I/V Sweep,id_vds
RecordTime,04/14/2025 12:29:30
Device ID,
Count,1
Flag,
Remarks,
vd,vg,id,ig,is,iavdd,ignd
0,0,-5.8811E-09,-1.0343000000000001E-10,3.959E-11,3.4475999999999997E-07,-3.3946E-07
0.005,0,-3.8945E-09,-1.1453E-10,-6.8784000000000008E-10,3.4372E-07,-3.3904E-07
0.01,0,-3.0701E-09,-1.2615E-10,-1.2726E-09,3.4304E-07,-3.3866E-07
0.015000000000000001,0,-2.2575E-09,-1.3663000000000002E-10,-1.7732E-09,3.4256E-07,-3.3848E-07
0.02,0,-1.6324E-09,-1.4682000000000002E-10,-2.1778E-09,3.4216E-07,-3.3824E-07
0.025,0,-1.0489E-09,-1.5548000000000002E-10,-2.5301E-09,3.4184E-07,-3.3804E-07
0.030000000000000002,0,-5.5135000000000007E-10,-1.6403E-10,-2.8233E-09,3.413E-07,-3.3786E-07
0.035,0,-1.1270000000000001E-10,-1.7612E-10,-3.0712E-09,3.4138E-07,-3.3796E-07
0.04,0,3.0178E-10,-1.8382000000000002E-10,-3.2781E-09,3.4072E-07,-3.3746E-07
0.045000000000000005,0,6.4271E-10,-1.9305000000000002E-10,-3.4666E-09,3.4044E-07,-3.3742E-07
0.05,0,9.6076E-10,-2.0594000000000002E-10,-3.6189E-09,3.4016E-07,-3.3734E-07
0.055,0,1.2617E-09,-2.1583000000000002E-10,-3.7398E-09,3.3978E-07,-3.3704E-07
0.060000000000000005,0,1.5532E-09,-2.2559000000000002E-10,-3.8571E-09,3.395E-07,-3.3704E-07
0.065,0,1.8072E-09,-2.3481000000000004E-10,-3.9585E-09,3.3924E-07,-3.3692E-07
0.07,0,2.0269E-09,-2.4790000000000004E-10,-4.046E-09,3.3904E-07,-3.3688E-07
0.075,0,2.2556E-09,-2.4322E-10,-4.1341E-09,3.389E-07,-3.367E-07
0.08,0,2.4298E-09,-2.6182000000000003E-10,-4.1884E-09,3.3877999999999997E-07,-3.3674E-07
0.085,0,2.6249E-09,-2.8562000000000004E-10,-4.2622E-09,3.3849999999999997E-07,-3.3664E-07
0.090000000000000011,0,2.8234E-09,-2.9955E-10,-4.3138E-09,3.3824E-07,-3.3646E-07
0.095,0,3.0708E-09,-3.117E-10,-4.3668E-09,3.3814E-07,-3.3644E-07
0.1,0,3.2494E-09,-3.1808E-10,-4.4141E-09,3.3784E-07,-3.3636E-07
0.10500000000000001,0,3.3566E-09,-3.3565E-10,-4.4626E-09,3.3779999999999997E-07,-3.3634E-07
0.11,0,3.5547E-09,-3.4880000000000003E-10,-4.4966E-09,3.3762E-07,-3.3632E-07
0.115,0,3.7385E-09,-3.5293000000000004E-10,-4.5313E-09,3.374E-07,-3.3618E-07
0.12000000000000001,0,3.9024E-09,-3.7294E-10,-4.5711E-09,3.3732E-07,-3.3625999999999997E-07
0.125,0,4.032E-09,-3.9055E-10,-4.6058E-09,3.3714E-07,-3.3622E-07
0.13,0,4.189E-09,-4.0275000000000003E-10,-4.626E-09,3.3704E-07,-3.3622E-07
0.135,0,4.3447E-09,-4.2008E-10,-4.6624E-09,3.3684E-07,-3.361E-07
0.14,0,4.486E-09,-4.3637E-10,-4.6971E-09,3.3676E-07,-3.361E-07
0.14500000000000002,0,4.6266E-09,-4.5454E-10,-4.7197E-09,3.367E-07,-3.3608E-07
0.15,0,4.7797E-09,-4.7047E-10,-4.745E-09,3.365E-07,-3.3606E-07
0.155,0,4.9226E-09,-4.8451E-10,-4.7738E-09,3.3636E-07,-3.3604E-07
0.16,0,5.0385E-09,-5.0455000000000008E-10,-4.7997E-09,3.3634E-07,-3.3602E-07
0.165,0,5.1881E-09,-5.2586000000000008E-10,-4.8171E-09,3.3608E-07,-3.3597999999999997E-07
0.17,0,5.3305E-09,-5.4068E-10,-4.8425E-09,3.36E-07,-3.359E-07
0.17500000000000002,0,5.4643E-09,-5.6038000000000009E-10,-4.8711E-09,3.3583999999999997E-07,-3.3604E-07
0.18000000000000002,0,5.5966E-09,-5.8346000000000007E-10,-4.8922E-09,3.3583999999999997E-07,-3.3597999999999997E-07
0.185,0,5.7347E-09,-6.0586E-10,-4.9068E-09,3.3569999999999997E-07,-3.3602E-07
0.19,0,5.86E-09,-6.234E-10,-4.9262E-09,3.3566E-07,-3.3588E-07
0.195,0,5.9832E-09,-6.4548E-10,-4.9532E-09,3.3552E-07,-3.359E-07
0.2,0,6.1038E-09,-6.6935000000000007E-10,-4.9668E-09,3.3544E-07,-3.3594E-07
0.20500000000000002,0,6.2472E-09,-6.9115E-10,-4.983E-09,3.3546E-07,-3.3594E-07
0.21000000000000002,0,6.3645E-09,-7.1527000000000005E-10,-5.0051E-09,3.353E-07,-3.3592E-07
0.215,0,6.5004E-09,-7.3803000000000009E-10,-5.0275E-09,3.3513999999999997E-07,-3.3592E-07
0.22,0,6.6313E-09,-7.6521000000000009E-10,-5.0364E-09,3.3506E-07,-3.3582E-07
0.225,0,6.7629E-09,-7.8895000000000005E-10,-5.0522E-09,3.3498E-07,-3.3588E-07
0.23,0,6.8897E-09,-8.1488000000000009E-10,-5.0731E-09,3.3494E-07,-3.3586E-07
0.23500000000000001,0,6.9881E-09,-8.4381000000000011E-10,-5.0865E-09,3.3494E-07,-3.3594E-07
0.24000000000000002,0,7.1418E-09,-8.7007000000000008E-10,-5.0954E-09,3.3484E-07,-3.3604E-07
0.24500000000000002,0,7.2601E-09,-8.9574000000000005E-10,-5.1128E-09,3.3471999999999997E-07,-3.3597999999999997E-07
0.25,0,7.3766E-09,-9.2767000000000006E-10,-5.1346E-09,3.3464E-07,-3.3594E-07
0.255,0,7.4999E-09,-9.5791E-10,-5.1431E-09,3.3457999999999997E-07,-3.3597999999999997E-07
0.26,0,7.6385E-09,-9.8492000000000015E-10,-5.1554E-09,3.3456E-07,-3.3602E-07
0.265,0,7.7563E-09,-1.01403E-09,-5.1687E-09,3.3443999999999997E-07,-3.3594E-07
0.27,0,7.8551E-09,-1.0494000000000001E-09,-5.1824E-09,3.344E-07,-3.3608E-07
0.275,0,7.9949E-09,-1.0812700000000001E-09,-5.1869E-09,3.3429999999999997E-07,-3.3602E-07
0.28,0,8.1321E-09,-1.1111E-09,-5.199E-09,3.342E-07,-3.36E-07
0.28500000000000003,0,8.2498E-09,-1.14473E-09,-5.2113E-09,3.3415999999999997E-07,-3.36E-07
0.29000000000000004,0,8.3097E-09,-1.1742E-09,-5.1891E-09,3.34E-07,-3.3586E-07
0.29500000000000004,0,8.3672E-09,-1.2095E-09,-5.1981E-09,3.34E-07,-3.3592E-07
0.3,0,8.4896E-09,-1.2444E-09,-5.2081E-09,3.339E-07,-3.3594E-07
0.305,0,8.6435E-09,-1.2811E-09,-5.2202E-09,3.338E-07,-3.3594E-07
0.31,0,8.768E-09,-1.321E-09,-5.2332E-09,3.3378E-07,-3.3606E-07
0.315,0,8.9054E-09,-1.3573E-09,-5.237E-09,3.3372E-07,-3.3597999999999997E-07
0.32,0,9.0345E-09,-1.395E-09,-5.25E-09,3.3373999999999997E-07,-3.361E-07
0.325,0,9.1574E-09,-1.436E-09,-5.256E-09,3.3362E-07,-3.3602E-07
0.33,0,9.2668E-09,-1.4785E-09,-5.2648E-09,3.3356E-07,-3.3608E-07
0.335,0,9.4359E-09,-1.5173E-09,-5.2654E-09,3.3348E-07,-3.3611999999999997E-07
0.34,0,9.5097E-09,-1.5585E-09,-5.2791E-09,3.3344E-07,-3.3608E-07
0.34500000000000003,0,9.6671E-09,-1.6046E-09,-5.288E-09,3.334E-07,-3.362E-07
0.35000000000000003,0,9.7943E-09,-1.6502E-09,-5.2837E-09,3.3331999999999997E-07,-3.3611999999999997E-07
0.35500000000000004,0,9.943E-09,-1.6912E-09,-5.2908999999999996E-09,3.3331999999999997E-07,-3.3616E-07
0.36000000000000004,0,1.00807E-08,-1.7361E-09,-5.3025E-09,3.335E-07,-3.3656E-07
0.365,0,1.01825E-08,-1.7868E-09,-5.3108E-09,3.3316E-07,-3.362E-07
0.37,0,1.03247E-08,-1.8349E-09,-5.3154E-09,3.3306E-07,-3.3628E-07
0.375,0,1.04687E-08,-1.8794E-09,-5.3172E-09,3.331E-07,-3.363E-07
0.38,0,1.0623E-08,-1.9293E-09,-5.3308E-09,3.3314E-07,-3.3636E-07
0.385,0,1.07135E-08,-1.9815E-09,-5.3339E-09,3.3308E-07,-3.3642E-07
0.39,0,1.08848E-08,-2.0325E-09,-5.3362E-09,3.3308E-07,-3.3638E-07
0.395,0,1.10361E-08,-2.0806E-09,-5.3437E-09,3.3289999999999997E-07,-3.3644E-07
0.4,0,1.11596E-08,-2.134E-09,-5.356E-09,3.3288E-07,-3.3656E-07
0.405,0,1.13008E-08,-2.191E-09,-5.358E-09,3.328E-07,-3.3656E-07
0.41000000000000003,0,1.14558E-08,-2.2462E-09,-5.3602E-09,3.3303999999999997E-07,-3.3656E-07
0.41500000000000004,0,1.1647799999999999E-08,-2.3034E-09,-5.3731E-09,3.328E-07,-3.3666E-07
0.42000000000000004,0,1.1854599999999999E-08,-2.3625E-09,-5.3819E-09,3.3278E-07,-3.3667999999999997E-07
0.42500000000000004,0,1.20442E-08,-2.4223E-09,-5.3921E-09,3.3266E-07,-3.3684E-07
0.43,0,1.2210599999999999E-08,-2.4817E-09,-5.4068E-09,3.3261999999999997E-07,-3.3684E-07
0.435,0,1.24218E-08,-2.5419E-09,-5.4199E-09,3.3264E-07,-3.3695999999999997E-07
0.44,0,1.2587199999999998E-08,-2.6057E-09,-5.4299E-09,3.325E-07,-3.3706E-07
0.445,0,1.2771999999999999E-08,-2.6689E-09,-5.4413E-09,3.325E-07,-3.3709999999999997E-07
0.45,0,1.29442E-08,-2.7336E-09,-5.4534E-09,3.325E-07,-3.3718E-07
0.455,0,1.3149199999999998E-08,-2.8001E-09,-5.4683E-09,3.3242E-07,-3.3728E-07
0.46,0,1.33278E-08,-2.8674E-09,-5.478E-09,3.3236E-07,-3.3728E-07
0.465,0,1.35024E-08,-2.9344E-09,-5.4867E-09,3.3236E-07,-3.3732E-07
0.47000000000000003,0,1.3694999999999998E-08,-3.0049E-09,-5.4975E-09,3.324E-07,-3.3748E-07
0.47500000000000003,0,1.3890999999999999E-08,-3.0758E-09,-5.5041E-09,3.3256E-07,-3.3788E-07
0.48000000000000004,0,1.4099199999999999E-08,-3.1468E-09,-5.5167E-09,3.3216E-07,-3.3764E-07
0.48500000000000004,0,1.4304799999999999E-08,-3.2181E-09,-5.527E-09,3.3219999999999997E-07,-3.3768E-07
0.49000000000000005,0,1.4474399999999998E-08,-3.2919E-09,-5.5385E-09,3.3222E-07,-3.3772E-07
0.49500000000000005,0,1.46594E-08,-3.3648E-09,-5.5488E-09,3.3222E-07,-3.3784E-07
0.5,0,1.48378E-08,-3.4377E-09,-5.5578E-09,3.3218E-07,-3.38E-07
0.505,0,1.50812E-08,-3.5124E-09,-5.5745E-09,3.324E-07,-3.384E-07
0.51,0,1.52846E-08,-3.5887E-09,-5.5843E-09,3.321E-07,-3.3812E-07
0.515,0,1.5509E-08,-3.6672E-09,-5.5939E-09,3.3114E-07,-3.373E-07
0.52,0,1.5698999999999997E-08,-3.7462E-09,-5.6078E-09,3.3112E-07,-3.3737999999999997E-07
0.525,0,1.5904599999999997E-08,-3.8275E-09,-5.6173E-09,3.311E-07,-3.3748E-07
0.53,0,1.6116999999999998E-08,-3.9101E-09,-5.6313E-09,3.31E-07,-3.3748E-07
0.535,0,1.63296E-08,-3.9918E-09,-5.6407E-09,3.3102E-07,-3.3765999999999997E-07
0.54,0,1.65456E-08,-4.0763E-09,-5.6496E-09,3.31E-07,-3.3765999999999997E-07
0.545,0,1.67442E-08,-4.1633E-09,-5.6615E-09,3.3093999999999997E-07,-3.3778E-07
0.55,0,1.6979999999999997E-08,-4.2502E-09,-5.6715E-09,3.3092E-07,-3.3784E-07
0.555,0,1.7211799999999998E-08,-4.3352E-09,-5.6793E-09,3.3098E-07,-3.38E-07
0.56,0,1.74234E-08,-4.4241E-09,-5.6956E-09,3.3092E-07,-3.3814E-07
0.56500000000000006,0,1.7655599999999998E-08,-4.5106E-09,-5.6985E-09,3.3082E-07,-3.3826E-07
0.57000000000000006,0,1.7922799999999997E-08,-4.6016E-09,-5.718E-09,3.3086E-07,-3.3835999999999997E-07
0.57500000000000007,0,1.81386E-08,-4.6905E-09,-5.7309E-09,3.3084E-07,-3.3838E-07
0.58000000000000007,0,1.83584E-08,-4.7864E-09,-5.7445E-09,3.3076E-07,-3.3848E-07
0.58500000000000008,0,1.85614E-08,-4.8768E-09,-5.7587E-09,3.307E-07,-3.3858E-07
0.59000000000000008,0,1.87744E-08,-4.9751E-09,-5.771E-09,3.3065999999999997E-07,-3.3868E-07
0.595,0,1.9042E-08,-5.0717E-09,-5.785E-09,3.307E-07,-3.3884E-07
0.6,0,1.92736E-08,-5.1728E-09,-5.7899E-09,3.3048E-07,-3.3838E-07
0.605,0,1.9505399999999997E-08,-5.269E-09,-5.8099999999999996E-09,3.2981999999999997E-07,-3.382E-07
0.61,0,1.98082E-08,-5.3723E-09,-5.8202E-09,3.3064E-07,-3.3912E-07
0.615,0,2.00242E-08,-5.4715E-09,-5.8258E-09,3.3058E-07,-3.393E-07
0.62,0,2.0300199999999997E-08,-5.574E-09,-5.8357E-09,3.3051999999999997E-07,-3.3932E-07
0.625,0,2.05328E-08,-5.6782E-09,-5.8485E-09,3.304E-07,-3.3946E-07
0.63,0,2.08404E-08,-5.7796E-09,-5.8601E-09,3.2988E-07,-3.3956E-07
0.635,0,2.1078399999999997E-08,-5.8885E-09,-5.8749E-09,3.3046E-07,-3.3972E-07
0.64,0,2.1309399999999998E-08,-5.9928E-09,-5.89E-09,3.3042E-07,-3.399E-07
0.645,0,2.1554999999999997E-08,-6.1037E-09,-5.9036E-09,3.3037999999999997E-07,-3.3996E-07
0.65,0,2.1861199999999997E-08,-6.2129E-09,-5.9139E-09,3.304E-07,-3.4002E-07
0.655,0,2.2077399999999998E-08,-6.3246E-09,-5.9269E-09,3.3042E-07,-3.402E-07
0.66,0,2.2384999999999998E-08,-6.4392E-09,-5.9402E-09,3.3034E-07,-3.4032E-07
0.665,0,2.26606E-08,-6.5564E-09,-5.9529E-09,3.303E-07,-3.4048E-07
0.67,0,2.29958E-08,-6.6691E-09,-5.9681E-09,3.3034E-07,-3.4064E-07
0.675,0,2.3225799999999998E-08,-6.7887E-09,-5.9716E-09,3.3023999999999997E-07,-3.4074E-07
0.68,0,2.34994E-08,-6.9063E-09,-5.9838E-09,3.3026E-07,-3.4074E-07
0.685,0,2.38338E-08,-7.0276E-09,-5.9977E-09,3.3026E-07,-3.411E-07
0.69000000000000006,0,2.41704E-08,-7.1467E-09,-6.0059E-09,3.3022E-07,-3.4098E-07
0.69500000000000006,0,2.4411199999999997E-08,-7.27E-09,-6.0192E-09,3.3012E-07,-3.4122E-07
0.70000000000000007,0,2.46648E-08,-7.3911E-09,-6.0366E-09,3.3018E-07,-3.4134E-07
0.70500000000000007,0,2.5024199999999997E-08,-7.5176E-09,-6.0557E-09,3.3018E-07,-3.4148E-07
0.71000000000000008,0,2.53292E-08,-7.6431E-09,-6.0615E-09,3.3022E-07,-3.4178E-07
0.71500000000000008,0,2.5674E-08,-7.766E-09,-6.0752E-09,3.3009999999999997E-07,-3.4184E-07
0.72000000000000008,0,2.5917399999999998E-08,-7.8972E-09,-6.0863E-09,3.3006E-07,-3.4204E-07
0.72500000000000009,0,2.6281E-08,-8.0275E-09,-6.1027E-09,3.3002E-07,-3.4204E-07
0.73,0,2.6576199999999997E-08,-8.1619E-09,-6.1143E-09,3.2994E-07,-3.4223999999999997E-07
0.735,0,2.6908E-08,-8.2993E-09,-6.1289E-09,3.3E-07,-3.424E-07
0.74,0,2.72172E-08,-8.4315E-09,-6.1418E-09,3.2994E-07,-3.4202E-07
0.745,0,2.7532599999999997E-08,-8.5676E-09,-6.155E-09,3.2988E-07,-3.4274E-07
0.75,0,2.7856399999999997E-08,-8.7119E-09,-6.167E-09,3.299E-07,-3.4292E-07
0.755,0,2.8211799999999997E-08,-8.8467E-09,-6.1776E-09,3.3006E-07,-3.4302E-07
0.76,0,2.85212E-08,-8.9854E-09,-6.1926E-09,3.2914E-07,-3.4306E-07
0.765,0,2.8932199999999998E-08,-9.1277E-09,-6.2072E-09,3.2988E-07,-3.4346E-07
0.77,0,2.9233799999999998E-08,-9.2727E-09,-6.2211E-09,3.299E-07,-3.4268E-07
0.775,0,2.9626199999999998E-08,-9.4158E-09,-6.2333E-09,3.2976E-07,-3.4362E-07
0.78,0,2.99708E-08,-9.5645E-09,-6.2473E-09,3.2916E-07,-3.4372E-07
0.785,0,3.02722E-08,-9.7083E-09,-6.2625E-09,3.2974E-07,-3.4394E-07
0.79,0,3.0649399999999994E-08,-9.859E-09,-6.2799E-09,3.297E-07,-3.4419999999999997E-07
0.795,0,3.1050799999999994E-08,-1.00152E-08,-6.2917E-09,3.2958E-07,-3.4438E-07
0.8,0,3.1414399999999994E-08,-1.01665E-08,-6.3051E-09,3.2967999999999997E-07,-3.4452E-07
0.805,0,3.18258E-08,-1.03206E-08,-6.316E-09,3.2967999999999997E-07,-3.4486E-07
0.81,0,3.21906E-08,-1.04757E-08,-6.3307E-09,3.2953999999999997E-07,-3.4522E-07
0.81500000000000006,0,3.26056E-08,-1.06344E-08,-6.3424E-09,3.2958E-07,-3.453E-07
0.82000000000000006,0,3.3000199999999995E-08,-1.07926E-08,-6.3557E-09,3.2966E-07,-3.4534E-07
0.82500000000000007,0,3.34096E-08,-1.0956E-08,-6.3711E-09,3.2967999999999997E-07,-3.4572E-07
0.83000000000000007,0,3.3770799999999994E-08,-1.11152E-08,-6.3819E-09,3.2966E-07,-3.4572E-07
0.83500000000000008,0,3.4180999999999994E-08,-1.1281E-08,-6.3962E-09,3.296E-07,-3.4604E-07
0.84000000000000008,0,3.4573599999999994E-08,-1.14398E-08,-6.4149E-09,3.2956E-07,-3.4626E-07
0.84500000000000008,0,3.4954799999999993E-08,-1.1597999999999999E-08,-6.4255E-09,3.2956E-07,-3.4626E-07
0.85000000000000009,0,3.5355399999999996E-08,-1.1766E-08,-6.4362E-09,3.288E-07,-3.4648E-07
0.85500000000000009,0,3.5725E-08,-1.1935599999999998E-08,-6.4483E-09,3.2956E-07,-3.4676E-07
0.86,0,3.6147799999999996E-08,-1.2104399999999999E-08,-6.4644E-09,3.295E-07,-3.4708E-07
0.865,0,3.65458E-08,-1.22814E-08,-6.4707E-09,3.2948E-07,-3.4712E-07
0.87,0,3.7051799999999996E-08,-1.2456199999999998E-08,-6.491E-09,3.2948E-07,-3.475E-07
0.875,0,3.74142E-08,-1.2624E-08,-6.503E-09,3.2938E-07,-3.4696E-07
0.88,0,3.7857799999999996E-08,-1.2802599999999999E-08,-6.5181E-09,3.2936E-07,-3.4797999999999997E-07
0.885,0,3.8331999999999995E-08,-1.2984399999999999E-08,-6.5274E-09,3.293E-07,-3.4802E-07
0.89,0,3.8761799999999996E-08,-1.3161599999999999E-08,-6.5423E-09,3.2936E-07,-3.4839999999999997E-07
0.895,0,3.9220199999999994E-08,-1.3343599999999999E-08,-6.5555E-09,3.2872E-07,-3.4858E-07
0.9,0,3.9681199999999994E-08,-1.3527599999999999E-08,-6.571E-09,3.293E-07,-3.488E-07
0,0.15,-2.7127999999999996E-08,9.4144E-10,1.53538E-08,3.3454E-07,-3.253E-07
0.005,0.15,7.47472E-08,9.0705000000000009E-10,-8.49548E-08,3.344E-07,-3.2542E-07
0.01,0.15,1.5762E-07,8.6574000000000005E-10,-1.6688E-07,3.3418E-07,-3.258E-07
0.015000000000000001,0.15,2.27E-07,8.4131000000000007E-10,-2.3552E-07,3.341E-07,-3.2603999999999997E-07
0.02,0.15,2.8348E-07,8.1882000000000007E-10,-2.9234E-07,3.3414E-07,-3.2626E-07
0.025,0.15,3.3134E-07,8.0017E-10,-3.3958E-07,3.3406E-07,-3.2644E-07
0.030000000000000002,0.15,3.7038E-07,7.8091E-10,-3.7894E-07,3.3387999999999997E-07,-3.2666E-07
0.035,0.15,4.0352E-07,7.6006000000000006E-10,-4.11E-07,3.3376E-07,-3.2682E-07
0.04,0.15,4.3092E-07,7.4211E-10,-4.383E-07,3.3376E-07,-3.2701999999999997E-07
0.045000000000000005,0.15,4.5434E-07,7.286E-10,-4.6123999999999997E-07,3.3368E-07,-3.2714E-07
0.05,0.15,4.7308E-07,7.1006E-10,-4.7992E-07,3.3364E-07,-3.2734E-07
0.055,0.15,4.8878E-07,6.9360000000000007E-10,-4.9576E-07,3.3366E-07,-3.2746E-07
0.060000000000000005,0.15,5.0196E-07,6.8007E-10,-5.087E-07,3.335E-07,-3.276E-07
0.065,0.15,5.1331999999999994E-07,6.6782000000000008E-10,-5.1956E-07,3.3348E-07,-3.278E-07
0.07,0.15,5.223E-07,6.5026000000000009E-10,-5.286E-07,3.3334E-07,-3.2788E-07
0.075,0.15,5.308E-07,6.3678E-10,-5.3706E-07,3.3331999999999997E-07,-3.2806E-07
0.08,0.15,5.3782E-07,6.2638000000000006E-10,-5.4372E-07,3.333E-07,-3.2818E-07
0.085,0.15,5.4334E-07,6.1307E-10,-5.484E-07,3.3326E-07,-3.2834E-07
0.090000000000000011,0.15,5.4888E-07,5.9964E-10,-5.5352E-07,3.325E-07,-3.2844E-07
0.095,0.15,5.53E-07,5.8782E-10,-5.5778E-07,3.3314E-07,-3.2848E-07
0.1,0.15,5.567E-07,5.7827E-10,-5.6174E-07,3.3312E-07,-3.2872E-07
0.10500000000000001,0.15,5.597E-07,5.6479000000000007E-10,-5.6498E-07,3.3298E-07,-3.2883999999999997E-07
0.11,0.15,5.6306E-07,5.5238E-10,-5.6798E-07,3.3298E-07,-3.2894E-07
0.115,0.15,5.6579999999999994E-07,5.4360000000000007E-10,-5.7008E-07,3.3288E-07,-3.2908E-07
0.12000000000000001,0.15,5.6826E-07,5.3277E-10,-5.7234E-07,3.3286E-07,-3.2922E-07
0.125,0.15,5.7034E-07,5.1805000000000009E-10,-5.7442E-07,3.3282E-07,-3.293E-07
0.13,0.15,5.7234E-07,5.0861000000000007E-10,-5.7526E-07,3.3284E-07,-3.2948E-07
0.135,0.15,5.7338E-07,5.0046E-10,-5.7744E-07,3.3272E-07,-3.293E-07
0.14,0.15,5.7508E-07,4.8846000000000009E-10,-5.7892E-07,3.3266E-07,-3.2962E-07
0.14500000000000002,0.15,5.7674E-07,4.7629E-10,-5.7988E-07,3.3256E-07,-3.296E-07
0.15,0.15,5.782E-07,4.6686000000000008E-10,-5.8104E-07,3.326E-07,-3.2988E-07
0.155,0.15,5.7961999999999995E-07,4.5819000000000005E-10,-5.8246E-07,3.3247999999999997E-07,-3.3002E-07
0.16,0.15,5.809E-07,4.4614E-10,-5.8356E-07,3.3254E-07,-3.3012E-07
0.165,0.15,5.821E-07,4.3418000000000005E-10,-5.848E-07,3.324E-07,-3.302E-07
0.17,0.15,5.8322E-07,4.2545E-10,-5.853E-07,3.324E-07,-3.3016E-07
0.17500000000000002,0.15,5.8427999999999994E-07,4.1512E-10,-5.871E-07,3.3196E-07,-3.3037999999999997E-07
0.18000000000000002,0.15,5.8556E-07,4.0189000000000005E-10,-5.8745999999999994E-07,3.323E-07,-3.3042E-07
0.185,0.15,5.8638E-07,3.9150000000000004E-10,-5.8866E-07,3.3166E-07,-3.3014E-07
0.19,0.15,5.8756E-07,3.8284000000000004E-10,-5.893E-07,3.3222E-07,-3.306E-07
0.195,0.15,5.8868E-07,3.7024E-10,-5.9064E-07,3.3222E-07,-3.3078E-07
0.2,0.15,5.895E-07,3.5592000000000005E-10,-5.9098E-07,3.3214E-07,-3.3086E-07
0.20500000000000002,0.15,5.9028E-07,3.4489000000000004E-10,-5.9147999999999995E-07,3.3214E-07,-3.309E-07
0.21000000000000002,0.15,5.9142E-07,3.3506000000000003E-10,-5.9284E-07,3.3212E-07,-3.3106E-07
0.215,0.15,5.9238E-07,3.2305000000000004E-10,-5.9354E-07,3.3205999999999997E-07,-3.311E-07
0.22,0.15,5.9322E-07,3.063E-10,-5.9445999999999994E-07,3.32E-07,-3.3121999999999997E-07
0.225,0.15,5.945E-07,2.9585E-10,-5.9511999999999995E-07,3.3198E-07,-3.3128E-07
0.23,0.15,5.9557999999999994E-07,2.8462000000000005E-10,-5.9592E-07,3.3196E-07,-3.3138E-07
0.23500000000000001,0.15,5.959E-07,2.7007000000000003E-10,-5.9702E-07,3.3186E-07,-3.3146E-07
0.24000000000000002,0.15,5.9716E-07,2.5418E-10,-5.975E-07,3.3184E-07,-3.3146E-07
0.24500000000000002,0.15,5.9808E-07,2.4278E-10,-5.9809999999999994E-07,3.3182E-07,-3.3168E-07
0.25,0.15,5.9898E-07,2.2871000000000003E-10,-5.9882E-07,3.317E-07,-3.317E-07
0.255,0.15,5.9946E-07,2.1172000000000002E-10,-5.9974E-07,3.317E-07,-3.3176E-07
0.26,0.15,6.001E-07,1.9577E-10,-6.005E-07,3.3174E-07,-3.3177999999999997E-07
0.265,0.15,6.0108E-07,1.8148E-10,-6.0096E-07,3.3172E-07,-3.3196E-07
0.27,0.15,6.0183999999999994E-07,1.6681000000000002E-10,-6.0198E-07,3.3162E-07,-3.32E-07
0.275,0.15,6.0242E-07,1.4762E-10,-6.0226E-07,3.3149999999999997E-07,-3.3205999999999997E-07
0.28,0.15,6.0418E-07,1.2924E-10,-6.029E-07,3.3158E-07,-3.3212E-07
0.28500000000000003,0.15,6.0476E-07,1.1494E-10,-6.034E-07,3.3156E-07,-3.3226E-07
0.29000000000000004,0.15,6.0586E-07,9.661E-11,-6.0504E-07,3.3138E-07,-3.3228E-07
0.29500000000000004,0.15,6.0634E-07,7.562E-11,-6.0542E-07,3.3146E-07,-3.3236E-07
0.3,0.15,6.0738E-07,5.6980000000000006E-11,-6.06E-07,3.3135999999999997E-07,-3.3244E-07
0.305,0.15,6.0781999999999995E-07,4.002E-11,-6.0656E-07,3.3132E-07,-3.324E-07
0.31,0.15,6.0888E-07,1.8580000000000002E-11,-6.0702E-07,3.3135999999999997E-07,-3.327E-07
0.315,0.15,6.0938E-07,-4.9100000000000007E-12,-6.0865999999999995E-07,3.3124E-07,-3.3274E-07
0.32,0.15,6.1038E-07,-2.203E-11,-6.0888E-07,3.313E-07,-3.3275999999999997E-07
0.325,0.15,6.113E-07,-4.3500000000000005E-11,-6.1E-07,3.3126E-07,-3.3288E-07
0.33,0.15,6.1173999999999994E-07,-6.763E-11,-6.1042E-07,3.312E-07,-3.3294E-07
0.335,0.15,6.1254E-07,-9.1930000000000012E-11,-6.1076E-07,3.3114E-07,-3.3298E-07
0.34,0.15,6.1326E-07,-1.1325000000000001E-10,-6.1135999999999994E-07,3.3114E-07,-3.3314E-07
0.34500000000000003,0.15,6.146E-07,-1.3526E-10,-6.1244E-07,3.311E-07,-3.3317999999999997E-07
0.35000000000000003,0.15,6.1524E-07,-1.6210000000000001E-10,-6.1316E-07,3.3104E-07,-3.3324E-07
0.35500000000000004,0.15,6.1662E-07,-1.8914E-10,-6.1369999999999994E-07,3.3104E-07,-3.3334E-07
0.36000000000000004,0.15,6.1736E-07,-2.1036E-10,-6.147E-07,3.3107999999999997E-07,-3.3336E-07
0.365,0.15,6.1756E-07,-2.3819000000000003E-10,-6.1534E-07,3.3096E-07,-3.3282E-07
0.37,0.15,6.191E-07,-2.6860000000000003E-10,-6.1526E-07,3.3084E-07,-3.3352E-07
0.375,0.15,6.1982E-07,-2.9423000000000003E-10,-6.1664E-07,3.3093999999999997E-07,-3.3359999999999997E-07
0.38,0.15,6.2022E-07,-3.1987E-10,-6.1716E-07,3.309E-07,-3.3378E-07
0.385,0.15,6.2118E-07,-3.4991000000000004E-10,-6.1704E-07,3.3084E-07,-3.3372E-07
0.39,0.15,6.2278E-07,-3.8126000000000004E-10,-6.1834E-07,3.3076E-07,-3.3378E-07
0.395,0.15,6.2303999999999995E-07,-4.0915000000000003E-10,-6.1928E-07,3.3074E-07,-3.3396E-07
0.4,0.15,6.2316E-07,-4.3982000000000004E-10,-6.2002E-07,3.3074E-07,-3.3401999999999997E-07
0.405,0.15,6.248E-07,-4.7312E-10,-6.2034E-07,3.3074E-07,-3.3404E-07
0.41000000000000003,0.15,6.2534E-07,-5.0684000000000008E-10,-6.214E-07,3.306E-07,-3.3414E-07
0.41500000000000004,0.15,6.2634E-07,-5.3642E-10,-6.2212E-07,3.3064E-07,-3.3424E-07
0.42000000000000004,0.15,6.2734E-07,-5.7059000000000009E-10,-6.223E-07,3.3064E-07,-3.3428E-07
0.42500000000000004,0.15,6.2797999999999994E-07,-6.0730000000000006E-10,-6.2331999999999995E-07,3.3056E-07,-3.3442E-07
0.43,0.15,6.2863999999999994E-07,-6.4188000000000006E-10,-6.239E-07,3.3076E-07,-3.345E-07
0.435,0.15,6.2888E-07,-6.7470000000000006E-10,-6.2422E-07,3.3058E-07,-3.3448E-07
0.44,0.15,6.3092E-07,-7.1394E-10,-6.2538E-07,3.3048E-07,-3.3468E-07
0.445,0.15,6.3094E-07,-7.5162E-10,-6.259E-07,3.3042E-07,-3.3474E-07
0.45,0.15,6.3208E-07,-7.8796E-10,-6.2672E-07,3.3051999999999997E-07,-3.3478E-07
0.455,0.15,6.3255999999999994E-07,-8.2658000000000006E-10,-6.2704E-07,3.3044E-07,-3.3492E-07
0.46,0.15,6.3392E-07,-8.6804E-10,-6.2764E-07,3.3034E-07,-3.3492E-07
0.465,0.15,6.3434E-07,-9.0772E-10,-6.2886E-07,3.3037999999999997E-07,-3.3512E-07
0.47000000000000003,0.15,6.353E-07,-9.4706E-10,-6.297E-07,3.3034E-07,-3.3516E-07
0.47500000000000003,0.15,6.356E-07,-9.9044000000000015E-10,-6.295E-07,3.3042E-07,-3.352E-07
0.48000000000000004,0.15,6.3674E-07,-1.03551E-09,-6.3068E-07,3.3034E-07,-3.3546E-07
0.48500000000000004,0.15,6.3728E-07,-1.0758000000000002E-09,-6.3077999999999993E-07,3.303E-07,-3.3538E-07
0.49000000000000005,0.15,6.382E-07,-1.11978E-09,-6.3192E-07,3.303E-07,-3.3548E-07
0.49500000000000005,0.15,6.3848E-07,-1.1621E-09,-6.3202E-07,3.3023999999999997E-07,-3.355E-07
0.5,0.15,6.3944E-07,-1.2101E-09,-6.3314E-07,3.3022E-07,-3.3566E-07
0.505,0.15,6.4058E-07,-1.2582E-09,-6.337E-07,3.3023999999999997E-07,-3.3564E-07
0.51,0.15,6.4138E-07,-1.3032E-09,-6.3438E-07,3.3016E-07,-3.3578E-07
0.515,0.15,6.4222E-07,-1.3532E-09,-6.3532E-07,3.2958E-07,-3.3592E-07
0.52,0.15,6.4282E-07,-1.4059E-09,-6.3576E-07,3.3012E-07,-3.3604E-07
0.525,0.15,6.4357999999999994E-07,-1.4558E-09,-6.3594E-07,3.3014E-07,-3.3616E-07
0.53,0.15,6.4418E-07,-1.5055E-09,-6.3718E-07,3.3004E-07,-3.3608E-07
0.535,0.15,6.4562E-07,-1.5571E-09,-6.3758E-07,3.3002E-07,-3.3622E-07
0.54,0.15,6.463E-07,-1.6125E-09,-6.3776E-07,3.2928E-07,-3.3569999999999997E-07
0.545,0.15,6.4688E-07,-1.6686E-09,-6.3846E-07,3.2998E-07,-3.3648E-07
0.55,0.15,6.4766E-07,-1.7196E-09,-6.3899999999999994E-07,3.3002E-07,-3.3648E-07
0.555,0.15,6.4884E-07,-1.775E-09,-6.3982E-07,3.2994E-07,-3.3674E-07
0.56,0.15,6.4914E-07,-1.8347E-09,-6.4072E-07,3.299E-07,-3.368E-07
0.56500000000000006,0.15,6.4996E-07,-1.8929E-09,-6.4112E-07,3.2995999999999997E-07,-3.3698E-07
0.57000000000000006,0.15,6.5074E-07,-1.9511E-09,-6.4192E-07,3.299E-07,-3.37E-07
0.57500000000000007,0.15,6.5176E-07,-2.009E-09,-6.4172E-07,3.298E-07,-3.3716E-07
0.58000000000000007,0.15,6.5266E-07,-2.0739E-09,-6.429E-07,3.2994E-07,-3.3708E-07
0.58500000000000008,0.15,6.53E-07,-2.1358E-09,-6.4398E-07,3.2986E-07,-3.3734E-07
0.59000000000000008,0.15,6.539E-07,-2.1968E-09,-6.4406E-07,3.298E-07,-3.3758E-07
0.595,0.15,6.5508E-07,-2.2587E-09,-6.4482E-07,3.2974E-07,-3.3748E-07
0.6,0.15,6.5498E-07,-2.3274E-09,-6.4518E-07,3.2972E-07,-3.377E-07
0.605,0.15,6.563E-07,-2.3929E-09,-6.4578E-07,3.2976E-07,-3.3782E-07
0.61,0.15,6.5692E-07,-2.4564E-09,-6.4644E-07,3.297E-07,-3.3784E-07
0.615,0.15,6.584E-07,-2.525E-09,-6.471E-07,3.2967999999999997E-07,-3.3796E-07
0.62,0.15,6.589E-07,-2.5968E-09,-6.4792E-07,3.297E-07,-3.3821999999999997E-07
0.625,0.15,6.6E-07,-2.6659E-09,-6.4788E-07,3.297E-07,-3.3821999999999997E-07
0.63,0.15,6.6034E-07,-2.7341E-09,-6.485E-07,3.296E-07,-3.3842E-07
0.635,0.15,6.6174E-07,-2.8073E-09,-6.501E-07,3.295E-07,-3.384E-07
0.64,0.15,6.6196E-07,-2.8823E-09,-6.5012E-07,3.2958E-07,-3.3862E-07
0.645,0.15,6.6282E-07,-2.9558E-09,-6.5074E-07,3.2952E-07,-3.3877999999999997E-07
0.65,0.15,6.6346E-07,-3.0286E-09,-6.508E-07,3.2948E-07,-3.3884E-07
0.655,0.15,6.6438E-07,-3.1058E-09,-6.511E-07,3.2953999999999997E-07,-3.39E-07
0.66,0.15,6.6518E-07,-3.184E-09,-6.5212E-07,3.2953999999999997E-07,-3.3912E-07
0.665,0.15,6.6574E-07,-3.2614E-09,-6.5328E-07,3.295E-07,-3.3932E-07
0.67,0.15,6.6652E-07,-3.3392E-09,-6.5312E-07,3.2939999999999997E-07,-3.3952E-07
0.675,0.15,6.676E-07,-3.424E-09,-6.5403999999999995E-07,3.2938E-07,-3.3962E-07
0.68,0.15,6.692E-07,-3.5035E-09,-6.55E-07,3.2942E-07,-3.3974E-07
0.685,0.15,6.6943999999999994E-07,-3.5848E-09,-6.5526E-07,3.2934E-07,-3.3978E-07
0.69000000000000006,0.15,6.7027999999999994E-07,-3.6681E-09,-6.558E-07,3.2942E-07,-3.3992E-07
0.69500000000000006,0.15,6.7114E-07,-3.7546E-09,-6.5666E-07,3.2934E-07,-3.4022E-07
0.70000000000000007,0.15,6.7214E-07,-3.8428E-09,-6.5686E-07,3.293E-07,-3.4022E-07
0.70500000000000007,0.15,6.7298E-07,-3.9285E-09,-6.5795999999999994E-07,3.2928E-07,-3.4044E-07
0.71000000000000008,0.15,6.7366E-07,-4.0151E-09,-6.5844E-07,3.293E-07,-3.4048E-07
0.71500000000000008,0.15,6.7503999999999994E-07,-4.1059E-09,-6.5844E-07,3.2924E-07,-3.4062E-07
0.72000000000000008,0.15,6.7518E-07,-4.1989E-09,-6.5952E-07,3.292E-07,-3.409E-07
0.72500000000000009,0.15,6.7622E-07,-4.2859E-09,-6.6034E-07,3.2924E-07,-3.411E-07
0.73,0.15,6.7706E-07,-4.382E-09,-6.6044E-07,3.291E-07,-3.4111999999999997E-07
0.735,0.15,6.7828E-07,-4.4761E-09,-6.6086E-07,3.2911999999999997E-07,-3.4136E-07
0.74,0.15,6.7912E-07,-4.5702E-09,-6.621E-07,3.2918E-07,-3.4153999999999997E-07
0.745,0.15,6.7972E-07,-4.6659E-09,-6.6228E-07,3.2911999999999997E-07,-3.4158E-07
0.75,0.15,6.8088E-07,-4.7627E-09,-6.6317999999999993E-07,3.2911999999999997E-07,-3.418E-07
0.755,0.15,6.8129999999999994E-07,-4.8639E-09,-6.6368E-07,3.2911999999999997E-07,-3.4206E-07
0.76,0.15,6.8282E-07,-4.9665E-09,-6.6436E-07,3.2908E-07,-3.4218E-07
0.765,0.15,6.8335999999999995E-07,-5.0633E-09,-6.6498E-07,3.2904E-07,-3.4232E-07
0.77,0.15,6.8447999999999995E-07,-5.1694E-09,-6.6546E-07,3.2897999999999997E-07,-3.424E-07
0.775,0.15,6.8536E-07,-5.2744E-09,-6.6606E-07,3.29E-07,-3.4244E-07
0.78,0.15,6.8658E-07,-5.3809E-09,-6.671E-07,3.29E-07,-3.4274E-07
0.785,0.15,6.867E-07,-5.4832E-09,-6.6746E-07,3.2897999999999997E-07,-3.4288E-07
0.79,0.15,6.8842E-07,-5.5901E-09,-6.6792E-07,3.29E-07,-3.433E-07
0.795,0.15,6.892E-07,-5.7048E-09,-6.6844E-07,3.2904E-07,-3.4332E-07
0.8,0.15,6.8974E-07,-5.8127E-09,-6.6986E-07,3.2896E-07,-3.4358E-07
0.805,0.15,6.9081999999999994E-07,-5.9221E-09,-6.699E-07,3.2896E-07,-3.4377999999999997E-07
0.81,0.15,6.9156E-07,-6.035E-09,-6.7034E-07,3.2883999999999997E-07,-3.4394E-07
0.81500000000000006,0.15,6.9276E-07,-6.1517E-09,-6.7083999999999994E-07,3.2844E-07,-3.4404E-07
0.82000000000000006,0.15,6.9352E-07,-6.2663E-09,-6.7184E-07,3.2882E-07,-3.4426E-07
0.82500000000000007,0.15,6.9504E-07,-6.3827E-09,-6.7254E-07,3.2882E-07,-3.4486E-07
0.83000000000000007,0.15,6.965E-07,-6.5005E-09,-6.7344E-07,3.2836E-07,-3.4426E-07
0.83500000000000008,0.15,6.9688E-07,-6.6226E-09,-6.7358E-07,3.2888E-07,-3.4456E-07
0.84000000000000008,0.15,6.9748E-07,-6.7427E-09,-6.7442E-07,3.2874E-07,-3.4452E-07
0.84500000000000008,0.15,6.9844E-07,-6.8631E-09,-6.7494E-07,3.288E-07,-3.454E-07
0.85000000000000009,0.15,6.9954E-07,-6.9872E-09,-6.7558E-07,3.2812E-07,-3.4506E-07
0.85500000000000009,0.15,6.9996E-07,-7.1156E-09,-6.768E-07,3.2878E-07,-3.4594E-07
0.86,0.15,7.0112E-07,-7.2394E-09,-6.7596E-07,3.2874E-07,-3.4601999999999997E-07
0.865,0.15,7.0144E-07,-7.3668E-09,-6.7709999999999994E-07,3.2868E-07,-3.4624E-07
0.87,0.15,7.0326E-07,-7.4967E-09,-6.7746E-07,3.2866E-07,-3.4646E-07
0.875,0.15,7.048E-07,-7.6272E-09,-6.7824E-07,3.2862E-07,-3.4682E-07
0.88,0.15,7.0482E-07,-7.7572E-09,-6.786E-07,3.2868E-07,-3.4712E-07
0.885,0.15,7.0669999999999994E-07,-7.8908E-09,-6.7954E-07,3.2864E-07,-3.4736E-07
0.89,0.15,7.0743999999999993E-07,-8.0293E-09,-6.8062E-07,3.2862E-07,-3.475E-07
0.895,0.15,7.084E-07,-8.1649E-09,-6.807E-07,3.2862E-07,-3.478E-07
0.9,0.15,7.092E-07,-8.3001E-09,-6.8178E-07,3.2855999999999997E-07,-3.48E-07
0,0.3,-1.6427000000000002E-06,2.2993E-09,1.6010000000000002E-06,3.338E-07,-3.2434E-07
0.005,0.3,1.0610000000000002E-05,2.2103E-09,-1.0582200000000002E-05,3.3376E-07,-3.247E-07
0.01,0.3,2.0862E-05,2.1051E-09,-2.0836000000000002E-05,3.335E-07,-3.2538E-07
0.015000000000000001,0.3,2.9624E-05,2.0433E-09,-2.9656000000000002E-05,3.3342E-07,-3.2556E-07
0.02,0.3,3.6972000000000004E-05,1.9903E-09,-3.6982E-05,3.3338E-07,-3.257E-07
0.025,0.3,4.3272E-05,1.9439E-09,-4.3284E-05,3.3326E-07,-3.2588E-07
0.030000000000000002,0.3,4.8508000000000004E-05,1.8974E-09,-4.8504E-05,3.3322E-07,-3.2614E-07
0.035,0.3,5.301E-05,1.8537E-09,-5.3018E-05,3.3317999999999997E-07,-3.2624E-07
0.04,0.3,5.6782E-05,1.8174E-09,-5.678E-05,3.3303999999999997E-07,-3.2576E-07
0.045000000000000005,0.3,5.9992000000000004E-05,1.7762E-09,-6E-05,3.3306E-07,-3.2654E-07
0.05,0.3,6.2668E-05,1.741E-09,-6.2654E-05,3.3303999999999997E-07,-3.2678E-07
0.055,0.3,6.497E-05,1.7087E-09,-6.5004E-05,3.3286E-07,-3.2684E-07
0.060000000000000005,0.3,6.6862E-05,1.6738E-09,-6.6866E-05,3.3278E-07,-3.27E-07
0.065,0.3,6.8456E-05,1.6442E-09,-6.8438E-05,3.327E-07,-3.2728E-07
0.07,0.3,6.983E-05,1.6174E-09,-6.9872E-05,3.3274E-07,-3.2729999999999997E-07
0.075,0.3,7.1070000000000009E-05,1.5899E-09,-7.106E-05,3.3268E-07,-3.2746E-07
0.08,0.3,7.2016E-05,1.5651E-09,-7.2032E-05,3.3268E-07,-3.2768E-07
0.085,0.3,7.2886E-05,1.5413E-09,-7.2924000000000009E-05,3.3266E-07,-3.2771999999999997E-07
0.090000000000000011,0.3,7.3622000000000008E-05,1.5156E-09,-7.3602E-05,3.3188E-07,-3.2732E-07
0.095,0.3,7.4302000000000008E-05,1.4963E-09,-7.4290000000000009E-05,3.318E-07,-3.2734E-07
0.1,0.3,7.4814E-05,1.4755E-09,-7.4832E-05,3.3252E-07,-3.2806E-07
0.10500000000000001,0.3,7.5318E-05,1.4516E-09,-7.5232E-05,3.3244E-07,-3.2824E-07
0.11,0.3,7.5672E-05,1.4366E-09,-7.5730000000000008E-05,3.3244E-07,-3.2834E-07
0.115,0.3,7.6082000000000008E-05,1.4191E-09,-7.6088000000000007E-05,3.3232E-07,-3.284E-07
0.12000000000000001,0.3,7.6424E-05,1.3998E-09,-7.6388E-05,3.3232E-07,-3.286E-07
0.125,0.3,7.6656E-05,1.3858E-09,-7.6658E-05,3.3222E-07,-3.2869999999999997E-07
0.13,0.3,7.6924E-05,1.3686E-09,-7.6928E-05,3.3219999999999997E-07,-3.2882E-07
0.135,0.3,7.7206E-05,1.3526E-09,-7.7148E-05,3.3214E-07,-3.2902E-07
0.14,0.3,7.735600000000001E-05,1.3397E-09,-7.7358E-05,3.3218E-07,-3.2911999999999997E-07
0.14500000000000002,0.3,7.7534E-05,1.3241E-09,-7.7594E-05,3.3205999999999997E-07,-3.2924E-07
0.15,0.3,7.7746E-05,1.3131E-09,-7.7752E-05,3.3208E-07,-3.2928E-07
0.155,0.3,7.79E-05,1.2996E-09,-7.7894E-05,3.3194E-07,-3.2939999999999997E-07
0.16,0.3,7.813E-05,1.2836E-09,-7.8126E-05,3.3205999999999997E-07,-3.2952E-07
0.165,0.3,7.8228E-05,1.2733E-09,-7.823E-05,3.3182E-07,-3.2964E-07
0.17,0.3,7.8396E-05,1.261E-09,-7.8342E-05,3.3124E-07,-3.2904E-07
0.17500000000000002,0.3,7.8482E-05,1.2463E-09,-7.8446E-05,3.318E-07,-3.298E-07
0.18000000000000002,0.3,7.859E-05,1.2388E-09,-7.8606E-05,3.3177999999999997E-07,-3.3004E-07
0.185,0.3,7.875E-05,1.2256E-09,-7.8696000000000007E-05,3.3174E-07,-3.3004E-07
0.19,0.3,7.8868E-05,1.2142E-09,-7.8866E-05,3.3176E-07,-3.3014E-07
0.195,0.3,7.8914E-05,1.205E-09,-7.896E-05,3.3168E-07,-3.3023999999999997E-07
0.2,0.3,7.9026E-05,1.1939E-09,-7.907E-05,3.3174E-07,-3.304E-07
0.20500000000000002,0.3,7.9204000000000009E-05,1.1809E-09,-7.9168E-05,3.3163999999999997E-07,-3.305E-07
0.21000000000000002,0.3,7.9246E-05,1.1754E-09,-7.9274E-05,3.3156E-07,-3.3056E-07
0.215,0.3,7.9412E-05,1.1612E-09,-7.939E-05,3.3154E-07,-3.3072E-07
0.22,0.3,7.9526E-05,1.1525E-09,-7.951E-05,3.3156E-07,-3.3084E-07
0.225,0.3,7.9580000000000007E-05,1.145E-09,-7.9584E-05,3.3086E-07,-3.3084E-07
0.23,0.3,7.9724E-05,1.1323E-09,-7.9708E-05,3.3132E-07,-3.3096E-07
0.23500000000000001,0.3,7.9806E-05,1.1233E-09,-7.978E-05,3.3134E-07,-3.3096E-07
0.24000000000000002,0.3,7.9876E-05,1.1158E-09,-7.988E-05,3.3135999999999997E-07,-3.3054E-07
0.24500000000000002,0.3,8.0016E-05,1.1037E-09,-7.9988000000000007E-05,3.3126E-07,-3.3121999999999997E-07
0.25,0.3,8.0106000000000009E-05,1.0979E-09,-8.0082E-05,3.3124E-07,-3.3134E-07
0.255,0.3,8.0130000000000007E-05,1.0888E-09,-8.0174000000000009E-05,3.3118E-07,-3.3144E-07
0.26,0.3,8.0328000000000007E-05,1.0758E-09,-8.0284E-05,3.3118E-07,-3.3078E-07
0.265,0.3,8.0352E-05,1.0689E-09,-8.0348E-05,3.3126E-07,-3.316E-07
0.27,0.3,8.0458000000000008E-05,1.0597E-09,-8.0422E-05,3.311E-07,-3.3163999999999997E-07
0.275,0.3,8.0534E-05,1.0481E-09,-8.0520000000000008E-05,3.3107999999999997E-07,-3.317E-07
0.28,0.3,8.0616E-05,1.043E-09,-8.061E-05,3.3048E-07,-3.318E-07
0.28500000000000003,0.3,8.0692E-05,1.0314E-09,-8.0744E-05,3.311E-07,-3.3191999999999997E-07
0.29000000000000004,0.3,8.076E-05,1.022E-09,-8.0796E-05,3.3092E-07,-3.32E-07
0.29500000000000004,0.3,8.09E-05,1.0139E-09,-8.0886E-05,3.3093999999999997E-07,-3.3198E-07
0.3,0.3,8.0986E-05,1.0051E-09,-8.0986E-05,3.309E-07,-3.3218E-07
0.305,0.3,8.11E-05,9.934E-10,-8.1128E-05,3.3086E-07,-3.3216E-07
0.31,0.3,8.1136E-05,9.829E-10,-8.118E-05,3.3093999999999997E-07,-3.3224E-07
0.315,0.3,8.1246E-05,9.7293E-10,-8.1206000000000008E-05,3.3092E-07,-3.323E-07
0.32,0.3,8.1356E-05,9.6599E-10,-8.1378E-05,3.3079999999999997E-07,-3.3242E-07
0.325,0.3,8.144E-05,9.5651E-10,-8.1454E-05,3.3076E-07,-3.3242E-07
0.33,0.3,8.152800000000001E-05,9.425E-10,-8.151E-05,3.307E-07,-3.3254E-07
0.335,0.3,8.1644E-05,9.3545000000000011E-10,-8.1606E-05,3.3072E-07,-3.3264E-07
0.34,0.3,8.1726E-05,9.2112E-10,-8.1716E-05,3.3064E-07,-3.3264E-07
0.34500000000000003,0.3,8.1784E-05,9.1195E-10,-8.1782E-05,3.3064E-07,-3.3282E-07
0.35000000000000003,0.3,8.187E-05,9.0325000000000006E-10,-8.1838E-05,3.3058E-07,-3.3292E-07
0.35500000000000004,0.3,8.1938E-05,8.8868000000000008E-10,-8.1934E-05,3.3065999999999997E-07,-3.3298E-07
0.36000000000000004,0.3,8.2010000000000009E-05,8.7781000000000009E-10,-8.2036E-05,3.3056E-07,-3.331E-07
0.365,0.3,8.2126E-05,8.6754000000000009E-10,-8.2154E-05,3.3048E-07,-3.3316E-07
0.37,0.3,8.2208E-05,8.5277E-10,-8.2206E-05,3.3058E-07,-3.3324E-07
0.375,0.3,8.228E-05,8.4199000000000011E-10,-8.2364E-05,3.3048E-07,-3.3334E-07
0.38,0.3,8.2398E-05,8.3021000000000007E-10,-8.234E-05,3.3046E-07,-3.3334E-07
0.385,0.3,8.2482E-05,8.1408E-10,-8.2454000000000007E-05,3.304E-07,-3.334E-07
0.39,0.3,8.2506E-05,8.0227000000000006E-10,-8.2524E-05,3.305E-07,-3.3358E-07
0.395,0.3,8.2624E-05,7.8755E-10,-8.2602E-05,3.3032E-07,-3.3298E-07
0.4,0.3,8.2696000000000009E-05,7.7164E-10,-8.2712E-05,3.3036E-07,-3.3372E-07
0.405,0.3,8.2804E-05,7.5885E-10,-8.2812E-05,3.304E-07,-3.3382E-07
0.41000000000000003,0.3,8.2836E-05,7.4274000000000006E-10,-8.289E-05,3.3034E-07,-3.3387999999999997E-07
0.41500000000000004,0.3,8.2972E-05,7.258100000000001E-10,-8.2934E-05,3.3107999999999997E-07,-3.3484E-07
0.42000000000000004,0.3,8.3048000000000009E-05,7.1118E-10,-8.3052E-05,3.3107999999999997E-07,-3.3494E-07
0.42500000000000004,0.3,8.3092E-05,6.9615E-10,-8.3102E-05,3.3107999999999997E-07,-3.3498E-07
0.43,0.3,8.3194E-05,6.7487000000000007E-10,-8.316E-05,3.3107999999999997E-07,-3.3513999999999997E-07
0.435,0.3,8.3298E-05,6.6060000000000008E-10,-8.3262E-05,3.3107999999999997E-07,-3.3516E-07
0.44,0.3,8.3320000000000009E-05,6.4215E-10,-8.3322E-05,3.3096E-07,-3.352E-07
0.445,0.3,8.3450000000000009E-05,6.2133000000000007E-10,-8.3446E-05,3.3093999999999997E-07,-3.3538E-07
0.45,0.3,8.3496E-05,6.0647000000000008E-10,-8.3476E-05,3.31E-07,-3.3538E-07
0.455,0.3,8.3564E-05,5.846200000000001E-10,-8.3544E-05,3.3106E-07,-3.3564E-07
0.46,0.3,8.3676E-05,5.6346E-10,-8.3628E-05,3.3102E-07,-3.3578E-07
0.465,0.3,8.3742E-05,5.4663E-10,-8.3758000000000007E-05,3.3098E-07,-3.3576E-07
0.47000000000000003,0.3,8.3866E-05,5.218E-10,-8.385E-05,3.3088E-07,-3.359E-07
0.47500000000000003,0.3,8.3938000000000008E-05,4.9959E-10,-8.3916E-05,3.3088E-07,-3.3592E-07
0.48000000000000004,0.3,8.397E-05,4.8111E-10,-8.398800000000001E-05,3.3088E-07,-3.3592E-07
0.48500000000000004,0.3,8.4066E-05,4.5513000000000006E-10,-8.4072E-05,3.3082E-07,-3.3604E-07
0.49000000000000005,0.3,8.4136000000000009E-05,4.3328000000000003E-10,-8.4102E-05,3.3078E-07,-3.3624E-07
0.49500000000000005,0.3,8.426000000000001E-05,4.1095E-10,-8.4202E-05,3.3078E-07,-3.363E-07
0.5,0.3,8.425E-05,3.8304000000000005E-10,-8.4268E-05,3.3068E-07,-3.363E-07
0.505,0.3,8.436E-05,3.607E-10,-8.4362E-05,3.3072E-07,-3.3644E-07
0.51,0.3,8.4448E-05,3.3461000000000005E-10,-8.4438000000000007E-05,3.3065999999999997E-07,-3.3652E-07
0.515,0.3,8.4554E-05,3.0688000000000003E-10,-8.4500000000000008E-05,3.306E-07,-3.3666E-07
0.52,0.3,8.4636000000000008E-05,2.8249E-10,-8.4574000000000007E-05,3.3054E-07,-3.367E-07
0.525,0.3,8.4682E-05,2.5592000000000003E-10,-8.4662E-05,3.306E-07,-3.3676E-07
0.53,0.3,8.4748000000000009E-05,2.2326E-10,-8.4710000000000007E-05,3.3062E-07,-3.3695999999999997E-07
0.535,0.3,8.481000000000001E-05,1.9886000000000003E-10,-8.4848E-05,3.3054E-07,-3.37E-07
0.54,0.3,8.4846000000000007E-05,1.6955000000000003E-10,-8.485E-05,3.305E-07,-3.3714E-07
0.545,0.3,8.4974E-05,1.3641000000000002E-10,-8.4968E-05,3.306E-07,-3.3734E-07
0.55,0.3,8.5058E-05,1.0861000000000001E-10,-8.5036E-05,3.3042E-07,-3.3742E-07
0.555,0.3,8.5098E-05,7.7130000000000009E-11,-8.5134E-05,3.3048E-07,-3.3751999999999997E-07
0.56,0.3,8.5204E-05,4.22E-11,-8.5204E-05,3.3051999999999997E-07,-3.376E-07
0.56500000000000006,0.3,8.5266E-05,1.2050000000000001E-11,-8.5260000000000007E-05,3.3048E-07,-3.3772E-07
0.57000000000000006,0.3,8.5394E-05,-2.24E-11,-8.5372000000000009E-05,3.3037999999999997E-07,-3.3772E-07
0.57500000000000007,0.3,8.5458000000000007E-05,-5.678E-11,-8.541E-05,3.3037999999999997E-07,-3.3786E-07
0.58000000000000007,0.3,8.5506E-05,-9.065E-11,-8.5532000000000007E-05,3.3042E-07,-3.38E-07
0.58500000000000008,0.3,8.5578E-05,-1.2676E-10,-8.5532000000000007E-05,3.3037999999999997E-07,-3.3814E-07
0.59000000000000008,0.3,8.5600000000000007E-05,-1.6491E-10,-8.5652E-05,3.3036E-07,-3.3821999999999997E-07
0.595,0.3,8.5794E-05,-1.9783E-10,-8.572E-05,3.3037999999999997E-07,-3.384E-07
0.6,0.3,8.584E-05,-2.3944E-10,-8.5812E-05,3.3023999999999997E-07,-3.3858E-07
0.605,0.3,8.5898E-05,-2.7929E-10,-8.5886E-05,3.3023999999999997E-07,-3.3868E-07
0.61,0.3,8.5954E-05,-3.157E-10,-8.596E-05,3.3022E-07,-3.388E-07
0.615,0.3,8.6018E-05,-3.5729E-10,-8.603E-05,3.302E-07,-3.3877999999999997E-07
0.62,0.3,8.6098E-05,-3.9775000000000005E-10,-8.6052000000000009E-05,3.3022E-07,-3.3898E-07
0.625,0.3,8.619E-05,-4.3838000000000004E-10,-8.6152E-05,3.3023999999999997E-07,-3.3902E-07
0.63,0.3,8.624400000000001E-05,-4.824E-10,-8.6264E-05,3.3018E-07,-3.3919999999999997E-07
0.635,0.3,8.6356E-05,-5.2495E-10,-8.6314E-05,3.3016E-07,-3.393E-07
0.64,0.3,8.6404000000000008E-05,-5.7033E-10,-8.6410000000000008E-05,3.3016E-07,-3.394E-07
0.645,0.3,8.6462E-05,-6.1629E-10,-8.644E-05,3.3014E-07,-3.3956E-07
0.65,0.3,8.6564E-05,-6.5926000000000006E-10,-8.6496E-05,3.3009999999999997E-07,-3.3978E-07
0.655,0.3,8.6670000000000009E-05,-7.0924E-10,-8.6592E-05,3.3008E-07,-3.3976E-07
0.66,0.3,8.6612E-05,-7.5764000000000008E-10,-8.665800000000001E-05,3.3002E-07,-3.4002E-07
0.665,0.3,8.6732000000000009E-05,-8.0236000000000011E-10,-8.6652E-05,3.2998E-07,-3.4012E-07
0.67,0.3,8.6824000000000008E-05,-8.546E-10,-8.6816E-05,3.2995999999999997E-07,-3.4014E-07
0.675,0.3,8.6892000000000008E-05,-9.0580000000000012E-10,-8.6928E-05,3.3006E-07,-3.4028E-07
0.68,0.3,8.7008E-05,-9.5374E-10,-8.6928E-05,3.2995999999999997E-07,-3.4052E-07
0.685,0.3,8.7010000000000009E-05,-1.0098000000000002E-09,-8.7E-05,3.2992E-07,-3.4064E-07
0.69000000000000006,0.3,8.7128E-05,-1.0609000000000001E-09,-8.7090000000000008E-05,3.2994E-07,-3.4062E-07
0.69500000000000006,0.3,8.7172E-05,-1.1136900000000001E-09,-8.7198E-05,3.2981999999999997E-07,-3.4104E-07
0.70000000000000007,0.3,8.732E-05,-1.1602E-09,-8.7262E-05,3.299E-07,-3.4098E-07
0.70500000000000007,0.3,8.731E-05,-1.2142E-09,-8.7284E-05,3.2998E-07,-3.41E-07
0.71000000000000008,0.3,8.741E-05,-1.2718E-09,-8.7452E-05,3.299E-07,-3.411E-07
0.71500000000000008,0.3,8.747E-05,-1.3272E-09,-8.7434E-05,3.3E-07,-3.4134E-07
0.72000000000000008,0.3,8.7604E-05,-1.3893E-09,-8.7544E-05,3.2988E-07,-3.413E-07
0.72500000000000009,0.3,8.7648E-05,-1.4492E-09,-8.7618E-05,3.2974E-07,-3.4156E-07
0.73,0.3,8.7686E-05,-1.5076E-09,-8.7668E-05,3.2984E-07,-3.418E-07
0.735,0.3,8.7686E-05,-1.5704E-09,-8.7722E-05,3.298E-07,-3.42E-07
0.74,0.3,8.7868E-05,-1.6359E-09,-8.78E-05,3.298E-07,-3.4188E-07
0.745,0.3,8.7876E-05,-1.6949E-09,-8.7876E-05,3.2974E-07,-3.422E-07
0.75,0.3,8.8004E-05,-1.7616E-09,-8.7974000000000008E-05,3.2967999999999997E-07,-3.4236E-07
0.755,0.3,8.8072E-05,-1.8294E-09,-8.8042000000000008E-05,3.298E-07,-3.427E-07
0.76,0.3,8.8106E-05,-1.8929E-09,-8.8096E-05,3.297E-07,-3.4274E-07
0.765,0.3,8.8248E-05,-1.9628E-09,-8.8222E-05,3.2974E-07,-3.4302E-07
0.77,0.3,8.8298E-05,-2.0328E-09,-8.8198E-05,3.297E-07,-3.4312E-07
0.775,0.3,8.8336E-05,-2.0985E-09,-8.8262E-05,3.2967999999999997E-07,-3.4335999999999997E-07
0.78,0.3,8.839E-05,-2.1703E-09,-8.8384E-05,3.2962E-07,-3.4352E-07
0.785,0.3,8.846E-05,-2.2429E-09,-8.8504E-05,3.2964E-07,-3.4368E-07
0.79,0.3,8.8478E-05,-2.3133E-09,-8.848E-05,3.2962E-07,-3.4377999999999997E-07
0.795,0.3,8.857E-05,-2.3898E-09,-8.8556E-05,3.2956E-07,-3.4408E-07
0.8,0.3,8.8654000000000009E-05,-2.464E-09,-8.863E-05,3.2956E-07,-3.4419999999999997E-07
0.805,0.3,8.8718E-05,-2.5372E-09,-8.8728000000000008E-05,3.2958E-07,-3.4444E-07
0.81,0.3,8.8820000000000007E-05,-2.6191E-09,-8.8808000000000008E-05,3.2942E-07,-3.445E-07
0.81500000000000006,0.3,8.8842E-05,-2.6957E-09,-8.8862E-05,3.2953999999999997E-07,-3.4484E-07
0.82000000000000006,0.3,8.8988000000000009E-05,-2.7719E-09,-8.8972E-05,3.2946E-07,-3.45E-07
0.82500000000000007,0.3,8.9086000000000007E-05,-2.853E-09,-8.898E-05,3.2946E-07,-3.4516E-07
0.83000000000000007,0.3,8.9134E-05,-2.9356E-09,-8.907E-05,3.2946E-07,-3.4545999999999997E-07
0.83500000000000008,0.3,8.9234E-05,-3.0148E-09,-8.9126E-05,3.2946E-07,-3.4554E-07
0.84000000000000008,0.3,8.9304E-05,-3.1007E-09,-8.9226E-05,3.2939999999999997E-07,-3.4584E-07
0.84500000000000008,0.3,8.9326E-05,-3.1842E-09,-8.9282E-05,3.2936E-07,-3.4601999999999997E-07
0.85000000000000009,0.3,8.9392E-05,-3.2689E-09,-8.9316E-05,3.2934E-07,-3.4626E-07
0.85500000000000009,0.3,8.9432000000000007E-05,-3.3571E-09,-8.9420000000000008E-05,3.2936E-07,-3.4638E-07
0.86,0.3,8.9488000000000008E-05,-3.4444E-09,-8.9420000000000008E-05,3.2934E-07,-3.4664E-07
0.865,0.3,8.956E-05,-3.5338E-09,-8.9516E-05,3.293E-07,-3.468E-07
0.87,0.3,8.967E-05,-3.6267E-09,-8.9628E-05,3.2924E-07,-3.4699999999999997E-07
0.875,0.3,8.9728E-05,-3.7165E-09,-8.9728E-05,3.293E-07,-3.4736E-07
0.88,0.3,8.9792E-05,-3.8074E-09,-8.9810000000000009E-05,3.293E-07,-3.4762E-07
0.885,0.3,8.9916E-05,-3.9028E-09,-8.9876E-05,3.2918E-07,-3.478E-07
0.89,0.3,9.0022E-05,-3.9969E-09,-8.9952000000000009E-05,3.2932E-07,-3.4808E-07
0.895,0.3,9.008E-05,-4.0916E-09,-9.007E-05,3.2922E-07,-3.4818E-07
0.9,0.3,9.0066E-05,-4.1931E-09,-9.0052E-05,3.2922E-07,-3.4858E-07
0,0.45,-2.1952E-05,7.4812E-09,3.2976000000000004E-05,3.347E-07,-3.2478E-07
0.005,0.45,7.6524E-05,7.2476E-09,-0.00023534,3.3436E-07,-3.253E-07
0.01,0.45,0.00048130000000000004,7.0521E-09,-0.00048124,3.342E-07,-3.2546E-07
0.015000000000000001,0.45,0.00071376,6.8813E-09,-0.00071312,3.341E-07,-3.2576E-07
0.02,0.45,0.00092554000000000009,6.72E-09,-0.0009253000000000001,3.3418E-07,-3.2594E-07
0.025,0.45,0.001124,6.564E-09,-0.00112386,3.3394E-07,-3.2614E-07
0.030000000000000002,0.45,0.0013052,6.3862E-09,-0.0013048,3.3386E-07,-3.265E-07
0.035,0.45,0.0014738,6.2423E-09,-0.0014742,3.3384E-07,-3.2673999999999997E-07
0.04,0.45,0.0016264,6.1046E-09,-0.0016264,3.3366E-07,-3.2692E-07
0.045000000000000005,0.45,0.0017662,5.9764E-09,-0.001768,3.3368E-07,-3.2704E-07
0.05,0.45,0.0018948,5.8558E-09,-0.001894,3.3362E-07,-3.272E-07
0.055,0.45,0.0020108,5.7357E-09,-0.0020116,3.335E-07,-3.2726E-07
0.060000000000000005,0.45,0.002115,5.6282E-09,-0.0021152000000000002,3.3354E-07,-3.275E-07
0.065,0.45,0.00221,5.525E-09,-0.0022092,3.3345999999999997E-07,-3.2764E-07
0.07,0.45,0.0022956,5.4223E-09,-0.0022958,3.3336E-07,-3.281E-07
0.075,0.45,0.0023722,5.3302E-09,-0.0023714,3.3376E-07,-3.283E-07
0.08,0.45,0.0024404,5.2437E-09,-0.0024412,3.3334E-07,-3.2808E-07
0.085,0.45,0.0025024,5.1596E-09,-0.002503,3.3324E-07,-3.2827999999999997E-07
0.090000000000000011,0.45,0.002558,5.0816E-09,-0.0025578000000000003,3.3322E-07,-3.2838E-07
0.095,0.45,0.0026084,5.0111E-09,-0.0026068000000000003,3.331E-07,-3.2841999999999997E-07
0.1,0.45,0.0026522,4.9392E-09,-0.002652,3.3314E-07,-3.2866E-07
0.10500000000000001,0.45,0.0026898,4.8773E-09,-0.0026904,3.331E-07,-3.2876E-07
0.11,0.45,0.0027258,4.8141E-09,-0.0027254000000000002,3.3312E-07,-3.2896E-07
0.115,0.45,0.0027558,4.7541E-09,-0.0027554,3.3302E-07,-3.2904E-07
0.12000000000000001,0.45,0.0027842,4.7035E-09,-0.0027834,3.3302E-07,-3.2922E-07
0.125,0.45,0.0028076,4.6522E-09,-0.0028072,3.3298E-07,-3.293E-07
0.13,0.45,0.0028304,4.5996E-09,-0.0028286,3.3289999999999997E-07,-3.2942E-07
0.135,0.45,0.0028484,4.562E-09,-0.002849,3.3284E-07,-3.2956E-07
0.14,0.45,0.0028664,4.5196E-09,-0.0028656000000000003,3.3288E-07,-3.2962E-07
0.14500000000000002,0.45,0.0028816000000000002,4.4769E-09,-0.002881,3.3274E-07,-3.2978E-07
0.15,0.45,0.002895,4.4404E-09,-0.0028946,3.3274E-07,-3.2988E-07
0.155,0.45,0.0029072,4.4078E-09,-0.0029076,3.3266E-07,-3.2995999999999997E-07
0.16,0.45,0.0029186,4.3658E-09,-0.0029186,3.327E-07,-3.3018E-07
0.165,0.45,0.0029292,4.341E-09,-0.0029288,3.3261999999999997E-07,-3.3023999999999997E-07
0.17,0.45,0.0029382,4.3052E-09,-0.002938,3.3254E-07,-3.3037999999999997E-07
0.17500000000000002,0.45,0.0029458,4.2788E-09,-0.002945,3.326E-07,-3.3046E-07
0.18000000000000002,0.45,0.0029536000000000002,4.2546E-09,-0.0029542,3.3246E-07,-3.3056E-07
0.185,0.45,0.0029602,4.2262E-09,-0.0029606,3.3244E-07,-3.3068E-07
0.19,0.45,0.0029682000000000003,4.2001E-09,-0.0029662,3.3242E-07,-3.3084E-07
0.195,0.45,0.0029732,4.1778E-09,-0.002973,3.3244E-07,-3.3121999999999997E-07
0.2,0.45,0.0029774000000000003,4.1518E-09,-0.0029786,3.326E-07,-3.3104E-07
0.20500000000000002,0.45,0.0029838,4.1321E-09,-0.0029836,3.3232E-07,-3.3114E-07
0.21000000000000002,0.45,0.002988,4.1104E-09,-0.0029888000000000002,3.3232E-07,-3.3126E-07
0.215,0.45,0.0029932,4.0896E-09,-0.002994,3.3228E-07,-3.3135999999999997E-07
0.22,0.45,0.0029980000000000002,4.0628E-09,-0.0029974,3.3219999999999997E-07,-3.314E-07
0.225,0.45,0.0030026000000000002,4.0539E-09,-0.0030022,3.3228E-07,-3.3158E-07
0.23,0.45,0.0030056,4.0328E-09,-0.0030062,3.3222E-07,-3.316E-07
0.23500000000000001,0.45,0.00301,4.0159E-09,-0.0030088000000000003,3.3208E-07,-3.3176E-07
0.24000000000000002,0.45,0.0030136,3.9963E-09,-0.0030134000000000003,3.3242E-07,-3.319E-07
0.24500000000000002,0.45,0.0030166,3.9831E-09,-0.0030156000000000002,3.3205999999999997E-07,-3.3196E-07
0.25,0.45,0.0030202000000000002,3.9622E-09,-0.00302,3.3205999999999997E-07,-3.321E-07
0.255,0.45,0.003024,3.9496E-09,-0.003023,3.3198E-07,-3.3224E-07
0.26,0.45,0.0030264000000000003,3.9356E-09,-0.0030274,3.3191999999999997E-07,-3.3233999999999997E-07
0.265,0.45,0.0030292,3.9194E-09,-0.0030294000000000002,3.3196E-07,-3.3242E-07
0.27,0.45,0.0030340000000000002,3.9054E-09,-0.0030334,3.3198E-07,-3.324E-07
0.275,0.45,0.0030368,3.8936E-09,-0.0030364,3.319E-07,-3.3256E-07
0.28,0.45,0.003039,3.8765E-09,-0.0030394000000000003,3.319E-07,-3.3268E-07
0.28500000000000003,0.45,0.0030414,3.8661E-09,-0.003042,3.3191999999999997E-07,-3.327E-07
0.29000000000000004,0.45,0.0030454,3.8523E-09,-0.0030458,3.318E-07,-3.3292E-07
0.29500000000000004,0.45,0.0030474,3.8395E-09,-0.0030478000000000002,3.3174E-07,-3.3296E-07
0.3,0.45,0.0030508,3.8277E-09,-0.0030502,3.3174E-07,-3.3306E-07
0.305,0.45,0.003053,3.8178E-09,-0.0030534,3.3166E-07,-3.331E-07
0.31,0.45,0.003055,3.8027E-09,-0.0030558,3.3168E-07,-3.3328E-07
0.315,0.45,0.0030594,3.7932E-09,-0.0030592,3.3174E-07,-3.3334E-07
0.32,0.45,0.0030618,3.784E-09,-0.0030606,3.317E-07,-3.3338E-07
0.325,0.45,0.0030644,3.7706E-09,-0.0030644,3.3162E-07,-3.3348E-07
0.33,0.45,0.0030678,3.7562E-09,-0.003067,3.316E-07,-3.3358E-07
0.335,0.45,0.0030698,3.7507E-09,-0.003069,3.3149999999999997E-07,-3.3359999999999997E-07
0.34,0.45,0.0030716,3.7382E-09,-0.0030722,3.3152E-07,-3.3373999999999997E-07
0.34500000000000003,0.45,0.0030736,3.7268E-09,-0.0030738000000000002,3.3156E-07,-3.3394E-07
0.35000000000000003,0.45,0.0030774,3.7189E-09,-0.0030768,3.3146E-07,-3.339E-07
0.35500000000000004,0.45,0.0030796,3.7089E-09,-0.0030784000000000002,3.3152E-07,-3.3401999999999997E-07
0.36000000000000004,0.45,0.0030818,3.6974E-09,-0.0030824,3.3149999999999997E-07,-3.3412E-07
0.365,0.45,0.003084,3.6872E-09,-0.0030838000000000003,3.3142E-07,-3.3424E-07
0.37,0.45,0.0030866,3.6754E-09,-0.0030872,3.3135999999999997E-07,-3.3429999999999997E-07
0.375,0.45,0.003089,3.6644E-09,-0.0030894,3.314E-07,-3.3443999999999997E-07
0.38,0.45,0.0030924,3.6618E-09,-0.0030928,3.3134E-07,-3.3443999999999997E-07
0.385,0.45,0.003095,3.6453E-09,-0.0030942,3.3132E-07,-3.346E-07
0.39,0.45,0.0030968000000000002,3.6349E-09,-0.0030958,3.3132E-07,-3.3462E-07
0.395,0.45,0.0030992,3.6323E-09,-0.0030984,3.3126E-07,-3.3468E-07
0.4,0.45,0.003101,3.614E-09,-0.0031012,3.3128E-07,-3.348E-07
0.405,0.45,0.0031038,3.6078E-09,-0.0031036,3.3124E-07,-3.349E-07
0.41000000000000003,0.45,0.0031046,3.5976E-09,-0.0031052000000000002,3.3154E-07,-3.3527999999999997E-07
0.41500000000000004,0.45,0.0031090000000000002,3.5843E-09,-0.0031082,3.313E-07,-3.3513999999999997E-07
0.42000000000000004,0.45,0.0031106000000000003,3.5769E-09,-0.0031094,3.3118E-07,-3.3512E-07
0.42500000000000004,0.45,0.0031128,3.5693E-09,-0.0031132,3.3121999999999997E-07,-3.3527999999999997E-07
0.43,0.45,0.0031162,3.5557E-09,-0.0031154,3.3118E-07,-3.3526E-07
0.435,0.45,0.003118,3.5471E-09,-0.0031172,3.3112E-07,-3.3534E-07
0.44,0.45,0.0031198000000000003,3.5361E-09,-0.0031188,3.3106E-07,-3.356E-07
0.445,0.45,0.0031212,3.525E-09,-0.0031214,3.3102E-07,-3.3562E-07
0.45,0.45,0.0031238,3.5152E-09,-0.0031244000000000003,3.3116E-07,-3.3596E-07
0.455,0.45,0.003127,3.5091E-09,-0.0031264,3.3114E-07,-3.3586E-07
0.46,0.45,0.0031292,3.4923E-09,-0.0031278,3.31E-07,-3.3582E-07
0.465,0.45,0.0031314,3.485E-09,-0.003131,3.3107999999999997E-07,-3.3597999999999997E-07
0.47000000000000003,0.45,0.003134,3.4803E-09,-0.0031328000000000003,3.3092E-07,-3.361E-07
0.47500000000000003,0.45,0.003136,3.4618E-09,-0.003135,3.3096E-07,-3.361E-07
0.48000000000000004,0.45,0.0031372,3.4514E-09,-0.0031382000000000003,3.3093999999999997E-07,-3.3622E-07
0.48500000000000004,0.45,0.0031406,3.4433E-09,-0.0031404000000000002,3.309E-07,-3.3636E-07
0.49000000000000005,0.45,0.0031414,3.4277E-09,-0.0031414,3.3088E-07,-3.3644E-07
0.49500000000000005,0.45,0.0031444,3.4163E-09,-0.0031448,3.3086E-07,-3.3658E-07
0.5,0.45,0.0031466000000000003,3.4076E-09,-0.0031462,3.3088E-07,-3.3664E-07
0.505,0.45,0.0031476,3.3911E-09,-0.0031478,3.3088E-07,-3.3672E-07
0.51,0.45,0.0031508,3.3803E-09,-0.003151,3.3078E-07,-3.3674E-07
0.515,0.45,0.0031532,3.3689E-09,-0.0031532,3.3076E-07,-3.3688E-07
0.52,0.45,0.0031554,3.3526E-09,-0.0031536,3.3079999999999997E-07,-3.37E-07
0.525,0.45,0.0031566,3.3391E-09,-0.0031568,3.3074E-07,-3.3709999999999997E-07
0.53,0.45,0.0031578,3.3298E-09,-0.0031588000000000002,3.3072E-07,-3.372E-07
0.535,0.45,0.0031618,3.3108E-09,-0.0031602,3.3076E-07,-3.373E-07
0.54,0.45,0.0031622,3.2955E-09,-0.0031626000000000002,3.3068E-07,-3.3744E-07
0.545,0.45,0.003166,3.2839E-09,-0.0031656,3.3068E-07,-3.376E-07
0.55,0.45,0.0031684,3.2686E-09,-0.0031680000000000002,3.3064E-07,-3.3765999999999997E-07
0.555,0.45,0.0031706,3.2511E-09,-0.00317,3.3068E-07,-3.3776E-07
0.56,0.45,0.0031714,3.2383E-09,-0.0031708,3.3065999999999997E-07,-3.3792E-07
0.56500000000000006,0.45,0.0031742,3.2186E-09,-0.003174,3.306E-07,-3.3798E-07
0.57000000000000006,0.45,0.003175,3.1998E-09,-0.0031754,3.3064E-07,-3.381E-07
0.57500000000000007,0.45,0.0031774,3.1881E-09,-0.0031780000000000003,3.306E-07,-3.382E-07
0.58000000000000007,0.45,0.0031798,3.1671E-09,-0.00318,3.3058E-07,-3.3832E-07
0.58500000000000008,0.45,0.0031818000000000003,3.1463E-09,-0.0031822,3.3054E-07,-3.3844E-07
0.59000000000000008,0.45,0.0031838,3.1323E-09,-0.0031838,3.305E-07,-3.3863999999999997E-07
0.595,0.45,0.0031858,3.1062E-09,-0.0031856000000000002,3.3062E-07,-3.3863999999999997E-07
0.6,0.45,0.0031884,3.0869E-09,-0.003188,3.3054E-07,-3.3877999999999997E-07
0.605,0.45,0.0031896,3.0693E-09,-0.0031894000000000002,3.3054E-07,-3.389E-07
0.61,0.45,0.0031924,3.0476E-09,-0.0031922,3.3056E-07,-3.3896E-07
0.615,0.45,0.0031940000000000002,3.0276E-09,-0.0031936,3.3042E-07,-3.3908E-07
0.62,0.45,0.0031958,3.009E-09,-0.0031952,3.3042E-07,-3.3924E-07
0.625,0.45,0.0031982,2.9831E-09,-0.0031972,3.304E-07,-3.393E-07
0.63,0.45,0.0032,2.9596E-09,-0.0032004,3.304E-07,-3.3952E-07
0.635,0.45,0.003202,2.9395E-09,-0.0032028,3.3032E-07,-3.3972E-07
0.64,0.45,0.0032044,2.9159E-09,-0.0032034,3.304E-07,-3.3962E-07
0.645,0.45,0.003206,2.8907E-09,-0.0032062,3.304E-07,-3.3994E-07
0.65,0.45,0.0032082,2.8665E-09,-0.003207,3.3036E-07,-3.4004E-07
0.655,0.45,0.0032104,2.8351E-09,-0.0032094000000000003,3.3036E-07,-3.4004E-07
0.66,0.45,0.0032118,2.8145E-09,-0.0032104,3.304E-07,-3.4028E-07
0.665,0.45,0.0032136,2.7894E-09,-0.0032138,3.3026E-07,-3.4038E-07
0.67,0.45,0.0032162000000000002,2.7601E-09,-0.0032152,3.3026E-07,-3.405E-07
0.675,0.45,0.0032172,2.7345E-09,-0.0032166,3.3023999999999997E-07,-3.4054E-07
0.68,0.45,0.0032188,2.706E-09,-0.0032196,3.303E-07,-3.4072E-07
0.685,0.45,0.0032222,2.6712E-09,-0.0032214,3.3023999999999997E-07,-3.409E-07
0.69000000000000006,0.45,0.003223,2.6474E-09,-0.0032244,3.3022E-07,-3.4094E-07
0.69500000000000006,0.45,0.0032252,2.6153E-09,-0.0032252,3.3023999999999997E-07,-3.413E-07
0.70000000000000007,0.45,0.0032270000000000003,2.5828E-09,-0.0032276,3.3022E-07,-3.413E-07
0.70500000000000007,0.45,0.0032296,2.5586E-09,-0.003229,3.3016E-07,-3.4146E-07
0.71000000000000008,0.45,0.0032314,2.5276E-09,-0.0032304,3.3018E-07,-3.416E-07
0.71500000000000008,0.45,0.0032328,2.4897E-09,-0.0032328,3.3016E-07,-3.418E-07
0.72000000000000008,0.45,0.0032336,2.4589E-09,-0.003235,3.302E-07,-3.4192E-07
0.72500000000000009,0.45,0.0032364,2.426E-09,-0.0032364,3.3009999999999997E-07,-3.4212E-07
0.73,0.45,0.003239,2.3867E-09,-0.0032388,3.3012E-07,-3.4223999999999997E-07
0.735,0.45,0.0032408000000000003,2.3549E-09,-0.0032414,3.3009999999999997E-07,-3.4242E-07
0.74,0.45,0.0032422,2.3163E-09,-0.0032418,3.3012E-07,-3.4244E-07
0.745,0.45,0.003244,2.2766E-09,-0.0032458,3.3004E-07,-3.4274E-07
0.75,0.45,0.003247,2.2376E-09,-0.0032468,3.3006E-07,-3.4286E-07
0.755,0.45,0.0032488,2.2008E-09,-0.0032488,3.3004E-07,-3.4293999999999997E-07
0.76,0.45,0.003251,2.1599E-09,-0.0032496,3.3004E-07,-3.4324E-07
0.765,0.45,0.0032522000000000002,2.1205E-09,-0.0032516,3.3E-07,-3.4338E-07
0.77,0.45,0.0032536,2.0778E-09,-0.0032548,3.3006E-07,-3.4363999999999997E-07
0.775,0.45,0.0032552,2.0386E-09,-0.0032572,3.2994E-07,-3.4374E-07
0.78,0.45,0.003258,1.9953E-09,-0.003257,3.3E-07,-3.4398E-07
0.785,0.45,0.0032602,1.9539E-09,-0.0032598,3.2992E-07,-3.4398E-07
0.79,0.45,0.0032616,1.906E-09,-0.0032616,3.2986E-07,-3.4405999999999997E-07
0.795,0.45,0.0032638,1.8623999999999999E-09,-0.0032626,3.2992E-07,-3.4444E-07
0.8,0.45,0.0032652000000000002,1.8163E-09,-0.0032652000000000002,3.299E-07,-3.4464E-07
0.805,0.45,0.0032664,1.7678E-09,-0.0032668000000000003,3.2992E-07,-3.4484E-07
0.81,0.45,0.0032696,1.722E-09,-0.0032698000000000002,3.2994E-07,-3.4492E-07
0.81500000000000006,0.45,0.0032712,1.674E-09,-0.0032726,3.2992E-07,-3.4516E-07
0.82000000000000006,0.45,0.0032724,1.6187E-09,-0.0032734,3.2994E-07,-3.4526E-07
0.82500000000000007,0.45,0.0032744000000000002,1.5729E-09,-0.0032736,3.2994E-07,-3.4545999999999997E-07
0.83000000000000007,0.45,0.0032766,1.5202E-09,-0.0032756,3.2976E-07,-3.4572E-07
0.83500000000000008,0.45,0.0032778,1.466E-09,-0.0032778,3.2986E-07,-3.4584E-07
0.84000000000000008,0.45,0.0032790000000000002,1.4181E-09,-0.0032794,3.2992E-07,-3.4618E-07
0.84500000000000008,0.45,0.003281,1.3637E-09,-0.0032808,3.2992E-07,-3.464E-07
0.85000000000000009,0.45,0.0032826,1.3096E-09,-0.0032832,3.2981999999999997E-07,-3.4664E-07
0.85500000000000009,0.45,0.0032864,1.2542E-09,-0.003285,3.2972E-07,-3.4688E-07
0.86,0.45,0.003287,1.1967E-09,-0.003286,3.2974E-07,-3.4706E-07
0.865,0.45,0.0032892,1.1398E-09,-0.0032886,3.2981999999999997E-07,-3.4724E-07
0.87,0.45,0.0032918,1.0846E-09,-0.0032904,3.2974E-07,-3.4748E-07
0.875,0.45,0.0032922,1.0255E-09,-0.0032934,3.2974E-07,-3.4766E-07
0.88,0.45,0.003296,9.6123E-10,-0.003294,3.2972E-07,-3.478E-07
0.885,0.45,0.0032962,9.0782000000000008E-10,-0.0032964,3.2976E-07,-3.4788E-07
0.89,0.45,0.0032990000000000003,8.4205000000000011E-10,-0.0032978,3.2964E-07,-3.4814E-07
0.895,0.45,0.0033008,7.8205000000000011E-10,-0.0033004,3.2978E-07,-3.4858E-07
0.9,0.45,0.0033020000000000002,7.2117000000000011E-10,-0.0033020000000000002,3.298E-07,-3.4894E-07
0,0.6,-2.2216000000000002E-05,2.4044999999999998E-08,4.7248E-05,3.3485999999999997E-07,-3.2406E-07
0.005,0.6,4.5836E-05,2.3363599999999998E-08,-0.0005925,3.3436E-07,-3.2474E-07
0.01,0.6,0.0012434,2.2727399999999997E-08,-0.0012426,3.3412E-07,-3.2532E-07
0.015000000000000001,0.6,0.0018914000000000001,2.2178599999999998E-08,-0.0018898,3.3406E-07,-3.2562E-07
0.02,0.6,0.0025142,2.1648999999999998E-08,-0.0025152,3.3396E-07,-3.2582E-07
0.025,0.6,0.0031318,2.1127799999999998E-08,-0.0031290000000000003,3.3398E-07,-3.2594E-07
0.030000000000000002,0.6,0.0037276,2.0635199999999997E-08,-0.0037266,3.3376E-07,-3.262E-07
0.035,0.6,0.004315,2.0150399999999997E-08,-0.004316,3.3368E-07,-3.2638E-07
0.04,0.6,0.0048826,1.9685599999999997E-08,-0.0048812000000000005,3.3376E-07,-3.265E-07
0.045000000000000005,0.6,0.0054408,1.92414E-08,-0.0054426,3.3362E-07,-3.2673999999999997E-07
0.05,0.6,0.0059792000000000005,1.8808E-08,-0.0059782,3.3356E-07,-3.269E-07
0.055,0.6,0.0065074,1.8385399999999997E-08,-0.0065064,3.3348E-07,-3.2714E-07
0.060000000000000005,0.6,0.0070124,1.7977999999999997E-08,-0.0070126,3.3358E-07,-3.2726E-07
0.065,0.6,0.0075034,1.7583999999999997E-08,-0.0075048,3.3345999999999997E-07,-3.2738E-07
0.07,0.6,0.0079854,1.72024E-08,-0.0079866,3.3342E-07,-3.2756E-07
0.075,0.6,0.0084454,1.68308E-08,-0.0084458,3.3336E-07,-3.2778E-07
0.08,0.6,0.0088954,1.64746E-08,-0.008894,3.3328E-07,-3.2794E-07
0.085,0.6,0.0093236,1.6136199999999997E-08,-0.0093232,3.3331999999999997E-07,-3.281E-07
0.090000000000000011,0.6,0.0097428,1.5803199999999997E-08,-0.0097426,3.3326E-07,-3.2827999999999997E-07
0.095,0.6,0.010138,1.5485199999999997E-08,-0.0101382,3.3322E-07,-3.283E-07
0.1,0.6,0.0105246,1.5177799999999998E-08,-0.010524,3.3314E-07,-3.2848E-07
0.10500000000000001,0.6,0.0108894,1.4891599999999999E-08,-0.0108892,3.3316E-07,-3.2869999999999997E-07
0.11,0.6,0.0112444,1.46006E-08,-0.0112426,3.3342E-07,-3.2908E-07
0.115,0.6,0.011604000000000002,1.4318999999999999E-08,-0.011584,3.3314E-07,-3.2897999999999997E-07
0.12000000000000001,0.6,0.011920000000000002,1.4058599999999999E-08,-0.01191,3.3296E-07,-3.2914E-07
0.125,0.6,0.012226,1.3802999999999998E-08,-0.012214000000000001,3.3298E-07,-3.2924E-07
0.13,0.6,0.012512,1.3561599999999999E-08,-0.012502000000000001,3.3296E-07,-3.2942E-07
0.135,0.6,0.012790000000000001,1.3335799999999999E-08,-0.012782000000000002,3.3292E-07,-3.2958E-07
0.14,0.6,0.013052000000000001,1.31178E-08,-0.013042000000000002,3.3292E-07,-3.2966E-07
0.14500000000000002,0.6,0.013302000000000001,1.2904599999999999E-08,-0.013290000000000002,3.3286E-07,-3.298E-07
0.15,0.6,0.013534000000000001,1.27022E-08,-0.013522000000000001,3.3284E-07,-3.299E-07
0.155,0.6,0.013756,1.2506999999999999E-08,-0.013742,3.3284E-07,-3.3009999999999997E-07
0.16,0.6,0.013960000000000002,1.2322599999999999E-08,-0.013952,3.328E-07,-3.3016E-07
0.165,0.6,0.014158,1.2146399999999999E-08,-0.014146,3.3284E-07,-3.3037999999999997E-07
0.17,0.6,0.014340000000000002,1.1978399999999998E-08,-0.014328,3.327E-07,-3.3048E-07
0.17500000000000002,0.6,0.014514,1.1818999999999998E-08,-0.014502000000000001,3.331E-07,-3.309E-07
0.18000000000000002,0.6,0.01467,1.1665599999999998E-08,-0.014654000000000002,3.3278E-07,-3.3074E-07
0.185,0.6,0.014822000000000002,1.15128E-08,-0.014810000000000002,3.328E-07,-3.309E-07
0.19,0.6,0.014960000000000001,1.1383399999999999E-08,-0.014948000000000001,3.3278E-07,-3.3114E-07
0.195,0.6,0.015088,1.12548E-08,-0.015078000000000001,3.3274E-07,-3.312E-07
0.2,0.6,0.015210000000000001,1.1130999999999999E-08,-0.015200000000000002,3.3268E-07,-3.3121999999999997E-07
0.20500000000000002,0.6,0.015320000000000002,1.1014799999999999E-08,-0.01531,3.3264E-07,-3.3144E-07
0.21000000000000002,0.6,0.015426000000000002,1.09062E-08,-0.015412000000000002,3.3264E-07,-3.3149999999999997E-07
0.215,0.6,0.01552,1.08016E-08,-0.015506,3.3266E-07,-3.3163999999999997E-07
0.22,0.6,0.01561,1.0705399999999999E-08,-0.015600000000000001,3.3261999999999997E-07,-3.3163999999999997E-07
0.225,0.6,0.015692,1.06142E-08,-0.015682,3.3264E-07,-3.3196E-07
0.23,0.6,0.015766000000000002,1.0523599999999999E-08,-0.015758,3.3261999999999997E-07,-3.3198E-07
0.23500000000000001,0.6,0.01584,1.04418E-08,-0.015824,3.3266E-07,-3.3212E-07
0.24000000000000002,0.6,0.015908000000000002,1.0360799999999998E-08,-0.015892,3.326E-07,-3.323E-07
0.24500000000000002,0.6,0.015964000000000002,1.0289799999999999E-08,-0.015950000000000002,3.3261999999999997E-07,-3.325E-07
0.25,0.6,0.016016000000000002,1.0222999999999998E-08,-0.016008,3.326E-07,-3.3252E-07
0.255,0.6,0.016072000000000003,1.01558E-08,-0.01606,3.326E-07,-3.327E-07
0.26,0.6,0.016118,1.00944E-08,-0.016106000000000002,3.3258E-07,-3.3284E-07
0.265,0.6,0.01616,1.0034599999999998E-08,-0.016146,3.326E-07,-3.3286E-07
0.27,0.6,0.016198,9.9809999999999985E-09,-0.016188,3.3266E-07,-3.33E-07
0.275,0.6,0.016238000000000002,9.9317999999999983E-09,-0.01623,3.326E-07,-3.3316E-07
0.28,0.6,0.016276000000000002,9.8814E-09,-0.016266000000000003,3.326E-07,-3.3322E-07
0.28500000000000003,0.6,0.016306,9.8334E-09,-0.016296,3.3254E-07,-3.3344E-07
0.29000000000000004,0.6,0.01634,9.7872E-09,-0.016328000000000002,3.325E-07,-3.3344E-07
0.29500000000000004,0.6,0.016364,9.7467999999999986E-09,-0.016352000000000002,3.3246E-07,-3.3368E-07
0.3,0.6,0.016388,9.7035999999999986E-09,-0.016384000000000003,3.3256E-07,-3.3368E-07
0.305,0.6,0.016416,9.6492E-09,-0.016402,3.326E-07,-3.337E-07
0.31,0.6,0.01644,9.6099E-09,-0.016424,3.3258E-07,-3.3384E-07
0.315,0.6,0.016458,9.5787E-09,-0.016450000000000003,3.3247999999999997E-07,-3.3396E-07
0.32,0.6,0.016484000000000002,9.5475E-09,-0.016468,3.3233999999999997E-07,-3.3404E-07
0.325,0.6,0.016498000000000002,9.5111E-09,-0.016488000000000003,3.325E-07,-3.3426E-07
0.33,0.6,0.016522000000000002,9.4746E-09,-0.016506,3.3244E-07,-3.3434E-07
0.335,0.6,0.016540000000000003,9.4546E-09,-0.016528,3.3242E-07,-3.3442E-07
0.34,0.6,0.016552,9.4241E-09,-0.016542,3.3242E-07,-3.3454E-07
0.34500000000000003,0.6,0.01657,9.3928E-09,-0.016556,3.325E-07,-3.347E-07
0.35000000000000003,0.6,0.01659,9.3711E-09,-0.016574000000000002,3.3244E-07,-3.3485999999999997E-07
0.35500000000000004,0.6,0.0166,9.3456E-09,-0.016588000000000002,3.3244E-07,-3.3496E-07
0.36000000000000004,0.6,0.016614,9.3163E-09,-0.016602000000000002,3.3244E-07,-3.351E-07
0.365,0.6,0.016630000000000002,9.2949E-09,-0.016614,3.3242E-07,-3.3526E-07
0.37,0.6,0.016646,9.2776E-09,-0.016632,3.3244E-07,-3.3522E-07
0.375,0.6,0.01666,9.2503E-09,-0.016646,3.324E-07,-3.3544E-07
0.38,0.6,0.01667,9.2281E-09,-0.016658000000000003,3.3238E-07,-3.3552E-07
0.385,0.6,0.016678000000000002,9.2127E-09,-0.016674,3.3242E-07,-3.356E-07
0.39,0.6,0.016696000000000003,9.1881E-09,-0.016686000000000003,3.3244E-07,-3.3574E-07
0.395,0.6,0.016708,9.1652E-09,-0.016696000000000003,3.3246E-07,-3.3588E-07
0.4,0.6,0.016722,9.1471E-09,-0.016704,3.3233999999999997E-07,-3.3597999999999997E-07
0.405,0.6,0.016728,9.1259E-09,-0.016722,3.3238E-07,-3.3604E-07
0.41000000000000003,0.6,0.01674,9.1096E-09,-0.016730000000000002,3.3233999999999997E-07,-3.3624E-07
0.41500000000000004,0.6,0.016756,9.0967E-09,-0.016742,3.324E-07,-3.3625999999999997E-07
0.42000000000000004,0.6,0.016764,9.0807E-09,-0.01675,3.3236E-07,-3.3642E-07
0.42500000000000004,0.6,0.016778,9.0594E-09,-0.016766000000000003,3.3236E-07,-3.3644E-07
0.43,0.6,0.016788,9.0408E-09,-0.016774,3.3242E-07,-3.3664E-07
0.435,0.6,0.016798,9.0263E-09,-0.016786000000000002,3.3233999999999997E-07,-3.3676E-07
0.44,0.6,0.016808,9.0075E-09,-0.016796000000000002,3.3233999999999997E-07,-3.3681999999999997E-07
0.445,0.6,0.01682,8.991E-09,-0.016804000000000003,3.3238E-07,-3.3688E-07
0.45,0.6,0.016826,8.9811E-09,-0.016822,3.3233999999999997E-07,-3.3722E-07
0.455,0.6,0.016838000000000002,8.9625E-09,-0.016826,3.323E-07,-3.3718E-07
0.46,0.6,0.016846,8.9551E-09,-0.016834000000000002,3.3236E-07,-3.3728E-07
0.465,0.6,0.016852000000000002,8.9396E-09,-0.016846,3.3238E-07,-3.3742E-07
0.47000000000000003,0.6,0.016866000000000003,8.9187E-09,-0.016856000000000003,3.324E-07,-3.3754E-07
0.47500000000000003,0.6,0.016878,8.9048E-09,-0.016868,3.3236E-07,-3.3758E-07
0.48000000000000004,0.6,0.016888,8.893E-09,-0.016876000000000002,3.3232E-07,-3.3765999999999997E-07
0.48500000000000004,0.6,0.016898,8.8753E-09,-0.016882,3.323E-07,-3.3776E-07
0.49000000000000005,0.6,0.016906,8.8684E-09,-0.016894000000000003,3.324E-07,-3.3802E-07
0.49500000000000005,0.6,0.016912,8.8505E-09,-0.016902,3.3233999999999997E-07,-3.3802E-07
0.5,0.6,0.01692,8.8348E-09,-0.016912,3.3233999999999997E-07,-3.3812E-07
0.505,0.6,0.016934,8.8212E-09,-0.016922000000000003,3.324E-07,-3.3828E-07
0.51,0.6,0.016942000000000002,8.8121E-09,-0.016932000000000003,3.324E-07,-3.3842E-07
0.515,0.6,0.016952000000000002,8.7992E-09,-0.01694,3.3247999999999997E-07,-3.3849999999999997E-07
0.52,0.6,0.016962,8.7837E-09,-0.01695,3.3233999999999997E-07,-3.3863999999999997E-07
0.525,0.6,0.016970000000000002,8.7722E-09,-0.016958,3.3233999999999997E-07,-3.3877999999999997E-07
0.53,0.6,0.016980000000000002,8.7573E-09,-0.016970000000000002,3.3238E-07,-3.3884E-07
0.535,0.6,0.016988000000000003,8.7441E-09,-0.016976,3.324E-07,-3.3896E-07
0.54,0.6,0.016992,8.7244E-09,-0.016978,3.3238E-07,-3.3908E-07
0.545,0.6,0.01701,8.7108E-09,-0.016998000000000003,3.3233999999999997E-07,-3.3922E-07
0.55,0.6,0.017014,8.6997E-09,-0.017,3.325E-07,-3.3933999999999997E-07
0.555,0.6,0.017022000000000002,8.6855E-09,-0.01701,3.3238E-07,-3.3947999999999997E-07
0.56,0.6,0.01703,8.676E-09,-0.017018000000000002,3.324E-07,-3.396E-07
0.56500000000000006,0.6,0.017040000000000003,8.6606E-09,-0.017028,3.3232E-07,-3.3972E-07
0.57000000000000006,0.6,0.017050000000000003,8.6472E-09,-0.017036000000000003,3.324E-07,-3.3996E-07
0.57500000000000007,0.6,0.017058,8.6317E-09,-0.017048,3.325E-07,-3.4014E-07
0.58000000000000007,0.6,0.017064000000000003,8.6234E-09,-0.017054000000000003,3.3233999999999997E-07,-3.4014E-07
0.58500000000000008,0.6,0.017076,8.606E-09,-0.017064000000000003,3.3233999999999997E-07,-3.4028E-07
0.59000000000000008,0.6,0.01708,8.5946E-09,-0.017074000000000002,3.3238E-07,-3.404E-07
0.595,0.6,0.01709,8.5847E-09,-0.017082,3.3246E-07,-3.4046E-07
0.6,0.6,0.0171,8.5686E-09,-0.017086,3.3254E-07,-3.4068E-07
0.605,0.6,0.017108,8.5551E-09,-0.017094,3.3244E-07,-3.4082E-07
0.61,0.6,0.017118,8.5449E-09,-0.017106000000000003,3.3254E-07,-3.4098E-07
0.615,0.6,0.017124,8.5256E-09,-0.017114,3.3247999999999997E-07,-3.4106E-07
0.62,0.6,0.017132,8.5134E-09,-0.017114,3.3238E-07,-3.4122E-07
0.625,0.6,0.017138,8.4978E-09,-0.017128,3.3244E-07,-3.4136E-07
0.63,0.6,0.017148,8.4853E-09,-0.017140000000000002,3.3244E-07,-3.415E-07
0.635,0.6,0.017156,8.4756E-09,-0.017142,3.3242E-07,-3.4166E-07
0.64,0.6,0.017164000000000002,8.4576E-09,-0.017156,3.3247999999999997E-07,-3.4178E-07
0.645,0.6,0.017172,8.4417E-09,-0.017166,3.325E-07,-3.4195999999999997E-07
0.65,0.6,0.01718,8.4255E-09,-0.017162,3.324E-07,-3.4214E-07
0.655,0.6,0.017186,8.4103E-09,-0.017176,3.325E-07,-3.4218E-07
0.66,0.6,0.017192000000000002,8.3982E-09,-0.017182000000000003,3.325E-07,-3.4237999999999997E-07
0.665,0.6,0.017204,8.3751E-09,-0.017194,3.3242E-07,-3.4248E-07
0.67,0.6,0.017214,8.3695E-09,-0.017198,3.3246E-07,-3.4268E-07
0.675,0.6,0.017218,8.3609E-09,-0.017212,3.3247999999999997E-07,-3.427E-07
0.68,0.6,0.017230000000000002,8.3426E-09,-0.017214,3.3244E-07,-3.4282E-07
0.685,0.6,0.017234000000000003,8.3254E-09,-0.017224000000000003,3.3247999999999997E-07,-3.4314E-07
0.69000000000000006,0.6,0.017242,8.3093E-09,-0.017232,3.3247999999999997E-07,-3.4321999999999997E-07
0.69500000000000006,0.6,0.017248000000000003,8.2894E-09,-0.017234000000000003,3.3256E-07,-3.4346E-07
0.70000000000000007,0.6,0.017258000000000003,8.2708E-09,-0.017246,3.325E-07,-3.437E-07
0.70500000000000007,0.6,0.017264,8.2567E-09,-0.017254000000000002,3.3256E-07,-3.4372E-07
0.71000000000000008,0.6,0.017272000000000003,8.2369E-09,-0.017262000000000003,3.3254E-07,-3.439E-07
0.71500000000000008,0.6,0.01728,8.2251E-09,-0.017264,3.3254E-07,-3.44E-07
0.72000000000000008,0.6,0.017288,8.1981E-09,-0.017278,3.3266E-07,-3.4426E-07
0.72500000000000009,0.6,0.017296000000000002,8.1819E-09,-0.01728,3.3258E-07,-3.4442E-07
0.73,0.6,0.017302,8.1607E-09,-0.017286000000000003,3.3261999999999997E-07,-3.4458E-07
0.735,0.6,0.017308,8.1464E-09,-0.017300000000000003,3.3258E-07,-3.447E-07
0.74,0.6,0.017310000000000002,8.1303E-09,-0.017302,3.326E-07,-3.4492E-07
0.745,0.6,0.017324000000000003,8.1037E-09,-0.017312,3.3266E-07,-3.451E-07
0.75,0.6,0.01733,8.0863E-09,-0.017320000000000002,3.3261999999999997E-07,-3.4534E-07
0.755,0.6,0.01734,8.0668E-09,-0.017328000000000003,3.3256E-07,-3.454E-07
0.76,0.6,0.017346,8.0431E-09,-0.017334000000000002,3.3264E-07,-3.4559999999999997E-07
0.765,0.6,0.01735,8.0203E-09,-0.017342000000000003,3.3264E-07,-3.458E-07
0.77,0.6,0.017364,7.9983E-09,-0.01735,3.3266E-07,-3.4606E-07
0.775,0.6,0.01737,7.9742E-09,-0.017356,3.3264E-07,-3.461E-07
0.78,0.6,0.017372000000000002,7.9499E-09,-0.017364,3.3268E-07,-3.4636E-07
0.785,0.6,0.017382,7.9314E-09,-0.01737,3.326E-07,-3.4656E-07
0.79,0.6,0.017392,7.9038E-09,-0.017376000000000003,3.3274E-07,-3.4671999999999997E-07
0.795,0.6,0.017396000000000002,7.8785E-09,-0.017384,3.3272E-07,-3.4698E-07
0.8,0.6,0.017404000000000003,7.8579E-09,-0.017394000000000003,3.328E-07,-3.4726E-07
0.805,0.6,0.017408,7.8249E-09,-0.017402,3.3274E-07,-3.4734E-07
0.81,0.6,0.01742,7.8021E-09,-0.017408,3.3274E-07,-3.475E-07
0.81500000000000006,0.6,0.017428000000000003,7.7758E-09,-0.017414000000000002,3.3274E-07,-3.476E-07
0.82000000000000006,0.6,0.017434,7.7564E-09,-0.017422,3.3284E-07,-3.4786E-07
0.82500000000000007,0.6,0.017442000000000003,7.7226E-09,-0.017428000000000003,3.3275999999999997E-07,-3.4808E-07
0.83000000000000007,0.6,0.017452000000000002,7.6924E-09,-0.01744,3.3286E-07,-3.485E-07
0.83500000000000008,0.6,0.017456000000000003,7.6632E-09,-0.017446000000000003,3.328E-07,-3.4867999999999997E-07
0.84000000000000008,0.6,0.017464,7.6391E-09,-0.017448,3.3286E-07,-3.4888E-07
0.84500000000000008,0.6,0.017468,7.6044E-09,-0.017456000000000003,3.3284E-07,-3.4904E-07
0.85000000000000009,0.6,0.017476000000000002,7.5753E-09,-0.017466000000000002,3.3286E-07,-3.4936E-07
0.85500000000000009,0.6,0.017484000000000003,7.544E-09,-0.017474,3.3284E-07,-3.4944E-07
0.86,0.6,0.017490000000000002,7.5108E-09,-0.017480000000000002,3.3282E-07,-3.4964E-07
0.865,0.6,0.017498000000000003,7.4836E-09,-0.017492,3.3286E-07,-3.4982E-07
0.87,0.6,0.017506,7.4498E-09,-0.017494000000000003,3.3278E-07,-3.5024E-07
0.875,0.6,0.01751,7.4156E-09,-0.0175,3.3288E-07,-3.5026E-07
0.88,0.6,0.01752,7.3771E-09,-0.017508000000000003,3.3289999999999997E-07,-3.5066E-07
0.885,0.6,0.017526,7.3445E-09,-0.017516,3.3292E-07,-3.509E-07
0.89,0.6,0.01753,7.3109E-09,-0.01752,3.3284E-07,-3.51E-07
0.895,0.6,0.017536000000000003,7.272E-09,-0.017528000000000002,3.3294E-07,-3.5128E-07
0.9,0.6,0.017544,7.2347E-09,-0.017534,3.3303999999999997E-07,-3.5172E-07
0,0.75,-0.0001073,8.1827199999999993E-08,0.00010514000000000001,3.3562E-07,-3.2494E-07
0.005,0.75,0.0007782,7.95586E-08,-0.00078004000000000007,3.353E-07,-3.2508E-07
0.01,0.75,0.0016438,7.73648E-08,-0.0016456,3.3488E-07,-3.2556E-07
0.015000000000000001,0.75,0.0025132,7.5259799999999989E-08,-0.002515,3.349E-07,-3.2578E-07
0.02,0.75,0.0033652,7.3283599999999988E-08,-0.0033664,3.3464E-07,-3.2596E-07
0.025,0.75,0.0042256,7.1344399999999989E-08,-0.0042258,3.3454E-07,-3.2617999999999997E-07
0.030000000000000002,0.75,0.005061,6.9487399999999987E-08,-0.0050616,3.3448E-07,-3.2638E-07
0.035,0.75,0.0059034000000000005,6.7646399999999991E-08,-0.0059022,3.3438E-07,-3.2659999999999997E-07
0.04,0.75,0.0067306,6.59242E-08,-0.0067274000000000006,3.3429999999999997E-07,-3.2668E-07
0.045000000000000005,0.75,0.0075548,6.42158E-08,-0.0075542000000000005,3.3418E-07,-3.2684E-07
0.05,0.75,0.008361,6.25646E-08,-0.0083628,3.341E-07,-3.2706E-07
0.055,0.75,0.009174,6.09248E-08,-0.009171,3.3401999999999997E-07,-3.2726E-07
0.060000000000000005,0.75,0.009964,5.9407399999999992E-08,-0.0099608,3.3387999999999997E-07,-3.2743999999999997E-07
0.065,0.75,0.0107448,5.7923199999999993E-08,-0.010746,3.3394E-07,-3.275E-07
0.07,0.75,0.011500400000000001,5.6454E-08,-0.011542,3.3382E-07,-3.278E-07
0.075,0.75,0.012318,5.5067599999999992E-08,-0.012306000000000001,3.3387999999999997E-07,-3.2792E-07
0.08,0.75,0.013082000000000002,5.3686799999999992E-08,-0.013076,3.337E-07,-3.2813999999999997E-07
0.085,0.75,0.013834,5.23974E-08,-0.013822000000000001,3.3368E-07,-3.2824E-07
0.090000000000000011,0.75,0.014584000000000002,5.1106599999999994E-08,-0.014572000000000002,3.3362E-07,-3.2834E-07
0.095,0.75,0.015316000000000002,4.9871E-08,-0.015300000000000001,3.3352E-07,-3.2858E-07
0.1,0.75,0.016042,4.8670399999999994E-08,-0.016026000000000002,3.3352E-07,-3.2872E-07
0.10500000000000001,0.75,0.016752000000000003,4.7521999999999994E-08,-0.016736,3.3356E-07,-3.2876E-07
0.11,0.75,0.01746,4.6386799999999993E-08,-0.01745,3.3345999999999997E-07,-3.2888E-07
0.115,0.75,0.018150000000000003,4.5305599999999994E-08,-0.018136000000000003,3.335E-07,-3.2908E-07
0.12000000000000001,0.75,0.018836000000000002,4.4259799999999996E-08,-0.018826000000000002,3.3342E-07,-3.2934E-07
0.125,0.75,0.0195,4.3253199999999995E-08,-0.01949,3.3336E-07,-3.2939999999999997E-07
0.13,0.75,0.020162000000000003,4.2274199999999996E-08,-0.02015,3.334E-07,-3.2956E-07
0.135,0.75,0.020814000000000003,4.1315599999999996E-08,-0.020802,3.3328E-07,-3.2976E-07
0.14,0.75,0.021448000000000002,4.04E-08,-0.021434,3.3326E-07,-3.2981999999999997E-07
0.14500000000000002,0.75,0.022078,3.9508199999999996E-08,-0.022066000000000002,3.3331999999999997E-07,-3.3E-07
0.15,0.75,0.022686,3.8637599999999997E-08,-0.022676,3.3324E-07,-3.3009999999999997E-07
0.155,0.75,0.023296,3.77894E-08,-0.023286,3.3326E-07,-3.3026E-07
0.16,0.75,0.023884000000000002,3.6986E-08,-0.023870000000000002,3.3336E-07,-3.3044E-07
0.165,0.75,0.024466,3.61968E-08,-0.024452,3.3326E-07,-3.305E-07
0.17,0.75,0.025028,3.5445799999999994E-08,-0.02502,3.3326E-07,-3.3072E-07
0.17500000000000002,0.75,0.025588000000000003,3.4701999999999995E-08,-0.025576,3.3322E-07,-3.3084E-07
0.18000000000000002,0.75,0.02612,3.401E-08,-0.026114000000000002,3.3314E-07,-3.3096E-07
0.185,0.75,0.026658,3.3308199999999994E-08,-0.026642000000000002,3.3316E-07,-3.3114E-07
0.19,0.75,0.027172,3.2666599999999996E-08,-0.027156000000000003,3.3322E-07,-3.3152E-07
0.195,0.75,0.027676000000000003,3.20162E-08,-0.027668,3.3317999999999997E-07,-3.3132E-07
0.2,0.75,0.028162000000000003,3.1402199999999996E-08,-0.02815,3.3328E-07,-3.3149999999999997E-07
0.20500000000000002,0.75,0.028640000000000002,3.0816599999999996E-08,-0.028626000000000002,3.3322E-07,-3.3168E-07
0.21000000000000002,0.75,0.029104,3.02382E-08,-0.029092000000000003,3.3324E-07,-3.3174E-07
0.215,0.75,0.029552000000000002,2.9684399999999998E-08,-0.029534,3.3326E-07,-3.3191999999999997E-07
0.22,0.75,0.029990000000000003,2.9139799999999997E-08,-0.029980000000000003,3.3328E-07,-3.3205999999999997E-07
0.225,0.75,0.030410000000000003,2.8632399999999996E-08,-0.030398,3.333E-07,-3.3228E-07
0.23,0.75,0.030820000000000004,2.8121799999999998E-08,-0.030812000000000003,3.3326E-07,-3.3228E-07
0.23500000000000001,0.75,0.031216000000000004,2.7658599999999998E-08,-0.031206,3.333E-07,-3.3254E-07
0.24000000000000002,0.75,0.031606,2.7192399999999998E-08,-0.031592,3.3328E-07,-3.327E-07
0.24500000000000002,0.75,0.031974,2.6752599999999996E-08,-0.03196,3.3334E-07,-3.3286E-07
0.25,0.75,0.032330000000000005,2.6328999999999997E-08,-0.032322000000000004,3.3338E-07,-3.3294E-07
0.255,0.75,0.032668,2.5919399999999997E-08,-0.032666,3.3331999999999997E-07,-3.3312E-07
0.26,0.75,0.033004000000000006,2.5535799999999997E-08,-0.032990000000000005,3.3331999999999997E-07,-3.3328E-07
0.265,0.75,0.03332,2.51556E-08,-0.033312,3.3344E-07,-3.334E-07
0.27,0.75,0.033624,2.4803199999999998E-08,-0.033616,3.3344E-07,-3.335E-07
0.275,0.75,0.033916,2.4453599999999997E-08,-0.033908,3.3345999999999997E-07,-3.3372E-07
0.28,0.75,0.034198000000000006,2.4123199999999998E-08,-0.034184000000000006,3.3342E-07,-3.338E-07
0.28500000000000003,0.75,0.034472,2.3797599999999997E-08,-0.034458,3.3345999999999997E-07,-3.3398E-07
0.29000000000000004,0.75,0.034722,2.35E-08,-0.034706,3.3352E-07,-3.3414E-07
0.29500000000000004,0.75,0.03497,2.3207599999999997E-08,-0.034960000000000005,3.3354E-07,-3.3426E-07
0.3,0.75,0.035202000000000004,2.29318E-08,-0.035190000000000006,3.335E-07,-3.3443999999999997E-07
0.305,0.75,0.035422,2.26636E-08,-0.035412000000000006,3.3354E-07,-3.3457999999999997E-07
0.31,0.75,0.035632000000000004,2.2412399999999998E-08,-0.035618000000000004,3.335E-07,-3.3468E-07
0.315,0.75,0.035834000000000005,2.2174199999999998E-08,-0.035824,3.3386E-07,-3.3522E-07
0.32,0.75,0.036026,2.1942399999999997E-08,-0.036012,3.3358E-07,-3.3499999999999997E-07
0.325,0.75,0.036206,2.1724399999999998E-08,-0.036194000000000004,3.3368E-07,-3.3516E-07
0.33,0.75,0.036376000000000006,2.1513399999999997E-08,-0.036364,3.337E-07,-3.3522E-07
0.335,0.75,0.03654,2.1315399999999998E-08,-0.036524,3.3373999999999997E-07,-3.3544E-07
0.34,0.75,0.036688000000000005,2.1131399999999998E-08,-0.036674000000000005,3.3372E-07,-3.355E-07
0.34500000000000003,0.75,0.036834000000000006,2.09544E-08,-0.036824,3.3376E-07,-3.3578E-07
0.35000000000000003,0.75,0.03697,2.0787399999999998E-08,-0.036956,3.341E-07,-3.3604E-07
0.35500000000000004,0.75,0.037096000000000004,2.06172E-08,-0.037086,3.3384E-07,-3.36E-07
0.36000000000000004,0.75,0.037216000000000006,2.0464599999999997E-08,-0.037206,3.3384E-07,-3.3611999999999997E-07
0.365,0.75,0.03733,2.0321599999999996E-08,-0.037320000000000006,3.3392E-07,-3.3636E-07
0.37,0.75,0.037438000000000006,2.0181599999999997E-08,-0.037430000000000005,3.339E-07,-3.3639999999999997E-07
0.375,0.75,0.037542000000000006,2.00502E-08,-0.037528000000000006,3.3396E-07,-3.3664E-07
0.38,0.75,0.037630000000000004,1.99334E-08,-0.037622,3.3394E-07,-3.3676E-07
0.385,0.75,0.037720000000000004,1.9811599999999997E-08,-0.037712,3.3392E-07,-3.369E-07
0.39,0.75,0.0378,1.96988E-08,-0.037794,3.3404E-07,-3.3704E-07
0.395,0.75,0.037878,1.9596E-08,-0.037868000000000006,3.34E-07,-3.3722E-07
0.4,0.75,0.037956000000000004,1.94976E-08,-0.037946,3.3414E-07,-3.373E-07
0.405,0.75,0.038026000000000004,1.94128E-08,-0.038016,3.341E-07,-3.3748E-07
0.41000000000000003,0.75,0.038094,1.9312599999999997E-08,-0.038078,3.341E-07,-3.3765999999999997E-07
0.41500000000000004,0.75,0.038152000000000005,1.92326E-08,-0.038144000000000004,3.3418E-07,-3.3784E-07
0.42000000000000004,0.75,0.038208000000000006,1.9151599999999997E-08,-0.038202000000000007,3.3454E-07,-3.3816E-07
0.42500000000000004,0.75,0.038262000000000004,1.90792E-08,-0.038256000000000005,3.3428E-07,-3.3806E-07
0.43,0.75,0.038316,1.90048E-08,-0.038308,3.3429999999999997E-07,-3.3824E-07
0.435,0.75,0.038364,1.8941799999999998E-08,-0.038352000000000004,3.3424E-07,-3.3838E-07
0.44,0.75,0.038414000000000004,1.8871199999999998E-08,-0.038402000000000006,3.3434E-07,-3.3854E-07
0.445,0.75,0.038452,1.88124E-08,-0.038448,3.3468E-07,-3.39E-07
0.45,0.75,0.038494,1.8753399999999998E-08,-0.038488,3.3446E-07,-3.3898E-07
0.455,0.75,0.038538,1.8701399999999998E-08,-0.038522,3.3442E-07,-3.3891999999999997E-07
0.46,0.75,0.038572,1.86458E-08,-0.038566,3.3454E-07,-3.3919999999999997E-07
0.465,0.75,0.038608,1.85966E-08,-0.038596000000000005,3.3443999999999997E-07,-3.393E-07
0.47000000000000003,0.75,0.038646000000000007,1.8543999999999997E-08,-0.038630000000000005,3.3454E-07,-3.3938E-07
0.47500000000000003,0.75,0.038676,1.85012E-08,-0.03867,3.3457999999999997E-07,-3.3952E-07
0.48000000000000004,0.75,0.038704,1.8445199999999998E-08,-0.038696,3.346E-07,-3.3972E-07
0.48500000000000004,0.75,0.038736000000000007,1.8411E-08,-0.038728000000000005,3.346E-07,-3.3986E-07
0.49000000000000005,0.75,0.038768000000000004,1.83708E-08,-0.038754000000000004,3.347E-07,-3.4E-07
0.49500000000000005,0.75,0.038792,1.83352E-08,-0.038782000000000004,3.3468E-07,-3.4014E-07
0.5,0.75,0.038822,1.8290199999999998E-08,-0.038806,3.3478E-07,-3.4038E-07
0.505,0.75,0.03885,1.82502E-08,-0.038838000000000004,3.3482E-07,-3.4048E-07
0.51,0.75,0.03887,1.82226E-08,-0.038860000000000006,3.3484E-07,-3.4058E-07
0.515,0.75,0.038894000000000005,1.8192399999999997E-08,-0.038884,3.3484E-07,-3.4066E-07
0.52,0.75,0.03892,1.8158199999999997E-08,-0.03891,3.3484E-07,-3.4086E-07
0.525,0.75,0.038942000000000004,1.81208E-08,-0.038932,3.3494E-07,-3.411E-07
0.53,0.75,0.038966,1.8088199999999997E-08,-0.038952,3.3502E-07,-3.4122E-07
0.535,0.75,0.038984000000000005,1.8061399999999997E-08,-0.038974,3.3499999999999997E-07,-3.4148E-07
0.54,0.75,0.039006000000000006,1.8031799999999998E-08,-0.038996,3.3502E-07,-3.4148E-07
0.545,0.75,0.03903,1.80046E-08,-0.039016,3.351E-07,-3.417E-07
0.55,0.75,0.039048000000000006,1.79688E-08,-0.039038,3.3516E-07,-3.4176E-07
0.555,0.75,0.039074000000000005,1.7945199999999997E-08,-0.039060000000000004,3.351E-07,-3.4184E-07
0.56,0.75,0.039090000000000007,1.79188E-08,-0.039076000000000007,3.352E-07,-3.4206E-07
0.56500000000000006,0.75,0.039108000000000004,1.7896999999999998E-08,-0.039094000000000004,3.3526E-07,-3.422E-07
0.57000000000000006,0.75,0.039128,1.7868599999999998E-08,-0.039114,3.3534E-07,-3.4244E-07
0.57500000000000007,0.75,0.039146,1.7845599999999998E-08,-0.039136000000000004,3.3527999999999997E-07,-3.4251999999999997E-07
0.58000000000000007,0.75,0.039166000000000006,1.7817999999999998E-08,-0.039152000000000006,3.3534E-07,-3.4274E-07
0.58500000000000008,0.75,0.039182,1.77928E-08,-0.039172000000000005,3.3541999999999997E-07,-3.429E-07
0.59000000000000008,0.75,0.039196,1.7772599999999998E-08,-0.039188,3.3546E-07,-3.4307999999999997E-07
0.595,0.75,0.039218,1.7745799999999998E-08,-0.039206000000000005,3.3554E-07,-3.433E-07
0.6,0.75,0.039234000000000005,1.77274E-08,-0.039224,3.3564E-07,-3.4335999999999997E-07
0.605,0.75,0.03925,1.7699599999999998E-08,-0.039240000000000004,3.3558E-07,-3.4349999999999997E-07
0.61,0.75,0.039268000000000004,1.7677199999999998E-08,-0.03926,3.3566E-07,-3.438E-07
0.615,0.75,0.039286,1.7661E-08,-0.039274,3.3574E-07,-3.439E-07
0.62,0.75,0.0393,1.7636799999999997E-08,-0.039292,3.3578E-07,-3.4418E-07
0.625,0.75,0.039318000000000006,1.7615E-08,-0.039306,3.3576E-07,-3.4432E-07
0.63,0.75,0.039336,1.7592999999999997E-08,-0.039326000000000007,3.3574E-07,-3.4432E-07
0.635,0.75,0.03935,1.75828E-08,-0.039338000000000005,3.3583999999999997E-07,-3.4464E-07
0.64,0.75,0.039368,1.75524E-08,-0.039352000000000005,3.359E-07,-3.4475999999999997E-07
0.645,0.75,0.039378,1.7533E-08,-0.03937,3.3592E-07,-3.4498E-07
0.65,0.75,0.039396,1.7516999999999997E-08,-0.039386000000000004,3.3602E-07,-3.4512E-07
0.655,0.75,0.039412,1.74958E-08,-0.039400000000000004,3.3602E-07,-3.4538E-07
0.66,0.75,0.039426,1.74766E-08,-0.039416000000000007,3.361E-07,-3.4552E-07
0.665,0.75,0.039444000000000007,1.7461199999999998E-08,-0.039436000000000006,3.3611999999999997E-07,-3.4566E-07
0.67,0.75,0.03946,1.7440999999999997E-08,-0.039448000000000004,3.362E-07,-3.459E-07
0.675,0.75,0.039474,1.74252E-08,-0.039462000000000004,3.3628E-07,-3.4608E-07
0.68,0.75,0.039490000000000004,1.7408399999999998E-08,-0.039478000000000006,3.3636E-07,-3.465E-07
0.685,0.75,0.039508,1.7385199999999997E-08,-0.039494,3.3628E-07,-3.4654E-07
0.69000000000000006,0.75,0.039516,1.73692E-08,-0.039508,3.3628E-07,-3.4666E-07
0.69500000000000006,0.75,0.039532000000000005,1.73498E-08,-0.039524000000000004,3.3639999999999997E-07,-3.4694E-07
0.70000000000000007,0.75,0.039546000000000005,1.7330199999999998E-08,-0.039538000000000004,3.3638E-07,-3.4698E-07
0.70500000000000007,0.75,0.039562000000000007,1.7314399999999997E-08,-0.039552000000000004,3.3648E-07,-3.4716E-07
0.71000000000000008,0.75,0.039572,1.72956E-08,-0.039568000000000006,3.3653999999999997E-07,-3.4748E-07
0.71500000000000008,0.75,0.039588000000000005,1.7277999999999998E-08,-0.039580000000000004,3.3653999999999997E-07,-3.476E-07
0.72000000000000008,0.75,0.039606,1.72604E-08,-0.039592,3.3666E-07,-3.4786E-07
0.72500000000000009,0.75,0.039618,1.72456E-08,-0.039608000000000004,3.3678E-07,-3.4834E-07
0.73,0.75,0.039632,1.72316E-08,-0.039618,3.369E-07,-3.4825999999999997E-07
0.735,0.75,0.039650000000000005,1.7207999999999998E-08,-0.039638000000000007,3.3674E-07,-3.4844E-07
0.74,0.75,0.039658000000000006,1.71934E-08,-0.039650000000000005,3.3688E-07,-3.4872E-07
0.745,0.75,0.039676,1.7174399999999997E-08,-0.039666000000000007,3.3692E-07,-3.4881999999999997E-07
0.75,0.75,0.039686000000000006,1.7163399999999998E-08,-0.03968,3.3686E-07,-3.4894E-07
0.755,0.75,0.039696,1.7149799999999997E-08,-0.03969,3.3702E-07,-3.4928E-07
0.76,0.75,0.039712000000000004,1.71248E-08,-0.039706000000000005,3.37E-07,-3.4948E-07
0.765,0.75,0.039728000000000006,1.7107E-08,-0.039718,3.3704E-07,-3.497E-07
0.77,0.75,0.039742000000000006,1.70908E-08,-0.039732,3.3712E-07,-3.4992E-07
0.775,0.75,0.039754000000000005,1.7084E-08,-0.039736,3.3714E-07,-3.5007999999999997E-07
0.78,0.75,0.039764,1.70534E-08,-0.039756000000000007,3.3712E-07,-3.5038E-07
0.785,0.75,0.03978,1.7037E-08,-0.039774000000000004,3.3746E-07,-3.5044E-07
0.79,0.75,0.039794,1.70238E-08,-0.039782000000000005,3.3728E-07,-3.5082E-07
0.795,0.75,0.039810000000000005,1.7004799999999998E-08,-0.0398,3.3728E-07,-3.5102E-07
0.8,0.75,0.039822,1.6991E-08,-0.039808,3.3742E-07,-3.5126E-07
0.805,0.75,0.039834,1.69714E-08,-0.03982,3.3744E-07,-3.5144E-07
0.81,0.75,0.039848,1.6948799999999998E-08,-0.039832000000000006,3.3778E-07,-3.5202E-07
0.81500000000000006,0.75,0.039856,1.6934599999999997E-08,-0.039846000000000006,3.3782E-07,-3.5231999999999997E-07
0.82000000000000006,0.75,0.039872000000000005,1.6916799999999998E-08,-0.039860000000000007,3.3762E-07,-3.5212E-07
0.82500000000000007,0.75,0.039882,1.6895999999999998E-08,-0.03987,3.3758E-07,-3.5262E-07
0.83000000000000007,0.75,0.039898,1.6884599999999997E-08,-0.039888000000000007,3.3774E-07,-3.5278E-07
0.83500000000000008,0.75,0.039904,1.6863999999999998E-08,-0.039896,3.3792E-07,-3.5292E-07
0.84000000000000008,0.75,0.039920000000000004,1.6842199999999997E-08,-0.03991,3.3778E-07,-3.5304E-07
0.84500000000000008,0.75,0.039934000000000004,1.6824999999999997E-08,-0.039928000000000005,3.3793999999999997E-07,-3.5357999999999997E-07
0.85000000000000009,0.75,0.039946,1.6812599999999998E-08,-0.039932,3.3792E-07,-3.537E-07
0.85500000000000009,0.75,0.039956000000000005,1.6798399999999998E-08,-0.039948000000000004,3.3798E-07,-3.5392E-07
0.86,0.75,0.039968000000000004,1.67772E-08,-0.039962000000000004,3.3802E-07,-3.5416E-07
0.865,0.75,0.039986,1.67608E-08,-0.039972,3.3814E-07,-3.544E-07
0.87,0.75,0.039996000000000004,1.6737999999999997E-08,-0.039984000000000006,3.3814E-07,-3.5472E-07
0.875,0.75,0.040006000000000007,1.6716599999999998E-08,-0.04,3.3814E-07,-3.5502E-07
0.88,0.75,0.040018000000000005,1.67028E-08,-0.040008,3.383E-07,-3.5518E-07
0.885,0.75,0.04003,1.6681999999999997E-08,-0.040018000000000005,3.3842E-07,-3.5554E-07
0.89,0.75,0.040042,1.66588E-08,-0.040032000000000005,3.3826E-07,-3.557E-07
0.895,0.75,0.040056,1.66372E-08,-0.040046000000000005,3.3838E-07,-3.561E-07
0.9,0.75,0.040066000000000004,1.66148E-08,-0.040058,3.384E-07,-3.565E-07
0,0.9,-0.00012008,3.2848E-07,0.00011800000000000001,3.3569999999999997E-07,-3.2652E-07
0.005,0.9,0.00086896,3.1818E-07,-0.00086664,3.3568E-07,-3.2673999999999997E-07
0.01,0.9,0.0018344000000000001,3.0854E-07,-0.0018356,3.3534E-07,-3.2698E-07
0.015000000000000001,0.9,0.0028158000000000002,2.9916E-07,-0.0028166000000000003,3.3524E-07,-3.271E-07
0.02,0.9,0.0037762,2.9022E-07,-0.0037766,3.3518E-07,-3.2732E-07
0.025,0.9,0.0047456,2.8142E-07,-0.0047504,3.3504E-07,-3.274E-07
0.030000000000000002,0.9,0.0057002,2.7299999999999997E-07,-0.0057032,3.3536E-07,-3.2792E-07
0.035,0.9,0.0066686,2.6476E-07,-0.0066676,3.3484E-07,-3.2768E-07
0.04,0.9,0.0076136,2.5692E-07,-0.007614,3.3488E-07,-3.2778E-07
0.045000000000000005,0.9,0.0085696,2.4926E-07,-0.0085748,3.3478E-07,-3.2799999999999997E-07
0.05,0.9,0.0095074000000000009,2.4198E-07,-0.0095088,3.3494E-07,-3.284E-07
0.055,0.9,0.0104596,2.3476E-07,-0.0104574,3.3476E-07,-3.2816E-07
0.060000000000000005,0.9,0.011388200000000001,2.2794E-07,-0.011388200000000001,3.3462E-07,-3.283E-07
0.065,0.9,0.012338000000000002,2.2134E-07,-0.012324000000000002,3.3454E-07,-3.2848E-07
0.07,0.9,0.013272,2.148E-07,-0.013262000000000001,3.3436E-07,-3.2869999999999997E-07
0.075,0.9,0.014184,2.0864E-07,-0.014174,3.3429999999999997E-07,-3.2878E-07
0.08,0.9,0.015112000000000002,2.0258E-07,-0.015104000000000001,3.3432E-07,-3.2886E-07
0.085,0.9,0.016020000000000003,1.9684E-07,-0.016008,3.3434E-07,-3.2897999999999997E-07
0.090000000000000011,0.9,0.016938,1.9122E-07,-0.016924,3.3415999999999997E-07,-3.2908E-07
0.095,0.9,0.017836,1.8582E-07,-0.017822,3.341E-07,-3.293E-07
0.1,0.9,0.018746000000000002,1.8052E-07,-0.018728,3.3406E-07,-3.2938E-07
0.10500000000000001,0.9,0.01963,1.7552E-07,-0.019616,3.3408E-07,-3.2952E-07
0.11,0.9,0.020522000000000002,1.7064E-07,-0.020516000000000003,3.3406E-07,-3.297E-07
0.115,0.9,0.021400000000000002,1.6588E-07,-0.021388,3.3398E-07,-3.2966E-07
0.12000000000000001,0.9,0.022282000000000003,1.6135999999999998E-07,-0.02227,3.3394E-07,-3.2984E-07
0.125,0.9,0.02315,1.5694E-07,-0.02314,3.3386E-07,-3.2995999999999997E-07
0.13,0.9,0.024008,1.5269999999999998E-07,-0.023994,3.34E-07,-3.3008E-07
0.135,0.9,0.024872000000000002,1.4854E-07,-0.024862000000000002,3.339E-07,-3.303E-07
0.14,0.9,0.025726000000000002,1.4456E-07,-0.025706000000000003,3.3398E-07,-3.3044E-07
0.14500000000000002,0.9,0.026566000000000003,1.4066E-07,-0.026564,3.3387999999999997E-07,-3.305E-07
0.15,0.9,0.027408000000000002,1.3698E-07,-0.027394,3.3387999999999997E-07,-3.3064E-07
0.155,0.9,0.02825,1.3324E-07,-0.028236000000000004,3.3384E-07,-3.3078E-07
0.16,0.9,0.029068000000000004,1.2978E-07,-0.029058000000000004,3.3386E-07,-3.3096E-07
0.165,0.9,0.029896000000000002,1.2634E-07,-0.029886000000000003,3.3378E-07,-3.3104E-07
0.17,0.9,0.030704000000000002,1.2312E-07,-0.030690000000000002,3.338E-07,-3.312E-07
0.17500000000000002,0.9,0.031514,1.1992E-07,-0.031502,3.3376E-07,-3.3128E-07
0.18000000000000002,0.9,0.032308,1.1683999999999999E-07,-0.032296000000000005,3.3378E-07,-3.3132E-07
0.185,0.9,0.033106000000000003,1.1386E-07,-0.033094000000000005,3.338E-07,-3.3162E-07
0.19,0.9,0.033884000000000004,1.11E-07,-0.033872000000000006,3.3386E-07,-3.317E-07
0.195,0.9,0.034672,1.0817999999999999E-07,-0.03466,3.3384E-07,-3.319E-07
0.2,0.9,0.035432000000000005,1.0552E-07,-0.035418000000000005,3.3392E-07,-3.3204E-07
0.20500000000000002,0.9,0.03619,1.0287999999999999E-07,-0.036180000000000004,3.3382E-07,-3.3218E-07
0.21000000000000002,0.9,0.036946000000000007,1.0042E-07,-0.036938000000000006,3.3376E-07,-3.3232E-07
0.215,0.9,0.037684,9.79438E-08,-0.037672000000000004,3.34E-07,-3.3238E-07
0.22,0.9,0.038422000000000005,9.5539599999999986E-08,-0.038414000000000004,3.3387999999999997E-07,-3.3258E-07
0.225,0.9,0.039150000000000004,9.3287599999999986E-08,-0.039136000000000004,3.3392E-07,-3.3275999999999997E-07
0.23,0.9,0.039876,9.10426E-08,-0.039866000000000006,3.3396E-07,-3.3298E-07
0.23500000000000001,0.9,0.040582000000000007,8.8928999999999989E-08,-0.04057,3.3394E-07,-3.3303999999999997E-07
0.24000000000000002,0.9,0.041286,8.68418E-08,-0.041274000000000005,3.3401999999999997E-07,-3.333E-07
0.24500000000000002,0.9,0.04197,8.4885399999999991E-08,-0.041960000000000004,3.3394E-07,-3.3336E-07
0.25,0.9,0.042662000000000005,8.28968E-08,-0.042652,3.3406E-07,-3.3356E-07
0.255,0.9,0.043328000000000005,8.1027799999999992E-08,-0.043318,3.3408E-07,-3.3362E-07
0.26,0.9,0.043998,7.92318E-08,-0.043988000000000006,3.3415999999999997E-07,-3.338E-07
0.265,0.9,0.044648000000000007,7.74652E-08,-0.044636,3.3414E-07,-3.3394E-07
0.27,0.9,0.045288,7.57808E-08,-0.045276000000000004,3.3418E-07,-3.3412E-07
0.275,0.9,0.045928000000000004,7.4130999999999991E-08,-0.04592,3.3429999999999997E-07,-3.3426E-07
0.28,0.9,0.046546000000000004,7.25446E-08,-0.046536,3.3418E-07,-3.3446E-07
0.28500000000000003,0.9,0.047160000000000007,7.09994E-08,-0.047154,3.3432E-07,-3.3466E-07
0.29000000000000004,0.9,0.047766,6.9529599999999993E-08,-0.047760000000000004,3.3434E-07,-3.3474E-07
0.29500000000000004,0.9,0.048362,6.80646E-08,-0.048348,3.3436E-07,-3.3496E-07
0.3,0.9,0.048940000000000004,6.6701399999999991E-08,-0.048928000000000006,3.3443999999999997E-07,-3.3513999999999997E-07
0.305,0.9,0.049518000000000006,6.53362E-08,-0.049506,3.3442E-07,-3.3522E-07
0.31,0.9,0.050076,6.40378E-08,-0.050058000000000005,3.3446E-07,-3.3538E-07
0.315,0.9,0.050626000000000004,6.2781399999999993E-08,-0.050614000000000006,3.3454E-07,-3.3562E-07
0.32,0.9,0.051160000000000004,6.15778E-08,-0.051148000000000006,3.3454E-07,-3.3572E-07
0.325,0.9,0.051690000000000007,6.04196E-08,-0.051678,3.3478E-07,-3.3597999999999997E-07
0.33,0.9,0.0522,5.9297199999999996E-08,-0.052192,3.3476E-07,-3.3604E-07
0.335,0.9,0.052708000000000005,5.8205999999999992E-08,-0.052698,3.3471999999999997E-07,-3.3618E-07
0.34,0.9,0.053196000000000007,5.7153199999999993E-08,-0.053184,3.3478E-07,-3.3644E-07
0.34500000000000003,0.9,0.053680000000000005,5.6123999999999994E-08,-0.053672000000000004,3.3484E-07,-3.3653999999999997E-07
0.35000000000000003,0.9,0.054150000000000004,5.51454E-08,-0.054136000000000004,3.3494E-07,-3.3681999999999997E-07
0.35500000000000004,0.9,0.054608000000000004,5.41998E-08,-0.0546,3.3499999999999997E-07,-3.3694E-07
0.36000000000000004,0.9,0.05505,5.33156E-08,-0.055040000000000006,3.351E-07,-3.3716E-07
0.365,0.9,0.055486000000000008,5.2414799999999992E-08,-0.055476000000000004,3.3513999999999997E-07,-3.373E-07
0.37,0.9,0.055908000000000006,5.15624E-08,-0.055894000000000006,3.3522E-07,-3.3751999999999997E-07
0.375,0.9,0.056324000000000006,5.0760599999999992E-08,-0.056312000000000008,3.3524E-07,-3.376E-07
0.38,0.9,0.056720000000000007,4.9982599999999997E-08,-0.05671,3.3527999999999997E-07,-3.3778E-07
0.385,0.9,0.057100000000000005,4.9233599999999994E-08,-0.057094000000000006,3.3536E-07,-3.3802E-07
0.39,0.9,0.057482000000000005,4.84978E-08,-0.057472,3.3541999999999997E-07,-3.3818E-07
0.395,0.9,0.057844000000000007,4.7801999999999994E-08,-0.057832000000000008,3.3548E-07,-3.3838E-07
0.4,0.9,0.058194,4.7124999999999994E-08,-0.058190000000000006,3.3564E-07,-3.386E-07
0.405,0.9,0.058538000000000007,4.6482399999999994E-08,-0.058526,3.3568E-07,-3.3868E-07
0.41000000000000003,0.9,0.058866,4.5875799999999996E-08,-0.058856000000000006,3.3582E-07,-3.3898E-07
0.41500000000000004,0.9,0.059188000000000004,4.5268199999999996E-08,-0.059174000000000004,3.3582E-07,-3.3916E-07
0.42000000000000004,0.9,0.059496000000000007,4.46774E-08,-0.059488000000000006,3.3586E-07,-3.3928E-07
0.42500000000000004,0.9,0.05979,4.41404E-08,-0.059778000000000005,3.36E-07,-3.3956E-07
0.43,0.9,0.060072000000000007,4.36062E-08,-0.060068,3.3606E-07,-3.3972E-07
0.435,0.9,0.060350000000000008,4.3103399999999994E-08,-0.060338,3.361E-07,-3.3998E-07
0.44,0.9,0.060618000000000005,4.26186E-08,-0.060604000000000005,3.3624E-07,-3.4014E-07
0.445,0.9,0.060870000000000007,4.21642E-08,-0.060854000000000005,3.3624E-07,-3.4032E-07
0.45,0.9,0.061110000000000005,4.172E-08,-0.061100000000000008,3.3634E-07,-3.4044E-07
0.455,0.9,0.061344,4.13002E-08,-0.06133,3.365E-07,-3.4078E-07
0.46,0.9,0.061566,4.0894199999999993E-08,-0.061560000000000004,3.366E-07,-3.4098E-07
0.465,0.9,0.061780000000000009,4.0502399999999996E-08,-0.061770000000000005,3.367E-07,-3.411E-07
0.47000000000000003,0.9,0.061988000000000008,4.0140399999999996E-08,-0.061978000000000005,3.3666E-07,-3.4132E-07
0.47500000000000003,0.9,0.062174000000000007,3.9794199999999996E-08,-0.062166000000000006,3.3674E-07,-3.4153999999999997E-07
0.48000000000000004,0.9,0.062366000000000005,3.9457999999999995E-08,-0.062356000000000009,3.3686E-07,-3.4166E-07
0.48500000000000004,0.9,0.062540000000000012,3.91292E-08,-0.062536000000000008,3.3695999999999997E-07,-3.4195999999999997E-07
0.49000000000000005,0.9,0.06271,3.88328E-08,-0.062702000000000008,3.3698E-07,-3.4212E-07
0.49500000000000005,0.9,0.062874,3.85516E-08,-0.062866,3.3714E-07,-3.423E-07
0.5,0.9,0.06303,3.8280599999999995E-08,-0.063022000000000009,3.3718E-07,-3.425E-07
0.505,0.9,0.063178000000000012,3.8000599999999996E-08,-0.063168,3.373E-07,-3.4268E-07
0.51,0.9,0.063314000000000009,3.77522E-08,-0.063306,3.3732E-07,-3.429E-07
0.515,0.9,0.063448,3.75174E-08,-0.063434,3.3732E-07,-3.4307999999999997E-07
0.52,0.9,0.063574,3.72956E-08,-0.063558,3.375E-07,-3.433E-07
0.525,0.9,0.063686,3.7089599999999995E-08,-0.06368,3.376E-07,-3.4354E-07
0.53,0.9,0.063804,3.68728E-08,-0.063792,3.3758E-07,-3.4362E-07
0.535,0.9,0.063910000000000008,3.6682599999999997E-08,-0.063902,3.3776E-07,-3.439E-07
0.54,0.9,0.064016,3.65008E-08,-0.064002,3.3788E-07,-3.4408E-07
0.545,0.9,0.064108000000000012,3.6327799999999995E-08,-0.06410600000000001,3.38E-07,-3.443E-07
0.55,0.9,0.064206,3.6169199999999995E-08,-0.064194,3.3802E-07,-3.445E-07
0.555,0.9,0.064288000000000012,3.6005199999999995E-08,-0.064278,3.3807999999999997E-07,-3.4498E-07
0.56,0.9,0.064372000000000013,3.5849799999999996E-08,-0.064362,3.3816E-07,-3.4486E-07
0.56500000000000006,0.9,0.064452000000000009,3.5709399999999994E-08,-0.064438000000000009,3.383E-07,-3.4512E-07
0.57000000000000006,0.9,0.064526,3.5589999999999996E-08,-0.064516,3.3834E-07,-3.4534E-07
0.57500000000000007,0.9,0.064592000000000011,3.54292E-08,-0.064584,3.3846E-07,-3.4542E-07
0.58000000000000007,0.9,0.064662000000000011,3.53432E-08,-0.064654,3.3854E-07,-3.4578E-07
0.58500000000000008,0.9,0.06472,3.5231E-08,-0.064712,3.3862E-07,-3.4596E-07
0.59000000000000008,0.9,0.064788000000000012,3.5114799999999996E-08,-0.06477200000000001,3.3862E-07,-3.461E-07
0.595,0.9,0.064842000000000011,3.50184E-08,-0.064834,3.3876E-07,-3.4642E-07
0.6,0.9,0.0649,3.4904799999999996E-08,-0.064888,3.3894E-07,-3.4648E-07
0.605,0.9,0.064950000000000008,3.4839199999999996E-08,-0.064940000000000012,3.3888E-07,-3.4671999999999997E-07
0.61,0.9,0.065,3.4734399999999994E-08,-0.064986,3.391E-07,-3.469E-07
0.615,0.9,0.065050000000000011,3.4659399999999995E-08,-0.065034000000000008,3.3916E-07,-3.472E-07
0.62,0.9,0.065096,3.4587799999999994E-08,-0.065078000000000011,3.3922E-07,-3.4741999999999997E-07
0.625,0.9,0.06514,3.4497599999999994E-08,-0.065124,3.3936E-07,-3.4766E-07
0.63,0.9,0.06518,3.4424E-08,-0.065164,3.3936E-07,-3.4778E-07
0.635,0.9,0.06522,3.43546E-08,-0.06521,3.3954E-07,-3.4802E-07
0.64,0.9,0.065256000000000008,3.42972E-08,-0.065246000000000012,3.3956E-07,-3.4825999999999997E-07
0.645,0.9,0.065296,3.4235599999999995E-08,-0.065284000000000009,3.3972E-07,-3.4856E-07
0.65,0.9,0.06533,3.41698E-08,-0.065318,3.3982E-07,-3.4862E-07
0.655,0.9,0.065364,3.41242E-08,-0.06535,3.3992E-07,-3.4886E-07
0.66,0.9,0.06539600000000001,3.4052799999999996E-08,-0.06539,3.3996E-07,-3.4909999999999997E-07
0.665,0.9,0.065428,3.40068E-08,-0.065416,3.4004E-07,-3.4934E-07
0.67,0.9,0.065468000000000012,3.39586E-08,-0.065450000000000008,3.4012E-07,-3.4954E-07
0.675,0.9,0.065496000000000013,3.3907399999999996E-08,-0.065482000000000012,3.4022E-07,-3.4979999999999997E-07
0.68,0.9,0.065526,3.3855599999999994E-08,-0.065516,3.4032E-07,-3.5002E-07
0.685,0.9,0.065552,3.38076E-08,-0.065542,3.4038E-07,-3.5034E-07
0.69000000000000006,0.9,0.065578000000000011,3.3777799999999996E-08,-0.065568,3.4048E-07,-3.5042E-07
0.69500000000000006,0.9,0.065608,3.3724199999999996E-08,-0.065592000000000011,3.406E-07,-3.507E-07
0.70000000000000007,0.9,0.065634000000000012,3.3687599999999995E-08,-0.06561800000000001,3.4068E-07,-3.5102E-07
0.70500000000000007,0.9,0.065662000000000012,3.3644E-08,-0.065648000000000012,3.4078E-07,-3.515E-07
0.71000000000000008,0.9,0.065686000000000008,3.35932E-08,-0.065672000000000008,3.409E-07,-3.5142E-07
0.71500000000000008,0.9,0.06571,3.3566199999999995E-08,-0.065698,3.4096E-07,-3.5168E-07
0.72000000000000008,0.9,0.065734,3.3520399999999994E-08,-0.065724,3.4106E-07,-3.5196E-07
0.72500000000000009,0.9,0.065756000000000009,3.3488599999999995E-08,-0.065742000000000009,3.412E-07,-3.5216E-07
0.73,0.9,0.065782000000000007,3.3456E-08,-0.065766,3.4128E-07,-3.524E-07
0.735,0.9,0.065804,3.3423599999999994E-08,-0.06579,3.4142E-07,-3.5268E-07
0.74,0.9,0.065824000000000008,3.33876E-08,-0.065814000000000011,3.4148E-07,-3.5298E-07
0.745,0.9,0.06585,3.3357199999999996E-08,-0.06584000000000001,3.419E-07,-3.5346E-07
0.75,0.9,0.065874,3.3329999999999995E-08,-0.065856000000000012,3.416E-07,-3.5346E-07
0.755,0.9,0.06589,3.33014E-08,-0.06588200000000001,3.4178E-07,-3.5374E-07
0.76,0.9,0.065912000000000012,3.32716E-08,-0.065898000000000012,3.4178E-07,-3.5384E-07
0.765,0.9,0.065932,3.3245799999999995E-08,-0.06592,3.419E-07,-3.5422E-07
0.77,0.9,0.06596,3.3211399999999994E-08,-0.06593800000000001,3.4186E-07,-3.5436E-07
0.775,0.9,0.065976,3.3187E-08,-0.065966000000000011,3.4208E-07,-3.5464E-07
0.78,0.9,0.065994000000000011,3.3154999999999995E-08,-0.065984,3.4228E-07,-3.5494E-07
0.785,0.9,0.066018000000000007,3.3132599999999995E-08,-0.066004000000000007,3.4226E-07,-3.552E-07
0.79,0.9,0.066032000000000007,3.30968E-08,-0.066024,3.4237999999999997E-07,-3.5542E-07
0.795,0.9,0.066050000000000011,3.3066399999999995E-08,-0.066042,3.4246E-07,-3.5584E-07
0.8,0.9,0.06607,3.3048999999999994E-08,-0.06606200000000001,3.426E-07,-3.5608E-07
0.805,0.9,0.066096,3.30228E-08,-0.066082,3.4268E-07,-3.5642E-07
0.81,0.9,0.06611,3.3E-08,-0.066102000000000008,3.4284E-07,-3.5654E-07
0.81500000000000006,0.9,0.06613200000000001,3.2978999999999994E-08,-0.066116000000000008,3.4288E-07,-3.5686E-07
0.82000000000000006,0.9,0.066148000000000012,3.2942799999999995E-08,-0.066138,3.4328E-07,-3.575E-07
0.82500000000000007,0.9,0.066162000000000012,3.29218E-08,-0.066154,3.4306E-07,-3.574E-07
0.83000000000000007,0.9,0.066182,3.29026E-08,-0.066174000000000011,3.4318E-07,-3.5778E-07
0.83500000000000008,0.9,0.066202000000000011,3.28688E-08,-0.06619,3.4324E-07,-3.5792E-07
0.84000000000000008,0.9,0.066218,3.28622E-08,-0.066208,3.4342E-07,-3.5829999999999997E-07
0.84500000000000008,0.9,0.066236,3.2832999999999994E-08,-0.06622,3.4348E-07,-3.5862E-07
0.85000000000000009,0.9,0.06626,3.2812199999999994E-08,-0.066246,3.4358E-07,-3.5896E-07
0.85500000000000009,0.9,0.066272000000000011,3.27948E-08,-0.06626,3.4366E-07,-3.5902E-07
0.86,0.9,0.066292,3.2775399999999996E-08,-0.066278,3.4376E-07,-3.5948E-07
0.865,0.9,0.066306,3.27494E-08,-0.066294,3.4382E-07,-3.5988E-07
0.87,0.9,0.066322,3.27452E-08,-0.066316,3.44E-07,-3.6004E-07
0.875,0.9,0.06634000000000001,3.2714199999999995E-08,-0.06633,3.441E-07,-3.6034E-07
0.88,0.9,0.066352000000000008,3.269E-08,-0.066344,3.4416E-07,-3.6074E-07
0.885,0.9,0.066378,3.2673199999999995E-08,-0.06636,3.4433999999999997E-07,-3.6109999999999997E-07
0.89,0.9,0.066392,3.2646E-08,-0.06638200000000001,3.4444E-07,-3.6144E-07
0.895,0.9,0.066404,3.26368E-08,-0.066396000000000011,3.4458E-07,-3.6165999999999997E-07
0.9,0.9,0.066424000000000011,3.261E-08,-0.066414,3.4468E-07,-3.6204E-07
