I/V Sweep,id_vgs_P
RecordTime,03/11/2025 12:17:57
Device ID,
Count,1
Flag,
Remarks,
vg,vd,id,ig,is,iavdd,ignd
1.2,0,-9.88876E-08,3.6453E-09,-8.3750000000000008E-11,4.1866E-07,-3.2348E-07
1.195,0,-9.8553E-08,3.5089E-09,-8.2700000000000009E-11,4.1823999999999997E-07,-3.2302E-07
1.19,0,-9.7934199999999993E-08,3.4656E-09,-7.863E-11,4.1735999999999997E-07,-3.2308E-07
1.185,0,-9.7420799999999985E-08,3.3888E-09,-7.4460000000000007E-11,4.171E-07,-3.2348E-07
1.1800000000000002,0,-9.68918E-08,3.3214E-09,-7.0490000000000007E-11,4.1658E-07,-3.2296E-07
1.175,0,-9.6324E-08,3.2219E-09,-6.6820000000000008E-11,4.1676E-07,-3.2354E-07
1.1700000000000002,0,-9.5814999999999988E-08,3.1491E-09,-6.3780000000000011E-11,4.1564E-07,-3.2288E-07
1.165,0,-9.5404599999999991E-08,3.1069E-09,-6.3650000000000008E-11,4.152E-07,-3.2292E-07
1.1600000000000001,0,-9.4898199999999991E-08,3.0577E-09,-6.105E-11,4.1486E-07,-3.2288E-07
1.155,0,-9.44844E-08,2.9917E-09,-5.769E-11,4.145E-07,-3.2292E-07
1.1500000000000001,0,-9.4083399999999991E-08,2.9417E-09,-5.412E-11,4.1414E-07,-3.2288E-07
1.145,0,-9.3630599999999991E-08,2.8879E-09,-5.0380000000000005E-11,4.1338E-07,-3.2288E-07
1.1400000000000001,0,-9.3361599999999991E-08,2.8324E-09,-4.821E-11,4.1346E-07,-3.2299999999999997E-07
1.135,0,-9.2912999999999993E-08,2.7697E-09,-4.519E-11,4.1316E-07,-3.2296E-07
1.1300000000000001,0,-9.2584199999999988E-08,2.7072E-09,-4.402E-11,4.1288E-07,-3.2294E-07
1.125,0,-9.2138199999999985E-08,2.6854E-09,-4.14E-11,4.1246E-07,-3.2294E-07
1.12,0,-9.1782E-08,2.6358E-09,-3.878E-11,4.1212E-07,-3.2282E-07
1.115,0,-9.15346E-08,2.5925E-09,-3.635E-11,4.1202E-07,-3.2288E-07
1.11,0,-9.1181999999999989E-08,2.5489E-09,-3.2980000000000005E-11,4.116E-07,-3.227E-07
1.105,0,-9.09144E-08,2.505E-09,-3.131E-11,4.1109999999999997E-07,-3.2271999999999997E-07
1.1,0,-9.0595999999999986E-08,2.4652E-09,-2.8760000000000003E-11,4.11E-07,-3.2276E-07
1.095,0,-9.0413399999999986E-08,2.4224E-09,-2.7400000000000004E-11,4.107E-07,-3.228E-07
1.09,0,-9.01348E-08,2.3831E-09,-2.651E-11,4.1056E-07,-3.2278E-07
1.085,0,-8.9807399999999987E-08,2.3454E-09,-2.2100000000000003E-11,4.1046E-07,-3.2268E-07
1.08,0,-8.95452E-08,2.3088E-09,-2.207E-11,4.1028E-07,-3.2266E-07
1.075,0,-8.93276E-08,2.2718E-09,-2.0530000000000002E-11,4.0986E-07,-3.2266E-07
1.07,0,-8.9250799999999985E-08,2.2314E-09,-1.597E-11,4.0988E-07,-3.2268E-07
1.065,0,-8.9146799999999987E-08,2.189E-09,-1.4960000000000002E-11,4.0983999999999997E-07,-3.2276E-07
1.06,0,-8.8689199999999992E-08,2.1508E-09,-1.402E-11,4.0958E-07,-3.2271999999999997E-07
1.0550000000000002,0,-8.8614799999999992E-08,2.1306E-09,-9.48E-12,4.092E-07,-3.227E-07
1.05,0,-8.84462E-08,2.097E-09,-7.4E-12,4.0932E-07,-3.227E-07
1.0450000000000002,0,-8.8287799999999992E-08,2.063E-09,-4.56E-12,4.0908E-07,-3.227E-07
1.04,0,-8.7971999999999989E-08,2.0358E-09,6.9000000000000009E-13,4.0868E-07,-3.2268E-07
1.0350000000000001,0,-8.7946999999999987E-08,2E-09,2.2500000000000003E-12,4.0854E-07,-3.2266E-07
1.03,0,-8.7679799999999991E-08,1.9698E-09,3.65E-12,4.0843999999999997E-07,-3.2257999999999997E-07
1.0250000000000001,0,-8.76114E-08,1.9405E-09,9.1100000000000014E-12,4.0846E-07,-3.2264E-07
1.02,0,-8.735939999999999E-08,1.9089E-09,1.1850000000000001E-11,4.0814E-07,-3.2264E-07
1.0150000000000001,0,-8.7253E-08,1.8827E-09,1.885E-11,4.0801999999999997E-07,-3.226E-07
1.01,0,-8.7186999999999985E-08,1.8544E-09,2.6190000000000002E-11,4.0812E-07,-3.226E-07
1.0050000000000001,0,-8.7075999999999992E-08,1.8299E-09,3.3630000000000004E-11,4.0772E-07,-3.2257999999999997E-07
1,0,-8.8536599999999986E-08,1.8012E-09,3.8920000000000006E-11,4.0926E-07,-3.2257999999999997E-07
0.995,0,-8.8447E-08,1.7684E-09,4.2220000000000004E-11,4.0758E-07,-3.2262E-07
0.9900000000000001,0,-8.6625E-08,1.7361E-09,5.6290000000000007E-11,4.0731999999999997E-07,-3.226E-07
0.9850000000000001,0,-8.6542E-08,1.7132E-09,6.885E-11,4.075E-07,-3.2264E-07
0.98000000000000009,0,-8.6260399999999988E-08,1.6884E-09,8.613E-11,4.0728E-07,-3.2257999999999997E-07
0.97500000000000009,0,-8.6274E-08,1.6577E-09,1.0450000000000001E-10,4.0708E-07,-3.226E-07
0.97000000000000008,0,-8.61448E-08,1.6371E-09,1.1707000000000002E-10,4.0702E-07,-3.2264E-07
0.96500000000000008,0,-8.6112799999999987E-08,1.6024E-09,1.3529E-10,4.0702E-07,-3.226E-07
0.96000000000000008,0,-8.5996E-08,1.5891E-09,1.5780000000000001E-10,4.0702E-07,-3.226E-07
0.95500000000000007,0,-8.5823999999999988E-08,1.5534E-09,1.8686000000000001E-10,4.0672E-07,-3.2254E-07
0.95000000000000007,0,-8.5725799999999985E-08,1.5417E-09,2.1968E-10,4.068E-07,-3.2262E-07
0.94500000000000006,0,-8.5974999999999987E-08,1.5071E-09,2.6145E-10,4.0658E-07,-3.2257999999999997E-07
0.94000000000000006,0,-8.5722199999999989E-08,1.4897E-09,3.0777E-10,4.0664E-07,-3.2256E-07
0.935,0,-8.5734399999999987E-08,1.4641E-09,3.6047000000000005E-10,4.0656E-07,-3.226E-07
0.93,0,-8.5664999999999993E-08,1.4404E-09,4.2198E-10,4.0644E-07,-3.2264E-07
0.925,0,-8.57752E-08,1.4189E-09,4.9745000000000008E-10,4.0632E-07,-3.2256E-07
0.92,0,-8.5654399999999989E-08,1.3919E-09,5.846200000000001E-10,4.0636E-07,-3.226E-07
0.915,0,-8.57196E-08,1.3785E-09,6.864E-10,4.0626E-07,-3.2257999999999997E-07
0.91,0,-8.58572E-08,1.3492E-09,8.0793E-10,4.063E-07,-3.2257999999999997E-07
0.905,0,-8.5831599999999989E-08,1.3311E-09,9.4851E-10,4.0633999999999997E-07,-3.226E-07
0.9,0,-8.5877199999999993E-08,1.3073E-09,1.11742E-09,4.059E-07,-3.226E-07
0.895,0,-8.6026999999999993E-08,1.2883E-09,1.3118E-09,4.0622E-07,-3.2262E-07
0.89,0,-8.58802E-08,1.2665E-09,1.5446E-09,4.0605999999999997E-07,-3.2252E-07
0.885,0,-8.6364199999999989E-08,1.2459E-09,1.811E-09,4.061E-07,-3.2262E-07
0.88,0,-8.645159999999999E-08,1.2239E-09,2.133E-09,4.0582E-07,-3.2264E-07
0.875,0,-8.681579999999999E-08,1.2081E-09,2.5044E-09,4.058E-07,-3.2264E-07
0.87,0,-8.7069E-08,1.1799E-09,2.9514E-09,4.058E-07,-3.2257999999999997E-07
0.865,0,-8.7616799999999986E-08,1.1711E-09,3.4642E-09,4.0576E-07,-3.2256E-07
0.86,0,-8.8218799999999993E-08,1.1398E-09,4.0796E-09,4.0582E-07,-3.2256E-07
0.85500000000000009,0,-8.890699999999999E-08,1.1279E-09,4.7918E-09,4.0554E-07,-3.2252E-07
0.85000000000000009,0,-8.95814E-08,1.1029E-09,5.6406E-09,4.0549999999999997E-07,-3.2257999999999997E-07
0.84500000000000008,0,-9.0504999999999989E-08,1.0888E-09,6.6238E-09,4.054E-07,-3.226E-07
0.84000000000000008,0,-9.16614E-08,1.0696E-09,7.8076E-09,4.0549999999999997E-07,-3.226E-07
0.83500000000000008,0,-9.3071999999999988E-08,1.0458E-09,9.1747E-09,4.0708E-07,-3.2254E-07
0.83000000000000007,0,-9.6186999999999986E-08,1.0334E-09,1.08011E-08,4.0698E-07,-3.2256E-07
0.82500000000000007,0,-9.6340199999999985E-08,1.0074E-09,1.2710599999999999E-08,4.053E-07,-3.2264E-07
0.82000000000000006,0,-9.8681599999999988E-08,9.9012E-10,1.4972E-08,4.0521999999999997E-07,-3.2254E-07
0.81500000000000006,0,-1.013048E-07,9.7401E-10,1.7598399999999998E-08,4.0532E-07,-3.2252E-07
0.81,0,-1.0433939999999999E-07,9.5762E-10,2.07386E-08,4.0532E-07,-3.2257999999999997E-07
0.805,0,-1.0817959999999999E-07,9.3411E-10,2.4387599999999998E-08,4.0534E-07,-3.2266E-07
0.8,0,-1.1220199999999999E-07,9.227E-10,2.86612E-08,4.0534E-07,-3.226E-07
0.795,0,-1.1714E-07,8.9826000000000006E-10,3.37742E-08,4.0538E-07,-3.2266E-07
0.79,0,-1.2304E-07,8.8738000000000009E-10,3.9686199999999993E-08,4.0516E-07,-3.2268E-07
0.785,0,-1.303E-07,8.6474000000000006E-10,4.679E-08,4.0507999999999997E-07,-3.226E-07
0.78,0,-1.385E-07,8.500400000000001E-10,5.5000199999999994E-08,4.0518E-07,-3.2268E-07
0.775,0,-1.4793999999999999E-07,8.2663000000000007E-10,6.47738E-08,4.0528E-07,-3.2268E-07
0.77,0,-1.5925999999999999E-07,8.1130000000000008E-10,7.61464E-08,4.0506E-07,-3.2257999999999997E-07
0.765,0,-1.7314E-07,7.9519E-10,8.9669E-08,4.0518E-07,-3.2264E-07
0.76,0,-1.8876E-07,7.7715E-10,1.055036E-07,4.0493999999999997E-07,-3.2257999999999997E-07
0.755,0,-2.0764E-07,7.5771000000000006E-10,1.2448E-07,4.0493999999999997E-07,-3.2264E-07
0.75,0,-2.2949999999999998E-07,7.382000000000001E-10,1.4632E-07,4.0512E-07,-3.2266E-07
0.745,0,-2.5532E-07,7.2158000000000011E-10,1.7236E-07,4.0488E-07,-3.2266E-07
0.74,0,-2.8594E-07,7.0144E-10,2.029E-07,4.05E-07,-3.2257999999999997E-07
0.735,0,-3.2208E-07,6.8111E-10,2.3912E-07,4.0468E-07,-3.2264E-07
0.73,0,-3.6448E-07,6.6360000000000007E-10,2.8126E-07,4.0465999999999997E-07,-3.227E-07
0.72500000000000009,0,-4.1452E-07,6.432700000000001E-10,3.318E-07,4.0468E-07,-3.2257999999999997E-07
0.72000000000000008,0,-4.729E-07,6.2768E-10,3.9026E-07,4.0454E-07,-3.2266E-07
0.71500000000000008,0,-5.4282E-07,6.0342000000000007E-10,4.5996E-07,4.0484E-07,-3.2266E-07
0.71000000000000008,0,-6.243E-07,5.882600000000001E-10,5.415E-07,4.0478E-07,-3.2264E-07
0.70500000000000007,0,-7.2118E-07,5.657E-10,6.3796E-07,4.0454E-07,-3.2264E-07
0.70000000000000007,0,-8.3376E-07,5.4544E-10,7.5132E-07,4.0482E-07,-3.2266E-07
0.69500000000000006,0,-9.6864E-07,5.2291E-10,8.8664E-07,4.0472E-07,-3.2262E-07
0.69000000000000006,0,-1.1252399999999999E-06,5.0371E-10,1.04292E-06,4.0446E-07,-3.2262E-07
0.685,0,-1.3048000000000002E-06,4.8607000000000006E-10,1.2248000000000001E-06,4.0465999999999997E-07,-3.226E-07
0.68,0,-1.5252000000000002E-06,4.6292000000000004E-10,1.4441E-06,4.044E-07,-3.2257999999999997E-07
0.675,0,-1.7774000000000001E-06,4.4155000000000004E-10,1.6981E-06,4.0437999999999997E-07,-3.226E-07
0.67,0,-2.0858E-06,4.1712000000000005E-10,2.0039000000000004E-06,4.0446E-07,-3.226E-07
0.665,0,-2.4379000000000004E-06,3.9894E-10,2.359E-06,4.0436E-07,-3.2264E-07
0.66,0,-2.8628000000000004E-06,3.7362000000000005E-10,2.7825000000000005E-06,4.0442E-07,-3.2264E-07
0.655,0,-3.3533E-06,3.5201E-10,3.2726000000000002E-06,4.0428E-07,-3.2257999999999997E-07
0.65,0,-3.9413000000000007E-06,3.2545000000000005E-10,3.8634E-06,4.0434E-07,-3.2256E-07
0.645,0,-4.6275E-06,3.0633E-10,4.5416000000000007E-06,4.0416E-07,-3.2252E-07
0.64,0,-5.4391E-06,2.7862E-10,5.3563000000000007E-06,4.0409999999999997E-07,-3.2252E-07
0.635,0,-6.3850000000000007E-06,2.6031E-10,6.301E-06,4.0404E-07,-3.2254E-07
0.63,0,-7.513900000000001E-06,2.3111000000000002E-10,7.432400000000001E-06,4.04E-07,-3.2254E-07
0.625,0,-8.8294E-06,2.1059000000000002E-10,8.7492000000000009E-06,4.0428E-07,-3.2254E-07
0.62,0,-1.0394900000000001E-05,1.7986E-10,1.03142E-05,4.0395999999999997E-07,-3.2252E-07
0.615,0,-1.2218E-05,1.5696000000000002E-10,1.2138E-05,4.0398E-07,-3.2252E-07
0.61,0,-1.4374E-05,1.3257000000000001E-10,1.4296E-05,4.0381999999999997E-07,-3.2257999999999997E-07
0.605,0,-1.689E-05,1.0438E-10,1.6824E-05,4.0381999999999997E-07,-3.2252E-07
0.6,0,-1.989E-05,7.99E-11,1.9794E-05,4.0388E-07,-3.2254E-07
0.595,0,-2.3342E-05,5.1620000000000005E-11,2.3268E-05,4.0402E-07,-3.225E-07
0.59000000000000008,0,-2.7476000000000003E-05,2.7510000000000004E-11,2.7408000000000003E-05,4.0367999999999997E-07,-3.2256E-07
0.58500000000000008,0,-3.2266E-05,-7E-14,3.2194000000000004E-05,4.0376E-07,-3.2256E-07
0.58000000000000007,0,-3.7962E-05,-2.5480000000000002E-11,3.786E-05,4.0367999999999997E-07,-3.2252E-07
0.57500000000000007,0,-4.4456E-05,-5.3050000000000007E-11,4.4396E-05,4.0367999999999997E-07,-3.2254E-07
0.57000000000000006,0,-5.2284E-05,-8.075E-11,5.2186000000000005E-05,4.0367999999999997E-07,-3.2254E-07
0.56500000000000006,0,-6.1274E-05,-1.0979E-10,6.1168000000000008E-05,4.0367999999999997E-07,-3.2254E-07
0.56,0,-7.1778E-05,-1.3415000000000002E-10,7.1756000000000009E-05,4.0374E-07,-3.2248E-07
0.555,0,-8.3986E-05,-1.7135E-10,8.3942E-05,4.0376E-07,-3.2248E-07
0.55,0,-9.8354E-05,-1.9210000000000001E-10,9.8322E-05,4.0372E-07,-3.2254E-07
0.545,0,-0.000114754,-2.2554000000000003E-10,0.00011470600000000001,4.0362E-07,-3.2257999999999997E-07
0.54,0,-0.00013376000000000002,-2.4888E-10,0.00013404,4.0336E-07,-3.2256E-07
0.535,0,-0.00015572,-2.7591000000000003E-10,0.000156,4.0336E-07,-3.2252E-07
0.53,0,-0.00018162,-3.1639000000000003E-10,0.00018176000000000002,4.0348E-07,-3.2254E-07
0.525,0,-0.00021070000000000003,-3.3735000000000003E-10,0.00021102000000000002,4.035E-07,-3.2262E-07
0.52,0,-0.00024466,-3.7517E-10,0.00024476,4.0352E-07,-3.2257999999999997E-07
0.515,0,-0.00028274,-3.9994E-10,0.00028306,4.0358E-07,-3.2266E-07
0.51,0,-0.00032724,-4.4061000000000004E-10,0.00032720000000000004,4.0352E-07,-3.2262E-07
0.505,0,-0.00037654,-4.6444000000000005E-10,0.00037678,4.0346E-07,-3.2262E-07
0.5,0,-0.0004333,-5.0524E-10,0.00043346000000000004,4.0344E-07,-3.226E-07
0.49500000000000005,0,-0.0004966,-5.3320000000000008E-10,0.0004964,4.0346E-07,-3.2271999999999997E-07
0.49000000000000005,0,-0.00056808,-5.7058E-10,0.00056854000000000008,4.0336E-07,-3.2266E-07
0.48500000000000004,0,-0.00064710000000000006,-6.0531000000000005E-10,0.00064730000000000007,4.0336E-07,-3.226E-07
0.48000000000000004,0,-0.00073682,-6.3692E-10,0.00073650000000000007,4.0328E-07,-3.227E-07
0.47500000000000003,0,-0.00083418,-6.7618E-10,0.00083424000000000009,4.0334E-07,-3.2271999999999997E-07
0.47000000000000003,0,-0.00094336000000000008,-7.112500000000001E-10,0.00094406,4.0325999999999997E-07,-3.2271999999999997E-07
0.465,0,-0.00106236,-7.4887E-10,0.00106138,4.0318E-07,-3.2271999999999997E-07
0.46,0,-0.0011934,-7.8233E-10,0.0011932,4.0311999999999997E-07,-3.2282E-07
0.455,0,-0.0013348000000000001,-8.2576000000000005E-10,0.0013356,4.0302E-07,-3.2284E-07
0.45,0,-0.0014910000000000001,-8.6681E-10,0.0014916,4.0302E-07,-3.2271999999999997E-07
0.445,0,-0.0016568,-9.0734000000000009E-10,0.0016578,4.0288E-07,-3.2282E-07
0.44,0,-0.0018390000000000001,-9.4688000000000015E-10,0.0018398,4.0294E-07,-3.2284E-07
0.435,0,-0.0020324,-9.8739E-10,0.0020322,4.0283999999999997E-07,-3.2284E-07
0.43,0,-0.0022424,-1.0285500000000001E-09,0.0022424,4.0268E-07,-3.2282E-07
0.42500000000000004,0,-0.0024628000000000002,-1.07483E-09,0.0024634,4.0268E-07,-3.2296E-07
0.42000000000000004,0,-0.0027006,-1.1134500000000001E-09,0.0027012,4.0259999999999997E-07,-3.2294E-07
0.41500000000000004,0,-0.0029484,-1.1585E-09,0.0029504,4.0238E-07,-3.2294E-07
0.41000000000000003,0,-0.0032166,-1.211E-09,0.0032178000000000003,4.0238E-07,-3.2302E-07
0.405,0,-0.0034956,-1.2495E-09,0.0034942000000000003,4.0234E-07,-3.2302E-07
0.4,0,-0.0037918,-1.2983E-09,0.0037918,4.022E-07,-3.231E-07
0.395,0,-0.0040978,-1.3411E-09,0.0040978,4.0213999999999997E-07,-3.2316E-07
0.39,0,-0.004424,-1.3908E-09,0.0044228,4.0192E-07,-3.2316E-07
0.385,0,-0.004757,-1.4368E-09,0.0047576,4.0188E-07,-3.2318E-07
0.38,0,-0.0051118,-1.4899E-09,0.0051108,4.0188E-07,-3.2324E-07
0.375,0,-0.0054756,-1.5353E-09,0.005475,4.0174E-07,-3.2336E-07
0.37,0,-0.005855,-1.5863E-09,0.0058556,4.0161999999999997E-07,-3.2338E-07
0.365,0,-0.006247,-1.6396E-09,0.0062474,4.0147999999999997E-07,-3.2341999999999997E-07
0.36000000000000004,0,-0.0066566,-1.6868E-09,0.0066574,4.0144E-07,-3.2348E-07
0.35500000000000004,0,-0.0070744,-1.7464E-09,0.0070748,4.0132E-07,-3.2344E-07
0.35000000000000003,0,-0.0075092,-1.7956E-09,0.0075096,4.0118E-07,-3.2355999999999997E-07
0.34500000000000003,0,-0.007952,-1.8524E-09,0.0079528,4.0098E-07,-3.2362E-07
0.34,0,-0.0084148,-1.8993E-09,0.0084138,4.0077999999999997E-07,-3.2362E-07
0.335,0,-0.0088818,-1.9612E-09,0.0088802,4.0074E-07,-3.2378E-07
0.33,0,-0.0093686,-2.0092E-09,0.0093684,4.0049999999999997E-07,-3.2382E-07
0.325,0,-0.009858200000000001,-2.0733E-09,0.0098596,4.0058E-07,-3.2394E-07
0.32,0,-0.0103686,-2.1173E-09,0.0103684,4.0046E-07,-3.2396E-07
0.315,0,-0.0108828,-2.1869E-09,0.0108848,4.0034E-07,-3.2406E-07
0.31,0,-0.0114128,-2.2374E-09,0.0114152,4.0024E-07,-3.242E-07
0.305,0,-0.011928000000000001,-2.2926E-09,0.011944000000000002,3.9811999999999997E-07,-3.2414E-07
0.3,0,-0.012476000000000001,-2.3534E-09,0.012502000000000001,3.9972E-07,-3.2444E-07
0.29500000000000004,0,-0.013036,-2.4245E-09,0.013056000000000002,3.9982E-07,-3.2448E-07
0.29000000000000004,0,-0.013612,-2.475E-09,0.013630000000000002,3.997E-07,-3.2456E-07
0.28500000000000003,0,-0.014190000000000001,-2.5455E-09,0.014206000000000002,3.997E-07,-3.2462E-07
0.28,0,-0.014786,-2.5972E-09,0.014804000000000001,3.9948E-07,-3.2472E-07
0.275,0,-0.015378000000000001,-2.6688E-09,0.015398000000000002,3.9937999999999997E-07,-3.2478E-07
0.27,0,-0.015992000000000003,-2.7277E-09,0.016018,3.9923999999999997E-07,-3.2492E-07
0.265,0,-0.016606000000000003,-2.7966E-09,0.016630000000000002,3.9908E-07,-3.2492E-07
0.26,0,-0.017238,-2.8608E-09,0.01726,3.9906E-07,-3.2498E-07
0.255,0,-0.017864,-2.9293E-09,0.017890000000000003,3.9888E-07,-3.251E-07
0.25,0,-0.018508,-2.9931E-09,0.018536,3.987E-07,-3.252E-07
0.24500000000000002,0,-0.019156000000000003,-3.0681E-09,0.019174,3.9853999999999997E-07,-3.253E-07
0.24000000000000002,0,-0.019808000000000003,-3.1276E-09,0.01983,3.9852E-07,-3.2532E-07
0.23500000000000001,0,-0.020474000000000003,-3.2041E-09,0.020502000000000003,3.9836E-07,-3.2552E-07
0.23,0,-0.021144000000000003,-3.275E-09,0.021168000000000003,3.9832E-07,-3.256E-07
0.225,0,-0.021830000000000002,-3.3494E-09,0.021852000000000003,3.9806E-07,-3.258E-07
0.22,0,-0.022512,-3.4125E-09,0.022536,3.9772E-07,-3.2586E-07
0.215,0,-0.02321,-3.4876E-09,0.023232000000000003,3.9768E-07,-3.2598E-07
0.21000000000000002,0,-0.023904,-3.5635E-09,0.023928,3.9772E-07,-3.2614E-07
0.20500000000000002,0,-0.024614,-3.6436E-09,0.024636,3.9741999999999997E-07,-3.2616E-07
0.2,0,-0.025324000000000003,-3.7137E-09,0.025342000000000003,3.9727999999999997E-07,-3.2631999999999997E-07
0.195,0,-0.026046000000000003,-3.7956E-09,0.026066000000000002,3.9718E-07,-3.264E-07
0.19,0,-0.026760000000000003,-3.8723E-09,0.02678,3.9685999999999997E-07,-3.2659999999999997E-07
0.185,0,-0.027496000000000003,-3.9488E-09,0.027518,3.9682E-07,-3.2666E-07
0.18000000000000002,0,-0.028226,-4.0275E-09,0.028246000000000004,3.9674E-07,-3.2672E-07
0.17500000000000002,0,-0.028970000000000003,-4.1117E-09,0.028990000000000002,3.9664E-07,-3.269E-07
0.17,0,-0.029706000000000003,-4.1921E-09,0.029732,3.9646E-07,-3.2704E-07
0.165,0,-0.030470000000000004,-4.2857E-09,0.030490000000000003,3.9638E-07,-3.2718E-07
0.16,0,-0.031218000000000003,-4.3586E-09,0.031240000000000004,3.9624E-07,-3.2728E-07
0.155,0,-0.03198,-4.4527E-09,0.032002,3.9604E-07,-3.2742E-07
0.15,0,-0.032738,-4.5338E-09,0.032760000000000004,3.9608E-07,-3.2756E-07
0.14500000000000002,0,-0.033502000000000004,-4.6262E-09,0.03352,3.9584E-07,-3.2764E-07
0.14,0,-0.034280000000000005,-4.7069E-09,0.034302000000000006,3.957E-07,-3.2788E-07
0.135,0,-0.035046,-4.7999E-09,0.035070000000000004,3.9558E-07,-3.2798E-07
0.13,0,-0.035834000000000005,-4.8972E-09,0.035854000000000004,3.9566E-07,-3.281E-07
0.125,0,-0.036618000000000005,-4.9883E-09,0.036636,3.9526E-07,-3.2818E-07
0.12000000000000001,0,-0.037412,-5.0739E-09,0.037432,3.9534E-07,-3.2834E-07
0.115,0,-0.038198,-5.1681999999999996E-09,0.038216,3.952E-07,-3.2854E-07
0.11,0,-0.038996,-5.267E-09,0.039024,3.9503999999999997E-07,-3.2864E-07
0.10500000000000001,0,-0.039790000000000006,-5.3565E-09,0.039810000000000005,3.9489999999999997E-07,-3.2878E-07
0.1,0,-0.040602000000000006,-5.454E-09,0.040622000000000005,3.9475999999999997E-07,-3.2886E-07
0.095,0,-0.041400000000000006,-5.5571E-09,0.041422,3.9466E-07,-3.291E-07
0.090000000000000011,0,-0.042210000000000004,-5.6568E-09,0.042236,3.945E-07,-3.2924E-07
0.085,0,-0.043026,-5.7504E-09,0.043038000000000007,3.9433999999999997E-07,-3.293E-07
0.08,0,-0.043844,-5.8684E-09,0.043864000000000007,3.9433999999999997E-07,-3.295E-07
0.075,0,-0.044654000000000006,-5.9705E-09,0.044676,3.9418E-07,-3.2962E-07
0.07,0,-0.045482,-6.0859E-09,0.045502,3.9412E-07,-3.2978E-07
0.065,0,-0.046298000000000006,-6.1749E-09,0.046316,3.9386E-07,-3.299E-07
0.060000000000000005,0,-0.047132000000000007,-6.2853E-09,0.047156,3.9376E-07,-3.3E-07
0.055,0,-0.047958000000000008,-6.3923E-09,0.04798,3.9362E-07,-3.3018E-07
0.05,0,-0.048772,-6.5001E-09,0.048802000000000005,3.9356E-07,-3.3034E-07
0.045000000000000005,0,-0.049618,-6.6049E-09,0.049638,3.9342E-07,-3.305E-07
0.04,0,-0.050448000000000007,-6.737E-09,0.050476000000000007,3.9324E-07,-3.3065999999999997E-07
0.035,0,-0.051300000000000005,-6.8431E-09,0.051316000000000007,3.9316E-07,-3.3072E-07
0.030000000000000002,0,-0.052122,-6.9513E-09,0.052148000000000007,3.931E-07,-3.3093999999999997E-07
0.025,0,-0.052980000000000006,-7.0629E-09,0.052998,3.9278E-07,-3.3104E-07
0.02,0,-0.053814000000000008,-7.1869E-09,0.053840000000000006,3.927E-07,-3.3121999999999997E-07
0.015000000000000001,0,-0.054672000000000005,-7.307E-09,0.05469,3.9258E-07,-3.3134E-07
0.01,0,-0.055514000000000008,-7.4425E-09,0.055534000000000007,3.9246E-07,-3.3152E-07
0.005,0,-0.056368000000000008,-7.5619E-09,0.056396,3.9232E-07,-3.3158E-07
0,0,-0.057212000000000006,-7.6803E-09,0.057240000000000006,3.9228E-07,-3.3182E-07
1.2,0.15,-5.2894799999999994E-08,2.6209E-09,-8.5600000000000007E-11,3.749E-07,-3.2486E-07
1.195,0.15,-5.2367199999999993E-08,2.5406E-09,-8.1490000000000008E-11,3.7466E-07,-3.2466E-07
1.19,0.15,-5.2181199999999993E-08,2.4682E-09,-7.675E-11,3.7432E-07,-3.245E-07
1.185,0.15,-5.2035599999999995E-08,2.403E-09,-7.4570000000000007E-11,3.7414E-07,-3.2434E-07
1.1800000000000002,0.15,-5.18194E-08,2.3363E-09,-7.3870000000000012E-11,3.7386E-07,-3.242E-07
1.175,0.15,-5.1715799999999994E-08,2.2811E-09,-6.926E-11,3.7364E-07,-3.2414E-07
1.1700000000000002,0.15,-5.1529999999999992E-08,2.2258E-09,-6.5720000000000007E-11,3.7342E-07,-3.24E-07
1.165,0.15,-5.1390799999999996E-08,2.1744E-09,-6.352E-11,3.7323999999999997E-07,-3.239E-07
1.1600000000000001,0.15,-5.1285999999999994E-08,2.1218E-09,-5.909E-11,3.7308E-07,-3.2378E-07
1.155,0.15,-5.1170399999999996E-08,2.0747E-09,-5.6200000000000004E-11,3.7294E-07,-3.2372E-07
1.1500000000000001,0.15,-5.1027799999999995E-08,2.03E-09,-5.4570000000000005E-11,3.728E-07,-3.2366E-07
1.145,0.15,-5.0880799999999993E-08,1.984E-09,-5.193E-11,3.7267999999999997E-07,-3.2364E-07
1.1400000000000001,0.15,-5.0739799999999992E-08,1.9392E-09,-4.865E-11,3.7246E-07,-3.2352E-07
1.135,0.15,-5.0630799999999994E-08,1.8975E-09,-4.563E-11,3.7234E-07,-3.2354E-07
1.1300000000000001,0.15,-5.0500599999999995E-08,1.8651E-09,-4.348E-11,3.7224E-07,-3.2341999999999997E-07
1.125,0.15,-5.04594E-08,1.8238E-09,-4.0510000000000004E-11,3.7211999999999997E-07,-3.2338E-07
1.12,0.15,-5.0379199999999995E-08,1.7898E-09,-4.013E-11,3.72E-07,-3.2336E-07
1.115,0.15,-5.0254999999999996E-08,1.7554E-09,-3.769E-11,3.7194E-07,-3.2336E-07
1.11,0.15,-5.0142599999999993E-08,1.7187999999999999E-09,-3.588E-11,3.7176E-07,-3.2324E-07
1.105,0.15,-5.00618E-08,1.6906E-09,-3.304E-11,3.7174E-07,-3.2326E-07
1.1,0.15,-4.9976599999999996E-08,1.6542E-09,-2.94E-11,3.7158E-07,-3.2322E-07
1.095,0.15,-4.9852999999999996E-08,1.6269E-09,-2.7200000000000004E-11,3.7152E-07,-3.2327999999999997E-07
1.09,0.15,-4.9793599999999994E-08,1.5944E-09,-2.5520000000000003E-11,3.714E-07,-3.2324E-07
1.085,0.15,-4.9725799999999994E-08,1.5661E-09,-2.349E-11,3.7138E-07,-3.2318E-07
1.08,0.15,-4.9677999999999997E-08,1.5375E-09,-2.278E-11,3.7134E-07,-3.2313999999999997E-07
1.075,0.15,-4.9577199999999992E-08,1.5097E-09,-2.1240000000000002E-11,3.7124E-07,-3.2313999999999997E-07
1.07,0.15,-4.94882E-08,1.4812E-09,-1.723E-11,3.7122E-07,-3.2306E-07
1.065,0.15,-4.9396599999999994E-08,1.4538E-09,-1.4260000000000001E-11,3.7116E-07,-3.2308E-07
1.06,0.15,-4.9378999999999995E-08,1.4288E-09,-1.2230000000000001E-11,3.7116E-07,-3.2308E-07
1.0550000000000002,0.15,-4.9325999999999994E-08,1.4033E-09,-9.44E-12,3.711E-07,-3.2312E-07
1.05,0.15,-4.92388E-08,1.3802E-09,-7.3E-12,3.71E-07,-3.2308E-07
1.0450000000000002,0.15,-4.9091999999999994E-08,1.3544E-09,-5.24E-12,3.7094E-07,-3.231E-07
1.04,0.15,-4.90966E-08,1.3316E-09,-2.1200000000000003E-12,3.7082E-07,-3.2302E-07
1.0350000000000001,0.15,-4.8993999999999995E-08,1.3092E-09,2.31E-12,3.7074E-07,-3.2302E-07
1.03,0.15,-4.8953599999999994E-08,1.2858E-09,6.35E-12,3.7072E-07,-3.2302E-07
1.0250000000000001,0.15,-4.8861199999999994E-08,1.2624E-09,1.039E-11,3.7068E-07,-3.2302E-07
1.02,0.15,-4.8790999999999997E-08,1.2406E-09,1.4400000000000002E-11,3.7061999999999997E-07,-3.2299999999999997E-07
1.0150000000000001,0.15,-4.8772999999999996E-08,1.2196E-09,1.8580000000000002E-11,3.7052E-07,-3.2296E-07
1.01,0.15,-4.8653199999999997E-08,1.1986E-09,2.3350000000000002E-11,3.7019999999999997E-07,-3.2296E-07
1.0050000000000001,0.15,-4.8659999999999994E-08,1.1765E-09,3.0530000000000003E-11,3.7046E-07,-3.2306E-07
1,0.15,-4.85968E-08,1.1581E-09,3.8150000000000005E-11,3.7046E-07,-3.2284E-07
0.995,0.15,-4.8586199999999993E-08,1.1383E-09,4.6460000000000007E-11,3.7026E-07,-3.2284E-07
0.9900000000000001,0.15,-4.8545599999999995E-08,1.1177E-09,5.6460000000000005E-11,3.7018E-07,-3.2288E-07
0.9850000000000001,0.15,-4.8525399999999995E-08,1.0975E-09,6.745000000000001E-11,3.7022E-07,-3.2288E-07
0.98000000000000009,0.15,-4.8418399999999992E-08,1.0769E-09,7.9890000000000008E-11,3.7016E-07,-3.229E-07
0.97500000000000009,0.15,-4.84038E-08,1.0594E-09,9.4420000000000008E-11,3.7026E-07,-3.2288E-07
0.97000000000000008,0.15,-4.8436799999999995E-08,1.0421E-09,1.1218000000000001E-10,3.7019999999999997E-07,-3.229E-07
0.96500000000000008,0.15,-4.8464199999999994E-08,1.0242E-09,1.3440000000000002E-10,3.703E-07,-3.228E-07
0.96000000000000008,0.15,-4.83796E-08,1.007E-09,1.5772000000000003E-10,3.7008E-07,-3.2288E-07
0.95500000000000007,0.15,-4.8454999999999993E-08,9.8678E-10,1.8569E-10,3.7002E-07,-3.2285999999999997E-07
0.95000000000000007,0.15,-4.83676E-08,9.6883E-10,2.1746000000000002E-10,3.7E-07,-3.2282E-07
0.94500000000000006,0.15,-4.83726E-08,9.5301E-10,2.5598000000000003E-10,3.6998E-07,-3.2271999999999997E-07
0.94000000000000006,0.15,-4.83594E-08,9.3643E-10,3.0135E-10,3.7005999999999997E-07,-3.2278E-07
0.935,0.15,-4.8332999999999993E-08,9.2132000000000008E-10,3.5625000000000004E-10,3.7E-07,-3.2276E-07
0.93,0.15,-4.8388799999999993E-08,8.9867000000000006E-10,4.1743E-10,3.6998E-07,-3.2278E-07
0.925,0.15,-4.8446599999999995E-08,8.8596000000000011E-10,4.9084E-10,3.699E-07,-3.2271999999999997E-07
0.92,0.15,-4.8579599999999994E-08,8.6572000000000009E-10,5.7612000000000007E-10,3.6986E-07,-3.2274E-07
0.915,0.15,-4.8514399999999995E-08,8.5581000000000007E-10,6.754400000000001E-10,3.699E-07,-3.227E-07
0.91,0.15,-4.8704799999999994E-08,8.3592E-10,7.9548E-10,3.698E-07,-3.227E-07
0.905,0.15,-4.8715599999999996E-08,8.2446000000000007E-10,9.3314000000000015E-10,3.6986E-07,-3.2276E-07
0.9,0.15,-5.0162799999999993E-08,8.058E-10,1.09808E-09,3.71E-07,-3.2268E-07
0.895,0.15,-5.0325599999999995E-08,7.9019E-10,1.291E-09,3.7098E-07,-3.2266E-07
0.89,0.15,-5.0510999999999995E-08,7.7897E-10,1.5168E-09,3.711E-07,-3.2264E-07
0.885,0.15,-4.9431199999999992E-08,7.6289E-10,1.7808E-09,3.6962E-07,-3.2271999999999997E-07
0.88,0.15,-4.97626E-08,7.4429E-10,2.0932999999999998E-09,3.696E-07,-3.227E-07
0.875,0.15,-5.01006E-08,7.3475000000000007E-10,2.4584E-09,3.6968E-07,-3.2278E-07
0.87,0.15,-5.0515399999999995E-08,7.157E-10,2.8975E-09,3.6963999999999997E-07,-3.2266E-07
0.865,0.15,-5.091E-08,7.1175E-10,3.4007E-09,3.6962E-07,-3.2264E-07
0.86,0.15,-5.1479599999999993E-08,6.8649000000000008E-10,4.0048E-09,3.6952E-07,-3.227E-07
0.85500000000000009,0.15,-5.2179399999999995E-08,6.8067000000000009E-10,4.7059E-09,3.6958E-07,-3.2264E-07
0.85000000000000009,0.15,-5.3017199999999995E-08,6.6033E-10,5.5397E-09,3.696E-07,-3.227E-07
0.84500000000000008,0.15,-5.3943599999999995E-08,6.5198000000000006E-10,6.5026E-09,3.6962E-07,-3.227E-07
0.84000000000000008,0.15,-5.5070599999999996E-08,6.3439E-10,7.6607E-09,3.6952E-07,-3.2266E-07
0.83500000000000008,0.15,-5.6356999999999993E-08,6.2235E-10,8.9925E-09,3.696E-07,-3.227E-07
0.83000000000000007,0.15,-5.7907599999999996E-08,6.1298000000000009E-10,1.05921E-08,3.6968E-07,-3.2274E-07
0.82500000000000007,0.15,-5.98326E-08,5.9365E-10,1.2468999999999999E-08,3.6962E-07,-3.2271999999999997E-07
0.82000000000000006,0.15,-6.202E-08,5.8722000000000007E-10,1.4689399999999999E-08,3.6949999999999997E-07,-3.2274E-07
0.81500000000000006,0.15,-6.458299999999999E-08,5.6933E-10,1.7265E-08,3.6954E-07,-3.2271999999999997E-07
0.81,0.15,-6.7637E-08,5.5985000000000009E-10,2.03244E-08,3.6952E-07,-3.2271999999999997E-07
0.805,0.15,-7.1107199999999987E-08,5.4889000000000006E-10,2.3889399999999998E-08,3.6938E-07,-3.2266E-07
0.8,0.15,-7.5350599999999989E-08,5.2936E-10,2.8084199999999996E-08,3.6942E-07,-3.227E-07
0.795,0.15,-8.02706E-08,5.2225E-10,3.30912E-08,3.6944E-07,-3.2271999999999997E-07
0.79,0.15,-8.6003399999999988E-08,5.0236E-10,3.88846E-08,3.6946E-07,-3.2268E-07
0.785,0.15,-9.29696E-08,4.9406E-10,4.58232E-08,3.6928E-07,-3.2264E-07
0.78,0.15,-1.010052E-07,4.8295000000000007E-10,5.38532E-08,3.6942E-07,-3.2264E-07
0.775,0.15,-1.106166E-07,4.6532000000000005E-10,6.34644E-08,3.694E-07,-3.2262E-07
0.77,0.15,-1.2158E-07,4.5547000000000003E-10,7.45756E-08,3.6914E-07,-3.2257999999999997E-07
0.765,0.15,-1.3484E-07,4.3607E-10,8.7919E-08,3.692E-07,-3.2268E-07
0.76,0.15,-1.5034E-07,4.3135E-10,1.0340239999999998E-07,3.6934E-07,-3.2266E-07
0.755,0.15,-1.6889999999999998E-07,4.1248E-10,1.2188E-07,3.6928E-07,-3.2264E-07
0.75,0.15,-1.9039999999999998E-07,4.0148000000000004E-10,1.4328E-07,3.6921999999999997E-07,-3.226E-07
0.745,0.15,-2.1578E-07,3.8346000000000004E-10,1.6894E-07,3.6928E-07,-3.2262E-07
0.74,0.15,-2.454E-07,3.7492000000000004E-10,1.9846E-07,3.6926E-07,-3.2264E-07
0.735,0.15,-2.8078E-07,3.5231000000000005E-10,2.3426E-07,3.691E-07,-3.2266E-07
0.73,0.15,-3.219E-07,3.4876000000000004E-10,2.7536E-07,3.6914E-07,-3.2257999999999997E-07
0.72500000000000009,0.15,-3.7124E-07,3.2494E-10,3.245E-07,3.6916E-07,-3.2257999999999997E-07
0.72000000000000008,0.15,-4.288E-07,3.1874000000000003E-10,3.8126E-07,3.6914E-07,-3.2262E-07
0.71500000000000008,0.15,-4.9668E-07,2.9441E-10,4.4951999999999996E-07,3.6912E-07,-3.226E-07
0.71000000000000008,0.15,-5.7638E-07,2.8643E-10,5.2958E-07,3.691E-07,-3.226E-07
0.70500000000000007,0.15,-6.7148E-07,2.6220000000000004E-10,6.2432E-07,3.6914E-07,-3.226E-07
0.70000000000000007,0.15,-7.8148E-07,2.5511E-10,7.3442E-07,3.691E-07,-3.2262E-07
0.69500000000000006,0.15,-9.1292E-07,2.2949000000000003E-10,8.6624E-07,3.6916E-07,-3.2257999999999997E-07
0.69000000000000006,0.15,-1.06556E-06,2.1985000000000002E-10,1.01838E-06,3.6914E-07,-3.226E-07
0.685,0.15,-1.2401000000000002E-06,2.0340000000000002E-10,1.1968000000000001E-06,3.6888E-07,-3.2257999999999997E-07
0.68,0.15,-1.4551E-06,1.8595000000000001E-10,1.4115000000000002E-06,3.6907999999999997E-07,-3.226E-07
0.675,0.15,-1.7032000000000003E-06,1.6081E-10,1.6601000000000002E-06,3.6907999999999997E-07,-3.2254E-07
0.67,0.15,-2.0016E-06,1.4720000000000002E-10,1.9588E-06,3.6902E-07,-3.226E-07
0.665,0.15,-2.3458E-06,1.2065000000000002E-10,2.3040000000000003E-06,3.6904E-07,-3.2266E-07
0.66,0.15,-2.7625000000000002E-06,1.0891000000000002E-10,2.7166000000000004E-06,3.6896E-07,-3.2254E-07
0.655,0.15,-3.2427000000000003E-06,8.426E-11,3.1984E-06,3.6896E-07,-3.226E-07
0.65,0.15,-3.8162E-06,7.2830000000000009E-11,3.7729000000000003E-06,3.6898E-07,-3.226E-07
0.645,0.15,-4.4789000000000004E-06,4.3860000000000004E-11,4.4364E-06,3.6896E-07,-3.2264E-07
0.64,0.15,-5.2753E-06,3.234E-11,5.2301E-06,3.689E-07,-3.226E-07
0.635,0.15,-6.1975E-06,2.23E-12,6.1505000000000007E-06,3.6892E-07,-3.226E-07
0.63,0.15,-7.302600000000001E-06,-1.2760000000000001E-11,7.2587000000000005E-06,3.6884E-07,-3.226E-07
0.625,0.15,-8.5828E-06,-4.003E-11,8.5360000000000009E-06,3.6896E-07,-3.2256E-07
0.62,0.15,-1.0098300000000001E-05,-5.3340000000000007E-11,1.0065800000000001E-05,3.6888E-07,-3.2256E-07
0.615,0.15,-1.1878E-05,-7.9090000000000008E-11,1.1844E-05,3.6872E-07,-3.2257999999999997E-07
0.61,0.15,-1.3988E-05,-1.0502E-10,1.3942E-05,3.6878E-07,-3.2262E-07
0.605,0.15,-1.6448E-05,-1.1866E-10,1.6392E-05,3.6882E-07,-3.226E-07
0.6,0.15,-1.9376000000000002E-05,-1.5082E-10,1.9328000000000002E-05,3.6886E-07,-3.2252E-07
0.595,0.15,-2.2756E-05,-1.6528000000000002E-10,2.2698000000000002E-05,3.6876E-07,-3.2252E-07
0.59000000000000008,0.15,-2.6772E-05,-1.9706000000000002E-10,2.675E-05,3.6878E-07,-3.2257999999999997E-07
0.58500000000000008,0.15,-3.1428E-05,-2.1299E-10,3.1332000000000004E-05,3.6872E-07,-3.2257999999999997E-07
0.58000000000000007,0.15,-3.6944000000000004E-05,-2.4289000000000003E-10,3.6904000000000004E-05,3.6878E-07,-3.2264E-07
0.57500000000000007,0.15,-4.3352E-05,-2.6174E-10,4.329E-05,3.6874E-07,-3.2256E-07
0.57000000000000006,0.15,-5.0972E-05,-2.8854E-10,5.0826000000000004E-05,3.6872E-07,-3.2254E-07
0.56500000000000006,0.15,-5.9632E-05,-3.1206E-10,5.9594E-05,3.6874E-07,-3.2256E-07
0.56,0.15,-6.9962E-05,-3.4018E-10,6.994E-05,3.6879999999999997E-07,-3.2257999999999997E-07
0.555,0.15,-8.1872E-05,-3.6294000000000004E-10,8.1824000000000008E-05,3.6864E-07,-3.2262E-07
0.55,0.15,-9.5866E-05,-3.9195000000000003E-10,9.5794E-05,3.6884E-07,-3.2266E-07
0.545,0.15,-0.00011190000000000001,-4.1291E-10,0.000111828,3.6872E-07,-3.2257999999999997E-07
0.54,0.15,-0.00013048,-4.4226000000000003E-10,0.00013066,3.6837999999999997E-07,-3.226E-07
0.535,0.15,-0.00015188000000000002,-4.6549E-10,0.00015202,3.6854E-07,-3.2252E-07
0.53,0.15,-0.00017704,-4.9528000000000007E-10,0.00017726000000000002,3.6848E-07,-3.2257999999999997E-07
0.525,0.15,-0.00020552000000000002,-5.2196E-10,0.00020566,3.6854E-07,-3.226E-07
0.52,0.15,-0.00023858,-5.5012000000000006E-10,0.00023892000000000002,3.6858E-07,-3.2262E-07
0.515,0.15,-0.00027596,-5.7738E-10,0.00027618,3.6858E-07,-3.2257999999999997E-07
0.51,0.15,-0.00031886,-6.0741000000000008E-10,0.00031928,3.6848E-07,-3.2266E-07
0.505,0.15,-0.00036708000000000004,-6.3843E-10,0.00036736,3.6842E-07,-3.226E-07
0.5,0.15,-0.0004223,-6.6483000000000007E-10,0.00042282,3.6834E-07,-3.2252E-07
0.49500000000000005,0.15,-0.00048404000000000003,-6.9897E-10,0.00048408,3.6844E-07,-3.226E-07
0.49000000000000005,0.15,-0.00055390000000000007,-7.2981000000000009E-10,0.00055408,3.6846E-07,-3.2262E-07
0.48500000000000004,0.15,-0.00063116000000000008,-7.6005000000000008E-10,0.00063138000000000007,3.6834E-07,-3.226E-07
0.48000000000000004,0.15,-0.00071830000000000006,-7.9665E-10,0.00071846000000000008,3.683E-07,-3.2266E-07
0.47500000000000003,0.15,-0.00081392000000000009,-8.2784000000000011E-10,0.00081396000000000007,3.6832E-07,-3.2264E-07
0.47000000000000003,0.15,-0.00092038,-8.630700000000001E-10,0.00092114000000000009,3.6848E-07,-3.2268E-07
0.465,0.15,-0.00103672,-8.9513000000000009E-10,0.00103608,3.6836E-07,-3.226E-07
0.46,0.15,-0.0011648000000000001,-9.2938000000000005E-10,0.0011652,3.6823999999999997E-07,-3.227E-07
0.455,0.15,-0.0013030000000000001,-9.6587E-10,0.0013032,3.6828E-07,-3.2274E-07
0.45,0.15,-0.0014546000000000001,-1.0061600000000002E-09,0.0014556,3.6836E-07,-3.2276E-07
0.445,0.15,-0.001619,-1.0512800000000001E-09,0.0016176,3.6828E-07,-3.2271999999999997E-07
0.44,0.15,-0.001797,-1.07822E-09,0.0017966,3.682E-07,-3.2278E-07
0.435,0.15,-0.0019838,-1.1194E-09,0.0019850000000000002,3.6828E-07,-3.2274E-07
0.43,0.15,-0.0021896,-1.1635E-09,0.0021908,3.6816E-07,-3.2278E-07
0.42500000000000004,0.15,-0.0024056,-1.2056E-09,0.0024048,3.682E-07,-3.2294E-07
0.42000000000000004,0.15,-0.0026388,-1.2428E-09,0.0026384,3.6818E-07,-3.2284E-07
0.41500000000000004,0.15,-0.0028814,-1.2892E-09,0.0028832000000000003,3.6812E-07,-3.2294E-07
0.41000000000000003,0.15,-0.003144,-1.3294E-09,0.0031432,3.6812E-07,-3.2296E-07
0.405,0.15,-0.0034146000000000003,-1.3738E-09,0.003415,3.6804E-07,-3.2294E-07
0.4,0.15,-0.0037046,-1.4236E-09,0.0037062,3.6795999999999997E-07,-3.2304E-07
0.395,0.15,-0.0040044,-1.4655E-09,0.0040064,3.6794E-07,-3.2306E-07
0.39,0.15,-0.004324,-1.509E-09,0.004324,3.6792E-07,-3.2308E-07
0.385,0.15,-0.0046502,-1.5555E-09,0.004651,3.6786E-07,-3.2318E-07
0.38,0.15,-0.0049982,-1.5971E-09,0.0049986,3.6772E-07,-3.2318E-07
0.375,0.15,-0.005355,-1.6549E-09,0.005355,3.6774E-07,-3.2312E-07
0.37,0.15,-0.0057296000000000005,-1.7009E-09,0.0057314,3.6766E-07,-3.2322E-07
0.365,0.15,-0.0061136,-1.7475E-09,0.0061122,3.6888E-07,-3.2327999999999997E-07
0.36000000000000004,0.15,-0.0065144,-1.7956E-09,0.0065134,3.6888E-07,-3.234E-07
0.35500000000000004,0.15,-0.0069224,-1.8465E-09,0.0069224,3.6879999999999997E-07,-3.2346E-07
0.35000000000000003,0.15,-0.0073518,-1.9005E-09,0.007353,3.6746E-07,-3.2334E-07
0.34500000000000003,0.15,-0.007786,-1.9527E-09,0.0077862,3.6746E-07,-3.2348E-07
0.34,0.15,-0.00824,-2.0047E-09,0.0082424,3.6732E-07,-3.236E-07
0.335,0.15,-0.0086978,-2.0575E-09,0.008699,3.6714E-07,-3.2358E-07
0.33,0.15,-0.009174400000000001,-2.1126E-09,0.009177,3.6725999999999997E-07,-3.236E-07
0.325,0.15,-0.0096586,-2.1674E-09,0.0096606,3.6716E-07,-3.2364E-07
0.32,0.15,-0.0101604,-2.2242E-09,0.0101598,3.6697999999999997E-07,-3.2374E-07
0.315,0.15,-0.010668,-2.278E-09,0.0106654,3.6702E-07,-3.238E-07
0.31,0.15,-0.0111912,-2.3419E-09,0.0111904,3.6694E-07,-3.239E-07
0.305,0.15,-0.011692000000000001,-2.3817E-09,0.011714,3.6636E-07,-3.239E-07
0.3,0.15,-0.012240000000000001,-2.4572E-09,0.012258000000000002,3.6664E-07,-3.2398E-07
0.29500000000000004,0.15,-0.012784000000000002,-2.5083E-09,0.012806000000000001,3.6666E-07,-3.241E-07
0.29000000000000004,0.15,-0.01335,-2.5739E-09,0.013372000000000002,3.6662E-07,-3.2414E-07
0.28500000000000003,0.15,-0.013914000000000001,-2.6325E-09,0.013942000000000001,3.6669999999999997E-07,-3.2422E-07
0.28,0.15,-0.014506000000000002,-2.6976E-09,0.014524,3.6662E-07,-3.2426E-07
0.275,0.15,-0.015088,-2.7604E-09,0.015112000000000002,3.6648E-07,-3.2438E-07
0.27,0.15,-0.015694000000000003,-2.8238E-09,0.015716,3.6627999999999997E-07,-3.2446E-07
0.265,0.15,-0.016296,-2.8935E-09,0.01632,3.664E-07,-3.2452E-07
0.26,0.15,-0.01692,-2.9502E-09,0.01694,3.6632E-07,-3.2462E-07
0.255,0.15,-0.01754,-3.0265E-09,0.017560000000000003,3.6627999999999997E-07,-3.2462E-07
0.25,0.15,-0.018172,-3.0828E-09,0.0182,3.662E-07,-3.2482E-07
0.24500000000000002,0.15,-0.018812000000000002,-3.1644E-09,0.018834,3.6622E-07,-3.249E-07
0.24000000000000002,0.15,-0.019456,-3.2215E-09,0.019474,3.662E-07,-3.249E-07
0.23500000000000001,0.15,-0.020114000000000003,-3.2987E-09,0.02014,3.6606E-07,-3.2504E-07
0.23,0.15,-0.020776000000000003,-3.3604E-09,0.020798,3.6599999999999997E-07,-3.2516E-07
0.225,0.15,-0.02145,-3.4441E-09,0.021468,3.6602E-07,-3.252E-07
0.22,0.15,-0.022122000000000003,-3.5005E-09,0.022144,3.6594E-07,-3.2536E-07
0.215,0.15,-0.02281,-3.5884E-09,0.022830000000000003,3.6574E-07,-3.2542E-07
0.21000000000000002,0.15,-0.023496000000000003,-3.6452E-09,0.023520000000000003,3.658E-07,-3.2562E-07
0.20500000000000002,0.15,-0.024194000000000004,-3.732E-09,0.024224000000000002,3.657E-07,-3.2562E-07
0.2,0.15,-0.024894000000000003,-3.7978E-09,0.024918000000000003,3.655E-07,-3.2572E-07
0.195,0.15,-0.025606000000000004,-3.8874E-09,0.025630000000000003,3.6556E-07,-3.258E-07
0.19,0.15,-0.026322,-3.9583E-09,0.026342,3.6554E-07,-3.2592E-07
0.185,0.15,-0.027042000000000004,-4.0441E-09,0.027062000000000003,3.6556E-07,-3.26E-07
0.18000000000000002,0.15,-0.027758,-4.1159E-09,0.027782,3.6542E-07,-3.2606E-07
0.17500000000000002,0.15,-0.028494000000000002,-4.2057E-09,0.028520000000000004,3.6528E-07,-3.2617999999999997E-07
0.17,0.15,-0.029226000000000002,-4.286E-09,0.029254000000000002,3.6522E-07,-3.2634E-07
0.165,0.15,-0.029974000000000004,-4.3713E-09,0.029998000000000004,3.6518E-07,-3.2648E-07
0.16,0.15,-0.030718000000000002,-4.4568E-09,0.030736000000000003,3.6514E-07,-3.2659999999999997E-07
0.155,0.15,-0.031468,-4.5454E-09,0.031492000000000006,3.651E-07,-3.2668E-07
0.15,0.15,-0.032220000000000006,-4.6328E-09,0.032238,3.65E-07,-3.2682E-07
0.14500000000000002,0.15,-0.032974,-4.7136E-09,0.032988,3.6498E-07,-3.2694E-07
0.14,0.15,-0.033742,-4.8144E-09,0.033764,3.65E-07,-3.2698E-07
0.135,0.15,-0.034504,-4.8978E-09,0.034526,3.6487999999999997E-07,-3.2714E-07
0.13,0.15,-0.035280000000000006,-4.9951E-09,0.035302,3.6473999999999997E-07,-3.2722E-07
0.125,0.15,-0.036052,-5.0833E-09,0.036064000000000006,3.6476E-07,-3.2729999999999997E-07
0.12000000000000001,0.15,-0.036832000000000004,-5.1917E-09,0.036862000000000006,3.6476E-07,-3.2742E-07
0.115,0.15,-0.037614,-5.2738E-09,0.037632000000000006,3.6464E-07,-3.2752E-07
0.11,0.15,-0.038408000000000005,-5.3798E-09,0.038430000000000006,3.6456E-07,-3.2754E-07
0.10500000000000001,0.15,-0.039188,-5.4708E-09,0.039212000000000004,3.6458E-07,-3.277E-07
0.1,0.15,-0.039988,-5.5748E-09,0.040012000000000006,3.6444E-07,-3.2782E-07
0.095,0.15,-0.040782000000000006,-5.6787E-09,0.040804000000000007,3.644E-07,-3.2794E-07
0.090000000000000011,0.15,-0.04159,-5.7895E-09,0.041608000000000006,3.6438E-07,-3.281E-07
0.085,0.15,-0.042382,-5.8839E-09,0.042404000000000004,3.6426E-07,-3.2822E-07
0.08,0.15,-0.043194,-5.9966E-09,0.043218000000000006,3.6431999999999997E-07,-3.2834E-07
0.075,0.15,-0.044002000000000006,-6.0977E-09,0.044024,3.6426E-07,-3.284E-07
0.07,0.15,-0.044818000000000004,-6.2075E-09,0.044838,3.6414E-07,-3.2852E-07
0.065,0.15,-0.045628,-6.3091E-09,0.045648,3.6416E-07,-3.2862E-07
0.060000000000000005,0.15,-0.046446,-6.432E-09,0.046472000000000006,3.6389999999999997E-07,-3.2868E-07
0.055,0.15,-0.047264000000000007,-6.535E-09,0.047282000000000005,3.6402E-07,-3.2882E-07
0.05,0.15,-0.048078,-6.6536E-09,0.048102000000000006,3.6403999999999997E-07,-3.2902E-07
0.045000000000000005,0.15,-0.048904,-6.7606E-09,0.048932,3.6392E-07,-3.2911999999999997E-07
0.04,0.15,-0.049728,-6.878E-09,0.04975,3.6384E-07,-3.2918E-07
0.035,0.15,-0.050560000000000008,-6.9985E-09,0.050586000000000006,3.6389999999999997E-07,-3.2932E-07
0.030000000000000002,0.15,-0.051386,-7.1197E-09,0.051408,3.6386E-07,-3.295E-07
0.025,0.15,-0.052230000000000006,-7.2462E-09,0.052250000000000005,3.6372E-07,-3.2962E-07
0.02,0.15,-0.053054000000000004,-7.3669E-09,0.05308,3.6375999999999997E-07,-3.2962E-07
0.015000000000000001,0.15,-0.053898,-7.481E-09,0.053922000000000005,3.6364E-07,-3.2967999999999997E-07
0.01,0.15,-0.054736000000000007,-7.602E-09,0.054754000000000004,3.6346E-07,-3.2992E-07
0.005,0.15,-0.055574000000000005,-7.7342E-09,0.055600000000000004,3.6347999999999997E-07,-3.3006E-07
0,0.15,-0.056414000000000006,-7.861E-09,0.056434000000000005,3.6356E-07,-3.302E-07
1.2,0.3,-2.7521999999999997E-08,1.8872E-09,-8.4990000000000008E-11,3.5014E-07,-3.2454E-07
1.195,0.3,-2.7281599999999997E-08,1.8149E-09,-8.324E-11,3.499E-07,-3.2436E-07
1.19,0.3,-2.7234599999999997E-08,1.7515E-09,-7.941E-11,3.4993999999999997E-07,-3.2424E-07
1.185,0.3,-2.7141399999999996E-08,1.6992E-09,-7.444E-11,3.4965999999999997E-07,-3.2404E-07
1.1800000000000002,0.3,-2.7060599999999998E-08,1.639E-09,-7.089E-11,3.4962E-07,-3.2402E-07
1.175,0.3,-2.7078399999999998E-08,1.5933999999999999E-09,-6.7090000000000011E-11,3.4944E-07,-3.2386E-07
1.1700000000000002,0.3,-2.7002399999999998E-08,1.5386E-09,-6.669E-11,3.4944E-07,-3.2378E-07
1.165,0.3,-2.6937999999999996E-08,1.5006E-09,-6.342E-11,3.4932E-07,-3.2374E-07
1.1600000000000001,0.3,-2.6886199999999998E-08,1.4491E-09,-6.076E-11,3.4926E-07,-3.236E-07
1.155,0.3,-2.6814399999999996E-08,1.4166E-09,-5.908E-11,3.4916E-07,-3.2369999999999997E-07
1.1500000000000001,0.3,-2.6766799999999997E-08,1.3748E-09,-5.422E-11,3.4909999999999997E-07,-3.2358E-07
1.145,0.3,-2.6815E-08,1.3392E-09,-5.1320000000000003E-11,3.4914E-07,-3.2355999999999997E-07
1.1400000000000001,0.3,-2.6735399999999996E-08,1.3067E-09,-4.822E-11,3.4902E-07,-3.2354E-07
1.135,0.3,-2.6721999999999996E-08,1.267E-09,-4.6740000000000005E-11,3.49E-07,-3.2352E-07
1.1300000000000001,0.3,-2.66638E-08,1.2448E-09,-4.497E-11,3.4892E-07,-3.2341999999999997E-07
1.125,0.3,-2.66042E-08,1.2045E-09,-4.155E-11,3.489E-07,-3.2341999999999997E-07
1.12,0.3,-2.6556399999999998E-08,1.1853E-09,-3.8920000000000006E-11,3.4894E-07,-3.2336E-07
1.115,0.3,-2.6532399999999997E-08,1.1484E-09,-3.667E-11,3.4884E-07,-3.233E-07
1.11,0.3,-2.6516199999999998E-08,1.1279E-09,-3.442E-11,3.4874E-07,-3.2326E-07
1.105,0.3,-2.6485E-08,1.0951E-09,-3.1890000000000006E-11,3.4874E-07,-3.2326E-07
1.1,0.3,-2.6442799999999996E-08,1.0724E-09,-3.095E-11,3.4872E-07,-3.232E-07
1.095,0.3,-2.6371599999999998E-08,1.0506E-09,-3.0280000000000004E-11,3.4867999999999997E-07,-3.2326E-07
1.09,0.3,-2.6345399999999997E-08,1.0252E-09,-2.6650000000000003E-11,3.4866E-07,-3.2318E-07
1.085,0.3,-2.6314199999999997E-08,1.0129E-09,-2.429E-11,3.486E-07,-3.2318E-07
1.08,0.3,-2.62906E-08,9.8682000000000011E-10,-2.076E-11,3.485E-07,-3.2313999999999997E-07
1.075,0.3,-2.62876E-08,9.6228000000000011E-10,-1.8910000000000002E-11,3.485E-07,-3.232E-07
1.07,0.3,-2.6247599999999996E-08,9.4194000000000016E-10,-1.885E-11,3.485E-07,-3.231E-07
1.065,0.3,-2.6173599999999998E-08,9.2032000000000009E-10,-1.564E-11,3.4844E-07,-3.2308E-07
1.06,0.3,-2.61498E-08,9.0813E-10,-1.1870000000000002E-11,3.4842E-07,-3.2306E-07
1.0550000000000002,0.3,-2.6138199999999996E-08,8.8563000000000007E-10,-1.0440000000000002E-11,3.4844E-07,-3.231E-07
1.05,0.3,-2.6153999999999997E-08,8.7017000000000011E-10,-6.91E-12,3.4842E-07,-3.2306E-07
1.0450000000000002,0.3,-2.6109799999999996E-08,8.4811000000000008E-10,-4.42E-12,3.4834E-07,-3.2298E-07
1.04,0.3,-2.6059399999999997E-08,8.3316E-10,-2.03E-12,3.483E-07,-3.2294E-07
1.0350000000000001,0.3,-2.5991599999999997E-08,8.1868000000000011E-10,-4.9E-13,3.483E-07,-3.2294E-07
1.03,0.3,-2.5963599999999998E-08,7.9640000000000006E-10,4.8500000000000005E-12,3.482E-07,-3.2299999999999997E-07
1.0250000000000001,0.3,-2.59332E-08,7.8718000000000007E-10,1.138E-11,3.482E-07,-3.2306E-07
1.02,0.3,-2.5935799999999997E-08,7.6464000000000006E-10,1.588E-11,3.4825999999999997E-07,-3.2299999999999997E-07
1.0150000000000001,0.3,-2.59302E-08,7.5443E-10,1.7890000000000002E-11,3.482E-07,-3.2299999999999997E-07
1.01,0.3,-2.59242E-08,7.288E-10,2.3440000000000002E-11,3.4814E-07,-3.2292E-07
1.0050000000000001,0.3,-2.5881E-08,7.2275E-10,2.924E-11,3.4814E-07,-3.2294E-07
1,0.3,-2.5847799999999997E-08,7.0552000000000006E-10,3.5350000000000006E-11,3.4806E-07,-3.2292E-07
0.995,0.3,-2.5774999999999998E-08,6.9351E-10,4.4440000000000004E-11,3.4811999999999997E-07,-3.2292E-07
0.9900000000000001,0.3,-2.5852199999999996E-08,6.7252000000000007E-10,5.743E-11,3.4814E-07,-3.2288E-07
0.9850000000000001,0.3,-2.58356E-08,6.6671000000000007E-10,6.859E-11,3.4802E-07,-3.2288E-07
0.98000000000000009,0.3,-2.58132E-08,6.5384000000000009E-10,8.0110000000000008E-11,3.4797999999999997E-07,-3.2278E-07
0.97500000000000009,0.3,-2.5791199999999997E-08,6.3115E-10,9.0700000000000007E-11,3.4808E-07,-3.2284E-07
0.97000000000000008,0.3,-2.5768999999999997E-08,6.227200000000001E-10,1.0769E-10,3.4802E-07,-3.2288E-07
0.96500000000000008,0.3,-2.5788E-08,6.0751E-10,1.2715000000000002E-10,3.4806E-07,-3.2282E-07
0.96000000000000008,0.3,-2.5783199999999998E-08,6.0360000000000007E-10,1.5289E-10,3.4792E-07,-3.2282E-07
0.95500000000000007,0.3,-2.5824599999999996E-08,5.7809E-10,1.8238000000000002E-10,3.4792E-07,-3.2284E-07
0.95000000000000007,0.3,-2.5834999999999996E-08,5.7798E-10,2.1443000000000003E-10,3.4797999999999997E-07,-3.228E-07
0.94500000000000006,0.3,-2.58408E-08,5.5611000000000006E-10,2.5367E-10,3.4792E-07,-3.228E-07
0.94000000000000006,0.3,-2.5843999999999996E-08,5.5346000000000007E-10,2.9523E-10,3.4788E-07,-3.228E-07
0.935,0.3,-2.5885599999999996E-08,5.3088E-10,3.4853000000000004E-10,3.4794E-07,-3.2284E-07
0.93,0.3,-2.5883399999999996E-08,5.2840000000000006E-10,4.0722E-10,3.4786E-07,-3.2276E-07
0.925,0.3,-2.5945999999999996E-08,5.1385E-10,4.8036000000000009E-10,3.4783999999999997E-07,-3.2285999999999997E-07
0.92,0.3,-2.6056599999999998E-08,5.0313E-10,5.6384000000000009E-10,3.478E-07,-3.2278E-07
0.915,0.3,-2.6116199999999998E-08,4.9412E-10,6.6151E-10,3.4786E-07,-3.2285999999999997E-07
0.91,0.3,-2.6207599999999997E-08,4.7881E-10,7.787E-10,3.4782E-07,-3.2282E-07
0.905,0.3,-2.63272E-08,4.7744000000000006E-10,9.1432000000000011E-10,3.4776E-07,-3.228E-07
0.9,0.3,-2.6488E-08,4.5683E-10,1.0752700000000002E-09,3.4778E-07,-3.2278E-07
0.895,0.3,-2.66488E-08,4.5873000000000003E-10,1.2629E-09,3.478E-07,-3.2282E-07
0.89,0.3,-2.6834199999999998E-08,4.4667E-10,1.4851E-09,3.4774E-07,-3.2274E-07
0.885,0.3,-2.71062E-08,4.2509000000000003E-10,1.743E-09,3.4778E-07,-3.2278E-07
0.88,0.3,-2.7390999999999997E-08,4.2583E-10,2.0535E-09,3.4776E-07,-3.2271999999999997E-07
0.875,0.3,-2.7782199999999998E-08,4.0351000000000004E-10,2.4079E-09,3.478E-07,-3.2271999999999997E-07
0.87,0.3,-2.8193199999999997E-08,4.0376E-10,2.8326E-09,3.4776E-07,-3.2271999999999997E-07
0.865,0.3,-2.8630599999999998E-08,3.8587000000000003E-10,3.3283E-09,3.4772E-07,-3.2271999999999997E-07
0.86,0.3,-2.9203199999999998E-08,3.8417000000000003E-10,3.9131E-09,3.4776E-07,-3.2276E-07
0.85500000000000009,0.3,-2.9893599999999994E-08,3.7259000000000005E-10,4.6E-09,3.4776E-07,-3.2274E-07
0.85000000000000009,0.3,-3.07186E-08,3.6088000000000005E-10,5.4142E-09,3.478E-07,-3.2276E-07
0.84500000000000008,0.3,-3.16524E-08,3.5653E-10,6.3591E-09,3.4776E-07,-3.2274E-07
0.84000000000000008,0.3,-3.27818E-08,3.3843000000000004E-10,7.498E-09,3.4776E-07,-3.2278E-07
0.83500000000000008,0.3,-3.40696E-08,3.3877E-10,8.8007E-09,3.4772E-07,-3.2278E-07
0.83000000000000007,0.3,-3.56134E-08,3.1996E-10,1.03766E-08,3.4772E-07,-3.2271999999999997E-07
0.82500000000000007,0.3,-3.7401199999999996E-08,3.2158000000000004E-10,1.2196999999999998E-08,3.478E-07,-3.2276E-07
0.82000000000000006,0.3,-3.9602799999999996E-08,3.0555000000000005E-10,1.4358399999999999E-08,3.4776E-07,-3.2271999999999997E-07
0.81500000000000006,0.3,-4.20722E-08,2.9209E-10,1.68746E-08,3.4776E-07,-3.2278E-07
0.81,0.3,-4.5470199999999994E-08,2.9101E-10,1.98842E-08,3.4769999999999997E-07,-3.2276E-07
0.805,0.3,-4.85278E-08,2.729E-10,2.3361999999999998E-08,3.4772E-07,-3.2276E-07
0.8,0.3,-5.2568199999999996E-08,2.7078E-10,2.7449799999999997E-08,3.4769999999999997E-07,-3.2276E-07
0.795,0.3,-5.74422E-08,2.5761E-10,3.2361399999999996E-08,3.4768E-07,-3.2274E-07
0.79,0.3,-6.31232E-08,2.4715E-10,3.80112E-08,3.476E-07,-3.228E-07
0.785,0.3,-6.9784E-08,2.4324000000000003E-10,4.4775199999999993E-08,3.4752E-07,-3.2266E-07
0.78,0.3,-7.76458E-08,2.2685000000000002E-10,5.2612999999999996E-08,3.4758E-07,-3.2276E-07
0.775,0.3,-8.70408E-08,2.2590000000000002E-10,6.1974599999999989E-08,3.4764E-07,-3.227E-07
0.77,0.3,-9.79274E-08,2.108E-10,7.2888E-08,3.4766E-07,-3.2271999999999997E-07
0.765,0.3,-1.1086859999999999E-07,2.0181000000000003E-10,8.5821399999999993E-08,3.4755999999999997E-07,-3.2278E-07
0.76,0.3,-1.2596E-07,1.9550000000000002E-10,1.0090299999999999E-07,3.476E-07,-3.2266E-07
0.755,0.3,-1.441E-07,1.7932E-10,1.1876E-07,3.476E-07,-3.2278E-07
0.75,0.3,-1.6496E-07,1.7317E-10,1.3988E-07,3.4754E-07,-3.2266E-07
0.745,0.3,-1.8988E-07,1.6094000000000002E-10,1.648E-07,3.4758E-07,-3.2266E-07
0.74,0.3,-2.1884E-07,1.5108E-10,1.9373999999999999E-07,3.476E-07,-3.2278E-07
0.735,0.3,-2.5356E-07,1.3934E-10,2.2834E-07,3.476E-07,-3.2271999999999997E-07
0.73,0.3,-2.9352E-07,1.2894000000000002E-10,2.6846E-07,3.4755999999999997E-07,-3.227E-07
0.72500000000000009,0.3,-3.4181999999999997E-07,1.1779000000000001E-10,3.1682E-07,3.4752E-07,-3.2268E-07
0.72000000000000008,0.3,-3.975E-07,1.0527E-10,3.723E-07,3.4752E-07,-3.227E-07
0.71500000000000008,0.3,-4.6374E-07,9.621000000000001E-11,4.383E-07,3.4748E-07,-3.227E-07
0.71000000000000008,0.3,-5.4132E-07,7.577E-11,5.1658E-07,3.4752E-07,-3.227E-07
0.70500000000000007,0.3,-6.324E-07,7.2300000000000011E-11,6.0864E-07,3.4741999999999997E-07,-3.2264E-07
0.70000000000000007,0.3,-7.41E-07,5.0820000000000005E-11,7.1582E-07,3.4748E-07,-3.2266E-07
0.69500000000000006,0.3,-8.6802E-07,4.6660000000000004E-11,8.4311999999999994E-07,3.4746E-07,-3.2278E-07
0.69000000000000006,0.3,-1.0183E-06,2.232E-11,9.9334E-07,3.4744E-07,-3.227E-07
0.685,0.3,-1.1878E-06,1.3560000000000001E-11,1.1664000000000002E-06,3.4754E-07,-3.227E-07
0.68,0.3,-1.3967000000000001E-06,-8.12E-12,1.3757000000000002E-06,3.4744E-07,-3.227E-07
0.675,0.3,-1.6391000000000001E-06,-9.5200000000000014E-12,1.6187E-06,3.4746E-07,-3.2266E-07
0.67,0.3,-1.9312000000000002E-06,-3.5810000000000004E-11,1.9082000000000002E-06,3.4746E-07,-3.227E-07
0.665,0.3,-2.2697E-06,-4.151E-11,2.2453000000000003E-06,3.4741999999999997E-07,-3.227E-07
0.66,0.3,-2.6704000000000003E-06,-6.626E-11,2.6483E-06,3.4736E-07,-3.2262E-07
0.655,0.3,-3.1361000000000003E-06,-7.339E-11,3.1156000000000003E-06,3.474E-07,-3.2262E-07
0.65,0.3,-3.6936000000000005E-06,-1.0211000000000001E-10,3.6742000000000003E-06,3.4741999999999997E-07,-3.2268E-07
0.645,0.3,-4.3401E-06,-1.0912000000000001E-10,4.3252000000000005E-06,3.4746E-07,-3.227E-07
0.64,0.3,-5.1158E-06,-1.3614E-10,5.0979000000000008E-06,3.4748E-07,-3.227E-07
0.635,0.3,-6.0124E-06,-1.4489E-10,5.9940000000000005E-06,3.4741999999999997E-07,-3.2268E-07
0.63,0.3,-7.0934000000000006E-06,-1.701E-10,7.0695000000000007E-06,3.4736E-07,-3.2266E-07
0.625,0.3,-8.3359000000000009E-06,-1.7878E-10,8.3161000000000016E-06,3.475E-07,-3.2264E-07
0.62,0.3,-9.822400000000001E-06,-2.0797E-10,9.7949000000000017E-06,3.4738E-07,-3.227E-07
0.615,0.3,-1.1554E-05,-2.2814000000000003E-10,1.1508E-05,3.4736E-07,-3.227E-07
0.61,0.3,-1.3616E-05,-2.404E-10,1.358E-05,3.474E-07,-3.227E-07
0.605,0.3,-1.5994E-05,-2.6589E-10,1.5972000000000002E-05,3.4738E-07,-3.2268E-07
0.6,0.3,-1.8832000000000002E-05,-2.8027E-10,1.8772E-05,3.474E-07,-3.2268E-07
0.595,0.3,-2.2102E-05,-3.0678E-10,2.2100000000000002E-05,3.4734E-07,-3.2264E-07
0.59000000000000008,0.3,-2.6038E-05,-3.1935000000000004E-10,2.604E-05,3.4732E-07,-3.2262E-07
0.58500000000000008,0.3,-3.0544000000000004E-05,-3.5019E-10,3.0558E-05,3.474E-07,-3.2266E-07
0.58000000000000007,0.3,-3.5904E-05,-3.5979E-10,3.5912000000000004E-05,3.4736E-07,-3.2268E-07
0.57500000000000007,0.3,-4.2130000000000005E-05,-3.9353000000000004E-10,4.2122E-05,3.4734E-07,-3.227E-07
0.57000000000000006,0.3,-4.9466000000000004E-05,-4.0475E-10,4.9412E-05,3.4734E-07,-3.2266E-07
0.56500000000000006,0.3,-5.8062E-05,-4.3563E-10,5.795E-05,3.474E-07,-3.227E-07
0.56,0.3,-6.8094E-05,-4.5098000000000003E-10,6.8018E-05,3.4748E-07,-3.2264E-07
0.555,0.3,-7.9626E-05,-4.7963E-10,7.947E-05,3.4734E-07,-3.2264E-07
0.55,0.3,-9.3316E-05,-4.9902E-10,9.3182E-05,3.4734E-07,-3.2264E-07
0.545,0.3,-0.000108818,-5.2784E-10,0.000108794,3.4722E-07,-3.226E-07
0.54,0.3,-0.00012676,-5.4596E-10,0.00012702000000000001,3.4712E-07,-3.2266E-07
0.535,0.3,-0.00014776,-5.7155000000000006E-10,0.00014782,3.4724E-07,-3.2266E-07
0.53,0.3,-0.00017214000000000002,-5.9898E-10,0.00017224000000000002,3.4722E-07,-3.2268E-07
0.525,0.3,-0.0001998,-6.1985000000000009E-10,0.00019994,3.473E-07,-3.227E-07
0.52,0.3,-0.00023186000000000002,-6.5086000000000007E-10,0.00023216000000000003,3.4727999999999997E-07,-3.2266E-07
0.515,0.3,-0.00026826000000000004,-6.7592000000000008E-10,0.00026854,3.4726E-07,-3.2266E-07
0.51,0.3,-0.00030978,-7.0236E-10,0.00031034000000000004,3.4722E-07,-3.227E-07
0.505,0.3,-0.00035694000000000004,-7.2964000000000008E-10,0.00035716000000000003,3.4724E-07,-3.227E-07
0.5,0.3,-0.00041084000000000004,-7.564000000000001E-10,0.00041094000000000005,3.4724E-07,-3.227E-07
0.49500000000000005,0.3,-0.00047050000000000005,-7.8633E-10,0.00047098,3.4716E-07,-3.226E-07
0.49000000000000005,0.3,-0.00053860000000000008,-8.1784E-10,0.00053876,3.4727999999999997E-07,-3.2266E-07
0.48500000000000004,0.3,-0.00061360000000000006,-8.4591E-10,0.00061412,3.4712E-07,-3.227E-07
0.48000000000000004,0.3,-0.00069880000000000007,-8.7841000000000007E-10,0.00069880000000000007,3.4724E-07,-3.2264E-07
0.47500000000000003,0.3,-0.0007908,-9.0772E-10,0.00079098,3.4716E-07,-3.2266E-07
0.47000000000000003,0.3,-0.00089518000000000009,-9.4032000000000012E-10,0.0008951600000000001,3.4718E-07,-3.2271999999999997E-07
0.465,0.3,-0.00100758,-9.7874E-10,0.00100786,3.4722E-07,-3.2284E-07
0.46,0.3,-0.00113232,-1.01008E-09,0.0011329200000000002,3.4718E-07,-3.2282E-07
0.455,0.3,-0.0012666,-1.0461E-09,0.0012674000000000001,3.4706E-07,-3.2278E-07
0.45,0.3,-0.0014156,-1.0789E-09,0.0014162,3.4706E-07,-3.2274E-07
0.445,0.3,-0.0015734,-1.118E-09,0.0015744,3.4699999999999997E-07,-3.2278E-07
0.44,0.3,-0.0017478,-1.1539E-09,0.0017482,3.471E-07,-3.2271999999999997E-07
0.435,0.3,-0.0019320000000000001,-1.1971E-09,0.0019320000000000001,3.4712E-07,-3.2282E-07
0.43,0.3,-0.0021316,-1.2326E-09,0.0021314,3.4708E-07,-3.2274E-07
0.42500000000000004,0.3,-0.0023414,-1.2796E-09,0.0023416,3.471E-07,-3.2288E-07
0.42000000000000004,0.3,-0.002569,-1.312E-09,0.0025694,3.471E-07,-3.229E-07
0.41500000000000004,0.3,-0.0028066000000000002,-1.3619E-09,0.0028084,3.4699999999999997E-07,-3.2288E-07
0.41000000000000003,0.3,-0.003061,-1.402E-09,0.003062,3.4699999999999997E-07,-3.229E-07
0.405,0.3,-0.0033252,-1.4431E-09,0.0033264,3.4699999999999997E-07,-3.2299999999999997E-07
0.4,0.3,-0.0036090000000000002,-1.4887E-09,0.0036098000000000002,3.4694E-07,-3.2296E-07
0.395,0.3,-0.0039034,-1.5317E-09,0.0039036,3.4696E-07,-3.2294E-07
0.39,0.3,-0.0042144,-1.5801E-09,0.0042142,3.4696E-07,-3.2299999999999997E-07
0.385,0.3,-0.0045356,-1.6259E-09,0.0045352000000000005,3.4696E-07,-3.2312E-07
0.38,0.3,-0.0048734,-1.6768E-09,0.004874,3.4692E-07,-3.2308E-07
0.375,0.3,-0.0052222,-1.7168E-09,0.0052228000000000005,3.4682E-07,-3.2313999999999997E-07
0.37,0.3,-0.0055904,-1.7714E-09,0.0055892,3.4685999999999997E-07,-3.2312E-07
0.365,0.3,-0.0059640000000000006,-1.8151E-09,0.0059626,3.4685999999999997E-07,-3.232E-07
0.36000000000000004,0.3,-0.0063578,-1.8697E-09,0.0063558,3.4685999999999997E-07,-3.2326E-07
0.35500000000000004,0.3,-0.0067576,-1.9142E-09,0.006758,3.4696E-07,-3.2327999999999997E-07
0.35000000000000003,0.3,-0.0071764,-1.9724E-09,0.0071752000000000005,3.4685999999999997E-07,-3.2332E-07
0.34500000000000003,0.3,-0.0076022,-2.0178E-09,0.007602,3.4678E-07,-3.2341999999999997E-07
0.34,0.3,-0.0080442,-2.078E-09,0.0080462,3.4685999999999997E-07,-3.2346E-07
0.335,0.3,-0.0084954,-2.1248E-09,0.0084966,3.4685999999999997E-07,-3.2354E-07
0.33,0.3,-0.0089642,-2.1861E-09,0.0089652,3.4678E-07,-3.2355999999999997E-07
0.325,0.3,-0.0094366,-2.2348E-09,0.0094362,3.4668E-07,-3.2358E-07
0.32,0.3,-0.009928600000000001,-2.2897E-09,0.009929,3.4676E-07,-3.2369999999999997E-07
0.315,0.3,-0.010425,-2.3468E-09,0.010425,3.4664E-07,-3.2372E-07
0.31,0.3,-0.010937200000000001,-2.4096E-09,0.010936,3.466E-07,-3.2376E-07
0.305,0.3,-0.0114532,-2.4684E-09,0.0114546,3.4657999999999997E-07,-3.2374E-07
0.3,0.3,-0.011966000000000001,-2.5195E-09,0.011986000000000002,3.4606E-07,-3.2368E-07
0.29500000000000004,0.3,-0.0125,-2.5789E-09,0.012524,3.4629999999999997E-07,-3.2378E-07
0.29000000000000004,0.3,-0.01306,-2.6472E-09,0.013078000000000001,3.4636E-07,-3.2386E-07
0.28500000000000003,0.3,-0.013612,-2.7069E-09,0.013636,3.4648E-07,-3.24E-07
0.28,0.3,-0.014188000000000001,-2.7716E-09,0.01421,3.4646E-07,-3.2408E-07
0.275,0.3,-0.014764000000000001,-2.8331E-09,0.014784000000000002,3.4643999999999997E-07,-3.2402E-07
0.27,0.3,-0.015356000000000002,-2.8976E-09,0.015378000000000001,3.4638E-07,-3.2414E-07
0.265,0.3,-0.015952,-2.9623E-09,0.015972,3.4638E-07,-3.2424E-07
0.26,0.3,-0.016560000000000002,-3.0314E-09,0.016584,3.4634E-07,-3.2424E-07
0.255,0.3,-0.01717,-3.0881E-09,0.017188000000000002,3.4632E-07,-3.243E-07
0.25,0.3,-0.017794,-3.1665E-09,0.017822,3.4629999999999997E-07,-3.2436E-07
0.24500000000000002,0.3,-0.018422,-3.2305E-09,0.018444000000000002,3.4624E-07,-3.2444E-07
0.24000000000000002,0.3,-0.019062000000000003,-3.3051E-09,0.019076000000000003,3.4629999999999997E-07,-3.2446E-07
0.23500000000000001,0.3,-0.019704000000000003,-3.3774E-09,0.019724000000000002,3.4628E-07,-3.2458E-07
0.23,0.3,-0.020352000000000002,-3.4484E-09,0.020374000000000003,3.4626E-07,-3.2468E-07
0.225,0.3,-0.021016000000000003,-3.5243E-09,0.021038,3.4618E-07,-3.2474E-07
0.22,0.3,-0.021676,-3.6023E-09,0.021696000000000003,3.4629999999999997E-07,-3.2488E-07
0.215,0.3,-0.022350000000000002,-3.6682E-09,0.022374,3.4612E-07,-3.248E-07
0.21000000000000002,0.3,-0.023028000000000003,-3.7513E-09,0.023048000000000003,3.4615999999999997E-07,-3.2492E-07
0.20500000000000002,0.3,-0.023714000000000002,-3.8254E-09,0.023738000000000002,3.4608E-07,-3.2492E-07
0.2,0.3,-0.024402000000000004,-3.9095E-09,0.024424,3.4598E-07,-3.2508E-07
0.195,0.3,-0.025108000000000002,-3.9892E-09,0.025126000000000002,3.4604E-07,-3.2514E-07
0.19,0.3,-0.025802000000000002,-4.0722E-09,0.025828000000000004,3.4601999999999997E-07,-3.252E-07
0.185,0.3,-0.026512,-4.1465E-09,0.026538000000000003,3.4604E-07,-3.2538E-07
0.18000000000000002,0.3,-0.027226000000000004,-4.2319E-09,0.027248,3.4598E-07,-3.2542E-07
0.17500000000000002,0.3,-0.027946000000000002,-4.3163E-09,0.027968000000000003,3.4598E-07,-3.2546E-07
0.17,0.3,-0.028664000000000002,-4.3977E-09,0.028688,3.4596E-07,-3.2556E-07
0.165,0.3,-0.029396000000000002,-4.4885E-09,0.029422000000000004,3.4598E-07,-3.2558E-07
0.16,0.3,-0.030130000000000004,-4.5763E-09,0.030146000000000003,3.4594E-07,-3.2574E-07
0.155,0.3,-0.03087,-4.6614E-09,0.030890000000000004,3.4586E-07,-3.2574E-07
0.15,0.3,-0.031612,-4.7547E-09,0.031630000000000005,3.4592E-07,-3.2589999999999997E-07
0.14500000000000002,0.3,-0.032350000000000004,-4.8496E-09,0.032374,3.4586E-07,-3.2592E-07
0.14,0.3,-0.033104,-4.9381E-09,0.033126,3.4586E-07,-3.26E-07
0.135,0.3,-0.033856000000000004,-5.0413E-09,0.033876,3.4582E-07,-3.2608E-07
0.13,0.3,-0.034620000000000005,-5.1305E-09,0.034640000000000004,3.4582E-07,-3.262E-07
0.125,0.3,-0.035376000000000005,-5.2302E-09,0.035396000000000004,3.4582E-07,-3.2634E-07
0.12000000000000001,0.3,-0.036148000000000007,-5.3259E-09,0.036172,3.4582E-07,-3.2636E-07
0.115,0.3,-0.036914,-5.428E-09,0.036928,3.4573999999999997E-07,-3.2645999999999997E-07
0.11,0.3,-0.037692,-5.5193E-09,0.037714000000000004,3.4578E-07,-3.265E-07
0.10500000000000001,0.3,-0.038462,-5.6387E-09,0.038486000000000006,3.4584E-07,-3.2658E-07
0.1,0.3,-0.03925,-5.7361E-09,0.039268000000000004,3.4573999999999997E-07,-3.2658E-07
0.095,0.3,-0.040026000000000006,-5.8429E-09,0.04005,3.457E-07,-3.2676E-07
0.090000000000000011,0.3,-0.040822000000000004,-5.9467E-09,0.040842,3.457E-07,-3.2682E-07
0.085,0.3,-0.041600000000000005,-6.0624E-09,0.041622000000000006,3.457E-07,-3.2686E-07
0.08,0.3,-0.042398000000000005,-6.1561E-09,0.042420000000000006,3.4568E-07,-3.27E-07
0.075,0.3,-0.043188000000000004,-6.2745E-09,0.043212,3.457E-07,-3.2714E-07
0.07,0.3,-0.04399,-6.3792E-09,0.044006,3.4568E-07,-3.2718E-07
0.065,0.3,-0.044776,-6.4972E-09,0.044798000000000004,3.4564E-07,-3.2728E-07
0.060000000000000005,0.3,-0.045586,-6.6209E-09,0.045612000000000007,3.4556E-07,-3.2734E-07
0.055,0.3,-0.046380000000000005,-6.7319E-09,0.046404,3.4558E-07,-3.2742E-07
0.05,0.3,-0.047176,-6.8584E-09,0.047196,3.4554E-07,-3.2746E-07
0.045000000000000005,0.3,-0.047988,-6.9791E-09,0.048012000000000006,3.4562E-07,-3.2764E-07
0.04,0.3,-0.048790000000000007,-7.1093E-09,0.048814,3.4568E-07,-3.2778E-07
0.035,0.3,-0.049604,-7.2425E-09,0.049626,3.4558E-07,-3.2776E-07
0.030000000000000002,0.3,-0.050406000000000006,-7.3707E-09,0.05043,3.455E-07,-3.2784E-07
0.025,0.3,-0.051226000000000008,-7.4942E-09,0.051248,3.454E-07,-3.2784E-07
0.02,0.3,-0.052028000000000005,-7.6257E-09,0.052048000000000004,3.455E-07,-3.2794E-07
0.015000000000000001,0.3,-0.052844,-7.7559E-09,0.052872,3.4538E-07,-3.2802E-07
0.01,0.3,-0.053654000000000007,-7.8785E-09,0.053680000000000005,3.4542E-07,-3.2822E-07
0.005,0.3,-0.054476000000000004,-8.0134E-09,0.054490000000000004,3.454E-07,-3.282E-07
0,0.3,-0.055282000000000005,-8.1461E-09,0.055304000000000006,3.4554E-07,-3.2838E-07
1.2,0.45,-1.3468799999999999E-08,1.3577E-09,-8.475E-11,3.3622E-07,-3.2408E-07
1.195,0.45,-1.3386799999999999E-08,1.2959E-09,-8.1700000000000013E-11,3.3625999999999997E-07,-3.2398E-07
1.19,0.45,-1.3355999999999999E-08,1.2415E-09,-7.7730000000000012E-11,3.362E-07,-3.2386E-07
1.185,0.45,-1.3341399999999999E-08,1.1881E-09,-7.527E-11,3.3614E-07,-3.2388E-07
1.1800000000000002,0.45,-1.33226E-08,1.1382E-09,-7.227E-11,3.361E-07,-3.2372E-07
1.175,0.45,-1.33006E-08,1.0935E-09,-6.987E-11,3.3602E-07,-3.2369999999999997E-07
1.1700000000000002,0.45,-1.3264999999999998E-08,1.0521E-09,-6.73E-11,3.3594E-07,-3.2366E-07
1.165,0.45,-1.32414E-08,1.0156E-09,-6.385E-11,3.3597999999999997E-07,-3.2354E-07
1.1600000000000001,0.45,-1.3209199999999999E-08,9.7794E-10,-5.93E-11,3.3586E-07,-3.2346E-07
1.155,0.45,-1.3206999999999999E-08,9.4151E-10,-5.626E-11,3.3582E-07,-3.2341999999999997E-07
1.1500000000000001,0.45,-1.3186599999999999E-08,9.1136E-10,-5.3670000000000007E-11,3.3576E-07,-3.2341999999999997E-07
1.145,0.45,-1.3168199999999998E-08,8.7753000000000007E-10,-5.1030000000000004E-11,3.3582E-07,-3.2344E-07
1.1400000000000001,0.45,-1.31584E-08,8.5131E-10,-4.9700000000000007E-11,3.3583999999999997E-07,-3.2341999999999997E-07
1.135,0.45,-1.3102599999999998E-08,8.235600000000001E-10,-4.6850000000000005E-11,3.3578E-07,-3.2334E-07
1.1300000000000001,0.45,-1.3079E-08,7.9690000000000011E-10,-4.4550000000000004E-11,3.3576E-07,-3.2334E-07
1.125,0.45,-1.3077799999999999E-08,7.7623E-10,-4.283E-11,3.3564E-07,-3.2327999999999997E-07
1.12,0.45,-1.3064399999999999E-08,7.5159000000000009E-10,-3.93E-11,3.3568E-07,-3.2326E-07
1.115,0.45,-1.3059199999999999E-08,7.3173E-10,-3.67E-11,3.3564E-07,-3.2324E-07
1.11,0.45,-1.3037599999999999E-08,7.0619E-10,-3.4940000000000004E-11,3.3564E-07,-3.2313999999999997E-07
1.105,0.45,-1.2995799999999999E-08,6.910000000000001E-10,-3.296E-11,3.3569999999999997E-07,-3.2316E-07
1.1,0.45,-1.2961999999999999E-08,6.6843E-10,-2.8810000000000002E-11,3.3558E-07,-3.2313999999999997E-07
1.095,0.45,-1.2968999999999999E-08,6.5435E-10,-2.6870000000000003E-11,3.3554E-07,-3.2316E-07
1.09,0.45,-1.2967399999999998E-08,6.3018000000000009E-10,-2.5540000000000003E-11,3.3552E-07,-3.2312E-07
1.085,0.45,-1.2946599999999998E-08,6.1721000000000008E-10,-2.3020000000000002E-11,3.3555999999999997E-07,-3.2312E-07
1.08,0.45,-1.29346E-08,5.9675E-10,-2.176E-11,3.3555999999999997E-07,-3.2313999999999997E-07
1.075,0.45,-1.2889599999999998E-08,5.8377E-10,-2.0730000000000002E-11,3.3552E-07,-3.231E-07
1.07,0.45,-1.28806E-08,5.6629E-10,-1.784E-11,3.3558E-07,-3.2312E-07
1.065,0.45,-1.28664E-08,5.5228000000000008E-10,-1.557E-11,3.3548E-07,-3.2308E-07
1.06,0.45,-1.2877799999999999E-08,5.3848000000000009E-10,-1.127E-11,3.355E-07,-3.2308E-07
1.0550000000000002,0.45,-1.2876599999999998E-08,5.2359E-10,-9.3000000000000012E-12,3.3548E-07,-3.2313999999999997E-07
1.05,0.45,-1.2836799999999999E-08,5.1134E-10,-8.31E-12,3.3538E-07,-3.2296E-07
1.0450000000000002,0.45,-1.28336E-08,4.949E-10,-6.45E-12,3.3544E-07,-3.2302E-07
1.04,0.45,-1.2808399999999998E-08,4.8905000000000008E-10,-2.6500000000000002E-12,3.3548E-07,-3.2313999999999997E-07
1.0350000000000001,0.45,-1.2813399999999999E-08,4.7416E-10,8.2E-13,3.3548E-07,-3.2298E-07
1.03,0.45,-1.2815599999999999E-08,4.6409000000000005E-10,4.3400000000000005E-12,3.3541999999999997E-07,-3.2302E-07
1.0250000000000001,0.45,-1.2831199999999999E-08,4.4741E-10,8.41E-12,3.3536E-07,-3.2294E-07
1.02,0.45,-1.2815999999999999E-08,4.3968000000000003E-10,1.221E-11,3.3536E-07,-3.2298E-07
1.0150000000000001,0.45,-1.28042E-08,4.2683E-10,1.571E-11,3.3536E-07,-3.2294E-07
1.01,0.45,-1.2773799999999998E-08,4.1583000000000005E-10,2.1620000000000002E-11,3.3538E-07,-3.2302E-07
1.0050000000000001,0.45,-1.2751199999999999E-08,4.0632000000000005E-10,2.875E-11,3.3541999999999997E-07,-3.2298E-07
1,0.45,-1.27554E-08,3.9852000000000004E-10,3.6660000000000006E-11,3.3546E-07,-3.2299999999999997E-07
0.995,0.45,-1.27592E-08,3.8559E-10,4.407E-11,3.3536E-07,-3.2304E-07
0.9900000000000001,0.45,-1.2761199999999999E-08,3.7530000000000004E-10,5.3270000000000007E-11,3.3538E-07,-3.2294E-07
0.9850000000000001,0.45,-1.2759399999999999E-08,3.6433E-10,6.531E-11,3.353E-07,-3.2294E-07
0.98000000000000009,0.45,-1.2759999999999998E-08,3.5664E-10,7.5940000000000011E-11,3.353E-07,-3.2298E-07
0.97500000000000009,0.45,-1.2727399999999999E-08,3.4682000000000005E-10,8.993E-11,3.3536E-07,-3.2299999999999997E-07
0.97000000000000008,0.45,-1.27424E-08,3.3678000000000005E-10,1.0850000000000001E-10,3.3532E-07,-3.2292E-07
0.96500000000000008,0.45,-1.2756799999999999E-08,3.3034E-10,1.2853000000000002E-10,3.353E-07,-3.2288E-07
0.96000000000000008,0.45,-1.2773399999999998E-08,3.2106000000000003E-10,1.4939000000000001E-10,3.353E-07,-3.2288E-07
0.95500000000000007,0.45,-1.2811199999999999E-08,3.1195000000000004E-10,1.7681E-10,3.3532E-07,-3.2294E-07
0.95000000000000007,0.45,-1.2825599999999998E-08,3.0289000000000003E-10,2.0879E-10,3.353E-07,-3.2292E-07
0.94500000000000006,0.45,-1.2830799999999998E-08,2.9642000000000005E-10,2.4558E-10,3.3524E-07,-3.2292E-07
0.94000000000000006,0.45,-1.2878799999999998E-08,2.8924000000000003E-10,2.8902E-10,3.3526E-07,-3.2294E-07
0.935,0.45,-1.292E-08,2.8014000000000003E-10,3.4062E-10,3.3526E-07,-3.229E-07
0.93,0.45,-1.29796E-08,2.7330000000000003E-10,3.9859E-10,3.3526E-07,-3.2288E-07
0.925,0.45,-1.3052399999999999E-08,2.625E-10,4.6917E-10,3.3532E-07,-3.2292E-07
0.92,0.45,-1.3089399999999999E-08,2.5805E-10,5.4767E-10,3.3518E-07,-3.2284E-07
0.915,0.45,-1.3168999999999999E-08,2.4779000000000003E-10,6.4457000000000008E-10,3.3524E-07,-3.2285999999999997E-07
0.91,0.45,-1.3269399999999998E-08,2.4392E-10,7.6061E-10,3.3513999999999997E-07,-3.2278E-07
0.905,0.45,-1.3387599999999999E-08,2.3604E-10,8.9246E-10,3.3513999999999997E-07,-3.2284E-07
0.9,0.45,-1.35512E-08,2.2687000000000001E-10,1.0470900000000002E-09,3.3513999999999997E-07,-3.2284E-07
0.895,0.45,-1.3749599999999999E-08,2.2115E-10,1.23E-09,3.351E-07,-3.2284E-07
0.89,0.45,-1.3929799999999999E-08,2.1643000000000002E-10,1.4472E-09,3.3512E-07,-3.2285999999999997E-07
0.885,0.45,-1.4180799999999999E-08,2.0608000000000003E-10,1.6998E-09,3.351E-07,-3.2274E-07
0.88,0.45,-1.4436199999999999E-08,2.0323E-10,1.9975E-09,3.3508E-07,-3.2276E-07
0.875,0.45,-1.4764599999999998E-08,1.9132000000000002E-10,2.3476E-09,3.352E-07,-3.2284E-07
0.87,0.45,-1.5140399999999997E-08,1.9459000000000002E-10,2.7661E-09,3.3512E-07,-3.2278E-07
0.865,0.45,-1.56584E-08,1.7838E-10,3.2447E-09,3.3513999999999997E-07,-3.2274E-07
0.86,0.45,-1.6242799999999998E-08,1.8167E-10,3.8218E-09,3.3506E-07,-3.2276E-07
0.85500000000000009,0.45,-1.6925599999999997E-08,1.6701E-10,4.4858E-09,3.3513999999999997E-07,-3.2284E-07
0.85000000000000009,0.45,-1.76902E-08,1.6752E-10,5.2812E-09,3.3508E-07,-3.2282E-07
0.84500000000000008,0.45,-1.8608999999999998E-08,1.5661000000000002E-10,6.2029E-09,3.3512E-07,-3.2288E-07
0.84000000000000008,0.45,-1.9665799999999998E-08,1.5158E-10,7.3005E-09,3.3518E-07,-3.229E-07
0.83500000000000008,0.45,-2.0937799999999998E-08,1.4867000000000002E-10,8.5746E-09,3.3524E-07,-3.2282E-07
0.83000000000000007,0.45,-2.24456E-08,1.3758E-10,1.00879E-08,3.3513999999999997E-07,-3.2288E-07
0.82500000000000007,0.45,-2.4250999999999997E-08,1.3920000000000002E-10,1.1868599999999999E-08,3.3508E-07,-3.2276E-07
0.82000000000000006,0.45,-2.6332799999999997E-08,1.2467000000000002E-10,1.3975199999999999E-08,3.3502E-07,-3.2278E-07
0.81500000000000006,0.45,-2.8733799999999997E-08,1.256E-10,1.64368E-08,3.351E-07,-3.2285999999999997E-07
0.81,0.45,-3.16772E-08,1.1693E-10,1.9344599999999997E-08,3.351E-07,-3.2282E-07
0.805,0.45,-3.5056E-08,1.0958000000000001E-10,2.27314E-08,3.3502E-07,-3.2276E-07
0.8,0.45,-3.8995999999999994E-08,1.0841E-10,2.67234E-08,3.3508E-07,-3.2282E-07
0.795,0.45,-4.3773E-08,9.2350000000000009E-11,3.1436E-08,3.3499999999999997E-07,-3.2271999999999997E-07
0.79,0.45,-4.92618E-08,9.529E-11,3.69406E-08,3.3502E-07,-3.2276E-07
0.785,0.45,-5.5816199999999993E-08,8.269E-11,4.3556199999999994E-08,3.3499999999999997E-07,-3.2276E-07
0.78,0.45,-6.3458599999999991E-08,7.7740000000000008E-11,5.1183599999999995E-08,3.3494E-07,-3.2268E-07
0.775,0.45,-7.2529599999999993E-08,7.3880000000000008E-11,6.02742E-08,3.3502E-07,-3.227E-07
0.77,0.45,-8.3070799999999992E-08,6.016E-11,7.08384E-08,3.349E-07,-3.2271999999999997E-07
0.765,0.45,-9.56952E-08,6.327E-11,8.34216E-08,3.3496E-07,-3.2274E-07
0.76,0.45,-1.1026899999999999E-07,4.7000000000000006E-11,9.8081999999999991E-08,3.3488E-07,-3.227E-07
0.755,0.45,-1.2776E-07,4.8530000000000006E-11,1.1568E-07,3.349E-07,-3.2271999999999997E-07
0.75,0.45,-1.4814E-07,3.383E-11,1.3598E-07,3.3494E-07,-3.2278E-07
0.745,0.45,-1.7204E-07,3.2210000000000004E-11,1.6012E-07,3.3488E-07,-3.227E-07
0.74,0.45,-2.005E-07,1.703E-11,1.881E-07,3.349E-07,-3.2271999999999997E-07
0.735,0.45,-2.3418E-07,1.557E-11,2.2188E-07,3.349E-07,-3.227E-07
0.73,0.45,-2.7248E-07,-7E-13,2.6046E-07,3.3494E-07,-3.2266E-07
0.72500000000000009,0.45,-3.2002E-07,4.2000000000000003E-13,3.0742E-07,3.3496E-07,-3.2271999999999997E-07
0.72000000000000008,0.45,-3.7398E-07,-1.7960000000000002E-11,3.6168E-07,3.3496E-07,-3.2274E-07
0.71500000000000008,0.45,-4.3858E-07,-1.608E-11,4.2574E-07,3.3488E-07,-3.2271999999999997E-07
0.71000000000000008,0.45,-5.1358E-07,-3.8910000000000004E-11,5.0214E-07,3.3494E-07,-3.2274E-07
0.70500000000000007,0.45,-6.0348E-07,-3.832E-11,5.9102E-07,3.3502E-07,-3.2278E-07
0.70000000000000007,0.45,-7.0704E-07,-5.7270000000000006E-11,6.953E-07,3.3496E-07,-3.2278E-07
0.69500000000000006,0.45,-8.3153999999999994E-07,-6.0280000000000011E-11,8.1976E-07,3.3488E-07,-3.226E-07
0.69000000000000006,0.45,-9.7512E-07,-7.666000000000001E-11,9.6404E-07,3.3498E-07,-3.2276E-07
0.685,0.45,-1.1463E-06,-8.649E-11,1.13402E-06,3.3498E-07,-3.2278E-07
0.68,0.45,-1.3440000000000002E-06,-9.697E-11,1.3332000000000002E-06,3.3482E-07,-3.2274E-07
0.675,0.45,-1.5787000000000002E-06,-1.1664E-10,1.5690000000000001E-06,3.3484E-07,-3.2271999999999997E-07
0.67,0.45,-1.8599000000000002E-06,-1.1929E-10,1.8504E-06,3.3488E-07,-3.2271999999999997E-07
0.665,0.45,-2.1858000000000003E-06,-1.3992000000000002E-10,2.1741E-06,3.348E-07,-3.227E-07
0.66,0.45,-2.5738000000000002E-06,-1.4579000000000002E-10,2.5643E-06,3.348E-07,-3.2266E-07
0.655,0.45,-3.0244000000000002E-06,-1.7142000000000001E-10,3.0142000000000003E-06,3.3494E-07,-3.2278E-07
0.65,0.45,-3.5684000000000004E-06,-1.7402E-10,3.5585000000000003E-06,3.3488E-07,-3.2276E-07
0.645,0.45,-4.1999E-06,-1.9982000000000001E-10,4.1898E-06,3.3488E-07,-3.2278E-07
0.64,0.45,-4.9502000000000005E-06,-2.0617000000000002E-10,4.9403000000000008E-06,3.349E-07,-3.2274E-07
0.635,0.45,-5.8253000000000008E-06,-2.3155000000000002E-10,5.8145000000000008E-06,3.3482E-07,-3.2271999999999997E-07
0.63,0.45,-6.862200000000001E-06,-2.3915E-10,6.8417000000000009E-06,3.3492E-07,-3.2271999999999997E-07
0.625,0.45,-8.0701000000000009E-06,-2.6491E-10,8.0441000000000015E-06,3.3496E-07,-3.2271999999999997E-07
0.62,0.45,-9.5115E-06,-2.7097E-10,9.4805E-06,3.349E-07,-3.227E-07
0.615,0.45,-1.1164500000000001E-05,-2.9919000000000003E-10,1.1153700000000001E-05,3.3485999999999997E-07,-3.2276E-07
0.61,0.45,-1.3160000000000001E-05,-3.0933E-10,1.3144E-05,3.3478E-07,-3.2266E-07
0.605,0.45,-1.5466E-05,-3.2354E-10,1.5458E-05,3.3484E-07,-3.2271999999999997E-07
0.6,0.45,-1.8226E-05,-3.5214000000000004E-10,1.8220000000000002E-05,3.349E-07,-3.2268E-07
0.595,0.45,-2.1364E-05,-3.6292E-10,2.1364E-05,3.3485999999999997E-07,-3.2274E-07
0.59000000000000008,0.45,-2.5168E-05,-3.892E-10,2.517E-05,3.349E-07,-3.2268E-07
0.58500000000000008,0.45,-2.9532E-05,-4.0288E-10,2.9548000000000002E-05,3.3488E-07,-3.2266E-07
0.58000000000000007,0.45,-3.4750000000000004E-05,-4.288E-10,3.474E-05,3.3488E-07,-3.2266E-07
0.57500000000000007,0.45,-4.072E-05,-4.4092E-10,4.0730000000000005E-05,3.3478E-07,-3.227E-07
0.57000000000000006,0.45,-4.7896000000000004E-05,-4.6733000000000008E-10,4.784E-05,3.349E-07,-3.227E-07
0.56500000000000006,0.45,-5.6176E-05,-4.8359000000000008E-10,5.6146E-05,3.3485999999999997E-07,-3.227E-07
0.56,0.45,-6.5758E-05,-5.0887E-10,6.5774E-05,3.3494E-07,-3.2271999999999997E-07
0.555,0.45,-7.6922E-05,-5.2814E-10,7.6856E-05,3.349E-07,-3.2278E-07
0.55,0.45,-9.0116E-05,-5.5133E-10,9.0094000000000008E-05,3.3484E-07,-3.2264E-07
0.545,0.45,-0.000105148,-5.748E-10,0.000105122,3.3482E-07,-3.2271999999999997E-07
0.54,0.45,-0.00012258,-5.9756000000000005E-10,0.00012286,3.3488E-07,-3.2282E-07
0.535,0.45,-0.0001429,-6.1236E-10,0.00014308000000000002,3.3484E-07,-3.2274E-07
0.53,0.45,-0.00016628000000000001,-6.4670000000000005E-10,0.00016652,3.3494E-07,-3.228E-07
0.525,0.45,-0.0001933,-6.6079000000000005E-10,0.00019348000000000003,3.3484E-07,-3.2276E-07
0.52,0.45,-0.0002244,-6.9783000000000006E-10,0.00022456,3.3492E-07,-3.2282E-07
0.515,0.45,-0.0002596,-7.1549000000000008E-10,0.00025958000000000003,3.3496E-07,-3.2278E-07
0.51,0.45,-0.00029982,-7.4858E-10,0.00030024,3.349E-07,-3.2278E-07
0.505,0.45,-0.00034536,-7.6633000000000008E-10,0.00034562000000000004,3.3484E-07,-3.2278E-07
0.5,0.45,-0.00039726000000000003,-8.0223E-10,0.00039736000000000003,3.3484E-07,-3.2271999999999997E-07
0.49500000000000005,0.45,-0.00045528,-8.2613E-10,0.00045506,3.3488E-07,-3.2282E-07
0.49000000000000005,0.45,-0.00052142000000000009,-8.5889E-10,0.00052152,3.349E-07,-3.2284E-07
0.48500000000000004,0.45,-0.00059424,-8.875500000000001E-10,0.00059406,3.3494E-07,-3.228E-07
0.48000000000000004,0.45,-0.00067596000000000008,-9.1693000000000006E-10,0.0006763,3.3485999999999997E-07,-3.228E-07
0.47500000000000003,0.45,-0.00076574,-9.5245000000000016E-10,0.00076542000000000005,3.3488E-07,-3.2288E-07
0.47000000000000003,0.45,-0.00086602,-9.8214E-10,0.00086636,3.349E-07,-3.2284E-07
0.465,0.45,-0.0009753,-1.02328E-09,0.00097544,3.349E-07,-3.2284E-07
0.46,0.45,-0.0010965,-1.04816E-09,0.0010967000000000002,3.3492E-07,-3.2282E-07
0.455,0.45,-0.0012262,-1.0897E-09,0.0012278,3.3484E-07,-3.2288E-07
0.45,0.45,-0.0013704000000000001,-1.1229E-09,0.0013712,3.3478E-07,-3.2278E-07
0.445,0.45,-0.0015246,-1.1644E-09,0.0015258000000000001,3.3476E-07,-3.2278E-07
0.44,0.45,-0.001693,-1.1977E-09,0.0016936,3.3476E-07,-3.2284E-07
0.435,0.45,-0.0018718,-1.2413E-09,0.0018724,3.3476E-07,-3.2282E-07
0.43,0.45,-0.0020656,-1.2767E-09,0.0020662000000000002,3.3482E-07,-3.2285999999999997E-07
0.42500000000000004,0.45,-0.0022696,-1.326E-09,0.0022704,3.3485999999999997E-07,-3.229E-07
0.42000000000000004,0.45,-0.0024904000000000003,-1.3605E-09,0.0024904000000000003,3.3488E-07,-3.2284E-07
0.41500000000000004,0.45,-0.0027208,-1.4028E-09,0.0027204,3.3485999999999997E-07,-3.2296E-07
0.41000000000000003,0.45,-0.0029698,-1.4467E-09,0.0029698,3.3478E-07,-3.2292E-07
0.405,0.45,-0.003226,-1.4935E-09,0.0032270000000000003,3.3482E-07,-3.2299999999999997E-07
0.4,0.45,-0.0035018000000000002,-1.5343E-09,0.003503,3.3476E-07,-3.2296E-07
0.395,0.45,-0.0037866,-1.5879E-09,0.0037878,3.3485999999999997E-07,-3.2306E-07
0.39,0.45,-0.00409,-1.6268E-09,0.00409,3.3476E-07,-3.2299999999999997E-07
0.385,0.45,-0.0044016,-1.6795E-09,0.0044026000000000004,3.3471999999999997E-07,-3.2296E-07
0.38,0.45,-0.0047336,-1.7235E-09,0.0047332,3.347E-07,-3.2306E-07
0.375,0.45,-0.0050714,-1.7747E-09,0.005072,3.3478E-07,-3.2308E-07
0.37,0.45,-0.0054288,-1.825E-09,0.0054296,3.3474E-07,-3.2313999999999997E-07
0.365,0.45,-0.005793,-1.8754E-09,0.0057942,3.3471999999999997E-07,-3.2313999999999997E-07
0.36000000000000004,0.45,-0.0061764,-1.9267E-09,0.006177,3.347E-07,-3.2312E-07
0.35500000000000004,0.45,-0.0065654,-1.9735E-09,0.0065672000000000005,3.3471999999999997E-07,-3.232E-07
0.35000000000000003,0.45,-0.006974,-2.026E-09,0.0069756,3.3468E-07,-3.2316E-07
0.34500000000000003,0.45,-0.0073906,-2.0835E-09,0.0073904,3.3471999999999997E-07,-3.2318E-07
0.34,0.45,-0.007822,-2.1339E-09,0.007823,3.347E-07,-3.2324E-07
0.335,0.45,-0.008261000000000001,-2.193E-09,0.0082626,3.3471999999999997E-07,-3.2326E-07
0.33,0.45,-0.008718,-2.251E-09,0.0087218,3.3474E-07,-3.234E-07
0.325,0.45,-0.0091816,-2.3043E-09,0.0091796,3.3474E-07,-3.2346E-07
0.32,0.45,-0.0096608,-2.3609E-09,0.0096594,3.347E-07,-3.2344E-07
0.315,0.45,-0.0101438,-2.4195E-09,0.0101448,3.3466E-07,-3.2348E-07
0.31,0.45,-0.010645400000000001,-2.4831E-09,0.0106436,3.3464E-07,-3.2346E-07
0.305,0.45,-0.0111512,-2.5424E-09,0.0111498,3.346E-07,-3.235E-07
0.3,0.45,-0.011644000000000002,-2.6065E-09,0.011668000000000001,3.3454E-07,-3.2348E-07
0.29500000000000004,0.45,-0.012172,-2.6622E-09,0.012192000000000001,3.3466E-07,-3.2352E-07
0.29000000000000004,0.45,-0.012714000000000001,-2.7279E-09,0.012738000000000001,3.3464E-07,-3.2352E-07
0.28500000000000003,0.45,-0.013256,-2.7936E-09,0.013282,3.3454E-07,-3.2364E-07
0.28,0.45,-0.013818,-2.8606E-09,0.013840000000000002,3.3457999999999997E-07,-3.2366E-07
0.275,0.45,-0.014382,-2.9203E-09,0.014400000000000001,3.3466E-07,-3.2372E-07
0.27,0.45,-0.014958,-2.9916E-09,0.014980000000000002,3.3464E-07,-3.238E-07
0.265,0.45,-0.015538000000000002,-3.0567E-09,0.015562000000000001,3.3466E-07,-3.2384E-07
0.26,0.45,-0.016138000000000003,-3.1318E-09,0.016156,3.346E-07,-3.2386E-07
0.255,0.45,-0.016732,-3.1919E-09,0.016754,3.3457999999999997E-07,-3.239E-07
0.25,0.45,-0.017344000000000002,-3.2691E-09,0.017362000000000002,3.346E-07,-3.2394E-07
0.24500000000000002,0.45,-0.017952000000000003,-3.3453E-09,0.017978,3.346E-07,-3.2396E-07
0.24000000000000002,0.45,-0.018570000000000003,-3.4153E-09,0.018594000000000003,3.3456E-07,-3.2404E-07
0.23500000000000001,0.45,-0.019206,-3.4934E-09,0.01923,3.3462E-07,-3.2408E-07
0.23,0.45,-0.019842000000000002,-3.563E-09,0.019858,3.3464E-07,-3.2416E-07
0.225,0.45,-0.020486,-3.645E-09,0.020508000000000002,3.346E-07,-3.2418E-07
0.22,0.45,-0.021130000000000003,-3.7235E-09,0.021156,3.346E-07,-3.2424E-07
0.215,0.45,-0.021792000000000002,-3.8022E-09,0.021812,3.3462E-07,-3.2432E-07
0.21000000000000002,0.45,-0.02245,-3.8783E-09,0.022468000000000002,3.347E-07,-3.2442E-07
0.20500000000000002,0.45,-0.023122000000000004,-3.9673E-09,0.023144,3.346E-07,-3.2442E-07
0.2,0.45,-0.023792,-4.0475E-09,0.023814000000000002,3.3466E-07,-3.2454E-07
0.195,0.45,-0.024474000000000003,-4.133E-09,0.0245,3.3456E-07,-3.2448E-07
0.19,0.45,-0.025152,-4.2141E-09,0.025174000000000002,3.3468E-07,-3.2454E-07
0.185,0.45,-0.025846,-4.3095E-09,0.02587,3.3471999999999997E-07,-3.2468E-07
0.18000000000000002,0.45,-0.026536000000000004,-4.3889E-09,0.026556000000000003,3.347E-07,-3.2472E-07
0.17500000000000002,0.45,-0.027244,-4.4827E-09,0.027258,3.3468E-07,-3.2478E-07
0.17,0.45,-0.027938,-4.5668E-09,0.027962,3.3464E-07,-3.2484E-07
0.165,0.45,-0.028652000000000004,-4.6589E-09,0.028672000000000003,3.3466E-07,-3.2486E-07
0.16,0.45,-0.029358000000000002,-4.7447E-09,0.029378,3.346E-07,-3.2486E-07
0.155,0.45,-0.030072,-4.8488E-09,0.030100000000000002,3.3466E-07,-3.2492E-07
0.15,0.45,-0.030792000000000003,-4.9385E-09,0.030812000000000003,3.3466E-07,-3.2504E-07
0.14500000000000002,0.45,-0.031506,-5.0454999999999996E-09,0.031528,3.3466E-07,-3.2504E-07
0.14,0.45,-0.032232000000000004,-5.1349E-09,0.032258,3.347E-07,-3.2516E-07
0.135,0.45,-0.032956000000000006,-5.2445E-09,0.032982000000000004,3.346E-07,-3.2518E-07
0.13,0.45,-0.033688,-5.351E-09,0.033716,3.3464E-07,-3.2528E-07
0.125,0.45,-0.034418000000000004,-5.4659E-09,0.034442,3.347E-07,-3.2528E-07
0.12000000000000001,0.45,-0.035164,-5.5711E-09,0.035184,3.3464E-07,-3.2532E-07
0.115,0.45,-0.035888,-5.6777E-09,0.035908,3.3464E-07,-3.254E-07
0.11,0.45,-0.036634,-5.7863E-09,0.036654000000000006,3.347E-07,-3.2546E-07
0.10500000000000001,0.45,-0.037360000000000004,-5.8944E-09,0.037382000000000006,3.3466E-07,-3.2546E-07
0.1,0.45,-0.038106,-6.0137E-09,0.038130000000000004,3.3462E-07,-3.2548E-07
0.095,0.45,-0.038836,-6.1404E-09,0.038862,3.3457999999999997E-07,-3.2548E-07
0.090000000000000011,0.45,-0.039582000000000006,-6.2623E-09,0.039604,3.3456E-07,-3.256E-07
0.085,0.45,-0.040318000000000007,-6.385E-09,0.040336000000000004,3.3456E-07,-3.2564E-07
0.08,0.45,-0.041058000000000004,-6.5062E-09,0.041080000000000005,3.346E-07,-3.2576E-07
0.075,0.45,-0.04179,-6.6335E-09,0.041808000000000005,3.3462E-07,-3.2582E-07
0.07,0.45,-0.042522000000000004,-6.7533E-09,0.042550000000000004,3.347E-07,-3.2588E-07
0.065,0.45,-0.043250000000000004,-6.8852E-09,0.043274000000000007,3.346E-07,-3.2588E-07
0.060000000000000005,0.45,-0.043984,-7.0314E-09,0.044006,3.347E-07,-3.2598E-07
0.055,0.45,-0.044706,-7.2069E-09,0.044726,3.347E-07,-3.2606E-07
0.05,0.45,-0.045422000000000004,-7.297E-09,0.045444000000000005,3.3464E-07,-3.261E-07
0.045000000000000005,0.45,-0.046146000000000006,-7.4445E-09,0.046174000000000007,3.3466E-07,-3.2622E-07
0.04,0.45,-0.046848,-7.594E-09,0.046876,3.3478E-07,-3.2626E-07
0.035,0.45,-0.047562000000000007,-7.7464E-09,0.047586,3.3474E-07,-3.2626E-07
0.030000000000000002,0.45,-0.048258,-7.9019E-09,0.048284000000000007,3.3482E-07,-3.2634E-07
0.025,0.45,-0.048960000000000004,-8.0692E-09,0.048982000000000005,3.3474E-07,-3.2644E-07
0.02,0.45,-0.049650000000000007,-8.2345E-09,0.049672,3.3476E-07,-3.2642E-07
0.015000000000000001,0.45,-0.050338000000000008,-8.4198E-09,0.05036,3.3478E-07,-3.2645999999999997E-07
0.01,0.45,-0.051008000000000005,-8.5919E-09,0.051030000000000006,3.3474E-07,-3.2659999999999997E-07
0.005,0.45,-0.051684000000000008,-8.7671E-09,0.051708000000000004,3.347E-07,-3.2654E-07
0,0.45,-0.052346000000000004,-8.9462E-09,0.052362000000000006,3.3476E-07,-3.2659999999999997E-07
1.2,0.6,-5.9931E-09,9.876E-10,-8.478E-11,3.2876E-07,-3.2358E-07
1.195,0.6,-5.95E-09,9.3175E-10,-8.2150000000000008E-11,3.2876E-07,-3.2355999999999997E-07
1.19,0.6,-5.907E-09,8.8167E-10,-7.828E-11,3.2878E-07,-3.2348E-07
1.185,0.6,-5.9388E-09,8.3466000000000009E-10,-7.502E-11,3.2864E-07,-3.235E-07
1.1800000000000002,0.6,-5.9396E-09,7.8982000000000007E-10,-7.1830000000000012E-11,3.2869999999999997E-07,-3.2344E-07
1.175,0.6,-5.8966E-09,7.5227E-10,-6.8720000000000009E-11,3.2866E-07,-3.2336E-07
1.1700000000000002,0.6,-5.8989E-09,7.167100000000001E-10,-6.473E-11,3.2864E-07,-3.2334E-07
1.165,0.6,-5.9172E-09,6.8197000000000008E-10,-6.337000000000001E-11,3.286E-07,-3.233E-07
1.1600000000000001,0.6,-5.881E-09,6.4922000000000006E-10,-6.14E-11,3.2866E-07,-3.2332E-07
1.155,0.6,-5.8557E-09,6.2227000000000006E-10,-5.6950000000000008E-11,3.2862E-07,-3.2324E-07
1.1500000000000001,0.6,-5.8767E-09,5.9191000000000008E-10,-5.3730000000000005E-11,3.2858E-07,-3.2318E-07
1.145,0.6,-5.8621E-09,5.6721E-10,-5.1980000000000004E-11,3.2868E-07,-3.2324E-07
1.1400000000000001,0.6,-5.8264E-09,5.4267E-10,-5.0020000000000005E-11,3.2858E-07,-3.2318E-07
1.135,0.6,-5.8241E-09,5.2088000000000007E-10,-4.7430000000000004E-11,3.286E-07,-3.232E-07
1.1300000000000001,0.6,-5.8381E-09,4.9678E-10,-4.5140000000000005E-11,3.2854E-07,-3.2313999999999997E-07
1.125,0.6,-5.7894E-09,4.7892E-10,-4.298E-11,3.2854E-07,-3.2318E-07
1.12,0.6,-5.7534E-09,4.5935E-10,-3.856E-11,3.2852E-07,-3.2313999999999997E-07
1.115,0.6,-5.7671E-09,4.4073000000000004E-10,-3.6030000000000004E-11,3.2848E-07,-3.2313999999999997E-07
1.11,0.6,-5.7793E-09,4.2411000000000005E-10,-3.6000000000000005E-11,3.2846E-07,-3.2312E-07
1.105,0.6,-5.7375E-09,4.0622E-10,-3.3560000000000005E-11,3.2858E-07,-3.2308E-07
1.1,0.6,-5.7261E-09,3.9264000000000005E-10,-2.996E-11,3.2852E-07,-3.2306E-07
1.095,0.6,-5.7439E-09,3.7731E-10,-2.7710000000000004E-11,3.2852E-07,-3.231E-07
1.09,0.6,-5.7293E-09,3.6479000000000004E-10,-2.6160000000000003E-11,3.284E-07,-3.2294E-07
1.085,0.6,-5.6935E-09,3.4953000000000003E-10,-2.398E-11,3.2846E-07,-3.2306E-07
1.08,0.6,-5.6958E-09,3.4097E-10,-2.1190000000000003E-11,3.2846E-07,-3.2298E-07
1.075,0.6,-5.6986E-09,3.2392E-10,-1.97E-11,3.2846E-07,-3.2294E-07
1.07,0.6,-5.673E-09,3.1524000000000004E-10,-1.701E-11,3.2836E-07,-3.2299999999999997E-07
1.065,0.6,-5.6584E-09,3.014E-10,-1.393E-11,3.284E-07,-3.2299999999999997E-07
1.06,0.6,-5.6879E-09,2.9339E-10,-1.1940000000000001E-11,3.2841999999999997E-07,-3.2294E-07
1.0550000000000002,0.6,-5.6742E-09,2.7934000000000004E-10,-1.2130000000000001E-11,3.283E-07,-3.2288E-07
1.05,0.6,-5.643E-09,2.7475E-10,-9.6900000000000009E-12,3.2834E-07,-3.2299999999999997E-07
1.0450000000000002,0.6,-5.6554E-09,2.6317000000000003E-10,-5.6600000000000005E-12,3.284E-07,-3.2285999999999997E-07
1.04,0.6,-5.6579E-09,2.5532E-10,-2.03E-12,3.2836E-07,-3.2294E-07
1.0350000000000001,0.6,-5.6338E-09,2.4539E-10,4.7E-13,3.2836E-07,-3.2294E-07
1.03,0.6,-5.6176E-09,2.3957000000000003E-10,4.02E-12,3.2834E-07,-3.2294E-07
1.0250000000000001,0.6,-5.6368E-09,2.2831E-10,8.4700000000000009E-12,3.284E-07,-3.2294E-07
1.02,0.6,-5.6374E-09,2.2135000000000002E-10,1.3E-11,3.284E-07,-3.2298E-07
1.0150000000000001,0.6,-5.6156E-09,2.1448000000000002E-10,1.673E-11,3.284E-07,-3.2294E-07
1.01,0.6,-5.6183E-09,2.0771000000000003E-10,2.258E-11,3.2836E-07,-3.2296E-07
1.0050000000000001,0.6,-5.6457E-09,1.9897E-10,2.8250000000000003E-11,3.2838E-07,-3.2288E-07
1,0.6,-5.6388E-09,1.9220000000000002E-10,3.351E-11,3.2826E-07,-3.2284E-07
0.995,0.6,-5.61E-09,1.8655000000000002E-10,4.254E-11,3.283E-07,-3.2282E-07
0.9900000000000001,0.6,-5.6245E-09,1.806E-10,5.2340000000000004E-11,3.2832E-07,-3.2278E-07
0.9850000000000001,0.6,-5.6458E-09,1.7386E-10,6.2650000000000011E-11,3.283E-07,-3.2282E-07
0.98000000000000009,0.6,-5.6322E-09,1.6684000000000002E-10,7.364E-11,3.2827999999999997E-07,-3.2288E-07
0.97500000000000009,0.6,-5.6292E-09,1.6353E-10,8.93E-11,3.283E-07,-3.2284E-07
0.97000000000000008,0.6,-5.6609E-09,1.5644E-10,1.0532E-10,3.283E-07,-3.229E-07
0.96500000000000008,0.6,-5.6709E-09,1.4990000000000002E-10,1.2385000000000002E-10,3.2824E-07,-3.2288E-07
0.96000000000000008,0.6,-5.666E-09,1.4433E-10,1.4556E-10,3.283E-07,-3.2284E-07
0.95500000000000007,0.6,-5.6951E-09,1.4062E-10,1.7298E-10,3.2832E-07,-3.228E-07
0.95000000000000007,0.6,-5.7409E-09,1.3305000000000002E-10,2.0238E-10,3.2818E-07,-3.2278E-07
0.94500000000000006,0.6,-5.7664E-09,1.2766E-10,2.3678000000000003E-10,3.2827999999999997E-07,-3.2288E-07
0.94000000000000006,0.6,-5.7833E-09,1.2594E-10,2.7946000000000004E-10,3.2834E-07,-3.2282E-07
0.935,0.6,-5.8459E-09,1.1906E-10,3.2985E-10,3.282E-07,-3.2278E-07
0.93,0.6,-5.9058E-09,1.1473000000000001E-10,3.8583000000000005E-10,3.2827999999999997E-07,-3.2284E-07
0.925,0.6,-5.9386E-09,1.0920000000000001E-10,4.5561000000000004E-10,3.2822E-07,-3.2284E-07
0.92,0.6,-6.0082E-09,1.0907E-10,5.3589E-10,3.2824E-07,-3.2282E-07
0.915,0.6,-6.1315E-09,9.9020000000000011E-11,6.2778000000000008E-10,3.2826E-07,-3.228E-07
0.91,0.6,-6.2263E-09,9.983E-11,7.3823E-10,3.2827999999999997E-07,-3.2278E-07
0.905,0.6,-6.3254E-09,9.2E-11,8.6632000000000006E-10,3.283E-07,-3.229E-07
0.9,0.6,-6.4847E-09,9.5380000000000011E-11,1.01916E-09,3.2824E-07,-3.2282E-07
0.895,0.6,-6.6891E-09,8.144E-11,1.1973E-09,3.2836E-07,-3.2284E-07
0.89,0.6,-6.8924E-09,7.961000000000001E-11,1.4071E-09,3.2822E-07,-3.2276E-07
0.885,0.6,-7.1041E-09,8.0720000000000007E-11,1.6505E-09,3.2818E-07,-3.2282E-07
0.88,0.6,-7.8545E-09,7.245E-11,1.9453E-09,3.2869999999999997E-07,-3.2278E-07
0.875,0.6,-8.2069E-09,7.4450000000000012E-11,2.2799E-09,3.2876E-07,-3.2285999999999997E-07
0.87,0.6,-8.6305E-09,6.192E-11,2.6836E-09,3.2822E-07,-3.2284E-07
0.865,0.6,-8.577E-09,6.739E-11,3.1489E-09,3.2816E-07,-3.2276E-07
0.86,0.6,-9.1205E-09,5.6640000000000004E-11,3.7072E-09,3.282E-07,-3.2288E-07
0.85500000000000009,0.6,-9.7819E-09,6.267E-11,4.3574E-09,3.2818E-07,-3.2276E-07
0.85000000000000009,0.6,-1.05681E-08,4.916E-11,5.1187E-09,3.2822E-07,-3.228E-07
0.84500000000000008,0.6,-1.14151E-08,5.7050000000000006E-11,6.0106E-09,3.2822E-07,-3.2278E-07
0.84000000000000008,0.6,-1.2480399999999998E-08,4.116E-11,7.0724E-09,3.2836E-07,-3.2284E-07
0.83500000000000008,0.6,-1.36786E-08,5.0430000000000007E-11,8.3146E-09,3.2836E-07,-3.2288E-07
0.83000000000000007,0.6,-1.5152599999999998E-08,3.806E-11,9.7803E-09,3.283E-07,-3.229E-07
0.82500000000000007,0.6,-1.6854999999999998E-08,4.209E-11,1.14895E-08,3.2834E-07,-3.2285999999999997E-07
0.82000000000000006,0.6,-1.8946E-08,3.339E-11,1.3549999999999999E-08,3.2824E-07,-3.2284E-07
0.81500000000000006,0.6,-2.12808E-08,2.5970000000000002E-11,1.5913599999999998E-08,3.2824E-07,-3.2285999999999997E-07
0.81,0.6,-2.4079999999999998E-08,3.4070000000000005E-11,1.87292E-08,3.2824E-07,-3.2278E-07
0.805,0.6,-2.7346399999999997E-08,2.056E-11,2.1999599999999997E-08,3.2818E-07,-3.2276E-07
0.8,0.6,-3.12046E-08,2.338E-11,2.5850399999999998E-08,3.2824E-07,-3.2278E-07
0.795,0.6,-3.57828E-08,1.6910000000000003E-11,3.04422E-08,3.2824E-07,-3.2278E-07
0.79,0.6,-4.1110199999999993E-08,9.53E-12,3.5761199999999996E-08,3.282E-07,-3.228E-07
0.785,0.6,-4.7469999999999994E-08,1.4470000000000001E-11,4.2126599999999996E-08,3.2818E-07,-3.2276E-07
0.78,0.6,-5.4872399999999992E-08,-1.3400000000000002E-12,4.9515E-08,3.282E-07,-3.228E-07
0.775,0.6,-6.3667E-08,6.0100000000000004E-12,5.83308E-08,3.2812E-07,-3.2278E-07
0.77,0.6,-7.38352E-08,-5.89E-12,6.8523799999999988E-08,3.2818E-07,-3.2278E-07
0.765,0.6,-8.60432E-08,-1.046E-11,8.07386E-08,3.2816E-07,-3.2276E-07
0.76,0.6,-1.0025319999999999E-07,-1.3030000000000001E-11,9.4922599999999987E-08,3.2818E-07,-3.2276E-07
0.755,0.6,-1.1724E-07,-2.44E-11,1.1184859999999999E-07,3.2827999999999997E-07,-3.2288E-07
0.75,0.6,-1.3662E-07,-2.1950000000000002E-11,1.3122E-07,3.2812E-07,-3.2276E-07
0.745,0.6,-1.6004E-07,-3.4730000000000006E-11,1.546E-07,3.2812E-07,-3.2271999999999997E-07
0.74,0.6,-1.8736E-07,-3.3160000000000005E-11,1.8214E-07,3.2818E-07,-3.2282E-07
0.735,0.6,-2.1984E-07,-4.5730000000000006E-11,2.146E-07,3.2816E-07,-3.2278E-07
0.73,0.6,-2.5756E-07,-4.7070000000000005E-11,2.5202E-07,3.2818E-07,-3.2276E-07
0.72500000000000009,0.6,-3.024E-07,-6.115E-11,2.9734E-07,3.2816E-07,-3.2284E-07
0.72000000000000008,0.6,-3.5482E-07,-6.137E-11,3.4948E-07,3.2813999999999997E-07,-3.2276E-07
0.71500000000000008,0.6,-4.173E-07,-7.5340000000000008E-11,4.1192E-07,3.2818E-07,-3.2274E-07
0.71000000000000008,0.6,-4.8924E-07,-7.797E-11,4.8392E-07,3.2824E-07,-3.2278E-07
0.70500000000000007,0.6,-5.7552E-07,-9.0040000000000006E-11,5.7072E-07,3.2822E-07,-3.2278E-07
0.70000000000000007,0.6,-6.7638E-07,-9.3870000000000008E-11,6.7132E-07,3.2818E-07,-3.2284E-07
0.69500000000000006,0.6,-7.959E-07,-1.0675E-10,7.8976E-07,3.2818E-07,-3.2282E-07
0.69000000000000006,0.6,-9.3458E-07,-1.1439E-10,9.3028E-07,3.2822E-07,-3.2271999999999997E-07
0.685,0.6,-1.09834E-06,-1.3073E-10,1.09384E-06,3.2812E-07,-3.2271999999999997E-07
0.68,0.6,-1.2915E-06,-1.3733E-10,1.2862E-06,3.281E-07,-3.228E-07
0.675,0.6,-1.5167000000000002E-06,-1.5002000000000002E-10,1.5134000000000002E-06,3.281E-07,-3.2276E-07
0.67,0.6,-1.7865000000000002E-06,-1.5809000000000002E-10,1.7850000000000003E-06,3.2808E-07,-3.2268E-07
0.665,0.6,-2.1006000000000003E-06,-1.7385000000000003E-10,2.1003E-06,3.2804E-07,-3.227E-07
0.66,0.6,-2.4737E-06,-1.8298000000000002E-10,2.4736000000000003E-06,3.2816E-07,-3.2268E-07
0.655,0.6,-2.9148000000000005E-06,-1.9849E-10,2.9095000000000003E-06,3.2808E-07,-3.2274E-07
0.65,0.6,-3.4360000000000002E-06,-2.1409E-10,3.4317000000000005E-06,3.2813999999999997E-07,-3.2278E-07
0.645,0.6,-4.0419E-06,-2.2521000000000002E-10,4.0386000000000006E-06,3.281E-07,-3.2274E-07
0.64,0.6,-4.7613000000000005E-06,-2.4224000000000003E-10,4.7605E-06,3.2812E-07,-3.2276E-07
0.635,0.6,-5.5942000000000006E-06,-2.5763E-10,5.5950000000000006E-06,3.2816E-07,-3.2278E-07
0.63,0.6,-6.6001000000000006E-06,-2.7265000000000004E-10,6.6020000000000005E-06,3.2818E-07,-3.2278E-07
0.625,0.6,-7.7592E-06,-2.8699E-10,7.7585E-06,3.2813999999999997E-07,-3.2274E-07
0.62,0.6,-9.1411000000000013E-06,-3.0450000000000003E-10,9.1316E-06,3.2818E-07,-3.2278E-07
0.615,0.6,-1.07432E-05,-3.1853000000000004E-10,1.07424E-05,3.2812E-07,-3.2276E-07
0.61,0.6,-1.266E-05,-3.3370000000000005E-10,1.2664000000000001E-05,3.2818E-07,-3.2276E-07
0.605,0.6,-1.4902E-05,-3.5302000000000004E-10,1.4886000000000001E-05,3.2812E-07,-3.2276E-07
0.6,0.6,-1.751E-05,-3.7569E-10,1.7526E-05,3.2818E-07,-3.227E-07
0.595,0.6,-2.0592000000000002E-05,-3.875E-10,2.0578000000000002E-05,3.2812E-07,-3.2278E-07
0.59000000000000008,0.6,-2.4248000000000002E-05,-4.1185000000000003E-10,2.4236E-05,3.2813999999999997E-07,-3.2274E-07
0.58500000000000008,0.6,-2.841E-05,-4.29E-10,2.8400000000000003E-05,3.2816E-07,-3.2276E-07
0.58000000000000007,0.6,-3.3434E-05,-4.4906000000000005E-10,3.3424000000000004E-05,3.2812E-07,-3.2276E-07
0.57500000000000007,0.6,-3.9196E-05,-4.6906E-10,3.921E-05,3.2808E-07,-3.2274E-07
0.57000000000000006,0.6,-4.6084E-05,-4.8867E-10,4.6092E-05,3.281E-07,-3.227E-07
0.56500000000000006,0.6,-5.3950000000000004E-05,-5.08E-10,5.3962E-05,3.281E-07,-3.2274E-07
0.56,0.6,-6.3268E-05,-5.3136E-10,6.3266E-05,3.2812E-07,-3.227E-07
0.555,0.6,-7.3994E-05,-5.4957E-10,7.4004E-05,3.2804E-07,-3.227E-07
0.55,0.6,-8.6614000000000008E-05,-5.7333E-10,8.6692E-05,3.2813999999999997E-07,-3.2276E-07
0.545,0.6,-0.000101142,-5.9823E-10,0.000101184,3.2806E-07,-3.2274E-07
0.54,0.6,-0.00011778,-6.2136E-10,0.00011810000000000001,3.2812E-07,-3.2274E-07
0.535,0.6,-0.0001371,-6.4029000000000007E-10,0.00013746,3.2818E-07,-3.2276E-07
0.53,0.6,-0.00015992,-6.7062E-10,0.00016002,3.281E-07,-3.2284E-07
0.525,0.6,-0.00018558000000000002,-6.8889000000000009E-10,0.00018598,3.2806E-07,-3.228E-07
0.52,0.6,-0.00021544,-7.218E-10,0.00021584000000000002,3.2806E-07,-3.2276E-07
0.515,0.6,-0.00024926,-7.4009000000000008E-10,0.0002495,3.2812E-07,-3.227E-07
0.51,0.6,-0.00028824,-7.7451E-10,0.00028844,3.2802E-07,-3.2271999999999997E-07
0.505,0.6,-0.00033166,-7.9533000000000009E-10,0.00033218,3.281E-07,-3.2271999999999997E-07
0.5,0.6,-0.00038192,-8.3181E-10,0.00038218000000000003,3.2806E-07,-3.2276E-07
0.49500000000000005,0.6,-0.00043710000000000005,-8.5185000000000011E-10,0.00043774000000000005,3.2812E-07,-3.2274E-07
0.49000000000000005,0.6,-0.00050034,-8.9439E-10,0.0005012,3.2806E-07,-3.2278E-07
0.48500000000000004,0.6,-0.00057084000000000008,-9.1531000000000012E-10,0.00057092,3.2813999999999997E-07,-3.2278E-07
0.48000000000000004,0.6,-0.00064956000000000009,-9.5616000000000014E-10,0.00064974,3.2813999999999997E-07,-3.228E-07
0.47500000000000003,0.6,-0.00073606000000000008,-9.7849E-10,0.00073622,3.281E-07,-3.2274E-07
0.47000000000000003,0.6,-0.00083274,-1.0173400000000001E-09,0.00083266,3.2802E-07,-3.2271999999999997E-07
0.465,0.6,-0.00093754,-1.05118E-09,0.00093752000000000006,3.2806E-07,-3.2278E-07
0.46,0.6,-0.0010535,-1.08982E-09,0.0010542000000000002,3.2812E-07,-3.2276E-07
0.455,0.6,-0.001179,-1.1278E-09,0.0011804,3.2802E-07,-3.228E-07
0.45,0.6,-0.0013186,-1.1677E-09,0.0013184,3.2808E-07,-3.2282E-07
0.445,0.6,-0.0014664,-1.2037E-09,0.0014664,3.2802E-07,-3.2274E-07
0.44,0.6,-0.0016276,-1.2451E-09,0.0016288000000000001,3.2808E-07,-3.2284E-07
0.435,0.6,-0.0017994,-1.2815E-09,0.0018008,3.2806E-07,-3.2276E-07
0.43,0.6,-0.0019866000000000003,-1.3279E-09,0.0019884,3.2802E-07,-3.2282E-07
0.42500000000000004,0.6,-0.0021844,-1.3682E-09,0.0021834,3.2812E-07,-3.2278E-07
0.42000000000000004,0.6,-0.0023970000000000003,-1.4097E-09,0.0023984,3.281E-07,-3.229E-07
0.41500000000000004,0.6,-0.0026182,-1.4587E-09,0.0026192,3.2804E-07,-3.2288E-07
0.41000000000000003,0.6,-0.0028578,-1.5013E-09,0.0028578,3.281E-07,-3.2284E-07
0.405,0.6,-0.0031068000000000003,-1.5484E-09,0.0031064,3.2802E-07,-3.2282E-07
0.4,0.6,-0.0033722,-1.5954E-09,0.0033718,3.2808E-07,-3.2294E-07
0.395,0.6,-0.0036452,-1.6439E-09,0.0036478,3.2808E-07,-3.2294E-07
0.39,0.6,-0.0039392,-1.691E-09,0.0039392,3.2808E-07,-3.2292E-07
0.385,0.6,-0.0042392,-1.7463E-09,0.0042392,3.2812E-07,-3.2299999999999997E-07
0.38,0.6,-0.0045574000000000005,-1.7933E-09,0.0045578,3.2813999999999997E-07,-3.2298E-07
0.375,0.6,-0.0048844,-1.8444E-09,0.0048862,3.2806E-07,-3.2294E-07
0.37,0.6,-0.0052304000000000005,-1.8928E-09,0.0052296,3.2804E-07,-3.2292E-07
0.365,0.6,-0.0055822,-1.9559E-09,0.0055796000000000005,3.281E-07,-3.2299999999999997E-07
0.36000000000000004,0.6,-0.0059526,-2.0014E-09,0.0059524,3.2816E-07,-3.2306E-07
0.35500000000000004,0.6,-0.0063282,-2.0659E-09,0.0063294,3.2812E-07,-3.2302E-07
0.35000000000000003,0.6,-0.0067236,-2.1143E-09,0.0067236,3.2812E-07,-3.2306E-07
0.34500000000000003,0.6,-0.0071232000000000005,-2.1751E-09,0.0071238000000000004,3.2804E-07,-3.2299999999999997E-07
0.34,0.6,-0.0075398,-2.2293E-09,0.0075416,3.2802E-07,-3.2302E-07
0.335,0.6,-0.0079622000000000009,-2.2877E-09,0.0079636,3.2808E-07,-3.2313999999999997E-07
0.33,0.6,-0.0084028,-2.3419E-09,0.0084034,3.2799999999999997E-07,-3.2313999999999997E-07
0.325,0.6,-0.0088488,-2.4151E-09,0.00885,3.2806E-07,-3.2318E-07
0.32,0.6,-0.0093106,-2.4642E-09,0.0093122,3.281E-07,-3.2313999999999997E-07
0.315,0.6,-0.009777000000000001,-2.5371E-09,0.0097784,3.2804E-07,-3.2318E-07
0.31,0.6,-0.0102594,-2.5934E-09,0.0102604,3.281E-07,-3.232E-07
0.305,0.6,-0.0107454,-2.6582E-09,0.0107464,3.281E-07,-3.2318E-07
0.3,0.6,-0.0112492,-2.7284E-09,0.0112478,3.2808E-07,-3.2326E-07
0.29500000000000004,0.6,-0.011728,-2.7972E-09,0.011748000000000002,3.2806E-07,-3.233E-07
0.29000000000000004,0.6,-0.012246000000000002,-2.8557E-09,0.012268000000000001,3.2806E-07,-3.2324E-07
0.28500000000000003,0.6,-0.012768000000000002,-2.9321E-09,0.012790000000000001,3.2802E-07,-3.233E-07
0.28,0.6,-0.013302000000000001,-2.9991E-09,0.013326000000000001,3.281E-07,-3.2332E-07
0.275,0.6,-0.013840000000000002,-3.074E-09,0.013864000000000001,3.2804E-07,-3.2332E-07
0.27,0.6,-0.014398000000000001,-3.1443E-09,0.014416000000000002,3.2806E-07,-3.2332E-07
0.265,0.6,-0.014946000000000001,-3.2161E-09,0.014966000000000002,3.2808E-07,-3.234E-07
0.26,0.6,-0.015514000000000002,-3.2944E-09,0.015534000000000001,3.2808E-07,-3.2341999999999997E-07
0.255,0.6,-0.01608,-3.373E-09,0.0161,3.2806E-07,-3.2348E-07
0.25,0.6,-0.01666,-3.4444E-09,0.016678000000000002,3.2806E-07,-3.2352E-07
0.24500000000000002,0.6,-0.017234000000000003,-3.5296E-09,0.017256,3.2802E-07,-3.235E-07
0.24000000000000002,0.6,-0.017808,-3.6071E-09,0.017836,3.2812E-07,-3.2362E-07
0.23500000000000001,0.6,-0.018406000000000002,-3.698E-09,0.018428,3.2806E-07,-3.2354E-07
0.23,0.6,-0.018992000000000002,-3.7877E-09,0.019014000000000003,3.281E-07,-3.2362E-07
0.225,0.6,-0.019598,-3.8779E-09,0.019618,3.2816E-07,-3.2366E-07
0.22,0.6,-0.020194,-3.9661E-09,0.020214000000000003,3.2818E-07,-3.2372E-07
0.215,0.6,-0.020800000000000003,-4.0545E-09,0.020824000000000002,3.2812E-07,-3.2366E-07
0.21000000000000002,0.6,-0.021398,-4.1469E-09,0.021422000000000004,3.2855999999999997E-07,-3.2374E-07
0.20500000000000002,0.6,-0.022012,-4.2445E-09,0.02203,3.286E-07,-3.2384E-07
0.2,0.6,-0.022612000000000004,-4.344E-09,0.02263,3.2816E-07,-3.2382E-07
0.195,0.6,-0.023222000000000003,-4.4443E-09,0.023242000000000002,3.281E-07,-3.2394E-07
0.19,0.6,-0.023822000000000003,-4.5635E-09,0.023846000000000003,3.282E-07,-3.2392E-07
0.185,0.6,-0.024436000000000003,-4.6572E-09,0.024454000000000004,3.2824E-07,-3.239E-07
0.18000000000000002,0.6,-0.025034,-4.7542E-09,0.025054000000000003,3.282E-07,-3.2402E-07
0.17500000000000002,0.6,-0.025640000000000003,-4.8749E-09,0.025664000000000003,3.2826E-07,-3.2396E-07
0.17,0.6,-0.026230000000000003,-4.9886E-09,0.026254000000000003,3.2827999999999997E-07,-3.24E-07
0.165,0.6,-0.026834000000000004,-5.1103E-09,0.026854000000000003,3.2827999999999997E-07,-3.2408E-07
0.16,0.6,-0.027416000000000003,-5.2246E-09,0.027440000000000003,3.2818E-07,-3.2408E-07
0.155,0.6,-0.028008,-5.3491E-09,0.028028,3.2827999999999997E-07,-3.241E-07
0.15,0.6,-0.028586000000000004,-5.4681E-09,0.028606000000000003,3.283E-07,-3.242E-07
0.14500000000000002,0.6,-0.029160000000000002,-5.6047E-09,0.02918,3.2818E-07,-3.241E-07
0.14,0.6,-0.029734000000000003,-5.7387E-09,0.029754000000000003,3.2822E-07,-3.2414E-07
0.135,0.6,-0.030292000000000003,-5.8827E-09,0.030316000000000003,3.2822E-07,-3.2418E-07
0.13,0.6,-0.030854000000000003,-6.0271E-09,0.030874000000000002,3.2822E-07,-3.242E-07
0.125,0.6,-0.031400000000000004,-6.1728E-09,0.031420000000000003,3.2824E-07,-3.242E-07
0.12000000000000001,0.6,-0.031944,-6.328E-09,0.031970000000000005,3.282E-07,-3.242E-07
0.115,0.6,-0.032478,-6.4706E-09,0.032502,3.2818E-07,-3.2424E-07
0.11,0.6,-0.033006,-6.6427E-09,0.033032000000000006,3.2813999999999997E-07,-3.242E-07
0.10500000000000001,0.6,-0.033526,-6.7975E-09,0.033546000000000006,3.2818E-07,-3.2432E-07
0.1,0.6,-0.034036000000000004,-6.9764E-09,0.03406,3.2818E-07,-3.243E-07
0.095,0.6,-0.034534,-7.1395E-09,0.034554,3.2827999999999997E-07,-3.2436E-07
0.090000000000000011,0.6,-0.035030000000000006,-7.3313E-09,0.035052,3.2818E-07,-3.244E-07
0.085,0.6,-0.035516000000000006,-7.4955E-09,0.035534,3.282E-07,-3.2436E-07
0.08,0.6,-0.035992,-7.7011E-09,0.036014000000000004,3.2822E-07,-3.2442E-07
0.075,0.6,-0.036456,-7.8802E-09,0.036476,3.2818E-07,-3.2438E-07
0.07,0.6,-0.036916000000000004,-8.0813E-09,0.03694,3.2826E-07,-3.2448E-07
0.065,0.6,-0.037360000000000004,-8.2978E-09,0.037384,3.2822E-07,-3.2444E-07
0.060000000000000005,0.6,-0.037808,-8.5044E-09,0.037828,3.2824E-07,-3.2454E-07
0.055,0.6,-0.038234000000000004,-8.6904E-09,0.038256000000000005,3.2832E-07,-3.2466E-07
0.05,0.6,-0.038658000000000005,-8.9315E-09,0.038678000000000004,3.2869999999999997E-07,-3.246E-07
0.045000000000000005,0.6,-0.039072,-9.1548E-09,0.039096000000000006,3.2836E-07,-3.2464E-07
0.04,0.6,-0.039472,-9.382E-09,0.039496,3.284E-07,-3.247E-07
0.035,0.6,-0.039876,-9.6144E-09,0.039898,3.2838E-07,-3.247E-07
0.030000000000000002,0.6,-0.040262000000000006,-9.8868E-09,0.040286,3.2834E-07,-3.2468E-07
0.025,0.6,-0.040648000000000004,-1.00954E-08,0.040672000000000007,3.2838E-07,-3.2474E-07
0.02,0.6,-0.041016000000000004,-1.03573E-08,0.041042,3.284E-07,-3.2468E-07
0.015000000000000001,0.6,-0.041386000000000006,-1.06179E-08,0.041404,3.2841999999999997E-07,-3.2474E-07
0.01,0.6,-0.041734,-1.08915E-08,0.041760000000000005,3.284E-07,-3.2482E-07
0.005,0.6,-0.042084,-1.11547E-08,0.04211,3.2832E-07,-3.248E-07
0,0.6,-0.04243,-1.14748E-08,0.04245,3.2838E-07,-3.2482E-07
1.2,0.75,-2.1216E-09,7.3608E-10,-8.497E-11,3.2482E-07,-3.2326E-07
1.195,0.75,-2.1514E-09,6.8925000000000008E-10,-8.1260000000000012E-11,3.2484E-07,-3.2327999999999997E-07
1.19,0.75,-2.1248E-09,6.3945E-10,-7.83E-11,3.248E-07,-3.232E-07
1.185,0.75,-2.0983E-09,6.0183000000000008E-10,-7.411E-11,3.2482E-07,-3.2324E-07
1.1800000000000002,0.75,-2.1248E-09,5.5736E-10,-7.207E-11,3.2488E-07,-3.2324E-07
1.175,0.75,-2.1179E-09,5.2298000000000009E-10,-7.196E-11,3.249E-07,-3.2313999999999997E-07
1.1700000000000002,0.75,-2.0808E-09,4.9089E-10,-6.636E-11,3.2484E-07,-3.231E-07
1.165,0.75,-2.0825E-09,4.6149000000000003E-10,-6.261E-11,3.2486E-07,-3.2312E-07
1.1600000000000001,0.75,-2.1039E-09,4.3139000000000005E-10,-6.013E-11,3.2486E-07,-3.2318E-07
1.155,0.75,-2.0874E-09,4.0781E-10,-5.8270000000000009E-11,3.2476E-07,-3.2308E-07
1.1500000000000001,0.75,-2.0545E-09,3.8390000000000004E-10,-5.415E-11,3.248E-07,-3.2306E-07
1.145,0.75,-2.0742E-09,3.5957000000000003E-10,-5.2250000000000007E-11,3.2486E-07,-3.2306E-07
1.1400000000000001,0.75,-2.0796E-09,3.3990000000000004E-10,-4.9730000000000006E-11,3.2478E-07,-3.2302E-07
1.135,0.75,-2.0438E-09,3.2154E-10,-4.6190000000000004E-11,3.248E-07,-3.2302E-07
1.1300000000000001,0.75,-2.0326E-09,3.0373000000000005E-10,-4.349E-11,3.248E-07,-3.2299999999999997E-07
1.125,0.75,-2.0594E-09,2.8428E-10,-4.1280000000000005E-11,3.248E-07,-3.2292E-07
1.12,0.75,-2.0496E-09,2.6986000000000004E-10,-4.1060000000000005E-11,3.2474E-07,-3.229E-07
1.115,0.75,-2.0142E-09,2.5573E-10,-3.7600000000000005E-11,3.2472E-07,-3.2292E-07
1.11,0.75,-2.0261E-09,2.4286000000000003E-10,-3.347E-11,3.2478E-07,-3.2288E-07
1.105,0.75,-2.0426E-09,2.2873000000000002E-10,-3.27E-11,3.2478E-07,-3.2294E-07
1.1,0.75,-2.0075E-09,2.1901000000000003E-10,-3.0830000000000005E-11,3.2478E-07,-3.229E-07
1.095,0.75,-1.9919E-09,2.0757000000000001E-10,-2.7070000000000003E-11,3.2476E-07,-3.2288E-07
1.09,0.75,-2.0155E-09,1.9775000000000002E-10,-2.5920000000000003E-11,3.248E-07,-3.2292E-07
1.085,0.75,-2.0086E-09,1.8744000000000003E-10,-2.4140000000000003E-11,3.2484E-07,-3.2285999999999997E-07
1.08,0.75,-1.9756E-09,1.7794E-10,-2.1950000000000002E-11,3.2478E-07,-3.2288E-07
1.075,0.75,-1.9903E-09,1.6928E-10,-1.857E-11,3.2482E-07,-3.229E-07
1.07,0.75,-2.0112E-09,1.5789E-10,-1.7960000000000002E-11,3.2478E-07,-3.2296E-07
1.065,0.75,-1.9811E-09,1.5411000000000002E-10,-1.626E-11,3.2486E-07,-3.2296E-07
1.06,0.75,-1.9651E-09,1.4296000000000002E-10,-1.2950000000000001E-11,3.2486E-07,-3.2288E-07
1.0550000000000002,0.75,-1.9936E-09,1.3946E-10,-1.0610000000000001E-11,3.2484E-07,-3.2302E-07
1.05,0.75,-1.9913E-09,1.2745E-10,-8.2800000000000011E-12,3.2486E-07,-3.2294E-07
1.0450000000000002,0.75,-1.9589E-09,1.2777000000000002E-10,-6.0700000000000006E-12,3.2484E-07,-3.2296E-07
1.04,0.75,-1.9651E-09,1.1631000000000001E-10,-2.26E-12,3.2472E-07,-3.229E-07
1.0350000000000001,0.75,-1.9871E-09,1.1469000000000001E-10,-1.2400000000000002E-12,3.2474E-07,-3.2288E-07
1.03,0.75,-1.9724E-09,1.0462000000000001E-10,1.9700000000000003E-12,3.2486E-07,-3.2294E-07
1.0250000000000001,0.75,-1.9493E-09,1.0641000000000001E-10,7.64E-12,3.248E-07,-3.2284E-07
1.02,0.75,-1.9727E-09,9.6100000000000009E-11,1.311E-11,3.248E-07,-3.229E-07
1.0150000000000001,0.75,-1.9791E-09,9.4580000000000011E-11,1.664E-11,3.248E-07,-3.2282E-07
1.01,0.75,-1.9629E-09,8.6780000000000009E-11,2.065E-11,3.2474E-07,-3.2288E-07
1.0050000000000001,0.75,-1.9638E-09,8.784E-11,2.711E-11,3.248E-07,-3.2294E-07
1,0.75,-1.9923E-09,8.004E-11,3.306E-11,3.248E-07,-3.2294E-07
0.995,0.75,-1.9855E-09,7.8100000000000007E-11,4.137E-11,3.248E-07,-3.2284E-07
0.9900000000000001,0.75,-1.969E-09,7.342E-11,5.0390000000000006E-11,3.2478E-07,-3.2282E-07
0.9850000000000001,0.75,-1.9948E-09,7.019E-11,6.086000000000001E-11,3.2474E-07,-3.2284E-07
0.98000000000000009,0.75,-2.0218E-09,6.439000000000001E-11,7.146E-11,3.2482E-07,-3.229E-07
0.97500000000000009,0.75,-2.001E-09,6.119000000000001E-11,8.395E-11,3.2478E-07,-3.2292E-07
0.97000000000000008,0.75,-2.007E-09,5.981E-11,1.0161000000000001E-10,3.2478E-07,-3.2284E-07
0.96500000000000008,0.75,-2.0503E-09,5.4580000000000007E-11,1.2021000000000002E-10,3.2478E-07,-3.2282E-07
0.96000000000000008,0.75,-2.0723E-09,5.4610000000000006E-11,1.4021E-10,3.2472E-07,-3.2282E-07
0.95500000000000007,0.75,-2.0658E-09,4.913E-11,1.6444E-10,3.2472E-07,-3.2284E-07
0.95000000000000007,0.75,-2.0992E-09,5.124E-11,1.9518000000000002E-10,3.2468E-07,-3.2288E-07
0.94500000000000006,0.75,-2.1578E-09,4.3200000000000003E-11,2.3119E-10,3.2486E-07,-3.2294E-07
0.94000000000000006,0.75,-2.1693E-09,4.622E-11,2.7108E-10,3.2474E-07,-3.2294E-07
0.935,0.75,-2.2036E-09,3.897E-11,3.2055000000000005E-10,3.2474E-07,-3.2288E-07
0.93,0.75,-2.2822E-09,4.377E-11,3.7555E-10,3.2474E-07,-3.2282E-07
0.925,0.75,-2.3577E-09,3.208E-11,4.3931000000000006E-10,3.2472E-07,-3.2282E-07
0.92,0.75,-2.3991E-09,3.7570000000000006E-11,5.1555E-10,3.2472E-07,-3.2282E-07
0.915,0.75,-2.4912E-09,2.965E-11,6.0747000000000007E-10,3.2474E-07,-3.2284E-07
0.91,0.75,-2.6167E-09,3.51E-11,7.1282E-10,3.2474E-07,-3.2282E-07
0.905,0.75,-2.7342E-09,2.4340000000000003E-11,8.3654000000000009E-10,3.2468E-07,-3.2276E-07
0.9,0.75,-2.8537E-09,3.304E-11,9.8385E-10,3.2472E-07,-3.2284E-07
0.895,0.75,-3.0394E-09,2.3040000000000002E-11,1.1527E-09,3.247E-07,-3.2284E-07
0.89,0.75,-3.2272E-09,2.1090000000000002E-11,1.3579E-09,3.2472E-07,-3.2282E-07
0.885,0.75,-3.4777E-09,2.6890000000000004E-11,1.5931E-09,3.2476E-07,-3.2284E-07
0.88,0.75,-3.7646E-09,1.4610000000000002E-11,1.8731E-09,3.2472E-07,-3.2294E-07
0.875,0.75,-4.0633E-09,2.462E-11,2.198E-09,3.2476E-07,-3.2282E-07
0.87,0.75,-4.4507E-09,1.3950000000000001E-11,2.5871E-09,3.2472E-07,-3.2284E-07
0.865,0.75,-4.9275E-09,1.939E-11,3.0376E-09,3.2468E-07,-3.2282E-07
0.86,0.75,-5.4594E-09,8.54E-12,3.571E-09,3.2468E-07,-3.2276E-07
0.85500000000000009,0.75,-6.0544E-09,1.4670000000000003E-11,4.1932E-09,3.2472E-07,-3.2276E-07
0.85000000000000009,0.75,-6.8057E-09,5.8200000000000006E-12,4.9323E-09,3.2466E-07,-3.2271999999999997E-07
0.84500000000000008,0.75,-7.6703E-09,9.9900000000000009E-12,5.7869E-09,3.2472E-07,-3.2282E-07
0.84000000000000008,0.75,-8.6751E-09,4.7000000000000006E-12,6.8143E-09,3.2462E-07,-3.2278E-07
0.83500000000000008,0.75,-9.8415E-09,9.0100000000000014E-12,8.0047E-09,3.2468E-07,-3.2278E-07
0.83000000000000007,0.75,-1.12684E-08,4.6900000000000004E-12,9.4146E-09,3.2468E-07,-3.2278E-07
0.82500000000000007,0.75,-1.2884599999999999E-08,1.5400000000000001E-12,1.10616E-08,3.2472E-07,-3.2278E-07
0.82000000000000006,0.75,-1.4874399999999998E-08,1.2800000000000002E-12,1.30176E-08,3.2462E-07,-3.2274E-07
0.81500000000000006,0.75,-1.7125E-08,-4.27E-12,1.53106E-08,3.2462E-07,-3.2276E-07
0.81,0.75,-1.98194E-08,-7.01E-12,1.8005599999999997E-08,3.247E-07,-3.2276E-07
0.805,0.75,-2.2985599999999996E-08,-3.92E-12,2.11488E-08,3.2456E-07,-3.2266E-07
0.8,0.75,-2.6663E-08,-1.148E-11,2.4863799999999996E-08,3.246E-07,-3.2268E-07
0.795,0.75,-3.1064E-08,-1.068E-11,2.9250399999999996E-08,3.2466E-07,-3.2266E-07
0.79,0.75,-3.6189599999999993E-08,-1.4000000000000002E-11,3.4355399999999994E-08,3.2458E-07,-3.2268E-07
0.785,0.75,-4.2295199999999993E-08,-1.967E-11,4.04914E-08,3.2466E-07,-3.2271999999999997E-07
0.78,0.75,-4.9334E-08,-1.632E-11,4.75518E-08,3.2464E-07,-3.2266E-07
0.775,0.75,-5.7765599999999994E-08,-2.7520000000000002E-11,5.5956199999999993E-08,3.2462E-07,-3.2278E-07
0.77,0.75,-6.75486E-08,-2.3190000000000003E-11,6.5779399999999991E-08,3.2466E-07,-3.2274E-07
0.765,0.75,-7.9215999999999986E-08,-3.2540000000000005E-11,7.7398799999999993E-08,3.2466E-07,-3.2271999999999997E-07
0.76,0.75,-9.27936E-08,-3.6830000000000004E-11,9.0943E-08,3.2464E-07,-3.2271999999999997E-07
0.755,0.75,-1.0894179999999999E-07,-3.6360000000000004E-11,1.0713739999999998E-07,3.2472E-07,-3.2278E-07
0.75,0.75,-1.2772E-07,-4.723E-11,1.2598E-07,3.2462E-07,-3.2268E-07
0.745,0.75,-1.501E-07,-4.6160000000000005E-11,1.4842E-07,3.2464E-07,-3.2266E-07
0.74,0.75,-1.76E-07,-5.8070000000000006E-11,1.7432E-07,3.2464E-07,-3.2278E-07
0.735,0.75,-2.0722E-07,-5.878E-11,2.0536E-07,3.246E-07,-3.2278E-07
0.73,0.75,-2.4278E-07,-7.031E-11,2.4115999999999997E-07,3.2456E-07,-3.2274E-07
0.72500000000000009,0.75,-2.8596E-07,-7.0570000000000008E-11,2.8426E-07,3.2462E-07,-3.2271999999999997E-07
0.72000000000000008,0.75,-3.3611999999999997E-07,-8.2060000000000012E-11,3.3428E-07,3.2462E-07,-3.2278E-07
0.71500000000000008,0.75,-3.9622E-07,-8.811E-11,3.9382E-07,3.2466E-07,-3.2278E-07
0.71000000000000008,0.75,-4.6504E-07,-9.5380000000000011E-11,4.6262E-07,3.2456E-07,-3.2271999999999997E-07
0.70500000000000007,0.75,-5.4764E-07,-1.0532E-10,5.4592E-07,3.2462E-07,-3.2271999999999997E-07
0.70000000000000007,0.75,-6.4308E-07,-1.1128E-10,6.417E-07,3.2466E-07,-3.2284E-07
0.69500000000000006,0.75,-7.583E-07,-1.2481E-10,7.5654E-07,3.2458E-07,-3.2276E-07
0.69000000000000006,0.75,-8.8994E-07,-1.3144000000000001E-10,8.8882E-07,3.2462E-07,-3.2268E-07
0.685,0.75,-1.0458799999999999E-06,-1.4321000000000002E-10,1.04494E-06,3.2462E-07,-3.227E-07
0.68,0.75,-1.2289000000000002E-06,-1.5208E-10,1.2298E-06,3.245E-07,-3.2268E-07
0.675,0.75,-1.4433000000000002E-06,-1.6408000000000002E-10,1.4453000000000002E-06,3.246E-07,-3.227E-07
0.67,0.75,-1.7029000000000003E-06,-1.7676000000000002E-10,1.7044000000000002E-06,3.2456E-07,-3.2271999999999997E-07
0.665,0.75,-2.0032E-06,-1.8828000000000002E-10,2.0042000000000002E-06,3.2464E-07,-3.2276E-07
0.66,0.75,-2.3615E-06,-2.021E-10,2.3612000000000004E-06,3.2456E-07,-3.227E-07
0.655,0.75,-2.7752E-06,-2.1249E-10,2.7768000000000002E-06,3.2464E-07,-3.2271999999999997E-07
0.65,0.75,-3.2740000000000003E-06,-2.306E-10,3.2742000000000003E-06,3.245E-07,-3.2271999999999997E-07
0.645,0.75,-3.8473E-06,-2.4180000000000003E-10,3.8467000000000008E-06,3.2456E-07,-3.226E-07
0.64,0.75,-4.529E-06,-2.5817E-10,4.5355000000000009E-06,3.245E-07,-3.2264E-07
0.635,0.75,-5.329E-06,-2.7185E-10,5.3268E-06,3.2466E-07,-3.2278E-07
0.63,0.75,-6.2804000000000009E-06,-2.9338E-10,6.2805E-06,3.2462E-07,-3.2276E-07
0.625,0.75,-7.3853000000000011E-06,-3.0333000000000003E-10,7.3870000000000006E-06,3.246E-07,-3.227E-07
0.62,0.75,-8.6929000000000011E-06,-3.2767E-10,8.698E-06,3.2462E-07,-3.227E-07
0.615,0.75,-1.0234300000000001E-05,-3.3809E-10,1.0228900000000001E-05,3.2468E-07,-3.228E-07
0.61,0.75,-1.2054E-05,-3.5633000000000005E-10,1.2042000000000001E-05,3.246E-07,-3.2271999999999997E-07
0.605,0.75,-1.4148E-05,-3.7543E-10,1.415E-05,3.2452E-07,-3.2276E-07
0.6,0.75,-1.6664000000000002E-05,-3.9741000000000003E-10,1.6636E-05,3.246E-07,-3.228E-07
0.595,0.75,-1.9566000000000002E-05,-4.1321E-10,1.956E-05,3.2462E-07,-3.2266E-07
0.59000000000000008,0.75,-2.3006E-05,-4.3795E-10,2.3004000000000002E-05,3.2466E-07,-3.2278E-07
0.58500000000000008,0.75,-2.6978E-05,-4.5283000000000003E-10,2.7014000000000003E-05,3.2464E-07,-3.2276E-07
0.58000000000000007,0.75,-3.1728E-05,-4.7943000000000007E-10,3.1718000000000004E-05,3.2468E-07,-3.2282E-07
0.57500000000000007,0.75,-3.719E-05,-4.9302E-10,3.7198E-05,3.2468E-07,-3.2278E-07
0.57000000000000006,0.75,-4.3684000000000004E-05,-5.2188000000000006E-10,4.3678000000000004E-05,3.2472E-07,-3.228E-07
0.56500000000000006,0.75,-5.1152E-05,-5.3656000000000006E-10,5.1106E-05,3.246E-07,-3.2266E-07
0.56,0.75,-5.9922E-05,-5.6431000000000009E-10,5.991E-05,3.246E-07,-3.227E-07
0.555,0.75,-7.0104E-05,-5.8261E-10,7.009E-05,3.2464E-07,-3.2276E-07
0.55,0.75,-8.207200000000001E-05,-6.0961E-10,8.2084000000000009E-05,3.2466E-07,-3.2278E-07
0.545,0.75,-9.5632000000000009E-05,-6.2992E-10,9.577E-05,3.246E-07,-3.2271999999999997E-07
0.54,0.75,-0.00011176,-6.5879000000000006E-10,0.00011176,3.2454E-07,-3.2274E-07
0.535,0.75,-0.00012978000000000002,-6.7751000000000007E-10,0.00013012,3.2456E-07,-3.227E-07
0.53,0.75,-0.00015120000000000002,-7.099600000000001E-10,0.00015152,3.2462E-07,-3.227E-07
0.525,0.75,-0.00017544000000000001,-7.3539000000000008E-10,0.00017588,3.246E-07,-3.2268E-07
0.52,0.75,-0.00020366,-7.659100000000001E-10,0.00020394,3.2454E-07,-3.2271999999999997E-07
0.515,0.75,-0.00023538,-7.8416E-10,0.0002356,3.2462E-07,-3.2274E-07
0.51,0.75,-0.00027214000000000003,-8.2563000000000007E-10,0.00027238,3.2462E-07,-3.2271999999999997E-07
0.505,0.75,-0.0003132,-8.4718000000000007E-10,0.00031352,3.246E-07,-3.2276E-07
0.5,0.75,-0.0003601,-8.8695E-10,0.00036058000000000005,3.245E-07,-3.227E-07
0.49500000000000005,0.75,-0.0004127,-9.106E-10,0.00041322,3.246E-07,-3.2276E-07
0.49000000000000005,0.75,-0.00047244,-9.5104E-10,0.00047258,3.246E-07,-3.2274E-07
0.48500000000000004,0.75,-0.00053764,-9.7548E-10,0.00053788,3.2456E-07,-3.2271999999999997E-07
0.48000000000000004,0.75,-0.00061224,-1.0201100000000001E-09,0.00061242,3.2458E-07,-3.2282E-07
0.47500000000000003,0.75,-0.0006935200000000001,-1.0495200000000001E-09,0.00069348,3.246E-07,-3.2268E-07
0.47000000000000003,0.75,-0.00078462000000000009,-1.09608E-09,0.00078458,3.2452E-07,-3.2276E-07
0.465,0.75,-0.00088156000000000009,-1.1318E-09,0.00088264000000000007,3.2456E-07,-3.2276E-07
0.46,0.75,-0.00099188,-1.1708E-09,0.00099182,3.245E-07,-3.227E-07
0.455,0.75,-0.0011095,-1.2103E-09,0.00110986,3.246E-07,-3.2274E-07
0.45,0.75,-0.0012394,-1.2471E-09,0.0012398,3.247E-07,-3.2276E-07
0.445,0.75,-0.0013774,-1.3018E-09,0.0013776,3.2464E-07,-3.2276E-07
0.44,0.75,-0.0015296,-1.3432E-09,0.0015302,3.2456E-07,-3.227E-07
0.435,0.75,-0.0016892,-1.3918E-09,0.0016896,3.2454E-07,-3.227E-07
0.43,0.75,-0.0018636,-1.4315E-09,0.0018632,3.246E-07,-3.2274E-07
0.42500000000000004,0.75,-0.0020462,-1.4899E-09,0.0020466,3.2456E-07,-3.2276E-07
0.42000000000000004,0.75,-0.002243,-1.5306E-09,0.002243,3.2454E-07,-3.2278E-07
0.41500000000000004,0.75,-0.0024498000000000002,-1.5874E-09,0.00245,3.2462E-07,-3.2278E-07
0.41000000000000003,0.75,-0.002669,-1.6334E-09,0.0026702,3.246E-07,-3.2282E-07
0.405,0.75,-0.002899,-1.6863E-09,0.0028992,3.2454E-07,-3.2278E-07
0.4,0.75,-0.0031412000000000002,-1.739E-09,0.0031426,3.2456E-07,-3.2271999999999997E-07
0.395,0.75,-0.003393,-1.7992E-09,0.0033938,3.2456E-07,-3.2271999999999997E-07
0.39,0.75,-0.0036582,-1.8476E-09,0.0036586,3.2456E-07,-3.2276E-07
0.385,0.75,-0.0039314,-1.9111E-09,0.0039338,3.2466E-07,-3.2282E-07
0.38,0.75,-0.0042196,-1.964E-09,0.0042204,3.246E-07,-3.2288E-07
0.375,0.75,-0.0045128,-2.0283E-09,0.0045134,3.2458E-07,-3.2284E-07
0.37,0.75,-0.004819,-2.0883E-09,0.0048198,3.2462E-07,-3.228E-07
0.365,0.75,-0.0051306,-2.1499E-09,0.005131,3.2464E-07,-3.2288E-07
0.36000000000000004,0.75,-0.0054554,-2.2164E-09,0.0054556,3.2464E-07,-3.228E-07
0.35500000000000004,0.75,-0.005783,-2.2814E-09,0.005783,3.246E-07,-3.2285999999999997E-07
0.35000000000000003,0.75,-0.0061222,-2.34E-09,0.0061226,3.246E-07,-3.2285999999999997E-07
0.34500000000000003,0.75,-0.006465,-2.4115E-09,0.0064654000000000005,3.2462E-07,-3.2284E-07
0.34,0.75,-0.006817,-2.4862E-09,0.0068174,3.2462E-07,-3.229E-07
0.335,0.75,-0.0071714000000000005,-2.5529E-09,0.0071702,3.246E-07,-3.2284E-07
0.33,0.75,-0.0075318,-2.6311E-09,0.0075334,3.2454E-07,-3.2284E-07
0.325,0.75,-0.0078948,-2.7013999999999998E-09,0.0078928,3.2454E-07,-3.2284E-07
0.32,0.75,-0.0082628,-2.7866E-09,0.008264,3.2454E-07,-3.229E-07
0.315,0.75,-0.0086298,-2.8598E-09,0.0086316,3.245E-07,-3.2284E-07
0.31,0.75,-0.0090034,-2.9487E-09,0.0090054,3.2456E-07,-3.2288E-07
0.305,0.75,-0.009373600000000001,-3.0264E-09,0.0093764,3.2452E-07,-3.2282E-07
0.3,0.75,-0.00975,-3.1199E-09,0.0097498,3.2452E-07,-3.229E-07
0.29500000000000004,0.75,-0.010120800000000001,-3.2054E-09,0.0101196,3.2456E-07,-3.2288E-07
0.29000000000000004,0.75,-0.0104946,-3.3044E-09,0.010493,3.246E-07,-3.229E-07
0.28500000000000003,0.75,-0.0108606,-3.3947E-09,0.0108622,3.245E-07,-3.2292E-07
0.28,0.75,-0.0112344,-3.5036E-09,0.0112314,3.2454E-07,-3.2296E-07
0.275,0.75,-0.01157,-3.5879E-09,0.011592000000000002,3.2458E-07,-3.2298E-07
0.27,0.75,-0.011936,-3.7025E-09,0.011956000000000001,3.2458E-07,-3.2299999999999997E-07
0.265,0.75,-0.012288,-3.8036E-09,0.012314,3.246E-07,-3.2296E-07
0.26,0.75,-0.012650000000000002,-3.9215E-09,0.01267,3.245E-07,-3.2296E-07
0.255,0.75,-0.012996,-4.0228E-09,0.013018000000000002,3.2456E-07,-3.2298E-07
0.25,0.75,-0.013346000000000002,-4.1535E-09,0.013368000000000001,3.2452E-07,-3.2294E-07
0.24500000000000002,0.75,-0.013682000000000002,-4.2634E-09,0.013706000000000001,3.2458E-07,-3.2299999999999997E-07
0.24000000000000002,0.75,-0.014016,-4.3962E-09,0.014038000000000002,3.246E-07,-3.2302E-07
0.23500000000000001,0.75,-0.014350000000000002,-4.5155999999999996E-09,0.014368,3.2456E-07,-3.2306E-07
0.23,0.75,-0.014672000000000001,-4.6521E-09,0.014694,3.2458E-07,-3.2308E-07
0.225,0.75,-0.014996,-4.7879E-09,0.015016000000000002,3.2454E-07,-3.2302E-07
0.22,0.75,-0.01531,-4.9261E-09,0.015326000000000001,3.2462E-07,-3.2302E-07
0.215,0.75,-0.015616000000000001,-5.0714E-09,0.015634000000000002,3.2456E-07,-3.2304E-07
0.21000000000000002,0.75,-0.015912000000000003,-5.2143E-09,0.015938,3.2456E-07,-3.2306E-07
0.20500000000000002,0.75,-0.016214000000000003,-5.3759E-09,0.016234000000000002,3.246E-07,-3.2308E-07
0.2,0.75,-0.0165,-5.529E-09,0.016522000000000002,3.2462E-07,-3.2312E-07
0.195,0.75,-0.016786000000000002,-5.6954E-09,0.016808,3.2468E-07,-3.2313999999999997E-07
0.19,0.75,-0.017064000000000003,-5.846E-09,0.017082,3.2466E-07,-3.2313999999999997E-07
0.185,0.75,-0.017336,-6.0278E-09,0.017354,3.2462E-07,-3.2316E-07
0.18000000000000002,0.75,-0.017598000000000003,-6.1921E-09,0.01762,3.2472E-07,-3.2313999999999997E-07
0.17500000000000002,0.75,-0.017864,-6.3913E-09,0.017886000000000003,3.2474E-07,-3.2313999999999997E-07
0.17,0.75,-0.018112000000000003,-6.5675E-09,0.018138,3.2466E-07,-3.2318E-07
0.165,0.75,-0.01837,-6.7493E-09,0.018384,3.2462E-07,-3.2316E-07
0.16,0.75,-0.018612,-6.9539E-09,0.018632000000000003,3.247E-07,-3.2324E-07
0.155,0.75,-0.018850000000000002,-7.1553E-09,0.018868000000000003,3.2474E-07,-3.2324E-07
0.15,0.75,-0.019078,-7.3503E-09,0.019100000000000002,3.246E-07,-3.2324E-07
0.14500000000000002,0.75,-0.019302000000000003,-7.5396E-09,0.019326000000000003,3.2456E-07,-3.2313999999999997E-07
0.14,0.75,-0.019530000000000002,-7.7696E-09,0.01955,3.2462E-07,-3.2316E-07
0.135,0.75,-0.01974,-7.9898E-09,0.019764,3.2468E-07,-3.2318E-07
0.13,0.75,-0.019956,-8.2121E-09,0.019974000000000002,3.2462E-07,-3.2326E-07
0.125,0.75,-0.020162000000000003,-8.4467E-09,0.020182000000000002,3.2468E-07,-3.2326E-07
0.12000000000000001,0.75,-0.020364,-8.6712E-09,0.020382,3.2466E-07,-3.2322E-07
0.115,0.75,-0.020558000000000003,-8.9127E-09,0.02058,3.2468E-07,-3.2324E-07
0.11,0.75,-0.02075,-9.1659E-09,0.020774,3.2464E-07,-3.2313999999999997E-07
0.10500000000000001,0.75,-0.02094,-9.4183E-09,0.020962,3.2472E-07,-3.232E-07
0.1,0.75,-0.021124,-9.6774E-09,0.021146,3.2456E-07,-3.2318E-07
0.095,0.75,-0.021304000000000003,-9.9273E-09,0.021320000000000002,3.2468E-07,-3.232E-07
0.090000000000000011,0.75,-0.021478,-1.02051E-08,0.021500000000000002,3.2466E-07,-3.2324E-07
0.085,0.75,-0.021646000000000002,-1.04703E-08,0.021670000000000002,3.2458E-07,-3.2318E-07
0.08,0.75,-0.021814000000000004,-1.07612E-08,0.021834000000000003,3.2462E-07,-3.2318E-07
0.075,0.75,-0.021980000000000003,-1.1052E-08,0.022004000000000003,3.2458E-07,-3.2318E-07
0.07,0.75,-0.022138,-1.13446E-08,0.022158,3.2462E-07,-3.2322E-07
0.065,0.75,-0.022292000000000003,-1.1634799999999999E-08,0.022320000000000003,3.2456E-07,-3.2318E-07
0.060000000000000005,0.75,-0.022448000000000003,-1.19284E-08,0.02247,3.2462E-07,-3.232E-07
0.055,0.75,-0.022598000000000004,-1.2241999999999998E-08,0.022616,3.2464E-07,-3.232E-07
0.05,0.75,-0.022744,-1.25778E-08,0.022760000000000002,3.2462E-07,-3.2318E-07
0.045000000000000005,0.75,-0.022888000000000002,-1.2919399999999998E-08,0.022906000000000003,3.246E-07,-3.232E-07
0.04,0.75,-0.023020000000000002,-1.3270199999999998E-08,0.023044000000000002,3.246E-07,-3.2324E-07
0.035,0.75,-0.023164,-1.36026E-08,0.023182,3.2456E-07,-3.2313999999999997E-07
0.030000000000000002,0.75,-0.023292000000000004,-1.3946799999999998E-08,0.023314,3.246E-07,-3.2322E-07
0.025,0.75,-0.023424,-1.4313199999999998E-08,0.023442,3.2462E-07,-3.2326E-07
0.02,0.75,-0.02355,-1.4699399999999998E-08,0.02357,3.2454E-07,-3.2318E-07
0.015000000000000001,0.75,-0.023674,-1.50722E-08,0.023696000000000002,3.2456E-07,-3.232E-07
0.01,0.75,-0.023798000000000003,-1.5451199999999998E-08,0.023814000000000002,3.2456E-07,-3.232E-07
0.005,0.75,-0.023914,-1.5848799999999998E-08,0.023934,3.2454E-07,-3.2313999999999997E-07
0,0.75,-0.024026000000000002,-1.62156E-08,0.024054000000000002,3.2456E-07,-3.2324E-07
1.2,0.9,1.4170000000000001E-11,5.8675000000000007E-10,-8.5150000000000011E-11,3.2229999999999997E-07,-3.2274E-07
1.195,0.9,-1.17E-12,5.4425000000000006E-10,-8.23E-11,3.2242E-07,-3.2284E-07
1.19,0.9,-5.07E-12,4.9736E-10,-7.9470000000000011E-11,3.2234E-07,-3.2271999999999997E-07
1.185,0.9,3.394E-11,4.6400000000000005E-10,-7.4700000000000011E-11,3.2254E-07,-3.2288E-07
1.1800000000000002,0.9,1.9460000000000003E-11,4.2454E-10,-7.108E-11,3.2257999999999997E-07,-3.2285999999999997E-07
1.175,0.9,-2.26E-12,3.9402000000000005E-10,-7.0100000000000009E-11,3.2257999999999997E-07,-3.2288E-07
1.1700000000000002,0.9,2.3940000000000003E-11,3.5951000000000003E-10,-6.7420000000000011E-11,3.2257999999999997E-07,-3.2282E-07
1.165,0.9,4.322E-11,3.3678000000000005E-10,-6.3950000000000009E-11,3.2257999999999997E-07,-3.2288E-07
1.1600000000000001,0.9,9.7000000000000011E-12,3.0756E-10,-6.021E-11,3.2256E-07,-3.2276E-07
1.155,0.9,2.074E-11,2.8698000000000003E-10,-5.819E-11,3.226E-07,-3.2274E-07
1.1500000000000001,0.9,5.0340000000000004E-11,2.6391E-10,-5.441E-11,3.226E-07,-3.2282E-07
1.145,0.9,3.606E-11,2.4705000000000004E-10,-5.1720000000000003E-11,3.2264E-07,-3.2278E-07
1.1400000000000001,0.9,1.928E-11,2.2911000000000002E-10,-5.033E-11,3.2264E-07,-3.2284E-07
1.135,0.9,5.277E-11,2.1394E-10,-4.7570000000000003E-11,3.2262E-07,-3.2278E-07
1.1300000000000001,0.9,5.9430000000000008E-11,1.9777E-10,-4.236E-11,3.227E-07,-3.2284E-07
1.125,0.9,3.106E-11,1.8525E-10,-4.1020000000000004E-11,3.2264E-07,-3.2278E-07
1.12,0.9,4.0590000000000005E-11,1.6988E-10,-4.065E-11,3.226E-07,-3.2276E-07
1.115,0.9,6.7840000000000008E-11,1.5943E-10,-3.8480000000000006E-11,3.2262E-07,-3.227E-07
1.11,0.9,4.1360000000000006E-11,1.4762E-10,-3.5820000000000005E-11,3.2266E-07,-3.2271999999999997E-07
1.105,0.9,3.368E-11,1.3974E-10,-3.3920000000000004E-11,3.2262E-07,-3.2276E-07
1.1,0.9,6.2380000000000008E-11,1.2767E-10,-3.226E-11,3.2266E-07,-3.2276E-07
1.095,0.9,6.2080000000000007E-11,1.2202E-10,-2.9520000000000005E-11,3.227E-07,-3.2284E-07
1.09,0.9,3.5590000000000003E-11,1.0915E-10,-3.0140000000000005E-11,3.2266E-07,-3.2282E-07
1.085,0.9,5.8330000000000007E-11,1.0557E-10,-2.8500000000000002E-11,3.227E-07,-3.2282E-07
1.08,0.9,7.941E-11,9.6130000000000008E-11,-2.498E-11,3.2268E-07,-3.2276E-07
1.075,0.9,5.0270000000000005E-11,9.432E-11,-2.3060000000000002E-11,3.2271999999999997E-07,-3.2282E-07
1.07,0.9,4.603E-11,8.3190000000000012E-11,-2.2730000000000002E-11,3.2271999999999997E-07,-3.2276E-07
1.065,0.9,8.2200000000000011E-11,8.359E-11,-2.216E-11,3.2264E-07,-3.227E-07
1.06,0.9,7.187E-11,7.347E-11,-1.866E-11,3.2252E-07,-3.2268E-07
1.0550000000000002,0.9,5.1800000000000005E-11,7.2970000000000008E-11,-1.7980000000000002E-11,3.2257999999999997E-07,-3.2271999999999997E-07
1.05,0.9,7.249E-11,6.181E-11,-1.6690000000000003E-11,3.226E-07,-3.2274E-07
1.0450000000000002,0.9,8.7410000000000011E-11,6.393E-11,-1.412E-11,3.227E-07,-3.2271999999999997E-07
1.04,0.9,5.7020000000000007E-11,5.448E-11,-1.4210000000000002E-11,3.2268E-07,-3.2274E-07
1.0350000000000001,0.9,6.0840000000000007E-11,5.5150000000000005E-11,-1.4500000000000002E-11,3.2264E-07,-3.2271999999999997E-07
1.03,0.9,9.2040000000000013E-11,4.8900000000000007E-11,-1.25E-11,3.2264E-07,-3.2268E-07
1.0250000000000001,0.9,7.9140000000000011E-11,5.033E-11,-9.5200000000000014E-12,3.2266E-07,-3.2276E-07
1.02,0.9,5.7550000000000004E-11,4.3280000000000005E-11,-9.6100000000000013E-12,3.2264E-07,-3.2266E-07
1.0150000000000001,0.9,8.5540000000000009E-11,4.133E-11,-8.2800000000000011E-12,3.2266E-07,-3.2271999999999997E-07
1.01,0.9,9.391E-11,3.9570000000000005E-11,-5.33E-12,3.2266E-07,-3.2276E-07
1.0050000000000001,0.9,6.032E-11,3.678E-11,-5.39E-12,3.2266E-07,-3.227E-07
1,0.9,6.997E-11,3.292E-11,-5.74E-12,3.2262E-07,-3.2262E-07
0.995,0.9,9.857E-11,3.1780000000000006E-11,-4.98E-12,3.227E-07,-3.2276E-07
0.9900000000000001,0.9,7.7650000000000011E-11,3.164E-11,-2.23E-12,3.2266E-07,-3.227E-07
0.9850000000000001,0.9,6.4360000000000011E-11,2.682E-11,-1.5200000000000002E-12,3.226E-07,-3.2276E-07
0.98000000000000009,0.9,9.1850000000000011E-11,2.7400000000000004E-11,-1.27E-12,3.226E-07,-3.2264E-07
0.97500000000000009,0.9,9.5680000000000012E-11,2.3520000000000003E-11,1.03E-12,3.2264E-07,-3.2271999999999997E-07
0.97000000000000008,0.9,6.3150000000000009E-11,2.4120000000000003E-11,2.1700000000000002E-12,3.226E-07,-3.227E-07
0.96500000000000008,0.9,7.801000000000001E-11,1.999E-11,1.9700000000000003E-12,3.225E-07,-3.2262E-07
0.96000000000000008,0.9,9.804E-11,2.207E-11,4.63E-12,3.2257999999999997E-07,-3.2264E-07
0.95500000000000007,0.9,7.006E-11,1.87E-11,5.7600000000000005E-12,3.2257999999999997E-07,-3.2264E-07
0.95000000000000007,0.9,6.545E-11,1.803E-11,5.4700000000000007E-12,3.226E-07,-3.2264E-07
0.94500000000000006,0.9,9.5130000000000012E-11,1.4850000000000002E-11,7.0800000000000005E-12,3.2257999999999997E-07,-3.2264E-07
0.94000000000000006,0.9,8.7970000000000007E-11,1.606E-11,9.35E-12,3.2257999999999997E-07,-3.2264E-07
0.935,0.9,5.92E-11,1.18E-11,1.075E-11,3.2276E-07,-3.2268E-07
0.93,0.9,8.073E-11,1.3070000000000002E-11,1.1520000000000001E-11,3.2262E-07,-3.2266E-07
0.925,0.9,9.3430000000000007E-11,1.1720000000000001E-11,1.528E-11,3.2266E-07,-3.2274E-07
0.92,0.9,6.352E-11,1.252E-11,1.703E-11,3.2262E-07,-3.227E-07
0.915,0.9,6.185E-11,7.49E-12,1.894E-11,3.2257999999999997E-07,-3.2264E-07
0.91,0.9,8.9400000000000009E-11,9.96E-12,2.227E-11,3.226E-07,-3.226E-07
0.905,0.9,7.4350000000000007E-11,6.8800000000000006E-12,2.7360000000000003E-11,3.2254E-07,-3.2257999999999997E-07
0.9,0.9,4.7210000000000004E-11,6.66E-12,2.965E-11,3.2254E-07,-3.226E-07
0.895,0.9,6.546E-11,3.18E-12,3.4140000000000004E-11,3.2252E-07,-3.2257999999999997E-07
0.89,0.9,7.604E-11,6.1700000000000006E-12,3.9890000000000004E-11,3.226E-07,-3.2264E-07
0.885,0.9,4.112E-11,8.4000000000000006E-13,4.5680000000000004E-11,3.2248E-07,-3.2257999999999997E-07
0.88,0.9,3.947E-11,3.8800000000000004E-12,5.3590000000000006E-11,3.2262E-07,-3.2264E-07
0.875,0.9,5.9480000000000011E-11,1.1600000000000001E-12,6.192E-11,3.2254E-07,-3.2264E-07
0.87,0.9,2.979E-11,-1.6000000000000003E-13,7.295E-11,3.2264E-07,-3.2271999999999997E-07
0.865,0.9,5.8200000000000006E-12,-3.35E-12,8.418E-11,3.2256E-07,-3.2266E-07
0.86,0.9,1.812E-11,-1.9700000000000003E-12,9.847000000000001E-11,3.2252E-07,-3.2264E-07
0.85500000000000009,0.9,8.1900000000000013E-12,-3.3700000000000004E-12,1.1443000000000001E-10,3.2264E-07,-3.2274E-07
0.85000000000000009,0.9,-3.743E-11,-6.6700000000000005E-12,1.3059E-10,3.2254E-07,-3.226E-07
0.84500000000000008,0.9,-5.3190000000000006E-11,-7.54E-12,1.5171E-10,3.2256E-07,-3.2266E-07
0.84000000000000008,0.9,-5.3540000000000003E-11,-1.029E-11,1.8081000000000002E-10,3.2257999999999997E-07,-3.2266E-07
0.83500000000000008,0.9,-9.766E-11,-1.109E-11,2.1027000000000001E-10,3.226E-07,-3.2268E-07
0.83000000000000007,0.9,-1.4863E-10,-1.6940000000000002E-11,2.4518000000000003E-10,3.2257999999999997E-07,-3.2268E-07
0.82500000000000007,0.9,-1.5982000000000002E-10,-1.5050000000000002E-11,2.9102000000000005E-10,3.2256E-07,-3.226E-07
0.82000000000000006,0.9,-2.0869E-10,-2.0440000000000003E-11,3.3863000000000005E-10,3.2274E-07,-3.2271999999999997E-07
0.81500000000000006,0.9,-2.8658E-10,-1.7960000000000002E-11,3.9809E-10,3.2268E-07,-3.2278E-07
0.81,0.9,-3.4599E-10,-2.7380000000000003E-11,4.6262000000000005E-10,3.2266E-07,-3.2271999999999997E-07
0.805,0.9,-3.8996E-10,-2.3430000000000003E-11,5.3824E-10,3.2266E-07,-3.2268E-07
0.8,0.9,-4.9991000000000009E-10,-3.179E-11,6.2474000000000006E-10,3.2274E-07,-3.2276E-07
0.795,0.9,-6.2147E-10,-3.142E-11,7.4458E-10,3.227E-07,-3.2278E-07
0.79,0.9,-6.9632E-10,-4.0410000000000006E-11,8.5164000000000007E-10,3.2268E-07,-3.2276E-07
0.785,0.9,-8.6003000000000008E-10,-3.7200000000000005E-11,1.01716E-09,3.2264E-07,-3.2274E-07
0.78,0.9,-1.02261E-09,-5.0160000000000004E-11,1.1500200000000001E-09,3.2271999999999997E-07,-3.2276E-07
0.775,0.9,-1.2854E-09,-5.437E-11,1.4139E-09,3.2268E-07,-3.2276E-07
0.77,0.9,-1.4529E-09,-5.828E-11,1.6258E-09,3.227E-07,-3.2278E-07
0.765,0.9,-1.7501E-09,-5.736E-11,1.9274E-09,3.2266E-07,-3.2271999999999997E-07
0.76,0.9,-2.0549E-09,-6.9660000000000008E-11,2.2099E-09,3.2266E-07,-3.2268E-07
0.755,0.9,-2.4686E-09,-7.269000000000001E-11,2.6549E-09,3.2276E-07,-3.227E-07
0.75,0.9,-2.8971E-09,-8.28E-11,3.0842E-09,3.2274E-07,-3.2282E-07
0.745,0.9,-3.4484E-09,-8.597E-11,3.6384E-09,3.2266E-07,-3.2278E-07
0.74,0.9,-4.1114E-09,-9.971000000000001E-11,4.2654E-09,3.2264E-07,-3.2276E-07
0.735,0.9,-4.8185E-09,-1.0576E-10,5.0275E-09,3.227E-07,-3.2271999999999997E-07
0.73,0.9,-5.6706E-09,-1.1568000000000001E-10,5.895E-09,3.227E-07,-3.2276E-07
0.72500000000000009,0.9,-6.6266E-09,-1.2418E-10,6.9204E-09,3.227E-07,-3.2276E-07
0.72000000000000008,0.9,-7.7629E-09,-1.3513E-10,8.0453E-09,3.2264E-07,-3.2274E-07
0.71500000000000008,0.9,-9.0839E-09,-1.4647E-10,9.4031E-09,3.2268E-07,-3.2278E-07
0.71000000000000008,0.9,-1.06089E-08,-1.5502000000000002E-10,1.09587E-08,3.2262E-07,-3.2271999999999997E-07
0.70500000000000007,0.9,-1.3487799999999999E-08,-1.6742E-10,1.3792999999999998E-08,3.2264E-07,-3.2276E-07
0.70000000000000007,0.9,-1.62534E-08,-1.8414000000000002E-10,1.62588E-08,3.2271999999999997E-07,-3.2284E-07
0.69500000000000006,0.9,-1.88386E-08,-1.9385E-10,1.9024999999999997E-08,3.2271999999999997E-07,-3.2278E-07
0.69000000000000006,0.9,-2.24262E-08,-2.0963E-10,2.2118999999999998E-08,3.2276E-07,-3.2276E-07
0.685,0.9,-2.5782E-08,-2.257E-10,2.6171599999999996E-08,3.2271999999999997E-07,-3.2276E-07
0.68,0.9,-3.02986E-08,-2.3723E-10,3.10208E-08,3.2276E-07,-3.2274E-07
0.675,0.9,-3.5672199999999994E-08,-2.5881E-10,3.5810999999999996E-08,3.2266E-07,-3.2271999999999997E-07
0.67,0.9,-4.1392199999999995E-08,-2.7232E-10,4.2038599999999995E-08,3.2271999999999997E-07,-3.2271999999999997E-07
0.665,0.9,-4.98376E-08,-2.8929000000000004E-10,5.0658799999999993E-08,3.2262E-07,-3.227E-07
0.66,0.9,-5.9440199999999992E-08,-3.1110000000000004E-10,5.9079599999999995E-08,3.2266E-07,-3.2276E-07
0.655,0.9,-6.95346E-08,-3.2432E-10,6.9176E-08,3.2266E-07,-3.2268E-07
0.65,0.9,-8.1685399999999988E-08,-3.4957E-10,8.0637599999999989E-08,3.2266E-07,-3.2271999999999997E-07
0.645,0.9,-9.449039999999999E-08,-3.6330000000000003E-10,9.5598199999999991E-08,3.226E-07,-3.2276E-07
0.64,0.9,-1.1164739999999999E-07,-3.8593000000000003E-10,1.12885E-07,3.2266E-07,-3.2276E-07
0.635,0.9,-1.2706E-07,-4.1019E-10,1.2956E-07,3.2264E-07,-3.2278E-07
0.63,0.9,-1.5188E-07,-4.2852000000000004E-10,1.54E-07,3.227E-07,-3.228E-07
0.625,0.9,-1.7972E-07,-4.5359000000000003E-10,1.7842E-07,3.227E-07,-3.2271999999999997E-07
0.62,0.9,-2.1332E-07,-4.7439000000000005E-10,2.1318E-07,3.2271999999999997E-07,-3.2271999999999997E-07
0.615,0.9,-2.4824E-07,-5.0408000000000008E-10,2.5086E-07,3.2266E-07,-3.2276E-07
0.61,0.9,-2.9438E-07,-5.2208E-10,2.9586E-07,3.2266E-07,-3.2274E-07
0.605,0.9,-3.471E-07,-5.5627000000000009E-10,3.4758E-07,3.2271999999999997E-07,-3.2278E-07
0.6,0.9,-4.0392E-07,-5.7141E-10,4.0446E-07,3.2266E-07,-3.2276E-07
0.595,0.9,-4.7666E-07,-6.096E-10,4.7673999999999997E-07,3.2271999999999997E-07,-3.2271999999999997E-07
0.59000000000000008,0.9,-5.5276E-07,-6.297E-10,5.5624E-07,3.2271999999999997E-07,-3.2278E-07
0.58500000000000008,0.9,-6.4904E-07,-6.6512000000000008E-10,6.472E-07,3.227E-07,-3.2274E-07
0.58000000000000007,0.9,-7.4864E-07,-6.8748000000000009E-10,7.5011999999999994E-07,3.2266E-07,-3.2274E-07
0.57500000000000007,0.9,-8.7126E-07,-7.1816E-10,8.77E-07,3.2271999999999997E-07,-3.2278E-07
0.57000000000000006,0.9,-1.00282E-06,-7.4584000000000008E-10,1.009E-06,3.2271999999999997E-07,-3.2278E-07
0.56500000000000006,0.9,-1.1493E-06,-7.8338E-10,1.15006E-06,3.227E-07,-3.2282E-07
0.56,0.9,-1.3914000000000001E-06,-8.158100000000001E-10,1.3589000000000002E-06,3.227E-07,-3.2271999999999997E-07
0.555,0.9,-1.5951000000000002E-06,-8.4485E-10,1.5856000000000001E-06,3.2278E-07,-3.2271999999999997E-07
0.55,0.9,-1.8669000000000003E-06,-8.7665000000000007E-10,1.8597000000000002E-06,3.2271999999999997E-07,-3.2278E-07
0.545,0.9,-2.1708E-06,-9.1390000000000012E-10,2.1324E-06,3.2268E-07,-3.2278E-07
0.54,0.9,-2.4468000000000004E-06,-9.4909E-10,2.4953E-06,3.2257999999999997E-07,-3.2278E-07
0.535,0.9,-2.9081E-06,-9.7956E-10,2.9013000000000005E-06,3.2268E-07,-3.227E-07
0.53,0.9,-3.3309E-06,-1.02285E-09,3.3316000000000004E-06,3.2264E-07,-3.2274E-07
0.525,0.9,-3.7857000000000004E-06,-1.05947E-09,3.7609000000000003E-06,3.2268E-07,-3.2274E-07
0.52,0.9,-4.3008E-06,-1.0949E-09,4.3779E-06,3.2271999999999997E-07,-3.2271999999999997E-07
0.515,0.9,-4.7757000000000007E-06,-1.1341E-09,4.8437000000000007E-06,3.2264E-07,-3.227E-07
0.51,0.9,-5.5511000000000009E-06,-1.1751E-09,5.5463000000000006E-06,3.2268E-07,-3.2271999999999997E-07
0.505,0.9,-6.2622000000000008E-06,-1.2122E-09,6.3038000000000005E-06,3.2266E-07,-3.2271999999999997E-07
0.5,0.9,-7.0420000000000005E-06,-1.2571E-09,7.084700000000001E-06,3.2256E-07,-3.2264E-07
0.49500000000000005,0.9,-7.9794E-06,-1.3009E-09,7.9947000000000016E-06,3.2264E-07,-3.2266E-07
0.49000000000000005,0.9,-8.9221E-06,-1.3442E-09,8.8328000000000012E-06,3.2274E-07,-3.2268E-07
0.48500000000000004,0.9,-9.8696000000000012E-06,-1.3927E-09,9.8621000000000017E-06,3.2266E-07,-3.2264E-07
0.48000000000000004,0.9,-1.1061600000000001E-05,-1.4356E-09,1.1054000000000001E-05,3.226E-07,-3.2264E-07
0.47500000000000003,0.9,-1.1717500000000001E-05,-1.4875E-09,1.1728E-05,3.2271999999999997E-07,-3.2274E-07
0.47000000000000003,0.9,-1.1096E-05,-1.5345E-09,1.3176E-05,3.227E-07,-3.2276E-07
0.465,0.9,-1.4676E-05,-1.5852E-09,1.4654E-05,3.2264E-07,-3.2274E-07
0.46,0.9,-1.6042E-05,-1.6414E-09,1.609E-05,3.2268E-07,-3.2271999999999997E-07
0.455,0.9,-1.7472E-05,-1.6929E-09,1.7406E-05,3.2271999999999997E-07,-3.2274E-07
0.45,0.9,-1.8948000000000002E-05,-1.7547E-09,1.8862E-05,3.2268E-07,-3.2268E-07
0.445,0.9,-2.0422000000000002E-05,-1.8058E-09,2.0456000000000002E-05,3.2266E-07,-3.2274E-07
0.44,0.9,-2.195E-05,-1.8735E-09,2.2048E-05,3.2274E-07,-3.2276E-07
0.435,0.9,-2.3594E-05,-1.9336E-09,2.3782E-05,3.2276E-07,-3.2276E-07
0.43,0.9,-2.5168E-05,-2.0007E-09,2.5214E-05,3.2262E-07,-3.2266E-07
0.42500000000000004,0.9,-2.6796000000000002E-05,-2.0602E-09,2.6884000000000002E-05,3.226E-07,-3.2271999999999997E-07
0.42000000000000004,0.9,-2.8692000000000002E-05,-2.1375E-09,2.86E-05,3.226E-07,-3.2266E-07
0.41500000000000004,0.9,-3.0482E-05,-2.1997E-09,3.0316000000000002E-05,3.2264E-07,-3.2271999999999997E-07
0.41000000000000003,0.9,-3.236E-05,-2.2797E-09,3.2154000000000004E-05,3.2257999999999997E-07,-3.2276E-07
0.405,0.9,-3.371E-05,-2.3502E-09,3.3794E-05,3.2266E-07,-3.2271999999999997E-07
0.4,0.9,-3.5792E-05,-2.4377E-09,3.5738E-05,3.2266E-07,-3.2271999999999997E-07
0.395,0.9,-3.7494000000000004E-05,-2.5091E-09,3.7434E-05,3.2271999999999997E-07,-3.227E-07
0.39,0.9,-3.9336000000000004E-05,-2.5984E-09,3.9254E-05,3.2266E-07,-3.227E-07
0.385,0.9,-4.1148E-05,-2.6772E-09,4.1158E-05,3.226E-07,-3.2268E-07
0.38,0.9,-4.3196000000000005E-05,-2.7777E-09,4.2976E-05,3.2262E-07,-3.2271999999999997E-07
0.375,0.9,-4.4528000000000005E-05,-2.8624E-09,4.4538E-05,3.2262E-07,-3.2271999999999997E-07
0.37,0.9,-4.6298E-05,-2.9655E-09,4.6138000000000004E-05,3.2262E-07,-3.2268E-07
0.365,0.9,-4.7862000000000004E-05,-3.0571E-09,4.7992000000000004E-05,3.2266E-07,-3.2276E-07
0.36000000000000004,0.9,-4.9828000000000005E-05,-3.1645E-09,4.9756E-05,3.2264E-07,-3.226E-07
0.35500000000000004,0.9,-5.1332E-05,-3.2599E-09,5.1278E-05,3.2262E-07,-3.2264E-07
0.35000000000000003,0.9,-5.286E-05,-3.3746E-09,5.2900000000000005E-05,3.2252E-07,-3.226E-07
0.34500000000000003,0.9,-5.4596000000000004E-05,-3.4787E-09,5.4654E-05,3.2264E-07,-3.2271999999999997E-07
0.34,0.9,-5.6188000000000005E-05,-3.6012E-09,5.6316E-05,3.2264E-07,-3.2271999999999997E-07
0.335,0.9,-5.7972E-05,-3.7056E-09,5.8018E-05,3.2264E-07,-3.227E-07
0.33,0.9,-5.9524E-05,-3.8317E-09,5.9684E-05,3.2264E-07,-3.2268E-07
0.325,0.9,-6.1362E-05,-3.9469E-09,6.122E-05,3.2264E-07,-3.2276E-07
0.32,0.9,-6.2314E-05,-4.0758E-09,6.2374E-05,3.2264E-07,-3.227E-07
0.315,0.9,-6.4188E-05,-4.1935E-09,6.4116000000000008E-05,3.2266E-07,-3.2278E-07
0.31,0.9,-6.5414000000000008E-05,-4.3352E-09,6.5552E-05,3.2264E-07,-3.2268E-07
0.305,0.9,-6.6882E-05,-4.4685E-09,6.6938E-05,3.2262E-07,-3.2271999999999997E-07
0.3,0.9,-6.7904E-05,-4.6149E-09,6.8076E-05,3.227E-07,-3.2276E-07
0.29500000000000004,0.9,-6.8874E-05,-4.7607E-09,6.9284E-05,3.2264E-07,-3.2268E-07
0.29000000000000004,0.9,-7.062E-05,-4.9049E-09,7.0662000000000009E-05,3.2264E-07,-3.2274E-07
0.28500000000000003,0.9,-7.1818000000000009E-05,-5.0711E-09,7.1876E-05,3.2264E-07,-3.227E-07
0.28,0.9,-7.3190000000000009E-05,-5.2214E-09,7.3058E-05,3.2266E-07,-3.227E-07
0.275,0.9,-7.4346E-05,-5.3844E-09,7.4334E-05,3.2262E-07,-3.227E-07
0.27,0.9,-7.5246E-05,-5.5384E-09,7.525E-05,3.2262E-07,-3.2266E-07
0.265,0.9,-7.6412E-05,-5.7213E-09,7.653E-05,3.2264E-07,-3.227E-07
0.26,0.9,-7.7534E-05,-5.8787E-09,7.7800000000000007E-05,3.2262E-07,-3.2271999999999997E-07
0.255,0.9,-7.8712E-05,-6.0889E-09,7.8972E-05,3.2266E-07,-3.2266E-07
0.25,0.9,-7.9546E-05,-6.2692E-09,7.9342E-05,3.2254E-07,-3.2266E-07
0.24500000000000002,0.9,-8.0780000000000009E-05,-6.4721E-09,8.0798000000000008E-05,3.2266E-07,-3.226E-07
0.24000000000000002,0.9,-8.1254E-05,-6.6471E-09,8.0948E-05,3.2257999999999997E-07,-3.227E-07
0.23500000000000001,0.9,-8.2308E-05,-6.863E-09,8.2356000000000009E-05,3.2264E-07,-3.2266E-07
0.23,0.9,-8.3362E-05,-7.0575E-09,8.3362E-05,3.2268E-07,-3.227E-07
0.225,0.9,-8.4962E-05,-7.2799E-09,8.4684E-05,3.2257999999999997E-07,-3.2257999999999997E-07
0.22,0.9,-8.546E-05,-7.4762E-09,8.5466E-05,3.2257999999999997E-07,-3.2264E-07
0.215,0.9,-8.6672E-05,-7.7079E-09,8.6716E-05,3.226E-07,-3.2266E-07
0.21000000000000002,0.9,-8.7038E-05,-7.9314E-09,8.719E-05,3.2257999999999997E-07,-3.2266E-07
0.20500000000000002,0.9,-8.7984E-05,-8.1481E-09,8.833E-05,3.2266E-07,-3.227E-07
0.2,0.9,-8.935E-05,-8.3866E-09,8.9572E-05,3.2262E-07,-3.2278E-07
0.195,0.9,-9.0304000000000008E-05,-8.6296E-09,9.0188E-05,3.2266E-07,-3.227E-07
0.19,0.9,-9.075600000000001E-05,-8.8872E-09,9.0876E-05,3.2268E-07,-3.2276E-07
0.185,0.9,-9.164600000000001E-05,-9.1131E-09,9.1934E-05,3.2274E-07,-3.2278E-07
0.18000000000000002,0.9,-9.2294000000000008E-05,-9.3716E-09,9.241E-05,3.2271999999999997E-07,-3.2276E-07
0.17500000000000002,0.9,-9.2644E-05,-9.6383E-09,9.2754E-05,3.2264E-07,-3.2278E-07
0.17,0.9,-9.3864000000000008E-05,-9.9126E-09,9.3814E-05,3.227E-07,-3.2276E-07
0.165,0.9,-9.425E-05,-1.01874E-08,9.4326E-05,3.2264E-07,-3.2271999999999997E-07
0.16,0.9,-9.5104E-05,-1.04958E-08,9.5156000000000008E-05,3.2266E-07,-3.227E-07
0.155,0.9,-9.5844E-05,-1.07969E-08,9.5636E-05,3.2271999999999997E-07,-3.227E-07
0.15,0.9,-9.616400000000001E-05,-1.11394E-08,9.6154E-05,3.2271999999999997E-07,-3.2284E-07
0.14500000000000002,0.9,-9.7358E-05,-1.13989E-08,9.734E-05,3.227E-07,-3.2282E-07
0.14,0.9,-9.657E-05,-1.16606E-08,9.7292E-05,3.2271999999999997E-07,-3.2274E-07
0.135,0.9,-9.7548000000000009E-05,-1.19734E-08,9.8212E-05,3.2276E-07,-3.2271999999999997E-07
0.13,0.9,-9.8388000000000007E-05,-1.2304599999999998E-08,9.878E-05,3.2264E-07,-3.2268E-07
0.125,0.9,-9.8884E-05,-1.26612E-08,9.8918E-05,3.2278E-07,-3.2278E-07
0.12000000000000001,0.9,-9.9142000000000007E-05,-1.2984999999999999E-08,9.9452000000000009E-05,3.227E-07,-3.2271999999999997E-07
0.115,0.9,-9.9598E-05,-1.3350999999999998E-08,0.000100056,3.2264E-07,-3.227E-07
0.11,0.9,-0.000100282,-1.3716999999999998E-08,0.000100526,3.226E-07,-3.2266E-07
0.10500000000000001,0.9,-0.000100988,-1.4062399999999999E-08,0.000100884,3.2268E-07,-3.227E-07
0.1,0.9,-0.00010079,-1.4438999999999998E-08,0.00010101000000000001,3.2262E-07,-3.2264E-07
0.095,0.9,-0.000101678,-1.4820199999999999E-08,0.00010227600000000001,3.2268E-07,-3.227E-07
0.090000000000000011,0.9,-0.000102824,-1.52204E-08,0.00010306200000000001,3.2266E-07,-3.2271999999999997E-07
0.085,0.9,-0.000103262,-1.5606599999999997E-08,0.000103454,3.227E-07,-3.227E-07
0.08,0.9,-0.00010351200000000001,-1.60368E-08,0.000103638,3.2266E-07,-3.2276E-07
0.075,0.9,-0.000103762,-1.6442999999999997E-08,0.000104024,3.2266E-07,-3.2276E-07
0.07,0.9,-0.000104342,-1.68756E-08,0.000104214,3.2262E-07,-3.2266E-07
0.065,0.9,-0.000104546,-1.7302599999999998E-08,0.000104846,3.2257999999999997E-07,-3.227E-07
0.060000000000000005,0.9,-0.000105118,-1.7750199999999998E-08,0.00010528600000000001,3.2266E-07,-3.2264E-07
0.055,0.9,-0.000105394,-1.8192E-08,0.000105536,3.2262E-07,-3.227E-07
0.05,0.9,-0.00010544000000000001,-1.86554E-08,0.00010601000000000001,3.2257999999999997E-07,-3.2271999999999997E-07
0.045000000000000005,0.9,-0.000106112,-1.9136999999999998E-08,0.00010636800000000001,3.226E-07,-3.2268E-07
0.04,0.9,-0.000106408,-1.96562E-08,0.000106902,3.2268E-07,-3.2278E-07
0.035,0.9,-0.000107006,-2.011E-08,0.00010715,3.2264E-07,-3.2271999999999997E-07
0.030000000000000002,0.9,-0.000107114,-2.05888E-08,0.000107268,3.2268E-07,-3.2278E-07
0.025,0.9,-0.000107378,-2.1071599999999997E-08,0.00010775800000000001,3.2266E-07,-3.227E-07
0.02,0.9,-0.000107656,-2.1642799999999996E-08,0.000107768,3.227E-07,-3.2278E-07
0.015000000000000001,0.9,-0.00010811,-2.2173199999999997E-08,0.000108592,3.2266E-07,-3.227E-07
0.01,0.9,-0.00010898,-2.27538E-08,0.00010929200000000001,3.2276E-07,-3.2276E-07
0.005,0.9,-0.00010925400000000001,-2.3269599999999997E-08,0.00010945800000000001,3.2268E-07,-3.2278E-07
0,0.9,-0.000110198,-2.3858799999999998E-08,0.00011013800000000001,3.2274E-07,-3.2271999999999997E-07
