vg	id_vd = 0V	ig_vd = 0V	is_vd = 0V	iavdd_vd = 0V	ignd_vd = 0V	id_vd = 0.01V	ig_vd = 0.01V	is_vd = 0.01V	iavdd_vd = 0.01V	ignd_vd = 0.01V	id_vd = 0.02V	ig_vd = 0.02V	is_vd = 0.02V	iavdd_vd = 0.02V	ignd_vd = 0.02V	id_vd = 0.03V	ig_vd = 0.03V	is_vd = 0.03V	iavdd_vd = 0.03V	ignd_vd = 0.03V	id_vd = 0.04V	ig_vd = 0.04V	is_vd = 0.04V	iavdd_vd = 0.04V	ignd_vd = 0.04V	id_vd = 0.05V	ig_vd = 0.05V	is_vd = 0.05V	iavdd_vd = 0.05V	ignd_vd = 0.05V	id_vd = 0.06V	ig_vd = 0.06V	is_vd = 0.06V	iavdd_vd = 0.06V	ignd_vd = 0.06V	id_vd = 0.07V	ig_vd = 0.07V	is_vd = 0.07V	iavdd_vd = 0.07V	ignd_vd = 0.07V	id_vd = 0.08V	ig_vd = 0.08V	is_vd = 0.08V	iavdd_vd = 0.08V	ignd_vd = 0.08V	id_vd = 0.09V	ig_vd = 0.09V	is_vd = 0.09V	iavdd_vd = 0.09V	ignd_vd = 0.09V	id_vd = 0.1V	ig_vd = 0.1V	is_vd = 0.1V	iavdd_vd = 0.1V	ignd_vd = 0.1V
1.2	-1.3232e-09	6.7334e-10	-8.428e-11	3.2362e-07	-3.2284e-07	-1.2347e-09	6.6594e-10	-8.54e-11	3.2334e-07	-3.2264e-07	-1.0602e-09	6.5434e-10	-8.46e-11	3.2326e-07	-3.2266e-07	-9.5663e-10	6.441e-10	-8.614e-11	3.23e-07	-3.226e-07	-8.5029e-10	6.3324e-10	-8.632e-11	3.2282e-07	-3.2254e-07	-7.0908e-10	6.2206e-10	-8.556e-11	3.2276e-07	-3.2252e-07	-5.7585e-10	6.1221e-10	-8.484e-11	3.2252e-07	-3.2234e-07	-4.6464e-10	6.0675e-10	-8.37e-11	3.2244e-07	-3.2254e-07	-3.205e-10	5.9189e-10	-8.579e-11	3.2226e-07	-3.225e-07	-1.8165e-10	5.8978e-10	-8.483e-11	3.2212e-07	-3.224e-07	-6.48e-12	5.7977e-10	-8.458e-11	3.22e-07	-3.2238e-07
1.195	-1.3416e-09	6.2592e-10	-8.221e-11	3.236e-07	-3.2282e-07	-1.185e-09	6.1328e-10	-8.182e-11	3.2328e-07	-3.226e-07	-1.0943e-09	6.0181e-10	-8.276e-11	3.2326e-07	-3.2266e-07	-9.4326e-10	5.8963e-10	-8.395e-11	3.2306e-07	-3.2248e-07	-8.0093e-10	5.8322e-10	-8.224e-11	3.2294e-07	-3.2252e-07	-7.1671e-10	5.7904e-10	-8.258e-11	3.2266e-07	-3.2248e-07	-5.5162e-10	5.6773e-10	-8.032e-11	3.2256e-07	-3.2248e-07	-4.4201e-10	5.5777e-10	-8.051e-11	3.2252e-07	-3.2246e-07	-3.0425e-10	5.5134e-10	-8.108e-11	3.224e-07	-3.2254e-07	-1.7038e-10	5.4163e-10	-8.08e-11	3.2208e-07	-3.2236e-07	-1.729e-11	5.3698e-10	-8.208e-11	3.2204e-07	-3.2248e-07
1.19	-1.3097e-09	5.8046e-10	-7.877e-11	3.237e-07	-3.2276e-07	-1.1881e-09	5.7232e-10	-7.729e-11	3.2338e-07	-3.2264e-07	-1.0674e-09	5.6021e-10	-8.105e-11	3.233e-07	-3.2266e-07	-9.152e-10	5.5404e-10	-7.775e-11	3.2308e-07	-3.2258e-07	-8.3289e-10	5.4034e-10	-7.939e-11	3.2294e-07	-3.2256e-07	-6.8703e-10	5.2929e-10	-7.919e-11	3.2274e-07	-3.2254e-07	-5.8181e-10	5.2319e-10	-7.712e-11	3.2258e-07	-3.2244e-07	-4.5376e-10	5.1586e-10	-7.889e-11	3.2254e-07	-3.2256e-07	-3.1756e-10	5.0586e-10	-7.925e-11	3.2242e-07	-3.2252e-07	-1.6976e-10	4.9962e-10	-7.931e-11	3.2216e-07	-3.224e-07	1.895e-11	4.9266e-10	-7.833e-11	3.2194e-07	-3.2242e-07
1.185	-1.3231e-09	5.3978e-10	-7.461e-11	3.2372e-07	-3.2282e-07	-1.214e-09	5.273e-10	-7.503e-11	3.2342e-07	-3.2256e-07	-1.0405e-09	5.2087e-10	-7.519e-11	3.2336e-07	-3.2276e-07	-9.4239e-10	5.0643e-10	-7.421e-11	3.2306e-07	-3.2254e-07	-8.2261e-10	5.0004e-10	-7.597e-11	3.2292e-07	-3.226e-07	-6.6562e-10	4.9613e-10	-7.481e-11	3.2272e-07	-3.2248e-07	-5.6611e-10	4.8169e-10	-7.55e-11	3.2266e-07	-3.2252e-07	-4.1661e-10	4.7527e-10	-7.567e-11	3.226e-07	-3.2254e-07	-2.828e-10	4.6832e-10	-7.546e-11	3.2242e-07	-3.2252e-07	-1.3664e-10	4.6212e-10	-7.706e-11	3.2216e-07	-3.2238e-07	1.775e-11	4.5906e-10	-7.376e-11	3.2202e-07	-3.2244e-07
1.18	-1.3363e-09	5.0068e-10	-7.234e-11	3.2376e-07	-3.228e-07	-1.1854e-09	4.9429e-10	-7.283e-11	3.234e-07	-3.2264e-07	-1.0697e-09	4.8201e-10	-7.143e-11	3.2336e-07	-3.227e-07	-9.4099e-10	4.739e-10	-7.338e-11	3.2306e-07	-3.226e-07	-7.8831e-10	4.6567e-10	-7.141e-11	3.2296e-07	-3.2254e-07	-6.9871e-10	4.531e-10	-7.12e-11	3.2288e-07	-3.2248e-07	-5.3838e-10	4.4786e-10	-7.158e-11	3.227e-07	-3.224e-07	-4.1735e-10	4.4313e-10	-7.189e-11	3.225e-07	-3.2244e-07	-2.8132e-10	4.3156e-10	-7.168e-11	3.2252e-07	-3.2246e-07	-1.4008e-10	4.2539e-10	-7.283e-11	3.2218e-07	-3.2236e-07	-9.43e-12	4.1919e-10	-7.2e-11	3.2208e-07	-3.2242e-07
1.175	-1.3034e-09	4.6752e-10	-6.917e-11	3.2372e-07	-3.2282e-07	-1.1648e-09	4.5773e-10	-6.774e-11	3.2346e-07	-3.226e-07	-1.0686e-09	4.4879e-10	-6.994e-11	3.2332e-07	-3.2258e-07	-9.0846e-10	4.3471e-10	-6.998e-11	3.2314e-07	-3.225e-07	-8.0484e-10	4.3085e-10	-6.756e-11	3.2296e-07	-3.2252e-07	-6.8635e-10	4.2384e-10	-7.001e-11	3.2288e-07	-3.2252e-07	-5.6138e-10	4.1373e-10	-6.885e-11	3.2272e-07	-3.2248e-07	-4.4554e-10	4.0563e-10	-6.925e-11	3.2256e-07	-3.224e-07	-3.0917e-10	4.0131e-10	-7.096e-11	3.225e-07	-3.2254e-07	-1.6157e-10	3.9187e-10	-6.964e-11	3.2224e-07	-3.2232e-07	1.87e-11	3.9064e-10	-7.017e-11	3.2212e-07	-3.2236e-07
1.17	-1.2931e-09	4.388e-10	-6.465e-11	3.2374e-07	-3.2272e-07	-1.1857e-09	4.2649e-10	-6.436e-11	3.2344e-07	-3.2262e-07	-1.0328e-09	4.1487e-10	-6.547e-11	3.235e-07	-3.2272e-07	-9.1377e-10	4.1108e-10	-6.53e-11	3.2306e-07	-3.2252e-07	-8.1849e-10	3.983e-10	-6.566e-11	3.23e-07	-3.2248e-07	-6.5366e-10	3.903e-10	-6.667e-11	3.2284e-07	-3.2244e-07	-5.6586e-10	3.8526e-10	-6.697e-11	3.2272e-07	-3.2242e-07	-4.2055e-10	3.781e-10	-6.639e-11	3.226e-07	-3.2252e-07	-2.9069e-10	3.6818e-10	-6.764e-11	3.2254e-07	-3.2252e-07	-1.336e-10	3.6294e-10	-6.703e-11	3.2228e-07	-3.224e-07	3.763e-11	3.5825e-10	-6.595e-11	3.2208e-07	-3.2238e-07
1.165	-1.3141e-09	4.0676e-10	-6.108e-11	3.2374e-07	-3.2274e-07	-1.1946e-09	3.9578e-10	-6.272e-11	3.235e-07	-3.2264e-07	-1.0314e-09	3.9073e-10	-6.23e-11	3.2344e-07	-3.2268e-07	-9.3724e-10	3.7671e-10	-6.346e-11	3.2308e-07	-3.2248e-07	-7.865e-10	3.7247e-10	-6.476e-11	3.2308e-07	-3.2256e-07	-6.7098e-10	3.656e-10	-6.323e-11	3.2284e-07	-3.2244e-07	-5.339e-10	3.5665e-10	-6.354e-11	3.2278e-07	-3.2252e-07	-3.9795e-10	3.4793e-10	-6.252e-11	3.2264e-07	-3.2248e-07	-2.5942e-10	3.4433e-10	-6.405e-11	3.225e-07	-3.225e-07	-1.1717e-10	3.3869e-10	-6.239e-11	3.2224e-07	-3.2236e-07	1.003e-11	3.3293e-10	-6.236e-11	3.2214e-07	-3.2232e-07
1.16	-1.3116e-09	3.7974e-10	-6.039e-11	3.2378e-07	-3.2278e-07	-1.1564e-09	3.6945e-10	-6.022e-11	3.2354e-07	-3.226e-07	-1.0584e-09	3.575e-10	-6.027e-11	3.2342e-07	-3.226e-07	-9.0997e-10	3.5728e-10	-6.147e-11	3.2316e-07	-3.2254e-07	-7.7561e-10	3.461e-10	-6.063e-11	3.2306e-07	-3.2252e-07	-6.8563e-10	3.3867e-10	-6.051e-11	3.2288e-07	-3.2248e-07	-5.3111e-10	3.3236e-10	-6.017e-11	3.2276e-07	-3.2248e-07	-4.219e-10	3.2702e-10	-6.006e-11	3.226e-07	-3.2248e-07	-2.9458e-10	3.1709e-10	-6.037e-11	3.2254e-07	-3.2254e-07	-1.4771e-10	3.1108e-10	-6.022e-11	3.2232e-07	-3.223e-07	8.25e-12	3.0479e-10	-6.083e-11	3.2208e-07	-3.2234e-07
1.155	-1.2779e-09	3.5645e-10	-5.714e-11	3.2378e-07	-3.2276e-07	-1.1533e-09	3.4702e-10	-5.792e-11	3.2348e-07	-3.2258e-07	-1.0341e-09	3.3992e-10	-5.862e-11	3.2344e-07	-3.2264e-07	-8.9191e-10	3.2829e-10	-5.715e-11	3.2318e-07	-3.226e-07	-8.9338e-10	3.2201e-10	-5.751e-11	3.2326e-07	-3.226e-07	-6.5245e-10	3.1586e-10	-5.863e-11	3.2294e-07	-3.2246e-07	-5.5932e-10	3.0582e-10	-5.735e-11	3.2278e-07	-3.2248e-07	-4.2254e-10	2.9944e-10	-5.904e-11	3.2262e-07	-3.2246e-07	-2.7506e-10	2.9518e-10	-5.812e-11	3.2258e-07	-3.2242e-07	-1.4197e-10	2.9163e-10	-5.828e-11	3.2232e-07	-3.2246e-07	4.314e-11	2.8654e-10	-5.861e-11	3.2214e-07	-3.2232e-07
1.15	-1.2825e-09	3.3515e-10	-5.273e-11	3.2372e-07	-3.2272e-07	-1.1715e-09	3.2299e-10	-5.488e-11	3.2356e-07	-3.226e-07	-1.0118e-09	3.1298e-10	-5.465e-11	3.2348e-07	-3.2264e-07	-9.1676e-10	3.1017e-10	-5.48e-11	3.2324e-07	-3.2252e-07	-8.7695e-10	2.9885e-10	-5.524e-11	3.2318e-07	-3.2258e-07	-6.4302e-10	2.9521e-10	-5.516e-11	3.2292e-07	-3.2248e-07	-5.3193e-10	2.8725e-10	-5.598e-11	3.228e-07	-3.225e-07	-3.8454e-10	2.8371e-10	-5.472e-11	3.227e-07	-3.224e-07	-2.5445e-10	2.7551e-10	-5.422e-11	3.2256e-07	-3.2244e-07	-1.0845e-10	2.6891e-10	-5.482e-11	3.2234e-07	-3.2238e-07	3.245e-11	2.6309e-10	-5.513e-11	3.2216e-07	-3.224e-07
1.145	-1.3067e-09	3.1132e-10	-5.26e-11	3.2384e-07	-3.2272e-07	-1.1606e-09	3.0329e-10	-5.29e-11	3.2356e-07	-3.2262e-07	-1.0276e-09	2.9924e-10	-5.209e-11	3.2348e-07	-3.226e-07	-9.1519e-10	2.8543e-10	-5.332e-11	3.2324e-07	-3.225e-07	-7.5901e-10	2.8209e-10	-5.16e-11	3.2312e-07	-3.2248e-07	-6.7018e-10	2.7251e-10	-5.131e-11	3.2296e-07	-3.2252e-07	-5.1321e-10	2.6619e-10	-5.205e-11	3.2282e-07	-3.2242e-07	-4.0173e-10	2.5928e-10	-5.099e-11	3.2264e-07	-3.2242e-07	-2.7807e-10	2.5523e-10	-5.171e-11	3.2256e-07	-3.2254e-07	-1.2255e-10	2.5208e-10	-5.093e-11	3.2234e-07	-3.2236e-07	6.8e-12	2.4459e-10	-5.36e-11	3.2212e-07	-3.2232e-07
1.14	-1.2798e-09	2.9223e-10	-4.966e-11	3.2378e-07	-3.2276e-07	-1.1306e-09	2.8321e-10	-4.904e-11	3.2354e-07	-3.226e-07	-1.0423e-09	2.7164e-10	-5.006e-11	3.2354e-07	-3.2258e-07	-8.7646e-10	2.7188e-10	-4.947e-11	3.2324e-07	-3.2258e-07	-7.8052e-10	2.593e-10	-4.917e-11	3.2312e-07	-3.2256e-07	-6.5178e-10	2.5641e-10	-4.989e-11	3.2302e-07	-3.2252e-07	-5.3698e-10	2.5118e-10	-5.01e-11	3.228e-07	-3.2242e-07	-4.1875e-10	2.447e-10	-5.024e-11	3.227e-07	-3.2248e-07	-2.8331e-10	2.3579e-10	-5.011e-11	3.2264e-07	-3.2246e-07	-1.4507e-10	2.292e-10	-4.891e-11	3.2236e-07	-3.224e-07	3.61e-11	2.2661e-10	-5.078e-11	3.222e-07	-3.2244e-07
1.135	-1.2583e-09	2.7485e-10	-4.554e-11	3.2388e-07	-3.2276e-07	-1.1418e-09	2.6917e-10	-4.574e-11	3.2352e-07	-3.2258e-07	-1.013e-09	2.6276e-10	-4.739e-11	3.2344e-07	-3.2266e-07	-8.951e-10	2.5242e-10	-4.585e-11	3.2326e-07	-3.225e-07	-7.8597e-10	2.4421e-10	-4.773e-11	3.2318e-07	-3.2256e-07	-6.2784e-10	2.3554e-10	-4.625e-11	3.2308e-07	-3.2252e-07	-5.3518e-10	2.3167e-10	-4.713e-11	3.2286e-07	-3.2246e-07	-3.9304e-10	2.2365e-10	-4.799e-11	3.227e-07	-3.2246e-07	-2.4338e-10	2.1962e-10	-4.743e-11	3.2262e-07	-3.2254e-07	-1.1202e-10	2.1729e-10	-4.84e-11	3.223e-07	-3.2238e-07	5.495e-11	2.122e-10	-4.74e-11	3.222e-07	-3.224e-07
1.13	-1.2855e-09	2.5648e-10	-4.295e-11	3.239e-07	-3.228e-07	-1.1617e-09	2.4927e-10	-4.57e-11	3.2356e-07	-3.2254e-07	-9.978e-10	2.3849e-10	-4.336e-11	3.2346e-07	-3.2262e-07	-9.0767e-10	2.3654e-10	-4.365e-11	3.2328e-07	-3.2246e-07	-7.5031e-10	2.2628e-10	-4.483e-11	3.2318e-07	-3.2256e-07	-6.4635e-10	2.2599e-10	-4.332e-11	3.2312e-07	-3.2258e-07	-5.0815e-10	2.1863e-10	-4.465e-11	3.2284e-07	-3.2244e-07	-3.78e-10	2.1357e-10	-4.407e-11	3.2276e-07	-3.2242e-07	-2.512e-10	2.056e-10	-4.378e-11	3.2264e-07	-3.2254e-07	-1.0697e-10	1.9892e-10	-4.431e-11	3.2242e-07	-3.2236e-07	2.347e-11	1.9425e-10	-4.487e-11	3.222e-07	-3.2232e-07
1.125	-1.2856e-09	2.4143e-10	-4.243e-11	3.2386e-07	-3.2278e-07	-1.1295e-09	2.3524e-10	-4.269e-11	3.236e-07	-3.226e-07	-1.0199e-09	2.3128e-10	-4.031e-11	3.2344e-07	-3.226e-07	-8.7555e-10	2.1917e-10	-4.184e-11	3.2336e-07	-3.2256e-07	-7.5335e-10	2.1637e-10	-4.165e-11	3.2314e-07	-3.2256e-07	-6.5954e-10	2.0343e-10	-4.216e-11	3.2308e-07	-3.2256e-07	-5.1345e-10	2.0166e-10	-4.092e-11	3.229e-07	-3.2246e-07	-4.0548e-10	1.9487e-10	-4.168e-11	3.2272e-07	-3.2236e-07	-2.7958e-10	1.9029e-10	-4.372e-11	3.2278e-07	-3.2266e-07	-1.3595e-10	1.8734e-10	-4.377e-11	3.2238e-07	-3.224e-07	3.117e-11	1.8131e-10	-4.395e-11	3.222e-07	-3.2238e-07
1.12	-1.2477e-09	2.2735e-10	-4.027e-11	3.2384e-07	-3.2272e-07	-1.1113e-09	2.1924e-10	-3.813e-11	3.2362e-07	-3.2258e-07	-1.0203e-09	2.0962e-10	-4.036e-11	3.2344e-07	-3.226e-07	-8.674e-10	2.0752e-10	-3.868e-11	3.2326e-07	-3.2254e-07	-7.8009e-10	1.9741e-10	-3.965e-11	3.2314e-07	-3.2252e-07	-6.2063e-10	1.9828e-10	-3.932e-11	3.2306e-07	-3.2254e-07	-5.3704e-10	1.8632e-10	-4.05e-11	3.2284e-07	-3.2248e-07	-3.9711e-10	1.837e-10	-4.127e-11	3.2268e-07	-3.2242e-07	-2.5175e-10	1.7726e-10	-4.204e-11	3.2284e-07	-3.227e-07	-1.1983e-10	1.708e-10	-4.076e-11	3.2232e-07	-3.2242e-07	6.488e-11	1.6803e-10	-4.119e-11	3.2224e-07	-3.2238e-07
1.115	-1.2494e-09	2.1606e-10	-3.685e-11	3.239e-07	-3.2276e-07	-1.1434e-09	2.0774e-10	-3.693e-11	3.2368e-07	-3.2264e-07	-1.011e-09	2.0237e-10	-3.843e-11	3.2334e-07	-3.2244e-07	-8.979e-10	1.9246e-10	-3.76e-11	3.233e-07	-3.2248e-07	-7.5391e-10	1.8995e-10	-3.752e-11	3.232e-07	-3.2256e-07	-6.2832e-10	1.7751e-10	-3.62e-11	3.2308e-07	-3.2248e-07	-5.1005e-10	1.7437e-10	-3.843e-11	3.229e-07	-3.2242e-07	-3.6849e-10	1.6873e-10	-3.82e-11	3.2264e-07	-3.2242e-07	-2.3242e-10	1.668e-10	-3.816e-11	3.229e-07	-3.2272e-07	-8.784e-11	1.6628e-10	-3.76e-11	3.2236e-07	-3.2244e-07	5.192e-11	1.5841e-10	-3.821e-11	3.2218e-07	-3.2236e-07
1.11	-1.2794e-09	2.0016e-10	-3.383e-11	3.2386e-07	-3.2272e-07	-1.1445e-09	1.9192e-10	-3.573e-11	3.2366e-07	-3.2266e-07	-1.0051e-09	1.8853e-10	-3.503e-11	3.2338e-07	-3.2254e-07	-8.8621e-10	1.7925e-10	-3.662e-11	3.2332e-07	-3.2254e-07	-7.3558e-10	1.755e-10	-3.416e-11	3.232e-07	-3.2246e-07	-6.4924e-10	1.7491e-10	-3.585e-11	3.2296e-07	-3.224e-07	-4.9715e-10	1.6297e-10	-3.51e-11	3.2284e-07	-3.2246e-07	-3.8276e-10	1.6082e-10	-3.579e-11	3.2276e-07	-3.2246e-07	-2.6153e-10	1.5577e-10	-3.449e-11	3.228e-07	-3.227e-07	-1.1741e-10	1.4941e-10	-3.559e-11	3.224e-07	-3.2238e-07	2.706e-11	1.4474e-10	-3.685e-11	3.222e-07	-3.2234e-07
1.105	-1.2551e-09	1.9155e-10	-3.284e-11	3.239e-07	-3.2278e-07	-1.1057e-09	1.8285e-10	-3.473e-11	3.2366e-07	-3.2264e-07	-1.0143e-09	1.7524e-10	-3.344e-11	3.2342e-07	-3.2252e-07	-8.5252e-10	1.7146e-10	-3.263e-11	3.233e-07	-3.225e-07	-7.6096e-10	1.6817e-10	-3.163e-11	3.2322e-07	-3.225e-07	-6.278e-10	1.5313e-10	-3.294e-11	3.2292e-07	-3.2246e-07	-5.245e-10	1.5376e-10	-3.351e-11	3.229e-07	-3.2246e-07	-3.9898e-10	1.4686e-10	-3.471e-11	3.2274e-07	-3.2238e-07	-2.5197e-10	1.4516e-10	-3.342e-11	3.2294e-07	-3.2262e-07	-1.2208e-10	1.4393e-10	-3.47e-11	3.2246e-07	-3.2238e-07	5.751e-11	1.389e-10	-3.549e-11	3.2226e-07	-3.2244e-07
1.1	-1.2272e-09	1.7728e-10	-3.045e-11	3.239e-07	-3.228e-07	-1.1161e-09	1.7313e-10	-3.094e-11	3.236e-07	-3.2264e-07	-1.0061e-09	1.7005e-10	-3.17e-11	3.2346e-07	-3.2258e-07	-8.7474e-10	1.603e-10	-3.008e-11	3.233e-07	-3.2254e-07	-7.6471e-10	1.5169e-10	-3.029e-11	3.2324e-07	-3.2254e-07	-6.0771e-10	1.5532e-10	-3.024e-11	3.23e-07	-3.2248e-07	-5.1876e-10	1.4335e-10	-3.277e-11	3.2284e-07	-3.224e-07	-3.6721e-10	1.4207e-10	-3.201e-11	3.2276e-07	-3.224e-07	-2.244e-10	1.3634e-10	-3.15e-11	3.2272e-07	-3.2266e-07	-8.463e-11	1.2987e-10	-3.19e-11	3.2242e-07	-3.2242e-07	6.985e-11	1.2796e-10	-3.195e-11	3.223e-07	-3.2246e-07
1.095	-1.2494e-09	1.7095e-10	-2.853e-11	3.2392e-07	-3.2282e-07	-1.1444e-09	1.6187e-10	-2.894e-11	3.236e-07	-3.2258e-07	-1.0099e-09	1.5201e-10	-2.899e-11	3.2342e-07	-3.2254e-07	-8.8473e-10	1.5221e-10	-2.861e-11	3.2336e-07	-3.2258e-07	-7.254e-10	1.4859e-10	-2.901e-11	3.2322e-07	-3.2252e-07	-6.4355e-10	1.3544e-10	-2.733e-11	3.2302e-07	-3.2252e-07	-4.8318e-10	1.382e-10	-2.957e-11	3.2284e-07	-3.2244e-07	-3.6283e-10	1.3001e-10	-2.861e-11	3.227e-07	-3.2246e-07	-2.4483e-10	1.2772e-10	-2.946e-11	3.227e-07	-3.225e-07	-9.42e-11	1.2727e-10	-2.955e-11	3.2246e-07	-3.2236e-07	4.349e-11	1.219e-10	-3.063e-11	3.2234e-07	-3.2246e-07
1.09	-1.2655e-09	1.5519e-10	-2.716e-11	3.2392e-07	-3.2284e-07	-1.1097e-09	1.5285e-10	-2.716e-11	3.2366e-07	-3.2258e-07	-9.999e-10	1.4822e-10	-2.8e-11	3.2336e-07	-3.2256e-07	-8.523e-10	1.4047e-10	-2.757e-11	3.2332e-07	-3.2252e-07	-7.4086e-10	1.3444e-10	-2.555e-11	3.2322e-07	-3.2258e-07	-6.3705e-10	1.3608e-10	-2.77e-11	3.2302e-07	-3.2252e-07	-4.9711e-10	1.2726e-10	-2.582e-11	3.229e-07	-3.2244e-07	-3.9108e-10	1.2261e-10	-2.722e-11	3.2276e-07	-3.2246e-07	-2.6057e-10	1.1752e-10	-2.814e-11	3.2278e-07	-3.2256e-07	-1.262e-10	1.1132e-10	-2.736e-11	3.2242e-07	-3.2238e-07	3.929e-11	1.0974e-10	-2.944e-11	3.2226e-07	-3.2244e-07
1.085	-1.2251e-09	1.5243e-10	-2.497e-11	3.2384e-07	-3.2272e-07	-1.0893e-09	1.4441e-10	-2.317e-11	3.2368e-07	-3.2262e-07	-1.0043e-09	1.3836e-10	-2.554e-11	3.235e-07	-3.2254e-07	-8.5318e-10	1.3548e-10	-2.437e-11	3.2336e-07	-3.2256e-07	-7.6461e-10	1.2969e-10	-2.552e-11	3.2324e-07	-3.2258e-07	-6.08e-10	1.1838e-10	-2.469e-11	3.2308e-07	-3.2252e-07	-5.1818e-10	1.1984e-10	-2.403e-11	3.2288e-07	-3.224e-07	-3.789e-10	1.1379e-10	-2.584e-11	3.2278e-07	-3.2246e-07	-2.2694e-10	1.1114e-10	-2.576e-11	3.2284e-07	-3.2254e-07	-9.447e-11	1.1023e-10	-2.633e-11	3.2242e-07	-3.2236e-07	7.62e-11	1.0565e-10	-2.744e-11	3.2234e-07	-3.224e-07
1.08	-1.2249e-09	1.3956e-10	-2.173e-11	3.2392e-07	-3.2276e-07	-1.1184e-09	1.3782e-10	-2.075e-11	3.2362e-07	-3.2258e-07	-1.003e-09	1.264e-10	-2.268e-11	3.2342e-07	-3.2248e-07	-8.8338e-10	1.2145e-10	-2.22e-11	3.2334e-07	-3.2254e-07	-7.3778e-10	1.1797e-10	-2.309e-11	3.232e-07	-3.2252e-07	-6.1572e-10	1.2329e-10	-2.271e-11	3.2302e-07	-3.2252e-07	-4.8971e-10	1.1051e-10	-2.267e-11	3.2288e-07	-3.2242e-07	-3.5004e-10	1.0701e-10	-2.376e-11	3.2274e-07	-3.2244e-07	-2.2639e-10	1.0337e-10	-2.191e-11	3.2282e-07	-3.2272e-07	-8.306e-11	9.817e-11	-2.432e-11	3.2248e-07	-3.2236e-07	6.142e-11	9.508e-11	-2.386e-11	3.2234e-07	-3.2254e-07
1.075	-1.2516e-09	1.3597e-10	-2.049e-11	3.239e-07	-3.2278e-07	-1.1226e-09	1.2682e-10	-2.014e-11	3.235e-07	-3.2248e-07	-9.622e-10	1.2834e-10	-2.029e-11	3.2348e-07	-3.2254e-07	-8.5567e-10	1.2034e-10	-2.171e-11	3.233e-07	-3.225e-07	-7.2048e-10	1.172e-10	-1.983e-11	3.232e-07	-3.2254e-07	-6.3807e-10	1.0278e-10	-2.123e-11	3.2306e-07	-3.2248e-07	-4.8257e-10	1.0595e-10	-1.845e-11	3.2292e-07	-3.2244e-07	-3.7434e-10	1.0038e-10	-2.09e-11	3.2276e-07	-3.2244e-07	-2.5457e-10	9.804e-11	-2.136e-11	3.2282e-07	-3.2268e-07	-1.1009e-10	9.57e-11	-2.334e-11	3.2246e-07	-3.2234e-07	3.905e-11	9.125e-11	-2.365e-11	3.2242e-07	-3.2248e-07
1.07	-1.2423e-09	1.2318e-10	-1.917e-11	3.2394e-07	-3.2282e-07	-1.086e-09	1.2463e-10	-1.847e-11	3.2362e-07	-3.2264e-07	-9.895e-10	1.1988e-10	-1.775e-11	3.2354e-07	-3.2258e-07	-8.3756e-10	1.0868e-10	-1.845e-11	3.233e-07	-3.2254e-07	-7.5326e-10	1.0375e-10	-1.754e-11	3.2312e-07	-3.2246e-07	-6.0342e-10	1.0797e-10	-1.882e-11	3.2308e-07	-3.2252e-07	-5.1197e-10	9.697e-11	-1.867e-11	3.2296e-07	-3.225e-07	-3.8693e-10	9.363e-11	-2.022e-11	3.2276e-07	-3.2246e-07	-2.3882e-10	8.963e-11	-2.131e-11	3.2278e-07	-3.226e-07	-1.066e-10	8.457e-11	-2.26e-11	3.2244e-07	-3.224e-07	6.171e-11	8.26e-11	-2.271e-11	3.2236e-07	-3.2246e-07
1.065	-1.2079e-09	1.2474e-10	-1.62e-11	3.239e-07	-3.2272e-07	-1.0959e-09	1.1417e-10	-1.447e-11	3.2372e-07	-3.2264e-07	-9.961e-10	1.0423e-10	-1.502e-11	3.2344e-07	-3.226e-07	-8.6581e-10	1.0916e-10	-1.717e-11	3.2332e-07	-3.2258e-07	-7.4034e-10	1.0291e-10	-1.692e-11	3.2318e-07	-3.2256e-07	-6.0205e-10	9.187e-11	-1.487e-11	3.2306e-07	-3.2252e-07	-5.0028e-10	9.284e-11	-1.808e-11	3.2294e-07	-3.225e-07	-3.5396e-10	8.98e-11	-1.824e-11	3.2272e-07	-3.2238e-07	-2.1277e-10	8.892e-11	-1.84e-11	3.2272e-07	-3.226e-07	-6.832e-11	8.663e-11	-1.996e-11	3.2246e-07	-3.2232e-07	8.002e-11	8.277e-11	-2.069e-11	3.2234e-07	-3.2244e-07
1.06	-1.2253e-09	1.1277e-10	-1.146e-11	3.2386e-07	-3.227e-07	-1.1191e-09	1.1101e-10	-1.273e-11	3.2366e-07	-3.226e-07	-9.9775e-10	9.964e-11	-1.466e-11	3.2348e-07	-3.2254e-07	-8.6967e-10	9.482e-11	-1.566e-11	3.2336e-07	-3.2254e-07	-7.1188e-10	9.367e-11	-1.505e-11	3.232e-07	-3.2248e-07	-6.2602e-10	9.586e-11	-1.429e-11	3.2306e-07	-3.2256e-07	-4.7509e-10	8.722e-11	-1.485e-11	3.2296e-07	-3.2252e-07	-3.5347e-10	8.364e-11	-1.45e-11	3.2272e-07	-3.2242e-07	-2.3504e-10	7.966e-11	-1.447e-11	3.2282e-07	-3.2256e-07	-9.048e-11	7.556e-11	-1.63e-11	3.2248e-07	-3.2244e-07	4.532e-11	7.193e-11	-1.865e-11	3.2236e-07	-3.225e-07
1.055	-1.2429e-09	1.0987e-10	-9.59e-12	3.2386e-07	-3.2272e-07	-1.0982e-09	9.989e-11	-1.131e-11	3.2368e-07	-3.2256e-07	-9.6126e-10	1.0067e-10	-1.306e-11	3.2344e-07	-3.2258e-07	-8.3009e-10	9.87e-11	-1.255e-11	3.2332e-07	-3.2252e-07	-7.3109e-10	9.04e-11	-1.133e-11	3.2322e-07	-3.2252e-07	-6.2089e-10	8.005e-11	-1.305e-11	3.23e-07	-3.2246e-07	-4.9326e-10	8.284e-11	-1.211e-11	3.23e-07	-3.2246e-07	-3.8109e-10	7.954e-11	-1.305e-11	3.2276e-07	-3.224e-07	-2.4534e-10	7.769e-11	-1.361e-11	3.2286e-07	-3.2266e-07	-1.0626e-10	7.574e-11	-1.601e-11	3.2252e-07	-3.2236e-07	5.762e-11	7.307e-11	-1.76e-11	3.223e-07	-3.2236e-07
1.05	-1.2196e-09	1.0044e-10	-8.69e-12	3.2384e-07	-3.2262e-07	-1.0774e-09	1.0076e-10	-9.02e-12	3.2364e-07	-3.2258e-07	-9.6069e-10	9.083e-11	-8.5e-12	3.2348e-07	-3.2266e-07	-8.435e-10	8.425e-11	-7.18e-12	3.2326e-07	-3.2248e-07	-7.4842e-10	8.25e-11	-1.066e-11	3.2324e-07	-3.2248e-07	-5.9066e-10	8.704e-11	-1.04e-11	3.2312e-07	-3.2252e-07	-5.0568e-10	7.528e-11	-1.009e-11	3.2286e-07	-3.2244e-07	-3.6127e-10	7.212e-11	-1.147e-11	3.227e-07	-3.224e-07	-2.1621e-10	6.885e-11	-1.165e-11	3.2352e-07	-3.2332e-07	-8.226e-11	6.533e-11	-1.4e-11	3.224e-07	-3.224e-07	8.66e-11	6.336e-11	-1.601e-11	3.223e-07	-3.224e-07
1.045	-1.2103e-09	9.866e-11	-4.35e-12	3.2382e-07	-3.227e-07	-1.1066e-09	9.014e-11	-6.53e-12	3.237e-07	-3.2266e-07	-9.8597e-10	8.976e-11	-6.28e-12	3.2356e-07	-3.2258e-07	-8.6564e-10	8.649e-11	-5.85e-12	3.2328e-07	-3.2248e-07	-7.1684e-10	8.093e-11	-6.82e-12	3.232e-07	-3.2252e-07	-6.174e-10	7.209e-11	-7.12e-12	3.2306e-07	-3.2248e-07	-4.7509e-10	7.277e-11	-7.77e-12	3.2294e-07	-3.2244e-07	-3.3611e-10	7.119e-11	-7.57e-12	3.2284e-07	-3.2246e-07	-2.2082e-10	7.056e-11	-8.71e-12	3.229e-07	-3.227e-07	-7.04e-11	6.905e-11	-1.113e-11	3.2246e-07	-3.2244e-07	6.885e-11	6.488e-11	-1.461e-11	3.2224e-07	-3.224e-07
1.04	-1.2376e-09	8.778e-11	-2.31e-12	3.238e-07	-3.2264e-07	-1.111e-09	8.93e-11	-4.26e-12	3.2372e-07	-3.2266e-07	-9.7122e-10	7.895e-11	-4.26e-12	3.2358e-07	-3.2266e-07	-8.4547e-10	7.213e-11	-4.26e-12	3.233e-07	-3.2252e-07	-7.1488e-10	7.612e-11	-3.8e-12	3.2316e-07	-3.2252e-07	-6.2657e-10	7.485e-11	-4.9e-12	3.2304e-07	-3.2256e-07	-4.7521e-10	6.861e-11	-4.03e-12	3.229e-07	-3.224e-07	-3.7335e-10	6.416e-11	-5.63e-12	3.2276e-07	-3.2244e-07	-2.5473e-10	5.852e-11	-7.73e-12	3.2288e-07	-3.2268e-07	-1.064e-10	5.601e-11	-9.98e-12	3.2242e-07	-3.224e-07	4.689e-11	5.344e-11	-1.331e-11	3.2226e-07	-3.224e-07
1.035	-1.2337e-09	8.581e-11	-8.5e-13	3.239e-07	-3.2266e-07	-1.0824e-09	8.151e-11	1.3e-13	3.2366e-07	-3.2262e-07	-9.4755e-10	8.038e-11	-9.7e-13	3.235e-07	-3.2258e-07	-8.2645e-10	7.942e-11	-1.8e-12	3.2328e-07	-3.225e-07	-7.4647e-10	7.183e-11	-2.1e-12	3.2324e-07	-3.226e-07	-6.003e-10	6.119e-11	-1.71e-12	3.2302e-07	-3.2246e-07	-5.0987e-10	6.41e-11	-2.94e-12	3.2296e-07	-3.2242e-07	-3.747e-10	6.196e-11	-3.54e-12	3.228e-07	-3.224e-07	-2.3096e-10	6.207e-11	-6.96e-12	3.2284e-07	-3.2264e-07	-9.322e-11	5.878e-11	-9.47e-12	3.2248e-07	-3.2236e-07	8.337e-11	5.784e-11	-1.302e-11	3.2232e-07	-3.2252e-07
1.03	-1.2075e-09	8.09e-11	2.98e-12	3.2384e-07	-3.2272e-07	-1.0813e-09	8.144e-11	4.07e-12	3.2374e-07	-3.2268e-07	-9.8118e-10	7.106e-11	3.04e-12	3.235e-07	-3.2254e-07	-8.6383e-10	6.504e-11	2.38e-12	3.2332e-07	-3.2252e-07	-7.3229e-10	6.723e-11	4.6e-13	3.2326e-07	-3.2244e-07	-5.9526e-10	6.743e-11	1.28e-12	3.231e-07	-3.2246e-07	-4.9392e-10	6.078e-11	-1.08e-12	3.2288e-07	-3.2244e-07	-3.4469e-10	5.748e-11	-1.39e-12	3.2278e-07	-3.2242e-07	-2.1054e-10	5.334e-11	-2.97e-12	3.2292e-07	-3.2274e-07	-6.792e-11	4.797e-11	-7.03e-12	3.2244e-07	-3.224e-07	8.177e-11	4.829e-11	-1.007e-11	3.223e-07	-3.2242e-07
1.025	-1.2175e-09	7.73e-11	7.93e-12	3.2394e-07	-3.2276e-07	-1.1078e-09	7.062e-11	6.55e-12	3.2366e-07	-3.2262e-07	-9.8578e-10	7.021e-11	5.53e-12	3.2346e-07	-3.2254e-07	-8.5429e-10	7.143e-11	5.29e-12	3.2334e-07	-3.2242e-07	-7.1355e-10	6.308e-11	6.1e-12	3.2318e-07	-3.2248e-07	-6.3074e-10	5.252e-11	3.89e-12	3.231e-07	-3.2252e-07	-4.7004e-10	5.788e-11	4.52e-12	3.229e-07	-3.2246e-07	-3.5735e-10	5.541e-11	2.33e-12	3.2274e-07	-3.2244e-07	-2.3951e-10	5.465e-11	1.8e-13	3.2348e-07	-3.2324e-07	-8.841e-11	5.327e-11	-5.5e-12	3.2244e-07	-3.224e-07	5.441e-11	5.089e-11	-1.034e-11	3.2226e-07	-3.2236e-07
1.02	-1.246e-09	7.301e-11	1.075e-11	3.2396e-07	-3.2278e-07	-1.0997e-09	6.999e-11	9.54e-12	3.237e-07	-3.2262e-07	-9.5745e-10	6.267e-11	9.42e-12	3.235e-07	-3.2254e-07	-8.2417e-10	5.873e-11	1.026e-11	3.233e-07	-3.2248e-07	-7.3771e-10	5.895e-11	9.92e-12	3.2312e-07	-3.2248e-07	-6.1371e-10	5.891e-11	5.47e-12	3.2308e-07	-3.2248e-07	-4.9847e-10	5.432e-11	7.81e-12	3.2294e-07	-3.2242e-07	-3.8552e-10	4.955e-11	3.95e-12	3.2278e-07	-3.2242e-07	-2.4505e-10	4.432e-11	-3e-14	3.2288e-07	-3.2264e-07	-1.0923e-10	4.039e-11	-4.48e-12	3.2252e-07	-3.2246e-07	6.632e-11	3.97e-11	-9.86e-12	3.2234e-07	-3.2242e-07
1.015	-1.2276e-09	6.937e-11	1.37e-11	3.2392e-07	-3.2282e-07	-1.0795e-09	6.465e-11	1.495e-11	3.236e-07	-3.2262e-07	-9.6426e-10	6.442e-11	1.53e-11	3.2342e-07	-3.2258e-07	-8.4121e-10	6.403e-11	1.565e-11	3.2334e-07	-3.2246e-07	-7.5208e-10	5.258e-11	1.216e-11	3.232e-07	-3.2252e-07	-5.9455e-10	4.969e-11	1.051e-11	3.2314e-07	-3.2254e-07	-5.1104e-10	4.839e-11	9.83e-12	3.2288e-07	-3.2246e-07	-3.5597e-10	4.775e-11	7.47e-12	3.2278e-07	-3.2246e-07	-2.117e-10	4.973e-11	4.75e-12	3.2282e-07	-3.2268e-07	-7.129e-11	4.787e-11	-1.54e-12	3.224e-07	-3.2236e-07	9.515e-11	4.421e-11	-7.3e-12	3.2232e-07	-3.2232e-07
1.01	-1.2088e-09	6.75e-11	2.018e-11	3.2392e-07	-3.228e-07	-1.0962e-09	6.222e-11	2.033e-11	3.2372e-07	-3.2266e-07	-9.963e-10	5.499e-11	1.796e-11	3.2346e-07	-3.2252e-07	-8.7744e-10	5.008e-11	1.83e-11	3.233e-07	-3.2252e-07	-7.2097e-10	5.225e-11	1.655e-11	3.2318e-07	-3.2248e-07	-6.1777e-10	5.413e-11	1.556e-11	3.2308e-07	-3.2252e-07	-4.773e-10	4.82e-11	1.432e-11	3.229e-07	-3.2242e-07	-3.4213e-10	4.538e-11	1.286e-11	3.2278e-07	-3.2244e-07	-2.2967e-10	4.116e-11	8.22e-12	3.2294e-07	-3.2268e-07	-7.458e-11	3.716e-11	2.63e-12	3.2248e-07	-3.2246e-07	6.488e-11	3.505e-11	-6.8e-12	3.2226e-07	-3.223e-07
1.005	-1.2368e-09	6.216e-11	2.633e-11	3.2398e-07	-3.2278e-07	-1.1211e-09	5.707e-11	2.48e-11	3.2368e-07	-3.227e-07	-9.6999e-10	5.72e-11	2.316e-11	3.2356e-07	-3.2254e-07	-8.4878e-10	5.544e-11	2.279e-11	3.2328e-07	-3.2246e-07	-7.3272e-10	4.701e-11	2.249e-11	3.233e-07	-3.2256e-07	-6.3081e-10	4.293e-11	2.161e-11	3.231e-07	-3.2246e-07	-4.8141e-10	4.413e-11	1.945e-11	3.229e-07	-3.2246e-07	-3.8363e-10	4.217e-11	1.692e-11	3.2288e-07	-3.2242e-07	-2.5319e-10	4.298e-11	1.141e-11	3.229e-07	-3.2272e-07	-1.0145e-10	4.313e-11	4.94e-12	3.2246e-07	-3.223e-07	5.791e-11	3.8e-11	-7.39e-12	3.2222e-07	-3.224e-07
1	-1.2494e-09	6.081e-11	3.151e-11	3.239e-07	-3.2272e-07	-1.0964e-09	5.559e-11	3.209e-11	3.2362e-07	-3.226e-07	-9.6315e-10	4.892e-11	3.24e-11	3.2346e-07	-3.2254e-07	-8.4098e-10	4.558e-11	3.103e-11	3.2338e-07	-3.2252e-07	-7.6488e-10	4.789e-11	2.755e-11	3.2328e-07	-3.2266e-07	-5.9571e-10	4.832e-11	2.676e-11	3.2306e-07	-3.2252e-07	-5.1665e-10	4.19e-11	2.475e-11	3.2284e-07	-3.2248e-07	-3.7981e-10	3.876e-11	1.992e-11	3.2272e-07	-3.2244e-07	-2.2882e-10	3.607e-11	1.579e-11	3.234e-07	-3.2324e-07	-9.128e-11	3.133e-11	6.86e-12	3.2246e-07	-3.2238e-07	8.985e-11	3.132e-11	-5.28e-12	3.2234e-07	-3.224e-07
0.995	-1.2231e-09	5.447e-11	3.909e-11	3.2386e-07	-3.227e-07	-1.0887e-09	5.419e-11	4.003e-11	3.2354e-07	-3.2258e-07	-9.9858e-10	5.165e-11	3.988e-11	3.235e-07	-3.226e-07	-8.7026e-10	5.129e-11	3.812e-11	3.233e-07	-3.2252e-07	-7.4708e-10	4.126e-11	3.452e-11	3.233e-07	-3.2262e-07	-6.1355e-10	3.899e-11	3.464e-11	3.2302e-07	-3.2248e-07	-4.9878e-10	3.962e-11	3.027e-11	3.2286e-07	-3.224e-07	-3.5275e-10	3.818e-11	2.622e-11	3.2276e-07	-3.2246e-07	-2.2365e-10	3.945e-11	2.051e-11	3.23e-07	-3.2324e-07	-6.297e-11	3.973e-11	1.062e-11	3.2248e-07	-3.2242e-07	8.793e-11	3.518e-11	-3.09e-12	3.2234e-07	-3.2244e-07
0.99	-1.2246e-09	5.527e-11	4.812e-11	3.2392e-07	-3.227e-07	-1.1233e-09	4.859e-11	4.842e-11	3.2362e-07	-3.2254e-07	-1.00021e-09	4.311e-11	4.663e-11	3.2356e-07	-3.226e-07	-8.8328e-10	4.038e-11	4.51e-11	3.2334e-07	-3.2242e-07	-7.3178e-10	4.379e-11	4.339e-11	3.2328e-07	-3.226e-07	-6.4341e-10	4.11e-11	4.18e-11	3.2296e-07	-3.2248e-07	-4.8584e-10	3.979e-11	3.811e-11	3.229e-07	-3.2242e-07	-3.8058e-10	3.781e-11	3.236e-11	3.2282e-07	-3.2248e-07	-2.6295e-10	2.92e-11	2.51e-11	3.2286e-07	-3.2272e-07	-1.0056e-10	2.722e-11	1.462e-11	3.2248e-07	-3.224e-07	5.596e-11	2.745e-11	-3.09e-12	3.223e-07	-3.2238e-07
0.985	-1.2652e-09	4.877e-11	5.794e-11	3.2386e-07	-3.2272e-07	-1.1364e-09	4.851e-11	5.632e-11	3.236e-07	-3.2254e-07	-9.78e-10	4.775e-11	5.58e-11	3.235e-07	-3.2258e-07	-8.5775e-10	4.721e-11	5.451e-11	3.233e-07	-3.2248e-07	-7.6743e-10	3.555e-11	5.283e-11	3.233e-07	-3.2258e-07	-6.3948e-10	3.515e-11	5.022e-11	3.2312e-07	-3.2254e-07	-5.2804e-10	3.522e-11	4.623e-11	3.2294e-07	-3.2244e-07	-4.0167e-10	3.188e-11	3.924e-11	3.2272e-07	-3.2248e-07	-2.5592e-10	3.353e-11	2.915e-11	3.2288e-07	-3.2266e-07	-1.0615e-10	3.452e-11	1.741e-11	3.2246e-07	-3.2236e-07	8.094e-11	2.952e-11	-3.72e-12	3.2224e-07	-3.2236e-07
0.98	-1.2609e-09	4.896e-11	6.817e-11	3.238e-07	-3.2266e-07	-1.1127e-09	4.51e-11	6.81e-11	3.2366e-07	-3.226e-07	-1.01297e-09	3.837e-11	6.752e-11	3.2356e-07	-3.2254e-07	-8.8602e-10	3.634e-11	6.663e-11	3.2338e-07	-3.2246e-07	-7.7624e-10	3.874e-11	6.29e-11	3.2334e-07	-3.2264e-07	-6.1934e-10	3.675e-11	6.027e-11	3.2302e-07	-3.2248e-07	-5.3243e-10	3.329e-11	5.451e-11	3.2288e-07	-3.2242e-07	-3.772e-10	3.195e-11	4.686e-11	3.2276e-07	-3.2248e-07	-2.3485e-10	2.636e-11	3.665e-11	3.2296e-07	-3.2264e-07	-8.453e-11	2.272e-11	2.241e-11	3.2246e-07	-3.2242e-07	1.0024e-10	2.567e-11	-1.24e-12	3.2226e-07	-3.2234e-07
0.975	-1.2464e-09	4.422e-11	8.289e-11	3.2386e-07	-3.227e-07	-1.1293e-09	4.524e-11	8.263e-11	3.2366e-07	-3.226e-07	-1.03378e-09	4.346e-11	7.928e-11	3.2348e-07	-3.226e-07	-9.1476e-10	4.026e-11	7.827e-11	3.233e-07	-3.2252e-07	-7.6056e-10	3.047e-11	7.496e-11	3.2332e-07	-3.2252e-07	-6.6031e-10	3.324e-11	7.251e-11	3.2308e-07	-3.2252e-07	-5.0945e-10	3.11e-11	6.459e-11	3.2288e-07	-3.224e-07	-3.8233e-10	2.884e-11	5.746e-11	3.228e-07	-3.2238e-07	-2.6021e-10	3.084e-11	4.506e-11	3.2288e-07	-3.2264e-07	-9.258e-11	2.982e-11	2.79e-11	3.2246e-07	-3.224e-07	7.082e-11	2.575e-11	8e-13	3.2232e-07	-3.224e-07
0.97	-1.2796e-09	4.537e-11	9.977e-11	3.2388e-07	-3.2266e-07	-1.1718e-09	3.882e-11	9.817e-11	3.236e-07	-3.2254e-07	-1.02265e-09	3.353e-11	9.516e-11	3.235e-07	-3.2258e-07	-9.0071e-10	3.319e-11	9.29e-11	3.2338e-07	-3.2254e-07	-7.8373e-10	3.671e-11	9.086e-11	3.2332e-07	-3.2264e-07	-6.8416e-10	3.014e-11	8.353e-11	3.2312e-07	-3.2246e-07	-5.3887e-10	3.086e-11	7.843e-11	3.2286e-07	-3.224e-07	-4.2576e-10	2.755e-11	6.814e-11	3.2276e-07	-3.2246e-07	-2.8675e-10	2.241e-11	5.344e-11	3.2292e-07	-3.227e-07	-1.2948e-10	1.884e-11	3.255e-11	3.2252e-07	-3.2246e-07	6.709e-11	2.059e-11	-2.1e-13	3.223e-07	-3.2232e-07
0.965	-1.3177e-09	3.838e-11	1.1714e-10	3.2384e-07	-3.2266e-07	-1.1637e-09	3.911e-11	1.1374e-10	3.2368e-07	-3.2254e-07	-1.02742e-09	4.011e-11	1.1359e-10	3.2358e-07	-3.226e-07	-9.0798e-10	3.532e-11	1.1093e-10	3.2338e-07	-3.2254e-07	-8.224e-10	2.705e-11	1.0569e-10	3.233e-07	-3.2258e-07	-6.6576e-10	2.876e-11	9.953e-11	3.2306e-07	-3.2242e-07	-5.7602e-10	2.511e-11	9.106e-11	3.229e-07	-3.2244e-07	-4.229e-10	2.282e-11	7.989e-11	3.2282e-07	-3.2242e-07	-2.5953e-10	2.696e-11	6.258e-11	3.2284e-07	-3.2264e-07	-1.0739e-10	2.707e-11	3.692e-11	3.2248e-07	-3.2242e-07	1.0014e-10	2.142e-11	1.89e-12	3.2224e-07	-3.2236e-07
0.96	-1.3023e-09	3.908e-11	1.3471e-10	3.2382e-07	-3.226e-07	-1.1642e-09	3.473e-11	1.3533e-10	3.2366e-07	-3.2262e-07	-1.08188e-09	2.685e-11	1.3334e-10	3.235e-07	-3.2246e-07	-9.6021e-10	2.862e-11	1.2969e-10	3.2332e-07	-3.2252e-07	-8.1182e-10	3.398e-11	1.2485e-10	3.233e-07	-3.2266e-07	-6.8919e-10	2.601e-11	1.1935e-10	3.2302e-07	-3.2246e-07	-5.5982e-10	2.5e-11	1.0832e-10	3.2288e-07	-3.224e-07	-4.108e-10	2.502e-11	9.485e-11	3.2282e-07	-3.2244e-07	-2.7441e-10	1.998e-11	7.579e-11	3.2284e-07	-3.227e-07	-9.706e-11	1.678e-11	4.605e-11	3.2246e-07	-3.2242e-07	8.684e-11	1.94e-11	3.36e-12	3.223e-07	-3.2238e-07
0.955	-1.3211e-09	3.518e-11	1.615e-10	3.2386e-07	-3.2266e-07	-1.2176e-09	3.574e-11	1.5937e-10	3.236e-07	-3.226e-07	-1.09011e-09	3.473e-11	1.5451e-10	3.2344e-07	-3.2252e-07	-9.7269e-10	2.947e-11	1.5084e-10	3.2332e-07	-3.225e-07	-8.2887e-10	2.39e-11	1.4836e-10	3.233e-07	-3.2258e-07	-7.3549e-10	2.552e-11	1.3924e-10	3.2308e-07	-3.225e-07	-5.7248e-10	2.354e-11	1.2911e-10	3.2284e-07	-3.224e-07	-4.5221e-10	2.053e-11	1.1314e-10	3.2282e-07	-3.2252e-07	-3.1249e-10	2.308e-11	8.883e-11	3.2304e-07	-3.232e-07	-1.2907e-10	2.476e-11	5.523e-11	3.225e-07	-3.224e-07	5.977e-11	1.765e-11	3.65e-12	3.2228e-07	-3.2234e-07
0.95	-1.3754e-09	3.592e-11	1.9092e-10	3.2386e-07	-3.227e-07	-1.2559e-09	2.891e-11	1.8627e-10	3.2356e-07	-3.2254e-07	-1.09791e-09	2.537e-11	1.8341e-10	3.2348e-07	-3.2258e-07	-9.726e-10	2.76e-11	1.795e-10	3.2336e-07	-3.2258e-07	-8.8009e-10	2.802e-11	1.7471e-10	3.233e-07	-3.2254e-07	-7.4e-10	2.165e-11	1.6387e-10	3.2306e-07	-3.224e-07	-6.263e-10	2.221e-11	1.505e-10	3.2284e-07	-3.2246e-07	-4.8071e-10	2.187e-11	1.3281e-10	3.2288e-07	-3.2252e-07	-3.1389e-10	1.528e-11	1.0407e-10	3.2284e-07	-3.226e-07	-1.4759e-10	1.351e-11	6.431e-11	3.2246e-07	-3.2246e-07	8.903e-11	1.793e-11	3.96e-12	3.2232e-07	-3.2236e-07
0.945	-1.4046e-09	2.993e-11	2.2378e-10	3.2382e-07	-3.2272e-07	-1.2524e-09	3.13e-11	2.1983e-10	3.236e-07	-3.2254e-07	-1.13998e-09	3.311e-11	2.1735e-10	3.2348e-07	-3.225e-07	-1.021e-09	2.621e-11	2.1152e-10	3.233e-07	-3.225e-07	-9.0838e-10	1.79e-11	2.0558e-10	3.2324e-07	-3.2248e-07	-7.4708e-10	2.508e-11	1.9362e-10	3.231e-07	-3.2252e-07	-6.4444e-10	1.912e-11	1.7736e-10	3.2288e-07	-3.2242e-07	-4.7514e-10	1.793e-11	1.5545e-10	3.2288e-07	-3.2252e-07	-3.0446e-10	2.267e-11	1.2385e-10	3.229e-07	-3.2264e-07	-1.2519e-10	2.041e-11	7.564e-11	3.2242e-07	-3.224e-07	9.856e-11	1.587e-11	7.23e-12	3.2226e-07	-3.2232e-07
0.94	-1.4138e-09	3.189e-11	2.6271e-10	3.2384e-07	-3.227e-07	-1.2911e-09	2.674e-11	2.5885e-10	3.2368e-07	-3.2266e-07	-1.1728e-09	2.7e-11	2.5432e-10	3.2346e-07	-3.2254e-07	-1.07073e-09	2.466e-11	2.482e-10	3.2328e-07	-3.2248e-07	-9.1013e-10	2.713e-11	2.3999e-10	3.2324e-07	-3.2248e-07	-8.1533e-10	1.873e-11	2.2865e-10	3.2304e-07	-3.2246e-07	-6.4192e-10	2.083e-11	2.088e-10	3.2296e-07	-3.2242e-07	-5.0192e-10	2.077e-11	1.8307e-10	3.2282e-07	-3.2252e-07	-3.5687e-10	1.315e-11	1.4534e-10	3.2284e-07	-3.2272e-07	-1.533e-10	1.127e-11	9.048e-11	3.2248e-07	-3.224e-07	6.805e-11	1.592e-11	8.95e-12	3.2236e-07	-3.2242e-07
0.935	-1.4762e-09	2.725e-11	3.0944e-10	3.238e-07	-3.2274e-07	-1.3676e-09	2.738e-11	3.0409e-10	3.236e-07	-3.2258e-07	-1.2361e-09	2.209e-11	2.9868e-10	3.2348e-07	-3.2254e-07	-1.08831e-09	2.171e-11	2.9241e-10	3.2336e-07	-3.2258e-07	-9.7801e-10	1.694e-11	2.8281e-10	3.2324e-07	-3.2248e-07	-8.5163e-10	2.175e-11	2.6789e-10	3.231e-07	-3.2246e-07	-7.0144e-10	1.748e-11	2.4741e-10	3.2284e-07	-3.224e-07	-5.5878e-10	1.393e-11	2.1552e-10	3.2288e-07	-3.2248e-07	-3.8745e-10	1.925e-11	1.707e-10	3.2302e-07	-3.228e-07	-1.8471e-10	1.958e-11	1.0569e-10	3.225e-07	-3.2242e-07	6.695e-11	1.092e-11	9.75e-12	3.223e-07	-3.224e-07
0.93	-1.5492e-09	2.632e-11	3.6095e-10	3.2386e-07	-3.227e-07	-1.4052e-09	2.138e-11	3.5462e-10	3.2362e-07	-3.226e-07	-1.2629e-09	2.49e-11	3.5177e-10	3.235e-07	-3.225e-07	-1.136e-09	1.881e-11	3.4408e-10	3.2338e-07	-3.2266e-07	-1.04081e-09	2.376e-11	3.3067e-10	3.2324e-07	-3.2256e-07	-8.6887e-10	1.601e-11	3.1441e-10	3.2304e-07	-3.2246e-07	-7.5347e-10	1.657e-11	2.8925e-10	3.2294e-07	-3.2246e-07	-5.757e-10	1.834e-11	2.534e-10	3.2282e-07	-3.2242e-07	-3.8623e-10	1.011e-11	2.0004e-10	3.2266e-07	-3.2248e-07	-1.8324e-10	9.1e-12	1.2499e-10	3.2244e-07	-3.2244e-07	9.857e-11	1.527e-11	1.221e-11	3.223e-07	-3.223e-07
0.925	-1.5863e-09	2.455e-11	4.2429e-10	3.2378e-07	-3.2266e-07	-1.4351e-09	2.617e-11	4.1878e-10	3.2354e-07	-3.2264e-07	-1.3168e-09	2.011e-11	4.1457e-10	3.2346e-07	-3.2256e-07	-1.2143e-09	2.356e-11	4.0421e-10	3.2338e-07	-3.2258e-07	-1.07298e-09	1.411e-11	3.8914e-10	3.2326e-07	-3.225e-07	-9.3607e-10	2.007e-11	3.7023e-10	3.2306e-07	-3.2248e-07	-7.78e-10	1.422e-11	3.3921e-10	3.2288e-07	-3.2242e-07	-6.0346e-10	1.412e-11	2.9844e-10	3.228e-07	-3.2246e-07	-4.2915e-10	1.709e-11	2.3725e-10	3.2266e-07	-3.2246e-07	-1.8708e-10	1.831e-11	1.464e-10	3.2238e-07	-3.2242e-07	7.548e-11	8.14e-12	1.465e-11	3.2234e-07	-3.2234e-07
0.92	-1.643e-09	2.43e-11	5.0016e-10	3.2382e-07	-3.2264e-07	-1.5296e-09	2.028e-11	4.9375e-10	3.2366e-07	-3.2264e-07	-1.4109e-09	2.172e-11	4.8606e-10	3.2346e-07	-3.2262e-07	-1.2806e-09	1.58e-11	4.7268e-10	3.2338e-07	-3.2256e-07	-1.13016e-09	2.37e-11	4.5807e-10	3.2318e-07	-3.2252e-07	-1.02152e-09	1.29e-11	4.3278e-10	3.2312e-07	-3.2248e-07	-8.3408e-10	1.632e-11	3.9952e-10	3.229e-07	-3.2242e-07	-6.8182e-10	1.674e-11	3.5052e-10	3.2276e-07	-3.2248e-07	-4.9586e-10	6.83e-12	2.7668e-10	3.226e-07	-3.2236e-07	-2.4649e-10	7.35e-12	1.7171e-10	3.2246e-07	-3.224e-07	5.695e-11	1.284e-11	1.534e-11	3.2236e-07	-3.2238e-07
0.915	-1.7521e-09	2.182e-11	5.8784e-10	3.2386e-07	-3.2268e-07	-1.6244e-09	2.28e-11	5.7826e-10	3.236e-07	-3.2264e-07	-1.501e-09	1.415e-11	5.6836e-10	3.2332e-07	-3.2246e-07	-1.3344e-09	2.197e-11	5.5516e-10	3.233e-07	-3.2246e-07	-1.2081e-09	1.831e-11	5.3623e-10	3.2318e-07	-3.2246e-07	-1.0635e-09	1.711e-11	5.074e-10	3.231e-07	-3.2252e-07	-9.3637e-10	1.165e-11	4.6771e-10	3.2292e-07	-3.2238e-07	-7.52e-10	8.49e-12	4.0982e-10	3.2282e-07	-3.225e-07	-5.1231e-10	1.523e-11	3.2391e-10	3.2266e-07	-3.2242e-07	-2.677e-10	1.328e-11	1.9992e-10	3.224e-07	-3.2244e-07	7.728e-11	6.07e-12	1.767e-11	3.2236e-07	-3.2244e-07
0.91	-1.8648e-09	1.927e-11	6.8796e-10	3.2386e-07	-3.2272e-07	-1.6996e-09	1.564e-11	6.8174e-10	3.2356e-07	-3.2254e-07	-1.566e-09	2.105e-11	6.6866e-10	3.2344e-07	-3.2254e-07	-1.4497e-09	1.298e-11	6.5389e-10	3.2338e-07	-3.2252e-07	-1.3325e-09	1.075e-11	6.3042e-10	3.2326e-07	-3.2252e-07	-1.1754e-09	1.591e-11	5.9709e-10	3.2302e-07	-3.2252e-07	-9.9607e-10	1.221e-11	5.4945e-10	3.2294e-07	-3.2242e-07	-7.8728e-10	1.447e-11	4.8183e-10	3.2272e-07	-3.2242e-07	-5.6024e-10	5.02e-12	3.8121e-10	3.226e-07	-3.224e-07	-2.7602e-10	5.46e-12	2.3475e-10	3.2246e-07	-3.2238e-07	8.572e-11	1.215e-11	2.263e-11	3.2236e-07	-3.2244e-07
0.905	-1.9549e-09	2.117e-11	8.0691e-10	3.2384e-07	-3.2268e-07	-1.8122e-09	2.025e-11	7.9868e-10	3.2362e-07	-3.2254e-07	-1.6891e-09	1.395e-11	7.8577e-10	3.2338e-07	-3.2252e-07	-1.5779e-09	1.727e-11	7.6703e-10	3.2334e-07	-3.2248e-07	-1.4326e-09	1.509e-11	7.3785e-10	3.233e-07	-3.2258e-07	-1.2771e-09	7.2e-12	6.9965e-10	3.2308e-07	-3.2252e-07	-1.07097e-09	1.105e-11	6.4584e-10	3.2288e-07	-3.2242e-07	-8.8304e-10	6.96e-12	5.6612e-10	3.2272e-07	-3.2242e-07	-6.5297e-10	1.465e-11	4.4631e-10	3.2264e-07	-3.2234e-07	-3.2473e-10	1.211e-11	2.7664e-10	3.2246e-07	-3.2234e-07	5.5e-11	2.72e-12	2.674e-11	3.224e-07	-3.224e-07
0.9	-2.0988e-09	1.595e-11	9.4986e-10	3.2384e-07	-3.227e-07	-1.9859e-09	1.368e-11	9.3825e-10	3.2354e-07	-3.225e-07	-1.8508e-09	1.948e-11	9.2259e-10	3.234e-07	-3.2246e-07	-1.6897e-09	9.81e-12	9.0067e-10	3.2328e-07	-3.2246e-07	-1.5341e-09	1.019e-11	8.6816e-10	3.2332e-07	-3.226e-07	-1.3682e-09	1.29e-11	8.2415e-10	3.2314e-07	-3.2246e-07	-1.1858e-09	1.017e-11	7.5917e-10	3.2288e-07	-3.2242e-07	-1.00205e-09	1.174e-11	6.6364e-10	3.2278e-07	-3.225e-07	-7.3232e-10	2.97e-12	5.2669e-10	3.2262e-07	-3.2238e-07	-4.0296e-10	3.57e-12	3.239e-10	3.2244e-07	-3.2236e-07	5.765e-11	8.48e-12	2.865e-11	3.2234e-07	-3.2238e-07
0.895	-2.2871e-09	1.653e-11	1.11463e-09	3.238e-07	-3.2262e-07	-2.1424e-09	1.598e-11	1.09919e-09	3.2362e-07	-3.2252e-07	-1.9957e-09	9.43e-12	1.08157e-09	3.2348e-07	-3.2252e-07	-1.8286e-09	1.608e-11	1.05702e-09	3.2336e-07	-3.2248e-07	-1.6937e-09	1.517e-11	1.02135e-09	3.2326e-07	-3.2258e-07	-1.5211e-09	8e-12	9.6919e-10	3.231e-07	-3.2252e-07	-1.3412e-09	1.12e-11	8.9038e-10	3.2298e-07	-3.225e-07	-1.09797e-09	2.86e-12	7.7863e-10	3.2282e-07	-3.2242e-07	-7.8898e-10	1.384e-11	6.1719e-10	3.227e-07	-3.2242e-07	-4.2737e-10	8.44e-12	3.789e-10	3.2244e-07	-3.2238e-07	7.796e-11	5.8e-13	3.422e-11	3.2242e-07	-3.2236e-07
0.89	-2.4696e-09	1.109e-11	1.3141e-09	3.2384e-07	-3.2264e-07	-2.3133e-09	1.215e-11	1.2946e-09	3.2366e-07	-3.226e-07	-2.1661e-09	1.769e-11	1.2734e-09	3.235e-07	-3.2252e-07	-2.0485e-09	6.31e-12	1.2424e-09	3.2336e-07	-3.225e-07	-1.9034e-09	5.48e-12	1.2003e-09	3.232e-07	-3.2254e-07	-1.7174e-09	1.025e-11	1.1371e-09	3.2312e-07	-3.2256e-07	-1.506e-09	6.9e-12	1.04591e-09	3.2294e-07	-3.2242e-07	-1.2322e-09	3.73e-12	9.1507e-10	3.2278e-07	-3.2242e-07	-9.1879e-10	1.94e-12	7.2805e-10	3.2266e-07	-3.2244e-07	-4.7949e-10	3.72e-12	4.4607e-10	3.2248e-07	-3.2248e-07	6.003e-11	8.71e-12	4.067e-11	3.2234e-07	-3.224e-07
0.885	-2.7009e-09	1.086e-11	1.5409e-09	3.2388e-07	-3.2266e-07	-2.5305e-09	1.084e-11	1.519e-09	3.2362e-07	-3.2258e-07	-2.3806e-09	1.424e-11	1.4951e-09	3.234e-07	-3.2258e-07	-2.2581e-09	6.65e-12	1.4588e-09	3.2338e-07	-3.2254e-07	-2.1063e-09	9.18e-12	1.4091e-09	3.2326e-07	-3.2262e-07	-1.8973e-09	5.18e-12	1.3331e-09	3.2314e-07	-3.2256e-07	-1.6607e-09	6.59e-12	1.2277e-09	3.2294e-07	-3.2246e-07	-1.3677e-09	1.23e-11	1.07489e-09	3.228e-07	-3.2242e-07	-1.0568e-09	1.076e-11	8.5256e-10	3.226e-07	-3.2242e-07	-5.8866e-10	6.25e-12	5.2187e-10	3.2248e-07	-3.2242e-07	2.756e-11	-1.8e-12	4.609e-11	3.2238e-07	-3.224e-07
0.88	-2.9423e-09	1.504e-11	1.8145e-09	3.2382e-07	-3.2276e-07	-2.804e-09	1.24e-11	1.7882e-09	3.2352e-07	-3.2256e-07	-2.6685e-09	6.25e-12	1.7592e-09	3.2354e-07	-3.226e-07	-2.5165e-09	1.237e-11	1.7143e-09	3.2334e-07	-3.2258e-07	-2.3319e-09	8.06e-12	1.6533e-09	3.2318e-07	-3.2246e-07	-2.1298e-09	4.5e-12	1.5672e-09	3.2302e-07	-3.2244e-07	-1.877e-09	6.33e-12	1.4449e-09	3.2294e-07	-3.2244e-07	-1.5947e-09	1.25e-12	1.263e-09	3.2278e-07	-3.2244e-07	-1.2052e-09	1.025e-11	9.9819e-10	3.2264e-07	-3.2238e-07	-6.7484e-10	-6.4e-13	6.1325e-10	3.2248e-07	-3.224e-07	5.955e-11	7.89e-12	5.309e-11	3.2236e-07	-3.2248e-07
0.875	-3.2774e-09	9.78e-12	2.1258e-09	3.2388e-07	-3.226e-07	-3.1371e-09	7.96e-12	2.0967e-09	3.2366e-07	-3.2254e-07	-2.9838e-09	1.22e-11	2.0642e-09	3.2356e-07	-3.2266e-07	-2.7881e-09	3.37e-12	2.0125e-09	3.2332e-07	-3.2248e-07	-2.6003e-09	6.35e-12	1.9429e-09	3.2322e-07	-3.2252e-07	-2.372e-09	8.3e-12	1.8416e-09	3.231e-07	-3.2246e-07	-2.1142e-09	3.73e-12	1.6937e-09	3.23e-07	-3.224e-07	-1.809e-09	-8.5e-13	1.4822e-09	3.2278e-07	-3.224e-07	-1.367e-09	-5.29e-12	1.1716e-09	3.226e-07	-3.2242e-07	-7.4999e-10	2.51e-12	7.1933e-10	3.2248e-07	-3.2242e-07	5.178e-11	-3.42e-12	6.171e-11	3.2236e-07	-3.2248e-07
0.87	-3.6678e-09	1.161e-11	2.499e-09	3.238e-07	-3.2264e-07	-3.4962e-09	7.59e-12	2.4664e-09	3.2356e-07	-3.226e-07	-3.3296e-09	2.33e-12	2.4278e-09	3.235e-07	-3.2254e-07	-3.1371e-09	1.027e-11	2.3668e-09	3.2334e-07	-3.2258e-07	-2.9661e-09	7.19e-12	2.2844e-09	3.2326e-07	-3.2252e-07	-2.7221e-09	3.72e-12	2.166e-09	3.2318e-07	-3.2254e-07	-2.4401e-09	2.33e-12	1.9927e-09	3.229e-07	-3.224e-07	-2.072e-09	3.44e-12	1.7416e-09	3.2276e-07	-3.224e-07	-1.5657e-09	-2.53e-12	1.3764e-09	3.2264e-07	-3.224e-07	-8.9658e-10	-4.2e-13	8.4469e-10	3.2246e-07	-3.2236e-07	1.745e-11	4.81e-12	7.268e-11	3.2232e-07	-3.2238e-07
0.865	-4.0785e-09	5.56e-12	2.933e-09	3.2378e-07	-3.2264e-07	-3.9002e-09	5.75e-12	2.8953e-09	3.2362e-07	-3.2262e-07	-3.7313e-09	1.081e-11	2.8459e-09	3.2354e-07	-3.2264e-07	-3.58e-09	3.7e-13	2.7784e-09	3.2336e-07	-3.2248e-07	-3.3782e-09	-3e-14	2.6792e-09	3.2326e-07	-3.2252e-07	-3.115e-09	3.91e-12	2.5356e-09	3.2314e-07	-3.2258e-07	-2.7857e-09	8.2e-13	2.3365e-09	3.2294e-07	-3.2236e-07	-2.3451e-09	-3.03e-12	2.0417e-09	3.2276e-07	-3.2238e-07	-1.7751e-09	4.22e-12	1.6161e-09	3.2264e-07	-3.2236e-07	-1.06425e-09	-2.39e-12	9.9068e-10	3.2244e-07	-3.2236e-07	9.82e-12	-9e-12	8.279e-11	3.2232e-07	-3.2242e-07
0.86	-4.5735e-09	1.083e-11	3.4455e-09	3.2382e-07	-3.2268e-07	-4.42e-09	5.36e-12	3.4041e-09	3.2366e-07	-3.226e-07	-4.2653e-09	8e-14	3.3493e-09	3.2356e-07	-3.2262e-07	-4.0593e-09	6.59e-12	3.2647e-09	3.2336e-07	-3.2252e-07	-3.8116e-09	5.05e-12	3.1523e-09	3.2318e-07	-3.2254e-07	-3.5292e-09	9e-13	2.9851e-09	3.2306e-07	-3.2254e-07	-3.1624e-09	4.2e-13	2.7456e-09	3.2294e-07	-3.2246e-07	-2.6985e-09	4.37e-12	2.4011e-09	3.2278e-07	-3.224e-07	-2.0898e-09	-4.17e-12	1.9029e-09	3.2264e-07	-3.2242e-07	-1.2321e-09	-8.89e-12	1.169e-09	3.2242e-07	-3.2236e-07	3.166e-11	2.34e-12	9.614e-11	3.2238e-07	-3.2234e-07
0.855	-5.2052e-09	3.03e-12	4.049e-09	3.2396e-07	-3.2266e-07	-5.0359e-09	3.24e-12	3.9911e-09	3.2364e-07	-3.2256e-07	-4.849e-09	6.81e-12	3.928e-09	3.2354e-07	-3.226e-07	-4.6038e-09	-1.4e-12	3.8339e-09	3.2332e-07	-3.2254e-07	-4.3552e-09	-1e-12	3.6959e-09	3.232e-07	-3.225e-07	-4.0354e-09	2.38e-12	3.5011e-09	3.2312e-07	-3.226e-07	-3.643e-09	1e-14	3.2193e-09	3.229e-07	-3.2244e-07	-3.1489e-09	-6.23e-12	2.8204e-09	3.2286e-07	-3.225e-07	-2.427e-09	1.9e-12	2.2274e-09	3.2264e-07	-3.2244e-07	-1.4253e-09	-6.28e-12	1.3672e-09	3.2244e-07	-3.2246e-07	-1.206e-11	-1.182e-11	1.1045e-10	3.2236e-07	-3.2246e-07
0.85	-5.9245e-09	7.19e-12	4.7563e-09	3.2392e-07	-3.2276e-07	-5.7202e-09	2.44e-12	4.6945e-09	3.2372e-07	-3.2258e-07	-5.5136e-09	-2.56e-12	4.6183e-09	3.2348e-07	-3.226e-07	-5.2849e-09	5.37e-12	4.5073e-09	3.2342e-07	-3.2252e-07	-5.0286e-09	2.89e-12	4.347e-09	3.2326e-07	-3.2248e-07	-4.6785e-09	-1.36e-12	4.119e-09	3.2314e-07	-3.2252e-07	-4.2437e-09	-2.53e-12	3.7878e-09	3.2288e-07	-3.2242e-07	-3.6324e-09	1.77e-12	3.3148e-09	3.2282e-07	-3.2246e-07	-2.7942e-09	-8.15e-12	2.617e-09	3.2266e-07	-3.2242e-07	-1.6285e-09	-6.8e-13	1.6061e-09	3.2248e-07	-3.2236e-07	-3.994e-11	-1.52e-12	1.2917e-10	3.224e-07	-3.224e-07
0.845	-6.7174e-09	-6.8e-13	5.5878e-09	3.2392e-07	-3.2272e-07	-6.5118e-09	3.37e-12	5.522e-09	3.2374e-07	-3.227e-07	-6.3108e-09	5.14e-12	5.4285e-09	3.2344e-07	-3.225e-07	-6.094e-09	-4.28e-12	5.2907e-09	3.233e-07	-3.2254e-07	-5.7871e-09	-6.98e-12	5.0982e-09	3.2324e-07	-3.2248e-07	-5.3984e-09	-2.6e-12	4.8383e-09	3.231e-07	-3.226e-07	-4.8893e-09	-2.82e-12	4.4489e-09	3.229e-07	-3.224e-07	-4.178e-09	-7.86e-12	3.8874e-09	3.2282e-07	-3.2252e-07	-3.2311e-09	-5.9e-13	3.0711e-09	3.2262e-07	-3.2236e-07	-1.9187e-09	-1.029e-11	1.8893e-09	3.2246e-07	-3.2238e-07	-3.188e-11	-1.446e-11	1.4828e-10	3.2236e-07	-3.2244e-07
0.84	-7.6941e-09	5.46e-12	6.5821e-09	3.239e-07	-3.2276e-07	-7.5038e-09	1.2e-12	6.4925e-09	3.237e-07	-3.2264e-07	-7.3013e-09	-4.17e-12	6.3805e-09	3.2342e-07	-3.2252e-07	-7.0098e-09	2e-13	6.2274e-09	3.2332e-07	-3.2254e-07	-6.6532e-09	1.81e-12	6.0031e-09	3.232e-07	-3.2252e-07	-6.2242e-09	-4.46e-12	5.6934e-09	3.2306e-07	-3.2248e-07	-5.6461e-09	-5.09e-12	5.2297e-09	3.2286e-07	-3.2238e-07	-4.8731e-09	1.24e-12	4.5754e-09	3.2278e-07	-3.2242e-07	-3.8067e-09	-1.24e-11	3.6148e-09	3.226e-07	-3.224e-07	-2.2725e-09	-4.88e-12	2.2204e-09	3.2246e-07	-3.224e-07	-5.221e-11	-2.69e-12	1.7573e-10	3.2236e-07	-3.2242e-07
0.835	-8.8676e-09	-3.19e-12	7.722e-09	3.2386e-07	-3.2278e-07	-8.6563e-09	-1.14e-12	7.6213e-09	3.237e-07	-3.2262e-07	-8.3934e-09	1.04e-12	7.4809e-09	3.235e-07	-3.2248e-07	-8.0715e-09	-4.75e-12	7.309e-09	3.2332e-07	-3.2254e-07	-7.7016e-09	-8.64e-12	7.0491e-09	3.2318e-07	-3.2252e-07	-7.2057e-09	-3.97e-12	6.6798e-09	3.2306e-07	-3.2248e-07	-6.5706e-09	-4.17e-12	6.1421e-09	3.2284e-07	-3.2244e-07	-5.6991e-09	-1.238e-11	5.369e-09	3.2284e-07	-3.2246e-07	-4.4303e-09	-4.51e-12	4.2398e-09	3.2262e-07	-3.2234e-07	-2.6483e-09	-1.747e-11	2.6016e-09	3.2248e-07	-3.224e-07	-1.1513e-10	-1.81e-11	2.0685e-10	3.2238e-07	-3.2248e-07
0.83	-1.02309e-08	-9.8e-13	9.0898e-09	3.2382e-07	-3.227e-07	-9.9832e-09	-4.26e-12	8.9662e-09	3.2368e-07	-3.2266e-07	-9.7015e-09	-7.03e-12	8.8185e-09	3.235e-07	-3.225e-07	-9.3727e-09	-2.07e-12	8.5975e-09	3.2338e-07	-3.2258e-07	-8.9769e-09	-4.4e-13	8.293e-09	3.2316e-07	-3.2246e-07	-8.4072e-09	-6.45e-12	7.8589e-09	3.2308e-07	-3.2248e-07	-7.6811e-09	-7.9e-12	7.2221e-09	3.2288e-07	-3.2242e-07	-6.6144e-09	-2.73e-12	6.3188e-09	3.2282e-07	-3.2236e-07	-5.1477e-09	-1.445e-11	4.9915e-09	3.226e-07	-3.2244e-07	-3.082e-09	-6.72e-12	3.0613e-09	3.224e-07	-3.2224e-07	-1.2381e-10	-7.16e-12	2.3994e-10	3.2236e-07	-3.2238e-07
0.825	-1.1801e-08	-5.03e-12	1.06731e-08	3.2384e-07	-3.2274e-07	-1.1534e-08	-7.32e-12	1.05325e-08	3.2366e-07	-3.226e-07	-1.12473e-08	-1.88e-12	1.03542e-08	3.235e-07	-3.2252e-07	-1.08979e-08	-7.74e-12	1.00997e-08	3.2338e-07	-3.2254e-07	-1.0404e-08	-1.202e-11	9.7362e-09	3.2318e-07	-3.2242e-07	-9.7643e-09	-1.008e-11	9.2278e-09	3.2312e-07	-3.2246e-07	-8.9054e-09	-9.33e-12	8.4766e-09	3.2288e-07	-3.2246e-07	-7.6913e-09	-1.552e-11	7.4152e-09	3.2274e-07	-3.2236e-07	-6.0186e-09	-7.02e-12	5.8588e-09	3.226e-07	-3.2238e-07	-3.6245e-09	-2.193e-11	3.5823e-09	3.2242e-07	-3.2234e-07	-1.4275e-10	-2.087e-11	2.7914e-10	3.2236e-07	-3.2246e-07
0.82	-1.36972e-08	-7.17e-12	1.25742e-08	3.2384e-07	-3.2262e-07	-1.34064e-08	-6.67e-12	1.24172e-08	3.2374e-07	-3.2272e-07	-1.30872e-08	-4e-12	1.21998e-08	3.2346e-07	-3.225e-07	-1.26502e-08	-1.065e-11	1.19052e-08	3.2344e-07	-3.2262e-07	-1.21062e-08	-1.93e-12	1.14529e-08	3.232e-07	-3.2246e-07	-1.13828e-08	-9.3e-12	1.0865e-08	3.23e-07	-3.2246e-07	-1.03793e-08	-1.215e-11	9.9861e-09	3.229e-07	-3.2244e-07	-9.0178e-09	-5.81e-12	8.7236e-09	3.2278e-07	-3.2252e-07	-7.0847e-09	-1.969e-11	6.8942e-09	3.2262e-07	-3.2244e-07	-4.2624e-09	-1.099e-11	4.2174e-09	3.2252e-07	-3.224e-07	-2.1713e-10	-1.233e-11	3.3302e-10	3.2234e-07	-3.2242e-07
0.815	-1.58862e-08	-4.72e-12	1.47726e-08	3.2384e-07	-3.227e-07	-1.5588e-08	-1.199e-11	1.45784e-08	3.2362e-07	-3.2264e-07	-1.51994e-08	-1.283e-11	1.43034e-08	3.2342e-07	-3.2252e-07	-1.47428e-08	-1.209e-11	1.3968e-08	3.2338e-07	-3.2254e-07	-1.41184e-08	-1.87e-11	1.34748e-08	3.2316e-07	-3.2248e-07	-1.32908e-08	-1.02e-11	1.27592e-08	3.2302e-07	-3.2246e-07	-1.21494e-08	-1.293e-11	1.17324e-08	3.231e-07	-3.2254e-07	-1.05531e-08	-2.135e-11	1.02398e-08	3.2278e-07	-3.2248e-07	-8.2639e-09	-1.317e-11	8.0796e-09	3.2264e-07	-3.2238e-07	-4.9797e-09	-2.734e-11	4.9403e-09	3.2244e-07	-3.2238e-07	-2.7242e-10	-2.736e-11	3.8968e-10	3.224e-07	-3.2246e-07
0.81	-1.84992e-08	-1.476e-11	1.73772e-08	3.2386e-07	-3.2268e-07	-1.81636e-08	-7.51e-12	1.71598e-08	3.2372e-07	-3.2262e-07	-1.77298e-08	-1.051e-11	1.68706e-08	3.2346e-07	-3.2256e-07	-1.72168e-08	-1.18e-11	1.64506e-08	3.2344e-07	-3.2264e-07	-1.65222e-08	-1.316e-11	1.5849e-08	3.2318e-07	-3.225e-07	-1.5509e-08	-1.51e-11	1.50152e-08	3.23e-07	-3.2252e-07	-1.41796e-08	-1.332e-11	1.3811e-08	3.23e-07	-3.2254e-07	-1.2331e-08	-2.037e-11	1.20572e-08	3.2272e-07	-3.2248e-07	-9.6482e-09	-2.504e-11	9.5088e-09	3.2256e-07	-3.224e-07	-5.8276e-09	-1.341e-11	5.8165e-09	3.2248e-07	-3.2242e-07	-3.1033e-10	-1.763e-11	4.5307e-10	3.2242e-07	-3.2246e-07
0.805	-2.15218e-08	-9.6e-12	2.04124e-08	3.238e-07	-3.226e-07	-2.1151e-08	-1.472e-11	2.01508e-08	3.2368e-07	-3.2262e-07	-2.06654e-08	-1.184e-11	1.97896e-08	3.2342e-07	-3.2258e-07	-2.00726e-08	-1.679e-11	1.9298e-08	3.2342e-07	-3.2256e-07	-1.92696e-08	-1.372e-11	1.86204e-08	3.232e-07	-3.2248e-07	-1.8132e-08	-1.515e-11	1.7631e-08	3.2318e-07	-3.2242e-07	-1.65862e-08	-1.763e-11	1.62258e-08	3.23e-07	-3.2256e-07	-1.44532e-08	-1.412e-11	1.41662e-08	3.2278e-07	-3.2246e-07	-1.13127e-08	-1.649e-11	1.11613e-08	3.226e-07	-3.2246e-07	-6.8532e-09	-3.102e-11	6.8187e-09	3.2248e-07	-3.2236e-07	-4.0144e-10	-3.205e-11	5.2854e-10	3.2236e-07	-3.2234e-07
0.8	-2.50872e-08	-1.493e-11	2.39794e-08	3.2382e-07	-3.2264e-07	-2.46612e-08	-1.582e-11	2.36526e-08	3.2368e-07	-3.2266e-07	-2.41308e-08	-1.951e-11	2.32476e-08	3.2346e-07	-3.2252e-07	-2.34472e-08	-1.737e-11	2.26778e-08	3.2344e-07	-3.2266e-07	-2.25264e-08	-2.34e-11	2.1889e-08	3.2316e-07	-3.2246e-07	-2.12086e-08	-1.874e-11	2.06998e-08	3.231e-07	-3.2248e-07	-1.94304e-08	-2.137e-11	1.90234e-08	3.23e-07	-3.2254e-07	-1.6936e-08	-3.006e-11	1.66342e-08	3.2274e-07	-3.2238e-07	-1.33032e-08	-2.425e-11	1.31288e-08	3.2258e-07	-3.2236e-07	-8.0459e-09	-2.078e-11	8.0296e-09	3.2242e-07	-3.224e-07	-5.1146e-10	-2.699e-11	6.2191e-10	3.2228e-07	-3.2236e-07
0.795	-2.93448e-08	-1.948e-11	2.82224e-08	3.238e-07	-3.2262e-07	-2.88444e-08	-1.614e-11	2.78612e-08	3.237e-07	-3.226e-07	-2.82486e-08	-1.51e-11	2.73758e-08	3.2344e-07	-3.2258e-07	-2.74446e-08	-1.907e-11	2.6708e-08	3.2342e-07	-3.2252e-07	-2.64126e-08	-1.446e-11	2.57494e-08	3.2318e-07	-3.225e-07	-2.48734e-08	-2.348e-11	2.43906e-08	3.2306e-07	-3.2248e-07	-2.27724e-08	-2.115e-11	2.24226e-08	3.229e-07	-3.2252e-07	-1.98724e-08	-2.298e-11	1.96004e-08	3.228e-07	-3.2244e-07	-1.56146e-08	-3.003e-11	1.54738e-08	3.2258e-07	-3.2236e-07	-9.4344e-09	-3.612e-11	9.4282e-09	3.2244e-07	-3.2234e-07	-5.9345e-10	-3.969e-11	7.221e-10	3.2226e-07	-3.224e-07
0.79	-3.42508e-08	-1.589e-11	3.31494e-08	3.2378e-07	-3.226e-07	-3.3706e-08	-2.418e-11	3.2723e-08	3.2366e-07	-3.226e-07	-3.30288e-08	-2.676e-11	3.21454e-08	3.235e-07	-3.226e-07	-3.20876e-08	-2.484e-11	3.13858e-08	3.2334e-07	-3.2254e-07	-3.08834e-08	-2.977e-11	3.02402e-08	3.2324e-07	-3.2248e-07	-2.91274e-08	-2.421e-11	2.85972e-08	3.2306e-07	-3.2244e-07	-2.66962e-08	-2.949e-11	2.63282e-08	3.2292e-07	-3.2248e-07	-2.32628e-08	-3.047e-11	2.30074e-08	3.2278e-07	-3.2248e-07	-1.83072e-08	-2.624e-11	1.8199e-08	3.226e-07	-3.2232e-07	-1.10579e-08	-2.572e-11	1.10895e-08	3.2248e-07	-3.2236e-07	-6.9503e-10	-3.323e-11	8.592e-10	3.2228e-07	-3.2236e-07
0.785	-4.01522e-08	-2.786e-11	3.90216e-08	3.238e-07	-3.2266e-07	-3.94932e-08	-1.95e-11	3.8517e-08	3.237e-07	-3.227e-07	-3.8735e-08	-2.2e-11	3.7856e-08	3.2354e-07	-3.2266e-07	-3.76922e-08	-2.464e-11	3.69286e-08	3.2338e-07	-3.2258e-07	-3.62392e-08	-2.25e-11	3.5608e-08	3.2328e-07	-3.2262e-07	-3.41968e-08	-2.901e-11	3.36908e-08	3.23e-07	-3.2252e-07	-3.1384e-08	-2.741e-11	3.09766e-08	3.23e-07	-3.2242e-07	-2.73466e-08	-3.595e-11	2.70718e-08	3.228e-07	-3.2246e-07	-2.15486e-08	-3.674e-11	2.14004e-08	3.2262e-07	-3.224e-07	-1.30866e-08	-3.95e-11	1.31034e-08	3.2246e-07	-3.2238e-07	-8.5734e-10	-4.673e-11	1.0108e-09	3.2228e-07	-3.2232e-07
0.78	-4.69476e-08	-2.146e-11	4.58374e-08	3.238e-07	-3.226e-07	-4.62428e-08	-3.057e-11	4.52594e-08	3.2368e-07	-3.2268e-07	-4.53166e-08	-2.858e-11	4.44424e-08	3.2354e-07	-3.226e-07	-4.4108e-08	-2.967e-11	4.3376e-08	3.234e-07	-3.2252e-07	-4.24604e-08	-3.029e-11	4.18118e-08	3.234e-07	-3.2266e-07	-4.0052e-08	-3.116e-11	3.95858e-08	3.2306e-07	-3.2248e-07	-3.67726e-08	-3.362e-11	3.63988e-08	3.2288e-07	-3.2236e-07	-3.20524e-08	-3.038e-11	3.17768e-08	3.2294e-07	-3.2252e-07	-2.52494e-08	-3.828e-11	2.50894e-08	3.2268e-07	-3.224e-07	-1.53146e-08	-4.717e-11	1.53422e-08	3.2252e-07	-3.2234e-07	-1.01377e-09	-4.354e-11	1.15004e-09	3.2238e-07	-3.224e-07
0.775	-5.51194e-08	-3.327e-11	5.39912e-08	3.2378e-07	-3.226e-07	-5.42248e-08	-2.897e-11	5.3297e-08	3.2364e-07	-3.2266e-07	-5.3208e-08	-3.107e-11	5.2351e-08	3.235e-07	-3.2262e-07	-5.177e-08	-3.439e-11	5.10614e-08	3.2336e-07	-3.2252e-07	-4.98496e-08	-3.58e-11	4.92204e-08	3.233e-07	-3.2256e-07	-4.71022e-08	-3.495e-11	4.65744e-08	3.2302e-07	-3.2242e-07	-4.32092e-08	-3.788e-11	4.28546e-08	3.2294e-07	-3.2246e-07	-3.76766e-08	-4.754e-11	3.74372e-08	3.2288e-07	-3.2254e-07	-2.96742e-08	-4.11e-11	2.95532e-08	3.2256e-07	-3.224e-07	-1.8079e-08	-4.056e-11	1.80968e-08	3.2248e-07	-3.224e-07	-1.2947e-09	-4.897e-11	1.3732e-09	3.2228e-07	-3.2232e-07
0.77	-6.4475e-08	-3.244e-11	6.33558e-08	3.2382e-07	-3.227e-07	-6.35246e-08	-3.359e-11	6.2534e-08	3.237e-07	-3.2266e-07	-6.23536e-08	-3.303e-11	6.14414e-08	3.2344e-07	-3.2256e-07	-6.06922e-08	-3.494e-11	5.99508e-08	3.234e-07	-3.2252e-07	-5.8419e-08	-3.047e-11	5.7807e-08	3.2322e-07	-3.2252e-07	-5.51912e-08	-4.014e-11	5.47006e-08	3.2314e-07	-3.2254e-07	-5.06668e-08	-3.791e-11	5.02888e-08	3.2286e-07	-3.224e-07	-4.41938e-08	-3.84e-11	4.39296e-08	3.2284e-07	-3.225e-07	-3.48458e-08	-5.082e-11	3.46612e-08	3.226e-07	-3.2232e-07	-2.11776e-08	-5.466e-11	2.12756e-08	3.225e-07	-3.2236e-07	-1.4568e-09	-5.299e-11	1.6226e-09	3.2216e-07	-3.223e-07
0.765	-7.57256e-08	-3.31e-11	7.46372e-08	3.2382e-07	-3.2266e-07	-7.46516e-08	-4.194e-11	7.36414e-08	3.2374e-07	-3.2272e-07	-7.32326e-08	-4.061e-11	7.23936e-08	3.2344e-07	-3.2266e-07	-7.12928e-08	-4.272e-11	7.06384e-08	3.2334e-07	-3.2248e-07	-6.88038e-08	-4.884e-11	6.80388e-08	3.233e-07	-3.2254e-07	-6.48624e-08	-4.234e-11	6.44126e-08	3.2302e-07	-3.2248e-07	-5.96074e-08	-4.913e-11	5.9251e-08	3.2284e-07	-3.224e-07	-5.19548e-08	-5.255e-11	5.17216e-08	3.2284e-07	-3.2254e-07	-4.09646e-08	-5.036e-11	4.0792e-08	3.2264e-07	-3.2238e-07	-2.50024e-08	-5.238e-11	2.49818e-08	3.2248e-07	-3.224e-07	-1.7514e-09	-6.339e-11	1.9116e-09	3.2226e-07	-3.2234e-07
0.76	-8.88116e-08	-4.724e-11	8.7755e-08	3.2378e-07	-3.2264e-07	-8.75046e-08	-3.716e-11	8.6596e-08	3.237e-07	-3.2266e-07	-8.58942e-08	-4.206e-11	8.4996e-08	3.2354e-07	-3.2252e-07	-8.36862e-08	-4.164e-11	8.30208e-08	3.2336e-07	-3.225e-07	-8.05452e-08	-4.055e-11	7.99996e-08	3.2328e-07	-3.2254e-07	-7.61864e-08	-4.924e-11	7.56576e-08	3.2302e-07	-3.2244e-07	-6.99054e-08	-4.558e-11	6.95732e-08	3.229e-07	-3.2244e-07	-6.09988e-08	-5.404e-11	6.0791e-08	3.2282e-07	-3.2248e-07	-4.80908e-08	-5.882e-11	4.80054e-08	3.2256e-07	-3.224e-07	-2.93302e-08	-5.91e-11	2.94022e-08	3.2242e-07	-3.224e-07	-2.0626e-09	-6.775e-11	2.2231e-09	3.223e-07	-3.224e-07
0.755	-1.04364e-07	-3.997e-11	1.033024e-07	3.2384e-07	-3.2264e-07	-1.02881e-07	-5.121e-11	1.019412e-07	3.2368e-07	-3.226e-07	-1.009758e-07	-4.725e-11	1.000912e-07	3.2348e-07	-3.2254e-07	-9.84516e-08	-4.934e-11	9.7745e-08	3.2334e-07	-3.225e-07	-9.47756e-08	-5.671e-11	9.41496e-08	3.2336e-07	-3.2256e-07	-8.95866e-08	-5.227e-11	8.91136e-08	3.2302e-07	-3.225e-07	-8.23102e-08	-5.619e-11	8.18494e-08	3.229e-07	-3.2246e-07	-7.18402e-08	-5.75e-11	7.15674e-08	3.2284e-07	-3.2244e-07	-5.66546e-08	-6.592e-11	5.6478e-08	3.2258e-07	-3.2242e-07	-3.4597e-08	-7.106e-11	3.46594e-08	3.2254e-07	-3.2244e-07	-2.395e-09	-7.494e-11	2.63e-09	3.2232e-07	-3.2236e-07
0.75	-1.225e-07	-5.583e-11	1.214e-07	3.2378e-07	-3.226e-07	-1.2068e-07	-4.766e-11	1.197e-07	3.2366e-07	-3.2264e-07	-1.183e-07	-5.431e-11	1.1774e-07	3.2348e-07	-3.2258e-07	-1.154756e-07	-5.394e-11	1.147918e-07	3.2332e-07	-3.2256e-07	-1.112604e-07	-5.458e-11	1.10548e-07	3.233e-07	-3.2258e-07	-1.05161e-07	-5.599e-11	1.046808e-07	3.2306e-07	-3.2248e-07	-9.65816e-08	-6.03e-11	9.62464e-08	3.2284e-07	-3.224e-07	-8.42942e-08	-7.138e-11	8.41056e-08	3.2284e-07	-3.2246e-07	-6.65298e-08	-6.786e-11	6.63646e-08	3.227e-07	-3.224e-07	-4.07628e-08	-6.894e-11	4.06708e-08	3.2248e-07	-3.2234e-07	-2.8632e-09	-8.086e-11	3.0789e-09	3.2236e-07	-3.2238e-07
0.745	-1.4398e-07	-4.838e-11	1.4298e-07	3.2384e-07	-3.2268e-07	-1.4204e-07	-5.793e-11	1.4104e-07	3.2368e-07	-3.2256e-07	-1.3918e-07	-5.697e-11	1.3862e-07	3.2344e-07	-3.2254e-07	-1.3592e-07	-5.699e-11	1.3528e-07	3.2344e-07	-3.2264e-07	-1.3104e-07	-5.931e-11	1.3036e-07	3.2324e-07	-3.2252e-07	-1.2378e-07	-6.478e-11	1.2312e-07	3.23e-07	-3.2252e-07	-1.137196e-07	-6.374e-11	1.133164e-07	3.2286e-07	-3.2246e-07	-9.92414e-08	-6.495e-11	9.90422e-08	3.2276e-07	-3.2242e-07	-7.82886e-08	-8.07e-11	7.81614e-08	3.2264e-07	-3.224e-07	-4.79356e-08	-8.435e-11	4.7933e-08	3.2254e-07	-3.2242e-07	-3.3945e-09	-8.618e-11	3.6014e-09	3.2234e-07	-3.2238e-07
0.74	-1.6912e-07	-6.526e-11	1.679e-07	3.238e-07	-3.2262e-07	-1.6678e-07	-5.831e-11	1.6574e-07	3.2378e-07	-3.227e-07	-1.6372e-07	-6.328e-11	1.6282e-07	3.2348e-07	-3.2258e-07	-1.5966e-07	-6.475e-11	1.5898e-07	3.2332e-07	-3.225e-07	-1.5374e-07	-6.939e-11	1.5324e-07	3.2324e-07	-3.2248e-07	-1.4544e-07	-6.794e-11	1.4488e-07	3.2302e-07	-3.2242e-07	-1.3352e-07	-7.764e-11	1.3336e-07	3.229e-07	-3.2252e-07	-1.1656e-07	-8.329e-11	1.1638e-07	3.2278e-07	-3.2246e-07	-9.18296e-08	-8.231e-11	9.17008e-08	3.2264e-07	-3.2242e-07	-5.62226e-08	-8.727e-11	5.63706e-08	3.2248e-07	-3.224e-07	-4.0493e-09	-1.0039e-10	4.2364e-09	3.2228e-07	-3.2232e-07
0.735	-1.9904e-07	-5.968e-11	1.979e-07	3.2382e-07	-3.2264e-07	-1.9634e-07	-7.115e-11	1.9512e-07	3.2368e-07	-3.2266e-07	-1.9268e-07	-6.736e-11	1.9162e-07	3.2348e-07	-3.2254e-07	-1.8726e-07	-7.044e-11	1.8714e-07	3.2338e-07	-3.2258e-07	-1.8068e-07	-7.395e-11	1.8026e-07	3.2316e-07	-3.2248e-07	-1.712e-07	-7.794e-11	1.707e-07	3.231e-07	-3.2248e-07	-1.5744e-07	-7.642e-11	1.5674e-07	3.2298e-07	-3.2246e-07	-1.3724e-07	-7.801e-11	1.371e-07	3.2274e-07	-3.2244e-07	-1.079702e-07	-9.338e-11	1.082478e-07	3.2266e-07	-3.2248e-07	-6.61318e-08	-9.455e-11	6.60126e-08	3.2242e-07	-3.2236e-07	-4.7053e-09	-1.0184e-10	4.9607e-09	3.2224e-07	-3.2242e-07
0.73	-2.3346e-07	-7.614e-11	2.3266e-07	3.2386e-07	-3.2266e-07	-2.3046e-07	-6.985e-11	2.2954e-07	3.2366e-07	-3.2266e-07	-2.2608e-07	-7.781e-11	2.2532e-07	3.2344e-07	-3.2248e-07	-2.205e-07	-7.793e-11	2.1976e-07	3.2334e-07	-3.2254e-07	-2.126e-07	-8e-11	2.1192e-07	3.2324e-07	-3.2246e-07	-2.0106e-07	-8.209e-11	2.0068e-07	3.2306e-07	-3.2248e-07	-1.8482e-07	-9.186e-11	1.8444e-07	3.2296e-07	-3.2252e-07	-1.612e-07	-9.938e-11	1.6086e-07	3.2282e-07	-3.2244e-07	-1.2688e-07	-1.0163e-10	1.2702e-07	3.2262e-07	-3.2238e-07	-7.75106e-08	-1.1137e-10	7.7537e-08	3.224e-07	-3.2232e-07	-5.5536e-09	-1.1847e-10	5.804e-09	3.2234e-07	-3.2242e-07
0.725	-2.7502e-07	-7.523e-11	2.7408e-07	3.2388e-07	-3.2272e-07	-2.7114e-07	-8.456e-11	2.705e-07	3.237e-07	-3.2262e-07	-2.6618e-07	-8.266e-11	2.6596e-07	3.2342e-07	-3.226e-07	-2.595e-07	-8.453e-11	2.589e-07	3.2336e-07	-3.2252e-07	-2.5034e-07	-9.012e-11	2.4956e-07	3.233e-07	-3.226e-07	-2.3658e-07	-9.383e-11	2.3636e-07	3.2306e-07	-3.225e-07	-2.1746e-07	-9.042e-11	2.167e-07	3.2296e-07	-3.2252e-07	-1.8976e-07	-9.347e-11	1.8962e-07	3.2274e-07	-3.2242e-07	-1.4938e-07	-1.0648e-10	1.4962e-07	3.2256e-07	-3.2242e-07	-9.13374e-08	-1.0959e-10	9.14006e-08	3.2248e-07	-3.2232e-07	-6.5926e-09	-1.2054e-10	6.8341e-09	3.2234e-07	-3.2242e-07
0.72	-3.232e-07	-9.068e-11	3.2218e-07	3.2386e-07	-3.2276e-07	-3.185e-07	-8.292e-11	3.1792e-07	3.2372e-07	-3.2262e-07	-3.1312e-07	-9.311e-11	3.1208e-07	3.2346e-07	-3.2248e-07	-3.0452e-07	-9.327e-11	3.0374e-07	3.2338e-07	-3.2252e-07	-2.94e-07	-9.288e-11	2.9278e-07	3.2326e-07	-3.225e-07	-2.7758e-07	-9.712e-11	2.777e-07	3.2306e-07	-3.2248e-07	-2.5562e-07	-1.0696e-10	2.5524e-07	3.2294e-07	-3.2248e-07	-2.2318e-07	-1.1545e-10	2.2292e-07	3.2276e-07	-3.224e-07	-1.7594e-07	-1.1742e-10	1.7584e-07	3.226e-07	-3.2236e-07	-1.0733e-07	-1.3024e-10	1.074892e-07	3.2252e-07	-3.2248e-07	-7.6989e-09	-1.4061e-10	7.9429e-09	3.2232e-07	-3.2236e-07
0.715	-3.802e-07	-9.027e-11	3.7934e-07	3.2384e-07	-3.2268e-07	-3.7552e-07	-1.0112e-10	3.744e-07	3.2364e-07	-3.2266e-07	-3.6886e-07	-9.433e-11	3.679e-07	3.2344e-07	-3.2246e-07	-3.591e-07	-1.0043e-10	3.583e-07	3.2338e-07	-3.2256e-07	-3.4604e-07	-1.0544e-10	3.4532e-07	3.2324e-07	-3.2248e-07	-3.2758e-07	-1.1015e-10	3.2722e-07	3.23e-07	-3.224e-07	-3.0092e-07	-1.0829e-10	3.0052e-07	3.23e-07	-3.2246e-07	-2.6248e-07	-1.1262e-10	2.624e-07	3.2274e-07	-3.2236e-07	-2.0688e-07	-1.2608e-10	2.067e-07	3.2268e-07	-3.2246e-07	-1.2624e-07	-1.3361e-10	1.2648e-07	3.2242e-07	-3.2236e-07	-8.9892e-09	-1.3869e-10	9.2947e-09	3.2226e-07	-3.2236e-07
0.71	-4.4724e-07	-1.0725e-10	4.4626e-07	3.2378e-07	-3.2262e-07	-4.4062e-07	-1.0021e-10	4.4004e-07	3.2364e-07	-3.2264e-07	-4.3282e-07	-1.0791e-10	4.3254e-07	3.234e-07	-3.2252e-07	-4.2184e-07	-1.0904e-10	4.2154e-07	3.2332e-07	-3.2256e-07	-4.0674e-07	-1.0825e-10	4.0606e-07	3.2322e-07	-3.2248e-07	-3.8494e-07	-1.1465e-10	3.843e-07	3.2304e-07	-3.2246e-07	-3.5328e-07	-1.2448e-10	3.531e-07	3.2292e-07	-3.2246e-07	-3.085e-07	-1.3354e-10	3.0856e-07	3.2276e-07	-3.2244e-07	-2.4278e-07	-1.3383e-10	2.4276e-07	3.226e-07	-3.224e-07	-1.4858e-07	-1.4896e-10	1.4902e-07	3.2252e-07	-3.224e-07	-1.04792e-08	-1.6288e-10	1.08297e-08	3.2228e-07	-3.2228e-07
0.705	-5.2708e-07	-1.0475e-10	5.2638e-07	3.2376e-07	-3.2258e-07	-5.197e-07	-1.1734e-10	5.1862e-07	3.2366e-07	-3.2262e-07	-5.1006e-07	-1.1201e-10	5.0986e-07	3.2334e-07	-3.225e-07	-4.9714e-07	-1.1892e-10	4.9574e-07	3.233e-07	-3.225e-07	-4.7856e-07	-1.2647e-10	4.7842e-07	3.231e-07	-3.2248e-07	-4.5212e-07	-1.2674e-10	4.5232e-07	3.2302e-07	-3.2252e-07	-4.162e-07	-1.2969e-10	4.1616e-07	3.2284e-07	-3.2244e-07	-3.6312e-07	-1.3359e-10	3.6316e-07	3.2298e-07	-3.2258e-07	-2.8698e-07	-1.4618e-10	2.8658e-07	3.2266e-07	-3.2244e-07	-1.7528e-07	-1.5165e-10	1.7572e-07	3.2248e-07	-3.2242e-07	-1.33628e-08	-1.7368e-10	1.35022e-08	3.2228e-07	-3.224e-07
0.7	-6.1918e-07	-1.2192e-10	6.1822e-07	3.238e-07	-3.2258e-07	-6.105e-07	-1.2032e-10	6.0948e-07	3.2366e-07	-3.2266e-07	-5.993e-07	-1.2565e-10	5.9918e-07	3.2334e-07	-3.2244e-07	-5.8406e-07	-1.2566e-10	5.832e-07	3.2336e-07	-3.2252e-07	-5.6298e-07	-1.2823e-10	5.6166e-07	3.2314e-07	-3.2248e-07	-5.3274e-07	-1.3707e-10	5.3182e-07	3.2312e-07	-3.2248e-07	-4.8946e-07	-1.4234e-10	4.8886e-07	3.2284e-07	-3.2238e-07	-4.2652e-07	-1.5509e-10	4.2692e-07	3.2282e-07	-3.2248e-07	-3.3734e-07	-1.5671e-10	3.3688e-07	3.2258e-07	-3.224e-07	-2.0628e-07	-1.7381e-10	2.0602e-07	3.2248e-07	-3.224e-07	-1.57542e-08	-1.7578e-10	1.60384e-08	3.2228e-07	-3.2236e-07
0.695	-7.295e-07	-1.2674e-10	7.2806e-07	3.2382e-07	-3.227e-07	-7.1836e-07	-1.3477e-10	7.176e-07	3.2366e-07	-3.2268e-07	-7.0704e-07	-1.3374e-10	7.0612e-07	3.2334e-07	-3.2248e-07	-6.8788e-07	-1.4126e-10	6.8698e-07	3.2326e-07	-3.2244e-07	-6.6282e-07	-1.4698e-10	6.6342e-07	3.2318e-07	-3.2248e-07	-6.2772e-07	-1.4524e-10	6.2706e-07	3.2318e-07	-3.226e-07	-5.761e-07	-1.5407e-10	5.7626e-07	3.2288e-07	-3.2246e-07	-5.0326e-07	-1.5681e-10	5.0258e-07	3.2284e-07	-3.225e-07	-3.9686e-07	-1.708e-10	3.9586e-07	3.2262e-07	-3.2238e-07	-2.428e-07	-1.7667e-10	2.429e-07	3.2248e-07	-3.224e-07	-1.84518e-08	-1.9839e-10	1.89216e-08	3.2232e-07	-3.224e-07
0.69	-8.5708e-07	-1.4061e-10	8.5636e-07	3.2384e-07	-3.2264e-07	-8.4528e-07	-1.3761e-10	8.4444e-07	3.2374e-07	-3.2264e-07	-8.2914e-07	-1.4584e-10	8.2968e-07	3.2348e-07	-3.2258e-07	-8.08e-07	-1.4582e-10	8.0772e-07	3.2328e-07	-3.2248e-07	-7.7908e-07	-1.4994e-10	7.7852e-07	3.232e-07	-3.225e-07	-7.3714e-07	-1.6206e-10	7.3528e-07	3.2312e-07	-3.2254e-07	-6.7716e-07	-1.6229e-10	6.77e-07	3.229e-07	-3.2246e-07	-5.9076e-07	-1.7924e-10	5.907e-07	3.2284e-07	-3.2248e-07	-4.663e-07	-1.8405e-10	4.6622e-07	3.2262e-07	-3.2238e-07	-2.8474e-07	-2.0107e-10	2.8472e-07	3.2248e-07	-3.2236e-07	-2.17022e-08	-2.0996e-10	2.14818e-08	3.2234e-07	-3.2236e-07
0.685	-1.00678e-06	-1.5162e-10	1.0059e-06	3.2378e-07	-3.2262e-07	-9.9404e-07	-1.5455e-10	9.9282e-07	3.2372e-07	-3.2266e-07	-9.7496e-07	-1.5726e-10	9.7418e-07	3.2344e-07	-3.2248e-07	-9.4994e-07	-1.6466e-10	9.4902e-07	3.2324e-07	-3.2248e-07	-9.1552e-07	-1.6856e-10	9.1514e-07	3.2316e-07	-3.2246e-07	-8.6674e-07	-1.6752e-10	8.6632e-07	3.2308e-07	-3.2252e-07	-7.966e-07	-1.8096e-10	7.9532e-07	3.2298e-07	-3.2242e-07	-6.9424e-07	-1.7915e-10	6.9382e-07	3.2284e-07	-3.2252e-07	-5.48e-07	-1.9548e-10	5.4852e-07	3.2258e-07	-3.224e-07	-3.3498e-07	-2.0339e-10	3.3608e-07	3.2254e-07	-3.2236e-07	-2.53234e-08	-2.1926e-10	2.55878e-08	3.2232e-07	-3.2232e-07
0.68	-1.1829e-06	-1.5868e-10	1.1831e-06	3.2382e-07	-3.2264e-07	-1.1675e-06	-1.6467e-10	1.1665e-06	3.2368e-07	-3.226e-07	-1.14972e-06	-1.6782e-10	1.14898e-06	3.236e-07	-3.2258e-07	-1.11836e-06	-1.6485e-10	1.11894e-06	3.2342e-07	-3.2252e-07	-1.0778e-06	-1.7372e-10	1.07748e-06	3.232e-07	-3.2252e-07	-1.01998e-06	-1.8586e-10	1.02004e-06	3.2312e-07	-3.2258e-07	-9.3784e-07	-1.8571e-10	9.3622e-07	3.229e-07	-3.2248e-07	-8.1796e-07	-2.0501e-10	8.1678e-07	3.2284e-07	-3.2248e-07	-6.4594e-07	-2.106e-10	6.4568e-07	3.2264e-07	-3.2238e-07	-3.9376e-07	-2.2894e-10	3.9544e-07	3.2252e-07	-3.2234e-07	-2.98084e-08	-2.4583e-10	3.03e-08	3.2228e-07	-3.2234e-07
0.675	-1.3882e-06	-1.7045e-10	1.3911e-06	3.2388e-07	-3.226e-07	-1.3702e-06	-1.8098e-10	1.3721e-06	3.2366e-07	-3.2256e-07	-1.3474e-06	-1.7863e-10	1.348e-06	3.2354e-07	-3.2258e-07	-1.311e-06	-1.8255e-10	1.3128e-06	3.2332e-07	-3.2256e-07	-1.2644e-06	-1.9229e-10	1.2654e-06	3.232e-07	-3.2248e-07	-1.1958e-06	-1.9464e-10	1.1969e-06	3.2302e-07	-3.2244e-07	-1.10156e-06	-2.0773e-10	1.10178e-06	3.2288e-07	-3.2242e-07	-9.6124e-07	-2.1073e-10	9.5988e-07	3.2284e-07	-3.2248e-07	-7.5828e-07	-2.2226e-10	7.5894e-07	3.2264e-07	-3.2242e-07	-4.6308e-07	-2.3163e-10	4.6546e-07	3.2256e-07	-3.2244e-07	-3.52294e-08	-2.4838e-10	3.59392e-08	3.223e-07	-3.2236e-07
0.67	-1.6375e-06	-1.8792e-10	1.6393e-06	3.2382e-07	-3.226e-07	-1.6158e-06	-1.8483e-10	1.6168e-06	3.2362e-07	-3.2258e-07	-1.5883e-06	-1.9258e-10	1.5879e-06	3.2344e-07	-3.2256e-07	-1.545e-06	-1.9084e-10	1.5466e-06	3.2334e-07	-3.2256e-07	-1.4887e-06	-1.9929e-10	1.4899e-06	3.2318e-07	-3.2248e-07	-1.4086e-06	-2.1368e-10	1.4095e-06	3.2308e-07	-3.2246e-07	-1.2949e-06	-2.1628e-10	1.2944e-06	3.2288e-07	-3.2242e-07	-1.1324e-06	-2.3199e-10	1.13314e-06	3.2282e-07	-3.2252e-07	-8.9196e-07	-2.4185e-10	8.9378e-07	3.2256e-07	-3.2236e-07	-5.4682e-07	-2.6075e-10	5.4632e-07	3.225e-07	-3.2242e-07	-4.14636e-08	-2.7553e-10	4.263e-08	3.2234e-07	-3.224e-07
0.665	-1.9255e-06	-1.9645e-10	1.9264e-06	3.2374e-07	-3.226e-07	-1.9009e-06	-2.0735e-10	1.9019e-06	3.2366e-07	-3.2266e-07	-1.8675e-06	-2.0589e-10	1.8649e-06	3.2354e-07	-3.226e-07	-1.8143e-06	-2.1928e-10	1.8176e-06	3.2332e-07	-3.226e-07	-1.7486e-06	-2.203e-10	1.7527e-06	3.2324e-07	-3.2254e-07	-1.6552e-06	-2.2168e-10	1.6573e-06	3.2302e-07	-3.2244e-07	-1.521e-06	-2.379e-10	1.5211e-06	3.2294e-07	-3.2242e-07	-1.3264e-06	-2.467e-10	1.327e-06	3.2282e-07	-3.2244e-07	-1.0515e-06	-2.5608e-10	1.05106e-06	3.226e-07	-3.2242e-07	-6.4102e-07	-2.6387e-10	6.4062e-07	3.2246e-07	-3.2236e-07	-4.95344e-08	-2.862e-10	4.95742e-08	3.224e-07	-3.2242e-07
0.66	-2.2692e-06	-2.1467e-10	2.2693e-06	3.2382e-07	-3.2266e-07	-2.2406e-06	-2.1197e-10	2.241e-06	3.2366e-07	-3.2266e-07	-2.1953e-06	-2.2151e-10	2.2003e-06	3.235e-07	-3.2266e-07	-2.1402e-06	-2.2014e-10	2.1426e-06	3.2336e-07	-3.2258e-07	-2.0614e-06	-2.3054e-10	2.0619e-06	3.2324e-07	-3.2252e-07	-1.9505e-06	-2.4402e-10	1.953e-06	3.2308e-07	-3.2242e-07	-1.7926e-06	-2.4405e-10	1.7923e-06	3.229e-07	-3.2248e-07	-1.5629e-06	-2.6282e-10	1.5627e-06	3.228e-07	-3.2244e-07	-1.2331e-06	-2.7143e-10	1.2347e-06	3.2258e-07	-3.2236e-07	-7.5428e-07	-2.9548e-10	7.5518e-07	3.2242e-07	-3.224e-07	-5.81014e-08	-3.0234e-10	5.89378e-08	3.2234e-07	-3.2242e-07
0.655	-2.6694e-06	-2.2367e-10	2.6687e-06	3.2384e-07	-3.2264e-07	-2.6318e-06	-2.3557e-10	2.631e-06	3.2372e-07	-3.2264e-07	-2.5854e-06	-2.3493e-10	2.583e-06	3.235e-07	-3.2256e-07	-2.5166e-06	-2.465e-10	2.5172e-06	3.2336e-07	-3.2254e-07	-2.4227e-06	-2.4962e-10	2.4249e-06	3.232e-07	-3.2248e-07	-2.294e-06	-2.523e-10	2.2951e-06	3.2304e-07	-3.2242e-07	-2.1064e-06	-2.6817e-10	2.1097e-06	3.2292e-07	-3.2244e-07	-1.8359e-06	-2.7131e-10	1.8376e-06	3.2288e-07	-3.2254e-07	-1.4462e-06	-2.8639e-10	1.4536e-06	3.226e-07	-3.2238e-07	-8.8552e-07	-3.0113e-10	8.8672e-07	3.2254e-07	-3.2242e-07	-6.7692e-08	-3.2851e-10	6.87028e-08	3.2236e-07	-3.2244e-07
0.65	-3.146e-06	-2.4494e-10	3.1469e-06	3.238e-07	-3.226e-07	-3.1072e-06	-2.4076e-10	3.1072e-06	3.2364e-07	-3.226e-07	-3.0484e-06	-2.5158e-10	3.0486e-06	3.2354e-07	-3.2264e-07	-2.9658e-06	-2.5007e-10	2.9667e-06	3.2334e-07	-3.2252e-07	-2.8581e-06	-2.605e-10	2.8573e-06	3.232e-07	-3.2248e-07	-2.7024e-06	-2.7721e-10	2.7061e-06	3.2298e-07	-3.2238e-07	-2.4834e-06	-2.7681e-10	2.4846e-06	3.2294e-07	-3.2248e-07	-2.1657e-06	-2.9585e-10	2.1641e-06	3.2282e-07	-3.2252e-07	-1.7069e-06	-3.1099e-10	1.7076e-06	3.227e-07	-3.2242e-07	-1.04438e-06	-3.2981e-10	1.0429e-06	3.2246e-07	-3.2242e-07	-7.94754e-08	-3.3881e-10	8.13616e-08	3.224e-07	-3.2248e-07
0.645	-3.6967e-06	-2.5149e-10	3.6985e-06	3.2374e-07	-3.2264e-07	-3.6554e-06	-2.6532e-10	3.6539e-06	3.2364e-07	-3.2248e-07	-3.5783e-06	-2.662e-10	3.5835e-06	3.2354e-07	-3.2266e-07	-3.4864e-06	-2.7918e-10	3.4863e-06	3.2332e-07	-3.2254e-07	-3.3592e-06	-2.8245e-10	3.3595e-06	3.2314e-07	-3.2258e-07	-3.1754e-06	-2.8413e-10	3.1788e-06	3.23e-07	-3.224e-07	-2.9183e-06	-3.0145e-10	2.9195e-06	3.229e-07	-3.2246e-07	-2.5429e-06	-3.0726e-10	2.5463e-06	3.2288e-07	-3.225e-07	-2.0041e-06	-3.2265e-10	2.0082e-06	3.2264e-07	-3.2238e-07	-1.2202e-06	-3.4799e-10	1.2229e-06	3.2246e-07	-3.2236e-07	-9.3953e-08	-3.6839e-10	9.42766e-08	3.2238e-07	-3.2242e-07
0.64	-4.3572e-06	-2.7299e-10	4.3605e-06	3.2384e-07	-3.2264e-07	-4.3074e-06	-2.7141e-10	4.307e-06	3.2354e-07	-3.2252e-07	-4.2208e-06	-2.8224e-10	4.2229e-06	3.235e-07	-3.2264e-07	-4.1114e-06	-2.8268e-10	4.1102e-06	3.2334e-07	-3.2252e-07	-3.9591e-06	-2.9313e-10	3.9598e-06	3.2318e-07	-3.2252e-07	-3.7411e-06	-3.1134e-10	3.7453e-06	3.2306e-07	-3.225e-07	-3.4372e-06	-3.1191e-10	3.4372e-06	3.23e-07	-3.2254e-07	-2.9932e-06	-3.3388e-10	2.997e-06	3.2284e-07	-3.2252e-07	-2.36e-06	-3.4993e-10	2.3656e-06	3.2264e-07	-3.2242e-07	-1.4356e-06	-3.6853e-10	1.4417e-06	3.2248e-07	-3.2234e-07	-1.10088e-07	-3.8258e-10	1.113794e-07	3.2238e-07	-3.2242e-07
0.635	-5.1261e-06	-2.8389e-10	5.1292e-06	3.2368e-07	-3.226e-07	-5.0567e-06	-3.0032e-10	5.0598e-06	3.235e-07	-3.2254e-07	-4.9589e-06	-2.9955e-10	4.9569e-06	3.235e-07	-3.226e-07	-4.8237e-06	-3.1105e-10	4.8296e-06	3.2332e-07	-3.2248e-07	-4.6578e-06	-3.1653e-10	4.6561e-06	3.232e-07	-3.2254e-07	-4.4e-06	-3.1657e-10	4.3994e-06	3.2302e-07	-3.2242e-07	-4.0386e-06	-3.3655e-10	4.0374e-06	3.2294e-07	-3.2246e-07	-3.5141e-06	-3.4643e-10	3.5212e-06	3.2278e-07	-3.2246e-07	-2.7705e-06	-3.5898e-10	2.7768e-06	3.2266e-07	-3.224e-07	-1.6883e-06	-3.7872e-10	1.6905e-06	3.2252e-07	-3.2238e-07	-1.172426e-07	-4.0499e-10	1.2374e-07	3.2242e-07	-3.2244e-07
0.63	-6.0371e-06	-3.0603e-10	6.0406e-06	3.2374e-07	-3.226e-07	-5.9465e-06	-3.0268e-10	5.9499e-06	3.236e-07	-3.2254e-07	-5.8424e-06	-3.143e-10	5.8387e-06	3.2356e-07	-3.226e-07	-5.6868e-06	-3.1769e-10	5.6851e-06	3.2338e-07	-3.2254e-07	-5.4818e-06	-3.3116e-10	5.4742e-06	3.2324e-07	-3.2254e-07	-5.1745e-06	-3.4659e-10	5.1834e-06	3.2306e-07	-3.2246e-07	-4.7555e-06	-3.4891e-10	4.7589e-06	3.2292e-07	-3.2248e-07	-4.146e-06	-3.7217e-10	4.1467e-06	3.2282e-07	-3.224e-07	-3.2601e-06	-3.8913e-10	3.2597e-06	3.226e-07	-3.2242e-07	-1.9858e-06	-4.0885e-10	1.9894e-06	3.2258e-07	-3.2248e-07	-1.5262e-07	-4.3298e-10	1.5152e-07	3.2236e-07	-3.2246e-07
0.625	-7.0986e-06	-3.1886e-10	7.102e-06	3.238e-07	-3.226e-07	-7.0028e-06	-3.3381e-10	7.0004e-06	3.235e-07	-3.225e-07	-6.8624e-06	-3.3289e-10	6.8579e-06	3.2354e-07	-3.226e-07	-6.6829e-06	-3.4755e-10	6.6845e-06	3.2334e-07	-3.2254e-07	-6.4396e-06	-3.5108e-10	6.4396e-06	3.232e-07	-3.2256e-07	-6.0804e-06	-3.5573e-10	6.0951e-06	3.2306e-07	-3.2248e-07	-5.5907e-06	-3.762e-10	5.5875e-06	3.2302e-07	-3.2246e-07	-4.8738e-06	-3.851e-10	4.8665e-06	3.2284e-07	-3.2242e-07	-3.8342e-06	-4.017e-10	3.8307e-06	3.2264e-07	-3.2244e-07	-2.3342e-06	-4.2511e-10	2.3335e-06	3.2254e-07	-3.2252e-07	-1.8018e-07	-4.5017e-10	1.8078e-07	3.2226e-07	-3.2234e-07
0.62	-8.3573e-06	-3.4531e-10	8.3644e-06	3.238e-07	-3.2258e-07	-8.2599e-06	-3.4108e-10	8.2532e-06	3.2358e-07	-3.2252e-07	-8.08e-06	-3.5319e-10	8.0866e-06	3.2354e-07	-3.2256e-07	-7.8679e-06	-3.5402e-10	7.8777e-06	3.2342e-07	-3.2258e-07	-7.5866e-06	-3.684e-10	7.5862e-06	3.2322e-07	-3.2252e-07	-7.1647e-06	-3.8406e-10	7.1727e-06	3.2302e-07	-3.2246e-07	-6.5832e-06	-3.9073e-10	6.5853e-06	3.23e-07	-3.224e-07	-5.7336e-06	-4.0941e-10	5.7408e-06	3.2282e-07	-3.224e-07	-4.5191e-06	-4.3257e-10	4.5226e-06	3.2258e-07	-3.2238e-07	-2.7451e-06	-4.5284e-10	2.7451e-06	3.2258e-07	-3.225e-07	-2.0836e-07	-4.7927e-10	2.1114e-07	3.2236e-07	-3.2242e-07
0.615	-9.8174e-06	-3.544e-10	9.8255e-06	3.2384e-07	-3.2264e-07	-9.6801e-06	-3.7282e-10	9.7026e-06	3.2344e-07	-3.2246e-07	-9.5057e-06	-3.7148e-10	9.5078e-06	3.235e-07	-3.2262e-07	-9.2534e-06	-3.83e-10	9.2489e-06	3.2338e-07	-3.226e-07	-8.9079e-06	-3.9088e-10	8.9129e-06	3.2314e-07	-3.224e-07	-8.4176e-06	-3.9663e-10	8.421e-06	3.2304e-07	-3.2244e-07	-7.7192e-06	-4.1475e-10	7.7306e-06	3.2294e-07	-3.2246e-07	-6.7254e-06	-4.2978e-10	6.7323e-06	3.2278e-07	-3.2242e-07	-5.3009e-06	-4.4709e-10	5.3071e-06	3.226e-07	-3.224e-07	-3.2269e-06	-4.6929e-10	3.2304e-06	3.225e-07	-3.2246e-07	-2.427e-07	-4.9588e-10	2.4534e-07	3.2234e-07	-3.2242e-07
0.61	-1.1586e-05	-3.7316e-10	1.1572e-05	3.2386e-07	-3.227e-07	-1.14297e-05	-3.7664e-10	1.1426e-05	3.2346e-07	-3.2248e-07	-1.1189e-05	-3.9072e-10	1.1193e-05	3.2354e-07	-3.2256e-07	-1.08985e-05	-3.9824e-10	1.08946e-05	3.2328e-07	-3.225e-07	-1.04962e-05	-4.0715e-10	1.04863e-05	3.2314e-07	-3.2242e-07	-9.9049e-06	-4.2638e-10	9.9132e-06	3.23e-07	-3.224e-07	-9.0974e-06	-4.3345e-10	9.1056e-06	3.2296e-07	-3.2238e-07	-7.9121e-06	-4.526e-10	7.9316e-06	3.228e-07	-3.2248e-07	-6.2324e-06	-4.7383e-10	6.2435e-06	3.2258e-07	-3.2242e-07	-3.7946e-06	-5.0064e-10	3.8077e-06	3.2254e-07	-3.224e-07	-2.8964e-07	-5.2885e-10	2.8866e-07	3.2226e-07	-3.224e-07
0.605	-1.358e-05	-3.955e-10	1.359e-05	3.2392e-07	-3.2274e-07	-1.3414e-05	-3.9652e-10	1.3424e-05	3.2356e-07	-3.2258e-07	-1.314e-05	-4.0881e-10	1.3136e-05	3.235e-07	-3.2264e-07	-1.2798e-05	-4.1344e-10	1.2794e-05	3.2336e-07	-3.2254e-07	-1.2326e-05	-4.3044e-10	1.2324e-05	3.2318e-07	-3.225e-07	-1.164e-05	-4.4571e-10	1.1656e-05	3.2302e-07	-3.2244e-07	-1.06832e-05	-4.5896e-10	1.06754e-05	3.2288e-07	-3.2244e-07	-9.3117e-06	-4.7427e-10	9.3015e-06	3.2282e-07	-3.2258e-07	-7.3289e-06	-4.9277e-10	7.3243e-06	3.2264e-07	-3.224e-07	-4.4602e-06	-5.1773e-10	4.4654e-06	3.2254e-07	-3.2248e-07	-3.3222e-07	-5.4478e-10	3.3662e-07	3.2232e-07	-3.223e-07
0.6	-1.599e-05	-4.169e-10	1.5998e-05	3.239e-07	-3.227e-07	-1.576e-05	-4.2686e-10	1.5786e-05	3.236e-07	-3.2256e-07	-1.5452e-05	-4.3615e-10	1.5456e-05	3.2354e-07	-3.226e-07	-1.5054e-05	-4.4144e-10	1.5054e-05	3.2338e-07	-3.225e-07	-1.4496e-05	-4.491e-10	1.4502e-05	3.2322e-07	-3.225e-07	-1.3696e-05	-4.6417e-10	1.3726e-05	3.2302e-07	-3.2242e-07	-1.254e-05	-4.8097e-10	1.2566e-05	3.2294e-07	-3.2242e-07	-1.09458e-05	-4.9944e-10	1.09458e-05	3.2278e-07	-3.2236e-07	-8.6223e-06	-5.201e-10	8.6229e-06	3.227e-07	-3.2242e-07	-5.2466e-06	-5.5002e-10	5.251e-06	3.2258e-07	-3.224e-07	-3.9858e-07	-5.801e-10	3.9396e-07	3.223e-07	-3.2234e-07
0.595	-1.878e-05	-4.365e-10	1.8796e-05	3.239e-07	-3.2274e-07	-1.8514e-05	-4.4019e-10	1.8516e-05	3.2358e-07	-3.2254e-07	-1.8132e-05	-4.4847e-10	1.817e-05	3.235e-07	-3.226e-07	-1.7668e-05	-4.5887e-10	1.7654e-05	3.2338e-07	-3.2256e-07	-1.701e-05	-4.7738e-10	1.7018e-05	3.2318e-07	-3.2254e-07	-1.6078e-05	-4.8689e-10	1.6086e-05	3.2308e-07	-3.225e-07	-1.4738e-05	-5.0514e-10	1.4746e-05	3.2294e-07	-3.225e-07	-1.2814e-05	-5.2219e-10	1.282e-05	3.2278e-07	-3.2242e-07	-1.01115e-05	-5.4412e-10	1.00665e-05	3.2262e-07	-3.2238e-07	-6.1287e-06	-5.6902e-10	6.1349e-06	3.2252e-07	-3.224e-07	-4.6276e-07	-6.0028e-10	4.619e-07	3.223e-07	-3.2232e-07
0.59	-2.2064e-05	-4.534e-10	2.2106e-05	3.2384e-07	-3.2266e-07	-2.1734e-05	-4.6946e-10	2.1728e-05	3.2354e-07	-3.2252e-07	-2.1352e-05	-4.7568e-10	2.137e-05	3.235e-07	-3.2256e-07	-2.0764e-05	-4.8499e-10	2.0774e-05	3.2332e-07	-3.2252e-07	-2.0018e-05	-4.9085e-10	2.0012e-05	3.2324e-07	-3.2252e-07	-1.8892e-05	-5.0924e-10	1.8916e-05	3.2312e-07	-3.2244e-07	-1.7324e-05	-5.2255e-10	1.7318e-05	3.2294e-07	-3.2242e-07	-1.5068e-05	-5.4463e-10	1.5074e-05	3.2278e-07	-3.2242e-07	-1.185e-05	-5.7071e-10	1.1874e-05	3.2254e-07	-3.2234e-07	-7.1884e-06	-6.0235e-10	7.2103e-06	3.2254e-07	-3.2248e-07	-5.4488e-07	-6.3473e-10	5.466e-07	3.2236e-07	-3.2242e-07
0.585	-2.5912e-05	-4.7921e-10	2.5936e-05	3.2378e-07	-3.2266e-07	-2.5498e-05	-4.8215e-10	2.5534e-05	3.236e-07	-3.2252e-07	-2.5028e-05	-4.8986e-10	2.5034e-05	3.2352e-07	-3.2258e-07	-2.4366e-05	-5.033e-10	2.436e-05	3.233e-07	-3.2252e-07	-2.3452e-05	-5.1861e-10	2.3472e-05	3.2324e-07	-3.226e-07	-2.214e-05	-5.3631e-10	2.2168e-05	3.2312e-07	-3.2262e-07	-2.0284e-05	-5.5308e-10	2.0296e-05	3.229e-07	-3.2242e-07	-1.7668e-05	-5.7186e-10	1.766e-05	3.2278e-07	-3.224e-07	-1.3868e-05	-6.0065e-10	1.3894e-05	3.2256e-07	-3.2238e-07	-8.4294e-06	-6.2158e-10	8.443e-06	3.2258e-07	-3.2252e-07	-6.2554e-07	-6.5543e-10	6.3e-07	3.2232e-07	-3.2234e-07
0.58	-3.0466e-05	-4.9847e-10	3.0426e-05	3.2382e-07	-3.2272e-07	-2.9956e-05	-5.1266e-10	2.9964e-05	3.2362e-07	-3.2252e-07	-2.94e-05	-5.2383e-10	2.9412e-05	3.235e-07	-3.2264e-07	-2.8634e-05	-5.3191e-10	2.8636e-05	3.2334e-07	-3.2252e-07	-2.7564e-05	-5.394e-10	2.757e-05	3.2326e-07	-3.2258e-07	-2.6016e-05	-5.5298e-10	2.6028e-05	3.2316e-07	-3.2254e-07	-2.3838e-05	-5.7129e-10	2.3842e-05	3.2286e-07	-3.2244e-07	-2.0694e-05	-5.9697e-10	2.0706e-05	3.2282e-07	-3.224e-07	-1.626e-05	-6.1898e-10	1.627e-05	3.226e-07	-3.224e-07	-9.8888e-06	-6.5987e-10	9.8871e-06	3.2254e-07	-3.2248e-07	-7.2588e-07	-6.9356e-10	7.3284e-07	3.2228e-07	-3.224e-07
0.575	-3.5674e-05	-5.2358e-10	3.5646e-05	3.2386e-07	-3.2272e-07	-3.5114e-05	-5.2409e-10	3.5114e-05	3.236e-07	-3.225e-07	-3.447e-05	-5.3517e-10	3.4486e-05	3.2358e-07	-3.226e-07	-3.3544e-05	-5.4915e-10	3.3554e-05	3.233e-07	-3.2252e-07	-3.23e-05	-5.6806e-10	3.2284e-05	3.2326e-07	-3.2252e-07	-3.0478e-05	-5.8584e-10	3.0462e-05	3.231e-07	-3.2248e-07	-2.7926e-05	-6.0569e-10	2.792e-05	3.2294e-07	-3.2248e-07	-2.4282e-05	-6.2456e-10	2.428e-05	3.2282e-07	-3.2248e-07	-1.9018e-05	-6.5549e-10	1.902e-05	3.2264e-07	-3.224e-07	-1.1598e-05	-6.8783e-10	1.158e-05	3.2248e-07	-3.2246e-07	-8.5008e-07	-7.1395e-10	8.5652e-07	3.2226e-07	-3.2236e-07
0.57	-4.194e-05	-5.4331e-10	4.1944e-05	3.238e-07	-3.2268e-07	-4.1358e-05	-5.5733e-10	4.1354e-05	3.2356e-07	-3.2252e-07	-4.045e-05	-5.6848e-10	4.0458e-05	3.235e-07	-3.226e-07	-3.938e-05	-5.8116e-10	3.9372e-05	3.233e-07	-3.2254e-07	-3.7866e-05	-5.8898e-10	3.7922e-05	3.232e-07	-3.2252e-07	-3.5754e-05	-6.032e-10	3.5788e-05	3.2308e-07	-3.2258e-07	-3.2728e-05	-6.2352e-10	3.266e-05	3.2286e-07	-3.225e-07	-2.8442e-05	-6.5074e-10	2.847e-05	3.2274e-07	-3.224e-07	-2.2308e-05	-6.7458e-10	2.2344e-05	3.2264e-07	-3.2248e-07	-1.354e-05	-7.1453e-10	1.3506e-05	3.2248e-07	-3.2236e-07	-9.8972e-07	-7.5271e-10	9.9276e-07	3.223e-07	-3.2238e-07
0.565	-4.9108e-05	-5.6991e-10	4.9096e-05	3.2376e-07	-3.2268e-07	-4.8386e-05	-5.7107e-10	4.8386e-05	3.235e-07	-3.2252e-07	-4.7372e-05	-5.821e-10	4.7372e-05	3.2344e-07	-3.226e-07	-4.6084e-05	-5.977e-10	4.606e-05	3.2334e-07	-3.2248e-07	-4.4358e-05	-6.1898e-10	4.436e-05	3.233e-07	-3.2258e-07	-4.1818e-05	-6.3788e-10	4.181e-05	3.2298e-07	-3.2248e-07	-3.8274e-05	-6.5562e-10	3.8308e-05	3.229e-07	-3.224e-07	-3.3246e-05	-6.7963e-10	3.3204e-05	3.2276e-07	-3.2236e-07	-2.6048e-05	-7.1072e-10	2.6066e-05	3.2272e-07	-3.2242e-07	-1.5772e-05	-7.4099e-10	1.574e-05	3.2246e-07	-3.224e-07	-1.1384e-06	-7.7242e-10	1.1427e-06	3.2226e-07	-3.2236e-07
0.56	-5.7568e-05	-5.9042e-10	5.7494e-05	3.2384e-07	-3.2266e-07	-5.6716e-05	-6.0822e-10	5.6692e-05	3.2354e-07	-3.2254e-07	-5.5478e-05	-6.1626e-10	5.549e-05	3.235e-07	-3.226e-07	-5.4014e-05	-6.2979e-10	5.3956e-05	3.2332e-07	-3.225e-07	-5.1952e-05	-6.3728e-10	5.194e-05	3.2332e-07	-3.2254e-07	-4.8952e-05	-6.5608e-10	4.8952e-05	3.23e-07	-3.2242e-07	-4.4806e-05	-6.8126e-10	4.481e-05	3.229e-07	-3.2242e-07	-3.8902e-05	-7.0845e-10	3.8908e-05	3.2276e-07	-3.2244e-07	-3.041e-05	-7.3361e-10	3.0398e-05	3.2268e-07	-3.2242e-07	-1.8456e-05	-7.7776e-10	1.8458e-05	3.224e-07	-3.224e-07	-1.378e-06	-8.1043e-10	1.3688e-06	3.223e-07	-3.2232e-07
0.555	-6.7258e-05	-6.1947e-10	6.7236e-05	3.2382e-07	-3.226e-07	-6.6158e-05	-6.2078e-10	6.62e-05	3.2354e-07	-3.2258e-07	-6.4854e-05	-6.3282e-10	6.4874e-05	3.2344e-07	-3.225e-07	-6.3006e-05	-6.4512e-10	6.3098e-05	3.2326e-07	-3.2248e-07	-6.068e-05	-6.7077e-10	6.0566e-05	3.232e-07	-3.225e-07	-5.7128e-05	-6.9298e-10	5.7144e-05	3.2304e-07	-3.2248e-07	-5.2292e-05	-7.1101e-10	5.229e-05	3.2298e-07	-3.2242e-07	-4.5366e-05	-7.4053e-10	4.5348e-05	3.2276e-07	-3.2234e-07	-3.5442e-05	-7.6963e-10	3.5432e-05	3.2262e-07	-3.2248e-07	-2.1446e-05	-8.0253e-10	2.1416e-05	3.2246e-07	-3.2238e-07	-1.5382e-06	-8.3793e-10	1.5727e-06	3.223e-07	-3.2242e-07
0.55	-7.8708e-05	-6.3714e-10	7.8712e-05	3.2374e-07	-3.226e-07	-7.7522e-05	-6.5502e-10	7.764e-05	3.2356e-07	-3.2258e-07	-7.5886e-05	-6.6928e-10	7.593e-05	3.2346e-07	-3.2254e-07	-7.3788e-05	-6.8292e-10	7.375e-05	3.2332e-07	-3.2248e-07	-7.0874e-05	-6.9256e-10	7.0858e-05	3.2324e-07	-3.2258e-07	-6.6806e-05	-7.1397e-10	6.679e-05	3.2298e-07	-3.2242e-07	-6.1102e-05	-7.4006e-10	6.1114e-05	3.2296e-07	-3.2242e-07	-5.2918e-05	-7.7075e-10	5.2912e-05	3.2276e-07	-3.224e-07	-4.135e-05	-7.9977e-10	4.1318e-05	3.2266e-07	-3.224e-07	-2.5e-05	-8.3733e-10	2.494e-05	3.2242e-07	-3.2238e-07	-1.7761e-06	-8.8355e-10	1.8337e-06	3.223e-07	-3.2236e-07
0.545	-9.1806e-05	-6.6988e-10	9.1842e-05	3.238e-07	-3.226e-07	-9.0304e-05	-6.7432e-10	9.0432e-05	3.2354e-07	-3.2256e-07	-8.8464e-05	-6.8796e-10	8.8396e-05	3.2346e-07	-3.2252e-07	-8.5954e-05	-7.0036e-10	8.6052e-05	3.233e-07	-3.2246e-07	-8.257e-05	-7.2783e-10	8.2566e-05	3.2314e-07	-3.2252e-07	-7.7796e-05	-7.4963e-10	7.7874e-05	3.2306e-07	-3.2246e-07	-7.1084e-05	-7.7423e-10	7.1108e-05	3.2298e-07	-3.2254e-07	-6.157e-05	-8.0369e-10	6.147e-05	3.2276e-07	-3.224e-07	-4.8e-05	-8.341e-10	4.7996e-05	3.2272e-07	-3.225e-07	-2.8964e-05	-8.6837e-10	2.8986e-05	3.2248e-07	-3.2242e-07	-2.0922e-06	-9.0447e-10	2.1228e-06	3.2234e-07	-3.2238e-07
0.54	-0.000107118	-6.8986e-10	0.000107112	3.2378e-07	-3.2266e-07	-0.000105366	-7.0773e-10	0.000105446	3.2354e-07	-3.2246e-07	-0.000103244	-7.219e-10	0.000103262	3.2356e-07	-3.2272e-07	-0.000100244	-7.4207e-10	0.000100228	3.2336e-07	-3.2258e-07	-9.6332e-05	-7.5253e-10	9.6372e-05	3.2322e-07	-3.2248e-07	-9.0634e-05	-7.7237e-10	9.0716e-05	3.23e-07	-3.2242e-07	-8.2806e-05	-7.9992e-10	8.274e-05	3.23e-07	-3.2246e-07	-7.1514e-05	-8.3272e-10	7.1614e-05	3.2278e-07	-3.2244e-07	-5.5748e-05	-8.6545e-10	5.5776e-05	3.226e-07	-3.2242e-07	-3.3608e-05	-9.043e-10	3.3578e-05	3.2246e-07	-3.224e-07	-2.4248e-06	-9.5072e-10	2.4108e-06	3.2228e-07	-3.224e-07
0.535	-0.0001243	-7.1767e-10	0.00012456	3.2374e-07	-3.226e-07	-0.0001224	-7.3387e-10	0.0001227	3.2358e-07	-3.2258e-07	-0.0001198	-7.4252e-10	0.00012006	3.2346e-07	-3.2258e-07	-0.00011628	-7.6717e-10	0.00011658	3.2332e-07	-3.2248e-07	-0.000111858	-7.8779e-10	0.000111924	3.232e-07	-3.2248e-07	-0.000105262	-8.1303e-10	0.000105282	3.2296e-07	-3.2242e-07	-9.605e-05	-8.3663e-10	9.612e-05	3.2296e-07	-3.2246e-07	-8.2966e-05	-8.7027e-10	8.3018e-05	3.2278e-07	-3.2236e-07	-6.461e-05	-8.9825e-10	6.4578e-05	3.226e-07	-3.2236e-07	-3.885e-05	-9.4357e-10	3.8848e-05	3.2242e-07	-3.2236e-07	-2.7961e-06	-9.7544e-10	2.7717e-06	3.2222e-07	-3.2236e-07
0.53	-0.00014484	-7.4791e-10	0.00014496	3.238e-07	-3.2258e-07	-0.0001423	-7.6088e-10	0.00014258	3.2368e-07	-3.2264e-07	-0.0001393	-7.708e-10	0.00013956	3.2356e-07	-3.2258e-07	-0.00013526	-7.9191e-10	0.00013564	3.2328e-07	-3.2246e-07	-0.00012988	-8.1925e-10	0.00013	3.2318e-07	-3.2248e-07	-0.0001221	-8.4169e-10	0.00012226	3.2296e-07	-3.2242e-07	-0.000111356	-8.6774e-10	0.00011131	3.2302e-07	-3.2262e-07	-9.6234e-05	-8.9763e-10	9.618e-05	3.2276e-07	-3.2232e-07	-7.4768e-05	-9.3616e-10	7.484e-05	3.2258e-07	-3.224e-07	-4.478e-05	-9.7351e-10	4.4788e-05	3.2246e-07	-3.2242e-07	-3.2012e-06	-1.02234e-09	3.2624e-06	3.2228e-07	-3.2226e-07
0.525	-0.0001679	-7.7774e-10	0.00016824	3.2376e-07	-3.226e-07	-0.00016514	-7.9168e-10	0.0001655	3.2362e-07	-3.226e-07	-0.00016162	-8.0923e-10	0.0001619	3.234e-07	-3.2254e-07	-0.00015682	-8.2759e-10	0.00015712	3.2334e-07	-3.2246e-07	-0.00015034	-8.4623e-10	0.0001506	3.232e-07	-3.2248e-07	-0.00014106	-8.6913e-10	0.00014142	3.2308e-07	-3.2248e-07	-0.00012852	-9.0427e-10	0.00012886	3.2294e-07	-3.2246e-07	-0.000110978	-9.4197e-10	0.00011095	3.2272e-07	-3.2238e-07	-8.6204e-05	-9.7234e-10	8.6216e-05	3.226e-07	-3.2236e-07	-5.147e-05	-1.01421e-09	5.1568e-05	3.2254e-07	-3.2246e-07	-3.7851e-06	-1.04975e-09	3.6979e-06	3.2226e-07	-3.2234e-07
0.52	-0.00019474	-8.0929e-10	0.00019494	3.2384e-07	-3.226e-07	-0.00019158	-8.2114e-10	0.00019188	3.236e-07	-3.226e-07	-0.00018746	-8.3613e-10	0.00018768	3.2344e-07	-3.2254e-07	-0.00018166	-8.5226e-10	0.00018206	3.2336e-07	-3.2252e-07	-0.00017406	-8.8488e-10	0.00017434	3.232e-07	-3.2246e-07	-0.00016342	-9.1541e-10	0.00016366	3.2302e-07	-3.2242e-07	-0.00014862	-9.4047e-10	0.00014888	3.2288e-07	-3.2248e-07	-0.00012782	-9.7823e-10	0.00012806	3.2272e-07	-3.2242e-07	-9.9304e-05	-1.00884e-09	9.9214e-05	3.2264e-07	-3.224e-07	-5.9224e-05	-1.04323e-09	5.9212e-05	3.2248e-07	-3.224e-07	-4.2923e-06	-1.09867e-09	4.2029e-06	3.2232e-07	-3.2238e-07
0.515	-0.0002249	-8.3509e-10	0.00022526	3.238e-07	-3.2264e-07	-0.00022114	-8.5165e-10	0.0002214	3.236e-07	-3.2256e-07	-0.0002163	-8.734e-10	0.00021652	3.2352e-07	-3.2254e-07	-0.00020978	-8.946e-10	0.00020984	3.233e-07	-3.2252e-07	-0.00020076	-9.1261e-10	0.00020098	3.2326e-07	-3.226e-07	-0.0001883	-9.3966e-10	0.00018864	3.2302e-07	-3.2244e-07	-0.00017098	-9.6994e-10	0.00017134	3.229e-07	-3.2238e-07	-0.00014684	-1.0059e-09	0.00014706	3.228e-07	-3.225e-07	-0.000113794	-1.04751e-09	0.000113812	3.2272e-07	-3.2246e-07	-6.7612e-05	-1.09395e-09	6.772e-05	3.2248e-07	-3.2234e-07	-4.8152e-06	-1.1346e-09	4.8257e-06	3.223e-07	-3.2234e-07
0.51	-0.00025998	-8.6999e-10	0.00026016	3.2374e-07	-3.227e-07	-0.00025548	-8.8182e-10	0.00025556	3.2354e-07	-3.2252e-07	-0.00024968	-9.034e-10	0.00025	3.2348e-07	-3.2252e-07	-0.00024206	-9.2522e-10	0.00024226	3.2332e-07	-3.2258e-07	-0.00023152	-9.5474e-10	0.00023172	3.2326e-07	-3.2252e-07	-0.00021694	-9.8489e-10	0.00021686	3.2306e-07	-3.2244e-07	-0.00019662	-1.01267e-09	0.00019692	3.229e-07	-3.2248e-07	-0.00016882	-1.0499e-09	0.00016892	3.228e-07	-3.2238e-07	-0.0001301	-1.0859e-09	0.00013032	3.2266e-07	-3.2248e-07	-7.7278e-05	-1.1336e-09	7.7384e-05	3.2244e-07	-3.2244e-07	-5.5609e-06	-1.1709e-09	5.6026e-06	3.2224e-07	-3.2236e-07
0.505	-0.00029878	-9.0138e-10	0.00029916	3.2376e-07	-3.2264e-07	-0.0002935	-9.2229e-10	0.00029376	3.2352e-07	-3.2252e-07	-0.00028662	-9.3793e-10	0.00028706	3.2356e-07	-3.2258e-07	-0.00027794	-9.663e-10	0.00027812	3.2338e-07	-3.2252e-07	-0.00026544	-9.8348e-10	0.00026588	3.2318e-07	-3.2254e-07	-0.0002485	-1.00904e-09	0.00024872	3.2308e-07	-3.2248e-07	-0.00022518	-1.04461e-09	0.00022546	3.2304e-07	-3.225e-07	-0.0001927	-1.08017e-09	0.00019282	3.2274e-07	-3.2246e-07	-0.00014824	-1.128e-09	0.0001484	3.2272e-07	-3.2246e-07	-8.7812e-05	-1.1629e-09	8.7826e-05	3.2248e-07	-3.2234e-07	-6.3032e-06	-1.2139e-09	6.3912e-06	3.2236e-07	-3.2236e-07
0.5	-0.00034358	-9.4121e-10	0.00034358	3.2378e-07	-3.2264e-07	-0.00033712	-9.5101e-10	0.0003376	3.2358e-07	-3.226e-07	-0.00032948	-9.7295e-10	0.00032962	3.234e-07	-3.2254e-07	-0.00031892	-9.9703e-10	0.00031924	3.2338e-07	-3.2254e-07	-0.0003047	-1.02771e-09	0.0003048	3.2322e-07	-3.2254e-07	-0.00028484	-1.05958e-09	0.00028484	3.2298e-07	-3.2252e-07	-0.0002575	-1.08885e-09	0.00025764	3.2304e-07	-3.2252e-07	-0.00021974	-1.1215e-09	0.00022042	3.2276e-07	-3.2242e-07	-0.0001687	-1.1599e-09	0.00016904	3.227e-07	-3.2252e-07	-9.9526e-05	-1.2146e-09	9.9658e-05	3.2246e-07	-3.2234e-07	-7.1236e-06	-1.2541e-09	7.1597e-06	3.223e-07	-3.2234e-07
0.495	-0.00039314	-9.7382e-10	0.00039342	3.2378e-07	-3.2266e-07	-0.00038614	-9.9495e-10	0.0003864	3.235e-07	-3.2252e-07	-0.00037682	-1.00607e-09	0.00037708	3.2348e-07	-3.225e-07	-0.0003644	-1.03966e-09	0.0003645	3.2336e-07	-3.2252e-07	-0.0003477	-1.05875e-09	0.00034754	3.2322e-07	-3.2252e-07	-0.0003246	-1.09277e-09	0.00032488	3.2302e-07	-3.2246e-07	-0.0002927	-1.1251e-09	0.00029328	3.2298e-07	-3.2254e-07	-0.00024974	-1.173e-09	0.00024978	3.2274e-07	-3.2236e-07	-0.000191	-1.2121e-09	0.00019128	3.2272e-07	-3.225e-07	-0.000112488	-1.2469e-09	0.000112444	3.2246e-07	-3.2236e-07	-7.9053e-06	-1.2957e-09	7.961e-06	3.223e-07	-3.224e-07
0.49	-0.0004497	-1.00741e-09	0.0004499	3.2378e-07	-3.2266e-07	-0.00044134	-1.02289e-09	0.00044152	3.2356e-07	-3.2248e-07	-0.00043026	-1.055e-09	0.00043064	3.2346e-07	-3.2248e-07	-0.0004159	-1.07669e-09	0.00041608	3.2332e-07	-3.2248e-07	-0.00039636	-1.10466e-09	0.00039662	3.2322e-07	-3.2252e-07	-0.00036962	-1.1353e-09	0.00036956	3.2306e-07	-3.2248e-07	-0.00033312	-1.1715e-09	0.00033334	3.2296e-07	-3.2254e-07	-0.00028308	-1.2053e-09	0.00028334	3.2272e-07	-3.2242e-07	-0.00021604	-1.2491e-09	0.00021628	3.2264e-07	-3.2252e-07	-0.0001266	-1.2974e-09	0.00012678	3.2248e-07	-3.2236e-07	-8.9529e-06	-1.3424e-09	9.0145e-06	3.2226e-07	-3.2242e-07
0.485	-0.0005116	-1.04589e-09	0.0005118	3.2372e-07	-3.2266e-07	-0.00050192	-1.06794e-09	0.00050182	3.2354e-07	-3.2252e-07	-0.00048904	-1.08278e-09	0.0004892	3.2348e-07	-3.2252e-07	-0.0004722	-1.1143e-09	0.00047286	3.2338e-07	-3.2254e-07	-0.00044942	-1.1474e-09	0.0004498	3.2314e-07	-3.2248e-07	-0.0004184	-1.1728e-09	0.00041862	3.2298e-07	-3.2248e-07	-0.00037592	-1.2076e-09	0.00037666	3.2296e-07	-3.2252e-07	-0.00031944	-1.2569e-09	0.0003197	3.2282e-07	-3.225e-07	-0.00024284	-1.2952e-09	0.0002433	3.2272e-07	-3.2248e-07	-0.00014142	-1.3446e-09	0.00014206	3.2252e-07	-3.224e-07	-1.00236e-05	-1.3863e-09	9.9838e-06	3.2234e-07	-3.224e-07
0.48	-0.0005814	-1.0887e-09	0.00058162	3.2378e-07	-3.226e-07	-0.00057038	-1.10169e-09	0.00057062	3.235e-07	-3.2242e-07	-0.00055518	-1.1199e-09	0.0005554	3.235e-07	-3.2254e-07	-0.0005359	-1.1577e-09	0.00053568	3.2334e-07	-3.2252e-07	-0.00050932	-1.1827e-09	0.0005094	3.232e-07	-3.225e-07	-0.00047312	-1.2212e-09	0.00047352	3.2308e-07	-3.2254e-07	-0.00042474	-1.2604e-09	0.00042496	3.2294e-07	-3.2252e-07	-0.00035944	-1.2888e-09	0.00035964	3.2276e-07	-3.2242e-07	-0.00027244	-1.339e-09	0.00027266	3.2272e-07	-3.2242e-07	-0.00015802	-1.3821e-09	0.0001586	3.2246e-07	-3.2236e-07	-1.09824e-05	-1.4339e-09	1.09397e-05	3.2226e-07	-3.2234e-07
0.475	-0.00065762	-1.129e-09	0.0006578	3.2374e-07	-3.226e-07	-0.00064404	-1.1432e-09	0.00064472	3.235e-07	-3.2242e-07	-0.0006272	-1.1777e-09	0.00062734	3.2344e-07	-3.2254e-07	-0.00060434	-1.201e-09	0.0006045	3.2324e-07	-3.225e-07	-0.00057388	-1.2304e-09	0.00057408	3.2314e-07	-3.2242e-07	-0.00053198	-1.2612e-09	0.00053252	3.23e-07	-3.2246e-07	-0.00047686	-1.2979e-09	0.0004769	3.2294e-07	-3.2254e-07	-0.0004025	-1.3452e-09	0.00040258	3.2276e-07	-3.2248e-07	-0.00030416	-1.3861e-09	0.00030428	3.2272e-07	-3.2244e-07	-0.0001759	-1.4366e-09	0.00017648	3.2244e-07	-3.2244e-07	-1.17173e-05	-1.4819e-09	1.1724e-05	3.2232e-07	-3.2228e-07
0.47	-0.00074274	-1.166e-09	0.0007429	3.2372e-07	-3.226e-07	-0.00072764	-1.1919e-09	0.00072796	3.2354e-07	-3.2252e-07	-0.00070722	-1.2084e-09	0.000708	3.235e-07	-3.2252e-07	-0.000681	-1.2478e-09	0.0006813	3.233e-07	-3.2248e-07	-0.00064542	-1.2704e-09	0.00064556	3.2316e-07	-3.2248e-07	-0.00059752	-1.3118e-09	0.00059778	3.2312e-07	-3.2252e-07	-0.00053434	-1.3511e-09	0.0005342	3.23e-07	-3.2252e-07	-0.00044918	-1.3862e-09	0.00044946	3.2284e-07	-3.2248e-07	-0.0003387	-1.4336e-09	0.00033894	3.2264e-07	-3.2246e-07	-0.00019526	-1.479e-09	0.0001954	3.2252e-07	-3.2246e-07	-1.1116e-05	-1.5329e-09	1.3352e-05	3.2226e-07	-3.224e-07
0.465	-0.00083508	-1.2125e-09	0.0008354	3.2382e-07	-3.2266e-07	-0.00081726	-1.2293e-09	0.00081754	3.2356e-07	-3.2248e-07	-0.0007935	-1.2582e-09	0.000794	3.2346e-07	-3.2256e-07	-0.00076364	-1.2849e-09	0.00076354	3.2326e-07	-3.2252e-07	-0.00072212	-1.3234e-09	0.00072236	3.2316e-07	-3.225e-07	-0.00066728	-1.3518e-09	0.00066776	3.2302e-07	-3.2246e-07	-0.00059518	-1.3911e-09	0.00059512	3.23e-07	-3.226e-07	-0.00049908	-1.4381e-09	0.00049934	3.228e-07	-3.2252e-07	-0.0003746	-1.4814e-09	0.0003753	3.2266e-07	-3.2248e-07	-0.00021568	-1.5333e-09	0.00021522	3.225e-07	-3.2246e-07	-1.4552e-05	-1.5862e-09	1.471e-05	3.223e-07	-3.224e-07
0.46	-0.0009369	-1.2463e-09	0.00093704	3.2378e-07	-3.2264e-07	-0.00091626	-1.2782e-09	0.00091624	3.2356e-07	-3.2252e-07	-0.00088864	-1.2964e-09	0.00088916	3.2352e-07	-3.2264e-07	-0.00085368	-1.335e-09	0.00085402	3.2328e-07	-3.2242e-07	-0.0008065	-1.363e-09	0.00080718	3.2314e-07	-3.2244e-07	-0.00074402	-1.4053e-09	0.00074386	3.23e-07	-3.2242e-07	-0.00066126	-1.4455e-09	0.00066156	3.23e-07	-3.2254e-07	-0.00055268	-1.4832e-09	0.00055294	3.2276e-07	-3.2248e-07	-0.00041356	-1.5336e-09	0.0004144	3.2264e-07	-3.2246e-07	-0.00023652	-1.5804e-09	0.00023694	3.2256e-07	-3.2242e-07	-1.6102e-05	-1.6342e-09	1.5988e-05	3.2234e-07	-3.224e-07
0.455	-0.00104588	-1.3003e-09	0.0010461	3.2374e-07	-3.226e-07	-0.001022	-1.3171e-09	0.00102276	3.2356e-07	-3.2254e-07	-0.00099064	-1.3555e-09	0.00099098	3.2348e-07	-3.226e-07	-0.00095008	-1.3771e-09	0.00095032	3.2334e-07	-3.2248e-07	-0.00089678	-1.4194e-09	0.00089614	3.2312e-07	-3.2246e-07	-0.00082504	-1.4476e-09	0.00082532	3.2304e-07	-3.2246e-07	-0.00073114	-1.4859e-09	0.00073136	3.2296e-07	-3.2248e-07	-0.00060952	-1.5366e-09	0.00061006	3.228e-07	-3.2248e-07	-0.00045404	-1.5842e-09	0.00045512	3.2264e-07	-3.2246e-07	-0.00025924	-1.6362e-09	0.00025926	3.2252e-07	-3.2242e-07	-1.7362e-05	-1.6931e-09	1.7478e-05	3.224e-07	-3.2238e-07
0.45	-0.001166	-1.3445e-09	0.0011668	3.238e-07	-3.2268e-07	-0.00113902	-1.3708e-09	0.00113922	3.2352e-07	-3.2256e-07	-0.00110262	-1.3963e-09	0.00110324	3.235e-07	-3.226e-07	-0.00105624	-1.4332e-09	0.00105558	3.2336e-07	-3.2244e-07	-0.00099354	-1.4602e-09	0.00099426	3.2318e-07	-3.2248e-07	-0.0009123	-1.5046e-09	0.00091276	3.23e-07	-3.2246e-07	-0.0008067	-1.5498e-09	0.00080702	3.2318e-07	-3.2266e-07	-0.0006703	-1.5847e-09	0.00067068	3.2272e-07	-3.2236e-07	-0.0004977	-1.6384e-09	0.00049794	3.227e-07	-3.2246e-07	-0.00028242	-1.6909e-09	0.00028288	3.225e-07	-3.2244e-07	-1.8852e-05	-1.7506e-09	1.88e-05	3.2226e-07	-3.2228e-07
0.445	-0.001293	-1.3869e-09	0.0012942	3.2374e-07	-3.2264e-07	-0.0012608	-1.4081e-09	0.0012626	3.235e-07	-3.2254e-07	-0.0012196	-1.4476e-09	0.001221	3.2354e-07	-3.2266e-07	-0.0011658	-1.4765e-09	0.0011672	3.2332e-07	-3.2262e-07	-0.00109618	-1.5221e-09	0.00109722	3.2316e-07	-3.2252e-07	-0.0010041	-1.5481e-09	0.00100384	3.2302e-07	-3.2242e-07	-0.00088514	-1.5916e-09	0.0008859	3.2314e-07	-3.2272e-07	-0.00073312	-1.643e-09	0.0007337	3.2278e-07	-3.2242e-07	-0.0005433	-1.6906e-09	0.00054356	3.2262e-07	-3.2244e-07	-0.00030726	-1.7482e-09	0.00030748	3.2248e-07	-3.2242e-07	-2.0356e-05	-1.8104e-09	2.0378e-05	3.2226e-07	-3.2236e-07
0.44	-0.0014326	-1.4399e-09	0.0014328	3.238e-07	-3.2262e-07	-0.0013962	-1.4696e-09	0.0013966	3.2358e-07	-3.2252e-07	-0.0013484	-1.492e-09	0.0013488	3.236e-07	-3.2268e-07	-0.0012866	-1.5269e-09	0.0012874	3.2338e-07	-3.2254e-07	-0.0012068	-1.5608e-09	0.0012072	3.232e-07	-3.2254e-07	-0.00110256	-1.6087e-09	0.00110196	3.2304e-07	-3.2246e-07	-0.0009687	-1.653e-09	0.00096944	3.2324e-07	-3.2274e-07	-0.00080098	-1.6951e-09	0.00080046	3.2278e-07	-3.2252e-07	-0.00058998	-1.7493e-09	0.00059088	3.2264e-07	-3.2244e-07	-0.00033186	-1.8058e-09	0.00033294	3.2248e-07	-3.2244e-07	-2.2096e-05	-1.8655e-09	2.187e-05	3.2234e-07	-3.2234e-07
0.435	-0.0015792	-1.4863e-09	0.0015786	3.2374e-07	-3.2254e-07	-0.0015372	-1.5138e-09	0.0015376	3.2354e-07	-3.2252e-07	-0.0014828	-1.549e-09	0.0014838	3.235e-07	-3.2258e-07	-0.001412	-1.5816e-09	0.001413	3.2326e-07	-3.2244e-07	-0.001322	-1.6188e-09	0.0013216	3.2314e-07	-3.2252e-07	-0.0012036	-1.6599e-09	0.001205	3.2302e-07	-3.2244e-07	-0.00105586	-1.7007e-09	0.00105628	3.2316e-07	-3.2272e-07	-0.00086926	-1.7535e-09	0.0008691	3.2276e-07	-3.2248e-07	-0.00063852	-1.8087e-09	0.00063884	3.227e-07	-3.2242e-07	-0.00035836	-1.864e-09	0.00035842	3.225e-07	-3.2236e-07	-2.3736e-05	-1.9318e-09	2.3648e-05	3.224e-07	-3.2248e-07
0.43	-0.0017362	-1.5388e-09	0.0017382	3.2376e-07	-3.2266e-07	-0.0016884	-1.574e-09	0.0016884	3.2354e-07	-3.225e-07	-0.0016264	-1.5961e-09	0.0016272	3.2354e-07	-3.226e-07	-0.0015474	-1.6346e-09	0.0015472	3.2332e-07	-3.225e-07	-0.0014442	-1.6697e-09	0.0014444	3.2308e-07	-3.2254e-07	-0.0013128	-1.7083e-09	0.001313	3.2302e-07	-3.2252e-07	-0.00114746	-1.7667e-09	0.00114788	3.2322e-07	-3.2278e-07	-0.0009414	-1.8122e-09	0.00094154	3.2276e-07	-3.224e-07	-0.00068894	-1.8674e-09	0.00068986	3.2266e-07	-3.2248e-07	-0.00038484	-1.9326e-09	0.00038578	3.2254e-07	-3.2244e-07	-2.5114e-05	-1.9929e-09	2.493e-05	3.2234e-07	-3.2242e-07
0.425	-0.001901	-1.5898e-09	0.0019014	3.2374e-07	-3.2258e-07	-0.0018464	-1.6155e-09	0.0018472	3.2358e-07	-3.2254e-07	-0.0017764	-1.6589e-09	0.001777	3.235e-07	-3.226e-07	-0.0016862	-1.6941e-09	0.0016868	3.233e-07	-3.2254e-07	-0.00157	-1.7296e-09	0.0015708	3.2316e-07	-3.225e-07	-0.001424	-1.7786e-09	0.0014242	3.2302e-07	-3.2248e-07	-0.001241	-1.8243e-09	0.0012424	3.2302e-07	-3.2262e-07	-0.0010151	-1.8715e-09	0.00101532	3.2272e-07	-3.2246e-07	-0.00074086	-1.93e-09	0.00074026	3.2272e-07	-3.2248e-07	-0.00041276	-1.99e-09	0.0004133	3.2246e-07	-3.224e-07	-2.6584e-05	-2.0662e-09	2.6928e-05	3.2234e-07	-3.2242e-07
0.42	-0.0020782	-1.6451e-09	0.0020796	3.2378e-07	-3.2266e-07	-0.0020156	-1.6818e-09	0.0020162	3.2362e-07	-3.226e-07	-0.0019362	-1.7067e-09	0.0019358	3.2354e-07	-3.2272e-07	-0.0018338	-1.7452e-09	0.0018346	3.2332e-07	-3.226e-07	-0.001704	-1.7814e-09	0.001706	3.2308e-07	-3.224e-07	-0.0015412	-1.825e-09	0.0015418	3.2304e-07	-3.2246e-07	-0.00134	-1.8813e-09	0.0013402	3.2302e-07	-3.2264e-07	-0.00109202	-1.9342e-09	0.00109278	3.2276e-07	-3.2242e-07	-0.00079406	-1.994e-09	0.00079422	3.2262e-07	-3.224e-07	-0.00044114	-2.063e-09	0.00044202	3.2242e-07	-3.2234e-07	-2.871e-05	-2.1266e-09	2.8838e-05	3.2234e-07	-3.2244e-07
0.415	-0.0022608	-1.697e-09	0.002262	3.2374e-07	-3.2252e-07	-0.0021902	-1.7252e-09	0.0021908	3.2362e-07	-3.2262e-07	-0.0020996	-1.7687e-09	0.0021014	3.2356e-07	-3.2264e-07	-0.0019856	-1.8083e-09	0.001986	3.233e-07	-3.2252e-07	-0.001841	-1.8506e-09	0.001842	3.231e-07	-3.2246e-07	-0.0016608	-1.8994e-09	0.001661	3.2306e-07	-3.2246e-07	-0.0014396	-1.9474e-09	0.0014394	3.2318e-07	-3.228e-07	-0.001169	-2.0037e-09	0.0011706	3.2272e-07	-3.2236e-07	-0.00084752	-2.0584e-09	0.00084798	3.2272e-07	-3.224e-07	-0.00046914	-2.1275e-09	0.00046912	3.2244e-07	-3.2242e-07	-3.057e-05	-2.2069e-09	3.0604e-05	3.223e-07	-3.2242e-07
0.41	-0.0024554	-1.7578e-09	0.0024578	3.238e-07	-3.2268e-07	-0.0023746	-1.793e-09	0.002377	3.2362e-07	-3.2264e-07	-0.0022736	-1.8201e-09	0.002275	3.2348e-07	-3.226e-07	-0.0021462	-1.8634e-09	0.0021464	3.2332e-07	-3.225e-07	-0.0019844	-1.9037e-09	0.0019848	3.2314e-07	-3.2248e-07	-0.0017852	-1.9502e-09	0.001786	3.2306e-07	-3.2252e-07	-0.0015428	-2.0084e-09	0.0015434	3.2328e-07	-3.2266e-07	-0.0012494	-2.0684e-09	0.0012508	3.2276e-07	-3.2236e-07	-0.00090324	-2.1357e-09	0.00090392	3.226e-07	-3.2242e-07	-0.00049884	-2.2058e-09	0.00049824	3.2246e-07	-3.2244e-07	-3.1956e-05	-2.2718e-09	3.2128e-05	3.2232e-07	-3.2242e-07
0.405	-0.0026566	-1.8095e-09	0.0026576	3.2382e-07	-3.226e-07	-0.002565	-1.8421e-09	0.0025668	3.2356e-07	-3.2258e-07	-0.00245	-1.8874e-09	0.0024508	3.2348e-07	-3.2254e-07	-0.0023076	-1.931e-09	0.0023092	3.2332e-07	-3.2252e-07	-0.0021306	-1.9797e-09	0.0021306	3.2308e-07	-3.2242e-07	-0.0019122	-2.0188e-09	0.0019122	3.2298e-07	-3.2248e-07	-0.0016464	-2.0815e-09	0.001647	3.2314e-07	-3.227e-07	-0.0013296	-2.1323e-09	0.0013312	3.2272e-07	-3.224e-07	-0.00095884	-2.2024e-09	0.0009587	3.2254e-07	-3.2242e-07	-0.0005271	-2.2747e-09	0.00052728	3.224e-07	-3.224e-07	-3.3736e-05	-2.3537e-09	3.3738e-05	3.2236e-07	-3.2248e-07
0.4	-0.0028676	-1.8689e-09	0.0028686	3.2372e-07	-3.2262e-07	-0.0027646	-1.9157e-09	0.0027652	3.2366e-07	-3.2264e-07	-0.0026378	-1.9379e-09	0.0026374	3.234e-07	-3.2258e-07	-0.0024776	-1.9807e-09	0.0024782	3.2336e-07	-3.2256e-07	-0.0022814	-2.0312e-09	0.0022822	3.2314e-07	-3.2252e-07	-0.0020418	-2.0814e-09	0.0020422	3.2302e-07	-3.2246e-07	-0.0017542	-2.1459e-09	0.0017544	3.2334e-07	-3.2284e-07	-0.0014122	-2.2097e-09	0.0014128	3.2278e-07	-3.2246e-07	-0.00101516	-2.2784e-09	0.00101488	3.2258e-07	-3.2242e-07	-0.0005567	-2.355e-09	0.0005563	3.2244e-07	-3.2236e-07	-3.543e-05	-2.4338e-09	3.5608e-05	3.2236e-07	-3.2242e-07
0.395	-0.0030842	-1.9329e-09	0.003084	3.2374e-07	-3.2262e-07	-0.0029684	-1.9605e-09	0.0029692	3.2354e-07	-3.2258e-07	-0.0028252	-2.0109e-09	0.0028256	3.2348e-07	-3.2258e-07	-0.0026502	-2.0592e-09	0.002651	3.233e-07	-3.2248e-07	-0.0024346	-2.1069e-09	0.0024342	3.2314e-07	-3.2246e-07	-0.002173	-2.1561e-09	0.002173	3.2302e-07	-3.2252e-07	-0.0018612	-2.2189e-09	0.0018624	3.2318e-07	-3.227e-07	-0.001495	-2.276e-09	0.0014962	3.2282e-07	-3.2246e-07	-0.00107124	-2.352e-09	0.00107274	3.2264e-07	-3.2248e-07	-0.0005858	-2.4236e-09	0.00058526	3.2252e-07	-3.2244e-07	-3.7484e-05	-2.5128e-09	3.7492e-05	3.2232e-07	-3.224e-07
0.39	-0.0033106	-1.9888e-09	0.0033106	3.2374e-07	-3.2264e-07	-0.0031818	-2.037e-09	0.0031806	3.2354e-07	-3.226e-07	-0.0030216	-2.0696e-09	0.003022	3.235e-07	-3.225e-07	-0.0028278	-2.1151e-09	0.002829	3.2332e-07	-3.2254e-07	-0.002591	-2.1626e-09	0.002592	3.2314e-07	-3.2254e-07	-0.0023084	-2.2269e-09	0.002307	3.2306e-07	-3.2246e-07	-0.0019726	-2.2873e-09	0.0019728	3.2314e-07	-3.2266e-07	-0.0015798	-2.3589e-09	0.00158	3.2278e-07	-3.2248e-07	-0.00112804	-2.4323e-09	0.00112966	3.2268e-07	-3.225e-07	-0.0006154	-2.5147e-09	0.000615	3.2256e-07	-3.2246e-07	-3.8864e-05	-2.5903e-09	3.9226e-05	3.224e-07	-3.2246e-07
0.385	-0.0035394	-2.0543e-09	0.0035404	3.2376e-07	-3.227e-07	-0.0033958	-2.0886e-09	0.0033952	3.2362e-07	-3.227e-07	-0.0032202	-2.1463e-09	0.0032222	3.234e-07	-3.2258e-07	-0.0030074	-2.1903e-09	0.0030078	3.2324e-07	-3.2254e-07	-0.0027494	-2.2459e-09	0.0027492	3.232e-07	-3.226e-07	-0.002442	-2.2982e-09	0.0024428	3.23e-07	-3.2244e-07	-0.0020812	-2.3635e-09	0.0020826	3.2304e-07	-3.2264e-07	-0.0016628	-2.434e-09	0.0016644	3.2276e-07	-3.2248e-07	-0.0011848	-2.5171e-09	0.0011854	3.227e-07	-3.2242e-07	-0.0006439	-2.5812e-09	0.00064514	3.2254e-07	-3.2244e-07	-4.0828e-05	-2.6869e-09	4.0872e-05	3.2228e-07	-3.2234e-07
0.38	-0.003779	-2.1173e-09	0.00378	3.2374e-07	-3.2266e-07	-0.0036184	-2.1661e-09	0.0036188	3.2358e-07	-3.2254e-07	-0.0034248	-2.2038e-09	0.003425	3.2338e-07	-3.2258e-07	-0.0031904	-2.2541e-09	0.0031924	3.2332e-07	-3.2256e-07	-0.002911	-2.3101e-09	0.002912	3.2312e-07	-3.2254e-07	-0.0025788	-2.3763e-09	0.0025802	3.2298e-07	-3.2248e-07	-0.002193	-2.441e-09	0.002193	3.2364e-07	-3.2266e-07	-0.0017474	-2.5193e-09	0.0017496	3.2272e-07	-3.2242e-07	-0.001241	-2.5915e-09	0.0012432	3.226e-07	-3.2246e-07	-0.00067374	-2.6821e-09	0.00067532	3.225e-07	-3.2248e-07	-4.252e-05	-2.7693e-09	4.2444e-05	3.2234e-07	-3.2238e-07
0.375	-0.0040198	-2.1889e-09	0.0040198	3.238e-07	-3.2272e-07	-0.0038438	-2.2198e-09	0.003843	3.2362e-07	-3.226e-07	-0.0036308	-2.2831e-09	0.0036312	3.2348e-07	-3.2258e-07	-0.0033764	-2.333e-09	0.003376	3.2324e-07	-3.2254e-07	-0.003072	-2.396e-09	0.0030722	3.2308e-07	-3.2252e-07	-0.0027156	-2.4559e-09	0.002716	3.2302e-07	-3.2248e-07	-0.002304	-2.5229e-09	0.0023034	3.2306e-07	-3.2266e-07	-0.0018306	-2.6011e-09	0.0018328	3.227e-07	-3.2246e-07	-0.0012976	-2.6826e-09	0.0012992	3.227e-07	-3.2254e-07	-0.00070328	-2.7608e-09	0.00070406	3.2252e-07	-3.224e-07	-4.4434e-05	-2.8576e-09	4.431e-05	3.224e-07	-3.2238e-07
0.37	-0.0042686	-2.256e-09	0.0042698	3.2378e-07	-3.227e-07	-0.0040734	-2.3074e-09	0.004075	3.2354e-07	-3.226e-07	-0.00384	-2.3468e-09	0.003841	3.234e-07	-3.2264e-07	-0.0035638	-2.4023e-09	0.003565	3.2332e-07	-3.2254e-07	-0.0032368	-2.4622e-09	0.0032376	3.2316e-07	-3.2248e-07	-0.0028546	-2.5365e-09	0.0028544	3.2298e-07	-3.2246e-07	-0.0024148	-2.6092e-09	0.0024152	3.2304e-07	-3.227e-07	-0.0019164	-2.6855e-09	0.0019166	3.2276e-07	-3.2248e-07	-0.0013554	-2.7664e-09	0.0013566	3.227e-07	-3.2236e-07	-0.0007319	-2.8643e-09	0.0007327	3.2252e-07	-3.2244e-07	-4.6324e-05	-2.9553e-09	4.633e-05	3.2226e-07	-3.2236e-07
0.365	-0.0045194	-2.3258e-09	0.004519	3.2378e-07	-3.2264e-07	-0.0043056	-2.3643e-09	0.0043068	3.235e-07	-3.226e-07	-0.0040516	-2.431e-09	0.0040524	3.2338e-07	-3.2262e-07	-0.0037518	-2.4879e-09	0.0037504	3.2334e-07	-3.2254e-07	-0.003399	-2.5536e-09	0.0033996	3.2318e-07	-3.225e-07	-0.002991	-2.6091e-09	0.002992	3.23e-07	-3.224e-07	-0.0025254	-2.6907e-09	0.0025258	3.2318e-07	-3.227e-07	-0.0019992	-2.7737e-09	0.0019986	3.2276e-07	-3.224e-07	-0.0014112	-2.8658e-09	0.0014116	3.227e-07	-3.2248e-07	-0.00075976	-2.9475e-09	0.00075986	3.2246e-07	-3.2242e-07	-4.7696e-05	-3.0582e-09	4.8018e-05	3.2236e-07	-3.2232e-07
0.36	-0.004775	-2.391e-09	0.0047748	3.2372e-07	-3.2264e-07	-0.0045424	-2.46e-09	0.0045416	3.2354e-07	-3.226e-07	-0.0042648	-2.4941e-09	0.0042652	3.2344e-07	-3.2254e-07	-0.0039414	-2.5607e-09	0.003943	3.2334e-07	-3.2256e-07	-0.003564	-2.6215e-09	0.003566	3.2308e-07	-3.2248e-07	-0.0031302	-2.7054e-09	0.003131	3.2302e-07	-3.2248e-07	-0.0026374	-2.784e-09	0.0026384	3.2312e-07	-3.2266e-07	-0.0020826	-2.8656e-09	0.0020842	3.2272e-07	-3.225e-07	-0.0014672	-2.9506e-09	0.001467	3.2268e-07	-3.2248e-07	-0.00078924	-3.0534e-09	0.00078856	3.2252e-07	-3.2246e-07	-4.9538e-05	-3.1609e-09	4.9618e-05	3.2232e-07	-3.2238e-07
0.355	-0.0050322	-2.4699e-09	0.0050314	3.2372e-07	-3.2264e-07	-0.0047774	-2.5198e-09	0.0047774	3.235e-07	-3.2254e-07	-0.0044768	-2.5893e-09	0.0044776	3.2344e-07	-3.2252e-07	-0.0041298	-2.6511e-09	0.0041304	3.233e-07	-3.2254e-07	-0.0037256	-2.7202e-09	0.0037264	3.232e-07	-3.2252e-07	-0.0032662	-2.7846e-09	0.003266	3.2296e-07	-3.225e-07	-0.0027464	-2.8715e-09	0.002747	3.2314e-07	-3.2272e-07	-0.0021638	-2.9602e-09	0.0021642	3.2272e-07	-3.2246e-07	-0.0015212	-3.0612e-09	0.0015212	3.226e-07	-3.2242e-07	-0.00081656	-3.1456e-09	0.0008176	3.2244e-07	-3.2244e-07	-5.1112e-05	-3.2591e-09	5.1302e-05	3.222e-07	-3.2232e-07
0.35	-0.0052928	-2.5448e-09	0.005293	3.238e-07	-3.2272e-07	-0.0050172	-2.6113e-09	0.0050176	3.2356e-07	-3.226e-07	-0.0046926	-2.6617e-09	0.0046916	3.2338e-07	-3.2254e-07	-0.0043216	-2.7301e-09	0.0043206	3.2336e-07	-3.2258e-07	-0.0038904	-2.7959e-09	0.0038926	3.2312e-07	-3.2252e-07	-0.003403	-2.884e-09	0.0034058	3.2304e-07	-3.2254e-07	-0.0028552	-2.9685e-09	0.0028564	3.231e-07	-3.2266e-07	-0.0022478	-3.0539e-09	0.002247	3.2276e-07	-3.2248e-07	-0.0015772	-3.1479e-09	0.0015772	3.226e-07	-3.2244e-07	-0.0008443	-3.2589e-09	0.00084466	3.225e-07	-3.2242e-07	-5.2726e-05	-3.3628e-09	5.2666e-05	3.223e-07	-3.223e-07
0.345	-0.0055514	-2.6276e-09	0.0055538	3.2376e-07	-3.227e-07	-0.0052538	-2.6818e-09	0.0052546	3.2356e-07	-3.2258e-07	-0.0049062	-2.7554e-09	0.0049064	3.2336e-07	-3.2264e-07	-0.0045086	-2.8227e-09	0.0045088	3.2334e-07	-3.2262e-07	-0.0040534	-2.8946e-09	0.004054	3.232e-07	-3.2256e-07	-0.0035388	-2.9658e-09	0.0035376	3.2302e-07	-3.2246e-07	-0.0029626	-3.0586e-09	0.0029626	3.2306e-07	-3.2266e-07	-0.0023256	-3.1618e-09	0.0023268	3.2278e-07	-3.2242e-07	-0.0016306	-3.2645e-09	0.0016294	3.2254e-07	-3.2242e-07	-0.00087116	-3.3542e-09	0.0008712	3.2242e-07	-3.2238e-07	-5.397e-05	-3.473e-09	5.4112e-05	3.2224e-07	-3.223e-07
0.34	-0.005817	-2.7049e-09	0.005818	3.238e-07	-3.2268e-07	-0.005495	-2.7714e-09	0.0054954	3.235e-07	-3.2256e-07	-0.0051206	-2.8346e-09	0.0051214	3.2338e-07	-3.2258e-07	-0.0046982	-2.9088e-09	0.0046986	3.2348e-07	-3.227e-07	-0.0042122	-2.9829e-09	0.0042148	3.2318e-07	-3.2252e-07	-0.0036728	-3.0769e-09	0.0036732	3.2302e-07	-3.2252e-07	-0.0030696	-3.1604e-09	0.003071	3.2304e-07	-3.2268e-07	-0.0024064	-3.2562e-09	0.0024074	3.2278e-07	-3.2244e-07	-0.0016828	-3.3572e-09	0.0016842	3.2254e-07	-3.2236e-07	-0.00089898	-3.4706e-09	0.00089872	3.2252e-07	-3.2242e-07	-5.5966e-05	-3.5926e-09	5.5898e-05	3.223e-07	-3.2236e-07
0.335	-0.0060786	-2.7896e-09	0.0060798	3.2378e-07	-3.2268e-07	-0.0057322	-2.8578e-09	0.0057318	3.235e-07	-3.226e-07	-0.0053332	-2.9245e-09	0.0053318	3.2344e-07	-3.2254e-07	-0.004883	-3.0058e-09	0.0048844	3.2336e-07	-3.2266e-07	-0.0043732	-3.0812e-09	0.0043742	3.2318e-07	-3.2256e-07	-0.0038038	-3.1567e-09	0.0038042	3.2296e-07	-3.225e-07	-0.0031738	-3.2614e-09	0.003175	3.2308e-07	-3.227e-07	-0.002484	-3.3704e-09	0.0024864	3.2274e-07	-3.2244e-07	-0.001735	-3.473e-09	0.0017346	3.2244e-07	-3.2236e-07	-0.00092538	-3.5754e-09	0.00092466	3.2248e-07	-3.2246e-07	-5.745e-05	-3.7061e-09	5.7442e-05	3.2234e-07	-3.2244e-07
0.33	-0.0063432	-2.8777e-09	0.0063446	3.237e-07	-3.227e-07	-0.0059726	-2.9438e-09	0.005973	3.2354e-07	-3.226e-07	-0.0055468	-3.0168e-09	0.0055476	3.2338e-07	-3.2254e-07	-0.0050704	-3.0937e-09	0.0050704	3.2338e-07	-3.2264e-07	-0.0045332	-3.1784e-09	0.0045334	3.232e-07	-3.226e-07	-0.003935	-3.2752e-09	0.0039364	3.2302e-07	-3.2248e-07	-0.0032794	-3.3699e-09	0.0032814	3.2308e-07	-3.227e-07	-0.002562	-3.4733e-09	0.0025626	3.2276e-07	-3.2246e-07	-0.0017856	-3.5761e-09	0.001786	3.2258e-07	-3.224e-07	-0.0009498	-3.6979e-09	0.00095072	3.2242e-07	-3.2246e-07	-5.8898e-05	-3.8253e-09	5.8918e-05	3.2228e-07	-3.2236e-07
0.325	-0.0066048	-2.9649e-09	0.0066068	3.2374e-07	-3.227e-07	-0.0062068	-3.0397e-09	0.006208	3.2358e-07	-3.226e-07	-0.0057552	-3.114e-09	0.0057568	3.234e-07	-3.2254e-07	-0.0052534	-3.1992e-09	0.0052538	3.2334e-07	-3.2256e-07	-0.0046896	-3.282e-09	0.0046894	3.232e-07	-3.2264e-07	-0.0040652	-3.37e-09	0.0040654	3.2302e-07	-3.2248e-07	-0.0033804	-3.4707e-09	0.0033816	3.2318e-07	-3.227e-07	-0.0026396	-3.592e-09	0.0026394	3.227e-07	-3.2248e-07	-0.0018366	-3.7014e-09	0.001836	3.2262e-07	-3.224e-07	-0.00097614	-3.8133e-09	0.00097622	3.2254e-07	-3.2246e-07	-6.0322e-05	-3.9348e-09	6.0242e-05	3.223e-07	-3.2234e-07
0.32	-0.006867	-3.0576e-09	0.006867	3.2384e-07	-3.2276e-07	-0.006443	-3.1282e-09	0.0064442	3.2352e-07	-3.2258e-07	-0.005966	-3.2086e-09	0.0059658	3.2342e-07	-3.2258e-07	-0.0054364	-3.2921e-09	0.0054358	3.2344e-07	-3.2262e-07	-0.004844	-3.3853e-09	0.0048448	3.2324e-07	-3.2268e-07	-0.004193	-3.4923e-09	0.004193	3.2306e-07	-3.2242e-07	-0.003483	-3.591e-09	0.0034832	3.2302e-07	-3.227e-07	-0.0027144	-3.7024e-09	0.0027148	3.2272e-07	-3.2248e-07	-0.0018852	-3.8181e-09	0.0018864	3.2254e-07	-3.2234e-07	-0.00099962	-3.9404e-09	0.00100078	3.2252e-07	-3.2248e-07	-6.1646e-05	-4.0713e-09	6.1486e-05	3.223e-07	-3.2236e-07
0.315	-0.0071252	-3.154e-09	0.0071262	3.2378e-07	-3.2278e-07	-0.0066768	-3.2316e-09	0.006676	3.2352e-07	-3.2258e-07	-0.0061708	-3.3134e-09	0.0061716	3.2348e-07	-3.226e-07	-0.0056132	-3.4073e-09	0.0056154	3.2332e-07	-3.2264e-07	-0.0049964	-3.4978e-09	0.0049966	3.2316e-07	-3.2252e-07	-0.0043166	-3.5887e-09	0.004318	3.2302e-07	-3.2252e-07	-0.003581	-3.6992e-09	0.0035826	3.231e-07	-3.226e-07	-0.0027856	-3.8296e-09	0.0027868	3.2268e-07	-3.2248e-07	-0.0019338	-3.9495e-09	0.0019356	3.226e-07	-3.224e-07	-0.00102414	-4.0641e-09	0.00102496	3.2254e-07	-3.2248e-07	-6.3342e-05	-4.1941e-09	6.3508e-05	3.2232e-07	-3.2236e-07
0.31	-0.0073834	-3.2494e-09	0.0073846	3.2384e-07	-3.2276e-07	-0.0069072	-3.3275e-09	0.0069086	3.2356e-07	-3.2258e-07	-0.0063772	-3.4131e-09	0.0063772	3.2342e-07	-3.2254e-07	-0.0057944	-3.4996e-09	0.0057934	3.233e-07	-3.2252e-07	-0.0051472	-3.61e-09	0.0051468	3.2316e-07	-3.2258e-07	-0.0044414	-3.7176e-09	0.004443	3.2296e-07	-3.2242e-07	-0.003679	-3.819e-09	0.0036802	3.2318e-07	-3.227e-07	-0.0028568	-3.942e-09	0.0028596	3.2276e-07	-3.2242e-07	-0.0019818	-4.0676e-09	0.001982	3.2258e-07	-3.2236e-07	-0.0010502	-4.1962e-09	0.00104852	3.2252e-07	-3.2244e-07	-6.4874e-05	-4.3395e-09	6.4846e-05	3.2228e-07	-3.223e-07
0.305	-0.007637	-3.355e-09	0.0076378	3.2386e-07	-3.2278e-07	-0.0071362	-3.4418e-09	0.007135	3.2356e-07	-3.2264e-07	-0.0065768	-3.5187e-09	0.006578	3.2342e-07	-3.2258e-07	-0.0059664	-3.62e-09	0.0059672	3.2334e-07	-3.2264e-07	-0.0052942	-3.7183e-09	0.0052926	3.2318e-07	-3.2252e-07	-0.0045634	-3.8233e-09	0.004564	3.23e-07	-3.2248e-07	-0.0037732	-3.941e-09	0.0037746	3.2352e-07	-3.226e-07	-0.0029304	-4.0836e-09	0.002931	3.2278e-07	-3.2244e-07	-0.0020278	-4.1926e-09	0.0020282	3.2258e-07	-3.224e-07	-0.00107276	-4.3209e-09	0.00107188	3.2254e-07	-3.2242e-07	-6.5886e-05	-4.4617e-09	6.6174e-05	3.223e-07	-3.224e-07
0.3	-0.007893	-3.4523e-09	0.0078942	3.2378e-07	-3.227e-07	-0.0073624	-3.5329e-09	0.0073632	3.2362e-07	-3.226e-07	-0.0067764	-3.6319e-09	0.0067776	3.234e-07	-3.226e-07	-0.0061406	-3.729e-09	0.00614	3.233e-07	-3.2258e-07	-0.0054414	-3.8527e-09	0.0054412	3.2314e-07	-3.2248e-07	-0.0046822	-3.9529e-09	0.0046836	3.2298e-07	-3.2254e-07	-0.0038686	-4.0711e-09	0.0038692	3.2308e-07	-3.2264e-07	-0.003	-4.1948e-09	0.0029982	3.2272e-07	-3.2236e-07	-0.0020754	-4.3244e-09	0.0020758	3.2248e-07	-3.2238e-07	-0.00109396	-4.469e-09	0.00109558	3.2246e-07	-3.2246e-07	-6.7326e-05	-4.6207e-09	6.7602e-05	3.2222e-07	-3.2234e-07
0.295	-0.0081396	-3.5578e-09	0.0081404	3.2376e-07	-3.2276e-07	-0.0075836	-3.6561e-09	0.0075832	3.235e-07	-3.226e-07	-0.0069694	-3.7496e-09	0.0069738	3.2338e-07	-3.2268e-07	-0.0063078	-3.8552e-09	0.006308	3.233e-07	-3.2266e-07	-0.0055812	-3.973e-09	0.005582	3.2316e-07	-3.2258e-07	-0.0047986	-4.0692e-09	0.0048002	3.2294e-07	-3.225e-07	-0.0039608	-4.1987e-09	0.0039604	3.2306e-07	-3.2318e-07	-0.0030664	-4.3423e-09	0.0030674	3.2272e-07	-3.224e-07	-0.0021184	-4.4613e-09	0.0021192	3.2254e-07	-3.2242e-07	-0.00111714	-4.6052e-09	0.00111864	3.2256e-07	-3.2252e-07	-6.8866e-05	-4.7534e-09	6.87e-05	3.2222e-07	-3.223e-07
0.29	-0.008388	-3.6705e-09	0.0083888	3.2384e-07	-3.2278e-07	-0.0078058	-3.7582e-09	0.0078048	3.2354e-07	-3.226e-07	-0.0071656	-3.8705e-09	0.007167	3.234e-07	-3.2258e-07	-0.0064764	-3.9703e-09	0.0064768	3.233e-07	-3.2264e-07	-0.0057248	-4.1006e-09	0.0057236	3.2308e-07	-3.2256e-07	-0.004914	-4.2137e-09	0.0049176	3.23e-07	-3.2252e-07	-0.0040526	-4.326e-09	0.0040518	3.2308e-07	-3.2264e-07	-0.0031336	-4.4667e-09	0.003135	3.2276e-07	-3.224e-07	-0.0021614	-4.6136e-09	0.0021634	3.2258e-07	-3.224e-07	-0.00113964	-4.7549e-09	0.00114026	3.2254e-07	-3.2244e-07	-6.9956e-05	-4.9103e-09	7.0372e-05	3.2224e-07	-3.2234e-07
0.285	-0.0086296	-3.7831e-09	0.0086304	3.2382e-07	-3.2276e-07	-0.00802	-3.8883e-09	0.00802	3.236e-07	-3.226e-07	-0.0073552	-3.9895e-09	0.0073554	3.234e-07	-3.2258e-07	-0.0066372	-4.0988e-09	0.0066386	3.2334e-07	-3.2266e-07	-0.005861	-4.2213e-09	0.005861	3.2312e-07	-3.2252e-07	-0.0050262	-4.332e-09	0.0050272	3.23e-07	-3.2248e-07	-0.0041394	-4.458e-09	0.0041388	3.2306e-07	-3.227e-07	-0.0031974	-4.6199e-09	0.0031994	3.2276e-07	-3.2242e-07	-0.0022048	-4.7511e-09	0.002205	3.226e-07	-3.2246e-07	-0.001163	-4.9097e-09	0.0011634	3.2254e-07	-3.2244e-07	-7.1596e-05	-5.0519e-09	7.1592e-05	3.2224e-07	-3.2236e-07
0.28	-0.0088704	-3.9102e-09	0.0088722	3.2374e-07	-3.2272e-07	-0.0082354	-3.9996e-09	0.0082344	3.2352e-07	-3.2264e-07	-0.0075406	-4.1166e-09	0.0075436	3.234e-07	-3.2264e-07	-0.0067988	-4.2175e-09	0.0067988	3.2334e-07	-3.226e-07	-0.0059966	-4.3636e-09	0.0059956	3.2314e-07	-3.2246e-07	-0.0051392	-4.4785e-09	0.0051386	3.23e-07	-3.2246e-07	-0.0042266	-4.6099e-09	0.0042266	3.2314e-07	-3.2272e-07	-0.0032622	-4.746e-09	0.003262	3.2274e-07	-3.224e-07	-0.0022478	-4.9106e-09	0.0022484	3.2258e-07	-3.2242e-07	-0.0011814	-5.0576e-09	0.0011846	3.2254e-07	-3.2246e-07	-7.2692e-05	-5.2281e-09	7.2878e-05	3.2234e-07	-3.2236e-07
0.275	-0.0091054	-4.0285e-09	0.0091048	3.2372e-07	-3.2272e-07	-0.008442	-4.1324e-09	0.0084414	3.2362e-07	-3.2268e-07	-0.0077236	-4.2522e-09	0.0077236	3.2342e-07	-3.2258e-07	-0.006954	-4.37e-09	0.0069576	3.2338e-07	-3.2266e-07	-0.0061268	-4.4878e-09	0.006127	3.2314e-07	-3.2254e-07	-0.0052448	-4.6201e-09	0.0052462	3.2304e-07	-3.2258e-07	-0.0043088	-4.7457e-09	0.0043104	3.232e-07	-3.2278e-07	-0.0033242	-4.9092e-09	0.0033238	3.2278e-07	-3.2246e-07	-0.0022862	-5.0461e-09	0.0022896	3.2266e-07	-3.224e-07	-0.001203	-5.2151e-09	0.001203	3.2246e-07	-3.2242e-07	-7.3982e-05	-5.3741e-09	7.3832e-05	3.2234e-07	-3.224e-07
0.27	-0.0093396	-4.1502e-09	0.0093408	3.2372e-07	-3.2274e-07	-0.0086518	-4.2505e-09	0.0086494	3.2356e-07	-3.2262e-07	-0.0079042	-4.3766e-09	0.0079036	3.2334e-07	-3.2258e-07	-0.0071094	-4.492e-09	0.0071114	3.2336e-07	-3.2264e-07	-0.0062578	-4.6337e-09	0.0062592	3.232e-07	-3.2258e-07	-0.0053524	-4.7733e-09	0.0053506	3.231e-07	-3.2264e-07	-0.0043938	-4.9016e-09	0.0043952	3.2308e-07	-3.2276e-07	-0.0033842	-5.0561e-09	0.003385	3.2276e-07	-3.2238e-07	-0.002329	-5.2229e-09	0.0023282	3.226e-07	-3.2248e-07	-0.0012238	-5.3704e-09	0.001225	3.2246e-07	-3.2246e-07	-7.4968e-05	-5.5511e-09	7.5026e-05	3.2236e-07	-3.2242e-07
0.265	-0.0095654	-4.2769e-09	0.0095656	3.2384e-07	-3.2288e-07	-0.008847	-4.3917e-09	0.0088476	3.2354e-07	-3.227e-07	-0.0080788	-4.5196e-09	0.0080808	3.2338e-07	-3.2254e-07	-0.0072604	-4.642e-09	0.0072594	3.232e-07	-3.2258e-07	-0.0063828	-4.7743e-09	0.0063844	3.2318e-07	-3.226e-07	-0.0054536	-4.9195e-09	0.005453	3.2308e-07	-3.2258e-07	-0.0044728	-5.0533e-09	0.0044738	3.2308e-07	-3.227e-07	-0.0034452	-5.2209e-09	0.0034458	3.2278e-07	-3.2246e-07	-0.0023666	-5.3779e-09	0.0023678	3.2252e-07	-3.224e-07	-0.001243	-5.5383e-09	0.0012438	3.2248e-07	-3.2236e-07	-7.6276e-05	-5.7114e-09	7.6288e-05	3.2234e-07	-3.2242e-07
0.26	-0.0097882	-4.4129e-09	0.0097902	3.2378e-07	-3.228e-07	-0.0090466	-4.5162e-09	0.0090482	3.235e-07	-3.227e-07	-0.0082528	-4.65e-09	0.0082518	3.2344e-07	-3.2266e-07	-0.00741	-4.7831e-09	0.0074076	3.2326e-07	-3.2258e-07	-0.006508	-4.9249e-09	0.0065104	3.2314e-07	-3.225e-07	-0.0055552	-5.0707e-09	0.0055552	3.2308e-07	-3.226e-07	-0.0045542	-5.2601e-09	0.0045542	3.2312e-07	-3.2276e-07	-0.0035004	-5.3774e-09	0.003503	3.2276e-07	-3.2244e-07	-0.0024064	-5.5456e-09	0.0024054	3.226e-07	-3.2248e-07	-0.001263	-5.7117e-09	0.001264	3.225e-07	-3.2242e-07	-7.7038e-05	-5.8948e-09	7.7348e-05	3.2234e-07	-3.2236e-07
0.255	-0.010008	-4.5468e-09	0.0100086	3.2374e-07	-3.2278e-07	-0.0092396	-4.6634e-09	0.0092424	3.236e-07	-3.227e-07	-0.0084184	-4.8081e-09	0.00842	3.2334e-07	-3.2256e-07	-0.0075532	-4.9322e-09	0.0075538	3.2336e-07	-3.226e-07	-0.0066266	-5.0693e-09	0.0066298	3.2314e-07	-3.226e-07	-0.0056548	-5.226e-09	0.005654	3.2312e-07	-3.2264e-07	-0.0046314	-5.3874e-09	0.00463	3.231e-07	-3.2272e-07	-0.0035566	-5.546e-09	0.0035606	3.2276e-07	-3.2252e-07	-0.0024444	-5.7143e-09	0.002443	3.2258e-07	-3.2236e-07	-0.0012818	-5.8856e-09	0.0012822	3.2252e-07	-3.2248e-07	-7.7714e-05	-6.0675e-09	7.7926e-05	3.2224e-07	-3.2234e-07
0.25	-0.010222	-4.6839e-09	0.010223	3.2382e-07	-3.2282e-07	-0.0094296	-4.7999e-09	0.00943	3.2356e-07	-3.2264e-07	-0.0085854	-4.9411e-09	0.0085854	3.2336e-07	-3.2266e-07	-0.0076958	-5.0862e-09	0.0076954	3.2324e-07	-3.2258e-07	-0.006747	-5.23e-09	0.0067492	3.232e-07	-3.226e-07	-0.005753	-5.3912e-09	0.0057508	3.2304e-07	-3.2258e-07	-0.0047068	-5.5579e-09	0.0047078	3.2314e-07	-3.2276e-07	-0.003615	-5.7186e-09	0.0036166	3.2272e-07	-3.2246e-07	-0.0024794	-5.9056e-09	0.002481	3.2258e-07	-3.2242e-07	-0.0012998	-6.0644e-09	0.0013006	3.2246e-07	-3.2232e-07	-7.8942e-05	-6.2528e-09	7.8928e-05	3.2232e-07	-3.2234e-07
0.245	-0.0104316	-4.828e-09	0.0104324	3.2378e-07	-3.2282e-07	-0.0096122	-4.9536e-09	0.0096144	3.2364e-07	-3.2276e-07	-0.0087468	-5.094e-09	0.0087464	3.233e-07	-3.226e-07	-0.0078336	-5.2428e-09	0.0078332	3.2326e-07	-3.226e-07	-0.0068624	-5.3986e-09	0.0068622	3.2308e-07	-3.2258e-07	-0.0058438	-5.5507e-09	0.0058444	3.231e-07	-3.2256e-07	-0.0047778	-5.718e-09	0.0047814	3.229e-07	-3.2256e-07	-0.0036688	-5.8884e-09	0.0036702	3.227e-07	-3.2236e-07	-0.0025128	-6.0676e-09	0.002513	3.2262e-07	-3.2244e-07	-0.0013158	-6.2655e-09	0.0013178	3.2248e-07	-3.2242e-07	-8.0416e-05	-6.4416e-09	8.066e-05	3.2238e-07	-3.224e-07
0.24	-0.0106352	-4.9726e-09	0.0106382	3.238e-07	-3.2278e-07	-0.0097962	-5.0985e-09	0.0097966	3.2366e-07	-3.2272e-07	-0.0089026	-5.2486e-09	0.0089018	3.2342e-07	-3.2256e-07	-0.0079666	-5.4028e-09	0.0079668	3.233e-07	-3.2258e-07	-0.0069738	-5.5643e-09	0.0069754	3.2314e-07	-3.2248e-07	-0.0059346	-5.7186e-09	0.0059346	3.2312e-07	-3.2264e-07	-0.00485	-5.9059e-09	0.0048532	3.2296e-07	-3.2252e-07	-0.0037222	-6.0773e-09	0.0037212	3.2268e-07	-3.2242e-07	-0.002548	-6.2658e-09	0.002547	3.2254e-07	-3.2244e-07	-0.0013332	-6.455e-09	0.0013348	3.2236e-07	-3.2232e-07	-8.1518e-05	-6.6326e-09	8.1484e-05	3.224e-07	-3.2238e-07
0.235	-0.0108398	-5.1185e-09	0.0108402	3.2378e-07	-3.2278e-07	-0.0099718	-5.2587e-09	0.0099748	3.2362e-07	-3.2278e-07	-0.00906	-5.4157e-09	0.0090582	3.2336e-07	-3.226e-07	-0.008099	-5.5651e-09	0.008101	3.2328e-07	-3.2258e-07	-0.0070864	-5.7275e-09	0.0070886	3.2312e-07	-3.225e-07	-0.0060264	-5.8912e-09	0.0060274	3.2312e-07	-3.2258e-07	-0.0049214	-6.0673e-09	0.0049222	3.2294e-07	-3.2254e-07	-0.0037726	-6.2527e-09	0.0037736	3.2274e-07	-3.2242e-07	-0.002582	-6.4411e-09	0.0025824	3.226e-07	-3.2242e-07	-0.0013518	-6.6443e-09	0.0013512	3.2238e-07	-3.2236e-07	-8.19e-05	-6.8329e-09	8.2202e-05	3.223e-07	-3.2236e-07
0.23	-0.011037	-5.2757e-09	0.0110382	3.2384e-07	-3.2288e-07	-0.0101476	-5.4118e-09	0.010148	3.2354e-07	-3.227e-07	-0.009207	-5.5728e-09	0.009209	3.2344e-07	-3.2266e-07	-0.008227	-5.7421e-09	0.0082268	3.2324e-07	-3.226e-07	-0.0071958	-5.91e-09	0.0071944	3.2314e-07	-3.2252e-07	-0.0061122	-6.0722e-09	0.0061142	3.2304e-07	-3.2254e-07	-0.0049898	-6.2556e-09	0.0049894	3.2292e-07	-3.225e-07	-0.0038242	-6.4538e-09	0.0038232	3.227e-07	-3.2246e-07	-0.0026158	-6.6449e-09	0.002618	3.2264e-07	-3.2246e-07	-0.0013666	-6.8448e-09	0.0013664	3.224e-07	-3.2236e-07	-8.3284e-05	-7.0462e-09	8.3426e-05	3.2228e-07	-3.2242e-07
0.225	-0.0112326	-5.4332e-09	0.0112316	3.238e-07	-3.228e-07	-0.0103182	-5.581e-09	0.0103196	3.236e-07	-3.2276e-07	-0.009354	-5.7527e-09	0.0093566	3.2338e-07	-3.2264e-07	-0.0083556	-5.9074e-09	0.0083558	3.233e-07	-3.226e-07	-0.0073008	-6.0839e-09	0.0073034	3.2308e-07	-3.2264e-07	-0.0062	-6.2624e-09	0.0061996	3.2304e-07	-3.2258e-07	-0.005058	-6.4452e-09	0.0050604	3.2292e-07	-3.2258e-07	-0.0038724	-6.6362e-09	0.0038736	3.2274e-07	-3.2242e-07	-0.0026512	-6.8384e-09	0.0026476	3.2258e-07	-3.224e-07	-0.0013856	-7.0517e-09	0.0013832	3.2242e-07	-3.2234e-07	-8.4544e-05	-7.2573e-09	8.4472e-05	3.2232e-07	-3.2238e-07
0.22	-0.0114208	-5.5982e-09	0.0114206	3.238e-07	-3.2282e-07	-0.0104832	-5.7494e-09	0.0104826	3.2352e-07	-3.2264e-07	-0.0094984	-5.9198e-09	0.0095014	3.2346e-07	-3.227e-07	-0.0084768	-6.0973e-09	0.008479	3.2332e-07	-3.226e-07	-0.0074026	-6.2651e-09	0.007403	3.2318e-07	-3.2252e-07	-0.0062822	-6.4473e-09	0.0062844	3.231e-07	-3.2256e-07	-0.0051222	-6.6368e-09	0.0051228	3.229e-07	-3.2258e-07	-0.0039204	-6.8433e-09	0.0039218	3.2286e-07	-3.225e-07	-0.0026794	-7.0417e-09	0.0026784	3.2258e-07	-3.224e-07	-0.001399	-7.2521e-09	0.0014004	3.2244e-07	-3.2236e-07	-8.4748e-05	-7.4664e-09	8.4948e-05	3.2228e-07	-3.2238e-07
0.215	-0.01158	-5.7643e-09	0.011602	3.238e-07	-3.2282e-07	-0.0106468	-5.918e-09	0.0106472	3.2354e-07	-3.227e-07	-0.009642	-6.0985e-09	0.0096448	3.2344e-07	-3.2266e-07	-0.0085976	-6.275e-09	0.0086004	3.2326e-07	-3.2258e-07	-0.007505	-6.4552e-09	0.0075044	3.2314e-07	-3.2254e-07	-0.0063654	-6.6515e-09	0.0063684	3.2306e-07	-3.2252e-07	-0.0051882	-6.831e-09	0.0051874	3.2288e-07	-3.2248e-07	-0.003968	-7.0361e-09	0.0039682	3.2284e-07	-3.2252e-07	-0.0027098	-7.2436e-09	0.0027114	3.2258e-07	-3.224e-07	-0.0014146	-7.4688e-09	0.0014168	3.2244e-07	-3.2236e-07	-8.6084e-05	-7.7048e-09	8.6474e-05	3.2226e-07	-3.224e-07
0.21	-0.011756	-5.9223e-09	0.011782	3.2372e-07	-3.2282e-07	-0.0108032	-6.1008e-09	0.0108052	3.2356e-07	-3.227e-07	-0.0097796	-6.2882e-09	0.00978	3.2344e-07	-3.227e-07	-0.008716	-6.4669e-09	0.0087184	3.233e-07	-3.2262e-07	-0.0076022	-6.6514e-09	0.0076022	3.2306e-07	-3.2252e-07	-0.0064446	-6.8289e-09	0.0064444	3.2308e-07	-3.2258e-07	-0.0052486	-7.0348e-09	0.0052482	3.2288e-07	-3.2252e-07	-0.004012	-7.2541e-09	0.0040124	3.2278e-07	-3.2254e-07	-0.0027388	-7.4735e-09	0.0027418	3.2262e-07	-3.2236e-07	-0.0014312	-7.6845e-09	0.001429	3.224e-07	-3.224e-07	-8.7524e-05	-7.9157e-09	8.7506e-05	3.2234e-07	-3.2234e-07
0.205	-0.011938	-6.1021e-09	0.01196	3.2366e-07	-3.227e-07	-0.0109612	-6.2774e-09	0.0109596	3.2354e-07	-3.2272e-07	-0.0099134	-6.4685e-09	0.0099136	3.2342e-07	-3.2272e-07	-0.008829	-6.6281e-09	0.008834	3.2326e-07	-3.2264e-07	-0.0076992	-6.8487e-09	0.0077	3.2314e-07	-3.2252e-07	-0.0065222	-7.041e-09	0.0065242	3.2306e-07	-3.2258e-07	-0.005311	-7.2452e-09	0.0053122	3.23e-07	-3.2256e-07	-0.0040602	-7.4575e-09	0.0040564	3.2278e-07	-3.2248e-07	-0.002769	-7.6774e-09	0.002767	3.2254e-07	-3.224e-07	-0.0014452	-7.9111e-09	0.001443	3.2244e-07	-3.2242e-07	-8.766e-05	-8.175e-09	8.7644e-05	3.2228e-07	-3.2238e-07
0.2	-0.012108	-6.2775e-09	0.01213	3.237e-07	-3.2278e-07	-0.0111114	-6.4736e-09	0.0111088	3.2354e-07	-3.2268e-07	-0.0100442	-6.6592e-09	0.0100444	3.2344e-07	-3.227e-07	-0.008941	-6.8455e-09	0.008943	3.233e-07	-3.226e-07	-0.00779	-7.0524e-09	0.0077924	3.2314e-07	-3.2254e-07	-0.0065996	-7.2435e-09	0.0065988	3.23e-07	-3.2262e-07	-0.0053678	-7.4592e-09	0.0053704	3.2302e-07	-3.2258e-07	-0.0041012	-7.6907e-09	0.0041014	3.2276e-07	-3.225e-07	-0.0027996	-7.9168e-09	0.0027984	3.2264e-07	-3.2244e-07	-0.0014582	-8.1377e-09	0.0014602	3.2254e-07	-3.2248e-07	-8.9096e-05	-8.3823e-09	8.9118e-05	3.223e-07	-3.223e-07
0.195	-0.01228	-6.481e-09	0.012302	3.2366e-07	-3.2272e-07	-0.0112614	-6.6547e-09	0.0112614	3.2354e-07	-3.2278e-07	-0.0101732	-6.8518e-09	0.0101742	3.2344e-07	-3.2264e-07	-0.0090508	-7.0288e-09	0.0090516	3.2326e-07	-3.226e-07	-0.0078854	-7.2534e-09	0.0078832	3.2316e-07	-3.2254e-07	-0.0066728	-7.4766e-09	0.0066756	3.2304e-07	-3.2254e-07	-0.0054302	-7.677e-09	0.0054268	3.23e-07	-3.2252e-07	-0.0041426	-7.8978e-09	0.0041448	3.2284e-07	-3.2256e-07	-0.0028244	-8.1335e-09	0.0028242	3.226e-07	-3.2246e-07	-0.0014742	-8.3806e-09	0.0014748	3.2244e-07	-3.2242e-07	-8.9434e-05	-8.6455e-09	8.9318e-05	3.2224e-07	-3.2236e-07
0.19	-0.01244	-6.6761e-09	0.012462	3.2366e-07	-3.2282e-07	-0.0114036	-6.8555e-09	0.011404	3.2356e-07	-3.2278e-07	-0.0103	-7.0543e-09	0.0102964	3.2344e-07	-3.2266e-07	-0.0091586	-7.244e-09	0.0091582	3.2326e-07	-3.2256e-07	-0.0079718	-7.468e-09	0.0079716	3.2318e-07	-3.2254e-07	-0.006747	-7.6752e-09	0.0067446	3.2308e-07	-3.2254e-07	-0.005482	-7.9019e-09	0.0054834	3.2296e-07	-3.2258e-07	-0.004183	-8.1411e-09	0.0041852	3.2278e-07	-3.225e-07	-0.0028524	-8.359e-09	0.0028534	3.2252e-07	-3.2236e-07	-0.001484	-8.6184e-09	0.0014872	3.2244e-07	-3.2236e-07	-9.002e-05	-8.8651e-09	9.0412e-05	3.2234e-07	-3.2236e-07
0.185	-0.012606	-6.8738e-09	0.012626	3.2374e-07	-3.2278e-07	-0.01152	-7.0599e-09	0.01154	3.235e-07	-3.2282e-07	-0.0104208	-7.2694e-09	0.0104206	3.2338e-07	-3.226e-07	-0.0092628	-7.4466e-09	0.0092644	3.233e-07	-3.227e-07	-0.0080598	-7.6811e-09	0.0080588	3.2318e-07	-3.226e-07	-0.0068178	-7.9078e-09	0.0068188	3.231e-07	-3.2256e-07	-0.0055392	-8.118e-09	0.0055384	3.229e-07	-3.2248e-07	-0.0042252	-8.3611e-09	0.004225	3.2288e-07	-3.226e-07	-0.0028776	-8.5923e-09	0.0028788	3.2258e-07	-3.2242e-07	-0.0015002	-8.8774e-09	0.0015002	3.2242e-07	-3.2244e-07	-9.0866e-05	-9.1394e-09	9.1016e-05	3.2238e-07	-3.224e-07
0.18	-0.012762	-7.0742e-09	0.012782	3.2374e-07	-3.2278e-07	-0.011656	-7.2705e-09	0.011678	3.2358e-07	-3.2276e-07	-0.0105378	-7.4858e-09	0.010538	3.2338e-07	-3.2268e-07	-0.0093642	-7.6757e-09	0.0093656	3.2328e-07	-3.2266e-07	-0.0081454	-7.9157e-09	0.008146	3.2312e-07	-3.2256e-07	-0.0068868	-8.125e-09	0.0068852	3.2308e-07	-3.2258e-07	-0.0055914	-8.368e-09	0.0055954	3.2294e-07	-3.2258e-07	-0.0042642	-8.6167e-09	0.004266	3.2278e-07	-3.2254e-07	-0.002905	-8.8427e-09	0.0029056	3.226e-07	-3.2246e-07	-0.0015112	-9.1229e-09	0.0015132	3.2242e-07	-3.2236e-07	-9.179e-05	-9.4008e-09	9.2e-05	3.2236e-07	-3.2246e-07
0.175	-0.012914	-7.2788e-09	0.012936	3.2366e-07	-3.2274e-07	-0.011794	-7.4756e-09	0.011812	3.2358e-07	-3.2272e-07	-0.0106572	-7.6954e-09	0.0106554	3.2342e-07	-3.2266e-07	-0.0094678	-7.8947e-09	0.0094668	3.2328e-07	-3.227e-07	-0.008228	-8.1383e-09	0.0082258	3.2312e-07	-3.2262e-07	-0.0069542	-8.3926e-09	0.0069546	3.2306e-07	-3.2258e-07	-0.0056456	-8.6068e-09	0.0056456	3.2296e-07	-3.2248e-07	-0.004304	-8.8927e-09	0.004304	3.2282e-07	-3.2252e-07	-0.0029298	-9.0879e-09	0.0029296	3.226e-07	-3.2246e-07	-0.0015246	-9.3836e-09	0.0015248	3.2244e-07	-3.224e-07	-9.234e-05	-9.6672e-09	9.2486e-05	3.2236e-07	-3.2238e-07
0.17	-0.013064	-7.4987e-09	0.013086	3.2372e-07	-3.2278e-07	-0.011922	-7.699e-09	0.011942	3.2352e-07	-3.2272e-07	-0.0107712	-7.9257e-09	0.01077	3.2334e-07	-3.227e-07	-0.0095612	-8.1386e-09	0.0095594	3.2326e-07	-3.2258e-07	-0.0083064	-8.3764e-09	0.0083076	3.2308e-07	-3.2256e-07	-0.0070184	-8.5886e-09	0.007021	3.2308e-07	-3.2258e-07	-0.0056946	-8.8452e-09	0.0056964	3.2284e-07	-3.2252e-07	-0.00434	-9.1151e-09	0.0043418	3.2278e-07	-3.2248e-07	-0.0029536	-9.3531e-09	0.002955	3.2264e-07	-3.2242e-07	-0.001536	-9.6539e-09	0.0015382	3.2242e-07	-3.2238e-07	-9.263e-05	-9.9257e-09	9.2512e-05	3.223e-07	-3.2236e-07
0.165	-0.01321	-7.7023e-09	0.013232	3.2372e-07	-3.2278e-07	-0.012054	-7.9159e-09	0.012074	3.2356e-07	-3.2266e-07	-0.0108806	-8.1377e-09	0.010882	3.2338e-07	-3.2262e-07	-0.0096556	-8.371e-09	0.0096588	3.233e-07	-3.2264e-07	-0.0083874	-8.6099e-09	0.0083878	3.2308e-07	-3.2246e-07	-0.0070828	-8.8446e-09	0.0070854	3.2286e-07	-3.224e-07	-0.0057486	-9.1035e-09	0.0057462	3.228e-07	-3.2242e-07	-0.0043762	-9.3712e-09	0.0043776	3.2276e-07	-3.2252e-07	-0.0029792	-9.6162e-09	0.0029784	3.2264e-07	-3.2242e-07	-0.0015486	-9.9089e-09	0.00155	3.2242e-07	-3.2246e-07	-9.362e-05	-1.02152e-08	9.3766e-05	3.2226e-07	-3.224e-07
0.16	-0.01335	-7.9398e-09	0.013372	3.2374e-07	-3.2278e-07	-0.012174	-8.1513e-09	0.012196	3.2356e-07	-3.2268e-07	-0.0109862	-8.3595e-09	0.0109898	3.2342e-07	-3.2262e-07	-0.009748	-8.623e-09	0.0097484	3.233e-07	-3.226e-07	-0.0084658	-8.8622e-09	0.0084634	3.2318e-07	-3.2264e-07	-0.0071464	-9.0933e-09	0.0071484	3.2296e-07	-3.2252e-07	-0.0057966	-9.3511e-09	0.0057944	3.2282e-07	-3.2252e-07	-0.004412	-9.6383e-09	0.004413	3.2278e-07	-3.225e-07	-0.0030028	-9.9031e-09	0.003004	3.2262e-07	-3.224e-07	-0.0015596	-1.02073e-08	0.0015608	3.2238e-07	-3.2236e-07	-9.4492e-05	-1.04896e-08	9.432e-05	3.2234e-07	-3.224e-07
0.155	-0.01349	-8.1564e-09	0.01351	3.2376e-07	-3.2278e-07	-0.012298	-8.3694e-09	0.012322	3.2354e-07	-3.2274e-07	-0.011094	-8.602e-09	0.0110942	3.235e-07	-3.2266e-07	-0.0098386	-8.8576e-09	0.0098382	3.2328e-07	-3.2262e-07	-0.0085396	-9.1043e-09	0.0085402	3.2312e-07	-3.226e-07	-0.0072058	-9.3503e-09	0.0072068	3.23e-07	-3.225e-07	-0.0058428	-9.6423e-09	0.0058434	3.2284e-07	-3.2244e-07	-0.0044472	-9.9006e-09	0.0044488	3.2284e-07	-3.2252e-07	-0.0030242	-1.01888e-08	0.0030254	3.226e-07	-3.224e-07	-0.0015722	-1.04667e-08	0.0015744	3.2242e-07	-3.2242e-07	-9.5086e-05	-1.07851e-08	9.5034e-05	3.2226e-07	-3.2234e-07
0.15	-0.013624	-8.3897e-09	0.01365	3.2372e-07	-3.2278e-07	-0.012418	-8.6208e-09	0.012438	3.2356e-07	-3.2278e-07	-0.0111966	-8.8402e-09	0.0111978	3.2336e-07	-3.226e-07	-0.0099262	-9.0982e-09	0.0099238	3.2328e-07	-3.2262e-07	-0.008612	-9.3593e-09	0.008614	3.2314e-07	-3.2262e-07	-0.007266	-9.6134e-09	0.0072664	3.2294e-07	-3.2252e-07	-0.0058884	-9.9033e-09	0.0058876	3.229e-07	-3.2242e-07	-0.0044816	-1.01845e-08	0.0044824	3.2276e-07	-3.2252e-07	-0.0030472	-1.05103e-08	0.0030476	3.2254e-07	-3.2242e-07	-0.0015846	-1.07628e-08	0.0015836	3.2242e-07	-3.2236e-07	-9.5724e-05	-1.10726e-08	9.5694e-05	3.2236e-07	-3.2238e-07
0.145	-0.01376	-8.6167e-09	0.013776	3.2374e-07	-3.2284e-07	-0.012532	-8.8515e-09	0.012554	3.2358e-07	-3.2276e-07	-0.0112956	-9.0803e-09	0.0112976	3.2338e-07	-3.2278e-07	-0.0100114	-9.3516e-09	0.0100104	3.2324e-07	-3.2254e-07	-0.0086846	-9.6166e-09	0.0086868	3.2314e-07	-3.2252e-07	-0.0073238	-9.879e-09	0.007323	3.2296e-07	-3.2248e-07	-0.005934	-1.01854e-08	0.0059338	3.228e-07	-3.2242e-07	-0.0045144	-1.045e-08	0.004516	3.2272e-07	-3.2246e-07	-0.0030676	-1.07709e-08	0.0030694	3.2248e-07	-3.223e-07	-0.001594	-1.10495e-08	0.0015938	3.2248e-07	-3.2242e-07	-9.6446e-05	-1.13849e-08	9.6638e-05	3.2232e-07	-3.224e-07
0.14	-0.013888	-8.8645e-09	0.013912	3.2378e-07	-3.2276e-07	-0.012648	-9.117e-09	0.012668	3.2364e-07	-3.2276e-07	-0.0113932	-9.367e-09	0.0113964	3.2344e-07	-3.2266e-07	-0.0100958	-9.5937e-09	0.0100958	3.2326e-07	-3.2266e-07	-0.0087528	-9.8952e-09	0.0087544	3.2316e-07	-3.2252e-07	-0.0073794	-1.01707e-08	0.007381	3.2298e-07	-3.2254e-07	-0.0059768	-1.04562e-08	0.0059802	3.2288e-07	-3.2248e-07	-0.0045498	-1.07614e-08	0.0045472	3.2278e-07	-3.225e-07	-0.0030908	-1.10617e-08	0.0030896	3.225e-07	-3.224e-07	-0.0016028	-1.13631e-08	0.0016058	3.224e-07	-3.2228e-07	-9.6106e-05	-1.16738e-08	9.6382e-05	3.2236e-07	-3.2236e-07
0.135	-0.014016	-9.1051e-09	0.014034	3.2364e-07	-3.2278e-07	-0.01276	-9.3642e-09	0.01278	3.2358e-07	-3.2276e-07	-0.0114936	-9.6258e-09	0.0114914	3.2342e-07	-3.227e-07	-0.0101764	-9.8545e-09	0.0101754	3.2326e-07	-3.226e-07	-0.008822	-1.01718e-08	0.0088228	3.2312e-07	-3.2258e-07	-0.0074372	-1.04479e-08	0.0074336	3.2292e-07	-3.224e-07	-0.0060232	-1.07474e-08	0.0060224	3.2288e-07	-3.225e-07	-0.0045788	-1.10119e-08	0.0045806	3.2276e-07	-3.2248e-07	-0.003111	-1.13646e-08	0.00311	3.2252e-07	-3.2242e-07	-0.0016158	-1.166e-08	0.0016148	3.2252e-07	-3.224e-07	-9.6984e-05	-1.19518e-08	9.7352e-05	3.2224e-07	-3.2234e-07
0.13	-0.01414	-9.3727e-09	0.014162	3.2372e-07	-3.2278e-07	-0.012866	-9.6225e-09	0.012888	3.2366e-07	-3.228e-07	-0.01156	-9.9021e-09	0.011578	3.2342e-07	-3.2264e-07	-0.0102552	-1.0141e-08	0.0102562	3.2332e-07	-3.227e-07	-0.0088856	-1.04558e-08	0.00889	3.232e-07	-3.2264e-07	-0.0074888	-1.07637e-08	0.00749	3.2296e-07	-3.2252e-07	-0.0060642	-1.1037e-08	0.0060646	3.2284e-07	-3.2244e-07	-0.0046128	-1.13348e-08	0.0046132	3.2278e-07	-3.226e-07	-0.0031314	-1.16594e-08	0.0031342	3.2256e-07	-3.224e-07	-0.001627	-1.19928e-08	0.001628	3.2248e-07	-3.2246e-07	-9.746e-05	-1.22898e-08	9.7238e-05	3.223e-07	-3.2234e-07
0.125	-0.01426	-9.6152e-09	0.01428	3.2372e-07	-3.2284e-07	-0.01297	-9.8605e-09	0.012994	3.2362e-07	-3.2274e-07	-0.01165	-1.01652e-08	0.011676	3.234e-07	-3.2272e-07	-0.0103362	-1.04198e-08	0.0103352	3.2326e-07	-3.2262e-07	-0.0089528	-1.07363e-08	0.0089558	3.2312e-07	-3.2258e-07	-0.007541	-1.10363e-08	0.0075448	3.2294e-07	-3.224e-07	-0.006105	-1.13633e-08	0.0061076	3.2288e-07	-3.2252e-07	-0.0046398	-1.16328e-08	0.0046402	3.2274e-07	-3.2246e-07	-0.0031498	-1.19726e-08	0.0031508	3.226e-07	-3.2242e-07	-0.0016378	-1.23098e-08	0.001636	3.2252e-07	-3.2242e-07	-9.7818e-05	-1.26332e-08	9.8188e-05	3.2226e-07	-3.2234e-07
0.12	-0.014376	-9.8911e-09	0.014396	3.237e-07	-3.2272e-07	-0.013074	-1.01519e-08	0.013096	3.2354e-07	-3.2276e-07	-0.011742	-1.0455e-08	0.011764	3.2346e-07	-3.227e-07	-0.0104102	-1.06975e-08	0.0104102	3.2336e-07	-3.2266e-07	-0.0090188	-1.10707e-08	0.0090176	3.231e-07	-3.2256e-07	-0.007595	-1.1326e-08	0.0075958	3.2298e-07	-3.2242e-07	-0.0061458	-1.16316e-08	0.006148	3.229e-07	-3.2254e-07	-0.0046724	-1.1959e-08	0.0046704	3.2282e-07	-3.2252e-07	-0.0031732	-1.2306e-08	0.0031736	3.2258e-07	-3.2248e-07	-0.0016458	-1.26526e-08	0.0016474	3.2246e-07	-3.2244e-07	-9.8418e-05	-1.2975e-08	9.8926e-05	3.2232e-07	-3.2236e-07
0.115	-0.014488	-1.01673e-08	0.014514	3.2374e-07	-3.2278e-07	-0.013174	-1.04234e-08	0.013198	3.2364e-07	-3.228e-07	-0.011828	-1.07241e-08	0.011848	3.2344e-07	-3.2266e-07	-0.0104862	-1.10054e-08	0.0104858	3.233e-07	-3.2266e-07	-0.009079	-1.13352e-08	0.009081	3.2314e-07	-3.2264e-07	-0.0076478	-1.16412e-08	0.007647	3.229e-07	-3.224e-07	-0.0061862	-1.19444e-08	0.006186	3.2288e-07	-3.2246e-07	-0.004698	-1.22876e-08	0.0047002	3.2276e-07	-3.2256e-07	-0.0031884	-1.26366e-08	0.0031898	3.226e-07	-3.2236e-07	-0.0016564	-1.29608e-08	0.0016566	3.2246e-07	-3.2238e-07	-9.9062e-05	-1.33134e-08	9.9214e-05	3.2236e-07	-3.2246e-07
0.11	-0.014602	-1.04514e-08	0.014624	3.2368e-07	-3.2276e-07	-0.013278	-1.0712e-08	0.013292	3.2356e-07	-3.227e-07	-0.011914	-1.10488e-08	0.011934	3.2344e-07	-3.2268e-07	-0.0105598	-1.13025e-08	0.0105576	3.2332e-07	-3.227e-07	-0.0091392	-1.16212e-08	0.0091422	3.2312e-07	-3.226e-07	-0.0076954	-1.1963e-08	0.0076964	3.2288e-07	-3.2244e-07	-0.006224	-1.2278e-08	0.0062254	3.2288e-07	-3.2252e-07	-0.004728	-1.26178e-08	0.004728	3.227e-07	-3.2248e-07	-0.003208	-1.3007e-08	0.0032072	3.2256e-07	-3.2242e-07	-0.0016654	-1.32946e-08	0.0016634	3.2244e-07	-3.2238e-07	-9.9222e-05	-1.37044e-08	9.9694e-05	3.2234e-07	-3.2242e-07
0.105	-0.014712	-1.07355e-08	0.014734	3.2366e-07	-3.2278e-07	-0.013364	-1.09971e-08	0.013392	3.2356e-07	-3.227e-07	-0.011998	-1.13207e-08	0.012016	3.2348e-07	-3.2282e-07	-0.0106302	-1.15914e-08	0.0106276	3.2338e-07	-3.227e-07	-0.0091978	-1.19396e-08	0.0092006	3.2312e-07	-3.2256e-07	-0.0077428	-1.22552e-08	0.0077446	3.2288e-07	-3.225e-07	-0.0062602	-1.25948e-08	0.0062622	3.2284e-07	-3.2246e-07	-0.0047518	-1.29502e-08	0.0047548	3.2274e-07	-3.2252e-07	-0.0032254	-1.3321e-08	0.003226	3.226e-07	-3.2234e-07	-0.001675	-1.37212e-08	0.001675	3.2252e-07	-3.2244e-07	-9.9934e-05	-1.40616e-08	0.000100616	3.2234e-07	-3.2242e-07
0.1	-0.01482	-1.10175e-08	0.014844	3.237e-07	-3.2282e-07	-0.013466	-1.13016e-08	0.013484	3.2358e-07	-3.2272e-07	-0.01208	-1.16626e-08	0.0121	3.2348e-07	-3.2278e-07	-0.010697	-1.19036e-08	0.010697	3.2334e-07	-3.2266e-07	-0.0092582	-1.22736e-08	0.0092582	3.2318e-07	-3.2258e-07	-0.007792	-1.25794e-08	0.0077924	3.2296e-07	-3.2246e-07	-0.0063004	-1.29462e-08	0.006298	3.2278e-07	-3.2244e-07	-0.0047806	-1.3313e-08	0.004784	3.2272e-07	-3.2248e-07	-0.003246	-1.36864e-08	0.0032464	3.2252e-07	-3.224e-07	-0.0016832	-1.40898e-08	0.0016844	3.2244e-07	-3.2248e-07	-0.00010077	-1.44348e-08	0.000101156	3.224e-07	-3.2238e-07
0.095	-0.014924	-1.13245e-08	0.014948	3.2374e-07	-3.2282e-07	-0.013552	-1.16018e-08	0.013576	3.235e-07	-3.2268e-07	-0.012156	-1.19354e-08	0.012178	3.235e-07	-3.2276e-07	-0.0107662	-1.22326e-08	0.0107676	3.2324e-07	-3.227e-07	-0.0093124	-1.25654e-08	0.0093154	3.2316e-07	-3.226e-07	-0.0078366	-1.29512e-08	0.0078378	3.2294e-07	-3.2252e-07	-0.0063346	-1.32982e-08	0.006334	3.2274e-07	-3.2242e-07	-0.0048056	-1.3675e-08	0.0048092	3.227e-07	-3.2246e-07	-0.0032592	-1.40326e-08	0.0032634	3.2254e-07	-3.2242e-07	-0.0016918	-1.4417e-08	0.0016934	3.2248e-07	-3.2238e-07	-0.000101272	-1.47936e-08	0.000101352	3.2234e-07	-3.2234e-07
0.09	-0.015034	-1.16264e-08	0.015046	3.2378e-07	-3.2282e-07	-0.013644	-1.19152e-08	0.013666	3.2356e-07	-3.2272e-07	-0.01224	-1.22956e-08	0.012256	3.2342e-07	-3.2264e-07	-0.0108338	-1.25792e-08	0.0108328	3.2332e-07	-3.2274e-07	-0.009369	-1.29076e-08	0.0093736	3.2312e-07	-3.2264e-07	-0.0078812	-1.33366e-08	0.007882	3.23e-07	-3.2254e-07	-0.006371	-1.36536e-08	0.0063704	3.2276e-07	-3.2246e-07	-0.0048342	-1.40006e-08	0.0048328	3.2272e-07	-3.2246e-07	-0.0032774	-1.44128e-08	0.0032814	3.2256e-07	-3.2238e-07	-0.0016988	-1.47986e-08	0.001702	3.225e-07	-3.225e-07	-0.000101258	-1.519e-08	0.000101578	3.223e-07	-3.2236e-07
0.085	-0.015128	-1.1935e-08	0.01515	3.2366e-07	-3.2278e-07	-0.01373	-1.22324e-08	0.013756	3.2352e-07	-3.2266e-07	-0.01231	-1.25778e-08	0.012338	3.2336e-07	-3.2266e-07	-0.010897	-1.29034e-08	0.0108962	3.2338e-07	-3.227e-07	-0.0094258	-1.32486e-08	0.0094236	3.232e-07	-3.2264e-07	-0.0079248	-1.3705e-08	0.0079268	3.2294e-07	-3.226e-07	-0.0064048	-1.39946e-08	0.0064032	3.2282e-07	-3.2238e-07	-0.0048588	-1.43598e-08	0.004858	3.2272e-07	-3.2246e-07	-0.0032948	-1.47834e-08	0.0032978	3.2254e-07	-3.2238e-07	-0.0017088	-1.51832e-08	0.0017094	3.2252e-07	-3.2244e-07	-0.00010213	-1.55862e-08	0.00010265	3.2238e-07	-3.224e-07
0.08	-0.01523	-1.22482e-08	0.01525	3.2372e-07	-3.228e-07	-0.013818	-1.2562e-08	0.01384	3.2356e-07	-3.2278e-07	-0.012384	-1.29212e-08	0.012404	3.2342e-07	-3.2272e-07	-0.0109624	-1.32876e-08	0.0109626	3.2332e-07	-3.2264e-07	-0.0094766	-1.3597e-08	0.009475	3.2314e-07	-3.2252e-07	-0.0079674	-1.40036e-08	0.0079686	3.2294e-07	-3.225e-07	-0.0064396	-1.43654e-08	0.0064366	3.2284e-07	-3.2252e-07	-0.004884	-1.47656e-08	0.0048844	3.2272e-07	-3.2246e-07	-0.0033124	-1.5186e-08	0.0033112	3.2252e-07	-3.224e-07	-0.001713	-1.55774e-08	0.0017158	3.2248e-07	-3.225e-07	-0.000102836	-1.59988e-08	0.000103086	3.2228e-07	-3.2238e-07
0.075	-0.015322	-1.25724e-08	0.015342	3.237e-07	-3.2284e-07	-0.013902	-1.29038e-08	0.013924	3.2356e-07	-3.2278e-07	-0.01246	-1.3266e-08	0.01248	3.2344e-07	-3.2268e-07	-0.0110224	-1.36082e-08	0.0110208	3.2332e-07	-3.227e-07	-0.0095294	-1.40012e-08	0.0095292	3.232e-07	-3.2264e-07	-0.0080102	-1.43778e-08	0.008012	3.2294e-07	-3.2254e-07	-0.0064702	-1.47544e-08	0.0064696	3.2284e-07	-3.2252e-07	-0.0049082	-1.51576e-08	0.0049076	3.2276e-07	-3.2252e-07	-0.0033264	-1.56228e-08	0.003327	3.226e-07	-3.2238e-07	-0.0017232	-1.59826e-08	0.0017222	3.2254e-07	-3.2246e-07	-0.000103012	-1.63976e-08	0.000103656	3.2234e-07	-3.2236e-07
0.07	-0.015414	-1.29124e-08	0.015438	3.237e-07	-3.228e-07	-0.013984	-1.32362e-08	0.014004	3.2356e-07	-3.2272e-07	-0.012528	-1.36088e-08	0.01255	3.2338e-07	-3.2266e-07	-0.0110826	-1.39678e-08	0.011083	3.2334e-07	-3.2276e-07	-0.0095814	-1.43726e-08	0.009581	3.2312e-07	-3.2266e-07	-0.0080536	-1.47536e-08	0.0080518	3.2296e-07	-3.2258e-07	-0.0065022	-1.51478e-08	0.0065042	3.2288e-07	-3.2254e-07	-0.0049316	-1.55568e-08	0.004929	3.2282e-07	-3.2246e-07	-0.0033426	-1.59682e-08	0.0033426	3.2252e-07	-3.224e-07	-0.0017302	-1.64008e-08	0.0017312	3.225e-07	-3.2242e-07	-0.000103634	-1.68376e-08	0.000103566	3.2234e-07	-3.2242e-07
0.065	-0.015506	-1.3247e-08	0.015528	3.2372e-07	-3.2282e-07	-0.014062	-1.35864e-08	0.014084	3.2354e-07	-3.2278e-07	-0.012598	-1.39658e-08	0.01262	3.2342e-07	-3.2266e-07	-0.0111416	-1.43206e-08	0.0111404	3.232e-07	-3.2262e-07	-0.0096286	-1.47778e-08	0.0096266	3.2314e-07	-3.2258e-07	-0.008089	-1.51334e-08	0.00809	3.229e-07	-3.2248e-07	-0.006531	-1.55266e-08	0.0065362	3.2284e-07	-3.2248e-07	-0.0049554	-1.59424e-08	0.0049548	3.2268e-07	-3.2252e-07	-0.0033562	-1.63846e-08	0.003358	3.2258e-07	-3.2242e-07	-0.0017412	-1.68246e-08	0.00174	3.2248e-07	-3.2248e-07	-0.000103744	-1.7269e-08	0.000104338	3.2236e-07	-3.2244e-07
0.06	-0.015592	-1.35878e-08	0.015614	3.2374e-07	-3.228e-07	-0.014142	-1.3949e-08	0.014162	3.2356e-07	-3.2278e-07	-0.012664	-1.43442e-08	0.012686	3.2344e-07	-3.2266e-07	-0.0111978	-1.4744e-08	0.0112004	3.2328e-07	-3.2266e-07	-0.0096772	-1.51252e-08	0.0096754	3.2312e-07	-3.2258e-07	-0.0081302	-1.55286e-08	0.0081316	3.229e-07	-3.225e-07	-0.006562	-1.5929e-08	0.0065656	3.2284e-07	-3.2246e-07	-0.004975	-1.63578e-08	0.0049772	3.2276e-07	-3.225e-07	-0.0033736	-1.686e-08	0.0033722	3.2254e-07	-3.224e-07	-0.0017474	-1.7263e-08	0.0017488	3.2246e-07	-3.2242e-07	-0.000104546	-1.77158e-08	0.000104658	3.223e-07	-3.2236e-07
0.055	-0.015686	-1.39464e-08	0.015702	3.2372e-07	-3.2282e-07	-0.014216	-1.43382e-08	0.014236	3.2356e-07	-3.2272e-07	-0.012732	-1.47226e-08	0.012752	3.234e-07	-3.2264e-07	-0.0112548	-1.50994e-08	0.0112576	3.2332e-07	-3.2268e-07	-0.0097262	-1.5506e-08	0.009723	3.2314e-07	-3.2258e-07	-0.008168	-1.5929e-08	0.0081664	3.2298e-07	-3.2254e-07	-0.006592	-1.6348e-08	0.0065954	3.2282e-07	-3.2244e-07	-0.0049986	-1.67934e-08	0.0049992	3.2282e-07	-3.2252e-07	-0.0033878	-1.72786e-08	0.0033876	3.2254e-07	-3.2234e-07	-0.0017558	-1.77018e-08	0.0017554	3.2246e-07	-3.2246e-07	-0.0001045	-1.81158e-08	0.00010473	3.223e-07	-3.224e-07
0.05	-0.015766	-1.43104e-08	0.015788	3.2368e-07	-3.2282e-07	-0.014292	-1.47082e-08	0.014316	3.2354e-07	-3.227e-07	-0.012794	-1.50874e-08	0.012814	3.2338e-07	-3.2264e-07	-0.011308	-1.54764e-08	0.0113102	3.2332e-07	-3.2268e-07	-0.0097714	-1.59032e-08	0.0097692	3.231e-07	-3.2256e-07	-0.008204	-1.6344e-08	0.0082046	3.2294e-07	-3.225e-07	-0.006624	-1.67624e-08	0.0066238	3.2284e-07	-3.2244e-07	-0.0050196	-1.7207e-08	0.0050194	3.2278e-07	-3.2252e-07	-0.0034006	-1.76856e-08	0.0034008	3.2262e-07	-3.224e-07	-0.0017582	-1.81398e-08	0.001758	3.2246e-07	-3.2236e-07	-0.000104902	-1.85602e-08	0.00010502	3.223e-07	-3.2234e-07
0.045	-0.015848	-1.46942e-08	0.01587	3.2372e-07	-3.2282e-07	-0.014362	-1.51012e-08	0.014382	3.235e-07	-3.2276e-07	-0.01286	-1.54852e-08	0.012878	3.2338e-07	-3.2266e-07	-0.0113624	-1.58812e-08	0.0113654	3.2324e-07	-3.2266e-07	-0.0098148	-1.6325e-08	0.0098162	3.2314e-07	-3.2264e-07	-0.0082432	-1.67534e-08	0.0082428	3.229e-07	-3.2248e-07	-0.0066506	-1.7235e-08	0.006653	3.2288e-07	-3.2248e-07	-0.0050388	-1.76508e-08	0.0050412	3.2276e-07	-3.2248e-07	-0.0034124	-1.80758e-08	0.003414	3.2254e-07	-3.2232e-07	-0.0017672	-1.86496e-08	0.0017674	3.224e-07	-3.2236e-07	-0.000105322	-1.9065e-08	0.00010554	3.2236e-07	-3.224e-07
0.04	-0.015932	-1.50688e-08	0.015952	3.2372e-07	-3.2282e-07	-0.014434	-1.54936e-08	0.014458	3.235e-07	-3.2272e-07	-0.012918	-1.58858e-08	0.012938	3.2344e-07	-3.2266e-07	-0.0114162	-1.6283e-08	0.0114162	3.2326e-07	-3.2264e-07	-0.0098594	-1.67322e-08	0.0098578	3.231e-07	-3.2258e-07	-0.0082782	-1.71802e-08	0.0082772	3.2296e-07	-3.2246e-07	-0.006681	-1.76634e-08	0.0066804	3.2282e-07	-3.2248e-07	-0.0050612	-1.8082e-08	0.0050602	3.2278e-07	-3.2256e-07	-0.003428	-1.85382e-08	0.0034276	3.2254e-07	-3.2236e-07	-0.0017756	-1.91066e-08	0.0017758	3.2242e-07	-3.224e-07	-0.000106148	-1.95154e-08	0.000106264	3.2232e-07	-3.2236e-07
0.035	-0.01601	-1.54122e-08	0.01603	3.2374e-07	-3.2278e-07	-0.014502	-1.59142e-08	0.01453	3.235e-07	-3.227e-07	-0.012978	-1.62934e-08	0.013	3.234e-07	-3.227e-07	-0.0114696	-1.6712e-08	0.011467	3.2328e-07	-3.2264e-07	-0.009901	-1.7158e-08	0.0099	3.2312e-07	-3.2258e-07	-0.008314	-1.7629e-08	0.0083128	3.229e-07	-3.2246e-07	-0.0067098	-1.80896e-08	0.0067066	3.229e-07	-3.2254e-07	-0.0050802	-1.8557e-08	0.005081	3.2276e-07	-3.2258e-07	-0.003441	-1.90148e-08	0.003444	3.2252e-07	-3.2234e-07	-0.0017812	-1.95968e-08	0.0017794	3.2248e-07	-3.224e-07	-0.000106382	-2.00498e-08	0.000106596	3.2234e-07	-3.2232e-07
0.03	-0.01609	-1.58152e-08	0.016108	3.2374e-07	-3.2286e-07	-0.014574	-1.63184e-08	0.014594	3.2362e-07	-3.2276e-07	-0.01304	-1.67128e-08	0.013062	3.2342e-07	-3.2272e-07	-0.0114998	-1.7112e-08	0.011514	3.2326e-07	-3.2264e-07	-0.0099448	-1.75502e-08	0.0099456	3.2318e-07	-3.2262e-07	-0.0083458	-1.80648e-08	0.00835	3.23e-07	-3.2254e-07	-0.0067348	-1.85346e-08	0.0067334	3.2282e-07	-3.2244e-07	-0.0051018	-1.90112e-08	0.0051002	3.2284e-07	-3.2252e-07	-0.0034526	-1.94616e-08	0.0034558	3.2252e-07	-3.2236e-07	-0.0017864	-2.00858e-08	0.001786	3.225e-07	-3.224e-07	-0.00010664	-2.05462e-08	0.000107194	3.2226e-07	-3.224e-07
0.025	-0.01616	-1.62356e-08	0.016184	3.2372e-07	-3.2278e-07	-0.014644	-1.675e-08	0.014664	3.2354e-07	-3.2276e-07	-0.013094	-1.71356e-08	0.01312	3.2336e-07	-3.2268e-07	-0.011544	-1.75494e-08	0.011562	3.2326e-07	-3.2264e-07	-0.0099812	-1.80442e-08	0.0099854	3.2312e-07	-3.226e-07	-0.0083838	-1.85234e-08	0.0083796	3.2288e-07	-3.225e-07	-0.0067614	-1.8994e-08	0.0067606	3.2284e-07	-3.2248e-07	-0.0051178	-1.94908e-08	0.0051224	3.2276e-07	-3.2252e-07	-0.0034672	-1.99124e-08	0.0034674	3.2258e-07	-3.2234e-07	-0.0017928	-2.0544e-08	0.0017932	3.2246e-07	-3.224e-07	-0.000107238	-2.10662e-08	0.000107456	3.223e-07	-3.2232e-07
0.02	-0.016234	-1.66414e-08	0.01626	3.237e-07	-3.2288e-07	-0.014704	-1.7131e-08	0.014726	3.2356e-07	-3.2278e-07	-0.013152	-1.75556e-08	0.013174	3.2344e-07	-3.2272e-07	-0.01159	-1.80172e-08	0.011612	3.233e-07	-3.2262e-07	-0.0100238	-1.84968e-08	0.0100264	3.2316e-07	-3.226e-07	-0.0084128	-1.89796e-08	0.0084126	3.23e-07	-3.2256e-07	-0.0067854	-1.9479e-08	0.0067872	3.229e-07	-3.2248e-07	-0.0051372	-1.99332e-08	0.0051418	3.2282e-07	-3.2256e-07	-0.00348	-2.04996e-08	0.0034798	3.2248e-07	-3.2234e-07	-0.0017998	-2.10332e-08	0.001801	3.2248e-07	-3.224e-07	-0.000107522	-2.16014e-08	0.000108024	3.2236e-07	-3.2246e-07
0.015	-0.016312	-1.7097e-08	0.016334	3.2374e-07	-3.2278e-07	-0.01477	-1.75684e-08	0.01479	3.2356e-07	-3.2278e-07	-0.013208	-1.80192e-08	0.013228	3.2342e-07	-3.227e-07	-0.011642	-1.84794e-08	0.011662	3.2324e-07	-3.226e-07	-0.0100618	-1.89718e-08	0.0100632	3.2314e-07	-3.2262e-07	-0.0084444	-1.95016e-08	0.0084456	3.2298e-07	-3.2248e-07	-0.0068106	-1.99622e-08	0.0068088	3.2296e-07	-3.2264e-07	-0.005159	-2.05222e-08	0.0051568	3.2278e-07	-3.2254e-07	-0.0034922	-2.09714e-08	0.0034926	3.2244e-07	-3.2236e-07	-0.001804	-2.1572e-08	0.001807	3.2248e-07	-3.224e-07	-0.000107984	-2.2164e-08	0.000108318	3.2242e-07	-3.2246e-07
0.01	-0.016382	-1.7518e-08	0.016402	3.2372e-07	-3.228e-07	-0.01483	-1.80052e-08	0.01485	3.235e-07	-3.2278e-07	-0.013258	-1.84678e-08	0.013282	3.2338e-07	-3.2272e-07	-0.011684	-1.89574e-08	0.011702	3.232e-07	-3.2272e-07	-0.0101046	-1.94422e-08	0.0101016	3.231e-07	-3.2254e-07	-0.0084762	-1.99862e-08	0.0084776	3.2296e-07	-3.2254e-07	-0.0068368	-2.0469e-08	0.0068344	3.2294e-07	-3.2246e-07	-0.0051748	-2.09924e-08	0.005176	3.2284e-07	-3.2248e-07	-0.0035034	-2.15214e-08	0.0035054	3.226e-07	-3.2236e-07	-0.001811	-2.20988e-08	0.0018152	3.2254e-07	-3.224e-07	-0.00010898	-2.26482e-08	0.00010885	3.2242e-07	-3.224e-07
0.005	-0.016454	-1.79704e-08	0.016476	3.2378e-07	-3.2284e-07	-0.01489	-1.8466e-08	0.01491	3.236e-07	-3.2266e-07	-0.013314	-1.8926e-08	0.013336	3.2332e-07	-3.2264e-07	-0.011728	-1.94728e-08	0.01175	3.2328e-07	-3.226e-07	-0.0101406	-1.9934e-08	0.0101436	3.2312e-07	-3.2256e-07	-0.0085072	-2.04864e-08	0.0085094	3.2294e-07	-3.2248e-07	-0.0068602	-2.09748e-08	0.00686	3.2294e-07	-3.2254e-07	-0.0051928	-2.1459e-08	0.0051914	3.2282e-07	-3.225e-07	-0.003514	-2.2059e-08	0.0035156	3.2254e-07	-3.2236e-07	-0.0018178	-2.26392e-08	0.0018204	3.2248e-07	-3.2246e-07	-0.000108634	-2.32252e-08	0.000109012	3.2238e-07	-3.2242e-07
0	-0.016522	-1.84712e-08	0.01654	3.2374e-07	-3.228e-07	-0.01495	-1.89286e-08	0.01497	3.235e-07	-3.227e-07	-0.013368	-1.94038e-08	0.013388	3.2338e-07	-3.2272e-07	-0.011774	-1.99492e-08	0.011794	3.2324e-07	-3.2264e-07	-0.0101784	-2.0425e-08	0.0101754	3.2318e-07	-3.2258e-07	-0.0085384	-2.09474e-08	0.0085382	3.2304e-07	-3.2252e-07	-0.0068816	-2.14812e-08	0.0068858	3.2292e-07	-3.2248e-07	-0.0052084	-2.19766e-08	0.0052106	3.2282e-07	-3.2254e-07	-0.0035242	-2.26076e-08	0.0035252	3.2252e-07	-3.2236e-07	-0.0018214	-2.32104e-08	0.0018242	3.2248e-07	-3.2242e-07	-0.000109236	-2.38178e-08	0.000109208	3.2234e-07	-3.2244e-07
