I/V Sweep,id_vds
RecordTime,03/11/2025 14:05:50
Device ID,
Count,1
Flag,
Remarks,
vd,vg,id,ig,is,iavdd,ignd
0,0,-2.4956E-09,4.7E-13,2.4754E-09,3.2158E-07,-3.2159999999999997E-07
0.005,0,1.3724199999999999E-08,-7.7900000000000013E-12,-1.37646E-08,3.2182E-07,-3.2182E-07
0.01,0,2.7489599999999998E-08,-1.5600000000000002E-12,-2.7504199999999997E-08,3.2166E-07,-3.2159999999999997E-07
0.015000000000000001,0,3.8911799999999994E-08,-6.7800000000000006E-12,-3.8919999999999994E-08,3.2172E-07,-3.2164E-07
0.02,0,4.86952E-08,-5.4700000000000007E-12,-4.8682999999999993E-08,3.2166E-07,-3.2168E-07
0.025,0,5.6862199999999994E-08,-5.28E-12,-5.6803799999999993E-08,3.2159999999999997E-07,-3.2162E-07
0.030000000000000002,0,6.3840199999999992E-08,-4.88E-12,-6.38202E-08,3.2168E-07,-3.2166E-07
0.035,0,6.9769599999999987E-08,-8.2800000000000011E-12,-6.9729799999999992E-08,3.2166E-07,-3.2162E-07
0.04,0,7.4832199999999989E-08,-5.1000000000000005E-12,-7.47836E-08,3.2168E-07,-3.217E-07
0.045000000000000005,0,7.92644E-08,-5.7300000000000008E-12,-7.9201599999999988E-08,3.2158E-07,-3.2159999999999997E-07
0.05,0,8.3043399999999993E-08,-9.8000000000000011E-12,-8.2971199999999993E-08,3.2162E-07,-3.2154E-07
0.055,0,8.6369E-08,-8.83E-12,-8.6285199999999992E-08,3.2166E-07,-3.2164E-07
0.060000000000000005,0,8.92608E-08,-7.2400000000000007E-12,-8.9164199999999988E-08,3.2164E-07,-3.2164E-07
0.065,0,9.1822999999999988E-08,-1.1610000000000001E-11,-9.174299999999999E-08,3.2162E-07,-3.2159999999999997E-07
0.07,0,9.411739999999999E-08,-1.25E-11,-9.399599999999999E-08,3.2164E-07,-3.2176E-07
0.075,0,9.6190399999999985E-08,-8.93E-12,-9.6045799999999988E-08,3.2164E-07,-3.2168E-07
0.08,0,9.805259999999999E-08,-1.4810000000000002E-11,-9.7896399999999987E-08,3.215E-07,-3.2164E-07
0.085,0,9.9786399999999986E-08,-1.504E-11,-9.96456E-08,3.2159999999999997E-07,-3.217E-07
0.090000000000000011,0,1.0133839999999999E-07,-1.4480000000000001E-11,-1.0116439999999999E-07,3.2154E-07,-3.2168E-07
0.095,0,1.0278879999999998E-07,-1.794E-11,-1.0262019999999999E-07,3.2166E-07,-3.2166E-07
0.1,0,1.0413939999999999E-07,-1.956E-11,-1.039854E-07,3.2158E-07,-3.2172E-07
0.10500000000000001,0,1.0543499999999999E-07,-1.8180000000000002E-11,-1.0526019999999999E-07,3.2148E-07,-3.2158E-07
0.11,0,1.066934E-07,-1.9380000000000002E-11,-1.0651719999999999E-07,3.217E-07,-3.2168E-07
0.115,0,1.0790139999999999E-07,-2.4920000000000003E-11,-1.0766499999999999E-07,3.2158E-07,-3.2176E-07
0.12000000000000001,0,1.0903919999999999E-07,-2.2390000000000003E-11,-1.0884899999999998E-07,3.2156E-07,-3.2173999999999997E-07
0.125,0,1.1019499999999999E-07,-2.2750000000000002E-11,-1.0997179999999999E-07,3.2159999999999997E-07,-3.2178E-07
0.13,0,1.1127679999999999E-07,-3.0130000000000003E-11,-1.1106139999999999E-07,3.2152E-07,-3.217E-07
0.135,0,1.1236579999999999E-07,-2.866E-11,-1.1212459999999999E-07,3.2154E-07,-3.217E-07
0.14,0,1.1342499999999999E-07,-2.8450000000000003E-11,-1.13153E-07,3.2152E-07,-3.2176E-07
0.14500000000000002,0,1.144578E-07,-3.416E-11,-1.1418079999999998E-07,3.2164E-07,-3.2178E-07
0.15,0,1.155E-07,-3.2170000000000004E-11,-1.1519699999999998E-07,3.2158E-07,-3.2178E-07
0.155,0,1.1654E-07,-3.149E-11,-1.1619579999999999E-07,3.2158E-07,-3.218E-07
0.16,0,1.1728E-07,-4.1750000000000004E-11,-1.1724E-07,3.2152E-07,-3.2182E-07
0.165,0,1.1862E-07,-3.737E-11,-1.1818E-07,3.2154E-07,-3.2176E-07
0.17,0,1.195E-07,-4.1240000000000004E-11,-1.1916E-07,3.2154E-07,-3.2187999999999997E-07
0.17500000000000002,0,1.2057999999999999E-07,-4.199E-11,-1.2012E-07,3.2154E-07,-3.218E-07
0.18000000000000002,0,1.2168E-07,-5.025E-11,-1.2112E-07,3.214E-07,-3.2176E-07
0.185,0,1.2258E-07,-5.4640000000000005E-11,-1.2225999999999998E-07,3.2154E-07,-3.2187999999999997E-07
0.19,0,1.2364E-07,-5.3300000000000006E-11,-1.2326E-07,3.2154E-07,-3.2187999999999997E-07
0.195,0,1.2468E-07,-5.211E-11,-1.2418E-07,3.2158E-07,-3.2182E-07
0.2,0,1.2572E-07,-5.8270000000000009E-11,-1.2514E-07,3.2159999999999997E-07,-3.2192E-07
0.20500000000000002,0,1.2668E-07,-6.3E-11,-1.2618E-07,3.2158E-07,-3.2192E-07
0.21000000000000002,0,1.2762E-07,-7.0040000000000011E-11,-1.2702E-07,3.2176E-07,-3.2206E-07
0.215,0,1.2866E-07,-6.8720000000000009E-11,-1.2816E-07,3.214E-07,-3.2182E-07
0.22,0,1.2976E-07,-7.138E-11,-1.2916E-07,3.2152E-07,-3.22E-07
0.225,0,1.3072E-07,-7.439E-11,-1.3024E-07,3.2152E-07,-3.2194E-07
0.23,0,1.3174E-07,-7.742E-11,-1.3116E-07,3.2154E-07,-3.22E-07
0.23500000000000001,0,1.3274E-07,-8.856E-11,-1.322E-07,3.2158E-07,-3.2194E-07
0.24000000000000002,0,1.3378E-07,-9.1110000000000009E-11,-1.3326E-07,3.2152E-07,-3.2198E-07
0.24500000000000002,0,1.3495999999999999E-07,-8.754E-11,-1.3425999999999999E-07,3.2145999999999997E-07,-3.2194E-07
0.25,0,1.3593999999999999E-07,-9.607000000000001E-11,-1.3526E-07,3.2159999999999997E-07,-3.22E-07
0.255,0,1.3694E-07,-1.0189000000000001E-10,-1.363E-07,3.215E-07,-3.2212E-07
0.26,0,1.3812E-07,-1.0317E-10,-1.3733999999999998E-07,3.2159999999999997E-07,-3.2201999999999997E-07
0.265,0,1.3908E-07,-1.1386000000000001E-10,-1.384E-07,3.2154E-07,-3.22E-07
0.27,0,1.4024E-07,-1.1460000000000001E-10,-1.3936E-07,3.2159999999999997E-07,-3.2215999999999997E-07
0.275,0,1.4116E-07,-1.134E-10,-1.405E-07,3.2124E-07,-3.2182E-07
0.28,0,1.4226E-07,-1.2621000000000002E-10,-1.4148E-07,3.2154E-07,-3.2215999999999997E-07
0.28500000000000003,0,1.4356E-07,-1.3134E-10,-1.426E-07,3.2159999999999997E-07,-3.2215999999999997E-07
0.29000000000000004,0,1.4454E-07,-1.3473E-10,-1.4361999999999999E-07,3.2154E-07,-3.2228E-07
0.29500000000000004,0,1.4568E-07,-1.4087E-10,-1.4464E-07,3.2156E-07,-3.2214E-07
0.3,0,1.4684E-07,-1.4326E-10,-1.459E-07,3.2142E-07,-3.2226E-07
0.305,0,1.4782E-07,-1.5117E-10,-1.4704E-07,3.2156E-07,-3.2224E-07
0.31,0,1.4902E-07,-1.5893000000000001E-10,-1.48E-07,3.2152E-07,-3.2229999999999997E-07
0.315,0,1.5003999999999999E-07,-1.6549000000000002E-10,-1.4908E-07,3.2156E-07,-3.2229999999999997E-07
0.32,0,1.5112E-07,-1.7135E-10,-1.5024E-07,3.2158E-07,-3.2236E-07
0.325,0,1.524E-07,-1.7373E-10,-1.5126E-07,3.2158E-07,-3.2229999999999997E-07
0.33,0,1.5342E-07,-1.8172000000000002E-10,-1.5238E-07,3.2154E-07,-3.2234E-07
0.335,0,1.5448E-07,-1.9435E-10,-1.5356E-07,3.2148E-07,-3.2234E-07
0.34,0,1.5582E-07,-1.9783E-10,-1.5456E-07,3.2156E-07,-3.2242E-07
0.34500000000000003,0,1.5687999999999999E-07,-2.0455E-10,-1.5572E-07,3.2159999999999997E-07,-3.2257999999999997E-07
0.35000000000000003,0,1.5792E-07,-2.1331E-10,-1.5684E-07,3.2148E-07,-3.2228E-07
0.35500000000000004,0,1.5922E-07,-2.177E-10,-1.5799999999999999E-07,3.215E-07,-3.2248E-07
0.36000000000000004,0,1.604E-07,-2.2910000000000002E-10,-1.5904E-07,3.2158E-07,-3.2254E-07
0.365,0,1.6148E-07,-2.402E-10,-1.6023999999999998E-07,3.2152E-07,-3.2262E-07
0.37,0,1.6268E-07,-2.4124000000000004E-10,-1.612E-07,3.2154E-07,-3.2257999999999997E-07
0.375,0,1.6392E-07,-2.5112E-10,-1.6252E-07,3.2156E-07,-3.2262E-07
0.38,0,1.6504E-07,-2.6435E-10,-1.6352E-07,3.2148E-07,-3.2257999999999997E-07
0.385,0,1.6626E-07,-2.6987E-10,-1.6478E-07,3.215E-07,-3.226E-07
0.39,0,1.674E-07,-2.8323E-10,-1.6588E-07,3.2164E-07,-3.227E-07
0.395,0,1.6856E-07,-2.896E-10,-1.6707999999999999E-07,3.215E-07,-3.2271999999999997E-07
0.4,0,1.6998E-07,-2.9705E-10,-1.6822E-07,3.2144E-07,-3.2274E-07
0.405,0,1.7108E-07,-3.0967000000000003E-10,-1.6945999999999998E-07,3.2142E-07,-3.2276E-07
0.41000000000000003,0,1.723E-07,-3.2142E-10,-1.7055999999999999E-07,3.2154E-07,-3.2288E-07
0.41500000000000004,0,1.734E-07,-3.3044000000000005E-10,-1.7178E-07,3.2148E-07,-3.2282E-07
0.42000000000000004,0,1.747E-07,-3.4254000000000004E-10,-1.7306E-07,3.2158E-07,-3.2298E-07
0.42500000000000004,0,1.761E-07,-3.5007E-10,-1.7424E-07,3.215E-07,-3.2294E-07
0.43,0,1.772E-07,-3.6106000000000004E-10,-1.7536E-07,3.2152E-07,-3.2302E-07
0.435,0,1.785E-07,-3.7680000000000003E-10,-1.767E-07,3.215E-07,-3.2308E-07
0.44,0,1.798E-07,-3.8889000000000004E-10,-1.7788E-07,3.2158E-07,-3.2308E-07
0.445,0,1.8108E-07,-3.97E-10,-1.7893999999999999E-07,3.2158E-07,-3.2299999999999997E-07
0.45,0,1.8236E-07,-4.0937000000000006E-10,-1.8014E-07,3.2148E-07,-3.2313999999999997E-07
0.455,0,1.8376E-07,-4.2482000000000004E-10,-1.8136E-07,3.2152E-07,-3.2324E-07
0.46,0,1.8498E-07,-4.3547000000000005E-10,-1.8276E-07,3.2176E-07,-3.2344E-07
0.465,0,1.8618E-07,-4.5203000000000004E-10,-1.8396E-07,3.2166E-07,-3.2354E-07
0.47000000000000003,0,1.8766E-07,-4.6240000000000003E-10,-1.8518E-07,3.2164E-07,-3.2348E-07
0.47500000000000003,0,1.8888E-07,-4.7502000000000008E-10,-1.8647999999999999E-07,3.2142E-07,-3.2336E-07
0.48000000000000004,0,1.9018E-07,-4.9055E-10,-1.8782E-07,3.2158E-07,-3.2341999999999997E-07
0.48500000000000004,0,1.916E-07,-5.0542E-10,-1.8896E-07,3.2158E-07,-3.2338E-07
0.49000000000000005,0,1.9291999999999998E-07,-5.2409E-10,-1.9028E-07,3.2152E-07,-3.2346E-07
0.49500000000000005,0,1.9415999999999999E-07,-5.3645E-10,-1.9164E-07,3.2152E-07,-3.2364E-07
0.5,0,1.9544E-07,-5.4668E-10,-1.9276E-07,3.2152E-07,-3.2358E-07
0.505,0,1.9694E-07,-5.6790000000000008E-10,-1.9414E-07,3.215E-07,-3.236E-07
0.51,0,1.9835999999999998E-07,-5.8440000000000007E-10,-1.9564E-07,3.2152E-07,-3.2366E-07
0.515,0,1.9982E-07,-6.0022E-10,-1.967E-07,3.2152E-07,-3.2372E-07
0.52,0,2.0113999999999999E-07,-6.1951000000000007E-10,-1.982E-07,3.2152E-07,-3.2388E-07
0.525,0,2.025E-07,-6.2916E-10,-1.995E-07,3.2162E-07,-3.2382E-07
0.53,0,2.0382E-07,-6.4947E-10,-2.0066E-07,3.2154E-07,-3.2388E-07
0.535,0,2.0532E-07,-6.7256E-10,-2.021E-07,3.2152E-07,-3.2396E-07
0.54,0,2.067E-07,-6.8625000000000009E-10,-2.0342E-07,3.2148E-07,-3.2404E-07
0.545,0,2.0813999999999998E-07,-7.0753E-10,-2.0476E-07,3.2159999999999997E-07,-3.2404E-07
0.55,0,2.0956E-07,-7.235800000000001E-10,-2.0624E-07,3.2164E-07,-3.2412E-07
0.555,0,2.1094E-07,-7.3863000000000006E-10,-2.0738E-07,3.2142E-07,-3.241E-07
0.56,0,2.1245999999999999E-07,-7.6596E-10,-2.0902E-07,3.2158E-07,-3.243E-07
0.56500000000000006,0,2.1385999999999998E-07,-7.8588000000000008E-10,-2.1018E-07,3.2154E-07,-3.2426E-07
0.57000000000000006,0,2.1538E-07,-8.0133000000000006E-10,-2.1164E-07,3.2152E-07,-3.2436E-07
0.57500000000000007,0,2.1684E-07,-8.2472E-10,-2.1287999999999999E-07,3.2158E-07,-3.2438E-07
0.58000000000000007,0,2.1831999999999999E-07,-8.4251E-10,-2.1436E-07,3.2152E-07,-3.2442E-07
0.58500000000000008,0,2.1984E-07,-8.6505E-10,-2.1578E-07,3.2148E-07,-3.245E-07
0.59000000000000008,0,2.2139999999999998E-07,-8.9224000000000012E-10,-2.1716E-07,3.214E-07,-3.2468E-07
0.595,0,2.2279999999999998E-07,-9.1194000000000006E-10,-2.184E-07,3.215E-07,-3.2464E-07
0.6,0,2.2422E-07,-9.3237000000000016E-10,-2.2002E-07,3.215E-07,-3.2472E-07
0.605,0,2.2588E-07,-9.5473E-10,-2.2153999999999998E-07,3.2145999999999997E-07,-3.2472E-07
0.61,0,2.2744E-07,-9.8140000000000015E-10,-2.2288E-07,3.2142E-07,-3.248E-07
0.615,0,2.29E-07,-1.00619E-09,-2.2431999999999999E-07,3.2145999999999997E-07,-3.249E-07
0.62,0,2.3058E-07,-1.0327000000000002E-09,-2.2592E-07,3.2145999999999997E-07,-3.25E-07
0.625,0,2.3199999999999999E-07,-1.0517E-09,-2.2725999999999999E-07,3.2148E-07,-3.2506E-07
0.63,0,2.3358E-07,-1.0757500000000001E-09,-2.2865999999999998E-07,3.215E-07,-3.2522E-07
0.635,0,2.3528E-07,-1.1055700000000001E-09,-2.3028E-07,3.2144E-07,-3.2528E-07
0.64,0,2.3678E-07,-1.13225E-09,-2.3164E-07,3.2145999999999997E-07,-3.254E-07
0.645,0,2.3806E-07,-1.1551E-09,-2.3322E-07,3.2145999999999997E-07,-3.2556E-07
0.65,0,2.401E-07,-1.1872E-09,-2.3478E-07,3.217E-07,-3.2556E-07
0.655,0,2.4168E-07,-1.215E-09,-2.3614E-07,3.2145999999999997E-07,-3.2558E-07
0.66,0,2.4322E-07,-1.2347E-09,-2.3768E-07,3.2162E-07,-3.2588E-07
0.665,0,2.4482E-07,-1.2678E-09,-2.3924E-07,3.2142E-07,-3.257E-07
0.67,0,2.4644E-07,-1.2991E-09,-2.4058E-07,3.2138E-07,-3.2592E-07
0.675,0,2.4822E-07,-1.3278E-09,-2.4224E-07,3.215E-07,-3.2606E-07
0.68,0,2.4976E-07,-1.3578E-09,-2.437E-07,3.2145999999999997E-07,-3.2606E-07
0.685,0,2.5133999999999997E-07,-1.3869E-09,-2.452E-07,3.2154E-07,-3.2622E-07
0.69000000000000006,0,2.5322E-07,-1.4112E-09,-2.47E-07,3.2148E-07,-3.2617999999999997E-07
0.69500000000000006,0,2.5496E-07,-1.449E-09,-2.4842E-07,3.2154E-07,-3.2644E-07
0.70000000000000007,0,2.565E-07,-1.4816E-09,-2.5004E-07,3.2168E-07,-3.267E-07
0.70500000000000007,0,2.5822E-07,-1.5151E-09,-2.5156E-07,3.2144E-07,-3.2666E-07
0.71000000000000008,0,2.6022E-07,-1.5433E-09,-2.5324E-07,3.2145999999999997E-07,-3.2686E-07
0.71500000000000008,0,2.6166E-07,-1.576E-09,-2.5472E-07,3.2148E-07,-3.2696E-07
0.72000000000000008,0,2.6368E-07,-1.6121E-09,-2.5634E-07,3.2159999999999997E-07,-3.2706E-07
0.72500000000000009,0,2.6543999999999997E-07,-1.6465E-09,-2.579E-07,3.2145999999999997E-07,-3.271E-07
0.73,0,2.6702E-07,-1.683E-09,-2.5973999999999997E-07,3.2158E-07,-3.2712E-07
0.735,0,2.6892E-07,-1.7185E-09,-2.6116E-07,3.2145999999999997E-07,-3.2736E-07
0.74,0,2.7086E-07,-1.7483E-09,-2.6304E-07,3.2145999999999997E-07,-3.274E-07
0.745,0,2.7254E-07,-1.7901E-09,-2.6444E-07,3.214E-07,-3.2748E-07
0.75,0,2.7425999999999997E-07,-1.8265E-09,-2.6616E-07,3.2152E-07,-3.277E-07
0.755,0,2.761E-07,-1.8655E-09,-2.6788E-07,3.2152E-07,-3.2788E-07
0.76,0,2.7804E-07,-1.8996E-09,-2.6942E-07,3.2154E-07,-3.279E-07
0.765,0,2.799E-07,-1.9408E-09,-2.7116E-07,3.2145999999999997E-07,-3.2806E-07
0.77,0,2.8163999999999997E-07,-1.9762E-09,-2.7284E-07,3.2142E-07,-3.2822E-07
0.775,0,2.8356E-07,-2.0191E-09,-2.7466E-07,3.2148E-07,-3.2836E-07
0.78,0,2.8554E-07,-2.0637E-09,-2.764E-07,3.2144E-07,-3.285E-07
0.785,0,2.8748E-07,-2.0991E-09,-2.782E-07,3.214E-07,-3.2866E-07
0.79,0,2.8918E-07,-2.1359E-09,-2.798E-07,3.214E-07,-3.2866E-07
0.795,0,2.9146E-07,-2.1847E-09,-2.8154E-07,3.2136E-07,-3.2888E-07
0.8,0,2.9322E-07,-2.2268E-09,-2.8324E-07,3.2148E-07,-3.2908E-07
0.805,0,2.9496E-07,-2.27E-09,-2.8504E-07,3.2148E-07,-3.292E-07
0.81,0,2.9702E-07,-2.3124E-09,-2.8664E-07,3.2148E-07,-3.2936E-07
0.81500000000000006,0,2.9918E-07,-2.3565E-09,-2.8834E-07,3.2145999999999997E-07,-3.2942E-07
0.82000000000000006,0,3.0077999999999997E-07,-2.3999E-09,-2.903E-07,3.2164E-07,-3.2992E-07
0.82500000000000007,0,3.0296E-07,-2.4503E-09,-2.9198E-07,3.2142E-07,-3.2981999999999997E-07
0.83000000000000007,0,3.0496E-07,-2.4965E-09,-2.9376E-07,3.214E-07,-3.2994E-07
0.83500000000000008,0,3.0674E-07,-2.544E-09,-2.9552E-07,3.2144E-07,-3.2995999999999997E-07
0.84000000000000008,0,3.088E-07,-2.5849E-09,-2.9758E-07,3.215E-07,-3.3026E-07
0.84500000000000008,0,3.1095999999999997E-07,-2.6346E-09,-2.9916E-07,3.2134E-07,-3.305E-07
0.85000000000000009,0,3.1319999999999997E-07,-2.6877E-09,-3.0104E-07,3.2145999999999997E-07,-3.3056E-07
0.85500000000000009,0,3.151E-07,-2.7367E-09,-3.0301999999999997E-07,3.2144E-07,-3.3079999999999997E-07
0.86,0,3.1718E-07,-2.7814E-09,-3.0476E-07,3.2148E-07,-3.309E-07
0.865,0,3.1954E-07,-2.8384E-09,-3.064E-07,3.214E-07,-3.3114E-07
0.87,0,3.2106E-07,-2.8846E-09,-3.0832E-07,3.2148E-07,-3.313E-07
0.875,0,3.2344E-07,-2.939E-09,-3.1058E-07,3.2145999999999997E-07,-3.3158E-07
0.88,0,3.2558E-07,-2.9958E-09,-3.1218E-07,3.215E-07,-3.3174E-07
0.885,0,3.2774E-07,-3.0444E-09,-3.1412E-07,3.2154E-07,-3.3212E-07
0.89,0,3.3002E-07,-3.0944E-09,-3.1622E-07,3.2145999999999997E-07,-3.3214E-07
0.895,0,3.3194E-07,-3.152E-09,-3.178E-07,3.2144E-07,-3.3228E-07
0.9,0,3.3456E-07,-3.2081E-09,-3.1976E-07,3.214E-07,-3.325E-07
0,0.15,-2.1742E-07,5.889E-11,2.4316E-07,3.2142E-07,-3.2136E-07
0.005,0.15,6.6296E-07,5.5960000000000006E-11,-1.3772000000000001E-06,3.214E-07,-3.2158E-07
0.01,0.15,2.7844000000000004E-06,5.309E-11,-2.7815000000000004E-06,3.2145999999999997E-07,-3.2134E-07
0.015000000000000001,0.15,3.9512E-06,5.128E-11,-3.9516E-06,3.215E-07,-3.2144E-07
0.02,0.15,4.9578E-06,5.2740000000000003E-11,-4.9543E-06,3.2144E-07,-3.2148E-07
0.025,0.15,5.7998000000000008E-06,4.88E-11,-5.7920000000000006E-06,3.2148E-07,-3.2134E-07
0.030000000000000002,0.15,6.5237000000000007E-06,4.738E-11,-6.524200000000001E-06,3.2145999999999997E-07,-3.2148E-07
0.035,0.15,7.1397000000000004E-06,4.719E-11,-7.138400000000001E-06,3.2148E-07,-3.2148E-07
0.04,0.15,7.6724000000000013E-06,4.708E-11,-7.6723000000000011E-06,3.2152E-07,-3.2144E-07
0.045000000000000005,0.15,8.1316E-06,4.555E-11,-8.1288E-06,3.2145999999999997E-07,-3.2148E-07
0.05,0.15,8.528300000000001E-06,4.2840000000000004E-11,-8.5307000000000012E-06,3.2152E-07,-3.2152E-07
0.055,0.15,8.8803E-06,4.1870000000000006E-11,-8.8739000000000016E-06,3.2148E-07,-3.2144E-07
0.060000000000000005,0.15,9.187E-06,4.614E-11,-9.1818E-06,3.217E-07,-3.2173999999999997E-07
0.065,0.15,9.4617000000000012E-06,4.2000000000000004E-11,-9.4550000000000018E-06,3.2134E-07,-3.2154E-07
0.07,0.15,9.7033E-06,4.0070000000000004E-11,-9.7062E-06,3.2152E-07,-3.2154E-07
0.075,0.15,9.9253000000000013E-06,4.1420000000000004E-11,-9.9211E-06,3.2148E-07,-3.2154E-07
0.08,0.15,1.01251E-05,3.8690000000000004E-11,-1.0122900000000001E-05,3.2144E-07,-3.2159999999999997E-07
0.085,0.15,1.0308400000000001E-05,3.9680000000000005E-11,-1.0302900000000001E-05,3.2154E-07,-3.2158E-07
0.090000000000000011,0.15,1.0473200000000002E-05,4.0810000000000006E-11,-1.0473100000000001E-05,3.2145999999999997E-07,-3.2154E-07
0.095,0.15,1.0638300000000001E-05,3.8040000000000005E-11,-1.0638400000000001E-05,3.2166E-07,-3.2173999999999997E-07
0.1,0.15,1.0788200000000001E-05,3.353E-11,-1.07849E-05,3.2136E-07,-3.215E-07
0.10500000000000001,0.15,1.0921300000000002E-05,3.828E-11,-1.09346E-05,3.214E-07,-3.2148E-07
0.11,0.15,1.1057300000000002E-05,3.9940000000000006E-11,-1.1056500000000002E-05,3.2154E-07,-3.215E-07
0.115,0.15,1.1178500000000002E-05,3.441E-11,-1.1184600000000001E-05,3.2144E-07,-3.2148E-07
0.12000000000000001,0.15,1.1316900000000002E-05,3.663E-11,-1.1315400000000002E-05,3.215E-07,-3.2164E-07
0.125,0.15,1.1436000000000002E-05,3.5120000000000004E-11,-1.1439000000000002E-05,3.2148E-07,-3.2164E-07
0.13,0.15,1.1554E-05,3.22E-11,-1.1550900000000002E-05,3.2148E-07,-3.2162E-07
0.135,0.15,1.1672000000000001E-05,3.463E-11,-1.1661E-05,3.2145999999999997E-07,-3.2166E-07
0.14,0.15,1.1708E-05,3.642E-11,-1.1772E-05,3.2148E-07,-3.2162E-07
0.14500000000000002,0.15,1.1896000000000001E-05,3.133E-11,-1.1882E-05,3.2154E-07,-3.217E-07
0.15,0.15,1.2008000000000001E-05,3.4330000000000006E-11,-1.2004E-05,3.2148E-07,-3.2154E-07
0.155,0.15,1.2108E-05,3.1560000000000005E-11,-1.2098E-05,3.2145999999999997E-07,-3.217E-07
0.16,0.15,1.2222000000000001E-05,3.561E-11,-1.222E-05,3.2148E-07,-3.2173999999999997E-07
0.165,0.15,1.2328000000000001E-05,3.1840000000000003E-11,-1.2322E-05,3.2134E-07,-3.2166E-07
0.17,0.15,1.2428E-05,2.9730000000000004E-11,-1.2430000000000001E-05,3.2138E-07,-3.2164E-07
0.17500000000000002,0.15,1.2544E-05,3.071E-11,-1.254E-05,3.2145999999999997E-07,-3.217E-07
0.18000000000000002,0.15,1.2646E-05,2.859E-11,-1.2640000000000001E-05,3.2148E-07,-3.2176E-07
0.185,0.15,1.2758E-05,3.063E-11,-1.275E-05,3.2145999999999997E-07,-3.2162E-07
0.19,0.15,1.2858000000000001E-05,3.22E-11,-1.286E-05,3.2145999999999997E-07,-3.2166E-07
0.195,0.15,1.2970000000000001E-05,2.511E-11,-1.2956000000000001E-05,3.2138E-07,-3.2173999999999997E-07
0.2,0.15,1.3072000000000001E-05,2.8690000000000003E-11,-1.3066E-05,3.2138E-07,-3.2166E-07
0.20500000000000002,0.15,1.3176E-05,2.8120000000000002E-11,-1.3186E-05,3.2145999999999997E-07,-3.218E-07
0.21000000000000002,0.15,1.3286000000000001E-05,2.4480000000000002E-11,-1.3278E-05,3.2144E-07,-3.2172E-07
0.215,0.15,1.339E-05,2.6720000000000002E-11,-1.3378E-05,3.2158E-07,-3.2178E-07
0.22,0.15,1.3492E-05,2.5080000000000002E-11,-1.3482E-05,3.2142E-07,-3.2184E-07
0.225,0.15,1.3592000000000001E-05,2.2080000000000003E-11,-1.3598000000000001E-05,3.214E-07,-3.2182E-07
0.23,0.15,1.3706E-05,2.5670000000000004E-11,-1.3704000000000001E-05,3.2145999999999997E-07,-3.2184E-07
0.23500000000000001,0.15,1.3814E-05,2.2210000000000003E-11,-1.3816000000000001E-05,3.2148E-07,-3.2184E-07
0.24000000000000002,0.15,1.3924000000000001E-05,2.152E-11,-1.3922E-05,3.2138E-07,-3.2184E-07
0.24500000000000002,0.15,1.4028E-05,2.1930000000000002E-11,-1.4028E-05,3.2142E-07,-3.2187999999999997E-07
0.25,0.15,1.4144E-05,1.6470000000000002E-11,-1.4136E-05,3.214E-07,-3.2196E-07
0.255,0.15,1.4242E-05,1.992E-11,-1.425E-05,3.2145999999999997E-07,-3.2198E-07
0.26,0.15,1.4348E-05,1.9660000000000003E-11,-1.4342000000000001E-05,3.2148E-07,-3.2198E-07
0.265,0.15,1.4472000000000001E-05,1.383E-11,-1.4454000000000001E-05,3.2148E-07,-3.2196E-07
0.27,0.15,1.4574E-05,1.2120000000000001E-11,-1.4568E-05,3.2142E-07,-3.2201999999999997E-07
0.275,0.15,1.469E-05,1.4390000000000002E-11,-1.4686000000000001E-05,3.2142E-07,-3.2201999999999997E-07
0.28,0.15,1.4808000000000001E-05,1.1340000000000001E-11,-1.4786E-05,3.214E-07,-3.2212E-07
0.28500000000000003,0.15,1.4898E-05,9.85E-12,-1.4900000000000001E-05,3.2145999999999997E-07,-3.2204E-07
0.29000000000000004,0.15,1.5014E-05,9.65E-12,-1.5002000000000001E-05,3.2136E-07,-3.2198E-07
0.29500000000000004,0.15,1.5126E-05,5.2500000000000004E-12,-1.5112E-05,3.2138E-07,-3.2201999999999997E-07
0.3,0.15,1.5242E-05,1.6300000000000001E-12,-1.5226000000000001E-05,3.2148E-07,-3.2208E-07
0.305,0.15,1.5352E-05,1.6E-12,-1.5338E-05,3.2145999999999997E-07,-3.2215999999999997E-07
0.31,0.15,1.546E-05,3.5900000000000003E-12,-1.5456E-05,3.2145999999999997E-07,-3.2215999999999997E-07
0.315,0.15,1.5586E-05,-1.2500000000000001E-12,-1.556E-05,3.2145999999999997E-07,-3.2208E-07
0.32,0.15,1.5682E-05,-6.3700000000000005E-12,-1.5684E-05,3.2144E-07,-3.2218E-07
0.325,0.15,1.5798E-05,-6.9000000000000009E-12,-1.5782E-05,3.2134E-07,-3.2228E-07
0.33,0.15,1.5912E-05,-7.9E-12,-1.5898E-05,3.214E-07,-3.2228E-07
0.335,0.15,1.6016E-05,-1.33E-11,-1.6018E-05,3.2154E-07,-3.2238E-07
0.34,0.15,1.6132E-05,-1.2240000000000001E-11,-1.6124E-05,3.214E-07,-3.2224E-07
0.34500000000000003,0.15,1.6238E-05,-1.672E-11,-1.6242E-05,3.214E-07,-3.2222E-07
0.35000000000000003,0.15,1.638E-05,-2.411E-11,-1.6364E-05,3.2145999999999997E-07,-3.2236E-07
0.35500000000000004,0.15,1.6474000000000002E-05,-2.318E-11,-1.6476E-05,3.2145999999999997E-07,-3.2246E-07
0.36000000000000004,0.15,1.6614E-05,-2.2640000000000002E-11,-1.6606E-05,3.2152E-07,-3.2248E-07
0.365,0.15,1.6714E-05,-2.899E-11,-1.6704E-05,3.2145999999999997E-07,-3.2242E-07
0.37,0.15,1.6844E-05,-3.317E-11,-1.6824E-05,3.2145999999999997E-07,-3.2252E-07
0.375,0.15,1.6950000000000002E-05,-3.7530000000000005E-11,-1.694E-05,3.2148E-07,-3.2254E-07
0.38,0.15,1.7056E-05,-4.1460000000000005E-11,-1.7052000000000002E-05,3.2154E-07,-3.2254E-07
0.385,0.15,1.7172E-05,-4.1680000000000005E-11,-1.717E-05,3.2145999999999997E-07,-3.2257999999999997E-07
0.39,0.15,1.7286E-05,-4.7330000000000006E-11,-1.7276000000000002E-05,3.2154E-07,-3.2257999999999997E-07
0.395,0.15,1.7412000000000002E-05,-4.8120000000000004E-11,-1.7394E-05,3.2152E-07,-3.2266E-07
0.4,0.15,1.7518E-05,-5.6610000000000005E-11,-1.7516E-05,3.2148E-07,-3.2264E-07
0.405,0.15,1.7638E-05,-6.771E-11,-1.7636000000000002E-05,3.2148E-07,-3.2276E-07
0.41000000000000003,0.15,1.7762E-05,-6.215E-11,-1.7756E-05,3.2145999999999997E-07,-3.227E-07
0.41500000000000004,0.15,1.7888000000000002E-05,-6.46E-11,-1.7878E-05,3.215E-07,-3.2278E-07
0.42000000000000004,0.15,1.7990000000000002E-05,-7.466E-11,-1.7998E-05,3.2152E-07,-3.2278E-07
0.42500000000000004,0.15,1.8118000000000002E-05,-7.422E-11,-1.8122E-05,3.2152E-07,-3.229E-07
0.43,0.15,1.8232E-05,-8.551000000000001E-11,-1.824E-05,3.2152E-07,-3.2288E-07
0.435,0.15,1.8366E-05,-9.2510000000000012E-11,-1.8362E-05,3.2142E-07,-3.2294E-07
0.44,0.15,1.8484E-05,-8.824000000000001E-11,-1.847E-05,3.2138E-07,-3.2294E-07
0.445,0.15,1.8616E-05,-9.7910000000000014E-11,-1.861E-05,3.215E-07,-3.2299999999999997E-07
0.45,0.15,1.8728E-05,-1.0256E-10,-1.8712E-05,3.2145999999999997E-07,-3.2306E-07
0.455,0.15,1.8872E-05,-1.0808E-10,-1.8854E-05,3.2136E-07,-3.2302E-07
0.46,0.15,1.8976E-05,-1.1922E-10,-1.8984E-05,3.2154E-07,-3.2324E-07
0.465,0.15,1.911E-05,-1.2222000000000002E-10,-1.91E-05,3.2136E-07,-3.2308E-07
0.47000000000000003,0.15,1.9226000000000002E-05,-1.2108E-10,-1.9216E-05,3.2142E-07,-3.2308E-07
0.47500000000000003,0.15,1.937E-05,-1.3229000000000002E-10,-1.9354E-05,3.2142E-07,-3.2318E-07
0.48000000000000004,0.15,1.9476E-05,-1.4159E-10,-1.9478000000000002E-05,3.2145999999999997E-07,-3.234E-07
0.48500000000000004,0.15,1.9612E-05,-1.49E-10,-1.9608E-05,3.2142E-07,-3.2332E-07
0.49000000000000005,0.15,1.9742000000000002E-05,-1.5496E-10,-1.9736000000000002E-05,3.2138E-07,-3.2327999999999997E-07
0.49500000000000005,0.15,1.9864E-05,-1.6002E-10,-1.9852000000000002E-05,3.2144E-07,-3.2336E-07
0.5,0.15,1.9994000000000002E-05,-1.6537000000000002E-10,-1.9982E-05,3.2145999999999997E-07,-3.2354E-07
0.505,0.15,2.0136E-05,-1.7285E-10,-2.012E-05,3.2134E-07,-3.2346E-07
0.51,0.15,2.0244E-05,-1.8475E-10,-2.0234E-05,3.2145999999999997E-07,-3.2352E-07
0.515,0.15,2.0376E-05,-1.9290000000000003E-10,-2.037E-05,3.2142E-07,-3.2355999999999997E-07
0.52,0.15,2.0504000000000002E-05,-1.9726000000000003E-10,-2.0496E-05,3.2134E-07,-3.236E-07
0.525,0.15,2.0644E-05,-2.0612E-10,-2.063E-05,3.2148E-07,-3.2372E-07
0.53,0.15,2.0756E-05,-2.1217000000000003E-10,-2.076E-05,3.2148E-07,-3.2372E-07
0.535,0.15,2.0884000000000002E-05,-2.2542E-10,-2.0892E-05,3.214E-07,-3.2386E-07
0.54,0.15,2.103E-05,-2.3751000000000004E-10,-2.1018E-05,3.2142E-07,-3.2394E-07
0.545,0.15,2.1156000000000002E-05,-2.3949E-10,-2.1162E-05,3.2138E-07,-3.2386E-07
0.55,0.15,2.1282E-05,-2.5153E-10,-2.1268E-05,3.2148E-07,-3.2404E-07
0.555,0.15,2.1416E-05,-2.62E-10,-2.1412E-05,3.2145999999999997E-07,-3.24E-07
0.56,0.15,2.1556E-05,-2.672E-10,-2.1550000000000002E-05,3.2145999999999997E-07,-3.24E-07
0.56500000000000006,0.15,2.1682E-05,-2.8536000000000004E-10,-2.166E-05,3.2134E-07,-3.2402E-07
0.57000000000000006,0.15,2.183E-05,-2.9460000000000005E-10,-2.1816E-05,3.2142E-07,-3.2424E-07
0.57500000000000007,0.15,2.196E-05,-2.9817E-10,-2.1952E-05,3.2142E-07,-3.2418E-07
0.58000000000000007,0.15,2.2104E-05,-3.1239000000000005E-10,-2.2086E-05,3.2138E-07,-3.2438E-07
0.58500000000000008,0.15,2.224E-05,-3.2566000000000004E-10,-2.222E-05,3.2134E-07,-3.2434E-07
0.59000000000000008,0.15,2.2366000000000002E-05,-3.3470000000000004E-10,-2.2358000000000002E-05,3.2148E-07,-3.2442E-07
0.595,0.15,2.2508000000000002E-05,-3.493E-10,-2.2498E-05,3.2142E-07,-3.2442E-07
0.6,0.15,2.265E-05,-3.5964E-10,-2.265E-05,3.2142E-07,-3.2468E-07
0.605,0.15,2.2774000000000003E-05,-3.6890000000000004E-10,-2.2762E-05,3.2134E-07,-3.2464E-07
0.61,0.15,2.2922000000000002E-05,-3.8391E-10,-2.2916000000000002E-05,3.214E-07,-3.247E-07
0.615,0.15,2.3066000000000002E-05,-3.9704E-10,-2.305E-05,3.2148E-07,-3.2496E-07
0.62,0.15,2.3198E-05,-4.1107E-10,-2.3198E-05,3.2145999999999997E-07,-3.249E-07
0.625,0.15,2.3350000000000002E-05,-4.2702000000000004E-10,-2.3336E-05,3.2145999999999997E-07,-3.2496E-07
0.63,0.15,2.3478E-05,-4.3115000000000006E-10,-2.3458E-05,3.214E-07,-3.2526E-07
0.635,0.15,2.3624E-05,-4.5237E-10,-2.3602000000000002E-05,3.2142E-07,-3.2516E-07
0.64,0.15,2.3772000000000002E-05,-4.6772E-10,-2.376E-05,3.2142E-07,-3.2522E-07
0.645,0.15,2.391E-05,-4.8017E-10,-2.3904E-05,3.214E-07,-3.2534E-07
0.65,0.15,2.4042E-05,-4.9732E-10,-2.4044000000000002E-05,3.2145999999999997E-07,-3.2546E-07
0.655,0.15,2.4208E-05,-5.1169E-10,-2.4194000000000002E-05,3.215E-07,-3.2552E-07
0.66,0.15,2.4332E-05,-5.2370000000000006E-10,-2.4350000000000002E-05,3.2142E-07,-3.2572E-07
0.665,0.15,2.4476E-05,-5.4024000000000009E-10,-2.4468E-05,3.2144E-07,-3.2566E-07
0.67,0.15,2.4632E-05,-5.6089E-10,-2.4644E-05,3.2145999999999997E-07,-3.2576E-07
0.675,0.15,2.4776E-05,-5.7755E-10,-2.4784000000000002E-05,3.2152E-07,-3.2584E-07
0.68,0.15,2.4944E-05,-5.8853E-10,-2.4948000000000002E-05,3.2142E-07,-3.2588E-07
0.685,0.15,2.508E-05,-6.1082000000000007E-10,-2.5064E-05,3.2145999999999997E-07,-3.2598E-07
0.69000000000000006,0.15,2.5218E-05,-6.2933E-10,-2.5198E-05,3.2148E-07,-3.2603999999999997E-07
0.69500000000000006,0.15,2.5382000000000002E-05,-6.3996E-10,-2.5362000000000002E-05,3.2142E-07,-3.2634E-07
0.70000000000000007,0.15,2.5512000000000002E-05,-6.637000000000001E-10,-2.5518000000000002E-05,3.2144E-07,-3.2644E-07
0.70500000000000007,0.15,2.5676E-05,-6.8619000000000009E-10,-2.565E-05,3.2142E-07,-3.264E-07
0.71000000000000008,0.15,2.5838000000000002E-05,-6.9947000000000007E-10,-2.5826E-05,3.2144E-07,-3.267E-07
0.71500000000000008,0.15,2.5976E-05,-7.1841000000000011E-10,-2.5954000000000003E-05,3.2142E-07,-3.2668E-07
0.72000000000000008,0.15,2.614E-05,-7.4195E-10,-2.6112E-05,3.2148E-07,-3.2673999999999997E-07
0.72500000000000009,0.15,2.627E-05,-7.5773E-10,-2.6274E-05,3.2148E-07,-3.2692E-07
0.73,0.15,2.6432E-05,-7.8151E-10,-2.6414E-05,3.2154E-07,-3.2706E-07
0.735,0.15,2.6602E-05,-8.0431000000000009E-10,-2.6582E-05,3.215E-07,-3.2701999999999997E-07
0.74,0.15,2.6726E-05,-8.226E-10,-2.6716E-05,3.213E-07,-3.271E-07
0.745,0.15,2.6892E-05,-8.444600000000001E-10,-2.6886E-05,3.214E-07,-3.274E-07
0.75,0.15,2.7054000000000002E-05,-8.6621000000000005E-10,-2.7032E-05,3.2082E-07,-3.2684E-07
0.755,0.15,2.7216E-05,-8.8588E-10,-2.7198E-05,3.2092E-07,-3.2687999999999997E-07
0.76,0.15,2.7368E-05,-9.1528000000000007E-10,-2.7346000000000002E-05,3.2086E-07,-3.2718E-07
0.765,0.15,2.7518E-05,-9.3735E-10,-2.7508E-05,3.2033999999999997E-07,-3.2662E-07
0.77,0.15,2.7678E-05,-9.5776E-10,-2.767E-05,3.2082E-07,-3.2736E-07
0.775,0.15,2.783E-05,-9.8411E-10,-2.7836000000000003E-05,3.208E-07,-3.2764E-07
0.78,0.15,2.7992000000000002E-05,-1.00776E-09,-2.7998000000000002E-05,3.2088E-07,-3.2746E-07
0.785,0.15,2.8166E-05,-1.02902E-09,-2.8156E-05,3.2082E-07,-3.2764E-07
0.79,0.15,2.8342E-05,-1.06344E-09,-2.8310000000000002E-05,3.2028E-07,-3.2736E-07
0.795,0.15,2.8494000000000002E-05,-1.08538E-09,-2.8466E-05,3.2084E-07,-3.2796E-07
0.8,0.15,2.8658000000000002E-05,-1.10853E-09,-2.866E-05,3.2046E-07,-3.2808E-07
0.805,0.15,2.8820000000000002E-05,-1.13912E-09,-2.8814000000000002E-05,3.208E-07,-3.2826E-07
0.81,0.15,2.8988E-05,-1.1629E-09,-2.8972E-05,3.2024E-07,-3.2782E-07
0.81500000000000006,0.15,2.9182E-05,-1.1907E-09,-2.9120000000000002E-05,3.2016E-07,-3.2792E-07
0.82000000000000006,0.15,2.9292E-05,-1.2179E-09,-2.9288E-05,3.2074E-07,-3.286E-07
0.82500000000000007,0.15,2.9472000000000002E-05,-1.2481E-09,-2.9460000000000003E-05,3.2086E-07,-3.2878E-07
0.83000000000000007,0.15,2.9632E-05,-1.2792E-09,-2.9636000000000002E-05,3.2032E-07,-3.2834E-07
0.83500000000000008,0.15,2.9822E-05,-1.3069E-09,-2.9794E-05,3.2078E-07,-3.2925999999999997E-07
0.84000000000000008,0.15,2.9988E-05,-1.3351E-09,-2.9970000000000003E-05,3.2028E-07,-3.2872E-07
0.84500000000000008,0.15,3.0122E-05,-1.3654E-09,-3.014E-05,3.2075999999999997E-07,-3.295E-07
0.85000000000000009,0.15,3.0316000000000002E-05,-1.3989E-09,-3.0312E-05,3.2084E-07,-3.2956E-07
0.85500000000000009,0.15,3.0488E-05,-1.429E-09,-3.0472000000000002E-05,3.2088E-07,-3.2986E-07
0.86,0.15,3.0646000000000004E-05,-1.4622E-09,-3.0636E-05,3.207E-07,-3.3002E-07
0.865,0.15,3.0836E-05,-1.4913E-09,-3.083E-05,3.208E-07,-3.3014E-07
0.87,0.15,3.0992000000000004E-05,-1.5263E-09,-3.0986E-05,3.2089999999999997E-07,-3.3037999999999997E-07
0.875,0.15,3.1188E-05,-1.5608E-09,-3.1156E-05,3.2086E-07,-3.3062E-07
0.88,0.15,3.1346E-05,-1.5956E-09,-3.1314E-05,3.2086E-07,-3.3074E-07
0.885,0.15,3.1512E-05,-1.6292E-09,-3.1492E-05,3.2082E-07,-3.3086E-07
0.89,0.15,3.1698E-05,-1.6628E-09,-3.1682E-05,3.2082E-07,-3.3114E-07
0.895,0.15,3.1872E-05,-1.6974E-09,-3.187E-05,3.2082E-07,-3.3124E-07
0.9,0.15,3.2048E-05,-1.7357E-09,-3.2048E-05,3.2082E-07,-3.3158E-07
0,0.3,-1.2712000000000001E-05,4.1363000000000005E-10,1.5666000000000002E-05,3.2038E-07,-3.2024E-07
0.005,0.3,5.6802E-05,4.0096000000000003E-10,-8.767E-05,3.2088E-07,-3.2086E-07
0.01,0.3,0.00018298,3.9292E-10,-0.00018278,3.2086E-07,-3.2072E-07
0.015000000000000001,0.3,0.00026386000000000004,3.8471E-10,-0.00026368,3.2088E-07,-3.2089999999999997E-07
0.02,0.3,0.00033682000000000004,3.7608E-10,-0.00033618,3.2086E-07,-3.2078E-07
0.025,0.3,0.00039880000000000004,3.6199E-10,-0.00039834,3.2028E-07,-3.2028E-07
0.030000000000000002,0.3,0.00045390000000000003,3.5239E-10,-0.00045398000000000004,3.2086E-07,-3.2084E-07
0.035,0.3,0.00050242000000000006,3.5108000000000004E-10,-0.00050192,3.2086E-07,-3.2086E-07
0.04,0.3,0.00054404000000000008,3.4460000000000003E-10,-0.00054442,3.2089999999999997E-07,-3.2088E-07
0.045000000000000005,0.3,0.0005818,3.3598E-10,-0.00058168,3.2028E-07,-3.2028E-07
0.05,0.3,0.0006153,3.3266E-10,-0.00061494,3.2082E-07,-3.208E-07
0.055,0.3,0.00064416000000000007,3.2013E-10,-0.00064412000000000009,3.2056E-07,-3.2094E-07
0.060000000000000005,0.3,0.00066978,3.1817000000000005E-10,-0.00066954,3.2028E-07,-3.204E-07
0.065,0.3,0.00069304,3.1736000000000003E-10,-0.00069274000000000007,3.2086E-07,-3.2089999999999997E-07
0.07,0.3,0.0007136,3.1091E-10,-0.00071342000000000009,3.2082E-07,-3.2036E-07
0.075,0.3,0.00073236,3.0757E-10,-0.00073216,3.2088E-07,-3.2088E-07
0.08,0.3,0.00074880000000000009,3.0176E-10,-0.00074908000000000006,3.2084E-07,-3.2088E-07
0.085,0.3,0.00076494000000000009,2.9599000000000003E-10,-0.00076446,3.2022E-07,-3.2019999999999997E-07
0.090000000000000011,0.3,0.00077904,2.9773E-10,-0.00077834000000000009,3.2086E-07,-3.2098E-07
0.095,0.3,0.0007917,2.9465E-10,-0.00079184,3.2086E-07,-3.2033999999999997E-07
0.1,0.3,0.00080382,2.9099000000000005E-10,-0.00080336,3.2082E-07,-3.2098E-07
0.10500000000000001,0.3,0.00081526,2.8891000000000004E-10,-0.0008143,3.2012E-07,-3.2038E-07
0.11,0.3,0.0008252,2.8228000000000003E-10,-0.00082498,3.203E-07,-3.2098E-07
0.115,0.3,0.00083534000000000006,2.8273E-10,-0.00083534000000000006,3.2078E-07,-3.2092E-07
0.12000000000000001,0.3,0.00084534000000000009,2.8283000000000005E-10,-0.00084518000000000006,3.208E-07,-3.2098E-07
0.125,0.3,0.00085406,2.7658000000000004E-10,-0.0008541200000000001,3.2086E-07,-3.21E-07
0.13,0.3,0.00086308,2.7737000000000005E-10,-0.00086308,3.2088E-07,-3.2098E-07
0.135,0.3,0.000872,2.7589E-10,-0.00087184,3.2082E-07,-3.2094E-07
0.14,0.3,0.0008802800000000001,2.719E-10,-0.00087998,3.208E-07,-3.211E-07
0.14500000000000002,0.3,0.000888,2.7101000000000003E-10,-0.00088792,3.2084E-07,-3.2047999999999997E-07
0.15,0.3,0.0008959,2.7108E-10,-0.0008957,3.2088E-07,-3.2106E-07
0.155,0.3,0.00090366,2.6659E-10,-0.00090344,3.2082E-07,-3.2108E-07
0.16,0.3,0.0009108600000000001,2.6711E-10,-0.000911,3.2089999999999997E-07,-3.211E-07
0.165,0.3,0.00091832,2.6632E-10,-0.00091898,3.2084E-07,-3.211E-07
0.17,0.3,0.0009259400000000001,2.6698000000000004E-10,-0.00092566,3.208E-07,-3.211E-07
0.17500000000000002,0.3,0.0009332600000000001,2.6231E-10,-0.00093338,3.2086E-07,-3.211E-07
0.18000000000000002,0.3,0.00094006,2.6218E-10,-0.00094014,3.2088E-07,-3.211E-07
0.185,0.3,0.00094790000000000011,2.6098E-10,-0.00094752000000000009,3.208E-07,-3.212E-07
0.19,0.3,0.00095456,2.5997000000000003E-10,-0.00095380000000000009,3.2086E-07,-3.2114E-07
0.195,0.3,0.00096128,2.5875E-10,-0.00096124,3.2082E-07,-3.2064E-07
0.2,0.3,0.00096846000000000009,2.5970000000000004E-10,-0.0009682200000000001,3.2086E-07,-3.2112E-07
0.20500000000000002,0.3,0.00097522000000000006,2.5564E-10,-0.00097506,3.208E-07,-3.2116E-07
0.21000000000000002,0.3,0.00098184,2.5587E-10,-0.00098202000000000012,3.208E-07,-3.2116E-07
0.215,0.3,0.00098922,2.5771000000000003E-10,-0.00098854,3.2086E-07,-3.213E-07
0.22,0.3,0.0009955,2.5612000000000004E-10,-0.00099526,3.2092E-07,-3.2061999999999997E-07
0.225,0.3,0.0010026,2.5282E-10,-0.0010025400000000001,3.2078E-07,-3.2131999999999997E-07
0.23,0.3,0.00100926,2.5399E-10,-0.0010087800000000001,3.2086E-07,-3.2124E-07
0.23500000000000001,0.3,0.00101604,2.5240000000000003E-10,-0.00101574,3.2022E-07,-3.2074E-07
0.24000000000000002,0.3,0.0010229,2.5328000000000003E-10,-0.00102206,3.2068E-07,-3.2134E-07
0.24500000000000002,0.3,0.00102916,2.52E-10,-0.00102932,3.2086E-07,-3.213E-07
0.25,0.3,0.00103568,2.5290000000000003E-10,-0.00103574,3.2086E-07,-3.2134E-07
0.255,0.3,0.0010428800000000002,2.4961000000000003E-10,-0.0010422,3.2084E-07,-3.2131999999999997E-07
0.26,0.3,0.0010493800000000002,2.4784E-10,-0.00104928,3.2018E-07,-3.2068E-07
0.265,0.3,0.00105576,2.5023E-10,-0.00105586,3.2088E-07,-3.2138E-07
0.27,0.3,0.00106306,2.4956E-10,-0.00106298,3.208E-07,-3.2144E-07
0.275,0.3,0.00106922,2.4853E-10,-0.00106944,3.2022E-07,-3.2086E-07
0.28,0.3,0.0010761,2.4881000000000004E-10,-0.00107576,3.2088E-07,-3.2148E-07
0.28500000000000003,0.3,0.00108296,2.4585000000000004E-10,-0.00108258,3.2088E-07,-3.2144E-07
0.29000000000000004,0.3,0.0010894400000000001,2.4244000000000004E-10,-0.00108908,3.2086E-07,-3.2148E-07
0.29500000000000004,0.3,0.0010957200000000001,2.4527E-10,-0.00109574,3.208E-07,-3.215E-07
0.3,0.3,0.00110264,2.4817000000000003E-10,-0.00110202,3.2086E-07,-3.2148E-07
0.305,0.3,0.00110954,2.4024000000000004E-10,-0.00110858,3.21E-07,-3.2152E-07
0.31,0.3,0.00111542,2.4485000000000004E-10,-0.0011155000000000002,3.2022E-07,-3.211E-07
0.315,0.3,0.00112196,2.4209000000000004E-10,-0.00112202,3.2075999999999997E-07,-3.2159999999999997E-07
0.32,0.3,0.0011283600000000001,2.3798000000000004E-10,-0.00112808,3.2088E-07,-3.2162E-07
0.325,0.3,0.0011349600000000002,2.4618E-10,-0.00113488,3.2088E-07,-3.2166E-07
0.33,0.3,0.0011415000000000002,2.4224000000000003E-10,-0.0011419000000000002,3.2084E-07,-3.217E-07
0.335,0.3,0.0011483,2.3523E-10,-0.00114758,3.2088E-07,-3.2116E-07
0.34,0.3,0.0011546,2.3953E-10,-0.00115436,3.2088E-07,-3.217E-07
0.34500000000000003,0.3,0.0011614,2.4130000000000004E-10,-0.0011610000000000001,3.2088E-07,-3.2173999999999997E-07
0.35000000000000003,0.3,0.001168,2.3899E-10,-0.00116722,3.2094E-07,-3.2178E-07
0.35500000000000004,0.3,0.0011702,2.3956E-10,-0.0011742,3.2084E-07,-3.2182E-07
0.36000000000000004,0.3,0.0011814,2.3509E-10,-0.0011808,3.2088E-07,-3.2184E-07
0.365,0.3,0.0011874000000000001,2.3572000000000004E-10,-0.0011864,3.2088E-07,-3.2182E-07
0.37,0.3,0.0011944,2.3447E-10,-0.001194,3.2094E-07,-3.22E-07
0.375,0.3,0.0012012,2.3238000000000003E-10,-0.0012006,3.2088E-07,-3.2192E-07
0.38,0.3,0.0012082,2.3626E-10,-0.0012066,3.205E-07,-3.2208E-07
0.385,0.3,0.0012138000000000001,2.3303E-10,-0.0012132,3.2092E-07,-3.2201999999999997E-07
0.39,0.3,0.0012208,2.2921000000000003E-10,-0.0012198,3.2102E-07,-3.2208E-07
0.395,0.3,0.0012276000000000001,2.2887E-10,-0.0012272000000000001,3.2096E-07,-3.221E-07
0.4,0.3,0.0012342,2.3056000000000003E-10,-0.0012334,3.2098E-07,-3.2214E-07
0.405,0.3,0.0012406000000000001,2.2710000000000002E-10,-0.0012396,3.2084E-07,-3.221E-07
0.41000000000000003,0.3,0.0012466,2.2779000000000002E-10,-0.0012462,3.2098E-07,-3.2212E-07
0.41500000000000004,0.3,0.0012534,2.2309000000000003E-10,-0.0012526,3.21E-07,-3.2218E-07
0.42000000000000004,0.3,0.0012596,2.2036000000000003E-10,-0.0012596,3.2098E-07,-3.2236E-07
0.42500000000000004,0.3,0.0012668,2.2258000000000002E-10,-0.0012666,3.2092E-07,-3.2228E-07
0.43,0.3,0.0012736,2.2169E-10,-0.0012718,3.2094E-07,-3.2229999999999997E-07
0.435,0.3,0.0012794,2.1850000000000002E-10,-0.0012788,3.2094E-07,-3.2204E-07
0.44,0.3,0.0012864,2.1739E-10,-0.001286,3.2092E-07,-3.224E-07
0.445,0.3,0.001293,2.1082000000000003E-10,-0.0012924,3.2102E-07,-3.2248E-07
0.45,0.3,0.001299,2.1147000000000002E-10,-0.001299,3.2042E-07,-3.2254E-07
0.455,0.3,0.001306,2.1392000000000002E-10,-0.0013058,3.2094E-07,-3.2264E-07
0.46,0.3,0.0013128,2.1018000000000002E-10,-0.0013122000000000001,3.2094E-07,-3.2236E-07
0.465,0.3,0.0013196,2.0639000000000002E-10,-0.0013188,3.2098E-07,-3.2268E-07
0.47000000000000003,0.3,0.0013256000000000001,2.0258E-10,-0.0013254,3.204E-07,-3.2266E-07
0.47500000000000003,0.3,0.0013318,1.9696E-10,-0.001332,3.21E-07,-3.2271999999999997E-07
0.48000000000000004,0.3,0.0013394,1.9834E-10,-0.0013388,3.2098E-07,-3.2276E-07
0.48500000000000004,0.3,0.0013458,1.9965E-10,-0.0013454,3.2106E-07,-3.2284E-07
0.49000000000000005,0.3,0.0013528,1.9407E-10,-0.0013520000000000001,3.2096E-07,-3.2296E-07
0.49500000000000005,0.3,0.0013594,1.8968E-10,-0.001358,3.21E-07,-3.2224E-07
0.5,0.3,0.0013656,1.8727000000000002E-10,-0.0013646,3.2088E-07,-3.2299999999999997E-07
0.505,0.3,0.0013724,1.8227E-10,-0.001372,3.2094E-07,-3.2302E-07
0.51,0.3,0.0013786,1.8301000000000002E-10,-0.001379,3.2086E-07,-3.2302E-07
0.515,0.3,0.0013862,1.8116000000000002E-10,-0.001385,3.2098E-07,-3.2254E-07
0.52,0.3,0.0013922000000000001,1.7618E-10,-0.0013918000000000001,3.2094E-07,-3.2308E-07
0.525,0.3,0.001399,1.7058000000000002E-10,-0.0013988,3.2042E-07,-3.2264E-07
0.53,0.3,0.0014060000000000001,1.6829000000000002E-10,-0.001405,3.2088E-07,-3.2324E-07
0.535,0.3,0.0014116,1.6543000000000002E-10,-0.0014122,3.2094E-07,-3.2334E-07
0.54,0.3,0.00142,1.6174E-10,-0.0014188,3.2096E-07,-3.2348E-07
0.545,0.3,0.0014264,1.5807E-10,-0.0014254,3.2089999999999997E-07,-3.2348E-07
0.55,0.3,0.0014332,1.5416000000000001E-10,-0.0014322,3.2092E-07,-3.2354E-07
0.555,0.3,0.0014394,1.4607000000000002E-10,-0.001439,3.2094E-07,-3.236E-07
0.56,0.3,0.001447,1.4237000000000002E-10,-0.001445,3.2094E-07,-3.2358E-07
0.56500000000000006,0.3,0.0014524,1.4413000000000002E-10,-0.0014524,3.2103999999999997E-07,-3.2369999999999997E-07
0.57000000000000006,0.3,0.0014596000000000001,1.3668000000000001E-10,-0.0014592000000000001,3.208E-07,-3.232E-07
0.57500000000000007,0.3,0.001467,1.2808E-10,-0.0014656,3.2044E-07,-3.2313999999999997E-07
0.58000000000000007,0.3,0.0014738,1.2786E-10,-0.0014730000000000001,3.2098E-07,-3.2384E-07
0.58500000000000008,0.3,0.0014798,1.1971000000000002E-10,-0.0014796,3.2047999999999997E-07,-3.2344E-07
0.59000000000000008,0.3,0.0014872,1.1497E-10,-0.0014860000000000001,3.2098E-07,-3.2396E-07
0.595,0.3,0.001494,1.1669E-10,-0.0014932,3.2108E-07,-3.2414E-07
0.6,0.3,0.0014998000000000001,1.0618E-10,-0.0015002,3.21E-07,-3.2396E-07
0.605,0.3,0.0015078000000000001,9.7700000000000009E-11,-0.0015064,3.21E-07,-3.2426E-07
0.61,0.3,0.0015132000000000001,9.6380000000000007E-11,-0.0015136,3.2103999999999997E-07,-3.2436E-07
0.615,0.3,0.0015212000000000001,8.7300000000000011E-11,-0.0015198,3.2103999999999997E-07,-3.2448E-07
0.62,0.3,0.0015276,8.4910000000000007E-11,-0.0015272,3.2103999999999997E-07,-3.2442E-07
0.625,0.3,0.0015356,7.8750000000000012E-11,-0.0015338,3.2106E-07,-3.2456E-07
0.63,0.3,0.0015414,6.9910000000000007E-11,-0.0015414,3.2096E-07,-3.2462E-07
0.635,0.3,0.0015484000000000001,6.324E-11,-0.0015472,3.2046E-07,-3.2474E-07
0.64,0.3,0.0015556,5.854E-11,-0.001555,3.2046E-07,-3.2424E-07
0.645,0.3,0.001562,5.306E-11,-0.0015604,3.21E-07,-3.2482E-07
0.65,0.3,0.0015692,4.577E-11,-0.001568,3.21E-07,-3.2492E-07
0.655,0.3,0.0015758,3.772E-11,-0.001575,3.2094E-07,-3.2498E-07
0.66,0.3,0.0015828,2.967E-11,-0.001582,3.2098E-07,-3.2498E-07
0.665,0.3,0.0015890000000000001,2.032E-11,-0.0015892,3.2103999999999997E-07,-3.2468E-07
0.67,0.3,0.0015962,1.551E-11,-0.001596,3.2096E-07,-3.2526E-07
0.675,0.3,0.0016038,7.62E-12,-0.0016026,3.2103999999999997E-07,-3.2532E-07
0.68,0.3,0.00161,-2.5E-13,-0.0016102,3.21E-07,-3.2548E-07
0.685,0.3,0.001617,-9.36E-12,-0.0016168,3.21E-07,-3.2494E-07
0.69000000000000006,0.3,0.0016234,-2.2130000000000002E-11,-0.001624,3.2102E-07,-3.2564E-07
0.69500000000000006,0.3,0.0016308,-2.7810000000000002E-11,-0.0016306,3.2103999999999997E-07,-3.2568E-07
0.70000000000000007,0.3,0.0016376000000000001,-3.335E-11,-0.0016374,3.21E-07,-3.2589999999999997E-07
0.70500000000000007,0.3,0.0016454,-4.618E-11,-0.0016454,3.2103999999999997E-07,-3.2588E-07
0.71000000000000008,0.3,0.0016524,-5.3220000000000005E-11,-0.0016510000000000001,3.21E-07,-3.2606E-07
0.71500000000000008,0.3,0.0016584,-6.357E-11,-0.001659,3.2103999999999997E-07,-3.261E-07
0.72000000000000008,0.3,0.0016664,-7.858E-11,-0.0016658,3.2102E-07,-3.2564E-07
0.72500000000000009,0.3,0.001673,-8.6040000000000007E-11,-0.0016728000000000001,3.2103999999999997E-07,-3.2638E-07
0.73,0.3,0.0016804,-9.2540000000000011E-11,-0.0016804,3.2108E-07,-3.2645999999999997E-07
0.735,0.3,0.001688,-1.0456000000000001E-10,-0.0016866000000000001,3.2108E-07,-3.2664E-07
0.74,0.3,0.001694,-1.1637000000000001E-10,-0.001693,3.21E-07,-3.2664E-07
0.745,0.3,0.0017008000000000001,-1.2934000000000002E-10,-0.0017004000000000001,3.2089999999999997E-07,-3.2678E-07
0.75,0.3,0.0017082,-1.422E-10,-0.0017078,3.211E-07,-3.2686E-07
0.755,0.3,0.0017156,-1.5179E-10,-0.0017146,3.2108E-07,-3.2708E-07
0.76,0.3,0.0017230000000000001,-1.6241E-10,-0.0017224,3.21E-07,-3.2712E-07
0.765,0.3,0.0017298,-1.7358E-10,-0.0017296,3.2112E-07,-3.2734E-07
0.77,0.3,0.0017364000000000001,-1.8816000000000003E-10,-0.001737,3.2102E-07,-3.2746E-07
0.775,0.3,0.0017442,-2.0353000000000002E-10,-0.001744,3.211E-07,-3.276E-07
0.78,0.3,0.001751,-2.1690000000000002E-10,-0.0017508,3.2052E-07,-3.2714E-07
0.785,0.3,0.0017596,-2.285E-10,-0.001758,3.2047999999999997E-07,-3.2715999999999997E-07
0.79,0.3,0.0017652,-2.4056E-10,-0.001766,3.2112E-07,-3.2729999999999997E-07
0.795,0.3,0.0017728,-2.5573E-10,-0.0017728,3.2103999999999997E-07,-3.2804E-07
0.8,0.3,0.0017804000000000001,-2.7054000000000003E-10,-0.0017792,3.2103999999999997E-07,-3.2822E-07
0.805,0.3,0.0017874,-2.8713E-10,-0.0017862,3.2112E-07,-3.2824E-07
0.81,0.3,0.0017948,-3.0236000000000003E-10,-0.0017932,3.2108E-07,-3.2836E-07
0.81500000000000006,0.3,0.0018018,-3.1381E-10,-0.0018012,3.211E-07,-3.2872E-07
0.82000000000000006,0.3,0.0018086,-3.2856E-10,-0.0018084,3.2056E-07,-3.2822E-07
0.82500000000000007,0.3,0.0018156000000000001,-3.4625E-10,-0.0018162,3.2102E-07,-3.288E-07
0.83000000000000007,0.3,0.0018228,-3.6447000000000003E-10,-0.0018226,3.2103999999999997E-07,-3.2892E-07
0.83500000000000008,0.3,0.00183,-3.8302000000000004E-10,-0.00183,3.211E-07,-3.292E-07
0.84000000000000008,0.3,0.0018390000000000001,-3.9685000000000003E-10,-0.001838,3.2108E-07,-3.2948E-07
0.84500000000000008,0.3,0.0018464,-4.1152000000000004E-10,-0.0018442,3.2042E-07,-3.2897999999999997E-07
0.85000000000000009,0.3,0.0018524000000000001,-4.2981000000000004E-10,-0.0018524000000000001,3.2112E-07,-3.2974E-07
0.85500000000000009,0.3,0.001859,-4.4739000000000004E-10,-0.0018586,3.2106E-07,-3.2986E-07
0.86,0.3,0.0018668,-4.7138000000000008E-10,-0.0018664,3.2112E-07,-3.3E-07
0.865,0.3,0.0018742000000000001,-4.8771000000000007E-10,-0.0018742000000000001,3.2112E-07,-3.3037999999999997E-07
0.87,0.3,0.0018818,-5.0503000000000006E-10,-0.0018802,3.2112E-07,-3.3044E-07
0.875,0.3,0.00189,-5.2421E-10,-0.0018894,3.204E-07,-3.2986E-07
0.88,0.3,0.0018966,-5.4244E-10,-0.0018962,3.2044E-07,-3.3018E-07
0.885,0.3,0.0019046,-5.6465E-10,-0.001904,3.2116E-07,-3.3124E-07
0.89,0.3,0.0019118,-5.8923E-10,-0.0019116,3.2117999999999997E-07,-3.3132E-07
0.895,0.3,0.0019196,-6.0434E-10,-0.0019192,3.2122E-07,-3.3156E-07
0.9,0.3,0.0019270000000000001,-6.2321000000000006E-10,-0.0019270000000000001,3.2112E-07,-3.3186E-07
0,0.45,-2.7352000000000002E-05,2.0748E-09,5.6068E-05,3.2082E-07,-3.2088E-07
0.005,0.45,4.7824E-05,2.0173E-09,-0.00058236000000000008,3.2098E-07,-3.2075999999999997E-07
0.01,0.45,0.00125,1.9529E-09,-0.0012482,3.207E-07,-3.2052E-07
0.015000000000000001,0.45,0.001884,1.9003E-09,-0.0018848,3.2082E-07,-3.2014E-07
0.02,0.45,0.0025048,1.8461E-09,-0.002505,3.2088E-07,-3.2082E-07
0.025,0.45,0.0030932,1.7864E-09,-0.0030918,3.2012E-07,-3.2019999999999997E-07
0.030000000000000002,0.45,0.0036642000000000003,1.7409E-09,-0.0036638,3.2088E-07,-3.2086E-07
0.035,0.45,0.0042062,1.6936E-09,-0.0042038,3.2086E-07,-3.2082E-07
0.04,0.45,0.0047216,1.6398E-09,-0.0047204000000000005,3.2088E-07,-3.2089999999999997E-07
0.045000000000000005,0.45,0.0052206,1.5973E-09,-0.00522,3.2022E-07,-3.2082E-07
0.05,0.45,0.005686,1.5577E-09,-0.0056886,3.2082E-07,-3.2088E-07
0.055,0.45,0.006137,1.5127E-09,-0.0061372,3.2026E-07,-3.2028E-07
0.060000000000000005,0.45,0.0065580000000000005,1.474E-09,-0.0065574000000000006,3.2089999999999997E-07,-3.2092E-07
0.065,0.45,0.0069614,1.4392E-09,-0.0069602,3.2028E-07,-3.2036E-07
0.07,0.45,0.0073344000000000005,1.4044E-09,-0.007335,3.2086E-07,-3.2086E-07
0.075,0.45,0.0076916,1.3664E-09,-0.0076938,3.2086E-07,-3.21E-07
0.08,0.45,0.0080226,1.337E-09,-0.0080234,3.2028E-07,-3.2094E-07
0.085,0.45,0.0083388,1.3076E-09,-0.0083368,3.2088E-07,-3.2092E-07
0.090000000000000011,0.45,0.008627000000000001,1.275E-09,-0.0086256,3.2016E-07,-3.203E-07
0.095,0.45,0.0089036,1.2501E-09,-0.0089014,3.2089999999999997E-07,-3.2094E-07
0.1,0.45,0.0091528,1.2225E-09,-0.009155400000000001,3.2094E-07,-3.2103999999999997E-07
0.10500000000000001,0.45,0.009387,1.2006E-09,-0.0093882000000000011,3.2094E-07,-3.2103999999999997E-07
0.11,0.45,0.0096088,1.1755E-09,-0.0096114,3.2033999999999997E-07,-3.2098E-07
0.115,0.45,0.0098102,1.1559E-09,-0.0098122,3.2096E-07,-3.2106E-07
0.12000000000000001,0.45,0.0100032,1.1354E-09,-0.0100046,3.2103999999999997E-07,-3.2112E-07
0.125,0.45,0.010180400000000001,1.1172E-09,-0.01018,3.2102E-07,-3.2106E-07
0.13,0.45,0.0103462,1.0965E-09,-0.0103452,3.2102E-07,-3.2116E-07
0.135,0.45,0.0104972,1.0816E-09,-0.0104962,3.2106E-07,-3.2117999999999997E-07
0.14,0.45,0.010638400000000001,1.064E-09,-0.010642,3.2061999999999997E-07,-3.2072E-07
0.14500000000000002,0.45,0.010772,1.0466E-09,-0.0107724,3.2112E-07,-3.2128E-07
0.15,0.45,0.0108968,1.0371E-09,-0.010896600000000001,3.211E-07,-3.213E-07
0.155,0.45,0.011013,1.0253E-09,-0.0110104,3.2112E-07,-3.2126E-07
0.16,0.45,0.0111212,1.0083E-09,-0.0111222,3.2061999999999997E-07,-3.2124E-07
0.165,0.45,0.0112204,9.966E-10,-0.0112246,3.2106E-07,-3.2128E-07
0.17,0.45,0.0113196,9.8895E-10,-0.0113168,3.2122E-07,-3.2134E-07
0.17500000000000002,0.45,0.0114088,9.7434000000000017E-10,-0.0114088,3.212E-07,-3.2145999999999997E-07
0.18000000000000002,0.45,0.0114946,9.7249E-10,-0.0114932,3.2116E-07,-3.215E-07
0.185,0.45,0.011598,9.5762E-10,-0.0115736,3.2117999999999997E-07,-3.2144E-07
0.19,0.45,0.011674,9.5510000000000014E-10,-0.0116524,3.2122E-07,-3.2136E-07
0.195,0.45,0.011752,9.4372000000000013E-10,-0.011736000000000002,3.2124E-07,-3.2088E-07
0.2,0.45,0.011824000000000001,9.3609E-10,-0.011802000000000002,3.2124E-07,-3.2159999999999997E-07
0.20500000000000002,0.45,0.011890000000000001,9.2608000000000007E-10,-0.011872,3.213E-07,-3.2152E-07
0.21000000000000002,0.45,0.011952,9.2076E-10,-0.011936,3.2126E-07,-3.2154E-07
0.215,0.45,0.012022000000000001,9.197E-10,-0.012004,3.2131999999999997E-07,-3.2166E-07
0.22,0.45,0.012082,9.0791E-10,-0.012060000000000001,3.2136E-07,-3.2164E-07
0.225,0.45,0.012138000000000001,9.0613000000000005E-10,-0.012116000000000002,3.2136E-07,-3.2173999999999997E-07
0.23,0.45,0.012196,8.972400000000001E-10,-0.012174,3.2136E-07,-3.2173999999999997E-07
0.23500000000000001,0.45,0.012246000000000002,8.8835E-10,-0.012232000000000002,3.208E-07,-3.2164E-07
0.24000000000000002,0.45,0.012308000000000001,8.913100000000001E-10,-0.012288,3.2134E-07,-3.2176E-07
0.24500000000000002,0.45,0.012358000000000001,8.8678000000000012E-10,-0.012338000000000002,3.214E-07,-3.2178E-07
0.25,0.45,0.012408,8.7615E-10,-0.012388000000000001,3.2142E-07,-3.219E-07
0.255,0.45,0.01246,8.7682000000000008E-10,-0.012436000000000001,3.2145999999999997E-07,-3.2182E-07
0.26,0.45,0.01251,8.6668E-10,-0.012492000000000001,3.214E-07,-3.2184E-07
0.265,0.45,0.012560000000000002,8.6526000000000007E-10,-0.012538,3.211E-07,-3.2136E-07
0.27,0.45,0.012606000000000001,8.6681E-10,-0.012588,3.2148E-07,-3.2162E-07
0.275,0.45,0.012654,8.5980000000000007E-10,-0.012636000000000001,3.2142E-07,-3.2198E-07
0.28,0.45,0.012700000000000001,8.508600000000001E-10,-0.012682,3.2145999999999997E-07,-3.2204E-07
0.28500000000000003,0.45,0.012748,8.5192000000000009E-10,-0.012730000000000002,3.2148E-07,-3.221E-07
0.29000000000000004,0.45,0.012792000000000001,8.4941000000000007E-10,-0.012776000000000001,3.2158E-07,-3.222E-07
0.29500000000000004,0.45,0.012838,8.4592000000000011E-10,-0.012822000000000002,3.2103999999999997E-07,-3.221E-07
0.3,0.45,0.012882000000000001,8.434600000000001E-10,-0.012862000000000002,3.2158E-07,-3.2212E-07
0.305,0.45,0.012926000000000002,8.3572000000000009E-10,-0.012908000000000001,3.2145999999999997E-07,-3.2222E-07
0.31,0.45,0.01297,8.3126000000000008E-10,-0.012954000000000002,3.2148E-07,-3.2224E-07
0.315,0.45,0.013016000000000002,8.3422E-10,-0.012994,3.2154E-07,-3.222E-07
0.32,0.45,0.013058000000000002,8.3264E-10,-0.013036,3.2154E-07,-3.2228E-07
0.325,0.45,0.013096000000000002,8.2792000000000007E-10,-0.013080000000000001,3.2159999999999997E-07,-3.2234E-07
0.33,0.45,0.013144000000000001,8.2576000000000005E-10,-0.013122000000000002,3.2162E-07,-3.2236E-07
0.335,0.45,0.013184000000000001,8.2063000000000009E-10,-0.013164,3.2159999999999997E-07,-3.2215999999999997E-07
0.34,0.45,0.013224000000000001,8.1844E-10,-0.013204,3.2166E-07,-3.2242E-07
0.34500000000000003,0.45,0.013266000000000002,8.212E-10,-0.013244,3.2164E-07,-3.225E-07
0.35000000000000003,0.45,0.013304000000000002,8.1444E-10,-0.013286000000000001,3.217E-07,-3.2254E-07
0.35500000000000004,0.45,0.013344000000000002,8.1400000000000008E-10,-0.013328000000000001,3.2166E-07,-3.2254E-07
0.36000000000000004,0.45,0.013386,8.111E-10,-0.013366000000000001,3.2176E-07,-3.2268E-07
0.365,0.45,0.013428,8.0599E-10,-0.013410000000000002,3.217E-07,-3.2268E-07
0.37,0.45,0.013466,8.1087E-10,-0.013452,3.2178E-07,-3.2274E-07
0.375,0.45,0.013512000000000001,8.0298000000000005E-10,-0.013488000000000002,3.2172E-07,-3.2276E-07
0.38,0.45,0.013544,8.0315000000000006E-10,-0.013528000000000002,3.2166E-07,-3.227E-07
0.385,0.45,0.013586,7.999600000000001E-10,-0.01357,3.2122E-07,-3.2226E-07
0.39,0.45,0.013624,7.9517000000000006E-10,-0.013606000000000002,3.2184E-07,-3.2294E-07
0.395,0.45,0.013662,7.9561000000000011E-10,-0.013644000000000002,3.2184E-07,-3.2304E-07
0.4,0.45,0.0137,7.9429000000000006E-10,-0.013684000000000002,3.2184E-07,-3.2262E-07
0.405,0.45,0.01374,7.9010000000000009E-10,-0.013718000000000001,3.2124E-07,-3.229E-07
0.41000000000000003,0.45,0.013778000000000002,7.9182000000000006E-10,-0.013758000000000001,3.2176E-07,-3.2302E-07
0.41500000000000004,0.45,0.013814000000000002,7.886900000000001E-10,-0.013802000000000002,3.213E-07,-3.2254E-07
0.42000000000000004,0.45,0.013852000000000002,7.8293000000000011E-10,-0.013834,3.2194E-07,-3.2322E-07
0.42500000000000004,0.45,0.013892000000000002,7.8631E-10,-0.013872,3.2194E-07,-3.2318E-07
0.43,0.45,0.013930000000000001,7.841700000000001E-10,-0.013906000000000002,3.2196E-07,-3.2327999999999997E-07
0.435,0.45,0.013962,7.7888000000000011E-10,-0.013948000000000002,3.2206E-07,-3.233E-07
0.44,0.45,0.014004,7.8048000000000008E-10,-0.013986000000000002,3.2198E-07,-3.2336E-07
0.445,0.45,0.01404,7.7378000000000009E-10,-0.01403,3.2206E-07,-3.2341999999999997E-07
0.45,0.45,0.01408,7.7432000000000007E-10,-0.014060000000000001,3.22E-07,-3.235E-07
0.455,0.45,0.014118000000000002,7.753000000000001E-10,-0.014096000000000001,3.2206E-07,-3.235E-07
0.46,0.45,0.014152000000000001,7.7333000000000006E-10,-0.014136000000000001,3.2201999999999997E-07,-3.2354E-07
0.465,0.45,0.014192000000000002,7.7171E-10,-0.014168000000000002,3.2214E-07,-3.2362E-07
0.47000000000000003,0.45,0.014224,7.6598000000000008E-10,-0.014202000000000001,3.2208E-07,-3.2369999999999997E-07
0.47500000000000003,0.45,0.014262000000000002,7.673200000000001E-10,-0.014246000000000002,3.2212E-07,-3.238E-07
0.48000000000000004,0.45,0.014296000000000001,7.6704000000000007E-10,-0.014274000000000002,3.2218E-07,-3.2392E-07
0.48500000000000004,0.45,0.014334000000000001,7.6191E-10,-0.014312000000000002,3.2218E-07,-3.239E-07
0.49000000000000005,0.45,0.01437,7.6129000000000007E-10,-0.014352000000000002,3.2215999999999997E-07,-3.2396E-07
0.49500000000000005,0.45,0.014404000000000002,7.6058000000000008E-10,-0.014390000000000002,3.2226E-07,-3.2398E-07
0.5,0.45,0.014440000000000001,7.5518000000000007E-10,-0.014424000000000001,3.222E-07,-3.2362E-07
0.505,0.45,0.014480000000000002,7.5937E-10,-0.01446,3.2164E-07,-3.236E-07
0.51,0.45,0.014514,7.5682000000000008E-10,-0.014498,3.2224E-07,-3.2422E-07
0.515,0.45,0.014546000000000002,7.5001000000000008E-10,-0.014530000000000001,3.2224E-07,-3.2434E-07
0.52,0.45,0.014586000000000002,7.5199000000000011E-10,-0.014564,3.2229999999999997E-07,-3.2438E-07
0.525,0.45,0.014616,7.4826000000000006E-10,-0.014600000000000002,3.2229999999999997E-07,-3.2438E-07
0.53,0.45,0.014650000000000002,7.4567000000000007E-10,-0.014638000000000002,3.2238E-07,-3.2448E-07
0.535,0.45,0.014690000000000002,7.4982000000000011E-10,-0.01467,3.2234E-07,-3.2456E-07
0.54,0.45,0.014726000000000001,7.4343000000000009E-10,-0.01471,3.2242E-07,-3.2468E-07
0.545,0.45,0.01476,7.4081E-10,-0.014744000000000002,3.224E-07,-3.2474E-07
0.55,0.45,0.014792000000000001,7.4133000000000007E-10,-0.014774,3.2246E-07,-3.2472E-07
0.555,0.45,0.014828000000000001,7.3887000000000006E-10,-0.014810000000000002,3.2246E-07,-3.2488E-07
0.56,0.45,0.014864,7.4080000000000007E-10,-0.014846000000000002,3.2246E-07,-3.249E-07
0.56500000000000006,0.45,0.014898000000000002,7.3467E-10,-0.01488,3.2248E-07,-3.25E-07
0.57000000000000006,0.45,0.01493,7.2867E-10,-0.014918,3.2254E-07,-3.251E-07
0.57500000000000007,0.45,0.014962000000000001,7.291600000000001E-10,-0.014950000000000002,3.2257999999999997E-07,-3.2522E-07
0.58000000000000007,0.45,0.015002000000000001,7.2666000000000005E-10,-0.014976000000000002,3.226E-07,-3.2528E-07
0.58500000000000008,0.45,0.015040000000000001,7.259300000000001E-10,-0.015014000000000001,3.2252E-07,-3.2528E-07
0.59000000000000008,0.45,0.015070000000000002,7.223500000000001E-10,-0.015050000000000001,3.2256E-07,-3.2546E-07
0.595,0.45,0.015106000000000001,7.171200000000001E-10,-0.015090000000000001,3.2266E-07,-3.255E-07
0.6,0.45,0.01514,7.147E-10,-0.015120000000000002,3.2208E-07,-3.251E-07
0.605,0.45,0.015172000000000002,7.1645E-10,-0.015152,3.2264E-07,-3.2572E-07
0.61,0.45,0.015204,7.1274000000000006E-10,-0.015188000000000002,3.2266E-07,-3.257E-07
0.615,0.45,0.015240000000000002,7.0803000000000009E-10,-0.015222000000000001,3.2262E-07,-3.2588E-07
0.62,0.45,0.015274000000000001,7.0562000000000009E-10,-0.015258,3.228E-07,-3.2598E-07
0.625,0.45,0.015308000000000002,7.0246000000000007E-10,-0.015286000000000001,3.2212E-07,-3.2546E-07
0.63,0.45,0.015340000000000001,6.9983000000000005E-10,-0.015322,3.2282E-07,-3.2612E-07
0.635,0.45,0.015372000000000002,6.998E-10,-0.015356000000000002,3.2282E-07,-3.2622E-07
0.64,0.45,0.015406000000000001,6.9527E-10,-0.015388,3.2288E-07,-3.264E-07
0.645,0.45,0.015438000000000002,6.895900000000001E-10,-0.015422000000000002,3.229E-07,-3.2656E-07
0.65,0.45,0.015472000000000001,6.8708000000000007E-10,-0.015458000000000001,3.229E-07,-3.2645999999999997E-07
0.655,0.45,0.015506,6.8674E-10,-0.015494,3.229E-07,-3.2606E-07
0.66,0.45,0.015538000000000002,6.8556000000000006E-10,-0.015526000000000002,3.229E-07,-3.2687999999999997E-07
0.665,0.45,0.015572,6.7589E-10,-0.015556000000000002,3.2299999999999997E-07,-3.2686E-07
0.67,0.45,0.015608000000000002,6.7214E-10,-0.015592000000000002,3.2299999999999997E-07,-3.2673999999999997E-07
0.675,0.45,0.015648000000000002,6.7019E-10,-0.015622000000000002,3.2296E-07,-3.2701999999999997E-07
0.68,0.45,0.015674,6.6414E-10,-0.015658000000000002,3.2306E-07,-3.2722E-07
0.685,0.45,0.015706,6.6585E-10,-0.015690000000000003,3.2306E-07,-3.2729999999999997E-07
0.69000000000000006,0.45,0.01574,6.6213000000000007E-10,-0.015722,3.2302E-07,-3.2754E-07
0.69500000000000006,0.45,0.015774,6.527200000000001E-10,-0.015758,3.2308E-07,-3.275E-07
0.70000000000000007,0.45,0.015808000000000003,6.4725E-10,-0.015792,3.231E-07,-3.2776E-07
0.70500000000000007,0.45,0.015838,6.4751000000000007E-10,-0.015822000000000003,3.2318E-07,-3.2782E-07
0.71000000000000008,0.45,0.015872,6.4341000000000006E-10,-0.015854,3.2316E-07,-3.2784E-07
0.71500000000000008,0.45,0.01591,6.3809E-10,-0.01589,3.232E-07,-3.2799999999999997E-07
0.72000000000000008,0.45,0.015938,6.3562E-10,-0.01592,3.2316E-07,-3.2813999999999997E-07
0.72500000000000009,0.45,0.015966,6.2814000000000007E-10,-0.015954000000000003,3.2324E-07,-3.2832E-07
0.73,0.45,0.016008,6.2117E-10,-0.015984,3.2326E-07,-3.2838E-07
0.735,0.45,0.016036,6.1925E-10,-0.016018,3.2326E-07,-3.2846E-07
0.74,0.45,0.016068000000000002,6.183E-10,-0.016052,3.2332E-07,-3.2864E-07
0.745,0.45,0.016106000000000002,6.0966E-10,-0.016084,3.2332E-07,-3.2872E-07
0.75,0.45,0.016134000000000003,6.0714E-10,-0.016116000000000002,3.2336E-07,-3.2836E-07
0.755,0.45,0.016164,5.9661000000000007E-10,-0.016148000000000003,3.2348E-07,-3.2906E-07
0.76,0.45,0.016198,5.9209000000000007E-10,-0.016178,3.2344E-07,-3.2924E-07
0.765,0.45,0.01623,5.88E-10,-0.016214000000000003,3.2348E-07,-3.2934E-07
0.77,0.45,0.016264,5.828000000000001E-10,-0.016246,3.2355999999999997E-07,-3.2958E-07
0.775,0.45,0.016296,5.7559000000000008E-10,-0.016280000000000003,3.2354E-07,-3.2964E-07
0.78,0.45,0.01633,5.7055000000000006E-10,-0.016306,3.236E-07,-3.298E-07
0.785,0.45,0.016358,5.6338000000000007E-10,-0.01634,3.2354E-07,-3.299E-07
0.79,0.45,0.016388,5.5740000000000006E-10,-0.016374000000000003,3.2366E-07,-3.3002E-07
0.795,0.45,0.016422000000000003,5.5199000000000008E-10,-0.01641,3.2358E-07,-3.302E-07
0.8,0.45,0.016458,5.4696E-10,-0.016438,3.2362E-07,-3.3044E-07
0.805,0.45,0.016488000000000003,5.3636E-10,-0.016468,3.2306E-07,-3.3054E-07
0.81,0.45,0.01652,5.2942E-10,-0.0165,3.2362E-07,-3.3065999999999997E-07
0.81500000000000006,0.45,0.016552,5.2244E-10,-0.016536000000000002,3.2366E-07,-3.3084E-07
0.82000000000000006,0.45,0.016588000000000002,5.1634E-10,-0.016566,3.2368E-07,-3.3107999999999997E-07
0.82500000000000007,0.45,0.016616000000000002,5.0996000000000007E-10,-0.0166,3.2313999999999997E-07,-3.3121999999999997E-07
0.83000000000000007,0.45,0.016648000000000003,5.0447E-10,-0.016632,3.238E-07,-3.3149999999999997E-07
0.83500000000000008,0.45,0.016682000000000002,4.9182000000000007E-10,-0.016662,3.2386E-07,-3.3156E-07
0.84000000000000008,0.45,0.016710000000000003,4.8215E-10,-0.016694,3.2384E-07,-3.3168E-07
0.84500000000000008,0.45,0.016748000000000002,4.7938000000000005E-10,-0.016724000000000003,3.2382E-07,-3.3194E-07
0.85000000000000009,0.45,0.016778,4.6724E-10,-0.016758000000000002,3.239E-07,-3.3222E-07
0.85500000000000009,0.45,0.016812,4.6152E-10,-0.016790000000000003,3.2402E-07,-3.3228E-07
0.86,0.45,0.016846,4.5708000000000004E-10,-0.016824000000000002,3.239E-07,-3.3254E-07
0.865,0.45,0.016876000000000002,4.3817000000000005E-10,-0.016852000000000002,3.2404E-07,-3.3261999999999997E-07
0.87,0.45,0.016906,4.2870000000000003E-10,-0.016886,3.2404E-07,-3.3224E-07
0.875,0.45,0.016936000000000003,4.2651E-10,-0.01692,3.2396E-07,-3.3316E-07
0.88,0.45,0.016970000000000002,4.1269000000000005E-10,-0.016946000000000003,3.2408E-07,-3.3345999999999997E-07
0.885,0.45,0.017002,4.0288E-10,-0.016984000000000003,3.2406E-07,-3.3366E-07
0.89,0.45,0.01703,3.9605000000000004E-10,-0.017012000000000003,3.2418E-07,-3.3366E-07
0.895,0.45,0.017062,3.8097000000000003E-10,-0.017042,3.2366E-07,-3.3362E-07
0.9,0.45,0.017094,3.7154000000000004E-10,-0.017078000000000003,3.2424E-07,-3.3436E-07
0,0.6,-0.00014116,7.8315E-09,0.00014148,3.2166E-07,-3.2164E-07
0.005,0.6,0.00084802,7.6227E-09,-0.00084750000000000005,3.217E-07,-3.2166E-07
0.01,0.6,0.001842,7.421E-09,-0.001838,3.2152E-07,-3.2145999999999997E-07
0.015000000000000001,0.6,0.0028114,7.225E-09,-0.0028104000000000002,3.2148E-07,-3.2142E-07
0.02,0.6,0.0037854,7.0311E-09,-0.0037878,3.2124E-07,-3.214E-07
0.025,0.6,0.0047422,6.8525E-09,-0.0047384,3.2144E-07,-3.2144E-07
0.030000000000000002,0.6,0.0056974,6.6735E-09,-0.0056996,3.215E-07,-3.2089999999999997E-07
0.035,0.6,0.0066352,6.5036E-09,-0.006638,3.2131999999999997E-07,-3.2154E-07
0.04,0.6,0.0075642,6.3318E-09,-0.007559,3.2098E-07,-3.2144E-07
0.045000000000000005,0.6,0.0084894,6.1636E-09,-0.0084886,3.2148E-07,-3.2148E-07
0.05,0.6,0.009396,6.0079E-09,-0.0093954,3.2089999999999997E-07,-3.2082E-07
0.055,0.6,0.0103058,5.8521E-09,-0.010305,3.2142E-07,-3.2145999999999997E-07
0.060000000000000005,0.6,0.011186,5.7004E-09,-0.0111888,3.213E-07,-3.2142E-07
0.065,0.6,0.012100000000000001,5.5495E-09,-0.01208,3.214E-07,-3.2138E-07
0.07,0.6,0.012960000000000001,5.4158E-09,-0.012942,3.2088E-07,-3.2072E-07
0.075,0.6,0.01382,5.2722E-09,-0.013806,3.2136E-07,-3.2138E-07
0.08,0.6,0.014662000000000001,5.1346E-09,-0.014646000000000001,3.2086E-07,-3.2148E-07
0.085,0.6,0.015494,5.0091E-09,-0.015482000000000001,3.2103999999999997E-07,-3.2096E-07
0.090000000000000011,0.6,0.016304000000000003,4.8789E-09,-0.016288,3.214E-07,-3.2092E-07
0.095,0.6,0.017116000000000003,4.7579E-09,-0.017096,3.2142E-07,-3.2098E-07
0.1,0.6,0.017898,4.6397E-09,-0.01788,3.2145999999999997E-07,-3.2156E-07
0.10500000000000001,0.6,0.018666000000000002,4.5182E-09,-0.018642000000000002,3.2142E-07,-3.2145999999999997E-07
0.11,0.6,0.019428,4.4066E-09,-0.01941,3.2092E-07,-3.2126E-07
0.115,0.6,0.020168000000000002,4.3018E-09,-0.020146,3.2142E-07,-3.2122E-07
0.12000000000000001,0.6,0.020896,4.1961E-09,-0.020882,3.2142E-07,-3.2158E-07
0.125,0.6,0.021602000000000003,4.0928E-09,-0.021582,3.2154E-07,-3.2164E-07
0.13,0.6,0.022304,3.9908E-09,-0.022286,3.2148E-07,-3.2158E-07
0.135,0.6,0.02298,3.9002E-09,-0.022964000000000002,3.2088E-07,-3.2162E-07
0.14,0.6,0.02364,3.8046E-09,-0.023628000000000003,3.2102E-07,-3.214E-07
0.14500000000000002,0.6,0.024284000000000004,3.7187E-09,-0.024264,3.2152E-07,-3.2166E-07
0.15,0.6,0.02491,3.6277E-09,-0.024894000000000003,3.2154E-07,-3.217E-07
0.155,0.6,0.02552,3.5423E-09,-0.025500000000000002,3.2159999999999997E-07,-3.2178E-07
0.16,0.6,0.026112000000000003,3.4623E-09,-0.026090000000000002,3.2164E-07,-3.2182E-07
0.165,0.6,0.026676000000000002,3.3862E-09,-0.026660000000000003,3.2158E-07,-3.219E-07
0.17,0.6,0.027224,3.3097E-09,-0.02721,3.2172E-07,-3.2187999999999997E-07
0.17500000000000002,0.6,0.027762000000000002,3.2348E-09,-0.027748000000000002,3.2162E-07,-3.2192E-07
0.18000000000000002,0.6,0.028280000000000003,3.1662E-09,-0.028264,3.2172E-07,-3.219E-07
0.185,0.6,0.028778,3.1E-09,-0.028762000000000003,3.2176E-07,-3.2198E-07
0.19,0.6,0.029258000000000003,3.0372E-09,-0.029238000000000004,3.2116E-07,-3.2184E-07
0.195,0.6,0.029720000000000003,2.9756E-09,-0.029702000000000003,3.2184E-07,-3.2214E-07
0.2,0.6,0.030158000000000004,2.9147E-09,-0.030146000000000003,3.2187999999999997E-07,-3.221E-07
0.20500000000000002,0.6,0.030588000000000004,2.8514E-09,-0.030574000000000004,3.2196E-07,-3.2224E-07
0.21000000000000002,0.6,0.030998,2.8042E-09,-0.030978000000000002,3.219E-07,-3.22E-07
0.215,0.6,0.031392,2.7499E-09,-0.03137,3.2196E-07,-3.2226E-07
0.22,0.6,0.031758,2.6951E-09,-0.031742,3.2196E-07,-3.2232E-07
0.225,0.6,0.032112,2.6508E-09,-0.032100000000000004,3.2206E-07,-3.2246E-07
0.23,0.6,0.032452,2.6033E-09,-0.032432,3.2206E-07,-3.2252E-07
0.23500000000000001,0.6,0.032774000000000005,2.556E-09,-0.032762,3.2212E-07,-3.2246E-07
0.24000000000000002,0.6,0.033084,2.5165E-09,-0.033066000000000005,3.214E-07,-3.2194E-07
0.24500000000000002,0.6,0.03338,2.4748E-09,-0.033358000000000006,3.2212E-07,-3.2257999999999997E-07
0.25,0.6,0.033662000000000004,2.4308E-09,-0.033638,3.2226E-07,-3.2266E-07
0.255,0.6,0.033920000000000006,2.3985E-09,-0.033906000000000006,3.222E-07,-3.227E-07
0.26,0.6,0.034174,2.3687E-09,-0.034156000000000006,3.2176E-07,-3.2276E-07
0.265,0.6,0.034408,2.3313E-09,-0.034394,3.2229999999999997E-07,-3.2278E-07
0.27,0.6,0.034642000000000006,2.2997E-09,-0.03463,3.218E-07,-3.2285999999999997E-07
0.275,0.6,0.034856000000000005,2.2705E-09,-0.03484,3.2229999999999997E-07,-3.2294E-07
0.28,0.6,0.035066,2.2435E-09,-0.035052,3.2252E-07,-3.2284E-07
0.28500000000000003,0.6,0.035258000000000005,2.2168E-09,-0.035244000000000004,3.2252E-07,-3.2299999999999997E-07
0.29000000000000004,0.6,0.035448,2.1935E-09,-0.035426000000000006,3.2254E-07,-3.2306E-07
0.29500000000000004,0.6,0.03563,2.1683E-09,-0.035604000000000004,3.2248E-07,-3.2304E-07
0.3,0.6,0.035794000000000006,2.1388E-09,-0.035776,3.2201999999999997E-07,-3.2266E-07
0.305,0.6,0.035956,2.1258E-09,-0.035936,3.2266E-07,-3.2322E-07
0.31,0.6,0.036112000000000005,2.1084E-09,-0.0361,3.222E-07,-3.228E-07
0.315,0.6,0.036264000000000005,2.0844E-09,-0.036246,3.228E-07,-3.2338E-07
0.32,0.6,0.036394,2.068E-09,-0.036378,3.222E-07,-3.2284E-07
0.325,0.6,0.036536000000000006,2.0478E-09,-0.036522000000000006,3.2288E-07,-3.2352E-07
0.33,0.6,0.036666000000000004,2.0276E-09,-0.03665,3.229E-07,-3.2358E-07
0.335,0.6,0.03679,2.0191E-09,-0.036776,3.2294E-07,-3.2354E-07
0.34,0.6,0.036912,2.0004E-09,-0.036896000000000005,3.2296E-07,-3.2372E-07
0.34500000000000003,0.6,0.037032,1.9807E-09,-0.037016,3.2296E-07,-3.2382E-07
0.35000000000000003,0.6,0.037140000000000006,1.9672E-09,-0.037124000000000004,3.2308E-07,-3.2388E-07
0.35500000000000004,0.6,0.037256000000000004,1.9585E-09,-0.037232,3.2312E-07,-3.2384E-07
0.36000000000000004,0.6,0.037362000000000006,1.9431E-09,-0.037342,3.2318E-07,-3.24E-07
0.365,0.6,0.037464000000000004,1.9312E-09,-0.037442,3.2324E-07,-3.2408E-07
0.37,0.6,0.037564,1.9197E-09,-0.037544,3.2271999999999997E-07,-3.235E-07
0.375,0.6,0.037658000000000004,1.9058E-09,-0.037642,3.2327999999999997E-07,-3.2422E-07
0.38,0.6,0.037756000000000005,1.8972E-09,-0.037738,3.228E-07,-3.244E-07
0.385,0.6,0.03785,1.8938E-09,-0.037832000000000005,3.2344E-07,-3.243E-07
0.39,0.6,0.03794,1.8827E-09,-0.037922000000000004,3.2296E-07,-3.2384E-07
0.395,0.6,0.038024,1.8674E-09,-0.03801,3.2346E-07,-3.2448E-07
0.4,0.6,0.038116000000000004,1.862E-09,-0.038098,3.2354E-07,-3.2462E-07
0.405,0.6,0.038202000000000007,1.8581E-09,-0.038184,3.2355999999999997E-07,-3.246E-07
0.41000000000000003,0.6,0.038284000000000006,1.8458E-09,-0.038264000000000006,3.2299999999999997E-07,-3.2398E-07
0.41500000000000004,0.6,0.038360000000000005,1.8365E-09,-0.038346000000000005,3.2372E-07,-3.249E-07
0.42000000000000004,0.6,0.038442000000000004,1.8285E-09,-0.038432,3.2372E-07,-3.2486E-07
0.42500000000000004,0.6,0.038524,1.8181E-09,-0.038508,3.2324E-07,-3.2498E-07
0.43,0.6,0.038606,1.8118E-09,-0.038590000000000006,3.2326E-07,-3.2492E-07
0.435,0.6,0.038684,1.8089E-09,-0.038668,3.2341999999999997E-07,-3.2472E-07
0.44,0.6,0.038758,1.7958E-09,-0.038738,3.2396E-07,-3.2516E-07
0.445,0.6,0.038840000000000006,1.7838E-09,-0.038822,3.2404E-07,-3.2528E-07
0.45,0.6,0.03891,1.7833E-09,-0.038888000000000006,3.2406E-07,-3.2534E-07
0.455,0.6,0.038986000000000007,1.7772E-09,-0.038966,3.241E-07,-3.2554E-07
0.46,0.6,0.039054000000000005,1.771E-09,-0.039036,3.2412E-07,-3.2556E-07
0.465,0.6,0.039130000000000005,1.7652E-09,-0.039114,3.2428E-07,-3.2568E-07
0.47000000000000003,0.6,0.039200000000000006,1.7561E-09,-0.039184000000000004,3.2432E-07,-3.2572E-07
0.47500000000000003,0.6,0.039268000000000004,1.7484E-09,-0.039258,3.2432E-07,-3.258E-07
0.48000000000000004,0.6,0.039338000000000005,1.7497E-09,-0.039326000000000007,3.244E-07,-3.2594E-07
0.48500000000000004,0.6,0.039414000000000005,1.7446E-09,-0.03939,3.2442E-07,-3.2606E-07
0.49000000000000005,0.6,0.039476000000000004,1.733E-09,-0.03946,3.2446E-07,-3.2556E-07
0.49500000000000005,0.6,0.039548000000000007,1.7284E-09,-0.03953,3.2458E-07,-3.262E-07
0.5,0.6,0.039614,1.7262E-09,-0.039598,3.246E-07,-3.2631999999999997E-07
0.505,0.6,0.03968,1.72E-09,-0.039662,3.2462E-07,-3.2638E-07
0.51,0.6,0.039746000000000004,1.7155E-09,-0.03973,3.2414E-07,-3.2644E-07
0.515,0.6,0.039810000000000005,1.7135E-09,-0.0398,3.2474E-07,-3.2659999999999997E-07
0.52,0.6,0.039874000000000007,1.7013E-09,-0.03987,3.2472E-07,-3.2668E-07
0.525,0.6,0.039950000000000006,1.7037E-09,-0.03993,3.249E-07,-3.268E-07
0.53,0.6,0.040012000000000006,1.6994E-09,-0.039992000000000007,3.2486E-07,-3.268E-07
0.535,0.6,0.040076,1.6939E-09,-0.040062,3.2492E-07,-3.2694E-07
0.54,0.6,0.040146,1.685E-09,-0.040126,3.2494E-07,-3.2704E-07
0.545,0.6,0.040206000000000006,1.6842E-09,-0.040190000000000004,3.2508E-07,-3.2722E-07
0.55,0.6,0.040272,1.6807E-09,-0.040248000000000006,3.2512E-07,-3.2724E-07
0.555,0.6,0.040330000000000005,1.6762E-09,-0.040312,3.2526E-07,-3.2736E-07
0.56,0.6,0.04039,1.6706E-09,-0.040374,3.2526E-07,-3.2762E-07
0.56500000000000006,0.6,0.040452,1.6646E-09,-0.040438,3.2526E-07,-3.2762E-07
0.57000000000000006,0.6,0.040518000000000005,1.6608E-09,-0.040504000000000005,3.2534E-07,-3.2771999999999997E-07
0.57500000000000007,0.6,0.040574000000000006,1.6607E-09,-0.040564,3.2546E-07,-3.2794E-07
0.58000000000000007,0.6,0.04064,1.6569E-09,-0.04062,3.255E-07,-3.2796E-07
0.58500000000000008,0.6,0.040696,1.652E-09,-0.040686000000000007,3.2548E-07,-3.2804E-07
0.59000000000000008,0.6,0.040762000000000007,1.644E-09,-0.040740000000000005,3.2552E-07,-3.2826E-07
0.595,0.6,0.040824000000000006,1.6406E-09,-0.040812,3.2576E-07,-3.2776E-07
0.6,0.6,0.040880000000000007,1.64E-09,-0.040862,3.2564E-07,-3.2846E-07
0.605,0.6,0.040940000000000004,1.6341E-09,-0.040922000000000007,3.251E-07,-3.2852E-07
0.61,0.6,0.041,1.6299E-09,-0.040986,3.2576E-07,-3.2862E-07
0.615,0.6,0.041062,1.6227E-09,-0.041046000000000006,3.2588E-07,-3.2874E-07
0.62,0.6,0.041124,1.6199E-09,-0.041106000000000004,3.2534E-07,-3.288E-07
0.625,0.6,0.041178000000000006,1.6189E-09,-0.041158,3.2544E-07,-3.2836E-07
0.63,0.6,0.041240000000000006,1.6172E-09,-0.041222,3.2552E-07,-3.2864E-07
0.635,0.6,0.041298,1.6094E-09,-0.041274000000000005,3.261E-07,-3.292E-07
0.64,0.6,0.04136,1.6052E-09,-0.041336000000000005,3.2556E-07,-3.29E-07
0.645,0.6,0.041414000000000006,1.6014E-09,-0.041394,3.2624E-07,-3.2896E-07
0.65,0.6,0.041476000000000006,1.5993E-09,-0.041452,3.2634E-07,-3.296E-07
0.655,0.6,0.041528,1.5977E-09,-0.041512,3.2636E-07,-3.297E-07
0.66,0.6,0.041586000000000005,1.5966E-09,-0.041572000000000005,3.2644E-07,-3.3002E-07
0.665,0.6,0.041642000000000005,1.5854E-09,-0.041624,3.264E-07,-3.3008E-07
0.67,0.6,0.041692000000000007,1.5856E-09,-0.04168,3.2652E-07,-3.3028E-07
0.675,0.6,0.041760000000000005,1.5863E-09,-0.041736,3.2662E-07,-3.3034E-07
0.68,0.6,0.041816000000000006,1.5797E-09,-0.041798,3.2659999999999997E-07,-3.2972E-07
0.685,0.6,0.041866,1.5737E-09,-0.041848,3.26E-07,-3.299E-07
0.69000000000000006,0.6,0.041920000000000006,1.573E-09,-0.041908,3.2616E-07,-3.3078E-07
0.69500000000000006,0.6,0.041978,1.5651E-09,-0.041958,3.2678E-07,-3.3107999999999997E-07
0.70000000000000007,0.6,0.042032000000000007,1.5663E-09,-0.042014,3.2694E-07,-3.311E-07
0.70500000000000007,0.6,0.042094000000000006,1.5671E-09,-0.042072000000000005,3.2692E-07,-3.312E-07
0.71000000000000008,0.6,0.042140000000000004,1.5544E-09,-0.042128000000000006,3.2645999999999997E-07,-3.3138E-07
0.71500000000000008,0.6,0.042202,1.5542999999999999E-09,-0.042182000000000004,3.271E-07,-3.3148E-07
0.72000000000000008,0.6,0.042256,1.5529E-09,-0.042242,3.2718E-07,-3.3162E-07
0.72500000000000009,0.6,0.04231,1.5476E-09,-0.042296,3.2658E-07,-3.3116E-07
0.73,0.6,0.042364000000000006,1.5478E-09,-0.042350000000000006,3.2724E-07,-3.3202E-07
0.735,0.6,0.042420000000000006,1.5408E-09,-0.042402,3.2742E-07,-3.3198E-07
0.74,0.6,0.042474000000000005,1.5339E-09,-0.042458,3.2728E-07,-3.3228E-07
0.745,0.6,0.042528,1.5365E-09,-0.042510000000000006,3.2752E-07,-3.324E-07
0.75,0.6,0.042584000000000004,1.5323E-09,-0.042570000000000004,3.2752E-07,-3.3256E-07
0.755,0.6,0.042638,1.5315E-09,-0.042620000000000005,3.276E-07,-3.328E-07
0.76,0.6,0.042698000000000007,1.5261E-09,-0.04268,3.2771999999999997E-07,-3.3306E-07
0.765,0.6,0.042746000000000006,1.5191E-09,-0.042726000000000007,3.2771999999999997E-07,-3.3308E-07
0.77,0.6,0.042800000000000005,1.5183E-09,-0.042780000000000006,3.2782E-07,-3.3328E-07
0.775,0.6,0.042848000000000004,1.5167E-09,-0.042834000000000004,3.2724E-07,-3.3289999999999997E-07
0.78,0.6,0.0429,1.5106E-09,-0.042884000000000005,3.2794E-07,-3.337E-07
0.785,0.6,0.042954000000000006,1.5099E-09,-0.042938000000000004,3.2796E-07,-3.338E-07
0.79,0.6,0.043008000000000005,1.4978E-09,-0.04299,3.281E-07,-3.3401999999999997E-07
0.795,0.6,0.043062,1.4983E-09,-0.043046,3.2816E-07,-3.3424E-07
0.8,0.6,0.043114000000000006,1.4938E-09,-0.043098000000000004,3.277E-07,-3.342E-07
0.805,0.6,0.043164,1.4885E-09,-0.043152,3.2827999999999997E-07,-3.345E-07
0.81,0.6,0.043216000000000004,1.4838E-09,-0.043206,3.2834E-07,-3.3484E-07
0.81500000000000006,0.6,0.04327,1.4791E-09,-0.043258000000000005,3.2834E-07,-3.3494E-07
0.82000000000000006,0.6,0.043326,1.4763E-09,-0.043314000000000005,3.2844E-07,-3.3498E-07
0.82500000000000007,0.6,0.043378000000000007,1.474E-09,-0.04336,3.285E-07,-3.3536E-07
0.83000000000000007,0.6,0.043424000000000004,1.468E-09,-0.043412000000000006,3.2862E-07,-3.3554E-07
0.83500000000000008,0.6,0.043484,1.4611E-09,-0.043464,3.2864E-07,-3.3578E-07
0.84000000000000008,0.6,0.043538000000000007,1.4605E-09,-0.043518,3.2876E-07,-3.3597999999999997E-07
0.84500000000000008,0.6,0.043586000000000007,1.4515E-09,-0.043568,3.2878E-07,-3.361E-07
0.85000000000000009,0.6,0.043636,1.4496E-09,-0.043620000000000006,3.2883999999999997E-07,-3.3646E-07
0.85500000000000009,0.6,0.043684,1.4475E-09,-0.04367,3.2841999999999997E-07,-3.359E-07
0.86,0.6,0.043736000000000004,1.4419E-09,-0.04372,3.2902E-07,-3.3674E-07
0.865,0.6,0.043786000000000005,1.4359E-09,-0.04377,3.2906E-07,-3.3704E-07
0.87,0.6,0.043838,1.4342999999999999E-09,-0.043822000000000007,3.2914E-07,-3.3726E-07
0.875,0.6,0.043898000000000006,1.4277E-09,-0.043876000000000005,3.2922E-07,-3.3756E-07
0.88,0.6,0.043942,1.4205E-09,-0.043926000000000007,3.2925999999999997E-07,-3.377E-07
0.885,0.6,0.043988000000000006,1.4138E-09,-0.043976,3.2938E-07,-3.3802E-07
0.89,0.6,0.044048000000000004,1.4095E-09,-0.044028000000000005,3.2939999999999997E-07,-3.3821999999999997E-07
0.895,0.6,0.044094,1.4027E-09,-0.044082,3.295E-07,-3.3835999999999997E-07
0.9,0.6,0.044148000000000007,1.4007E-09,-0.044126000000000005,3.2956E-07,-3.3872E-07
0,0.75,-0.00015678,2.7935599999999998E-08,0.0001555,3.2327999999999997E-07,-3.2312E-07
0.005,0.75,0.00093294,2.7167399999999996E-08,-0.00093464,3.2313999999999997E-07,-3.2299999999999997E-07
0.01,0.75,0.0020388,2.63904E-08,-0.0020396,3.2278E-07,-3.2268E-07
0.015000000000000001,0.75,0.0031208,2.5652199999999998E-08,-0.0031246,3.2208E-07,-3.2204E-07
0.02,0.75,0.0042226,2.49336E-08,-0.0042204,3.2256E-07,-3.2252E-07
0.025,0.75,0.0052976,2.42492E-08,-0.0052984,3.2206E-07,-3.219E-07
0.030000000000000002,0.75,0.0063876,2.3582399999999997E-08,-0.006387,3.2252E-07,-3.2254E-07
0.035,0.75,0.0074592,2.2932799999999997E-08,-0.0074584000000000004,3.224E-07,-3.2242E-07
0.04,0.75,0.0085248,2.2334999999999998E-08,-0.0085262,3.2242E-07,-3.2238E-07
0.045000000000000005,0.75,0.009606,2.16962E-08,-0.009604,3.224E-07,-3.2243999999999997E-07
0.05,0.75,0.0106632,2.11512E-08,-0.0106636,3.2156E-07,-3.2159999999999997E-07
0.055,0.75,0.011760000000000001,2.0560999999999998E-08,-0.01174,3.2218E-07,-3.2228E-07
0.060000000000000005,0.75,0.012812,2.0022E-08,-0.0128,3.2215999999999997E-07,-3.2218E-07
0.065,0.75,0.013872,1.9487599999999997E-08,-0.013856000000000002,3.222E-07,-3.2218E-07
0.07,0.75,0.014920000000000001,1.89458E-08,-0.014902000000000002,3.2214E-07,-3.222E-07
0.075,0.75,0.01597,1.8456799999999997E-08,-0.015948,3.2156E-07,-3.2182E-07
0.08,0.75,0.017002,1.7969799999999997E-08,-0.016992,3.2208E-07,-3.2218E-07
0.085,0.75,0.018054,1.7487E-08,-0.018028000000000002,3.2204E-07,-3.2224E-07
0.090000000000000011,0.75,0.019072000000000002,1.7019E-08,-0.019054,3.2208E-07,-3.2224E-07
0.095,0.75,0.020104,1.6576399999999997E-08,-0.020086000000000003,3.2152E-07,-3.2164E-07
0.1,0.75,0.021114,1.6136E-08,-0.021098000000000002,3.2215999999999997E-07,-3.2214E-07
0.10500000000000001,0.75,0.022118000000000002,1.57196E-08,-0.022106,3.2206E-07,-3.2168E-07
0.11,0.75,0.02314,1.5321E-08,-0.023122000000000004,3.221E-07,-3.2215999999999997E-07
0.115,0.75,0.024132,1.4916199999999997E-08,-0.024116000000000002,3.2204E-07,-3.2222E-07
0.12000000000000001,0.75,0.025142,1.45488E-08,-0.025116000000000003,3.2208E-07,-3.2224E-07
0.125,0.75,0.026122000000000003,1.4191399999999998E-08,-0.0261,3.2212E-07,-3.2222E-07
0.13,0.75,0.027114000000000003,1.3792399999999999E-08,-0.027096000000000002,3.2212E-07,-3.2224E-07
0.135,0.75,0.028084,1.3429199999999998E-08,-0.028068000000000003,3.2156E-07,-3.2224E-07
0.14,0.75,0.029058000000000004,1.30876E-08,-0.029034000000000004,3.2215999999999997E-07,-3.2222E-07
0.14500000000000002,0.75,0.030018000000000003,1.2751E-08,-0.029998000000000004,3.2224E-07,-3.2224E-07
0.15,0.75,0.030976000000000004,1.24214E-08,-0.030958000000000003,3.2218E-07,-3.2164E-07
0.155,0.75,0.031922000000000006,1.20974E-08,-0.031904,3.2226E-07,-3.2243999999999997E-07
0.16,0.75,0.032864000000000004,1.18104E-08,-0.03284,3.2215999999999997E-07,-3.2246E-07
0.165,0.75,0.033786000000000004,1.15028E-08,-0.03377,3.2226E-07,-3.224E-07
0.17,0.75,0.034706,1.1217599999999998E-08,-0.034686,3.2234E-07,-3.2243999999999997E-07
0.17500000000000002,0.75,0.035628,1.0940199999999998E-08,-0.03561,3.2172E-07,-3.2248E-07
0.18000000000000002,0.75,0.036524,1.0663E-08,-0.036506000000000004,3.224E-07,-3.2257999999999997E-07
0.185,0.75,0.037430000000000005,1.0410799999999999E-08,-0.037414,3.2178E-07,-3.2242E-07
0.19,0.75,0.038312000000000006,1.01454E-08,-0.038296000000000004,3.2242E-07,-3.2268E-07
0.195,0.75,0.039198000000000004,9.8993999999999983E-09,-0.039176,3.2243999999999997E-07,-3.227E-07
0.2,0.75,0.040062,9.6408E-09,-0.040048,3.2254E-07,-3.2276E-07
0.20500000000000002,0.75,0.040926000000000004,9.4244E-09,-0.04091,3.22E-07,-3.2232E-07
0.21000000000000002,0.75,0.04177,9.1716E-09,-0.04175,3.226E-07,-3.224E-07
0.215,0.75,0.042612000000000004,8.9533E-09,-0.042596,3.226E-07,-3.2296E-07
0.22,0.75,0.043436,8.7483E-09,-0.043418000000000005,3.2266E-07,-3.229E-07
0.225,0.75,0.044258000000000006,8.5363E-09,-0.044242000000000004,3.2266E-07,-3.2304E-07
0.23,0.75,0.045056000000000006,8.3365E-09,-0.045034000000000005,3.2271999999999997E-07,-3.2304E-07
0.23500000000000001,0.75,0.045846000000000005,8.1437E-09,-0.045826000000000006,3.2224E-07,-3.2266E-07
0.24000000000000002,0.75,0.046634,7.9521E-09,-0.046616000000000005,3.228E-07,-3.2312E-07
0.24500000000000002,0.75,0.047398,7.7722E-09,-0.047378,3.229E-07,-3.2324E-07
0.25,0.75,0.048158000000000006,7.5967E-09,-0.048132,3.2229999999999997E-07,-3.2324E-07
0.255,0.75,0.048896,7.4178E-09,-0.048876,3.2299999999999997E-07,-3.233E-07
0.26,0.75,0.049634000000000005,7.2499E-09,-0.049620000000000004,3.2302E-07,-3.2341999999999997E-07
0.265,0.75,0.050348000000000004,7.0915E-09,-0.050326,3.231E-07,-3.2354E-07
0.27,0.75,0.051052000000000007,6.929E-09,-0.051038000000000007,3.2313999999999997E-07,-3.236E-07
0.275,0.75,0.051734,6.7892E-09,-0.051726,3.2324E-07,-3.2362E-07
0.28,0.75,0.052424000000000005,6.6365E-09,-0.052404000000000006,3.2324E-07,-3.2362E-07
0.28500000000000003,0.75,0.053078000000000007,6.498E-09,-0.05306,3.2338E-07,-3.238E-07
0.29000000000000004,0.75,0.053722000000000006,6.3619E-09,-0.053706000000000004,3.2338E-07,-3.2382E-07
0.29500000000000004,0.75,0.054360000000000006,6.2255E-09,-0.054338000000000004,3.2344E-07,-3.2394E-07
0.3,0.75,0.054976000000000004,6.0985E-09,-0.054956000000000005,3.235E-07,-3.24E-07
0.305,0.75,0.055582000000000006,5.9609E-09,-0.055562000000000007,3.2302E-07,-3.2412E-07
0.31,0.75,0.056166000000000008,5.8542E-09,-0.056148,3.2348E-07,-3.2354E-07
0.315,0.75,0.056744,5.7387E-09,-0.056722,3.2368E-07,-3.2426E-07
0.32,0.75,0.057292,5.6248E-09,-0.057280000000000005,3.2384E-07,-3.2438E-07
0.325,0.75,0.05784,5.5189E-09,-0.05782,3.239E-07,-3.245E-07
0.33,0.75,0.058366000000000008,5.4117E-09,-0.058346,3.2398E-07,-3.2444E-07
0.335,0.75,0.058878000000000007,5.304E-09,-0.058858000000000008,3.2404E-07,-3.2462E-07
0.34,0.75,0.059372000000000008,5.2071E-09,-0.059350000000000007,3.2412E-07,-3.2468E-07
0.34500000000000003,0.75,0.059850000000000007,5.112E-09,-0.059834000000000005,3.2418E-07,-3.2478E-07
0.35000000000000003,0.75,0.060316000000000008,5.0263E-09,-0.060298000000000004,3.2422E-07,-3.2486E-07
0.35500000000000004,0.75,0.060768,4.9369E-09,-0.060748,3.2436E-07,-3.25E-07
0.36000000000000004,0.75,0.061200000000000004,4.8538E-09,-0.061180000000000005,3.2438E-07,-3.2508E-07
0.365,0.75,0.061618000000000006,4.7757E-09,-0.061604000000000006,3.242E-07,-3.251E-07
0.37,0.75,0.062026000000000005,4.6948E-09,-0.062004000000000004,3.2418E-07,-3.252E-07
0.375,0.75,0.06242,4.6247E-09,-0.062398,3.246E-07,-3.254E-07
0.38,0.75,0.062794,4.5496E-09,-0.062776000000000012,3.2466E-07,-3.2544E-07
0.385,0.75,0.063158,4.4807E-09,-0.063138,3.2476E-07,-3.2504E-07
0.39,0.75,0.063506,4.4263E-09,-0.063486,3.249E-07,-3.2574E-07
0.395,0.75,0.06384200000000001,4.3547E-09,-0.06382,3.2428E-07,-3.2516E-07
0.4,0.75,0.064154,4.2886E-09,-0.06414,3.247E-07,-3.2596E-07
0.405,0.75,0.064466000000000009,4.2256999999999996E-09,-0.064446,3.2504E-07,-3.26E-07
0.41000000000000003,0.75,0.064756000000000008,4.1742E-09,-0.06474400000000001,3.2524E-07,-3.2608E-07
0.41500000000000004,0.75,0.065048000000000009,4.1199E-09,-0.065026,3.2532E-07,-3.2626E-07
0.42000000000000004,0.75,0.065322,4.0697E-09,-0.065302,3.2542E-07,-3.2638E-07
0.42500000000000004,0.75,0.065586,4.0197E-09,-0.065564000000000011,3.2546E-07,-3.2645999999999997E-07
0.43,0.75,0.065836,3.9729E-09,-0.06582,3.2558E-07,-3.263E-07
0.435,0.75,0.066074000000000008,3.9319E-09,-0.066056,3.257E-07,-3.2662E-07
0.44,0.75,0.066308,3.8903E-09,-0.066288,3.2578E-07,-3.2684E-07
0.445,0.75,0.066536000000000012,3.8528E-09,-0.066508000000000012,3.2588E-07,-3.27E-07
0.45,0.75,0.066740000000000008,3.8098E-09,-0.066724,3.2592E-07,-3.2704E-07
0.455,0.75,0.06695000000000001,3.7732E-09,-0.06693,3.2603999999999997E-07,-3.2726E-07
0.46,0.75,0.06714,3.744E-09,-0.067134,3.2616E-07,-3.2732E-07
0.465,0.75,0.067336000000000007,3.705E-09,-0.067316,3.261E-07,-3.2746E-07
0.47000000000000003,0.75,0.067520000000000011,3.6761E-09,-0.067504000000000008,3.263E-07,-3.2715999999999997E-07
0.47500000000000003,0.75,0.067696,3.6467E-09,-0.067678,3.2638E-07,-3.277E-07
0.48000000000000004,0.75,0.06786600000000001,3.6142E-09,-0.067848,3.2645999999999997E-07,-3.2785999999999997E-07
0.48500000000000004,0.75,0.068030000000000007,3.5899E-09,-0.068008,3.265E-07,-3.2784E-07
0.49000000000000005,0.75,0.068184000000000008,3.5786E-09,-0.068168,3.2668E-07,-3.2812E-07
0.49500000000000005,0.75,0.068342,3.5474E-09,-0.068322000000000008,3.2672E-07,-3.2808E-07
0.5,0.75,0.068494,3.5196E-09,-0.068472,3.2682E-07,-3.2832E-07
0.505,0.75,0.068634,3.4905E-09,-0.06861600000000001,3.2694E-07,-3.2852E-07
0.51,0.75,0.068774,3.4772E-09,-0.068756000000000012,3.27E-07,-3.2862E-07
0.515,0.75,0.068912,3.4505E-09,-0.068898,3.2656E-07,-3.2826E-07
0.52,0.75,0.06904,3.4301E-09,-0.06901800000000001,3.2734E-07,-3.2882E-07
0.525,0.75,0.069164,3.4126E-09,-0.069148,3.2742E-07,-3.29E-07
0.53,0.75,0.069294000000000008,3.3893E-09,-0.069276,3.275E-07,-3.2862E-07
0.535,0.75,0.069412,3.3746E-09,-0.069398,3.2746E-07,-3.293E-07
0.54,0.75,0.06953200000000001,3.3573E-09,-0.069516000000000008,3.2712E-07,-3.2934E-07
0.545,0.75,0.069652,3.3302E-09,-0.069632,3.277E-07,-3.2956E-07
0.55,0.75,0.069764,3.317E-09,-0.06975400000000001,3.2784E-07,-3.2974E-07
0.555,0.75,0.069872,3.3017E-09,-0.069858,3.2788E-07,-3.2986E-07
0.56,0.75,0.06998,3.288E-09,-0.069968,3.2804E-07,-3.299E-07
0.56500000000000006,0.75,0.070088000000000011,3.2721E-09,-0.070076,3.2806E-07,-3.3006E-07
0.57000000000000006,0.75,0.070196000000000008,3.2557E-09,-0.07018,3.2818E-07,-3.303E-07
0.57500000000000007,0.75,0.070306000000000007,3.2412E-09,-0.070282000000000011,3.2827999999999997E-07,-3.3036E-07
0.58000000000000007,0.75,0.0704,3.2296E-09,-0.070380000000000012,3.2827999999999997E-07,-3.305E-07
0.58500000000000008,0.75,0.070500000000000007,3.2178E-09,-0.070482,3.2852E-07,-3.306E-07
0.59000000000000008,0.75,0.070596,3.2032E-09,-0.070576,3.286E-07,-3.3082E-07
0.595,0.75,0.070696000000000009,3.1887E-09,-0.070672000000000013,3.2869999999999997E-07,-3.3098E-07
0.6,0.75,0.07079,3.1787E-09,-0.07077,3.2822E-07,-3.3062E-07
0.605,0.75,0.070884,3.1672E-09,-0.070868,3.2894E-07,-3.3135999999999997E-07
0.61,0.75,0.070978,3.1586E-09,-0.070960000000000009,3.2896E-07,-3.3146E-07
0.615,0.75,0.071070000000000008,3.1465E-09,-0.071046000000000012,3.2906E-07,-3.317E-07
0.62,0.75,0.071156000000000011,3.1353E-09,-0.071144000000000013,3.292E-07,-3.318E-07
0.625,0.75,0.071248,3.1276E-09,-0.071228,3.293E-07,-3.3204E-07
0.63,0.75,0.071338000000000013,3.1146E-09,-0.07132200000000001,3.2939999999999997E-07,-3.3218E-07
0.635,0.75,0.071424,3.1073E-09,-0.071406000000000011,3.295E-07,-3.3232E-07
0.64,0.75,0.071508,3.0898E-09,-0.071494,3.296E-07,-3.3254E-07
0.645,0.75,0.071594,3.0832E-09,-0.071584000000000009,3.2972E-07,-3.3266E-07
0.65,0.75,0.07168200000000001,3.0784E-09,-0.07166,3.2972E-07,-3.3288E-07
0.655,0.75,0.07176600000000001,3.0671E-09,-0.071750000000000008,3.299E-07,-3.3302E-07
0.66,0.75,0.071850000000000011,3.0655E-09,-0.071838000000000013,3.3004E-07,-3.3261999999999997E-07
0.665,0.75,0.071934000000000012,3.0567E-09,-0.071916000000000008,3.2962E-07,-3.3275999999999997E-07
0.67,0.75,0.072012,3.0425E-09,-0.071994,3.2972E-07,-3.3306E-07
0.675,0.75,0.072094,3.037E-09,-0.072078,3.303E-07,-3.3366E-07
0.68,0.75,0.072178,3.0291E-09,-0.072162,3.2981999999999997E-07,-3.3378E-07
0.685,0.75,0.072254000000000013,3.0181E-09,-0.072244,3.305E-07,-3.3404E-07
0.69000000000000006,0.75,0.07234,3.0061E-09,-0.072318000000000007,3.3064E-07,-3.3428E-07
0.69500000000000006,0.75,0.072412,3.0022E-09,-0.072396,3.3018E-07,-3.3446E-07
0.70000000000000007,0.75,0.072492,2.9892E-09,-0.072474000000000011,3.3079999999999997E-07,-3.3457999999999997E-07
0.70500000000000007,0.75,0.07257000000000001,2.9847E-09,-0.072554000000000007,3.3092E-07,-3.3484E-07
0.71000000000000008,0.75,0.072644,2.9784E-09,-0.07263,3.3114E-07,-3.3496E-07
0.71500000000000008,0.75,0.072726000000000013,2.974E-09,-0.072710000000000011,3.3116E-07,-3.3516E-07
0.72000000000000008,0.75,0.072798,2.9629E-09,-0.072782,3.3135999999999997E-07,-3.3526E-07
0.72500000000000009,0.75,0.072878000000000012,2.9529E-09,-0.072860000000000008,3.3138E-07,-3.3554E-07
0.73,0.75,0.072948000000000013,2.9472E-09,-0.072934000000000013,3.309E-07,-3.3527999999999997E-07
0.735,0.75,0.073026000000000008,2.9465E-09,-0.073014000000000009,3.3166E-07,-3.3583999999999997E-07
0.74,0.75,0.073100000000000012,2.9337E-09,-0.07308400000000001,3.3177999999999997E-07,-3.3614E-07
0.745,0.75,0.073176,2.9307E-09,-0.073164,3.319E-07,-3.3636E-07
0.75,0.75,0.07325000000000001,2.9201E-09,-0.073232,3.3202E-07,-3.365E-07
0.755,0.75,0.073322000000000012,2.9148E-09,-0.073308000000000012,3.3148E-07,-3.3616E-07
0.76,0.75,0.073394,2.9108E-09,-0.07338,3.3219999999999997E-07,-3.3681999999999997E-07
0.765,0.75,0.073470000000000008,2.9011E-09,-0.073446000000000011,3.3233999999999997E-07,-3.3716E-07
0.77,0.75,0.07354200000000001,2.8975E-09,-0.073530000000000012,3.323E-07,-3.3737999999999997E-07
0.775,0.75,0.073614000000000013,2.8882E-09,-0.073594,3.3254E-07,-3.3756E-07
0.78,0.75,0.073684,2.8841E-09,-0.073674,3.3264E-07,-3.3778E-07
0.785,0.75,0.073752000000000012,2.8771E-09,-0.073738000000000012,3.3264E-07,-3.3758E-07
0.79,0.75,0.073824,2.875E-09,-0.073804000000000008,3.3282E-07,-3.3826E-07
0.795,0.75,0.073896,2.8729E-09,-0.073876000000000011,3.3242E-07,-3.3793999999999997E-07
0.8,0.75,0.073966,2.8633E-09,-0.073948,3.3258E-07,-3.3816E-07
0.805,0.75,0.074032,2.8618E-09,-0.07401400000000001,3.3314E-07,-3.3882E-07
0.81,0.75,0.074104,2.8553E-09,-0.074098000000000011,3.3338E-07,-3.3918E-07
0.81500000000000006,0.75,0.074176,2.8451E-09,-0.074158,3.3344E-07,-3.3933999999999997E-07
0.82000000000000006,0.75,0.07425000000000001,2.8386E-09,-0.074228,3.3359999999999997E-07,-3.3958E-07
0.82500000000000007,0.75,0.074314,2.8342E-09,-0.074292000000000011,3.337E-07,-3.3984E-07
0.83000000000000007,0.75,0.07438,2.8247E-09,-0.074360000000000009,3.338E-07,-3.4008E-07
0.83500000000000008,0.75,0.074452,2.8201E-09,-0.07443000000000001,3.333E-07,-3.3976E-07
0.84000000000000008,0.75,0.074522,2.8172E-09,-0.074502000000000013,3.3412E-07,-3.3984E-07
0.84500000000000008,0.75,0.074588,2.8101E-09,-0.074574,3.3362E-07,-3.4036E-07
0.85000000000000009,0.75,0.07465200000000001,2.8058E-09,-0.074634,3.3429999999999997E-07,-3.411E-07
0.85500000000000009,0.75,0.074720000000000009,2.8018E-09,-0.074704,3.3434E-07,-3.4144E-07
0.86,0.75,0.074790000000000009,2.7919E-09,-0.07477,3.3452E-07,-3.4172E-07
0.865,0.75,0.074854,2.7849999999999998E-09,-0.074836,3.3464E-07,-3.419E-07
0.87,0.75,0.07491600000000001,2.7906E-09,-0.074900000000000008,3.3468E-07,-3.424E-07
0.875,0.75,0.074988000000000013,2.7858E-09,-0.074966,3.3488E-07,-3.4232E-07
0.88,0.75,0.075058,2.7769E-09,-0.075032,3.3496E-07,-3.4276E-07
0.885,0.75,0.075118,2.7714E-09,-0.075102,3.3488E-07,-3.4296E-07
0.89,0.75,0.075176,2.7602E-09,-0.075164000000000009,3.3526E-07,-3.432E-07
0.895,0.75,0.075248000000000009,2.7588E-09,-0.075228,3.3534E-07,-3.4352E-07
0.9,0.75,0.075308,2.7531E-09,-0.075296,3.355E-07,-3.4321999999999997E-07
0,0.9,-0.00016356,1.1036E-07,0.00016224000000000002,3.2368E-07,-3.2352E-07
0.005,0.9,0.00097396000000000006,1.0685999999999999E-07,-0.00097500000000000006,3.2406E-07,-3.2402E-07
0.01,0.9,0.0021206,1.035E-07,-0.0021206,3.2366E-07,-3.2362E-07
0.015000000000000001,0.9,0.0032568000000000002,1.0038E-07,-0.0032552,3.236E-07,-3.2354E-07
0.02,0.9,0.0044028,9.7168799999999991E-08,-0.0044006,3.235E-07,-3.235E-07
0.025,0.9,0.0055282000000000005,9.4197399999999988E-08,-0.0055298000000000005,3.2341999999999997E-07,-3.2288E-07
0.030000000000000002,0.9,0.0066708,9.13104E-08,-0.0066744000000000005,3.2332E-07,-3.2336E-07
0.035,0.9,0.007797,8.8531799999999991E-08,-0.0078008,3.2326E-07,-3.233E-07
0.04,0.9,0.0089194000000000009,8.5904599999999992E-08,-0.0089218,3.2264E-07,-3.2266E-07
0.045000000000000005,0.9,0.010062,8.32488E-08,-0.0100622,3.2248E-07,-3.2254E-07
0.05,0.9,0.011184,8.0823599999999988E-08,-0.0111784,3.2313999999999997E-07,-3.2312E-07
0.055,0.9,0.012344,7.8354999999999989E-08,-0.012328,3.2296E-07,-3.2299999999999997E-07
0.060000000000000005,0.9,0.013460000000000002,7.6060599999999987E-08,-0.013438000000000002,3.2296E-07,-3.2294E-07
0.065,0.9,0.014596000000000001,7.3721199999999987E-08,-0.014572000000000002,3.2298E-07,-3.2294E-07
0.07,0.9,0.015702,7.15768E-08,-0.015682,3.224E-07,-3.2246E-07
0.075,0.9,0.016832,6.9431E-08,-0.016810000000000002,3.2296E-07,-3.2296E-07
0.08,0.9,0.017936,6.7379E-08,-0.017922,3.2285999999999997E-07,-3.2288E-07
0.085,0.9,0.01906,6.5393E-08,-0.019038000000000003,3.2226E-07,-3.2232E-07
0.090000000000000011,0.9,0.020158000000000002,6.350899999999999E-08,-0.020142,3.2229999999999997E-07,-3.2278E-07
0.095,0.9,0.021282000000000002,6.1649E-08,-0.02126,3.2212E-07,-3.2218E-07
0.1,0.9,0.022374,5.9852799999999989E-08,-0.02236,3.2282E-07,-3.2294E-07
0.10500000000000001,0.9,0.023474000000000002,5.8133199999999993E-08,-0.023450000000000002,3.2284E-07,-3.2288E-07
0.11,0.9,0.024578000000000003,5.6442199999999994E-08,-0.024562,3.228E-07,-3.2288E-07
0.115,0.9,0.025672000000000004,5.4850799999999995E-08,-0.025658000000000004,3.2236E-07,-3.2282E-07
0.12000000000000001,0.9,0.026774000000000003,5.3251399999999993E-08,-0.026760000000000003,3.2278E-07,-3.2284E-07
0.125,0.9,0.027862,5.17428E-08,-0.027842000000000002,3.2282E-07,-3.2285999999999997E-07
0.13,0.9,0.028964000000000004,5.0263399999999993E-08,-0.028942000000000002,3.2278E-07,-3.2302E-07
0.135,0.9,0.030038000000000002,4.8837599999999995E-08,-0.03002,3.2282E-07,-3.2296E-07
0.14,0.9,0.031126000000000004,4.74314E-08,-0.031112000000000004,3.2285999999999997E-07,-3.2296E-07
0.14500000000000002,0.9,0.032202,4.6119199999999995E-08,-0.032176,3.2229999999999997E-07,-3.2248E-07
0.15,0.9,0.033284,4.48366E-08,-0.033272,3.2284E-07,-3.2294E-07
0.155,0.9,0.034352,4.3570999999999994E-08,-0.034334,3.2224E-07,-3.2236E-07
0.16,0.9,0.03543,4.23266E-08,-0.035412000000000006,3.2285999999999997E-07,-3.2308E-07
0.165,0.9,0.036486000000000005,4.1156399999999997E-08,-0.036468,3.229E-07,-3.2302E-07
0.17,0.9,0.037540000000000004,4.0020799999999994E-08,-0.037522,3.2236E-07,-3.2302E-07
0.17500000000000002,0.9,0.038606,3.8916599999999995E-08,-0.038588000000000004,3.2296E-07,-3.2316E-07
0.18000000000000002,0.9,0.039654,3.78588E-08,-0.039632,3.2299999999999997E-07,-3.2312E-07
0.185,0.9,0.040714,3.6835799999999996E-08,-0.040696,3.2302E-07,-3.2318E-07
0.19,0.9,0.041756,3.5801199999999995E-08,-0.041736,3.2246E-07,-3.2322E-07
0.195,0.9,0.042806000000000004,3.4833399999999993E-08,-0.042784,3.2302E-07,-3.2332E-07
0.2,0.9,0.043838,3.38782E-08,-0.043818,3.2313999999999997E-07,-3.2334E-07
0.20500000000000002,0.9,0.04488,3.2978799999999996E-08,-0.044854000000000005,3.2313999999999997E-07,-3.2336E-07
0.21000000000000002,0.9,0.045896000000000006,3.2101799999999994E-08,-0.045880000000000004,3.226E-07,-3.2341999999999997E-07
0.215,0.9,0.046936000000000005,3.1240999999999995E-08,-0.046916000000000006,3.2266E-07,-3.2299999999999997E-07
0.22,0.9,0.047946,3.03882E-08,-0.047926,3.2324E-07,-3.235E-07
0.225,0.9,0.048966,2.9566199999999996E-08,-0.048948000000000005,3.2276E-07,-3.2304E-07
0.23,0.9,0.049974000000000005,2.88258E-08,-0.049952,3.2322E-07,-3.2366E-07
0.23500000000000001,0.9,0.05097,2.8050999999999998E-08,-0.050952000000000004,3.2338E-07,-3.2366E-07
0.24000000000000002,0.9,0.051982000000000007,2.7310599999999997E-08,-0.051960000000000006,3.235E-07,-3.238E-07
0.24500000000000002,0.9,0.05297,2.65782E-08,-0.052944000000000005,3.2344E-07,-3.239E-07
0.25,0.9,0.053964000000000005,2.5889399999999996E-08,-0.053944000000000006,3.2355999999999997E-07,-3.2384E-07
0.255,0.9,0.054942000000000005,2.5215799999999998E-08,-0.054924000000000008,3.2308E-07,-3.235E-07
0.26,0.9,0.055926000000000003,2.4550599999999998E-08,-0.055908000000000006,3.2366E-07,-3.2396E-07
0.265,0.9,0.05689,2.39254E-08,-0.056874000000000008,3.2374E-07,-3.2412E-07
0.27,0.9,0.057868,2.32914E-08,-0.057852000000000008,3.2327999999999997E-07,-3.2368E-07
0.275,0.9,0.058818,2.2707999999999997E-08,-0.058802000000000007,3.2384E-07,-3.242E-07
0.28,0.9,0.059778000000000005,2.2118999999999998E-08,-0.059762,3.2392E-07,-3.2434E-07
0.28500000000000003,0.9,0.060716000000000006,2.1574399999999997E-08,-0.060702000000000006,3.24E-07,-3.2438E-07
0.29000000000000004,0.9,0.061652000000000005,2.10088E-08,-0.061630000000000004,3.241E-07,-3.2442E-07
0.29500000000000004,0.9,0.062598,2.05144E-08,-0.062576,3.2362E-07,-3.2414E-07
0.3,0.9,0.063512,1.9990199999999997E-08,-0.063496000000000011,3.2374E-07,-3.2426E-07
0.305,0.9,0.064442,1.9478799999999998E-08,-0.064426000000000011,3.2436E-07,-3.248E-07
0.31,0.9,0.065346,1.89988E-08,-0.065322,3.2422E-07,-3.2438E-07
0.315,0.9,0.066258000000000011,1.8531599999999998E-08,-0.066238,3.2442E-07,-3.245E-07
0.32,0.9,0.067146000000000011,1.8077999999999998E-08,-0.067128000000000007,3.245E-07,-3.2498E-07
0.325,0.9,0.068042,1.76292E-08,-0.068018000000000009,3.2466E-07,-3.2512E-07
0.33,0.9,0.068914,1.7209E-08,-0.068892000000000009,3.2416E-07,-3.2472E-07
0.335,0.9,0.06979,1.67964E-08,-0.069770000000000013,3.2474E-07,-3.253E-07
0.34,0.9,0.07065,1.6392E-08,-0.070624,3.2484E-07,-3.2544E-07
0.34500000000000003,0.9,0.07150200000000001,1.5999999999999998E-08,-0.071492,3.2496E-07,-3.2564E-07
0.35000000000000003,0.9,0.07234800000000001,1.5628399999999998E-08,-0.07233,3.2504E-07,-3.2574E-07
0.35500000000000004,0.9,0.07319,1.5241799999999998E-08,-0.073168000000000011,3.245E-07,-3.2506E-07
0.36000000000000004,0.9,0.074008,1.49114E-08,-0.073988000000000012,3.2522E-07,-3.2588E-07
0.365,0.9,0.074830000000000008,1.4544999999999999E-08,-0.074814,3.2534E-07,-3.2603999999999997E-07
0.37,0.9,0.075634,1.4212999999999998E-08,-0.075610000000000011,3.25E-07,-3.2556E-07
0.375,0.9,0.076436,1.3887199999999998E-08,-0.07641400000000001,3.255E-07,-3.2628E-07
0.38,0.9,0.077216,1.3587199999999999E-08,-0.077198,3.2564E-07,-3.264E-07
0.385,0.9,0.078002,1.3263E-08,-0.077984000000000012,3.2582E-07,-3.265E-07
0.39,0.9,0.078764,1.2984599999999998E-08,-0.078742,3.2586E-07,-3.2662E-07
0.395,0.9,0.079524000000000011,1.2683999999999998E-08,-0.079504,3.26E-07,-3.2673999999999997E-07
0.4,0.9,0.080262000000000014,1.2417199999999999E-08,-0.080242000000000008,3.2602E-07,-3.268E-07
0.405,0.9,0.081,1.2141E-08,-0.08098000000000001,3.2594E-07,-3.2652E-07
0.41000000000000003,0.9,0.081718000000000013,1.1870799999999998E-08,-0.081692,3.2624E-07,-3.2718E-07
0.41500000000000004,0.9,0.082432,1.1618799999999999E-08,-0.082410000000000011,3.264E-07,-3.2729999999999997E-07
0.42000000000000004,0.9,0.083126,1.13776E-08,-0.083104000000000011,3.2584E-07,-3.2676E-07
0.42500000000000004,0.9,0.083818,1.11494E-08,-0.083798000000000011,3.2664E-07,-3.2757999999999997E-07
0.43,0.9,0.084484,1.0927199999999998E-08,-0.084466000000000013,3.268E-07,-3.2766E-07
0.435,0.9,0.08515,1.0690399999999999E-08,-0.085130000000000011,3.2694E-07,-3.2785999999999997E-07
0.44,0.9,0.085796000000000011,1.0492799999999999E-08,-0.085774,3.2701999999999997E-07,-3.2802E-07
0.445,0.9,0.086438,1.02586E-08,-0.086412,3.2718E-07,-3.281E-07
0.45,0.9,0.087056000000000008,1.0058599999999999E-08,-0.08704,3.2724E-07,-3.2832E-07
0.455,0.9,0.087666000000000008,9.8766E-09,-0.087646,3.2736E-07,-3.2844E-07
0.46,0.9,0.088268000000000013,9.6591E-09,-0.088244,3.2715999999999997E-07,-3.2818E-07
0.465,0.9,0.088854,9.4726E-09,-0.088832000000000008,3.2771999999999997E-07,-3.2886E-07
0.47000000000000003,0.9,0.089418000000000011,9.2971E-09,-0.089396,3.2782E-07,-3.289E-07
0.47500000000000003,0.9,0.089978,9.1463E-09,-0.089964,3.2754E-07,-3.2855999999999997E-07
0.48000000000000004,0.9,0.090526000000000009,8.9671E-09,-0.090502000000000013,3.2748E-07,-3.2874E-07
0.48500000000000004,0.9,0.091058000000000014,8.8034E-09,-0.091036,3.2813999999999997E-07,-3.293E-07
0.49000000000000005,0.9,0.09156800000000001,8.6533E-09,-0.091552000000000008,3.276E-07,-3.2883999999999997E-07
0.49500000000000005,0.9,0.092078000000000007,8.5025E-09,-0.092062,3.2788E-07,-3.2962E-07
0.5,0.9,0.092566000000000009,8.3404E-09,-0.092546,3.2782E-07,-3.293E-07
0.505,0.9,0.093050000000000008,8.2246E-09,-0.093026000000000011,3.2866E-07,-3.2995999999999997E-07
0.51,0.9,0.093506,8.0934E-09,-0.09349,3.2872E-07,-3.3008E-07
0.515,0.9,0.093966000000000008,7.95E-09,-0.093944000000000014,3.2874E-07,-3.2978E-07
0.52,0.9,0.094394,7.8427E-09,-0.094374000000000013,3.2896E-07,-3.3E-07
0.525,0.9,0.09482800000000001,7.715E-09,-0.094806,3.291E-07,-3.3064E-07
0.53,0.9,0.095234000000000013,7.6074E-09,-0.09521,3.2876E-07,-3.3078E-07
0.535,0.9,0.09563,7.4999E-09,-0.095612,3.2936E-07,-3.3102E-07
0.54,0.9,0.09600800000000001,7.4061E-09,-0.095992000000000008,3.2956E-07,-3.311E-07
0.545,0.9,0.09639,7.2896E-09,-0.096378,3.2972E-07,-3.3132E-07
0.55,0.9,0.09675,7.1819E-09,-0.096734000000000014,3.2992E-07,-3.3152E-07
0.555,0.9,0.097096,7.0855E-09,-0.097078000000000012,3.3002E-07,-3.3174E-07
0.56,0.9,0.097434,6.9962E-09,-0.097416,3.3018E-07,-3.3186E-07
0.56500000000000006,0.9,0.097752,6.9046E-09,-0.097738,3.3023999999999997E-07,-3.32E-07
0.57000000000000006,0.9,0.098072,6.8283E-09,-0.098050000000000012,3.2995999999999997E-07,-3.3168E-07
0.57500000000000007,0.9,0.098374,6.7464E-09,-0.098358000000000015,3.2994E-07,-3.319E-07
0.58000000000000007,0.9,0.098666,6.6709E-09,-0.098648000000000013,3.3012E-07,-3.3204E-07
0.58500000000000008,0.9,0.098948000000000008,6.6043E-09,-0.098932,3.3078E-07,-3.328E-07
0.59000000000000008,0.9,0.09922,6.5247E-09,-0.09921,3.3102E-07,-3.3302E-07
0.595,0.9,0.099482000000000015,6.4565E-09,-0.099464000000000011,3.3106E-07,-3.3322E-07
0.6,0.9,0.099738000000000007,6.3973E-09,-0.099724000000000007,3.3128E-07,-3.3342E-07
0.605,0.9,0.099982000000000015,6.3374E-09,-0.099962000000000009,3.3134E-07,-3.3354E-07
0.61,0.9,0.10000400000000001,6.3298E-09,-0.099986,3.3144E-07,-3.3359999999999997E-07
0.615,0.9,0.10000200000000001,6.3267E-09,-0.099986,3.3166E-07,-3.3376E-07
0.62,0.9,0.10000400000000001,6.3238E-09,-0.099986,3.3162E-07,-3.3386E-07
0.625,0.9,0.10000200000000001,6.3287E-09,-0.099988000000000007,3.3174E-07,-3.3384E-07
0.63,0.9,0.10000200000000001,6.3316E-09,-0.099988000000000007,3.3172E-07,-3.3387999999999997E-07
0.635,0.9,0.10000400000000001,6.3256E-09,-0.099986,3.3132E-07,-3.3354E-07
0.64,0.9,0.10000200000000001,6.3238E-09,-0.099988000000000007,3.3186E-07,-3.341E-07
0.645,0.9,0.10000400000000001,6.3274E-09,-0.099988000000000007,3.319E-07,-3.3406E-07
0.65,0.9,0.10000200000000001,6.3276E-09,-0.099986,3.3198E-07,-3.3414E-07
0.655,0.9,0.10000200000000001,6.3305E-09,-0.099982000000000015,3.3202E-07,-3.3414E-07
0.66,0.9,0.10000600000000001,6.3282E-09,-0.099986,3.3149999999999997E-07,-3.337E-07
0.665,0.9,0.10000400000000001,6.3294E-09,-0.099986,3.3212E-07,-3.3418E-07
0.67,0.9,0.10000400000000001,6.3268E-09,-0.099988000000000007,3.3216E-07,-3.3428E-07
0.675,0.9,0.099998,6.3194E-09,-0.099986,3.3219999999999997E-07,-3.3438E-07
0.68,0.9,0.10000200000000001,6.3332E-09,-0.099986,3.3214E-07,-3.3436E-07
0.685,0.9,0.10000200000000001,6.3216E-09,-0.099986,3.3219999999999997E-07,-3.3442E-07
0.69000000000000006,0.9,0.10000200000000001,6.3264E-09,-0.099986,3.323E-07,-3.3438E-07
0.69500000000000006,0.9,0.10000200000000001,6.3287E-09,-0.099986,3.3232E-07,-3.3442E-07
0.70000000000000007,0.9,0.10000400000000001,6.3286E-09,-0.099988000000000007,3.3233999999999997E-07,-3.3448E-07
0.70500000000000007,0.9,0.10000200000000001,6.3398E-09,-0.099988000000000007,3.3233999999999997E-07,-3.3443999999999997E-07
0.71000000000000008,0.9,0.10000600000000001,6.344E-09,-0.099982000000000015,3.3238E-07,-3.3452E-07
0.71500000000000008,0.9,0.10000200000000001,6.3429E-09,-0.099986,3.317E-07,-3.3392E-07
0.72000000000000008,0.9,0.10000200000000001,6.3385E-09,-0.099986,3.319E-07,-3.3457999999999997E-07
0.72500000000000009,0.9,0.10000600000000001,6.3419E-09,-0.099984,3.3246E-07,-3.346E-07
0.73,0.9,0.10000400000000001,6.3431E-09,-0.099988000000000007,3.3256E-07,-3.3464E-07
0.735,0.9,0.10000200000000001,6.337E-09,-0.099986,3.3252E-07,-3.3464E-07
0.74,0.9,0.10000200000000001,6.343E-09,-0.099988000000000007,3.3247999999999997E-07,-3.3464E-07
0.745,0.9,0.10000200000000001,6.3501E-09,-0.099986,3.325E-07,-3.3468E-07
0.75,0.9,0.10000200000000001,6.3466E-09,-0.099986,3.3254E-07,-3.3466E-07
0.755,0.9,0.10000200000000001,6.3461E-09,-0.099986,3.3264E-07,-3.3474E-07
0.76,0.9,0.10000400000000001,6.34E-09,-0.099986,3.3261999999999997E-07,-3.3471999999999997E-07
0.765,0.9,0.10000600000000001,6.3429E-09,-0.099986,3.3264E-07,-3.3484E-07
0.77,0.9,0.10000400000000001,6.3422E-09,-0.099986,3.3268E-07,-3.349E-07
0.775,0.9,0.10000200000000001,6.3417E-09,-0.099986,3.327E-07,-3.3476E-07
0.78,0.9,0.1,6.3417E-09,-0.099988000000000007,3.3268E-07,-3.3484E-07
0.785,0.9,0.10000400000000001,6.3371E-09,-0.099988000000000007,3.3268E-07,-3.349E-07
0.79,0.9,0.10000600000000001,6.3411E-09,-0.099988000000000007,3.327E-07,-3.349E-07
0.795,0.9,0.10000200000000001,6.3456E-09,-0.099982000000000015,3.3268E-07,-3.3484E-07
0.8,0.9,0.10000200000000001,6.3367E-09,-0.099988000000000007,3.3274E-07,-3.3494E-07
0.805,0.9,0.10000400000000001,6.3402E-09,-0.099988000000000007,3.3272E-07,-3.3485999999999997E-07
0.81,0.9,0.10000400000000001,6.3316E-09,-0.099986,3.3278E-07,-3.3496E-07
0.81500000000000006,0.9,0.10000200000000001,6.3221E-09,-0.099988000000000007,3.3282E-07,-3.3496E-07
0.82000000000000006,0.9,0.10000200000000001,6.3423E-09,-0.099986,3.3282E-07,-3.3504E-07
0.82500000000000007,0.9,0.10000200000000001,6.3299E-09,-0.099988000000000007,3.3286E-07,-3.3516E-07
0.83000000000000007,0.9,0.1,6.3278E-09,-0.099986,3.3289999999999997E-07,-3.3512E-07
0.83500000000000008,0.9,0.10000200000000001,6.3377E-09,-0.099986,3.3288E-07,-3.3508E-07
0.84000000000000008,0.9,0.10000200000000001,6.3394E-09,-0.099988000000000007,3.3289999999999997E-07,-3.3508E-07
0.84500000000000008,0.9,0.10000200000000001,6.3297E-09,-0.099986,3.3288E-07,-3.3485999999999997E-07
0.85000000000000009,0.9,0.10000200000000001,6.3249E-09,-0.099988000000000007,3.3246E-07,-3.3508E-07
0.85500000000000009,0.9,0.10000400000000001,6.3263E-09,-0.099982000000000015,3.3244E-07,-3.3512E-07
0.86,0.9,0.10000400000000001,6.3286E-09,-0.099986,3.3294E-07,-3.3513999999999997E-07
0.865,0.9,0.10000200000000001,6.3319E-09,-0.099986,3.3294E-07,-3.3513999999999997E-07
0.87,0.9,0.10000200000000001,6.3516E-09,-0.099988000000000007,3.3303999999999997E-07,-3.352E-07
0.875,0.9,0.10000200000000001,6.3312E-09,-0.099986,3.3252E-07,-3.3466E-07
0.88,0.9,0.10000600000000001,6.3295E-09,-0.099988000000000007,3.3306E-07,-3.3524E-07
0.885,0.9,0.10000600000000001,6.3286E-09,-0.099986,3.328E-07,-3.347E-07
0.89,0.9,0.10000200000000001,6.3384E-09,-0.099988000000000007,3.3258E-07,-3.3478E-07
0.895,0.9,0.10000200000000001,6.3388E-09,-0.099988000000000007,3.331E-07,-3.3526E-07
0.9,0.9,0.10000400000000001,6.3207E-09,-0.099986,3.3303999999999997E-07,-3.352E-07
