I/V Sweep,id_vgs_2
RecordTime,04/14/2025 15:20:32
Device ID,
Count,1
Flag,
Remarks,
vg,vd,id,ig,is,iavdd,ignd
-0.3,0,1.0638E-09,-4.8201E-09,3.0000000000000005E-14,3.2556E-07,-3.2186E-07
-0.29500000000000004,0,1.0308E-09,-4.4175E-09,-7.7000000000000005E-13,3.2558E-07,-3.222E-07
-0.29000000000000004,0,9.8261E-10,-4.044E-09,-3.7000000000000004E-13,3.2554E-07,-3.2243999999999997E-07
-0.28500000000000003,0,9.4479E-10,-3.7072E-09,3.0000000000000003E-13,3.2552E-07,-3.2276E-07
-0.28,0,9.0506000000000008E-10,-3.3932E-09,-1.4400000000000001E-12,3.2542E-07,-3.2299999999999997E-07
-0.275,0,8.668300000000001E-10,-3.1183E-09,-8.9E-13,3.2554E-07,-3.2332E-07
-0.27,0,8.3679000000000006E-10,-2.8618E-09,-1.5000000000000002E-13,3.255E-07,-3.2348E-07
-0.265,0,8.0391000000000007E-10,-2.6264E-09,-7.100000000000001E-13,3.255E-07,-3.2368E-07
-0.26,0,7.589200000000001E-10,-2.4161E-09,-9.1000000000000016E-13,3.2548E-07,-3.2374E-07
-0.255,0,7.2086E-10,-2.2279E-09,-9.6000000000000015E-13,3.2546E-07,-3.24E-07
-0.25,0,6.9134E-10,-2.0587E-09,-1.8000000000000002E-13,3.2546E-07,-3.241E-07
-0.24500000000000002,0,6.6099E-10,-1.8927E-09,-1.6200000000000002E-12,3.255E-07,-3.2432E-07
-0.24000000000000002,0,6.2487E-10,-1.752E-09,-1.3000000000000001E-12,3.2552E-07,-3.2436E-07
-0.23500000000000001,0,6.0015E-10,-1.6184E-09,5.1E-13,3.2542E-07,-3.2442E-07
-0.23,0,5.7708E-10,-1.4973E-09,-2.7E-13,3.2546E-07,-3.2456E-07
-0.225,0,5.3821E-10,-1.3899E-09,-1.31E-12,3.2548E-07,-3.2462E-07
-0.22,0,5.1269E-10,-1.2878E-09,-8.6000000000000007E-13,3.2548E-07,-3.2474E-07
-0.215,0,4.9933000000000007E-10,-1.1968E-09,-3.5E-13,3.255E-07,-3.248E-07
-0.21000000000000002,0,4.6980000000000007E-10,-1.109E-09,-1.32E-12,3.2548E-07,-3.2474E-07
-0.20500000000000002,0,4.3855000000000005E-10,-1.0343E-09,-8.4000000000000006E-13,3.2548E-07,-3.2484E-07
-0.2,0,4.1845000000000004E-10,-9.6310000000000012E-10,-3.7000000000000004E-13,3.2542E-07,-3.2492E-07
-0.195,0,4.0364E-10,-8.9237000000000009E-10,-7E-13,3.2546E-07,-3.2496E-07
-0.19,0,3.7959000000000003E-10,-8.3482E-10,-7.7000000000000005E-13,3.2536E-07,-3.2496E-07
-0.185,0,3.5069E-10,-7.8143000000000006E-10,-9.0000000000000008E-14,3.2544E-07,-3.25E-07
-0.18000000000000002,0,3.3344000000000004E-10,-7.254000000000001E-10,-1.21E-12,3.2548E-07,-3.2512E-07
-0.17500000000000002,0,3.0652000000000004E-10,-6.7648E-10,-6.400000000000001E-13,3.2548E-07,-3.2506E-07
-0.17,0,2.8706000000000004E-10,-6.3401000000000007E-10,4.6000000000000006E-13,3.2548E-07,-3.2504E-07
-0.165,0,2.7175E-10,-5.9215000000000007E-10,-1.6000000000000003E-13,3.2544E-07,-3.2514E-07
-0.16,0,2.5738E-10,-5.5311000000000007E-10,-9.6000000000000015E-13,3.255E-07,-3.2518E-07
-0.155,0,2.3714E-10,-5.1578000000000005E-10,-1.0100000000000001E-12,3.2542E-07,-3.251E-07
-0.15,0,2.2201000000000002E-10,-4.8564E-10,-5E-13,3.2542E-07,-3.2518E-07
-0.14500000000000002,0,2.0527E-10,-4.5170000000000005E-10,-5.4E-13,3.2542E-07,-3.2514E-07
-0.14,0,1.8592000000000002E-10,-4.2239000000000003E-10,-7E-13,3.254E-07,-3.2514E-07
-0.135,0,1.753E-10,-3.9547000000000003E-10,-9.9E-13,3.254E-07,-3.2514E-07
-0.13,0,1.6557E-10,-3.6838E-10,-4.2000000000000003E-13,3.2542E-07,-3.2522E-07
-0.125,0,1.4953E-10,-3.444E-10,-4.7E-13,3.2548E-07,-3.2518E-07
-0.12000000000000001,0,1.2916000000000002E-10,-3.2328000000000005E-10,-7E-14,3.2542E-07,-3.2524E-07
-0.115,0,1.1621E-10,-2.9907000000000003E-10,3.3E-13,3.2542E-07,-3.2526E-07
-0.11,0,1.0100000000000001E-10,-2.7797E-10,-1.5800000000000001E-12,3.254E-07,-3.2518E-07
-0.10500000000000001,0,7.6610000000000007E-11,-2.5925E-10,-8.5000000000000011E-13,3.2544E-07,-3.2526E-07
-0.1,0,6.4750000000000009E-11,-2.4243E-10,-7.8000000000000011E-13,3.254E-07,-3.252E-07
-0.095,0,6.3620000000000009E-11,-2.2038000000000002E-10,-8.1000000000000008E-13,3.2534E-07,-3.2524E-07
-0.090000000000000011,0,4.614E-11,-2.0359000000000002E-10,-9.5E-13,3.254E-07,-3.252E-07
-0.085,0,2.935E-11,-1.8913000000000002E-10,2.5E-13,3.254E-07,-3.2516E-07
-0.08,0,2.4960000000000004E-11,-1.7277000000000001E-10,-3.5E-13,3.2536E-07,-3.2526E-07
-0.075,0,1.3580000000000002E-11,-1.5646000000000002E-10,-4.7E-13,3.2532E-07,-3.252E-07
-0.07,0,-1.4190000000000002E-11,-1.4335E-10,-4.6000000000000006E-13,3.2536E-07,-3.2526E-07
-0.065,0,-1.3700000000000002E-11,-1.3024E-10,-6.1E-13,3.254E-07,-3.2522E-07
-0.060000000000000005,0,-1.974E-11,-1.1626000000000001E-10,-7.9000000000000007E-13,3.254E-07,-3.2524E-07
-0.055,0,-4.107E-11,-1.0391E-10,-1.22E-12,3.2542E-07,-3.2526E-07
-0.05,0,-4.8850000000000004E-11,-9.2480000000000013E-11,7E-14,3.2536E-07,-3.2518E-07
-0.045000000000000005,0,-5.524E-11,-8.1620000000000011E-11,-6.0000000000000009E-14,3.2534E-07,-3.252E-07
-0.04,0,-6.786E-11,-7.144E-11,-1.1100000000000001E-12,3.2542E-07,-3.2526E-07
-0.035,0,-7.913E-11,-6.295E-11,-4.2000000000000003E-13,3.2536E-07,-3.252E-07
-0.030000000000000002,0,-8.059E-11,-5.248E-11,2.5E-13,3.254E-07,-3.2522E-07
-0.025,0,-8.7080000000000011E-11,-4.2410000000000005E-11,-8.4000000000000006E-13,3.2542E-07,-3.2518E-07
-0.02,0,-9.6680000000000009E-11,-3.5850000000000004E-11,-1.0000000000000002E-14,3.2532E-07,-3.252E-07
-0.015000000000000001,0,-1.0871E-10,-2.8820000000000004E-11,5.4E-13,3.2532E-07,-3.2524E-07
-0.01,0,-1.086E-10,-1.9180000000000002E-11,-1.2000000000000001E-12,3.2536E-07,-3.2524E-07
-0.005,0,-1.1285E-10,-1.1330000000000001E-11,-5.9E-13,3.2538E-07,-3.2524E-07
0,0,-1.2823E-10,-7.43E-12,-3.3E-13,3.2534E-07,-3.2526E-07
0.005,0,-1.3181E-10,-5E-14,5.8000000000000005E-13,3.2532E-07,-3.252E-07
0.01,0,-1.3119000000000001E-10,8.25E-12,-5.7E-13,3.2528E-07,-3.2512E-07
0.015000000000000001,0,-1.449E-10,1.2670000000000002E-11,-6.0000000000000009E-14,3.2538E-07,-3.253E-07
0.02,0,-1.5128000000000002E-10,1.8620000000000003E-11,-2.8E-13,3.2542E-07,-3.2528E-07
0.025,0,-1.4578E-10,2.5560000000000003E-11,-8.9E-13,3.2542E-07,-3.2532E-07
0.030000000000000002,0,-1.5723E-10,3.135E-11,-7.6000000000000009E-13,3.254E-07,-3.253E-07
0.035,0,-1.689E-10,3.653E-11,-6.0000000000000007E-13,3.2542E-07,-3.2526E-07
0.04,0,-1.6959E-10,4.2590000000000005E-11,-5.6E-13,3.2538E-07,-3.2524E-07
0.045000000000000005,0,-1.7401E-10,4.9400000000000005E-11,-8.4000000000000006E-13,3.2548E-07,-3.253E-07
0.05,0,-1.8781000000000002E-10,5.3560000000000007E-11,-5E-13,3.2534E-07,-3.2526E-07
0.055,0,-1.8982000000000002E-10,5.87E-11,-4.7E-13,3.254E-07,-3.253E-07
0.060000000000000005,0,-1.9673000000000003E-10,6.7400000000000008E-11,-8.2E-13,3.2546E-07,-3.253E-07
0.065,0,-2.0141E-10,7.077E-11,-9.8E-13,3.2536E-07,-3.2526E-07
0.07,0,-2.0488000000000002E-10,7.703E-11,-5E-13,3.2542E-07,-3.2532E-07
0.075,0,-2.0328000000000002E-10,8.4550000000000008E-11,-8.5000000000000011E-13,3.2534E-07,-3.252E-07
0.08,0,-2.1375E-10,9.0200000000000009E-11,-1.21E-12,3.2534E-07,-3.2526E-07
0.085,0,-2.1902E-10,9.5660000000000009E-11,-3.7000000000000004E-13,3.254E-07,-3.252E-07
0.090000000000000011,0,-2.2355000000000002E-10,1.0247000000000001E-10,-5.6E-13,3.254E-07,-3.253E-07
0.095,0,-2.3491E-10,1.1157000000000001E-10,-1.09E-12,3.2538E-07,-3.253E-07
0.1,0,-2.4315000000000003E-10,1.1702E-10,-9.4E-13,3.2542E-07,-3.2526E-07
0.10500000000000001,0,-2.5628E-10,1.2445000000000002E-10,-4.9E-13,3.253E-07,-3.2526E-07
0.11,0,-2.6095E-10,1.3408000000000002E-10,-8.4000000000000006E-13,3.2536E-07,-3.2528E-07
0.115,0,-2.7044E-10,1.4215000000000002E-10,-7.7000000000000005E-13,3.254E-07,-3.2532E-07
0.12000000000000001,0,-2.7550000000000003E-10,1.4935E-10,-8.9E-13,3.2534E-07,-3.252E-07
0.125,0,-2.7979E-10,1.5907E-10,-4E-13,3.2538E-07,-3.2534E-07
0.13,0,-2.9255000000000004E-10,1.6966E-10,-1.2500000000000001E-12,3.2542E-07,-3.2528E-07
0.135,0,-3.0602000000000005E-10,1.7715E-10,-2.6E-13,3.254E-07,-3.2528E-07
0.14,0,-3.1036E-10,1.8824000000000001E-10,-5.3000000000000006E-13,3.2546E-07,-3.2526E-07
0.14500000000000002,0,-3.2115E-10,2.0122E-10,-2.3000000000000003E-13,3.2536E-07,-3.2526E-07
0.15,0,-3.4058000000000003E-10,2.1134000000000002E-10,-9.5E-13,3.2544E-07,-3.2528E-07
0.155,0,-3.4763E-10,2.2289000000000002E-10,1E-13,3.2538E-07,-3.253E-07
0.16,0,-3.5624E-10,2.368E-10,1.5000000000000002E-13,3.2538E-07,-3.2526E-07
0.165,0,-3.7574000000000004E-10,2.5024E-10,-1.36E-12,3.2536E-07,-3.253E-07
0.17,0,-3.882E-10,2.6098E-10,-1.9000000000000002E-13,3.2538E-07,-3.2524E-07
0.17500000000000002,0,-3.9868E-10,2.7698E-10,-2E-13,3.2542E-07,-3.2522E-07
0.18000000000000002,0,-4.1310000000000005E-10,2.9488E-10,-6.6E-13,3.2546E-07,-3.253E-07
0.185,0,-4.4070000000000004E-10,3.0894E-10,-1.2800000000000002E-12,3.2546E-07,-3.253E-07
0.19,0,-4.5096E-10,3.2471E-10,1.9000000000000002E-13,3.2536E-07,-3.2532E-07
0.195,0,-4.6056E-10,3.4468000000000004E-10,-5.3000000000000006E-13,3.2534E-07,-3.2522E-07
0.2,0,-4.9004E-10,3.6478E-10,-8.5000000000000011E-13,3.2536E-07,-3.2524E-07
0.20500000000000002,0,-5.0934E-10,3.8397E-10,1E-13,3.2536E-07,-3.253E-07
0.21000000000000002,0,-5.2319E-10,4.044E-10,-1.2000000000000002E-13,3.2538E-07,-3.2522E-07
0.215,0,-5.481E-10,4.3017E-10,-3.4E-13,3.2528E-07,-3.2518E-07
0.22,0,-5.8309E-10,4.5311000000000005E-10,-6.7000000000000007E-13,3.254E-07,-3.2526E-07
0.225,0,-6.0190000000000006E-10,4.7966000000000008E-10,2.4000000000000004E-13,3.2538E-07,-3.2532E-07
0.23,0,-6.2775E-10,5.0922E-10,-6.5000000000000006E-13,3.2542E-07,-3.2524E-07
0.23500000000000001,0,-6.6611000000000009E-10,5.4076E-10,-1.3800000000000002E-12,3.2536E-07,-3.2518E-07
0.24000000000000002,0,-6.9947000000000007E-10,5.7178000000000007E-10,1.4E-13,3.2542E-07,-3.2524E-07
0.24500000000000002,0,-7.1889000000000009E-10,6.0787000000000009E-10,-7.8000000000000011E-13,3.254E-07,-3.2534E-07
0.25,0,-7.6637E-10,6.4489E-10,-7E-13,3.2528E-07,-3.2518E-07
0.255,0,-8.0838000000000006E-10,6.8247E-10,-4.8000000000000008E-13,3.2528E-07,-3.2516E-07
0.26,0,-8.4553000000000008E-10,7.2577000000000007E-10,2E-13,3.2534E-07,-3.2524E-07
0.265,0,-8.894900000000001E-10,7.7148000000000011E-10,-4.5000000000000005E-13,3.253E-07,-3.2518E-07
0.27,0,-9.4772000000000011E-10,8.1678E-10,-8.8000000000000009E-13,3.2534E-07,-3.2528E-07
0.275,0,-9.9252E-10,8.6696000000000008E-10,-3.5E-13,3.2526E-07,-3.2524E-07
0.28,0,-1.03775E-09,9.2156000000000007E-10,-1.03E-12,3.253E-07,-3.2518E-07
0.28500000000000003,0,-1.09811E-09,9.7940000000000015E-10,-1.3400000000000002E-12,3.2536E-07,-3.2526E-07
0.29000000000000004,0,-1.158E-09,1.03861E-09,-1.31E-12,3.2536E-07,-3.2524E-07
0.29500000000000004,0,-1.2255E-09,1.09955E-09,-2.7E-13,3.2542E-07,-3.2518E-07
0.3,0,-1.2868E-09,1.1679999999999999E-09,-2.5E-13,3.2536E-07,-3.2524E-07
0.305,0,-1.3585E-09,1.2359E-09,3.1000000000000004E-13,3.253E-07,-3.2522E-07
0.31,0,-1.43E-09,1.3133E-09,-6.3E-13,3.254E-07,-3.2524E-07
0.315,0,-1.5097E-09,1.3908E-09,-1.1600000000000001E-12,3.2536E-07,-3.2524E-07
0.32,0,-1.5958E-09,1.471E-09,-3.5E-13,3.2536E-07,-3.2524E-07
0.325,0,-1.6742999999999999E-09,1.5594E-09,-5.8000000000000005E-13,3.254E-07,-3.2518E-07
0.33,0,-1.7654E-09,1.6522E-09,-1.5300000000000001E-12,3.253E-07,-3.2524E-07
0.335,0,-1.8686E-09,1.7463E-09,-1.1900000000000002E-12,3.2534E-07,-3.252E-07
0.34,0,-1.9697E-09,1.8481E-09,4.6000000000000006E-13,3.253E-07,-3.2514E-07
0.34500000000000003,0,-2.0753E-09,1.9586E-09,-6.9000000000000009E-13,3.253E-07,-3.2518E-07
0.35000000000000003,0,-2.1914E-09,2.0716E-09,-7.9000000000000007E-13,3.2534E-07,-3.2518E-07
0.35500000000000004,0,-2.3099E-09,2.1868E-09,-6.400000000000001E-13,3.253E-07,-3.2522E-07
0.36000000000000004,0,-2.43E-09,2.3152E-09,8.9E-13,3.253E-07,-3.252E-07
0.365,0,-2.5595E-09,2.4469E-09,-5.8000000000000005E-13,3.2532E-07,-3.252E-07
0.37,0,-2.7029E-09,2.5858E-09,-5.5000000000000008E-13,3.2532E-07,-3.2522E-07
0.375,0,-2.853E-09,2.7266E-09,-1.8000000000000002E-13,3.2536E-07,-3.2524E-07
0.38,0,-2.9987E-09,2.8816E-09,-8.0000000000000013E-14,3.254E-07,-3.2528E-07
0.385,0,-3.1706E-09,3.0561E-09,-1.3800000000000002E-12,3.2534E-07,-3.252E-07
0.39,0,-3.3297E-09,3.2082E-09,-1.0600000000000001E-12,3.2532E-07,-3.2518E-07
0.395,0,-3.5006E-09,3.3807E-09,4.1E-13,3.253E-07,-3.2518E-07
0.4,0,-3.6847E-09,3.5698E-09,-3.7000000000000004E-13,3.253E-07,-3.2518E-07
0.405,0,-3.8765E-09,3.7607E-09,-1.46E-12,3.2538E-07,-3.253E-07
0.41000000000000003,0,-4.0844E-09,3.9629E-09,-4.9E-13,3.2534E-07,-3.2524E-07
0.41500000000000004,0,-4.2857E-09,4.1734E-09,1.1000000000000001E-13,3.2534E-07,-3.2524E-07
0.42000000000000004,0,-4.518E-09,4.4123E-09,-1E-12,3.2536E-07,-3.2526E-07
0.42500000000000004,0,-4.7594E-09,4.641E-09,-1.4300000000000002E-12,3.2534E-07,-3.2526E-07
0.43,0,-4.9857E-09,4.8687E-09,-1E-13,3.2538E-07,-3.2528E-07
0.435,0,-5.2287E-09,5.1205E-09,2.1000000000000001E-13,3.2536E-07,-3.2532E-07
0.44,0,-5.5029E-09,5.3863E-09,-2.2000000000000002E-13,3.2536E-07,-3.2528E-07
0.445,0,-5.7772E-09,5.6539E-09,-7.9000000000000007E-13,3.2534E-07,-3.2524E-07
0.45,0,-6.0691E-09,5.9454E-09,3.0000000000000003E-13,3.253E-07,-3.2514E-07
0.455,0,-6.3576E-09,6.2432E-09,-7.6000000000000009E-13,3.2524E-07,-3.2518E-07
0.46,0,-6.6745E-09,6.559E-09,-8E-13,3.2534E-07,-3.252E-07
0.465,0,-7.0046E-09,6.8811E-09,-7.2000000000000006E-13,3.2526E-07,-3.2518E-07
0.47000000000000003,0,-7.3427E-09,7.2299E-09,2.5E-13,3.253E-07,-3.2518E-07
0.47500000000000003,0,-7.6914E-09,7.5738E-09,-6.400000000000001E-13,3.253E-07,-3.252E-07
0.48000000000000004,0,-8.0687E-09,7.9548E-09,-7.9000000000000007E-13,3.253E-07,-3.2518E-07
0.48500000000000004,0,-8.4477E-09,8.3344E-09,-3.8000000000000005E-13,3.2536E-07,-3.252E-07
0.49000000000000005,0,-8.8387E-09,8.7299E-09,-2.2000000000000002E-13,3.2536E-07,-3.252E-07
0.49500000000000005,0,-9.2588E-09,9.1459E-09,-1.37E-12,3.2536E-07,-3.2526E-07
0.5,0,-9.6903E-09,9.5715E-09,-5.5000000000000008E-13,3.253E-07,-3.2524E-07
0.505,0,-1.01358E-08,1.00244E-08,5.4E-13,3.2534E-07,-3.2516E-07
0.51,0,-1.06058E-08,1.04977E-08,-8.2E-13,3.254E-07,-3.252E-07
0.515,0,-1.11083E-08,1.09768E-08,-1.45E-12,3.253E-07,-3.2518E-07
0.52,0,-1.15974E-08,1.1494799999999999E-08,-2.0000000000000003E-14,3.2534E-07,-3.2514E-07
0.525,0,-1.2118199999999999E-08,1.2042399999999998E-08,-9.1000000000000016E-13,3.2528E-07,-3.2512E-07
0.53,0,-1.2684799999999998E-08,1.2598599999999999E-08,-1.23E-12,3.2526E-07,-3.2512E-07
0.535,0,-1.3247799999999998E-08,1.3148799999999998E-08,-1.18E-12,3.2528E-07,-3.2518E-07
0.54,0,-1.3863399999999998E-08,1.3745799999999999E-08,-1.1600000000000001E-12,3.253E-07,-3.2514E-07
0.545,0,-1.4457999999999998E-08,1.4377599999999998E-08,-8.1000000000000008E-13,3.2524E-07,-3.2514E-07
0.55,0,-1.51096E-08,1.5001999999999998E-08,-5.6E-13,3.2522E-07,-3.2516E-07
0.555,0,-1.5760799999999997E-08,1.5659599999999997E-08,-9.9E-13,3.2528E-07,-3.251E-07
0.56,0,-1.64724E-08,1.6362799999999998E-08,-7E-13,3.2528E-07,-3.2514E-07
0.56500000000000006,0,-1.71988E-08,1.7082799999999997E-08,-1.5200000000000002E-12,3.2528E-07,-3.2512E-07
0.57000000000000006,0,-1.7945399999999998E-08,1.78616E-08,-6.5000000000000006E-13,3.2526E-07,-3.2514E-07
0.57500000000000007,0,-1.8724199999999997E-08,1.8634999999999998E-08,-8.1000000000000008E-13,3.2528E-07,-3.252E-07
0.58000000000000007,0,-1.95342E-08,1.9440799999999998E-08,-5.5000000000000008E-13,3.2528E-07,-3.2522E-07
0.58500000000000008,0,-2.03906E-08,2.0277799999999997E-08,-8.7E-13,3.2526E-07,-3.2516E-07
0.59000000000000008,0,-2.1282399999999997E-08,2.1170199999999998E-08,-7.8000000000000011E-13,3.2522E-07,-3.251E-07
0.595,0,-2.2190399999999997E-08,2.2085599999999998E-08,-6.1E-13,3.2528E-07,-3.2518E-07
0.6,0,-2.3151199999999998E-08,2.3061799999999997E-08,-3.9000000000000005E-13,3.2532E-07,-3.2512E-07
0.605,0,-2.4129799999999997E-08,2.4029999999999997E-08,-4.1E-13,3.2524E-07,-3.2518E-07
0.61,0,-2.5193399999999998E-08,2.5073999999999997E-08,-2.5E-13,3.2518E-07,-3.2514E-07
0.615,0,-2.6246599999999998E-08,2.6154999999999998E-08,-6.0000000000000007E-13,3.2524E-07,-3.2514E-07
0.62,0,-2.73824E-08,2.7299E-08,-2.2000000000000002E-13,3.2528E-07,-3.2518E-07
0.625,0,-2.8568399999999997E-08,2.8451399999999996E-08,1E-13,3.2526E-07,-3.252E-07
0.63,0,-2.97888E-08,2.9687199999999997E-08,-2.2000000000000002E-13,3.2518E-07,-3.2516E-07
0.635,0,-3.10262E-08,3.09526E-08,3.0000000000000005E-14,3.253E-07,-3.2518E-07
0.64,0,-3.2380599999999995E-08,3.22918E-08,-1E-13,3.2528E-07,-3.2514E-07
0.645,0,-3.37776E-08,3.3668399999999996E-08,-7E-14,3.2518E-07,-3.251E-07
0.65,0,-3.52266E-08,3.5117199999999994E-08,-5.9E-13,3.2526E-07,-3.2508E-07
0.655,0,-3.6734199999999994E-08,3.6612199999999995E-08,-3.4E-13,3.2524E-07,-3.2512E-07
0.66,0,-3.83624E-08,3.8258199999999995E-08,2.3000000000000003E-13,3.2526E-07,-3.2518E-07
0.665,0,-4.0003199999999995E-08,3.9896999999999997E-08,-8.6000000000000007E-13,3.2524E-07,-3.2514E-07
0.67,0,-4.1730799999999994E-08,4.1633799999999997E-08,-1.5E-12,3.2522E-07,-3.2512E-07
0.675,0,-4.3522E-08,4.3434199999999995E-08,-5.6E-13,3.2522E-07,-3.2516E-07
0.68,0,-4.54042E-08,4.5285399999999993E-08,-8.8000000000000009E-13,3.2526E-07,-3.2508E-07
0.685,0,-4.7346799999999996E-08,4.72334E-08,-9.3E-13,3.2526E-07,-3.2514E-07
0.69000000000000006,0,-4.9469E-08,4.9324799999999996E-08,-4.5000000000000005E-13,3.2524E-07,-3.2514E-07
0.69500000000000006,0,-5.1591999999999996E-08,5.1482999999999992E-08,-1.07E-12,3.2524E-07,-3.2514E-07
0.70000000000000007,0,-5.3863599999999997E-08,5.3762199999999993E-08,-1.2000000000000001E-12,3.253E-07,-3.2514E-07
0.70500000000000007,0,-5.6197199999999994E-08,5.6103399999999991E-08,-6.7000000000000007E-13,3.2536E-07,-3.2512E-07
0.71000000000000008,0,-5.86644E-08,5.8568399999999994E-08,1.5000000000000002E-13,3.2524E-07,-3.2514E-07
0.71500000000000008,0,-6.1191E-08,6.1131399999999988E-08,-4.9E-13,3.2528E-07,-3.251E-07
0.72000000000000008,0,-6.39546E-08,6.3852199999999993E-08,-9.8E-13,3.253E-07,-3.2524E-07
0.72500000000000009,0,-6.67598E-08,6.66356E-08,-1.27E-12,3.2526E-07,-3.2516E-07
0.73,0,-6.96924E-08,6.95928E-08,-1.0500000000000002E-12,3.2532E-07,-3.2506E-07
0.735,0,-7.28168E-08,7.26816E-08,-4.3000000000000004E-13,3.2524E-07,-3.252E-07
0.74,0,-7.6017E-08,7.5926799999999991E-08,-7.6000000000000009E-13,3.2528E-07,-3.2518E-07
0.745,0,-7.9454199999999989E-08,7.9352599999999988E-08,-7.100000000000001E-13,3.2522E-07,-3.2514E-07
0.75,0,-8.29566E-08,8.28822E-08,-1.41E-12,3.2528E-07,-3.252E-07
0.755,0,-8.67452E-08,8.66394E-08,-7.3E-13,3.253E-07,-3.2516E-07
0.76,0,-9.0550999999999988E-08,9.0478599999999991E-08,-6.6E-13,3.253E-07,-3.2518E-07
0.765,0,-9.4706799999999991E-08,9.460079999999999E-08,-3.7000000000000004E-13,3.2528E-07,-3.2524E-07
0.77,0,-9.9098399999999987E-08,9.8997799999999987E-08,-3.4E-13,3.2532E-07,-3.252E-07
0.775,0,-1.0364519999999998E-07,1.0354939999999999E-07,-4.3000000000000004E-13,3.2534E-07,-3.2518E-07
0.78,0,-1.083024E-07,1.0824679999999999E-07,-6.3E-13,3.2534E-07,-3.2522E-07
0.785,0,-1.1338079999999999E-07,1.1327379999999999E-07,-4.9E-13,3.2528E-07,-3.2518E-07
0.79,0,-1.1862E-07,1.1854E-07,-6.3E-13,3.254E-07,-3.2516E-07
0.795,0,-1.2416E-07,1.2404E-07,-8.8000000000000009E-13,3.253E-07,-3.252E-07
0.8,0,-1.2982E-07,1.297E-07,-5.2E-13,3.252E-07,-3.2512E-07
0.805,0,-1.3596E-07,1.3586E-07,-3.6000000000000003E-13,3.2536E-07,-3.252E-07
0.81,0,-1.423E-07,1.4214E-07,-7.9000000000000007E-13,3.2534E-07,-3.252E-07
0.81500000000000006,0,-1.49E-07,1.4891999999999999E-07,-1.14E-12,3.2528E-07,-3.2518E-07
0.82000000000000006,0,-1.56E-07,1.5584E-07,1.6000000000000003E-13,3.2528E-07,-3.2518E-07
0.82500000000000007,0,-1.6348E-07,1.6338E-07,-7.8000000000000011E-13,3.252E-07,-3.2508E-07
0.83000000000000007,0,-1.7118E-07,1.7102E-07,-1.3300000000000002E-12,3.2518E-07,-3.251E-07
0.83500000000000008,0,-1.7946E-07,1.793E-07,2.0000000000000003E-14,3.2518E-07,-3.2506E-07
0.84000000000000008,0,-1.8798E-07,1.878E-07,-1.8000000000000002E-13,3.2522E-07,-3.2506E-07
0.84500000000000008,0,-1.9708E-07,1.9688E-07,-1.08E-12,3.2522E-07,-3.2514E-07
0.85000000000000009,0,-2.0648E-07,2.0642E-07,-1.26E-12,3.2516E-07,-3.2514E-07
0.85500000000000009,0,-2.1663999999999999E-07,2.1654E-07,2.5E-13,3.252E-07,-3.2512E-07
0.86,0,-2.27E-07,2.2702E-07,-2.2000000000000002E-13,3.253E-07,-3.2518E-07
0.865,0,-2.3832E-07,2.3808E-07,-7E-13,3.2528E-07,-3.2514E-07
0.87,0,-2.497E-07,2.497E-07,-3.7000000000000004E-13,3.2534E-07,-3.2518E-07
0.875,0,-2.619E-07,2.6182E-07,1.3E-13,3.2528E-07,-3.2514E-07
0.88,0,-2.7498E-07,2.7494E-07,-1.14E-12,3.2528E-07,-3.2516E-07
0.885,0,-2.8849999999999997E-07,2.8844E-07,-1.31E-12,3.2528E-07,-3.2518E-07
0.89,0,-3.0298E-07,3.0284E-07,-5.3000000000000006E-13,3.2528E-07,-3.252E-07
0.895,0,-3.1786E-07,3.1772E-07,-1.1000000000000002E-12,3.2534E-07,-3.252E-07
0.9,0,-3.338E-07,3.3362E-07,-1.0600000000000001E-12,3.2528E-07,-3.252E-07
-0.3,0.01,1.2764E-09,-4.9087E-09,-1.03E-12,3.2524E-07,-3.2166E-07
-0.29500000000000004,0.01,1.2065E-09,-4.495E-09,-4.9E-13,3.2536E-07,-3.2212E-07
-0.29000000000000004,0.01,1.1594E-09,-4.1182E-09,4.9E-13,3.253E-07,-3.2234E-07
-0.28500000000000003,0.01,1.1204E-09,-3.7759E-09,-5.7E-13,3.253E-07,-3.226E-07
-0.28,0.01,1.0707E-09,-3.4641E-09,-8.8000000000000009E-13,3.253E-07,-3.2294E-07
-0.275,0.01,1.0202E-09,-3.1869E-09,-1.51E-12,3.2528E-07,-3.2306E-07
-0.27,0.01,9.7368E-10,-2.9282E-09,-4.8000000000000008E-13,3.2536E-07,-3.234E-07
-0.265,0.01,9.435E-10,-2.6958E-09,-2.1000000000000001E-13,3.253E-07,-3.2358E-07
-0.26,0.01,9.116E-10,-2.4842E-09,-1.18E-12,3.2536E-07,-3.2362E-07
-0.255,0.01,8.6224000000000012E-10,-2.2913E-09,-5.8000000000000005E-13,3.2522E-07,-3.238E-07
-0.25,0.01,8.2936E-10,-2.1178E-09,-1.6000000000000003E-13,3.2522E-07,-3.2394E-07
-0.24500000000000002,0.01,8.0461000000000008E-10,-1.9561E-09,-2.9000000000000003E-13,3.2522E-07,-3.2404E-07
-0.24000000000000002,0.01,7.6434000000000007E-10,-1.8102E-09,-1.2000000000000002E-13,3.2522E-07,-3.2412E-07
-0.23500000000000001,0.01,7.2294000000000009E-10,-1.6784E-09,-1.2000000000000002E-13,3.2522E-07,-3.2424E-07
-0.23,0.01,7.013E-10,-1.5565E-09,5E-14,3.252E-07,-3.244E-07
-0.225,0.01,6.6940000000000009E-10,-1.4416E-09,-5.3000000000000006E-13,3.2522E-07,-3.2446E-07
-0.22,0.01,6.344E-10,-1.3425E-09,-7.6000000000000009E-13,3.2524E-07,-3.2452E-07
-0.215,0.01,6.082800000000001E-10,-1.247E-09,-1.3E-13,3.2524E-07,-3.246E-07
-0.21000000000000002,0.01,5.8803000000000009E-10,-1.1602E-09,-1.7E-13,3.2518E-07,-3.247E-07
-0.20500000000000002,0.01,5.5495E-10,-1.0798E-09,-7.4000000000000008E-13,3.2524E-07,-3.2466E-07
-0.2,0.01,5.2508E-10,-1.0087E-09,-6.2000000000000008E-13,3.252E-07,-3.2474E-07
-0.195,0.01,5.0806E-10,-9.3877E-10,-1.64E-12,3.2522E-07,-3.2478E-07
-0.19,0.01,4.8617E-10,-8.7706000000000007E-10,-7.3E-13,3.2526E-07,-3.2488E-07
-0.185,0.01,4.5655000000000004E-10,-8.2212000000000005E-10,-1.7E-13,3.2526E-07,-3.2488E-07
-0.18000000000000002,0.01,4.3696E-10,-7.6776E-10,-9.0000000000000008E-14,3.2524E-07,-3.2494E-07
-0.17500000000000002,0.01,4.1472000000000004E-10,-7.1660000000000009E-10,-1.0100000000000001E-12,3.2528E-07,-3.249E-07
-0.17,0.01,3.9226000000000005E-10,-6.740300000000001E-10,-7.100000000000001E-13,3.2526E-07,-3.2494E-07
-0.165,0.01,3.8190000000000005E-10,-6.3095000000000008E-10,-1.9000000000000002E-13,3.252E-07,-3.249E-07
-0.16,0.01,3.6258E-10,-5.8906E-10,-7.4000000000000008E-13,3.252E-07,-3.2498E-07
-0.155,0.01,3.3228E-10,-5.5197E-10,-1.21E-12,3.2524E-07,-3.2494E-07
-0.15,0.01,3.1225000000000003E-10,-5.2044E-10,2.5E-13,3.2528E-07,-3.2498E-07
-0.14500000000000002,0.01,2.9713000000000004E-10,-4.8560000000000006E-10,-2E-13,3.2518E-07,-3.2504E-07
-0.14,0.01,2.793E-10,-4.5486E-10,-7.3E-13,3.252E-07,-3.2502E-07
-0.135,0.01,2.5815000000000003E-10,-4.2856E-10,-1.0600000000000001E-12,3.2522E-07,-3.2504E-07
-0.13,0.01,2.5107000000000004E-10,-4.0149000000000003E-10,8.0000000000000013E-14,3.252E-07,-3.2508E-07
-0.125,0.01,2.3279000000000003E-10,-3.7465000000000005E-10,-6.2000000000000008E-13,3.2516E-07,-3.2504E-07
-0.12000000000000001,0.01,2.1136E-10,-3.5127E-10,-5.5000000000000008E-13,3.2518E-07,-3.2506E-07
-0.115,0.01,1.9951000000000002E-10,-3.3035E-10,-4.0000000000000006E-14,3.2518E-07,-3.2502E-07
-0.11,0.01,1.9121E-10,-3.0735000000000003E-10,-4.6000000000000006E-13,3.2516E-07,-3.2512E-07
-0.10500000000000001,0.01,1.7316000000000003E-10,-2.8571000000000004E-10,2.0000000000000003E-14,3.2528E-07,-3.2514E-07
-0.1,0.01,1.5437E-10,-2.6851000000000004E-10,-1E-13,3.2524E-07,-3.252E-07
-0.095,0.01,1.4561E-10,-2.4878000000000004E-10,2.6E-13,3.253E-07,-3.2524E-07
-0.090000000000000011,0.01,1.315E-10,-2.2999000000000003E-10,-9.9E-13,3.2526E-07,-3.2516E-07
-0.085,0.01,1.0313000000000001E-10,-2.1423000000000002E-10,-7.5E-13,3.253E-07,-3.2514E-07
-0.08,0.01,9.939E-11,-1.9858000000000003E-10,2.0000000000000003E-14,3.2526E-07,-3.2508E-07
-0.075,0.01,9.187E-11,-1.8127E-10,-7.7000000000000005E-13,3.2524E-07,-3.2512E-07
-0.07,0.01,7.304E-11,-1.6558E-10,-1.03E-12,3.2516E-07,-3.2504E-07
-0.065,0.01,5.961E-11,-1.5376000000000002E-10,-4.7E-13,3.2524E-07,-3.2514E-07
-0.060000000000000005,0.01,5.67E-11,-1.3791000000000002E-10,-3.2000000000000005E-13,3.2524E-07,-3.2518E-07
-0.055,0.01,3.8370000000000006E-11,-1.245E-10,-1.45E-12,3.2528E-07,-3.252E-07
-0.05,0.01,2.651E-11,-1.1331000000000001E-10,-6.0000000000000007E-13,3.2526E-07,-3.2522E-07
-0.045000000000000005,0.01,1.721E-11,-1.0187E-10,-1.2000000000000002E-13,3.253E-07,-3.2516E-07
-0.04,0.01,9.3800000000000008E-12,-8.88E-11,-1.6700000000000002E-12,3.2534E-07,-3.2524E-07
-0.035,0.01,-6.2400000000000009E-12,-7.918E-11,-7.3E-13,3.2528E-07,-3.2518E-07
-0.030000000000000002,0.01,-1.2860000000000001E-11,-7.061E-11,-6.7000000000000007E-13,3.2528E-07,-3.2518E-07
-0.025,0.01,-1.581E-11,-5.858E-11,-1.26E-12,3.2518E-07,-3.2512E-07
-0.02,0.01,-3.146E-11,-4.971E-11,-1.4400000000000001E-12,3.2518E-07,-3.2512E-07
-0.015000000000000001,0.01,-3.919E-11,-4.232E-11,-7.100000000000001E-13,3.252E-07,-3.2514E-07
-0.01,0.01,-3.7600000000000005E-11,-3.408E-11,3.0000000000000005E-14,3.2524E-07,-3.2514E-07
-0.005,0.01,-4.9910000000000005E-11,-2.4640000000000002E-11,-7E-13,3.2518E-07,-3.2508E-07
0,0.01,-6.209E-11,-1.952E-11,-7.5E-13,3.2524E-07,-3.251E-07
0.005,0.01,-6.308E-11,-1.1430000000000001E-11,1.9000000000000002E-13,3.2512E-07,-3.2508E-07
0.01,0.01,-6.6240000000000009E-11,-3.5700000000000003E-12,-9.3E-13,3.2514E-07,-3.2512E-07
0.015000000000000001,0.01,-7.892000000000001E-11,3.1100000000000003E-12,-1.1500000000000002E-12,3.2522E-07,-3.2506E-07
0.02,0.01,-8.7610000000000008E-11,7.3800000000000013E-12,-9.2000000000000012E-13,3.2522E-07,-3.2514E-07
0.025,0.01,-8.5260000000000011E-11,1.4090000000000002E-11,-8.4000000000000006E-13,3.2522E-07,-3.2512E-07
0.030000000000000002,0.01,-9.402E-11,2.194E-11,-1.6300000000000001E-12,3.2516E-07,-3.252E-07
0.035,0.01,-1.0520000000000001E-10,2.4590000000000002E-11,-4.3000000000000004E-13,3.252E-07,-3.2508E-07
0.04,0.01,-1.0724000000000001E-10,3.0610000000000005E-11,1.5000000000000002E-13,3.2518E-07,-3.2512E-07
0.045000000000000005,0.01,-1.0407000000000001E-10,3.791E-11,-8.1000000000000008E-13,3.2522E-07,-3.2508E-07
0.05,0.01,-1.1463000000000001E-10,4.199E-11,-1.08E-12,3.2522E-07,-3.2512E-07
0.055,0.01,-1.2095E-10,4.719E-11,-4.4000000000000004E-13,3.2522E-07,-3.2514E-07
0.060000000000000005,0.01,-1.2429000000000002E-10,5.4530000000000005E-11,2.5E-13,3.252E-07,-3.2516E-07
0.065,0.01,-1.3191E-10,6.052E-11,-1.2500000000000001E-12,3.2522E-07,-3.2512E-07
0.07,0.01,-1.47E-10,6.449E-11,1.5000000000000002E-13,3.2526E-07,-3.2516E-07
0.075,0.01,-1.4421E-10,7.036E-11,6.9000000000000009E-13,3.252E-07,-3.2512E-07
0.08,0.01,-1.4671E-10,7.805E-11,-2.3000000000000003E-13,3.2524E-07,-3.2518E-07
0.085,0.01,-1.6163000000000002E-10,8.2700000000000009E-11,3.6000000000000003E-13,3.2522E-07,-3.2518E-07
0.090000000000000011,0.01,-1.6479E-10,8.9010000000000011E-11,8.0000000000000013E-14,3.252E-07,-3.251E-07
0.095,0.01,-1.6602E-10,9.6960000000000007E-11,-6.6E-13,3.2518E-07,-3.251E-07
0.1,0.01,-1.7406000000000002E-10,1.0436E-10,-9.1000000000000016E-13,3.2522E-07,-3.2514E-07
0.10500000000000001,0.01,-1.8416000000000001E-10,1.0898000000000001E-10,-2.1000000000000001E-13,3.2524E-07,-3.2508E-07
0.11,0.01,-1.8489000000000002E-10,1.1696E-10,1.3E-13,3.2522E-07,-3.251E-07
0.115,0.01,-1.9287000000000003E-10,1.2696000000000002E-10,-3.7000000000000004E-13,3.2522E-07,-3.2506E-07
0.12000000000000001,0.01,-2.1329000000000002E-10,1.3138000000000002E-10,-9.3E-13,3.2516E-07,-3.2516E-07
0.125,0.01,-2.1608000000000002E-10,1.4013E-10,-1.9000000000000002E-13,3.2518E-07,-3.2508E-07
0.13,0.01,-2.2213E-10,1.5073E-10,-5.4E-13,3.2522E-07,-3.2504E-07
0.135,0.01,-2.3761E-10,1.6003000000000002E-10,-8.7E-13,3.2518E-07,-3.2512E-07
0.14,0.01,-2.4809E-10,1.6710000000000002E-10,3.1000000000000004E-13,3.2524E-07,-3.2514E-07
0.14500000000000002,0.01,-2.4829000000000003E-10,1.7966E-10,-2.7E-13,3.2528E-07,-3.2516E-07
0.15,0.01,-2.6046E-10,1.9004000000000002E-10,-6.8E-13,3.2516E-07,-3.251E-07
0.155,0.01,-2.7520000000000004E-10,1.9896E-10,-1.08E-12,3.2524E-07,-3.2518E-07
0.16,0.01,-2.7927E-10,2.1031000000000002E-10,-9.0000000000000008E-14,3.2524E-07,-3.2516E-07
0.165,0.01,-2.938E-10,2.2431000000000003E-10,-1.3400000000000002E-12,3.2524E-07,-3.2512E-07
0.17,0.01,-3.1141E-10,2.358E-10,-8.1000000000000008E-13,3.2522E-07,-3.2508E-07
0.17500000000000002,0.01,-3.2327E-10,2.4771E-10,2.0000000000000003E-14,3.252E-07,-3.2512E-07
0.18000000000000002,0.01,-3.3517000000000004E-10,2.6326000000000003E-10,-5.6E-13,3.252E-07,-3.2512E-07
0.185,0.01,-3.5185000000000003E-10,2.7907E-10,4.0000000000000006E-14,3.2516E-07,-3.2514E-07
0.19,0.01,-3.6891E-10,2.9202000000000004E-10,-3.5E-13,3.2518E-07,-3.2512E-07
0.195,0.01,-3.7783000000000003E-10,3.0978000000000004E-10,-3.0000000000000003E-13,3.2518E-07,-3.2518E-07
0.2,0.01,-3.9844E-10,3.2746E-10,-9.9E-13,3.2518E-07,-3.2514E-07
0.20500000000000002,0.01,-4.2169E-10,3.4351000000000004E-10,-6.1E-13,3.252E-07,-3.2518E-07
0.21000000000000002,0.01,-4.3586000000000003E-10,3.6216E-10,-4.4000000000000004E-13,3.2522E-07,-3.2512E-07
0.215,0.01,-4.5491000000000003E-10,3.8517E-10,-5.4E-13,3.2524E-07,-3.2514E-07
0.22,0.01,-4.8136000000000008E-10,4.0514E-10,-7.6000000000000009E-13,3.2518E-07,-3.2514E-07
0.225,0.01,-5.1144E-10,4.2795000000000006E-10,-3.1000000000000004E-13,3.2522E-07,-3.2512E-07
0.23,0.01,-5.2088000000000007E-10,4.5331000000000006E-10,-8.6000000000000007E-13,3.2524E-07,-3.2514E-07
0.23500000000000001,0.01,-5.536E-10,4.8025000000000007E-10,-9.6000000000000015E-13,3.2522E-07,-3.2508E-07
0.24000000000000002,0.01,-5.8402E-10,5.0763E-10,-5E-13,3.2516E-07,-3.2516E-07
0.24500000000000002,0.01,-6.0785E-10,5.3747E-10,-6.5000000000000006E-13,3.2524E-07,-3.251E-07
0.25,0.01,-6.4224E-10,5.7051E-10,-1.4300000000000002E-12,3.2522E-07,-3.2516E-07
0.255,0.01,-6.8194E-10,6.0501000000000006E-10,-4.2000000000000003E-13,3.2518E-07,-3.2512E-07
0.26,0.01,-7.1562000000000006E-10,6.3883000000000006E-10,-2.2000000000000002E-13,3.2524E-07,-3.2516E-07
0.265,0.01,-7.4468000000000006E-10,6.8068000000000007E-10,-7E-13,3.2518E-07,-3.2514E-07
0.27,0.01,-7.895E-10,7.214E-10,-1.3000000000000001E-12,3.2528E-07,-3.2512E-07
0.275,0.01,-8.3951E-10,7.6527000000000009E-10,-5.7E-13,3.2518E-07,-3.2512E-07
0.28,0.01,-8.834400000000001E-10,8.1425000000000006E-10,-4.2000000000000003E-13,3.252E-07,-3.251E-07
0.28500000000000003,0.01,-9.4112000000000016E-10,8.6484000000000009E-10,-9.3E-13,3.2524E-07,-3.2514E-07
0.29000000000000004,0.01,-9.9209E-10,9.1493000000000007E-10,3.7000000000000004E-13,3.2518E-07,-3.2506E-07
0.29500000000000004,0.01,-1.04915E-09,9.7134E-10,1E-13,3.2524E-07,-3.2514E-07
0.3,0.01,-1.1008500000000002E-09,1.03256E-09,-3.6000000000000003E-13,3.2524E-07,-3.2524E-07
0.305,0.01,-1.1637E-09,1.0969400000000001E-09,-1.41E-12,3.2514E-07,-3.2518E-07
0.31,0.01,-1.2458E-09,1.1638E-09,-9.4E-13,3.2518E-07,-3.2518E-07
0.315,0.01,-1.3013E-09,1.2318E-09,-1.1900000000000002E-12,3.2522E-07,-3.2512E-07
0.32,0.01,-1.3863E-09,1.3042E-09,-1.0600000000000001E-12,3.2512E-07,-3.2508E-07
0.325,0.01,-1.457E-09,1.3849E-09,-8.1000000000000008E-13,3.2518E-07,-3.251E-07
0.33,0.01,-1.5392E-09,1.4679E-09,-8.6000000000000007E-13,3.252E-07,-3.2518E-07
0.335,0.01,-1.6305E-09,1.5509E-09,-7.4000000000000008E-13,3.2522E-07,-3.2512E-07
0.34,0.01,-1.7145E-09,1.6436E-09,-4.7E-13,3.2522E-07,-3.2514E-07
0.34500000000000003,0.01,-1.8082E-09,1.7407E-09,-2.5E-13,3.2522E-07,-3.2516E-07
0.35000000000000003,0.01,-1.9158E-09,1.8447E-09,-7E-13,3.2518E-07,-3.2506E-07
0.35500000000000004,0.01,-2.0211E-09,1.9476E-09,-4.1E-13,3.2516E-07,-3.2514E-07
0.36000000000000004,0.01,-2.1292E-09,2.0614E-09,3.8000000000000005E-13,3.252E-07,-3.2506E-07
0.365,0.01,-2.2537E-09,2.1808E-09,-5E-13,3.2518E-07,-3.2514E-07
0.37,0.01,-2.3783E-09,2.3044E-09,-5E-13,3.2514E-07,-3.2512E-07
0.375,0.01,-2.5098E-09,2.435E-09,1E-13,3.252E-07,-3.2502E-07
0.38,0.01,-2.6421E-09,2.5748E-09,1.0000000000000002E-14,3.2516E-07,-3.2514E-07
0.385,0.01,-2.7906E-09,2.7201E-09,-1.5400000000000001E-12,3.2512E-07,-3.2512E-07
0.39,0.01,-2.9444E-09,2.8727E-09,-1.0600000000000001E-12,3.2524E-07,-3.2512E-07
0.395,0.01,-3.1051E-09,3.0321E-09,-3.7000000000000004E-13,3.2518E-07,-3.2522E-07
0.4,0.01,-3.2692E-09,3.2008E-09,-9.4E-13,3.2516E-07,-3.2506E-07
0.405,0.01,-3.4462E-09,3.3746E-09,-1.2900000000000002E-12,3.252E-07,-3.2508E-07
0.41000000000000003,0.01,-3.631E-09,3.5551E-09,1.3E-13,3.2514E-07,-3.2512E-07
0.41500000000000004,0.01,-3.8146E-09,3.749E-09,-6.3E-13,3.2522E-07,-3.2506E-07
0.42000000000000004,0.01,-4.0203E-09,3.9563E-09,-1.36E-12,3.2512E-07,-3.2506E-07
0.42500000000000004,0.01,-4.2352E-09,4.1637E-09,-5.5000000000000008E-13,3.2522E-07,-3.2508E-07
0.43,0.01,-4.4624E-09,4.3845E-09,-1.9000000000000002E-13,3.2516E-07,-3.2508E-07
0.435,0.01,-4.684E-09,4.6146E-09,-4.2000000000000003E-13,3.252E-07,-3.2512E-07
0.44,0.01,-4.9282E-09,4.8601E-09,-1.1000000000000002E-12,3.2512E-07,-3.2506E-07
0.445,0.01,-5.185E-09,5.1098E-09,-7.100000000000001E-13,3.2516E-07,-3.2512E-07
0.45,0.01,-5.4466E-09,5.371E-09,-5E-14,3.251E-07,-3.2506E-07
0.455,0.01,-5.7108E-09,5.6481999999999996E-09,-3.3E-13,3.2516E-07,-3.2508E-07
0.46,0.01,-6.01E-09,5.9379E-09,-2.9000000000000003E-13,3.2514E-07,-3.2514E-07
0.465,0.01,-6.3081E-09,6.2339E-09,1.4E-13,3.252E-07,-3.2508E-07
0.47000000000000003,0.01,-6.6134E-09,6.5459E-09,1.6000000000000003E-13,3.2522E-07,-3.251E-07
0.47500000000000003,0.01,-6.9346E-09,6.8713E-09,-9.7000000000000011E-13,3.252E-07,-3.2514E-07
0.48000000000000004,0.01,-7.2833E-09,7.2072E-09,2.4000000000000004E-13,3.251E-07,-3.2502E-07
0.48500000000000004,0.01,-7.6379E-09,7.5613E-09,2.2000000000000002E-13,3.2518E-07,-3.2502E-07
0.49000000000000005,0.01,-7.9976E-09,7.9308E-09,-1.09E-12,3.2518E-07,-3.2512E-07
0.49500000000000005,0.01,-8.3824E-09,8.3127E-09,-1.1100000000000001E-12,3.2512E-07,-3.2506E-07
0.5,0.01,-8.7921E-09,8.7175E-09,-9.7000000000000011E-13,3.2516E-07,-3.2514E-07
0.505,0.01,-9.1976E-09,9.1256E-09,-4.9E-13,3.2518E-07,-3.2506E-07
0.51,0.01,-9.6249E-09,9.5609E-09,-6.2000000000000008E-13,3.2518E-07,-3.2514E-07
0.515,0.01,-1.00825E-08,1.00058E-08,-1.3000000000000001E-12,3.2518E-07,-3.2512E-07
0.52,0.01,-1.05494E-08,1.04774E-08,-1.03E-12,3.2518E-07,-3.251E-07
0.525,0.01,-1.10225E-08,1.09679E-08,1.4E-13,3.2518E-07,-3.2508E-07
0.53,0.01,-1.1543799999999998E-08,1.1481999999999998E-08,-3.0000000000000005E-14,3.2512E-07,-3.2506E-07
0.535,0.01,-1.2067199999999999E-08,1.2007799999999998E-08,-1.2000000000000002E-13,3.2518E-07,-3.2506E-07
0.54,0.01,-1.26072E-08,1.2564199999999998E-08,-2.7E-13,3.2518E-07,-3.2512E-07
0.545,0.01,-1.3175399999999999E-08,1.3121199999999998E-08,-6.0000000000000007E-13,3.2514E-07,-3.2514E-07
0.55,0.01,-1.3771199999999999E-08,1.3717999999999999E-08,5E-14,3.2524E-07,-3.2512E-07
0.555,0.01,-1.4389999999999999E-08,1.4328999999999999E-08,4.9E-13,3.2516E-07,-3.2512E-07
0.56,0.01,-1.5024999999999997E-08,1.49776E-08,-4.0000000000000006E-14,3.2518E-07,-3.2508E-07
0.56500000000000006,0.01,-1.5704999999999997E-08,1.5645E-08,-8.4000000000000006E-13,3.2516E-07,-3.2514E-07
0.57000000000000006,0.01,-1.64012E-08,1.6333599999999997E-08,-1.36E-12,3.2516E-07,-3.2516E-07
0.57500000000000007,0.01,-1.7116199999999997E-08,1.7064999999999998E-08,1.4E-13,3.2522E-07,-3.2504E-07
0.58000000000000007,0.01,-1.78606E-08,1.78198E-08,3.0000000000000003E-13,3.2516E-07,-3.2508E-07
0.58500000000000008,0.01,-1.8652199999999998E-08,1.8591599999999997E-08,-2.0000000000000003E-14,3.2516E-07,-3.2512E-07
0.59000000000000008,0.01,-1.9465399999999998E-08,1.9404199999999997E-08,2.0000000000000003E-14,3.2512E-07,-3.2502E-07
0.595,0.01,-2.0317999999999997E-08,2.0253199999999997E-08,-2.7E-13,3.2518E-07,-3.2512E-07
0.6,0.01,-2.1203599999999997E-08,2.1156599999999997E-08,-9.6000000000000015E-13,3.2512E-07,-3.2512E-07
0.605,0.01,-2.21036E-08,2.20448E-08,-5.8000000000000005E-13,3.2522E-07,-3.251E-07
0.61,0.01,-2.3080999999999997E-08,2.30062E-08,2.0000000000000003E-14,3.2522E-07,-3.2512E-07
0.615,0.01,-2.40624E-08,2.4016399999999997E-08,-2.1000000000000001E-13,3.2522E-07,-3.2514E-07
0.62,0.01,-2.5102599999999998E-08,2.50618E-08,-9.5E-13,3.2518E-07,-3.2508E-07
0.625,0.01,-2.6197999999999997E-08,2.61224E-08,-9.6000000000000015E-13,3.2516E-07,-3.251E-07
0.63,0.01,-2.7322599999999997E-08,2.7260799999999998E-08,-9.1000000000000016E-13,3.2516E-07,-3.2508E-07
0.635,0.01,-2.8496999999999997E-08,2.8427799999999997E-08,-1.6E-12,3.2514E-07,-3.2508E-07
0.64,0.01,-2.9727599999999998E-08,2.9673399999999996E-08,-1.3300000000000002E-12,3.2516E-07,-3.2512E-07
0.645,0.01,-3.09908E-08,3.0912399999999994E-08,-1.21E-12,3.2524E-07,-3.2512E-07
0.65,0.01,-3.2316599999999996E-08,3.22644E-08,-5.1E-13,3.2518E-07,-3.2514E-07
0.655,0.01,-3.3714E-08,3.36544E-08,-1.4900000000000001E-12,3.2516E-07,-3.2516E-07
0.66,0.01,-3.5188799999999994E-08,3.5108999999999994E-08,-1.21E-12,3.252E-07,-3.2518E-07
0.665,0.01,-3.66656E-08,3.6620799999999997E-08,-1.17E-12,3.2512E-07,-3.2514E-07
0.67,0.01,-3.8279599999999994E-08,3.8219999999999994E-08,-7.100000000000001E-13,3.2516E-07,-3.2506E-07
0.675,0.01,-3.9904199999999995E-08,3.9834799999999995E-08,-3.4E-13,3.2522E-07,-3.2512E-07
0.68,0.01,-4.1640999999999995E-08,4.1597799999999995E-08,-8.300000000000001E-13,3.252E-07,-3.2508E-07
0.685,0.01,-4.3430999999999994E-08,4.3368599999999994E-08,-8.5000000000000011E-13,3.2516E-07,-3.2514E-07
0.69000000000000006,0.01,-4.5286399999999994E-08,4.5247999999999996E-08,-9.4E-13,3.251E-07,-3.2508E-07
0.69500000000000006,0.01,-4.7248399999999996E-08,4.71738E-08,-6.3E-13,3.2524E-07,-3.252E-07
0.70000000000000007,0.01,-4.9313999999999994E-08,4.9267599999999993E-08,-4.7E-13,3.2528E-07,-3.2518E-07
0.70500000000000007,0.01,-5.1466599999999992E-08,5.1402999999999994E-08,-3.0000000000000005E-14,3.2524E-07,-3.2518E-07
0.71000000000000008,0.01,-5.3719799999999996E-08,5.36738E-08,-9.0000000000000008E-14,3.252E-07,-3.2514E-07
0.71500000000000008,0.01,-5.6057E-08,5.59886E-08,-2.1000000000000001E-13,3.2522E-07,-3.252E-07
0.72000000000000008,0.01,-5.84834E-08,5.8449799999999993E-08,4E-13,3.252E-07,-3.252E-07
0.72500000000000009,0.01,-6.1070999999999991E-08,6.09734E-08,4E-13,3.2528E-07,-3.2516E-07
0.73,0.01,-6.3716999999999987E-08,6.36724E-08,3.2000000000000005E-13,3.2518E-07,-3.2508E-07
0.735,0.01,-6.65774E-08,6.652979999999999E-08,-3.5E-13,3.252E-07,-3.2518E-07
0.74,0.01,-6.95196E-08,6.9475999999999993E-08,-3.0000000000000003E-13,3.2512E-07,-3.2506E-07
0.745,0.01,-7.26166E-08,7.25632E-08,-3.2000000000000005E-13,3.2516E-07,-3.2512E-07
0.75,0.01,-7.5844999999999989E-08,7.5808599999999992E-08,3.3E-13,3.2518E-07,-3.2512E-07
0.755,0.01,-7.927579999999999E-08,7.92292E-08,2E-13,3.2516E-07,-3.2512E-07
0.76,0.01,-8.27928E-08,8.2729999999999987E-08,-6.3E-13,3.251E-07,-3.2512E-07
0.765,0.01,-8.6549799999999993E-08,8.6492199999999989E-08,-5.8000000000000005E-13,3.2518E-07,-3.251E-07
0.77,0.01,-9.04212E-08,9.0373599999999991E-08,-4.5000000000000005E-13,3.252E-07,-3.2506E-07
0.775,0.01,-9.45412E-08,9.4502199999999992E-08,-4.7E-13,3.2516E-07,-3.2508E-07
0.78,0.01,-9.8833199999999993E-08,9.8785E-08,-4.9E-13,3.2516E-07,-3.2508E-07
0.785,0.01,-1.0343379999999999E-07,1.033424E-07,-6.8E-13,3.2516E-07,-3.2512E-07
0.79,0.01,-1.0814979999999999E-07,1.08076E-07,-4.7E-13,3.2516E-07,-3.251E-07
0.795,0.01,-1.1313259999999999E-07,1.1308499999999998E-07,-1E-12,3.2516E-07,-3.2502E-07
0.8,0.01,-1.1828E-07,1.1828E-07,-3.0000000000000005E-14,3.252E-07,-3.2512E-07
0.805,0.01,-1.2388E-07,1.2384E-07,1.5000000000000002E-13,3.2516E-07,-3.2508E-07
0.81,0.01,-1.2958E-07,1.2954E-07,-9.5E-13,3.2514E-07,-3.2506E-07
0.81500000000000006,0.01,-1.3572E-07,1.357E-07,-6.8E-13,3.2508E-07,-3.2508E-07
0.82000000000000006,0.01,-1.4204E-07,1.42E-07,4.4000000000000004E-13,3.2518E-07,-3.2502E-07
0.82500000000000007,0.01,-1.4877999999999999E-07,1.4872E-07,4.0000000000000006E-14,3.2516E-07,-3.2508E-07
0.83000000000000007,0.01,-1.557E-07,1.5568E-07,-1.18E-12,3.2514E-07,-3.251E-07
0.83500000000000008,0.01,-1.632E-07,1.6315999999999999E-07,-1.6000000000000003E-13,3.2514E-07,-3.2506E-07
0.84000000000000008,0.01,-1.709E-07,1.7083999999999999E-07,-1.9000000000000002E-13,3.2516E-07,-3.2506E-07
0.84500000000000008,0.01,-1.791E-07,1.791E-07,-2.2000000000000002E-13,3.2514E-07,-3.2508E-07
0.85000000000000009,0.01,-1.8773999999999999E-07,1.8764E-07,-9.7000000000000011E-13,3.2516E-07,-3.2508E-07
0.85500000000000009,0.01,-1.9678E-07,1.9672E-07,4.3000000000000004E-13,3.2516E-07,-3.2514E-07
0.86,0.01,-2.0614E-07,2.0616E-07,1.2000000000000002E-13,3.2516E-07,-3.2506E-07
0.865,0.01,-2.1621999999999999E-07,2.1614E-07,-7.8000000000000011E-13,3.252E-07,-3.2508E-07
0.87,0.01,-2.2666E-07,2.2666E-07,-4.8000000000000008E-13,3.2524E-07,-3.2512E-07
0.875,0.01,-2.3772E-07,2.3766E-07,1.9000000000000002E-13,3.2526E-07,-3.2522E-07
0.88,0.01,-2.4944E-07,2.495E-07,-5E-13,3.2522E-07,-3.2514E-07
0.885,0.01,-2.6162E-07,2.6154E-07,-6.3E-13,3.2522E-07,-3.2522E-07
0.89,0.01,-2.7466E-07,2.7448E-07,-1.0000000000000002E-14,3.2514E-07,-3.2516E-07
0.895,0.01,-2.8807999999999997E-07,2.881E-07,-4.1E-13,3.2524E-07,-3.2514E-07
0.9,0.01,-3.0236E-07,3.0264E-07,-9.6000000000000015E-13,3.2522E-07,-3.2512E-07
-0.3,0.02,1.3885E-09,-4.9889E-09,1.2000000000000002E-13,3.2522E-07,-3.2154E-07
-0.29500000000000004,0.02,1.3323E-09,-4.577E-09,-7.3E-13,3.2524E-07,-3.2201999999999997E-07
-0.29000000000000004,0.02,1.2768E-09,-4.193E-09,-1.83E-12,3.2526E-07,-3.2232E-07
-0.28500000000000003,0.02,1.224E-09,-3.8535E-09,-7.100000000000001E-13,3.2522E-07,-3.2266E-07
-0.28,0.02,1.1833E-09,-3.5387E-09,1.4E-13,3.2522E-07,-3.228E-07
-0.275,0.02,1.1415E-09,-3.2563E-09,-1.2000000000000002E-13,3.2524E-07,-3.2316E-07
-0.27,0.02,1.0869E-09,-2.9988E-09,-8.6000000000000007E-13,3.2522E-07,-3.2332E-07
-0.265,0.02,1.0528E-09,-2.7646E-09,2.0000000000000003E-14,3.2524E-07,-3.2352E-07
-0.26,0.02,1.0148E-09,-2.552E-09,-1.04E-12,3.2528E-07,-3.2364E-07
-0.255,0.02,9.6124E-10,-2.3549E-09,-1.21E-12,3.2528E-07,-3.2392E-07
-0.25,0.02,9.2794000000000011E-10,-2.1817E-09,-3.7000000000000004E-13,3.2522E-07,-3.2394E-07
-0.24500000000000002,0.02,8.9705E-10,-2.0178E-09,-1.8000000000000002E-13,3.2522E-07,-3.2408E-07
-0.24000000000000002,0.02,8.6835000000000011E-10,-1.87E-09,-8.300000000000001E-13,3.2524E-07,-3.2422E-07
-0.23500000000000001,0.02,8.2953E-10,-1.7347E-09,-8.9E-13,3.2524E-07,-3.2434E-07
-0.23,0.02,7.9701E-10,-1.613E-09,5.7E-13,3.2524E-07,-3.244E-07
-0.225,0.02,7.6495E-10,-1.4976E-09,-8.9E-13,3.2516E-07,-3.245E-07
-0.22,0.02,7.3212000000000005E-10,-1.3924999999999999E-09,-1.5700000000000002E-12,3.2524E-07,-3.246E-07
-0.215,0.02,6.9731E-10,-1.3E-09,-7.5E-13,3.2522E-07,-3.246E-07
-0.21000000000000002,0.02,6.7371E-10,-1.2094E-09,-7.2000000000000006E-13,3.252E-07,-3.2472E-07
-0.20500000000000002,0.02,6.4780000000000008E-10,-1.1284E-09,-6.5000000000000006E-13,3.2518E-07,-3.2468E-07
-0.2,0.02,6.1373E-10,-1.0556E-09,-1.14E-12,3.2514E-07,-3.2476E-07
-0.195,0.02,5.9272E-10,-9.8725E-10,-4.1E-13,3.2516E-07,-3.2474E-07
-0.19,0.02,5.6605E-10,-9.2159000000000012E-10,-1.4700000000000002E-12,3.2514E-07,-3.2476E-07
-0.185,0.02,5.371E-10,-8.6341E-10,-1.03E-12,3.2516E-07,-3.2482E-07
-0.18000000000000002,0.02,5.1649E-10,-8.0999E-10,-2.4000000000000004E-13,3.2516E-07,-3.2484E-07
-0.17500000000000002,0.02,4.9872E-10,-7.5830000000000006E-10,-3.2000000000000005E-13,3.2516E-07,-3.249E-07
-0.17,0.02,4.7695E-10,-7.113700000000001E-10,-1.88E-12,3.2518E-07,-3.2494E-07
-0.165,0.02,4.5118000000000004E-10,-6.689800000000001E-10,-2.9000000000000003E-13,3.2524E-07,-3.2502E-07
-0.16,0.02,4.3152E-10,-6.2764E-10,-1.3400000000000002E-12,3.251E-07,-3.249E-07
-0.155,0.02,4.0872E-10,-5.8789E-10,-6.9000000000000009E-13,3.2516E-07,-3.2494E-07
-0.15,0.02,3.7887E-10,-5.5471E-10,-9.1000000000000016E-13,3.2518E-07,-3.249E-07
-0.14500000000000002,0.02,3.6701E-10,-5.2051E-10,-7.9000000000000007E-13,3.2518E-07,-3.2498E-07
-0.14,0.02,3.5734000000000003E-10,-4.8792E-10,-8.8000000000000009E-13,3.2512E-07,-3.2502E-07
-0.135,0.02,3.2805E-10,-4.5867000000000003E-10,-8.9E-13,3.2512E-07,-3.2502E-07
-0.13,0.02,3.0942E-10,-4.3335E-10,-2.8E-13,3.2516E-07,-3.25E-07
-0.125,0.02,3.0004000000000003E-10,-4.0522E-10,-1.3900000000000001E-12,3.2516E-07,-3.2504E-07
-0.12000000000000001,0.02,2.818E-10,-3.8085000000000003E-10,-5.8000000000000005E-13,3.2516E-07,-3.2502E-07
-0.115,0.02,2.6664E-10,-3.5874000000000005E-10,-7.3E-13,3.2518E-07,-3.2502E-07
-0.11,0.02,2.5883E-10,-3.3637000000000005E-10,-6.0000000000000007E-13,3.2518E-07,-3.2508E-07
-0.10500000000000001,0.02,2.3758E-10,-3.1392000000000004E-10,-9.2000000000000012E-13,3.2514E-07,-3.2502E-07
-0.1,0.02,2.1919000000000002E-10,-2.9515E-10,-8.1000000000000008E-13,3.2516E-07,-3.2512E-07
-0.095,0.02,2.0699000000000003E-10,-2.7667000000000004E-10,-3.7000000000000004E-13,3.2514E-07,-3.251E-07
-0.090000000000000011,0.02,1.8357000000000002E-10,-2.5656000000000004E-10,-8.7E-13,3.2516E-07,-3.2506E-07
-0.085,0.02,1.792E-10,-2.3960000000000003E-10,-9.000000000000001E-13,3.252E-07,-3.2512E-07
-0.08,0.02,1.6274000000000002E-10,-2.2387000000000002E-10,-7.3E-13,3.2518E-07,-3.2514E-07
-0.075,0.02,1.5544E-10,-2.0627000000000003E-10,-4.0000000000000006E-14,3.252E-07,-3.2514E-07
-0.07,0.02,1.3367000000000002E-10,-1.9006000000000001E-10,-1.0600000000000001E-12,3.2516E-07,-3.2518E-07
-0.065,0.02,1.2044E-10,-1.7714000000000002E-10,-7.6000000000000009E-13,3.2516E-07,-3.2504E-07
-0.060000000000000005,0.02,1.1607E-10,-1.6302000000000002E-10,3.7000000000000004E-13,3.252E-07,-3.251E-07
-0.055,0.02,1.0385000000000001E-10,-1.4684E-10,-5.4E-13,3.2514E-07,-3.251E-07
-0.05,0.02,8.551000000000001E-11,-1.3558E-10,-4.9E-13,3.2516E-07,-3.2512E-07
-0.045000000000000005,0.02,7.507E-11,-1.2259000000000001E-10,1.9000000000000002E-13,3.2512E-07,-3.2502E-07
-0.04,0.02,7.177E-11,-1.0974000000000001E-10,1E-13,3.251E-07,-3.2504E-07
-0.035,0.02,5.346E-11,-9.7950000000000008E-11,-4.8000000000000008E-13,3.2516E-07,-3.2516E-07
-0.030000000000000002,0.02,2.936E-11,-8.9200000000000013E-11,-3.8000000000000005E-13,3.2512E-07,-3.2514E-07
-0.025,0.02,3.7090000000000005E-11,-7.824E-11,-5E-14,3.2522E-07,-3.2512E-07
-0.02,0.02,1.9980000000000002E-11,-6.5910000000000008E-11,-3.6000000000000003E-13,3.2522E-07,-3.2512E-07
-0.015000000000000001,0.02,1.0800000000000001E-11,-5.851E-11,-5.5000000000000008E-13,3.252E-07,-3.252E-07
-0.01,0.02,4.9100000000000007E-12,-5.088E-11,1.9000000000000002E-13,3.2528E-07,-3.2524E-07
-0.005,0.02,7.51E-12,-3.9530000000000005E-11,8.0000000000000013E-14,3.253E-07,-3.2526E-07
0,0.02,-2.1500000000000003E-12,-3.3090000000000005E-11,-8E-13,3.2524E-07,-3.252E-07
0.005,0.02,-1.746E-11,-2.602E-11,4.7E-13,3.2518E-07,-3.252E-07
0.01,0.02,-1.5340000000000002E-11,-1.845E-11,4.7E-13,3.2524E-07,-3.252E-07
0.015000000000000001,0.02,-2.54E-11,-9.8300000000000015E-12,-4.1E-13,3.2516E-07,-3.252E-07
0.02,0.02,-3.463E-11,-4.6000000000000006E-12,-4.2000000000000003E-13,3.2516E-07,-3.251E-07
0.025,0.02,-3.6360000000000004E-11,1.9700000000000003E-12,-9.1000000000000016E-13,3.2518E-07,-3.2518E-07
0.030000000000000002,0.02,-3.5410000000000004E-11,9.98E-12,-1.0000000000000002E-14,3.2516E-07,-3.2514E-07
0.035,0.02,-5.5930000000000007E-11,1.4390000000000002E-11,-2.9000000000000003E-13,3.2518E-07,-3.2518E-07
0.04,0.02,-5.8040000000000007E-11,1.865E-11,3.0000000000000005E-14,3.2518E-07,-3.2514E-07
0.045000000000000005,0.02,-5.9E-11,2.6340000000000003E-11,-2.1000000000000001E-13,3.2518E-07,-3.2514E-07
0.05,0.02,-6.8780000000000007E-11,3.292E-11,-6.7000000000000007E-13,3.2514E-07,-3.2514E-07
0.055,0.02,-8.285E-11,3.601E-11,-3.9000000000000005E-13,3.252E-07,-3.2518E-07
0.060000000000000005,0.02,-8.293E-11,4.374E-11,-8.9E-13,3.2522E-07,-3.2514E-07
0.065,0.02,-8.1980000000000011E-11,4.963E-11,-5.9E-13,3.251E-07,-3.2506E-07
0.07,0.02,-9.203E-11,5.4170000000000005E-11,-2.9000000000000003E-13,3.2504E-07,-3.2506E-07
0.075,0.02,-9.845E-11,5.8630000000000008E-11,-5.5000000000000008E-13,3.251E-07,-3.25E-07
0.08,0.02,-1.0084000000000001E-10,6.711E-11,-3.1000000000000004E-13,3.2516E-07,-3.2508E-07
0.085,0.02,-1.1052000000000001E-10,7.209E-11,-1.31E-12,3.2506E-07,-3.2506E-07
0.090000000000000011,0.02,-1.1619000000000001E-10,7.584E-11,-2.5E-13,3.2504E-07,-3.2508E-07
0.095,0.02,-1.1756E-10,8.3750000000000008E-11,-5.4E-13,3.252E-07,-3.2514E-07
0.1,0.02,-1.2309E-10,9.043E-11,-1.8100000000000002E-12,3.2518E-07,-3.252E-07
0.10500000000000001,0.02,-1.3179000000000002E-10,9.581E-11,-4.7E-13,3.2516E-07,-3.2512E-07
0.11,0.02,-1.4064000000000002E-10,1.0330000000000001E-10,9.0000000000000008E-14,3.2512E-07,-3.2514E-07
0.115,0.02,-1.4322000000000002E-10,1.1059E-10,-6.5000000000000006E-13,3.251E-07,-3.2514E-07
0.12000000000000001,0.02,-1.5462E-10,1.1712E-10,-1.04E-12,3.2516E-07,-3.2508E-07
0.125,0.02,-1.5576000000000001E-10,1.2236E-10,-8.0000000000000013E-14,3.2518E-07,-3.2512E-07
0.13,0.02,-1.5476000000000002E-10,1.3380000000000002E-10,-1.0600000000000001E-12,3.2512E-07,-3.2514E-07
0.135,0.02,-1.7280000000000001E-10,1.4192E-10,-1.5800000000000001E-12,3.2512E-07,-3.2508E-07
0.14,0.02,-1.8603E-10,1.4852000000000002E-10,-2.6E-13,3.2518E-07,-3.2518E-07
0.14500000000000002,0.02,-1.8944000000000002E-10,1.5938000000000002E-10,-8.7E-13,3.251E-07,-3.2506E-07
0.15,0.02,-1.9868E-10,1.6961000000000002E-10,-1.12E-12,3.252E-07,-3.2514E-07
0.155,0.02,-2.1773E-10,1.7711000000000002E-10,-8.1000000000000008E-13,3.2516E-07,-3.2506E-07
0.16,0.02,-2.2218000000000003E-10,1.8684000000000002E-10,-2.6E-13,3.2514E-07,-3.2512E-07
0.165,0.02,-2.3240000000000002E-10,1.9997E-10,-1.14E-12,3.2516E-07,-3.251E-07
0.17,0.02,-2.5023E-10,2.1081000000000002E-10,-1.14E-12,3.251E-07,-3.2514E-07
0.17500000000000002,0.02,-2.5832000000000004E-10,2.2031E-10,4.0000000000000006E-14,3.2518E-07,-3.2512E-07
0.18000000000000002,0.02,-2.6497E-10,2.3494E-10,-9.2000000000000012E-13,3.252E-07,-3.2514E-07
0.185,0.02,-2.8367E-10,2.4838E-10,-1.37E-12,3.2512E-07,-3.2508E-07
0.19,0.02,-3.0377000000000003E-10,2.6114000000000004E-10,-2.4000000000000004E-13,3.2516E-07,-3.2508E-07
0.195,0.02,-3.0916000000000005E-10,2.7574E-10,3.2000000000000005E-13,3.2516E-07,-3.2508E-07
0.2,0.02,-3.1876000000000004E-10,2.9227E-10,-1.2000000000000001E-12,3.2518E-07,-3.2518E-07
0.20500000000000002,0.02,-3.3928000000000004E-10,3.0577E-10,-6.6E-13,3.252E-07,-3.2512E-07
0.21000000000000002,0.02,-3.5729E-10,3.2281000000000005E-10,3.2000000000000005E-13,3.2516E-07,-3.2514E-07
0.215,0.02,-3.6855000000000004E-10,3.4252E-10,-7.4000000000000008E-13,3.2522E-07,-3.2504E-07
0.22,0.02,-3.9443000000000005E-10,3.611E-10,-1.37E-12,3.2516E-07,-3.2506E-07
0.225,0.02,-4.1860000000000003E-10,3.7934E-10,-5E-13,3.2508E-07,-3.2508E-07
0.23,0.02,-4.3402E-10,4.0267E-10,1.6000000000000003E-13,3.2508E-07,-3.2504E-07
0.23500000000000001,0.02,-4.5903E-10,4.2690000000000005E-10,-1.1000000000000002E-12,3.2512E-07,-3.2514E-07
0.24000000000000002,0.02,-4.9031E-10,4.5061000000000006E-10,-8.4000000000000006E-13,3.2512E-07,-3.2512E-07
0.24500000000000002,0.02,-5.1103E-10,4.7597000000000006E-10,2.0000000000000003E-14,3.2512E-07,-3.2506E-07
0.25,0.02,-5.3441E-10,5.0608000000000008E-10,-6.8E-13,3.252E-07,-3.2516E-07
0.255,0.02,-5.6967000000000006E-10,5.3488E-10,-3.2000000000000005E-13,3.2512E-07,-3.251E-07
0.26,0.02,-5.9774E-10,5.6567000000000007E-10,-5.5000000000000008E-13,3.2518E-07,-3.2506E-07
0.265,0.02,-6.3026000000000005E-10,6.0024000000000009E-10,-1.1000000000000001E-13,3.2512E-07,-3.2512E-07
0.27,0.02,-6.7380000000000009E-10,6.3767E-10,-1.3300000000000002E-12,3.2512E-07,-3.2516E-07
0.275,0.02,-7.1558E-10,6.7645000000000008E-10,-6.400000000000001E-13,3.2518E-07,-3.251E-07
0.28,0.02,-7.5449E-10,7.176500000000001E-10,-4.9E-13,3.2512E-07,-3.2504E-07
0.28500000000000003,0.02,-7.972600000000001E-10,7.6291000000000011E-10,-3.4E-13,3.2512E-07,-3.2506E-07
0.29000000000000004,0.02,-8.4713E-10,8.0817E-10,-3.5E-13,3.2516E-07,-3.2512E-07
0.29500000000000004,0.02,-8.9494000000000012E-10,8.5631000000000012E-10,1.9000000000000002E-13,3.2516E-07,-3.2512E-07
0.3,0.02,-9.4128E-10,9.1293000000000007E-10,-5.8000000000000005E-13,3.2512E-07,-3.252E-07
0.305,0.02,-1.00427E-09,9.6862000000000011E-10,-1.7100000000000002E-12,3.2506E-07,-3.2504E-07
0.31,0.02,-1.06217E-09,1.0263300000000001E-09,-3.9000000000000005E-13,3.2514E-07,-3.2506E-07
0.315,0.02,-1.11742E-09,1.09051E-09,2.8E-13,3.2518E-07,-3.2508E-07
0.32,0.02,-1.1901E-09,1.155E-09,-5.3000000000000006E-13,3.251E-07,-3.2506E-07
0.325,0.02,-1.2531E-09,1.226E-09,-5.8000000000000005E-13,3.2512E-07,-3.2508E-07
0.33,0.02,-1.3364E-09,1.3001E-09,-4E-13,3.2516E-07,-3.2506E-07
0.335,0.02,-1.4149E-09,1.3742E-09,-2E-13,3.251E-07,-3.2508E-07
0.34,0.02,-1.486E-09,1.456E-09,-3.5E-13,3.2506E-07,-3.2508E-07
0.34500000000000003,0.02,-1.5721E-09,1.544E-09,-9.3E-13,3.2518E-07,-3.2512E-07
0.35000000000000003,0.02,-1.6726E-09,1.6363E-09,-1.65E-12,3.2514E-07,-3.2502E-07
0.35500000000000004,0.02,-1.7649E-09,1.7279E-09,-1.3E-13,3.2516E-07,-3.2518E-07
0.36000000000000004,0.02,-1.864E-09,1.8321E-09,5E-14,3.2522E-07,-3.252E-07
0.365,0.02,-1.9698E-09,1.937E-09,-1.1100000000000001E-12,3.252E-07,-3.2518E-07
0.37,0.02,-2.0892E-09,2.0481E-09,-2.7E-13,3.2518E-07,-3.251E-07
0.375,0.02,-2.2E-09,2.1641E-09,-2.4000000000000004E-13,3.2524E-07,-3.252E-07
0.38,0.02,-2.3231E-09,2.2915E-09,-4.6000000000000006E-13,3.2524E-07,-3.2514E-07
0.385,0.02,-2.4578E-09,2.4224E-09,-5.8000000000000005E-13,3.2524E-07,-3.2514E-07
0.39,0.02,-2.5937E-09,2.5561E-09,8.7E-13,3.252E-07,-3.2514E-07
0.395,0.02,-2.7294E-09,2.6993E-09,-2.4000000000000004E-13,3.2522E-07,-3.2514E-07
0.4,0.02,-2.8981E-09,2.8715E-09,-3.0000000000000003E-13,3.2522E-07,-3.252E-07
0.405,0.02,-3.0548E-09,3.015E-09,-9.000000000000001E-13,3.252E-07,-3.2518E-07
0.41000000000000003,0.02,-3.2133E-09,3.1762E-09,-5E-13,3.2522E-07,-3.2516E-07
0.41500000000000004,0.02,-3.3791E-09,3.3551E-09,-1.13E-12,3.2518E-07,-3.252E-07
0.42000000000000004,0.02,-3.5647E-09,3.537E-09,-1.2000000000000001E-12,3.2512E-07,-3.2514E-07
0.42500000000000004,0.02,-3.7606E-09,3.7234E-09,-1.1000000000000001E-13,3.2518E-07,-3.2512E-07
0.43,0.02,-3.9576E-09,3.9264E-09,-3.9000000000000005E-13,3.2526E-07,-3.2512E-07
0.435,0.02,-4.1666E-09,4.141E-09,-2.9000000000000003E-13,3.2528E-07,-3.2518E-07
0.44,0.02,-4.3981E-09,4.3616E-09,-1.14E-12,3.2518E-07,-3.252E-07
0.445,0.02,-4.6313E-09,4.5924E-09,-3.4E-13,3.2522E-07,-3.2518E-07
0.45,0.02,-4.8684E-09,4.837E-09,-4.5000000000000005E-13,3.2512E-07,-3.252E-07
0.455,0.02,-5.1097E-09,5.0795E-09,-4.3000000000000004E-13,3.2524E-07,-3.2524E-07
0.46,0.02,-5.3844E-09,5.345E-09,-7.5E-13,3.2516E-07,-3.2514E-07
0.465,0.02,-5.6481E-09,5.6117E-09,4.6000000000000006E-13,3.2524E-07,-3.2514E-07
0.47000000000000003,0.02,-5.9332E-09,5.9021E-09,-5.8000000000000005E-13,3.2522E-07,-3.2514E-07
0.47500000000000003,0.02,-6.2399E-09,6.207E-09,-2.7E-13,3.2522E-07,-3.2514E-07
0.48000000000000004,0.02,-6.5551E-09,6.5162E-09,3.6000000000000003E-13,3.2528E-07,-3.2518E-07
0.48500000000000004,0.02,-6.8696E-09,6.8402E-09,1E-13,3.252E-07,-3.2522E-07
0.49000000000000005,0.02,-7.2146E-09,7.1874E-09,-1.6000000000000003E-13,3.2524E-07,-3.2518E-07
0.49500000000000005,0.02,-7.5727E-09,7.5347E-09,-2.6E-13,3.2522E-07,-3.252E-07
0.5,0.02,-7.9443E-09,7.9061E-09,-6.3E-13,3.2518E-07,-3.2522E-07
0.505,0.02,-8.3197E-09,8.2938E-09,-2.2000000000000002E-13,3.2518E-07,-3.2512E-07
0.51,0.02,-8.7205E-09,8.6903E-09,-1.9400000000000002E-12,3.2522E-07,-3.252E-07
0.515,0.02,-9.1396E-09,9.098E-09,-3.7000000000000004E-13,3.2518E-07,-3.2512E-07
0.52,0.02,-9.5655E-09,9.5376E-09,-6.7000000000000007E-13,3.2524E-07,-3.2518E-07
0.525,0.02,-1.00156E-08,9.9937E-09,-1.32E-12,3.2516E-07,-3.2516E-07
0.53,0.02,-1.0481999999999999E-08,1.04493E-08,-7.100000000000001E-13,3.2518E-07,-3.2514E-07
0.535,0.02,-1.09672E-08,1.09325E-08,-4.3000000000000004E-13,3.2516E-07,-3.2506E-07
0.54,0.02,-1.14737E-08,1.14399E-08,3.2000000000000005E-13,3.2514E-07,-3.2518E-07
0.545,0.02,-1.2004599999999999E-08,1.1972599999999999E-08,5E-14,3.2514E-07,-3.2518E-07
0.55,0.02,-1.2557199999999999E-08,1.2540799999999999E-08,6.0000000000000007E-13,3.2524E-07,-3.252E-07
0.555,0.02,-1.3123999999999999E-08,1.31114E-08,-4.0000000000000006E-14,3.2522E-07,-3.2514E-07
0.56,0.02,-1.3728599999999998E-08,1.37002E-08,-4.5000000000000005E-13,3.2518E-07,-3.251E-07
0.56500000000000006,0.02,-1.4334999999999999E-08,1.4303199999999998E-08,-1.1100000000000001E-12,3.2518E-07,-3.251E-07
0.57000000000000006,0.02,-1.49576E-08,1.49382E-08,-3.4E-13,3.2512E-07,-3.251E-07
0.57500000000000007,0.02,-1.56176E-08,1.5597199999999998E-08,-6.5000000000000006E-13,3.2518E-07,-3.2514E-07
0.58000000000000007,0.02,-1.6319E-08,1.62962E-08,-4E-13,3.2516E-07,-3.251E-07
0.58500000000000008,0.02,-1.70468E-08,1.7018199999999998E-08,-4.4000000000000004E-13,3.2524E-07,-3.2518E-07
0.59000000000000008,0.02,-1.78108E-08,1.77862E-08,-4.4000000000000004E-13,3.2514E-07,-3.2512E-07
0.595,0.02,-1.85638E-08,1.8541999999999998E-08,-3.6000000000000003E-13,3.2526E-07,-3.2512E-07
0.6,0.02,-1.9392E-08,1.93592E-08,-4.2000000000000003E-13,3.2526E-07,-3.2518E-07
0.605,0.02,-2.02722E-08,2.0220599999999998E-08,-5.9E-13,3.252E-07,-3.2518E-07
0.61,0.02,-2.11206E-08,2.10938E-08,-7.6000000000000009E-13,3.251E-07,-3.2508E-07
0.615,0.02,-2.20374E-08,2.2010199999999997E-08,-1.27E-12,3.251E-07,-3.25E-07
0.62,0.02,-2.2997799999999998E-08,2.29764E-08,-8.4000000000000006E-13,3.2506E-07,-3.2504E-07
0.625,0.02,-2.3969799999999998E-08,2.3958599999999998E-08,-1.12E-12,3.2512E-07,-3.2508E-07
0.63,0.02,-2.5035199999999996E-08,2.4998799999999997E-08,-9.6000000000000015E-13,3.2512E-07,-3.2504E-07
0.635,0.02,-2.6096399999999996E-08,2.6073599999999997E-08,-1.0600000000000001E-12,3.2518E-07,-3.2518E-07
0.64,0.02,-2.7240399999999996E-08,2.7221199999999997E-08,-3.1000000000000004E-13,3.2508E-07,-3.2508E-07
0.645,0.02,-2.8390999999999996E-08,2.8376E-08,-2.8E-13,3.2518E-07,-3.25E-07
0.65,0.02,-2.9610599999999998E-08,2.9619799999999996E-08,9.0000000000000008E-14,3.2516E-07,-3.2504E-07
0.655,0.02,-3.08802E-08,3.0853199999999996E-08,-3.5E-13,3.2518E-07,-3.2512E-07
0.66,0.02,-3.22058E-08,3.22256E-08,-9.1000000000000016E-13,3.2522E-07,-3.2516E-07
0.665,0.02,-3.3596399999999994E-08,3.35824E-08,-8.0000000000000013E-14,3.2516E-07,-3.2514E-07
0.67,0.02,-3.5062399999999995E-08,3.5043E-08,6.9000000000000009E-13,3.2518E-07,-3.2526E-07
0.675,0.02,-3.65812E-08,3.65626E-08,-3.2000000000000005E-13,3.2524E-07,-3.2514E-07
0.68,0.02,-3.8148399999999994E-08,3.81486E-08,-6.8E-13,3.2518E-07,-3.2524E-07
0.685,0.02,-3.9767399999999996E-08,3.97958E-08,-4.3000000000000004E-13,3.2518E-07,-3.2518E-07
0.69000000000000006,0.02,-4.1521399999999994E-08,4.1503E-08,1.9000000000000002E-13,3.2518E-07,-3.2514E-07
0.69500000000000006,0.02,-4.3315599999999994E-08,4.33142E-08,-1.7E-13,3.2516E-07,-3.2518E-07
0.70000000000000007,0.02,-4.52118E-08,4.5211599999999993E-08,-3.5E-13,3.2522E-07,-3.2516E-07
0.70500000000000007,0.02,-4.71356E-08,4.7134399999999992E-08,8.0000000000000013E-14,3.2516E-07,-3.252E-07
0.71000000000000008,0.02,-4.9232399999999996E-08,4.92142E-08,1.8000000000000002E-13,3.252E-07,-3.252E-07
0.71500000000000008,0.02,-5.1363199999999992E-08,5.1334799999999992E-08,4.3000000000000004E-13,3.2522E-07,-3.252E-07
0.72000000000000008,0.02,-5.3629399999999992E-08,5.3597399999999995E-08,7.2000000000000006E-13,3.2524E-07,-3.2516E-07
0.72500000000000009,0.02,-5.5941999999999992E-08,5.5948399999999994E-08,8.9E-13,3.2518E-07,-3.2514E-07
0.73,0.02,-5.8371199999999991E-08,5.8341799999999996E-08,7E-13,3.2522E-07,-3.2516E-07
0.735,0.02,-6.0966199999999989E-08,6.0946599999999988E-08,4.1E-13,3.2522E-07,-3.2524E-07
0.74,0.02,-6.3639199999999989E-08,6.3635999999999988E-08,-2.3000000000000003E-13,3.2518E-07,-3.2518E-07
0.745,0.02,-6.6469E-08,6.64658E-08,-6.0000000000000007E-13,3.2518E-07,-3.2518E-07
0.75,0.02,-6.9400599999999992E-08,6.93872E-08,-8.7E-13,3.2512E-07,-3.2514E-07
0.755,0.02,-7.25338E-08,7.25096E-08,-1.1100000000000001E-12,3.252E-07,-3.2518E-07
0.76,0.02,-7.57482E-08,7.57382E-08,-1.26E-12,3.2518E-07,-3.2512E-07
0.765,0.02,-7.91648E-08,7.9171799999999992E-08,-1.2800000000000002E-12,3.2522E-07,-3.2524E-07
0.77,0.02,-8.27018E-08,8.26646E-08,-1.36E-12,3.2518E-07,-3.252E-07
0.775,0.02,-8.6393399999999993E-08,8.6421399999999985E-08,-8.5000000000000011E-13,3.2518E-07,-3.2512E-07
0.78,0.02,-9.0332199999999989E-08,9.03086E-08,-1.3500000000000001E-12,3.2524E-07,-3.2524E-07
0.785,0.02,-9.4459799999999989E-08,9.4449799999999991E-08,-1.09E-12,3.2514E-07,-3.2508E-07
0.79,0.02,-9.875799999999999E-08,9.8722199999999987E-08,-1.2900000000000002E-12,3.2522E-07,-3.2514E-07
0.795,0.02,-1.0327919999999999E-07,1.0326539999999999E-07,-1.6600000000000002E-12,3.2508E-07,-3.2504E-07
0.8,0.02,-1.0799679999999999E-07,1.0794279999999999E-07,-8.8000000000000009E-13,3.2506E-07,-3.2502E-07
0.805,0.02,-1.1300599999999999E-07,1.129922E-07,-6.9000000000000009E-13,3.2512E-07,-3.2512E-07
0.81,0.02,-1.1822E-07,1.182E-07,-1.03E-12,3.2516E-07,-3.2514E-07
0.81500000000000006,0.02,-1.2376E-07,1.2372E-07,-6.400000000000001E-13,3.251E-07,-3.2506E-07
0.82000000000000006,0.02,-1.2946E-07,1.2944E-07,-2.8E-13,3.252E-07,-3.2514E-07
0.82500000000000007,0.02,-1.3562E-07,1.3551999999999999E-07,-2.2000000000000002E-13,3.2522E-07,-3.2518E-07
0.83000000000000007,0.02,-1.4192E-07,1.4186E-07,3.3E-13,3.2516E-07,-3.2518E-07
0.83500000000000008,0.02,-1.4862E-07,1.486E-07,-7.7000000000000005E-13,3.2518E-07,-3.252E-07
0.84000000000000008,0.02,-1.5554E-07,1.5561999999999999E-07,-3.0000000000000005E-14,3.2518E-07,-3.2524E-07
0.84500000000000008,0.02,-1.6306E-07,1.6304E-07,-1.13E-12,3.2516E-07,-3.2514E-07
0.85000000000000009,0.02,-1.7082E-07,1.7078E-07,7E-14,3.2524E-07,-3.2516E-07
0.85500000000000009,0.02,-1.7904E-07,1.7904E-07,1.9000000000000002E-13,3.2512E-07,-3.2514E-07
0.86,0.02,-1.8748E-07,1.8768E-07,-8.2E-13,3.2518E-07,-3.2516E-07
0.865,0.02,-1.9666E-07,1.9662E-07,-8.7E-13,3.2518E-07,-3.2518E-07
0.87,0.02,-2.0608E-07,2.0602E-07,-8.5000000000000011E-13,3.2524E-07,-3.2512E-07
0.875,0.02,-2.1606E-07,2.1607999999999999E-07,-7E-14,3.2516E-07,-3.2514E-07
0.88,0.02,-2.266E-07,2.2658E-07,-1.12E-12,3.252E-07,-3.2518E-07
0.885,0.02,-2.3758E-07,2.3754E-07,-1.08E-12,3.2518E-07,-3.2514E-07
0.89,0.02,-2.4938E-07,2.493E-07,5.4E-13,3.2514E-07,-3.2518E-07
0.895,0.02,-2.6148E-07,2.6152E-07,-4.3000000000000004E-13,3.251E-07,-3.2516E-07
0.9,0.02,-2.7436E-07,2.7436E-07,-3.6000000000000003E-13,3.2516E-07,-3.2518E-07
-0.3,0.030000000000000002,1.5162E-09,-5.0731E-09,-9.2000000000000012E-13,3.2518E-07,-3.2164E-07
-0.29500000000000004,0.030000000000000002,1.4362E-09,-4.66E-09,-2.3000000000000003E-13,3.2522E-07,-3.22E-07
-0.29000000000000004,0.030000000000000002,1.3937E-09,-4.2756E-09,-5.7E-13,3.2524E-07,-3.2234E-07
-0.28500000000000003,0.030000000000000002,1.3381E-09,-3.9303E-09,-1.6300000000000001E-12,3.2522E-07,-3.2262E-07
-0.28,0.030000000000000002,1.2915E-09,-3.6165E-09,-1.0100000000000001E-12,3.2518E-07,-3.228E-07
-0.275,0.030000000000000002,1.2548E-09,-3.3356E-09,3.2000000000000005E-13,3.2516E-07,-3.2308E-07
-0.27,0.030000000000000002,1.2087E-09,-3.0699E-09,-7.9000000000000007E-13,3.2528E-07,-3.2334E-07
-0.265,0.030000000000000002,1.1551E-09,-2.8343E-09,-1.13E-12,3.252E-07,-3.2348E-07
-0.26,0.030000000000000002,1.1124E-09,-2.6223E-09,-2.8E-13,3.2516E-07,-3.2368E-07
-0.255,0.030000000000000002,1.0782E-09,-2.4239E-09,2.3000000000000003E-13,3.2516E-07,-3.2384E-07
-0.25,0.030000000000000002,1.0375E-09,-2.2459E-09,-8.1000000000000008E-13,3.2514E-07,-3.2404E-07
-0.24500000000000002,0.030000000000000002,9.914E-10,-2.0831E-09,2.6E-13,3.2522E-07,-3.241E-07
-0.24000000000000002,0.030000000000000002,9.6087E-10,-1.9351E-09,-2E-13,3.2518E-07,-3.2424E-07
-0.23500000000000001,0.030000000000000002,9.318E-10,-1.7959E-09,-1.6800000000000001E-12,3.2516E-07,-3.243E-07
-0.23,0.030000000000000002,8.8636E-10,-1.6729E-09,-4.6000000000000006E-13,3.2522E-07,-3.2444E-07
-0.225,0.030000000000000002,8.5435000000000005E-10,-1.5569E-09,-7E-14,3.2516E-07,-3.2452E-07
-0.22,0.030000000000000002,8.2988E-10,-1.4509E-09,-1E-12,3.2516E-07,-3.2454E-07
-0.215,0.030000000000000002,7.8937E-10,-1.3525E-09,-8.1000000000000008E-13,3.2522E-07,-3.246E-07
-0.21000000000000002,0.030000000000000002,7.5886000000000011E-10,-1.2662E-09,-1.0000000000000002E-14,3.2512E-07,-3.2464E-07
-0.20500000000000002,0.030000000000000002,7.2865000000000006E-10,-1.1829E-09,-4.1E-13,3.2518E-07,-3.2472E-07
-0.2,0.030000000000000002,7.0458000000000006E-10,-1.1057E-09,-8.8000000000000009E-13,3.2522E-07,-3.2476E-07
-0.195,0.030000000000000002,6.7205000000000007E-10,-1.0363E-09,2.0000000000000003E-14,3.2526E-07,-3.248E-07
-0.19,0.030000000000000002,6.4653E-10,-9.7147000000000016E-10,-1.1000000000000001E-13,3.2526E-07,-3.249E-07
-0.185,0.030000000000000002,6.2883000000000009E-10,-9.0773E-10,-1.2500000000000001E-12,3.2522E-07,-3.2496E-07
-0.18000000000000002,0.030000000000000002,5.9068000000000007E-10,-8.554400000000001E-10,-1.2400000000000002E-12,3.2518E-07,-3.2492E-07
-0.17500000000000002,0.030000000000000002,5.6693E-10,-8.0463E-10,1.6000000000000003E-13,3.2526E-07,-3.2496E-07
-0.17,0.030000000000000002,5.5224E-10,-7.5376000000000009E-10,-4.2000000000000003E-13,3.2524E-07,-3.25E-07
-0.165,0.030000000000000002,5.2029000000000007E-10,-7.084900000000001E-10,-8.6000000000000007E-13,3.2516E-07,-3.2494E-07
-0.16,0.030000000000000002,4.9164000000000007E-10,-6.6879E-10,-1.8000000000000002E-13,3.251E-07,-3.2496E-07
-0.155,0.030000000000000002,4.8159E-10,-6.2787E-10,-4.7E-13,3.251E-07,-3.2496E-07
-0.15,0.030000000000000002,4.6578E-10,-5.9081E-10,-9.1000000000000016E-13,3.2508E-07,-3.2498E-07
-0.14500000000000002,0.030000000000000002,4.3881000000000006E-10,-5.5658000000000006E-10,-1.5600000000000002E-12,3.251E-07,-3.2498E-07
-0.14,0.030000000000000002,4.2388000000000004E-10,-5.2529000000000005E-10,-1.5000000000000002E-13,3.2506E-07,-3.25E-07
-0.135,0.030000000000000002,4.1143000000000005E-10,-4.9321E-10,5E-13,3.251E-07,-3.2506E-07
-0.13,0.030000000000000002,3.8177E-10,-4.6511000000000006E-10,-1.6E-12,3.2518E-07,-3.2508E-07
-0.125,0.030000000000000002,3.6477E-10,-4.4089E-10,1.9000000000000002E-13,3.2518E-07,-3.2516E-07
-0.12000000000000001,0.030000000000000002,3.4970000000000004E-10,-4.1358000000000003E-10,-4.8000000000000008E-13,3.2514E-07,-3.2508E-07
-0.115,0.030000000000000002,3.3185000000000005E-10,-3.8846E-10,-1.74E-12,3.2516E-07,-3.252E-07
-0.11,0.030000000000000002,3.0836E-10,-3.6717000000000004E-10,-2.6E-13,3.2522E-07,-3.2512E-07
-0.10500000000000001,0.030000000000000002,2.9439E-10,-3.4500000000000005E-10,5.7E-13,3.2524E-07,-3.2514E-07
-0.1,0.030000000000000002,2.845E-10,-3.2327E-10,-6.0000000000000009E-14,3.2518E-07,-3.2508E-07
-0.095,0.030000000000000002,2.6577E-10,-3.0431E-10,-1.23E-12,3.2514E-07,-3.2514E-07
-0.090000000000000011,0.030000000000000002,2.5329E-10,-2.8724000000000003E-10,7E-14,3.2516E-07,-3.2512E-07
-0.085,0.030000000000000002,2.4427000000000003E-10,-2.6662E-10,0,3.2516E-07,-3.251E-07
-0.08,0.030000000000000002,2.2252000000000002E-10,-2.4866E-10,-7.6000000000000009E-13,3.251E-07,-3.2512E-07
-0.075,0.030000000000000002,2.0972000000000003E-10,-2.3448E-10,-5E-14,3.251E-07,-3.2502E-07
-0.07,0.030000000000000002,1.9954000000000002E-10,-2.172E-10,9.0000000000000008E-14,3.2514E-07,-3.2514E-07
-0.065,0.030000000000000002,1.8987E-10,-1.9986000000000002E-10,-3.8000000000000005E-13,3.251E-07,-3.2508E-07
-0.060000000000000005,0.030000000000000002,1.7228000000000002E-10,-1.8719E-10,-5E-13,3.2516E-07,-3.2506E-07
-0.055,0.030000000000000002,1.5927E-10,-1.7282E-10,1.04E-12,3.2516E-07,-3.2512E-07
-0.05,0.030000000000000002,1.4538000000000002E-10,-1.5750000000000003E-10,1.0000000000000002E-14,3.2518E-07,-3.2514E-07
-0.045000000000000005,0.030000000000000002,1.3673E-10,-1.4442E-10,-9.7000000000000011E-13,3.251E-07,-3.2508E-07
-0.04,0.030000000000000002,1.2794E-10,-1.3341E-10,-1.4E-13,3.2512E-07,-3.2504E-07
-0.035,0.030000000000000002,1.1753E-10,-1.1932E-10,-6.7000000000000007E-13,3.251E-07,-3.2506E-07
-0.030000000000000002,0.030000000000000002,1.0767000000000001E-10,-1.0634E-10,-1.0500000000000002E-12,3.2508E-07,-3.2508E-07
-0.025,0.030000000000000002,9.22E-11,-9.7480000000000009E-11,3.9000000000000005E-13,3.2512E-07,-3.2512E-07
-0.02,0.030000000000000002,8.608E-11,-8.6360000000000012E-11,3.0000000000000005E-14,3.2516E-07,-3.2516E-07
-0.015000000000000001,0.030000000000000002,7.372E-11,-7.4340000000000012E-11,-8.1000000000000008E-13,3.2508E-07,-3.25E-07
-0.01,0.030000000000000002,5.963E-11,-6.5960000000000011E-11,-2.1000000000000001E-13,3.2514E-07,-3.2502E-07
-0.005,0.030000000000000002,5.3260000000000005E-11,-5.8100000000000005E-11,-2.7E-13,3.2502E-07,-3.2502E-07
0,0.030000000000000002,4.079E-11,-4.6550000000000003E-11,-1.36E-12,3.2514E-07,-3.2514E-07
0.005,0.030000000000000002,3.3990000000000004E-11,-3.7750000000000005E-11,-7.6000000000000009E-13,3.2514E-07,-3.2508E-07
0.01,0.030000000000000002,2.609E-11,-3.2320000000000004E-11,-1.5000000000000002E-13,3.251E-07,-3.2512E-07
0.015000000000000001,0.030000000000000002,2.2860000000000002E-11,-2.3500000000000003E-11,-2.2000000000000002E-13,3.2514E-07,-3.2518E-07
0.02,0.030000000000000002,1.459E-11,-1.5650000000000002E-11,-9.000000000000001E-13,3.2516E-07,-3.2516E-07
0.025,0.030000000000000002,3.1E-12,-9.98E-12,-1.36E-12,3.251E-07,-3.2508E-07
0.030000000000000002,0.030000000000000002,2.54E-12,-4.2500000000000007E-12,-5.7E-13,3.2516E-07,-3.2508E-07
0.035,0.030000000000000002,1.9900000000000002E-12,3.91E-12,-4.5000000000000005E-13,3.251E-07,-3.2506E-07
0.04,0.030000000000000002,-1.3560000000000001E-11,9.8000000000000011E-12,-9.3E-13,3.2506E-07,-3.2506E-07
0.045000000000000005,0.030000000000000002,-1.699E-11,1.4370000000000001E-11,4.0000000000000006E-14,3.2506E-07,-3.2502E-07
0.05,0.030000000000000002,-2.1150000000000003E-11,2.0880000000000003E-11,-3.5E-13,3.2512E-07,-3.2518E-07
0.055,0.030000000000000002,-3.1670000000000005E-11,2.8920000000000002E-11,-1.37E-12,3.2514E-07,-3.2506E-07
0.060000000000000005,0.030000000000000002,-3.5020000000000005E-11,3.248E-11,-9.6000000000000015E-13,3.251E-07,-3.2508E-07
0.065,0.030000000000000002,-3.372E-11,3.776E-11,-5.5000000000000008E-13,3.2504E-07,-3.2506E-07
0.07,0.030000000000000002,-3.6870000000000004E-11,4.4990000000000004E-11,-2.0200000000000003E-12,3.2506E-07,-3.2506E-07
0.075,0.030000000000000002,-4.9910000000000005E-11,4.858E-11,-4E-13,3.2508E-07,-3.2514E-07
0.08,0.030000000000000002,-5.988E-11,5.368E-11,-5.8000000000000005E-13,3.2508E-07,-3.2512E-07
0.085,0.030000000000000002,-5.6750000000000004E-11,6.066E-11,-5.5000000000000008E-13,3.251E-07,-3.251E-07
0.090000000000000011,0.030000000000000002,-6.714E-11,6.65E-11,-1.1000000000000002E-12,3.2504E-07,-3.2508E-07
0.095,0.030000000000000002,-7.5610000000000011E-11,7.05E-11,-2.6E-13,3.2514E-07,-3.2514E-07
0.1,0.030000000000000002,-7.2970000000000008E-11,7.6940000000000008E-11,2.7E-13,3.2524E-07,-3.2522E-07
0.10500000000000001,0.030000000000000002,-8.073E-11,8.5930000000000007E-11,-1.9200000000000003E-12,3.2512E-07,-3.2512E-07
0.11,0.030000000000000002,-9.964E-11,8.875E-11,-6.7000000000000007E-13,3.2516E-07,-3.252E-07
0.115,0.030000000000000002,-9.2820000000000009E-11,9.507E-11,-3.4E-13,3.2518E-07,-3.2516E-07
0.12000000000000001,0.030000000000000002,-9.247E-11,1.0368000000000001E-10,-7.2000000000000006E-13,3.2512E-07,-3.252E-07
0.125,0.030000000000000002,-1.0930000000000001E-10,1.0984E-10,-5.7E-13,3.2514E-07,-3.2518E-07
0.13,0.030000000000000002,-1.2494E-10,1.1575000000000001E-10,5.4E-13,3.2516E-07,-3.252E-07
0.135,0.030000000000000002,-1.1916E-10,1.2326000000000002E-10,5.3000000000000006E-13,3.2522E-07,-3.2518E-07
0.14,0.030000000000000002,-1.3334E-10,1.3281E-10,-1.0100000000000001E-12,3.252E-07,-3.2518E-07
0.14500000000000002,0.030000000000000002,-1.4878E-10,1.399E-10,-6.0000000000000007E-13,3.2516E-07,-3.2516E-07
0.15,0.030000000000000002,-1.4929E-10,1.4825E-10,6.9000000000000009E-13,3.2518E-07,-3.2516E-07
0.155,0.030000000000000002,-1.4903E-10,1.5965E-10,-6.0000000000000009E-14,3.2522E-07,-3.2514E-07
0.16,0.030000000000000002,-1.6419E-10,1.6778000000000001E-10,-1.1600000000000001E-12,3.2508E-07,-3.2516E-07
0.165,0.030000000000000002,-1.7425000000000002E-10,1.7606E-10,4.6000000000000006E-13,3.2514E-07,-3.2512E-07
0.17,0.030000000000000002,-1.8320000000000002E-10,1.8753000000000002E-10,-3.0000000000000003E-13,3.251E-07,-3.2514E-07
0.17500000000000002,0.030000000000000002,-1.9241E-10,1.9891000000000001E-10,-1.0500000000000002E-12,3.2504E-07,-3.2506E-07
0.18000000000000002,0.030000000000000002,-2.1097000000000002E-10,2.0866E-10,-5.3000000000000006E-13,3.2512E-07,-3.2508E-07
0.185,0.030000000000000002,-2.1683000000000002E-10,2.2127000000000003E-10,1.7E-13,3.2504E-07,-3.25E-07
0.19,0.030000000000000002,-2.2748000000000003E-10,2.3564000000000003E-10,-4.7E-13,3.2506E-07,-3.2508E-07
0.195,0.030000000000000002,-2.5453E-10,2.468E-10,-2.4000000000000004E-13,3.2512E-07,-3.2504E-07
0.2,0.030000000000000002,-2.6644E-10,2.596E-10,5.5000000000000008E-13,3.251E-07,-3.2506E-07
0.20500000000000002,0.030000000000000002,-2.7203000000000004E-10,2.7651E-10,-6.7000000000000007E-13,3.2514E-07,-3.2516E-07
0.21000000000000002,0.030000000000000002,-2.9009000000000003E-10,2.9158000000000004E-10,-1.09E-12,3.2508E-07,-3.2512E-07
0.215,0.030000000000000002,-3.0969000000000004E-10,3.0483E-10,-2.8E-13,3.2508E-07,-3.2508E-07
0.22,0.030000000000000002,-3.2223000000000003E-10,3.2399000000000004E-10,-9.6000000000000015E-13,3.2516E-07,-3.2508E-07
0.225,0.030000000000000002,-3.4309E-10,3.4272000000000003E-10,-1.04E-12,3.251E-07,-3.251E-07
0.23,0.030000000000000002,-3.6688000000000003E-10,3.6011E-10,-8.1000000000000008E-13,3.2506E-07,-3.2512E-07
0.23500000000000001,0.030000000000000002,-3.8029000000000004E-10,3.8057E-10,-2.5E-13,3.2512E-07,-3.2516E-07
0.24000000000000002,0.030000000000000002,-3.9863000000000005E-10,4.0361E-10,-1.32E-12,3.2512E-07,-3.251E-07
0.24500000000000002,0.030000000000000002,-4.2721E-10,4.2600000000000003E-10,-5.5000000000000008E-13,3.2518E-07,-3.2512E-07
0.25,0.030000000000000002,-4.5394000000000004E-10,4.4871000000000005E-10,-2.8E-13,3.2518E-07,-3.2518E-07
0.255,0.030000000000000002,-4.7247E-10,4.7555000000000008E-10,-1.22E-12,3.2506E-07,-3.2512E-07
0.26,0.030000000000000002,-5.077E-10,5.0462000000000006E-10,-8.9E-13,3.251E-07,-3.2524E-07
0.265,0.030000000000000002,-5.3580000000000005E-10,5.3157000000000006E-10,-7E-13,3.251E-07,-3.2514E-07
0.27,0.030000000000000002,-5.6427000000000006E-10,5.6467000000000008E-10,-2.0000000000000003E-14,3.2512E-07,-3.2514E-07
0.275,0.030000000000000002,-5.9942000000000009E-10,5.9991E-10,-6.5000000000000006E-13,3.2512E-07,-3.2514E-07
0.28,0.030000000000000002,-6.3894000000000007E-10,6.3460000000000006E-10,-8.9E-13,3.2506E-07,-3.2506E-07
0.28500000000000003,0.030000000000000002,-6.6913E-10,6.7191E-10,-9.0000000000000008E-14,3.251E-07,-3.2504E-07
0.29000000000000004,0.030000000000000002,-7.0664000000000005E-10,7.1590000000000008E-10,-1.2000000000000001E-12,3.2516E-07,-3.2512E-07
0.29500000000000004,0.030000000000000002,-7.5826E-10,7.5889000000000005E-10,-6.8E-13,3.2512E-07,-3.2508E-07
0.3,0.030000000000000002,-8.071200000000001E-10,8.048300000000001E-10,-2.9000000000000003E-13,3.2514E-07,-3.2512E-07
0.305,0.030000000000000002,-8.4895E-10,8.5541E-10,-4.0000000000000006E-14,3.251E-07,-3.251E-07
0.31,0.030000000000000002,-9.0847000000000007E-10,9.1017000000000007E-10,-9.8E-13,3.2514E-07,-3.2512E-07
0.315,0.030000000000000002,-9.73E-10,9.6212E-10,-3.7000000000000004E-13,3.2516E-07,-3.2514E-07
0.32,0.030000000000000002,-1.02194E-09,1.02309E-09,8.0000000000000013E-14,3.2506E-07,-3.2508E-07
0.325,0.030000000000000002,-1.0732700000000002E-09,1.08399E-09,-9.6000000000000015E-13,3.2514E-07,-3.2506E-07
0.33,0.030000000000000002,-1.1505E-09,1.1497999999999999E-09,-4.9E-13,3.2518E-07,-3.2512E-07
0.335,0.030000000000000002,-1.2168E-09,1.2194E-09,-6.3E-13,3.251E-07,-3.2514E-07
0.34,0.030000000000000002,-1.294E-09,1.2922E-09,-4.5000000000000005E-13,3.251E-07,-3.2512E-07
0.34500000000000003,0.030000000000000002,-1.365E-09,1.3667E-09,2.5E-13,3.2512E-07,-3.251E-07
0.35000000000000003,0.030000000000000002,-1.4463E-09,1.4521E-09,-3.4E-13,3.251E-07,-3.2514E-07
0.35500000000000004,0.030000000000000002,-1.5371E-09,1.5351E-09,-9.0000000000000008E-14,3.2506E-07,-3.2514E-07
0.36000000000000004,0.030000000000000002,-1.6285E-09,1.6252E-09,-8.0000000000000013E-14,3.251E-07,-3.2508E-07
0.365,0.030000000000000002,-1.7249E-09,1.7326E-09,3.0000000000000003E-13,3.2518E-07,-3.2506E-07
0.37,0.030000000000000002,-1.8209E-09,1.8243E-09,-8.1000000000000008E-13,3.2518E-07,-3.2506E-07
0.375,0.030000000000000002,-1.933E-09,1.9303E-09,-3.6000000000000003E-13,3.2504E-07,-3.2512E-07
0.38,0.030000000000000002,-2.0405E-09,2.0402E-09,-6.0000000000000009E-14,3.2506E-07,-3.2508E-07
0.385,0.030000000000000002,-2.1562E-09,2.1619E-09,-9.000000000000001E-13,3.2512E-07,-3.2508E-07
0.39,0.030000000000000002,-2.2862E-09,2.2836E-09,-9.5E-13,3.251E-07,-3.2512E-07
0.395,0.030000000000000002,-2.417E-09,2.4118E-09,-6.2000000000000008E-13,3.2508E-07,-3.251E-07
0.4,0.030000000000000002,-2.5453E-09,2.5495E-09,-3.5E-13,3.25E-07,-3.2512E-07
0.405,0.030000000000000002,-2.6889E-09,2.6939E-09,-1.27E-12,3.2508E-07,-3.2508E-07
0.41000000000000003,0.030000000000000002,-2.8494E-09,2.845E-09,-1.21E-12,3.2512E-07,-3.2506E-07
0.41500000000000004,0.030000000000000002,-3.0038E-09,3.0022E-09,-5.5000000000000008E-13,3.2504E-07,-3.251E-07
0.42000000000000004,0.030000000000000002,-3.163E-09,3.1694E-09,-8.9E-13,3.2504E-07,-3.2512E-07
0.42500000000000004,0.030000000000000002,-3.3408E-09,3.3425E-09,-8.7E-13,3.2512E-07,-3.2514E-07
0.43,0.030000000000000002,-3.5274E-09,3.5262E-09,-3.8000000000000005E-13,3.2504E-07,-3.2506E-07
0.435,0.030000000000000002,-3.7124E-09,3.7161E-09,9.0000000000000008E-14,3.2512E-07,-3.2508E-07
0.44,0.030000000000000002,-3.9131E-09,3.9187E-09,-2.5E-13,3.2508E-07,-3.2514E-07
0.445,0.030000000000000002,-4.1287E-09,4.1287E-09,-7.7000000000000005E-13,3.2514E-07,-3.2512E-07
0.45,0.030000000000000002,-4.3499E-09,4.3483999999999996E-09,6.1E-13,3.2504E-07,-3.2512E-07
0.455,0.030000000000000002,-4.5834E-09,4.5752E-09,-7E-14,3.2506E-07,-3.2506E-07
0.46,0.030000000000000002,-4.817E-09,4.8397E-09,-2.5E-13,3.2508E-07,-3.2512E-07
0.465,0.030000000000000002,-5.0718E-09,5.0679E-09,-8.300000000000001E-13,3.2506E-07,-3.2502E-07
0.47000000000000003,0.030000000000000002,-5.3333E-09,5.336E-09,-2.9000000000000003E-13,3.2514E-07,-3.2512E-07
0.47500000000000003,0.030000000000000002,-5.605E-09,5.6175E-09,-5.1E-13,3.2512E-07,-3.2514E-07
0.48000000000000004,0.030000000000000002,-5.8927E-09,5.8939E-09,-1.4900000000000001E-12,3.2504E-07,-3.2506E-07
0.48500000000000004,0.030000000000000002,-6.1861E-09,6.1833E-09,-8.4000000000000006E-13,3.2502E-07,-3.25E-07
0.49000000000000005,0.030000000000000002,-6.4966E-09,6.4979E-09,-9.000000000000001E-13,3.2508E-07,-3.2512E-07
0.49500000000000005,0.030000000000000002,-6.8113E-09,6.8203E-09,-8.8000000000000009E-13,3.2506E-07,-3.2508E-07
0.5,0.030000000000000002,-7.1642E-09,7.1633E-09,-1.2000000000000001E-12,3.251E-07,-3.2512E-07
0.505,0.030000000000000002,-7.5076E-09,7.5059E-09,8.0000000000000013E-14,3.2512E-07,-3.251E-07
0.51,0.030000000000000002,-7.8884E-09,7.8933E-09,-7.4000000000000008E-13,3.2512E-07,-3.2512E-07
0.515,0.030000000000000002,-8.2605E-09,8.2621E-09,-9.000000000000001E-13,3.2506E-07,-3.2504E-07
0.52,0.030000000000000002,-8.6661E-09,8.6647E-09,-2.2000000000000002E-13,3.2504E-07,-3.251E-07
0.525,0.030000000000000002,-9.0704E-09,9.0741E-09,1E-13,3.252E-07,-3.2512E-07
0.53,0.030000000000000002,-9.5017E-09,9.503E-09,-3.9000000000000005E-13,3.251E-07,-3.2518E-07
0.535,0.030000000000000002,-9.954E-09,9.9633E-09,-1E-12,3.2522E-07,-3.2518E-07
0.54,0.030000000000000002,-1.04219E-08,1.04241E-08,-4.9E-13,3.252E-07,-3.2518E-07
0.545,0.030000000000000002,-1.08944E-08,1.09025E-08,-3.0000000000000005E-14,3.2512E-07,-3.2516E-07
0.55,0.030000000000000002,-1.14144E-08,1.1414E-08,-1.6E-12,3.2514E-07,-3.251E-07
0.555,0.030000000000000002,-1.19496E-08,1.19492E-08,-3.5E-13,3.2506E-07,-3.2506E-07
0.56,0.030000000000000002,-1.24836E-08,1.2516E-08,-2.4000000000000004E-13,3.2512E-07,-3.2504E-07
0.56500000000000006,0.030000000000000002,-1.3049199999999999E-08,1.3071799999999999E-08,-2.5E-13,3.2512E-07,-3.2508E-07
0.57000000000000006,0.030000000000000002,-1.3640799999999999E-08,1.3678799999999999E-08,4.4000000000000004E-13,3.2508E-07,-3.2502E-07
0.57500000000000007,0.030000000000000002,-1.4257199999999999E-08,1.4293599999999999E-08,-5.8000000000000005E-13,3.251E-07,-3.2508E-07
0.58000000000000007,0.030000000000000002,-1.4901599999999998E-08,1.49218E-08,2.2000000000000002E-13,3.2516E-07,-3.2506E-07
0.58500000000000008,0.030000000000000002,-1.5568799999999998E-08,1.5587999999999997E-08,-4.0000000000000006E-14,3.2504E-07,-3.2508E-07
0.59000000000000008,0.030000000000000002,-1.62616E-08,1.62856E-08,2.2000000000000002E-13,3.2512E-07,-3.2508E-07
0.595,0.030000000000000002,-1.69754E-08,1.70028E-08,1.0000000000000002E-14,3.25E-07,-3.2504E-07
0.6,0.030000000000000002,-1.7752399999999998E-08,1.7758E-08,7E-14,3.2506E-07,-3.251E-07
0.605,0.030000000000000002,-1.8527599999999997E-08,1.85288E-08,3.0000000000000005E-14,3.2504E-07,-3.2498E-07
0.61,0.030000000000000002,-1.9348399999999997E-08,1.9358799999999997E-08,-8.9E-13,3.2506E-07,-3.2512E-07
0.615,0.030000000000000002,-2.0175199999999998E-08,2.0198799999999997E-08,-6.1E-13,3.2512E-07,-3.2512E-07
0.62,0.030000000000000002,-2.1064199999999997E-08,2.10886E-08,-4.0000000000000006E-14,3.251E-07,-3.2508E-07
0.625,0.030000000000000002,-2.1996199999999998E-08,2.20172E-08,7.8000000000000011E-13,3.251E-07,-3.2512E-07
0.63,0.030000000000000002,-2.29468E-08,2.2955E-08,1.7E-13,3.2506E-07,-3.2512E-07
0.635,0.030000000000000002,-2.3936599999999996E-08,2.3956799999999997E-08,-6.0000000000000009E-14,3.2508E-07,-3.2508E-07
0.64,0.030000000000000002,-2.4968999999999997E-08,2.4994E-08,7E-14,3.2516E-07,-3.2506E-07
0.645,0.030000000000000002,-2.6060399999999998E-08,2.6065999999999997E-08,-3.8000000000000005E-13,3.2512E-07,-3.251E-07
0.65,0.030000000000000002,-2.7171399999999997E-08,2.7197399999999997E-08,-1.3E-13,3.2504E-07,-3.2508E-07
0.655,0.030000000000000002,-2.8312999999999997E-08,2.8312399999999997E-08,-2.8E-13,3.2506E-07,-3.2506E-07
0.66,0.030000000000000002,-2.954E-08,2.9549E-08,-1.18E-12,3.2514E-07,-3.2512E-07
0.665,0.030000000000000002,-3.0813999999999994E-08,3.08252E-08,-6.8E-13,3.251E-07,-3.2514E-07
0.67,0.030000000000000002,-3.2149E-08,3.2172799999999995E-08,-5.8000000000000005E-13,3.2504E-07,-3.2502E-07
0.675,0.030000000000000002,-3.35336E-08,3.35374E-08,-8.9E-13,3.2512E-07,-3.251E-07
0.68,0.030000000000000002,-3.4964599999999994E-08,3.5007E-08,-1.5200000000000002E-12,3.2506E-07,-3.2506E-07
0.685,0.030000000000000002,-3.6493599999999994E-08,3.65112E-08,-6.400000000000001E-13,3.2508E-07,-3.251E-07
0.69000000000000006,0.030000000000000002,-3.80852E-08,3.81038E-08,-9.7000000000000011E-13,3.2506E-07,-3.2506E-07
0.69500000000000006,0.030000000000000002,-3.97032E-08,3.97404E-08,-1.5800000000000001E-12,3.251E-07,-3.2506E-07
0.70000000000000007,0.030000000000000002,-4.1437199999999993E-08,4.1440399999999994E-08,-1.07E-12,3.2506E-07,-3.2512E-07
0.70500000000000007,0.030000000000000002,-4.32196E-08,4.3237E-08,-6.3E-13,3.251E-07,-3.2508E-07
0.71000000000000008,0.030000000000000002,-4.5105399999999994E-08,4.51248E-08,-6.0000000000000007E-13,3.2512E-07,-3.2514E-07
0.71500000000000008,0.030000000000000002,-4.7055999999999995E-08,4.7049999999999994E-08,-3.4E-13,3.2508E-07,-3.2504E-07
0.72000000000000008,0.030000000000000002,-4.91042E-08,4.9119999999999993E-08,-4.2000000000000003E-13,3.2518E-07,-3.251E-07
0.72500000000000009,0.030000000000000002,-5.12496E-08,5.1252399999999996E-08,-7.3E-13,3.2512E-07,-3.2512E-07
0.73,0.030000000000000002,-5.3452599999999994E-08,5.3470799999999992E-08,-8.5000000000000011E-13,3.2514E-07,-3.2514E-07
0.735,0.030000000000000002,-5.58306E-08,5.5846599999999995E-08,-4.5000000000000005E-13,3.2512E-07,-3.2508E-07
0.74,0.030000000000000002,-5.8258199999999996E-08,5.8287799999999995E-08,-1.7E-13,3.251E-07,-3.2508E-07
0.745,0.030000000000000002,-6.08332E-08,6.0861199999999989E-08,-4.2000000000000003E-13,3.251E-07,-3.2508E-07
0.75,0.030000000000000002,-6.351119999999999E-08,6.35392E-08,-8.0000000000000013E-14,3.2506E-07,-3.251E-07
0.755,0.030000000000000002,-6.6344799999999992E-08,6.6361599999999987E-08,-2.3000000000000003E-13,3.2512E-07,-3.2512E-07
0.76,0.030000000000000002,-6.929E-08,6.9309799999999992E-08,-7.2000000000000006E-13,3.2508E-07,-3.2508E-07
0.765,0.030000000000000002,-7.2398E-08,7.2426199999999987E-08,-1.3E-13,3.251E-07,-3.2514E-07
0.77,0.030000000000000002,-7.5618599999999989E-08,7.56018E-08,4.3000000000000004E-13,3.251E-07,-3.251E-07
0.775,0.030000000000000002,-7.9017999999999987E-08,7.9042799999999991E-08,3.2000000000000005E-13,3.2508E-07,-3.2506E-07
0.78,0.030000000000000002,-8.25456E-08,8.25596E-08,3.8000000000000005E-13,3.2512E-07,-3.2508E-07
0.785,0.030000000000000002,-8.62926E-08,8.6323599999999991E-08,-6.0000000000000009E-14,3.251E-07,-3.2506E-07
0.79,0.030000000000000002,-9.0184599999999988E-08,9.0196599999999989E-08,-2E-13,3.2504E-07,-3.2506E-07
0.795,0.030000000000000002,-9.4312399999999986E-08,9.433179999999999E-08,4.4000000000000004E-13,3.251E-07,-3.2512E-07
0.8,0.030000000000000002,-9.85882E-08,9.86E-08,-2E-13,3.2512E-07,-3.2514E-07
0.805,0.030000000000000002,-1.0315599999999999E-07,1.0314039999999999E-07,-8E-13,3.251E-07,-3.251E-07
0.81,0.030000000000000002,-1.0783999999999999E-07,1.078156E-07,-3.7000000000000004E-13,3.2512E-07,-3.2506E-07
0.81500000000000006,0.030000000000000002,-1.1284379999999999E-07,1.1285799999999999E-07,-8.4000000000000006E-13,3.2508E-07,-3.2512E-07
0.82000000000000006,0.030000000000000002,-1.1808E-07,1.1812E-07,-8.7E-13,3.2504E-07,-3.2508E-07
0.82500000000000007,0.030000000000000002,-1.2358E-07,1.236E-07,3.5E-13,3.2506E-07,-3.2504E-07
0.83000000000000007,0.030000000000000002,-1.2932E-07,1.2928E-07,-4.9E-13,3.251E-07,-3.2502E-07
0.83500000000000008,0.030000000000000002,-1.3542E-07,1.3537999999999999E-07,-6.3E-13,3.251E-07,-3.2508E-07
0.84000000000000008,0.030000000000000002,-1.4172E-07,1.4172E-07,-2.0000000000000003E-14,3.2504E-07,-3.2508E-07
0.84500000000000008,0.030000000000000002,-1.4842E-07,1.4842E-07,-4.1E-13,3.2504E-07,-3.25E-07
0.85000000000000009,0.030000000000000002,-1.5544E-07,1.555E-07,-5.6E-13,3.251E-07,-3.2508E-07
0.85500000000000009,0.030000000000000002,-1.6288E-07,1.6292E-07,-4.3000000000000004E-13,3.2506E-07,-3.2512E-07
0.86,0.030000000000000002,-1.7055999999999999E-07,1.7052E-07,-7.6000000000000009E-13,3.2508E-07,-3.2502E-07
0.865,0.030000000000000002,-1.7886E-07,1.7882E-07,-7.100000000000001E-13,3.2504E-07,-3.25E-07
0.87,0.030000000000000002,-1.8728E-07,1.8731999999999999E-07,-3.2000000000000005E-13,3.2506E-07,-3.2506E-07
0.875,0.030000000000000002,-1.9618E-07,1.9628E-07,2.7E-13,3.2506E-07,-3.2514E-07
0.88,0.030000000000000002,-2.0547999999999998E-07,2.0584E-07,-8.9E-13,3.2504E-07,-3.251E-07
0.885,0.030000000000000002,-2.1574E-07,2.1581999999999998E-07,-8.6000000000000007E-13,3.2508E-07,-3.251E-07
0.89,0.030000000000000002,-2.2634E-07,2.2641999999999999E-07,-6.5000000000000006E-13,3.2508E-07,-3.2514E-07
0.895,0.030000000000000002,-2.3731999999999998E-07,2.3736E-07,-1.65E-12,3.2504E-07,-3.2514E-07
0.9,0.030000000000000002,-2.4908E-07,2.4908E-07,1.4E-13,3.251E-07,-3.2504E-07
-0.3,0.04,1.6293E-09,-5.1624E-09,2.2000000000000002E-13,3.2514E-07,-3.2152E-07
-0.29500000000000004,0.04,1.5689E-09,-4.7443E-09,2.0000000000000003E-14,3.2508E-07,-3.2192E-07
-0.29000000000000004,0.04,1.508E-09,-4.3601E-09,-3.1000000000000004E-13,3.2506E-07,-3.2224E-07
-0.28500000000000003,0.04,1.4494E-09,-4.0173E-09,-6.2000000000000008E-13,3.251E-07,-3.2248E-07
-0.28,0.04,1.3985E-09,-3.698E-09,7.5E-13,3.2506E-07,-3.2278E-07
-0.275,0.04,1.3554E-09,-3.4113E-09,-1.9000000000000002E-13,3.2506E-07,-3.2299999999999997E-07
-0.27,0.04,1.306E-09,-3.1502E-09,-4.7E-13,3.2504E-07,-3.2324E-07
-0.265,0.04,1.2613E-09,-2.9131E-09,-4.7E-13,3.251E-07,-3.2336E-07
-0.26,0.04,1.218E-09,-2.6963E-09,1.9000000000000002E-13,3.2512E-07,-3.2362E-07
-0.255,0.04,1.1715E-09,-2.494E-09,-7.4000000000000008E-13,3.2516E-07,-3.238E-07
-0.25,0.04,1.1352E-09,-2.3163E-09,-3.7000000000000004E-13,3.251E-07,-3.2392E-07
-0.24500000000000002,0.04,1.0975E-09,-2.1517E-09,2.8E-13,3.2508E-07,-3.241E-07
-0.24000000000000002,0.04,1.0585E-09,-1.9992E-09,-1.2000000000000001E-12,3.2506E-07,-3.2412E-07
-0.23500000000000001,0.04,1.0184E-09,-1.8587E-09,-7.5E-13,3.2504E-07,-3.2422E-07
-0.23,0.04,9.8113000000000011E-10,-1.7347E-09,-1.12E-12,3.2504E-07,-3.2436E-07
-0.225,0.04,9.4980000000000017E-10,-1.6182E-09,-5.4E-13,3.251E-07,-3.2446E-07
-0.22,0.04,9.1548E-10,-1.5101E-09,-1.07E-12,3.2504E-07,-3.2446E-07
-0.215,0.04,8.7708E-10,-1.41E-09,-1.51E-12,3.2502E-07,-3.2452E-07
-0.21000000000000002,0.04,8.4327E-10,-1.3216E-09,-5E-14,3.2504E-07,-3.2462E-07
-0.20500000000000002,0.04,8.1209E-10,-1.2368E-09,7E-14,3.2506E-07,-3.2466E-07
-0.2,0.04,7.8456E-10,-1.1573E-09,-1.8000000000000002E-13,3.25E-07,-3.246E-07
-0.195,0.04,7.5232E-10,-1.0875E-09,-6.1E-13,3.25E-07,-3.2466E-07
-0.19,0.04,7.299800000000001E-10,-1.0227E-09,4.5000000000000005E-13,3.2508E-07,-3.2484E-07
-0.185,0.04,7.0175000000000008E-10,-9.5776E-10,-7.7000000000000005E-13,3.2512E-07,-3.2488E-07
-0.18000000000000002,0.04,6.7103E-10,-9.0133E-10,-1.22E-12,3.2512E-07,-3.2488E-07
-0.17500000000000002,0.04,6.4629E-10,-8.4956000000000011E-10,-2.5E-13,3.2518E-07,-3.2492E-07
-0.17,0.04,6.2522E-10,-7.9812E-10,-2.1000000000000001E-13,3.2516E-07,-3.25E-07
-0.165,0.04,5.9344000000000007E-10,-7.5086E-10,-1.18E-12,3.2512E-07,-3.25E-07
-0.16,0.04,5.6762000000000005E-10,-7.103E-10,-4.1E-13,3.2512E-07,-3.2496E-07
-0.155,0.04,5.5710000000000007E-10,-6.6868E-10,-6.3E-13,3.251E-07,-3.2504E-07
-0.15,0.04,5.3497000000000007E-10,-6.2938000000000005E-10,-1.14E-12,3.2518E-07,-3.251E-07
-0.14500000000000002,0.04,5.0477E-10,-5.9404E-10,-7.6000000000000009E-13,3.2508E-07,-3.2496E-07
-0.14,0.04,4.8768E-10,-5.6316E-10,3.9000000000000005E-13,3.2508E-07,-3.25E-07
-0.135,0.04,4.7455000000000008E-10,-5.2856000000000009E-10,-3.7000000000000004E-13,3.251E-07,-3.2506E-07
-0.13,0.04,4.4756000000000006E-10,-4.993E-10,-1.7700000000000001E-12,3.2504E-07,-3.25E-07
-0.125,0.04,4.2611000000000004E-10,-4.7417E-10,-1.2000000000000002E-13,3.251E-07,-3.2502E-07
-0.12000000000000001,0.04,4.1185000000000003E-10,-4.4618000000000006E-10,-3.1000000000000004E-13,3.2508E-07,-3.2496E-07
-0.115,0.04,3.9435000000000004E-10,-4.2075E-10,-1.0600000000000001E-12,3.2502E-07,-3.2502E-07
-0.11,0.04,3.7260000000000004E-10,-3.9798000000000006E-10,-9.2000000000000012E-13,3.2506E-07,-3.25E-07
-0.10500000000000001,0.04,3.6588000000000003E-10,-3.7598000000000003E-10,8.6000000000000007E-13,3.251E-07,-3.2506E-07
-0.1,0.04,3.5608E-10,-3.5288000000000003E-10,1.6000000000000003E-13,3.251E-07,-3.2512E-07
-0.095,0.04,3.3276000000000005E-10,-3.3213E-10,-2.5E-13,3.251E-07,-3.2504E-07
-0.090000000000000011,0.04,3.0978000000000004E-10,-3.1529E-10,4.0000000000000006E-14,3.2504E-07,-3.2496E-07
-0.085,0.04,3.0393E-10,-2.9470000000000003E-10,-1E-12,3.25E-07,-3.25E-07
-0.08,0.04,2.837E-10,-2.7649000000000005E-10,-7.8000000000000011E-13,3.2508E-07,-3.25E-07
-0.075,0.04,2.6671E-10,-2.6081E-10,-4.2000000000000003E-13,3.251E-07,-3.2508E-07
-0.07,0.04,2.5725E-10,-2.4454E-10,4.5000000000000005E-13,3.251E-07,-3.2504E-07
-0.065,0.04,2.4515000000000003E-10,-2.2687000000000001E-10,-7.3E-13,3.2508E-07,-3.2502E-07
-0.060000000000000005,0.04,2.2836000000000003E-10,-2.1146E-10,2.8E-13,3.251E-07,-3.2518E-07
-0.055,0.04,2.1626E-10,-1.9828E-10,-1.7E-13,3.2516E-07,-3.2516E-07
-0.05,0.04,2.0982E-10,-1.8228000000000002E-10,-7.3E-13,3.2516E-07,-3.252E-07
-0.045000000000000005,0.04,1.9759E-10,-1.6802E-10,-9.2000000000000012E-13,3.2512E-07,-3.2524E-07
-0.04,0.04,1.8183E-10,-1.559E-10,-2.2000000000000002E-13,3.2516E-07,-3.2512E-07
-0.035,0.04,1.7113E-10,-1.4230000000000002E-10,-6.0000000000000009E-14,3.2506E-07,-3.2506E-07
-0.030000000000000002,0.04,1.5365E-10,-1.2873E-10,-6.3E-13,3.2516E-07,-3.2518E-07
-0.025,0.04,1.3853E-10,-1.173E-10,1.5000000000000002E-13,3.2514E-07,-3.2514E-07
-0.02,0.04,1.2795E-10,-1.0746000000000001E-10,7.100000000000001E-13,3.2516E-07,-3.2518E-07
-0.015000000000000001,0.04,1.2494E-10,-9.4060000000000009E-11,-4.5000000000000005E-13,3.2516E-07,-3.2524E-07
-0.01,0.04,1.1102000000000001E-10,-8.315E-11,-4.9E-13,3.2504E-07,-3.2504E-07
-0.005,0.04,1.0444E-10,-7.573E-11,8.0000000000000013E-14,3.251E-07,-3.2512E-07
0,0.04,1.0048000000000001E-10,-6.352E-11,6.2000000000000008E-13,3.2512E-07,-3.2508E-07
0.005,0.04,8.4930000000000011E-11,-5.514E-11,-6.7000000000000007E-13,3.251E-07,-3.2508E-07
0.01,0.04,7.4450000000000012E-11,-4.7040000000000006E-11,-2E-13,3.2506E-07,-3.2514E-07
0.015000000000000001,0.04,6.702E-11,-3.973E-11,-6.5000000000000006E-13,3.251E-07,-3.251E-07
0.02,0.04,6.247E-11,-2.9070000000000003E-11,-1.6E-12,3.2504E-07,-3.2504E-07
0.025,0.04,4.8670000000000005E-11,-2.4040000000000002E-11,-1.3500000000000001E-12,3.251E-07,-3.2514E-07
0.030000000000000002,0.04,4.3860000000000004E-11,-1.683E-11,-2.2000000000000002E-13,3.2508E-07,-3.2512E-07
0.035,0.04,4.3530000000000004E-11,-8.54E-12,-9.0000000000000008E-14,3.251E-07,-3.2504E-07
0.04,0.04,3.117E-11,-2.3800000000000004E-12,-1.27E-12,3.2502E-07,-3.2508E-07
0.045000000000000005,0.04,2.6140000000000003E-11,2.3300000000000004E-12,-3.5E-13,3.25E-07,-3.2498E-07
0.05,0.04,2.6830000000000003E-11,9.23E-12,6.3E-13,3.25E-07,-3.2502E-07
0.055,0.04,1.4310000000000002E-11,1.6980000000000002E-11,-1.8000000000000002E-12,3.2508E-07,-3.25E-07
0.060000000000000005,0.04,4.5400000000000004E-12,2.2240000000000002E-11,-8.6000000000000007E-13,3.2504E-07,-3.2502E-07
0.065,0.04,6.3300000000000007E-12,2.6180000000000004E-11,-4.5000000000000005E-13,3.2502E-07,-3.2514E-07
0.07,0.04,8.35E-12,3.518E-11,-6.400000000000001E-13,3.2506E-07,-3.251E-07
0.075,0.04,-8.4900000000000012E-12,3.821E-11,-1.0500000000000002E-12,3.2506E-07,-3.2514E-07
0.08,0.04,-6.6E-12,4.243E-11,-9.0000000000000008E-14,3.2512E-07,-3.251E-07
0.085,0.04,-7.6E-12,5.025E-11,-6.3E-13,3.2506E-07,-3.2518E-07
0.090000000000000011,0.04,-2.604E-11,5.6220000000000007E-11,-6.8E-13,3.25E-07,-3.2516E-07
0.095,0.04,-3.296E-11,5.7930000000000007E-11,-5.3000000000000006E-13,3.2506E-07,-3.2502E-07
0.1,0.04,-3.289E-11,6.52E-11,-2.6E-13,3.2506E-07,-3.2512E-07
0.10500000000000001,0.04,-3.213E-11,7.2970000000000008E-11,-1.07E-12,3.25E-07,-3.2514E-07
0.11,0.04,-4.821E-11,7.778E-11,-2.3000000000000003E-13,3.2504E-07,-3.2502E-07
0.115,0.04,-4.916E-11,8.183E-11,2.7E-13,3.2508E-07,-3.2504E-07
0.12000000000000001,0.04,-4.771E-11,8.9510000000000009E-11,-2.2000000000000002E-13,3.2506E-07,-3.2508E-07
0.125,0.04,-6.392000000000001E-11,9.796E-11,-1.1600000000000001E-12,3.2498E-07,-3.2506E-07
0.13,0.04,-7.6390000000000007E-11,1.0121E-10,5.2E-13,3.2504E-07,-3.2504E-07
0.135,0.04,-7.289E-11,1.0839000000000001E-10,-1.9000000000000002E-13,3.2506E-07,-3.2508E-07
0.14,0.04,-8.594E-11,1.1693E-10,-1.5E-12,3.2508E-07,-3.2518E-07
0.14500000000000002,0.04,-9.846E-11,1.2375E-10,-2.2000000000000002E-13,3.2512E-07,-3.2516E-07
0.15,0.04,-1.0687000000000002E-10,1.3135000000000002E-10,-1.8000000000000002E-13,3.2506E-07,-3.2516E-07
0.155,0.04,-1.0740000000000001E-10,1.4037E-10,-4.4000000000000004E-13,3.2504E-07,-3.2512E-07
0.16,0.04,-1.1744E-10,1.4947E-10,-7.6000000000000009E-13,3.2506E-07,-3.2508E-07
0.165,0.04,-1.2842E-10,1.5673E-10,5.1E-13,3.2504E-07,-3.2508E-07
0.17,0.04,-1.3007000000000002E-10,1.6769000000000002E-10,-5.4E-13,3.2506E-07,-3.2506E-07
0.17500000000000002,0.04,-1.3829000000000002E-10,1.7776000000000002E-10,-7.7000000000000005E-13,3.2496E-07,-3.251E-07
0.18000000000000002,0.04,-1.5833E-10,1.8543000000000003E-10,-5.7E-13,3.2504E-07,-3.2506E-07
0.185,0.04,-1.6612000000000002E-10,1.9771E-10,-1.2000000000000002E-13,3.2506E-07,-3.251E-07
0.19,0.04,-1.7113E-10,2.1122000000000002E-10,-3.0000000000000003E-13,3.2512E-07,-3.2506E-07
0.195,0.04,-1.9440000000000002E-10,2.2131E-10,-7.6000000000000009E-13,3.2506E-07,-3.2512E-07
0.2,0.04,-2.0558000000000003E-10,2.3132E-10,-4E-13,3.25E-07,-3.2502E-07
0.20500000000000002,0.04,-2.1094000000000002E-10,2.4691000000000003E-10,3.8000000000000005E-13,3.2508E-07,-3.2502E-07
0.21000000000000002,0.04,-2.3261E-10,2.6136E-10,-8.2E-13,3.2506E-07,-3.2508E-07
0.215,0.04,-2.4669E-10,2.7432000000000004E-10,-7.9000000000000007E-13,3.2506E-07,-3.2506E-07
0.22,0.04,-2.5480000000000004E-10,2.8907E-10,5.6E-13,3.2498E-07,-3.2514E-07
0.225,0.04,-2.7409000000000003E-10,3.0662E-10,-1.1100000000000001E-12,3.251E-07,-3.2508E-07
0.23,0.04,-2.9165E-10,3.2181000000000005E-10,-8.1000000000000008E-13,3.2506E-07,-3.2508E-07
0.23500000000000001,0.04,-3.1301000000000004E-10,3.4021E-10,-5E-13,3.2506E-07,-3.2506E-07
0.24000000000000002,0.04,-3.2313E-10,3.6052E-10,-1.4E-13,3.2506E-07,-3.2508E-07
0.24500000000000002,0.04,-3.4707E-10,3.7934E-10,-1.4800000000000002E-12,3.2496E-07,-3.2502E-07
0.25,0.04,-3.7018E-10,3.9969000000000004E-10,-4.6000000000000006E-13,3.2508E-07,-3.2514E-07
0.255,0.04,-3.9391000000000004E-10,4.2504E-10,-9.6000000000000015E-13,3.2512E-07,-3.2512E-07
0.26,0.04,-4.2788E-10,4.4803000000000005E-10,-1.17E-12,3.2516E-07,-3.2512E-07
0.265,0.04,-4.5536E-10,4.7278E-10,-4.3000000000000004E-13,3.251E-07,-3.2514E-07
0.27,0.04,-4.7119E-10,5.0053E-10,2.4000000000000004E-13,3.251E-07,-3.2516E-07
0.275,0.04,-5.0396000000000009E-10,5.3328E-10,-1.6100000000000002E-12,3.2506E-07,-3.2514E-07
0.28,0.04,-5.3676E-10,5.6137E-10,-6.8E-13,3.251E-07,-3.2514E-07
0.28500000000000003,0.04,-5.7225000000000007E-10,5.9517E-10,-1.0600000000000001E-12,3.2512E-07,-3.2518E-07
0.29000000000000004,0.04,-6.0259000000000009E-10,6.334E-10,-5.5000000000000008E-13,3.251E-07,-3.2512E-07
0.29500000000000004,0.04,-6.4522000000000007E-10,6.7104000000000009E-10,-5.4E-13,3.251E-07,-3.2512E-07
0.3,0.04,-6.8694E-10,7.1007E-10,-1.5000000000000002E-13,3.2518E-07,-3.252E-07
0.305,0.04,-7.2242000000000008E-10,7.5324000000000008E-10,-3.3E-13,3.2508E-07,-3.2512E-07
0.31,0.04,-7.6846000000000005E-10,8.0363E-10,-1.3300000000000002E-12,3.2508E-07,-3.2518E-07
0.315,0.04,-8.280800000000001E-10,8.4958000000000008E-10,-1.3300000000000002E-12,3.2516E-07,-3.2516E-07
0.32,0.04,-8.7215E-10,9.0213000000000007E-10,-4.1E-13,3.251E-07,-3.2512E-07
0.325,0.04,-9.2525000000000009E-10,9.5997000000000015E-10,-4.1E-13,3.2512E-07,-3.2516E-07
0.33,0.04,-9.9175E-10,1.01815E-09,-1.14E-12,3.251E-07,-3.2518E-07
0.335,0.04,-1.0509200000000001E-09,1.07844E-09,-3.3E-13,3.2514E-07,-3.2518E-07
0.34,0.04,-1.1159E-09,1.1429E-09,-4.0000000000000006E-14,3.251E-07,-3.2514E-07
0.34500000000000003,0.04,-1.1766E-09,1.2124E-09,-4.1E-13,3.2512E-07,-3.2514E-07
0.35000000000000003,0.04,-1.2487E-09,1.2874E-09,-7.7000000000000005E-13,3.25E-07,-3.2504E-07
0.35500000000000004,0.04,-1.3361E-09,1.3616E-09,-6.2000000000000008E-13,3.2506E-07,-3.2508E-07
0.36000000000000004,0.04,-1.4139E-09,1.4402E-09,1.7E-13,3.2504E-07,-3.2506E-07
0.365,0.04,-1.4884E-09,1.5292E-09,-3.2000000000000005E-13,3.2498E-07,-3.2502E-07
0.37,0.04,-1.583E-09,1.6198E-09,-5.6E-13,3.251E-07,-3.2514E-07
0.375,0.04,-1.6858E-09,1.714E-09,3.1000000000000004E-13,3.2516E-07,-3.2516E-07
0.38,0.04,-1.7815E-09,1.8141E-09,-2.3000000000000003E-13,3.2512E-07,-3.2516E-07
0.385,0.04,-1.8819E-09,1.9192E-09,-2.4000000000000004E-13,3.2512E-07,-3.2508E-07
0.39,0.04,-2.0007E-09,2.0313E-09,-6.400000000000001E-13,3.2508E-07,-3.251E-07
0.395,0.04,-2.1167E-09,2.148E-09,-1E-13,3.25E-07,-3.2514E-07
0.4,0.04,-2.2361E-09,2.2847E-09,-6.1E-13,3.2506E-07,-3.2516E-07
0.405,0.04,-2.3688E-09,2.4056E-09,-1.0500000000000002E-12,3.2516E-07,-3.2514E-07
0.41000000000000003,0.04,-2.5118E-09,2.5403E-09,-1.21E-12,3.251E-07,-3.2518E-07
0.41500000000000004,0.04,-2.6497E-09,2.6793E-09,-3.5E-13,3.2518E-07,-3.2518E-07
0.42000000000000004,0.04,-2.7934E-09,2.8319E-09,-7.7000000000000005E-13,3.251E-07,-3.2512E-07
0.42500000000000004,0.04,-2.956E-09,2.9897E-09,-1.3800000000000002E-12,3.2504E-07,-3.25E-07
0.43,0.04,-3.1219E-09,3.151E-09,-5E-13,3.25E-07,-3.25E-07
0.435,0.04,-3.2893E-09,3.323E-09,-6.3E-13,3.2508E-07,-3.2514E-07
0.44,0.04,-3.4701E-09,3.5072E-09,-1.14E-12,3.2504E-07,-3.25E-07
0.445,0.04,-3.6647E-09,3.6927E-09,-9.7000000000000011E-13,3.251E-07,-3.2512E-07
0.45,0.04,-3.8769E-09,3.9055E-09,-5.6E-13,3.2514E-07,-3.2518E-07
0.455,0.04,-4.0649E-09,4.1043E-09,9.0000000000000008E-14,3.2518E-07,-3.2514E-07
0.46,0.04,-4.2859E-09,4.3237E-09,-1.08E-12,3.251E-07,-3.2514E-07
0.465,0.04,-4.5238E-09,4.5498E-09,-5.5000000000000008E-13,3.2512E-07,-3.2514E-07
0.47000000000000003,0.04,-4.7514E-09,4.7846E-09,-1.4E-13,3.2514E-07,-3.2512E-07
0.47500000000000003,0.04,-5.0024E-09,5.0391E-09,-1.5000000000000002E-13,3.251E-07,-3.2512E-07
0.48000000000000004,0.04,-5.2728E-09,5.3011E-09,-9.4E-13,3.25E-07,-3.2508E-07
0.48500000000000004,0.04,-5.5571E-09,5.5711E-09,-4.3000000000000004E-13,3.25E-07,-3.2502E-07
0.49000000000000005,0.04,-5.8263E-09,5.8602E-09,-1E-13,3.2508E-07,-3.2502E-07
0.49500000000000005,0.04,-6.118E-09,6.1544E-09,-5.4E-13,3.2504E-07,-3.251E-07
0.5,0.04,-6.4367E-09,6.4697E-09,-8.7E-13,3.2504E-07,-3.2504E-07
0.505,0.04,-6.7591E-09,6.7917E-09,-2.5E-13,3.2498E-07,-3.2506E-07
0.51,0.04,-7.0947E-09,7.1315E-09,-7.5E-13,3.2504E-07,-3.2512E-07
0.515,0.04,-7.4448E-09,7.4795E-09,-8.1000000000000008E-13,3.2504E-07,-3.2506E-07
0.52,0.04,-7.8189E-09,7.8482E-09,-8.5000000000000011E-13,3.2502E-07,-3.2502E-07
0.525,0.04,-8.1937E-09,8.2311E-09,-5.8000000000000005E-13,3.2504E-07,-3.2506E-07
0.53,0.04,-8.5903E-09,8.6308E-09,-7.2000000000000006E-13,3.2508E-07,-3.2508E-07
0.535,0.04,-9.01E-09,9.0381E-09,-1.18E-12,3.2502E-07,-3.2504E-07
0.54,0.04,-9.4406E-09,9.4698E-09,-2.2000000000000002E-13,3.2504E-07,-3.2502E-07
0.545,0.04,-9.8911E-09,9.9315E-09,-1E-13,3.2506E-07,-3.2512E-07
0.55,0.04,-1.03476E-08,1.03833E-08,-8.0000000000000013E-14,3.25E-07,-3.2504E-07
0.555,0.04,-1.0842E-08,1.08733E-08,-3.0000000000000003E-13,3.2504E-07,-3.25E-07
0.56,0.04,-1.136E-08,1.13862E-08,-1.5000000000000002E-13,3.2498E-07,-3.2508E-07
0.56500000000000006,0.04,-1.1868599999999999E-08,1.1921399999999998E-08,-6.5000000000000006E-13,3.25E-07,-3.2508E-07
0.57000000000000006,0.04,-1.2446599999999999E-08,1.2474599999999999E-08,-9.8E-13,3.25E-07,-3.2506E-07
0.57500000000000007,0.04,-1.29934E-08,1.3022199999999998E-08,-9.9E-13,3.2506E-07,-3.2506E-07
0.58000000000000007,0.04,-1.35598E-08,1.3609399999999998E-08,-3.4E-13,3.2508E-07,-3.2502E-07
0.58500000000000008,0.04,-1.4180399999999999E-08,1.4214199999999998E-08,1.6000000000000003E-13,3.251E-07,-3.2508E-07
0.59000000000000008,0.04,-1.48214E-08,1.48724E-08,-9.000000000000001E-13,3.2498E-07,-3.2502E-07
0.595,0.04,-1.5483799999999997E-08,1.5517399999999998E-08,-8.300000000000001E-13,3.2498E-07,-3.2504E-07
0.6,0.04,-1.6171199999999997E-08,1.6233799999999997E-08,-1.17E-12,3.2506E-07,-3.25E-07
0.605,0.04,-1.6886E-08,1.69312E-08,-5.9E-13,3.251E-07,-3.251E-07
0.61,0.04,-1.76426E-08,1.77044E-08,-7.4000000000000008E-13,3.2504E-07,-3.2514E-07
0.615,0.04,-1.84238E-08,1.8459799999999997E-08,-8.4000000000000006E-13,3.2504E-07,-3.2512E-07
0.62,0.04,-1.92378E-08,1.9288799999999997E-08,-1.55E-12,3.2514E-07,-3.2518E-07
0.625,0.04,-2.0068399999999997E-08,2.0113399999999998E-08,-1.0500000000000002E-12,3.251E-07,-3.2508E-07
0.63,0.04,-2.09752E-08,2.102E-08,-3.6000000000000003E-13,3.2508E-07,-3.2512E-07
0.635,0.04,-2.1858399999999998E-08,2.1908999999999998E-08,-5.9E-13,3.2516E-07,-3.2508E-07
0.64,0.04,-2.2833199999999998E-08,2.28722E-08,-7.3E-13,3.2512E-07,-3.2514E-07
0.645,0.04,-2.38172E-08,2.3869199999999998E-08,-4.3000000000000004E-13,3.251E-07,-3.2514E-07
0.65,0.04,-2.4835799999999997E-08,2.4905199999999998E-08,-1.1900000000000002E-12,3.2506E-07,-3.2512E-07
0.655,0.04,-2.5917799999999997E-08,2.5962799999999998E-08,-7.6000000000000009E-13,3.251E-07,-3.2512E-07
0.66,0.04,-2.7063399999999997E-08,2.71114E-08,-3.1000000000000004E-13,3.2506E-07,-3.2512E-07
0.665,0.04,-2.82218E-08,2.8276399999999996E-08,6.0000000000000009E-14,3.2512E-07,-3.2508E-07
0.67,0.04,-2.9444599999999998E-08,2.9515199999999998E-08,-3.6000000000000003E-13,3.2508E-07,-3.2518E-07
0.675,0.04,-3.0707E-08,3.07534E-08,-2.8E-13,3.2512E-07,-3.2514E-07
0.68,0.04,-3.2062399999999995E-08,3.21118E-08,-9.0000000000000008E-14,3.251E-07,-3.2514E-07
0.685,0.04,-3.34472E-08,3.34922E-08,-4.3000000000000004E-13,3.2512E-07,-3.2512E-07
0.69000000000000006,0.04,-3.4897799999999995E-08,3.49556E-08,1.7E-13,3.2506E-07,-3.2512E-07
0.69500000000000006,0.04,-3.6369399999999995E-08,3.6439799999999997E-08,-2.7E-13,3.25E-07,-3.2506E-07
0.70000000000000007,0.04,-3.7985999999999994E-08,3.80216E-08,-1.0000000000000002E-14,3.2506E-07,-3.2506E-07
0.70500000000000007,0.04,-3.96146E-08,3.9675599999999996E-08,-6.8E-13,3.25E-07,-3.2512E-07
0.71000000000000008,0.04,-4.1327599999999996E-08,4.13762E-08,-7.8000000000000011E-13,3.2506E-07,-3.2506E-07
0.71500000000000008,0.04,-4.3150799999999996E-08,4.3190799999999995E-08,-5E-14,3.25E-07,-3.251E-07
0.72000000000000008,0.04,-4.50006E-08,4.5058799999999996E-08,-6.8E-13,3.2508E-07,-3.2508E-07
0.72500000000000009,0.04,-4.6971E-08,4.7016599999999995E-08,-2.2000000000000002E-13,3.2506E-07,-3.2506E-07
0.73,0.04,-4.90014E-08,4.9057999999999995E-08,-5.3000000000000006E-13,3.25E-07,-3.2502E-07
0.735,0.04,-5.1169999999999994E-08,5.1233999999999994E-08,-4.5000000000000005E-13,3.2502E-07,-3.2502E-07
0.74,0.04,-5.3391799999999995E-08,5.34342E-08,-1.32E-12,3.2502E-07,-3.2504E-07
0.745,0.04,-5.5748399999999992E-08,5.5804199999999992E-08,-2.1000000000000001E-13,3.2498E-07,-3.2506E-07
0.75,0.04,-5.8199999999999992E-08,5.8223799999999995E-08,-3.0000000000000003E-13,3.2504E-07,-3.251E-07
0.755,0.04,-6.0785799999999988E-08,6.0822599999999993E-08,-1.1000000000000001E-13,3.2508E-07,-3.2502E-07
0.76,0.04,-6.34546E-08,6.34996E-08,-7E-13,3.2504E-07,-3.2508E-07
0.765,0.04,-6.6259599999999991E-08,6.63236E-08,-1.3300000000000002E-12,3.25E-07,-3.2504E-07
0.77,0.04,-6.91968E-08,6.9228799999999993E-08,-1.0500000000000002E-12,3.2498E-07,-3.2502E-07
0.775,0.04,-7.2329E-08,7.2355799999999992E-08,-9.6000000000000015E-13,3.25E-07,-3.2504E-07
0.78,0.04,-7.55296E-08,7.5574799999999989E-08,-6.3E-13,3.2498E-07,-3.2502E-07
0.785,0.04,-7.8939999999999991E-08,7.9001199999999991E-08,-1.14E-12,3.2498E-07,-3.2506E-07
0.79,0.04,-8.24558E-08,8.2521999999999989E-08,-1.0600000000000001E-12,3.2504E-07,-3.25E-07
0.795,0.04,-8.6223199999999988E-08,8.626899999999999E-08,-9.7000000000000011E-13,3.2506E-07,-3.2506E-07
0.8,0.04,-9.0104399999999993E-08,9.01392E-08,-1.0100000000000001E-12,3.251E-07,-3.2506E-07
0.805,0.04,-9.4228799999999992E-08,9.4269799999999986E-08,-5E-13,3.25E-07,-3.2504E-07
0.81,0.04,-9.8519399999999992E-08,9.8537999999999992E-08,-1.7E-13,3.2502E-07,-3.2502E-07
0.81500000000000006,0.04,-1.0305559999999999E-07,1.0309979999999999E-07,-1.04E-12,3.25E-07,-3.2504E-07
0.82000000000000006,0.04,-1.0776459999999999E-07,1.078254E-07,-1.02E-12,3.2494E-07,-3.2496E-07
0.82500000000000007,0.04,-1.1278839999999999E-07,1.1283099999999999E-07,-6.0000000000000009E-14,3.2502E-07,-3.2506E-07
0.83000000000000007,0.04,-1.1798E-07,1.1802E-07,-6.3E-13,3.2498E-07,-3.2498E-07
0.83500000000000008,0.04,-1.2344E-07,1.2356E-07,-4.8000000000000008E-13,3.2498E-07,-3.2502E-07
0.84000000000000008,0.04,-1.2922E-07,1.2923999999999999E-07,2.2000000000000002E-13,3.2496E-07,-3.2506E-07
0.84500000000000008,0.04,-1.3526E-07,1.354E-07,-9.000000000000001E-13,3.2502E-07,-3.2508E-07
0.85000000000000009,0.04,-1.4162E-07,1.4164E-07,-1.4900000000000001E-12,3.2496E-07,-3.2502E-07
0.85500000000000009,0.04,-1.4834E-07,1.4838E-07,-1.0000000000000002E-14,3.25E-07,-3.2502E-07
0.86,0.04,-1.5526E-07,1.5544E-07,-4.4000000000000004E-13,3.2498E-07,-3.2508E-07
0.865,0.04,-1.6276E-07,1.6274E-07,-1.55E-12,3.2502E-07,-3.2504E-07
0.87,0.04,-1.7042E-07,1.7044E-07,-1.0100000000000001E-12,3.2506E-07,-3.251E-07
0.875,0.04,-1.7856E-07,1.7858E-07,7.9000000000000007E-13,3.2502E-07,-3.2508E-07
0.88,0.04,-1.8716E-07,1.8728E-07,4.0000000000000006E-14,3.2502E-07,-3.2508E-07
0.885,0.04,-1.962E-07,1.9622E-07,-1.4300000000000002E-12,3.2506E-07,-3.2508E-07
0.89,0.04,-2.0568E-07,2.057E-07,4E-13,3.2502E-07,-3.2502E-07
0.895,0.04,-2.1552E-07,2.156E-07,-2.1000000000000001E-13,3.25E-07,-3.2504E-07
0.9,0.04,-2.2618E-07,2.262E-07,-1.4700000000000002E-12,3.2502E-07,-3.2502E-07
-0.3,0.05,1.7506E-09,-5.2549E-09,-1.21E-12,3.25E-07,-3.2148E-07
-0.29500000000000004,0.05,1.6763E-09,-4.8379E-09,-9.2000000000000012E-13,3.2498E-07,-3.2184E-07
-0.29000000000000004,0.05,1.6283E-09,-4.4499E-09,-3.5E-13,3.25E-07,-3.2212E-07
-0.28500000000000003,0.05,1.5774E-09,-4.1018E-09,-8.9E-13,3.2502E-07,-3.2248E-07
-0.28,0.05,1.5174E-09,-3.78E-09,-1.27E-12,3.2502E-07,-3.2268E-07
-0.275,0.05,1.4683E-09,-3.496E-09,-7E-14,3.249E-07,-3.2292E-07
-0.27,0.05,1.4239E-09,-3.2322E-09,1.1000000000000001E-13,3.2496E-07,-3.2312E-07
-0.265,0.05,1.3735E-09,-2.9884E-09,-1.51E-12,3.2498E-07,-3.2332E-07
-0.26,0.05,1.3229E-09,-2.7725E-09,-4.4000000000000004E-13,3.2504E-07,-3.2355999999999997E-07
-0.255,0.05,1.2796E-09,-2.5726E-09,2.1000000000000001E-13,3.2506E-07,-3.2376E-07
-0.25,0.05,1.2396E-09,-2.3902E-09,-2.2000000000000002E-13,3.2502E-07,-3.2388E-07
-0.24500000000000002,0.05,1.2007E-09,-2.2211E-09,-1.0600000000000001E-12,3.2498E-07,-3.24E-07
-0.24000000000000002,0.05,1.1535E-09,-2.0739E-09,3.7000000000000004E-13,3.2502E-07,-3.2412E-07
-0.23500000000000001,0.05,1.1224E-09,-1.9304E-09,-2.7E-13,3.2498E-07,-3.2416E-07
-0.23,0.05,1.079E-09,-1.8032E-09,-7.5E-13,3.25E-07,-3.2426E-07
-0.225,0.05,1.0325E-09,-1.6816E-09,-9.7000000000000011E-13,3.2506E-07,-3.2434E-07
-0.22,0.05,9.964E-10,-1.5778E-09,5E-14,3.2504E-07,-3.2442E-07
-0.215,0.05,9.6811E-10,-1.474E-09,-2.5E-13,3.2508E-07,-3.2448E-07
-0.21000000000000002,0.05,9.2472000000000009E-10,-1.3826E-09,-1.4200000000000002E-12,3.2506E-07,-3.246E-07
-0.20500000000000002,0.05,8.9464E-10,-1.2978E-09,6.1E-13,3.2506E-07,-3.2466E-07
-0.2,0.05,8.6650000000000006E-10,-1.2164E-09,-3.0000000000000003E-13,3.2512E-07,-3.2468E-07
-0.195,0.05,8.377100000000001E-10,-1.1426E-09,7E-14,3.2512E-07,-3.2474E-07
-0.19,0.05,7.9783E-10,-1.0781E-09,-4E-13,3.2504E-07,-3.2486E-07
-0.185,0.05,7.7774E-10,-1.0121E-09,-3.2000000000000005E-13,3.2504E-07,-3.248E-07
-0.18000000000000002,0.05,7.4800000000000011E-10,-9.4999000000000015E-10,-2E-12,3.2504E-07,-3.2484E-07
-0.17500000000000002,0.05,7.2005E-10,-8.9814000000000006E-10,-7.3E-13,3.25E-07,-3.2488E-07
-0.17,0.05,7.0240000000000008E-10,-8.4766E-10,4E-13,3.2502E-07,-3.2488E-07
-0.165,0.05,6.8166E-10,-7.9845000000000007E-10,-8.4000000000000006E-13,3.2512E-07,-3.249E-07
-0.16,0.05,6.4222000000000008E-10,-7.5194000000000009E-10,-2.1500000000000003E-12,3.251E-07,-3.2496E-07
-0.155,0.05,6.1659E-10,-7.1322E-10,-3.6000000000000003E-13,3.2502E-07,-3.25E-07
-0.15,0.05,5.9720000000000007E-10,-6.7358000000000007E-10,-4.5000000000000005E-13,3.251E-07,-3.25E-07
-0.14500000000000002,0.05,5.7413000000000006E-10,-6.3608E-10,-1.1900000000000002E-12,3.251E-07,-3.2504E-07
-0.14,0.05,5.4842000000000006E-10,-6.0143000000000006E-10,-6.8E-13,3.2506E-07,-3.2496E-07
-0.135,0.05,5.3259E-10,-5.6998E-10,-2.4000000000000004E-13,3.2504E-07,-3.2506E-07
-0.13,0.05,5.0862E-10,-5.3672000000000009E-10,-6.8E-13,3.2504E-07,-3.2504E-07
-0.125,0.05,4.8127E-10,-5.1011E-10,-4.6000000000000006E-13,3.2506E-07,-3.2512E-07
-0.12000000000000001,0.05,4.6848E-10,-4.8199E-10,3.8000000000000005E-13,3.251E-07,-3.2504E-07
-0.115,0.05,4.5548E-10,-4.5361000000000005E-10,-9.8E-13,3.2506E-07,-3.2508E-07
-0.11,0.05,4.3243E-10,-4.3044E-10,-8E-13,3.2506E-07,-3.251E-07
-0.10500000000000001,0.05,4.1155000000000004E-10,-4.0781E-10,4E-13,3.2504E-07,-3.251E-07
-0.1,0.05,4.0199E-10,-3.8457000000000005E-10,2E-13,3.2506E-07,-3.2514E-07
-0.095,0.05,3.8394E-10,-3.6222E-10,-3.2000000000000005E-13,3.251E-07,-3.2508E-07
-0.090000000000000011,0.05,3.6089000000000003E-10,-3.4398000000000004E-10,-1.13E-12,3.2506E-07,-3.2516E-07
-0.085,0.05,3.5208000000000004E-10,-3.252E-10,3.2000000000000005E-13,3.2504E-07,-3.2512E-07
-0.08,0.05,3.4062E-10,-3.0412000000000003E-10,-4.7E-13,3.2506E-07,-3.2506E-07
-0.075,0.05,3.2041000000000003E-10,-2.867E-10,-7.3E-13,3.2506E-07,-3.2514E-07
-0.07,0.05,3.0537E-10,-2.7074000000000004E-10,-6.2000000000000008E-13,3.2506E-07,-3.2512E-07
-0.065,0.05,2.9638E-10,-2.5426E-10,-2.3000000000000003E-13,3.2504E-07,-3.2512E-07
-0.060000000000000005,0.05,2.8019000000000004E-10,-2.3753E-10,-3.3E-13,3.2502E-07,-3.2508E-07
-0.055,0.05,2.6126000000000004E-10,-2.2337000000000003E-10,3.1000000000000004E-13,3.251E-07,-3.2508E-07
-0.05,0.05,2.5393E-10,-2.0827000000000002E-10,-3.4E-13,3.2504E-07,-3.2508E-07
-0.045000000000000005,0.05,2.3866000000000003E-10,-1.9223000000000002E-10,-5.8000000000000005E-13,3.2506E-07,-3.2512E-07
-0.04,0.05,2.2373E-10,-1.791E-10,-6.3E-13,3.2504E-07,-3.2508E-07
-0.035,0.05,2.1188000000000002E-10,-1.6668E-10,-5E-13,3.2512E-07,-3.2508E-07
-0.030000000000000002,0.05,2.0651000000000002E-10,-1.5015000000000002E-10,-4.0000000000000006E-14,3.2506E-07,-3.2512E-07
-0.025,0.05,1.9251000000000002E-10,-1.3847000000000001E-10,-4.7E-13,3.2506E-07,-3.2512E-07
-0.02,0.05,1.7433E-10,-1.2907E-10,2.8E-13,3.25E-07,-3.2506E-07
-0.015000000000000001,0.05,1.7053E-10,-1.153E-10,-3.3E-13,3.2502E-07,-3.2504E-07
-0.01,0.05,1.6013000000000002E-10,-1.0232E-10,-1.2000000000000001E-12,3.2506E-07,-3.2508E-07
-0.005,0.05,1.4145000000000001E-10,-9.3780000000000011E-11,-1.7000000000000002E-12,3.2504E-07,-3.2518E-07
0,0.05,1.3755E-10,-8.44E-11,-8.0000000000000013E-14,3.2512E-07,-3.2508E-07
0.005,0.05,1.2524E-10,-7.11E-11,-9.3E-13,3.2506E-07,-3.2514E-07
0.01,0.05,1.2659E-10,-6.192E-11,-6.3E-13,3.251E-07,-3.2508E-07
0.015000000000000001,0.05,1.1688000000000001E-10,-5.4710000000000004E-11,1.7E-13,3.2506E-07,-3.2512E-07
0.02,0.05,1.1026E-10,-4.578E-11,-1.2900000000000002E-12,3.25E-07,-3.2508E-07
0.025,0.05,9.54E-11,-3.725E-11,-1.69E-12,3.2504E-07,-3.2512E-07
0.030000000000000002,0.05,8.392E-11,-2.9700000000000005E-11,-8.9E-13,3.2502E-07,-3.2512E-07
0.035,0.05,7.632E-11,-2.3190000000000003E-11,-5.8000000000000005E-13,3.2506E-07,-3.2514E-07
0.04,0.05,7.4450000000000012E-11,-1.3990000000000002E-11,-1.0500000000000002E-12,3.251E-07,-3.2514E-07
0.045000000000000005,0.05,6.281E-11,-9.36E-12,-7.8000000000000011E-13,3.25E-07,-3.2504E-07
0.05,0.05,5.995000000000001E-11,-2.8400000000000004E-12,-5.5000000000000008E-13,3.2506E-07,-3.2518E-07
0.055,0.05,5.4500000000000006E-11,5.84E-12,-1.9000000000000002E-13,3.251E-07,-3.2514E-07
0.060000000000000005,0.05,4.5250000000000005E-11,1.1850000000000001E-11,-1.37E-12,3.2508E-07,-3.2512E-07
0.065,0.05,4.0470000000000003E-11,1.48E-11,-1.7E-13,3.2508E-07,-3.2512E-07
0.07,0.05,4.147E-11,2.274E-11,-1.04E-12,3.2502E-07,-3.251E-07
0.075,0.05,2.8620000000000004E-11,2.884E-11,-9.6000000000000015E-13,3.2504E-07,-3.2508E-07
0.08,0.05,2.0660000000000003E-11,3.285E-11,-4.5000000000000005E-13,3.2504E-07,-3.2514E-07
0.085,0.05,1.9310000000000002E-11,3.733E-11,9.3E-13,3.251E-07,-3.2516E-07
0.090000000000000011,0.05,2.0510000000000002E-11,4.582E-11,-1.4300000000000002E-12,3.2504E-07,-3.2514E-07
0.095,0.05,3.4700000000000004E-12,4.968E-11,-1.2400000000000002E-12,3.2506E-07,-3.2514E-07
0.1,0.05,5.2000000000000005E-12,5.4780000000000004E-11,-7.6000000000000009E-13,3.2508E-07,-3.251E-07
0.10500000000000001,0.05,7.65E-12,6.0950000000000007E-11,-6.9000000000000009E-13,3.251E-07,-3.2512E-07
0.11,0.05,-3.4900000000000003E-12,6.766E-11,-1.9000000000000002E-13,3.2506E-07,-3.2512E-07
0.115,0.05,-1.4380000000000001E-11,7.019E-11,4.0000000000000006E-14,3.2506E-07,-3.2508E-07
0.12000000000000001,0.05,-1.219E-11,7.8320000000000007E-11,4E-13,3.2506E-07,-3.2514E-07
0.125,0.05,-2.4450000000000003E-11,8.3860000000000008E-11,-2.7E-13,3.25E-07,-3.251E-07
0.13,0.05,-3.2180000000000005E-11,9.0230000000000008E-11,-1.08E-12,3.2506E-07,-3.2512E-07
0.135,0.05,-3.224E-11,9.517E-11,2.3000000000000003E-13,3.2504E-07,-3.2514E-07
0.14,0.05,-3.427E-11,1.0513E-10,-1.22E-12,3.2504E-07,-3.2512E-07
0.14500000000000002,0.05,-4.8740000000000004E-11,1.0945000000000001E-10,-2.1000000000000001E-13,3.2504E-07,-3.2512E-07
0.15,0.05,-5.7370000000000005E-11,1.1552E-10,7.8000000000000011E-13,3.2504E-07,-3.2508E-07
0.155,0.05,-5.623E-11,1.2433E-10,-3.4E-13,3.2494E-07,-3.25E-07
0.16,0.05,-6.9330000000000008E-11,1.3309E-10,-8.4000000000000006E-13,3.25E-07,-3.2506E-07
0.165,0.05,-8.111E-11,1.3982000000000002E-10,4.0000000000000006E-14,3.2506E-07,-3.2506E-07
0.17,0.05,-8.3660000000000011E-11,1.4853E-10,-3.0000000000000003E-13,3.2506E-07,-3.2514E-07
0.17500000000000002,0.05,-9.3610000000000013E-11,1.5868000000000002E-10,-3.0000000000000003E-13,3.2506E-07,-3.2512E-07
0.18000000000000002,0.05,-1.0602000000000001E-10,1.6788000000000002E-10,-7.4000000000000008E-13,3.2506E-07,-3.2508E-07
0.185,0.05,-1.1593000000000001E-10,1.7512E-10,-4.4000000000000004E-13,3.2506E-07,-3.2506E-07
0.19,0.05,-1.2171E-10,1.8851E-10,2E-13,3.2508E-07,-3.2514E-07
0.195,0.05,-1.3543000000000002E-10,1.9737E-10,-6.400000000000001E-13,3.2508E-07,-3.2512E-07
0.2,0.05,-1.5181000000000002E-10,2.0789000000000002E-10,-6.8E-13,3.25E-07,-3.251E-07
0.20500000000000002,0.05,-1.5745E-10,2.2091000000000002E-10,0,3.2502E-07,-3.251E-07
0.21000000000000002,0.05,-1.7479000000000002E-10,2.3423000000000003E-10,-1.22E-12,3.2508E-07,-3.25E-07
0.215,0.05,-1.8938000000000002E-10,2.4470000000000004E-10,5E-13,3.2498E-07,-3.25E-07
0.22,0.05,-1.9807000000000002E-10,2.5937E-10,6.0000000000000007E-13,3.2496E-07,-3.25E-07
0.225,0.05,-2.0897000000000003E-10,2.7553000000000003E-10,-1.1000000000000001E-13,3.2502E-07,-3.2502E-07
0.23,0.05,-2.3617E-10,2.8879000000000004E-10,-1.3E-13,3.2504E-07,-3.251E-07
0.23500000000000001,0.05,-2.4943000000000004E-10,3.0402E-10,-8.0000000000000013E-14,3.2494E-07,-3.2504E-07
0.24000000000000002,0.05,-2.5321E-10,3.2240000000000004E-10,-6.0000000000000007E-13,3.2498E-07,-3.2508E-07
0.24500000000000002,0.05,-2.7661000000000004E-10,3.4082E-10,-1.36E-12,3.2498E-07,-3.2504E-07
0.25,0.05,-2.9564E-10,3.5745000000000004E-10,2E-13,3.25E-07,-3.2506E-07
0.255,0.05,-3.1410000000000003E-10,3.7692000000000003E-10,-1.9000000000000002E-13,3.2506E-07,-3.2508E-07
0.26,0.05,-3.3225E-10,4.0192000000000005E-10,-6.5000000000000006E-13,3.2504E-07,-3.2508E-07
0.265,0.05,-3.5971000000000004E-10,4.2115000000000004E-10,-1.6000000000000003E-13,3.2504E-07,-3.2504E-07
0.27,0.05,-3.8581000000000004E-10,4.4593000000000003E-10,1.1000000000000001E-13,3.2496E-07,-3.2498E-07
0.275,0.05,-4.0585000000000005E-10,4.7113E-10,-3.1000000000000004E-13,3.2498E-07,-3.2498E-07
0.28,0.05,-4.3871000000000003E-10,4.9969000000000006E-10,-1.1500000000000002E-12,3.2498E-07,-3.2504E-07
0.28500000000000003,0.05,-4.7448E-10,5.2792000000000008E-10,-5.5000000000000008E-13,3.2494E-07,-3.2506E-07
0.29000000000000004,0.05,-4.9237E-10,5.6054E-10,-6.9000000000000009E-13,3.2496E-07,-3.251E-07
0.29500000000000004,0.05,-5.2639000000000008E-10,5.9483E-10,-9.6000000000000015E-13,3.25E-07,-3.2504E-07
0.3,0.05,-5.6890000000000007E-10,6.2938000000000005E-10,-5.5000000000000008E-13,3.249E-07,-3.2496E-07
0.305,0.05,-6.0469E-10,6.6742000000000006E-10,-4.5000000000000005E-13,3.2498E-07,-3.2502E-07
0.31,0.05,-6.4204000000000009E-10,7.1088E-10,-5.7E-13,3.2496E-07,-3.2504E-07
0.315,0.05,-6.9355E-10,7.5215E-10,-1.32E-12,3.2494E-07,-3.2498E-07
0.32,0.05,-7.3763000000000007E-10,7.9799000000000005E-10,6.0000000000000009E-14,3.2496E-07,-3.2506E-07
0.325,0.05,-7.8095000000000008E-10,8.4749E-10,-1.12E-12,3.25E-07,-3.2512E-07
0.33,0.05,-8.4556E-10,9.0073000000000005E-10,-6.5000000000000006E-13,3.25E-07,-3.2508E-07
0.335,0.05,-9.0656E-10,9.5397000000000017E-10,-8.4000000000000006E-13,3.2492E-07,-3.2506E-07
0.34,0.05,-9.5593E-10,1.0124700000000001E-09,-1.7E-13,3.2494E-07,-3.2508E-07
0.34500000000000003,0.05,-1.0165500000000002E-09,1.0766400000000001E-09,-1.45E-12,3.2498E-07,-3.2508E-07
0.35000000000000003,0.05,-1.08873E-09,1.142E-09,-1.1000000000000002E-12,3.2494E-07,-3.2502E-07
0.35500000000000004,0.05,-1.1488E-09,1.2096E-09,-4E-13,3.2504E-07,-3.2508E-07
0.36000000000000004,0.05,-1.227E-09,1.283E-09,-1.4800000000000002E-12,3.2506E-07,-3.251E-07
0.365,0.05,-1.3032E-09,1.3571E-09,-4E-13,3.2504E-07,-3.2512E-07
0.37,0.05,-1.374E-09,1.4401E-09,-3.5E-13,3.2506E-07,-3.2508E-07
0.375,0.05,-1.4578E-09,1.5257E-09,-1.41E-12,3.25E-07,-3.2508E-07
0.38,0.05,-1.5566E-09,1.6139E-09,-8.1000000000000008E-13,3.2498E-07,-3.2506E-07
0.385,0.05,-1.6456E-09,1.7069E-09,1.0000000000000002E-14,3.25E-07,-3.2508E-07
0.39,0.05,-1.7389E-09,1.8099E-09,-2.1000000000000001E-13,3.2498E-07,-3.2506E-07
0.395,0.05,-1.8515E-09,1.9151E-09,-7.2000000000000006E-13,3.2498E-07,-3.2512E-07
0.4,0.05,-1.9646E-09,2.0236E-09,-6.9000000000000009E-13,3.2494E-07,-3.2502E-07
0.405,0.05,-2.079E-09,2.1407E-09,6.9000000000000009E-13,3.25E-07,-3.2506E-07
0.41000000000000003,0.05,-2.1987E-09,2.2645E-09,6.0000000000000009E-14,3.25E-07,-3.2508E-07
0.41500000000000004,0.05,-2.3308E-09,2.3919E-09,-9.1000000000000016E-13,3.2494E-07,-3.2506E-07
0.42000000000000004,0.05,-2.4715E-09,2.5308E-09,4.9E-13,3.25E-07,-3.2502E-07
0.42500000000000004,0.05,-2.603E-09,2.6717E-09,2.9000000000000003E-13,3.25E-07,-3.2506E-07
0.43,0.05,-2.7556E-09,2.8235E-09,-2.6E-13,3.25E-07,-3.25E-07
0.435,0.05,-2.9232E-09,2.9777E-09,-9.1000000000000016E-13,3.2494E-07,-3.2506E-07
0.44,0.05,-3.0815E-09,3.1411E-09,-1.1000000000000001E-13,3.2498E-07,-3.2508E-07
0.445,0.05,-3.247E-09,3.3105E-09,-5.9E-13,3.2494E-07,-3.2502E-07
0.45,0.05,-3.43E-09,3.4952E-09,-1.6700000000000002E-12,3.2496E-07,-3.2504E-07
0.455,0.05,-3.6305E-09,3.6876E-09,-2.0000000000000003E-14,3.2492E-07,-3.25E-07
0.46,0.05,-3.8259E-09,3.8892E-09,-1.7E-13,3.2492E-07,-3.2502E-07
0.465,0.05,-4.0267E-09,4.0934E-09,-1.41E-12,3.25E-07,-3.2514E-07
0.47000000000000003,0.05,-4.2565E-09,4.3134E-09,-8.9E-13,3.2512E-07,-3.2514E-07
0.47500000000000003,0.05,-4.4885E-09,4.5404E-09,-1.2000000000000002E-13,3.251E-07,-3.2514E-07
0.48000000000000004,0.05,-4.7226E-09,4.7829E-09,-4.7E-13,3.2498E-07,-3.2506E-07
0.48500000000000004,0.05,-4.9651E-09,5.0328E-09,-8.6000000000000007E-13,3.2498E-07,-3.2506E-07
0.49000000000000005,0.05,-5.2366E-09,5.2929E-09,-5E-13,3.2502E-07,-3.2502E-07
0.49500000000000005,0.05,-5.4968E-09,5.5572E-09,2.1000000000000001E-13,3.25E-07,-3.2502E-07
0.5,0.05,-5.7841E-09,5.8458E-09,1.9000000000000002E-13,3.251E-07,-3.251E-07
0.505,0.05,-6.084E-09,6.1431E-09,-6.6E-13,3.2502E-07,-3.2506E-07
0.51,0.05,-6.4189E-09,6.4564E-09,3.7000000000000004E-13,3.2508E-07,-3.2508E-07
0.515,0.05,-6.7104E-09,6.7712E-09,-1.7E-13,3.2504E-07,-3.2506E-07
0.52,0.05,-7.0563E-09,7.114E-09,-6.8E-13,3.25E-07,-3.2512E-07
0.525,0.05,-7.4074E-09,7.4621E-09,-9.9E-13,3.2498E-07,-3.2502E-07
0.53,0.05,-7.7682E-09,7.8245E-09,-2.3000000000000003E-13,3.2494E-07,-3.25E-07
0.535,0.05,-8.1409E-09,8.2203E-09,-1.2000000000000002E-13,3.25E-07,-3.25E-07
0.54,0.05,-8.5466E-09,8.606E-09,-8.4000000000000006E-13,3.2498E-07,-3.2508E-07
0.545,0.05,-8.9509E-09,9.0063E-09,-2.7E-13,3.2504E-07,-3.2504E-07
0.55,0.05,-9.3808E-09,9.4537E-09,-8.300000000000001E-13,3.25E-07,-3.2508E-07
0.555,0.05,-9.8149E-09,9.8782E-09,-6.5000000000000006E-13,3.2502E-07,-3.2504E-07
0.56,0.05,-1.02924E-08,1.03521E-08,-1.6800000000000001E-12,3.2502E-07,-3.2508E-07
0.56500000000000006,0.05,-1.07845E-08,1.08329E-08,-4E-13,3.2504E-07,-3.2502E-07
0.57000000000000006,0.05,-1.12762E-08,1.13503E-08,3.9000000000000005E-13,3.2506E-07,-3.2506E-07
0.57500000000000007,0.05,-1.17966E-08,1.1867799999999998E-08,-1.0000000000000002E-14,3.2506E-07,-3.2506E-07
0.58000000000000007,0.05,-1.2348599999999999E-08,1.24214E-08,-1.1000000000000001E-13,3.2488E-07,-3.2496E-07
0.58500000000000008,0.05,-1.2903199999999999E-08,1.2975199999999998E-08,3.2000000000000005E-13,3.2496E-07,-3.2502E-07
0.59000000000000008,0.05,-1.34998E-08,1.3568399999999998E-08,-7E-13,3.2496E-07,-3.2502E-07
0.595,0.05,-1.4106199999999998E-08,1.4192199999999998E-08,-2.7E-13,3.2504E-07,-3.2498E-07
0.6,0.05,-1.4766399999999998E-08,1.4824799999999998E-08,-4.4000000000000004E-13,3.2498E-07,-3.2506E-07
0.605,0.05,-1.54126E-08,1.5483799999999997E-08,-1E-13,3.2504E-07,-3.2502E-07
0.61,0.05,-1.61052E-08,1.61678E-08,3.0000000000000003E-13,3.25E-07,-3.2506E-07
0.615,0.05,-1.6821E-08,1.6907799999999997E-08,-3.0000000000000005E-14,3.2502E-07,-3.2502E-07
0.62,0.05,-1.7581199999999998E-08,1.76494E-08,-9.000000000000001E-13,3.2494E-07,-3.251E-07
0.625,0.05,-1.83544E-08,1.84238E-08,-8.4000000000000006E-13,3.2498E-07,-3.2504E-07
0.63,0.05,-1.9170999999999997E-08,1.9252999999999997E-08,-1.2500000000000001E-12,3.2502E-07,-3.25E-07
0.635,0.05,-2.0011199999999997E-08,2.00936E-08,-7.5E-13,3.2498E-07,-3.2496E-07
0.64,0.05,-2.09262E-08,2.09902E-08,-1.12E-12,3.2494E-07,-3.25E-07
0.645,0.05,-2.18132E-08,2.18772E-08,-1.2500000000000001E-12,3.2498E-07,-3.25E-07
0.65,0.05,-2.2759E-08,2.28418E-08,-1.2500000000000001E-12,3.25E-07,-3.2502E-07
0.655,0.05,-2.37422E-08,2.38322E-08,-6.7000000000000007E-13,3.251E-07,-3.2508E-07
0.66,0.05,-2.4805199999999997E-08,2.4864799999999997E-08,-8.1000000000000008E-13,3.251E-07,-3.2516E-07
0.665,0.05,-2.58646E-08,2.5928399999999997E-08,-1.27E-12,3.2502E-07,-3.2514E-07
0.67,0.05,-2.69966E-08,2.70734E-08,-1.6000000000000003E-13,3.251E-07,-3.2514E-07
0.675,0.05,-2.8158199999999997E-08,2.82174E-08,-4.9E-13,3.2512E-07,-3.2518E-07
0.68,0.05,-2.93874E-08,2.9455199999999996E-08,-8E-13,3.2502E-07,-3.2508E-07
0.685,0.05,-3.06632E-08,3.0742799999999995E-08,-7.9000000000000007E-13,3.25E-07,-3.2514E-07
0.69000000000000006,0.05,-3.1968799999999996E-08,3.20528E-08,-3.0000000000000005E-14,3.251E-07,-3.2514E-07
0.69500000000000006,0.05,-3.33352E-08,3.3430599999999995E-08,2.2000000000000002E-13,3.2506E-07,-3.2512E-07
0.70000000000000007,0.05,-3.47954E-08,3.4897E-08,-4.0000000000000006E-14,3.2508E-07,-3.2512E-07
0.70500000000000007,0.05,-3.63074E-08,3.63736E-08,-4E-13,3.25E-07,-3.2512E-07
0.71000000000000008,0.05,-3.7889199999999994E-08,3.7968999999999994E-08,-1.08E-12,3.2506E-07,-3.2502E-07
0.71500000000000008,0.05,-3.95174E-08,3.95928E-08,2.0000000000000003E-14,3.2506E-07,-3.2514E-07
0.72000000000000008,0.05,-4.1231399999999996E-08,4.1311399999999994E-08,5E-13,3.2506E-07,-3.2514E-07
0.72500000000000009,0.05,-4.3028399999999995E-08,4.3078799999999994E-08,0,3.2502E-07,-3.2516E-07
0.73,0.05,-4.4881799999999994E-08,4.49766E-08,1.3E-13,3.2508E-07,-3.2514E-07
0.735,0.05,-4.6881199999999992E-08,4.6946199999999993E-08,-4.6000000000000006E-13,3.2506E-07,-3.2512E-07
0.74,0.05,-4.8883599999999994E-08,4.8985199999999996E-08,-5.2E-13,3.251E-07,-3.2512E-07
0.745,0.05,-5.1052599999999992E-08,5.1130799999999992E-08,1.6000000000000003E-13,3.2506E-07,-3.2506E-07
0.75,0.05,-5.32964E-08,5.3353999999999996E-08,-3.0000000000000005E-14,3.2498E-07,-3.25E-07
0.755,0.05,-5.5658599999999994E-08,5.5717999999999996E-08,9.0000000000000008E-14,3.2498E-07,-3.2504E-07
0.76,0.05,-5.8090599999999992E-08,5.8153399999999993E-08,-1.9000000000000002E-13,3.2494E-07,-3.2508E-07
0.765,0.05,-6.069E-08,6.07412E-08,-9.0000000000000008E-14,3.2502E-07,-3.2506E-07
0.77,0.05,-6.3334199999999988E-08,6.3416199999999988E-08,-4.5000000000000005E-13,3.2494E-07,-3.2502E-07
0.775,0.05,-6.6180999999999989E-08,6.6226999999999988E-08,-1.3E-13,3.25E-07,-3.251E-07
0.78,0.05,-6.9091199999999991E-08,6.9154E-08,-1.5000000000000002E-13,3.25E-07,-3.2502E-07
0.785,0.05,-7.221379999999999E-08,7.2270599999999991E-08,-8.300000000000001E-13,3.2498E-07,-3.2502E-07
0.79,0.05,-7.54122E-08,7.547299999999999E-08,-6.0000000000000009E-14,3.25E-07,-3.2502E-07
0.795,0.05,-7.8808599999999993E-08,7.885039999999999E-08,-7.100000000000001E-13,3.2504E-07,-3.2506E-07
0.8,0.05,-8.2316599999999987E-08,8.23978E-08,-1.95E-12,3.2506E-07,-3.251E-07
0.805,0.05,-8.6069199999999986E-08,8.61176E-08,-1.3000000000000001E-12,3.2506E-07,-3.2514E-07
0.81,0.05,-8.9954599999999992E-08,9.0017199999999989E-08,-7.5E-13,3.2506E-07,-3.2508E-07
0.81500000000000006,0.05,-9.4108799999999988E-08,9.4142E-08,-9.1000000000000016E-13,3.2506E-07,-3.2516E-07
0.82000000000000006,0.05,-9.8341E-08,9.83856E-08,-1.5600000000000002E-12,3.2508E-07,-3.2518E-07
0.82500000000000007,0.05,-1.028602E-07,1.0293299999999999E-07,-1.4300000000000002E-12,3.251E-07,-3.2512E-07
0.83000000000000007,0.05,-1.0759099999999999E-07,1.0763499999999998E-07,-6.400000000000001E-13,3.2514E-07,-3.2514E-07
0.83500000000000008,0.05,-1.1257359999999999E-07,1.1265479999999999E-07,-5.7E-13,3.251E-07,-3.2512E-07
0.84000000000000008,0.05,-1.1776E-07,1.1786E-07,-1.2400000000000002E-12,3.2512E-07,-3.2514E-07
0.84500000000000008,0.05,-1.2332E-07,1.2338E-07,-1.7E-13,3.2506E-07,-3.251E-07
0.85000000000000009,0.05,-1.29E-07,1.2914E-07,-1.6000000000000003E-13,3.251E-07,-3.2518E-07
0.85500000000000009,0.05,-1.3506E-07,1.352E-07,-1.4900000000000001E-12,3.2504E-07,-3.2516E-07
0.86,0.05,-1.4144E-07,1.4151999999999999E-07,-4E-13,3.2506E-07,-3.2506E-07
0.865,0.05,-1.482E-07,1.4826E-07,-1.1000000000000001E-13,3.2502E-07,-3.251E-07
0.87,0.05,-1.5508E-07,1.5518E-07,-4.9E-13,3.2504E-07,-3.2508E-07
0.875,0.05,-1.6246E-07,1.6252E-07,-8.6000000000000007E-13,3.251E-07,-3.2514E-07
0.88,0.05,-1.7024E-07,1.7042E-07,-2.8E-13,3.2508E-07,-3.2514E-07
0.885,0.05,-1.7836E-07,1.7846E-07,2.6E-13,3.2506E-07,-3.2518E-07
0.89,0.05,-1.87E-07,1.8702E-07,-4.5000000000000005E-13,3.2506E-07,-3.2518E-07
0.895,0.05,-1.9594E-07,1.9597999999999999E-07,-1.5300000000000001E-12,3.2512E-07,-3.2512E-07
0.9,0.05,-2.0538E-07,2.0547999999999998E-07,1E-13,3.2512E-07,-3.2512E-07
-0.3,0.060000000000000005,1.8726E-09,-5.353E-09,-4.4000000000000004E-13,3.25E-07,-3.2152E-07
-0.29500000000000004,0.060000000000000005,1.7983E-09,-4.9267E-09,-7E-13,3.25E-07,-3.2196E-07
-0.29000000000000004,0.060000000000000005,1.7395E-09,-4.5368E-09,-5.7E-13,3.251E-07,-3.2226E-07
-0.28500000000000003,0.060000000000000005,1.6792E-09,-4.1919999999999996E-09,-1.3E-13,3.2514E-07,-3.2262E-07
-0.28,0.060000000000000005,1.6256E-09,-3.8716E-09,4.0000000000000006E-14,3.2504E-07,-3.2285999999999997E-07
-0.275,0.060000000000000005,1.5823E-09,-3.5824E-09,-2.0000000000000003E-14,3.25E-07,-3.2306E-07
-0.27,0.060000000000000005,1.5272E-09,-3.3155E-09,-1.7E-13,3.25E-07,-3.2326E-07
-0.265,0.060000000000000005,1.4796E-09,-3.073E-09,2.2000000000000002E-13,3.2504E-07,-3.2348E-07
-0.26,0.060000000000000005,1.4362E-09,-2.8521E-09,3.6000000000000003E-13,3.2498E-07,-3.2355999999999997E-07
-0.255,0.060000000000000005,1.3827E-09,-2.6485E-09,-7.5E-13,3.2502E-07,-3.2376E-07
-0.25,0.060000000000000005,1.3403E-09,-2.4676E-09,-1.08E-12,3.2502E-07,-3.2386E-07
-0.24500000000000002,0.060000000000000005,1.299E-09,-2.298E-09,-3.3E-13,3.25E-07,-3.2408E-07
-0.24000000000000002,0.060000000000000005,1.2615E-09,-2.1418E-09,-8.8000000000000009E-13,3.25E-07,-3.2412E-07
-0.23500000000000001,0.060000000000000005,1.2136E-09,-1.9987E-09,-8E-13,3.2512E-07,-3.243E-07
-0.23,0.060000000000000005,1.1584E-09,-1.8722E-09,-2.5E-13,3.2512E-07,-3.2434E-07
-0.225,0.060000000000000005,1.1279E-09,-1.749E-09,-4.0000000000000006E-14,3.2504E-07,-3.2444E-07
-0.22,0.060000000000000005,1.0986E-09,-1.638E-09,-7.6000000000000009E-13,3.2502E-07,-3.2448E-07
-0.215,0.060000000000000005,1.0496E-09,-1.5371E-09,-1.2800000000000002E-12,3.2504E-07,-3.2452E-07
-0.21000000000000002,0.060000000000000005,1.0143E-09,-1.4458E-09,1.5000000000000002E-13,3.2504E-07,-3.2454E-07
-0.20500000000000002,0.060000000000000005,9.8565E-10,-1.3575E-09,-3.0000000000000003E-13,3.25E-07,-3.2458E-07
-0.2,0.060000000000000005,9.5492E-10,-1.2747E-09,-4.6000000000000006E-13,3.2504E-07,-3.2466E-07
-0.195,0.060000000000000005,9.1252000000000007E-10,-1.2009E-09,-9.000000000000001E-13,3.2522E-07,-3.2492E-07
-0.19,0.060000000000000005,8.8138000000000011E-10,-1.1332E-09,-3.1000000000000004E-13,3.2524E-07,-3.2496E-07
-0.185,0.060000000000000005,8.5950000000000008E-10,-1.0653E-09,-4.3000000000000004E-13,3.2522E-07,-3.2494E-07
-0.18000000000000002,0.060000000000000005,8.2269000000000008E-10,-1.0046E-09,-1.0600000000000001E-12,3.2516E-07,-3.2492E-07
-0.17500000000000002,0.060000000000000005,7.9476000000000006E-10,-9.4985E-10,5.6E-13,3.2518E-07,-3.2508E-07
-0.17,0.060000000000000005,7.7296000000000009E-10,-8.9649000000000008E-10,-4.1E-13,3.2512E-07,-3.2502E-07
-0.165,0.060000000000000005,7.396E-10,-8.4515E-10,-7.8000000000000011E-13,3.2516E-07,-3.2552E-07
-0.16,0.060000000000000005,7.1220000000000008E-10,-8.0168000000000007E-10,-7E-13,3.2522E-07,-3.2508E-07
-0.155,0.060000000000000005,6.9163E-10,-7.5793000000000009E-10,-3.8000000000000005E-13,3.257E-07,-3.2536E-07
-0.15,0.060000000000000005,6.6973E-10,-7.1584000000000008E-10,-1.0600000000000001E-12,3.2516E-07,-3.2514E-07
-0.14500000000000002,0.060000000000000005,6.4137E-10,-6.7846000000000005E-10,-8.7E-13,3.2512E-07,-3.2514E-07
-0.14,0.060000000000000005,6.2502000000000008E-10,-6.4437E-10,5.3000000000000006E-13,3.2518E-07,-3.2524E-07
-0.135,0.060000000000000005,6.0123E-10,-6.0691E-10,-8.9E-13,3.252E-07,-3.2572E-07
-0.13,0.060000000000000005,5.7671000000000007E-10,-5.7629000000000009E-10,-5.5000000000000008E-13,3.2578E-07,-3.258E-07
-0.125,0.060000000000000005,5.5506E-10,-5.469E-10,-6.3E-13,3.2536E-07,-3.2524E-07
-0.12000000000000001,0.060000000000000005,5.3493E-10,-5.172E-10,-9.0000000000000008E-14,3.2542E-07,-3.2534E-07
-0.115,0.060000000000000005,5.2024000000000006E-10,-4.8881E-10,-1.7500000000000002E-12,3.2534E-07,-3.254E-07
-0.11,0.060000000000000005,4.9724E-10,-4.6634000000000007E-10,-2.7E-13,3.2524E-07,-3.2554E-07
-0.10500000000000001,0.060000000000000005,4.8560000000000006E-10,-4.4123000000000004E-10,-5.2E-13,3.253E-07,-3.2538E-07
-0.1,0.060000000000000005,4.6677E-10,-4.1692000000000005E-10,-1.13E-12,3.2518E-07,-3.2518E-07
-0.095,0.060000000000000005,4.3958000000000005E-10,-3.9528000000000006E-10,-8.7E-13,3.2568E-07,-3.2526E-07
-0.090000000000000011,0.060000000000000005,4.2816000000000005E-10,-3.7532000000000005E-10,-3.5E-13,3.2516E-07,-3.2526E-07
-0.085,0.060000000000000005,4.1767E-10,-3.5342E-10,-1.2000000000000002E-13,3.2518E-07,-3.2522E-07
-0.08,0.060000000000000005,3.9991E-10,-3.3357E-10,-7E-13,3.2532E-07,-3.254E-07
-0.075,0.060000000000000005,3.7646E-10,-3.1644000000000005E-10,5.3000000000000006E-13,3.2516E-07,-3.253E-07
-0.07,0.060000000000000005,3.6855000000000004E-10,-2.9867E-10,6.1E-13,3.2524E-07,-3.2538E-07
-0.065,0.060000000000000005,3.5743000000000003E-10,-2.7978000000000004E-10,-3.8000000000000005E-13,3.2512E-07,-3.2532E-07
-0.060000000000000005,0.060000000000000005,3.3769000000000005E-10,-2.6582E-10,-2.0000000000000003E-14,3.2526E-07,-3.2526E-07
-0.055,0.060000000000000005,3.2508000000000003E-10,-2.5018E-10,1.0000000000000002E-14,3.2534E-07,-3.2532E-07
-0.05,0.060000000000000005,3.1791000000000004E-10,-2.3253000000000002E-10,-9.000000000000001E-13,3.2532E-07,-3.2536E-07
-0.045000000000000005,0.060000000000000005,2.9385E-10,-2.1685E-10,-1.1600000000000001E-12,3.2576E-07,-3.2589999999999997E-07
-0.04,0.060000000000000005,2.8084000000000004E-10,-2.0442E-10,-6.0000000000000009E-14,3.2534E-07,-3.253E-07
-0.035,0.060000000000000005,2.766E-10,-1.8970000000000003E-10,8.4000000000000006E-13,3.2532E-07,-3.254E-07
-0.030000000000000002,0.060000000000000005,2.6595E-10,-1.7418E-10,-1.4E-13,3.253E-07,-3.2534E-07
-0.025,0.060000000000000005,2.4356000000000004E-10,-1.6318000000000003E-10,-3.9000000000000005E-13,3.2528E-07,-3.2532E-07
-0.02,0.060000000000000005,2.4003E-10,-1.5216000000000002E-10,-1.7E-13,3.2524E-07,-3.253E-07
-0.015000000000000001,0.060000000000000005,2.3695E-10,-1.3546000000000002E-10,-1.3500000000000001E-12,3.2582E-07,-3.26E-07
-0.01,0.060000000000000005,2.0692000000000002E-10,-1.256E-10,-8.1000000000000008E-13,3.2572E-07,-3.2554E-07
-0.005,0.060000000000000005,1.9919E-10,-1.1431E-10,-1.08E-12,3.253E-07,-3.2536E-07
0,0.060000000000000005,1.9525000000000002E-10,-1.0327000000000001E-10,-4.5000000000000005E-13,3.2522E-07,-3.2536E-07
0.005,0.060000000000000005,1.7977000000000002E-10,-8.983E-11,-1.4400000000000001E-12,3.2576E-07,-3.258E-07
0.01,0.060000000000000005,1.6723E-10,-8.197E-11,-5.2E-13,3.2528E-07,-3.2526E-07
0.015000000000000001,0.060000000000000005,1.6518000000000002E-10,-7.165E-11,-6.0000000000000009E-14,3.252E-07,-3.2538E-07
0.02,0.060000000000000005,1.5358E-10,-6.115E-11,-1E-12,3.2516E-07,-3.2536E-07
0.025,0.060000000000000005,1.3791000000000002E-10,-5.259E-11,-9.9E-13,3.2524E-07,-3.2522E-07
0.030000000000000002,0.060000000000000005,1.3221E-10,-4.6350000000000007E-11,-7.5E-13,3.2518E-07,-3.2526E-07
0.035,0.060000000000000005,1.2996E-10,-3.6180000000000005E-11,9.0000000000000008E-14,3.2534E-07,-3.2542E-07
0.04,0.060000000000000005,1.2198E-10,-2.797E-11,-1.5E-12,3.2522E-07,-3.253E-07
0.045000000000000005,0.060000000000000005,1.1004000000000002E-10,-2.2390000000000003E-11,-5E-13,3.2536E-07,-3.2528E-07
0.05,0.060000000000000005,1.1299000000000002E-10,-1.59E-11,-9.0000000000000008E-14,3.253E-07,-3.2536E-07
0.055,0.060000000000000005,1.0452E-10,-6.7700000000000004E-12,-1.2400000000000002E-12,3.2524E-07,-3.2532E-07
0.060000000000000005,0.060000000000000005,8.9980000000000009E-11,-1.18E-12,-7.3E-13,3.253E-07,-3.2528E-07
0.065,0.060000000000000005,8.6480000000000008E-11,3.05E-12,-3.0000000000000003E-13,3.2518E-07,-3.2526E-07
0.07,0.060000000000000005,8.544E-11,1.1520000000000001E-11,-7.3E-13,3.2562E-07,-3.2578E-07
0.075,0.060000000000000005,7.858E-11,1.733E-11,-9.000000000000001E-13,3.2514E-07,-3.2518E-07
0.08,0.060000000000000005,5.842E-11,2.1060000000000003E-11,-2.7E-13,3.2516E-07,-3.253E-07
0.085,0.060000000000000005,6.606E-11,2.8270000000000003E-11,0,3.2526E-07,-3.2524E-07
0.090000000000000011,0.060000000000000005,5.8270000000000009E-11,3.423E-11,-1.21E-12,3.2562E-07,-3.253E-07
0.095,0.060000000000000005,4.8240000000000006E-11,3.875E-11,-6.400000000000001E-13,3.2516E-07,-3.2528E-07
0.1,0.060000000000000005,4.7770000000000007E-11,4.327E-11,-2.6E-13,3.2506E-07,-3.2508E-07
0.10500000000000001,0.060000000000000005,4.6700000000000004E-11,5.0300000000000003E-11,1.1000000000000001E-13,3.251E-07,-3.2518E-07
0.11,0.060000000000000005,3.306E-11,5.5090000000000007E-11,-1.1100000000000001E-12,3.25E-07,-3.251E-07
0.115,0.060000000000000005,3.299E-11,5.88E-11,1.0000000000000002E-14,3.2498E-07,-3.2508E-07
0.12000000000000001,0.060000000000000005,2.8070000000000003E-11,6.589E-11,-3.5E-13,3.25E-07,-3.2508E-07
0.125,0.060000000000000005,1.006E-11,7.2190000000000011E-11,-1.4400000000000001E-12,3.2496E-07,-3.2506E-07
0.13,0.060000000000000005,-1.08E-12,7.6600000000000012E-11,-1.0500000000000002E-12,3.2498E-07,-3.251E-07
0.135,0.060000000000000005,1.8100000000000002E-12,8.4110000000000007E-11,-2.5E-13,3.25E-07,-3.2512E-07
0.14,0.060000000000000005,-2.9900000000000004E-12,9.1050000000000011E-11,-2.4000000000000004E-13,3.25E-07,-3.2512E-07
0.14500000000000002,0.060000000000000005,-1.486E-11,9.606E-11,-9.0000000000000008E-14,3.2502E-07,-3.251E-07
0.15,0.060000000000000005,-1.941E-11,1.0096E-10,7E-13,3.25E-07,-3.2506E-07
0.155,0.060000000000000005,-2.2810000000000003E-11,1.1039E-10,-7.5E-13,3.25E-07,-3.2512E-07
0.16,0.060000000000000005,-3.35E-11,1.1613E-10,-2.4000000000000004E-13,3.25E-07,-3.251E-07
0.165,0.060000000000000005,-4.407E-11,1.2319000000000002E-10,-4.6000000000000006E-13,3.2504E-07,-3.2508E-07
0.17,0.060000000000000005,-4.617E-11,1.3199E-10,-6.0000000000000007E-13,3.2504E-07,-3.2508E-07
0.17500000000000002,0.060000000000000005,-5.7660000000000004E-11,1.4166E-10,-3.0000000000000003E-13,3.2504E-07,-3.2506E-07
0.18000000000000002,0.060000000000000005,-7.158E-11,1.4811000000000002E-10,2.0000000000000003E-14,3.2504E-07,-3.2506E-07
0.185,0.060000000000000005,-6.9930000000000011E-11,1.5647E-10,4.8000000000000008E-13,3.25E-07,-3.2506E-07
0.19,0.060000000000000005,-8.2750000000000012E-11,1.6749E-10,-5.5000000000000008E-13,3.25E-07,-3.2508E-07
0.195,0.060000000000000005,-1.0058E-10,1.7593E-10,-1.1000000000000002E-12,3.2498E-07,-3.2508E-07
0.2,0.060000000000000005,-1.0257000000000001E-10,1.8497E-10,-1.5000000000000002E-13,3.2502E-07,-3.2506E-07
0.20500000000000002,0.060000000000000005,-1.1045E-10,1.989E-10,-4.2000000000000003E-13,3.2496E-07,-3.251E-07
0.21000000000000002,0.060000000000000005,-1.2745E-10,2.0922000000000003E-10,-8.8000000000000009E-13,3.2492E-07,-3.2504E-07
0.215,0.060000000000000005,-1.3807000000000002E-10,2.1998000000000003E-10,1.6000000000000003E-13,3.2498E-07,-3.2502E-07
0.22,0.060000000000000005,-1.4736000000000002E-10,2.3246000000000002E-10,3.6000000000000003E-13,3.2498E-07,-3.251E-07
0.225,0.060000000000000005,-1.5781000000000002E-10,2.4695E-10,-1.14E-12,3.2492E-07,-3.2508E-07
0.23,0.060000000000000005,-1.7716E-10,2.5864E-10,1E-13,3.2496E-07,-3.2508E-07
0.23500000000000001,0.060000000000000005,-1.9127E-10,2.7286000000000003E-10,4.6000000000000006E-13,3.2498E-07,-3.2512E-07
0.24000000000000002,0.060000000000000005,-2.065E-10,2.8837E-10,-1.0500000000000002E-12,3.2506E-07,-3.2508E-07
0.24500000000000002,0.060000000000000005,-2.2597000000000002E-10,3.0374000000000003E-10,-8.4000000000000006E-13,3.2498E-07,-3.2504E-07
0.25,0.060000000000000005,-2.4273E-10,3.1903000000000003E-10,6.2000000000000008E-13,3.2494E-07,-3.2508E-07
0.255,0.060000000000000005,-2.522E-10,3.3918E-10,-6.0000000000000007E-13,3.2496E-07,-3.251E-07
0.26,0.060000000000000005,-2.7309000000000004E-10,3.5734000000000003E-10,-1.6100000000000002E-12,3.25E-07,-3.2508E-07
0.265,0.060000000000000005,-2.9727E-10,3.7532000000000005E-10,2.5E-13,3.2502E-07,-3.2516E-07
0.27,0.060000000000000005,-3.0767000000000003E-10,3.9729000000000003E-10,-2.8E-13,3.25E-07,-3.2512E-07
0.275,0.060000000000000005,-3.2667E-10,4.2202000000000006E-10,-1.1500000000000002E-12,3.2498E-07,-3.2504E-07
0.28,0.060000000000000005,-3.6485000000000004E-10,4.4432E-10,-3.1000000000000004E-13,3.2504E-07,-3.2508E-07
0.28500000000000003,0.060000000000000005,-3.8339E-10,4.7055E-10,-4.8000000000000008E-13,3.2498E-07,-3.2502E-07
0.29000000000000004,0.060000000000000005,-4.0953000000000003E-10,4.9781000000000006E-10,-1.1000000000000001E-13,3.251E-07,-3.2518E-07
0.29500000000000004,0.060000000000000005,-4.5318000000000003E-10,5.2619E-10,-1.85E-12,3.2506E-07,-3.2518E-07
0.3,0.060000000000000005,-4.7816E-10,5.5604000000000008E-10,2E-13,3.2502E-07,-3.2512E-07
0.305,0.060000000000000005,-5.0285000000000008E-10,5.9261000000000009E-10,-7.2000000000000006E-13,3.25E-07,-3.2512E-07
0.31,0.060000000000000005,-5.4139E-10,6.287E-10,-9.7000000000000011E-13,3.2504E-07,-3.2512E-07
0.315,0.060000000000000005,-5.8403E-10,6.6372000000000006E-10,-1.04E-12,3.25E-07,-3.2506E-07
0.32,0.060000000000000005,-6.2199E-10,7.0471E-10,-2.3000000000000003E-13,3.2504E-07,-3.2512E-07
0.325,0.060000000000000005,-6.6351E-10,7.490600000000001E-10,-6.2000000000000008E-13,3.25E-07,-3.2514E-07
0.33,0.060000000000000005,-7.1842000000000009E-10,7.9377E-10,-8.4000000000000006E-13,3.2512E-07,-3.2518E-07
0.335,0.060000000000000005,-7.6241000000000006E-10,8.4267E-10,-3.2000000000000005E-13,3.2508E-07,-3.251E-07
0.34,0.060000000000000005,-8.0952E-10,8.9704E-10,-3.7000000000000004E-13,3.2508E-07,-3.2514E-07
0.34500000000000003,0.060000000000000005,-8.671200000000001E-10,9.5224E-10,-8.4000000000000006E-13,3.25E-07,-3.2508E-07
0.35000000000000003,0.060000000000000005,-9.224E-10,1.00932E-09,-5.2E-13,3.2504E-07,-3.2514E-07
0.35500000000000004,0.060000000000000005,-9.7494000000000015E-10,1.0695600000000002E-09,1.6000000000000003E-13,3.2502E-07,-3.2512E-07
0.36000000000000004,0.060000000000000005,-1.04616E-09,1.1345E-09,-3.7000000000000004E-13,3.2504E-07,-3.2504E-07
0.365,0.060000000000000005,-1.10937E-09,1.2035E-09,-7E-13,3.2496E-07,-3.2502E-07
0.37,0.060000000000000005,-1.1868E-09,1.2772E-09,-5E-14,3.2498E-07,-3.2508E-07
0.375,0.060000000000000005,-1.2709E-09,1.353E-09,-9.3E-13,3.25E-07,-3.2508E-07
0.38,0.060000000000000005,-1.3442E-09,1.4314E-09,0,3.25E-07,-3.2504E-07
0.385,0.060000000000000005,-1.4206E-09,1.5189E-09,-6.8E-13,3.2498E-07,-3.2512E-07
0.39,0.060000000000000005,-1.5224E-09,1.6103E-09,-1.23E-12,3.2502E-07,-3.2512E-07
0.395,0.060000000000000005,-1.6175E-09,1.7026E-09,-8.1000000000000008E-13,3.2504E-07,-3.2506E-07
0.4,0.060000000000000005,-1.7104E-09,1.8037E-09,1.8000000000000002E-13,3.2508E-07,-3.2508E-07
0.405,0.060000000000000005,-1.8132E-09,1.9075E-09,-1.32E-12,3.2502E-07,-3.252E-07
0.41000000000000003,0.060000000000000005,-1.9337E-09,2.0197E-09,-1.07E-12,3.2512E-07,-3.2518E-07
0.41500000000000004,0.060000000000000005,-2.046E-09,2.1322E-09,-6.0000000000000007E-13,3.2504E-07,-3.2518E-07
0.42000000000000004,0.060000000000000005,-2.1589E-09,2.2576E-09,-2.8E-13,3.2506E-07,-3.2518E-07
0.42500000000000004,0.060000000000000005,-2.2863E-09,2.3834E-09,-4.6000000000000006E-13,3.251E-07,-3.2516E-07
0.43,0.060000000000000005,-2.4374E-09,2.5167E-09,-4.6000000000000006E-13,3.251E-07,-3.252E-07
0.435,0.060000000000000005,-2.5739E-09,2.6587E-09,4.5000000000000005E-13,3.2508E-07,-3.2508E-07
0.44,0.060000000000000005,-2.7204E-09,2.8073E-09,-1.09E-12,3.2504E-07,-3.2516E-07
0.445,0.060000000000000005,-2.8798E-09,2.9635E-09,-7.6000000000000009E-13,3.2504E-07,-3.2514E-07
0.45,0.060000000000000005,-3.0455E-09,3.1265E-09,-1.4E-13,3.2506E-07,-3.2518E-07
0.455,0.060000000000000005,-3.2135E-09,3.2952E-09,-1.9000000000000002E-13,3.2512E-07,-3.252E-07
0.46,0.060000000000000005,-3.3926E-09,3.4806E-09,-5.8000000000000005E-13,3.2502E-07,-3.2512E-07
0.465,0.060000000000000005,-3.5868E-09,3.6673E-09,-9.1000000000000016E-13,3.2506E-07,-3.2512E-07
0.47000000000000003,0.060000000000000005,-3.7821E-09,3.867E-09,2.2000000000000002E-13,3.2504E-07,-3.2514E-07
0.47500000000000003,0.060000000000000005,-4.0023E-09,4.0769E-09,-5E-13,3.2512E-07,-3.2516E-07
0.48000000000000004,0.060000000000000005,-4.2083E-09,4.2932E-09,-1.21E-12,3.2504E-07,-3.2514E-07
0.48500000000000004,0.060000000000000005,-4.4376E-09,4.5182E-09,-1.08E-12,3.251E-07,-3.2518E-07
0.49000000000000005,0.060000000000000005,-4.6719999999999996E-09,4.7568E-09,-6.0000000000000009E-14,3.2504E-07,-3.2514E-07
0.49500000000000005,0.060000000000000005,-4.9143E-09,5.0066E-09,-1.23E-12,3.25E-07,-3.2502E-07
0.5,0.060000000000000005,-5.1795E-09,5.2648E-09,-8.1000000000000008E-13,3.2504E-07,-3.2506E-07
0.505,0.060000000000000005,-5.4476E-09,5.5325E-09,-1.4E-13,3.2498E-07,-3.2516E-07
0.51,0.060000000000000005,-5.7332E-09,5.8243E-09,1.0000000000000002E-14,3.2502E-07,-3.2512E-07
0.515,0.060000000000000005,-6.0294E-09,6.1271E-09,-6.7000000000000007E-13,3.25E-07,-3.2518E-07
0.52,0.060000000000000005,-6.3465E-09,6.4218E-09,-8.9E-13,3.2506E-07,-3.2512E-07
0.525,0.060000000000000005,-6.6580999999999996E-09,6.7393E-09,-4.0000000000000006E-14,3.2508E-07,-3.2514E-07
0.53,0.060000000000000005,-6.9934E-09,7.082E-09,-2.2000000000000002E-13,3.2504E-07,-3.2514E-07
0.535,0.060000000000000005,-7.333E-09,7.4515E-09,-4.4000000000000004E-13,3.2502E-07,-3.2508E-07
0.54,0.060000000000000005,-7.7189E-09,7.8006E-09,-1.12E-12,3.2504E-07,-3.2518E-07
0.545,0.060000000000000005,-8.0928E-09,8.1789E-09,-3.3E-13,3.2498E-07,-3.2506E-07
0.55,0.060000000000000005,-8.4864E-09,8.5777E-09,5E-14,3.2498E-07,-3.2506E-07
0.555,0.060000000000000005,-8.8943E-09,8.9837E-09,-9.6000000000000015E-13,3.2492E-07,-3.2502E-07
0.56,0.060000000000000005,-9.3308E-09,9.4165E-09,3.2000000000000005E-13,3.2496E-07,-3.2508E-07
0.56500000000000006,0.060000000000000005,-9.7664E-09,9.8604E-09,-5.3000000000000006E-13,3.2504E-07,-3.2508E-07
0.57000000000000006,0.060000000000000005,-1.02308E-08,1.03279E-08,-7.5E-13,3.2516E-07,-3.2512E-07
0.57500000000000007,0.060000000000000005,-1.072E-08,1.07978E-08,-9.1000000000000016E-13,3.2512E-07,-3.2514E-07
0.58000000000000007,0.060000000000000005,-1.12152E-08,1.13024E-08,-6.8E-13,3.2512E-07,-3.2514E-07
0.58500000000000008,0.060000000000000005,-1.1734599999999999E-08,1.1845999999999999E-08,-6.6E-13,3.2498E-07,-3.25E-07
0.59000000000000008,0.060000000000000005,-1.2298999999999998E-08,1.2386999999999999E-08,-5.8000000000000005E-13,3.2504E-07,-3.251E-07
0.595,0.060000000000000005,-1.28444E-08,1.29532E-08,-5.6E-13,3.25E-07,-3.2504E-07
0.6,0.060000000000000005,-1.3444799999999998E-08,1.3561399999999998E-08,-6.6E-13,3.2502E-07,-3.2508E-07
0.605,0.060000000000000005,-1.40588E-08,1.4161799999999999E-08,-1.5000000000000002E-13,3.2506E-07,-3.2508E-07
0.61,0.060000000000000005,-1.4684599999999999E-08,1.4791399999999998E-08,-8E-13,3.2504E-07,-3.2508E-07
0.615,0.060000000000000005,-1.5363199999999998E-08,1.5448199999999998E-08,-1.32E-12,3.25E-07,-3.251E-07
0.62,0.060000000000000005,-1.60698E-08,1.6159199999999997E-08,-5.4E-13,3.25E-07,-3.2506E-07
0.625,0.060000000000000005,-1.67726E-08,1.6881199999999998E-08,-1.5E-12,3.2506E-07,-3.2506E-07
0.63,0.060000000000000005,-1.7525999999999998E-08,1.7613199999999998E-08,-8.6000000000000007E-13,3.2506E-07,-3.251E-07
0.635,0.060000000000000005,-1.8279799999999998E-08,1.83976E-08,-8.5000000000000011E-13,3.2506E-07,-3.2514E-07
0.64,0.060000000000000005,-1.9100599999999998E-08,1.9191399999999998E-08,-4.5000000000000005E-13,3.2508E-07,-3.2518E-07
0.645,0.060000000000000005,-1.99476E-08,2.0038599999999997E-08,-1.09E-12,3.2514E-07,-3.2516E-07
0.65,0.060000000000000005,-2.08302E-08,2.09412E-08,-6.7000000000000007E-13,3.2518E-07,-3.2524E-07
0.655,0.060000000000000005,-2.1734399999999996E-08,2.1840999999999997E-08,-2.7E-13,3.2512E-07,-3.2518E-07
0.66,0.060000000000000005,-2.2702599999999996E-08,2.2790799999999998E-08,-1.04E-12,3.251E-07,-3.2516E-07
0.665,0.060000000000000005,-2.36832E-08,2.3793799999999997E-08,-7E-13,3.2508E-07,-3.2514E-07
0.67,0.060000000000000005,-2.4699399999999997E-08,2.48048E-08,-9.7000000000000011E-13,3.2508E-07,-3.2518E-07
0.675,0.060000000000000005,-2.5781799999999998E-08,2.5879799999999997E-08,-3.8000000000000005E-13,3.2504E-07,-3.2514E-07
0.68,0.060000000000000005,-2.6908599999999998E-08,2.7031E-08,-4.4000000000000004E-13,3.2512E-07,-3.2518E-07
0.685,0.060000000000000005,-2.8079799999999996E-08,2.8164199999999998E-08,-1.8000000000000002E-13,3.2516E-07,-3.2518E-07
0.69000000000000006,0.060000000000000005,-2.9308999999999998E-08,2.9400399999999997E-08,-2.8E-13,3.2506E-07,-3.2522E-07
0.69500000000000006,0.060000000000000005,-3.0568999999999994E-08,3.06666E-08,-6.1E-13,3.2506E-07,-3.2512E-07
0.70000000000000007,0.060000000000000005,-3.1906599999999994E-08,3.2011399999999996E-08,3.6000000000000003E-13,3.251E-07,-3.2522E-07
0.70500000000000007,0.060000000000000005,-3.3291199999999994E-08,3.3373199999999995E-08,4.3000000000000004E-13,3.2506E-07,-3.2514E-07
0.71000000000000008,0.060000000000000005,-3.47422E-08,3.48346E-08,4E-13,3.2512E-07,-3.2518E-07
0.71500000000000008,0.060000000000000005,-3.6233E-08,3.6327399999999993E-08,1.6000000000000003E-13,3.2508E-07,-3.252E-07
0.72000000000000008,0.060000000000000005,-3.7825199999999994E-08,3.7926E-08,1.8000000000000002E-13,3.2506E-07,-3.2516E-07
0.72500000000000009,0.060000000000000005,-3.94506E-08,3.9561799999999996E-08,-3.6000000000000003E-13,3.251E-07,-3.2516E-07
0.73,0.060000000000000005,-4.1148799999999996E-08,4.1227599999999995E-08,8.5000000000000011E-13,3.251E-07,-3.2518E-07
0.735,0.060000000000000005,-4.29592E-08,4.3059599999999995E-08,2.2000000000000002E-13,3.2512E-07,-3.2516E-07
0.74,0.060000000000000005,-4.4829E-08,4.4927799999999993E-08,2.4000000000000004E-13,3.2504E-07,-3.2508E-07
0.745,0.060000000000000005,-4.6779E-08,4.6862599999999992E-08,-3.8000000000000005E-13,3.2498E-07,-3.2506E-07
0.75,0.060000000000000005,-4.8818599999999994E-08,4.8913199999999994E-08,-2.5E-13,3.251E-07,-3.251E-07
0.755,0.060000000000000005,-5.09564E-08,5.1083199999999993E-08,-1.2000000000000002E-13,3.251E-07,-3.2512E-07
0.76,0.060000000000000005,-5.3191599999999996E-08,5.3283199999999992E-08,-3.0000000000000003E-13,3.2506E-07,-3.2516E-07
0.765,0.060000000000000005,-5.5566199999999994E-08,5.5632199999999996E-08,-6.9000000000000009E-13,3.25E-07,-3.2512E-07
0.77,0.060000000000000005,-5.7994399999999992E-08,5.80814E-08,-9.7000000000000011E-13,3.251E-07,-3.252E-07
0.775,0.060000000000000005,-6.0561399999999991E-08,6.06536E-08,-1.3500000000000001E-12,3.2502E-07,-3.2508E-07
0.78,0.060000000000000005,-6.32362E-08,6.33476E-08,-1.07E-12,3.2504E-07,-3.2512E-07
0.785,0.060000000000000005,-6.60656E-08,6.61618E-08,-8.4000000000000006E-13,3.2508E-07,-3.2512E-07
0.79,0.060000000000000005,-6.899719999999999E-08,6.9097999999999988E-08,-8.5000000000000011E-13,3.2502E-07,-3.2508E-07
0.795,0.060000000000000005,-7.21048E-08,7.2206399999999987E-08,-1.21E-12,3.2498E-07,-3.2512E-07
0.8,0.060000000000000005,-7.530679999999999E-08,7.53882E-08,-8.300000000000001E-13,3.2506E-07,-3.2514E-07
0.805,0.060000000000000005,-7.87E-08,7.8803599999999987E-08,-8.5000000000000011E-13,3.2504E-07,-3.2514E-07
0.81,0.060000000000000005,-8.22664E-08,8.2336999999999991E-08,-1.4400000000000001E-12,3.2504E-07,-3.2508E-07
0.81500000000000006,0.060000000000000005,-8.60102E-08,8.60772E-08,-1.07E-12,3.251E-07,-3.2514E-07
0.82000000000000006,0.060000000000000005,-8.9868E-08,8.9963399999999991E-08,-1.3000000000000001E-12,3.25E-07,-3.2512E-07
0.82500000000000007,0.060000000000000005,-9.39344E-08,9.408019999999999E-08,-5E-14,3.2504E-07,-3.2512E-07
0.83000000000000007,0.060000000000000005,-9.8228799999999988E-08,9.83268E-08,-1.4300000000000002E-12,3.2504E-07,-3.2516E-07
0.83500000000000008,0.060000000000000005,-1.0279859999999999E-07,1.0288239999999999E-07,-8.4000000000000006E-13,3.25E-07,-3.2516E-07
0.84000000000000008,0.060000000000000005,-1.0744779999999999E-07,1.0756379999999999E-07,-4.3000000000000004E-13,3.2492E-07,-3.2508E-07
0.84500000000000008,0.060000000000000005,-1.12489E-07,1.1256939999999999E-07,-5.1E-13,3.2494E-07,-3.2504E-07
0.85000000000000009,0.060000000000000005,-1.1774E-07,1.178E-07,-1.1100000000000001E-12,3.2506E-07,-3.2508E-07
0.85500000000000009,0.060000000000000005,-1.2322E-07,1.2318E-07,-7.7000000000000005E-13,3.2502E-07,-3.2518E-07
0.86,0.060000000000000005,-1.2888E-07,1.2902E-07,1.1000000000000001E-13,3.2502E-07,-3.2518E-07
0.865,0.060000000000000005,-1.35E-07,1.3512E-07,-3.4E-13,3.2506E-07,-3.2508E-07
0.87,0.060000000000000005,-1.4136E-07,1.414E-07,-1.27E-12,3.2504E-07,-3.251E-07
0.875,0.060000000000000005,-1.4798E-07,1.4796E-07,-2.3000000000000003E-13,3.2506E-07,-3.2524E-07
0.88,0.060000000000000005,-1.55E-07,1.5502E-07,4.7E-13,3.2506E-07,-3.2512E-07
0.885,0.060000000000000005,-1.623E-07,1.6238E-07,-8.4000000000000006E-13,3.2496E-07,-3.2516E-07
0.89,0.060000000000000005,-1.701E-07,1.7022E-07,-7.2000000000000006E-13,3.25E-07,-3.2512E-07
0.895,0.060000000000000005,-1.782E-07,1.7826E-07,4E-13,3.2506E-07,-3.2514E-07
0.9,0.060000000000000005,-1.868E-07,1.8692E-07,1.6000000000000003E-13,3.25E-07,-3.2514E-07
-0.3,0.07,2.0001E-09,-5.4551E-09,2.1000000000000001E-13,3.2508E-07,-3.2162E-07
-0.29500000000000004,0.07,1.9233E-09,-5.0266E-09,-1.4E-13,3.2506E-07,-3.2198E-07
-0.29000000000000004,0.07,1.8702E-09,-4.6358E-09,-5.6E-13,3.2508E-07,-3.2226E-07
-0.28500000000000003,0.07,1.8035E-09,-4.2857E-09,-5.5000000000000008E-13,3.2502E-07,-3.2262E-07
-0.28,0.07,1.7555E-09,-3.9633E-09,2.7E-13,3.2504E-07,-3.2278E-07
-0.275,0.07,1.696E-09,-3.6723E-09,-4E-13,3.2502E-07,-3.2308E-07
-0.27,0.07,1.6419E-09,-3.4011E-09,-1.0600000000000001E-12,3.2498E-07,-3.2326E-07
-0.265,0.07,1.597E-09,-3.1573E-09,-5.6E-13,3.25E-07,-3.234E-07
-0.26,0.07,1.5474E-09,-2.9368E-09,-1.4E-13,3.2504E-07,-3.2366E-07
-0.255,0.07,1.4989E-09,-2.7288E-09,-1.27E-12,3.2498E-07,-3.2376E-07
-0.25,0.07,1.445E-09,-2.5445E-09,-1.0500000000000002E-12,3.2506E-07,-3.2392E-07
-0.24500000000000002,0.07,1.3983E-09,-2.3761E-09,1.0000000000000002E-14,3.2506E-07,-3.2408E-07
-0.24000000000000002,0.07,1.3586E-09,-2.2196E-09,-5.3000000000000006E-13,3.2504E-07,-3.2422E-07
-0.23500000000000001,0.07,1.3213E-09,-2.0733E-09,-1.3000000000000001E-12,3.2504E-07,-3.243E-07
-0.23,0.07,1.2673E-09,-1.9446E-09,-1.32E-12,3.2498E-07,-3.2428E-07
-0.225,0.07,1.2321E-09,-1.8202E-09,-3.3E-13,3.2506E-07,-3.2446E-07
-0.22,0.07,1.1967E-09,-1.7071E-09,-4.3000000000000004E-13,3.2502E-07,-3.2448E-07
-0.215,0.07,1.1493E-09,-1.6029E-09,-1.45E-12,3.2504E-07,-3.2452E-07
-0.21000000000000002,0.07,1.1142E-09,-1.5106E-09,-1.6000000000000003E-13,3.2498E-07,-3.2456E-07
-0.20500000000000002,0.07,1.077E-09,-1.4194E-09,-6.0000000000000009E-14,3.2498E-07,-3.246E-07
-0.2,0.07,1.0506E-09,-1.3381E-09,6.0000000000000009E-14,3.2502E-07,-3.2474E-07
-0.195,0.07,1.0042E-09,-1.2592E-09,-1.4200000000000002E-12,3.2496E-07,-3.2474E-07
-0.19,0.07,9.7366000000000013E-10,-1.1894E-09,-5.7E-13,3.2498E-07,-3.247E-07
-0.185,0.07,9.4459000000000015E-10,-1.1229E-09,-3.2000000000000005E-13,3.2492E-07,-3.2482E-07
-0.18000000000000002,0.07,9.1686000000000008E-10,-1.0593E-09,-1.1500000000000002E-12,3.249E-07,-3.2474E-07
-0.17500000000000002,0.07,8.7793000000000009E-10,-1.0026E-09,-8.6000000000000007E-13,3.2488E-07,-3.2484E-07
-0.17,0.07,8.495100000000001E-10,-9.502E-10,3.1000000000000004E-13,3.25E-07,-3.2482E-07
-0.165,0.07,8.2627000000000008E-10,-8.9660000000000009E-10,-7.8000000000000011E-13,3.2502E-07,-3.2494E-07
-0.16,0.07,7.9142E-10,-8.5061E-10,-7.4000000000000008E-13,3.25E-07,-3.249E-07
-0.155,0.07,7.6986000000000007E-10,-8.0646E-10,5.1E-13,3.2502E-07,-3.2488E-07
-0.15,0.07,7.4746E-10,-7.6386000000000009E-10,-1.0000000000000002E-14,3.25E-07,-3.2492E-07
-0.14500000000000002,0.07,7.17E-10,-7.2315E-10,-6.9000000000000009E-13,3.25E-07,-3.2502E-07
-0.14,0.07,6.9097E-10,-6.877E-10,-2.8E-13,3.25E-07,-3.2496E-07
-0.135,0.07,6.7263000000000009E-10,-6.521900000000001E-10,-3.1000000000000004E-13,3.2498E-07,-3.25E-07
-0.13,0.07,6.4827000000000008E-10,-6.1645000000000008E-10,-1.04E-12,3.2492E-07,-3.2496E-07
-0.125,0.07,6.1692000000000008E-10,-5.8662000000000009E-10,-7.5E-13,3.2492E-07,-3.25E-07
-0.12000000000000001,0.07,6.0856E-10,-5.578500000000001E-10,-3.4E-13,3.25E-07,-3.2504E-07
-0.115,0.07,5.8373E-10,-5.2738E-10,-7.100000000000001E-13,3.2498E-07,-3.2498E-07
-0.11,0.07,5.5739000000000008E-10,-5.0055E-10,-1.1000000000000002E-12,3.2498E-07,-3.2504E-07
-0.10500000000000001,0.07,5.3485000000000007E-10,-4.7696000000000008E-10,-1.08E-12,3.25E-07,-3.2508E-07
-0.1,0.07,5.3015000000000008E-10,-4.5095000000000003E-10,-1.1000000000000001E-13,3.2504E-07,-3.2508E-07
-0.095,0.07,5.0195E-10,-4.2665E-10,-6.6E-13,3.2498E-07,-3.2508E-07
-0.090000000000000011,0.07,4.7890000000000007E-10,-4.0648000000000003E-10,-6.5000000000000006E-13,3.2498E-07,-3.2502E-07
-0.085,0.07,4.7319E-10,-3.8613000000000004E-10,1.2000000000000002E-13,3.25E-07,-3.251E-07
-0.08,0.07,4.5861000000000003E-10,-3.631E-10,-1.09E-12,3.2492E-07,-3.251E-07
-0.075,0.07,4.3867000000000005E-10,-3.4501000000000003E-10,-4.9E-13,3.2498E-07,-3.2508E-07
-0.07,0.07,4.1885000000000006E-10,-3.2723E-10,3.6000000000000003E-13,3.2496E-07,-3.2508E-07
-0.065,0.07,4.1348000000000005E-10,-3.0788000000000003E-10,-8.7E-13,3.2502E-07,-3.251E-07
-0.060000000000000005,0.07,3.9281E-10,-2.9029000000000004E-10,-9.9E-13,3.25E-07,-3.2508E-07
-0.055,0.07,3.6697000000000003E-10,-2.7566E-10,-8.4000000000000006E-13,3.2498E-07,-3.2508E-07
-0.05,0.07,3.7004000000000005E-10,-2.5804E-10,-2.2000000000000002E-13,3.2502E-07,-3.2512E-07
-0.045000000000000005,0.07,3.5562E-10,-2.4175E-10,-9.6000000000000015E-13,3.2494E-07,-3.2506E-07
-0.04,0.07,3.3496000000000005E-10,-2.2938000000000001E-10,-1.0500000000000002E-12,3.2496E-07,-3.2514E-07
-0.035,0.07,3.2495E-10,-2.1542000000000002E-10,-3.8000000000000005E-13,3.2502E-07,-3.2508E-07
-0.030000000000000002,0.07,3.1780000000000003E-10,-1.9894000000000001E-10,-9.6000000000000015E-13,3.2504E-07,-3.252E-07
-0.025,0.07,2.9612E-10,-1.8569E-10,-1.4700000000000002E-12,3.2504E-07,-3.2518E-07
-0.02,0.07,2.7991E-10,-1.7332E-10,-1.2000000000000002E-13,3.2508E-07,-3.2514E-07
-0.015000000000000001,0.07,2.7728E-10,-1.5988000000000002E-10,-1.0000000000000002E-14,3.2504E-07,-3.2518E-07
-0.01,0.07,2.658E-10,-1.4654000000000002E-10,-8.300000000000001E-13,3.25E-07,-3.2518E-07
-0.005,0.07,2.4892E-10,-1.3627E-10,-8.1000000000000008E-13,3.2506E-07,-3.2512E-07
0,0.07,2.4215000000000004E-10,-1.2494E-10,-2.0000000000000003E-14,3.251E-07,-3.2514E-07
0.005,0.07,2.3223E-10,-1.1048E-10,-7.3E-13,3.251E-07,-3.2516E-07
0.01,0.07,2.1731000000000002E-10,-1.0107E-10,-9.9E-13,3.2502E-07,-3.2506E-07
0.015000000000000001,0.07,2.0734E-10,-9.178E-11,-1.2000000000000002E-13,3.2494E-07,-3.251E-07
0.02,0.07,2.0283E-10,-7.9750000000000009E-11,-4.6000000000000006E-13,3.2494E-07,-3.2512E-07
0.025,0.07,1.8263000000000002E-10,-7.0460000000000008E-11,-1.32E-12,3.2492E-07,-3.2512E-07
0.030000000000000002,0.07,1.7569000000000002E-10,-6.2740000000000008E-11,-4.2000000000000003E-13,3.2504E-07,-3.2508E-07
0.035,0.07,1.7939000000000001E-10,-5.4540000000000006E-11,8.9E-13,3.2498E-07,-3.2502E-07
0.04,0.07,1.6939000000000002E-10,-4.3760000000000006E-11,-8.6000000000000007E-13,3.25E-07,-3.2512E-07
0.045000000000000005,0.07,1.54E-10,-3.8140000000000003E-11,-2.4000000000000004E-13,3.2498E-07,-3.2502E-07
0.05,0.07,1.4745000000000002E-10,-3.109E-11,-9.0000000000000008E-14,3.2502E-07,-3.251E-07
0.055,0.07,1.4731E-10,-2.072E-11,-7.8000000000000011E-13,3.2498E-07,-3.25E-07
0.060000000000000005,0.07,1.3419E-10,-1.3870000000000001E-11,-8E-13,3.2504E-07,-3.2506E-07
0.065,0.07,1.2300000000000002E-10,-9.1800000000000009E-12,-5.5000000000000008E-13,3.2498E-07,-3.2514E-07
0.07,0.07,1.2523000000000002E-10,-1.3500000000000001E-12,2.5E-13,3.2502E-07,-3.2508E-07
0.075,0.07,1.142E-10,5.3000000000000004E-12,-9.9E-13,3.2504E-07,-3.2508E-07
0.08,0.07,9.8420000000000008E-11,1.0120000000000001E-11,8.0000000000000013E-14,3.2498E-07,-3.2514E-07
0.085,0.07,1.0076000000000001E-10,1.469E-11,-3.7000000000000004E-13,3.2498E-07,-3.2506E-07
0.090000000000000011,0.07,1.0876000000000001E-10,2.336E-11,-2.8E-13,3.2504E-07,-3.2512E-07
0.095,0.07,8.839E-11,2.782E-11,-1.5000000000000002E-13,3.25E-07,-3.2512E-07
0.1,0.07,8.2620000000000008E-11,3.318E-11,-1.3E-13,3.25E-07,-3.251E-07
0.10500000000000001,0.07,8.416000000000001E-11,3.8840000000000005E-11,-2.5E-13,3.25E-07,-3.2518E-07
0.11,0.07,7.4510000000000009E-11,4.5570000000000004E-11,-7.3E-13,3.2504E-07,-3.2512E-07
0.115,0.07,6.49E-11,4.8670000000000005E-11,-1.7E-13,3.2498E-07,-3.2514E-07
0.12000000000000001,0.07,6.314E-11,5.4750000000000005E-11,-1.4E-13,3.2502E-07,-3.2506E-07
0.125,0.07,6.3670000000000011E-11,6.211E-11,-8.9E-13,3.25E-07,-3.2506E-07
0.13,0.07,5.0430000000000007E-11,6.633E-11,-1.12E-12,3.25E-07,-3.2512E-07
0.135,0.07,4.5360000000000005E-11,7.116E-11,-5.6E-13,3.2494E-07,-3.2512E-07
0.14,0.07,4.363E-11,7.855E-11,-1.8000000000000002E-13,3.25E-07,-3.252E-07
0.14500000000000002,0.07,3.2070000000000005E-11,8.503E-11,-8.300000000000001E-13,3.2498E-07,-3.2514E-07
0.15,0.07,2.8630000000000002E-11,8.955E-11,-1.9000000000000002E-13,3.2498E-07,-3.2508E-07
0.155,0.07,2.7610000000000002E-11,9.683E-11,-5.4E-13,3.2504E-07,-3.2512E-07
0.16,0.07,1.7690000000000002E-11,1.0476000000000001E-10,-1.6E-12,3.2492E-07,-3.2508E-07
0.165,0.07,5.7300000000000008E-12,1.0978000000000001E-10,-5.6E-13,3.249E-07,-3.25E-07
0.17,0.07,1.8700000000000003E-12,1.1609000000000001E-10,-5.3000000000000006E-13,3.2498E-07,-3.2514E-07
0.17500000000000002,0.07,-1.5E-12,1.2566E-10,-5.5000000000000008E-13,3.2498E-07,-3.2514E-07
0.18000000000000002,0.07,-1.617E-11,1.3167000000000002E-10,-1.09E-12,3.2502E-07,-3.2506E-07
0.185,0.07,-2.2460000000000002E-11,1.3993E-10,-1.4E-13,3.2498E-07,-3.2516E-07
0.19,0.07,-3.034E-11,1.4924000000000002E-10,-1.03E-12,3.2494E-07,-3.2508E-07
0.195,0.07,-4.2910000000000004E-11,1.5876E-10,-6.1E-13,3.2498E-07,-3.2508E-07
0.2,0.07,-5.0500000000000007E-11,1.6660000000000002E-10,-2.7E-13,3.25E-07,-3.251E-07
0.20500000000000002,0.07,-4.88E-11,1.7735000000000001E-10,-4.3000000000000004E-13,3.2498E-07,-3.2512E-07
0.21000000000000002,0.07,-5.971E-11,1.8893000000000001E-10,-1.13E-12,3.2502E-07,-3.2508E-07
0.215,0.07,-8.12E-11,1.9795000000000003E-10,-1.7E-13,3.25E-07,-3.2508E-07
0.22,0.07,-9.2160000000000008E-11,2.0704000000000002E-10,-1.0000000000000002E-14,3.2498E-07,-3.2514E-07
0.225,0.07,-1.0761E-10,2.2177000000000003E-10,-1.2900000000000002E-12,3.2498E-07,-3.2514E-07
0.23,0.07,-1.1761000000000002E-10,2.3343000000000004E-10,-1.45E-12,3.2504E-07,-3.2514E-07
0.23500000000000001,0.07,-1.2696000000000002E-10,2.4519E-10,-7.8000000000000011E-13,3.25E-07,-3.2512E-07
0.24000000000000002,0.07,-1.3776E-10,2.5859000000000003E-10,-5.5000000000000008E-13,3.2504E-07,-3.2512E-07
0.24500000000000002,0.07,-1.5483000000000002E-10,2.746E-10,-8.9E-13,3.2498E-07,-3.2518E-07
0.25,0.07,-1.7565E-10,2.877E-10,-3.0000000000000003E-13,3.2492E-07,-3.2514E-07
0.255,0.07,-1.8096000000000001E-10,3.0226E-10,2.7E-13,3.2496E-07,-3.2508E-07
0.26,0.07,-1.8435000000000002E-10,3.2125E-10,-6.8E-13,3.2504E-07,-3.251E-07
0.265,0.07,-2.0863E-10,3.3746000000000004E-10,-9.1000000000000016E-13,3.25E-07,-3.2512E-07
0.27,0.07,-2.3823E-10,3.5376000000000003E-10,-9.4E-13,3.2496E-07,-3.251E-07
0.275,0.07,-2.5089E-10,3.7596E-10,-9.000000000000001E-13,3.25E-07,-3.2508E-07
0.28,0.07,-2.8436000000000004E-10,3.9616E-10,-4.8000000000000008E-13,3.2494E-07,-3.2502E-07
0.28500000000000003,0.07,-3.0807E-10,4.1800000000000006E-10,-8.1000000000000008E-13,3.2494E-07,-3.2504E-07
0.29000000000000004,0.07,-3.2397E-10,4.4023000000000004E-10,-3.0000000000000003E-13,3.25E-07,-3.2506E-07
0.29500000000000004,0.07,-3.5716000000000004E-10,4.6778E-10,-9.3E-13,3.2494E-07,-3.2502E-07
0.3,0.07,-3.8353E-10,4.9509E-10,2.5E-13,3.2488E-07,-3.25E-07
0.305,0.07,-4.0921000000000003E-10,5.2157000000000009E-10,-3.7000000000000004E-13,3.2494E-07,-3.2514E-07
0.31,0.07,-4.3987000000000005E-10,5.5469000000000008E-10,-1.45E-12,3.2492E-07,-3.2506E-07
0.315,0.07,-4.8505E-10,5.8867E-10,-4.1E-13,3.2496E-07,-3.2506E-07
0.32,0.07,-5.1327E-10,6.2161000000000009E-10,5.3000000000000006E-13,3.2494E-07,-3.2504E-07
0.325,0.07,-5.4299E-10,6.612900000000001E-10,-2.5E-13,3.2494E-07,-3.2506E-07
0.33,0.07,-5.8998000000000007E-10,7.0200000000000006E-10,-1E-12,3.2498E-07,-3.2506E-07
0.335,0.07,-6.3151E-10,7.4286000000000006E-10,2.6E-13,3.2494E-07,-3.2506E-07
0.34,0.07,-6.8162000000000007E-10,7.896E-10,-1.9000000000000002E-13,3.2496E-07,-3.2502E-07
0.34500000000000003,0.07,-7.289E-10,8.4079E-10,-5.2E-13,3.2492E-07,-3.2506E-07
0.35000000000000003,0.07,-7.8626E-10,8.8958E-10,-2E-13,3.25E-07,-3.2504E-07
0.35500000000000004,0.07,-8.3121000000000007E-10,9.4297000000000011E-10,-4.0000000000000006E-14,3.2494E-07,-3.2506E-07
0.36000000000000004,0.07,-8.85E-10,1.00257E-09,-1.0000000000000002E-14,3.2494E-07,-3.2508E-07
0.365,0.07,-9.6164E-10,1.0665E-09,-6.0000000000000007E-13,3.2498E-07,-3.2514E-07
0.37,0.07,-1.0232700000000001E-09,1.12819E-09,-2.5E-13,3.2504E-07,-3.2506E-07
0.375,0.07,-1.08348E-09,1.196E-09,-9.0000000000000008E-14,3.25E-07,-3.2506E-07
0.38,0.07,-1.1613E-09,1.2688E-09,-3.4E-13,3.2498E-07,-3.2506E-07
0.385,0.07,-1.2444E-09,1.3442E-09,1.5000000000000002E-13,3.2496E-07,-3.2512E-07
0.39,0.07,-1.3108E-09,1.424E-09,-7E-14,3.25E-07,-3.2504E-07
0.395,0.07,-1.4003E-09,1.5111E-09,-1.0600000000000001E-12,3.2504E-07,-3.2512E-07
0.4,0.07,-1.4883E-09,1.5976E-09,-2.4000000000000004E-13,3.2498E-07,-3.2508E-07
0.405,0.07,-1.5751E-09,1.6926E-09,-8E-13,3.2498E-07,-3.2512E-07
0.41000000000000003,0.07,-1.6735E-09,1.7926E-09,-4.8000000000000008E-13,3.25E-07,-3.2514E-07
0.41500000000000004,0.07,-1.7929E-09,1.8968E-09,-8.4000000000000006E-13,3.2494E-07,-3.2506E-07
0.42000000000000004,0.07,-1.8964E-09,2.0028E-09,-6.400000000000001E-13,3.2494E-07,-3.251E-07
0.42500000000000004,0.07,-2.0005E-09,2.1197E-09,-1.5000000000000002E-13,3.2494E-07,-3.2508E-07
0.43,0.07,-2.1255E-09,2.2443E-09,-9.6000000000000015E-13,3.2492E-07,-3.2508E-07
0.435,0.07,-2.2575E-09,2.3674E-09,-7.2000000000000006E-13,3.2502E-07,-3.2514E-07
0.44,0.07,-2.3965E-09,2.5021E-09,-2E-13,3.2498E-07,-3.2506E-07
0.445,0.07,-2.5282E-09,2.6435E-09,-2.5E-13,3.2498E-07,-3.2512E-07
0.45,0.07,-2.6828E-09,2.7962E-09,-4.2000000000000003E-13,3.25E-07,-3.251E-07
0.455,0.07,-2.8414E-09,2.9505E-09,-3.7000000000000004E-13,3.25E-07,-3.2506E-07
0.46,0.07,-3.0015E-09,3.1271E-09,-3.5E-13,3.2494E-07,-3.2508E-07
0.465,0.07,-3.1674E-09,3.285E-09,-1.8000000000000002E-13,3.2492E-07,-3.2504E-07
0.47000000000000003,0.07,-3.3533E-09,3.4665E-09,-5.9E-13,3.2494E-07,-3.2512E-07
0.47500000000000003,0.07,-3.548E-09,3.6553E-09,-1.4E-13,3.25E-07,-3.2506E-07
0.48000000000000004,0.07,-3.7381E-09,3.8533E-09,-6.5000000000000006E-13,3.25E-07,-3.2504E-07
0.48500000000000004,0.07,-3.9483E-09,4.0604E-09,-1.22E-12,3.25E-07,-3.251E-07
0.49000000000000005,0.07,-4.1698E-09,4.2763E-09,-3.3E-13,3.2498E-07,-3.2512E-07
0.49500000000000005,0.07,-4.3898E-09,4.4996E-09,1E-13,3.2494E-07,-3.2508E-07
0.5,0.07,-4.6267E-09,4.7421E-09,-1.2900000000000002E-12,3.2498E-07,-3.2502E-07
0.505,0.07,-4.8763E-09,4.9888E-09,-1.09E-12,3.2502E-07,-3.251E-07
0.51,0.07,-5.14E-09,5.2439E-09,0,3.25E-07,-3.2504E-07
0.515,0.07,-5.4072E-09,5.5198E-09,-2.0000000000000003E-14,3.2496E-07,-3.2506E-07
0.52,0.07,-5.6881E-09,5.8073E-09,-4.4000000000000004E-13,3.2498E-07,-3.2502E-07
0.525,0.07,-6.0006E-09,6.1121E-09,-8.5000000000000011E-13,3.2498E-07,-3.2512E-07
0.53,0.07,-6.3061999999999996E-09,6.4126E-09,-3.6000000000000003E-13,3.2506E-07,-3.2512E-07
0.535,0.07,-6.6145E-09,6.7292E-09,-1.0000000000000002E-14,3.2498E-07,-3.2506E-07
0.54,0.07,-6.9587999999999996E-09,7.0688E-09,-9.3E-13,3.2504E-07,-3.2504E-07
0.545,0.07,-7.3136E-09,7.4165E-09,-1.03E-12,3.2496E-07,-3.2508E-07
0.55,0.07,-7.6726E-09,7.7858E-09,-4.0000000000000006E-14,3.2492E-07,-3.2502E-07
0.555,0.07,-8.0371E-09,8.1595E-09,-1.51E-12,3.2496E-07,-3.2506E-07
0.56,0.07,-8.4435E-09,8.5573E-09,-8.8000000000000009E-13,3.2494E-07,-3.2502E-07
0.56500000000000006,0.07,-8.8545E-09,8.9546E-09,-1.3E-13,3.2498E-07,-3.2512E-07
0.57000000000000006,0.07,-9.2992E-09,9.3905E-09,1.9000000000000002E-13,3.249E-07,-3.25E-07
0.57500000000000007,0.07,-9.7338E-09,9.8508E-09,-1.07E-12,3.2496E-07,-3.25E-07
0.58000000000000007,0.07,-1.01886E-08,1.03002E-08,-1.12E-12,3.2496E-07,-3.2512E-07
0.58500000000000008,0.07,-1.06716E-08,1.07813E-08,-5.8000000000000005E-13,3.2496E-07,-3.2502E-07
0.59000000000000008,0.07,-1.11668E-08,1.12821E-08,-6.0000000000000009E-14,3.2492E-07,-3.2502E-07
0.595,0.07,-1.1691799999999999E-08,1.1821999999999998E-08,-1.1000000000000001E-13,3.2502E-07,-3.2508E-07
0.6,0.07,-1.2218399999999999E-08,1.2370999999999999E-08,-1.6000000000000003E-13,3.2494E-07,-3.251E-07
0.605,0.07,-1.27882E-08,1.2918399999999999E-08,-1.21E-12,3.2496E-07,-3.2502E-07
0.61,0.07,-1.3377199999999999E-08,1.35158E-08,1.9000000000000002E-13,3.25E-07,-3.2516E-07
0.615,0.07,-1.3986599999999998E-08,1.4110599999999998E-08,-5E-13,3.2498E-07,-3.2506E-07
0.62,0.07,-1.4625199999999998E-08,1.4750399999999998E-08,-5.9E-13,3.2496E-07,-3.2506E-07
0.625,0.07,-1.5291599999999997E-08,1.5426599999999998E-08,-1.1000000000000001E-13,3.2494E-07,-3.2502E-07
0.63,0.07,-1.5976999999999998E-08,1.6121E-08,-5.8000000000000005E-13,3.2492E-07,-3.251E-07
0.635,0.07,-1.6691999999999998E-08,1.6811799999999998E-08,-2.9000000000000003E-13,3.2498E-07,-3.2512E-07
0.64,0.07,-1.74548E-08,1.7572799999999997E-08,-2.8E-13,3.2488E-07,-3.2502E-07
0.645,0.07,-1.82354E-08,1.83538E-08,-6.5000000000000006E-13,3.2492E-07,-3.25E-07
0.65,0.07,-1.90442E-08,1.91722E-08,-5E-14,3.2502E-07,-3.2512E-07
0.655,0.07,-1.98686E-08,1.99914E-08,-1.3E-13,3.2498E-07,-3.2516E-07
0.66,0.07,-2.0762799999999998E-08,2.0892E-08,-4.6000000000000006E-13,3.2494E-07,-3.2508E-07
0.665,0.07,-2.1667399999999997E-08,2.1783599999999997E-08,-1.6E-12,3.2494E-07,-3.2506E-07
0.67,0.07,-2.2611199999999997E-08,2.27486E-08,-1.98E-12,3.2498E-07,-3.2506E-07
0.675,0.07,-2.35954E-08,2.3730399999999997E-08,-5.9E-13,3.2492E-07,-3.2502E-07
0.68,0.07,-2.4645999999999998E-08,2.4779799999999997E-08,-1.09E-12,3.2494E-07,-3.2502E-07
0.685,0.07,-2.5724399999999998E-08,2.5828799999999998E-08,-1.2000000000000002E-13,3.2498E-07,-3.2506E-07
0.69000000000000006,0.07,-2.6834199999999998E-08,2.6963599999999997E-08,-1.08E-12,3.2498E-07,-3.2502E-07
0.69500000000000006,0.07,-2.7996599999999997E-08,2.8143999999999997E-08,-1.0500000000000002E-12,3.2498E-07,-3.251E-07
0.70000000000000007,0.07,-2.9248999999999996E-08,2.9375799999999997E-08,-1.86E-12,3.2498E-07,-3.2508E-07
0.70500000000000007,0.07,-3.05084E-08,3.06374E-08,-1.37E-12,3.2504E-07,-3.2508E-07
0.71000000000000008,0.07,-3.1819599999999995E-08,3.1949799999999994E-08,2.5E-13,3.2494E-07,-3.2502E-07
0.71500000000000008,0.07,-3.31942E-08,3.33362E-08,-2.8E-13,3.249E-07,-3.251E-07
0.72000000000000008,0.07,-3.4635199999999996E-08,3.4804E-08,2.0000000000000003E-14,3.2496E-07,-3.2506E-07
0.72500000000000009,0.07,-3.61574E-08,3.6298399999999994E-08,-5.2E-13,3.2498E-07,-3.2508E-07
0.73,0.07,-3.7704E-08,3.78548E-08,-1.6000000000000003E-13,3.2504E-07,-3.2512E-07
0.735,0.07,-3.9378E-08,3.9479199999999997E-08,-2.4000000000000004E-13,3.2494E-07,-3.2518E-07
0.74,0.07,-4.1069199999999993E-08,4.1197999999999996E-08,-4.0000000000000006E-14,3.2498E-07,-3.2502E-07
0.745,0.07,-4.2865399999999996E-08,4.2990599999999996E-08,-3.8000000000000005E-13,3.2488E-07,-3.25E-07
0.75,0.07,-4.4741599999999996E-08,4.48514E-08,3.0000000000000003E-13,3.2488E-07,-3.2494E-07
0.755,0.07,-4.66932E-08,4.6847199999999993E-08,-2.7E-13,3.249E-07,-3.2502E-07
0.76,0.07,-4.8728799999999995E-08,4.8874799999999995E-08,1.5000000000000002E-13,3.2488E-07,-3.25E-07
0.765,0.07,-5.0900799999999996E-08,5.1030599999999994E-08,8.0000000000000013E-14,3.25E-07,-3.251E-07
0.77,0.07,-5.3104599999999996E-08,5.3239199999999995E-08,7.9000000000000007E-13,3.2496E-07,-3.2512E-07
0.775,0.07,-5.54724E-08,5.5609399999999994E-08,2.0000000000000003E-14,3.2506E-07,-3.2512E-07
0.78,0.07,-5.7906199999999993E-08,5.8031399999999994E-08,-1.2000000000000002E-13,3.2502E-07,-3.2512E-07
0.785,0.07,-6.045539999999999E-08,6.0616999999999993E-08,2.1000000000000001E-13,3.25E-07,-3.2512E-07
0.79,0.07,-6.3127199999999991E-08,6.32724E-08,9.3E-13,3.2492E-07,-3.2512E-07
0.795,0.07,-6.5988199999999993E-08,6.6118E-08,7E-14,3.25E-07,-3.2512E-07
0.8,0.07,-6.8902199999999988E-08,6.90294E-08,-2.9000000000000003E-13,3.2494E-07,-3.2508E-07
0.805,0.07,-7.1998E-08,7.2141399999999992E-08,-6.2000000000000008E-13,3.2494E-07,-3.2506E-07
0.81,0.07,-7.51992E-08,7.53336E-08,-8.4000000000000006E-13,3.25E-07,-3.2506E-07
0.81500000000000006,0.07,-7.8632E-08,7.8747E-08,-6.6E-13,3.2498E-07,-3.2514E-07
0.82000000000000006,0.07,-8.2123599999999993E-08,8.230539999999999E-08,-2.7E-13,3.25E-07,-3.2512E-07
0.82500000000000007,0.07,-8.5946399999999989E-08,8.6061999999999993E-08,-4.8000000000000008E-13,3.2498E-07,-3.251E-07
0.83000000000000007,0.07,-8.9803599999999993E-08,8.99184E-08,-1.13E-12,3.2498E-07,-3.2512E-07
0.83500000000000008,0.07,-9.3865199999999985E-08,9.3998399999999988E-08,-6.5000000000000006E-13,3.2496E-07,-3.2506E-07
0.84000000000000008,0.07,-9.81168E-08,9.8272199999999992E-08,-9.2000000000000012E-13,3.2496E-07,-3.2508E-07
0.84500000000000008,0.07,-1.0268999999999999E-07,1.0279099999999998E-07,-1.4E-12,3.2494E-07,-3.2512E-07
0.85000000000000009,0.07,-1.0738279999999999E-07,1.07469E-07,-5.1E-13,3.2494E-07,-3.2506E-07
0.85500000000000009,0.07,-1.1237359999999999E-07,1.1249819999999999E-07,-9.000000000000001E-13,3.2494E-07,-3.2512E-07
0.86,0.07,-1.1756E-07,1.1767999999999999E-07,-4.9E-13,3.25E-07,-3.2506E-07
0.865,0.07,-1.2296E-07,1.2318E-07,-3.2000000000000005E-13,3.2492E-07,-3.2506E-07
0.87,0.07,-1.2878E-07,1.2894E-07,-1.09E-12,3.2498E-07,-3.2506E-07
0.875,0.07,-1.3481999999999999E-07,1.3488E-07,-3.1000000000000004E-13,3.2496E-07,-3.2508E-07
0.88,0.07,-1.4116E-07,1.413E-07,-1.0000000000000002E-14,3.2498E-07,-3.2504E-07
0.885,0.07,-1.4779999999999999E-07,1.4793999999999999E-07,-7.6000000000000009E-13,3.25E-07,-3.2506E-07
0.89,0.07,-1.5492E-07,1.5498E-07,-1.03E-12,3.2494E-07,-3.2514E-07
0.895,0.07,-1.6216E-07,1.6228E-07,-7E-14,3.25E-07,-3.2512E-07
0.9,0.07,-1.7E-07,1.7012E-07,-3.6000000000000003E-13,3.2492E-07,-3.2506E-07
-0.3,0.08,2.1237E-09,-5.5562E-09,-1.27E-12,3.249E-07,-3.2154E-07
-0.29500000000000004,0.08,2.044E-09,-5.1317E-09,3.7000000000000004E-13,3.2496E-07,-3.2186E-07
-0.29000000000000004,0.08,1.9886E-09,-4.7368E-09,-3.8000000000000005E-13,3.2494E-07,-3.2222E-07
-0.28500000000000003,0.08,1.9259E-09,-4.3831E-09,-3.9000000000000005E-13,3.2498E-07,-3.2246E-07
-0.28,0.08,1.8636E-09,-4.0592E-09,-4.1E-13,3.2498E-07,-3.2282E-07
-0.275,0.08,1.8137E-09,-3.7678E-09,-4.1E-13,3.2498E-07,-3.2298E-07
-0.27,0.08,1.7593E-09,-3.4934E-09,-1.1600000000000001E-12,3.2494E-07,-3.2326E-07
-0.265,0.08,1.696E-09,-3.2459E-09,-1.69E-12,3.2498E-07,-3.2334E-07
-0.26,0.08,1.6456E-09,-3.0256E-09,-3.0000000000000003E-13,3.2494E-07,-3.2358E-07
-0.255,0.08,1.6044E-09,-2.8174E-09,1.2000000000000002E-13,3.249E-07,-3.2369999999999997E-07
-0.25,0.08,1.5546E-09,-2.6287E-09,-1.14E-12,3.2496E-07,-3.2386E-07
-0.24500000000000002,0.08,1.4944E-09,-2.4569E-09,-1.6E-12,3.2496E-07,-3.2402E-07
-0.24000000000000002,0.08,1.4515E-09,-2.2984E-09,-5.5000000000000008E-13,3.2492E-07,-3.2414E-07
-0.23500000000000001,0.08,1.4141E-09,-2.1526E-09,-9.1000000000000016E-13,3.2498E-07,-3.2424E-07
-0.23,0.08,1.3611E-09,-2.0179E-09,-5E-13,3.2492E-07,-3.2428E-07
-0.225,0.08,1.3201E-09,-1.8953E-09,-5.8000000000000005E-13,3.2492E-07,-3.244E-07
-0.22,0.08,1.2863E-09,-1.7816E-09,3.5E-13,3.2496E-07,-3.2446E-07
-0.215,0.08,1.2439E-09,-1.6742E-09,-5E-13,3.2492E-07,-3.2446E-07
-0.21000000000000002,0.08,1.2015E-09,-1.5762E-09,-5.3000000000000006E-13,3.2498E-07,-3.246E-07
-0.20500000000000002,0.08,1.159E-09,-1.4874E-09,1.6000000000000003E-13,3.2496E-07,-3.2464E-07
-0.2,0.08,1.1398E-09,-1.4029E-09,-4.7E-13,3.2486E-07,-3.247E-07
-0.195,0.08,1.0925E-09,-1.3231E-09,-9.4E-13,3.2494E-07,-3.2474E-07
-0.19,0.08,1.0463E-09,-1.2518E-09,-7.5E-13,3.2492E-07,-3.2478E-07
-0.185,0.08,1.018E-09,-1.1839E-09,7E-14,3.2492E-07,-3.2476E-07
-0.18000000000000002,0.08,9.896E-10,-1.119E-09,-1.55E-12,3.2498E-07,-3.2484E-07
-0.17500000000000002,0.08,9.5160000000000011E-10,-1.0611E-09,-3.2000000000000005E-13,3.25E-07,-3.2484E-07
-0.17,0.08,9.2760000000000008E-10,-1.004E-09,-1.7E-13,3.25E-07,-3.2488E-07
-0.165,0.08,9.0353000000000008E-10,-9.5021000000000018E-10,-1.1900000000000002E-12,3.2506E-07,-3.25E-07
-0.16,0.08,8.6660000000000009E-10,-9.0489000000000007E-10,-8.0000000000000013E-14,3.25E-07,-3.2494E-07
-0.155,0.08,8.3700000000000011E-10,-8.5621000000000009E-10,4E-13,3.25E-07,-3.2496E-07
-0.15,0.08,8.0632000000000007E-10,-8.1245E-10,-4.8000000000000008E-13,3.25E-07,-3.25E-07
-0.14500000000000002,0.08,7.8008000000000006E-10,-7.7217E-10,-4.6000000000000006E-13,3.2504E-07,-3.2502E-07
-0.14,0.08,7.5432E-10,-7.3412E-10,3.6000000000000003E-13,3.2506E-07,-3.2506E-07
-0.135,0.08,7.3608E-10,-6.9461E-10,-9.0000000000000008E-14,3.2502E-07,-3.2512E-07
-0.13,0.08,7.0465E-10,-6.6221E-10,-1.0600000000000001E-12,3.2506E-07,-3.2506E-07
-0.125,0.08,6.7979000000000009E-10,-6.3029E-10,-1.8000000000000002E-13,3.2504E-07,-3.2504E-07
-0.12000000000000001,0.08,6.6362E-10,-5.9746E-10,-3.4E-13,3.2502E-07,-3.251E-07
-0.115,0.08,6.4106000000000006E-10,-5.6682E-10,-9.9E-13,3.251E-07,-3.2508E-07
-0.11,0.08,6.1475000000000007E-10,-5.4174E-10,-1E-13,3.2506E-07,-3.2512E-07
-0.10500000000000001,0.08,5.9857E-10,-5.1372000000000006E-10,-1.2000000000000002E-13,3.2504E-07,-3.2508E-07
-0.1,0.08,5.8146000000000008E-10,-4.8715E-10,-1E-12,3.2504E-07,-3.251E-07
-0.095,0.08,5.5229000000000006E-10,-4.6279E-10,-9.1000000000000016E-13,3.2506E-07,-3.2508E-07
-0.090000000000000011,0.08,5.344E-10,-4.4071E-10,-6.6E-13,3.25E-07,-3.251E-07
-0.085,0.08,5.2416000000000008E-10,-4.1613000000000004E-10,-8.300000000000001E-13,3.2502E-07,-3.2514E-07
-0.08,0.08,5.0248E-10,-3.9616E-10,-5.9E-13,3.2496E-07,-3.2512E-07
-0.075,0.08,4.8131000000000007E-10,-3.7750000000000004E-10,-5.1E-13,3.2498E-07,-3.2514E-07
-0.07,0.08,4.7445000000000005E-10,-3.5629E-10,-3.5E-13,3.2492E-07,-3.2514E-07
-0.065,0.08,4.5752000000000004E-10,-3.3655000000000004E-10,-1.31E-12,3.2502E-07,-3.2506E-07
-0.060000000000000005,0.08,4.3377000000000004E-10,-3.2089E-10,-8.8000000000000009E-13,3.2496E-07,-3.2512E-07
-0.055,0.08,4.2378E-10,-3.0328E-10,-4.2000000000000003E-13,3.2498E-07,-3.251E-07
-0.05,0.08,4.1303E-10,-2.8501000000000003E-10,-6.5000000000000006E-13,3.2494E-07,-3.2508E-07
-0.045000000000000005,0.08,3.9258000000000005E-10,-2.6924000000000004E-10,-4E-13,3.2486E-07,-3.2508E-07
-0.04,0.08,3.7601000000000003E-10,-2.5553E-10,-4.2000000000000003E-13,3.2494E-07,-3.2508E-07
-0.035,0.08,3.712E-10,-2.3882E-10,-5.2E-13,3.2498E-07,-3.251E-07
-0.030000000000000002,0.08,3.5484000000000004E-10,-2.2437000000000002E-10,-1.41E-12,3.2496E-07,-3.251E-07
-0.025,0.08,3.3851E-10,-2.1243E-10,-1.32E-12,3.2498E-07,-3.2508E-07
-0.02,0.08,3.3266E-10,-1.9719000000000002E-10,-7.3E-13,3.25E-07,-3.2506E-07
-0.015000000000000001,0.08,3.2707000000000004E-10,-1.8150000000000002E-10,-1.2400000000000002E-12,3.25E-07,-3.2512E-07
-0.01,0.08,3.0418000000000003E-10,-1.7082E-10,-7.100000000000001E-13,3.25E-07,-3.2502E-07
-0.005,0.08,2.9324E-10,-1.5837000000000002E-10,9.0000000000000008E-14,3.2496E-07,-3.2512E-07
0,0.08,2.8076E-10,-1.452E-10,-8.9E-13,3.2498E-07,-3.2506E-07
0.005,0.08,2.6415E-10,-1.3181E-10,-3.2000000000000005E-13,3.2492E-07,-3.251E-07
0.01,0.08,2.6158000000000004E-10,-1.2301E-10,-5.7E-13,3.2494E-07,-3.2504E-07
0.015000000000000001,0.08,2.6131E-10,-1.1046000000000001E-10,-5.4E-13,3.2498E-07,-3.251E-07
0.02,0.08,2.5095E-10,-9.8660000000000011E-11,-1.45E-12,3.25E-07,-3.2512E-07
0.025,0.08,2.3142000000000001E-10,-9.0440000000000013E-11,-7E-13,3.25E-07,-3.2514E-07
0.030000000000000002,0.08,2.2383000000000002E-10,-8.0580000000000008E-11,-8.1000000000000008E-13,3.2506E-07,-3.2516E-07
0.035,0.08,2.2214000000000002E-10,-6.959E-11,-3.6000000000000003E-13,3.2496E-07,-3.2514E-07
0.04,0.08,2.0886000000000002E-10,-6.1220000000000009E-11,-1.65E-12,3.2492E-07,-3.2508E-07
0.045000000000000005,0.08,2.0086000000000002E-10,-5.342E-11,3.3E-13,3.25E-07,-3.2514E-07
0.05,0.08,1.9526E-10,-4.2450000000000006E-11,-8.9E-13,3.2498E-07,-3.2512E-07
0.055,0.08,1.8239E-10,-3.5520000000000004E-11,-6.7000000000000007E-13,3.2496E-07,-3.2506E-07
0.060000000000000005,0.08,1.7090000000000003E-10,-2.917E-11,-5.7E-13,3.2506E-07,-3.2514E-07
0.065,0.08,1.7195E-10,-2.189E-11,1.2000000000000002E-13,3.2498E-07,-3.252E-07
0.07,0.08,1.6369E-10,-1.332E-11,-5.9E-13,3.2506E-07,-3.252E-07
0.075,0.08,1.544E-10,-8.62E-12,-4.2000000000000003E-13,3.2506E-07,-3.2514E-07
0.08,0.08,1.4786000000000002E-10,-2.54E-12,6.400000000000001E-13,3.2508E-07,-3.2524E-07
0.085,0.08,1.4573000000000002E-10,5.58E-12,-6.1E-13,3.2504E-07,-3.2522E-07
0.090000000000000011,0.08,1.3640000000000002E-10,1.1860000000000002E-11,-9.8E-13,3.25E-07,-3.2518E-07
0.095,0.08,1.2256000000000001E-10,1.544E-11,1.3E-13,3.2504E-07,-3.2514E-07
0.1,0.08,1.2818000000000002E-10,2.271E-11,3.4E-13,3.2504E-07,-3.2524E-07
0.10500000000000001,0.08,1.1867000000000002E-10,2.8200000000000003E-11,-1.7E-13,3.25E-07,-3.2518E-07
0.11,0.08,1.0903000000000001E-10,3.38E-11,-9.5E-13,3.2498E-07,-3.2514E-07
0.115,0.08,1.0291000000000001E-10,3.721E-11,2.7E-13,3.2498E-07,-3.251E-07
0.12000000000000001,0.08,9.956E-11,4.5900000000000004E-11,-7E-13,3.2502E-07,-3.2514E-07
0.125,0.08,8.2870000000000007E-11,5.059E-11,-2.5E-13,3.2498E-07,-3.2514E-07
0.13,0.08,8.043E-11,5.3700000000000006E-11,-2.6E-13,3.2498E-07,-3.2514E-07
0.135,0.08,7.9780000000000008E-11,6.1580000000000009E-11,-2E-13,3.2504E-07,-3.2522E-07
0.14,0.08,6.9410000000000009E-11,6.691E-11,-6.3E-13,3.25E-07,-3.2514E-07
0.14500000000000002,0.08,6.3790000000000007E-11,7.16E-11,-3.7000000000000004E-13,3.2496E-07,-3.251E-07
0.15,0.08,6.532E-11,7.7160000000000008E-11,4.3000000000000004E-13,3.2504E-07,-3.2524E-07
0.155,0.08,5.809E-11,8.3530000000000008E-11,-1.12E-12,3.2504E-07,-3.252E-07
0.16,0.08,4.676E-11,9.046E-11,-4.9E-13,3.2498E-07,-3.2512E-07
0.165,0.08,3.9280000000000005E-11,9.459E-11,1E-13,3.2504E-07,-3.2512E-07
0.17,0.08,3.5700000000000003E-11,1.0423000000000001E-10,-1.1000000000000001E-13,3.2508E-07,-3.2514E-07
0.17500000000000002,0.08,2.5810000000000003E-11,1.1009E-10,-8.1000000000000008E-13,3.2502E-07,-3.2516E-07
0.18000000000000002,0.08,2.178E-11,1.1654000000000002E-10,4.0000000000000006E-14,3.2508E-07,-3.2512E-07
0.185,0.08,1.708E-11,1.2391000000000002E-10,-1.4E-13,3.25E-07,-3.2518E-07
0.19,0.08,1.0120000000000001E-11,1.3382E-10,-9.7000000000000011E-13,3.2504E-07,-3.2516E-07
0.195,0.08,2.7E-13,1.4055000000000002E-10,-1.1900000000000002E-12,3.2498E-07,-3.2514E-07
0.2,0.08,-3.1900000000000003E-12,1.4891E-10,-5E-14,3.2498E-07,-3.25E-07
0.20500000000000002,0.08,-1.4630000000000002E-11,1.5833E-10,-8.7E-13,3.2492E-07,-3.2508E-07
0.21000000000000002,0.08,-3.2140000000000005E-11,1.6746E-10,-7.5E-13,3.2488E-07,-3.2506E-07
0.215,0.08,-4.2480000000000005E-11,1.7639000000000002E-10,-4E-13,3.2494E-07,-3.2506E-07
0.22,0.08,-4.5440000000000007E-11,1.8721000000000002E-10,-4.5000000000000005E-13,3.2498E-07,-3.2508E-07
0.225,0.08,-6.014E-11,1.9977000000000003E-10,-1.21E-12,3.2494E-07,-3.2504E-07
0.23,0.08,-7.602E-11,2.0843000000000002E-10,-5.1E-13,3.2492E-07,-3.2508E-07
0.23500000000000001,0.08,-8.4990000000000008E-11,2.1905E-10,3.0000000000000005E-14,3.2504E-07,-3.2508E-07
0.24000000000000002,0.08,-9.619E-11,2.3405000000000003E-10,-1.41E-12,3.2492E-07,-3.25E-07
0.24500000000000002,0.08,-1.1257E-10,2.4408E-10,-6.5000000000000006E-13,3.2498E-07,-3.2508E-07
0.25,0.08,-1.1577E-10,2.5730000000000003E-10,-1.9000000000000002E-13,3.25E-07,-3.2508E-07
0.255,0.08,-1.2774000000000002E-10,2.7305E-10,-8.7E-13,3.2494E-07,-3.251E-07
0.26,0.08,-1.4671E-10,2.8907E-10,-1.5800000000000001E-12,3.25E-07,-3.2508E-07
0.265,0.08,-1.6104000000000002E-10,3.0218000000000004E-10,-4.2000000000000003E-13,3.249E-07,-3.2518E-07
0.27,0.08,-1.7304E-10,3.1938000000000004E-10,-1.4300000000000002E-12,3.2488E-07,-3.2506E-07
0.275,0.08,-1.9609000000000002E-10,3.3794E-10,-8.9E-13,3.25E-07,-3.2514E-07
0.28,0.08,-2.2306000000000003E-10,3.5440000000000004E-10,-4.8000000000000008E-13,3.2494E-07,-3.2506E-07
0.28500000000000003,0.08,-2.3174000000000002E-10,3.7286000000000004E-10,-1.3E-13,3.25E-07,-3.2506E-07
0.29000000000000004,0.08,-2.544E-10,3.9517000000000004E-10,-4E-13,3.2496E-07,-3.2506E-07
0.29500000000000004,0.08,-2.8518000000000004E-10,4.1649000000000003E-10,-1.04E-12,3.2492E-07,-3.2508E-07
0.3,0.08,-3.0585000000000003E-10,4.3924000000000003E-10,-2.0000000000000003E-14,3.2498E-07,-3.2512E-07
0.305,0.08,-3.2020000000000004E-10,4.6541000000000005E-10,3.6000000000000003E-13,3.2494E-07,-3.2508E-07
0.31,0.08,-3.5122E-10,4.9369000000000008E-10,-1.2500000000000001E-12,3.2498E-07,-3.2508E-07
0.315,0.08,-3.8394E-10,5.1887000000000009E-10,-1.6000000000000003E-13,3.2504E-07,-3.2516E-07
0.32,0.08,-4.1089E-10,5.5096E-10,-2E-13,3.2504E-07,-3.2514E-07
0.325,0.08,-4.4762000000000005E-10,5.859E-10,-6.0000000000000007E-13,3.2494E-07,-3.2508E-07
0.33,0.08,-4.8432E-10,6.2057000000000006E-10,-1.2400000000000002E-12,3.2494E-07,-3.2506E-07
0.335,0.08,-5.2354E-10,6.5420000000000008E-10,5.2E-13,3.2496E-07,-3.2512E-07
0.34,0.08,-5.4513000000000006E-10,6.9871000000000006E-10,-4.4000000000000004E-13,3.2494E-07,-3.251E-07
0.34500000000000003,0.08,-5.9248E-10,7.404E-10,-9.4E-13,3.2492E-07,-3.2508E-07
0.35000000000000003,0.08,-6.5483E-10,7.8562E-10,-1.3E-13,3.2498E-07,-3.2512E-07
0.35500000000000004,0.08,-6.8931000000000007E-10,8.3469E-10,-1.5000000000000002E-13,3.2488E-07,-3.2506E-07
0.36000000000000004,0.08,-7.333E-10,8.871400000000001E-10,-6.5000000000000006E-13,3.2494E-07,-3.2504E-07
0.365,0.08,-7.931500000000001E-10,9.3881E-10,-1.17E-12,3.2492E-07,-3.2506E-07
0.37,0.08,-8.5140000000000008E-10,9.974E-10,8E-13,3.2494E-07,-3.2502E-07
0.375,0.08,-9.1581000000000007E-10,1.0611900000000001E-09,-5.4E-13,3.2498E-07,-3.2508E-07
0.38,0.08,-9.8065000000000012E-10,1.12431E-09,-3.7000000000000004E-13,3.2496E-07,-3.2518E-07
0.385,0.08,-1.0459300000000001E-09,1.1914E-09,-1.5600000000000002E-12,3.2492E-07,-3.251E-07
0.39,0.08,-1.1159E-09,1.2633E-09,-8.0000000000000013E-14,3.2494E-07,-3.2508E-07
0.395,0.08,-1.1961E-09,1.3378E-09,-3.4E-13,3.2492E-07,-3.2506E-07
0.4,0.08,-1.273E-09,1.4193E-09,-3.5E-13,3.2502E-07,-3.252E-07
0.405,0.08,-1.3564E-09,1.5049E-09,-7.9000000000000007E-13,3.2504E-07,-3.2514E-07
0.41000000000000003,0.08,-1.447E-09,1.5906E-09,1.9000000000000002E-13,3.251E-07,-3.252E-07
0.41500000000000004,0.08,-1.5324E-09,1.6838E-09,-3.0000000000000005E-14,3.251E-07,-3.2518E-07
0.42000000000000004,0.08,-1.6318E-09,1.7845E-09,-1.04E-12,3.2494E-07,-3.2506E-07
0.42500000000000004,0.08,-1.7383E-09,1.8852E-09,-1.22E-12,3.25E-07,-3.2508E-07
0.43,0.08,-1.8518E-09,1.9939E-09,-6.0000000000000009E-14,3.25E-07,-3.2508E-07
0.435,0.08,-1.9609E-09,2.1103E-09,-6.5000000000000006E-13,3.2494E-07,-3.2512E-07
0.44,0.08,-2.085E-09,2.2342E-09,-1.09E-12,3.2504E-07,-3.2518E-07
0.445,0.08,-2.2166E-09,2.3586E-09,-4.6000000000000006E-13,3.2502E-07,-3.2516E-07
0.45,0.08,-2.3477E-09,2.494E-09,-5.5000000000000008E-13,3.2504E-07,-3.2524E-07
0.455,0.08,-2.4856E-09,2.6365E-09,-1.32E-12,3.2506E-07,-3.2512E-07
0.46,0.08,-2.6326E-09,2.7836E-09,-4.3000000000000004E-13,3.25E-07,-3.2522E-07
0.465,0.08,-2.795E-09,2.9386E-09,-4.5000000000000005E-13,3.2494E-07,-3.2502E-07
0.47000000000000003,0.08,-2.9527E-09,3.1028E-09,2.8E-13,3.2494E-07,-3.2506E-07
0.47500000000000003,0.08,-3.1243E-09,3.2755E-09,-9.6000000000000015E-13,3.2494E-07,-3.2502E-07
0.48000000000000004,0.08,-3.3128E-09,3.4562E-09,-9.7000000000000011E-13,3.2496E-07,-3.2512E-07
0.48500000000000004,0.08,-3.4937E-09,3.6413E-09,-1.9000000000000002E-13,3.2492E-07,-3.2506E-07
0.49000000000000005,0.08,-3.6915E-09,3.84E-09,-1.2000000000000002E-13,3.2498E-07,-3.2512E-07
0.49500000000000005,0.08,-3.8935E-09,4.0452E-09,-9.4E-13,3.2494E-07,-3.2506E-07
0.5,0.08,-4.1191E-09,4.2637E-09,-7.3E-13,3.2494E-07,-3.251E-07
0.505,0.08,-4.341E-09,4.4872E-09,1.8000000000000002E-13,3.2496E-07,-3.2508E-07
0.51,0.08,-4.5768E-09,4.7286E-09,-2.5E-13,3.2494E-07,-3.2516E-07
0.515,0.08,-4.8254E-09,4.9727E-09,1.4E-13,3.2496E-07,-3.2502E-07
0.52,0.08,-5.0862E-09,5.2283E-09,-2.6E-13,3.249E-07,-3.2508E-07
0.525,0.08,-5.349E-09,5.4966E-09,1.1000000000000001E-13,3.2502E-07,-3.2508E-07
0.53,0.08,-5.634E-09,5.7874E-09,1.1000000000000001E-13,3.25E-07,-3.2508E-07
0.535,0.08,-5.9339E-09,6.0779E-09,-1.03E-12,3.2492E-07,-3.2508E-07
0.54,0.08,-6.2543E-09,6.383E-09,3.0000000000000005E-14,3.2492E-07,-3.2508E-07
0.545,0.08,-6.5707E-09,6.704E-09,-8.6000000000000007E-13,3.2502E-07,-3.2504E-07
0.55,0.08,-6.9088E-09,7.047E-09,-1E-12,3.2496E-07,-3.2508E-07
0.555,0.08,-7.2532E-09,7.3829E-09,-7.8000000000000011E-13,3.2496E-07,-3.2506E-07
0.56,0.08,-7.6131E-09,7.7513E-09,-3.5E-13,3.2492E-07,-3.2506E-07
0.56500000000000006,0.08,-7.9884E-09,8.1335E-09,-1.5600000000000002E-12,3.2492E-07,-3.2508E-07
0.57000000000000006,0.08,-8.3803E-09,8.5246E-09,-1.21E-12,3.2496E-07,-3.2508E-07
0.57500000000000007,0.08,-8.7982E-09,8.9461E-09,-1.27E-12,3.2488E-07,-3.2506E-07
0.58000000000000007,0.08,-9.2271E-09,9.3792E-09,1.0000000000000002E-14,3.2494E-07,-3.2508E-07
0.58500000000000008,0.08,-9.664E-09,9.8039E-09,-3.5E-13,3.2498E-07,-3.2516E-07
0.59000000000000008,0.08,-1.0136E-08,1.02808E-08,-1.9000000000000002E-13,3.2498E-07,-3.2502E-07
0.595,0.08,-1.06185E-08,1.07517E-08,8.6000000000000007E-13,3.2498E-07,-3.2512E-07
0.6,0.08,-1.11126E-08,1.12709E-08,-4.7E-13,3.2498E-07,-3.2514E-07
0.605,0.08,-1.1632199999999999E-08,1.17802E-08,-1.7E-13,3.2498E-07,-3.252E-07
0.61,0.08,-1.2186999999999999E-08,1.2347799999999998E-08,-6.1E-13,3.2502E-07,-3.2518E-07
0.615,0.08,-1.27368E-08,1.28932E-08,3.0000000000000005E-14,3.2498E-07,-3.2516E-07
0.62,0.08,-1.3340199999999998E-08,1.3512799999999999E-08,2.4000000000000004E-13,3.25E-07,-3.2508E-07
0.625,0.08,-1.3950199999999998E-08,1.4105599999999999E-08,2.3000000000000003E-13,3.2498E-07,-3.2516E-07
0.63,0.08,-1.4608999999999999E-08,1.47536E-08,-7.6000000000000009E-13,3.2504E-07,-3.2512E-07
0.635,0.08,-1.5253799999999998E-08,1.54252E-08,-4.5000000000000005E-13,3.2498E-07,-3.2512E-07
0.64,0.08,-1.59408E-08,1.6098999999999997E-08,-4.0000000000000006E-14,3.2506E-07,-3.252E-07
0.645,0.08,-1.6672599999999998E-08,1.6807999999999997E-08,6.7000000000000007E-13,3.2504E-07,-3.2516E-07
0.65,0.08,-1.7411E-08,1.75614E-08,-3.3E-13,3.2502E-07,-3.2518E-07
0.655,0.08,-1.82072E-08,1.8354199999999998E-08,3.0000000000000005E-14,3.2498E-07,-3.2518E-07
0.66,0.08,-1.9019399999999998E-08,1.9174199999999998E-08,-1.4E-13,3.25E-07,-3.2512E-07
0.665,0.08,-1.98506E-08,2.0008999999999997E-08,-6.1E-13,3.25E-07,-3.2516E-07
0.67,0.08,-2.07244E-08,2.0882399999999996E-08,-9.1000000000000016E-13,3.2502E-07,-3.2512E-07
0.675,0.08,-2.16494E-08,2.1780799999999997E-08,-7.3E-13,3.25E-07,-3.2514E-07
0.68,0.08,-2.26078E-08,2.2742E-08,-3.0000000000000003E-13,3.2504E-07,-3.2518E-07
0.685,0.08,-2.3576599999999998E-08,2.3736599999999998E-08,-9.1000000000000016E-13,3.2504E-07,-3.2512E-07
0.69000000000000006,0.08,-2.4635999999999996E-08,2.4780599999999997E-08,-9.8E-13,3.2494E-07,-3.2502E-07
0.69500000000000006,0.08,-2.5686799999999996E-08,2.5843999999999996E-08,-8.8000000000000009E-13,3.2494E-07,-3.2506E-07
0.70000000000000007,0.08,-2.68306E-08,2.6975999999999996E-08,-9.7000000000000011E-13,3.2494E-07,-3.2512E-07
0.70500000000000007,0.08,-2.7968999999999997E-08,2.8118799999999998E-08,-2.8E-13,3.2494E-07,-3.2506E-07
0.71000000000000008,0.08,-2.9215399999999996E-08,2.9310799999999996E-08,-6.0000000000000007E-13,3.2494E-07,-3.2502E-07
0.71500000000000008,0.08,-3.04314E-08,3.05654E-08,-1.21E-12,3.2496E-07,-3.2508E-07
0.72000000000000008,0.08,-3.17706E-08,3.19242E-08,-7.9000000000000007E-13,3.2492E-07,-3.2508E-07
0.72500000000000009,0.08,-3.3126999999999996E-08,3.32854E-08,-2.2000000000000002E-13,3.2492E-07,-3.2506E-07
0.73,0.08,-3.45656E-08,3.47296E-08,-7.5E-13,3.2496E-07,-3.2504E-07
0.735,0.08,-3.6075199999999995E-08,3.6225999999999996E-08,-8.7E-13,3.249E-07,-3.2502E-07
0.74,0.08,-3.76384E-08,3.7779799999999994E-08,-1.12E-12,3.2498E-07,-3.2514E-07
0.745,0.08,-3.92816E-08,3.94436E-08,-1.1600000000000001E-12,3.2494E-07,-3.2504E-07
0.75,0.08,-4.0980999999999995E-08,4.1127599999999994E-08,-1.5E-12,3.2494E-07,-3.251E-07
0.755,0.08,-4.27946E-08,4.2934999999999994E-08,-1E-13,3.2494E-07,-3.251E-07
0.76,0.08,-4.46408E-08,4.4778799999999996E-08,-4.0000000000000006E-14,3.2494E-07,-3.2508E-07
0.765,0.08,-4.6600599999999993E-08,4.6755199999999995E-08,-3.0000000000000003E-13,3.2498E-07,-3.2502E-07
0.77,0.08,-4.8643999999999995E-08,4.8793999999999993E-08,-9.5E-13,3.2488E-07,-3.2514E-07
0.775,0.08,-5.0772799999999997E-08,5.09352E-08,-1.7E-13,3.2496E-07,-3.2508E-07
0.78,0.08,-5.30072E-08,5.31412E-08,5.8000000000000005E-13,3.2502E-07,-3.2512E-07
0.785,0.08,-5.5341399999999994E-08,5.5495799999999992E-08,3.7000000000000004E-13,3.249E-07,-3.2508E-07
0.79,0.08,-5.77752E-08,5.7918799999999993E-08,5.3000000000000006E-13,3.2492E-07,-3.2508E-07
0.795,0.08,-6.0375E-08,6.05096E-08,-6.0000000000000009E-14,3.2494E-07,-3.2508E-07
0.8,0.08,-6.3019199999999988E-08,6.3160199999999989E-08,-1.3E-13,3.2494E-07,-3.2506E-07
0.805,0.08,-6.5873E-08,6.60314E-08,2.2000000000000002E-13,3.2498E-07,-3.2506E-07
0.81,0.08,-6.8781599999999992E-08,6.89428E-08,-7.7000000000000005E-13,3.2498E-07,-3.2508E-07
0.81500000000000006,0.08,-7.1885799999999988E-08,7.20296E-08,-3.4E-13,3.2486E-07,-3.25E-07
0.82000000000000006,0.08,-7.5089199999999989E-08,7.5237999999999989E-08,-1E-13,3.2492E-07,-3.2508E-07
0.82500000000000007,0.08,-7.84836E-08,7.86368E-08,-1.5000000000000002E-13,3.2488E-07,-3.2506E-07
0.83000000000000007,0.08,-8.20228E-08,8.2168999999999986E-08,-6.2000000000000008E-13,3.2492E-07,-3.2504E-07
0.83500000000000008,0.08,-8.5801199999999986E-08,8.59198E-08,-1.1000000000000001E-13,3.2494E-07,-3.2508E-07
0.84000000000000008,0.08,-8.9633599999999985E-08,8.979399999999999E-08,-1.41E-12,3.2492E-07,-3.2508E-07
0.84500000000000008,0.08,-9.37636E-08,9.3908399999999991E-08,-7E-13,3.2488E-07,-3.2506E-07
0.85000000000000009,0.08,-9.8037399999999988E-08,9.81856E-08,-1.0600000000000001E-12,3.2496E-07,-3.2508E-07
0.85500000000000009,0.08,-1.0253579999999999E-07,1.0269619999999999E-07,-5.7E-13,3.2492E-07,-3.2504E-07
0.86,0.08,-1.072196E-07,1.0738859999999999E-07,-1.0600000000000001E-12,3.2492E-07,-3.2504E-07
0.865,0.08,-1.1223579999999999E-07,1.1235039999999999E-07,-1.14E-12,3.2496E-07,-3.2508E-07
0.87,0.08,-1.1746E-07,1.1756E-07,-4.5000000000000005E-13,3.2492E-07,-3.2518E-07
0.875,0.08,-1.228E-07,1.2298E-07,-6.7000000000000007E-13,3.2494E-07,-3.2508E-07
0.88,0.08,-1.2864E-07,1.288E-07,-4.3000000000000004E-13,3.2492E-07,-3.251E-07
0.885,0.08,-1.3472E-07,1.3481999999999999E-07,-6.1E-13,3.2494E-07,-3.2514E-07
0.89,0.08,-1.4108E-07,1.4118E-07,-2.9000000000000003E-13,3.2492E-07,-3.251E-07
0.895,0.08,-1.4766E-07,1.4779999999999999E-07,-7.6000000000000009E-13,3.2494E-07,-3.2508E-07
0.9,0.08,-1.547E-07,1.5482E-07,-5.3000000000000006E-13,3.2498E-07,-3.2508E-07
-0.3,0.090000000000000011,2.2558E-09,-5.6649E-09,5.2E-13,3.2492E-07,-3.215E-07
-0.29500000000000004,0.090000000000000011,2.1854E-09,-5.235E-09,-3.6000000000000003E-13,3.25E-07,-3.2187999999999997E-07
-0.29000000000000004,0.090000000000000011,2.1071E-09,-4.8428E-09,-3.7000000000000004E-13,3.2494E-07,-3.2222E-07
-0.28500000000000003,0.090000000000000011,2.0504E-09,-4.4883E-09,-2.0000000000000003E-14,3.2498E-07,-3.2243999999999997E-07
-0.28,0.090000000000000011,2.0048E-09,-4.1581E-09,2E-13,3.2492E-07,-3.2276E-07
-0.275,0.090000000000000011,1.9293E-09,-3.8622E-09,-7.100000000000001E-13,3.2504E-07,-3.2292E-07
-0.27,0.090000000000000011,1.8671E-09,-3.5907E-09,-3.0000000000000005E-14,3.25E-07,-3.233E-07
-0.265,0.090000000000000011,1.8191E-09,-3.341E-09,9.0000000000000008E-14,3.2488E-07,-3.2338E-07
-0.26,0.090000000000000011,1.7674E-09,-3.1146E-09,-6.7000000000000007E-13,3.2492E-07,-3.2362E-07
-0.255,0.090000000000000011,1.7191E-09,-2.9043E-09,-1.3E-13,3.2492E-07,-3.2376E-07
-0.25,0.090000000000000011,1.6617E-09,-2.7168E-09,-3.3E-13,3.2504E-07,-3.2396E-07
-0.24500000000000002,0.090000000000000011,1.6085E-09,-2.5422999999999998E-09,-3.4E-13,3.25E-07,-3.24E-07
-0.24000000000000002,0.090000000000000011,1.5672E-09,-2.3818E-09,-1.4900000000000001E-12,3.2498E-07,-3.2418E-07
-0.23500000000000001,0.090000000000000011,1.5145E-09,-2.2334E-09,-1.1600000000000001E-12,3.2496E-07,-3.2426E-07
-0.23,0.090000000000000011,1.4628E-09,-2.1004E-09,1.6000000000000003E-13,3.2502E-07,-3.244E-07
-0.225,0.090000000000000011,1.4215E-09,-1.9725E-09,-9.1000000000000016E-13,3.2498E-07,-3.2442E-07
-0.22,0.090000000000000011,1.3797E-09,-1.8564E-09,-1.8200000000000003E-12,3.2496E-07,-3.2452E-07
-0.215,0.090000000000000011,1.3398E-09,-1.7498E-09,-7.9000000000000007E-13,3.2504E-07,-3.2454E-07
-0.21000000000000002,0.090000000000000011,1.3079E-09,-1.6523E-09,8E-13,3.25E-07,-3.247E-07
-0.20500000000000002,0.090000000000000011,1.2739E-09,-1.5554E-09,-1E-13,3.2502E-07,-3.2472E-07
-0.2,0.090000000000000011,1.2104E-09,-1.4728E-09,-9.1000000000000016E-13,3.2498E-07,-3.2474E-07
-0.195,0.090000000000000011,1.178E-09,-1.3914E-09,-2.2000000000000002E-13,3.2494E-07,-3.2476E-07
-0.19,0.090000000000000011,1.15E-09,-1.3196E-09,3.9000000000000005E-13,3.2504E-07,-3.2482E-07
-0.185,0.090000000000000011,1.1112E-09,-1.2455E-09,-1.4800000000000002E-12,3.2498E-07,-3.2486E-07
-0.18000000000000002,0.090000000000000011,1.0719E-09,-1.1821E-09,2.2000000000000002E-13,3.2498E-07,-3.2488E-07
-0.17500000000000002,0.090000000000000011,1.0406E-09,-1.1225E-09,1.2000000000000002E-13,3.25E-07,-3.249E-07
-0.17,0.090000000000000011,1.0205E-09,-1.0633E-09,-2.2000000000000002E-13,3.25E-07,-3.2498E-07
-0.165,0.090000000000000011,9.86E-10,-1.0078E-09,-3.6000000000000003E-13,3.2498E-07,-3.2494E-07
-0.16,0.090000000000000011,9.648100000000001E-10,-9.5706E-10,-1.4900000000000001E-12,3.25E-07,-3.2502E-07
-0.155,0.090000000000000011,9.18E-10,-9.1120000000000012E-10,-5E-13,3.2498E-07,-3.2494E-07
-0.15,0.090000000000000011,8.9739E-10,-8.6679000000000006E-10,-4.4000000000000004E-13,3.25E-07,-3.2502E-07
-0.14500000000000002,0.090000000000000011,8.7438E-10,-8.2125E-10,-8.4000000000000006E-13,3.2498E-07,-3.2502E-07
-0.14,0.090000000000000011,8.4016E-10,-7.8287000000000011E-10,-1.7700000000000001E-12,3.2492E-07,-3.25E-07
-0.135,0.090000000000000011,8.1333E-10,-7.4571000000000011E-10,2.0000000000000003E-14,3.2488E-07,-3.2506E-07
-0.13,0.090000000000000011,7.939E-10,-7.0768000000000008E-10,-7.6000000000000009E-13,3.2498E-07,-3.2504E-07
-0.125,0.090000000000000011,7.6340000000000007E-10,-6.7307E-10,-1.4900000000000001E-12,3.2506E-07,-3.251E-07
-0.12000000000000001,0.090000000000000011,7.3662000000000009E-10,-6.4201E-10,-5.7E-13,3.2506E-07,-3.2514E-07
-0.115,0.090000000000000011,7.1520000000000007E-10,-6.1043E-10,-8.8000000000000009E-13,3.25E-07,-3.2512E-07
-0.11,0.090000000000000011,6.9586E-10,-5.7995E-10,-6.5000000000000006E-13,3.25E-07,-3.2512E-07
-0.10500000000000001,0.090000000000000011,6.6842000000000006E-10,-5.5294000000000006E-10,-7.4000000000000008E-13,3.2494E-07,-3.25E-07
-0.1,0.090000000000000011,6.5045000000000006E-10,-5.2740000000000006E-10,2.6E-13,3.2492E-07,-3.2502E-07
-0.095,0.090000000000000011,6.3330000000000008E-10,-5.0009000000000008E-10,-9.8E-13,3.25E-07,-3.251E-07
-0.090000000000000011,0.090000000000000011,6.1299000000000007E-10,-4.7564E-10,-7.3E-13,3.2498E-07,-3.2512E-07
-0.085,0.090000000000000011,5.8777E-10,-4.5447000000000003E-10,-3.9000000000000005E-13,3.25E-07,-3.2518E-07
-0.08,0.090000000000000011,5.7219000000000007E-10,-4.3046000000000003E-10,-3.0000000000000005E-14,3.2502E-07,-3.2512E-07
-0.075,0.090000000000000011,5.5556E-10,-4.0791000000000004E-10,-4.7E-13,3.2504E-07,-3.2518E-07
-0.07,0.090000000000000011,5.3445000000000005E-10,-3.8907000000000003E-10,-5.8000000000000005E-13,3.2496E-07,-3.2508E-07
-0.065,0.090000000000000011,5.2229000000000006E-10,-3.6968E-10,4.0000000000000006E-14,3.2498E-07,-3.2518E-07
-0.060000000000000005,0.090000000000000011,5.1254000000000007E-10,-3.4947000000000004E-10,-6.1E-13,3.2506E-07,-3.2512E-07
-0.055,0.090000000000000011,4.919E-10,-3.3118000000000004E-10,-4.5000000000000005E-13,3.25E-07,-3.2514E-07
-0.05,0.090000000000000011,4.6917E-10,-3.1632E-10,9.0000000000000008E-14,3.2496E-07,-3.2516E-07
-0.045000000000000005,0.090000000000000011,4.5701000000000006E-10,-2.9858E-10,7E-14,3.2494E-07,-3.2518E-07
-0.04,0.090000000000000011,4.4065E-10,-2.8062E-10,-7.5E-13,3.2496E-07,-3.2514E-07
-0.035,0.090000000000000011,4.2568E-10,-2.6697E-10,-5.4E-13,3.2496E-07,-3.2514E-07
-0.030000000000000002,0.090000000000000011,4.1886000000000004E-10,-2.5143000000000003E-10,-1.1000000000000001E-13,3.2492E-07,-3.2502E-07
-0.025,0.090000000000000011,4.0629000000000005E-10,-2.3627E-10,-3.6000000000000003E-13,3.2494E-07,-3.251E-07
-0.02,0.090000000000000011,3.8715000000000005E-10,-2.2116000000000002E-10,-5.9E-13,3.2494E-07,-3.2514E-07
-0.015000000000000001,0.090000000000000011,3.7646E-10,-2.0981000000000002E-10,3.2000000000000005E-13,3.2494E-07,-3.2506E-07
-0.01,0.090000000000000011,3.6599000000000005E-10,-1.9584000000000002E-10,-3.0000000000000003E-13,3.2492E-07,-3.2512E-07
-0.005,0.090000000000000011,3.5415E-10,-1.8092E-10,-4.1E-13,3.2492E-07,-3.2508E-07
0,0.090000000000000011,3.3895E-10,-1.6992000000000002E-10,-3.6000000000000003E-13,3.2498E-07,-3.2512E-07
0.005,0.090000000000000011,3.3773000000000003E-10,-1.5703E-10,2.8E-13,3.2494E-07,-3.2516E-07
0.01,0.090000000000000011,3.1809000000000004E-10,-1.4209000000000002E-10,-2.4000000000000004E-13,3.2494E-07,-3.2514E-07
0.015000000000000001,0.090000000000000011,2.9592E-10,-1.3177E-10,-3.7000000000000004E-13,3.2498E-07,-3.2512E-07
0.02,0.090000000000000011,2.8774000000000003E-10,-1.2140000000000002E-10,9.0000000000000008E-14,3.2496E-07,-3.2514E-07
0.025,0.090000000000000011,2.8272000000000003E-10,-1.0922000000000001E-10,-2.1000000000000001E-13,3.2492E-07,-3.2506E-07
0.030000000000000002,0.090000000000000011,2.7351E-10,-9.8610000000000009E-11,-8E-13,3.2492E-07,-3.2514E-07
0.035,0.090000000000000011,2.5268E-10,-8.988E-11,-1.7E-13,3.2492E-07,-3.2512E-07
0.04,0.090000000000000011,2.559E-10,-7.882E-11,4.0000000000000006E-14,3.2494E-07,-3.2508E-07
0.045000000000000005,0.090000000000000011,2.5176E-10,-6.741E-11,-1E-12,3.2494E-07,-3.251E-07
0.05,0.090000000000000011,2.3859E-10,-6.0260000000000007E-11,-7.9000000000000007E-13,3.2492E-07,-3.2516E-07
0.055,0.090000000000000011,2.3611E-10,-5.2380000000000004E-11,1.2000000000000002E-13,3.2494E-07,-3.2508E-07
0.060000000000000005,0.090000000000000011,2.2121E-10,-4.129E-11,-7.4000000000000008E-13,3.2494E-07,-3.2512E-07
0.065,0.090000000000000011,2.0840000000000003E-10,-3.5420000000000005E-11,-9.1000000000000016E-13,3.2494E-07,-3.2508E-07
0.07,0.090000000000000011,2.0150000000000003E-10,-2.8340000000000002E-11,-6.1E-13,3.2484E-07,-3.2504E-07
0.075,0.090000000000000011,2.0459000000000001E-10,-2.0460000000000003E-11,-3.9000000000000005E-13,3.249E-07,-3.2508E-07
0.08,0.090000000000000011,1.8937000000000001E-10,-1.2760000000000001E-11,-1.79E-12,3.2488E-07,-3.2502E-07
0.085,0.090000000000000011,1.7519000000000002E-10,-7.71E-12,-6.6E-13,3.2488E-07,-3.2506E-07
0.090000000000000011,0.090000000000000011,1.7484000000000001E-10,-1.1000000000000002E-12,-2.2000000000000002E-13,3.2488E-07,-3.2508E-07
0.095,0.090000000000000011,1.7713E-10,6.7800000000000006E-12,-4.9E-13,3.2494E-07,-3.2518E-07
0.1,0.090000000000000011,1.6546000000000002E-10,1.249E-11,-1.4E-12,3.2488E-07,-3.2508E-07
0.10500000000000001,0.090000000000000011,1.5696000000000002E-10,1.5850000000000002E-11,1.8000000000000002E-13,3.2494E-07,-3.2506E-07
0.11,0.090000000000000011,1.5158E-10,2.429E-11,-6.400000000000001E-13,3.2494E-07,-3.2508E-07
0.115,0.090000000000000011,1.4972E-10,2.8810000000000002E-11,-1.5400000000000001E-12,3.249E-07,-3.251E-07
0.12000000000000001,0.090000000000000011,1.3591E-10,3.303E-11,-2.5E-13,3.25E-07,-3.2514E-07
0.125,0.090000000000000011,1.4273E-10,3.9130000000000005E-11,1.5000000000000002E-13,3.2496E-07,-3.2512E-07
0.13,0.090000000000000011,1.3365E-10,4.636E-11,-6.9000000000000009E-13,3.2498E-07,-3.2512E-07
0.135,0.090000000000000011,1.1767000000000002E-10,5.0280000000000006E-11,-6.7000000000000007E-13,3.2492E-07,-3.2508E-07
0.14,0.090000000000000011,1.18E-10,5.565E-11,-1.4E-13,3.2494E-07,-3.2512E-07
0.14500000000000002,0.090000000000000011,1.1708E-10,6.235000000000001E-11,-7.3E-13,3.2494E-07,-3.2508E-07
0.15,0.090000000000000011,1.1038000000000001E-10,6.8890000000000007E-11,-1.36E-12,3.2494E-07,-3.2512E-07
0.155,0.090000000000000011,1.0363000000000001E-10,7.0900000000000008E-11,2.7E-13,3.2492E-07,-3.251E-07
0.16,0.090000000000000011,1.0635000000000001E-10,7.712E-11,2.2000000000000002E-13,3.2494E-07,-3.2508E-07
0.165,0.090000000000000011,9.4440000000000012E-11,8.5450000000000013E-11,-8.1000000000000008E-13,3.2498E-07,-3.251E-07
0.17,0.090000000000000011,8.266E-11,8.831E-11,-6.8E-13,3.2492E-07,-3.2512E-07
0.17500000000000002,0.090000000000000011,7.8290000000000008E-11,9.6510000000000011E-11,-3.6000000000000003E-13,3.2494E-07,-3.2512E-07
0.18000000000000002,0.090000000000000011,7.651E-11,1.0414E-10,-7.8000000000000011E-13,3.2492E-07,-3.2508E-07
0.185,0.090000000000000011,6.348000000000001E-11,1.1040000000000001E-10,-8.1000000000000008E-13,3.2494E-07,-3.2506E-07
0.19,0.090000000000000011,5.3690000000000004E-11,1.1606000000000001E-10,3.3E-13,3.2482E-07,-3.2508E-07
0.195,0.090000000000000011,5.6320000000000006E-11,1.2412E-10,3.3E-13,3.249E-07,-3.2502E-07
0.2,0.090000000000000011,4.29E-11,1.3304000000000001E-10,-1.1500000000000002E-12,3.2496E-07,-3.2506E-07
0.20500000000000002,0.090000000000000011,3.165E-11,1.3933E-10,-3.7000000000000004E-13,3.2486E-07,-3.2514E-07
0.21000000000000002,0.090000000000000011,3.06E-11,1.4714000000000002E-10,3.7000000000000004E-13,3.25E-07,-3.2522E-07
0.215,0.090000000000000011,2.7900000000000002E-11,1.5914E-10,-1.2800000000000002E-12,3.25E-07,-3.2514E-07
0.22,0.090000000000000011,9.64E-12,1.6562000000000002E-10,-7.9000000000000007E-13,3.249E-07,-3.2518E-07
0.225,0.090000000000000011,-2.54E-12,1.7518E-10,4E-13,3.2492E-07,-3.2512E-07
0.23,0.090000000000000011,-5.6700000000000007E-12,1.8601E-10,-2.4000000000000004E-13,3.2504E-07,-3.2514E-07
0.23500000000000001,0.090000000000000011,-2.2950000000000002E-11,1.9751000000000002E-10,-5.1E-13,3.2494E-07,-3.251E-07
0.24000000000000002,0.090000000000000011,-3.7090000000000005E-11,2.0659E-10,4.1E-13,3.2494E-07,-3.2506E-07
0.24500000000000002,0.090000000000000011,-3.875E-11,2.1931000000000002E-10,-1.7E-13,3.2494E-07,-3.251E-07
0.25,0.090000000000000011,-4.9980000000000005E-11,2.3331E-10,-1.02E-12,3.2486E-07,-3.2502E-07
0.255,0.090000000000000011,-7.120000000000001E-11,2.4405E-10,-7.8000000000000011E-13,3.2494E-07,-3.251E-07
0.26,0.090000000000000011,-7.939000000000001E-11,2.5678E-10,-3.0000000000000005E-14,3.2494E-07,-3.2508E-07
0.265,0.090000000000000011,-8.735E-11,2.7246E-10,-2.3000000000000003E-13,3.2494E-07,-3.2514E-07
0.27,0.090000000000000011,-1.1542000000000001E-10,2.8816E-10,-9.000000000000001E-13,3.2492E-07,-3.2508E-07
0.275,0.090000000000000011,-1.3433000000000002E-10,3.0209000000000004E-10,-6.0000000000000009E-14,3.2504E-07,-3.2516E-07
0.28,0.090000000000000011,-1.4273E-10,3.1951E-10,-3.2000000000000005E-13,3.2502E-07,-3.2518E-07
0.28500000000000003,0.090000000000000011,-1.6259E-10,3.3709E-10,-1.04E-12,3.2498E-07,-3.2518E-07
0.29000000000000004,0.090000000000000011,-1.8745E-10,3.5458000000000003E-10,-9.3E-13,3.2492E-07,-3.2512E-07
0.29500000000000004,0.090000000000000011,-1.9968000000000003E-10,3.7394E-10,-9.0000000000000008E-14,3.2488E-07,-3.2508E-07
0.3,0.090000000000000011,-2.1975000000000002E-10,3.9710000000000006E-10,-5.7E-13,3.2494E-07,-3.2508E-07
0.305,0.090000000000000011,-2.4437E-10,4.1755E-10,-1.0500000000000002E-12,3.2492E-07,-3.2512E-07
0.31,0.090000000000000011,-2.6813000000000003E-10,4.386E-10,6.7000000000000007E-13,3.2488E-07,-3.2508E-07
0.315,0.090000000000000011,-2.8674000000000004E-10,4.6673E-10,-5.8000000000000005E-13,3.2492E-07,-3.2506E-07
0.32,0.090000000000000011,-3.1318000000000005E-10,4.9223000000000007E-10,-1.27E-12,3.2486E-07,-3.2514E-07
0.325,0.090000000000000011,-3.4797000000000004E-10,5.1952000000000008E-10,-1.2800000000000002E-12,3.2498E-07,-3.2512E-07
0.33,0.090000000000000011,-3.7272000000000003E-10,5.5046000000000008E-10,-4.6000000000000006E-13,3.2498E-07,-3.2518E-07
0.335,0.090000000000000011,-4.0832000000000004E-10,5.8414E-10,-7.8000000000000011E-13,3.2494E-07,-3.252E-07
0.34,0.090000000000000011,-4.4838000000000006E-10,6.1781000000000006E-10,-6.6E-13,3.2494E-07,-3.252E-07
0.34500000000000003,0.090000000000000011,-4.8072000000000007E-10,6.5442E-10,4E-13,3.2496E-07,-3.251E-07
0.35000000000000003,0.090000000000000011,-5.2292E-10,6.9803E-10,-1.4200000000000002E-12,3.2496E-07,-3.2514E-07
0.35500000000000004,0.090000000000000011,-5.7091E-10,7.404900000000001E-10,-1.18E-12,3.2494E-07,-3.251E-07
0.36000000000000004,0.090000000000000011,-6.1555E-10,7.8271000000000008E-10,-8.2E-13,3.2494E-07,-3.2502E-07
0.365,0.090000000000000011,-6.5054E-10,8.3350000000000007E-10,-3.0000000000000003E-13,3.2494E-07,-3.251E-07
0.37,0.090000000000000011,-7.0210000000000009E-10,8.8401E-10,-1.21E-12,3.2492E-07,-3.251E-07
0.375,0.090000000000000011,-7.6298000000000009E-10,9.3641E-10,-5.4E-13,3.2488E-07,-3.2508E-07
0.38,0.090000000000000011,-8.189800000000001E-10,9.9374000000000013E-10,1.3E-13,3.2496E-07,-3.2514E-07
0.385,0.090000000000000011,-8.8019E-10,1.0574100000000002E-09,-9.9E-13,3.2498E-07,-3.251E-07
0.39,0.090000000000000011,-9.4591E-10,1.1183900000000001E-09,-6.5000000000000006E-13,3.2494E-07,-3.2508E-07
0.395,0.090000000000000011,-1.0068800000000002E-09,1.1875E-09,2.0000000000000003E-14,3.2496E-07,-3.2508E-07
0.4,0.090000000000000011,-1.0839200000000001E-09,1.2564E-09,5E-14,3.2496E-07,-3.2508E-07
0.405,0.090000000000000011,-1.1645E-09,1.3319E-09,-7E-13,3.2496E-07,-3.2506E-07
0.41000000000000003,0.090000000000000011,-1.2378E-09,1.4129E-09,2.9000000000000003E-13,3.2492E-07,-3.2512E-07
0.41500000000000004,0.090000000000000011,-1.3166E-09,1.4966E-09,-2.4000000000000004E-13,3.2488E-07,-3.25E-07
0.42000000000000004,0.090000000000000011,-1.4125E-09,1.5848E-09,-6.7000000000000007E-13,3.249E-07,-3.251E-07
0.42500000000000004,0.090000000000000011,-1.5069E-09,1.6767E-09,1.5000000000000002E-13,3.2492E-07,-3.2508E-07
0.43,0.090000000000000011,-1.601E-09,1.7760999999999999E-09,-2.4000000000000004E-13,3.2488E-07,-3.2514E-07
0.435,0.090000000000000011,-1.7007E-09,1.8812E-09,-4.3000000000000004E-13,3.2492E-07,-3.251E-07
0.44,0.090000000000000011,-1.8171E-09,1.9887E-09,-5.5000000000000008E-13,3.2498E-07,-3.2512E-07
0.445,0.090000000000000011,-1.9351E-09,2.1048E-09,-3.9000000000000005E-13,3.2494E-07,-3.2514E-07
0.45,0.090000000000000011,-2.0448E-09,2.2278E-09,-2.2000000000000002E-13,3.2492E-07,-3.2508E-07
0.455,0.090000000000000011,-2.1825E-09,2.3535E-09,-9.9E-13,3.2494E-07,-3.2506E-07
0.46,0.090000000000000011,-2.3196E-09,2.4857E-09,-1.0100000000000001E-12,3.2498E-07,-3.2508E-07
0.465,0.090000000000000011,-2.4475E-09,2.6231E-09,-2.0000000000000003E-14,3.2488E-07,-3.2514E-07
0.47000000000000003,0.090000000000000011,-2.5979E-09,2.7767E-09,-1.22E-12,3.2492E-07,-3.2516E-07
0.47500000000000003,0.090000000000000011,-2.7558E-09,2.9301E-09,-8.8000000000000009E-13,3.2496E-07,-3.2516E-07
0.48000000000000004,0.090000000000000011,-2.9238E-09,3.0919E-09,-1.8000000000000002E-13,3.2502E-07,-3.2518E-07
0.48500000000000004,0.090000000000000011,-3.0856E-09,3.2618E-09,-2.6E-13,3.2508E-07,-3.252E-07
0.49000000000000005,0.090000000000000011,-3.2618E-09,3.4421E-09,-6.5000000000000006E-13,3.2504E-07,-3.2514E-07
0.49500000000000005,0.090000000000000011,-3.4554E-09,3.6271E-09,-9.1000000000000016E-13,3.2496E-07,-3.2514E-07
0.5,0.090000000000000011,-3.6497E-09,3.8242E-09,4.6000000000000006E-13,3.2496E-07,-3.2516E-07
0.505,0.090000000000000011,-3.8416E-09,4.0249E-09,-3.2000000000000005E-13,3.2502E-07,-3.2512E-07
0.51,0.090000000000000011,-4.0669E-09,4.2392E-09,-8.9E-13,3.2498E-07,-3.2514E-07
0.515,0.090000000000000011,-4.2918E-09,4.4631E-09,3.5E-13,3.2502E-07,-3.2518E-07
0.52,0.090000000000000011,-4.5243E-09,4.7038E-09,3.3E-13,3.25E-07,-3.2514E-07
0.525,0.090000000000000011,-4.768E-09,4.9473E-09,-1.1900000000000002E-12,3.2502E-07,-3.2514E-07
0.53,0.090000000000000011,-5.0385E-09,5.2091E-09,-7.3E-13,3.25E-07,-3.2512E-07
0.535,0.090000000000000011,-5.3067E-09,5.4747E-09,1.5000000000000002E-13,3.2502E-07,-3.2512E-07
0.54,0.090000000000000011,-5.5818E-09,5.761E-09,-3.9000000000000005E-13,3.25E-07,-3.252E-07
0.545,0.090000000000000011,-5.8693E-09,6.045E-09,-4.5000000000000005E-13,3.2498E-07,-3.2506E-07
0.55,0.090000000000000011,-6.1841E-09,6.357E-09,-1.2400000000000002E-12,3.2498E-07,-3.251E-07
0.555,0.090000000000000011,-6.5023E-09,6.6852E-09,-1.4400000000000001E-12,3.2494E-07,-3.2512E-07
0.56,0.090000000000000011,-6.8473E-09,7.0179E-09,-4.9E-13,3.2492E-07,-3.2512E-07
0.56500000000000006,0.090000000000000011,-7.2028E-09,7.3666E-09,-9.7000000000000011E-13,3.2498E-07,-3.251E-07
0.57000000000000006,0.090000000000000011,-7.5658E-09,7.7321E-09,-2.6E-13,3.2492E-07,-3.2512E-07
0.57500000000000007,0.090000000000000011,-7.9366E-09,8.1036E-09,-5.8000000000000005E-13,3.2486E-07,-3.2506E-07
0.58000000000000007,0.090000000000000011,-8.3347E-09,8.5012999999999992E-09,-1E-12,3.2494E-07,-3.2514E-07
0.58500000000000008,0.090000000000000011,-8.7382E-09,8.8975E-09,-6.0000000000000007E-13,3.2488E-07,-3.251E-07
0.59000000000000008,0.090000000000000011,-9.1736E-09,9.332E-09,4.7E-13,3.2496E-07,-3.2508E-07
0.595,0.090000000000000011,-9.603E-09,9.7721E-09,-7E-13,3.2494E-07,-3.2506E-07
0.6,0.090000000000000011,-1.00763E-08,1.02365E-08,-9.5E-13,3.2484E-07,-3.2506E-07
0.605,0.090000000000000011,-1.0565E-08,1.07329E-08,1.9000000000000002E-13,3.2498E-07,-3.251E-07
0.61,0.090000000000000011,-1.10498E-08,1.12144E-08,4.0000000000000006E-14,3.2494E-07,-3.2506E-07
0.615,0.090000000000000011,-1.1565999999999999E-08,1.1756999999999999E-08,-8.5000000000000011E-13,3.2492E-07,-3.2506E-07
0.62,0.090000000000000011,-1.2117399999999999E-08,1.23078E-08,-3.1000000000000004E-13,3.2494E-07,-3.2504E-07
0.625,0.090000000000000011,-1.2692399999999999E-08,1.2862399999999998E-08,1.3E-13,3.2488E-07,-3.2504E-07
0.63,0.090000000000000011,-1.3276599999999999E-08,1.3455599999999998E-08,-7.6000000000000009E-13,3.2492E-07,-3.2514E-07
0.635,0.090000000000000011,-1.3888399999999999E-08,1.4067999999999999E-08,-2.9000000000000003E-13,3.249E-07,-3.2506E-07
0.64,0.090000000000000011,-1.45112E-08,1.47112E-08,5E-14,3.2492E-07,-3.2506E-07
0.645,0.090000000000000011,-1.5198599999999998E-08,1.53762E-08,-8.6000000000000007E-13,3.2488E-07,-3.2512E-07
0.65,0.090000000000000011,-1.5871799999999997E-08,1.60584E-08,-1.2800000000000002E-12,3.249E-07,-3.2506E-07
0.655,0.090000000000000011,-1.6586199999999998E-08,1.67876E-08,-3.7000000000000004E-13,3.2492E-07,-3.2512E-07
0.66,0.090000000000000011,-1.73372E-08,1.7507E-08,-2.9000000000000003E-13,3.2488E-07,-3.2506E-07
0.665,0.090000000000000011,-1.8093399999999997E-08,1.8285599999999997E-08,-7.8000000000000011E-13,3.2488E-07,-3.2506E-07
0.67,0.090000000000000011,-1.8922399999999997E-08,1.9088399999999997E-08,-1.17E-12,3.2492E-07,-3.251E-07
0.675,0.090000000000000011,-1.9756599999999998E-08,1.9918999999999998E-08,-1.27E-12,3.2494E-07,-3.2506E-07
0.68,0.090000000000000011,-2.06366E-08,2.08116E-08,-7.6000000000000009E-13,3.2492E-07,-3.251E-07
0.685,0.090000000000000011,-2.15548E-08,2.17044E-08,-1.2400000000000002E-12,3.25E-07,-3.252E-07
0.69000000000000006,0.090000000000000011,-2.24902E-08,2.2660399999999998E-08,-1.14E-12,3.25E-07,-3.2512E-07
0.69500000000000006,0.090000000000000011,-2.34628E-08,2.3646399999999997E-08,-1.3300000000000002E-12,3.2498E-07,-3.2514E-07
0.70000000000000007,0.090000000000000011,-2.45054E-08,2.4671999999999998E-08,-8.4000000000000006E-13,3.2504E-07,-3.2512E-07
0.70500000000000007,0.090000000000000011,-2.55772E-08,2.5762799999999996E-08,-1.02E-12,3.2492E-07,-3.2514E-07
0.71000000000000008,0.090000000000000011,-2.6689599999999998E-08,2.6863199999999998E-08,-6.7000000000000007E-13,3.2496E-07,-3.2518E-07
0.71500000000000008,0.090000000000000011,-2.78614E-08,2.802E-08,-8E-13,3.2504E-07,-3.2514E-07
0.72000000000000008,0.090000000000000011,-2.9070599999999998E-08,2.9266399999999997E-08,-6.5000000000000006E-13,3.25E-07,-3.2516E-07
0.72500000000000009,0.090000000000000011,-3.03564E-08,3.05434E-08,-1.0600000000000001E-12,3.251E-07,-3.252E-07
0.73,0.090000000000000011,-3.1669799999999994E-08,3.18412E-08,-9.1000000000000016E-13,3.2498E-07,-3.2518E-07
0.735,0.090000000000000011,-3.3050599999999994E-08,3.32434E-08,-5.2E-13,3.25E-07,-3.252E-07
0.74,0.090000000000000011,-3.4469599999999995E-08,3.46488E-08,-9.0000000000000008E-14,3.2498E-07,-3.2518E-07
0.745,0.090000000000000011,-3.5976E-08,3.6168799999999994E-08,-3.9000000000000005E-13,3.2498E-07,-3.2518E-07
0.75,0.090000000000000011,-3.75586E-08,3.7740999999999994E-08,-2.8E-13,3.25E-07,-3.2508E-07
0.755,0.090000000000000011,-3.9219999999999996E-08,3.9401599999999996E-08,6.0000000000000009E-14,3.25E-07,-3.2514E-07
0.76,0.090000000000000011,-4.0926399999999994E-08,4.11032E-08,-1E-13,3.25E-07,-3.2518E-07
0.765,0.090000000000000011,-4.2724399999999994E-08,4.2873599999999996E-08,3.7000000000000004E-13,3.2504E-07,-3.2516E-07
0.77,0.090000000000000011,-4.4560599999999996E-08,4.4764599999999996E-08,-5E-14,3.2506E-07,-3.2526E-07
0.775,0.090000000000000011,-4.65138E-08,4.67134E-08,3.0000000000000005E-14,3.2498E-07,-3.2518E-07
0.78,0.090000000000000011,-4.8544599999999994E-08,4.8739E-08,3.5E-13,3.25E-07,-3.2516E-07
0.785,0.090000000000000011,-5.0715999999999996E-08,5.0884599999999994E-08,-2.3000000000000003E-13,3.2496E-07,-3.2514E-07
0.79,0.090000000000000011,-5.2920599999999993E-08,5.3107999999999995E-08,-3.9000000000000005E-13,3.2498E-07,-3.2518E-07
0.795,0.090000000000000011,-5.5281199999999995E-08,5.54768E-08,1.4E-13,3.2498E-07,-3.2528E-07
0.8,0.090000000000000011,-5.7737399999999991E-08,5.7914799999999995E-08,-3.8000000000000005E-13,3.2502E-07,-3.2518E-07
0.805,0.090000000000000011,-6.0301199999999989E-08,6.0478E-08,-3.2000000000000005E-13,3.2498E-07,-3.2518E-07
0.81,0.090000000000000011,-6.297419999999999E-08,6.3132799999999989E-08,-9.5E-13,3.2498E-07,-3.2514E-07
0.81500000000000006,0.090000000000000011,-6.578E-08,6.59758E-08,-2.7E-13,3.2502E-07,-3.252E-07
0.82000000000000006,0.090000000000000011,-6.87066E-08,6.88754E-08,-1.07E-12,3.2496E-07,-3.2516E-07
0.82500000000000007,0.090000000000000011,-7.1816E-08,7.1960199999999988E-08,7E-14,3.2502E-07,-3.2512E-07
0.83000000000000007,0.090000000000000011,-7.49988E-08,7.5186E-08,5E-14,3.2498E-07,-3.2518E-07
0.83500000000000008,0.090000000000000011,-7.84202E-08,7.8581199999999992E-08,-1.02E-12,3.25E-07,-3.2514E-07
0.84000000000000008,0.090000000000000011,-8.19024E-08,8.2103399999999986E-08,-1.3000000000000001E-12,3.2494E-07,-3.251E-07
0.84500000000000008,0.090000000000000011,-8.569E-08,8.58356E-08,-1.41E-12,3.25E-07,-3.2524E-07
0.85000000000000009,0.090000000000000011,-8.9538399999999986E-08,8.9689399999999985E-08,-5.3000000000000006E-13,3.25E-07,-3.2518E-07
0.85500000000000009,0.090000000000000011,-9.365039999999999E-08,9.3817599999999992E-08,-3.6000000000000003E-13,3.2502E-07,-3.2508E-07
0.86,0.090000000000000011,-9.7916799999999992E-08,9.8077599999999991E-08,-8.4000000000000006E-13,3.25E-07,-3.2512E-07
0.865,0.090000000000000011,-1.0243439999999998E-07,1.02614E-07,-1.21E-12,3.2496E-07,-3.2514E-07
0.87,0.090000000000000011,-1.0712739999999999E-07,1.0727599999999999E-07,-1.41E-12,3.2494E-07,-3.2508E-07
0.875,0.090000000000000011,-1.1206679999999998E-07,1.1221859999999999E-07,-1.07E-12,3.249E-07,-3.251E-07
0.88,0.090000000000000011,-1.1734E-07,1.1744E-07,-9.8E-13,3.2492E-07,-3.2514E-07
0.885,0.090000000000000011,-1.2274E-07,1.2292E-07,-8.7E-13,3.2498E-07,-3.2512E-07
0.89,0.090000000000000011,-1.286E-07,1.287E-07,-1.8000000000000002E-13,3.249E-07,-3.2512E-07
0.895,0.090000000000000011,-1.3452E-07,1.3466E-07,-1.18E-12,3.249E-07,-3.2512E-07
0.9,0.090000000000000011,-1.4086E-07,1.4106E-07,-2.6E-13,3.25E-07,-3.2512E-07
-0.3,0.1,2.4015E-09,-5.7801E-09,-1.9900000000000002E-12,3.2494E-07,-3.2154E-07
-0.29500000000000004,0.1,2.3108E-09,-5.3519E-09,-1.6000000000000003E-13,3.2492E-07,-3.219E-07
-0.29000000000000004,0.1,2.2544E-09,-4.9544E-09,-5.1E-13,3.249E-07,-3.2218E-07
-0.28500000000000003,0.1,2.19E-09,-4.5956E-09,-1.02E-12,3.2492E-07,-3.2248E-07
-0.28,0.1,2.1149E-09,-4.2643E-09,-4.4000000000000004E-13,3.2492E-07,-3.2276E-07
-0.275,0.1,2.0623E-09,-3.9675E-09,-5.3000000000000006E-13,3.2496E-07,-3.2298E-07
-0.27,0.1,2.0035E-09,-3.6917E-09,-7.2000000000000006E-13,3.2488E-07,-3.2326E-07
-0.265,0.1,1.9379E-09,-3.4382E-09,-5.6E-13,3.2496E-07,-3.2344E-07
-0.26,0.1,1.8886E-09,-3.2129E-09,2.6E-13,3.2496E-07,-3.2362E-07
-0.255,0.1,1.8349E-09,-3.0034E-09,-3.1000000000000004E-13,3.249E-07,-3.2374E-07
-0.25,0.1,1.7835E-09,-2.8098E-09,-7.6000000000000009E-13,3.2494E-07,-3.2396E-07
-0.24500000000000002,0.1,1.7232E-09,-2.6333E-09,-1.08E-12,3.2488E-07,-3.2398E-07
-0.24000000000000002,0.1,1.6745E-09,-2.4697E-09,-1.1000000000000001E-13,3.2498E-07,-3.2418E-07
-0.23500000000000001,0.1,1.6315E-09,-2.3196E-09,-1.7E-13,3.249E-07,-3.243E-07
-0.23,0.1,1.5836E-09,-2.1808E-09,-1.08E-12,3.2504E-07,-3.2438E-07
-0.225,0.1,1.5318E-09,-2.0545E-09,-3.1000000000000004E-13,3.2506E-07,-3.2452E-07
-0.22,0.1,1.4862E-09,-1.9386E-09,-6.0000000000000009E-14,3.2498E-07,-3.2452E-07
-0.215,0.1,1.4491E-09,-1.8258E-09,-7.2000000000000006E-13,3.2506E-07,-3.246E-07
-0.21000000000000002,0.1,1.4024E-09,-1.7252E-09,-1.12E-12,3.2492E-07,-3.2466E-07
-0.20500000000000002,0.1,1.356E-09,-1.6326E-09,-8.2E-13,3.2506E-07,-3.2476E-07
-0.2,0.1,1.317E-09,-1.5446E-09,-6.8E-13,3.2494E-07,-3.2478E-07
-0.195,0.1,1.2789E-09,-1.4626E-09,2.7E-13,3.2502E-07,-3.248E-07
-0.19,0.1,1.2446E-09,-1.3841E-09,-6.3E-13,3.25E-07,-3.249E-07
-0.185,0.1,1.1984E-09,-1.3157E-09,0,3.2496E-07,-3.2484E-07
-0.18000000000000002,0.1,1.1678E-09,-1.2487E-09,9.7000000000000011E-13,3.2492E-07,-3.2486E-07
-0.17500000000000002,0.1,1.1382E-09,-1.1831E-09,-6.1E-13,3.2492E-07,-3.249E-07
-0.17,0.1,1.0943E-09,-1.1254E-09,-6.1E-13,3.2494E-07,-3.2488E-07
-0.165,0.1,1.0595E-09,-1.0695E-09,0,3.2494E-07,-3.2496E-07
-0.16,0.1,1.0345E-09,-1.0153E-09,-1.2000000000000001E-12,3.2498E-07,-3.2492E-07
-0.155,0.1,9.991E-10,-9.6800000000000017E-10,-7.7000000000000005E-13,3.25E-07,-3.25E-07
-0.15,0.1,9.7098E-10,-9.2196000000000009E-10,5.2E-13,3.2504E-07,-3.2502E-07
-0.14500000000000002,0.1,9.4586E-10,-8.7462E-10,-6.6E-13,3.2498E-07,-3.2502E-07
-0.14,0.1,9.1148E-10,-8.3509000000000006E-10,-1.0500000000000002E-12,3.2494E-07,-3.2504E-07
-0.135,0.1,8.7512000000000008E-10,-7.9575000000000007E-10,-9.1000000000000016E-13,3.2504E-07,-3.2502E-07
-0.13,0.1,8.5459E-10,-7.5791E-10,-7E-14,3.2504E-07,-3.2514E-07
-0.125,0.1,8.2494E-10,-7.1879000000000006E-10,-1.8100000000000002E-12,3.2502E-07,-3.2508E-07
-0.12000000000000001,0.1,7.9595E-10,-6.8981E-10,-2.2000000000000002E-13,3.25E-07,-3.2506E-07
-0.115,0.1,7.8105000000000011E-10,-6.5466000000000009E-10,-5.9E-13,3.2498E-07,-3.2512E-07
-0.11,0.1,7.5686E-10,-6.2402000000000008E-10,-1.51E-12,3.2504E-07,-3.2512E-07
-0.10500000000000001,0.1,7.231100000000001E-10,-5.9456000000000006E-10,-7.3E-13,3.2498E-07,-3.251E-07
-0.1,0.1,7.0929E-10,-5.68E-10,7E-14,3.2496E-07,-3.2508E-07
-0.095,0.1,6.857700000000001E-10,-5.3879000000000006E-10,-7.6000000000000009E-13,3.2496E-07,-3.2512E-07
-0.090000000000000011,0.1,6.6015E-10,-5.1397E-10,-1.4700000000000002E-12,3.2494E-07,-3.2508E-07
-0.085,0.1,6.378E-10,-4.9072E-10,-3.7000000000000004E-13,3.2494E-07,-3.2506E-07
-0.08,0.1,6.2757E-10,-4.67E-10,-3.4E-13,3.2496E-07,-3.2518E-07
-0.075,0.1,6.0816E-10,-4.4216000000000005E-10,-1.36E-12,3.2494E-07,-3.2508E-07
-0.07,0.1,5.8383E-10,-4.2397000000000004E-10,-5.3000000000000006E-13,3.2494E-07,-3.2508E-07
-0.065,0.1,5.7586E-10,-4.0141E-10,-2.3000000000000003E-13,3.2496E-07,-3.2512E-07
-0.060000000000000005,0.1,5.5288000000000006E-10,-3.8187000000000005E-10,-1.09E-12,3.2494E-07,-3.251E-07
-0.055,0.1,5.2887000000000006E-10,-3.6241000000000004E-10,-1.3000000000000001E-12,3.25E-07,-3.2514E-07
-0.05,0.1,5.1363E-10,-3.4626E-10,-6.0000000000000009E-14,3.2498E-07,-3.2516E-07
-0.045000000000000005,0.1,5.0618E-10,-3.2628000000000004E-10,-6.8E-13,3.25E-07,-3.2514E-07
-0.04,0.1,4.8865000000000007E-10,-3.0873000000000003E-10,-9.6000000000000015E-13,3.2488E-07,-3.2504E-07
-0.035,0.1,4.6912E-10,-2.9472000000000004E-10,-2.2000000000000002E-13,3.2494E-07,-3.2518E-07
-0.030000000000000002,0.1,4.6287000000000003E-10,-2.7803E-10,-3.4E-13,3.2498E-07,-3.2522E-07
-0.025,0.1,4.3561E-10,-2.6129000000000004E-10,-1.1000000000000002E-12,3.2502E-07,-3.2518E-07
-0.02,0.1,4.1522000000000004E-10,-2.4858000000000003E-10,-3.7000000000000004E-13,3.25E-07,-3.2518E-07
-0.015000000000000001,0.1,4.2088000000000005E-10,-2.3398E-10,4.5000000000000005E-13,3.25E-07,-3.2518E-07
-0.01,0.1,4.1586000000000005E-10,-2.1882000000000003E-10,-5.5000000000000008E-13,3.2494E-07,-3.2518E-07
-0.005,0.1,3.9355000000000005E-10,-2.0499E-10,-1.0600000000000001E-12,3.2504E-07,-3.2512E-07
0,0.1,3.7733000000000003E-10,-1.9430000000000002E-10,1.0000000000000002E-14,3.2494E-07,-3.2512E-07
0.005,0.1,3.6698E-10,-1.7949000000000002E-10,1.4E-13,3.2492E-07,-3.2506E-07
0.01,0.1,3.4652E-10,-1.6612000000000002E-10,2.5E-13,3.2484E-07,-3.2506E-07
0.015000000000000001,0.1,3.3897E-10,-1.5475E-10,-5E-13,3.2498E-07,-3.2506E-07
0.02,0.1,3.2972E-10,-1.4459000000000002E-10,4.2000000000000003E-13,3.2494E-07,-3.2514E-07
0.025,0.1,3.1796E-10,-1.3036E-10,2.6E-13,3.249E-07,-3.2514E-07
0.030000000000000002,0.1,3.1128000000000004E-10,-1.2012000000000002E-10,-6.5000000000000006E-13,3.25E-07,-3.2514E-07
0.035,0.1,3.0041E-10,-1.0962E-10,-1.0000000000000002E-14,3.2488E-07,-3.2508E-07
0.04,0.1,2.9596000000000003E-10,-9.859E-11,-2.8E-13,3.2492E-07,-3.251E-07
0.045000000000000005,0.1,2.8302E-10,-8.6400000000000007E-11,-5E-13,3.2492E-07,-3.2514E-07
0.05,0.1,2.7543E-10,-7.882E-11,2.3000000000000003E-13,3.2492E-07,-3.2516E-07
0.055,0.1,2.7139000000000003E-10,-6.905000000000001E-11,-4.0000000000000006E-14,3.2494E-07,-3.2514E-07
0.060000000000000005,0.1,2.6922000000000003E-10,-5.85E-11,-1.02E-12,3.2494E-07,-3.252E-07
0.065,0.1,2.5143000000000003E-10,-5.153E-11,-4.2000000000000003E-13,3.25E-07,-3.2516E-07
0.07,0.1,2.4796000000000004E-10,-4.4480000000000004E-11,4.8000000000000008E-13,3.2494E-07,-3.2518E-07
0.075,0.1,2.4452E-10,-3.4500000000000004E-11,-6.5000000000000006E-13,3.2498E-07,-3.2512E-07
0.08,0.1,2.2797000000000002E-10,-2.6630000000000003E-11,-7.9000000000000007E-13,3.2486E-07,-3.2502E-07
0.085,0.1,2.1897000000000002E-10,-2.134E-11,8.0000000000000013E-14,3.2492E-07,-3.2508E-07
0.090000000000000011,0.1,2.1102E-10,-1.2860000000000001E-11,-4.2000000000000003E-13,3.2492E-07,-3.2512E-07
0.095,0.1,2.0102000000000002E-10,-5.4000000000000004E-12,-1.09E-12,3.2494E-07,-3.2512E-07
0.1,0.1,1.9306E-10,3.7000000000000004E-13,-1.07E-12,3.2492E-07,-3.2506E-07
0.10500000000000001,0.1,1.8682E-10,4.83E-12,7E-14,3.2486E-07,-3.2506E-07
0.11,0.1,1.8777000000000001E-10,1.363E-11,-5E-13,3.2498E-07,-3.2512E-07
0.115,0.1,1.727E-10,1.7670000000000002E-11,-7E-13,3.249E-07,-3.2506E-07
0.12000000000000001,0.1,1.6558E-10,2.347E-11,-7.100000000000001E-13,3.2492E-07,-3.251E-07
0.125,0.1,1.7061000000000002E-10,2.742E-11,4.0000000000000006E-14,3.2492E-07,-3.2514E-07
0.13,0.1,1.5778000000000002E-10,3.6950000000000006E-11,-1.2500000000000001E-12,3.2482E-07,-3.2502E-07
0.135,0.1,1.5057E-10,3.791E-11,-9.8E-13,3.2486E-07,-3.2512E-07
0.14,0.1,1.4826000000000001E-10,4.5870000000000005E-11,2.2000000000000002E-13,3.2486E-07,-3.2504E-07
0.14500000000000002,0.1,1.4871000000000002E-10,5.269E-11,-1E-13,3.2488E-07,-3.2512E-07
0.15,0.1,1.3439000000000001E-10,5.626E-11,-3.0000000000000005E-14,3.2498E-07,-3.2512E-07
0.155,0.1,1.2883E-10,6.0450000000000008E-11,-8.5000000000000011E-13,3.2488E-07,-3.2502E-07
0.16,0.1,1.3012E-10,6.836000000000001E-11,-5.9E-13,3.2486E-07,-3.2506E-07
0.165,0.1,1.1872E-10,7.226E-11,-1.59E-12,3.2494E-07,-3.2502E-07
0.17,0.1,1.1009E-10,7.891E-11,-2.9000000000000003E-13,3.2484E-07,-3.2514E-07
0.17500000000000002,0.1,1.1103E-10,8.36E-11,-8.7E-13,3.248E-07,-3.2504E-07
0.18000000000000002,0.1,1.0730000000000001E-10,9.313E-11,-1.5600000000000002E-12,3.2488E-07,-3.2506E-07
0.185,0.1,9.487E-11,9.5650000000000013E-11,-9.1000000000000016E-13,3.2486E-07,-3.2508E-07
0.19,0.1,8.525E-11,1.0212E-10,-4.5000000000000005E-13,3.2486E-07,-3.2504E-07
0.195,0.1,8.1290000000000011E-11,1.1188E-10,-1.0600000000000001E-12,3.248E-07,-3.25E-07
0.2,0.1,7.3990000000000008E-11,1.1727E-10,-6.8E-13,3.2486E-07,-3.2504E-07
0.20500000000000002,0.1,6.507E-11,1.2387E-10,-6.0000000000000007E-13,3.2486E-07,-3.2502E-07
0.21000000000000002,0.1,6.584E-11,1.3243E-10,-5.3000000000000006E-13,3.2482E-07,-3.2502E-07
0.215,0.1,4.952E-11,1.4111000000000002E-10,-4.6000000000000006E-13,3.2498E-07,-3.2512E-07
0.22,0.1,4.309E-11,1.4842000000000002E-10,-7E-14,3.2494E-07,-3.251E-07
0.225,0.1,3.842E-11,1.5727000000000002E-10,-1.4E-13,3.2492E-07,-3.2514E-07
0.23,0.1,3.029E-11,1.6769000000000002E-10,-1.3E-13,3.2492E-07,-3.2514E-07
0.23500000000000001,0.1,1.612E-11,1.7633000000000003E-10,-7.5E-13,3.2492E-07,-3.2516E-07
0.24000000000000002,0.1,6.96E-12,1.8429000000000002E-10,9.0000000000000008E-14,3.2488E-07,-3.2502E-07
0.24500000000000002,0.1,9.6000000000000015E-13,1.9807000000000002E-10,-3.4E-13,3.2494E-07,-3.2516E-07
0.25,0.1,-1.8490000000000002E-11,2.0793000000000003E-10,-1.08E-12,3.2496E-07,-3.2516E-07
0.255,0.1,-2.888E-11,2.1809000000000002E-10,-2E-13,3.2488E-07,-3.2508E-07
0.26,0.1,-3.296E-11,2.3229E-10,2.4000000000000004E-13,3.2494E-07,-3.2514E-07
0.265,0.1,-4.815E-11,2.4532000000000004E-10,-6.5000000000000006E-13,3.2496E-07,-3.2518E-07
0.27,0.1,-6.4200000000000008E-11,2.5663E-10,-6.3E-13,3.2488E-07,-3.2508E-07
0.275,0.1,-7.56E-11,2.7043E-10,2.8E-13,3.2494E-07,-3.2508E-07
0.28,0.1,-8.823E-11,2.8735000000000005E-10,-5.7E-13,3.2486E-07,-3.2502E-07
0.28500000000000003,0.1,-1.1245000000000001E-10,3.0204E-10,-1.3300000000000002E-12,3.2488E-07,-3.2504E-07
0.29000000000000004,0.1,-1.2901E-10,3.1611E-10,5.7E-13,3.2498E-07,-3.2506E-07
0.29500000000000004,0.1,-1.3941E-10,3.3601E-10,-5.8000000000000005E-13,3.2486E-07,-3.2508E-07
0.3,0.1,-1.6340000000000003E-10,3.5433E-10,-4.8000000000000008E-13,3.2488E-07,-3.2506E-07
0.305,0.1,-1.8754E-10,3.7090000000000003E-10,-1.8000000000000002E-13,3.2488E-07,-3.2508E-07
0.31,0.1,-1.9708E-10,3.9414000000000005E-10,6.0000000000000009E-14,3.2492E-07,-3.2506E-07
0.315,0.1,-2.1854000000000003E-10,4.1632E-10,-6.400000000000001E-13,3.2488E-07,-3.251E-07
0.32,0.1,-2.5053E-10,4.3794000000000004E-10,-4.2000000000000003E-13,3.2488E-07,-3.2508E-07
0.325,0.1,-2.6972000000000003E-10,4.6190000000000003E-10,1.3E-13,3.249E-07,-3.2506E-07
0.33,0.1,-2.9222E-10,4.9043E-10,-6.1E-13,3.2494E-07,-3.2502E-07
0.335,0.1,-3.2807000000000004E-10,5.198E-10,-1.4E-12,3.2482E-07,-3.2502E-07
0.34,0.1,-3.6095000000000003E-10,5.4783000000000006E-10,4.6000000000000006E-13,3.2486E-07,-3.2512E-07
0.34500000000000003,0.1,-3.8640000000000003E-10,5.8231E-10,-6.0000000000000009E-14,3.2484E-07,-3.25E-07
0.35000000000000003,0.1,-4.2308000000000005E-10,6.1725E-10,-1.1900000000000002E-12,3.2488E-07,-3.2508E-07
0.35500000000000004,0.1,-4.6364E-10,6.5287E-10,-6.5000000000000006E-13,3.2486E-07,-3.2508E-07
0.36000000000000004,0.1,-4.9716000000000007E-10,6.9289000000000008E-10,5E-14,3.2488E-07,-3.2506E-07
0.365,0.1,-5.4091E-10,7.3605000000000006E-10,-8E-13,3.2496E-07,-3.2506E-07
0.37,0.1,-5.9220000000000008E-10,7.8103E-10,-1.0500000000000002E-12,3.2488E-07,-3.2512E-07
0.375,0.1,-6.3500000000000008E-10,8.2668000000000009E-10,4.3000000000000004E-13,3.2492E-07,-3.2512E-07
0.38,0.1,-6.8087E-10,8.8014E-10,-1.26E-12,3.2482E-07,-3.2512E-07
0.385,0.1,-7.3965E-10,9.3313E-10,-1.3500000000000001E-12,3.2498E-07,-3.251E-07
0.39,0.1,-8.0215000000000007E-10,9.892E-10,-4.5000000000000005E-13,3.2486E-07,-3.2504E-07
0.395,0.1,-8.5411000000000006E-10,1.05154E-09,-4.5000000000000005E-13,3.248E-07,-3.2506E-07
0.4,0.1,-9.2279000000000008E-10,1.11658E-09,-5E-13,3.2486E-07,-3.251E-07
0.405,0.1,-9.9285000000000014E-10,1.1807E-09,-1.21E-12,3.2494E-07,-3.2512E-07
0.41000000000000003,0.1,-1.06275E-09,1.2525E-09,-4.7E-13,3.2484E-07,-3.2506E-07
0.41500000000000004,0.1,-1.1366900000000001E-09,1.3255E-09,-4.9E-13,3.2496E-07,-3.2506E-07
0.42000000000000004,0.1,-1.2195E-09,1.4088E-09,2.5E-13,3.249E-07,-3.2508E-07
0.42500000000000004,0.1,-1.2928E-09,1.4901E-09,-7E-14,3.2486E-07,-3.2502E-07
0.43,0.1,-1.3961E-09,1.5791E-09,-5.4E-13,3.2486E-07,-3.2502E-07
0.435,0.1,-1.4823E-09,1.6694E-09,-1.7E-13,3.2492E-07,-3.2504E-07
0.44,0.1,-1.5756E-09,1.7689E-09,-3.9000000000000005E-13,3.2492E-07,-3.2512E-07
0.445,0.1,-1.6753E-09,1.8738E-09,-1.4700000000000002E-12,3.2492E-07,-3.2502E-07
0.45,0.1,-1.7916E-09,1.9807E-09,-1.22E-12,3.2488E-07,-3.2508E-07
0.455,0.1,-1.9012E-09,2.093E-09,-7.6000000000000009E-13,3.2486E-07,-3.2504E-07
0.46,0.1,-2.0199E-09,2.2149E-09,-7E-14,3.2482E-07,-3.2504E-07
0.465,0.1,-2.1481E-09,2.3417E-09,-1.59E-12,3.2482E-07,-3.25E-07
0.47000000000000003,0.1,-2.2823E-09,2.4759E-09,-3.1000000000000004E-13,3.2482E-07,-3.2506E-07
0.47500000000000003,0.1,-2.4198E-09,2.6127E-09,-2.3000000000000003E-13,3.2488E-07,-3.2508E-07
0.48000000000000004,0.1,-2.5629E-09,2.7645E-09,7.100000000000001E-13,3.2482E-07,-3.2506E-07
0.48500000000000004,0.1,-2.7258E-09,2.918E-09,-1.0100000000000001E-12,3.2488E-07,-3.2508E-07
0.49000000000000005,0.1,-2.8877E-09,3.0761E-09,1.9000000000000002E-13,3.2494E-07,-3.2508E-07
0.49500000000000005,0.1,-3.0525E-09,3.2441E-09,3.8000000000000005E-13,3.248E-07,-3.2508E-07
0.5,0.1,-3.2311E-09,3.4289E-09,-7.100000000000001E-13,3.2482E-07,-3.2504E-07
0.505,0.1,-3.4212E-09,3.6115E-09,-1.8000000000000002E-13,3.2488E-07,-3.2506E-07
0.51,0.1,-3.6076E-09,3.798E-09,2.0000000000000003E-14,3.2484E-07,-3.2508E-07
0.515,0.1,-3.8081E-09,4.0085E-09,2.2000000000000002E-13,3.2486E-07,-3.2508E-07
0.52,0.1,-4.0351E-09,4.2281E-09,-1.5200000000000002E-12,3.2488E-07,-3.2506E-07
0.525,0.1,-4.2542E-09,4.4424E-09,-1.03E-12,3.2482E-07,-3.2504E-07
0.53,0.1,-4.4942E-09,4.6906E-09,-1.6000000000000003E-13,3.2488E-07,-3.2508E-07
0.535,0.1,-4.7337E-09,4.9341E-09,-8E-13,3.2488E-07,-3.2506E-07
0.54,0.1,-4.9951E-09,5.1856E-09,-8.9E-13,3.2488E-07,-3.2504E-07
0.545,0.1,-5.2611E-09,5.4534E-09,-1.5000000000000002E-13,3.2488E-07,-3.2506E-07
0.55,0.1,-5.5392E-09,5.7317E-09,-5.2E-13,3.2492E-07,-3.2512E-07
0.555,0.1,-5.8316E-09,6.028E-09,-1.1600000000000001E-12,3.2488E-07,-3.2508E-07
0.56,0.1,-6.1624E-09,6.3329E-09,2.2000000000000002E-13,3.2492E-07,-3.2512E-07
0.56500000000000006,0.1,-6.4678E-09,6.6564E-09,-2.0000000000000003E-14,3.2488E-07,-3.2508E-07
0.57000000000000006,0.1,-6.793E-09,6.9918E-09,-5.4E-13,3.2488E-07,-3.2506E-07
0.57500000000000007,0.1,-7.1397E-09,7.3342E-09,-9.4E-13,3.249E-07,-3.2506E-07
0.58000000000000007,0.1,-7.5094E-09,7.6967E-09,-7.3E-13,3.249E-07,-3.2504E-07
0.58500000000000008,0.1,-7.8877E-09,8.0766E-09,4.3000000000000004E-13,3.2488E-07,-3.2496E-07
0.59000000000000008,0.1,-8.2789E-09,8.4736E-09,-1.3E-13,3.2488E-07,-3.2506E-07
0.595,0.1,-8.6859E-09,8.8926E-09,-2.7E-13,3.2486E-07,-3.251E-07
0.6,0.1,-9.111E-09,9.3024E-09,-8.7E-13,3.249E-07,-3.2508E-07
0.605,0.1,-9.5496E-09,9.7435E-09,-4.2000000000000003E-13,3.2486E-07,-3.2508E-07
0.61,0.1,-1.00132E-08,1.02075E-08,-1.32E-12,3.2492E-07,-3.2508E-07
0.615,0.1,-1.05111E-08,1.06933E-08,-1.22E-12,3.2488E-07,-3.2506E-07
0.62,0.1,-1.09945E-08,1.11806E-08,-4.2000000000000003E-13,3.2484E-07,-3.2508E-07
0.625,0.1,-1.1525999999999999E-08,1.1721199999999999E-08,2E-13,3.2488E-07,-3.2508E-07
0.63,0.1,-1.2073399999999998E-08,1.22646E-08,-1.3300000000000002E-12,3.2486E-07,-3.2506E-07
0.635,0.1,-1.2624E-08,1.2828599999999999E-08,-1.4800000000000002E-12,3.2482E-07,-3.2514E-07
0.64,0.1,-1.3219199999999998E-08,1.3428999999999999E-08,-9.000000000000001E-13,3.2488E-07,-3.25E-07
0.645,0.1,-1.3816599999999999E-08,1.4024999999999998E-08,-8.9E-13,3.2478E-07,-3.2494E-07
0.65,0.1,-1.4464999999999999E-08,1.4654999999999998E-08,-1.23E-12,3.2488E-07,-3.2508E-07
0.655,0.1,-1.51214E-08,1.53122E-08,2.0000000000000003E-14,3.2486E-07,-3.2502E-07
0.66,0.1,-1.5801999999999998E-08,1.6011799999999997E-08,-8.4000000000000006E-13,3.249E-07,-3.2506E-07
0.665,0.1,-1.65322E-08,1.67308E-08,-1.46E-12,3.2488E-07,-3.2506E-07
0.67,0.1,-1.7277399999999998E-08,1.74668E-08,-1.2000000000000001E-12,3.2482E-07,-3.2502E-07
0.675,0.1,-1.80304E-08,1.8229599999999997E-08,-1.22E-12,3.2488E-07,-3.2506E-07
0.68,0.1,-1.8846999999999997E-08,1.90562E-08,-7.7000000000000005E-13,3.2486E-07,-3.2498E-07
0.685,0.1,-1.9685799999999998E-08,1.9887599999999997E-08,-2.9000000000000003E-13,3.2486E-07,-3.2506E-07
0.69000000000000006,0.1,-2.0545199999999997E-08,2.07592E-08,-8.2E-13,3.2482E-07,-3.2504E-07
0.69500000000000006,0.1,-2.1473799999999997E-08,2.1686999999999998E-08,-1.12E-12,3.248E-07,-3.2504E-07
0.70000000000000007,0.1,-2.2432599999999998E-08,2.2618799999999998E-08,-1.4700000000000002E-12,3.2482E-07,-3.2508E-07
0.70500000000000007,0.1,-2.34166E-08,2.3610599999999997E-08,-9.5E-13,3.2486E-07,-3.2508E-07
0.71000000000000008,0.1,-2.4475999999999997E-08,2.4685E-08,-5.9E-13,3.2482E-07,-3.2506E-07
0.71500000000000008,0.1,-2.5540999999999997E-08,2.5744E-08,-1.0500000000000002E-12,3.249E-07,-3.2508E-07
0.72000000000000008,0.1,-2.6670999999999998E-08,2.6865399999999998E-08,-4.0000000000000006E-14,3.2486E-07,-3.2502E-07
0.72500000000000009,0.1,-2.78338E-08,2.8028399999999996E-08,-9.7000000000000011E-13,3.2488E-07,-3.2506E-07
0.73,0.1,-2.9015399999999997E-08,2.92436E-08,-9.4E-13,3.2488E-07,-3.2502E-07
0.735,0.1,-3.03078E-08,3.05212E-08,3.6000000000000003E-13,3.2492E-07,-3.2508E-07
0.74,0.1,-3.1618399999999994E-08,3.18532E-08,2.0000000000000003E-14,3.2484E-07,-3.2502E-07
0.745,0.1,-3.30098E-08,3.3227E-08,3.7000000000000004E-13,3.2488E-07,-3.2504E-07
0.75,0.1,-3.4440599999999995E-08,3.4663199999999995E-08,6.0000000000000009E-14,3.2488E-07,-3.2506E-07
0.755,0.1,-3.5928599999999995E-08,3.6174E-08,-1.8000000000000002E-13,3.2488E-07,-3.2508E-07
0.76,0.1,-3.7542799999999997E-08,3.77488E-08,-1.6000000000000003E-13,3.2488E-07,-3.2506E-07
0.765,0.1,-3.9187E-08,3.9379199999999996E-08,1.7E-13,3.2486E-07,-3.2506E-07
0.77,0.1,-4.0871199999999993E-08,4.1077799999999995E-08,-1.1000000000000001E-13,3.2486E-07,-3.2514E-07
0.775,0.1,-4.2667399999999996E-08,4.2868E-08,1.3E-13,3.2486E-07,-3.2502E-07
0.78,0.1,-4.4537599999999996E-08,4.4734999999999997E-08,1.3E-13,3.2488E-07,-3.2508E-07
0.785,0.1,-4.6495399999999996E-08,4.6708199999999995E-08,-3.8000000000000005E-13,3.2486E-07,-3.2504E-07
0.79,0.1,-4.8520599999999993E-08,4.8709599999999996E-08,-6.0000000000000007E-13,3.2492E-07,-3.2506E-07
0.795,0.1,-5.0662999999999995E-08,5.08728E-08,2.1000000000000001E-13,3.2496E-07,-3.251E-07
0.8,0.1,-5.2883999999999992E-08,5.3083799999999997E-08,-9.3E-13,3.2492E-07,-3.2514E-07
0.805,0.1,-5.5249999999999995E-08,5.5436399999999996E-08,-6.6E-13,3.2488E-07,-3.251E-07
0.81,0.1,-5.7664799999999996E-08,5.7863599999999993E-08,-7.5E-13,3.2492E-07,-3.251E-07
0.81500000000000006,0.1,-6.02374E-08,6.0433399999999991E-08,-5.6E-13,3.2492E-07,-3.2512E-07
0.82000000000000006,0.1,-6.288119999999999E-08,6.30828E-08,-2.6E-13,3.2494E-07,-3.251E-07
0.82500000000000007,0.1,-6.5701999999999988E-08,6.59122E-08,-2.9000000000000003E-13,3.248E-07,-3.2502E-07
0.83000000000000007,0.1,-6.86512E-08,6.88194E-08,-7.3E-13,3.2482E-07,-3.2504E-07
0.83500000000000008,0.1,-7.17384E-08,7.1936999999999991E-08,-1.26E-12,3.2486E-07,-3.2514E-07
0.84000000000000008,0.1,-7.4913199999999988E-08,7.51366E-08,-1.3300000000000002E-12,3.2482E-07,-3.2502E-07
0.84500000000000008,0.1,-7.8316599999999991E-08,7.8541799999999992E-08,-1.1900000000000002E-12,3.2488E-07,-3.25E-07
0.85000000000000009,0.1,-8.18434E-08,8.205E-08,-5.8000000000000005E-13,3.2482E-07,-3.2502E-07
0.85500000000000009,0.1,-8.5588799999999989E-08,8.5812199999999985E-08,-5.2E-13,3.2486E-07,-3.2502E-07
0.86,0.1,-8.9412399999999989E-08,8.9613599999999989E-08,-1.8000000000000002E-12,3.2482E-07,-3.25E-07
0.865,0.1,-9.3534799999999986E-08,9.3727999999999991E-08,-1.78E-12,3.2486E-07,-3.2506E-07
0.87,0.1,-9.77646E-08,9.7966599999999985E-08,-1.0100000000000001E-12,3.2484E-07,-3.251E-07
0.875,0.1,-1.0223379999999999E-07,1.0243719999999999E-07,-1.18E-12,3.2482E-07,-3.251E-07
0.88,0.1,-1.0698159999999999E-07,1.0719199999999999E-07,-8.300000000000001E-13,3.2488E-07,-3.2502E-07
0.885,0.1,-1.1190159999999998E-07,1.1211919999999998E-07,-5.2E-13,3.249E-07,-3.2512E-07
0.89,0.1,-1.1714E-07,1.1744E-07,-9.8E-13,3.2482E-07,-3.2508E-07
0.895,0.1,-1.2262E-07,1.2284E-07,-2.3000000000000003E-13,3.2492E-07,-3.2502E-07
0.9,0.1,-1.2834E-07,1.286E-07,-1.03E-12,3.2488E-07,-3.2502E-07
