I/V Sweep,id_vds
RecordTime,04/14/2025 15:24:19
Device ID,
Count,1
Flag,
Remarks,
vd,vg,id,ig,is,iavdd,ignd
0,0,-1.6977000000000003E-10,-5.1200000000000008E-12,-6.3E-13,3.2542E-07,-3.2524E-07
0.005,0,-7.125E-11,-1.0620000000000001E-11,-7.100000000000001E-13,3.2534E-07,-3.253E-07
0.01,0,1.96E-12,-1.754E-11,-7.3E-13,3.254E-07,-3.2536E-07
0.015000000000000001,0,6.450000000000001E-11,-2.6720000000000002E-11,6.6E-13,3.2536E-07,-3.2542E-07
0.02,0,1.3003000000000002E-10,-3.393E-11,-1.0000000000000002E-14,3.2538E-07,-3.254E-07
0.025,0,1.9276000000000002E-10,-3.908E-11,-9.0000000000000008E-14,3.2534E-07,-3.2542E-07
0.030000000000000002,0,2.3027000000000002E-10,-4.956E-11,2.1000000000000001E-13,3.2536E-07,-3.2546E-07
0.035,0,2.9062000000000003E-10,-5.7380000000000006E-11,-6.0000000000000009E-14,3.2534E-07,-3.2552E-07
0.04,0,3.4442000000000004E-10,-6.36E-11,-3.5E-13,3.2532E-07,-3.256E-07
0.045000000000000005,0,3.8778000000000003E-10,-7.2860000000000007E-11,-1.4700000000000002E-12,3.2534E-07,-3.2558E-07
0.05,0,4.3512000000000004E-10,-8.34E-11,-2.6E-13,3.2536E-07,-3.2566E-07
0.055,0,4.9148E-10,-9.2540000000000011E-11,1.9000000000000002E-13,3.2532E-07,-3.2564E-07
0.060000000000000005,0,5.4001000000000008E-10,-1.0264000000000001E-10,-5.5000000000000008E-13,3.2524E-07,-3.2566E-07
0.065,0,5.6920000000000006E-10,-1.1307E-10,6.2000000000000008E-13,3.253E-07,-3.2576E-07
0.07,0,6.2166E-10,-1.232E-10,7.2000000000000006E-13,3.2528E-07,-3.2576E-07
0.075,0,6.1892000000000007E-10,-1.3357E-10,-8E-13,3.2526E-07,-3.2578E-07
0.08,0,6.7531E-10,-1.4603E-10,-8.1000000000000008E-13,3.2536E-07,-3.2582E-07
0.085,0,6.8974E-10,-1.5635E-10,-3.4E-13,3.2532E-07,-3.2588E-07
0.090000000000000011,0,6.949E-10,-1.7203000000000003E-10,-1.4E-13,3.2528E-07,-3.2578E-07
0.095,0,7.3819E-10,-1.7839000000000002E-10,3.0000000000000005E-14,3.254E-07,-3.2584E-07
0.1,0,7.5319000000000006E-10,-1.9189000000000002E-10,-6.2000000000000008E-13,3.2538E-07,-3.2589999999999997E-07
0.10500000000000001,0,7.8970000000000008E-10,-2.0527E-10,1.8000000000000002E-13,3.2546E-07,-3.2594E-07
0.11,0,8.0862E-10,-2.1603000000000003E-10,-7E-13,3.2532E-07,-3.2586E-07
0.115,0,8.6176E-10,-2.2918000000000003E-10,-8.300000000000001E-13,3.2534E-07,-3.26E-07
0.12000000000000001,0,8.8803000000000009E-10,-2.4063000000000003E-10,-3.9000000000000005E-13,3.2528E-07,-3.2596E-07
0.125,0,9.1246000000000007E-10,-2.5523E-10,-6.1E-13,3.253E-07,-3.2596E-07
0.13,0,9.4357E-10,-2.6610000000000004E-10,-1.2500000000000001E-12,3.253E-07,-3.2588E-07
0.135,0,9.933E-10,-2.8216000000000004E-10,-1E-13,3.2524E-07,-3.2589999999999997E-07
0.14,0,1.0474E-09,-2.9407E-10,-1.4300000000000002E-12,3.253E-07,-3.2596E-07
0.14500000000000002,0,1.1162E-09,-3.1035E-10,-2.6E-13,3.2528E-07,-3.26E-07
0.15,0,1.1712E-09,-3.2284000000000005E-10,-2.2000000000000002E-13,3.2528E-07,-3.2603999999999997E-07
0.155,0,1.2195E-09,-3.3651E-10,-9.9E-13,3.2524E-07,-3.2614E-07
0.16,0,1.2626E-09,-3.5610000000000004E-10,-1.0000000000000002E-14,3.2524E-07,-3.2608E-07
0.165,0,1.3238E-09,-3.7217E-10,-1.8000000000000002E-13,3.2522E-07,-3.2614E-07
0.17,0,1.3814E-09,-3.86E-10,-1.78E-12,3.2514E-07,-3.2603999999999997E-07
0.17500000000000002,0,1.4237E-09,-4.0500000000000005E-10,-1.21E-12,3.2512E-07,-3.2617999999999997E-07
0.18000000000000002,0,1.4823E-09,-4.2218000000000004E-10,-3.5E-13,3.252E-07,-3.2622E-07
0.185,0,1.5243E-09,-4.4090000000000005E-10,-7.2000000000000006E-13,3.2524E-07,-3.2631999999999997E-07
0.19,0,1.5716E-09,-4.5772000000000005E-10,-1.2400000000000002E-12,3.2518E-07,-3.263E-07
0.195,0,1.6217E-09,-4.791E-10,-9.3E-13,3.253E-07,-3.2636E-07
0.2,0,1.6805E-09,-4.9935E-10,-9.000000000000001E-13,3.252E-07,-3.2642E-07
0.20500000000000002,0,1.7376E-09,-5.1930000000000006E-10,-4.7E-13,3.2522E-07,-3.264E-07
0.21000000000000002,0,1.7822E-09,-5.4033E-10,-1.6300000000000001E-12,3.2518E-07,-3.2638E-07
0.215,0,1.8342E-09,-5.6493E-10,4.2000000000000003E-13,3.2516E-07,-3.2642E-07
0.22,0,1.8923E-09,-5.8619E-10,-7E-13,3.2522E-07,-3.2648E-07
0.225,0,1.9399E-09,-6.0984E-10,-1.4900000000000001E-12,3.2518E-07,-3.2656E-07
0.23,0,1.9968E-09,-6.3455E-10,-3.0000000000000003E-13,3.2518E-07,-3.2654E-07
0.23500000000000001,0,2.0594E-09,-6.5883000000000009E-10,-1.3E-13,3.252E-07,-3.2666E-07
0.24000000000000002,0,2.1187E-09,-6.8392000000000005E-10,-6.6E-13,3.2524E-07,-3.2668E-07
0.24500000000000002,0,2.1699E-09,-7.1083E-10,-1.0100000000000001E-12,3.2524E-07,-3.267E-07
0.25,0,2.2416E-09,-7.4065E-10,-1.2000000000000002E-13,3.252E-07,-3.2672E-07
0.255,0,2.3029E-09,-7.6631E-10,-5.6E-13,3.252E-07,-3.2673999999999997E-07
0.26,0,2.358E-09,-7.9436E-10,-1.17E-12,3.2528E-07,-3.2684E-07
0.265,0,2.4234E-09,-8.2575000000000007E-10,-3.0000000000000005E-14,3.2528E-07,-3.2676E-07
0.27,0,2.4942E-09,-8.5608000000000011E-10,-4.5000000000000005E-13,3.2528E-07,-3.2684E-07
0.275,0,2.5674E-09,-8.8505000000000006E-10,-1.13E-12,3.2516E-07,-3.268E-07
0.28,0,2.6172E-09,-9.1846000000000005E-10,-1.45E-12,3.2516E-07,-3.2682E-07
0.28500000000000003,0,2.6886E-09,-9.5144E-10,-1.1000000000000001E-13,3.2518E-07,-3.2687999999999997E-07
0.29000000000000004,0,2.7694E-09,-9.8343E-10,-2.4000000000000004E-13,3.2512E-07,-3.269E-07
0.29500000000000004,0,2.8276E-09,-1.01767E-09,-6.8E-13,3.2514E-07,-3.2694E-07
0.3,0,2.8981E-09,-1.0545400000000002E-09,2.3000000000000003E-13,3.2516E-07,-3.2704E-07
0.305,0,2.9752E-09,-1.09093E-09,-6.5000000000000006E-13,3.252E-07,-3.2698E-07
0.31,0,3.0429E-09,-1.1255300000000001E-09,-1.5400000000000001E-12,3.2516E-07,-3.2704E-07
0.315,0,3.1144E-09,-1.1634E-09,-1.85E-12,3.2516E-07,-3.2708E-07
0.32,0,3.1679E-09,-1.202E-09,-5.4E-13,3.2518E-07,-3.2708E-07
0.325,0,3.2571E-09,-1.2453E-09,-9.4E-13,3.2518E-07,-3.2714E-07
0.33,0,3.3443E-09,-1.2817E-09,-6.5000000000000006E-13,3.2514E-07,-3.2712E-07
0.335,0,3.4168E-09,-1.3233E-09,-1.09E-12,3.2516E-07,-3.2718E-07
0.34,0,3.4989E-09,-1.3671E-09,-1.03E-12,3.2516E-07,-3.2726E-07
0.34500000000000003,0,3.5858E-09,-1.411E-09,-7E-14,3.2512E-07,-3.2728E-07
0.35000000000000003,0,3.6806E-09,-1.4547E-09,-8.300000000000001E-13,3.2516E-07,-3.2734E-07
0.35500000000000004,0,3.7632E-09,-1.4989E-09,-1.07E-12,3.2514E-07,-3.274E-07
0.36000000000000004,0,3.8515E-09,-1.5477E-09,-8.9E-13,3.2514E-07,-3.275E-07
0.365,0,3.9482E-09,-1.5943E-09,-7.3E-13,3.2516E-07,-3.2748E-07
0.37,0,4.0408E-09,-1.6404E-09,-8.8000000000000009E-13,3.2514E-07,-3.2752E-07
0.375,0,4.1343E-09,-1.6899E-09,-5.5000000000000008E-13,3.2512E-07,-3.276E-07
0.38,0,4.224E-09,-1.7406E-09,-2.5E-13,3.251E-07,-3.2756E-07
0.385,0,4.3251E-09,-1.7909E-09,-5.5000000000000008E-13,3.2512E-07,-3.2757999999999997E-07
0.39,0,4.3665E-09,-1.842E-09,-1.45E-12,3.2512E-07,-3.276E-07
0.395,0,4.4649E-09,-1.8957E-09,-4.7E-13,3.2504E-07,-3.2764E-07
0.4,0,4.5677E-09,-1.9513E-09,-1.4E-13,3.251E-07,-3.2766E-07
0.405,0,4.6734E-09,-2.0029E-09,-3.0000000000000003E-13,3.2508E-07,-3.2776E-07
0.41000000000000003,0,4.7788E-09,-2.0604E-09,-1.74E-12,3.251E-07,-3.2776E-07
0.41500000000000004,0,4.8831E-09,-2.1187E-09,5E-14,3.2504E-07,-3.2776E-07
0.42000000000000004,0,4.9881E-09,-2.1773E-09,-4.3000000000000004E-13,3.2512E-07,-3.279E-07
0.42500000000000004,0,5.0995E-09,-2.2347E-09,-1.2900000000000002E-12,3.2506E-07,-3.2788E-07
0.43,0,5.2241E-09,-2.2982E-09,-4.4000000000000004E-13,3.2516E-07,-3.281E-07
0.435,0,5.3778E-09,-2.3596E-09,-9.0000000000000008E-14,3.2514E-07,-3.281E-07
0.44,0,5.5132E-09,-2.4223E-09,-3.2000000000000005E-13,3.2512E-07,-3.282E-07
0.445,0,5.6223E-09,-2.4845E-09,-9.4E-13,3.2512E-07,-3.2826E-07
0.45,0,5.74E-09,-2.5524E-09,-3.0000000000000003E-13,3.2512E-07,-3.283E-07
0.455,0,5.8678E-09,-2.618E-09,1.9000000000000002E-13,3.2508E-07,-3.2836E-07
0.46,0,6.0051E-09,-2.6833E-09,3.0000000000000003E-13,3.2506E-07,-3.2836E-07
0.465,0,6.1093E-09,-2.7527E-09,-7.2000000000000006E-13,3.2512E-07,-3.2841999999999997E-07
0.47000000000000003,0,6.2416E-09,-2.8251E-09,-1.9000000000000002E-13,3.2508E-07,-3.285E-07
0.47500000000000003,0,6.3684E-09,-2.8923E-09,-5E-13,3.2508E-07,-3.2858E-07
0.48000000000000004,0,6.5191E-09,-2.9632E-09,-1.5200000000000002E-12,3.2508E-07,-3.286E-07
0.48500000000000004,0,6.6458E-09,-3.038E-09,-1.18E-12,3.251E-07,-3.2864E-07
0.49000000000000005,0,6.7809E-09,-3.1125E-09,-2.2000000000000002E-13,3.2506E-07,-3.2869999999999997E-07
0.49500000000000005,0,6.9201E-09,-3.1872E-09,-1.3000000000000001E-12,3.2504E-07,-3.2872E-07
0.5,0,7.054E-09,-3.2638E-09,-1.45E-12,3.2508E-07,-3.2882E-07
0.505,0,7.2125E-09,-3.3432E-09,-8.1000000000000008E-13,3.2504E-07,-3.2888E-07
0.51,0,7.2692E-09,-3.4259E-09,-8.2E-13,3.251E-07,-3.2886E-07
0.515,0,7.4178E-09,-3.5019E-09,-6.6E-13,3.25E-07,-3.2892E-07
0.52,0,7.5654E-09,-3.5857E-09,-9.4E-13,3.2504E-07,-3.2894E-07
0.525,0,7.7034E-09,-3.6696E-09,-6.8E-13,3.251E-07,-3.2914E-07
0.53,0,7.8764E-09,-3.7538E-09,-9.0000000000000008E-14,3.2506E-07,-3.2908E-07
0.535,0,8.0204E-09,-3.8381E-09,-1.2900000000000002E-12,3.2502E-07,-3.2922E-07
0.54,0,8.1954E-09,-3.9278E-09,-2.7E-13,3.2506E-07,-3.2928E-07
0.545,0,8.3433E-09,-4.0181E-09,-7E-14,3.2504E-07,-3.2936E-07
0.55,0,8.4994E-09,-4.1041E-09,-2.6E-13,3.251E-07,-3.2938E-07
0.555,0,8.6812E-09,-4.1946E-09,-6.6E-13,3.2504E-07,-3.2952E-07
0.56,0,8.8177E-09,-4.2894E-09,-8.300000000000001E-13,3.2506E-07,-3.2958E-07
0.56500000000000006,0,8.9917E-09,-4.3823E-09,-1E-13,3.25E-07,-3.296E-07
0.57000000000000006,0,9.1628E-09,-4.4768E-09,-1.5600000000000002E-12,3.2504E-07,-3.2976E-07
0.57500000000000007,0,9.356E-09,-4.5738E-09,2.0000000000000003E-14,3.2504E-07,-3.298E-07
0.58000000000000007,0,9.5621E-09,-4.6721E-09,-4.9E-13,3.2504E-07,-3.2981999999999997E-07
0.58500000000000008,0,9.7066999999999992E-09,-4.7704E-09,-5.5000000000000008E-13,3.2504E-07,-3.3002E-07
0.59000000000000008,0,9.8807E-09,-4.8709E-09,-1.4E-12,3.2506E-07,-3.3008E-07
0.595,0,1.00667E-08,-4.9744E-09,-5.4E-13,3.2502E-07,-3.3009999999999997E-07
0.6,0,1.0291E-08,-5.0807E-09,-5.4E-13,3.2506E-07,-3.3022E-07
0.605,0,1.04918E-08,-5.183E-09,-1.1600000000000001E-12,3.2508E-07,-3.303E-07
0.61,0,1.06275E-08,-5.2884E-09,-6.3E-13,3.2498E-07,-3.3037999999999997E-07
0.615,0,1.08233E-08,-5.397E-09,-5E-13,3.25E-07,-3.3044E-07
0.62,0,1.10275E-08,-5.5065E-09,4.0000000000000006E-14,3.2504E-07,-3.3054E-07
0.625,0,1.12472E-08,-5.614E-09,-6.6E-13,3.251E-07,-3.3068E-07
0.63,0,1.1456399999999999E-08,-5.7266E-09,-1.04E-12,3.2504E-07,-3.3076E-07
0.635,0,1.1696599999999999E-08,-5.8427E-09,-6.2000000000000008E-13,3.2496E-07,-3.3086E-07
0.64,0,1.1925599999999999E-08,-5.955E-09,-1.0600000000000001E-12,3.2498E-07,-3.3093999999999997E-07
0.645,0,1.2160199999999999E-08,-6.076E-09,-1.1600000000000001E-12,3.25E-07,-3.3114E-07
0.65,0,1.2401799999999998E-08,-6.1978E-09,-7.100000000000001E-13,3.2506E-07,-3.312E-07
0.655,0,1.2639799999999999E-08,-6.3148E-09,-1.0600000000000001E-12,3.2508E-07,-3.3128E-07
0.66,0,1.2861799999999999E-08,-6.4377E-09,-6.400000000000001E-13,3.25E-07,-3.3134E-07
0.665,0,1.3132399999999998E-08,-6.5558E-09,-4.3000000000000004E-13,3.2502E-07,-3.3158E-07
0.67,0,1.33784E-08,-6.6811E-09,-7.9000000000000007E-13,3.2502E-07,-3.3163999999999997E-07
0.675,0,1.3598599999999998E-08,-6.8087E-09,-4.0000000000000006E-14,3.2496E-07,-3.3168E-07
0.68,0,1.3862599999999998E-08,-6.9346E-09,-8.6000000000000007E-13,3.25E-07,-3.3194E-07
0.685,0,1.4110799999999999E-08,-7.0639E-09,-5.3000000000000006E-13,3.2498E-07,-3.3198E-07
0.69000000000000006,0,1.4376199999999998E-08,-7.1889E-09,-1.2800000000000002E-12,3.2498E-07,-3.3205999999999997E-07
0.69500000000000006,0,1.4599999999999998E-08,-7.3243E-09,-1.08E-12,3.2498E-07,-3.3228E-07
0.70000000000000007,0,1.4844799999999999E-08,-7.4599E-09,1.3E-13,3.2498E-07,-3.3242E-07
0.70500000000000007,0,1.5151599999999997E-08,-7.5974E-09,-1.6800000000000001E-12,3.2502E-07,-3.3264E-07
0.71000000000000008,0,1.5436799999999997E-08,-7.7353E-09,-3.4E-13,3.2504E-07,-3.3261999999999997E-07
0.71500000000000008,0,1.5680399999999997E-08,-7.8712E-09,-4.6000000000000006E-13,3.2504E-07,-3.3274E-07
0.72000000000000008,0,1.59728E-08,-8.0088E-09,-7.5E-13,3.2504E-07,-3.3288E-07
0.72500000000000009,0,1.6211399999999997E-08,-8.149E-09,-6.0000000000000009E-14,3.2498E-07,-3.3303999999999997E-07
0.73,0,1.6486199999999997E-08,-8.2929E-09,-8.9E-13,3.25E-07,-3.3317999999999997E-07
0.735,0,1.6814799999999998E-08,-8.4404E-09,-5.4E-13,3.2502E-07,-3.3336E-07
0.74,0,1.7046399999999998E-08,-8.5896E-09,-5.9E-13,3.2502E-07,-3.3342E-07
0.745,0,1.7315999999999998E-08,-8.7336E-09,-9.4E-13,3.2502E-07,-3.3362E-07
0.75,0,1.7588E-08,-8.8874E-09,-1.6700000000000002E-12,3.2502E-07,-3.337E-07
0.755,0,1.7918E-08,-9.0358E-09,-6.8E-13,3.25E-07,-3.3396E-07
0.76,0,1.8224599999999998E-08,-9.1937E-09,-6.5000000000000006E-13,3.2498E-07,-3.3394E-07
0.765,0,1.85548E-08,-9.3481E-09,-8.4000000000000006E-13,3.2504E-07,-3.3404E-07
0.77,0,1.88468E-08,-9.5044E-09,-5.8000000000000005E-13,3.2494E-07,-3.3426E-07
0.775,0,1.9154199999999998E-08,-9.6579E-09,-1.1000000000000002E-12,3.2504E-07,-3.3456E-07
0.78,0,1.9478799999999998E-08,-9.8162E-09,-9.4E-13,3.2492E-07,-3.3456E-07
0.785,0,1.9740199999999998E-08,-9.9763E-09,-5.3000000000000006E-13,3.2498E-07,-3.3462E-07
0.79,0,2.00428E-08,-1.01391E-08,-1.4800000000000002E-12,3.2504E-07,-3.3498E-07
0.795,0,2.0416399999999997E-08,-1.03081E-08,-1.0100000000000001E-12,3.2494E-07,-3.3516E-07
0.8,0,2.0742799999999998E-08,-1.04716E-08,-1.03E-12,3.2498E-07,-3.3522E-07
0.805,0,2.1003799999999996E-08,-1.06408E-08,-1.32E-12,3.2502E-07,-3.3532E-07
0.81,0,2.13634E-08,-1.08142E-08,-2.9000000000000003E-13,3.2504E-07,-3.3569999999999997E-07
0.81500000000000006,0,2.1818599999999997E-08,-1.09846E-08,-6.9000000000000009E-13,3.2496E-07,-3.3582E-07
0.82000000000000006,0,2.21222E-08,-1.11595E-08,-3.0000000000000003E-13,3.2498E-07,-3.3583999999999997E-07
0.82500000000000007,0,2.2433799999999997E-08,-1.13357E-08,-6.8E-13,3.25E-07,-3.3594E-07
0.83000000000000007,0,2.2701199999999997E-08,-1.1503199999999998E-08,5E-14,3.2496E-07,-3.3602E-07
0.83500000000000008,0,2.3026199999999998E-08,-1.16856E-08,-6.3E-13,3.25E-07,-3.3622E-07
0.84000000000000008,0,2.34026E-08,-1.1864999999999999E-08,-4.5000000000000005E-13,3.249E-07,-3.3634E-07
0.84500000000000008,0,2.3779599999999997E-08,-1.2050799999999999E-08,-1.31E-12,3.2498E-07,-3.368E-07
0.85000000000000009,0,2.4058399999999998E-08,-1.22352E-08,-7.3E-13,3.2498E-07,-3.3678E-07
0.85500000000000009,0,2.4485599999999997E-08,-1.2420799999999998E-08,-1.03E-12,3.2494E-07,-3.3692E-07
0.86,0,2.4852199999999997E-08,-1.26072E-08,-2E-13,3.2498E-07,-3.3723999999999997E-07
0.865,0,2.5189599999999997E-08,-1.27964E-08,-6.2000000000000008E-13,3.2498E-07,-3.3742E-07
0.87,0,2.5680199999999997E-08,-1.299E-08,-5.4E-13,3.25E-07,-3.3776E-07
0.875,0,2.6085999999999996E-08,-1.31878E-08,-5.7E-13,3.2498E-07,-3.3782E-07
0.88,0,2.6523399999999997E-08,-1.33848E-08,-8.6000000000000007E-13,3.2494E-07,-3.3788E-07
0.885,0,2.6810599999999996E-08,-1.3585199999999998E-08,-4.2000000000000003E-13,3.2494E-07,-3.3826E-07
0.89,0,2.7403399999999996E-08,-1.3781599999999999E-08,2.2000000000000002E-13,3.2494E-07,-3.3848E-07
0.895,0,2.7794199999999998E-08,-1.3983799999999999E-08,2.0000000000000003E-14,3.249E-07,-3.3848E-07
0.9,0,2.8201599999999998E-08,-1.4188999999999999E-08,-5.4E-13,3.2488E-07,-3.3886E-07
0,0.15,-4.9225E-09,2.1124E-10,1.4E-13,3.251E-07,-3.2114E-07
0.005,0.15,-3.8463E-09,2.0175000000000003E-10,-5.9E-13,3.251E-07,-3.2152E-07
0.01,0.15,-3.4968E-09,1.8868000000000001E-10,-2.3000000000000003E-13,3.2512E-07,-3.2186E-07
0.015000000000000001,0.15,-3.1912E-09,1.7727000000000003E-10,2.2000000000000002E-13,3.251E-07,-3.2215999999999997E-07
0.02,0.15,-2.9252E-09,1.6982000000000001E-10,-8.4000000000000006E-13,3.2506E-07,-3.224E-07
0.025,0.15,-2.694E-09,1.5874E-10,-1.21E-12,3.25E-07,-3.226E-07
0.030000000000000002,0.15,-2.4838E-09,1.4885E-10,-6.5000000000000006E-13,3.251E-07,-3.2278E-07
0.035,0.15,-2.2882E-09,1.4136000000000002E-10,5.5000000000000008E-13,3.2514E-07,-3.2304E-07
0.04,0.15,-2.1206E-09,1.3430000000000002E-10,-1.2900000000000002E-12,3.2512E-07,-3.2313999999999997E-07
0.045000000000000005,0.15,-1.957E-09,1.2424E-10,1.6000000000000003E-13,3.2512E-07,-3.233E-07
0.05,0.15,-1.8005E-09,1.1698000000000002E-10,-3.6000000000000003E-13,3.2512E-07,-3.2338E-07
0.055,0.15,-1.6648E-09,1.1082000000000001E-10,-6.0000000000000007E-13,3.2512E-07,-3.2364E-07
0.060000000000000005,0.15,-1.5404E-09,1.0372E-10,-1.36E-12,3.251E-07,-3.2378E-07
0.065,0.15,-1.4261E-09,9.5430000000000013E-11,-6.5000000000000006E-13,3.251E-07,-3.238E-07
0.07,0.15,-1.2994E-09,8.9560000000000012E-11,-6.5000000000000006E-13,3.2512E-07,-3.2388E-07
0.075,0.15,-1.1967E-09,8.44E-11,-8.1000000000000008E-13,3.251E-07,-3.2402E-07
0.08,0.15,-1.094E-09,7.678E-11,-9.0000000000000008E-14,3.2516E-07,-3.2404E-07
0.085,0.15,-9.988E-10,7.1150000000000008E-11,-3.3E-13,3.251E-07,-3.2414E-07
0.090000000000000011,0.15,-9.0492000000000012E-10,6.848E-11,-1.55E-12,3.251E-07,-3.2432E-07
0.095,0.15,-8.1228E-10,6.0780000000000009E-11,-5.3000000000000006E-13,3.2504E-07,-3.243E-07
0.1,0.15,-7.1497000000000007E-10,5.5270000000000007E-11,-2.8E-13,3.251E-07,-3.2436E-07
0.10500000000000001,0.15,-6.3732E-10,5.2240000000000005E-11,-8.9E-13,3.251E-07,-3.245E-07
0.11,0.15,-5.6411E-10,4.57E-11,-7.9000000000000007E-13,3.2512E-07,-3.2456E-07
0.115,0.15,-4.8849E-10,3.9610000000000006E-11,-2.7E-13,3.2512E-07,-3.247E-07
0.12000000000000001,0.15,-4.1429E-10,3.6320000000000004E-11,-9.6000000000000015E-13,3.2504E-07,-3.247E-07
0.125,0.15,-3.4681E-10,3.091E-11,-1.26E-12,3.2514E-07,-3.2476E-07
0.13,0.15,-2.7099E-10,2.3060000000000002E-11,-1.7E-13,3.2512E-07,-3.2482E-07
0.135,0.15,-1.9831E-10,1.894E-11,-1.2000000000000001E-12,3.2506E-07,-3.2492E-07
0.14,0.15,-1.3691000000000002E-10,1.3860000000000001E-11,-6.6E-13,3.2512E-07,-3.2494E-07
0.14500000000000002,0.15,-7.8950000000000009E-11,6.15E-12,-7.100000000000001E-13,3.2502E-07,-3.2494E-07
0.15,0.15,-1.9970000000000003E-11,5.6E-13,7E-14,3.25E-07,-3.2502E-07
0.155,0.15,4.8570000000000006E-11,-4.5500000000000006E-12,-1.12E-12,3.2504E-07,-3.2506E-07
0.16,0.15,1.0298E-10,-1.096E-11,-1.78E-12,3.2512E-07,-3.2516E-07
0.165,0.15,1.6234E-10,-1.8710000000000002E-11,-4.0000000000000006E-14,3.2508E-07,-3.2514E-07
0.17,0.15,2.2763000000000002E-10,-2.4740000000000003E-11,-1.6000000000000003E-13,3.2516E-07,-3.2526E-07
0.17500000000000002,0.15,2.8671000000000004E-10,-3.109E-11,-7.2000000000000006E-13,3.252E-07,-3.2536E-07
0.18000000000000002,0.15,3.3629000000000004E-10,-3.9850000000000003E-11,-3.5E-13,3.2514E-07,-3.2548E-07
0.185,0.15,4.0866E-10,-4.7320000000000004E-11,2.9000000000000003E-13,3.2516E-07,-3.255E-07
0.19,0.15,4.706E-10,-5.3510000000000004E-11,-1.1900000000000002E-12,3.2512E-07,-3.2556E-07
0.195,0.15,5.1834E-10,-6.234E-11,-2.8E-13,3.251E-07,-3.2554E-07
0.2,0.15,5.7573E-10,-7.1950000000000007E-11,7E-13,3.2516E-07,-3.2554E-07
0.20500000000000002,0.15,6.277E-10,-7.844E-11,-5.5000000000000008E-13,3.2516E-07,-3.2568E-07
0.21000000000000002,0.15,6.7643E-10,-8.914E-11,-7.9000000000000007E-13,3.2512E-07,-3.2572E-07
0.215,0.15,6.9603E-10,-9.7910000000000014E-11,-1.6000000000000003E-13,3.251E-07,-3.2566E-07
0.22,0.15,7.3728000000000006E-10,-1.0483000000000001E-10,-4.2000000000000003E-13,3.2504E-07,-3.2568E-07
0.225,0.15,7.7531000000000009E-10,-1.1728E-10,1.4E-13,3.2504E-07,-3.2576E-07
0.23,0.15,8.3462000000000006E-10,-1.2303000000000001E-10,-1.5000000000000002E-13,3.2502E-07,-3.2572E-07
0.23500000000000001,0.15,8.7099000000000011E-10,-1.3451E-10,-4.7E-13,3.2504E-07,-3.2572E-07
0.24000000000000002,0.15,9.2608000000000007E-10,-1.4329E-10,-3.7000000000000004E-13,3.251E-07,-3.2589999999999997E-07
0.24500000000000002,0.15,9.735E-10,-1.5428E-10,2.9000000000000003E-13,3.251E-07,-3.2588E-07
0.25,0.15,1.0528E-09,-1.6577E-10,9.9E-13,3.2506E-07,-3.2594E-07
0.255,0.15,1.1291E-09,-1.7402E-10,-5.8000000000000005E-13,3.251E-07,-3.2598E-07
0.26,0.15,1.179E-09,-1.8582E-10,-5.1E-13,3.2502E-07,-3.2603999999999997E-07
0.265,0.15,1.2398E-09,-1.9794000000000002E-10,-9.9E-13,3.2506E-07,-3.2603999999999997E-07
0.27,0.15,1.3183E-09,-2.0824000000000002E-10,-4.8000000000000008E-13,3.2506E-07,-3.2614E-07
0.275,0.15,1.3744E-09,-2.1768000000000002E-10,-7.6000000000000009E-13,3.2498E-07,-3.2614E-07
0.28,0.15,1.4289E-09,-2.3180000000000002E-10,9.0000000000000008E-14,3.2502E-07,-3.262E-07
0.28500000000000003,0.15,1.4897E-09,-2.4543E-10,1.3E-13,3.2502E-07,-3.262E-07
0.29000000000000004,0.15,1.5519E-09,-2.5569E-10,-6.7000000000000007E-13,3.25E-07,-3.263E-07
0.29500000000000004,0.15,1.6135E-09,-2.7033000000000004E-10,-7.3E-13,3.2502E-07,-3.2636E-07
0.3,0.15,1.6687E-09,-2.8518000000000004E-10,-8.8000000000000009E-13,3.2498E-07,-3.2636E-07
0.305,0.15,1.7411E-09,-3.0012000000000005E-10,-7.9000000000000007E-13,3.2494E-07,-3.264E-07
0.31,0.15,1.7979E-09,-3.1287000000000003E-10,-1.5200000000000002E-12,3.2494E-07,-3.2654E-07
0.315,0.15,1.8591E-09,-3.3063E-10,-6.7000000000000007E-13,3.2508E-07,-3.2656E-07
0.32,0.15,1.931E-09,-3.4709000000000004E-10,-4.9E-13,3.2496E-07,-3.2662E-07
0.325,0.15,1.9926E-09,-3.6101000000000003E-10,-7.3E-13,3.25E-07,-3.2656E-07
0.33,0.15,2.0481E-09,-3.7944000000000004E-10,-1.31E-12,3.251E-07,-3.267E-07
0.335,0.15,2.1078E-09,-3.9866000000000005E-10,-1.1500000000000002E-12,3.251E-07,-3.268E-07
0.34,0.15,2.1797E-09,-4.1580000000000005E-10,-3.7000000000000004E-13,3.2506E-07,-3.2684E-07
0.34500000000000003,0.15,2.2517E-09,-4.3435000000000006E-10,-1.13E-12,3.2508E-07,-3.2686E-07
0.35000000000000003,0.15,2.3078E-09,-4.5541000000000003E-10,-7.8000000000000011E-13,3.2506E-07,-3.2684E-07
0.35500000000000004,0.15,2.3829E-09,-4.7693E-10,-1.6000000000000003E-13,3.2504E-07,-3.2692E-07
0.36000000000000004,0.15,2.4624E-09,-4.9577E-10,-3.3E-13,3.2504E-07,-3.2701999999999997E-07
0.365,0.15,2.5179E-09,-5.1855E-10,-1.03E-12,3.2506E-07,-3.2708E-07
0.37,0.15,2.5981E-09,-5.4133E-10,-2.6E-13,3.2504E-07,-3.2712E-07
0.375,0.15,2.6803E-09,-5.6501E-10,-4.7E-13,3.2506E-07,-3.2715999999999997E-07
0.38,0.15,2.7446E-09,-5.8721000000000008E-10,-6.6E-13,3.2502E-07,-3.272E-07
0.385,0.15,2.8217E-09,-6.1354E-10,-1.0000000000000002E-14,3.2504E-07,-3.2722E-07
0.39,0.15,2.9009E-09,-6.390400000000001E-10,-4.8000000000000008E-13,3.2502E-07,-3.2728E-07
0.395,0.15,2.9947E-09,-6.6337000000000006E-10,-5.3000000000000006E-13,3.2506E-07,-3.2734E-07
0.4,0.15,3.0626E-09,-6.9020000000000006E-10,-3.5E-13,3.2506E-07,-3.2743999999999997E-07
0.405,0.15,3.1346E-09,-7.1962E-10,-2.4000000000000004E-13,3.2502E-07,-3.2746E-07
0.41000000000000003,0.15,3.2306E-09,-7.471800000000001E-10,2.0000000000000003E-14,3.251E-07,-3.2748E-07
0.41500000000000004,0.15,3.306E-09,-7.7412E-10,-6.7000000000000007E-13,3.2502E-07,-3.2752E-07
0.42000000000000004,0.15,3.3864E-09,-8.0372000000000009E-10,-3.2000000000000005E-13,3.2506E-07,-3.2757999999999997E-07
0.42500000000000004,0.15,3.4697E-09,-8.3722E-10,3.2000000000000005E-13,3.2508E-07,-3.2768E-07
0.43,0.15,3.5743E-09,-8.6567000000000007E-10,-4.7E-13,3.2502E-07,-3.277E-07
0.435,0.15,3.6564E-09,-8.9882000000000011E-10,-4.5000000000000005E-13,3.2508E-07,-3.278E-07
0.44,0.15,3.7492E-09,-9.3362000000000013E-10,-8.6000000000000007E-13,3.2506E-07,-3.2785999999999997E-07
0.445,0.15,3.8514E-09,-9.6632E-10,-7.7000000000000005E-13,3.2504E-07,-3.279E-07
0.45,0.15,3.9221E-09,-9.9877E-10,-7.6000000000000009E-13,3.2506E-07,-3.2798E-07
0.455,0.15,4.0083E-09,-1.03575E-09,-5E-14,3.2506E-07,-3.2802E-07
0.46,0.15,4.12E-09,-1.0722600000000002E-09,-2.6E-13,3.2516E-07,-3.281E-07
0.465,0.15,4.2126E-09,-1.10847E-09,-1.74E-12,3.2504E-07,-3.2812E-07
0.47000000000000003,0.15,4.3098E-09,-1.14574E-09,-1.46E-12,3.2506E-07,-3.2822E-07
0.47500000000000003,0.15,4.4118E-09,-1.1858E-09,-9.5E-13,3.25E-07,-3.2818E-07
0.48000000000000004,0.15,4.4897E-09,-1.2284E-09,-9.4E-13,3.2512E-07,-3.283E-07
0.48500000000000004,0.15,4.5937E-09,-1.2685E-09,1.1000000000000001E-13,3.2504E-07,-3.2838E-07
0.49000000000000005,0.15,4.7155E-09,-1.3083E-09,-8.2E-13,3.2504E-07,-3.2836E-07
0.49500000000000005,0.15,4.8107E-09,-1.3522E-09,-3.6000000000000003E-13,3.2496E-07,-3.2838E-07
0.5,0.15,4.9238E-09,-1.3966E-09,-4.3000000000000004E-13,3.249E-07,-3.2846E-07
0.505,0.15,5.0432E-09,-1.4405E-09,-8.6000000000000007E-13,3.2498E-07,-3.286E-07
0.51,0.15,5.1581E-09,-1.4841E-09,-1.17E-12,3.25E-07,-3.2858E-07
0.515,0.15,5.2692E-09,-1.5314E-09,-7E-13,3.2506E-07,-3.2869999999999997E-07
0.52,0.15,5.3998E-09,-1.5803E-09,-7.4000000000000008E-13,3.2498E-07,-3.2878E-07
0.525,0.15,5.5159E-09,-1.6253E-09,-1.37E-12,3.2494E-07,-3.2888E-07
0.53,0.15,5.6301E-09,-1.6753E-09,-6.0000000000000007E-13,3.2494E-07,-3.2883999999999997E-07
0.535,0.15,5.7424E-09,-1.7273E-09,-8.8000000000000009E-13,3.2484E-07,-3.2892E-07
0.54,0.15,5.8946E-09,-1.7786E-09,-1E-13,3.25E-07,-3.2908E-07
0.545,0.15,6.0322E-09,-1.8285E-09,-1.59E-12,3.2498E-07,-3.2914E-07
0.55,0.15,6.1617E-09,-1.8848E-09,-1.07E-12,3.2496E-07,-3.2922E-07
0.555,0.15,6.3069E-09,-1.9416E-09,-1.6000000000000003E-13,3.2488E-07,-3.2918E-07
0.56,0.15,6.4169E-09,-1.9948E-09,-7.6000000000000009E-13,3.2496E-07,-3.2932E-07
0.56500000000000006,0.15,6.571E-09,-2.0505E-09,-1.08E-12,3.2486E-07,-3.2938E-07
0.57000000000000006,0.15,6.5852E-09,-2.111E-09,-1.17E-12,3.2496E-07,-3.2938E-07
0.57500000000000007,0.15,6.7312E-09,-2.1688E-09,-4.0000000000000006E-14,3.2498E-07,-3.2946E-07
0.58000000000000007,0.15,6.8933E-09,-2.2274E-09,-3.8000000000000005E-13,3.2492E-07,-3.2962E-07
0.58500000000000008,0.15,6.9984E-09,-2.2888E-09,-7.8000000000000011E-13,3.2488E-07,-3.296E-07
0.59000000000000008,0.15,7.1334E-09,-2.3521E-09,-1.1000000000000001E-13,3.2488E-07,-3.297E-07
0.595,0.15,7.2764E-09,-2.4131E-09,5.1E-13,3.2498E-07,-3.2974E-07
0.6,0.15,7.489E-09,-2.4777E-09,-1.23E-12,3.2494E-07,-3.2988E-07
0.605,0.15,7.5812E-09,-2.5433E-09,-8.6000000000000007E-13,3.2492E-07,-3.2992E-07
0.61,0.15,7.7241E-09,-2.6094E-09,-4.0000000000000006E-14,3.249E-07,-3.3006E-07
0.615,0.15,7.9177E-09,-2.6757E-09,-6.8E-13,3.2492E-07,-3.3014E-07
0.62,0.15,8.0633E-09,-2.744E-09,-1.36E-12,3.2488E-07,-3.3022E-07
0.625,0.15,8.2315E-09,-2.8152E-09,-1.3000000000000001E-12,3.2488E-07,-3.303E-07
0.63,0.15,8.39E-09,-2.8863E-09,-4.1E-13,3.2494E-07,-3.3048E-07
0.635,0.15,8.6045E-09,-2.958E-09,-1.4E-12,3.2492E-07,-3.305E-07
0.64,0.15,8.7466999999999992E-09,-3.0323E-09,-1.4400000000000001E-12,3.2498E-07,-3.306E-07
0.645,0.15,8.9023E-09,-3.1085E-09,-5.8000000000000005E-13,3.2488E-07,-3.3065999999999997E-07
0.65,0.15,9.0924E-09,-3.1809E-09,-8E-13,3.2502E-07,-3.3082E-07
0.655,0.15,9.2422E-09,-3.2591E-09,-1.09E-12,3.2498E-07,-3.3092E-07
0.66,0.15,9.4383E-09,-3.3372E-09,-7.6000000000000009E-13,3.2494E-07,-3.311E-07
0.665,0.15,9.6043E-09,-3.419E-09,-1.6000000000000003E-13,3.2498E-07,-3.312E-07
0.67,0.15,9.8288E-09,-3.4976E-09,-2.7E-13,3.25E-07,-3.3128E-07
0.675,0.15,9.9913E-09,-3.582E-09,-7.5E-13,3.2488E-07,-3.3128E-07
0.68,0.15,1.01862E-08,-3.6655E-09,-3.6000000000000003E-13,3.2492E-07,-3.3156E-07
0.685,0.15,1.03913E-08,-3.7506E-09,-4.8000000000000008E-13,3.2498E-07,-3.3158E-07
0.69000000000000006,0.15,1.05869E-08,-3.8342E-09,-1.07E-12,3.2494E-07,-3.3158E-07
0.69500000000000006,0.15,1.08156E-08,-3.9228E-09,-1.4200000000000002E-12,3.2492E-07,-3.3168E-07
0.70000000000000007,0.15,1.09485E-08,-4.0134E-09,-5.6E-13,3.2486E-07,-3.3191999999999997E-07
0.70500000000000007,0.15,1.11589E-08,-4.1002E-09,1.1000000000000001E-13,3.2482E-07,-3.3191999999999997E-07
0.71000000000000008,0.15,1.1394E-08,-4.1928E-09,-1.9000000000000002E-13,3.2486E-07,-3.321E-07
0.71500000000000008,0.15,1.16852E-08,-4.2849E-09,-5.6E-13,3.2478E-07,-3.321E-07
0.72000000000000008,0.15,1.19172E-08,-4.3811E-09,-4.6000000000000006E-13,3.2482E-07,-3.3228E-07
0.72500000000000009,0.15,1.2135599999999999E-08,-4.4754E-09,-1.51E-12,3.2492E-07,-3.3256E-07
0.73,0.15,1.2377599999999998E-08,-4.5736E-09,-6.1E-13,3.2488E-07,-3.326E-07
0.735,0.15,1.2593199999999998E-08,-4.6712E-09,-1.0500000000000002E-12,3.2492E-07,-3.327E-07
0.74,0.15,1.2869599999999999E-08,-4.7694E-09,-1.12E-12,3.2488E-07,-3.3284E-07
0.745,0.15,1.3078199999999999E-08,-4.8752E-09,1.5000000000000002E-13,3.2496E-07,-3.331E-07
0.75,0.15,1.3326399999999998E-08,-4.9776E-09,-4.5000000000000005E-13,3.2492E-07,-3.333E-07
0.755,0.15,1.3585999999999998E-08,-5.0809E-09,1.3E-13,3.2488E-07,-3.3336E-07
0.76,0.15,1.3831199999999999E-08,-5.1854E-09,-1.9000000000000002E-13,3.2488E-07,-3.3364E-07
0.765,0.15,1.4063399999999998E-08,-5.2881E-09,-1.9000000000000002E-13,3.2492E-07,-3.3364E-07
0.77,0.15,1.4329199999999998E-08,-5.3982E-09,-3.7000000000000004E-13,3.249E-07,-3.3382E-07
0.775,0.15,1.4580199999999998E-08,-5.5062E-09,-1.04E-12,3.2488E-07,-3.3396E-07
0.78,0.15,1.4820199999999999E-08,-5.6186E-09,-7.5E-13,3.2488E-07,-3.3412E-07
0.785,0.15,1.50836E-08,-5.7324E-09,-9.1000000000000016E-13,3.2488E-07,-3.3426E-07
0.79,0.15,1.5355799999999998E-08,-5.8417E-09,-1.45E-12,3.249E-07,-3.3442E-07
0.795,0.15,1.56286E-08,-5.9614E-09,-1.14E-12,3.2488E-07,-3.3462E-07
0.8,0.15,1.59802E-08,-6.0768E-09,-5E-13,3.2492E-07,-3.3484E-07
0.805,0.15,1.62172E-08,-6.1963E-09,-3.7000000000000004E-13,3.2494E-07,-3.3498E-07
0.81,0.15,1.65382E-08,-6.3185E-09,-4.2000000000000003E-13,3.249E-07,-3.3502E-07
0.81500000000000006,0.15,1.6851199999999997E-08,-6.4368E-09,-1.8000000000000002E-13,3.2484E-07,-3.3516E-07
0.82000000000000006,0.15,1.71102E-08,-6.5604E-09,1.2000000000000002E-13,3.2486E-07,-3.3524E-07
0.82500000000000007,0.15,1.73902E-08,-6.6832E-09,-1.04E-12,3.2486E-07,-3.3564E-07
0.83000000000000007,0.15,1.7779E-08,-6.8089E-09,-1.3500000000000001E-12,3.2488E-07,-3.3564E-07
0.83500000000000008,0.15,1.7978799999999998E-08,-6.9372E-09,-1.4E-12,3.2488E-07,-3.3592E-07
0.84000000000000008,0.15,1.8279799999999998E-08,-7.0657E-09,-9.2000000000000012E-13,3.249E-07,-3.3608E-07
0.84500000000000008,0.15,1.85928E-08,-7.1996E-09,-8.9E-13,3.249E-07,-3.3638E-07
0.85000000000000009,0.15,1.89504E-08,-7.3317E-09,-5.7E-13,3.2486E-07,-3.366E-07
0.85500000000000009,0.15,1.92028E-08,-7.4657E-09,-8.7E-13,3.2492E-07,-3.3653999999999997E-07
0.86,0.15,1.9583599999999997E-08,-7.6012E-09,4.0000000000000006E-14,3.249E-07,-3.3695999999999997E-07
0.865,0.15,1.9883199999999998E-08,-7.7369E-09,-6.5000000000000006E-13,3.2492E-07,-3.3692E-07
0.87,0.15,2.01978E-08,-7.8786E-09,-8.4000000000000006E-13,3.2486E-07,-3.3714E-07
0.875,0.15,2.0551399999999998E-08,-8.0149E-09,-5.8000000000000005E-13,3.248E-07,-3.3732E-07
0.88,0.15,2.0886399999999998E-08,-8.1525E-09,-1.09E-12,3.2482E-07,-3.3765999999999997E-07
0.885,0.15,2.1242E-08,-8.3003E-09,-6.8E-13,3.2484E-07,-3.3772E-07
0.89,0.15,2.16456E-08,-8.4441E-09,-8.9E-13,3.2488E-07,-3.3828E-07
0.895,0.15,2.1935599999999997E-08,-8.5869E-09,-1.1100000000000001E-12,3.2482E-07,-3.3816E-07
0.9,0.15,2.2360999999999998E-08,-8.7402E-09,-6.3E-13,3.2488E-07,-3.3852E-07
0,0.3,-5.7654E-09,1.1636E-09,-1.18E-12,3.2518E-07,-3.2102E-07
0.005,0.3,-4.8378E-09,1.0905E-09,3.0000000000000003E-13,3.251E-07,-3.2144E-07
0.01,0.3,-4.4364E-09,1.0297E-09,-6.0000000000000007E-13,3.251E-07,-3.2173999999999997E-07
0.015000000000000001,0.3,-4.0737E-09,9.6641E-10,-9.7000000000000011E-13,3.2498E-07,-3.22E-07
0.02,0.3,-3.6884E-09,9.0874000000000011E-10,-5E-14,3.2506E-07,-3.2226E-07
0.025,0.3,-3.4132E-09,8.5445000000000008E-10,-2.9000000000000003E-13,3.2504E-07,-3.2248E-07
0.030000000000000002,0.3,-3.1698E-09,8.037E-10,-1.04E-12,3.25E-07,-3.2266E-07
0.035,0.3,-2.9542E-09,7.518E-10,-1.3000000000000001E-12,3.2502E-07,-3.2292E-07
0.04,0.3,-2.744E-09,7.0669000000000007E-10,-4E-13,3.2502E-07,-3.2302E-07
0.045000000000000005,0.3,-2.5572E-09,6.6704E-10,-1.0100000000000001E-12,3.2508E-07,-3.2316E-07
0.05,0.3,-2.3789E-09,6.2592E-10,-1.26E-12,3.251E-07,-3.2334E-07
0.055,0.3,-2.2231E-09,5.8794E-10,5.2E-13,3.25E-07,-3.234E-07
0.060000000000000005,0.3,-2.0637E-09,5.5568000000000009E-10,-7.5E-13,3.2504E-07,-3.2348E-07
0.065,0.3,-1.9241E-09,5.2371E-10,-9.5E-13,3.25E-07,-3.2358E-07
0.07,0.3,-1.7962E-09,4.9209E-10,-6.9000000000000009E-13,3.2502E-07,-3.2376E-07
0.075,0.3,-1.663E-09,4.6398000000000004E-10,2.0000000000000003E-14,3.25E-07,-3.238E-07
0.08,0.3,-1.5483E-09,4.4037000000000005E-10,-5.5000000000000008E-13,3.2502E-07,-3.2392E-07
0.085,0.3,-1.4431E-09,4.1521E-10,-1.1600000000000001E-12,3.2498E-07,-3.2398E-07
0.090000000000000011,0.3,-1.3359E-09,3.9092000000000003E-10,9.0000000000000008E-14,3.2502E-07,-3.2406E-07
0.095,0.3,-1.2319E-09,3.7137000000000003E-10,-3.2000000000000005E-13,3.25E-07,-3.2416E-07
0.1,0.3,-1.1292E-09,3.5322000000000005E-10,-6.9000000000000009E-13,3.25E-07,-3.2416E-07
0.10500000000000001,0.3,-1.0442E-09,3.3325E-10,-1.5000000000000002E-13,3.25E-07,-3.243E-07
0.11,0.3,-9.5181E-10,3.1586000000000003E-10,-4.4000000000000004E-13,3.2506E-07,-3.2442E-07
0.115,0.3,-8.540300000000001E-10,3.0152E-10,-9.7000000000000011E-13,3.2504E-07,-3.2448E-07
0.12000000000000001,0.3,-7.794700000000001E-10,2.8424000000000004E-10,-3.7000000000000004E-13,3.2506E-07,-3.2454E-07
0.125,0.3,-6.9562E-10,2.6871E-10,-2.6E-13,3.25E-07,-3.246E-07
0.13,0.3,-6.1161E-10,2.5659000000000004E-10,-9.7000000000000011E-13,3.2504E-07,-3.2466E-07
0.135,0.3,-5.4630000000000007E-10,2.4269E-10,-1.41E-12,3.2504E-07,-3.2474E-07
0.14,0.3,-4.8006E-10,2.2858000000000003E-10,-3.8000000000000005E-13,3.2506E-07,-3.2478E-07
0.14500000000000002,0.3,-4.0357000000000003E-10,2.1754E-10,-9.4E-13,3.2508E-07,-3.2484E-07
0.15,0.3,-3.4056E-10,2.0637E-10,-1.1100000000000001E-12,3.2512E-07,-3.25E-07
0.155,0.3,-2.8184000000000003E-10,1.9516000000000003E-10,-1E-13,3.251E-07,-3.2496E-07
0.16,0.3,-2.0900000000000003E-10,1.8366000000000002E-10,4.0000000000000006E-14,3.2504E-07,-3.2496E-07
0.165,0.3,-1.4359000000000002E-10,1.7678E-10,-2.4000000000000004E-13,3.2506E-07,-3.2508E-07
0.17,0.3,-8.3530000000000008E-11,1.6483000000000001E-10,-2.1000000000000001E-13,3.2512E-07,-3.2516E-07
0.17500000000000002,0.3,-2.425E-11,1.5461000000000002E-10,-3.6000000000000003E-13,3.2492E-07,-3.2516E-07
0.18000000000000002,0.3,4.014E-11,1.48E-10,-5.2E-13,3.2498E-07,-3.2518E-07
0.185,0.3,9.0120000000000008E-11,1.4006E-10,-9.4E-13,3.2504E-07,-3.2518E-07
0.19,0.3,1.4385E-10,1.3004E-10,-1.0000000000000002E-14,3.251E-07,-3.253E-07
0.195,0.3,2.0927000000000002E-10,1.2360000000000002E-10,3.0000000000000003E-13,3.2504E-07,-3.2536E-07
0.2,0.3,2.6569000000000004E-10,1.179E-10,-9.000000000000001E-13,3.2504E-07,-3.2542E-07
0.20500000000000002,0.3,3.0629000000000004E-10,1.0900000000000001E-10,-5.3000000000000006E-13,3.2504E-07,-3.2538E-07
0.21000000000000002,0.3,3.7213000000000004E-10,1.0237E-10,-1.5000000000000002E-13,3.2498E-07,-3.2548E-07
0.215,0.3,4.4797000000000006E-10,9.746E-11,8.0000000000000013E-14,3.2508E-07,-3.2554E-07
0.22,0.3,4.949E-10,9.137E-11,-8.5000000000000011E-13,3.2504E-07,-3.2554E-07
0.225,0.3,5.4133E-10,8.348E-11,3.0000000000000005E-14,3.25E-07,-3.2562E-07
0.23,0.3,6.0730000000000006E-10,7.7850000000000008E-11,3.7000000000000004E-13,3.2498E-07,-3.257E-07
0.23500000000000001,0.3,6.5271E-10,7.5230000000000008E-11,-9.9E-13,3.2498E-07,-3.257E-07
0.24000000000000002,0.3,6.7218E-10,6.758E-11,-4.0000000000000006E-14,3.2508E-07,-3.2574E-07
0.24500000000000002,0.3,6.9564000000000009E-10,6.6E-11,-2.06E-12,3.2502E-07,-3.2576E-07
0.25,0.3,7.3110000000000009E-10,5.692E-11,-6.0000000000000007E-13,3.25E-07,-3.2584E-07
0.255,0.3,7.7922E-10,5.3800000000000004E-11,-8.7E-13,3.25E-07,-3.258E-07
0.26,0.3,8.2275000000000008E-10,4.712E-11,-6.8E-13,3.25E-07,-3.2586E-07
0.265,0.3,8.7633000000000012E-10,4.2590000000000005E-11,-3.5E-13,3.2498E-07,-3.258E-07
0.27,0.3,9.0724000000000006E-10,3.821E-11,-2.5E-13,3.2494E-07,-3.2594E-07
0.275,0.3,9.5197E-10,3.194E-11,-1.7E-13,3.2506E-07,-3.2589999999999997E-07
0.28,0.3,1.0072E-09,2.5920000000000003E-11,7E-13,3.2496E-07,-3.2602E-07
0.28500000000000003,0.3,1.085E-09,2.1310000000000002E-11,6.0000000000000009E-14,3.2498E-07,-3.2602E-07
0.29000000000000004,0.3,1.1419E-09,1.754E-11,-4.6000000000000006E-13,3.2494E-07,-3.2617999999999997E-07
0.29500000000000004,0.3,1.2179E-09,1.0850000000000002E-11,1E-13,3.2504E-07,-3.2622E-07
0.3,0.3,1.2848E-09,4.07E-12,-1.4E-13,3.2496E-07,-3.2624E-07
0.305,0.3,1.3401E-09,7.3E-13,-3.0000000000000003E-13,3.2496E-07,-3.2638E-07
0.31,0.3,1.3943E-09,-4.97E-12,-1.78E-12,3.2502E-07,-3.2631999999999997E-07
0.315,0.3,1.4507E-09,-1.3250000000000001E-11,-3.7000000000000004E-13,3.2502E-07,-3.2642E-07
0.32,0.3,1.5224E-09,-1.8310000000000003E-11,-1.07E-12,3.25E-07,-3.2645999999999997E-07
0.325,0.3,1.574E-09,-2.36E-11,-1.6100000000000002E-12,3.2498E-07,-3.2654E-07
0.33,0.3,1.6224E-09,-3.175E-11,-8.9E-13,3.2496E-07,-3.2654E-07
0.335,0.3,1.6913E-09,-3.8370000000000006E-11,-5E-13,3.249E-07,-3.2656E-07
0.34,0.3,1.7549E-09,-4.451E-11,-5.5000000000000008E-13,3.25E-07,-3.2664E-07
0.34500000000000003,0.3,1.8131E-09,-5.1150000000000006E-11,-7.9000000000000007E-13,3.2494E-07,-3.267E-07
0.35000000000000003,0.3,1.8577E-09,-6.055E-11,-5.6E-13,3.2494E-07,-3.2676E-07
0.35500000000000004,0.3,1.9243E-09,-6.634E-11,-5E-13,3.2496E-07,-3.268E-07
0.36000000000000004,0.3,1.9931E-09,-7.2520000000000012E-11,-1.2900000000000002E-12,3.2496E-07,-3.269E-07
0.365,0.3,2.0407E-09,-8.161E-11,-1.03E-12,3.2504E-07,-3.269E-07
0.37,0.3,2.1047E-09,-9.075000000000001E-11,-2.1000000000000001E-13,3.25E-07,-3.27E-07
0.375,0.3,2.1707E-09,-9.6710000000000008E-11,-1E-13,3.2492E-07,-3.2704E-07
0.38,0.3,2.2258E-09,-1.0457000000000001E-10,-1.6200000000000002E-12,3.2498E-07,-3.2708E-07
0.385,0.3,2.2801E-09,-1.1573000000000001E-10,-1.4E-13,3.2488E-07,-3.271E-07
0.39,0.3,2.351E-09,-1.2317E-10,-6.9000000000000009E-13,3.25E-07,-3.2714E-07
0.395,0.3,2.4147E-09,-1.3001E-10,-1.14E-12,3.2488E-07,-3.272E-07
0.4,0.3,2.4654E-09,-1.4211000000000001E-10,-6.0000000000000007E-13,3.2488E-07,-3.2726E-07
0.405,0.3,2.5279E-09,-1.5085E-10,3.1000000000000004E-13,3.25E-07,-3.2734E-07
0.41000000000000003,0.3,2.5946E-09,-1.5971E-10,-6.0000000000000007E-13,3.2494E-07,-3.2734E-07
0.41500000000000004,0.3,2.664E-09,-1.7008000000000002E-10,-8.8000000000000009E-13,3.2492E-07,-3.2748E-07
0.42000000000000004,0.3,2.7357E-09,-1.8342000000000002E-10,-2.7E-13,3.2492E-07,-3.2754E-07
0.42500000000000004,0.3,2.7959E-09,-1.9202000000000003E-10,-2E-13,3.2494E-07,-3.2756E-07
0.43,0.3,2.8744E-09,-2.0290000000000002E-10,-6.5000000000000006E-13,3.2494E-07,-3.2756E-07
0.435,0.3,2.9277E-09,-2.1715000000000002E-10,-6.6E-13,3.2498E-07,-3.2762E-07
0.44,0.3,2.9979E-09,-2.3021000000000003E-10,-5.3000000000000006E-13,3.2498E-07,-3.2774E-07
0.445,0.3,3.0813E-09,-2.4115000000000004E-10,-1.4E-12,3.2498E-07,-3.278E-07
0.45,0.3,3.1438E-09,-2.5562000000000004E-10,-1.2500000000000001E-12,3.2492E-07,-3.278E-07
0.455,0.3,3.2272E-09,-2.7053E-10,-7.7000000000000005E-13,3.2496E-07,-3.2782E-07
0.46,0.3,3.3124E-09,-2.8379E-10,-8.7E-13,3.2494E-07,-3.2792E-07
0.465,0.3,3.3852E-09,-2.9894E-10,-1.09E-12,3.2486E-07,-3.2798E-07
0.47000000000000003,0.3,3.4537E-09,-3.1618000000000004E-10,-7.100000000000001E-13,3.2492E-07,-3.2813999999999997E-07
0.47500000000000003,0.3,3.5298E-09,-3.3331E-10,-5.5000000000000008E-13,3.2492E-07,-3.2816E-07
0.48000000000000004,0.3,3.6131E-09,-3.4704E-10,-1.4700000000000002E-12,3.2492E-07,-3.282E-07
0.48500000000000004,0.3,3.6992E-09,-3.6687000000000005E-10,-6.0000000000000007E-13,3.2486E-07,-3.2827999999999997E-07
0.49000000000000005,0.3,3.6965E-09,-3.8587000000000003E-10,-5.8000000000000005E-13,3.2494E-07,-3.2826E-07
0.49500000000000005,0.3,3.7894E-09,-4.0279E-10,-1.5000000000000002E-13,3.249E-07,-3.283E-07
0.5,0.3,3.8661E-09,-4.2241000000000004E-10,-1.2000000000000001E-12,3.2488E-07,-3.2838E-07
0.505,0.3,3.9328E-09,-4.4409E-10,-6.3E-13,3.2492E-07,-3.2844E-07
0.51,0.3,4.0343E-09,-4.6557000000000003E-10,-1.9000000000000002E-13,3.2494E-07,-3.2848E-07
0.515,0.3,4.1413E-09,-4.8341E-10,-7.2000000000000006E-13,3.2486E-07,-3.2855999999999997E-07
0.52,0.3,4.2312E-09,-5.0787E-10,-6.8E-13,3.2494E-07,-3.286E-07
0.525,0.3,4.3031E-09,-5.3242E-10,-4.5000000000000005E-13,3.2488E-07,-3.2864E-07
0.53,0.3,4.4076E-09,-5.5480000000000009E-10,-2.6E-13,3.2494E-07,-3.288E-07
0.535,0.3,4.4908E-09,-5.7730000000000006E-10,-8E-13,3.25E-07,-3.2882E-07
0.54,0.3,4.6094E-09,-6.0496E-10,-5.8000000000000005E-13,3.2488E-07,-3.289E-07
0.545,0.3,4.7295E-09,-6.3072000000000007E-10,-1.7E-13,3.2488E-07,-3.29E-07
0.55,0.3,4.8068E-09,-6.5487E-10,-8.2E-13,3.2488E-07,-3.2906E-07
0.555,0.3,4.8939E-09,-6.8318E-10,-9.0000000000000008E-14,3.249E-07,-3.2914E-07
0.56,0.3,5.0263E-09,-7.1087E-10,-5.8000000000000005E-13,3.2494E-07,-3.2914E-07
0.56500000000000006,0.3,5.1144E-09,-7.3940000000000005E-10,-2.4000000000000004E-13,3.2488E-07,-3.2924E-07
0.57000000000000006,0.3,5.2071E-09,-7.6618E-10,-1.22E-12,3.2494E-07,-3.2932E-07
0.57500000000000007,0.3,5.3148E-09,-7.9923E-10,-3.3E-13,3.2486E-07,-3.2936E-07
0.58000000000000007,0.3,5.4515E-09,-8.3056000000000008E-10,1.6000000000000003E-13,3.2492E-07,-3.2953999999999997E-07
0.58500000000000008,0.3,5.5491E-09,-8.5951000000000006E-10,-1.32E-12,3.248E-07,-3.2953999999999997E-07
0.59000000000000008,0.3,5.6705E-09,-8.9383000000000011E-10,-5.8000000000000005E-13,3.2486E-07,-3.2958E-07
0.595,0.3,5.7794E-09,-9.2795000000000009E-10,-3.0000000000000003E-13,3.2488E-07,-3.2966E-07
0.6,0.3,5.9004E-09,-9.6106E-10,-6.8E-13,3.2486E-07,-3.2981999999999997E-07
0.605,0.3,6.0246E-09,-9.9429E-10,-1.7600000000000002E-12,3.2486E-07,-3.2994E-07
0.61,0.3,6.1351E-09,-1.0318500000000001E-09,-5.3000000000000006E-13,3.2492E-07,-3.3006E-07
0.615,0.3,6.2955E-09,-1.06865E-09,-4.8000000000000008E-13,3.2494E-07,-3.3008E-07
0.62,0.3,6.4448E-09,-1.10565E-09,-9.5E-13,3.2486E-07,-3.3018E-07
0.625,0.3,6.5316E-09,-1.1447700000000002E-09,-1.17E-12,3.2492E-07,-3.3023999999999997E-07
0.63,0.3,6.6544E-09,-1.1835E-09,-1.3800000000000002E-12,3.248E-07,-3.3023999999999997E-07
0.635,0.3,6.7838E-09,-1.2259E-09,-2.0000000000000003E-14,3.2488E-07,-3.3042E-07
0.64,0.3,6.9183E-09,-1.2659E-09,-7.7000000000000005E-13,3.248E-07,-3.305E-07
0.645,0.3,7.0393E-09,-1.3069E-09,-9.2000000000000012E-13,3.2492E-07,-3.3065999999999997E-07
0.65,0.3,7.1794E-09,-1.3516E-09,-1.13E-12,3.2492E-07,-3.3076E-07
0.655,0.3,7.3216E-09,-1.3959E-09,-2.4000000000000004E-13,3.249E-07,-3.3082E-07
0.66,0.3,7.4994E-09,-1.4383E-09,-4E-13,3.2492E-07,-3.3086E-07
0.665,0.3,7.673E-09,-1.484E-09,-1.08E-12,3.2492E-07,-3.3112E-07
0.67,0.3,7.8258E-09,-1.5321E-09,2.0000000000000003E-14,3.248E-07,-3.3114E-07
0.675,0.3,7.9644E-09,-1.5795E-09,2.5E-13,3.2492E-07,-3.3132E-07
0.68,0.3,8.1083E-09,-1.6262E-09,-7.5E-13,3.2492E-07,-3.3138E-07
0.685,0.3,8.2538E-09,-1.6786E-09,-1.3000000000000001E-12,3.2492E-07,-3.3156E-07
0.69000000000000006,0.3,8.4165E-09,-1.7292E-09,-8.4000000000000006E-13,3.2488E-07,-3.3152E-07
0.69500000000000006,0.3,8.5522E-09,-1.7796E-09,-7.3E-13,3.2482E-07,-3.3158E-07
0.70000000000000007,0.3,8.7306E-09,-1.8327E-09,-2.21E-12,3.2492E-07,-3.3182E-07
0.70500000000000007,0.3,8.9786E-09,-1.8878E-09,-9.8E-13,3.249E-07,-3.3186E-07
0.71000000000000008,0.3,9.0862E-09,-1.9435E-09,-1.1000000000000001E-13,3.249E-07,-3.3205999999999997E-07
0.71500000000000008,0.3,9.2141E-09,-1.996E-09,-8.4000000000000006E-13,3.2486E-07,-3.3208E-07
0.72000000000000008,0.3,9.4568E-09,-2.0534E-09,-8.7E-13,3.2494E-07,-3.3222E-07
0.72500000000000009,0.3,9.5667E-09,-2.1148E-09,-3.0000000000000005E-14,3.2494E-07,-3.3238E-07
0.73,0.3,9.8041E-09,-2.1718E-09,-1E-13,3.2492E-07,-3.3256E-07
0.735,0.3,9.949E-09,-2.2299E-09,-1.3800000000000002E-12,3.2494E-07,-3.3264E-07
0.74,0.3,1.01569E-08,-2.2925E-09,-1.17E-12,3.2494E-07,-3.3288E-07
0.745,0.3,1.03676E-08,-2.3571E-09,-7E-14,3.2496E-07,-3.3296E-07
0.75,0.3,1.05419E-08,-2.4186E-09,-4.0000000000000006E-14,3.2494E-07,-3.3302E-07
0.755,0.3,1.07835E-08,-2.4812E-09,-1.1600000000000001E-12,3.2496E-07,-3.333E-07
0.76,0.3,1.09434E-08,-2.551E-09,-2.4000000000000004E-13,3.2502E-07,-3.3336E-07
0.765,0.3,1.11759E-08,-2.6152E-09,2.0000000000000003E-14,3.2492E-07,-3.3352E-07
0.77,0.3,1.13274E-08,-2.6857E-09,1.6000000000000003E-13,3.2488E-07,-3.3356E-07
0.775,0.3,1.1586799999999999E-08,-2.7545E-09,-6.2000000000000008E-13,3.2496E-07,-3.3368E-07
0.78,0.3,1.1848999999999999E-08,-2.823E-09,1.8000000000000002E-13,3.2492E-07,-3.3387999999999997E-07
0.785,0.3,1.2138E-08,-2.8947E-09,-2.7E-13,3.249E-07,-3.3401999999999997E-07
0.79,0.3,1.2321399999999998E-08,-2.965E-09,-1.12E-12,3.2492E-07,-3.3408E-07
0.795,0.3,1.2541999999999999E-08,-3.041E-09,-1.21E-12,3.2476E-07,-3.3426E-07
0.8,0.3,1.27234E-08,-3.1155E-09,-1.32E-12,3.2486E-07,-3.3438E-07
0.805,0.3,1.3032399999999999E-08,-3.1917E-09,-7.8000000000000011E-13,3.2488E-07,-3.348E-07
0.81,0.3,1.3283999999999998E-08,-3.2695E-09,-1.27E-12,3.2488E-07,-3.3474E-07
0.81500000000000006,0.3,1.34898E-08,-3.3496E-09,-1.3000000000000001E-12,3.2482E-07,-3.3485999999999997E-07
0.82000000000000006,0.3,1.37214E-08,-3.4288E-09,-4.5000000000000005E-13,3.2484E-07,-3.3508E-07
0.82500000000000007,0.3,1.3971399999999998E-08,-3.5116E-09,-2.2000000000000002E-13,3.2484E-07,-3.3522E-07
0.83000000000000007,0.3,1.42364E-08,-3.5941E-09,-1E-13,3.248E-07,-3.3534E-07
0.83500000000000008,0.3,1.4512799999999998E-08,-3.6767E-09,-2.3000000000000003E-13,3.248E-07,-3.356E-07
0.84000000000000008,0.3,1.4805999999999999E-08,-3.7593E-09,-1.22E-12,3.248E-07,-3.3588E-07
0.84500000000000008,0.3,1.5050399999999998E-08,-3.8479E-09,-8.6000000000000007E-13,3.248E-07,-3.3596E-07
0.85000000000000009,0.3,1.5340999999999998E-08,-3.9352E-09,-6.7000000000000007E-13,3.249E-07,-3.361E-07
0.85500000000000009,0.3,1.5543599999999998E-08,-4.0235E-09,-1.45E-12,3.2484E-07,-3.3639999999999997E-07
0.86,0.3,1.5841999999999997E-08,-4.1139E-09,-4E-13,3.2486E-07,-3.3644E-07
0.865,0.3,1.61224E-08,-4.2074E-09,-1.1100000000000001E-12,3.2484E-07,-3.367E-07
0.87,0.3,1.63934E-08,-4.3E-09,-8.6000000000000007E-13,3.2482E-07,-3.3681999999999997E-07
0.875,0.3,1.6687999999999997E-08,-4.3941E-09,-1.7E-13,3.2486E-07,-3.3728E-07
0.88,0.3,1.70354E-08,-4.4892E-09,-1.03E-12,3.248E-07,-3.3742E-07
0.885,0.3,1.7311599999999998E-08,-4.5873E-09,-5.9E-13,3.2482E-07,-3.3744E-07
0.89,0.3,1.7713799999999998E-08,-4.686E-09,-2.1000000000000001E-13,3.2488E-07,-3.3778E-07
0.895,0.3,1.7896999999999998E-08,-4.7842E-09,-3.2000000000000005E-13,3.2484E-07,-3.3784E-07
0.9,0.3,1.83E-08,-4.886E-09,-1.4400000000000001E-12,3.2484E-07,-3.3807999999999997E-07
0,0.45,-1.0781599999999998E-08,5.9489E-09,3.7000000000000004E-13,3.251E-07,-3.2082E-07
0.005,0.45,-9.5747999999999988E-09,5.6457E-09,1.8000000000000002E-13,3.2502E-07,-3.212E-07
0.01,0.45,-8.9363E-09,5.3663E-09,-7.100000000000001E-13,3.251E-07,-3.2159999999999997E-07
0.015000000000000001,0.45,-8.3599E-09,5.0915E-09,-6.7000000000000007E-13,3.2508E-07,-3.2186E-07
0.02,0.45,-7.8386E-09,4.8409E-09,-2.1000000000000001E-13,3.2506E-07,-3.2208E-07
0.025,0.45,-7.359E-09,4.5847E-09,-3.4E-13,3.2516E-07,-3.2242E-07
0.030000000000000002,0.45,-6.9097E-09,4.3482E-09,-2.5E-13,3.2498E-07,-3.2243999999999997E-07
0.035,0.45,-6.4996E-09,4.1185E-09,-6.8E-13,3.2498E-07,-3.2262E-07
0.04,0.45,-6.1113E-09,3.9006E-09,-2.7E-13,3.2494E-07,-3.2278E-07
0.045000000000000005,0.45,-5.745E-09,3.6913E-09,-2.5E-13,3.2502E-07,-3.2299999999999997E-07
0.05,0.45,-5.4019E-09,3.4943E-09,-4E-13,3.2508E-07,-3.2322E-07
0.055,0.45,-5.0876E-09,3.3075E-09,-1.4E-12,3.2504E-07,-3.2332E-07
0.060000000000000005,0.45,-4.7847E-09,3.1276E-09,2.0000000000000003E-14,3.2504E-07,-3.2338E-07
0.065,0.45,-4.4944E-09,2.9586E-09,-2.3000000000000003E-13,3.2504E-07,-3.2355999999999997E-07
0.07,0.45,-4.2228E-09,2.7978E-09,-1.27E-12,3.251E-07,-3.2364E-07
0.075,0.45,-3.9722E-09,2.6435E-09,-6.7000000000000007E-13,3.25E-07,-3.2372E-07
0.08,0.45,-3.7257E-09,2.4965E-09,-9.5E-13,3.2504E-07,-3.2378E-07
0.085,0.45,-3.4834E-09,2.3585E-09,-2.7E-13,3.2504E-07,-3.2394E-07
0.090000000000000011,0.45,-3.2730999999999998E-09,2.2254E-09,-3.5E-13,3.25E-07,-3.2398E-07
0.095,0.45,-3.0731E-09,2.0994E-09,1.2500000000000001E-12,3.25E-07,-3.2402E-07
0.1,0.45,-2.8616E-09,1.981E-09,1E-13,3.25E-07,-3.2416E-07
0.10500000000000001,0.45,-2.6723E-09,1.871E-09,-8.1000000000000008E-13,3.2496E-07,-3.242E-07
0.11,0.45,-2.4933E-09,1.7626E-09,-1.26E-12,3.2504E-07,-3.2428E-07
0.115,0.45,-2.3243E-09,1.6602E-09,-3.9000000000000005E-13,3.2498E-07,-3.2428E-07
0.12000000000000001,0.45,-2.152E-09,1.5669E-09,-5.7E-13,3.2504E-07,-3.2436E-07
0.125,0.45,-1.9955E-09,1.4781E-09,-1.6200000000000002E-12,3.2496E-07,-3.245E-07
0.13,0.45,-1.8572E-09,1.3905E-09,-5.3000000000000006E-13,3.2504E-07,-3.2452E-07
0.135,0.45,-1.7055E-09,1.31E-09,4E-13,3.2496E-07,-3.2458E-07
0.14,0.45,-1.5597E-09,1.2338E-09,-9.2000000000000012E-13,3.2504E-07,-3.247E-07
0.14500000000000002,0.45,-1.4311E-09,1.1603E-09,-1.12E-12,3.2498E-07,-3.2476E-07
0.15,0.45,-1.3056E-09,1.0896E-09,-4.0000000000000006E-14,3.2506E-07,-3.2482E-07
0.155,0.45,-1.1815E-09,1.0236E-09,4.8000000000000008E-13,3.2492E-07,-3.2476E-07
0.16,0.45,-1.0645E-09,9.6678E-10,-8.6000000000000007E-13,3.2494E-07,-3.2478E-07
0.165,0.45,-9.6478E-10,9.0348000000000007E-10,-6.0000000000000009E-14,3.2498E-07,-3.249E-07
0.17,0.45,-8.4836000000000006E-10,8.5237E-10,-2.2000000000000002E-13,3.25E-07,-3.2496E-07
0.17500000000000002,0.45,-7.4393E-10,8.0023E-10,-4.9E-13,3.25E-07,-3.2496E-07
0.18000000000000002,0.45,-6.5245000000000006E-10,7.5252000000000011E-10,-4.8000000000000008E-13,3.2492E-07,-3.25E-07
0.185,0.45,-5.4696E-10,7.0689E-10,-1.3E-13,3.2494E-07,-3.2512E-07
0.19,0.45,-4.5516000000000006E-10,6.6836000000000006E-10,-1.9000000000000002E-13,3.2498E-07,-3.2512E-07
0.195,0.45,-3.6137E-10,6.268E-10,-2.2000000000000002E-13,3.2488E-07,-3.2522E-07
0.2,0.45,-2.7059000000000004E-10,5.9062000000000008E-10,3.1000000000000004E-13,3.2492E-07,-3.2524E-07
0.20500000000000002,0.45,-1.8138000000000002E-10,5.5903000000000008E-10,-7.2000000000000006E-13,3.2492E-07,-3.252E-07
0.21000000000000002,0.45,-1.0924E-10,5.2878E-10,-7.9000000000000007E-13,3.2492E-07,-3.2532E-07
0.215,0.45,-4.1140000000000006E-11,4.9678E-10,-6.6E-13,3.2494E-07,-3.2538E-07
0.22,0.45,3.9050000000000003E-11,4.7142E-10,-4.1E-13,3.249E-07,-3.2542E-07
0.225,0.45,1.1348E-10,4.4716000000000004E-10,-1.41E-12,3.2492E-07,-3.2548E-07
0.23,0.45,1.7836000000000002E-10,4.2267000000000005E-10,-4.1E-13,3.2498E-07,-3.255E-07
0.23500000000000001,0.45,2.5607000000000003E-10,3.9999000000000003E-10,-9.0000000000000008E-14,3.2498E-07,-3.2562E-07
0.24000000000000002,0.45,3.2863000000000003E-10,3.8127E-10,-1.23E-12,3.2496E-07,-3.2566E-07
0.24500000000000002,0.45,3.9648E-10,3.6096E-10,-9.6000000000000015E-13,3.2492E-07,-3.257E-07
0.25,0.45,4.6407000000000003E-10,3.4076E-10,-2.9000000000000003E-13,3.25E-07,-3.258E-07
0.255,0.45,5.2952E-10,3.2442E-10,-1.41E-12,3.2498E-07,-3.2576E-07
0.26,0.45,5.9277E-10,3.0948E-10,-1.37E-12,3.2492E-07,-3.2584E-07
0.265,0.45,6.4984E-10,2.9204E-10,-9.000000000000001E-13,3.2484E-07,-3.2584E-07
0.27,0.45,7.0378E-10,2.7631E-10,-4.0000000000000006E-14,3.2502E-07,-3.2596E-07
0.275,0.45,7.3369000000000008E-10,2.6428000000000004E-10,-7.9000000000000007E-13,3.2496E-07,-3.2589999999999997E-07
0.28,0.45,7.6694E-10,2.4896000000000004E-10,1.32E-12,3.25E-07,-3.2602E-07
0.28500000000000003,0.45,8.1981000000000009E-10,2.4011E-10,-9.5E-13,3.2502E-07,-3.261E-07
0.29000000000000004,0.45,8.5986000000000007E-10,2.2457E-10,-5.4E-13,3.2492E-07,-3.2596E-07
0.29500000000000004,0.45,9.1149E-10,2.1420000000000002E-10,-2.6E-13,3.2494E-07,-3.2602E-07
0.3,0.45,9.5177000000000012E-10,2.0322000000000002E-10,-1.08E-12,3.2498E-07,-3.2608E-07
0.305,0.45,1.0116E-09,1.9174000000000003E-10,-1.0100000000000001E-12,3.2498E-07,-3.2614E-07
0.31,0.45,1.1031E-09,1.8173E-10,-1.1000000000000001E-13,3.25E-07,-3.2628E-07
0.315,0.45,1.1832E-09,1.7422000000000002E-10,-6.1E-13,3.2496E-07,-3.2631999999999997E-07
0.32,0.45,1.2338E-09,1.6451E-10,-1.3500000000000001E-12,3.2494E-07,-3.2638E-07
0.325,0.45,1.2989E-09,1.5377E-10,-7E-14,3.2498E-07,-3.2642E-07
0.33,0.45,1.3721E-09,1.4683E-10,2.9000000000000003E-13,3.25E-07,-3.2642E-07
0.335,0.45,1.4303E-09,1.395E-10,-1.14E-12,3.2498E-07,-3.2662E-07
0.34,0.45,1.4891E-09,1.2979E-10,-6.400000000000001E-13,3.2502E-07,-3.2656E-07
0.34500000000000003,0.45,1.5621E-09,1.2328E-10,7E-14,3.2498E-07,-3.2673999999999997E-07
0.35000000000000003,0.45,1.6298E-09,1.1691000000000001E-10,-1.1900000000000002E-12,3.2496E-07,-3.2668E-07
0.35500000000000004,0.45,1.6782E-09,1.1090000000000001E-10,-1.0500000000000002E-12,3.2498E-07,-3.2678E-07
0.36000000000000004,0.45,1.74E-09,1.0282000000000001E-10,6.7000000000000007E-13,3.2496E-07,-3.268E-07
0.365,0.45,1.8152E-09,9.813E-11,1E-13,3.2494E-07,-3.2682E-07
0.37,0.45,1.8734E-09,9.3E-11,-1.3300000000000002E-12,3.2494E-07,-3.2686E-07
0.375,0.45,1.8771E-09,8.5100000000000009E-11,1.5000000000000002E-13,3.249E-07,-3.269E-07
0.38,0.45,1.9392E-09,8.031E-11,1.4E-13,3.2492E-07,-3.2698E-07
0.385,0.45,2.0114E-09,7.699000000000001E-11,-1.3900000000000001E-12,3.2492E-07,-3.2698E-07
0.39,0.45,2.063E-09,7.028E-11,-8.6000000000000007E-13,3.2492E-07,-3.2708E-07
0.395,0.45,2.117E-09,6.416E-11,-9.3E-13,3.2488E-07,-3.2698E-07
0.4,0.45,2.1803E-09,6.043E-11,-9.6000000000000015E-13,3.2494E-07,-3.2715999999999997E-07
0.405,0.45,2.2487E-09,5.754E-11,-1.23E-12,3.2488E-07,-3.2715999999999997E-07
0.41000000000000003,0.45,2.3046E-09,4.9480000000000006E-11,-1.3500000000000001E-12,3.2492E-07,-3.2726E-07
0.41500000000000004,0.45,2.3743E-09,4.537E-11,1E-13,3.2488E-07,-3.2729999999999997E-07
0.42000000000000004,0.45,2.4428E-09,4.253E-11,-1.2500000000000001E-12,3.2488E-07,-3.2734E-07
0.42500000000000004,0.45,2.4901E-09,3.6870000000000004E-11,-1.3400000000000002E-12,3.2486E-07,-3.2738E-07
0.43,0.45,2.5551E-09,2.9220000000000004E-11,-3.9000000000000005E-13,3.2496E-07,-3.2752E-07
0.435,0.45,2.6376E-09,2.6900000000000002E-11,-3.0000000000000003E-13,3.2482E-07,-3.275E-07
0.44,0.45,2.6954E-09,2.1400000000000002E-11,-1.5300000000000001E-12,3.2488E-07,-3.2752E-07
0.445,0.45,2.7578E-09,1.524E-11,-6.3E-13,3.2486E-07,-3.2764E-07
0.45,0.45,2.8185E-09,9.9300000000000015E-12,-2.5E-13,3.2494E-07,-3.2768E-07
0.455,0.45,2.899E-09,6.4200000000000005E-12,-1.02E-12,3.249E-07,-3.2784E-07
0.46,0.45,2.9536E-09,7.7000000000000005E-13,-1.07E-12,3.2488E-07,-3.2785999999999997E-07
0.465,0.45,3.0258E-09,-5.7200000000000007E-12,-5.1E-13,3.2494E-07,-3.2799999999999997E-07
0.47000000000000003,0.45,3.0987E-09,-1.096E-11,-7.100000000000001E-13,3.2486E-07,-3.2799999999999997E-07
0.47500000000000003,0.45,3.1676E-09,-1.566E-11,-4.2000000000000003E-13,3.2494E-07,-3.2808E-07
0.48000000000000004,0.45,3.2396E-09,-2.2550000000000002E-11,-7.6000000000000009E-13,3.249E-07,-3.2812E-07
0.48500000000000004,0.45,3.3204E-09,-2.9000000000000003E-11,3.3E-13,3.2492E-07,-3.2812E-07
0.49000000000000005,0.45,3.3706E-09,-3.1950000000000003E-11,-9.4E-13,3.2484E-07,-3.282E-07
0.49500000000000005,0.45,3.4501E-09,-3.9640000000000005E-11,-4.0000000000000006E-14,3.2488E-07,-3.283E-07
0.5,0.45,3.5307E-09,-4.6130000000000006E-11,-2.5E-13,3.2486E-07,-3.2834E-07
0.505,0.45,3.6015E-09,-5.025E-11,-1E-12,3.2494E-07,-3.2848E-07
0.51,0.45,3.6919E-09,-5.656E-11,-1.32E-12,3.249E-07,-3.2855999999999997E-07
0.515,0.45,3.745E-09,-6.5270000000000011E-11,-4.3000000000000004E-13,3.2492E-07,-3.2854E-07
0.52,0.45,3.8304E-09,-7.1390000000000011E-11,-1.9000000000000002E-13,3.2486E-07,-3.2858E-07
0.525,0.45,3.8862E-09,-7.623E-11,-1.4E-12,3.249E-07,-3.2868E-07
0.53,0.45,3.9634E-09,-8.6590000000000008E-11,-8.7E-13,3.249E-07,-3.2874E-07
0.535,0.45,4.0621E-09,-9.4770000000000012E-11,1.6000000000000003E-13,3.2486E-07,-3.2882E-07
0.54,0.45,4.149E-09,-1.0057000000000001E-10,-7.100000000000001E-13,3.2488E-07,-3.289E-07
0.545,0.45,4.2083E-09,-1.0765000000000001E-10,-6.7000000000000007E-13,3.2484E-07,-3.2906E-07
0.55,0.45,4.3095E-09,-1.1947E-10,-3.8000000000000005E-13,3.2486E-07,-3.29E-07
0.555,0.45,4.3889E-09,-1.276E-10,2.0000000000000003E-14,3.2482E-07,-3.2914E-07
0.56,0.45,4.4678E-09,-1.3515000000000002E-10,-1.7000000000000002E-12,3.2492E-07,-3.2924E-07
0.56500000000000006,0.45,4.5832E-09,-1.4719E-10,-3.9000000000000005E-13,3.2486E-07,-3.2932E-07
0.57000000000000006,0.45,4.6553E-09,-1.5843000000000002E-10,2.8E-13,3.248E-07,-3.2932E-07
0.57500000000000007,0.45,4.7432E-09,-1.6727E-10,-3.6000000000000003E-13,3.2488E-07,-3.2946E-07
0.58000000000000007,0.45,4.8172E-09,-1.7967E-10,-7.9000000000000007E-13,3.2486E-07,-3.2948E-07
0.58500000000000008,0.45,4.9186E-09,-1.9238E-10,-7E-13,3.249E-07,-3.2958E-07
0.59000000000000008,0.45,5.0089E-09,-2.0438000000000002E-10,-1.7E-13,3.2488E-07,-3.2972E-07
0.595,0.45,5.1221E-09,-2.1524000000000002E-10,-8.2E-13,3.248E-07,-3.2974E-07
0.6,0.45,5.2046E-09,-2.3022E-10,-5.3000000000000006E-13,3.2484E-07,-3.298E-07
0.605,0.45,5.3158E-09,-2.454E-10,-3.1000000000000004E-13,3.2482E-07,-3.2998E-07
0.61,0.45,5.4E-09,-2.5873E-10,-4.9E-13,3.248E-07,-3.3006E-07
0.615,0.45,5.5012E-09,-2.7364E-10,-7.2000000000000006E-13,3.2484E-07,-3.3006E-07
0.62,0.45,5.6349E-09,-2.9127E-10,-9.1000000000000016E-13,3.249E-07,-3.3018E-07
0.625,0.45,5.7686E-09,-3.0678E-10,1E-13,3.2486E-07,-3.3022E-07
0.63,0.45,5.8214E-09,-3.2203E-10,-1.04E-12,3.2482E-07,-3.3032E-07
0.635,0.45,5.9307E-09,-3.4057000000000005E-10,-1.1900000000000002E-12,3.2492E-07,-3.3048E-07
0.64,0.45,6.0311E-09,-3.5967E-10,-5E-13,3.249E-07,-3.306E-07
0.645,0.45,6.1685E-09,-3.7672E-10,-3.0000000000000003E-13,3.2488E-07,-3.306E-07
0.65,0.45,6.3321E-09,-3.9475E-10,-1.3500000000000001E-12,3.2496E-07,-3.3084E-07
0.655,0.45,6.4249E-09,-4.17E-10,-2.2000000000000002E-13,3.2482E-07,-3.3078E-07
0.66,0.45,6.5659E-09,-4.371E-10,2.4000000000000004E-13,3.2492E-07,-3.3098E-07
0.665,0.45,6.6286E-09,-4.5624E-10,-4.7E-13,3.2492E-07,-3.3114E-07
0.67,0.45,6.8065E-09,-4.7958E-10,-6.7000000000000007E-13,3.249E-07,-3.3116E-07
0.675,0.45,6.9489E-09,-5.0362000000000007E-10,-5E-13,3.2492E-07,-3.3126E-07
0.68,0.45,7.0055E-09,-5.2456E-10,-3.4E-13,3.248E-07,-3.314E-07
0.685,0.45,7.1449E-09,-5.4765000000000007E-10,-9.8E-13,3.2476E-07,-3.3132E-07
0.69000000000000006,0.45,7.2608E-09,-5.7393E-10,-7E-13,3.2482E-07,-3.3158E-07
0.69500000000000006,0.45,7.4462E-09,-5.9946E-10,-4.3000000000000004E-13,3.2478E-07,-3.3172E-07
0.70000000000000007,0.45,7.5321E-09,-6.2378000000000009E-10,-6.1E-13,3.2478E-07,-3.3177999999999997E-07
0.70500000000000007,0.45,7.7473E-09,-6.5152E-10,-1.09E-12,3.2488E-07,-3.3182E-07
0.71000000000000008,0.45,7.8447E-09,-6.807800000000001E-10,-6.0000000000000009E-14,3.248E-07,-3.3194E-07
0.71500000000000008,0.45,7.9895E-09,-7.0649E-10,-1.3400000000000002E-12,3.2486E-07,-3.321E-07
0.72000000000000008,0.45,8.1031E-09,-7.3496E-10,-6.8E-13,3.249E-07,-3.3222E-07
0.72500000000000009,0.45,8.3108E-09,-7.6725E-10,-1.1100000000000001E-12,3.248E-07,-3.3233999999999997E-07
0.73,0.45,8.4349E-09,-7.9623E-10,-5.1E-13,3.2486E-07,-3.3242E-07
0.735,0.45,8.6375E-09,-8.2622000000000007E-10,-5.8000000000000005E-13,3.2482E-07,-3.3258E-07
0.74,0.45,8.7672E-09,-8.5913000000000011E-10,-1.27E-12,3.2484E-07,-3.3274E-07
0.745,0.45,8.9175E-09,-8.9375E-10,-2.5E-13,3.2486E-07,-3.3292E-07
0.75,0.45,9.068E-09,-9.2596000000000008E-10,-2.3000000000000003E-13,3.248E-07,-3.3302E-07
0.755,0.45,9.249E-09,-9.6028000000000012E-10,-1.5700000000000002E-12,3.2482E-07,-3.3314E-07
0.76,0.45,9.4766E-09,-9.9957E-10,-2.2000000000000002E-13,3.2484E-07,-3.3324E-07
0.765,0.45,9.562E-09,-1.0338100000000002E-09,-5.8000000000000005E-13,3.248E-07,-3.333E-07
0.77,0.45,9.8118E-09,-1.0706200000000002E-09,-8.300000000000001E-13,3.2482E-07,-3.3344E-07
0.775,0.45,9.8912E-09,-1.10792E-09,-5.8000000000000005E-13,3.2484E-07,-3.3373999999999997E-07
0.78,0.45,1.00639E-08,-1.147E-09,-1.31E-12,3.2482E-07,-3.3378E-07
0.785,0.45,1.03113E-08,-1.1871E-09,-1.02E-12,3.2488E-07,-3.3401999999999997E-07
0.79,0.45,1.04598E-08,-1.2294E-09,5.6E-13,3.249E-07,-3.3398E-07
0.795,0.45,1.06007E-08,-1.2699E-09,-9.2000000000000012E-13,3.2484E-07,-3.3412E-07
0.8,0.45,1.08071E-08,-1.3113E-09,-9.5E-13,3.2488E-07,-3.3436E-07
0.805,0.45,1.10045E-08,-1.3576E-09,-1.22E-12,3.2486E-07,-3.3443999999999997E-07
0.81,0.45,1.11659E-08,-1.4016E-09,4.5000000000000005E-13,3.2484E-07,-3.3471999999999997E-07
0.81500000000000006,0.45,1.1413599999999999E-08,-1.447E-09,-8.2E-13,3.248E-07,-3.348E-07
0.82000000000000006,0.45,1.1643399999999999E-08,-1.4918E-09,-7.8000000000000011E-13,3.248E-07,-3.3498E-07
0.82500000000000007,0.45,1.1902399999999998E-08,-1.5396E-09,-4.9E-13,3.2484E-07,-3.3512E-07
0.83000000000000007,0.45,1.2077399999999998E-08,-1.5864E-09,-1.17E-12,3.248E-07,-3.3526E-07
0.83500000000000008,0.45,1.2322599999999999E-08,-1.6357E-09,-1.4900000000000001E-12,3.248E-07,-3.3538E-07
0.84000000000000008,0.45,1.2556399999999999E-08,-1.6862E-09,-1.21E-12,3.2476E-07,-3.3578E-07
0.84500000000000008,0.45,1.3034599999999999E-08,-1.7392E-09,-4.2000000000000003E-13,3.2482E-07,-3.3596E-07
0.85000000000000009,0.45,1.3225199999999999E-08,-1.7903E-09,-9.000000000000001E-13,3.2472E-07,-3.3614E-07
0.85500000000000009,0.45,1.3524199999999998E-08,-1.8451E-09,-2.7E-13,3.2476E-07,-3.3644E-07
0.86,0.45,1.3816999999999999E-08,-1.8988E-09,-7.3E-13,3.2478E-07,-3.3667999999999997E-07
0.865,0.45,1.3975E-08,-1.9526E-09,-6.7000000000000007E-13,3.2486E-07,-3.3681999999999997E-07
0.87,0.45,1.4230999999999999E-08,-2.0096E-09,-2.7E-13,3.2498E-07,-3.3704E-07
0.875,0.45,1.45682E-08,-2.066E-09,-1.4E-12,3.248E-07,-3.3736E-07
0.88,0.45,1.4697599999999999E-08,-2.1247E-09,-1.37E-12,3.248E-07,-3.3737999999999997E-07
0.885,0.45,1.50382E-08,-2.1834E-09,-5.4E-13,3.2484E-07,-3.376E-07
0.89,0.45,1.5310999999999997E-08,-2.2456E-09,-1.5700000000000002E-12,3.2484E-07,-3.3784E-07
0.895,0.45,1.54598E-08,-2.306E-09,-1.07E-12,3.2492E-07,-3.3793999999999997E-07
0.9,0.45,1.57158E-08,-2.371E-09,-4.8000000000000008E-13,3.248E-07,-3.3834E-07
0,0.6,-2.84184E-08,2.3039599999999998E-08,-6.7000000000000007E-13,3.2504E-07,-3.2022E-07
0.005,0.6,-2.6693799999999996E-08,2.20702E-08,-4.7E-13,3.2508E-07,-3.2058E-07
0.01,0.6,-2.5418399999999998E-08,2.1120799999999997E-08,-3.0000000000000005E-14,3.2506E-07,-3.2078E-07
0.015000000000000001,0.6,-2.42328E-08,2.02224E-08,1.1000000000000001E-13,3.2504E-07,-3.2114E-07
0.02,0.6,-2.3106E-08,1.93628E-08,3.1000000000000004E-13,3.2498E-07,-3.2128E-07
0.025,0.6,-2.2027199999999997E-08,1.852E-08,5.8000000000000005E-13,3.2496E-07,-3.2144E-07
0.030000000000000002,0.6,-2.10246E-08,1.7719599999999997E-08,-1.7E-13,3.25E-07,-3.217E-07
0.035,0.6,-2.0057999999999997E-08,1.69736E-08,1.5000000000000002E-13,3.2502E-07,-3.2184E-07
0.04,0.6,-1.91508E-08,1.624E-08,1E-13,3.2492E-07,-3.2201999999999997E-07
0.045000000000000005,0.6,-1.8252999999999998E-08,1.5517999999999997E-08,-2.0000000000000003E-14,3.2492E-07,-3.222E-07
0.05,0.6,-1.7415799999999998E-08,1.48296E-08,5.7E-13,3.2496E-07,-3.224E-07
0.055,0.6,-1.66022E-08,1.4164999999999998E-08,1.1000000000000001E-13,3.2498E-07,-3.225E-07
0.060000000000000005,0.6,-1.5847E-08,1.3558799999999998E-08,2.2000000000000002E-13,3.2494E-07,-3.2268E-07
0.065,0.6,-1.51126E-08,1.2939199999999999E-08,3.1000000000000004E-13,3.2496E-07,-3.228E-07
0.07,0.6,-1.44062E-08,1.23596E-08,-5.4E-13,3.2496E-07,-3.2288E-07
0.075,0.6,-1.37318E-08,1.1801E-08,3.9000000000000005E-13,3.2494E-07,-3.2304E-07
0.08,0.6,-1.30738E-08,1.1264199999999998E-08,-4.1E-13,3.2502E-07,-3.232E-07
0.085,0.6,-1.2455799999999998E-08,1.0757799999999999E-08,-5.3000000000000006E-13,3.25E-07,-3.2327999999999997E-07
0.090000000000000011,0.6,-1.18602E-08,1.0250199999999998E-08,-9.3E-13,3.2506E-07,-3.234E-07
0.095,0.6,-1.12834E-08,9.7689E-09,-7.5E-13,3.2498E-07,-3.2348E-07
0.1,0.6,-1.0714199999999998E-08,9.304E-09,-4.7E-13,3.25E-07,-3.2355999999999997E-07
0.10500000000000001,0.6,-1.018E-08,8.8756E-09,-2.4000000000000004E-13,3.25E-07,-3.2368E-07
0.11,0.6,-9.6797999999999988E-09,8.4499E-09,-5.3000000000000006E-13,3.25E-07,-3.2378E-07
0.115,0.6,-9.203E-09,8.0459E-09,-1.46E-12,3.25E-07,-3.2384E-07
0.12000000000000001,0.6,-8.7168E-09,7.6531E-09,-8.7E-13,3.2498E-07,-3.239E-07
0.125,0.6,-8.254E-09,7.2842E-09,3.4E-13,3.25E-07,-3.2404E-07
0.13,0.6,-7.8165E-09,6.9326E-09,-8.7E-13,3.2494E-07,-3.2408E-07
0.135,0.6,-7.3903E-09,6.5883E-09,-3.2000000000000005E-13,3.2504E-07,-3.2416E-07
0.14,0.6,-6.9822E-09,6.257E-09,-1.9000000000000002E-13,3.2494E-07,-3.2426E-07
0.14500000000000002,0.6,-6.5875E-09,5.9554E-09,5E-14,3.2494E-07,-3.2434E-07
0.15,0.6,-6.2194E-09,5.6474E-09,-5.7E-13,3.249E-07,-3.2434E-07
0.155,0.6,-5.8556E-09,5.3552E-09,-4.1E-13,3.249E-07,-3.2436E-07
0.16,0.6,-5.5125E-09,5.079E-09,-1.5000000000000002E-13,3.2492E-07,-3.2456E-07
0.165,0.6,-5.1761E-09,4.8148E-09,1.3E-13,3.2492E-07,-3.2452E-07
0.17,0.6,-4.857E-09,4.5659E-09,-1.04E-12,3.2496E-07,-3.2462E-07
0.17500000000000002,0.6,-4.5565E-09,4.3251E-09,4.9E-13,3.2492E-07,-3.2472E-07
0.18000000000000002,0.6,-4.274E-09,4.0937E-09,-9.0000000000000008E-14,3.2492E-07,-3.247E-07
0.185,0.6,-3.9861E-09,3.885E-09,-1.1900000000000002E-12,3.2496E-07,-3.2478E-07
0.19,0.6,-3.7203E-09,3.6798E-09,-5.6E-13,3.2488E-07,-3.2488E-07
0.195,0.6,-3.4738E-09,3.4807E-09,-1.0100000000000001E-12,3.2488E-07,-3.2492E-07
0.2,0.6,-3.2239E-09,3.2955E-09,-6.0000000000000009E-14,3.2496E-07,-3.2496E-07
0.20500000000000002,0.6,-2.9862E-09,3.1182E-09,-1.2000000000000002E-13,3.2492E-07,-3.2502E-07
0.21000000000000002,0.6,-2.7635E-09,2.9476E-09,-1.2900000000000002E-12,3.2488E-07,-3.2506E-07
0.215,0.6,-2.548E-09,2.7885E-09,-2.4000000000000004E-13,3.2498E-07,-3.252E-07
0.22,0.6,-2.3462E-09,2.6413E-09,-1.0100000000000001E-12,3.2488E-07,-3.2514E-07
0.225,0.6,-2.1449E-09,2.4977999999999998E-09,-1.36E-12,3.2484E-07,-3.2524E-07
0.23,0.6,-1.9527E-09,2.3572E-09,-7.9000000000000007E-13,3.2482E-07,-3.2516E-07
0.23500000000000001,0.6,-1.771E-09,2.2265E-09,4.9E-13,3.2492E-07,-3.2538E-07
0.24000000000000002,0.6,-1.5943E-09,2.1007E-09,-1.0100000000000001E-12,3.2492E-07,-3.2536E-07
0.24500000000000002,0.6,-1.4277E-09,1.985E-09,-7.8000000000000011E-13,3.2488E-07,-3.2538E-07
0.25,0.6,-1.2564E-09,1.8634E-09,1.8000000000000002E-13,3.2486E-07,-3.2546E-07
0.255,0.6,-1.0977E-09,1.7627E-09,-1.4E-13,3.2492E-07,-3.2556E-07
0.26,0.6,-9.7114E-10,1.6617E-09,-1.4700000000000002E-12,3.2488E-07,-3.2558E-07
0.265,0.6,-8.2173E-10,1.5677E-09,-7E-13,3.2494E-07,-3.2568E-07
0.27,0.6,-6.618800000000001E-10,1.4779E-09,2E-13,3.2492E-07,-3.2568E-07
0.275,0.6,-5.2316000000000008E-10,1.3896E-09,-4.4000000000000004E-13,3.2492E-07,-3.2574E-07
0.28,0.6,-4.0019000000000004E-10,1.3099E-09,-6.7000000000000007E-13,3.2498E-07,-3.2582E-07
0.28500000000000003,0.6,-2.68E-10,1.2321E-09,-1.2000000000000002E-13,3.2486E-07,-3.2578E-07
0.29000000000000004,0.6,-1.3455000000000002E-10,1.1608E-09,1.1000000000000001E-13,3.2494E-07,-3.2588E-07
0.29500000000000004,0.6,-2.1660000000000003E-11,1.0931E-09,-8.2E-13,3.2488E-07,-3.2588E-07
0.3,0.6,9.051E-11,1.0259E-09,-9.000000000000001E-13,3.2488E-07,-3.2606E-07
0.305,0.6,2.0487E-10,9.6582E-10,-5.8000000000000005E-13,3.2492E-07,-3.2603999999999997E-07
0.31,0.6,3.0494000000000003E-10,9.0837E-10,-1E-12,3.2494E-07,-3.2614E-07
0.315,0.6,4.0165000000000006E-10,8.5261E-10,-1.14E-12,3.2488E-07,-3.2617999999999997E-07
0.32,0.6,5.1114000000000006E-10,8.0252E-10,2E-13,3.2488E-07,-3.262E-07
0.325,0.6,6.2869E-10,7.5888000000000007E-10,-1.2900000000000002E-12,3.2488E-07,-3.2636E-07
0.33,0.6,7.2381E-10,7.1277E-10,-1.17E-12,3.2494E-07,-3.2631999999999997E-07
0.335,0.6,7.7288E-10,6.7100000000000006E-10,7.6000000000000009E-13,3.2498E-07,-3.264E-07
0.34,0.6,7.9158000000000007E-10,6.344E-10,-1.2500000000000001E-12,3.2498E-07,-3.2636E-07
0.34500000000000003,0.6,8.648300000000001E-10,5.9526000000000007E-10,-6.7000000000000007E-13,3.2492E-07,-3.2638E-07
0.35000000000000003,0.6,9.4217E-10,5.646E-10,-2.8E-13,3.2494E-07,-3.2648E-07
0.35500000000000004,0.6,1.0211E-09,5.3489E-10,-7.7000000000000005E-13,3.2502E-07,-3.2654E-07
0.36000000000000004,0.6,1.1118E-09,5.067E-10,-1.2800000000000002E-12,3.2492E-07,-3.2659999999999997E-07
0.365,0.6,1.2096E-09,4.7788E-10,5.7E-13,3.2498E-07,-3.2658E-07
0.37,0.6,1.3027E-09,4.5426000000000004E-10,-4.8000000000000008E-13,3.2494E-07,-3.2672E-07
0.375,0.6,1.3981E-09,4.3227000000000005E-10,-1.6700000000000002E-12,3.2498E-07,-3.2668E-07
0.38,0.6,1.4623E-09,4.0692000000000003E-10,-2.7E-13,3.2488E-07,-3.2676E-07
0.385,0.6,1.5585E-09,3.8818000000000005E-10,-6.9000000000000009E-13,3.2488E-07,-3.2682E-07
0.39,0.6,1.6271E-09,3.6993000000000003E-10,-1.5200000000000002E-12,3.2494E-07,-3.2692E-07
0.395,0.6,1.6863E-09,3.5027E-10,-9.4E-13,3.249E-07,-3.2692E-07
0.4,0.6,1.7773E-09,3.3373000000000005E-10,1.0000000000000002E-14,3.2498E-07,-3.2704E-07
0.405,0.6,1.8653E-09,3.1836E-10,-1.08E-12,3.2494E-07,-3.271E-07
0.41000000000000003,0.6,1.9352E-09,3.0252E-10,-1.4800000000000002E-12,3.25E-07,-3.2718E-07
0.41500000000000004,0.6,2.0064E-09,2.8516000000000003E-10,-6.2000000000000008E-13,3.249E-07,-3.272E-07
0.42000000000000004,0.6,2.0904E-09,2.7185E-10,-1.8000000000000002E-13,3.2488E-07,-3.2726E-07
0.42500000000000004,0.6,2.1564E-09,2.6028E-10,-6.1E-13,3.2492E-07,-3.2726E-07
0.43,0.6,2.2184E-09,2.4481E-10,-7.5E-13,3.2494E-07,-3.2738E-07
0.435,0.6,2.316E-09,2.3249000000000002E-10,7E-14,3.2494E-07,-3.274E-07
0.44,0.6,2.3857E-09,2.2256E-10,-1.2400000000000002E-12,3.2494E-07,-3.2746E-07
0.445,0.6,2.4664E-09,2.1033E-10,-7.8000000000000011E-13,3.249E-07,-3.2762E-07
0.45,0.6,2.5282E-09,1.9901000000000002E-10,1.9000000000000002E-13,3.2492E-07,-3.2764E-07
0.455,0.6,2.6227E-09,1.8884000000000002E-10,2.9000000000000003E-13,3.2492E-07,-3.2768E-07
0.46,0.6,2.6784E-09,1.8198E-10,-1.2800000000000002E-12,3.2488E-07,-3.2771999999999997E-07
0.465,0.6,2.7482E-09,1.6996E-10,-5.9E-13,3.2492E-07,-3.2776E-07
0.47000000000000003,0.6,2.842E-09,1.6004000000000002E-10,-6.1E-13,3.2486E-07,-3.2785999999999997E-07
0.47500000000000003,0.6,2.9107E-09,1.5358E-10,-5.8000000000000005E-13,3.2492E-07,-3.2792E-07
0.48000000000000004,0.6,2.9799E-09,1.4667000000000002E-10,-1.45E-12,3.2488E-07,-3.2794E-07
0.48500000000000004,0.6,3.0519E-09,1.3727E-10,-4.2000000000000003E-13,3.249E-07,-3.281E-07
0.49000000000000005,0.6,3.1589E-09,1.3203E-10,-2.8E-13,3.2488E-07,-3.2806E-07
0.49500000000000005,0.6,3.2238E-09,1.2491E-10,-4.3000000000000004E-13,3.249E-07,-3.2816E-07
0.5,0.6,3.2908E-09,1.1771E-10,-4.4000000000000004E-13,3.2492E-07,-3.283E-07
0.505,0.6,3.3930999999999998E-09,1.0913E-10,5E-13,3.2486E-07,-3.283E-07
0.51,0.6,3.4755E-09,1.0691000000000001E-10,-8.300000000000001E-13,3.2494E-07,-3.2848E-07
0.515,0.6,3.5317E-09,9.9400000000000013E-11,-1.1500000000000002E-12,3.2486E-07,-3.2854E-07
0.52,0.6,3.6078E-09,9.261E-11,-1.4E-12,3.2494E-07,-3.2855999999999997E-07
0.525,0.6,3.7048E-09,8.784E-11,-6.8E-13,3.2486E-07,-3.2864E-07
0.53,0.6,3.779E-09,8.492E-11,-1.59E-12,3.2492E-07,-3.2874E-07
0.535,0.6,3.8565E-09,7.676E-11,1.0000000000000002E-14,3.248E-07,-3.288E-07
0.54,0.6,3.9351E-09,7.237E-11,-6.8E-13,3.2488E-07,-3.288E-07
0.545,0.6,4.0493E-09,6.976E-11,-5.4E-13,3.2492E-07,-3.2897999999999997E-07
0.55,0.6,4.1135E-09,6.311E-11,-1.2800000000000002E-12,3.2488E-07,-3.2897999999999997E-07
0.555,0.6,4.1782E-09,5.7510000000000004E-11,-6.0000000000000009E-14,3.2486E-07,-3.2914E-07
0.56,0.6,4.3101E-09,5.364E-11,-3.3E-13,3.249E-07,-3.2922E-07
0.56500000000000006,0.6,4.4013E-09,5.0240000000000006E-11,-1.4200000000000002E-12,3.2476E-07,-3.2922E-07
0.57000000000000006,0.6,4.5003E-09,4.4310000000000006E-11,-5.6E-13,3.248E-07,-3.2928E-07
0.57500000000000007,0.6,4.5857E-09,3.802E-11,-6.1E-13,3.2482E-07,-3.2936E-07
0.58000000000000007,0.6,4.6751E-09,3.7640000000000005E-11,-8E-13,3.2482E-07,-3.2952E-07
0.58500000000000008,0.6,4.7655E-09,3.0500000000000005E-11,-7.7000000000000005E-13,3.248E-07,-3.2956E-07
0.59000000000000008,0.6,4.8708E-09,2.5900000000000002E-11,-5.9E-13,3.2486E-07,-3.2974E-07
0.595,0.6,4.9555E-09,2.205E-11,3.0000000000000003E-13,3.2478E-07,-3.2978E-07
0.6,0.6,5.0737999999999996E-09,1.9020000000000003E-11,-1.9200000000000003E-12,3.2476E-07,-3.298E-07
0.605,0.6,5.1304E-09,1.242E-11,-8.4000000000000006E-13,3.2482E-07,-3.2992E-07
0.61,0.6,5.2531E-09,7.4800000000000012E-12,6.0000000000000009E-14,3.2478E-07,-3.3002E-07
0.615,0.6,5.3292E-09,6.0100000000000004E-12,-1E-12,3.2482E-07,-3.3008E-07
0.62,0.6,5.4083E-09,-4.5000000000000005E-13,1.6000000000000003E-13,3.2482E-07,-3.3023999999999997E-07
0.625,0.6,5.5068E-09,-5.1600000000000006E-12,-7E-14,3.248E-07,-3.3026E-07
0.63,0.6,5.6197E-09,-8.8100000000000014E-12,-2.1000000000000001E-13,3.248E-07,-3.3044E-07
0.635,0.6,5.7064E-09,-1.259E-11,-1.2900000000000002E-12,3.248E-07,-3.3048E-07
0.64,0.6,5.7929E-09,-1.928E-11,2.0000000000000003E-14,3.2484E-07,-3.3056E-07
0.645,0.6,5.9447E-09,-2.655E-11,3.8000000000000005E-13,3.2476E-07,-3.306E-07
0.65,0.6,6.0456E-09,-2.7380000000000003E-11,-1.45E-12,3.2484E-07,-3.3078E-07
0.655,0.6,6.1216E-09,-3.463E-11,-1.1000000000000002E-12,3.2476E-07,-3.3079999999999997E-07
0.66,0.6,6.2619E-09,-4.05E-11,1.1000000000000001E-13,3.2476E-07,-3.3092E-07
0.665,0.6,6.3564E-09,-4.745E-11,-1.4E-13,3.2474E-07,-3.3107999999999997E-07
0.67,0.6,6.4271E-09,-5.1540000000000004E-11,-6.8E-13,3.247E-07,-3.3106E-07
0.675,0.6,6.5468E-09,-5.988E-11,-6.9000000000000009E-13,3.2472E-07,-3.3132E-07
0.68,0.6,6.6494E-09,-6.6930000000000008E-11,-5E-14,3.2482E-07,-3.3138E-07
0.685,0.6,6.8108E-09,-7.3490000000000009E-11,-1.6200000000000002E-12,3.2476E-07,-3.3149999999999997E-07
0.69000000000000006,0.6,6.8897E-09,-8.1630000000000007E-11,-1.8000000000000002E-12,3.2476E-07,-3.3163999999999997E-07
0.69500000000000006,0.6,6.9775E-09,-9.035E-11,-3.0000000000000003E-13,3.248E-07,-3.3172E-07
0.70000000000000007,0.6,7.1922E-09,-9.824E-11,-6.5000000000000006E-13,3.2482E-07,-3.318E-07
0.70500000000000007,0.6,7.2424E-09,-1.0714E-10,-1.73E-12,3.2476E-07,-3.3182E-07
0.71000000000000008,0.6,7.3822E-09,-1.1813E-10,-2.0000000000000003E-14,3.248E-07,-3.3208E-07
0.71500000000000008,0.6,7.4941E-09,-1.2768000000000002E-10,-7.2000000000000006E-13,3.2482E-07,-3.3212E-07
0.72000000000000008,0.6,7.6828E-09,-1.3627E-10,-1.02E-12,3.2478E-07,-3.3224E-07
0.72500000000000009,0.6,7.7525E-09,-1.4854E-10,-1.37E-12,3.2482E-07,-3.3242E-07
0.73,0.6,7.9701E-09,-1.6034E-10,-2.2000000000000002E-13,3.2482E-07,-3.326E-07
0.735,0.6,7.9948E-09,-1.7086000000000002E-10,-6.0000000000000007E-13,3.2478E-07,-3.3264E-07
0.74,0.6,8.2436E-09,-1.8223000000000003E-10,-5.7E-13,3.2478E-07,-3.3272E-07
0.745,0.6,8.33E-09,-1.9770000000000003E-10,-3.9000000000000005E-13,3.2476E-07,-3.3288E-07
0.75,0.6,8.427E-09,-2.1085000000000003E-10,3.1000000000000004E-13,3.2476E-07,-3.3292E-07
0.755,0.6,8.591E-09,-2.2206E-10,-1.5400000000000001E-12,3.2478E-07,-3.3324E-07
0.76,0.6,8.7896E-09,-2.3758E-10,-5E-13,3.248E-07,-3.3328E-07
0.765,0.6,8.8933E-09,-2.5330000000000005E-10,1.4E-13,3.2472E-07,-3.3345999999999997E-07
0.77,0.6,9.1973E-09,-2.6847E-10,-6.0000000000000009E-14,3.2468E-07,-3.3352E-07
0.775,0.6,9.2038E-09,-2.823E-10,-7.3E-13,3.247E-07,-3.3358E-07
0.78,0.6,9.2855E-09,-3.0115000000000004E-10,-7.5E-13,3.2474E-07,-3.3373999999999997E-07
0.785,0.6,9.477E-09,-3.1784E-10,-8.300000000000001E-13,3.2474E-07,-3.34E-07
0.79,0.6,9.6947E-09,-3.3498E-10,-3.3E-13,3.2476E-07,-3.3404E-07
0.795,0.6,9.8142E-09,-3.5413000000000005E-10,-8.6000000000000007E-13,3.2476E-07,-3.3418E-07
0.8,0.6,1.00756E-08,-3.7352E-10,-2.7E-13,3.248E-07,-3.3432E-07
0.805,0.6,1.01104E-08,-3.9200000000000004E-10,-8.4000000000000006E-13,3.2478E-07,-3.3454E-07
0.81,0.6,1.03119E-08,-4.1213000000000005E-10,-9.6000000000000015E-13,3.247E-07,-3.3457999999999997E-07
0.81500000000000006,0.6,1.05469E-08,-4.3514E-10,-1.32E-12,3.2476E-07,-3.348E-07
0.82000000000000006,0.6,1.06352E-08,-4.5493000000000005E-10,-9.0000000000000008E-14,3.2476E-07,-3.349E-07
0.82500000000000007,0.6,1.08292E-08,-4.753E-10,-1.17E-12,3.2476E-07,-3.3534E-07
0.83000000000000007,0.6,1.09819E-08,-4.9897000000000009E-10,-9.6000000000000015E-13,3.248E-07,-3.3534E-07
0.83500000000000008,0.6,1.12173E-08,-5.2545000000000008E-10,-6.0000000000000009E-14,3.2482E-07,-3.356E-07
0.84000000000000008,0.6,1.14488E-08,-5.4908E-10,-3.3E-13,3.2476E-07,-3.3564E-07
0.84500000000000008,0.6,1.16234E-08,-5.7479E-10,-3.0000000000000003E-13,3.247E-07,-3.3568E-07
0.85000000000000009,0.6,1.1763999999999999E-08,-6.0019000000000007E-10,-7.8000000000000011E-13,3.2478E-07,-3.3606E-07
0.85500000000000009,0.6,1.2080599999999999E-08,-6.2619000000000009E-10,3.5E-13,3.2476E-07,-3.3602E-07
0.86,0.6,1.2237199999999998E-08,-6.5281E-10,-1.04E-12,3.2474E-07,-3.3628E-07
0.865,0.6,1.2500599999999999E-08,-6.7958E-10,-7.9000000000000007E-13,3.247E-07,-3.365E-07
0.87,0.6,1.2762999999999998E-08,-7.0891000000000009E-10,-1.27E-12,3.248E-07,-3.3664E-07
0.875,0.6,1.2978199999999998E-08,-7.386E-10,-1.07E-12,3.2474E-07,-3.3692E-07
0.88,0.6,1.3113799999999998E-08,-7.7046E-10,-1.1100000000000001E-12,3.2476E-07,-3.372E-07
0.885,0.6,1.33602E-08,-7.9929E-10,-1.46E-12,3.2474E-07,-3.3742E-07
0.89,0.6,1.3565999999999999E-08,-8.3381E-10,-1.1900000000000002E-12,3.2472E-07,-3.3751999999999997E-07
0.895,0.6,1.3705599999999999E-08,-8.671200000000001E-10,-2E-13,3.2476E-07,-3.3764E-07
0.9,0.6,1.41072E-08,-8.9940000000000012E-10,3.9000000000000005E-13,3.2476E-07,-3.3796E-07
0,0.75,-8.782859999999999E-08,8.2840399999999988E-08,-5.3000000000000006E-13,3.249E-07,-3.203E-07
0.005,0.75,-8.3592799999999989E-08,7.9201399999999991E-08,-1.4E-13,3.2492E-07,-3.2068E-07
0.01,0.75,-7.98592E-08,7.5770399999999991E-08,-1.4E-13,3.2488E-07,-3.2089999999999997E-07
0.015000000000000001,0.75,-7.6328199999999991E-08,7.24878E-08,-9.2000000000000012E-13,3.2488E-07,-3.212E-07
0.02,0.75,-7.2976999999999992E-08,6.93892E-08,-1.7E-13,3.2488E-07,-3.2138E-07
0.025,0.75,-6.9768199999999991E-08,6.6388799999999989E-08,-5.7E-13,3.2494E-07,-3.2162E-07
0.030000000000000002,0.75,-6.6736599999999989E-08,6.3568199999999988E-08,-5.4E-13,3.2492E-07,-3.2173999999999997E-07
0.035,0.75,-6.3773399999999993E-08,6.0787999999999988E-08,-9.2000000000000012E-13,3.2486E-07,-3.219E-07
0.04,0.75,-6.10344E-08,5.8212399999999994E-08,5.5000000000000008E-13,3.2498E-07,-3.2208E-07
0.045000000000000005,0.75,-5.8369799999999995E-08,5.5715399999999995E-08,2.9000000000000003E-13,3.2488E-07,-3.2218E-07
0.05,0.75,-5.5858199999999994E-08,5.3337399999999992E-08,6.9000000000000009E-13,3.2494E-07,-3.2242E-07
0.055,0.75,-5.3449E-08,5.1058399999999995E-08,1.3E-13,3.2492E-07,-3.2254E-07
0.060000000000000005,0.75,-5.1157799999999996E-08,4.88976E-08,5E-14,3.2492E-07,-3.2268E-07
0.065,0.75,-4.8968799999999996E-08,4.6854599999999997E-08,-1.0000000000000002E-14,3.249E-07,-3.2278E-07
0.07,0.75,-4.6855999999999993E-08,4.48404E-08,4E-13,3.2486E-07,-3.229E-07
0.075,0.75,-4.4836199999999996E-08,4.2950799999999994E-08,1.6000000000000003E-13,3.249E-07,-3.2296E-07
0.08,0.75,-4.2887199999999996E-08,4.11044E-08,1.5000000000000002E-13,3.249E-07,-3.231E-07
0.085,0.75,-4.10486E-08,3.9386799999999996E-08,-5.4E-13,3.2492E-07,-3.2326E-07
0.090000000000000011,0.75,-3.92926E-08,3.7717399999999995E-08,-1.4E-13,3.2496E-07,-3.2338E-07
0.095,0.75,-3.76044E-08,3.6123199999999996E-08,-8.6000000000000007E-13,3.2494E-07,-3.2338E-07
0.1,0.75,-3.59944E-08,3.4592599999999996E-08,1.4E-13,3.2498E-07,-3.235E-07
0.10500000000000001,0.75,-3.4438999999999995E-08,3.31378E-08,-2.8E-13,3.2486E-07,-3.2355999999999997E-07
0.11,0.75,-3.2907E-08,3.1715599999999996E-08,-1.2000000000000002E-13,3.2488E-07,-3.2355999999999997E-07
0.115,0.75,-3.15136E-08,3.0369399999999994E-08,-6.8E-13,3.2492E-07,-3.2374E-07
0.12000000000000001,0.75,-3.01032E-08,2.9064199999999996E-08,-5.7E-13,3.2492E-07,-3.2382E-07
0.125,0.75,-2.8812599999999996E-08,2.7837399999999998E-08,-4.5000000000000005E-13,3.2488E-07,-3.2388E-07
0.13,0.75,-2.7557599999999996E-08,2.6654599999999998E-08,-6.8E-13,3.2488E-07,-3.2392E-07
0.135,0.75,-2.63406E-08,2.55064E-08,-1.0500000000000002E-12,3.2488E-07,-3.2402E-07
0.14,0.75,-2.51676E-08,2.4436799999999998E-08,-6.2000000000000008E-13,3.2498E-07,-3.2416E-07
0.14500000000000002,0.75,-2.40474E-08,2.3392E-08,-1.03E-12,3.249E-07,-3.2422E-07
0.15,0.75,-2.2988799999999997E-08,2.2386199999999997E-08,-1.45E-12,3.2492E-07,-3.2424E-07
0.155,0.75,-2.1936399999999997E-08,2.1403799999999997E-08,-1.0100000000000001E-12,3.248E-07,-3.2428E-07
0.16,0.75,-2.0939999999999998E-08,2.0505199999999998E-08,-1.0600000000000001E-12,3.2486E-07,-3.2434E-07
0.165,0.75,-2.0000799999999997E-08,1.95916E-08,-8.6000000000000007E-13,3.2486E-07,-3.244E-07
0.17,0.75,-1.9067799999999998E-08,1.8741E-08,-1.1100000000000001E-12,3.2486E-07,-3.2452E-07
0.17500000000000002,0.75,-1.81826E-08,1.79308E-08,-1.65E-12,3.2482E-07,-3.2452E-07
0.18000000000000002,0.75,-1.7354799999999998E-08,1.7139E-08,-1.23E-12,3.2494E-07,-3.2466E-07
0.185,0.75,-1.65358E-08,1.63974E-08,-7.6000000000000009E-13,3.249E-07,-3.2478E-07
0.19,0.75,-1.5733199999999997E-08,1.5658199999999998E-08,-7.3E-13,3.2492E-07,-3.2478E-07
0.195,0.75,-1.49784E-08,1.4961799999999998E-08,-1.3E-13,3.2492E-07,-3.2484E-07
0.2,0.75,-1.4250999999999998E-08,1.42904E-08,-1.1000000000000001E-13,3.249E-07,-3.2498E-07
0.20500000000000002,0.75,-1.3549399999999998E-08,1.3654599999999999E-08,-3.7000000000000004E-13,3.2496E-07,-3.2502E-07
0.21000000000000002,0.75,-1.2876999999999998E-08,1.3041599999999999E-08,7E-14,3.2494E-07,-3.2502E-07
0.215,0.75,-1.2215999999999998E-08,1.2450199999999998E-08,-5.5000000000000008E-13,3.2494E-07,-3.251E-07
0.22,0.75,-1.1579399999999999E-08,1.1859799999999999E-08,5.4E-13,3.2488E-07,-3.2514E-07
0.225,0.75,-1.09818E-08,1.1320599999999999E-08,-6.0000000000000009E-14,3.2492E-07,-3.2516E-07
0.23,0.75,-1.0393999999999999E-08,1.08102E-08,-7E-14,3.2492E-07,-3.252E-07
0.23500000000000001,0.75,-9.8373999999999991E-09,1.02922E-08,-9.4E-13,3.2496E-07,-3.253E-07
0.24000000000000002,0.75,-9.3735E-09,9.8141999999999986E-09,-3.7000000000000004E-13,3.2488E-07,-3.253E-07
0.24500000000000002,0.75,-8.8681E-09,9.3348E-09,-1.4E-13,3.2486E-07,-3.253E-07
0.25,0.75,-8.3915E-09,8.9095E-09,-6.9000000000000009E-13,3.2488E-07,-3.2536E-07
0.255,0.75,-7.9121E-09,8.4605E-09,-2E-13,3.2488E-07,-3.2542E-07
0.26,0.75,-7.4331E-09,8.0498E-09,6.8E-13,3.2494E-07,-3.2554E-07
0.265,0.75,-6.991E-09,7.6604E-09,-6.1E-13,3.2486E-07,-3.2548E-07
0.27,0.75,-6.5733E-09,7.2882E-09,-1.0600000000000001E-12,3.2488E-07,-3.2554E-07
0.275,0.75,-6.1602E-09,6.9218E-09,-1E-13,3.2484E-07,-3.256E-07
0.28,0.75,-5.7529E-09,6.5779E-09,-8.5000000000000011E-13,3.2482E-07,-3.2568E-07
0.28500000000000003,0.75,-5.36E-09,6.2441E-09,-1.3800000000000002E-12,3.249E-07,-3.257E-07
0.29000000000000004,0.75,-5.0079E-09,5.9294E-09,-1.22E-12,3.248E-07,-3.2574E-07
0.29500000000000004,0.75,-4.6459E-09,5.6414E-09,-6.9000000000000009E-13,3.248E-07,-3.2586E-07
0.3,0.75,-4.3123E-09,5.3857E-09,-9.6000000000000015E-13,3.2486E-07,-3.2594E-07
0.305,0.75,-4.0047E-09,5.0874E-09,-1.0100000000000001E-12,3.2486E-07,-3.2594E-07
0.31,0.75,-3.6935E-09,4.8297E-09,-4.1E-13,3.249E-07,-3.26E-07
0.315,0.75,-3.3739E-09,4.5729E-09,1.0000000000000002E-14,3.2482E-07,-3.2603999999999997E-07
0.32,0.75,-3.0962E-09,4.337E-09,-1.2800000000000002E-12,3.2486E-07,-3.2614E-07
0.325,0.75,-2.8101E-09,4.1071E-09,-8.2E-13,3.2492E-07,-3.2614E-07
0.33,0.75,-2.5468E-09,3.8929E-09,2E-13,3.2492E-07,-3.262E-07
0.335,0.75,-2.2731E-09,3.6829999999999998E-09,-2.3000000000000003E-13,3.2494E-07,-3.263E-07
0.34,0.75,-2.0337E-09,3.4884E-09,-8.2E-13,3.2488E-07,-3.2636E-07
0.34500000000000003,0.75,-1.79E-09,3.3006E-09,-5E-13,3.2492E-07,-3.2636E-07
0.35000000000000003,0.75,-1.5562E-09,3.1222E-09,-3.5E-13,3.249E-07,-3.265E-07
0.35500000000000004,0.75,-1.3344E-09,2.9569E-09,-1.0100000000000001E-12,3.2488E-07,-3.2652E-07
0.36000000000000004,0.75,-1.1198E-09,2.7959E-09,-7.3E-13,3.249E-07,-3.2654E-07
0.365,0.75,-9.3365E-10,2.6415E-09,-1.9000000000000002E-13,3.2488E-07,-3.2654E-07
0.37,0.75,-7.2756E-10,2.4999E-09,-1.23E-12,3.2484E-07,-3.2666E-07
0.375,0.75,-5.3204000000000006E-10,2.3609E-09,-1.0100000000000001E-12,3.249E-07,-3.2676E-07
0.38,0.75,-3.5216E-10,2.2406E-09,-4.9E-13,3.249E-07,-3.2673999999999997E-07
0.385,0.75,-1.5416000000000001E-10,2.1193E-09,3.2000000000000005E-13,3.2484E-07,-3.2682E-07
0.39,0.75,1.8640000000000003E-11,1.991E-09,-2.7E-13,3.2492E-07,-3.2687999999999997E-07
0.395,0.75,1.7988E-10,1.878E-09,-4.7E-13,3.2488E-07,-3.27E-07
0.4,0.75,3.5159E-10,1.7703E-09,2.3000000000000003E-13,3.2492E-07,-3.269E-07
0.405,0.75,5.2504000000000008E-10,1.6693E-09,-5.4E-13,3.2486E-07,-3.271E-07
0.41000000000000003,0.75,6.6619000000000005E-10,1.5722E-09,-9.6000000000000015E-13,3.2486E-07,-3.2712E-07
0.41500000000000004,0.75,7.9069000000000009E-10,1.4806E-09,1.4E-13,3.2488E-07,-3.271E-07
0.42000000000000004,0.75,9.0692000000000011E-10,1.399E-09,2.0000000000000003E-14,3.2488E-07,-3.2718E-07
0.42500000000000004,0.75,1.0403E-09,1.3163E-09,-1.13E-12,3.2488E-07,-3.2724E-07
0.43,0.75,1.1836E-09,1.2371E-09,-8.2E-13,3.2486E-07,-3.2726E-07
0.435,0.75,1.3435E-09,1.1643E-09,-1.3E-13,3.2496E-07,-3.2738E-07
0.44,0.75,1.4867E-09,1.0957E-09,-3.0000000000000005E-14,3.249E-07,-3.2743999999999997E-07
0.445,0.75,1.6136E-09,1.0304E-09,-1.5700000000000002E-12,3.2482E-07,-3.2746E-07
0.45,0.75,1.7419E-09,9.6683E-10,-3.4E-13,3.2488E-07,-3.2756E-07
0.455,0.75,1.8585E-09,9.1149E-10,-8.0000000000000013E-14,3.249E-07,-3.2757999999999997E-07
0.46,0.75,1.9174E-09,8.5725000000000012E-10,-1.1000000000000002E-12,3.2482E-07,-3.2756E-07
0.465,0.75,2.0298E-09,8.0652E-10,2.5E-13,3.2486E-07,-3.2764E-07
0.47000000000000003,0.75,2.1642E-09,7.596E-10,3.0000000000000005E-14,3.2486E-07,-3.2764E-07
0.47500000000000003,0.75,2.2595E-09,7.1829E-10,-7.100000000000001E-13,3.2474E-07,-3.2776E-07
0.48000000000000004,0.75,2.3644E-09,6.776E-10,-6.9000000000000009E-13,3.248E-07,-3.278E-07
0.48500000000000004,0.75,2.4858E-09,6.3968E-10,3.8000000000000005E-13,3.248E-07,-3.2798E-07
0.49000000000000005,0.75,2.5931E-09,6.0594000000000008E-10,-8.0000000000000013E-14,3.248E-07,-3.2804E-07
0.49500000000000005,0.75,2.6928E-09,5.7445E-10,-9.5E-13,3.2476E-07,-3.2798E-07
0.5,0.75,2.7902E-09,5.4059E-10,-1.5000000000000002E-13,3.248E-07,-3.281E-07
0.505,0.75,2.8964E-09,5.1287E-10,-6.8E-13,3.2478E-07,-3.2816E-07
0.51,0.75,3.0114E-09,4.8876000000000008E-10,-4.7E-13,3.2478E-07,-3.2834E-07
0.515,0.75,3.1019E-09,4.6251000000000004E-10,-9.8E-13,3.248E-07,-3.2834E-07
0.52,0.75,3.182E-09,4.3919E-10,1.5000000000000002E-13,3.248E-07,-3.2838E-07
0.525,0.75,3.3152E-09,4.1819000000000003E-10,-7.5E-13,3.248E-07,-3.2846E-07
0.53,0.75,3.3956E-09,3.9816000000000005E-10,-9.1000000000000016E-13,3.2476E-07,-3.2855999999999997E-07
0.535,0.75,3.4819E-09,3.7811000000000005E-10,-4.5000000000000005E-13,3.2474E-07,-3.2862E-07
0.54,0.75,3.5795E-09,3.6004000000000003E-10,-6.1E-13,3.2486E-07,-3.2874E-07
0.545,0.75,3.6836E-09,3.4375000000000003E-10,-3.4E-13,3.2476E-07,-3.2894E-07
0.55,0.75,3.7917E-09,3.2581000000000004E-10,-6.6E-13,3.2486E-07,-3.2896E-07
0.555,0.75,3.8802E-09,3.0893000000000004E-10,2.2000000000000002E-13,3.248E-07,-3.2897999999999997E-07
0.56,0.75,3.9943E-09,2.9707000000000004E-10,-8.7E-13,3.2486E-07,-3.291E-07
0.56500000000000006,0.75,4.0888E-09,2.8173E-10,-1.85E-12,3.2486E-07,-3.2922E-07
0.57000000000000006,0.75,4.1808E-09,2.6622000000000004E-10,-9.3E-13,3.2486E-07,-3.2932E-07
0.57500000000000007,0.75,4.2814E-09,2.5461E-10,-1E-13,3.2492E-07,-3.2936E-07
0.58000000000000007,0.75,4.3907E-09,2.4377000000000003E-10,-8.2E-13,3.249E-07,-3.2952E-07
0.58500000000000008,0.75,4.4994E-09,2.2959E-10,-9.2000000000000012E-13,3.2486E-07,-3.2952E-07
0.59000000000000008,0.75,4.5733E-09,2.1819000000000002E-10,1.8000000000000002E-13,3.2486E-07,-3.2962E-07
0.595,0.75,4.6939E-09,2.0953000000000003E-10,-1.17E-12,3.2482E-07,-3.2978E-07
0.6,0.75,4.7631E-09,1.9856E-10,-1.12E-12,3.248E-07,-3.298E-07
0.605,0.75,4.8906E-09,1.8684000000000002E-10,-7.6000000000000009E-13,3.2482E-07,-3.2994E-07
0.61,0.75,5.055E-09,1.7958000000000002E-10,-1.17E-12,3.2484E-07,-3.3008E-07
0.615,0.75,5.0941E-09,1.7139000000000002E-10,-8E-13,3.2478E-07,-3.3012E-07
0.62,0.75,5.246E-09,1.6146E-10,-1E-12,3.248E-07,-3.3009999999999997E-07
0.625,0.75,5.3184E-09,1.5239E-10,4.2000000000000003E-13,3.248E-07,-3.3026E-07
0.63,0.75,5.3951E-09,1.4686000000000002E-10,-5.3000000000000006E-13,3.2474E-07,-3.3032E-07
0.635,0.75,5.5711E-09,1.3788000000000002E-10,-1.1000000000000002E-12,3.2468E-07,-3.3037999999999997E-07
0.64,0.75,5.6771E-09,1.2901E-10,1.9000000000000002E-13,3.2474E-07,-3.3054E-07
0.645,0.75,5.7476E-09,1.2473000000000002E-10,-1.0100000000000001E-12,3.2476E-07,-3.3068E-07
0.65,0.75,5.9124E-09,1.1828E-10,-1.8000000000000002E-13,3.2482E-07,-3.3078E-07
0.655,0.75,6.006E-09,1.1058000000000001E-10,-1E-12,3.2478E-07,-3.3079999999999997E-07
0.66,0.75,6.0627E-09,1.0596000000000002E-10,6.8E-13,3.2478E-07,-3.309E-07
0.665,0.75,6.1962E-09,1.0183000000000001E-10,-8.2E-13,3.2478E-07,-3.3102E-07
0.67,0.75,6.3703E-09,9.465E-11,-7.3E-13,3.247E-07,-3.3116E-07
0.675,0.75,6.4284E-09,8.8290000000000013E-11,8.0000000000000013E-14,3.2468E-07,-3.3134E-07
0.68,0.75,6.5878E-09,8.5490000000000007E-11,-6.5000000000000006E-13,3.248E-07,-3.3144E-07
0.685,0.75,6.7196E-09,8.043E-11,-8.300000000000001E-13,3.2474E-07,-3.3148E-07
0.69000000000000006,0.75,6.7867E-09,7.431E-11,-4.8000000000000008E-13,3.248E-07,-3.3168E-07
0.69500000000000006,0.75,6.9559E-09,6.972E-11,-3.7000000000000004E-13,3.2472E-07,-3.3166E-07
0.70000000000000007,0.75,7.1023E-09,6.7950000000000008E-11,-1.0600000000000001E-12,3.2472E-07,-3.3194E-07
0.70500000000000007,0.75,7.1381E-09,6.253E-11,-8.9E-13,3.2476E-07,-3.3204E-07
0.71000000000000008,0.75,7.2785E-09,5.692E-11,-7.2000000000000006E-13,3.2482E-07,-3.3224E-07
0.71500000000000008,0.75,7.4033E-09,5.4890000000000004E-11,-1.2400000000000002E-12,3.2486E-07,-3.3242E-07
0.72000000000000008,0.75,7.6111E-09,5.116E-11,-3.5E-13,3.2474E-07,-3.3232E-07
0.72500000000000009,0.75,7.6686E-09,4.571E-11,-8.2E-13,3.2476E-07,-3.3254E-07
0.73,0.75,7.866E-09,4.2120000000000006E-11,-9.0000000000000008E-14,3.247E-07,-3.3266E-07
0.735,0.75,7.9106E-09,3.937E-11,-1.08E-12,3.248E-07,-3.3284E-07
0.74,0.75,8.0844E-09,3.415E-11,-9.5E-13,3.248E-07,-3.3288E-07
0.745,0.75,8.2124E-09,2.9550000000000004E-11,-1.4E-13,3.2492E-07,-3.3306E-07
0.75,0.75,8.3882E-09,2.8430000000000002E-11,-5.3000000000000006E-13,3.248E-07,-3.3326E-07
0.755,0.75,8.4986E-09,2.449E-11,-1.07E-12,3.248E-07,-3.3334E-07
0.76,0.75,8.716E-09,1.901E-11,-3.1000000000000004E-13,3.248E-07,-3.3334E-07
0.765,0.75,8.7362E-09,1.466E-11,-6.7000000000000007E-13,3.2478E-07,-3.335E-07
0.77,0.75,8.866E-09,1.3560000000000001E-11,-3.0000000000000003E-13,3.2488E-07,-3.3387999999999997E-07
0.775,0.75,8.9933E-09,6.92E-12,-4.3000000000000004E-13,3.2478E-07,-3.3382E-07
0.78,0.75,9.2798E-09,1.8000000000000002E-12,-7.3E-13,3.2482E-07,-3.3392E-07
0.785,0.75,9.2869E-09,-8.5000000000000011E-13,-4.8000000000000008E-13,3.2484E-07,-3.3422E-07
0.79,0.75,9.4734E-09,-6.26E-12,-6.5000000000000006E-13,3.2482E-07,-3.3429999999999997E-07
0.795,0.75,9.7148E-09,-1.2320000000000001E-11,-3.6000000000000003E-13,3.2478E-07,-3.3436E-07
0.8,0.75,9.8043E-09,-1.677E-11,1.4E-13,3.2482E-07,-3.3446E-07
0.805,0.75,9.9583E-09,-2.076E-11,-8.9E-13,3.2476E-07,-3.3474E-07
0.81,0.75,1.0007E-08,-2.6990000000000002E-11,-2E-13,3.2478E-07,-3.348E-07
0.81500000000000006,0.75,1.0238E-08,-3.431E-11,-1.7E-13,3.247E-07,-3.3488E-07
0.82000000000000006,0.75,1.0375499999999999E-08,-3.8770000000000005E-11,-9.8E-13,3.2472E-07,-3.3498E-07
0.82500000000000007,0.75,1.06459E-08,-4.504E-11,-1.23E-12,3.247E-07,-3.3532E-07
0.83000000000000007,0.75,1.06769E-08,-5.4100000000000006E-11,-3.1000000000000004E-13,3.2464E-07,-3.354E-07
0.83500000000000008,0.75,1.08544E-08,-6.018E-11,5E-14,3.2474E-07,-3.3568E-07
0.84000000000000008,0.75,1.09939E-08,-6.666E-11,-1E-13,3.248E-07,-3.3574E-07
0.84500000000000008,0.75,1.11678E-08,-7.591E-11,-9.7000000000000011E-13,3.2474E-07,-3.358E-07
0.85000000000000009,0.75,1.13685E-08,-8.448E-11,-2.4000000000000004E-13,3.247E-07,-3.3614E-07
0.85500000000000009,0.75,1.1630599999999998E-08,-9.5110000000000008E-11,1E-13,3.2468E-07,-3.3608E-07
0.86,0.75,1.17608E-08,-1.0212E-10,-3.1000000000000004E-13,3.2474E-07,-3.3644E-07
0.865,0.75,1.2039599999999999E-08,-1.1264000000000001E-10,-8.6000000000000007E-13,3.2472E-07,-3.3644E-07
0.87,0.75,1.2097999999999999E-08,-1.2097E-10,-1.4300000000000002E-12,3.2474E-07,-3.3664E-07
0.875,0.75,1.23522E-08,-1.32E-10,-1.5700000000000002E-12,3.2484E-07,-3.3681999999999997E-07
0.88,0.75,1.2568799999999999E-08,-1.4382E-10,-1.6100000000000002E-12,3.2478E-07,-3.3704E-07
0.885,0.75,1.2749199999999998E-08,-1.5622E-10,-1.4700000000000002E-12,3.248E-07,-3.3742E-07
0.89,0.75,1.2907199999999999E-08,-1.6943E-10,-8.1000000000000008E-13,3.247E-07,-3.3762E-07
0.895,0.75,1.3169999999999998E-08,-1.8179000000000003E-10,-3.2000000000000005E-13,3.247E-07,-3.3762E-07
0.9,0.75,1.3322999999999998E-08,-1.9512000000000002E-10,-3.7000000000000004E-13,3.2466E-07,-3.3782E-07
0,0.9,-3.3751999999999997E-07,3.334E-07,-7E-13,3.249E-07,-3.2096E-07
0.005,0.9,-3.2114E-07,3.171E-07,-3.5E-13,3.2488E-07,-3.2108E-07
0.01,0.9,-3.0595999999999997E-07,3.0238E-07,-1.02E-12,3.2488E-07,-3.213E-07
0.015000000000000001,0.9,-2.9142E-07,2.8778E-07,-7.3E-13,3.2494E-07,-3.2136E-07
0.02,0.9,-2.7756E-07,2.7436E-07,1.0000000000000002E-14,3.2486E-07,-3.2159999999999997E-07
0.025,0.9,-2.6442E-07,2.6132E-07,-6.400000000000001E-13,3.2494E-07,-3.2186E-07
0.030000000000000002,0.9,-2.5203999999999997E-07,2.489E-07,-2.4000000000000004E-13,3.249E-07,-3.2187999999999997E-07
0.035,0.9,-2.4008E-07,2.3716E-07,2.1000000000000001E-13,3.2488E-07,-3.2198E-07
0.04,0.9,-2.289E-07,2.2616E-07,-3.9000000000000005E-13,3.249E-07,-3.222E-07
0.045000000000000005,0.9,-2.181E-07,2.1546E-07,1.8000000000000002E-13,3.2492E-07,-3.2222E-07
0.05,0.9,-2.0802E-07,2.0554E-07,-4.0000000000000006E-14,3.2492E-07,-3.2232E-07
0.055,0.9,-1.9834E-07,1.9597999999999999E-07,-8.4000000000000006E-13,3.2488E-07,-3.2248E-07
0.060000000000000005,0.9,-1.892E-07,1.8684E-07,-1.0000000000000002E-14,3.2486E-07,-3.2262E-07
0.065,0.9,-1.805E-07,1.7832E-07,2.0000000000000003E-14,3.2482E-07,-3.2264E-07
0.07,0.9,-1.7216E-07,1.7006E-07,-8.2E-13,3.2482E-07,-3.2276E-07
0.075,0.9,-1.6418E-07,1.6228E-07,6.0000000000000009E-14,3.2488E-07,-3.2278E-07
0.08,0.9,-1.5659999999999999E-07,1.5478E-07,-3.6000000000000003E-13,3.2486E-07,-3.2292E-07
0.085,0.9,-1.4956E-07,1.4772E-07,-1.21E-12,3.2482E-07,-3.2298E-07
0.090000000000000011,0.9,-1.4272E-07,1.4104E-07,-6.0000000000000009E-14,3.2488E-07,-3.2302E-07
0.095,0.9,-1.3628E-07,1.3464E-07,-6.400000000000001E-13,3.2488E-07,-3.2316E-07
0.1,0.9,-1.3004E-07,1.2853999999999999E-07,6.0000000000000009E-14,3.2482E-07,-3.2324E-07
0.10500000000000001,0.9,-1.2424E-07,1.2278E-07,-1.6000000000000003E-13,3.249E-07,-3.2336E-07
0.11,0.9,-1.1865999999999999E-07,1.1725999999999999E-07,-1.2000000000000001E-12,3.2486E-07,-3.2334E-07
0.115,0.9,-1.1332E-07,1.12E-07,-4.7E-13,3.2486E-07,-3.235E-07
0.12000000000000001,0.9,-1.0816E-07,1.0702E-07,2.8E-13,3.2482E-07,-3.2352E-07
0.125,0.9,-1.0338E-07,1.0228E-07,-1.5300000000000001E-12,3.2488E-07,-3.2366E-07
0.13,0.9,-9.889139999999999E-08,9.7748799999999987E-08,-5.4E-13,3.2486E-07,-3.2374E-07
0.135,0.9,-9.4394399999999987E-08,9.340319999999999E-08,-8.1000000000000008E-13,3.2482E-07,-3.2384E-07
0.14,0.9,-9.0239199999999989E-08,8.92968E-08,-7.2000000000000006E-13,3.2474E-07,-3.2388E-07
0.14500000000000002,0.9,-8.6195799999999989E-08,8.5371199999999988E-08,-6.9000000000000009E-13,3.2494E-07,-3.2398E-07
0.15,0.9,-8.24032E-08,8.1638599999999986E-08,-1.1000000000000002E-12,3.2486E-07,-3.2406E-07
0.155,0.9,-7.8743399999999988E-08,7.807E-08,-9.9E-13,3.249E-07,-3.2408E-07
0.16,0.9,-7.52944E-08,7.4681399999999987E-08,-6.8E-13,3.2484E-07,-3.2416E-07
0.165,0.9,-7.19604E-08,7.1406399999999993E-08,-1.22E-12,3.2488E-07,-3.2426E-07
0.17,0.9,-6.8836599999999988E-08,6.83336E-08,-8.2E-13,3.2482E-07,-3.2428E-07
0.17500000000000002,0.9,-6.57614E-08,6.53578E-08,-1.7E-13,3.2478E-07,-3.2436E-07
0.18000000000000002,0.9,-6.28936E-08,6.25296E-08,-6.3E-13,3.249E-07,-3.2446E-07
0.185,0.9,-6.0118E-08,5.9810199999999989E-08,-9.5E-13,3.2484E-07,-3.2448E-07
0.19,0.9,-5.7489599999999992E-08,5.7266399999999993E-08,-1.0100000000000001E-12,3.2488E-07,-3.2454E-07
0.195,0.9,-5.4956399999999994E-08,5.47834E-08,-9.5E-13,3.2476E-07,-3.246E-07
0.2,0.9,-5.25598E-08,5.2450199999999994E-08,-9.000000000000001E-13,3.2482E-07,-3.246E-07
0.20500000000000002,0.9,-5.0238799999999993E-08,5.0210799999999995E-08,-8.9E-13,3.2488E-07,-3.2478E-07
0.21000000000000002,0.9,-4.80128E-08,4.8054199999999992E-08,-5.3000000000000006E-13,3.2492E-07,-3.2482E-07
0.215,0.9,-4.5924599999999994E-08,4.6007799999999993E-08,-6.6E-13,3.2488E-07,-3.2488E-07
0.22,0.9,-4.3877599999999996E-08,4.40328E-08,-6.0000000000000007E-13,3.2484E-07,-3.25E-07
0.225,0.9,-4.1941199999999996E-08,4.2139E-08,-7.3E-13,3.2492E-07,-3.2496E-07
0.23,0.9,-4.0068199999999996E-08,4.03458E-08,-2.6E-13,3.2484E-07,-3.2508E-07
0.23500000000000001,0.9,-3.82852E-08,3.8623399999999996E-08,-6.0000000000000009E-14,3.2484E-07,-3.2508E-07
0.24000000000000002,0.9,-3.6567999999999994E-08,3.69662E-08,-1.7E-13,3.2486E-07,-3.252E-07
0.24500000000000002,0.9,-3.49522E-08,3.5392199999999994E-08,1E-13,3.2486E-07,-3.2524E-07
0.25,0.9,-3.3355199999999994E-08,3.3878999999999995E-08,-3.0000000000000003E-13,3.249E-07,-3.2526E-07
0.255,0.9,-3.1871999999999996E-08,3.24274E-08,1.0000000000000002E-14,3.2482E-07,-3.253E-07
0.26,0.9,-3.03936E-08,3.1041E-08,1E-13,3.2488E-07,-3.2538E-07
0.265,0.9,-2.9020799999999998E-08,2.9693599999999996E-08,-3.6000000000000003E-13,3.2486E-07,-3.2544E-07
0.27,0.9,-2.7698799999999998E-08,2.8442399999999996E-08,-9.0000000000000008E-14,3.2482E-07,-3.2544E-07
0.275,0.9,-2.6425199999999998E-08,2.7192999999999997E-08,-3.0000000000000003E-13,3.2476E-07,-3.2542E-07
0.28,0.9,-2.5202999999999997E-08,2.6040999999999998E-08,-1.5000000000000002E-13,3.2482E-07,-3.256E-07
0.28500000000000003,0.9,-2.3996E-08,2.4903799999999998E-08,3.5E-13,3.2482E-07,-3.2566E-07
0.29000000000000004,0.9,-2.28766E-08,2.3831999999999998E-08,1E-13,3.248E-07,-3.2568E-07
0.29500000000000004,0.9,-2.1793399999999997E-08,2.27984E-08,-5E-13,3.2482E-07,-3.2572E-07
0.3,0.9,-2.0742599999999997E-08,2.1810399999999997E-08,-4.8000000000000008E-13,3.2482E-07,-3.2582E-07
0.305,0.9,-1.97384E-08,2.0852199999999998E-08,-1.08E-12,3.2482E-07,-3.2584E-07
0.31,0.9,-1.8758399999999997E-08,1.9954799999999998E-08,-6.400000000000001E-13,3.2484E-07,-3.2589999999999997E-07
0.315,0.9,-1.78308E-08,1.9077999999999997E-08,3.6000000000000003E-13,3.2476E-07,-3.2596E-07
0.32,0.9,-1.6925599999999997E-08,1.8237399999999998E-08,-1.13E-12,3.2476E-07,-3.2603999999999997E-07
0.325,0.9,-1.60564E-08,1.7431E-08,-7.4000000000000008E-13,3.248E-07,-3.2603999999999997E-07
0.33,0.9,-1.52496E-08,1.6650799999999997E-08,-1.23E-12,3.2482E-07,-3.261E-07
0.335,0.9,-1.4436399999999998E-08,1.59E-08,-9.3E-13,3.2484E-07,-3.262E-07
0.34,0.9,-1.3680599999999998E-08,1.5195599999999997E-08,-1.1500000000000002E-12,3.2486E-07,-3.263E-07
0.34500000000000003,0.9,-1.2908799999999999E-08,1.4498399999999999E-08,-1.46E-12,3.248E-07,-3.2638E-07
0.35000000000000003,0.9,-1.21924E-08,1.3841399999999998E-08,-8.6000000000000007E-13,3.2488E-07,-3.2642E-07
0.35500000000000004,0.9,-1.14968E-08,1.3227399999999998E-08,-9.7000000000000011E-13,3.2482E-07,-3.2656E-07
0.36000000000000004,0.9,-1.0830399999999999E-08,1.2604399999999998E-08,-1.5400000000000001E-12,3.2488E-07,-3.2662E-07
0.365,0.9,-1.0185199999999999E-08,1.2033E-08,-7.8000000000000011E-13,3.2488E-07,-3.2664E-07
0.37,0.9,-9.6601E-09,1.1479399999999998E-08,-4.3000000000000004E-13,3.2482E-07,-3.2662E-07
0.375,0.9,-9.0889E-09,1.09274E-08,-1.3300000000000002E-12,3.2486E-07,-3.2672E-07
0.38,0.9,-8.523E-09,1.0417399999999998E-08,-1.41E-12,3.2482E-07,-3.2672E-07
0.385,0.9,-7.9946E-09,9.9362E-09,-3.9000000000000005E-13,3.248E-07,-3.2678E-07
0.39,0.9,-7.4765E-09,9.4533999999999988E-09,-4E-13,3.2486E-07,-3.2686E-07
0.395,0.9,-6.974E-09,8.9849E-09,-7E-13,3.2486E-07,-3.2687999999999997E-07
0.4,0.9,-6.5009E-09,8.5543E-09,-1.7E-13,3.2486E-07,-3.2686E-07
0.405,0.9,-6.021E-09,8.1395E-09,3.0000000000000003E-13,3.2492E-07,-3.2696E-07
0.41000000000000003,0.9,-5.5538E-09,7.7322E-09,-5.3000000000000006E-13,3.2482E-07,-3.2696E-07
0.41500000000000004,0.9,-5.1301E-09,7.3678E-09,-1.23E-12,3.2484E-07,-3.2701999999999997E-07
0.42000000000000004,0.9,-4.6785E-09,6.9858E-09,-5.2E-13,3.2484E-07,-3.2708E-07
0.42500000000000004,0.9,-4.2721E-09,6.6423E-09,-1.59E-12,3.2478E-07,-3.2715999999999997E-07
0.43,0.9,-3.8699E-09,6.3034E-09,-1.31E-12,3.2478E-07,-3.2722E-07
0.435,0.9,-3.5006E-09,6.0009E-09,-1.04E-12,3.248E-07,-3.2728E-07
0.44,0.9,-3.1174E-09,5.6735E-09,3.5E-13,3.2482E-07,-3.2734E-07
0.445,0.9,-2.7677E-09,5.389E-09,-8.7E-13,3.2484E-07,-3.274E-07
0.45,0.9,-2.432E-09,5.1099E-09,-7E-13,3.2488E-07,-3.2748E-07
0.455,0.9,-2.1038E-09,4.8405E-09,-1.1000000000000001E-13,3.2486E-07,-3.2756E-07
0.46,0.9,-1.7677E-09,4.5863E-09,-1.1000000000000001E-13,3.2478E-07,-3.2754E-07
0.465,0.9,-1.4677E-09,4.3495E-09,-7.2000000000000006E-13,3.2484E-07,-3.277E-07
0.47000000000000003,0.9,-1.1753E-09,4.1177E-09,-5.7E-13,3.2476E-07,-3.2768E-07
0.47500000000000003,0.9,-9.2179000000000008E-10,3.9049E-09,-6.8E-13,3.2486E-07,-3.278E-07
0.48000000000000004,0.9,-6.2967000000000006E-10,3.6979E-09,-9.2000000000000012E-13,3.2486E-07,-3.2782E-07
0.48500000000000004,0.9,-3.683E-10,3.5E-09,-8.7E-13,3.2478E-07,-3.2788E-07
0.49000000000000005,0.9,-8.8270000000000009E-11,3.3138E-09,-5.3000000000000006E-13,3.2476E-07,-3.2798E-07
0.49500000000000005,0.9,1.3853E-10,3.1396E-09,1.8000000000000002E-13,3.2476E-07,-3.2804E-07
0.5,0.9,3.7748E-10,2.9737E-09,-1.55E-12,3.2474E-07,-3.2808E-07
0.505,0.9,6.1861E-10,2.811E-09,2.6E-13,3.2486E-07,-3.2816E-07
0.51,0.9,8.6147E-10,2.66E-09,6.6E-13,3.248E-07,-3.2827999999999997E-07
0.515,0.9,1.0526E-09,2.5092E-09,5.5000000000000008E-13,3.2474E-07,-3.2836E-07
0.52,0.9,1.2523E-09,2.3761E-09,-1.18E-12,3.248E-07,-3.2838E-07
0.525,0.9,1.4761E-09,2.2422E-09,-1.46E-12,3.2478E-07,-3.2846E-07
0.53,0.9,1.6835E-09,2.1157E-09,-7.4000000000000008E-13,3.248E-07,-3.286E-07
0.535,0.9,1.8772E-09,2.0011E-09,6.0000000000000009E-14,3.2472E-07,-3.2864E-07
0.54,0.9,2.0549E-09,1.8887E-09,-1.4700000000000002E-12,3.2476E-07,-3.2872E-07
0.545,0.9,2.236E-09,1.7822E-09,-7.7000000000000005E-13,3.248E-07,-3.288E-07
0.55,0.9,2.4475E-09,1.679E-09,-8E-13,3.2474E-07,-3.2886E-07
0.555,0.9,2.6245E-09,1.5845E-09,-5.7E-13,3.2468E-07,-3.29E-07
0.56,0.9,2.7967E-09,1.4957E-09,-1.3800000000000002E-12,3.2476E-07,-3.29E-07
0.56500000000000006,0.9,2.9538E-09,1.4054E-09,-2.0000000000000003E-14,3.2482E-07,-3.2911999999999997E-07
0.57000000000000006,0.9,3.1415E-09,1.3259E-09,-1.0000000000000002E-14,3.2466E-07,-3.2924E-07
0.57500000000000007,0.9,3.3303E-09,1.2469E-09,-1.17E-12,3.2474E-07,-3.2928E-07
0.58000000000000007,0.9,3.4567E-09,1.1712E-09,-5.8000000000000005E-13,3.2468E-07,-3.2932E-07
0.58500000000000008,0.9,3.6104E-09,1.1015E-09,4.7E-13,3.2472E-07,-3.2939999999999997E-07
0.59000000000000008,0.9,3.7819E-09,1.0356E-09,-2.1000000000000001E-13,3.2478E-07,-3.296E-07
0.595,0.9,3.9557E-09,9.7813E-10,-1.41E-12,3.247E-07,-3.2962E-07
0.6,0.9,4.0898E-09,9.1858E-10,-3.9000000000000005E-13,3.2476E-07,-3.2967999999999997E-07
0.605,0.9,4.2005E-09,8.6731000000000008E-10,-2.3000000000000003E-13,3.2476E-07,-3.2981999999999997E-07
0.61,0.9,4.366E-09,8.1817000000000008E-10,-4.5000000000000005E-13,3.2478E-07,-3.299E-07
0.615,0.9,4.5566E-09,7.7102000000000009E-10,-9.5E-13,3.2478E-07,-3.2998E-07
0.62,0.9,4.6695E-09,7.2586E-10,-2.4000000000000004E-13,3.2474E-07,-3.3002E-07
0.625,0.9,4.7767E-09,6.8873000000000006E-10,-5E-13,3.2474E-07,-3.3028E-07
0.63,0.9,4.9416E-09,6.509600000000001E-10,-3.5E-13,3.247E-07,-3.3032E-07
0.635,0.9,5.1173E-09,6.1222000000000008E-10,-4.0000000000000006E-14,3.248E-07,-3.3042E-07
0.64,0.9,5.2066E-09,5.8471E-10,4.5000000000000005E-13,3.2476E-07,-3.3062E-07
0.645,0.9,5.3531E-09,5.5508E-10,-1.02E-12,3.2476E-07,-3.3056E-07
0.65,0.9,5.4454E-09,5.2516000000000008E-10,-9.7000000000000011E-13,3.2482E-07,-3.3079999999999997E-07
0.655,0.9,5.5944E-09,4.9839000000000007E-10,3.9000000000000005E-13,3.248E-07,-3.3092E-07
0.66,0.9,5.7534E-09,4.7518E-10,-1.4E-13,3.2476E-07,-3.3098E-07
0.665,0.9,5.9162E-09,4.5194000000000004E-10,-1.18E-12,3.2482E-07,-3.312E-07
0.67,0.9,6.0228E-09,4.2875000000000004E-10,-7.8000000000000011E-13,3.2476E-07,-3.3118E-07
0.675,0.9,6.1681E-09,4.0905000000000005E-10,-5.5000000000000008E-13,3.2486E-07,-3.314E-07
0.68,0.9,6.3072E-09,3.9033000000000004E-10,-7.4000000000000008E-13,3.248E-07,-3.3154E-07
0.685,0.9,6.4693E-09,3.6996000000000003E-10,-6.5000000000000006E-13,3.2482E-07,-3.316E-07
0.69000000000000006,0.9,6.624E-09,3.5223000000000003E-10,-3.1000000000000004E-13,3.248E-07,-3.3176E-07
0.69500000000000006,0.9,6.7516E-09,3.3843000000000004E-10,-1E-12,3.248E-07,-3.318E-07
0.70000000000000007,0.9,6.8411E-09,3.2027E-10,-9.6000000000000015E-13,3.2478E-07,-3.32E-07
0.70500000000000007,0.9,7.0288E-09,3.0518E-10,-1E-13,3.248E-07,-3.32E-07
0.71000000000000008,0.9,7.1323E-09,2.9188000000000003E-10,-7.6000000000000009E-13,3.2474E-07,-3.3218E-07
0.71500000000000008,0.9,7.2551E-09,2.7914000000000003E-10,-1.41E-12,3.248E-07,-3.3233999999999997E-07
0.72000000000000008,0.9,7.4156E-09,2.6283E-10,-1.7E-13,3.2472E-07,-3.3246E-07
0.72500000000000009,0.9,7.6169E-09,2.5086E-10,3.0000000000000003E-13,3.2476E-07,-3.3268E-07
0.73,0.9,7.7488E-09,2.4141E-10,-1.2000000000000001E-12,3.2472E-07,-3.3282E-07
0.735,0.9,7.8538E-09,2.2886000000000002E-10,-1.4400000000000001E-12,3.247E-07,-3.3289999999999997E-07
0.74,0.9,8.0042E-09,2.1684000000000002E-10,-3.0000000000000005E-14,3.2476E-07,-3.3294E-07
0.745,0.9,8.1258E-09,2.0885E-10,-1.1500000000000002E-12,3.2478E-07,-3.3306E-07
0.75,0.9,8.4107E-09,1.9826000000000002E-10,-1.7100000000000002E-12,3.2474E-07,-3.3326E-07
0.755,0.9,8.4042E-09,1.8811E-10,-1.4E-13,3.2468E-07,-3.333E-07
0.76,0.9,8.6229E-09,1.7812E-10,2.1000000000000001E-13,3.2474E-07,-3.3352E-07
0.765,0.9,8.7749E-09,1.7120000000000001E-10,3.0000000000000005E-14,3.2476E-07,-3.3373999999999997E-07
0.77,0.9,8.8645E-09,1.6123000000000002E-10,-1.65E-12,3.248E-07,-3.3396E-07
0.775,0.9,9.0815E-09,1.5302E-10,-3.4E-13,3.2482E-07,-3.3404E-07
0.78,0.9,9.2126E-09,1.4739000000000002E-10,-7.6000000000000009E-13,3.2474E-07,-3.3412E-07
0.785,0.9,9.3477E-09,1.3959E-10,-1.21E-12,3.2482E-07,-3.3448E-07
0.79,0.9,9.5044E-09,1.3254000000000002E-10,-2.5E-13,3.248E-07,-3.346E-07
0.795,0.9,9.6609E-09,1.2587E-10,-7E-14,3.247E-07,-3.3456E-07
0.8,0.9,9.87E-09,1.2150000000000002E-10,-8.9E-13,3.247E-07,-3.3468E-07
0.805,0.9,1.00994E-08,1.1298000000000001E-10,-7.3E-13,3.2468E-07,-3.3498E-07
0.81,0.9,1.02355E-08,1.0832000000000001E-10,-4E-13,3.2466E-07,-3.3496E-07
0.81500000000000006,0.9,1.04004E-08,1.03E-10,4.3000000000000004E-13,3.249E-07,-3.355E-07
0.82000000000000006,0.9,1.06891E-08,9.9400000000000013E-11,-7.6000000000000009E-13,3.248E-07,-3.3554E-07
0.82500000000000007,0.9,1.08077E-08,9.123E-11,-2.9000000000000003E-13,3.2478E-07,-3.3555999999999997E-07
0.83000000000000007,0.9,1.09794E-08,8.7930000000000013E-11,3.4E-13,3.2474E-07,-3.3588E-07
0.83500000000000008,0.9,1.10828E-08,8.516E-11,-1.14E-12,3.248E-07,-3.3588E-07
0.84000000000000008,0.9,1.13944E-08,7.99E-11,-1.26E-12,3.248E-07,-3.3608E-07
0.84500000000000008,0.9,1.1502599999999999E-08,7.519E-11,-6.7000000000000007E-13,3.2474E-07,-3.3632E-07
0.85000000000000009,0.9,1.1678799999999999E-08,7.055E-11,-1.2000000000000002E-13,3.2476E-07,-3.3664E-07
0.85500000000000009,0.9,1.1878199999999998E-08,6.5960000000000011E-11,-4.7E-13,3.248E-07,-3.368E-07
0.86,0.9,1.2136999999999998E-08,6.3780000000000011E-11,-3.8000000000000005E-13,3.2474E-07,-3.3704E-07
0.865,0.9,1.2347199999999999E-08,6.0260000000000007E-11,-3.2000000000000005E-13,3.2482E-07,-3.3709999999999997E-07
0.87,0.9,1.2494999999999999E-08,5.783E-11,-1.21E-12,3.2484E-07,-3.373E-07
0.875,0.9,1.2651799999999999E-08,5.4450000000000003E-11,-5.3000000000000006E-13,3.2482E-07,-3.376E-07
0.88,0.9,1.2970999999999999E-08,5.087E-11,-1.5E-12,3.2486E-07,-3.3782E-07
0.885,0.9,1.31062E-08,4.712E-11,-2.0500000000000004E-12,3.2474E-07,-3.3806E-07
0.89,0.9,1.33498E-08,4.3500000000000005E-11,-3.7000000000000004E-13,3.2486E-07,-3.3826E-07
0.895,0.9,1.3464199999999998E-08,4.01E-11,-8.9E-13,3.2474E-07,-3.3818E-07
0.9,0.9,1.3646399999999999E-08,3.495E-11,-3.2000000000000005E-13,3.2478E-07,-3.3844E-07
