vg	id_vd = 0.0V	ig_vd = 0.0V	is_vd = 0.0V	iavdd_vd = 0.0V	ignd_vd = 0.0V	id_vd = 0.15V	ig_vd = 0.15V	is_vd = 0.15V	iavdd_vd = 0.15V	ignd_vd = 0.15V	id_vd = 0.3V	ig_vd = 0.3V	is_vd = 0.3V	iavdd_vd = 0.3V	ignd_vd = 0.3V	id_vd = 0.45V	ig_vd = 0.45V	is_vd = 0.45V	iavdd_vd = 0.45V	ignd_vd = 0.45V	id_vd = 0.6V	ig_vd = 0.6V	is_vd = 0.6V	iavdd_vd = 0.6V	ignd_vd = 0.6V	id_vd = 0.75V	ig_vd = 0.75V	is_vd = 0.75V	iavdd_vd = 0.75V	ignd_vd = 0.75V	id_vd = 0.9V	ig_vd = 0.9V	is_vd = 0.9V	iavdd_vd = 0.9V	ignd_vd = 0.9V
-0.3	1.0709e-09	-4.8337999999999996e-09	-5.7e-13	3.254e-07	-3.2158e-07	4.4163e-09	-6.4013e-09	-5.300000000000002e-13	3.2528e-07	-3.2302e-07	7.6951e-09	-9.0207e-09	1e-13	3.2522e-07	-3.2364e-07	1.2999799999999998e-08	-1.2930199999999998e-08	-1.8000000000000004e-13	3.2502e-07	-3.2484e-07	2.03816e-08	-1.8389e-08	-1.21e-12	3.2492e-07	-3.2666e-07	3.1144e-08	-2.55864e-08	6.000000000000001e-14	3.2488e-07	-3.3008e-07	4.63324e-08	-3.4822399999999994e-08	-5.800000000000002e-13	3.2502e-07	-3.3608e-07
-0.295	1.0238e-09	-4.4291e-09	-9.3e-13	3.2536e-07	-3.219e-07	4.0447e-09	-5.9586e-09	-4e-13	3.2524e-07	-3.2326e-07	7.289e-09	-8.5408e-09	-7.600000000000002e-13	3.2514e-07	-3.2386e-07	1.2598799999999998e-08	-1.24032e-08	-9.100000000000002e-13	3.25e-07	-3.2512e-07	1.99356e-08	-1.7801399999999997e-08	-9.000000000000001e-13	3.2484e-07	-3.2692e-07	3.0673e-08	-2.4933e-08	-4.7e-13	3.2486e-07	-3.3044e-07	4.564e-08	-3.4075e-08	-4e-13	3.2492e-07	-3.368e-07
-0.29	9.8432e-10	-4.0517e-09	2.7e-13	3.2542e-07	-3.2238e-07	3.8815e-09	-5.5475e-09	-1.79e-12	3.253e-07	-3.2362e-07	7.0837e-09	-8.0827e-09	-7e-14	3.2506e-07	-3.2418e-07	1.23354e-08	-1.1899799999999998e-08	-9.100000000000002e-13	3.25e-07	-3.2542e-07	1.96298e-08	-1.7239999999999998e-08	-1.46e-12	3.2492e-07	-3.2716e-07	3.0262199999999994e-08	-2.43066e-08	-1.2000000000000001e-12	3.2492e-07	-3.308e-07	4.52222e-08	-3.33812e-08	-9.200000000000001e-13	3.2496e-07	-3.3664e-07
-0.285	9.5289e-10	-3.7097e-09	2.8e-13	3.2536e-07	-3.2262e-07	3.7356e-09	-5.1797e-09	-1.45e-12	3.2524e-07	-3.238e-07	6.905e-09	-7.674e-09	-7.3e-13	3.2514e-07	-3.2438e-07	1.2110599999999998e-08	-1.14402e-08	-1.21e-12	3.25e-07	-3.2562e-07	1.93212e-08	-1.6725e-08	-1.36e-12	3.249e-07	-3.274e-07	2.99508e-08	-2.37336e-08	-1.7200000000000001e-12	3.2482e-07	-3.3094e-07	4.48152e-08	-3.27354e-08	-6.3e-13	3.249e-07	-3.3708e-07
-0.28	9.0342e-10	-3.401e-09	-1.04e-12	3.2542e-07	-3.2292e-07	3.6088e-09	-4.8382e-09	-1.6000000000000005e-13	3.2528e-07	-3.2402e-07	6.7365e-09	-7.2935e-09	2.0000000000000003e-14	3.2512e-07	-3.2452e-07	1.1888999999999998e-08	-1.10116e-08	-1.2000000000000001e-12	3.2506e-07	-3.2584e-07	1.90432e-08	-1.624e-08	-7.200000000000002e-13	3.2486e-07	-3.2762e-07	2.95816e-08	-2.3183e-08	-9.000000000000001e-13	3.2484e-07	-3.3128e-07	4.432899999999999e-08	-3.20932e-08	-6.000000000000002e-13	3.2492e-07	-3.3722e-07
-0.275	8.6521e-10	-3.121e-09	4.0000000000000006e-14	3.254e-07	-3.2316e-07	3.4961e-09	-4.5298e-09	-1.9000000000000002e-13	3.2522e-07	-3.2418e-07	6.5768e-09	-6.9443e-09	-4.600000000000002e-13	3.2512e-07	-3.2476e-07	1.1689399999999998e-08	-1.0613e-08	-1.0600000000000001e-12	3.2504e-07	-3.2604e-07	1.87764e-08	-1.5787799999999998e-08	2.8e-13	3.2492e-07	-3.2776e-07	2.92354e-08	-2.26628e-08	2.5e-13	3.2486e-07	-3.3132e-07	4.39406e-08	-3.15164e-08	-6.3e-13	3.249e-07	-3.3712e-07
-0.27	8.3198e-10	-2.8634e-09	-7.800000000000002e-13	3.2546e-07	-3.2332e-07	3.3836e-09	-4.2422e-09	-1.1500000000000001e-12	3.2528e-07	-3.2436e-07	6.4331e-09	-6.6168e-09	-6.200000000000001e-13	3.2516e-07	-3.2486e-07	1.14838e-08	-1.0239399999999998e-08	-1.07e-12	3.2506e-07	-3.2626e-07	1.85324e-08	-1.5357399999999998e-08	-4.500000000000001e-13	3.2492e-07	-3.2804e-07	2.8908e-08	-2.21566e-08	4.3000000000000004e-13	3.2494e-07	-3.3164e-07	4.358e-08	-3.0951199999999995e-08	-4.600000000000002e-13	3.2482e-07	-3.373e-07
-0.265	7.9947e-10	-2.6293e-09	-8.7e-13	3.2542e-07	-3.2362e-07	3.2827e-09	-3.9811e-09	-1.07e-12	3.2528e-07	-3.2456e-07	6.2786e-09	-6.3166e-09	-2.300000000000001e-13	3.2514e-07	-3.2514e-07	1.1293e-08	-9.8926e-09	-6.3e-13	3.2506e-07	-3.2642e-07	1.82822e-08	-1.49472e-08	-9.000000000000001e-13	3.249e-07	-3.282e-07	2.86198e-08	-2.1687e-08	-3.000000000000001e-13	3.2494e-07	-3.3172e-07	4.31036e-08	-3.03988e-08	-6.200000000000001e-13	3.2488e-07	-3.377e-07
-0.26	7.5066e-10	-2.4234e-09	-9.9e-13	3.256e-07	-3.2384e-07	3.1839e-09	-3.744e-09	1.1000000000000001e-13	3.2532e-07	-3.2468e-07	6.1511e-09	-6.0416e-09	-2e-13	3.251e-07	-3.2522e-07	1.10656e-08	-9.5722e-09	-1.1000000000000002e-12	3.2506e-07	-3.2652e-07	1.80468e-08	-1.4571599999999998e-08	-1.22e-12	3.2498e-07	-3.2844e-07	2.82728e-08	-2.12598e-08	-4.800000000000001e-13	3.2486e-07	-3.3186e-07	4.27162e-08	-2.98836e-08	-1.5200000000000002e-12	3.249e-07	-3.3766e-07
-0.255	7.1875e-10	-2.2319e-09	3.000000000000001e-13	3.2542e-07	-3.239e-07	3.0782e-09	-3.5209e-09	-2.6e-13	3.253e-07	-3.2482e-07	6.0204e-09	-5.7801e-09	-1.23e-12	3.2506e-07	-3.2536e-07	1.08052e-08	-9.2626e-09	-4.3000000000000004e-13	3.2502e-07	-3.266e-07	1.7823999999999998e-08	-1.4204799999999998e-08	-1.32e-12	3.2494e-07	-3.284e-07	2.80124e-08	-2.08314e-08	-2.900000000000001e-13	3.2486e-07	-3.3192e-07	4.23032e-08	-2.93868e-08	-7.100000000000001e-13	3.2488e-07	-3.3758e-07
-0.25	6.9927e-10	-2.0579e-09	-4.2000000000000003e-13	3.2542e-07	-3.241e-07	2.9813e-09	-3.3191e-09	-1.1100000000000001e-12	3.2534e-07	-3.25e-07	5.889e-09	-5.5404e-09	-1.2900000000000002e-12	3.2514e-07	-3.2544e-07	1.06104e-08	-8.9739e-09	-4.2000000000000003e-13	3.25e-07	-3.2662e-07	1.7568599999999998e-08	-1.38696e-08	-8.7e-13	3.25e-07	-3.2858e-07	2.76534e-08	-2.04256e-08	-8.300000000000001e-13	3.2488e-07	-3.3202e-07	4.18924e-08	-2.8912e-08	-1.26e-12	3.2488e-07	-3.3784e-07
-0.245	6.6434e-10	-1.8969e-09	-7.600000000000002e-13	3.2536e-07	-3.2416e-07	2.9021e-09	-3.1327e-09	-4e-13	3.2526e-07	-3.2508e-07	5.7592e-09	-5.3159e-09	-1.1000000000000001e-13	3.2504e-07	-3.2554e-07	1.04284e-08	-8.7048e-09	7e-14	3.2506e-07	-3.2674e-07	1.7351799999999998e-08	-1.35354e-08	-9.700000000000001e-13	3.2494e-07	-3.2878e-07	2.7397e-08	-2.00318e-08	-7e-13	3.2486e-07	-3.3206e-07	4.14414e-08	-2.845e-08	-9.9e-13	3.2492e-07	-3.3778e-07
-0.24	6.2798e-10	-1.7555e-09	-6.500000000000002e-13	3.2534e-07	-3.2418e-07	2.8274e-09	-2.9594e-09	3.7000000000000004e-13	3.253e-07	-3.2518e-07	5.6518e-09	-5.107e-09	-3.0000000000000005e-14	3.2512e-07	-3.256e-07	1.02526e-08	-8.4512e-09	6.3e-13	3.25e-07	-3.2682e-07	1.7141799999999998e-08	-1.3231399999999998e-08	-3.1000000000000004e-13	3.2494e-07	-3.288e-07	2.7162e-08	-1.96616e-08	-9.4e-13	3.2486e-07	-3.324e-07	4.11904e-08	-2.8012e-08	-5e-13	3.2492e-07	-3.3796e-07
-0.235	6.0175e-10	-1.6216e-09	3.1000000000000004e-13	3.2538e-07	-3.2432e-07	2.7463e-09	-2.799e-09	-7.900000000000001e-13	3.2528e-07	-3.252e-07	5.5363e-09	-4.9232e-09	-1.1500000000000001e-12	3.2504e-07	-3.2568e-07	1.00848e-08	-8.2077e-09	1.4e-13	3.2498e-07	-3.2682e-07	1.68806e-08	-1.29222e-08	-2.900000000000001e-13	3.2504e-07	-3.2886e-07	2.68786e-08	-1.93012e-08	-1.0100000000000001e-12	3.2482e-07	-3.3234e-07	4.07444e-08	-2.75792e-08	-8.300000000000001e-13	3.2482e-07	-3.3802e-07
-0.23	5.762e-10	-1.5e-09	-5.7e-13	3.255e-07	-3.2454e-07	2.6686e-09	-2.6522e-09	-2.7e-13	3.2516e-07	-3.2522e-07	5.411e-09	-4.7218e-09	-9.9e-13	3.2508e-07	-3.2578e-07	9.920999999999998e-09	-7.9755e-09	-2.2000000000000002e-13	3.25e-07	-3.2684e-07	1.6699e-08	-1.26492e-08	-7.5e-13	3.25e-07	-3.2894e-07	2.6556e-08	-1.89532e-08	-2.4000000000000004e-13	3.2492e-07	-3.3236e-07	4.04406e-08	-2.71596e-08	-1.32e-12	3.2476e-07	-3.3802e-07
-0.225	5.4017e-10	-1.3908e-09	-9.100000000000002e-13	3.2542e-07	-3.2452e-07	2.5889e-09	-2.5153e-09	-6.8e-13	3.2516e-07	-3.2522e-07	5.3043e-09	-4.5486e-09	-3.7000000000000004e-13	3.2514e-07	-3.2588e-07	9.7552e-09	-7.7534e-09	-4.2000000000000003e-13	3.2494e-07	-3.2688e-07	1.64808e-08	-1.23714e-08	-3.800000000000001e-13	3.2494e-07	-3.2902e-07	2.62966e-08	-1.8611e-08	-2.8e-13	3.2492e-07	-3.3258e-07	3.99322e-08	-2.67562e-08	-9.3e-13	3.248e-07	-3.3792e-07
-0.22	5.185300000000001e-10	-1.2902e-09	-1.5000000000000004e-13	3.2542e-07	-3.2466e-07	2.5263e-09	-2.3862e-09	2.7e-13	3.2522e-07	-3.2536e-07	5.2072e-09	-4.3839e-09	-1e-13	3.2508e-07	-3.2594e-07	9.588599999999999e-09	-7.55e-09	-5.2e-13	3.25e-07	-3.27e-07	1.62722e-08	-1.2115399999999998e-08	-4.9e-13	3.2498e-07	-3.2902e-07	2.59616e-08	-1.82946e-08	-1.3000000000000001e-12	3.2488e-07	-3.326e-07	3.95926e-08	-2.6364e-08	-3.3e-13	3.2482e-07	-3.3828e-07
-0.215	5.0187e-10	-1.1951e-09	-1.4e-12	3.2546e-07	-3.2472e-07	2.4629e-09	-2.266e-09	-5.6e-13	3.253e-07	-3.2538e-07	5.1048e-09	-4.2295e-09	-1.0100000000000001e-12	3.251e-07	-3.26e-07	9.4358e-09	-7.347e-09	-1.4400000000000001e-12	3.25e-07	-3.2708e-07	1.60876e-08	-1.1865e-08	-5.4e-13	3.2496e-07	-3.291e-07	2.57208e-08	-1.7977199999999997e-08	-1.14e-12	3.2484e-07	-3.3258e-07	3.92242e-08	-2.59756e-08	-1.1500000000000001e-12	3.2492e-07	-3.3832e-07
-0.21	4.7212e-10	-1.1113e-09	-1.3400000000000003e-12	3.2546e-07	-3.2484e-07	2.3923e-09	-2.1572e-09	-9.9e-13	3.2528e-07	-3.2552e-07	4.9936e-09	-4.0828e-09	-8.000000000000001e-14	3.2506e-07	-3.26e-07	9.2686e-09	-7.1598e-09	-2.7e-13	3.25e-07	-3.2712e-07	1.58736e-08	-1.1624599999999998e-08	-2.7e-13	3.2492e-07	-3.2916e-07	2.5472e-08	-1.7678799999999998e-08	-3.900000000000001e-13	3.2488e-07	-3.326e-07	3.8944e-08	-2.5613e-08	-1.3300000000000002e-12	3.2486e-07	-3.3808e-07
-0.205	4.4044e-10	-1.0357e-09	-2.6e-13	3.254e-07	-3.2484e-07	2.3326e-09	-2.0533e-09	-5.300000000000002e-13	3.2528e-07	-3.255e-07	4.895e-09	-3.9408e-09	2.900000000000001e-13	3.2504e-07	-3.2592e-07	9.1264e-09	-6.9702e-09	-3.2000000000000005e-13	3.2504e-07	-3.2714e-07	1.56548e-08	-1.13832e-08	-2.1000000000000001e-13	3.2492e-07	-3.291e-07	2.52314e-08	-1.7385199999999997e-08	-1.3e-13	3.2486e-07	-3.3268e-07	3.8621999999999993e-08	-2.52534e-08	-1.78e-12	3.2482e-07	-3.381e-07
-0.2	4.2773e-10	-9.6175e-10	-7.200000000000002e-13	3.2536e-07	-3.2478e-07	2.2756e-09	-1.9543e-09	-8.500000000000002e-13	3.2524e-07	-3.255e-07	4.802e-09	-3.8082e-09	-1.03e-12	3.2514e-07	-3.2618e-07	8.9918e-09	-6.7967e-09	3.0000000000000005e-14	3.2504e-07	-3.272e-07	1.5453e-08	-1.11538e-08	-8.600000000000001e-13	3.2492e-07	-3.2916e-07	2.48936e-08	-1.70972e-08	-6.500000000000002e-13	3.249e-07	-3.3264e-07	3.8202e-08	-2.48862e-08	-9.9e-13	3.2488e-07	-3.3842e-07
-0.195	3.9373000000000005e-10	-8.9361e-10	-1.03e-12	3.2536e-07	-3.2484e-07	2.1982e-09	-1.8631e-09	-1.23e-12	3.2522e-07	-3.2556e-07	4.7012e-09	-3.6834e-09	-7e-13	3.2512e-07	-3.2614e-07	8.8328e-09	-6.6254e-09	-9.5e-13	3.2498e-07	-3.2726e-07	1.5305799999999997e-08	-1.0931e-08	-4.4000000000000004e-13	3.2494e-07	-3.2928e-07	2.46468e-08	-1.6808799999999998e-08	-1e-13	3.2484e-07	-3.3264e-07	3.803579999999999e-08	-2.4546e-08	4.500000000000001e-13	3.2486e-07	-3.3826e-07
-0.19	3.7075e-10	-8.3636e-10	-8.400000000000001e-13	3.2536e-07	-3.2484e-07	2.154e-09	-1.7794e-09	2.4000000000000004e-13	3.2518e-07	-3.2558e-07	4.6004e-09	-3.5659e-09	2.900000000000001e-13	3.2512e-07	-3.2612e-07	8.6949e-09	-6.4647e-09	-6.1e-13	3.2502e-07	-3.2724e-07	1.5087599999999997e-08	-1.07214e-08	-5e-14	3.2498e-07	-3.2932e-07	2.44022e-08	-1.6536999999999998e-08	-3.5e-13	3.2492e-07	-3.3278e-07	3.76094e-08	-2.42064e-08	-1.7e-13	3.2482e-07	-3.3814e-07
-0.185	3.5362e-10	-7.7776e-10	2.900000000000001e-13	3.2536e-07	-3.2494e-07	2.0952e-09	-1.6984e-09	-2.6e-13	3.2516e-07	-3.256e-07	4.521e-09	-3.4491e-09	1.2000000000000002e-13	3.2508e-07	-3.2614e-07	8.5583e-09	-6.3088e-09	3.1000000000000004e-13	3.2506e-07	-3.273e-07	1.4908799999999997e-08	-1.05122e-08	4.2000000000000003e-13	3.2482e-07	-3.2928e-07	2.41728e-08	-1.62676e-08	-3.5e-13	3.2492e-07	-3.3282e-07	3.71046e-08	-2.38692e-08	-1.6000000000000005e-13	3.2488e-07	-3.3818e-07
-0.18	3.3370000000000005e-10	-7.248200000000001e-10	-1.0500000000000002e-12	3.2534e-07	-3.2496e-07	2.0399e-09	-1.6206e-09	-1.18e-12	3.2526e-07	-3.2566e-07	4.433e-09	-3.3377e-09	-9.8e-13	3.25e-07	-3.2608e-07	8.4298e-09	-6.1587e-09	-4.7e-13	3.2504e-07	-3.273e-07	1.4733599999999998e-08	-1.0306399999999998e-08	0.0	3.2504e-07	-3.2938e-07	2.3855e-08	-1.60102e-08	4.2000000000000003e-13	3.2488e-07	-3.3272e-07	3.69424e-08	-2.35454e-08	-8.600000000000001e-13	3.2484e-07	-3.3826e-07
-0.175	3.1011000000000003e-10	-6.7948e-10	-5.9e-13	3.2536e-07	-3.25e-07	1.9838e-09	-1.5504e-09	-1.1600000000000001e-12	3.2524e-07	-3.2576e-07	4.336e-09	-3.2338e-09	-6.200000000000001e-13	3.25e-07	-3.2616e-07	8.3035e-09	-6.0094e-09	-1.07e-12	3.2504e-07	-3.2732e-07	1.4538799999999998e-08	-1.01136e-08	-4.2000000000000003e-13	3.2496e-07	-3.2932e-07	2.36366e-08	-1.5754199999999998e-08	-3.600000000000001e-13	3.2492e-07	-3.328e-07	3.65676e-08	-2.32174e-08	-6.000000000000002e-13	3.2478e-07	-3.3822e-07
-0.17	2.9165e-10	-6.3444e-10	-6.1e-13	3.2542e-07	-3.25e-07	1.9326e-09	-1.4836e-09	4e-13	3.2528e-07	-3.2568e-07	4.2531e-09	-3.1339e-09	-6.6e-13	3.2502e-07	-3.2614e-07	8.1697e-09	-5.8682e-09	-1.3e-13	3.25e-07	-3.2726e-07	1.43528e-08	-9.918799999999997e-09	-1.3e-13	3.2498e-07	-3.294e-07	2.34352e-08	-1.55064e-08	-7.5e-13	3.2492e-07	-3.3274e-07	3.63812e-08	-2.29018e-08	8.9e-13	3.2482e-07	-3.3808e-07
-0.165	2.7231e-10	-5.910800000000001e-10	-1.08e-12	3.2548e-07	-3.2508e-07	1.8951e-09	-1.4179e-09	-2.4000000000000004e-13	3.2528e-07	-3.2576e-07	4.1775e-09	-3.0355e-09	-1.4e-13	3.2504e-07	-3.2612e-07	8.0678e-09	-5.7263e-09	3.4e-13	3.2502e-07	-3.274e-07	1.41704e-08	-9.731e-09	-3.000000000000001e-13	3.2492e-07	-3.293e-07	2.31444e-08	-1.52584e-08	-7.3e-13	3.2488e-07	-3.3278e-07	3.59206e-08	-2.25848e-08	1.5000000000000004e-13	3.2486e-07	-3.3818e-07
-0.16	2.5307000000000004e-10	-5.5302e-10	-8.800000000000002e-13	3.2542e-07	-3.2508e-07	1.836e-09	-1.3544e-09	-6.700000000000002e-13	3.2532e-07	-3.257e-07	4.0904e-09	-2.9422e-09	-7.400000000000001e-13	3.2508e-07	-3.2624e-07	7.932e-09	-5.5945e-09	-8.7e-13	3.2496e-07	-3.2732e-07	1.39998e-08	-9.5528e-09	-3.800000000000001e-13	3.2488e-07	-3.2942e-07	2.29938e-08	-1.5013199999999998e-08	-1.2000000000000002e-13	3.2496e-07	-3.3286e-07	3.56528e-08	-2.22782e-08	-6.700000000000002e-13	3.249e-07	-3.3814e-07
-0.155	2.3396000000000004e-10	-5.188700000000001e-10	-7.200000000000002e-13	3.2536e-07	-3.2508e-07	1.7915e-09	-1.2981e-09	-6.8e-13	3.2516e-07	-3.2566e-07	4.0149e-09	-2.8549e-09	1.5000000000000004e-13	3.2506e-07	-3.2628e-07	7.7989e-09	-5.4628e-09	-1.3500000000000001e-12	3.25e-07	-3.2738e-07	1.38104e-08	-9.3709e-09	2.0000000000000003e-14	3.2498e-07	-3.2944e-07	2.27094e-08	-1.47756e-08	4.800000000000001e-13	3.249e-07	-3.3276e-07	3.52748e-08	-2.19726e-08	-3.4e-13	3.2486e-07	-3.3822e-07
-0.15	2.243e-10	-4.834800000000001e-10	-7.3e-13	3.2536e-07	-3.2508e-07	1.7404e-09	-1.2434e-09	-1.4e-13	3.252e-07	-3.2562e-07	3.9396e-09	-2.7675e-09	-1.09e-12	3.2512e-07	-3.263e-07	7.6872e-09	-5.3363e-09	-7.5e-13	3.25e-07	-3.273e-07	1.3635799999999998e-08	-9.1979e-09	-4.2000000000000003e-13	3.2494e-07	-3.294e-07	2.24934e-08	-1.4548599999999998e-08	-5.9e-13	3.2494e-07	-3.3274e-07	3.50808e-08	-2.16768e-08	-1.09e-12	3.248e-07	-3.3782e-07
-0.145	2.0475e-10	-4.5178e-10	-8.100000000000001e-13	3.2542e-07	-3.2514e-07	1.7108e-09	-1.1892e-09	4.7e-13	3.252e-07	-3.257e-07	3.8636e-09	-2.6814e-09	-9.000000000000001e-13	3.2516e-07	-3.2634e-07	7.5682e-09	-5.2119e-09	-3.3e-13	3.2498e-07	-3.274e-07	1.3433999999999998e-08	-9.0208e-09	-1.3300000000000002e-12	3.2492e-07	-3.2928e-07	2.22676e-08	-1.43164e-08	-6.000000000000002e-13	3.2496e-07	-3.3276e-07	3.44164e-08	-2.13876e-08	-4.9e-13	3.2484e-07	-3.3776e-07
-0.14	1.8725000000000003e-10	-4.2354e-10	1.0000000000000002e-14	3.2536e-07	-3.2514e-07	1.6511e-09	-1.1392e-09	-5.800000000000002e-13	3.2518e-07	-3.2576e-07	3.7878e-09	-2.6015e-09	-6.500000000000002e-13	3.2512e-07	-3.2632e-07	7.4495e-09	-5.0891e-09	-1.5300000000000001e-12	3.2502e-07	-3.2742e-07	1.3272799999999998e-08	-8.8542e-09	-3.7000000000000004e-13	3.2494e-07	-3.2938e-07	2.20156e-08	-1.40914e-08	-1.8000000000000004e-13	3.2498e-07	-3.3292e-07	3.4212e-08	-2.10984e-08	-4.0000000000000006e-14	3.2482e-07	-3.3776e-07
-0.135	1.7326e-10	-3.9682e-10	5.1e-13	3.2534e-07	-3.2514e-07	1.6056e-09	-1.0932e-09	-1.2000000000000002e-13	3.2528e-07	-3.2578e-07	3.7144e-09	-2.5247e-09	-1.7e-13	3.2512e-07	-3.2632e-07	7.3269e-09	-4.9735e-09	-9.8e-13	3.2498e-07	-3.2736e-07	1.3121599999999998e-08	-8.6826e-09	-5.800000000000002e-13	3.2492e-07	-3.2936e-07	2.18002e-08	-1.38718e-08	2.0000000000000003e-14	3.249e-07	-3.3276e-07	3.38524e-08	-2.08112e-08	2.2000000000000002e-13	3.2486e-07	-3.3778e-07
-0.13	1.5678e-10	-3.6682e-10	-1.07e-12	3.2526e-07	-3.2504e-07	1.5756e-09	-1.0464e-09	2.300000000000001e-13	3.2528e-07	-3.2584e-07	3.6439e-09	-2.4481e-09	1.1000000000000001e-13	3.2512e-07	-3.2638e-07	7.2106e-09	-4.8599e-09	-7e-13	3.2494e-07	-3.2738e-07	1.2961799999999998e-08	-8.5251e-09	-1.5000000000000004e-13	3.249e-07	-3.2934e-07	2.16136e-08	-1.3658999999999998e-08	1e-13	3.2492e-07	-3.3272e-07	3.3569599999999994e-08	-2.05336e-08	-2.5e-13	3.2484e-07	-3.3772e-07
-0.125	1.3771e-10	-3.4550000000000005e-10	-3.3e-13	3.253e-07	-3.2506e-07	1.5325e-09	-1.0013e-09	-1.64e-12	3.2522e-07	-3.2584e-07	3.5728e-09	-2.3732e-09	-6.000000000000002e-13	3.2504e-07	-3.2626e-07	7.1066e-09	-4.7427e-09	-2.8e-13	3.2498e-07	-3.2746e-07	1.27762e-08	-8.3628e-09	-1.1100000000000001e-12	3.2492e-07	-3.2932e-07	2.13402e-08	-1.34472e-08	6.900000000000001e-13	3.2492e-07	-3.328e-07	3.3372e-08	-2.02484e-08	9e-14	3.248e-07	-3.378e-07
-0.12	1.2776e-10	-3.2190000000000005e-10	-4.7e-13	3.253e-07	-3.2508e-07	1.4895e-09	-9.6296e-10	3.7000000000000004e-13	3.2522e-07	-3.2576e-07	3.4961e-09	-2.304e-09	-1.5000000000000004e-13	3.2514e-07	-3.2632e-07	7.0121e-09	-4.6347e-09	-4.2000000000000003e-13	3.2502e-07	-3.2734e-07	1.2620399999999998e-08	-8.2066e-09	-8.500000000000002e-13	3.2494e-07	-3.293e-07	2.11944e-08	-1.32276e-08	2.4000000000000004e-13	3.2492e-07	-3.328e-07	3.2994e-08	-1.9982e-08	1.0000000000000002e-14	3.2482e-07	-3.3784e-07
-0.115	1.1181e-10	-2.9823e-10	-6.400000000000001e-13	3.2534e-07	-3.2506e-07	1.4537e-09	-9.2192e-10	-2.0000000000000003e-14	3.2524e-07	-3.2578e-07	3.4294999999999998e-09	-2.2347e-09	-1.8000000000000004e-13	3.2512e-07	-3.2626e-07	6.8943e-09	-4.5264e-09	-2.2000000000000002e-13	3.2504e-07	-3.2734e-07	1.24842e-08	-8.053e-09	-3.7000000000000004e-13	3.2494e-07	-3.2932e-07	2.09532e-08	-1.30142e-08	-2.1000000000000001e-13	3.2486e-07	-3.3276e-07	3.2713199999999994e-08	-1.97112e-08	1.5000000000000004e-13	3.2484e-07	-3.3776e-07
-0.11	9.469e-11	-2.7808000000000004e-10	-6.500000000000002e-13	3.2528e-07	-3.2508e-07	1.4236e-09	-8.8171e-10	-8e-13	3.253e-07	-3.2578e-07	3.3733e-09	-2.1676e-09	-2.1000000000000001e-13	3.2512e-07	-3.2634e-07	6.8132e-09	-4.422e-09	7e-14	3.25e-07	-3.2742e-07	1.22958e-08	-7.9e-09	-1.4200000000000002e-12	3.2492e-07	-3.293e-07	2.07102e-08	-1.2809e-08	-1.1900000000000002e-12	3.2492e-07	-3.3274e-07	3.2473e-08	-1.94448e-08	-3.7000000000000004e-13	3.2484e-07	-3.378e-07
-0.105	8.222e-11	-2.5866e-10	-5.4e-13	3.253e-07	-3.2514e-07	1.3827e-09	-8.4641e-10	-5.300000000000002e-13	3.2524e-07	-3.2578e-07	3.3033e-09	-2.0985e-09	-1.37e-12	3.251e-07	-3.2626e-07	6.6919e-09	-4.3163e-09	-7.400000000000001e-13	3.2496e-07	-3.2728e-07	1.2169399999999998e-08	-7.7512e-09	-1.2800000000000002e-12	3.25e-07	-3.2936e-07	2.05222e-08	-1.26082e-08	-7e-13	3.2486e-07	-3.3282e-07	3.22364e-08	-1.91606e-08	-4.600000000000002e-13	3.2482e-07	-3.3782e-07
-0.1	7.716e-11	-2.4056e-10	3.1000000000000004e-13	3.2532e-07	-3.2512e-07	1.3466e-09	-8.132200000000001e-10	-4e-13	3.253e-07	-3.2578e-07	3.2365e-09	-2.0373e-09	-7.100000000000001e-13	3.2506e-07	-3.2622e-07	6.584e-09	-4.2168e-09	-6.700000000000002e-13	3.2492e-07	-3.273e-07	1.2015999999999998e-08	-7.6055e-09	-4.4000000000000004e-13	3.2494e-07	-3.2928e-07	2.03132e-08	-1.2409e-08	-5.300000000000002e-13	3.2492e-07	-3.3274e-07	3.1799399999999994e-08	-1.89046e-08	-2.300000000000001e-13	3.2492e-07	-3.377e-07
-0.095	5.7370000000000005e-11	-2.1985e-10	-1.4200000000000002e-12	3.2524e-07	-3.2508e-07	1.3158e-09	-7.752400000000001e-10	3.0000000000000005e-14	3.2528e-07	-3.258e-07	3.1772e-09	-1.9765e-09	1.4e-13	3.2512e-07	-3.2642e-07	6.4794e-09	-4.1182e-09	0.0	3.25e-07	-3.2736e-07	1.1873399999999998e-08	-7.4584e-09	-3.000000000000001e-13	3.2506e-07	-3.2946e-07	2.01158e-08	-1.2209999999999998e-08	-6.6e-13	3.2494e-07	-3.3274e-07	3.14742e-08	-1.8639e-08	-7.100000000000001e-13	3.2494e-07	-3.377e-07
-0.09	4.013e-11	-2.0612e-10	-1.02e-12	3.253e-07	-3.2506e-07	1.2766e-09	-7.4354e-10	-5.800000000000002e-13	3.2526e-07	-3.258e-07	3.1193e-09	-1.913e-09	-3.000000000000001e-13	3.2504e-07	-3.2622e-07	6.3888e-09	-4.0215e-09	5.2e-13	3.2498e-07	-3.2736e-07	1.1702e-08	-7.3157e-09	-7.3e-13	3.2492e-07	-3.293e-07	1.98724e-08	-1.20162e-08	-2.7e-13	3.249e-07	-3.3278e-07	3.1401799999999995e-08	-1.83806e-08	-4.2000000000000003e-13	3.2486e-07	-3.3772e-07
-0.085	2.917e-11	-1.9002e-10	-4.2000000000000003e-13	3.2528e-07	-3.251e-07	1.2412e-09	-7.1446e-10	-4.7e-13	3.2524e-07	-3.258e-07	3.0494e-09	-1.8551e-09	-8.2e-13	3.251e-07	-3.263e-07	6.2784e-09	-3.9237e-09	-9.9e-13	3.2498e-07	-3.2732e-07	1.15732e-08	-7.1752e-09	-2.900000000000001e-13	3.2492e-07	-3.2936e-07	1.96976e-08	-1.18212e-08	-1.4800000000000004e-12	3.249e-07	-3.3284e-07	3.10292e-08	-1.81166e-08	-8.2e-13	3.2488e-07	-3.3788e-07
-0.08	1.675e-11	-1.7088e-10	-8.7e-13	3.2526e-07	-3.251e-07	1.2193e-09	-6.834400000000001e-10	-1.4e-13	3.2516e-07	-3.2576e-07	2.9946e-09	-1.799e-09	-4.2000000000000003e-13	3.2506e-07	-3.2626e-07	6.1976e-09	-3.8328e-09	-7.5e-13	3.2498e-07	-3.2744e-07	1.14222e-08	-7.0398e-09	-2.6e-13	3.2502e-07	-3.2936e-07	1.95444e-08	-1.16282e-08	-1.18e-12	3.2488e-07	-3.328e-07	3.0777799999999995e-08	-1.78742e-08	-7.400000000000001e-13	3.2492e-07	-3.3766e-07
-0.075	4.150000000000001e-12	-1.5737000000000002e-10	-1.4e-12	3.2522e-07	-3.251e-07	1.1953e-09	-6.5212e-10	-5.9e-13	3.2522e-07	-3.2578e-07	2.9467999999999998e-09	-1.7429e-09	1.7e-13	3.251e-07	-3.2622e-07	6.1014e-09	-3.7408e-09	9e-14	3.2492e-07	-3.2732e-07	1.13166e-08	-6.9013e-09	-1.0500000000000002e-12	3.2496e-07	-3.2938e-07	1.93066e-08	-1.14376e-08	-7.100000000000001e-13	3.2496e-07	-3.3272e-07	3.0352e-08	-1.7623599999999998e-08	-1.22e-12	3.2494e-07	-3.3758e-07
-0.07	1.8900000000000002e-12	-1.428e-10	8.000000000000001e-14	3.2528e-07	-3.2506e-07	1.1599e-09	-6.252000000000001e-10	-1.0600000000000001e-12	3.2524e-07	-3.2584e-07	2.8889e-09	-1.6876e-09	-1.21e-12	3.2502e-07	-3.2624e-07	6.0068e-09	-3.6481e-09	-7e-13	3.25e-07	-3.274e-07	1.11478e-08	-6.7683e-09	-7.5e-13	3.2496e-07	-3.294e-07	1.9094e-08	-1.12538e-08	-5.300000000000002e-13	3.2488e-07	-3.3282e-07	3.01042e-08	-1.73758e-08	-1.6600000000000002e-12	3.25e-07	-3.3764e-07
-0.065	-1.4390000000000001e-11	-1.2912000000000002e-10	4.500000000000001e-13	3.2528e-07	-3.2512e-07	1.1362e-09	-5.9906e-10	3.000000000000001e-13	3.254e-07	-3.258e-07	2.8298e-09	-1.6342e-09	-9.9e-13	3.25e-07	-3.2624e-07	5.919e-09	-3.5616e-09	-4.3000000000000004e-13	3.2502e-07	-3.2736e-07	1.0981199999999998e-08	-6.6362e-09	-2.5e-13	3.2494e-07	-3.293e-07	1.88948e-08	-1.1076e-08	-1.3300000000000002e-12	3.2488e-07	-3.327e-07	2.99508e-08	-1.7134199999999997e-08	-1.6100000000000002e-12	3.2488e-07	-3.3762e-07
-0.06	-2.945e-11	-1.1629e-10	-1.09e-12	3.2524e-07	-3.2518e-07	1.1115e-09	-5.7105e-10	-2.8e-13	3.2534e-07	-3.2582e-07	2.7797e-09	-1.5849e-09	-8.800000000000002e-13	3.2512e-07	-3.2632e-07	5.8382e-09	-3.4751e-09	-8.800000000000002e-13	3.25e-07	-3.2732e-07	1.08818e-08	-6.508e-09	5.4e-13	3.2498e-07	-3.2932e-07	1.87278e-08	-1.0894799999999998e-08	-1.1000000000000002e-12	3.2492e-07	-3.3274e-07	2.98496e-08	-1.6885e-08	-1.5200000000000002e-12	3.2492e-07	-3.3766e-07
-0.055	-4.118e-11	-1.0497e-10	-6.000000000000002e-13	3.2534e-07	-3.2514e-07	1.0695e-09	-5.4649e-10	-1.04e-12	3.2528e-07	-3.2578e-07	2.732e-09	-1.5324e-09	-1.0000000000000002e-14	3.2506e-07	-3.2624e-07	5.7525e-09	-3.3903e-09	8.000000000000001e-14	3.2492e-07	-3.273e-07	1.0757399999999998e-08	-6.3766e-09	-5.9e-13	3.2492e-07	-3.2928e-07	1.85988e-08	-1.0712e-08	-9.100000000000002e-13	3.2494e-07	-3.3274e-07	2.94494e-08	-1.66506e-08	-8.400000000000001e-13	3.2488e-07	-3.376e-07
-0.05	-4.2780000000000006e-11	-9.334e-11	-8.000000000000001e-14	3.2526e-07	-3.2514e-07	1.0505e-09	-5.222900000000001e-10	-7.3e-13	3.2528e-07	-3.2578e-07	2.6791e-09	-1.4831e-09	-1.27e-12	3.2506e-07	-3.2624e-07	5.6582e-09	-3.3066e-09	-1.03e-12	3.25e-07	-3.2734e-07	1.06146e-08	-6.2495e-09	-6.3e-13	3.2496e-07	-3.2928e-07	1.8353e-08	-1.0538399999999998e-08	-1.3500000000000001e-12	3.2494e-07	-3.327e-07	2.91532e-08	-1.64146e-08	-7.600000000000002e-13	3.2492e-07	-3.3778e-07
-0.045	-5.2170000000000006e-11	-8.045e-11	-1.36e-12	3.2534e-07	-3.2512e-07	1.0319e-09	-5.0012e-10	4.500000000000001e-13	3.2528e-07	-3.2576e-07	2.614e-09	-1.4373e-09	-5.1e-13	3.2498e-07	-3.2626e-07	5.5628e-09	-3.226e-09	-8.500000000000002e-13	3.2496e-07	-3.2734e-07	1.0462e-08	-6.1248e-09	-1.37e-12	3.2494e-07	-3.2924e-07	1.81844e-08	-1.03594e-08	-9.700000000000001e-13	3.2492e-07	-3.3262e-07	2.88898e-08	-1.6171e-08	-1.3900000000000001e-12	3.249e-07	-3.3758e-07
-0.04	-6.768e-11	-7.219000000000001e-11	-3.7000000000000004e-13	3.2524e-07	-3.2508e-07	1.0087e-09	-4.7547e-10	-5.800000000000002e-13	3.2526e-07	-3.2582e-07	2.5731e-09	-1.3901e-09	2.0000000000000003e-14	3.2502e-07	-3.2624e-07	5.4915e-09	-3.1464e-09	-3.600000000000001e-13	3.25e-07	-3.273e-07	1.0352e-08	-6.0045e-09	-2.2000000000000002e-13	3.2492e-07	-3.2924e-07	1.80468e-08	-1.01924e-08	-1.23e-12	3.2488e-07	-3.326e-07	2.86242e-08	-1.59438e-08	-1.1500000000000001e-12	3.2494e-07	-3.3762e-07
-0.035	-6.812e-11	-6.247e-11	2.5e-13	3.2528e-07	-3.2512e-07	9.7617e-10	-4.5536e-10	-4.600000000000002e-13	3.253e-07	-3.2584e-07	2.5329e-09	-1.3426e-09	-1.3800000000000002e-12	3.2506e-07	-3.262e-07	5.4147e-09	-3.0657e-09	-6.3e-13	3.2492e-07	-3.2726e-07	1.02358e-08	-5.8808e-09	-1.2000000000000002e-13	3.2496e-07	-3.2922e-07	1.7864999999999998e-08	-1.00204e-08	-9.600000000000002e-13	3.2484e-07	-3.327e-07	2.8465e-08	-1.5719799999999997e-08	-7.3e-13	3.2488e-07	-3.3754e-07
-0.03	-8.049000000000001e-11	-5.158e-11	6.8e-13	3.2528e-07	-3.2514e-07	9.5462e-10	-4.3667000000000005e-10	3.000000000000001e-13	3.2524e-07	-3.2578e-07	2.4854e-09	-1.2983e-09	-1.0100000000000001e-12	3.251e-07	-3.2626e-07	5.3245e-09	-2.9888e-09	-1.4400000000000001e-12	3.2504e-07	-3.2732e-07	1.01008e-08	-5.7675e-09	-7e-14	3.2488e-07	-3.293e-07	1.76536e-08	-9.854399999999997e-09	-5.500000000000001e-13	3.2494e-07	-3.328e-07	2.82846e-08	-1.5496399999999997e-08	-6.500000000000002e-13	3.2492e-07	-3.377e-07
-0.025	-9.121e-11	-4.247e-11	-1.1600000000000001e-12	3.2526e-07	-3.2514e-07	9.4119e-10	-4.1242e-10	-1.1600000000000001e-12	3.2522e-07	-3.2574e-07	2.4345e-09	-1.2572e-09	-5.6e-13	3.2504e-07	-3.2622e-07	5.2447e-09	-2.9117e-09	-6.6e-13	3.2502e-07	-3.2734e-07	9.975799999999997e-09	-5.6458e-09	-1.27e-12	3.2492e-07	-3.2918e-07	1.7503599999999997e-08	-9.683599999999999e-09	-1.14e-12	3.2488e-07	-3.3272e-07	2.80554e-08	-1.52662e-08	-5.500000000000001e-13	3.2486e-07	-3.3754e-07
-0.02	-9.749e-11	-3.74e-11	-2.6e-13	3.2526e-07	-3.2514e-07	9.130899999999999e-10	-3.9503e-10	-5.1e-13	3.2524e-07	-3.2578e-07	2.4011e-09	-1.2159e-09	-4e-13	3.2512e-07	-3.2624e-07	5.1823e-09	-2.8386e-09	-1.5000000000000004e-13	3.2498e-07	-3.2734e-07	9.846599999999997e-09	-5.5293e-09	1.0500000000000002e-12	3.2494e-07	-3.2918e-07	1.7303999999999997e-08	-9.5182e-09	-3.2000000000000005e-13	3.2494e-07	-3.3274e-07	2.77786e-08	-1.50484e-08	-9.9e-13	3.2482e-07	-3.3762e-07
-0.015	-9.848e-11	-2.653e-11	-3.900000000000001e-13	3.252e-07	-3.2514e-07	8.9702e-10	-3.7735000000000005e-10	-2.4000000000000004e-13	3.252e-07	-3.2572e-07	2.3553e-09	-1.1708e-09	-1e-12	3.2506e-07	-3.2632e-07	5.1018e-09	-2.7638e-09	-7.100000000000001e-13	3.25e-07	-3.2728e-07	9.7366e-09	-5.4145e-09	-1.4200000000000002e-12	3.2488e-07	-3.2926e-07	1.7162399999999997e-08	-9.3635e-09	-5.300000000000002e-13	3.2488e-07	-3.3274e-07	2.75882e-08	-1.4830799999999998e-08	-1.31e-12	3.2488e-07	-3.3754e-07
-0.01	-1.0891000000000001e-10	-1.9240000000000003e-11	-5.1e-13	3.2524e-07	-3.2512e-07	8.838000000000001e-10	-3.5737000000000003e-10	-9.3e-13	3.2522e-07	-3.2574e-07	2.3107e-09	-1.1327e-09	-6.6e-13	3.25e-07	-3.2618e-07	5.0322e-09	-2.6928e-09	-7.600000000000002e-13	3.2494e-07	-3.2724e-07	9.626e-09	-5.3032e-09	-1.7e-13	3.2494e-07	-3.2928e-07	1.6978599999999998e-08	-9.2027e-09	-8.2e-13	3.2484e-07	-3.3268e-07	2.7316e-08	-1.4609e-08	-9.8e-13	3.249e-07	-3.3762e-07
-0.005	-1.2282000000000002e-10	-1.28e-11	-9.700000000000001e-13	3.2528e-07	-3.252e-07	8.556200000000001e-10	-3.3924e-10	-1.2400000000000002e-12	3.2518e-07	-3.2574e-07	2.2672e-09	-1.0934e-09	2.0000000000000003e-14	3.25e-07	-3.262e-07	4.9509e-09	-2.623e-09	-4.1e-13	3.2498e-07	-3.2728e-07	9.5227e-09	-5.1904e-09	-2.7e-13	3.2498e-07	-3.2926e-07	1.67778e-08	-9.0426e-09	-2.1000000000000001e-13	3.2486e-07	-3.325e-07	2.7066e-08	-1.43956e-08	-8.400000000000001e-13	3.2492e-07	-3.3762e-07
0.0	-1.2099e-10	-7.000000000000001e-12	9.9e-13	3.2522e-07	-3.2518e-07	8.3955e-10	-3.2366000000000005e-10	-3.800000000000001e-13	3.2514e-07	-3.2562e-07	2.2362e-09	-1.0525e-09	-1.2000000000000002e-13	3.2504e-07	-3.2624e-07	4.8884e-09	-2.5531e-09	-4.600000000000002e-13	3.2502e-07	-3.2736e-07	9.3881e-09	-5.0836e-09	-1.1000000000000002e-12	3.2488e-07	-3.2918e-07	1.6587599999999998e-08	-8.8851e-09	2.900000000000001e-13	3.2484e-07	-3.326e-07	2.68214e-08	-1.41782e-08	-4.800000000000001e-13	3.2492e-07	-3.3744e-07
0.005	-1.2329000000000002e-10	1.3000000000000001e-12	-9.4e-13	3.253e-07	-3.2516e-07	8.2755e-10	-3.0817000000000003e-10	1.2000000000000002e-13	3.2524e-07	-3.257e-07	2.1926e-09	-1.0166e-09	-5.9e-13	3.2504e-07	-3.2618e-07	4.8176e-09	-2.4821e-09	-8.7e-13	3.2506e-07	-3.2734e-07	9.2718e-09	-4.9745e-09	3.0000000000000005e-14	3.25e-07	-3.292e-07	1.6475799999999997e-08	-8.7264e-09	6.3e-13	3.2488e-07	-3.3254e-07	2.66228e-08	-1.39694e-08	-1.7e-13	3.2488e-07	-3.374e-07
0.01	-1.3715e-10	8.23e-12	-1.0100000000000001e-12	3.2526e-07	-3.252e-07	8.1391e-10	-2.8991000000000004e-10	-1.0600000000000001e-12	3.2516e-07	-3.2566e-07	2.1499e-09	-9.8349e-10	-7e-13	3.2512e-07	-3.2624e-07	4.7354e-09	-2.419e-09	-9.5e-13	3.2494e-07	-3.2728e-07	9.1404e-09	-4.8669e-09	-5.1e-13	3.2492e-07	-3.2918e-07	1.63316e-08	-8.5725e-09	-1.02e-12	3.2486e-07	-3.3256e-07	2.64176e-08	-1.3769e-08	4.0000000000000006e-14	3.2484e-07	-3.3742e-07
0.015	-1.4478000000000002e-10	1.151e-11	7e-14	3.2526e-07	-3.2516e-07	7.9033e-10	-2.7600000000000003e-10	-7.700000000000001e-13	3.2516e-07	-3.2566e-07	2.1245e-09	-9.432e-10	0.0	3.2522e-07	-3.263e-07	4.678e-09	-2.353e-09	-9e-14	3.2498e-07	-3.2726e-07	9.025e-09	-4.7609e-09	-3.800000000000001e-13	3.2492e-07	-3.2918e-07	1.6138599999999998e-08	-8.4199e-09	-6.700000000000002e-13	3.2488e-07	-3.3258e-07	2.61658e-08	-1.35566e-08	2.0000000000000003e-14	3.2486e-07	-3.3742e-07
0.02	-1.4093e-10	1.968e-11	-9.200000000000001e-13	3.253e-07	-3.2514e-07	7.747800000000001e-10	-2.625e-10	6.000000000000002e-13	3.251e-07	-3.2562e-07	2.0823e-09	-9.0949e-10	-1.18e-12	3.2514e-07	-3.2636e-07	4.6083e-09	-2.2866e-09	-1.3e-13	3.2496e-07	-3.273e-07	8.9388e-09	-4.6636e-09	-5.500000000000001e-13	3.2496e-07	-3.2914e-07	1.5978e-08	-8.2706e-09	-1.27e-12	3.249e-07	-3.326e-07	2.59814e-08	-1.33542e-08	-4.2000000000000003e-13	3.2486e-07	-3.3728e-07
0.025	-1.5661000000000002e-10	2.62e-11	-4.800000000000001e-13	3.2524e-07	-3.2508e-07	7.67e-10	-2.4647000000000003e-10	-4.9e-13	3.2512e-07	-3.2564e-07	2.0468e-09	-8.7622e-10	-1.1500000000000001e-12	3.2516e-07	-3.263e-07	4.5441e-09	-2.2228e-09	-1.27e-12	3.2498e-07	-3.2724e-07	8.8186e-09	-4.5595e-09	0.0	3.2498e-07	-3.2918e-07	1.5810799999999998e-08	-8.1245e-09	-4.600000000000002e-13	3.2492e-07	-3.3252e-07	2.57452e-08	-1.31414e-08	-8.000000000000001e-14	3.2482e-07	-3.374e-07
0.03	-1.6765e-10	3.044e-11	-6.500000000000002e-13	3.2522e-07	-3.2508e-07	7.4363e-10	-2.3244000000000003e-10	-9.3e-13	3.2516e-07	-3.257e-07	2.0079e-09	-8.4403e-10	-3.000000000000001e-13	3.2518e-07	-3.2632e-07	4.4713e-09	-2.1638e-09	-6.3e-13	3.2504e-07	-3.2732e-07	8.743e-09	-4.456e-09	1.1000000000000001e-13	3.25e-07	-3.2912e-07	1.5672999999999997e-08	-7.9765e-09	-6.200000000000001e-13	3.2486e-07	-3.326e-07	2.56372e-08	-1.2945e-08	-8.2e-13	3.248e-07	-3.3734e-07
0.035	-1.6124e-10	3.652e-11	-4.4000000000000004e-13	3.2524e-07	-3.2514e-07	7.2953e-10	-2.2049e-10	-5.800000000000002e-13	3.2518e-07	-3.2572e-07	1.9773e-09	-8.1066e-10	-4.3000000000000004e-13	3.2512e-07	-3.2632e-07	4.4201e-09	-2.1012e-09	6.000000000000001e-14	3.2506e-07	-3.2728e-07	8.6259e-09	-4.3597e-09	-1.1000000000000002e-12	3.2498e-07	-3.292e-07	1.55112e-08	-7.834e-09	2.7e-13	3.2486e-07	-3.325e-07	2.52742e-08	-1.27456e-08	-9.200000000000001e-13	3.248e-07	-3.3746e-07
0.04	-1.6534000000000002e-10	4.326e-11	-4.1e-13	3.253e-07	-3.2512e-07	7.2104e-10	-2.065e-10	-1.8000000000000004e-13	3.2518e-07	-3.256e-07	1.9468e-09	-7.7949e-10	-1.73e-12	3.251e-07	-3.2626e-07	4.3504e-09	-2.0409e-09	-1.74e-12	3.2504e-07	-3.2738e-07	8.5339e-09	-4.2655e-09	-1e-12	3.2498e-07	-3.2924e-07	1.53776e-08	-7.6883e-09	-1.0000000000000002e-14	3.2484e-07	-3.3246e-07	2.51012e-08	-1.2549999999999998e-08	-1.3500000000000001e-12	3.2484e-07	-3.3732e-07
0.045	-1.7508e-10	4.8270000000000005e-11	-1.12e-12	3.2528e-07	-3.2514e-07	7.060900000000001e-10	-1.9294e-10	-1.5700000000000002e-12	3.2508e-07	-3.256e-07	1.912e-09	-7.5051e-10	-6.400000000000001e-13	3.2516e-07	-3.263e-07	4.2987e-09	-1.9836e-09	-3.5e-13	3.251e-07	-3.2742e-07	8.4351e-09	-4.1655e-09	-9.3e-13	3.2494e-07	-3.2918e-07	1.5248e-08	-7.5466e-09	-8.300000000000001e-13	3.2496e-07	-3.3256e-07	2.49656e-08	-1.23502e-08	-1.2400000000000002e-12	3.2486e-07	-3.3738e-07
0.05	-1.8739e-10	5.227e-11	-1.0000000000000002e-14	3.2524e-07	-3.2504e-07	6.8488e-10	-1.8178e-10	-5.1e-13	3.2516e-07	-3.2566e-07	1.8908e-09	-7.2103e-10	-1.3e-13	3.2516e-07	-3.263e-07	4.2346e-09	-1.9266e-09	-1.9000000000000002e-13	3.2504e-07	-3.2726e-07	8.3365e-09	-4.0714e-09	-9.100000000000002e-13	3.2492e-07	-3.292e-07	1.5139199999999998e-08	-7.41e-09	-1.3000000000000001e-12	3.2498e-07	-3.3258e-07	2.46222e-08	-1.21598e-08	-1.55e-12	3.248e-07	-3.3728e-07
0.055	-1.8075e-10	6.064000000000001e-11	-5.300000000000002e-13	3.2522e-07	-3.2512e-07	6.7535e-10	-1.7096000000000002e-10	-4.4000000000000004e-13	3.2514e-07	-3.2562e-07	1.8607e-09	-6.8906e-10	-1.2800000000000002e-12	3.2512e-07	-3.2632e-07	4.1807e-09	-1.8694e-09	-5e-13	3.2512e-07	-3.2738e-07	8.2006e-09	-3.9765e-09	-1.4400000000000001e-12	3.2494e-07	-3.2924e-07	1.4889999999999998e-08	-7.2718e-09	1.1000000000000001e-13	3.2496e-07	-3.3262e-07	2.46542e-08	-1.1969799999999998e-08	-1.21e-12	3.2488e-07	-3.3728e-07
0.06	-1.9144e-10	6.583000000000001e-11	-1.07e-12	3.2532e-07	-3.2514e-07	6.752200000000001e-10	-1.5733e-10	-1.03e-12	3.2518e-07	-3.257e-07	1.8319e-09	-6.6391e-10	-6.3e-13	3.2516e-07	-3.263e-07	4.1225e-09	-1.8153e-09	-1.14e-12	3.25e-07	-3.2736e-07	8.131e-09	-3.8922e-09	-7e-14	3.2492e-07	-3.2916e-07	1.47756e-08	-7.1378e-09	-9.4e-13	3.249e-07	-3.3258e-07	2.42742e-08	-1.1787399999999998e-08	1.8000000000000004e-13	3.2482e-07	-3.373e-07
0.065	-2.0233e-10	7.005e-11	1e-13	3.2528e-07	-3.252e-07	6.5575e-10	-1.4679000000000002e-10	-7.3e-13	3.2516e-07	-3.2568e-07	1.8152e-09	-6.388300000000001e-10	-3.4e-13	3.251e-07	-3.2632e-07	4.0681e-09	-1.7624e-09	-1.0000000000000002e-14	3.2504e-07	-3.2734e-07	8.0821e-09	-3.7989e-09	-4.1e-13	3.2494e-07	-3.292e-07	1.4699399999999998e-08	-7.0052e-09	2.4000000000000004e-13	3.2492e-07	-3.3246e-07	2.41066e-08	-1.15996e-08	-1.7e-13	3.2482e-07	-3.3728e-07
0.07	-2.0265e-10	7.684e-11	1.0000000000000002e-14	3.2532e-07	-3.2512e-07	6.393500000000001e-10	-1.3582e-10	-6.8e-13	3.2512e-07	-3.2566e-07	1.7892e-09	-6.087500000000001e-10	-1.37e-12	3.2508e-07	-3.263e-07	4.0263e-09	-1.711e-09	4.600000000000002e-13	3.2494e-07	-3.2728e-07	7.9393e-09	-3.7096e-09	-1.36e-12	3.2484e-07	-3.2918e-07	1.45886e-08	-6.8682e-09	-5.2e-13	3.249e-07	-3.3252e-07	2.39122e-08	-1.1411e-08	-2.0000000000000003e-14	3.2486e-07	-3.3734e-07
0.075	-2.0951e-10	8.508e-11	-1.51e-12	3.253e-07	-3.251e-07	6.297900000000001e-10	-1.2348000000000002e-10	-1e-13	3.2518e-07	-3.257e-07	1.7478e-09	-5.848100000000001e-10	-1.46e-12	3.2506e-07	-3.2624e-07	3.9725e-09	-1.6564e-09	-1.02e-12	3.2502e-07	-3.2736e-07	7.8658e-09	-3.6266e-09	-9.9e-13	3.2492e-07	-3.2916e-07	1.4425e-08	-6.7377e-09	-1.3e-13	3.2486e-07	-3.3258e-07	2.37712e-08	-1.1227e-08	-4.7e-13	3.2496e-07	-3.3728e-07
0.08	-2.2047e-10	8.873000000000001e-11	-1.1600000000000001e-12	3.2524e-07	-3.2518e-07	6.1547e-10	-1.1272e-10	-5.1e-13	3.251e-07	-3.256e-07	1.7297e-09	-5.5878e-10	-2.4000000000000004e-13	3.2508e-07	-3.2624e-07	3.923e-09	-1.606e-09	-2.5e-13	3.2506e-07	-3.2732e-07	7.808e-09	-3.5398e-09	-1.2000000000000002e-13	3.2494e-07	-3.2918e-07	1.4262e-08	-6.6083e-09	-8.400000000000001e-13	3.2494e-07	-3.325e-07	2.36102e-08	-1.10556e-08	-2.0000000000000003e-14	3.2492e-07	-3.374e-07
0.085	-2.2425000000000003e-10	9.505e-11	1.7e-13	3.2528e-07	-3.252e-07	6.011900000000001e-10	-1.0465e-10	2.4000000000000004e-13	3.2516e-07	-3.2558e-07	1.7084e-09	-5.3699e-10	7.700000000000001e-13	3.2512e-07	-3.263e-07	3.8578e-09	-1.557e-09	-1.09e-12	3.2504e-07	-3.2738e-07	7.6871e-09	-3.4537e-09	-1.8000000000000004e-13	3.2494e-07	-3.2912e-07	1.41504e-08	-6.4816e-09	-8.7e-13	3.2494e-07	-3.3248e-07	2.32928e-08	-1.0879e-08	-7.900000000000001e-13	3.2492e-07	-3.3726e-07
0.09	-2.2366e-10	1.041e-10	-5.6e-13	3.2534e-07	-3.2524e-07	5.9581e-10	-9.366e-11	-2.2000000000000002e-13	3.252e-07	-3.2572e-07	1.6822e-09	-5.107e-10	-1.91e-12	3.2508e-07	-3.2622e-07	3.8213e-09	-1.5089e-09	2.7e-13	3.2506e-07	-3.2738e-07	7.6177e-09	-3.3713e-09	-9.4e-13	3.249e-07	-3.292e-07	1.40006e-08	-6.3557e-09	-4.9e-13	3.2492e-07	-3.326e-07	2.31828e-08	-1.06956e-08	-4.1e-13	3.249e-07	-3.3732e-07
0.095	-2.3762e-10	1.0974e-10	-1.0600000000000001e-12	3.2534e-07	-3.2514e-07	5.9083e-10	-8.325000000000001e-11	-2.5e-13	3.2516e-07	-3.2566e-07	1.6507e-09	-4.897000000000001e-10	-4.800000000000001e-13	3.2506e-07	-3.2622e-07	3.7633e-09	-1.459e-09	-5.300000000000002e-13	3.2496e-07	-3.2724e-07	7.5195e-09	-3.2914e-09	-8.500000000000002e-13	3.249e-07	-3.2912e-07	1.39324e-08	-6.2338e-09	1.9000000000000002e-13	3.249e-07	-3.3252e-07	2.29842e-08	-1.0521999999999998e-08	-2.2000000000000002e-13	3.2488e-07	-3.3728e-07
0.1	-2.4636e-10	1.1714000000000002e-10	-2.5e-13	3.253e-07	-3.252e-07	5.7222e-10	-7.485e-11	-6.3e-13	3.252e-07	-3.2566e-07	1.6296e-09	-4.696900000000001e-10	-3.5e-13	3.251e-07	-3.262e-07	3.7059e-09	-1.4128e-09	-1.37e-12	3.2508e-07	-3.2734e-07	7.4561e-09	-3.2109e-09	-2e-13	3.2486e-07	-3.2916e-07	1.375e-08	-6.1139e-09	-2.1000000000000001e-13	3.2496e-07	-3.3254e-07	2.27942e-08	-1.03508e-08	-1.6300000000000001e-12	3.2484e-07	-3.3722e-07
0.105	-2.4412000000000003e-10	1.2396e-10	-7e-14	3.2536e-07	-3.2524e-07	5.606300000000001e-10	-6.692e-11	-2.6e-13	3.2512e-07	-3.2564e-07	1.615e-09	-4.4618000000000006e-10	-8.500000000000002e-13	3.2506e-07	-3.2616e-07	3.6597e-09	-1.3689e-09	-1.7e-13	3.2504e-07	-3.2732e-07	7.375e-09	-3.1311e-09	-9.8e-13	3.2492e-07	-3.2922e-07	1.36684e-08	-5.9908e-09	-3.000000000000001e-13	3.2496e-07	-3.3254e-07	2.2581e-08	-1.01796e-08	-1.17e-12	3.2482e-07	-3.3734e-07
0.11	-2.5299e-10	1.3348e-10	-6.900000000000001e-13	3.2534e-07	-3.2524e-07	5.499e-10	-5.488e-11	-2.1000000000000001e-13	3.2518e-07	-3.2566e-07	1.5942e-09	-4.2679e-10	-1.04e-12	3.25e-07	-3.262e-07	3.6208e-09	-1.3225e-09	-4e-13	3.2502e-07	-3.274e-07	7.293e-09	-3.0538e-09	-5.800000000000002e-13	3.249e-07	-3.2918e-07	1.3515599999999998e-08	-5.869e-09	-1.09e-12	3.2484e-07	-3.3246e-07	2.2463e-08	-1.00052e-08	-8.9e-13	3.2486e-07	-3.3724e-07
0.115	-2.6973e-10	1.3876000000000002e-10	0.0	3.2534e-07	-3.252e-07	5.330900000000001e-10	-4.8670000000000005e-11	-1.2400000000000002e-12	3.2514e-07	-3.256e-07	1.5661e-09	-4.08e-10	-1.09e-12	3.251e-07	-3.262e-07	3.5776e-09	-1.2785e-09	-8.2e-13	3.2504e-07	-3.2732e-07	7.2213e-09	-2.9787e-09	7.3e-13	3.2486e-07	-3.2916e-07	1.33654e-08	-5.7511e-09	-4.7e-13	3.2488e-07	-3.3252e-07	2.23052e-08	-9.844799999999999e-09	-1.79e-12	3.2492e-07	-3.3724e-07
0.12	-2.7433e-10	1.4841e-10	3.800000000000001e-13	3.2536e-07	-3.2522e-07	5.346800000000001e-10	-4.124e-11	-5e-14	3.2512e-07	-3.2562e-07	1.5445e-09	-3.8956000000000005e-10	4.0000000000000006e-14	3.2506e-07	-3.262e-07	3.5399e-09	-1.2372e-09	-6.000000000000002e-13	3.2508e-07	-3.2736e-07	7.136e-09	-2.9025e-09	-1.8000000000000004e-13	3.2496e-07	-3.2916e-07	1.3276e-08	-5.6356e-09	-6.3e-13	3.2486e-07	-3.325e-07	2.2088e-08	-9.683e-09	-4.3000000000000004e-13	3.2476e-07	-3.3708e-07
0.125	-2.7886e-10	1.6000000000000002e-10	-2.7e-13	3.2528e-07	-3.252e-07	5.2459e-10	-3.215e-11	-2.0000000000000003e-14	3.2512e-07	-3.2566e-07	1.5325e-09	-3.6842e-10	-4.600000000000002e-13	3.2508e-07	-3.2618e-07	3.5e-09	-1.1962e-09	2.5e-13	3.2516e-07	-3.274e-07	7.0425e-09	-2.8294e-09	-1.46e-12	3.2488e-07	-3.291e-07	1.31076e-08	-5.5205e-09	-3.3e-13	3.2494e-07	-3.3256e-07	2.19252e-08	-9.5202e-09	-1.3400000000000003e-12	3.2482e-07	-3.372e-07
0.13	-2.9662e-10	1.6634000000000002e-10	-6.400000000000001e-13	3.2532e-07	-3.2524e-07	5.1505e-10	-2.448e-11	-7e-14	3.2522e-07	-3.257e-07	1.506e-09	-3.5020000000000004e-10	-4.2000000000000003e-13	3.2504e-07	-3.2618e-07	3.4529e-09	-1.1544e-09	-1.37e-12	3.2504e-07	-3.2736e-07	7.0028e-09	-2.7571e-09	-9.8e-13	3.2498e-07	-3.2914e-07	1.3041e-08	-5.4081999999999996e-09	-5.9e-13	3.2488e-07	-3.3242e-07	2.16548e-08	-9.3584e-09	-1.1000000000000002e-12	3.2492e-07	-3.372e-07
0.135	-3.1039e-10	1.7696e-10	3.5e-13	3.254e-07	-3.251e-07	4.946400000000001e-10	-1.941e-11	-3.5e-13	3.2522e-07	-3.2576e-07	1.4833e-09	-3.3525e-10	-2.0000000000000003e-14	3.2508e-07	-3.2616e-07	3.4053e-09	-1.1139e-09	-1.02e-12	3.2506e-07	-3.273e-07	6.9027e-09	-2.6851e-09	-2.1000000000000001e-13	3.25e-07	-3.2912e-07	1.2873e-08	-5.2971e-09	-1.7e-13	3.2488e-07	-3.3244e-07	2.15616e-08	-9.1994e-09	-4.9e-13	3.2494e-07	-3.3738e-07
0.14	-3.0838e-10	1.8944e-10	-2.5e-13	3.253e-07	-3.252e-07	4.9747e-10	-1.2570000000000002e-11	0.0	3.2524e-07	-3.2576e-07	1.4765e-09	-3.1680000000000003e-10	2.300000000000001e-13	3.251e-07	-3.2618e-07	3.3695e-09	-1.0777e-09	-6.3e-13	3.2504e-07	-3.2734e-07	6.8382e-09	-2.6147e-09	-7.700000000000001e-13	3.2488e-07	-3.2912e-07	1.2738399999999998e-08	-5.1833e-09	-1.03e-12	3.2482e-07	-3.325e-07	2.1466e-08	-9.0405e-09	-6.700000000000002e-13	3.2494e-07	-3.3712e-07
0.145	-3.1843e-10	1.9917e-10	-1.5200000000000002e-12	3.2534e-07	-3.2522e-07	4.9479e-10	-5.170000000000001e-12	-9.4e-13	3.2518e-07	-3.2568e-07	1.4676e-09	-2.9899e-10	-3.3e-13	3.2508e-07	-3.2624e-07	3.3266e-09	-1.0376e-09	-1.2000000000000002e-13	3.2506e-07	-3.2736e-07	6.7776e-09	-2.5462e-09	-1.3300000000000002e-12	3.249e-07	-3.2914e-07	1.2660599999999998e-08	-5.0783e-09	-8.9e-13	3.2484e-07	-3.324e-07	2.12996e-08	-8.8826e-09	3.5e-13	3.2488e-07	-3.3724e-07
0.15	-3.3083000000000004e-10	2.0868e-10	2.1000000000000001e-13	3.254e-07	-3.2518e-07	4.774900000000001e-10	2.04e-12	-4.2000000000000003e-13	3.2524e-07	-3.2576e-07	1.4404e-09	-2.8506000000000005e-10	-7.5e-13	3.2506e-07	-3.2616e-07	3.3072e-09	-9.997e-10	-8.7e-13	3.251e-07	-3.2738e-07	6.7035e-09	-2.4782e-09	-4.4000000000000004e-13	3.2496e-07	-3.2916e-07	1.25618e-08	-4.9701e-09	-1.5400000000000001e-12	3.2484e-07	-3.3234e-07	2.11068e-08	-8.7268e-09	-9e-14	3.2484e-07	-3.373e-07
0.155	-3.4739000000000003e-10	2.2166e-10	7e-14	3.2536e-07	-3.2518e-07	4.6947e-10	6.800000000000001e-12	4.4000000000000004e-13	3.2522e-07	-3.2572e-07	1.4294e-09	-2.7039000000000004e-10	-5.500000000000001e-13	3.2512e-07	-3.263e-07	3.2499e-09	-9.6517e-10	-1.1000000000000001e-13	3.2514e-07	-3.2732e-07	6.6873e-09	-2.4107e-09	-7.400000000000001e-13	3.25e-07	-3.2918e-07	1.24222e-08	-4.8637e-09	-5.500000000000001e-13	3.2484e-07	-3.3234e-07	2.091e-08	-8.5716e-09	-5e-14	3.2484e-07	-3.3736e-07
0.16	-3.5772000000000003e-10	2.3554e-10	-7.3e-13	3.2534e-07	-3.2532e-07	4.6594e-10	1.489e-11	-1.23e-12	3.2516e-07	-3.2574e-07	1.4245e-09	-2.5412e-10	-5.2e-13	3.2508e-07	-3.2624e-07	3.2197e-09	-9.3176e-10	-1.4e-13	3.2502e-07	-3.2734e-07	6.5808e-09	-2.3461e-09	-1.6300000000000001e-12	3.2504e-07	-3.2922e-07	1.23368e-08	-4.7641e-09	-5e-13	3.2488e-07	-3.325e-07	2.07346e-08	-8.4259e-09	-8.800000000000002e-13	3.249e-07	-3.3716e-07
0.165	-3.7907e-10	2.4616e-10	-4.1e-13	3.2532e-07	-3.2524e-07	4.5456e-10	1.938e-11	-4.3000000000000004e-13	3.2518e-07	-3.2558e-07	1.4004e-09	-2.3976e-10	-1.79e-12	3.2502e-07	-3.262e-07	3.1913e-09	-8.9393e-10	-1.17e-12	3.2494e-07	-3.2726e-07	6.5171e-09	-2.2832e-09	-3.000000000000001e-13	3.2504e-07	-3.2922e-07	1.2229399999999998e-08	-4.6576e-09	-2.8e-13	3.2488e-07	-3.3238e-07	2.06164e-08	-8.2772e-09	-9.600000000000002e-13	3.2488e-07	-3.3704e-07
0.17	-3.9371e-10	2.6032000000000004e-10	-2.8e-13	3.2534e-07	-3.2522e-07	4.4756000000000006e-10	2.38e-11	-7.200000000000002e-13	3.2516e-07	-3.2562e-07	1.3857e-09	-2.2835e-10	-2.4000000000000004e-13	3.251e-07	-3.2624e-07	3.1539e-09	-8.615e-10	-6.900000000000001e-13	3.2496e-07	-3.2728e-07	6.4428e-09	-2.2215e-09	-2.300000000000001e-13	3.25e-07	-3.292e-07	1.21916e-08	-4.5582e-09	3.800000000000001e-13	3.2488e-07	-3.3232e-07	2.04004e-08	-8.1293e-09	-5.9e-13	3.2494e-07	-3.3714e-07
0.175	-3.9891e-10	2.7742e-10	-4.600000000000002e-13	3.2534e-07	-3.2524e-07	4.5048e-10	2.924e-11	4e-13	3.2506e-07	-3.2552e-07	1.3784e-09	-2.1384e-10	-4.7e-13	3.2504e-07	-3.262e-07	3.1068e-09	-8.3094e-10	-4.9e-13	3.2494e-07	-3.272e-07	6.3991e-09	-2.1563e-09	-1.3300000000000002e-12	3.2498e-07	-3.2918e-07	1.19934e-08	-4.4578e-09	-1.4e-13	3.2482e-07	-3.324e-07	2.03862e-08	-7.9798e-09	5.300000000000002e-13	3.2488e-07	-3.3714e-07
0.18	-4.1804e-10	2.9091000000000003e-10	-4.0000000000000006e-14	3.2542e-07	-3.2526e-07	4.4192e-10	3.704e-11	-9.000000000000001e-13	3.2506e-07	-3.2556e-07	1.3721e-09	-2.001e-10	-1.73e-12	3.2506e-07	-3.2626e-07	3.0938e-09	-7.9638e-10	-7.800000000000002e-13	3.2494e-07	-3.2732e-07	6.2997e-09	-2.0981e-09	-7.700000000000001e-13	3.25e-07	-3.2922e-07	1.18934e-08	-4.3593e-09	-1.27e-12	3.248e-07	-3.3246e-07	2.02106e-08	-7.8374e-09	-7.3e-13	3.2488e-07	-3.3704e-07
0.185	-4.3043e-10	3.0658000000000004e-10	5e-13	3.2542e-07	-3.252e-07	4.4225000000000005e-10	4.068e-11	-1.0600000000000001e-12	3.2518e-07	-3.2562e-07	1.3445e-09	-1.8862e-10	-7e-13	3.2506e-07	-3.262e-07	3.0697e-09	-7.652000000000001e-10	-1.0100000000000001e-12	3.2502e-07	-3.2732e-07	6.2519e-09	-2.0389e-09	2.4000000000000004e-13	3.2502e-07	-3.2922e-07	1.18698e-08	-4.2633e-09	-6.000000000000002e-13	3.2484e-07	-3.325e-07	1.9978e-08	-7.6936e-09	-1.5000000000000004e-13	3.2486e-07	-3.3736e-07
0.19	-4.4451000000000005e-10	3.2388e-10	5e-13	3.2528e-07	-3.2518e-07	4.3200000000000006e-10	4.5400000000000006e-11	-3.900000000000001e-13	3.2514e-07	-3.2564e-07	1.3383e-09	-1.7924000000000002e-10	5.1e-13	3.2504e-07	-3.2624e-07	3.0254e-09	-7.37e-10	-2.5e-13	3.2498e-07	-3.273e-07	6.1943e-09	-1.9819e-09	4.3000000000000004e-13	3.2496e-07	-3.293e-07	1.17186e-08	-4.1724e-09	3.800000000000001e-13	3.2488e-07	-3.3242e-07	1.98454e-08	-7.554e-09	-6.500000000000002e-13	3.2488e-07	-3.3722e-07
0.195	-4.651e-10	3.4386000000000004e-10	-1.2800000000000002e-12	3.2536e-07	-3.252e-07	4.3895e-10	5.332e-11	-8.800000000000002e-13	3.2518e-07	-3.2558e-07	1.3359e-09	-1.6461e-10	-8.9e-13	3.251e-07	-3.2624e-07	3.0027e-09	-7.063300000000001e-10	5e-14	3.2506e-07	-3.273e-07	6.1647e-09	-1.9229e-09	-1.2000000000000001e-12	3.2496e-07	-3.2918e-07	1.16934e-08	-4.0772e-09	-2.1000000000000001e-13	3.2482e-07	-3.324e-07	1.9735e-08	-7.4197e-09	-1.45e-12	3.248e-07	-3.3694e-07
0.2	-4.836500000000001e-10	3.6044000000000005e-10	5.300000000000002e-13	3.2522e-07	-3.2512e-07	4.2561e-10	5.82e-11	-1.2400000000000002e-12	3.2512e-07	-3.2558e-07	1.3166e-09	-1.5377e-10	-1.46e-12	3.2508e-07	-3.2626e-07	2.9815e-09	-6.7718e-10	-6.3e-13	3.251e-07	-3.2736e-07	6.1069e-09	-1.8692e-09	-3.2000000000000005e-13	3.2496e-07	-3.2922e-07	1.15832e-08	-3.9853e-09	-2.900000000000001e-13	3.2482e-07	-3.3234e-07	1.95734e-08	-7.2819e-09	-6.400000000000001e-13	3.2476e-07	-3.371e-07
0.205	-4.972e-10	3.8145e-10	3.2000000000000005e-13	3.253e-07	-3.252e-07	4.177e-10	6.163000000000001e-11	-2.300000000000001e-13	3.2512e-07	-3.2566e-07	1.3017e-09	-1.4487e-10	-5.1e-13	3.2512e-07	-3.2624e-07	2.9421e-09	-6.497500000000001e-10	-5.800000000000002e-13	3.2504e-07	-3.2732e-07	6.0496e-09	-1.8143e-09	-5.500000000000001e-13	3.25e-07	-3.2924e-07	1.1446e-08	-3.8931e-09	-9.100000000000002e-13	3.249e-07	-3.325e-07	1.94512e-08	-7.148e-09	-3.800000000000001e-13	3.2476e-07	-3.3698e-07
0.21	-5.216400000000001e-10	4.0491000000000005e-10	-5.9e-13	3.2528e-07	-3.252e-07	4.1615000000000006e-10	6.865e-11	-1.6000000000000005e-13	3.2516e-07	-3.2558e-07	1.2991e-09	-1.3503e-10	-5.4e-13	3.251e-07	-3.2622e-07	2.9146e-09	-6.252600000000001e-10	5.2e-13	3.251e-07	-3.2728e-07	6.0157e-09	-1.7583e-09	-6.1e-13	3.2504e-07	-3.2926e-07	1.1344599999999998e-08	-3.8041e-09	-4.7e-13	3.2478e-07	-3.3238e-07	1.93088e-08	-7.0148e-09	7.5e-13	3.2476e-07	-3.3694e-07
0.215	-5.545800000000001e-10	4.2704000000000006e-10	-3.5e-13	3.253e-07	-3.2516e-07	4.0052e-10	7.392e-11	-1.46e-12	3.2516e-07	-3.256e-07	1.2897e-09	-1.2227e-10	-8.600000000000001e-13	3.251e-07	-3.2624e-07	2.8917e-09	-5.9677e-10	-4.2000000000000003e-13	3.2498e-07	-3.2728e-07	5.9099e-09	-1.7024e-09	-7.200000000000002e-13	3.2502e-07	-3.2918e-07	1.1215799999999998e-08	-3.7145e-09	-7.600000000000002e-13	3.2488e-07	-3.323e-07	1.90944e-08	-6.8775e-09	-2.7e-13	3.2482e-07	-3.3694e-07
0.22	-5.7968e-10	4.4995e-10	3.7000000000000004e-13	3.2526e-07	-3.252e-07	3.9429e-10	7.866e-11	-2.4000000000000004e-13	3.2512e-07	-3.2562e-07	1.2769e-09	-1.1622e-10	-5.1e-13	3.2504e-07	-3.2618e-07	2.8714e-09	-5.7022e-10	-6.8e-13	3.2498e-07	-3.273e-07	5.8494e-09	-1.6543e-09	-1.2000000000000002e-13	3.2494e-07	-3.2912e-07	1.1191e-08	-3.6305e-09	-1.2400000000000002e-12	3.249e-07	-3.3234e-07	1.90294e-08	-6.7475e-09	4.500000000000001e-13	3.2482e-07	-3.372e-07
0.225	-5.955500000000001e-10	4.7992e-10	4e-13	3.2524e-07	-3.2514e-07	3.9147000000000005e-10	8.419000000000001e-11	3.0000000000000005e-14	3.2512e-07	-3.2562e-07	1.2719e-09	-1.0665e-10	-3.800000000000001e-13	3.2508e-07	-3.262e-07	2.8379e-09	-5.472300000000001e-10	-7.3e-13	3.2502e-07	-3.273e-07	5.8473e-09	-1.6047e-09	-4.2000000000000003e-13	3.2494e-07	-3.2912e-07	1.10912e-08	-3.543e-09	6.700000000000002e-13	3.2486e-07	-3.3236e-07	1.88552e-08	-6.6155e-09	-1.17e-12	3.248e-07	-3.3718e-07
0.23	-6.322500000000001e-10	5.0934e-10	-1.02e-12	3.2528e-07	-3.252e-07	3.9613e-10	9.229e-11	-8.300000000000001e-13	3.2508e-07	-3.256e-07	1.2675e-09	-9.686e-11	-5.500000000000001e-13	3.2508e-07	-3.2632e-07	2.8198e-09	-5.231700000000001e-10	-2.7e-13	3.2498e-07	-3.2726e-07	5.7735e-09	-1.5512e-09	-6.3e-13	3.249e-07	-3.2912e-07	1.09798e-08	-3.4579e-09	3.4e-13	3.2484e-07	-3.3228e-07	1.88042e-08	-6.4916e-09	-5.800000000000002e-13	3.2482e-07	-3.3696e-07
0.235	-6.664800000000001e-10	5.3675e-10	4.2000000000000003e-13	3.2534e-07	-3.2512e-07	3.7401e-10	9.811e-11	-1.5000000000000004e-13	3.2516e-07	-3.2558e-07	1.2518e-09	-8.774000000000001e-11	-1.09e-12	3.251e-07	-3.2624e-07	2.7937e-09	-4.9737e-10	-8.9e-13	3.25e-07	-3.2734e-07	5.7445e-09	-1.504e-09	-1.6300000000000001e-12	3.2494e-07	-3.2914e-07	1.09112e-08	-3.3737e-09	-6.8e-13	3.2486e-07	-3.3242e-07	1.86048e-08	-6.366e-09	-6.200000000000001e-13	3.248e-07	-3.3692e-07
0.24	-6.911200000000001e-10	5.6982e-10	-8.400000000000001e-13	3.2528e-07	-3.2516e-07	3.7371000000000005e-10	1.0355e-10	-7.800000000000002e-13	3.2518e-07	-3.2562e-07	1.2403e-09	-7.881000000000001e-11	4.0000000000000006e-14	3.2508e-07	-3.2624e-07	2.7689e-09	-4.754300000000001e-10	-6.000000000000002e-13	3.2506e-07	-3.2736e-07	5.7069e-09	-1.4561e-09	-5.9e-13	3.25e-07	-3.2912e-07	1.0852e-08	-3.2903e-09	-1.14e-12	3.2482e-07	-3.324e-07	1.83568e-08	-6.2452e-09	-4.600000000000002e-13	3.2484e-07	-3.3692e-07
0.245	-7.2606e-10	6.051900000000001e-10	-1.4400000000000001e-12	3.2524e-07	-3.2516e-07	3.6832e-10	1.1137e-10	-2.7e-13	3.2514e-07	-3.2562e-07	1.2376e-09	-7.241000000000001e-11	2e-13	3.25e-07	-3.2624e-07	2.7496e-09	-4.5381000000000006e-10	-3.7000000000000004e-13	3.2502e-07	-3.2734e-07	5.6211e-09	-1.4108e-09	-8.000000000000001e-14	3.2484e-07	-3.2914e-07	1.0772599999999998e-08	-3.214e-09	-5.4e-13	3.2492e-07	-3.3246e-07	1.84208e-08	-6.1183e-09	5.300000000000002e-13	3.2482e-07	-3.3714e-07
0.25	-7.666e-10	6.4113e-10	-9.8e-13	3.2516e-07	-3.251e-07	3.5640000000000003e-10	1.1949000000000002e-10	-1.26e-12	3.2512e-07	-3.2558e-07	1.2306e-09	-5.968000000000001e-11	-4.1e-13	3.2506e-07	-3.2618e-07	2.7387e-09	-4.3246e-10	-1.7e-13	3.2494e-07	-3.2726e-07	5.5931e-09	-1.3633e-09	-1.4900000000000001e-12	3.248e-07	-3.2906e-07	1.06928e-08	-3.1356e-09	-9.200000000000001e-13	3.2484e-07	-3.3244e-07	1.81972e-08	-5.9989e-09	-3.600000000000001e-13	3.2478e-07	-3.3692e-07
0.255	-7.9977e-10	6.8158e-10	-5.6e-13	3.2526e-07	-3.2506e-07	3.499e-10	1.2359e-10	-2.7e-13	3.2512e-07	-3.2554e-07	1.2175e-09	-5.579e-11	-4.600000000000002e-13	3.2504e-07	-3.262e-07	2.7125e-09	-4.1083e-10	-4.600000000000002e-13	3.2486e-07	-3.2724e-07	5.5194e-09	-1.319e-09	-1.26e-12	3.2494e-07	-3.2912e-07	1.05932e-08	-3.0583e-09	-6.700000000000002e-13	3.2492e-07	-3.3244e-07	1.81014e-08	-5.8795e-09	-6.200000000000001e-13	3.2482e-07	-3.3682e-07
0.26	-8.3549e-10	7.2297e-10	-4.1e-13	3.2528e-07	-3.2512e-07	3.4105000000000003e-10	1.3204000000000002e-10	-2.900000000000001e-13	3.2514e-07	-3.256e-07	1.2107e-09	-4.799000000000001e-11	9e-14	3.251e-07	-3.2622e-07	2.7088e-09	-3.9184e-10	-1.1100000000000001e-12	3.25e-07	-3.2734e-07	5.4551e-09	-1.278e-09	6.200000000000001e-13	3.2498e-07	-3.2906e-07	1.05514e-08	-2.9822e-09	1.2000000000000002e-13	3.2488e-07	-3.3242e-07	1.7959999999999997e-08	-5.7635e-09	-8.800000000000002e-13	3.2472e-07	-3.3686e-07
0.265	-8.900700000000001e-10	7.6918e-10	-1.13e-12	3.253e-07	-3.2512e-07	3.3208e-10	1.4138e-10	-1.2900000000000002e-12	3.2512e-07	-3.2556e-07	1.2072e-09	-3.9570000000000005e-11	7e-13	3.2512e-07	-3.2622e-07	2.671e-09	-3.7333e-10	-7e-13	3.25e-07	-3.2734e-07	5.4343e-09	-1.2343e-09	-5.9e-13	3.2488e-07	-3.2908e-07	1.04484e-08	-2.9063e-09	4.500000000000001e-13	3.2492e-07	-3.325e-07	1.79078e-08	-5.6483e-09	-1.9000000000000002e-13	3.2474e-07	-3.368e-07
0.27	-9.412e-10	8.1521e-10	1e-13	3.2528e-07	-3.2518e-07	3.1308e-10	1.4781e-10	-6.3e-13	3.251e-07	-3.2562e-07	1.188e-09	-3.2030000000000005e-11	-1.27e-12	3.2514e-07	-3.2626e-07	2.6686e-09	-3.5236e-10	-9.8e-13	3.2498e-07	-3.2746e-07	5.3875e-09	-1.1914e-09	-4.600000000000002e-13	3.2502e-07	-3.2918e-07	1.04074e-08	-2.8314e-09	-2.8e-13	3.2488e-07	-3.324e-07	1.77774e-08	-5.5366e-09	-7.3e-13	3.2474e-07	-3.3682e-07
0.275	-9.8681e-10	8.681700000000001e-10	-4.800000000000001e-13	3.2528e-07	-3.2512e-07	3.071e-10	1.5548000000000002e-10	-4.0000000000000006e-14	3.2508e-07	-3.2552e-07	1.1837e-09	-2.701e-11	3.1000000000000004e-13	3.2504e-07	-3.262e-07	2.642e-09	-3.3364000000000005e-10	-1.1100000000000001e-12	3.2506e-07	-3.2734e-07	5.3542e-09	-1.1519e-09	-5.500000000000001e-13	3.2498e-07	-3.2918e-07	1.02944e-08	-2.7579e-09	-1.6800000000000001e-12	3.2482e-07	-3.323e-07	1.76916e-08	-5.4257e-09	-1.4e-13	3.2476e-07	-3.3704e-07
0.28	-1.04086e-09	9.189100000000001e-10	-8.800000000000002e-13	3.2528e-07	-3.2518e-07	3.0951e-10	1.6758e-10	-4e-13	3.251e-07	-3.256e-07	1.186e-09	-1.876e-11	-4.3000000000000004e-13	3.2506e-07	-3.2624e-07	2.619e-09	-3.1895e-10	-1.8000000000000004e-13	3.2502e-07	-3.2738e-07	5.3075e-09	-1.112e-09	-4.1e-13	3.2484e-07	-3.2902e-07	1.02398e-08	-2.6874e-09	-1.0600000000000001e-12	3.249e-07	-3.3238e-07	1.7481199999999997e-08	-5.3149e-09	1e-13	3.248e-07	-3.3686e-07
0.285	-1.1016200000000002e-09	9.7382e-10	-6.200000000000001e-13	3.2532e-07	-3.2514e-07	2.694e-10	1.7634e-10	-8.100000000000001e-13	3.2508e-07	-3.256e-07	1.1718e-09	-1.262e-11	1.6000000000000005e-13	3.25e-07	-3.2618e-07	2.622e-09	-3.0132e-10	-3.3e-13	3.2504e-07	-3.2738e-07	5.2592e-09	-1.0716e-09	-3.7000000000000004e-13	3.2492e-07	-3.292e-07	1.0198e-08	-2.6203e-09	-1.36e-12	3.249e-07	-3.3252e-07	1.74252e-08	-5.2015e-09	5e-14	3.2478e-07	-3.3688e-07
0.29	-1.157e-09	1.03524e-09	-1.3300000000000002e-12	3.2528e-07	-3.2514e-07	2.6084e-10	1.8404e-10	-7.900000000000001e-13	3.2516e-07	-3.2556e-07	1.158e-09	-5.150000000000001e-12	-1.1100000000000001e-12	3.2498e-07	-3.2622e-07	2.5994e-09	-2.8379e-10	-9.000000000000001e-13	3.2504e-07	-3.2734e-07	5.249e-09	-1.032e-09	-7.600000000000002e-13	3.2486e-07	-3.2912e-07	1.00828e-08	-2.5513e-09	-1.5000000000000004e-13	3.2494e-07	-3.3236e-07	1.72442e-08	-5.0904e-09	-1.37e-12	3.2478e-07	-3.3718e-07
0.295	-1.2223e-09	1.09466e-09	-7.100000000000001e-13	3.2528e-07	-3.2514e-07	2.5724000000000003e-10	1.9582000000000003e-10	-6.200000000000001e-13	3.2516e-07	-3.2568e-07	1.1562e-09	-3.800000000000001e-13	-2.4000000000000004e-13	3.2506e-07	-3.2618e-07	2.5696e-09	-2.6849e-10	-3.4e-13	3.2496e-07	-3.274e-07	5.2207e-09	-9.987e-10	-5.9e-13	3.2486e-07	-3.2914e-07	9.9934e-09	-2.4828e-09	-4.800000000000001e-13	3.2488e-07	-3.3232e-07	1.71018e-08	-4.9894e-09	-5.9e-13	3.248e-07	-3.371e-07
0.3	-1.2802e-09	1.1625e-09	-1e-13	3.2524e-07	-3.2514e-07	2.3766000000000004e-10	2.0777e-10	-1.13e-12	3.2516e-07	-3.2562e-07	1.156e-09	6.0600000000000004e-12	4.0000000000000006e-14	3.2502e-07	-3.2614e-07	2.568e-09	-2.55e-10	0.0	3.2506e-07	-3.2732e-07	5.1685e-09	-9.6067e-10	6.000000000000001e-14	3.2492e-07	-3.291e-07	9.960199999999999e-09	-2.4161e-09	3.900000000000001e-13	3.2482e-07	-3.324e-07	1.70184e-08	-4.8779e-09	-3.5e-13	3.2482e-07	-3.368e-07
0.305	-1.3504e-09	1.2343e-09	6.000000000000001e-14	3.2528e-07	-3.2516e-07	2.2231e-10	2.1568e-10	-5.4e-13	3.2514e-07	-3.256e-07	1.1499e-09	1.4290000000000002e-11	-1.7700000000000001e-12	3.251e-07	-3.2622e-07	2.5606e-09	-2.3937e-10	-2.0000000000000003e-14	3.2506e-07	-3.2744e-07	5.1365e-09	-9.230699999999999e-10	-8.400000000000001e-13	3.2488e-07	-3.2912e-07	9.8532e-09	-2.3496e-09	-4.1e-13	3.2494e-07	-3.324e-07	1.6972599999999997e-08	-4.7771e-09	-5e-13	3.2476e-07	-3.3682e-07
0.31	-1.4259e-09	1.3108e-09	-4.500000000000001e-13	3.253e-07	-3.252e-07	2.1927e-10	2.3005e-10	9.4e-13	3.2516e-07	-3.2552e-07	1.1373e-09	1.624e-11	-7.200000000000002e-13	3.2506e-07	-3.2626e-07	2.5458e-09	-2.2391e-10	-1.1500000000000001e-12	3.2504e-07	-3.2738e-07	5.094e-09	-8.906100000000001e-10	8.000000000000001e-14	3.2492e-07	-3.2912e-07	9.788e-09	-2.2874e-09	-8.600000000000001e-13	3.2484e-07	-3.324e-07	1.6731e-08	-4.6721e-09	-4.1e-13	3.2478e-07	-3.3706e-07
0.315	-1.5072e-09	1.3863e-09	-1.1600000000000001e-12	3.2528e-07	-3.2514e-07	2.0952e-10	2.4182e-10	-4.7e-13	3.2518e-07	-3.2562e-07	1.1332e-09	2.3320000000000003e-11	-3.600000000000001e-13	3.251e-07	-3.2622e-07	2.5258e-09	-2.1453e-10	-2.900000000000001e-13	3.251e-07	-3.274e-07	5.074e-09	-8.577e-10	1e-13	3.2492e-07	-3.2914e-07	9.8051e-09	-2.2234e-09	-1.9000000000000002e-13	3.2486e-07	-3.3238e-07	1.6721599999999997e-08	-4.5723e-09	3.0000000000000005e-14	3.2486e-07	-3.3696e-07
0.32	-1.5873e-09	1.4687e-09	1.1000000000000001e-13	3.2522e-07	-3.2516e-07	1.8139e-10	2.549e-10	-1.09e-12	3.2506e-07	-3.256e-07	1.1269e-09	2.9440000000000004e-11	-7.200000000000002e-13	3.251e-07	-3.2626e-07	2.5307e-09	-1.9966e-10	-4.600000000000002e-13	3.2502e-07	-3.2734e-07	5.0703e-09	-8.236e-10	-1.7e-13	3.2492e-07	-3.2918e-07	9.6243e-09	-2.1598e-09	-1.0100000000000001e-12	3.2486e-07	-3.323e-07	1.6626999999999997e-08	-4.4722e-09	-1.32e-12	3.2482e-07	-3.3682e-07
0.325	-1.6701e-09	1.5562e-09	-3.1000000000000004e-13	3.2528e-07	-3.2518e-07	1.7195e-10	2.6830000000000005e-10	-9e-14	3.2514e-07	-3.2562e-07	1.1166e-09	3.416e-11	-5.2e-13	3.251e-07	-3.2626e-07	2.5183e-09	-1.8535e-10	-9.4e-13	3.2504e-07	-3.274e-07	5.0001e-09	-7.906200000000001e-10	-8.2e-13	3.2488e-07	-3.2912e-07	9.5761e-09	-2.1014e-09	-9.000000000000001e-13	3.2482e-07	-3.3246e-07	1.65412e-08	-4.3789e-09	-1.45e-12	3.2488e-07	-3.3716e-07
0.33	-1.7676e-09	1.6491e-09	-7.3e-13	3.2526e-07	-3.2508e-07	1.6642e-10	2.8348000000000004e-10	5.6e-13	3.2508e-07	-3.255e-07	1.1264e-09	3.7240000000000005e-11	-6.8e-13	3.2508e-07	-3.2618e-07	2.4894e-09	-1.7525000000000002e-10	-2.6e-13	3.25e-07	-3.2738e-07	4.9641e-09	-7.6113e-10	-3.3e-13	3.249e-07	-3.291e-07	9.5146e-09	-2.0428e-09	-3.600000000000001e-13	3.2486e-07	-3.3242e-07	1.64876e-08	-4.2777e-09	-1.03e-12	3.2484e-07	-3.3692e-07
0.335	-1.8671e-09	1.7419e-09	-3.1000000000000004e-13	3.2534e-07	-3.2518e-07	1.4707000000000002e-10	2.9958e-10	-9.700000000000001e-13	3.251e-07	-3.2552e-07	1.1127e-09	4.348e-11	-3.2000000000000005e-13	3.2506e-07	-3.2618e-07	2.4818e-09	-1.6358000000000002e-10	1.4e-13	3.2496e-07	-3.273e-07	4.9483e-09	-7.3095e-10	-3.5e-13	3.2482e-07	-3.2906e-07	9.505e-09	-1.9837e-09	-1.04e-12	3.2486e-07	-3.3222e-07	1.63368e-08	-4.1871e-09	2.300000000000001e-13	3.2488e-07	-3.3712e-07
0.34	-1.9625e-09	1.8454e-09	7.5e-13	3.2534e-07	-3.253e-07	1.2557e-10	3.1277000000000005e-10	6.8e-13	3.2514e-07	-3.2554e-07	1.1006e-09	5.2610000000000006e-11	-1.6100000000000002e-12	3.25e-07	-3.2612e-07	2.4786e-09	-1.512e-10	2.5e-13	3.2506e-07	-3.274e-07	4.8954e-09	-6.9927e-10	-4.4000000000000004e-13	3.2488e-07	-3.2914e-07	9.3762e-09	-1.9239e-09	-1.6300000000000001e-12	3.249e-07	-3.3242e-07	1.6320199999999997e-08	-4.0899e-09	1.9000000000000002e-13	3.2484e-07	-3.3688e-07
0.345	-2.0623e-09	1.9536e-09	-6.200000000000001e-13	3.2534e-07	-3.2512e-07	1.1041e-10	3.2983000000000004e-10	-1.4e-13	3.2518e-07	-3.2562e-07	1.0869e-09	5.3040000000000005e-11	-8e-13	3.2508e-07	-3.2618e-07	2.4632e-09	-1.4091e-10	-1.51e-12	3.2512e-07	-3.274e-07	4.8916e-09	-6.7125e-10	-1.5000000000000004e-13	3.2492e-07	-3.2908e-07	9.4295e-09	-1.8707e-09	-8.9e-13	3.2486e-07	-3.324e-07	1.61246e-08	-3.9989e-09	-3.800000000000001e-13	3.248e-07	-3.371e-07
0.35	-2.191e-09	2.0661e-09	-9.600000000000002e-13	3.2536e-07	-3.2522e-07	9.425e-11	3.4929000000000004e-10	-2e-13	3.2516e-07	-3.2564e-07	1.0862e-09	5.744e-11	-9.700000000000001e-13	3.2506e-07	-3.262e-07	2.4623e-09	-1.3249e-10	2.4000000000000004e-13	3.2504e-07	-3.2736e-07	4.8921e-09	-6.4436e-10	4.0000000000000006e-14	3.249e-07	-3.2912e-07	9.2767e-09	-1.8164e-09	-4.500000000000001e-13	3.2484e-07	-3.324e-07	1.60346e-08	-3.9064e-09	-1.6000000000000005e-13	3.2484e-07	-3.3696e-07
0.355	-2.3059e-09	2.183e-09	2.300000000000001e-13	3.2528e-07	-3.2514e-07	6.725e-11	3.6641e-10	-4.3000000000000004e-13	3.251e-07	-3.2552e-07	1.079e-09	6.573e-11	-6.400000000000001e-13	3.2514e-07	-3.2622e-07	2.4669e-09	-1.2249e-10	-1.1000000000000001e-13	3.2508e-07	-3.2746e-07	4.8267e-09	-6.152300000000001e-10	-3.3e-13	3.2492e-07	-3.2924e-07	9.2676e-09	-1.7601e-09	-2.300000000000001e-13	3.2482e-07	-3.3242e-07	1.5927599999999997e-08	-3.8201e-09	-1.26e-12	3.248e-07	-3.3704e-07
0.36	-2.4264e-09	2.3109e-09	-4.1e-13	3.2534e-07	-3.2522e-07	5.087e-11	3.8609e-10	-4.600000000000002e-13	3.2518e-07	-3.2552e-07	1.0759e-09	6.951e-11	-9.000000000000001e-13	3.2498e-07	-3.262e-07	2.4417e-09	-1.0962e-10	-1.08e-12	3.2502e-07	-3.274e-07	4.8151e-09	-5.879900000000001e-10	-1.5600000000000002e-12	3.2492e-07	-3.2918e-07	9.2929e-09	-1.709e-09	-9.5e-13	3.2492e-07	-3.3246e-07	1.5882199999999997e-08	-3.7284e-09	-7.600000000000002e-13	3.2482e-07	-3.3698e-07
0.365	-2.5632e-09	2.4424e-09	-5.2e-13	3.2528e-07	-3.2516e-07	3.019e-11	4.1059e-10	-7e-14	3.2512e-07	-3.2556e-07	1.0999e-09	7.440000000000001e-11	-4.9e-13	3.2506e-07	-3.2628e-07	2.4342e-09	-1.0295e-10	-7.400000000000001e-13	3.2504e-07	-3.274e-07	4.7813e-09	-5.64e-10	-5.7e-13	3.2488e-07	-3.2922e-07	9.2111e-09	-1.6586e-09	-2.300000000000001e-13	3.2482e-07	-3.3242e-07	1.58002e-08	-3.6419e-09	-1.27e-12	3.2488e-07	-3.3706e-07
0.37	-2.7045e-09	2.5752e-09	-1.18e-12	3.2534e-07	-3.2518e-07	9.34e-12	4.3259000000000005e-10	-1.22e-12	3.251e-07	-3.2556e-07	1.1035e-09	7.953000000000001e-11	9e-14	3.2504e-07	-3.2624e-07	2.4341e-09	-9.485e-11	4.0000000000000006e-14	3.2506e-07	-3.2738e-07	4.782e-09	-5.388300000000001e-10	-1.3e-13	3.249e-07	-3.2914e-07	9.1682e-09	-1.6063e-09	-3.3e-13	3.249e-07	-3.3232e-07	1.5712e-08	-3.5592e-09	-1e-13	3.2476e-07	-3.3698e-07
0.375	-2.8454e-09	2.7252e-09	-3.1000000000000004e-13	3.253e-07	-3.2518e-07	-1.659e-11	4.5699e-10	1.1000000000000001e-13	3.2506e-07	-3.2552e-07	1.088e-09	8.635e-11	-6.900000000000001e-13	3.2506e-07	-3.2624e-07	2.4285e-09	-8.493000000000001e-11	-1.2500000000000001e-12	3.25e-07	-3.2734e-07	4.7674e-09	-5.1334e-10	-8.7e-13	3.2488e-07	-3.292e-07	9.1258e-09	-1.554e-09	-5.800000000000002e-13	3.2484e-07	-3.3234e-07	1.55924e-08	-3.4738e-09	2.2000000000000002e-13	3.248e-07	-3.3706e-07
0.38	-2.9908e-09	2.89e-09	-5.800000000000002e-13	3.2528e-07	-3.2518e-07	-4.1460000000000005e-11	4.7959e-10	4.600000000000002e-13	3.2518e-07	-3.2556e-07	1.076e-09	9.151e-11	7e-14	3.2506e-07	-3.2626e-07	2.4089e-09	-7.627000000000001e-11	-2.8e-13	3.2498e-07	-3.2746e-07	4.7342e-09	-4.896400000000001e-10	-1.07e-12	3.2486e-07	-3.291e-07	8.963e-09	-1.5066e-09	-9.600000000000002e-13	3.2482e-07	-3.324e-07	1.54558e-08	-3.3911e-09	-6.6e-13	3.2486e-07	-3.368e-07
0.385	-3.1512e-09	3.0353e-09	-1.0600000000000001e-12	3.2536e-07	-3.2518e-07	-7.254e-11	5.1145e-10	-8.2e-13	3.2512e-07	-3.256e-07	1.0718e-09	9.714e-11	-3.4e-13	3.2506e-07	-3.263e-07	2.4126e-09	-7.113e-11	-3.600000000000001e-13	3.25e-07	-3.2734e-07	4.7051e-09	-4.684500000000001e-10	-9.8e-13	3.249e-07	-3.2906e-07	8.9182e-09	-1.4599e-09	1.5000000000000004e-13	3.2484e-07	-3.3228e-07	1.5407199999999998e-08	-3.3068e-09	-4e-13	3.2486e-07	-3.3694e-07
0.39	-3.3245e-09	3.2042e-09	-1.5000000000000004e-13	3.2532e-07	-3.252e-07	-1.0543e-10	5.3548e-10	-1.1000000000000001e-13	3.2518e-07	-3.2556e-07	1.0763e-09	1.0405e-10	-1e-13	3.2506e-07	-3.2622e-07	2.4091e-09	-6.172000000000001e-11	1.9000000000000002e-13	3.25e-07	-3.2734e-07	4.6621e-09	-4.4546e-10	-5e-13	3.2494e-07	-3.2914e-07	8.8856e-09	-1.4111e-09	-6.400000000000001e-13	3.2492e-07	-3.3246e-07	1.5331999999999998e-08	-3.2289e-09	-9.200000000000001e-13	3.2476e-07	-3.3682e-07
0.395	-3.4941e-09	3.3773e-09	2.6e-13	3.253e-07	-3.2518e-07	-1.3323000000000001e-10	5.6928e-10	-5.6e-13	3.2514e-07	-3.2556e-07	1.0571e-09	1.1127e-10	-1.1900000000000002e-12	3.2504e-07	-3.2626e-07	2.3929e-09	-5.3990000000000006e-11	-6.6e-13	3.2502e-07	-3.2732e-07	4.6453e-09	-4.2358000000000005e-10	-1.69e-12	3.2488e-07	-3.2914e-07	8.8778e-09	-1.3658e-09	-9.700000000000001e-13	3.249e-07	-3.3228e-07	1.5291799999999998e-08	-3.1502e-09	-6.6e-13	3.2482e-07	-3.3678e-07
0.4	-3.6759e-09	3.564e-09	-6.700000000000002e-13	3.2532e-07	-3.2522e-07	-1.6818e-10	6.049e-10	-2.900000000000001e-13	3.2506e-07	-3.2554e-07	1.0512e-09	1.1607999999999999e-10	-3.7000000000000004e-13	3.2506e-07	-3.2618e-07	2.3829e-09	-4.753e-11	-2.0000000000000003e-14	3.2496e-07	-3.2734e-07	4.6417e-09	-4.034e-10	-3.0000000000000005e-14	3.2492e-07	-3.2916e-07	8.8042e-09	-1.3216e-09	-1.07e-12	3.2488e-07	-3.324e-07	1.52096e-08	-3.0733e-09	-4.0000000000000006e-14	3.2474e-07	-3.3698e-07
0.405	-3.8804e-09	3.7552e-09	-8.000000000000001e-14	3.2534e-07	-3.2514e-07	-2.1392e-10	6.398700000000001e-10	-1.36e-12	3.2516e-07	-3.2546e-07	1.0454e-09	1.2556e-10	2.8e-13	3.2504e-07	-3.2626e-07	2.3859e-09	-4.2990000000000005e-11	-1.9000000000000002e-13	3.2488e-07	-3.2728e-07	4.6126e-09	-3.8468e-10	-5.1e-13	3.2494e-07	-3.292e-07	8.8072e-09	-1.2784e-09	1.6000000000000005e-13	3.2488e-07	-3.3248e-07	1.5062199999999997e-08	-2.9957e-09	-5e-13	3.248e-07	-3.3682e-07
0.41	-4.0751e-09	3.9554e-09	-6.000000000000001e-14	3.2528e-07	-3.2518e-07	-2.5434e-10	6.7607e-10	7e-14	3.2514e-07	-3.2556e-07	1.0378e-09	1.3243e-10	-1.09e-12	3.2504e-07	-3.2618e-07	2.3823e-09	-3.488e-11	-6.000000000000002e-13	3.2492e-07	-3.2732e-07	4.6425e-09	-3.6175e-10	-1.14e-12	3.2488e-07	-3.2906e-07	8.8353e-09	-1.2323e-09	-1.18e-12	3.2486e-07	-3.3234e-07	1.49482e-08	-2.9194e-09	-1.8000000000000004e-13	3.2476e-07	-3.3674e-07
0.415	-4.2796e-09	4.169e-09	-1.3e-13	3.2532e-07	-3.2524e-07	-2.8741000000000004e-10	7.2052e-10	-6.3e-13	3.2512e-07	-3.2554e-07	1.0205e-09	1.3870000000000002e-10	2.900000000000001e-13	3.2506e-07	-3.2626e-07	2.3786e-09	-2.7960000000000003e-11	-1.2500000000000001e-12	3.2506e-07	-3.2728e-07	4.5989e-09	-3.4517e-10	-4.500000000000001e-13	3.249e-07	-3.2914e-07	8.7634e-09	-1.1916e-09	-3.600000000000001e-13	3.248e-07	-3.324e-07	1.4902999999999998e-08	-2.8471e-09	-3.0000000000000005e-14	3.2478e-07	-3.37e-07
0.42	-4.5047e-09	4.3896e-09	-5.4e-13	3.2528e-07	-3.2526e-07	-3.3425e-10	7.6233e-10	2.300000000000001e-13	3.251e-07	-3.2552e-07	1.0189e-09	1.4647e-10	1.2000000000000002e-13	3.251e-07	-3.2628e-07	2.3726e-09	-2.377e-11	-1.9000000000000002e-13	3.2496e-07	-3.2732e-07	4.5484e-09	-3.2722000000000003e-10	-6.3e-13	3.2488e-07	-3.2908e-07	8.6184e-09	-1.1529e-09	-7.800000000000002e-13	3.248e-07	-3.3236e-07	1.4839399999999998e-08	-2.7723e-09	-1.12e-12	3.2476e-07	-3.3686e-07
0.425	-4.7386e-09	4.6198e-09	-3.2000000000000005e-13	3.2528e-07	-3.2522e-07	-3.8194e-10	8.104e-10	-3.600000000000001e-13	3.2512e-07	-3.255e-07	1.0149e-09	1.5609e-10	-1.3000000000000001e-12	3.251e-07	-3.2628e-07	2.3656e-09	-1.732e-11	-3.900000000000001e-13	3.2506e-07	-3.2742e-07	4.5577e-09	-3.0907e-10	-7.100000000000001e-13	3.248e-07	-3.2912e-07	8.5839e-09	-1.1112e-09	-3.4e-13	3.248e-07	-3.3234e-07	1.48944e-08	-2.7040999999999998e-09	-8.400000000000001e-13	3.2484e-07	-3.3702e-07
0.43	-4.9834e-09	4.8639e-09	-4.1e-13	3.2528e-07	-3.252e-07	-4.2677e-10	8.607300000000001e-10	-3.600000000000001e-13	3.2506e-07	-3.255e-07	1.0004e-09	1.6626e-10	-1.8400000000000002e-12	3.2504e-07	-3.2618e-07	2.3683e-09	-1.028e-11	-6.200000000000001e-13	3.2504e-07	-3.2744e-07	4.5337e-09	-2.9085000000000003e-10	-1.1900000000000002e-12	3.2494e-07	-3.2918e-07	8.5721e-09	-1.0711e-09	-6.8e-13	3.2486e-07	-3.3226e-07	1.4729199999999998e-08	-2.6344e-09	1.0000000000000002e-14	3.2486e-07	-3.3694e-07
0.435	-5.2262e-09	5.115e-09	-2.5e-13	3.253e-07	-3.2522e-07	-4.8111e-10	9.1457e-10	-1.0600000000000001e-12	3.2512e-07	-3.2556e-07	9.825e-10	1.7143000000000002e-10	1.4e-13	3.251e-07	-3.2618e-07	2.3522e-09	-5.4500000000000004e-12	-8e-13	3.2512e-07	-3.2738e-07	4.5549e-09	-2.7614000000000004e-10	-6.8e-13	3.2492e-07	-3.2916e-07	8.5904e-09	-1.0349e-09	-5.800000000000002e-13	3.2486e-07	-3.3246e-07	1.4725399999999998e-08	-2.5657e-09	1.8000000000000004e-13	3.2484e-07	-3.3706e-07
0.44	-5.4982e-09	5.3829e-09	-2.8e-13	3.253e-07	-3.2512e-07	-5.445400000000001e-10	9.6811e-10	-7.200000000000002e-13	3.2506e-07	-3.2554e-07	9.772e-10	1.8334e-10	-1.0100000000000001e-12	3.2504e-07	-3.2626e-07	2.3545e-09	-1.1900000000000002e-12	-4.9e-13	3.251e-07	-3.274e-07	4.5104e-09	-2.6016e-10	-1.1000000000000001e-13	3.2492e-07	-3.2918e-07	8.5165e-09	-9.98e-10	-1.4e-13	3.2488e-07	-3.3236e-07	1.4539599999999998e-08	-2.4942e-09	-1.04e-12	3.2478e-07	-3.3704e-07
0.445	-5.7511e-09	5.6234e-09	1.4e-13	3.2536e-07	-3.2522e-07	-6.022500000000001e-10	1.0272500000000001e-09	-3.7000000000000004e-13	3.251e-07	-3.2554e-07	9.7537e-10	1.9195e-10	2.5e-13	3.2504e-07	-3.2614e-07	2.3457e-09	5.43e-12	4.9e-13	3.2506e-07	-3.2738e-07	4.508e-09	-2.4298e-10	-1e-13	3.2482e-07	-3.2916e-07	8.496e-09	-9.5927e-10	-1.0600000000000001e-12	3.2484e-07	-3.3242e-07	1.4494999999999998e-08	-2.4297e-09	-6.200000000000001e-13	3.2478e-07	-3.3676e-07
0.45	-6.0384e-09	5.9181e-09	-4.9e-13	3.253e-07	-3.2518e-07	-6.6275e-10	1.0925800000000002e-09	-7.600000000000002e-13	3.2514e-07	-3.2554e-07	9.5915e-10	2.0288000000000003e-10	-1.0000000000000002e-14	3.2504e-07	-3.2614e-07	2.3302e-09	1.213e-11	-1.0600000000000001e-12	3.25e-07	-3.2738e-07	4.4811e-09	-2.2852000000000003e-10	-4.500000000000001e-13	3.2492e-07	-3.2914e-07	8.4187e-09	-9.2362e-10	-1.0600000000000001e-12	3.248e-07	-3.3234e-07	1.43708e-08	-2.3632e-09	-1.6100000000000002e-12	3.2484e-07	-3.3692e-07
0.455	-6.3248e-09	6.2094e-09	-3.7000000000000004e-13	3.2536e-07	-3.2524e-07	-7.3319e-10	1.1588e-09	-1.1100000000000001e-12	3.251e-07	-3.255e-07	9.4327e-10	2.1511e-10	-1.14e-12	3.2506e-07	-3.2626e-07	2.318e-09	1.457e-11	-9e-14	3.2494e-07	-3.2732e-07	4.4497e-09	-2.1596e-10	1.1000000000000001e-13	3.2486e-07	-3.2912e-07	8.395e-09	-8.910100000000001e-10	-4.4000000000000004e-13	3.2482e-07	-3.3232e-07	1.43458e-08	-2.2999e-09	-1.14e-12	3.2478e-07	-3.3686e-07
0.46	-6.6469e-09	6.5282e-09	-6.000000000000002e-13	3.2524e-07	-3.2506e-07	-8.0629e-10	1.2262e-09	-8.100000000000001e-13	3.2506e-07	-3.2546e-07	9.285e-10	2.23e-10	7.3e-13	3.25e-07	-3.2624e-07	2.3216e-09	2.1080000000000003e-11	7e-14	3.2502e-07	-3.2734e-07	4.4614e-09	-2.0088e-10	-4.9e-13	3.2488e-07	-3.2914e-07	8.3541e-09	-8.5593e-10	-8.100000000000001e-13	3.2492e-07	-3.3228e-07	1.43048e-08	-2.2375e-09	-5.300000000000002e-13	3.248e-07	-3.3684e-07
0.465	-6.9705e-09	6.8541e-09	-4.600000000000002e-13	3.2532e-07	-3.252e-07	-8.806200000000001e-10	1.2995e-09	-7.700000000000001e-13	3.2518e-07	-3.2556e-07	9.1306e-10	2.3724e-10	-6.8e-13	3.2508e-07	-3.2622e-07	2.3323e-09	2.6450000000000003e-11	-6.3e-13	3.2496e-07	-3.2732e-07	4.4961e-09	-1.8724e-10	-1.2500000000000001e-12	3.2482e-07	-3.2914e-07	8.3985e-09	-8.224400000000001e-10	-2.4000000000000004e-13	3.2486e-07	-3.324e-07	1.43578e-08	-2.1787e-09	1.3e-13	3.2472e-07	-3.3676e-07
0.47	-7.3254e-09	7.1928e-09	-7.700000000000001e-13	3.252e-07	-3.2512e-07	-9.5761e-10	1.3797e-09	-6.1e-13	3.2516e-07	-3.2558e-07	9.0353e-10	2.4921e-10	-7e-13	3.2506e-07	-3.2622e-07	2.3241e-09	3.22e-11	-7.900000000000001e-13	3.2498e-07	-3.2728e-07	4.4624e-09	-1.7599e-10	-1.02e-12	3.2488e-07	-3.2914e-07	8.3082e-09	-7.9184e-10	-5.7e-13	3.2492e-07	-3.3236e-07	1.42014e-08	-2.1155e-09	-4.4000000000000004e-13	3.2474e-07	-3.368e-07
0.475	-7.6622e-09	7.5438e-09	-7.600000000000002e-13	3.253e-07	-3.2512e-07	-1.03731e-09	1.4592e-09	-1.14e-12	3.2514e-07	-3.256e-07	8.8441e-10	2.6226000000000003e-10	-1.5000000000000004e-13	3.2504e-07	-3.262e-07	2.308e-09	3.539e-11	1.3e-13	3.2498e-07	-3.2732e-07	4.4534e-09	-1.6408000000000002e-10	-2.7e-13	3.2494e-07	-3.2914e-07	8.2897e-09	-7.6089e-10	4.500000000000001e-13	3.2482e-07	-3.3246e-07	1.41562e-08	-2.055e-09	-1.1600000000000001e-12	3.2484e-07	-3.3678e-07
0.48	-8.0436e-09	7.9348e-09	-1.51e-12	3.253e-07	-3.2504e-07	-1.12415e-09	1.5454e-09	-4.500000000000001e-13	3.2512e-07	-3.2554e-07	8.7337e-10	2.7503000000000003e-10	-3.000000000000001e-13	3.2506e-07	-3.262e-07	2.3041e-09	4.1830000000000006e-11	-7.800000000000002e-13	3.25e-07	-3.2734e-07	4.4394e-09	-1.5062000000000002e-10	1.0000000000000002e-14	3.2494e-07	-3.2916e-07	8.2759e-09	-7.2779e-10	-4.1e-13	3.2484e-07	-3.3248e-07	1.41288e-08	-1.9935e-09	-9.600000000000002e-13	3.2474e-07	-3.3692e-07
0.485	-8.4072e-09	8.2938e-09	-4.600000000000002e-13	3.2524e-07	-3.251e-07	-1.2279e-09	1.6349e-09	-4.1e-13	3.2506e-07	-3.2548e-07	8.6276e-10	2.9181e-10	-6.500000000000002e-13	3.2508e-07	-3.2618e-07	2.2932e-09	4.9480000000000006e-11	-8.400000000000001e-13	3.2488e-07	-3.2734e-07	4.4148e-09	-1.3987e-10	-7.5e-13	3.2486e-07	-3.291e-07	8.2184e-09	-6.987600000000001e-10	-1.3e-13	3.2482e-07	-3.3232e-07	1.4084199999999998e-08	-1.9384e-09	-1.1600000000000001e-12	3.248e-07	-3.368e-07
0.49	-8.8108e-09	8.6986e-09	-1e-12	3.252e-07	-3.252e-07	-1.3113e-09	1.7331e-09	-6.8e-13	3.2506e-07	-3.2552e-07	8.4587e-10	3.0643000000000005e-10	-1.1000000000000002e-12	3.2506e-07	-3.262e-07	2.2849e-09	5.125e-11	-9.5e-13	3.2498e-07	-3.2728e-07	4.4262e-09	-1.309e-10	-3.7000000000000004e-13	3.2492e-07	-3.2914e-07	8.1648e-09	-6.712e-10	-3.000000000000001e-13	3.248e-07	-3.3244e-07	1.38516e-08	-1.8831e-09	4.3000000000000004e-13	3.248e-07	-3.3674e-07
0.495	-9.2389e-09	9.131e-09	-9.100000000000002e-13	3.2526e-07	-3.251e-07	-1.4147e-09	1.8343e-09	-8.800000000000002e-13	3.251e-07	-3.256e-07	8.2324e-10	3.2009000000000003e-10	4.500000000000001e-13	3.2506e-07	-3.2618e-07	2.2875e-09	5.598e-11	-1.6000000000000005e-13	3.2492e-07	-3.2728e-07	4.4037e-09	-1.1978e-10	-5e-13	3.2488e-07	-3.2918e-07	8.1189e-09	-6.423e-10	-2.7e-13	3.248e-07	-3.3234e-07	1.3916599999999998e-08	-1.828e-09	-6.1e-13	3.2476e-07	-3.3692e-07
0.5	-9.6618e-09	9.5495e-09	-4.7e-13	3.2524e-07	-3.2512e-07	-1.5235e-09	1.9399e-09	-1.41e-12	3.251e-07	-3.2554e-07	8.1648e-10	3.3906e-10	2.900000000000001e-13	3.2512e-07	-3.262e-07	2.2769e-09	6.304000000000001e-11	-8.300000000000001e-13	3.2498e-07	-3.2728e-07	4.441e-09	-1.081e-10	-1.6300000000000001e-12	3.2486e-07	-3.2918e-07	8.1415e-09	-6.1297e-10	-1.2500000000000001e-12	3.2484e-07	-3.3238e-07	1.38456e-08	-1.773e-09	4.0000000000000006e-14	3.2478e-07	-3.3678e-07
0.505	-1.01047e-08	9.9944e-09	-1.6000000000000005e-13	3.2524e-07	-3.2516e-07	-1.6349e-09	2.0495e-09	-1.02e-12	3.2512e-07	-3.255e-07	7.9721e-10	3.5727e-10	-7.900000000000001e-13	3.2506e-07	-3.2618e-07	2.2812e-09	6.728e-11	-1.2800000000000002e-12	3.2504e-07	-3.2738e-07	4.3868e-09	-1.0129e-10	-1.7700000000000001e-12	3.249e-07	-3.2914e-07	8.0572e-09	-5.881000000000001e-10	-9.600000000000002e-13	3.2486e-07	-3.323e-07	1.38048e-08	-1.7201e-09	-1.9000000000000002e-13	3.248e-07	-3.3696e-07
0.51	-1.05714e-08	1.04568e-08	-8.600000000000001e-13	3.2524e-07	-3.2514e-07	-1.7431e-09	2.1701e-09	-1.7e-13	3.251e-07	-3.2548e-07	7.6553e-10	3.7342e-10	-4.3000000000000004e-13	3.2506e-07	-3.262e-07	2.2624e-09	7.087000000000001e-11	-9.4e-13	3.2496e-07	-3.2734e-07	4.411e-09	-9.338e-11	-3.3e-13	3.2486e-07	-3.2928e-07	8.0734e-09	-5.617300000000001e-10	-9e-14	3.2488e-07	-3.323e-07	1.37492e-08	-1.6661e-09	-6.900000000000001e-13	3.2478e-07	-3.3696e-07
0.515	-1.10615e-08	1.09541e-08	-2.2000000000000002e-13	3.2526e-07	-3.2514e-07	-1.8726e-09	2.2953e-09	-1.1900000000000002e-12	3.2506e-07	-3.255e-07	7.5031e-10	3.951e-10	-4.2000000000000003e-13	3.251e-07	-3.2634e-07	2.2514e-09	7.653e-11	-6.700000000000002e-13	3.25e-07	-3.273e-07	4.3894e-09	-8.174e-11	-1.46e-12	3.2486e-07	-3.292e-07	8.0685e-09	-5.3639e-10	-4.9e-13	3.2482e-07	-3.3232e-07	1.3774799999999998e-08	-1.6165e-09	-1.4300000000000002e-12	3.2478e-07	-3.3694e-07
0.52	-1.15592e-08	1.14662e-08	-6.700000000000002e-13	3.2534e-07	-3.2516e-07	-1.9995e-09	2.4262e-09	-5.300000000000002e-13	3.2512e-07	-3.2556e-07	7.2716e-10	4.1514e-10	-1.1000000000000002e-12	3.25e-07	-3.2618e-07	2.2482e-09	8.380000000000001e-11	-5.6e-13	3.2494e-07	-3.2732e-07	4.3622e-09	-7.475e-11	-1.0100000000000001e-12	3.2494e-07	-3.293e-07	8.1087e-09	-5.1093e-10	-8.9e-13	3.2486e-07	-3.3238e-07	1.36632e-08	-1.5673e-09	-3.600000000000001e-13	3.2478e-07	-3.3712e-07
0.525	-1.2094599999999998e-08	1.1997399999999998e-08	-9.600000000000002e-13	3.2528e-07	-3.2512e-07	-2.1273e-09	2.5616e-09	-4.3000000000000004e-13	3.252e-07	-3.2554e-07	6.983000000000001e-10	4.3802000000000005e-10	-4.2000000000000003e-13	3.2504e-07	-3.2616e-07	2.2408e-09	8.781e-11	-2.1000000000000001e-13	3.2498e-07	-3.2732e-07	4.4768e-09	-6.931e-11	1.2000000000000002e-13	3.2488e-07	-3.2932e-07	8.0419e-09	-4.8974e-10	-6.400000000000001e-13	3.2482e-07	-3.3224e-07	1.36542e-08	-1.5196e-09	-1.3e-13	3.2478e-07	-3.37e-07
0.53	-1.26366e-08	1.25264e-08	-5.300000000000002e-13	3.253e-07	-3.2514e-07	-2.262e-09	2.707e-09	-1.2400000000000002e-12	3.2512e-07	-3.2554e-07	6.802700000000001e-10	4.5997e-10	8.9e-13	3.2504e-07	-3.262e-07	2.2427e-09	9.209e-11	1.2000000000000002e-13	3.249e-07	-3.2734e-07	4.4866e-09	-6.071e-11	6.000000000000001e-14	3.2494e-07	-3.294e-07	8.0176e-09	-4.6488000000000005e-10	-2.4000000000000004e-13	3.2486e-07	-3.3228e-07	1.35344e-08	-1.4696e-09	-6.000000000000001e-14	3.2474e-07	-3.3706e-07
0.535	-1.32074e-08	1.30956e-08	-8.9e-13	3.2522e-07	-3.2514e-07	-2.4225e-09	2.854e-09	-1.14e-12	3.2504e-07	-3.2554e-07	6.6438e-10	4.8662e-10	-3.0000000000000005e-14	3.2498e-07	-3.2612e-07	2.2279e-09	9.962e-11	-1.1000000000000001e-13	3.25e-07	-3.2734e-07	4.4867e-09	-5.274e-11	-7.700000000000001e-13	3.2492e-07	-3.2926e-07	8.0078e-09	-4.4126e-10	-1.73e-12	3.2486e-07	-3.3224e-07	1.3401199999999998e-08	-1.4226e-09	-3.3e-13	3.247e-07	-3.3674e-07
0.54	-1.3827999999999998e-08	1.37202e-08	-7e-14	3.2528e-07	-3.2512e-07	-2.587e-09	3.0113e-09	-3.600000000000001e-13	3.2518e-07	-3.2554e-07	6.2594e-10	5.152e-10	-6.400000000000001e-13	3.2502e-07	-3.2614e-07	2.2235e-09	1.0571e-10	-8.9e-13	3.25e-07	-3.2728e-07	4.4752e-09	-4.72e-11	-4.1e-13	3.2488e-07	-3.293e-07	7.9263e-09	-4.198e-10	-1.51e-12	3.2486e-07	-3.325e-07	1.3447799999999998e-08	-1.3757e-09	-3.5e-13	3.2476e-07	-3.3676e-07
0.545	-1.44448e-08	1.4335199999999998e-08	-6.3e-13	3.2524e-07	-3.2512e-07	-2.7444e-09	3.1773e-09	3.0000000000000005e-14	3.2512e-07	-3.2554e-07	5.979100000000001e-10	5.4232e-10	-2.1000000000000001e-13	3.2506e-07	-3.262e-07	2.2154e-09	1.0936e-10	-9.100000000000002e-13	3.25e-07	-3.2734e-07	4.4875e-09	-4.164e-11	7.600000000000002e-13	3.2494e-07	-3.2946e-07	7.9496e-09	-4.0047e-10	-3.4e-13	3.2486e-07	-3.3242e-07	1.32998e-08	-1.3291e-09	-2.2000000000000002e-13	3.2484e-07	-3.3682e-07
0.55	-1.51036e-08	1.49704e-08	-4.4000000000000004e-13	3.2526e-07	-3.2518e-07	-2.9163e-09	3.3551e-09	-8.400000000000001e-13	3.2504e-07	-3.2554e-07	5.6935e-10	5.7252e-10	-2.2000000000000002e-13	3.251e-07	-3.2618e-07	2.2086e-09	1.1679000000000002e-10	3.0000000000000005e-14	3.25e-07	-3.2732e-07	4.4785e-09	-3.3160000000000005e-11	-5.7e-13	3.2492e-07	-3.2936e-07	7.9065e-09	-3.7815e-10	-4.7e-13	3.2486e-07	-3.324e-07	1.33604e-08	-1.2857e-09	-1.46e-12	3.2484e-07	-3.3678e-07
0.555	-1.5754199999999998e-08	1.56488e-08	-8.100000000000001e-13	3.2524e-07	-3.2506e-07	-3.1069e-09	3.5347e-09	-1.1000000000000001e-13	3.2508e-07	-3.2554e-07	5.3563e-10	6.0708e-10	-1.2800000000000002e-12	3.2502e-07	-3.2614e-07	2.2092e-09	1.2544e-10	-7.700000000000001e-13	3.2506e-07	-3.2744e-07	4.4638e-09	-2.67e-11	-9.8e-13	3.2494e-07	-3.2936e-07	7.8791e-09	-3.5834000000000003e-10	-1.2500000000000001e-12	3.2494e-07	-3.3258e-07	1.33642e-08	-1.2443e-09	-7.800000000000002e-13	3.2484e-07	-3.3692e-07
0.56	-1.64664e-08	1.6359599999999997e-08	-9.5e-13	3.2522e-07	-3.2508e-07	-3.2963e-09	3.7253e-09	2.0000000000000003e-14	3.2514e-07	-3.2556e-07	4.9729e-10	6.403500000000001e-10	-3.4e-13	3.2502e-07	-3.2614e-07	2.1886e-09	1.3129000000000002e-10	-1.3300000000000002e-12	3.2504e-07	-3.2728e-07	4.4918e-09	-2.233e-11	-2.4000000000000004e-13	3.2494e-07	-3.294e-07	7.9781e-09	-3.402e-10	-8.7e-13	3.248e-07	-3.324e-07	1.3286e-08	-1.2034e-09	-6.900000000000001e-13	3.248e-07	-3.3682e-07
0.565	-1.7164199999999998e-08	1.70646e-08	-1.36e-12	3.2516e-07	-3.2508e-07	-3.4925e-09	3.9269e-09	-9.8e-13	3.2514e-07	-3.255e-07	4.6539e-10	6.788500000000001e-10	1.9000000000000002e-13	3.2502e-07	-3.262e-07	2.1768999999999998e-09	1.3771e-10	-6.500000000000002e-13	3.2498e-07	-3.273e-07	4.4519e-09	-1.728e-11	1.3e-13	3.2494e-07	-3.2942e-07	7.8611e-09	-3.2286e-10	5.800000000000002e-13	3.2482e-07	-3.3244e-07	1.32306e-08	-1.1631e-09	2.8e-13	3.2474e-07	-3.3692e-07
0.57	-1.79232e-08	1.78198e-08	-1.03e-12	3.2522e-07	-3.2512e-07	-3.7093e-09	4.1416e-09	-1.4e-12	3.251e-07	-3.2544e-07	4.1847000000000006e-10	7.2081e-10	-8.400000000000001e-13	3.25e-07	-3.2618e-07	2.1734e-09	1.4560000000000002e-10	-1.7e-13	3.2494e-07	-3.2732e-07	4.4508e-09	-9.200000000000001e-12	-4.3000000000000004e-13	3.2498e-07	-3.2934e-07	7.8808e-09	-3.0208e-10	-7.700000000000001e-13	3.2482e-07	-3.3244e-07	1.32744e-08	-1.1196e-09	-8.7e-13	3.2476e-07	-3.368e-07
0.575	-1.8716e-08	1.8611e-08	1e-13	3.2532e-07	-3.2512e-07	-3.9403e-09	4.3631e-09	-9e-14	3.251e-07	-3.2554e-07	3.6859e-10	7.6263e-10	-1.26e-12	3.2504e-07	-3.262e-07	2.1592e-09	1.5551e-10	-9.8e-13	3.2494e-07	-3.2728e-07	4.4462e-09	-5.64e-12	-1.6200000000000004e-12	3.25e-07	-3.2946e-07	7.8509e-09	-2.8752e-10	-5.500000000000001e-13	3.2488e-07	-3.3236e-07	1.32436e-08	-1.0812e-09	-4.600000000000002e-13	3.2484e-07	-3.3686e-07
0.58	-1.95632e-08	1.945e-08	-1.2800000000000002e-12	3.2528e-07	-3.2514e-07	-4.1661e-09	4.5915e-09	4e-13	3.2508e-07	-3.2548e-07	3.1800000000000004e-10	8.0874e-10	-7.200000000000002e-13	3.2502e-07	-3.2624e-07	2.1394e-09	1.6116000000000002e-10	-2.300000000000001e-13	3.2492e-07	-3.273e-07	4.4721e-09	-1.5300000000000001e-12	-4.500000000000001e-13	3.2494e-07	-3.2936e-07	7.8055e-09	-2.7105e-10	-4.7e-13	3.2482e-07	-3.325e-07	1.3016e-08	-1.0416e-09	-3.3e-13	3.2482e-07	-3.3692e-07
0.585	-2.03884e-08	2.0292e-08	-3.600000000000001e-13	3.2516e-07	-3.2514e-07	-4.4012e-09	4.836e-09	4e-13	3.2512e-07	-3.255e-07	2.8298000000000004e-10	8.597200000000001e-10	-3.800000000000001e-13	3.251e-07	-3.2624e-07	2.1506e-09	1.7151e-10	2.1000000000000001e-13	3.2492e-07	-3.2728e-07	4.4519e-09	3.4900000000000007e-12	-5e-14	3.2498e-07	-3.2932e-07	7.8111e-09	-2.5413000000000003e-10	-3.000000000000001e-13	3.2484e-07	-3.3236e-07	1.31096e-08	-1.0045e-09	-5.2e-13	3.2484e-07	-3.3692e-07
0.59	-2.12972e-08	2.12018e-08	-8.800000000000002e-13	3.2522e-07	-3.2508e-07	-4.6683e-09	5.0942e-09	-3.3e-13	3.2516e-07	-3.255e-07	2.2656e-10	9.140899999999999e-10	-1.41e-12	3.2506e-07	-3.262e-07	2.1376e-09	1.8193e-10	-6.000000000000002e-13	3.2492e-07	-3.2724e-07	4.4716e-09	1.0740000000000001e-11	-9.9e-13	3.249e-07	-3.2928e-07	7.8728e-09	-2.3749e-10	-1.21e-12	3.2482e-07	-3.324e-07	1.31144e-08	-9.681e-10	-1.8000000000000004e-13	3.2484e-07	-3.3692e-07
0.595	-2.22198e-08	2.21082e-08	-1.23e-12	3.2522e-07	-3.2514e-07	-4.9316e-09	5.3545e-09	-1.08e-12	3.2506e-07	-3.2548e-07	1.6439e-10	9.6672e-10	-6.000000000000002e-13	3.2504e-07	-3.2618e-07	2.1206e-09	1.9174000000000003e-10	-1.3900000000000001e-12	3.2492e-07	-3.2722e-07	4.4408e-09	1.211e-11	-9.8e-13	3.2492e-07	-3.294e-07	7.8504e-09	-2.2474e-10	-4.500000000000001e-13	3.2482e-07	-3.3252e-07	1.30518e-08	-9.3189e-10	3.5e-13	3.2486e-07	-3.37e-07
0.6	-2.3167e-08	2.30602e-08	-4.4000000000000004e-13	3.2522e-07	-3.2512e-07	-5.2037e-09	5.6349e-09	4.0000000000000006e-14	3.2514e-07	-3.2548e-07	1.0801e-10	1.0260000000000002e-09	-8.000000000000001e-14	3.2504e-07	-3.2616e-07	2.1052e-09	1.9925e-10	-2.6e-13	3.2498e-07	-3.2734e-07	4.4337e-09	1.783e-11	-1.6000000000000005e-13	3.2494e-07	-3.2934e-07	7.8806e-09	-2.104e-10	-4.9e-13	3.2488e-07	-3.3252e-07	1.2975e-08	-8.961300000000001e-10	-7e-14	3.2488e-07	-3.3698e-07
0.605	-2.41628e-08	2.407e-08	-1.04e-12	3.253e-07	-3.2516e-07	-5.4939e-09	5.9257e-09	-1.6300000000000001e-12	3.2516e-07	-3.2554e-07	4.923e-11	1.09073e-09	-1.18e-12	3.2512e-07	-3.2624e-07	2.1044e-09	2.1092e-10	-1.5000000000000004e-13	3.2494e-07	-3.2724e-07	4.4607e-09	2.477e-11	-4.600000000000002e-13	3.2484e-07	-3.2936e-07	7.8313e-09	-1.9452e-10	-2e-13	3.2488e-07	-3.3256e-07	1.2935799999999998e-08	-8.6138e-10	-5.6e-13	3.2486e-07	-3.3684e-07
0.61	-2.5199e-08	2.51078e-08	-4.2000000000000003e-13	3.2522e-07	-3.2512e-07	-5.8012e-09	6.2252e-09	-2.6e-13	3.2518e-07	-3.2554e-07	-2.779e-11	1.1572e-09	-8.7e-13	3.2512e-07	-3.262e-07	2.0872e-09	2.2306000000000003e-10	-1.51e-12	3.2492e-07	-3.2726e-07	4.4454e-09	2.8580000000000003e-11	-2.03e-12	3.2494e-07	-3.2932e-07	7.8381e-09	-1.8231e-10	-1.22e-12	3.2488e-07	-3.3254e-07	1.2870199999999998e-08	-8.2827e-10	-5.800000000000002e-13	3.2484e-07	-3.3686e-07
0.615	-2.62836e-08	2.6183e-08	4.0000000000000006e-14	3.2524e-07	-3.252e-07	-6.1169e-09	6.5417e-09	-7.3e-13	3.2518e-07	-3.256e-07	-9.42e-11	1.2247e-09	-8.400000000000001e-13	3.251e-07	-3.2622e-07	2.0718e-09	2.3224e-10	-6.8e-13	3.2496e-07	-3.2722e-07	4.4165e-09	3.1560000000000005e-11	-4.1e-13	3.2492e-07	-3.2936e-07	7.7912e-09	-1.7045000000000002e-10	1.8000000000000004e-13	3.2486e-07	-3.3254e-07	1.2924e-08	-7.9705e-10	-1.4900000000000001e-12	3.2484e-07	-3.368e-07
0.62	-2.74238e-08	2.7316e-08	-5.9e-13	3.2524e-07	-3.2514e-07	-6.4376e-09	6.8714e-09	-7.600000000000002e-13	3.251e-07	-3.2556e-07	-1.6654e-10	1.2984e-09	2.6e-13	3.2506e-07	-3.2624e-07	2.0556e-09	2.4447000000000004e-10	-3.7000000000000004e-13	3.2494e-07	-3.2724e-07	4.4171e-09	3.78e-11	-5e-13	3.2492e-07	-3.294e-07	7.8445e-09	-1.5756000000000002e-10	5.9e-13	3.248e-07	-3.3242e-07	1.27862e-08	-7.6535e-10	-4.7e-13	3.2486e-07	-3.3686e-07
0.625	-2.8597e-08	2.84854e-08	-6.200000000000001e-13	3.2528e-07	-3.2514e-07	-6.7897e-09	7.2152e-09	-1.8200000000000003e-12	3.252e-07	-3.2558e-07	-2.4898e-10	1.3767e-09	-3.600000000000001e-13	3.2506e-07	-3.2618e-07	2.0513e-09	2.5938000000000004e-10	-2.6e-13	3.2502e-07	-3.2724e-07	4.4168e-09	4.253e-11	-6.1e-13	3.2494e-07	-3.294e-07	7.8025e-09	-1.4344000000000002e-10	-1.02e-12	3.2478e-07	-3.3234e-07	1.27802e-08	-7.36e-10	-8.000000000000001e-14	3.2484e-07	-3.3706e-07
0.63	-2.9804999999999995e-08	2.96966e-08	-3.900000000000001e-13	3.2526e-07	-3.251e-07	-7.1714e-09	7.5935e-09	-4.9e-13	3.251e-07	-3.2554e-07	-3.3050000000000005e-10	1.4577e-09	-1.2000000000000002e-13	3.251e-07	-3.2626e-07	2.0392e-09	2.7185e-10	-1.6200000000000004e-12	3.2498e-07	-3.273e-07	4.4366e-09	4.622e-11	-4e-13	3.2488e-07	-3.2932e-07	7.7306e-09	-1.3539e-10	-6.700000000000002e-13	3.2476e-07	-3.3242e-07	1.27698e-08	-7.0266e-10	-2.5e-13	3.2482e-07	-3.3678e-07
0.635	-3.1076399999999995e-08	3.0986799999999994e-08	8.000000000000001e-14	3.2524e-07	-3.2514e-07	-7.5173e-09	7.9505e-09	3.4e-13	3.2514e-07	-3.2554e-07	-4.1643e-10	1.5422e-09	-1.5000000000000004e-13	3.2506e-07	-3.262e-07	2.02e-09	2.8324000000000005e-10	1.7e-13	3.2492e-07	-3.2722e-07	4.4134e-09	4.9370000000000006e-11	2.0000000000000003e-14	3.2488e-07	-3.2936e-07	7.7074e-09	-1.2357000000000002e-10	2.0000000000000003e-14	3.2484e-07	-3.3244e-07	1.27244e-08	-6.7279e-10	-7e-13	3.2482e-07	-3.368e-07
0.64	-3.2433799999999994e-08	3.23354e-08	-3.0000000000000005e-14	3.2528e-07	-3.2514e-07	-7.9126e-09	8.3534e-09	-4.7e-13	3.2522e-07	-3.2562e-07	-5.0124e-10	1.6351e-09	-4e-13	3.25e-07	-3.2622e-07	2.0049e-09	3.0022e-10	-1e-13	3.2504e-07	-3.2726e-07	4.4512e-09	5.5040000000000005e-11	-1.3e-13	3.2492e-07	-3.2936e-07	7.7371e-09	-1.1172e-10	-7.100000000000001e-13	3.249e-07	-3.3252e-07	1.2697e-08	-6.4543e-10	-1.04e-12	3.2482e-07	-3.3694e-07
0.645	-3.3821599999999995e-08	3.3701e-08	4.4000000000000004e-13	3.2524e-07	-3.251e-07	-8.3251e-09	8.7439e-09	-3.000000000000001e-13	3.252e-07	-3.2562e-07	-5.988300000000001e-10	1.7301e-09	-5e-13	3.2498e-07	-3.2612e-07	1.9879e-09	3.1539000000000003e-10	-6.000000000000002e-13	3.2504e-07	-3.2726e-07	4.3976e-09	6.045000000000001e-11	-1.09e-12	3.2492e-07	-3.2942e-07	7.7205e-09	-1.0203e-10	-1.31e-12	3.2488e-07	-3.3238e-07	1.2758199999999998e-08	-6.193900000000001e-10	-3.5e-13	3.2478e-07	-3.3682e-07
0.65	-3.52704e-08	3.5160399999999994e-08	9e-14	3.2524e-07	-3.251e-07	-8.7749e-09	9.1634e-09	-4.800000000000001e-13	3.2516e-07	-3.2556e-07	-7.038600000000001e-10	1.8296e-09	-2.7e-13	3.2512e-07	-3.2618e-07	1.9661e-09	3.2979e-10	-2.5e-13	3.2494e-07	-3.2716e-07	4.3727e-09	6.166000000000001e-11	2.0000000000000003e-14	3.2492e-07	-3.2942e-07	7.8279e-09	-9.35e-11	-1.5000000000000004e-13	3.2478e-07	-3.3252e-07	1.2695e-08	-5.9182e-10	-6.3e-13	3.2486e-07	-3.3698e-07
0.655	-3.67622e-08	3.66758e-08	-6.400000000000001e-13	3.2522e-07	-3.2502e-07	-9.1835e-09	9.6147e-09	-1.7e-13	3.2508e-07	-3.2548e-07	-8.0838e-10	1.9328e-09	3.800000000000001e-13	3.2502e-07	-3.262e-07	1.9432e-09	3.4750000000000004e-10	-6.000000000000001e-14	3.2504e-07	-3.2724e-07	4.3848e-09	6.928e-11	-4.500000000000001e-13	3.2492e-07	-3.2932e-07	7.8039e-09	-8.452000000000001e-11	-7.5e-13	3.2482e-07	-3.3258e-07	1.26372e-08	-5.6589e-10	-9e-14	3.2476e-07	-3.3686e-07
0.66	-3.83744e-08	3.82822e-08	-1.1000000000000001e-13	3.2524e-07	-3.2508e-07	-9.6637e-09	1.00739e-08	-5e-13	3.2512e-07	-3.2554e-07	-9.2357e-10	2.0481e-09	-6.1e-13	3.2508e-07	-3.262e-07	1.9313e-09	3.635e-10	-8.100000000000001e-13	3.2498e-07	-3.2728e-07	4.4074e-09	7.441e-11	-2.2000000000000002e-13	3.249e-07	-3.2934e-07	7.7547e-09	-7.343000000000001e-11	-1.1100000000000001e-12	3.2486e-07	-3.3258e-07	1.26314e-08	-5.3898e-10	-4.500000000000001e-13	3.2482e-07	-3.3684e-07
0.665	-3.99906e-08	3.99048e-08	-4.800000000000001e-13	3.2526e-07	-3.2516e-07	-1.01494e-08	1.05369e-08	-1.5e-12	3.2506e-07	-3.2552e-07	-1.04729e-09	2.1653e-09	-1.8000000000000004e-13	3.25e-07	-3.2622e-07	1.915e-09	3.8443e-10	-1.22e-12	3.2498e-07	-3.2732e-07	4.3656e-09	7.78e-11	-5.6e-13	3.2498e-07	-3.2936e-07	7.7918e-09	-6.741e-11	-6.200000000000001e-13	3.2488e-07	-3.3258e-07	1.25976e-08	-5.1373e-10	-3.1000000000000004e-13	3.2476e-07	-3.3686e-07
0.67	-4.1743e-08	4.16386e-08	3.5e-13	3.2518e-07	-3.2514e-07	-1.06433e-08	1.1041e-08	5.2e-13	3.251e-07	-3.2556e-07	-1.1665e-09	2.29e-09	-1.5600000000000002e-12	3.2502e-07	-3.2612e-07	1.8888e-09	4.0130000000000005e-10	1.4e-13	3.2498e-07	-3.2728e-07	4.3837e-09	8.304e-11	-1.0000000000000002e-14	3.2484e-07	-3.2932e-07	7.8007e-09	-6.014e-11	-1e-13	3.2488e-07	-3.326e-07	1.25796e-08	-4.893600000000001e-10	-1.6700000000000004e-12	3.2478e-07	-3.3708e-07
0.675	-4.35186e-08	4.34224e-08	-2.6e-13	3.2526e-07	-3.2508e-07	-1.11442e-08	1.15574e-08	-7e-13	3.2512e-07	-3.2548e-07	-1.302e-09	2.4175e-09	-2.1000000000000001e-13	3.2504e-07	-3.262e-07	1.8761e-09	4.2445e-10	9e-14	3.25e-07	-3.2728e-07	4.3804e-09	8.844e-11	-1.02e-12	3.2488e-07	-3.2936e-07	7.7426e-09	-5.036e-11	-1e-12	3.2486e-07	-3.3264e-07	1.2663599999999998e-08	-4.668100000000001e-10	-7.100000000000001e-13	3.2478e-07	-3.3696e-07
0.68	-4.5419e-08	4.53142e-08	-6.1e-13	3.2528e-07	-3.2512e-07	-1.1681999999999998e-08	1.21014e-08	-1.03e-12	3.2516e-07	-3.2558e-07	-1.4275e-09	2.5562e-09	-4.0000000000000006e-14	3.2508e-07	-3.262e-07	1.8458e-09	4.4729e-10	-4.2000000000000003e-13	3.2498e-07	-3.2732e-07	4.3687e-09	9.55e-11	-9.600000000000002e-13	3.2486e-07	-3.2928e-07	7.7351e-09	-4.5400000000000006e-11	-1.02e-12	3.2494e-07	-3.3256e-07	1.25278e-08	-4.4626e-10	-7.400000000000001e-13	3.248e-07	-3.3692e-07
0.685	-4.73796e-08	4.7268e-08	-7.800000000000002e-13	3.252e-07	-3.2512e-07	-1.22516e-08	1.2656e-08	-1.1000000000000002e-12	3.2504e-07	-3.255e-07	-1.5686e-09	2.7007e-09	-6.900000000000001e-13	3.2508e-07	-3.2618e-07	1.8256e-09	4.684500000000001e-10	-1.0600000000000001e-12	3.2492e-07	-3.2722e-07	4.3695e-09	9.892e-11	-1.1000000000000001e-13	3.2482e-07	-3.2934e-07	7.7097e-09	-3.818e-11	-1.03e-12	3.2492e-07	-3.3258e-07	1.2562999999999998e-08	-4.2383e-10	-3.800000000000001e-13	3.2476e-07	-3.3688e-07
0.69	-4.94438e-08	4.93324e-08	-4.9e-13	3.2524e-07	-3.2506e-07	-1.28496e-08	1.3251e-08	-4e-13	3.2514e-07	-3.2546e-07	-1.7264e-09	2.8498e-09	-1.2800000000000002e-12	3.2506e-07	-3.2618e-07	1.7969e-09	4.9413e-10	4.3000000000000004e-13	3.25e-07	-3.2728e-07	4.3261e-09	1.0529e-10	-3.7000000000000004e-13	3.2488e-07	-3.2938e-07	7.7747e-09	-3.179e-11	1.8000000000000004e-13	3.249e-07	-3.326e-07	1.2539599999999998e-08	-4.0036000000000005e-10	-3.600000000000001e-13	3.2488e-07	-3.3706e-07
0.695	-5.1563e-08	5.14602e-08	-1.3e-13	3.2524e-07	-3.2508e-07	-1.3428e-08	1.3851799999999998e-08	-3.5e-13	3.2508e-07	-3.2546e-07	-1.8949e-09	3.0198e-09	-7.900000000000001e-13	3.2506e-07	-3.2618e-07	1.7625e-09	5.2203e-10	-1.7e-13	3.2494e-07	-3.2716e-07	4.3251e-09	1.1401000000000002e-10	-1.8000000000000004e-13	3.2496e-07	-3.2946e-07	7.7374e-09	-2.5030000000000003e-11	-1.7600000000000002e-12	3.2488e-07	-3.3248e-07	1.25334e-08	-3.7796e-10	-9.000000000000001e-13	3.2478e-07	-3.369e-07
0.7	-5.38084e-08	5.3701999999999993e-08	2.8e-13	3.2522e-07	-3.2508e-07	-1.40896e-08	1.4487799999999998e-08	-8.7e-13	3.251e-07	-3.255e-07	-2.0475e-09	3.1713e-09	4.4000000000000004e-13	3.25e-07	-3.2616e-07	1.7285e-09	5.4986e-10	-1.12e-12	3.2486e-07	-3.2722e-07	4.3414e-09	1.1792000000000002e-10	-9.3e-13	3.25e-07	-3.2936e-07	7.7594e-09	-2.0660000000000003e-11	-2.5e-13	3.2482e-07	-3.3256e-07	1.2587e-08	-3.5846e-10	-1.6800000000000001e-12	3.2474e-07	-3.368e-07
0.705	-5.61058e-08	5.60064e-08	-8.100000000000001e-13	3.2526e-07	-3.2518e-07	-1.4719799999999998e-08	1.5137599999999998e-08	-1.0100000000000001e-12	3.2506e-07	-3.2554e-07	-2.2378e-09	3.3454e-09	-1.2500000000000001e-12	3.2504e-07	-3.2616e-07	1.6953e-09	5.7815e-10	-6.1e-13	3.2494e-07	-3.2722e-07	4.3215e-09	1.2512e-10	1.9000000000000002e-13	3.2498e-07	-3.2942e-07	7.743e-09	-1.446e-11	2.8e-13	3.2482e-07	-3.3256e-07	1.2510199999999998e-08	-3.4185e-10	-7.800000000000002e-13	3.248e-07	-3.3688e-07
0.71	-5.85878e-08	5.84664e-08	-2.5e-13	3.2522e-07	-3.2514e-07	-1.54068e-08	1.5830999999999998e-08	2.8e-13	3.251e-07	-3.2556e-07	-2.412e-09	3.5288e-09	-1.0000000000000002e-14	3.2504e-07	-3.2614e-07	1.666e-09	6.1103e-10	-9.000000000000001e-13	3.2492e-07	-3.2726e-07	4.3384e-09	1.3215e-10	-7.3e-13	3.2494e-07	-3.2938e-07	7.6898e-09	-1.028e-11	-1.5000000000000004e-13	3.248e-07	-3.3264e-07	1.2528799999999998e-08	-3.2191000000000003e-10	-8.600000000000001e-13	3.2476e-07	-3.369e-07
0.715	-6.113559999999999e-08	6.10464e-08	-4.500000000000001e-13	3.2524e-07	-3.2512e-07	-1.6119999999999998e-08	1.65328e-08	-7.3e-13	3.251e-07	-3.255e-07	-2.6032e-09	3.7197e-09	4.0000000000000006e-14	3.2504e-07	-3.2616e-07	1.6368e-09	6.4864e-10	-6.400000000000001e-13	3.2492e-07	-3.2726e-07	4.2945e-09	1.4091e-10	-1.88e-12	3.25e-07	-3.2946e-07	7.7275e-09	-1.7700000000000001e-12	-7.900000000000001e-13	3.2482e-07	-3.3258e-07	1.24512e-08	-3.0523000000000004e-10	-5.2e-13	3.2486e-07	-3.3688e-07
0.72	-6.38408e-08	6.375159999999999e-08	-4.9e-13	3.2528e-07	-3.2512e-07	-1.6862e-08	1.72896e-08	-8.9e-13	3.2506e-07	-3.2546e-07	-2.7988e-09	3.9236e-09	-2e-13	3.251e-07	-3.2612e-07	1.5842e-09	6.8389e-10	-1.4700000000000002e-12	3.2502e-07	-3.2728e-07	4.2682e-09	1.4582000000000002e-10	-8.9e-13	3.2504e-07	-3.2944e-07	7.6924e-09	-6.200000000000001e-13	-1.6000000000000005e-13	3.2486e-07	-3.3258e-07	1.24608e-08	-2.8649e-10	1.3e-13	3.2486e-07	-3.3712e-07
0.725	-6.665359999999999e-08	6.65458e-08	-9e-14	3.2524e-07	-3.2508e-07	-1.7645199999999998e-08	1.80518e-08	-1.5800000000000001e-12	3.251e-07	-3.2548e-07	-3.015e-09	4.1345e-09	-8.600000000000001e-13	3.2506e-07	-3.2614e-07	1.551e-09	7.2326e-10	-2.8e-13	3.25e-07	-3.2728e-07	4.2627e-09	1.5391e-10	-5e-13	3.2494e-07	-3.2942e-07	7.7368e-09	4.810000000000001e-12	-2.6e-13	3.2496e-07	-3.3274e-07	1.2414e-08	-2.6872000000000003e-10	-7.3e-13	3.248e-07	-3.3692e-07
0.73	-6.961179999999999e-08	6.94854e-08	-5.500000000000001e-13	3.253e-07	-3.2512e-07	-1.84402e-08	1.88576e-08	-1.74e-12	3.2504e-07	-3.255e-07	-3.2437e-09	4.3566e-09	-1.2000000000000002e-13	3.2506e-07	-3.2618e-07	1.5142e-09	7.678500000000001e-10	-9.700000000000001e-13	3.25e-07	-3.2726e-07	4.2538e-09	1.6278e-10	-8.500000000000002e-13	3.2498e-07	-3.2944e-07	7.7597e-09	1.09e-11	7e-14	3.249e-07	-3.325e-07	1.24622e-08	-2.5129e-10	-8.2e-13	3.2488e-07	-3.3694e-07
0.735	-7.271339999999998e-08	7.259979999999999e-08	-1.36e-12	3.253e-07	-3.251e-07	-1.9291e-08	1.96966e-08	-3.5e-13	3.2506e-07	-3.2542e-07	-3.4953e-09	4.5928e-09	-2.8e-13	3.2502e-07	-3.2618e-07	1.4622e-09	8.142e-10	-1.4400000000000001e-12	3.2492e-07	-3.272e-07	4.2653e-09	1.7192e-10	-1e-12	3.2494e-07	-3.2936e-07	7.683e-09	1.397e-11	-1.2000000000000001e-12	3.2482e-07	-3.3258e-07	1.24458e-08	-2.3675000000000004e-10	-1.51e-12	3.2482e-07	-3.3706e-07
0.74	-7.592139999999999e-08	7.581179999999998e-08	-9.000000000000001e-13	3.2524e-07	-3.2514e-07	-2.0126e-08	2.05412e-08	-9.3e-13	3.2512e-07	-3.2554e-07	-3.7189e-09	4.8356e-09	-8.2e-13	3.2496e-07	-3.2616e-07	1.4106999999999999e-09	8.601e-10	-9.100000000000002e-13	3.2496e-07	-3.272e-07	4.2482e-09	1.7797e-10	6.8e-13	3.2498e-07	-3.2936e-07	7.765099999999998e-09	1.807e-11	-6.8e-13	3.2484e-07	-3.3272e-07	1.23732e-08	-2.2339e-10	3.000000000000001e-13	3.2482e-07	-3.3718e-07
0.745	-7.93276e-08	7.92322e-08	-1.21e-12	3.2528e-07	-3.2516e-07	-2.10588e-08	2.14592e-08	-9.9e-13	3.2512e-07	-3.2554e-07	-3.9829e-09	5.0945e-09	-1.14e-12	3.2504e-07	-3.261e-07	1.3702e-09	9.1336e-10	-1.1000000000000001e-13	3.2494e-07	-3.272e-07	4.2215e-09	1.8838000000000003e-10	-9.5e-13	3.2492e-07	-3.2934e-07	7.7795e-09	2.4030000000000003e-11	-9.200000000000001e-13	3.2488e-07	-3.3252e-07	1.2428e-08	-2.0791e-10	-1.3e-13	3.2476e-07	-3.3696e-07
0.75	-8.28676e-08	8.277779999999999e-08	-3.7000000000000004e-13	3.2518e-07	-3.2508e-07	-2.19952e-08	2.24156e-08	-3.3e-13	3.251e-07	-3.255e-07	-4.2484e-09	5.3606e-09	1e-13	3.2506e-07	-3.2618e-07	1.3003e-09	9.707e-10	-5.6e-13	3.2496e-07	-3.272e-07	4.2149e-09	1.9909e-10	-5.9e-13	3.2494e-07	-3.2942e-07	7.717e-09	2.9020000000000004e-11	-7.700000000000001e-13	3.2484e-07	-3.3262e-07	1.24466e-08	-1.9307e-10	-3.1000000000000004e-13	3.2472e-07	-3.3686e-07
0.755	-8.665699999999998e-08	8.65538e-08	-7.3e-13	3.2522e-07	-3.2514e-07	-2.29692e-08	2.33864e-08	-1.0500000000000002e-12	3.2506e-07	-3.2554e-07	-4.5171e-09	5.644e-09	-8.500000000000002e-13	3.251e-07	-3.262e-07	1.2404e-09	1.0300700000000001e-09	-1.21e-12	3.25e-07	-3.2728e-07	4.2448e-09	2.0796e-10	-8.100000000000001e-13	3.25e-07	-3.2932e-07	7.7172e-09	3.135e-11	-6.000000000000002e-13	3.2486e-07	-3.3264e-07	1.2424e-08	-1.7595000000000002e-10	-7.600000000000002e-13	3.2476e-07	-3.3718e-07
0.76	-9.05498e-08	9.04392e-08	-6.700000000000002e-13	3.2524e-07	-3.2524e-07	-2.39982e-08	2.44094e-08	-2.1000000000000001e-13	3.2512e-07	-3.2546e-07	-4.8164e-09	5.9328e-09	-1.55e-12	3.2504e-07	-3.2618e-07	1.1892e-09	1.08922e-09	2.6e-13	3.2504e-07	-3.273e-07	4.1981e-09	2.1775e-10	-3.000000000000001e-13	3.2492e-07	-3.293e-07	7.6922e-09	3.496e-11	-3.900000000000001e-13	3.2476e-07	-3.3256e-07	1.2325e-08	-1.6641000000000002e-10	-5.7e-13	3.2474e-07	-3.3688e-07
0.765	-9.46628e-08	9.45354e-08	-6.700000000000002e-13	3.2526e-07	-3.2516e-07	-2.50526e-08	2.54792e-08	-7.100000000000001e-13	3.2512e-07	-3.2554e-07	-5.1334e-09	6.2342e-09	-4.7e-13	3.25e-07	-3.2618e-07	1.1277e-09	1.1579e-09	-5e-13	3.2496e-07	-3.2724e-07	4.1892e-09	2.3101e-10	-9.8e-13	3.2494e-07	-3.2932e-07	7.7241e-09	4.1140000000000006e-11	-4.1e-13	3.2486e-07	-3.326e-07	1.24134e-08	-1.5193e-10	-1.1100000000000001e-12	3.2482e-07	-3.3696e-07
0.77	-9.89496e-08	9.8834e-08	-7.900000000000001e-13	3.2524e-07	-3.2516e-07	-2.61764e-08	2.65984e-08	-3.000000000000001e-13	3.2508e-07	-3.255e-07	-5.4458e-09	6.5562e-09	2.0000000000000003e-14	3.25e-07	-3.2618e-07	1.0424e-09	1.2308e-09	-7.600000000000002e-13	3.2496e-07	-3.2722e-07	4.1821e-09	2.4272e-10	-1.5300000000000001e-12	3.249e-07	-3.2936e-07	7.688e-09	4.44e-11	-1.3400000000000003e-12	3.2478e-07	-3.3258e-07	1.24776e-08	-1.4223e-10	-7.200000000000002e-13	3.248e-07	-3.3688e-07
0.775	-1.034662e-07	1.033756e-07	-2.5e-13	3.2524e-07	-3.2508e-07	-2.73264e-08	2.7759e-08	-4.7e-13	3.252e-07	-3.255e-07	-5.82e-09	6.9128e-09	-2.2000000000000002e-13	3.2504e-07	-3.261e-07	9.5751e-10	1.3034e-09	-7.700000000000001e-13	3.2498e-07	-3.2716e-07	4.1431e-09	2.5362e-10	-4.3000000000000004e-13	3.2488e-07	-3.293e-07	7.6658e-09	4.603e-11	-6.6e-13	3.2476e-07	-3.326e-07	1.23492e-08	-1.3157000000000002e-10	7.700000000000001e-13	3.2476e-07	-3.3714e-07
0.78	-1.08201e-07	1.0809860000000001e-07	3.2000000000000005e-13	3.2532e-07	-3.2514e-07	-2.8532e-08	2.89728e-08	-4.3000000000000004e-13	3.2516e-07	-3.2558e-07	-6.1615e-09	7.2355e-09	-4.600000000000002e-13	3.2506e-07	-3.2612e-07	8.956000000000001e-10	1.3799e-09	1e-13	3.2498e-07	-3.2732e-07	4.1414e-09	2.6634000000000003e-10	-4.0000000000000006e-14	3.2488e-07	-3.2926e-07	7.7382e-09	5.2930000000000005e-11	8.000000000000001e-14	3.2472e-07	-3.3254e-07	1.2360799999999998e-08	-1.2023e-10	-5.4e-13	3.2478e-07	-3.3688e-07
0.785	-1.1320940000000001e-07	1.13082e-07	-3.7000000000000004e-13	3.2522e-07	-3.2502e-07	-2.97986e-08	3.0216799999999994e-08	6.1e-13	3.2514e-07	-3.2552e-07	-6.5314e-09	7.604e-09	1.1000000000000001e-13	3.25e-07	-3.2606e-07	8.1139e-10	1.464e-09	-7.100000000000001e-13	3.249e-07	-3.2724e-07	4.1527e-09	2.8166000000000004e-10	-1.1900000000000002e-12	3.2492e-07	-3.2932e-07	7.7392e-09	5.652e-11	-9.000000000000001e-13	3.2478e-07	-3.3252e-07	1.2433399999999998e-08	-1.0749e-10	-2.900000000000001e-13	3.2482e-07	-3.3694e-07
0.79	-1.1844e-07	1.1832e-07	-8.300000000000001e-13	3.252e-07	-3.25e-07	-3.11376e-08	3.15636e-08	3.5e-13	3.2516e-07	-3.2554e-07	-6.8912e-09	7.9804e-09	1e-13	3.2506e-07	-3.261e-07	7.097300000000001e-10	1.5515e-09	-9.9e-13	3.2494e-07	-3.2722e-07	4.0869e-09	2.9272e-10	-5.6e-13	3.2494e-07	-3.2932e-07	7.7459e-09	5.957000000000001e-11	-8.600000000000001e-13	3.2478e-07	-3.3252e-07	1.2371599999999998e-08	-9.686e-11	-1.3000000000000001e-12	3.2482e-07	-3.3698e-07
0.795	-1.2394e-07	1.2384e-07	-3.7000000000000004e-13	3.2514e-07	-3.2502e-07	-3.25022e-08	3.29284e-08	-3.1000000000000004e-13	3.2516e-07	-3.2562e-07	-7.3205e-09	8.3967e-09	-5.800000000000002e-13	3.2506e-07	-3.2614e-07	6.1811e-10	1.6402e-09	9e-14	3.2498e-07	-3.2724e-07	4.0852e-09	3.0796000000000004e-10	-4e-13	3.2492e-07	-3.2926e-07	7.7398e-09	6.318000000000001e-11	-1e-13	3.2482e-07	-3.3252e-07	1.2406e-08	-8.742e-11	-1e-12	3.2476e-07	-3.371e-07
0.8	-1.2968e-07	1.2962e-07	1e-13	3.2518e-07	-3.251e-07	-3.3919599999999994e-08	3.4350999999999994e-08	2.5e-13	3.2518e-07	-3.2556e-07	-7.7163e-09	8.7866e-09	-6.200000000000001e-13	3.2504e-07	-3.2614e-07	5.3689e-10	1.7385e-09	1.9000000000000002e-13	3.25e-07	-3.2728e-07	4.0861e-09	3.2482e-10	-5.500000000000001e-13	3.2488e-07	-3.2942e-07	7.6896e-09	6.928e-11	-8.100000000000001e-13	3.2482e-07	-3.3256e-07	1.2476999999999998e-08	-7.877e-11	-1.4200000000000002e-12	3.248e-07	-3.3698e-07
0.805	-1.3574e-07	1.3566e-07	-5.300000000000002e-13	3.2516e-07	-3.2508e-07	-3.544e-08	3.5855e-08	-1.9000000000000002e-13	3.2522e-07	-3.255e-07	-8.1522e-09	9.2233e-09	-8.000000000000001e-14	3.2512e-07	-3.2616e-07	4.1469e-10	1.8387e-09	-5.500000000000001e-13	3.2498e-07	-3.2722e-07	4.0494e-09	3.3879000000000003e-10	-1.1000000000000002e-12	3.2498e-07	-3.2936e-07	7.7622e-09	7.413e-11	-1.0500000000000002e-12	3.2488e-07	-3.3258e-07	1.23028e-08	-7.253e-11	-6.1e-13	3.247e-07	-3.371e-07
0.81	-1.4208e-07	1.4194e-07	-4e-13	3.2522e-07	-3.2512e-07	-3.69728e-08	3.74022e-08	-1.4e-13	3.2522e-07	-3.2556e-07	-8.5899e-09	9.6634e-09	-2.6e-13	3.2508e-07	-3.2614e-07	3.0789e-10	1.947e-09	-7.700000000000001e-13	3.2502e-07	-3.273e-07	4.0613e-09	3.5547e-10	2.0000000000000003e-14	3.2492e-07	-3.294e-07	7.6319e-09	7.565e-11	-8e-13	3.248e-07	-3.3254e-07	1.24376e-08	-6.149e-11	-1.0100000000000001e-12	3.247e-07	-3.3692e-07
0.815	-1.4882e-07	1.4876e-07	-9e-14	3.2524e-07	-3.2506e-07	-3.86416e-08	3.90678e-08	-2.6e-13	3.2522e-07	-3.2554e-07	-9.0718e-09	1.01376e-08	-7.100000000000001e-13	3.2504e-07	-3.2608e-07	2.0363000000000002e-10	2.0574e-09	-7.400000000000001e-13	3.2498e-07	-3.272e-07	4.0414e-09	3.7392e-10	4.0000000000000006e-14	3.249e-07	-3.2932e-07	7.6519e-09	8.214e-11	-4e-13	3.2476e-07	-3.3246e-07	1.23378e-08	-5.528e-11	-1.7e-13	3.248e-07	-3.37e-07
0.82	-1.5576e-07	1.5568e-07	-8.400000000000001e-13	3.2512e-07	-3.2508e-07	-4.03294e-08	4.07392e-08	-8.800000000000002e-13	3.2512e-07	-3.255e-07	-9.550299999999999e-09	1.06197e-08	-4.500000000000001e-13	3.2504e-07	-3.2608e-07	8.29e-11	2.1741e-09	-3.600000000000001e-13	3.2492e-07	-3.272e-07	4.0116e-09	3.9441e-10	-1.1000000000000001e-13	3.2486e-07	-3.293e-07	7.6504e-09	8.801e-11	-9.700000000000001e-13	3.2478e-07	-3.3248e-07	1.24098e-08	-4.59e-11	-7.700000000000001e-13	3.2476e-07	-3.3696e-07
0.825	-1.6326e-07	1.6316e-07	-2.6e-13	3.2518e-07	-3.2514e-07	-4.21114e-08	4.25218e-08	-6.3e-13	3.2516e-07	-3.255e-07	-1.00557e-08	1.1146e-08	-1.1000000000000001e-13	3.25e-07	-3.2612e-07	-3.5200000000000005e-11	2.2998e-09	-6.700000000000002e-13	3.249e-07	-3.2716e-07	3.9609e-09	4.1264e-10	-3.5e-13	3.2486e-07	-3.2924e-07	7.7045e-09	9.164e-11	-4e-13	3.2486e-07	-3.3264e-07	1.2603e-08	-3.772e-11	-8.500000000000002e-13	3.2482e-07	-3.3748e-07
0.83	-1.7094e-07	1.7084e-07	-2.6e-13	3.252e-07	-3.251e-07	-4.39654e-08	4.43956e-08	-3.1000000000000004e-13	3.251e-07	-3.2556e-07	-1.05724e-08	1.1662999999999998e-08	-9e-14	3.2498e-07	-3.2606e-07	-1.7517e-10	2.4277e-09	-2.5e-13	3.2494e-07	-3.2722e-07	3.9814e-09	4.3195e-10	2.6e-13	3.2494e-07	-3.293e-07	7.6517e-09	9.615e-11	1e-13	3.2486e-07	-3.3268e-07	1.2657199999999998e-08	-3.1960000000000005e-11	-9.3e-13	3.2486e-07	-3.374e-07
0.835	-1.792e-07	1.7908e-07	-3.7000000000000004e-13	3.2518e-07	-3.251e-07	-4.59174e-08	4.633539999999999e-08	-7e-14	3.2516e-07	-3.256e-07	-1.1128599999999998e-08	1.22142e-08	-2.300000000000001e-13	3.2502e-07	-3.2614e-07	-2.9780000000000005e-10	2.566e-09	-2.8e-13	3.2494e-07	-3.272e-07	3.9939e-09	4.5703e-10	-7.600000000000002e-13	3.2486e-07	-3.293e-07	7.6827e-09	1.0215e-10	-4.4000000000000004e-13	3.2478e-07	-3.3254e-07	1.26128e-08	-2.7560000000000003e-11	-2.8e-13	3.2486e-07	-3.373e-07
0.84	-1.877e-07	1.876e-07	-4.7e-13	3.2522e-07	-3.2514e-07	-4.794639999999999e-08	4.83638e-08	-8.400000000000001e-13	3.2512e-07	-3.2554e-07	-1.16884e-08	1.27934e-08	5e-14	3.25e-07	-3.261e-07	-4.4897000000000005e-10	2.7097e-09	-5.800000000000002e-13	3.249e-07	-3.272e-07	3.8984e-09	4.7857e-10	-1.13e-12	3.249e-07	-3.2934e-07	7.6629e-09	1.0907e-10	-1.4200000000000002e-12	3.2494e-07	-3.3256e-07	1.2568199999999998e-08	-2.0370000000000003e-11	2.0000000000000003e-14	3.2478e-07	-3.3758e-07
0.845	-1.9682e-07	1.9668e-07	-5.800000000000002e-13	3.2524e-07	-3.2508e-07	-5.0084e-08	5.051499999999999e-08	-5e-13	3.252e-07	-3.2552e-07	-1.22948e-08	1.33858e-08	1.7e-13	3.2502e-07	-3.2608e-07	-6.1051e-10	2.8601e-09	-1.14e-12	3.249e-07	-3.2724e-07	3.8708e-09	5.042000000000001e-10	-5.1e-13	3.2488e-07	-3.2932e-07	7.6948e-09	1.1315e-10	-4.4000000000000004e-13	3.2492e-07	-3.3264e-07	1.26824e-08	-1.302e-11	-7.200000000000002e-13	3.2476e-07	-3.3752e-07
0.85	-2.0632e-07	2.0612e-07	4.2000000000000003e-13	3.2524e-07	-3.252e-07	-5.231579999999999e-08	5.27102e-08	-5.300000000000002e-13	3.252e-07	-3.256e-07	-1.29196e-08	1.40046e-08	2.1000000000000001e-13	3.25e-07	-3.2606e-07	-7.515800000000001e-10	3.0177e-09	-4e-13	3.2498e-07	-3.2726e-07	3.8763e-09	5.313900000000001e-10	-2.900000000000001e-13	3.2494e-07	-3.2938e-07	7.6015e-09	1.1929e-10	-5.300000000000002e-13	3.248e-07	-3.3264e-07	1.25316e-08	-7.34e-12	-2e-13	3.2482e-07	-3.3754e-07
0.855	-2.1638e-07	2.1626e-07	-5.1e-13	3.2528e-07	-3.2522e-07	-5.46396e-08	5.50482e-08	-7.5e-13	3.2522e-07	-3.256e-07	-1.3561399999999998e-08	1.4643199999999998e-08	2.1000000000000001e-13	3.2508e-07	-3.261e-07	-9.1661e-10	3.1847e-09	-6.8e-13	3.2488e-07	-3.2716e-07	3.8172e-09	5.5993e-10	-1.22e-12	3.2498e-07	-3.2936e-07	7.598e-09	1.2783e-10	-8.400000000000001e-13	3.2488e-07	-3.325e-07	1.26456e-08	-1.07e-12	-1.17e-12	3.2482e-07	-3.3724e-07
0.86	-2.2678e-07	2.267e-07	-7.700000000000001e-13	3.2534e-07	-3.2524e-07	-5.703999999999999e-08	5.74822e-08	-8.600000000000001e-13	3.2522e-07	-3.2562e-07	-1.4221e-08	1.5313e-08	-2.1000000000000001e-13	3.25e-07	-3.2608e-07	-1.09727e-09	3.3609e-09	-1.1900000000000002e-12	3.2494e-07	-3.272e-07	3.7938e-09	5.872200000000001e-10	-1.2400000000000002e-12	3.2496e-07	-3.2938e-07	7.5595e-09	1.3288e-10	-8.600000000000001e-13	3.2486e-07	-3.3254e-07	1.2593199999999998e-08	2.7300000000000007e-12	-9.4e-13	3.2484e-07	-3.3724e-07
0.865	-2.379e-07	2.3786e-07	3.2000000000000005e-13	3.2532e-07	-3.2524e-07	-5.965139999999999e-08	6.005719999999999e-08	-4.600000000000002e-13	3.2522e-07	-3.2554e-07	-1.4928999999999998e-08	1.60174e-08	1.8000000000000004e-13	3.2506e-07	-3.2614e-07	-1.2967e-09	3.5472e-09	-1.8000000000000004e-13	3.2494e-07	-3.2726e-07	3.7793999999999996e-09	6.1899e-10	1.6000000000000005e-13	3.2498e-07	-3.2934e-07	7.6162e-09	1.3956e-10	-3.000000000000001e-13	3.2482e-07	-3.3268e-07	1.266e-08	7.29e-12	-3.600000000000001e-13	3.248e-07	-3.3724e-07
0.87	-2.4944e-07	2.4936e-07	-6.3e-13	3.2534e-07	-3.252e-07	-6.230039999999999e-08	6.270599999999999e-08	-5.4e-13	3.2512e-07	-3.256e-07	-1.56488e-08	1.6749e-08	3.0000000000000005e-14	3.2506e-07	-3.2618e-07	-1.4901e-09	3.734e-09	-5.2e-13	3.2498e-07	-3.2722e-07	3.7218e-09	6.5551e-10	-8e-13	3.2494e-07	-3.2936e-07	7.5619e-09	1.4817000000000002e-10	-5.800000000000002e-13	3.2486e-07	-3.3256e-07	1.26206e-08	1.0440000000000002e-11	-5.9e-13	3.248e-07	-3.3742e-07
0.875	-2.617e-07	2.6156e-07	-9.600000000000002e-13	3.2528e-07	-3.2508e-07	-6.50976e-08	6.546659999999999e-08	-1.69e-12	3.2518e-07	-3.2562e-07	-1.6373999999999998e-08	1.75048e-08	5.800000000000002e-13	3.2504e-07	-3.2612e-07	-1.6589e-09	3.9301e-09	-1.9000000000000002e-13	3.249e-07	-3.2718e-07	3.6754e-09	6.9262e-10	-8.7e-13	3.249e-07	-3.2932e-07	7.519699999999998e-09	1.5525e-10	-1e-12	3.2494e-07	-3.3264e-07	1.26984e-08	1.5670000000000002e-11	-4.3000000000000004e-13	3.248e-07	-3.3756e-07
0.88	-2.7464e-07	2.7448e-07	-1.8000000000000004e-13	3.252e-07	-3.2514e-07	-6.803119999999999e-08	6.843379999999999e-08	-8.400000000000001e-13	3.2518e-07	-3.255e-07	-1.7181799999999997e-08	1.82972e-08	-5.7e-13	3.2506e-07	-3.2614e-07	-1.8945e-09	4.1494e-09	-3.7000000000000004e-13	3.2494e-07	-3.272e-07	3.6357999999999998e-09	7.3112e-10	-6.000000000000001e-14	3.2488e-07	-3.2928e-07	7.5896e-09	1.6068e-10	-9.3e-13	3.2488e-07	-3.3264e-07	1.27158e-08	2.191e-11	4.0000000000000006e-14	3.248e-07	-3.3758e-07
0.885	-2.8822e-07	2.8808e-07	-3.1000000000000004e-13	3.252e-07	-3.2518e-07	-7.108179999999999e-08	7.149059999999999e-08	-2.1000000000000001e-13	3.2522e-07	-3.2564e-07	-1.7982e-08	1.9121e-08	1.2000000000000002e-13	3.2502e-07	-3.261e-07	-2.1223e-09	4.3731e-09	-6.6e-13	3.2492e-07	-3.272e-07	3.6068e-09	7.7227e-10	-7.200000000000002e-13	3.2486e-07	-3.2924e-07	7.5395e-09	1.6997e-10	-8.600000000000001e-13	3.2494e-07	-3.3258e-07	1.27562e-08	2.712e-11	-1.8000000000000002e-12	3.2486e-07	-3.3748e-07
0.89	-3.0254e-07	3.0246e-07	-1.04e-12	3.2524e-07	-3.2514e-07	-7.43142e-08	7.4696e-08	-4.500000000000001e-13	3.2516e-07	-3.2556e-07	-1.88598e-08	1.99698e-08	-2.6e-13	3.2494e-07	-3.2612e-07	-2.3543e-09	4.6072e-09	-5.4e-13	3.2492e-07	-3.2718e-07	3.59e-09	8.2073e-10	-1.36e-12	3.2486e-07	-3.2924e-07	7.5713e-09	1.8034e-10	-1.26e-12	3.2494e-07	-3.3268e-07	1.2711599999999998e-08	3.015e-11	-1.46e-12	3.248e-07	-3.3742e-07
0.895	-3.174e-07	3.1752e-07	-1.1000000000000001e-13	3.2524e-07	-3.2514e-07	-7.763719999999998e-08	7.80482e-08	-1.0600000000000001e-12	3.251e-07	-3.255e-07	-1.97524e-08	2.08664e-08	-3.900000000000001e-13	3.2502e-07	-3.2614e-07	-2.6212e-09	4.8706e-09	-5.6e-13	3.2496e-07	-3.272e-07	3.544e-09	8.6628e-10	-7.900000000000001e-13	3.249e-07	-3.2928e-07	7.4809e-09	1.8917e-10	-1.4e-12	3.2486e-07	-3.3256e-07	1.26682e-08	3.299e-11	-7.200000000000002e-13	3.248e-07	-3.3748e-07
0.9	-3.334e-07	3.3342e-07	-2.300000000000001e-13	3.2528e-07	-3.2518e-07	-8.12096e-08	8.16022e-08	-1.31e-12	3.2512e-07	-3.2548e-07	-2.07044e-08	2.18192e-08	-4.500000000000001e-13	3.25e-07	-3.2618e-07	-2.868e-09	5.1216e-09	-8e-13	3.2498e-07	-3.272e-07	3.4482e-09	9.1695e-10	-2.8e-13	3.2494e-07	-3.2934e-07	7.4895e-09	1.9729e-10	3.5e-13	3.249e-07	-3.325e-07	1.2678799999999998e-08	3.676e-11	-4.4000000000000004e-13	3.2484e-07	-3.3766e-07
