I/V Sweep,id_vgs
RecordTime,04/14/2025 15:22:45
Device ID,
Count,1
Flag,
Remarks,
vg,vd,id,ig,is,iavdd,ignd
-0.3,0,1.0709E-09,-4.8337999999999996E-09,-5.7E-13,3.254E-07,-3.2158E-07
-0.29500000000000004,0,1.0238E-09,-4.4291E-09,-9.3E-13,3.2536E-07,-3.219E-07
-0.29000000000000004,0,9.8432000000000017E-10,-4.0517E-09,2.7E-13,3.2542E-07,-3.2238E-07
-0.28500000000000003,0,9.5289E-10,-3.7097E-09,2.8E-13,3.2536E-07,-3.2262E-07
-0.28,0,9.0342000000000007E-10,-3.401E-09,-1.04E-12,3.2542E-07,-3.2292E-07
-0.275,0,8.6521000000000006E-10,-3.121E-09,4.0000000000000006E-14,3.254E-07,-3.2316E-07
-0.27,0,8.3198000000000006E-10,-2.8634E-09,-7.8000000000000011E-13,3.2546E-07,-3.2332E-07
-0.265,0,7.9947E-10,-2.6293E-09,-8.7E-13,3.2542E-07,-3.2362E-07
-0.26,0,7.5066000000000007E-10,-2.4234E-09,-9.9E-13,3.256E-07,-3.2384E-07
-0.255,0,7.1875E-10,-2.2319E-09,3.0000000000000003E-13,3.2542E-07,-3.239E-07
-0.25,0,6.9927E-10,-2.0579E-09,-4.2000000000000003E-13,3.2542E-07,-3.241E-07
-0.24500000000000002,0,6.6434E-10,-1.8969E-09,-7.6000000000000009E-13,3.2536E-07,-3.2416E-07
-0.24000000000000002,0,6.2798E-10,-1.7555E-09,-6.5000000000000006E-13,3.2534E-07,-3.2418E-07
-0.23500000000000001,0,6.0175E-10,-1.6216E-09,3.1000000000000004E-13,3.2538E-07,-3.2432E-07
-0.23,0,5.762E-10,-1.5E-09,-5.7E-13,3.255E-07,-3.2454E-07
-0.225,0,5.4017E-10,-1.3908E-09,-9.1000000000000016E-13,3.2542E-07,-3.2452E-07
-0.22,0,5.1853000000000007E-10,-1.2902E-09,-1.5000000000000002E-13,3.2542E-07,-3.2466E-07
-0.215,0,5.0187E-10,-1.1951E-09,-1.4E-12,3.2546E-07,-3.2472E-07
-0.21000000000000002,0,4.7212E-10,-1.1113E-09,-1.3400000000000002E-12,3.2546E-07,-3.2484E-07
-0.20500000000000002,0,4.4044000000000003E-10,-1.0357E-09,-2.6E-13,3.254E-07,-3.2484E-07
-0.2,0,4.2773000000000003E-10,-9.6175000000000012E-10,-7.2000000000000006E-13,3.2536E-07,-3.2478E-07
-0.195,0,3.9373000000000005E-10,-8.9361000000000008E-10,-1.03E-12,3.2536E-07,-3.2484E-07
-0.19,0,3.7075000000000004E-10,-8.363600000000001E-10,-8.4000000000000006E-13,3.2536E-07,-3.2484E-07
-0.185,0,3.5362E-10,-7.7776E-10,2.9000000000000003E-13,3.2536E-07,-3.2494E-07
-0.18000000000000002,0,3.3370000000000005E-10,-7.2482000000000009E-10,-1.0500000000000002E-12,3.2534E-07,-3.2496E-07
-0.17500000000000002,0,3.1011000000000003E-10,-6.7948E-10,-5.9E-13,3.2536E-07,-3.25E-07
-0.17,0,2.9165E-10,-6.3444E-10,-6.1E-13,3.2542E-07,-3.25E-07
-0.165,0,2.7231E-10,-5.9108000000000009E-10,-1.08E-12,3.2548E-07,-3.2508E-07
-0.16,0,2.5307000000000004E-10,-5.5302E-10,-8.8000000000000009E-13,3.2542E-07,-3.2508E-07
-0.155,0,2.3396000000000004E-10,-5.1887000000000009E-10,-7.2000000000000006E-13,3.2536E-07,-3.2508E-07
-0.15,0,2.2430000000000002E-10,-4.8348000000000007E-10,-7.3E-13,3.2536E-07,-3.2508E-07
-0.14500000000000002,0,2.0475000000000002E-10,-4.5178E-10,-8.1000000000000008E-13,3.2542E-07,-3.2514E-07
-0.14,0,1.8725000000000003E-10,-4.2354E-10,1.0000000000000002E-14,3.2536E-07,-3.2514E-07
-0.135,0,1.7326E-10,-3.9682000000000003E-10,5.1E-13,3.2534E-07,-3.2514E-07
-0.13,0,1.5678E-10,-3.6682000000000003E-10,-1.07E-12,3.2526E-07,-3.2504E-07
-0.125,0,1.3771E-10,-3.4550000000000005E-10,-3.3E-13,3.253E-07,-3.2506E-07
-0.12000000000000001,0,1.2776E-10,-3.2190000000000005E-10,-4.7E-13,3.253E-07,-3.2508E-07
-0.115,0,1.1181000000000001E-10,-2.9823E-10,-6.400000000000001E-13,3.2534E-07,-3.2506E-07
-0.11,0,9.4690000000000011E-11,-2.7808000000000004E-10,-6.5000000000000006E-13,3.2528E-07,-3.2508E-07
-0.10500000000000001,0,8.222E-11,-2.5866E-10,-5.4E-13,3.253E-07,-3.2514E-07
-0.1,0,7.7160000000000008E-11,-2.4056E-10,3.1000000000000004E-13,3.2532E-07,-3.2512E-07
-0.095,0,5.7370000000000005E-11,-2.1985000000000002E-10,-1.4200000000000002E-12,3.2524E-07,-3.2508E-07
-0.090000000000000011,0,4.013E-11,-2.0612E-10,-1.02E-12,3.253E-07,-3.2506E-07
-0.085,0,2.917E-11,-1.9002E-10,-4.2000000000000003E-13,3.2528E-07,-3.251E-07
-0.08,0,1.675E-11,-1.7088E-10,-8.7E-13,3.2526E-07,-3.251E-07
-0.075,0,4.1500000000000007E-12,-1.5737000000000002E-10,-1.4E-12,3.2522E-07,-3.251E-07
-0.07,0,1.8900000000000002E-12,-1.4280000000000001E-10,8.0000000000000013E-14,3.2528E-07,-3.2506E-07
-0.065,0,-1.4390000000000002E-11,-1.2912000000000002E-10,4.5000000000000005E-13,3.2528E-07,-3.2512E-07
-0.060000000000000005,0,-2.945E-11,-1.1629E-10,-1.09E-12,3.2524E-07,-3.2518E-07
-0.055,0,-4.118E-11,-1.0497000000000001E-10,-6.0000000000000007E-13,3.2534E-07,-3.2514E-07
-0.05,0,-4.2780000000000006E-11,-9.3340000000000011E-11,-8.0000000000000013E-14,3.2526E-07,-3.2514E-07
-0.045000000000000005,0,-5.2170000000000006E-11,-8.045E-11,-1.36E-12,3.2534E-07,-3.2512E-07
-0.04,0,-6.768E-11,-7.2190000000000011E-11,-3.7000000000000004E-13,3.2524E-07,-3.2508E-07
-0.035,0,-6.812E-11,-6.247E-11,2.5E-13,3.2528E-07,-3.2512E-07
-0.030000000000000002,0,-8.0490000000000011E-11,-5.1580000000000004E-11,6.8E-13,3.2528E-07,-3.2514E-07
-0.025,0,-9.121E-11,-4.247E-11,-1.1600000000000001E-12,3.2526E-07,-3.2514E-07
-0.02,0,-9.749E-11,-3.74E-11,-2.6E-13,3.2526E-07,-3.2514E-07
-0.015000000000000001,0,-9.848E-11,-2.653E-11,-3.9000000000000005E-13,3.252E-07,-3.2514E-07
-0.01,0,-1.0891000000000002E-10,-1.9240000000000003E-11,-5.1E-13,3.2524E-07,-3.2512E-07
-0.005,0,-1.2282000000000002E-10,-1.28E-11,-9.7000000000000011E-13,3.2528E-07,-3.252E-07
0,0,-1.2099000000000001E-10,-7.0000000000000009E-12,9.9E-13,3.2522E-07,-3.2518E-07
0.005,0,-1.2329000000000002E-10,1.3000000000000001E-12,-9.4E-13,3.253E-07,-3.2516E-07
0.01,0,-1.3715E-10,8.23E-12,-1.0100000000000001E-12,3.2526E-07,-3.252E-07
0.015000000000000001,0,-1.4478000000000002E-10,1.1510000000000001E-11,7E-14,3.2526E-07,-3.2516E-07
0.02,0,-1.4093E-10,1.968E-11,-9.2000000000000012E-13,3.253E-07,-3.2514E-07
0.025,0,-1.5661000000000002E-10,2.62E-11,-4.8000000000000008E-13,3.2524E-07,-3.2508E-07
0.030000000000000002,0,-1.6765E-10,3.044E-11,-6.5000000000000006E-13,3.2522E-07,-3.2508E-07
0.035,0,-1.6124E-10,3.652E-11,-4.4000000000000004E-13,3.2524E-07,-3.2514E-07
0.04,0,-1.6534000000000002E-10,4.326E-11,-4.1E-13,3.253E-07,-3.2512E-07
0.045000000000000005,0,-1.7508E-10,4.8270000000000005E-11,-1.12E-12,3.2528E-07,-3.2514E-07
0.05,0,-1.8739E-10,5.2270000000000004E-11,-1.0000000000000002E-14,3.2524E-07,-3.2504E-07
0.055,0,-1.8075000000000002E-10,6.064000000000001E-11,-5.3000000000000006E-13,3.2522E-07,-3.2512E-07
0.060000000000000005,0,-1.9144000000000001E-10,6.5830000000000007E-11,-1.07E-12,3.2532E-07,-3.2514E-07
0.065,0,-2.0233000000000001E-10,7.005E-11,1E-13,3.2528E-07,-3.252E-07
0.07,0,-2.0265000000000002E-10,7.684E-11,1.0000000000000002E-14,3.2532E-07,-3.2512E-07
0.075,0,-2.0951E-10,8.508E-11,-1.51E-12,3.253E-07,-3.251E-07
0.08,0,-2.2047000000000002E-10,8.8730000000000013E-11,-1.1600000000000001E-12,3.2524E-07,-3.2518E-07
0.085,0,-2.2425000000000003E-10,9.505000000000001E-11,1.7E-13,3.2528E-07,-3.252E-07
0.090000000000000011,0,-2.2366E-10,1.0410000000000001E-10,-5.6E-13,3.2534E-07,-3.2524E-07
0.095,0,-2.3762E-10,1.0974000000000001E-10,-1.0600000000000001E-12,3.2534E-07,-3.2514E-07
0.1,0,-2.4636E-10,1.1714000000000002E-10,-2.5E-13,3.253E-07,-3.252E-07
0.10500000000000001,0,-2.4412000000000003E-10,1.2396E-10,-7E-14,3.2536E-07,-3.2524E-07
0.11,0,-2.5299E-10,1.3348000000000001E-10,-6.9000000000000009E-13,3.2534E-07,-3.2524E-07
0.115,0,-2.6973E-10,1.3876000000000002E-10,0,3.2534E-07,-3.252E-07
0.12000000000000001,0,-2.7433E-10,1.4841E-10,3.8000000000000005E-13,3.2536E-07,-3.2522E-07
0.125,0,-2.7886E-10,1.6000000000000002E-10,-2.7E-13,3.2528E-07,-3.252E-07
0.13,0,-2.9662E-10,1.6634000000000002E-10,-6.400000000000001E-13,3.2532E-07,-3.2524E-07
0.135,0,-3.1039E-10,1.7696E-10,3.5E-13,3.254E-07,-3.251E-07
0.14,0,-3.0838E-10,1.8944000000000002E-10,-2.5E-13,3.253E-07,-3.252E-07
0.14500000000000002,0,-3.1843E-10,1.9917000000000002E-10,-1.5200000000000002E-12,3.2534E-07,-3.2522E-07
0.15,0,-3.3083000000000004E-10,2.0868000000000002E-10,2.1000000000000001E-13,3.254E-07,-3.2518E-07
0.155,0,-3.4739000000000003E-10,2.2166000000000001E-10,7E-14,3.2536E-07,-3.2518E-07
0.16,0,-3.5772000000000003E-10,2.3554E-10,-7.3E-13,3.2534E-07,-3.2532E-07
0.165,0,-3.7907E-10,2.4616E-10,-4.1E-13,3.2532E-07,-3.2524E-07
0.17,0,-3.9371000000000003E-10,2.6032000000000004E-10,-2.8E-13,3.2534E-07,-3.2522E-07
0.17500000000000002,0,-3.9891E-10,2.7742E-10,-4.6000000000000006E-13,3.2534E-07,-3.2524E-07
0.18000000000000002,0,-4.1804000000000004E-10,2.9091000000000003E-10,-4.0000000000000006E-14,3.2542E-07,-3.2526E-07
0.185,0,-4.3043000000000003E-10,3.0658000000000004E-10,5E-13,3.2542E-07,-3.252E-07
0.19,0,-4.4451000000000005E-10,3.2388E-10,5E-13,3.2528E-07,-3.2518E-07
0.195,0,-4.6510000000000003E-10,3.4386000000000004E-10,-1.2800000000000002E-12,3.2536E-07,-3.252E-07
0.2,0,-4.8365000000000008E-10,3.6044000000000005E-10,5.3000000000000006E-13,3.2522E-07,-3.2512E-07
0.20500000000000002,0,-4.972E-10,3.8145E-10,3.2000000000000005E-13,3.253E-07,-3.252E-07
0.21000000000000002,0,-5.2164000000000007E-10,4.0491000000000005E-10,-5.9E-13,3.2528E-07,-3.252E-07
0.215,0,-5.5458000000000006E-10,4.2704000000000006E-10,-3.5E-13,3.253E-07,-3.2516E-07
0.22,0,-5.7968E-10,4.4995000000000003E-10,3.7000000000000004E-13,3.2526E-07,-3.252E-07
0.225,0,-5.9555000000000008E-10,4.7992E-10,4E-13,3.2524E-07,-3.2514E-07
0.23,0,-6.3225000000000007E-10,5.0934E-10,-1.02E-12,3.2528E-07,-3.252E-07
0.23500000000000001,0,-6.6648000000000006E-10,5.3675E-10,4.2000000000000003E-13,3.2534E-07,-3.2512E-07
0.24000000000000002,0,-6.9112000000000009E-10,5.6982E-10,-8.4000000000000006E-13,3.2528E-07,-3.2516E-07
0.24500000000000002,0,-7.2606000000000008E-10,6.0519000000000006E-10,-1.4400000000000001E-12,3.2524E-07,-3.2516E-07
0.25,0,-7.666E-10,6.4113E-10,-9.8E-13,3.2516E-07,-3.251E-07
0.255,0,-7.9977E-10,6.8158E-10,-5.6E-13,3.2526E-07,-3.2506E-07
0.26,0,-8.3549000000000008E-10,7.2297E-10,-4.1E-13,3.2528E-07,-3.2512E-07
0.265,0,-8.9007000000000011E-10,7.6918E-10,-1.13E-12,3.253E-07,-3.2512E-07
0.27,0,-9.412E-10,8.1521E-10,1E-13,3.2528E-07,-3.2518E-07
0.275,0,-9.8681E-10,8.6817000000000012E-10,-4.8000000000000008E-13,3.2528E-07,-3.2512E-07
0.28,0,-1.04086E-09,9.1891000000000009E-10,-8.8000000000000009E-13,3.2528E-07,-3.2518E-07
0.28500000000000003,0,-1.1016200000000002E-09,9.7382E-10,-6.2000000000000008E-13,3.2532E-07,-3.2514E-07
0.29000000000000004,0,-1.157E-09,1.03524E-09,-1.3300000000000002E-12,3.2528E-07,-3.2514E-07
0.29500000000000004,0,-1.2223E-09,1.09466E-09,-7.100000000000001E-13,3.2528E-07,-3.2514E-07
0.3,0,-1.2802E-09,1.1625E-09,-1E-13,3.2524E-07,-3.2514E-07
0.305,0,-1.3504E-09,1.2343E-09,6.0000000000000009E-14,3.2528E-07,-3.2516E-07
0.31,0,-1.4259E-09,1.3108E-09,-4.5000000000000005E-13,3.253E-07,-3.252E-07
0.315,0,-1.5072E-09,1.3863E-09,-1.1600000000000001E-12,3.2528E-07,-3.2514E-07
0.32,0,-1.5873E-09,1.4687E-09,1.1000000000000001E-13,3.2522E-07,-3.2516E-07
0.325,0,-1.6701E-09,1.5562E-09,-3.1000000000000004E-13,3.2528E-07,-3.2518E-07
0.33,0,-1.7676E-09,1.6491E-09,-7.3E-13,3.2526E-07,-3.2508E-07
0.335,0,-1.8671E-09,1.7419E-09,-3.1000000000000004E-13,3.2534E-07,-3.2518E-07
0.34,0,-1.9625E-09,1.8454E-09,7.5E-13,3.2534E-07,-3.253E-07
0.34500000000000003,0,-2.0623E-09,1.9536E-09,-6.2000000000000008E-13,3.2534E-07,-3.2512E-07
0.35000000000000003,0,-2.191E-09,2.0661E-09,-9.6000000000000015E-13,3.2536E-07,-3.2522E-07
0.35500000000000004,0,-2.3059E-09,2.183E-09,2.3000000000000003E-13,3.2528E-07,-3.2514E-07
0.36000000000000004,0,-2.4264E-09,2.3109E-09,-4.1E-13,3.2534E-07,-3.2522E-07
0.365,0,-2.5632E-09,2.4424E-09,-5.2E-13,3.2528E-07,-3.2516E-07
0.37,0,-2.7045E-09,2.5752E-09,-1.18E-12,3.2534E-07,-3.2518E-07
0.375,0,-2.8454E-09,2.7252E-09,-3.1000000000000004E-13,3.253E-07,-3.2518E-07
0.38,0,-2.9908E-09,2.89E-09,-5.8000000000000005E-13,3.2528E-07,-3.2518E-07
0.385,0,-3.1512E-09,3.0353E-09,-1.0600000000000001E-12,3.2536E-07,-3.2518E-07
0.39,0,-3.3245E-09,3.2042E-09,-1.5000000000000002E-13,3.2532E-07,-3.252E-07
0.395,0,-3.4941E-09,3.3773E-09,2.6E-13,3.253E-07,-3.2518E-07
0.4,0,-3.6759E-09,3.564E-09,-6.7000000000000007E-13,3.2532E-07,-3.2522E-07
0.405,0,-3.8804E-09,3.7552E-09,-8.0000000000000013E-14,3.2534E-07,-3.2514E-07
0.41000000000000003,0,-4.0751E-09,3.9554E-09,-6.0000000000000009E-14,3.2528E-07,-3.2518E-07
0.41500000000000004,0,-4.2796E-09,4.169E-09,-1.3E-13,3.2532E-07,-3.2524E-07
0.42000000000000004,0,-4.5047E-09,4.3896E-09,-5.4E-13,3.2528E-07,-3.2526E-07
0.42500000000000004,0,-4.7386E-09,4.6198E-09,-3.2000000000000005E-13,3.2528E-07,-3.2522E-07
0.43,0,-4.9834E-09,4.8639E-09,-4.1E-13,3.2528E-07,-3.252E-07
0.435,0,-5.2262E-09,5.115E-09,-2.5E-13,3.253E-07,-3.2522E-07
0.44,0,-5.4982E-09,5.3829E-09,-2.8E-13,3.253E-07,-3.2512E-07
0.445,0,-5.7511E-09,5.6234E-09,1.4E-13,3.2536E-07,-3.2522E-07
0.45,0,-6.0384E-09,5.9181E-09,-4.9E-13,3.253E-07,-3.2518E-07
0.455,0,-6.3248E-09,6.2094E-09,-3.7000000000000004E-13,3.2536E-07,-3.2524E-07
0.46,0,-6.6469E-09,6.5282E-09,-6.0000000000000007E-13,3.2524E-07,-3.2506E-07
0.465,0,-6.9705E-09,6.8541E-09,-4.6000000000000006E-13,3.2532E-07,-3.252E-07
0.47000000000000003,0,-7.3254E-09,7.1928E-09,-7.7000000000000005E-13,3.252E-07,-3.2512E-07
0.47500000000000003,0,-7.6622E-09,7.5438E-09,-7.6000000000000009E-13,3.253E-07,-3.2512E-07
0.48000000000000004,0,-8.0436E-09,7.9348E-09,-1.51E-12,3.253E-07,-3.2504E-07
0.48500000000000004,0,-8.4072E-09,8.2938E-09,-4.6000000000000006E-13,3.2524E-07,-3.251E-07
0.49000000000000005,0,-8.8108E-09,8.6986E-09,-1E-12,3.252E-07,-3.252E-07
0.49500000000000005,0,-9.2389E-09,9.131E-09,-9.1000000000000016E-13,3.2526E-07,-3.251E-07
0.5,0,-9.6618E-09,9.5495E-09,-4.7E-13,3.2524E-07,-3.2512E-07
0.505,0,-1.01047E-08,9.9944E-09,-1.6000000000000003E-13,3.2524E-07,-3.2516E-07
0.51,0,-1.05714E-08,1.04568E-08,-8.6000000000000007E-13,3.2524E-07,-3.2514E-07
0.515,0,-1.10615E-08,1.09541E-08,-2.2000000000000002E-13,3.2526E-07,-3.2514E-07
0.52,0,-1.1559199999999999E-08,1.1466199999999999E-08,-6.7000000000000007E-13,3.2534E-07,-3.2516E-07
0.525,0,-1.2094599999999998E-08,1.1997399999999998E-08,-9.6000000000000015E-13,3.2528E-07,-3.2512E-07
0.53,0,-1.2636599999999999E-08,1.25264E-08,-5.3000000000000006E-13,3.253E-07,-3.2514E-07
0.535,0,-1.3207399999999999E-08,1.3095599999999999E-08,-8.9E-13,3.2522E-07,-3.2514E-07
0.54,0,-1.3827999999999998E-08,1.3720199999999999E-08,-7E-14,3.2528E-07,-3.2512E-07
0.545,0,-1.4444799999999999E-08,1.4335199999999998E-08,-6.3E-13,3.2524E-07,-3.2512E-07
0.55,0,-1.51036E-08,1.49704E-08,-4.4000000000000004E-13,3.2526E-07,-3.2518E-07
0.555,0,-1.5754199999999998E-08,1.56488E-08,-8.1000000000000008E-13,3.2524E-07,-3.2506E-07
0.56,0,-1.64664E-08,1.6359599999999997E-08,-9.5E-13,3.2522E-07,-3.2508E-07
0.56500000000000006,0,-1.7164199999999998E-08,1.70646E-08,-1.36E-12,3.2516E-07,-3.2508E-07
0.57000000000000006,0,-1.79232E-08,1.78198E-08,-1.03E-12,3.2522E-07,-3.2512E-07
0.57500000000000007,0,-1.8715999999999997E-08,1.8610999999999997E-08,1E-13,3.2532E-07,-3.2512E-07
0.58000000000000007,0,-1.95632E-08,1.945E-08,-1.2800000000000002E-12,3.2528E-07,-3.2514E-07
0.58500000000000008,0,-2.03884E-08,2.0291999999999997E-08,-3.6000000000000003E-13,3.2516E-07,-3.2514E-07
0.59000000000000008,0,-2.1297199999999996E-08,2.12018E-08,-8.8000000000000009E-13,3.2522E-07,-3.2508E-07
0.595,0,-2.22198E-08,2.21082E-08,-1.23E-12,3.2522E-07,-3.2514E-07
0.6,0,-2.3166999999999998E-08,2.3060199999999997E-08,-4.4000000000000004E-13,3.2522E-07,-3.2512E-07
0.605,0,-2.41628E-08,2.4069999999999996E-08,-1.04E-12,3.253E-07,-3.2516E-07
0.61,0,-2.5198999999999996E-08,2.5107799999999998E-08,-4.2000000000000003E-13,3.2522E-07,-3.2512E-07
0.615,0,-2.6283599999999997E-08,2.6182999999999997E-08,4.0000000000000006E-14,3.2524E-07,-3.252E-07
0.62,0,-2.7423799999999997E-08,2.7315999999999998E-08,-5.9E-13,3.2524E-07,-3.2514E-07
0.625,0,-2.8596999999999998E-08,2.84854E-08,-6.2000000000000008E-13,3.2528E-07,-3.2514E-07
0.63,0,-2.9804999999999995E-08,2.9696599999999996E-08,-3.9000000000000005E-13,3.2526E-07,-3.251E-07
0.635,0,-3.1076399999999995E-08,3.0986799999999994E-08,8.0000000000000013E-14,3.2524E-07,-3.2514E-07
0.64,0,-3.2433799999999994E-08,3.23354E-08,-3.0000000000000005E-14,3.2528E-07,-3.2514E-07
0.645,0,-3.3821599999999995E-08,3.3701E-08,4.4000000000000004E-13,3.2524E-07,-3.251E-07
0.65,0,-3.52704E-08,3.5160399999999994E-08,9.0000000000000008E-14,3.2524E-07,-3.251E-07
0.655,0,-3.67622E-08,3.66758E-08,-6.400000000000001E-13,3.2522E-07,-3.2502E-07
0.66,0,-3.83744E-08,3.8282199999999996E-08,-1.1000000000000001E-13,3.2524E-07,-3.2508E-07
0.665,0,-3.9990599999999995E-08,3.9904799999999995E-08,-4.8000000000000008E-13,3.2526E-07,-3.2516E-07
0.67,0,-4.1743E-08,4.16386E-08,3.5E-13,3.2518E-07,-3.2514E-07
0.675,0,-4.35186E-08,4.34224E-08,-2.6E-13,3.2526E-07,-3.2508E-07
0.68,0,-4.5419E-08,4.5314199999999996E-08,-6.1E-13,3.2528E-07,-3.2512E-07
0.685,0,-4.7379599999999996E-08,4.7268E-08,-7.8000000000000011E-13,3.252E-07,-3.2512E-07
0.69000000000000006,0,-4.94438E-08,4.9332399999999996E-08,-4.9E-13,3.2524E-07,-3.2506E-07
0.69500000000000006,0,-5.1562999999999997E-08,5.1460199999999996E-08,-1.3E-13,3.2524E-07,-3.2508E-07
0.70000000000000007,0,-5.3808399999999996E-08,5.3701999999999993E-08,2.8E-13,3.2522E-07,-3.2508E-07
0.70500000000000007,0,-5.6105799999999995E-08,5.6006399999999994E-08,-8.1000000000000008E-13,3.2526E-07,-3.2518E-07
0.71000000000000008,0,-5.85878E-08,5.84664E-08,-2.5E-13,3.2522E-07,-3.2514E-07
0.71500000000000008,0,-6.1135599999999991E-08,6.10464E-08,-4.5000000000000005E-13,3.2524E-07,-3.2512E-07
0.72000000000000008,0,-6.38408E-08,6.3751599999999992E-08,-4.9E-13,3.2528E-07,-3.2512E-07
0.72500000000000009,0,-6.6653599999999987E-08,6.65458E-08,-9.0000000000000008E-14,3.2524E-07,-3.2508E-07
0.73,0,-6.9611799999999991E-08,6.94854E-08,-5.5000000000000008E-13,3.253E-07,-3.2512E-07
0.735,0,-7.2713399999999993E-08,7.2599799999999991E-08,-1.36E-12,3.253E-07,-3.251E-07
0.74,0,-7.5921399999999991E-08,7.5811799999999993E-08,-9.000000000000001E-13,3.2524E-07,-3.2514E-07
0.745,0,-7.93276E-08,7.9232199999999989E-08,-1.21E-12,3.2528E-07,-3.2516E-07
0.75,0,-8.286759999999999E-08,8.2777799999999991E-08,-3.7000000000000004E-13,3.2518E-07,-3.2508E-07
0.755,0,-8.6656999999999993E-08,8.65538E-08,-7.3E-13,3.2522E-07,-3.2514E-07
0.76,0,-9.0549799999999989E-08,9.0439199999999991E-08,-6.7000000000000007E-13,3.2524E-07,-3.2524E-07
0.765,0,-9.46628E-08,9.4535399999999988E-08,-6.7000000000000007E-13,3.2526E-07,-3.2516E-07
0.77,0,-9.8949599999999988E-08,9.8834E-08,-7.9000000000000007E-13,3.2524E-07,-3.2516E-07
0.775,0,-1.0346619999999999E-07,1.0337559999999999E-07,-2.5E-13,3.2524E-07,-3.2508E-07
0.78,0,-1.0820099999999999E-07,1.0809859999999999E-07,3.2000000000000005E-13,3.2532E-07,-3.2514E-07
0.785,0,-1.1320939999999999E-07,1.1308199999999999E-07,-3.7000000000000004E-13,3.2522E-07,-3.2502E-07
0.79,0,-1.1844E-07,1.1832E-07,-8.300000000000001E-13,3.252E-07,-3.25E-07
0.795,0,-1.2394E-07,1.2384E-07,-3.7000000000000004E-13,3.2514E-07,-3.2502E-07
0.8,0,-1.2968E-07,1.2962E-07,1E-13,3.2518E-07,-3.251E-07
0.805,0,-1.3574E-07,1.3565999999999999E-07,-5.3000000000000006E-13,3.2516E-07,-3.2508E-07
0.81,0,-1.4207999999999999E-07,1.4193999999999999E-07,-4E-13,3.2522E-07,-3.2512E-07
0.81500000000000006,0,-1.4882E-07,1.4876E-07,-9.0000000000000008E-14,3.2524E-07,-3.2506E-07
0.82000000000000006,0,-1.5575999999999999E-07,1.5568E-07,-8.4000000000000006E-13,3.2512E-07,-3.2508E-07
0.82500000000000007,0,-1.6326E-07,1.6315999999999999E-07,-2.6E-13,3.2518E-07,-3.2514E-07
0.83000000000000007,0,-1.7094E-07,1.7083999999999999E-07,-2.6E-13,3.252E-07,-3.251E-07
0.83500000000000008,0,-1.792E-07,1.7907999999999999E-07,-3.7000000000000004E-13,3.2518E-07,-3.251E-07
0.84000000000000008,0,-1.877E-07,1.8759999999999999E-07,-4.7E-13,3.2522E-07,-3.2514E-07
0.84500000000000008,0,-1.9681999999999999E-07,1.9667999999999999E-07,-5.8000000000000005E-13,3.2524E-07,-3.2508E-07
0.85000000000000009,0,-2.0631999999999998E-07,2.0612E-07,4.2000000000000003E-13,3.2524E-07,-3.252E-07
0.85500000000000009,0,-2.1637999999999998E-07,2.1626E-07,-5.1E-13,3.2528E-07,-3.2522E-07
0.86,0,-2.2678E-07,2.2669999999999999E-07,-7.7000000000000005E-13,3.2534E-07,-3.2524E-07
0.865,0,-2.379E-07,2.3786E-07,3.2000000000000005E-13,3.2532E-07,-3.2524E-07
0.87,0,-2.4944E-07,2.4936E-07,-6.3E-13,3.2534E-07,-3.252E-07
0.875,0,-2.617E-07,2.6156E-07,-9.6000000000000015E-13,3.2528E-07,-3.2508E-07
0.88,0,-2.7464E-07,2.7448E-07,-1.8000000000000002E-13,3.252E-07,-3.2514E-07
0.885,0,-2.8821999999999997E-07,2.8807999999999997E-07,-3.1000000000000004E-13,3.252E-07,-3.2518E-07
0.89,0,-3.0254E-07,3.0245999999999997E-07,-1.04E-12,3.2524E-07,-3.2514E-07
0.895,0,-3.1739999999999997E-07,3.1752E-07,-1.1000000000000001E-13,3.2524E-07,-3.2514E-07
0.9,0,-3.334E-07,3.3342E-07,-2.3000000000000003E-13,3.2528E-07,-3.2518E-07
-0.3,0.15,4.4163E-09,-6.4013E-09,-5.3000000000000006E-13,3.2528E-07,-3.2302E-07
-0.29500000000000004,0.15,4.0447E-09,-5.9586E-09,-4E-13,3.2524E-07,-3.2326E-07
-0.29000000000000004,0.15,3.8815E-09,-5.5475E-09,-1.79E-12,3.253E-07,-3.2362E-07
-0.28500000000000003,0.15,3.7356E-09,-5.1797E-09,-1.45E-12,3.2524E-07,-3.238E-07
-0.28,0.15,3.6088E-09,-4.8382E-09,-1.6000000000000003E-13,3.2528E-07,-3.2402E-07
-0.275,0.15,3.4961E-09,-4.5298E-09,-1.9000000000000002E-13,3.2522E-07,-3.2418E-07
-0.27,0.15,3.3836E-09,-4.2422E-09,-1.1500000000000002E-12,3.2528E-07,-3.2436E-07
-0.265,0.15,3.2827E-09,-3.9811E-09,-1.07E-12,3.2528E-07,-3.2456E-07
-0.26,0.15,3.1839E-09,-3.744E-09,1.1000000000000001E-13,3.2532E-07,-3.2468E-07
-0.255,0.15,3.0782E-09,-3.5209E-09,-2.6E-13,3.253E-07,-3.2482E-07
-0.25,0.15,2.9813E-09,-3.3191E-09,-1.1100000000000001E-12,3.2534E-07,-3.25E-07
-0.24500000000000002,0.15,2.9021E-09,-3.1327E-09,-4E-13,3.2526E-07,-3.2508E-07
-0.24000000000000002,0.15,2.8274E-09,-2.9594E-09,3.7000000000000004E-13,3.253E-07,-3.2518E-07
-0.23500000000000001,0.15,2.7463E-09,-2.799E-09,-7.9000000000000007E-13,3.2528E-07,-3.252E-07
-0.23,0.15,2.6686E-09,-2.6522E-09,-2.7E-13,3.2516E-07,-3.2522E-07
-0.225,0.15,2.5889E-09,-2.5153E-09,-6.8E-13,3.2516E-07,-3.2522E-07
-0.22,0.15,2.5263E-09,-2.3862E-09,2.7E-13,3.2522E-07,-3.2536E-07
-0.215,0.15,2.4629E-09,-2.266E-09,-5.6E-13,3.253E-07,-3.2538E-07
-0.21000000000000002,0.15,2.3923E-09,-2.1572E-09,-9.9E-13,3.2528E-07,-3.2552E-07
-0.20500000000000002,0.15,2.3326E-09,-2.0533E-09,-5.3000000000000006E-13,3.2528E-07,-3.255E-07
-0.2,0.15,2.2756E-09,-1.9543E-09,-8.5000000000000011E-13,3.2524E-07,-3.255E-07
-0.195,0.15,2.1982E-09,-1.8631E-09,-1.23E-12,3.2522E-07,-3.2556E-07
-0.19,0.15,2.154E-09,-1.7794E-09,2.4000000000000004E-13,3.2518E-07,-3.2558E-07
-0.185,0.15,2.0952E-09,-1.6984E-09,-2.6E-13,3.2516E-07,-3.256E-07
-0.18000000000000002,0.15,2.0399E-09,-1.6206E-09,-1.18E-12,3.2526E-07,-3.2566E-07
-0.17500000000000002,0.15,1.9838E-09,-1.5504E-09,-1.1600000000000001E-12,3.2524E-07,-3.2576E-07
-0.17,0.15,1.9326E-09,-1.4836E-09,4E-13,3.2528E-07,-3.2568E-07
-0.165,0.15,1.8951E-09,-1.4179E-09,-2.4000000000000004E-13,3.2528E-07,-3.2576E-07
-0.16,0.15,1.836E-09,-1.3544E-09,-6.7000000000000007E-13,3.2532E-07,-3.257E-07
-0.155,0.15,1.7915E-09,-1.2981E-09,-6.8E-13,3.2516E-07,-3.2566E-07
-0.15,0.15,1.7404E-09,-1.2434E-09,-1.4E-13,3.252E-07,-3.2562E-07
-0.14500000000000002,0.15,1.7108E-09,-1.1892E-09,4.7E-13,3.252E-07,-3.257E-07
-0.14,0.15,1.6511E-09,-1.1392E-09,-5.8000000000000005E-13,3.2518E-07,-3.2576E-07
-0.135,0.15,1.6056E-09,-1.0932E-09,-1.2000000000000002E-13,3.2528E-07,-3.2578E-07
-0.13,0.15,1.5756E-09,-1.0464E-09,2.3000000000000003E-13,3.2528E-07,-3.2584E-07
-0.125,0.15,1.5325E-09,-1.0013E-09,-1.64E-12,3.2522E-07,-3.2584E-07
-0.12000000000000001,0.15,1.4895E-09,-9.6296000000000016E-10,3.7000000000000004E-13,3.2522E-07,-3.2576E-07
-0.115,0.15,1.4537E-09,-9.2192000000000006E-10,-2.0000000000000003E-14,3.2524E-07,-3.2578E-07
-0.11,0.15,1.4236E-09,-8.8171E-10,-8E-13,3.253E-07,-3.2578E-07
-0.10500000000000001,0.15,1.3827E-09,-8.4641000000000008E-10,-5.3000000000000006E-13,3.2524E-07,-3.2578E-07
-0.1,0.15,1.3466E-09,-8.1322000000000011E-10,-4E-13,3.253E-07,-3.2578E-07
-0.095,0.15,1.3158E-09,-7.7524000000000011E-10,3.0000000000000005E-14,3.2528E-07,-3.258E-07
-0.090000000000000011,0.15,1.2766E-09,-7.435400000000001E-10,-5.8000000000000005E-13,3.2526E-07,-3.258E-07
-0.085,0.15,1.2412E-09,-7.1446E-10,-4.7E-13,3.2524E-07,-3.258E-07
-0.08,0.15,1.2193E-09,-6.8344000000000007E-10,-1.4E-13,3.2516E-07,-3.2576E-07
-0.075,0.15,1.1953E-09,-6.5212E-10,-5.9E-13,3.2522E-07,-3.2578E-07
-0.07,0.15,1.1599E-09,-6.2520000000000007E-10,-1.0600000000000001E-12,3.2524E-07,-3.2584E-07
-0.065,0.15,1.1362E-09,-5.9906E-10,3.0000000000000003E-13,3.254E-07,-3.258E-07
-0.060000000000000005,0.15,1.1115E-09,-5.7105E-10,-2.8E-13,3.2534E-07,-3.2582E-07
-0.055,0.15,1.0695E-09,-5.4649E-10,-1.04E-12,3.2528E-07,-3.2578E-07
-0.05,0.15,1.0505E-09,-5.2229000000000006E-10,-7.3E-13,3.2528E-07,-3.2578E-07
-0.045000000000000005,0.15,1.0319E-09,-5.0012E-10,4.5000000000000005E-13,3.2528E-07,-3.2576E-07
-0.04,0.15,1.0087E-09,-4.7547E-10,-5.8000000000000005E-13,3.2526E-07,-3.2582E-07
-0.035,0.15,9.7617000000000016E-10,-4.5536E-10,-4.6000000000000006E-13,3.253E-07,-3.2584E-07
-0.030000000000000002,0.15,9.5462000000000016E-10,-4.3667000000000005E-10,3.0000000000000003E-13,3.2524E-07,-3.2578E-07
-0.025,0.15,9.4119000000000014E-10,-4.1242E-10,-1.1600000000000001E-12,3.2522E-07,-3.2574E-07
-0.02,0.15,9.130900000000001E-10,-3.9503000000000003E-10,-5.1E-13,3.2524E-07,-3.2578E-07
-0.015000000000000001,0.15,8.9702000000000007E-10,-3.7735000000000005E-10,-2.4000000000000004E-13,3.252E-07,-3.2572E-07
-0.01,0.15,8.8380000000000009E-10,-3.5737000000000003E-10,-9.3E-13,3.2522E-07,-3.2574E-07
-0.005,0.15,8.5562000000000009E-10,-3.3924E-10,-1.2400000000000002E-12,3.2518E-07,-3.2574E-07
0,0.15,8.3955000000000006E-10,-3.2366000000000005E-10,-3.8000000000000005E-13,3.2514E-07,-3.2562E-07
0.005,0.15,8.275500000000001E-10,-3.0817000000000003E-10,1.2000000000000002E-13,3.2524E-07,-3.257E-07
0.01,0.15,8.1391E-10,-2.8991000000000004E-10,-1.0600000000000001E-12,3.2516E-07,-3.2566E-07
0.015000000000000001,0.15,7.903300000000001E-10,-2.7600000000000003E-10,-7.7000000000000005E-13,3.2516E-07,-3.2566E-07
0.02,0.15,7.7478000000000009E-10,-2.625E-10,6.0000000000000007E-13,3.251E-07,-3.2562E-07
0.025,0.15,7.67E-10,-2.4647000000000003E-10,-4.9E-13,3.2512E-07,-3.2564E-07
0.030000000000000002,0.15,7.4363E-10,-2.3244000000000003E-10,-9.3E-13,3.2516E-07,-3.257E-07
0.035,0.15,7.2953000000000006E-10,-2.2049E-10,-5.8000000000000005E-13,3.2518E-07,-3.2572E-07
0.04,0.15,7.2104E-10,-2.065E-10,-1.8000000000000002E-13,3.2518E-07,-3.256E-07
0.045000000000000005,0.15,7.0609000000000009E-10,-1.9294E-10,-1.5700000000000002E-12,3.2508E-07,-3.256E-07
0.05,0.15,6.8488E-10,-1.8178000000000002E-10,-5.1E-13,3.2516E-07,-3.2566E-07
0.055,0.15,6.7535E-10,-1.7096000000000002E-10,-4.4000000000000004E-13,3.2514E-07,-3.2562E-07
0.060000000000000005,0.15,6.7522000000000007E-10,-1.5733000000000001E-10,-1.03E-12,3.2518E-07,-3.257E-07
0.065,0.15,6.5575E-10,-1.4679000000000002E-10,-7.3E-13,3.2516E-07,-3.2568E-07
0.07,0.15,6.3935000000000007E-10,-1.3582E-10,-6.8E-13,3.2512E-07,-3.2566E-07
0.075,0.15,6.2979000000000006E-10,-1.2348000000000002E-10,-1E-13,3.2518E-07,-3.257E-07
0.08,0.15,6.1547E-10,-1.1272000000000001E-10,-5.1E-13,3.251E-07,-3.256E-07
0.085,0.15,6.0119000000000007E-10,-1.0465000000000001E-10,2.4000000000000004E-13,3.2516E-07,-3.2558E-07
0.090000000000000011,0.15,5.9581E-10,-9.366E-11,-2.2000000000000002E-13,3.252E-07,-3.2572E-07
0.095,0.15,5.9083E-10,-8.325000000000001E-11,-2.5E-13,3.2516E-07,-3.2566E-07
0.1,0.15,5.7222E-10,-7.485E-11,-6.3E-13,3.252E-07,-3.2566E-07
0.10500000000000001,0.15,5.6063000000000006E-10,-6.692E-11,-2.6E-13,3.2512E-07,-3.2564E-07
0.11,0.15,5.499E-10,-5.488E-11,-2.1000000000000001E-13,3.2518E-07,-3.2566E-07
0.115,0.15,5.3309000000000007E-10,-4.8670000000000005E-11,-1.2400000000000002E-12,3.2514E-07,-3.256E-07
0.12000000000000001,0.15,5.3468000000000006E-10,-4.1240000000000004E-11,-5E-14,3.2512E-07,-3.2562E-07
0.125,0.15,5.2459E-10,-3.215E-11,-2.0000000000000003E-14,3.2512E-07,-3.2566E-07
0.13,0.15,5.1505E-10,-2.4480000000000002E-11,-7E-14,3.2522E-07,-3.257E-07
0.135,0.15,4.9464000000000006E-10,-1.941E-11,-3.5E-13,3.2522E-07,-3.2576E-07
0.14,0.15,4.9747E-10,-1.2570000000000002E-11,0,3.2524E-07,-3.2576E-07
0.14500000000000002,0.15,4.9479E-10,-5.1700000000000008E-12,-9.4E-13,3.2518E-07,-3.2568E-07
0.15,0.15,4.7749000000000007E-10,2.04E-12,-4.2000000000000003E-13,3.2524E-07,-3.2576E-07
0.155,0.15,4.6947E-10,6.8000000000000009E-12,4.4000000000000004E-13,3.2522E-07,-3.2572E-07
0.16,0.15,4.6594E-10,1.489E-11,-1.23E-12,3.2516E-07,-3.2574E-07
0.165,0.15,4.5456000000000003E-10,1.9380000000000002E-11,-4.3000000000000004E-13,3.2518E-07,-3.2558E-07
0.17,0.15,4.4756000000000006E-10,2.38E-11,-7.2000000000000006E-13,3.2516E-07,-3.2562E-07
0.17500000000000002,0.15,4.5048000000000003E-10,2.924E-11,4E-13,3.2506E-07,-3.2552E-07
0.18000000000000002,0.15,4.4192E-10,3.704E-11,-9.000000000000001E-13,3.2506E-07,-3.2556E-07
0.185,0.15,4.4225000000000005E-10,4.068E-11,-1.0600000000000001E-12,3.2518E-07,-3.2562E-07
0.19,0.15,4.3200000000000006E-10,4.5400000000000006E-11,-3.9000000000000005E-13,3.2514E-07,-3.2564E-07
0.195,0.15,4.3895E-10,5.332E-11,-8.8000000000000009E-13,3.2518E-07,-3.2558E-07
0.2,0.15,4.2561000000000004E-10,5.82E-11,-1.2400000000000002E-12,3.2512E-07,-3.2558E-07
0.20500000000000002,0.15,4.177E-10,6.1630000000000011E-11,-2.3000000000000003E-13,3.2512E-07,-3.2566E-07
0.21000000000000002,0.15,4.1615000000000006E-10,6.865E-11,-1.6000000000000003E-13,3.2516E-07,-3.2558E-07
0.215,0.15,4.0052000000000003E-10,7.392E-11,-1.46E-12,3.2516E-07,-3.256E-07
0.22,0.15,3.9429000000000004E-10,7.866E-11,-2.4000000000000004E-13,3.2512E-07,-3.2562E-07
0.225,0.15,3.9147000000000005E-10,8.4190000000000009E-11,3.0000000000000005E-14,3.2512E-07,-3.2562E-07
0.23,0.15,3.9613E-10,9.2290000000000012E-11,-8.300000000000001E-13,3.2508E-07,-3.256E-07
0.23500000000000001,0.15,3.7401000000000004E-10,9.8110000000000011E-11,-1.5000000000000002E-13,3.2516E-07,-3.2558E-07
0.24000000000000002,0.15,3.7371000000000005E-10,1.0355000000000001E-10,-7.8000000000000011E-13,3.2518E-07,-3.2562E-07
0.24500000000000002,0.15,3.6832000000000003E-10,1.1137000000000001E-10,-2.7E-13,3.2514E-07,-3.2562E-07
0.25,0.15,3.5640000000000003E-10,1.1949000000000002E-10,-1.26E-12,3.2512E-07,-3.2558E-07
0.255,0.15,3.499E-10,1.2359E-10,-2.7E-13,3.2512E-07,-3.2554E-07
0.26,0.15,3.4105000000000003E-10,1.3204000000000002E-10,-2.9000000000000003E-13,3.2514E-07,-3.256E-07
0.265,0.15,3.3208E-10,1.4138E-10,-1.2900000000000002E-12,3.2512E-07,-3.2556E-07
0.27,0.15,3.1308E-10,1.4781E-10,-6.3E-13,3.251E-07,-3.2562E-07
0.275,0.15,3.071E-10,1.5548000000000002E-10,-4.0000000000000006E-14,3.2508E-07,-3.2552E-07
0.28,0.15,3.0951E-10,1.6758E-10,-4E-13,3.251E-07,-3.256E-07
0.28500000000000003,0.15,2.694E-10,1.7634E-10,-8.1000000000000008E-13,3.2508E-07,-3.256E-07
0.29000000000000004,0.15,2.6084E-10,1.8404000000000002E-10,-7.9000000000000007E-13,3.2516E-07,-3.2556E-07
0.29500000000000004,0.15,2.5724000000000003E-10,1.9582000000000003E-10,-6.2000000000000008E-13,3.2516E-07,-3.2568E-07
0.3,0.15,2.3766000000000004E-10,2.0777000000000002E-10,-1.13E-12,3.2516E-07,-3.2562E-07
0.305,0.15,2.2231E-10,2.1568000000000002E-10,-5.4E-13,3.2514E-07,-3.256E-07
0.31,0.15,2.1927E-10,2.3005000000000002E-10,9.4E-13,3.2516E-07,-3.2552E-07
0.315,0.15,2.0952000000000002E-10,2.4182E-10,-4.7E-13,3.2518E-07,-3.2562E-07
0.32,0.15,1.8139E-10,2.549E-10,-1.09E-12,3.2506E-07,-3.256E-07
0.325,0.15,1.7195E-10,2.6830000000000005E-10,-9.0000000000000008E-14,3.2514E-07,-3.2562E-07
0.33,0.15,1.6642E-10,2.8348000000000004E-10,5.6E-13,3.2508E-07,-3.255E-07
0.335,0.15,1.4707000000000002E-10,2.9958E-10,-9.7000000000000011E-13,3.251E-07,-3.2552E-07
0.34,0.15,1.2557E-10,3.1277000000000005E-10,6.8E-13,3.2514E-07,-3.2554E-07
0.34500000000000003,0.15,1.1041000000000001E-10,3.2983000000000004E-10,-1.4E-13,3.2518E-07,-3.2562E-07
0.35000000000000003,0.15,9.4250000000000011E-11,3.4929000000000004E-10,-2E-13,3.2516E-07,-3.2564E-07
0.35500000000000004,0.15,6.725E-11,3.6641000000000003E-10,-4.3000000000000004E-13,3.251E-07,-3.2552E-07
0.36000000000000004,0.15,5.087E-11,3.8609E-10,-4.6000000000000006E-13,3.2518E-07,-3.2552E-07
0.365,0.15,3.019E-11,4.1059000000000003E-10,-7E-14,3.2512E-07,-3.2556E-07
0.37,0.15,9.34E-12,4.3259000000000005E-10,-1.22E-12,3.251E-07,-3.2556E-07
0.375,0.15,-1.659E-11,4.5699000000000004E-10,1.1000000000000001E-13,3.2506E-07,-3.2552E-07
0.38,0.15,-4.1460000000000005E-11,4.7959E-10,4.6000000000000006E-13,3.2518E-07,-3.2556E-07
0.385,0.15,-7.254E-11,5.1145E-10,-8.2E-13,3.2512E-07,-3.256E-07
0.39,0.15,-1.0543E-10,5.3548E-10,-1.1000000000000001E-13,3.2518E-07,-3.2556E-07
0.395,0.15,-1.3323000000000002E-10,5.6928E-10,-5.6E-13,3.2514E-07,-3.2556E-07
0.4,0.15,-1.6818E-10,6.049E-10,-2.9000000000000003E-13,3.2506E-07,-3.2554E-07
0.405,0.15,-2.1392000000000002E-10,6.3987000000000009E-10,-1.36E-12,3.2516E-07,-3.2546E-07
0.41000000000000003,0.15,-2.5434E-10,6.7607E-10,7E-14,3.2514E-07,-3.2556E-07
0.41500000000000004,0.15,-2.8741000000000004E-10,7.2052E-10,-6.3E-13,3.2512E-07,-3.2554E-07
0.42000000000000004,0.15,-3.3425E-10,7.623300000000001E-10,2.3000000000000003E-13,3.251E-07,-3.2552E-07
0.42500000000000004,0.15,-3.8194000000000003E-10,8.104E-10,-3.6000000000000003E-13,3.2512E-07,-3.255E-07
0.43,0.15,-4.2677E-10,8.6073000000000009E-10,-3.6000000000000003E-13,3.2506E-07,-3.255E-07
0.435,0.15,-4.8111E-10,9.1457000000000008E-10,-1.0600000000000001E-12,3.2512E-07,-3.2556E-07
0.44,0.15,-5.4454000000000007E-10,9.6811E-10,-7.2000000000000006E-13,3.2506E-07,-3.2554E-07
0.445,0.15,-6.0225000000000007E-10,1.0272500000000002E-09,-3.7000000000000004E-13,3.251E-07,-3.2554E-07
0.45,0.15,-6.6275E-10,1.0925800000000002E-09,-7.6000000000000009E-13,3.2514E-07,-3.2554E-07
0.455,0.15,-7.3319E-10,1.1588E-09,-1.1100000000000001E-12,3.251E-07,-3.255E-07
0.46,0.15,-8.0629E-10,1.2262E-09,-8.1000000000000008E-13,3.2506E-07,-3.2546E-07
0.465,0.15,-8.8062000000000011E-10,1.2995E-09,-7.7000000000000005E-13,3.2518E-07,-3.2556E-07
0.47000000000000003,0.15,-9.5761000000000017E-10,1.3797E-09,-6.1E-13,3.2516E-07,-3.2558E-07
0.47500000000000003,0.15,-1.03731E-09,1.4592E-09,-1.14E-12,3.2514E-07,-3.256E-07
0.48000000000000004,0.15,-1.12415E-09,1.5454E-09,-4.5000000000000005E-13,3.2512E-07,-3.2554E-07
0.48500000000000004,0.15,-1.2279E-09,1.6349E-09,-4.1E-13,3.2506E-07,-3.2548E-07
0.49000000000000005,0.15,-1.3113E-09,1.7331E-09,-6.8E-13,3.2506E-07,-3.2552E-07
0.49500000000000005,0.15,-1.4147E-09,1.8343E-09,-8.8000000000000009E-13,3.251E-07,-3.256E-07
0.5,0.15,-1.5235E-09,1.9399E-09,-1.41E-12,3.251E-07,-3.2554E-07
0.505,0.15,-1.6349E-09,2.0495E-09,-1.02E-12,3.2512E-07,-3.255E-07
0.51,0.15,-1.7431E-09,2.1701E-09,-1.7E-13,3.251E-07,-3.2548E-07
0.515,0.15,-1.8726E-09,2.2953E-09,-1.1900000000000002E-12,3.2506E-07,-3.255E-07
0.52,0.15,-1.9995E-09,2.4262E-09,-5.3000000000000006E-13,3.2512E-07,-3.2556E-07
0.525,0.15,-2.1273E-09,2.5616E-09,-4.3000000000000004E-13,3.252E-07,-3.2554E-07
0.53,0.15,-2.262E-09,2.707E-09,-1.2400000000000002E-12,3.2512E-07,-3.2554E-07
0.535,0.15,-2.4225E-09,2.854E-09,-1.14E-12,3.2504E-07,-3.2554E-07
0.54,0.15,-2.587E-09,3.0113E-09,-3.6000000000000003E-13,3.2518E-07,-3.2554E-07
0.545,0.15,-2.7444E-09,3.1773E-09,3.0000000000000005E-14,3.2512E-07,-3.2554E-07
0.55,0.15,-2.9163E-09,3.3551E-09,-8.4000000000000006E-13,3.2504E-07,-3.2554E-07
0.555,0.15,-3.1069E-09,3.5347E-09,-1.1000000000000001E-13,3.2508E-07,-3.2554E-07
0.56,0.15,-3.2963E-09,3.7253E-09,2.0000000000000003E-14,3.2514E-07,-3.2556E-07
0.56500000000000006,0.15,-3.4925E-09,3.9269E-09,-9.8E-13,3.2514E-07,-3.255E-07
0.57000000000000006,0.15,-3.7093E-09,4.1416E-09,-1.4E-12,3.251E-07,-3.2544E-07
0.57500000000000007,0.15,-3.9403E-09,4.3631E-09,-9.0000000000000008E-14,3.251E-07,-3.2554E-07
0.58000000000000007,0.15,-4.1661E-09,4.5915E-09,4E-13,3.2508E-07,-3.2548E-07
0.58500000000000008,0.15,-4.4012E-09,4.836E-09,4E-13,3.2512E-07,-3.255E-07
0.59000000000000008,0.15,-4.6683E-09,5.0942E-09,-3.3E-13,3.2516E-07,-3.255E-07
0.595,0.15,-4.9316E-09,5.3545E-09,-1.08E-12,3.2506E-07,-3.2548E-07
0.6,0.15,-5.2037E-09,5.6349E-09,4.0000000000000006E-14,3.2514E-07,-3.2548E-07
0.605,0.15,-5.4939E-09,5.9257E-09,-1.6300000000000001E-12,3.2516E-07,-3.2554E-07
0.61,0.15,-5.8012E-09,6.2252E-09,-2.6E-13,3.2518E-07,-3.2554E-07
0.615,0.15,-6.1169E-09,6.5417E-09,-7.3E-13,3.2518E-07,-3.256E-07
0.62,0.15,-6.4376E-09,6.8714E-09,-7.6000000000000009E-13,3.251E-07,-3.2556E-07
0.625,0.15,-6.7897E-09,7.2152E-09,-1.8200000000000003E-12,3.252E-07,-3.2558E-07
0.63,0.15,-7.1714E-09,7.5935E-09,-4.9E-13,3.251E-07,-3.2554E-07
0.635,0.15,-7.5173E-09,7.9505E-09,3.4E-13,3.2514E-07,-3.2554E-07
0.64,0.15,-7.9126E-09,8.3534E-09,-4.7E-13,3.2522E-07,-3.2562E-07
0.645,0.15,-8.3251E-09,8.7439E-09,-3.0000000000000003E-13,3.252E-07,-3.2562E-07
0.65,0.15,-8.7749E-09,9.1634E-09,-4.8000000000000008E-13,3.2516E-07,-3.2556E-07
0.655,0.15,-9.1835E-09,9.6147E-09,-1.7E-13,3.2508E-07,-3.2548E-07
0.66,0.15,-9.6637E-09,1.00739E-08,-5E-13,3.2512E-07,-3.2554E-07
0.665,0.15,-1.01494E-08,1.05369E-08,-1.5E-12,3.2506E-07,-3.2552E-07
0.67,0.15,-1.06433E-08,1.1041E-08,5.2E-13,3.251E-07,-3.2556E-07
0.675,0.15,-1.11442E-08,1.1557399999999999E-08,-7E-13,3.2512E-07,-3.2548E-07
0.68,0.15,-1.1681999999999998E-08,1.2101399999999999E-08,-1.03E-12,3.2516E-07,-3.2558E-07
0.685,0.15,-1.22516E-08,1.2656E-08,-1.1000000000000002E-12,3.2504E-07,-3.255E-07
0.69000000000000006,0.15,-1.2849599999999999E-08,1.3250999999999999E-08,-4E-13,3.2514E-07,-3.2546E-07
0.69500000000000006,0.15,-1.3428E-08,1.3851799999999998E-08,-3.5E-13,3.2508E-07,-3.2546E-07
0.70000000000000007,0.15,-1.4089599999999999E-08,1.4487799999999998E-08,-8.7E-13,3.251E-07,-3.255E-07
0.70500000000000007,0.15,-1.4719799999999998E-08,1.5137599999999998E-08,-1.0100000000000001E-12,3.2506E-07,-3.2554E-07
0.71000000000000008,0.15,-1.54068E-08,1.5830999999999998E-08,2.8E-13,3.251E-07,-3.2556E-07
0.71500000000000008,0.15,-1.6119999999999998E-08,1.65328E-08,-7.3E-13,3.251E-07,-3.255E-07
0.72000000000000008,0.15,-1.6862E-08,1.72896E-08,-8.9E-13,3.2506E-07,-3.2546E-07
0.72500000000000009,0.15,-1.7645199999999998E-08,1.8051799999999998E-08,-1.5800000000000001E-12,3.251E-07,-3.2548E-07
0.73,0.15,-1.84402E-08,1.8857599999999997E-08,-1.74E-12,3.2504E-07,-3.255E-07
0.735,0.15,-1.9290999999999997E-08,1.96966E-08,-3.5E-13,3.2506E-07,-3.2542E-07
0.74,0.15,-2.0125999999999998E-08,2.05412E-08,-9.3E-13,3.2512E-07,-3.2554E-07
0.745,0.15,-2.10588E-08,2.1459199999999998E-08,-9.9E-13,3.2512E-07,-3.2554E-07
0.75,0.15,-2.1995199999999997E-08,2.24156E-08,-3.3E-13,3.251E-07,-3.255E-07
0.755,0.15,-2.2969199999999996E-08,2.3386399999999997E-08,-1.0500000000000002E-12,3.2506E-07,-3.2554E-07
0.76,0.15,-2.39982E-08,2.44094E-08,-2.1000000000000001E-13,3.2512E-07,-3.2546E-07
0.765,0.15,-2.5052599999999998E-08,2.5479199999999997E-08,-7.100000000000001E-13,3.2512E-07,-3.2554E-07
0.77,0.15,-2.6176399999999997E-08,2.6598399999999996E-08,-3.0000000000000003E-13,3.2508E-07,-3.255E-07
0.775,0.15,-2.7326399999999998E-08,2.7758999999999997E-08,-4.7E-13,3.252E-07,-3.255E-07
0.78,0.15,-2.8531999999999997E-08,2.8972799999999997E-08,-4.3000000000000004E-13,3.2516E-07,-3.2558E-07
0.785,0.15,-2.9798599999999996E-08,3.0216799999999994E-08,6.1E-13,3.2514E-07,-3.2552E-07
0.79,0.15,-3.1137599999999996E-08,3.1563599999999996E-08,3.5E-13,3.2516E-07,-3.2554E-07
0.795,0.15,-3.25022E-08,3.29284E-08,-3.1000000000000004E-13,3.2516E-07,-3.2562E-07
0.8,0.15,-3.3919599999999994E-08,3.4350999999999994E-08,2.5E-13,3.2518E-07,-3.2556E-07
0.805,0.15,-3.544E-08,3.5855E-08,-1.9000000000000002E-13,3.2522E-07,-3.255E-07
0.81,0.15,-3.69728E-08,3.74022E-08,-1.4E-13,3.2522E-07,-3.2556E-07
0.81500000000000006,0.15,-3.8641599999999994E-08,3.90678E-08,-2.6E-13,3.2522E-07,-3.2554E-07
0.82000000000000006,0.15,-4.03294E-08,4.0739199999999996E-08,-8.8000000000000009E-13,3.2512E-07,-3.255E-07
0.82500000000000007,0.15,-4.2111399999999994E-08,4.25218E-08,-6.3E-13,3.2516E-07,-3.255E-07
0.83000000000000007,0.15,-4.39654E-08,4.4395599999999994E-08,-3.1000000000000004E-13,3.251E-07,-3.2556E-07
0.83500000000000008,0.15,-4.5917399999999995E-08,4.6335399999999993E-08,-7E-14,3.2516E-07,-3.256E-07
0.84000000000000008,0.15,-4.7946399999999993E-08,4.83638E-08,-8.4000000000000006E-13,3.2512E-07,-3.2554E-07
0.84500000000000008,0.15,-5.0083999999999994E-08,5.0514999999999993E-08,-5E-13,3.252E-07,-3.2552E-07
0.85000000000000009,0.15,-5.2315799999999993E-08,5.27102E-08,-5.3000000000000006E-13,3.252E-07,-3.256E-07
0.85500000000000009,0.15,-5.4639599999999996E-08,5.5048199999999995E-08,-7.5E-13,3.2522E-07,-3.256E-07
0.86,0.15,-5.7039999999999993E-08,5.7482199999999996E-08,-8.6000000000000007E-13,3.2522E-07,-3.2562E-07
0.865,0.15,-5.9651399999999991E-08,6.0057199999999991E-08,-4.6000000000000006E-13,3.2522E-07,-3.2554E-07
0.87,0.15,-6.2300399999999991E-08,6.2705999999999993E-08,-5.4E-13,3.2512E-07,-3.256E-07
0.875,0.15,-6.50976E-08,6.5466599999999991E-08,-1.69E-12,3.2518E-07,-3.2562E-07
0.88,0.15,-6.8031199999999993E-08,6.8433799999999992E-08,-8.4000000000000006E-13,3.2518E-07,-3.255E-07
0.885,0.15,-7.108179999999999E-08,7.1490599999999993E-08,-2.1000000000000001E-13,3.2522E-07,-3.2564E-07
0.89,0.15,-7.43142E-08,7.4696E-08,-4.5000000000000005E-13,3.2516E-07,-3.2556E-07
0.895,0.15,-7.7637199999999993E-08,7.80482E-08,-1.0600000000000001E-12,3.251E-07,-3.255E-07
0.9,0.15,-8.1209599999999989E-08,8.1602199999999989E-08,-1.31E-12,3.2512E-07,-3.2548E-07
-0.3,0.3,7.6951E-09,-9.0207E-09,1E-13,3.2522E-07,-3.2364E-07
-0.29500000000000004,0.3,7.289E-09,-8.5408E-09,-7.6000000000000009E-13,3.2514E-07,-3.2386E-07
-0.29000000000000004,0.3,7.0837E-09,-8.0827E-09,-7E-14,3.2506E-07,-3.2418E-07
-0.28500000000000003,0.3,6.905E-09,-7.674E-09,-7.3E-13,3.2514E-07,-3.2438E-07
-0.28,0.3,6.7365E-09,-7.2935E-09,2.0000000000000003E-14,3.2512E-07,-3.2452E-07
-0.275,0.3,6.5768E-09,-6.9443E-09,-4.6000000000000006E-13,3.2512E-07,-3.2476E-07
-0.27,0.3,6.4331E-09,-6.6168E-09,-6.2000000000000008E-13,3.2516E-07,-3.2486E-07
-0.265,0.3,6.2786E-09,-6.3166E-09,-2.3000000000000003E-13,3.2514E-07,-3.2514E-07
-0.26,0.3,6.1511E-09,-6.0416E-09,-2E-13,3.251E-07,-3.2522E-07
-0.255,0.3,6.0204E-09,-5.7801E-09,-1.23E-12,3.2506E-07,-3.2536E-07
-0.25,0.3,5.889E-09,-5.5404E-09,-1.2900000000000002E-12,3.2514E-07,-3.2544E-07
-0.24500000000000002,0.3,5.7592E-09,-5.3159E-09,-1.1000000000000001E-13,3.2504E-07,-3.2554E-07
-0.24000000000000002,0.3,5.6518E-09,-5.107E-09,-3.0000000000000005E-14,3.2512E-07,-3.256E-07
-0.23500000000000001,0.3,5.5362999999999996E-09,-4.9232E-09,-1.1500000000000002E-12,3.2504E-07,-3.2568E-07
-0.23,0.3,5.411E-09,-4.7218E-09,-9.9E-13,3.2508E-07,-3.2578E-07
-0.225,0.3,5.3043E-09,-4.5486E-09,-3.7000000000000004E-13,3.2514E-07,-3.2588E-07
-0.22,0.3,5.2072E-09,-4.3839E-09,-1E-13,3.2508E-07,-3.2594E-07
-0.215,0.3,5.1048E-09,-4.2295E-09,-1.0100000000000001E-12,3.251E-07,-3.26E-07
-0.21000000000000002,0.3,4.9936E-09,-4.0828E-09,-8.0000000000000013E-14,3.2506E-07,-3.26E-07
-0.20500000000000002,0.3,4.895E-09,-3.9408E-09,2.9000000000000003E-13,3.2504E-07,-3.2592E-07
-0.2,0.3,4.802E-09,-3.8082E-09,-1.03E-12,3.2514E-07,-3.2617999999999997E-07
-0.195,0.3,4.7012E-09,-3.6834E-09,-7E-13,3.2512E-07,-3.2614E-07
-0.19,0.3,4.6004E-09,-3.5659E-09,2.9000000000000003E-13,3.2512E-07,-3.2612E-07
-0.185,0.3,4.521E-09,-3.4491E-09,1.2000000000000002E-13,3.2508E-07,-3.2614E-07
-0.18000000000000002,0.3,4.433E-09,-3.3377E-09,-9.8E-13,3.25E-07,-3.2608E-07
-0.17500000000000002,0.3,4.336E-09,-3.2338E-09,-6.2000000000000008E-13,3.25E-07,-3.2616E-07
-0.17,0.3,4.2531E-09,-3.1339E-09,-6.6E-13,3.2502E-07,-3.2614E-07
-0.165,0.3,4.1775E-09,-3.0355E-09,-1.4E-13,3.2504E-07,-3.2612E-07
-0.16,0.3,4.0904E-09,-2.9422E-09,-7.4000000000000008E-13,3.2508E-07,-3.2624E-07
-0.155,0.3,4.0149E-09,-2.8549E-09,1.5000000000000002E-13,3.2506E-07,-3.2628E-07
-0.15,0.3,3.9396E-09,-2.7675E-09,-1.09E-12,3.2512E-07,-3.263E-07
-0.14500000000000002,0.3,3.8636E-09,-2.6814E-09,-9.000000000000001E-13,3.2516E-07,-3.2634E-07
-0.14,0.3,3.7878E-09,-2.6015E-09,-6.5000000000000006E-13,3.2512E-07,-3.2631999999999997E-07
-0.135,0.3,3.7144E-09,-2.5247E-09,-1.7E-13,3.2512E-07,-3.2631999999999997E-07
-0.13,0.3,3.6439E-09,-2.4481E-09,1.1000000000000001E-13,3.2512E-07,-3.2638E-07
-0.125,0.3,3.5728E-09,-2.3732E-09,-6.0000000000000007E-13,3.2504E-07,-3.2626E-07
-0.12000000000000001,0.3,3.4961E-09,-2.304E-09,-1.5000000000000002E-13,3.2514E-07,-3.2631999999999997E-07
-0.115,0.3,3.4294999999999998E-09,-2.2347E-09,-1.8000000000000002E-13,3.2512E-07,-3.2626E-07
-0.11,0.3,3.3733E-09,-2.1676E-09,-2.1000000000000001E-13,3.2512E-07,-3.2634E-07
-0.10500000000000001,0.3,3.3033E-09,-2.0985E-09,-1.37E-12,3.251E-07,-3.2626E-07
-0.1,0.3,3.2365E-09,-2.0373E-09,-7.100000000000001E-13,3.2506E-07,-3.2622E-07
-0.095,0.3,3.1772E-09,-1.9765E-09,1.4E-13,3.2512E-07,-3.2642E-07
-0.090000000000000011,0.3,3.1193E-09,-1.913E-09,-3.0000000000000003E-13,3.2504E-07,-3.2622E-07
-0.085,0.3,3.0494E-09,-1.8551E-09,-8.2E-13,3.251E-07,-3.263E-07
-0.08,0.3,2.9946E-09,-1.799E-09,-4.2000000000000003E-13,3.2506E-07,-3.2626E-07
-0.075,0.3,2.9467999999999998E-09,-1.7429E-09,1.7E-13,3.251E-07,-3.2622E-07
-0.07,0.3,2.8889E-09,-1.6876E-09,-1.21E-12,3.2502E-07,-3.2624E-07
-0.065,0.3,2.8298E-09,-1.6342E-09,-9.9E-13,3.25E-07,-3.2624E-07
-0.060000000000000005,0.3,2.7797E-09,-1.5849E-09,-8.8000000000000009E-13,3.2512E-07,-3.2631999999999997E-07
-0.055,0.3,2.732E-09,-1.5324E-09,-1.0000000000000002E-14,3.2506E-07,-3.2624E-07
-0.05,0.3,2.6791E-09,-1.4831E-09,-1.27E-12,3.2506E-07,-3.2624E-07
-0.045000000000000005,0.3,2.614E-09,-1.4373E-09,-5.1E-13,3.2498E-07,-3.2626E-07
-0.04,0.3,2.5731E-09,-1.3901E-09,2.0000000000000003E-14,3.2502E-07,-3.2624E-07
-0.035,0.3,2.5329E-09,-1.3426E-09,-1.3800000000000002E-12,3.2506E-07,-3.262E-07
-0.030000000000000002,0.3,2.4854E-09,-1.2983E-09,-1.0100000000000001E-12,3.251E-07,-3.2626E-07
-0.025,0.3,2.4345E-09,-1.2572E-09,-5.6E-13,3.2504E-07,-3.2622E-07
-0.02,0.3,2.4011E-09,-1.2159E-09,-4E-13,3.2512E-07,-3.2624E-07
-0.015000000000000001,0.3,2.3553E-09,-1.1708E-09,-1E-12,3.2506E-07,-3.2631999999999997E-07
-0.01,0.3,2.3107E-09,-1.1327E-09,-6.6E-13,3.25E-07,-3.2617999999999997E-07
-0.005,0.3,2.2672E-09,-1.0934E-09,2.0000000000000003E-14,3.25E-07,-3.262E-07
0,0.3,2.2362E-09,-1.0525E-09,-1.2000000000000002E-13,3.2504E-07,-3.2624E-07
0.005,0.3,2.1926E-09,-1.0166E-09,-5.9E-13,3.2504E-07,-3.2617999999999997E-07
0.01,0.3,2.1499E-09,-9.8349E-10,-7E-13,3.2512E-07,-3.2624E-07
0.015000000000000001,0.3,2.1245E-09,-9.432E-10,0,3.2522E-07,-3.263E-07
0.02,0.3,2.0823E-09,-9.0949E-10,-1.18E-12,3.2514E-07,-3.2636E-07
0.025,0.3,2.0468E-09,-8.762200000000001E-10,-1.1500000000000002E-12,3.2516E-07,-3.263E-07
0.030000000000000002,0.3,2.0079E-09,-8.4403E-10,-3.0000000000000003E-13,3.2518E-07,-3.2631999999999997E-07
0.035,0.3,1.9773E-09,-8.1066000000000007E-10,-4.3000000000000004E-13,3.2512E-07,-3.2631999999999997E-07
0.04,0.3,1.9468E-09,-7.7949000000000007E-10,-1.73E-12,3.251E-07,-3.2626E-07
0.045000000000000005,0.3,1.912E-09,-7.5051E-10,-6.400000000000001E-13,3.2516E-07,-3.263E-07
0.05,0.3,1.8908E-09,-7.2103E-10,-1.3E-13,3.2516E-07,-3.263E-07
0.055,0.3,1.8607E-09,-6.890600000000001E-10,-1.2800000000000002E-12,3.2512E-07,-3.2631999999999997E-07
0.060000000000000005,0.3,1.8319E-09,-6.6391E-10,-6.3E-13,3.2516E-07,-3.263E-07
0.065,0.3,1.8152E-09,-6.3883000000000006E-10,-3.4E-13,3.251E-07,-3.2631999999999997E-07
0.07,0.3,1.7892E-09,-6.087500000000001E-10,-1.37E-12,3.2508E-07,-3.263E-07
0.075,0.3,1.7478E-09,-5.8481000000000007E-10,-1.46E-12,3.2506E-07,-3.2624E-07
0.08,0.3,1.7297E-09,-5.5878E-10,-2.4000000000000004E-13,3.2508E-07,-3.2624E-07
0.085,0.3,1.7084E-09,-5.3699E-10,7.7000000000000005E-13,3.2512E-07,-3.263E-07
0.090000000000000011,0.3,1.6822E-09,-5.107E-10,-1.91E-12,3.2508E-07,-3.2622E-07
0.095,0.3,1.6507E-09,-4.8970000000000008E-10,-4.8000000000000008E-13,3.2506E-07,-3.2622E-07
0.1,0.3,1.6296E-09,-4.6969000000000006E-10,-3.5E-13,3.251E-07,-3.262E-07
0.10500000000000001,0.3,1.615E-09,-4.4618000000000006E-10,-8.5000000000000011E-13,3.2506E-07,-3.2616E-07
0.11,0.3,1.5942E-09,-4.2679000000000003E-10,-1.04E-12,3.25E-07,-3.262E-07
0.115,0.3,1.5661E-09,-4.0800000000000004E-10,-1.09E-12,3.251E-07,-3.262E-07
0.12000000000000001,0.3,1.5445E-09,-3.8956000000000005E-10,4.0000000000000006E-14,3.2506E-07,-3.262E-07
0.125,0.3,1.5325E-09,-3.6842E-10,-4.6000000000000006E-13,3.2508E-07,-3.2617999999999997E-07
0.13,0.3,1.506E-09,-3.5020000000000004E-10,-4.2000000000000003E-13,3.2504E-07,-3.2617999999999997E-07
0.135,0.3,1.4833E-09,-3.3525E-10,-2.0000000000000003E-14,3.2508E-07,-3.2616E-07
0.14,0.3,1.4765E-09,-3.1680000000000003E-10,2.3000000000000003E-13,3.251E-07,-3.2617999999999997E-07
0.14500000000000002,0.3,1.4676E-09,-2.9899E-10,-3.3E-13,3.2508E-07,-3.2624E-07
0.15,0.3,1.4404E-09,-2.8506000000000005E-10,-7.5E-13,3.2506E-07,-3.2616E-07
0.155,0.3,1.4294E-09,-2.7039000000000004E-10,-5.5000000000000008E-13,3.2512E-07,-3.263E-07
0.16,0.3,1.4245E-09,-2.5412E-10,-5.2E-13,3.2508E-07,-3.2624E-07
0.165,0.3,1.4004E-09,-2.3976E-10,-1.79E-12,3.2502E-07,-3.262E-07
0.17,0.3,1.3857E-09,-2.2835000000000002E-10,-2.4000000000000004E-13,3.251E-07,-3.2624E-07
0.17500000000000002,0.3,1.3784E-09,-2.1384E-10,-4.7E-13,3.2504E-07,-3.262E-07
0.18000000000000002,0.3,1.3721E-09,-2.001E-10,-1.73E-12,3.2506E-07,-3.2626E-07
0.185,0.3,1.3445E-09,-1.8862000000000002E-10,-7E-13,3.2506E-07,-3.262E-07
0.19,0.3,1.3383E-09,-1.7924000000000002E-10,5.1E-13,3.2504E-07,-3.2624E-07
0.195,0.3,1.3359E-09,-1.6461000000000001E-10,-8.9E-13,3.251E-07,-3.2624E-07
0.2,0.3,1.3166E-09,-1.5377E-10,-1.46E-12,3.2508E-07,-3.2626E-07
0.20500000000000002,0.3,1.3017E-09,-1.4487E-10,-5.1E-13,3.2512E-07,-3.2624E-07
0.21000000000000002,0.3,1.2991E-09,-1.3503E-10,-5.4E-13,3.251E-07,-3.2622E-07
0.215,0.3,1.2897E-09,-1.2227E-10,-8.6000000000000007E-13,3.251E-07,-3.2624E-07
0.22,0.3,1.2769E-09,-1.1622000000000001E-10,-5.1E-13,3.2504E-07,-3.2617999999999997E-07
0.225,0.3,1.2719E-09,-1.0665000000000001E-10,-3.8000000000000005E-13,3.2508E-07,-3.262E-07
0.23,0.3,1.2675E-09,-9.686E-11,-5.5000000000000008E-13,3.2508E-07,-3.2631999999999997E-07
0.23500000000000001,0.3,1.2518E-09,-8.7740000000000012E-11,-1.09E-12,3.251E-07,-3.2624E-07
0.24000000000000002,0.3,1.2403E-09,-7.881000000000001E-11,4.0000000000000006E-14,3.2508E-07,-3.2624E-07
0.24500000000000002,0.3,1.2376E-09,-7.2410000000000012E-11,2E-13,3.25E-07,-3.2624E-07
0.25,0.3,1.2306E-09,-5.9680000000000007E-11,-4.1E-13,3.2506E-07,-3.2617999999999997E-07
0.255,0.3,1.2175E-09,-5.579E-11,-4.6000000000000006E-13,3.2504E-07,-3.262E-07
0.26,0.3,1.2107E-09,-4.7990000000000007E-11,9.0000000000000008E-14,3.251E-07,-3.2622E-07
0.265,0.3,1.2072E-09,-3.9570000000000005E-11,7E-13,3.2512E-07,-3.2622E-07
0.27,0.3,1.188E-09,-3.2030000000000005E-11,-1.27E-12,3.2514E-07,-3.2626E-07
0.275,0.3,1.1837E-09,-2.7010000000000002E-11,3.1000000000000004E-13,3.2504E-07,-3.262E-07
0.28,0.3,1.186E-09,-1.8760000000000002E-11,-4.3000000000000004E-13,3.2506E-07,-3.2624E-07
0.28500000000000003,0.3,1.1718E-09,-1.262E-11,1.6000000000000003E-13,3.25E-07,-3.2617999999999997E-07
0.29000000000000004,0.3,1.158E-09,-5.1500000000000005E-12,-1.1100000000000001E-12,3.2498E-07,-3.2622E-07
0.29500000000000004,0.3,1.1562E-09,-3.8000000000000005E-13,-2.4000000000000004E-13,3.2506E-07,-3.2617999999999997E-07
0.3,0.3,1.156E-09,6.0600000000000004E-12,4.0000000000000006E-14,3.2502E-07,-3.2614E-07
0.305,0.3,1.1499E-09,1.4290000000000002E-11,-1.7700000000000001E-12,3.251E-07,-3.2622E-07
0.31,0.3,1.1373E-09,1.624E-11,-7.2000000000000006E-13,3.2506E-07,-3.2626E-07
0.315,0.3,1.1332E-09,2.3320000000000003E-11,-3.6000000000000003E-13,3.251E-07,-3.2622E-07
0.32,0.3,1.1269E-09,2.9440000000000004E-11,-7.2000000000000006E-13,3.251E-07,-3.2626E-07
0.325,0.3,1.1166E-09,3.416E-11,-5.2E-13,3.251E-07,-3.2626E-07
0.33,0.3,1.1264E-09,3.7240000000000005E-11,-6.8E-13,3.2508E-07,-3.2617999999999997E-07
0.335,0.3,1.1127E-09,4.348E-11,-3.2000000000000005E-13,3.2506E-07,-3.2617999999999997E-07
0.34,0.3,1.1006E-09,5.2610000000000006E-11,-1.6100000000000002E-12,3.25E-07,-3.2612E-07
0.34500000000000003,0.3,1.0869E-09,5.3040000000000005E-11,-8E-13,3.2508E-07,-3.2617999999999997E-07
0.35000000000000003,0.3,1.0862E-09,5.7440000000000004E-11,-9.7000000000000011E-13,3.2506E-07,-3.262E-07
0.35500000000000004,0.3,1.079E-09,6.573E-11,-6.400000000000001E-13,3.2514E-07,-3.2622E-07
0.36000000000000004,0.3,1.0759E-09,6.951E-11,-9.000000000000001E-13,3.2498E-07,-3.262E-07
0.365,0.3,1.0999E-09,7.4400000000000009E-11,-4.9E-13,3.2506E-07,-3.2628E-07
0.37,0.3,1.1035E-09,7.9530000000000009E-11,9.0000000000000008E-14,3.2504E-07,-3.2624E-07
0.375,0.3,1.088E-09,8.635E-11,-6.9000000000000009E-13,3.2506E-07,-3.2624E-07
0.38,0.3,1.076E-09,9.151E-11,7E-14,3.2506E-07,-3.2626E-07
0.385,0.3,1.0718E-09,9.7140000000000013E-11,-3.4E-13,3.2506E-07,-3.263E-07
0.39,0.3,1.0763E-09,1.0405E-10,-1E-13,3.2506E-07,-3.2622E-07
0.395,0.3,1.0571E-09,1.1127000000000001E-10,-1.1900000000000002E-12,3.2504E-07,-3.2626E-07
0.4,0.3,1.0512E-09,1.1608000000000001E-10,-3.7000000000000004E-13,3.2506E-07,-3.2617999999999997E-07
0.405,0.3,1.0454E-09,1.2556E-10,2.8E-13,3.2504E-07,-3.2626E-07
0.41000000000000003,0.3,1.0378E-09,1.3243E-10,-1.09E-12,3.2504E-07,-3.2617999999999997E-07
0.41500000000000004,0.3,1.0205E-09,1.3870000000000002E-10,2.9000000000000003E-13,3.2506E-07,-3.2626E-07
0.42000000000000004,0.3,1.0189E-09,1.4647E-10,1.2000000000000002E-13,3.251E-07,-3.2628E-07
0.42500000000000004,0.3,1.0149E-09,1.5609E-10,-1.3000000000000001E-12,3.251E-07,-3.2628E-07
0.43,0.3,1.0004E-09,1.6626E-10,-1.8400000000000002E-12,3.2504E-07,-3.2617999999999997E-07
0.435,0.3,9.825E-10,1.7143000000000002E-10,1.4E-13,3.251E-07,-3.2617999999999997E-07
0.44,0.3,9.772E-10,1.8334E-10,-1.0100000000000001E-12,3.2504E-07,-3.2626E-07
0.445,0.3,9.7537000000000012E-10,1.9195000000000002E-10,2.5E-13,3.2504E-07,-3.2614E-07
0.45,0.3,9.5915000000000015E-10,2.0288000000000003E-10,-1.0000000000000002E-14,3.2504E-07,-3.2614E-07
0.455,0.3,9.4327E-10,2.1511000000000002E-10,-1.14E-12,3.2506E-07,-3.2626E-07
0.46,0.3,9.285E-10,2.23E-10,7.3E-13,3.25E-07,-3.2624E-07
0.465,0.3,9.1306E-10,2.3724E-10,-6.8E-13,3.2508E-07,-3.2622E-07
0.47000000000000003,0.3,9.0353000000000008E-10,2.4921E-10,-7E-13,3.2506E-07,-3.2622E-07
0.47500000000000003,0.3,8.8441E-10,2.6226000000000003E-10,-1.5000000000000002E-13,3.2504E-07,-3.262E-07
0.48000000000000004,0.3,8.7337000000000006E-10,2.7503000000000003E-10,-3.0000000000000003E-13,3.2506E-07,-3.262E-07
0.48500000000000004,0.3,8.6276E-10,2.9181E-10,-6.5000000000000006E-13,3.2508E-07,-3.2617999999999997E-07
0.49000000000000005,0.3,8.458700000000001E-10,3.0643000000000005E-10,-1.1000000000000002E-12,3.2506E-07,-3.262E-07
0.49500000000000005,0.3,8.2324E-10,3.2009000000000003E-10,4.5000000000000005E-13,3.2506E-07,-3.2617999999999997E-07
0.5,0.3,8.1648000000000006E-10,3.3906E-10,2.9000000000000003E-13,3.2512E-07,-3.262E-07
0.505,0.3,7.9721000000000008E-10,3.5727000000000005E-10,-7.9000000000000007E-13,3.2506E-07,-3.2617999999999997E-07
0.51,0.3,7.6553E-10,3.7342000000000004E-10,-4.3000000000000004E-13,3.2506E-07,-3.262E-07
0.515,0.3,7.5031000000000007E-10,3.951E-10,-4.2000000000000003E-13,3.251E-07,-3.2634E-07
0.52,0.3,7.271600000000001E-10,4.1514000000000003E-10,-1.1000000000000002E-12,3.25E-07,-3.2617999999999997E-07
0.525,0.3,6.9830000000000006E-10,4.3802000000000005E-10,-4.2000000000000003E-13,3.2504E-07,-3.2616E-07
0.53,0.3,6.8027000000000007E-10,4.5997E-10,8.9E-13,3.2504E-07,-3.262E-07
0.535,0.3,6.6438E-10,4.8662E-10,-3.0000000000000005E-14,3.2498E-07,-3.2612E-07
0.54,0.3,6.2594E-10,5.152E-10,-6.400000000000001E-13,3.2502E-07,-3.2614E-07
0.545,0.3,5.9791000000000006E-10,5.4232E-10,-2.1000000000000001E-13,3.2506E-07,-3.262E-07
0.55,0.3,5.6935E-10,5.7252E-10,-2.2000000000000002E-13,3.251E-07,-3.2617999999999997E-07
0.555,0.3,5.3563E-10,6.0708E-10,-1.2800000000000002E-12,3.2502E-07,-3.2614E-07
0.56,0.3,4.9729E-10,6.4035000000000007E-10,-3.4E-13,3.2502E-07,-3.2614E-07
0.56500000000000006,0.3,4.6539000000000003E-10,6.7885000000000009E-10,1.9000000000000002E-13,3.2502E-07,-3.262E-07
0.57000000000000006,0.3,4.1847000000000006E-10,7.2081E-10,-8.4000000000000006E-13,3.25E-07,-3.2617999999999997E-07
0.57500000000000007,0.3,3.6859E-10,7.6263000000000008E-10,-1.26E-12,3.2504E-07,-3.262E-07
0.58000000000000007,0.3,3.1800000000000004E-10,8.0874E-10,-7.2000000000000006E-13,3.2502E-07,-3.2624E-07
0.58500000000000008,0.3,2.8298000000000004E-10,8.5972000000000011E-10,-3.8000000000000005E-13,3.251E-07,-3.2624E-07
0.59000000000000008,0.3,2.2656000000000002E-10,9.140900000000001E-10,-1.41E-12,3.2506E-07,-3.262E-07
0.595,0.3,1.6439000000000001E-10,9.6672000000000015E-10,-6.0000000000000007E-13,3.2504E-07,-3.2617999999999997E-07
0.6,0.3,1.0801000000000001E-10,1.0260000000000002E-09,-8.0000000000000013E-14,3.2504E-07,-3.2616E-07
0.605,0.3,4.923E-11,1.09073E-09,-1.18E-12,3.2512E-07,-3.2624E-07
0.61,0.3,-2.7790000000000002E-11,1.1572E-09,-8.7E-13,3.2512E-07,-3.262E-07
0.615,0.3,-9.4200000000000008E-11,1.2247E-09,-8.4000000000000006E-13,3.251E-07,-3.2622E-07
0.62,0.3,-1.6654E-10,1.2984E-09,2.6E-13,3.2506E-07,-3.2624E-07
0.625,0.3,-2.4898E-10,1.3767E-09,-3.6000000000000003E-13,3.2506E-07,-3.2617999999999997E-07
0.63,0.3,-3.3050000000000005E-10,1.4577E-09,-1.2000000000000002E-13,3.251E-07,-3.2626E-07
0.635,0.3,-4.1643000000000003E-10,1.5422E-09,-1.5000000000000002E-13,3.2506E-07,-3.262E-07
0.64,0.3,-5.0124E-10,1.6351E-09,-4E-13,3.25E-07,-3.2622E-07
0.645,0.3,-5.9883000000000009E-10,1.7301E-09,-5E-13,3.2498E-07,-3.2612E-07
0.65,0.3,-7.0386000000000009E-10,1.8296E-09,-2.7E-13,3.2512E-07,-3.2617999999999997E-07
0.655,0.3,-8.0838000000000006E-10,1.9328E-09,3.8000000000000005E-13,3.2502E-07,-3.262E-07
0.66,0.3,-9.2357E-10,2.0481E-09,-6.1E-13,3.2508E-07,-3.262E-07
0.665,0.3,-1.04729E-09,2.1653E-09,-1.8000000000000002E-13,3.25E-07,-3.2622E-07
0.67,0.3,-1.1665E-09,2.29E-09,-1.5600000000000002E-12,3.2502E-07,-3.2612E-07
0.675,0.3,-1.302E-09,2.4175E-09,-2.1000000000000001E-13,3.2504E-07,-3.262E-07
0.68,0.3,-1.4275E-09,2.5562E-09,-4.0000000000000006E-14,3.2508E-07,-3.262E-07
0.685,0.3,-1.5686E-09,2.7007E-09,-6.9000000000000009E-13,3.2508E-07,-3.2617999999999997E-07
0.69000000000000006,0.3,-1.7264E-09,2.8498E-09,-1.2800000000000002E-12,3.2506E-07,-3.2617999999999997E-07
0.69500000000000006,0.3,-1.8949E-09,3.0198E-09,-7.9000000000000007E-13,3.2506E-07,-3.2617999999999997E-07
0.70000000000000007,0.3,-2.0475E-09,3.1713E-09,4.4000000000000004E-13,3.25E-07,-3.2616E-07
0.70500000000000007,0.3,-2.2378E-09,3.3454E-09,-1.2500000000000001E-12,3.2504E-07,-3.2616E-07
0.71000000000000008,0.3,-2.412E-09,3.5288E-09,-1.0000000000000002E-14,3.2504E-07,-3.2614E-07
0.71500000000000008,0.3,-2.6032E-09,3.7197E-09,4.0000000000000006E-14,3.2504E-07,-3.2616E-07
0.72000000000000008,0.3,-2.7988E-09,3.9236E-09,-2E-13,3.251E-07,-3.2612E-07
0.72500000000000009,0.3,-3.015E-09,4.1345E-09,-8.6000000000000007E-13,3.2506E-07,-3.2614E-07
0.73,0.3,-3.2437E-09,4.3566E-09,-1.2000000000000002E-13,3.2506E-07,-3.2617999999999997E-07
0.735,0.3,-3.4953E-09,4.5928E-09,-2.8E-13,3.2502E-07,-3.2617999999999997E-07
0.74,0.3,-3.7189E-09,4.8356E-09,-8.2E-13,3.2496E-07,-3.2616E-07
0.745,0.3,-3.9829E-09,5.0945E-09,-1.14E-12,3.2504E-07,-3.261E-07
0.75,0.3,-4.2484E-09,5.3606E-09,1E-13,3.2506E-07,-3.2617999999999997E-07
0.755,0.3,-4.5171E-09,5.644E-09,-8.5000000000000011E-13,3.251E-07,-3.262E-07
0.76,0.3,-4.8164E-09,5.9328E-09,-1.55E-12,3.2504E-07,-3.2617999999999997E-07
0.765,0.3,-5.1334E-09,6.2342E-09,-4.7E-13,3.25E-07,-3.2617999999999997E-07
0.77,0.3,-5.4458E-09,6.5562E-09,2.0000000000000003E-14,3.25E-07,-3.2617999999999997E-07
0.775,0.3,-5.82E-09,6.9128E-09,-2.2000000000000002E-13,3.2504E-07,-3.261E-07
0.78,0.3,-6.1615E-09,7.2355E-09,-4.6000000000000006E-13,3.2506E-07,-3.2612E-07
0.785,0.3,-6.5314E-09,7.604E-09,1.1000000000000001E-13,3.25E-07,-3.2606E-07
0.79,0.3,-6.8912E-09,7.9804E-09,1E-13,3.2506E-07,-3.261E-07
0.795,0.3,-7.3205E-09,8.3967E-09,-5.8000000000000005E-13,3.2506E-07,-3.2614E-07
0.8,0.3,-7.7163E-09,8.7866E-09,-6.2000000000000008E-13,3.2504E-07,-3.2614E-07
0.805,0.3,-8.1522E-09,9.2233E-09,-8.0000000000000013E-14,3.2512E-07,-3.2616E-07
0.81,0.3,-8.5899E-09,9.6634E-09,-2.6E-13,3.2508E-07,-3.2614E-07
0.81500000000000006,0.3,-9.0718E-09,1.01376E-08,-7.100000000000001E-13,3.2504E-07,-3.2608E-07
0.82000000000000006,0.3,-9.5502999999999992E-09,1.06197E-08,-4.5000000000000005E-13,3.2504E-07,-3.2608E-07
0.82500000000000007,0.3,-1.00557E-08,1.1146E-08,-1.1000000000000001E-13,3.25E-07,-3.2612E-07
0.83000000000000007,0.3,-1.0572399999999999E-08,1.1662999999999998E-08,-9.0000000000000008E-14,3.2498E-07,-3.2606E-07
0.83500000000000008,0.3,-1.1128599999999998E-08,1.2214199999999999E-08,-2.3000000000000003E-13,3.2502E-07,-3.2614E-07
0.84000000000000008,0.3,-1.1688399999999999E-08,1.27934E-08,5E-14,3.25E-07,-3.261E-07
0.84500000000000008,0.3,-1.22948E-08,1.3385799999999999E-08,1.7E-13,3.2502E-07,-3.2608E-07
0.85000000000000009,0.3,-1.2919599999999999E-08,1.4004599999999999E-08,2.1000000000000001E-13,3.25E-07,-3.2606E-07
0.85500000000000009,0.3,-1.3561399999999998E-08,1.4643199999999998E-08,2.1000000000000001E-13,3.2508E-07,-3.261E-07
0.86,0.3,-1.4220999999999999E-08,1.5313E-08,-2.1000000000000001E-13,3.25E-07,-3.2608E-07
0.865,0.3,-1.4928999999999998E-08,1.60174E-08,1.8000000000000002E-13,3.2506E-07,-3.2614E-07
0.87,0.3,-1.56488E-08,1.6749E-08,3.0000000000000005E-14,3.2506E-07,-3.2617999999999997E-07
0.875,0.3,-1.6373999999999998E-08,1.75048E-08,5.8000000000000005E-13,3.2504E-07,-3.2612E-07
0.88,0.3,-1.7181799999999997E-08,1.82972E-08,-5.7E-13,3.2506E-07,-3.2614E-07
0.885,0.3,-1.7982E-08,1.9121E-08,1.2000000000000002E-13,3.2502E-07,-3.261E-07
0.89,0.3,-1.8859799999999997E-08,1.99698E-08,-2.6E-13,3.2494E-07,-3.2612E-07
0.895,0.3,-1.97524E-08,2.0866399999999998E-08,-3.9000000000000005E-13,3.2502E-07,-3.2614E-07
0.9,0.3,-2.0704399999999996E-08,2.18192E-08,-4.5000000000000005E-13,3.25E-07,-3.2617999999999997E-07
-0.3,0.45,1.2999799999999998E-08,-1.2930199999999998E-08,-1.8000000000000002E-13,3.2502E-07,-3.2484E-07
-0.29500000000000004,0.45,1.2598799999999998E-08,-1.24032E-08,-9.1000000000000016E-13,3.25E-07,-3.2512E-07
-0.29000000000000004,0.45,1.23354E-08,-1.1899799999999998E-08,-9.1000000000000016E-13,3.25E-07,-3.2542E-07
-0.28500000000000003,0.45,1.2110599999999998E-08,-1.14402E-08,-1.21E-12,3.25E-07,-3.2562E-07
-0.28,0.45,1.1888999999999998E-08,-1.10116E-08,-1.2000000000000001E-12,3.2506E-07,-3.2584E-07
-0.275,0.45,1.1689399999999998E-08,-1.0612999999999999E-08,-1.0600000000000001E-12,3.2504E-07,-3.2603999999999997E-07
-0.27,0.45,1.14838E-08,-1.0239399999999998E-08,-1.07E-12,3.2506E-07,-3.2626E-07
-0.265,0.45,1.1292999999999999E-08,-9.8926E-09,-6.3E-13,3.2506E-07,-3.2642E-07
-0.26,0.45,1.10656E-08,-9.5722E-09,-1.1000000000000002E-12,3.2506E-07,-3.2652E-07
-0.255,0.45,1.0805199999999999E-08,-9.2626E-09,-4.3000000000000004E-13,3.2502E-07,-3.2659999999999997E-07
-0.25,0.45,1.0610399999999999E-08,-8.9739E-09,-4.2000000000000003E-13,3.25E-07,-3.2662E-07
-0.24500000000000002,0.45,1.04284E-08,-8.7048E-09,7E-14,3.2506E-07,-3.2673999999999997E-07
-0.24000000000000002,0.45,1.0252599999999999E-08,-8.4512E-09,6.3E-13,3.25E-07,-3.2682E-07
-0.23500000000000001,0.45,1.00848E-08,-8.2077E-09,1.4E-13,3.2498E-07,-3.2682E-07
-0.23,0.45,9.9209999999999983E-09,-7.9755E-09,-2.2000000000000002E-13,3.25E-07,-3.2684E-07
-0.225,0.45,9.7552E-09,-7.7534E-09,-4.2000000000000003E-13,3.2494E-07,-3.2687999999999997E-07
-0.22,0.45,9.5885999999999989E-09,-7.55E-09,-5.2E-13,3.25E-07,-3.27E-07
-0.215,0.45,9.4358E-09,-7.347E-09,-1.4400000000000001E-12,3.25E-07,-3.2708E-07
-0.21000000000000002,0.45,9.2686E-09,-7.1598E-09,-2.7E-13,3.25E-07,-3.2712E-07
-0.20500000000000002,0.45,9.1264E-09,-6.9702E-09,-3.2000000000000005E-13,3.2504E-07,-3.2714E-07
-0.2,0.45,8.9918E-09,-6.7967E-09,3.0000000000000005E-14,3.2504E-07,-3.272E-07
-0.195,0.45,8.8328E-09,-6.6254E-09,-9.5E-13,3.2498E-07,-3.2726E-07
-0.19,0.45,8.6949E-09,-6.4647E-09,-6.1E-13,3.2502E-07,-3.2724E-07
-0.185,0.45,8.5583E-09,-6.3088E-09,3.1000000000000004E-13,3.2506E-07,-3.2729999999999997E-07
-0.18000000000000002,0.45,8.4298E-09,-6.1587E-09,-4.7E-13,3.2504E-07,-3.2729999999999997E-07
-0.17500000000000002,0.45,8.3035E-09,-6.0094E-09,-1.07E-12,3.2504E-07,-3.2732E-07
-0.17,0.45,8.1697E-09,-5.8682E-09,-1.3E-13,3.25E-07,-3.2726E-07
-0.165,0.45,8.0678E-09,-5.7263E-09,3.4E-13,3.2502E-07,-3.274E-07
-0.16,0.45,7.932E-09,-5.5945E-09,-8.7E-13,3.2496E-07,-3.2732E-07
-0.155,0.45,7.7989E-09,-5.4628E-09,-1.3500000000000001E-12,3.25E-07,-3.2738E-07
-0.15,0.45,7.6872E-09,-5.3363E-09,-7.5E-13,3.25E-07,-3.2729999999999997E-07
-0.14500000000000002,0.45,7.5682E-09,-5.2119E-09,-3.3E-13,3.2498E-07,-3.274E-07
-0.14,0.45,7.4495E-09,-5.0891E-09,-1.5300000000000001E-12,3.2502E-07,-3.2742E-07
-0.135,0.45,7.3269E-09,-4.9735E-09,-9.8E-13,3.2498E-07,-3.2736E-07
-0.13,0.45,7.2106E-09,-4.8599E-09,-7E-13,3.2494E-07,-3.2738E-07
-0.125,0.45,7.1066E-09,-4.7427E-09,-2.8E-13,3.2498E-07,-3.2746E-07
-0.12000000000000001,0.45,7.0121E-09,-4.6347E-09,-4.2000000000000003E-13,3.2502E-07,-3.2734E-07
-0.115,0.45,6.8943E-09,-4.5264E-09,-2.2000000000000002E-13,3.2504E-07,-3.2734E-07
-0.11,0.45,6.8132E-09,-4.422E-09,7E-14,3.25E-07,-3.2742E-07
-0.10500000000000001,0.45,6.6919E-09,-4.3163E-09,-7.4000000000000008E-13,3.2496E-07,-3.2728E-07
-0.1,0.45,6.584E-09,-4.2168E-09,-6.7000000000000007E-13,3.2492E-07,-3.2729999999999997E-07
-0.095,0.45,6.4794E-09,-4.1182E-09,0,3.25E-07,-3.2736E-07
-0.090000000000000011,0.45,6.3888E-09,-4.0215E-09,5.2E-13,3.2498E-07,-3.2736E-07
-0.085,0.45,6.2784E-09,-3.9237E-09,-9.9E-13,3.2498E-07,-3.2732E-07
-0.08,0.45,6.1976E-09,-3.8328E-09,-7.5E-13,3.2498E-07,-3.2743999999999997E-07
-0.075,0.45,6.1014E-09,-3.7408E-09,9.0000000000000008E-14,3.2492E-07,-3.2732E-07
-0.07,0.45,6.0068E-09,-3.6481E-09,-7E-13,3.25E-07,-3.274E-07
-0.065,0.45,5.919E-09,-3.5616E-09,-4.3000000000000004E-13,3.2502E-07,-3.2736E-07
-0.060000000000000005,0.45,5.8382E-09,-3.4751E-09,-8.8000000000000009E-13,3.25E-07,-3.2732E-07
-0.055,0.45,5.7525E-09,-3.3903E-09,8.0000000000000013E-14,3.2492E-07,-3.2729999999999997E-07
-0.05,0.45,5.6582E-09,-3.3066E-09,-1.03E-12,3.25E-07,-3.2734E-07
-0.045000000000000005,0.45,5.5628E-09,-3.226E-09,-8.5000000000000011E-13,3.2496E-07,-3.2734E-07
-0.04,0.45,5.4915E-09,-3.1464E-09,-3.6000000000000003E-13,3.25E-07,-3.2729999999999997E-07
-0.035,0.45,5.4147E-09,-3.0657E-09,-6.3E-13,3.2492E-07,-3.2726E-07
-0.030000000000000002,0.45,5.3245E-09,-2.9888E-09,-1.4400000000000001E-12,3.2504E-07,-3.2732E-07
-0.025,0.45,5.2447E-09,-2.9117E-09,-6.6E-13,3.2502E-07,-3.2734E-07
-0.02,0.45,5.1823E-09,-2.8386E-09,-1.5000000000000002E-13,3.2498E-07,-3.2734E-07
-0.015000000000000001,0.45,5.1018E-09,-2.7638E-09,-7.100000000000001E-13,3.25E-07,-3.2728E-07
-0.01,0.45,5.0322E-09,-2.6928E-09,-7.6000000000000009E-13,3.2494E-07,-3.2724E-07
-0.005,0.45,4.9509E-09,-2.623E-09,-4.1E-13,3.2498E-07,-3.2728E-07
0,0.45,4.8884E-09,-2.5531E-09,-4.6000000000000006E-13,3.2502E-07,-3.2736E-07
0.005,0.45,4.8176E-09,-2.4821E-09,-8.7E-13,3.2506E-07,-3.2734E-07
0.01,0.45,4.7354E-09,-2.419E-09,-9.5E-13,3.2494E-07,-3.2728E-07
0.015000000000000001,0.45,4.678E-09,-2.353E-09,-9.0000000000000008E-14,3.2498E-07,-3.2726E-07
0.02,0.45,4.6083E-09,-2.2866E-09,-1.3E-13,3.2496E-07,-3.2729999999999997E-07
0.025,0.45,4.5441E-09,-2.2228E-09,-1.27E-12,3.2498E-07,-3.2724E-07
0.030000000000000002,0.45,4.4713E-09,-2.1638E-09,-6.3E-13,3.2504E-07,-3.2732E-07
0.035,0.45,4.4201E-09,-2.1012E-09,6.0000000000000009E-14,3.2506E-07,-3.2728E-07
0.04,0.45,4.3504E-09,-2.0409E-09,-1.74E-12,3.2504E-07,-3.2738E-07
0.045000000000000005,0.45,4.2987E-09,-1.9836E-09,-3.5E-13,3.251E-07,-3.2742E-07
0.05,0.45,4.2346E-09,-1.9266E-09,-1.9000000000000002E-13,3.2504E-07,-3.2726E-07
0.055,0.45,4.1807E-09,-1.8694E-09,-5E-13,3.2512E-07,-3.2738E-07
0.060000000000000005,0.45,4.1225E-09,-1.8153E-09,-1.14E-12,3.25E-07,-3.2736E-07
0.065,0.45,4.0681E-09,-1.7624E-09,-1.0000000000000002E-14,3.2504E-07,-3.2734E-07
0.07,0.45,4.0263E-09,-1.711E-09,4.6000000000000006E-13,3.2494E-07,-3.2728E-07
0.075,0.45,3.9725E-09,-1.6564E-09,-1.02E-12,3.2502E-07,-3.2736E-07
0.08,0.45,3.923E-09,-1.606E-09,-2.5E-13,3.2506E-07,-3.2732E-07
0.085,0.45,3.8578E-09,-1.557E-09,-1.09E-12,3.2504E-07,-3.2738E-07
0.090000000000000011,0.45,3.8213E-09,-1.5089E-09,2.7E-13,3.2506E-07,-3.2738E-07
0.095,0.45,3.7633E-09,-1.459E-09,-5.3000000000000006E-13,3.2496E-07,-3.2724E-07
0.1,0.45,3.7059E-09,-1.4128E-09,-1.37E-12,3.2508E-07,-3.2734E-07
0.10500000000000001,0.45,3.6597E-09,-1.3689E-09,-1.7E-13,3.2504E-07,-3.2732E-07
0.11,0.45,3.6208E-09,-1.3225E-09,-4E-13,3.2502E-07,-3.274E-07
0.115,0.45,3.5776E-09,-1.2785E-09,-8.2E-13,3.2504E-07,-3.2732E-07
0.12000000000000001,0.45,3.5399E-09,-1.2372E-09,-6.0000000000000007E-13,3.2508E-07,-3.2736E-07
0.125,0.45,3.5E-09,-1.1962E-09,2.5E-13,3.2516E-07,-3.274E-07
0.13,0.45,3.4529E-09,-1.1544E-09,-1.37E-12,3.2504E-07,-3.2736E-07
0.135,0.45,3.4053E-09,-1.1139E-09,-1.02E-12,3.2506E-07,-3.2729999999999997E-07
0.14,0.45,3.3695E-09,-1.0777E-09,-6.3E-13,3.2504E-07,-3.2734E-07
0.14500000000000002,0.45,3.3266E-09,-1.0376E-09,-1.2000000000000002E-13,3.2506E-07,-3.2736E-07
0.15,0.45,3.3072E-09,-9.997E-10,-8.7E-13,3.251E-07,-3.2738E-07
0.155,0.45,3.2499E-09,-9.6517E-10,-1.1000000000000001E-13,3.2514E-07,-3.2732E-07
0.16,0.45,3.2197E-09,-9.3176E-10,-1.4E-13,3.2502E-07,-3.2734E-07
0.165,0.45,3.1913E-09,-8.9393E-10,-1.17E-12,3.2494E-07,-3.2726E-07
0.17,0.45,3.1539E-09,-8.6150000000000008E-10,-6.9000000000000009E-13,3.2496E-07,-3.2728E-07
0.17500000000000002,0.45,3.1068E-09,-8.3094E-10,-4.9E-13,3.2494E-07,-3.272E-07
0.18000000000000002,0.45,3.0938E-09,-7.963800000000001E-10,-7.8000000000000011E-13,3.2494E-07,-3.2732E-07
0.185,0.45,3.0697E-09,-7.6520000000000011E-10,-1.0100000000000001E-12,3.2502E-07,-3.2732E-07
0.19,0.45,3.0254E-09,-7.37E-10,-2.5E-13,3.2498E-07,-3.2729999999999997E-07
0.195,0.45,3.0027E-09,-7.0633000000000008E-10,5E-14,3.2506E-07,-3.2729999999999997E-07
0.2,0.45,2.9815E-09,-6.7718E-10,-6.3E-13,3.251E-07,-3.2736E-07
0.20500000000000002,0.45,2.9421E-09,-6.4975000000000006E-10,-5.8000000000000005E-13,3.2504E-07,-3.2732E-07
0.21000000000000002,0.45,2.9146E-09,-6.2526000000000007E-10,5.2E-13,3.251E-07,-3.2728E-07
0.215,0.45,2.8917E-09,-5.9677E-10,-4.2000000000000003E-13,3.2498E-07,-3.2728E-07
0.22,0.45,2.8714E-09,-5.7022E-10,-6.8E-13,3.2498E-07,-3.2729999999999997E-07
0.225,0.45,2.8379E-09,-5.4723000000000008E-10,-7.3E-13,3.2502E-07,-3.2729999999999997E-07
0.23,0.45,2.8198E-09,-5.2317000000000007E-10,-2.7E-13,3.2498E-07,-3.2726E-07
0.23500000000000001,0.45,2.7937E-09,-4.9737E-10,-8.9E-13,3.25E-07,-3.2734E-07
0.24000000000000002,0.45,2.7689E-09,-4.7543000000000008E-10,-6.0000000000000007E-13,3.2506E-07,-3.2736E-07
0.24500000000000002,0.45,2.7496E-09,-4.5381000000000006E-10,-3.7000000000000004E-13,3.2502E-07,-3.2734E-07
0.25,0.45,2.7387E-09,-4.3246E-10,-1.7E-13,3.2494E-07,-3.2726E-07
0.255,0.45,2.7125E-09,-4.1083E-10,-4.6000000000000006E-13,3.2486E-07,-3.2724E-07
0.26,0.45,2.7088E-09,-3.9184E-10,-1.1100000000000001E-12,3.25E-07,-3.2734E-07
0.265,0.45,2.671E-09,-3.7333000000000004E-10,-7E-13,3.25E-07,-3.2734E-07
0.27,0.45,2.6686E-09,-3.5236E-10,-9.8E-13,3.2498E-07,-3.2746E-07
0.275,0.45,2.642E-09,-3.3364000000000005E-10,-1.1100000000000001E-12,3.2506E-07,-3.2734E-07
0.28,0.45,2.619E-09,-3.1895E-10,-1.8000000000000002E-13,3.2502E-07,-3.2738E-07
0.28500000000000003,0.45,2.622E-09,-3.0132E-10,-3.3E-13,3.2504E-07,-3.2738E-07
0.29000000000000004,0.45,2.5994E-09,-2.8379E-10,-9.000000000000001E-13,3.2504E-07,-3.2734E-07
0.29500000000000004,0.45,2.5696E-09,-2.6849E-10,-3.4E-13,3.2496E-07,-3.274E-07
0.3,0.45,2.568E-09,-2.55E-10,0,3.2506E-07,-3.2732E-07
0.305,0.45,2.5606E-09,-2.3937E-10,-2.0000000000000003E-14,3.2506E-07,-3.2743999999999997E-07
0.31,0.45,2.5458E-09,-2.2391E-10,-1.1500000000000002E-12,3.2504E-07,-3.2738E-07
0.315,0.45,2.5258E-09,-2.1453E-10,-2.9000000000000003E-13,3.251E-07,-3.274E-07
0.32,0.45,2.5307E-09,-1.9966E-10,-4.6000000000000006E-13,3.2502E-07,-3.2734E-07
0.325,0.45,2.5183E-09,-1.8535E-10,-9.4E-13,3.2504E-07,-3.274E-07
0.33,0.45,2.4894E-09,-1.7525000000000002E-10,-2.6E-13,3.25E-07,-3.2738E-07
0.335,0.45,2.4818E-09,-1.6358000000000002E-10,1.4E-13,3.2496E-07,-3.2729999999999997E-07
0.34,0.45,2.4786E-09,-1.512E-10,2.5E-13,3.2506E-07,-3.274E-07
0.34500000000000003,0.45,2.4632E-09,-1.4091E-10,-1.51E-12,3.2512E-07,-3.274E-07
0.35000000000000003,0.45,2.4623E-09,-1.3249E-10,2.4000000000000004E-13,3.2504E-07,-3.2736E-07
0.35500000000000004,0.45,2.4669E-09,-1.2249E-10,-1.1000000000000001E-13,3.2508E-07,-3.2746E-07
0.36000000000000004,0.45,2.4417E-09,-1.0962E-10,-1.08E-12,3.2502E-07,-3.274E-07
0.365,0.45,2.4342E-09,-1.0295E-10,-7.4000000000000008E-13,3.2504E-07,-3.274E-07
0.37,0.45,2.4341E-09,-9.4850000000000014E-11,4.0000000000000006E-14,3.2506E-07,-3.2738E-07
0.375,0.45,2.4285E-09,-8.4930000000000011E-11,-1.2500000000000001E-12,3.25E-07,-3.2734E-07
0.38,0.45,2.4089E-09,-7.6270000000000012E-11,-2.8E-13,3.2498E-07,-3.2746E-07
0.385,0.45,2.4126E-09,-7.113E-11,-3.6000000000000003E-13,3.25E-07,-3.2734E-07
0.39,0.45,2.4091E-09,-6.1720000000000008E-11,1.9000000000000002E-13,3.25E-07,-3.2734E-07
0.395,0.45,2.3929E-09,-5.3990000000000006E-11,-6.6E-13,3.2502E-07,-3.2732E-07
0.4,0.45,2.3829E-09,-4.753E-11,-2.0000000000000003E-14,3.2496E-07,-3.2734E-07
0.405,0.45,2.3859E-09,-4.2990000000000005E-11,-1.9000000000000002E-13,3.2488E-07,-3.2728E-07
0.41000000000000003,0.45,2.3823E-09,-3.488E-11,-6.0000000000000007E-13,3.2492E-07,-3.2732E-07
0.41500000000000004,0.45,2.3786E-09,-2.7960000000000003E-11,-1.2500000000000001E-12,3.2506E-07,-3.2728E-07
0.42000000000000004,0.45,2.3726E-09,-2.3770000000000002E-11,-1.9000000000000002E-13,3.2496E-07,-3.2732E-07
0.42500000000000004,0.45,2.3656E-09,-1.732E-11,-3.9000000000000005E-13,3.2506E-07,-3.2742E-07
0.43,0.45,2.3683E-09,-1.028E-11,-6.2000000000000008E-13,3.2504E-07,-3.2743999999999997E-07
0.435,0.45,2.3522E-09,-5.4500000000000004E-12,-8E-13,3.2512E-07,-3.2738E-07
0.44,0.45,2.3545E-09,-1.1900000000000002E-12,-4.9E-13,3.251E-07,-3.274E-07
0.445,0.45,2.3457E-09,5.43E-12,4.9E-13,3.2506E-07,-3.2738E-07
0.45,0.45,2.3302E-09,1.2130000000000001E-11,-1.0600000000000001E-12,3.25E-07,-3.2738E-07
0.455,0.45,2.318E-09,1.457E-11,-9.0000000000000008E-14,3.2494E-07,-3.2732E-07
0.46,0.45,2.3216E-09,2.1080000000000003E-11,7E-14,3.2502E-07,-3.2734E-07
0.465,0.45,2.3323E-09,2.6450000000000003E-11,-6.3E-13,3.2496E-07,-3.2732E-07
0.47000000000000003,0.45,2.3241E-09,3.22E-11,-7.9000000000000007E-13,3.2498E-07,-3.2728E-07
0.47500000000000003,0.45,2.308E-09,3.539E-11,1.3E-13,3.2498E-07,-3.2732E-07
0.48000000000000004,0.45,2.3041E-09,4.1830000000000006E-11,-7.8000000000000011E-13,3.25E-07,-3.2734E-07
0.48500000000000004,0.45,2.2932E-09,4.9480000000000006E-11,-8.4000000000000006E-13,3.2488E-07,-3.2734E-07
0.49000000000000005,0.45,2.2849E-09,5.1250000000000004E-11,-9.5E-13,3.2498E-07,-3.2728E-07
0.49500000000000005,0.45,2.2875E-09,5.5980000000000003E-11,-1.6000000000000003E-13,3.2492E-07,-3.2728E-07
0.5,0.45,2.2769E-09,6.3040000000000009E-11,-8.300000000000001E-13,3.2498E-07,-3.2728E-07
0.505,0.45,2.2812E-09,6.728E-11,-1.2800000000000002E-12,3.2504E-07,-3.2738E-07
0.51,0.45,2.2624E-09,7.087000000000001E-11,-9.4E-13,3.2496E-07,-3.2734E-07
0.515,0.45,2.2514E-09,7.653E-11,-6.7000000000000007E-13,3.25E-07,-3.2729999999999997E-07
0.52,0.45,2.2482E-09,8.380000000000001E-11,-5.6E-13,3.2494E-07,-3.2732E-07
0.525,0.45,2.2408E-09,8.781E-11,-2.1000000000000001E-13,3.2498E-07,-3.2732E-07
0.53,0.45,2.2427E-09,9.209E-11,1.2000000000000002E-13,3.249E-07,-3.2734E-07
0.535,0.45,2.2279E-09,9.9620000000000014E-11,-1.1000000000000001E-13,3.25E-07,-3.2734E-07
0.54,0.45,2.2235E-09,1.0571E-10,-8.9E-13,3.25E-07,-3.2728E-07
0.545,0.45,2.2154E-09,1.0936000000000001E-10,-9.1000000000000016E-13,3.25E-07,-3.2734E-07
0.55,0.45,2.2086E-09,1.1679000000000002E-10,3.0000000000000005E-14,3.25E-07,-3.2732E-07
0.555,0.45,2.2092E-09,1.2544E-10,-7.7000000000000005E-13,3.2506E-07,-3.2743999999999997E-07
0.56,0.45,2.1886E-09,1.3129000000000002E-10,-1.3300000000000002E-12,3.2504E-07,-3.2728E-07
0.56500000000000006,0.45,2.1768999999999998E-09,1.3771E-10,-6.5000000000000006E-13,3.2498E-07,-3.2729999999999997E-07
0.57000000000000006,0.45,2.1734E-09,1.4560000000000002E-10,-1.7E-13,3.2494E-07,-3.2732E-07
0.57500000000000007,0.45,2.1592E-09,1.5551000000000001E-10,-9.8E-13,3.2494E-07,-3.2728E-07
0.58000000000000007,0.45,2.1394E-09,1.6116000000000002E-10,-2.3000000000000003E-13,3.2492E-07,-3.2729999999999997E-07
0.58500000000000008,0.45,2.1506E-09,1.7151E-10,2.1000000000000001E-13,3.2492E-07,-3.2728E-07
0.59000000000000008,0.45,2.1376E-09,1.8193E-10,-6.0000000000000007E-13,3.2492E-07,-3.2724E-07
0.595,0.45,2.1206E-09,1.9174000000000003E-10,-1.3900000000000001E-12,3.2492E-07,-3.2722E-07
0.6,0.45,2.1052E-09,1.9925E-10,-2.6E-13,3.2498E-07,-3.2734E-07
0.605,0.45,2.1044E-09,2.1092E-10,-1.5000000000000002E-13,3.2494E-07,-3.2724E-07
0.61,0.45,2.0872E-09,2.2306000000000003E-10,-1.51E-12,3.2492E-07,-3.2726E-07
0.615,0.45,2.0718E-09,2.3224000000000002E-10,-6.8E-13,3.2496E-07,-3.2722E-07
0.62,0.45,2.0556E-09,2.4447000000000004E-10,-3.7000000000000004E-13,3.2494E-07,-3.2724E-07
0.625,0.45,2.0513E-09,2.5938000000000004E-10,-2.6E-13,3.2502E-07,-3.2724E-07
0.63,0.45,2.0392E-09,2.7185E-10,-1.6200000000000002E-12,3.2498E-07,-3.2729999999999997E-07
0.635,0.45,2.02E-09,2.8324000000000005E-10,1.7E-13,3.2492E-07,-3.2722E-07
0.64,0.45,2.0049E-09,3.0022E-10,-1E-13,3.2504E-07,-3.2726E-07
0.645,0.45,1.9879E-09,3.1539000000000003E-10,-6.0000000000000007E-13,3.2504E-07,-3.2726E-07
0.65,0.45,1.9661E-09,3.2979E-10,-2.5E-13,3.2494E-07,-3.2715999999999997E-07
0.655,0.45,1.9432E-09,3.4750000000000004E-10,-6.0000000000000009E-14,3.2504E-07,-3.2724E-07
0.66,0.45,1.9313E-09,3.6350000000000004E-10,-8.1000000000000008E-13,3.2498E-07,-3.2728E-07
0.665,0.45,1.915E-09,3.8443000000000004E-10,-1.22E-12,3.2498E-07,-3.2732E-07
0.67,0.45,1.8888E-09,4.0130000000000005E-10,1.4E-13,3.2498E-07,-3.2728E-07
0.675,0.45,1.8761E-09,4.2445E-10,9.0000000000000008E-14,3.25E-07,-3.2728E-07
0.68,0.45,1.8458E-09,4.4729E-10,-4.2000000000000003E-13,3.2498E-07,-3.2732E-07
0.685,0.45,1.8256E-09,4.6845000000000007E-10,-1.0600000000000001E-12,3.2492E-07,-3.2722E-07
0.69000000000000006,0.45,1.7969E-09,4.9413E-10,4.3000000000000004E-13,3.25E-07,-3.2728E-07
0.69500000000000006,0.45,1.7625E-09,5.2203E-10,-1.7E-13,3.2494E-07,-3.2715999999999997E-07
0.70000000000000007,0.45,1.7285E-09,5.4986E-10,-1.12E-12,3.2486E-07,-3.2722E-07
0.70500000000000007,0.45,1.6953E-09,5.7815E-10,-6.1E-13,3.2494E-07,-3.2722E-07
0.71000000000000008,0.45,1.666E-09,6.1103E-10,-9.000000000000001E-13,3.2492E-07,-3.2726E-07
0.71500000000000008,0.45,1.6368E-09,6.4864E-10,-6.400000000000001E-13,3.2492E-07,-3.2726E-07
0.72000000000000008,0.45,1.5842E-09,6.8389E-10,-1.4700000000000002E-12,3.2502E-07,-3.2728E-07
0.72500000000000009,0.45,1.551E-09,7.2326E-10,-2.8E-13,3.25E-07,-3.2728E-07
0.73,0.45,1.5142E-09,7.6785000000000009E-10,-9.7000000000000011E-13,3.25E-07,-3.2726E-07
0.735,0.45,1.4622E-09,8.142E-10,-1.4400000000000001E-12,3.2492E-07,-3.272E-07
0.74,0.45,1.4106999999999999E-09,8.6010000000000006E-10,-9.1000000000000016E-13,3.2496E-07,-3.272E-07
0.745,0.45,1.3702E-09,9.1336E-10,-1.1000000000000001E-13,3.2494E-07,-3.272E-07
0.75,0.45,1.3003E-09,9.7070000000000017E-10,-5.6E-13,3.2496E-07,-3.272E-07
0.755,0.45,1.2404E-09,1.0300700000000002E-09,-1.21E-12,3.25E-07,-3.2728E-07
0.76,0.45,1.1892E-09,1.08922E-09,2.6E-13,3.2504E-07,-3.2729999999999997E-07
0.765,0.45,1.1277E-09,1.1579E-09,-5E-13,3.2496E-07,-3.2724E-07
0.77,0.45,1.0424E-09,1.2308E-09,-7.6000000000000009E-13,3.2496E-07,-3.2722E-07
0.775,0.45,9.5751000000000014E-10,1.3034E-09,-7.7000000000000005E-13,3.2498E-07,-3.2715999999999997E-07
0.78,0.45,8.9560000000000009E-10,1.3799E-09,1E-13,3.2498E-07,-3.2732E-07
0.785,0.45,8.1139E-10,1.464E-09,-7.100000000000001E-13,3.249E-07,-3.2724E-07
0.79,0.45,7.0973000000000009E-10,1.5515E-09,-9.9E-13,3.2494E-07,-3.2722E-07
0.795,0.45,6.1811E-10,1.6402E-09,9.0000000000000008E-14,3.2498E-07,-3.2724E-07
0.8,0.45,5.3689E-10,1.7385E-09,1.9000000000000002E-13,3.25E-07,-3.2728E-07
0.805,0.45,4.1469000000000004E-10,1.8387E-09,-5.5000000000000008E-13,3.2498E-07,-3.2722E-07
0.81,0.45,3.0789E-10,1.947E-09,-7.7000000000000005E-13,3.2502E-07,-3.2729999999999997E-07
0.81500000000000006,0.45,2.0363000000000003E-10,2.0574E-09,-7.4000000000000008E-13,3.2498E-07,-3.272E-07
0.82000000000000006,0.45,8.29E-11,2.1741E-09,-3.6000000000000003E-13,3.2492E-07,-3.272E-07
0.82500000000000007,0.45,-3.5200000000000005E-11,2.2998E-09,-6.7000000000000007E-13,3.249E-07,-3.2715999999999997E-07
0.83000000000000007,0.45,-1.7517E-10,2.4277E-09,-2.5E-13,3.2494E-07,-3.2722E-07
0.83500000000000008,0.45,-2.9780000000000005E-10,2.566E-09,-2.8E-13,3.2494E-07,-3.272E-07
0.84000000000000008,0.45,-4.4897000000000005E-10,2.7097E-09,-5.8000000000000005E-13,3.249E-07,-3.272E-07
0.84500000000000008,0.45,-6.105100000000001E-10,2.8601E-09,-1.14E-12,3.249E-07,-3.2724E-07
0.85000000000000009,0.45,-7.5158000000000011E-10,3.0177E-09,-4E-13,3.2498E-07,-3.2726E-07
0.85500000000000009,0.45,-9.1661000000000011E-10,3.1847E-09,-6.8E-13,3.2488E-07,-3.2715999999999997E-07
0.86,0.45,-1.09727E-09,3.3609E-09,-1.1900000000000002E-12,3.2494E-07,-3.272E-07
0.865,0.45,-1.2967E-09,3.5472E-09,-1.8000000000000002E-13,3.2494E-07,-3.2726E-07
0.87,0.45,-1.4901E-09,3.734E-09,-5.2E-13,3.2498E-07,-3.2722E-07
0.875,0.45,-1.6589E-09,3.9301E-09,-1.9000000000000002E-13,3.249E-07,-3.2718E-07
0.88,0.45,-1.8945E-09,4.1494E-09,-3.7000000000000004E-13,3.2494E-07,-3.272E-07
0.885,0.45,-2.1223E-09,4.3731E-09,-6.6E-13,3.2492E-07,-3.272E-07
0.89,0.45,-2.3543E-09,4.6072E-09,-5.4E-13,3.2492E-07,-3.2718E-07
0.895,0.45,-2.6212E-09,4.8706E-09,-5.6E-13,3.2496E-07,-3.272E-07
0.9,0.45,-2.868E-09,5.1216E-09,-8E-13,3.2498E-07,-3.272E-07
-0.3,0.6,2.03816E-08,-1.8388999999999997E-08,-1.21E-12,3.2492E-07,-3.2666E-07
-0.29500000000000004,0.6,1.99356E-08,-1.7801399999999997E-08,-9.000000000000001E-13,3.2484E-07,-3.2692E-07
-0.29000000000000004,0.6,1.9629799999999997E-08,-1.7239999999999998E-08,-1.46E-12,3.2492E-07,-3.2715999999999997E-07
-0.28500000000000003,0.6,1.93212E-08,-1.6725E-08,-1.36E-12,3.249E-07,-3.274E-07
-0.28,0.6,1.9043199999999998E-08,-1.624E-08,-7.2000000000000006E-13,3.2486E-07,-3.2762E-07
-0.275,0.6,1.8776399999999997E-08,-1.5787799999999998E-08,2.8E-13,3.2492E-07,-3.2776E-07
-0.27,0.6,1.85324E-08,-1.5357399999999998E-08,-4.5000000000000005E-13,3.2492E-07,-3.2804E-07
-0.265,0.6,1.82822E-08,-1.49472E-08,-9.000000000000001E-13,3.249E-07,-3.282E-07
-0.26,0.6,1.80468E-08,-1.4571599999999998E-08,-1.22E-12,3.2498E-07,-3.2844E-07
-0.255,0.6,1.7823999999999998E-08,-1.4204799999999998E-08,-1.32E-12,3.2494E-07,-3.284E-07
-0.25,0.6,1.7568599999999998E-08,-1.38696E-08,-8.7E-13,3.25E-07,-3.2858E-07
-0.24500000000000002,0.6,1.7351799999999998E-08,-1.3535399999999999E-08,-9.7000000000000011E-13,3.2494E-07,-3.2878E-07
-0.24000000000000002,0.6,1.7141799999999998E-08,-1.3231399999999998E-08,-3.1000000000000004E-13,3.2494E-07,-3.288E-07
-0.23500000000000001,0.6,1.68806E-08,-1.2922199999999999E-08,-2.9000000000000003E-13,3.2504E-07,-3.2886E-07
-0.23,0.6,1.6699E-08,-1.2649199999999999E-08,-7.5E-13,3.25E-07,-3.2894E-07
-0.225,0.6,1.64808E-08,-1.2371399999999999E-08,-3.8000000000000005E-13,3.2494E-07,-3.2902E-07
-0.22,0.6,1.62722E-08,-1.2115399999999998E-08,-4.9E-13,3.2498E-07,-3.2902E-07
-0.215,0.6,1.60876E-08,-1.1864999999999999E-08,-5.4E-13,3.2496E-07,-3.291E-07
-0.21000000000000002,0.6,1.58736E-08,-1.1624599999999998E-08,-2.7E-13,3.2492E-07,-3.2916E-07
-0.20500000000000002,0.6,1.56548E-08,-1.13832E-08,-2.1000000000000001E-13,3.2492E-07,-3.291E-07
-0.2,0.6,1.5453E-08,-1.11538E-08,-8.6000000000000007E-13,3.2492E-07,-3.2916E-07
-0.195,0.6,1.5305799999999997E-08,-1.0930999999999999E-08,-4.4000000000000004E-13,3.2494E-07,-3.2928E-07
-0.19,0.6,1.5087599999999997E-08,-1.0721399999999999E-08,-5E-14,3.2498E-07,-3.2932E-07
-0.185,0.6,1.4908799999999997E-08,-1.05122E-08,4.2000000000000003E-13,3.2482E-07,-3.2928E-07
-0.18000000000000002,0.6,1.4733599999999998E-08,-1.0306399999999998E-08,0,3.2504E-07,-3.2938E-07
-0.17500000000000002,0.6,1.4538799999999998E-08,-1.0113599999999999E-08,-4.2000000000000003E-13,3.2496E-07,-3.2932E-07
-0.17,0.6,1.4352799999999999E-08,-9.9187999999999985E-09,-1.3E-13,3.2498E-07,-3.2939999999999997E-07
-0.165,0.6,1.4170399999999999E-08,-9.731E-09,-3.0000000000000003E-13,3.2492E-07,-3.293E-07
-0.16,0.6,1.3999799999999999E-08,-9.5528E-09,-3.8000000000000005E-13,3.2488E-07,-3.2942E-07
-0.155,0.6,1.38104E-08,-9.3709E-09,2.0000000000000003E-14,3.2498E-07,-3.2944E-07
-0.15,0.6,1.3635799999999998E-08,-9.1979E-09,-4.2000000000000003E-13,3.2494E-07,-3.2939999999999997E-07
-0.14500000000000002,0.6,1.3433999999999998E-08,-9.0208E-09,-1.3300000000000002E-12,3.2492E-07,-3.2928E-07
-0.14,0.6,1.3272799999999998E-08,-8.8542E-09,-3.7000000000000004E-13,3.2494E-07,-3.2938E-07
-0.135,0.6,1.3121599999999998E-08,-8.6826E-09,-5.8000000000000005E-13,3.2492E-07,-3.2936E-07
-0.13,0.6,1.2961799999999998E-08,-8.5251E-09,-1.5000000000000002E-13,3.249E-07,-3.2934E-07
-0.125,0.6,1.2776199999999999E-08,-8.3628E-09,-1.1100000000000001E-12,3.2492E-07,-3.2932E-07
-0.12000000000000001,0.6,1.2620399999999998E-08,-8.2066E-09,-8.5000000000000011E-13,3.2494E-07,-3.293E-07
-0.115,0.6,1.2484199999999999E-08,-8.053E-09,-3.7000000000000004E-13,3.2494E-07,-3.2932E-07
-0.11,0.6,1.2295799999999999E-08,-7.9E-09,-1.4200000000000002E-12,3.2492E-07,-3.293E-07
-0.10500000000000001,0.6,1.2169399999999998E-08,-7.7512E-09,-1.2800000000000002E-12,3.25E-07,-3.2936E-07
-0.1,0.6,1.2015999999999998E-08,-7.6055E-09,-4.4000000000000004E-13,3.2494E-07,-3.2928E-07
-0.095,0.6,1.1873399999999998E-08,-7.4584E-09,-3.0000000000000003E-13,3.2506E-07,-3.2946E-07
-0.090000000000000011,0.6,1.1702E-08,-7.3157E-09,-7.3E-13,3.2492E-07,-3.293E-07
-0.085,0.6,1.15732E-08,-7.1752E-09,-2.9000000000000003E-13,3.2492E-07,-3.2936E-07
-0.08,0.6,1.1422199999999999E-08,-7.0398E-09,-2.6E-13,3.2502E-07,-3.2936E-07
-0.075,0.6,1.13166E-08,-6.9013E-09,-1.0500000000000002E-12,3.2496E-07,-3.2938E-07
-0.07,0.6,1.1147799999999999E-08,-6.7683E-09,-7.5E-13,3.2496E-07,-3.2939999999999997E-07
-0.065,0.6,1.0981199999999998E-08,-6.6362E-09,-2.5E-13,3.2494E-07,-3.293E-07
-0.060000000000000005,0.6,1.0881799999999999E-08,-6.508E-09,5.4E-13,3.2498E-07,-3.2932E-07
-0.055,0.6,1.0757399999999998E-08,-6.3766E-09,-5.9E-13,3.2492E-07,-3.2928E-07
-0.05,0.6,1.06146E-08,-6.2495E-09,-6.3E-13,3.2496E-07,-3.2928E-07
-0.045000000000000005,0.6,1.0462E-08,-6.1248E-09,-1.37E-12,3.2494E-07,-3.2924E-07
-0.04,0.6,1.0351999999999999E-08,-6.0045E-09,-2.2000000000000002E-13,3.2492E-07,-3.2924E-07
-0.035,0.6,1.0235799999999999E-08,-5.8808E-09,-1.2000000000000002E-13,3.2496E-07,-3.2922E-07
-0.030000000000000002,0.6,1.01008E-08,-5.7675E-09,-7E-14,3.2488E-07,-3.293E-07
-0.025,0.6,9.9757999999999986E-09,-5.6458E-09,-1.27E-12,3.2492E-07,-3.2918E-07
-0.02,0.6,9.8465999999999987E-09,-5.5293E-09,1.0500000000000002E-12,3.2494E-07,-3.2918E-07
-0.015000000000000001,0.6,9.7366E-09,-5.4145E-09,-1.4200000000000002E-12,3.2488E-07,-3.2925999999999997E-07
-0.01,0.6,9.626E-09,-5.3032E-09,-1.7E-13,3.2494E-07,-3.2928E-07
-0.005,0.6,9.5227E-09,-5.1904E-09,-2.7E-13,3.2498E-07,-3.2925999999999997E-07
0,0.6,9.3881E-09,-5.0836E-09,-1.1000000000000002E-12,3.2488E-07,-3.2918E-07
0.005,0.6,9.2718E-09,-4.9745E-09,3.0000000000000005E-14,3.25E-07,-3.292E-07
0.01,0.6,9.1404E-09,-4.8669E-09,-5.1E-13,3.2492E-07,-3.2918E-07
0.015000000000000001,0.6,9.025E-09,-4.7609E-09,-3.8000000000000005E-13,3.2492E-07,-3.2918E-07
0.02,0.6,8.9388E-09,-4.6636E-09,-5.5000000000000008E-13,3.2496E-07,-3.2914E-07
0.025,0.6,8.8186E-09,-4.5595E-09,0,3.2498E-07,-3.2918E-07
0.030000000000000002,0.6,8.743E-09,-4.456E-09,1.1000000000000001E-13,3.25E-07,-3.2911999999999997E-07
0.035,0.6,8.6259E-09,-4.3597E-09,-1.1000000000000002E-12,3.2498E-07,-3.292E-07
0.04,0.6,8.5339E-09,-4.2655E-09,-1E-12,3.2498E-07,-3.2924E-07
0.045000000000000005,0.6,8.4351E-09,-4.1655E-09,-9.3E-13,3.2494E-07,-3.2918E-07
0.05,0.6,8.3365E-09,-4.0714E-09,-9.1000000000000016E-13,3.2492E-07,-3.292E-07
0.055,0.6,8.2006E-09,-3.9765E-09,-1.4400000000000001E-12,3.2494E-07,-3.2924E-07
0.060000000000000005,0.6,8.131E-09,-3.8922E-09,-7E-14,3.2492E-07,-3.2916E-07
0.065,0.6,8.0821E-09,-3.7989E-09,-4.1E-13,3.2494E-07,-3.292E-07
0.07,0.6,7.9393E-09,-3.7096E-09,-1.36E-12,3.2484E-07,-3.2918E-07
0.075,0.6,7.8658E-09,-3.6266E-09,-9.9E-13,3.2492E-07,-3.2916E-07
0.08,0.6,7.808E-09,-3.5398E-09,-1.2000000000000002E-13,3.2494E-07,-3.2918E-07
0.085,0.6,7.6871E-09,-3.4537E-09,-1.8000000000000002E-13,3.2494E-07,-3.2911999999999997E-07
0.090000000000000011,0.6,7.6177E-09,-3.3713E-09,-9.4E-13,3.249E-07,-3.292E-07
0.095,0.6,7.5195E-09,-3.2914E-09,-8.5000000000000011E-13,3.249E-07,-3.2911999999999997E-07
0.1,0.6,7.4561E-09,-3.2109E-09,-2E-13,3.2486E-07,-3.2916E-07
0.10500000000000001,0.6,7.375E-09,-3.1311E-09,-9.8E-13,3.2492E-07,-3.2922E-07
0.11,0.6,7.293E-09,-3.0538E-09,-5.8000000000000005E-13,3.249E-07,-3.2918E-07
0.115,0.6,7.2213E-09,-2.9787E-09,7.3E-13,3.2486E-07,-3.2916E-07
0.12000000000000001,0.6,7.136E-09,-2.9025E-09,-1.8000000000000002E-13,3.2496E-07,-3.2916E-07
0.125,0.6,7.0425E-09,-2.8294E-09,-1.46E-12,3.2488E-07,-3.291E-07
0.13,0.6,7.0028E-09,-2.7571E-09,-9.8E-13,3.2498E-07,-3.2914E-07
0.135,0.6,6.9027E-09,-2.6851E-09,-2.1000000000000001E-13,3.25E-07,-3.2911999999999997E-07
0.14,0.6,6.8382E-09,-2.6147E-09,-7.7000000000000005E-13,3.2488E-07,-3.2911999999999997E-07
0.14500000000000002,0.6,6.7776E-09,-2.5462E-09,-1.3300000000000002E-12,3.249E-07,-3.2914E-07
0.15,0.6,6.7035E-09,-2.4782E-09,-4.4000000000000004E-13,3.2496E-07,-3.2916E-07
0.155,0.6,6.6873E-09,-2.4107E-09,-7.4000000000000008E-13,3.25E-07,-3.2918E-07
0.16,0.6,6.5808E-09,-2.3461E-09,-1.6300000000000001E-12,3.2504E-07,-3.2922E-07
0.165,0.6,6.5171E-09,-2.2832E-09,-3.0000000000000003E-13,3.2504E-07,-3.2922E-07
0.17,0.6,6.4428E-09,-2.2215E-09,-2.3000000000000003E-13,3.25E-07,-3.292E-07
0.17500000000000002,0.6,6.3991E-09,-2.1563E-09,-1.3300000000000002E-12,3.2498E-07,-3.2918E-07
0.18000000000000002,0.6,6.2997E-09,-2.0981E-09,-7.7000000000000005E-13,3.25E-07,-3.2922E-07
0.185,0.6,6.2519E-09,-2.0389E-09,2.4000000000000004E-13,3.2502E-07,-3.2922E-07
0.19,0.6,6.1943E-09,-1.9819E-09,4.3000000000000004E-13,3.2496E-07,-3.293E-07
0.195,0.6,6.1647E-09,-1.9229E-09,-1.2000000000000001E-12,3.2496E-07,-3.2918E-07
0.2,0.6,6.1069E-09,-1.8692E-09,-3.2000000000000005E-13,3.2496E-07,-3.2922E-07
0.20500000000000002,0.6,6.0496E-09,-1.8143E-09,-5.5000000000000008E-13,3.25E-07,-3.2924E-07
0.21000000000000002,0.6,6.0157E-09,-1.7583E-09,-6.1E-13,3.2504E-07,-3.2925999999999997E-07
0.215,0.6,5.9099E-09,-1.7024E-09,-7.2000000000000006E-13,3.2502E-07,-3.2918E-07
0.22,0.6,5.8494E-09,-1.6543E-09,-1.2000000000000002E-13,3.2494E-07,-3.2911999999999997E-07
0.225,0.6,5.8473E-09,-1.6047E-09,-4.2000000000000003E-13,3.2494E-07,-3.2911999999999997E-07
0.23,0.6,5.7735E-09,-1.5512E-09,-6.3E-13,3.249E-07,-3.2911999999999997E-07
0.23500000000000001,0.6,5.7445E-09,-1.504E-09,-1.6300000000000001E-12,3.2494E-07,-3.2914E-07
0.24000000000000002,0.6,5.7069E-09,-1.4561E-09,-5.9E-13,3.25E-07,-3.2911999999999997E-07
0.24500000000000002,0.6,5.6211E-09,-1.4108E-09,-8.0000000000000013E-14,3.2484E-07,-3.2914E-07
0.25,0.6,5.5931E-09,-1.3633E-09,-1.4900000000000001E-12,3.248E-07,-3.2906E-07
0.255,0.6,5.5194E-09,-1.319E-09,-1.26E-12,3.2494E-07,-3.2911999999999997E-07
0.26,0.6,5.4551E-09,-1.278E-09,6.2000000000000008E-13,3.2498E-07,-3.2906E-07
0.265,0.6,5.4343E-09,-1.2343E-09,-5.9E-13,3.2488E-07,-3.2908E-07
0.27,0.6,5.3875E-09,-1.1914E-09,-4.6000000000000006E-13,3.2502E-07,-3.2918E-07
0.275,0.6,5.3542E-09,-1.1519E-09,-5.5000000000000008E-13,3.2498E-07,-3.2918E-07
0.28,0.6,5.3075E-09,-1.112E-09,-4.1E-13,3.2484E-07,-3.2902E-07
0.28500000000000003,0.6,5.2592E-09,-1.0716E-09,-3.7000000000000004E-13,3.2492E-07,-3.292E-07
0.29000000000000004,0.6,5.249E-09,-1.032E-09,-7.6000000000000009E-13,3.2486E-07,-3.2911999999999997E-07
0.29500000000000004,0.6,5.2207E-09,-9.987E-10,-5.9E-13,3.2486E-07,-3.2914E-07
0.3,0.6,5.1685E-09,-9.6067000000000016E-10,6.0000000000000009E-14,3.2492E-07,-3.291E-07
0.305,0.6,5.1365E-09,-9.230700000000001E-10,-8.4000000000000006E-13,3.2488E-07,-3.2911999999999997E-07
0.31,0.6,5.094E-09,-8.9061000000000009E-10,8.0000000000000013E-14,3.2492E-07,-3.2911999999999997E-07
0.315,0.6,5.074E-09,-8.577E-10,1E-13,3.2492E-07,-3.2914E-07
0.32,0.6,5.0703E-09,-8.236E-10,-1.7E-13,3.2492E-07,-3.2918E-07
0.325,0.6,5.0001E-09,-7.9062000000000011E-10,-8.2E-13,3.2488E-07,-3.2911999999999997E-07
0.33,0.6,4.9641E-09,-7.6113E-10,-3.3E-13,3.249E-07,-3.291E-07
0.335,0.6,4.9483E-09,-7.3095E-10,-3.5E-13,3.2482E-07,-3.2906E-07
0.34,0.6,4.8954E-09,-6.9927E-10,-4.4000000000000004E-13,3.2488E-07,-3.2914E-07
0.34500000000000003,0.6,4.8916E-09,-6.7125E-10,-1.5000000000000002E-13,3.2492E-07,-3.2908E-07
0.35000000000000003,0.6,4.8921E-09,-6.4436E-10,4.0000000000000006E-14,3.249E-07,-3.2911999999999997E-07
0.35500000000000004,0.6,4.8267E-09,-6.1523000000000006E-10,-3.3E-13,3.2492E-07,-3.2924E-07
0.36000000000000004,0.6,4.8151E-09,-5.8799000000000006E-10,-1.5600000000000002E-12,3.2492E-07,-3.2918E-07
0.365,0.6,4.7813E-09,-5.64E-10,-5.7E-13,3.2488E-07,-3.2922E-07
0.37,0.6,4.782E-09,-5.3883000000000009E-10,-1.3E-13,3.249E-07,-3.2914E-07
0.375,0.6,4.7674E-09,-5.1334E-10,-8.7E-13,3.2488E-07,-3.292E-07
0.38,0.6,4.7342E-09,-4.8964000000000008E-10,-1.07E-12,3.2486E-07,-3.291E-07
0.385,0.6,4.7051E-09,-4.6845000000000007E-10,-9.8E-13,3.249E-07,-3.2906E-07
0.39,0.6,4.6621E-09,-4.4546000000000003E-10,-5E-13,3.2494E-07,-3.2914E-07
0.395,0.6,4.6453E-09,-4.2358000000000005E-10,-1.69E-12,3.2488E-07,-3.2914E-07
0.4,0.6,4.6417E-09,-4.034E-10,-3.0000000000000005E-14,3.2492E-07,-3.2916E-07
0.405,0.6,4.6126E-09,-3.8468E-10,-5.1E-13,3.2494E-07,-3.292E-07
0.41000000000000003,0.6,4.6425E-09,-3.6175E-10,-1.14E-12,3.2488E-07,-3.2906E-07
0.41500000000000004,0.6,4.5989E-09,-3.4517E-10,-4.5000000000000005E-13,3.249E-07,-3.2914E-07
0.42000000000000004,0.6,4.5484E-09,-3.2722000000000003E-10,-6.3E-13,3.2488E-07,-3.2908E-07
0.42500000000000004,0.6,4.5577E-09,-3.0907E-10,-7.100000000000001E-13,3.248E-07,-3.2911999999999997E-07
0.43,0.6,4.5337E-09,-2.9085000000000003E-10,-1.1900000000000002E-12,3.2494E-07,-3.2918E-07
0.435,0.6,4.5549E-09,-2.7614000000000004E-10,-6.8E-13,3.2492E-07,-3.2916E-07
0.44,0.6,4.5104E-09,-2.6016E-10,-1.1000000000000001E-13,3.2492E-07,-3.2918E-07
0.445,0.6,4.508E-09,-2.4298E-10,-1E-13,3.2482E-07,-3.2916E-07
0.45,0.6,4.4811E-09,-2.2852000000000003E-10,-4.5000000000000005E-13,3.2492E-07,-3.2914E-07
0.455,0.6,4.4497E-09,-2.1596000000000002E-10,1.1000000000000001E-13,3.2486E-07,-3.2911999999999997E-07
0.46,0.6,4.4614E-09,-2.0088E-10,-4.9E-13,3.2488E-07,-3.2914E-07
0.465,0.6,4.4961E-09,-1.8724000000000002E-10,-1.2500000000000001E-12,3.2482E-07,-3.2914E-07
0.47000000000000003,0.6,4.4624E-09,-1.7599E-10,-1.02E-12,3.2488E-07,-3.2914E-07
0.47500000000000003,0.6,4.4534E-09,-1.6408000000000002E-10,-2.7E-13,3.2494E-07,-3.2914E-07
0.48000000000000004,0.6,4.4394E-09,-1.5062000000000002E-10,1.0000000000000002E-14,3.2494E-07,-3.2916E-07
0.48500000000000004,0.6,4.4148E-09,-1.3987E-10,-7.5E-13,3.2486E-07,-3.291E-07
0.49000000000000005,0.6,4.4262E-09,-1.309E-10,-3.7000000000000004E-13,3.2492E-07,-3.2914E-07
0.49500000000000005,0.6,4.4037E-09,-1.1978E-10,-5E-13,3.2488E-07,-3.2918E-07
0.5,0.6,4.441E-09,-1.0810000000000001E-10,-1.6300000000000001E-12,3.2486E-07,-3.2918E-07
0.505,0.6,4.3868E-09,-1.0129E-10,-1.7700000000000001E-12,3.249E-07,-3.2914E-07
0.51,0.6,4.411E-09,-9.338E-11,-3.3E-13,3.2486E-07,-3.2928E-07
0.515,0.6,4.3894E-09,-8.1740000000000007E-11,-1.46E-12,3.2486E-07,-3.292E-07
0.52,0.6,4.3622E-09,-7.475E-11,-1.0100000000000001E-12,3.2494E-07,-3.293E-07
0.525,0.6,4.4768E-09,-6.931E-11,1.2000000000000002E-13,3.2488E-07,-3.2932E-07
0.53,0.6,4.4866E-09,-6.071E-11,6.0000000000000009E-14,3.2494E-07,-3.2939999999999997E-07
0.535,0.6,4.4867E-09,-5.2740000000000003E-11,-7.7000000000000005E-13,3.2492E-07,-3.2925999999999997E-07
0.54,0.6,4.4752E-09,-4.72E-11,-4.1E-13,3.2488E-07,-3.293E-07
0.545,0.6,4.4875E-09,-4.1640000000000004E-11,7.6000000000000009E-13,3.2494E-07,-3.2946E-07
0.55,0.6,4.4785E-09,-3.3160000000000005E-11,-5.7E-13,3.2492E-07,-3.2936E-07
0.555,0.6,4.4638E-09,-2.6700000000000002E-11,-9.8E-13,3.2494E-07,-3.2936E-07
0.56,0.6,4.4918E-09,-2.2330000000000002E-11,-2.4000000000000004E-13,3.2494E-07,-3.2939999999999997E-07
0.56500000000000006,0.6,4.4519E-09,-1.728E-11,1.3E-13,3.2494E-07,-3.2942E-07
0.57000000000000006,0.6,4.4508E-09,-9.2000000000000012E-12,-4.3000000000000004E-13,3.2498E-07,-3.2934E-07
0.57500000000000007,0.6,4.4462E-09,-5.64E-12,-1.6200000000000002E-12,3.25E-07,-3.2946E-07
0.58000000000000007,0.6,4.4721E-09,-1.5300000000000001E-12,-4.5000000000000005E-13,3.2494E-07,-3.2936E-07
0.58500000000000008,0.6,4.4519E-09,3.4900000000000003E-12,-5E-14,3.2498E-07,-3.2932E-07
0.59000000000000008,0.6,4.4716E-09,1.0740000000000002E-11,-9.9E-13,3.249E-07,-3.2928E-07
0.595,0.6,4.4408E-09,1.211E-11,-9.8E-13,3.2492E-07,-3.2939999999999997E-07
0.6,0.6,4.4337E-09,1.783E-11,-1.6000000000000003E-13,3.2494E-07,-3.2934E-07
0.605,0.6,4.4607E-09,2.4770000000000002E-11,-4.6000000000000006E-13,3.2484E-07,-3.2936E-07
0.61,0.6,4.4454E-09,2.8580000000000003E-11,-2.03E-12,3.2494E-07,-3.2932E-07
0.615,0.6,4.4165E-09,3.1560000000000005E-11,-4.1E-13,3.2492E-07,-3.2936E-07
0.62,0.6,4.4171E-09,3.78E-11,-5E-13,3.2492E-07,-3.2939999999999997E-07
0.625,0.6,4.4168E-09,4.253E-11,-6.1E-13,3.2494E-07,-3.2939999999999997E-07
0.63,0.6,4.4366E-09,4.622E-11,-4E-13,3.2488E-07,-3.2932E-07
0.635,0.6,4.4134E-09,4.9370000000000006E-11,2.0000000000000003E-14,3.2488E-07,-3.2936E-07
0.64,0.6,4.4512E-09,5.5040000000000005E-11,-1.3E-13,3.2492E-07,-3.2936E-07
0.645,0.6,4.3976E-09,6.0450000000000008E-11,-1.09E-12,3.2492E-07,-3.2942E-07
0.65,0.6,4.3727E-09,6.166000000000001E-11,2.0000000000000003E-14,3.2492E-07,-3.2942E-07
0.655,0.6,4.3848E-09,6.928E-11,-4.5000000000000005E-13,3.2492E-07,-3.2932E-07
0.66,0.6,4.4074E-09,7.441E-11,-2.2000000000000002E-13,3.249E-07,-3.2934E-07
0.665,0.6,4.3656E-09,7.78E-11,-5.6E-13,3.2498E-07,-3.2936E-07
0.67,0.6,4.3837E-09,8.304E-11,-1.0000000000000002E-14,3.2484E-07,-3.2932E-07
0.675,0.6,4.3804E-09,8.8440000000000007E-11,-1.02E-12,3.2488E-07,-3.2936E-07
0.68,0.6,4.3687E-09,9.55E-11,-9.6000000000000015E-13,3.2486E-07,-3.2928E-07
0.685,0.6,4.3695E-09,9.892E-11,-1.1000000000000001E-13,3.2482E-07,-3.2934E-07
0.69000000000000006,0.6,4.3261E-09,1.0529E-10,-3.7000000000000004E-13,3.2488E-07,-3.2938E-07
0.69500000000000006,0.6,4.3251E-09,1.1401000000000002E-10,-1.8000000000000002E-13,3.2496E-07,-3.2946E-07
0.70000000000000007,0.6,4.3414E-09,1.1792000000000002E-10,-9.3E-13,3.25E-07,-3.2936E-07
0.70500000000000007,0.6,4.3215E-09,1.2512E-10,1.9000000000000002E-13,3.2498E-07,-3.2942E-07
0.71000000000000008,0.6,4.3384E-09,1.3215E-10,-7.3E-13,3.2494E-07,-3.2938E-07
0.71500000000000008,0.6,4.2945E-09,1.4091E-10,-1.88E-12,3.25E-07,-3.2946E-07
0.72000000000000008,0.6,4.2682E-09,1.4582000000000002E-10,-8.9E-13,3.2504E-07,-3.2944E-07
0.72500000000000009,0.6,4.2627E-09,1.5391000000000001E-10,-5E-13,3.2494E-07,-3.2942E-07
0.73,0.6,4.2538E-09,1.6278E-10,-8.5000000000000011E-13,3.2498E-07,-3.2944E-07
0.735,0.6,4.2653E-09,1.7192E-10,-1E-12,3.2494E-07,-3.2936E-07
0.74,0.6,4.2482E-09,1.7797E-10,6.8E-13,3.2498E-07,-3.2936E-07
0.745,0.6,4.2215E-09,1.8838000000000003E-10,-9.5E-13,3.2492E-07,-3.2934E-07
0.75,0.6,4.2149E-09,1.9909E-10,-5.9E-13,3.2494E-07,-3.2942E-07
0.755,0.6,4.2448E-09,2.0796000000000002E-10,-8.1000000000000008E-13,3.25E-07,-3.2932E-07
0.76,0.6,4.1981E-09,2.1775000000000002E-10,-3.0000000000000003E-13,3.2492E-07,-3.293E-07
0.765,0.6,4.1892E-09,2.3101E-10,-9.8E-13,3.2494E-07,-3.2932E-07
0.77,0.6,4.1821E-09,2.4272E-10,-1.5300000000000001E-12,3.249E-07,-3.2936E-07
0.775,0.6,4.1431E-09,2.5362E-10,-4.3000000000000004E-13,3.2488E-07,-3.293E-07
0.78,0.6,4.1414E-09,2.6634000000000003E-10,-4.0000000000000006E-14,3.2488E-07,-3.2925999999999997E-07
0.785,0.6,4.1527E-09,2.8166000000000004E-10,-1.1900000000000002E-12,3.2492E-07,-3.2932E-07
0.79,0.6,4.0869E-09,2.9272E-10,-5.6E-13,3.2494E-07,-3.2932E-07
0.795,0.6,4.0852E-09,3.0796000000000004E-10,-4E-13,3.2492E-07,-3.2925999999999997E-07
0.8,0.6,4.0861E-09,3.2482E-10,-5.5000000000000008E-13,3.2488E-07,-3.2942E-07
0.805,0.6,4.0494E-09,3.3879000000000003E-10,-1.1000000000000002E-12,3.2498E-07,-3.2936E-07
0.81,0.6,4.0613E-09,3.5547E-10,2.0000000000000003E-14,3.2492E-07,-3.2939999999999997E-07
0.81500000000000006,0.6,4.0414E-09,3.7392000000000004E-10,4.0000000000000006E-14,3.249E-07,-3.2932E-07
0.82000000000000006,0.6,4.0116E-09,3.9441000000000004E-10,-1.1000000000000001E-13,3.2486E-07,-3.293E-07
0.82500000000000007,0.6,3.9609E-09,4.1264000000000004E-10,-3.5E-13,3.2486E-07,-3.2924E-07
0.83000000000000007,0.6,3.9814E-09,4.3195000000000004E-10,2.6E-13,3.2494E-07,-3.293E-07
0.83500000000000008,0.6,3.9939E-09,4.5703E-10,-7.6000000000000009E-13,3.2486E-07,-3.293E-07
0.84000000000000008,0.6,3.8984E-09,4.7857E-10,-1.13E-12,3.249E-07,-3.2934E-07
0.84500000000000008,0.6,3.8708E-09,5.0420000000000008E-10,-5.1E-13,3.2488E-07,-3.2932E-07
0.85000000000000009,0.6,3.8763E-09,5.3139000000000006E-10,-2.9000000000000003E-13,3.2494E-07,-3.2938E-07
0.85500000000000009,0.6,3.8172E-09,5.5993E-10,-1.22E-12,3.2498E-07,-3.2936E-07
0.86,0.6,3.7938E-09,5.8722000000000007E-10,-1.2400000000000002E-12,3.2496E-07,-3.2938E-07
0.865,0.6,3.7793999999999996E-09,6.1899E-10,1.6000000000000003E-13,3.2498E-07,-3.2934E-07
0.87,0.6,3.7218E-09,6.5551E-10,-8E-13,3.2494E-07,-3.2936E-07
0.875,0.6,3.6754E-09,6.9262E-10,-8.7E-13,3.249E-07,-3.2932E-07
0.88,0.6,3.6357999999999998E-09,7.3112000000000006E-10,-6.0000000000000009E-14,3.2488E-07,-3.2928E-07
0.885,0.6,3.6068E-09,7.7227000000000006E-10,-7.2000000000000006E-13,3.2486E-07,-3.2924E-07
0.89,0.6,3.59E-09,8.2073E-10,-1.36E-12,3.2486E-07,-3.2924E-07
0.895,0.6,3.544E-09,8.6628E-10,-7.9000000000000007E-13,3.249E-07,-3.2928E-07
0.9,0.6,3.4482E-09,9.1695E-10,-2.8E-13,3.2494E-07,-3.2934E-07
-0.3,0.75,3.1144E-08,-2.5586399999999997E-08,6.0000000000000009E-14,3.2488E-07,-3.3008E-07
-0.29500000000000004,0.75,3.0673E-08,-2.4933E-08,-4.7E-13,3.2486E-07,-3.3044E-07
-0.29000000000000004,0.75,3.0262199999999994E-08,-2.43066E-08,-1.2000000000000001E-12,3.2492E-07,-3.3079999999999997E-07
-0.28500000000000003,0.75,2.99508E-08,-2.3733599999999998E-08,-1.7200000000000001E-12,3.2482E-07,-3.3093999999999997E-07
-0.28,0.75,2.9581599999999998E-08,-2.3182999999999997E-08,-9.000000000000001E-13,3.2484E-07,-3.3128E-07
-0.275,0.75,2.92354E-08,-2.2662799999999998E-08,2.5E-13,3.2486E-07,-3.3132E-07
-0.27,0.75,2.8907999999999997E-08,-2.21566E-08,4.3000000000000004E-13,3.2494E-07,-3.3163999999999997E-07
-0.265,0.75,2.8619799999999997E-08,-2.1686999999999998E-08,-3.0000000000000003E-13,3.2494E-07,-3.3172E-07
-0.26,0.75,2.8272799999999997E-08,-2.12598E-08,-4.8000000000000008E-13,3.2486E-07,-3.3186E-07
-0.255,0.75,2.8012399999999998E-08,-2.0831399999999998E-08,-2.9000000000000003E-13,3.2486E-07,-3.3191999999999997E-07
-0.25,0.75,2.7653399999999998E-08,-2.04256E-08,-8.300000000000001E-13,3.2488E-07,-3.3202E-07
-0.24500000000000002,0.75,2.7396999999999997E-08,-2.00318E-08,-7E-13,3.2486E-07,-3.3205999999999997E-07
-0.24000000000000002,0.75,2.7162E-08,-1.96616E-08,-9.4E-13,3.2486E-07,-3.324E-07
-0.23500000000000001,0.75,2.6878599999999997E-08,-1.93012E-08,-1.0100000000000001E-12,3.2482E-07,-3.3233999999999997E-07
-0.23,0.75,2.6555999999999996E-08,-1.89532E-08,-2.4000000000000004E-13,3.2492E-07,-3.3236E-07
-0.225,0.75,2.62966E-08,-1.8610999999999997E-08,-2.8E-13,3.2492E-07,-3.3258E-07
-0.22,0.75,2.5961599999999996E-08,-1.8294599999999998E-08,-1.3000000000000001E-12,3.2488E-07,-3.326E-07
-0.215,0.75,2.5720799999999998E-08,-1.7977199999999997E-08,-1.14E-12,3.2484E-07,-3.3258E-07
-0.21000000000000002,0.75,2.5471999999999998E-08,-1.7678799999999998E-08,-3.9000000000000005E-13,3.2488E-07,-3.326E-07
-0.20500000000000002,0.75,2.5231399999999998E-08,-1.7385199999999997E-08,-1.3E-13,3.2486E-07,-3.3268E-07
-0.2,0.75,2.4893599999999996E-08,-1.70972E-08,-6.5000000000000006E-13,3.249E-07,-3.3264E-07
-0.195,0.75,2.4646799999999998E-08,-1.6808799999999998E-08,-1E-13,3.2484E-07,-3.3264E-07
-0.19,0.75,2.4402199999999997E-08,-1.6536999999999998E-08,-3.5E-13,3.2492E-07,-3.3278E-07
-0.185,0.75,2.4172799999999997E-08,-1.62676E-08,-3.5E-13,3.2492E-07,-3.3282E-07
-0.18000000000000002,0.75,2.3854999999999998E-08,-1.60102E-08,4.2000000000000003E-13,3.2488E-07,-3.3272E-07
-0.17500000000000002,0.75,2.3636599999999997E-08,-1.5754199999999998E-08,-3.6000000000000003E-13,3.2492E-07,-3.328E-07
-0.17,0.75,2.34352E-08,-1.55064E-08,-7.5E-13,3.2492E-07,-3.3274E-07
-0.165,0.75,2.3144399999999997E-08,-1.52584E-08,-7.3E-13,3.2488E-07,-3.3278E-07
-0.16,0.75,2.2993799999999996E-08,-1.5013199999999998E-08,-1.2000000000000002E-13,3.2496E-07,-3.3286E-07
-0.155,0.75,2.2709399999999997E-08,-1.47756E-08,4.8000000000000008E-13,3.249E-07,-3.3275999999999997E-07
-0.15,0.75,2.2493399999999997E-08,-1.4548599999999998E-08,-5.9E-13,3.2494E-07,-3.3274E-07
-0.14500000000000002,0.75,2.22676E-08,-1.4316399999999999E-08,-6.0000000000000007E-13,3.2496E-07,-3.3275999999999997E-07
-0.14,0.75,2.2015599999999998E-08,-1.4091399999999999E-08,-1.8000000000000002E-13,3.2498E-07,-3.3292E-07
-0.135,0.75,2.1800199999999998E-08,-1.38718E-08,2.0000000000000003E-14,3.249E-07,-3.3275999999999997E-07
-0.13,0.75,2.16136E-08,-1.3658999999999998E-08,1E-13,3.2492E-07,-3.3272E-07
-0.125,0.75,2.13402E-08,-1.3447199999999999E-08,6.9000000000000009E-13,3.2492E-07,-3.328E-07
-0.12000000000000001,0.75,2.11944E-08,-1.32276E-08,2.4000000000000004E-13,3.2492E-07,-3.328E-07
-0.115,0.75,2.0953199999999997E-08,-1.3014199999999999E-08,-2.1000000000000001E-13,3.2486E-07,-3.3275999999999997E-07
-0.11,0.75,2.07102E-08,-1.2808999999999999E-08,-1.1900000000000002E-12,3.2492E-07,-3.3274E-07
-0.10500000000000001,0.75,2.0522199999999998E-08,-1.2608199999999999E-08,-7E-13,3.2486E-07,-3.3282E-07
-0.1,0.75,2.03132E-08,-1.2408999999999999E-08,-5.3000000000000006E-13,3.2492E-07,-3.3274E-07
-0.095,0.75,2.01158E-08,-1.2209999999999998E-08,-6.6E-13,3.2494E-07,-3.3274E-07
-0.090000000000000011,0.75,1.98724E-08,-1.2016199999999999E-08,-2.7E-13,3.249E-07,-3.3278E-07
-0.085,0.75,1.9697599999999997E-08,-1.18212E-08,-1.4800000000000002E-12,3.249E-07,-3.3284E-07
-0.08,0.75,1.9544399999999998E-08,-1.16282E-08,-1.18E-12,3.2488E-07,-3.328E-07
-0.075,0.75,1.9306599999999997E-08,-1.14376E-08,-7.100000000000001E-13,3.2496E-07,-3.3272E-07
-0.07,0.75,1.9094E-08,-1.1253799999999999E-08,-5.3000000000000006E-13,3.2488E-07,-3.3282E-07
-0.065,0.75,1.8894799999999997E-08,-1.1076E-08,-1.3300000000000002E-12,3.2488E-07,-3.327E-07
-0.060000000000000005,0.75,1.87278E-08,-1.0894799999999998E-08,-1.1000000000000002E-12,3.2492E-07,-3.3274E-07
-0.055,0.75,1.85988E-08,-1.0711999999999999E-08,-9.1000000000000016E-13,3.2494E-07,-3.3274E-07
-0.05,0.75,1.8353E-08,-1.0538399999999998E-08,-1.3500000000000001E-12,3.2494E-07,-3.327E-07
-0.045000000000000005,0.75,1.8184399999999998E-08,-1.0359399999999999E-08,-9.7000000000000011E-13,3.2492E-07,-3.3261999999999997E-07
-0.04,0.75,1.80468E-08,-1.01924E-08,-1.23E-12,3.2488E-07,-3.326E-07
-0.035,0.75,1.7864999999999998E-08,-1.00204E-08,-9.6000000000000015E-13,3.2484E-07,-3.327E-07
-0.030000000000000002,0.75,1.76536E-08,-9.8543999999999986E-09,-5.5000000000000008E-13,3.2494E-07,-3.328E-07
-0.025,0.75,1.7503599999999997E-08,-9.6835999999999991E-09,-1.14E-12,3.2488E-07,-3.3272E-07
-0.02,0.75,1.7303999999999997E-08,-9.5182E-09,-3.2000000000000005E-13,3.2494E-07,-3.3274E-07
-0.015000000000000001,0.75,1.7162399999999997E-08,-9.3635E-09,-5.3000000000000006E-13,3.2488E-07,-3.3274E-07
-0.01,0.75,1.6978599999999998E-08,-9.2027E-09,-8.2E-13,3.2484E-07,-3.3268E-07
-0.005,0.75,1.67778E-08,-9.0426E-09,-2.1000000000000001E-13,3.2486E-07,-3.325E-07
0,0.75,1.6587599999999998E-08,-8.8851E-09,2.9000000000000003E-13,3.2484E-07,-3.326E-07
0.005,0.75,1.6475799999999997E-08,-8.7264E-09,6.3E-13,3.2488E-07,-3.3254E-07
0.01,0.75,1.63316E-08,-8.5725E-09,-1.02E-12,3.2486E-07,-3.3256E-07
0.015000000000000001,0.75,1.6138599999999998E-08,-8.4199E-09,-6.7000000000000007E-13,3.2488E-07,-3.3258E-07
0.02,0.75,1.5978E-08,-8.2706E-09,-1.27E-12,3.249E-07,-3.326E-07
0.025,0.75,1.5810799999999998E-08,-8.1245E-09,-4.6000000000000006E-13,3.2492E-07,-3.3252E-07
0.030000000000000002,0.75,1.5672999999999997E-08,-7.9765E-09,-6.2000000000000008E-13,3.2486E-07,-3.326E-07
0.035,0.75,1.55112E-08,-7.834E-09,2.7E-13,3.2486E-07,-3.325E-07
0.04,0.75,1.53776E-08,-7.6883E-09,-1.0000000000000002E-14,3.2484E-07,-3.3246E-07
0.045000000000000005,0.75,1.5248E-08,-7.5466E-09,-8.300000000000001E-13,3.2496E-07,-3.3256E-07
0.05,0.75,1.5139199999999998E-08,-7.41E-09,-1.3000000000000001E-12,3.2498E-07,-3.3258E-07
0.055,0.75,1.4889999999999998E-08,-7.2718E-09,1.1000000000000001E-13,3.2496E-07,-3.3261999999999997E-07
0.060000000000000005,0.75,1.47756E-08,-7.1378E-09,-9.4E-13,3.249E-07,-3.3258E-07
0.065,0.75,1.4699399999999998E-08,-7.0052E-09,2.4000000000000004E-13,3.2492E-07,-3.3246E-07
0.07,0.75,1.4588599999999999E-08,-6.8682E-09,-5.2E-13,3.249E-07,-3.3252E-07
0.075,0.75,1.4424999999999999E-08,-6.7377E-09,-1.3E-13,3.2486E-07,-3.3258E-07
0.08,0.75,1.4261999999999999E-08,-6.6083E-09,-8.4000000000000006E-13,3.2494E-07,-3.325E-07
0.085,0.75,1.41504E-08,-6.4816E-09,-8.7E-13,3.2494E-07,-3.3247999999999997E-07
0.090000000000000011,0.75,1.4000599999999999E-08,-6.3557E-09,-4.9E-13,3.2492E-07,-3.326E-07
0.095,0.75,1.3932399999999999E-08,-6.2338E-09,1.9000000000000002E-13,3.249E-07,-3.3252E-07
0.1,0.75,1.3749999999999999E-08,-6.1139E-09,-2.1000000000000001E-13,3.2496E-07,-3.3254E-07
0.10500000000000001,0.75,1.3668399999999999E-08,-5.9908E-09,-3.0000000000000003E-13,3.2496E-07,-3.3254E-07
0.11,0.75,1.3515599999999998E-08,-5.869E-09,-1.09E-12,3.2484E-07,-3.3246E-07
0.115,0.75,1.33654E-08,-5.7511E-09,-4.7E-13,3.2488E-07,-3.3252E-07
0.12000000000000001,0.75,1.3276E-08,-5.6356E-09,-6.3E-13,3.2486E-07,-3.325E-07
0.125,0.75,1.3107599999999999E-08,-5.5205E-09,-3.3E-13,3.2494E-07,-3.3256E-07
0.13,0.75,1.3040999999999999E-08,-5.4081999999999996E-09,-5.9E-13,3.2488E-07,-3.3242E-07
0.135,0.75,1.2872999999999999E-08,-5.2971E-09,-1.7E-13,3.2488E-07,-3.3244E-07
0.14,0.75,1.2738399999999998E-08,-5.1833E-09,-1.03E-12,3.2482E-07,-3.325E-07
0.14500000000000002,0.75,1.2660599999999998E-08,-5.0783E-09,-8.9E-13,3.2484E-07,-3.324E-07
0.15,0.75,1.25618E-08,-4.9701E-09,-1.5400000000000001E-12,3.2484E-07,-3.3233999999999997E-07
0.155,0.75,1.24222E-08,-4.8637E-09,-5.5000000000000008E-13,3.2484E-07,-3.3233999999999997E-07
0.16,0.75,1.2336799999999999E-08,-4.7641E-09,-5E-13,3.2488E-07,-3.325E-07
0.165,0.75,1.2229399999999998E-08,-4.6576E-09,-2.8E-13,3.2488E-07,-3.3238E-07
0.17,0.75,1.2191599999999999E-08,-4.5582E-09,3.8000000000000005E-13,3.2488E-07,-3.3232E-07
0.17500000000000002,0.75,1.1993399999999999E-08,-4.4578E-09,-1.4E-13,3.2482E-07,-3.324E-07
0.18000000000000002,0.75,1.18934E-08,-4.3593E-09,-1.27E-12,3.248E-07,-3.3246E-07
0.185,0.75,1.1869799999999999E-08,-4.2633E-09,-6.0000000000000007E-13,3.2484E-07,-3.325E-07
0.19,0.75,1.1718599999999999E-08,-4.1724E-09,3.8000000000000005E-13,3.2488E-07,-3.3242E-07
0.195,0.75,1.16934E-08,-4.0772E-09,-2.1000000000000001E-13,3.2482E-07,-3.324E-07
0.2,0.75,1.15832E-08,-3.9853E-09,-2.9000000000000003E-13,3.2482E-07,-3.3233999999999997E-07
0.20500000000000002,0.75,1.1445999999999999E-08,-3.8931E-09,-9.1000000000000016E-13,3.249E-07,-3.325E-07
0.21000000000000002,0.75,1.1344599999999998E-08,-3.8041E-09,-4.7E-13,3.2478E-07,-3.3238E-07
0.215,0.75,1.1215799999999998E-08,-3.7145E-09,-7.6000000000000009E-13,3.2488E-07,-3.323E-07
0.22,0.75,1.1190999999999999E-08,-3.6305E-09,-1.2400000000000002E-12,3.249E-07,-3.3233999999999997E-07
0.225,0.75,1.1091199999999999E-08,-3.543E-09,6.7000000000000007E-13,3.2486E-07,-3.3236E-07
0.23,0.75,1.0979799999999999E-08,-3.4579E-09,3.4E-13,3.2484E-07,-3.3228E-07
0.23500000000000001,0.75,1.0911199999999999E-08,-3.3737E-09,-6.8E-13,3.2486E-07,-3.3242E-07
0.24000000000000002,0.75,1.0851999999999999E-08,-3.2903E-09,-1.14E-12,3.2482E-07,-3.324E-07
0.24500000000000002,0.75,1.0772599999999998E-08,-3.214E-09,-5.4E-13,3.2492E-07,-3.3246E-07
0.25,0.75,1.06928E-08,-3.1356E-09,-9.2000000000000012E-13,3.2484E-07,-3.3244E-07
0.255,0.75,1.0593199999999999E-08,-3.0583E-09,-6.7000000000000007E-13,3.2492E-07,-3.3244E-07
0.26,0.75,1.05514E-08,-2.9822E-09,1.2000000000000002E-13,3.2488E-07,-3.3242E-07
0.265,0.75,1.0448399999999999E-08,-2.9063E-09,4.5000000000000005E-13,3.2492E-07,-3.325E-07
0.27,0.75,1.0407399999999999E-08,-2.8314E-09,-2.8E-13,3.2488E-07,-3.324E-07
0.275,0.75,1.02944E-08,-2.7579E-09,-1.6800000000000001E-12,3.2482E-07,-3.323E-07
0.28,0.75,1.0239799999999999E-08,-2.6874E-09,-1.0600000000000001E-12,3.249E-07,-3.3238E-07
0.28500000000000003,0.75,1.0198E-08,-2.6203E-09,-1.36E-12,3.249E-07,-3.3252E-07
0.29000000000000004,0.75,1.0082799999999999E-08,-2.5513E-09,-1.5000000000000002E-13,3.2494E-07,-3.3236E-07
0.29500000000000004,0.75,9.993399999999999E-09,-2.4828E-09,-4.8000000000000008E-13,3.2488E-07,-3.3232E-07
0.3,0.75,9.9601999999999988E-09,-2.4161E-09,3.9000000000000005E-13,3.2482E-07,-3.324E-07
0.305,0.75,9.8532E-09,-2.3496E-09,-4.1E-13,3.2494E-07,-3.324E-07
0.31,0.75,9.788E-09,-2.2874E-09,-8.6000000000000007E-13,3.2484E-07,-3.324E-07
0.315,0.75,9.8051E-09,-2.2234E-09,-1.9000000000000002E-13,3.2486E-07,-3.3238E-07
0.32,0.75,9.6243E-09,-2.1598E-09,-1.0100000000000001E-12,3.2486E-07,-3.323E-07
0.325,0.75,9.5761E-09,-2.1014E-09,-9.000000000000001E-13,3.2482E-07,-3.3246E-07
0.33,0.75,9.5146E-09,-2.0428E-09,-3.6000000000000003E-13,3.2486E-07,-3.3242E-07
0.335,0.75,9.505E-09,-1.9837E-09,-1.04E-12,3.2486E-07,-3.3222E-07
0.34,0.75,9.3762E-09,-1.9239E-09,-1.6300000000000001E-12,3.249E-07,-3.3242E-07
0.34500000000000003,0.75,9.4295E-09,-1.8707E-09,-8.9E-13,3.2486E-07,-3.324E-07
0.35000000000000003,0.75,9.2767E-09,-1.8164E-09,-4.5000000000000005E-13,3.2484E-07,-3.324E-07
0.35500000000000004,0.75,9.2676E-09,-1.7601E-09,-2.3000000000000003E-13,3.2482E-07,-3.3242E-07
0.36000000000000004,0.75,9.2929E-09,-1.709E-09,-9.5E-13,3.2492E-07,-3.3246E-07
0.365,0.75,9.2111E-09,-1.6586E-09,-2.3000000000000003E-13,3.2482E-07,-3.3242E-07
0.37,0.75,9.1682E-09,-1.6063E-09,-3.3E-13,3.249E-07,-3.3232E-07
0.375,0.75,9.1258E-09,-1.554E-09,-5.8000000000000005E-13,3.2484E-07,-3.3233999999999997E-07
0.38,0.75,8.963E-09,-1.5066E-09,-9.6000000000000015E-13,3.2482E-07,-3.324E-07
0.385,0.75,8.9182E-09,-1.4599E-09,1.5000000000000002E-13,3.2484E-07,-3.3228E-07
0.39,0.75,8.8856E-09,-1.4111E-09,-6.400000000000001E-13,3.2492E-07,-3.3246E-07
0.395,0.75,8.8778E-09,-1.3658E-09,-9.7000000000000011E-13,3.249E-07,-3.3228E-07
0.4,0.75,8.8042E-09,-1.3216E-09,-1.07E-12,3.2488E-07,-3.324E-07
0.405,0.75,8.8072E-09,-1.2784E-09,1.6000000000000003E-13,3.2488E-07,-3.3247999999999997E-07
0.41000000000000003,0.75,8.8353E-09,-1.2323E-09,-1.18E-12,3.2486E-07,-3.3233999999999997E-07
0.41500000000000004,0.75,8.7634E-09,-1.1916E-09,-3.6000000000000003E-13,3.248E-07,-3.324E-07
0.42000000000000004,0.75,8.6184E-09,-1.1529E-09,-7.8000000000000011E-13,3.248E-07,-3.3236E-07
0.42500000000000004,0.75,8.5839E-09,-1.1112E-09,-3.4E-13,3.248E-07,-3.3233999999999997E-07
0.43,0.75,8.5721E-09,-1.0711E-09,-6.8E-13,3.2486E-07,-3.3226E-07
0.435,0.75,8.5904E-09,-1.0349E-09,-5.8000000000000005E-13,3.2486E-07,-3.3246E-07
0.44,0.75,8.5165E-09,-9.98E-10,-1.4E-13,3.2488E-07,-3.3236E-07
0.445,0.75,8.496E-09,-9.5927000000000014E-10,-1.0600000000000001E-12,3.2484E-07,-3.3242E-07
0.45,0.75,8.4187E-09,-9.2362000000000006E-10,-1.0600000000000001E-12,3.248E-07,-3.3233999999999997E-07
0.455,0.75,8.395E-09,-8.9101000000000011E-10,-4.4000000000000004E-13,3.2482E-07,-3.3232E-07
0.46,0.75,8.3541E-09,-8.5593000000000006E-10,-8.1000000000000008E-13,3.2492E-07,-3.3228E-07
0.465,0.75,8.3985E-09,-8.2244000000000011E-10,-2.4000000000000004E-13,3.2486E-07,-3.324E-07
0.47000000000000003,0.75,8.3082E-09,-7.9184E-10,-5.7E-13,3.2492E-07,-3.3236E-07
0.47500000000000003,0.75,8.2897E-09,-7.6089E-10,4.5000000000000005E-13,3.2482E-07,-3.3246E-07
0.48000000000000004,0.75,8.2759E-09,-7.2779E-10,-4.1E-13,3.2484E-07,-3.3247999999999997E-07
0.48500000000000004,0.75,8.2184E-09,-6.9876000000000008E-10,-1.3E-13,3.2482E-07,-3.3232E-07
0.49000000000000005,0.75,8.1648E-09,-6.712E-10,-3.0000000000000003E-13,3.248E-07,-3.3244E-07
0.49500000000000005,0.75,8.1189E-09,-6.423E-10,-2.7E-13,3.248E-07,-3.3233999999999997E-07
0.5,0.75,8.1415E-09,-6.1297E-10,-1.2500000000000001E-12,3.2484E-07,-3.3238E-07
0.505,0.75,8.0572E-09,-5.8810000000000007E-10,-9.6000000000000015E-13,3.2486E-07,-3.323E-07
0.51,0.75,8.0734E-09,-5.6173000000000009E-10,-9.0000000000000008E-14,3.2488E-07,-3.323E-07
0.515,0.75,8.0685E-09,-5.3639E-10,-4.9E-13,3.2482E-07,-3.3232E-07
0.52,0.75,8.1087E-09,-5.1093E-10,-8.9E-13,3.2486E-07,-3.3238E-07
0.525,0.75,8.0419E-09,-4.8974E-10,-6.400000000000001E-13,3.2482E-07,-3.3224E-07
0.53,0.75,8.0176E-09,-4.6488000000000005E-10,-2.4000000000000004E-13,3.2486E-07,-3.3228E-07
0.535,0.75,8.0078E-09,-4.4126000000000004E-10,-1.73E-12,3.2486E-07,-3.3224E-07
0.54,0.75,7.9263E-09,-4.1980000000000004E-10,-1.51E-12,3.2486E-07,-3.325E-07
0.545,0.75,7.9496E-09,-4.0047E-10,-3.4E-13,3.2486E-07,-3.3242E-07
0.55,0.75,7.9065E-09,-3.7815000000000003E-10,-4.7E-13,3.2486E-07,-3.324E-07
0.555,0.75,7.8791E-09,-3.5834000000000003E-10,-1.2500000000000001E-12,3.2494E-07,-3.3258E-07
0.56,0.75,7.9781E-09,-3.402E-10,-8.7E-13,3.248E-07,-3.324E-07
0.56500000000000006,0.75,7.8611E-09,-3.2286E-10,5.8000000000000005E-13,3.2482E-07,-3.3244E-07
0.57000000000000006,0.75,7.8808E-09,-3.0208E-10,-7.7000000000000005E-13,3.2482E-07,-3.3244E-07
0.57500000000000007,0.75,7.8509E-09,-2.8752E-10,-5.5000000000000008E-13,3.2488E-07,-3.3236E-07
0.58000000000000007,0.75,7.8055E-09,-2.7105E-10,-4.7E-13,3.2482E-07,-3.325E-07
0.58500000000000008,0.75,7.8111E-09,-2.5413000000000003E-10,-3.0000000000000003E-13,3.2484E-07,-3.3236E-07
0.59000000000000008,0.75,7.8728E-09,-2.3749E-10,-1.21E-12,3.2482E-07,-3.324E-07
0.595,0.75,7.8504E-09,-2.2474000000000002E-10,-4.5000000000000005E-13,3.2482E-07,-3.3252E-07
0.6,0.75,7.8806E-09,-2.1040000000000002E-10,-4.9E-13,3.2488E-07,-3.3252E-07
0.605,0.75,7.8313E-09,-1.9452000000000002E-10,-2E-13,3.2488E-07,-3.3256E-07
0.61,0.75,7.8381E-09,-1.8231000000000002E-10,-1.22E-12,3.2488E-07,-3.3254E-07
0.615,0.75,7.7912E-09,-1.7045000000000002E-10,1.8000000000000002E-13,3.2486E-07,-3.3254E-07
0.62,0.75,7.8445E-09,-1.5756000000000002E-10,5.9E-13,3.248E-07,-3.3242E-07
0.625,0.75,7.8025E-09,-1.4344000000000002E-10,-1.02E-12,3.2478E-07,-3.3233999999999997E-07
0.63,0.75,7.7306E-09,-1.3539E-10,-6.7000000000000007E-13,3.2476E-07,-3.3242E-07
0.635,0.75,7.7074E-09,-1.2357000000000002E-10,2.0000000000000003E-14,3.2484E-07,-3.3244E-07
0.64,0.75,7.7371E-09,-1.1172E-10,-7.100000000000001E-13,3.249E-07,-3.3252E-07
0.645,0.75,7.7205E-09,-1.0203000000000001E-10,-1.31E-12,3.2488E-07,-3.3238E-07
0.65,0.75,7.8279E-09,-9.3500000000000013E-11,-1.5000000000000002E-13,3.2478E-07,-3.3252E-07
0.655,0.75,7.8039E-09,-8.4520000000000009E-11,-7.5E-13,3.2482E-07,-3.3258E-07
0.66,0.75,7.7547E-09,-7.3430000000000012E-11,-1.1100000000000001E-12,3.2486E-07,-3.3258E-07
0.665,0.75,7.7918E-09,-6.741E-11,-6.2000000000000008E-13,3.2488E-07,-3.3258E-07
0.67,0.75,7.8007E-09,-6.014E-11,-1E-13,3.2488E-07,-3.326E-07
0.675,0.75,7.7426E-09,-5.036E-11,-1E-12,3.2486E-07,-3.3264E-07
0.68,0.75,7.7351E-09,-4.5400000000000006E-11,-1.02E-12,3.2494E-07,-3.3256E-07
0.685,0.75,7.7097E-09,-3.8180000000000004E-11,-1.03E-12,3.2492E-07,-3.3258E-07
0.69000000000000006,0.75,7.7747E-09,-3.179E-11,1.8000000000000002E-13,3.249E-07,-3.326E-07
0.69500000000000006,0.75,7.7374E-09,-2.5030000000000003E-11,-1.7600000000000002E-12,3.2488E-07,-3.3247999999999997E-07
0.70000000000000007,0.75,7.7594E-09,-2.0660000000000003E-11,-2.5E-13,3.2482E-07,-3.3256E-07
0.70500000000000007,0.75,7.743E-09,-1.4460000000000001E-11,2.8E-13,3.2482E-07,-3.3256E-07
0.71000000000000008,0.75,7.6898E-09,-1.028E-11,-1.5000000000000002E-13,3.248E-07,-3.3264E-07
0.71500000000000008,0.75,7.7275E-09,-1.7700000000000001E-12,-7.9000000000000007E-13,3.2482E-07,-3.3258E-07
0.72000000000000008,0.75,7.6924E-09,-6.2000000000000008E-13,-1.6000000000000003E-13,3.2486E-07,-3.3258E-07
0.72500000000000009,0.75,7.7368E-09,4.8100000000000007E-12,-2.6E-13,3.2496E-07,-3.3274E-07
0.73,0.75,7.7597E-09,1.0900000000000001E-11,7E-14,3.249E-07,-3.325E-07
0.735,0.75,7.683E-09,1.3970000000000001E-11,-1.2000000000000001E-12,3.2482E-07,-3.3258E-07
0.74,0.75,7.7650999999999992E-09,1.8070000000000002E-11,-6.8E-13,3.2484E-07,-3.3272E-07
0.745,0.75,7.7795E-09,2.4030000000000003E-11,-9.2000000000000012E-13,3.2488E-07,-3.3252E-07
0.75,0.75,7.717E-09,2.9020000000000004E-11,-7.7000000000000005E-13,3.2484E-07,-3.3261999999999997E-07
0.755,0.75,7.7172E-09,3.135E-11,-6.0000000000000007E-13,3.2486E-07,-3.3264E-07
0.76,0.75,7.6922E-09,3.496E-11,-3.9000000000000005E-13,3.2476E-07,-3.3256E-07
0.765,0.75,7.7241E-09,4.1140000000000006E-11,-4.1E-13,3.2486E-07,-3.326E-07
0.77,0.75,7.688E-09,4.44E-11,-1.3400000000000002E-12,3.2478E-07,-3.3258E-07
0.775,0.75,7.6658E-09,4.603E-11,-6.6E-13,3.2476E-07,-3.326E-07
0.78,0.75,7.7382E-09,5.2930000000000005E-11,8.0000000000000013E-14,3.2472E-07,-3.3254E-07
0.785,0.75,7.7392E-09,5.652E-11,-9.000000000000001E-13,3.2478E-07,-3.3252E-07
0.79,0.75,7.7459E-09,5.9570000000000007E-11,-8.6000000000000007E-13,3.2478E-07,-3.3252E-07
0.795,0.75,7.7398E-09,6.3180000000000008E-11,-1E-13,3.2482E-07,-3.3252E-07
0.8,0.75,7.6896E-09,6.928E-11,-8.1000000000000008E-13,3.2482E-07,-3.3256E-07
0.805,0.75,7.7622E-09,7.4130000000000007E-11,-1.0500000000000002E-12,3.2488E-07,-3.3258E-07
0.81,0.75,7.6319E-09,7.565E-11,-8E-13,3.248E-07,-3.3254E-07
0.81500000000000006,0.75,7.6519E-09,8.214E-11,-4E-13,3.2476E-07,-3.3246E-07
0.82000000000000006,0.75,7.6504E-09,8.801E-11,-9.7000000000000011E-13,3.2478E-07,-3.3247999999999997E-07
0.82500000000000007,0.75,7.7045E-09,9.164E-11,-4E-13,3.2486E-07,-3.3264E-07
0.83000000000000007,0.75,7.6517E-09,9.6150000000000012E-11,1E-13,3.2486E-07,-3.3268E-07
0.83500000000000008,0.75,7.6827E-09,1.0215E-10,-4.4000000000000004E-13,3.2478E-07,-3.3254E-07
0.84000000000000008,0.75,7.6629E-09,1.0907E-10,-1.4200000000000002E-12,3.2494E-07,-3.3256E-07
0.84500000000000008,0.75,7.6948E-09,1.1315E-10,-4.4000000000000004E-13,3.2492E-07,-3.3264E-07
0.85000000000000009,0.75,7.6015E-09,1.1929E-10,-5.3000000000000006E-13,3.248E-07,-3.3264E-07
0.85500000000000009,0.75,7.598E-09,1.2783E-10,-8.4000000000000006E-13,3.2488E-07,-3.325E-07
0.86,0.75,7.5595E-09,1.3288E-10,-8.6000000000000007E-13,3.2486E-07,-3.3254E-07
0.865,0.75,7.6162E-09,1.3956E-10,-3.0000000000000003E-13,3.2482E-07,-3.3268E-07
0.87,0.75,7.5619E-09,1.4817000000000002E-10,-5.8000000000000005E-13,3.2486E-07,-3.3256E-07
0.875,0.75,7.5196999999999992E-09,1.5525E-10,-1E-12,3.2494E-07,-3.3264E-07
0.88,0.75,7.5896E-09,1.6068E-10,-9.3E-13,3.2488E-07,-3.3264E-07
0.885,0.75,7.5395E-09,1.6997E-10,-8.6000000000000007E-13,3.2494E-07,-3.3258E-07
0.89,0.75,7.5713E-09,1.8034000000000002E-10,-1.26E-12,3.2494E-07,-3.3268E-07
0.895,0.75,7.4809E-09,1.8917E-10,-1.4E-12,3.2486E-07,-3.3256E-07
0.9,0.75,7.4895E-09,1.9729000000000002E-10,3.5E-13,3.249E-07,-3.325E-07
-0.3,0.9,4.6332399999999996E-08,-3.4822399999999994E-08,-5.8000000000000005E-13,3.2502E-07,-3.3608E-07
-0.29500000000000004,0.9,4.564E-08,-3.4075E-08,-4E-13,3.2492E-07,-3.368E-07
-0.29000000000000004,0.9,4.52222E-08,-3.33812E-08,-9.2000000000000012E-13,3.2496E-07,-3.3664E-07
-0.28500000000000003,0.9,4.48152E-08,-3.27354E-08,-6.3E-13,3.249E-07,-3.3708E-07
-0.28,0.9,4.4328999999999993E-08,-3.20932E-08,-6.0000000000000007E-13,3.2492E-07,-3.3722E-07
-0.275,0.9,4.3940599999999994E-08,-3.15164E-08,-6.3E-13,3.249E-07,-3.3712E-07
-0.27,0.9,4.358E-08,-3.0951199999999995E-08,-4.6000000000000006E-13,3.2482E-07,-3.373E-07
-0.265,0.9,4.31036E-08,-3.0398799999999996E-08,-6.2000000000000008E-13,3.2488E-07,-3.377E-07
-0.26,0.9,4.2716199999999994E-08,-2.9883599999999996E-08,-1.5200000000000002E-12,3.249E-07,-3.3765999999999997E-07
-0.255,0.9,4.2303199999999996E-08,-2.9386799999999996E-08,-7.100000000000001E-13,3.2488E-07,-3.3758E-07
-0.25,0.9,4.18924E-08,-2.8911999999999998E-08,-1.26E-12,3.2488E-07,-3.3784E-07
-0.24500000000000002,0.9,4.1441399999999995E-08,-2.8449999999999997E-08,-9.9E-13,3.2492E-07,-3.3778E-07
-0.24000000000000002,0.9,4.1190399999999995E-08,-2.8011999999999996E-08,-5E-13,3.2492E-07,-3.3796E-07
-0.23500000000000001,0.9,4.07444E-08,-2.7579199999999996E-08,-8.300000000000001E-13,3.2482E-07,-3.3802E-07
-0.23,0.9,4.0440599999999996E-08,-2.7159599999999998E-08,-1.32E-12,3.2476E-07,-3.3802E-07
-0.225,0.9,3.9932199999999994E-08,-2.67562E-08,-9.3E-13,3.248E-07,-3.3792E-07
-0.22,0.9,3.9592599999999994E-08,-2.6363999999999997E-08,-3.3E-13,3.2482E-07,-3.3828E-07
-0.215,0.9,3.92242E-08,-2.59756E-08,-1.1500000000000002E-12,3.2492E-07,-3.3832E-07
-0.21000000000000002,0.9,3.8943999999999995E-08,-2.5613E-08,-1.3300000000000002E-12,3.2486E-07,-3.3807999999999997E-07
-0.20500000000000002,0.9,3.8621999999999993E-08,-2.5253399999999996E-08,-1.78E-12,3.2482E-07,-3.381E-07
-0.2,0.9,3.8201999999999994E-08,-2.4886199999999996E-08,-9.9E-13,3.2488E-07,-3.3842E-07
-0.195,0.9,3.8035799999999993E-08,-2.4545999999999997E-08,4.5000000000000005E-13,3.2486E-07,-3.3826E-07
-0.19,0.9,3.76094E-08,-2.4206399999999997E-08,-1.7E-13,3.2482E-07,-3.3814E-07
-0.185,0.9,3.71046E-08,-2.3869199999999998E-08,-1.6000000000000003E-13,3.2488E-07,-3.3818E-07
-0.18000000000000002,0.9,3.6942399999999996E-08,-2.35454E-08,-8.6000000000000007E-13,3.2484E-07,-3.3826E-07
-0.17500000000000002,0.9,3.65676E-08,-2.3217399999999997E-08,-6.0000000000000007E-13,3.2478E-07,-3.3821999999999997E-07
-0.17,0.9,3.63812E-08,-2.2901799999999998E-08,8.9E-13,3.2482E-07,-3.3807999999999997E-07
-0.165,0.9,3.59206E-08,-2.25848E-08,1.5000000000000002E-13,3.2486E-07,-3.3818E-07
-0.16,0.9,3.56528E-08,-2.2278199999999997E-08,-6.7000000000000007E-13,3.249E-07,-3.3814E-07
-0.155,0.9,3.52748E-08,-2.19726E-08,-3.4E-13,3.2486E-07,-3.3821999999999997E-07
-0.15,0.9,3.50808E-08,-2.16768E-08,-1.09E-12,3.248E-07,-3.3782E-07
-0.14500000000000002,0.9,3.44164E-08,-2.1387599999999998E-08,-4.9E-13,3.2484E-07,-3.3776E-07
-0.14,0.9,3.4211999999999996E-08,-2.1098399999999997E-08,-4.0000000000000006E-14,3.2482E-07,-3.3776E-07
-0.135,0.9,3.38524E-08,-2.0811199999999998E-08,2.2000000000000002E-13,3.2486E-07,-3.3778E-07
-0.13,0.9,3.3569599999999994E-08,-2.05336E-08,-2.5E-13,3.2484E-07,-3.3772E-07
-0.125,0.9,3.3371999999999996E-08,-2.02484E-08,9.0000000000000008E-14,3.248E-07,-3.3779999999999997E-07
-0.12000000000000001,0.9,3.2994E-08,-1.9981999999999997E-08,1.0000000000000002E-14,3.2482E-07,-3.3784E-07
-0.115,0.9,3.2713199999999994E-08,-1.9711199999999998E-08,1.5000000000000002E-13,3.2484E-07,-3.3776E-07
-0.11,0.9,3.2472999999999996E-08,-1.94448E-08,-3.7000000000000004E-13,3.2484E-07,-3.3779999999999997E-07
-0.10500000000000001,0.9,3.22364E-08,-1.9160599999999997E-08,-4.6000000000000006E-13,3.2482E-07,-3.3782E-07
-0.1,0.9,3.1799399999999994E-08,-1.8904599999999998E-08,-2.3000000000000003E-13,3.2492E-07,-3.377E-07
-0.095,0.9,3.14742E-08,-1.8639E-08,-7.100000000000001E-13,3.2494E-07,-3.377E-07
-0.090000000000000011,0.9,3.1401799999999995E-08,-1.83806E-08,-4.2000000000000003E-13,3.2486E-07,-3.3772E-07
-0.085,0.9,3.10292E-08,-1.8116599999999998E-08,-8.2E-13,3.2488E-07,-3.3788E-07
-0.08,0.9,3.0777799999999995E-08,-1.78742E-08,-7.4000000000000008E-13,3.2492E-07,-3.3765999999999997E-07
-0.075,0.9,3.0352E-08,-1.7623599999999998E-08,-1.22E-12,3.2494E-07,-3.3758E-07
-0.07,0.9,3.01042E-08,-1.73758E-08,-1.6600000000000002E-12,3.25E-07,-3.3764E-07
-0.065,0.9,2.99508E-08,-1.7134199999999997E-08,-1.6100000000000002E-12,3.2488E-07,-3.3762E-07
-0.060000000000000005,0.9,2.98496E-08,-1.6885E-08,-1.5200000000000002E-12,3.2492E-07,-3.3765999999999997E-07
-0.055,0.9,2.9449399999999996E-08,-1.66506E-08,-8.4000000000000006E-13,3.2488E-07,-3.376E-07
-0.05,0.9,2.9153199999999997E-08,-1.64146E-08,-7.6000000000000009E-13,3.2492E-07,-3.3778E-07
-0.045000000000000005,0.9,2.88898E-08,-1.6171E-08,-1.3900000000000001E-12,3.249E-07,-3.3758E-07
-0.04,0.9,2.8624199999999996E-08,-1.59438E-08,-1.1500000000000002E-12,3.2494E-07,-3.3762E-07
-0.035,0.9,2.8464999999999997E-08,-1.5719799999999997E-08,-7.3E-13,3.2488E-07,-3.3754E-07
-0.030000000000000002,0.9,2.8284599999999996E-08,-1.5496399999999997E-08,-6.5000000000000006E-13,3.2492E-07,-3.377E-07
-0.025,0.9,2.8055399999999997E-08,-1.52662E-08,-5.5000000000000008E-13,3.2486E-07,-3.3754E-07
-0.02,0.9,2.77786E-08,-1.50484E-08,-9.9E-13,3.2482E-07,-3.3762E-07
-0.015000000000000001,0.9,2.7588199999999996E-08,-1.4830799999999998E-08,-1.31E-12,3.2488E-07,-3.3754E-07
-0.01,0.9,2.7315999999999998E-08,-1.4608999999999999E-08,-9.8E-13,3.249E-07,-3.3762E-07
-0.005,0.9,2.7066E-08,-1.4395599999999999E-08,-8.4000000000000006E-13,3.2492E-07,-3.3762E-07
0,0.9,2.6821399999999998E-08,-1.4178199999999999E-08,-4.8000000000000008E-13,3.2492E-07,-3.3744E-07
0.005,0.9,2.66228E-08,-1.39694E-08,-1.7E-13,3.2488E-07,-3.374E-07
0.01,0.9,2.6417599999999997E-08,-1.3768999999999999E-08,4.0000000000000006E-14,3.2484E-07,-3.3742E-07
0.015000000000000001,0.9,2.6165799999999997E-08,-1.3556599999999999E-08,2.0000000000000003E-14,3.2486E-07,-3.3742E-07
0.02,0.9,2.5981399999999998E-08,-1.33542E-08,-4.2000000000000003E-13,3.2486E-07,-3.3728E-07
0.025,0.9,2.5745199999999997E-08,-1.3141399999999999E-08,-8.0000000000000013E-14,3.2482E-07,-3.374E-07
0.030000000000000002,0.9,2.5637199999999997E-08,-1.2945E-08,-8.2E-13,3.248E-07,-3.3734E-07
0.035,0.9,2.5274199999999996E-08,-1.2745599999999999E-08,-9.2000000000000012E-13,3.248E-07,-3.3746E-07
0.04,0.9,2.51012E-08,-1.2549999999999998E-08,-1.3500000000000001E-12,3.2484E-07,-3.3732E-07
0.045000000000000005,0.9,2.4965599999999998E-08,-1.2350199999999999E-08,-1.2400000000000002E-12,3.2486E-07,-3.3737999999999997E-07
0.05,0.9,2.4622199999999998E-08,-1.2159799999999999E-08,-1.55E-12,3.248E-07,-3.3728E-07
0.055,0.9,2.4654199999999998E-08,-1.1969799999999998E-08,-1.21E-12,3.2488E-07,-3.3728E-07
0.060000000000000005,0.9,2.4274199999999997E-08,-1.1787399999999998E-08,1.8000000000000002E-13,3.2482E-07,-3.373E-07
0.065,0.9,2.4106599999999997E-08,-1.15996E-08,-1.7E-13,3.2482E-07,-3.3728E-07
0.07,0.9,2.3912199999999997E-08,-1.1410999999999999E-08,-2.0000000000000003E-14,3.2486E-07,-3.3734E-07
0.075,0.9,2.37712E-08,-1.1226999999999999E-08,-4.7E-13,3.2496E-07,-3.3728E-07
0.08,0.9,2.36102E-08,-1.10556E-08,-2.0000000000000003E-14,3.2492E-07,-3.374E-07
0.085,0.9,2.3292799999999998E-08,-1.0879E-08,-7.9000000000000007E-13,3.2492E-07,-3.3726E-07
0.090000000000000011,0.9,2.31828E-08,-1.0695599999999999E-08,-4.1E-13,3.249E-07,-3.3732E-07
0.095,0.9,2.2984199999999997E-08,-1.0521999999999998E-08,-2.2000000000000002E-13,3.2488E-07,-3.3728E-07
0.1,0.9,2.2794199999999996E-08,-1.0350799999999999E-08,-1.6300000000000001E-12,3.2484E-07,-3.3722E-07
0.10500000000000001,0.9,2.2581E-08,-1.0179599999999999E-08,-1.17E-12,3.2482E-07,-3.3734E-07
0.11,0.9,2.2462999999999997E-08,-1.0005199999999999E-08,-8.9E-13,3.2486E-07,-3.3723999999999997E-07
0.115,0.9,2.2305199999999998E-08,-9.8447999999999989E-09,-1.79E-12,3.2492E-07,-3.3723999999999997E-07
0.12000000000000001,0.9,2.2088E-08,-9.683E-09,-4.3000000000000004E-13,3.2476E-07,-3.3708E-07
0.125,0.9,2.1925199999999997E-08,-9.5202E-09,-1.3400000000000002E-12,3.2482E-07,-3.372E-07
0.13,0.9,2.1654799999999997E-08,-9.3584E-09,-1.1000000000000002E-12,3.2492E-07,-3.372E-07
0.135,0.9,2.1561599999999996E-08,-9.1994E-09,-4.9E-13,3.2494E-07,-3.3737999999999997E-07
0.14,0.9,2.1466E-08,-9.0405E-09,-6.7000000000000007E-13,3.2494E-07,-3.3712E-07
0.14500000000000002,0.9,2.1299599999999997E-08,-8.8826E-09,3.5E-13,3.2488E-07,-3.3723999999999997E-07
0.15,0.9,2.1106799999999997E-08,-8.7268E-09,-9.0000000000000008E-14,3.2484E-07,-3.373E-07
0.155,0.9,2.0909999999999997E-08,-8.5716E-09,-5E-14,3.2484E-07,-3.3736E-07
0.16,0.9,2.0734599999999998E-08,-8.4259E-09,-8.8000000000000009E-13,3.249E-07,-3.3716E-07
0.165,0.9,2.06164E-08,-8.2772E-09,-9.6000000000000015E-13,3.2488E-07,-3.3704E-07
0.17,0.9,2.04004E-08,-8.1293E-09,-5.9E-13,3.2494E-07,-3.3714E-07
0.17500000000000002,0.9,2.03862E-08,-7.9798E-09,5.3000000000000006E-13,3.2488E-07,-3.3714E-07
0.18000000000000002,0.9,2.02106E-08,-7.8374E-09,-7.3E-13,3.2488E-07,-3.3704E-07
0.185,0.9,1.9978E-08,-7.6936E-09,-1.5000000000000002E-13,3.2486E-07,-3.3736E-07
0.19,0.9,1.98454E-08,-7.554E-09,-6.5000000000000006E-13,3.2488E-07,-3.3722E-07
0.195,0.9,1.9734999999999998E-08,-7.4197E-09,-1.45E-12,3.248E-07,-3.3694E-07
0.2,0.9,1.9573399999999998E-08,-7.2819E-09,-6.400000000000001E-13,3.2476E-07,-3.3709999999999997E-07
0.20500000000000002,0.9,1.9451199999999998E-08,-7.148E-09,-3.8000000000000005E-13,3.2476E-07,-3.3698E-07
0.21000000000000002,0.9,1.9308799999999997E-08,-7.0148E-09,7.5E-13,3.2476E-07,-3.3694E-07
0.215,0.9,1.9094399999999997E-08,-6.8775E-09,-2.7E-13,3.2482E-07,-3.3694E-07
0.22,0.9,1.90294E-08,-6.7475E-09,4.5000000000000005E-13,3.2482E-07,-3.372E-07
0.225,0.9,1.8855199999999997E-08,-6.6155E-09,-1.17E-12,3.248E-07,-3.3718E-07
0.23,0.9,1.88042E-08,-6.4916E-09,-5.8000000000000005E-13,3.2482E-07,-3.3695999999999997E-07
0.23500000000000001,0.9,1.86048E-08,-6.366E-09,-6.2000000000000008E-13,3.248E-07,-3.3692E-07
0.24000000000000002,0.9,1.83568E-08,-6.2452E-09,-4.6000000000000006E-13,3.2484E-07,-3.3692E-07
0.24500000000000002,0.9,1.84208E-08,-6.1183E-09,5.3000000000000006E-13,3.2482E-07,-3.3714E-07
0.25,0.9,1.8197199999999998E-08,-5.9989E-09,-3.6000000000000003E-13,3.2478E-07,-3.3692E-07
0.255,0.9,1.81014E-08,-5.8795E-09,-6.2000000000000008E-13,3.2482E-07,-3.3681999999999997E-07
0.26,0.9,1.7959999999999997E-08,-5.7635E-09,-8.8000000000000009E-13,3.2472E-07,-3.3686E-07
0.265,0.9,1.79078E-08,-5.6483E-09,-1.9000000000000002E-13,3.2474E-07,-3.368E-07
0.27,0.9,1.77774E-08,-5.5366E-09,-7.3E-13,3.2474E-07,-3.3681999999999997E-07
0.275,0.9,1.76916E-08,-5.4257E-09,-1.4E-13,3.2476E-07,-3.3704E-07
0.28,0.9,1.7481199999999997E-08,-5.3149E-09,1E-13,3.248E-07,-3.3686E-07
0.28500000000000003,0.9,1.74252E-08,-5.2015E-09,5E-14,3.2478E-07,-3.3688E-07
0.29000000000000004,0.9,1.72442E-08,-5.0904E-09,-1.37E-12,3.2478E-07,-3.3718E-07
0.29500000000000004,0.9,1.71018E-08,-4.9894E-09,-5.9E-13,3.248E-07,-3.3709999999999997E-07
0.3,0.9,1.70184E-08,-4.8779E-09,-3.5E-13,3.2482E-07,-3.368E-07
0.305,0.9,1.6972599999999997E-08,-4.7771E-09,-5E-13,3.2476E-07,-3.3681999999999997E-07
0.31,0.9,1.6731E-08,-4.6721E-09,-4.1E-13,3.2478E-07,-3.3706E-07
0.315,0.9,1.6721599999999997E-08,-4.5723E-09,3.0000000000000005E-14,3.2486E-07,-3.3695999999999997E-07
0.32,0.9,1.6626999999999997E-08,-4.4722E-09,-1.32E-12,3.2482E-07,-3.3681999999999997E-07
0.325,0.9,1.65412E-08,-4.3789E-09,-1.45E-12,3.2488E-07,-3.3716E-07
0.33,0.9,1.64876E-08,-4.2777E-09,-1.03E-12,3.2484E-07,-3.3692E-07
0.335,0.9,1.63368E-08,-4.1871E-09,2.3000000000000003E-13,3.2488E-07,-3.3712E-07
0.34,0.9,1.6320199999999997E-08,-4.0899E-09,1.9000000000000002E-13,3.2484E-07,-3.3688E-07
0.34500000000000003,0.9,1.61246E-08,-3.9989E-09,-3.8000000000000005E-13,3.248E-07,-3.3709999999999997E-07
0.35000000000000003,0.9,1.60346E-08,-3.9064E-09,-1.6000000000000003E-13,3.2484E-07,-3.3695999999999997E-07
0.35500000000000004,0.9,1.5927599999999997E-08,-3.8201E-09,-1.26E-12,3.248E-07,-3.3704E-07
0.36000000000000004,0.9,1.5882199999999997E-08,-3.7284E-09,-7.6000000000000009E-13,3.2482E-07,-3.3698E-07
0.365,0.9,1.58002E-08,-3.6419E-09,-1.27E-12,3.2488E-07,-3.3706E-07
0.37,0.9,1.5712E-08,-3.5592E-09,-1E-13,3.2476E-07,-3.3698E-07
0.375,0.9,1.55924E-08,-3.4738E-09,2.2000000000000002E-13,3.248E-07,-3.3706E-07
0.38,0.9,1.54558E-08,-3.3911E-09,-6.6E-13,3.2486E-07,-3.368E-07
0.385,0.9,1.5407199999999998E-08,-3.3068E-09,-4E-13,3.2486E-07,-3.3694E-07
0.39,0.9,1.5331999999999998E-08,-3.2289E-09,-9.2000000000000012E-13,3.2476E-07,-3.3681999999999997E-07
0.395,0.9,1.5291799999999998E-08,-3.1502E-09,-6.6E-13,3.2482E-07,-3.3678E-07
0.4,0.9,1.52096E-08,-3.0733E-09,-4.0000000000000006E-14,3.2474E-07,-3.3698E-07
0.405,0.9,1.5062199999999997E-08,-2.9957E-09,-5E-13,3.248E-07,-3.3681999999999997E-07
0.41000000000000003,0.9,1.49482E-08,-2.9194E-09,-1.8000000000000002E-13,3.2476E-07,-3.3674E-07
0.41500000000000004,0.9,1.4902999999999998E-08,-2.8471E-09,-3.0000000000000005E-14,3.2478E-07,-3.37E-07
0.42000000000000004,0.9,1.4839399999999998E-08,-2.7723E-09,-1.12E-12,3.2476E-07,-3.3686E-07
0.42500000000000004,0.9,1.48944E-08,-2.7040999999999998E-09,-8.4000000000000006E-13,3.2484E-07,-3.3702E-07
0.43,0.9,1.4729199999999998E-08,-2.6344E-09,1.0000000000000002E-14,3.2486E-07,-3.3694E-07
0.435,0.9,1.4725399999999998E-08,-2.5657E-09,1.8000000000000002E-13,3.2484E-07,-3.3706E-07
0.44,0.9,1.4539599999999998E-08,-2.4942E-09,-1.04E-12,3.2478E-07,-3.3704E-07
0.445,0.9,1.4494999999999998E-08,-2.4297E-09,-6.2000000000000008E-13,3.2478E-07,-3.3676E-07
0.45,0.9,1.43708E-08,-2.3632E-09,-1.6100000000000002E-12,3.2484E-07,-3.3692E-07
0.455,0.9,1.4345799999999999E-08,-2.2999E-09,-1.14E-12,3.2478E-07,-3.3686E-07
0.46,0.9,1.4304799999999999E-08,-2.2375E-09,-5.3000000000000006E-13,3.248E-07,-3.3684E-07
0.465,0.9,1.43578E-08,-2.1787E-09,1.3E-13,3.2472E-07,-3.3676E-07
0.47000000000000003,0.9,1.42014E-08,-2.1155E-09,-4.4000000000000004E-13,3.2474E-07,-3.368E-07
0.47500000000000003,0.9,1.4156199999999999E-08,-2.055E-09,-1.1600000000000001E-12,3.2484E-07,-3.3678E-07
0.48000000000000004,0.9,1.41288E-08,-1.9935E-09,-9.6000000000000015E-13,3.2474E-07,-3.3692E-07
0.48500000000000004,0.9,1.4084199999999998E-08,-1.9384E-09,-1.1600000000000001E-12,3.248E-07,-3.368E-07
0.49000000000000005,0.9,1.3851599999999999E-08,-1.8831E-09,4.3000000000000004E-13,3.248E-07,-3.3674E-07
0.49500000000000005,0.9,1.3916599999999998E-08,-1.828E-09,-6.1E-13,3.2476E-07,-3.3692E-07
0.5,0.9,1.3845599999999999E-08,-1.773E-09,4.0000000000000006E-14,3.2478E-07,-3.3678E-07
0.505,0.9,1.38048E-08,-1.7201E-09,-1.9000000000000002E-13,3.248E-07,-3.3695999999999997E-07
0.51,0.9,1.3749199999999999E-08,-1.6661E-09,-6.9000000000000009E-13,3.2478E-07,-3.3695999999999997E-07
0.515,0.9,1.3774799999999998E-08,-1.6165E-09,-1.4300000000000002E-12,3.2478E-07,-3.3694E-07
0.52,0.9,1.3663199999999999E-08,-1.5673E-09,-3.6000000000000003E-13,3.2478E-07,-3.3712E-07
0.525,0.9,1.3654199999999999E-08,-1.5196E-09,-1.3E-13,3.2478E-07,-3.37E-07
0.53,0.9,1.3534399999999999E-08,-1.4696E-09,-6.0000000000000009E-14,3.2474E-07,-3.3706E-07
0.535,0.9,1.3401199999999998E-08,-1.4226E-09,-3.3E-13,3.247E-07,-3.3674E-07
0.54,0.9,1.3447799999999998E-08,-1.3757E-09,-3.5E-13,3.2476E-07,-3.3676E-07
0.545,0.9,1.3299799999999999E-08,-1.3291E-09,-2.2000000000000002E-13,3.2484E-07,-3.3681999999999997E-07
0.55,0.9,1.3360399999999999E-08,-1.2857E-09,-1.46E-12,3.2484E-07,-3.3678E-07
0.555,0.9,1.3364199999999999E-08,-1.2443E-09,-7.8000000000000011E-13,3.2484E-07,-3.3692E-07
0.56,0.9,1.3285999999999999E-08,-1.2034E-09,-6.9000000000000009E-13,3.248E-07,-3.3681999999999997E-07
0.56500000000000006,0.9,1.32306E-08,-1.1631E-09,2.8E-13,3.2474E-07,-3.3692E-07
0.57000000000000006,0.9,1.3274399999999999E-08,-1.1196E-09,-8.7E-13,3.2476E-07,-3.368E-07
0.57500000000000007,0.9,1.32436E-08,-1.0812E-09,-4.6000000000000006E-13,3.2484E-07,-3.3686E-07
0.58000000000000007,0.9,1.3015999999999999E-08,-1.0416E-09,-3.3E-13,3.2482E-07,-3.3692E-07
0.58500000000000008,0.9,1.31096E-08,-1.0045E-09,-5.2E-13,3.2484E-07,-3.3692E-07
0.59000000000000008,0.9,1.31144E-08,-9.681E-10,-1.8000000000000002E-13,3.2484E-07,-3.3692E-07
0.595,0.9,1.3051799999999999E-08,-9.3189E-10,3.5E-13,3.2486E-07,-3.37E-07
0.6,0.9,1.2974999999999999E-08,-8.9613000000000009E-10,-7E-14,3.2488E-07,-3.3698E-07
0.605,0.9,1.2935799999999998E-08,-8.6138000000000008E-10,-5.6E-13,3.2486E-07,-3.3684E-07
0.61,0.9,1.2870199999999998E-08,-8.2827000000000008E-10,-5.8000000000000005E-13,3.2484E-07,-3.3686E-07
0.615,0.9,1.2923999999999999E-08,-7.9705000000000005E-10,-1.4900000000000001E-12,3.2484E-07,-3.368E-07
0.62,0.9,1.2786199999999999E-08,-7.6535E-10,-4.7E-13,3.2486E-07,-3.3686E-07
0.625,0.9,1.2780199999999999E-08,-7.36E-10,-8.0000000000000013E-14,3.2484E-07,-3.3706E-07
0.63,0.9,1.2769799999999999E-08,-7.0266E-10,-2.5E-13,3.2482E-07,-3.3678E-07
0.635,0.9,1.2724399999999999E-08,-6.7279E-10,-7E-13,3.2482E-07,-3.368E-07
0.64,0.9,1.2697E-08,-6.4543E-10,-1.04E-12,3.2482E-07,-3.3694E-07
0.645,0.9,1.2758199999999998E-08,-6.1939000000000007E-10,-3.5E-13,3.2478E-07,-3.3681999999999997E-07
0.65,0.9,1.2694999999999999E-08,-5.9182E-10,-6.3E-13,3.2486E-07,-3.3698E-07
0.655,0.9,1.2637199999999999E-08,-5.6589E-10,-9.0000000000000008E-14,3.2476E-07,-3.3686E-07
0.66,0.9,1.26314E-08,-5.3898E-10,-4.5000000000000005E-13,3.2482E-07,-3.3684E-07
0.665,0.9,1.25976E-08,-5.1373E-10,-3.1000000000000004E-13,3.2476E-07,-3.3686E-07
0.67,0.9,1.2579599999999999E-08,-4.8936000000000006E-10,-1.6700000000000002E-12,3.2478E-07,-3.3708E-07
0.675,0.9,1.2663599999999998E-08,-4.6681000000000007E-10,-7.100000000000001E-13,3.2478E-07,-3.3695999999999997E-07
0.68,0.9,1.2527799999999999E-08,-4.4626E-10,-7.4000000000000008E-13,3.248E-07,-3.3692E-07
0.685,0.9,1.2562999999999998E-08,-4.2383E-10,-3.8000000000000005E-13,3.2476E-07,-3.3688E-07
0.69000000000000006,0.9,1.2539599999999998E-08,-4.0036000000000005E-10,-3.6000000000000003E-13,3.2488E-07,-3.3706E-07
0.69500000000000006,0.9,1.2533399999999999E-08,-3.7796E-10,-9.000000000000001E-13,3.2478E-07,-3.369E-07
0.70000000000000007,0.9,1.2586999999999999E-08,-3.5846E-10,-1.6800000000000001E-12,3.2474E-07,-3.368E-07
0.70500000000000007,0.9,1.2510199999999998E-08,-3.4185E-10,-7.8000000000000011E-13,3.248E-07,-3.3688E-07
0.71000000000000008,0.9,1.2528799999999998E-08,-3.2191000000000003E-10,-8.6000000000000007E-13,3.2476E-07,-3.369E-07
0.71500000000000008,0.9,1.24512E-08,-3.0523000000000004E-10,-5.2E-13,3.2486E-07,-3.3688E-07
0.72000000000000008,0.9,1.2460799999999999E-08,-2.8649E-10,1.3E-13,3.2486E-07,-3.3712E-07
0.72500000000000009,0.9,1.2414E-08,-2.6872000000000003E-10,-7.3E-13,3.248E-07,-3.3692E-07
0.73,0.9,1.2462199999999999E-08,-2.5129E-10,-8.2E-13,3.2488E-07,-3.3694E-07
0.735,0.9,1.2445799999999999E-08,-2.3675000000000004E-10,-1.51E-12,3.2482E-07,-3.3706E-07
0.74,0.9,1.2373199999999999E-08,-2.2339000000000002E-10,3.0000000000000003E-13,3.2482E-07,-3.3718E-07
0.745,0.9,1.2427999999999999E-08,-2.0791E-10,-1.3E-13,3.2476E-07,-3.3695999999999997E-07
0.75,0.9,1.2446599999999999E-08,-1.9307E-10,-3.1000000000000004E-13,3.2472E-07,-3.3686E-07
0.755,0.9,1.2424E-08,-1.7595000000000002E-10,-7.6000000000000009E-13,3.2476E-07,-3.3718E-07
0.76,0.9,1.2325E-08,-1.6641000000000002E-10,-5.7E-13,3.2474E-07,-3.3688E-07
0.765,0.9,1.2413399999999999E-08,-1.5193E-10,-1.1100000000000001E-12,3.2482E-07,-3.3695999999999997E-07
0.77,0.9,1.24776E-08,-1.4223E-10,-7.2000000000000006E-13,3.248E-07,-3.3688E-07
0.775,0.9,1.23492E-08,-1.3157000000000002E-10,7.7000000000000005E-13,3.2476E-07,-3.3714E-07
0.78,0.9,1.2360799999999998E-08,-1.2023E-10,-5.4E-13,3.2478E-07,-3.3688E-07
0.785,0.9,1.2433399999999998E-08,-1.0749000000000001E-10,-2.9000000000000003E-13,3.2482E-07,-3.3694E-07
0.79,0.9,1.2371599999999998E-08,-9.686E-11,-1.3000000000000001E-12,3.2482E-07,-3.3698E-07
0.795,0.9,1.2405999999999999E-08,-8.7420000000000007E-11,-1E-12,3.2476E-07,-3.3709999999999997E-07
0.8,0.9,1.2476999999999998E-08,-7.877E-11,-1.4200000000000002E-12,3.248E-07,-3.3698E-07
0.805,0.9,1.2302799999999999E-08,-7.2530000000000007E-11,-6.1E-13,3.247E-07,-3.3709999999999997E-07
0.81,0.9,1.2437599999999999E-08,-6.149E-11,-1.0100000000000001E-12,3.247E-07,-3.3692E-07
0.81500000000000006,0.9,1.2337799999999999E-08,-5.528E-11,-1.7E-13,3.248E-07,-3.37E-07
0.82000000000000006,0.9,1.2409799999999999E-08,-4.5900000000000004E-11,-7.7000000000000005E-13,3.2476E-07,-3.3695999999999997E-07
0.82500000000000007,0.9,1.2602999999999999E-08,-3.772E-11,-8.5000000000000011E-13,3.2482E-07,-3.3748E-07
0.83000000000000007,0.9,1.2657199999999998E-08,-3.1960000000000005E-11,-9.3E-13,3.2486E-07,-3.374E-07
0.83500000000000008,0.9,1.26128E-08,-2.7560000000000003E-11,-2.8E-13,3.2486E-07,-3.373E-07
0.84000000000000008,0.9,1.2568199999999998E-08,-2.0370000000000003E-11,2.0000000000000003E-14,3.2478E-07,-3.3758E-07
0.84500000000000008,0.9,1.2682399999999999E-08,-1.302E-11,-7.2000000000000006E-13,3.2476E-07,-3.3751999999999997E-07
0.85000000000000009,0.9,1.25316E-08,-7.34E-12,-2E-13,3.2482E-07,-3.3754E-07
0.85500000000000009,0.9,1.26456E-08,-1.07E-12,-1.17E-12,3.2482E-07,-3.3723999999999997E-07
0.86,0.9,1.2593199999999998E-08,2.7300000000000003E-12,-9.4E-13,3.2484E-07,-3.3723999999999997E-07
0.865,0.9,1.2659999999999999E-08,7.29E-12,-3.6000000000000003E-13,3.248E-07,-3.3723999999999997E-07
0.87,0.9,1.26206E-08,1.0440000000000002E-11,-5.9E-13,3.248E-07,-3.3742E-07
0.875,0.9,1.2698399999999999E-08,1.5670000000000002E-11,-4.3000000000000004E-13,3.248E-07,-3.3756E-07
0.88,0.9,1.2715799999999999E-08,2.1910000000000002E-11,4.0000000000000006E-14,3.248E-07,-3.3758E-07
0.885,0.9,1.27562E-08,2.7120000000000002E-11,-1.8000000000000002E-12,3.2486E-07,-3.3748E-07
0.89,0.9,1.2711599999999998E-08,3.015E-11,-1.46E-12,3.248E-07,-3.3742E-07
0.895,0.9,1.2668199999999999E-08,3.299E-11,-7.2000000000000006E-13,3.248E-07,-3.3748E-07
0.9,0.9,1.2678799999999998E-08,3.6760000000000004E-11,-4.4000000000000004E-13,3.2484E-07,-3.3765999999999997E-07
