vg	id_vd = 0V	ig_vd = 0V	is_vd = 0V	iavdd_vd = 0V	ignd_vd = 0V	id_vd = 0.01V	ig_vd = 0.01V	is_vd = 0.01V	iavdd_vd = 0.01V	ignd_vd = 0.01V	id_vd = 0.02V	ig_vd = 0.02V	is_vd = 0.02V	iavdd_vd = 0.02V	ignd_vd = 0.02V	id_vd = 0.03V	ig_vd = 0.03V	is_vd = 0.03V	iavdd_vd = 0.03V	ignd_vd = 0.03V	id_vd = 0.04V	ig_vd = 0.04V	is_vd = 0.04V	iavdd_vd = 0.04V	ignd_vd = 0.04V	id_vd = 0.05V	ig_vd = 0.05V	is_vd = 0.05V	iavdd_vd = 0.05V	ignd_vd = 0.05V	id_vd = 0.06V	ig_vd = 0.06V	is_vd = 0.06V	iavdd_vd = 0.06V	ignd_vd = 0.06V	id_vd = 0.07V	ig_vd = 0.07V	is_vd = 0.07V	iavdd_vd = 0.07V	ignd_vd = 0.07V	id_vd = 0.08V	ig_vd = 0.08V	is_vd = 0.08V	iavdd_vd = 0.08V	ignd_vd = 0.08V	id_vd = 0.09V	ig_vd = 0.09V	is_vd = 0.09V	iavdd_vd = 0.09V	ignd_vd = 0.09V	id_vd = 0.1V	ig_vd = 0.1V	is_vd = 0.1V	iavdd_vd = 0.1V	ignd_vd = 0.1V
1.2	-9.626e-10	3.6583e-10	-1.0686e-10	3.2448e-07	-3.2276e-07	-1.4934e-09	3.3736e-10	-5.758e-11	3.2448e-07	-3.2286e-07	-7.01e-10	3.4562e-10	-1.3335e-10	3.2386e-07	-3.2372e-07	-7.209e-10	3.3942e-10	-5.318e-11	3.2412e-07	-3.2348e-07	-7.323e-10	3.2506e-10	-5.787e-11	3.241e-07	-3.2318e-07	-1.0499e-09	2.7202e-10	-1.3263e-10	3.2384e-07	-3.2286e-07	-4.427e-10	2.905e-10	-6.2e-11	3.2384e-07	-3.2306e-07	-1.0449e-10	3.0292e-10	-9.374e-11	3.2378e-07	-3.2268e-07	-6.5769e-10	2.4891e-10	-7.926e-11	3.2312e-07	-3.2344e-07	-4.4e-12	2.8591e-10	-1.3573e-10	3.2324e-07	-3.2268e-07	2.5575e-10	2.7191e-10	-7.763e-11	3.2324e-07	-3.2262e-07
1.195	-1.6633e-09	3.3142e-10	-6.984e-11	3.246e-07	-3.2294e-07	-1.5269e-09	3.2561e-10	-6.931e-11	3.2458e-07	-3.229e-07	-1.3523e-09	2.9083e-10	-1.1441e-10	3.2428e-07	-3.2292e-07	-8.704e-10	3.2558e-10	-5.524e-11	3.24e-07	-3.2362e-07	-9.148e-10	3.122e-10	-5.024e-11	3.2402e-07	-3.2322e-07	-1.0392e-09	2.6883e-10	-9.642e-11	3.2388e-07	-3.2272e-07	-2.1537e-10	2.9e-10	-1.3712e-10	3.2334e-07	-3.2352e-07	-8.4434e-10	2.5859e-10	-7.64e-11	3.2378e-07	-3.2278e-07	-1.3519e-10	2.9044e-10	-8.025e-11	3.2312e-07	-3.2348e-07	-5.0561e-10	2.2448e-10	-1.2419e-10	3.2332e-07	-3.2278e-07	-4.9065e-10	2.3663e-10	-7.086e-11	3.2326e-07	-3.2272e-07
1.19	-1.6296e-09	3.2343e-10	-6.251e-11	3.2478e-07	-3.2298e-07	-1.4149e-09	3.2337e-10	-5.153e-11	3.2508e-07	-3.237e-07	-1.3709e-09	2.8314e-10	-1.0081e-10	3.2426e-07	-3.228e-07	-1.2094e-09	2.6684e-10	-1.1743e-10	3.2408e-07	-3.2286e-07	-1.1446e-09	2.6218e-10	-9.728e-11	3.2398e-07	-3.228e-07	-1.0717e-09	2.6329e-10	-7.484e-11	3.2396e-07	-3.2266e-07	-2.168e-10	2.7839e-10	-1.3729e-10	3.2332e-07	-3.2352e-07	-8.5597e-10	2.498e-10	-7.193e-11	3.238e-07	-3.2292e-07	-1.1791e-10	2.8007e-10	-8.203e-11	3.2314e-07	-3.2352e-07	-5.1046e-10	2.1606e-10	-1.104e-10	3.233e-07	-3.2264e-07	-4.7194e-10	2.3029e-10	-6.483e-11	3.2328e-07	-3.2268e-07
1.185	-1.5614e-09	3.1664e-10	-5.699e-11	3.246e-07	-3.2306e-07	-1.3165e-09	3.2199e-10	-5.114e-11	3.2474e-07	-3.2344e-07	-1.3878e-09	2.7832e-10	-8.098e-11	3.243e-07	-3.2274e-07	-1.2324e-09	2.6038e-10	-9.616e-11	3.2418e-07	-3.2284e-07	-1.1577e-09	2.5805e-10	-7.787e-11	3.241e-07	-3.2268e-07	-1.08e-09	2.5854e-10	-6.087e-11	3.2394e-07	-3.2276e-07	-2.4209e-10	2.6341e-10	-1.3852e-10	3.2328e-07	-3.2338e-07	-8.4724e-10	2.4321e-10	-6.001e-11	3.2384e-07	-3.2294e-07	-8.696e-11	2.6749e-10	-9.042e-11	3.2308e-07	-3.235e-07	-5.2733e-10	2.0996e-10	-1.0515e-10	3.2336e-07	-3.2266e-07	-4.3611e-10	2.2256e-10	-6.132e-11	3.2332e-07	-3.228e-07
1.18	-1.4697e-09	3.1533e-10	-4.528e-11	3.2452e-07	-3.231e-07	-1.2478e-09	3.1398e-10	-3.387e-11	3.2452e-07	-3.2332e-07	-1.4213e-09	2.7168e-10	-6.354e-11	3.2434e-07	-3.2284e-07	-1.2513e-09	2.5618e-10	-8.433e-11	3.2412e-07	-3.2272e-07	-1.1928e-09	2.5196e-10	-6.274e-11	3.2408e-07	-3.228e-07	-1.0355e-09	2.5314e-10	-5.756e-11	3.2406e-07	-3.2292e-07	-2.909e-10	2.4813e-10	-1.3643e-10	3.234e-07	-3.2328e-07	-8.1597e-10	2.3811e-10	-5.698e-11	3.239e-07	-3.2296e-07	-5.891e-11	2.5417e-10	-9.583e-11	3.2304e-07	-3.2352e-07	-5.4646e-10	2.0125e-10	-8.816e-11	3.2334e-07	-3.2262e-07	-3.8506e-10	2.1883e-10	-5.34e-11	3.234e-07	-3.2282e-07
1.175	-1.361e-09	3.1178e-10	-3.156e-11	3.2454e-07	-3.2326e-07	-1.1881e-09	3.0339e-10	-3.158e-11	3.2446e-07	-3.2424e-07	-1.4058e-09	2.689e-10	-5.05e-11	3.2436e-07	-3.2288e-07	-1.2818e-09	2.516e-10	-6.094e-11	3.2418e-07	-3.2268e-07	-1.1722e-09	2.4879e-10	-4.98e-11	3.241e-07	-3.2284e-07	-9.378e-10	2.5138e-10	-4.584e-11	3.2396e-07	-3.2302e-07	-3.4602e-10	2.3181e-10	-1.3255e-10	3.2346e-07	-3.2332e-07	-7.7355e-10	2.3062e-10	-5.19e-11	3.2384e-07	-3.2304e-07	-1.791e-11	2.4103e-10	-1.0298e-10	3.2306e-07	-3.2358e-07	-5.6331e-10	1.9482e-10	-8.006e-11	3.2334e-07	-3.2258e-07	-3.2152e-10	2.1632e-10	-4.84e-11	3.2324e-07	-3.2286e-07
1.17	-1.3002e-09	3.0246e-10	-2.519e-11	3.245e-07	-3.235e-07	-1.0908e-09	2.9533e-10	-2.924e-11	3.245e-07	-3.237e-07	-1.331e-09	2.6443e-10	-4.498e-11	3.2438e-07	-3.2308e-07	-1.2943e-09	2.4648e-10	-5.158e-11	3.2426e-07	-3.229e-07	-1.1036e-09	2.4545e-10	-4.416e-11	3.242e-07	-3.2304e-07	-8.687e-10	2.477e-10	-3.937e-11	3.2394e-07	-3.2298e-07	-3.755e-10	2.1556e-10	-1.346e-10	3.234e-07	-3.2332e-07	-7.1293e-10	2.2776e-10	-4.012e-11	3.2374e-07	-3.231e-07	2.47e-11	2.2976e-10	-1.1585e-10	3.2304e-07	-3.2342e-07	-5.7995e-10	1.898e-10	-5.993e-11	3.2334e-07	-3.2252e-07	-2.6754e-10	2.1105e-10	-4.02e-11	3.233e-07	-3.2298e-07
1.165	-1.2075e-09	2.9225e-10	-3.287e-11	3.244e-07	-3.2352e-07	-9.717e-10	2.8664e-10	-4.088e-11	3.2434e-07	-3.2376e-07	-1.2374e-09	2.6251e-10	-3.611e-11	3.2428e-07	-3.2308e-07	-1.2468e-09	2.4338e-10	-4.196e-11	3.2428e-07	-3.2292e-07	-1.0104e-09	2.443e-10	-3.472e-11	3.2412e-07	-3.2318e-07	-1.0325e-09	2.2543e-10	-4.732e-11	3.2408e-07	-3.2288e-07	-4.0949e-10	2.0285e-10	-1.3037e-10	3.235e-07	-3.2322e-07	-6.5198e-10	2.2354e-10	-3.929e-11	3.2376e-07	-3.2308e-07	4.947e-11	2.1727e-10	-1.1537e-10	3.2304e-07	-3.2342e-07	-5.9795e-10	1.8685e-10	-5.731e-11	3.2346e-07	-3.2262e-07	-2.1567e-10	2.0611e-10	-2.883e-11	3.2322e-07	-3.23e-07
1.16	-1.1126e-09	2.8305e-10	-4.325e-11	3.243e-07	-3.237e-07	-9.072e-10	2.8305e-10	-4.56e-11	3.2408e-07	-3.237e-07	-1.1699e-09	2.5907e-10	-2.533e-11	3.242e-07	-3.2304e-07	-1.1436e-09	2.4221e-10	-3.393e-11	3.2428e-07	-3.2308e-07	-9.38e-10	2.3948e-10	-2.404e-11	3.2418e-07	-3.2324e-07	-9.554e-10	2.2319e-10	-3.268e-11	3.2404e-07	-3.2292e-07	-4.3489e-10	1.9304e-10	-1.2937e-10	3.2352e-07	-3.2312e-07	-6.0757e-10	2.1978e-10	-2.646e-11	3.238e-07	-3.2314e-07	3.299e-11	2.0647e-10	-1.1886e-10	3.2298e-07	-3.2336e-07	-5.9131e-10	1.8304e-10	-4.577e-11	3.234e-07	-3.2264e-07	-1.6882e-10	1.9841e-10	-2.414e-11	3.2318e-07	-3.2296e-07
1.155	-1.0403e-09	2.8093e-10	-4.513e-11	3.2412e-07	-3.235e-07	-1.2416e-09	2.2431e-10	-1.0562e-10	3.242e-07	-3.2294e-07	-1.0938e-09	2.5316e-10	-1.486e-11	3.2408e-07	-3.2326e-07	-1.0657e-09	2.3991e-10	-2.572e-11	3.2418e-07	-3.2308e-07	-1.0857e-09	1.9147e-10	-8.072e-11	3.2412e-07	-3.229e-07	-8.595e-10	2.231e-10	-2.665e-11	3.2394e-07	-3.2302e-07	-4.7282e-10	1.8371e-10	-1.2345e-10	3.2342e-07	-3.2294e-07	-5.6041e-10	2.1068e-10	-2.33e-11	3.2362e-07	-3.2304e-07	8.86e-12	1.9474e-10	-1.1359e-10	3.2294e-07	-3.2326e-07	-5.4957e-10	1.776e-10	-3.917e-11	3.2342e-07	-3.2272e-07	-1.1912e-10	1.9297e-10	-2.188e-11	3.2316e-07	-3.2322e-07
1.15	-9.966e-10	2.743e-10	-5.077e-11	3.2416e-07	-3.2362e-07	-1.3572e-09	2.1143e-10	-8.404e-11	3.243e-07	-3.2288e-07	-1.01e-09	2.4606e-10	-1.666e-11	3.2416e-07	-3.2346e-07	-9.963e-10	2.3679e-10	-1.068e-11	3.2414e-07	-3.2316e-07	-1.1107e-09	1.8787e-10	-6.195e-11	3.2416e-07	-3.2284e-07	-1.0227e-09	1.977e-10	-3.566e-11	3.2406e-07	-3.2278e-07	-5.2011e-10	1.7206e-10	-1.1614e-10	3.2352e-07	-3.2296e-07	-5.1956e-10	2.0601e-10	-1.186e-11	3.2362e-07	-3.2328e-07	-4.616e-11	1.8092e-10	-1.1586e-10	3.2306e-07	-3.232e-07	-4.942e-10	1.7662e-10	-3.282e-11	3.2344e-07	-3.2284e-07	-5.046e-11	1.8698e-10	-2.576e-11	3.2318e-07	-3.233e-07
1.145	-9.66e-10	2.6048e-10	-5.882e-11	3.2406e-07	-3.2364e-07	-1.4075e-09	1.9912e-10	-7.732e-11	3.2438e-07	-3.2288e-07	-9.043e-10	2.4024e-10	-2.082e-11	3.2406e-07	-3.2356e-07	-9.21e-10	2.2783e-10	-1.245e-11	3.2414e-07	-3.2342e-07	-1.1237e-09	1.886e-10	-4.362e-11	3.2414e-07	-3.2276e-07	-9.485e-10	1.9656e-10	-2.165e-11	3.2394e-07	-3.2298e-07	-6.3139e-10	1.6271e-10	-1.0439e-10	3.2358e-07	-3.229e-07	-4.6179e-10	1.9837e-10	-1.441e-11	3.236e-07	-3.234e-07	-9.481e-11	1.6728e-10	-1.1175e-10	3.2304e-07	-3.2316e-07	-4.1699e-10	1.7678e-10	-2.43e-11	3.2336e-07	-3.2284e-07	2.761e-11	1.8191e-10	-2.595e-11	3.23e-07	-3.233e-07
1.14	-9.383e-10	2.4328e-10	-7.898e-11	3.24e-07	-3.2376e-07	-1.4034e-09	1.888e-10	-7.87e-11	3.2426e-07	-3.2286e-07	-8.128e-10	2.3687e-10	-2.655e-11	3.2396e-07	-3.235e-07	-1.1852e-09	1.7879e-10	-6.928e-11	3.2414e-07	-3.2282e-07	-1.1579e-09	1.8513e-10	-3.249e-11	3.2412e-07	-3.2284e-07	-1.046e-09	1.7805e-10	-2.565e-11	3.2396e-07	-3.2296e-07	-7.0507e-10	1.5428e-10	-8.81e-11	3.236e-07	-3.2284e-07	-3.9473e-10	1.9177e-10	-1.493e-11	3.2354e-07	-3.234e-07	-1.2412e-10	1.5404e-10	-1.1105e-10	3.2312e-07	-3.2322e-07	-3.7538e-10	1.7374e-10	-1.747e-11	3.233e-07	-3.229e-07	1.0956e-10	1.7549e-10	-3.746e-11	3.2304e-07	-3.234e-07
1.135	-1.1587e-09	1.9946e-10	-1.0354e-10	3.242e-07	-3.2304e-07	-1.3804e-09	1.8302e-10	-7.185e-11	3.2426e-07	-3.2286e-07	-1.2579e-09	1.7742e-10	-7.417e-11	3.2422e-07	-3.2284e-07	-1.2143e-09	1.7227e-10	-5.179e-11	3.2418e-07	-3.2282e-07	-1.1402e-09	1.8084e-10	-2.147e-11	3.2424e-07	-3.229e-07	-1.0103e-09	1.7546e-10	-2.123e-11	3.241e-07	-3.2296e-07	-7.781e-10	1.4526e-10	-8.238e-11	3.2368e-07	-3.228e-07	-3.0795e-10	1.8635e-10	-1.694e-11	3.2344e-07	-3.2344e-07	-1.5648e-10	1.4124e-10	-1.142e-10	3.232e-07	-3.2308e-07	-3.361e-10	1.6899e-10	-5.05e-12	3.2332e-07	-3.2298e-07	1.5383e-10	1.7326e-10	-3.351e-11	3.2294e-07	-3.2338e-07
1.13	-1.2661e-09	1.892e-10	-9.116e-11	3.2426e-07	-3.2294e-07	-1.3621e-09	1.7749e-10	-6.303e-11	3.244e-07	-3.2278e-07	-1.2954e-09	1.7e-10	-5.997e-11	3.242e-07	-3.2282e-07	-1.2373e-09	1.7332e-10	-3.322e-11	3.2412e-07	-3.2268e-07	-1.0695e-09	1.804e-10	-1.407e-11	3.2418e-07	-3.2302e-07	-9.337e-10	1.758e-10	-9.97e-12	3.2402e-07	-3.2304e-07	-8.231e-10	1.3854e-10	-6.714e-11	3.2372e-07	-3.2284e-07	-2.4773e-10	1.8063e-10	-2.23e-11	3.2334e-07	-3.2346e-07	-1.9346e-10	1.3184e-10	-1.0771e-10	3.2328e-07	-3.2302e-07	-2.9231e-10	1.6453e-10	-4.59e-12	3.2326e-07	-3.2302e-07	1.7311e-10	1.6882e-10	-3.876e-11	3.229e-07	-3.2344e-07
1.125	-1.3774e-09	1.8292e-10	-7.15e-11	3.2432e-07	-3.2284e-07	-1.4129e-09	1.684e-10	-5.051e-11	3.243e-07	-3.228e-07	-1.3228e-09	1.6476e-10	-4.587e-11	3.2424e-07	-3.228e-07	-1.2682e-09	1.6986e-10	-1.586e-11	3.2416e-07	-3.2284e-07	-9.591e-10	1.8183e-10	-2.29e-12	3.2406e-07	-3.231e-07	-1.0453e-09	1.5777e-10	-1.411e-11	3.24e-07	-3.2282e-07	-8.4018e-10	1.3143e-10	-5.787e-11	3.2376e-07	-3.2272e-07	-2.1268e-10	1.7643e-10	-2.382e-11	3.2336e-07	-3.235e-07	-2.4838e-10	1.2357e-10	-1.039e-10	3.2324e-07	-3.229e-07	-2.4517e-10	1.5832e-10	2.43e-12	3.2318e-07	-3.231e-07	1.8301e-10	1.6029e-10	-4.13e-11	3.229e-07	-3.2356e-07
1.12	-1.4734e-09	1.7155e-10	-6.259e-11	3.2442e-07	-3.2292e-07	-1.4047e-09	1.5512e-10	-5.514e-11	3.243e-07	-3.228e-07	-1.3372e-09	1.6482e-10	-2.404e-11	3.2424e-07	-3.2268e-07	-1.2451e-09	1.6999e-10	-5.39e-12	3.2424e-07	-3.2284e-07	-8.703e-10	1.8257e-10	9.83e-12	3.2402e-07	-3.2322e-07	-9.824e-10	1.57e-10	-6.25e-12	3.2408e-07	-3.2302e-07	-8.5443e-10	1.2653e-10	-5.023e-11	3.2372e-07	-3.2278e-07	-1.9149e-10	1.707e-10	-2.59e-11	3.234e-07	-3.2362e-07	-3.2998e-10	1.1404e-10	-9.212e-11	3.2328e-07	-3.2284e-07	-1.8837e-10	1.5443e-10	-1.79e-12	3.2328e-07	-3.233e-07	2.0878e-10	1.5188e-10	-4.613e-11	3.2288e-07	-3.2356e-07
1.115	-1.5217e-09	1.6487e-10	-4.311e-11	3.2442e-07	-3.228e-07	-1.4026e-09	1.5106e-10	-5.462e-11	3.2432e-07	-3.229e-07	-1.3711e-09	1.6268e-10	-6.22e-12	3.2436e-07	-3.2276e-07	-1.1872e-09	1.6471e-10	-3.15e-12	3.2424e-07	-3.229e-07	-1.0746e-09	1.3286e-10	-4.241e-11	3.2406e-07	-3.2278e-07	-8.882e-10	1.586e-10	2.38e-12	3.2396e-07	-3.2312e-07	-8.6566e-10	1.2468e-10	-3.246e-11	3.2376e-07	-3.2266e-07	-1.8014e-10	1.6394e-10	-2.727e-11	3.2324e-07	-3.2356e-07	-4.1399e-10	1.0815e-10	-8.083e-11	3.2324e-07	-3.2276e-07	-1.1054e-10	1.4926e-10	-4.71e-12	3.2324e-07	-3.2336e-07	2.3826e-10	1.3955e-10	-5.725e-11	3.2282e-07	-3.2364e-07
1.11	-1.5446e-09	1.6036e-10	-2.676e-11	3.2446e-07	-3.2278e-07	-1.3881e-09	1.4415e-10	-3.902e-11	3.2436e-07	-3.228e-07	-1.3609e-09	1.6077e-10	4.67e-12	3.2432e-07	-3.2288e-07	-1.1033e-09	1.6688e-10	1.237e-11	3.2412e-07	-3.2296e-07	-1.0964e-09	1.3198e-10	-2.54e-11	3.2406e-07	-3.2272e-07	-1.0268e-09	1.3802e-10	1.09e-12	3.2406e-07	-3.2292e-07	-8.8138e-10	1.241e-10	-2.11e-11	3.2386e-07	-3.2268e-07	-1.5502e-10	1.5328e-10	-2.86e-11	3.2328e-07	-3.2356e-07	-4.9899e-10	1.0097e-10	-6.523e-11	3.2334e-07	-3.2274e-07	-3.211e-11	1.4449e-10	-7.88e-12	3.2316e-07	-3.2338e-07	2.7519e-10	1.3163e-10	-6.429e-11	3.2282e-07	-3.236e-07
1.105	-1.5547e-09	1.5859e-10	-5.8e-12	3.2448e-07	-3.2266e-07	-1.438e-09	1.4157e-10	-2.477e-11	3.2436e-07	-3.2284e-07	-1.2893e-09	1.6132e-10	1.383e-11	3.2436e-07	-3.2296e-07	-1.0205e-09	1.6798e-10	2.373e-11	3.2412e-07	-3.2306e-07	-1.1201e-09	1.3132e-10	-2.19e-12	3.2406e-07	-3.2268e-07	-9.689e-10	1.3887e-10	8.74e-12	3.2414e-07	-3.2306e-07	-9.0528e-10	1.2016e-10	-2.7e-12	3.2384e-07	-3.2266e-07	-1.3153e-10	1.4447e-10	-3.662e-11	3.2336e-07	-3.2366e-07	-5.5539e-10	9.337e-11	-5.491e-11	3.2342e-07	-3.2272e-07	1.837e-11	1.4136e-10	-8.39e-12	3.2308e-07	-3.2338e-07	3.1701e-10	1.2248e-10	-7.837e-11	3.228e-07	-3.235e-07
1.1	-1.5541e-09	1.6434e-10	1.786e-11	3.2452e-07	-3.2272e-07	-1.4589e-09	1.3963e-10	2.9e-13	3.2436e-07	-3.2266e-07	-1.1995e-09	1.6491e-10	2.568e-11	3.2422e-07	-3.2306e-07	-9.536e-10	1.6418e-10	3.56e-11	3.2402e-07	-3.2322e-07	-1.1451e-09	1.3111e-10	1.163e-11	3.2414e-07	-3.2288e-07	-8.829e-10	1.4034e-10	1.897e-11	3.2398e-07	-3.2308e-07	-9.2395e-10	1.1623e-10	4.93e-12	3.239e-07	-3.2282e-07	-9.856e-11	1.3658e-10	-4.047e-11	3.2334e-07	-3.2374e-07	-5.8976e-10	8.727e-11	-4.84e-11	3.2348e-07	-3.2268e-07	4.776e-11	1.3791e-10	-6.99e-12	3.2304e-07	-3.2344e-07	3.3366e-10	1.1562e-10	-8.011e-11	3.2284e-07	-3.2338e-07
1.095	-1.6005e-09	1.5709e-10	2.156e-11	3.2462e-07	-3.2286e-07	-1.4944e-09	1.4183e-10	1.485e-11	3.244e-07	-3.228e-07	-1.122e-09	1.6363e-10	4.192e-11	3.2432e-07	-3.2322e-07	-1.2002e-09	1.1799e-10	-9.8e-12	3.2416e-07	-3.2274e-07	-1.1199e-09	1.2706e-10	2.242e-11	3.242e-07	-3.229e-07	-1.0309e-09	1.2194e-10	1.744e-11	3.2404e-07	-3.2292e-07	-9.1728e-10	1.1483e-10	1.67e-11	3.239e-07	-3.2286e-07	-5.608e-11	1.2908e-10	-4.831e-11	3.2324e-07	-3.2358e-07	-6.0307e-10	8.434e-11	-3.08e-11	3.2348e-07	-3.2272e-07	6.042e-11	1.3196e-10	-1.137e-11	3.23e-07	-3.235e-07	3.2502e-10	1.0819e-10	-7.955e-11	3.2274e-07	-3.2338e-07
1.09	-1.5716e-09	1.5388e-10	3.48e-11	3.247e-07	-3.2296e-07	-1.4755e-09	1.4242e-10	3.293e-11	3.2446e-07	-3.2278e-07	-1.0524e-09	1.5779e-10	4.864e-11	3.242e-07	-3.2328e-07	-1.2205e-09	1.2003e-10	1.162e-11	3.2416e-07	-3.2264e-07	-1.0422e-09	1.293e-10	3.22e-11	3.2412e-07	-3.23e-07	-9.715e-10	1.2294e-10	2.88e-11	3.2406e-07	-3.2302e-07	-8.8024e-10	1.1259e-10	2.391e-11	3.2396e-07	-3.229e-07	-4.433e-11	1.1854e-10	-5.158e-11	3.2332e-07	-3.2344e-07	-6.172e-10	8.099e-11	-2.522e-11	3.2342e-07	-3.2262e-07	7.007e-11	1.2607e-10	-1.131e-11	3.2298e-07	-3.2352e-07	2.8518e-10	9.917e-11	-8.073e-11	3.2274e-07	-3.2328e-07
1.085	-1.4892e-09	1.5243e-10	4.183e-11	3.2466e-07	-3.232e-07	-1.4264e-09	1.4118e-10	4.163e-11	3.2442e-07	-3.2294e-07	-9.662e-10	1.5452e-10	4.118e-11	3.2414e-07	-3.236e-07	-1.2651e-09	1.1764e-10	3.173e-11	3.2418e-07	-3.228e-07	-9.504e-10	1.3153e-10	4.716e-11	3.2408e-07	-3.2308e-07	-8.875e-10	1.2308e-10	3.927e-11	3.2396e-07	-3.2302e-07	-8.4079e-10	1.1185e-10	2.925e-11	3.2394e-07	-3.23e-07	-6.007e-11	1.1082e-10	-4.77e-11	3.2324e-07	-3.2352e-07	-6.3479e-10	7.959e-11	-6.09e-12	3.2348e-07	-3.226e-07	8.768e-11	1.1847e-10	-1.143e-11	3.2292e-07	-3.234e-07	2.3428e-10	8.727e-11	-7.848e-11	3.2286e-07	-3.2324e-07
1.08	-1.4075e-09	1.569e-10	6.302e-11	3.2462e-07	-3.232e-07	-1.4552e-09	1.3117e-10	4.971e-11	3.2454e-07	-3.23e-07	-1.3002e-09	1.0369e-10	9.56e-12	3.243e-07	-3.2284e-07	-1.2444e-09	1.1722e-10	4.972e-11	3.2426e-07	-3.2284e-07	-8.746e-10	1.3381e-10	6.392e-11	3.24e-07	-3.2314e-07	-1.0413e-09	1.0252e-10	3.989e-11	3.2408e-07	-3.229e-07	-7.8914e-10	1.1145e-10	4.721e-11	3.2382e-07	-3.2306e-07	-9.868e-11	1.0333e-10	-4.567e-11	3.2316e-07	-3.2338e-07	-6.4987e-10	8.061e-11	6.11e-12	3.2348e-07	-3.2258e-07	1.1224e-10	1.0898e-10	-2.175e-11	3.2296e-07	-3.2356e-07	1.7922e-10	7.769e-11	-7.826e-11	3.2288e-07	-3.2322e-07
1.075	-1.3398e-09	1.5547e-10	7.886e-11	3.245e-07	-3.233e-07	-1.3545e-09	1.3507e-10	6.867e-11	3.2436e-07	-3.2304e-07	-1.323e-09	1.0469e-10	2.872e-11	3.2424e-07	-3.228e-07	-1.1875e-09	1.1791e-10	5.87e-11	3.2428e-07	-3.229e-07	-1.0815e-09	8.866e-11	1.709e-11	3.2406e-07	-3.2278e-07	-9.943e-10	1.029e-10	5.179e-11	3.2408e-07	-3.2298e-07	-7.3949e-10	1.1075e-10	5.454e-11	3.2378e-07	-3.2302e-07	-1.581e-10	9.13e-11	-3.921e-11	3.233e-07	-3.233e-07	-6.8133e-10	7.777e-11	2.461e-11	3.2348e-07	-3.2256e-07	1.4275e-10	9.933e-11	-3.084e-11	3.229e-07	-3.2358e-07	1.5445e-10	6.911e-11	-7.416e-11	3.2292e-07	-3.2314e-07
1.07	-1.2814e-09	1.4708e-10	9.191e-11	3.245e-07	-3.2342e-07	-1.2781e-09	1.4044e-10	8.767e-11	3.2442e-07	-3.2314e-07	-1.3545e-09	1.061e-10	5.858e-11	3.2426e-07	-3.2268e-07	-1.1094e-09	1.203e-10	7.7e-11	3.2414e-07	-3.23e-07	-1.1118e-09	8.932e-11	3.883e-11	3.2398e-07	-3.2262e-07	-9.036e-10	1.0548e-10	6.551e-11	3.24e-07	-3.2312e-07	-7.1295e-10	1.0812e-10	7.211e-11	3.2376e-07	-3.2304e-07	-2.1062e-10	8.243e-11	-3.382e-11	3.232e-07	-3.2314e-07	-6.9707e-10	7.619e-11	3.835e-11	3.2358e-07	-3.2278e-07	1.8489e-10	9.62e-11	-3.508e-11	3.2292e-07	-3.2348e-07	1.1536e-10	5.819e-11	-7.958e-11	3.2294e-07	-3.231e-07
1.065	-1.1814e-09	1.4191e-10	9.905e-11	3.2446e-07	-3.2356e-07	-1.2111e-09	1.3799e-10	1.086e-10	3.2432e-07	-3.2324e-07	-1.3889e-09	1.0603e-10	7.848e-11	3.2436e-07	-3.2284e-07	-1.0416e-09	1.2382e-10	9.792e-11	3.2402e-07	-3.231e-07	-1.1597e-09	8.768e-11	6.812e-11	3.2408e-07	-3.2276e-07	-1.0513e-09	8.875e-11	7.207e-11	3.2402e-07	-3.2288e-07	-6.7543e-10	1.0693e-10	8.639e-11	3.2376e-07	-3.231e-07	-2.4804e-10	7.146e-11	-2.413e-11	3.232e-07	-3.2308e-07	-6.9479e-10	7.305e-11	4.723e-11	3.2366e-07	-3.228e-07	2.0778e-10	8.826e-11	-3.132e-11	3.2292e-07	-3.2338e-07	7.22e-11	5.295e-11	-7.453e-11	3.23e-07	-3.2296e-07
1.06	-1.0913e-09	1.3982e-10	1.0355e-10	3.243e-07	-3.2366e-07	-1.1491e-09	1.3445e-10	1.1739e-10	3.2432e-07	-3.2338e-07	-1.3819e-09	1.034e-10	9.744e-11	3.2438e-07	-3.2286e-07	-9.899e-10	1.2009e-10	1.1802e-10	3.2404e-07	-3.2322e-07	-1.175e-09	8.982e-11	8.67e-11	3.2412e-07	-3.2282e-07	-1.01e-09	8.856e-11	8.762e-11	3.2408e-07	-3.2296e-07	-6.4488e-10	1.0344e-10	1.0013e-10	3.237e-07	-3.2316e-07	-2.8567e-10	6.408e-11	-1.891e-11	3.2326e-07	-3.2308e-07	-6.6048e-10	7.422e-11	6.239e-11	3.2368e-07	-3.2286e-07	1.9624e-10	7.784e-11	-3.256e-11	3.2294e-07	-3.2344e-07	2.722e-11	4.791e-11	-6.746e-11	3.2306e-07	-3.229e-07
1.055	-1.035e-09	1.4255e-10	1.1152e-10	3.2426e-07	-3.2364e-07	-1.0805e-09	1.2836e-10	1.3196e-10	3.243e-07	-3.2354e-07	-1.3212e-09	1.052e-10	1.1801e-10	3.2436e-07	-3.2306e-07	-9.161e-10	1.1704e-10	1.283e-10	3.2408e-07	-3.2346e-07	-1.1433e-09	8.98e-11	1.0904e-10	3.2408e-07	-3.2292e-07	-9.207e-10	9.448e-11	1.0816e-10	3.2396e-07	-3.2306e-07	-6.1483e-10	9.761e-11	1.1261e-10	3.237e-07	-3.233e-07	-3.3351e-10	5.707e-11	-5.26e-12	3.2328e-07	-3.2298e-07	-6.2281e-10	7.334e-11	7.086e-11	3.2364e-07	-3.229e-07	1.4757e-10	6.925e-11	-2.601e-11	3.2292e-07	-3.2332e-07	-5.288e-11	4.313e-11	-6.138e-11	3.2298e-07	-3.2274e-07
1.05	-1.0434e-09	1.3485e-10	1.208e-10	3.2416e-07	-3.237e-07	-1.1174e-09	1.2436e-10	1.5147e-10	3.2426e-07	-3.235e-07	-1.2527e-09	1.0631e-10	1.3745e-10	3.2426e-07	-3.2306e-07	-8.159e-10	1.1241e-10	1.3755e-10	3.2406e-07	-3.2356e-07	-1.0743e-09	9.399e-11	1.2713e-10	3.2416e-07	-3.2304e-07	-1.0842e-09	7.822e-11	1.1737e-10	3.2402e-07	-3.229e-07	-5.7461e-10	9.599e-11	1.2127e-10	3.2366e-07	-3.2344e-07	-3.8744e-10	5.279e-11	1.23e-11	3.2326e-07	-3.2284e-07	-5.7421e-10	7.361e-11	8.701e-11	3.236e-07	-3.2288e-07	9.566e-11	6.144e-11	-1.52e-11	3.2288e-07	-3.2324e-07	-1.5424e-10	3.779e-11	-4.579e-11	3.2306e-07	-3.2274e-07
1.045	-1.0414e-09	1.2521e-10	1.3298e-10	3.2412e-07	-3.237e-07	-1.1669e-09	1.1823e-10	1.7668e-10	3.242e-07	-3.2356e-07	-1.1999e-09	1.0822e-10	1.6931e-10	3.2424e-07	-3.2316e-07	-1.2454e-09	6.181e-11	1.051e-10	3.2412e-07	-3.2278e-07	-1.0172e-09	9.538e-11	1.5429e-10	3.241e-07	-3.231e-07	-1.0535e-09	7.735e-11	1.3833e-10	3.2408e-07	-3.2302e-07	-4.8469e-10	9.495e-11	1.3632e-10	3.2358e-07	-3.235e-07	-4.5964e-10	4.687e-11	3.289e-11	3.2328e-07	-3.2276e-07	-5.3341e-10	7.45e-11	1.0542e-10	3.2358e-07	-3.2298e-07	3.436e-11	5.036e-11	-1.172e-11	3.2298e-07	-3.2318e-07	-2.3718e-10	3.245e-11	-3.57e-11	3.231e-07	-3.2264e-07
1.04	-1.0102e-09	1.142e-10	1.373e-10	3.242e-07	-3.2376e-07	-1e-09	1.2139e-10	1.8133e-10	3.2406e-07	-3.236e-07	-1.152e-09	1.0662e-10	1.9542e-10	3.2416e-07	-3.2336e-07	-1.2835e-09	6.099e-11	1.4343e-10	3.2422e-07	-3.2274e-07	-9.623e-10	9.616e-11	1.8966e-10	3.2406e-07	-3.232e-07	-9.787e-10	8.215e-11	1.6509e-10	3.2402e-07	-3.2314e-07	-4.4435e-10	9.238e-11	1.4611e-10	3.235e-07	-3.2346e-07	-5.6113e-10	3.995e-11	5.812e-11	3.234e-07	-3.2278e-07	-4.9946e-10	7.346e-11	1.2549e-10	3.2348e-07	-3.2304e-07	-1.16e-11	4.266e-11	-5.59e-12	3.2298e-07	-3.2314e-07	-2.8664e-10	2.649e-11	-2.46e-11	3.2316e-07	-3.2272e-07
1.035	-9.837e-10	1.065e-10	1.5145e-10	3.2418e-07	-3.2362e-07	-1.0025e-09	1.1781e-10	2.0632e-10	3.2392e-07	-3.2358e-07	-1.0799e-09	1.0545e-10	2.2222e-10	3.2412e-07	-3.2352e-07	-1.3333e-09	6.517e-11	1.8764e-10	3.2424e-07	-3.2272e-07	-9.237e-10	9.186e-11	2.1242e-10	3.2394e-07	-3.2332e-07	-9.21e-10	8.607e-11	2.0137e-10	3.2396e-07	-3.2314e-07	-4.2457e-10	9.158e-11	1.65e-10	3.2342e-07	-3.234e-07	-6.9443e-10	3.6e-11	8.915e-11	3.2344e-07	-3.2274e-07	-4.6775e-10	7.235e-11	1.4756e-10	3.2338e-07	-3.2304e-07	-5.87e-11	3.64e-11	2.94e-12	3.2304e-07	-3.231e-07	-3.1738e-10	2.248e-11	-1.711e-11	3.232e-07	-3.2272e-07
1.03	-1.0183e-09	1.01e-10	1.8631e-10	3.2412e-07	-3.2354e-07	-1.0108e-09	1.0964e-10	2.3548e-10	3.2392e-07	-3.2362e-07	-9.794e-10	1.0297e-10	2.3983e-10	3.2406e-07	-3.2356e-07	-1.4031e-09	6.497e-11	2.3491e-10	3.242e-07	-3.228e-07	-1.1968e-09	4.33e-11	1.7782e-10	3.2394e-07	-3.2274e-07	-8.765e-10	8.323e-11	2.3315e-10	3.2394e-07	-3.2328e-07	-4.3026e-10	9.041e-11	1.8829e-10	3.2336e-07	-3.235e-07	-7.7246e-10	3.147e-11	1.2156e-10	3.2352e-07	-3.2276e-07	-4.418e-10	7.017e-11	1.647e-10	3.2338e-07	-3.232e-07	-1.1248e-10	2.79e-11	1.753e-11	3.231e-07	-3.2298e-07	-3.386e-10	2.198e-11	-4.32e-12	3.2324e-07	-3.2264e-07
1.025	-1.2749e-09	7.312e-11	2.127e-10	3.243e-07	-3.2326e-07	-1.0124e-09	9.984e-11	2.5797e-10	3.2388e-07	-3.2366e-07	-9.52e-10	1.0282e-10	2.7393e-10	3.2394e-07	-3.2346e-07	-1.4347e-09	6.533e-11	2.7903e-10	3.242e-07	-3.2284e-07	-1.2553e-09	4.274e-11	2.2416e-10	3.2396e-07	-3.228e-07	-1.1362e-09	4.027e-11	2.1444e-10	3.2398e-07	-3.2286e-07	-4.555e-10	8.617e-11	2.1448e-10	3.2336e-07	-3.235e-07	-8.3285e-10	2.772e-11	1.5116e-10	3.2354e-07	-3.2268e-07	-3.9949e-10	7.029e-11	1.8522e-10	3.233e-07	-3.2326e-07	-1.6621e-10	2.43e-11	3.327e-11	3.2304e-07	-3.228e-07	-3.5542e-10	2.296e-11	1.116e-11	3.2324e-07	-3.2272e-07
1.02	-1.383e-09	6.598e-11	2.6626e-10	3.2428e-07	-3.2302e-07	-9.956e-10	9.292e-11	2.8893e-10	3.2386e-07	-3.236e-07	-9.819e-10	9.995e-11	3.1161e-10	3.239e-07	-3.2362e-07	-1.4135e-09	6.744e-11	3.2779e-10	3.242e-07	-3.2298e-07	-1.2998e-09	4.682e-11	2.801e-10	3.2402e-07	-3.227e-07	-1.1949e-09	4.186e-11	2.6746e-10	3.2396e-07	-3.2266e-07	-4.6791e-10	7.945e-11	2.4614e-10	3.2326e-07	-3.235e-07	-8.7836e-10	2.348e-11	1.9277e-10	3.2364e-07	-3.2264e-07	-3.2369e-10	6.8e-11	2.0068e-10	3.2332e-07	-3.2334e-07	-2.5163e-10	2.204e-11	5.764e-11	3.231e-07	-3.2272e-07	-3.8013e-10	2.211e-11	2.183e-11	3.2328e-07	-3.2266e-07
1.015	-1.5425e-09	5.577e-11	3.2409e-10	3.2432e-07	-3.2304e-07	-1.0118e-09	8.545e-11	3.2895e-10	3.239e-07	-3.2352e-07	-9.985e-10	9.385e-11	3.4845e-10	3.2384e-07	-3.2362e-07	-1.3707e-09	7.281e-11	3.8348e-10	3.2414e-07	-3.23e-07	-1.3797e-09	4.773e-11	3.4441e-10	3.2408e-07	-3.2268e-07	-1.2785e-09	4.508e-11	3.2775e-10	3.24e-07	-3.2278e-07	-4.802e-10	7.462e-11	2.7469e-10	3.2346e-07	-3.2362e-07	-9.7081e-10	3.343e-11	2.5895e-10	3.2362e-07	-3.2254e-07	-2.9408e-10	6.628e-11	2.2166e-10	3.2324e-07	-3.2338e-07	-3.6623e-10	2.041e-11	8.99e-11	3.231e-07	-3.2274e-07	-4.0101e-10	2.355e-11	4.458e-11	3.2322e-07	-3.2248e-07
1.01	-1.7266e-09	5.353e-11	4.0678e-10	3.2438e-07	-3.2298e-07	-1.1162e-09	7.521e-11	3.87e-10	3.2388e-07	-3.2342e-07	-1.0162e-09	8.492e-11	3.9466e-10	3.2384e-07	-3.2362e-07	-1.3544e-09	7.553e-11	4.5105e-10	3.2408e-07	-3.2302e-07	-1.4492e-09	4.872e-11	4.1406e-10	3.241e-07	-3.2288e-07	-1.3208e-09	4.601e-11	3.8929e-10	3.24e-07	-3.2286e-07	-1.1336e-09	2.759e-11	3.2304e-10	3.2382e-07	-3.228e-07	-1.03456e-09	3.428e-11	3.1149e-10	3.2366e-07	-3.226e-07	-2.8714e-10	6.653e-11	2.5347e-10	3.2316e-07	-3.2344e-07	-4.8592e-10	1.416e-11	1.2338e-10	3.2322e-07	-3.2274e-07	-4.3399e-10	2.484e-11	5.94e-11	3.2334e-07	-3.2266e-07
1.005	-1.9011e-09	4.6e-11	4.9257e-10	3.245e-07	-3.2298e-07	-1.2628e-09	6.304e-11	4.5857e-10	3.239e-07	-3.2328e-07	-1.0289e-09	7.518e-11	4.4142e-10	3.2376e-07	-3.237e-07	-1.3585e-09	7.389e-11	5.2846e-10	3.2402e-07	-3.2316e-07	-1.4794e-09	4.703e-11	4.746e-10	3.2412e-07	-3.229e-07	-1.3109e-09	4.962e-11	4.5372e-10	3.2412e-07	-3.2304e-07	-1.2009e-09	3.059e-11	4.0003e-10	3.2382e-07	-3.2262e-07	-1.08245e-09	3.361e-11	3.6165e-10	3.2366e-07	-3.2274e-07	-2.9484e-10	6.6e-11	2.8596e-10	3.2312e-07	-3.234e-07	-5.5971e-10	1.047e-11	1.5872e-10	3.2328e-07	-3.2274e-07	-4.5327e-10	2.61e-11	7.507e-11	3.2328e-07	-3.2274e-07
1	-2.0289e-09	4.499e-11	5.9109e-10	3.2452e-07	-3.229e-07	-1.4161e-09	4.933e-11	5.4194e-10	3.2394e-07	-3.2326e-07	-1.0877e-09	6.702e-11	5.1779e-10	3.2384e-07	-3.2352e-07	-1.3589e-09	7.362e-11	6.007e-10	3.24e-07	-3.2338e-07	-1.4804e-09	5.131e-11	5.592e-10	3.241e-07	-3.2304e-07	-1.2849e-09	5.414e-11	5.2933e-10	3.2394e-07	-3.2304e-07	-1.3077e-09	3.002e-11	4.7185e-10	3.2392e-07	-3.228e-07	-1.11981e-09	3.423e-11	4.2685e-10	3.2368e-07	-3.2266e-07	-3.2948e-10	6.308e-11	3.2914e-10	3.2302e-07	-3.2346e-07	-6.334e-10	8.51e-12	1.9744e-10	3.2334e-07	-3.2268e-07	-4.4835e-10	2.571e-11	8.908e-11	3.2336e-07	-3.2268e-07
0.995	-2.1537e-09	4.337e-11	6.9752e-10	3.2454e-07	-3.2292e-07	-1.5679e-09	4.092e-11	6.3426e-10	3.24e-07	-3.2318e-07	-1.2302e-09	5.623e-11	6.0137e-10	3.2372e-07	-3.2332e-07	-1.3417e-09	7.019e-11	6.8879e-10	3.2394e-07	-3.235e-07	-1.4761e-09	5.858e-11	6.4865e-10	3.2402e-07	-3.2296e-07	-1.2997e-09	5.775e-11	6.1891e-10	3.2388e-07	-3.231e-07	-1.3735e-09	3.221e-11	5.5931e-10	3.2388e-07	-3.2282e-07	-1.13e-09	1.039e-11	4.4886e-10	3.2366e-07	-3.227e-07	-3.5629e-10	5.998e-11	3.7741e-10	3.2312e-07	-3.235e-07	-6.9132e-10	7.71e-12	2.4085e-10	3.234e-07	-3.2268e-07	-4.3095e-10	2.747e-11	9.96e-11	3.2336e-07	-3.2274e-07
0.99	-2.2888e-09	4.313e-11	8.3119e-10	3.2456e-07	-3.228e-07	-1.7464e-09	3.476e-11	7.5181e-10	3.2406e-07	-3.2298e-07	-1.4327e-09	4.421e-11	7.1564e-10	3.2374e-07	-3.2318e-07	-1.3578e-09	7.169e-11	7.8657e-10	3.2382e-07	-3.235e-07	-1.5125e-09	6.095e-11	7.6271e-10	3.2396e-07	-3.2312e-07	-1.3308e-09	5.745e-11	7.2523e-10	3.2386e-07	-3.2336e-07	-1.4017e-09	3.738e-11	6.4737e-10	3.2394e-07	-3.2288e-07	-1.229e-09	1.21e-11	5.44e-10	3.237e-07	-3.2266e-07	-4.0129e-10	5.499e-11	4.3083e-10	3.2306e-07	-3.2348e-07	-7.5279e-10	6.8e-12	2.9267e-10	3.2334e-07	-3.2268e-07	-3.9051e-10	2.9e-11	1.1913e-10	3.234e-07	-3.2286e-07
0.985	-2.4558e-09	4.294e-11	9.7809e-10	3.2458e-07	-3.228e-07	-2.0006e-09	2.947e-11	9.0052e-10	3.2408e-07	-3.229e-07	-1.6206e-09	3.296e-11	8.3419e-10	3.2382e-07	-3.231e-07	-1.4393e-09	7.322e-11	9.0818e-10	3.237e-07	-3.2352e-07	-1.5691e-09	5.951e-11	8.8567e-10	3.2392e-07	-3.2334e-07	-1.3527e-09	5.688e-11	8.295e-10	3.2384e-07	-3.2344e-07	-1.4072e-09	4.28e-11	7.5736e-10	3.2376e-07	-3.23e-07	-1.3413e-09	1.717e-11	6.4504e-10	3.2368e-07	-3.2264e-07	-4.426e-10	4.738e-11	4.8652e-10	3.23e-07	-3.2356e-07	-8.136e-10	7.99e-12	3.5539e-10	3.2336e-07	-3.2252e-07	-3.4158e-10	3.202e-11	1.3817e-10	3.2324e-07	-3.2288e-07
0.98	-2.1417e-09	3.453e-11	1.1675e-09	3.2446e-07	-3.235e-07	-2.291e-09	2.548e-11	1.06618e-09	3.2424e-07	-3.2286e-07	-1.8318e-09	2.502e-11	9.8311e-10	3.2394e-07	-3.2296e-07	-1.5673e-09	7.009e-11	1.04804e-09	3.2376e-07	-3.2362e-07	-1.6094e-09	5.549e-11	1.01391e-09	3.2388e-07	-3.2344e-07	-1.3524e-09	5.827e-11	9.5228e-10	3.2372e-07	-3.2352e-07	-1.4563e-09	4.718e-11	8.8632e-10	3.2378e-07	-3.231e-07	-1.4703e-09	1.943e-11	7.5693e-10	3.2366e-07	-3.2284e-07	-1.1311e-09	1.3e-13	5.7645e-10	3.2352e-07	-3.2266e-07	-8.9103e-10	9.81e-12	4.201e-10	3.234e-07	-3.2258e-07	-3.0443e-10	3.436e-11	1.6168e-10	3.2322e-07	-3.2288e-07
0.975	-2.2727e-09	7.339e-11	1.3327e-09	3.2434e-07	-3.2368e-07	-2.5512e-09	1.845e-11	1.2929e-09	3.2394e-07	-3.2366e-07	-2.1107e-09	1.927e-11	1.2446e-09	3.2402e-07	-3.2354e-07	-1.706e-09	5.979e-11	1.2228e-09	3.2418e-07	-3.2266e-07	-1.4318e-09	4.317e-11	1.1887e-09	3.2412e-07	-3.2298e-07	-1.4275e-09	5.934e-11	1.08977e-09	3.2364e-07	-3.2354e-07	-1.5205e-09	4.725e-11	1.02746e-09	3.2376e-07	-3.2332e-07	-1.5415e-09	2.348e-11	8.82e-10	3.237e-07	-3.2278e-07	-1.2468e-09	3.2e-12	6.8718e-10	3.2346e-07	-3.2266e-07	-9.8137e-10	9.13e-12	4.9589e-10	3.2342e-07	-3.2254e-07	-2.68e-10	3.754e-11	1.8649e-10	3.2316e-07	-3.23e-07
0.97	-2.3927e-09	7.738e-11	1.5492e-09	3.2416e-07	-3.2366e-07	-2.2047e-09	6.57e-11	1.4857e-09	3.2398e-07	-3.2374e-07	-2.0687e-09	6.886e-11	1.433e-09	3.2388e-07	-3.2354e-07	-2.555e-09	3.083e-11	1.4258e-09	3.2414e-07	-3.228e-07	-2.2449e-09	4.464e-11	1.3578e-09	3.2402e-07	-3.2302e-07	-1.5782e-09	5.95e-11	1.2378e-09	3.2394e-07	-3.228e-07	-1.2462e-09	3.363e-11	1.1782e-09	3.2388e-07	-3.2296e-07	-1.6104e-09	2.783e-11	1.02758e-09	3.237e-07	-3.2298e-07	-1.3981e-09	9.99e-12	8.1743e-10	3.2348e-07	-3.2252e-07	-1.06829e-09	1.359e-11	5.8501e-10	3.2346e-07	-3.2276e-07	-2.4007e-10	3.495e-11	2.1577e-10	3.2316e-07	-3.2314e-07
0.965	-2.6294e-09	6.771e-11	1.7709e-09	3.2416e-07	-3.2368e-07	-2.3726e-09	5.644e-11	1.7128e-09	3.2388e-07	-3.2352e-07	-2.2794e-09	6.436e-11	1.6517e-09	3.2376e-07	-3.2362e-07	-2.74e-09	3.253e-11	1.6659e-09	3.2416e-07	-3.2292e-07	-2.334e-09	4.762e-11	1.5863e-09	3.2402e-07	-3.2324e-07	-2.3594e-09	1.509e-11	1.4663e-09	3.2396e-07	-3.2264e-07	-1.9649e-09	3.771e-11	1.3722e-09	3.2378e-07	-3.2308e-07	-1.1234e-09	3.363e-11	1.1928e-09	3.2366e-07	-3.2292e-07	-1.5528e-09	1.241e-11	9.5647e-10	3.2356e-07	-3.2268e-07	-1.14404e-09	1.43e-11	6.7975e-10	3.2338e-07	-3.227e-07	-2.2449e-10	3.528e-11	2.4346e-10	3.231e-07	-3.2314e-07
0.96	-2.8718e-09	5.899e-11	2.0498e-09	3.2402e-07	-3.237e-07	-2.6617e-09	4.726e-11	1.9888e-09	3.2388e-07	-3.234e-07	-2.4949e-09	5.427e-11	1.8996e-09	3.2372e-07	-3.2362e-07	-2.8958e-09	4.187e-11	1.9503e-09	3.2408e-07	-3.2296e-07	-2.5247e-09	4.391e-11	1.8434e-09	3.2404e-07	-3.235e-07	-2.6293e-09	1.925e-11	1.7195e-09	3.24e-07	-3.2284e-07	-2.084e-09	4.176e-11	1.6049e-09	3.2368e-07	-3.2328e-07	-1.8259e-09	3.687e-11	1.4031e-09	3.2364e-07	-3.231e-07	-1.6772e-09	1.6e-11	1.11512e-09	3.2358e-07	-3.2274e-07	-1.1664e-09	-9.59e-12	7.4572e-10	3.2334e-07	-3.2266e-07	-1.8395e-10	3.495e-11	2.7469e-10	3.231e-07	-3.2328e-07
0.955	-3.1277e-09	5.363e-11	2.3705e-09	3.2406e-07	-3.2362e-07	-3.0942e-09	3.476e-11	2.3221e-09	3.24e-07	-3.2336e-07	-2.7352e-09	4.31e-11	2.1985e-09	3.2376e-07	-3.2346e-07	-3.102e-09	4.499e-11	2.2727e-09	3.241e-07	-3.2316e-07	-2.6253e-09	4.769e-11	2.1121e-09	3.2392e-07	-3.2362e-07	-2.8478e-09	2.343e-11	2.0027e-09	3.24e-07	-3.23e-07	-2.2335e-09	3.953e-11	1.8463e-09	3.2368e-07	-3.2342e-07	-1.9555e-09	3.797e-11	1.6079e-09	3.2352e-07	-3.2334e-07	-1.7809e-09	1.956e-11	1.2034e-09	3.23e-07	-3.2316e-07	-1.3078e-09	-8.52e-12	8.7475e-10	3.2336e-07	-3.2268e-07	-1.4922e-10	3.539e-11	2.9618e-10	3.2306e-07	-3.2338e-07
0.95	-3.5413e-09	4.599e-11	2.7655e-09	3.24e-07	-3.2338e-07	-3.5521e-09	2.178e-11	2.7027e-09	3.2402e-07	-3.2324e-07	-3.146e-09	3.486e-11	2.5447e-09	3.2366e-07	-3.2334e-07	-3.3885e-09	4.582e-11	2.623e-09	3.2402e-07	-3.2344e-07	-2.9063e-09	5.25e-11	2.4512e-09	3.2378e-07	-3.2362e-07	-3.0465e-09	3.221e-11	2.3303e-09	3.2392e-07	-3.2302e-07	-2.3845e-09	4.337e-11	2.1268e-09	3.235e-07	-3.2358e-07	-2.0564e-09	3.916e-11	1.8611e-09	3.2342e-07	-3.2352e-07	-1.5416e-09	-8e-13	1.4098e-09	3.2318e-07	-3.2296e-07	-1.4707e-09	-2.8e-12	1.03845e-09	3.2332e-07	-3.225e-07	-1.1854e-10	3.652e-11	3.3475e-10	3.2304e-07	-3.2352e-07
0.945	-4.129e-09	2.871e-11	3.2104e-09	3.2416e-07	-3.2332e-07	-4.0237e-09	1.711e-11	3.1664e-09	3.24e-07	-3.231e-07	-3.6837e-09	2.14e-11	2.9739e-09	3.2378e-07	-3.233e-07	-3.6414e-09	4.675e-11	3.045e-09	3.2388e-07	-3.2354e-07	-3.2248e-09	5.185e-11	2.8642e-09	3.236e-07	-3.2372e-07	-3.3328e-09	3.626e-11	2.7054e-09	3.2384e-07	-3.2328e-07	-2.6458e-09	4.672e-11	2.4692e-09	3.2342e-07	-3.2362e-07	-2.2412e-09	4.352e-11	2.1448e-09	3.233e-07	-3.2344e-07	-1.8783e-09	-7.13e-12	1.6602e-09	3.2322e-07	-3.228e-07	-1.082e-09	4.011e-11	1.2167e-09	3.234e-07	-3.2266e-07	-1.3304e-10	3.748e-11	3.8157e-10	3.2294e-07	-3.2344e-07
0.94	-4.7429e-09	1.47e-11	3.7459e-09	3.242e-07	-3.2322e-07	-4.5627e-09	1.314e-11	3.6913e-09	3.2406e-07	-3.232e-07	-4.2496e-09	9.41e-12	3.4866e-09	3.2388e-07	-3.2304e-07	-4.0502e-09	5.13e-11	3.5296e-09	3.237e-07	-3.2356e-07	-3.6557e-09	4.112e-11	3.2704e-09	3.2364e-07	-3.238e-07	-3.6581e-09	3.704e-11	3.1519e-09	3.238e-07	-3.2346e-07	-3.0041e-09	4.034e-11	2.8406e-09	3.2334e-07	-3.2364e-07	-2.5692e-09	4.154e-11	2.4781e-09	3.2322e-07	-3.2358e-07	-2.3378e-09	-1.13e-11	1.9543e-09	3.2338e-07	-3.228e-07	-1.8925e-09	8.4e-13	1.421e-09	3.2356e-07	-3.2282e-07	-1.7204e-10	3.705e-11	4.3181e-10	3.2296e-07	-3.2352e-07
0.935	-5.4279e-09	9.01e-12	4.3768e-09	3.2432e-07	-3.2304e-07	-5.2778e-09	5.67e-12	4.3374e-09	3.2408e-07	-3.2292e-07	-4.9373e-09	1.6e-12	4.0638e-09	3.2406e-07	-3.2302e-07	-4.5902e-09	4.618e-11	4.0562e-09	3.2366e-07	-3.2358e-07	-4.109e-09	3.315e-11	3.7709e-09	3.236e-07	-3.2358e-07	-4.0143e-09	3.929e-11	3.6325e-09	3.2364e-07	-3.235e-07	-3.4044e-09	3.057e-11	3.2809e-09	3.2332e-07	-3.2354e-07	-2.9156e-09	3.386e-11	2.8702e-09	3.2322e-07	-3.2362e-07	-2.8071e-09	-1.539e-11	2.2905e-09	3.2344e-07	-3.227e-07	-2.0745e-09	7.23e-12	1.6508e-09	3.2356e-07	-3.2292e-07	-2.3137e-10	3.308e-11	4.949e-10	3.2286e-07	-3.2354e-07
0.93	-6.3236e-09	6.47e-12	5.1382e-09	3.2438e-07	-3.2296e-07	-6.1827e-09	1.68e-12	5.0591e-09	3.242e-07	-3.229e-07	-5.7779e-09	-3.2e-12	4.776e-09	3.2412e-07	-3.2292e-07	-5.1398e-09	3.355e-11	4.7319e-09	3.2366e-07	-3.2356e-07	-4.7655e-09	2.336e-11	4.3966e-09	3.2358e-07	-3.2344e-07	-4.5284e-09	4.379e-11	4.2395e-09	3.2354e-07	-3.2354e-07	-3.923e-09	2.381e-11	3.8317e-09	3.233e-07	-3.2346e-07	-3.3262e-09	2.522e-11	3.3114e-09	3.2316e-07	-3.2334e-07	-3.2269e-09	-1.316e-11	2.6999e-09	3.2346e-07	-3.2268e-07	-2.2243e-09	1.746e-11	1.9221e-09	3.2342e-07	-3.2298e-07	-2.7512e-10	3.158e-11	5.6526e-10	3.2286e-07	-3.2356e-07
0.925	-7.325e-09	1.5e-12	5.9786e-09	3.2452e-07	-3.2282e-07	-7.1551e-09	-4.3e-12	5.9005e-09	3.243e-07	-3.2284e-07	-6.6897e-09	-6.77e-12	5.5705e-09	3.2424e-07	-3.2284e-07	-5.9212e-09	2.697e-11	5.4729e-09	3.2358e-07	-3.234e-07	-5.5648e-09	1.135e-11	5.1239e-09	3.2368e-07	-3.2328e-07	-5.202e-09	3.886e-11	4.9004e-09	3.235e-07	-3.2352e-07	-4.6619e-09	1.36e-11	4.4409e-09	3.234e-07	-3.2332e-07	-3.8879e-09	1.815e-11	3.8574e-09	3.2304e-07	-3.2328e-07	-3.6988e-09	-6.8e-12	3.155e-09	3.2352e-07	-3.2248e-07	-2.4243e-09	2.428e-11	2.2498e-09	3.2338e-07	-3.2318e-07	-3.5267e-10	2.613e-11	6.4598e-10	3.2286e-07	-3.2362e-07
0.92	-8.3921e-09	-9.3e-13	6.9913e-09	3.246e-07	-3.2296e-07	-8.1927e-09	-3.59e-12	6.918e-09	3.243e-07	-3.2278e-07	-7.6647e-09	-7.84e-12	6.495e-09	3.2418e-07	-3.2274e-07	-6.9362e-09	1.446e-11	6.3928e-09	3.2372e-07	-3.2332e-07	-6.5122e-09	-1.52e-12	5.9728e-09	3.2382e-07	-3.2322e-07	-5.9263e-09	3.023e-11	5.7088e-09	3.2348e-07	-3.237e-07	-5.4854e-09	-3.45e-12	5.197e-09	3.2344e-07	-3.2322e-07	-4.6401e-09	6.85e-12	4.4991e-09	3.2328e-07	-3.2318e-07	-4.2512e-09	-1.08e-12	3.6754e-09	3.2352e-07	-3.2272e-07	-2.6894e-09	2.445e-11	2.604e-09	3.2336e-07	-3.2334e-07	-4.2833e-10	2.269e-11	7.2629e-10	3.2284e-07	-3.2362e-07
0.915	-9.573e-09	5.66e-12	8.1478e-09	3.246e-07	-3.2276e-07	-9.3569e-09	2.55e-12	8.0583e-09	3.2432e-07	-3.2262e-07	-8.7621e-09	6.1e-13	7.5653e-09	3.2424e-07	-3.226e-07	-8.0761e-09	2.2e-13	7.4352e-09	3.2378e-07	-3.2314e-07	-7.5627e-09	-6.53e-12	6.9612e-09	3.2378e-07	-3.2298e-07	-6.8332e-09	2.397e-11	6.5925e-09	3.2342e-07	-3.2348e-07	-6.4288e-09	-9.01e-12	6.0424e-09	3.2348e-07	-3.2294e-07	-5.4666e-09	-6.27e-12	5.2417e-09	3.2324e-07	-3.2304e-07	-4.7943e-09	5.93e-12	4.2815e-09	3.2362e-07	-3.2286e-07	-2.984e-09	2.599e-11	3.0106e-09	3.2324e-07	-3.2356e-07	-5.042e-10	1.442e-11	9.1159e-10	3.2316e-07	-3.2284e-07
0.91	-1.09559e-08	8.3e-12	9.5026e-09	3.2458e-07	-3.2292e-07	-1.07232e-08	7.86e-12	9.441e-09	3.2438e-07	-3.2278e-07	-1.00572e-08	5.55e-12	8.8579e-09	3.2428e-07	-3.229e-07	-9.3857e-09	-6.52e-12	8.6903e-09	3.2382e-07	-3.2294e-07	-8.9253e-09	-1.207e-11	8.1102e-09	3.2382e-07	-3.228e-07	-7.9316e-09	1.59e-11	7.7085e-09	3.234e-07	-3.234e-07	-7.5496e-09	-1.412e-11	7.0865e-09	3.2346e-07	-3.2286e-07	-6.421e-09	-1.474e-11	6.1174e-09	3.234e-07	-3.229e-07	-5.3872e-09	1.54e-11	4.9841e-09	3.2342e-07	-3.228e-07	-3.3452e-09	3.017e-11	3.5033e-09	3.2306e-07	-3.2352e-07	-1.168e-09	1.828e-11	1.0524e-09	3.2316e-07	-3.2292e-07
0.905	-1.17462e-08	1.841e-11	1.09615e-08	3.2406e-07	-3.2338e-07	-1.15616e-08	1.768e-11	1.08453e-08	3.239e-07	-3.233e-07	-1.14657e-08	1.14e-11	1.02722e-08	3.2424e-07	-3.2292e-07	-1.09964e-08	-1.057e-11	1.01152e-08	3.239e-07	-3.2282e-07	-1.03723e-08	-1.678e-11	9.4582e-09	3.2406e-07	-3.2284e-07	-9.345e-09	2.98e-12	8.9771e-09	3.2354e-07	-3.2334e-07	-8.8744e-09	-1.695e-11	8.258e-09	3.2372e-07	-3.2286e-07	-7.6065e-09	-1.984e-11	7.1886e-09	3.2344e-07	-3.228e-07	-6.1085e-09	1.964e-11	5.8176e-09	3.234e-07	-3.2314e-07	-3.9064e-09	2.791e-11	4.03e-09	3.23e-07	-3.2352e-07	-1.2701e-09	-2.093e-11	1.2149e-09	3.2286e-07	-3.2342e-07
0.9	-1.38968e-08	-9.97e-12	1.28986e-08	3.2418e-07	-3.2356e-07	-1.36628e-08	-7.21e-12	1.28032e-08	3.2408e-07	-3.236e-07	-1.29096e-08	2.984e-11	1.19258e-08	3.2402e-07	-3.2284e-07	-1.29408e-08	-4.64e-12	1.18802e-08	3.2358e-07	-3.2354e-07	-1.1479e-08	3.124e-11	1.11152e-08	3.2364e-07	-3.2364e-07	-1.09101e-08	-9.37e-12	1.04174e-08	3.2368e-07	-3.232e-07	-1.03837e-08	-2.397e-11	9.5934e-09	3.2376e-07	-3.2268e-07	-8.9314e-09	-2.168e-11	8.3541e-09	3.2352e-07	-3.2274e-07	-6.9592e-09	2.179e-11	6.7349e-09	3.2344e-07	-3.2332e-07	-4.5102e-09	2.114e-11	4.6857e-09	3.23e-07	-3.2366e-07	-1.1676e-09	2.845e-11	1.4276e-09	3.2274e-07	-3.2342e-07
0.895	-1.57042e-08	2.445e-11	1.48714e-08	3.2408e-07	-3.2316e-07	-1.54556e-08	2.561e-11	1.48066e-08	3.2396e-07	-3.232e-07	-1.50478e-08	-3.98e-12	1.39284e-08	3.2414e-07	-3.2296e-07	-1.43436e-08	-8.92e-12	1.38642e-08	3.2408e-07	-3.2284e-07	-1.32516e-08	2.54e-12	1.29256e-08	3.2404e-07	-3.2304e-07	-1.28804e-08	-2.142e-11	1.22798e-08	3.2352e-07	-3.2364e-07	-1.14106e-08	2.237e-11	1.11753e-08	3.233e-07	-3.2362e-07	-1.03478e-08	-2.223e-11	9.7742e-09	3.2352e-07	-3.2258e-07	-7.8892e-09	2.445e-11	7.8026e-09	3.233e-07	-3.234e-07	-5.2332e-09	1.332e-11	5.3846e-09	3.2296e-07	-3.2352e-07	-1.3206e-09	2.339e-11	1.5852e-09	3.2276e-07	-3.2348e-07
0.89	-1.85434e-08	-1.197e-11	1.74446e-08	3.2454e-07	-3.2288e-07	-1.84316e-08	-1.686e-11	1.73214e-08	3.2438e-07	-3.2278e-07	-1.70718e-08	3.363e-11	1.63044e-08	3.238e-07	-3.2362e-07	-1.72704e-08	5.9e-13	1.62178e-08	3.2408e-07	-3.2328e-07	-1.5637e-08	3.206e-11	1.5043e-08	3.2356e-07	-3.2362e-07	-1.44848e-08	7.11e-12	1.42294e-08	3.237e-07	-3.2298e-07	-1.32242e-08	-1.176e-11	1.3153e-08	3.237e-07	-3.2326e-07	-1.18078e-08	-2.388e-11	1.14538e-08	3.2324e-07	-3.2352e-07	-9.1163e-09	2.833e-11	9.088e-09	3.2308e-07	-3.2344e-07	-6.1575e-09	5.43e-12	6.3466e-09	3.2294e-07	-3.2334e-07	-1.5148e-09	1.397e-11	1.8243e-09	3.2278e-07	-3.234e-07
0.885	-2.15526e-08	2.878e-11	2.03326e-08	3.2412e-07	-3.2366e-07	-2.12968e-08	2.68e-11	2.01732e-08	3.24e-07	-3.2358e-07	-1.98714e-08	-5.07e-12	1.93648e-08	3.241e-07	-3.2286e-07	-1.94596e-08	3.477e-11	1.88474e-08	3.2372e-07	-3.2352e-07	-1.78252e-08	-1.326e-11	1.74386e-08	3.239e-07	-3.2286e-07	-1.73892e-08	-1.694e-11	1.66126e-08	3.2398e-07	-3.2298e-07	-1.55256e-08	2.821e-11	1.52498e-08	3.233e-07	-3.2354e-07	-1.32538e-08	2.31e-12	1.32288e-08	3.2334e-07	-3.2276e-07	-1.05365e-08	2.567e-11	1.05701e-08	3.2304e-07	-3.2346e-07	-7.2738e-09	-7.54e-12	7.3622e-09	3.2304e-07	-3.232e-07	-1.7889e-09	6.81e-12	2.0936e-09	3.2266e-07	-3.2332e-07
0.88	-2.43662e-08	1.972e-11	2.36536e-08	3.2426e-07	-3.2308e-07	-2.41452e-08	1.63e-11	2.34054e-08	3.2402e-07	-3.2308e-07	-2.39104e-08	-5.8e-12	2.27962e-08	3.242e-07	-3.2302e-07	-2.25672e-08	-1.476e-11	2.2003e-08	3.2418e-07	-3.229e-07	-2.13982e-08	-2.98e-12	2.04904e-08	3.2388e-07	-3.2314e-07	-1.99462e-08	2.301e-11	1.93926e-08	3.236e-07	-3.2368e-07	-1.7998e-08	-2.081e-11	1.773e-08	3.2376e-07	-3.2284e-07	-1.60076e-08	-1.999e-11	1.54666e-08	3.237e-07	-3.229e-07	-1.22136e-08	1.96e-12	1.24254e-08	3.2346e-07	-3.2284e-07	-8.5588e-09	-1.977e-11	8.5564e-09	3.2294e-07	-3.2306e-07	-2.2406e-09	-2.06e-12	2.502e-09	3.2284e-07	-3.2312e-07
0.875	-2.87142e-08	-1.544e-11	2.75644e-08	3.2464e-07	-3.2296e-07	-2.83446e-08	-2.023e-11	2.73076e-08	3.2438e-07	-3.2292e-07	-2.7314e-08	2.894e-11	2.66508e-08	3.2374e-07	-3.2356e-07	-2.66658e-08	2.17e-12	2.56844e-08	3.2396e-07	-3.2338e-07	-2.42146e-08	3.057e-11	2.37032e-08	3.236e-07	-3.2354e-07	-2.27718e-08	-4.8e-13	2.2484e-08	3.238e-07	-3.2298e-07	-2.13944e-08	-2.96e-12	2.06998e-08	3.237e-07	-3.234e-07	-1.82928e-08	2.024e-11	1.80884e-08	3.232e-07	-3.2352e-07	-1.4501e-08	1.911e-11	1.43738e-08	3.2304e-07	-3.2362e-07	-1.00306e-08	-2.362e-11	1.00013e-08	3.2308e-07	-3.2284e-07	-2.7862e-09	-1.648e-11	2.8701e-09	3.2286e-07	-3.2302e-07
0.87	-3.32628e-08	2.768e-11	3.21074e-08	3.2406e-07	-3.2366e-07	-3.3106e-08	2.061e-11	3.1887e-08	3.2406e-07	-3.2352e-07	-3.17464e-08	-1.583e-11	3.10678e-08	3.2424e-07	-3.229e-07	-3.04104e-08	2.787e-11	2.99192e-08	3.2358e-07	-3.2342e-07	-2.8027e-08	-1.964e-11	2.76334e-08	3.2402e-07	-3.228e-07	-2.71422e-08	-1.59e-11	2.63562e-08	3.2404e-07	-3.2306e-07	-2.42576e-08	2.356e-11	2.40134e-08	3.2336e-07	-3.2344e-07	-2.09368e-08	-7e-12	2.10272e-08	3.2336e-07	-3.2282e-07	-1.66318e-08	-1.702e-11	1.67504e-08	3.2338e-07	-3.2276e-07	-1.17904e-08	1.711e-11	1.16824e-08	3.2328e-07	-3.2268e-07	-3.3194e-09	-2.338e-11	3.4667e-09	3.2294e-07	-3.2278e-07
0.865	-3.80014e-08	8.77e-12	3.71566e-08	3.2424e-07	-3.2298e-07	-3.77558e-08	1.975e-11	3.71012e-08	3.239e-07	-3.2328e-07	-3.7321e-08	-7.64e-12	3.61092e-08	3.2418e-07	-3.2316e-07	-3.52834e-08	-2.103e-11	3.48044e-08	3.2406e-07	-3.2274e-07	-3.30464e-08	-3.98e-12	3.21524e-08	3.2388e-07	-3.234e-07	-3.1122e-08	2.193e-11	3.06816e-08	3.2356e-07	-3.237e-07	-2.82704e-08	-2.361e-11	2.80016e-08	3.2384e-07	-3.2286e-07	-2.49134e-08	-1.702e-11	2.44144e-08	3.237e-07	-3.2292e-07	-2.01186e-08	-1.633e-11	1.95486e-08	3.2344e-07	-3.2302e-07	-1.40662e-08	-1.489e-11	1.36912e-08	3.233e-07	-3.2294e-07	-3.9992e-09	-2.785e-11	3.985e-09	3.2298e-07	-3.2268e-07
0.86	-4.48654e-08	-1.324e-11	4.34292e-08	3.2464e-07	-3.2308e-07	-4.41186e-08	-2.091e-11	4.32484e-08	3.2434e-07	-3.2262e-07	-4.28066e-08	2.832e-11	4.19984e-08	3.2384e-07	-3.2356e-07	-4.17002e-08	1.99e-12	4.06826e-08	3.2396e-07	-3.234e-07	-3.8241e-08	2.478e-11	3.75e-08	3.2354e-07	-3.2344e-07	-3.595e-08	-1.275e-11	3.5638e-08	3.2378e-07	-3.229e-07	-3.34116e-08	1.75e-12	3.26866e-08	3.2366e-07	-3.2346e-07	-2.89122e-08	2.015e-11	2.86092e-08	3.2316e-07	-3.2358e-07	-2.29246e-08	2.241e-11	2.28998e-08	3.2288e-07	-3.2342e-07	-1.57484e-08	1.969e-11	1.58832e-08	3.2298e-07	-3.234e-07	-4.8701e-09	-3.189e-11	4.717e-09	3.2312e-07	-3.2268e-07
0.855	-5.16892e-08	2.309e-11	5.08622e-08	3.2418e-07	-3.2372e-07	-5.16804e-08	1.497e-11	5.03428e-08	3.2406e-07	-3.2354e-07	-4.95494e-08	-2.154e-11	4.8847e-08	3.2424e-07	-3.2284e-07	-4.76894e-08	1.89e-11	4.71836e-08	3.2364e-07	-3.2332e-07	-4.41576e-08	-2.487e-11	4.34434e-08	3.2412e-07	-3.2292e-07	-4.23124e-08	-1.643e-11	4.1546e-08	3.2402e-07	-3.2314e-07	-3.81894e-08	1.48e-11	3.79766e-08	3.2332e-07	-3.2332e-07	-3.33878e-08	-1.759e-11	3.3116e-08	3.2348e-07	-3.2276e-07	-2.6661e-08	-2.559e-11	2.66334e-08	3.2342e-07	-3.2268e-07	-1.83486e-08	-2.617e-11	1.85654e-08	3.2336e-07	-3.227e-07	-5.6827e-09	-3.532e-11	5.5767e-09	3.232e-07	-3.226e-07
0.85	-5.98698e-08	-5.67e-12	5.91804e-08	3.2432e-07	-3.2302e-07	-5.9166e-08	1.229e-11	5.8717e-08	3.2396e-07	-3.2332e-07	-5.81718e-08	-3.2e-12	5.68176e-08	3.2414e-07	-3.2344e-07	-5.54456e-08	-2.564e-11	5.50788e-08	3.2414e-07	-3.2268e-07	-5.16116e-08	-3.51e-12	5.09458e-08	3.24e-07	-3.2346e-07	-4.8855e-08	1.975e-11	4.82974e-08	3.2348e-07	-3.2372e-07	-4.47862e-08	-2.899e-11	4.41982e-08	3.2384e-07	-3.2268e-07	-3.94256e-08	-1.731e-11	3.86644e-08	3.2356e-07	-3.2288e-07	-3.16856e-08	-1.368e-11	3.10788e-08	3.2338e-07	-3.2306e-07	-2.19198e-08	-1.424e-11	2.15642e-08	3.2324e-07	-3.231e-07	-6.6558e-09	-2.928e-11	6.445e-09	3.232e-07	-3.226e-07
0.845	-7.01618e-08	-1.445e-11	6.89662e-08	3.2454e-07	-3.2314e-07	-6.93452e-08	-2.701e-11	6.84276e-08	3.244e-07	-3.2276e-07	-6.68072e-08	2.159e-11	6.61636e-08	3.2378e-07	-3.2342e-07	-6.48746e-08	6.44e-12	6.3738e-08	3.2394e-07	-3.2346e-07	-5.95056e-08	1.674e-11	5.92226e-08	3.2364e-07	-3.2346e-07	-5.64434e-08	-1.954e-11	5.63326e-08	3.2388e-07	-3.2294e-07	-5.23338e-08	1.51e-12	5.15384e-08	3.2372e-07	-3.2354e-07	-4.54538e-08	1.842e-11	4.49662e-08	3.2306e-07	-3.2346e-07	-3.6491e-08	1.875e-11	3.63616e-08	3.23e-07	-3.2332e-07	-2.49854e-08	1.644e-11	2.4943e-08	3.228e-07	-3.2332e-07	-7.6744e-09	-2.311e-11	7.4874e-09	3.2324e-07	-3.226e-07
0.84	-8.15806e-08	2.066e-11	8.05298e-08	3.241e-07	-3.2374e-07	-8.0987e-08	7.03e-12	7.98254e-08	3.2418e-07	-3.2352e-07	-7.79224e-08	-2.468e-11	7.72444e-08	3.2428e-07	-3.2284e-07	-7.50872e-08	1.338e-11	7.40396e-08	3.2374e-07	-3.2328e-07	-6.9373e-08	-2.946e-11	6.89724e-08	3.2414e-07	-3.228e-07	-6.6135e-08	-1.651e-11	6.56588e-08	3.239e-07	-3.2314e-07	-6.02084e-08	7.37e-12	6.01532e-08	3.2352e-07	-3.2334e-07	-5.26546e-08	-2.843e-11	5.2505e-08	3.2354e-07	-3.2274e-07	-4.24476e-08	-2.793e-11	4.26442e-08	3.2344e-07	-3.2262e-07	-2.91706e-08	-3.302e-11	2.909e-08	3.233e-07	-3.2266e-07	-8.7468e-09	-1.797e-11	8.6451e-09	3.2336e-07	-3.2272e-07
0.835	-9.49198e-08	-1.804e-11	9.38972e-08	3.2436e-07	-3.2284e-07	-9.34766e-08	1.893e-11	9.25192e-08	3.2382e-07	-3.234e-07	-9.09722e-08	-2.5e-13	8.97296e-08	3.2412e-07	-3.2352e-07	-8.7527e-08	-3.046e-11	8.6533e-08	3.2416e-07	-3.2274e-07	-8.11186e-08	1.47e-12	8.04068e-08	3.2394e-07	-3.2364e-07	-7.65682e-08	2.037e-11	7.62774e-08	3.2346e-07	-3.2356e-07	-7.02702e-08	-3.623e-11	7.01482e-08	3.2388e-07	-3.227e-07	-6.18404e-08	-2.002e-11	6.11406e-08	3.2354e-07	-3.2304e-07	-4.98618e-08	-1.267e-11	4.94602e-08	3.233e-07	-3.232e-07	-3.41462e-08	-1.076e-11	3.37748e-08	3.233e-07	-3.2328e-07	-1.00745e-08	-1.266e-11	1.00544e-08	3.2318e-07	-3.229e-07
0.83	-1.110108e-07	-1.631e-11	1.094986e-07	3.244e-07	-3.2308e-07	-1.086802e-07	-2.493e-11	1.07937e-07	3.2424e-07	-3.228e-07	-1.052442e-07	1.448e-11	1.047506e-07	3.2382e-07	-3.2338e-07	-1.01918e-07	3.68e-12	1.01106e-07	3.2384e-07	-3.2342e-07	-9.35968e-08	9.64e-12	9.3376e-08	3.2378e-07	-3.234e-07	-8.88272e-08	-2.913e-11	8.89848e-08	3.2394e-07	-3.2296e-07	-8.2306e-08	4.88e-12	8.17146e-08	3.2354e-07	-3.2356e-07	-7.15418e-08	1.408e-11	7.09304e-08	3.2306e-07	-3.2334e-07	-5.73812e-08	1.464e-11	5.78276e-08	3.2294e-07	-3.2326e-07	-3.92262e-08	8.12e-12	3.94058e-08	3.2292e-07	-3.232e-07	-1.19926e-08	-3.947e-11	1.18278e-08	3.228e-07	-3.235e-07
0.825	-1.2854e-07	1.977e-11	1.2784e-07	3.2438e-07	-3.2356e-07	-1.2768e-07	-1.64e-11	1.252e-07	3.243e-07	-3.227e-07	-1.2304e-07	-3.261e-11	1.2194e-07	3.239e-07	-3.2292e-07	-1.1882e-07	9e-13	1.1746e-07	3.2364e-07	-3.2366e-07	-1.09385e-07	-3.359e-11	1.087622e-07	3.2406e-07	-3.2272e-07	-1.04471e-07	-1.595e-11	1.036094e-07	3.2386e-07	-3.232e-07	-9.52606e-08	2.65e-12	9.51704e-08	3.2348e-07	-3.2334e-07	-8.3012e-08	-3.415e-11	8.25738e-08	3.2352e-07	-3.2266e-07	-6.70432e-08	-3.503e-11	6.70854e-08	3.234e-07	-3.2258e-07	-4.59038e-08	-3.665e-11	4.58174e-08	3.2342e-07	-3.2262e-07	-1.3403e-08	-2.283e-11	1.33944e-08	3.23e-07	-3.2274e-07
0.82	-1.5058e-07	1.241e-11	1.493e-07	3.2438e-07	-3.2316e-07	-1.4784e-07	-3.286e-11	1.4608e-07	3.243e-07	-3.2288e-07	-1.424e-07	-2.851e-11	1.417e-07	3.2386e-07	-3.2342e-07	-1.3818e-07	1.156e-11	1.3756e-07	3.237e-07	-3.2356e-07	-1.2874e-07	-3.59e-12	1.271e-07	3.242e-07	-3.2298e-07	-1.2056e-07	1.411e-11	1.2122e-07	3.2364e-07	-3.2358e-07	-1.11114e-07	-3.89e-11	1.108372e-07	3.2388e-07	-3.2278e-07	-9.72824e-08	-1.597e-11	9.6376e-08	3.2342e-07	-3.2326e-07	-7.90384e-08	-1.323e-11	7.87198e-08	3.2332e-07	-3.2328e-07	-5.4185e-08	-9.21e-12	5.30472e-08	3.2326e-07	-3.2338e-07	-1.62058e-08	-3.386e-11	1.58942e-08	3.2322e-07	-3.2284e-07
0.815	-1.7458e-07	5.2e-12	1.7398e-07	3.2454e-07	-3.2302e-07	-1.718e-07	-3.256e-11	1.701e-07	3.2402e-07	-3.2294e-07	-1.6546e-07	-1.462e-11	1.6498e-07	3.2384e-07	-3.2354e-07	-1.5968e-07	1.394e-11	1.5988e-07	3.2388e-07	-3.2352e-07	-1.4888e-07	-1.949e-11	1.4786e-07	3.241e-07	-3.2274e-07	-1.4112e-07	8.17e-12	1.4066e-07	3.2386e-07	-3.234e-07	-1.2958e-07	8e-14	1.283e-07	3.238e-07	-3.23e-07	-1.129132e-07	1.019e-11	1.12538e-07	3.2306e-07	-3.2326e-07	-9.06106e-08	3.8e-12	9.07392e-08	3.2298e-07	-3.2318e-07	-6.17524e-08	2.29e-12	6.21118e-08	3.2304e-07	-3.2314e-07	-1.8067e-08	5.39e-12	1.81286e-08	3.2276e-07	-3.235e-07
0.81	-2.0394e-07	-1.6e-11	2.0168e-07	3.2456e-07	-3.2278e-07	-1.9878e-07	-2.047e-11	1.9778e-07	3.238e-07	-3.2344e-07	-1.916e-07	1.44e-12	1.914e-07	3.2382e-07	-3.2374e-07	-1.8596e-07	5.72e-12	1.8586e-07	3.2398e-07	-3.2314e-07	-1.729e-07	-3.086e-11	1.726e-07	3.2406e-07	-3.2278e-07	-1.6306e-07	2.2e-12	1.636e-07	3.2394e-07	-3.2304e-07	-1.5118e-07	-1.574e-11	1.5014e-07	3.239e-07	-3.229e-07	-1.3192e-07	-3.691e-11	1.3102e-07	3.2326e-07	-3.2298e-07	-1.060232e-07	-4.366e-11	1.058146e-07	3.235e-07	-3.2256e-07	-7.2278e-08	-4.396e-11	7.21634e-08	3.233e-07	-3.2244e-07	-2.0855e-08	-3.767e-11	2.18142e-08	3.2314e-07	-3.2278e-07
0.805	-2.37e-07	-2.901e-11	2.3488e-07	3.2444e-07	-3.2276e-07	-2.3146e-07	-3.1e-13	2.315e-07	3.2384e-07	-3.236e-07	-2.2294e-07	8.49e-12	2.2234e-07	3.2388e-07	-3.237e-07	-2.1698e-07	-8.6e-13	2.155e-07	3.2414e-07	-3.2298e-07	-2.0076e-07	-4.018e-11	1.9906e-07	3.239e-07	-3.2288e-07	-1.8972e-07	-8.79e-12	1.907e-07	3.2412e-07	-3.2286e-07	-1.7508e-07	-2.978e-11	1.7384e-07	3.2388e-07	-3.2268e-07	-1.5296e-07	-2.916e-11	1.521e-07	3.2312e-07	-3.2322e-07	-1.2358e-07	-9.87e-12	1.2238e-07	3.2356e-07	-3.228e-07	-8.43362e-08	-9.28e-12	8.38144e-08	3.2312e-07	-3.234e-07	-2.51088e-08	-3.354e-11	2.45278e-08	3.2328e-07	-3.2298e-07
0.8	-2.7546e-07	-4.004e-11	2.7318e-07	3.2426e-07	-3.2294e-07	-2.6984e-07	1.302e-11	2.6882e-07	3.2408e-07	-3.2352e-07	-2.6068e-07	1.194e-11	2.6076e-07	3.2406e-07	-3.2356e-07	-2.5276e-07	-1.756e-11	2.5254e-07	3.2412e-07	-3.2276e-07	-2.3378e-07	-4.07e-11	2.3372e-07	3.2384e-07	-3.2304e-07	-2.2338e-07	-2.391e-11	2.2232e-07	3.24e-07	-3.2266e-07	-2.0398e-07	-4.204e-11	2.022e-07	3.2374e-07	-3.2288e-07	-1.769e-07	-1.348e-11	1.7774e-07	3.2316e-07	-3.2348e-07	-1.4384e-07	-2.805e-11	1.4394e-07	3.2358e-07	-3.2262e-07	-9.77614e-08	-7.46e-12	9.78958e-08	3.2292e-07	-3.231e-07	-2.82988e-08	8.2e-13	2.9223e-08	3.2274e-07	-3.2338e-07
0.795	-3.2062e-07	-3.612e-11	3.2036e-07	3.2422e-07	-3.231e-07	-3.1304e-07	7e-13	3.1232e-07	3.2432e-07	-3.2304e-07	-3.0536e-07	2.61e-12	3.0214e-07	3.2412e-07	-3.2326e-07	-2.9618e-07	-2.961e-11	2.9366e-07	3.2408e-07	-3.2274e-07	-2.719e-07	-3.817e-11	2.6976e-07	3.2372e-07	-3.234e-07	-2.5914e-07	-3.937e-11	2.576e-07	3.2394e-07	-3.2282e-07	-2.3598e-07	-4.574e-11	2.3438e-07	3.2354e-07	-3.2292e-07	-2.066e-07	-6.6e-12	2.0718e-07	3.2316e-07	-3.2346e-07	-1.6744e-07	-3.747e-11	1.666e-07	3.2342e-07	-3.2264e-07	-1.137474e-07	-5.221e-11	1.133138e-07	3.234e-07	-3.226e-07	-3.29886e-08	-4.516e-11	3.31278e-08	3.2312e-07	-3.2272e-07
0.79	-3.7158e-07	-3.422e-11	3.7296e-07	3.2416e-07	-3.2336e-07	-3.6526e-07	-1.581e-11	3.6186e-07	3.2434e-07	-3.2284e-07	-3.5448e-07	-3.03e-12	3.528e-07	3.2426e-07	-3.2306e-07	-3.4326e-07	-4.527e-11	3.4128e-07	3.24e-07	-3.2284e-07	-3.1582e-07	-2.127e-11	3.1684e-07	3.2362e-07	-3.2358e-07	-3.003e-07	-5.069e-11	2.9986e-07	3.2376e-07	-3.2292e-07	-2.7488e-07	-4.427e-11	2.745e-07	3.2354e-07	-3.2324e-07	-2.3942e-07	5.2e-12	2.4074e-07	3.2328e-07	-3.234e-07	-1.9402e-07	-5.176e-11	1.932e-07	3.2332e-07	-3.2268e-07	-1.3198e-07	-1.229e-11	1.3294e-07	3.2352e-07	-3.2286e-07	-3.95862e-08	-3.789e-11	3.83e-08	3.2312e-07	-3.2294e-07
0.785	-4.3388e-07	-1.812e-11	4.3222e-07	3.2402e-07	-3.2356e-07	-4.2384e-07	-3.517e-11	4.232e-07	3.243e-07	-3.2272e-07	-4.1276e-07	-1.897e-11	4.135e-07	3.2432e-07	-3.2292e-07	-3.9994e-07	-4.369e-11	3.9704e-07	3.238e-07	-3.2294e-07	-3.6754e-07	-1.076e-11	3.6884e-07	3.2366e-07	-3.2382e-07	-3.4932e-07	-4.845e-11	3.504e-07	3.2372e-07	-3.231e-07	-3.218e-07	-3.37e-11	3.1898e-07	3.234e-07	-3.2336e-07	-2.8026e-07	-3.03e-12	2.799e-07	3.2346e-07	-3.232e-07	-2.267e-07	-5.363e-11	2.2572e-07	3.2318e-07	-3.2284e-07	-1.5292e-07	-3.178e-11	1.5404e-07	3.2336e-07	-3.2272e-07	-4.46758e-08	-1.85e-12	4.45864e-08	3.2272e-07	-3.2326e-07
0.78	-5.0574e-07	-5e-12	5.019e-07	3.2408e-07	-3.237e-07	-4.94e-07	-4.429e-11	4.9322e-07	3.2406e-07	-3.2296e-07	-4.7932e-07	-3.275e-11	4.798e-07	3.2424e-07	-3.2272e-07	-4.6232e-07	-4.196e-11	4.6138e-07	3.2372e-07	-3.233e-07	-4.2752e-07	-2.82e-12	4.2764e-07	3.237e-07	-3.2368e-07	-4.0634e-07	-4.353e-11	4.0412e-07	3.2356e-07	-3.2326e-07	-3.7218e-07	-1.912e-11	3.719e-07	3.2332e-07	-3.2362e-07	-3.2804e-07	-1.286e-11	3.274e-07	3.2358e-07	-3.2288e-07	-2.61e-07	-4.859e-11	2.6386e-07	3.2306e-07	-3.232e-07	-1.8048e-07	-4.27e-11	1.793e-07	3.234e-07	-3.2268e-07	-5.21186e-08	-5.374e-11	5.16982e-08	3.2312e-07	-3.2262e-07
0.775	-5.9344e-07	1.97e-12	5.922e-07	3.241e-07	-3.2358e-07	-5.76e-07	-3.795e-11	5.7622e-07	3.2384e-07	-3.2328e-07	-5.6122e-07	-4.774e-11	5.585e-07	3.242e-07	-3.2294e-07	-5.4126e-07	-2.693e-11	5.3824e-07	3.2364e-07	-3.235e-07	-4.9838e-07	-1.59e-12	4.9842e-07	3.2394e-07	-3.236e-07	-4.7344e-07	-2.558e-11	4.7174e-07	3.2348e-07	-3.235e-07	-4.3356e-07	-9.25e-12	4.3416e-07	3.2332e-07	-3.2362e-07	-3.8108e-07	-2.334e-11	3.7902e-07	3.236e-07	-3.2268e-07	-3.056e-07	-3.203e-11	3.0566e-07	3.2302e-07	-3.2338e-07	-2.0892e-07	-5.728e-11	2.0856e-07	3.233e-07	-3.2274e-07	-6.01644e-08	-3.941e-11	6.06012e-08	3.231e-07	-3.2314e-07
0.77	-6.8512e-07	-9e-14	6.801e-07	3.2428e-07	-3.2352e-07	-6.6658e-07	-1.07e-11	6.7004e-07	3.2386e-07	-3.2366e-07	-6.5152e-07	-4.96e-11	6.5034e-07	3.2396e-07	-3.2292e-07	-6.292e-07	-1.513e-11	6.2716e-07	3.237e-07	-3.2368e-07	-5.8254e-07	-7.72e-12	5.8186e-07	3.2402e-07	-3.232e-07	-5.4808e-07	-1.469e-11	5.4942e-07	3.235e-07	-3.2364e-07	-5.0416e-07	-2.34e-12	5.0676e-07	3.2358e-07	-3.235e-07	-4.4428e-07	-3.964e-11	4.4018e-07	3.2358e-07	-3.225e-07	-3.5434e-07	-2.238e-11	3.5588e-07	3.2308e-07	-3.2352e-07	-2.4022e-07	-6.179e-11	2.4378e-07	3.231e-07	-3.2278e-07	-7.00692e-08	-1.277e-11	7.00386e-08	3.2268e-07	-3.233e-07
0.765	-7.9644e-07	-1.09e-11	7.9442e-07	3.243e-07	-3.2316e-07	-7.7994e-07	1.59e-12	7.7494e-07	3.2402e-07	-3.2356e-07	-7.5718e-07	-4.886e-11	7.5848e-07	3.238e-07	-3.2322e-07	-7.317e-07	-4.52e-12	7.3138e-07	3.2376e-07	-3.2358e-07	-6.7948e-07	-1.54e-11	6.7436e-07	3.2412e-07	-3.2302e-07	-6.3834e-07	-6.74e-12	6.388e-07	3.2356e-07	-3.2356e-07	-5.8874e-07	-1.171e-11	5.8532e-07	3.2364e-07	-3.2332e-07	-5.1468e-07	-5.407e-11	5.1394e-07	3.2348e-07	-3.2258e-07	-4.1398e-07	-1.565e-11	4.153e-07	3.2304e-07	-3.2342e-07	-2.8032e-07	-5.985e-11	2.8048e-07	3.2294e-07	-3.2314e-07	-8.03438e-08	-6.383e-11	8.13168e-08	3.2324e-07	-3.2262e-07
0.76	-9.2566e-07	-1.53e-11	9.2908e-07	3.245e-07	-3.2296e-07	-9.0366e-07	-1.265e-11	9.0536e-07	3.2424e-07	-3.232e-07	-8.821e-07	-4.009e-11	8.8168e-07	3.2374e-07	-3.2336e-07	-8.5376e-07	-3.62e-12	8.492e-07	3.2388e-07	-3.2348e-07	-7.8704e-07	-3.505e-11	7.873e-07	3.2412e-07	-3.2292e-07	-7.4674e-07	-9.5e-12	7.4314e-07	3.2374e-07	-3.2348e-07	-6.8036e-07	-1.979e-11	6.8014e-07	3.237e-07	-3.2296e-07	-5.9844e-07	-6.783e-11	6e-07	3.2336e-07	-3.2272e-07	-4.8188e-07	-1.559e-11	4.8108e-07	3.2332e-07	-3.2338e-07	-3.2716e-07	-4.813e-11	3.2872e-07	3.2292e-07	-3.2338e-07	-9.44384e-08	-4.512e-11	9.28306e-08	3.231e-07	-3.2326e-07
0.755	-1.0748e-06	-3.401e-11	1.0778e-06	3.245e-07	-3.228e-07	-1.053e-06	-2.808e-11	1.0543e-06	3.2446e-07	-3.228e-07	-1.02554e-06	-2.41e-11	1.02242e-06	3.237e-07	-3.236e-07	-9.9548e-07	-1.522e-11	9.876e-07	3.2406e-07	-3.232e-07	-9.163e-07	-4.783e-11	9.1792e-07	3.241e-07	-3.2284e-07	-8.6754e-07	-1.774e-11	8.7018e-07	3.24e-07	-3.2318e-07	-7.9538e-07	-3.788e-11	7.9612e-07	3.2382e-07	-3.2278e-07	-6.9574e-07	-6.327e-11	6.9556e-07	3.233e-07	-3.2286e-07	-5.6004e-07	-2.404e-11	5.5846e-07	3.2342e-07	-3.2304e-07	-3.799e-07	-3.597e-11	3.8228e-07	3.23e-07	-3.2358e-07	-1.094318e-07	-2.552e-11	1.091582e-07	3.2272e-07	-3.2318e-07
0.75	-1.2452e-06	-6.043e-11	1.2424e-06	3.244e-07	-3.2302e-07	-1.2226e-06	-5.943e-11	1.2275e-06	3.243e-07	-3.2302e-07	-1.1937e-06	-8.96e-12	1.1945e-06	3.2378e-07	-3.2332e-07	-1.151e-06	-2.299e-11	1.15006e-06	3.2414e-07	-3.2296e-07	-1.07024e-06	-6.249e-11	1.07158e-06	3.2396e-07	-3.2288e-07	-1.00952e-06	-2.776e-11	1.00744e-06	3.2402e-07	-3.2302e-07	-9.2746e-07	-5.047e-11	9.1928e-07	3.237e-07	-3.226e-07	-8.0678e-07	-5.907e-11	8.0856e-07	3.2324e-07	-3.2312e-07	-6.5196e-07	-3.178e-11	6.508e-07	3.2354e-07	-3.2278e-07	-4.4404e-07	-2.937e-11	4.3748e-07	3.2304e-07	-3.2356e-07	-1.2434e-07	-7.869e-11	1.307e-07	3.2298e-07	-3.228e-07
0.745	-1.4475e-06	-2.802e-11	1.451e-06	3.246e-07	-3.2296e-07	-1.4229e-06	-4.115e-11	1.4296e-06	3.2448e-07	-3.2284e-07	-1.389e-06	-5.134e-11	1.3885e-06	3.2378e-07	-3.2332e-07	-1.3383e-06	-6.398e-11	1.3371e-06	3.24e-07	-3.2318e-07	-1.2377e-06	-5.517e-11	1.243e-06	3.241e-07	-3.2278e-07	-1.1696e-06	-5.8e-11	1.1783e-06	3.2388e-07	-3.235e-07	-1.07374e-06	-6.637e-11	1.07396e-06	3.237e-07	-3.2282e-07	-9.4394e-07	-4.386e-11	9.3662e-07	3.2318e-07	-3.234e-07	-7.5606e-07	-4.989e-11	7.5794e-07	3.2352e-07	-3.227e-07	-5.1124e-07	-2.425e-11	5.1282e-07	3.2322e-07	-3.2348e-07	-1.468e-07	-7.637e-11	1.4806e-07	3.2296e-07	-3.2306e-07
0.74	-1.6937e-06	-4.234e-11	1.683e-06	3.245e-07	-3.2288e-07	-1.6614e-06	-5.102e-11	1.6547e-06	3.243e-07	-3.2272e-07	-1.6123e-06	-4.293e-11	1.6104e-06	3.2366e-07	-3.234e-07	-1.5502e-06	-2.714e-11	1.5514e-06	3.241e-07	-3.2302e-07	-1.4506e-06	-6.351e-11	1.4508e-06	3.24e-07	-3.2274e-07	-1.3552e-06	-2.654e-11	1.3647e-06	3.238e-07	-3.2328e-07	-1.2456e-06	-6.705e-11	1.247e-06	3.2384e-07	-3.2262e-07	-1.09272e-06	-3.666e-11	1.09332e-06	3.2322e-07	-3.2362e-07	-8.803e-07	-6.499e-11	8.8154e-07	3.234e-07	-3.226e-07	-5.948e-07	-3.397e-11	5.9786e-07	3.2334e-07	-3.2332e-07	-1.685e-07	-7.143e-11	1.6668e-07	3.2282e-07	-3.2316e-07
0.735	-1.9639e-06	-5.492e-11	1.9701e-06	3.2446e-07	-3.2282e-07	-1.9304e-06	-6.634e-11	1.9245e-06	3.2426e-07	-3.228e-07	-1.8678e-06	-3.484e-11	1.8723e-06	3.2382e-07	-3.2354e-07	-1.8095e-06	-3.337e-11	1.8109e-06	3.241e-07	-3.2298e-07	-1.6995e-06	-7.226e-11	1.686e-06	3.24e-07	-3.2286e-07	-1.5744e-06	-3.097e-11	1.5874e-06	3.2382e-07	-3.2314e-07	-1.4518e-06	-6.386e-11	1.4561e-06	3.238e-07	-3.2278e-07	-1.2749e-06	-3.42e-11	1.2688e-06	3.231e-07	-3.2336e-07	-1.02566e-06	-7.925e-11	1.02632e-06	3.2344e-07	-3.2272e-07	-6.8738e-07	-4.246e-11	6.908e-07	3.2336e-07	-3.2286e-07	-1.9582e-07	-5.69e-11	1.9986e-07	3.2276e-07	-3.2332e-07
0.73	-2.2747e-06	-6.599e-11	2.2758e-06	3.245e-07	-3.2282e-07	-2.2345e-06	-7.012e-11	2.2487e-06	3.2406e-07	-3.2298e-07	-2.1787e-06	-3.457e-11	2.1737e-06	3.2384e-07	-3.2362e-07	-2.0891e-06	-4.665e-11	2.0953e-06	3.2426e-07	-3.229e-07	-1.96e-06	-7.688e-11	1.956e-06	3.2396e-07	-3.229e-07	-1.8394e-06	-3.719e-11	1.8409e-06	3.2394e-07	-3.2304e-07	-1.6882e-06	-7.573e-11	1.6854e-06	3.2384e-07	-3.228e-07	-1.4741e-06	-4.881e-11	1.4771e-06	3.2322e-07	-3.2346e-07	-1.1906e-06	-8.227e-11	1.1911e-06	3.2352e-07	-3.2268e-07	-8.0248e-07	-5.847e-11	8.0498e-07	3.2342e-07	-3.2276e-07	-2.2556e-07	-5.118e-11	2.292e-07	3.2286e-07	-3.234e-07
0.725	-2.6531e-06	-7.681e-11	2.6551e-06	3.244e-07	-3.2286e-07	-2.5996e-06	-7.143e-11	2.6111e-06	3.2394e-07	-3.232e-07	-2.5352e-06	-3.337e-11	2.5324e-06	3.2384e-07	-3.2368e-07	-2.4452e-06	-5.535e-11	2.4513e-06	3.2412e-07	-3.2278e-07	-2.2897e-06	-8.234e-11	2.2771e-06	3.2386e-07	-3.2288e-07	-2.1411e-06	-4.766e-11	2.1407e-06	3.2402e-07	-3.2302e-07	-1.9647e-06	-8.398e-11	1.9697e-06	3.2384e-07	-3.2292e-07	-1.7216e-06	-5.025e-11	1.7186e-06	3.2318e-07	-3.2358e-07	-1.388e-06	-7.402e-11	1.3928e-06	3.2348e-07	-3.2254e-07	-9.33e-07	-7.847e-11	9.353e-07	3.2332e-07	-3.2256e-07	-2.5502e-07	-4.405e-11	2.627e-07	3.2292e-07	-3.234e-07
0.72	-3.081e-06	-8.197e-11	3.0926e-06	3.2436e-07	-3.229e-07	-3.0293e-06	-5.871e-11	3.0186e-06	3.2384e-07	-3.234e-07	-2.945e-06	-3.143e-11	2.9434e-06	3.2388e-07	-3.2364e-07	-2.8425e-06	-6.441e-11	2.8461e-06	3.2416e-07	-3.2262e-07	-2.6575e-06	-8.152e-11	2.6502e-06	3.2376e-07	-3.23e-07	-2.4824e-06	-6.056e-11	2.4923e-06	3.2404e-07	-3.2288e-07	-2.2873e-06	-9.209e-11	2.287e-06	3.2368e-07	-3.2292e-07	-1.9916e-06	-4.915e-11	1.9976e-06	3.233e-07	-3.237e-07	-1.607e-06	-8.347e-11	1.6211e-06	3.2348e-07	-3.2258e-07	-1.07498e-06	-9.407e-11	1.07664e-06	3.2328e-07	-3.227e-07	-3.0072e-07	-5.279e-11	3.0422e-07	3.2312e-07	-3.2326e-07
0.715	-3.5858e-06	-8.248e-11	3.5762e-06	3.2426e-07	-3.2298e-07	-3.5287e-06	-4.561e-11	3.5453e-06	3.2386e-07	-3.2364e-07	-3.4203e-06	-3.177e-11	3.4169e-06	3.2396e-07	-3.2354e-07	-3.3012e-06	-7.316e-11	3.3027e-06	3.2408e-07	-3.2268e-07	-3.097e-06	-8.459e-11	3.0802e-06	3.2368e-07	-3.231e-07	-2.9021e-06	-6.866e-11	2.8956e-06	3.24e-07	-3.2284e-07	-2.6565e-06	-9.167e-11	2.6555e-06	3.2358e-07	-3.2282e-07	-2.3151e-06	-4.671e-11	2.3123e-06	3.2324e-07	-3.2358e-07	-1.8712e-06	-9.418e-11	1.8761e-06	3.2352e-07	-3.2272e-07	-1.2572e-06	-9.598e-11	1.2559e-06	3.2344e-07	-3.2262e-07	-3.4958e-07	-6.346e-11	3.4156e-07	3.2324e-07	-3.2294e-07
0.71	-4.1545e-06	-8.434e-11	4.1535e-06	3.2418e-07	-3.2298e-07	-4.0829e-06	-4.05e-11	4.0774e-06	3.2398e-07	-3.2364e-07	-3.9667e-06	-3.606e-11	3.9687e-06	3.2402e-07	-3.2358e-07	-3.8304e-06	-8.562e-11	3.8265e-06	3.241e-07	-3.227e-07	-3.5792e-06	-8.567e-11	3.5737e-06	3.2366e-07	-3.2322e-07	-3.3729e-06	-7.857e-11	3.359e-06	3.2398e-07	-3.227e-07	-3.0822e-06	-9.518e-11	3.078e-06	3.2348e-07	-3.2292e-07	-2.6945e-06	-4.833e-11	2.6897e-06	3.232e-07	-3.2344e-07	-2.1693e-06	-1.0179e-10	2.1715e-06	3.2342e-07	-3.2268e-07	-1.4431e-06	-9.276e-11	1.4504e-06	3.2334e-07	-3.2256e-07	-3.987e-07	-7.574e-11	3.907e-07	3.2332e-07	-3.2272e-07
0.705	-4.8355e-06	-8.755e-11	4.8167e-06	3.2414e-07	-3.2312e-07	-4.7376e-06	-4.115e-11	4.7434e-06	3.2408e-07	-3.2356e-07	-4.6073e-06	-4.617e-11	4.608e-06	3.2402e-07	-3.2344e-07	-4.4536e-06	-9.512e-11	4.4519e-06	3.2406e-07	-3.2286e-07	-4.1548e-06	-8.582e-11	4.1778e-06	3.237e-07	-3.234e-07	-3.8918e-06	-9.017e-11	3.9108e-06	3.24e-07	-3.2276e-07	-3.5804e-06	-9.928e-11	3.5687e-06	3.234e-07	-3.2308e-07	-3.1112e-06	-5.211e-11	3.1146e-06	3.2336e-07	-3.2344e-07	-2.5146e-06	-1.096e-10	2.5154e-06	3.2338e-07	-3.2268e-07	-1.6795e-06	-1.0333e-10	1.6777e-06	3.234e-07	-3.2266e-07	-4.508e-07	-9.595e-11	4.4836e-07	3.2322e-07	-3.2248e-07
0.7	-5.6016e-06	-8.841e-11	5.5973e-06	3.2406e-07	-3.232e-07	-5.5028e-06	-5.043e-11	5.5156e-06	3.2426e-07	-3.234e-07	-5.3344e-06	-5.413e-11	5.3454e-06	3.2408e-07	-3.2338e-07	-5.1743e-06	-1.0281e-10	5.1537e-06	3.24e-07	-3.2284e-07	-4.8499e-06	-8.099e-11	4.8392e-06	3.2354e-07	-3.2342e-07	-4.522e-06	-9.903e-11	4.502e-06	3.2388e-07	-3.2268e-07	-4.1494e-06	-1.0091e-10	4.1329e-06	3.234e-07	-3.2328e-07	-3.5918e-06	-6.192e-11	3.6138e-06	3.235e-07	-3.2344e-07	-2.8968e-06	-1.1303e-10	2.9165e-06	3.2326e-07	-3.2274e-07	-1.9327e-06	-1.1393e-10	1.9259e-06	3.234e-07	-3.2262e-07	-5.1828e-07	-1.1254e-10	5.0548e-07	3.2322e-07	-3.2264e-07
0.695	-6.5107e-06	-8.353e-11	6.5343e-06	3.24e-07	-3.2326e-07	-6.3911e-06	-6.034e-11	6.4206e-06	3.2436e-07	-3.231e-07	-6.1953e-06	-6.136e-11	6.1847e-06	3.2404e-07	-3.2304e-07	-6.0004e-06	-1.0493e-10	6.0019e-06	3.239e-07	-3.2286e-07	-5.631e-06	-7.728e-11	5.6233e-06	3.2352e-07	-3.2352e-07	-5.2337e-06	-1.0887e-10	5.264e-06	3.238e-07	-3.2284e-07	-4.8185e-06	-9.926e-11	4.83e-06	3.233e-07	-3.2334e-07	-4.1855e-06	-7e-11	4.2085e-06	3.2352e-07	-3.2334e-07	-3.3633e-06	-1.1488e-10	3.3858e-06	3.2322e-07	-3.2284e-07	-2.2281e-06	-1.2301e-10	2.2521e-06	3.2336e-07	-3.2276e-07	-5.8482e-07	-1.2881e-10	5.8566e-07	3.2312e-07	-3.2274e-07
0.69	-7.5633e-06	-7.55e-11	7.5522e-06	3.2398e-07	-3.2338e-07	-7.4122e-06	-7.805e-11	7.4222e-06	3.2442e-07	-3.2298e-07	-7.1551e-06	-6.829e-11	7.1802e-06	3.2418e-07	-3.2292e-07	-6.9369e-06	-1.0881e-10	6.9324e-06	3.2386e-07	-3.2302e-07	-6.5122e-06	-7.681e-11	6.5002e-06	3.2354e-07	-3.2352e-07	-6.1029e-06	-1.1776e-10	6.0746e-06	3.2374e-07	-3.2282e-07	-5.5653e-06	-9.048e-11	5.5761e-06	3.2334e-07	-3.2344e-07	-4.8249e-06	-7.779e-11	4.8605e-06	3.2354e-07	-3.2318e-07	-3.8921e-06	-1.1943e-10	3.906e-06	3.232e-07	-3.2308e-07	-2.5708e-06	-1.3194e-10	2.6045e-06	3.2324e-07	-3.2278e-07	-6.6336e-07	-1.3301e-10	6.7808e-07	3.2298e-07	-3.229e-07
0.685	-8.7815e-06	-7.724e-11	8.7852e-06	3.24e-07	-3.2344e-07	-8.608e-06	-9.069e-11	8.6045e-06	3.2436e-07	-3.2288e-07	-8.3162e-06	-7.969e-11	8.3067e-06	3.2424e-07	-3.2306e-07	-8.0378e-06	-1.1418e-10	8.0886e-06	3.2378e-07	-3.2318e-07	-7.5438e-06	-7.849e-11	7.5538e-06	3.2358e-07	-3.236e-07	-7.0708e-06	-1.2101e-10	7.0905e-06	3.2366e-07	-3.2286e-07	-6.474e-06	-8.949e-11	6.4526e-06	3.2334e-07	-3.2352e-07	-5.6196e-06	-8.564e-11	5.6289e-06	3.236e-07	-3.2296e-07	-4.5129e-06	-1.2484e-10	4.4874e-06	3.2312e-07	-3.2314e-07	-3.0007e-06	-1.3494e-10	2.9903e-06	3.2318e-07	-3.228e-07	-7.5452e-07	-1.3239e-10	7.6168e-07	3.2292e-07	-3.2326e-07
0.68	-1.01804e-05	-7.684e-11	1.01734e-05	3.2402e-07	-3.2368e-07	-9.9684e-06	-1.0106e-10	9.9248e-06	3.2442e-07	-3.2272e-07	-9.6312e-06	-9.109e-11	9.6126e-06	3.243e-07	-3.2292e-07	-9.3328e-06	-1.154e-10	9.3199e-06	3.2372e-07	-3.2332e-07	-8.7507e-06	-8.133e-11	8.74e-06	3.236e-07	-3.2362e-07	-8.1742e-06	-1.2642e-10	8.1557e-06	3.236e-07	-3.2296e-07	-7.4509e-06	-9.316e-11	7.5057e-06	3.233e-07	-3.2364e-07	-6.4784e-06	-9.737e-11	6.5168e-06	3.2358e-07	-3.2292e-07	-5.2123e-06	-1.2532e-10	5.2021e-06	3.2304e-07	-3.231e-07	-3.4322e-06	-1.3972e-10	3.4544e-06	3.231e-07	-3.2284e-07	-8.4904e-07	-1.1917e-10	8.4554e-07	3.2284e-07	-3.234e-07
0.675	-1.1802e-05	-1.0261e-10	1.1748e-05	3.2406e-07	-3.2338e-07	-1.1542e-05	-7.941e-11	1.157e-05	3.2426e-07	-3.2334e-07	-1.11719e-05	-1.0577e-10	1.11819e-05	3.2428e-07	-3.2278e-07	-1.0796e-05	-1.1409e-10	1.08187e-05	3.2372e-07	-3.233e-07	-1.01287e-05	-8.143e-11	1.01483e-05	3.236e-07	-3.2362e-07	-9.4692e-06	-1.3041e-10	9.4695e-06	3.237e-07	-3.2318e-07	-8.6578e-06	-9.49e-11	8.6551e-06	3.233e-07	-3.2354e-07	-7.5179e-06	-1.1067e-10	7.5495e-06	3.2372e-07	-3.2294e-07	-6.0041e-06	-1.2175e-10	6.0269e-06	3.2294e-07	-3.233e-07	-3.9739e-06	-1.4481e-10	3.9433e-06	3.2306e-07	-3.2302e-07	-9.6224e-07	-1.154e-10	9.6194e-07	3.2294e-07	-3.2356e-07
0.67	-1.366e-05	-9.977e-11	1.3682e-05	3.2406e-07	-3.2362e-07	-1.336e-05	-8.952e-11	1.339e-05	3.2428e-07	-3.2302e-07	-1.2918e-05	-9.519e-11	1.2902e-05	3.2418e-07	-3.23e-07	-1.2496e-05	-1.3134e-10	1.2494e-05	3.2382e-07	-3.2324e-07	-1.1746e-05	-1.0394e-10	1.1728e-05	3.2358e-07	-3.2356e-07	-1.09939e-05	-1.3454e-10	1.09513e-05	3.2358e-07	-3.2334e-07	-9.9719e-06	-9.5e-11	1.0032e-05	3.234e-07	-3.2364e-07	-8.7008e-06	-1.2387e-10	8.6706e-06	3.2364e-07	-3.2274e-07	-6.9493e-06	-1.2002e-10	6.9744e-06	3.2302e-07	-3.234e-07	-4.55e-06	-1.4978e-10	4.5866e-06	3.2294e-07	-3.2312e-07	-1.0768e-06	-1.1135e-10	1.07654e-06	3.229e-07	-3.2338e-07
0.665	-1.5762e-05	-9.47e-11	1.5866e-05	3.2402e-07	-3.2362e-07	-1.5504e-05	-1.0961e-10	1.5492e-05	3.2438e-07	-3.2284e-07	-1.4968e-05	-1.1442e-10	1.4946e-05	3.2426e-07	-3.228e-07	-1.4498e-05	-1.3011e-10	1.4472e-05	3.2368e-07	-3.2344e-07	-1.3572e-05	-1.0505e-10	1.3594e-05	3.236e-07	-3.2354e-07	-1.2696e-05	-1.4796e-10	1.2682e-05	3.2368e-07	-3.2298e-07	-1.1554e-05	-1.4532e-10	1.159e-05	3.2336e-07	-3.2322e-07	-1.00801e-05	-1.3778e-10	1.00583e-05	3.2362e-07	-3.2264e-07	-8.0232e-06	-1.2504e-10	8.0409e-06	3.231e-07	-3.2346e-07	-5.2665e-06	-1.4899e-10	5.2429e-06	3.2288e-07	-3.232e-07	-1.2315e-06	-1.5612e-10	1.2299e-06	3.233e-07	-3.2266e-07
0.66	-1.8302e-05	-8.877e-11	1.8316e-05	3.242e-07	-3.236e-07	-1.7868e-05	-1.2952e-10	1.7898e-05	3.2426e-07	-3.2262e-07	-1.7252e-05	-1.3491e-10	1.729e-05	3.2418e-07	-3.2274e-07	-1.6672e-05	-1.1797e-10	1.6698e-05	3.237e-07	-3.236e-07	-1.5696e-05	-1.0015e-10	1.5626e-05	3.2372e-07	-3.2356e-07	-1.4682e-05	-1.4978e-10	1.4646e-05	3.2358e-07	-3.2336e-07	-1.3396e-05	-1.39e-10	1.3304e-05	3.233e-07	-3.234e-07	-1.1612e-05	-1.1008e-10	1.154e-05	3.2336e-07	-3.2354e-07	-9.2646e-06	-1.2926e-10	9.2157e-06	3.2302e-07	-3.2358e-07	-6.0168e-06	-1.4829e-10	6.0263e-06	3.2288e-07	-3.2334e-07	-1.3861e-06	-1.7554e-10	1.3223e-06	3.2326e-07	-3.2266e-07
0.655	-2.12e-05	-1.0005e-10	2.119e-05	3.2438e-07	-3.235e-07	-2.071e-05	-1.5209e-10	2.0666e-05	3.2428e-07	-3.228e-07	-1.996e-05	-1.5522e-10	1.9982e-05	3.2412e-07	-3.2284e-07	-1.9266e-05	-1.1562e-10	1.9282e-05	3.2366e-07	-3.2358e-07	-1.8144e-05	-1.1148e-10	1.8146e-05	3.2392e-07	-3.2342e-07	-1.6972e-05	-1.4403e-10	1.6938e-05	3.2342e-07	-3.2344e-07	-1.5438e-05	-1.3233e-10	1.5422e-05	3.2336e-07	-3.238e-07	-1.3412e-05	-1.2435e-10	1.3374e-05	3.2356e-07	-3.2338e-07	-1.06706e-05	-1.2911e-10	1.06159e-05	3.2302e-07	-3.235e-07	-6.8928e-06	-1.4836e-10	6.9087e-06	3.2288e-07	-3.2336e-07	-1.4969e-06	-1.8955e-10	1.5231e-06	3.2322e-07	-3.2276e-07
0.65	-2.4502e-05	-1.1315e-10	2.4416e-05	3.2456e-07	-3.2322e-07	-2.385e-05	-1.6142e-10	2.3818e-05	3.2412e-07	-3.2298e-07	-2.301e-05	-1.5982e-10	2.3026e-05	3.2394e-07	-3.2296e-07	-2.2212e-05	-1.1358e-10	2.2296e-05	3.2382e-07	-3.2358e-07	-2.092e-05	-1.2514e-10	2.0898e-05	3.2406e-07	-3.231e-07	-1.956e-05	-1.3691e-10	1.9582e-05	3.2352e-07	-3.2382e-07	-1.778e-05	-1.3134e-10	1.7794e-05	3.2342e-07	-3.2366e-07	-1.5394e-05	-1.3912e-10	1.5394e-05	3.2362e-07	-3.2302e-07	-1.2244e-05	-1.5129e-10	1.223e-05	3.2302e-07	-3.2344e-07	-7.8826e-06	-1.531e-10	7.8812e-06	3.2298e-07	-3.2364e-07	-1.7064e-06	-1.9958e-10	1.6559e-06	3.232e-07	-3.2276e-07
0.645	-2.8214e-05	-1.279e-10	2.8108e-05	3.2466e-07	-3.2298e-07	-2.7496e-05	-1.6431e-10	2.751e-05	3.2402e-07	-3.2314e-07	-2.6656e-05	-1.6516e-10	2.6592e-05	3.2386e-07	-3.2328e-07	-2.576e-05	-1.2631e-10	2.5664e-05	3.2404e-07	-3.2338e-07	-2.4164e-05	-1.4272e-10	2.4024e-05	3.2412e-07	-3.229e-07	-2.2618e-05	-1.344e-10	2.2486e-05	3.2352e-07	-3.2358e-07	-2.0482e-05	-1.3189e-10	2.05e-05	3.235e-07	-3.2356e-07	-1.7738e-05	-1.573e-10	1.7818e-05	3.2378e-07	-3.2286e-07	-1.4054e-05	-1.5202e-10	1.4084e-05	3.23e-07	-3.2342e-07	-9.0268e-06	-1.5699e-10	9.028e-06	3.2298e-07	-3.2352e-07	-1.85e-06	-2.0401e-10	1.8277e-06	3.2306e-07	-3.2282e-07
0.64	-3.2684e-05	-1.5463e-10	3.2566e-05	3.2454e-07	-3.2278e-07	-3.177e-05	-1.6353e-10	3.1764e-05	3.2394e-07	-3.2332e-07	-3.0782e-05	-1.5766e-10	3.0694e-05	3.2364e-07	-3.2346e-07	-2.9646e-05	-1.4136e-10	2.9616e-05	3.2408e-07	-3.2302e-07	-2.7882e-05	-1.6541e-10	2.7902e-05	3.2406e-07	-3.2272e-07	-2.6018e-05	-1.3604e-10	2.6054e-05	3.2372e-07	-3.2356e-07	-2.3652e-05	-1.4769e-10	2.3586e-05	3.2372e-07	-3.233e-07	-2.046e-05	-1.7941e-10	2.0448e-05	3.2362e-07	-3.2254e-07	-1.6216e-05	-1.5309e-10	1.6136e-05	3.2318e-07	-3.2344e-07	-1.02868e-05	-1.5943e-10	1.031e-05	3.2306e-07	-3.2354e-07	-2.0126e-06	-2.1253e-10	1.9835e-06	3.2294e-07	-3.2284e-07
0.635	-3.7534e-05	-1.7806e-10	3.7522e-05	3.2448e-07	-3.228e-07	-3.6568e-05	-1.5517e-10	3.663e-05	3.2382e-07	-3.2348e-07	-3.5402e-05	-1.5374e-10	3.5408e-05	3.2378e-07	-3.2368e-07	-3.4124e-05	-1.6102e-10	3.412e-05	3.2418e-07	-3.2278e-07	-3.2088e-05	-1.8788e-10	3.2136e-05	3.2396e-07	-3.2272e-07	-2.9916e-05	-1.5233e-10	2.9984e-05	3.2388e-07	-3.2332e-07	-2.7142e-05	-1.607e-10	2.72e-05	3.2384e-07	-3.23e-07	-2.346e-05	-1.9968e-10	2.3554e-05	3.2356e-07	-3.2266e-07	-1.8592e-05	-1.6705e-10	1.852e-05	3.2334e-07	-3.2326e-07	-1.1766e-05	-2.0108e-10	1.1794e-05	3.2292e-07	-3.2314e-07	-2.1901e-06	-2.2569e-10	2.1542e-06	3.2298e-07	-3.2278e-07
0.63	-4.3462e-05	-1.9655e-10	4.3408e-05	3.243e-07	-3.2284e-07	-4.2342e-05	-1.5521e-10	4.219e-05	3.239e-07	-3.2364e-07	-4.0868e-05	-1.5173e-10	4.0818e-05	3.2378e-07	-3.236e-07	-3.9422e-05	-1.8447e-10	3.9362e-05	3.2404e-07	-3.2256e-07	-3.7088e-05	-2.0691e-10	3.702e-05	3.2378e-07	-3.2284e-07	-3.4592e-05	-1.6709e-10	3.4606e-05	3.239e-07	-3.23e-07	-3.1318e-05	-1.8544e-10	3.1426e-05	3.2384e-07	-3.2286e-07	-2.7102e-05	-2.1884e-10	2.7088e-05	3.2338e-07	-3.2274e-07	-2.1306e-05	-1.8133e-10	2.1336e-05	3.2348e-07	-3.2296e-07	-1.344e-05	-1.9806e-10	1.3404e-05	3.229e-07	-3.2338e-07	-2.3227e-06	-2.3231e-10	2.3514e-06	3.2296e-07	-3.2286e-07
0.625	-4.997e-05	-1.9887e-10	4.9896e-05	3.2414e-07	-3.2302e-07	-4.8676e-05	-1.5223e-10	4.8762e-05	3.2406e-07	-3.2358e-07	-4.709e-05	-1.5387e-10	4.7028e-05	3.2396e-07	-3.235e-07	-4.5352e-05	-2.0754e-10	4.5334e-05	3.2406e-07	-3.2284e-07	-4.2682e-05	-2.1208e-10	4.2736e-05	3.2374e-07	-3.2312e-07	-3.9852e-05	-1.9254e-10	3.9738e-05	3.2394e-07	-3.2286e-07	-3.6014e-05	-2.0857e-10	3.6116e-05	3.2386e-07	-3.2268e-07	-3.117e-05	-2.2431e-10	3.112e-05	3.2328e-07	-3.2294e-07	-2.4428e-05	-1.9888e-10	2.4418e-05	3.2358e-07	-3.2276e-07	-1.536e-05	-1.9904e-10	1.5344e-05	3.2298e-07	-3.2344e-07	-2.4783e-06	-2.3988e-10	2.5306e-06	3.2294e-07	-3.2308e-07
0.62	-5.77e-05	-2.0256e-10	5.7702e-05	3.2408e-07	-3.2334e-07	-5.6156e-05	-1.6764e-10	5.6244e-05	3.2424e-07	-3.2344e-07	-5.4306e-05	-1.7227e-10	5.429e-05	3.2414e-07	-3.2328e-07	-5.2246e-05	-2.2235e-10	5.2304e-05	3.2384e-07	-3.2282e-07	-4.9272e-05	-2.1637e-10	4.9298e-05	3.236e-07	-3.2332e-07	-4.583e-05	-2.1417e-10	4.6e-05	3.2388e-07	-3.2274e-07	-4.1516e-05	-2.3228e-10	4.1592e-05	3.2374e-07	-3.229e-07	-3.5824e-05	-2.2898e-10	3.5758e-05	3.2328e-07	-3.2326e-07	-2.8062e-05	-2.2258e-10	2.8012e-05	3.2356e-07	-3.226e-07	-1.7398e-05	-1.9814e-10	1.7408e-05	3.23e-07	-3.234e-07	-2.6891e-06	-2.4575e-10	2.7572e-06	3.2284e-07	-3.231e-07
0.615	-6.6504e-05	-1.9573e-10	6.649e-05	3.2404e-07	-3.2352e-07	-6.4736e-05	-1.8193e-10	6.4628e-05	3.2442e-07	-3.2318e-07	-6.2474e-05	-1.8557e-10	6.2514e-05	3.2414e-07	-3.2298e-07	-6.0116e-05	-2.2747e-10	6.0148e-05	3.2374e-07	-3.2316e-07	-5.6812e-05	-2.0532e-10	5.6612e-05	3.2348e-07	-3.2344e-07	-5.2842e-05	-2.3788e-10	5.2874e-05	3.239e-07	-3.2286e-07	-4.7766e-05	-2.442e-10	4.7762e-05	3.2354e-07	-3.2284e-07	-4.1122e-05	-2.1993e-10	4.1166e-05	3.2322e-07	-3.2348e-07	-3.2058e-05	-2.4588e-10	3.2204e-05	3.2348e-07	-3.2266e-07	-1.9948e-05	-2.1214e-10	1.9978e-05	3.2324e-07	-3.2326e-07	-2.8999e-06	-2.4738e-10	2.7815e-06	3.2274e-07	-3.2314e-07
0.61	-7.6724e-05	-1.9275e-10	7.6708e-05	3.2402e-07	-3.237e-07	-7.4716e-05	-2.1237e-10	7.4592e-05	3.244e-07	-3.2288e-07	-7.217e-05	-2.1074e-10	7.2142e-05	3.2426e-07	-3.2284e-07	-6.9354e-05	-2.2997e-10	6.9354e-05	3.2364e-07	-3.2328e-07	-6.5456e-05	-2.0584e-10	6.5534e-05	3.2358e-07	-3.237e-07	-6.0928e-05	-2.5147e-10	6.0822e-05	3.2372e-07	-3.2292e-07	-5.4986e-05	-2.4981e-10	5.503e-05	3.2342e-07	-3.2322e-07	-4.7224e-05	-2.1927e-10	4.73e-05	3.2326e-07	-3.2362e-07	-3.6876e-05	-2.6666e-10	3.6902e-05	3.233e-07	-3.2272e-07	-2.263e-05	-2.2735e-10	2.2712e-05	3.2336e-07	-3.2296e-07	-3.1011e-06	-2.5233e-10	3.0211e-06	3.2274e-07	-3.2334e-07
0.605	-8.8406e-05	-1.8741e-10	8.8228e-05	3.2402e-07	-3.2358e-07	-8.5898e-05	-2.2942e-10	8.5994e-05	3.2432e-07	-3.2286e-07	-8.2988e-05	-2.3176e-10	8.3032e-05	3.2412e-07	-3.226e-07	-7.9756e-05	-2.2084e-10	7.9722e-05	3.236e-07	-3.234e-07	-7.527e-05	-2.0468e-10	7.537e-05	3.2376e-07	-3.2356e-07	-7.0056e-05	-2.5586e-10	7.0004e-05	3.2358e-07	-3.232e-07	-6.3182e-05	-2.5002e-10	6.32e-05	3.2322e-07	-3.2334e-07	-5.4236e-05	-2.2041e-10	5.4264e-05	3.232e-07	-3.2338e-07	-4.2236e-05	-2.7303e-10	4.214e-05	3.2318e-07	-3.229e-07	-2.5914e-05	-2.4532e-10	2.5878e-05	3.2346e-07	-3.2276e-07	-3.3171e-06	-2.5553e-10	3.3513e-06	3.228e-07	-3.2338e-07
0.6	-0.000101838	-1.9978e-10	0.00010199	3.2424e-07	-3.2348e-07	-9.9112e-05	-2.5232e-10	9.9114e-05	3.243e-07	-3.2288e-07	-9.5756e-05	-2.5731e-10	9.5694e-05	3.2412e-07	-3.228e-07	-9.1996e-05	-2.2293e-10	9.2024e-05	3.2366e-07	-3.2356e-07	-8.688e-05	-2.174e-10	8.684e-05	3.239e-07	-3.2352e-07	-8.0648e-05	-2.5888e-10	8.0714e-05	3.2342e-07	-3.2336e-07	-7.2858e-05	-2.4327e-10	7.2818e-05	3.2324e-07	-3.2358e-07	-6.247e-05	-2.3164e-10	6.2502e-05	3.2344e-07	-3.2334e-07	-4.8322e-05	-2.804e-10	4.8368e-05	3.231e-07	-3.232e-07	-2.9568e-05	-2.7337e-10	2.962e-05	3.2342e-07	-3.2266e-07	-3.6019e-06	-2.6204e-10	3.5553e-06	3.2276e-07	-3.235e-07
0.595	-0.00011704	-2.5949e-10	0.00011726	3.2398e-07	-3.2332e-07	-0.000114124	-2.657e-10	0.000114206	3.2414e-07	-3.2308e-07	-0.000110206	-2.706e-10	0.000110198	3.24e-07	-3.229e-07	-0.000105756	-2.2085e-10	0.00010584	3.2372e-07	-3.2346e-07	-9.9852e-05	-2.3565e-10	9.997e-05	3.2396e-07	-3.2322e-07	-9.277e-05	-2.502e-10	9.2744e-05	3.2346e-07	-3.2352e-07	-8.3722e-05	-2.4399e-10	8.3736e-05	3.2334e-07	-3.2354e-07	-7.1618e-05	-2.4917e-10	7.1582e-05	3.2352e-07	-3.2302e-07	-5.5436e-05	-2.7307e-10	5.5452e-05	3.2304e-07	-3.2338e-07	-3.3796e-05	-2.9774e-10	3.3786e-05	3.2338e-07	-3.2272e-07	-3.7924e-06	-2.7028e-10	3.7692e-06	3.2284e-07	-3.2348e-07
0.59	-0.00013518	-2.4111e-10	0.00013548	3.2408e-07	-3.2358e-07	-0.00013138	-2.227e-10	0.00013154	3.2434e-07	-3.2288e-07	-0.00012678	-2.2844e-10	0.00012706	3.2432e-07	-3.228e-07	-0.0001216	-2.7758e-10	0.00012176	3.2364e-07	-3.2324e-07	-0.00011494	-2.4104e-10	0.00011508	3.2404e-07	-3.2296e-07	-0.00010693	-2.5397e-10	0.00010701	3.2352e-07	-3.2364e-07	-9.626e-05	-2.4658e-10	9.6358e-05	3.2346e-07	-3.2346e-07	-8.2382e-05	-2.6866e-10	8.2366e-05	3.2368e-07	-3.2278e-07	-6.3682e-05	-2.7217e-10	6.3746e-05	3.2312e-07	-3.2354e-07	-3.849e-05	-3.2229e-10	3.8556e-05	3.232e-07	-3.2274e-07	-4.0282e-06	-2.7881e-10	4.1046e-06	3.2288e-07	-3.2352e-07
0.585	-0.00015552	-2.4162e-10	0.00015576	3.241e-07	-3.2364e-07	-0.00015104	-2.7193e-10	0.00015136	3.2446e-07	-3.228e-07	-0.000146	-2.7385e-10	0.00014624	3.2414e-07	-3.2262e-07	-0.00013986	-2.6743e-10	0.00014008	3.236e-07	-3.234e-07	-0.00013208	-2.7569e-10	0.0001324	3.2406e-07	-3.2278e-07	-0.00012288	-2.8466e-10	0.0001229	3.2364e-07	-3.2308e-07	-0.000110654	-2.6459e-10	0.000110532	3.2356e-07	-3.233e-07	-9.4468e-05	-2.9804e-10	9.452e-05	3.2358e-07	-3.2256e-07	-7.2914e-05	-2.7131e-10	7.2978e-05	3.2316e-07	-3.2352e-07	-4.3982e-05	-3.2921e-10	4.393e-05	3.2312e-07	-3.229e-07	-4.5727e-06	-2.8701e-10	4.4606e-06	3.2292e-07	-3.2346e-07
0.58	-0.00017962	-2.4451e-10	0.00017954	3.242e-07	-3.2362e-07	-0.00017422	-2.9999e-10	0.00017446	3.2438e-07	-3.2292e-07	-0.00016816	-2.9934e-10	0.00016838	3.2416e-07	-3.2274e-07	-0.00016124	-2.6818e-10	0.00016146	3.2364e-07	-3.2364e-07	-0.0001523	-3.0101e-10	0.00015238	3.2402e-07	-3.2274e-07	-0.0001411	-3.0715e-10	0.00014136	3.2354e-07	-3.2336e-07	-0.00012684	-3.2225e-10	0.00012732	3.2336e-07	-3.2356e-07	-0.000108624	-3.2162e-10	0.000108514	3.2358e-07	-3.227e-07	-8.3726e-05	-2.8472e-10	8.3686e-05	3.2334e-07	-3.2332e-07	-5.0356e-05	-3.3698e-10	5.0366e-05	3.2302e-07	-3.232e-07	-4.9307e-06	-2.9902e-10	4.9046e-06	3.2298e-07	-3.2338e-07
0.575	-0.00020634	-2.6156e-10	0.00020672	3.244e-07	-3.2342e-07	-0.00020026	-3.11e-10	0.0002006	3.2408e-07	-3.2302e-07	-0.00019348	-3.1745e-10	0.00019368	3.24e-07	-3.2286e-07	-0.00018516	-2.6839e-10	0.00018538	3.2376e-07	-3.2356e-07	-0.00017486	-3.2553e-10	0.00017502	3.24e-07	-3.2292e-07	-0.00016206	-2.9873e-10	0.00016224	3.234e-07	-3.2344e-07	-0.00014564	-2.9221e-10	0.00014594	3.2332e-07	-3.2356e-07	-0.00012404	-3.0398e-10	0.00012462	3.236e-07	-3.231e-07	-9.582e-05	-3.045e-10	9.5768e-05	3.2344e-07	-3.2302e-07	-5.7338e-05	-3.291e-10	5.7506e-05	3.2288e-07	-3.2334e-07	-5.4281e-06	-3.1402e-10	5.5148e-06	3.231e-07	-3.2332e-07
0.57	-0.0002378	-2.7664e-10	0.00023814	3.2446e-07	-3.231e-07	-0.0002306	-3.1772e-10	0.000231	3.2394e-07	-3.2322e-07	-0.00022262	-3.2346e-10	0.0002228	3.2388e-07	-3.2312e-07	-0.0002131	-2.8096e-10	0.00021328	3.2398e-07	-3.2344e-07	-0.00020114	-3.338e-10	0.00020144	3.2376e-07	-3.2292e-07	-0.0001863	-3.0203e-10	0.00018658	3.2348e-07	-3.236e-07	-0.00016724	-2.9444e-10	0.0001675	3.235e-07	-3.2352e-07	-0.00014232	-3.1259e-10	0.00014262	3.2366e-07	-3.2284e-07	-0.000109608	-3.2131e-10	0.000109758	3.2356e-07	-3.2286e-07	-6.5426e-05	-3.2755e-10	6.548e-05	3.2294e-07	-3.2356e-07	-5.9286e-06	-3.2983e-10	5.9189e-06	3.2316e-07	-3.2326e-07
0.565	-0.000273	-2.9514e-10	0.00027342	3.2458e-07	-3.2288e-07	-0.00026498	-3.1513e-10	0.00026516	3.2384e-07	-3.2344e-07	-0.0002556	-3.2597e-10	0.0002559	3.2384e-07	-3.234e-07	-0.00024472	-2.9855e-10	0.0002449	3.2402e-07	-3.2302e-07	-0.00023082	-3.4157e-10	0.00023122	3.2358e-07	-3.2328e-07	-0.00021356	-3.0177e-10	0.000214	3.2354e-07	-3.235e-07	-0.00019192	-3.1064e-10	0.00019202	3.2366e-07	-3.2338e-07	-0.00016304	-3.4406e-10	0.00016316	3.236e-07	-3.2266e-07	-0.00012506	-3.6819e-10	0.00012506	3.2306e-07	-3.2352e-07	-7.466e-05	-3.2855e-10	7.4416e-05	3.23e-07	-3.2346e-07	-6.4676e-06	-3.4712e-10	6.5005e-06	3.2322e-07	-3.2316e-07
0.56	-0.0003139	-3.2364e-10	0.0003142	3.2446e-07	-3.2276e-07	-0.00030456	-3.1041e-10	0.00030456	3.2386e-07	-3.237e-07	-0.00029378	-3.1827e-10	0.00029414	3.2378e-07	-3.236e-07	-0.00028084	-3.179e-10	0.00028118	3.241e-07	-3.2296e-07	-0.000265	-3.3807e-10	0.0002655	3.2352e-07	-3.2352e-07	-0.0002452	-3.1421e-10	0.00024552	3.2382e-07	-3.2338e-07	-0.00022002	-3.2706e-10	0.00022016	3.2376e-07	-3.2302e-07	-0.00018676	-3.6457e-10	0.00018694	3.236e-07	-3.227e-07	-0.00014314	-3.3178e-10	0.00014308	3.233e-07	-3.235e-07	-8.5148e-05	-3.3997e-10	8.5148e-05	3.2316e-07	-3.2338e-07	-7.2873e-06	-3.6015e-10	7.2932e-06	3.2328e-07	-3.2296e-07
0.555	-0.00035998	-3.466e-10	0.00035998	3.2448e-07	-3.2284e-07	-0.000349	-3.1384e-10	0.00034926	3.2388e-07	-3.2364e-07	-0.0003366	-3.2143e-10	0.0003368	3.2388e-07	-3.237e-07	-0.00032172	-3.4182e-10	0.00032188	3.241e-07	-3.2274e-07	-0.00030346	-3.3664e-10	0.00030376	3.2358e-07	-3.238e-07	-0.00028094	-3.3326e-10	0.00028084	3.2382e-07	-3.2302e-07	-0.00025166	-3.4919e-10	0.00025164	3.239e-07	-3.2282e-07	-0.0002133	-3.9178e-10	0.0002134	3.2354e-07	-3.2272e-07	-0.00016304	-3.5092e-10	0.00016342	3.2348e-07	-3.2328e-07	-9.6708e-05	-3.6163e-10	9.6826e-05	3.2328e-07	-3.2302e-07	-8.1615e-06	-3.7665e-10	8.0912e-06	3.2324e-07	-3.2288e-07
0.55	-0.00041254	-3.6313e-10	0.00041306	3.2432e-07	-3.2292e-07	-0.00039998	-3.1545e-10	0.00040048	3.2414e-07	-3.2356e-07	-0.0003857	-3.2034e-10	0.00038602	3.2398e-07	-3.2362e-07	-0.00036876	-3.6689e-10	0.0003691	3.2406e-07	-3.228e-07	-0.00034778	-3.356e-10	0.00034812	3.2366e-07	-3.2364e-07	-0.0003214	-3.5223e-10	0.00032158	3.2398e-07	-3.2286e-07	-0.00028748	-3.7438e-10	0.00028778	3.2376e-07	-3.2262e-07	-0.0002439	-4.0106e-10	0.0002437	3.233e-07	-3.2286e-07	-0.0001859	-3.6928e-10	0.00018656	3.236e-07	-3.2302e-07	-0.000109936	-3.7983e-10	0.000110254	3.234e-07	-3.2284e-07	-8.9256e-06	-3.9655e-10	8.9531e-06	3.2336e-07	-3.2282e-07
0.545	-0.00047134	-3.6943e-10	0.00047208	3.242e-07	-3.2304e-07	-0.00045748	-3.3404e-10	0.00045752	3.2426e-07	-3.2326e-07	-0.00044064	-3.3405e-10	0.00044096	3.2402e-07	-3.2334e-07	-0.00042108	-3.9007e-10	0.0004215	3.2396e-07	-3.2282e-07	-0.00039698	-3.4038e-10	0.000397	3.2378e-07	-3.2352e-07	-0.00036662	-3.8103e-10	0.00036686	3.2386e-07	-3.2266e-07	-0.00032796	-4.0189e-10	0.0003279	3.2382e-07	-3.2284e-07	-0.0002773	-4.1109e-10	0.0002774	3.2316e-07	-3.2316e-07	-0.00021156	-3.9461e-10	0.00021184	3.2364e-07	-3.2274e-07	-0.00012472	-4.3049e-10	0.00012456	3.2294e-07	-3.2346e-07	-1.00735e-05	-4.1978e-10	1.00805e-05	3.2328e-07	-3.2268e-07
0.54	-0.00053922	-3.7816e-10	0.00053964	3.2412e-07	-3.2344e-07	-0.00052298	-3.502e-10	0.00052292	3.243e-07	-3.2306e-07	-0.00050374	-3.5291e-10	0.00050376	3.2418e-07	-3.2306e-07	-0.00048088	-3.992e-10	0.00048148	3.2378e-07	-3.229e-07	-0.00045328	-3.6342e-10	0.00045356	3.2396e-07	-3.2322e-07	-0.00041824	-4.0524e-10	0.0004183	3.2382e-07	-3.2272e-07	-0.00037402	-4.2269e-10	0.00037448	3.2362e-07	-3.2288e-07	-0.00031604	-4.0699e-10	0.00031586	3.231e-07	-3.2338e-07	-0.00024044	-4.2329e-10	0.00024064	3.236e-07	-3.2266e-07	-0.00014096	-3.9335e-10	0.00014142	3.23e-07	-3.234e-07	-1.13049e-05	-4.4154e-10	1.12032e-05	3.2326e-07	-3.2262e-07
0.535	-0.00061468	-3.7308e-10	0.00061434	3.2396e-07	-3.2346e-07	-0.00059552	-3.7543e-10	0.00059586	3.244e-07	-3.2284e-07	-0.00057388	-3.7156e-10	0.000574	3.2438e-07	-3.2292e-07	-0.0005474	-4.0602e-10	0.00054724	3.2366e-07	-3.2328e-07	-0.00051536	-3.7989e-10	0.00051576	3.2412e-07	-3.2304e-07	-0.00047546	-4.2732e-10	0.00047572	3.2368e-07	-3.2286e-07	-0.00042414	-4.3011e-10	0.00042486	3.2348e-07	-3.232e-07	-0.00035836	-4.0632e-10	0.00035822	3.231e-07	-3.2362e-07	-0.0002722	-4.4716e-10	0.00027218	3.2354e-07	-3.228e-07	-0.0001597	-4.1504e-10	0.00015928	3.2328e-07	-3.2332e-07	-1.17174e-05	-4.652e-10	1.1722e-05	3.2326e-07	-3.2266e-07
0.53	-0.00069964	-3.7086e-10	0.00070018	3.2394e-07	-3.2366e-07	-0.00067826	-4.0071e-10	0.00067878	3.2436e-07	-3.227e-07	-0.0006524	-3.989e-10	0.00065356	3.2424e-07	-3.2264e-07	-0.00062278	-4.0498e-10	0.00062332	3.2354e-07	-3.2344e-07	-0.00058648	-4.0762e-10	0.00058708	3.2402e-07	-3.2282e-07	-0.00054054	-4.3745e-10	0.00054094	3.2358e-07	-3.2302e-07	-0.000482	-4.3515e-10	0.00048162	3.2336e-07	-3.2334e-07	-0.0004062	-4.1119e-10	0.00040626	3.2316e-07	-3.2346e-07	-0.00030794	-4.6716e-10	0.00030816	3.2334e-07	-3.2282e-07	-0.00018	-4.3295e-10	0.00018046	3.2342e-07	-3.229e-07	-1.1642e-05	-4.8059e-10	1.3906e-05	3.2312e-07	-3.2256e-07
0.525	-0.00079434	-3.7425e-10	0.00079492	3.2408e-07	-3.2354e-07	-0.00076988	-4.2117e-10	0.00076926	3.2426e-07	-3.2278e-07	-0.00074052	-4.2293e-10	0.0007415	3.2416e-07	-3.2272e-07	-0.00070608	-4.0312e-10	0.00070656	3.2364e-07	-3.236e-07	-0.00066458	-4.312e-10	0.0006651	3.2388e-07	-3.2268e-07	-0.00061208	-4.4405e-10	0.00061244	3.2346e-07	-3.232e-07	-0.00054504	-4.2903e-10	0.00054438	3.2342e-07	-3.2358e-07	-0.00045864	-4.1667e-10	0.00045892	3.234e-07	-3.2338e-07	-0.00034726	-4.7642e-10	0.00034702	3.2322e-07	-3.2302e-07	-0.00020226	-4.5806e-10	0.00020254	3.2342e-07	-3.2274e-07	-1.5544e-05	-5.0419e-10	1.554e-05	3.23e-07	-3.2272e-07
0.52	-0.00090112	-3.8615e-10	0.00090134	3.242e-07	-3.235e-07	-0.00087304	-4.4067e-10	0.00087284	3.2412e-07	-3.2292e-07	-0.00083968	-4.4601e-10	0.00083992	3.2412e-07	-3.2284e-07	-0.00079968	-4.0504e-10	0.00080032	3.2364e-07	-3.2358e-07	-0.00075278	-4.589e-10	0.00075316	3.2384e-07	-3.2286e-07	-0.0006918	-4.4e-10	0.00069276	3.2336e-07	-3.235e-07	-0.00061576	-4.3454e-10	0.00061574	3.2338e-07	-3.2358e-07	-0.00051694	-4.3986e-10	0.00051744	3.2348e-07	-3.2308e-07	-0.00039096	-4.8168e-10	0.00039052	3.2304e-07	-3.2322e-07	-0.00022702	-4.8739e-10	0.00022746	3.2332e-07	-3.226e-07	-1.726e-05	-5.1562e-10	1.7344e-05	3.2294e-07	-3.2298e-07
0.515	-0.00101792	-4.0521e-10	0.00101814	3.2432e-07	-3.2316e-07	-0.00098532	-4.5019e-10	0.00098572	3.2398e-07	-3.2314e-07	-0.0009486	-4.5734e-10	0.00094864	3.239e-07	-3.2292e-07	-0.00090252	-4.1665e-10	0.0009032	3.2388e-07	-3.2346e-07	-0.00084852	-4.737e-10	0.00084842	3.2372e-07	-3.2302e-07	-0.00077968	-4.4094e-10	0.00077932	3.235e-07	-3.2362e-07	-0.00069228	-4.3682e-10	0.00069256	3.235e-07	-3.236e-07	-0.00058054	-4.5665e-10	0.00058088	3.237e-07	-3.2288e-07	-0.00043692	-4.7706e-10	0.00043756	3.2306e-07	-3.235e-07	-0.00025376	-5.134e-10	0.00025438	3.2326e-07	-3.2264e-07	-1.904e-05	-5.2597e-10	1.9188e-05	3.2282e-07	-3.2314e-07
0.51	-0.00114928	-4.2197e-10	0.00115006	3.245e-07	-3.2308e-07	-0.00111226	-4.5728e-10	0.00111252	3.2384e-07	-3.2326e-07	-0.00106972	-4.6554e-10	0.00106948	3.238e-07	-3.2332e-07	-0.00101804	-4.3545e-10	0.0010185	3.2394e-07	-3.2318e-07	-0.00095586	-4.8253e-10	0.0009564	3.2366e-07	-3.2322e-07	-0.00087724	-4.463e-10	0.00087712	3.2352e-07	-3.2356e-07	-0.00077828	-4.5466e-10	0.00077818	3.2372e-07	-3.2354e-07	-0.00065126	-4.8864e-10	0.00065192	3.236e-07	-3.2262e-07	-0.00048928	-4.818e-10	0.00048912	3.2316e-07	-3.2358e-07	-0.0002828	-5.3887e-10	0.00028278	3.232e-07	-3.2272e-07	-2.117e-05	-5.232e-10	2.1076e-05	3.2276e-07	-3.2334e-07
0.505	-0.0012914	-4.3289e-10	0.0012916	3.2398e-07	-3.2358e-07	-0.0012486	-4.7306e-10	0.0012506	3.2436e-07	-3.2278e-07	-0.0012004	-4.8334e-10	0.0012018	3.242e-07	-3.2292e-07	-0.00114294	-4.5437e-10	0.00114262	3.2404e-07	-3.23e-07	-0.00107234	-4.8075e-10	0.00107242	3.2344e-07	-3.2344e-07	-0.00098278	-4.5904e-10	0.0009837	3.2364e-07	-3.234e-07	-0.00087016	-4.753e-10	0.00087032	3.2384e-07	-3.2308e-07	-0.00072714	-5.1348e-10	0.00072724	3.235e-07	-3.2266e-07	-0.0005461	-4.8712e-10	0.00054526	3.2326e-07	-3.235e-07	-0.00031442	-5.5129e-10	0.00031576	3.2308e-07	-3.228e-07	-2.3372e-05	-5.2679e-10	2.355e-05	3.228e-07	-3.235e-07
0.5	-0.0014508	-4.486e-10	0.0014508	3.241e-07	-3.2376e-07	-0.0014032	-4.7824e-10	0.0014044	3.2434e-07	-3.2264e-07	-0.0013484	-4.7907e-10	0.0013482	3.2426e-07	-3.2268e-07	-0.0012808	-4.6444e-10	0.0012802	3.2354e-07	-3.2346e-07	-0.0011998	-5.0365e-10	0.0012014	3.24e-07	-3.2278e-07	-0.00109904	-4.7922e-10	0.0010992	3.2382e-07	-3.2314e-07	-0.00097262	-4.9926e-10	0.00097168	3.239e-07	-3.2292e-07	-0.0008109	-5.399e-10	0.00081024	3.2348e-07	-3.2272e-07	-0.00060584	-5.0805e-10	0.00060692	3.2342e-07	-3.2332e-07	-0.00034896	-5.6538e-10	0.00034842	3.2294e-07	-3.2312e-07	-2.5698e-05	-5.381e-10	2.575e-05	3.2288e-07	-3.234e-07
0.495	-0.001622	-4.5129e-10	0.0016232	3.2406e-07	-3.2368e-07	-0.0015682	-5.0185e-10	0.0015684	3.243e-07	-3.2284e-07	-0.001505	-5.0279e-10	0.0015068	3.242e-07	-3.2276e-07	-0.0014294	-4.8464e-10	0.00143	3.2366e-07	-3.2362e-07	-0.0013392	-5.1387e-10	0.0013404	3.2394e-07	-3.227e-07	-0.0012248	-4.9096e-10	0.0012246	3.2346e-07	-3.233e-07	-0.00107998	-5.3006e-10	0.00108028	3.2384e-07	-3.2266e-07	-0.00089868	-5.5933e-10	0.00089868	3.233e-07	-3.2278e-07	-0.00067114	-5.2887e-10	0.00067094	3.2352e-07	-3.2298e-07	-0.00038444	-5.6361e-10	0.00038404	3.228e-07	-3.2334e-07	-2.81e-05	-5.5525e-10	2.8282e-05	3.2312e-07	-3.2332e-07
0.49	-0.0018116	-4.6161e-10	0.0018128	3.243e-07	-3.2358e-07	-0.0017506	-5.2388e-10	0.0017502	3.2424e-07	-3.2296e-07	-0.0016798	-5.3037e-10	0.0016806	3.2406e-07	-3.2292e-07	-0.0015932	-4.8581e-10	0.001593	3.2368e-07	-3.2358e-07	-0.0014908	-5.4166e-10	0.001492	3.2402e-07	-3.2298e-07	-0.0013596	-5.3262e-10	0.001361	3.234e-07	-3.235e-07	-0.0011982	-5.4235e-10	0.0011988	3.2334e-07	-3.2368e-07	-0.00099458	-5.7189e-10	0.00099532	3.2316e-07	-3.2318e-07	-0.00074094	-5.5651e-10	0.00074048	3.2366e-07	-3.2278e-07	-0.00042222	-5.674e-10	0.00042352	3.2298e-07	-3.235e-07	-3.0636e-05	-5.7958e-10	3.0632e-05	3.2318e-07	-3.2294e-07
0.485	-0.002013	-4.8504e-10	0.0020136	3.2444e-07	-3.2322e-07	-0.0019448	-5.3203e-10	0.001945	3.2398e-07	-3.2302e-07	-0.0018644	-5.406e-10	0.0018666	3.2384e-07	-3.229e-07	-0.0017676	-4.9768e-10	0.0017688	3.2382e-07	-3.235e-07	-0.0016528	-5.5985e-10	0.0016524	3.2384e-07	-3.2302e-07	-0.0015048	-5.324e-10	0.0015054	3.235e-07	-3.2366e-07	-0.001324	-5.3055e-10	0.0013242	3.2342e-07	-3.235e-07	-0.00109704	-5.7363e-10	0.00109684	3.2306e-07	-3.2326e-07	-0.00081446	-5.91e-10	0.000813	3.2354e-07	-3.2266e-07	-0.00046346	-5.7446e-10	0.00046328	3.23e-07	-3.235e-07	-3.3462e-05	-6.061e-10	3.347e-05	3.2342e-07	-3.2288e-07
0.48	-0.0022348	-5.0306e-10	0.0022356	3.2448e-07	-3.2298e-07	-0.0021582	-5.3921e-10	0.0021586	3.2394e-07	-3.233e-07	-0.0020684	-5.5145e-10	0.0020688	3.2378e-07	-3.2334e-07	-0.0019576	-5.2017e-10	0.0019572	3.24e-07	-3.2318e-07	-0.0018286	-5.7257e-10	0.0018284	3.2372e-07	-3.233e-07	-0.0016616	-5.3686e-10	0.0016636	3.2354e-07	-3.2358e-07	-0.0014586	-5.4594e-10	0.0014582	3.237e-07	-3.235e-07	-0.0012046	-6.0361e-10	0.0012052	3.2366e-07	-3.2272e-07	-0.0008912	-6.1971e-10	0.000891	3.2346e-07	-3.2272e-07	-0.00050564	-5.9283e-10	0.0005042	3.2318e-07	-3.2338e-07	-3.638e-05	-6.4087e-10	3.639e-05	3.2334e-07	-3.226e-07
0.475	-0.0024704	-5.3403e-10	0.0024708	3.2448e-07	-3.228e-07	-0.0023818	-5.3859e-10	0.0023838	3.2388e-07	-3.2352e-07	-0.0022818	-5.4761e-10	0.0022826	3.2376e-07	-3.2354e-07	-0.002159	-5.4302e-10	0.0021584	3.2412e-07	-3.2298e-07	-0.0020116	-5.7713e-10	0.0020126	3.2352e-07	-3.2338e-07	-0.0018256	-5.4859e-10	0.0018276	3.237e-07	-3.2352e-07	-0.0015996	-5.7145e-10	0.0016004	3.2372e-07	-3.2314e-07	-0.0013182	-6.1463e-10	0.0013176	3.2352e-07	-3.2258e-07	-0.00097272	-6.4773e-10	0.0009726	3.233e-07	-3.228e-07	-0.00054922	-6.1735e-10	0.00054828	3.2326e-07	-3.23e-07	-3.9204e-05	-6.7127e-10	3.9352e-05	3.2324e-07	-3.2264e-07
0.47	-0.0027248	-5.6047e-10	0.0027254	3.2442e-07	-3.2276e-07	-0.002628	-5.4095e-10	0.0026282	3.2386e-07	-3.2362e-07	-0.0025132	-5.5075e-10	0.0025144	3.2374e-07	-3.2374e-07	-0.0023756	-5.7518e-10	0.0023756	3.2408e-07	-3.2284e-07	-0.0022098	-5.7503e-10	0.002212	3.2356e-07	-3.2368e-07	-0.0020028	-5.7484e-10	0.0020032	3.2376e-07	-3.2308e-07	-0.0017502	-5.9317e-10	0.0017506	3.239e-07	-3.2304e-07	-0.0014388	-6.4236e-10	0.0014384	3.236e-07	-3.2284e-07	-0.00105716	-6.6197e-10	0.00105798	3.2318e-07	-3.2298e-07	-0.00059564	-6.4171e-10	0.00059646	3.2342e-07	-3.2292e-07	-4.2656e-05	-7.0073e-10	4.2538e-05	3.2316e-07	-3.2272e-07
0.465	-0.0029918	-5.876e-10	0.0029934	3.2426e-07	-3.229e-07	-0.0028832	-5.4524e-10	0.0028838	3.2396e-07	-3.2364e-07	-0.0027566	-5.5388e-10	0.0027548	3.2378e-07	-3.236e-07	-0.0026004	-6.02e-10	0.0026016	3.2402e-07	-3.228e-07	-0.0024156	-5.8483e-10	0.0024172	3.236e-07	-3.2366e-07	-0.0021856	-5.9673e-10	0.002187	3.239e-07	-3.229e-07	-0.001906	-6.3029e-10	0.001905	3.239e-07	-3.2286e-07	-0.0015602	-6.6672e-10	0.001561	3.2336e-07	-3.2282e-07	-0.00114308	-6.742e-10	0.00114512	3.2308e-07	-3.2316e-07	-0.00064206	-6.7521e-10	0.0006426	3.2346e-07	-3.2274e-07	-4.5424e-05	-7.1674e-10	4.5572e-05	3.2298e-07	-3.2292e-07
0.46	-0.0032812	-6.0282e-10	0.0032822	3.242e-07	-3.23e-07	-0.0031586	-5.616e-10	0.0031578	3.2416e-07	-3.2354e-07	-0.0030162	-5.6796e-10	0.0030156	3.2406e-07	-3.2352e-07	-0.0028408	-6.316e-10	0.002842	3.2402e-07	-3.2284e-07	-0.0026352	-5.9024e-10	0.0026376	3.2376e-07	-3.2356e-07	-0.0023804	-6.3099e-10	0.0023806	3.2386e-07	-3.2278e-07	-0.002069	-6.5679e-10	0.00207	3.2382e-07	-3.2286e-07	-0.0016904	-6.8337e-10	0.0016914	3.2328e-07	-3.2316e-07	-0.0012344	-6.9538e-10	0.0012366	3.2354e-07	-3.2274e-07	-0.00069092	-7.0683e-10	0.0006901	3.2334e-07	-3.2256e-07	-4.8446e-05	-7.3205e-10	4.8226e-05	3.228e-07	-3.2316e-07
0.455	-0.0035806	-6.1408e-10	0.0035816	3.2404e-07	-3.2332e-07	-0.0034454	-5.8409e-10	0.0034454	3.2424e-07	-3.2316e-07	-0.003285	-5.9223e-10	0.0032876	3.2406e-07	-3.2316e-07	-0.0030932	-6.4634e-10	0.0030922	3.2376e-07	-3.23e-07	-0.0028628	-6.112e-10	0.0028632	3.2392e-07	-3.2344e-07	-0.0025778	-6.6166e-10	0.00258	3.239e-07	-3.2278e-07	-0.0022368	-6.8798e-10	0.0022366	3.2374e-07	-3.2296e-07	-0.0018226	-6.8987e-10	0.0018214	3.231e-07	-3.2334e-07	-0.0013286	-7.0257e-10	0.0013282	3.2354e-07	-3.2256e-07	-0.00074064	-7.4076e-10	0.0007406	3.2328e-07	-3.227e-07	-5.143e-05	-7.38e-10	5.137e-05	3.2278e-07	-3.2334e-07
0.45	-0.0039032	-6.1837e-10	0.0039024	3.2392e-07	-3.2348e-07	-0.0037514	-6.0716e-10	0.00375	3.2438e-07	-3.2298e-07	-0.0035728	-6.1515e-10	0.0035718	3.2426e-07	-3.2302e-07	-0.0033558	-6.6081e-10	0.0033564	3.2364e-07	-3.2322e-07	-0.003103	-6.3508e-10	0.0031024	3.2404e-07	-3.2304e-07	-0.0027894	-6.9326e-10	0.0027884	3.2376e-07	-3.2286e-07	-0.0024118	-7.0638e-10	0.0024122	3.236e-07	-3.231e-07	-0.001959	-6.8883e-10	0.0019592	3.2312e-07	-3.236e-07	-0.0014228	-7.3414e-10	0.0014238	3.2342e-07	-3.2258e-07	-0.00079132	-7.5813e-10	0.00079084	3.231e-07	-3.2278e-07	-5.5314e-05	-7.4496e-10	5.5314e-05	3.228e-07	-3.2358e-07
0.445	-0.0042332	-6.1673e-10	0.0042336	3.2396e-07	-3.2372e-07	-0.0040636	-6.3929e-10	0.0040628	3.2438e-07	-3.228e-07	-0.0038658	-6.5188e-10	0.003867	3.2428e-07	-3.229e-07	-0.0036266	-6.6486e-10	0.0036282	3.2352e-07	-3.235e-07	-0.0033462	-6.6628e-10	0.0033468	3.2412e-07	-3.2292e-07	-0.0029982	-7.0925e-10	0.0030008	3.2356e-07	-3.2306e-07	-0.0025878	-7.2238e-10	0.0025902	3.2352e-07	-3.2338e-07	-0.0020968	-7.0042e-10	0.0020966	3.2318e-07	-3.2354e-07	-0.0015166	-7.6594e-10	0.0015176	3.233e-07	-3.2278e-07	-0.00084084	-7.7723e-10	0.00083896	3.2296e-07	-3.2308e-07	-5.7764e-05	-7.5718e-10	5.8002e-05	3.2282e-07	-3.2342e-07
0.44	-0.0045846	-6.2316e-10	0.0045834	3.2394e-07	-3.2364e-07	-0.0043972	-6.6937e-10	0.0043972	3.2424e-07	-3.228e-07	-0.0041768	-6.7608e-10	0.0041788	3.2418e-07	-3.2284e-07	-0.003912	-6.6875e-10	0.0039136	3.2358e-07	-3.2364e-07	-0.003602	-6.9733e-10	0.0036042	3.2404e-07	-3.2272e-07	-0.0032212	-7.2458e-10	0.0032232	3.2346e-07	-3.2326e-07	-0.0027732	-7.2632e-10	0.0027744	3.2326e-07	-3.2346e-07	-0.0022382	-7.1255e-10	0.0022394	3.2336e-07	-3.235e-07	-0.0016126	-7.8292e-10	0.0016152	3.2316e-07	-3.229e-07	-0.0008909	-7.8299e-10	0.00089034	3.228e-07	-3.233e-07	-6.1382e-05	-7.7448e-10	6.1388e-05	3.2306e-07	-3.234e-07
0.435	-0.0049444	-6.3313e-10	0.0049432	3.241e-07	-3.2362e-07	-0.0047356	-6.982e-10	0.0047356	3.2418e-07	-3.2286e-07	-0.004493	-7.0687e-10	0.0044938	3.241e-07	-3.2288e-07	-0.0042014	-6.7647e-10	0.0042016	3.2364e-07	-3.2362e-07	-0.0038592	-7.2912e-10	0.0038606	3.2402e-07	-3.228e-07	-0.0034434	-7.3068e-10	0.003446	3.2336e-07	-3.2346e-07	-0.0029566	-7.3015e-10	0.0029556	3.2342e-07	-3.2374e-07	-0.002379	-7.3962e-10	0.0023812	3.2352e-07	-3.233e-07	-0.0017104	-7.9919e-10	0.00171	3.2308e-07	-3.2314e-07	-0.00094166	-7.9049e-10	0.00094056	3.2288e-07	-3.2354e-07	-6.4734e-05	-8.0452e-10	6.4606e-05	3.2316e-07	-3.2312e-07
0.43	-0.0053202	-6.5729e-10	0.0053224	3.243e-07	-3.2334e-07	-0.0050916	-7.1427e-10	0.005091	3.24e-07	-3.2304e-07	-0.0048216	-7.2674e-10	0.004822	3.239e-07	-3.2294e-07	-0.0045014	-6.8932e-10	0.0045008	3.2388e-07	-3.236e-07	-0.0041256	-7.5535e-10	0.0041256	3.2384e-07	-3.229e-07	-0.0036708	-7.3727e-10	0.0036724	3.2342e-07	-3.2368e-07	-0.0031448	-7.4156e-10	0.0031448	3.234e-07	-3.2368e-07	-0.0025248	-7.64e-10	0.002526	3.2368e-07	-3.2296e-07	-0.0018088	-8.0467e-10	0.0018098	3.2294e-07	-3.2334e-07	-0.00099062	-8.0367e-10	0.00099288	3.2294e-07	-3.2354e-07	-6.8352e-05	-8.3207e-10	6.8158e-05	3.2322e-07	-3.2288e-07
0.425	-0.0057056	-6.8039e-10	0.0057028	3.2436e-07	-3.2312e-07	-0.0054502	-7.2518e-10	0.0054504	3.2386e-07	-3.2338e-07	-0.005153	-7.4159e-10	0.0051552	3.2378e-07	-3.232e-07	-0.004799	-7.1406e-10	0.004801	3.2392e-07	-3.2326e-07	-0.0043914	-7.7072e-10	0.0043926	3.2374e-07	-3.2326e-07	-0.0039014	-7.472e-10	0.0039002	3.2354e-07	-3.2364e-07	-0.0033304	-7.5715e-10	0.0033304	3.236e-07	-3.236e-07	-0.0026658	-7.9852e-10	0.0026662	3.237e-07	-3.2274e-07	-0.001903	-8.1293e-10	0.0019044	3.2306e-07	-3.2358e-07	-0.00104086	-8.1705e-10	0.00104204	3.2314e-07	-3.2332e-07	-7.1344e-05	-8.7247e-10	7.1654e-05	3.233e-07	-3.2274e-07
0.42	-0.0061064	-7.1191e-10	0.0061038	3.2442e-07	-3.2298e-07	-0.005821	-7.2966e-10	0.0058246	3.2382e-07	-3.2354e-07	-0.0055004	-7.4968e-10	0.0054986	3.236e-07	-3.2338e-07	-0.0051122	-7.3994e-10	0.0051112	3.2404e-07	-3.2298e-07	-0.0046684	-7.8594e-10	0.0046678	3.2364e-07	-3.2338e-07	-0.0041342	-7.5914e-10	0.0041338	3.2364e-07	-3.2358e-07	-0.003521	-7.8688e-10	0.0035176	3.2372e-07	-3.233e-07	-0.0028106	-8.3575e-10	0.0028124	3.2354e-07	-3.2264e-07	-0.002001	-8.2679e-10	0.0020032	3.2302e-07	-3.2348e-07	-0.00108972	-8.5089e-10	0.00108944	3.2326e-07	-3.2326e-07	-7.454e-05	-9.0759e-10	7.4466e-05	3.232e-07	-3.226e-07
0.415	-0.0065068	-7.4507e-10	0.0065078	3.2432e-07	-3.2282e-07	-0.0061996	-7.3447e-10	0.0062002	3.238e-07	-3.2368e-07	-0.0058454	-7.5139e-10	0.0058454	3.2372e-07	-3.2368e-07	-0.0054254	-7.7581e-10	0.0054222	3.2404e-07	-3.2286e-07	-0.0049368	-7.8699e-10	0.0049396	3.2354e-07	-3.235e-07	-0.0043638	-7.8736e-10	0.0043668	3.237e-07	-3.2332e-07	-0.0037044	-8.1334e-10	0.0037072	3.2382e-07	-3.2308e-07	-0.0029494	-8.7024e-10	0.0029512	3.2358e-07	-3.2272e-07	-0.0020966	-8.4381e-10	0.0020948	3.2328e-07	-3.2342e-07	-0.00113992	-8.7852e-10	0.001139	3.2334e-07	-3.228e-07	-7.7404e-05	-9.4465e-10	7.7344e-05	3.2318e-07	-3.2272e-07
0.41	-0.0069198	-7.7888e-10	0.0069234	3.2434e-07	-3.2292e-07	-0.0065886	-7.4404e-10	0.006587	3.238e-07	-3.2364e-07	-0.0062	-7.6502e-10	0.0061952	3.2372e-07	-3.2368e-07	-0.0057396	-8.0905e-10	0.00574	3.2396e-07	-3.227e-07	-0.0052158	-7.9907e-10	0.0052144	3.2364e-07	-3.2366e-07	-0.0046006	-8.1744e-10	0.0045996	3.238e-07	-3.2298e-07	-0.0038934	-8.5227e-10	0.0038944	3.239e-07	-3.2292e-07	-0.0030936	-8.9954e-10	0.003093	3.2346e-07	-3.2284e-07	-0.0021892	-8.7618e-10	0.0021902	3.233e-07	-3.2338e-07	-0.0011872	-9.0024e-10	0.0011852	3.2294e-07	-3.232e-07	-8.0438e-05	-9.7166e-10	8.0568e-05	3.2298e-07	-3.228e-07
0.405	-0.0073386	-7.9699e-10	0.0073384	3.2416e-07	-3.2296e-07	-0.0069706	-7.6111e-10	0.0069726	3.241e-07	-3.236e-07	-0.0065472	-7.7479e-10	0.0065498	3.2388e-07	-3.2362e-07	-0.00605	-8.4343e-10	0.0060496	3.24e-07	-3.2282e-07	-0.0054858	-8.0969e-10	0.0054876	3.2362e-07	-3.237e-07	-0.0048262	-8.537e-10	0.0048264	3.2386e-07	-3.228e-07	-0.0040754	-8.9084e-10	0.0040772	3.2378e-07	-3.2274e-07	-0.0032284	-9.183e-10	0.003228	3.2336e-07	-3.231e-07	-0.0022812	-9.0208e-10	0.0022806	3.2338e-07	-3.2304e-07	-0.0012322	-9.4779e-10	0.001232	3.2282e-07	-3.2338e-07	-8.315e-05	-9.9522e-10	8.3408e-05	3.2296e-07	-3.2316e-07
0.4	-0.0077654	-8.1442e-10	0.0077684	3.2404e-07	-3.2332e-07	-0.0073674	-7.8802e-10	0.0073666	3.242e-07	-3.2322e-07	-0.0069078	-8.025e-10	0.0069062	3.2412e-07	-3.2334e-07	-0.0063684	-8.6323e-10	0.00637	3.238e-07	-3.2292e-07	-0.0057614	-8.3646e-10	0.0057628	3.2396e-07	-3.2356e-07	-0.0050558	-8.8912e-10	0.0050564	3.2384e-07	-3.2266e-07	-0.0042606	-9.2641e-10	0.0042596	3.2364e-07	-3.228e-07	-0.0033654	-9.3955e-10	0.0033634	3.2312e-07	-3.232e-07	-0.0023708	-9.3204e-10	0.0023718	3.2344e-07	-3.2284e-07	-0.0012784	-9.629e-10	0.0012788	3.2294e-07	-3.2358e-07	-8.6452e-05	-1.01342e-09	8.6272e-05	3.2276e-07	-3.2332e-07
0.395	-0.008195	-8.2347e-10	0.0081938	3.2386e-07	-3.235e-07	-0.0077584	-8.1562e-10	0.0077564	3.2432e-07	-3.2314e-07	-0.0072574	-8.2782e-10	0.0072604	3.2414e-07	-3.2306e-07	-0.0066774	-8.8128e-10	0.0066814	3.2364e-07	-3.2328e-07	-0.0060322	-8.6514e-10	0.006032	3.2404e-07	-3.2322e-07	-0.0052786	-9.2563e-10	0.0052794	3.2382e-07	-3.229e-07	-0.0044386	-9.4928e-10	0.0044372	3.2354e-07	-3.2302e-07	-0.003497	-9.4553e-10	0.003497	3.2314e-07	-3.2356e-07	-0.0024588	-9.7345e-10	0.00246	3.2348e-07	-3.2268e-07	-0.001322	-9.7834e-10	0.0013228	3.23e-07	-3.2346e-07	-8.9074e-05	-1.0236e-09	8.8896e-05	3.2288e-07	-3.2354e-07
0.39	-0.0086266	-8.2756e-10	0.0086284	3.2392e-07	-3.238e-07	-0.0081544	-8.5185e-10	0.0081562	3.243e-07	-3.2302e-07	-0.007616	-8.642e-10	0.0076136	3.2418e-07	-3.2292e-07	-0.0069958	-8.8872e-10	0.0069922	3.235e-07	-3.2342e-07	-0.0062998	-8.9736e-10	0.0062994	3.2414e-07	-3.2302e-07	-0.0055006	-9.5303e-10	0.0055026	3.2354e-07	-3.229e-07	-0.0046132	-9.7079e-10	0.0046158	3.2344e-07	-3.2328e-07	-0.0036264	-9.6015e-10	0.0036256	3.2314e-07	-3.235e-07	-0.0025458	-1.01185e-09	0.002546	3.2342e-07	-3.2264e-07	-0.0013652	-1.0026e-09	0.0013646	3.2318e-07	-3.2338e-07	-9.1754e-05	-1.0429e-09	9.1844e-05	3.2288e-07	-3.2346e-07
0.385	-0.009053	-8.3799e-10	0.0090534	3.24e-07	-3.2378e-07	-0.0085436	-8.8484e-10	0.0085434	3.2424e-07	-3.2286e-07	-0.0079668	-9.0209e-10	0.0079658	3.2414e-07	-3.2274e-07	-0.0072986	-8.9883e-10	0.007299	3.2354e-07	-3.2364e-07	-0.0065624	-9.3759e-10	0.0065626	3.24e-07	-3.227e-07	-0.0057192	-9.7427e-10	0.0057194	3.2348e-07	-3.2328e-07	-0.0047834	-9.8533e-10	0.0047826	3.232e-07	-3.2334e-07	-0.003754	-9.7465e-10	0.0037544	3.2328e-07	-3.2346e-07	-0.0026262	-1.0551e-09	0.0026286	3.2342e-07	-3.227e-07	-0.0014052	-1.04013e-09	0.0014078	3.2322e-07	-3.2302e-07	-9.4006e-05	-1.06257e-09	9.4186e-05	3.23e-07	-3.235e-07
0.38	-0.0094834	-8.4961e-10	0.0094902	3.2408e-07	-3.2372e-07	-0.0089378	-9.2031e-10	0.0089352	3.242e-07	-3.23e-07	-0.0083132	-9.3582e-10	0.0083154	3.2414e-07	-3.2288e-07	-0.0076066	-9.1475e-10	0.0076066	3.236e-07	-3.2366e-07	-0.006822	-9.7526e-10	0.006823	3.2394e-07	-3.228e-07	-0.0059332	-9.8659e-10	0.0059358	3.234e-07	-3.234e-07	-0.004954	-9.9528e-10	0.0049546	3.2328e-07	-3.2366e-07	-0.0038782	-1.00545e-09	0.0038772	3.2352e-07	-3.2344e-07	-0.002707	-1.0858e-09	0.0027074	3.2324e-07	-3.2286e-07	-0.0014464	-1.0999e-09	0.0014452	3.2274e-07	-3.2318e-07	-9.606e-05	-1.1431e-09	9.698e-05	3.2294e-07	-3.2284e-07
0.375	-0.0099122	-8.7993e-10	0.0099118	3.2424e-07	-3.235e-07	-0.0093232	-9.4351e-10	0.0093226	3.2406e-07	-3.2304e-07	-0.0086552	-9.6384e-10	0.0086572	3.24e-07	-3.2298e-07	-0.0079018	-9.3212e-10	0.0079026	3.2382e-07	-3.2354e-07	-0.007075	-1.01154e-09	0.0070754	3.2372e-07	-3.2292e-07	-0.00614	-9.9778e-10	0.006139	3.234e-07	-3.2364e-07	-0.005112	-1.01309e-09	0.0051142	3.2336e-07	-3.2358e-07	-0.0039954	-1.04259e-09	0.003996	3.2364e-07	-3.2302e-07	-0.002785	-1.11003e-09	0.002786	3.231e-07	-3.2312e-07	-0.0014856	-1.1143e-09	0.0014856	3.2292e-07	-3.2338e-07	-9.8812e-05	-1.1706e-09	9.9124e-05	3.2284e-07	-3.2312e-07
0.37	-0.0103428	-9.0446e-10	0.010344	3.243e-07	-3.2308e-07	-0.0097024	-9.6392e-10	0.0097032	3.2388e-07	-3.2332e-07	-0.0089968	-9.8407e-10	0.0089976	3.2382e-07	-3.2324e-07	-0.0081954	-9.6496e-10	0.0081946	3.239e-07	-3.2332e-07	-0.0073234	-1.03205e-09	0.0073248	3.2366e-07	-3.2312e-07	-0.0063436	-1.01522e-09	0.0063444	3.2342e-07	-3.2366e-07	-0.0052742	-1.03249e-09	0.0052754	3.2344e-07	-3.235e-07	-0.0041104	-1.0913e-09	0.0041122	3.2312e-07	-3.2344e-07	-0.0028626	-1.12855e-09	0.0028622	3.2298e-07	-3.2328e-07	-0.0015244	-1.1371e-09	0.0015242	3.2298e-07	-3.2352e-07	-0.00010125	-1.1882e-09	0.000101616	3.2274e-07	-3.2334e-07
0.365	-0.0107566	-9.412e-10	0.0107588	3.244e-07	-3.2298e-07	-0.01008	-9.7601e-10	0.0100788	3.2372e-07	-3.2352e-07	-0.0093278	-9.9975e-10	0.009328	3.2372e-07	-3.2338e-07	-0.0084826	-9.9204e-10	0.0084824	3.2394e-07	-3.2298e-07	-0.0075626	-1.05476e-09	0.0075622	3.2354e-07	-3.2336e-07	-0.0065378	-1.0358e-09	0.0065406	3.2354e-07	-3.235e-07	-0.0054266	-1.1155e-09	0.0054274	3.2346e-07	-3.2308e-07	-0.0042226	-1.1095e-09	0.0042234	3.2312e-07	-3.2362e-07	-0.002933	-1.1533e-09	0.0029352	3.2346e-07	-3.2272e-07	-0.0015576	-1.1602e-09	0.0015608	3.231e-07	-3.234e-07	-0.00010339	-1.2092e-09	0.000103506	3.2282e-07	-3.2358e-07
0.36	-0.0111744	-9.7801e-10	0.0111742	3.2432e-07	-3.2284e-07	-0.0104514	-9.8082e-10	0.010453	3.2384e-07	-3.238e-07	-0.0096522	-1.00677e-09	0.0096546	3.2372e-07	-3.237e-07	-0.0087632	-1.03741e-09	0.0087648	3.2414e-07	-3.2286e-07	-0.0078018	-1.06605e-09	0.0077982	3.2352e-07	-3.236e-07	-0.0067322	-1.114e-09	0.0067338	3.2352e-07	-3.2302e-07	-0.0055766	-1.1404e-09	0.0055788	3.2334e-07	-3.2328e-07	-0.004333	-1.1326e-09	0.0043354	3.2318e-07	-3.2368e-07	-0.0030036	-1.196e-09	0.0030068	3.2336e-07	-3.2256e-07	-0.0015942	-1.1944e-09	0.0015956	3.2306e-07	-3.2326e-07	-0.000105444	-1.2352e-09	0.000105342	3.2294e-07	-3.2364e-07
0.355	-0.01155	-9.778e-10	0.011576	3.2388e-07	-3.2372e-07	-0.0108144	-9.9539e-10	0.010813	3.239e-07	-3.238e-07	-0.0099712	-1.02542e-09	0.0099712	3.2376e-07	-3.238e-07	-0.0090336	-1.07718e-09	0.0090348	3.2394e-07	-3.2276e-07	-0.0080256	-1.08004e-09	0.0080274	3.2354e-07	-3.237e-07	-0.0069162	-1.1429e-09	0.0069174	3.2348e-07	-3.2332e-07	-0.005718	-1.1538e-09	0.0057212	3.2324e-07	-3.235e-07	-0.0044376	-1.1561e-09	0.0044378	3.233e-07	-3.2342e-07	-0.0030716	-1.2422e-09	0.003072	3.2338e-07	-3.2274e-07	-0.0016292	-1.2355e-09	0.0016274	3.2324e-07	-3.2304e-07	-0.000107912	-1.262e-09	0.000107968	3.231e-07	-3.2352e-07
0.35	-0.011958	-1.0146e-09	0.011976	3.238e-07	-3.238e-07	-0.0111688	-1.01519e-09	0.0111686	3.2396e-07	-3.237e-07	-0.0102826	-1.04377e-09	0.0102846	3.238e-07	-3.2362e-07	-0.0093034	-1.11911e-09	0.0093026	3.2396e-07	-3.2286e-07	-0.0082498	-1.1507e-09	0.0082512	3.2394e-07	-3.2296e-07	-0.0070958	-1.1604e-09	0.007095	3.233e-07	-3.2356e-07	-0.0058596	-1.1756e-09	0.0058592	3.2336e-07	-3.2368e-07	-0.0045408	-1.1982e-09	0.0045378	3.2346e-07	-3.2332e-07	-0.0031388	-1.282e-09	0.0031368	3.2322e-07	-3.2268e-07	-0.0016624	-1.2743e-09	0.0016602	3.2334e-07	-3.2284e-07	-0.00010958	-1.3084e-09	0.00010962	3.2322e-07	-3.2332e-07
0.345	-0.01235	-1.0173e-09	0.012368	3.24e-07	-3.2376e-07	-0.011488	-1.0587e-09	0.011508	3.2422e-07	-3.2312e-07	-0.0105832	-1.1225e-09	0.0105874	3.2382e-07	-3.2314e-07	-0.009558	-1.1434e-09	0.009558	3.236e-07	-3.2332e-07	-0.0084618	-1.1842e-09	0.0084676	3.237e-07	-3.2308e-07	-0.0072686	-1.1767e-09	0.0072698	3.233e-07	-3.2368e-07	-0.005994	-1.1987e-09	0.0059938	3.2334e-07	-3.2362e-07	-0.0046366	-1.237e-09	0.0046362	3.2354e-07	-3.2298e-07	-0.003199	-1.3144e-09	0.0032014	3.2316e-07	-3.2292e-07	-0.001692	-1.3264e-09	0.001692	3.2334e-07	-3.2266e-07	-0.000111746	-1.3513e-09	0.000112096	3.2324e-07	-3.2302e-07
0.34	-0.012732	-1.0445e-09	0.01275	3.2418e-07	-3.2352e-07	-0.011828	-1.0948e-09	0.01185	3.2436e-07	-3.2296e-07	-0.0108774	-1.1507e-09	0.0108784	3.237e-07	-3.2334e-07	-0.0098102	-1.1587e-09	0.0098106	3.2354e-07	-3.236e-07	-0.008672	-1.2107e-09	0.0086738	3.236e-07	-3.2324e-07	-0.0074372	-1.1979e-09	0.0074406	3.2338e-07	-3.237e-07	-0.0061246	-1.2276e-09	0.0061258	3.2346e-07	-3.2352e-07	-0.004729	-1.2782e-09	0.0047294	3.2364e-07	-3.2294e-07	-0.003261	-1.3472e-09	0.003262	3.2304e-07	-3.232e-07	-0.0017202	-1.373e-09	0.001719	3.233e-07	-3.2248e-07	-0.000113814	-1.399e-09	0.000114112	3.2344e-07	-3.2286e-07
0.335	-0.013102	-1.0746e-09	0.01312	3.2428e-07	-3.2314e-07	-0.012152	-1.1358e-09	0.012174	3.2428e-07	-3.2278e-07	-0.0111608	-1.1637e-09	0.011159	3.2366e-07	-3.2362e-07	-0.010051	-1.18e-09	0.0100492	3.2358e-07	-3.2372e-07	-0.0088706	-1.2352e-09	0.0088712	3.2348e-07	-3.2338e-07	-0.0075978	-1.2248e-09	0.0075982	3.2354e-07	-3.2352e-07	-0.0062468	-1.2659e-09	0.0062466	3.2366e-07	-3.2334e-07	-0.0048168	-1.3282e-09	0.0048212	3.2364e-07	-3.2266e-07	-0.003321	-1.3645e-09	0.0033192	3.2294e-07	-3.2336e-07	-0.0017486	-1.4223e-09	0.0017474	3.232e-07	-3.2266e-07	-0.000114998	-1.4489e-09	0.000115004	3.2328e-07	-3.2258e-07
0.33	-0.01347	-1.1168e-09	0.01349	3.2438e-07	-3.2294e-07	-0.01248	-1.1788e-09	0.0125	3.242e-07	-3.2298e-07	-0.0114374	-1.1835e-09	0.0114372	3.2374e-07	-3.2382e-07	-0.0102826	-1.2024e-09	0.0102846	3.2358e-07	-3.2364e-07	-0.0090658	-1.2516e-09	0.0090654	3.2342e-07	-3.2354e-07	-0.0077546	-1.2696e-09	0.0077532	3.2372e-07	-3.2344e-07	-0.0063674	-1.3112e-09	0.0063674	3.2372e-07	-3.2308e-07	-0.0049078	-1.3748e-09	0.0049066	3.236e-07	-3.2274e-07	-0.0033744	-1.3902e-09	0.0033734	3.23e-07	-3.2358e-07	-0.0017768	-1.4694e-09	0.001777	3.2316e-07	-3.2276e-07	-0.000115	-1.5062e-09	0.00012094	3.2338e-07	-3.234e-07
0.325	-0.013812	-1.1646e-09	0.013836	3.2428e-07	-3.2268e-07	-0.012784	-1.2222e-09	0.012802	3.2406e-07	-3.23e-07	-0.01168	-1.2524e-09	0.011696	3.2388e-07	-3.2296e-07	-0.010505	-1.228e-09	0.0105072	3.2374e-07	-3.2356e-07	-0.0092502	-1.2782e-09	0.0092516	3.235e-07	-3.2374e-07	-0.007902	-1.3081e-09	0.0079042	3.2384e-07	-3.2302e-07	-0.0064824	-1.357e-09	0.0064844	3.2382e-07	-3.2278e-07	-0.004988	-1.4264e-09	0.004989	3.2348e-07	-3.229e-07	-0.0034306	-1.4203e-09	0.0034288	3.23e-07	-3.235e-07	-0.0018022	-1.5081e-09	0.0018046	3.2304e-07	-3.229e-07	-0.00012032	-1.5176e-09	0.0001199	3.2274e-07	-3.2354e-07
0.32	-0.01416	-1.2215e-09	0.014176	3.2432e-07	-3.2286e-07	-0.013086	-1.2479e-09	0.013104	3.2402e-07	-3.2334e-07	-0.011938	-1.2802e-09	0.011956	3.2384e-07	-3.2326e-07	-0.0107266	-1.2711e-09	0.0107282	3.2384e-07	-3.2338e-07	-0.0094324	-1.3045e-09	0.0094322	3.2356e-07	-3.2352e-07	-0.0080472	-1.3544e-09	0.0080502	3.2388e-07	-3.2292e-07	-0.0065946	-1.4066e-09	0.0065936	3.2378e-07	-3.226e-07	-0.005067	-1.4688e-09	0.005068	3.233e-07	-3.229e-07	-0.0034806	-1.4536e-09	0.0034804	3.2308e-07	-3.2338e-07	-0.001828	-1.5481e-09	0.001828	3.229e-07	-3.2318e-07	-0.000119	-1.5503e-09	0.00012034	3.2282e-07	-3.2348e-07
0.315	-0.014486	-1.2635e-09	0.014508	3.2412e-07	-3.2298e-07	-0.01337	-1.2732e-09	0.013394	3.2384e-07	-3.2354e-07	-0.01218	-1.3078e-09	0.012206	3.2364e-07	-3.2344e-07	-0.0109354	-1.3133e-09	0.010933	3.2402e-07	-3.2308e-07	-0.0096042	-1.3379e-09	0.0096038	3.2378e-07	-3.2358e-07	-0.0081882	-1.4049e-09	0.0081858	3.2384e-07	-3.2278e-07	-0.006698	-1.4559e-09	0.0066974	3.2364e-07	-3.2274e-07	-0.0051456	-1.5045e-09	0.0051432	3.2324e-07	-3.232e-07	-0.0035266	-1.5023e-09	0.0035292	3.2338e-07	-3.2324e-07	-0.0018542	-1.5741e-09	0.0018544	3.228e-07	-3.2334e-07	-0.00012166	-1.5901e-09	0.00012412	3.2304e-07	-3.2336e-07
0.31	-0.014812	-1.2929e-09	0.014832	3.2402e-07	-3.2332e-07	-0.013654	-1.2905e-09	0.013668	3.2372e-07	-3.237e-07	-0.012422	-1.3217e-09	0.012442	3.2366e-07	-3.237e-07	-0.0111374	-1.3577e-09	0.0111388	3.2416e-07	-3.23e-07	-0.0097714	-1.3843e-09	0.0097704	3.2382e-07	-3.2324e-07	-0.0083212	-1.4544e-09	0.0083242	3.2378e-07	-3.2284e-07	-0.0068022	-1.5095e-09	0.0068006	3.236e-07	-3.2286e-07	-0.0052204	-1.5367e-09	0.005219	3.231e-07	-3.2324e-07	-0.0035736	-1.5533e-09	0.0035758	3.2342e-07	-3.2298e-07	-0.0018754	-1.6066e-09	0.0018778	3.2288e-07	-3.2358e-07	-0.00012424	-1.6437e-09	0.0001245	3.2314e-07	-3.2316e-07
0.305	-0.015122	-1.3152e-09	0.015138	3.2378e-07	-3.2348e-07	-0.013922	-1.3154e-09	0.01394	3.2384e-07	-3.238e-07	-0.012652	-1.3458e-09	0.012674	3.237e-07	-3.237e-07	-0.0113312	-1.4062e-09	0.0113294	3.2406e-07	-3.2284e-07	-0.0099328	-1.4297e-09	0.0099322	3.2396e-07	-3.231e-07	-0.0084484	-1.5079e-09	0.0084454	3.2376e-07	-3.229e-07	-0.006899	-1.5497e-09	0.0069006	3.2342e-07	-3.2298e-07	-0.005288	-1.5626e-09	0.0052902	3.2318e-07	-3.2346e-07	-0.00362	-1.6069e-09	0.003622	3.2358e-07	-3.228e-07	-0.0018988	-1.6435e-09	0.0019006	3.2292e-07	-3.2346e-07	-0.0001254	-1.6906e-09	0.00012674	3.232e-07	-3.2284e-07
0.3	-0.015416	-1.3285e-09	0.015444	3.2388e-07	-3.2376e-07	-0.014184	-1.3405e-09	0.014204	3.2396e-07	-3.2368e-07	-0.012878	-1.3759e-09	0.012896	3.2388e-07	-3.2358e-07	-0.011496	-1.4254e-09	0.011516	3.24e-07	-3.232e-07	-0.0100834	-1.4844e-09	0.010088	3.24e-07	-3.2296e-07	-0.0085696	-1.5456e-09	0.0085692	3.2354e-07	-3.229e-07	-0.0069932	-1.5863e-09	0.0069948	3.2328e-07	-3.2324e-07	-0.0053572	-1.5969e-09	0.0053594	3.2308e-07	-3.2352e-07	-0.0036658	-1.6648e-09	0.0036654	3.2352e-07	-3.2262e-07	-0.0019208	-1.6824e-09	0.0019176	3.2298e-07	-3.2338e-07	-0.00012892	-1.7527e-09	0.00012706	3.233e-07	-3.227e-07
0.295	-0.015714	-1.352e-09	0.015726	3.2384e-07	-3.238e-07	-0.014432	-1.3819e-09	0.014454	3.2412e-07	-3.2352e-07	-0.013092	-1.4256e-09	0.013114	3.2408e-07	-3.2336e-07	-0.011674	-1.4731e-09	0.011696	3.2406e-07	-3.2306e-07	-0.0102364	-1.5351e-09	0.010234	3.2392e-07	-3.2278e-07	-0.0086864	-1.5859e-09	0.0086872	3.2346e-07	-3.2328e-07	-0.0070844	-1.6184e-09	0.0070858	3.2326e-07	-3.2346e-07	-0.005421	-1.6334e-09	0.0054228	3.2324e-07	-3.2358e-07	-0.003707	-1.7203e-09	0.0037092	3.2336e-07	-3.2268e-07	-0.0019404	-1.7351e-09	0.0019386	3.2316e-07	-3.2328e-07	-0.00012858	-1.8145e-09	0.00013094	3.2324e-07	-3.2246e-07
0.29	-0.015992	-1.3718e-09	0.016006	3.2406e-07	-3.2382e-07	-0.014674	-1.427e-09	0.014696	3.2432e-07	-3.2316e-07	-0.013298	-1.4693e-09	0.013312	3.2414e-07	-3.2312e-07	-0.011852	-1.5258e-09	0.011868	3.2412e-07	-3.2284e-07	-0.0103766	-1.5893e-09	0.0103766	3.2394e-07	-3.2278e-07	-0.0088042	-1.6199e-09	0.0088022	3.2334e-07	-3.2336e-07	-0.0071716	-1.6487e-09	0.0071728	3.2328e-07	-3.236e-07	-0.0054844	-1.6777e-09	0.0054842	3.2338e-07	-3.2346e-07	-0.0037506	-1.7793e-09	0.0037486	3.234e-07	-3.2278e-07	-0.0019606	-1.7893e-09	0.0019616	3.2328e-07	-3.2296e-07	-0.00012982	-1.8777e-09	0.0001325	3.2322e-07	-3.2266e-07
0.285	-0.016258	-1.4156e-09	0.016276	3.242e-07	-3.2356e-07	-0.014902	-1.4805e-09	0.014926	3.243e-07	-3.2292e-07	-0.01349	-1.527e-09	0.013514	3.2416e-07	-3.2288e-07	-0.012012	-1.58e-09	0.012032	3.2398e-07	-3.2278e-07	-0.0105108	-1.6413e-09	0.01051	3.2372e-07	-3.229e-07	-0.00891	-1.6491e-09	0.008914	3.2334e-07	-3.2366e-07	-0.0072558	-1.6872e-09	0.0072562	3.2334e-07	-3.2356e-07	-0.0055432	-1.7339e-09	0.0055448	3.235e-07	-3.2312e-07	-0.0037878	-1.8283e-09	0.0037882	3.2318e-07	-3.2278e-07	-0.001979	-1.848e-09	0.001981	3.234e-07	-3.2278e-07	-0.00013266	-1.9398e-09	0.0001288	3.2306e-07	-3.2274e-07
0.28	-0.01652	-1.4602e-09	0.016536	3.2432e-07	-3.2322e-07	-0.015132	-1.534e-09	0.015152	3.2422e-07	-3.2288e-07	-0.013686	-1.579e-09	0.013706	3.2406e-07	-3.2286e-07	-0.012176	-1.6332e-09	0.012198	3.2384e-07	-3.2298e-07	-0.0106448	-1.6843e-09	0.0106452	3.2362e-07	-3.2304e-07	-0.0090146	-1.6849e-09	0.0090162	3.2338e-07	-3.2358e-07	-0.0073344	-1.7236e-09	0.0073366	3.2344e-07	-3.2352e-07	-0.005604	-1.7892e-09	0.0056032	3.2354e-07	-3.2288e-07	-0.0038236	-1.8759e-09	0.0038266	3.2306e-07	-3.2318e-07	-0.0019964	-1.9143e-09	0.0019996	3.2336e-07	-3.2254e-07	-0.00013366	-1.9909e-09	0.00013258	3.2298e-07	-3.2286e-07
0.275	-0.016762	-1.5173e-09	0.016782	3.244e-07	-3.2304e-07	-0.015342	-1.5884e-09	0.015362	3.2414e-07	-3.2298e-07	-0.013868	-1.6349e-09	0.01389	3.2408e-07	-3.23e-07	-0.012328	-1.6797e-09	0.012352	3.2376e-07	-3.2318e-07	-0.0107708	-1.7242e-09	0.0107746	3.2354e-07	-3.234e-07	-0.0091154	-1.7199e-09	0.009117	3.2346e-07	-3.235e-07	-0.0074142	-1.7782e-09	0.0074116	3.2364e-07	-3.2344e-07	-0.005658	-1.8521e-09	0.005662	3.2354e-07	-3.228e-07	-0.0038604	-1.9187e-09	0.0038636	3.2294e-07	-3.2326e-07	-0.0020184	-1.9775e-09	0.002018	3.2324e-07	-3.2258e-07	-0.00013448	-2.0437e-09	0.0001323	3.2286e-07	-3.2306e-07
0.27	-0.017002	-1.5727e-09	0.017022	3.2438e-07	-3.2292e-07	-0.01555	-1.6351e-09	0.01557	3.2396e-07	-3.2308e-07	-0.014042	-1.6767e-09	0.014062	3.2382e-07	-3.2304e-07	-0.012472	-1.7164e-09	0.0125	3.2366e-07	-3.2344e-07	-0.0108908	-1.7545e-09	0.0108896	3.2342e-07	-3.2358e-07	-0.0092134	-1.772e-09	0.0092116	3.2368e-07	-3.235e-07	-0.007488	-1.8319e-09	0.0074876	3.237e-07	-3.231e-07	-0.0057116	-1.9142e-09	0.00571	3.2354e-07	-3.2262e-07	-0.003892	-1.9568e-09	0.0038928	3.2296e-07	-3.2338e-07	-0.002032	-2.0415e-09	0.0020326	3.233e-07	-3.2274e-07	-0.00013418	-2.0902e-09	0.00013552	3.2268e-07	-3.2318e-07
0.265	-0.017226	-1.6347e-09	0.017254	3.2432e-07	-3.2296e-07	-0.015746	-1.6764e-09	0.015766	3.2386e-07	-3.2348e-07	-0.014208	-1.7194e-09	0.014234	3.2376e-07	-3.2348e-07	-0.012612	-1.7436e-09	0.01264	3.236e-07	-3.2366e-07	-0.0110068	-1.7937e-09	0.0110094	3.2344e-07	-3.2382e-07	-0.0093068	-1.8293e-09	0.0093074	3.2374e-07	-3.2316e-07	-0.0075568	-1.888e-09	0.0075576	3.2382e-07	-3.23e-07	-0.005764	-1.9792e-09	0.0057642	3.2354e-07	-3.2278e-07	-0.0039272	-2.0041e-09	0.0039254	3.23e-07	-3.2352e-07	-0.0020512	-2.101e-09	0.0020476	3.2312e-07	-3.2274e-07	-0.00013768	-2.1283e-09	0.0001337	3.2274e-07	-3.2344e-07
0.26	-0.01745	-1.6817e-09	0.017476	3.2414e-07	-3.2302e-07	-0.01594	-1.7069e-09	0.01596	3.2372e-07	-3.2358e-07	-0.014374	-1.7519e-09	0.0144	3.2364e-07	-3.2362e-07	-0.01275	-1.7807e-09	0.012774	3.2354e-07	-3.2368e-07	-0.0111192	-1.8354e-09	0.0111166	3.2354e-07	-3.2372e-07	-0.0093926	-1.8831e-09	0.0093974	3.2382e-07	-3.2298e-07	-0.0076276	-1.9579e-09	0.0076244	3.2372e-07	-3.2284e-07	-0.005812	-2.0403e-09	0.005812	3.2336e-07	-3.2282e-07	-0.003957	-2.0519e-09	0.0039588	3.2314e-07	-3.2352e-07	-0.0020652	-2.1533e-09	0.0020674	3.2292e-07	-3.2302e-07	-0.00013586	-2.1775e-09	0.00013852	3.2274e-07	-3.2346e-07
0.255	-0.017668	-1.7227e-09	0.017686	3.2396e-07	-3.2334e-07	-0.016126	-1.7376e-09	0.016144	3.2372e-07	-3.2386e-07	-0.014536	-1.7844e-09	0.014556	3.2376e-07	-3.2388e-07	-0.012884	-1.8199e-09	0.0129	3.2368e-07	-3.2362e-07	-0.011225	-1.8763e-09	0.0112244	3.236e-07	-3.2352e-07	-0.009481	-1.9572e-09	0.0094818	3.2376e-07	-3.2288e-07	-0.0076936	-2.0219e-09	0.0076918	3.2372e-07	-3.2274e-07	-0.0058582	-2.0933e-09	0.0058578	3.233e-07	-3.231e-07	-0.003988	-2.1033e-09	0.0039898	3.233e-07	-3.2346e-07	-0.0020794	-2.2035e-09	0.0020812	3.2286e-07	-3.232e-07	-0.00013774	-2.2258e-09	0.00013874	3.2292e-07	-3.2336e-07
0.25	-0.017872	-1.7575e-09	0.01789	3.2372e-07	-3.2358e-07	-0.016296	-1.7732e-09	0.016318	3.238e-07	-3.2372e-07	-0.014682	-1.8234e-09	0.014702	3.2376e-07	-3.2374e-07	-0.01301	-1.8739e-09	0.01303	3.2382e-07	-3.235e-07	-0.0113278	-1.9317e-09	0.0113294	3.2384e-07	-3.2346e-07	-0.0095632	-2.0226e-09	0.0095634	3.2372e-07	-3.2272e-07	-0.007755	-2.0897e-09	0.0077536	3.2366e-07	-3.2294e-07	-0.005906	-2.1421e-09	0.0059054	3.2312e-07	-3.2328e-07	-0.0040188	-2.1686e-09	0.004019	3.2342e-07	-3.2322e-07	-0.0020922	-2.2462e-09	0.002095	3.2286e-07	-3.234e-07	-0.00013678	-2.2934e-09	0.0001385	3.2308e-07	-3.2326e-07
0.245	-0.018068	-1.7952e-09	0.018092	3.2384e-07	-3.239e-07	-0.016474	-1.822e-09	0.016498	3.2406e-07	-3.2362e-07	-0.014826	-1.8723e-09	0.014846	3.2396e-07	-3.237e-07	-0.013134	-1.9346e-09	0.013148	3.2396e-07	-3.2312e-07	-0.0114278	-1.9892e-09	0.0114302	3.2386e-07	-3.2312e-07	-0.009641	-2.0858e-09	0.0096428	3.237e-07	-3.2288e-07	-0.0078174	-2.1511e-09	0.0078134	3.2346e-07	-3.229e-07	-0.0059484	-2.1856e-09	0.0059478	3.2304e-07	-3.2346e-07	-0.004047	-2.236e-09	0.0040476	3.2352e-07	-3.2298e-07	-0.0021076	-2.3018e-09	0.0021098	3.2286e-07	-3.2346e-07	-0.00013968	-2.3649e-09	0.00014008	3.2322e-07	-3.2302e-07
0.24	-0.01826	-1.8278e-09	0.018276	3.2388e-07	-3.238e-07	-0.016636	-1.8805e-09	0.016658	3.2414e-07	-3.2338e-07	-0.014968	-1.9326e-09	0.014984	3.2406e-07	-3.2328e-07	-0.01325	-1.9977e-09	0.013266	3.24e-07	-3.2292e-07	-0.011496	-2.0821e-09	0.01152	3.2354e-07	-3.2332e-07	-0.0097182	-2.1491e-09	0.0097168	3.2362e-07	-3.2296e-07	-0.0078748	-2.2051e-09	0.0078724	3.234e-07	-3.232e-07	-0.0059868	-2.2334e-09	0.0059904	3.231e-07	-3.237e-07	-0.0040744	-2.3089e-09	0.0040734	3.2358e-07	-3.2278e-07	-0.002123	-2.3557e-09	0.002123	3.229e-07	-3.2334e-07	-0.00014192	-2.4366e-09	0.00014116	3.2332e-07	-3.2278e-07
0.235	-0.018442	-1.8669e-09	0.018462	3.241e-07	-3.2376e-07	-0.016788	-1.9363e-09	0.016814	3.2432e-07	-3.231e-07	-0.015104	-1.9923e-09	0.015124	3.2424e-07	-3.2316e-07	-0.01336	-2.0707e-09	0.013378	3.24e-07	-3.2268e-07	-0.011594	-2.1289e-09	0.011614	3.2338e-07	-3.2352e-07	-0.0097922	-2.2021e-09	0.009797	3.2348e-07	-3.2314e-07	-0.0079276	-2.2606e-09	0.0079298	3.233e-07	-3.2332e-07	-0.006034	-2.2882e-09	0.0060318	3.2318e-07	-3.2358e-07	-0.0041004	-2.3859e-09	0.0041016	3.235e-07	-3.2258e-07	-0.002135	-2.4259e-09	0.0021364	3.2312e-07	-3.2326e-07	-0.00014284	-2.5223e-09	0.00014384	3.2328e-07	-3.2266e-07
0.23	-0.018614	-1.9241e-09	0.018638	3.2418e-07	-3.2336e-07	-0.01694	-2.0054e-09	0.016964	3.2428e-07	-3.229e-07	-0.015228	-2.0656e-09	0.01525	3.2418e-07	-3.2286e-07	-0.013464	-2.1385e-09	0.013492	3.2396e-07	-3.2292e-07	-0.011682	-2.1706e-09	0.011704	3.2346e-07	-3.2374e-07	-0.0098614	-2.2584e-09	0.0098618	3.2336e-07	-3.2332e-07	-0.0079826	-2.3042e-09	0.0079838	3.2326e-07	-3.2348e-07	-0.0060672	-2.3458e-09	0.006068	3.2332e-07	-3.2352e-07	-0.0041254	-2.4606e-09	0.0041228	3.2342e-07	-3.2278e-07	-0.0021476	-2.5021e-09	0.0021462	3.2312e-07	-3.2296e-07	-0.00014234	-2.6005e-09	0.00014204	3.2324e-07	-3.226e-07
0.225	-0.018784	-1.9853e-09	0.018806	3.2432e-07	-3.232e-07	-0.017086	-2.0742e-09	0.017108	3.2426e-07	-3.2302e-07	-0.015352	-2.1353e-09	0.015372	3.2414e-07	-3.2292e-07	-0.013572	-2.2049e-09	0.013596	3.2382e-07	-3.2296e-07	-0.011764	-2.2232e-09	0.01179	3.2354e-07	-3.2372e-07	-0.0099318	-2.3027e-09	0.0099282	3.233e-07	-3.2352e-07	-0.0080378	-2.3588e-09	0.0080356	3.2324e-07	-3.2376e-07	-0.006107	-2.4174e-09	0.0061046	3.2336e-07	-3.232e-07	-0.0041488	-2.5385e-09	0.00415	3.2332e-07	-3.2278e-07	-0.0021588	-2.5749e-09	0.0021606	3.2324e-07	-3.2276e-07	-0.0001425	-2.6867e-09	0.00014342	3.2316e-07	-3.2268e-07
0.22	-0.018944	-2.0539e-09	0.018962	3.2434e-07	-3.2292e-07	-0.017228	-2.1441e-09	0.017246	3.2414e-07	-3.2308e-07	-0.015468	-2.2067e-09	0.01549	3.2404e-07	-3.2302e-07	-0.013668	-2.2597e-09	0.013692	3.2372e-07	-3.2338e-07	-0.01185	-2.2786e-09	0.01187	3.237e-07	-3.2358e-07	-0.0099976	-2.3568e-09	0.009996	3.234e-07	-3.2378e-07	-0.008087	-2.4145e-09	0.0080856	3.2332e-07	-3.2364e-07	-0.0061432	-2.4902e-09	0.0061456	3.235e-07	-3.2294e-07	-0.0041746	-2.6035e-09	0.0041688	3.2324e-07	-3.2302e-07	-0.0021682	-2.6556e-09	0.0021732	3.2328e-07	-3.2262e-07	-0.00014122	-2.7618e-09	0.00014118	3.2298e-07	-3.2278e-07
0.215	-0.019104	-2.1252e-09	0.019124	3.2442e-07	-3.2302e-07	-0.017362	-2.1996e-09	0.017384	3.2404e-07	-3.2326e-07	-0.015582	-2.2586e-09	0.015608	3.2382e-07	-3.232e-07	-0.013764	-2.3089e-09	0.013788	3.2366e-07	-3.2356e-07	-0.011928	-2.3497e-09	0.011948	3.2388e-07	-3.2322e-07	-0.0100566	-2.4127e-09	0.0100564	3.2338e-07	-3.2364e-07	-0.0081342	-2.4755e-09	0.0081348	3.235e-07	-3.2356e-07	-0.006177	-2.572e-09	0.00618	3.237e-07	-3.228e-07	-0.0041968	-2.6695e-09	0.004198	3.232e-07	-3.2332e-07	-0.0021802	-2.7423e-09	0.0021822	3.2334e-07	-3.2254e-07	-0.0001456	-2.8334e-09	0.00014142	3.2288e-07	-3.2298e-07
0.21	-0.01925	-2.2016e-09	0.019276	3.243e-07	-3.2312e-07	-0.01749	-2.2534e-09	0.017514	3.2386e-07	-3.2352e-07	-0.015692	-2.3151e-09	0.015718	3.2372e-07	-3.2344e-07	-0.013858	-2.3551e-09	0.013878	3.2354e-07	-3.2376e-07	-0.012002	-2.4198e-09	0.012022	3.24e-07	-3.2306e-07	-0.010119	-2.4735e-09	0.0101192	3.2358e-07	-3.2358e-07	-0.0081816	-2.5499e-09	0.0081828	3.2366e-07	-3.2338e-07	-0.0062124	-2.6533e-09	0.0062104	3.2366e-07	-3.2262e-07	-0.004216	-2.7252e-09	0.0042144	3.2296e-07	-3.235e-07	-0.0021924	-2.8265e-09	0.0021936	3.2326e-07	-3.2272e-07	-0.0001434	-2.9054e-09	0.00014472	3.2284e-07	-3.2318e-07
0.205	-0.019398	-2.2633e-09	0.019416	3.2408e-07	-3.2322e-07	-0.017618	-2.2989e-09	0.017642	3.2382e-07	-3.2368e-07	-0.0158	-2.3601e-09	0.015822	3.2374e-07	-3.2366e-07	-0.013948	-2.4074e-09	0.013964	3.2362e-07	-3.238e-07	-0.012074	-2.5033e-09	0.012094	3.24e-07	-3.2288e-07	-0.0101776	-2.5496e-09	0.0101778	3.237e-07	-3.2338e-07	-0.0082278	-2.6256e-09	0.0082284	3.2372e-07	-3.2304e-07	-0.0062472	-2.7379e-09	0.0062442	3.2354e-07	-3.2274e-07	-0.0042372	-2.7897e-09	0.0042372	3.2302e-07	-3.2356e-07	-0.002202	-2.9102e-09	0.0022052	3.231e-07	-3.2278e-07	-0.00014484	-2.9694e-09	0.00014506	3.2272e-07	-3.2332e-07
0.2	-0.019534	-2.3204e-09	0.019554	3.24e-07	-3.2354e-07	-0.017738	-2.3475e-09	0.017754	3.2388e-07	-3.2386e-07	-0.015906	-2.4122e-09	0.015924	3.2376e-07	-3.2374e-07	-0.014034	-2.4653e-09	0.014054	3.2382e-07	-3.237e-07	-0.012142	-2.5832e-09	0.01217	3.2388e-07	-3.2286e-07	-0.0102316	-2.6182e-09	0.0102338	3.2376e-07	-3.231e-07	-0.0082706	-2.7105e-09	0.008273	3.2384e-07	-3.2288e-07	-0.0062768	-2.8199e-09	0.0062776	3.2346e-07	-3.2288e-07	-0.004258	-2.8562e-09	0.0042576	3.2306e-07	-3.2358e-07	-0.0022112	-2.9867e-09	0.0022076	3.2306e-07	-3.2306e-07	-0.0001486	-3.033e-09	0.00014818	3.228e-07	-3.2356e-07
0.195	-0.019672	-2.3657e-09	0.019698	3.2392e-07	-3.237e-07	-0.017852	-2.4005e-09	0.017874	3.2392e-07	-3.238e-07	-0.016	-2.4676e-09	0.01602	3.2378e-07	-3.2374e-07	-0.014114	-2.5417e-09	0.014138	3.24e-07	-3.2346e-07	-0.012216	-2.6683e-09	0.01224	3.2382e-07	-3.2296e-07	-0.010289	-2.7042e-09	0.0102912	3.2384e-07	-3.2288e-07	-0.0083084	-2.7974e-09	0.0083148	3.2374e-07	-3.227e-07	-0.0063082	-2.8976e-09	0.0063044	3.2316e-07	-3.2284e-07	-0.0042774	-2.9302e-09	0.0042788	3.2318e-07	-3.2346e-07	-0.0022244	-3.0588e-09	0.0022216	3.2292e-07	-3.2316e-07	-0.00014556	-3.1045e-09	0.00014708	3.2282e-07	-3.235e-07
0.19	-0.0198	-2.4113e-09	0.01982	3.239e-07	-3.2394e-07	-0.017964	-2.4631e-09	0.017982	3.2414e-07	-3.2372e-07	-0.0161	-2.5384e-09	0.01612	3.2406e-07	-3.2368e-07	-0.014192	-2.6163e-09	0.014214	3.2402e-07	-3.2322e-07	-0.012278	-2.7369e-09	0.012298	3.2362e-07	-3.2308e-07	-0.0103412	-2.7941e-09	0.010343	3.2376e-07	-3.227e-07	-0.0083518	-2.8867e-09	0.0083516	3.2374e-07	-3.2278e-07	-0.0063354	-2.9701e-09	0.0063346	3.2302e-07	-3.2318e-07	-0.0042966	-3.0155e-09	0.004297	3.2342e-07	-3.2328e-07	-0.0022292	-3.1187e-09	0.0022324	3.2296e-07	-3.2328e-07	-0.00014674	-3.1822e-09	0.00015094	3.23e-07	-3.2336e-07
0.185	-0.019922	-2.4641e-09	0.019946	3.24e-07	-3.2382e-07	-0.01807	-2.5396e-09	0.018094	3.2426e-07	-3.234e-07	-0.01619	-2.62e-09	0.016206	3.241e-07	-3.2322e-07	-0.01427	-2.7056e-09	0.014292	3.2418e-07	-3.23e-07	-0.012346	-2.8035e-09	0.012366	3.2348e-07	-3.2348e-07	-0.0103908	-2.877e-09	0.010392	3.238e-07	-3.2276e-07	-0.0083906	-2.9759e-09	0.0083926	3.2352e-07	-3.2286e-07	-0.0063642	-3.0369e-09	0.0063642	3.2296e-07	-3.2336e-07	-0.004313	-3.1083e-09	0.0043144	3.2358e-07	-3.2292e-07	-0.0022404	-3.1942e-09	0.0022392	3.2292e-07	-3.2352e-07	-0.00014826	-3.2774e-09	0.00014834	3.231e-07	-3.2322e-07
0.18	-0.020042	-2.5282e-09	0.020064	3.2418e-07	-3.2374e-07	-0.018176	-2.6173e-09	0.018194	3.2432e-07	-3.2316e-07	-0.016276	-2.6964e-09	0.016294	3.242e-07	-3.231e-07	-0.014346	-2.7959e-09	0.014368	3.2408e-07	-3.2296e-07	-0.012406	-2.8612e-09	0.012424	3.2348e-07	-3.236e-07	-0.0104382	-2.9715e-09	0.010439	3.2366e-07	-3.229e-07	-0.0084286	-3.0472e-09	0.0084302	3.2336e-07	-3.2292e-07	-0.0063916	-3.1036e-09	0.0063914	3.2302e-07	-3.2356e-07	-0.0043356	-3.2127e-09	0.0043312	3.2356e-07	-3.2262e-07	-0.0022464	-3.2721e-09	0.0022518	3.2288e-07	-3.2338e-07	-0.00014876	-3.3703e-09	0.00014944	3.2318e-07	-3.2286e-07
0.175	-0.020158	-2.6048e-09	0.02018	3.2434e-07	-3.234e-07	-0.018272	-2.7058e-09	0.018296	3.2436e-07	-3.2298e-07	-0.01636	-2.7873e-09	0.016384	3.2412e-07	-3.228e-07	-0.014414	-2.8859e-09	0.014434	3.2402e-07	-3.2304e-07	-0.012464	-2.9294e-09	0.012484	3.235e-07	-3.237e-07	-0.010488	-3.048e-09	0.0104884	3.2354e-07	-3.23e-07	-0.0084654	-3.1325e-09	0.0084666	3.2334e-07	-3.2326e-07	-0.0064196	-3.1776e-09	0.0064198	3.231e-07	-3.235e-07	-0.0043478	-3.3143e-09	0.004351	3.2342e-07	-3.2278e-07	-0.002258	-3.3606e-09	0.0022592	3.2306e-07	-3.234e-07	-0.0001513	-3.4758e-09	0.00014746	3.2334e-07	-3.226e-07
0.17	-0.020268	-2.6853e-09	0.02029	3.2448e-07	-3.2326e-07	-0.01837	-2.7918e-09	0.018394	3.243e-07	-3.2306e-07	-0.016442	-2.8774e-09	0.016458	3.2412e-07	-3.2292e-07	-0.014488	-2.9638e-09	0.014504	3.2378e-07	-3.232e-07	-0.01252	-2.9957e-09	0.01254	3.2354e-07	-3.2364e-07	-0.0105304	-3.1293e-09	0.0105342	3.234e-07	-3.234e-07	-0.0085024	-3.2024e-09	0.0085016	3.2328e-07	-3.2344e-07	-0.0064404	-3.2581e-09	0.0064404	3.233e-07	-3.234e-07	-0.0043654	-3.404e-09	0.0043638	3.2324e-07	-3.2282e-07	-0.0022666	-3.4583e-09	0.002269	3.231e-07	-3.231e-07	-0.00015024	-3.59e-09	0.00015108	3.2328e-07	-3.2252e-07
0.165	-0.02038	-2.7759e-09	0.0204	3.2446e-07	-3.2288e-07	-0.01846	-2.8776e-09	0.018482	3.242e-07	-3.2314e-07	-0.016518	-2.9623e-09	0.016542	3.2394e-07	-3.2302e-07	-0.014552	-3.0396e-09	0.014576	3.2366e-07	-3.2344e-07	-0.012574	-3.0759e-09	0.012594	3.2372e-07	-3.2358e-07	-0.0105782	-3.1964e-09	0.0105766	3.2332e-07	-3.2358e-07	-0.008534	-3.2763e-09	0.0085346	3.2324e-07	-3.2358e-07	-0.0064682	-3.3506e-09	0.006465	3.2338e-07	-3.2314e-07	-0.004381	-3.4901e-09	0.0043846	3.231e-07	-3.2324e-07	-0.0022706	-3.5552e-09	0.0022734	3.2328e-07	-3.2284e-07	-0.00015084	-3.6922e-09	0.00015082	3.2322e-07	-3.227e-07
0.16	-0.02048	-2.8723e-09	0.02051	3.2438e-07	-3.2308e-07	-0.018552	-2.9495e-09	0.018574	3.2402e-07	-3.2338e-07	-0.016598	-3.0369e-09	0.016624	3.2388e-07	-3.2334e-07	-0.01462	-3.1043e-09	0.014636	3.2352e-07	-3.2368e-07	-0.012628	-3.1686e-09	0.012648	3.238e-07	-3.2324e-07	-0.0106208	-3.2694e-09	0.0106186	3.2344e-07	-3.2374e-07	-0.0085648	-3.3517e-09	0.0085658	3.2328e-07	-3.2364e-07	-0.0064904	-3.4507e-09	0.0064938	3.2342e-07	-3.2306e-07	-0.0043946	-3.5669e-09	0.0043956	3.2302e-07	-3.234e-07	-0.0022836	-3.6677e-09	0.0022836	3.234e-07	-3.226e-07	-0.00015128	-3.805e-09	0.00015276	3.2324e-07	-3.228e-07
0.155	-0.020578	-2.9566e-09	0.020606	3.2424e-07	-3.2316e-07	-0.018638	-3.0257e-09	0.018658	3.2392e-07	-3.2356e-07	-0.016672	-3.109e-09	0.016688	3.2368e-07	-3.2352e-07	-0.01468	-3.1719e-09	0.0147	3.2364e-07	-3.2384e-07	-0.01268	-3.2605e-09	0.012698	3.2396e-07	-3.2296e-07	-0.0106586	-3.3503e-09	0.0106576	3.2342e-07	-3.2368e-07	-0.0085994	-3.4351e-09	0.0086	3.2346e-07	-3.2362e-07	-0.0065122	-3.5483e-09	0.0065108	3.2358e-07	-3.229e-07	-0.0044144	-3.6517e-09	0.0044134	3.23e-07	-3.2368e-07	-0.002288	-3.7784e-09	0.0022884	3.2328e-07	-3.2252e-07	-0.00015296	-3.9028e-09	0.00015048	3.2304e-07	-3.229e-07
0.15	-0.020674	-3.0354e-09	0.020696	3.2416e-07	-3.2338e-07	-0.018726	-3.0891e-09	0.018744	3.2382e-07	-3.238e-07	-0.016744	-3.1764e-09	0.016766	3.237e-07	-3.2384e-07	-0.014738	-3.2548e-09	0.014762	3.2354e-07	-3.2362e-07	-0.01273	-3.364e-09	0.012748	3.2396e-07	-3.229e-07	-0.0107002	-3.4337e-09	0.0107028	3.2356e-07	-3.2374e-07	-0.0086304	-3.5354e-09	0.008627	3.2358e-07	-3.235e-07	-0.0065346	-3.6644e-09	0.0065346	3.2358e-07	-3.2274e-07	-0.0044268	-3.7468e-09	0.004428	3.231e-07	-3.235e-07	-0.002297	-3.8977e-09	0.002298	3.2318e-07	-3.2262e-07	-0.00015264	-4.006e-09	0.00015272	3.2288e-07	-3.2316e-07
0.145	-0.020772	-3.1064e-09	0.02079	3.2392e-07	-3.2368e-07	-0.018808	-3.164e-09	0.018824	3.2382e-07	-3.2386e-07	-0.016814	-3.2514e-09	0.016838	3.2374e-07	-3.2382e-07	-0.014796	-3.3305e-09	0.014814	3.2394e-07	-3.2356e-07	-0.012776	-3.473e-09	0.012796	3.2394e-07	-3.229e-07	-0.0107422	-3.5288e-09	0.0107386	3.2374e-07	-3.2352e-07	-0.0086586	-3.6332e-09	0.0086568	3.2376e-07	-3.2322e-07	-0.0065562	-3.7775e-09	0.0065576	3.2348e-07	-3.2258e-07	-0.00444	-3.8439e-09	0.0044422	3.231e-07	-3.2342e-07	-0.002305	-4.011e-09	0.002302	3.2312e-07	-3.2266e-07	-0.0001519	-4.0992e-09	0.00015078	3.2276e-07	-3.2326e-07
0.14	-0.020858	-3.1751e-09	0.020886	3.2388e-07	-3.2382e-07	-0.018886	-3.2453e-09	0.018904	3.239e-07	-3.238e-07	-0.01688	-3.3276e-09	0.016904	3.2386e-07	-3.2376e-07	-0.014858	-3.4339e-09	0.014876	3.2394e-07	-3.2322e-07	-0.012824	-3.5768e-09	0.012842	3.2382e-07	-3.23e-07	-0.0107762	-3.6286e-09	0.0107736	3.2388e-07	-3.2314e-07	-0.0086874	-3.7383e-09	0.0086862	3.2382e-07	-3.2304e-07	-0.0065772	-3.8884e-09	0.0065792	3.2344e-07	-3.2274e-07	-0.0044562	-3.9543e-09	0.0044544	3.2336e-07	-3.232e-07	-0.0023108	-4.1066e-09	0.002309	3.2306e-07	-3.2284e-07	-0.00015326	-4.1947e-09	0.00015274	3.2276e-07	-3.235e-07
0.135	-0.020948	-3.2431e-09	0.020968	3.2398e-07	-3.2388e-07	-0.018956	-3.3307e-09	0.018982	3.2418e-07	-3.237e-07	-0.016948	-3.423e-09	0.016968	3.2402e-07	-3.2356e-07	-0.014904	-3.5314e-09	0.014934	3.2414e-07	-3.2304e-07	-0.012868	-3.6721e-09	0.012886	3.237e-07	-3.2312e-07	-0.0108106	-3.749e-09	0.010812	3.2388e-07	-3.2294e-07	-0.0087164	-3.8525e-09	0.0087138	3.2378e-07	-3.2302e-07	-0.0065984	-3.9926e-09	0.0066024	3.233e-07	-3.2268e-07	-0.0044658	-4.0659e-09	0.0044676	3.2346e-07	-3.2292e-07	-0.0023172	-4.2178e-09	0.0023174	3.2298e-07	-3.2296e-07	-0.00015422	-4.3044e-09	0.00015322	3.2276e-07	-3.2346e-07
0.13	-0.021026	-3.3179e-09	0.021056	3.2406e-07	-3.2382e-07	-0.019028	-3.4208e-09	0.019052	3.2432e-07	-3.2334e-07	-0.01701	-3.5229e-09	0.017028	3.242e-07	-3.232e-07	-0.014956	-3.6452e-09	0.014986	3.2406e-07	-3.228e-07	-0.012912	-3.7642e-09	0.01293	3.2358e-07	-3.2346e-07	-0.010846	-3.8708e-09	0.010845	3.2382e-07	-3.2284e-07	-0.008742	-3.9626e-09	0.0087436	3.2382e-07	-3.229e-07	-0.0066192	-4.0964e-09	0.006621	3.2322e-07	-3.229e-07	-0.0044826	-4.1749e-09	0.0044796	3.236e-07	-3.2282e-07	-0.0023224	-4.3247e-09	0.0023234	3.2288e-07	-3.2316e-07	-0.00015056	-4.4145e-09	0.00015	3.2294e-07	-3.2342e-07
0.125	-0.021112	-3.4171e-09	0.021138	3.2426e-07	-3.2372e-07	-0.0191	-3.5267e-09	0.019126	3.244e-07	-3.2316e-07	-0.01707	-3.6358e-09	0.017084	3.242e-07	-3.2298e-07	-0.015012	-3.7561e-09	0.015036	3.2398e-07	-3.2286e-07	-0.012954	-3.8435e-09	0.012974	3.2348e-07	-3.2362e-07	-0.0108832	-3.9825e-09	0.0108794	3.2356e-07	-3.2298e-07	-0.0087692	-4.0811e-09	0.008771	3.2388e-07	-3.229e-07	-0.0066374	-4.1973e-09	0.0066392	3.2314e-07	-3.2326e-07	-0.0044922	-4.3039e-09	0.0044928	3.2348e-07	-3.226e-07	-0.002327	-4.4217e-09	0.0023296	3.2284e-07	-3.2334e-07	-0.00015464	-4.5358e-09	0.00015358	3.231e-07	-3.2328e-07
0.12	-0.021196	-3.518e-09	0.021216	3.2442e-07	-3.2332e-07	-0.019172	-3.6404e-09	0.019196	3.2432e-07	-3.2292e-07	-0.017126	-3.7464e-09	0.017148	3.2414e-07	-3.2286e-07	-0.01506	-3.8737e-09	0.01508	3.2386e-07	-3.2298e-07	-0.012998	-3.9323e-09	0.013016	3.2358e-07	-3.2378e-07	-0.0109136	-4.0942e-09	0.0109146	3.2352e-07	-3.231e-07	-0.0087956	-4.2015e-09	0.0087944	3.2372e-07	-3.2298e-07	-0.0066566	-4.2989e-09	0.0066574	3.2308e-07	-3.234e-07	-0.004503	-4.4311e-09	0.0045054	3.234e-07	-3.226e-07	-0.0023336	-4.5361e-09	0.0023332	3.229e-07	-3.235e-07	-0.00015294	-4.6596e-09	0.00015374	3.2322e-07	-3.2292e-07
0.115	-0.021268	-3.6222e-09	0.02129	3.2446e-07	-3.2316e-07	-0.019238	-3.7482e-09	0.019256	3.2424e-07	-3.2304e-07	-0.017186	-3.8622e-09	0.017204	3.241e-07	-3.2306e-07	-0.015104	-3.9725e-09	0.015128	3.2372e-07	-3.2318e-07	-0.013032	-4.0275e-09	0.013062	3.2358e-07	-3.237e-07	-0.0109446	-4.1947e-09	0.0109456	3.234e-07	-3.2328e-07	-0.0088192	-4.317e-09	0.0088176	3.2352e-07	-3.2296e-07	-0.0066712	-4.4015e-09	0.006673	3.2312e-07	-3.2362e-07	-0.0045148	-4.5644e-09	0.0045174	3.2326e-07	-3.2268e-07	-0.0023422	-4.6407e-09	0.0023416	3.2288e-07	-3.234e-07	-0.00015642	-4.7873e-09	0.00015376	3.2336e-07	-3.228e-07
0.11	-0.021346	-3.735e-09	0.021366	3.2438e-07	-3.2286e-07	-0.019308	-3.8578e-09	0.019328	3.24e-07	-3.231e-07	-0.017242	-3.9731e-09	0.017258	3.239e-07	-3.232e-07	-0.015154	-4.068e-09	0.015178	3.2364e-07	-3.2344e-07	-0.013072	-4.1391e-09	0.01309	3.238e-07	-3.2356e-07	-0.0109766	-4.2828e-09	0.0109764	3.2334e-07	-3.2352e-07	-0.0088418	-4.4246e-09	0.0088432	3.2346e-07	-3.233e-07	-0.0066928	-4.5082e-09	0.0066932	3.2308e-07	-3.2356e-07	-0.0045262	-4.689e-09	0.0045276	3.2316e-07	-3.2282e-07	-0.0023472	-4.7698e-09	0.0023458	3.2312e-07	-3.2338e-07	-0.00015474	-4.9333e-09	0.00015552	3.2326e-07	-3.226e-07
0.105	-0.021416	-3.8493e-09	0.021434	3.2434e-07	-3.2314e-07	-0.019366	-3.9553e-09	0.019382	3.239e-07	-3.2344e-07	-0.017292	-4.068e-09	0.017312	3.238e-07	-3.2346e-07	-0.015198	-4.1556e-09	0.01522	3.2356e-07	-3.2364e-07	-0.013106	-4.2538e-09	0.013128	3.239e-07	-3.2322e-07	-0.0110078	-4.3839e-09	0.0110062	3.2336e-07	-3.2374e-07	-0.0088668	-4.5298e-09	0.0088656	3.2324e-07	-3.235e-07	-0.0067094	-4.6202e-09	0.0067092	3.2324e-07	-3.2338e-07	-0.004539	-4.8061e-09	0.004541	3.2306e-07	-3.2304e-07	-0.0023528	-4.9008e-09	0.002353	3.2322e-07	-3.2304e-07	-0.00015486	-5.0758e-09	0.00015428	3.2314e-07	-3.2268e-07
0.1	-0.021486	-3.9618e-09	0.021506	3.242e-07	-3.2316e-07	-0.019424	-4.0522e-09	0.019448	3.2378e-07	-3.2362e-07	-0.017346	-4.1567e-09	0.017364	3.2362e-07	-3.237e-07	-0.015244	-4.2567e-09	0.015268	3.2362e-07	-3.2374e-07	-0.013148	-4.3764e-09	0.013164	3.2404e-07	-3.2304e-07	-0.0110352	-4.4978e-09	0.0110338	3.234e-07	-3.237e-07	-0.0088864	-4.6354e-09	0.0088902	3.2328e-07	-3.2362e-07	-0.0067262	-4.7498e-09	0.0067236	3.2342e-07	-3.2328e-07	-0.0045498	-4.9279e-09	0.0045498	3.2296e-07	-3.2328e-07	-0.0023614	-5.0418e-09	0.00236	3.2332e-07	-3.2292e-07	-0.00015612	-5.2236e-09	0.0001557	3.2314e-07	-3.2264e-07
0.095	-0.021552	-4.0675e-09	0.021576	3.2412e-07	-3.2348e-07	-0.019482	-4.1365e-09	0.019504	3.238e-07	-3.2384e-07	-0.017392	-4.257e-09	0.017416	3.2372e-07	-3.2392e-07	-0.015288	-4.3572e-09	0.015308	3.2372e-07	-3.2364e-07	-0.013176	-4.5097e-09	0.013202	3.24e-07	-3.2288e-07	-0.011063	-4.6057e-09	0.0110622	3.2348e-07	-3.2362e-07	-0.0089082	-4.7502e-09	0.00891	3.2332e-07	-3.2368e-07	-0.0067424	-4.8791e-09	0.006741	3.2342e-07	-3.2294e-07	-0.0045564	-5.0331e-09	0.004561	3.2298e-07	-3.234e-07	-0.002361	-5.1829e-09	0.0023624	3.233e-07	-3.2268e-07	-0.00015536	-5.3632e-09	0.00015596	3.23e-07	-3.2276e-07
0.09	-0.021616	-4.1634e-09	0.02164	3.2394e-07	-3.2374e-07	-0.019538	-4.2444e-09	0.019562	3.2382e-07	-3.2392e-07	-0.017444	-4.3565e-09	0.017462	3.2372e-07	-3.2368e-07	-0.01533	-4.4833e-09	0.015346	3.2392e-07	-3.235e-07	-0.013214	-4.646e-09	0.013234	3.2396e-07	-3.2294e-07	-0.0110926	-4.7421e-09	0.0110882	3.2372e-07	-3.2344e-07	-0.008932	-4.8718e-09	0.00893	3.2334e-07	-3.2352e-07	-0.0067584	-5.0222e-09	0.0067582	3.2364e-07	-3.2276e-07	-0.004573	-5.1572e-09	0.004572	3.2302e-07	-3.2352e-07	-0.002366	-5.33e-09	0.002369	3.233e-07	-3.2252e-07	-0.0001535	-5.4991e-09	0.00015544	3.2292e-07	-3.2304e-07
0.085	-0.021684	-4.2511e-09	0.0217	3.2396e-07	-3.2386e-07	-0.019596	-4.3468e-09	0.019616	3.24e-07	-3.2384e-07	-0.01749	-4.4763e-09	0.017508	3.24e-07	-3.2362e-07	-0.015364	-4.6074e-09	0.015384	3.2398e-07	-3.2318e-07	-0.013246	-4.7814e-09	0.013268	3.2386e-07	-3.2302e-07	-0.0111192	-4.8684e-09	0.0111192	3.2376e-07	-3.2308e-07	-0.0089546	-5.0009e-09	0.008955	3.2352e-07	-3.234e-07	-0.0067726	-5.1673e-09	0.0067706	3.2352e-07	-3.2266e-07	-0.0045782	-5.2858e-09	0.0045786	3.2306e-07	-3.234e-07	-0.0023742	-5.4772e-09	0.0023712	3.2324e-07	-3.2262e-07	-0.00015716	-5.6229e-09	0.00015436	3.227e-07	-3.2314e-07
0.08	-0.021742	-4.3575e-09	0.021766	3.239e-07	-3.239e-07	-0.019648	-4.4704e-09	0.019674	3.242e-07	-3.2352e-07	-0.017536	-4.6044e-09	0.017554	3.241e-07	-3.2322e-07	-0.015406	-4.7444e-09	0.015428	3.2408e-07	-3.2298e-07	-0.013278	-4.9001e-09	0.013304	3.2364e-07	-3.232e-07	-0.0111448	-5.0042e-09	0.0111444	3.2394e-07	-3.2292e-07	-0.0089722	-5.1442e-09	0.008971	3.2354e-07	-3.2314e-07	-0.0067868	-5.3149e-09	0.0067862	3.2346e-07	-3.2258e-07	-0.0045896	-5.4326e-09	0.0045888	3.233e-07	-3.2338e-07	-0.0023758	-5.6273e-09	0.0023774	3.231e-07	-3.2274e-07	-0.0001564	-5.7575e-09	0.00015568	3.2276e-07	-3.2332e-07
0.075	-0.021802	-4.4616e-09	0.02182	3.2412e-07	-3.2388e-07	-0.019694	-4.5918e-09	0.01972	3.2434e-07	-3.2336e-07	-0.017578	-4.7509e-09	0.017604	3.2418e-07	-3.2302e-07	-0.015442	-4.8872e-09	0.015466	3.24e-07	-3.229e-07	-0.013312	-5.0351e-09	0.013332	3.2356e-07	-3.2344e-07	-0.0111714	-5.1526e-09	0.0111686	3.2376e-07	-3.2268e-07	-0.0089912	-5.2772e-09	0.0089922	3.2374e-07	-3.23e-07	-0.0068	-5.4632e-09	0.0067998	3.2348e-07	-3.2266e-07	-0.0045996	-5.5757e-09	0.0045978	3.2336e-07	-3.2308e-07	-0.0023828	-5.7649e-09	0.0023804	3.2302e-07	-3.229e-07	-0.00015976	-5.8939e-09	0.0001576	3.2278e-07	-3.2346e-07
0.07	-0.021858	-4.5864e-09	0.021886	3.2428e-07	-3.2368e-07	-0.019748	-4.7342e-09	0.019768	3.2432e-07	-3.2316e-07	-0.017626	-4.8907e-09	0.017638	3.2414e-07	-3.2304e-07	-0.015478	-5.0301e-09	0.015502	3.2394e-07	-3.2296e-07	-0.013344	-5.1451e-09	0.013364	3.2354e-07	-3.2366e-07	-0.0111928	-5.299e-09	0.0111932	3.2376e-07	-3.2284e-07	-0.0090102	-5.4389e-09	0.0090084	3.2378e-07	-3.229e-07	-0.0068146	-5.6111e-09	0.0068122	3.2322e-07	-3.2276e-07	-0.0046092	-5.7278e-09	0.004608	3.2344e-07	-3.2298e-07	-0.002387	-5.9168e-09	0.0023854	3.229e-07	-3.232e-07	-0.00015654	-6.0361e-09	0.00015842	3.2286e-07	-3.2338e-07
0.065	-0.021912	-4.7142e-09	0.021936	3.244e-07	-3.2332e-07	-0.019796	-4.8745e-09	0.019824	3.2432e-07	-3.2308e-07	-0.017664	-5.0204e-09	0.017686	3.2384e-07	-3.2316e-07	-0.015512	-5.1633e-09	0.015536	3.2378e-07	-3.2308e-07	-0.01337	-5.2676e-09	0.013386	3.2354e-07	-3.2382e-07	-0.0112168	-5.4503e-09	0.0112162	3.237e-07	-3.229e-07	-0.0090276	-5.5814e-09	0.0090276	3.2362e-07	-3.2274e-07	-0.006826	-5.7505e-09	0.0068288	3.2326e-07	-3.2304e-07	-0.004617	-5.8877e-09	0.004615	3.2348e-07	-3.2278e-07	-0.0023908	-6.0548e-09	0.00239	3.228e-07	-3.2336e-07	-0.00015822	-6.1942e-09	0.00015794	3.2308e-07	-3.2344e-07
0.06	-0.021968	-4.8523e-09	0.021986	3.2446e-07	-3.2314e-07	-0.019842	-5.0135e-09	0.019868	3.241e-07	-3.2322e-07	-0.017704	-5.1373e-09	0.017728	3.2364e-07	-3.2356e-07	-0.015546	-5.2951e-09	0.015562	3.2364e-07	-3.2338e-07	-0.013396	-5.3888e-09	0.013416	3.2362e-07	-3.2364e-07	-0.0112418	-5.5836e-09	0.0112382	3.2352e-07	-3.2304e-07	-0.0090448	-5.7423e-09	0.009048	3.2364e-07	-3.229e-07	-0.0068404	-5.8932e-09	0.006841	3.2306e-07	-3.232e-07	-0.0046238	-6.0523e-09	0.0046258	3.2348e-07	-3.226e-07	-0.0023956	-6.1948e-09	0.0023934	3.2288e-07	-3.2346e-07	-0.00015804	-6.3546e-09	0.00015716	3.2316e-07	-3.2308e-07
0.055	-0.022018	-4.9998e-09	0.022042	3.2438e-07	-3.2306e-07	-0.019896	-5.1364e-09	0.01991	3.2396e-07	-3.235e-07	-0.01774	-5.2647e-09	0.017766	3.237e-07	-3.2368e-07	-0.015582	-5.4202e-09	0.015608	3.2354e-07	-3.2362e-07	-0.013422	-5.5353e-09	0.013446	3.239e-07	-3.2358e-07	-0.0112612	-5.7288e-09	0.0112624	3.2334e-07	-3.233e-07	-0.0090622	-5.8944e-09	0.0090622	3.2352e-07	-3.23e-07	-0.0068516	-6.0309e-09	0.0068512	3.2304e-07	-3.2344e-07	-0.0046322	-6.2153e-09	0.0046346	3.2336e-07	-3.2276e-07	-0.0023968	-6.3548e-09	0.0024014	3.2294e-07	-3.235e-07	-0.00016004	-6.5249e-09	0.00015762	3.2324e-07	-3.2286e-07
0.05	-0.022074	-5.1405e-09	0.02209	3.2426e-07	-3.2304e-07	-0.019934	-5.2626e-09	0.019954	3.2382e-07	-3.2368e-07	-0.017782	-5.3884e-09	0.0178	3.2372e-07	-3.2374e-07	-0.015612	-5.5395e-09	0.015634	3.236e-07	-3.2382e-07	-0.013452	-5.6755e-09	0.013474	3.2392e-07	-3.2316e-07	-0.0112846	-5.8635e-09	0.0112828	3.233e-07	-3.2344e-07	-0.0090804	-6.0394e-09	0.009082	3.234e-07	-3.2318e-07	-0.0068664	-6.1715e-09	0.0068664	3.2314e-07	-3.2358e-07	-0.0046406	-6.384e-09	0.0046388	3.2332e-07	-3.2282e-07	-0.0024024	-6.5011e-09	0.0023994	3.2306e-07	-3.2344e-07	-0.00015912	-6.6994e-09	0.00015848	3.2328e-07	-3.227e-07
0.045	-0.022124	-5.2753e-09	0.02215	3.2408e-07	-3.2316e-07	-0.019976	-5.3875e-09	0.02	3.2382e-07	-3.239e-07	-0.017818	-5.5163e-09	0.01784	3.2384e-07	-3.237e-07	-0.015644	-5.6743e-09	0.01567	3.2364e-07	-3.2374e-07	-0.013478	-5.8563e-09	0.013496	3.2404e-07	-3.2302e-07	-0.0113076	-6.0053e-09	0.0113046	3.2334e-07	-3.2364e-07	-0.0090956	-6.1921e-09	0.009096	3.2336e-07	-3.2338e-07	-0.0068772	-6.3134e-09	0.0068776	3.2316e-07	-3.235e-07	-0.0046476	-6.5467e-09	0.0046492	3.2324e-07	-3.2294e-07	-0.0024046	-6.6752e-09	0.0024052	3.2326e-07	-3.232e-07	-0.0001576	-6.8845e-09	0.00015724	3.232e-07	-3.2252e-07
0.04	-0.02217	-5.4102e-09	0.022188	3.24e-07	-3.2352e-07	-0.02002	-5.5112e-09	0.02004	3.2384e-07	-3.2386e-07	-0.017858	-5.6676e-09	0.017878	3.2412e-07	-3.2336e-07	-0.015674	-5.8173e-09	0.015694	3.2384e-07	-3.2358e-07	-0.01351	-6.0009e-09	0.013528	3.2394e-07	-3.2282e-07	-0.0113252	-6.1462e-09	0.0113228	3.234e-07	-3.2362e-07	-0.0091134	-6.3265e-09	0.0091134	3.2324e-07	-3.2354e-07	-0.0068872	-6.4714e-09	0.0068888	3.2328e-07	-3.2346e-07	-0.004657	-6.698e-09	0.0046568	3.2316e-07	-3.2328e-07	-0.0024122	-6.8494e-09	0.0024092	3.2336e-07	-3.2292e-07	-0.00015772	-7.0711e-09	0.00015588	3.2318e-07	-3.2272e-07
0.035	-0.02222	-5.5334e-09	0.022238	3.2374e-07	-3.2372e-07	-0.020058	-5.6521e-09	0.020084	3.2408e-07	-3.238e-07	-0.017894	-5.8224e-09	0.017916	3.2416e-07	-3.232e-07	-0.01571	-5.9756e-09	0.015732	3.2394e-07	-3.233e-07	-0.01353	-6.1711e-09	0.013552	3.2394e-07	-3.2286e-07	-0.0113444	-6.3011e-09	0.0113438	3.234e-07	-3.2358e-07	-0.009128	-6.4912e-09	0.0091314	3.2328e-07	-3.2374e-07	-0.0069024	-6.6472e-09	0.0069046	3.2342e-07	-3.2316e-07	-0.0046646	-6.858e-09	0.0046628	3.2302e-07	-3.2344e-07	-0.0024136	-7.0314e-09	0.0024146	3.2332e-07	-3.2272e-07	-0.00015856	-7.2549e-09	0.00015698	3.2306e-07	-3.2278e-07
0.03	-0.02226	-5.6592e-09	0.022284	3.2394e-07	-3.2396e-07	-0.0201	-5.8141e-09	0.020124	3.2412e-07	-3.2344e-07	-0.01792	-5.9908e-09	0.017946	3.2412e-07	-3.229e-07	-0.015734	-6.1356e-09	0.01576	3.241e-07	-3.231e-07	-0.013554	-6.3347e-09	0.013574	3.2372e-07	-3.2302e-07	-0.0113608	-6.4566e-09	0.0113644	3.237e-07	-3.2352e-07	-0.0091428	-6.6408e-09	0.0091444	3.233e-07	-3.2362e-07	-0.00691	-6.823e-09	0.0069114	3.2356e-07	-3.2288e-07	-0.0046736	-7.0122e-09	0.0046698	3.2304e-07	-3.2366e-07	-0.002416	-7.2184e-09	0.0024188	3.2336e-07	-3.225e-07	-0.00015482	-7.4309e-09	0.00015826	3.2294e-07	-3.2292e-07
0.025	-0.02231	-5.7981e-09	0.022328	3.2394e-07	-3.2386e-07	-0.02014	-5.9674e-09	0.02016	3.243e-07	-3.2328e-07	-0.017952	-6.1555e-09	0.017982	3.2406e-07	-3.2296e-07	-0.015766	-6.3137e-09	0.015782	3.2406e-07	-3.2294e-07	-0.013576	-6.4945e-09	0.013596	3.236e-07	-3.233e-07	-0.0113838	-6.6318e-09	0.0113848	3.2378e-07	-3.232e-07	-0.0091604	-6.8079e-09	0.0091626	3.2354e-07	-3.2362e-07	-0.0069248	-7.006e-09	0.006927	3.2358e-07	-3.2276e-07	-0.0046766	-7.178e-09	0.0046768	3.231e-07	-3.2356e-07	-0.002422	-7.3994e-09	0.0024234	3.233e-07	-3.2258e-07	-0.00015954	-7.6096e-09	0.00015742	3.2288e-07	-3.2316e-07
0.02	-0.022354	-5.9439e-09	0.022372	3.2416e-07	-3.2378e-07	-0.020178	-6.1393e-09	0.020198	3.243e-07	-3.2306e-07	-0.017988	-6.3253e-09	0.018014	3.2404e-07	-3.2302e-07	-0.015788	-6.4776e-09	0.015812	3.2402e-07	-3.2296e-07	-0.013598	-6.6499e-09	0.01362	3.2352e-07	-3.235e-07	-0.0114056	-6.8055e-09	0.0114012	3.2396e-07	-3.2308e-07	-0.0091726	-6.983e-09	0.0091738	3.2364e-07	-3.2338e-07	-0.0069356	-7.1992e-09	0.0069336	3.2352e-07	-3.2256e-07	-0.004684	-7.3458e-09	0.0046818	3.231e-07	-3.234e-07	-0.0024248	-7.5974e-09	0.0024252	3.2324e-07	-3.2278e-07	-0.00016034	-7.7885e-09	0.00015774	3.2278e-07	-3.2334e-07
0.015	-0.022396	-6.1006e-09	0.022418	3.243e-07	-3.2336e-07	-0.020216	-6.3069e-09	0.020236	3.2426e-07	-3.2306e-07	-0.01802	-6.4922e-09	0.018048	3.2394e-07	-3.2322e-07	-0.015818	-6.6618e-09	0.015838	3.239e-07	-3.2298e-07	-0.013624	-6.8017e-09	0.01364	3.2352e-07	-3.2378e-07	-0.0114234	-6.9868e-09	0.011422	3.2392e-07	-3.229e-07	-0.009187	-7.1599e-09	0.009188	3.2372e-07	-3.2304e-07	-0.0069432	-7.3848e-09	0.0069424	3.2358e-07	-3.2266e-07	-0.0046912	-7.5296e-09	0.0046912	3.233e-07	-3.2328e-07	-0.0024304	-7.7893e-09	0.002432	3.231e-07	-3.2282e-07	-0.00016096	-7.9657e-09	0.00016112	3.2282e-07	-3.2352e-07
0.01	-0.022436	-6.2685e-09	0.022454	3.2448e-07	-3.2314e-07	-0.02025	-6.4752e-09	0.020276	3.2418e-07	-3.2312e-07	-0.018056	-6.6439e-09	0.01808	3.2382e-07	-3.235e-07	-0.015848	-6.8292e-09	0.015864	3.237e-07	-3.232e-07	-0.013646	-6.9589e-09	0.013662	3.2354e-07	-3.2374e-07	-0.0114396	-7.18e-09	0.011439	3.2384e-07	-3.2278e-07	-0.0091978	-7.3513e-09	0.0092008	3.2384e-07	-3.2288e-07	-0.0069536	-7.5756e-09	0.0069556	3.2332e-07	-3.2286e-07	-0.0047002	-7.7254e-09	0.0046992	3.2346e-07	-3.2304e-07	-0.0024326	-7.9754e-09	0.0024308	3.2294e-07	-3.2316e-07	-0.00015864	-8.1526e-09	0.00015922	3.2278e-07	-3.234e-07
0.005	-0.022474	-6.4498e-09	0.022498	3.2434e-07	-3.2294e-07	-0.020284	-6.6336e-09	0.020306	3.24e-07	-3.2332e-07	-0.018082	-6.7927e-09	0.018108	3.2364e-07	-3.2368e-07	-0.01587	-6.9947e-09	0.01589	3.2364e-07	-3.2344e-07	-0.013666	-7.1196e-09	0.013688	3.2376e-07	-3.2364e-07	-0.011455	-7.3665e-09	0.0114562	3.238e-07	-3.2296e-07	-0.0092112	-7.5492e-09	0.0092138	3.2378e-07	-3.2274e-07	-0.0069614	-7.7569e-09	0.0069662	3.2324e-07	-3.2284e-07	-0.0047038	-7.9329e-09	0.0047046	3.2352e-07	-3.2288e-07	-0.0024346	-8.1573e-09	0.0024368	3.2286e-07	-3.2332e-07	-0.00015866	-8.3311e-09	0.00015854	3.2302e-07	-3.2334e-07
0	-0.022512	-6.62e-09	0.022536	3.2434e-07	-3.2302e-07	-0.02032	-6.8041e-09	0.020338	3.2394e-07	-3.2362e-07	-0.018112	-6.9401e-09	0.018132	3.2374e-07	-3.2378e-07	-0.015894	-7.157e-09	0.015918	3.2358e-07	-3.2364e-07	-0.013686	-7.3033e-09	0.013708	3.2388e-07	-3.235e-07	-0.0114726	-7.5559e-09	0.0114748	3.2368e-07	-3.2302e-07	-0.0092236	-7.7469e-09	0.009228	3.238e-07	-3.2284e-07	-0.0069734	-7.9483e-09	0.0069734	3.2312e-07	-3.232e-07	-0.004711	-8.1375e-09	0.0047126	3.235e-07	-3.2274e-07	-0.0024372	-8.3459e-09	0.002441	3.2292e-07	-3.235e-07	-0.00015874	-8.5392e-09	0.00016008	3.2318e-07	-3.2326e-07
