I/V Sweep,id_vgs_2
RecordTime,01/13/2025 12:43:34
Device ID,
Count,2
Flag,
Remarks,
vg,vd,id,ig,is,iavdd,ignd
-0.3,0,9.8307E-10,-1.9242E-09,9.1312E-10,3.1962E-07,-3.1954E-07
-0.29500000000000004,0,9.4656E-10,-1.8482E-09,8.7764000000000008E-10,3.1962E-07,-3.1952E-07
-0.29000000000000004,0,9.1454E-10,-1.7758E-09,8.4432E-10,3.196E-07,-3.1952E-07
-0.28500000000000003,0,8.7870000000000008E-10,-1.7103E-09,8.118200000000001E-10,3.1958E-07,-3.1958E-07
-0.28,0,8.3967000000000006E-10,-1.636E-09,7.7829000000000011E-10,3.1958E-07,-3.1954E-07
-0.275,0,8.1065000000000009E-10,-1.5745E-09,7.4907000000000008E-10,3.1963999999999997E-07,-3.1958E-07
-0.27,0,7.8064000000000011E-10,-1.5065E-09,7.1723E-10,3.1962E-07,-3.1956E-07
-0.265,0,7.4014000000000009E-10,-1.4484E-09,6.88E-10,3.1968E-07,-3.196E-07
-0.26,0,7.1582E-10,-1.3837E-09,6.6032000000000005E-10,3.1958E-07,-3.1958E-07
-0.255,0,6.8749000000000007E-10,-1.3232E-09,6.2962E-10,3.1956E-07,-3.1958E-07
-0.25,0,6.5441E-10,-1.2748E-09,6.0442000000000007E-10,3.1968E-07,-3.1966E-07
-0.24500000000000002,0,6.2614000000000007E-10,-1.2103E-09,5.7687E-10,3.1963999999999997E-07,-3.1956E-07
-0.24000000000000002,0,6.0284000000000006E-10,-1.1587E-09,5.5226E-10,3.1962E-07,-3.1963999999999997E-07
-0.23500000000000001,0,5.7570000000000009E-10,-1.1094E-09,5.2782E-10,3.1962E-07,-3.196E-07
-0.23,0,5.4258E-10,-1.0565E-09,5.0163000000000006E-10,3.196E-07,-3.196E-07
-0.225,0,5.2643E-10,-1.0073E-09,4.7926000000000006E-10,3.1962E-07,-3.1963999999999997E-07
-0.22,0,4.9943E-10,-9.6238000000000014E-10,4.5699000000000004E-10,3.1956E-07,-3.1952E-07
-0.215,0,4.7403000000000007E-10,-9.1822000000000006E-10,4.3553000000000005E-10,3.1952E-07,-3.1942E-07
-0.21000000000000002,0,4.4976000000000006E-10,-8.6582000000000012E-10,4.1261000000000004E-10,3.1956E-07,-3.1954E-07
-0.20500000000000002,0,4.337E-10,-8.3062000000000007E-10,3.9451E-10,3.1956E-07,-3.1954E-07
-0.2,0,4.0243E-10,-7.8793000000000009E-10,3.7233000000000005E-10,3.196E-07,-3.1954E-07
-0.195,0,3.8809000000000005E-10,-7.4351E-10,3.5314000000000003E-10,3.1954E-07,-3.1948E-07
-0.19,0,3.7096000000000003E-10,-7.0785000000000009E-10,3.3629000000000004E-10,3.1954E-07,-3.1944E-07
-0.185,0,3.4586000000000003E-10,-6.7003E-10,3.177E-10,3.1958E-07,-3.1958E-07
-0.18000000000000002,0,3.2718E-10,-6.3146E-10,2.9737000000000003E-10,3.1962E-07,-3.196E-07
-0.17500000000000002,0,3.1518000000000004E-10,-6.0088E-10,2.8676E-10,3.1956E-07,-3.196E-07
-0.17,0,2.9590000000000003E-10,-5.6227000000000007E-10,2.6526E-10,3.1963999999999997E-07,-3.1958E-07
-0.165,0,2.7319E-10,-5.3549000000000008E-10,2.5197E-10,3.1963999999999997E-07,-3.1956E-07
-0.16,0,2.6737000000000003E-10,-5.03E-10,2.3719000000000004E-10,3.196E-07,-3.1954E-07
-0.155,0,2.4505E-10,-4.693E-10,2.2247E-10,3.1966E-07,-3.1958E-07
-0.15,0,2.2997E-10,-4.4824000000000005E-10,2.0930000000000002E-10,3.1954E-07,-3.1958E-07
-0.14500000000000002,0,2.2022000000000002E-10,-4.1559E-10,1.9314000000000002E-10,3.1954E-07,-3.1948E-07
-0.14,0,2.0795000000000002E-10,-3.9048000000000003E-10,1.8485000000000001E-10,3.1954E-07,-3.1954E-07
-0.135,0,1.9255000000000002E-10,-3.6512000000000003E-10,1.6775000000000002E-10,3.1956E-07,-3.1952E-07
-0.13,0,1.7713E-10,-3.4236000000000005E-10,1.5844000000000002E-10,3.1949999999999997E-07,-3.1948E-07
-0.125,0,1.7618E-10,-3.1547000000000005E-10,1.4544000000000002E-10,3.1948E-07,-3.1948E-07
-0.12000000000000001,0,1.5755000000000001E-10,-2.9686000000000005E-10,1.3544E-10,3.1954E-07,-3.1949999999999997E-07
-0.115,0,1.4889000000000002E-10,-2.7849000000000004E-10,1.2202E-10,3.1952E-07,-3.1949999999999997E-07
-0.11,0,1.3891000000000002E-10,-2.5181000000000003E-10,1.1515000000000001E-10,3.1948E-07,-3.1948E-07
-0.10500000000000001,0,1.3187E-10,-2.3660000000000004E-10,1.0232E-10,3.1944E-07,-3.1942E-07
-0.1,0,1.2547E-10,-2.1515000000000003E-10,9.029E-11,3.1954E-07,-3.1946E-07
-0.095,0,1.1401000000000002E-10,-2.0273E-10,8.247E-11,3.1958E-07,-3.1952E-07
-0.090000000000000011,0,1.1474000000000001E-10,-1.8215E-10,7.296E-11,3.1944E-07,-3.1938E-07
-0.085,0,1.0502E-10,-1.6875E-10,6.415E-11,3.1949999999999997E-07,-3.1946E-07
-0.08,0,9.8280000000000009E-11,-1.5681E-10,4.9500000000000004E-11,3.1949999999999997E-07,-3.1946E-07
-0.075,0,9.813E-11,-1.3948000000000002E-10,4.4260000000000004E-11,3.1954E-07,-3.1948E-07
-0.07,0,9.7060000000000012E-11,-1.2806000000000002E-10,2.9220000000000004E-11,3.1948E-07,-3.194E-07
-0.065,0,9.017000000000001E-11,-1.1238E-10,1.8470000000000002E-11,3.1954E-07,-3.1946E-07
-0.060000000000000005,0,9.024E-11,-1.0377000000000001E-10,7.54E-12,3.1949999999999997E-07,-3.1942E-07
-0.055,0,9.983E-11,-8.9890000000000012E-11,-3.4500000000000004E-12,3.1958E-07,-3.1952E-07
-0.05,0,9.6810000000000013E-11,-8.2170000000000012E-11,-2.083E-11,3.1952E-07,-3.1946E-07
-0.045000000000000005,0,9.7180000000000007E-11,-7.215E-11,-3.18E-11,3.1952E-07,-3.1952E-07
-0.04,0,1.1029000000000001E-10,-6.049E-11,-4.8990000000000004E-11,3.1948E-07,-3.1946E-07
-0.035,0,1.1968000000000002E-10,-5.2490000000000004E-11,-7.4350000000000007E-11,3.1954E-07,-3.1949999999999997E-07
-0.030000000000000002,0,1.2648E-10,-4.308E-11,-9.09E-11,3.1948E-07,-3.1948E-07
-0.025,0,1.5281000000000001E-10,-3.3880000000000003E-11,-1.1494E-10,3.1948E-07,-3.1946E-07
-0.02,0,1.7289E-10,-2.7400000000000004E-11,-1.4577E-10,3.1942E-07,-3.1944E-07
-0.015000000000000001,0,1.8963000000000002E-10,-2.3220000000000002E-11,-1.7422000000000002E-10,3.1944E-07,-3.1938E-07
-0.01,0,2.2762E-10,-1.0440000000000002E-11,-2.1287E-10,3.1948E-07,-3.1938E-07
-0.005,0,2.6883000000000004E-10,-4.3900000000000005E-12,-2.5038E-10,3.1952E-07,-3.1944E-07
0,0,2.9035000000000004E-10,-2.34E-12,-3.0028E-10,3.1952E-07,-3.1944E-07
0.005,0,3.6252E-10,7.74E-12,-3.6076E-10,3.1952E-07,-3.1948E-07
0.01,0,4.1948000000000003E-10,1.5140000000000002E-11,-4.2997E-10,3.1949999999999997E-07,-3.1942E-07
0.015000000000000001,0,4.9425E-10,1.628E-11,-5.1097E-10,3.1949999999999997E-07,-3.1944E-07
0.02,0,5.6141E-10,2.236E-11,-6.4469000000000008E-10,3.1948E-07,-3.1949999999999997E-07
0.025,0,6.7342E-10,3.0530000000000003E-11,-7.1613000000000009E-10,3.1952E-07,-3.1944E-07
0.030000000000000002,0,7.5997E-10,3.373E-11,-8.6155000000000009E-10,3.1948E-07,-3.1938E-07
0.035,0,9.6054E-10,4.2520000000000005E-11,-9.3447E-10,3.1948E-07,-3.1948E-07
0.04,0,1.14627E-09,4.6040000000000003E-11,-1.1961E-09,3.1956E-07,-3.1956E-07
0.045000000000000005,0,1.3185E-09,4.789E-11,-1.4031E-09,3.1952E-07,-3.1948E-07
0.05,0,1.6123E-09,5.7000000000000004E-11,-1.6106E-09,3.1958E-07,-3.1949999999999997E-07
0.055,0,1.8511E-09,6.564E-11,-1.8769E-09,3.1954E-07,-3.1944E-07
0.060000000000000005,0,2.215E-09,6.578E-11,-2.3274E-09,3.1956E-07,-3.1952E-07
0.065,0,2.6304E-09,7.961000000000001E-11,-2.768E-09,3.1954E-07,-3.1952E-07
0.07,0,3.1105E-09,7.954E-11,-3.1175E-09,3.1956E-07,-3.1952E-07
0.075,0,3.7668E-09,8.82E-11,-3.7978E-09,3.1956E-07,-3.1948E-07
0.08,0,4.4659E-09,9.391E-11,-4.4095E-09,3.1944E-07,-3.1946E-07
0.085,0,5.2428E-09,9.5770000000000009E-11,-5.2956E-09,3.1942E-07,-3.1946E-07
0.090000000000000011,0,6.158E-09,1.0324000000000001E-10,-6.4497E-09,3.1944E-07,-3.194E-07
0.095,0,7.4784E-09,1.1797E-10,-7.5683E-09,3.1949999999999997E-07,-3.1944E-07
0.1,0,8.5671E-09,1.1595000000000001E-10,-8.5742E-09,3.1944E-07,-3.1942E-07
0.10500000000000001,0,9.7336E-09,1.2739E-10,-1.03397E-08,3.1946E-07,-3.1946E-07
0.11,0,1.17798E-08,1.3135000000000002E-10,-1.2096599999999999E-08,3.1948E-07,-3.1952E-07
0.115,0,1.3773799999999999E-08,1.4179E-10,-1.4151599999999998E-08,3.1954E-07,-3.1954E-07
0.12000000000000001,0,1.69766E-08,1.5277E-10,-1.68994E-08,3.1948E-07,-3.1952E-07
0.125,0,1.9892799999999997E-08,1.5985000000000002E-10,-1.9847399999999997E-08,3.1944E-07,-3.1942E-07
0.13,0,2.3083E-08,1.6415000000000002E-10,-2.3218799999999997E-08,3.1956E-07,-3.1952E-07
0.135,0,2.7997799999999996E-08,1.7862000000000003E-10,-2.8144799999999997E-08,3.1948E-07,-3.194E-07
0.14,0,3.2557E-08,1.9089000000000003E-10,-3.0597399999999994E-08,3.1949999999999997E-07,-3.1948E-07
0.14500000000000002,0,3.8257599999999996E-08,2.0155000000000002E-10,-3.80824E-08,3.1948E-07,-3.1942E-07
0.15,0,4.5781999999999993E-08,2.1073E-10,-4.49154E-08,3.1944E-07,-3.1942E-07
0.155,0,5.4047999999999995E-08,2.2373E-10,-5.2676399999999996E-08,3.1954E-07,-3.1952E-07
0.16,0,6.23426E-08,2.4007000000000003E-10,-6.2547399999999993E-08,3.1956E-07,-3.1942E-07
0.165,0,7.48482E-08,2.53E-10,-7.37956E-08,3.1948E-07,-3.1946E-07
0.17,0,8.52972E-08,2.6259E-10,-8.7870399999999987E-08,3.1938E-07,-3.1946E-07
0.17500000000000002,0,9.9539399999999984E-08,2.8047E-10,-9.93886E-08,3.1944E-07,-3.1946E-07
0.18000000000000002,0,1.1383999999999999E-07,2.9234000000000005E-10,-1.1836E-07,3.1944E-07,-3.1946E-07
0.185,0,1.3644E-07,3.1484E-10,-1.3658E-07,3.1949999999999997E-07,-3.1948E-07
0.19,0,1.6163999999999998E-07,3.2726E-10,-1.6548E-07,3.1948E-07,-3.1942E-07
0.195,0,1.7986E-07,3.4923000000000004E-10,-1.8724E-07,3.1948E-07,-3.1952E-07
0.2,0,2.128E-07,3.7091E-10,-2.158E-07,3.1948E-07,-3.1949999999999997E-07
0.20500000000000002,0,2.4816E-07,3.8707000000000004E-10,-2.4022E-07,3.1946E-07,-3.1942E-07
0.21000000000000002,0,2.8092E-07,4.1222000000000005E-10,-2.7964E-07,3.1949999999999997E-07,-3.1952E-07
0.215,0,3.2204E-07,4.3194E-10,-3.1946E-07,3.1944E-07,-3.1948E-07
0.22,0,3.7911999999999997E-07,4.6447000000000005E-10,-3.7118E-07,3.1948E-07,-3.1946E-07
0.225,0,4.1566E-07,4.8788000000000008E-10,-4.3004E-07,3.1946E-07,-3.1942E-07
0.23,0,4.549E-07,5.1701000000000006E-10,-4.5283999999999997E-07,3.1948E-07,-3.1944E-07
0.23500000000000001,0,5.2786E-07,5.5063000000000009E-10,-5.4318E-07,3.1942E-07,-3.1935999999999997E-07
0.24000000000000002,0,5.7216E-07,5.761E-10,-5.7634E-07,3.1949999999999997E-07,-3.1944E-07
0.24500000000000002,0,5.9108E-07,6.1454E-10,-5.9483999999999995E-07,3.1949999999999997E-07,-3.1948E-07
0.25,0,6.4044E-07,6.4842E-10,-6.4552E-07,3.1938E-07,-3.194E-07
0.255,0,6.5172E-07,6.875900000000001E-10,-6.6925999999999995E-07,3.1948E-07,-3.1935999999999997E-07
0.26,0,7.069E-07,7.3413E-10,-7.0452E-07,3.1954E-07,-3.1944E-07
0.265,0,6.7658E-07,7.707800000000001E-10,-6.8017999999999994E-07,3.1944E-07,-3.1944E-07
0.27,0,6.3002E-07,8.2062000000000011E-10,-6.3336E-07,3.1948E-07,-3.1946E-07
0.275,0,5.9641999999999994E-07,8.6862E-10,-6.0048E-07,3.1946E-07,-3.194E-07
0.28,0,4.9648E-07,9.1798000000000007E-10,-4.978E-07,3.1944E-07,-3.1948E-07
0.28500000000000003,0,3.7776E-07,9.7588000000000015E-10,-3.8978E-07,3.1952E-07,-3.1948E-07
0.29000000000000004,0,1.9918E-07,1.03274E-09,-1.9436E-07,3.1948E-07,-3.1946E-07
0.29500000000000004,0,-7.96036E-08,1.09196E-09,1.1293599999999999E-07,3.1942E-07,-3.1946E-07
0.3,0,3.9086E-07,1.1588E-09,2.5236E-07,3.1952E-07,-3.1948E-07
0.305,0,-6.2766E-07,1.2306E-09,6.5794E-07,3.1944E-07,-3.1942E-07
0.31,0,-1.01456E-06,1.2997E-09,1.0548E-06,3.1949999999999997E-07,-3.1949999999999997E-07
0.315,0,-1.6664000000000003E-06,1.3803E-09,1.7324000000000001E-06,3.1935999999999997E-07,-3.1942E-07
0.32,0,-2.2954E-06,1.4613E-09,2.3702E-06,3.1944E-07,-3.194E-07
0.325,0,-3.0495E-06,1.5412E-09,3.0509000000000003E-06,3.1949999999999997E-07,-3.1944E-07
0.33,0,-3.6832000000000006E-06,1.6328E-09,3.8546E-06,3.1944E-07,-3.1946E-07
0.335,0,-4.6956E-06,1.7341E-09,4.6142000000000006E-06,3.1954E-07,-3.1946E-07
0.34,0,-5.5744E-06,1.8281E-09,5.433E-06,3.1948E-07,-3.1942E-07
0.34500000000000003,0,-6.5782000000000008E-06,1.9376E-09,6.6176000000000008E-06,3.1944E-07,-3.1946E-07
0.35000000000000003,0,-7.6759E-06,2.0513E-09,7.686200000000001E-06,3.1948E-07,-3.1942E-07
0.35500000000000004,0,-8.9450000000000016E-06,2.1636E-09,9.0045000000000016E-06,3.1946E-07,-3.1942E-07
0.36000000000000004,0,-1.02201E-05,2.2913E-09,1.0185000000000002E-05,3.1948E-07,-3.1935999999999997E-07
0.365,0,-1.1500100000000002E-05,2.4228E-09,1.1500800000000002E-05,3.1944E-07,-3.1946E-07
0.37,0,-1.2446E-05,2.5594E-09,1.1776E-05,3.1944E-07,-3.194E-07
0.375,0,-1.4974000000000001E-05,2.7048E-09,1.4752E-05,3.1944E-07,-3.1949999999999997E-07
0.38,0,-1.6576000000000002E-05,2.8533E-09,1.665E-05,3.1949999999999997E-07,-3.1946E-07
0.385,0,-1.847E-05,3.0198E-09,1.8466E-05,3.1949999999999997E-07,-3.1942E-07
0.39,0,-2.0458E-05,3.1996E-09,2.05E-05,3.1944E-07,-3.194E-07
0.395,0,-2.2492E-05,3.3601E-09,2.2696E-05,3.1944E-07,-3.1935999999999997E-07
0.4,0,-2.4658E-05,3.5438E-09,2.4796E-05,3.1946E-07,-3.1942E-07
0.405,0,-2.7136000000000002E-05,3.7348E-09,2.6958000000000002E-05,3.1944E-07,-3.1944E-07
0.41000000000000003,0,-2.9366E-05,3.9341E-09,2.9352E-05,3.1942E-07,-3.1942E-07
0.41500000000000004,0,-3.1910000000000004E-05,4.1472E-09,3.1628E-05,3.1948E-07,-3.194E-07
0.42000000000000004,0,-3.4674E-05,4.3664E-09,3.4404E-05,3.1948E-07,-3.1952E-07
0.42500000000000004,0,-3.7064E-05,4.6021E-09,3.7044E-05,3.1948E-07,-3.1942E-07
0.43,0,-4.0028000000000004E-05,4.8377E-09,3.9798E-05,3.1938E-07,-3.1942E-07
0.435,0,-4.2550000000000004E-05,5.0953E-09,4.2578000000000005E-05,3.1948E-07,-3.194E-07
0.44,0,-4.5382E-05,5.3578E-09,4.5348E-05,3.1944E-07,-3.1942E-07
0.445,0,-4.8304000000000004E-05,5.6386E-09,4.838E-05,3.1949999999999997E-07,-3.1946E-07
0.45,0,-5.1294E-05,5.9222E-09,5.1252E-05,3.1942E-07,-3.1944E-07
0.455,0,-5.4396E-05,6.2259E-09,5.4198000000000005E-05,3.1946E-07,-3.1944E-07
0.46,0,-5.734E-05,6.544E-09,5.7052E-05,3.1938E-07,-3.1934E-07
0.465,0,-6.0308E-05,6.8684E-09,6.0278E-05,3.1938E-07,-3.1935999999999997E-07
0.47000000000000003,0,-6.3196E-05,7.2048E-09,6.2984E-05,3.1935999999999997E-07,-3.194E-07
0.47500000000000003,0,-6.6464E-05,7.5765E-09,6.6328E-05,3.194E-07,-3.1938E-07
0.48000000000000004,0,-6.9268E-05,7.9336E-09,6.9294E-05,3.1942E-07,-3.194E-07
0.48500000000000004,0,-7.2274E-05,8.3271E-09,7.2244000000000008E-05,3.1944E-07,-3.1946E-07
0.49000000000000005,0,-7.5088E-05,8.7256E-09,7.4982000000000008E-05,3.1935999999999997E-07,-3.1935999999999997E-07
0.49500000000000005,0,-7.8032E-05,9.1422E-09,7.8108E-05,3.1944E-07,-3.194E-07
0.5,0,-8.1064000000000009E-05,9.6008E-09,8.1062E-05,3.1935999999999997E-07,-3.1934E-07
0.505,0,-8.4226E-05,1.00339E-08,8.4248E-05,3.1942E-07,-3.1942E-07
0.51,0,-8.685E-05,1.04926E-08,8.6704E-05,3.1938E-07,-3.194E-07
0.515,0,-9.0202E-05,1.1013E-08,9.0218000000000009E-05,3.1938E-07,-3.1942E-07
0.52,0,-9.2608E-05,1.15348E-08,9.2772E-05,3.1944E-07,-3.1942E-07
0.525,0,-9.3208E-05,1.20684E-08,9.465600000000001E-05,3.1942E-07,-3.194E-07
0.53,0,-9.5778E-05,1.2610799999999999E-08,9.7106E-05,3.1944E-07,-3.1942E-07
0.535,0,-9.8206E-05,1.3186399999999998E-08,0.00010009400000000001,3.1944E-07,-3.1942E-07
0.54,0,-0.000101,1.3794199999999999E-08,0.00010224600000000001,3.1946E-07,-3.1946E-07
0.545,0,-0.000103762,1.4410799999999998E-08,0.00010529200000000001,3.1946E-07,-3.1942E-07
0.55,0,-0.000106382,1.5065199999999997E-08,0.00010769600000000001,3.1948E-07,-3.1948E-07
0.555,0,-0.00010856800000000001,1.5730399999999998E-08,0.000109678,3.1949999999999997E-07,-3.1935999999999997E-07
0.56,0,-0.00011118200000000001,1.64264E-08,0.00011251,3.1946E-07,-3.1946E-07
0.56500000000000006,0,-0.000113264,1.7172199999999997E-08,0.00011431600000000001,3.1948E-07,-3.1935999999999997E-07
0.57000000000000006,0,-0.000115022,1.79366E-08,0.000115006,3.1948E-07,-3.1946E-07
0.57500000000000007,0,-0.00011502,1.87136E-08,0.00012216,3.1938E-07,-3.1938E-07
0.58000000000000007,0,-0.00012182000000000001,1.9541E-08,0.00012340000000000002,3.1938E-07,-3.1934E-07
0.58500000000000008,0,-0.0001249,2.0405199999999997E-08,0.00012538,3.1942E-07,-3.1935999999999997E-07
0.59000000000000008,0,-0.00012682,2.12748E-08,0.00012532,3.1948E-07,-3.1935999999999997E-07
0.595,0,-0.0001281,2.22064E-08,0.00013088000000000002,3.1935999999999997E-07,-3.1938E-07
0.6,0,-0.00013126000000000001,2.3162E-08,0.00013088000000000002,3.1938E-07,-3.1932E-07
0.605,0,-0.00013382000000000002,2.41942E-08,0.00013072,3.1944E-07,-3.1942E-07
0.61,0,-0.00013688,2.5229599999999997E-08,0.00013482000000000001,3.1944E-07,-3.194E-07
0.615,0,-0.00013728000000000001,2.6324999999999996E-08,0.00013624,3.1946E-07,-3.1942E-07
0.62,0,-0.00014020000000000002,2.7456399999999996E-08,0.00014042000000000001,3.1948E-07,-3.1938E-07
0.625,0,-0.00014196,2.8659799999999996E-08,0.00014206,3.1938E-07,-3.1932E-07
0.63,0,-0.0001426,2.9880399999999995E-08,0.00014282000000000002,3.1938E-07,-3.1932E-07
0.635,0,-0.00014416,3.1166599999999995E-08,0.00014276000000000002,3.1944E-07,-3.1935999999999997E-07
0.64,0,-0.00014706000000000002,3.25078E-08,0.00014504,3.1942E-07,-3.1934E-07
0.645,0,-0.00015228,3.39366E-08,0.00014782,3.1942E-07,-3.1935999999999997E-07
0.65,0,-0.00014758000000000002,3.5377399999999995E-08,0.00014956,3.1944E-07,-3.194E-07
0.655,0,-0.00015214000000000002,3.6897599999999996E-08,0.00015298000000000002,3.1948E-07,-3.194E-07
0.66,0,-0.00015044,3.8514599999999996E-08,0.00015166000000000002,3.1948E-07,-3.1942E-07
0.665,0,-0.00015130000000000002,4.01604E-08,0.00015234000000000002,3.1938E-07,-3.193E-07
0.67,0,-0.0001527,4.1910599999999995E-08,0.00015130000000000002,3.1938E-07,-3.1935999999999997E-07
0.675,0,-0.00015460000000000002,4.37292E-08,0.00015758000000000002,3.1935999999999997E-07,-3.1935999999999997E-07
0.68,0,-0.00015696000000000002,4.5652E-08,0.00015698,3.1944E-07,-3.1938E-07
0.685,0,-0.00015626,4.76288E-08,0.00016140000000000002,3.194E-07,-3.1942E-07
0.69000000000000006,0,-0.00015928,4.97004E-08,0.00016048,3.1942E-07,-3.1944E-07
0.69500000000000006,0,-0.00016370000000000002,5.1867399999999992E-08,0.00016164,3.1949999999999997E-07,-3.1948E-07
0.70000000000000007,0,-0.00016224000000000002,5.4148199999999994E-08,0.00016496000000000002,3.1942E-07,-3.1946E-07
0.70500000000000007,0,-0.00016432,5.6523799999999993E-08,0.00016684000000000002,3.1954E-07,-3.1946E-07
0.71000000000000008,0,-0.0001663,5.9008399999999997E-08,0.00016594,3.1952E-07,-3.1944E-07
0.71500000000000008,0,-0.00016570000000000002,6.1589599999999989E-08,0.0001678,3.1952E-07,-3.1946E-07
0.72000000000000008,0,-0.0001672,6.4323599999999992E-08,0.00016854,3.1949999999999997E-07,-3.1948E-07
0.72500000000000009,0,-0.00016962000000000002,6.71558E-08,0.00016762,3.1948E-07,-3.1944E-07
0.73,0,-0.00016658000000000002,7.0167199999999993E-08,0.00017106,3.1942E-07,-3.1934E-07
0.735,0,-0.00016810000000000002,7.32576E-08,0.00016862000000000002,3.1942E-07,-3.1935999999999997E-07
0.74,0,-0.00017018,7.657659999999999E-08,0.00017470000000000002,3.1942E-07,-3.194E-07
0.745,0,-0.00017436,7.9977199999999986E-08,0.00017384,3.194E-07,-3.194E-07
0.75,0,-0.00017318000000000002,8.3599199999999991E-08,0.000175,3.1944E-07,-3.1944E-07
0.755,0,-0.00017308000000000002,8.736819999999999E-08,0.00017414,3.1942E-07,-3.1942E-07
0.76,0,-0.00017716000000000002,9.1325999999999993E-08,0.00017686,3.194E-07,-3.1935999999999997E-07
0.765,0,-0.00017524,9.54492E-08,0.00017874,3.1944E-07,-3.1938E-07
0.77,0,-0.00017894000000000002,9.985059999999999E-08,0.00018014000000000002,3.1946E-07,-3.1946E-07
0.775,0,-0.0001767,1.044078E-07,0.0001795,3.194E-07,-3.194E-07
0.78,0,-0.00017710000000000002,1.0921159999999999E-07,0.00017964,3.1935999999999997E-07,-3.1942E-07
0.785,0,-0.00017680000000000002,1.1414019999999999E-07,0.00018150000000000002,3.1942E-07,-3.194E-07
0.79,0,-0.00018040000000000002,1.195E-07,0.00018162,3.1944E-07,-3.1942E-07
0.795,0,-0.00018254000000000002,1.2502E-07,0.00017910000000000002,3.1944E-07,-3.1935999999999997E-07
0.8,0,-0.00018584000000000002,1.3078E-07,0.0001821,3.1944E-07,-3.1942E-07
0.805,0,-0.00017968000000000001,1.3694E-07,0.00018316,3.1944E-07,-3.1946E-07
0.81,0,-0.00018338000000000002,1.433E-07,0.00018548000000000002,3.194E-07,-3.1938E-07
0.81500000000000006,0,-0.00018524,1.5012E-07,0.00018458,3.1944E-07,-3.1942E-07
0.82000000000000006,0,-0.00018314,1.571E-07,0.00018446,3.1948E-07,-3.1942E-07
0.82500000000000007,0,-0.00018544,1.6469999999999999E-07,0.00018286000000000002,3.1946E-07,-3.1942E-07
0.83000000000000007,0,-0.00018720000000000002,1.7254E-07,0.00018878000000000002,3.1942E-07,-3.1942E-07
0.83500000000000008,0,-0.00018626000000000002,1.8092E-07,0.00018806,3.1948E-07,-3.1944E-07
0.84000000000000008,0,-0.00019072000000000002,1.8962E-07,0.00018538000000000002,3.1944E-07,-3.194E-07
0.84500000000000008,0,-0.00018916,1.9888E-07,0.00018838,3.1949999999999997E-07,-3.1946E-07
0.85000000000000009,0,-0.00019026,2.0834E-07,0.00019004000000000002,3.1944E-07,-3.194E-07
0.85500000000000009,0,-0.00018932,2.1862E-07,0.00019208000000000002,3.1948E-07,-3.194E-07
0.86,0,-0.00019314,2.2904E-07,0.00018966000000000002,3.1942E-07,-3.1942E-07
0.865,0,-0.00019166000000000002,2.4024E-07,0.0001922,3.1944E-07,-3.1942E-07
0.87,0,-0.00019172000000000001,2.5194E-07,0.00019326,3.1944E-07,-3.1938E-07
0.875,0,-0.00019234000000000002,2.6436E-07,0.00019236,3.1942E-07,-3.1942E-07
0.88,0,-0.00019690000000000002,2.7742E-07,0.00019378,3.1944E-07,-3.1935999999999997E-07
0.885,0,-0.00019254000000000002,2.912E-07,0.00019318000000000002,3.1938E-07,-3.1942E-07
0.89,0,-0.00019086,3.0558E-07,0.00019512000000000002,3.194E-07,-3.194E-07
0.895,0,-0.00019508,3.2088E-07,0.00019654,3.1938E-07,-3.1944E-07
0.9,0,-0.00019742000000000002,3.3684E-07,0.00019424,3.1942E-07,-3.1946E-07
-0.3,0.01,1.0825E-09,-1.9983E-09,9.1115000000000011E-10,3.1944E-07,-3.1942E-07
-0.29500000000000004,0.01,1.0443E-09,-1.9265E-09,8.7916000000000009E-10,3.1935999999999997E-07,-3.1935999999999997E-07
-0.29000000000000004,0.01,1.0015E-09,-1.8443E-09,8.4332E-10,3.1938E-07,-3.1934E-07
-0.28500000000000003,0.01,9.6857E-10,-1.7776E-09,8.1297E-10,3.1944E-07,-3.1948E-07
-0.28,0.01,9.3109E-10,-1.7001E-09,7.7452E-10,3.1942E-07,-3.194E-07
-0.275,0.01,8.9389000000000011E-10,-1.6417E-09,7.4876E-10,3.1938E-07,-3.1935999999999997E-07
-0.27,0.01,8.7074E-10,-1.5717E-09,7.190000000000001E-10,3.1948E-07,-3.1948E-07
-0.265,0.01,8.2241000000000006E-10,-1.5086E-09,6.87E-10,3.194E-07,-3.193E-07
-0.26,0.01,8.0079000000000009E-10,-1.4499E-09,6.5983000000000009E-10,3.1944E-07,-3.1935999999999997E-07
-0.255,0.01,7.6157000000000009E-10,-1.3838E-09,6.3265000000000008E-10,3.1942E-07,-3.194E-07
-0.25,0.01,7.2943E-10,-1.3296E-09,6.0139E-10,3.1934E-07,-3.1934E-07
-0.24500000000000002,0.01,7.0611000000000006E-10,-1.2723E-09,5.7567E-10,3.1935999999999997E-07,-3.1935999999999997E-07
-0.24000000000000002,0.01,6.713E-10,-1.2119E-09,5.5281000000000008E-10,3.1938E-07,-3.1935999999999997E-07
-0.23500000000000001,0.01,6.4877E-10,-1.1623E-09,5.2333E-10,3.1935999999999997E-07,-3.1935999999999997E-07
-0.23,0.01,6.1792000000000007E-10,-1.1114E-09,5.0467000000000008E-10,3.1938E-07,-3.1938E-07
-0.225,0.01,5.9519000000000009E-10,-1.0553E-09,4.7760000000000009E-10,3.1938E-07,-3.1944E-07
-0.22,0.01,5.6392000000000005E-10,-1.0201E-09,4.4690000000000003E-10,3.1942E-07,-3.1942E-07
-0.215,0.01,5.4165000000000009E-10,-9.6496000000000015E-10,4.2847E-10,3.1944E-07,-3.1944E-07
-0.21000000000000002,0.01,5.2134000000000008E-10,-9.1688E-10,4.1429E-10,3.1942E-07,-3.1942E-07
-0.20500000000000002,0.01,4.8772E-10,-8.7267E-10,3.9162000000000004E-10,3.1954E-07,-3.1948E-07
-0.2,0.01,4.7749000000000007E-10,-8.3435E-10,3.7206E-10,3.1942E-07,-3.1935999999999997E-07
-0.195,0.01,4.4498000000000005E-10,-7.803500000000001E-10,3.5451000000000005E-10,3.1954E-07,-3.1946E-07
-0.19,0.01,4.2519000000000006E-10,-7.4745E-10,3.3164E-10,3.1942E-07,-3.1946E-07
-0.185,0.01,4.1096000000000005E-10,-7.1535E-10,3.1729000000000005E-10,3.1948E-07,-3.1948E-07
-0.18000000000000002,0.01,3.8441E-10,-6.6783000000000006E-10,2.9589E-10,3.1944E-07,-3.1942E-07
-0.17500000000000002,0.01,3.7152000000000003E-10,-6.3759000000000007E-10,2.7924E-10,3.1948E-07,-3.1948E-07
-0.17,0.01,3.5367000000000003E-10,-6.0079000000000005E-10,2.652E-10,3.1948E-07,-3.1948E-07
-0.165,0.01,3.3522E-10,-5.6441E-10,2.4492E-10,3.1949999999999997E-07,-3.1952E-07
-0.16,0.01,3.1896E-10,-5.3522E-10,2.3417000000000003E-10,3.1949999999999997E-07,-3.1944E-07
-0.155,0.01,3.0523000000000004E-10,-5.044E-10,2.1499000000000003E-10,3.1946E-07,-3.1946E-07
-0.15,0.01,2.9393000000000004E-10,-4.7719000000000009E-10,2.026E-10,3.1946E-07,-3.1949999999999997E-07
-0.14500000000000002,0.01,2.7255E-10,-4.4798000000000004E-10,1.8729E-10,3.1952E-07,-3.1954E-07
-0.14,0.01,2.6189E-10,-4.1750000000000006E-10,1.7106E-10,3.1952E-07,-3.1948E-07
-0.135,0.01,2.5428E-10,-3.9506000000000003E-10,1.5918E-10,3.1942E-07,-3.1949999999999997E-07
-0.13,0.01,2.3668E-10,-3.6623000000000004E-10,1.4372000000000002E-10,3.1946E-07,-3.1952E-07
-0.125,0.01,2.2892000000000002E-10,-3.4089000000000005E-10,1.3011E-10,3.1954E-07,-3.1946E-07
-0.12000000000000001,0.01,2.2465000000000002E-10,-3.2051E-10,1.1634000000000001E-10,3.1934E-07,-3.1938E-07
-0.115,0.01,2.1165000000000001E-10,-2.9701000000000004E-10,1.0279000000000001E-10,3.1938E-07,-3.1942E-07
-0.11,0.01,2.0626000000000002E-10,-2.7757E-10,8.633E-11,3.1942E-07,-3.1946E-07
-0.10500000000000001,0.01,2.0202000000000002E-10,-2.5523E-10,7.371000000000001E-11,3.1948E-07,-3.1948E-07
-0.1,0.01,1.9871E-10,-2.3932E-10,5.4000000000000007E-11,3.1944E-07,-3.194E-07
-0.095,0.01,1.9522000000000003E-10,-2.2181E-10,4.024E-11,3.1935999999999997E-07,-3.1934E-07
-0.090000000000000011,0.01,1.9484000000000002E-10,-1.9806E-10,2.0510000000000002E-11,3.1948E-07,-3.1946E-07
-0.085,0.01,2.0094E-10,-1.8907000000000003E-10,1.3800000000000002E-12,3.1935999999999997E-07,-3.1946E-07
-0.08,0.01,2.0711000000000002E-10,-1.7113E-10,-1.637E-11,3.1938E-07,-3.1942E-07
-0.075,0.01,2.1061E-10,-1.5167E-10,-4.282E-11,3.1952E-07,-3.1946E-07
-0.07,0.01,2.2668E-10,-1.4389E-10,-6.5720000000000007E-11,3.1942E-07,-3.1938E-07
-0.065,0.01,2.4638000000000003E-10,-1.3686E-10,-9.437E-11,3.1944E-07,-3.194E-07
-0.060000000000000005,0.01,2.564E-10,-1.1285E-10,-1.2681E-10,3.1944E-07,-3.1942E-07
-0.055,0.01,2.9218E-10,-1.0636000000000001E-10,-1.6782000000000002E-10,3.194E-07,-3.1944E-07
-0.05,0.01,3.181E-10,-9.561E-11,-2.1537000000000003E-10,3.1938E-07,-3.1934E-07
-0.045000000000000005,0.01,3.6685000000000003E-10,-8.327E-11,-2.5976000000000004E-10,3.1942E-07,-3.194E-07
-0.04,0.01,4.012E-10,-6.6710000000000008E-11,-3.226E-10,3.1935999999999997E-07,-3.1935999999999997E-07
-0.035,0.01,4.6791E-10,-7.097E-11,-3.9485000000000004E-10,3.1946E-07,-3.1938E-07
-0.030000000000000002,0.01,5.4608E-10,-5.382E-11,-4.6353000000000005E-10,3.1935999999999997E-07,-3.1938E-07
-0.025,0.01,6.2035E-10,-3.816E-11,-5.6423E-10,3.1942E-07,-3.1938E-07
-0.02,0.01,7.2339E-10,-4.403E-11,-6.5584000000000008E-10,3.1942E-07,-3.1944E-07
-0.015000000000000001,0.01,8.4343000000000005E-10,-2.5250000000000003E-11,-7.9225E-10,3.1946E-07,-3.1942E-07
-0.01,0.01,9.8644000000000016E-10,-1.8800000000000002E-11,-9.3725E-10,3.1948E-07,-3.1944E-07
-0.005,0.01,1.14302E-09,-1.95E-11,-1.10968E-09,3.1948E-07,-3.1938E-07
0,0.01,1.3394E-09,-9.2100000000000013E-12,-1.3241E-09,3.1944E-07,-3.194E-07
0.005,0.01,1.5897E-09,-1E-12,-1.5576E-09,3.1944E-07,-3.1942E-07
0.01,0.01,1.8709E-09,3.5400000000000003E-12,-1.8485E-09,3.1944E-07,-3.1952E-07
0.015000000000000001,0.01,2.1487E-09,1.473E-11,-2.1585E-09,3.1942E-07,-3.1942E-07
0.02,0.01,2.5696E-09,1.79E-11,-2.5985E-09,3.1949999999999997E-07,-3.194E-07
0.025,0.01,3.0464E-09,2.8E-13,-3.0493E-09,3.1944E-07,-3.194E-07
0.030000000000000002,0.01,3.5891E-09,4.8240000000000006E-11,-3.5483E-09,3.1944E-07,-3.1948E-07
0.035,0.01,4.2204E-09,4.56E-11,-4.2376E-09,3.1944E-07,-3.1935999999999997E-07
0.04,0.01,4.9815E-09,2.978E-11,-5.0015E-09,3.1944E-07,-3.1942E-07
0.045000000000000005,0.01,5.9162E-09,6.732E-11,-5.9002E-09,3.1946E-07,-3.1942E-07
0.05,0.01,6.9572E-09,5.3010000000000006E-11,-7.079E-09,3.1938E-07,-3.1942E-07
0.055,0.01,8.2706E-09,4.2960000000000006E-11,-8.2651E-09,3.1934E-07,-3.1935999999999997E-07
0.060000000000000005,0.01,9.8044E-09,6.94E-11,-9.8163E-09,3.1944E-07,-3.1946E-07
0.065,0.01,1.17016E-08,6.51E-11,-1.1750999999999999E-08,3.1944E-07,-3.1946E-07
0.07,0.01,1.3696199999999998E-08,7.786E-11,-1.3638E-08,3.1948E-07,-3.1946E-07
0.075,0.01,1.6295799999999998E-08,8.464E-11,-1.63326E-08,3.1944E-07,-3.1942E-07
0.08,0.01,1.929E-08,8.043E-11,-1.9258399999999998E-08,3.1942E-07,-3.1938E-07
0.085,0.01,2.2633399999999997E-08,8.795E-11,-2.26816E-08,3.1938E-07,-3.194E-07
0.090000000000000011,0.01,2.6981399999999997E-08,1.0242000000000001E-10,-2.70912E-08,3.1938E-07,-3.1935999999999997E-07
0.095,0.01,3.22518E-08,1.0731E-10,-3.2308999999999995E-08,3.1942E-07,-3.194E-07
0.1,0.01,3.8258E-08,1.0566000000000001E-10,-3.8224799999999996E-08,3.194E-07,-3.193E-07
0.10500000000000001,0.01,4.5161799999999994E-08,1.1474000000000001E-10,-4.5577399999999994E-08,3.1938E-07,-3.1938E-07
0.11,0.01,5.34342E-08,1.281E-10,-5.3900399999999995E-08,3.1938E-07,-3.194E-07
0.115,0.01,6.3477399999999988E-08,1.3038000000000002E-10,-6.38922E-08,3.1946E-07,-3.1934E-07
0.12000000000000001,0.01,7.44904E-08,1.3718E-10,-7.5271599999999992E-08,3.194E-07,-3.1942E-07
0.125,0.01,8.8820999999999985E-08,1.5072000000000002E-10,-8.85762E-08,3.1942E-07,-3.194E-07
0.13,0.01,1.0592739999999999E-07,1.6221E-10,-1.056906E-07,3.1944E-07,-3.1948E-07
0.135,0.01,1.2576E-07,1.6429E-10,-1.2542E-07,3.1946E-07,-3.1944E-07
0.14,0.01,1.4714E-07,1.8102E-10,-1.4774E-07,3.1942E-07,-3.1935999999999997E-07
0.14500000000000002,0.01,1.7524E-07,1.882E-10,-1.7718E-07,3.1938E-07,-3.1934E-07
0.15,0.01,2.0867999999999999E-07,2.0013E-10,-2.0902E-07,3.1944E-07,-3.1935999999999997E-07
0.155,0.01,2.459E-07,2.1683000000000002E-10,-2.4308E-07,3.1942E-07,-3.1938E-07
0.16,0.01,2.9114E-07,2.2050000000000001E-10,-2.897E-07,3.1935999999999997E-07,-3.1934E-07
0.165,0.01,3.4134E-07,2.4012E-10,-3.4288E-07,3.1942E-07,-3.1946E-07
0.17,0.01,4.03E-07,2.4936E-10,-4.0231999999999997E-07,3.1938E-07,-3.1935999999999997E-07
0.17500000000000002,0.01,4.6766E-07,2.6181E-10,-4.7435999999999997E-07,3.1942E-07,-3.1934E-07
0.18000000000000002,0.01,5.609E-07,2.7967000000000003E-10,-5.5632E-07,3.1942E-07,-3.1938E-07
0.185,0.01,6.6212E-07,2.9404E-10,-6.5963999999999994E-07,3.1935999999999997E-07,-3.1946E-07
0.19,0.01,7.693E-07,3.1051000000000005E-10,-7.7307999999999993E-07,3.1944E-07,-3.1942E-07
0.195,0.01,9.0641999999999993E-07,3.3102E-10,-9.1476E-07,3.1938E-07,-3.1935999999999997E-07
0.2,0.01,1.07122E-06,3.4355E-10,-1.07502E-06,3.194E-07,-3.1935999999999997E-07
0.20500000000000002,0.01,1.2680000000000002E-06,3.6723000000000003E-10,-1.2855000000000002E-06,3.1942E-07,-3.1944E-07
0.21000000000000002,0.01,1.5035E-06,3.8845000000000004E-10,-1.5177E-06,3.1948E-07,-3.1952E-07
0.215,0.01,1.7548000000000001E-06,4.1268E-10,-1.7397000000000003E-06,3.1944E-07,-3.194E-07
0.22,0.01,2.0516000000000004E-06,4.3230000000000005E-10,-2.0673E-06,3.1948E-07,-3.194E-07
0.225,0.01,2.4096E-06,4.6226E-10,-2.4145000000000003E-06,3.1944E-07,-3.1946E-07
0.23,0.01,2.7778000000000003E-06,4.8325000000000006E-10,-2.7941000000000005E-06,3.1946E-07,-3.1942E-07
0.23500000000000001,0.01,3.2936000000000005E-06,5.1312000000000009E-10,-3.2468000000000004E-06,3.1938E-07,-3.1942E-07
0.24000000000000002,0.01,3.7871000000000006E-06,5.4719E-10,-3.7963000000000004E-06,3.1944E-07,-3.1942E-07
0.24500000000000002,0.01,4.4435000000000007E-06,5.7141E-10,-4.3667E-06,3.1948E-07,-3.194E-07
0.25,0.01,5.1140000000000005E-06,6.1575000000000007E-10,-5.1469000000000006E-06,3.1948E-07,-3.1948E-07
0.255,0.01,5.9389000000000009E-06,6.4788E-10,-5.9428000000000009E-06,3.1948E-07,-3.1952E-07
0.26,0.01,6.8937000000000006E-06,6.8421000000000006E-10,-6.8033000000000006E-06,3.1949999999999997E-07,-3.1938E-07
0.265,0.01,7.8711000000000016E-06,7.3555E-10,-7.8763000000000011E-06,3.1938E-07,-3.1948E-07
0.27,0.01,9.0736E-06,7.6971E-10,-9.0493000000000016E-06,3.1949999999999997E-07,-3.1949999999999997E-07
0.275,0.01,1.04355E-05,8.216E-10,-1.0461300000000001E-05,3.1946E-07,-3.1942E-07
0.28,0.01,1.201E-05,8.6045000000000006E-10,-1.183E-05,3.1952E-07,-3.1948E-07
0.28500000000000003,0.01,1.3604E-05,9.184900000000001E-10,-1.3718E-05,3.1938E-07,-3.1942E-07
0.29000000000000004,0.01,1.5692E-05,9.7712E-10,-1.5636E-05,3.1932E-07,-3.1934E-07
0.29500000000000004,0.01,1.7864E-05,1.02857E-09,-1.7806000000000002E-05,3.1935999999999997E-07,-3.1932E-07
0.3,0.01,2.0232000000000002E-05,1.09355E-09,-2.0280000000000002E-05,3.1935999999999997E-07,-3.1934E-07
0.305,0.01,2.325E-05,1.157E-09,-2.3152E-05,3.1938E-07,-3.1938E-07
0.31,0.01,2.6284E-05,1.231E-09,-2.6450000000000003E-05,3.194E-07,-3.1942E-07
0.315,0.01,3.004E-05,1.2964E-09,-3.0104000000000002E-05,3.194E-07,-3.1934E-07
0.32,0.01,3.4436E-05,1.3756E-09,-3.4322E-05,3.1938E-07,-3.193E-07
0.325,0.01,3.91E-05,1.4575E-09,-3.9194000000000005E-05,3.1934E-07,-3.1934E-07
0.33,0.01,4.4750000000000004E-05,1.5432E-09,-4.4622E-05,3.194E-07,-3.1942E-07
0.335,0.01,5.0766E-05,1.635E-09,-5.0824E-05,3.1944E-07,-3.194E-07
0.34,0.01,5.7736000000000004E-05,1.7222E-09,-5.7732E-05,3.1944E-07,-3.1942E-07
0.34500000000000003,0.01,6.5438E-05,1.8322E-09,-6.557E-05,3.1944E-07,-3.1942E-07
0.35000000000000003,0.01,7.4078E-05,1.9332E-09,-7.3876000000000009E-05,3.1948E-07,-3.1949999999999997E-07
0.35500000000000004,0.01,8.3922E-05,2.0448E-09,-8.3796000000000009E-05,3.1952E-07,-3.1942E-07
0.36000000000000004,0.01,9.424800000000001E-05,2.166E-09,-9.4298E-05,3.1942E-07,-3.1946E-07
0.365,0.01,0.00010615,2.2939E-09,-0.000106138,3.1948E-07,-3.1946E-07
0.37,0.01,0.00011930000000000001,2.4191E-09,-0.00011908,3.1948E-07,-3.1949999999999997E-07
0.375,0.01,0.00013352,2.5578E-09,-0.00013304000000000001,3.1946E-07,-3.194E-07
0.38,0.01,0.00014842000000000002,2.7008E-09,-0.00014792,3.1946E-07,-3.1948E-07
0.385,0.01,0.00016484,2.8537E-09,-0.00016460000000000002,3.1949999999999997E-07,-3.1949999999999997E-07
0.39,0.01,0.00018208000000000002,3.0078E-09,-0.00018184,3.1938E-07,-3.1944E-07
0.395,0.01,0.00020102000000000002,3.1768E-09,-0.0002009,3.1946E-07,-3.1952E-07
0.4,0.01,0.00022062,3.3536E-09,-0.00022064,3.1938E-07,-3.1935999999999997E-07
0.405,0.01,0.00024196000000000002,3.5323E-09,-0.00024166000000000001,3.1946E-07,-3.1938E-07
0.41000000000000003,0.01,0.00026382,3.7308E-09,-0.0002632,3.1944E-07,-3.1944E-07
0.41500000000000004,0.01,0.00028634,3.9282E-09,-0.00028666,3.194E-07,-3.194E-07
0.42000000000000004,0.01,0.00030968,4.1334E-09,-0.0003097,3.194E-07,-3.194E-07
0.42500000000000004,0.01,0.00033542,4.3601E-09,-0.00033518,3.1934E-07,-3.194E-07
0.43,0.01,0.00036114000000000003,4.5854E-09,-0.00036052,3.1942E-07,-3.1932E-07
0.435,0.01,0.00038774,4.8299E-09,-0.00038654000000000005,3.1938E-07,-3.1935999999999997E-07
0.44,0.01,0.00041502000000000005,5.0813E-09,-0.00041332,3.1938E-07,-3.1935999999999997E-07
0.445,0.01,0.00044206000000000003,5.3465E-09,-0.00044108000000000005,3.1942E-07,-3.194E-07
0.45,0.01,0.00046986,5.6219E-09,-0.00046942,3.1934E-07,-3.194E-07
0.455,0.01,0.00049926000000000007,5.9092E-09,-0.00049834,3.194E-07,-3.194E-07
0.46,0.01,0.00052682,6.2004E-09,-0.00052656,3.1938E-07,-3.1935999999999997E-07
0.465,0.01,0.00055772,6.5139E-09,-0.00055660000000000009,3.1935999999999997E-07,-3.194E-07
0.47000000000000003,0.01,0.00058648,6.8405E-09,-0.00058672,3.1942E-07,-3.193E-07
0.47500000000000003,0.01,0.00061552,7.1791E-09,-0.00061504000000000007,3.1944E-07,-3.1935999999999997E-07
0.48000000000000004,0.01,0.00064518000000000008,7.5235E-09,-0.00064408,3.194E-07,-3.194E-07
0.48500000000000004,0.01,0.0006736,7.9143E-09,-0.00067448000000000009,3.1938E-07,-3.1934E-07
0.49000000000000005,0.01,0.00070396,8.2861E-09,-0.00070286,3.194E-07,-3.1938E-07
0.49500000000000005,0.01,0.00073244,8.6751E-09,-0.00073304,3.1942E-07,-3.194E-07
0.5,0.01,0.00076328000000000008,9.0896E-09,-0.00076204000000000007,3.1946E-07,-3.1938E-07
0.505,0.01,0.0007883600000000001,9.5218E-09,-0.00079062,3.1944E-07,-3.1946E-07
0.51,0.01,0.00081708000000000008,9.9699E-09,-0.0008184,3.1949999999999997E-07,-3.1944E-07
0.515,0.01,0.00084624000000000006,1.04412E-08,-0.00084604,3.1935999999999997E-07,-3.1944E-07
0.52,0.01,0.00087510000000000007,1.09186E-08,-0.00087486000000000009,3.1948E-07,-3.1948E-07
0.525,0.01,0.0009033200000000001,1.14512E-08,-0.00090230000000000009,3.1942E-07,-3.1942E-07
0.53,0.01,0.00092902,1.19854E-08,-0.00093006,3.1944E-07,-3.1949999999999997E-07
0.535,0.01,0.00095688,1.2533199999999998E-08,-0.000956,3.1948E-07,-3.194E-07
0.54,0.01,0.0009801,1.31044E-08,-0.00098188,3.1949999999999997E-07,-3.1952E-07
0.545,0.01,0.0010068800000000001,1.3697799999999999E-08,-0.00100762,3.1948E-07,-3.1944E-07
0.55,0.01,0.00103308,1.4311799999999999E-08,-0.00103522,3.1944E-07,-3.1946E-07
0.555,0.01,0.0010580400000000001,1.49568E-08,-0.00105872,3.1946E-07,-3.1948E-07
0.56,0.01,0.0010835200000000001,1.56204E-08,-0.0010818800000000001,3.1938E-07,-3.1948E-07
0.56500000000000006,0.01,0.00110558,1.6314999999999998E-08,-0.00110544,3.1949999999999997E-07,-3.1944E-07
0.57000000000000006,0.01,0.00112904,1.7046999999999997E-08,-0.0011279,3.1948E-07,-3.1946E-07
0.57500000000000007,0.01,0.0011500800000000002,1.7784399999999997E-08,-0.00114978,3.1944E-07,-3.1942E-07
0.58000000000000007,0.01,0.0011746,1.8555999999999998E-08,-0.0011748,3.1949999999999997E-07,-3.1944E-07
0.58500000000000008,0.01,0.0011974,1.9376799999999998E-08,-0.0011962000000000001,3.194E-07,-3.1942E-07
0.59000000000000008,0.01,0.0012208,2.0223599999999998E-08,-0.0012178,3.1948E-07,-3.1948E-07
0.595,0.01,0.0012394,2.1119399999999997E-08,-0.0012408,3.1948E-07,-3.1944E-07
0.6,0.01,0.0012602,2.2023799999999998E-08,-0.0012608,3.1944E-07,-3.194E-07
0.605,0.01,0.00128,2.30002E-08,-0.0012812000000000001,3.1944E-07,-3.1944E-07
0.61,0.01,0.001299,2.3961199999999996E-08,-0.0012986,3.1944E-07,-3.1942E-07
0.615,0.01,0.0013206000000000001,2.5020999999999996E-08,-0.0013184,3.1944E-07,-3.1946E-07
0.62,0.01,0.0013368,2.6091399999999997E-08,-0.0013390000000000001,3.1938E-07,-3.1938E-07
0.625,0.01,0.0013546,2.7230799999999997E-08,-0.0013556,3.1942E-07,-3.1946E-07
0.63,0.01,0.0013736,2.8381399999999996E-08,-0.0013736,3.1942E-07,-3.1926E-07
0.635,0.01,0.00139,2.9619399999999997E-08,-0.0013912,3.1938E-07,-3.1935999999999997E-07
0.64,0.01,0.001408,3.0899E-08,-0.001408,3.1938E-07,-3.1946E-07
0.645,0.01,0.001426,3.22284E-08,-0.0014256,3.1949999999999997E-07,-3.1946E-07
0.65,0.01,0.00144,3.36228E-08,-0.0014386,3.1935999999999997E-07,-3.1935999999999997E-07
0.655,0.01,0.001454,3.50578E-08,-0.0014538,3.1942E-07,-3.1935999999999997E-07
0.66,0.01,0.0014734,3.6571E-08,-0.0014694,3.1938E-07,-3.1944E-07
0.665,0.01,0.0014856000000000001,3.8149799999999997E-08,-0.0014868,3.1942E-07,-3.1932E-07
0.67,0.01,0.0015022,3.9794E-08,-0.001501,3.1942E-07,-3.194E-07
0.675,0.01,0.001515,4.15046E-08,-0.0015156,3.1935999999999997E-07,-3.194E-07
0.68,0.01,0.0015278,4.3320599999999993E-08,-0.0015288,3.1935999999999997E-07,-3.1942E-07
0.685,0.01,0.0015414,4.5196799999999993E-08,-0.0015404,3.1946E-07,-3.1944E-07
0.69000000000000006,0.01,0.001555,4.7170399999999993E-08,-0.0015556,3.1938E-07,-3.1935999999999997E-07
0.69500000000000006,0.01,0.0015676,4.9220599999999993E-08,-0.0015662,3.1935999999999997E-07,-3.1938E-07
0.70000000000000007,0.01,0.0015826,5.1365599999999996E-08,-0.0015806,3.1938E-07,-3.1938E-07
0.70500000000000007,0.01,0.0015956,5.36076E-08,-0.001593,3.1938E-07,-3.1935999999999997E-07
0.71000000000000008,0.01,0.0016062000000000001,5.5972999999999994E-08,-0.0016048,3.1935999999999997E-07,-3.194E-07
0.71500000000000008,0.01,0.0016186,5.8391599999999996E-08,-0.0016178,3.1934E-07,-3.193E-07
0.72000000000000008,0.01,0.0016288000000000001,6.0973E-08,-0.001628,3.1935999999999997E-07,-3.1938E-07
0.72500000000000009,0.01,0.0016378,6.36604E-08,-0.0016388,3.1938E-07,-3.1935999999999997E-07
0.73,0.01,0.0016508,6.6485199999999987E-08,-0.0016506000000000001,3.1938E-07,-3.1942E-07
0.735,0.01,0.0016602000000000001,6.93992E-08,-0.0016606000000000001,3.1946E-07,-3.1942E-07
0.74,0.01,0.0016728000000000001,7.25054E-08,-0.0016702,3.194E-07,-3.1935999999999997E-07
0.745,0.01,0.0016832,7.57228E-08,-0.0016806,3.1944E-07,-3.1935999999999997E-07
0.75,0.01,0.0016896,7.9162199999999989E-08,-0.0016916000000000001,3.194E-07,-3.1938E-07
0.755,0.01,0.0017012,8.26878E-08,-0.0017006,3.1938E-07,-3.194E-07
0.76,0.01,0.0017086,8.6450799999999987E-08,-0.0017094,3.1942E-07,-3.193E-07
0.765,0.01,0.0017212,9.0341999999999989E-08,-0.0017182,3.1944E-07,-3.1942E-07
0.77,0.01,0.0017292,9.4465599999999985E-08,-0.00173,3.1942E-07,-3.1942E-07
0.775,0.01,0.001735,9.8736399999999987E-08,-0.0017364000000000001,3.1938E-07,-3.1938E-07
0.78,0.01,0.0017472,1.03278E-07,-0.0017466,3.1938E-07,-3.1944E-07
0.785,0.01,0.0017540000000000001,1.0796579999999999E-07,-0.0017564,3.194E-07,-3.194E-07
0.79,0.01,0.0017622,1.129626E-07,-0.001763,3.1942E-07,-3.194E-07
0.795,0.01,0.0017706,1.1823999999999999E-07,-0.0017708,3.1938E-07,-3.1942E-07
0.8,0.01,0.0017784,1.2366E-07,-0.0017792,3.1938E-07,-3.1934E-07
0.805,0.01,0.001786,1.2946E-07,-0.0017834,3.1935999999999997E-07,-3.1935999999999997E-07
0.81,0.01,0.0017908,1.3542E-07,-0.0017904,3.1938E-07,-3.1942E-07
0.81500000000000006,0.01,0.0018014,1.4192E-07,-0.0017976000000000001,3.1938E-07,-3.1942E-07
0.82000000000000006,0.01,0.0018066,1.4854E-07,-0.0018084,3.194E-07,-3.1935999999999997E-07
0.82500000000000007,0.01,0.0018156000000000001,1.5558E-07,-0.0018166,3.1938E-07,-3.1946E-07
0.83000000000000007,0.01,0.001823,1.6294E-07,-0.0018212,3.1944E-07,-3.194E-07
0.83500000000000008,0.01,0.0018312,1.7068E-07,-0.0018264,3.1935999999999997E-07,-3.1942E-07
0.84000000000000008,0.01,0.0018348000000000002,1.7879999999999999E-07,-0.001837,3.1942E-07,-3.1944E-07
0.84500000000000008,0.01,0.0018416,1.8752E-07,-0.0018438,3.1944E-07,-3.194E-07
0.85000000000000009,0.01,0.0018504,1.9638E-07,-0.001848,3.1938E-07,-3.1946E-07
0.85500000000000009,0.01,0.0018538,2.0598E-07,-0.001854,3.1952E-07,-3.1954E-07
0.86,0.01,0.0018596,2.1581999999999998E-07,-0.0018608000000000001,3.1954E-07,-3.1949999999999997E-07
0.865,0.01,0.0018652,2.2658E-07,-0.0018686,3.1952E-07,-3.1946E-07
0.87,0.01,0.0018728,2.3744E-07,-0.0018696000000000001,3.1949999999999997E-07,-3.1949999999999997E-07
0.875,0.01,0.0018792000000000001,2.4912E-07,-0.0018798,3.1949999999999997E-07,-3.1948E-07
0.88,0.01,0.001884,2.613E-07,-0.0018864,3.1948E-07,-3.1948E-07
0.885,0.01,0.0018898,2.7436E-07,-0.0018886,3.1944E-07,-3.1952E-07
0.89,0.01,0.001894,2.8779999999999997E-07,-0.0018944,3.1948E-07,-3.1949999999999997E-07
0.895,0.01,0.0018992,3.0228E-07,-0.0018986,3.1949999999999997E-07,-3.1952E-07
0.9,0.01,0.001904,3.1722E-07,-0.001905,3.1948E-07,-3.1948E-07
-0.3,0.02,1.1804E-09,-2.0769E-09,9.1231E-10,3.1944E-07,-3.194E-07
-0.29500000000000004,0.02,1.1369E-09,-2.0048E-09,8.7867E-10,3.1942E-07,-3.1935999999999997E-07
-0.29000000000000004,0.02,1.1002E-09,-1.9239E-09,8.4522000000000011E-10,3.1938E-07,-3.1935999999999997E-07
-0.28500000000000003,0.02,1.0579E-09,-1.8503E-09,8.104100000000001E-10,3.1946E-07,-3.1952E-07
-0.28,0.02,1.0201E-09,-1.7831E-09,7.8064000000000011E-10,3.1948E-07,-3.1949999999999997E-07
-0.275,0.02,9.8142000000000011E-10,-1.7076E-09,7.4827E-10,3.1948E-07,-3.1952E-07
-0.27,0.02,9.4413000000000013E-10,-1.6433E-09,7.1615000000000006E-10,3.1944E-07,-3.1954E-07
-0.265,0.02,9.182000000000001E-10,-1.5785E-09,6.890000000000001E-10,3.1949999999999997E-07,-3.1952E-07
-0.26,0.02,8.7460000000000006E-10,-1.512E-09,6.5990000000000007E-10,3.1948E-07,-3.1946E-07
-0.255,0.02,8.4548000000000006E-10,-1.449E-09,6.287E-10,3.1946E-07,-3.1944E-07
-0.25,0.02,8.1388000000000009E-10,-1.3899E-09,6.0522E-10,3.1949999999999997E-07,-3.1948E-07
-0.24500000000000002,0.02,7.831E-10,-1.3322E-09,5.7775E-10,3.1948E-07,-3.1948E-07
-0.24000000000000002,0.02,7.4816E-10,-1.2686E-09,5.5075000000000009E-10,3.1948E-07,-3.1944E-07
-0.23500000000000001,0.02,7.2309E-10,-1.2208E-09,5.2741E-10,3.1949999999999997E-07,-3.1946E-07
-0.23,0.02,6.9566000000000006E-10,-1.1655E-09,5.0422E-10,3.1949999999999997E-07,-3.1948E-07
-0.225,0.02,6.5931000000000007E-10,-1.1109E-09,4.788E-10,3.1948E-07,-3.1948E-07
-0.22,0.02,6.4111000000000007E-10,-1.064E-09,4.5657000000000006E-10,3.1954E-07,-3.1954E-07
-0.215,0.02,6.1027E-10,-1.0146E-09,4.3426E-10,3.1954E-07,-3.1954E-07
-0.21000000000000002,0.02,5.8378E-10,-9.6396E-10,4.1144000000000003E-10,3.1942E-07,-3.1952E-07
-0.20500000000000002,0.02,5.5916000000000006E-10,-9.1701E-10,3.9063E-10,3.194E-07,-3.194E-07
-0.2,0.02,5.3973000000000006E-10,-8.7837E-10,3.7176E-10,3.1935999999999997E-07,-3.194E-07
-0.195,0.02,5.122E-10,-8.3059E-10,3.5089E-10,3.194E-07,-3.194E-07
-0.19,0.02,4.8982000000000007E-10,-7.8838E-10,3.3079E-10,3.1938E-07,-3.194E-07
-0.185,0.02,4.6988E-10,-7.5413000000000006E-10,3.1349E-10,3.1942E-07,-3.194E-07
-0.18000000000000002,0.02,4.5399000000000005E-10,-7.0991000000000008E-10,2.9564E-10,3.1946E-07,-3.194E-07
-0.17500000000000002,0.02,4.2386E-10,-6.7306000000000005E-10,2.7774E-10,3.1942E-07,-3.194E-07
-0.17,0.02,4.1234000000000005E-10,-6.3874E-10,2.6007E-10,3.1948E-07,-3.194E-07
-0.165,0.02,3.9527E-10,-6.024E-10,2.4473000000000004E-10,3.1942E-07,-3.1942E-07
-0.16,0.02,3.7217E-10,-5.7138E-10,2.2647000000000002E-10,3.1948E-07,-3.1942E-07
-0.155,0.02,3.6126000000000005E-10,-5.3638000000000006E-10,2.1145E-10,3.1944E-07,-3.1948E-07
-0.15,0.02,3.4297E-10,-5.0704E-10,1.9628000000000002E-10,3.1948E-07,-3.1946E-07
-0.14500000000000002,0.02,3.3228E-10,-4.7885000000000006E-10,1.8046000000000002E-10,3.1948E-07,-3.1948E-07
-0.14,0.02,3.1577000000000004E-10,-4.4824000000000005E-10,1.6446000000000002E-10,3.1944E-07,-3.1948E-07
-0.135,0.02,3.0534E-10,-4.2015000000000004E-10,1.4808000000000002E-10,3.1944E-07,-3.1948E-07
-0.13,0.02,2.9588E-10,-3.9558000000000004E-10,1.3252E-10,3.1942E-07,-3.1942E-07
-0.125,0.02,2.8717E-10,-3.7237000000000003E-10,1.1831E-10,3.1946E-07,-3.1944E-07
-0.12000000000000001,0.02,2.7776000000000003E-10,-3.4013000000000004E-10,9.981E-11,3.1944E-07,-3.1946E-07
-0.115,0.02,2.7279E-10,-3.2648000000000005E-10,8.315E-11,3.1938E-07,-3.1946E-07
-0.11,0.02,2.7382000000000004E-10,-3.0125E-10,6.574000000000001E-11,3.1942E-07,-3.1948E-07
-0.10500000000000001,0.02,2.6276000000000003E-10,-2.7307E-10,4.6020000000000006E-11,3.1948E-07,-3.1949999999999997E-07
-0.1,0.02,2.6819000000000003E-10,-2.6538E-10,2.6990000000000002E-11,3.1948E-07,-3.1952E-07
-0.095,0.02,2.6826E-10,-2.3925000000000003E-10,5.1700000000000008E-12,3.1938E-07,-3.1948E-07
-0.090000000000000011,0.02,2.7332000000000004E-10,-2.2105000000000003E-10,-1.8760000000000002E-11,3.1949999999999997E-07,-3.1952E-07
-0.085,0.02,2.7761000000000004E-10,-2.0429000000000003E-10,-4.6960000000000005E-11,3.1952E-07,-3.1952E-07
-0.08,0.02,2.9511000000000003E-10,-1.8886E-10,-7.5610000000000011E-11,3.1949999999999997E-07,-3.1949999999999997E-07
-0.075,0.02,3.1711E-10,-1.7209000000000002E-10,-1.0835E-10,3.1952E-07,-3.1952E-07
-0.07,0.02,3.3471000000000003E-10,-1.5689000000000001E-10,-1.4537E-10,3.1942E-07,-3.1944E-07
-0.065,0.02,3.6518E-10,-1.4277000000000002E-10,-1.9088000000000002E-10,3.1942E-07,-3.1948E-07
-0.060000000000000005,0.02,4.0439000000000004E-10,-1.3078E-10,-2.3787000000000003E-10,3.194E-07,-3.1944E-07
-0.055,0.02,4.4557000000000004E-10,-1.1707000000000002E-10,-2.9226000000000003E-10,3.1942E-07,-3.1948E-07
-0.05,0.02,4.9836E-10,-1.0338000000000001E-10,-3.6047000000000005E-10,3.1944E-07,-3.1946E-07
-0.045000000000000005,0.02,5.6643000000000008E-10,-9.7810000000000009E-11,-4.3943000000000005E-10,3.1948E-07,-3.1942E-07
-0.04,0.02,6.4835E-10,-8.277E-11,-5.2646000000000006E-10,3.1938E-07,-3.1935999999999997E-07
-0.035,0.02,7.3998000000000006E-10,-6.975E-11,-6.2733E-10,3.1934E-07,-3.1942E-07
-0.030000000000000002,0.02,8.5370000000000006E-10,-6.5110000000000008E-11,-7.5864000000000008E-10,3.1938E-07,-3.1935999999999997E-07
-0.025,0.02,9.8379000000000018E-10,-5.6710000000000004E-11,-8.9356000000000007E-10,3.1938E-07,-3.1935999999999997E-07
-0.02,0.02,1.1501E-09,-3.995E-11,-1.07289E-09,3.1944E-07,-3.1946E-07
-0.015000000000000001,0.02,1.3254E-09,-3.729E-11,-1.2608E-09,3.1946E-07,-3.1946E-07
-0.01,0.02,1.5626E-09,-2.8730000000000004E-11,-1.4934E-09,3.1948E-07,-3.1954E-07
-0.005,0.02,1.8271E-09,-2.3750000000000002E-11,-1.7884E-09,3.1948E-07,-3.1948E-07
0,0.02,2.1542E-09,-1.644E-11,-2.1047E-09,3.1948E-07,-3.1952E-07
0.005,0.02,2.5246E-09,-7.82E-12,-2.4997E-09,3.1944E-07,-3.1952E-07
0.01,0.02,2.9779E-09,-3.0400000000000004E-12,-2.9373E-09,3.1938E-07,-3.194E-07
0.015000000000000001,0.02,3.5139E-09,3.75E-12,-3.4954E-09,3.1944E-07,-3.1944E-07
0.02,0.02,4.1463E-09,1.2580000000000002E-11,-4.1536E-09,3.1938E-07,-3.1934E-07
0.025,0.02,4.8953E-09,1.9400000000000002E-11,-4.8802E-09,3.1942E-07,-3.194E-07
0.030000000000000002,0.02,5.7609E-09,2.405E-11,-5.7693E-09,3.1942E-07,-3.1935999999999997E-07
0.035,0.02,6.7964E-09,2.7710000000000004E-11,-6.8132E-09,3.1942E-07,-3.1942E-07
0.04,0.02,8.0278E-09,3.776E-11,-8.0322E-09,3.1935999999999997E-07,-3.1935999999999997E-07
0.045000000000000005,0.02,9.5174E-09,3.9500000000000006E-11,-9.5169E-09,3.1942E-07,-3.1942E-07
0.05,0.02,1.12565E-08,4.4090000000000006E-11,-1.12393E-08,3.1938E-07,-3.1935999999999997E-07
0.055,0.02,1.3361799999999998E-08,5.0310000000000005E-11,-1.3304799999999998E-08,3.194E-07,-3.194E-07
0.060000000000000005,0.02,1.5744599999999998E-08,5.3650000000000003E-11,-1.5813199999999998E-08,3.1942E-07,-3.1938E-07
0.065,0.02,1.8634199999999998E-08,6.16E-11,-1.8639199999999997E-08,3.1942E-07,-3.1946E-07
0.07,0.02,2.1855199999999997E-08,6.829E-11,-2.1849999999999997E-08,3.1938E-07,-3.1942E-07
0.075,0.02,2.58796E-08,7.017E-11,-2.5911399999999998E-08,3.1928E-07,-3.193E-07
0.08,0.02,3.0576999999999996E-08,7.7770000000000006E-11,-3.0534399999999996E-08,3.1934E-07,-3.1935999999999997E-07
0.085,0.02,3.61958E-08,8.569E-11,-3.6067599999999994E-08,3.1938E-07,-3.1934E-07
0.090000000000000011,0.02,4.2810399999999993E-08,8.98E-11,-4.26032E-08,3.1938E-07,-3.194E-07
0.095,0.02,5.0647199999999994E-08,9.338E-11,-5.0557599999999993E-08,3.1935999999999997E-07,-3.193E-07
0.1,0.02,5.99394E-08,1.0399000000000001E-10,-6.01078E-08,3.194E-07,-3.1938E-07
0.10500000000000001,0.02,7.12606E-08,1.1099000000000001E-10,-7.11674E-08,3.1935999999999997E-07,-3.1932E-07
0.11,0.02,8.3774199999999991E-08,1.1819E-10,-8.3928599999999988E-08,3.1942E-07,-3.1935999999999997E-07
0.115,0.02,9.98272E-08,1.2565E-10,-9.9602E-08,3.1944E-07,-3.1946E-07
0.12000000000000001,0.02,1.1776E-07,1.3434E-10,-1.1912E-07,3.1938E-07,-3.1946E-07
0.125,0.02,1.3908E-07,1.4093E-10,-1.3954E-07,3.194E-07,-3.194E-07
0.13,0.02,1.6462E-07,1.4759E-10,-1.6496E-07,3.1938E-07,-3.1935999999999997E-07
0.135,0.02,1.9566E-07,1.6126000000000002E-10,-1.951E-07,3.1942E-07,-3.194E-07
0.14,0.02,2.2851999999999998E-07,1.6910000000000002E-10,-2.2764E-07,3.194E-07,-3.1938E-07
0.14500000000000002,0.02,2.7204E-07,1.7922E-10,-2.7094E-07,3.1938E-07,-3.1942E-07
0.15,0.02,3.2047999999999997E-07,1.8952E-10,-3.1949999999999997E-07,3.1935999999999997E-07,-3.1942E-07
0.155,0.02,3.7722E-07,1.9949000000000003E-10,-3.7634E-07,3.1938E-07,-3.1942E-07
0.16,0.02,4.4604E-07,2.1125000000000002E-10,-4.4922E-07,3.1942E-07,-3.1948E-07
0.165,0.02,5.2754E-07,2.2503000000000002E-10,-5.3362E-07,3.1938E-07,-3.1935999999999997E-07
0.17,0.02,6.2482E-07,2.3471E-10,-6.2438E-07,3.1944E-07,-3.1944E-07
0.17500000000000002,0.02,7.3013999999999995E-07,2.5325000000000003E-10,-7.3664E-07,3.194E-07,-3.1946E-07
0.18000000000000002,0.02,8.6286E-07,2.6198E-10,-8.612E-07,3.1938E-07,-3.1938E-07
0.185,0.02,1.0175799999999999E-06,2.7813E-10,-1.02354E-06,3.1942E-07,-3.1934E-07
0.19,0.02,1.2124E-06,2.9642000000000005E-10,-1.2228000000000002E-06,3.1938E-07,-3.1938E-07
0.195,0.02,1.4404000000000002E-06,3.1206E-10,-1.4273E-06,3.1942E-07,-3.194E-07
0.2,0.02,1.6960000000000002E-06,3.2641E-10,-1.6863000000000003E-06,3.1938E-07,-3.1935999999999997E-07
0.20500000000000002,0.02,2.0006000000000004E-06,3.4818000000000003E-10,-1.9815E-06,3.1938E-07,-3.1938E-07
0.21000000000000002,0.02,2.3354E-06,3.6797E-10,-2.3429E-06,3.1938E-07,-3.1942E-07
0.215,0.02,2.7668000000000003E-06,3.8440000000000004E-10,-2.7370000000000002E-06,3.1944E-07,-3.194E-07
0.22,0.02,3.2340000000000003E-06,4.0921000000000003E-10,-3.2313000000000003E-06,3.1944E-07,-3.194E-07
0.225,0.02,3.7911000000000004E-06,4.3624000000000004E-10,-3.8378000000000008E-06,3.1932E-07,-3.1938E-07
0.23,0.02,4.4856000000000007E-06,4.5822000000000005E-10,-4.4887000000000007E-06,3.194E-07,-3.194E-07
0.23500000000000001,0.02,5.1847000000000005E-06,4.8645E-10,-5.1835000000000004E-06,3.1949999999999997E-07,-3.1946E-07
0.24000000000000002,0.02,6.0706000000000008E-06,5.1546E-10,-6.0637000000000009E-06,3.1952E-07,-3.1949999999999997E-07
0.24500000000000002,0.02,7.0624E-06,5.4298E-10,-7.0503000000000009E-06,3.1952E-07,-3.1952E-07
0.25,0.02,8.2885E-06,5.8401E-10,-8.2665000000000012E-06,3.1935999999999997E-07,-3.1942E-07
0.255,0.02,9.6091000000000009E-06,6.159100000000001E-10,-9.5877000000000014E-06,3.1942E-07,-3.1935999999999997E-07
0.26,0.02,1.1218500000000001E-05,6.4749E-10,-1.12483E-05,3.1932E-07,-3.1935999999999997E-07
0.265,0.02,1.3136000000000001E-05,6.9037000000000007E-10,-1.3042E-05,3.1942E-07,-3.1935999999999997E-07
0.27,0.02,1.5054E-05,7.3076000000000007E-10,-1.5042000000000001E-05,3.1935999999999997E-07,-3.1935999999999997E-07
0.275,0.02,1.7354E-05,7.7705E-10,-1.7362E-05,3.1938E-07,-3.1944E-07
0.28,0.02,2.009E-05,8.2067E-10,-2.0022E-05,3.1935999999999997E-07,-3.1938E-07
0.28500000000000003,0.02,2.3066000000000002E-05,8.7386E-10,-2.298E-05,3.1942E-07,-3.1938E-07
0.29000000000000004,0.02,2.6544000000000002E-05,9.2647000000000011E-10,-2.6640000000000002E-05,3.1938E-07,-3.194E-07
0.29500000000000004,0.02,3.0654E-05,9.8061E-10,-3.0698E-05,3.1934E-07,-3.1942E-07
0.3,0.02,3.5130000000000004E-05,1.0387000000000002E-09,-3.5178E-05,3.1938E-07,-3.1935999999999997E-07
0.305,0.02,4.0414E-05,1.09761E-09,-4.0600000000000004E-05,3.194E-07,-3.1935999999999997E-07
0.31,0.02,4.651E-05,1.1639E-09,-4.6412E-05,3.194E-07,-3.1938E-07
0.315,0.02,5.333E-05,1.2378E-09,-5.329E-05,3.1944E-07,-3.1944E-07
0.32,0.02,6.113E-05,1.3034E-09,-6.111E-05,3.1934E-07,-3.194E-07
0.325,0.02,6.9956E-05,1.3868E-09,-6.998E-05,3.1938E-07,-3.1934E-07
0.33,0.02,8.0032000000000009E-05,1.4656E-09,-8.0046E-05,3.1932E-07,-3.193E-07
0.335,0.02,9.1814E-05,1.5476E-09,-9.1716E-05,3.1938E-07,-3.1938E-07
0.34,0.02,0.000104536,1.6397E-09,-0.00010452600000000001,3.1938E-07,-3.1942E-07
0.34500000000000003,0.02,0.00011990000000000001,1.7372E-09,-0.00011948,3.1949999999999997E-07,-3.1944E-07
0.35000000000000003,0.02,0.00013604,1.8348E-09,-0.00013558,3.1944E-07,-3.1946E-07
0.35500000000000004,0.02,0.00015416,1.9441E-09,-0.00015398,3.1938E-07,-3.1938E-07
0.36000000000000004,0.02,0.00017418000000000002,2.0577E-09,-0.00017368,3.1946E-07,-3.1942E-07
0.365,0.02,0.00019672,2.1687E-09,-0.00019656,3.1944E-07,-3.194E-07
0.37,0.02,0.00022118000000000002,2.2932E-09,-0.00022074,3.1932E-07,-3.1935999999999997E-07
0.375,0.02,0.00024786000000000003,2.4191E-09,-0.000248,3.1935999999999997E-07,-3.1926E-07
0.38,0.02,0.00027718,2.5582E-09,-0.00027644000000000003,3.193E-07,-3.1935999999999997E-07
0.385,0.02,0.00030914,2.7003E-09,-0.00030832,3.1932E-07,-3.1934E-07
0.39,0.02,0.00034266,2.8508E-09,-0.00034242,3.193E-07,-3.1935999999999997E-07
0.395,0.02,0.00037904000000000003,3.0082E-09,-0.00037884,3.193E-07,-3.193E-07
0.4,0.02,0.00041748,3.1741E-09,-0.0004177,3.1935999999999997E-07,-3.1938E-07
0.405,0.02,0.00045914,3.349E-09,-0.00045876,3.1926E-07,-3.193E-07
0.41000000000000003,0.02,0.00050198000000000007,3.5301E-09,-0.0005015,3.1938E-07,-3.194E-07
0.41500000000000004,0.02,0.00054808,3.7233E-09,-0.0005473,3.1938E-07,-3.1938E-07
0.42000000000000004,0.02,0.00059466,3.9169E-09,-0.00059522,3.1944E-07,-3.1942E-07
0.42500000000000004,0.02,0.00064518000000000008,4.1295E-09,-0.00064498000000000008,3.1935999999999997E-07,-3.1935999999999997E-07
0.43,0.02,0.00069630000000000007,4.3416E-09,-0.00069642,3.1938E-07,-3.194E-07
0.435,0.02,0.00075088,4.5729E-09,-0.00075044,3.1942E-07,-3.1938E-07
0.44,0.02,0.0008044800000000001,4.8068E-09,-0.00080434000000000007,3.1935999999999997E-07,-3.1935999999999997E-07
0.445,0.02,0.00086152000000000006,5.0628E-09,-0.00086076,3.1942E-07,-3.1935999999999997E-07
0.45,0.02,0.00091808,5.3234E-09,-0.00091806000000000006,3.1938E-07,-3.1935999999999997E-07
0.455,0.02,0.00097834,5.5953E-09,-0.00097678,3.1944E-07,-3.194E-07
0.46,0.02,0.0010363,5.8828E-09,-0.0010359800000000002,3.1942E-07,-3.194E-07
0.465,0.02,0.00109636,6.1773E-09,-0.00109712,3.194E-07,-3.194E-07
0.47000000000000003,0.02,0.001157,6.4986E-09,-0.0011566,3.1935999999999997E-07,-3.194E-07
0.47500000000000003,0.02,0.0012196,6.813E-09,-0.001219,3.194E-07,-3.1946E-07
0.48000000000000004,0.02,0.0012804000000000001,7.1455E-09,-0.0012796,3.1938E-07,-3.1938E-07
0.48500000000000004,0.02,0.0013426,7.493E-09,-0.0013418,3.1942E-07,-3.194E-07
0.49000000000000005,0.02,0.0014034,7.8647E-09,-0.001403,3.1944E-07,-3.1946E-07
0.49500000000000005,0.02,0.0014644,8.2565E-09,-0.0014654,3.194E-07,-3.194E-07
0.5,0.02,0.0015256,8.6285E-09,-0.0015254,3.1938E-07,-3.194E-07
0.505,0.02,0.0015872,9.057E-09,-0.0015856,3.1946E-07,-3.1944E-07
0.51,0.02,0.0016478,9.47E-09,-0.0016442,3.1944E-07,-3.194E-07
0.515,0.02,0.0017062,9.927E-09,-0.0017056,3.194E-07,-3.1938E-07
0.52,0.02,0.0017658,1.03818E-08,-0.0017644,3.1942E-07,-3.194E-07
0.525,0.02,0.0018248000000000001,1.08755E-08,-0.001824,3.1942E-07,-3.1942E-07
0.53,0.02,0.0018824,1.13568E-08,-0.0018814,3.1938E-07,-3.1938E-07
0.535,0.02,0.0019404000000000001,1.1913799999999999E-08,-0.0019382,3.1942E-07,-3.1949999999999997E-07
0.54,0.02,0.0019954,1.24568E-08,-0.0019944,3.1935999999999997E-07,-3.194E-07
0.545,0.02,0.0020502,1.3020999999999998E-08,-0.0020514,3.194E-07,-3.1938E-07
0.55,0.02,0.0021038,1.3610999999999999E-08,-0.0021038,3.194E-07,-3.194E-07
0.555,0.02,0.0021584,1.4223599999999999E-08,-0.0021568,3.1938E-07,-3.1935999999999997E-07
0.56,0.02,0.0022102,1.4851999999999998E-08,-0.002207,3.1938E-07,-3.194E-07
0.56500000000000006,0.02,0.002261,1.5537399999999997E-08,-0.002261,3.1942E-07,-3.1942E-07
0.57000000000000006,0.02,0.0023098,1.62156E-08,-0.0023112000000000002,3.194E-07,-3.194E-07
0.57500000000000007,0.02,0.0023614,1.6917E-08,-0.0023604,3.1944E-07,-3.1946E-07
0.58000000000000007,0.02,0.0024072,1.7653199999999997E-08,-0.0024078,3.194E-07,-3.1942E-07
0.58500000000000008,0.02,0.0024556,1.84552E-08,-0.002456,3.1944E-07,-3.1946E-07
0.59000000000000008,0.02,0.0025008,1.92386E-08,-0.0025008,3.194E-07,-3.1942E-07
0.595,0.02,0.002549,2.0078199999999997E-08,-0.0025484,3.1944E-07,-3.1942E-07
0.6,0.02,0.0025898,2.09454E-08,-0.0025888,3.1948E-07,-3.1942E-07
0.605,0.02,0.0026334,2.1858399999999998E-08,-0.0026316,3.1948E-07,-3.1946E-07
0.61,0.02,0.0026786,2.2817E-08,-0.0026774,3.1948E-07,-3.1938E-07
0.615,0.02,0.00272,2.3805999999999998E-08,-0.0027192,3.1942E-07,-3.1946E-07
0.62,0.02,0.0027582,2.48206E-08,-0.0027586,3.1948E-07,-3.1946E-07
0.625,0.02,0.0027954,2.5894199999999998E-08,-0.0027972,3.1935999999999997E-07,-3.1944E-07
0.63,0.02,0.0028352,2.7003799999999997E-08,-0.0028364,3.1946E-07,-3.1935999999999997E-07
0.635,0.02,0.0028766,2.8185599999999997E-08,-0.0028740000000000003,3.194E-07,-3.1946E-07
0.64,0.02,0.0029118,2.9376999999999996E-08,-0.0029094,3.1942E-07,-3.1956E-07
0.645,0.02,0.0029444000000000002,3.06348E-08,-0.0029456,3.1942E-07,-3.1952E-07
0.65,0.02,0.002981,3.1958399999999996E-08,-0.0029804000000000002,3.194E-07,-3.1942E-07
0.655,0.02,0.0030134000000000003,3.33264E-08,-0.0030142,3.194E-07,-3.194E-07
0.66,0.02,0.0030484,3.4766599999999994E-08,-0.0030468,3.1935999999999997E-07,-3.1934E-07
0.665,0.02,0.0030800000000000003,3.62576E-08,-0.003081,3.1935999999999997E-07,-3.1935999999999997E-07
0.67,0.02,0.0031118,3.78472E-08,-0.0031118,3.1946E-07,-3.194E-07
0.675,0.02,0.0031420000000000003,3.9443E-08,-0.00314,3.1942E-07,-3.1942E-07
0.68,0.02,0.0031756,4.1180999999999997E-08,-0.0031716,3.1946E-07,-3.1944E-07
0.685,0.02,0.0032040000000000003,4.29226E-08,-0.0032012,3.194E-07,-3.1934E-07
0.69000000000000006,0.02,0.0032288,4.4810599999999995E-08,-0.0032284,3.1938E-07,-3.1942E-07
0.69500000000000006,0.02,0.003257,4.6721E-08,-0.0032578,3.1942E-07,-3.1942E-07
0.70000000000000007,0.02,0.0032868,4.8784999999999996E-08,-0.0032854,3.1942E-07,-3.194E-07
0.70500000000000007,0.02,0.0033104000000000002,5.0898799999999994E-08,-0.003311,3.1935999999999997E-07,-3.1942E-07
0.71000000000000008,0.02,0.0033368,5.3128999999999992E-08,-0.0033376,3.1944E-07,-3.1944E-07
0.71500000000000008,0.02,0.003365,5.5442199999999992E-08,-0.003363,3.194E-07,-3.194E-07
0.72000000000000008,0.02,0.0033902,5.7884999999999992E-08,-0.003389,3.1942E-07,-3.1946E-07
0.72500000000000009,0.02,0.0034142,6.0446399999999993E-08,-0.0034098,3.1942E-07,-3.1948E-07
0.73,0.02,0.00344,6.3120599999999991E-08,-0.0034360000000000003,3.1942E-07,-3.1944E-07
0.735,0.02,0.0034612,6.58446E-08,-0.00346,3.1935999999999997E-07,-3.1935999999999997E-07
0.74,0.02,0.0034836,6.877E-08,-0.003483,3.1942E-07,-3.1942E-07
0.745,0.02,0.0035036,7.1807799999999993E-08,-0.0035024,3.1938E-07,-3.1952E-07
0.75,0.02,0.003526,7.5028199999999986E-08,-0.0035266,3.1942E-07,-3.1942E-07
0.755,0.02,0.0035464,7.8353999999999988E-08,-0.0035468,3.1946E-07,-3.1946E-07
0.76,0.02,0.0035708000000000003,8.1888599999999991E-08,-0.0035678,3.1944E-07,-3.1942E-07
0.765,0.02,0.0035882,8.5573599999999987E-08,-0.0035876000000000003,3.1942E-07,-3.1935999999999997E-07
0.77,0.02,0.0036054,8.9459399999999989E-08,-0.0036014000000000003,3.1942E-07,-3.1942E-07
0.775,0.02,0.003625,9.3433599999999993E-08,-0.0036232,3.194E-07,-3.1948E-07
0.78,0.02,0.0036434,9.7732199999999989E-08,-0.003643,3.1938E-07,-3.1944E-07
0.785,0.02,0.003664,1.0215959999999999E-07,-0.0036612,3.1944E-07,-3.1938E-07
0.79,0.02,0.003679,1.0691499999999999E-07,-0.0036794,3.1935999999999997E-07,-3.1949999999999997E-07
0.795,0.02,0.0036992,1.117596E-07,-0.003698,3.194E-07,-3.194E-07
0.8,0.02,0.003712,1.169E-07,-0.0037132000000000003,3.1944E-07,-3.1948E-07
0.805,0.02,0.0037308000000000003,1.2238E-07,-0.0037312,3.1942E-07,-3.1948E-07
0.81,0.02,0.0037476000000000002,1.28E-07,-0.0037478,3.1944E-07,-3.1942E-07
0.81500000000000006,0.02,0.0037624,1.3408E-07,-0.0037614000000000002,3.1946E-07,-3.1942E-07
0.82000000000000006,0.02,0.0037790000000000002,1.4025999999999999E-07,-0.0037796,3.194E-07,-3.194E-07
0.82500000000000007,0.02,0.0037920000000000002,1.469E-07,-0.0037922,3.1935999999999997E-07,-3.1935999999999997E-07
0.83000000000000007,0.02,0.0038064,1.5378E-07,-0.0038084,3.194E-07,-3.1942E-07
0.83500000000000008,0.02,0.0038242000000000003,1.6118E-07,-0.0038228,3.1946E-07,-3.1942E-07
0.84000000000000008,0.02,0.0038392,1.6874E-07,-0.0038366,3.1944E-07,-3.1946E-07
0.84500000000000008,0.02,0.0038538,1.7674E-07,-0.0038492,3.1946E-07,-3.1946E-07
0.85000000000000009,0.02,0.0038644,1.853E-07,-0.0038622,3.194E-07,-3.1942E-07
0.85500000000000009,0.02,0.0038784,1.9429999999999999E-07,-0.0038756,3.1935999999999997E-07,-3.1935999999999997E-07
0.86,0.02,0.0038900000000000002,2.035E-07,-0.0038898,3.1944E-07,-3.1935999999999997E-07
0.865,0.02,0.0039024,2.1352E-07,-0.003904,3.1942E-07,-3.1942E-07
0.87,0.02,0.0039168,2.2384E-07,-0.0039154,3.1946E-07,-3.1952E-07
0.875,0.02,0.0039256000000000004,2.3474E-07,-0.003927,3.1948E-07,-3.1948E-07
0.88,0.02,0.0039386000000000004,2.4618E-07,-0.0039414,3.1946E-07,-3.1942E-07
0.885,0.02,0.0039498,2.5846E-07,-0.0039544,3.1942E-07,-3.1952E-07
0.89,0.02,0.003961,2.7106E-07,-0.0039618,3.1948E-07,-3.1952E-07
0.895,0.02,0.0039712,2.8448E-07,-0.0039752,3.1949999999999997E-07,-3.1952E-07
0.9,0.02,0.003985,2.9852E-07,-0.0039828,3.1946E-07,-3.1946E-07
-0.3,0.030000000000000002,1.278E-09,-2.1641E-09,9.1279000000000011E-10,3.1944E-07,-3.1948E-07
-0.29500000000000004,0.030000000000000002,1.235E-09,-2.0822E-09,8.7795000000000005E-10,3.1944E-07,-3.1946E-07
-0.29000000000000004,0.030000000000000002,1.1921E-09,-2.0014E-09,8.4309E-10,3.1949999999999997E-07,-3.1949999999999997E-07
-0.28500000000000003,0.030000000000000002,1.1557E-09,-1.9329E-09,8.1291E-10,3.1952E-07,-3.1948E-07
-0.28,0.030000000000000002,1.1074E-09,-1.8545E-09,7.766500000000001E-10,3.1946E-07,-3.1949999999999997E-07
-0.275,0.030000000000000002,1.0778E-09,-1.7834E-09,7.500000000000001E-10,3.1944E-07,-3.194E-07
-0.27,0.030000000000000002,1.0378E-09,-1.7131E-09,7.1602000000000008E-10,3.1944E-07,-3.1942E-07
-0.265,0.030000000000000002,9.953E-10,-1.6503E-09,6.891200000000001E-10,3.1944E-07,-3.1952E-07
-0.26,0.030000000000000002,9.6693E-10,-1.5749E-09,6.5862E-10,3.1948E-07,-3.1948E-07
-0.255,0.030000000000000002,9.2793E-10,-1.5174E-09,6.3157E-10,3.1946E-07,-3.1946E-07
-0.25,0.030000000000000002,8.9216E-10,-1.4557E-09,6.0145E-10,3.1949999999999997E-07,-3.1948E-07
-0.24500000000000002,0.030000000000000002,8.6271000000000012E-10,-1.3927E-09,5.7919E-10,3.1944E-07,-3.1948E-07
-0.24000000000000002,0.030000000000000002,8.2920000000000009E-10,-1.3342E-09,5.4989000000000005E-10,3.1944E-07,-3.1946E-07
-0.23500000000000001,0.030000000000000002,7.9617000000000005E-10,-1.2793E-09,5.2777E-10,3.1944E-07,-3.1952E-07
-0.23,0.030000000000000002,7.6238E-10,-1.2237E-09,4.9861E-10,3.1946E-07,-3.1942E-07
-0.225,0.030000000000000002,7.4223E-10,-1.1682E-09,4.8053E-10,3.1942E-07,-3.1942E-07
-0.22,0.030000000000000002,7.0047000000000006E-10,-1.116E-09,4.5321000000000003E-10,3.1942E-07,-3.1948E-07
-0.215,0.030000000000000002,6.7499000000000006E-10,-1.0698E-09,4.3216000000000004E-10,3.1938E-07,-3.194E-07
-0.21000000000000002,0.030000000000000002,6.5273000000000008E-10,-1.0165E-09,4.1267000000000003E-10,3.1948E-07,-3.1946E-07
-0.20500000000000002,0.030000000000000002,6.2301E-10,-9.7137000000000013E-10,3.9136000000000003E-10,3.1938E-07,-3.1944E-07
-0.2,0.030000000000000002,5.9889000000000009E-10,-9.2706000000000011E-10,3.6812E-10,3.1935999999999997E-07,-3.1938E-07
-0.195,0.030000000000000002,5.7596E-10,-8.7934000000000009E-10,3.5269000000000005E-10,3.1938E-07,-3.1938E-07
-0.19,0.030000000000000002,5.4764000000000009E-10,-8.3581E-10,3.2893E-10,3.1935999999999997E-07,-3.1935999999999997E-07
-0.185,0.030000000000000002,5.3346E-10,-7.9696000000000011E-10,3.1236000000000005E-10,3.1938E-07,-3.1938E-07
-0.18000000000000002,0.030000000000000002,5.0937000000000007E-10,-7.5543E-10,2.9487000000000004E-10,3.1938E-07,-3.1942E-07
-0.17500000000000002,0.030000000000000002,4.9294000000000006E-10,-7.1375E-10,2.768E-10,3.1938E-07,-3.194E-07
-0.17,0.030000000000000002,4.6829E-10,-6.7994E-10,2.599E-10,3.1938E-07,-3.1934E-07
-0.165,0.030000000000000002,4.5165000000000004E-10,-6.4563000000000008E-10,2.41E-10,3.1938E-07,-3.194E-07
-0.16,0.030000000000000002,4.349E-10,-6.0524000000000007E-10,2.2653000000000002E-10,3.1935999999999997E-07,-3.194E-07
-0.155,0.030000000000000002,4.1431000000000004E-10,-5.7400000000000009E-10,2.0721000000000003E-10,3.1938E-07,-3.1938E-07
-0.15,0.030000000000000002,3.9887000000000004E-10,-5.4559000000000008E-10,1.9145000000000002E-10,3.1938E-07,-3.1946E-07
-0.14500000000000002,0.030000000000000002,3.8630000000000005E-10,-5.1045E-10,1.7596E-10,3.194E-07,-3.1944E-07
-0.14,0.030000000000000002,3.7483000000000004E-10,-4.7828E-10,1.6023000000000003E-10,3.1938E-07,-3.1946E-07
-0.135,0.030000000000000002,3.5821000000000005E-10,-4.5439E-10,1.4292E-10,3.1932E-07,-3.1942E-07
-0.13,0.030000000000000002,3.4946000000000005E-10,-4.2524E-10,1.2544E-10,3.1932E-07,-3.1942E-07
-0.125,0.030000000000000002,3.4416000000000003E-10,-3.9687000000000005E-10,1.1016000000000001E-10,3.1944E-07,-3.194E-07
-0.12000000000000001,0.030000000000000002,3.3324000000000003E-10,-3.7407000000000003E-10,9.2320000000000011E-11,3.1942E-07,-3.194E-07
-0.115,0.030000000000000002,3.2186E-10,-3.4803000000000004E-10,7.0680000000000008E-11,3.1938E-07,-3.1932E-07
-0.11,0.030000000000000002,3.2622000000000004E-10,-3.2963000000000003E-10,5.3950000000000005E-11,3.1944E-07,-3.1944E-07
-0.10500000000000001,0.030000000000000002,3.1884E-10,-2.9862E-10,3.183E-11,3.1948E-07,-3.1942E-07
-0.1,0.030000000000000002,3.1688000000000005E-10,-2.8397E-10,7.1400000000000007E-12,3.1948E-07,-3.1952E-07
-0.095,0.030000000000000002,3.3007000000000003E-10,-2.6671E-10,-1.571E-11,3.1944E-07,-3.1948E-07
-0.090000000000000011,0.030000000000000002,3.3454E-10,-2.3732E-10,-4.5620000000000006E-11,3.1946E-07,-3.1948E-07
-0.085,0.030000000000000002,3.4708E-10,-2.2739000000000003E-10,-7.609E-11,3.1938E-07,-3.1946E-07
-0.08,0.030000000000000002,3.6141000000000005E-10,-2.1067E-10,-1.0954E-10,3.1944E-07,-3.1942E-07
-0.075,0.030000000000000002,3.9013000000000003E-10,-1.8679E-10,-1.5055E-10,3.1942E-07,-3.1948E-07
-0.07,0.030000000000000002,4.1847000000000006E-10,-1.7726000000000002E-10,-1.9651000000000003E-10,3.1946E-07,-3.1942E-07
-0.065,0.030000000000000002,4.5081E-10,-1.6382E-10,-2.4767000000000003E-10,3.1938E-07,-3.1948E-07
-0.060000000000000005,0.030000000000000002,5.016E-10,-1.4175E-10,-3.0752000000000004E-10,3.1946E-07,-3.1938E-07
-0.055,0.030000000000000002,5.5767E-10,-1.3881E-10,-3.7668000000000004E-10,3.1938E-07,-3.194E-07
-0.05,0.030000000000000002,6.2158E-10,-1.1784E-10,-4.5927000000000006E-10,3.193E-07,-3.1935999999999997E-07
-0.045000000000000005,0.030000000000000002,7.0343E-10,-1.0521E-10,-5.509E-10,3.1942E-07,-3.1938E-07
-0.04,0.030000000000000002,8.0802000000000007E-10,-9.916000000000001E-11,-6.6783000000000006E-10,3.1948E-07,-3.1944E-07
-0.035,0.030000000000000002,9.2773000000000006E-10,-8.225E-11,-7.9396E-10,3.1938E-07,-3.1942E-07
-0.030000000000000002,0.030000000000000002,1.0635500000000001E-09,-7.5700000000000007E-11,-9.4589000000000013E-10,3.1944E-07,-3.1948E-07
-0.025,0.030000000000000002,1.2263E-09,-6.2320000000000011E-11,-1.1145900000000002E-09,3.1938E-07,-3.194E-07
-0.02,0.030000000000000002,1.4365E-09,-5.8100000000000005E-11,-1.3387E-09,3.1932E-07,-3.1938E-07
-0.015000000000000001,0.030000000000000002,1.6805E-09,-4.5800000000000006E-11,-1.5765E-09,3.1938E-07,-3.1942E-07
-0.01,0.030000000000000002,1.9587E-09,-3.926E-11,-1.8643E-09,3.1932E-07,-3.1938E-07
-0.005,0.030000000000000002,2.3016E-09,-2.793E-11,-2.2169E-09,3.1928E-07,-3.1934E-07
0,0.030000000000000002,2.7043E-09,-2.7410000000000002E-11,-2.6114E-09,3.194E-07,-3.1946E-07
0.005,0.030000000000000002,3.1751E-09,-1.2450000000000001E-11,-3.1006E-09,3.1948E-07,-3.1935999999999997E-07
0.01,0.030000000000000002,3.7293E-09,-6.7200000000000004E-12,-3.6381E-09,3.1942E-07,-3.1944E-07
0.015000000000000001,0.030000000000000002,4.406E-09,-6.1E-12,-4.3497E-09,3.194E-07,-3.1942E-07
0.02,0.030000000000000002,5.1914E-09,7.0500000000000009E-12,-5.1514E-09,3.194E-07,-3.1942E-07
0.025,0.030000000000000002,6.091E-09,1.333E-11,-6.1013E-09,3.1946E-07,-3.1952E-07
0.030000000000000002,0.030000000000000002,7.2283E-09,1.229E-11,-7.1635E-09,3.1954E-07,-3.1948E-07
0.035,0.030000000000000002,8.4609E-09,2.314E-11,-8.4627E-09,3.1949999999999997E-07,-3.1952E-07
0.04,0.030000000000000002,1.00189E-08,3.067E-11,-1.00181E-08,3.1952E-07,-3.1949999999999997E-07
0.045000000000000005,0.030000000000000002,1.1841799999999999E-08,3.6720000000000003E-11,-1.1848399999999998E-08,3.1954E-07,-3.1949999999999997E-07
0.05,0.030000000000000002,1.4143599999999999E-08,4.06E-11,-1.40368E-08,3.1949999999999997E-07,-3.1948E-07
0.055,0.030000000000000002,1.66276E-08,4.344E-11,-1.6699199999999997E-08,3.1948E-07,-3.1949999999999997E-07
0.060000000000000005,0.030000000000000002,1.97034E-08,5.3480000000000006E-11,-1.9722399999999998E-08,3.1942E-07,-3.1948E-07
0.065,0.030000000000000002,2.3208999999999996E-08,6.0670000000000009E-11,-2.3294199999999998E-08,3.1938E-07,-3.1942E-07
0.07,0.030000000000000002,2.7477199999999996E-08,6.179E-11,-2.7446199999999997E-08,3.1946E-07,-3.1942E-07
0.075,0.030000000000000002,3.2525599999999994E-08,6.791E-11,-3.2558399999999995E-08,3.1938E-07,-3.194E-07
0.08,0.030000000000000002,3.84122E-08,7.5010000000000008E-11,-3.8395999999999995E-08,3.1938E-07,-3.1942E-07
0.085,0.030000000000000002,4.5294199999999993E-08,8.225E-11,-4.5322999999999995E-08,3.193E-07,-3.1935999999999997E-07
0.090000000000000011,0.030000000000000002,5.35158E-08,8.6120000000000009E-11,-5.3803799999999992E-08,3.1946E-07,-3.1946E-07
0.095,0.030000000000000002,6.34886E-08,8.919E-11,-6.3376599999999991E-08,3.1948E-07,-3.1948E-07
0.1,0.030000000000000002,7.4803599999999991E-08,9.9430000000000012E-11,-7.48742E-08,3.1942E-07,-3.1954E-07
0.10500000000000001,0.030000000000000002,8.8969E-08,1.1204000000000001E-10,-8.88956E-08,3.1944E-07,-3.1948E-07
0.11,0.030000000000000002,1.047084E-07,1.0610000000000001E-10,-1.0519899999999999E-07,3.1948E-07,-3.1952E-07
0.115,0.030000000000000002,1.2452E-07,1.1654000000000002E-10,-1.2276E-07,3.1948E-07,-3.1952E-07
0.12000000000000001,0.030000000000000002,1.4526E-07,1.2893000000000001E-10,-1.4626E-07,3.1942E-07,-3.194E-07
0.125,0.030000000000000002,1.7246E-07,1.2871000000000001E-10,-1.732E-07,3.1942E-07,-3.1944E-07
0.13,0.030000000000000002,2.044E-07,1.4339E-10,-2.0466E-07,3.1944E-07,-3.1946E-07
0.135,0.030000000000000002,2.4282E-07,1.5282000000000002E-10,-2.4328E-07,3.1952E-07,-3.1946E-07
0.14,0.030000000000000002,2.8814E-07,1.5947000000000002E-10,-2.859E-07,3.1948E-07,-3.1952E-07
0.14500000000000002,0.030000000000000002,3.3779999999999997E-07,1.7250000000000003E-10,-3.3919999999999997E-07,3.1942E-07,-3.1944E-07
0.15,0.030000000000000002,4.0147999999999997E-07,1.7856E-10,-3.9794E-07,3.1944E-07,-3.1949999999999997E-07
0.155,0.030000000000000002,4.7442E-07,1.8800000000000002E-10,-4.775E-07,3.1942E-07,-3.1948E-07
0.16,0.030000000000000002,5.5616E-07,1.9959E-10,-5.5792E-07,3.1935999999999997E-07,-3.1944E-07
0.165,0.030000000000000002,6.5953999999999994E-07,2.1046000000000002E-10,-6.6028E-07,3.1948E-07,-3.194E-07
0.17,0.030000000000000002,7.7286E-07,2.2590000000000002E-10,-7.8223999999999994E-07,3.194E-07,-3.1948E-07
0.17500000000000002,0.030000000000000002,9.17E-07,2.3959E-10,-9.1226E-07,3.1948E-07,-3.1946E-07
0.18000000000000002,0.030000000000000002,1.07056E-06,2.4786E-10,-1.07396E-06,3.1948E-07,-3.1949999999999997E-07
0.185,0.030000000000000002,1.281E-06,2.6510000000000005E-10,-1.2802E-06,3.194E-07,-3.1942E-07
0.19,0.030000000000000002,1.5153000000000001E-06,2.8107000000000004E-10,-1.5016000000000002E-06,3.1942E-07,-3.1948E-07
0.195,0.030000000000000002,1.7729000000000002E-06,2.9470000000000003E-10,-1.7712E-06,3.1944E-07,-3.1948E-07
0.2,0.030000000000000002,2.0911E-06,3.1155E-10,-2.0755000000000003E-06,3.1948E-07,-3.1948E-07
0.20500000000000002,0.030000000000000002,2.4478E-06,3.3182000000000005E-10,-2.4410000000000004E-06,3.1946E-07,-3.1948E-07
0.21000000000000002,0.030000000000000002,2.9013000000000005E-06,3.4259E-10,-2.8966000000000004E-06,3.1942E-07,-3.1948E-07
0.215,0.030000000000000002,3.3938000000000004E-06,3.6872000000000005E-10,-3.3894000000000005E-06,3.1944E-07,-3.1946E-07
0.22,0.030000000000000002,4.0142000000000005E-06,3.8794E-10,-3.9996000000000006E-06,3.1948E-07,-3.1946E-07
0.225,0.030000000000000002,4.6972000000000005E-06,4.1079000000000004E-10,-4.6948E-06,3.1948E-07,-3.1952E-07
0.23,0.030000000000000002,5.5266000000000006E-06,4.4048E-10,-5.5204000000000005E-06,3.1948E-07,-3.1942E-07
0.23500000000000001,0.030000000000000002,6.4372000000000008E-06,4.5972000000000004E-10,-6.469E-06,3.1935999999999997E-07,-3.1942E-07
0.24000000000000002,0.030000000000000002,7.5569000000000004E-06,4.8986E-10,-7.5298000000000012E-06,3.1946E-07,-3.1935999999999997E-07
0.24500000000000002,0.030000000000000002,8.8549E-06,5.1666000000000005E-10,-8.885E-06,3.1938E-07,-3.194E-07
0.25,0.030000000000000002,1.03576E-05,5.4841000000000007E-10,-1.0277400000000001E-05,3.1935999999999997E-07,-3.1935999999999997E-07
0.255,0.030000000000000002,1.2106E-05,5.8355E-10,-1.2056000000000001E-05,3.1938E-07,-3.1935999999999997E-07
0.26,0.030000000000000002,1.4138E-05,6.1669000000000007E-10,-1.4062E-05,3.1938E-07,-3.1942E-07
0.265,0.030000000000000002,1.6376E-05,6.5684000000000008E-10,-1.6374E-05,3.194E-07,-3.1942E-07
0.27,0.030000000000000002,1.903E-05,6.9708E-10,-1.9096E-05,3.1948E-07,-3.1942E-07
0.275,0.030000000000000002,2.205E-05,7.4158E-10,-2.1962E-05,3.1934E-07,-3.1935999999999997E-07
0.28,0.030000000000000002,2.5536E-05,7.7873000000000006E-10,-2.5576E-05,3.1932E-07,-3.1934E-07
0.28500000000000003,0.030000000000000002,2.9614E-05,8.3168000000000007E-10,-2.9636000000000002E-05,3.1935999999999997E-07,-3.1942E-07
0.29000000000000004,0.030000000000000002,3.4320000000000003E-05,8.7844E-10,-3.422E-05,3.1938E-07,-3.1942E-07
0.29500000000000004,0.030000000000000002,3.9500000000000005E-05,9.308200000000001E-10,-3.9564E-05,3.1934E-07,-3.1935999999999997E-07
0.3,0.030000000000000002,4.559E-05,9.9738000000000013E-10,-4.572E-05,3.1938E-07,-3.1938E-07
0.305,0.030000000000000002,5.2706E-05,1.04384E-09,-5.2586E-05,3.1935999999999997E-07,-3.1934E-07
0.31,0.030000000000000002,6.0584E-05,1.1136900000000001E-09,-6.0588E-05,3.1938E-07,-3.1938E-07
0.315,0.030000000000000002,7.0114E-05,1.1783E-09,-6.9924E-05,3.1935999999999997E-07,-3.1938E-07
0.32,0.030000000000000002,8.0482E-05,1.246E-09,-8.0462E-05,3.1938E-07,-3.194E-07
0.325,0.030000000000000002,9.258E-05,1.3167E-09,-9.2504000000000007E-05,3.1935999999999997E-07,-3.1944E-07
0.33,0.030000000000000002,0.00010629400000000001,1.3986E-09,-0.00010637400000000001,3.1935999999999997E-07,-3.194E-07
0.335,0.030000000000000002,0.00012232,1.4793E-09,-0.0001221,3.1938E-07,-3.1942E-07
0.34,0.030000000000000002,0.00013988,1.5669E-09,-0.00013948,3.1935999999999997E-07,-3.1934E-07
0.34500000000000003,0.030000000000000002,0.00015974,1.6559E-09,-0.0001595,3.1932E-07,-3.1938E-07
0.35000000000000003,0.030000000000000002,0.00018198000000000002,1.7536E-09,-0.00018178,3.1938E-07,-3.1935999999999997E-07
0.35500000000000004,0.030000000000000002,0.00020718,1.8518E-09,-0.00020684000000000002,3.1938E-07,-3.1938E-07
0.36000000000000004,0.030000000000000002,0.00023452000000000003,1.9505E-09,-0.00023442000000000002,3.1938E-07,-3.1935999999999997E-07
0.365,0.030000000000000002,0.00026568,2.0665E-09,-0.00026546,3.1934E-07,-3.194E-07
0.37,0.030000000000000002,0.0002993,2.1824E-09,-0.00029912,3.194E-07,-3.1942E-07
0.375,0.030000000000000002,0.00033706000000000003,2.3085E-09,-0.00033684000000000003,3.1935999999999997E-07,-3.1935999999999997E-07
0.38,0.030000000000000002,0.00037754000000000005,2.4381E-09,-0.0003771,3.1942E-07,-3.194E-07
0.385,0.030000000000000002,0.00042186000000000003,2.5718E-09,-0.00042124,3.1934E-07,-3.1928E-07
0.39,0.030000000000000002,0.00046926000000000004,2.7099E-09,-0.00046830000000000005,3.1942E-07,-3.1938E-07
0.395,0.030000000000000002,0.00052104000000000007,2.8678E-09,-0.00052056,3.1944E-07,-3.1942E-07
0.4,0.030000000000000002,0.00057512,3.0174E-09,-0.00057536,3.194E-07,-3.1935999999999997E-07
0.405,0.030000000000000002,0.00063388000000000008,3.2033E-09,-0.00063482,3.1935999999999997E-07,-3.1942E-07
0.41000000000000003,0.030000000000000002,0.0006966,3.3551E-09,-0.00069546000000000007,3.193E-07,-3.1938E-07
0.41500000000000004,0.030000000000000002,0.00076200000000000009,3.5364E-09,-0.00076224000000000007,3.1935999999999997E-07,-3.194E-07
0.42000000000000004,0.030000000000000002,0.00082974,3.7286E-09,-0.00083022,3.1942E-07,-3.1934E-07
0.42500000000000004,0.030000000000000002,0.00090312000000000009,3.9223E-09,-0.00090214000000000006,3.1938E-07,-3.194E-07
0.43,0.030000000000000002,0.00097676000000000013,4.1368E-09,-0.00097588,3.1938E-07,-3.1948E-07
0.435,0.030000000000000002,0.0010554400000000002,4.3577E-09,-0.0010548200000000002,3.1942E-07,-3.194E-07
0.44,0.030000000000000002,0.00113534,4.5763E-09,-0.0011346400000000001,3.1935999999999997E-07,-3.1935999999999997E-07
0.445,0.030000000000000002,0.0012186,4.8187E-09,-0.0012178,3.1934E-07,-3.1934E-07
0.45,0.030000000000000002,0.0013036,5.0673E-09,-0.0013024,3.194E-07,-3.1948E-07
0.455,0.030000000000000002,0.001391,5.3437E-09,-0.00139,3.1938E-07,-3.1942E-07
0.46,0.030000000000000002,0.0014766,5.5897E-09,-0.0014768000000000001,3.194E-07,-3.1935999999999997E-07
0.465,0.030000000000000002,0.0015684,5.8755E-09,-0.0015668000000000001,3.1942E-07,-3.1946E-07
0.47000000000000003,0.030000000000000002,0.0016592,6.1642E-09,-0.0016578,3.1942E-07,-3.1944E-07
0.47500000000000003,0.030000000000000002,0.0017514,6.4783E-09,-0.0017502,3.1946E-07,-3.1948E-07
0.48000000000000004,0.030000000000000002,0.0018414,6.7903E-09,-0.0018422,3.1942E-07,-3.1948E-07
0.48500000000000004,0.030000000000000002,0.0019356,7.1246E-09,-0.0019362000000000001,3.1942E-07,-3.1942E-07
0.49000000000000005,0.030000000000000002,0.0020286,7.4834E-09,-0.0020286,3.1942E-07,-3.1942E-07
0.49500000000000005,0.030000000000000002,0.0021214,7.8334E-09,-0.0021202,3.193E-07,-3.1935999999999997E-07
0.5,0.030000000000000002,0.002215,8.21E-09,-0.0022138,3.1942E-07,-3.1946E-07
0.505,0.030000000000000002,0.002306,8.6008E-09,-0.0023068,3.1935999999999997E-07,-3.1938E-07
0.51,0.030000000000000002,0.0023996,9.0042E-09,-0.0023974,3.1938E-07,-3.1932E-07
0.515,0.030000000000000002,0.0024914,9.4327E-09,-0.0024906,3.1938E-07,-3.194E-07
0.52,0.030000000000000002,0.002582,9.8658E-09,-0.0025814,3.1942E-07,-3.1942E-07
0.525,0.030000000000000002,0.0026744,1.03229E-08,-0.0026714,3.1944E-07,-3.1935999999999997E-07
0.53,0.030000000000000002,0.0027588,1.0802E-08,-0.0027586,3.1935999999999997E-07,-3.1948E-07
0.535,0.030000000000000002,0.0028474,1.13206E-08,-0.0028480000000000003,3.1938E-07,-3.194E-07
0.54,0.030000000000000002,0.0029328,1.1851199999999999E-08,-0.0029346,3.194E-07,-3.1944E-07
0.545,0.030000000000000002,0.0030218000000000003,1.2386999999999999E-08,-0.0030206,3.1935999999999997E-07,-3.1942E-07
0.55,0.030000000000000002,0.003105,1.2942999999999999E-08,-0.003105,3.1935999999999997E-07,-3.1942E-07
0.555,0.030000000000000002,0.0031872000000000003,1.3527199999999999E-08,-0.003187,3.1935999999999997E-07,-3.194E-07
0.56,0.030000000000000002,0.0032672,1.4130399999999998E-08,-0.0032664,3.1942E-07,-3.1946E-07
0.56500000000000006,0.030000000000000002,0.0033478,1.4788199999999999E-08,-0.0033458,3.1935999999999997E-07,-3.194E-07
0.57000000000000006,0.030000000000000002,0.0034252,1.54128E-08,-0.0034232,3.1938E-07,-3.193E-07
0.57500000000000007,0.030000000000000002,0.0035026000000000002,1.6107E-08,-0.0035014,3.1942E-07,-3.1948E-07
0.58000000000000007,0.030000000000000002,0.0035756,1.6816999999999998E-08,-0.0035758,3.1938E-07,-3.1942E-07
0.58500000000000008,0.030000000000000002,0.003651,1.7560999999999998E-08,-0.0036504000000000003,3.1935999999999997E-07,-3.1938E-07
0.59000000000000008,0.030000000000000002,0.0037232000000000003,1.8323799999999998E-08,-0.0037212,3.1932E-07,-3.1935999999999997E-07
0.595,0.030000000000000002,0.0037932,1.9115999999999997E-08,-0.0037942,3.1932E-07,-3.1942E-07
0.6,0.030000000000000002,0.0038610000000000003,1.9981999999999997E-08,-0.0038626,3.1944E-07,-3.194E-07
0.605,0.030000000000000002,0.00393,2.08406E-08,-0.0039294,3.1942E-07,-3.1942E-07
0.61,0.030000000000000002,0.0039964,2.1739599999999996E-08,-0.0039962,3.1946E-07,-3.1942E-07
0.615,0.030000000000000002,0.004061,2.2679799999999998E-08,-0.0040594,3.1932E-07,-3.1938E-07
0.62,0.030000000000000002,0.004122,2.3661E-08,-0.0041222,3.1942E-07,-3.194E-07
0.625,0.030000000000000002,0.0041864,2.4694799999999996E-08,-0.0041848,3.1934E-07,-3.1935999999999997E-07
0.63,0.030000000000000002,0.0042462,2.5733799999999996E-08,-0.0042428,3.194E-07,-3.1942E-07
0.635,0.030000000000000002,0.0043052,2.68522E-08,-0.004303,3.1949999999999997E-07,-3.1948E-07
0.64,0.030000000000000002,0.004363,2.80096E-08,-0.004359,3.1944E-07,-3.1946E-07
0.645,0.030000000000000002,0.0044184,2.9216599999999998E-08,-0.0044166,3.1948E-07,-3.1952E-07
0.65,0.030000000000000002,0.004474,3.0457799999999996E-08,-0.0044704,3.1948E-07,-3.1956E-07
0.655,0.030000000000000002,0.004524,3.1733E-08,-0.0045238,3.1949999999999997E-07,-3.1946E-07
0.66,0.030000000000000002,0.0045768,3.31076E-08,-0.0045772,3.1948E-07,-3.1949999999999997E-07
0.665,0.030000000000000002,0.0046276,3.45294E-08,-0.004628,3.1948E-07,-3.1948E-07
0.67,0.030000000000000002,0.0046752,3.60318E-08,-0.0046752,3.1949999999999997E-07,-3.1948E-07
0.675,0.030000000000000002,0.0047254,3.7513399999999995E-08,-0.004725,3.1949999999999997E-07,-3.1954E-07
0.68,0.030000000000000002,0.004772,3.91198E-08,-0.0047728,3.1948E-07,-3.1942E-07
0.685,0.030000000000000002,0.0048172,4.0798399999999994E-08,-0.0048200000000000005,3.1942E-07,-3.1952E-07
0.69000000000000006,0.030000000000000002,0.004865,4.25634E-08,-0.0048632,3.1948E-07,-3.1942E-07
0.69500000000000006,0.030000000000000002,0.0049078,4.4382399999999995E-08,-0.0049074,3.1946E-07,-3.1949999999999997E-07
0.70000000000000007,0.030000000000000002,0.0049518,4.6329399999999993E-08,-0.0049514,3.1942E-07,-3.1946E-07
0.70500000000000007,0.030000000000000002,0.0049922000000000005,4.8304399999999995E-08,-0.0049904,3.1944E-07,-3.1946E-07
0.71000000000000008,0.030000000000000002,0.0050336,5.04632E-08,-0.005035,3.1942E-07,-3.1948E-07
0.71500000000000008,0.030000000000000002,0.0050698,5.26254E-08,-0.0050714,3.1942E-07,-3.1942E-07
0.72000000000000008,0.030000000000000002,0.0051114,5.4941599999999995E-08,-0.0051138,3.1944E-07,-3.1946E-07
0.72500000000000009,0.030000000000000002,0.0051486,5.73E-08,-0.00515,3.1946E-07,-3.1948E-07
0.73,0.030000000000000002,0.0051864,5.9853999999999988E-08,-0.0051876,3.1948E-07,-3.1946E-07
0.735,0.030000000000000002,0.0052236,6.246559999999999E-08,-0.005224,3.1948E-07,-3.1948E-07
0.74,0.030000000000000002,0.0052582,6.52312E-08,-0.0052562,3.1942E-07,-3.1942E-07
0.745,0.030000000000000002,0.0052914,6.8079399999999992E-08,-0.0052948,3.194E-07,-3.1946E-07
0.75,0.030000000000000002,0.005327,7.11478E-08,-0.0053266,3.1944E-07,-3.1942E-07
0.755,0.030000000000000002,0.005361,7.427759999999999E-08,-0.0053582000000000005,3.1944E-07,-3.1946E-07
0.76,0.030000000000000002,0.0053914,7.7606799999999991E-08,-0.005389,3.1944E-07,-3.1948E-07
0.765,0.030000000000000002,0.0054242,8.10746E-08,-0.0054238,3.194E-07,-3.1948E-07
0.77,0.030000000000000002,0.0054544,8.4787399999999985E-08,-0.0054542,3.1938E-07,-3.194E-07
0.775,0.030000000000000002,0.0054836,8.8580799999999993E-08,-0.0054838000000000005,3.194E-07,-3.1938E-07
0.78,0.030000000000000002,0.005508,9.2588199999999993E-08,-0.0055146,3.1942E-07,-3.1949999999999997E-07
0.785,0.030000000000000002,0.005544,9.6740599999999984E-08,-0.005542,3.1935999999999997E-07,-3.1932E-07
0.79,0.030000000000000002,0.0055698,1.011932E-07,-0.0055704000000000005,3.1934E-07,-3.194E-07
0.795,0.030000000000000002,0.0055980000000000005,1.0579179999999999E-07,-0.0055962,3.194E-07,-3.194E-07
0.8,0.030000000000000002,0.0056226,1.1061919999999999E-07,-0.0056222,3.1942E-07,-3.1948E-07
0.805,0.030000000000000002,0.0056476,1.1582E-07,-0.0056486,3.1932E-07,-3.1944E-07
0.81,0.030000000000000002,0.0056758,1.2112E-07,-0.0056754,3.1944E-07,-3.1935999999999997E-07
0.81500000000000006,0.030000000000000002,0.0057016,1.2676E-07,-0.0057002,3.1948E-07,-3.1938E-07
0.82000000000000006,0.030000000000000002,0.0057246,1.326E-07,-0.0057246,3.1938E-07,-3.194E-07
0.82500000000000007,0.030000000000000002,0.0057466,1.3882E-07,-0.005749,3.1938E-07,-3.194E-07
0.83000000000000007,0.030000000000000002,0.005773,1.4529999999999998E-07,-0.0057712,3.194E-07,-3.1944E-07
0.83500000000000008,0.030000000000000002,0.0057962000000000005,1.522E-07,-0.0057936,3.1935999999999997E-07,-3.1948E-07
0.84000000000000008,0.030000000000000002,0.0058194,1.5932E-07,-0.0058156,3.1942E-07,-3.1942E-07
0.84500000000000008,0.030000000000000002,0.0058376,1.669E-07,-0.0058404,3.1938E-07,-3.1944E-07
0.85000000000000009,0.030000000000000002,0.0058596,1.7478E-07,-0.0058608,3.1938E-07,-3.194E-07
0.85500000000000009,0.030000000000000002,0.0058812000000000005,1.8326E-07,-0.005881,3.1942E-07,-3.1942E-07
0.86,0.030000000000000002,0.0059008,1.9192E-07,-0.0059006,3.1942E-07,-3.1942E-07
0.865,0.030000000000000002,0.005921,2.0124E-07,-0.0059208,3.1944E-07,-3.1954E-07
0.87,0.030000000000000002,0.0059408,2.1094E-07,-0.0059402000000000005,3.1948E-07,-3.1948E-07
0.875,0.030000000000000002,0.0059624000000000005,2.212E-07,-0.0059594,3.1949999999999997E-07,-3.1958E-07
0.88,0.030000000000000002,0.0059784,2.3196E-07,-0.0059778,3.1935999999999997E-07,-3.1942E-07
0.885,0.030000000000000002,0.0059988,2.4339999999999997E-07,-0.0059962,3.1944E-07,-3.1944E-07
0.89,0.030000000000000002,0.0060158,2.553E-07,-0.006017,3.1938E-07,-3.1946E-07
0.895,0.030000000000000002,0.006034,2.6798E-07,-0.0060302,3.1942E-07,-3.1942E-07
0.9,0.030000000000000002,0.006047,2.81E-07,-0.0060518,3.1948E-07,-3.1946E-07
-0.3,0.04,1.3792E-09,-2.2475E-09,9.1129000000000007E-10,3.1935999999999997E-07,-3.1938E-07
-0.29500000000000004,0.04,1.3354E-09,-2.1702E-09,8.7742000000000006E-10,3.1938E-07,-3.1935999999999997E-07
-0.29000000000000004,0.04,1.2893E-09,-2.0876E-09,8.4422000000000011E-10,3.194E-07,-3.193E-07
-0.28500000000000003,0.04,1.2522E-09,-2.0067E-09,8.104700000000001E-10,3.1935999999999997E-07,-3.194E-07
-0.28,0.04,1.2035E-09,-1.9382E-09,7.7930000000000009E-10,3.1935999999999997E-07,-3.1935999999999997E-07
-0.275,0.04,1.1653E-09,-1.8602E-09,7.473000000000001E-10,3.194E-07,-3.1938E-07
-0.27,0.04,1.1274E-09,-1.7871E-09,7.1798E-10,3.1935999999999997E-07,-3.1948E-07
-0.265,0.04,1.0864E-09,-1.7243E-09,6.8643000000000008E-10,3.1935999999999997E-07,-3.1938E-07
-0.26,0.04,1.0475E-09,-1.6512E-09,6.5830000000000009E-10,3.1935999999999997E-07,-3.1942E-07
-0.255,0.04,1.0151E-09,-1.5843E-09,6.315E-10,3.1935999999999997E-07,-3.1935999999999997E-07
-0.25,0.04,9.7692000000000018E-10,-1.5244E-09,6.0392E-10,3.1934E-07,-3.1944E-07
-0.24500000000000002,0.04,9.4196000000000013E-10,-1.4617E-09,5.758E-10,3.1938E-07,-3.194E-07
-0.24000000000000002,0.04,9.1171E-10,-1.3997E-09,5.525E-10,3.1938E-07,-3.1942E-07
-0.23500000000000001,0.04,8.7506000000000008E-10,-1.3398E-09,5.2452000000000007E-10,3.1938E-07,-3.194E-07
-0.23,0.04,8.4001000000000008E-10,-1.2877E-09,5.0158E-10,3.1938E-07,-3.1944E-07
-0.225,0.04,8.177500000000001E-10,-1.23E-09,4.7996000000000007E-10,3.1932E-07,-3.194E-07
-0.22,0.04,7.8057E-10,-1.1698E-09,4.5433E-10,3.1942E-07,-3.194E-07
-0.215,0.04,7.5232E-10,-1.1297E-09,4.3456000000000005E-10,3.1938E-07,-3.1942E-07
-0.21000000000000002,0.04,7.2433E-10,-1.0703E-09,4.1031000000000005E-10,3.1944E-07,-3.1942E-07
-0.20500000000000002,0.04,6.977500000000001E-10,-1.0226E-09,3.9107E-10,3.1942E-07,-3.1946E-07
-0.2,0.04,6.6891E-10,-9.7671E-10,3.6927E-10,3.1935999999999997E-07,-3.1942E-07
-0.195,0.04,6.4602E-10,-9.3325E-10,3.5171E-10,3.1938E-07,-3.1944E-07
-0.19,0.04,6.1993E-10,-8.8015000000000011E-10,3.289E-10,3.1946E-07,-3.1948E-07
-0.185,0.04,5.9399E-10,-8.4679E-10,3.1492000000000004E-10,3.1942E-07,-3.1948E-07
-0.18000000000000002,0.04,5.7112000000000009E-10,-7.9839000000000007E-10,2.9088000000000003E-10,3.1952E-07,-3.1952E-07
-0.17500000000000002,0.04,5.4732E-10,-7.6118000000000005E-10,2.783E-10,3.194E-07,-3.1946E-07
-0.17,0.04,5.2221E-10,-7.187E-10,2.5613E-10,3.1944E-07,-3.1948E-07
-0.165,0.04,5.0504E-10,-6.884E-10,2.414E-10,3.1944E-07,-3.1948E-07
-0.16,0.04,4.9417000000000006E-10,-6.4901E-10,2.2290000000000003E-10,3.1942E-07,-3.1944E-07
-0.155,0.04,4.7149E-10,-6.1094000000000006E-10,2.0845000000000001E-10,3.1949999999999997E-07,-3.1948E-07
-0.15,0.04,4.5265000000000003E-10,-5.8106000000000006E-10,1.8769000000000003E-10,3.1942E-07,-3.1944E-07
-0.14500000000000002,0.04,4.4267000000000003E-10,-5.5042E-10,1.7615E-10,3.1932E-07,-3.194E-07
-0.14,0.04,4.2377000000000003E-10,-5.1114000000000006E-10,1.5542000000000002E-10,3.194E-07,-3.1942E-07
-0.135,0.04,4.1364000000000003E-10,-4.8908E-10,1.4043E-10,3.1938E-07,-3.1938E-07
-0.13,0.04,3.9984000000000004E-10,-4.6107000000000004E-10,1.2274E-10,3.1938E-07,-3.1938E-07
-0.125,0.04,3.9141000000000005E-10,-4.2537000000000005E-10,1.0443000000000001E-10,3.1938E-07,-3.1952E-07
-0.12000000000000001,0.04,3.8374E-10,-4.0275000000000003E-10,8.757E-11,3.1954E-07,-3.1952E-07
-0.115,0.04,3.7513000000000003E-10,-3.8158000000000004E-10,6.3290000000000008E-11,3.1938E-07,-3.1942E-07
-0.11,0.04,3.7666E-10,-3.5291E-10,4.603E-11,3.194E-07,-3.1948E-07
-0.10500000000000001,0.04,3.752E-10,-3.3158E-10,2.143E-11,3.1934E-07,-3.194E-07
-0.1,0.04,3.7375000000000003E-10,-3.0436E-10,-3.2100000000000003E-12,3.1932E-07,-3.1935999999999997E-07
-0.095,0.04,3.8402000000000003E-10,-2.9140000000000005E-10,-3.0610000000000005E-11,3.1942E-07,-3.194E-07
-0.090000000000000011,0.04,3.9166E-10,-2.6602000000000003E-10,-6.119000000000001E-11,3.1935999999999997E-07,-3.1938E-07
-0.085,0.04,4.093E-10,-2.4384E-10,-9.3640000000000012E-11,3.1932E-07,-3.194E-07
-0.08,0.04,4.2408000000000005E-10,-2.3376000000000003E-10,-1.3374000000000002E-10,3.1935999999999997E-07,-3.1938E-07
-0.075,0.04,4.5290000000000006E-10,-2.0720000000000002E-10,-1.7685000000000002E-10,3.1938E-07,-3.194E-07
-0.07,0.04,4.9268E-10,-1.9347E-10,-2.2676000000000003E-10,3.1935999999999997E-07,-3.194E-07
-0.065,0.04,5.2505000000000006E-10,-1.8241000000000002E-10,-2.8110000000000004E-10,3.1938E-07,-3.1946E-07
-0.060000000000000005,0.04,5.8003E-10,-1.6315E-10,-3.5202000000000004E-10,3.1942E-07,-3.194E-07
-0.055,0.04,6.419200000000001E-10,-1.5075000000000002E-10,-4.2585000000000003E-10,3.1935999999999997E-07,-3.194E-07
-0.05,0.04,7.2098E-10,-1.3389000000000002E-10,-5.1769E-10,3.1935999999999997E-07,-3.194E-07
-0.045000000000000005,0.04,8.0734E-10,-1.2264E-10,-6.2911E-10,3.1935999999999997E-07,-3.194E-07
-0.04,0.04,9.2142000000000011E-10,-1.1262000000000001E-10,-7.4551E-10,3.1942E-07,-3.1946E-07
-0.035,0.04,1.05279E-09,-9.0830000000000011E-11,-8.8681000000000006E-10,3.1935999999999997E-07,-3.1938E-07
-0.030000000000000002,0.04,1.2151E-09,-8.6560000000000009E-11,-1.0575300000000002E-09,3.1935999999999997E-07,-3.1948E-07
-0.025,0.04,1.3914E-09,-7.644000000000001E-11,-1.2519E-09,3.1938E-07,-3.1935999999999997E-07
-0.02,0.04,1.6198E-09,-6.843E-11,-1.4925E-09,3.1938E-07,-3.1938E-07
-0.015000000000000001,0.04,1.8976E-09,-5.836E-11,-1.7669E-09,3.1938E-07,-3.1944E-07
-0.01,0.04,2.2101E-09,-4.6710000000000006E-11,-2.0973E-09,3.193E-07,-3.1935999999999997E-07
-0.005,0.04,2.5636E-09,-3.907E-11,-2.4878E-09,3.1934E-07,-3.1938E-07
0,0.04,3.0092E-09,-3.5380000000000005E-11,-2.9275E-09,3.1932E-07,-3.194E-07
0.005,0.04,3.5208E-09,-2.345E-11,-3.4497E-09,3.1932E-07,-3.1932E-07
0.01,0.04,4.1593E-09,-1.601E-11,-4.0889E-09,3.194E-07,-3.1942E-07
0.015000000000000001,0.04,4.8879E-09,-1.1430000000000001E-11,-4.8082E-09,3.1935999999999997E-07,-3.1935999999999997E-07
0.02,0.04,5.7553E-09,-4.8100000000000007E-12,-5.7091E-09,3.1934E-07,-3.1938E-07
0.025,0.04,6.8041E-09,6.4800000000000007E-12,-6.7586E-09,3.1942E-07,-3.1938E-07
0.030000000000000002,0.04,7.9984E-09,8.77E-12,-7.9947E-09,3.1935999999999997E-07,-3.194E-07
0.035,0.04,9.4116E-09,1.147E-11,-9.4058E-09,3.1932E-07,-3.194E-07
0.04,0.04,1.11825E-08,2.56E-11,-1.11147E-08,3.1935999999999997E-07,-3.1942E-07
0.045000000000000005,0.04,1.3194199999999998E-08,3.4720000000000004E-11,-1.31356E-08,3.1938E-07,-3.1948E-07
0.05,0.04,1.561E-08,3.59E-11,-1.55794E-08,3.1935999999999997E-07,-3.194E-07
0.055,0.04,1.8458E-08,3.722E-11,-1.8411E-08,3.1934E-07,-3.1934E-07
0.060000000000000005,0.04,2.1854E-08,4.312E-11,-2.17274E-08,3.1938E-07,-3.1935999999999997E-07
0.065,0.04,2.5654399999999998E-08,5.5840000000000004E-11,-2.5764199999999996E-08,3.1935999999999997E-07,-3.1944E-07
0.07,0.04,3.03708E-08,5.79E-11,-3.03504E-08,3.1938E-07,-3.1934E-07
0.075,0.04,3.5810999999999996E-08,6.358E-11,-3.58916E-08,3.1942E-07,-3.1944E-07
0.08,0.04,4.2470199999999993E-08,6.691E-11,-4.2400599999999995E-08,3.1935999999999997E-07,-3.1935999999999997E-07
0.085,0.04,5.0264599999999992E-08,7.51E-11,-5.0159399999999995E-08,3.1938E-07,-3.1942E-07
0.090000000000000011,0.04,5.9236199999999993E-08,8.1460000000000009E-11,-5.9143599999999995E-08,3.1932E-07,-3.1948E-07
0.095,0.04,6.998699999999999E-08,8.643E-11,-7.0105999999999993E-08,3.1944E-07,-3.1948E-07
0.1,0.04,8.2515199999999992E-08,9.0470000000000012E-11,-8.2957599999999986E-08,3.194E-07,-3.1946E-07
0.10500000000000001,0.04,9.7764199999999985E-08,1.0234E-10,-9.77962E-08,3.1946E-07,-3.1942E-07
0.11,0.04,1.1574E-07,1.0181000000000001E-10,-1.1571419999999998E-07,3.1948E-07,-3.1949999999999997E-07
0.115,0.04,1.3714E-07,1.1193000000000001E-10,-1.3761999999999998E-07,3.194E-07,-3.1949999999999997E-07
0.12000000000000001,0.04,1.6194E-07,1.2021000000000002E-10,-1.6296E-07,3.194E-07,-3.1948E-07
0.125,0.04,1.908E-07,1.2516E-10,-1.917E-07,3.1938E-07,-3.1942E-07
0.13,0.04,2.2562E-07,1.3458000000000002E-10,-2.2678E-07,3.1942E-07,-3.1944E-07
0.135,0.04,2.672E-07,1.4123E-10,-2.6896E-07,3.1938E-07,-3.1942E-07
0.14,0.04,3.148E-07,1.5050000000000002E-10,-3.1585999999999997E-07,3.1942E-07,-3.1946E-07
0.14500000000000002,0.04,3.7392E-07,1.5737000000000002E-10,-3.7463999999999997E-07,3.194E-07,-3.194E-07
0.15,0.04,4.453E-07,1.7336E-10,-4.4338E-07,3.193E-07,-3.194E-07
0.155,0.04,5.2388E-07,1.78E-10,-5.2616E-07,3.1938E-07,-3.194E-07
0.16,0.04,6.1972E-07,1.9141000000000001E-10,-6.1776E-07,3.1944E-07,-3.1946E-07
0.165,0.04,7.2882E-07,2.0141E-10,-7.2904E-07,3.1944E-07,-3.1942E-07
0.17,0.04,8.6403999999999995E-07,2.0896000000000002E-10,-8.6302E-07,3.194E-07,-3.1948E-07
0.17500000000000002,0.04,1.0229E-06,2.2843E-10,-1.02036E-06,3.1934E-07,-3.1935999999999997E-07
0.18000000000000002,0.04,1.2148000000000002E-06,2.3733E-10,-1.2119000000000002E-06,3.1938E-07,-3.1935999999999997E-07
0.185,0.04,1.4258000000000002E-06,2.4607E-10,-1.4286000000000002E-06,3.1935999999999997E-07,-3.1935999999999997E-07
0.19,0.04,1.6860000000000003E-06,2.6934E-10,-1.6834000000000003E-06,3.194E-07,-3.1944E-07
0.195,0.04,1.9779E-06,2.7773000000000003E-10,-1.9778000000000004E-06,3.1938E-07,-3.1935999999999997E-07
0.2,0.04,2.3598000000000003E-06,2.9265E-10,-2.336E-06,3.1935999999999997E-07,-3.1935999999999997E-07
0.20500000000000002,0.04,2.7577000000000003E-06,3.1641000000000005E-10,-2.7497E-06,3.194E-07,-3.1944E-07
0.21000000000000002,0.04,3.2540000000000005E-06,3.2989000000000004E-10,-3.2739000000000005E-06,3.1935999999999997E-07,-3.1934E-07
0.215,0.04,3.8533E-06,3.498E-10,-3.8409000000000008E-06,3.1932E-07,-3.1928E-07
0.22,0.04,4.5282E-06,3.7422000000000003E-10,-4.5339000000000008E-06,3.1934E-07,-3.1932E-07
0.225,0.04,5.3235000000000008E-06,3.8889000000000004E-10,-5.3213E-06,3.1932E-07,-3.1935999999999997E-07
0.23,0.04,6.2678E-06,4.1722000000000003E-10,-6.2445000000000009E-06,3.1938E-07,-3.1938E-07
0.23500000000000001,0.04,7.3427000000000009E-06,4.4044000000000003E-10,-7.3266000000000011E-06,3.1934E-07,-3.1935999999999997E-07
0.24000000000000002,0.04,8.5770000000000011E-06,4.6449E-10,-8.6145E-06,3.1934E-07,-3.194E-07
0.24500000000000002,0.04,1.0036400000000001E-05,4.9612E-10,-1.0069700000000001E-05,3.1935999999999997E-07,-3.1934E-07
0.25,0.04,1.1792E-05,5.2519E-10,-1.1822E-05,3.1938E-07,-3.194E-07
0.255,0.04,1.3756E-05,5.5719E-10,-1.3728E-05,3.1942E-07,-3.194E-07
0.26,0.04,1.6092E-05,5.933E-10,-1.6132E-05,3.194E-07,-3.1942E-07
0.265,0.04,1.867E-05,6.2221000000000007E-10,-1.8754E-05,3.1938E-07,-3.1938E-07
0.27,0.04,2.1942E-05,6.648E-10,-2.1846E-05,3.1938E-07,-3.1938E-07
0.275,0.04,2.5356000000000003E-05,7.0386000000000009E-10,-2.5366E-05,3.1935999999999997E-07,-3.1935999999999997E-07
0.28,0.04,2.9446000000000002E-05,7.4768E-10,-2.9482E-05,3.1935999999999997E-07,-3.1935999999999997E-07
0.28500000000000003,0.04,3.4262E-05,7.9883E-10,-3.4202E-05,3.194E-07,-3.1938E-07
0.29000000000000004,0.04,3.9648000000000004E-05,8.3820000000000006E-10,-3.9588E-05,3.1938E-07,-3.1944E-07
0.29500000000000004,0.04,4.6032E-05,8.9249000000000009E-10,-4.5832000000000004E-05,3.1934E-07,-3.1935999999999997E-07
0.3,0.04,5.31E-05,9.4578E-10,-5.2976E-05,3.1928E-07,-3.1935999999999997E-07
0.305,0.04,6.1512E-05,1.00069E-09,-6.1432E-05,3.1938E-07,-3.194E-07
0.31,0.04,7.1018E-05,1.0696500000000001E-09,-7.0712E-05,3.1944E-07,-3.1935999999999997E-07
0.315,0.04,8.174E-05,1.12467E-09,-8.1866E-05,3.1938E-07,-3.1942E-07
0.32,0.04,9.435E-05,1.1934E-09,-9.4420000000000007E-05,3.1934E-07,-3.1934E-07
0.325,0.04,0.000108796,1.2667E-09,-0.000108808,3.1932E-07,-3.194E-07
0.33,0.04,0.00012538,1.3372E-09,-0.00012512,3.1935999999999997E-07,-3.1942E-07
0.335,0.04,0.00014426,1.4192E-09,-0.00014364,3.1938E-07,-3.1935999999999997E-07
0.34,0.04,0.00016518000000000001,1.5017E-09,-0.00016476000000000002,3.1935999999999997E-07,-3.194E-07
0.34500000000000003,0.04,0.00018928,1.5814E-09,-0.00018872000000000002,3.1935999999999997E-07,-3.1934E-07
0.35000000000000003,0.04,0.00021600000000000002,1.6841E-09,-0.00021574000000000002,3.1938E-07,-3.1942E-07
0.35500000000000004,0.04,0.0002464,1.7716E-09,-0.00024576000000000003,3.1942E-07,-3.194E-07
0.36000000000000004,0.04,0.00027958000000000003,1.883E-09,-0.00027934,3.1942E-07,-3.1946E-07
0.365,0.04,0.00031746000000000004,1.9857E-09,-0.00031698,3.1942E-07,-3.1954E-07
0.37,0.04,0.00035866,2.0836E-09,-0.00035794,3.1944E-07,-3.1952E-07
0.375,0.04,0.00040376,2.2125E-09,-0.00040426000000000004,3.1944E-07,-3.1948E-07
0.38,0.04,0.00045358000000000003,2.3282E-09,-0.00045322000000000006,3.1938E-07,-3.194E-07
0.385,0.04,0.0005088,2.4628E-09,-0.00050824000000000008,3.1946E-07,-3.1948E-07
0.39,0.04,0.0005664,2.5997E-09,-0.00056638,3.1952E-07,-3.1946E-07
0.395,0.04,0.00063092000000000009,2.7366E-09,-0.00063058,3.1946E-07,-3.1944E-07
0.4,0.04,0.00069898000000000009,2.8873E-09,-0.00069840000000000006,3.1942E-07,-3.1954E-07
0.405,0.04,0.0007724600000000001,3.0456E-09,-0.00077236,3.1944E-07,-3.1946E-07
0.41000000000000003,0.04,0.00085044,3.2114E-09,-0.00084926,3.194E-07,-3.1946E-07
0.41500000000000004,0.04,0.00093294,3.3865E-09,-0.00093262000000000011,3.1942E-07,-3.1952E-07
0.42000000000000004,0.04,0.0010190000000000002,3.5641E-09,-0.00101888,3.1938E-07,-3.1942E-07
0.42500000000000004,0.04,0.0011115600000000002,3.7521E-09,-0.00111034,3.1948E-07,-3.1946E-07
0.43,0.04,0.001206,3.945E-09,-0.0012052,3.1942E-07,-3.1942E-07
0.435,0.04,0.0013068,4.1525E-09,-0.0013066,3.1942E-07,-3.1948E-07
0.44,0.04,0.0014088,4.368E-09,-0.0014074,3.1942E-07,-3.1948E-07
0.445,0.04,0.0015176,4.59E-09,-0.0015152,3.1948E-07,-3.1944E-07
0.45,0.04,0.0016264,4.8239E-09,-0.0016254,3.1948E-07,-3.1942E-07
0.455,0.04,0.0017396,5.0712E-09,-0.0017396,3.1944E-07,-3.1949999999999997E-07
0.46,0.04,0.001854,5.3218E-09,-0.001854,3.194E-07,-3.1938E-07
0.465,0.04,0.0019734,5.5953E-09,-0.0019704,3.1942E-07,-3.1935999999999997E-07
0.47000000000000003,0.04,0.00209,5.8679E-09,-0.0020896,3.1942E-07,-3.1935999999999997E-07
0.47500000000000003,0.04,0.0022122,6.1645E-09,-0.0022116,3.1935999999999997E-07,-3.1942E-07
0.48000000000000004,0.04,0.0023322,6.4861E-09,-0.0023332,3.1944E-07,-3.194E-07
0.48500000000000004,0.04,0.0024572,6.7875E-09,-0.0024572,3.1932E-07,-3.1942E-07
0.49000000000000005,0.04,0.002581,7.1137E-09,-0.0025806,3.1938E-07,-3.1944E-07
0.49500000000000005,0.04,0.0027052,7.4638E-09,-0.0027048000000000003,3.194E-07,-3.1942E-07
0.5,0.04,0.0028288000000000002,7.8179E-09,-0.0028284,3.1944E-07,-3.1948E-07
0.505,0.04,0.002954,8.2022E-09,-0.0029538,3.194E-07,-3.194E-07
0.51,0.04,0.0030776,8.5745E-09,-0.0030764,3.1944E-07,-3.1946E-07
0.515,0.04,0.0032022,8.9789E-09,-0.0032006,3.1935999999999997E-07,-3.1932E-07
0.52,0.04,0.0033234000000000002,9.4015E-09,-0.0033216,3.1942E-07,-3.1946E-07
0.525,0.04,0.0034432,9.8368E-09,-0.0034436000000000002,3.1934E-07,-3.1938E-07
0.53,0.04,0.0035632,1.02921E-08,-0.0035634,3.1935999999999997E-07,-3.1946E-07
0.535,0.04,0.003685,1.07658E-08,-0.0036814,3.1938E-07,-3.1935999999999997E-07
0.54,0.04,0.0038002,1.12481E-08,-0.0038024,3.193E-07,-3.1942E-07
0.545,0.04,0.0039176,1.1805399999999999E-08,-0.0039174,3.1934E-07,-3.194E-07
0.55,0.04,0.0040294,1.2332199999999998E-08,-0.0040294,3.194E-07,-3.1942E-07
0.555,0.04,0.0041438000000000004,1.28936E-08,-0.0041444,3.1938E-07,-3.1935999999999997E-07
0.56,0.04,0.0042538,1.3452599999999998E-08,-0.004255,3.1938E-07,-3.1946E-07
0.56500000000000006,0.04,0.0043638,1.4056199999999998E-08,-0.0043636000000000005,3.1942E-07,-3.1942E-07
0.57000000000000006,0.04,0.004471,1.46702E-08,-0.0044704,3.1938E-07,-3.1944E-07
0.57500000000000007,0.04,0.0045762,1.53302E-08,-0.0045768,3.1935999999999997E-07,-3.1935999999999997E-07
0.58000000000000007,0.04,0.0046794,1.60218E-08,-0.0046764,3.1935999999999997E-07,-3.1946E-07
0.58500000000000008,0.04,0.0047798,1.6717999999999998E-08,-0.004779,3.1938E-07,-3.194E-07
0.59000000000000008,0.04,0.0048786,1.7432999999999998E-08,-0.0048788,3.1935999999999997E-07,-3.1944E-07
0.595,0.04,0.0049770000000000005,1.8217999999999998E-08,-0.0049742,3.1935999999999997E-07,-3.1946E-07
0.6,0.04,0.0050714,1.8976799999999998E-08,-0.0050678,3.1938E-07,-3.194E-07
0.605,0.04,0.005165,1.9813799999999997E-08,-0.0051638000000000005,3.1942E-07,-3.1948E-07
0.61,0.04,0.0052544,2.06758E-08,-0.0052546,3.1948E-07,-3.1954E-07
0.615,0.04,0.0053444,2.1563E-08,-0.0053454,3.1948E-07,-3.1954E-07
0.62,0.04,0.0054314,2.2497799999999996E-08,-0.0054316,3.1944E-07,-3.1952E-07
0.625,0.04,0.005516,2.3479799999999998E-08,-0.0055166,3.1952E-07,-3.1949999999999997E-07
0.63,0.04,0.0055988,2.4468399999999996E-08,-0.0055982,3.1952E-07,-3.1949999999999997E-07
0.635,0.04,0.005681,2.55198E-08,-0.0056806,3.1949999999999997E-07,-3.1949999999999997E-07
0.64,0.04,0.0057612,2.6605199999999997E-08,-0.0057606,3.1948E-07,-3.1948E-07
0.645,0.04,0.0058378,2.7765599999999997E-08,-0.005835,3.1948E-07,-3.1949999999999997E-07
0.65,0.04,0.0059116,2.8935199999999998E-08,-0.0059104000000000005,3.1946E-07,-3.1946E-07
0.655,0.04,0.0059848,3.01656E-08,-0.005987,3.194E-07,-3.1946E-07
0.66,0.04,0.006059,3.14894E-08,-0.0060596,3.1948E-07,-3.1949999999999997E-07
0.665,0.04,0.0061270000000000005,3.2799599999999994E-08,-0.0061284,3.1942E-07,-3.1942E-07
0.67,0.04,0.0061978,3.4202E-08,-0.0061966,3.1938E-07,-3.1944E-07
0.675,0.04,0.0062652,3.5675999999999995E-08,-0.0062642,3.194E-07,-3.1944E-07
0.68,0.04,0.0063308,3.7222999999999995E-08,-0.0063304,3.1946E-07,-3.1948E-07
0.685,0.04,0.0063972000000000005,3.88036E-08,-0.0063934000000000005,3.1948E-07,-3.1948E-07
0.69000000000000006,0.04,0.006456,4.04842E-08,-0.0064566,3.1938E-07,-3.194E-07
0.69500000000000006,0.04,0.0065174000000000004,4.2204999999999993E-08,-0.0065184,3.1948E-07,-3.1946E-07
0.70000000000000007,0.04,0.006576,4.4053399999999993E-08,-0.0065762,3.1948E-07,-3.1946E-07
0.70500000000000007,0.04,0.006635,4.5945E-08,-0.0066338000000000005,3.1946E-07,-3.1942E-07
0.71000000000000008,0.04,0.0066918,4.7930999999999994E-08,-0.0066926,3.1942E-07,-3.1948E-07
0.71500000000000008,0.04,0.0067472,4.9993799999999993E-08,-0.0067468,3.194E-07,-3.1946E-07
0.72000000000000008,0.04,0.0067994,5.2183199999999996E-08,-0.0068000000000000005,3.194E-07,-3.1944E-07
0.72500000000000009,0.04,0.0068548,5.44536E-08,-0.0068558000000000004,3.1935999999999997E-07,-3.194E-07
0.73,0.04,0.0069050000000000005,5.68062E-08,-0.0069050000000000005,3.1944E-07,-3.1942E-07
0.735,0.04,0.0069554000000000005,5.92938E-08,-0.0069566,3.194E-07,-3.1942E-07
0.74,0.04,0.0070052000000000005,6.1924399999999988E-08,-0.0070022,3.1938E-07,-3.1946E-07
0.745,0.04,0.0070506,6.4585399999999988E-08,-0.0070516,3.1935999999999997E-07,-3.1946E-07
0.75,0.04,0.0071004,6.74918E-08,-0.0070986,3.1942E-07,-3.1946E-07
0.755,0.04,0.0071468,7.04592E-08,-0.0071468,3.194E-07,-3.1944E-07
0.76,0.04,0.0071902,7.3605999999999991E-08,-0.0071898000000000005,3.194E-07,-3.1938E-07
0.765,0.04,0.0072332,7.68504E-08,-0.0072328,3.1935999999999997E-07,-3.1942E-07
0.77,0.04,0.0072752,8.0310799999999986E-08,-0.007276,3.1942E-07,-3.1944E-07
0.775,0.04,0.0073178,8.388799999999999E-08,-0.0073160000000000005,3.1942E-07,-3.1948E-07
0.78,0.04,0.0073594,8.7676999999999985E-08,-0.0073562,3.1944E-07,-3.1948E-07
0.785,0.04,0.0073968,9.16156E-08,-0.0073950000000000005,3.1948E-07,-3.1944E-07
0.79,0.04,0.0074362000000000004,9.5786E-08,-0.007436,3.1944E-07,-3.1954E-07
0.795,0.04,0.0074722,1.001116E-07,-0.007475,3.1942E-07,-3.1948E-07
0.8,0.04,0.0075106,1.0463459999999999E-07,-0.0075104,3.1938E-07,-3.1948E-07
0.805,0.04,0.0075436,1.094584E-07,-0.0075456,3.1946E-07,-3.1942E-07
0.81,0.04,0.0075824,1.144698E-07,-0.0075794,3.194E-07,-3.1942E-07
0.81500000000000006,0.04,0.0076148000000000006,1.1984E-07,-0.0076196,3.1942E-07,-3.1946E-07
0.82000000000000006,0.04,0.0076504,1.2531999999999999E-07,-0.0076508,3.1944E-07,-3.1946E-07
0.82500000000000007,0.04,0.007684,1.3124E-07,-0.0076832,3.194E-07,-3.1949999999999997E-07
0.83000000000000007,0.04,0.0077154,1.373E-07,-0.0077124,3.1938E-07,-3.1946E-07
0.83500000000000008,0.04,0.0077444,1.4378E-07,-0.0077432,3.1944E-07,-3.1948E-07
0.84000000000000008,0.04,0.0077808,1.5048E-07,-0.0077748,3.1944E-07,-3.1946E-07
0.84500000000000008,0.04,0.0078072,1.576E-07,-0.0078078,3.1946E-07,-3.1948E-07
0.85000000000000009,0.04,0.0078362,1.6506E-07,-0.0078358,3.1944E-07,-3.1946E-07
0.85500000000000009,0.04,0.0078658000000000009,1.7288E-07,-0.007867,3.1944E-07,-3.1946E-07
0.86,0.04,0.0078952,1.8112E-07,-0.0078952,3.1938E-07,-3.1944E-07
0.865,0.04,0.0079212,1.8992E-07,-0.0079232,3.1944E-07,-3.1946E-07
0.87,0.04,0.0079486,1.989E-07,-0.0079492,3.1944E-07,-3.1948E-07
0.875,0.04,0.007976200000000001,2.0858E-07,-0.0079748,3.1946E-07,-3.1942E-07
0.88,0.04,0.0080012,2.1859999999999999E-07,-0.0080032,3.1948E-07,-3.1946E-07
0.885,0.04,0.008027,2.2932E-07,-0.008024400000000001,3.1942E-07,-3.1944E-07
0.89,0.04,0.0080524,2.4042E-07,-0.0080494,3.1949999999999997E-07,-3.1948E-07
0.895,0.04,0.0080774,2.5224E-07,-0.0080746,3.1948E-07,-3.1954E-07
0.9,0.04,0.0080966,2.6466E-07,-0.0080994,3.1948E-07,-3.1948E-07
-0.3,0.05,1.4851E-09,-2.339E-09,9.1157000000000009E-10,3.1948E-07,-3.1954E-07
-0.29500000000000004,0.05,1.4337E-09,-2.255E-09,8.7613000000000005E-10,3.1935999999999997E-07,-3.194E-07
-0.29000000000000004,0.05,1.3933E-09,-2.1723E-09,8.448E-10,3.194E-07,-3.194E-07
-0.28500000000000003,0.05,1.3506999999999999E-09,-2.0928E-09,8.1016E-10,3.1938E-07,-3.1942E-07
-0.28,0.05,1.3019E-09,-2.0173E-09,7.7902000000000007E-10,3.1938E-07,-3.1935999999999997E-07
-0.275,0.05,1.261E-09,-1.9431E-09,7.4690000000000008E-10,3.1935999999999997E-07,-3.1946E-07
-0.27,0.05,1.2197E-09,-1.8668E-09,7.1868E-10,3.1934E-07,-3.1949999999999997E-07
-0.265,0.05,1.1774E-09,-1.7962E-09,6.8574000000000005E-10,3.1948E-07,-3.1954E-07
-0.26,0.05,1.1397E-09,-1.7301E-09,6.582400000000001E-10,3.1944E-07,-3.1946E-07
-0.255,0.05,1.1038E-09,-1.6542E-09,6.2984000000000007E-10,3.1944E-07,-3.1954E-07
-0.25,0.05,1.0643E-09,-1.593E-09,6.0351E-10,3.1948E-07,-3.1952E-07
-0.24500000000000002,0.05,1.0255E-09,-1.5336E-09,5.7599E-10,3.1944E-07,-3.1949999999999997E-07
-0.24000000000000002,0.05,9.933E-10,-1.4661E-09,5.513E-10,3.1942E-07,-3.1942E-07
-0.23500000000000001,0.05,9.5456E-10,-1.4091E-09,5.2552000000000006E-10,3.1948E-07,-3.1952E-07
-0.23,0.05,9.2008000000000009E-10,-1.3477E-09,5.0104000000000006E-10,3.1946E-07,-3.1946E-07
-0.225,0.05,8.9188E-10,-1.291E-09,4.7857E-10,3.1944E-07,-3.1952E-07
-0.22,0.05,8.57E-10,-1.2372E-09,4.5401E-10,3.1948E-07,-3.1958E-07
-0.215,0.05,8.2313E-10,-1.1836E-09,4.3134000000000003E-10,3.1949999999999997E-07,-3.1952E-07
-0.21000000000000002,0.05,8.0255000000000009E-10,-1.1314E-09,4.1257000000000005E-10,3.1946E-07,-3.1949999999999997E-07
-0.20500000000000002,0.05,7.6475000000000007E-10,-1.0792E-09,3.8980000000000004E-10,3.1934E-07,-3.1944E-07
-0.2,0.05,7.3661000000000011E-10,-1.03E-09,3.6886E-10,3.1935999999999997E-07,-3.1944E-07
-0.195,0.05,7.1428E-10,-9.8093E-10,3.4995E-10,3.1934E-07,-3.1935999999999997E-07
-0.19,0.05,6.8351000000000005E-10,-9.3795E-10,3.3150000000000004E-10,3.1946E-07,-3.1949999999999997E-07
-0.185,0.05,6.6077000000000009E-10,-8.916600000000001E-10,3.1055000000000003E-10,3.1938E-07,-3.1944E-07
-0.18000000000000002,0.05,6.3813E-10,-8.4880000000000011E-10,2.9284000000000005E-10,3.1932E-07,-3.194E-07
-0.17500000000000002,0.05,6.1483E-10,-8.0808000000000007E-10,2.7585000000000003E-10,3.194E-07,-3.1944E-07
-0.17,0.05,5.8863000000000007E-10,-7.6695E-10,2.5625E-10,3.1935999999999997E-07,-3.194E-07
-0.165,0.05,5.6738000000000006E-10,-7.3246000000000007E-10,2.3953E-10,3.194E-07,-3.1946E-07
-0.16,0.05,5.5219E-10,-6.8875E-10,2.2322E-10,3.194E-07,-3.1946E-07
-0.155,0.05,5.2493000000000007E-10,-6.5417E-10,2.0526000000000002E-10,3.1944E-07,-3.1948E-07
-0.15,0.05,5.1122E-10,-6.2132000000000008E-10,1.8874E-10,3.1935999999999997E-07,-3.1946E-07
-0.14500000000000002,0.05,4.955E-10,-5.8456E-10,1.7177000000000002E-10,3.1935999999999997E-07,-3.1942E-07
-0.14,0.05,4.8E-10,-5.5334000000000008E-10,1.5413000000000002E-10,3.1934E-07,-3.194E-07
-0.135,0.05,4.6465000000000004E-10,-5.24E-10,1.3492E-10,3.1938E-07,-3.1946E-07
-0.13,0.05,4.4959000000000005E-10,-4.9501E-10,1.1749E-10,3.1935999999999997E-07,-3.1942E-07
-0.125,0.05,4.4916000000000003E-10,-4.617E-10,1.0282000000000001E-10,3.1942E-07,-3.1948E-07
-0.12000000000000001,0.05,4.2953E-10,-4.3564000000000006E-10,7.976E-11,3.1942E-07,-3.1944E-07
-0.115,0.05,4.2796000000000004E-10,-4.1294E-10,5.975E-11,3.1935999999999997E-07,-3.194E-07
-0.11,0.05,4.2381E-10,-3.8226000000000003E-10,3.9890000000000004E-11,3.1935999999999997E-07,-3.1942E-07
-0.10500000000000001,0.05,4.1621000000000005E-10,-3.5950000000000005E-10,1.3680000000000002E-11,3.1935999999999997E-07,-3.1942E-07
-0.1,0.05,4.2186000000000003E-10,-3.3806E-10,-1.0840000000000002E-11,3.1932E-07,-3.194E-07
-0.095,0.05,4.2466E-10,-3.1479E-10,-3.9530000000000005E-11,3.194E-07,-3.194E-07
-0.090000000000000011,0.05,4.423E-10,-2.9106000000000003E-10,-7.1400000000000007E-11,3.1932E-07,-3.194E-07
-0.085,0.05,4.5131E-10,-2.7365000000000003E-10,-1.07E-10,3.1932E-07,-3.194E-07
-0.08,0.05,4.7221000000000007E-10,-2.5239E-10,-1.5124E-10,3.1932E-07,-3.1942E-07
-0.075,0.05,5.1E-10,-2.3357E-10,-1.9175E-10,3.194E-07,-3.1938E-07
-0.07,0.05,5.3312E-10,-2.1224E-10,-2.5118E-10,3.1938E-07,-3.1942E-07
-0.065,0.05,5.826E-10,-2.0271000000000002E-10,-3.1019000000000004E-10,3.1935999999999997E-07,-3.1948E-07
-0.060000000000000005,0.05,6.3656E-10,-1.8147000000000002E-10,-3.7962000000000003E-10,3.1935999999999997E-07,-3.1946E-07
-0.055,0.05,7.0778E-10,-1.6546000000000002E-10,-4.6203000000000006E-10,3.1932E-07,-3.194E-07
-0.05,0.05,7.8779E-10,-1.5702000000000002E-10,-5.5577E-10,3.1935999999999997E-07,-3.1942E-07
-0.045000000000000005,0.05,8.8063000000000009E-10,-1.4001000000000002E-10,-6.7285E-10,3.1934E-07,-3.194E-07
-0.04,0.05,1.0112400000000001E-09,-1.2412E-10,-8.0110000000000006E-10,3.194E-07,-3.1942E-07
-0.035,0.05,1.1483E-09,-1.1464E-10,-9.6327000000000013E-10,3.1942E-07,-3.1946E-07
-0.030000000000000002,0.05,1.3166E-09,-9.9190000000000009E-11,-1.1423600000000002E-09,3.1944E-07,-3.1952E-07
-0.025,0.05,1.5119E-09,-9.338E-11,-1.3522E-09,3.1935999999999997E-07,-3.1944E-07
-0.02,0.05,1.7673E-09,-7.935E-11,-1.6051E-09,3.1932E-07,-3.1949999999999997E-07
-0.015000000000000001,0.05,2.0507E-09,-6.987E-11,-1.8945E-09,3.1935999999999997E-07,-3.1938E-07
-0.01,0.05,2.3998E-09,-5.7410000000000005E-11,-2.2584E-09,3.1944E-07,-3.1952E-07
-0.005,0.05,2.8E-09,-4.894E-11,-2.6604E-09,3.1944E-07,-3.1948E-07
0,0.05,3.2751E-09,-4.207E-11,-3.1462E-09,3.1946E-07,-3.1949999999999997E-07
0.005,0.05,3.8198E-09,-3.7630000000000003E-11,-3.7329E-09,3.1949999999999997E-07,-3.1952E-07
0.01,0.05,4.5194E-09,-2.3230000000000003E-11,-4.3991E-09,3.1946E-07,-3.1948E-07
0.015000000000000001,0.05,5.2858E-09,-1.741E-11,-5.1844E-09,3.1946E-07,-3.1954E-07
0.02,0.05,6.2475E-09,-1.424E-11,-6.158E-09,3.1949999999999997E-07,-3.1948E-07
0.025,0.05,7.3339E-09,-3.3100000000000002E-12,-7.2798E-09,3.1934E-07,-3.1946E-07
0.030000000000000002,0.05,8.6927E-09,4.08E-12,-8.592E-09,3.194E-07,-3.1954E-07
0.035,0.05,1.02116E-08,6.3300000000000007E-12,-1.00932E-08,3.1942E-07,-3.1948E-07
0.04,0.05,1.2129199999999998E-08,1.6850000000000002E-11,-1.2039E-08,3.194E-07,-3.1948E-07
0.045000000000000005,0.05,1.4244399999999999E-08,2.247E-11,-1.4165199999999999E-08,3.1942E-07,-3.1944E-07
0.05,0.05,1.68486E-08,2.9300000000000005E-11,-1.6793199999999998E-08,3.1935999999999997E-07,-3.1948E-07
0.055,0.05,1.9871799999999997E-08,2.917E-11,-1.9813999999999998E-08,3.1938E-07,-3.1948E-07
0.060000000000000005,0.05,2.34434E-08,3.9100000000000006E-11,-2.35336E-08,3.1935999999999997E-07,-3.1944E-07
0.065,0.05,2.7796999999999997E-08,4.162E-11,-2.7707999999999996E-08,3.1935999999999997E-07,-3.1942E-07
0.07,0.05,3.27042E-08,5.0060000000000006E-11,-3.2685199999999995E-08,3.1935999999999997E-07,-3.1946E-07
0.075,0.05,3.87316E-08,5.3890000000000007E-11,-3.8702399999999993E-08,3.1938E-07,-3.1942E-07
0.08,0.05,4.5798399999999993E-08,5.996E-11,-4.57838E-08,3.1934E-07,-3.1946E-07
0.085,0.05,5.4060199999999993E-08,6.575E-11,-5.3995599999999994E-08,3.1938E-07,-3.1946E-07
0.090000000000000011,0.05,6.4002199999999991E-08,7.099E-11,-6.38966E-08,3.1932E-07,-3.1935999999999997E-07
0.095,0.05,7.5845199999999986E-08,7.665E-11,-7.5724399999999992E-08,3.1942E-07,-3.1948E-07
0.1,0.05,8.9397999999999991E-08,8.4690000000000007E-11,-8.9227199999999993E-08,3.1938E-07,-3.1946E-07
0.10500000000000001,0.05,1.0565399999999999E-07,9.073E-11,-1.0577959999999999E-07,3.1938E-07,-3.1935999999999997E-07
0.11,0.05,1.2545999999999999E-07,9.4230000000000007E-11,-1.2496E-07,3.1938E-07,-3.194E-07
0.115,0.05,1.4882E-07,1.0573E-10,-1.473E-07,3.194E-07,-3.1944E-07
0.12000000000000001,0.05,1.7419999999999999E-07,1.1151000000000001E-10,-1.7503999999999998E-07,3.1942E-07,-3.1944E-07
0.125,0.05,2.0771999999999998E-07,1.1946000000000002E-10,-2.0522E-07,3.1935999999999997E-07,-3.194E-07
0.13,0.05,2.4564E-07,1.2959000000000002E-10,-2.4446E-07,3.1935999999999997E-07,-3.1942E-07
0.135,0.05,2.8877999999999997E-07,1.3160000000000002E-10,-2.8776E-07,3.1938E-07,-3.1935999999999997E-07
0.14,0.05,3.416E-07,1.4618E-10,-3.4114E-07,3.1944E-07,-3.1944E-07
0.14500000000000002,0.05,4.0458E-07,1.4848000000000001E-10,-4.0423999999999997E-07,3.1942E-07,-3.1942E-07
0.15,0.05,4.7822E-07,1.6316E-10,-4.7582E-07,3.1935999999999997E-07,-3.1942E-07
0.155,0.05,5.6572E-07,1.7193000000000002E-10,-5.66E-07,3.1934E-07,-3.194E-07
0.16,0.05,6.6906E-07,1.7848000000000001E-10,-6.659E-07,3.1946E-07,-3.1942E-07
0.165,0.05,7.8954E-07,1.9607000000000003E-10,-7.9576E-07,3.1935999999999997E-07,-3.1942E-07
0.17,0.05,9.3512E-07,1.9883000000000003E-10,-9.3298E-07,3.1935999999999997E-07,-3.1944E-07
0.17500000000000002,0.05,1.09982E-06,2.1420000000000002E-10,-1.0970399999999999E-06,3.1942E-07,-3.1942E-07
0.18000000000000002,0.05,1.3069000000000001E-06,2.2881E-10,-1.3186000000000002E-06,3.1934E-07,-3.1942E-07
0.185,0.05,1.5390000000000002E-06,2.431E-10,-1.5319E-06,3.1938E-07,-3.1948E-07
0.19,0.05,1.8322000000000002E-06,2.5202E-10,-1.8288000000000002E-06,3.1935999999999997E-07,-3.194E-07
0.195,0.05,2.1565E-06,2.6887E-10,-2.1554E-06,3.1938E-07,-3.1946E-07
0.2,0.05,2.5373000000000003E-06,2.8484E-10,-2.5297E-06,3.1942E-07,-3.1946E-07
0.20500000000000002,0.05,2.9905000000000004E-06,2.95E-10,-2.9824000000000004E-06,3.1938E-07,-3.1946E-07
0.21000000000000002,0.05,3.5309000000000004E-06,3.1878E-10,-3.5302000000000005E-06,3.1934E-07,-3.1942E-07
0.215,0.05,4.1607000000000007E-06,3.3654E-10,-4.1384E-06,3.194E-07,-3.1942E-07
0.22,0.05,4.8802E-06,3.5349000000000004E-10,-4.8779E-06,3.1942E-07,-3.1946E-07
0.225,0.05,5.7715000000000006E-06,3.7972E-10,-5.7277E-06,3.1942E-07,-3.194E-07
0.23,0.05,6.7497000000000008E-06,3.9463E-10,-6.7868000000000008E-06,3.1934E-07,-3.1946E-07
0.23500000000000001,0.05,7.9106E-06,4.1945000000000004E-10,-7.9521000000000013E-06,3.1935999999999997E-07,-3.194E-07
0.24000000000000002,0.05,9.348800000000001E-06,4.4681000000000003E-10,-9.3615000000000018E-06,3.1946E-07,-3.1942E-07
0.24500000000000002,0.05,1.0933700000000002E-05,4.7087E-10,-1.0908200000000002E-05,3.1938E-07,-3.1942E-07
0.25,0.05,1.2856E-05,5.0207E-10,-1.2838E-05,3.1935999999999997E-07,-3.1948E-07
0.255,0.05,1.501E-05,5.3067000000000009E-10,-1.496E-05,3.1932E-07,-3.1944E-07
0.26,0.05,1.7444E-05,5.6541E-10,-1.7542E-05,3.1946E-07,-3.1942E-07
0.265,0.05,2.0378E-05,5.9938000000000005E-10,-2.0358E-05,3.1935999999999997E-07,-3.194E-07
0.27,0.05,2.3808E-05,6.3160000000000007E-10,-2.372E-05,3.193E-07,-3.1935999999999997E-07
0.275,0.05,2.7618000000000002E-05,6.7894E-10,-2.7654E-05,3.1942E-07,-3.1942E-07
0.28,0.05,3.2098E-05,7.1543000000000008E-10,-3.2014E-05,3.1935999999999997E-07,-3.1944E-07
0.28500000000000003,0.05,3.747E-05,7.6102E-10,-3.7434E-05,3.1938E-07,-3.1942E-07
0.29000000000000004,0.05,4.3296E-05,8.0855000000000007E-10,-4.3308E-05,3.1942E-07,-3.1946E-07
0.29500000000000004,0.05,5.04E-05,8.509800000000001E-10,-5.0246E-05,3.194E-07,-3.1946E-07
0.3,0.05,5.83E-05,9.0745000000000011E-10,-5.826E-05,3.1938E-07,-3.1946E-07
0.305,0.05,6.7682000000000007E-05,9.6238000000000014E-10,-6.7528000000000008E-05,3.1938E-07,-3.1942E-07
0.31,0.05,7.8014E-05,1.01959E-09,-7.8092E-05,3.194E-07,-3.194E-07
0.315,0.05,9.0418E-05,1.08485E-09,-9.037E-05,3.1935999999999997E-07,-3.194E-07
0.32,0.05,0.00010474,1.1459E-09,-0.00010420400000000001,3.1942E-07,-3.1952E-07
0.325,0.05,0.00012082000000000001,1.2134E-09,-0.0001205,3.1946E-07,-3.1948E-07
0.33,0.05,0.00013906000000000001,1.2874E-09,-0.00013866,3.1942E-07,-3.1952E-07
0.335,0.05,0.00016,1.3577E-09,-0.00015978000000000002,3.1948E-07,-3.1946E-07
0.34,0.05,0.00018370000000000002,1.4426E-09,-0.00018328000000000002,3.1946E-07,-3.1948E-07
0.34500000000000003,0.05,0.00021078,1.5213E-09,-0.00021036,3.1942E-07,-3.1942E-07
0.35000000000000003,0.05,0.00024098000000000001,1.6073E-09,-0.00024052,3.1946E-07,-3.194E-07
0.35500000000000004,0.05,0.00027514,1.7045E-09,-0.00027478,3.1944E-07,-3.1944E-07
0.36000000000000004,0.05,0.00031316000000000004,1.7981E-09,-0.00031264000000000004,3.1946E-07,-3.1946E-07
0.365,0.05,0.00035594,1.899E-09,-0.00035572,3.1946E-07,-3.1946E-07
0.37,0.05,0.00040268000000000004,2.008E-09,-0.00040224000000000005,3.1942E-07,-3.1944E-07
0.375,0.05,0.00045526000000000003,2.1156E-09,-0.00045460000000000005,3.1944E-07,-3.1949999999999997E-07
0.38,0.05,0.00051198,2.2389E-09,-0.00051132,3.1934E-07,-3.1935999999999997E-07
0.385,0.05,0.0005748,2.3587E-09,-0.00057458,3.1942E-07,-3.194E-07
0.39,0.05,0.00064246000000000008,2.4912E-09,-0.000642,3.194E-07,-3.1942E-07
0.395,0.05,0.00071678000000000009,2.6292E-09,-0.00071622,3.1935999999999997E-07,-3.194E-07
0.4,0.05,0.00079564,2.7637E-09,-0.000795,3.1935999999999997E-07,-3.1946E-07
0.405,0.05,0.0008811200000000001,2.9214E-09,-0.00088152,3.1938E-07,-3.1944E-07
0.41000000000000003,0.05,0.00097186000000000006,3.0703E-09,-0.00097168,3.1935999999999997E-07,-3.1938E-07
0.41500000000000004,0.05,0.00106922,3.2355E-09,-0.0010692400000000002,3.1942E-07,-3.1946E-07
0.42000000000000004,0.05,0.001171,3.4127E-09,-0.0011708,3.193E-07,-3.1942E-07
0.42500000000000004,0.05,0.0012806,3.5969E-09,-0.0012794,3.1942E-07,-3.1948E-07
0.43,0.05,0.0013934,3.7788E-09,-0.0013928,3.1944E-07,-3.1946E-07
0.435,0.05,0.001512,3.9785E-09,-0.0015122,3.1944E-07,-3.1944E-07
0.44,0.05,0.0016352,4.1787E-09,-0.001634,3.1942E-07,-3.1942E-07
0.445,0.05,0.0017644,4.3916E-09,-0.0017638,3.1942E-07,-3.1942E-07
0.45,0.05,0.0018960000000000001,4.6182E-09,-0.0018944,3.1944E-07,-3.1944E-07
0.455,0.05,0.0020332,4.8482E-09,-0.0020316,3.1938E-07,-3.1942E-07
0.46,0.05,0.0021726000000000002,5.0973E-09,-0.0021708,3.1935999999999997E-07,-3.1948E-07
0.465,0.05,0.0023172,5.3537E-09,-0.0023154,3.1938E-07,-3.1938E-07
0.47000000000000003,0.05,0.0024612,5.6115E-09,-0.0024604,3.1944E-07,-3.1954E-07
0.47500000000000003,0.05,0.0026108,5.8956E-09,-0.0026084,3.1944E-07,-3.1946E-07
0.48000000000000004,0.05,0.0027572,6.1798E-09,-0.0027578,3.1944E-07,-3.1944E-07
0.48500000000000004,0.05,0.0029122,6.484E-09,-0.0029122,3.1942E-07,-3.1944E-07
0.49000000000000005,0.05,0.0030636,6.7963E-09,-0.0030634,3.1944E-07,-3.1958E-07
0.49500000000000005,0.05,0.0032194,7.1147E-09,-0.0032170000000000002,3.194E-07,-3.1942E-07
0.5,0.05,0.0033728,7.4556E-09,-0.0033714,3.1942E-07,-3.1946E-07
0.505,0.05,0.003528,7.8225E-09,-0.003527,3.1948E-07,-3.1952E-07
0.51,0.05,0.0036826000000000003,8.1807E-09,-0.0036808,3.1946E-07,-3.1949999999999997E-07
0.515,0.05,0.003837,8.5725E-09,-0.0038364000000000002,3.1944E-07,-3.1942E-07
0.52,0.05,0.0039894,8.9666E-09,-0.0039884000000000005,3.1935999999999997E-07,-3.1942E-07
0.525,0.05,0.0041442,9.3785E-09,-0.0041436,3.1938E-07,-3.1946E-07
0.53,0.05,0.004294,9.8154E-09,-0.0042942,3.194E-07,-3.1944E-07
0.535,0.05,0.0044462,1.0261E-08,-0.004445,3.194E-07,-3.1942E-07
0.54,0.05,0.0045932,1.07252E-08,-0.0045934,3.1944E-07,-3.1944E-07
0.545,0.05,0.0047392,1.12131E-08,-0.0047406,3.1946E-07,-3.1948E-07
0.55,0.05,0.0048852,1.1756599999999999E-08,-0.0048844,3.1935999999999997E-07,-3.1952E-07
0.555,0.05,0.0050284,1.2284999999999999E-08,-0.0050288,3.1948E-07,-3.1944E-07
0.56,0.05,0.0051708,1.2827999999999999E-08,-0.0051698000000000004,3.194E-07,-3.1952E-07
0.56500000000000006,0.05,0.0053096,1.34142E-08,-0.0053094,3.1942E-07,-3.1946E-07
0.57000000000000006,0.05,0.005444,1.3986799999999999E-08,-0.0054442,3.1946E-07,-3.1946E-07
0.57500000000000007,0.05,0.0055802000000000004,1.4604599999999999E-08,-0.0055796000000000005,3.1942E-07,-3.1952E-07
0.58000000000000007,0.05,0.0057106,1.5258199999999998E-08,-0.0057104,3.1942E-07,-3.1952E-07
0.58500000000000008,0.05,0.0058424,1.5933799999999998E-08,-0.0058408,3.1942E-07,-3.1948E-07
0.59000000000000008,0.05,0.0059682,1.6624999999999998E-08,-0.0059682,3.1944E-07,-3.1949999999999997E-07
0.595,0.05,0.0060940000000000005,1.73544E-08,-0.0060922,3.194E-07,-3.1948E-07
0.6,0.05,0.0062132,1.8096599999999998E-08,-0.0062122,3.1946E-07,-3.1946E-07
0.605,0.05,0.0063344000000000004,1.8889599999999997E-08,-0.0063322000000000005,3.1946E-07,-3.1948E-07
0.61,0.05,0.0064518,1.9697599999999997E-08,-0.0064482,3.1942E-07,-3.1949999999999997E-07
0.615,0.05,0.0065668,2.0560199999999998E-08,-0.0065668,3.1942E-07,-3.1942E-07
0.62,0.05,0.0066776000000000005,2.1443E-08,-0.0066768,3.194E-07,-3.1944E-07
0.625,0.05,0.0067874,2.23672E-08,-0.0067862,3.1942E-07,-3.1949999999999997E-07
0.63,0.05,0.0068924,2.33244E-08,-0.0068922,3.194E-07,-3.1942E-07
0.635,0.05,0.0069992000000000006,2.4331399999999996E-08,-0.006999,3.1935999999999997E-07,-3.1949999999999997E-07
0.64,0.05,0.0071016000000000004,2.5354199999999998E-08,-0.0071018,3.1948E-07,-3.1952E-07
0.645,0.05,0.0072028000000000005,2.6433199999999997E-08,-0.0072008,3.1944E-07,-3.1948E-07
0.65,0.05,0.0072992000000000005,2.7567599999999997E-08,-0.007298,3.1944E-07,-3.1946E-07
0.655,0.05,0.007394,2.8735399999999997E-08,-0.0073948,3.1948E-07,-3.1949999999999997E-07
0.66,0.05,0.0074862,2.9972E-08,-0.0074860000000000005,3.1949999999999997E-07,-3.1948E-07
0.665,0.05,0.0075788,3.12264E-08,-0.0075772,3.1938E-07,-3.1948E-07
0.67,0.05,0.0076668000000000005,3.2558E-08,-0.007667,3.1949999999999997E-07,-3.1948E-07
0.675,0.05,0.0077536,3.39516E-08,-0.0077540000000000005,3.1946E-07,-3.1944E-07
0.68,0.05,0.0078388,3.5425999999999996E-08,-0.0078396,3.1942E-07,-3.1958E-07
0.685,0.05,0.0079204,3.6916199999999995E-08,-0.0079226,3.1949999999999997E-07,-3.1952E-07
0.69000000000000006,0.05,0.008002200000000001,3.851E-08,-0.008001,3.1944E-07,-3.1958E-07
0.69500000000000006,0.05,0.008079,4.01374E-08,-0.00808,3.1948E-07,-3.1946E-07
0.70000000000000007,0.05,0.0081554,4.1878999999999994E-08,-0.0081574,3.1944E-07,-3.1944E-07
0.70500000000000007,0.05,0.0082302,4.36674E-08,-0.0082328,3.1948E-07,-3.1954E-07
0.71000000000000008,0.05,0.0083078,4.5564599999999996E-08,-0.0083082,3.1948E-07,-3.1954E-07
0.71500000000000008,0.05,0.0083776,4.7529599999999994E-08,-0.0083768,3.1946E-07,-3.1946E-07
0.72000000000000008,0.05,0.0084508,4.9581199999999997E-08,-0.0084526,3.1942E-07,-3.1948E-07
0.72500000000000009,0.05,0.0085138,5.17264E-08,-0.0085166000000000009,3.1938E-07,-3.1948E-07
0.73,0.05,0.0085818,5.3995199999999992E-08,-0.0085836,3.1944E-07,-3.1948E-07
0.735,0.05,0.0086484,5.6337399999999992E-08,-0.0086504,3.1944E-07,-3.1948E-07
0.74,0.05,0.0087124,5.8785999999999994E-08,-0.0087102,3.1938E-07,-3.1946E-07
0.745,0.05,0.0087732,6.1343E-08,-0.008771000000000001,3.1942E-07,-3.1946E-07
0.75,0.05,0.0088316,6.40598E-08,-0.0088326,3.1952E-07,-3.1948E-07
0.755,0.05,0.0088924,6.686339999999999E-08,-0.008891,3.1942E-07,-3.1946E-07
0.76,0.05,0.0089506,6.98466E-08,-0.0089506,3.1938E-07,-3.1946E-07
0.765,0.05,0.0090072,7.2887E-08,-0.0090072,3.1944E-07,-3.1954E-07
0.77,0.05,0.0090604,7.6155799999999986E-08,-0.0090608,3.1946E-07,-3.1954E-07
0.775,0.05,0.0091126,7.9545799999999992E-08,-0.009114800000000001,3.1949999999999997E-07,-3.1949999999999997E-07
0.78,0.05,0.0091692,8.313659999999999E-08,-0.0091672,3.1954E-07,-3.1956E-07
0.785,0.05,0.0092196,8.683879999999999E-08,-0.0092194,3.1949999999999997E-07,-3.196E-07
0.79,0.05,0.0092708000000000009,9.0796199999999986E-08,-0.00927,3.196E-07,-3.1956E-07
0.795,0.05,0.0093188,9.4858999999999989E-08,-0.0093176,3.1949999999999997E-07,-3.1949999999999997E-07
0.8,0.05,0.0093658,9.9096399999999985E-08,-0.0093664,3.1949999999999997E-07,-3.1954E-07
0.805,0.05,0.009411000000000001,1.036728E-07,-0.0094132,3.1954E-07,-3.1954E-07
0.81,0.05,0.009458,1.0838259999999999E-07,-0.0094596,3.1954E-07,-3.1956E-07
0.81500000000000006,0.05,0.0095032,1.1338759999999999E-07,-0.0095032,3.1954E-07,-3.196E-07
0.82000000000000006,0.05,0.009546,1.1854E-07,-0.009547400000000001,3.1956E-07,-3.196E-07
0.82500000000000007,0.05,0.0095874,1.2418E-07,-0.0095908,3.1954E-07,-3.1966E-07
0.83000000000000007,0.05,0.009631,1.299E-07,-0.0096302,3.1954E-07,-3.1954E-07
0.83500000000000008,0.05,0.0096708,1.3593999999999999E-07,-0.00967,3.1954E-07,-3.1958E-07
0.84000000000000008,0.05,0.0097110000000000009,1.4226E-07,-0.0097122,3.1954E-07,-3.1958E-07
0.84500000000000008,0.05,0.0097512,1.4904E-07,-0.0097518,3.1956E-07,-3.1954E-07
0.85000000000000009,0.05,0.0097884000000000009,1.5596E-07,-0.0097854,3.196E-07,-3.1966E-07
0.85500000000000009,0.05,0.0098286,1.6342E-07,-0.009827,3.1952E-07,-3.1956E-07
0.86,0.05,0.0098628,1.711E-07,-0.0098598,3.1952E-07,-3.1963999999999997E-07
0.865,0.05,0.0098986,1.793E-07,-0.0098972,3.1956E-07,-3.1956E-07
0.87,0.05,0.0099328,1.8784E-07,-0.0099334,3.1948E-07,-3.1954E-07
0.875,0.05,0.009965400000000001,1.9692E-07,-0.0099634,3.1949999999999997E-07,-3.1956E-07
0.88,0.05,0.0100008,2.0638E-07,-0.0099974,3.1952E-07,-3.1962E-07
0.885,0.05,0.010034,2.1642E-07,-0.0100314,3.1946E-07,-3.1954E-07
0.89,0.05,0.010063,2.2686E-07,-0.0100676,3.1954E-07,-3.1952E-07
0.895,0.05,0.010097,2.38E-07,-0.0100978,3.1956E-07,-3.1958E-07
0.9,0.05,0.0101282,2.4954E-07,-0.0101272,3.1956E-07,-3.1962E-07
-0.3,0.060000000000000005,1.5858E-09,-2.4315E-09,9.1025E-10,3.1934E-07,-3.1944E-07
-0.29500000000000004,0.060000000000000005,1.5384E-09,-2.3469E-09,8.8048E-10,3.1938E-07,-3.194E-07
-0.29000000000000004,0.060000000000000005,1.494E-09,-2.2604E-09,8.4453000000000008E-10,3.1935999999999997E-07,-3.1942E-07
-0.28500000000000003,0.060000000000000005,1.4395E-09,-2.1824E-09,8.1125000000000007E-10,3.1942E-07,-3.194E-07
-0.28,0.060000000000000005,1.4002E-09,-2.1043E-09,7.7891000000000005E-10,3.1942E-07,-3.1946E-07
-0.275,0.060000000000000005,1.3556E-09,-2.0257E-09,7.4733E-10,3.1935999999999997E-07,-3.194E-07
-0.27,0.060000000000000005,1.3084E-09,-1.9495E-09,7.1881E-10,3.1938E-07,-3.194E-07
-0.265,0.060000000000000005,1.2755E-09,-1.8784E-09,6.8568000000000006E-10,3.1942E-07,-3.194E-07
-0.26,0.060000000000000005,1.2338E-09,-1.807E-09,6.5968E-10,3.1932E-07,-3.194E-07
-0.255,0.060000000000000005,1.1926E-09,-1.7355E-09,6.2968E-10,3.1934E-07,-3.1948E-07
-0.25,0.060000000000000005,1.1482E-09,-1.6685E-09,6.0296000000000006E-10,3.1938E-07,-3.1948E-07
-0.24500000000000002,0.060000000000000005,1.1221E-09,-1.6024E-09,5.7701000000000006E-10,3.1932E-07,-3.194E-07
-0.24000000000000002,0.060000000000000005,1.0727E-09,-1.5393E-09,5.5231E-10,3.1934E-07,-3.1942E-07
-0.23500000000000001,0.060000000000000005,1.0405E-09,-1.4751E-09,5.2547E-10,3.1935999999999997E-07,-3.194E-07
-0.23,0.060000000000000005,1.0079E-09,-1.4156E-09,5.0067E-10,3.1938E-07,-3.1942E-07
-0.225,0.060000000000000005,9.6761000000000014E-10,-1.3591E-09,4.7583E-10,3.1935999999999997E-07,-3.1946E-07
-0.22,0.060000000000000005,9.3591000000000013E-10,-1.2993E-09,4.5561000000000004E-10,3.1938E-07,-3.1944E-07
-0.215,0.060000000000000005,9.0486000000000012E-10,-1.2445E-09,4.3205E-10,3.1934E-07,-3.1946E-07
-0.21000000000000002,0.060000000000000005,8.7204E-10,-1.1924E-09,4.1140000000000005E-10,3.1935999999999997E-07,-3.1948E-07
-0.20500000000000002,0.060000000000000005,8.3873000000000006E-10,-1.1399E-09,3.9019E-10,3.1938E-07,-3.1942E-07
-0.2,0.060000000000000005,8.0955000000000006E-10,-1.089E-09,3.6859E-10,3.1942E-07,-3.1938E-07
-0.195,0.060000000000000005,7.8508E-10,-1.0403E-09,3.5014000000000004E-10,3.1942E-07,-3.1942E-07
-0.19,0.060000000000000005,7.4846E-10,-9.886E-10,3.2966000000000003E-10,3.193E-07,-3.1934E-07
-0.185,0.060000000000000005,7.2605000000000009E-10,-9.4792000000000018E-10,3.1053E-10,3.1932E-07,-3.1946E-07
-0.18000000000000002,0.060000000000000005,7.002E-10,-9.0210000000000012E-10,2.9276000000000003E-10,3.1938E-07,-3.1948E-07
-0.17500000000000002,0.060000000000000005,6.7839000000000007E-10,-8.5627000000000008E-10,2.7441000000000004E-10,3.1944E-07,-3.1944E-07
-0.17,0.060000000000000005,6.5109000000000007E-10,-8.1566000000000006E-10,2.5650000000000004E-10,3.1942E-07,-3.1952E-07
-0.165,0.060000000000000005,6.3508E-10,-7.775900000000001E-10,2.3923E-10,3.1932E-07,-3.1942E-07
-0.16,0.060000000000000005,6.0518000000000008E-10,-7.3539000000000008E-10,2.2169E-10,3.1935999999999997E-07,-3.1954E-07
-0.155,0.060000000000000005,5.8608E-10,-6.985700000000001E-10,2.0251E-10,3.1944E-07,-3.1948E-07
-0.15,0.060000000000000005,5.744E-10,-6.6586E-10,1.8853000000000002E-10,3.1934E-07,-3.1942E-07
-0.14500000000000002,0.060000000000000005,5.4866E-10,-6.2663E-10,1.6994E-10,3.1938E-07,-3.1942E-07
-0.14,0.060000000000000005,5.3517E-10,-5.9262000000000007E-10,1.5254000000000002E-10,3.194E-07,-3.1952E-07
-0.135,0.060000000000000005,5.1985E-10,-5.6271E-10,1.3633E-10,3.1944E-07,-3.1948E-07
-0.13,0.060000000000000005,5.0983000000000009E-10,-5.3019E-10,1.1646E-10,3.1942E-07,-3.1949999999999997E-07
-0.125,0.060000000000000005,4.9299000000000007E-10,-4.9893000000000005E-10,9.814000000000001E-11,3.1944E-07,-3.1949999999999997E-07
-0.12000000000000001,0.060000000000000005,4.8713000000000005E-10,-4.7174000000000007E-10,7.728E-11,3.1942E-07,-3.1944E-07
-0.115,0.060000000000000005,4.8353000000000009E-10,-4.4174E-10,5.794E-11,3.1946E-07,-3.1946E-07
-0.11,0.060000000000000005,4.7611E-10,-4.1518E-10,3.3380000000000005E-11,3.1948E-07,-3.1954E-07
-0.10500000000000001,0.060000000000000005,4.7602000000000008E-10,-3.9082000000000005E-10,1.017E-11,3.1948E-07,-3.1954E-07
-0.1,0.060000000000000005,4.7792E-10,-3.6499000000000005E-10,-1.8930000000000003E-11,3.1948E-07,-3.1949999999999997E-07
-0.095,0.060000000000000005,4.8623000000000009E-10,-3.4560000000000003E-10,-4.3940000000000005E-11,3.1944E-07,-3.1948E-07
-0.090000000000000011,0.060000000000000005,4.9251E-10,-3.1461E-10,-8.274E-11,3.1948E-07,-3.1949999999999997E-07
-0.085,0.060000000000000005,5.1039E-10,-3.0139000000000003E-10,-1.1792000000000002E-10,3.1938E-07,-3.1946E-07
-0.08,0.060000000000000005,5.3687E-10,-2.7802000000000004E-10,-1.5985000000000002E-10,3.1948E-07,-3.1952E-07
-0.075,0.060000000000000005,5.5815000000000008E-10,-2.54E-10,-2.0905000000000002E-10,3.1948E-07,-3.1954E-07
-0.07,0.060000000000000005,5.9929E-10,-2.4081E-10,-2.6317000000000003E-10,3.1948E-07,-3.1946E-07
-0.065,0.060000000000000005,6.445000000000001E-10,-2.2049E-10,-3.2744E-10,3.1928E-07,-3.1935999999999997E-07
-0.060000000000000005,0.060000000000000005,7.0306E-10,-2.0185E-10,-4.0305E-10,3.1932E-07,-3.1932E-07
-0.055,0.060000000000000005,7.6758000000000005E-10,-1.8818000000000002E-10,-4.8584E-10,3.194E-07,-3.1946E-07
-0.05,0.060000000000000005,8.5241000000000006E-10,-1.7494000000000002E-10,-5.9061000000000009E-10,3.1938E-07,-3.1946E-07
-0.045000000000000005,0.060000000000000005,9.6458E-10,-1.5575E-10,-7.0746000000000006E-10,3.1942E-07,-3.1944E-07
-0.04,0.060000000000000005,1.0845000000000001E-09,-1.4605E-10,-8.4726E-10,3.194E-07,-3.1946E-07
-0.035,0.060000000000000005,1.2349E-09,-1.2840000000000002E-10,-1.00518E-09,3.1942E-07,-3.1938E-07
-0.030000000000000002,0.060000000000000005,1.4082E-09,-1.1623000000000001E-10,-1.1944E-09,3.1938E-07,-3.1948E-07
-0.025,0.060000000000000005,1.6184E-09,-1.0968E-10,-1.4208E-09,3.1935999999999997E-07,-3.1952E-07
-0.02,0.060000000000000005,1.8732E-09,-9.0370000000000007E-11,-1.6821E-09,3.1938E-07,-3.1948E-07
-0.015000000000000001,0.060000000000000005,2.1582E-09,-8.6840000000000007E-11,-1.9857E-09,3.1942E-07,-3.1946E-07
-0.01,0.060000000000000005,2.5168E-09,-6.8890000000000007E-11,-2.3597E-09,3.1935999999999997E-07,-3.1942E-07
-0.005,0.060000000000000005,2.9379E-09,-6.002E-11,-2.7753E-09,3.1938E-07,-3.1942E-07
0,0.060000000000000005,3.4592E-09,-5.832E-11,-3.2896E-09,3.1935999999999997E-07,-3.1944E-07
0.005,0.060000000000000005,4.0488E-09,-4.2630000000000006E-11,-3.8938E-09,3.1942E-07,-3.1942E-07
0.01,0.060000000000000005,4.7372E-09,-3.2290000000000006E-11,-4.6066E-09,3.1932E-07,-3.1938E-07
0.015000000000000001,0.060000000000000005,5.5793E-09,-3.081E-11,-5.4504E-09,3.1932E-07,-3.1935999999999997E-07
0.02,0.060000000000000005,6.5513E-09,-1.985E-11,-6.4036E-09,3.1942E-07,-3.1942E-07
0.025,0.060000000000000005,7.7017E-09,-8.77E-12,-7.5661E-09,3.1935999999999997E-07,-3.1942E-07
0.030000000000000002,0.060000000000000005,9.1224E-09,-9.23E-12,-8.9491E-09,3.193E-07,-3.1944E-07
0.035,0.060000000000000005,1.07703E-08,2.4000000000000003E-12,-1.06766E-08,3.194E-07,-3.1948E-07
0.04,0.060000000000000005,1.2674199999999999E-08,1.1150000000000002E-11,-1.2603799999999999E-08,3.194E-07,-3.1944E-07
0.045000000000000005,0.060000000000000005,1.50018E-08,1.526E-11,-1.4854799999999999E-08,3.1935999999999997E-07,-3.1944E-07
0.05,0.060000000000000005,1.7748599999999997E-08,1.7180000000000002E-11,-1.7581199999999998E-08,3.1935999999999997E-07,-3.1942E-07
0.055,0.060000000000000005,2.08174E-08,2.163E-11,-2.08764E-08,3.1938E-07,-3.1948E-07
0.060000000000000005,0.060000000000000005,2.48204E-08,2.795E-11,-2.4649599999999997E-08,3.1944E-07,-3.1946E-07
0.065,0.060000000000000005,2.9111999999999996E-08,3.947E-11,-2.9054999999999998E-08,3.1948E-07,-3.1954E-07
0.07,0.060000000000000005,3.4524E-08,4.7110000000000006E-11,-3.4293599999999994E-08,3.1946E-07,-3.1948E-07
0.075,0.060000000000000005,4.0670999999999994E-08,4.625E-11,-4.07434E-08,3.1942E-07,-3.1948E-07
0.08,0.060000000000000005,4.8132E-08,5.0740000000000004E-11,-4.7894199999999996E-08,3.1938E-07,-3.1946E-07
0.085,0.060000000000000005,5.6990799999999993E-08,6.636E-11,-5.67416E-08,3.1934E-07,-3.1942E-07
0.090000000000000011,0.060000000000000005,6.7215399999999992E-08,7.243E-11,-6.72448E-08,3.1935999999999997E-07,-3.1946E-07
0.095,0.060000000000000005,7.952519999999999E-08,7.102E-11,-7.9516399999999991E-08,3.1942E-07,-3.1954E-07
0.1,0.060000000000000005,9.3379999999999993E-08,8.0460000000000012E-11,-9.3783999999999988E-08,3.1938E-07,-3.1949999999999997E-07
0.10500000000000001,0.060000000000000005,1.1106899999999999E-07,9.0090000000000009E-11,-1.1115979999999999E-07,3.1942E-07,-3.1954E-07
0.11,0.060000000000000005,1.313E-07,9.5320000000000013E-11,-1.3074E-07,3.1946E-07,-3.1952E-07
0.115,0.060000000000000005,1.5606E-07,9.3830000000000014E-11,-1.55E-07,3.1938E-07,-3.1948E-07
0.12000000000000001,0.060000000000000005,1.8472E-07,1.1047000000000001E-10,-1.8324E-07,3.194E-07,-3.1952E-07
0.125,0.060000000000000005,2.1789999999999999E-07,1.1338000000000001E-10,-2.1693999999999998E-07,3.1938E-07,-3.1952E-07
0.13,0.060000000000000005,2.5791999999999997E-07,1.1897E-10,-2.5698E-07,3.194E-07,-3.1948E-07
0.135,0.060000000000000005,3.0483999999999997E-07,1.2828000000000002E-10,-3.0332E-07,3.1946E-07,-3.1948E-07
0.14,0.060000000000000005,3.6036E-07,1.3495E-10,-3.5882E-07,3.1948E-07,-3.1946E-07
0.14500000000000002,0.060000000000000005,4.2472E-07,1.4192E-10,-4.2547999999999997E-07,3.1938E-07,-3.1949999999999997E-07
0.15,0.060000000000000005,5.0394E-07,1.556E-10,-5.0282E-07,3.194E-07,-3.1948E-07
0.155,0.060000000000000005,5.952E-07,1.6371000000000002E-10,-5.9218E-07,3.1944E-07,-3.1948E-07
0.16,0.060000000000000005,7.0092E-07,1.7205000000000002E-10,-7.0286E-07,3.1949999999999997E-07,-3.1952E-07
0.165,0.060000000000000005,8.2926E-07,1.8585E-10,-8.3482E-07,3.1942E-07,-3.1948E-07
0.17,0.060000000000000005,9.8296E-07,1.8753000000000002E-10,-9.8576E-07,3.1938E-07,-3.1946E-07
0.17500000000000002,0.060000000000000005,1.1647E-06,2.0472000000000002E-10,-1.1605000000000002E-06,3.1942E-07,-3.194E-07
0.18000000000000002,0.060000000000000005,1.3657000000000001E-06,2.2007000000000002E-10,-1.3761E-06,3.1942E-07,-3.1944E-07
0.185,0.060000000000000005,1.6230000000000002E-06,2.2989000000000002E-10,-1.6295000000000002E-06,3.1934E-07,-3.1942E-07
0.19,0.060000000000000005,1.9151E-06,2.3959E-10,-1.9134E-06,3.194E-07,-3.1942E-07
0.195,0.060000000000000005,2.2622E-06,2.5744000000000004E-10,-2.2361E-06,3.1942E-07,-3.1952E-07
0.2,0.060000000000000005,2.6569000000000003E-06,2.6832E-10,-2.6772000000000004E-06,3.1944E-07,-3.1946E-07
0.20500000000000002,0.060000000000000005,3.1566000000000004E-06,2.8632E-10,-3.159E-06,3.1938E-07,-3.1948E-07
0.21000000000000002,0.060000000000000005,3.7122000000000002E-06,3.1049000000000003E-10,-3.7262000000000004E-06,3.193E-07,-3.1938E-07
0.215,0.060000000000000005,4.3663E-06,3.1861000000000005E-10,-4.3505E-06,3.1935999999999997E-07,-3.1944E-07
0.22,0.060000000000000005,5.1557000000000005E-06,3.4224000000000005E-10,-5.1414000000000004E-06,3.194E-07,-3.1948E-07
0.225,0.060000000000000005,6.0554000000000005E-06,3.5852E-10,-6.0686000000000006E-06,3.1935999999999997E-07,-3.194E-07
0.23,0.060000000000000005,7.1154000000000005E-06,3.8074E-10,-7.1379000000000007E-06,3.1935999999999997E-07,-3.1942E-07
0.23500000000000001,0.060000000000000005,8.3658E-06,4.0686000000000003E-10,-8.3234E-06,3.1935999999999997E-07,-3.1942E-07
0.24000000000000002,0.060000000000000005,9.8358000000000016E-06,4.2720000000000003E-10,-9.9196E-06,3.1935999999999997E-07,-3.1944E-07
0.24500000000000002,0.060000000000000005,1.154E-05,4.5109000000000004E-10,-1.1565400000000001E-05,3.1944E-07,-3.1942E-07
0.25,0.060000000000000005,1.3512E-05,4.8675E-10,-1.3562E-05,3.1932E-07,-3.1942E-07
0.255,0.060000000000000005,1.5700000000000002E-05,5.087E-10,-1.5756E-05,3.194E-07,-3.1942E-07
0.26,0.060000000000000005,1.8574000000000002E-05,5.4271000000000008E-10,-1.8558E-05,3.1942E-07,-3.194E-07
0.265,0.060000000000000005,2.1568E-05,5.7468E-10,-2.149E-05,3.1942E-07,-3.1942E-07
0.27,0.060000000000000005,2.5280000000000002E-05,6.119E-10,-2.5242E-05,3.1935999999999997E-07,-3.1946E-07
0.275,0.060000000000000005,2.9378000000000002E-05,6.5058E-10,-2.934E-05,3.194E-07,-3.1942E-07
0.28,0.060000000000000005,3.4148E-05,6.889400000000001E-10,-3.4138000000000004E-05,3.1938E-07,-3.194E-07
0.28500000000000003,0.060000000000000005,3.9772000000000005E-05,7.3365E-10,-3.9656E-05,3.1938E-07,-3.1948E-07
0.29000000000000004,0.060000000000000005,4.5948E-05,7.7411E-10,-4.6132000000000005E-05,3.1938E-07,-3.194E-07
0.29500000000000004,0.060000000000000005,5.355E-05,8.212100000000001E-10,-5.3572E-05,3.1938E-07,-3.194E-07
0.3,0.060000000000000005,6.1994E-05,8.7704000000000011E-10,-6.203E-05,3.1932E-07,-3.1942E-07
0.305,0.060000000000000005,7.2084E-05,9.2499E-10,-7.189E-05,3.193E-07,-3.1942E-07
0.31,0.060000000000000005,8.3438E-05,9.8451000000000015E-10,-8.3186E-05,3.1934E-07,-3.1944E-07
0.315,0.060000000000000005,9.6518E-05,1.0436E-09,-9.650400000000001E-05,3.193E-07,-3.194E-07
0.32,0.060000000000000005,0.000111458,1.1051E-09,-0.000111364,3.1934E-07,-3.1946E-07
0.325,0.060000000000000005,0.00012942000000000002,1.1734E-09,-0.00012888,3.1938E-07,-3.1942E-07
0.33,0.060000000000000005,0.00014878000000000002,1.2399E-09,-0.00014852000000000002,3.1935999999999997E-07,-3.1938E-07
0.335,0.060000000000000005,0.00017152,1.3128E-09,-0.00017122,3.1935999999999997E-07,-3.1942E-07
0.34,0.060000000000000005,0.00019712,1.3915E-09,-0.0001967,3.1935999999999997E-07,-3.1944E-07
0.34500000000000003,0.060000000000000005,0.00022638,1.4656E-09,-0.00022598,3.1935999999999997E-07,-3.1938E-07
0.35000000000000003,0.060000000000000005,0.0002592,1.5551E-09,-0.00025862000000000004,3.1944E-07,-3.1952E-07
0.35500000000000004,0.060000000000000005,0.00029658,1.6429E-09,-0.0002965,3.1949999999999997E-07,-3.1952E-07
0.36000000000000004,0.060000000000000005,0.00033758000000000003,1.7338E-09,-0.00033754,3.1942E-07,-3.1952E-07
0.365,0.060000000000000005,0.0003845,1.8375E-09,-0.00038442,3.1952E-07,-3.1956E-07
0.37,0.060000000000000005,0.0004359,1.9354E-09,-0.00043528,3.1942E-07,-3.1958E-07
0.375,0.060000000000000005,0.00049342000000000006,2.0487E-09,-0.00049298000000000007,3.194E-07,-3.1948E-07
0.38,0.060000000000000005,0.00055584,2.1552E-09,-0.00055556000000000008,3.1949999999999997E-07,-3.1952E-07
0.385,0.060000000000000005,0.00062516,2.2757E-09,-0.00062468000000000007,3.1946E-07,-3.1958E-07
0.39,0.060000000000000005,0.00069982000000000009,2.4012E-09,-0.00069958,3.1946E-07,-3.1958E-07
0.395,0.060000000000000005,0.00078276000000000007,2.527E-09,-0.00078206,3.1952E-07,-3.1952E-07
0.4,0.060000000000000005,0.00087018,2.6694E-09,-0.00087,3.1942E-07,-3.1948E-07
0.405,0.060000000000000005,0.00096570000000000011,2.8092E-09,-0.00096570000000000011,3.1949999999999997E-07,-3.1948E-07
0.41000000000000003,0.060000000000000005,0.0010674200000000001,2.9503E-09,-0.0010667200000000002,3.1946E-07,-3.1946E-07
0.41500000000000004,0.060000000000000005,0.001177,3.1126E-09,-0.001176,3.1948E-07,-3.1954E-07
0.42000000000000004,0.060000000000000005,0.0012918,3.2809E-09,-0.0012904,3.1946E-07,-3.1946E-07
0.42500000000000004,0.060000000000000005,0.0014146,3.4537E-09,-0.0014140000000000001,3.1946E-07,-3.1944E-07
0.43,0.060000000000000005,0.0015426,3.6294E-09,-0.001542,3.1935999999999997E-07,-3.1949999999999997E-07
0.435,0.060000000000000005,0.0016784,3.8194E-09,-0.0016782000000000001,3.1944E-07,-3.1948E-07
0.44,0.060000000000000005,0.0018192,4.0052E-09,-0.0018176,3.1942E-07,-3.1948E-07
0.445,0.060000000000000005,0.0019674000000000002,4.2181E-09,-0.0019652,3.1948E-07,-3.1952E-07
0.45,0.060000000000000005,0.002118,4.4262E-09,-0.0021164,3.1944E-07,-3.1954E-07
0.455,0.060000000000000005,0.0022766,4.6485E-09,-0.0022756,3.1944E-07,-3.1946E-07
0.46,0.060000000000000005,0.0024372,4.8875E-09,-0.0024364,3.1942E-07,-3.1942E-07
0.465,0.060000000000000005,0.0026044,5.1194E-09,-0.0026026,3.1932E-07,-3.1946E-07
0.47000000000000003,0.060000000000000005,0.0027728,5.3761E-09,-0.0027708,3.1938E-07,-3.1942E-07
0.47500000000000003,0.060000000000000005,0.0029464,5.6389E-09,-0.0029456,3.1938E-07,-3.1942E-07
0.48000000000000004,0.060000000000000005,0.0031218,5.9124E-09,-0.00312,3.1935999999999997E-07,-3.1948E-07
0.48500000000000004,0.060000000000000005,0.003303,6.203E-09,-0.0033012000000000002,3.1938E-07,-3.194E-07
0.49000000000000005,0.060000000000000005,0.003481,6.4979E-09,-0.0034820000000000003,3.1938E-07,-3.1946E-07
0.49500000000000005,0.060000000000000005,0.0036642000000000003,6.8056E-09,-0.0036646,3.1944E-07,-3.1946E-07
0.5,0.060000000000000005,0.003849,7.1325E-09,-0.0038476,3.1938E-07,-3.1948E-07
0.505,0.060000000000000005,0.004033,7.4676E-09,-0.0040318,3.1944E-07,-3.1946E-07
0.51,0.060000000000000005,0.004216,7.823E-09,-0.004215,3.1935999999999997E-07,-3.194E-07
0.515,0.060000000000000005,0.0044022,8.1875E-09,-0.004401,3.1935999999999997E-07,-3.1946E-07
0.52,0.060000000000000005,0.0045866,8.5604E-09,-0.0045844,3.1938E-07,-3.1935999999999997E-07
0.525,0.060000000000000005,0.004771,8.9716E-09,-0.0047688,3.1938E-07,-3.1948E-07
0.53,0.060000000000000005,0.0049518,9.3729E-09,-0.0049504,3.194E-07,-3.1944E-07
0.535,0.060000000000000005,0.005134,9.8283E-09,-0.0051326,3.1935999999999997E-07,-3.194E-07
0.54,0.060000000000000005,0.0053146,1.02816E-08,-0.005312,3.1938E-07,-3.1946E-07
0.545,0.060000000000000005,0.0054916,1.07214E-08,-0.0054916,3.1942E-07,-3.1946E-07
0.55,0.060000000000000005,0.0056652000000000004,1.12227E-08,-0.0056644,3.194E-07,-3.1944E-07
0.555,0.060000000000000005,0.0058434,1.1713399999999999E-08,-0.005843,3.1949999999999997E-07,-3.1948E-07
0.56,0.060000000000000005,0.0060136,1.2233599999999999E-08,-0.0060116,3.1948E-07,-3.1954E-07
0.56500000000000006,0.060000000000000005,0.006183,1.2792399999999998E-08,-0.006184,3.1949999999999997E-07,-3.1956E-07
0.57000000000000006,0.060000000000000005,0.0063504,1.3353399999999999E-08,-0.0063488,3.1948E-07,-3.1958E-07
0.57500000000000007,0.060000000000000005,0.0065136000000000005,1.3954199999999998E-08,-0.0065154,3.1942E-07,-3.1948E-07
0.58000000000000007,0.060000000000000005,0.0066752,1.4545199999999998E-08,-0.006675,3.1942E-07,-3.1949999999999997E-07
0.58500000000000008,0.060000000000000005,0.006835,1.5201599999999998E-08,-0.0068342,3.1946E-07,-3.1946E-07
0.59000000000000008,0.060000000000000005,0.0069896,1.5854599999999997E-08,-0.0069878,3.1944E-07,-3.1948E-07
0.595,0.060000000000000005,0.0071434,1.655E-08,-0.0071436,3.1942E-07,-3.1942E-07
0.6,0.060000000000000005,0.0072938000000000005,1.7276599999999998E-08,-0.007291,3.1948E-07,-3.1946E-07
0.605,0.060000000000000005,0.0074426,1.80364E-08,-0.0074388,3.1942E-07,-3.1948E-07
0.61,0.060000000000000005,0.0075842,1.8786199999999998E-08,-0.0075814,3.1948E-07,-3.1948E-07
0.615,0.060000000000000005,0.0077254,1.9608E-08,-0.0077246,3.1938E-07,-3.1942E-07
0.62,0.060000000000000005,0.007863,2.0440399999999998E-08,-0.0078618,3.1935999999999997E-07,-3.1952E-07
0.625,0.060000000000000005,0.007998,2.1345199999999998E-08,-0.0079968,3.1935999999999997E-07,-3.1952E-07
0.63,0.060000000000000005,0.0081312,2.2227399999999996E-08,-0.0081294,3.1942E-07,-3.1954E-07
0.635,0.060000000000000005,0.0082608,2.3181799999999998E-08,-0.0082584,3.1944E-07,-3.1944E-07
0.64,0.060000000000000005,0.0083864,2.4184199999999998E-08,-0.008382,3.1942E-07,-3.1948E-07
0.645,0.060000000000000005,0.008508400000000001,2.52144E-08,-0.0085116,3.1946E-07,-3.1948E-07
0.65,0.060000000000000005,0.0086286,2.6284999999999997E-08,-0.008630800000000001,3.1954E-07,-3.1954E-07
0.655,0.060000000000000005,0.0087486,2.7402199999999997E-08,-0.0087476,3.1944E-07,-3.1952E-07
0.66,0.060000000000000005,0.0088662,2.8572399999999998E-08,-0.0088624,3.1948E-07,-3.1954E-07
0.665,0.060000000000000005,0.0089728,2.9764399999999996E-08,-0.0089754,3.1946E-07,-3.1948E-07
0.67,0.060000000000000005,0.009086,3.105E-08,-0.009087,3.1954E-07,-3.1954E-07
0.675,0.060000000000000005,0.0091938,3.2367999999999996E-08,-0.0091916,3.1948E-07,-3.1948E-07
0.68,0.060000000000000005,0.0092982,3.37502E-08,-0.009300000000000001,3.194E-07,-3.1952E-07
0.685,0.060000000000000005,0.009402,3.51682E-08,-0.0093972,3.1942E-07,-3.1946E-07
0.69000000000000006,0.060000000000000005,0.0095018,3.6701799999999996E-08,-0.009499800000000001,3.1948E-07,-3.1949999999999997E-07
0.69500000000000006,0.060000000000000005,0.009595600000000001,3.8248799999999996E-08,-0.0095974,3.1949999999999997E-07,-3.1956E-07
0.70000000000000007,0.060000000000000005,0.0096926000000000009,3.9898E-08,-0.0096942,3.194E-07,-3.1952E-07
0.70500000000000007,0.060000000000000005,0.0097862,4.15992E-08,-0.0097856,3.1948E-07,-3.1948E-07
0.71000000000000008,0.060000000000000005,0.0098764,4.3395399999999994E-08,-0.0098772000000000009,3.1949999999999997E-07,-3.1952E-07
0.71500000000000008,0.060000000000000005,0.0099672,4.5248599999999995E-08,-0.0099638,3.1948E-07,-3.1952E-07
0.72000000000000008,0.060000000000000005,0.0100536,4.72062E-08,-0.010052,3.1954E-07,-3.1958E-07
0.72500000000000009,0.060000000000000005,0.0101364,4.9216199999999993E-08,-0.0101368,3.1948E-07,-3.1946E-07
0.73,0.060000000000000005,0.0102208,5.1358199999999993E-08,-0.0102194,3.1938E-07,-3.1946E-07
0.735,0.060000000000000005,0.0102982,5.3556999999999994E-08,-0.0102994,3.1944E-07,-3.1952E-07
0.74,0.060000000000000005,0.0103818,5.59E-08,-0.0103768,3.1942E-07,-3.1952E-07
0.745,0.060000000000000005,0.010458,5.8325799999999991E-08,-0.010457600000000001,3.1954E-07,-3.1948E-07
0.75,0.060000000000000005,0.010533,6.0861199999999989E-08,-0.01053,3.1944E-07,-3.1948E-07
0.755,0.060000000000000005,0.0106038,6.3518599999999993E-08,-0.010604800000000001,3.1948E-07,-3.1948E-07
0.76,0.060000000000000005,0.010675,6.6350199999999993E-08,-0.010675,3.1946E-07,-3.1946E-07
0.765,0.060000000000000005,0.0107444,6.92458E-08,-0.0107452,3.1944E-07,-3.1952E-07
0.77,0.060000000000000005,0.0108158,7.23356E-08,-0.0108134,3.1942E-07,-3.1948E-07
0.775,0.060000000000000005,0.0108828,7.55066E-08,-0.0108818,3.1948E-07,-3.1946E-07
0.78,0.060000000000000005,0.0109468,7.8888E-08,-0.010948,3.1944E-07,-3.1949999999999997E-07
0.785,0.060000000000000005,0.01101,8.2369999999999989E-08,-0.0110096,3.1946E-07,-3.1954E-07
0.79,0.060000000000000005,0.0110714,8.6095999999999992E-08,-0.011073,3.1949999999999997E-07,-3.1956E-07
0.795,0.060000000000000005,0.0111334,8.9911999999999991E-08,-0.0111318,3.1948E-07,-3.196E-07
0.8,0.060000000000000005,0.0111918,9.3964199999999991E-08,-0.011191,3.1954E-07,-3.196E-07
0.805,0.060000000000000005,0.0112506,9.8252999999999987E-08,-0.0112496,3.1952E-07,-3.196E-07
0.81,0.060000000000000005,0.011307000000000001,1.0269799999999998E-07,-0.0113098,3.1954E-07,-3.1952E-07
0.81500000000000006,0.060000000000000005,0.0113618,1.074252E-07,-0.0113644,3.1954E-07,-3.1962E-07
0.82000000000000006,0.060000000000000005,0.0114164,1.1227239999999998E-07,-0.011414200000000001,3.1949999999999997E-07,-3.1954E-07
0.82500000000000007,0.060000000000000005,0.0114674,1.1744E-07,-0.011468,3.1956E-07,-3.1956E-07
0.83000000000000007,0.060000000000000005,0.0115006,1.2286E-07,-0.011528000000000002,3.1949999999999997E-07,-3.196E-07
0.83500000000000008,0.060000000000000005,0.011618000000000002,1.2858E-07,-0.011580000000000002,3.1954E-07,-3.196E-07
0.84000000000000008,0.060000000000000005,0.011662,1.346E-07,-0.011632000000000002,3.1956E-07,-3.1954E-07
0.84500000000000008,0.060000000000000005,0.011708000000000001,1.4092E-07,-0.011674,3.1956E-07,-3.196E-07
0.85000000000000009,0.060000000000000005,0.011754,1.4744E-07,-0.011720000000000001,3.1954E-07,-3.1958E-07
0.85500000000000009,0.060000000000000005,0.011800000000000002,1.545E-07,-0.011770000000000001,3.1952E-07,-3.1956E-07
0.86,0.060000000000000005,0.011846,1.6156E-07,-0.011818,3.1948E-07,-3.196E-07
0.865,0.060000000000000005,0.011894000000000002,1.6938E-07,-0.011862000000000001,3.196E-07,-3.1976E-07
0.87,0.060000000000000005,0.011936,1.7738E-07,-0.011902000000000001,3.1949999999999997E-07,-3.196E-07
0.875,0.060000000000000005,0.011982000000000001,1.8586E-07,-0.011946000000000002,3.1956E-07,-3.1954E-07
0.88,0.060000000000000005,0.012020000000000001,1.9476E-07,-0.011988,3.1954E-07,-3.1954E-07
0.885,0.060000000000000005,0.012062000000000002,2.042E-07,-0.012024000000000002,3.1962E-07,-3.1954E-07
0.89,0.060000000000000005,0.012098000000000001,2.1394E-07,-0.012062000000000002,3.1954E-07,-3.1966E-07
0.895,0.060000000000000005,0.012138000000000001,2.2442E-07,-0.012100000000000001,3.1954E-07,-3.1962E-07
0.9,0.060000000000000005,0.012176000000000001,2.3524E-07,-0.012144,3.1958E-07,-3.1963999999999997E-07
-0.3,0.07,1.7115E-09,-2.5346E-09,9.1122000000000009E-10,3.1949999999999997E-07,-3.1952E-07
-0.29500000000000004,0.07,1.6532E-09,-2.4478E-09,8.7934000000000009E-10,3.1949999999999997E-07,-3.1948E-07
-0.29000000000000004,0.07,1.6057E-09,-2.3575E-09,8.4294000000000009E-10,3.1948E-07,-3.1948E-07
-0.28500000000000003,0.07,1.5567E-09,-2.2722E-09,8.1060000000000008E-10,3.1949999999999997E-07,-3.196E-07
-0.28,0.07,1.5118E-09,-2.1943E-09,7.8072000000000007E-10,3.1948E-07,-3.1949999999999997E-07
-0.275,0.07,1.4583E-09,-2.1147E-09,7.4612000000000011E-10,3.1954E-07,-3.1948E-07
-0.27,0.07,1.421E-09,-2.0306E-09,7.1769E-10,3.1942E-07,-3.1952E-07
-0.265,0.07,1.3728E-09,-1.9661E-09,6.8775E-10,3.1934E-07,-3.1942E-07
-0.26,0.07,1.3289E-09,-1.8869999999999998E-09,6.58E-10,3.1935999999999997E-07,-3.1946E-07
-0.255,0.07,1.2894E-09,-1.811E-09,6.3066000000000007E-10,3.1938E-07,-3.1942E-07
-0.25,0.07,1.2474E-09,-1.7517E-09,6.0451E-10,3.1938E-07,-3.1946E-07
-0.24500000000000002,0.07,1.2061E-09,-1.6791E-09,5.7643E-10,3.1944E-07,-3.1942E-07
-0.24000000000000002,0.07,1.1638E-09,-1.6118E-09,5.5059000000000006E-10,3.1938E-07,-3.1946E-07
-0.23500000000000001,0.07,1.1342E-09,-1.5514E-09,5.2635E-10,3.1938E-07,-3.194E-07
-0.23,0.07,1.0864E-09,-1.4878E-09,5.0082E-10,3.1942E-07,-3.1948E-07
-0.225,0.07,1.0571E-09,-1.4271E-09,4.7771E-10,3.1932E-07,-3.1946E-07
-0.22,0.07,1.0209E-09,-1.3676E-09,4.5490000000000005E-10,3.1932E-07,-3.1942E-07
-0.215,0.07,9.7955E-10,-1.3151E-09,4.3114E-10,3.1934E-07,-3.1948E-07
-0.21000000000000002,0.07,9.5781E-10,-1.2539E-09,4.1072000000000006E-10,3.1935999999999997E-07,-3.1946E-07
-0.20500000000000002,0.07,9.1654E-10,-1.1965E-09,3.8914E-10,3.1938E-07,-3.1949999999999997E-07
-0.2,0.07,8.8455000000000011E-10,-1.1519E-09,3.6957000000000005E-10,3.1934E-07,-3.1935999999999997E-07
-0.195,0.07,8.5680000000000008E-10,-1.0982E-09,3.4763E-10,3.1928E-07,-3.1942E-07
-0.19,0.07,8.2607E-10,-1.0483E-09,3.2914E-10,3.1935999999999997E-07,-3.1949999999999997E-07
-0.185,0.07,8.0145000000000006E-10,-1.0039E-09,3.1205E-10,3.1935999999999997E-07,-3.1942E-07
-0.18000000000000002,0.07,7.6695E-10,-9.5945E-10,2.9405000000000003E-10,3.1935999999999997E-07,-3.1944E-07
-0.17500000000000002,0.07,7.463600000000001E-10,-9.0638E-10,2.7381E-10,3.1942E-07,-3.1948E-07
-0.17,0.07,7.1945E-10,-8.664200000000001E-10,2.5634E-10,3.1948E-07,-3.1952E-07
-0.165,0.07,6.9401000000000007E-10,-8.2993E-10,2.384E-10,3.1938E-07,-3.1952E-07
-0.16,0.07,6.763800000000001E-10,-7.8225000000000006E-10,2.2166000000000001E-10,3.1934E-07,-3.1942E-07
-0.155,0.07,6.481400000000001E-10,-7.4364E-10,2.0355E-10,3.1944E-07,-3.1954E-07
-0.15,0.07,6.2949000000000007E-10,-7.0835E-10,1.8727000000000002E-10,3.1948E-07,-3.1954E-07
-0.14500000000000002,0.07,6.1332E-10,-6.6876000000000008E-10,1.6820000000000002E-10,3.1948E-07,-3.1954E-07
-0.14,0.07,5.9436E-10,-6.3758000000000009E-10,1.5223E-10,3.1938E-07,-3.1954E-07
-0.135,0.07,5.7879E-10,-6.0404E-10,1.3513E-10,3.1938E-07,-3.1946E-07
-0.13,0.07,5.614E-10,-5.7045E-10,1.142E-10,3.1938E-07,-3.1949999999999997E-07
-0.125,0.07,5.5526E-10,-5.4047E-10,9.738E-11,3.1942E-07,-3.1946E-07
-0.12000000000000001,0.07,5.4016E-10,-5.0343000000000009E-10,7.505E-11,3.1935999999999997E-07,-3.1935999999999997E-07
-0.115,0.07,5.3223E-10,-4.7791000000000006E-10,5.3760000000000004E-11,3.1932E-07,-3.194E-07
-0.11,0.07,5.3118E-10,-4.5216E-10,3.151E-11,3.193E-07,-3.1938E-07
-0.10500000000000001,0.07,5.2715000000000009E-10,-4.2178E-10,6.5400000000000008E-12,3.1932E-07,-3.1944E-07
-0.1,0.07,5.2829E-10,-3.9881000000000004E-10,-2.1700000000000003E-11,3.1934E-07,-3.1942E-07
-0.095,0.07,5.2917E-10,-3.7970000000000004E-10,-5.0750000000000006E-11,3.1926E-07,-3.1934E-07
-0.090000000000000011,0.07,5.4895000000000005E-10,-3.4977E-10,-8.489E-11,3.1934E-07,-3.1935999999999997E-07
-0.085,0.07,5.4911000000000008E-10,-3.248E-10,-1.233E-10,3.1932E-07,-3.194E-07
-0.08,0.07,5.7131000000000007E-10,-3.0962E-10,-1.6962E-10,3.193E-07,-3.194E-07
-0.075,0.07,6.1439000000000009E-10,-2.8394E-10,-2.1673E-10,3.1935999999999997E-07,-3.194E-07
-0.07,0.07,6.5248E-10,-2.62E-10,-2.7581E-10,3.1935999999999997E-07,-3.1944E-07
-0.065,0.07,6.9301000000000007E-10,-2.4701E-10,-3.4396E-10,3.1932E-07,-3.1942E-07
-0.060000000000000005,0.07,7.5621E-10,-2.2886000000000002E-10,-4.1900000000000005E-10,3.1935999999999997E-07,-3.1942E-07
-0.055,0.07,8.3267000000000008E-10,-2.0786000000000002E-10,-5.0559E-10,3.193E-07,-3.194E-07
-0.05,0.07,9.0779E-10,-1.9369E-10,-6.1568000000000009E-10,3.1935999999999997E-07,-3.1942E-07
-0.045000000000000005,0.07,1.01726E-09,-1.7913E-10,-7.3147000000000006E-10,3.1938E-07,-3.1952E-07
-0.04,0.07,1.15008E-09,-1.6274000000000002E-10,-8.7891E-10,3.1935999999999997E-07,-3.1944E-07
-0.035,0.07,1.3041E-09,-1.4757000000000001E-10,-1.04554E-09,3.1934E-07,-3.1942E-07
-0.030000000000000002,0.07,1.4824E-09,-1.3308000000000002E-10,-1.2393E-09,3.1932E-07,-3.1942E-07
-0.025,0.07,1.6959E-09,-1.2074000000000001E-10,-1.4748E-09,3.1934E-07,-3.1946E-07
-0.02,0.07,1.9595E-09,-1.1162000000000001E-10,-1.7405E-09,3.1932E-07,-3.1942E-07
-0.015000000000000001,0.07,2.2785E-09,-1.0060000000000001E-10,-2.0606E-09,3.1926E-07,-3.1942E-07
-0.01,0.07,2.6485E-09,-8.583E-11,-2.4428E-09,3.1932E-07,-3.1946E-07
-0.005,0.07,3.0615E-09,-7.5560000000000008E-11,-2.8819E-09,3.1934E-07,-3.1938E-07
0,0.07,3.5939E-09,-6.841E-11,-3.4251E-09,3.193E-07,-3.1938E-07
0.005,0.07,4.184E-09,-5.535E-11,-4.0525E-09,3.1938E-07,-3.194E-07
0.01,0.07,4.9325E-09,-4.3930000000000004E-11,-4.7729E-09,3.193E-07,-3.1948E-07
0.015000000000000001,0.07,5.7779E-09,-4.075E-11,-5.6514E-09,3.1944E-07,-3.1954E-07
0.02,0.07,6.8136E-09,-2.8580000000000003E-11,-6.6698E-09,3.1944E-07,-3.1946E-07
0.025,0.07,8.0031E-09,-2.4750000000000002E-11,-7.8826E-09,3.194E-07,-3.1942E-07
0.030000000000000002,0.07,9.4594E-09,-1.6870000000000002E-11,-9.2947E-09,3.1948E-07,-3.1952E-07
0.035,0.07,1.11249E-08,-6.7500000000000009E-12,-1.09906E-08,3.1944E-07,-3.1952E-07
0.04,0.07,1.3162999999999999E-08,-1.6200000000000002E-12,-1.30772E-08,3.1942E-07,-3.1956E-07
0.045000000000000005,0.07,1.55484E-08,5.03E-12,-1.5423599999999998E-08,3.1944E-07,-3.1948E-07
0.05,0.07,1.8355599999999997E-08,1.1410000000000001E-11,-1.82458E-08,3.1928E-07,-3.1938E-07
0.055,0.07,2.1654999999999998E-08,1.553E-11,-2.1567999999999998E-08,3.1935999999999997E-07,-3.1935999999999997E-07
0.060000000000000005,0.07,2.5633399999999997E-08,2.336E-11,-2.5453799999999997E-08,3.1934E-07,-3.194E-07
0.065,0.07,3.01164E-08,3.284E-11,-3.00584E-08,3.1946E-07,-3.1948E-07
0.07,0.07,3.56604E-08,3.409E-11,-3.56266E-08,3.1942E-07,-3.1942E-07
0.075,0.07,4.22976E-08,4.003E-11,-4.2134799999999996E-08,3.1935999999999997E-07,-3.1944E-07
0.08,0.07,4.9682999999999996E-08,4.963E-11,-4.98316E-08,3.1938E-07,-3.1948E-07
0.085,0.07,5.8741599999999996E-08,5.5930000000000007E-11,-5.8679799999999996E-08,3.1948E-07,-3.1958E-07
0.090000000000000011,0.07,6.9255399999999989E-08,5.7880000000000005E-11,-6.9409399999999992E-08,3.194E-07,-3.1949999999999997E-07
0.095,0.07,8.19254E-08,6.7590000000000009E-11,-8.20806E-08,3.1938E-07,-3.1952E-07
0.1,0.07,9.7069799999999984E-08,7.284E-11,-9.7299199999999988E-08,3.1935999999999997E-07,-3.1946E-07
0.10500000000000001,0.07,1.1466E-07,8.208E-11,-1.1444639999999999E-07,3.1932E-07,-3.1942E-07
0.11,0.07,1.364E-07,8.2750000000000012E-11,-1.3621999999999999E-07,3.1938E-07,-3.1944E-07
0.115,0.07,1.6044E-07,9.407E-11,-1.607E-07,3.1932E-07,-3.194E-07
0.12000000000000001,0.07,1.9046E-07,9.9630000000000009E-11,-1.8983999999999999E-07,3.1942E-07,-3.1942E-07
0.125,0.07,2.255E-07,1.0744E-10,-2.2566E-07,3.193E-07,-3.1944E-07
0.13,0.07,2.6658E-07,1.1466000000000001E-10,-2.6576E-07,3.193E-07,-3.194E-07
0.135,0.07,3.1402E-07,1.2260000000000002E-10,-3.145E-07,3.1934E-07,-3.1935999999999997E-07
0.14,0.07,3.7094E-07,1.2996E-10,-3.7138E-07,3.1932E-07,-3.194E-07
0.14500000000000002,0.07,4.403E-07,1.3727E-10,-4.3886E-07,3.1924E-07,-3.1938E-07
0.15,0.07,5.201E-07,1.4898E-10,-5.2236E-07,3.1942E-07,-3.1946E-07
0.155,0.07,6.1368E-07,1.5203000000000002E-10,-6.157E-07,3.1934E-07,-3.1932E-07
0.16,0.07,7.2642E-07,1.6723E-10,-7.2504E-07,3.1938E-07,-3.1942E-07
0.165,0.07,8.6106E-07,1.7522000000000002E-10,-8.572E-07,3.1942E-07,-3.1942E-07
0.17,0.07,1.01498E-06,1.8607E-10,-1.01564E-06,3.194E-07,-3.1949999999999997E-07
0.17500000000000002,0.07,1.2018E-06,1.9577E-10,-1.1959E-06,3.1932E-07,-3.1948E-07
0.18000000000000002,0.07,1.4169000000000002E-06,2.0874000000000002E-10,-1.4201000000000002E-06,3.1938E-07,-3.1946E-07
0.185,0.07,1.6721000000000003E-06,2.1698E-10,-1.6719000000000003E-06,3.193E-07,-3.194E-07
0.19,0.07,1.9823E-06,2.3631000000000003E-10,-1.9866E-06,3.1938E-07,-3.1954E-07
0.195,0.07,2.3228000000000004E-06,2.4829000000000003E-10,-2.3319E-06,3.193E-07,-3.194E-07
0.2,0.07,2.7647000000000004E-06,2.5987E-10,-2.7491E-06,3.1935999999999997E-07,-3.1942E-07
0.20500000000000002,0.07,3.2531000000000002E-06,2.7659E-10,-3.2415000000000002E-06,3.1932E-07,-3.1942E-07
0.21000000000000002,0.07,3.8116000000000005E-06,2.8958E-10,-3.8208000000000008E-06,3.1942E-07,-3.1946E-07
0.215,0.07,4.4944000000000005E-06,3.0879000000000003E-10,-4.5096000000000008E-06,3.193E-07,-3.1948E-07
0.22,0.07,5.3173000000000007E-06,3.2961E-10,-5.2817000000000006E-06,3.193E-07,-3.194E-07
0.225,0.07,6.2363000000000008E-06,3.4480000000000004E-10,-6.2403000000000011E-06,3.1935999999999997E-07,-3.194E-07
0.23,0.07,7.3688000000000005E-06,3.6834000000000004E-10,-7.3755000000000008E-06,3.1935999999999997E-07,-3.1944E-07
0.23500000000000001,0.07,8.6676000000000015E-06,3.9207E-10,-8.6492E-06,3.194E-07,-3.194E-07
0.24000000000000002,0.07,1.01638E-05,4.1185000000000003E-10,-1.0228200000000001E-05,3.1935999999999997E-07,-3.1942E-07
0.24500000000000002,0.07,1.1930000000000001E-05,4.3464E-10,-1.1888E-05,3.1938E-07,-3.1942E-07
0.25,0.07,1.3974E-05,4.6240000000000003E-10,-1.3994E-05,3.1938E-07,-3.1942E-07
0.255,0.07,1.638E-05,4.9299000000000007E-10,-1.6338000000000002E-05,3.1944E-07,-3.1948E-07
0.26,0.07,1.9132E-05,5.2362E-10,-1.9168E-05,3.1942E-07,-3.1954E-07
0.265,0.07,2.2402E-05,5.5493000000000007E-10,-2.2376E-05,3.1948E-07,-3.1954E-07
0.27,0.07,2.6096000000000002E-05,5.9132000000000008E-10,-2.6118E-05,3.1938E-07,-3.1952E-07
0.275,0.07,3.0426E-05,6.2416E-10,-3.0438000000000002E-05,3.1946E-07,-3.1954E-07
0.28,0.07,3.537E-05,6.6623000000000009E-10,-3.535E-05,3.1942E-07,-3.196E-07
0.28500000000000003,0.07,4.1226E-05,7.0910000000000006E-10,-4.1282E-05,3.1942E-07,-3.1954E-07
0.29000000000000004,0.07,4.7972E-05,7.4616E-10,-4.7896000000000004E-05,3.1942E-07,-3.1952E-07
0.29500000000000004,0.07,5.5718000000000004E-05,8.0036E-10,-5.563E-05,3.1944E-07,-3.1948E-07
0.3,0.07,6.472E-05,8.4052000000000011E-10,-6.4628E-05,3.194E-07,-3.1952E-07
0.305,0.07,7.5086E-05,8.9611E-10,-7.5114E-05,3.1942E-07,-3.1948E-07
0.31,0.07,8.6874000000000009E-05,9.5097E-10,-8.7002E-05,3.1949999999999997E-07,-3.1948E-07
0.315,0.07,0.000100758,1.00479E-09,-0.00010075600000000001,3.194E-07,-3.1952E-07
0.32,0.07,0.00011694,1.06506E-09,-0.00011654,3.1946E-07,-3.1948E-07
0.325,0.07,0.0001353,1.1343E-09,-0.0001348,3.1949999999999997E-07,-3.1954E-07
0.33,0.07,0.00015566,1.195E-09,-0.0001555,3.1944E-07,-3.1949999999999997E-07
0.335,0.07,0.00017984,1.2736E-09,-0.00017938,3.1938E-07,-3.1944E-07
0.34,0.07,0.00020658000000000002,1.3457E-09,-0.00020642000000000002,3.1942E-07,-3.1958E-07
0.34500000000000003,0.07,0.00023788000000000002,1.4226E-09,-0.0002376,3.1944E-07,-3.1935999999999997E-07
0.35000000000000003,0.07,0.0002724,1.5035E-09,-0.00027216,3.1944E-07,-3.1956E-07
0.35500000000000004,0.07,0.00031204000000000003,1.5873E-09,-0.00031190000000000005,3.1938E-07,-3.1946E-07
0.36000000000000004,0.07,0.00035600000000000003,1.681E-09,-0.0003557,3.1938E-07,-3.1949999999999997E-07
0.365,0.07,0.00040574000000000003,1.7771E-09,-0.00040536,3.1934E-07,-3.1948E-07
0.37,0.07,0.0004602,1.8754E-09,-0.00046002,3.1949999999999997E-07,-3.1948E-07
0.375,0.07,0.0005218,1.9809E-09,-0.0005214,3.194E-07,-3.1949999999999997E-07
0.38,0.07,0.00058852,2.086E-09,-0.00058856,3.1944E-07,-3.1946E-07
0.385,0.07,0.00066322000000000006,2.2062E-09,-0.00066314,3.1942E-07,-3.1954E-07
0.39,0.07,0.00074402000000000008,2.321E-09,-0.0007427,3.1949999999999997E-07,-3.1954E-07
0.395,0.07,0.00083204,2.449E-09,-0.00083204,3.1938E-07,-3.1949999999999997E-07
0.4,0.07,0.00092726000000000006,2.584E-09,-0.00092684000000000006,3.194E-07,-3.1949999999999997E-07
0.405,0.07,0.00103114,2.713E-09,-0.0010309800000000001,3.1946E-07,-3.1948E-07
0.41000000000000003,0.07,0.0011406,2.8576E-09,-0.00114034,3.1949999999999997E-07,-3.1946E-07
0.41500000000000004,0.07,0.0012604,3.0131E-09,-0.00126,3.1949999999999997E-07,-3.1949999999999997E-07
0.42000000000000004,0.07,0.0013856,3.161E-09,-0.0013852,3.194E-07,-3.1948E-07
0.42500000000000004,0.07,0.0015212000000000001,3.3199E-09,-0.001521,3.1948E-07,-3.1954E-07
0.43,0.07,0.001662,3.4923E-09,-0.0016606000000000001,3.194E-07,-3.1948E-07
0.435,0.07,0.0018118000000000001,3.6676E-09,-0.0018112,3.1942E-07,-3.1948E-07
0.44,0.07,0.0019664,3.8587E-09,-0.0019654,3.1942E-07,-3.1954E-07
0.445,0.07,0.0021312,4.048E-09,-0.0021302,3.1942E-07,-3.1952E-07
0.45,0.07,0.0022986,4.2509E-09,-0.0022984,3.1942E-07,-3.1954E-07
0.455,0.07,0.0024754,4.4698E-09,-0.0024762,3.1949999999999997E-07,-3.1958E-07
0.46,0.07,0.0026552,4.6791E-09,-0.0026568,3.1942E-07,-3.1952E-07
0.465,0.07,0.002844,4.919E-09,-0.0028436,3.1944E-07,-3.1948E-07
0.47000000000000003,0.07,0.0030346,5.1493E-09,-0.0030340000000000002,3.1944E-07,-3.1952E-07
0.47500000000000003,0.07,0.003232,5.4066E-09,-0.0032302,3.1944E-07,-3.1948E-07
0.48000000000000004,0.07,0.0034306000000000002,5.6648E-09,-0.0034304,3.1949999999999997E-07,-3.1958E-07
0.48500000000000004,0.07,0.0036364,5.939E-09,-0.003634,3.1946E-07,-3.1956E-07
0.49000000000000005,0.07,0.0038406,6.2432E-09,-0.0038404,3.1946E-07,-3.1952E-07
0.49500000000000005,0.07,0.0040494,6.5202E-09,-0.0040494,3.1946E-07,-3.196E-07
0.5,0.07,0.0042592,6.8371E-09,-0.0042592,3.1944E-07,-3.1958E-07
0.505,0.07,0.0044748,7.1519E-09,-0.0044716,3.1944E-07,-3.1952E-07
0.51,0.07,0.0046846,7.4801E-09,-0.0046856,3.1956E-07,-3.1966E-07
0.515,0.07,0.0048984,7.8545E-09,-0.0049,3.1938E-07,-3.1958E-07
0.52,0.07,0.0051136,8.2081E-09,-0.005113,3.1944E-07,-3.1954E-07
0.525,0.07,0.0053284000000000005,8.5797E-09,-0.005326,3.1948E-07,-3.1948E-07
0.53,0.07,0.0055388,8.9827E-09,-0.0055372,3.1949999999999997E-07,-3.1958E-07
0.535,0.07,0.0057524,9.373E-09,-0.0057524,3.1948E-07,-3.1958E-07
0.54,0.07,0.0059598,9.8187E-09,-0.00596,3.1952E-07,-3.1946E-07
0.545,0.07,0.0061714000000000005,1.02454E-08,-0.006171,3.1946E-07,-3.1958E-07
0.55,0.07,0.0063772,1.07167E-08,-0.0063766000000000005,3.1948E-07,-3.1948E-07
0.555,0.07,0.006582,1.11815E-08,-0.0065840000000000004,3.1954E-07,-3.1954E-07
0.56,0.07,0.006786,1.17064E-08,-0.0067856,3.1949999999999997E-07,-3.1956E-07
0.56500000000000006,0.07,0.006988,1.22278E-08,-0.0069868000000000005,3.1954E-07,-3.196E-07
0.57000000000000006,0.07,0.0071816,1.2759399999999999E-08,-0.0071818,3.1948E-07,-3.1949999999999997E-07
0.57500000000000007,0.07,0.0073778,1.3336599999999999E-08,-0.00738,3.1949999999999997E-07,-3.1954E-07
0.58000000000000007,0.07,0.0075692,1.3916799999999999E-08,-0.0075712,3.1949999999999997E-07,-3.196E-07
0.58500000000000008,0.07,0.0077606,1.4509799999999998E-08,-0.0077586,3.1944E-07,-3.1954E-07
0.59000000000000008,0.07,0.0079452,1.51394E-08,-0.007943,3.1946E-07,-3.1956E-07
0.595,0.07,0.0081266,1.58052E-08,-0.008125,3.1944E-07,-3.1958E-07
0.6,0.07,0.0083038,1.64732E-08,-0.008303,3.1954E-07,-3.1954E-07
0.605,0.07,0.0084802,1.72188E-08,-0.0084776,3.1946E-07,-3.1946E-07
0.61,0.07,0.0086532,1.79538E-08,-0.0086514,3.1948E-07,-3.1954E-07
0.615,0.07,0.0088186,1.8732E-08,-0.008821,3.1948E-07,-3.1956E-07
0.62,0.07,0.0089838,1.95438E-08,-0.0089846,3.1956E-07,-3.196E-07
0.625,0.07,0.0091458,2.0365799999999998E-08,-0.009146,3.1954E-07,-3.1962E-07
0.63,0.07,0.0093036,2.1242199999999997E-08,-0.0093058,3.1956E-07,-3.1962E-07
0.635,0.07,0.0094576,2.2156799999999997E-08,-0.0094614,3.1954E-07,-3.196E-07
0.64,0.07,0.0096108000000000009,2.30972E-08,-0.0096088,3.1949999999999997E-07,-3.1958E-07
0.645,0.07,0.009764,2.4081399999999998E-08,-0.0097598,3.1956E-07,-3.196E-07
0.65,0.07,0.0099038,2.5082E-08,-0.0099042,3.1948E-07,-3.1958E-07
0.655,0.07,0.010043,2.6136799999999997E-08,-0.010046600000000001,3.1958E-07,-3.1958E-07
0.66,0.07,0.0101846,2.7251799999999997E-08,-0.0101822,3.1954E-07,-3.1962E-07
0.665,0.07,0.010320000000000001,2.8401399999999996E-08,-0.0103194,3.1949999999999997E-07,-3.1956E-07
0.67,0.07,0.0104526,2.9619199999999996E-08,-0.0104526,3.1948E-07,-3.196E-07
0.675,0.07,0.010579,3.08662E-08,-0.0105784,3.1956E-07,-3.196E-07
0.68,0.07,0.0107078,3.21676E-08,-0.0107074,3.1944E-07,-3.1948E-07
0.685,0.07,0.010833,3.35282E-08,-0.0108308,3.1952E-07,-3.1966E-07
0.69000000000000006,0.07,0.0109512,3.49828E-08,-0.0109502,3.1948E-07,-3.1962E-07
0.69500000000000006,0.07,0.011070400000000001,3.6452599999999994E-08,-0.0110694,3.1952E-07,-3.1963999999999997E-07
0.70000000000000007,0.07,0.0111846,3.7959599999999995E-08,-0.0111828,3.1948E-07,-3.1958E-07
0.70500000000000007,0.07,0.011294,3.95404E-08,-0.011296800000000001,3.1952E-07,-3.1958E-07
0.71000000000000008,0.07,0.011405,4.1248999999999994E-08,-0.011406,3.1952E-07,-3.1954E-07
0.71500000000000008,0.07,0.0115008,4.30232E-08,-0.011518,3.1944E-07,-3.1952E-07
0.72000000000000008,0.07,0.01166,4.4879399999999996E-08,-0.011620000000000002,3.1948E-07,-3.1962E-07
0.72500000000000009,0.07,0.011758000000000001,4.6776399999999997E-08,-0.011724000000000002,3.1948E-07,-3.1956E-07
0.73,0.07,0.011858,4.8816199999999996E-08,-0.01183,3.1946E-07,-3.1948E-07
0.735,0.07,0.011954000000000001,5.09084E-08,-0.011926,3.1944E-07,-3.1958E-07
0.74,0.07,0.012052,5.31302E-08,-0.012014,3.1948E-07,-3.1956E-07
0.745,0.07,0.012140000000000002,5.5401399999999996E-08,-0.012108,3.1949999999999997E-07,-3.1956E-07
0.75,0.07,0.012234000000000002,5.78364E-08,-0.012202000000000001,3.1946E-07,-3.1954E-07
0.755,0.07,0.012320000000000001,6.03388E-08,-0.01229,3.1948E-07,-3.1952E-07
0.76,0.07,0.012410000000000001,6.298839999999999E-08,-0.012376000000000002,3.1948E-07,-3.1949999999999997E-07
0.765,0.07,0.012494000000000002,6.5742199999999992E-08,-0.01246,3.1952E-07,-3.1958E-07
0.77,0.07,0.012576,6.8648199999999991E-08,-0.012546000000000002,3.1949999999999997E-07,-3.1949999999999997E-07
0.775,0.07,0.012654,7.1631999999999989E-08,-0.012624000000000002,3.1946E-07,-3.1954E-07
0.78,0.07,0.012734,7.48216E-08,-0.012698000000000001,3.1952E-07,-3.1958E-07
0.785,0.07,0.012810000000000002,7.8126599999999987E-08,-0.012778000000000001,3.1949999999999997E-07,-3.1954E-07
0.79,0.07,0.012884000000000001,8.1640199999999993E-08,-0.012848000000000002,3.1944E-07,-3.1952E-07
0.795,0.07,0.012958,8.52448E-08,-0.012924000000000002,3.1948E-07,-3.196E-07
0.8,0.07,0.013030000000000002,8.90368E-08,-0.012996,3.1944E-07,-3.1958E-07
0.805,0.07,0.0131,9.3082599999999992E-08,-0.013068000000000002,3.1948E-07,-3.196E-07
0.81,0.07,0.013164,9.7268799999999985E-08,-0.013136000000000002,3.1946E-07,-3.1963999999999997E-07
0.81500000000000006,0.07,0.013236000000000001,1.017006E-07,-0.013204,3.1952E-07,-3.1958E-07
0.82000000000000006,0.07,0.013302000000000001,1.0631759999999999E-07,-0.01327,3.1954E-07,-3.196E-07
0.82500000000000007,0.07,0.01336,1.111908E-07,-0.013334,3.1954E-07,-3.196E-07
0.83000000000000007,0.07,0.013426,1.163E-07,-0.01339,3.1962E-07,-3.1972E-07
0.83500000000000008,0.07,0.013486000000000002,1.2166E-07,-0.013452,3.196E-07,-3.1963999999999997E-07
0.84000000000000008,0.07,0.013548000000000001,1.2727999999999999E-07,-0.013516000000000002,3.196E-07,-3.1963999999999997E-07
0.84500000000000008,0.07,0.013604000000000002,1.3327999999999999E-07,-0.013572,3.196E-07,-3.1966E-07
0.85000000000000009,0.07,0.013660000000000002,1.3938E-07,-0.013630000000000002,3.1952E-07,-3.1963999999999997E-07
0.85500000000000009,0.07,0.013716,1.4598E-07,-0.013686000000000002,3.1954E-07,-3.1963999999999997E-07
0.86,0.07,0.013772000000000001,1.5286E-07,-0.01374,3.1962E-07,-3.1962E-07
0.865,0.07,0.013822000000000001,1.6012E-07,-0.013796000000000001,3.1956E-07,-3.1954E-07
0.87,0.07,0.013880000000000002,1.6754E-07,-0.013850000000000001,3.1954E-07,-3.1963999999999997E-07
0.875,0.07,0.013928000000000001,1.7562E-07,-0.013896,3.1963999999999997E-07,-3.1968E-07
0.88,0.07,0.013976,1.8392E-07,-0.013946000000000002,3.1956E-07,-3.1956E-07
0.885,0.07,0.01403,1.9272E-07,-0.013994000000000001,3.1954E-07,-3.1966E-07
0.89,0.07,0.014074000000000001,2.0192E-07,-0.014042,3.196E-07,-3.1966E-07
0.895,0.07,0.014126000000000001,2.1175999999999999E-07,-0.014094,3.1958E-07,-3.1958E-07
0.9,0.07,0.014168000000000002,2.2186E-07,-0.014136000000000001,3.1962E-07,-3.1963999999999997E-07
-0.3,0.08,1.8234E-09,-2.6278E-09,9.1073000000000012E-10,3.1949999999999997E-07,-3.1954E-07
-0.29500000000000004,0.08,1.7687E-09,-2.5407E-09,8.7897000000000012E-10,3.1946E-07,-3.1956E-07
-0.29000000000000004,0.08,1.7162E-09,-2.4572E-09,8.4249000000000006E-10,3.194E-07,-3.1952E-07
-0.28500000000000003,0.08,1.6651E-09,-2.3686E-09,8.1091E-10,3.1949999999999997E-07,-3.1952E-07
-0.28,0.08,1.6205E-09,-2.2857E-09,7.7886E-10,3.1942E-07,-3.1954E-07
-0.275,0.08,1.5702E-09,-2.203E-09,7.4913000000000008E-10,3.1944E-07,-3.1956E-07
-0.27,0.08,1.518E-09,-2.1239E-09,7.1563E-10,3.1946E-07,-3.1952E-07
-0.265,0.08,1.4824E-09,-2.0486E-09,6.8951E-10,3.1942E-07,-3.1954E-07
-0.26,0.08,1.427E-09,-1.9712E-09,6.5909E-10,3.1948E-07,-3.1952E-07
-0.255,0.08,1.3865E-09,-1.898E-09,6.2911E-10,3.1942E-07,-3.1958E-07
-0.25,0.08,1.3424E-09,-1.8335E-09,6.0432E-10,3.1942E-07,-3.1954E-07
-0.24500000000000002,0.08,1.2985E-09,-1.7575E-09,5.7641000000000008E-10,3.1948E-07,-3.1952E-07
-0.24000000000000002,0.08,1.2566E-09,-1.6874E-09,5.5026E-10,3.1946E-07,-3.1948E-07
-0.23500000000000001,0.08,1.2207E-09,-1.6295E-09,5.2636E-10,3.194E-07,-3.1954E-07
-0.23,0.08,1.1802E-09,-1.5595E-09,5.0299E-10,3.1942E-07,-3.1952E-07
-0.225,0.08,1.1386E-09,-1.4955E-09,4.7590000000000008E-10,3.194E-07,-3.1952E-07
-0.22,0.08,1.1093E-09,-1.4435E-09,4.5762E-10,3.1944E-07,-3.1946E-07
-0.215,0.08,1.0673E-09,-1.3781E-09,4.3049000000000003E-10,3.1942E-07,-3.1952E-07
-0.21000000000000002,0.08,1.0352E-09,-1.3243E-09,4.1187000000000005E-10,3.1942E-07,-3.1946E-07
-0.20500000000000002,0.08,1.0009E-09,-1.2679E-09,3.8832E-10,3.1932E-07,-3.1946E-07
-0.2,0.08,9.6921E-10,-1.2177E-09,3.7123E-10,3.1932E-07,-3.194E-07
-0.195,0.08,9.295E-10,-1.1573E-09,3.4554000000000003E-10,3.1948E-07,-3.1954E-07
-0.19,0.08,9.0397E-10,-1.1112E-09,3.3187E-10,3.1935999999999997E-07,-3.1944E-07
-0.185,0.08,8.7457000000000011E-10,-1.0592E-09,3.0911000000000003E-10,3.1935999999999997E-07,-3.1952E-07
-0.18000000000000002,0.08,8.4213000000000007E-10,-1.0139E-09,2.9364000000000003E-10,3.1932E-07,-3.1946E-07
-0.17500000000000002,0.08,8.1353000000000008E-10,-9.6034E-10,2.7335000000000004E-10,3.1932E-07,-3.1949999999999997E-07
-0.17,0.08,7.9143E-10,-9.2616E-10,2.5694000000000005E-10,3.1932E-07,-3.194E-07
-0.165,0.08,7.6142E-10,-8.7713E-10,2.3677E-10,3.1932E-07,-3.194E-07
-0.16,0.08,7.3762000000000009E-10,-8.354E-10,2.2173000000000002E-10,3.1938E-07,-3.1946E-07
-0.155,0.08,7.1782E-10,-7.9548E-10,2.0253000000000002E-10,3.1935999999999997E-07,-3.1946E-07
-0.15,0.08,6.9218000000000009E-10,-7.5689000000000006E-10,1.8797000000000002E-10,3.194E-07,-3.1948E-07
-0.14500000000000002,0.08,6.7111000000000007E-10,-7.1685000000000006E-10,1.6633E-10,3.193E-07,-3.1942E-07
-0.14,0.08,6.5422E-10,-6.8289E-10,1.5354000000000002E-10,3.1935999999999997E-07,-3.1948E-07
-0.135,0.08,6.4095E-10,-6.453E-10,1.3195000000000002E-10,3.193E-07,-3.1946E-07
-0.13,0.08,6.1754E-10,-6.1277E-10,1.1548000000000001E-10,3.1942E-07,-3.1942E-07
-0.125,0.08,6.0681E-10,-5.7891E-10,9.338E-11,3.1946E-07,-3.1946E-07
-0.12000000000000001,0.08,5.9995000000000008E-10,-5.4686E-10,7.587E-11,3.1948E-07,-3.1954E-07
-0.115,0.08,5.8612E-10,-5.1846000000000009E-10,5.277E-11,3.1944E-07,-3.1952E-07
-0.11,0.08,5.7908E-10,-4.8803E-10,2.782E-11,3.1942E-07,-3.1948E-07
-0.10500000000000001,0.08,5.8113E-10,-4.5924000000000006E-10,6.4900000000000008E-12,3.1938E-07,-3.1946E-07
-0.1,0.08,5.8321E-10,-4.3294000000000006E-10,-2.4860000000000002E-11,3.1942E-07,-3.1954E-07
-0.095,0.08,5.7926E-10,-4.0953000000000003E-10,-5.47E-11,3.1938E-07,-3.1948E-07
-0.090000000000000011,0.08,5.973E-10,-3.8009000000000003E-10,-9.0370000000000007E-11,3.1935999999999997E-07,-3.1944E-07
-0.085,0.08,6.1105000000000008E-10,-3.5799E-10,-1.2674000000000002E-10,3.1944E-07,-3.1948E-07
-0.08,0.08,6.282400000000001E-10,-3.3578E-10,-1.7442E-10,3.194E-07,-3.1952E-07
-0.075,0.08,6.5902000000000007E-10,-3.117E-10,-2.2368000000000002E-10,3.1938E-07,-3.1946E-07
-0.07,0.08,6.9877000000000006E-10,-2.9469000000000004E-10,-2.8159E-10,3.1942E-07,-3.1952E-07
-0.065,0.08,7.3432000000000011E-10,-2.7203000000000004E-10,-3.4935000000000004E-10,3.194E-07,-3.1948E-07
-0.060000000000000005,0.08,7.8983000000000005E-10,-2.5259E-10,-4.2876000000000003E-10,3.1944E-07,-3.1952E-07
-0.055,0.08,8.6779000000000006E-10,-2.3395E-10,-5.1691E-10,3.1938E-07,-3.1949999999999997E-07
-0.05,0.08,9.5640000000000013E-10,-2.1875000000000002E-10,-6.2489E-10,3.1938E-07,-3.1938E-07
-0.045000000000000005,0.08,1.0637900000000001E-09,-1.9984E-10,-7.4960000000000008E-10,3.1934E-07,-3.194E-07
-0.04,0.08,1.1901E-09,-1.8332000000000002E-10,-8.9452E-10,3.1935999999999997E-07,-3.1946E-07
-0.035,0.08,1.3469E-09,-1.6868E-10,-1.06029E-09,3.1938E-07,-3.1942E-07
-0.030000000000000002,0.08,1.5385E-09,-1.534E-10,-1.2681E-09,3.193E-07,-3.1935999999999997E-07
-0.025,0.08,1.7589E-09,-1.4159E-10,-1.4978E-09,3.1924E-07,-3.1946E-07
-0.02,0.08,2.0165E-09,-1.2643000000000002E-10,-1.7796E-09,3.1928E-07,-3.1942E-07
-0.015000000000000001,0.08,2.3385E-09,-1.1636000000000001E-10,-2.1087E-09,3.193E-07,-3.1938E-07
-0.01,0.08,2.7168E-09,-1.0122000000000001E-10,-2.4879E-09,3.1934E-07,-3.1942E-07
-0.005,0.08,3.167E-09,-9.253E-11,-2.9419E-09,3.1935999999999997E-07,-3.1948E-07
0,0.08,3.6585E-09,-8.36E-11,-3.513E-09,3.1938E-07,-3.1944E-07
0.005,0.08,4.3074E-09,-6.847000000000001E-11,-4.083E-09,3.1942E-07,-3.1948E-07
0.01,0.08,5.0899E-09,-5.944E-11,-4.8642E-09,3.1932E-07,-3.1946E-07
0.015000000000000001,0.08,5.9267E-09,-5.1190000000000006E-11,-5.7499E-09,3.1934E-07,-3.1944E-07
0.02,0.08,6.9554E-09,-4.443E-11,-6.8066E-09,3.194E-07,-3.1948E-07
0.025,0.08,8.1491E-09,-3.1440000000000003E-11,-8.0249E-09,3.1935999999999997E-07,-3.1946E-07
0.030000000000000002,0.08,9.6229E-09,-2.5370000000000002E-11,-9.4894E-09,3.1932E-07,-3.1942E-07
0.035,0.08,1.13351E-08,-1.89E-11,-1.1184E-08,3.1934E-07,-3.194E-07
0.04,0.08,1.34484E-08,-1.228E-11,-1.3286399999999999E-08,3.1942E-07,-3.1946E-07
0.045000000000000005,0.08,1.58098E-08,-5.7200000000000007E-12,-1.5710999999999998E-08,3.1935999999999997E-07,-3.1952E-07
0.05,0.08,1.87722E-08,1.0500000000000002E-12,-1.8570999999999998E-08,3.1944E-07,-3.1948E-07
0.055,0.08,2.2104199999999998E-08,1.2990000000000002E-11,-2.1921399999999997E-08,3.194E-07,-3.1948E-07
0.060000000000000005,0.08,2.6069199999999998E-08,1.5030000000000002E-11,-2.5966799999999996E-08,3.1934E-07,-3.1944E-07
0.065,0.08,3.0729E-08,2.1860000000000003E-11,-3.06456E-08,3.193E-07,-3.194E-07
0.07,0.08,3.63462E-08,3.132E-11,-3.61706E-08,3.1932E-07,-3.194E-07
0.075,0.08,4.2922199999999996E-08,3.719E-11,-4.2847399999999995E-08,3.1934E-07,-3.1948E-07
0.08,0.08,5.0686599999999994E-08,4.115E-11,-5.0585799999999996E-08,3.1938E-07,-3.1942E-07
0.085,0.08,5.99068E-08,4.77E-11,-5.9539799999999992E-08,3.1932E-07,-3.1948E-07
0.090000000000000011,0.08,7.0887199999999989E-08,5.623E-11,-7.0499999999999989E-08,3.1932E-07,-3.1934E-07
0.095,0.08,8.355659999999999E-08,6.311E-11,-8.3963599999999988E-08,3.1935999999999997E-07,-3.1935999999999997E-07
0.1,0.08,9.9520199999999991E-08,6.7890000000000011E-11,-9.8948399999999989E-08,3.1926E-07,-3.1935999999999997E-07
0.10500000000000001,0.08,1.1739999999999999E-07,7.1830000000000012E-11,-1.1607999999999999E-07,3.1928E-07,-3.1935999999999997E-07
0.11,0.08,1.3884E-07,8.211E-11,-1.3802E-07,3.1934E-07,-3.194E-07
0.115,0.08,1.6436E-07,8.205E-11,-1.6326E-07,3.1935999999999997E-07,-3.1946E-07
0.12000000000000001,0.08,1.9291999999999998E-07,9.472000000000001E-11,-1.944E-07,3.1938E-07,-3.1944E-07
0.125,0.08,2.2836E-07,1.0906000000000001E-10,-2.2823999999999998E-07,3.1935999999999997E-07,-3.1952E-07
0.13,0.08,2.7012E-07,9.7730000000000008E-11,-2.7204E-07,3.1935999999999997E-07,-3.1946E-07
0.135,0.08,3.2268E-07,1.2712000000000002E-10,-3.222E-07,3.194E-07,-3.1944E-07
0.14,0.08,3.797E-07,1.1544E-10,-3.7684E-07,3.1934E-07,-3.1946E-07
0.14500000000000002,0.08,4.4778E-07,1.35E-10,-4.475E-07,3.1932E-07,-3.1946E-07
0.15,0.08,5.2993999999999994E-07,1.3989000000000002E-10,-5.294E-07,3.1938E-07,-3.1942E-07
0.155,0.08,6.304E-07,1.4341E-10,-6.28E-07,3.1934E-07,-3.1942E-07
0.16,0.08,7.3918E-07,1.6523E-10,-7.4064E-07,3.1935999999999997E-07,-3.194E-07
0.165,0.08,8.7747999999999994E-07,1.6002E-10,-8.7836E-07,3.1928E-07,-3.1944E-07
0.17,0.08,1.03664E-06,1.8307000000000002E-10,-1.03538E-06,3.1942E-07,-3.1954E-07
0.17500000000000002,0.08,1.2286000000000002E-06,1.8525E-10,-1.216E-06,3.1942E-07,-3.1946E-07
0.18000000000000002,0.08,1.4422000000000001E-06,1.9739E-10,-1.4530000000000001E-06,3.1942E-07,-3.1942E-07
0.185,0.08,1.7099000000000001E-06,2.0947000000000003E-10,-1.7162000000000002E-06,3.1942E-07,-3.1946E-07
0.19,0.08,2.0294E-06,2.2869000000000001E-10,-2.0223E-06,3.1948E-07,-3.1954E-07
0.195,0.08,2.3963000000000002E-06,2.3433E-10,-2.3849000000000002E-06,3.1944E-07,-3.1948E-07
0.2,0.08,2.8217000000000004E-06,2.5025000000000004E-10,-2.8088E-06,3.1948E-07,-3.1952E-07
0.20500000000000002,0.08,3.3114E-06,2.6879E-10,-3.3301000000000005E-06,3.1938E-07,-3.1948E-07
0.21000000000000002,0.08,3.9277000000000005E-06,2.7652000000000004E-10,-3.9211000000000005E-06,3.1932E-07,-3.194E-07
0.215,0.08,4.6145000000000005E-06,3.0231E-10,-4.6232E-06,3.1944E-07,-3.1952E-07
0.22,0.08,5.4609000000000005E-06,3.1617E-10,-5.4316000000000006E-06,3.193E-07,-3.1942E-07
0.225,0.08,6.4155000000000007E-06,3.3135000000000005E-10,-6.3989000000000007E-06,3.1935999999999997E-07,-3.1935999999999997E-07
0.23,0.08,7.5465000000000005E-06,3.5719000000000004E-10,-7.5378000000000009E-06,3.1934E-07,-3.1948E-07
0.23500000000000001,0.08,8.8352000000000014E-06,3.7485000000000005E-10,-8.8674000000000009E-06,3.194E-07,-3.1942E-07
0.24000000000000002,0.08,1.03984E-05,3.9927E-10,-1.0415100000000001E-05,3.1935999999999997E-07,-3.1948E-07
0.24500000000000002,0.08,1.2268E-05,4.2493000000000005E-10,-1.2218E-05,3.1935999999999997E-07,-3.1944E-07
0.25,0.08,1.4296E-05,4.4776E-10,-1.4288000000000001E-05,3.1935999999999997E-07,-3.1952E-07
0.255,0.08,1.6736E-05,4.7602000000000008E-10,-1.6744E-05,3.1949999999999997E-07,-3.1949999999999997E-07
0.26,0.08,1.9664E-05,5.0969E-10,-1.9626E-05,3.1942E-07,-3.1954E-07
0.265,0.08,2.2946E-05,5.3206E-10,-2.2964000000000002E-05,3.1932E-07,-3.1948E-07
0.27,0.08,2.6822000000000002E-05,5.764600000000001E-10,-2.6794E-05,3.1934E-07,-3.1944E-07
0.275,0.08,3.1286E-05,6.0275E-10,-3.1286E-05,3.1938E-07,-3.1946E-07
0.28,0.08,3.6388000000000005E-05,6.4521000000000009E-10,-3.6304000000000003E-05,3.1932E-07,-3.194E-07
0.28500000000000003,0.08,4.2462E-05,6.8902000000000007E-10,-4.2388E-05,3.1949999999999997E-07,-3.1944E-07
0.29000000000000004,0.08,4.9196E-05,7.1908000000000006E-10,-4.9168E-05,3.1942E-07,-3.1949999999999997E-07
0.29500000000000004,0.08,5.7164000000000004E-05,7.7599E-10,-5.7308E-05,3.1944E-07,-3.1952E-07
0.3,0.08,6.6382E-05,8.145E-10,-6.634E-05,3.1938E-07,-3.1948E-07
0.305,0.08,7.71E-05,8.677100000000001E-10,-7.7088E-05,3.1942E-07,-3.1949999999999997E-07
0.31,0.08,8.957E-05,9.2455000000000008E-10,-8.9566E-05,3.1932E-07,-3.1949999999999997E-07
0.315,0.08,0.00010386400000000001,9.7455000000000011E-10,-0.00010378,3.1938E-07,-3.1942E-07
0.32,0.08,0.00012056000000000001,1.03292E-09,-0.00012008,3.1932E-07,-3.1946E-07
0.325,0.08,0.00013936000000000002,1.09356E-09,-0.00013912,3.1935999999999997E-07,-3.1944E-07
0.33,0.08,0.000161,1.1596E-09,-0.00016052000000000002,3.193E-07,-3.194E-07
0.335,0.08,0.00018592,1.2342E-09,-0.00018542000000000002,3.1932E-07,-3.194E-07
0.34,0.08,0.00021404,1.3018E-09,-0.0002135,3.1935999999999997E-07,-3.1948E-07
0.34500000000000003,0.08,0.00024602,1.3798E-09,-0.00024576000000000003,3.1928E-07,-3.1948E-07
0.35000000000000003,0.08,0.00028220000000000003,1.4607E-09,-0.00028184,3.1932E-07,-3.1942E-07
0.35500000000000004,0.08,0.00032358,1.5396E-09,-0.00032318,3.1932E-07,-3.194E-07
0.36000000000000004,0.08,0.00036946,1.6328E-09,-0.0003691,3.1935999999999997E-07,-3.1944E-07
0.365,0.08,0.00042124,1.7228E-09,-0.00042086,3.1932E-07,-3.1938E-07
0.37,0.08,0.00047826000000000005,1.818E-09,-0.0004782,3.1932E-07,-3.194E-07
0.375,0.08,0.00054292,1.9218E-09,-0.00054254,3.1938E-07,-3.194E-07
0.38,0.08,0.00061336000000000008,2.0224E-09,-0.00061312,3.193E-07,-3.1938E-07
0.385,0.08,0.00069186000000000009,2.1364E-09,-0.00069128000000000006,3.1926E-07,-3.1946E-07
0.39,0.08,0.00077638,2.2503E-09,-0.000776,3.193E-07,-3.1942E-07
0.395,0.08,0.00087116000000000006,2.3711E-09,-0.00086928,3.1934E-07,-3.194E-07
0.4,0.08,0.00097030000000000011,2.493E-09,-0.00097010000000000011,3.193E-07,-3.1938E-07
0.405,0.08,0.00108106,2.6281E-09,-0.00108024,3.1935999999999997E-07,-3.194E-07
0.41000000000000003,0.08,0.0011976,2.7653E-09,-0.001198,3.1934E-07,-3.1942E-07
0.41500000000000004,0.08,0.0013256000000000001,2.9103999999999998E-09,-0.0013254,3.1935999999999997E-07,-3.1946E-07
0.42000000000000004,0.08,0.0014604,3.0536E-09,-0.001459,3.1934E-07,-3.1942E-07
0.42500000000000004,0.08,0.0016048,3.2159E-09,-0.0016048,3.1932E-07,-3.1942E-07
0.43,0.08,0.0017554,3.3792E-09,-0.0017546,3.194E-07,-3.194E-07
0.435,0.08,0.001918,3.5443E-09,-0.0019176,3.1935999999999997E-07,-3.1942E-07
0.44,0.08,0.0020858,3.7399E-09,-0.0020842,3.193E-07,-3.1942E-07
0.445,0.08,0.0022628,3.9098E-09,-0.0022626,3.193E-07,-3.1944E-07
0.45,0.08,0.0024474,4.1022E-09,-0.0024442,3.1938E-07,-3.1946E-07
0.455,0.08,0.0026396,4.3115E-09,-0.0026378,3.1928E-07,-3.194E-07
0.46,0.08,0.0028380000000000002,4.5123E-09,-0.002835,3.1938E-07,-3.1952E-07
0.465,0.08,0.0030434,4.7396E-09,-0.0030422,3.1934E-07,-3.1949999999999997E-07
0.47000000000000003,0.08,0.0032526,4.9606E-09,-0.0032516,3.1934E-07,-3.1942E-07
0.47500000000000003,0.08,0.00347,5.2026E-09,-0.0034712000000000002,3.1938E-07,-3.1942E-07
0.48000000000000004,0.08,0.0036902000000000003,5.4536E-09,-0.0036884,3.194E-07,-3.1948E-07
0.48500000000000004,0.08,0.0039168,5.7119E-09,-0.0039172,3.1942E-07,-3.1946E-07
0.49000000000000005,0.08,0.0041468,5.9878E-09,-0.0041442,3.194E-07,-3.1948E-07
0.49500000000000005,0.08,0.0043806,6.2616999999999996E-09,-0.00438,3.1938E-07,-3.1948E-07
0.5,0.08,0.0046146,6.5575E-09,-0.0046156,3.1942E-07,-3.1952E-07
0.505,0.08,0.0048544,6.8688E-09,-0.0048554,3.194E-07,-3.1948E-07
0.51,0.08,0.0050942,7.1856E-09,-0.0050938,3.1942E-07,-3.1948E-07
0.515,0.08,0.0053382,7.5238E-09,-0.0053366,3.1944E-07,-3.1946E-07
0.52,0.08,0.005576,7.8654E-09,-0.0055756,3.1944E-07,-3.1954E-07
0.525,0.08,0.0058212,8.2315E-09,-0.0058214,3.1942E-07,-3.1949999999999997E-07
0.53,0.08,0.0060608,8.6173E-09,-0.0060622,3.1942E-07,-3.1952E-07
0.535,0.08,0.006302,8.9995E-09,-0.0063032,3.1942E-07,-3.1946E-07
0.54,0.08,0.0065426,9.397E-09,-0.0065436,3.1944E-07,-3.1952E-07
0.545,0.08,0.0067846,9.8174E-09,-0.0067838,3.1944E-07,-3.1949999999999997E-07
0.55,0.08,0.00702,1.02487E-08,-0.007019,3.194E-07,-3.1952E-07
0.555,0.08,0.007259,1.07241E-08,-0.0072572,3.1942E-07,-3.1952E-07
0.56,0.08,0.0074902,1.11884E-08,-0.0074898000000000004,3.1954E-07,-3.1949999999999997E-07
0.56500000000000006,0.08,0.007721,1.17288E-08,-0.0077218,3.1938E-07,-3.1952E-07
0.57000000000000006,0.08,0.0079486,1.2230999999999999E-08,-0.0079494,3.1944E-07,-3.1949999999999997E-07
0.57500000000000007,0.08,0.008178,1.2765599999999998E-08,-0.0081754,3.1938E-07,-3.1954E-07
0.58000000000000007,0.08,0.0083968,1.3313799999999998E-08,-0.0083952,3.194E-07,-3.1954E-07
0.58500000000000008,0.08,0.008615600000000001,1.39076E-08,-0.008616,3.1944E-07,-3.1952E-07
0.59000000000000008,0.08,0.0088306000000000009,1.4497199999999998E-08,-0.0088292,3.1942E-07,-3.1948E-07
0.595,0.08,0.0090428,1.5132999999999997E-08,-0.0090418000000000009,3.1946E-07,-3.1952E-07
0.6,0.08,0.0092506,1.57674E-08,-0.0092466,3.1942E-07,-3.1952E-07
0.605,0.08,0.009458600000000001,1.6458799999999998E-08,-0.009455400000000001,3.1948E-07,-3.1952E-07
0.61,0.08,0.0096554,1.7159599999999998E-08,-0.0096528,3.1942E-07,-3.1954E-07
0.615,0.08,0.009854400000000001,1.79048E-08,-0.0098522,3.1946E-07,-3.1958E-07
0.62,0.08,0.0100458,1.86374E-08,-0.0100422,3.1942E-07,-3.1948E-07
0.625,0.08,0.0102368,1.94216E-08,-0.0102342,3.1948E-07,-3.1954E-07
0.63,0.08,0.010418,2.0257199999999998E-08,-0.0104216,3.1942E-07,-3.1954E-07
0.635,0.08,0.0106026,2.11086E-08,-0.0105994,3.1948E-07,-3.196E-07
0.64,0.08,0.0107782,2.2010999999999998E-08,-0.0107768,3.1946E-07,-3.196E-07
0.645,0.08,0.0109538,2.29354E-08,-0.0109554,3.1948E-07,-3.1954E-07
0.65,0.08,0.0111222,2.3889799999999997E-08,-0.0111208,3.1944E-07,-3.1949999999999997E-07
0.655,0.08,0.011288600000000001,2.4911199999999998E-08,-0.0112874,3.1946E-07,-3.1956E-07
0.66,0.08,0.011454800000000001,2.5969799999999996E-08,-0.011451600000000001,3.1952E-07,-3.1958E-07
0.665,0.08,0.01165,2.70444E-08,-0.011618000000000002,3.1954E-07,-3.1958E-07
0.67,0.08,0.011804,2.8221E-08,-0.011772000000000001,3.1952E-07,-3.1958E-07
0.675,0.08,0.011954000000000001,2.9407999999999998E-08,-0.011924,3.1956E-07,-3.1958E-07
0.68,0.08,0.012106,3.0625E-08,-0.012072000000000001,3.1949999999999997E-07,-3.196E-07
0.685,0.08,0.01225,3.1934999999999994E-08,-0.012220000000000002,3.1949999999999997E-07,-3.1954E-07
0.69000000000000006,0.08,0.012394,3.3274799999999994E-08,-0.012362000000000002,3.1942E-07,-3.1958E-07
0.69500000000000006,0.08,0.012532000000000002,3.46902E-08,-0.0125,3.1949999999999997E-07,-3.1956E-07
0.70000000000000007,0.08,0.012666000000000002,3.61472E-08,-0.012636000000000001,3.1942E-07,-3.1949999999999997E-07
0.70500000000000007,0.08,0.012798,3.7682E-08,-0.012768000000000002,3.1942E-07,-3.1952E-07
0.71000000000000008,0.08,0.012928000000000002,3.92964E-08,-0.012898000000000002,3.1954E-07,-3.1956E-07
0.71500000000000008,0.08,0.013052000000000001,4.09872E-08,-0.01302,3.1944E-07,-3.1963999999999997E-07
0.72000000000000008,0.08,0.013176000000000002,4.2718E-08,-0.013144000000000001,3.1949999999999997E-07,-3.1954E-07
0.72500000000000009,0.08,0.013294000000000002,4.4536199999999994E-08,-0.013266000000000002,3.1954E-07,-3.1958E-07
0.73,0.08,0.013416,4.64476E-08,-0.013382000000000002,3.1958E-07,-3.197E-07
0.735,0.08,0.01353,4.8438599999999993E-08,-0.013498000000000001,3.1954E-07,-3.1972E-07
0.74,0.08,0.013644000000000002,5.0539399999999995E-08,-0.013606000000000002,3.1956E-07,-3.1966E-07
0.745,0.08,0.013748000000000002,5.2710999999999995E-08,-0.013720000000000001,3.1966E-07,-3.197E-07
0.75,0.08,0.013858,5.4979599999999992E-08,-0.013824000000000001,3.1956E-07,-3.197E-07
0.755,0.08,0.013964,5.73486E-08,-0.013928000000000001,3.1966E-07,-3.1974E-07
0.76,0.08,0.014062000000000002,5.985819999999999E-08,-0.014036000000000002,3.1962E-07,-3.1966E-07
0.765,0.08,0.014162000000000001,6.24594E-08,-0.014132,3.1956E-07,-3.1966E-07
0.77,0.08,0.014260000000000002,6.5208E-08,-0.014234000000000002,3.1958E-07,-3.1966E-07
0.775,0.08,0.014354,6.80342E-08,-0.014322000000000001,3.1956E-07,-3.197E-07
0.78,0.08,0.014450000000000001,7.10376E-08,-0.014410000000000001,3.1966E-07,-3.1968E-07
0.785,0.08,0.014534000000000002,7.41756E-08,-0.014506000000000002,3.1963999999999997E-07,-3.1966E-07
0.79,0.08,0.014624000000000002,7.7475799999999988E-08,-0.014592,3.1963999999999997E-07,-3.197E-07
0.795,0.08,0.014716000000000002,8.08832E-08,-0.014682,3.197E-07,-3.1976E-07
0.8,0.08,0.014794000000000002,8.4424799999999992E-08,-0.014770000000000002,3.196E-07,-3.197E-07
0.805,0.08,0.014878,8.82734E-08,-0.014850000000000002,3.1966E-07,-3.197E-07
0.81,0.08,0.014958,9.2203799999999986E-08,-0.014928000000000002,3.1963999999999997E-07,-3.197E-07
0.81500000000000006,0.08,0.015038000000000001,9.64104E-08,-0.015008,3.1966E-07,-3.197E-07
0.82000000000000006,0.08,0.015116000000000001,1.0073999999999999E-07,-0.015084000000000002,3.1962E-07,-3.1966E-07
0.82500000000000007,0.08,0.015190000000000002,1.0536199999999999E-07,-0.015160000000000002,3.1949999999999997E-07,-3.1963999999999997E-07
0.83000000000000007,0.08,0.015266000000000002,1.101386E-07,-0.015234000000000001,3.1962E-07,-3.196E-07
0.83500000000000008,0.08,0.015334000000000002,1.153E-07,-0.015300000000000001,3.1954E-07,-3.1962E-07
0.84000000000000008,0.08,0.015404000000000001,1.2043999999999999E-07,-0.015374,3.1958E-07,-3.196E-07
0.84500000000000008,0.08,0.015476000000000002,1.2614E-07,-0.015444000000000001,3.1956E-07,-3.1966E-07
0.85000000000000009,0.08,0.015540000000000002,1.3192E-07,-0.015516000000000002,3.1963999999999997E-07,-3.1972E-07
0.85500000000000009,0.08,0.015612000000000001,1.381E-07,-0.015578000000000002,3.1949999999999997E-07,-3.196E-07
0.86,0.08,0.015674,1.4448E-07,-0.015642,3.1954E-07,-3.1966E-07
0.865,0.08,0.015736,1.5128E-07,-0.015704000000000003,3.1954E-07,-3.196E-07
0.87,0.08,0.015796,1.5834E-07,-0.015766000000000002,3.1958E-07,-3.1962E-07
0.875,0.08,0.015852,1.6594E-07,-0.015828000000000002,3.1954E-07,-3.1963999999999997E-07
0.88,0.08,0.015914,1.737E-07,-0.015882,3.1958E-07,-3.1963999999999997E-07
0.885,0.08,0.015972,1.8206E-07,-0.015942,3.1956E-07,-3.1966E-07
0.89,0.08,0.016026000000000002,1.9066E-07,-0.015998000000000002,3.1949999999999997E-07,-3.197E-07
0.895,0.08,0.016084,1.9992E-07,-0.016050000000000002,3.1956E-07,-3.1963999999999997E-07
0.9,0.08,0.01614,2.0946E-07,-0.016108,3.196E-07,-3.1972E-07
-0.3,0.090000000000000011,1.9491E-09,-2.7393E-09,9.148500000000001E-10,3.1942E-07,-3.1954E-07
-0.29500000000000004,0.090000000000000011,1.8883E-09,-2.6469E-09,8.7588000000000008E-10,3.1938E-07,-3.1954E-07
-0.29000000000000004,0.090000000000000011,1.832E-09,-2.5581E-09,8.4406000000000008E-10,3.1948E-07,-3.1954E-07
-0.28500000000000003,0.090000000000000011,1.7827E-09,-2.4707E-09,8.1187000000000011E-10,3.1948E-07,-3.1958E-07
-0.28,0.090000000000000011,1.7288E-09,-2.3795E-09,7.7926000000000006E-10,3.1942E-07,-3.1952E-07
-0.275,0.090000000000000011,1.6766E-09,-2.3022E-09,7.4572000000000009E-10,3.194E-07,-3.1946E-07
-0.27,0.090000000000000011,1.6309E-09,-2.2206E-09,7.1842000000000009E-10,3.1938E-07,-3.1948E-07
-0.265,0.090000000000000011,1.5816E-09,-2.1365E-09,6.8631000000000008E-10,3.1935999999999997E-07,-3.1944E-07
-0.26,0.090000000000000011,1.5343E-09,-2.0635E-09,6.5835E-10,3.1938E-07,-3.1946E-07
-0.255,0.090000000000000011,1.4878E-09,-1.9891E-09,6.3085E-10,3.1935999999999997E-07,-3.1948E-07
-0.25,0.090000000000000011,1.4477E-09,-1.9094E-09,6.0231000000000006E-10,3.1938E-07,-3.1946E-07
-0.24500000000000002,0.090000000000000011,1.398E-09,-1.8424E-09,5.7822E-10,3.1932E-07,-3.1949999999999997E-07
-0.24000000000000002,0.090000000000000011,1.3542E-09,-1.7735E-09,5.4915E-10,3.1935999999999997E-07,-3.1948E-07
-0.23500000000000001,0.090000000000000011,1.3156E-09,-1.7069E-09,5.2813E-10,3.1932E-07,-3.1944E-07
-0.23,0.090000000000000011,1.2706E-09,-1.6349E-09,4.9891000000000009E-10,3.1935999999999997E-07,-3.194E-07
-0.225,0.090000000000000011,1.2324E-09,-1.5796E-09,4.7896000000000007E-10,3.1932E-07,-3.194E-07
-0.22,0.090000000000000011,1.1976E-09,-1.5116E-09,4.5376000000000004E-10,3.1938E-07,-3.1946E-07
-0.215,0.090000000000000011,1.1535E-09,-1.452E-09,4.3279E-10,3.1942E-07,-3.1944E-07
-0.21000000000000002,0.090000000000000011,1.1175E-09,-1.3932E-09,4.0886E-10,3.1935999999999997E-07,-3.1946E-07
-0.20500000000000002,0.090000000000000011,1.0864E-09,-1.3381E-09,3.9209000000000004E-10,3.1944E-07,-3.1948E-07
-0.2,0.090000000000000011,1.0452E-09,-1.2774E-09,3.7013000000000004E-10,3.1938E-07,-3.1946E-07
-0.195,0.090000000000000011,1.0118E-09,-1.223E-09,3.4555E-10,3.1932E-07,-3.1946E-07
-0.19,0.090000000000000011,9.8087000000000015E-10,-1.1664E-09,3.2513000000000004E-10,3.1938E-07,-3.1952E-07
-0.185,0.090000000000000011,9.5202E-10,-1.1253E-09,3.068E-10,3.1942E-07,-3.1948E-07
-0.18000000000000002,0.090000000000000011,9.2438000000000007E-10,-1.082E-09,2.8880000000000003E-10,3.1944E-07,-3.1948E-07
-0.17500000000000002,0.090000000000000011,8.9471000000000011E-10,-1.0364E-09,2.7337E-10,3.1938E-07,-3.1948E-07
-0.17,0.090000000000000011,8.5912E-10,-9.6908000000000013E-10,2.6235000000000003E-10,3.1926E-07,-3.1948E-07
-0.165,0.090000000000000011,8.2408000000000012E-10,-9.1810000000000007E-10,2.3446000000000004E-10,3.1932E-07,-3.1944E-07
-0.16,0.090000000000000011,8.1592000000000011E-10,-9.0449E-10,2.2124000000000003E-10,3.1938E-07,-3.1949999999999997E-07
-0.155,0.090000000000000011,7.794E-10,-8.467500000000001E-10,2.1061E-10,3.194E-07,-3.1952E-07
-0.15,0.090000000000000011,7.4059E-10,-8.0351E-10,1.7563000000000002E-10,3.1932E-07,-3.1944E-07
-0.14500000000000002,0.090000000000000011,7.5225000000000006E-10,-7.8163E-10,1.7378000000000002E-10,3.1935999999999997E-07,-3.1944E-07
-0.14,0.090000000000000011,7.104E-10,-7.1885000000000006E-10,1.4792000000000002E-10,3.1935999999999997E-07,-3.1956E-07
-0.135,0.090000000000000011,6.8620000000000007E-10,-6.9384000000000006E-10,1.1784E-10,3.194E-07,-3.1948E-07
-0.13,0.090000000000000011,6.7840000000000006E-10,-6.8726000000000006E-10,1.1789000000000002E-10,3.1935999999999997E-07,-3.194E-07
-0.125,0.090000000000000011,6.725E-10,-6.2786E-10,1.0027E-10,3.1935999999999997E-07,-3.1956E-07
-0.12000000000000001,0.090000000000000011,6.3281E-10,-5.8134000000000008E-10,6.404E-11,3.193E-07,-3.1944E-07
-0.115,0.090000000000000011,6.5917E-10,-5.6974E-10,5.0700000000000003E-11,3.1948E-07,-3.1952E-07
-0.11,0.090000000000000011,6.4215E-10,-5.1016E-10,3.8070000000000004E-11,3.1942E-07,-3.1962E-07
-0.10500000000000001,0.090000000000000011,6.2307E-10,-4.8539E-10,-7.55E-12,3.1938E-07,-3.1948E-07
-0.1,0.090000000000000011,6.3764000000000009E-10,-4.8061000000000006E-10,-1.93E-11,3.1934E-07,-3.1942E-07
-0.095,0.090000000000000011,6.3594000000000008E-10,-4.3198000000000004E-10,-5.7960000000000006E-11,3.1938E-07,-3.1962E-07
-0.090000000000000011,0.090000000000000011,6.4235000000000006E-10,-4.1590000000000003E-10,-9.4080000000000013E-11,3.1934E-07,-3.1949999999999997E-07
-0.085,0.090000000000000011,6.5797000000000006E-10,-4.0607E-10,-1.2777000000000002E-10,3.1934E-07,-3.1935999999999997E-07
-0.08,0.090000000000000011,6.8654000000000009E-10,-3.5541E-10,-1.7955000000000002E-10,3.1942E-07,-3.1946E-07
-0.075,0.090000000000000011,7.0666E-10,-3.4536000000000004E-10,-2.2036000000000003E-10,3.193E-07,-3.1948E-07
-0.07,0.090000000000000011,7.4074000000000007E-10,-3.2113E-10,-2.9064000000000004E-10,3.1934E-07,-3.1942E-07
-0.065,0.090000000000000011,7.9929E-10,-2.9394E-10,-3.5560000000000004E-10,3.1938E-07,-3.1952E-07
-0.060000000000000005,0.090000000000000011,8.5157000000000009E-10,-2.8265E-10,-4.3276E-10,3.1938E-07,-3.1946E-07
-0.055,0.090000000000000011,9.2121000000000007E-10,-2.5837E-10,-5.2563000000000008E-10,3.1932E-07,-3.1944E-07
-0.05,0.090000000000000011,1.01584E-09,-2.3993E-10,-6.3017E-10,3.1946E-07,-3.1942E-07
-0.045000000000000005,0.090000000000000011,1.11294E-09,-2.2567E-10,-7.581000000000001E-10,3.1932E-07,-3.1942E-07
-0.04,0.090000000000000011,1.2511E-09,-2.0789000000000002E-10,-9.0770000000000008E-10,3.1935999999999997E-07,-3.1954E-07
-0.035,0.090000000000000011,1.4102E-09,-1.9254000000000001E-10,-1.0753900000000002E-09,3.1934E-07,-3.1948E-07
-0.030000000000000002,0.090000000000000011,1.5981E-09,-1.7525000000000002E-10,-1.2839E-09,3.1932E-07,-3.1946E-07
-0.025,0.090000000000000011,1.8205E-09,-1.5538E-10,-1.5241E-09,3.1932E-07,-3.1942E-07
-0.02,0.090000000000000011,2.0843E-09,-1.4844E-10,-1.8035E-09,3.1935999999999997E-07,-3.1942E-07
-0.015000000000000001,0.090000000000000011,2.3997E-09,-1.2982E-10,-2.1279E-09,3.1935999999999997E-07,-3.1946E-07
-0.01,0.090000000000000011,2.7953E-09,-1.1763E-10,-2.5228E-09,3.1932E-07,-3.1944E-07
-0.005,0.090000000000000011,3.2495E-09,-1.1157000000000001E-10,-2.9796E-09,3.1928E-07,-3.1942E-07
0,0.090000000000000011,3.7531E-09,-9.3210000000000007E-11,-3.5347E-09,3.1935999999999997E-07,-3.1942E-07
0.005,0.090000000000000011,4.3829E-09,-8.2620000000000008E-11,-4.165E-09,3.1932E-07,-3.1942E-07
0.01,0.090000000000000011,5.1441E-09,-7.8780000000000011E-11,-4.9307E-09,3.1938E-07,-3.1949999999999997E-07
0.015000000000000001,0.090000000000000011,6.0021E-09,-6.4360000000000011E-11,-5.806E-09,3.1932E-07,-3.1946E-07
0.02,0.090000000000000011,7.0859E-09,-4.8520000000000004E-11,-6.9207E-09,3.1932E-07,-3.1938E-07
0.025,0.090000000000000011,8.3336E-09,-5.0860000000000006E-11,-8.12E-09,3.1935999999999997E-07,-3.1944E-07
0.030000000000000002,0.090000000000000011,9.7987E-09,-3.557E-11,-9.6249E-09,3.1935999999999997E-07,-3.194E-07
0.035,0.090000000000000011,1.15854E-08,-2.768E-11,-1.1392E-08,3.194E-07,-3.1954E-07
0.04,0.090000000000000011,1.3679599999999999E-08,-2.6760000000000003E-11,-1.3487999999999998E-08,3.193E-07,-3.1942E-07
0.045000000000000005,0.090000000000000011,1.6110999999999998E-08,-2.012E-11,-1.5893E-08,3.1934E-07,-3.1948E-07
0.05,0.090000000000000011,1.9040199999999998E-08,-1.93E-12,-1.8921799999999998E-08,3.1935999999999997E-07,-3.1949999999999997E-07
0.055,0.090000000000000011,2.2549999999999997E-08,5.2200000000000008E-12,-2.23808E-08,3.1948E-07,-3.1954E-07
0.060000000000000005,0.090000000000000011,2.6622399999999997E-08,2.85E-12,-2.6582999999999997E-08,3.1942E-07,-3.1949999999999997E-07
0.065,0.090000000000000011,3.1525399999999995E-08,1.3030000000000001E-11,-3.13998E-08,3.1942E-07,-3.1954E-07
0.07,0.090000000000000011,3.7141599999999994E-08,2.942E-11,-3.7006999999999995E-08,3.1938E-07,-3.1949999999999997E-07
0.075,0.090000000000000011,4.3903399999999995E-08,3.1700000000000004E-11,-4.4004399999999997E-08,3.1938E-07,-3.1956E-07
0.08,0.090000000000000011,5.20764E-08,3.405E-11,-5.1891999999999992E-08,3.1944E-07,-3.1958E-07
0.085,0.090000000000000011,6.15496E-08,4.7470000000000005E-11,-6.1465799999999992E-08,3.1944E-07,-3.1956E-07
0.090000000000000011,0.090000000000000011,7.2442E-08,5.2960000000000004E-11,-7.2645999999999988E-08,3.1942E-07,-3.1948E-07
0.095,0.090000000000000011,8.6034999999999989E-08,4.4780000000000006E-11,-8.57906E-08,3.1938E-07,-3.1954E-07
0.1,0.090000000000000011,1.0164999999999999E-07,5.6500000000000005E-11,-1.013956E-07,3.1942E-07,-3.1949999999999997E-07
0.10500000000000001,0.090000000000000011,1.2028E-07,7.196E-11,-1.2012E-07,3.1938E-07,-3.1949999999999997E-07
0.11,0.090000000000000011,1.4256E-07,7.51E-11,-1.4084E-07,3.1935999999999997E-07,-3.1944E-07
0.115,0.090000000000000011,1.6892E-07,7.849E-11,-1.6774E-07,3.1932E-07,-3.1948E-07
0.12000000000000001,0.090000000000000011,1.9824E-07,9.3840000000000009E-11,-1.9886E-07,3.1938E-07,-3.1942E-07
0.125,0.090000000000000011,2.3406E-07,8.765E-11,-2.3584E-07,3.1932E-07,-3.1946E-07
0.13,0.090000000000000011,2.771E-07,1.0396000000000001E-10,-2.7924E-07,3.1938E-07,-3.1952E-07
0.135,0.090000000000000011,3.3002E-07,1.1595000000000001E-10,-3.2832E-07,3.1935999999999997E-07,-3.194E-07
0.14,0.090000000000000011,3.876E-07,1.1511E-10,-3.8719999999999997E-07,3.1935999999999997E-07,-3.1944E-07
0.14500000000000002,0.090000000000000011,4.6004E-07,1.3118E-10,-4.5686E-07,3.1935999999999997E-07,-3.1946E-07
0.15,0.090000000000000011,5.4574E-07,1.3102E-10,-5.4342E-07,3.1924E-07,-3.1942E-07
0.155,0.090000000000000011,6.4497999999999994E-07,1.3918E-10,-6.4228E-07,3.193E-07,-3.1946E-07
0.16,0.090000000000000011,7.5508E-07,1.5715000000000002E-10,-7.572E-07,3.1932E-07,-3.1942E-07
0.165,0.090000000000000011,9.0406E-07,1.5654E-10,-8.9602E-07,3.193E-07,-3.1946E-07
0.17,0.090000000000000011,1.06124E-06,1.7537E-10,-1.06384E-06,3.1935999999999997E-07,-3.1948E-07
0.17500000000000002,0.090000000000000011,1.2641E-06,1.7832E-10,-1.2542000000000002E-06,3.1942E-07,-3.1952E-07
0.18000000000000002,0.090000000000000011,1.4834E-06,1.9314000000000002E-10,-1.4868E-06,3.1932E-07,-3.1946E-07
0.185,0.090000000000000011,1.7436000000000001E-06,2E-10,-1.7434000000000001E-06,3.1938E-07,-3.194E-07
0.19,0.090000000000000011,2.0683E-06,2.1758E-10,-2.0679E-06,3.194E-07,-3.1952E-07
0.195,0.090000000000000011,2.426E-06,2.2572000000000002E-10,-2.4329000000000005E-06,3.1935999999999997E-07,-3.1944E-07
0.2,0.090000000000000011,2.8684000000000004E-06,2.431E-10,-2.8593000000000003E-06,3.1938E-07,-3.1949999999999997E-07
0.20500000000000002,0.090000000000000011,3.3743000000000005E-06,2.569E-10,-3.3811000000000005E-06,3.1935999999999997E-07,-3.1948E-07
0.21000000000000002,0.090000000000000011,4.0015000000000006E-06,2.7097E-10,-3.9718000000000007E-06,3.1932E-07,-3.1946E-07
0.215,0.090000000000000011,4.6787000000000006E-06,2.8892E-10,-4.7002E-06,3.1938E-07,-3.1952E-07
0.22,0.090000000000000011,5.5706000000000005E-06,3.0355E-10,-5.5143000000000007E-06,3.1934E-07,-3.1946E-07
0.225,0.090000000000000011,6.5136000000000006E-06,3.2649000000000003E-10,-6.4749000000000005E-06,3.193E-07,-3.1942E-07
0.23,0.090000000000000011,7.644E-06,3.4012E-10,-7.6527E-06,3.1938E-07,-3.1948E-07
0.23500000000000001,0.090000000000000011,9.0133E-06,3.6330000000000003E-10,-8.9979E-06,3.1934E-07,-3.1946E-07
0.24000000000000002,0.090000000000000011,1.05446E-05,3.8579E-10,-1.0616100000000002E-05,3.1935999999999997E-07,-3.1942E-07
0.24500000000000002,0.090000000000000011,1.2362000000000001E-05,4.1018E-10,-1.2406000000000001E-05,3.1935999999999997E-07,-3.1946E-07
0.25,0.090000000000000011,1.4498E-05,4.3530000000000004E-10,-1.4512000000000001E-05,3.1942E-07,-3.1948E-07
0.255,0.090000000000000011,1.6972E-05,4.6160000000000004E-10,-1.7056E-05,3.1934E-07,-3.1948E-07
0.26,0.090000000000000011,1.9932E-05,4.9319E-10,-1.9864E-05,3.1935999999999997E-07,-3.1948E-07
0.265,0.090000000000000011,2.3266E-05,5.2045E-10,-2.3322E-05,3.1935999999999997E-07,-3.1949999999999997E-07
0.27,0.090000000000000011,2.7218000000000003E-05,5.5769000000000007E-10,-2.7190000000000002E-05,3.1935999999999997E-07,-3.1944E-07
0.275,0.090000000000000011,3.1742E-05,5.8594E-10,-3.1724E-05,3.1932E-07,-3.1946E-07
0.28,0.090000000000000011,3.7016E-05,6.2628E-10,-3.6994E-05,3.1932E-07,-3.1942E-07
0.28500000000000003,0.090000000000000011,4.3134000000000004E-05,6.6624000000000007E-10,-4.3156000000000005E-05,3.1932E-07,-3.1944E-07
0.29000000000000004,0.090000000000000011,5.0066000000000005E-05,7.0396E-10,-5.0116E-05,3.1935999999999997E-07,-3.1952E-07
0.29500000000000004,0.090000000000000011,5.8436E-05,7.5185E-10,-5.8368E-05,3.194E-07,-3.1952E-07
0.3,0.090000000000000011,6.774E-05,7.9425E-10,-6.7744000000000007E-05,3.194E-07,-3.1946E-07
0.305,0.090000000000000011,7.8778E-05,8.4416000000000011E-10,-7.8798E-05,3.1928E-07,-3.1949999999999997E-07
0.31,0.090000000000000011,9.137E-05,8.9669E-10,-9.1288E-05,3.1938E-07,-3.1954E-07
0.315,0.090000000000000011,0.000106,9.4853E-10,-0.00010600400000000001,3.1932E-07,-3.1948E-07
0.32,0.090000000000000011,0.00012306,1.0053E-09,-0.00012264,3.1932E-07,-3.1948E-07
0.325,0.090000000000000011,0.00014250000000000002,1.07046E-09,-0.00014204000000000002,3.1932E-07,-3.194E-07
0.33,0.090000000000000011,0.00016462,1.1331E-09,-0.00016416,3.1935999999999997E-07,-3.1946E-07
0.335,0.090000000000000011,0.00019018,1.1998E-09,-0.0001897,3.1935999999999997E-07,-3.1946E-07
0.34,0.090000000000000011,0.00021886,1.2702E-09,-0.00021848,3.1938E-07,-3.1942E-07
0.34500000000000003,0.090000000000000011,0.0002522,1.3477E-09,-0.00025174,3.1938E-07,-3.1952E-07
0.35000000000000003,0.090000000000000011,0.00028942000000000003,1.4249E-09,-0.00028902,3.194E-07,-3.1944E-07
0.35500000000000004,0.090000000000000011,0.00033196,1.5028E-09,-0.00033152,3.1935999999999997E-07,-3.194E-07
0.36000000000000004,0.090000000000000011,0.00037904000000000003,1.5894E-09,-0.00037866,3.1934E-07,-3.1948E-07
0.365,0.090000000000000011,0.0004332,1.6788E-09,-0.00043238,3.1932E-07,-3.1946E-07
0.37,0.090000000000000011,0.0004924,1.7711E-09,-0.00049154,3.1938E-07,-3.194E-07
0.375,0.090000000000000011,0.0005588,1.8775E-09,-0.00055842,3.1935999999999997E-07,-3.1946E-07
0.38,0.090000000000000011,0.00063152,1.9693E-09,-0.00063144,3.1932E-07,-3.1942E-07
0.385,0.090000000000000011,0.00071294,2.083E-09,-0.00071246,3.1944E-07,-3.1946E-07
0.39,0.090000000000000011,0.0008011,2.1913E-09,-0.00080124,3.194E-07,-3.1946E-07
0.395,0.090000000000000011,0.00089940000000000007,2.3042E-09,-0.00089846,3.193E-07,-3.1944E-07
0.4,0.090000000000000011,0.00100398,2.4326E-09,-0.00100318,3.1938E-07,-3.1952E-07
0.405,0.090000000000000011,0.00111906,2.5546E-09,-0.00111882,3.1946E-07,-3.1948E-07
0.41000000000000003,0.090000000000000011,0.0012418,2.6838E-09,-0.0012414,3.1938E-07,-3.1949999999999997E-07
0.41500000000000004,0.090000000000000011,0.0013758,2.824E-09,-0.0013756,3.1938E-07,-3.1956E-07
0.42000000000000004,0.090000000000000011,0.0015172,2.973E-09,-0.0015162,3.1942E-07,-3.1948E-07
0.42500000000000004,0.090000000000000011,0.0016704,3.1137E-09,-0.0016690000000000001,3.1932E-07,-3.1946E-07
0.43,0.090000000000000011,0.0018302000000000001,3.2793E-09,-0.0018284,3.1942E-07,-3.1954E-07
0.435,0.090000000000000011,0.0020012,3.4435E-09,-0.0020006,3.1942E-07,-3.1948E-07
0.44,0.090000000000000011,0.002179,3.6076E-09,-0.0021784,3.1932E-07,-3.1944E-07
0.445,0.090000000000000011,0.0023694000000000002,3.7942E-09,-0.0023678,3.1938E-07,-3.1948E-07
0.45,0.090000000000000011,0.0025654000000000002,3.9708E-09,-0.0025636,3.1938E-07,-3.1948E-07
0.455,0.090000000000000011,0.0027714000000000003,4.1648E-09,-0.0027706000000000002,3.1942E-07,-3.1952E-07
0.46,0.090000000000000011,0.0029820000000000003,4.3708E-09,-0.0029826,3.1944E-07,-3.1954E-07
0.465,0.090000000000000011,0.0032054,4.5741E-09,-0.0032052,3.1935999999999997E-07,-3.1948E-07
0.47000000000000003,0.090000000000000011,0.0034302,4.7968E-09,-0.0034302,3.194E-07,-3.1958E-07
0.47500000000000003,0.090000000000000011,0.0036680000000000003,5.0306E-09,-0.0036678,3.1938E-07,-3.1946E-07
0.48000000000000004,0.090000000000000011,0.0039052,5.2517E-09,-0.0039046000000000003,3.194E-07,-3.1949999999999997E-07
0.48500000000000004,0.090000000000000011,0.0041548,5.5129E-09,-0.0041528,3.1938E-07,-3.1952E-07
0.49000000000000005,0.090000000000000011,0.004403,5.7677E-09,-0.0044034,3.1942E-07,-3.1949999999999997E-07
0.49500000000000005,0.090000000000000011,0.0046596,6.0418E-09,-0.0046598,3.1942E-07,-3.1948E-07
0.5,0.090000000000000011,0.0049184,6.3275E-09,-0.004917,3.1944E-07,-3.1954E-07
0.505,0.090000000000000011,0.0051816,6.6081E-09,-0.0051828,3.1944E-07,-3.1949999999999997E-07
0.51,0.090000000000000011,0.0054454,6.9146E-09,-0.0054444,3.194E-07,-3.1958E-07
0.515,0.090000000000000011,0.0057142,7.2349E-09,-0.005712,3.1946E-07,-3.1954E-07
0.52,0.090000000000000011,0.0059786,7.5626E-09,-0.0059804,3.1944E-07,-3.1956E-07
0.525,0.090000000000000011,0.0062514,7.9113E-09,-0.0062522,3.1948E-07,-3.1958E-07
0.53,0.090000000000000011,0.0065194,8.2562E-09,-0.0065204,3.1949999999999997E-07,-3.1963999999999997E-07
0.535,0.090000000000000011,0.0067938,8.6377E-09,-0.0067914,3.1944E-07,-3.1954E-07
0.54,0.090000000000000011,0.0070602,9.0139E-09,-0.0070604000000000005,3.1944E-07,-3.1962E-07
0.545,0.090000000000000011,0.0073306000000000005,9.438E-09,-0.0073306000000000005,3.1944E-07,-3.1958E-07
0.55,0.090000000000000011,0.0075956,9.8419E-09,-0.0075974,3.1949999999999997E-07,-3.196E-07
0.555,0.090000000000000011,0.0078638,1.02724E-08,-0.0078606,3.1948E-07,-3.196E-07
0.56,0.090000000000000011,0.0081248,1.07289E-08,-0.0081244,3.1946E-07,-3.1958E-07
0.56500000000000006,0.090000000000000011,0.0083882,1.12014E-08,-0.0083856,3.1949999999999997E-07,-3.1958E-07
0.57000000000000006,0.090000000000000011,0.008647,1.1708199999999999E-08,-0.0086438,3.1948E-07,-3.1968E-07
0.57500000000000007,0.090000000000000011,0.0089034,1.2239799999999998E-08,-0.0089026,3.1949999999999997E-07,-3.1958E-07
0.58000000000000007,0.090000000000000011,0.0091538,1.2754999999999999E-08,-0.0091536,3.1948E-07,-3.196E-07
0.58500000000000008,0.090000000000000011,0.0094038,1.33088E-08,-0.0094040000000000009,3.1949999999999997E-07,-3.1966E-07
0.59000000000000008,0.090000000000000011,0.0096470000000000011,1.38726E-08,-0.0096444000000000009,3.1949999999999997E-07,-3.196E-07
0.595,0.090000000000000011,0.0098898,1.4470199999999999E-08,-0.0098888,3.1948E-07,-3.196E-07
0.6,0.090000000000000011,0.010127800000000001,1.50822E-08,-0.0101262,3.1956E-07,-3.1962E-07
0.605,0.090000000000000011,0.010361800000000001,1.57522E-08,-0.010361200000000001,3.1948E-07,-3.1958E-07
0.61,0.090000000000000011,0.0105886,1.6421399999999997E-08,-0.0105884,3.1944E-07,-3.1958E-07
0.615,0.090000000000000011,0.0108188,1.7103599999999997E-08,-0.010815400000000001,3.1948E-07,-3.1952E-07
0.62,0.090000000000000011,0.0110372,1.78234E-08,-0.0110382,3.1948E-07,-3.1958E-07
0.625,0.090000000000000011,0.0112548,1.8584999999999997E-08,-0.011255,3.1948E-07,-3.196E-07
0.63,0.090000000000000011,0.0114692,1.9366199999999997E-08,-0.0114672,3.1952E-07,-3.1963999999999997E-07
0.635,0.090000000000000011,0.011718000000000001,2.0188599999999998E-08,-0.011686,3.1954E-07,-3.1962E-07
0.64,0.090000000000000011,0.011920000000000002,2.1044999999999998E-08,-0.011888000000000001,3.1954E-07,-3.196E-07
0.645,0.090000000000000011,0.012122,2.1942999999999997E-08,-0.012090000000000002,3.1956E-07,-3.1963999999999997E-07
0.65,0.090000000000000011,0.012316,2.2864599999999998E-08,-0.012284000000000002,3.1954E-07,-3.1963999999999997E-07
0.655,0.090000000000000011,0.012506000000000002,2.3809999999999996E-08,-0.012474,3.1952E-07,-3.1962E-07
0.66,0.090000000000000011,0.012698000000000001,2.4816399999999997E-08,-0.012664000000000002,3.1962E-07,-3.1966E-07
0.665,0.090000000000000011,0.01288,2.5840199999999996E-08,-0.01285,3.1956E-07,-3.196E-07
0.67,0.090000000000000011,0.01306,2.69282E-08,-0.013028000000000001,3.1949999999999997E-07,-3.1966E-07
0.675,0.090000000000000011,0.013236000000000001,2.8079999999999997E-08,-0.013204,3.196E-07,-3.1958E-07
0.68,0.090000000000000011,0.013410000000000002,2.9246799999999996E-08,-0.013376,3.1949999999999997E-07,-3.1966E-07
0.685,0.090000000000000011,0.013572,3.04822E-08,-0.013540000000000002,3.1952E-07,-3.1963999999999997E-07
0.69000000000000006,0.090000000000000011,0.01374,3.17624E-08,-0.013710000000000002,3.1952E-07,-3.1962E-07
0.69500000000000006,0.090000000000000011,0.013904000000000001,3.3128199999999995E-08,-0.01387,3.1949999999999997E-07,-3.1962E-07
0.70000000000000007,0.090000000000000011,0.014058000000000001,3.45038E-08,-0.014026000000000002,3.1954E-07,-3.197E-07
0.70500000000000007,0.090000000000000011,0.014206000000000002,3.5943999999999994E-08,-0.014180000000000002,3.1962E-07,-3.1962E-07
0.71000000000000008,0.090000000000000011,0.014360000000000001,3.74842E-08,-0.014326000000000002,3.1962E-07,-3.1966E-07
0.71500000000000008,0.090000000000000011,0.014508000000000002,3.9068799999999993E-08,-0.014472,3.1954E-07,-3.1966E-07
0.72000000000000008,0.090000000000000011,0.014650000000000002,4.07182E-08,-0.014618,3.1956E-07,-3.1974E-07
0.72500000000000009,0.090000000000000011,0.014790000000000001,4.2426799999999996E-08,-0.014758000000000002,3.1966E-07,-3.1977999999999997E-07
0.73,0.090000000000000011,0.014924000000000002,4.4268599999999996E-08,-0.014894000000000001,3.1956E-07,-3.1968E-07
0.735,0.090000000000000011,0.015058000000000002,4.61382E-08,-0.015026000000000001,3.1966E-07,-3.1974E-07
0.74,0.090000000000000011,0.015188000000000002,4.8120799999999994E-08,-0.015154,3.1963999999999997E-07,-3.1977999999999997E-07
0.745,0.090000000000000011,0.01531,5.01892E-08,-0.015286000000000001,3.196E-07,-3.1962E-07
0.75,0.090000000000000011,0.015436000000000002,5.23646E-08,-0.015406000000000001,3.1956E-07,-3.1966E-07
0.755,0.090000000000000011,0.015560000000000001,5.4592799999999994E-08,-0.015528000000000002,3.1949999999999997E-07,-3.196E-07
0.76,0.090000000000000011,0.015680000000000003,5.6975799999999996E-08,-0.015644,3.1952E-07,-3.1956E-07
0.765,0.090000000000000011,0.015796,5.9441399999999991E-08,-0.01576,3.1956E-07,-3.197E-07
0.77,0.090000000000000011,0.0159,6.20278E-08,-0.015870000000000002,3.1962E-07,-3.1966E-07
0.775,0.090000000000000011,0.016014,6.4705399999999991E-08,-0.015978000000000003,3.1962E-07,-3.197E-07
0.78,0.090000000000000011,0.016122,6.75714E-08,-0.016096000000000003,3.1962E-07,-3.1972E-07
0.785,0.090000000000000011,0.016228000000000003,7.05134E-08,-0.016190000000000003,3.1962E-07,-3.1966E-07
0.79,0.090000000000000011,0.01633,7.3663799999999993E-08,-0.016298,3.1962E-07,-3.1968E-07
0.795,0.090000000000000011,0.016428,7.6863199999999989E-08,-0.016396,3.196E-07,-3.197E-07
0.8,0.090000000000000011,0.016530000000000003,8.023E-08,-0.0165,3.1956E-07,-3.1966E-07
0.805,0.090000000000000011,0.016622,8.3841799999999993E-08,-0.016596000000000003,3.196E-07,-3.1976E-07
0.81,0.090000000000000011,0.016720000000000002,8.75416E-08,-0.016684,3.196E-07,-3.1968E-07
0.81500000000000006,0.090000000000000011,0.016806,9.153519999999999E-08,-0.016778,3.196E-07,-3.1966E-07
0.82000000000000006,0.090000000000000011,0.016900000000000002,9.56284E-08,-0.016866000000000003,3.1966E-07,-3.1972E-07
0.82500000000000007,0.090000000000000011,0.016984000000000003,9.9929E-08,-0.016954,3.1954E-07,-3.197E-07
0.83000000000000007,0.090000000000000011,0.017070000000000002,1.04458E-07,-0.017038,3.196E-07,-3.1972E-07
0.83500000000000008,0.090000000000000011,0.017156,1.0923839999999998E-07,-0.017122000000000002,3.1956E-07,-3.1968E-07
0.84000000000000008,0.090000000000000011,0.017234000000000003,1.14192E-07,-0.017202000000000002,3.196E-07,-3.1972E-07
0.84500000000000008,0.090000000000000011,0.017314000000000003,1.1948E-07,-0.01728,3.1956E-07,-3.1976E-07
0.85000000000000009,0.090000000000000011,0.017392,1.2502E-07,-0.017364,3.1966E-07,-3.1972E-07
0.85500000000000009,0.090000000000000011,0.017468,1.308E-07,-0.017442000000000003,3.1963999999999997E-07,-3.197E-07
0.86,0.090000000000000011,0.017546000000000003,1.3688E-07,-0.017512000000000003,3.1968E-07,-3.1976E-07
0.865,0.090000000000000011,0.017618,1.4324E-07,-0.017586,3.1962E-07,-3.198E-07
0.87,0.090000000000000011,0.017686,1.4994E-07,-0.017662,3.1962E-07,-3.1966E-07
0.875,0.090000000000000011,0.01776,1.5698E-07,-0.017730000000000003,3.1966E-07,-3.197E-07
0.88,0.090000000000000011,0.017826,1.6434E-07,-0.017798,3.1962E-07,-3.1966E-07
0.885,0.090000000000000011,0.017890000000000003,1.7218E-07,-0.017858000000000002,3.196E-07,-3.1976E-07
0.89,0.090000000000000011,0.017956000000000003,1.8033999999999999E-07,-0.017926,3.1956E-07,-3.1966E-07
0.895,0.090000000000000011,0.01802,1.889E-07,-0.017992,3.1962E-07,-3.1966E-07
0.9,0.090000000000000011,0.018084000000000003,1.979E-07,-0.01805,3.1958E-07,-3.197E-07
-0.3,0.1,2.0716E-09,-2.8487E-09,9.1253000000000005E-10,3.1944E-07,-3.196E-07
-0.29500000000000004,0.1,2.0131E-09,-2.7577E-09,8.7659000000000007E-10,3.1942E-07,-3.1946E-07
-0.29000000000000004,0.1,1.9607E-09,-2.6636E-09,8.4467E-10,3.1942E-07,-3.1948E-07
-0.28500000000000003,0.1,1.9066E-09,-2.5767E-09,8.1242000000000008E-10,3.1935999999999997E-07,-3.1952E-07
-0.28,0.1,1.845E-09,-2.4868E-09,7.7697000000000006E-10,3.1942E-07,-3.1949999999999997E-07
-0.275,0.1,1.7888E-09,-2.4011E-09,7.4915E-10,3.1942E-07,-3.1948E-07
-0.27,0.1,1.7374E-09,-2.3187E-09,7.1662000000000005E-10,3.1948E-07,-3.1956E-07
-0.265,0.1,1.6803E-09,-2.2362E-09,6.8714000000000007E-10,3.1942E-07,-3.1952E-07
-0.26,0.1,1.6342E-09,-2.1599E-09,6.571800000000001E-10,3.1935999999999997E-07,-3.1948E-07
-0.255,0.1,1.5898E-09,-2.0764E-09,6.3333E-10,3.1942E-07,-3.1956E-07
-0.25,0.1,1.5363E-09,-2.0019E-09,6.0181E-10,3.194E-07,-3.1948E-07
-0.24500000000000002,0.1,1.4872E-09,-1.9371E-09,5.7622E-10,3.1938E-07,-3.1946E-07
-0.24000000000000002,0.1,1.4512E-09,-1.8561E-09,5.5111000000000007E-10,3.1938E-07,-3.1949999999999997E-07
-0.23500000000000001,0.1,1.401E-09,-1.7891E-09,5.2589E-10,3.1948E-07,-3.1954E-07
-0.23,0.1,1.3594E-09,-1.7247E-09,5.0068000000000007E-10,3.194E-07,-3.196E-07
-0.225,0.1,1.3201E-09,-1.6572E-09,4.766E-10,3.1938E-07,-3.1949999999999997E-07
-0.22,0.1,1.2765E-09,-1.5867E-09,4.5396000000000005E-10,3.1942E-07,-3.1948E-07
-0.215,0.1,1.2384E-09,-1.5326E-09,4.3042000000000005E-10,3.1935999999999997E-07,-3.194E-07
-0.21000000000000002,0.1,1.2017E-09,-1.4698E-09,4.1038000000000003E-10,3.1932E-07,-3.1948E-07
-0.20500000000000002,0.1,1.1663E-09,-1.4058E-09,3.8883000000000004E-10,3.1935999999999997E-07,-3.1954E-07
-0.2,0.1,1.1201E-09,-1.3549E-09,3.6913000000000005E-10,3.1935999999999997E-07,-3.1946E-07
-0.195,0.1,1.0949E-09,-1.2948E-09,3.4913E-10,3.1938E-07,-3.1946E-07
-0.19,0.1,1.0543E-09,-1.2425E-09,3.3071000000000004E-10,3.1935999999999997E-07,-3.1946E-07
-0.185,0.1,1.0204E-09,-1.1892E-09,3.0954000000000005E-10,3.1928E-07,-3.1944E-07
-0.18000000000000002,0.1,9.9362000000000013E-10,-1.137E-09,2.9245E-10,3.1934E-07,-3.1949999999999997E-07
-0.17500000000000002,0.1,9.5510000000000014E-10,-1.087E-09,2.7238000000000005E-10,3.1938E-07,-3.1942E-07
-0.17,0.1,9.2811000000000012E-10,-1.0415E-09,2.557E-10,3.1926E-07,-3.1944E-07
-0.165,0.1,9.0248000000000007E-10,-9.98E-10,2.3941E-10,3.1926E-07,-3.194E-07
-0.16,0.1,8.6799E-10,-9.4625000000000012E-10,2.1972000000000002E-10,3.1938E-07,-3.1949999999999997E-07
-0.155,0.1,8.3773000000000006E-10,-9.050500000000001E-10,2.0152000000000002E-10,3.1948E-07,-3.1952E-07
-0.15,0.1,8.2358000000000007E-10,-8.6111E-10,1.851E-10,3.1942E-07,-3.1946E-07
-0.14500000000000002,0.1,7.9719E-10,-8.212100000000001E-10,1.6920000000000002E-10,3.1942E-07,-3.1948E-07
-0.14,0.1,7.7080000000000007E-10,-7.7983000000000009E-10,1.4907E-10,3.1934E-07,-3.1946E-07
-0.135,0.1,7.5694000000000008E-10,-7.4384000000000009E-10,1.3235000000000001E-10,3.1935999999999997E-07,-3.1946E-07
-0.13,0.1,7.3555E-10,-7.0613E-10,1.1393000000000001E-10,3.1938E-07,-3.1944E-07
-0.125,0.1,7.2158000000000011E-10,-6.6695000000000006E-10,9.3260000000000009E-11,3.1934E-07,-3.1942E-07
-0.12000000000000001,0.1,7.0055E-10,-6.3708E-10,7.087000000000001E-11,3.1932E-07,-3.1942E-07
-0.115,0.1,6.9818000000000006E-10,-6.0438E-10,5.12E-11,3.1935999999999997E-07,-3.1942E-07
-0.11,0.1,6.867700000000001E-10,-5.6957E-10,2.5080000000000002E-11,3.1938E-07,-3.1948E-07
-0.10500000000000001,0.1,6.7515000000000009E-10,-5.4459000000000008E-10,4.6000000000000006E-13,3.1932E-07,-3.194E-07
-0.1,0.1,6.7596E-10,-5.1419000000000006E-10,-2.7900000000000002E-11,3.1926E-07,-3.1948E-07
-0.095,0.1,6.7278E-10,-4.8914E-10,-6.2770000000000007E-11,3.1934E-07,-3.1946E-07
-0.090000000000000011,0.1,7.0337E-10,-4.6161E-10,-9.3720000000000013E-11,3.1944E-07,-3.1954E-07
-0.085,0.1,7.1819000000000008E-10,-4.2683E-10,-1.3078E-10,3.1935999999999997E-07,-3.1952E-07
-0.08,0.1,7.4654000000000009E-10,-3.9351E-10,-1.7068000000000003E-10,3.1948E-07,-3.1952E-07
-0.075,0.1,7.7417E-10,-3.4621000000000004E-10,-2.1371E-10,3.1934E-07,-3.1956E-07
-0.07,0.1,7.8976000000000007E-10,-3.1039E-10,-2.8878E-10,3.1935999999999997E-07,-3.1946E-07
-0.065,0.1,8.3465000000000011E-10,-3.3428E-10,-3.6076E-10,3.1924E-07,-3.1946E-07
-0.060000000000000005,0.1,9.0503E-10,-3.2701000000000004E-10,-4.2644000000000003E-10,3.1932E-07,-3.1948E-07
-0.055,0.1,9.5398E-10,-3.063E-10,-5.3207E-10,3.1932E-07,-3.1946E-07
-0.05,0.1,1.0572100000000001E-09,-2.9466000000000005E-10,-6.3539E-10,3.1932E-07,-3.1944E-07
-0.045000000000000005,0.1,1.1711E-09,-2.3811E-10,-7.6034000000000009E-10,3.1926E-07,-3.1942E-07
-0.04,0.1,1.3086E-09,-2.3127000000000002E-10,-9.0815000000000012E-10,3.193E-07,-3.1946E-07
-0.035,0.1,1.4575E-09,-2.2371000000000002E-10,-1.0736800000000002E-09,3.1935999999999997E-07,-3.1954E-07
-0.030000000000000002,0.1,1.6256E-09,-1.8506E-10,-1.2825E-09,3.193E-07,-3.1942E-07
-0.025,0.1,1.8706E-09,-1.7461E-10,-1.5132E-09,3.1935999999999997E-07,-3.1948E-07
-0.02,0.1,2.1136E-09,-1.6380000000000002E-10,-1.8104E-09,3.1932E-07,-3.1952E-07
-0.015000000000000001,0.1,2.4432E-09,-1.651E-10,-2.1304E-09,3.1932E-07,-3.1946E-07
-0.01,0.1,2.8366E-09,-1.4047E-10,-2.5352E-09,3.1938E-07,-3.1944E-07
-0.005,0.1,3.2742E-09,-1.2266000000000002E-10,-2.9987E-09,3.1926E-07,-3.1942E-07
0,0.1,3.8189E-09,-1.2481E-10,-3.5304E-09,3.1932E-07,-3.1942E-07
0.005,0.1,4.4294E-09,-9.708E-11,-4.1627E-09,3.1935999999999997E-07,-3.1949999999999997E-07
0.01,0.1,5.1779E-09,-7.952E-11,-4.9169E-09,3.1935999999999997E-07,-3.1948E-07
0.015000000000000001,0.1,6.0491E-09,-8.87E-11,-5.8351E-09,3.1938E-07,-3.1946E-07
0.02,0.1,7.1227E-09,-6.112E-11,-6.9061E-09,3.1932E-07,-3.1952E-07
0.025,0.1,8.3731E-09,-6.2050000000000008E-11,-8.1239E-09,3.1934E-07,-3.1948E-07
0.030000000000000002,0.1,9.8405E-09,-4.975E-11,-9.6373E-09,3.1928E-07,-3.1934E-07
0.035,0.1,1.1683E-08,-3.466E-11,-1.1427E-08,3.1928E-07,-3.1942E-07
0.04,0.1,1.37352E-08,-2.7010000000000002E-11,-1.3487399999999999E-08,3.1932E-07,-3.1948E-07
0.045000000000000005,0.1,1.61538E-08,-2.6500000000000002E-11,-1.5935E-08,3.1928E-07,-3.1935999999999997E-07
0.05,0.1,1.9115399999999998E-08,-1.646E-11,-1.88504E-08,3.193E-07,-3.194E-07
0.055,0.1,2.2419999999999998E-08,-2.77E-12,-2.2305199999999998E-08,3.193E-07,-3.1944E-07
0.060000000000000005,0.1,2.6505999999999996E-08,3.2400000000000003E-12,-2.6324599999999997E-08,3.1928E-07,-3.194E-07
0.065,0.1,3.13594E-08,5.74E-12,-3.0907399999999995E-08,3.1926E-07,-3.1942E-07
0.07,0.1,3.6853999999999994E-08,1.601E-11,-3.6668599999999994E-08,3.1932E-07,-3.1946E-07
0.075,0.1,4.36358E-08,2.9550000000000004E-11,-4.33416E-08,3.1928E-07,-3.1946E-07
0.08,0.1,5.1640999999999992E-08,3.2290000000000006E-11,-5.1443799999999996E-08,3.1932E-07,-3.1942E-07
0.085,0.1,6.0855599999999991E-08,3.3770000000000003E-11,-6.08122E-08,3.1932E-07,-3.1946E-07
0.090000000000000011,0.1,7.2156999999999989E-08,4.3720000000000005E-11,-7.18884E-08,3.1935999999999997E-07,-3.1948E-07
0.095,0.1,8.5175199999999991E-08,5.4490000000000004E-11,-8.4923599999999992E-08,3.1926E-07,-3.1938E-07
0.1,0.1,1.0039239999999999E-07,5.561E-11,-1.0025619999999999E-07,3.1932E-07,-3.194E-07
0.10500000000000001,0.1,1.1978E-07,6.201E-11,-1.1892E-07,3.1932E-07,-3.1944E-07
0.11,0.1,1.4116E-07,6.849E-11,-1.4144E-07,3.1938E-07,-3.1942E-07
0.115,0.1,1.6586E-07,7.543E-11,-1.6574E-07,3.1944E-07,-3.1954E-07
0.12000000000000001,0.1,1.967E-07,8.246E-11,-1.9818E-07,3.1932E-07,-3.1952E-07
0.125,0.1,2.3266E-07,9.065E-11,-2.3241999999999999E-07,3.1938E-07,-3.1954E-07
0.13,0.1,2.7466E-07,9.6850000000000007E-11,-2.7425999999999997E-07,3.1938E-07,-3.1946E-07
0.135,0.1,3.26E-07,1.0598E-10,-3.2656E-07,3.1938E-07,-3.1952E-07
0.14,0.1,3.8677999999999997E-07,1.1107000000000001E-10,-3.8636E-07,3.1932E-07,-3.1949999999999997E-07
0.14500000000000002,0.1,4.5796E-07,1.1789000000000002E-10,-4.5454E-07,3.1948E-07,-3.1954E-07
0.15,0.1,5.41E-07,1.3114E-10,-5.396E-07,3.1946E-07,-3.1958E-07
0.155,0.1,6.3964E-07,1.3440000000000002E-10,-6.3862E-07,3.194E-07,-3.1952E-07
0.16,0.1,7.523E-07,1.4571E-10,-7.5584E-07,3.1948E-07,-3.1948E-07
0.165,0.1,8.947E-07,1.5612E-10,-8.9315999999999993E-07,3.194E-07,-3.1954E-07
0.17,0.1,1.05804E-06,1.6329E-10,-1.0513799999999999E-06,3.193E-07,-3.1946E-07
0.17500000000000002,0.1,1.2530000000000001E-06,1.7635000000000002E-10,-1.2495E-06,3.1938E-07,-3.1948E-07
0.18000000000000002,0.1,1.4715000000000002E-06,1.8569E-10,-1.4777E-06,3.1935999999999997E-07,-3.1946E-07
0.185,0.1,1.7391000000000002E-06,1.9537000000000002E-10,-1.7319E-06,3.1938E-07,-3.1944E-07
0.19,0.1,2.0425000000000003E-06,2.1097000000000002E-10,-2.0439E-06,3.1926E-07,-3.1942E-07
0.195,0.1,2.4292000000000004E-06,2.1807000000000003E-10,-2.4428E-06,3.194E-07,-3.1942E-07
0.2,0.1,2.8714E-06,2.341E-10,-2.8682000000000003E-06,3.1935999999999997E-07,-3.1946E-07
0.20500000000000002,0.1,3.3685000000000004E-06,2.4333000000000003E-10,-3.3598000000000004E-06,3.194E-07,-3.1952E-07
0.21000000000000002,0.1,3.9953000000000005E-06,2.6314000000000003E-10,-3.9873000000000008E-06,3.194E-07,-3.1948E-07
0.215,0.1,4.6737000000000007E-06,2.8276E-10,-4.6856000000000005E-06,3.1935999999999997E-07,-3.1944E-07
0.22,0.1,5.4903000000000006E-06,2.9048E-10,-5.5234E-06,3.1935999999999997E-07,-3.1942E-07
0.225,0.1,6.5182000000000005E-06,3.1616E-10,-6.4892000000000005E-06,3.1935999999999997E-07,-3.1942E-07
0.23,0.1,7.6600000000000012E-06,3.2897E-10,-7.6753000000000009E-06,3.193E-07,-3.1948E-07
0.23500000000000001,0.1,9.0384000000000014E-06,3.5317000000000003E-10,-8.9819000000000012E-06,3.1926E-07,-3.1944E-07
0.24000000000000002,0.1,1.0609000000000001E-05,3.7500000000000005E-10,-1.05986E-05,3.1934E-07,-3.1954E-07
0.24500000000000002,0.1,1.242E-05,3.9481000000000006E-10,-1.2424E-05,3.1932E-07,-3.194E-07
0.25,0.1,1.4642E-05,4.2840000000000004E-10,-1.464E-05,3.1935999999999997E-07,-3.1946E-07
0.255,0.1,1.7184E-05,4.4355000000000003E-10,-1.7126000000000002E-05,3.1935999999999997E-07,-3.1944E-07
0.26,0.1,2.0062000000000002E-05,4.7981E-10,-2.0064E-05,3.1934E-07,-3.1949999999999997E-07
0.265,0.1,2.3508E-05,5.0415000000000006E-10,-2.3518E-05,3.1942E-07,-3.1954E-07
0.27,0.1,2.7404E-05,5.3011E-10,-2.7416E-05,3.1944E-07,-3.1958E-07
0.275,0.1,3.1914E-05,5.7791E-10,-3.2028E-05,3.1938E-07,-3.1948E-07
0.28,0.1,3.7328E-05,5.9838000000000006E-10,-3.737E-05,3.194E-07,-3.1954E-07
0.28500000000000003,0.1,4.3504E-05,6.4676E-10,-4.3464E-05,3.1942E-07,-3.1954E-07
0.29000000000000004,0.1,5.0650000000000005E-05,6.81E-10,-5.0676E-05,3.1944E-07,-3.196E-07
0.29500000000000004,0.1,5.9036E-05,7.1928E-10,-5.9164000000000005E-05,3.1944E-07,-3.1954E-07
0.3,0.1,6.8608E-05,7.6922000000000006E-10,-6.8544E-05,3.1942E-07,-3.1952E-07
0.305,0.1,7.9818E-05,8.1475000000000011E-10,-7.9864E-05,3.1946E-07,-3.1956E-07
0.31,0.1,9.2596E-05,8.6234E-10,-9.253600000000001E-05,3.1946E-07,-3.1949999999999997E-07
0.315,0.1,0.00010737000000000001,9.194E-10,-0.00010738200000000001,3.1944E-07,-3.1948E-07
0.32,0.1,0.00012484,9.6576E-10,-0.00012450000000000002,3.1944E-07,-3.1954E-07
0.325,0.1,0.00014468,1.02974E-09,-0.00014442,3.194E-07,-3.1948E-07
0.33,0.1,0.00016716000000000002,1.0943600000000001E-09,-0.00016668000000000002,3.1942E-07,-3.1954E-07
0.335,0.1,0.00019334000000000002,1.1618E-09,-0.00019266000000000002,3.193E-07,-3.1938E-07
0.34,0.1,0.00022252,1.2197E-09,-0.00022212000000000002,3.1932E-07,-3.1942E-07
0.34500000000000003,0.1,0.0002565,1.2988E-09,-0.00025598,3.1935999999999997E-07,-3.1948E-07
0.35000000000000003,0.1,0.0002944,1.3719E-09,-0.00029390000000000004,3.1935999999999997E-07,-3.1952E-07
0.35500000000000004,0.1,0.00033790000000000003,1.4508E-09,-0.00033746000000000004,3.194E-07,-3.1948E-07
0.36000000000000004,0.1,0.00038642,1.5364E-09,-0.000386,3.1944E-07,-3.1952E-07
0.365,0.1,0.00044156,1.6178E-09,-0.00044102000000000003,3.1942E-07,-3.1952E-07
0.37,0.1,0.0005019,1.716E-09,-0.00050124,3.194E-07,-3.1954E-07
0.375,0.1,0.00057008,1.8051E-09,-0.00057008,3.1938E-07,-3.1948E-07
0.38,0.1,0.0006453,1.9072E-09,-0.00064500000000000007,3.1938E-07,-3.1952E-07
0.385,0.1,0.00072872000000000008,2.0163E-09,-0.00072846,3.1946E-07,-3.1952E-07
0.39,0.1,0.00081972,2.1154E-09,-0.00081944000000000006,3.1942E-07,-3.1958E-07
0.395,0.1,0.00092042,2.2416E-09,-0.00091974,3.1946E-07,-3.1952E-07
0.4,0.1,0.0010282000000000002,2.3501E-09,-0.00102838,3.1938E-07,-3.1948E-07
0.405,0.1,0.0011484000000000002,2.4719E-09,-0.00114728,3.194E-07,-3.1954E-07
0.41000000000000003,0.1,0.0012748,2.5995E-09,-0.0012742,3.1942E-07,-3.1952E-07
0.41500000000000004,0.1,0.0014144000000000001,2.7351E-09,-0.0014134,3.1942E-07,-3.1949999999999997E-07
0.42000000000000004,0.1,0.0015606,2.8683E-09,-0.0015602,3.1938E-07,-3.1958E-07
0.42500000000000004,0.1,0.00172,3.0205E-09,-0.0017196,3.1942E-07,-3.1952E-07
0.43,0.1,0.0018858,3.1772E-09,-0.0018854,3.1944E-07,-3.1956E-07
0.435,0.1,0.0020652,3.3228E-09,-0.0020654000000000002,3.1949999999999997E-07,-3.1958E-07
0.44,0.1,0.0022516,3.4874E-09,-0.002252,3.194E-07,-3.1954E-07
0.445,0.1,0.0024526,3.6572E-09,-0.0024518,3.1932E-07,-3.1942E-07
0.45,0.1,0.002657,3.8375E-09,-0.0026568,3.1934E-07,-3.1948E-07
0.455,0.1,0.002876,4.0254E-09,-0.0028754,3.1935999999999997E-07,-3.1944E-07
0.46,0.1,0.003101,4.215E-09,-0.0030986,3.1942E-07,-3.1954E-07
0.465,0.1,0.0033366,4.4148E-09,-0.0033342000000000003,3.1942E-07,-3.1946E-07
0.47000000000000003,0.1,0.0035766,4.6261E-09,-0.003577,3.1935999999999997E-07,-3.1946E-07
0.47500000000000003,0.1,0.0038286,4.8448E-09,-0.0038262,3.1948E-07,-3.1952E-07
0.48000000000000004,0.1,0.0040838,5.07E-09,-0.0040828,3.1944E-07,-3.1954E-07
0.48500000000000004,0.1,0.0043514,5.3006E-09,-0.0043486,3.1942E-07,-3.1958E-07
0.49000000000000005,0.1,0.0046178,5.5562E-09,-0.0046168,3.1948E-07,-3.1958E-07
0.49500000000000005,0.1,0.004893,5.8096E-09,-0.0048944,3.1949999999999997E-07,-3.1958E-07
0.5,0.1,0.0051746,6.0709E-09,-0.0051716,3.1944E-07,-3.1954E-07
0.505,0.1,0.0054584,6.3623E-09,-0.0054576,3.1949999999999997E-07,-3.1949999999999997E-07
0.51,0.1,0.0057468,6.6387E-09,-0.0057442000000000005,3.1942E-07,-3.1952E-07
0.515,0.1,0.006037,6.9463E-09,-0.006038,3.1949999999999997E-07,-3.1952E-07
0.52,0.1,0.0063302,7.2617E-09,-0.006329,3.1938E-07,-3.1954E-07
0.525,0.1,0.0066268,7.5827E-09,-0.0066262000000000005,3.1942E-07,-3.1952E-07
0.53,0.1,0.0069180000000000005,7.9351E-09,-0.0069204,3.1948E-07,-3.1954E-07
0.535,0.1,0.0072214,8.2729E-09,-0.0072202,3.194E-07,-3.1952E-07
0.54,0.1,0.0075156,8.652E-09,-0.0075142,3.1946E-07,-3.1958E-07
0.545,0.1,0.0078152,9.0386E-09,-0.0078132,3.1948E-07,-3.1956E-07
0.55,0.1,0.0081076,9.4251E-09,-0.0081088,3.1946E-07,-3.196E-07
0.555,0.1,0.008405000000000001,9.8542E-09,-0.0084032,3.1949999999999997E-07,-3.1958E-07
0.56,0.1,0.0086938,1.02795E-08,-0.0086934,3.1949999999999997E-07,-3.196E-07
0.56500000000000006,0.1,0.0089858,1.07349E-08,-0.0089874,3.1949999999999997E-07,-3.196E-07
0.57000000000000006,0.1,0.0092732,1.1193E-08,-0.0092736,3.1946E-07,-3.1954E-07
0.57500000000000007,0.1,0.0095642,1.1722399999999999E-08,-0.009561,3.1954E-07,-3.1963999999999997E-07
0.58000000000000007,0.1,0.0098438,1.2215999999999998E-08,-0.009842,3.1954E-07,-3.1962E-07
0.58500000000000008,0.1,0.0101248,1.2741599999999999E-08,-0.0101262,3.1949999999999997E-07,-3.1963999999999997E-07
0.59000000000000008,0.1,0.010399,1.3295E-08,-0.0103984,3.1956E-07,-3.1966E-07
0.595,0.1,0.0106726,1.3837999999999998E-08,-0.010671,3.1956E-07,-3.1962E-07
0.6,0.1,0.0109368,1.4434999999999998E-08,-0.0109382,3.1963999999999997E-07,-3.1963999999999997E-07
0.605,0.1,0.0112032,1.5043799999999998E-08,-0.0112008,3.196E-07,-3.1963999999999997E-07
0.61,0.1,0.0114608,1.56756E-08,-0.0114614,3.196E-07,-3.1972E-07
0.615,0.1,0.011758000000000001,1.63392E-08,-0.011722000000000002,3.1962E-07,-3.1972E-07
0.62,0.1,0.012006000000000001,1.7035199999999998E-08,-0.011974,3.1962E-07,-3.197E-07
0.625,0.1,0.012252,1.7756999999999998E-08,-0.012224,3.196E-07,-3.1977999999999997E-07
0.63,0.1,0.012494000000000002,1.8502399999999998E-08,-0.01246,3.1966E-07,-3.1974E-07
0.635,0.1,0.012732,1.9296399999999998E-08,-0.012698000000000001,3.196E-07,-3.197E-07
0.64,0.1,0.012964000000000002,2.0127599999999998E-08,-0.01293,3.1962E-07,-3.197E-07
0.645,0.1,0.013196000000000001,2.09888E-08,-0.013162000000000002,3.1962E-07,-3.1974E-07
0.65,0.1,0.013412,2.18608E-08,-0.013384000000000002,3.1962E-07,-3.1976E-07
0.655,0.1,0.013632000000000002,2.2751999999999998E-08,-0.013600000000000001,3.1963999999999997E-07,-3.1976E-07
0.66,0.1,0.013846,2.37198E-08,-0.013814000000000002,3.1962E-07,-3.1977999999999997E-07
0.665,0.1,0.014058000000000001,2.4700799999999996E-08,-0.014026000000000002,3.196E-07,-3.1972E-07
0.67,0.1,0.014258000000000002,2.5757799999999997E-08,-0.014230000000000001,3.1966E-07,-3.1976E-07
0.675,0.1,0.01446,2.6845999999999998E-08,-0.014428000000000002,3.1962E-07,-3.1966E-07
0.68,0.1,0.014662000000000001,2.7976999999999996E-08,-0.014628000000000002,3.1956E-07,-3.197E-07
0.685,0.1,0.014846000000000002,2.9134599999999997E-08,-0.014818000000000001,3.1954E-07,-3.196E-07
0.69000000000000006,0.1,0.015036,3.03702E-08,-0.015004000000000002,3.196E-07,-3.1963999999999997E-07
0.69500000000000006,0.1,0.015220000000000001,3.16316E-08,-0.015186000000000002,3.1952E-07,-3.1962E-07
0.70000000000000007,0.1,0.015398000000000002,3.2896E-08,-0.015368000000000002,3.1956E-07,-3.1963999999999997E-07
0.70500000000000007,0.1,0.015574000000000001,3.42708E-08,-0.015542000000000002,3.1956E-07,-3.1968E-07
0.71000000000000008,0.1,0.015746000000000003,3.5748E-08,-0.015714000000000002,3.1966E-07,-3.1974E-07
0.71500000000000008,0.1,0.015912000000000003,3.7249799999999995E-08,-0.015880000000000002,3.196E-07,-3.1972E-07
0.72000000000000008,0.1,0.016084,3.8812199999999995E-08,-0.016044000000000003,3.1963999999999997E-07,-3.197E-07
0.72500000000000009,0.1,0.016232,4.04568E-08,-0.016206,3.196E-07,-3.1974E-07
0.73,0.1,0.016390000000000002,4.2184799999999993E-08,-0.016360000000000003,3.196E-07,-3.1968E-07
0.735,0.1,0.016546,4.3947599999999996E-08,-0.016516000000000003,3.1963999999999997E-07,-3.1972E-07
0.74,0.1,0.016694,4.5845199999999996E-08,-0.01666,3.1963999999999997E-07,-3.1963999999999997E-07
0.745,0.1,0.016838000000000002,4.7785399999999996E-08,-0.016808,3.196E-07,-3.1968E-07
0.75,0.1,0.016980000000000002,4.9820799999999996E-08,-0.01695,3.1962E-07,-3.197E-07
0.755,0.1,0.017118,5.1966599999999996E-08,-0.01709,3.196E-07,-3.1972E-07
0.76,0.1,0.017256,5.4219799999999994E-08,-0.017218,3.196E-07,-3.1968E-07
0.765,0.1,0.017380000000000003,5.6533399999999996E-08,-0.017358000000000002,3.1966E-07,-3.1966E-07
0.77,0.1,0.017512000000000003,5.8990399999999996E-08,-0.017486,3.197E-07,-3.1976E-07
0.775,0.1,0.017640000000000003,6.15334E-08,-0.017606,3.1958E-07,-3.1966E-07
0.78,0.1,0.017764000000000002,6.4239399999999992E-08,-0.017736000000000002,3.196E-07,-3.1972E-07
0.785,0.1,0.017886000000000003,6.70114E-08,-0.01785,3.1966E-07,-3.1974E-07
0.79,0.1,0.018002,6.9956599999999987E-08,-0.017972000000000002,3.1966E-07,-3.197E-07
0.795,0.1,0.018114,7.301219999999999E-08,-0.018088,3.1958E-07,-3.1974E-07
0.8,0.1,0.018226000000000003,7.6197199999999988E-08,-0.018198000000000002,3.1962E-07,-3.1974E-07
0.805,0.1,0.018340000000000002,7.96112E-08,-0.018308,3.196E-07,-3.1972E-07
0.81,0.1,0.018444000000000002,8.3110599999999987E-08,-0.018408,3.1968E-07,-3.1976E-07
0.81500000000000006,0.1,0.018546,8.6864199999999987E-08,-0.018518000000000003,3.196E-07,-3.1972E-07
0.82000000000000006,0.1,0.01865,9.0714199999999985E-08,-0.018622000000000003,3.1972E-07,-3.1976E-07
0.82500000000000007,0.1,0.018756000000000002,9.4806599999999988E-08,-0.01872,3.1968E-07,-3.197E-07
0.83000000000000007,0.1,0.018850000000000002,9.906419999999999E-08,-0.01882,3.196E-07,-3.1968E-07
0.83500000000000008,0.1,0.018946,1.035502E-07,-0.018916000000000002,3.1966E-07,-3.1972E-07
0.84000000000000008,0.1,0.019036,1.0823219999999998E-07,-0.019010000000000003,3.1962E-07,-3.1974E-07
0.84500000000000008,0.1,0.019128000000000003,1.1318999999999998E-07,-0.019100000000000002,3.1963999999999997E-07,-3.1972E-07
0.85000000000000009,0.1,0.019222000000000003,1.1842E-07,-0.019190000000000002,3.1972E-07,-3.1982E-07
0.85500000000000009,0.1,0.019304,1.2384E-07,-0.019276,3.1972E-07,-3.1972E-07
0.86,0.1,0.019394,1.2948E-07,-0.019364000000000003,3.1962E-07,-3.1972E-07
0.865,0.1,0.01948,1.3556E-07,-0.019444000000000003,3.1966E-07,-3.197E-07
0.87,0.1,0.019558000000000002,1.4176E-07,-0.019524000000000003,3.196E-07,-3.1976E-07
0.875,0.1,0.019638000000000003,1.4849999999999999E-07,-0.019610000000000002,3.1963999999999997E-07,-3.1974E-07
0.88,0.1,0.01972,1.5544E-07,-0.019686000000000002,3.197E-07,-3.1984E-07
0.885,0.1,0.019792,1.6274E-07,-0.019766000000000002,3.1963999999999997E-07,-3.1977999999999997E-07
0.89,0.1,0.019866,1.7038E-07,-0.019836000000000003,3.1968E-07,-3.1984E-07
0.895,0.1,0.019940000000000003,1.7854E-07,-0.019914,3.1968E-07,-3.1977999999999997E-07
0.9,0.1,0.020014,1.8703999999999999E-07,-0.01998,3.1974E-07,-3.197E-07
