vg	id_vd = 0.0V	ig_vd = 0.0V	is_vd = 0.0V	iavdd_vd = 0.0V	ignd_vd = 0.0V	id_vd = 0.15V	ig_vd = 0.15V	is_vd = 0.15V	iavdd_vd = 0.15V	ignd_vd = 0.15V	id_vd = 0.3V	ig_vd = 0.3V	is_vd = 0.3V	iavdd_vd = 0.3V	ignd_vd = 0.3V	id_vd = 0.45V	ig_vd = 0.45V	is_vd = 0.45V	iavdd_vd = 0.45V	ignd_vd = 0.45V	id_vd = 0.6V	ig_vd = 0.6V	is_vd = 0.6V	iavdd_vd = 0.6V	ignd_vd = 0.6V	id_vd = 0.75V	ig_vd = 0.75V	is_vd = 0.75V	iavdd_vd = 0.75V	ignd_vd = 0.75V	id_vd = 0.9V	ig_vd = 0.9V	is_vd = 0.9V	iavdd_vd = 0.9V	ignd_vd = 0.9V
-0.3	9.8523e-10	-1.9237e-09	9.134500000000001e-10	3.1964e-07	-3.1952e-07	2.791e-09	-3.4679e-09	9.1477e-10	3.194e-07	-3.1952e-07	5.8245e-09	-6.0721e-09	9.1183e-10	3.196e-07	-3.2016e-07	1.07342e-08	-9.959799999999997e-09	9.1089e-10	3.1998e-07	-3.2162e-07	1.7911799999999998e-08	-1.53754e-08	9.1406e-10	3.2052e-07	-3.2382e-07	2.82326e-08	-2.25872e-08	9.1247e-10	3.2098e-07	-3.2742e-07	4.27984e-08	-3.1787e-08	9.134299999999999e-10	3.2052e-07	-3.3222e-07
-0.295	9.4568e-10	-1.8515e-09	8.7863e-10	3.1966e-07	-3.1958e-07	2.7046e-09	-3.3562e-09	8.753e-10	3.1938e-07	-3.196e-07	5.701e-09	-5.9283e-09	8.7949e-10	3.1962e-07	-3.2018e-07	1.05488e-08	-9.756399999999998e-09	8.754500000000001e-10	3.1996e-07	-3.2154e-07	1.76604e-08	-1.51378e-08	8.756e-10	3.2054e-07	-3.238e-07	2.78584e-08	-2.22666e-08	8.7882e-10	3.2096e-07	-3.2718e-07	4.22644e-08	-3.13932e-08	8.761100000000001e-10	3.2046e-07	-3.322e-07
-0.29	9.1306e-10	-1.7734e-09	8.4236e-10	3.1952e-07	-3.1954e-07	2.6399e-09	-3.2596e-09	8.4518e-10	3.1932e-07	-3.1958e-07	5.5842e-09	-5.775e-09	8.4119e-10	3.196e-07	-3.2016e-07	1.0373e-08	-9.570999999999997e-09	8.441600000000001e-10	3.1996e-07	-3.2154e-07	1.74296e-08	-1.48708e-08	8.4167e-10	3.2044e-07	-3.2366e-07	2.76092e-08	-2.19446e-08	8.442900000000001e-10	3.2084e-07	-3.2726e-07	4.18276e-08	-3.1e-08	8.453e-10	3.2044e-07	-3.32e-07
-0.285	8.8019e-10	-1.7061e-09	8.1326e-10	3.1956e-07	-3.1956e-07	2.5833e-09	-3.1573e-09	8.1047e-10	3.194e-07	-3.196e-07	5.4843e-09	-5.6369e-09	8.1231e-10	3.1952e-07	-3.2012e-07	1.0238e-08	-9.3921e-09	8.0906e-10	3.1992e-07	-3.215e-07	1.7197399999999997e-08	-1.46302e-08	8.1408e-10	3.2038e-07	-3.237e-07	2.73136e-08	-2.16306e-08	8.1243e-10	3.2074e-07	-3.2708e-07	4.15572e-08	-3.06166e-08	8.124600000000001e-10	3.204e-07	-3.3202e-07
-0.28	8.4202e-10	-1.639e-09	7.7596e-10	3.196e-07	-3.1954e-07	2.5078e-09	-3.0591e-09	7.7947e-10	3.194e-07	-3.196e-07	5.382e-09	-5.4981e-09	7.7787e-10	3.196e-07	-3.2024e-07	1.00656e-08	-9.2063e-09	7.784e-10	3.198e-07	-3.2138e-07	1.6995799999999998e-08	-1.4382799999999998e-08	7.765400000000001e-10	3.203e-07	-3.2356e-07	2.70528e-08	-2.13068e-08	7.7954e-10	3.207e-07	-3.2702e-07	4.1156e-08	-3.02498e-08	7.7993e-10	3.2042e-07	-3.318e-07
-0.275	8.098300000000001e-10	-1.5755e-09	7.498e-10	3.196e-07	-3.196e-07	2.4436e-09	-2.9637e-09	7.4456e-10	3.1932e-07	-3.195e-07	5.2713e-09	-5.3626e-09	7.4727e-10	3.1954e-07	-3.2014e-07	9.9204e-09	-9.023e-09	7.4606e-10	3.1984e-07	-3.2144e-07	1.6779799999999998e-08	-1.41424e-08	7.4671e-10	3.203e-07	-3.2356e-07	2.67042e-08	-2.10108e-08	7.4758e-10	3.206e-07	-3.271e-07	4.07842e-08	-2.9867e-08	7.4879e-10	3.2032e-07	-3.3204e-07
-0.27	7.7982e-10	-1.5075e-09	7.1523e-10	3.1956e-07	-3.196e-07	2.3886e-09	-2.8669e-09	7.189100000000001e-10	3.1936e-07	-3.1958e-07	5.176e-09	-5.2301e-09	7.1616e-10	3.1942e-07	-3.2008e-07	9.775399999999998e-09	-8.8384e-09	7.1769e-10	3.1978e-07	-3.2142e-07	1.6580799999999997e-08	-1.39126e-08	7.1822e-10	3.2022e-07	-3.235e-07	2.65108e-08	-2.07088e-08	7.181900000000001e-10	3.2052e-07	-3.2696e-07	4.03726e-08	-2.94898e-08	7.1635e-10	3.2042e-07	-3.3192e-07
-0.265	7.4407e-10	-1.4473e-09	6.8911e-10	3.1954e-07	-3.196e-07	2.3215e-09	-2.7723e-09	6.863700000000001e-10	3.1932e-07	-3.1958e-07	5.0756e-09	-5.0993e-09	6.876000000000001e-10	3.1948e-07	-3.2008e-07	9.5759e-09	-8.6694e-09	6.8659e-10	3.1976e-07	-3.2138e-07	1.6387399999999998e-08	-1.3677e-08	6.8781e-10	3.2016e-07	-3.2356e-07	2.60936e-08	-2.04036e-08	6.870200000000001e-10	3.206e-07	-3.2678e-07	3.99776e-08	-2.9118e-08	6.8934e-10	3.2038e-07	-3.3178e-07
-0.26	7.108500000000001e-10	-1.3861e-09	6.5628e-10	3.196e-07	-3.1958e-07	2.258e-09	-2.6907e-09	6.579700000000001e-10	3.1932e-07	-3.196e-07	4.9761e-09	-4.967e-09	6.5794e-10	3.1944e-07	-3.2008e-07	9.4412e-09	-8.4861e-09	6.574900000000001e-10	3.198e-07	-3.2132e-07	1.61562e-08	-1.34432e-08	6.5991e-10	3.2014e-07	-3.2346e-07	2.58266e-08	-2.01128e-08	6.595500000000001e-10	3.2046e-07	-3.2696e-07	3.97174e-08	-2.8748e-08	6.5811e-10	3.2038e-07	-3.3184e-07
-0.255	6.908900000000001e-10	-1.328e-09	6.321200000000001e-10	3.1964e-07	-3.1958e-07	2.2084e-09	-2.5935e-09	6.3053e-10	3.1936e-07	-3.1954e-07	4.8751e-09	-4.8458e-09	6.3052e-10	3.1942e-07	-3.2006e-07	9.2804e-09	-8.3124e-09	6.2893e-10	3.197e-07	-3.2132e-07	1.59682e-08	-1.32172e-08	6.2683e-10	3.2014e-07	-3.234e-07	2.5624e-08	-1.98146e-08	6.311e-10	3.2106e-07	-3.275e-07	3.93242e-08	-2.83822e-08	6.312000000000001e-10	3.2034e-07	-3.317e-07
-0.25	6.5617e-10	-1.2656e-09	6.0392e-10	3.197e-07	-3.196e-07	2.1478e-09	-2.5068e-09	6.023500000000001e-10	3.1936e-07	-3.1954e-07	4.7841e-09	-4.7202e-09	6.0327e-10	3.1948e-07	-3.2008e-07	9.1452e-09	-8.1451e-09	6.0286e-10	3.1968e-07	-3.213e-07	1.5754799999999997e-08	-1.29796e-08	6.0504e-10	3.2014e-07	-3.2338e-07	2.5269e-08	-1.9529e-08	6.0162e-10	3.2116e-07	-3.269e-07	3.89068e-08	-2.8028e-08	6.053500000000001e-10	3.2028e-07	-3.3166e-07
-0.245	6.240300000000001e-10	-1.2145e-09	5.741800000000001e-10	3.1962e-07	-3.1954e-07	2.0883e-09	-2.4351e-09	5.7614e-10	3.1934e-07	-3.196e-07	4.6929e-09	-4.5972e-09	5.778700000000001e-10	3.1944e-07	-3.2018e-07	9.0059e-09	-7.9801e-09	5.7486e-10	3.1968e-07	-3.2126e-07	1.55936e-08	-1.2773399999999998e-08	5.801700000000001e-10	3.2012e-07	-3.2334e-07	2.51348e-08	-1.92518e-08	5.7757e-10	3.2104e-07	-3.2754e-07	3.8466e-08	-2.76762e-08	5.7896e-10	3.2022e-07	-3.317e-07
-0.24	6.0626e-10	-1.1632e-09	5.5465e-10	3.1956e-07	-3.1952e-07	2.0377e-09	-2.3404e-09	5.491800000000001e-10	3.1936e-07	-3.1962e-07	4.5893e-09	-4.4797e-09	5.4854e-10	3.1946e-07	-3.2012e-07	8.8661e-09	-7.8109e-09	5.5091e-10	3.1976e-07	-3.2132e-07	1.5370599999999997e-08	-1.2544399999999998e-08	5.465400000000001e-10	3.2e-07	-3.2332e-07	2.47572e-08	-1.89658e-08	5.5115e-10	3.2042e-07	-3.2732e-07	3.8264e-08	-2.7321e-08	5.4949e-10	3.202e-07	-3.3152e-07
-0.235	5.737100000000001e-10	-1.1033e-09	5.2567e-10	3.1958e-07	-3.1964e-07	1.9809e-09	-2.2647e-09	5.2624e-10	3.1936e-07	-3.196e-07	4.5107e-09	-4.3645e-09	5.259900000000001e-10	3.194e-07	-3.2012e-07	8.715e-09	-7.6487e-09	5.234000000000001e-10	3.1972e-07	-3.2128e-07	1.5164199999999997e-08	-1.2332e-08	5.2789e-10	3.201e-07	-3.2334e-07	2.44912e-08	-1.86946e-08	5.2483e-10	3.2046e-07	-3.2678e-07	3.77866e-08	-2.69664e-08	5.2524e-10	3.202e-07	-3.3148e-07
-0.23	5.436000000000001e-10	-1.0612e-09	5.022600000000001e-10	3.1962e-07	-3.1962e-07	1.9257e-09	-2.1902e-09	4.992700000000001e-10	3.1938e-07	-3.1954e-07	4.4101e-09	-4.2437e-09	5.0096e-10	3.1946e-07	-3.2012e-07	8.584e-09	-7.4926e-09	5.0278e-10	3.1972e-07	-3.2126e-07	1.5002799999999998e-08	-1.2119199999999998e-08	5.0325e-10	3.2e-07	-3.2328e-07	2.43366e-08	-1.84204e-08	5.0172e-10	3.2042e-07	-3.2674e-07	3.76414e-08	-2.6619e-08	5.013300000000001e-10	3.2014e-07	-3.3148e-07
-0.225	5.2702e-10	-1.0095e-09	4.7869e-10	3.1964e-07	-3.1956e-07	1.8754e-09	-2.1103e-09	4.7776e-10	3.1936e-07	-3.1958e-07	4.3206e-09	-4.1343e-09	4.752000000000001e-10	3.1942e-07	-3.2012e-07	8.4531e-09	-7.3266e-09	4.7505e-10	3.1956e-07	-3.2122e-07	1.4772399999999998e-08	-1.1901e-08	4.7563e-10	3.1998e-07	-3.233e-07	2.40606e-08	-1.81468e-08	4.761e-10	3.2098e-07	-3.273e-07	3.71646e-08	-2.627e-08	4.779700000000001e-10	3.2008e-07	-3.3158e-07
-0.22	4.978600000000001e-10	-9.6177e-10	4.5783e-10	3.1956e-07	-3.1958e-07	1.8258e-09	-2.0333e-09	4.5368e-10	3.1934e-07	-3.1956e-07	4.2374e-09	-4.0284e-09	4.552e-10	3.1942e-07	-3.2002e-07	8.3227e-09	-7.1772e-09	4.535e-10	3.1966e-07	-3.212e-07	1.4603999999999998e-08	-1.17076e-08	4.5538e-10	3.1998e-07	-3.2322e-07	2.37942e-08	-1.7880599999999998e-08	4.5527e-10	3.2046e-07	-3.2738e-07	3.70304e-08	-2.59372e-08	4.5433e-10	3.2008e-07	-3.313e-07
-0.215	4.7252e-10	-9.1411e-10	4.3301e-10	3.1962e-07	-3.1954e-07	1.7739e-09	-1.969e-09	4.3104e-10	3.1936e-07	-3.196e-07	4.1542e-09	-3.9133e-09	4.3214e-10	3.1942e-07	-3.201e-07	8.1932e-09	-7.0273e-09	4.3164e-10	3.1964e-07	-3.2126e-07	1.44062e-08	-1.14914e-08	4.3029e-10	3.1992e-07	-3.2318e-07	2.35654e-08	-1.7621199999999997e-08	4.3081e-10	3.205e-07	-3.2666e-07	3.64746e-08	-2.56138e-08	4.3262000000000005e-10	3.201e-07	-3.313e-07
-0.21	4.5248e-10	-8.747600000000001e-10	4.1521e-10	3.196e-07	-3.1956e-07	1.7258e-09	-1.8939e-09	4.0906e-10	3.1938e-07	-3.196e-07	4.0594e-09	-3.8086e-09	4.088e-10	3.1938e-07	-3.2008e-07	8.064e-09	-6.8717e-09	4.0927e-10	3.1962e-07	-3.2124e-07	1.4214e-08	-1.1293199999999998e-08	4.1338e-10	3.1996e-07	-3.2322e-07	2.33616e-08	-1.7359999999999998e-08	4.0995e-10	3.205e-07	-3.2668e-07	3.623499999999999e-08	-2.5279e-08	4.1152e-10	3.2008e-07	-3.3146e-07
-0.205	4.3188e-10	-8.2651e-10	3.9193e-10	3.196e-07	-3.1952e-07	1.6812e-09	-1.821e-09	3.8948e-10	3.194e-07	-3.1962e-07	3.9879e-09	-3.7096e-09	3.8899e-10	3.1946e-07	-3.2006e-07	7.9365e-09	-6.7278e-09	3.8577000000000005e-10	3.1968e-07	-3.2124e-07	1.40638e-08	-1.11012e-08	3.9038000000000005e-10	3.2004e-07	-3.2322e-07	2.30268e-08	-1.71084e-08	3.9142e-10	3.2034e-07	-3.2678e-07	3.5954399999999994e-08	-2.49552e-08	3.8871000000000005e-10	3.2002e-07	-3.3148e-07
-0.2	4.0562e-10	-7.842200000000001e-10	3.7386e-10	3.1964e-07	-3.1962e-07	1.6338e-09	-1.7643e-09	3.69e-10	3.1944e-07	-3.1964e-07	3.9076e-09	-3.601e-09	3.6878e-10	3.1942e-07	-3.2004e-07	7.8103e-09	-6.5822e-09	3.698e-10	3.1962e-07	-3.212e-07	1.3865999999999998e-08	-1.08908e-08	3.655e-10	3.1984e-07	-3.232e-07	2.28036e-08	-1.6837199999999998e-08	3.668e-10	3.2052e-07	-3.2672e-07	3.55708e-08	-2.46198e-08	3.673e-10	3.2e-07	-3.3136e-07
-0.195	3.8912000000000005e-10	-7.4833e-10	3.513e-10	3.1966e-07	-3.1958e-07	1.5859e-09	-1.6909e-09	3.4734e-10	3.195e-07	-3.1962e-07	3.826e-09	-3.5074e-09	3.4655e-10	3.1942e-07	-3.2008e-07	7.6844e-09	-6.4369e-09	3.471e-10	3.1968e-07	-3.2126e-07	1.37028e-08	-1.0708199999999998e-08	3.5097000000000003e-10	3.1988e-07	-3.2318e-07	2.25984e-08	-1.6589999999999998e-08	3.4727000000000003e-10	3.203e-07	-3.265e-07	3.52622e-08	-2.43006e-08	3.5047000000000003e-10	3.2004e-07	-3.311e-07
-0.19	3.7218000000000005e-10	-7.0925e-10	3.3907e-10	3.1954e-07	-3.1948e-07	1.5448e-09	-1.6308e-09	3.2942000000000004e-10	3.1938e-07	-3.1958e-07	3.7495e-09	-3.4071e-09	3.2944e-10	3.1938e-07	-3.2002e-07	7.5591e-09	-6.2974e-09	3.2546000000000003e-10	3.196e-07	-3.2116e-07	1.35396e-08	-1.0516799999999998e-08	3.2874000000000005e-10	3.1988e-07	-3.2312e-07	2.235e-08	-1.6340999999999997e-08	3.2751000000000004e-10	3.2088e-07	-3.265e-07	3.48422e-08	-2.39936e-08	3.2728000000000003e-10	3.2002e-07	-3.3128e-07
-0.185	3.4972e-10	-6.645e-10	3.1544000000000005e-10	3.1952e-07	-3.1948e-07	1.5009e-09	-1.569e-09	3.1059e-10	3.1938e-07	-3.196e-07	3.6712e-09	-3.3104e-09	3.0776000000000003e-10	3.193e-07	-3.1998e-07	7.4619e-09	-6.1677e-09	3.1160000000000004e-10	3.1958e-07	-3.2118e-07	1.33776e-08	-1.03238e-08	3.0691000000000003e-10	3.199e-07	-3.2314e-07	2.21122e-08	-1.6086399999999998e-08	3.0974e-10	3.208e-07	-3.2728e-07	3.4685199999999994e-08	-2.36684e-08	3.1106e-10	3.2002e-07	-3.3138e-07
-0.18	3.2882e-10	-6.3857e-10	3.0123e-10	3.196e-07	-3.1954e-07	1.4558e-09	-1.5067e-09	2.9048e-10	3.1938e-07	-3.1964e-07	3.5946e-09	-3.2235e-09	2.9362e-10	3.1938e-07	-3.1996e-07	7.3317e-09	-6.0199e-09	2.906e-10	3.1958e-07	-3.2114e-07	1.3201599999999998e-08	-1.01402e-08	2.9145e-10	3.1988e-07	-3.2316e-07	2.19238e-08	-1.5838e-08	2.9077e-10	3.2024e-07	-3.2634e-07	3.4323599999999995e-08	-2.33584e-08	2.9125e-10	3.2002e-07	-3.3126e-07
-0.175	3.1475e-10	-6.0121e-10	2.8319000000000003e-10	3.1954e-07	-3.195e-07	1.4214e-09	-1.4507e-09	2.7348e-10	3.1942e-07	-3.1958e-07	3.5154e-09	-3.1249e-09	2.7076e-10	3.1938e-07	-3.2004e-07	7.2068e-09	-5.8922e-09	2.7028e-10	3.1948e-07	-3.211e-07	1.3037399999999998e-08	-9.953199999999999e-09	2.7344000000000004e-10	3.1986e-07	-3.2308e-07	2.1591e-08	-1.55968e-08	2.7068000000000004e-10	3.202e-07	-3.2666e-07	3.394e-08	-2.30506e-08	2.7223e-10	3.1998e-07	-3.3134e-07
-0.17	2.9698000000000004e-10	-5.6137e-10	2.6749e-10	3.1956e-07	-3.1954e-07	1.382e-09	-1.3943e-09	2.5574000000000004e-10	3.1944e-07	-3.1966e-07	3.4529e-09	-3.0371e-09	2.5561e-10	3.1948e-07	-3.2002e-07	7.1184e-09	-5.7643e-09	2.5551000000000003e-10	3.1956e-07	-3.2108e-07	1.28666e-08	-9.775399999999998e-09	2.5275000000000003e-10	3.1984e-07	-3.231e-07	2.14586e-08	-1.5363999999999998e-08	2.5517e-10	3.2078e-07	-3.2694e-07	3.36714e-08	-2.27372e-08	2.5411e-10	3.1996e-07	-3.3104e-07
-0.165	2.7463e-10	-5.384200000000001e-10	2.5240000000000003e-10	3.1956e-07	-3.1954e-07	1.3389e-09	-1.3316e-09	2.3486e-10	3.1936e-07	-3.196e-07	3.3758e-09	-2.9527e-09	2.3787000000000003e-10	3.1954e-07	-3.2014e-07	6.9933e-09	-5.6255e-09	2.3809e-10	3.1954e-07	-3.2112e-07	1.2700399999999998e-08	-9.615e-09	2.3627e-10	3.1982e-07	-3.231e-07	2.12064e-08	-1.5128599999999998e-08	2.3647e-10	3.2016e-07	-3.2644e-07	3.3430599999999995e-08	-2.2434e-08	2.3471e-10	3.1996e-07	-3.3092e-07
-0.16	2.645e-10	-5.0117e-10	2.3637000000000003e-10	3.1958e-07	-3.1954e-07	1.3076e-09	-1.2833e-09	2.214e-10	3.1944e-07	-3.1962e-07	3.3045e-09	-2.8615e-09	2.1705e-10	3.1946e-07	-3.2014e-07	6.8754e-09	-5.5021e-09	2.1612000000000003e-10	3.1952e-07	-3.2106e-07	1.25308e-08	-9.4447e-09	2.1723e-10	3.198e-07	-3.2298e-07	2.0995e-08	-1.4889599999999998e-08	2.1588e-10	3.2072e-07	-3.2702e-07	3.3016599999999995e-08	-2.21358e-08	2.1795e-10	3.1996e-07	-3.3094e-07
-0.155	2.4949000000000003e-10	-4.7236e-10	2.2398e-10	3.196e-07	-3.1948e-07	1.2709e-09	-1.234e-09	2.017e-10	3.1944e-07	-3.1962e-07	3.2498e-09	-2.7781e-09	2.0296e-10	3.1956e-07	-3.2012e-07	6.782e-09	-5.3862e-09	2.0469e-10	3.1956e-07	-3.2112e-07	1.23924e-08	-9.2718e-09	2.022e-10	3.1974e-07	-3.2298e-07	2.07554e-08	-1.46626e-08	1.9977000000000002e-10	3.2078e-07	-3.2696e-07	3.2858599999999995e-08	-2.18472e-08	2.0040000000000003e-10	3.1992e-07	-3.3116e-07
-0.15	2.3289e-10	-4.4371e-10	2.0795e-10	3.1954e-07	-3.1948e-07	1.2375e-09	-1.1738e-09	1.8628e-10	3.1936e-07	-3.1958e-07	3.176e-09	-2.7016e-09	1.8454e-10	3.1956e-07	-3.2018e-07	6.6721e-09	-5.2468e-09	1.8175e-10	3.1956e-07	-3.2114e-07	1.22068e-08	-9.1018e-09	1.8025e-10	3.1974e-07	-3.2296e-07	2.05492e-08	-1.4428599999999998e-08	1.8148e-10	3.2078e-07	-3.2692e-07	3.2589599999999994e-08	-2.15458e-08	1.8119e-10	3.1998e-07	-3.3124e-07
-0.145	2.1723e-10	-4.1817e-10	1.9612e-10	3.1954e-07	-3.1954e-07	1.2068e-09	-1.1288e-09	1.6689e-10	3.1942e-07	-3.196e-07	3.1153e-09	-2.614e-09	1.6590000000000002e-10	3.1946e-07	-3.2012e-07	6.5646e-09	-5.1369e-09	1.68e-10	3.1948e-07	-3.2114e-07	1.20732e-08	-8.9279e-09	1.6706000000000002e-10	3.1978e-07	-3.2302e-07	2.03322e-08	-1.4211199999999998e-08	1.6428e-10	3.202e-07	-3.2636e-07	3.2285999999999995e-08	-2.1261e-08	1.6536e-10	3.1992e-07	-3.3098e-07
-0.14	2.0927e-10	-3.9132000000000005e-10	1.8174e-10	3.1962e-07	-3.1958e-07	1.1797e-09	-1.0835e-09	1.5136e-10	3.1938e-07	-3.196e-07	3.0632e-09	-2.5395e-09	1.5027000000000001e-10	3.1944e-07	-3.2014e-07	6.4649e-09	-5.0205e-09	1.4724e-10	3.1948e-07	-3.211e-07	1.19466e-08	-8.7584e-09	1.4519000000000002e-10	3.1968e-07	-3.2298e-07	2.0102e-08	-1.39802e-08	1.4619e-10	3.203e-07	-3.2654e-07	3.2047e-08	-2.09808e-08	1.4437e-10	3.1988e-07	-3.3082e-07
-0.135	1.9338e-10	-3.6472e-10	1.7259000000000002e-10	3.1952e-07	-3.195e-07	1.1506e-09	-1.0361e-09	1.3010000000000002e-10	3.194e-07	-3.1964e-07	2.9964e-09	-2.4622e-09	1.3096e-10	3.1956e-07	-3.202e-07	6.3593e-09	-4.8964e-09	1.3064e-10	3.1952e-07	-3.2106e-07	1.17928e-08	-8.5975e-09	1.2856000000000002e-10	3.1982e-07	-3.2296e-07	1.98778e-08	-1.3760599999999998e-08	1.2579e-10	3.2022e-07	-3.264e-07	3.17984e-08	-2.06888e-08	1.2539000000000002e-10	3.1986e-07	-3.3094e-07
-0.13	1.7851e-10	-3.4141e-10	1.5655000000000002e-10	3.1956e-07	-3.1946e-07	1.1207e-09	-9.9096e-10	1.1552e-10	3.1936e-07	-3.1956e-07	2.9345e-09	-2.383e-09	1.0877e-10	3.1954e-07	-3.2012e-07	6.2624e-09	-4.7868e-09	1.1097e-10	3.1946e-07	-3.2104e-07	1.1628399999999998e-08	-8.4372e-09	1.0747e-10	3.1966e-07	-3.229e-07	1.96696e-08	-1.35486e-08	1.0789000000000001e-10	3.2022e-07	-3.27e-07	3.1512799999999995e-08	-2.04098e-08	1.067e-10	3.1998e-07	-3.3108e-07
-0.125	1.6955000000000002e-10	-3.2081e-10	1.4841e-10	3.1944e-07	-3.1952e-07	1.097e-09	-9.4429e-10	9.212e-11	3.1948e-07	-3.1966e-07	2.8921e-09	-2.3188e-09	9.463e-11	3.1948e-07	-3.2012e-07	6.1745e-09	-4.6752e-09	9.014e-11	3.1954e-07	-3.2106e-07	1.14844e-08	-8.2751e-09	8.882000000000001e-11	3.1962e-07	-3.228e-07	1.9456e-08	-1.33308e-08	8.505e-11	3.2084e-07	-3.2712e-07	3.12052e-08	-2.01382e-08	8.524e-11	3.1994e-07	-3.3084e-07
-0.12	1.5605000000000002e-10	-2.9859e-10	1.3485e-10	3.1954e-07	-3.1948e-07	1.073e-09	-9.0773e-10	7.287e-11	3.1946e-07	-3.197e-07	2.8345e-09	-2.2371e-09	6.937e-11	3.1954e-07	-3.201e-07	6.0875e-09	-4.5609e-09	7.092e-11	3.1948e-07	-3.2108e-07	1.13314e-08	-8.1188e-09	6.474e-11	3.1966e-07	-3.2286e-07	1.92646e-08	-1.3119399999999998e-08	6.249000000000001e-11	3.2018e-07	-3.262e-07	3.0855999999999995e-08	-1.9855e-08	6.182e-11	3.1998e-07	-3.3082e-07
-0.115	1.4674e-10	-2.7446e-10	1.2482000000000001e-10	3.1944e-07	-3.1948e-07	1.0651e-09	-8.624900000000001e-10	5.055e-11	3.194e-07	-3.1964e-07	2.7873e-09	-2.1744e-09	4.8460000000000006e-11	3.1952e-07	-3.2012e-07	6.0666e-09	-4.4588e-09	4.713e-11	3.195e-07	-3.211e-07	1.12216e-08	-7.9637e-09	4.464e-11	3.1964e-07	-3.2298e-07	1.91814e-08	-1.2913799999999998e-08	4.1680000000000005e-11	3.2016e-07	-3.2628e-07	3.0617599999999995e-08	-1.95894e-08	3.867e-11	3.1994e-07	-3.3084e-07
-0.11	1.3861e-10	-2.5822e-10	1.1325e-10	3.1954e-07	-3.1952e-07	1.0414e-09	-8.2111e-10	2.793e-11	3.1942e-07	-3.1964e-07	2.7483e-09	-2.1045e-09	2.4140000000000003e-11	3.1942e-07	-3.2008e-07	5.9073e-09	-4.3491e-09	2.3210000000000003e-11	3.195e-07	-3.2106e-07	1.11094e-08	-7.8075e-09	1.82e-11	3.1966e-07	-3.2292e-07	1.89424e-08	-1.2701599999999998e-08	1.524e-11	3.202e-07	-3.264e-07	3.0409199999999995e-08	-1.93022e-08	1.344e-11	3.1996e-07	-3.3088e-07
-0.105	1.2972000000000002e-10	-2.3672000000000004e-10	1.033e-10	3.195e-07	-3.194e-07	1.0252e-09	-7.905e-10	-1.22e-12	3.1948e-07	-3.1962e-07	2.707e-09	-2.0338e-09	-2.2000000000000002e-13	3.1936e-07	-3.1992e-07	5.8407e-09	-4.2407e-09	-3.640000000000001e-12	3.195e-07	-3.2106e-07	1.09732e-08	-7.6584e-09	-1.0030000000000001e-11	3.197e-07	-3.2286e-07	1.87986e-08	-1.2503799999999998e-08	-1.2370000000000002e-11	3.201e-07	-3.2624e-07	3.02312e-08	-1.90494e-08	-1.515e-11	3.1998e-07	-3.3078e-07
-0.1	1.2631e-10	-2.157e-10	9.488e-11	3.1952e-07	-3.1948e-07	1.0249e-09	-7.484100000000001e-10	-2.621e-11	3.194e-07	-3.1958e-07	2.6688e-09	-1.9696e-09	-3.0530000000000003e-11	3.194e-07	-3.2006e-07	5.7534e-09	-4.144e-09	-3.27e-11	3.195e-07	-3.2106e-07	1.08246e-08	-7.5168e-09	-3.767e-11	3.1968e-07	-3.2288e-07	1.86138e-08	-1.2296399999999998e-08	-4.351e-11	3.2012e-07	-3.2636e-07	2.98938e-08	-1.8782e-08	-4.772e-11	3.1998e-07	-3.308e-07
-0.095	1.107e-10	-2.0414e-10	8.256000000000001e-11	3.195e-07	-3.1948e-07	1.0142e-09	-7.133900000000001e-10	-5.7990000000000005e-11	3.1942e-07	-3.1964e-07	2.6353e-09	-1.9114e-09	-6.275e-11	3.1936e-07	-3.1994e-07	5.6877e-09	-4.0404e-09	-6.73e-11	3.1942e-07	-3.21e-07	1.07448e-08	-7.3661e-09	-7.521e-11	3.196e-07	-3.2282e-07	1.84276e-08	-1.2095e-08	-7.732000000000001e-11	3.201e-07	-3.262e-07	2.96314e-08	-1.85172e-08	-8.126000000000001e-11	3.1996e-07	-3.3082e-07
-0.09	1.1e-10	-1.8368e-10	7.631e-11	3.1944e-07	-3.1942e-07	1.0157e-09	-6.7725e-10	-9.724e-11	3.1946e-07	-3.1962e-07	2.6126e-09	-1.8416e-09	-9.906e-11	3.1942e-07	-3.2006e-07	5.6401e-09	-3.9406e-09	-9.836e-11	3.1948e-07	-3.2106e-07	1.06024e-08	-7.224e-09	-1.1248e-10	3.1962e-07	-3.228e-07	1.82648e-08	-1.1903e-08	-1.1718e-10	3.2016e-07	-3.2634e-07	2.93608e-08	-1.8265e-08	-1.2085e-10	3.1992e-07	-3.3078e-07
-0.085	1.0547e-10	-1.6572000000000002e-10	6.212e-11	3.1944e-07	-3.1952e-07	1.0233e-09	-6.475200000000001e-10	-1.3509000000000002e-10	3.1946e-07	-3.1966e-07	2.5846e-09	-1.7849e-09	-1.3891000000000001e-10	3.1936e-07	-3.1996e-07	5.5741e-09	-3.845e-09	-1.4550000000000001e-10	3.1944e-07	-3.2106e-07	1.052e-08	-7.0846e-09	-1.5537e-10	3.1954e-07	-3.2284e-07	1.81212e-08	-1.1706199999999998e-08	-1.6317000000000002e-10	3.2016e-07	-3.2626e-07	2.91358e-08	-1.80036e-08	-1.6628000000000002e-10	3.1992e-07	-3.3074e-07
-0.08	9.582e-11	-1.5808e-10	5.742000000000001e-11	3.195e-07	-3.1946e-07	1.0421e-09	-6.1255e-10	-1.7942e-10	3.1948e-07	-3.197e-07	2.5755e-09	-1.7276e-09	-1.8722000000000003e-10	3.1944e-07	-3.2004e-07	5.5248e-09	-3.7505e-09	-1.9117e-10	3.1946e-07	-3.21e-07	1.04346e-08	-6.9406e-09	-2.0325e-10	3.195e-07	-3.2278e-07	1.79286e-08	-1.1516e-08	-2.1148000000000003e-10	3.2008e-07	-3.2626e-07	2.90526e-08	-1.77534e-08	-2.1952e-10	3.199e-07	-3.3066e-07
-0.075	9.573e-11	-1.3757000000000002e-10	4.293e-11	3.1948e-07	-3.1946e-07	1.06e-09	-5.773000000000001e-10	-2.3328e-10	3.1944e-07	-3.1964e-07	2.5712e-09	-1.664e-09	-2.3605000000000003e-10	3.1948e-07	-3.2008e-07	5.4756e-09	-3.6558e-09	-2.4344000000000004e-10	3.1942e-07	-3.21e-07	1.03698e-08	-6.8005e-09	-2.6187e-10	3.196e-07	-3.228e-07	1.7858999999999998e-08	-1.13244e-08	-2.6923e-10	3.2008e-07	-3.2612e-07	2.87638e-08	-1.75024e-08	-2.7529000000000004e-10	3.1988e-07	-3.3098e-07
-0.07	9.032e-11	-1.2615e-10	3.529e-11	3.1954e-07	-3.1942e-07	1.0893e-09	-5.5342e-10	-2.9561000000000003e-10	3.1942e-07	-3.1966e-07	2.5695e-09	-1.6136e-09	-2.9756e-10	3.194e-07	-3.2006e-07	5.4645e-09	-3.5612e-09	-3.0917000000000003e-10	3.1948e-07	-3.2106e-07	1.02682e-08	-6.6721e-09	-3.2458000000000003e-10	3.1964e-07	-3.2286e-07	1.7595999999999998e-08	-1.11306e-08	-3.3602000000000005e-10	3.2016e-07	-3.263e-07	2.86164e-08	-1.72454e-08	-3.4395000000000004e-10	3.1986e-07	-3.3064e-07
-0.065	9.37e-11	-1.1438e-10	2.388e-11	3.1954e-07	-3.195e-07	1.136e-09	-5.235100000000001e-10	-3.6014e-10	3.1934e-07	-3.1956e-07	2.5858e-09	-1.5549e-09	-3.698e-10	3.1942e-07	-3.2008e-07	5.4382e-09	-3.4797e-09	-3.7856e-10	3.1946e-07	-3.21e-07	1.0206999999999998e-08	-6.5391e-09	-4.0241e-10	3.1954e-07	-3.228e-07	1.7546999999999998e-08	-1.09526e-08	-4.1243e-10	3.1998e-07	-3.2608e-07	2.8488e-08	-1.70086e-08	-4.2643000000000005e-10	3.199e-07	-3.3072e-07
-0.06	8.401e-11	-1.0229e-10	1.3590000000000002e-11	3.1954e-07	-3.1952e-07	1.1776e-09	-4.8844e-10	-4.4767e-10	3.1944e-07	-3.1958e-07	2.6127e-09	-1.4995e-09	-4.4947000000000005e-10	3.1932e-07	-3.2e-07	5.4237e-09	-3.3839e-09	-4.6483e-10	3.1944e-07	-3.2096e-07	1.02038e-08	-6.4026e-09	-4.8861e-10	3.1958e-07	-3.2278e-07	1.74868e-08	-1.0765199999999998e-08	-5.0301e-10	3.2016e-07	-3.2614e-07	2.82556e-08	-1.67526e-08	-5.151300000000001e-10	3.1986e-07	-3.3094e-07
-0.055	9.31e-11	-9.376e-11	3.3e-13	3.1956e-07	-3.1952e-07	1.2497e-09	-4.696900000000001e-10	-5.3841e-10	3.1942e-07	-3.1962e-07	2.6551e-09	-1.4508e-09	-5.4815e-10	3.1936e-07	-3.2002e-07	5.4467e-09	-3.2972e-09	-5.5949e-10	3.1946e-07	-3.2112e-07	1.01514e-08	-6.2739e-09	-5.919200000000001e-10	3.1962e-07	-3.2278e-07	1.74154e-08	-1.0589e-08	-6.089900000000001e-10	3.2006e-07	-3.2626e-07	2.82076e-08	-1.65292e-08	-6.2418e-10	3.1992e-07	-3.3084e-07
-0.05	9.371e-11	-7.814e-11	-8.21e-12	3.1948e-07	-3.1944e-07	1.3347e-09	-4.4414e-10	-6.479e-10	3.194e-07	-3.196e-07	2.7147e-09	-1.3997e-09	-6.584800000000001e-10	3.1948e-07	-3.2004e-07	5.4701e-09	-3.2144e-09	-6.752300000000001e-10	3.1942e-07	-3.2098e-07	1.0139e-08	-6.1451e-09	-7.134500000000001e-10	3.1958e-07	-3.2278e-07	1.73758e-08	-1.04074e-08	-7.3449e-10	3.2002e-07	-3.2664e-07	2.80146e-08	-1.6285999999999998e-08	-7.4534e-10	3.1986e-07	-3.308e-07
-0.045	9.034e-11	-7.236000000000001e-11	-2.817e-11	3.1952e-07	-3.1946e-07	1.4338e-09	-4.1299e-10	-7.738900000000001e-10	3.1932e-07	-3.196e-07	2.8023e-09	-1.3445e-09	-7.8941e-10	3.1934e-07	-3.2002e-07	5.5271e-09	-3.1324e-09	-8.056000000000001e-10	3.1948e-07	-3.2094e-07	1.0134399999999998e-08	-6.0186e-09	-8.4982e-10	3.1954e-07	-3.2278e-07	1.7306999999999997e-08	-1.023e-08	-8.748e-10	3.2e-07	-3.2608e-07	2.79218e-08	-1.60494e-08	-8.952500000000001e-10	3.1982e-07	-3.3072e-07
-0.04	1.0059e-10	-6.049e-11	-3.849e-11	3.195e-07	-3.1942e-07	1.5588e-09	-3.9448e-10	-9.275400000000001e-10	3.1936e-07	-3.1956e-07	2.9089e-09	-1.3028e-09	-9.3685e-10	3.1938e-07	-3.2002e-07	5.6007e-09	-3.0464e-09	-9.585e-10	3.1948e-07	-3.2106e-07	1.01662e-08	-5.8941e-09	-1.01201e-09	3.1954e-07	-3.227e-07	1.7288e-08	-1.0059e-08	-1.04319e-09	3.2002e-07	-3.2622e-07	2.77726e-08	-1.58208e-08	-1.07084e-09	3.199e-07	-3.3062e-07
-0.035	1.0771e-10	-5.047e-11	-5.517e-11	3.1948e-07	-3.1946e-07	1.7138e-09	-3.7125e-10	-1.0953500000000002e-09	3.1936e-07	-3.196e-07	3.0326e-09	-1.2513e-09	-1.11526e-09	3.1938e-07	-3.2002e-07	5.69e-09	-2.9693e-09	-1.1386200000000001e-09	3.1948e-07	-3.2106e-07	1.02678e-08	-5.7766e-09	-1.2071e-09	3.1956e-07	-3.2284e-07	1.7368199999999998e-08	-9.8828e-09	-1.2393e-09	3.2e-07	-3.2606e-07	2.79116e-08	-1.5584399999999998e-08	-1.2633e-09	3.1984e-07	-3.3052e-07
-0.03	1.2289e-10	-4.231e-11	-7.698e-11	3.1948e-07	-3.1944e-07	1.908e-09	-3.4385e-10	-1.3104e-09	3.1938e-07	-3.1956e-07	3.1965e-09	-1.1999e-09	-1.3333e-09	3.1932e-07	-3.2002e-07	5.839e-09	-2.8872e-09	-1.3615e-09	3.195e-07	-3.2108e-07	1.03658e-08	-5.6519e-09	-1.4487e-09	3.196e-07	-3.2282e-07	1.73602e-08	-9.7172e-09	-1.4742e-09	3.1998e-07	-3.2614e-07	2.78938e-08	-1.5355799999999998e-08	-1.5054e-09	3.1986e-07	-3.3056e-07
-0.025	1.3028e-10	-3.647e-11	-9.864e-11	3.1948e-07	-3.1948e-07	2.1201e-09	-3.2354e-10	-1.5511e-09	3.194e-07	-3.1966e-07	3.404e-09	-1.1579e-09	-1.5788e-09	3.1938e-07	-3.2002e-07	6.0044e-09	-2.8153e-09	-1.6149e-09	3.1948e-07	-3.2106e-07	1.05278e-08	-5.5359e-09	-1.7035e-09	3.1956e-07	-3.2272e-07	1.751e-08	-9.5625e-09	-1.7422e-09	3.2006e-07	-3.2668e-07	2.78554e-08	-1.51296e-08	-1.7737e-09	3.1992e-07	-3.3094e-07
-0.02	1.5629e-10	-2.437e-11	-1.2202e-10	3.195e-07	-3.195e-07	2.3906e-09	-3.0465000000000003e-10	-1.8418e-09	3.1936e-07	-3.1966e-07	3.6446e-09	-1.123e-09	-1.8625e-09	3.194e-07	-3.2006e-07	6.23e-09	-2.7334e-09	-1.9212e-09	3.1942e-07	-3.2106e-07	1.07346e-08	-5.42e-09	-2.0217e-09	3.1958e-07	-3.2272e-07	1.7645799999999997e-08	-9.3937e-09	-2.0611e-09	3.1988e-07	-3.2602e-07	2.78598e-08	-1.48988e-08	-2.1266e-09	3.1984e-07	-3.3066e-07
-0.015	1.6896e-10	-1.9330000000000003e-11	-1.5579e-10	3.195e-07	-3.1948e-07	2.6995e-09	-2.8433000000000004e-10	-2.1849e-09	3.1944e-07	-3.1964e-07	3.9464e-09	-1.0735e-09	-2.2222e-09	3.194e-07	-3.2006e-07	6.5086e-09	-2.6636e-09	-2.2641e-09	3.1946e-07	-3.21e-07	1.09464e-08	-5.3028e-09	-2.3951e-09	3.1956e-07	-3.2278e-07	1.78234e-08	-9.2398e-09	-2.4412e-09	3.2006e-07	-3.26e-07	2.80716e-08	-1.46802e-08	-2.4954e-09	3.198e-07	-3.3062e-07
-0.01	1.9386e-10	-1.4960000000000002e-11	-1.8886e-10	3.1946e-07	-3.1946e-07	3.0989e-09	-2.6451e-10	-2.5775e-09	3.1948e-07	-3.1966e-07	4.3162e-09	-1.0311e-09	-2.6172e-09	3.1936e-07	-3.2e-07	6.8525e-09	-2.5897e-09	-2.688e-09	3.1948e-07	-3.21e-07	1.12976e-08	-5.1887e-09	-2.8477e-09	3.1948e-07	-3.2272e-07	1.81008e-08	-9.0751e-09	-2.8858e-09	3.1996e-07	-3.2598e-07	2.81836e-08	-1.44682e-08	-2.9602e-09	3.1984e-07	-3.3082e-07
-0.005	2.2969e-10	-6.280000000000001e-12	-2.2583e-10	3.195e-07	-3.1948e-07	3.5382e-09	-2.4908000000000003e-10	-3.0492e-09	3.1948e-07	-3.1972e-07	4.7512e-09	-9.915e-10	-3.1177e-09	3.1944e-07	-3.2002e-07	7.267e-09	-2.5134e-09	-3.1573e-09	3.195e-07	-3.2102e-07	1.17134e-08	-5.0703e-09	-3.3628e-09	3.1952e-07	-3.227e-07	1.85514e-08	-8.9167e-09	-3.4185e-09	3.1998e-07	-3.261e-07	2.87508e-08	-1.42474e-08	-3.5032e-09	3.1978e-07	-3.3068e-07
0.0	2.5543e-10	-9.200000000000001e-13	-2.6016e-10	3.1948e-07	-3.1942e-07	4.0682e-09	-2.246e-10	-3.6065e-09	3.1952e-07	-3.1966e-07	5.3003e-09	-9.5417e-10	-3.7024e-09	3.1932e-07	-3.2006e-07	7.7772e-09	-2.4476e-09	-3.7492e-09	3.1944e-07	-3.2096e-07	1.22012e-08	-4.9653e-09	-4.0114e-09	3.1954e-07	-3.2268e-07	1.89834e-08	-8.7538e-09	-4.0649e-09	3.2004e-07	-3.2616e-07	2.91008e-08	-1.40344e-08	-4.146e-09	3.1972e-07	-3.307e-07
0.005	3.1558e-10	6.91e-12	-3.3007000000000003e-10	3.1944e-07	-3.1936e-07	4.7198e-09	-2.1545e-10	-4.2494e-09	3.1948e-07	-3.1972e-07	5.9458e-09	-9.1423e-10	-4.3631e-09	3.1938e-07	-3.1996e-07	8.4083e-09	-2.3771e-09	-4.463e-09	3.1942e-07	-3.2108e-07	1.28402e-08	-4.8556e-09	-4.6811e-09	3.1954e-07	-3.228e-07	1.95314e-08	-8.6031e-09	-4.7995e-09	3.2004e-07	-3.26e-07	2.94842e-08	-1.3819799999999998e-08	-4.9334e-09	3.1968e-07	-3.3064e-07
0.01	3.6185000000000005e-10	1.471e-11	-3.8097e-10	3.1942e-07	-3.1942e-07	5.4917999999999996e-09	-1.9526e-10	-5.0587e-09	3.1948e-07	-3.1972e-07	6.7128e-09	-8.7825e-10	-5.1653e-09	3.1938e-07	-3.2004e-07	9.1514e-09	-2.3077e-09	-5.2904e-09	3.195e-07	-3.2102e-07	1.3525199999999998e-08	-4.7515e-09	-5.5436e-09	3.1954e-07	-3.2278e-07	2.02242e-08	-8.4425e-09	-5.6515e-09	3.2054e-07	-3.2638e-07	3.02812e-08	-1.36164e-08	-5.8013e-09	3.1978e-07	-3.3066e-07
0.015	4.5872000000000005e-10	1.7780000000000002e-11	-4.2756e-10	3.1942e-07	-3.1944e-07	6.3883e-09	-1.7668e-10	-5.9683e-09	3.1952e-07	-3.1976e-07	7.6096e-09	-8.4045e-10	-6.1364e-09	3.1938e-07	-3.2e-07	1.0056e-08	-2.2443e-09	-6.2256e-09	3.1942e-07	-3.2108e-07	1.4480399999999998e-08	-4.6447e-09	-6.5441e-09	3.195e-07	-3.2266e-07	2.11436e-08	-8.2946e-09	-6.6737e-09	3.199e-07	-3.26e-07	3.10438e-08	-1.34082e-08	-6.8396e-09	3.1974e-07	-3.3044e-07
0.02	5.2502e-10	2.8200000000000003e-11	-5.381300000000001e-10	3.1954e-07	-3.1946e-07	7.4983e-09	-1.6920000000000002e-10	-7.0435e-09	3.1942e-07	-3.1964e-07	8.6781e-09	-8.074100000000001e-10	-7.1954e-09	3.1936e-07	-3.1996e-07	1.11553e-08	-2.1784e-09	-7.3673e-09	3.1944e-07	-3.2106e-07	1.55924e-08	-4.5418e-09	-7.7842e-09	3.1946e-07	-3.2272e-07	2.22234e-08	-8.14e-09	-7.8981e-09	3.1998e-07	-3.2602e-07	3.2073399999999994e-08	-1.3196e-08	-8.1221e-09	3.1974e-07	-3.3058e-07
0.025	6.1841e-10	2.6520000000000003e-11	-6.5152e-10	3.1946e-07	-3.1944e-07	8.7145e-09	-1.4896000000000002e-10	-8.3216e-09	3.1938e-07	-3.1966e-07	9.875e-09	-7.655600000000001e-10	-8.4832e-09	3.1944e-07	-3.2004e-07	1.2497e-08	-2.1152e-09	-8.7265e-09	3.1942e-07	-3.2108e-07	1.70088e-08	-4.4356e-09	-9.1917e-09	3.1952e-07	-3.2284e-07	2.34454e-08	-7.9988e-09	-9.3258e-09	3.199e-07	-3.2608e-07	3.3430599999999995e-08	-1.3e-08	-9.5427e-09	3.1972e-07	-3.3034e-07
0.03	7.3018e-10	3.716e-11	-7.330400000000001e-10	3.1958e-07	-3.1952e-07	1.01858e-08	-1.3487000000000002e-10	-9.8086e-09	3.1932e-07	-3.1958e-07	1.14725e-08	-7.3875e-10	-1.00452e-08	3.1942e-07	-3.2008e-07	1.40218e-08	-2.0474e-09	-1.02312e-08	3.1944e-07	-3.2108e-07	1.8573e-08	-4.337e-09	-1.08327e-08	3.1944e-07	-3.228e-07	2.50718e-08	-7.8473e-09	-1.11107e-08	3.2044e-07	-3.2584e-07	3.48888e-08	-1.27914e-08	-1.13378e-08	3.1972e-07	-3.3034e-07
0.035	8.465100000000001e-10	3.991e-11	-9.0286e-10	3.1962e-07	-3.1946e-07	1.2043199999999998e-08	-1.2382000000000002e-10	-1.16568e-08	3.1932e-07	-3.1958e-07	1.33196e-08	-7.013500000000001e-10	-1.19362e-08	3.1948e-07	-3.201e-07	1.5817e-08	-1.9886e-09	-1.2153399999999998e-08	3.1946e-07	-3.211e-07	2.03488e-08	-4.235e-09	-1.27756e-08	3.1954e-07	-3.229e-07	2.6949e-08	-7.7063e-09	-1.31036e-08	3.1986e-07	-3.2596e-07	3.675559999999999e-08	-1.26026e-08	-1.33792e-08	3.1966e-07	-3.3032e-07
0.04	1.00453e-09	4.378e-11	-1.04433e-09	3.1958e-07	-3.1948e-07	1.41988e-08	-1.0669e-10	-1.38152e-08	3.1934e-07	-3.1958e-07	1.5447e-08	-6.7573e-10	-1.4100199999999998e-08	3.1944e-07	-3.2002e-07	1.79776e-08	-1.9298e-09	-1.44258e-08	3.1938e-07	-3.2104e-07	2.258e-08	-4.139e-09	-1.5137399999999997e-08	3.196e-07	-3.2288e-07	2.91886e-08	-7.5591e-09	-1.55392e-08	3.1986e-07	-3.2604e-07	3.90858e-08	-1.2396e-08	-1.5775799999999998e-08	3.1974e-07	-3.3058e-07
0.045	1.13024e-09	5.029e-11	-1.2188e-09	3.196e-07	-3.1948e-07	1.6664199999999997e-08	-1.0071e-10	-1.6288199999999998e-08	3.1942e-07	-3.196e-07	1.7930199999999997e-08	-6.44e-10	-1.6614e-08	3.1944e-07	-3.2008e-07	2.04984e-08	-1.8708e-09	-1.6982999999999997e-08	3.194e-07	-3.2112e-07	2.53254e-08	-4.0427e-09	-1.7886e-08	3.1956e-07	-3.2286e-07	3.1866599999999995e-08	-7.4237e-09	-1.83606e-08	3.1992e-07	-3.2588e-07	4.16626e-08	-1.2208199999999998e-08	-1.8674e-08	3.1966e-07	-3.3058e-07
0.05	1.4796e-09	5.568e-11	-1.4413e-09	3.1954e-07	-3.1952e-07	1.95976e-08	-8.364e-11	-1.92832e-08	3.1944e-07	-3.1962e-07	2.08398e-08	-6.115100000000001e-10	-1.9612e-08	3.1944e-07	-3.201e-07	2.35844e-08	-1.8101e-09	-2.00618e-08	3.1948e-07	-3.2108e-07	2.84572e-08	-3.9465999999999996e-09	-2.11396e-08	3.1948e-07	-3.2284e-07	3.5086999999999995e-08	-7.2827e-09	-2.17926e-08	3.1992e-07	-3.2582e-07	4.4978e-08	-1.20132e-08	-2.21712e-08	3.1972e-07	-3.3028e-07
0.055	1.6571e-09	6.152000000000001e-11	-1.7159e-09	3.1952e-07	-3.195e-07	2.30726e-08	-7.51e-11	-2.27956e-08	3.194e-07	-3.1964e-07	2.44764e-08	-5.763000000000001e-10	-2.3164e-08	3.1948e-07	-3.2008e-07	2.70876e-08	-1.7519e-09	-2.37278e-08	3.1944e-07	-3.2106e-07	3.21622e-08	-3.853e-09	-2.48704e-08	3.1952e-07	-3.228e-07	3.88658e-08	-7.1436e-09	-2.56392e-08	3.198e-07	-3.2596e-07	4.86392e-08	-1.18266e-08	-2.60072e-08	3.1972e-07	-3.3016e-07
0.06	1.8969e-09	6.771e-11	-1.9702e-09	3.1952e-07	-3.1954e-07	2.72594e-08	-6.315000000000001e-11	-2.69632e-08	3.1938e-07	-3.1952e-07	2.86534e-08	-5.526400000000001e-10	-2.7338e-08	3.195e-07	-3.2014e-07	3.1505e-08	-1.6974e-09	-2.80266e-08	3.1942e-07	-3.2104e-07	3.67178e-08	-3.7627e-09	-2.94668e-08	3.1946e-07	-3.2284e-07	4.33746e-08	-6.9975e-09	-3.0374799999999995e-08	3.1966e-07	-3.2578e-07	5.321259999999999e-08	-1.16242e-08	-3.0918999999999994e-08	3.1974e-07	-3.3024e-07
0.065	2.2953e-09	7.644000000000001e-11	-2.3879e-09	3.1958e-07	-3.1952e-07	3.22694e-08	-5.7200000000000007e-11	-3.18216e-08	3.1938e-07	-3.1958e-07	3.34622e-08	-5.2244e-10	-3.2307999999999994e-08	3.1946e-07	-3.2016e-07	3.642639999999999e-08	-1.6443e-09	-3.31898e-08	3.1942e-07	-3.2106e-07	4.190479999999999e-08	-3.67e-09	-3.50536e-08	3.1952e-07	-3.228e-07	4.86722e-08	-6.8704e-09	-3.56828e-08	3.1962e-07	-3.2564e-07	5.87138e-08	-1.1446e-08	-3.6634e-08	3.1966e-07	-3.3022e-07
0.07	2.7759e-09	8.226000000000001e-11	-2.8071e-09	3.1956e-07	-3.1952e-07	3.78852e-08	-4.2590000000000005e-11	-3.75974e-08	3.1946e-07	-3.1966e-07	3.9397e-08	-4.9648e-10	-3.8177e-08	3.1948e-07	-3.2006e-07	4.23744e-08	-1.59e-09	-3.90972e-08	3.1944e-07	-3.2108e-07	4.85078e-08	-3.5787e-09	-4.14876e-08	3.195e-07	-3.2274e-07	5.51762e-08	-6.7329e-09	-4.23546e-08	3.1968e-07	-3.2564e-07	6.531919999999999e-08	-1.1255e-08	-4.31192e-08	3.1968e-07	-3.3016e-07
0.075	3.1766e-09	8.657e-11	-3.2025e-09	3.195e-07	-3.1948e-07	4.47866e-08	-3.1950000000000003e-11	-4.44294e-08	3.195e-07	-3.1968e-07	4.6414e-08	-4.648e-10	-4.51696e-08	3.1948e-07	-3.2008e-07	4.97168e-08	-1.5315e-09	-4.6429e-08	3.194e-07	-3.2106e-07	5.5712e-08	-3.4948e-09	-4.89214e-08	3.1948e-07	-3.2286e-07	6.280139999999999e-08	-6.6013e-09	-5.02488e-08	3.1966e-07	-3.2566e-07	7.27832e-08	-1.1072399999999998e-08	-5.0984e-08	3.197e-07	-3.3022e-07
0.08	3.8319e-09	9.276e-11	-3.9521e-09	3.195e-07	-3.1948e-07	5.289379999999999e-08	-1.958e-11	-5.25814e-08	3.1948e-07	-3.1968e-07	5.45468e-08	-4.4499e-10	-5.33416e-08	3.1944e-07	-3.202e-07	5.78974e-08	-1.4816e-09	-5.48306e-08	3.194e-07	-3.2112e-07	6.44076e-08	-3.4096e-09	-5.7789e-08	3.1944e-07	-3.2274e-07	7.17418e-08	-6.4675e-09	-5.903559999999999e-08	3.1966e-07	-3.2566e-07	8.16434e-08	-1.0892e-08	-6.032739999999999e-08	3.1974e-07	-3.304e-07
0.085	4.5262e-09	9.72e-11	-4.6065e-09	3.1952e-07	-3.1952e-07	6.24648e-08	-1.883e-11	-6.22604e-08	3.1942e-07	-3.197e-07	6.432699999999999e-08	-4.1088e-10	-6.31366e-08	3.1942e-07	-3.2006e-07	6.781619999999999e-08	-1.4311e-09	-6.473059999999999e-08	3.1944e-07	-3.2108e-07	7.5327e-08	-3.3168e-09	-6.84562e-08	3.1942e-07	-3.2274e-07	8.27414e-08	-6.3442e-09	-7.020559999999999e-08	3.1964e-07	-3.256e-07	9.317179999999998e-08	-1.0712e-08	-7.158299999999999e-08	3.1966e-07	-3.3022e-07
0.09	5.1537e-09	1.0569e-10	-5.3345e-09	3.1956e-07	-3.1952e-07	7.38168e-08	-1.2500000000000001e-12	-7.34142e-08	3.1944e-07	-3.197e-07	7.595779999999999e-08	-3.8895e-10	-7.46598e-08	3.1944e-07	-3.2012e-07	7.974319999999999e-08	-1.3832e-09	-7.677479999999999e-08	3.1938e-07	-3.2102e-07	8.733999999999999e-08	-3.2356e-09	-8.09934e-08	3.1944e-07	-3.2272e-07	9.5196e-08	-6.2155e-09	-8.302979999999999e-08	3.1964e-07	-3.2566e-07	1.056336e-07	-1.0537e-08	-8.4313e-08	3.1968e-07	-3.3016e-07
0.095	6.3135e-09	1.0843e-10	-6.3752e-09	3.1952e-07	-3.1952e-07	8.741219999999999e-08	9.33e-12	-8.70396e-08	3.195e-07	-3.1972e-07	8.943779999999999e-08	-3.6303e-10	-8.84922e-08	3.195e-07	-3.2012e-07	9.36772e-08	-1.3297e-09	-9.06432e-08	3.194e-07	-3.2112e-07	1.02481e-07	-3.154e-09	-9.58968e-08	3.195e-07	-3.2272e-07	1.1054940000000001e-07	-6.09e-09	-9.81674e-08	3.1962e-07	-3.256e-07	1.2148e-07	-1.03624e-08	-9.992759999999998e-08	3.1968e-07	-3.303e-07
0.1	7.5436e-09	1.205e-10	-7.6011e-09	3.1956e-07	-3.1954e-07	1.0287840000000001e-07	1.408e-11	-1.0303379999999998e-07	3.1944e-07	-3.1964e-07	1.052936e-07	-3.4233000000000005e-10	-1.042676e-07	3.1944e-07	-3.2012e-07	1.1032100000000001e-07	-1.2811e-09	-1.0748400000000001e-07	3.1948e-07	-3.211e-07	1.1938e-07	-3.0749e-09	-1.1288460000000001e-07	3.1948e-07	-3.2272e-07	1.2786e-07	-5.9646e-09	-1.1542e-07	3.1954e-07	-3.256e-07	1.3886e-07	-1.01842e-08	-1.1766e-07	3.1962e-07	-3.3046e-07
0.105	8.9454e-09	1.2993e-10	-8.8411e-09	3.1956e-07	-3.1952e-07	1.2238e-07	1.801e-11	-1.2156e-07	3.1944e-07	-3.1966e-07	1.2392e-07	-3.1923000000000004e-10	-1.2464e-07	3.194e-07	-3.2006e-07	1.3074e-07	-1.2375e-09	-1.2648e-07	3.194e-07	-3.21e-07	1.4008e-07	-2.9894e-09	-1.3326e-07	3.1948e-07	-3.2266e-07	1.4952e-07	-5.8433e-09	-1.3686e-07	3.1964e-07	-3.256e-07	1.6076e-07	-1.00076e-08	-1.3976e-07	3.1962e-07	-3.302e-07
0.11	1.0431e-08	1.3323000000000001e-10	-1.0609e-08	3.1952e-07	-3.1952e-07	1.442e-07	3.657e-11	-1.4466e-07	3.1936e-07	-3.1958e-07	1.48e-07	-2.9725000000000003e-10	-1.4688e-07	3.1948e-07	-3.201e-07	1.5274e-07	-1.1908e-09	-1.505e-07	3.1942e-07	-3.2106e-07	1.647e-07	-2.915e-09	-1.5814e-07	3.1942e-07	-3.2256e-07	1.739e-07	-5.7197e-09	-1.6158e-07	3.1956e-07	-3.2566e-07	1.8542e-07	-9.8446e-09	-1.6572e-07	3.1958e-07	-3.3032e-07
0.115	1.2711999999999998e-08	1.4240000000000002e-10	-1.24864e-08	3.195e-07	-3.195e-07	1.702e-07	3.3880000000000003e-11	-1.7038e-07	3.1936e-07	-3.1964e-07	1.7503999999999998e-07	-2.7225e-10	-1.7308e-07	3.195e-07	-3.202e-07	1.805e-07	-1.1392e-09	-1.7912e-07	3.1938e-07	-3.2108e-07	1.9334e-07	-2.8302e-09	-1.8654e-07	3.1954e-07	-3.2262e-07	2.0398e-07	-5.5965e-09	-1.9334e-07	3.1958e-07	-3.256e-07	2.1672e-07	-9.6905e-09	-1.9562e-07	3.1954e-07	-3.3028e-07
0.12	1.50968e-08	1.4674e-10	-1.5029599999999998e-08	3.195e-07	-3.1946e-07	2.0094e-07	5.083000000000001e-11	-1.9992e-07	3.1938e-07	-3.1962e-07	2.0468e-07	-2.5212e-10	-2.0382e-07	3.1948e-07	-3.2008e-07	2.1174e-07	-1.1001e-09	-2.1004e-07	3.1954e-07	-3.2108e-07	2.2696e-07	-2.7599e-09	-2.2214e-07	3.1954e-07	-3.2264e-07	2.3958e-07	-5.4829e-09	-2.268e-07	3.1962e-07	-3.2556e-07	2.5128e-07	-9.5204e-09	-2.3138e-07	3.1966e-07	-3.3016e-07
0.125	1.80412e-08	1.5857e-10	-1.7977999999999997e-08	3.1956e-07	-3.1948e-07	2.3802e-07	5.944e-11	-2.402e-07	3.1942e-07	-3.1954e-07	2.4208e-07	-2.2503e-10	-2.4166e-07	3.1944e-07	-3.2012e-07	2.5162e-07	-1.052e-09	-2.496e-07	3.1942e-07	-3.21e-07	2.688e-07	-2.676e-09	-2.6148e-07	3.1946e-07	-3.227e-07	2.7894e-07	-5.3622e-09	-2.6878e-07	3.1966e-07	-3.2576e-07	2.9448e-07	-9.356e-09	-2.748e-07	3.1954e-07	-3.3024e-07
0.13	2.01922e-08	1.7353000000000002e-10	-2.00488e-08	3.195e-07	-3.1954e-07	2.8026e-07	5.990000000000001e-11	-2.821e-07	3.1944e-07	-3.1962e-07	2.876e-07	-2.1018e-10	-2.8592e-07	3.1934e-07	-3.201e-07	2.9566e-07	-1.0059e-09	-2.9258e-07	3.194e-07	-3.2102e-07	3.159e-07	-2.6021e-09	-3.085e-07	3.1946e-07	-3.2262e-07	3.2662e-07	-5.246e-09	-3.1696e-07	3.1972e-07	-3.2566e-07	3.45e-07	-9.1916e-09	-3.2596e-07	3.1964e-07	-3.3032e-07
0.135	2.3441e-08	1.7779e-10	-2.4752e-08	3.1958e-07	-3.1954e-07	3.3288e-07	7.872e-11	-3.3096e-07	3.1936e-07	-3.1972e-07	3.4088e-07	-1.8661e-10	-3.382e-07	3.1946e-07	-3.2014e-07	3.5e-07	-9.6456e-10	-3.4616e-07	3.1944e-07	-3.2094e-07	3.7318e-07	-2.5296e-09	-3.6666e-07	3.1944e-07	-3.226e-07	3.861e-07	-5.1353e-09	-3.7402e-07	3.1966e-07	-3.2572e-07	4.0388e-07	-9.0273e-09	-3.8334e-07	3.196e-07	-3.3004e-07
0.14	2.8352e-08	1.8673e-10	-2.90692e-08	3.1956e-07	-3.1952e-07	3.9542e-07	8.002000000000001e-11	-3.9328e-07	3.1938e-07	-3.1958e-07	4.0152e-07	-1.6569000000000002e-10	-4.0012e-07	3.195e-07	-3.2012e-07	4.1284e-07	-9.2397e-10	-4.1184e-07	3.1942e-07	-3.2096e-07	4.3888e-07	-2.4524e-09	-4.3086e-07	3.1944e-07	-3.2256e-07	4.5444e-07	-5.017e-09	-4.4148e-07	3.1966e-07	-3.2558e-07	4.7358e-07	-8.8687e-09	-4.5254e-07	3.1952e-07	-3.3034e-07
0.145	3.33184e-08	2.0078e-10	-3.3284599999999995e-08	3.195e-07	-3.1954e-07	4.7006e-07	9.01e-11	-4.6722e-07	3.1944e-07	-3.196e-07	4.74e-07	-1.4940000000000002e-10	-4.7406e-07	3.1942e-07	-3.2e-07	4.894e-07	-8.786200000000001e-10	-4.8754e-07	3.1948e-07	-3.2096e-07	5.1916e-07	-2.3866e-09	-5.1478e-07	3.1944e-07	-3.226e-07	5.3402e-07	-4.9098e-09	-5.2462e-07	3.196e-07	-3.256e-07	5.578e-07	-8.7022e-09	-5.3938e-07	3.1962e-07	-3.3006e-07
0.15	4.055239999999999e-08	2.1561e-10	-4.073559999999999e-08	3.1948e-07	-3.1952e-07	5.4744e-07	1.0151e-10	-5.5262e-07	3.1938e-07	-3.196e-07	5.6172e-07	-1.2446e-10	-5.6064e-07	3.1942e-07	-3.2006e-07	5.8174e-07	-8.4377e-10	-5.7328e-07	3.194e-07	-3.209e-07	6.133e-07	-2.3085e-09	-6.0674e-07	3.1944e-07	-3.227e-07	6.3096e-07	-4.7969e-09	-6.2352e-07	3.1966e-07	-3.2572e-07	6.5298e-07	-8.5509e-09	-6.3538e-07	3.1956e-07	-3.3006e-07
0.155	4.77778e-08	2.2616e-10	-4.70738e-08	3.1954e-07	-3.1954e-07	6.5522e-07	1.0342e-10	-6.5514e-07	3.1934e-07	-3.1952e-07	6.6466e-07	-1.0805e-10	-6.6778e-07	3.1948e-07	-3.201e-07	6.8756e-07	-7.964e-10	-6.8632e-07	3.194e-07	-3.209e-07	7.2494e-07	-2.2412e-09	-7.1922e-07	3.1946e-07	-3.2272e-07	7.417999999999999e-07	-4.6848e-09	-7.3404e-07	3.1968e-07	-3.2576e-07	7.726199999999999e-07	-8.3933e-09	-7.5138e-07	3.1956e-07	-3.2994e-07
0.16	5.64422e-08	2.3529e-10	-5.64018e-08	3.1956e-07	-3.1948e-07	7.6966e-07	1.2341000000000002e-10	-7.752399999999999e-07	3.1944e-07	-3.1958e-07	7.8568e-07	-8.766000000000001e-11	-7.849e-07	3.1944e-07	-3.2006e-07	8.0788e-07	-7.5836e-10	-8.056799999999999e-07	3.1948e-07	-3.209e-07	8.5736e-07	-2.1697e-09	-8.5006e-07	3.1948e-07	-3.2272e-07	8.767e-07	-4.585e-09	-8.675e-07	3.1958e-07	-3.2552e-07	9.0762e-07	-8.237e-09	-8.903e-07	3.1962e-07	-3.3e-07
0.165	6.4003e-08	2.51e-10	-6.392559999999999e-08	3.1954e-07	-3.195e-07	9.1626e-07	1.229e-10	-9.1178e-07	3.194e-07	-3.196e-07	9.2778e-07	-7.141e-11	-9.2694e-07	3.1948e-07	-3.2014e-07	9.6192e-07	-7.1887e-10	-9.5332e-07	3.1944e-07	-3.21e-07	1.01204e-06	-2.0965e-09	-1.0032e-06	3.1952e-07	-3.226e-07	1.04592e-06	-4.4701e-09	-1.02868e-06	3.196e-07	-3.2572e-07	1.07214e-06	-8.0861e-09	-1.05376e-06	3.1958e-07	-3.301e-07
0.17	7.33902e-08	2.6898000000000004e-10	-7.34296e-08	3.1952e-07	-3.195e-07	1.0818e-06	1.3698e-10	-1.07572e-06	3.1942e-07	-3.1954e-07	1.09474e-06	-4.927e-11	-1.10378e-06	3.1938e-07	-3.2008e-07	1.13078e-06	-6.782200000000001e-10	-1.13038e-06	3.194e-07	-3.2098e-07	1.2008000000000002e-06	-2.037e-09	-1.1854e-06	3.1942e-07	-3.2262e-07	1.2278e-06	-4.3647e-09	-1.2206000000000002e-06	3.196e-07	-3.256e-07	1.2709000000000002e-06	-7.932299999999998e-09	-1.2475e-06	3.1962e-07	-3.3018e-07
0.175	8.91306e-08	2.7964000000000003e-10	-9.16494e-08	3.1956e-07	-3.1946e-07	1.2856e-06	1.4667000000000002e-10	-1.2707000000000002e-06	3.1938e-07	-3.196e-07	1.3058e-06	-3.2100000000000004e-11	-1.2991000000000002e-06	3.1938e-07	-3.2002e-07	1.3422e-06	-6.4342e-10	-1.3368e-06	3.1948e-07	-3.2102e-07	1.4153000000000002e-06	-1.9666e-09	-1.4031000000000002e-06	3.1948e-07	-3.226e-07	1.4526e-06	-4.2593e-09	-1.4354e-06	3.1966e-07	-3.2554e-07	1.4867e-06	-7.7785e-09	-1.4736000000000002e-06	3.1962e-07	-3.301e-07
0.18	1.0324340000000002e-07	2.9674e-10	-1.0449460000000002e-07	3.1958e-07	-3.1948e-07	1.5152e-06	1.5558000000000002e-10	-1.5191000000000002e-06	3.1942e-07	-3.1964e-07	1.5434e-06	-1.063e-11	-1.5374e-06	3.1936e-07	-3.2008e-07	1.5852e-06	-6.079400000000001e-10	-1.5765e-06	3.1946e-07	-3.2102e-07	1.6705e-06	-1.9007e-09	-1.6656000000000002e-06	3.1948e-07	-3.2266e-07	1.7115000000000005e-06	-4.1548e-09	-1.6960000000000002e-06	3.1954e-07	-3.2556e-07	1.7591000000000002e-06	-7.6291e-09	-1.749e-06	3.1962e-07	-3.3008e-07
0.185	1.1044e-07	3.0919000000000005e-10	-1.145e-07	3.1954e-07	-3.1954e-07	1.7948000000000002e-06	1.6475000000000003e-10	-1.783e-06	3.1934e-07	-3.1964e-07	1.8114e-06	3.15e-12	-1.8088e-06	3.1938e-07	-3.2008e-07	1.8841e-06	-5.639100000000001e-10	-1.8691e-06	3.1934e-07	-3.2096e-07	1.9701e-06	-1.8329e-09	-1.9572e-06	3.194e-07	-3.226e-07	2.0163e-06	-4.0511e-09	-2.0046000000000003e-06	3.1956e-07	-3.254e-07	2.0816e-06	-7.4869e-09	-2.0489000000000004e-06	3.1962e-07	-3.3028e-07
0.19	1.3789999999999998e-07	3.2975e-10	-1.3166e-07	3.1954e-07	-3.1954e-07	2.1135e-06	1.7861000000000002e-10	-2.11e-06	3.1938e-07	-3.1956e-07	2.1509e-06	2.631e-11	-2.1369e-06	3.1944e-07	-3.2006e-07	2.2126e-06	-5.259800000000001e-10	-2.2107000000000003e-06	3.1942e-07	-3.209e-07	2.3260000000000003e-06	-1.7675e-09	-2.3134e-06	3.1948e-07	-3.2252e-07	2.3906e-06	-3.9481e-09	-2.3789e-06	3.1954e-07	-3.2552e-07	2.4605000000000004e-06	-7.3321e-09	-2.4290000000000004e-06	3.1954e-07	-3.299e-07
0.195	1.6182e-07	3.4826000000000005e-10	-1.6102e-07	3.1944e-07	-3.1942e-07	2.4863e-06	1.9138e-10	-2.4877000000000003e-06	3.1936e-07	-3.1954e-07	2.5479e-06	4.224e-11	-2.5433000000000003e-06	3.1944e-07	-3.2008e-07	2.6179000000000004e-06	-4.938100000000001e-10	-2.5992000000000005e-06	3.1946e-07	-3.2094e-07	2.7340000000000004e-06	-1.6997e-09	-2.7469000000000003e-06	3.1938e-07	-3.2256e-07	2.8054000000000003e-06	-3.8502e-09	-2.7958000000000004e-06	3.1956e-07	-3.2554e-07	2.8941000000000004e-06	-7.1862e-09	-2.8822e-06	3.1966e-07	-3.3014e-07
0.2	1.8118e-07	3.6418e-10	-1.8014e-07	3.1946e-07	-3.1938e-07	2.9376000000000005e-06	1.9956e-10	-2.9437000000000003e-06	3.1936e-07	-3.1958e-07	2.9943000000000003e-06	5.990000000000001e-11	-2.9974000000000003e-06	3.194e-07	-3.2006e-07	3.0895e-06	-4.4978e-10	-3.0711e-06	3.1942e-07	-3.2092e-07	3.2297e-06	-1.6405e-09	-3.2251000000000003e-06	3.194e-07	-3.2256e-07	3.3291000000000004e-06	-3.7459e-09	-3.3193e-06	3.196e-07	-3.255e-07	3.4318000000000003e-06	-7.0407e-09	-3.3940000000000005e-06	3.196e-07	-3.3028e-07
0.205	2.1746e-07	3.9109e-10	-2.1728e-07	3.1952e-07	-3.1948e-07	3.4774000000000004e-06	2.2106e-10	-3.4564000000000005e-06	3.194e-07	-3.1956e-07	3.5450000000000004e-06	8.182e-11	-3.5414000000000005e-06	3.1944e-07	-3.2006e-07	3.626200000000001e-06	-4.1916e-10	-3.636800000000001e-06	3.1936e-07	-3.209e-07	3.8332e-06	-1.5738e-09	-3.809700000000001e-06	3.1942e-07	-3.2258e-07	3.9209e-06	-3.6416e-09	-3.8925e-06	3.196e-07	-3.2546e-07	4.0289000000000005e-06	-6.897e-09	-4.0037e-06	3.1962e-07	-3.3006e-07
0.21	2.5224e-07	4.1177e-10	-2.5154e-07	3.1948e-07	-3.1944e-07	4.1099e-06	2.2208e-10	-4.099e-06	3.1944e-07	-3.1952e-07	4.1787e-06	1.0023e-10	-4.195900000000001e-06	3.1936e-07	-3.2004e-07	4.2918e-06	-3.8052000000000005e-10	-4.289300000000001e-06	3.1938e-07	-3.209e-07	4.5201e-06	-1.5073e-09	-4.510700000000001e-06	3.1948e-07	-3.2274e-07	4.6379e-06	-3.5489e-09	-4.597200000000001e-06	3.1958e-07	-3.256e-07	4.7424000000000005e-06	-6.7523e-09	-4.719300000000001e-06	3.1962e-07	-3.3006e-07
0.215	2.8574e-07	4.3331e-10	-2.8782e-07	3.195e-07	-3.195e-07	4.839100000000001e-06	2.4623000000000004e-10	-4.851400000000001e-06	3.1934e-07	-3.1954e-07	4.9456000000000006e-06	1.1827000000000002e-10	-4.921000000000001e-06	3.1942e-07	-3.2e-07	5.0804000000000005e-06	-3.4061000000000003e-10	-5.0568e-06	3.194e-07	-3.2092e-07	5.3237e-06	-1.4501e-09	-5.296100000000001e-06	3.1946e-07	-3.2272e-07	5.473300000000001e-06	-3.4479e-09	-5.4331000000000005e-06	3.196e-07	-3.2552e-07	5.593200000000001e-06	-6.6164e-09	-5.565300000000001e-06	3.1966e-07	-3.3024e-07
0.22	3.179e-07	4.6251e-10	-3.2948e-07	3.1954e-07	-3.1946e-07	5.7161e-06	2.5954e-10	-5.7057e-06	3.1936e-07	-3.1964e-07	5.8190000000000005e-06	1.3722000000000002e-10	-5.838100000000001e-06	3.1936e-07	-3.2e-07	5.996100000000001e-06	-3.0462000000000003e-10	-5.990700000000001e-06	3.1946e-07	-3.2104e-07	6.2396e-06	-1.3808e-09	-6.2508e-06	3.1944e-07	-3.226e-07	6.4301000000000005e-06	-3.3499e-09	-6.4189000000000005e-06	3.1962e-07	-3.2552e-07	6.575800000000001e-06	-6.4669e-09	-6.560100000000001e-06	3.1962e-07	-3.3018e-07
0.225	3.5682e-07	4.838400000000001e-10	-3.5328e-07	3.1954e-07	-3.1952e-07	6.7237000000000005e-06	2.7230000000000003e-10	-6.7005000000000005e-06	3.1946e-07	-3.1956e-07	6.832900000000001e-06	1.613e-10	-6.8585000000000005e-06	3.1936e-07	-3.1992e-07	7.024300000000001e-06	-2.6836000000000004e-10	-7.009200000000001e-06	3.1944e-07	-3.2102e-07	7.3971e-06	-1.3218e-09	-7.315000000000002e-06	3.1946e-07	-3.227e-07	7.5353e-06	-3.2578e-09	-7.528200000000001e-06	3.196e-07	-3.2564e-07	7.760600000000002e-06	-6.3264e-09	-7.7261e-06	3.196e-07	-3.3002e-07
0.23	4.0498e-07	5.163600000000001e-10	-4.0604e-07	3.195e-07	-3.1948e-07	7.9417e-06	2.9716000000000004e-10	-7.901800000000001e-06	3.1948e-07	-3.196e-07	8.089700000000002e-06	1.8176000000000003e-10	-8.0358e-06	3.1936e-07	-3.1996e-07	8.298100000000001e-06	-2.2769e-10	-8.268100000000001e-06	3.1938e-07	-3.2094e-07	8.735600000000002e-06	-1.2579e-09	-8.6995e-06	3.195e-07	-3.226e-07	8.887500000000001e-06	-3.1525e-09	-8.862800000000001e-06	3.1956e-07	-3.2546e-07	9.0997e-06	-6.1911e-09	-9.1109e-06	3.1954e-07	-3.3014e-07
0.235	4.376e-07	5.4446e-10	-4.5598e-07	3.1954e-07	-3.1946e-07	9.2968e-06	3.0699000000000004e-10	-9.2651e-06	3.1942e-07	-3.1964e-07	9.4731e-06	2.0456e-10	-9.4786e-06	3.1938e-07	-3.2006e-07	9.7402e-06	-1.9339e-10	-9.7208e-06	3.1944e-07	-3.2098e-07	1.0251500000000002e-05	-1.1926e-09	-1.02015e-05	3.1942e-07	-3.2258e-07	1.0426000000000001e-05	-3.0633e-09	-1.0463900000000002e-05	3.196e-07	-3.2562e-07	1.0707400000000002e-05	-6.0464e-09	-1.06412e-05	3.1962e-07	-3.2998e-07
0.24	4.96e-07	5.768e-10	-4.9692e-07	3.1954e-07	-3.1948e-07	1.09385e-05	3.3259000000000004e-10	-1.09687e-05	3.1942e-07	-3.196e-07	1.11472e-05	2.2657000000000003e-10	-1.11684e-05	3.1938e-07	-3.1996e-07	1.156e-05	-1.5520000000000002e-10	-1.14897e-05	3.1946e-07	-3.209e-07	1.2004e-05	-1.1341e-09	-1.1918e-05	3.1942e-07	-3.225e-07	1.2258e-05	-2.9621e-09	-1.2246e-05	3.1952e-07	-3.2554e-07	1.2612e-05	-5.9126e-09	-1.249e-05	3.196e-07	-3.2994e-07
0.245	5.3824e-07	6.1718e-10	-5.4496e-07	3.1954e-07	-3.195e-07	1.2844e-05	3.5204e-10	-1.283e-05	3.1944e-07	-3.1956e-07	1.3094e-05	2.5032e-10	-1.3062e-05	3.1938e-07	-3.1998e-07	1.3494e-05	-1.1447e-10	-1.3484e-05	3.1942e-07	-3.2104e-07	1.4052e-05	-1.0698e-09	-1.4068e-05	3.1942e-07	-3.225e-07	1.4518e-05	-2.8654e-09	-1.4364e-05	3.1954e-07	-3.2542e-07	1.4742e-05	-5.7713e-09	-1.4738e-05	3.1954e-07	-3.3016e-07
0.25	5.6034e-07	6.4742e-10	-5.5764e-07	3.1956e-07	-3.1952e-07	1.5066e-05	3.7347e-10	-1.5112e-05	3.1936e-07	-3.1954e-07	1.5394000000000002e-05	2.7323e-10	-1.5468e-05	3.1934e-07	-3.2006e-07	1.5870000000000002e-05	-7.274000000000001e-11	-1.5876000000000002e-05	3.1944e-07	-3.2098e-07	1.6498e-05	-1.0032e-09	-1.651e-05	3.1942e-07	-3.2256e-07	1.6852e-05	-2.7692e-09	-1.696e-05	3.1956e-07	-3.2548e-07	1.7284e-05	-5.6344e-09	-1.7314e-05	3.1956e-07	-3.2992e-07
0.255	5.9196e-07	6.9016e-10	-5.939e-07	3.195e-07	-3.1946e-07	1.7716e-05	4.0034e-10	-1.7696e-05	3.1938e-07	-3.196e-07	1.8012e-05	3.0095000000000003e-10	-1.8064e-05	3.1938e-07	-3.2e-07	1.8646e-05	-3.6950000000000006e-11	-1.8574e-05	3.194e-07	-3.209e-07	1.9352e-05	-9.4167e-10	-1.9382e-05	3.1948e-07	-3.2256e-07	1.9798e-05	-2.669e-09	-1.9778e-05	3.1948e-07	-3.2536e-07	2.0288e-05	-5.493e-09	-2.0222e-05	3.195e-07	-3.2986e-07
0.26	6.0322e-07	7.3033e-10	-6.207e-07	3.195e-07	-3.1948e-07	2.0644e-05	4.311e-10	-2.07e-05	3.1942e-07	-3.1968e-07	2.1134e-05	3.2377e-10	-2.1142e-05	3.1936e-07	-3.1996e-07	2.168e-05	4.94e-12	-2.177e-05	3.195e-07	-3.2098e-07	2.2754e-05	-8.7802e-10	-2.2626e-05	3.1942e-07	-3.2256e-07	2.3202e-05	-2.5767e-09	-2.3154e-05	3.196e-07	-3.2544e-07	2.3788e-05	-5.3543e-09	-2.3684e-05	3.195e-07	-3.3008e-07
0.265	6.2132e-07	7.7104e-10	-6.2156e-07	3.1952e-07	-3.1942e-07	2.4166e-05	4.5124e-10	-2.427e-05	3.1944e-07	-3.1948e-07	2.471e-05	3.5872000000000003e-10	-2.4668e-05	3.194e-07	-3.2006e-07	2.55e-05	4.9700000000000007e-11	-2.548e-05	3.1944e-07	-3.209e-07	2.6426e-05	-8.0766e-10	-2.6408e-05	3.1944e-07	-3.2268e-07	2.7128e-05	-2.4756e-09	-2.709e-05	3.1952e-07	-3.2536e-07	2.7696e-05	-5.2211e-09	-2.7734e-05	3.1946e-07	-3.2982e-07
0.27	5.6482e-07	8.2215e-10	-5.7884e-07	3.195e-07	-3.195e-07	2.8312000000000003e-05	4.887000000000001e-10	-2.839e-05	3.195e-07	-3.1962e-07	2.8956e-05	3.8412e-10	-2.906e-05	3.1942e-07	-3.1998e-07	2.9818e-05	8.64e-11	-2.9772e-05	3.1942e-07	-3.2088e-07	3.0956e-05	-7.4921e-10	-3.0968e-05	3.1944e-07	-3.2264e-07	3.17e-05	-2.3764e-09	-3.167e-05	3.1954e-07	-3.255e-07	3.244e-05	-5.08e-09	-3.2286e-05	3.1954e-07	-3.2976e-07
0.275	5.264e-07	8.6992e-10	-5.3326e-07	3.1954e-07	-3.1946e-07	3.2972e-05	5.1116e-10	-3.3052e-05	3.1944e-07	-3.197e-07	3.3806e-05	4.1879e-10	-3.3862e-05	3.1942e-07	-3.201e-07	3.4814e-05	1.3502000000000002e-10	-3.4728000000000004e-05	3.1942e-07	-3.2096e-07	3.6106e-05	-6.733400000000001e-10	-3.6044e-05	3.194e-07	-3.2258e-07	3.6908e-05	-2.2831e-09	-3.6976e-05	3.1954e-07	-3.2544e-07	3.7676e-05	-4.9436e-09	-3.7646e-05	3.1952e-07	-3.2984e-07
0.28	4.3438e-07	9.189100000000001e-10	-4.3992e-07	3.195e-07	-3.1946e-07	3.848e-05	5.5003e-10	-3.8354e-05	3.195e-07	-3.1966e-07	3.9402e-05	4.4931e-10	-3.94e-05	3.194e-07	-3.201e-07	4.0488e-05	1.7778e-10	-4.0586e-05	3.1944e-07	-3.2094e-07	4.1998e-05	-6.118200000000001e-10	-4.1886e-05	3.194e-07	-3.225e-07	4.2978e-05	-2.1818e-09	-4.296e-05	3.1944e-07	-3.2546e-07	4.381e-05	-4.807e-09	-4.3844e-05	3.1956e-07	-3.301e-07
0.285	2.8372e-07	9.7623e-10	-2.7858e-07	3.1952e-07	-3.1944e-07	4.4992e-05	5.8262e-10	-4.4892e-05	3.1944e-07	-3.1972e-07	4.6114e-05	4.785000000000001e-10	-4.61e-05	3.195e-07	-3.2006e-07	4.753e-05	2.239e-10	-4.7492e-05	3.1942e-07	-3.2096e-07	4.9004e-05	-5.479e-10	-4.8998e-05	3.1942e-07	-3.2254e-07	5.0166e-05	-2.0891e-09	-5.0154e-05	3.1948e-07	-3.2546e-07	5.1166e-05	-4.6674e-09	-5.121e-05	3.1948e-07	-3.2986e-07
0.29	1.3304e-07	1.03165e-09	-1.285e-07	3.1948e-07	-3.195e-07	5.2318e-05	6.2387e-10	-5.2298e-05	3.195e-07	-3.1966e-07	5.3668e-05	5.238200000000001e-10	-5.3732e-05	3.1948e-07	-3.2008e-07	5.5086e-05	2.7165000000000004e-10	-5.5096e-05	3.1948e-07	-3.2096e-07	5.6978e-05	-4.715100000000001e-10	-5.7078000000000005e-05	3.1948e-07	-3.2256e-07	5.8304e-05	-1.9867e-09	-5.8394e-05	3.1952e-07	-3.2544e-07	5.9508e-05	-4.5259e-09	-5.957e-05	3.1948e-07	-3.301e-07
0.295	-1.1419240000000002e-07	1.09071e-09	1.1618e-07	3.1948e-07	-3.194e-07	6.103e-05	6.604e-10	-6.0902e-05	3.1938e-07	-3.1964e-07	6.2624e-05	5.544100000000001e-10	-6.265800000000001e-05	3.1946e-07	-3.2006e-07	6.4322e-05	3.1902e-10	-6.4356e-05	3.1938e-07	-3.2092e-07	6.6448e-05	-4.0969e-10	-6.6494e-05	3.1948e-07	-3.2262e-07	6.7932e-05	-1.8822e-09	-6.784e-05	3.1956e-07	-3.2542e-07	6.9264e-05	-4.3849e-09	-6.922e-05	3.1954e-07	-3.3016e-07
0.3	3.9968e-07	1.1557e-09	3.0666e-07	3.1952e-07	-3.1948e-07	7.0882e-05	7.0466e-10	-7.081000000000001e-05	3.1944e-07	-3.1966e-07	7.2774e-05	5.98e-10	-7.2828e-05	3.1948e-07	-3.201e-07	7.4886e-05	3.7057e-10	-7.497000000000002e-05	3.1942e-07	-3.2096e-07	7.711e-05	-3.3248e-10	-7.716e-05	3.1942e-07	-3.2254e-07	7.901e-05	-1.7871e-09	-7.8918e-05	3.1954e-07	-3.2536e-07	8.0624e-05	-4.2514e-09	-8.0438e-05	3.1958e-07	-3.3006e-07
0.305	-6.9034e-07	1.2288e-09	7.2924e-07	3.1944e-07	-3.1942e-07	8.249800000000002e-05	7.4573e-10	-8.2464e-05	3.1944e-07	-3.1964e-07	8.4832e-05	6.380600000000001e-10	-8.4778e-05	3.1946e-07	-3.2008e-07	8.7158e-05	4.2222e-10	-8.7184e-05	3.195e-07	-3.2096e-07	8.9678e-05	-2.5952e-10	-8.9788e-05	3.1948e-07	-3.2262e-07	9.1672e-05	-1.6782e-09	-9.1852e-05	3.1956e-07	-3.2546e-07	9.3502e-05	-4.1044e-09	-9.359e-05	3.1954e-07	-3.3008e-07
0.31	-1.11926e-06	1.2996e-09	1.15008e-06	3.1956e-07	-3.1944e-07	9.5844e-05	7.9663e-10	-9.5598e-05	3.1938e-07	-3.1964e-07	9.8484e-05	6.8089e-10	-9.8552e-05	3.1942e-07	-3.2008e-07	0.000101234	4.728600000000001e-10	-0.000101202	3.1944e-07	-3.2088e-07	0.000104186	-1.9071e-10	-0.00010422	3.1942e-07	-3.2256e-07	0.000106392	-1.5836e-09	-0.00010649	3.1956e-07	-3.2538e-07	0.000108678	-3.9677e-09	-0.000108614	3.1956e-07	-3.3012e-07
0.315	-1.6874e-06	1.3804e-09	1.8317e-06	3.195e-07	-3.1948e-07	0.000111362	8.446e-10	-0.000111318	3.1948e-07	-3.1966e-07	0.000114628	7.2951e-10	-0.000114514	3.1948e-07	-3.2004e-07	0.00011798	5.2855e-10	-0.0001177	3.1954e-07	-3.2096e-07	0.0001215	-1.1631e-10	-0.00012102	3.1944e-07	-3.2254e-07	0.00012382	-1.477e-09	-0.00012352	3.1962e-07	-3.2548e-07	0.00012658	-3.8256e-09	-0.00012624	3.1954e-07	-3.302e-07
0.32	-2.4077000000000003e-06	1.459e-09	2.4021000000000003e-06	3.1954e-07	-3.1946e-07	0.00012924	8.9511e-10	-0.00012894	3.1952e-07	-3.1966e-07	0.00013326	7.6622e-10	-0.00013278	3.1942e-07	-3.2002e-07	0.0001367	5.876800000000001e-10	-0.00013642	3.194e-07	-3.2086e-07	0.0001405	-3.73e-11	-0.00014018	3.1948e-07	-3.2272e-07	0.00014364	-1.3652e-09	-0.0001431	3.1962e-07	-3.2548e-07	0.0001466	-3.6862e-09	-0.0001462	3.1958e-07	-3.3016e-07
0.325	-3.0675000000000003e-06	1.5396e-09	3.0901000000000003e-06	3.1932e-07	-3.1938e-07	0.00015004	9.4332e-10	-0.0001496	3.1948e-07	-3.1974e-07	0.00015466	8.1579e-10	-0.00015424	3.1942e-07	-3.2004e-07	0.00015874	6.4665e-10	-0.00015848	3.1938e-07	-3.2088e-07	0.00016286	4.637e-11	-0.00016262	3.1954e-07	-3.2262e-07	0.00016636	-1.2692e-09	-0.00016618	3.1956e-07	-3.2542e-07	0.00016972	-3.535e-09	-0.0001696	3.1954e-07	-3.302e-07
0.33	-3.7998e-06	1.6327e-09	3.8819e-06	3.1942e-07	-3.1942e-07	0.00017334	1.0100400000000002e-09	-0.00017284	3.1946e-07	-3.1968e-07	0.00017888	8.6222e-10	-0.0001785	3.1944e-07	-3.2002e-07	0.00018374	7.072e-10	-0.0001833	3.1944e-07	-3.2088e-07	0.00018844	1.1854e-10	-0.00018804	3.1946e-07	-3.2256e-07	0.00019236	-1.1547e-09	-0.0001921	3.1948e-07	-3.2534e-07	0.0001964	-3.3957999999999998e-09	-0.00019582	3.195e-07	-3.301e-07
0.335	-4.539700000000001e-06	1.7285e-09	4.5747e-06	3.1946e-07	-3.1942e-07	0.00020044	1.07219e-09	-0.00020006	3.1946e-07	-3.1958e-07	0.000207	9.2403e-10	-0.0002067	3.1936e-07	-3.2008e-07	0.0002126	7.7273e-10	-0.00021216	3.1938e-07	-3.2092e-07	0.00021784	2.0342e-10	-0.00021748	3.1946e-07	-3.2266e-07	0.00022256	-1.0436e-09	-0.0002221	3.1954e-07	-3.253e-07	0.00022718	-3.2461e-09	-0.0002267	3.1954e-07	-3.2988e-07
0.34	-5.579700000000001e-06	1.8289e-09	5.420500000000001e-06	3.1946e-07	-3.194e-07	0.00023122	1.1296e-09	-0.00023066	3.1944e-07	-3.196e-07	0.00023864	9.7863e-10	-0.00023844	3.1938e-07	-3.2002e-07	0.00024522	8.3216e-10	-0.00024478	3.1938e-07	-3.2096e-07	0.00025102	2.904e-10	-0.00025062	3.1944e-07	-3.226e-07	0.00025668	-9.3451e-10	-0.00025612	3.1958e-07	-3.2538e-07	0.00026174	-3.1019e-09	-0.00026156	3.1962e-07	-3.3006e-07
0.345	-6.4567e-06	1.9393e-09	6.4617e-06	3.1942e-07	-3.194e-07	0.00026654	1.2051e-09	-0.0002661	3.1938e-07	-3.1958e-07	0.00027546	1.0395200000000001e-09	-0.00027512	3.1938e-07	-3.2006e-07	0.00028276	9.0143e-10	-0.00028246	3.1944e-07	-3.2096e-07	0.00028968	3.7034e-10	-0.00028924	3.1954e-07	-3.2254e-07	0.00029588	-8.2591e-10	-0.00029572	3.1962e-07	-3.254e-07	0.00030212	-2.9537e-09	-0.00030172	3.1958e-07	-3.3012e-07
0.35	-7.7255e-06	2.0425e-09	7.510800000000001e-06	3.1946e-07	-3.1936e-07	0.00030626	1.2673e-09	-0.00030588	3.1942e-07	-3.1962e-07	0.00031674	1.10452e-09	-0.00031662	3.194e-07	-3.1996e-07	0.00032516	9.7678e-10	-0.00032498	3.1948e-07	-3.209e-07	0.00033292	4.6405e-10	-0.00033254	3.1948e-07	-3.2264e-07	0.00034036	-7.1076e-10	-0.00033978	3.1956e-07	-3.254e-07	0.00034708	-2.8018e-09	-0.00034668	3.1956e-07	-3.2994e-07
0.355	-8.8356e-06	2.1702e-09	8.815000000000001e-06	3.1938e-07	-3.1942e-07	0.00035216	1.3479e-09	-0.00035164	3.1948e-07	-3.1964e-07	0.00036446	1.1691e-09	-0.00036374	3.1938e-07	-3.2006e-07	0.00037358	1.04464e-09	-0.00037306	3.195e-07	-3.209e-07	0.0003824	5.5044e-10	-0.00038226	3.195e-07	-3.226e-07	0.00039082	-5.916800000000001e-10	-0.00039028	3.196e-07	-3.2552e-07	0.00039882	-2.6494e-09	-0.00039832	3.1966e-07	-3.2992e-07
0.36	-1.00936e-05	2.2925e-09	1.0058400000000002e-05	3.195e-07	-3.194e-07	0.00040298	1.4268e-09	-0.00040248	3.1944e-07	-3.1966e-07	0.00041708	1.2418e-09	-0.00041666	3.1936e-07	-3.2004e-07	0.00042768	1.1232400000000001e-09	-0.00042736	3.194e-07	-3.2094e-07	0.00043762	6.4108e-10	-0.00043734	3.195e-07	-3.2264e-07	0.00044718	-4.7541e-10	-0.00044688	3.1964e-07	-3.256e-07	0.0004561	-2.4946e-09	-0.00045576	3.1966e-07	-3.2982e-07
0.365	-1.14997e-05	2.421e-09	1.1500700000000002e-05	3.1942e-07	-3.194e-07	0.00046084	1.497e-09	-0.00046044	3.1942e-07	-3.196e-07	0.00047744	1.3178e-09	-0.00047686	3.1936e-07	-3.2006e-07	0.00048952	1.2e-09	-0.00048918	3.1944e-07	-3.2092e-07	0.00050102	7.4063e-10	-0.00050034	3.195e-07	-3.2266e-07	0.00051134	-3.5249000000000004e-10	-0.00051114	3.1968e-07	-3.2544e-07	0.00052172	-2.3609e-09	-0.00052152	3.1968e-07	-3.3006e-07
0.37	-1.2324e-05	2.5582e-09	1.1802e-05	3.1942e-07	-3.1946e-07	0.00052482	1.5933999999999999e-09	-0.00052438	3.1944e-07	-3.196e-07	0.00054376	1.4119e-09	-0.00054344	3.1938e-07	-3.1998e-07	0.00055738	1.2838e-09	-0.00055754	3.1948e-07	-3.2094e-07	0.00057044	8.2976e-10	-0.00057042	3.195e-07	-3.226e-07	0.00058262	-2.3116e-10	-0.00058206	3.1954e-07	-3.2536e-07	0.00059432	-2.1861e-09	-0.00059384	3.196e-07	-3.298e-07
0.375	-1.4586e-05	2.6995e-09	1.4646e-05	3.1948e-07	-3.1946e-07	0.00059736	1.6697e-09	-0.00059696	3.1944e-07	-3.196e-07	0.0006193	1.4915999999999999e-09	-0.00061882	3.1938e-07	-3.199e-07	0.0006351	1.3591e-09	-0.00063488	3.1948e-07	-3.2096e-07	0.0006491	9.3625e-10	-0.00064886	3.1954e-07	-3.2264e-07	0.0006635	-1.071e-10	-0.0006627	3.1964e-07	-3.2558e-07	0.00067576	-2.0279e-09	-0.00067586	3.196e-07	-3.2976e-07
0.38	-1.6452e-05	2.8587e-09	1.6262e-05	3.1946e-07	-3.1946e-07	0.00067716	1.7674e-09	-0.00067656	3.1942e-07	-3.196e-07	0.00070228	1.5764e-09	-0.00070156	3.194e-07	-3.2e-07	0.00071902	1.456e-09	-0.00071862	3.1948e-07	-3.2098e-07	0.00073532	1.03403e-09	-0.0007355	3.1958e-07	-3.2264e-07	0.00075084	1.7510000000000003e-11	-0.00075034	3.1964e-07	-3.2544e-07	0.00076592	-1.865e-09	-0.0007655	3.1954e-07	-3.298e-07
0.385	-1.819e-05	3.0189e-09	1.823e-05	3.1946e-07	-3.1938e-07	0.00076616	1.8685e-09	-0.00076608	3.1946e-07	-3.1962e-07	0.00079528	1.662e-09	-0.00079466	3.1942e-07	-3.2006e-07	0.00081484	1.5372e-09	-0.0008141	3.1948e-07	-3.2096e-07	0.00083224	1.13871e-09	-0.00083232	3.196e-07	-3.2266e-07	0.00084994	1.4569000000000002e-10	-0.00084914	3.1962e-07	-3.2552e-07	0.00086634	-1.7007e-09	-0.000866	3.1966e-07	-3.298e-07
0.39	-2.011e-05	3.1827e-09	2.0208e-05	3.1944e-07	-3.1936e-07	0.00086334	1.9534e-09	-0.00086292	3.1944e-07	-3.1962e-07	0.00089612	1.7506e-09	-0.00089602	3.1938e-07	-3.2004e-07	0.00091828	1.6316e-09	-0.00091794	3.1948e-07	-3.2104e-07	0.00093908	1.2481e-09	-0.00093818	3.196e-07	-3.2272e-07	0.00095768	2.8117e-10	-0.00095672	3.196e-07	-3.2548e-07	0.00097604	-1.5392e-09	-0.00097546	3.196e-07	-3.2994e-07
0.395	-2.2234e-05	3.3623e-09	2.2358e-05	3.1944e-07	-3.194e-07	0.00097098	2.0706e-09	-0.00097096	3.194e-07	-3.1958e-07	0.00100926	1.8459e-09	-0.00100848	3.1938e-07	-3.2006e-07	0.00103358	1.731e-09	-0.00103286	3.1952e-07	-3.21e-07	0.00105632	1.3593e-09	-0.0010558	3.1954e-07	-3.2272e-07	0.00107738	4.0931e-10	-0.00107734	3.1962e-07	-3.2542e-07	0.0010984	-1.3696e-09	-0.00109832	3.1972e-07	-3.3016e-07
0.4	-2.4468e-05	3.54e-09	2.4488e-05	3.1938e-07	-3.1942e-07	0.0010877	2.1665e-09	-0.00108744	3.1942e-07	-3.1966e-07	0.00113066	1.944e-09	-0.00113076	3.1942e-07	-3.1996e-07	0.001159	1.8235e-09	-0.0011576	3.195e-07	-3.2102e-07	0.0011834	1.4703e-09	-0.001183	3.196e-07	-3.2264e-07	0.001208	5.4808e-10	-0.0012064	3.1968e-07	-3.2558e-07	0.0012302	-1.2108e-09	-0.0012294	3.1974e-07	-3.299e-07
0.405	-2.6754e-05	3.7398e-09	2.6728e-05	3.1944e-07	-3.1942e-07	0.0012164	2.2815e-09	-0.0012166	3.1942e-07	-3.196e-07	0.001266	2.0377e-09	-0.0012652	3.1938e-07	-3.2006e-07	0.0012972	1.9233e-09	-0.0012964	3.1944e-07	-3.21e-07	0.0013242	1.5811e-09	-0.0013238	3.197e-07	-3.228e-07	0.0013504	6.8329e-10	-0.0013498	3.1974e-07	-3.2562e-07	0.0013756	-1.0362e-09	-0.0013756	3.1974e-07	-3.3016e-07
0.41	-2.903e-05	3.9377e-09	2.9054e-05	3.1942e-07	-3.194e-07	0.0013552	2.3907e-09	-0.0013544	3.1944e-07	-3.196e-07	0.0014104	2.1451e-09	-0.0014098	3.1944e-07	-3.2002e-07	0.0014448	2.0293e-09	-0.001444	3.1956e-07	-3.2102e-07	0.0014746	1.6967e-09	-0.001474	3.1956e-07	-3.2266e-07	0.001503	8.2316e-10	-0.0015028	3.1972e-07	-3.2564e-07	0.0015316	-8.63e-10	-0.00153	3.1972e-07	-3.3022e-07
0.415	-3.1612e-05	4.1518e-09	3.1634e-05	3.1938e-07	-3.194e-07	0.001507	2.5195e-09	-0.0015062	3.1934e-07	-3.1966e-07	0.001569	2.2527e-09	-0.0015684	3.1954e-07	-3.201e-07	0.001607	2.1373e-09	-0.0016066	3.1948e-07	-3.21e-07	0.0016408	1.8226e-09	-0.00164	3.1958e-07	-3.2268e-07	0.0016722	9.6561e-10	-0.0016722	3.1972e-07	-3.2556e-07	0.0017028	-6.867900000000001e-10	-0.001702	3.1972e-07	-3.3008e-07
0.42	-3.425e-05	4.3917e-09	3.4262e-05	3.1944e-07	-3.1936e-07	0.0016678	2.6374e-09	-0.0016668	3.1944e-07	-3.196e-07	0.0017384	2.361e-09	-0.0017376	3.1946e-07	-3.2002e-07	0.0017804	2.2404e-09	-0.00178	3.195e-07	-3.21e-07	0.001818	1.9316e-09	-0.0018166	3.196e-07	-3.2274e-07	0.0018514	1.11053e-09	-0.0018508	3.1976e-07	-3.256e-07	0.001885	-5.0971e-10	-0.0018842	3.1976e-07	-3.3016e-07
0.425	-3.677e-05	4.6064e-09	3.7102e-05	3.1948e-07	-3.1948e-07	0.0018446	2.7676e-09	-0.0018436	3.1942e-07	-3.1964e-07	0.0019234	2.4764e-09	-0.001923	3.1944e-07	-3.202e-07	0.0019698	2.3616e-09	-0.0019704	3.1954e-07	-3.2102e-07	0.0020094	2.0617e-09	-0.0020094	3.1966e-07	-3.2268e-07	0.0020482	1.255e-09	-0.002048	3.1986e-07	-3.256e-07	0.002084	-3.2961e-10	-0.0020838	3.1986e-07	-3.3004e-07
0.43	-3.9608e-05	4.8478e-09	3.954e-05	3.1954e-07	-3.1946e-07	0.0020294	2.9013e-09	-0.002028	3.1946e-07	-3.1964e-07	0.0021194	2.5962e-09	-0.0021188	3.1952e-07	-3.2008e-07	0.0021692	2.4682e-09	-0.0021678	3.1956e-07	-3.2102e-07	0.0022136	2.1855e-09	-0.002213	3.1966e-07	-3.2276e-07	0.0022542	1.4093e-09	-0.0022542	3.1984e-07	-3.2572e-07	0.0022952	-1.5061e-10	-0.0022944	3.1982e-07	-3.3024e-07
0.435	-4.2224e-05	5.1015e-09	4.2402e-05	3.1948e-07	-3.1948e-07	0.002229	3.0355e-09	-0.0022292	3.1938e-07	-3.196e-07	0.0023324	2.7165e-09	-0.0023322	3.195e-07	-3.2008e-07	0.0023864	2.5898e-09	-0.0023854	3.1956e-07	-3.2112e-07	0.0024342	2.312e-09	-0.0024336	3.1966e-07	-3.2276e-07	0.0024796	1.5558e-09	-0.0024784	3.1986e-07	-3.2582e-07	0.002522	3.176e-11	-0.0025212	3.199e-07	-3.3034e-07
0.44	-4.511e-05	5.3656e-09	4.5184e-05	3.195e-07	-3.1952e-07	0.0024398	3.1797e-09	-0.0024386	3.195e-07	-3.1972e-07	0.002555	2.8432e-09	-0.0025554	3.1948e-07	-3.201e-07	0.0026144	2.7126e-09	-0.0026138	3.1966e-07	-3.211e-07	0.0026658	2.4468e-09	-0.0026642	3.197e-07	-3.2278e-07	0.0027154	1.7052e-09	-0.0027138	3.199e-07	-3.2578e-07	0.0027616	2.1639e-10	-0.00276	3.1992e-07	-3.3006e-07
0.445	-4.7844000000000005e-05	5.6467e-09	4.8184000000000005e-05	3.1948e-07	-3.1948e-07	0.0026654	3.324e-09	-0.002665	3.195e-07	-3.1972e-07	0.0027952	2.9697e-09	-0.0027946	3.1954e-07	-3.2012e-07	0.0028606	2.8397e-09	-0.0028592	3.1962e-07	-3.2108e-07	0.0029178	2.5811e-09	-0.0029168	3.1974e-07	-3.2278e-07	0.0029682	1.8613e-09	-0.0029686	3.1992e-07	-3.2566e-07	0.0030186	4.0331e-10	-0.003018	3.2e-07	-3.3016e-07
0.45	-5.0948e-05	5.9294e-09	5.0858e-05	3.1954e-07	-3.1948e-07	0.0029012	3.4729e-09	-0.0029002	3.1954e-07	-3.197e-07	0.0030468	3.0969e-09	-0.0030454	3.1956e-07	-3.2012e-07	0.0031162	2.9698e-09	-0.0031162	3.1968e-07	-3.212e-07	0.0031784	2.7173e-09	-0.0031778	3.1974e-07	-3.228e-07	0.0032348	2.0146e-09	-0.0032346	3.1992e-07	-3.2582e-07	0.0032874	5.8764e-10	-0.003287	3.2002e-07	-3.3032e-07
0.455	-5.4058e-05	6.241e-09	5.3822e-05	3.1952e-07	-3.1942e-07	0.0031518	3.6271e-09	-0.0031504	3.1948e-07	-3.1974e-07	0.003316	3.24e-09	-0.0033156	3.1956e-07	-3.2022e-07	0.0033916	3.0987e-09	-0.0033908	3.1972e-07	-3.2118e-07	0.003459	2.8581e-09	-0.0034586	3.1978e-07	-3.2284e-07	0.0035192	2.179e-09	-0.003518	3.1994e-07	-3.2594e-07	0.0035766	7.8512e-10	-0.0035768	3.2004e-07	-3.303e-07
0.46	-5.6436e-05	6.5461e-09	5.677e-05	3.195e-07	-3.1948e-07	0.0034128	3.8036e-09	-0.0034116	3.1954e-07	-3.1976e-07	0.0035966	3.3719e-09	-0.003597	3.1956e-07	-3.2024e-07	0.0036784	3.2351e-09	-0.0036776	3.1978e-07	-3.2116e-07	0.0037492	2.9966e-09	-0.0037482	3.1984e-07	-3.2296e-07	0.0038144	2.3408e-09	-0.0038144	3.2e-07	-3.2572e-07	0.003877	9.7299e-10	-0.0038766	3.2018e-07	-3.3036e-07
0.465	-5.9702000000000005e-05	6.8918e-09	5.9822e-05	3.1942e-07	-3.1944e-07	0.0036872	3.9719e-09	-0.003688	3.1956e-07	-3.1966e-07	0.0038946	3.5176e-09	-0.003895	3.1966e-07	-3.2024e-07	0.003984	3.3724e-09	-0.0039824	3.1978e-07	-3.2124e-07	0.0040596	3.1444e-09	-0.0040592	3.1984e-07	-3.2286e-07	0.004129	2.5097e-09	-0.0041286	3.2006e-07	-3.2574e-07	0.0041966	1.1721e-09	-0.0041958	3.2026e-07	-3.3048e-07
0.47	-6.2592e-05	7.2081e-09	6.277e-05	3.1946e-07	-3.1948e-07	0.0039724	4.1356e-09	-0.0039698	3.1952e-07	-3.1972e-07	0.004205	3.6622e-09	-0.0042052	3.1966e-07	-3.2026e-07	0.0042998	3.5078e-09	-0.0042982	3.1978e-07	-3.2124e-07	0.0043818	3.2913e-09	-0.0043802	3.1986e-07	-3.229e-07	0.004456	2.678e-09	-0.0044564	3.2004e-07	-3.258e-07	0.0045266	1.3642e-09	-0.0045258	3.2026e-07	-3.3058e-07
0.475	-6.54e-05	7.5738e-09	6.544e-05	3.195e-07	-3.1946e-07	0.0042724	4.3363e-09	-0.0042728	3.1948e-07	-3.1976e-07	0.004535	3.811e-09	-0.0045338	3.196e-07	-3.202e-07	0.0046356	3.6544e-09	-0.0046348	3.1978e-07	-3.2132e-07	0.0047234	3.4489e-09	-0.0047214	3.1992e-07	-3.2298e-07	0.0048018	2.8463e-09	-0.0048008	3.202e-07	-3.2598e-07	0.0048766	1.5622e-09	-0.0048774	3.2034e-07	-3.3066e-07
0.48	-6.8602e-05	7.941e-09	6.8534e-05	3.1948e-07	-3.1936e-07	0.0045812	4.5129e-09	-0.0045804	3.1954e-07	-3.1968e-07	0.0048734	3.9671e-09	-0.0048714	3.1962e-07	-3.2028e-07	0.0049798	3.801e-09	-0.0049814	3.198e-07	-3.213e-07	0.0050744	3.6011e-09	-0.0050736	3.1998e-07	-3.2304e-07	0.0051588	3.0103e-09	-0.0051558	3.2026e-07	-3.2606e-07	0.0052406	1.7598e-09	-0.005238	3.2042e-07	-3.3048e-07
0.485	-7.1308e-05	8.3242e-09	7.1364e-05	3.1948e-07	-3.194e-07	0.004903	4.7125e-09	-0.0049028	3.1956e-07	-3.1976e-07	0.0052312	4.1177e-09	-0.00523	3.1964e-07	-3.2028e-07	0.0053476	3.9533e-09	-0.0053476	3.1984e-07	-3.2136e-07	0.005445	3.7564e-09	-0.0054454	3.2002e-07	-3.2308e-07	0.0055346	3.1856e-09	-0.0055334	3.2026e-07	-3.2602e-07	0.005621	1.9631e-09	-0.0056206	3.2056e-07	-3.306e-07
0.49	-7.4384e-05	8.725e-09	7.4354e-05	3.195e-07	-3.195e-07	0.0052332	4.9157e-09	-0.0052322	3.1952e-07	-3.1976e-07	0.0055976	4.2831e-09	-0.0055976	3.196e-07	-3.203e-07	0.0057202	4.105e-09	-0.0057212	3.1986e-07	-3.213e-07	0.0058264	3.9114e-09	-0.0058246	3.2014e-07	-3.231e-07	0.0059216	3.3593e-09	-0.0059196	3.2034e-07	-3.2596e-07	0.0060124	2.1673e-09	-0.0060128	3.2056e-07	-3.3052e-07
0.495	-7.7428e-05	9.1598e-09	7.7466e-05	3.1944e-07	-3.1946e-07	0.0055784	5.1186e-09	-0.0055758	3.1954e-07	-3.1982e-07	0.0059862	4.4414e-09	-0.0059856	3.1966e-07	-3.203e-07	0.0061182	4.2598e-09	-0.0061178	3.1994e-07	-3.2136e-07	0.0062274	4.0781e-09	-0.0062278	3.201e-07	-3.2314e-07	0.0063276	3.5441e-09	-0.006326	3.2034e-07	-3.2624e-07	0.0064244	2.3763e-09	-0.006426	3.2058e-07	-3.3084e-07
0.5	-8.0132e-05	9.6016e-09	8.023000000000001e-05	3.1948e-07	-3.1942e-07	0.005927	5.3409e-09	-0.005926	3.1964e-07	-3.1978e-07	0.0063818	4.6182e-09	-0.0063792	3.1974e-07	-3.2036e-07	0.0065234	4.4207e-09	-0.0065228	3.1992e-07	-3.2144e-07	0.006639	4.2402e-09	-0.006638	3.2018e-07	-3.2318e-07	0.0067458	3.7193e-09	-0.0067452	3.204e-07	-3.2608e-07	0.0068472	2.5819e-09	-0.0068466	3.2064e-07	-3.3082e-07
0.505	-8.283800000000002e-05	1.00322e-08	8.3218e-05	3.1942e-07	-3.1952e-07	0.006289	5.5644e-09	-0.0062884	3.196e-07	-3.1978e-07	0.0067962	4.7936e-09	-0.0067952	3.1984e-07	-3.2042e-07	0.0069468	4.5895e-09	-0.0069456	3.1998e-07	-3.2136e-07	0.0070682	4.4126e-09	-0.0070704	3.2014e-07	-3.2322e-07	0.007182	3.9083e-09	-0.007181	3.2048e-07	-3.2622e-07	0.0072892	2.7982e-09	-0.0072886	3.2064e-07	-3.3064e-07
0.51	-8.6208e-05	1.05284e-08	8.6152e-05	3.1952e-07	-3.1946e-07	0.0066548	5.7967e-09	-0.006653	3.196e-07	-3.198e-07	0.00722	4.9683e-09	-0.0072192	3.1984e-07	-3.2042e-07	0.0073786	4.7508e-09	-0.0073786	3.1998e-07	-3.2144e-07	0.0075088	4.5753e-09	-0.007508	3.2032e-07	-3.2326e-07	0.0076286	4.06e-09	-0.0076276	3.205e-07	-3.262e-07	0.007741	3.0018e-09	-0.0077396	3.2074e-07	-3.3066e-07
0.515	-8.8498e-05	1.09935e-08	8.8394e-05	3.1944e-07	-3.1934e-07	0.007035	6.0482e-09	-0.0070344	3.1956e-07	-3.1982e-07	0.0076646	5.1589e-09	-0.0076622	3.1986e-07	-3.2042e-07	0.0078316	4.9281e-09	-0.007831	3.2004e-07	-3.2144e-07	0.0079696	4.7496e-09	-0.007968	3.2032e-07	-3.2334e-07	0.008093	4.2572e-09	-0.0080932	3.2062e-07	-3.2624e-07	0.0082106	3.2228e-09	-0.0082108	3.2088e-07	-3.3088e-07
0.52	-9.148e-05	1.15402e-08	9.149e-05	3.1944e-07	-3.1938e-07	0.007418	6.2815e-09	-0.0074154	3.1966e-07	-3.1978e-07	0.0081138	5.3376e-09	-0.008111	3.1984e-07	-3.2042e-07	0.0082938	5.1033e-09	-0.0082926	3.201e-07	-3.2156e-07	0.008436	4.9299e-09	-0.0084372	3.2034e-07	-3.2334e-07	0.008566	4.4429e-09	-0.008567	3.2078e-07	-3.264e-07	0.0086894	3.4394e-09	-0.00869	3.2098e-07	-3.3112e-07
0.525	-9.1856e-05	1.20656e-08	9.343200000000001e-05	3.1948e-07	-3.1936e-07	0.0078124	6.5623e-09	-0.0078112	3.1966e-07	-3.1982e-07	0.008585	5.5281e-09	-0.0085812	3.1992e-07	-3.2048e-07	0.008774	5.2727e-09	-0.0087704	3.2002e-07	-3.2152e-07	0.0089244	5.1055e-09	-0.0089222	3.2036e-07	-3.2334e-07	0.0090592	4.639e-09	-0.0090606	3.2074e-07	-3.2656e-07	0.0091878	3.6588e-09	-0.009189	3.2104e-07	-3.3118e-07
0.53	-9.4366e-05	1.26212e-08	9.5786e-05	3.1942e-07	-3.194e-07	0.0082044	6.8148e-09	-0.008203	3.1962e-07	-3.1976e-07	0.0090594	5.7273e-09	-0.0090598	3.2e-07	-3.2054e-07	0.009262	5.4707e-09	-0.009259	3.202e-07	-3.2158e-07	0.0094172	5.2968e-09	-0.009418	3.2046e-07	-3.235e-07	0.0095616	4.8319e-09	-0.0095608	3.208e-07	-3.2642e-07	0.0096946	3.8861e-09	-0.0096936	3.2112e-07	-3.3132e-07
0.535	-9.7232e-05	1.31928e-08	9.8738e-05	3.1942e-07	-3.1942e-07	0.0086108	7.1033e-09	-0.0086106	3.1966e-07	-3.1978e-07	0.009555	5.9212e-09	-0.0095538	3.1988e-07	-3.2042e-07	0.0097664	5.648e-09	-0.009766	3.202e-07	-3.2156e-07	0.0099336	5.4771e-09	-0.0099322	3.2048e-07	-3.2356e-07	0.0100834	5.0341e-09	-0.0100822	3.2102e-07	-3.266e-07	0.0102226	4.1053e-09	-0.010222	3.2128e-07	-3.314e-07
0.54	-9.9812e-05	1.37838e-08	0.000101034	3.1952e-07	-3.1952e-07	0.0090132	7.3996e-09	-0.0090128	3.1958e-07	-3.1978e-07	0.0100568	6.1324e-09	-0.0100566	3.199e-07	-3.2048e-07	0.0102804	5.8432e-09	-0.0102808	3.2026e-07	-3.2172e-07	0.0104542	5.6682e-09	-0.0104542	3.2054e-07	-3.236e-07	0.0106106	5.2425e-09	-0.0106102	3.2104e-07	-3.2666e-07	0.0107562	4.3345e-09	-0.0107552	3.2128e-07	-3.3142e-07
0.545	-0.00010186	1.44172e-08	0.000103258	3.195e-07	-3.1936e-07	0.0094292	7.696e-09	-0.0094292	3.1962e-07	-3.1972e-07	0.0105746	6.3478e-09	-0.0105744	3.1992e-07	-3.2052e-07	0.010813	6.0418e-09	-0.0108132	3.2028e-07	-3.217e-07	0.0109946	5.8657e-09	-0.0109944	3.2066e-07	-3.2366e-07	0.0111556	5.445e-09	-0.0111562	3.2112e-07	-3.2672e-07	0.01131	4.5651e-09	-0.0113074	3.2144e-07	-3.3154e-07
0.55	-0.00010436	1.5057999999999998e-08	0.000105692	3.1946e-07	-3.1948e-07	0.009838	8.0265e-09	-0.0098376	3.1966e-07	-3.1984e-07	0.0110984	6.5565e-09	-0.0111004	3.2002e-07	-3.206e-07	0.0113506	6.2286e-09	-0.0113494	3.2036e-07	-3.2178e-07	0.011576	6.052e-09	-0.0115388	3.2068e-07	-3.237e-07	0.01174	5.6475e-09	-0.011714	3.2122e-07	-3.2696e-07	0.011902	4.7941e-09	-0.011872	3.2142e-07	-3.3146e-07
0.555	-0.000107112	1.57242e-08	0.000108358	3.1944e-07	-3.194e-07	0.0102612	8.3386e-09	-0.0102564	3.1962e-07	-3.1984e-07	0.011682	6.7786e-09	-0.0116432	3.2002e-07	-3.2066e-07	0.011944	6.4417e-09	-0.011912	3.204e-07	-3.218e-07	0.012142	6.2622e-09	-0.012114	3.2072e-07	-3.2368e-07	0.012318	5.8714e-09	-0.012286	3.2136e-07	-3.2708e-07	0.012486	5.0364e-09	-0.01245	3.2164e-07	-3.3154e-07
0.56	-0.000109532	1.64294e-08	0.00011075	3.1936e-07	-3.1936e-07	0.0106756	8.6779e-09	-0.0106758	3.1964e-07	-3.1982e-07	0.01223	6.997e-09	-0.012196	3.1998e-07	-3.206e-07	0.012506	6.6443e-09	-0.012474	3.2056e-07	-3.2194e-07	0.01271	6.4641e-09	-0.012684	3.2086e-07	-3.2382e-07	0.01289	6.0757e-09	-0.012866	3.2146e-07	-3.27e-07	0.013064	5.2636e-09	-0.013036	3.2174e-07	-3.316e-07
0.565	-0.000111708	1.7166e-08	0.000113196	3.1942e-07	-3.194e-07	0.0111002	9.0425e-09	-0.0110974	3.197e-07	-3.1988e-07	0.012792	7.2344e-09	-0.01276	3.2004e-07	-3.2066e-07	0.013088	6.8541e-09	-0.013058	3.2064e-07	-3.2198e-07	0.0133	6.6692e-09	-0.01327	3.2092e-07	-3.2392e-07	0.013492	6.2997e-09	-0.013462	3.2156e-07	-3.2706e-07	0.013668	5.5124e-09	-0.013638	3.2182e-07	-3.317e-07
0.57	-0.000114094	1.7909e-08	0.000115006	3.194e-07	-3.194e-07	0.011554	9.4026e-09	-0.01152	3.1972e-07	-3.1988e-07	0.013358	7.4762e-09	-0.01333	3.2004e-07	-3.2072e-07	0.013676	7.0799e-09	-0.013644	3.2066e-07	-3.2206e-07	0.013894	6.8844e-09	-0.013866	3.2094e-07	-3.2404e-07	0.014092	6.5158e-09	-0.014062	3.2156e-07	-3.2716e-07	0.014274	5.7536e-09	-0.014242	3.2198e-07	-3.3184e-07
0.575	-0.000115016	1.87278e-08	0.000115004	3.1942e-07	-3.1938e-07	0.011976	9.7969e-09	-0.011944	3.197e-07	-3.199e-07	0.013946	7.714e-09	-0.013914	3.2012e-07	-3.2066e-07	0.014276	7.2943e-09	-0.014248	3.2074e-07	-3.2212e-07	0.01451	7.0997e-09	-0.014478	3.211e-07	-3.24e-07	0.014712	6.7408e-09	-0.014676	3.216e-07	-3.2718e-07	0.0149	6.0032e-09	-0.01487	3.22e-07	-3.318e-07
0.58	-0.00012218	1.95246e-08	0.00012116	3.1936e-07	-3.1936e-07	0.012396	1.01836e-08	-0.012358	3.1972e-07	-3.1988e-07	0.014534	7.963e-09	-0.0145	3.2018e-07	-3.2072e-07	0.014882	7.5236e-09	-0.014852	3.2074e-07	-3.2214e-07	0.01512	7.3159e-09	-0.01509	3.2114e-07	-3.2412e-07	0.015334	6.9755e-09	-0.015298	3.2162e-07	-3.2718e-07	0.015524	6.2524e-09	-0.015496	3.2212e-07	-3.3182e-07
0.585	-0.00012212	2.0393e-08	0.00012234	3.1936e-07	-3.1934e-07	0.012816	1.06185e-08	-0.012786	3.196e-07	-3.1982e-07	0.015136	8.2196e-09	-0.015108	3.202e-07	-3.209e-07	0.015508	7.7553e-09	-0.015478	3.2074e-07	-3.2222e-07	0.015758	7.5446e-09	-0.01573	3.2128e-07	-3.2422e-07	0.015974	7.2058e-09	-0.015944	3.2174e-07	-3.2726e-07	0.016176	6.5101e-09	-0.016146	3.2228e-07	-3.3232e-07
0.59	-0.00012572	2.12834e-08	0.00012526	3.1942e-07	-3.1942e-07	0.013232	1.10209e-08	-0.013196	3.1978e-07	-3.199e-07	0.015744	8.4792e-09	-0.01571	3.203e-07	-3.2084e-07	0.016138	7.9847e-09	-0.016104	3.2088e-07	-3.2224e-07	0.01639	7.7696e-09	-0.016364	3.2134e-07	-3.2424e-07	0.01662	7.4473e-09	-0.016582	3.218e-07	-3.2744e-07	0.016822	6.7638e-09	-0.016792	3.224e-07	-3.3212e-07
0.595	-0.00012704	2.22052e-08	0.00012894	3.194e-07	-3.1942e-07	0.01365	1.14771e-08	-0.013614	3.1982e-07	-3.1996e-07	0.016362	8.7584e-09	-0.016332	3.2028e-07	-3.2092e-07	0.016782	8.2286e-09	-0.016754	3.2088e-07	-3.2234e-07	0.017052	8.0176e-09	-0.017018	3.2144e-07	-3.244e-07	0.017276	7.6828e-09	-0.017248	3.2192e-07	-3.2742e-07	0.01749	7.0209e-09	-0.017462	3.2262e-07	-3.3234e-07
0.6	-0.0001299	2.31518e-08	0.00012994	3.194e-07	-3.1944e-07	0.014052	1.19776e-08	-0.014028	3.1978e-07	-3.1994e-07	0.016986	9.0213e-09	-0.016952	3.2034e-07	-3.209e-07	0.017426	8.4712e-09	-0.0174	3.2098e-07	-3.2234e-07	0.017702	8.2545e-09	-0.017676	3.2152e-07	-3.2436e-07	0.01794	7.9303e-09	-0.017912	3.2204e-07	-3.2738e-07	0.018164	7.2865e-09	-0.018128	3.2268e-07	-3.3258e-07
0.605	-0.00013274	2.41594e-08	0.00013124	3.1946e-07	-3.194e-07	0.01447	1.24544e-08	-0.014436	3.1982e-07	-3.1994e-07	0.017626	9.3297e-09	-0.01759	3.2034e-07	-3.2094e-07	0.018092	8.725099999999998e-09	-0.018064	3.2098e-07	-3.2238e-07	0.018376	8.4997e-09	-0.018352	3.2152e-07	-3.2444e-07	0.018628	8.1789e-09	-0.018596	3.2216e-07	-3.2754e-07	0.018852	7.5539e-09	-0.01882	3.2282e-07	-3.324e-07
0.61	-0.00013386	2.52178e-08	0.00013516	3.1938e-07	-3.1938e-07	0.014872	1.29524e-08	-0.014838	3.1978e-07	-3.1998e-07	0.018256	9.6211e-09	-0.018226	3.2042e-07	-3.21e-07	0.01876	8.9914e-09	-0.01873	3.2106e-07	-3.2246e-07	0.019056	8.7461e-09	-0.019026	3.2162e-07	-3.245e-07	0.019308	8.4263e-09	-0.019278	3.2222e-07	-3.2782e-07	0.019532	7.823e-09	-0.01951	3.2298e-07	-3.3274e-07
0.615	-0.00013768	2.63238e-08	0.00013494	3.1938e-07	-3.1934e-07	0.015274	1.34738e-08	-0.015244	3.1984e-07	-3.2006e-07	0.01891	9.9197e-09	-0.01888	3.2042e-07	-3.21e-07	0.019446	9.2445e-09	-0.019412	3.2106e-07	-3.2256e-07	0.01975	8.9942e-09	-0.019722	3.2166e-07	-3.2464e-07	0.020008	8.7012e-09	-0.019976	3.2246e-07	-3.279e-07	0.020246	8.0936e-09	-0.020222	3.231e-07	-3.3274e-07
0.62	-0.00013706	2.74334e-08	0.0001368	3.193e-07	-3.1934e-07	0.015668	1.4013399999999998e-08	-0.015642	3.1978e-07	-3.1998e-07	0.019562	1.02385e-08	-0.019524	3.2046e-07	-3.2104e-07	0.020128	9.5074e-09	-0.020098	3.212e-07	-3.226e-07	0.020446	9.2392e-09	-0.020412	3.2184e-07	-3.247e-07	0.020708	8.9598e-09	-0.02068	3.2254e-07	-3.2808e-07	0.020952	8.3728e-09	-0.020922	3.2328e-07	-3.3302e-07
0.625	-0.00013794	2.86422e-08	0.00013904	3.194e-07	-3.1936e-07	0.016066	1.4593599999999998e-08	-0.016036	3.1978e-07	-3.2002e-07	0.02022	1.05291e-08	-0.02019	3.2052e-07	-3.2102e-07	0.020828	9.7845e-09	-0.020802	3.212e-07	-3.2262e-07	0.021156	9.4975e-09	-0.021124	3.2188e-07	-3.2474e-07	0.021426	9.2232e-09	-0.021402	3.2262e-07	-3.2812e-07	0.021678	8.6777e-09	-0.021648	3.234e-07	-3.3298e-07
0.63	-0.0001408	2.98664e-08	0.00014108	3.1936e-07	-3.1934e-07	0.01645	1.5172399999999997e-08	-0.01642	3.1984e-07	-3.2e-07	0.02088	1.08622e-08	-0.02085	3.205e-07	-3.211e-07	0.021532	1.00535e-08	-0.021502	3.2138e-07	-3.2268e-07	0.021866	9.7565e-09	-0.021834	3.2196e-07	-3.2476e-07	0.022148	9.4987e-09	-0.022116	3.2274e-07	-3.2808e-07	0.022408	8.9412e-09	-0.022374	3.2352e-07	-3.3318e-07
0.635	-0.0001445	3.11728e-08	0.00014122	3.1936e-07	-3.1934e-07	0.016836	1.57814e-08	-0.016806	3.1986e-07	-3.1994e-07	0.021554	1.12103e-08	-0.021522	3.206e-07	-3.2116e-07	0.022252	1.03518e-08	-0.022218	3.2134e-07	-3.2274e-07	0.022594	1.00507e-08	-0.022566	3.2212e-07	-3.2496e-07	0.022886	9.7671e-09	-0.022856	3.2286e-07	-3.282e-07	0.023148	9.2395e-09	-0.02312	3.2368e-07	-3.333e-07
0.64	-0.00014478	3.25e-08	0.00014468	3.193e-07	-3.1936e-07	0.01721	1.64398e-08	-0.017178	3.1988e-07	-3.2002e-07	0.022224	1.15806e-08	-0.022194	3.2062e-07	-3.2116e-07	0.022966	1.06274e-08	-0.022936	3.2152e-07	-3.2284e-07	0.023324	1.03044e-08	-0.02329	3.2214e-07	-3.2506e-07	0.023618	1.00585e-08	-0.023588	3.2302e-07	-3.284e-07	0.023886	9.523e-09	-0.02386	3.2384e-07	-3.335e-07
0.645	-0.0001478	3.39134e-08	0.00014786	3.1932e-07	-3.1932e-07	0.017588	1.7096999999999998e-08	-0.017554	3.1988e-07	-3.2002e-07	0.022906	1.1951e-08	-0.02287	3.2056e-07	-3.212e-07	0.023704	1.09307e-08	-0.023674	3.2148e-07	-3.2286e-07	0.024068	1.05936e-08	-0.02404	3.2224e-07	-3.252e-07	0.024372	1.03341e-08	-0.02434	3.2306e-07	-3.2844e-07	0.024646	9.8282e-09	-0.024614	3.2408e-07	-3.3372e-07
0.65	-0.00014712	3.53618e-08	0.00015004	3.1942e-07	-3.193e-07	0.017948	1.7771799999999998e-08	-0.017918	3.1988e-07	-3.2012e-07	0.02358	1.23198e-08	-0.02355	3.2062e-07	-3.213e-07	0.024434	1.1226e-08	-0.024404	3.216e-07	-3.2304e-07	0.02481	1.08921e-08	-0.024782	3.2232e-07	-3.2532e-07	0.025118	1.06243e-08	-0.02509	3.232e-07	-3.2862e-07	0.025402	1.01232e-08	-0.025372	3.242e-07	-3.3382e-07
0.655	-0.00014792	3.6876999999999993e-08	0.0001482	3.1934e-07	-3.1934e-07	0.018308	1.85004e-08	-0.018276	3.199e-07	-3.201e-07	0.024256	1.2692599999999998e-08	-0.024228	3.207e-07	-3.2124e-07	0.02518	1.1571399999999998e-08	-0.025146	3.2158e-07	-3.2302e-07	0.025564	1.11688e-08	-0.025534	3.2242e-07	-3.2532e-07	0.025876	1.0893e-08	-0.02585	3.2336e-07	-3.2888e-07	0.026166	1.04327e-08	-0.026142	3.2436e-07	-3.3414e-07
0.66	-0.00015136	3.84896e-08	0.00015104	3.1936e-07	-3.1936e-07	0.018666	1.92326e-08	-0.018634	3.1994e-07	-3.2006e-07	0.024946	1.30954e-08	-0.024918	3.207e-07	-3.2128e-07	0.025932	1.1891999999999998e-08	-0.025902	3.2166e-07	-3.231e-07	0.026332	1.1488e-08	-0.026298	3.2252e-07	-3.2552e-07	0.026654	1.11864e-08	-0.026626	3.2346e-07	-3.2886e-07	0.026948	1.07533e-08	-0.02692	3.2454e-07	-3.3394e-07
0.665	-0.000152	4.01234e-08	0.00015516	3.1938e-07	-3.1934e-07	0.01901	2.0005e-08	-0.018976	3.1988e-07	-3.2008e-07	0.025624	1.3507399999999998e-08	-0.025594	3.2078e-07	-3.2136e-07	0.026688	1.22194e-08	-0.026656	3.218e-07	-3.2308e-07	0.027096	1.1816399999999998e-08	-0.027064	3.2272e-07	-3.256e-07	0.027426	1.14925e-08	-0.027398	3.2356e-07	-3.2898e-07	0.02773	1.1063e-08	-0.027698	3.247e-07	-3.343e-07
0.67	-0.00015514	4.18822e-08	0.00015138	3.1934e-07	-3.1934e-07	0.019354	2.08146e-08	-0.019322	3.1986e-07	-3.2012e-07	0.026314	1.39306e-08	-0.026288	3.208e-07	-3.2132e-07	0.027454	1.25484e-08	-0.027424	3.2176e-07	-3.2312e-07	0.027882	1.2129999999999998e-08	-0.027848	3.2272e-07	-3.2572e-07	0.028222	1.18418e-08	-0.028194	3.2366e-07	-3.29e-07	0.028526	1.13879e-08	-0.028494	3.2484e-07	-3.3428e-07
0.675	-0.00015544	4.36642e-08	0.00015516	3.1944e-07	-3.1934e-07	0.019684	2.16564e-08	-0.01965	3.1998e-07	-3.2012e-07	0.026996	1.4371e-08	-0.026974	3.2084e-07	-3.2144e-07	0.02822	1.29092e-08	-0.02819	3.2182e-07	-3.2324e-07	0.02866	1.24422e-08	-0.028632	3.2282e-07	-3.2576e-07	0.029004	1.21484e-08	-0.028978	3.2378e-07	-3.292e-07	0.029318	1.17424e-08	-0.02929	3.2506e-07	-3.3438e-07
0.68	-0.00015742	4.55744e-08	0.00015432	3.1942e-07	-3.194e-07	0.020016	2.25438e-08	-0.019986	3.1996e-07	-3.2012e-07	0.027694	1.4830799999999998e-08	-0.027662	3.2094e-07	-3.215e-07	0.029	1.3261599999999998e-08	-0.028972	3.2186e-07	-3.232e-07	0.029456	1.2784e-08	-0.029426	3.2284e-07	-3.2568e-07	0.02981	1.24742e-08	-0.029786	3.2386e-07	-3.2926e-07	0.030128	1.20802e-08	-0.0301	3.2514e-07	-3.3442e-07
0.685	-0.00015452	4.753519999999999e-08	0.00015674	3.1942e-07	-3.1938e-07	0.020336	2.345e-08	-0.02031	3.199e-07	-3.2008e-07	0.028372	1.5299199999999998e-08	-0.028342	3.2096e-07	-3.2148e-07	0.02978	1.361e-08	-0.029748	3.22e-07	-3.2324e-07	0.030248	1.3112e-08	-0.03022	3.2288e-07	-3.2588e-07	0.030612	1.27982e-08	-0.030586	3.2396e-07	-3.2946e-07	0.030934	1.24164e-08	-0.030902	3.2528e-07	-3.348e-07
0.69	-0.0001583	4.96426e-08	0.00015842	3.1938e-07	-3.1944e-07	0.020656	2.44098e-08	-0.020622	3.199e-07	-3.2004e-07	0.029064	1.5792199999999998e-08	-0.029032	3.2104e-07	-3.2154e-07	0.030572	1.39794e-08	-0.030542	3.2204e-07	-3.2338e-07	0.031058	1.3438799999999998e-08	-0.031028	3.2306e-07	-3.2584e-07	0.03143	1.3132399999999998e-08	-0.031398	3.2408e-07	-3.2944e-07	0.031752	1.2755e-08	-0.03173	3.253e-07	-3.3468e-07
0.695	-0.00015934	5.17846e-08	0.00016038	3.194e-07	-3.1936e-07	0.020964	2.54e-08	-0.020934	3.1986e-07	-3.2002e-07	0.02974	1.6290599999999998e-08	-0.029708	3.21e-07	-3.2154e-07	0.03136	1.43468e-08	-0.03133	3.2206e-07	-3.2344e-07	0.03186	1.37838e-08	-0.031834	3.2308e-07	-3.2594e-07	0.032244	1.34734e-08	-0.032212	3.242e-07	-3.2952e-07	0.032572	1.31054e-08	-0.03255	3.2548e-07	-3.35e-07
0.7	-0.00016096	5.406959999999999e-08	0.00016316	3.1942e-07	-3.1936e-07	0.02127	2.64584e-08	-0.021242	3.199e-07	-3.2004e-07	0.030422	1.68202e-08	-0.030394	3.2096e-07	-3.2158e-07	0.032164	1.4729599999999998e-08	-0.032134	3.2216e-07	-3.2346e-07	0.032686	1.41522e-08	-0.032656	3.2316e-07	-3.2606e-07	0.033074	1.3822399999999998e-08	-0.03304	3.243e-07	-3.2958e-07	0.033406	1.34696e-08	-0.033382	3.256e-07	-3.3492e-07
0.705	-0.00016322	5.642319999999999e-08	0.00016156	3.194e-07	-3.1934e-07	0.021568	2.75144e-08	-0.021534	3.1988e-07	-3.2002e-07	0.031098	1.7359199999999998e-08	-0.031066	3.2108e-07	-3.216e-07	0.032968	1.51252e-08	-0.032932	3.2228e-07	-3.2352e-07	0.033504	1.4506e-08	-0.033474	3.2326e-07	-3.2618e-07	0.033892	1.4169399999999998e-08	-0.033864	3.2436e-07	-3.2964e-07	0.03424	1.3832e-08	-0.034206	3.257e-07	-3.351e-07
0.71	-0.00016204	5.894319999999999e-08	0.0001642	3.1944e-07	-3.1938e-07	0.021862	2.86374e-08	-0.021834	3.199e-07	-3.2002e-07	0.031776	1.79354e-08	-0.031748	3.211e-07	-3.216e-07	0.033778	1.5518199999999998e-08	-0.033752	3.2232e-07	-3.236e-07	0.034334	1.48678e-08	-0.034304	3.2326e-07	-3.262e-07	0.034734	1.4533599999999998e-08	-0.034712	3.2458e-07	-3.297e-07	0.035082	1.41976e-08	-0.035058	3.2586e-07	-3.352e-07
0.715	-0.000164	6.148579999999999e-08	0.00016544	3.1938e-07	-3.1938e-07	0.022142	2.98146e-08	-0.022116	3.1998e-07	-3.2012e-07	0.032438	1.85188e-08	-0.032412	3.2114e-07	-3.2168e-07	0.03458	1.5915199999999998e-08	-0.034558	3.2234e-07	-3.2362e-07	0.03516	1.5251599999999998e-08	-0.035136	3.2338e-07	-3.2628e-07	0.035572	1.49042e-08	-0.035542	3.2464e-07	-3.2992e-07	0.03593	1.45756e-08	-0.0359	3.2604e-07	-3.3572e-07
0.72	-0.00016686	6.4237e-08	0.0001663	3.1942e-07	-3.194e-07	0.022426	3.1023999999999994e-08	-0.022398	3.1992e-07	-3.2008e-07	0.033114	1.91228e-08	-0.033082	3.211e-07	-3.2166e-07	0.035408	1.63294e-08	-0.035378	3.2236e-07	-3.2368e-07	0.036006	1.56318e-08	-0.035978	3.235e-07	-3.2628e-07	0.03642	1.5275999999999997e-08	-0.036396	3.2472e-07	-3.2998e-07	0.036784	1.4966999999999998e-08	-0.036758	3.2616e-07	-3.3546e-07
0.725	-0.00016574	6.70892e-08	0.0001669	3.1948e-07	-3.194e-07	0.0227	3.22988e-08	-0.022672	3.1992e-07	-3.2012e-07	0.03377	1.97544e-08	-0.033736	3.211e-07	-3.2168e-07	0.036218	1.6756799999999998e-08	-0.036194	3.2248e-07	-3.2368e-07	0.03684	1.6016999999999997e-08	-0.036814	3.2366e-07	-3.2652e-07	0.037272	1.56546e-08	-0.037238	3.2486e-07	-3.3004e-07	0.03764	1.53466e-08	-0.037606	3.2626e-07	-3.3562e-07
0.73	-0.00016802	7.0065e-08	0.00016676	3.194e-07	-3.1938e-07	0.022968	3.36124e-08	-0.022938	3.1998e-07	-3.2008e-07	0.034428	2.04176e-08	-0.034398	3.2118e-07	-3.2168e-07	0.037052	1.7195399999999998e-08	-0.037024	3.225e-07	-3.2376e-07	0.0377	1.64382e-08	-0.037666	3.2364e-07	-3.2662e-07	0.038132	1.6053599999999998e-08	-0.038108	3.2498e-07	-3.3018e-07	0.038504	1.57412e-08	-0.03848	3.2644e-07	-3.3592e-07
0.735	-0.0001697	7.31504e-08	0.00016702	3.1938e-07	-3.1934e-07	0.02323	3.4981599999999993e-08	-0.0232	3.199e-07	-3.2012e-07	0.035074	2.1107e-08	-0.035044	3.212e-07	-3.2166e-07	0.037876	1.7645199999999998e-08	-0.037846	3.225e-07	-3.2388e-07	0.038548	1.6833199999999997e-08	-0.038512	3.2382e-07	-3.2666e-07	0.038988	1.64488e-08	-0.03896	3.251e-07	-3.303e-07	0.039366	1.6142999999999998e-08	-0.039342	3.266e-07	-3.3586e-07
0.74	-0.00016964	7.646379999999999e-08	0.00017048	3.194e-07	-3.1934e-07	0.023488	3.64368e-08	-0.023458	3.199e-07	-3.2008e-07	0.035724	2.18028e-08	-0.03569	3.2122e-07	-3.2178e-07	0.038714	1.81042e-08	-0.038682	3.2252e-07	-3.2386e-07	0.039414	1.7242799999999997e-08	-0.039384	3.2386e-07	-3.267e-07	0.039864	1.68554e-08	-0.039834	3.2524e-07	-3.3042e-07	0.04024	1.65528e-08	-0.040216	3.2674e-07	-3.362e-07
0.745	-0.0001723	7.98802e-08	0.00016844	3.1942e-07	-3.1946e-07	0.023736	3.79236e-08	-0.023708	3.199e-07	-3.2004e-07	0.03636	2.254e-08	-0.036324	3.2124e-07	-3.2186e-07	0.039538	1.85726e-08	-0.03951	3.227e-07	-3.2394e-07	0.040268	1.76694e-08	-0.040236	3.2402e-07	-3.2682e-07	0.04072	1.7265399999999998e-08	-0.040698	3.2536e-07	-3.3052e-07	0.041118	1.69702e-08	-0.041088	3.2688e-07	-3.363e-07
0.75	-0.0001714	8.350939999999998e-08	0.00017268	3.1938e-07	-3.194e-07	0.023982	3.95316e-08	-0.023956	3.1996e-07	-3.2014e-07	0.036988	2.33198e-08	-0.03696	3.2128e-07	-3.2184e-07	0.040382	1.9068e-08	-0.040352	3.2276e-07	-3.2398e-07	0.041138	1.8113e-08	-0.041114	3.2414e-07	-3.2684e-07	0.041612	1.76894e-08	-0.041584	3.2544e-07	-3.3058e-07	0.042002	1.7394999999999998e-08	-0.041978	3.2712e-07	-3.3618e-07
0.755	-0.00017092	8.724339999999999e-08	0.00017366	3.1948e-07	-3.194e-07	0.02422	4.1135e-08	-0.02419	3.1992e-07	-3.2014e-07	0.03761	2.4108e-08	-0.037582	3.2136e-07	-3.2188e-07	0.041216	1.95602e-08	-0.041184	3.2276e-07	-3.2394e-07	0.042002	1.85506e-08	-0.04198	3.2416e-07	-3.2696e-07	0.042482	1.81224e-08	-0.042454	3.2562e-07	-3.3072e-07	0.042886	1.7826999999999998e-08	-0.042856	3.2726e-07	-3.3634e-07
0.76	-0.00017294	9.12448e-08	0.00017286	3.194e-07	-3.1934e-07	0.024458	4.28662e-08	-0.024424	3.1998e-07	-3.2012e-07	0.038236	2.49524e-08	-0.038202	3.2132e-07	-3.2188e-07	0.042058	2.00904e-08	-0.042032	3.228e-07	-3.2398e-07	0.04289	1.9016e-08	-0.04286	3.243e-07	-3.2704e-07	0.043378	1.85678e-08	-0.043346	3.257e-07	-3.3076e-07	0.043778	1.82784e-08	-0.043752	3.2744e-07	-3.367e-07
0.765	-0.0001745	9.53326e-08	0.00017172	3.1944e-07	-3.1942e-07	0.024688	4.46508e-08	-0.024656	3.2e-07	-3.2012e-07	0.038836	2.5806e-08	-0.038806	3.2134e-07	-3.219e-07	0.04289	2.0615e-08	-0.04286	3.2288e-07	-3.2412e-07	0.043758	1.95138e-08	-0.043734	3.2442e-07	-3.2716e-07	0.044262	1.90166e-08	-0.044228	3.259e-07	-3.31e-07	0.044672	1.87222e-08	-0.044646	3.2756e-07	-3.3678e-07
0.77	-0.00017776	9.976e-08	0.00017534	3.1944e-07	-3.1936e-07	0.024912	4.65204e-08	-0.024888	3.1992e-07	-3.2012e-07	0.039444	2.67196e-08	-0.039412	3.214e-07	-3.2192e-07	0.043738	2.11674e-08	-0.043714	3.2298e-07	-3.2416e-07	0.044652	1.99856e-08	-0.044628	3.2454e-07	-3.2726e-07	0.045158	1.94774e-08	-0.04513	3.2602e-07	-3.3116e-07	0.045576	1.9191e-08	-0.04555	3.2778e-07	-3.3676e-07
0.775	-0.0001746	1.0430760000000001e-07	0.00017526	3.194e-07	-3.194e-07	0.02513	4.84656e-08	-0.025098	3.1998e-07	-3.2018e-07	0.040028	2.76566e-08	-0.04	3.2146e-07	-3.2196e-07	0.044574	2.17198e-08	-0.044544	3.2306e-07	-3.2428e-07	0.045534	2.04628e-08	-0.045502	3.2454e-07	-3.273e-07	0.04605	1.9939e-08	-0.046018	3.2606e-07	-3.3114e-07	0.046476	1.96618e-08	-0.046446	3.2794e-07	-3.369e-07
0.78	-0.00017888	1.09115e-07	0.00017534	3.1938e-07	-3.1936e-07	0.025342	5.05132e-08	-0.025314	3.1998e-07	-3.2026e-07	0.040618	2.86348e-08	-0.040586	3.215e-07	-3.2192e-07	0.04542	2.23078e-08	-0.045392	3.2304e-07	-3.2428e-07	0.046432	2.0984e-08	-0.046398	3.2466e-07	-3.2732e-07	0.04696	2.04352e-08	-0.04693	3.2628e-07	-3.3134e-07	0.047386	2.01344e-08	-0.047358	3.2802e-07	-3.372e-07
0.785	-0.00018102	1.141376e-07	0.00017902	3.1936e-07	-3.1932e-07	0.02555	5.26436e-08	-0.025516	3.2e-07	-3.2018e-07	0.041192	2.96398e-08	-0.04116	3.2152e-07	-3.2198e-07	0.046254	2.29064e-08	-0.04623	3.2314e-07	-3.244e-07	0.047316	2.1479e-08	-0.047292	3.247e-07	-3.2738e-07	0.047858	2.09106e-08	-0.04783	3.2636e-07	-3.3138e-07	0.04829	2.06114e-08	-0.04826	3.2824e-07	-3.3728e-07
0.79	-0.00018048	1.1954e-07	0.00017988	3.1936e-07	-3.1936e-07	0.025758	5.483899999999999e-08	-0.02573	3.2006e-07	-3.2018e-07	0.041766	3.0695e-08	-0.041732	3.215e-07	-3.2198e-07	0.047104	2.35148e-08	-0.047076	3.2322e-07	-3.2446e-07	0.048224	2.20134e-08	-0.048194	3.2486e-07	-3.2748e-07	0.048778	2.14192e-08	-0.048744	3.266e-07	-3.3158e-07	0.049212	2.11194e-08	-0.049186	3.2838e-07	-3.376e-07
0.795	-0.00018064	1.2502e-07	0.00018106	3.1946e-07	-3.194e-07	0.025956	5.717e-08	-0.025928	3.2002e-07	-3.202e-07	0.042318	3.1808e-08	-0.042284	3.2154e-07	-3.2202e-07	0.047936	2.41504e-08	-0.047906	3.233e-07	-3.2452e-07	0.04912	2.25226e-08	-0.049084	3.2496e-07	-3.2756e-07	0.049676	2.192e-08	-0.049648	3.2666e-07	-3.3176e-07	0.050124	2.1625e-08	-0.050096	3.2852e-07	-3.3756e-07
0.8	-0.00018166	1.308e-07	0.00018092	3.194e-07	-3.1938e-07	0.026146	5.96012e-08	-0.02612	3.1998e-07	-3.202e-07	0.042866	3.2929e-08	-0.042834	3.2164e-07	-3.2206e-07	0.048772	2.47566e-08	-0.04874	3.2334e-07	-3.246e-07	0.050012	2.30714e-08	-0.049986	3.2502e-07	-3.277e-07	0.050588	2.24338e-08	-0.050558	3.2674e-07	-3.3174e-07	0.051042	2.21446e-08	-0.05101	3.2874e-07	-3.3788e-07
0.805	-0.00018374	1.3694e-07	0.0001803	3.1938e-07	-3.1938e-07	0.026342	6.216159999999999e-08	-0.026314	3.2e-07	-3.2024e-07	0.043408	3.4138799999999995e-08	-0.043376	3.2162e-07	-3.2216e-07	0.049612	2.5433e-08	-0.04959	3.2342e-07	-3.2458e-07	0.050928	2.3617e-08	-0.0509	3.2512e-07	-3.2774e-07	0.051516	2.29824e-08	-0.051482	3.2688e-07	-3.319e-07	0.051974	2.2668e-08	-0.051944	3.2894e-07	-3.38e-07
0.81	-0.0001812	1.4334e-07	0.00018386	3.1938e-07	-3.1936e-07	0.026528	6.48262e-08	-0.0265	3.1998e-07	-3.2024e-07	0.04394	3.5387799999999995e-08	-0.043912	3.2164e-07	-3.2216e-07	0.050442	2.61312e-08	-0.050408	3.2352e-07	-3.247e-07	0.05183	2.41402e-08	-0.051804	3.2524e-07	-3.2784e-07	0.052432	2.35296e-08	-0.0524	3.2702e-07	-3.3202e-07	0.052896	2.31986e-08	-0.052866	3.2906e-07	-3.379e-07
0.815	-0.00018384	1.5018e-07	0.00018316	3.1944e-07	-3.1936e-07	0.026714	6.76392e-08	-0.026684	3.2002e-07	-3.2018e-07	0.04447	3.66716e-08	-0.044434	3.2164e-07	-3.2214e-07	0.051282	2.68552e-08	-0.05125	3.2346e-07	-3.247e-07	0.05275	2.4718e-08	-0.052724	3.2532e-07	-3.279e-07	0.05336	2.40748e-08	-0.053338	3.2718e-07	-3.3222e-07	0.053828	2.37552e-08	-0.053806	3.2928e-07	-3.3832e-07
0.82	-0.00018606	1.5722e-07	0.00018312	3.1946e-07	-3.1934e-07	0.02689	7.053619999999999e-08	-0.026856	3.2002e-07	-3.2016e-07	0.04498	3.80284e-08	-0.044944	3.2172e-07	-3.2216e-07	0.052104	2.76136e-08	-0.052072	3.2358e-07	-3.2482e-07	0.053666	2.53176e-08	-0.053638	3.2548e-07	-3.28e-07	0.054288	2.4655e-08	-0.05426	3.272e-07	-3.3218e-07	0.054762	2.43168e-08	-0.054736	3.2944e-07	-3.3832e-07
0.825	-0.00018298	1.6472e-07	0.00018406	3.1942e-07	-3.194e-07	0.027068	7.36032e-08	-0.027032	3.2008e-07	-3.2016e-07	0.04549	3.94782e-08	-0.045454	3.2174e-07	-3.2216e-07	0.052934	2.84024e-08	-0.052904	3.2366e-07	-3.2486e-07	0.05459	2.5926e-08	-0.054564	3.256e-07	-3.2816e-07	0.055226	2.52458e-08	-0.055194	3.274e-07	-3.3226e-07	0.055704	2.48908e-08	-0.055676	3.2954e-07	-3.3842e-07
0.83	-0.00018482	1.7254e-07	0.00018418	3.1944e-07	-3.1942e-07	0.027232	7.67848e-08	-0.027208	3.1996e-07	-3.2014e-07	0.045982	4.0924799999999993e-08	-0.045948	3.2174e-07	-3.2222e-07	0.053748	2.91834e-08	-0.053718	3.2372e-07	-3.2494e-07	0.055508	2.65492e-08	-0.05547	3.2562e-07	-3.282e-07	0.056152	2.5836e-08	-0.056126	3.2752e-07	-3.3258e-07	0.056642	2.54712e-08	-0.056608	3.2972e-07	-3.3858e-07
0.835	-0.00018462	1.8082e-07	0.00018324	3.1944e-07	-3.1944e-07	0.027402	8.01854e-08	-0.027372	3.2002e-07	-3.2016e-07	0.046466	4.24756e-08	-0.046434	3.218e-07	-3.2226e-07	0.054568	3.00162e-08	-0.054542	3.2372e-07	-3.2494e-07	0.056426	2.7186e-08	-0.056406	3.2574e-07	-3.2828e-07	0.057102	2.64408e-08	-0.057072	3.2768e-07	-3.3262e-07	0.05759	2.61146e-08	-0.05756	3.2994e-07	-3.3896e-07
0.84	-0.00018422	1.8956e-07	0.00018692	3.1952e-07	-3.1944e-07	0.027566	8.370199999999999e-08	-0.027534	3.2008e-07	-3.2026e-07	0.046944	4.40816e-08	-0.046912	3.2174e-07	-3.2228e-07	0.055382	3.0877399999999994e-08	-0.055348	3.2384e-07	-3.2504e-07	0.057352	2.78336e-08	-0.057318	3.258e-07	-3.2838e-07	0.058038	2.70546e-08	-0.058004	3.2776e-07	-3.3274e-07	0.058534	2.67258e-08	-0.058504	3.3012e-07	-3.3898e-07
0.845	-0.00018576	1.9862e-07	0.00018294	3.1936e-07	-3.1932e-07	0.027722	8.741399999999999e-08	-0.027696	3.2014e-07	-3.203e-07	0.047424	4.5763e-08	-0.047388	3.2176e-07	-3.2228e-07	0.056196	3.1774199999999995e-08	-0.05617	3.2388e-07	-3.25e-07	0.058284	2.85146e-08	-0.058252	3.2598e-07	-3.2858e-07	0.05899	2.77054e-08	-0.05896	3.28e-07	-3.328e-07	0.059486	2.73538e-08	-0.05946	3.303e-07	-3.3914e-07
0.85	-0.00018472	2.0822e-07	0.00018934	3.194e-07	-3.1936e-07	0.027876	9.1255e-08	-0.027848	3.2006e-07	-3.2026e-07	0.047874	4.7506e-08	-0.047846	3.218e-07	-3.2234e-07	0.05699	3.2686e-08	-0.05696	3.2392e-07	-3.2516e-07	0.059202	2.9208e-08	-0.059174	3.2608e-07	-3.2858e-07	0.059928	2.8338e-08	-0.059898	3.2812e-07	-3.331e-07	0.060436	2.7975e-08	-0.060406	3.3054e-07	-3.3924e-07
0.855	-0.00018912	2.1836e-07	0.00018602	3.1938e-07	-3.194e-07	0.028032	9.536899999999999e-08	-0.028	3.2008e-07	-3.203e-07	0.048328	4.93506e-08	-0.0483	3.2182e-07	-3.2236e-07	0.057792	3.36564e-08	-0.057758	3.24e-07	-3.2522e-07	0.060138	2.99126e-08	-0.060112	3.2624e-07	-3.287e-07	0.060882	2.90126e-08	-0.060856	3.2824e-07	-3.3322e-07	0.0614	2.86324e-08	-0.061368	3.3072e-07	-3.3966e-07
0.86	-0.00018486	2.2896e-07	0.0001887	3.1948e-07	-3.1938e-07	0.028178	9.95832e-08	-0.028152	3.2014e-07	-3.2036e-07	0.048774	5.125379999999999e-08	-0.04874	3.2192e-07	-3.2238e-07	0.058574	3.46478e-08	-0.058546	3.2414e-07	-3.2528e-07	0.061058	3.0632e-08	-0.061036	3.2624e-07	-3.2878e-07	0.061828	2.96814e-08	-0.061798	3.2842e-07	-3.3326e-07	0.062346	2.92952e-08	-0.06232	3.3096e-07	-3.396e-07
0.865	-0.0001852	2.4024e-07	0.00019058	3.1942e-07	-3.1942e-07	0.028328	1.040592e-07	-0.028296	3.201e-07	-3.2028e-07	0.04921	5.32688e-08	-0.04918	3.2194e-07	-3.2244e-07	0.059366	3.5684e-08	-0.059336	3.242e-07	-3.2536e-07	0.061998	3.1389799999999994e-08	-0.061972	3.2636e-07	-3.289e-07	0.062786	3.03844e-08	-0.06276	3.2852e-07	-3.3338e-07	0.063316	2.9991999999999995e-08	-0.063292	3.3102e-07	-3.3968e-07
0.87	-0.0001884	2.5194e-07	0.00019128	3.1938e-07	-3.1942e-07	0.028472	1.08738e-07	-0.028442	3.2008e-07	-3.2024e-07	0.04963	5.5349e-08	-0.049596	3.2194e-07	-3.2244e-07	0.060136	3.67676e-08	-0.060108	3.2428e-07	-3.2542e-07	0.062922	3.2141e-08	-0.062896	3.265e-07	-3.2906e-07	0.063736	3.10784e-08	-0.063708	3.2868e-07	-3.336e-07	0.064268	3.06888e-08	-0.064242	3.3132e-07	-3.3986e-07
0.875	-0.00019006	2.6442e-07	0.00018896	3.194e-07	-3.1942e-07	0.028604	1.1367420000000001e-07	-0.028576	3.2012e-07	-3.2028e-07	0.050052	5.75472e-08	-0.050018	3.2198e-07	-3.2242e-07	0.06091	3.79044e-08	-0.060884	3.2436e-07	-3.2546e-07	0.063862	3.2924799999999994e-08	-0.063836	3.2656e-07	-3.2908e-07	0.064702	3.18134e-08	-0.06467	3.2876e-07	-3.3368e-07	0.065242	3.1362e-08	-0.065216	3.3144e-07	-3.4014e-07
0.88	-0.00019276	2.774e-07	0.00019188	3.194e-07	-3.1938e-07	0.028742	1.1888e-07	-0.028712	3.201e-07	-3.2032e-07	0.050462	5.978159999999999e-08	-0.050426	3.2194e-07	-3.2248e-07	0.061668	3.90354e-08	-0.061638	3.2432e-07	-3.2552e-07	0.06479	3.3725999999999994e-08	-0.064762	3.2674e-07	-3.2922e-07	0.065654	3.2572599999999995e-08	-0.065626	3.2894e-07	-3.3384e-07	0.066202	3.20834e-08	-0.066172	3.316e-07	-3.4044e-07
0.885	-0.00019094	2.913e-07	0.00019132	3.1938e-07	-3.1936e-07	0.028874	1.2428e-07	-0.02884	3.2016e-07	-3.2032e-07	0.05086	6.21926e-08	-0.050832	3.22e-07	-3.2246e-07	0.062428	4.02498e-08	-0.062398	3.2438e-07	-3.256e-07	0.065726	3.45548e-08	-0.065698	3.2676e-07	-3.293e-07	0.066628	3.33378e-08	-0.066592	3.2918e-07	-3.3392e-07	0.06718	3.28222e-08	-0.067148	3.319e-07	-3.4042e-07
0.89	-0.00019298	3.0562e-07	0.00019248	3.1932e-07	-3.1942e-07	0.02901	1.2993999999999998e-07	-0.028976	3.2022e-07	-3.2032e-07	0.051252	6.47004e-08	-0.051222	3.2198e-07	-3.2252e-07	0.06317	4.15262e-08	-0.063142	3.2442e-07	-3.2564e-07	0.066642	3.5393799999999995e-08	-0.066622	3.2692e-07	-3.2934e-07	0.06758	3.4100999999999995e-08	-0.067556	3.2928e-07	-3.341e-07	0.068146	3.36282e-08	-0.068112	3.3206e-07	-3.407e-07
0.895	-0.00019284	3.2094e-07	0.0001913	3.1944e-07	-3.1936e-07	0.029134	1.3562e-07	-0.029102	3.2012e-07	-3.2036e-07	0.05164	6.730759999999999e-08	-0.051608	3.2198e-07	-3.2252e-07	0.063918	4.2824e-08	-0.063886	3.2454e-07	-3.257e-07	0.067588	3.62936e-08	-0.067556	3.2696e-07	-3.2946e-07	0.068558	3.49156e-08	-0.068528	3.2936e-07	-3.3426e-07	0.069124	3.43774e-08	-0.069098	3.322e-07	-3.408e-07
0.9	-0.00019312	3.3688e-07	0.00019442	3.1936e-07	-3.1938e-07	0.029258	1.421e-07	-0.029228	3.202e-07	-3.2036e-07	0.052014	7.00172e-08	-0.051982	3.2204e-07	-3.2254e-07	0.064636	4.41806e-08	-0.064608	3.2454e-07	-3.2576e-07	0.068512	3.7184e-08	-0.06848	3.271e-07	-3.295e-07	0.069514	3.57222e-08	-0.069488	3.2956e-07	-3.3438e-07	0.070092	3.5132999999999994e-08	-0.070066	3.3232e-07	-3.41e-07
