vg	id_vd = 0V	ig_vd = 0V	is_vd = 0V	iavdd_vd = 0V	ignd_vd = 0V	id_vd = 0.01V	ig_vd = 0.01V	is_vd = 0.01V	iavdd_vd = 0.01V	ignd_vd = 0.01V	id_vd = 0.02V	ig_vd = 0.02V	is_vd = 0.02V	iavdd_vd = 0.02V	ignd_vd = 0.02V	id_vd = 0.03V	ig_vd = 0.03V	is_vd = 0.03V	iavdd_vd = 0.03V	ignd_vd = 0.03V	id_vd = 0.04V	ig_vd = 0.04V	is_vd = 0.04V	iavdd_vd = 0.04V	ignd_vd = 0.04V	id_vd = 0.05V	ig_vd = 0.05V	is_vd = 0.05V	iavdd_vd = 0.05V	ignd_vd = 0.05V	id_vd = 0.06V	ig_vd = 0.06V	is_vd = 0.06V	iavdd_vd = 0.06V	ignd_vd = 0.06V	id_vd = 0.07V	ig_vd = 0.07V	is_vd = 0.07V	iavdd_vd = 0.07V	ignd_vd = 0.07V	id_vd = 0.08V	ig_vd = 0.08V	is_vd = 0.08V	iavdd_vd = 0.08V	ignd_vd = 0.08V	id_vd = 0.09V	ig_vd = 0.09V	is_vd = 0.09V	iavdd_vd = 0.09V	ignd_vd = 0.09V	id_vd = 0.1V	ig_vd = 0.1V	is_vd = 0.1V	iavdd_vd = 0.1V	ignd_vd = 0.1V
-0.3	9.8307e-10	-1.9242e-09	9.1312e-10	3.1962e-07	-3.1954e-07	1.0825e-09	-1.9983e-09	9.1115e-10	3.1944e-07	-3.1942e-07	1.1804e-09	-2.0769e-09	9.1231e-10	3.1944e-07	-3.194e-07	1.278e-09	-2.1641e-09	9.1279e-10	3.1944e-07	-3.1948e-07	1.3792e-09	-2.2475e-09	9.1129e-10	3.1936e-07	-3.1938e-07	1.4851e-09	-2.339e-09	9.1157e-10	3.1948e-07	-3.1954e-07	1.5858e-09	-2.4315e-09	9.1025e-10	3.1934e-07	-3.1944e-07	1.7115e-09	-2.5346e-09	9.1122e-10	3.195e-07	-3.1952e-07	1.8234e-09	-2.6278e-09	9.1073e-10	3.195e-07	-3.1954e-07	1.9491e-09	-2.7393e-09	9.1485e-10	3.1942e-07	-3.1954e-07	2.0716e-09	-2.8487e-09	9.1253e-10	3.1944e-07	-3.196e-07
-0.295	9.4656e-10	-1.8482e-09	8.7764e-10	3.1962e-07	-3.1952e-07	1.0443e-09	-1.9265e-09	8.7916e-10	3.1936e-07	-3.1936e-07	1.1369e-09	-2.0048e-09	8.7867e-10	3.1942e-07	-3.1936e-07	1.235e-09	-2.0822e-09	8.7795e-10	3.1944e-07	-3.1946e-07	1.3354e-09	-2.1702e-09	8.7742e-10	3.1938e-07	-3.1936e-07	1.4337e-09	-2.255e-09	8.7613e-10	3.1936e-07	-3.194e-07	1.5384e-09	-2.3469e-09	8.8048e-10	3.1938e-07	-3.194e-07	1.6532e-09	-2.4478e-09	8.7934e-10	3.195e-07	-3.1948e-07	1.7687e-09	-2.5407e-09	8.7897e-10	3.1946e-07	-3.1956e-07	1.8883e-09	-2.6469e-09	8.7588e-10	3.1938e-07	-3.1954e-07	2.0131e-09	-2.7577e-09	8.7659e-10	3.1942e-07	-3.1946e-07
-0.29	9.1454e-10	-1.7758e-09	8.4432e-10	3.196e-07	-3.1952e-07	1.0015e-09	-1.8443e-09	8.4332e-10	3.1938e-07	-3.1934e-07	1.1002e-09	-1.9239e-09	8.4522e-10	3.1938e-07	-3.1936e-07	1.1921e-09	-2.0014e-09	8.4309e-10	3.195e-07	-3.195e-07	1.2893e-09	-2.0876e-09	8.4422e-10	3.194e-07	-3.193e-07	1.3933e-09	-2.1723e-09	8.448e-10	3.194e-07	-3.194e-07	1.494e-09	-2.2604e-09	8.4453e-10	3.1936e-07	-3.1942e-07	1.6057e-09	-2.3575e-09	8.4294e-10	3.1948e-07	-3.1948e-07	1.7162e-09	-2.4572e-09	8.4249e-10	3.194e-07	-3.1952e-07	1.832e-09	-2.5581e-09	8.4406e-10	3.1948e-07	-3.1954e-07	1.9607e-09	-2.6636e-09	8.4467e-10	3.1942e-07	-3.1948e-07
-0.285	8.787e-10	-1.7103e-09	8.1182e-10	3.1958e-07	-3.1958e-07	9.6857e-10	-1.7776e-09	8.1297e-10	3.1944e-07	-3.1948e-07	1.0579e-09	-1.8503e-09	8.1041e-10	3.1946e-07	-3.1952e-07	1.1557e-09	-1.9329e-09	8.1291e-10	3.1952e-07	-3.1948e-07	1.2522e-09	-2.0067e-09	8.1047e-10	3.1936e-07	-3.194e-07	1.3507e-09	-2.0928e-09	8.1016e-10	3.1938e-07	-3.1942e-07	1.4395e-09	-2.1824e-09	8.1125e-10	3.1942e-07	-3.194e-07	1.5567e-09	-2.2722e-09	8.106e-10	3.195e-07	-3.196e-07	1.6651e-09	-2.3686e-09	8.1091e-10	3.195e-07	-3.1952e-07	1.7827e-09	-2.4707e-09	8.1187e-10	3.1948e-07	-3.1958e-07	1.9066e-09	-2.5767e-09	8.1242e-10	3.1936e-07	-3.1952e-07
-0.28	8.3967e-10	-1.636e-09	7.7829e-10	3.1958e-07	-3.1954e-07	9.3109e-10	-1.7001e-09	7.7452e-10	3.1942e-07	-3.194e-07	1.0201e-09	-1.7831e-09	7.8064e-10	3.1948e-07	-3.195e-07	1.1074e-09	-1.8545e-09	7.7665e-10	3.1946e-07	-3.195e-07	1.2035e-09	-1.9382e-09	7.793e-10	3.1936e-07	-3.1936e-07	1.3019e-09	-2.0173e-09	7.7902e-10	3.1938e-07	-3.1936e-07	1.4002e-09	-2.1043e-09	7.7891e-10	3.1942e-07	-3.1946e-07	1.5118e-09	-2.1943e-09	7.8072e-10	3.1948e-07	-3.195e-07	1.6205e-09	-2.2857e-09	7.7886e-10	3.1942e-07	-3.1954e-07	1.7288e-09	-2.3795e-09	7.7926e-10	3.1942e-07	-3.1952e-07	1.845e-09	-2.4868e-09	7.7697e-10	3.1942e-07	-3.195e-07
-0.275	8.1065e-10	-1.5745e-09	7.4907e-10	3.1964e-07	-3.1958e-07	8.9389e-10	-1.6417e-09	7.4876e-10	3.1938e-07	-3.1936e-07	9.8142e-10	-1.7076e-09	7.4827e-10	3.1948e-07	-3.1952e-07	1.0778e-09	-1.7834e-09	7.5e-10	3.1944e-07	-3.194e-07	1.1653e-09	-1.8602e-09	7.473e-10	3.194e-07	-3.1938e-07	1.261e-09	-1.9431e-09	7.469e-10	3.1936e-07	-3.1946e-07	1.3556e-09	-2.0257e-09	7.4733e-10	3.1936e-07	-3.194e-07	1.4583e-09	-2.1147e-09	7.4612e-10	3.1954e-07	-3.1948e-07	1.5702e-09	-2.203e-09	7.4913e-10	3.1944e-07	-3.1956e-07	1.6766e-09	-2.3022e-09	7.4572e-10	3.194e-07	-3.1946e-07	1.7888e-09	-2.4011e-09	7.4915e-10	3.1942e-07	-3.1948e-07
-0.27	7.8064e-10	-1.5065e-09	7.1723e-10	3.1962e-07	-3.1956e-07	8.7074e-10	-1.5717e-09	7.19e-10	3.1948e-07	-3.1948e-07	9.4413e-10	-1.6433e-09	7.1615e-10	3.1944e-07	-3.1954e-07	1.0378e-09	-1.7131e-09	7.1602e-10	3.1944e-07	-3.1942e-07	1.1274e-09	-1.7871e-09	7.1798e-10	3.1936e-07	-3.1948e-07	1.2197e-09	-1.8668e-09	7.1868e-10	3.1934e-07	-3.195e-07	1.3084e-09	-1.9495e-09	7.1881e-10	3.1938e-07	-3.194e-07	1.421e-09	-2.0306e-09	7.1769e-10	3.1942e-07	-3.1952e-07	1.518e-09	-2.1239e-09	7.1563e-10	3.1946e-07	-3.1952e-07	1.6309e-09	-2.2206e-09	7.1842e-10	3.1938e-07	-3.1948e-07	1.7374e-09	-2.3187e-09	7.1662e-10	3.1948e-07	-3.1956e-07
-0.265	7.4014e-10	-1.4484e-09	6.88e-10	3.1968e-07	-3.196e-07	8.2241e-10	-1.5086e-09	6.87e-10	3.194e-07	-3.193e-07	9.182e-10	-1.5785e-09	6.89e-10	3.195e-07	-3.1952e-07	9.953e-10	-1.6503e-09	6.8912e-10	3.1944e-07	-3.1952e-07	1.0864e-09	-1.7243e-09	6.8643e-10	3.1936e-07	-3.1938e-07	1.1774e-09	-1.7962e-09	6.8574e-10	3.1948e-07	-3.1954e-07	1.2755e-09	-1.8784e-09	6.8568e-10	3.1942e-07	-3.194e-07	1.3728e-09	-1.9661e-09	6.8775e-10	3.1934e-07	-3.1942e-07	1.4824e-09	-2.0486e-09	6.8951e-10	3.1942e-07	-3.1954e-07	1.5816e-09	-2.1365e-09	6.8631e-10	3.1936e-07	-3.1944e-07	1.6803e-09	-2.2362e-09	6.8714e-10	3.1942e-07	-3.1952e-07
-0.26	7.1582e-10	-1.3837e-09	6.6032e-10	3.1958e-07	-3.1958e-07	8.0079e-10	-1.4499e-09	6.5983e-10	3.1944e-07	-3.1936e-07	8.746e-10	-1.512e-09	6.599e-10	3.1948e-07	-3.1946e-07	9.6693e-10	-1.5749e-09	6.5862e-10	3.1948e-07	-3.1948e-07	1.0475e-09	-1.6512e-09	6.583e-10	3.1936e-07	-3.1942e-07	1.1397e-09	-1.7301e-09	6.5824e-10	3.1944e-07	-3.1946e-07	1.2338e-09	-1.807e-09	6.5968e-10	3.1932e-07	-3.194e-07	1.3289e-09	-1.887e-09	6.58e-10	3.1936e-07	-3.1946e-07	1.427e-09	-1.9712e-09	6.5909e-10	3.1948e-07	-3.1952e-07	1.5343e-09	-2.0635e-09	6.5835e-10	3.1938e-07	-3.1946e-07	1.6342e-09	-2.1599e-09	6.5718e-10	3.1936e-07	-3.1948e-07
-0.255	6.8749e-10	-1.3232e-09	6.2962e-10	3.1956e-07	-3.1958e-07	7.6157e-10	-1.3838e-09	6.3265e-10	3.1942e-07	-3.194e-07	8.4548e-10	-1.449e-09	6.287e-10	3.1946e-07	-3.1944e-07	9.2793e-10	-1.5174e-09	6.3157e-10	3.1946e-07	-3.1946e-07	1.0151e-09	-1.5843e-09	6.315e-10	3.1936e-07	-3.1936e-07	1.1038e-09	-1.6542e-09	6.2984e-10	3.1944e-07	-3.1954e-07	1.1926e-09	-1.7355e-09	6.2968e-10	3.1934e-07	-3.1948e-07	1.2894e-09	-1.811e-09	6.3066e-10	3.1938e-07	-3.1942e-07	1.3865e-09	-1.898e-09	6.2911e-10	3.1942e-07	-3.1958e-07	1.4878e-09	-1.9891e-09	6.3085e-10	3.1936e-07	-3.1948e-07	1.5898e-09	-2.0764e-09	6.3333e-10	3.1942e-07	-3.1956e-07
-0.25	6.5441e-10	-1.2748e-09	6.0442e-10	3.1968e-07	-3.1966e-07	7.2943e-10	-1.3296e-09	6.0139e-10	3.1934e-07	-3.1934e-07	8.1388e-10	-1.3899e-09	6.0522e-10	3.195e-07	-3.1948e-07	8.9216e-10	-1.4557e-09	6.0145e-10	3.195e-07	-3.1948e-07	9.7692e-10	-1.5244e-09	6.0392e-10	3.1934e-07	-3.1944e-07	1.0643e-09	-1.593e-09	6.0351e-10	3.1948e-07	-3.1952e-07	1.1482e-09	-1.6685e-09	6.0296e-10	3.1938e-07	-3.1948e-07	1.2474e-09	-1.7517e-09	6.0451e-10	3.1938e-07	-3.1946e-07	1.3424e-09	-1.8335e-09	6.0432e-10	3.1942e-07	-3.1954e-07	1.4477e-09	-1.9094e-09	6.0231e-10	3.1938e-07	-3.1946e-07	1.5363e-09	-2.0019e-09	6.0181e-10	3.194e-07	-3.1948e-07
-0.245	6.2614e-10	-1.2103e-09	5.7687e-10	3.1964e-07	-3.1956e-07	7.0611e-10	-1.2723e-09	5.7567e-10	3.1936e-07	-3.1936e-07	7.831e-10	-1.3322e-09	5.7775e-10	3.1948e-07	-3.1948e-07	8.6271e-10	-1.3927e-09	5.7919e-10	3.1944e-07	-3.1948e-07	9.4196e-10	-1.4617e-09	5.758e-10	3.1938e-07	-3.194e-07	1.0255e-09	-1.5336e-09	5.7599e-10	3.1944e-07	-3.195e-07	1.1221e-09	-1.6024e-09	5.7701e-10	3.1932e-07	-3.194e-07	1.2061e-09	-1.6791e-09	5.7643e-10	3.1944e-07	-3.1942e-07	1.2985e-09	-1.7575e-09	5.7641e-10	3.1948e-07	-3.1952e-07	1.398e-09	-1.8424e-09	5.7822e-10	3.1932e-07	-3.195e-07	1.4872e-09	-1.9371e-09	5.7622e-10	3.1938e-07	-3.1946e-07
-0.24	6.0284e-10	-1.1587e-09	5.5226e-10	3.1962e-07	-3.1964e-07	6.713e-10	-1.2119e-09	5.5281e-10	3.1938e-07	-3.1936e-07	7.4816e-10	-1.2686e-09	5.5075e-10	3.1948e-07	-3.1944e-07	8.292e-10	-1.3342e-09	5.4989e-10	3.1944e-07	-3.1946e-07	9.1171e-10	-1.3997e-09	5.525e-10	3.1938e-07	-3.1942e-07	9.933e-10	-1.4661e-09	5.513e-10	3.1942e-07	-3.1942e-07	1.0727e-09	-1.5393e-09	5.5231e-10	3.1934e-07	-3.1942e-07	1.1638e-09	-1.6118e-09	5.5059e-10	3.1938e-07	-3.1946e-07	1.2566e-09	-1.6874e-09	5.5026e-10	3.1946e-07	-3.1948e-07	1.3542e-09	-1.7735e-09	5.4915e-10	3.1936e-07	-3.1948e-07	1.4512e-09	-1.8561e-09	5.5111e-10	3.1938e-07	-3.195e-07
-0.235	5.757e-10	-1.1094e-09	5.2782e-10	3.1962e-07	-3.196e-07	6.4877e-10	-1.1623e-09	5.2333e-10	3.1936e-07	-3.1936e-07	7.2309e-10	-1.2208e-09	5.2741e-10	3.195e-07	-3.1946e-07	7.9617e-10	-1.2793e-09	5.2777e-10	3.1944e-07	-3.1952e-07	8.7506e-10	-1.3398e-09	5.2452e-10	3.1938e-07	-3.194e-07	9.5456e-10	-1.4091e-09	5.2552e-10	3.1948e-07	-3.1952e-07	1.0405e-09	-1.4751e-09	5.2547e-10	3.1936e-07	-3.194e-07	1.1342e-09	-1.5514e-09	5.2635e-10	3.1938e-07	-3.194e-07	1.2207e-09	-1.6295e-09	5.2636e-10	3.194e-07	-3.1954e-07	1.3156e-09	-1.7069e-09	5.2813e-10	3.1932e-07	-3.1944e-07	1.401e-09	-1.7891e-09	5.2589e-10	3.1948e-07	-3.1954e-07
-0.23	5.4258e-10	-1.0565e-09	5.0163e-10	3.196e-07	-3.196e-07	6.1792e-10	-1.1114e-09	5.0467e-10	3.1938e-07	-3.1938e-07	6.9566e-10	-1.1655e-09	5.0422e-10	3.195e-07	-3.1948e-07	7.6238e-10	-1.2237e-09	4.9861e-10	3.1946e-07	-3.1942e-07	8.4001e-10	-1.2877e-09	5.0158e-10	3.1938e-07	-3.1944e-07	9.2008e-10	-1.3477e-09	5.0104e-10	3.1946e-07	-3.1946e-07	1.0079e-09	-1.4156e-09	5.0067e-10	3.1938e-07	-3.1942e-07	1.0864e-09	-1.4878e-09	5.0082e-10	3.1942e-07	-3.1948e-07	1.1802e-09	-1.5595e-09	5.0299e-10	3.1942e-07	-3.1952e-07	1.2706e-09	-1.6349e-09	4.9891e-10	3.1936e-07	-3.194e-07	1.3594e-09	-1.7247e-09	5.0068e-10	3.194e-07	-3.196e-07
-0.225	5.2643e-10	-1.0073e-09	4.7926e-10	3.1962e-07	-3.1964e-07	5.9519e-10	-1.0553e-09	4.776e-10	3.1938e-07	-3.1944e-07	6.5931e-10	-1.1109e-09	4.788e-10	3.1948e-07	-3.1948e-07	7.4223e-10	-1.1682e-09	4.8053e-10	3.1942e-07	-3.1942e-07	8.1775e-10	-1.23e-09	4.7996e-10	3.1932e-07	-3.194e-07	8.9188e-10	-1.291e-09	4.7857e-10	3.1944e-07	-3.1952e-07	9.6761e-10	-1.3591e-09	4.7583e-10	3.1936e-07	-3.1946e-07	1.0571e-09	-1.4271e-09	4.7771e-10	3.1932e-07	-3.1946e-07	1.1386e-09	-1.4955e-09	4.759e-10	3.194e-07	-3.1952e-07	1.2324e-09	-1.5796e-09	4.7896e-10	3.1932e-07	-3.194e-07	1.3201e-09	-1.6572e-09	4.766e-10	3.1938e-07	-3.195e-07
-0.22	4.9943e-10	-9.6238e-10	4.5699e-10	3.1956e-07	-3.1952e-07	5.6392e-10	-1.0201e-09	4.469e-10	3.1942e-07	-3.1942e-07	6.4111e-10	-1.064e-09	4.5657e-10	3.1954e-07	-3.1954e-07	7.0047e-10	-1.116e-09	4.5321e-10	3.1942e-07	-3.1948e-07	7.8057e-10	-1.1698e-09	4.5433e-10	3.1942e-07	-3.194e-07	8.57e-10	-1.2372e-09	4.5401e-10	3.1948e-07	-3.1958e-07	9.3591e-10	-1.2993e-09	4.5561e-10	3.1938e-07	-3.1944e-07	1.0209e-09	-1.3676e-09	4.549e-10	3.1932e-07	-3.1942e-07	1.1093e-09	-1.4435e-09	4.5762e-10	3.1944e-07	-3.1946e-07	1.1976e-09	-1.5116e-09	4.5376e-10	3.1938e-07	-3.1946e-07	1.2765e-09	-1.5867e-09	4.5396e-10	3.1942e-07	-3.1948e-07
-0.215	4.7403e-10	-9.1822e-10	4.3553e-10	3.1952e-07	-3.1942e-07	5.4165e-10	-9.6496e-10	4.2847e-10	3.1944e-07	-3.1944e-07	6.1027e-10	-1.0146e-09	4.3426e-10	3.1954e-07	-3.1954e-07	6.7499e-10	-1.0698e-09	4.3216e-10	3.1938e-07	-3.194e-07	7.5232e-10	-1.1297e-09	4.3456e-10	3.1938e-07	-3.1942e-07	8.2313e-10	-1.1836e-09	4.3134e-10	3.195e-07	-3.1952e-07	9.0486e-10	-1.2445e-09	4.3205e-10	3.1934e-07	-3.1946e-07	9.7955e-10	-1.3151e-09	4.3114e-10	3.1934e-07	-3.1948e-07	1.0673e-09	-1.3781e-09	4.3049e-10	3.1942e-07	-3.1952e-07	1.1535e-09	-1.452e-09	4.3279e-10	3.1942e-07	-3.1944e-07	1.2384e-09	-1.5326e-09	4.3042e-10	3.1936e-07	-3.194e-07
-0.21	4.4976e-10	-8.6582e-10	4.1261e-10	3.1956e-07	-3.1954e-07	5.2134e-10	-9.1688e-10	4.1429e-10	3.1942e-07	-3.1942e-07	5.8378e-10	-9.6396e-10	4.1144e-10	3.1942e-07	-3.1952e-07	6.5273e-10	-1.0165e-09	4.1267e-10	3.1948e-07	-3.1946e-07	7.2433e-10	-1.0703e-09	4.1031e-10	3.1944e-07	-3.1942e-07	8.0255e-10	-1.1314e-09	4.1257e-10	3.1946e-07	-3.195e-07	8.7204e-10	-1.1924e-09	4.114e-10	3.1936e-07	-3.1948e-07	9.5781e-10	-1.2539e-09	4.1072e-10	3.1936e-07	-3.1946e-07	1.0352e-09	-1.3243e-09	4.1187e-10	3.1942e-07	-3.1946e-07	1.1175e-09	-1.3932e-09	4.0886e-10	3.1936e-07	-3.1946e-07	1.2017e-09	-1.4698e-09	4.1038e-10	3.1932e-07	-3.1948e-07
-0.205	4.337e-10	-8.3062e-10	3.9451e-10	3.1956e-07	-3.1954e-07	4.8772e-10	-8.7267e-10	3.9162e-10	3.1954e-07	-3.1948e-07	5.5916e-10	-9.1701e-10	3.9063e-10	3.194e-07	-3.194e-07	6.2301e-10	-9.7137e-10	3.9136e-10	3.1938e-07	-3.1944e-07	6.9775e-10	-1.0226e-09	3.9107e-10	3.1942e-07	-3.1946e-07	7.6475e-10	-1.0792e-09	3.898e-10	3.1934e-07	-3.1944e-07	8.3873e-10	-1.1399e-09	3.9019e-10	3.1938e-07	-3.1942e-07	9.1654e-10	-1.1965e-09	3.8914e-10	3.1938e-07	-3.195e-07	1.0009e-09	-1.2679e-09	3.8832e-10	3.1932e-07	-3.1946e-07	1.0864e-09	-1.3381e-09	3.9209e-10	3.1944e-07	-3.1948e-07	1.1663e-09	-1.4058e-09	3.8883e-10	3.1936e-07	-3.1954e-07
-0.2	4.0243e-10	-7.8793e-10	3.7233e-10	3.196e-07	-3.1954e-07	4.7749e-10	-8.3435e-10	3.7206e-10	3.1942e-07	-3.1936e-07	5.3973e-10	-8.7837e-10	3.7176e-10	3.1936e-07	-3.194e-07	5.9889e-10	-9.2706e-10	3.6812e-10	3.1936e-07	-3.1938e-07	6.6891e-10	-9.7671e-10	3.6927e-10	3.1936e-07	-3.1942e-07	7.3661e-10	-1.03e-09	3.6886e-10	3.1936e-07	-3.1944e-07	8.0955e-10	-1.089e-09	3.6859e-10	3.1942e-07	-3.1938e-07	8.8455e-10	-1.1519e-09	3.6957e-10	3.1934e-07	-3.1936e-07	9.6921e-10	-1.2177e-09	3.7123e-10	3.1932e-07	-3.194e-07	1.0452e-09	-1.2774e-09	3.7013e-10	3.1938e-07	-3.1946e-07	1.1201e-09	-1.3549e-09	3.6913e-10	3.1936e-07	-3.1946e-07
-0.195	3.8809e-10	-7.4351e-10	3.5314e-10	3.1954e-07	-3.1948e-07	4.4498e-10	-7.8035e-10	3.5451e-10	3.1954e-07	-3.1946e-07	5.122e-10	-8.3059e-10	3.5089e-10	3.194e-07	-3.194e-07	5.7596e-10	-8.7934e-10	3.5269e-10	3.1938e-07	-3.1938e-07	6.4602e-10	-9.3325e-10	3.5171e-10	3.1938e-07	-3.1944e-07	7.1428e-10	-9.8093e-10	3.4995e-10	3.1934e-07	-3.1936e-07	7.8508e-10	-1.0403e-09	3.5014e-10	3.1942e-07	-3.1942e-07	8.568e-10	-1.0982e-09	3.4763e-10	3.1928e-07	-3.1942e-07	9.295e-10	-1.1573e-09	3.4554e-10	3.1948e-07	-3.1954e-07	1.0118e-09	-1.223e-09	3.4555e-10	3.1932e-07	-3.1946e-07	1.0949e-09	-1.2948e-09	3.4913e-10	3.1938e-07	-3.1946e-07
-0.19	3.7096e-10	-7.0785e-10	3.3629e-10	3.1954e-07	-3.1944e-07	4.2519e-10	-7.4745e-10	3.3164e-10	3.1942e-07	-3.1946e-07	4.8982e-10	-7.8838e-10	3.3079e-10	3.1938e-07	-3.194e-07	5.4764e-10	-8.3581e-10	3.2893e-10	3.1936e-07	-3.1936e-07	6.1993e-10	-8.8015e-10	3.289e-10	3.1946e-07	-3.1948e-07	6.8351e-10	-9.3795e-10	3.315e-10	3.1946e-07	-3.195e-07	7.4846e-10	-9.886e-10	3.2966e-10	3.193e-07	-3.1934e-07	8.2607e-10	-1.0483e-09	3.2914e-10	3.1936e-07	-3.195e-07	9.0397e-10	-1.1112e-09	3.3187e-10	3.1936e-07	-3.1944e-07	9.8087e-10	-1.1664e-09	3.2513e-10	3.1938e-07	-3.1952e-07	1.0543e-09	-1.2425e-09	3.3071e-10	3.1936e-07	-3.1946e-07
-0.185	3.4586e-10	-6.7003e-10	3.177e-10	3.1958e-07	-3.1958e-07	4.1096e-10	-7.1535e-10	3.1729e-10	3.1948e-07	-3.1948e-07	4.6988e-10	-7.5413e-10	3.1349e-10	3.1942e-07	-3.194e-07	5.3346e-10	-7.9696e-10	3.1236e-10	3.1938e-07	-3.1938e-07	5.9399e-10	-8.4679e-10	3.1492e-10	3.1942e-07	-3.1948e-07	6.6077e-10	-8.9166e-10	3.1055e-10	3.1938e-07	-3.1944e-07	7.2605e-10	-9.4792e-10	3.1053e-10	3.1932e-07	-3.1946e-07	8.0145e-10	-1.0039e-09	3.1205e-10	3.1936e-07	-3.1942e-07	8.7457e-10	-1.0592e-09	3.0911e-10	3.1936e-07	-3.1952e-07	9.5202e-10	-1.1253e-09	3.068e-10	3.1942e-07	-3.1948e-07	1.0204e-09	-1.1892e-09	3.0954e-10	3.1928e-07	-3.1944e-07
-0.18	3.2718e-10	-6.3146e-10	2.9737e-10	3.1962e-07	-3.196e-07	3.8441e-10	-6.6783e-10	2.9589e-10	3.1944e-07	-3.1942e-07	4.5399e-10	-7.0991e-10	2.9564e-10	3.1946e-07	-3.194e-07	5.0937e-10	-7.5543e-10	2.9487e-10	3.1938e-07	-3.1942e-07	5.7112e-10	-7.9839e-10	2.9088e-10	3.1952e-07	-3.1952e-07	6.3813e-10	-8.488e-10	2.9284e-10	3.1932e-07	-3.194e-07	7.002e-10	-9.021e-10	2.9276e-10	3.1938e-07	-3.1948e-07	7.6695e-10	-9.5945e-10	2.9405e-10	3.1936e-07	-3.1944e-07	8.4213e-10	-1.0139e-09	2.9364e-10	3.1932e-07	-3.1946e-07	9.2438e-10	-1.082e-09	2.888e-10	3.1944e-07	-3.1948e-07	9.9362e-10	-1.137e-09	2.9245e-10	3.1934e-07	-3.195e-07
-0.175	3.1518e-10	-6.0088e-10	2.8676e-10	3.1956e-07	-3.196e-07	3.7152e-10	-6.3759e-10	2.7924e-10	3.1948e-07	-3.1948e-07	4.2386e-10	-6.7306e-10	2.7774e-10	3.1942e-07	-3.194e-07	4.9294e-10	-7.1375e-10	2.768e-10	3.1938e-07	-3.194e-07	5.4732e-10	-7.6118e-10	2.783e-10	3.194e-07	-3.1946e-07	6.1483e-10	-8.0808e-10	2.7585e-10	3.194e-07	-3.1944e-07	6.7839e-10	-8.5627e-10	2.7441e-10	3.1944e-07	-3.1944e-07	7.4636e-10	-9.0638e-10	2.7381e-10	3.1942e-07	-3.1948e-07	8.1353e-10	-9.6034e-10	2.7335e-10	3.1932e-07	-3.195e-07	8.9471e-10	-1.0364e-09	2.7337e-10	3.1938e-07	-3.1948e-07	9.551e-10	-1.087e-09	2.7238e-10	3.1938e-07	-3.1942e-07
-0.17	2.959e-10	-5.6227e-10	2.6526e-10	3.1964e-07	-3.1958e-07	3.5367e-10	-6.0079e-10	2.652e-10	3.1948e-07	-3.1948e-07	4.1234e-10	-6.3874e-10	2.6007e-10	3.1948e-07	-3.194e-07	4.6829e-10	-6.7994e-10	2.599e-10	3.1938e-07	-3.1934e-07	5.2221e-10	-7.187e-10	2.5613e-10	3.1944e-07	-3.1948e-07	5.8863e-10	-7.6695e-10	2.5625e-10	3.1936e-07	-3.194e-07	6.5109e-10	-8.1566e-10	2.565e-10	3.1942e-07	-3.1952e-07	7.1945e-10	-8.6642e-10	2.5634e-10	3.1948e-07	-3.1952e-07	7.9143e-10	-9.2616e-10	2.5694e-10	3.1932e-07	-3.194e-07	8.5912e-10	-9.6908e-10	2.6235e-10	3.1926e-07	-3.1948e-07	9.2811e-10	-1.0415e-09	2.557e-10	3.1926e-07	-3.1944e-07
-0.165	2.7319e-10	-5.3549e-10	2.5197e-10	3.1964e-07	-3.1956e-07	3.3522e-10	-5.6441e-10	2.4492e-10	3.195e-07	-3.1952e-07	3.9527e-10	-6.024e-10	2.4473e-10	3.1942e-07	-3.1942e-07	4.5165e-10	-6.4563e-10	2.41e-10	3.1938e-07	-3.194e-07	5.0504e-10	-6.884e-10	2.414e-10	3.1944e-07	-3.1948e-07	5.6738e-10	-7.3246e-10	2.3953e-10	3.194e-07	-3.1946e-07	6.3508e-10	-7.7759e-10	2.3923e-10	3.1932e-07	-3.1942e-07	6.9401e-10	-8.2993e-10	2.384e-10	3.1938e-07	-3.1952e-07	7.6142e-10	-8.7713e-10	2.3677e-10	3.1932e-07	-3.194e-07	8.2408e-10	-9.181e-10	2.3446e-10	3.1932e-07	-3.1944e-07	9.0248e-10	-9.98e-10	2.3941e-10	3.1926e-07	-3.194e-07
-0.16	2.6737e-10	-5.03e-10	2.3719e-10	3.196e-07	-3.1954e-07	3.1896e-10	-5.3522e-10	2.3417e-10	3.195e-07	-3.1944e-07	3.7217e-10	-5.7138e-10	2.2647e-10	3.1948e-07	-3.1942e-07	4.349e-10	-6.0524e-10	2.2653e-10	3.1936e-07	-3.194e-07	4.9417e-10	-6.4901e-10	2.229e-10	3.1942e-07	-3.1944e-07	5.5219e-10	-6.8875e-10	2.2322e-10	3.194e-07	-3.1946e-07	6.0518e-10	-7.3539e-10	2.2169e-10	3.1936e-07	-3.1954e-07	6.7638e-10	-7.8225e-10	2.2166e-10	3.1934e-07	-3.1942e-07	7.3762e-10	-8.354e-10	2.2173e-10	3.1938e-07	-3.1946e-07	8.1592e-10	-9.0449e-10	2.2124e-10	3.1938e-07	-3.195e-07	8.6799e-10	-9.4625e-10	2.1972e-10	3.1938e-07	-3.195e-07
-0.155	2.4505e-10	-4.693e-10	2.2247e-10	3.1966e-07	-3.1958e-07	3.0523e-10	-5.044e-10	2.1499e-10	3.1946e-07	-3.1946e-07	3.6126e-10	-5.3638e-10	2.1145e-10	3.1944e-07	-3.1948e-07	4.1431e-10	-5.74e-10	2.0721e-10	3.1938e-07	-3.1938e-07	4.7149e-10	-6.1094e-10	2.0845e-10	3.195e-07	-3.1948e-07	5.2493e-10	-6.5417e-10	2.0526e-10	3.1944e-07	-3.1948e-07	5.8608e-10	-6.9857e-10	2.0251e-10	3.1944e-07	-3.1948e-07	6.4814e-10	-7.4364e-10	2.0355e-10	3.1944e-07	-3.1954e-07	7.1782e-10	-7.9548e-10	2.0253e-10	3.1936e-07	-3.1946e-07	7.794e-10	-8.4675e-10	2.1061e-10	3.194e-07	-3.1952e-07	8.3773e-10	-9.0505e-10	2.0152e-10	3.1948e-07	-3.1952e-07
-0.15	2.2997e-10	-4.4824e-10	2.093e-10	3.1954e-07	-3.1958e-07	2.9393e-10	-4.7719e-10	2.026e-10	3.1946e-07	-3.195e-07	3.4297e-10	-5.0704e-10	1.9628e-10	3.1948e-07	-3.1946e-07	3.9887e-10	-5.4559e-10	1.9145e-10	3.1938e-07	-3.1946e-07	4.5265e-10	-5.8106e-10	1.8769e-10	3.1942e-07	-3.1944e-07	5.1122e-10	-6.2132e-10	1.8874e-10	3.1936e-07	-3.1946e-07	5.744e-10	-6.6586e-10	1.8853e-10	3.1934e-07	-3.1942e-07	6.2949e-10	-7.0835e-10	1.8727e-10	3.1948e-07	-3.1954e-07	6.9218e-10	-7.5689e-10	1.8797e-10	3.194e-07	-3.1948e-07	7.4059e-10	-8.0351e-10	1.7563e-10	3.1932e-07	-3.1944e-07	8.2358e-10	-8.6111e-10	1.851e-10	3.1942e-07	-3.1946e-07
-0.145	2.2022e-10	-4.1559e-10	1.9314e-10	3.1954e-07	-3.1948e-07	2.7255e-10	-4.4798e-10	1.8729e-10	3.1952e-07	-3.1954e-07	3.3228e-10	-4.7885e-10	1.8046e-10	3.1948e-07	-3.1948e-07	3.863e-10	-5.1045e-10	1.7596e-10	3.194e-07	-3.1944e-07	4.4267e-10	-5.5042e-10	1.7615e-10	3.1932e-07	-3.194e-07	4.955e-10	-5.8456e-10	1.7177e-10	3.1936e-07	-3.1942e-07	5.4866e-10	-6.2663e-10	1.6994e-10	3.1938e-07	-3.1942e-07	6.1332e-10	-6.6876e-10	1.682e-10	3.1948e-07	-3.1954e-07	6.7111e-10	-7.1685e-10	1.6633e-10	3.193e-07	-3.1942e-07	7.5225e-10	-7.8163e-10	1.7378e-10	3.1936e-07	-3.1944e-07	7.9719e-10	-8.2121e-10	1.692e-10	3.1942e-07	-3.1948e-07
-0.14	2.0795e-10	-3.9048e-10	1.8485e-10	3.1954e-07	-3.1954e-07	2.6189e-10	-4.175e-10	1.7106e-10	3.1952e-07	-3.1948e-07	3.1577e-10	-4.4824e-10	1.6446e-10	3.1944e-07	-3.1948e-07	3.7483e-10	-4.7828e-10	1.6023e-10	3.1938e-07	-3.1946e-07	4.2377e-10	-5.1114e-10	1.5542e-10	3.194e-07	-3.1942e-07	4.8e-10	-5.5334e-10	1.5413e-10	3.1934e-07	-3.194e-07	5.3517e-10	-5.9262e-10	1.5254e-10	3.194e-07	-3.1952e-07	5.9436e-10	-6.3758e-10	1.5223e-10	3.1938e-07	-3.1954e-07	6.5422e-10	-6.8289e-10	1.5354e-10	3.1936e-07	-3.1948e-07	7.104e-10	-7.1885e-10	1.4792e-10	3.1936e-07	-3.1956e-07	7.708e-10	-7.7983e-10	1.4907e-10	3.1934e-07	-3.1946e-07
-0.135	1.9255e-10	-3.6512e-10	1.6775e-10	3.1956e-07	-3.1952e-07	2.5428e-10	-3.9506e-10	1.5918e-10	3.1942e-07	-3.195e-07	3.0534e-10	-4.2015e-10	1.4808e-10	3.1944e-07	-3.1948e-07	3.5821e-10	-4.5439e-10	1.4292e-10	3.1932e-07	-3.1942e-07	4.1364e-10	-4.8908e-10	1.4043e-10	3.1938e-07	-3.1938e-07	4.6465e-10	-5.24e-10	1.3492e-10	3.1938e-07	-3.1946e-07	5.1985e-10	-5.6271e-10	1.3633e-10	3.1944e-07	-3.1948e-07	5.7879e-10	-6.0404e-10	1.3513e-10	3.1938e-07	-3.1946e-07	6.4095e-10	-6.453e-10	1.3195e-10	3.193e-07	-3.1946e-07	6.862e-10	-6.9384e-10	1.1784e-10	3.194e-07	-3.1948e-07	7.5694e-10	-7.4384e-10	1.3235e-10	3.1936e-07	-3.1946e-07
-0.13	1.7713e-10	-3.4236e-10	1.5844e-10	3.195e-07	-3.1948e-07	2.3668e-10	-3.6623e-10	1.4372e-10	3.1946e-07	-3.1952e-07	2.9588e-10	-3.9558e-10	1.3252e-10	3.1942e-07	-3.1942e-07	3.4946e-10	-4.2524e-10	1.2544e-10	3.1932e-07	-3.1942e-07	3.9984e-10	-4.6107e-10	1.2274e-10	3.1938e-07	-3.1938e-07	4.4959e-10	-4.9501e-10	1.1749e-10	3.1936e-07	-3.1942e-07	5.0983e-10	-5.3019e-10	1.1646e-10	3.1942e-07	-3.195e-07	5.614e-10	-5.7045e-10	1.142e-10	3.1938e-07	-3.195e-07	6.1754e-10	-6.1277e-10	1.1548e-10	3.1942e-07	-3.1942e-07	6.784e-10	-6.8726e-10	1.1789e-10	3.1936e-07	-3.194e-07	7.3555e-10	-7.0613e-10	1.1393e-10	3.1938e-07	-3.1944e-07
-0.125	1.7618e-10	-3.1547e-10	1.4544e-10	3.1948e-07	-3.1948e-07	2.2892e-10	-3.4089e-10	1.3011e-10	3.1954e-07	-3.1946e-07	2.8717e-10	-3.7237e-10	1.1831e-10	3.1946e-07	-3.1944e-07	3.4416e-10	-3.9687e-10	1.1016e-10	3.1944e-07	-3.194e-07	3.9141e-10	-4.2537e-10	1.0443e-10	3.1938e-07	-3.1952e-07	4.4916e-10	-4.617e-10	1.0282e-10	3.1942e-07	-3.1948e-07	4.9299e-10	-4.9893e-10	9.814e-11	3.1944e-07	-3.195e-07	5.5526e-10	-5.4047e-10	9.738e-11	3.1942e-07	-3.1946e-07	6.0681e-10	-5.7891e-10	9.338e-11	3.1946e-07	-3.1946e-07	6.725e-10	-6.2786e-10	1.0027e-10	3.1936e-07	-3.1956e-07	7.2158e-10	-6.6695e-10	9.326e-11	3.1934e-07	-3.1942e-07
-0.12	1.5755e-10	-2.9686e-10	1.3544e-10	3.1954e-07	-3.195e-07	2.2465e-10	-3.2051e-10	1.1634e-10	3.1934e-07	-3.1938e-07	2.7776e-10	-3.4013e-10	9.981e-11	3.1944e-07	-3.1946e-07	3.3324e-10	-3.7407e-10	9.232e-11	3.1942e-07	-3.194e-07	3.8374e-10	-4.0275e-10	8.757e-11	3.1954e-07	-3.1952e-07	4.2953e-10	-4.3564e-10	7.976e-11	3.1942e-07	-3.1944e-07	4.8713e-10	-4.7174e-10	7.728e-11	3.1942e-07	-3.1944e-07	5.4016e-10	-5.0343e-10	7.505e-11	3.1936e-07	-3.1936e-07	5.9995e-10	-5.4686e-10	7.587e-11	3.1948e-07	-3.1954e-07	6.3281e-10	-5.8134e-10	6.404e-11	3.193e-07	-3.1944e-07	7.0055e-10	-6.3708e-10	7.087e-11	3.1932e-07	-3.1942e-07
-0.115	1.4889e-10	-2.7849e-10	1.2202e-10	3.1952e-07	-3.195e-07	2.1165e-10	-2.9701e-10	1.0279e-10	3.1938e-07	-3.1942e-07	2.7279e-10	-3.2648e-10	8.315e-11	3.1938e-07	-3.1946e-07	3.2186e-10	-3.4803e-10	7.068e-11	3.1938e-07	-3.1932e-07	3.7513e-10	-3.8158e-10	6.329e-11	3.1938e-07	-3.1942e-07	4.2796e-10	-4.1294e-10	5.975e-11	3.1936e-07	-3.194e-07	4.8353e-10	-4.4174e-10	5.794e-11	3.1946e-07	-3.1946e-07	5.3223e-10	-4.7791e-10	5.376e-11	3.1932e-07	-3.194e-07	5.8612e-10	-5.1846e-10	5.277e-11	3.1944e-07	-3.1952e-07	6.5917e-10	-5.6974e-10	5.07e-11	3.1948e-07	-3.1952e-07	6.9818e-10	-6.0438e-10	5.12e-11	3.1936e-07	-3.1942e-07
-0.11	1.3891e-10	-2.5181e-10	1.1515e-10	3.1948e-07	-3.1948e-07	2.0626e-10	-2.7757e-10	8.633e-11	3.1942e-07	-3.1946e-07	2.7382e-10	-3.0125e-10	6.574e-11	3.1942e-07	-3.1948e-07	3.2622e-10	-3.2963e-10	5.395e-11	3.1944e-07	-3.1944e-07	3.7666e-10	-3.5291e-10	4.603e-11	3.194e-07	-3.1948e-07	4.2381e-10	-3.8226e-10	3.989e-11	3.1936e-07	-3.1942e-07	4.7611e-10	-4.1518e-10	3.338e-11	3.1948e-07	-3.1954e-07	5.3118e-10	-4.5216e-10	3.151e-11	3.193e-07	-3.1938e-07	5.7908e-10	-4.8803e-10	2.782e-11	3.1942e-07	-3.1948e-07	6.4215e-10	-5.1016e-10	3.807e-11	3.1942e-07	-3.1962e-07	6.8677e-10	-5.6957e-10	2.508e-11	3.1938e-07	-3.1948e-07
-0.105	1.3187e-10	-2.366e-10	1.0232e-10	3.1944e-07	-3.1942e-07	2.0202e-10	-2.5523e-10	7.371e-11	3.1948e-07	-3.1948e-07	2.6276e-10	-2.7307e-10	4.602e-11	3.1948e-07	-3.195e-07	3.1884e-10	-2.9862e-10	3.183e-11	3.1948e-07	-3.1942e-07	3.752e-10	-3.3158e-10	2.143e-11	3.1934e-07	-3.194e-07	4.1621e-10	-3.595e-10	1.368e-11	3.1936e-07	-3.1942e-07	4.7602e-10	-3.9082e-10	1.017e-11	3.1948e-07	-3.1954e-07	5.2715e-10	-4.2178e-10	6.54e-12	3.1932e-07	-3.1944e-07	5.8113e-10	-4.5924e-10	6.49e-12	3.1938e-07	-3.1946e-07	6.2307e-10	-4.8539e-10	-7.55e-12	3.1938e-07	-3.1948e-07	6.7515e-10	-5.4459e-10	4.6e-13	3.1932e-07	-3.194e-07
-0.1	1.2547e-10	-2.1515e-10	9.029e-11	3.1954e-07	-3.1946e-07	1.9871e-10	-2.3932e-10	5.4e-11	3.1944e-07	-3.194e-07	2.6819e-10	-2.6538e-10	2.699e-11	3.1948e-07	-3.1952e-07	3.1688e-10	-2.8397e-10	7.14e-12	3.1948e-07	-3.1952e-07	3.7375e-10	-3.0436e-10	-3.21e-12	3.1932e-07	-3.1936e-07	4.2186e-10	-3.3806e-10	-1.084e-11	3.1932e-07	-3.194e-07	4.7792e-10	-3.6499e-10	-1.893e-11	3.1948e-07	-3.195e-07	5.2829e-10	-3.9881e-10	-2.17e-11	3.1934e-07	-3.1942e-07	5.8321e-10	-4.3294e-10	-2.486e-11	3.1942e-07	-3.1954e-07	6.3764e-10	-4.8061e-10	-1.93e-11	3.1934e-07	-3.1942e-07	6.7596e-10	-5.1419e-10	-2.79e-11	3.1926e-07	-3.1948e-07
-0.095	1.1401e-10	-2.0273e-10	8.247e-11	3.1958e-07	-3.1952e-07	1.9522e-10	-2.2181e-10	4.024e-11	3.1936e-07	-3.1934e-07	2.6826e-10	-2.3925e-10	5.17e-12	3.1938e-07	-3.1948e-07	3.3007e-10	-2.6671e-10	-1.571e-11	3.1944e-07	-3.1948e-07	3.8402e-10	-2.914e-10	-3.061e-11	3.1942e-07	-3.194e-07	4.2466e-10	-3.1479e-10	-3.953e-11	3.194e-07	-3.194e-07	4.8623e-10	-3.456e-10	-4.394e-11	3.1944e-07	-3.1948e-07	5.2917e-10	-3.797e-10	-5.075e-11	3.1926e-07	-3.1934e-07	5.7926e-10	-4.0953e-10	-5.47e-11	3.1938e-07	-3.1948e-07	6.3594e-10	-4.3198e-10	-5.796e-11	3.1938e-07	-3.1962e-07	6.7278e-10	-4.8914e-10	-6.277e-11	3.1934e-07	-3.1946e-07
-0.09	1.1474e-10	-1.8215e-10	7.296e-11	3.1944e-07	-3.1938e-07	1.9484e-10	-1.9806e-10	2.051e-11	3.1948e-07	-3.1946e-07	2.7332e-10	-2.2105e-10	-1.876e-11	3.195e-07	-3.1952e-07	3.3454e-10	-2.3732e-10	-4.562e-11	3.1946e-07	-3.1948e-07	3.9166e-10	-2.6602e-10	-6.119e-11	3.1936e-07	-3.1938e-07	4.423e-10	-2.9106e-10	-7.14e-11	3.1932e-07	-3.194e-07	4.9251e-10	-3.1461e-10	-8.274e-11	3.1948e-07	-3.195e-07	5.4895e-10	-3.4977e-10	-8.489e-11	3.1934e-07	-3.1936e-07	5.973e-10	-3.8009e-10	-9.037e-11	3.1936e-07	-3.1944e-07	6.4235e-10	-4.159e-10	-9.408e-11	3.1934e-07	-3.195e-07	7.0337e-10	-4.6161e-10	-9.372e-11	3.1944e-07	-3.1954e-07
-0.085	1.0502e-10	-1.6875e-10	6.415e-11	3.195e-07	-3.1946e-07	2.0094e-10	-1.8907e-10	1.38e-12	3.1936e-07	-3.1946e-07	2.7761e-10	-2.0429e-10	-4.696e-11	3.1952e-07	-3.1952e-07	3.4708e-10	-2.2739e-10	-7.609e-11	3.1938e-07	-3.1946e-07	4.093e-10	-2.4384e-10	-9.364e-11	3.1932e-07	-3.194e-07	4.5131e-10	-2.7365e-10	-1.07e-10	3.1932e-07	-3.194e-07	5.1039e-10	-3.0139e-10	-1.1792e-10	3.1938e-07	-3.1946e-07	5.4911e-10	-3.248e-10	-1.233e-10	3.1932e-07	-3.194e-07	6.1105e-10	-3.5799e-10	-1.2674e-10	3.1944e-07	-3.1948e-07	6.5797e-10	-4.0607e-10	-1.2777e-10	3.1934e-07	-3.1936e-07	7.1819e-10	-4.2683e-10	-1.3078e-10	3.1936e-07	-3.1952e-07
-0.08	9.828e-11	-1.5681e-10	4.95e-11	3.195e-07	-3.1946e-07	2.0711e-10	-1.7113e-10	-1.637e-11	3.1938e-07	-3.1942e-07	2.9511e-10	-1.8886e-10	-7.561e-11	3.195e-07	-3.195e-07	3.6141e-10	-2.1067e-10	-1.0954e-10	3.1944e-07	-3.1942e-07	4.2408e-10	-2.3376e-10	-1.3374e-10	3.1936e-07	-3.1938e-07	4.7221e-10	-2.5239e-10	-1.5124e-10	3.1932e-07	-3.1942e-07	5.3687e-10	-2.7802e-10	-1.5985e-10	3.1948e-07	-3.1952e-07	5.7131e-10	-3.0962e-10	-1.6962e-10	3.193e-07	-3.194e-07	6.2824e-10	-3.3578e-10	-1.7442e-10	3.194e-07	-3.1952e-07	6.8654e-10	-3.5541e-10	-1.7955e-10	3.1942e-07	-3.1946e-07	7.4654e-10	-3.9351e-10	-1.7068e-10	3.1948e-07	-3.1952e-07
-0.075	9.813e-11	-1.3948e-10	4.426e-11	3.1954e-07	-3.1948e-07	2.1061e-10	-1.5167e-10	-4.282e-11	3.1952e-07	-3.1946e-07	3.1711e-10	-1.7209e-10	-1.0835e-10	3.1952e-07	-3.1952e-07	3.9013e-10	-1.8679e-10	-1.5055e-10	3.1942e-07	-3.1948e-07	4.529e-10	-2.072e-10	-1.7685e-10	3.1938e-07	-3.194e-07	5.1e-10	-2.3357e-10	-1.9175e-10	3.194e-07	-3.1938e-07	5.5815e-10	-2.54e-10	-2.0905e-10	3.1948e-07	-3.1954e-07	6.1439e-10	-2.8394e-10	-2.1673e-10	3.1936e-07	-3.194e-07	6.5902e-10	-3.117e-10	-2.2368e-10	3.1938e-07	-3.1946e-07	7.0666e-10	-3.4536e-10	-2.2036e-10	3.193e-07	-3.1948e-07	7.7417e-10	-3.4621e-10	-2.1371e-10	3.1934e-07	-3.1956e-07
-0.07	9.706e-11	-1.2806e-10	2.922e-11	3.1948e-07	-3.194e-07	2.2668e-10	-1.4389e-10	-6.572e-11	3.1942e-07	-3.1938e-07	3.3471e-10	-1.5689e-10	-1.4537e-10	3.1942e-07	-3.1944e-07	4.1847e-10	-1.7726e-10	-1.9651e-10	3.1946e-07	-3.1942e-07	4.9268e-10	-1.9347e-10	-2.2676e-10	3.1936e-07	-3.194e-07	5.3312e-10	-2.1224e-10	-2.5118e-10	3.1938e-07	-3.1942e-07	5.9929e-10	-2.4081e-10	-2.6317e-10	3.1948e-07	-3.1946e-07	6.5248e-10	-2.62e-10	-2.7581e-10	3.1936e-07	-3.1944e-07	6.9877e-10	-2.9469e-10	-2.8159e-10	3.1942e-07	-3.1952e-07	7.4074e-10	-3.2113e-10	-2.9064e-10	3.1934e-07	-3.1942e-07	7.8976e-10	-3.1039e-10	-2.8878e-10	3.1936e-07	-3.1946e-07
-0.065	9.017e-11	-1.1238e-10	1.847e-11	3.1954e-07	-3.1946e-07	2.4638e-10	-1.3686e-10	-9.437e-11	3.1944e-07	-3.194e-07	3.6518e-10	-1.4277e-10	-1.9088e-10	3.1942e-07	-3.1948e-07	4.5081e-10	-1.6382e-10	-2.4767e-10	3.1938e-07	-3.1948e-07	5.2505e-10	-1.8241e-10	-2.811e-10	3.1938e-07	-3.1946e-07	5.826e-10	-2.0271e-10	-3.1019e-10	3.1936e-07	-3.1948e-07	6.445e-10	-2.2049e-10	-3.2744e-10	3.1928e-07	-3.1936e-07	6.9301e-10	-2.4701e-10	-3.4396e-10	3.1932e-07	-3.1942e-07	7.3432e-10	-2.7203e-10	-3.4935e-10	3.194e-07	-3.1948e-07	7.9929e-10	-2.9394e-10	-3.556e-10	3.1938e-07	-3.1952e-07	8.3465e-10	-3.3428e-10	-3.6076e-10	3.1924e-07	-3.1946e-07
-0.06	9.024e-11	-1.0377e-10	7.54e-12	3.195e-07	-3.1942e-07	2.564e-10	-1.1285e-10	-1.2681e-10	3.1944e-07	-3.1942e-07	4.0439e-10	-1.3078e-10	-2.3787e-10	3.194e-07	-3.1944e-07	5.016e-10	-1.4175e-10	-3.0752e-10	3.1946e-07	-3.1938e-07	5.8003e-10	-1.6315e-10	-3.5202e-10	3.1942e-07	-3.194e-07	6.3656e-10	-1.8147e-10	-3.7962e-10	3.1936e-07	-3.1946e-07	7.0306e-10	-2.0185e-10	-4.0305e-10	3.1932e-07	-3.1932e-07	7.5621e-10	-2.2886e-10	-4.19e-10	3.1936e-07	-3.1942e-07	7.8983e-10	-2.5259e-10	-4.2876e-10	3.1944e-07	-3.1952e-07	8.5157e-10	-2.8265e-10	-4.3276e-10	3.1938e-07	-3.1946e-07	9.0503e-10	-3.2701e-10	-4.2644e-10	3.1932e-07	-3.1948e-07
-0.055	9.983e-11	-8.989e-11	-3.45e-12	3.1958e-07	-3.1952e-07	2.9218e-10	-1.0636e-10	-1.6782e-10	3.194e-07	-3.1944e-07	4.4557e-10	-1.1707e-10	-2.9226e-10	3.1942e-07	-3.1948e-07	5.5767e-10	-1.3881e-10	-3.7668e-10	3.1938e-07	-3.194e-07	6.4192e-10	-1.5075e-10	-4.2585e-10	3.1936e-07	-3.194e-07	7.0778e-10	-1.6546e-10	-4.6203e-10	3.1932e-07	-3.194e-07	7.6758e-10	-1.8818e-10	-4.8584e-10	3.194e-07	-3.1946e-07	8.3267e-10	-2.0786e-10	-5.0559e-10	3.193e-07	-3.194e-07	8.6779e-10	-2.3395e-10	-5.1691e-10	3.1938e-07	-3.195e-07	9.2121e-10	-2.5837e-10	-5.2563e-10	3.1932e-07	-3.1944e-07	9.5398e-10	-3.063e-10	-5.3207e-10	3.1932e-07	-3.1946e-07
-0.05	9.681e-11	-8.217e-11	-2.083e-11	3.1952e-07	-3.1946e-07	3.181e-10	-9.561e-11	-2.1537e-10	3.1938e-07	-3.1934e-07	4.9836e-10	-1.0338e-10	-3.6047e-10	3.1944e-07	-3.1946e-07	6.2158e-10	-1.1784e-10	-4.5927e-10	3.193e-07	-3.1936e-07	7.2098e-10	-1.3389e-10	-5.1769e-10	3.1936e-07	-3.194e-07	7.8779e-10	-1.5702e-10	-5.5577e-10	3.1936e-07	-3.1942e-07	8.5241e-10	-1.7494e-10	-5.9061e-10	3.1938e-07	-3.1946e-07	9.0779e-10	-1.9369e-10	-6.1568e-10	3.1936e-07	-3.1942e-07	9.564e-10	-2.1875e-10	-6.2489e-10	3.1938e-07	-3.1938e-07	1.01584e-09	-2.3993e-10	-6.3017e-10	3.1946e-07	-3.1942e-07	1.05721e-09	-2.9466e-10	-6.3539e-10	3.1932e-07	-3.1944e-07
-0.045	9.718e-11	-7.215e-11	-3.18e-11	3.1952e-07	-3.1952e-07	3.6685e-10	-8.327e-11	-2.5976e-10	3.1942e-07	-3.194e-07	5.6643e-10	-9.781e-11	-4.3943e-10	3.1948e-07	-3.1942e-07	7.0343e-10	-1.0521e-10	-5.509e-10	3.1942e-07	-3.1938e-07	8.0734e-10	-1.2264e-10	-6.2911e-10	3.1936e-07	-3.194e-07	8.8063e-10	-1.4001e-10	-6.7285e-10	3.1934e-07	-3.194e-07	9.6458e-10	-1.5575e-10	-7.0746e-10	3.1942e-07	-3.1944e-07	1.01726e-09	-1.7913e-10	-7.3147e-10	3.1938e-07	-3.1952e-07	1.06379e-09	-1.9984e-10	-7.496e-10	3.1934e-07	-3.194e-07	1.11294e-09	-2.2567e-10	-7.581e-10	3.1932e-07	-3.1942e-07	1.1711e-09	-2.3811e-10	-7.6034e-10	3.1926e-07	-3.1942e-07
-0.04	1.1029e-10	-6.049e-11	-4.899e-11	3.1948e-07	-3.1946e-07	4.012e-10	-6.671e-11	-3.226e-10	3.1936e-07	-3.1936e-07	6.4835e-10	-8.277e-11	-5.2646e-10	3.1938e-07	-3.1936e-07	8.0802e-10	-9.916e-11	-6.6783e-10	3.1948e-07	-3.1944e-07	9.2142e-10	-1.1262e-10	-7.4551e-10	3.1942e-07	-3.1946e-07	1.01124e-09	-1.2412e-10	-8.011e-10	3.194e-07	-3.1942e-07	1.0845e-09	-1.4605e-10	-8.4726e-10	3.194e-07	-3.1946e-07	1.15008e-09	-1.6274e-10	-8.7891e-10	3.1936e-07	-3.1944e-07	1.1901e-09	-1.8332e-10	-8.9452e-10	3.1936e-07	-3.1946e-07	1.2511e-09	-2.0789e-10	-9.077e-10	3.1936e-07	-3.1954e-07	1.3086e-09	-2.3127e-10	-9.0815e-10	3.193e-07	-3.1946e-07
-0.035	1.1968e-10	-5.249e-11	-7.435e-11	3.1954e-07	-3.195e-07	4.6791e-10	-7.097e-11	-3.9485e-10	3.1946e-07	-3.1938e-07	7.3998e-10	-6.975e-11	-6.2733e-10	3.1934e-07	-3.1942e-07	9.2773e-10	-8.225e-11	-7.9396e-10	3.1938e-07	-3.1942e-07	1.05279e-09	-9.083e-11	-8.8681e-10	3.1936e-07	-3.1938e-07	1.1483e-09	-1.1464e-10	-9.6327e-10	3.1942e-07	-3.1946e-07	1.2349e-09	-1.284e-10	-1.00518e-09	3.1942e-07	-3.1938e-07	1.3041e-09	-1.4757e-10	-1.04554e-09	3.1934e-07	-3.1942e-07	1.3469e-09	-1.6868e-10	-1.06029e-09	3.1938e-07	-3.1942e-07	1.4102e-09	-1.9254e-10	-1.07539e-09	3.1934e-07	-3.1948e-07	1.4575e-09	-2.2371e-10	-1.07368e-09	3.1936e-07	-3.1954e-07
-0.03	1.2648e-10	-4.308e-11	-9.09e-11	3.1948e-07	-3.1948e-07	5.4608e-10	-5.382e-11	-4.6353e-10	3.1936e-07	-3.1938e-07	8.537e-10	-6.511e-11	-7.5864e-10	3.1938e-07	-3.1936e-07	1.06355e-09	-7.57e-11	-9.4589e-10	3.1944e-07	-3.1948e-07	1.2151e-09	-8.656e-11	-1.05753e-09	3.1936e-07	-3.1948e-07	1.3166e-09	-9.919e-11	-1.14236e-09	3.1944e-07	-3.1952e-07	1.4082e-09	-1.1623e-10	-1.1944e-09	3.1938e-07	-3.1948e-07	1.4824e-09	-1.3308e-10	-1.2393e-09	3.1932e-07	-3.1942e-07	1.5385e-09	-1.534e-10	-1.2681e-09	3.193e-07	-3.1936e-07	1.5981e-09	-1.7525e-10	-1.2839e-09	3.1932e-07	-3.1946e-07	1.6256e-09	-1.8506e-10	-1.2825e-09	3.193e-07	-3.1942e-07
-0.025	1.5281e-10	-3.388e-11	-1.1494e-10	3.1948e-07	-3.1946e-07	6.2035e-10	-3.816e-11	-5.6423e-10	3.1942e-07	-3.1938e-07	9.8379e-10	-5.671e-11	-8.9356e-10	3.1938e-07	-3.1936e-07	1.2263e-09	-6.232e-11	-1.11459e-09	3.1938e-07	-3.194e-07	1.3914e-09	-7.644e-11	-1.2519e-09	3.1938e-07	-3.1936e-07	1.5119e-09	-9.338e-11	-1.3522e-09	3.1936e-07	-3.1944e-07	1.6184e-09	-1.0968e-10	-1.4208e-09	3.1936e-07	-3.1952e-07	1.6959e-09	-1.2074e-10	-1.4748e-09	3.1934e-07	-3.1946e-07	1.7589e-09	-1.4159e-10	-1.4978e-09	3.1924e-07	-3.1946e-07	1.8205e-09	-1.5538e-10	-1.5241e-09	3.1932e-07	-3.1942e-07	1.8706e-09	-1.7461e-10	-1.5132e-09	3.1936e-07	-3.1948e-07
-0.02	1.7289e-10	-2.74e-11	-1.4577e-10	3.1942e-07	-3.1944e-07	7.2339e-10	-4.403e-11	-6.5584e-10	3.1942e-07	-3.1944e-07	1.1501e-09	-3.995e-11	-1.07289e-09	3.1944e-07	-3.1946e-07	1.4365e-09	-5.81e-11	-1.3387e-09	3.1932e-07	-3.1938e-07	1.6198e-09	-6.843e-11	-1.4925e-09	3.1938e-07	-3.1938e-07	1.7673e-09	-7.935e-11	-1.6051e-09	3.1932e-07	-3.195e-07	1.8732e-09	-9.037e-11	-1.6821e-09	3.1938e-07	-3.1948e-07	1.9595e-09	-1.1162e-10	-1.7405e-09	3.1932e-07	-3.1942e-07	2.0165e-09	-1.2643e-10	-1.7796e-09	3.1928e-07	-3.1942e-07	2.0843e-09	-1.4844e-10	-1.8035e-09	3.1936e-07	-3.1942e-07	2.1136e-09	-1.638e-10	-1.8104e-09	3.1932e-07	-3.1952e-07
-0.015	1.8963e-10	-2.322e-11	-1.7422e-10	3.1944e-07	-3.1938e-07	8.4343e-10	-2.525e-11	-7.9225e-10	3.1946e-07	-3.1942e-07	1.3254e-09	-3.729e-11	-1.2608e-09	3.1946e-07	-3.1946e-07	1.6805e-09	-4.58e-11	-1.5765e-09	3.1938e-07	-3.1942e-07	1.8976e-09	-5.836e-11	-1.7669e-09	3.1938e-07	-3.1944e-07	2.0507e-09	-6.987e-11	-1.8945e-09	3.1936e-07	-3.1938e-07	2.1582e-09	-8.684e-11	-1.9857e-09	3.1942e-07	-3.1946e-07	2.2785e-09	-1.006e-10	-2.0606e-09	3.1926e-07	-3.1942e-07	2.3385e-09	-1.1636e-10	-2.1087e-09	3.193e-07	-3.1938e-07	2.3997e-09	-1.2982e-10	-2.1279e-09	3.1936e-07	-3.1946e-07	2.4432e-09	-1.651e-10	-2.1304e-09	3.1932e-07	-3.1946e-07
-0.01	2.2762e-10	-1.044e-11	-2.1287e-10	3.1948e-07	-3.1938e-07	9.8644e-10	-1.88e-11	-9.3725e-10	3.1948e-07	-3.1944e-07	1.5626e-09	-2.873e-11	-1.4934e-09	3.1948e-07	-3.1954e-07	1.9587e-09	-3.926e-11	-1.8643e-09	3.1932e-07	-3.1938e-07	2.2101e-09	-4.671e-11	-2.0973e-09	3.193e-07	-3.1936e-07	2.3998e-09	-5.741e-11	-2.2584e-09	3.1944e-07	-3.1952e-07	2.5168e-09	-6.889e-11	-2.3597e-09	3.1936e-07	-3.1942e-07	2.6485e-09	-8.583e-11	-2.4428e-09	3.1932e-07	-3.1946e-07	2.7168e-09	-1.0122e-10	-2.4879e-09	3.1934e-07	-3.1942e-07	2.7953e-09	-1.1763e-10	-2.5228e-09	3.1932e-07	-3.1944e-07	2.8366e-09	-1.4047e-10	-2.5352e-09	3.1938e-07	-3.1944e-07
-0.005	2.6883e-10	-4.39e-12	-2.5038e-10	3.1952e-07	-3.1944e-07	1.14302e-09	-1.95e-11	-1.10968e-09	3.1948e-07	-3.1938e-07	1.8271e-09	-2.375e-11	-1.7884e-09	3.1948e-07	-3.1948e-07	2.3016e-09	-2.793e-11	-2.2169e-09	3.1928e-07	-3.1934e-07	2.5636e-09	-3.907e-11	-2.4878e-09	3.1934e-07	-3.1938e-07	2.8e-09	-4.894e-11	-2.6604e-09	3.1944e-07	-3.1948e-07	2.9379e-09	-6.002e-11	-2.7753e-09	3.1938e-07	-3.1942e-07	3.0615e-09	-7.556e-11	-2.8819e-09	3.1934e-07	-3.1938e-07	3.167e-09	-9.253e-11	-2.9419e-09	3.1936e-07	-3.1948e-07	3.2495e-09	-1.1157e-10	-2.9796e-09	3.1928e-07	-3.1942e-07	3.2742e-09	-1.2266e-10	-2.9987e-09	3.1926e-07	-3.1942e-07
0	2.9035e-10	-2.34e-12	-3.0028e-10	3.1952e-07	-3.1944e-07	1.3394e-09	-9.21e-12	-1.3241e-09	3.1944e-07	-3.194e-07	2.1542e-09	-1.644e-11	-2.1047e-09	3.1948e-07	-3.1952e-07	2.7043e-09	-2.741e-11	-2.6114e-09	3.194e-07	-3.1946e-07	3.0092e-09	-3.538e-11	-2.9275e-09	3.1932e-07	-3.194e-07	3.2751e-09	-4.207e-11	-3.1462e-09	3.1946e-07	-3.195e-07	3.4592e-09	-5.832e-11	-3.2896e-09	3.1936e-07	-3.1944e-07	3.5939e-09	-6.841e-11	-3.4251e-09	3.193e-07	-3.1938e-07	3.6585e-09	-8.36e-11	-3.513e-09	3.1938e-07	-3.1944e-07	3.7531e-09	-9.321e-11	-3.5347e-09	3.1936e-07	-3.1942e-07	3.8189e-09	-1.2481e-10	-3.5304e-09	3.1932e-07	-3.1942e-07
0.005	3.6252e-10	7.74e-12	-3.6076e-10	3.1952e-07	-3.1948e-07	1.5897e-09	-1e-12	-1.5576e-09	3.1944e-07	-3.1942e-07	2.5246e-09	-7.82e-12	-2.4997e-09	3.1944e-07	-3.1952e-07	3.1751e-09	-1.245e-11	-3.1006e-09	3.1948e-07	-3.1936e-07	3.5208e-09	-2.345e-11	-3.4497e-09	3.1932e-07	-3.1932e-07	3.8198e-09	-3.763e-11	-3.7329e-09	3.195e-07	-3.1952e-07	4.0488e-09	-4.263e-11	-3.8938e-09	3.1942e-07	-3.1942e-07	4.184e-09	-5.535e-11	-4.0525e-09	3.1938e-07	-3.194e-07	4.3074e-09	-6.847e-11	-4.083e-09	3.1942e-07	-3.1948e-07	4.3829e-09	-8.262e-11	-4.165e-09	3.1932e-07	-3.1942e-07	4.4294e-09	-9.708e-11	-4.1627e-09	3.1936e-07	-3.195e-07
0.01	4.1948e-10	1.514e-11	-4.2997e-10	3.195e-07	-3.1942e-07	1.8709e-09	3.54e-12	-1.8485e-09	3.1944e-07	-3.1952e-07	2.9779e-09	-3.04e-12	-2.9373e-09	3.1938e-07	-3.194e-07	3.7293e-09	-6.72e-12	-3.6381e-09	3.1942e-07	-3.1944e-07	4.1593e-09	-1.601e-11	-4.0889e-09	3.194e-07	-3.1942e-07	4.5194e-09	-2.323e-11	-4.3991e-09	3.1946e-07	-3.1948e-07	4.7372e-09	-3.229e-11	-4.6066e-09	3.1932e-07	-3.1938e-07	4.9325e-09	-4.393e-11	-4.7729e-09	3.193e-07	-3.1948e-07	5.0899e-09	-5.944e-11	-4.8642e-09	3.1932e-07	-3.1946e-07	5.1441e-09	-7.878e-11	-4.9307e-09	3.1938e-07	-3.195e-07	5.1779e-09	-7.952e-11	-4.9169e-09	3.1936e-07	-3.1948e-07
0.015	4.9425e-10	1.628e-11	-5.1097e-10	3.195e-07	-3.1944e-07	2.1487e-09	1.473e-11	-2.1585e-09	3.1942e-07	-3.1942e-07	3.5139e-09	3.75e-12	-3.4954e-09	3.1944e-07	-3.1944e-07	4.406e-09	-6.1e-12	-4.3497e-09	3.194e-07	-3.1942e-07	4.8879e-09	-1.143e-11	-4.8082e-09	3.1936e-07	-3.1936e-07	5.2858e-09	-1.741e-11	-5.1844e-09	3.1946e-07	-3.1954e-07	5.5793e-09	-3.081e-11	-5.4504e-09	3.1932e-07	-3.1936e-07	5.7779e-09	-4.075e-11	-5.6514e-09	3.1944e-07	-3.1954e-07	5.9267e-09	-5.119e-11	-5.7499e-09	3.1934e-07	-3.1944e-07	6.0021e-09	-6.436e-11	-5.806e-09	3.1932e-07	-3.1946e-07	6.0491e-09	-8.87e-11	-5.8351e-09	3.1938e-07	-3.1946e-07
0.02	5.6141e-10	2.236e-11	-6.4469e-10	3.1948e-07	-3.195e-07	2.5696e-09	1.79e-11	-2.5985e-09	3.195e-07	-3.194e-07	4.1463e-09	1.258e-11	-4.1536e-09	3.1938e-07	-3.1934e-07	5.1914e-09	7.05e-12	-5.1514e-09	3.194e-07	-3.1942e-07	5.7553e-09	-4.81e-12	-5.7091e-09	3.1934e-07	-3.1938e-07	6.2475e-09	-1.424e-11	-6.158e-09	3.195e-07	-3.1948e-07	6.5513e-09	-1.985e-11	-6.4036e-09	3.1942e-07	-3.1942e-07	6.8136e-09	-2.858e-11	-6.6698e-09	3.1944e-07	-3.1946e-07	6.9554e-09	-4.443e-11	-6.8066e-09	3.194e-07	-3.1948e-07	7.0859e-09	-4.852e-11	-6.9207e-09	3.1932e-07	-3.1938e-07	7.1227e-09	-6.112e-11	-6.9061e-09	3.1932e-07	-3.1952e-07
0.025	6.7342e-10	3.053e-11	-7.1613e-10	3.1952e-07	-3.1944e-07	3.0464e-09	2.8e-13	-3.0493e-09	3.1944e-07	-3.194e-07	4.8953e-09	1.94e-11	-4.8802e-09	3.1942e-07	-3.194e-07	6.091e-09	1.333e-11	-6.1013e-09	3.1946e-07	-3.1952e-07	6.8041e-09	6.48e-12	-6.7586e-09	3.1942e-07	-3.1938e-07	7.3339e-09	-3.31e-12	-7.2798e-09	3.1934e-07	-3.1946e-07	7.7017e-09	-8.77e-12	-7.5661e-09	3.1936e-07	-3.1942e-07	8.0031e-09	-2.475e-11	-7.8826e-09	3.194e-07	-3.1942e-07	8.1491e-09	-3.144e-11	-8.0249e-09	3.1936e-07	-3.1946e-07	8.3336e-09	-5.086e-11	-8.12e-09	3.1936e-07	-3.1944e-07	8.3731e-09	-6.205e-11	-8.1239e-09	3.1934e-07	-3.1948e-07
0.03	7.5997e-10	3.373e-11	-8.6155e-10	3.1948e-07	-3.1938e-07	3.5891e-09	4.824e-11	-3.5483e-09	3.1944e-07	-3.1948e-07	5.7609e-09	2.405e-11	-5.7693e-09	3.1942e-07	-3.1936e-07	7.2283e-09	1.229e-11	-7.1635e-09	3.1954e-07	-3.1948e-07	7.9984e-09	8.77e-12	-7.9947e-09	3.1936e-07	-3.194e-07	8.6927e-09	4.08e-12	-8.592e-09	3.194e-07	-3.1954e-07	9.1224e-09	-9.23e-12	-8.9491e-09	3.193e-07	-3.1944e-07	9.4594e-09	-1.687e-11	-9.2947e-09	3.1948e-07	-3.1952e-07	9.6229e-09	-2.537e-11	-9.4894e-09	3.1932e-07	-3.1942e-07	9.7987e-09	-3.557e-11	-9.6249e-09	3.1936e-07	-3.194e-07	9.8405e-09	-4.975e-11	-9.6373e-09	3.1928e-07	-3.1934e-07
0.035	9.6054e-10	4.252e-11	-9.3447e-10	3.1948e-07	-3.1948e-07	4.2204e-09	4.56e-11	-4.2376e-09	3.1944e-07	-3.1936e-07	6.7964e-09	2.771e-11	-6.8132e-09	3.1942e-07	-3.1942e-07	8.4609e-09	2.314e-11	-8.4627e-09	3.195e-07	-3.1952e-07	9.4116e-09	1.147e-11	-9.4058e-09	3.1932e-07	-3.194e-07	1.02116e-08	6.33e-12	-1.00932e-08	3.1942e-07	-3.1948e-07	1.07703e-08	2.4e-12	-1.06766e-08	3.194e-07	-3.1948e-07	1.11249e-08	-6.75e-12	-1.09906e-08	3.1944e-07	-3.1952e-07	1.13351e-08	-1.89e-11	-1.1184e-08	3.1934e-07	-3.194e-07	1.15854e-08	-2.768e-11	-1.1392e-08	3.194e-07	-3.1954e-07	1.1683e-08	-3.466e-11	-1.1427e-08	3.1928e-07	-3.1942e-07
0.04	1.14627e-09	4.604e-11	-1.1961e-09	3.1956e-07	-3.1956e-07	4.9815e-09	2.978e-11	-5.0015e-09	3.1944e-07	-3.1942e-07	8.0278e-09	3.776e-11	-8.0322e-09	3.1936e-07	-3.1936e-07	1.00189e-08	3.067e-11	-1.00181e-08	3.1952e-07	-3.195e-07	1.11825e-08	2.56e-11	-1.11147e-08	3.1936e-07	-3.1942e-07	1.21292e-08	1.685e-11	-1.2039e-08	3.194e-07	-3.1948e-07	1.26742e-08	1.115e-11	-1.26038e-08	3.194e-07	-3.1944e-07	1.3163e-08	-1.62e-12	-1.30772e-08	3.1942e-07	-3.1956e-07	1.34484e-08	-1.228e-11	-1.32864e-08	3.1942e-07	-3.1946e-07	1.36796e-08	-2.676e-11	-1.3488e-08	3.193e-07	-3.1942e-07	1.37352e-08	-2.701e-11	-1.34874e-08	3.1932e-07	-3.1948e-07
0.045	1.3185e-09	4.789e-11	-1.4031e-09	3.1952e-07	-3.1948e-07	5.9162e-09	6.732e-11	-5.9002e-09	3.1946e-07	-3.1942e-07	9.5174e-09	3.95e-11	-9.5169e-09	3.1942e-07	-3.1942e-07	1.18418e-08	3.672e-11	-1.18484e-08	3.1954e-07	-3.195e-07	1.31942e-08	3.472e-11	-1.31356e-08	3.1938e-07	-3.1948e-07	1.42444e-08	2.247e-11	-1.41652e-08	3.1942e-07	-3.1944e-07	1.50018e-08	1.526e-11	-1.48548e-08	3.1936e-07	-3.1944e-07	1.55484e-08	5.03e-12	-1.54236e-08	3.1944e-07	-3.1948e-07	1.58098e-08	-5.72e-12	-1.5711e-08	3.1936e-07	-3.1952e-07	1.6111e-08	-2.012e-11	-1.5893e-08	3.1934e-07	-3.1948e-07	1.61538e-08	-2.65e-11	-1.5935e-08	3.1928e-07	-3.1936e-07
0.05	1.6123e-09	5.7e-11	-1.6106e-09	3.1958e-07	-3.195e-07	6.9572e-09	5.301e-11	-7.079e-09	3.1938e-07	-3.1942e-07	1.12565e-08	4.409e-11	-1.12393e-08	3.1938e-07	-3.1936e-07	1.41436e-08	4.06e-11	-1.40368e-08	3.195e-07	-3.1948e-07	1.561e-08	3.59e-11	-1.55794e-08	3.1936e-07	-3.194e-07	1.68486e-08	2.93e-11	-1.67932e-08	3.1936e-07	-3.1948e-07	1.77486e-08	1.718e-11	-1.75812e-08	3.1936e-07	-3.1942e-07	1.83556e-08	1.141e-11	-1.82458e-08	3.1928e-07	-3.1938e-07	1.87722e-08	1.05e-12	-1.8571e-08	3.1944e-07	-3.1948e-07	1.90402e-08	-1.93e-12	-1.89218e-08	3.1936e-07	-3.195e-07	1.91154e-08	-1.646e-11	-1.88504e-08	3.193e-07	-3.194e-07
0.055	1.8511e-09	6.564e-11	-1.8769e-09	3.1954e-07	-3.1944e-07	8.2706e-09	4.296e-11	-8.2651e-09	3.1934e-07	-3.1936e-07	1.33618e-08	5.031e-11	-1.33048e-08	3.194e-07	-3.194e-07	1.66276e-08	4.344e-11	-1.66992e-08	3.1948e-07	-3.195e-07	1.8458e-08	3.722e-11	-1.8411e-08	3.1934e-07	-3.1934e-07	1.98718e-08	2.917e-11	-1.9814e-08	3.1938e-07	-3.1948e-07	2.08174e-08	2.163e-11	-2.08764e-08	3.1938e-07	-3.1948e-07	2.1655e-08	1.553e-11	-2.1568e-08	3.1936e-07	-3.1936e-07	2.21042e-08	1.299e-11	-2.19214e-08	3.194e-07	-3.1948e-07	2.255e-08	5.22e-12	-2.23808e-08	3.1948e-07	-3.1954e-07	2.242e-08	-2.77e-12	-2.23052e-08	3.193e-07	-3.1944e-07
0.06	2.215e-09	6.578e-11	-2.3274e-09	3.1956e-07	-3.1952e-07	9.8044e-09	6.94e-11	-9.8163e-09	3.1944e-07	-3.1946e-07	1.57446e-08	5.365e-11	-1.58132e-08	3.1942e-07	-3.1938e-07	1.97034e-08	5.348e-11	-1.97224e-08	3.1942e-07	-3.1948e-07	2.1854e-08	4.312e-11	-2.17274e-08	3.1938e-07	-3.1936e-07	2.34434e-08	3.91e-11	-2.35336e-08	3.1936e-07	-3.1944e-07	2.48204e-08	2.795e-11	-2.46496e-08	3.1944e-07	-3.1946e-07	2.56334e-08	2.336e-11	-2.54538e-08	3.1934e-07	-3.194e-07	2.60692e-08	1.503e-11	-2.59668e-08	3.1934e-07	-3.1944e-07	2.66224e-08	2.85e-12	-2.6583e-08	3.1942e-07	-3.195e-07	2.6506e-08	3.24e-12	-2.63246e-08	3.1928e-07	-3.194e-07
0.065	2.6304e-09	7.961e-11	-2.768e-09	3.1954e-07	-3.1952e-07	1.17016e-08	6.51e-11	-1.1751e-08	3.1944e-07	-3.1946e-07	1.86342e-08	6.16e-11	-1.86392e-08	3.1942e-07	-3.1946e-07	2.3209e-08	6.067e-11	-2.32942e-08	3.1938e-07	-3.1942e-07	2.56544e-08	5.584e-11	-2.57642e-08	3.1936e-07	-3.1944e-07	2.7797e-08	4.162e-11	-2.7708e-08	3.1936e-07	-3.1942e-07	2.9112e-08	3.947e-11	-2.9055e-08	3.1948e-07	-3.1954e-07	3.01164e-08	3.284e-11	-3.00584e-08	3.1946e-07	-3.1948e-07	3.0729e-08	2.186e-11	-3.06456e-08	3.193e-07	-3.194e-07	3.15254e-08	1.303e-11	-3.13998e-08	3.1942e-07	-3.1954e-07	3.13594e-08	5.74e-12	-3.09074e-08	3.1926e-07	-3.1942e-07
0.07	3.1105e-09	7.954e-11	-3.1175e-09	3.1956e-07	-3.1952e-07	1.36962e-08	7.786e-11	-1.3638e-08	3.1948e-07	-3.1946e-07	2.18552e-08	6.829e-11	-2.185e-08	3.1938e-07	-3.1942e-07	2.74772e-08	6.179e-11	-2.74462e-08	3.1946e-07	-3.1942e-07	3.03708e-08	5.79e-11	-3.03504e-08	3.1938e-07	-3.1934e-07	3.27042e-08	5.006e-11	-3.26852e-08	3.1936e-07	-3.1946e-07	3.4524e-08	4.711e-11	-3.42936e-08	3.1946e-07	-3.1948e-07	3.56604e-08	3.409e-11	-3.56266e-08	3.1942e-07	-3.1942e-07	3.63462e-08	3.132e-11	-3.61706e-08	3.1932e-07	-3.194e-07	3.71416e-08	2.942e-11	-3.7007e-08	3.1938e-07	-3.195e-07	3.6854e-08	1.601e-11	-3.66686e-08	3.1932e-07	-3.1946e-07
0.075	3.7668e-09	8.82e-11	-3.7978e-09	3.1956e-07	-3.1948e-07	1.62958e-08	8.464e-11	-1.63326e-08	3.1944e-07	-3.1942e-07	2.58796e-08	7.017e-11	-2.59114e-08	3.1928e-07	-3.193e-07	3.25256e-08	6.791e-11	-3.25584e-08	3.1938e-07	-3.194e-07	3.5811e-08	6.358e-11	-3.58916e-08	3.1942e-07	-3.1944e-07	3.87316e-08	5.389e-11	-3.87024e-08	3.1938e-07	-3.1942e-07	4.0671e-08	4.625e-11	-4.07434e-08	3.1942e-07	-3.1948e-07	4.22976e-08	4.003e-11	-4.21348e-08	3.1936e-07	-3.1944e-07	4.29222e-08	3.719e-11	-4.28474e-08	3.1934e-07	-3.1948e-07	4.39034e-08	3.17e-11	-4.40044e-08	3.1938e-07	-3.1956e-07	4.36358e-08	2.955e-11	-4.33416e-08	3.1928e-07	-3.1946e-07
0.08	4.4659e-09	9.391e-11	-4.4095e-09	3.1944e-07	-3.1946e-07	1.929e-08	8.043e-11	-1.92584e-08	3.1942e-07	-3.1938e-07	3.0577e-08	7.777e-11	-3.05344e-08	3.1934e-07	-3.1936e-07	3.84122e-08	7.501e-11	-3.8396e-08	3.1938e-07	-3.1942e-07	4.24702e-08	6.691e-11	-4.24006e-08	3.1936e-07	-3.1936e-07	4.57984e-08	5.996e-11	-4.57838e-08	3.1934e-07	-3.1946e-07	4.8132e-08	5.074e-11	-4.78942e-08	3.1938e-07	-3.1946e-07	4.9683e-08	4.963e-11	-4.98316e-08	3.1938e-07	-3.1948e-07	5.06866e-08	4.115e-11	-5.05858e-08	3.1938e-07	-3.1942e-07	5.20764e-08	3.405e-11	-5.1892e-08	3.1944e-07	-3.1958e-07	5.1641e-08	3.229e-11	-5.14438e-08	3.1932e-07	-3.1942e-07
0.085	5.2428e-09	9.577e-11	-5.2956e-09	3.1942e-07	-3.1946e-07	2.26334e-08	8.795e-11	-2.26816e-08	3.1938e-07	-3.194e-07	3.61958e-08	8.569e-11	-3.60676e-08	3.1938e-07	-3.1934e-07	4.52942e-08	8.225e-11	-4.5323e-08	3.193e-07	-3.1936e-07	5.02646e-08	7.51e-11	-5.01594e-08	3.1938e-07	-3.1942e-07	5.40602e-08	6.575e-11	-5.39956e-08	3.1938e-07	-3.1946e-07	5.69908e-08	6.636e-11	-5.67416e-08	3.1934e-07	-3.1942e-07	5.87416e-08	5.593e-11	-5.86798e-08	3.1948e-07	-3.1958e-07	5.99068e-08	4.77e-11	-5.95398e-08	3.1932e-07	-3.1948e-07	6.15496e-08	4.747e-11	-6.14658e-08	3.1944e-07	-3.1956e-07	6.08556e-08	3.377e-11	-6.08122e-08	3.1932e-07	-3.1946e-07
0.09	6.158e-09	1.0324e-10	-6.4497e-09	3.1944e-07	-3.194e-07	2.69814e-08	1.0242e-10	-2.70912e-08	3.1938e-07	-3.1936e-07	4.28104e-08	8.98e-11	-4.26032e-08	3.1938e-07	-3.194e-07	5.35158e-08	8.612e-11	-5.38038e-08	3.1946e-07	-3.1946e-07	5.92362e-08	8.146e-11	-5.91436e-08	3.1932e-07	-3.1948e-07	6.40022e-08	7.099e-11	-6.38966e-08	3.1932e-07	-3.1936e-07	6.72154e-08	7.243e-11	-6.72448e-08	3.1936e-07	-3.1946e-07	6.92554e-08	5.788e-11	-6.94094e-08	3.194e-07	-3.195e-07	7.08872e-08	5.623e-11	-7.05e-08	3.1932e-07	-3.1934e-07	7.2442e-08	5.296e-11	-7.2646e-08	3.1942e-07	-3.1948e-07	7.2157e-08	4.372e-11	-7.18884e-08	3.1936e-07	-3.1948e-07
0.095	7.4784e-09	1.1797e-10	-7.5683e-09	3.195e-07	-3.1944e-07	3.22518e-08	1.0731e-10	-3.2309e-08	3.1942e-07	-3.194e-07	5.06472e-08	9.338e-11	-5.05576e-08	3.1936e-07	-3.193e-07	6.34886e-08	8.919e-11	-6.33766e-08	3.1948e-07	-3.1948e-07	6.9987e-08	8.643e-11	-7.0106e-08	3.1944e-07	-3.1948e-07	7.58452e-08	7.665e-11	-7.57244e-08	3.1942e-07	-3.1948e-07	7.95252e-08	7.102e-11	-7.95164e-08	3.1942e-07	-3.1954e-07	8.19254e-08	6.759e-11	-8.20806e-08	3.1938e-07	-3.1952e-07	8.35566e-08	6.311e-11	-8.39636e-08	3.1936e-07	-3.1936e-07	8.6035e-08	4.478e-11	-8.57906e-08	3.1938e-07	-3.1954e-07	8.51752e-08	5.449e-11	-8.49236e-08	3.1926e-07	-3.1938e-07
0.1	8.5671e-09	1.1595e-10	-8.5742e-09	3.1944e-07	-3.1942e-07	3.8258e-08	1.0566e-10	-3.82248e-08	3.194e-07	-3.193e-07	5.99394e-08	1.0399e-10	-6.01078e-08	3.194e-07	-3.1938e-07	7.48036e-08	9.943e-11	-7.48742e-08	3.1942e-07	-3.1954e-07	8.25152e-08	9.047e-11	-8.29576e-08	3.194e-07	-3.1946e-07	8.9398e-08	8.469e-11	-8.92272e-08	3.1938e-07	-3.1946e-07	9.338e-08	8.046e-11	-9.3784e-08	3.1938e-07	-3.195e-07	9.70698e-08	7.284e-11	-9.72992e-08	3.1936e-07	-3.1946e-07	9.95202e-08	6.789e-11	-9.89484e-08	3.1926e-07	-3.1936e-07	1.0165e-07	5.65e-11	-1.013956e-07	3.1942e-07	-3.195e-07	1.003924e-07	5.561e-11	-1.002562e-07	3.1932e-07	-3.194e-07
0.105	9.7336e-09	1.2739e-10	-1.03397e-08	3.1946e-07	-3.1946e-07	4.51618e-08	1.1474e-10	-4.55774e-08	3.1938e-07	-3.1938e-07	7.12606e-08	1.1099e-10	-7.11674e-08	3.1936e-07	-3.1932e-07	8.8969e-08	1.1204e-10	-8.88956e-08	3.1944e-07	-3.1948e-07	9.77642e-08	1.0234e-10	-9.77962e-08	3.1946e-07	-3.1942e-07	1.05654e-07	9.073e-11	-1.057796e-07	3.1938e-07	-3.1936e-07	1.11069e-07	9.009e-11	-1.111598e-07	3.1942e-07	-3.1954e-07	1.1466e-07	8.208e-11	-1.144464e-07	3.1932e-07	-3.1942e-07	1.174e-07	7.183e-11	-1.1608e-07	3.1928e-07	-3.1936e-07	1.2028e-07	7.196e-11	-1.2012e-07	3.1938e-07	-3.195e-07	1.1978e-07	6.201e-11	-1.1892e-07	3.1932e-07	-3.1944e-07
0.11	1.17798e-08	1.3135e-10	-1.20966e-08	3.1948e-07	-3.1952e-07	5.34342e-08	1.281e-10	-5.39004e-08	3.1938e-07	-3.194e-07	8.37742e-08	1.1819e-10	-8.39286e-08	3.1942e-07	-3.1936e-07	1.047084e-07	1.061e-10	-1.05199e-07	3.1948e-07	-3.1952e-07	1.1574e-07	1.0181e-10	-1.157142e-07	3.1948e-07	-3.195e-07	1.2546e-07	9.423e-11	-1.2496e-07	3.1938e-07	-3.194e-07	1.313e-07	9.532e-11	-1.3074e-07	3.1946e-07	-3.1952e-07	1.364e-07	8.275e-11	-1.3622e-07	3.1938e-07	-3.1944e-07	1.3884e-07	8.211e-11	-1.3802e-07	3.1934e-07	-3.194e-07	1.4256e-07	7.51e-11	-1.4084e-07	3.1936e-07	-3.1944e-07	1.4116e-07	6.849e-11	-1.4144e-07	3.1938e-07	-3.1942e-07
0.115	1.37738e-08	1.4179e-10	-1.41516e-08	3.1954e-07	-3.1954e-07	6.34774e-08	1.3038e-10	-6.38922e-08	3.1946e-07	-3.1934e-07	9.98272e-08	1.2565e-10	-9.9602e-08	3.1944e-07	-3.1946e-07	1.2452e-07	1.1654e-10	-1.2276e-07	3.1948e-07	-3.1952e-07	1.3714e-07	1.1193e-10	-1.3762e-07	3.194e-07	-3.195e-07	1.4882e-07	1.0573e-10	-1.473e-07	3.194e-07	-3.1944e-07	1.5606e-07	9.383e-11	-1.55e-07	3.1938e-07	-3.1948e-07	1.6044e-07	9.407e-11	-1.607e-07	3.1932e-07	-3.194e-07	1.6436e-07	8.205e-11	-1.6326e-07	3.1936e-07	-3.1946e-07	1.6892e-07	7.849e-11	-1.6774e-07	3.1932e-07	-3.1948e-07	1.6586e-07	7.543e-11	-1.6574e-07	3.1944e-07	-3.1954e-07
0.12	1.69766e-08	1.5277e-10	-1.68994e-08	3.1948e-07	-3.1952e-07	7.44904e-08	1.3718e-10	-7.52716e-08	3.194e-07	-3.1942e-07	1.1776e-07	1.3434e-10	-1.1912e-07	3.1938e-07	-3.1946e-07	1.4526e-07	1.2893e-10	-1.4626e-07	3.1942e-07	-3.194e-07	1.6194e-07	1.2021e-10	-1.6296e-07	3.194e-07	-3.1948e-07	1.742e-07	1.1151e-10	-1.7504e-07	3.1942e-07	-3.1944e-07	1.8472e-07	1.1047e-10	-1.8324e-07	3.194e-07	-3.1952e-07	1.9046e-07	9.963e-11	-1.8984e-07	3.1942e-07	-3.1942e-07	1.9292e-07	9.472e-11	-1.944e-07	3.1938e-07	-3.1944e-07	1.9824e-07	9.384e-11	-1.9886e-07	3.1938e-07	-3.1942e-07	1.967e-07	8.246e-11	-1.9818e-07	3.1932e-07	-3.1952e-07
0.125	1.98928e-08	1.5985e-10	-1.98474e-08	3.1944e-07	-3.1942e-07	8.8821e-08	1.5072e-10	-8.85762e-08	3.1942e-07	-3.194e-07	1.3908e-07	1.4093e-10	-1.3954e-07	3.194e-07	-3.194e-07	1.7246e-07	1.2871e-10	-1.732e-07	3.1942e-07	-3.1944e-07	1.908e-07	1.2516e-10	-1.917e-07	3.1938e-07	-3.1942e-07	2.0772e-07	1.1946e-10	-2.0522e-07	3.1936e-07	-3.194e-07	2.179e-07	1.1338e-10	-2.1694e-07	3.1938e-07	-3.1952e-07	2.255e-07	1.0744e-10	-2.2566e-07	3.193e-07	-3.1944e-07	2.2836e-07	1.0906e-10	-2.2824e-07	3.1936e-07	-3.1952e-07	2.3406e-07	8.765e-11	-2.3584e-07	3.1932e-07	-3.1946e-07	2.3266e-07	9.065e-11	-2.3242e-07	3.1938e-07	-3.1954e-07
0.13	2.3083e-08	1.6415e-10	-2.32188e-08	3.1956e-07	-3.1952e-07	1.059274e-07	1.6221e-10	-1.056906e-07	3.1944e-07	-3.1948e-07	1.6462e-07	1.4759e-10	-1.6496e-07	3.1938e-07	-3.1936e-07	2.044e-07	1.4339e-10	-2.0466e-07	3.1944e-07	-3.1946e-07	2.2562e-07	1.3458e-10	-2.2678e-07	3.1942e-07	-3.1944e-07	2.4564e-07	1.2959e-10	-2.4446e-07	3.1936e-07	-3.1942e-07	2.5792e-07	1.1897e-10	-2.5698e-07	3.194e-07	-3.1948e-07	2.6658e-07	1.1466e-10	-2.6576e-07	3.193e-07	-3.194e-07	2.7012e-07	9.773e-11	-2.7204e-07	3.1936e-07	-3.1946e-07	2.771e-07	1.0396e-10	-2.7924e-07	3.1938e-07	-3.1952e-07	2.7466e-07	9.685e-11	-2.7426e-07	3.1938e-07	-3.1946e-07
0.135	2.79978e-08	1.7862e-10	-2.81448e-08	3.1948e-07	-3.194e-07	1.2576e-07	1.6429e-10	-1.2542e-07	3.1946e-07	-3.1944e-07	1.9566e-07	1.6126e-10	-1.951e-07	3.1942e-07	-3.194e-07	2.4282e-07	1.5282e-10	-2.4328e-07	3.1952e-07	-3.1946e-07	2.672e-07	1.4123e-10	-2.6896e-07	3.1938e-07	-3.1942e-07	2.8878e-07	1.316e-10	-2.8776e-07	3.1938e-07	-3.1936e-07	3.0484e-07	1.2828e-10	-3.0332e-07	3.1946e-07	-3.1948e-07	3.1402e-07	1.226e-10	-3.145e-07	3.1934e-07	-3.1936e-07	3.2268e-07	1.2712e-10	-3.222e-07	3.194e-07	-3.1944e-07	3.3002e-07	1.1595e-10	-3.2832e-07	3.1936e-07	-3.194e-07	3.26e-07	1.0598e-10	-3.2656e-07	3.1938e-07	-3.1952e-07
0.14	3.2557e-08	1.9089e-10	-3.05974e-08	3.195e-07	-3.1948e-07	1.4714e-07	1.8102e-10	-1.4774e-07	3.1942e-07	-3.1936e-07	2.2852e-07	1.691e-10	-2.2764e-07	3.194e-07	-3.1938e-07	2.8814e-07	1.5947e-10	-2.859e-07	3.1948e-07	-3.1952e-07	3.148e-07	1.505e-10	-3.1586e-07	3.1942e-07	-3.1946e-07	3.416e-07	1.4618e-10	-3.4114e-07	3.1944e-07	-3.1944e-07	3.6036e-07	1.3495e-10	-3.5882e-07	3.1948e-07	-3.1946e-07	3.7094e-07	1.2996e-10	-3.7138e-07	3.1932e-07	-3.194e-07	3.797e-07	1.1544e-10	-3.7684e-07	3.1934e-07	-3.1946e-07	3.876e-07	1.1511e-10	-3.872e-07	3.1936e-07	-3.1944e-07	3.8678e-07	1.1107e-10	-3.8636e-07	3.1932e-07	-3.195e-07
0.145	3.82576e-08	2.0155e-10	-3.80824e-08	3.1948e-07	-3.1942e-07	1.7524e-07	1.882e-10	-1.7718e-07	3.1938e-07	-3.1934e-07	2.7204e-07	1.7922e-10	-2.7094e-07	3.1938e-07	-3.1942e-07	3.378e-07	1.725e-10	-3.392e-07	3.1942e-07	-3.1944e-07	3.7392e-07	1.5737e-10	-3.7464e-07	3.194e-07	-3.194e-07	4.0458e-07	1.4848e-10	-4.0424e-07	3.1942e-07	-3.1942e-07	4.2472e-07	1.4192e-10	-4.2548e-07	3.1938e-07	-3.195e-07	4.403e-07	1.3727e-10	-4.3886e-07	3.1924e-07	-3.1938e-07	4.4778e-07	1.35e-10	-4.475e-07	3.1932e-07	-3.1946e-07	4.6004e-07	1.3118e-10	-4.5686e-07	3.1936e-07	-3.1946e-07	4.5796e-07	1.1789e-10	-4.5454e-07	3.1948e-07	-3.1954e-07
0.15	4.5782e-08	2.1073e-10	-4.49154e-08	3.1944e-07	-3.1942e-07	2.0868e-07	2.0013e-10	-2.0902e-07	3.1944e-07	-3.1936e-07	3.2048e-07	1.8952e-10	-3.195e-07	3.1936e-07	-3.1942e-07	4.0148e-07	1.7856e-10	-3.9794e-07	3.1944e-07	-3.195e-07	4.453e-07	1.7336e-10	-4.4338e-07	3.193e-07	-3.194e-07	4.7822e-07	1.6316e-10	-4.7582e-07	3.1936e-07	-3.1942e-07	5.0394e-07	1.556e-10	-5.0282e-07	3.194e-07	-3.1948e-07	5.201e-07	1.4898e-10	-5.2236e-07	3.1942e-07	-3.1946e-07	5.2994e-07	1.3989e-10	-5.294e-07	3.1938e-07	-3.1942e-07	5.4574e-07	1.3102e-10	-5.4342e-07	3.1924e-07	-3.1942e-07	5.41e-07	1.3114e-10	-5.396e-07	3.1946e-07	-3.1958e-07
0.155	5.4048e-08	2.2373e-10	-5.26764e-08	3.1954e-07	-3.1952e-07	2.459e-07	2.1683e-10	-2.4308e-07	3.1942e-07	-3.1938e-07	3.7722e-07	1.9949e-10	-3.7634e-07	3.1938e-07	-3.1942e-07	4.7442e-07	1.88e-10	-4.775e-07	3.1942e-07	-3.1948e-07	5.2388e-07	1.78e-10	-5.2616e-07	3.1938e-07	-3.194e-07	5.6572e-07	1.7193e-10	-5.66e-07	3.1934e-07	-3.194e-07	5.952e-07	1.6371e-10	-5.9218e-07	3.1944e-07	-3.1948e-07	6.1368e-07	1.5203e-10	-6.157e-07	3.1934e-07	-3.1932e-07	6.304e-07	1.4341e-10	-6.28e-07	3.1934e-07	-3.1942e-07	6.4498e-07	1.3918e-10	-6.4228e-07	3.193e-07	-3.1946e-07	6.3964e-07	1.344e-10	-6.3862e-07	3.194e-07	-3.1952e-07
0.16	6.23426e-08	2.4007e-10	-6.25474e-08	3.1956e-07	-3.1942e-07	2.9114e-07	2.205e-10	-2.897e-07	3.1936e-07	-3.1934e-07	4.4604e-07	2.1125e-10	-4.4922e-07	3.1942e-07	-3.1948e-07	5.5616e-07	1.9959e-10	-5.5792e-07	3.1936e-07	-3.1944e-07	6.1972e-07	1.9141e-10	-6.1776e-07	3.1944e-07	-3.1946e-07	6.6906e-07	1.7848e-10	-6.659e-07	3.1946e-07	-3.1942e-07	7.0092e-07	1.7205e-10	-7.0286e-07	3.195e-07	-3.1952e-07	7.2642e-07	1.6723e-10	-7.2504e-07	3.1938e-07	-3.1942e-07	7.3918e-07	1.6523e-10	-7.4064e-07	3.1936e-07	-3.194e-07	7.5508e-07	1.5715e-10	-7.572e-07	3.1932e-07	-3.1942e-07	7.523e-07	1.4571e-10	-7.5584e-07	3.1948e-07	-3.1948e-07
0.165	7.48482e-08	2.53e-10	-7.37956e-08	3.1948e-07	-3.1946e-07	3.4134e-07	2.4012e-10	-3.4288e-07	3.1942e-07	-3.1946e-07	5.2754e-07	2.2503e-10	-5.3362e-07	3.1938e-07	-3.1936e-07	6.5954e-07	2.1046e-10	-6.6028e-07	3.1948e-07	-3.194e-07	7.2882e-07	2.0141e-10	-7.2904e-07	3.1944e-07	-3.1942e-07	7.8954e-07	1.9607e-10	-7.9576e-07	3.1936e-07	-3.1942e-07	8.2926e-07	1.8585e-10	-8.3482e-07	3.1942e-07	-3.1948e-07	8.6106e-07	1.7522e-10	-8.572e-07	3.1942e-07	-3.1942e-07	8.7748e-07	1.6002e-10	-8.7836e-07	3.1928e-07	-3.1944e-07	9.0406e-07	1.5654e-10	-8.9602e-07	3.193e-07	-3.1946e-07	8.947e-07	1.5612e-10	-8.9316e-07	3.194e-07	-3.1954e-07
0.17	8.52972e-08	2.6259e-10	-8.78704e-08	3.1938e-07	-3.1946e-07	4.03e-07	2.4936e-10	-4.0232e-07	3.1938e-07	-3.1936e-07	6.2482e-07	2.3471e-10	-6.2438e-07	3.1944e-07	-3.1944e-07	7.7286e-07	2.259e-10	-7.8224e-07	3.194e-07	-3.1948e-07	8.6404e-07	2.0896e-10	-8.6302e-07	3.194e-07	-3.1948e-07	9.3512e-07	1.9883e-10	-9.3298e-07	3.1936e-07	-3.1944e-07	9.8296e-07	1.8753e-10	-9.8576e-07	3.1938e-07	-3.1946e-07	1.01498e-06	1.8607e-10	-1.01564e-06	3.194e-07	-3.195e-07	1.03664e-06	1.8307e-10	-1.03538e-06	3.1942e-07	-3.1954e-07	1.06124e-06	1.7537e-10	-1.06384e-06	3.1936e-07	-3.1948e-07	1.05804e-06	1.6329e-10	-1.05138e-06	3.193e-07	-3.1946e-07
0.175	9.95394e-08	2.8047e-10	-9.93886e-08	3.1944e-07	-3.1946e-07	4.6766e-07	2.6181e-10	-4.7436e-07	3.1942e-07	-3.1934e-07	7.3014e-07	2.5325e-10	-7.3664e-07	3.194e-07	-3.1946e-07	9.17e-07	2.3959e-10	-9.1226e-07	3.1948e-07	-3.1946e-07	1.0229e-06	2.2843e-10	-1.02036e-06	3.1934e-07	-3.1936e-07	1.09982e-06	2.142e-10	-1.09704e-06	3.1942e-07	-3.1942e-07	1.1647e-06	2.0472e-10	-1.1605e-06	3.1942e-07	-3.194e-07	1.2018e-06	1.9577e-10	-1.1959e-06	3.1932e-07	-3.1948e-07	1.2286e-06	1.8525e-10	-1.216e-06	3.1942e-07	-3.1946e-07	1.2641e-06	1.7832e-10	-1.2542e-06	3.1942e-07	-3.1952e-07	1.253e-06	1.7635e-10	-1.2495e-06	3.1938e-07	-3.1948e-07
0.18	1.1384e-07	2.9234e-10	-1.1836e-07	3.1944e-07	-3.1946e-07	5.609e-07	2.7967e-10	-5.5632e-07	3.1942e-07	-3.1938e-07	8.6286e-07	2.6198e-10	-8.612e-07	3.1938e-07	-3.1938e-07	1.07056e-06	2.4786e-10	-1.07396e-06	3.1948e-07	-3.195e-07	1.2148e-06	2.3733e-10	-1.2119e-06	3.1938e-07	-3.1936e-07	1.3069e-06	2.2881e-10	-1.3186e-06	3.1934e-07	-3.1942e-07	1.3657e-06	2.2007e-10	-1.3761e-06	3.1942e-07	-3.1944e-07	1.4169e-06	2.0874e-10	-1.4201e-06	3.1938e-07	-3.1946e-07	1.4422e-06	1.9739e-10	-1.453e-06	3.1942e-07	-3.1942e-07	1.4834e-06	1.9314e-10	-1.4868e-06	3.1932e-07	-3.1946e-07	1.4715e-06	1.8569e-10	-1.4777e-06	3.1936e-07	-3.1946e-07
0.185	1.3644e-07	3.1484e-10	-1.3658e-07	3.195e-07	-3.1948e-07	6.6212e-07	2.9404e-10	-6.5964e-07	3.1936e-07	-3.1946e-07	1.01758e-06	2.7813e-10	-1.02354e-06	3.1942e-07	-3.1934e-07	1.281e-06	2.651e-10	-1.2802e-06	3.194e-07	-3.1942e-07	1.4258e-06	2.4607e-10	-1.4286e-06	3.1936e-07	-3.1936e-07	1.539e-06	2.431e-10	-1.5319e-06	3.1938e-07	-3.1948e-07	1.623e-06	2.2989e-10	-1.6295e-06	3.1934e-07	-3.1942e-07	1.6721e-06	2.1698e-10	-1.6719e-06	3.193e-07	-3.194e-07	1.7099e-06	2.0947e-10	-1.7162e-06	3.1942e-07	-3.1946e-07	1.7436e-06	2e-10	-1.7434e-06	3.1938e-07	-3.194e-07	1.7391e-06	1.9537e-10	-1.7319e-06	3.1938e-07	-3.1944e-07
0.19	1.6164e-07	3.2726e-10	-1.6548e-07	3.1948e-07	-3.1942e-07	7.693e-07	3.1051e-10	-7.7308e-07	3.1944e-07	-3.1942e-07	1.2124e-06	2.9642e-10	-1.2228e-06	3.1938e-07	-3.1938e-07	1.5153e-06	2.8107e-10	-1.5016e-06	3.1942e-07	-3.1948e-07	1.686e-06	2.6934e-10	-1.6834e-06	3.194e-07	-3.1944e-07	1.8322e-06	2.5202e-10	-1.8288e-06	3.1936e-07	-3.194e-07	1.9151e-06	2.3959e-10	-1.9134e-06	3.194e-07	-3.1942e-07	1.9823e-06	2.3631e-10	-1.9866e-06	3.1938e-07	-3.1954e-07	2.0294e-06	2.2869e-10	-2.0223e-06	3.1948e-07	-3.1954e-07	2.0683e-06	2.1758e-10	-2.0679e-06	3.194e-07	-3.1952e-07	2.0425e-06	2.1097e-10	-2.0439e-06	3.1926e-07	-3.1942e-07
0.195	1.7986e-07	3.4923e-10	-1.8724e-07	3.1948e-07	-3.1952e-07	9.0642e-07	3.3102e-10	-9.1476e-07	3.1938e-07	-3.1936e-07	1.4404e-06	3.1206e-10	-1.4273e-06	3.1942e-07	-3.194e-07	1.7729e-06	2.947e-10	-1.7712e-06	3.1944e-07	-3.1948e-07	1.9779e-06	2.7773e-10	-1.9778e-06	3.1938e-07	-3.1936e-07	2.1565e-06	2.6887e-10	-2.1554e-06	3.1938e-07	-3.1946e-07	2.2622e-06	2.5744e-10	-2.2361e-06	3.1942e-07	-3.1952e-07	2.3228e-06	2.4829e-10	-2.3319e-06	3.193e-07	-3.194e-07	2.3963e-06	2.3433e-10	-2.3849e-06	3.1944e-07	-3.1948e-07	2.426e-06	2.2572e-10	-2.4329e-06	3.1936e-07	-3.1944e-07	2.4292e-06	2.1807e-10	-2.4428e-06	3.194e-07	-3.1942e-07
0.2	2.128e-07	3.7091e-10	-2.158e-07	3.1948e-07	-3.195e-07	1.07122e-06	3.4355e-10	-1.07502e-06	3.194e-07	-3.1936e-07	1.696e-06	3.2641e-10	-1.6863e-06	3.1938e-07	-3.1936e-07	2.0911e-06	3.1155e-10	-2.0755e-06	3.1948e-07	-3.1948e-07	2.3598e-06	2.9265e-10	-2.336e-06	3.1936e-07	-3.1936e-07	2.5373e-06	2.8484e-10	-2.5297e-06	3.1942e-07	-3.1946e-07	2.6569e-06	2.6832e-10	-2.6772e-06	3.1944e-07	-3.1946e-07	2.7647e-06	2.5987e-10	-2.7491e-06	3.1936e-07	-3.1942e-07	2.8217e-06	2.5025e-10	-2.8088e-06	3.1948e-07	-3.1952e-07	2.8684e-06	2.431e-10	-2.8593e-06	3.1938e-07	-3.195e-07	2.8714e-06	2.341e-10	-2.8682e-06	3.1936e-07	-3.1946e-07
0.205	2.4816e-07	3.8707e-10	-2.4022e-07	3.1946e-07	-3.1942e-07	1.268e-06	3.6723e-10	-1.2855e-06	3.1942e-07	-3.1944e-07	2.0006e-06	3.4818e-10	-1.9815e-06	3.1938e-07	-3.1938e-07	2.4478e-06	3.3182e-10	-2.441e-06	3.1946e-07	-3.1948e-07	2.7577e-06	3.1641e-10	-2.7497e-06	3.194e-07	-3.1944e-07	2.9905e-06	2.95e-10	-2.9824e-06	3.1938e-07	-3.1946e-07	3.1566e-06	2.8632e-10	-3.159e-06	3.1938e-07	-3.1948e-07	3.2531e-06	2.7659e-10	-3.2415e-06	3.1932e-07	-3.1942e-07	3.3114e-06	2.6879e-10	-3.3301e-06	3.1938e-07	-3.1948e-07	3.3743e-06	2.569e-10	-3.3811e-06	3.1936e-07	-3.1948e-07	3.3685e-06	2.4333e-10	-3.3598e-06	3.194e-07	-3.1952e-07
0.21	2.8092e-07	4.1222e-10	-2.7964e-07	3.195e-07	-3.1952e-07	1.5035e-06	3.8845e-10	-1.5177e-06	3.1948e-07	-3.1952e-07	2.3354e-06	3.6797e-10	-2.3429e-06	3.1938e-07	-3.1942e-07	2.9013e-06	3.4259e-10	-2.8966e-06	3.1942e-07	-3.1948e-07	3.254e-06	3.2989e-10	-3.2739e-06	3.1936e-07	-3.1934e-07	3.5309e-06	3.1878e-10	-3.5302e-06	3.1934e-07	-3.1942e-07	3.7122e-06	3.1049e-10	-3.7262e-06	3.193e-07	-3.1938e-07	3.8116e-06	2.8958e-10	-3.8208e-06	3.1942e-07	-3.1946e-07	3.9277e-06	2.7652e-10	-3.9211e-06	3.1932e-07	-3.194e-07	4.0015e-06	2.7097e-10	-3.9718e-06	3.1932e-07	-3.1946e-07	3.9953e-06	2.6314e-10	-3.9873e-06	3.194e-07	-3.1948e-07
0.215	3.2204e-07	4.3194e-10	-3.1946e-07	3.1944e-07	-3.1948e-07	1.7548e-06	4.1268e-10	-1.7397e-06	3.1944e-07	-3.194e-07	2.7668e-06	3.844e-10	-2.737e-06	3.1944e-07	-3.194e-07	3.3938e-06	3.6872e-10	-3.3894e-06	3.1944e-07	-3.1946e-07	3.8533e-06	3.498e-10	-3.8409e-06	3.1932e-07	-3.1928e-07	4.1607e-06	3.3654e-10	-4.1384e-06	3.194e-07	-3.1942e-07	4.3663e-06	3.1861e-10	-4.3505e-06	3.1936e-07	-3.1944e-07	4.4944e-06	3.0879e-10	-4.5096e-06	3.193e-07	-3.1948e-07	4.6145e-06	3.0231e-10	-4.6232e-06	3.1944e-07	-3.1952e-07	4.6787e-06	2.8892e-10	-4.7002e-06	3.1938e-07	-3.1952e-07	4.6737e-06	2.8276e-10	-4.6856e-06	3.1936e-07	-3.1944e-07
0.22	3.7912e-07	4.6447e-10	-3.7118e-07	3.1948e-07	-3.1946e-07	2.0516e-06	4.323e-10	-2.0673e-06	3.1948e-07	-3.194e-07	3.234e-06	4.0921e-10	-3.2313e-06	3.1944e-07	-3.194e-07	4.0142e-06	3.8794e-10	-3.9996e-06	3.1948e-07	-3.1946e-07	4.5282e-06	3.7422e-10	-4.5339e-06	3.1934e-07	-3.1932e-07	4.8802e-06	3.5349e-10	-4.8779e-06	3.1942e-07	-3.1946e-07	5.1557e-06	3.4224e-10	-5.1414e-06	3.194e-07	-3.1948e-07	5.3173e-06	3.2961e-10	-5.2817e-06	3.193e-07	-3.194e-07	5.4609e-06	3.1617e-10	-5.4316e-06	3.193e-07	-3.1942e-07	5.5706e-06	3.0355e-10	-5.5143e-06	3.1934e-07	-3.1946e-07	5.4903e-06	2.9048e-10	-5.5234e-06	3.1936e-07	-3.1942e-07
0.225	4.1566e-07	4.8788e-10	-4.3004e-07	3.1946e-07	-3.1942e-07	2.4096e-06	4.6226e-10	-2.4145e-06	3.1944e-07	-3.1946e-07	3.7911e-06	4.3624e-10	-3.8378e-06	3.1932e-07	-3.1938e-07	4.6972e-06	4.1079e-10	-4.6948e-06	3.1948e-07	-3.1952e-07	5.3235e-06	3.8889e-10	-5.3213e-06	3.1932e-07	-3.1936e-07	5.7715e-06	3.7972e-10	-5.7277e-06	3.1942e-07	-3.194e-07	6.0554e-06	3.5852e-10	-6.0686e-06	3.1936e-07	-3.194e-07	6.2363e-06	3.448e-10	-6.2403e-06	3.1936e-07	-3.194e-07	6.4155e-06	3.3135e-10	-6.3989e-06	3.1936e-07	-3.1936e-07	6.5136e-06	3.2649e-10	-6.4749e-06	3.193e-07	-3.1942e-07	6.5182e-06	3.1616e-10	-6.4892e-06	3.1936e-07	-3.1942e-07
0.23	4.549e-07	5.1701e-10	-4.5284e-07	3.1948e-07	-3.1944e-07	2.7778e-06	4.8325e-10	-2.7941e-06	3.1946e-07	-3.1942e-07	4.4856e-06	4.5822e-10	-4.4887e-06	3.194e-07	-3.194e-07	5.5266e-06	4.4048e-10	-5.5204e-06	3.1948e-07	-3.1942e-07	6.2678e-06	4.1722e-10	-6.2445e-06	3.1938e-07	-3.1938e-07	6.7497e-06	3.9463e-10	-6.7868e-06	3.1934e-07	-3.1946e-07	7.1154e-06	3.8074e-10	-7.1379e-06	3.1936e-07	-3.1942e-07	7.3688e-06	3.6834e-10	-7.3755e-06	3.1936e-07	-3.1944e-07	7.5465e-06	3.5719e-10	-7.5378e-06	3.1934e-07	-3.1948e-07	7.644e-06	3.4012e-10	-7.6527e-06	3.1938e-07	-3.1948e-07	7.66e-06	3.2897e-10	-7.6753e-06	3.193e-07	-3.1948e-07
0.235	5.2786e-07	5.5063e-10	-5.4318e-07	3.1942e-07	-3.1936e-07	3.2936e-06	5.1312e-10	-3.2468e-06	3.1938e-07	-3.1942e-07	5.1847e-06	4.8645e-10	-5.1835e-06	3.195e-07	-3.1946e-07	6.4372e-06	4.5972e-10	-6.469e-06	3.1936e-07	-3.1942e-07	7.3427e-06	4.4044e-10	-7.3266e-06	3.1934e-07	-3.1936e-07	7.9106e-06	4.1945e-10	-7.9521e-06	3.1936e-07	-3.194e-07	8.3658e-06	4.0686e-10	-8.3234e-06	3.1936e-07	-3.1942e-07	8.6676e-06	3.9207e-10	-8.6492e-06	3.194e-07	-3.194e-07	8.8352e-06	3.7485e-10	-8.8674e-06	3.194e-07	-3.1942e-07	9.0133e-06	3.633e-10	-8.9979e-06	3.1934e-07	-3.1946e-07	9.0384e-06	3.5317e-10	-8.9819e-06	3.1926e-07	-3.1944e-07
0.24	5.7216e-07	5.761e-10	-5.7634e-07	3.195e-07	-3.1944e-07	3.7871e-06	5.4719e-10	-3.7963e-06	3.1944e-07	-3.1942e-07	6.0706e-06	5.1546e-10	-6.0637e-06	3.1952e-07	-3.195e-07	7.5569e-06	4.8986e-10	-7.5298e-06	3.1946e-07	-3.1936e-07	8.577e-06	4.6449e-10	-8.6145e-06	3.1934e-07	-3.194e-07	9.3488e-06	4.4681e-10	-9.3615e-06	3.1946e-07	-3.1942e-07	9.8358e-06	4.272e-10	-9.9196e-06	3.1936e-07	-3.1944e-07	1.01638e-05	4.1185e-10	-1.02282e-05	3.1936e-07	-3.1942e-07	1.03984e-05	3.9927e-10	-1.04151e-05	3.1936e-07	-3.1948e-07	1.05446e-05	3.8579e-10	-1.06161e-05	3.1936e-07	-3.1942e-07	1.0609e-05	3.75e-10	-1.05986e-05	3.1934e-07	-3.1954e-07
0.245	5.9108e-07	6.1454e-10	-5.9484e-07	3.195e-07	-3.1948e-07	4.4435e-06	5.7141e-10	-4.3667e-06	3.1948e-07	-3.194e-07	7.0624e-06	5.4298e-10	-7.0503e-06	3.1952e-07	-3.1952e-07	8.8549e-06	5.1666e-10	-8.885e-06	3.1938e-07	-3.194e-07	1.00364e-05	4.9612e-10	-1.00697e-05	3.1936e-07	-3.1934e-07	1.09337e-05	4.7087e-10	-1.09082e-05	3.1938e-07	-3.1942e-07	1.154e-05	4.5109e-10	-1.15654e-05	3.1944e-07	-3.1942e-07	1.193e-05	4.3464e-10	-1.1888e-05	3.1938e-07	-3.1942e-07	1.2268e-05	4.2493e-10	-1.2218e-05	3.1936e-07	-3.1944e-07	1.2362e-05	4.1018e-10	-1.2406e-05	3.1936e-07	-3.1946e-07	1.242e-05	3.9481e-10	-1.2424e-05	3.1932e-07	-3.194e-07
0.25	6.4044e-07	6.4842e-10	-6.4552e-07	3.1938e-07	-3.194e-07	5.114e-06	6.1575e-10	-5.1469e-06	3.1948e-07	-3.1948e-07	8.2885e-06	5.8401e-10	-8.2665e-06	3.1936e-07	-3.1942e-07	1.03576e-05	5.4841e-10	-1.02774e-05	3.1936e-07	-3.1936e-07	1.1792e-05	5.2519e-10	-1.1822e-05	3.1938e-07	-3.194e-07	1.2856e-05	5.0207e-10	-1.2838e-05	3.1936e-07	-3.1948e-07	1.3512e-05	4.8675e-10	-1.3562e-05	3.1932e-07	-3.1942e-07	1.3974e-05	4.624e-10	-1.3994e-05	3.1938e-07	-3.1942e-07	1.4296e-05	4.4776e-10	-1.4288e-05	3.1936e-07	-3.1952e-07	1.4498e-05	4.353e-10	-1.4512e-05	3.1942e-07	-3.1948e-07	1.4642e-05	4.284e-10	-1.464e-05	3.1936e-07	-3.1946e-07
0.255	6.5172e-07	6.8759e-10	-6.6926e-07	3.1948e-07	-3.1936e-07	5.9389e-06	6.4788e-10	-5.9428e-06	3.1948e-07	-3.1952e-07	9.6091e-06	6.1591e-10	-9.5877e-06	3.1942e-07	-3.1936e-07	1.2106e-05	5.8355e-10	-1.2056e-05	3.1938e-07	-3.1936e-07	1.3756e-05	5.5719e-10	-1.3728e-05	3.1942e-07	-3.194e-07	1.501e-05	5.3067e-10	-1.496e-05	3.1932e-07	-3.1944e-07	1.57e-05	5.087e-10	-1.5756e-05	3.194e-07	-3.1942e-07	1.638e-05	4.9299e-10	-1.6338e-05	3.1944e-07	-3.1948e-07	1.6736e-05	4.7602e-10	-1.6744e-05	3.195e-07	-3.195e-07	1.6972e-05	4.616e-10	-1.7056e-05	3.1934e-07	-3.1948e-07	1.7184e-05	4.4355e-10	-1.7126e-05	3.1936e-07	-3.1944e-07
0.26	7.069e-07	7.3413e-10	-7.0452e-07	3.1954e-07	-3.1944e-07	6.8937e-06	6.8421e-10	-6.8033e-06	3.195e-07	-3.1938e-07	1.12185e-05	6.4749e-10	-1.12483e-05	3.1932e-07	-3.1936e-07	1.4138e-05	6.1669e-10	-1.4062e-05	3.1938e-07	-3.1942e-07	1.6092e-05	5.933e-10	-1.6132e-05	3.194e-07	-3.1942e-07	1.7444e-05	5.6541e-10	-1.7542e-05	3.1946e-07	-3.1942e-07	1.8574e-05	5.4271e-10	-1.8558e-05	3.1942e-07	-3.194e-07	1.9132e-05	5.2362e-10	-1.9168e-05	3.1942e-07	-3.1954e-07	1.9664e-05	5.0969e-10	-1.9626e-05	3.1942e-07	-3.1954e-07	1.9932e-05	4.9319e-10	-1.9864e-05	3.1936e-07	-3.1948e-07	2.0062e-05	4.7981e-10	-2.0064e-05	3.1934e-07	-3.195e-07
0.265	6.7658e-07	7.7078e-10	-6.8018e-07	3.1944e-07	-3.1944e-07	7.8711e-06	7.3555e-10	-7.8763e-06	3.1938e-07	-3.1948e-07	1.3136e-05	6.9037e-10	-1.3042e-05	3.1942e-07	-3.1936e-07	1.6376e-05	6.5684e-10	-1.6374e-05	3.194e-07	-3.1942e-07	1.867e-05	6.2221e-10	-1.8754e-05	3.1938e-07	-3.1938e-07	2.0378e-05	5.9938e-10	-2.0358e-05	3.1936e-07	-3.194e-07	2.1568e-05	5.7468e-10	-2.149e-05	3.1942e-07	-3.1942e-07	2.2402e-05	5.5493e-10	-2.2376e-05	3.1948e-07	-3.1954e-07	2.2946e-05	5.3206e-10	-2.2964e-05	3.1932e-07	-3.1948e-07	2.3266e-05	5.2045e-10	-2.3322e-05	3.1936e-07	-3.195e-07	2.3508e-05	5.0415e-10	-2.3518e-05	3.1942e-07	-3.1954e-07
0.27	6.3002e-07	8.2062e-10	-6.3336e-07	3.1948e-07	-3.1946e-07	9.0736e-06	7.6971e-10	-9.0493e-06	3.195e-07	-3.195e-07	1.5054e-05	7.3076e-10	-1.5042e-05	3.1936e-07	-3.1936e-07	1.903e-05	6.9708e-10	-1.9096e-05	3.1948e-07	-3.1942e-07	2.1942e-05	6.648e-10	-2.1846e-05	3.1938e-07	-3.1938e-07	2.3808e-05	6.316e-10	-2.372e-05	3.193e-07	-3.1936e-07	2.528e-05	6.119e-10	-2.5242e-05	3.1936e-07	-3.1946e-07	2.6096e-05	5.9132e-10	-2.6118e-05	3.1938e-07	-3.1952e-07	2.6822e-05	5.7646e-10	-2.6794e-05	3.1934e-07	-3.1944e-07	2.7218e-05	5.5769e-10	-2.719e-05	3.1936e-07	-3.1944e-07	2.7404e-05	5.3011e-10	-2.7416e-05	3.1944e-07	-3.1958e-07
0.275	5.9642e-07	8.6862e-10	-6.0048e-07	3.1946e-07	-3.194e-07	1.04355e-05	8.216e-10	-1.04613e-05	3.1946e-07	-3.1942e-07	1.7354e-05	7.7705e-10	-1.7362e-05	3.1938e-07	-3.1944e-07	2.205e-05	7.4158e-10	-2.1962e-05	3.1934e-07	-3.1936e-07	2.5356e-05	7.0386e-10	-2.5366e-05	3.1936e-07	-3.1936e-07	2.7618e-05	6.7894e-10	-2.7654e-05	3.1942e-07	-3.1942e-07	2.9378e-05	6.5058e-10	-2.934e-05	3.194e-07	-3.1942e-07	3.0426e-05	6.2416e-10	-3.0438e-05	3.1946e-07	-3.1954e-07	3.1286e-05	6.0275e-10	-3.1286e-05	3.1938e-07	-3.1946e-07	3.1742e-05	5.8594e-10	-3.1724e-05	3.1932e-07	-3.1946e-07	3.1914e-05	5.7791e-10	-3.2028e-05	3.1938e-07	-3.1948e-07
0.28	4.9648e-07	9.1798e-10	-4.978e-07	3.1944e-07	-3.1948e-07	1.201e-05	8.6045e-10	-1.183e-05	3.1952e-07	-3.1948e-07	2.009e-05	8.2067e-10	-2.0022e-05	3.1936e-07	-3.1938e-07	2.5536e-05	7.7873e-10	-2.5576e-05	3.1932e-07	-3.1934e-07	2.9446e-05	7.4768e-10	-2.9482e-05	3.1936e-07	-3.1936e-07	3.2098e-05	7.1543e-10	-3.2014e-05	3.1936e-07	-3.1944e-07	3.4148e-05	6.8894e-10	-3.4138e-05	3.1938e-07	-3.194e-07	3.537e-05	6.6623e-10	-3.535e-05	3.1942e-07	-3.196e-07	3.6388e-05	6.4521e-10	-3.6304e-05	3.1932e-07	-3.194e-07	3.7016e-05	6.2628e-10	-3.6994e-05	3.1932e-07	-3.1942e-07	3.7328e-05	5.9838e-10	-3.737e-05	3.194e-07	-3.1954e-07
0.285	3.7776e-07	9.7588e-10	-3.8978e-07	3.1952e-07	-3.1948e-07	1.3604e-05	9.1849e-10	-1.3718e-05	3.1938e-07	-3.1942e-07	2.3066e-05	8.7386e-10	-2.298e-05	3.1942e-07	-3.1938e-07	2.9614e-05	8.3168e-10	-2.9636e-05	3.1936e-07	-3.1942e-07	3.4262e-05	7.9883e-10	-3.4202e-05	3.194e-07	-3.1938e-07	3.747e-05	7.6102e-10	-3.7434e-05	3.1938e-07	-3.1942e-07	3.9772e-05	7.3365e-10	-3.9656e-05	3.1938e-07	-3.1948e-07	4.1226e-05	7.091e-10	-4.1282e-05	3.1942e-07	-3.1954e-07	4.2462e-05	6.8902e-10	-4.2388e-05	3.195e-07	-3.1944e-07	4.3134e-05	6.6624e-10	-4.3156e-05	3.1932e-07	-3.1944e-07	4.3504e-05	6.4676e-10	-4.3464e-05	3.1942e-07	-3.1954e-07
0.29	1.9918e-07	1.03274e-09	-1.9436e-07	3.1948e-07	-3.1946e-07	1.5692e-05	9.7712e-10	-1.5636e-05	3.1932e-07	-3.1934e-07	2.6544e-05	9.2647e-10	-2.664e-05	3.1938e-07	-3.194e-07	3.432e-05	8.7844e-10	-3.422e-05	3.1938e-07	-3.1942e-07	3.9648e-05	8.382e-10	-3.9588e-05	3.1938e-07	-3.1944e-07	4.3296e-05	8.0855e-10	-4.3308e-05	3.1942e-07	-3.1946e-07	4.5948e-05	7.7411e-10	-4.6132e-05	3.1938e-07	-3.194e-07	4.7972e-05	7.4616e-10	-4.7896e-05	3.1942e-07	-3.1952e-07	4.9196e-05	7.1908e-10	-4.9168e-05	3.1942e-07	-3.195e-07	5.0066e-05	7.0396e-10	-5.0116e-05	3.1936e-07	-3.1952e-07	5.065e-05	6.81e-10	-5.0676e-05	3.1944e-07	-3.196e-07
0.295	-7.96036e-08	1.09196e-09	1.12936e-07	3.1942e-07	-3.1946e-07	1.7864e-05	1.02857e-09	-1.7806e-05	3.1936e-07	-3.1932e-07	3.0654e-05	9.8061e-10	-3.0698e-05	3.1934e-07	-3.1942e-07	3.95e-05	9.3082e-10	-3.9564e-05	3.1934e-07	-3.1936e-07	4.6032e-05	8.9249e-10	-4.5832e-05	3.1934e-07	-3.1936e-07	5.04e-05	8.5098e-10	-5.0246e-05	3.194e-07	-3.1946e-07	5.355e-05	8.2121e-10	-5.3572e-05	3.1938e-07	-3.194e-07	5.5718e-05	8.0036e-10	-5.563e-05	3.1944e-07	-3.1948e-07	5.7164e-05	7.7599e-10	-5.7308e-05	3.1944e-07	-3.1952e-07	5.8436e-05	7.5185e-10	-5.8368e-05	3.194e-07	-3.1952e-07	5.9036e-05	7.1928e-10	-5.9164e-05	3.1944e-07	-3.1954e-07
0.3	3.9086e-07	1.1588e-09	2.5236e-07	3.1952e-07	-3.1948e-07	2.0232e-05	1.09355e-09	-2.028e-05	3.1936e-07	-3.1934e-07	3.513e-05	1.0387e-09	-3.5178e-05	3.1938e-07	-3.1936e-07	4.559e-05	9.9738e-10	-4.572e-05	3.1938e-07	-3.1938e-07	5.31e-05	9.4578e-10	-5.2976e-05	3.1928e-07	-3.1936e-07	5.83e-05	9.0745e-10	-5.826e-05	3.1938e-07	-3.1946e-07	6.1994e-05	8.7704e-10	-6.203e-05	3.1932e-07	-3.1942e-07	6.472e-05	8.4052e-10	-6.4628e-05	3.194e-07	-3.1952e-07	6.6382e-05	8.145e-10	-6.634e-05	3.1938e-07	-3.1948e-07	6.774e-05	7.9425e-10	-6.7744e-05	3.194e-07	-3.1946e-07	6.8608e-05	7.6922e-10	-6.8544e-05	3.1942e-07	-3.1952e-07
0.305	-6.2766e-07	1.2306e-09	6.5794e-07	3.1944e-07	-3.1942e-07	2.325e-05	1.157e-09	-2.3152e-05	3.1938e-07	-3.1938e-07	4.0414e-05	1.09761e-09	-4.06e-05	3.194e-07	-3.1936e-07	5.2706e-05	1.04384e-09	-5.2586e-05	3.1936e-07	-3.1934e-07	6.1512e-05	1.00069e-09	-6.1432e-05	3.1938e-07	-3.194e-07	6.7682e-05	9.6238e-10	-6.7528e-05	3.1938e-07	-3.1942e-07	7.2084e-05	9.2499e-10	-7.189e-05	3.193e-07	-3.1942e-07	7.5086e-05	8.9611e-10	-7.5114e-05	3.1942e-07	-3.1948e-07	7.71e-05	8.6771e-10	-7.7088e-05	3.1942e-07	-3.195e-07	7.8778e-05	8.4416e-10	-7.8798e-05	3.1928e-07	-3.195e-07	7.9818e-05	8.1475e-10	-7.9864e-05	3.1946e-07	-3.1956e-07
0.31	-1.01456e-06	1.2997e-09	1.0548e-06	3.195e-07	-3.195e-07	2.6284e-05	1.231e-09	-2.645e-05	3.194e-07	-3.1942e-07	4.651e-05	1.1639e-09	-4.6412e-05	3.194e-07	-3.1938e-07	6.0584e-05	1.11369e-09	-6.0588e-05	3.1938e-07	-3.1938e-07	7.1018e-05	1.06965e-09	-7.0712e-05	3.1944e-07	-3.1936e-07	7.8014e-05	1.01959e-09	-7.8092e-05	3.194e-07	-3.194e-07	8.3438e-05	9.8451e-10	-8.3186e-05	3.1934e-07	-3.1944e-07	8.6874e-05	9.5097e-10	-8.7002e-05	3.195e-07	-3.1948e-07	8.957e-05	9.2455e-10	-8.9566e-05	3.1932e-07	-3.195e-07	9.137e-05	8.9669e-10	-9.1288e-05	3.1938e-07	-3.1954e-07	9.2596e-05	8.6234e-10	-9.2536e-05	3.1946e-07	-3.195e-07
0.315	-1.6664e-06	1.3803e-09	1.7324e-06	3.1936e-07	-3.1942e-07	3.004e-05	1.2964e-09	-3.0104e-05	3.194e-07	-3.1934e-07	5.333e-05	1.2378e-09	-5.329e-05	3.1944e-07	-3.1944e-07	7.0114e-05	1.1783e-09	-6.9924e-05	3.1936e-07	-3.1938e-07	8.174e-05	1.12467e-09	-8.1866e-05	3.1938e-07	-3.1942e-07	9.0418e-05	1.08485e-09	-9.037e-05	3.1936e-07	-3.194e-07	9.6518e-05	1.0436e-09	-9.6504e-05	3.193e-07	-3.194e-07	0.000100758	1.00479e-09	-0.000100756	3.194e-07	-3.1952e-07	0.000103864	9.7455e-10	-0.00010378	3.1938e-07	-3.1942e-07	0.000106	9.4853e-10	-0.000106004	3.1932e-07	-3.1948e-07	0.00010737	9.194e-10	-0.000107382	3.1944e-07	-3.1948e-07
0.32	-2.2954e-06	1.4613e-09	2.3702e-06	3.1944e-07	-3.194e-07	3.4436e-05	1.3756e-09	-3.4322e-05	3.1938e-07	-3.193e-07	6.113e-05	1.3034e-09	-6.111e-05	3.1934e-07	-3.194e-07	8.0482e-05	1.246e-09	-8.0462e-05	3.1938e-07	-3.194e-07	9.435e-05	1.1934e-09	-9.442e-05	3.1934e-07	-3.1934e-07	0.00010474	1.1459e-09	-0.000104204	3.1942e-07	-3.1952e-07	0.000111458	1.1051e-09	-0.000111364	3.1934e-07	-3.1946e-07	0.00011694	1.06506e-09	-0.00011654	3.1946e-07	-3.1948e-07	0.00012056	1.03292e-09	-0.00012008	3.1932e-07	-3.1946e-07	0.00012306	1.0053e-09	-0.00012264	3.1932e-07	-3.1948e-07	0.00012484	9.6576e-10	-0.0001245	3.1944e-07	-3.1954e-07
0.325	-3.0495e-06	1.5412e-09	3.0509e-06	3.195e-07	-3.1944e-07	3.91e-05	1.4575e-09	-3.9194e-05	3.1934e-07	-3.1934e-07	6.9956e-05	1.3868e-09	-6.998e-05	3.1938e-07	-3.1934e-07	9.258e-05	1.3167e-09	-9.2504e-05	3.1936e-07	-3.1944e-07	0.000108796	1.2667e-09	-0.000108808	3.1932e-07	-3.194e-07	0.00012082	1.2134e-09	-0.0001205	3.1946e-07	-3.1948e-07	0.00012942	1.1734e-09	-0.00012888	3.1938e-07	-3.1942e-07	0.0001353	1.1343e-09	-0.0001348	3.195e-07	-3.1954e-07	0.00013936	1.09356e-09	-0.00013912	3.1936e-07	-3.1944e-07	0.0001425	1.07046e-09	-0.00014204	3.1932e-07	-3.194e-07	0.00014468	1.02974e-09	-0.00014442	3.194e-07	-3.1948e-07
0.33	-3.6832e-06	1.6328e-09	3.8546e-06	3.1944e-07	-3.1946e-07	4.475e-05	1.5432e-09	-4.4622e-05	3.194e-07	-3.1942e-07	8.0032e-05	1.4656e-09	-8.0046e-05	3.1932e-07	-3.193e-07	0.000106294	1.3986e-09	-0.000106374	3.1936e-07	-3.194e-07	0.00012538	1.3372e-09	-0.00012512	3.1936e-07	-3.1942e-07	0.00013906	1.2874e-09	-0.00013866	3.1942e-07	-3.1952e-07	0.00014878	1.2399e-09	-0.00014852	3.1936e-07	-3.1938e-07	0.00015566	1.195e-09	-0.0001555	3.1944e-07	-3.195e-07	0.000161	1.1596e-09	-0.00016052	3.193e-07	-3.194e-07	0.00016462	1.1331e-09	-0.00016416	3.1936e-07	-3.1946e-07	0.00016716	1.09436e-09	-0.00016668	3.1942e-07	-3.1954e-07
0.335	-4.6956e-06	1.7341e-09	4.6142e-06	3.1954e-07	-3.1946e-07	5.0766e-05	1.635e-09	-5.0824e-05	3.1944e-07	-3.194e-07	9.1814e-05	1.5476e-09	-9.1716e-05	3.1938e-07	-3.1938e-07	0.00012232	1.4793e-09	-0.0001221	3.1938e-07	-3.1942e-07	0.00014426	1.4192e-09	-0.00014364	3.1938e-07	-3.1936e-07	0.00016	1.3577e-09	-0.00015978	3.1948e-07	-3.1946e-07	0.00017152	1.3128e-09	-0.00017122	3.1936e-07	-3.1942e-07	0.00017984	1.2736e-09	-0.00017938	3.1938e-07	-3.1944e-07	0.00018592	1.2342e-09	-0.00018542	3.1932e-07	-3.194e-07	0.00019018	1.1998e-09	-0.0001897	3.1936e-07	-3.1946e-07	0.00019334	1.1618e-09	-0.00019266	3.193e-07	-3.1938e-07
0.34	-5.5744e-06	1.8281e-09	5.433e-06	3.1948e-07	-3.1942e-07	5.7736e-05	1.7222e-09	-5.7732e-05	3.1944e-07	-3.1942e-07	0.000104536	1.6397e-09	-0.000104526	3.1938e-07	-3.1942e-07	0.00013988	1.5669e-09	-0.00013948	3.1936e-07	-3.1934e-07	0.00016518	1.5017e-09	-0.00016476	3.1936e-07	-3.194e-07	0.0001837	1.4426e-09	-0.00018328	3.1946e-07	-3.1948e-07	0.00019712	1.3915e-09	-0.0001967	3.1936e-07	-3.1944e-07	0.00020658	1.3457e-09	-0.00020642	3.1942e-07	-3.1958e-07	0.00021404	1.3018e-09	-0.0002135	3.1936e-07	-3.1948e-07	0.00021886	1.2702e-09	-0.00021848	3.1938e-07	-3.1942e-07	0.00022252	1.2197e-09	-0.00022212	3.1932e-07	-3.1942e-07
0.345	-6.5782e-06	1.9376e-09	6.6176e-06	3.1944e-07	-3.1946e-07	6.5438e-05	1.8322e-09	-6.557e-05	3.1944e-07	-3.1942e-07	0.0001199	1.7372e-09	-0.00011948	3.195e-07	-3.1944e-07	0.00015974	1.6559e-09	-0.0001595	3.1932e-07	-3.1938e-07	0.00018928	1.5814e-09	-0.00018872	3.1936e-07	-3.1934e-07	0.00021078	1.5213e-09	-0.00021036	3.1942e-07	-3.1942e-07	0.00022638	1.4656e-09	-0.00022598	3.1936e-07	-3.1938e-07	0.00023788	1.4226e-09	-0.0002376	3.1944e-07	-3.1936e-07	0.00024602	1.3798e-09	-0.00024576	3.1928e-07	-3.1948e-07	0.0002522	1.3477e-09	-0.00025174	3.1938e-07	-3.1952e-07	0.0002565	1.2988e-09	-0.00025598	3.1936e-07	-3.1948e-07
0.35	-7.6759e-06	2.0513e-09	7.6862e-06	3.1948e-07	-3.1942e-07	7.4078e-05	1.9332e-09	-7.3876e-05	3.1948e-07	-3.195e-07	0.00013604	1.8348e-09	-0.00013558	3.1944e-07	-3.1946e-07	0.00018198	1.7536e-09	-0.00018178	3.1938e-07	-3.1936e-07	0.000216	1.6841e-09	-0.00021574	3.1938e-07	-3.1942e-07	0.00024098	1.6073e-09	-0.00024052	3.1946e-07	-3.194e-07	0.0002592	1.5551e-09	-0.00025862	3.1944e-07	-3.1952e-07	0.0002724	1.5035e-09	-0.00027216	3.1944e-07	-3.1956e-07	0.0002822	1.4607e-09	-0.00028184	3.1932e-07	-3.1942e-07	0.00028942	1.4249e-09	-0.00028902	3.194e-07	-3.1944e-07	0.0002944	1.3719e-09	-0.0002939	3.1936e-07	-3.1952e-07
0.355	-8.945e-06	2.1636e-09	9.0045e-06	3.1946e-07	-3.1942e-07	8.3922e-05	2.0448e-09	-8.3796e-05	3.1952e-07	-3.1942e-07	0.00015416	1.9441e-09	-0.00015398	3.1938e-07	-3.1938e-07	0.00020718	1.8518e-09	-0.00020684	3.1938e-07	-3.1938e-07	0.0002464	1.7716e-09	-0.00024576	3.1942e-07	-3.194e-07	0.00027514	1.7045e-09	-0.00027478	3.1944e-07	-3.1944e-07	0.00029658	1.6429e-09	-0.0002965	3.195e-07	-3.1952e-07	0.00031204	1.5873e-09	-0.0003119	3.1938e-07	-3.1946e-07	0.00032358	1.5396e-09	-0.00032318	3.1932e-07	-3.194e-07	0.00033196	1.5028e-09	-0.00033152	3.1936e-07	-3.194e-07	0.0003379	1.4508e-09	-0.00033746	3.194e-07	-3.1948e-07
0.36	-1.02201e-05	2.2913e-09	1.0185e-05	3.1948e-07	-3.1936e-07	9.4248e-05	2.166e-09	-9.4298e-05	3.1942e-07	-3.1946e-07	0.00017418	2.0577e-09	-0.00017368	3.1946e-07	-3.1942e-07	0.00023452	1.9505e-09	-0.00023442	3.1938e-07	-3.1936e-07	0.00027958	1.883e-09	-0.00027934	3.1942e-07	-3.1946e-07	0.00031316	1.7981e-09	-0.00031264	3.1946e-07	-3.1946e-07	0.00033758	1.7338e-09	-0.00033754	3.1942e-07	-3.1952e-07	0.000356	1.681e-09	-0.0003557	3.1938e-07	-3.195e-07	0.00036946	1.6328e-09	-0.0003691	3.1936e-07	-3.1944e-07	0.00037904	1.5894e-09	-0.00037866	3.1934e-07	-3.1948e-07	0.00038642	1.5364e-09	-0.000386	3.1944e-07	-3.1952e-07
0.365	-1.15001e-05	2.4228e-09	1.15008e-05	3.1944e-07	-3.1946e-07	0.00010615	2.2939e-09	-0.000106138	3.1948e-07	-3.1946e-07	0.00019672	2.1687e-09	-0.00019656	3.1944e-07	-3.194e-07	0.00026568	2.0665e-09	-0.00026546	3.1934e-07	-3.194e-07	0.00031746	1.9857e-09	-0.00031698	3.1942e-07	-3.1954e-07	0.00035594	1.899e-09	-0.00035572	3.1946e-07	-3.1946e-07	0.0003845	1.8375e-09	-0.00038442	3.1952e-07	-3.1956e-07	0.00040574	1.7771e-09	-0.00040536	3.1934e-07	-3.1948e-07	0.00042124	1.7228e-09	-0.00042086	3.1932e-07	-3.1938e-07	0.0004332	1.6788e-09	-0.00043238	3.1932e-07	-3.1946e-07	0.00044156	1.6178e-09	-0.00044102	3.1942e-07	-3.1952e-07
0.37	-1.2446e-05	2.5594e-09	1.1776e-05	3.1944e-07	-3.194e-07	0.0001193	2.4191e-09	-0.00011908	3.1948e-07	-3.195e-07	0.00022118	2.2932e-09	-0.00022074	3.1932e-07	-3.1936e-07	0.0002993	2.1824e-09	-0.00029912	3.194e-07	-3.1942e-07	0.00035866	2.0836e-09	-0.00035794	3.1944e-07	-3.1952e-07	0.00040268	2.008e-09	-0.00040224	3.1942e-07	-3.1944e-07	0.0004359	1.9354e-09	-0.00043528	3.1942e-07	-3.1958e-07	0.0004602	1.8754e-09	-0.00046002	3.195e-07	-3.1948e-07	0.00047826	1.818e-09	-0.0004782	3.1932e-07	-3.194e-07	0.0004924	1.7711e-09	-0.00049154	3.1938e-07	-3.194e-07	0.0005019	1.716e-09	-0.00050124	3.194e-07	-3.1954e-07
0.375	-1.4974e-05	2.7048e-09	1.4752e-05	3.1944e-07	-3.195e-07	0.00013352	2.5578e-09	-0.00013304	3.1946e-07	-3.194e-07	0.00024786	2.4191e-09	-0.000248	3.1936e-07	-3.1926e-07	0.00033706	2.3085e-09	-0.00033684	3.1936e-07	-3.1936e-07	0.00040376	2.2125e-09	-0.00040426	3.1944e-07	-3.1948e-07	0.00045526	2.1156e-09	-0.0004546	3.1944e-07	-3.195e-07	0.00049342	2.0487e-09	-0.00049298	3.194e-07	-3.1948e-07	0.0005218	1.9809e-09	-0.0005214	3.194e-07	-3.195e-07	0.00054292	1.9218e-09	-0.00054254	3.1938e-07	-3.194e-07	0.0005588	1.8775e-09	-0.00055842	3.1936e-07	-3.1946e-07	0.00057008	1.8051e-09	-0.00057008	3.1938e-07	-3.1948e-07
0.38	-1.6576e-05	2.8533e-09	1.665e-05	3.195e-07	-3.1946e-07	0.00014842	2.7008e-09	-0.00014792	3.1946e-07	-3.1948e-07	0.00027718	2.5582e-09	-0.00027644	3.193e-07	-3.1936e-07	0.00037754	2.4381e-09	-0.0003771	3.1942e-07	-3.194e-07	0.00045358	2.3282e-09	-0.00045322	3.1938e-07	-3.194e-07	0.00051198	2.2389e-09	-0.00051132	3.1934e-07	-3.1936e-07	0.00055584	2.1552e-09	-0.00055556	3.195e-07	-3.1952e-07	0.00058852	2.086e-09	-0.00058856	3.1944e-07	-3.1946e-07	0.00061336	2.0224e-09	-0.00061312	3.193e-07	-3.1938e-07	0.00063152	1.9693e-09	-0.00063144	3.1932e-07	-3.1942e-07	0.0006453	1.9072e-09	-0.000645	3.1938e-07	-3.1952e-07
0.385	-1.847e-05	3.0198e-09	1.8466e-05	3.195e-07	-3.1942e-07	0.00016484	2.8537e-09	-0.0001646	3.195e-07	-3.195e-07	0.00030914	2.7003e-09	-0.00030832	3.1932e-07	-3.1934e-07	0.00042186	2.5718e-09	-0.00042124	3.1934e-07	-3.1928e-07	0.0005088	2.4628e-09	-0.00050824	3.1946e-07	-3.1948e-07	0.0005748	2.3587e-09	-0.00057458	3.1942e-07	-3.194e-07	0.00062516	2.2757e-09	-0.00062468	3.1946e-07	-3.1958e-07	0.00066322	2.2062e-09	-0.00066314	3.1942e-07	-3.1954e-07	0.00069186	2.1364e-09	-0.00069128	3.1926e-07	-3.1946e-07	0.00071294	2.083e-09	-0.00071246	3.1944e-07	-3.1946e-07	0.00072872	2.0163e-09	-0.00072846	3.1946e-07	-3.1952e-07
0.39	-2.0458e-05	3.1996e-09	2.05e-05	3.1944e-07	-3.194e-07	0.00018208	3.0078e-09	-0.00018184	3.1938e-07	-3.1944e-07	0.00034266	2.8508e-09	-0.00034242	3.193e-07	-3.1936e-07	0.00046926	2.7099e-09	-0.0004683	3.1942e-07	-3.1938e-07	0.0005664	2.5997e-09	-0.00056638	3.1952e-07	-3.1946e-07	0.00064246	2.4912e-09	-0.000642	3.194e-07	-3.1942e-07	0.00069982	2.4012e-09	-0.00069958	3.1946e-07	-3.1958e-07	0.00074402	2.321e-09	-0.0007427	3.195e-07	-3.1954e-07	0.00077638	2.2503e-09	-0.000776	3.193e-07	-3.1942e-07	0.0008011	2.1913e-09	-0.00080124	3.194e-07	-3.1946e-07	0.00081972	2.1154e-09	-0.00081944	3.1942e-07	-3.1958e-07
0.395	-2.2492e-05	3.3601e-09	2.2696e-05	3.1944e-07	-3.1936e-07	0.00020102	3.1768e-09	-0.0002009	3.1946e-07	-3.1952e-07	0.00037904	3.0082e-09	-0.00037884	3.193e-07	-3.193e-07	0.00052104	2.8678e-09	-0.00052056	3.1944e-07	-3.1942e-07	0.00063092	2.7366e-09	-0.00063058	3.1946e-07	-3.1944e-07	0.00071678	2.6292e-09	-0.00071622	3.1936e-07	-3.194e-07	0.00078276	2.527e-09	-0.00078206	3.1952e-07	-3.1952e-07	0.00083204	2.449e-09	-0.00083204	3.1938e-07	-3.195e-07	0.00087116	2.3711e-09	-0.00086928	3.1934e-07	-3.194e-07	0.0008994	2.3042e-09	-0.00089846	3.193e-07	-3.1944e-07	0.00092042	2.2416e-09	-0.00091974	3.1946e-07	-3.1952e-07
0.4	-2.4658e-05	3.5438e-09	2.4796e-05	3.1946e-07	-3.1942e-07	0.00022062	3.3536e-09	-0.00022064	3.1938e-07	-3.1936e-07	0.00041748	3.1741e-09	-0.0004177	3.1936e-07	-3.1938e-07	0.00057512	3.0174e-09	-0.00057536	3.194e-07	-3.1936e-07	0.00069898	2.8873e-09	-0.0006984	3.1942e-07	-3.1954e-07	0.00079564	2.7637e-09	-0.000795	3.1936e-07	-3.1946e-07	0.00087018	2.6694e-09	-0.00087	3.1942e-07	-3.1948e-07	0.00092726	2.584e-09	-0.00092684	3.194e-07	-3.195e-07	0.0009703	2.493e-09	-0.0009701	3.193e-07	-3.1938e-07	0.00100398	2.4326e-09	-0.00100318	3.1938e-07	-3.1952e-07	0.0010282	2.3501e-09	-0.00102838	3.1938e-07	-3.1948e-07
0.405	-2.7136e-05	3.7348e-09	2.6958e-05	3.1944e-07	-3.1944e-07	0.00024196	3.5323e-09	-0.00024166	3.1946e-07	-3.1938e-07	0.00045914	3.349e-09	-0.00045876	3.1926e-07	-3.193e-07	0.00063388	3.2033e-09	-0.00063482	3.1936e-07	-3.1942e-07	0.00077246	3.0456e-09	-0.00077236	3.1944e-07	-3.1946e-07	0.00088112	2.9214e-09	-0.00088152	3.1938e-07	-3.1944e-07	0.0009657	2.8092e-09	-0.0009657	3.195e-07	-3.1948e-07	0.00103114	2.713e-09	-0.00103098	3.1946e-07	-3.1948e-07	0.00108106	2.6281e-09	-0.00108024	3.1936e-07	-3.194e-07	0.00111906	2.5546e-09	-0.00111882	3.1946e-07	-3.1948e-07	0.0011484	2.4719e-09	-0.00114728	3.194e-07	-3.1954e-07
0.41	-2.9366e-05	3.9341e-09	2.9352e-05	3.1942e-07	-3.1942e-07	0.00026382	3.7308e-09	-0.0002632	3.1944e-07	-3.1944e-07	0.00050198	3.5301e-09	-0.0005015	3.1938e-07	-3.194e-07	0.0006966	3.3551e-09	-0.00069546	3.193e-07	-3.1938e-07	0.00085044	3.2114e-09	-0.00084926	3.194e-07	-3.1946e-07	0.00097186	3.0703e-09	-0.00097168	3.1936e-07	-3.1938e-07	0.00106742	2.9503e-09	-0.00106672	3.1946e-07	-3.1946e-07	0.0011406	2.8576e-09	-0.00114034	3.195e-07	-3.1946e-07	0.0011976	2.7653e-09	-0.001198	3.1934e-07	-3.1942e-07	0.0012418	2.6838e-09	-0.0012414	3.1938e-07	-3.195e-07	0.0012748	2.5995e-09	-0.0012742	3.1942e-07	-3.1952e-07
0.415	-3.191e-05	4.1472e-09	3.1628e-05	3.1948e-07	-3.194e-07	0.00028634	3.9282e-09	-0.00028666	3.194e-07	-3.194e-07	0.00054808	3.7233e-09	-0.0005473	3.1938e-07	-3.1938e-07	0.000762	3.5364e-09	-0.00076224	3.1936e-07	-3.194e-07	0.00093294	3.3865e-09	-0.00093262	3.1942e-07	-3.1952e-07	0.00106922	3.2355e-09	-0.00106924	3.1942e-07	-3.1946e-07	0.001177	3.1126e-09	-0.001176	3.1948e-07	-3.1954e-07	0.0012604	3.0131e-09	-0.00126	3.195e-07	-3.195e-07	0.0013256	2.9104e-09	-0.0013254	3.1936e-07	-3.1946e-07	0.0013758	2.824e-09	-0.0013756	3.1938e-07	-3.1956e-07	0.0014144	2.7351e-09	-0.0014134	3.1942e-07	-3.195e-07
0.42	-3.4674e-05	4.3664e-09	3.4404e-05	3.1948e-07	-3.1952e-07	0.00030968	4.1334e-09	-0.0003097	3.194e-07	-3.194e-07	0.00059466	3.9169e-09	-0.00059522	3.1944e-07	-3.1942e-07	0.00082974	3.7286e-09	-0.00083022	3.1942e-07	-3.1934e-07	0.001019	3.5641e-09	-0.00101888	3.1938e-07	-3.1942e-07	0.001171	3.4127e-09	-0.0011708	3.193e-07	-3.1942e-07	0.0012918	3.2809e-09	-0.0012904	3.1946e-07	-3.1946e-07	0.0013856	3.161e-09	-0.0013852	3.194e-07	-3.1948e-07	0.0014604	3.0536e-09	-0.001459	3.1934e-07	-3.1942e-07	0.0015172	2.973e-09	-0.0015162	3.1942e-07	-3.1948e-07	0.0015606	2.8683e-09	-0.0015602	3.1938e-07	-3.1958e-07
0.425	-3.7064e-05	4.6021e-09	3.7044e-05	3.1948e-07	-3.1942e-07	0.00033542	4.3601e-09	-0.00033518	3.1934e-07	-3.194e-07	0.00064518	4.1295e-09	-0.00064498	3.1936e-07	-3.1936e-07	0.00090312	3.9223e-09	-0.00090214	3.1938e-07	-3.194e-07	0.00111156	3.7521e-09	-0.00111034	3.1948e-07	-3.1946e-07	0.0012806	3.5969e-09	-0.0012794	3.1942e-07	-3.1948e-07	0.0014146	3.4537e-09	-0.001414	3.1946e-07	-3.1944e-07	0.0015212	3.3199e-09	-0.001521	3.1948e-07	-3.1954e-07	0.0016048	3.2159e-09	-0.0016048	3.1932e-07	-3.1942e-07	0.0016704	3.1137e-09	-0.001669	3.1932e-07	-3.1946e-07	0.00172	3.0205e-09	-0.0017196	3.1942e-07	-3.1952e-07
0.43	-4.0028e-05	4.8377e-09	3.9798e-05	3.1938e-07	-3.1942e-07	0.00036114	4.5854e-09	-0.00036052	3.1942e-07	-3.1932e-07	0.0006963	4.3416e-09	-0.00069642	3.1938e-07	-3.194e-07	0.00097676	4.1368e-09	-0.00097588	3.1938e-07	-3.1948e-07	0.001206	3.945e-09	-0.0012052	3.1942e-07	-3.1942e-07	0.0013934	3.7788e-09	-0.0013928	3.1944e-07	-3.1946e-07	0.0015426	3.6294e-09	-0.001542	3.1936e-07	-3.195e-07	0.001662	3.4923e-09	-0.0016606	3.194e-07	-3.1948e-07	0.0017554	3.3792e-09	-0.0017546	3.194e-07	-3.194e-07	0.0018302	3.2793e-09	-0.0018284	3.1942e-07	-3.1954e-07	0.0018858	3.1772e-09	-0.0018854	3.1944e-07	-3.1956e-07
0.435	-4.255e-05	5.0953e-09	4.2578e-05	3.1948e-07	-3.194e-07	0.00038774	4.8299e-09	-0.00038654	3.1938e-07	-3.1936e-07	0.00075088	4.5729e-09	-0.00075044	3.1942e-07	-3.1938e-07	0.00105544	4.3577e-09	-0.00105482	3.1942e-07	-3.194e-07	0.0013068	4.1525e-09	-0.0013066	3.1942e-07	-3.1948e-07	0.001512	3.9785e-09	-0.0015122	3.1944e-07	-3.1944e-07	0.0016784	3.8194e-09	-0.0016782	3.1944e-07	-3.1948e-07	0.0018118	3.6676e-09	-0.0018112	3.1942e-07	-3.1948e-07	0.001918	3.5443e-09	-0.0019176	3.1936e-07	-3.1942e-07	0.0020012	3.4435e-09	-0.0020006	3.1942e-07	-3.1948e-07	0.0020652	3.3228e-09	-0.0020654	3.195e-07	-3.1958e-07
0.44	-4.5382e-05	5.3578e-09	4.5348e-05	3.1944e-07	-3.1942e-07	0.00041502	5.0813e-09	-0.00041332	3.1938e-07	-3.1936e-07	0.00080448	4.8068e-09	-0.00080434	3.1936e-07	-3.1936e-07	0.00113534	4.5763e-09	-0.00113464	3.1936e-07	-3.1936e-07	0.0014088	4.368e-09	-0.0014074	3.1942e-07	-3.1948e-07	0.0016352	4.1787e-09	-0.001634	3.1942e-07	-3.1942e-07	0.0018192	4.0052e-09	-0.0018176	3.1942e-07	-3.1948e-07	0.0019664	3.8587e-09	-0.0019654	3.1942e-07	-3.1954e-07	0.0020858	3.7399e-09	-0.0020842	3.193e-07	-3.1942e-07	0.002179	3.6076e-09	-0.0021784	3.1932e-07	-3.1944e-07	0.0022516	3.4874e-09	-0.002252	3.194e-07	-3.1954e-07
0.445	-4.8304e-05	5.6386e-09	4.838e-05	3.195e-07	-3.1946e-07	0.00044206	5.3465e-09	-0.00044108	3.1942e-07	-3.194e-07	0.00086152	5.0628e-09	-0.00086076	3.1942e-07	-3.1936e-07	0.0012186	4.8187e-09	-0.0012178	3.1934e-07	-3.1934e-07	0.0015176	4.59e-09	-0.0015152	3.1948e-07	-3.1944e-07	0.0017644	4.3916e-09	-0.0017638	3.1942e-07	-3.1942e-07	0.0019674	4.2181e-09	-0.0019652	3.1948e-07	-3.1952e-07	0.0021312	4.048e-09	-0.0021302	3.1942e-07	-3.1952e-07	0.0022628	3.9098e-09	-0.0022626	3.193e-07	-3.1944e-07	0.0023694	3.7942e-09	-0.0023678	3.1938e-07	-3.1948e-07	0.0024526	3.6572e-09	-0.0024518	3.1932e-07	-3.1942e-07
0.45	-5.1294e-05	5.9222e-09	5.1252e-05	3.1942e-07	-3.1944e-07	0.00046986	5.6219e-09	-0.00046942	3.1934e-07	-3.194e-07	0.00091808	5.3234e-09	-0.00091806	3.1938e-07	-3.1936e-07	0.0013036	5.0673e-09	-0.0013024	3.194e-07	-3.1948e-07	0.0016264	4.8239e-09	-0.0016254	3.1948e-07	-3.1942e-07	0.001896	4.6182e-09	-0.0018944	3.1944e-07	-3.1944e-07	0.002118	4.4262e-09	-0.0021164	3.1944e-07	-3.1954e-07	0.0022986	4.2509e-09	-0.0022984	3.1942e-07	-3.1954e-07	0.0024474	4.1022e-09	-0.0024442	3.1938e-07	-3.1946e-07	0.0025654	3.9708e-09	-0.0025636	3.1938e-07	-3.1948e-07	0.002657	3.8375e-09	-0.0026568	3.1934e-07	-3.1948e-07
0.455	-5.4396e-05	6.2259e-09	5.4198e-05	3.1946e-07	-3.1944e-07	0.00049926	5.9092e-09	-0.00049834	3.194e-07	-3.194e-07	0.00097834	5.5953e-09	-0.00097678	3.1944e-07	-3.194e-07	0.001391	5.3437e-09	-0.00139	3.1938e-07	-3.1942e-07	0.0017396	5.0712e-09	-0.0017396	3.1944e-07	-3.195e-07	0.0020332	4.8482e-09	-0.0020316	3.1938e-07	-3.1942e-07	0.0022766	4.6485e-09	-0.0022756	3.1944e-07	-3.1946e-07	0.0024754	4.4698e-09	-0.0024762	3.195e-07	-3.1958e-07	0.0026396	4.3115e-09	-0.0026378	3.1928e-07	-3.194e-07	0.0027714	4.1648e-09	-0.0027706	3.1942e-07	-3.1952e-07	0.002876	4.0254e-09	-0.0028754	3.1936e-07	-3.1944e-07
0.46	-5.734e-05	6.544e-09	5.7052e-05	3.1938e-07	-3.1934e-07	0.00052682	6.2004e-09	-0.00052656	3.1938e-07	-3.1936e-07	0.0010363	5.8828e-09	-0.00103598	3.1942e-07	-3.194e-07	0.0014766	5.5897e-09	-0.0014768	3.194e-07	-3.1936e-07	0.001854	5.3218e-09	-0.001854	3.194e-07	-3.1938e-07	0.0021726	5.0973e-09	-0.0021708	3.1936e-07	-3.1948e-07	0.0024372	4.8875e-09	-0.0024364	3.1942e-07	-3.1942e-07	0.0026552	4.6791e-09	-0.0026568	3.1942e-07	-3.1952e-07	0.002838	4.5123e-09	-0.002835	3.1938e-07	-3.1952e-07	0.002982	4.3708e-09	-0.0029826	3.1944e-07	-3.1954e-07	0.003101	4.215e-09	-0.0030986	3.1942e-07	-3.1954e-07
0.465	-6.0308e-05	6.8684e-09	6.0278e-05	3.1938e-07	-3.1936e-07	0.00055772	6.5139e-09	-0.0005566	3.1936e-07	-3.194e-07	0.00109636	6.1773e-09	-0.00109712	3.194e-07	-3.194e-07	0.0015684	5.8755e-09	-0.0015668	3.1942e-07	-3.1946e-07	0.0019734	5.5953e-09	-0.0019704	3.1942e-07	-3.1936e-07	0.0023172	5.3537e-09	-0.0023154	3.1938e-07	-3.1938e-07	0.0026044	5.1194e-09	-0.0026026	3.1932e-07	-3.1946e-07	0.002844	4.919e-09	-0.0028436	3.1944e-07	-3.1948e-07	0.0030434	4.7396e-09	-0.0030422	3.1934e-07	-3.195e-07	0.0032054	4.5741e-09	-0.0032052	3.1936e-07	-3.1948e-07	0.0033366	4.4148e-09	-0.0033342	3.1942e-07	-3.1946e-07
0.47	-6.3196e-05	7.2048e-09	6.2984e-05	3.1936e-07	-3.194e-07	0.00058648	6.8405e-09	-0.00058672	3.1942e-07	-3.193e-07	0.001157	6.4986e-09	-0.0011566	3.1936e-07	-3.194e-07	0.0016592	6.1642e-09	-0.0016578	3.1942e-07	-3.1944e-07	0.00209	5.8679e-09	-0.0020896	3.1942e-07	-3.1936e-07	0.0024612	5.6115e-09	-0.0024604	3.1944e-07	-3.1954e-07	0.0027728	5.3761e-09	-0.0027708	3.1938e-07	-3.1942e-07	0.0030346	5.1493e-09	-0.003034	3.1944e-07	-3.1952e-07	0.0032526	4.9606e-09	-0.0032516	3.1934e-07	-3.1942e-07	0.0034302	4.7968e-09	-0.0034302	3.194e-07	-3.1958e-07	0.0035766	4.6261e-09	-0.003577	3.1936e-07	-3.1946e-07
0.475	-6.6464e-05	7.5765e-09	6.6328e-05	3.194e-07	-3.1938e-07	0.00061552	7.1791e-09	-0.00061504	3.1944e-07	-3.1936e-07	0.0012196	6.813e-09	-0.001219	3.194e-07	-3.1946e-07	0.0017514	6.4783e-09	-0.0017502	3.1946e-07	-3.1948e-07	0.0022122	6.1645e-09	-0.0022116	3.1936e-07	-3.1942e-07	0.0026108	5.8956e-09	-0.0026084	3.1944e-07	-3.1946e-07	0.0029464	5.6389e-09	-0.0029456	3.1938e-07	-3.1942e-07	0.003232	5.4066e-09	-0.0032302	3.1944e-07	-3.1948e-07	0.00347	5.2026e-09	-0.0034712	3.1938e-07	-3.1942e-07	0.003668	5.0306e-09	-0.0036678	3.1938e-07	-3.1946e-07	0.0038286	4.8448e-09	-0.0038262	3.1948e-07	-3.1952e-07
0.48	-6.9268e-05	7.9336e-09	6.9294e-05	3.1942e-07	-3.194e-07	0.00064518	7.5235e-09	-0.00064408	3.194e-07	-3.194e-07	0.0012804	7.1455e-09	-0.0012796	3.1938e-07	-3.1938e-07	0.0018414	6.7903e-09	-0.0018422	3.1942e-07	-3.1948e-07	0.0023322	6.4861e-09	-0.0023332	3.1944e-07	-3.194e-07	0.0027572	6.1798e-09	-0.0027578	3.1944e-07	-3.1944e-07	0.0031218	5.9124e-09	-0.00312	3.1936e-07	-3.1948e-07	0.0034306	5.6648e-09	-0.0034304	3.195e-07	-3.1958e-07	0.0036902	5.4536e-09	-0.0036884	3.194e-07	-3.1948e-07	0.0039052	5.2517e-09	-0.0039046	3.194e-07	-3.195e-07	0.0040838	5.07e-09	-0.0040828	3.1944e-07	-3.1954e-07
0.485	-7.2274e-05	8.3271e-09	7.2244e-05	3.1944e-07	-3.1946e-07	0.0006736	7.9143e-09	-0.00067448	3.1938e-07	-3.1934e-07	0.0013426	7.493e-09	-0.0013418	3.1942e-07	-3.194e-07	0.0019356	7.1246e-09	-0.0019362	3.1942e-07	-3.1942e-07	0.0024572	6.7875e-09	-0.0024572	3.1932e-07	-3.1942e-07	0.0029122	6.484e-09	-0.0029122	3.1942e-07	-3.1944e-07	0.003303	6.203e-09	-0.0033012	3.1938e-07	-3.194e-07	0.0036364	5.939e-09	-0.003634	3.1946e-07	-3.1956e-07	0.0039168	5.7119e-09	-0.0039172	3.1942e-07	-3.1946e-07	0.0041548	5.5129e-09	-0.0041528	3.1938e-07	-3.1952e-07	0.0043514	5.3006e-09	-0.0043486	3.1942e-07	-3.1958e-07
0.49	-7.5088e-05	8.7256e-09	7.4982e-05	3.1936e-07	-3.1936e-07	0.00070396	8.2861e-09	-0.00070286	3.194e-07	-3.1938e-07	0.0014034	7.8647e-09	-0.001403	3.1944e-07	-3.1946e-07	0.0020286	7.4834e-09	-0.0020286	3.1942e-07	-3.1942e-07	0.002581	7.1137e-09	-0.0025806	3.1938e-07	-3.1944e-07	0.0030636	6.7963e-09	-0.0030634	3.1944e-07	-3.1958e-07	0.003481	6.4979e-09	-0.003482	3.1938e-07	-3.1946e-07	0.0038406	6.2432e-09	-0.0038404	3.1946e-07	-3.1952e-07	0.0041468	5.9878e-09	-0.0041442	3.194e-07	-3.1948e-07	0.004403	5.7677e-09	-0.0044034	3.1942e-07	-3.195e-07	0.0046178	5.5562e-09	-0.0046168	3.1948e-07	-3.1958e-07
0.495	-7.8032e-05	9.1422e-09	7.8108e-05	3.1944e-07	-3.194e-07	0.00073244	8.6751e-09	-0.00073304	3.1942e-07	-3.194e-07	0.0014644	8.2565e-09	-0.0014654	3.194e-07	-3.194e-07	0.0021214	7.8334e-09	-0.0021202	3.193e-07	-3.1936e-07	0.0027052	7.4638e-09	-0.0027048	3.194e-07	-3.1942e-07	0.0032194	7.1147e-09	-0.003217	3.194e-07	-3.1942e-07	0.0036642	6.8056e-09	-0.0036646	3.1944e-07	-3.1946e-07	0.0040494	6.5202e-09	-0.0040494	3.1946e-07	-3.196e-07	0.0043806	6.2617e-09	-0.00438	3.1938e-07	-3.1948e-07	0.0046596	6.0418e-09	-0.0046598	3.1942e-07	-3.1948e-07	0.004893	5.8096e-09	-0.0048944	3.195e-07	-3.1958e-07
0.5	-8.1064e-05	9.6008e-09	8.1062e-05	3.1936e-07	-3.1934e-07	0.00076328	9.0896e-09	-0.00076204	3.1946e-07	-3.1938e-07	0.0015256	8.6285e-09	-0.0015254	3.1938e-07	-3.194e-07	0.002215	8.21e-09	-0.0022138	3.1942e-07	-3.1946e-07	0.0028288	7.8179e-09	-0.0028284	3.1944e-07	-3.1948e-07	0.0033728	7.4556e-09	-0.0033714	3.1942e-07	-3.1946e-07	0.003849	7.1325e-09	-0.0038476	3.1938e-07	-3.1948e-07	0.0042592	6.8371e-09	-0.0042592	3.1944e-07	-3.1958e-07	0.0046146	6.5575e-09	-0.0046156	3.1942e-07	-3.1952e-07	0.0049184	6.3275e-09	-0.004917	3.1944e-07	-3.1954e-07	0.0051746	6.0709e-09	-0.0051716	3.1944e-07	-3.1954e-07
0.505	-8.4226e-05	1.00339e-08	8.4248e-05	3.1942e-07	-3.1942e-07	0.00078836	9.5218e-09	-0.00079062	3.1944e-07	-3.1946e-07	0.0015872	9.057e-09	-0.0015856	3.1946e-07	-3.1944e-07	0.002306	8.6008e-09	-0.0023068	3.1936e-07	-3.1938e-07	0.002954	8.2022e-09	-0.0029538	3.194e-07	-3.194e-07	0.003528	7.8225e-09	-0.003527	3.1948e-07	-3.1952e-07	0.004033	7.4676e-09	-0.0040318	3.1944e-07	-3.1946e-07	0.0044748	7.1519e-09	-0.0044716	3.1944e-07	-3.1952e-07	0.0048544	6.8688e-09	-0.0048554	3.194e-07	-3.1948e-07	0.0051816	6.6081e-09	-0.0051828	3.1944e-07	-3.195e-07	0.0054584	6.3623e-09	-0.0054576	3.195e-07	-3.195e-07
0.51	-8.685e-05	1.04926e-08	8.6704e-05	3.1938e-07	-3.194e-07	0.00081708	9.9699e-09	-0.0008184	3.195e-07	-3.1944e-07	0.0016478	9.47e-09	-0.0016442	3.1944e-07	-3.194e-07	0.0023996	9.0042e-09	-0.0023974	3.1938e-07	-3.1932e-07	0.0030776	8.5745e-09	-0.0030764	3.1944e-07	-3.1946e-07	0.0036826	8.1807e-09	-0.0036808	3.1946e-07	-3.195e-07	0.004216	7.823e-09	-0.004215	3.1936e-07	-3.194e-07	0.0046846	7.4801e-09	-0.0046856	3.1956e-07	-3.1966e-07	0.0050942	7.1856e-09	-0.0050938	3.1942e-07	-3.1948e-07	0.0054454	6.9146e-09	-0.0054444	3.194e-07	-3.1958e-07	0.0057468	6.6387e-09	-0.0057442	3.1942e-07	-3.1952e-07
0.515	-9.0202e-05	1.1013e-08	9.0218e-05	3.1938e-07	-3.1942e-07	0.00084624	1.04412e-08	-0.00084604	3.1936e-07	-3.1944e-07	0.0017062	9.927e-09	-0.0017056	3.194e-07	-3.1938e-07	0.0024914	9.4327e-09	-0.0024906	3.1938e-07	-3.194e-07	0.0032022	8.9789e-09	-0.0032006	3.1936e-07	-3.1932e-07	0.003837	8.5725e-09	-0.0038364	3.1944e-07	-3.1942e-07	0.0044022	8.1875e-09	-0.004401	3.1936e-07	-3.1946e-07	0.0048984	7.8545e-09	-0.0049	3.1938e-07	-3.1958e-07	0.0053382	7.5238e-09	-0.0053366	3.1944e-07	-3.1946e-07	0.0057142	7.2349e-09	-0.005712	3.1946e-07	-3.1954e-07	0.006037	6.9463e-09	-0.006038	3.195e-07	-3.1952e-07
0.52	-9.2608e-05	1.15348e-08	9.2772e-05	3.1944e-07	-3.1942e-07	0.0008751	1.09186e-08	-0.00087486	3.1948e-07	-3.1948e-07	0.0017658	1.03818e-08	-0.0017644	3.1942e-07	-3.194e-07	0.002582	9.8658e-09	-0.0025814	3.1942e-07	-3.1942e-07	0.0033234	9.4015e-09	-0.0033216	3.1942e-07	-3.1946e-07	0.0039894	8.9666e-09	-0.0039884	3.1936e-07	-3.1942e-07	0.0045866	8.5604e-09	-0.0045844	3.1938e-07	-3.1936e-07	0.0051136	8.2081e-09	-0.005113	3.1944e-07	-3.1954e-07	0.005576	7.8654e-09	-0.0055756	3.1944e-07	-3.1954e-07	0.0059786	7.5626e-09	-0.0059804	3.1944e-07	-3.1956e-07	0.0063302	7.2617e-09	-0.006329	3.1938e-07	-3.1954e-07
0.525	-9.3208e-05	1.20684e-08	9.4656e-05	3.1942e-07	-3.194e-07	0.00090332	1.14512e-08	-0.0009023	3.1942e-07	-3.1942e-07	0.0018248	1.08755e-08	-0.001824	3.1942e-07	-3.1942e-07	0.0026744	1.03229e-08	-0.0026714	3.1944e-07	-3.1936e-07	0.0034432	9.8368e-09	-0.0034436	3.1934e-07	-3.1938e-07	0.0041442	9.3785e-09	-0.0041436	3.1938e-07	-3.1946e-07	0.004771	8.9716e-09	-0.0047688	3.1938e-07	-3.1948e-07	0.0053284	8.5797e-09	-0.005326	3.1948e-07	-3.1948e-07	0.0058212	8.2315e-09	-0.0058214	3.1942e-07	-3.195e-07	0.0062514	7.9113e-09	-0.0062522	3.1948e-07	-3.1958e-07	0.0066268	7.5827e-09	-0.0066262	3.1942e-07	-3.1952e-07
0.53	-9.5778e-05	1.26108e-08	9.7106e-05	3.1944e-07	-3.1942e-07	0.00092902	1.19854e-08	-0.00093006	3.1944e-07	-3.195e-07	0.0018824	1.13568e-08	-0.0018814	3.1938e-07	-3.1938e-07	0.0027588	1.0802e-08	-0.0027586	3.1936e-07	-3.1948e-07	0.0035632	1.02921e-08	-0.0035634	3.1936e-07	-3.1946e-07	0.004294	9.8154e-09	-0.0042942	3.194e-07	-3.1944e-07	0.0049518	9.3729e-09	-0.0049504	3.194e-07	-3.1944e-07	0.0055388	8.9827e-09	-0.0055372	3.195e-07	-3.1958e-07	0.0060608	8.6173e-09	-0.0060622	3.1942e-07	-3.1952e-07	0.0065194	8.2562e-09	-0.0065204	3.195e-07	-3.1964e-07	0.006918	7.9351e-09	-0.0069204	3.1948e-07	-3.1954e-07
0.535	-9.8206e-05	1.31864e-08	0.000100094	3.1944e-07	-3.1942e-07	0.00095688	1.25332e-08	-0.000956	3.1948e-07	-3.194e-07	0.0019404	1.19138e-08	-0.0019382	3.1942e-07	-3.195e-07	0.0028474	1.13206e-08	-0.002848	3.1938e-07	-3.194e-07	0.003685	1.07658e-08	-0.0036814	3.1938e-07	-3.1936e-07	0.0044462	1.0261e-08	-0.004445	3.194e-07	-3.1942e-07	0.005134	9.8283e-09	-0.0051326	3.1936e-07	-3.194e-07	0.0057524	9.373e-09	-0.0057524	3.1948e-07	-3.1958e-07	0.006302	8.9995e-09	-0.0063032	3.1942e-07	-3.1946e-07	0.0067938	8.6377e-09	-0.0067914	3.1944e-07	-3.1954e-07	0.0072214	8.2729e-09	-0.0072202	3.194e-07	-3.1952e-07
0.54	-0.000101	1.37942e-08	0.000102246	3.1946e-07	-3.1946e-07	0.0009801	1.31044e-08	-0.00098188	3.195e-07	-3.1952e-07	0.0019954	1.24568e-08	-0.0019944	3.1936e-07	-3.194e-07	0.0029328	1.18512e-08	-0.0029346	3.194e-07	-3.1944e-07	0.0038002	1.12481e-08	-0.0038024	3.193e-07	-3.1942e-07	0.0045932	1.07252e-08	-0.0045934	3.1944e-07	-3.1944e-07	0.0053146	1.02816e-08	-0.005312	3.1938e-07	-3.1946e-07	0.0059598	9.8187e-09	-0.00596	3.1952e-07	-3.1946e-07	0.0065426	9.397e-09	-0.0065436	3.1944e-07	-3.1952e-07	0.0070602	9.0139e-09	-0.0070604	3.1944e-07	-3.1962e-07	0.0075156	8.652e-09	-0.0075142	3.1946e-07	-3.1958e-07
0.545	-0.000103762	1.44108e-08	0.000105292	3.1946e-07	-3.1942e-07	0.00100688	1.36978e-08	-0.00100762	3.1948e-07	-3.1944e-07	0.0020502	1.3021e-08	-0.0020514	3.194e-07	-3.1938e-07	0.0030218	1.2387e-08	-0.0030206	3.1936e-07	-3.1942e-07	0.0039176	1.18054e-08	-0.0039174	3.1934e-07	-3.194e-07	0.0047392	1.12131e-08	-0.0047406	3.1946e-07	-3.1948e-07	0.0054916	1.07214e-08	-0.0054916	3.1942e-07	-3.1946e-07	0.0061714	1.02454e-08	-0.006171	3.1946e-07	-3.1958e-07	0.0067846	9.8174e-09	-0.0067838	3.1944e-07	-3.195e-07	0.0073306	9.438e-09	-0.0073306	3.1944e-07	-3.1958e-07	0.0078152	9.0386e-09	-0.0078132	3.1948e-07	-3.1956e-07
0.55	-0.000106382	1.50652e-08	0.000107696	3.1948e-07	-3.1948e-07	0.00103308	1.43118e-08	-0.00103522	3.1944e-07	-3.1946e-07	0.0021038	1.3611e-08	-0.0021038	3.194e-07	-3.194e-07	0.003105	1.2943e-08	-0.003105	3.1936e-07	-3.1942e-07	0.0040294	1.23322e-08	-0.0040294	3.194e-07	-3.1942e-07	0.0048852	1.17566e-08	-0.0048844	3.1936e-07	-3.1952e-07	0.0056652	1.12227e-08	-0.0056644	3.194e-07	-3.1944e-07	0.0063772	1.07167e-08	-0.0063766	3.1948e-07	-3.1948e-07	0.00702	1.02487e-08	-0.007019	3.194e-07	-3.1952e-07	0.0075956	9.8419e-09	-0.0075974	3.195e-07	-3.196e-07	0.0081076	9.4251e-09	-0.0081088	3.1946e-07	-3.196e-07
0.555	-0.000108568	1.57304e-08	0.000109678	3.195e-07	-3.1936e-07	0.00105804	1.49568e-08	-0.00105872	3.1946e-07	-3.1948e-07	0.0021584	1.42236e-08	-0.0021568	3.1938e-07	-3.1936e-07	0.0031872	1.35272e-08	-0.003187	3.1936e-07	-3.194e-07	0.0041438	1.28936e-08	-0.0041444	3.1938e-07	-3.1936e-07	0.0050284	1.2285e-08	-0.0050288	3.1948e-07	-3.1944e-07	0.0058434	1.17134e-08	-0.005843	3.195e-07	-3.1948e-07	0.006582	1.11815e-08	-0.006584	3.1954e-07	-3.1954e-07	0.007259	1.07241e-08	-0.0072572	3.1942e-07	-3.1952e-07	0.0078638	1.02724e-08	-0.0078606	3.1948e-07	-3.196e-07	0.008405	9.8542e-09	-0.0084032	3.195e-07	-3.1958e-07
0.56	-0.000111182	1.64264e-08	0.00011251	3.1946e-07	-3.1946e-07	0.00108352	1.56204e-08	-0.00108188	3.1938e-07	-3.1948e-07	0.0022102	1.4852e-08	-0.002207	3.1938e-07	-3.194e-07	0.0032672	1.41304e-08	-0.0032664	3.1942e-07	-3.1946e-07	0.0042538	1.34526e-08	-0.004255	3.1938e-07	-3.1946e-07	0.0051708	1.2828e-08	-0.0051698	3.194e-07	-3.1952e-07	0.0060136	1.22336e-08	-0.0060116	3.1948e-07	-3.1954e-07	0.006786	1.17064e-08	-0.0067856	3.195e-07	-3.1956e-07	0.0074902	1.11884e-08	-0.0074898	3.1954e-07	-3.195e-07	0.0081248	1.07289e-08	-0.0081244	3.1946e-07	-3.1958e-07	0.0086938	1.02795e-08	-0.0086934	3.195e-07	-3.196e-07
0.565	-0.000113264	1.71722e-08	0.000114316	3.1948e-07	-3.1936e-07	0.00110558	1.6315e-08	-0.00110544	3.195e-07	-3.1944e-07	0.002261	1.55374e-08	-0.002261	3.1942e-07	-3.1942e-07	0.0033478	1.47882e-08	-0.0033458	3.1936e-07	-3.194e-07	0.0043638	1.40562e-08	-0.0043636	3.1942e-07	-3.1942e-07	0.0053096	1.34142e-08	-0.0053094	3.1942e-07	-3.1946e-07	0.006183	1.27924e-08	-0.006184	3.195e-07	-3.1956e-07	0.006988	1.22278e-08	-0.0069868	3.1954e-07	-3.196e-07	0.007721	1.17288e-08	-0.0077218	3.1938e-07	-3.1952e-07	0.0083882	1.12014e-08	-0.0083856	3.195e-07	-3.1958e-07	0.0089858	1.07349e-08	-0.0089874	3.195e-07	-3.196e-07
0.57	-0.000115022	1.79366e-08	0.000115006	3.1948e-07	-3.1946e-07	0.00112904	1.7047e-08	-0.0011279	3.1948e-07	-3.1946e-07	0.0023098	1.62156e-08	-0.0023112	3.194e-07	-3.194e-07	0.0034252	1.54128e-08	-0.0034232	3.1938e-07	-3.193e-07	0.004471	1.46702e-08	-0.0044704	3.1938e-07	-3.1944e-07	0.005444	1.39868e-08	-0.0054442	3.1946e-07	-3.1946e-07	0.0063504	1.33534e-08	-0.0063488	3.1948e-07	-3.1958e-07	0.0071816	1.27594e-08	-0.0071818	3.1948e-07	-3.195e-07	0.0079486	1.2231e-08	-0.0079494	3.1944e-07	-3.195e-07	0.008647	1.17082e-08	-0.0086438	3.1948e-07	-3.1968e-07	0.0092732	1.1193e-08	-0.0092736	3.1946e-07	-3.1954e-07
0.575	-0.00011502	1.87136e-08	0.00012216	3.1938e-07	-3.1938e-07	0.00115008	1.77844e-08	-0.00114978	3.1944e-07	-3.1942e-07	0.0023614	1.6917e-08	-0.0023604	3.1944e-07	-3.1946e-07	0.0035026	1.6107e-08	-0.0035014	3.1942e-07	-3.1948e-07	0.0045762	1.53302e-08	-0.0045768	3.1936e-07	-3.1936e-07	0.0055802	1.46046e-08	-0.0055796	3.1942e-07	-3.1952e-07	0.0065136	1.39542e-08	-0.0065154	3.1942e-07	-3.1948e-07	0.0073778	1.33366e-08	-0.00738	3.195e-07	-3.1954e-07	0.008178	1.27656e-08	-0.0081754	3.1938e-07	-3.1954e-07	0.0089034	1.22398e-08	-0.0089026	3.195e-07	-3.1958e-07	0.0095642	1.17224e-08	-0.009561	3.1954e-07	-3.1964e-07
0.58	-0.00012182	1.9541e-08	0.0001234	3.1938e-07	-3.1934e-07	0.0011746	1.8556e-08	-0.0011748	3.195e-07	-3.1944e-07	0.0024072	1.76532e-08	-0.0024078	3.194e-07	-3.1942e-07	0.0035756	1.6817e-08	-0.0035758	3.1938e-07	-3.1942e-07	0.0046794	1.60218e-08	-0.0046764	3.1936e-07	-3.1946e-07	0.0057106	1.52582e-08	-0.0057104	3.1942e-07	-3.1952e-07	0.0066752	1.45452e-08	-0.006675	3.1942e-07	-3.195e-07	0.0075692	1.39168e-08	-0.0075712	3.195e-07	-3.196e-07	0.0083968	1.33138e-08	-0.0083952	3.194e-07	-3.1954e-07	0.0091538	1.2755e-08	-0.0091536	3.1948e-07	-3.196e-07	0.0098438	1.2216e-08	-0.009842	3.1954e-07	-3.1962e-07
0.585	-0.0001249	2.04052e-08	0.00012538	3.1942e-07	-3.1936e-07	0.0011974	1.93768e-08	-0.0011962	3.194e-07	-3.1942e-07	0.0024556	1.84552e-08	-0.002456	3.1944e-07	-3.1946e-07	0.003651	1.7561e-08	-0.0036504	3.1936e-07	-3.1938e-07	0.0047798	1.6718e-08	-0.004779	3.1938e-07	-3.194e-07	0.0058424	1.59338e-08	-0.0058408	3.1942e-07	-3.1948e-07	0.006835	1.52016e-08	-0.0068342	3.1946e-07	-3.1946e-07	0.0077606	1.45098e-08	-0.0077586	3.1944e-07	-3.1954e-07	0.0086156	1.39076e-08	-0.008616	3.1944e-07	-3.1952e-07	0.0094038	1.33088e-08	-0.009404	3.195e-07	-3.1966e-07	0.0101248	1.27416e-08	-0.0101262	3.195e-07	-3.1964e-07
0.59	-0.00012682	2.12748e-08	0.00012532	3.1948e-07	-3.1936e-07	0.0012208	2.02236e-08	-0.0012178	3.1948e-07	-3.1948e-07	0.0025008	1.92386e-08	-0.0025008	3.194e-07	-3.1942e-07	0.0037232	1.83238e-08	-0.0037212	3.1932e-07	-3.1936e-07	0.0048786	1.7433e-08	-0.0048788	3.1936e-07	-3.1944e-07	0.0059682	1.6625e-08	-0.0059682	3.1944e-07	-3.195e-07	0.0069896	1.58546e-08	-0.0069878	3.1944e-07	-3.1948e-07	0.0079452	1.51394e-08	-0.007943	3.1946e-07	-3.1956e-07	0.0088306	1.44972e-08	-0.0088292	3.1942e-07	-3.1948e-07	0.009647	1.38726e-08	-0.0096444	3.195e-07	-3.196e-07	0.010399	1.3295e-08	-0.0103984	3.1956e-07	-3.1966e-07
0.595	-0.0001281	2.22064e-08	0.00013088	3.1936e-07	-3.1938e-07	0.0012394	2.11194e-08	-0.0012408	3.1948e-07	-3.1944e-07	0.002549	2.00782e-08	-0.0025484	3.1944e-07	-3.1942e-07	0.0037932	1.9116e-08	-0.0037942	3.1932e-07	-3.1942e-07	0.004977	1.8218e-08	-0.0049742	3.1936e-07	-3.1946e-07	0.006094	1.73544e-08	-0.0060922	3.194e-07	-3.1948e-07	0.0071434	1.655e-08	-0.0071436	3.1942e-07	-3.1942e-07	0.0081266	1.58052e-08	-0.008125	3.1944e-07	-3.1958e-07	0.0090428	1.5133e-08	-0.0090418	3.1946e-07	-3.1952e-07	0.0098898	1.44702e-08	-0.0098888	3.1948e-07	-3.196e-07	0.0106726	1.3838e-08	-0.010671	3.1956e-07	-3.1962e-07
0.6	-0.00013126	2.3162e-08	0.00013088	3.1938e-07	-3.1932e-07	0.0012602	2.20238e-08	-0.0012608	3.1944e-07	-3.194e-07	0.0025898	2.09454e-08	-0.0025888	3.1948e-07	-3.1942e-07	0.003861	1.9982e-08	-0.0038626	3.1944e-07	-3.194e-07	0.0050714	1.89768e-08	-0.0050678	3.1938e-07	-3.194e-07	0.0062132	1.80966e-08	-0.0062122	3.1946e-07	-3.1946e-07	0.0072938	1.72766e-08	-0.007291	3.1948e-07	-3.1946e-07	0.0083038	1.64732e-08	-0.008303	3.1954e-07	-3.1954e-07	0.0092506	1.57674e-08	-0.0092466	3.1942e-07	-3.1952e-07	0.0101278	1.50822e-08	-0.0101262	3.1956e-07	-3.1962e-07	0.0109368	1.4435e-08	-0.0109382	3.1964e-07	-3.1964e-07
0.605	-0.00013382	2.41942e-08	0.00013072	3.1944e-07	-3.1942e-07	0.00128	2.30002e-08	-0.0012812	3.1944e-07	-3.1944e-07	0.0026334	2.18584e-08	-0.0026316	3.1948e-07	-3.1946e-07	0.00393	2.08406e-08	-0.0039294	3.1942e-07	-3.1942e-07	0.005165	1.98138e-08	-0.0051638	3.1942e-07	-3.1948e-07	0.0063344	1.88896e-08	-0.0063322	3.1946e-07	-3.1948e-07	0.0074426	1.80364e-08	-0.0074388	3.1942e-07	-3.1948e-07	0.0084802	1.72188e-08	-0.0084776	3.1946e-07	-3.1946e-07	0.0094586	1.64588e-08	-0.0094554	3.1948e-07	-3.1952e-07	0.0103618	1.57522e-08	-0.0103612	3.1948e-07	-3.1958e-07	0.0112032	1.50438e-08	-0.0112008	3.196e-07	-3.1964e-07
0.61	-0.00013688	2.52296e-08	0.00013482	3.1944e-07	-3.194e-07	0.001299	2.39612e-08	-0.0012986	3.1944e-07	-3.1942e-07	0.0026786	2.2817e-08	-0.0026774	3.1948e-07	-3.1938e-07	0.0039964	2.17396e-08	-0.0039962	3.1946e-07	-3.1942e-07	0.0052544	2.06758e-08	-0.0052546	3.1948e-07	-3.1954e-07	0.0064518	1.96976e-08	-0.0064482	3.1942e-07	-3.195e-07	0.0075842	1.87862e-08	-0.0075814	3.1948e-07	-3.1948e-07	0.0086532	1.79538e-08	-0.0086514	3.1948e-07	-3.1954e-07	0.0096554	1.71596e-08	-0.0096528	3.1942e-07	-3.1954e-07	0.0105886	1.64214e-08	-0.0105884	3.1944e-07	-3.1958e-07	0.0114608	1.56756e-08	-0.0114614	3.196e-07	-3.1972e-07
0.615	-0.00013728	2.6325e-08	0.00013624	3.1946e-07	-3.1942e-07	0.0013206	2.5021e-08	-0.0013184	3.1944e-07	-3.1946e-07	0.00272	2.3806e-08	-0.0027192	3.1942e-07	-3.1946e-07	0.004061	2.26798e-08	-0.0040594	3.1932e-07	-3.1938e-07	0.0053444	2.1563e-08	-0.0053454	3.1948e-07	-3.1954e-07	0.0065668	2.05602e-08	-0.0065668	3.1942e-07	-3.1942e-07	0.0077254	1.9608e-08	-0.0077246	3.1938e-07	-3.1942e-07	0.0088186	1.8732e-08	-0.008821	3.1948e-07	-3.1956e-07	0.0098544	1.79048e-08	-0.0098522	3.1946e-07	-3.1958e-07	0.0108188	1.71036e-08	-0.0108154	3.1948e-07	-3.1952e-07	0.011758	1.63392e-08	-0.011722	3.1962e-07	-3.1972e-07
0.62	-0.0001402	2.74564e-08	0.00014042	3.1948e-07	-3.1938e-07	0.0013368	2.60914e-08	-0.001339	3.1938e-07	-3.1938e-07	0.0027582	2.48206e-08	-0.0027586	3.1948e-07	-3.1946e-07	0.004122	2.3661e-08	-0.0041222	3.1942e-07	-3.194e-07	0.0054314	2.24978e-08	-0.0054316	3.1944e-07	-3.1952e-07	0.0066776	2.1443e-08	-0.0066768	3.194e-07	-3.1944e-07	0.007863	2.04404e-08	-0.0078618	3.1936e-07	-3.1952e-07	0.0089838	1.95438e-08	-0.0089846	3.1956e-07	-3.196e-07	0.0100458	1.86374e-08	-0.0100422	3.1942e-07	-3.1948e-07	0.0110372	1.78234e-08	-0.0110382	3.1948e-07	-3.1958e-07	0.012006	1.70352e-08	-0.011974	3.1962e-07	-3.197e-07
0.625	-0.00014196	2.86598e-08	0.00014206	3.1938e-07	-3.1932e-07	0.0013546	2.72308e-08	-0.0013556	3.1942e-07	-3.1946e-07	0.0027954	2.58942e-08	-0.0027972	3.1936e-07	-3.1944e-07	0.0041864	2.46948e-08	-0.0041848	3.1934e-07	-3.1936e-07	0.005516	2.34798e-08	-0.0055166	3.1952e-07	-3.195e-07	0.0067874	2.23672e-08	-0.0067862	3.1942e-07	-3.195e-07	0.007998	2.13452e-08	-0.0079968	3.1936e-07	-3.1952e-07	0.0091458	2.03658e-08	-0.009146	3.1954e-07	-3.1962e-07	0.0102368	1.94216e-08	-0.0102342	3.1948e-07	-3.1954e-07	0.0112548	1.8585e-08	-0.011255	3.1948e-07	-3.196e-07	0.012252	1.7757e-08	-0.012224	3.196e-07	-3.1978e-07
0.63	-0.0001426	2.98804e-08	0.00014282	3.1938e-07	-3.1932e-07	0.0013736	2.83814e-08	-0.0013736	3.1942e-07	-3.1926e-07	0.0028352	2.70038e-08	-0.0028364	3.1946e-07	-3.1936e-07	0.0042462	2.57338e-08	-0.0042428	3.194e-07	-3.1942e-07	0.0055988	2.44684e-08	-0.0055982	3.1952e-07	-3.195e-07	0.0068924	2.33244e-08	-0.0068922	3.194e-07	-3.1942e-07	0.0081312	2.22274e-08	-0.0081294	3.1942e-07	-3.1954e-07	0.0093036	2.12422e-08	-0.0093058	3.1956e-07	-3.1962e-07	0.010418	2.02572e-08	-0.0104216	3.1942e-07	-3.1954e-07	0.0114692	1.93662e-08	-0.0114672	3.1952e-07	-3.1964e-07	0.012494	1.85024e-08	-0.01246	3.1966e-07	-3.1974e-07
0.635	-0.00014416	3.11666e-08	0.00014276	3.1944e-07	-3.1936e-07	0.00139	2.96194e-08	-0.0013912	3.1938e-07	-3.1936e-07	0.0028766	2.81856e-08	-0.002874	3.194e-07	-3.1946e-07	0.0043052	2.68522e-08	-0.004303	3.195e-07	-3.1948e-07	0.005681	2.55198e-08	-0.0056806	3.195e-07	-3.195e-07	0.0069992	2.43314e-08	-0.006999	3.1936e-07	-3.195e-07	0.0082608	2.31818e-08	-0.0082584	3.1944e-07	-3.1944e-07	0.0094576	2.21568e-08	-0.0094614	3.1954e-07	-3.196e-07	0.0106026	2.11086e-08	-0.0105994	3.1948e-07	-3.196e-07	0.011718	2.01886e-08	-0.011686	3.1954e-07	-3.1962e-07	0.012732	1.92964e-08	-0.012698	3.196e-07	-3.197e-07
0.64	-0.00014706	3.25078e-08	0.00014504	3.1942e-07	-3.1934e-07	0.001408	3.0899e-08	-0.001408	3.1938e-07	-3.1946e-07	0.0029118	2.9377e-08	-0.0029094	3.1942e-07	-3.1956e-07	0.004363	2.80096e-08	-0.004359	3.1944e-07	-3.1946e-07	0.0057612	2.66052e-08	-0.0057606	3.1948e-07	-3.1948e-07	0.0071016	2.53542e-08	-0.0071018	3.1948e-07	-3.1952e-07	0.0083864	2.41842e-08	-0.008382	3.1942e-07	-3.1948e-07	0.0096108	2.30972e-08	-0.0096088	3.195e-07	-3.1958e-07	0.0107782	2.2011e-08	-0.0107768	3.1946e-07	-3.196e-07	0.01192	2.1045e-08	-0.011888	3.1954e-07	-3.196e-07	0.012964	2.01276e-08	-0.01293	3.1962e-07	-3.197e-07
0.645	-0.00015228	3.39366e-08	0.00014782	3.1942e-07	-3.1936e-07	0.001426	3.22284e-08	-0.0014256	3.195e-07	-3.1946e-07	0.0029444	3.06348e-08	-0.0029456	3.1942e-07	-3.1952e-07	0.0044184	2.92166e-08	-0.0044166	3.1948e-07	-3.1952e-07	0.0058378	2.77656e-08	-0.005835	3.1948e-07	-3.195e-07	0.0072028	2.64332e-08	-0.0072008	3.1944e-07	-3.1948e-07	0.0085084	2.52144e-08	-0.0085116	3.1946e-07	-3.1948e-07	0.009764	2.40814e-08	-0.0097598	3.1956e-07	-3.196e-07	0.0109538	2.29354e-08	-0.0109554	3.1948e-07	-3.1954e-07	0.012122	2.1943e-08	-0.01209	3.1956e-07	-3.1964e-07	0.013196	2.09888e-08	-0.013162	3.1962e-07	-3.1974e-07
0.65	-0.00014758	3.53774e-08	0.00014956	3.1944e-07	-3.194e-07	0.00144	3.36228e-08	-0.0014386	3.1936e-07	-3.1936e-07	0.002981	3.19584e-08	-0.0029804	3.194e-07	-3.1942e-07	0.004474	3.04578e-08	-0.0044704	3.1948e-07	-3.1956e-07	0.0059116	2.89352e-08	-0.0059104	3.1946e-07	-3.1946e-07	0.0072992	2.75676e-08	-0.007298	3.1944e-07	-3.1946e-07	0.0086286	2.6285e-08	-0.0086308	3.1954e-07	-3.1954e-07	0.0099038	2.5082e-08	-0.0099042	3.1948e-07	-3.1958e-07	0.0111222	2.38898e-08	-0.0111208	3.1944e-07	-3.195e-07	0.012316	2.28646e-08	-0.012284	3.1954e-07	-3.1964e-07	0.013412	2.18608e-08	-0.013384	3.1962e-07	-3.1976e-07
0.655	-0.00015214	3.68976e-08	0.00015298	3.1948e-07	-3.194e-07	0.001454	3.50578e-08	-0.0014538	3.1942e-07	-3.1936e-07	0.0030134	3.33264e-08	-0.0030142	3.194e-07	-3.194e-07	0.004524	3.1733e-08	-0.0045238	3.195e-07	-3.1946e-07	0.0059848	3.01656e-08	-0.005987	3.194e-07	-3.1946e-07	0.007394	2.87354e-08	-0.0073948	3.1948e-07	-3.195e-07	0.0087486	2.74022e-08	-0.0087476	3.1944e-07	-3.1952e-07	0.010043	2.61368e-08	-0.0100466	3.1958e-07	-3.1958e-07	0.0112886	2.49112e-08	-0.0112874	3.1946e-07	-3.1956e-07	0.012506	2.381e-08	-0.012474	3.1952e-07	-3.1962e-07	0.013632	2.2752e-08	-0.0136	3.1964e-07	-3.1976e-07
0.66	-0.00015044	3.85146e-08	0.00015166	3.1948e-07	-3.1942e-07	0.0014734	3.6571e-08	-0.0014694	3.1938e-07	-3.1944e-07	0.0030484	3.47666e-08	-0.0030468	3.1936e-07	-3.1934e-07	0.0045768	3.31076e-08	-0.0045772	3.1948e-07	-3.195e-07	0.006059	3.14894e-08	-0.0060596	3.1948e-07	-3.195e-07	0.0074862	2.9972e-08	-0.007486	3.195e-07	-3.1948e-07	0.0088662	2.85724e-08	-0.0088624	3.1948e-07	-3.1954e-07	0.0101846	2.72518e-08	-0.0101822	3.1954e-07	-3.1962e-07	0.0114548	2.59698e-08	-0.0114516	3.1952e-07	-3.1958e-07	0.012698	2.48164e-08	-0.012664	3.1962e-07	-3.1966e-07	0.013846	2.37198e-08	-0.013814	3.1962e-07	-3.1978e-07
0.665	-0.0001513	4.01604e-08	0.00015234	3.1938e-07	-3.193e-07	0.0014856	3.81498e-08	-0.0014868	3.1942e-07	-3.1932e-07	0.00308	3.62576e-08	-0.003081	3.1936e-07	-3.1936e-07	0.0046276	3.45294e-08	-0.004628	3.1948e-07	-3.1948e-07	0.006127	3.27996e-08	-0.0061284	3.1942e-07	-3.1942e-07	0.0075788	3.12264e-08	-0.0075772	3.1938e-07	-3.1948e-07	0.0089728	2.97644e-08	-0.0089754	3.1946e-07	-3.1948e-07	0.01032	2.84014e-08	-0.0103194	3.195e-07	-3.1956e-07	0.01165	2.70444e-08	-0.011618	3.1954e-07	-3.1958e-07	0.01288	2.58402e-08	-0.01285	3.1956e-07	-3.196e-07	0.014058	2.47008e-08	-0.014026	3.196e-07	-3.1972e-07
0.67	-0.0001527	4.19106e-08	0.0001513	3.1938e-07	-3.1936e-07	0.0015022	3.9794e-08	-0.001501	3.1942e-07	-3.194e-07	0.0031118	3.78472e-08	-0.0031118	3.1946e-07	-3.194e-07	0.0046752	3.60318e-08	-0.0046752	3.195e-07	-3.1948e-07	0.0061978	3.4202e-08	-0.0061966	3.1938e-07	-3.1944e-07	0.0076668	3.2558e-08	-0.007667	3.195e-07	-3.1948e-07	0.009086	3.105e-08	-0.009087	3.1954e-07	-3.1954e-07	0.0104526	2.96192e-08	-0.0104526	3.1948e-07	-3.196e-07	0.011804	2.8221e-08	-0.011772	3.1952e-07	-3.1958e-07	0.01306	2.69282e-08	-0.013028	3.195e-07	-3.1966e-07	0.014258	2.57578e-08	-0.01423	3.1966e-07	-3.1976e-07
0.675	-0.0001546	4.37292e-08	0.00015758	3.1936e-07	-3.1936e-07	0.001515	4.15046e-08	-0.0015156	3.1936e-07	-3.194e-07	0.003142	3.9443e-08	-0.00314	3.1942e-07	-3.1942e-07	0.0047254	3.75134e-08	-0.004725	3.195e-07	-3.1954e-07	0.0062652	3.5676e-08	-0.0062642	3.194e-07	-3.1944e-07	0.0077536	3.39516e-08	-0.007754	3.1946e-07	-3.1944e-07	0.0091938	3.2368e-08	-0.0091916	3.1948e-07	-3.1948e-07	0.010579	3.08662e-08	-0.0105784	3.1956e-07	-3.196e-07	0.011954	2.9408e-08	-0.011924	3.1956e-07	-3.1958e-07	0.013236	2.808e-08	-0.013204	3.196e-07	-3.1958e-07	0.01446	2.6846e-08	-0.014428	3.1962e-07	-3.1966e-07
0.68	-0.00015696	4.5652e-08	0.00015698	3.1944e-07	-3.1938e-07	0.0015278	4.33206e-08	-0.0015288	3.1936e-07	-3.1942e-07	0.0031756	4.1181e-08	-0.0031716	3.1946e-07	-3.1944e-07	0.004772	3.91198e-08	-0.0047728	3.1948e-07	-3.1942e-07	0.0063308	3.7223e-08	-0.0063304	3.1946e-07	-3.1948e-07	0.0078388	3.5426e-08	-0.0078396	3.1942e-07	-3.1958e-07	0.0092982	3.37502e-08	-0.0093	3.194e-07	-3.1952e-07	0.0107078	3.21676e-08	-0.0107074	3.1944e-07	-3.1948e-07	0.012106	3.0625e-08	-0.012072	3.195e-07	-3.196e-07	0.01341	2.92468e-08	-0.013376	3.195e-07	-3.1966e-07	0.014662	2.7977e-08	-0.014628	3.1956e-07	-3.197e-07
0.685	-0.00015626	4.76288e-08	0.0001614	3.194e-07	-3.1942e-07	0.0015414	4.51968e-08	-0.0015404	3.1946e-07	-3.1944e-07	0.003204	4.29226e-08	-0.0032012	3.194e-07	-3.1934e-07	0.0048172	4.07984e-08	-0.00482	3.1942e-07	-3.1952e-07	0.0063972	3.88036e-08	-0.0063934	3.1948e-07	-3.1948e-07	0.0079204	3.69162e-08	-0.0079226	3.195e-07	-3.1952e-07	0.009402	3.51682e-08	-0.0093972	3.1942e-07	-3.1946e-07	0.010833	3.35282e-08	-0.0108308	3.1952e-07	-3.1966e-07	0.01225	3.1935e-08	-0.01222	3.195e-07	-3.1954e-07	0.013572	3.04822e-08	-0.01354	3.1952e-07	-3.1964e-07	0.014846	2.91346e-08	-0.014818	3.1954e-07	-3.196e-07
0.69	-0.00015928	4.97004e-08	0.00016048	3.1942e-07	-3.1944e-07	0.001555	4.71704e-08	-0.0015556	3.1938e-07	-3.1936e-07	0.0032288	4.48106e-08	-0.0032284	3.1938e-07	-3.1942e-07	0.004865	4.25634e-08	-0.0048632	3.1948e-07	-3.1942e-07	0.006456	4.04842e-08	-0.0064566	3.1938e-07	-3.194e-07	0.0080022	3.851e-08	-0.008001	3.1944e-07	-3.1958e-07	0.0095018	3.67018e-08	-0.0094998	3.1948e-07	-3.195e-07	0.0109512	3.49828e-08	-0.0109502	3.1948e-07	-3.1962e-07	0.012394	3.32748e-08	-0.012362	3.1942e-07	-3.1958e-07	0.01374	3.17624e-08	-0.01371	3.1952e-07	-3.1962e-07	0.015036	3.03702e-08	-0.015004	3.196e-07	-3.1964e-07
0.695	-0.0001637	5.18674e-08	0.00016164	3.195e-07	-3.1948e-07	0.0015676	4.92206e-08	-0.0015662	3.1936e-07	-3.1938e-07	0.003257	4.6721e-08	-0.0032578	3.1942e-07	-3.1942e-07	0.0049078	4.43824e-08	-0.0049074	3.1946e-07	-3.195e-07	0.0065174	4.2205e-08	-0.0065184	3.1948e-07	-3.1946e-07	0.008079	4.01374e-08	-0.00808	3.1948e-07	-3.1946e-07	0.0095956	3.82488e-08	-0.0095974	3.195e-07	-3.1956e-07	0.0110704	3.64526e-08	-0.0110694	3.1952e-07	-3.1964e-07	0.012532	3.46902e-08	-0.0125	3.195e-07	-3.1956e-07	0.013904	3.31282e-08	-0.01387	3.195e-07	-3.1962e-07	0.01522	3.16316e-08	-0.015186	3.1952e-07	-3.1962e-07
0.7	-0.00016224	5.41482e-08	0.00016496	3.1942e-07	-3.1946e-07	0.0015826	5.13656e-08	-0.0015806	3.1938e-07	-3.1938e-07	0.0032868	4.8785e-08	-0.0032854	3.1942e-07	-3.194e-07	0.0049518	4.63294e-08	-0.0049514	3.1942e-07	-3.1946e-07	0.006576	4.40534e-08	-0.0065762	3.1948e-07	-3.1946e-07	0.0081554	4.1879e-08	-0.0081574	3.1944e-07	-3.1944e-07	0.0096926	3.9898e-08	-0.0096942	3.194e-07	-3.1952e-07	0.0111846	3.79596e-08	-0.0111828	3.1948e-07	-3.1958e-07	0.012666	3.61472e-08	-0.012636	3.1942e-07	-3.195e-07	0.014058	3.45038e-08	-0.014026	3.1954e-07	-3.197e-07	0.015398	3.2896e-08	-0.015368	3.1956e-07	-3.1964e-07
0.705	-0.00016432	5.65238e-08	0.00016684	3.1954e-07	-3.1946e-07	0.0015956	5.36076e-08	-0.001593	3.1938e-07	-3.1936e-07	0.0033104	5.08988e-08	-0.003311	3.1936e-07	-3.1942e-07	0.0049922	4.83044e-08	-0.0049904	3.1944e-07	-3.1946e-07	0.006635	4.5945e-08	-0.0066338	3.1946e-07	-3.1942e-07	0.0082302	4.36674e-08	-0.0082328	3.1948e-07	-3.1954e-07	0.0097862	4.15992e-08	-0.0097856	3.1948e-07	-3.1948e-07	0.011294	3.95404e-08	-0.0112968	3.1952e-07	-3.1958e-07	0.012798	3.7682e-08	-0.012768	3.1942e-07	-3.1952e-07	0.014206	3.5944e-08	-0.01418	3.1962e-07	-3.1962e-07	0.015574	3.42708e-08	-0.015542	3.1956e-07	-3.1968e-07
0.71	-0.0001663	5.90084e-08	0.00016594	3.1952e-07	-3.1944e-07	0.0016062	5.5973e-08	-0.0016048	3.1936e-07	-3.194e-07	0.0033368	5.3129e-08	-0.0033376	3.1944e-07	-3.1944e-07	0.0050336	5.04632e-08	-0.005035	3.1942e-07	-3.1948e-07	0.0066918	4.7931e-08	-0.0066926	3.1942e-07	-3.1948e-07	0.0083078	4.55646e-08	-0.0083082	3.1948e-07	-3.1954e-07	0.0098764	4.33954e-08	-0.0098772	3.195e-07	-3.1952e-07	0.011405	4.1249e-08	-0.011406	3.1952e-07	-3.1954e-07	0.012928	3.92964e-08	-0.012898	3.1954e-07	-3.1956e-07	0.01436	3.74842e-08	-0.014326	3.1962e-07	-3.1966e-07	0.015746	3.5748e-08	-0.015714	3.1966e-07	-3.1974e-07
0.715	-0.0001657	6.15896e-08	0.0001678	3.1952e-07	-3.1946e-07	0.0016186	5.83916e-08	-0.0016178	3.1934e-07	-3.193e-07	0.003365	5.54422e-08	-0.003363	3.194e-07	-3.194e-07	0.0050698	5.26254e-08	-0.0050714	3.1942e-07	-3.1942e-07	0.0067472	4.99938e-08	-0.0067468	3.194e-07	-3.1946e-07	0.0083776	4.75296e-08	-0.0083768	3.1946e-07	-3.1946e-07	0.0099672	4.52486e-08	-0.0099638	3.1948e-07	-3.1952e-07	0.0115008	4.30232e-08	-0.011518	3.1944e-07	-3.1952e-07	0.013052	4.09872e-08	-0.01302	3.1944e-07	-3.1964e-07	0.014508	3.90688e-08	-0.014472	3.1954e-07	-3.1966e-07	0.015912	3.72498e-08	-0.01588	3.196e-07	-3.1972e-07
0.72	-0.0001672	6.43236e-08	0.00016854	3.195e-07	-3.1948e-07	0.0016288	6.0973e-08	-0.001628	3.1936e-07	-3.1938e-07	0.0033902	5.7885e-08	-0.003389	3.1942e-07	-3.1946e-07	0.0051114	5.49416e-08	-0.0051138	3.1944e-07	-3.1946e-07	0.0067994	5.21832e-08	-0.0068	3.194e-07	-3.1944e-07	0.0084508	4.95812e-08	-0.0084526	3.1942e-07	-3.1948e-07	0.0100536	4.72062e-08	-0.010052	3.1954e-07	-3.1958e-07	0.01166	4.48794e-08	-0.01162	3.1948e-07	-3.1962e-07	0.013176	4.2718e-08	-0.013144	3.195e-07	-3.1954e-07	0.01465	4.07182e-08	-0.014618	3.1956e-07	-3.1974e-07	0.016084	3.88122e-08	-0.016044	3.1964e-07	-3.197e-07
0.725	-0.00016962	6.71558e-08	0.00016762	3.1948e-07	-3.1944e-07	0.0016378	6.36604e-08	-0.0016388	3.1938e-07	-3.1936e-07	0.0034142	6.04464e-08	-0.0034098	3.1942e-07	-3.1948e-07	0.0051486	5.73e-08	-0.00515	3.1946e-07	-3.1948e-07	0.0068548	5.44536e-08	-0.0068558	3.1936e-07	-3.194e-07	0.0085138	5.17264e-08	-0.0085166	3.1938e-07	-3.1948e-07	0.0101364	4.92162e-08	-0.0101368	3.1948e-07	-3.1946e-07	0.011758	4.67764e-08	-0.011724	3.1948e-07	-3.1956e-07	0.013294	4.45362e-08	-0.013266	3.1954e-07	-3.1958e-07	0.01479	4.24268e-08	-0.014758	3.1966e-07	-3.1978e-07	0.016232	4.04568e-08	-0.016206	3.196e-07	-3.1974e-07
0.73	-0.00016658	7.01672e-08	0.00017106	3.1942e-07	-3.1934e-07	0.0016508	6.64852e-08	-0.0016506	3.1938e-07	-3.1942e-07	0.00344	6.31206e-08	-0.003436	3.1942e-07	-3.1944e-07	0.0051864	5.9854e-08	-0.0051876	3.1948e-07	-3.1946e-07	0.006905	5.68062e-08	-0.006905	3.1944e-07	-3.1942e-07	0.0085818	5.39952e-08	-0.0085836	3.1944e-07	-3.1948e-07	0.0102208	5.13582e-08	-0.0102194	3.1938e-07	-3.1946e-07	0.011858	4.88162e-08	-0.01183	3.1946e-07	-3.1948e-07	0.013416	4.64476e-08	-0.013382	3.1958e-07	-3.197e-07	0.014924	4.42686e-08	-0.014894	3.1956e-07	-3.1968e-07	0.01639	4.21848e-08	-0.01636	3.196e-07	-3.1968e-07
0.735	-0.0001681	7.32576e-08	0.00016862	3.1942e-07	-3.1936e-07	0.0016602	6.93992e-08	-0.0016606	3.1946e-07	-3.1942e-07	0.0034612	6.58446e-08	-0.00346	3.1936e-07	-3.1936e-07	0.0052236	6.24656e-08	-0.005224	3.1948e-07	-3.1948e-07	0.0069554	5.92938e-08	-0.0069566	3.194e-07	-3.1942e-07	0.0086484	5.63374e-08	-0.0086504	3.1944e-07	-3.1948e-07	0.0102982	5.3557e-08	-0.0102994	3.1944e-07	-3.1952e-07	0.011954	5.09084e-08	-0.011926	3.1944e-07	-3.1958e-07	0.01353	4.84386e-08	-0.013498	3.1954e-07	-3.1972e-07	0.015058	4.61382e-08	-0.015026	3.1966e-07	-3.1974e-07	0.016546	4.39476e-08	-0.016516	3.1964e-07	-3.1972e-07
0.74	-0.00017018	7.65766e-08	0.0001747	3.1942e-07	-3.194e-07	0.0016728	7.25054e-08	-0.0016702	3.194e-07	-3.1936e-07	0.0034836	6.877e-08	-0.003483	3.1942e-07	-3.1942e-07	0.0052582	6.52312e-08	-0.0052562	3.1942e-07	-3.1942e-07	0.0070052	6.19244e-08	-0.0070022	3.1938e-07	-3.1946e-07	0.0087124	5.8786e-08	-0.0087102	3.1938e-07	-3.1946e-07	0.0103818	5.59e-08	-0.0103768	3.1942e-07	-3.1952e-07	0.012052	5.31302e-08	-0.012014	3.1948e-07	-3.1956e-07	0.013644	5.05394e-08	-0.013606	3.1956e-07	-3.1966e-07	0.015188	4.81208e-08	-0.015154	3.1964e-07	-3.1978e-07	0.016694	4.58452e-08	-0.01666	3.1964e-07	-3.1964e-07
0.745	-0.00017436	7.99772e-08	0.00017384	3.194e-07	-3.194e-07	0.0016832	7.57228e-08	-0.0016806	3.1944e-07	-3.1936e-07	0.0035036	7.18078e-08	-0.0035024	3.1938e-07	-3.1952e-07	0.0052914	6.80794e-08	-0.0052948	3.194e-07	-3.1946e-07	0.0070506	6.45854e-08	-0.0070516	3.1936e-07	-3.1946e-07	0.0087732	6.1343e-08	-0.008771	3.1942e-07	-3.1946e-07	0.010458	5.83258e-08	-0.0104576	3.1954e-07	-3.1948e-07	0.01214	5.54014e-08	-0.012108	3.195e-07	-3.1956e-07	0.013748	5.2711e-08	-0.01372	3.1966e-07	-3.197e-07	0.01531	5.01892e-08	-0.015286	3.196e-07	-3.1962e-07	0.016838	4.77854e-08	-0.016808	3.196e-07	-3.1968e-07
0.75	-0.00017318	8.35992e-08	0.000175	3.1944e-07	-3.1944e-07	0.0016896	7.91622e-08	-0.0016916	3.194e-07	-3.1938e-07	0.003526	7.50282e-08	-0.0035266	3.1942e-07	-3.1942e-07	0.005327	7.11478e-08	-0.0053266	3.1944e-07	-3.1942e-07	0.0071004	6.74918e-08	-0.0070986	3.1942e-07	-3.1946e-07	0.0088316	6.40598e-08	-0.0088326	3.1952e-07	-3.1948e-07	0.010533	6.08612e-08	-0.01053	3.1944e-07	-3.1948e-07	0.012234	5.78364e-08	-0.012202	3.1946e-07	-3.1954e-07	0.013858	5.49796e-08	-0.013824	3.1956e-07	-3.197e-07	0.015436	5.23646e-08	-0.015406	3.1956e-07	-3.1966e-07	0.01698	4.98208e-08	-0.01695	3.1962e-07	-3.197e-07
0.755	-0.00017308	8.73682e-08	0.00017414	3.1942e-07	-3.1942e-07	0.0017012	8.26878e-08	-0.0017006	3.1938e-07	-3.194e-07	0.0035464	7.8354e-08	-0.0035468	3.1946e-07	-3.1946e-07	0.005361	7.42776e-08	-0.0053582	3.1944e-07	-3.1946e-07	0.0071468	7.04592e-08	-0.0071468	3.194e-07	-3.1944e-07	0.0088924	6.68634e-08	-0.008891	3.1942e-07	-3.1946e-07	0.0106038	6.35186e-08	-0.0106048	3.1948e-07	-3.1948e-07	0.01232	6.03388e-08	-0.01229	3.1948e-07	-3.1952e-07	0.013964	5.73486e-08	-0.013928	3.1966e-07	-3.1974e-07	0.01556	5.45928e-08	-0.015528	3.195e-07	-3.196e-07	0.017118	5.19666e-08	-0.01709	3.196e-07	-3.1972e-07
0.76	-0.00017716	9.1326e-08	0.00017686	3.194e-07	-3.1936e-07	0.0017086	8.64508e-08	-0.0017094	3.1942e-07	-3.193e-07	0.0035708	8.18886e-08	-0.0035678	3.1944e-07	-3.1942e-07	0.0053914	7.76068e-08	-0.005389	3.1944e-07	-3.1948e-07	0.0071902	7.3606e-08	-0.0071898	3.194e-07	-3.1938e-07	0.0089506	6.98466e-08	-0.0089506	3.1938e-07	-3.1946e-07	0.010675	6.63502e-08	-0.010675	3.1946e-07	-3.1946e-07	0.01241	6.29884e-08	-0.012376	3.1948e-07	-3.195e-07	0.014062	5.98582e-08	-0.014036	3.1962e-07	-3.1966e-07	0.01568	5.69758e-08	-0.015644	3.1952e-07	-3.1956e-07	0.017256	5.42198e-08	-0.017218	3.196e-07	-3.1968e-07
0.765	-0.00017524	9.54492e-08	0.00017874	3.1944e-07	-3.1938e-07	0.0017212	9.0342e-08	-0.0017182	3.1944e-07	-3.1942e-07	0.0035882	8.55736e-08	-0.0035876	3.1942e-07	-3.1936e-07	0.0054242	8.10746e-08	-0.0054238	3.194e-07	-3.1948e-07	0.0072332	7.68504e-08	-0.0072328	3.1936e-07	-3.1942e-07	0.0090072	7.2887e-08	-0.0090072	3.1944e-07	-3.1954e-07	0.0107444	6.92458e-08	-0.0107452	3.1944e-07	-3.1952e-07	0.012494	6.57422e-08	-0.01246	3.1952e-07	-3.1958e-07	0.014162	6.24594e-08	-0.014132	3.1956e-07	-3.1966e-07	0.015796	5.94414e-08	-0.01576	3.1956e-07	-3.197e-07	0.01738	5.65334e-08	-0.017358	3.1966e-07	-3.1966e-07
0.77	-0.00017894	9.98506e-08	0.00018014	3.1946e-07	-3.1946e-07	0.0017292	9.44656e-08	-0.00173	3.1942e-07	-3.1942e-07	0.0036054	8.94594e-08	-0.0036014	3.1942e-07	-3.1942e-07	0.0054544	8.47874e-08	-0.0054542	3.1938e-07	-3.194e-07	0.0072752	8.03108e-08	-0.007276	3.1942e-07	-3.1944e-07	0.0090604	7.61558e-08	-0.0090608	3.1946e-07	-3.1954e-07	0.0108158	7.23356e-08	-0.0108134	3.1942e-07	-3.1948e-07	0.012576	6.86482e-08	-0.012546	3.195e-07	-3.195e-07	0.01426	6.5208e-08	-0.014234	3.1958e-07	-3.1966e-07	0.0159	6.20278e-08	-0.01587	3.1962e-07	-3.1966e-07	0.017512	5.89904e-08	-0.017486	3.197e-07	-3.1976e-07
0.775	-0.0001767	1.044078e-07	0.0001795	3.194e-07	-3.194e-07	0.001735	9.87364e-08	-0.0017364	3.1938e-07	-3.1938e-07	0.003625	9.34336e-08	-0.0036232	3.194e-07	-3.1948e-07	0.0054836	8.85808e-08	-0.0054838	3.194e-07	-3.1938e-07	0.0073178	8.3888e-08	-0.007316	3.1942e-07	-3.1948e-07	0.0091126	7.95458e-08	-0.0091148	3.195e-07	-3.195e-07	0.0108828	7.55066e-08	-0.0108818	3.1948e-07	-3.1946e-07	0.012654	7.1632e-08	-0.012624	3.1946e-07	-3.1954e-07	0.014354	6.80342e-08	-0.014322	3.1956e-07	-3.197e-07	0.016014	6.47054e-08	-0.015978	3.1962e-07	-3.197e-07	0.01764	6.15334e-08	-0.017606	3.1958e-07	-3.1966e-07
0.78	-0.0001771	1.092116e-07	0.00017964	3.1936e-07	-3.1942e-07	0.0017472	1.03278e-07	-0.0017466	3.1938e-07	-3.1944e-07	0.0036434	9.77322e-08	-0.003643	3.1938e-07	-3.1944e-07	0.005508	9.25882e-08	-0.0055146	3.1942e-07	-3.195e-07	0.0073594	8.7677e-08	-0.0073562	3.1944e-07	-3.1948e-07	0.0091692	8.31366e-08	-0.0091672	3.1954e-07	-3.1956e-07	0.0109468	7.8888e-08	-0.010948	3.1944e-07	-3.195e-07	0.012734	7.48216e-08	-0.012698	3.1952e-07	-3.1958e-07	0.01445	7.10376e-08	-0.01441	3.1966e-07	-3.1968e-07	0.016122	6.75714e-08	-0.016096	3.1962e-07	-3.1972e-07	0.017764	6.42394e-08	-0.017736	3.196e-07	-3.1972e-07
0.785	-0.0001768	1.141402e-07	0.0001815	3.1942e-07	-3.194e-07	0.001754	1.079658e-07	-0.0017564	3.194e-07	-3.194e-07	0.003664	1.021596e-07	-0.0036612	3.1944e-07	-3.1938e-07	0.005544	9.67406e-08	-0.005542	3.1936e-07	-3.1932e-07	0.0073968	9.16156e-08	-0.007395	3.1948e-07	-3.1944e-07	0.0092196	8.68388e-08	-0.0092194	3.195e-07	-3.196e-07	0.01101	8.237e-08	-0.0110096	3.1946e-07	-3.1954e-07	0.01281	7.81266e-08	-0.012778	3.195e-07	-3.1954e-07	0.014534	7.41756e-08	-0.014506	3.1964e-07	-3.1966e-07	0.016228	7.05134e-08	-0.01619	3.1962e-07	-3.1966e-07	0.017886	6.70114e-08	-0.01785	3.1966e-07	-3.1974e-07
0.79	-0.0001804	1.195e-07	0.00018162	3.1944e-07	-3.1942e-07	0.0017622	1.129626e-07	-0.001763	3.1942e-07	-3.194e-07	0.003679	1.06915e-07	-0.0036794	3.1936e-07	-3.195e-07	0.0055698	1.011932e-07	-0.0055704	3.1934e-07	-3.194e-07	0.0074362	9.5786e-08	-0.007436	3.1944e-07	-3.1954e-07	0.0092708	9.07962e-08	-0.00927	3.196e-07	-3.1956e-07	0.0110714	8.6096e-08	-0.011073	3.195e-07	-3.1956e-07	0.012884	8.16402e-08	-0.012848	3.1944e-07	-3.1952e-07	0.014624	7.74758e-08	-0.014592	3.1964e-07	-3.197e-07	0.01633	7.36638e-08	-0.016298	3.1962e-07	-3.1968e-07	0.018002	6.99566e-08	-0.017972	3.1966e-07	-3.197e-07
0.795	-0.00018254	1.2502e-07	0.0001791	3.1944e-07	-3.1936e-07	0.0017706	1.1824e-07	-0.0017708	3.1938e-07	-3.1942e-07	0.0036992	1.117596e-07	-0.003698	3.194e-07	-3.194e-07	0.005598	1.057918e-07	-0.0055962	3.194e-07	-3.194e-07	0.0074722	1.001116e-07	-0.007475	3.1942e-07	-3.1948e-07	0.0093188	9.4859e-08	-0.0093176	3.195e-07	-3.195e-07	0.0111334	8.9912e-08	-0.0111318	3.1948e-07	-3.196e-07	0.012958	8.52448e-08	-0.012924	3.1948e-07	-3.196e-07	0.014716	8.08832e-08	-0.014682	3.197e-07	-3.1976e-07	0.016428	7.68632e-08	-0.016396	3.196e-07	-3.197e-07	0.018114	7.30122e-08	-0.018088	3.1958e-07	-3.1974e-07
0.8	-0.00018584	1.3078e-07	0.0001821	3.1944e-07	-3.1942e-07	0.0017784	1.2366e-07	-0.0017792	3.1938e-07	-3.1934e-07	0.003712	1.169e-07	-0.0037132	3.1944e-07	-3.1948e-07	0.0056226	1.106192e-07	-0.0056222	3.1942e-07	-3.1948e-07	0.0075106	1.046346e-07	-0.0075104	3.1938e-07	-3.1948e-07	0.0093658	9.90964e-08	-0.0093664	3.195e-07	-3.1954e-07	0.0111918	9.39642e-08	-0.011191	3.1954e-07	-3.196e-07	0.01303	8.90368e-08	-0.012996	3.1944e-07	-3.1958e-07	0.014794	8.44248e-08	-0.01477	3.196e-07	-3.197e-07	0.01653	8.023e-08	-0.0165	3.1956e-07	-3.1966e-07	0.018226	7.61972e-08	-0.018198	3.1962e-07	-3.1974e-07
0.805	-0.00017968	1.3694e-07	0.00018316	3.1944e-07	-3.1946e-07	0.001786	1.2946e-07	-0.0017834	3.1936e-07	-3.1936e-07	0.0037308	1.2238e-07	-0.0037312	3.1942e-07	-3.1948e-07	0.0056476	1.1582e-07	-0.0056486	3.1932e-07	-3.1944e-07	0.0075436	1.094584e-07	-0.0075456	3.1946e-07	-3.1942e-07	0.009411	1.036728e-07	-0.0094132	3.1954e-07	-3.1954e-07	0.0112506	9.8253e-08	-0.0112496	3.1952e-07	-3.196e-07	0.0131	9.30826e-08	-0.013068	3.1948e-07	-3.196e-07	0.014878	8.82734e-08	-0.01485	3.1966e-07	-3.197e-07	0.016622	8.38418e-08	-0.016596	3.196e-07	-3.1976e-07	0.01834	7.96112e-08	-0.018308	3.196e-07	-3.1972e-07
0.81	-0.00018338	1.433e-07	0.00018548	3.194e-07	-3.1938e-07	0.0017908	1.3542e-07	-0.0017904	3.1938e-07	-3.1942e-07	0.0037476	1.28e-07	-0.0037478	3.1944e-07	-3.1942e-07	0.0056758	1.2112e-07	-0.0056754	3.1944e-07	-3.1936e-07	0.0075824	1.144698e-07	-0.0075794	3.194e-07	-3.1942e-07	0.009458	1.083826e-07	-0.0094596	3.1954e-07	-3.1956e-07	0.011307	1.02698e-07	-0.0113098	3.1954e-07	-3.1952e-07	0.013164	9.72688e-08	-0.013136	3.1946e-07	-3.1964e-07	0.014958	9.22038e-08	-0.014928	3.1964e-07	-3.197e-07	0.01672	8.75416e-08	-0.016684	3.196e-07	-3.1968e-07	0.018444	8.31106e-08	-0.018408	3.1968e-07	-3.1976e-07
0.815	-0.00018524	1.5012e-07	0.00018458	3.1944e-07	-3.1942e-07	0.0018014	1.4192e-07	-0.0017976	3.1938e-07	-3.1942e-07	0.0037624	1.3408e-07	-0.0037614	3.1946e-07	-3.1942e-07	0.0057016	1.2676e-07	-0.0057002	3.1948e-07	-3.1938e-07	0.0076148	1.1984e-07	-0.0076196	3.1942e-07	-3.1946e-07	0.0095032	1.133876e-07	-0.0095032	3.1954e-07	-3.196e-07	0.0113618	1.074252e-07	-0.0113644	3.1954e-07	-3.1962e-07	0.013236	1.017006e-07	-0.013204	3.1952e-07	-3.1958e-07	0.015038	9.64104e-08	-0.015008	3.1966e-07	-3.197e-07	0.016806	9.15352e-08	-0.016778	3.196e-07	-3.1966e-07	0.018546	8.68642e-08	-0.018518	3.196e-07	-3.1972e-07
0.82	-0.00018314	1.571e-07	0.00018446	3.1948e-07	-3.1942e-07	0.0018066	1.4854e-07	-0.0018084	3.194e-07	-3.1936e-07	0.003779	1.4026e-07	-0.0037796	3.194e-07	-3.194e-07	0.0057246	1.326e-07	-0.0057246	3.1938e-07	-3.194e-07	0.0076504	1.2532e-07	-0.0076508	3.1944e-07	-3.1946e-07	0.009546	1.1854e-07	-0.0095474	3.1956e-07	-3.196e-07	0.0114164	1.122724e-07	-0.0114142	3.195e-07	-3.1954e-07	0.013302	1.063176e-07	-0.01327	3.1954e-07	-3.196e-07	0.015116	1.0074e-07	-0.015084	3.1962e-07	-3.1966e-07	0.0169	9.56284e-08	-0.016866	3.1966e-07	-3.1972e-07	0.01865	9.07142e-08	-0.018622	3.1972e-07	-3.1976e-07
0.825	-0.00018544	1.647e-07	0.00018286	3.1946e-07	-3.1942e-07	0.0018156	1.5558e-07	-0.0018166	3.1938e-07	-3.1946e-07	0.003792	1.469e-07	-0.0037922	3.1936e-07	-3.1936e-07	0.0057466	1.3882e-07	-0.005749	3.1938e-07	-3.194e-07	0.007684	1.3124e-07	-0.0076832	3.194e-07	-3.195e-07	0.0095874	1.2418e-07	-0.0095908	3.1954e-07	-3.1966e-07	0.0114674	1.1744e-07	-0.011468	3.1956e-07	-3.1956e-07	0.01336	1.111908e-07	-0.013334	3.1954e-07	-3.196e-07	0.01519	1.05362e-07	-0.01516	3.195e-07	-3.1964e-07	0.016984	9.9929e-08	-0.016954	3.1954e-07	-3.197e-07	0.018756	9.48066e-08	-0.01872	3.1968e-07	-3.197e-07
0.83	-0.0001872	1.7254e-07	0.00018878	3.1942e-07	-3.1942e-07	0.001823	1.6294e-07	-0.0018212	3.1944e-07	-3.194e-07	0.0038064	1.5378e-07	-0.0038084	3.194e-07	-3.1942e-07	0.005773	1.453e-07	-0.0057712	3.194e-07	-3.1944e-07	0.0077154	1.373e-07	-0.0077124	3.1938e-07	-3.1946e-07	0.009631	1.299e-07	-0.0096302	3.1954e-07	-3.1954e-07	0.0115006	1.2286e-07	-0.011528	3.195e-07	-3.196e-07	0.013426	1.163e-07	-0.01339	3.1962e-07	-3.1972e-07	0.015266	1.101386e-07	-0.015234	3.1962e-07	-3.196e-07	0.01707	1.04458e-07	-0.017038	3.196e-07	-3.1972e-07	0.01885	9.90642e-08	-0.01882	3.196e-07	-3.1968e-07
0.835	-0.00018626	1.8092e-07	0.00018806	3.1948e-07	-3.1944e-07	0.0018312	1.7068e-07	-0.0018264	3.1936e-07	-3.1942e-07	0.0038242	1.6118e-07	-0.0038228	3.1946e-07	-3.1942e-07	0.0057962	1.522e-07	-0.0057936	3.1936e-07	-3.1948e-07	0.0077444	1.4378e-07	-0.0077432	3.1944e-07	-3.1948e-07	0.0096708	1.3594e-07	-0.00967	3.1954e-07	-3.1958e-07	0.011618	1.2858e-07	-0.01158	3.1954e-07	-3.196e-07	0.013486	1.2166e-07	-0.013452	3.196e-07	-3.1964e-07	0.015334	1.153e-07	-0.0153	3.1954e-07	-3.1962e-07	0.017156	1.092384e-07	-0.017122	3.1956e-07	-3.1968e-07	0.018946	1.035502e-07	-0.018916	3.1966e-07	-3.1972e-07
0.84	-0.00019072	1.8962e-07	0.00018538	3.1944e-07	-3.194e-07	0.0018348	1.788e-07	-0.001837	3.1942e-07	-3.1944e-07	0.0038392	1.6874e-07	-0.0038366	3.1944e-07	-3.1946e-07	0.0058194	1.5932e-07	-0.0058156	3.1942e-07	-3.1942e-07	0.0077808	1.5048e-07	-0.0077748	3.1944e-07	-3.1946e-07	0.009711	1.4226e-07	-0.0097122	3.1954e-07	-3.1958e-07	0.011662	1.346e-07	-0.011632	3.1956e-07	-3.1954e-07	0.013548	1.2728e-07	-0.013516	3.196e-07	-3.1964e-07	0.015404	1.2044e-07	-0.015374	3.1958e-07	-3.196e-07	0.017234	1.14192e-07	-0.017202	3.196e-07	-3.1972e-07	0.019036	1.082322e-07	-0.01901	3.1962e-07	-3.1974e-07
0.845	-0.00018916	1.9888e-07	0.00018838	3.195e-07	-3.1946e-07	0.0018416	1.8752e-07	-0.0018438	3.1944e-07	-3.194e-07	0.0038538	1.7674e-07	-0.0038492	3.1946e-07	-3.1946e-07	0.0058376	1.669e-07	-0.0058404	3.1938e-07	-3.1944e-07	0.0078072	1.576e-07	-0.0078078	3.1946e-07	-3.1948e-07	0.0097512	1.4904e-07	-0.0097518	3.1956e-07	-3.1954e-07	0.011708	1.4092e-07	-0.011674	3.1956e-07	-3.196e-07	0.013604	1.3328e-07	-0.013572	3.196e-07	-3.1966e-07	0.015476	1.2614e-07	-0.015444	3.1956e-07	-3.1966e-07	0.017314	1.1948e-07	-0.01728	3.1956e-07	-3.1976e-07	0.019128	1.1319e-07	-0.0191	3.1964e-07	-3.1972e-07
0.85	-0.00019026	2.0834e-07	0.00019004	3.1944e-07	-3.194e-07	0.0018504	1.9638e-07	-0.001848	3.1938e-07	-3.1946e-07	0.0038644	1.853e-07	-0.0038622	3.194e-07	-3.1942e-07	0.0058596	1.7478e-07	-0.0058608	3.1938e-07	-3.194e-07	0.0078362	1.6506e-07	-0.0078358	3.1944e-07	-3.1946e-07	0.0097884	1.5596e-07	-0.0097854	3.196e-07	-3.1966e-07	0.011754	1.4744e-07	-0.01172	3.1954e-07	-3.1958e-07	0.01366	1.3938e-07	-0.01363	3.1952e-07	-3.1964e-07	0.01554	1.3192e-07	-0.015516	3.1964e-07	-3.1972e-07	0.017392	1.2502e-07	-0.017364	3.1966e-07	-3.1972e-07	0.019222	1.1842e-07	-0.01919	3.1972e-07	-3.1982e-07
0.855	-0.00018932	2.1862e-07	0.00019208	3.1948e-07	-3.194e-07	0.0018538	2.0598e-07	-0.001854	3.1952e-07	-3.1954e-07	0.0038784	1.943e-07	-0.0038756	3.1936e-07	-3.1936e-07	0.0058812	1.8326e-07	-0.005881	3.1942e-07	-3.1942e-07	0.0078658	1.7288e-07	-0.007867	3.1944e-07	-3.1946e-07	0.0098286	1.6342e-07	-0.009827	3.1952e-07	-3.1956e-07	0.0118	1.545e-07	-0.01177	3.1952e-07	-3.1956e-07	0.013716	1.4598e-07	-0.013686	3.1954e-07	-3.1964e-07	0.015612	1.381e-07	-0.015578	3.195e-07	-3.196e-07	0.017468	1.308e-07	-0.017442	3.1964e-07	-3.197e-07	0.019304	1.2384e-07	-0.019276	3.1972e-07	-3.1972e-07
0.86	-0.00019314	2.2904e-07	0.00018966	3.1942e-07	-3.1942e-07	0.0018596	2.1582e-07	-0.0018608	3.1954e-07	-3.195e-07	0.00389	2.035e-07	-0.0038898	3.1944e-07	-3.1936e-07	0.0059008	1.9192e-07	-0.0059006	3.1942e-07	-3.1942e-07	0.0078952	1.8112e-07	-0.0078952	3.1938e-07	-3.1944e-07	0.0098628	1.711e-07	-0.0098598	3.1952e-07	-3.1964e-07	0.011846	1.6156e-07	-0.011818	3.1948e-07	-3.196e-07	0.013772	1.5286e-07	-0.01374	3.1962e-07	-3.1962e-07	0.015674	1.4448e-07	-0.015642	3.1954e-07	-3.1966e-07	0.017546	1.3688e-07	-0.017512	3.1968e-07	-3.1976e-07	0.019394	1.2948e-07	-0.019364	3.1962e-07	-3.1972e-07
0.865	-0.00019166	2.4024e-07	0.0001922	3.1944e-07	-3.1942e-07	0.0018652	2.2658e-07	-0.0018686	3.1952e-07	-3.1946e-07	0.0039024	2.1352e-07	-0.003904	3.1942e-07	-3.1942e-07	0.005921	2.0124e-07	-0.0059208	3.1944e-07	-3.1954e-07	0.0079212	1.8992e-07	-0.0079232	3.1944e-07	-3.1946e-07	0.0098986	1.793e-07	-0.0098972	3.1956e-07	-3.1956e-07	0.011894	1.6938e-07	-0.011862	3.196e-07	-3.1976e-07	0.013822	1.6012e-07	-0.013796	3.1956e-07	-3.1954e-07	0.015736	1.5128e-07	-0.015704	3.1954e-07	-3.196e-07	0.017618	1.4324e-07	-0.017586	3.1962e-07	-3.198e-07	0.01948	1.3556e-07	-0.019444	3.1966e-07	-3.197e-07
0.87	-0.00019172	2.5194e-07	0.00019326	3.1944e-07	-3.1938e-07	0.0018728	2.3744e-07	-0.0018696	3.195e-07	-3.195e-07	0.0039168	2.2384e-07	-0.0039154	3.1946e-07	-3.1952e-07	0.0059408	2.1094e-07	-0.0059402	3.1948e-07	-3.1948e-07	0.0079486	1.989e-07	-0.0079492	3.1944e-07	-3.1948e-07	0.0099328	1.8784e-07	-0.0099334	3.1948e-07	-3.1954e-07	0.011936	1.7738e-07	-0.011902	3.195e-07	-3.196e-07	0.01388	1.6754e-07	-0.01385	3.1954e-07	-3.1964e-07	0.015796	1.5834e-07	-0.015766	3.1958e-07	-3.1962e-07	0.017686	1.4994e-07	-0.017662	3.1962e-07	-3.1966e-07	0.019558	1.4176e-07	-0.019524	3.196e-07	-3.1976e-07
0.875	-0.00019234	2.6436e-07	0.00019236	3.1942e-07	-3.1942e-07	0.0018792	2.4912e-07	-0.0018798	3.195e-07	-3.1948e-07	0.0039256	2.3474e-07	-0.003927	3.1948e-07	-3.1948e-07	0.0059624	2.212e-07	-0.0059594	3.195e-07	-3.1958e-07	0.0079762	2.0858e-07	-0.0079748	3.1946e-07	-3.1942e-07	0.0099654	1.9692e-07	-0.0099634	3.195e-07	-3.1956e-07	0.011982	1.8586e-07	-0.011946	3.1956e-07	-3.1954e-07	0.013928	1.7562e-07	-0.013896	3.1964e-07	-3.1968e-07	0.015852	1.6594e-07	-0.015828	3.1954e-07	-3.1964e-07	0.01776	1.5698e-07	-0.01773	3.1966e-07	-3.197e-07	0.019638	1.485e-07	-0.01961	3.1964e-07	-3.1974e-07
0.88	-0.0001969	2.7742e-07	0.00019378	3.1944e-07	-3.1936e-07	0.001884	2.613e-07	-0.0018864	3.1948e-07	-3.1948e-07	0.0039386	2.4618e-07	-0.0039414	3.1946e-07	-3.1942e-07	0.0059784	2.3196e-07	-0.0059778	3.1936e-07	-3.1942e-07	0.0080012	2.186e-07	-0.0080032	3.1948e-07	-3.1946e-07	0.0100008	2.0638e-07	-0.0099974	3.1952e-07	-3.1962e-07	0.01202	1.9476e-07	-0.011988	3.1954e-07	-3.1954e-07	0.013976	1.8392e-07	-0.013946	3.1956e-07	-3.1956e-07	0.015914	1.737e-07	-0.015882	3.1958e-07	-3.1964e-07	0.017826	1.6434e-07	-0.017798	3.1962e-07	-3.1966e-07	0.01972	1.5544e-07	-0.019686	3.197e-07	-3.1984e-07
0.885	-0.00019254	2.912e-07	0.00019318	3.1938e-07	-3.1942e-07	0.0018898	2.7436e-07	-0.0018886	3.1944e-07	-3.1952e-07	0.0039498	2.5846e-07	-0.0039544	3.1942e-07	-3.1952e-07	0.0059988	2.434e-07	-0.0059962	3.1944e-07	-3.1944e-07	0.008027	2.2932e-07	-0.0080244	3.1942e-07	-3.1944e-07	0.010034	2.1642e-07	-0.0100314	3.1946e-07	-3.1954e-07	0.012062	2.042e-07	-0.012024	3.1962e-07	-3.1954e-07	0.01403	1.9272e-07	-0.013994	3.1954e-07	-3.1966e-07	0.015972	1.8206e-07	-0.015942	3.1956e-07	-3.1966e-07	0.01789	1.7218e-07	-0.017858	3.196e-07	-3.1976e-07	0.019792	1.6274e-07	-0.019766	3.1964e-07	-3.1978e-07
0.89	-0.00019086	3.0558e-07	0.00019512	3.194e-07	-3.194e-07	0.001894	2.878e-07	-0.0018944	3.1948e-07	-3.195e-07	0.003961	2.7106e-07	-0.0039618	3.1948e-07	-3.1952e-07	0.0060158	2.553e-07	-0.006017	3.1938e-07	-3.1946e-07	0.0080524	2.4042e-07	-0.0080494	3.195e-07	-3.1948e-07	0.010063	2.2686e-07	-0.0100676	3.1954e-07	-3.1952e-07	0.012098	2.1394e-07	-0.012062	3.1954e-07	-3.1966e-07	0.014074	2.0192e-07	-0.014042	3.196e-07	-3.1966e-07	0.016026	1.9066e-07	-0.015998	3.195e-07	-3.197e-07	0.017956	1.8034e-07	-0.017926	3.1956e-07	-3.1966e-07	0.019866	1.7038e-07	-0.019836	3.1968e-07	-3.1984e-07
0.895	-0.00019508	3.2088e-07	0.00019654	3.1938e-07	-3.1944e-07	0.0018992	3.0228e-07	-0.0018986	3.195e-07	-3.1952e-07	0.0039712	2.8448e-07	-0.0039752	3.195e-07	-3.1952e-07	0.006034	2.6798e-07	-0.0060302	3.1942e-07	-3.1942e-07	0.0080774	2.5224e-07	-0.0080746	3.1948e-07	-3.1954e-07	0.010097	2.38e-07	-0.0100978	3.1956e-07	-3.1958e-07	0.012138	2.2442e-07	-0.0121	3.1954e-07	-3.1962e-07	0.014126	2.1176e-07	-0.014094	3.1958e-07	-3.1958e-07	0.016084	1.9992e-07	-0.01605	3.1956e-07	-3.1964e-07	0.01802	1.889e-07	-0.017992	3.1962e-07	-3.1966e-07	0.01994	1.7854e-07	-0.019914	3.1968e-07	-3.1978e-07
0.9	-0.00019742	3.3684e-07	0.00019424	3.1942e-07	-3.1946e-07	0.001904	3.1722e-07	-0.001905	3.1948e-07	-3.1948e-07	0.003985	2.9852e-07	-0.0039828	3.1946e-07	-3.1946e-07	0.006047	2.81e-07	-0.0060518	3.1948e-07	-3.1946e-07	0.0080966	2.6466e-07	-0.0080994	3.1948e-07	-3.1948e-07	0.0101282	2.4954e-07	-0.0101272	3.1956e-07	-3.1962e-07	0.012176	2.3524e-07	-0.012144	3.1958e-07	-3.1964e-07	0.014168	2.2186e-07	-0.014136	3.1962e-07	-3.1964e-07	0.01614	2.0946e-07	-0.016108	3.196e-07	-3.1972e-07	0.018084	1.979e-07	-0.01805	3.1958e-07	-3.197e-07	0.020014	1.8704e-07	-0.01998	3.1974e-07	-3.197e-07
