vg	id_vd = 0.0V	ig_vd = 0.0V	is_vd = 0.0V	iavdd_vd = 0.0V	ignd_vd = 0.0V	id_vd = 0.15V	ig_vd = 0.15V	is_vd = 0.15V	iavdd_vd = 0.15V	ignd_vd = 0.15V	id_vd = 0.3V	ig_vd = 0.3V	is_vd = 0.3V	iavdd_vd = 0.3V	ignd_vd = 0.3V	id_vd = 0.45V	ig_vd = 0.45V	is_vd = 0.45V	iavdd_vd = 0.45V	ignd_vd = 0.45V	id_vd = 0.6V	ig_vd = 0.6V	is_vd = 0.6V	iavdd_vd = 0.6V	ignd_vd = 0.6V	id_vd = 0.75V	ig_vd = 0.75V	is_vd = 0.75V	iavdd_vd = 0.75V	ignd_vd = 0.75V	id_vd = 0.9V	ig_vd = 0.9V	is_vd = 0.9V	iavdd_vd = 0.9V	ignd_vd = 0.9V
-0.3	7.04e-11	-4.6417e-10	-5.747e-11	3.122e-07	-3.1438e-07	1.3213e-09	-8.2437e-10	-3.7924e-10	3.1194e-07	-3.1224e-07	2.3243e-09	-1.5865e-09	-2.9033e-10	3.1268e-07	-3.1172e-07	2.9673e-09	-2.6242e-09	-3.0129e-10	3.1134e-07	-3.1324e-07	3.7315e-09	-4.4813e-09	3.7994e-10	3.1294e-07	-3.13e-07	7.0421e-09	-7.4733e-09	-5.4360000000000007e-11	3.1142e-07	-3.139e-07	1.33058e-08	-1.2651e-08	-2.1135000000000002e-10	3.1304e-07	-3.1154e-07
-0.295	1.1237e-09	-2.7386e-10	-2.9739000000000005e-10	3.1158e-07	-3.1346e-07	8.563e-10	-8.3543e-10	-3.5692000000000005e-10	3.1228e-07	-3.1206e-07	1.0571e-09	-1.5686e-09	-2.201e-10	3.1294e-07	-3.1132e-07	3.3029e-09	-2.623e-09	-3.6135000000000005e-10	3.1162e-07	-3.1306e-07	4.5932e-09	-4.3753e-09	3.0233000000000003e-10	3.1262e-07	-3.1344e-07	8.3004e-09	-7.3767e-09	-1.5747e-10	3.1128e-07	-3.1362e-07	1.19092e-08	-1.2371999999999998e-08	2.4348e-10	3.1372e-07	-3.115e-07
-0.29	9.667e-10	-3.0319e-10	-3.5140000000000005e-10	3.119e-07	-3.1342e-07	1.2752e-09	-5.3035e-10	1.1127e-10	3.1166e-07	-3.1386e-07	7.627e-10	-1.527e-09	-1.2395000000000002e-10	3.133e-07	-3.1128e-07	3.0852e-09	-2.6304e-09	-3.906e-10	3.1188e-07	-3.1258e-07	4.7528e-09	-4.2704e-09	2.2695000000000003e-10	3.1216e-07	-3.1372e-07	8.2228e-09	-7.2829e-09	-2.5624000000000004e-10	3.1118e-07	-3.1342e-07	1.1363e-08	-1.19764e-08	3.1408e-10	3.1272e-07	-3.1332e-07
-0.285	8.187e-10	-3.3979e-10	-3.7386e-10	3.1194e-07	-3.1292e-07	1.3723e-09	-5.374e-10	4.48e-12	3.117e-07	-3.1388e-07	1.6734e-09	-1.184e-09	2.1394e-10	3.1222e-07	-3.1358e-07	2.8264e-09	-2.6202e-09	-3.8186e-10	3.122e-07	-3.123e-07	4.8452e-09	-4.2032e-09	1.4308e-10	3.12e-07	-3.139e-07	8.0357e-09	-7.2071e-09	-3.2481000000000004e-10	3.1162e-07	-3.132e-07	1.1977999999999998e-08	-1.1743799999999998e-08	-1.6751000000000002e-10	3.1128e-07	-3.1362e-07
-0.28	1.0922e-09	-2.4047e-10	-2.9647e-10	3.1174e-07	-3.1354e-07	1.468e-09	-5.4068e-10	-1.0511e-10	3.1132e-07	-3.1396e-07	1.8232e-09	-1.1506e-09	1.1911000000000002e-10	3.1186e-07	-3.1386e-07	2.5397e-09	-2.5892e-09	-3.2794e-10	3.1236e-07	-3.119e-07	4.9353e-09	-4.1379e-09	2.324e-11	3.1166e-07	-3.1396e-07	7.757e-09	-7.1503e-09	-3.6432e-10	3.115e-07	-3.1286e-07	1.2462e-08	-1.1716999999999998e-08	-3.7337e-10	3.1208e-07	-3.1218e-07
-0.275	9.541e-10	-2.6275e-10	-3.4697000000000004e-10	3.1168e-07	-3.1334e-07	1.5197e-09	-5.503400000000001e-10	-2.0587e-10	3.1146e-07	-3.1384e-07	1.952e-09	-1.1469e-09	-4.400000000000001e-12	3.1158e-07	-3.1396e-07	2.1717e-09	-2.5569e-09	-2.5176e-10	3.1268e-07	-3.1142e-07	4.9719e-09	-4.0894e-09	-9.566000000000001e-11	3.1134e-07	-3.1382e-07	7.4486e-09	-7.0807e-09	-3.8743e-10	3.118e-07	-3.1252e-07	1.16694e-08	-1.15998e-08	2.099e-11	3.1348e-07	-3.1082e-07
-0.27	8.28e-10	-2.9944e-10	-3.7216e-10	3.1186e-07	-3.1318e-07	1.4785e-09	-5.7344e-10	-2.7652000000000004e-10	3.1138e-07	-3.1338e-07	2.0635e-09	-1.1509e-09	-1.3966e-10	3.1134e-07	-3.1372e-07	1.861e-09	-2.5096e-09	-1.7460000000000002e-10	3.1298e-07	-3.1138e-07	5.0141e-09	-4.0531e-09	-2.2506e-10	3.1146e-07	-3.1366e-07	7.1213e-09	-7.0037e-09	-3.6356e-10	3.1204e-07	-3.119e-07	1.054e-08	-1.1252e-08	3.8114e-10	3.132e-07	-3.1224e-07
-0.265	1.0875e-09	-1.9258e-10	-2.7965e-10	3.118e-07	-3.1358e-07	1.3272e-09	-5.9934e-10	-3.3584e-10	3.1156e-07	-3.1328e-07	2.1088e-09	-1.1524e-09	-2.3837e-10	3.1132e-07	-3.1362e-07	1.6351999999999999e-09	-2.4506e-09	-7.242e-11	3.1346e-07	-3.113e-07	4.9017e-09	-4.0337e-09	-3.1186000000000005e-10	3.1136e-07	-3.132e-07	6.7517e-09	-6.8988e-09	-2.9806e-10	3.1234e-07	-3.117e-07	1.06678e-08	-1.09366e-08	1.4294e-10	3.1192e-07	-3.138e-07
-0.26	9.697e-10	-2.1405000000000003e-10	-3.3216e-10	3.1174e-07	-3.1362e-07	1.1937e-09	-6.2052e-10	-3.6663e-10	3.1158e-07	-3.1284e-07	2.0304e-09	-1.172e-09	-3.1147e-10	3.1156e-07	-3.1328e-07	1.4616e-09	-2.3668e-09	3.628e-11	3.1336e-07	-3.1094e-07	4.6647e-09	-4.0005e-09	-3.5957000000000003e-10	3.117e-07	-3.1284e-07	6.331e-09	-6.7898e-09	-2.2883000000000003e-10	3.1292e-07	-3.114e-07	1.1417599999999998e-08	-1.08364e-08	-3.4345000000000004e-10	3.1144e-07	-3.1302e-07
-0.255	8.23e-10	-2.5519e-10	-3.6275e-10	3.1174e-07	-3.1304e-07	1.0391e-09	-6.4836e-10	-3.8705e-10	3.1182e-07	-3.1244e-07	1.8468e-09	-1.1989e-09	-3.611e-10	3.118e-07	-3.1312e-07	1.3385e-09	-2.3006e-09	1.4719e-10	3.1352e-07	-3.1132e-07	4.4553e-09	-3.9762e-09	-3.8295e-10	3.1192e-07	-3.1272e-07	5.9746e-09	-6.6784e-09	-1.379e-10	3.1302e-07	-3.1128e-07	1.14122e-08	-1.08502e-08	-2.3047e-10	3.127e-07	-3.1146e-07
-0.25	1.0761e-09	-1.5637000000000002e-10	-2.7093e-10	3.1164e-07	-3.1378e-07	8.599e-10	-6.6685e-10	-3.7943000000000005e-10	3.12e-07	-3.1226e-07	1.6559e-09	-1.2257e-09	-3.8956000000000005e-10	3.1178e-07	-3.1244e-07	1.3096e-09	-2.2171e-09	2.2507000000000003e-10	3.1366e-07	-3.1136e-07	4.1912e-09	-3.9463e-09	-3.7758000000000005e-10	3.1188e-07	-3.1218e-07	5.7108e-09	-6.5475e-09	-4.4050000000000006e-11	3.132e-07	-3.1116e-07	1.0188399999999998e-08	-1.06092e-08	2.3765e-10	3.1382e-07	-3.1156e-07
-0.245	9.493e-10	-1.8558e-10	-3.2739000000000005e-10	3.1188e-07	-3.134e-07	1.2412e-09	-4.027e-10	1.058e-11	3.1146e-07	-3.1398e-07	1.4221e-09	-1.2334e-09	-3.7105e-10	3.1224e-07	-3.12e-07	1.3659e-09	-2.1291e-09	2.9717e-10	3.1372e-07	-3.1188e-07	3.9069e-09	-3.9074e-09	-3.3809e-10	3.1222e-07	-3.1176e-07	5.4972e-09	-6.401e-09	8.179000000000001e-11	3.1338e-07	-3.1108e-07	1.0985599999999998e-08	-1.03506e-08	-3.5518e-10	3.1164e-07	-3.1302e-07
-0.24	8.005e-10	-2.3355000000000004e-10	-3.6629e-10	3.1194e-07	-3.132e-07	1.3405e-09	-4.1569e-10	-9.041e-11	3.1134e-07	-3.1394e-07	1.095e-09	-1.2318e-09	-3.0519e-10	3.1254e-07	-3.1172e-07	1.4768e-09	-2.0386e-09	3.4959000000000003e-10	3.1332e-07	-3.12e-07	3.5646e-09	-3.8491e-09	-2.6557000000000005e-10	3.1256e-07	-3.116e-07	5.3331e-09	-6.2699e-09	1.7419000000000002e-10	3.1364e-07	-3.1114e-07	1.08984e-08	-1.03546e-08	-2.1387e-10	3.1286e-07	-3.1146e-07
-0.235	1.0428e-09	-1.2427e-10	-2.6811e-10	3.1164e-07	-3.1386e-07	1.4026e-09	-4.2853e-10	-1.9794e-10	3.1146e-07	-3.1374e-07	7.424e-10	-1.2247e-09	-2.2854e-10	3.1274e-07	-3.113e-07	1.6042e-09	-1.9594e-09	3.9826e-10	3.1316e-07	-3.123e-07	3.2155e-09	-3.7918e-09	-1.9206e-10	3.128e-07	-3.115e-07	5.2714e-09	-6.1377e-09	2.4637e-10	3.1364e-07	-3.115e-07	9.6994e-09	-1.01334e-08	2.3845000000000004e-10	3.1366e-07	-3.1136e-07
-0.23	9.32e-10	-1.5416e-10	-3.2132000000000003e-10	3.1186e-07	-3.1364e-07	1.3645e-09	-4.4942e-10	-2.7461e-10	3.1152e-07	-3.136e-07	1.4401e-09	-1.1432e-09	-3.828e-10	3.119e-07	-3.1238e-07	1.7759e-09	-1.891e-09	3.8597e-10	3.1276e-07	-3.1308e-07	2.8378e-09	-3.7018e-09	-2.832e-11	3.1336e-07	-3.1114e-07	5.297e-09	-5.9793e-09	3.1275000000000003e-10	3.1366e-07	-3.1196e-07	1.06086e-08	-9.9638e-09	7.399e-11	3.1346e-07	-3.1086e-07
-0.225	8.029e-10	-1.9748000000000003e-10	-3.5986000000000004e-10	3.1194e-07	-3.133e-07	1.2167e-09	-4.8338e-10	-3.3612e-10	3.1156e-07	-3.132e-07	1.1878e-09	-1.1495e-09	-3.4725e-10	3.1216e-07	-3.1178e-07	2.0218e-09	-1.8259e-09	3.1902e-10	3.127e-07	-3.1358e-07	2.7055e-09	-3.6206e-09	7.280000000000001e-11	3.134e-07	-3.1086e-07	5.3589e-09	-5.8507e-09	3.6327e-10	3.1322e-07	-3.1212e-07	1.0396e-08	-9.804999999999999e-09	-2.6233e-10	3.1268e-07	-3.1144e-07
-0.22	1.0408e-09	-9.47e-11	-2.5109e-10	3.1142e-07	-3.138e-07	1.0721e-09	-5.2079e-10	-3.6671e-10	3.1174e-07	-3.1308e-07	8.968e-10	-1.1472e-09	-2.7322e-10	3.125e-07	-3.1164e-07	2.2096e-09	-1.7587e-09	2.4513e-10	3.1216e-07	-3.1356e-07	2.5692e-09	-3.5079e-09	1.7698000000000002e-10	3.1336e-07	-3.1126e-07	5.4338e-09	-5.7097e-09	3.9316e-10	3.1318e-07	-3.1274e-07	9.317399999999997e-09	-9.4263e-09	3.8955e-10	3.1286e-07	-3.129e-07
-0.215	9.411e-10	-1.2408e-10	-3.1434e-10	3.1166e-07	-3.1354e-07	9.205e-10	-5.3764e-10	-3.8954e-10	3.119e-07	-3.1278e-07	6.022e-10	-1.1325e-09	-2.0405e-10	3.1282e-07	-3.1132e-07	2.3506e-09	-1.7115e-09	1.5778000000000002e-10	3.1206e-07	-3.1376e-07	2.5546e-09	-3.4053e-09	2.5036e-10	3.136e-07	-3.1142e-07	5.5612e-09	-5.5854e-09	3.6874e-10	3.1274e-07	-3.13e-07	1.0001799999999998e-08	-9.4702e-09	-3.8334e-10	3.1204e-07	-3.122e-07
-0.21	7.898e-10	-1.701e-10	-3.5812e-10	3.1166e-07	-3.1326e-07	7.385e-10	-5.5571e-10	-3.8037000000000005e-10	3.121e-07	-3.1242e-07	1.3984e-09	-1.0863e-09	-2.9871000000000005e-10	3.124e-07	-3.119e-07	2.4471e-09	-1.6967e-09	6.210000000000001e-11	3.1152e-07	-3.1394e-07	2.6275e-09	-3.2987e-09	3.1672e-10	3.136e-07	-3.1196e-07	5.7393e-09	-5.4605e-09	2.9284000000000005e-10	3.1256e-07	-3.1346e-07	9.8312e-09	-9.3247e-09	-3.8035e-10	3.1186e-07	-3.1224e-07
-0.205	1.0203e-09	-6.736e-11	-2.4073e-10	3.1164e-07	-3.1374e-07	1.2909e-09	-3.3301e-10	-1.3392e-10	3.1152e-07	-3.137e-07	6.586e-10	-1.0837e-09	-2.2130000000000003e-10	3.1278e-07	-3.1152e-07	2.535e-09	-1.6789e-09	-5.787e-11	3.1146e-07	-3.139e-07	2.725e-09	-3.1935e-09	3.6857000000000005e-10	3.1334e-07	-3.124e-07	5.867e-09	-5.3536e-09	2.2302e-10	3.1194e-07	-3.1356e-07	9.6416e-09	-9.1833e-09	-3.7552e-10	3.1186e-07	-3.122e-07
-0.2	9.514e-10	-9.468e-11	-2.9906e-10	3.1166e-07	-3.1358e-07	1.3176e-09	-3.4879000000000004e-10	-2.3188000000000003e-10	3.1142e-07	-3.1346e-07	1.5231e-09	-1.0418e-09	-3.2349000000000004e-10	3.125e-07	-3.119e-07	2.6318e-09	-1.6711e-09	-1.7725e-10	3.1148e-07	-3.137e-07	2.8419e-09	-3.095e-09	3.9585e-10	3.1308e-07	-3.128e-07	5.9389e-09	-5.2594e-09	1.2317e-10	3.1172e-07	-3.138e-07	9.2056e-09	-9.0592e-09	-2.9979e-10	3.1252e-07	-3.117e-07
-0.195	8.05e-10	-1.3591e-10	-3.5143000000000005e-10	3.1164e-07	-3.1318e-07	1.2537e-09	-3.7311e-10	-2.8841000000000004e-10	3.115e-07	-3.1348e-07	6.502e-10	-1.0405e-09	-2.4473000000000004e-10	3.1274e-07	-3.1132e-07	2.6231e-09	-1.6866e-09	-2.8197e-10	3.1146e-07	-3.1346e-07	3.0118e-09	-3.0147e-09	3.6567e-10	3.1258e-07	-3.1298e-07	5.9984e-09	-5.1934e-09	5.520000000000001e-12	3.1152e-07	-3.1406e-07	7.9075e-09	-8.845e-09	1.4839000000000002e-10	3.1368e-07	-3.1114e-07
-0.19	1.0019e-09	-3.9280000000000005e-11	-2.2159e-10	3.1156e-07	-3.1374e-07	1.109e-09	-4.0578e-10	-3.4476e-10	3.1144e-07	-3.1304e-07	1.4558e-09	-1.015e-09	-9.979e-11	3.1338e-07	-3.1128e-07	2.4488e-09	-1.7008e-09	-3.5241000000000003e-10	3.1146e-07	-3.1302e-07	3.1999e-09	-2.9338e-09	2.9672000000000004e-10	3.1244e-07	-3.1354e-07	6.0505e-09	-5.1428e-09	-1.2367e-10	3.1148e-07	-3.1396e-07	7.7752e-09	-8.6767e-09	2.298e-10	3.1372e-07	-3.1146e-07
-0.185	9.358e-10	-7.588e-11	-3.0069e-10	3.115e-07	-3.1352e-07	9.697e-10	-4.314e-10	-3.6855e-10	3.1162e-07	-3.1272e-07	1.4754e-09	-9.905e-10	-7.943e-11	3.1342e-07	-3.1128e-07	2.24e-09	-1.7211e-09	-3.8399e-10	3.1158e-07	-3.1282e-07	3.2979e-09	-2.8556e-09	2.4724e-10	3.1212e-07	-3.1358e-07	6.0505e-09	-5.094e-09	-2.3249e-10	3.1126e-07	-3.1346e-07	7.7395e-09	-8.4802e-09	2.9796e-10	3.1366e-07	-3.119e-07
-0.18	7.944e-10	-1.1068e-10	-3.4633000000000003e-10	3.1186e-07	-3.1346e-07	8.099e-10	-4.5954000000000005e-10	-3.8828e-10	3.1198e-07	-3.1272e-07	1.4846e-09	-6.727e-10	2.6689e-10	3.1246e-07	-3.1364e-07	2.02e-09	-1.7283e-09	-3.8231000000000005e-10	3.1206e-07	-3.1226e-07	3.2359e-09	-2.7948e-09	2.4851e-10	3.1228e-07	-3.1362e-07	5.9257e-09	-5.0578e-09	-3.1235e-10	3.1132e-07	-3.1312e-07	7.7509e-09	-8.303e-09	3.4806000000000004e-10	3.1334e-07	-3.1208e-07
-0.175	9.875e-10	-2.4230000000000003e-11	-2.1671e-10	3.1158e-07	-3.1376e-07	1.2512e-09	-2.9774e-10	-2.3478000000000004e-10	3.113e-07	-3.1368e-07	1.4782e-09	-9.5542e-10	-3.0063e-10	3.1236e-07	-3.116e-07	1.7273e-09	-1.729e-09	-3.4047e-10	3.1218e-07	-3.1176e-07	3.3062e-09	-2.7392e-09	2.0022e-10	3.1216e-07	-3.1376e-07	5.6906e-09	-5.0143e-09	-3.5693000000000003e-10	3.1152e-07	-3.1304e-07	7.7867e-09	-8.137e-09	3.9344e-10	3.1326e-07	-3.124e-07
-0.17	8.043e-10	4.2410000000000005e-11	4.0000000000000006e-14	3.1188e-07	-3.1406e-07	1.155e-09	-3.1897000000000004e-10	-3.0603000000000003e-10	3.1156e-07	-3.1344e-07	1.2623e-09	-6.177e-10	1.7745000000000002e-10	3.1214e-07	-3.1402e-07	1.3964e-09	-1.7032e-09	-2.6891e-10	3.1258e-07	-3.114e-07	3.4194e-09	-2.6922e-09	8.589000000000001e-11	3.117e-07	-3.1382e-07	5.4379e-09	-4.9806e-09	-3.8432e-10	3.1196e-07	-3.1272e-07	7.8378e-09	-7.9713e-09	3.8837e-10	3.1294e-07	-3.1286e-07
-0.165	5.381e-10	6.919000000000001e-11	1.9888e-10	3.1214e-07	-3.1384e-07	1.0107e-09	-3.5834000000000003e-10	-3.5209e-10	3.114e-07	-3.1302e-07	1.3755e-09	-6.2183e-10	9.25e-11	3.1188e-07	-3.1404e-07	1.0622e-09	-1.6769999999999999e-09	-1.8157000000000003e-10	3.1304e-07	-3.1146e-07	3.5066e-09	-2.666e-09	-3.103e-11	3.1146e-07	-3.1404e-07	5.1558e-09	-4.9345e-09	-3.7722e-10	3.1196e-07	-3.1202e-07	7.9665e-09	-7.8095e-09	3.2311000000000004e-10	3.1274e-07	-3.1328e-07
-0.16	7.991e-10	-8.632e-11	-3.3988e-10	3.1156e-07	-3.1344e-07	8.702e-10	-3.9086e-10	-3.8258e-10	3.1168e-07	-3.1262e-07	1.4623e-09	-6.146e-10	-1.021e-11	3.1168e-07	-3.142e-07	8.431e-10	-1.6316e-09	-9.168e-11	3.1316e-07	-3.1098e-07	3.5734e-09	-2.6436e-09	-1.5731000000000002e-10	3.1148e-07	-3.1382e-07	4.8206e-09	-4.8804e-09	-3.2348e-10	3.1228e-07	-3.118e-07	8.083e-09	-7.6459e-09	2.5311e-10	3.1214e-07	-3.1382e-07
-0.155	9.755e-10	8.82e-12	-2.0552e-10	3.1166e-07	-3.1386e-07	1.1973e-09	-2.2227e-10	-1.7292e-10	3.1144e-07	-3.1382e-07	1.5561e-09	-6.1614e-10	-1.132e-10	3.1152e-07	-3.1396e-07	1.5684e-09	-1.3184e-09	2.9758e-10	3.1258e-07	-3.136e-07	3.5862e-09	-2.6352e-09	-2.5908e-10	3.1126e-07	-3.1344e-07	4.4504e-09	-4.8071e-09	-2.5256e-10	3.1268e-07	-3.1152e-07	8.1366e-09	-7.5193e-09	1.6944e-10	3.1182e-07	-3.1376e-07
-0.15	7.861e-10	6.165e-11	2.085e-11	3.1178e-07	-3.1394e-07	1.1937e-09	-2.4998e-10	-2.5188e-10	3.115e-07	-3.1366e-07	1.5986e-09	-6.241400000000001e-10	-2.0196e-10	3.1138e-07	-3.1366e-07	1.7885e-09	-1.2573e-09	2.1540000000000003e-10	3.1218e-07	-3.1374e-07	3.4388e-09	-2.6266e-09	-3.3100000000000005e-10	3.1138e-07	-3.1314e-07	4.1222e-09	-4.7298e-09	-1.8324e-10	3.1296e-07	-3.1148e-07	8.1661e-09	-7.411e-09	6.269e-11	3.115e-07	-3.1374e-07
-0.145	7.416e-10	-9.225e-11	-3.5436e-10	3.1168e-07	-3.1308e-07	1.1003e-09	-2.6944e-10	-3.0737000000000005e-10	3.1138e-07	-3.134e-07	1.5562e-09	-6.449e-10	-2.6778000000000003e-10	3.113e-07	-3.1344e-07	1.9103e-09	-1.2295e-09	1.3267000000000002e-10	3.1182e-07	-3.1384e-07	3.2391e-09	-2.6249e-09	-3.6453e-10	3.1174e-07	-3.127e-07	3.8641e-09	-4.6454e-09	-9.518e-11	3.1334e-07	-3.1134e-07	8.1709e-09	-7.3232e-09	-5.74e-11	3.1142e-07	-3.14e-07
-0.14	-8.012000000000001e-10	-1.4125e-10	1.5087000000000002e-10	3.1366e-07	-3.1148e-07	9.582e-10	-2.9986000000000004e-10	-3.5159e-10	3.1142e-07	-3.1294e-07	1.4287e-09	-6.6e-10	-3.2612e-10	3.1162e-07	-3.133e-07	2.0303e-09	-1.2172e-09	1.6670000000000002e-11	3.1162e-07	-3.138e-07	3.0203e-09	-2.6301e-09	-3.8932e-10	3.1194e-07	-3.1266e-07	3.6476e-09	-4.5353e-09	1.914e-11	3.1332e-07	-3.1088e-07	8.1908e-09	-7.2284e-09	-1.8659000000000002e-10	3.1152e-07	-3.138e-07
-0.135	-7.8662e-10	-1.2122000000000002e-10	2.0094e-10	3.1376e-07	-3.1164e-07	8.195e-10	-3.351e-10	-3.7521e-10	3.1168e-07	-3.1264e-07	1.2793e-09	-6.776800000000001e-10	-3.5892000000000004e-10	3.1162e-07	-3.1298e-07	2.1315e-09	-1.2259e-09	-1.2051e-10	3.1128e-07	-3.1374e-07	2.7687e-09	-2.613e-09	-3.6972e-10	3.1224e-07	-3.1194e-07	3.4882e-09	-4.4206e-09	1.4439e-10	3.1348e-07	-3.1108e-07	8.0873e-09	-7.1542e-09	-2.7356000000000004e-10	3.112e-07	-3.1352e-07
-0.13	-7.6202e-10	-1.0171e-10	2.3258e-10	3.1382e-07	-3.1154e-07	1.1012e-09	-2.2682e-10	-2.92e-10	3.1126e-07	-3.1338e-07	1.1361e-09	-7.1382e-10	-3.8625e-10	3.1194e-07	-3.1248e-07	2.2037e-09	-1.238e-09	-2.4624e-10	3.1138e-07	-3.1352e-07	2.4439e-09	-2.5811e-09	-3.0701e-10	3.125e-07	-3.1166e-07	3.4274e-09	-4.3072e-09	2.2643e-10	3.1388e-07	-3.1142e-07	7.8533e-09	-7.0871e-09	-3.4612000000000004e-10	3.1164e-07	-3.1304e-07
-0.125	-6.998200000000001e-10	-7.183000000000001e-11	2.7368000000000003e-10	3.1378e-07	-3.1206e-07	9.615e-10	-2.5161e-10	-3.3942e-10	3.1138e-07	-3.1326e-07	9.489e-10	-7.3686e-10	-3.8566e-10	3.1192e-07	-3.1224e-07	2.111e-09	-1.2554e-09	-3.211e-10	3.1156e-07	-3.1336e-07	2.1001e-09	-2.5483e-09	-2.2804e-10	3.1274e-07	-3.1142e-07	3.453e-09	-4.1969e-09	2.9579e-10	3.1356e-07	-3.119e-07	7.5701e-09	-7.0235e-09	-3.7938e-10	3.1168e-07	-3.128e-07
-0.12	-6.158700000000001e-10	-3.8590000000000006e-11	3.0742e-10	3.1364e-07	-3.1206e-07	8.262e-10	-2.911e-10	-3.6992000000000005e-10	3.1162e-07	-3.1302e-07	7.562e-10	-7.3383e-10	-3.6187e-10	3.1218e-07	-3.1196e-07	1.9257e-09	-1.2813e-09	-3.6488e-10	3.1176e-07	-3.1284e-07	1.7954e-09	-2.4977999999999998e-09	-1.3665e-10	3.1288e-07	-3.11e-07	3.5238e-09	-4.0734e-09	3.4317e-10	3.134e-07	-3.1212e-07	7.2804e-09	-6.9522e-09	-3.8410000000000005e-10	3.1206e-07	-3.1242e-07
-0.115	-5.4444e-10	-1.7820000000000003e-11	3.3522e-10	3.1348e-07	-3.122e-07	1.0774e-09	-1.9305e-10	-2.8853000000000004e-10	3.1146e-07	-3.1354e-07	1.342e-09	-4.8211e-10	-4.768e-11	3.115e-07	-3.1404e-07	1.7386e-09	-1.3069e-09	-3.9454e-10	3.1196e-07	-3.126e-07	1.5814e-09	-2.4319e-09	-3.4360000000000005e-11	3.1344e-07	-3.1124e-07	3.6023e-09	-3.9678e-09	3.9331e-10	3.1322e-07	-3.124e-07	6.9347e-09	-6.8745e-09	-3.5381000000000004e-10	3.1232e-07	-3.1204e-07
-0.11	-4.4305e-10	7.570000000000003e-12	3.6366e-10	3.134e-07	-3.1246e-07	9.273e-10	-2.2593e-10	-3.4298000000000004e-10	3.115e-07	-3.1314e-07	1.4347e-09	-4.8165e-10	-1.5433000000000002e-10	3.1134e-07	-3.1384e-07	1.4985e-09	-1.3131e-09	-3.7762e-10	3.1206e-07	-3.1202e-07	1.4383e-09	-2.3552e-09	8.074000000000001e-11	3.1364e-07	-3.1106e-07	3.734e-09	-3.8683e-09	3.8780000000000005e-10	3.1294e-07	-3.1294e-07	6.5413e-09	-6.783e-09	-2.84e-10	3.1246e-07	-3.1166e-07
-0.105	-3.6794e-10	3.3230000000000004e-11	3.8545000000000005e-10	3.1348e-07	-3.127e-07	8.087e-10	-2.6116e-10	-3.6585e-10	3.1162e-07	-3.1286e-07	1.4548e-09	-5.0459e-10	-2.4711000000000004e-10	3.1122e-07	-3.1348e-07	1.2038e-09	-1.3062e-09	-3.2025e-10	3.125e-07	-3.1186e-07	1.3413e-09	-2.2765e-09	1.8079e-10	3.1366e-07	-3.1126e-07	3.9044e-09	-3.7738e-09	3.27e-10	3.128e-07	-3.1326e-07	6.1366e-09	-6.6749e-09	-2.0391e-10	3.1278e-07	-3.113e-07
-0.1	-3.2340000000000004e-10	4.123e-11	3.9444e-10	3.1352e-07	-3.1254e-07	1.0782e-09	-1.5095e-10	-2.6351e-10	3.1156e-07	-3.137e-07	1.3625e-09	-5.2889e-10	-3.1279e-10	3.113e-07	-3.132e-07	8.908e-10	-1.2963e-09	-2.4498e-10	3.1272e-07	-3.1148e-07	1.3388e-09	-2.2024e-09	2.4885e-10	3.1362e-07	-3.1162e-07	4.0995e-09	-3.6754e-09	2.5057e-10	3.122e-07	-3.1384e-07	5.8135e-09	-6.5617e-09	-1.0841e-10	3.1312e-07	-3.1102e-07
-0.095	-4.4146000000000005e-10	2.041e-11	3.6692e-10	3.1338e-07	-3.123e-07	9.52e-10	-1.8139e-10	-3.2507000000000005e-10	3.1146e-07	-3.134e-07	1.2144e-09	-5.4915e-10	-3.5219e-10	3.1142e-07	-3.1312e-07	1.4754e-09	-1.0638e-09	-2.7532000000000004e-10	3.1144e-07	-3.1346e-07	1.4518e-09	-2.0972e-09	3.2173000000000004e-10	3.1352e-07	-3.118e-07	4.228e-09	-3.5952e-09	1.5599000000000002e-10	3.1202e-07	-3.1382e-07	5.5507e-09	-6.4255e-09	4.7e-13	3.1336e-07	-3.1104e-07
-0.09	-5.3694e-10	4.040000000000001e-12	3.3715e-10	3.1344e-07	-3.1236e-07	8.129e-10	-2.2301e-10	-3.6045e-10	3.1162e-07	-3.129e-07	1.0818e-09	-5.801200000000001e-10	-3.7622e-10	3.1174e-07	-3.1264e-07	1.872e-09	-1.0918e-09	-3.4667e-10	3.1156e-07	-3.132e-07	1.5429e-09	-2.015e-09	3.7429e-10	3.132e-07	-3.1238e-07	4.3211e-09	-3.5554e-09	5.107e-11	3.1146e-07	-3.1374e-07	5.3647e-09	-6.2949e-09	1.1963e-10	3.137e-07	-3.111e-07
-0.085	-4.4876e-10	2.9950000000000004e-11	3.7028e-10	3.1336e-07	-3.125e-07	1.0654e-09	-1.2247000000000002e-10	-2.5472000000000003e-10	3.1126e-07	-3.1352e-07	8.808e-10	-6.068200000000001e-10	-3.8703e-10	3.1178e-07	-3.1254e-07	1.6748e-09	-1.132e-09	-3.8308e-10	3.1164e-07	-3.1284e-07	1.6775e-09	-1.9452e-09	3.9513e-10	3.1298e-07	-3.1272e-07	4.3632e-09	-3.5096e-09	-6.693000000000001e-11	3.114e-07	-3.1382e-07	5.2501e-09	-6.1539e-09	2.1457e-10	3.1366e-07	-3.1138e-07
-0.08	-3.5092e-10	4.629e-11	3.9251e-10	3.134e-07	-3.1254e-07	9.62e-10	-1.4784e-10	-3.1399e-10	3.115e-07	-3.1316e-07	7.049e-10	-6.216800000000001e-10	-3.7168000000000005e-10	3.1204e-07	-3.1198e-07	1.4575e-09	-1.1429e-09	-3.8914e-10	3.1184e-07	-3.123e-07	1.8517e-09	-1.8787e-09	3.7166e-10	3.1266e-07	-3.1302e-07	4.4348e-09	-3.4769e-09	-1.9037e-10	3.1158e-07	-3.1386e-07	5.2333e-09	-6.0066e-09	2.9319e-10	3.1376e-07	-3.1186e-07
-0.075	-2.5235e-10	6.456000000000001e-11	3.9523e-10	3.1328e-07	-3.1292e-07	8.276e-10	-1.9003e-10	-3.5335e-10	3.117e-07	-3.1322e-07	1.2155e-09	-3.5752e-10	-2.377e-11	3.1156e-07	-3.1394e-07	1.2326e-09	-1.1465e-09	-3.5637000000000003e-10	3.122e-07	-3.1184e-07	2.1044e-09	-1.8035e-09	2.8643e-10	3.1228e-07	-3.1346e-07	4.3845e-09	-3.4539e-09	-2.8238e-10	3.1124e-07	-3.133e-07	5.2945e-09	-5.8602e-09	3.4784e-10	3.1348e-07	-3.1208e-07
-0.07	-1.6425e-10	8.157000000000001e-11	3.9215e-10	3.133e-07	-3.1304e-07	1.0474e-09	-8.549e-11	-2.3069e-10	3.114e-07	-3.135e-07	1.3117e-09	-3.6925e-10	-1.3263e-10	3.1136e-07	-3.1378e-07	8.491e-10	-1.1453e-09	-2.756e-10	3.1256e-07	-3.1148e-07	2.2873e-09	-1.7439e-09	2.0607e-10	3.1198e-07	-3.1374e-07	4.1865e-09	-3.4429e-09	-3.4160000000000004e-10	3.1162e-07	-3.1328e-07	5.4218e-09	-5.7154e-09	3.9678000000000005e-10	3.133e-07	-3.1266e-07
-0.065	-3.3340000000000005e-11	9.471e-11	3.7080000000000005e-10	3.131e-07	-3.1338e-07	9.839e-10	-1.1261e-10	-2.9915000000000005e-10	3.116e-07	-3.1352e-07	1.3445e-09	-3.9068e-10	-2.3665e-10	3.1156e-07	-3.1364e-07	1.4894e-09	-1.0972e-09	-3.6412e-10	3.1216e-07	-3.1196e-07	2.4245e-09	-1.7186e-09	1.0992e-10	3.1164e-07	-3.1398e-07	3.9648e-09	-3.432e-09	-3.7945e-10	3.1192e-07	-3.1272e-07	5.532e-09	-5.5897e-09	3.7635000000000005e-10	3.1276e-07	-3.1302e-07
-0.06	9.336e-11	1.0675e-10	3.3417000000000005e-10	3.1272e-07	-3.134e-07	8.43e-10	-1.5068000000000002e-10	-3.4788000000000004e-10	3.117e-07	-3.1322e-07	1.2732e-09	-4.0959e-10	-2.9886000000000004e-10	3.1152e-07	-3.1346e-07	8.905e-10	-1.0931e-09	-2.9092e-10	3.124e-07	-3.1156e-07	2.5282e-09	-1.7056e-09	-1.599e-11	3.1166e-07	-3.1396e-07	3.7235e-09	-3.4091e-09	-3.8222000000000005e-10	3.1218e-07	-3.1226e-07	5.7089e-09	-5.4737e-09	3.0586e-10	3.124e-07	-3.1332e-07
-0.055	2.1332e-10	1.2285000000000002e-10	2.9295e-10	3.1274e-07	-3.136e-07	1.0242e-09	-5.905e-11	-2.1881e-10	3.1138e-07	-3.1374e-07	1.1179e-09	-4.4973000000000006e-10	-3.5085000000000003e-10	3.1156e-07	-3.132e-07	5.728e-10	-1.0844e-09	-2.1439e-10	3.13e-07	-3.1124e-07	2.6322e-09	-1.7033e-09	-1.5147000000000002e-10	3.1124e-07	-3.1376e-07	3.4535e-09	-3.3805e-09	-3.5684000000000003e-10	3.124e-07	-3.1206e-07	5.8724e-09	-5.3584e-09	2.1700000000000003e-10	3.1216e-07	-3.1376e-07
-0.05	3.3057000000000003e-10	1.4136000000000002e-10	2.5391e-10	3.1252e-07	-3.1386e-07	9.384e-10	-1.0053e-10	-3.0825000000000005e-10	3.1154e-07	-3.1344e-07	9.965e-10	-4.7848e-10	-3.6956e-10	3.1186e-07	-3.128e-07	1.3396e-09	-1.0479999999999999e-09	-3.1335e-10	3.125e-07	-3.1192e-07	2.6568e-09	-1.6959e-09	-2.4789e-10	3.1122e-07	-3.1344e-07	3.1153e-09	-3.3378e-09	-2.8532e-10	3.1246e-07	-3.1154e-07	5.9408e-09	-5.2611e-09	1.1945e-10	3.1176e-07	-3.1404e-07
-0.045	4.4179e-10	1.4427e-10	2.0558000000000003e-10	3.1216e-07	-3.1374e-07	8.357e-10	-1.2494e-10	-3.4326e-10	3.1166e-07	-3.1314e-07	8.26e-10	-4.9738e-10	-3.8592000000000005e-10	3.1208e-07	-3.1258e-07	6.182e-10	-1.0373e-09	-2.4423000000000004e-10	3.1274e-07	-3.1132e-07	2.5647e-09	-1.7096e-09	-3.1443e-10	3.1152e-07	-3.1314e-07	2.7588e-09	-3.2906e-09	-2.1091e-10	3.1304e-07	-3.1152e-07	6.0137e-09	-5.1917e-09	-7.200000000000001e-12	3.1164e-07	-3.1404e-07
-0.04	5.222900000000001e-10	1.5113e-10	1.6343000000000002e-10	3.12e-07	-3.1414e-07	8.627e-10	-1.003e-10	-3.3571e-10	3.1152e-07	-3.133e-07	1.2219e-09	-2.9064000000000004e-10	-1.0881e-10	3.1134e-07	-3.1388e-07	1.4382e-09	-1.0138e-09	-1.1787e-10	3.133e-07	-3.112e-07	2.3748e-09	-1.7165e-09	-3.5963000000000003e-10	3.1168e-07	-3.1282e-07	2.5112e-09	-3.2271e-09	-1.3197e-10	3.1306e-07	-3.1102e-07	6.0735e-09	-5.1455e-09	-1.3734e-10	3.1136e-07	-3.1358e-07
-0.035	5.856200000000001e-10	1.5469e-10	1.2481e-10	3.1186e-07	-3.1412e-07	9.985e-10	-3.132e-11	-2.0826e-10	3.116e-07	-3.1372e-07	1.27e-09	-3.0308e-10	-2.0459e-10	3.114e-07	-3.1382e-07	1.4767e-09	-6.968e-10	2.9509e-10	3.1248e-07	-3.135e-07	2.2041e-09	-1.7294e-09	-3.8495000000000005e-10	3.1198e-07	-3.1268e-07	2.295e-09	-3.1472e-09	-2.779e-11	3.1334e-07	-3.1114e-07	6.0498e-09	-5.0904e-09	-2.4243e-10	3.1146e-07	-3.1364e-07
-0.03	6.6086e-10	1.4172e-10	6.405e-11	3.1192e-07	-3.1396e-07	8.11e-10	3.82e-11	9.93e-12	3.1156e-07	-3.1396e-07	1.238e-09	-3.2118e-10	-2.7344000000000004e-10	3.1122e-07	-3.1348e-07	1.4707e-09	-6.754e-10	2.8809000000000004e-10	3.123e-07	-3.1362e-07	1.9762e-09	-1.7329e-09	-3.7928e-10	3.1212e-07	-3.1224e-07	2.1452e-09	-3.0595e-09	7.894e-11	3.1366e-07	-3.1116e-07	5.906e-09	-5.0413e-09	-3.1317e-10	3.113e-07	-3.1316e-07
-0.025	7.1693e-10	1.2471e-10	7.45e-12	3.1166e-07	-3.1424e-07	5.528e-10	6.349e-11	1.9719e-10	3.122e-07	-3.1376e-07	1.1128e-09	-3.5503e-10	-3.2688e-10	3.1164e-07	-3.1334e-07	1.457e-09	-9.4403e-10	-3.1698000000000003e-10	3.1236e-07	-3.119e-07	1.6843e-09	-1.7293e-09	-3.3317000000000005e-10	3.1234e-07	-3.1202e-07	2.0363e-09	-2.9715e-09	1.7526000000000002e-10	3.1346e-07	-3.114e-07	5.6679e-09	-5.0124e-09	-3.6243e-10	3.1158e-07	-3.1286e-07
-0.02	7.7412e-10	1.1792000000000002e-10	-6.423000000000001e-11	3.1158e-07	-3.1398e-07	8.083e-10	-9.388e-11	-3.4107000000000004e-10	3.1142e-07	-3.133e-07	9.803e-10	-3.8416000000000005e-10	-3.6131e-10	3.1176e-07	-3.129e-07	1.4692e-09	-6.3674e-10	3.809e-11	3.1154e-07	-3.1384e-07	1.383e-09	-1.7021e-09	-2.6564e-10	3.1256e-07	-3.1132e-07	2.0288e-09	-2.874e-09	2.5419000000000003e-10	3.1372e-07	-3.118e-07	5.423e-09	-4.9804e-09	-3.9011e-10	3.1174e-07	-3.125e-07
-0.015	8.301400000000001e-10	1.0231e-10	-1.2522e-10	3.1162e-07	-3.1396e-07	9.763e-10	-6.200000000000001e-13	-1.9167e-10	3.1138e-07	-3.1364e-07	7.837e-10	-4.2189e-10	-3.8686000000000005e-10	3.1186e-07	-3.1272e-07	1.5477e-09	-6.404100000000001e-10	-5.868000000000001e-11	3.114e-07	-3.1408e-07	1.058e-09	-1.6709e-09	-1.8215e-10	3.1284e-07	-3.1124e-07	2.1116e-09	-2.7804e-09	3.1475e-10	3.135e-07	-3.1196e-07	5.146e-09	-4.9321e-09	-3.7507e-10	3.1198e-07	-3.12e-07
-0.01	8.7547e-10	7.693e-11	-1.9665e-10	3.1158e-07	-3.138e-07	7.654e-10	5.98e-11	3.271e-11	3.1152e-07	-3.1382e-07	1.2295e-09	-2.6048e-10	-2.3216000000000003e-10	3.1136e-07	-3.135e-07	1.6327e-09	-6.5994e-10	-1.6643e-10	3.1134e-07	-3.1362e-07	8.459e-10	-1.6365e-09	-8.916e-11	3.1316e-07	-3.112e-07	2.1989e-09	-2.6823e-09	3.6686e-10	3.1348e-07	-3.1228e-07	4.7693e-09	-4.8674e-09	-3.1101000000000005e-10	3.1242e-07	-3.1162e-07
-0.005	8.864400000000001e-10	6.488e-11	-2.4545e-10	3.1168e-07	-3.138e-07	7.594e-10	-8.649e-11	-3.5070000000000004e-10	3.1144e-07	-3.1322e-07	1.1735e-09	-2.8065e-10	-2.8799e-10	3.113e-07	-3.1344e-07	1.6207e-09	-6.7008e-10	-2.6262e-10	3.1122e-07	-3.1344e-07	1.5522e-09	-1.3171e-09	3.0586e-10	3.126e-07	-3.134e-07	2.3385e-09	-2.5941e-09	3.9563e-10	3.1316e-07	-3.1284e-07	4.3573e-09	-4.8097e-09	-2.3605000000000003e-10	3.1282e-07	-3.1146e-07
0.0	7.9311e-10	2.8090000000000003e-11	-3.1156e-10	3.115e-07	-3.134e-07	-7.960300000000001e-10	-1.4961e-10	1.567e-10	3.1352e-07	-3.1132e-07	9.876e-10	-3.2397e-10	-3.4460000000000003e-10	3.1162e-07	-3.129e-07	1.4369e-09	-7.0906e-10	-3.4075000000000004e-10	3.1144e-07	-3.1314e-07	1.8225e-09	-1.2616e-09	1.9605e-10	3.1198e-07	-3.1382e-07	2.6213e-09	-2.5076e-09	3.3694000000000003e-10	3.126e-07	-3.1326e-07	4.0092e-09	-4.7241e-09	-1.4018e-10	3.1314e-07	-3.1124e-07
0.005	7.103900000000001e-10	2.8100000000000003e-12	-3.3758000000000004e-10	3.1156e-07	-3.1346e-07	-7.8067e-10	-1.3173000000000002e-10	2.0014e-10	3.136e-07	-3.115e-07	8.326e-10	-3.6199e-10	-3.7168000000000005e-10	3.12e-07	-3.1272e-07	1.2954e-09	-7.3808e-10	-3.7179e-10	3.115e-07	-3.1282e-07	1.941e-09	-1.2287e-09	1.1121e-10	3.118e-07	-3.1406e-07	2.8311e-09	-2.4344e-09	2.6034e-10	3.1224e-07	-3.1372e-07	3.7801e-09	-4.6285e-09	-3.657e-11	3.1348e-07	-3.1124e-07
0.01	6.4268e-10	-2.3080000000000003e-11	-3.5691e-10	3.117e-07	-3.1324e-07	-7.5289e-10	-1.0928e-10	2.3269000000000003e-10	3.1388e-07	-3.1146e-07	1.1915e-09	-1.9343e-10	-1.8563e-10	3.1156e-07	-3.1392e-07	1.1281e-09	-7.645e-10	-3.9066e-10	3.1178e-07	-3.1262e-07	2.0557e-09	-1.2339e-09	-1.418e-11	3.1164e-07	-3.1396e-07	2.9519e-09	-2.367e-09	1.8346e-10	3.1188e-07	-3.1364e-07	3.6009e-09	-4.5121e-09	8.523000000000001e-11	3.1342e-07	-3.1112e-07
0.015	5.5864e-10	-4.542e-11	-3.7489e-10	3.1176e-07	-3.1302e-07	-7.143800000000001e-10	-8.01e-11	2.63e-10	3.1366e-07	-3.1172e-07	1.1637e-09	-2.1701e-10	-2.6382e-10	3.1128e-07	-3.1362e-07	9.691e-10	-7.6604e-10	-3.8361e-10	3.12e-07	-3.121e-07	2.1614e-09	-1.2295e-09	-1.4754000000000001e-10	3.1128e-07	-3.1362e-07	3.08e-09	-2.3338e-09	6.664e-11	3.1182e-07	-3.14e-07	3.5628e-09	-4.3468e-09	2.9025e-10	3.1342e-07	-3.1154e-07
0.02	4.609e-10	-6.952000000000001e-11	-3.861e-10	3.1198e-07	-3.129e-07	-6.365e-10	-5.5950000000000005e-11	3.0051000000000003e-10	3.1368e-07	-3.1198e-07	1.0433e-09	-2.4933e-10	-3.2176000000000003e-10	3.115e-07	-3.1314e-07	7.138e-10	-7.7725e-10	-3.4880000000000003e-10	3.122e-07	-3.12e-07	2.1977e-09	-1.2429e-09	-2.4825e-10	3.115e-07	-3.1344e-07	3.1852e-09	-2.32e-09	-7.106000000000001e-11	3.1146e-07	-3.1396e-07	3.6375e-09	-4.2264e-09	3.3737000000000005e-10	3.135e-07	-3.1192e-07
0.025	3.6834e-10	-8.919e-11	-3.9125e-10	3.1202e-07	-3.1266e-07	-5.477100000000001e-10	-2.916e-11	3.2709e-10	3.1354e-07	-3.1194e-07	8.98e-10	-2.7954e-10	-3.5938e-10	3.1176e-07	-3.1314e-07	1.2301e-09	-4.6542e-10	9.938e-11	3.1176e-07	-3.1388e-07	2.1077e-09	-1.2524e-09	-3.2009000000000003e-10	3.1156e-07	-3.132e-07	3.2564e-09	-2.3123e-09	-2.0007e-10	3.1142e-07	-3.136e-07	3.7375e-09	-4.1023e-09	3.9344e-10	3.1298e-07	-3.1234e-07
0.03	2.6181e-10	-1.0011e-10	-3.7973e-10	3.1228e-07	-3.1248e-07	-4.5235000000000005e-10	1.93e-12	3.59e-10	3.133e-07	-3.1214e-07	1.1361e-09	-1.8619e-10	-2.4923000000000003e-10	3.1144e-07	-3.1372e-07	1.3321e-09	-4.78e-10	-7.93e-12	3.1174e-07	-3.1386e-07	1.9141e-09	-1.285e-09	-3.6178e-10	3.1174e-07	-3.1302e-07	3.227e-09	-2.3024e-09	-2.8549e-10	3.1138e-07	-3.1348e-07	3.8603e-09	-4.0047e-09	3.9032000000000005e-10	3.1292e-07	-3.129e-07
0.035	1.4666e-10	-1.0959999999999999e-10	-3.6456e-10	3.125e-07	-3.12e-07	-3.7172e-10	2.799e-11	3.871e-10	3.1314e-07	-3.1246e-07	1.0338e-09	-2.1377000000000003e-10	-3.1661e-10	3.1158e-07	-3.1326e-07	1.4417e-09	-4.887000000000001e-10	-1.1499e-10	3.113e-07	-3.1374e-07	1.7072e-09	-1.3103e-09	-3.9216e-10	3.1188e-07	-3.1242e-07	3.0335e-09	-2.3097e-09	-3.5046e-10	3.1166e-07	-3.1324e-07	4.0546e-09	-3.9081e-09	3.3503000000000003e-10	3.1268e-07	-3.131e-07
0.04	1.4760000000000003e-11	-1.1999000000000002e-10	-3.4028000000000004e-10	3.1234e-07	-3.1196e-07	-2.7129e-10	3.671e-11	3.9576e-10	3.13e-07	-3.1256e-07	8.796e-10	-2.4576000000000004e-10	-3.5734000000000003e-10	3.1164e-07	-3.1316e-07	1.4792e-09	-5.039100000000001e-10	-2.0691e-10	3.1144e-07	-3.1374e-07	1.4598e-09	-1.3156e-09	-3.6658e-10	3.1198e-07	-3.121e-07	2.8255e-09	-2.3163e-09	-3.8447e-10	3.1192e-07	-3.128e-07	4.2058e-09	-3.8202e-09	2.6117000000000004e-10	3.121e-07	-3.1358e-07
0.045	-1.2172000000000002e-10	-1.302e-10	-3.0565e-10	3.1272e-07	-3.1196e-07	-1.5140000000000001e-10	5.940000000000001e-11	3.9284e-10	3.1314e-07	-3.1282e-07	1.1086e-09	-1.5285000000000002e-10	-2.4678e-10	3.1128e-07	-3.1368e-07	1.4426e-09	-5.103600000000001e-10	-2.7775e-10	3.1142e-07	-3.1344e-07	1.1445e-09	-1.3081e-09	-3.0269e-10	3.1252e-07	-3.1186e-07	2.5845e-09	-2.3151e-09	-3.8133e-10	3.1198e-07	-3.1234e-07	4.3458e-09	-3.7327e-09	1.7418e-10	3.1182e-07	-3.1386e-07
0.05	-2.3926e-10	-1.2274e-10	-2.7387e-10	3.1288e-07	-3.1166e-07	-5.755e-11	7.676e-11	3.7951e-10	3.128e-07	-3.1318e-07	1.0168e-09	-1.7783000000000002e-10	-3.0603000000000003e-10	3.1148e-07	-3.1318e-07	1.3086e-09	-5.4628e-10	-3.3251e-10	3.1152e-07	-3.1304e-07	8.49e-10	-1.2945e-09	-2.3049e-10	3.1272e-07	-3.1126e-07	2.3124e-09	-2.2977e-09	-3.4174e-10	3.122e-07	-3.118e-07	4.4231e-09	-3.6742e-09	6.922000000000001e-11	3.1152e-07	-3.1382e-07
0.055	-4.0871e-10	-1.3392e-10	-2.3126e-10	3.128e-07	-3.1158e-07	4.574e-11	8.882000000000001e-11	3.4818000000000003e-10	3.1286e-07	-3.1314e-07	8.613e-10	-2.1337e-10	-3.5417000000000003e-10	3.1152e-07	-3.1298e-07	1.1551e-09	-5.835200000000001e-10	-3.6648e-10	3.1168e-07	-3.1272e-07	1.505e-09	-1.0639e-09	-2.8234000000000003e-10	3.112e-07	-3.1346e-07	1.9955e-09	-2.2749e-09	-2.6656e-10	3.1274e-07	-3.1158e-07	4.4999e-09	-3.6388e-09	-7.244000000000001e-11	3.1152e-07	-3.1396e-07
0.06	-5.2215e-10	-1.3122e-10	-1.9031e-10	3.132e-07	-3.1138e-07	1.9091e-10	9.861000000000001e-11	3.0786e-10	3.1276e-07	-3.1356e-07	1.0834e-09	-1.2621000000000002e-10	-2.4074000000000004e-10	3.115e-07	-3.137e-07	9.964e-10	-6.042400000000001e-10	-3.8592000000000005e-10	3.1194e-07	-3.1268e-07	1.8536e-09	-1.0906e-09	-3.4201000000000004e-10	3.1164e-07	-3.1296e-07	1.6512e-09	-2.2402e-09	-1.9229e-10	3.1292e-07	-3.113e-07	4.5837e-09	-3.6283e-09	-1.9812e-10	3.1134e-07	-3.1356e-07
0.065	-6.263100000000001e-10	-1.2027000000000001e-10	-1.4510000000000002e-10	3.1306e-07	-3.1136e-07	3.086e-10	1.1679000000000002e-10	2.7318000000000003e-10	3.1234e-07	-3.1378e-07	1.0134e-09	-1.4357e-10	-2.9952e-10	3.1148e-07	-3.134e-07	8.301e-10	-6.1923e-10	-3.6864e-10	3.1206e-07	-3.121e-07	1.6841e-09	-1.1173e-09	-3.7607e-10	3.1158e-07	-3.1268e-07	1.4094e-09	-2.1798e-09	-9.756e-11	3.1334e-07	-3.1128e-07	4.507e-09	-3.5814e-09	-2.8767e-10	3.1138e-07	-3.1326e-07
0.07	-7.122700000000001e-10	-1.1215e-10	-1.0094e-10	3.1324e-07	-3.1138e-07	4.1772e-10	1.3541e-10	2.3029e-10	3.1208e-07	-3.1366e-07	8.77e-10	-1.7368e-10	-3.4381e-10	3.1164e-07	-3.1322e-07	1.3837e-09	-3.9783e-10	-1.4418e-10	3.115e-07	-3.1384e-07	1.4829e-09	-1.1339e-09	-3.869e-10	3.118e-07	-3.1234e-07	1.2219e-09	-2.1086e-09	2.967e-11	3.1334e-07	-3.1086e-07	4.2847e-09	-3.5807e-09	-3.503e-10	3.1162e-07	-3.1298e-07
0.075	-7.8675e-10	-9.767e-11	-4.712e-11	3.1348e-07	-3.1118e-07	5.0372e-10	1.3375e-10	1.8841000000000002e-10	3.121e-07	-3.1366e-07	1.0554e-09	-8.926000000000001e-11	-2.1169e-10	3.116e-07	-3.1374e-07	1.3945e-09	-4.0524e-10	-2.3202e-10	3.1134e-07	-3.1364e-07	1.2233e-09	-1.1429e-09	-3.5511000000000003e-10	3.1216e-07	-3.119e-07	1.1113e-09	-2.0375e-09	1.3461e-10	3.1352e-07	-3.1102e-07	4.0595e-09	-3.5719e-09	-3.8734e-10	3.1192e-07	-3.1266e-07
0.08	-8.3495e-10	-8.366000000000001e-11	7.360000000000001e-12	3.1364e-07	-3.1122e-07	5.6611e-10	1.3852e-10	1.3954000000000002e-10	3.1188e-07	-3.1388e-07	9.852e-10	-1.2272000000000002e-10	-3.0428e-10	3.115e-07	-3.134e-07	1.3185e-09	-4.3785e-10	-2.9242e-10	3.1118e-07	-3.1336e-07	9.005e-10	-1.1452e-09	-2.7745e-10	3.1252e-07	-3.116e-07	1.0715e-09	-1.974e-09	2.1627e-10	3.1356e-07	-3.1126e-07	3.8003e-09	-3.5423e-09	-3.8083e-10	3.1198e-07	-3.1216e-07
0.085	-8.6597e-10	-5.829e-11	5.715e-11	3.1346e-07	-3.1096e-07	6.3187e-10	1.3473e-10	1.0317e-10	3.1168e-07	-3.1382e-07	8.34e-10	-1.5573e-10	-3.4986e-10	3.114e-07	-3.1296e-07	1.1787e-09	-4.6377e-10	-3.4932000000000004e-10	3.1144e-07	-3.1326e-07	5.85e-10	-1.1286e-09	-2.1098e-10	3.1284e-07	-3.113e-07	1.0978e-09	-1.8848e-09	2.8253e-10	3.138e-07	-3.1184e-07	3.4617e-09	-3.51e-09	-3.2984e-10	3.1224e-07	-3.1178e-07
0.09	-9.076799999999999e-10	-4.6930000000000006e-11	1.1853e-10	3.1366e-07	-3.1124e-07	7.1487e-10	1.2006e-10	2.839e-11	3.1158e-07	-3.1388e-07	1.0355e-09	-7.069e-11	-2.3241000000000003e-10	3.1156e-07	-3.1372e-07	1.018e-09	-4.9996e-10	-3.7642e-10	3.1158e-07	-3.1266e-07	1.3976e-09	-1.0555e-09	-3.7966e-10	3.1196e-07	-3.1224e-07	1.2592e-09	-1.7918e-09	3.5169e-10	3.135e-07	-3.1202e-07	3.1285e-09	-3.4583e-09	-2.6051e-10	3.1276e-07	-3.1158e-07
0.095	-9.1736e-10	-2.318e-11	1.6558e-10	3.136e-07	-3.1146e-07	7.6046e-10	1.0404e-10	-3.716e-11	3.116e-07	-3.1398e-07	9.647e-10	-9.72e-11	-2.9843e-10	3.1154e-07	-3.1322e-07	8.405e-10	-5.2579e-10	-3.9078e-10	3.1206e-07	-3.1236e-07	1.0244e-09	-1.0696e-09	-3.2956000000000005e-10	3.122e-07	-3.1172e-07	1.3801e-09	-1.719e-09	3.9527e-10	3.1328e-07	-3.1256e-07	2.7802e-09	-3.4076e-09	-1.7868000000000002e-10	3.1304e-07	-3.112e-07
0.1	-9.031099999999999e-10	3.0000000000000005e-14	2.1074e-10	3.1394e-07	-3.1154e-07	8.3445e-10	9.267e-11	-1.0246e-10	3.1138e-07	-3.1376e-07	8.283e-10	-1.3381e-10	-3.4801e-10	3.115e-07	-3.1304e-07	1.2402e-09	-3.0756e-10	-9.22e-11	3.1136e-07	-3.1408e-07	6.891e-10	-1.0579e-09	-2.5951e-10	3.1274e-07	-3.115e-07	1.5537e-09	-1.6528e-09	3.9062e-10	3.13e-07	-3.129e-07	2.5365e-09	-3.3255e-09	-8.98e-11	3.1332e-07	-3.1132e-07
0.105	-8.709900000000001e-10	2.3390000000000003e-11	2.4872e-10	3.14e-07	-3.119e-07	8.9049e-10	7.819e-11	-1.7332e-10	3.1144e-07	-3.1386e-07	1.0127e-09	-4.4600000000000006e-11	-2.1110000000000003e-10	3.115e-07	-3.1372e-07	1.2984e-09	-3.2505000000000003e-10	-1.9672e-10	3.1132e-07	-3.1374e-07	1.4406e-09	-1.0343e-09	-2.4186000000000003e-10	3.1266e-07	-3.1136e-07	1.7845e-09	-1.5933999999999999e-09	3.2256e-10	3.1274e-07	-3.1346e-07	2.3475e-09	-3.2426e-09	2.848e-11	3.1318e-07	-3.1096e-07
0.11	-7.9309e-10	5.4680000000000005e-11	2.8888000000000004e-10	3.1362e-07	-3.1192e-07	9.016e-10	5.400000000000001e-11	-2.2646e-10	3.1134e-07	-3.1354e-07	9.48e-10	-7.804000000000001e-11	-2.9623e-10	3.113e-07	-3.132e-07	1.2664e-09	-3.4837e-10	-2.7426000000000004e-10	3.1138e-07	-3.135e-07	1.4445e-09	-1.0117e-09	-1.1112e-10	3.1304e-07	-3.1126e-07	1.9781e-09	-1.5275e-09	2.4705000000000004e-10	3.1212e-07	-3.135e-07	2.2159e-09	-3.1562e-09	1.339e-10	3.1348e-07	-3.1114e-07
0.115	-6.887800000000001e-10	8.916e-11	3.2269e-10	3.1356e-07	-3.1218e-07	8.670600000000001e-10	3.692e-11	-2.8113000000000004e-10	3.1126e-07	-3.1334e-07	8.244e-10	-1.0975e-10	-3.4438e-10	3.1158e-07	-3.1326e-07	1.1302e-09	-3.7921e-10	-3.3558000000000004e-10	3.1152e-07	-3.1312e-07	1.4459e-09	-7.007e-10	2.9686000000000005e-10	3.124e-07	-3.1334e-07	2.1353e-09	-1.4942e-09	1.5167e-10	3.1188e-07	-3.138e-07	2.1628e-09	-3.0653e-09	2.2434e-10	3.1372e-07	-3.1132e-07
0.12	-5.946100000000001e-10	1.2782e-10	3.5295e-10	3.1366e-07	-3.1224e-07	7.9497e-10	1.137e-11	-3.1240000000000003e-10	3.1158e-07	-3.1338e-07	9.903e-10	-2.019e-11	-2.0213e-10	3.1132e-07	-3.1362e-07	9.958e-10	-4.0847e-10	-3.6523e-10	3.1166e-07	-3.1286e-07	1.4277e-09	-6.774e-10	2.9887e-10	3.1256e-07	-3.1356e-07	2.2577e-09	-1.4743e-09	4.4e-11	3.1156e-07	-3.139e-07	2.1974e-09	-2.9583e-09	2.9379000000000003e-10	3.1356e-07	-3.117e-07
0.125	-4.999200000000001e-10	1.4424e-10	3.8503e-10	3.1346e-07	-3.1254e-07	7.119100000000001e-10	-1.427e-11	-3.4579e-10	3.114e-07	-3.1302e-07	7.958e-10	4.0770000000000005e-11	2.14e-11	3.1142e-07	-3.1382e-07	8.475999999999998e-10	-4.3546e-10	-3.8928e-10	3.1172e-07	-3.1256e-07	1.4185e-09	-9.4115e-10	-3.2871000000000005e-10	3.1228e-07	-3.1182e-07	2.3354e-09	-1.4716e-09	-8.081e-11	3.1138e-07	-3.1388e-07	2.3041e-09	-2.8499e-09	3.4861e-10	3.134e-07	-3.121e-07
0.13	-4.0157e-10	1.6907000000000002e-10	3.9207e-10	3.1334e-07	-3.1262e-07	6.159800000000001e-10	-4.628e-11	-3.631e-10	3.1186e-07	-3.1282e-07	5.469e-10	7.519e-11	1.9253e-10	3.12e-07	-3.1374e-07	1.2375e-09	-2.7135e-10	-2.085e-10	3.1128e-07	-3.136e-07	1.4376e-09	-6.2992e-10	6.291e-11	3.1166e-07	-3.1376e-07	2.432e-09	-1.4696e-09	-2.0929e-10	3.1134e-07	-3.137e-07	2.4156e-09	-2.7679e-09	3.9641e-10	3.131e-07	-3.1232e-07
0.135	-3.0897e-10	1.8734e-10	3.9576e-10	3.1316e-07	-3.1314e-07	5.4455e-10	-6.604e-11	-3.8062e-10	3.1164e-07	-3.1284e-07	7.94e-10	-8.552e-11	-3.4877000000000003e-10	3.1146e-07	-3.1328e-07	1.1983e-09	-2.8933e-10	-2.7558000000000005e-10	3.1126e-07	-3.1328e-07	1.5132e-09	-6.3691e-10	-3.215e-11	3.116e-07	-3.1404e-07	2.3907e-09	-1.486e-09	-2.9418e-10	3.1132e-07	-3.1326e-07	2.5497e-09	-2.6829e-09	3.877e-10	3.13e-07	-3.1286e-07
0.14	-1.7880000000000002e-10	2.1111e-10	3.7698e-10	3.128e-07	-3.1326e-07	4.4895e-10	-8.427000000000001e-11	-3.8917e-10	3.1182e-07	-3.1254e-07	9.717e-10	-4.440000000000001e-12	-2.1590000000000002e-10	3.114e-07	-3.1368e-07	1.0628e-09	-3.2372000000000005e-10	-3.3698e-10	3.1162e-07	-3.131e-07	1.6003e-09	-6.422900000000001e-10	-1.319e-10	3.1126e-07	-3.1356e-07	2.2092e-09	-1.5016e-09	-3.5240000000000004e-10	3.1156e-07	-3.1304e-07	2.7531e-09	-2.6071e-09	3.2708e-10	3.1272e-07	-3.1338e-07
0.145	-3.364e-11	2.2701000000000003e-10	3.4182e-10	3.1274e-07	-3.1342e-07	3.4946e-10	-1.0988e-10	-3.8536000000000005e-10	3.1204e-07	-3.1244e-07	7.809e-10	6.397e-11	4.51e-12	3.1148e-07	-3.1414e-07	9.284999999999999e-10	-3.6021000000000004e-10	-3.6534000000000005e-10	3.1162e-07	-3.1288e-07	1.6226e-09	-6.5148e-10	-2.1955e-10	3.1134e-07	-3.1348e-07	2.0228e-09	-1.5217e-09	-3.8387e-10	3.1174e-07	-3.1258e-07	2.96e-09	-2.524e-09	2.5055000000000003e-10	3.1222e-07	-3.1368e-07
0.15	7.806e-11	2.4202e-10	3.0169e-10	3.126e-07	-3.1356e-07	2.4109000000000004e-10	-1.1508e-10	-3.7503000000000005e-10	3.12e-07	-3.1194e-07	5.237e-10	8.996e-11	1.9362000000000003e-10	3.1204e-07	-3.1376e-07	7.762e-10	-3.8111e-10	-3.8849e-10	3.1194e-07	-3.125e-07	1.5662e-09	-6.624100000000001e-10	-2.8172000000000004e-10	3.112e-07	-3.1336e-07	1.7992e-09	-1.5326e-09	-3.7899000000000005e-10	3.1188e-07	-3.121e-07	3.0943e-09	-2.4715e-09	1.6617e-10	3.1196e-07	-3.1376e-07
0.155	1.9004e-10	2.7078e-10	2.5964e-10	3.125e-07	-3.1372e-07	8.204e-11	-1.3262e-10	-3.4479e-10	3.1222e-07	-3.1208e-07	7.621e-10	-8.202e-11	-3.5247e-10	3.1146e-07	-3.1326e-07	1.1874e-09	-2.1967000000000003e-10	-2.1519e-10	3.1152e-07	-3.1348e-07	1.416e-09	-6.9433e-10	-3.39e-10	3.1142e-07	-3.1298e-07	1.5389e-09	-1.5303e-09	-3.3982e-10	3.1222e-07	-3.1186e-07	3.199e-09	-2.4333e-09	5.598e-11	3.1152e-07	-3.1398e-07
0.16	2.9553e-10	2.7835000000000003e-10	2.1476e-10	3.1228e-07	-3.1368e-07	-8.059e-11	-1.3992000000000002e-10	-3.0746000000000004e-10	3.1236e-07	-3.117e-07	-8.0157e-10	-1.5051e-10	1.2799000000000002e-10	3.1356e-07	-3.1126e-07	1.1321e-09	-2.4817000000000003e-10	-2.8944000000000004e-10	3.1124e-07	-3.1328e-07	1.2863e-09	-7.1395e-10	-3.6514e-10	3.115e-07	-3.1278e-07	1.2041e-09	-1.5107e-09	-2.6934e-10	3.1256e-07	-3.1164e-07	3.272e-09	-2.4107e-09	-7.044e-11	3.1156e-07	-3.1408e-07
0.165	3.8071e-10	2.8939e-10	1.6664e-10	3.1218e-07	-3.1392e-07	-2.7177000000000003e-10	-1.4967e-10	-2.6228e-10	3.1262e-07	-3.116e-07	-7.9576e-10	-1.282e-10	1.8238e-10	3.1352e-07	-3.112e-07	1.0223e-09	-2.6889000000000004e-10	-3.2887e-10	3.1146e-07	-3.1322e-07	1.1459e-09	-7.3023e-10	-3.8669e-10	3.1192e-07	-3.127e-07	8.82e-10	-1.4841e-09	-1.8364e-10	3.1286e-07	-3.1126e-07	3.3646e-09	-2.3988e-09	-1.9687e-10	3.1128e-07	-3.138e-07
0.17	4.6278e-10	2.9404e-10	1.1223e-10	3.1186e-07	-3.1422e-07	-4.1637e-10	-1.4935e-10	-2.2746e-10	3.1276e-07	-3.1132e-07	-7.7825e-10	-1.1218e-10	2.1216e-10	3.1376e-07	-3.1134e-07	8.68e-10	-3.1182e-10	-3.5856e-10	3.1164e-07	-3.1294e-07	9.596e-10	-7.488200000000001e-10	-3.7984000000000006e-10	3.1194e-07	-3.1212e-07	1.4932e-09	-1.1484e-09	2.6663000000000004e-10	3.1224e-07	-3.138e-07	3.327e-09	-2.3914e-09	-2.7977e-10	3.114e-07	-3.1334e-07
0.175	5.434700000000001e-10	2.8583000000000004e-10	3.971e-11	3.1166e-07	-3.1398e-07	-5.1414e-10	-1.4595000000000002e-10	-1.845e-10	3.1286e-07	-3.115e-07	-7.597e-10	-9.529e-11	2.4187e-10	3.1372e-07	-3.1164e-07	1.1282e-09	-2.0227e-10	-2.6912e-10	3.1126e-07	-3.1334e-07	7.358e-10	-7.6014e-10	-3.5471e-10	3.1232e-07	-3.1204e-07	1.6849e-09	-1.1074e-09	1.949e-10	3.1214e-07	-3.1382e-07	3.1595e-09	-2.3839e-09	-3.4208e-10	3.1146e-07	-3.133e-07
0.18	5.896300000000001e-10	2.7397000000000004e-10	-1.433e-11	3.1164e-07	-3.1418e-07	-5.9489e-10	-1.4618e-10	-1.5293e-10	3.1292e-07	-3.1102e-07	-4.5926e-10	7.860000000000001e-12	3.5937e-10	3.1334e-07	-3.123e-07	1.0114e-09	-2.3017e-10	-3.2453e-10	3.1146e-07	-3.1304e-07	1.4093e-09	-4.896400000000001e-10	-6.786e-11	3.114e-07	-3.1384e-07	1.7939e-09	-1.0882e-09	1.0418e-10	3.1168e-07	-3.1396e-07	2.9643e-09	-2.3891e-09	-3.7331e-10	3.1172e-07	-3.1274e-07
0.185	6.4935e-10	2.7077000000000004e-10	-8.062e-11	3.117e-07	-3.1402e-07	-6.7431e-10	-1.3110000000000002e-10	-1.0632e-10	3.133e-07	-3.1126e-07	-3.3303000000000004e-10	2.994e-11	3.9370000000000005e-10	3.1312e-07	-3.1256e-07	8.563e-10	-2.7305e-10	-3.5713000000000004e-10	3.1154e-07	-3.1294e-07	1.48e-09	-5.098400000000001e-10	-1.7881000000000003e-10	3.115e-07	-3.1382e-07	1.9141e-09	-1.0865e-09	-2.628e-11	3.1152e-07	-3.1408e-07	2.739e-09	-2.3944e-09	-3.8516e-10	3.119e-07	-3.1224e-07
0.19	7.076800000000001e-10	2.6766000000000004e-10	-1.3476e-10	3.1144e-07	-3.1382e-07	-7.7197e-10	-1.151e-10	-3.3160000000000005e-11	3.1348e-07	-3.1108e-07	-2.1011e-10	4.8240000000000006e-11	3.911e-10	3.1322e-07	-3.1288e-07	1.1051e-09	-1.6872e-10	-2.6506e-10	3.1118e-07	-3.1362e-07	1.4651e-09	-5.230600000000001e-10	-2.6000000000000003e-10	3.1126e-07	-3.1362e-07	2.0082e-09	-1.0918e-09	-1.4754000000000001e-10	3.115e-07	-3.1386e-07	2.4537e-09	-2.3892e-09	-3.5434000000000004e-10	3.122e-07	-3.118e-07
0.195	7.2582e-10	2.5181000000000003e-10	-1.9356000000000003e-10	3.1168e-07	-3.1396e-07	-8.1043e-10	-1.0031e-10	1.6050000000000002e-11	3.135e-07	-3.111e-07	-1.0046e-10	6.661e-11	3.8135e-10	3.13e-07	-3.1316e-07	9.866e-10	-1.9638e-10	-3.1947000000000004e-10	3.1156e-07	-3.1312e-07	1.3605e-09	-5.4157e-10	-3.1389000000000004e-10	3.1128e-07	-3.132e-07	2.0571e-09	-1.1004e-09	-2.5616e-10	3.114e-07	-3.1364e-07	2.0995e-09	-2.3483e-09	-2.7827e-10	3.124e-07	-3.1164e-07
0.2	7.1729e-10	2.4459000000000003e-10	-2.4586e-10	3.1138e-07	-3.1358e-07	-8.4995e-10	-8.631000000000001e-11	7.523e-11	3.1342e-07	-3.1088e-07	1.351e-11	8.36e-11	3.6145e-10	3.1276e-07	-3.1306e-07	8.612e-10	-2.3233e-10	-3.5541e-10	3.114e-07	-3.1314e-07	1.2123e-09	-5.7627e-10	-3.5815e-10	3.1168e-07	-3.1296e-07	1.9565e-09	-1.127e-09	-3.2088000000000003e-10	3.1156e-07	-3.1332e-07	1.7797e-09	-2.3169e-09	-2.0702000000000003e-10	3.1282e-07	-3.1142e-07
0.205	6.6534e-10	2.3447e-10	-2.8469000000000003e-10	3.1134e-07	-3.1334e-07	-8.850200000000001e-10	-6.322e-11	1.2485e-10	3.1364e-07	-3.1134e-07	1.3927e-10	9.688e-11	3.2221e-10	3.126e-07	-3.1338e-07	1.0874e-09	-1.3195000000000002e-10	-2.4901e-10	3.1126e-07	-3.1346e-07	1.0566e-09	-6.1098e-10	-3.857e-10	3.1198e-07	-3.1262e-07	1.7516e-09	-1.1549e-09	-3.6522e-10	3.116e-07	-3.1298e-07	1.5229e-09	-2.2656e-09	-1.1793e-10	3.13e-07	-3.1096e-07
0.21	5.758200000000001e-10	2.1636e-10	-3.2524e-10	3.115e-07	-3.1344e-07	-8.856200000000001e-10	-4.3790000000000005e-11	1.7322000000000002e-10	3.136e-07	-3.1118e-07	2.5061000000000003e-10	1.0632e-10	2.8812000000000003e-10	3.1244e-07	-3.1362e-07	9.914e-10	-1.609e-10	-3.0531e-10	3.1134e-07	-3.132e-07	8.7e-10	-6.218600000000001e-10	-3.8446e-10	3.1188e-07	-3.1236e-07	1.5556e-09	-1.1772e-09	-3.8364e-10	3.1196e-07	-3.1238e-07	1.325e-09	-2.199e-09	6.400000000000001e-13	3.1322e-07	-3.1108e-07
0.215	4.5587000000000005e-10	1.8499000000000002e-10	-3.5541e-10	3.1176e-07	-3.1304e-07	-8.6966e-10	-3.171e-11	2.0904e-10	3.1386e-07	-3.115e-07	3.5671e-10	1.2887000000000002e-10	2.459e-10	3.1212e-07	-3.136e-07	8.649e-10	-1.9603e-10	-3.5192e-10	3.1154e-07	-3.1296e-07	6.626e-10	-6.368e-10	-3.562e-10	3.121e-07	-3.12e-07	1.3431e-09	-1.1873e-09	-3.6847e-10	3.1206e-07	-3.1196e-07	1.1853e-09	-2.1233e-09	1.1343e-10	3.135e-07	-3.1114e-07
0.22	3.6810000000000005e-10	1.6929000000000002e-10	-3.7006e-10	3.1186e-07	-3.1282e-07	-8.3168e-10	1.31e-12	2.4747e-10	3.1382e-07	-3.1156e-07	4.7014e-10	1.3505e-10	2.0042e-10	3.1216e-07	-3.1374e-07	1.0609e-09	-1.0382e-10	-2.4299e-10	3.1128e-07	-3.1366e-07	1.2847e-09	-3.7673000000000005e-10	-6.984e-11	3.1152e-07	-3.1382e-07	1.0536e-09	-1.1824e-09	-3.0829000000000003e-10	3.1256e-07	-3.1176e-07	1.134e-09	-2.0519e-09	2.0632e-10	3.1376e-07	-3.1156e-07
0.225	2.603e-10	1.597e-10	-3.8646e-10	3.12e-07	-3.126e-07	-7.6491e-10	2.439e-11	2.9069e-10	3.137e-07	-3.1188e-07	5.4038e-10	1.3431e-10	1.5306e-10	3.121e-07	-3.1386e-07	9.836e-10	-1.3032000000000002e-10	-3.0384e-10	3.1146e-07	-3.1336e-07	1.3753e-09	-3.9451e-10	-1.7776000000000001e-10	3.115e-07	-3.1364e-07	7.212e-10	-1.1688e-09	-2.3113e-10	3.1274e-07	-3.1136e-07	1.1642e-09	-1.9828e-09	2.7216e-10	3.1364e-07	-3.116e-07
0.23	1.0946e-10	1.3436000000000001e-10	-3.8389e-10	3.1192e-07	-3.125e-07	-6.7224e-10	5.4320000000000006e-11	3.1674000000000004e-10	3.1346e-07	-3.1186e-07	6.379400000000001e-10	1.3254000000000001e-10	9.671e-11	3.1184e-07	-3.1402e-07	8.376e-10	-1.7351e-10	-3.5293000000000004e-10	3.1144e-07	-3.13e-07	1.3593e-09	-4.1302e-10	-2.5842e-10	3.114e-07	-3.1354e-07	1.3726e-09	-1.0893e-09	-3.8295e-10	3.1206e-07	-3.1236e-07	1.257e-09	-1.8831e-09	3.258e-10	3.1342e-07	-3.1196e-07
0.235	-1.7450000000000002e-11	1.3048e-10	-3.7583e-10	3.1214e-07	-3.1212e-07	-5.996100000000001e-10	7.903000000000001e-11	3.4307000000000004e-10	3.1352e-07	-3.1206e-07	6.909600000000001e-10	1.2374e-10	4.676e-11	3.1154e-07	-3.1388e-07	1.0389e-09	-7.257e-11	-2.1669000000000003e-10	3.1132e-07	-3.1348e-07	1.2396e-09	-4.4585e-10	-3.2190000000000005e-10	3.114e-07	-3.1324e-07	1.2048e-09	-1.0998e-09	-3.5361000000000003e-10	3.1214e-07	-3.1204e-07	1.344e-09	-1.8104e-09	3.7596e-10	3.1346e-07	-3.122e-07
0.24	-1.7398e-10	1.3656000000000002e-10	-3.54e-10	3.1224e-07	-3.1186e-07	-5.1957e-10	1.0674e-10	3.7226e-10	3.132e-07	-3.1242e-07	7.4644e-10	1.0615e-10	-2.2610000000000003e-11	3.1146e-07	-3.1388e-07	9.781e-10	-1.0588e-10	-2.9485e-10	3.1118e-07	-3.132e-07	1.0891e-09	-4.7047e-10	-3.5747e-10	3.1156e-07	-3.1312e-07	8.828e-10	-1.0923e-09	-2.7977e-10	3.1264e-07	-3.1176e-07	1.5064e-09	-1.7401e-09	3.962e-10	3.132e-07	-3.1266e-07
0.245	-3.2712e-10	1.3543000000000002e-10	-3.1868000000000003e-10	3.1248e-07	-3.1178e-07	-4.1210000000000006e-10	1.3116000000000002e-10	3.9542e-10	3.133e-07	-3.1262e-07	8.0704e-10	9.719e-11	-6.95e-11	3.114e-07	-3.1402e-07	8.465e-10	-1.3884e-10	-3.4362e-10	3.1146e-07	-3.131e-07	9.559e-10	-5.013200000000001e-10	-3.8012e-10	3.1164e-07	-3.125e-07	5.866e-10	-1.0811e-09	-2.1603000000000003e-10	3.1288e-07	-3.1152e-07	1.6933e-09	-1.6754e-09	3.5787000000000003e-10	3.1274e-07	-3.1328e-07
0.25	-5.1305e-10	1.3692e-10	-2.7438000000000004e-10	3.1276e-07	-3.1164e-07	-3.5092e-10	1.3804000000000002e-10	3.9453e-10	3.13e-07	-3.126e-07	8.718e-10	8.678000000000001e-11	-1.4167e-10	3.115e-07	-3.1364e-07	1.0116e-09	-3.982e-11	-1.9665e-10	3.1144e-07	-3.1382e-07	7.816e-10	-5.242800000000001e-10	-3.8668000000000005e-10	3.1198e-07	-3.122e-07	1.3245e-09	-1.0417e-09	-3.1238e-10	3.1232e-07	-3.1186e-07	1.9125e-09	-1.6121e-09	2.9068e-10	3.1238e-07	-3.135e-07
0.255	-1.1835e-09	2.2288e-10	1.3434e-10	3.1368e-07	-3.1142e-07	-2.5157000000000004e-10	1.6613000000000002e-10	3.8289e-10	3.128e-07	-3.1292e-07	9.0307e-10	6.696000000000001e-11	-2.0056e-10	3.1156e-07	-3.1382e-07	7.919e-10	1.9660000000000003e-11	3.522e-11	3.1152e-07	-3.1386e-07	1.2861e-09	-3.0550000000000003e-10	-1.5693000000000002e-10	3.1134e-07	-3.138e-07	6.336e-10	-1.0341e-09	-2.3858e-10	3.1286e-07	-3.1142e-07	2.085e-09	-1.553e-09	2.1863000000000002e-10	3.1206e-07	-3.1364e-07
0.26	-1.1785e-09	2.6704000000000004e-10	2.0345e-10	3.137e-07	-3.1142e-07	-6.709000000000001e-11	1.8864e-10	3.5254e-10	3.1288e-07	-3.1316e-07	9.040999999999999e-10	4.942e-11	-2.3985e-10	3.1132e-07	-3.1346e-07	7.93e-10	-1.2336e-10	-3.5752e-10	3.1156e-07	-3.1322e-07	1.2914e-09	-3.3396e-10	-2.4039000000000004e-10	3.115e-07	-3.1372e-07	1.4358e-09	-1.015e-09	-1.1114e-10	3.1324e-07	-3.1102e-07	2.2118e-09	-1.5257e-09	1.2360000000000002e-10	3.1194e-07	-3.1406e-07
0.265	-1.1291e-09	3.1382e-10	2.6256e-10	3.1406e-07	-3.1194e-07	7.035000000000001e-11	2.0134000000000003e-10	3.1358e-10	3.1256e-07	-3.1328e-07	8.7644e-10	3.721e-11	-2.7477e-10	3.1124e-07	-3.1328e-07	9.989e-10	-3.1150000000000004e-11	-2.2188e-10	3.1134e-07	-3.1362e-07	1.2015e-09	-3.5552000000000003e-10	-3.0551e-10	3.1126e-07	-3.1324e-07	1.4381e-09	-7.073e-10	3.0336e-10	3.1254e-07	-3.1332e-07	2.3285e-09	-1.5108e-09	8.33e-12	3.1156e-07	-3.1388e-07
0.27	-1.0144e-09	3.7421e-10	3.1405e-10	3.137e-07	-3.1206e-07	1.7397000000000002e-10	2.1549e-10	2.7870000000000003e-10	3.1232e-07	-3.1358e-07	8.1291e-10	1.633e-11	-3.0989e-10	3.115e-07	-3.1338e-07	9.256e-10	-7.471e-11	-3.0826000000000003e-10	3.1128e-07	-3.1316e-07	1.0614e-09	-3.7991e-10	-3.4651000000000003e-10	3.114e-07	-3.1292e-07	1.3973e-09	-6.847e-10	3.0703e-10	3.1248e-07	-3.1334e-07	2.4078e-09	-1.5051e-09	-1.1542e-10	3.115e-07	-3.138e-07
0.275	-8.819e-10	4.3363e-10	3.6102e-10	3.1354e-07	-3.123e-07	2.7854e-10	2.4158e-10	2.4119e-10	3.1232e-07	-3.1382e-07	7.2051e-10	-1.772e-11	-3.4324000000000005e-10	3.1164e-07	-3.1302e-07	7.636e-10	-1.0955e-10	-3.5757000000000004e-10	3.1148e-07	-3.1294e-07	9.384e-10	-4.1237000000000005e-10	-3.7072e-10	3.1148e-07	-3.1264e-07	1.3941e-09	-9.3231e-10	-3.3975000000000004e-10	3.1246e-07	-3.1196e-07	2.4745e-09	-1.5051e-09	-2.2857e-10	3.1148e-07	-3.1348e-07
0.28	-1.204e-09	2.7324000000000003e-10	1.859e-11	3.1358e-07	-3.1118e-07	3.6655e-10	2.4570000000000004e-10	2.0275e-10	3.1216e-07	-3.1378e-07	6.4953e-10	-3.3890000000000005e-11	-3.5648000000000004e-10	3.1156e-07	-3.1292e-07	-7.8414e-10	-1.7299000000000001e-10	1.5234e-10	3.1352e-07	-3.1136e-07	7.818e-10	-4.3819e-10	-3.9062e-10	3.1176e-07	-3.1238e-07	1.4171e-09	-6.2718e-10	7.798000000000001e-11	3.1158e-07	-3.1378e-07	2.4031e-09	-1.523e-09	-3.0869000000000005e-10	3.115e-07	-3.1338e-07
0.285	-1.2772e-09	3.2394e-10	1.0687000000000001e-10	3.1382e-07	-3.112e-07	4.3019e-10	2.4758000000000004e-10	1.4859e-10	3.1188e-07	-3.1388e-07	5.8291e-10	-5.127e-11	-3.6688e-10	3.116e-07	-3.1292e-07	-7.7534e-10	-1.5511000000000002e-10	1.858e-10	3.1346e-07	-3.1142e-07	1.2384e-09	-2.6856e-10	-2.3665e-10	3.1128e-07	-3.1374e-07	1.5171e-09	-6.348400000000001e-10	-2.916e-11	3.1148e-07	-3.1404e-07	2.1991e-09	-1.5436e-09	-3.6091000000000005e-10	3.1152e-07	-3.1308e-07
0.29	-1.2981e-09	3.6902e-10	1.8552e-10	3.1384e-07	-3.1164e-07	4.9759e-10	2.5313000000000003e-10	1.0187e-10	3.1192e-07	-3.141e-07	5.0748e-10	-7.727e-11	-3.84e-10	3.118e-07	-3.125e-07	-7.5935e-10	-1.2896e-10	2.2972e-10	3.1368e-07	-3.1154e-07	1.1661e-09	-2.9598000000000005e-10	-2.9052000000000005e-10	3.1122e-07	-3.1338e-07	1.6091e-09	-6.4794e-10	-1.3854000000000002e-10	3.1136e-07	-3.1358e-07	1.98e-09	-1.5694e-09	-3.8867e-10	3.1198e-07	-3.1244e-07
0.295	-1.2619e-09	4.2258000000000005e-10	2.4752000000000004e-10	3.1368e-07	-3.116e-07	5.7766e-10	2.4379000000000004e-10	3.262e-11	3.118e-07	-3.139e-07	4e-10	-1.0064e-10	-3.7983e-10	3.1192e-07	-3.1236e-07	-7.0406e-10	-1.0092e-10	2.6629e-10	3.1358e-07	-3.1146e-07	1.04e-09	-3.2098e-10	-3.4550000000000005e-10	3.1134e-07	-3.132e-07	1.6192e-09	-6.6463e-10	-2.4369e-10	3.1148e-07	-3.1362e-07	1.7377e-09	-1.5718e-09	-3.7236000000000005e-10	3.12e-07	-3.1222e-07
0.3	-1.169e-09	4.905300000000001e-10	3.0718e-10	3.1362e-07	-3.1196e-07	6.3091e-10	2.2841e-10	-3.3880000000000003e-11	3.1178e-07	-3.141e-07	2.8496e-10	-1.1216e-10	-3.7023e-10	3.1224e-07	-3.1204e-07	-6.3268e-10	-7.21e-11	2.9993e-10	3.1366e-07	-3.1178e-07	8.928e-10	-3.5787000000000003e-10	-3.721e-10	3.1158e-07	-3.1272e-07	1.5088e-09	-6.816900000000001e-10	-3.0674e-10	3.1128e-07	-3.1326e-07	1.4654e-09	-1.5709e-09	-3.1392000000000004e-10	3.1246e-07	-3.1166e-07
0.305	-1.0558e-09	5.512e-10	3.4310000000000004e-10	3.1338e-07	-3.121e-07	7.002200000000001e-10	2.2175e-10	-9.991e-11	3.1152e-07	-3.1388e-07	1.0564e-10	-1.2755e-10	-3.4069000000000004e-10	3.1218e-07	-3.118e-07	-5.7023e-10	-5.699e-11	3.2249000000000004e-10	3.1346e-07	-3.1176e-07	7.323e-10	-3.7994e-10	-3.9042e-10	3.1176e-07	-3.1238e-07	1.352e-09	-7.1129e-10	-3.5117000000000004e-10	3.1144e-07	-3.1298e-07	1.0921e-09	-1.5448e-09	-2.3828000000000003e-10	3.1294e-07	-3.115e-07
0.31	-9.225e-10	6.0555e-10	3.9269e-10	3.1346e-07	-3.1238e-07	7.6052e-10	2.1508e-10	-1.6436000000000001e-10	3.1152e-07	-3.139e-07	-8.458e-11	-1.4221000000000002e-10	-3.0214e-10	3.1234e-07	-3.119e-07	-4.9649e-10	-1.7760000000000002e-11	3.4550000000000005e-10	3.1328e-07	-3.1194e-07	1.1838e-09	-2.1449000000000003e-10	-2.3865e-10	3.115e-07	-3.137e-07	1.2205e-09	-7.3981e-10	-3.7664e-10	3.1188e-07	-3.1282e-07	8.437e-10	-1.5068e-09	-1.5676e-10	3.1308e-07	-3.112e-07
0.315	-7.897e-10	6.5716e-10	3.9696e-10	3.1302e-07	-3.1296e-07	7.7142e-10	1.9723000000000003e-10	-2.2521e-10	3.1144e-07	-3.1362e-07	-1.969e-10	-1.4138e-10	-2.7357e-10	3.1266e-07	-3.1166e-07	-4.0452e-10	3.2700000000000004e-12	3.823e-10	3.1318e-07	-3.122e-07	1.1073e-09	-2.3994e-10	-2.9805e-10	3.115e-07	-3.1334e-07	1.0378e-09	-7.5778e-10	-3.8495000000000005e-10	3.1204e-07	-3.126e-07	1.6105e-09	-1.1655e-09	2.4652000000000004e-10	3.122e-07	-3.1384e-07
0.32	-1.3773e-09	4.7242e-10	2.1970000000000003e-11	3.133e-07	-3.1094e-07	7.4638e-10	1.7914e-10	-2.7057000000000003e-10	3.1148e-07	-3.1356e-07	-3.5467000000000003e-10	-1.4669e-10	-2.3486e-10	3.1278e-07	-3.1132e-07	-3.0400000000000004e-10	2.314e-11	4.0047e-10	3.1306e-07	-3.1238e-07	9.494e-10	-2.7807e-10	-3.5072e-10	3.1146e-07	-3.1302e-07	8.494e-10	-7.6112e-10	-3.6984e-10	3.1224e-07	-3.1214e-07	1.7847e-09	-1.1375e-09	1.5574000000000002e-10	3.1198e-07	-3.1384e-07
0.325	-1.475e-09	5.2858e-10	1.1732000000000001e-10	3.1358e-07	-3.1112e-07	6.767e-10	1.6631000000000002e-10	-3.0352e-10	3.114e-07	-3.1344e-07	-4.9178e-10	-1.4831e-10	-2.0002e-10	3.1286e-07	-3.1132e-07	-2.0207e-10	4.152e-11	4.0284e-10	3.1294e-07	-3.1286e-07	8.365e-10	-3.0612e-10	-3.717e-10	3.1154e-07	-3.1284e-07	6.255e-10	-7.6768e-10	-3.2636000000000005e-10	3.1228e-07	-3.1176e-07	1.9082e-09	-1.1292e-09	4.3430000000000005e-11	3.1168e-07	-3.138e-07
0.33	-1.5017e-09	5.9394e-10	2.0067e-10	3.1362e-07	-3.1144e-07	5.884500000000001e-10	1.512e-10	-3.3577e-10	3.1152e-07	-3.1316e-07	-6.010100000000001e-10	-1.4745000000000002e-10	-1.5879e-10	3.1296e-07	-3.113e-07	-8.434e-11	6.402e-11	3.8971e-10	3.1276e-07	-3.1294e-07	1.1162e-09	-1.888e-10	-2.6837e-10	3.1144e-07	-3.134e-07	1.2515999999999999e-09	-4.5657000000000006e-10	6.489000000000001e-11	3.115e-07	-3.1372e-07	2.0096999999999998e-09	-1.1309e-09	-8.523000000000001e-11	3.1134e-07	-3.139e-07
0.335	-1.4616e-09	6.6263e-10	2.6437000000000004e-10	3.1372e-07	-3.1162e-07	4.956300000000001e-10	1.2602000000000002e-10	-3.5673e-10	3.1156e-07	-3.1302e-07	-6.707700000000001e-10	-1.3439e-10	-1.1904e-10	3.1336e-07	-3.1128e-07	5.823e-11	8.163e-11	3.5872000000000003e-10	3.1268e-07	-3.1326e-07	9.981e-10	-2.2181e-10	-3.2478000000000004e-10	3.1134e-07	-3.1332e-07	1.3472e-09	-4.7525e-10	-5.1510000000000005e-11	3.115e-07	-3.1394e-07	2.1012e-09	-1.1337e-09	-2.0252e-10	3.1156e-07	-3.1376e-07
0.34	-1.3684e-09	7.3049e-10	3.1638000000000005e-10	3.138e-07	-3.1184e-07	4.1196e-10	1.087e-10	-3.7104e-10	3.1166e-07	-3.1276e-07	-7.4644e-10	-1.2103000000000002e-10	-6.331e-11	3.1322e-07	-3.1128e-07	1.7172e-10	8.382e-11	3.1776000000000005e-10	3.1256e-07	-3.1336e-07	8.737e-10	-2.4418000000000003e-10	-3.5719000000000004e-10	3.1146e-07	-3.1308e-07	1.4311e-09	-4.8438e-10	-1.5344000000000002e-10	3.1132e-07	-3.1388e-07	2.0686e-09	-1.1505e-09	-2.8753000000000004e-10	3.1144e-07	-3.1348e-07
0.345	-1.2882e-09	8.0162e-10	3.5569000000000004e-10	3.134e-07	-3.1226e-07	3.243e-10	9.729e-11	-3.8732e-10	3.12e-07	-3.1272e-07	-8.1049e-10	-1.1039999999999999e-10	-4.660000000000001e-12	3.1334e-07	-3.1118e-07	2.8482e-10	1.0849e-10	2.8608e-10	3.1256e-07	-3.1372e-07	1.1163e-09	-1.4867000000000001e-10	-2.4164e-10	3.1146e-07	-3.134e-07	1.4542e-09	-4.9303e-10	-2.2719e-10	3.1152e-07	-3.1346e-07	1.9029e-09	-1.1823e-09	-3.5368e-10	3.115e-07	-3.1298e-07
0.35	-1.1258e-09	8.820400000000001e-10	3.9616e-10	3.1322e-07	-3.1262e-07	2.0225000000000003e-10	7.771000000000001e-11	-3.8682e-10	3.1206e-07	-3.1236e-07	-8.6179e-10	-8.224e-11	6.629000000000001e-11	3.1354e-07	-3.1106e-07	3.8328000000000005e-10	1.2059000000000002e-10	2.5584e-10	3.121e-07	-3.1362e-07	1.0357e-09	-1.758e-10	-2.9937e-10	3.1144e-07	-3.1328e-07	1.3777e-09	-5.1516e-10	-2.963e-10	3.1138e-07	-3.1344e-07	1.7128e-09	-1.2021e-09	-3.8607e-10	3.1176e-07	-3.1254e-07
0.355	-9.865e-10	9.3773e-10	3.8609e-10	3.1292e-07	-3.1298e-07	7.257e-11	6.936000000000001e-11	-3.7758000000000005e-10	3.122e-07	-3.1218e-07	-8.9622e-10	-6.655e-11	1.1793e-10	3.1376e-07	-3.113e-07	4.6561000000000006e-10	1.2601e-10	2.1108e-10	3.1196e-07	-3.138e-07	8.811e-10	-2.1407e-10	-3.5314000000000003e-10	3.117e-07	-3.131e-07	1.2492e-09	-5.426100000000001e-10	-3.4071e-10	3.1142e-07	-3.1322e-07	1.4822e-09	-1.2217e-09	-3.7751e-10	3.1192e-07	-3.123e-07
0.36	-8.724e-10	9.9307e-10	3.5487000000000004e-10	3.1274e-07	-3.1314e-07	-4.2270000000000006e-11	7.091e-11	-3.6379e-10	3.1214e-07	-3.1206e-07	-8.9495e-10	-4.785e-11	1.642e-10	3.1378e-07	-3.113e-07	5.272200000000001e-10	1.2906000000000002e-10	1.6687e-10	3.1198e-07	-3.1394e-07	1.0896e-09	-1.2111e-10	-2.4556000000000003e-10	3.1144e-07	-3.1362e-07	1.1084e-09	-5.6947e-10	-3.6825000000000005e-10	3.1154e-07	-3.1272e-07	1.2142e-09	-1.2226e-09	-3.4279e-10	3.1224e-07	-3.1194e-07
0.365	-7.296e-10	1.05205e-09	2.9721e-10	3.1264e-07	-3.137e-07	-1.7494000000000002e-10	7.197000000000001e-11	-3.3768e-10	3.1228e-07	-3.1196e-07	-8.8256e-10	-3.307e-11	2.0355e-10	3.136e-07	-3.1138e-07	6.0843e-10	1.3135000000000002e-10	1.1165e-10	3.1158e-07	-3.1382e-07	1.0002e-09	-1.5029e-10	-3.0353000000000004e-10	3.115e-07	-3.133e-07	9.489e-10	-5.920300000000001e-10	-3.8767e-10	3.1186e-07	-3.1262e-07	9.209e-10	-1.2184e-09	-2.7011e-10	3.1274e-07	-3.1142e-07
0.37	-1.5992e-09	8.003e-10	-1.3055e-10	3.1328e-07	-3.1138e-07	-3.2869000000000003e-10	6.689e-11	-2.9787000000000003e-10	3.126e-07	-3.1184e-07	-8.5452e-10	-9.65e-12	2.3599000000000003e-10	3.1384e-07	-3.1166e-07	6.8933e-10	1.2255e-10	6.398000000000001e-11	3.1152e-07	-3.139e-07	8.684e-10	-1.7572000000000001e-10	-3.5099000000000005e-10	3.1158e-07	-3.1326e-07	7.582e-10	-6.129e-10	-3.7333e-10	3.1198e-07	-3.122e-07	6.124e-10	-1.1935e-09	-1.9707e-10	3.128e-07	-3.1134e-07
0.375	-1.5651e-09	1.1552e-09	7.762000000000001e-11	3.1176e-07	-3.1414e-07	-4.8345e-10	7.833e-11	-2.6120000000000004e-10	3.128e-07	-3.1142e-07	-8.0573e-10	1.655e-11	2.7139000000000003e-10	3.1378e-07	-3.1164e-07	7.464e-10	1.0059e-10	-5.24e-12	3.115e-07	-3.1404e-07	1.063e-09	-8.808e-11	-2.1148000000000003e-10	3.1134e-07	-3.1378e-07	1.3549e-09	-3.9021e-10	-1.6409000000000002e-10	3.1146e-07	-3.1364e-07	1.4777e-09	-1.1275e-09	-3.7944e-10	3.1216e-07	-3.1232e-07
0.38	-1.6133e-09	1.1005e-09	3.6297e-10	3.1344e-07	-3.1232e-07	-6.811600000000001e-10	8.483e-11	-2.1092e-10	3.13e-07	-3.1156e-07	-7.1594e-10	3.7240000000000005e-11	3.0541000000000003e-10	3.1352e-07	-3.1198e-07	8.1715e-10	9.644e-11	-7.333e-11	3.1134e-07	-3.1386e-07	9.925e-10	-1.2116e-10	-2.9199000000000004e-10	3.113e-07	-3.1344e-07	1.3606e-09	-4.0484e-10	-2.4928000000000004e-10	3.1148e-07	-3.1366e-07	1.0907e-09	-1.1292e-09	-3.2866000000000003e-10	3.1246e-07	-3.1196e-07
0.385	-1.4601e-09	1.1934e-09	3.9308000000000005e-10	3.1334e-07	-3.1282e-07	-8.1085e-10	9.522e-11	-1.6381e-10	3.1298e-07	-3.1138e-07	-6.4389e-10	7.233000000000001e-11	3.2569000000000004e-10	3.135e-07	-3.121e-07	8.7566e-10	8.498e-11	-1.2837000000000002e-10	3.1144e-07	-3.1396e-07	8.656e-10	-1.5050000000000002e-10	-3.454e-10	3.1144e-07	-3.1302e-07	1.2793e-09	-4.3252e-10	-3.0023e-10	3.1134e-07	-3.1318e-07	7.547e-10	-1.1202e-09	-2.4841e-10	3.1268e-07	-3.1148e-07
0.39	-1.3049e-09	1.2741e-09	3.7625e-10	3.13e-07	-3.1322e-07	-9.1451e-10	1.14e-10	-1.1264e-10	3.1338e-07	-3.113e-07	-5.6739e-10	9.668000000000001e-11	3.6139e-10	3.1354e-07	-3.1232e-07	9.117999999999999e-10	6.735e-11	-1.7693e-10	3.1146e-07	-3.1368e-07	1.0341e-09	-6.431000000000001e-11	-2.2168000000000003e-10	3.1146e-07	-3.1374e-07	1.1304e-09	-4.5909e-10	-3.4814e-10	3.1146e-07	-3.1302e-07	1.5197e-09	-1.085e-09	-3.4268e-10	3.1244e-07	-3.1186e-07
0.395	-1.0859e-09	1.351e-09	2.9659e-10	3.1262e-07	-3.1348e-07	-1.0147400000000002e-09	1.4375000000000002e-10	-5.622000000000001e-11	3.133e-07	-3.1124e-07	-4.6443e-10	1.2193e-10	3.8349e-10	3.1316e-07	-3.1232e-07	9.1291e-10	5.2640000000000005e-11	-2.3095e-10	3.1138e-07	-3.1372e-07	9.576e-10	-9.898e-11	-3.0075e-10	3.112e-07	-3.1316e-07	1.0053e-09	-4.807200000000001e-10	-3.677e-10	3.1164e-07	-3.1278e-07	7.807e-10	-1.074e-09	-2.6789000000000004e-10	3.125e-07	-3.114e-07
0.4	-9.15e-10	1.4238e-09	2.2449e-10	3.1216e-07	-3.1382e-07	-1.07264e-09	1.7257e-10	2.2700000000000002e-12	3.1336e-07	-3.1094e-07	-3.6953e-10	1.3879000000000002e-10	3.9457e-10	3.1316e-07	-3.1266e-07	8.8436e-10	3.697e-11	-2.7064e-10	3.114e-07	-3.1326e-07	8.124e-10	-1.3951000000000002e-10	-3.5637000000000003e-10	3.1142e-07	-3.1296e-07	8.44e-10	-5.1356e-10	-3.8674000000000005e-10	3.1194e-07	-3.1248e-07	1.4356e-09	-1.0566e-09	-2.5762000000000004e-10	3.1258e-07	-3.1138e-07
0.405	-8.179e-10	1.4862e-09	1.3835000000000002e-10	3.1204e-07	-3.1402e-07	-1.1785e-09	2.3172000000000003e-10	1.5082e-10	3.1358e-07	-3.1112e-07	-2.7874e-10	1.5934000000000002e-10	3.9055e-10	3.1306e-07	-3.1292e-07	8.2416e-10	1.158e-11	-3.0762e-10	3.115e-07	-3.1322e-07	1.0143e-09	-4.778e-11	-2.2671e-10	3.1152e-07	-3.1356e-07	1.2113e-09	-2.9022e-10	-7.842000000000001e-11	3.116e-07	-3.141e-07	1.4317e-09	-1.0373e-09	-2.5209e-10	3.126e-07	-3.1132e-07
0.41	-1.8022e-09	1.2216e-09	-1.9865e-10	3.1318e-07	-3.1158e-07	-1.1644e-09	2.7276e-10	2.1773e-10	3.1366e-07	-3.1134e-07	-1.3098000000000002e-10	1.8108e-10	3.6505000000000005e-10	3.127e-07	-3.1302e-07	7.510000000000001e-10	-1.354e-11	-3.3287e-10	3.1144e-07	-3.1328e-07	9.211e-10	-8.821000000000001e-11	-3.1322000000000003e-10	3.1132e-07	-3.1314e-07	1.2871e-09	-3.0262000000000004e-10	-1.7473000000000003e-10	3.1138e-07	-3.1392e-07	1.4312e-09	-1.0074e-09	-1.1904e-10	3.1302e-07	-3.1126e-07
0.415	-2.0876e-09	1.3037e-09	-9.261e-11	3.1328e-07	-3.1112e-07	-1.1027e-09	3.1961000000000005e-10	2.7083000000000004e-10	3.1386e-07	-3.1184e-07	4.16e-12	1.8954000000000002e-10	3.2678000000000003e-10	3.126e-07	-3.1314e-07	6.677700000000001e-10	-3.2650000000000005e-11	-3.5911e-10	3.117e-07	-3.131e-07	9.845e-10	-1.302e-11	-1.5397e-10	3.1128e-07	-3.1364e-07	1.2665e-09	-3.3547000000000003e-10	-2.6298e-10	3.1146e-07	-3.1336e-07	1.4202e-09	-7.028e-10	3.1117e-10	3.1264e-07	-3.1328e-07
0.42	-2.2919e-09	1.3912e-09	2.495e-11	3.1348e-07	-3.1106e-07	-9.889e-10	3.761e-10	3.2363000000000005e-10	3.1352e-07	-3.1212e-07	1.3201000000000002e-10	2.1577e-10	2.9543000000000003e-10	3.1262e-07	-3.1338e-07	5.767000000000001e-10	-6.075000000000001e-11	-3.7434e-10	3.1174e-07	-3.1268e-07	7.946e-10	-1.1537e-10	-3.5093000000000005e-10	3.1156e-07	-3.1298e-07	1.164e-09	-3.526e-10	-3.1603000000000005e-10	3.1162e-07	-3.1338e-07	1.4146e-09	-9.6045e-10	-3.4385e-10	3.1236e-07	-3.1178e-07
0.425	-2.4186e-09	1.4893e-09	1.3860000000000002e-10	3.1356e-07	-3.1118e-07	-8.548e-10	4.3638000000000005e-10	3.7188e-10	3.1342e-07	-3.1224e-07	2.3992000000000004e-10	2.2996000000000003e-10	2.6629e-10	3.1216e-07	-3.1356e-07	4.887600000000001e-10	-8.429e-11	-3.9189e-10	3.1174e-07	-3.1248e-07	9.964e-10	-1.985e-11	-2.1543000000000003e-10	3.1136e-07	-3.137e-07	1.0012e-09	-3.8624000000000005e-10	-3.5365e-10	3.1168e-07	-3.1292e-07	6.017e-10	-9.506e-10	-2.8144e-10	3.1252e-07	-3.1148e-07
0.43	-2.495e-09	1.6e-09	2.2929e-10	3.1392e-07	-3.1156e-07	-1.1977e-09	2.7632000000000003e-10	3.2470000000000005e-11	3.1348e-07	-3.1112e-07	3.3425e-10	2.4342e-10	2.2249000000000002e-10	3.1202e-07	-3.1352e-07	3.9236e-10	-1.0275e-10	-3.9201e-10	3.12e-07	-3.1256e-07	8.071e-10	4.058e-11	-5.3500000000000004e-12	3.115e-07	-3.1386e-07	8.516e-10	-4.2395e-10	-3.8394e-10	3.118e-07	-3.1274e-07	1.3223e-09	-6.182e-10	1.4532000000000002e-10	3.1194e-07	-3.1382e-07
0.435	-2.4754e-09	1.7208e-09	2.9854000000000004e-10	3.1378e-07	-3.1188e-07	-1.2787e-09	3.2794e-10	1.2257000000000002e-10	3.1354e-07	-3.1136e-07	3.9165e-10	2.4896000000000004e-10	1.8332e-10	3.121e-07	-3.1388e-07	2.8575e-10	-1.1323e-10	-3.7749e-10	3.119e-07	-3.122e-07	5.539e-10	7.681e-11	2.0171e-10	3.1208e-07	-3.1364e-07	1.2274e-09	-2.5396e-10	-2.1102e-10	3.1158e-07	-3.1356e-07	1.4297e-09	-6.1506e-10	5.4030000000000006e-11	3.1158e-07	-3.1374e-07
0.44	-2.4022e-09	1.8355e-09	3.4394e-10	3.1354e-07	-3.1222e-07	-1.2834e-09	3.7354e-10	1.9714e-10	3.138e-07	-3.1156e-07	4.6412000000000005e-10	2.5683000000000003e-10	1.2848e-10	3.1168e-07	-3.141e-07	1.3585e-10	-1.3000000000000002e-10	-3.5986000000000004e-10	3.1208e-07	-3.1178e-07	8.039e-10	-9.307e-11	-3.4328000000000003e-10	3.1162e-07	-3.1292e-07	1.195e-09	-2.8188e-10	-2.7495e-10	3.1142e-07	-3.135e-07	1.5038e-09	-6.170400000000001e-10	-4.469e-11	3.1142e-07	-3.1412e-07
0.445	-2.3099e-09	1.9479e-09	3.9331e-10	3.1334e-07	-3.1266e-07	-1.2498e-09	4.2758e-10	2.496e-10	3.1366e-07	-3.115e-07	5.492300000000001e-10	2.5005000000000003e-10	6.976e-11	3.1158e-07	-3.1384e-07	-1.6050000000000002e-11	-1.471e-10	-3.3093e-10	3.1256e-07	-3.12e-07	9.836e-10	5.58e-12	-2.0727000000000002e-10	3.1134e-07	-3.1352e-07	1.0602e-09	-3.1436000000000004e-10	-3.3304e-10	3.1144e-07	-3.131e-07	1.5958e-09	-6.2622e-10	-1.4959000000000002e-10	3.1122e-07	-3.1358e-07
0.45	-2.1761e-09	2.0659e-09	3.8162e-10	3.131e-07	-3.1304e-07	-1.1475e-09	4.8373e-10	3.103e-10	3.1348e-07	-3.1194e-07	5.9882e-10	2.3604e-10	4.52e-12	3.1164e-07	-3.141e-07	-1.3866000000000002e-10	-1.4473e-10	-2.9408000000000003e-10	3.1256e-07	-3.117e-07	7.978e-10	6.008e-11	1.243e-11	3.115e-07	-3.1404e-07	9.17e-10	-3.4188e-10	-3.639e-10	3.118e-07	-3.1286e-07	1.6055e-09	-6.4432e-10	-2.4449e-10	3.114e-07	-3.1364e-07
0.455	-1.9944e-09	2.1744e-09	3.1392000000000004e-10	3.1258e-07	-3.1338e-07	-1.0573e-09	5.5421e-10	3.4417e-10	3.1336e-07	-3.123e-07	6.5299e-10	2.3778000000000003e-10	-5.196000000000001e-11	3.116e-07	-3.1396e-07	-3.0844e-10	-1.5129e-10	-2.5246e-10	3.1286e-07	-3.1146e-07	5.253e-10	9.843e-11	2.1053e-10	3.1188e-07	-3.1352e-07	7.624e-10	-3.7194e-10	-3.8812000000000005e-10	3.1178e-07	-3.1272e-07	1.4957e-09	-6.6614e-10	-3.1355e-10	3.114e-07	-3.1322e-07
0.46	-1.8336e-09	2.282e-09	2.4491000000000004e-10	3.122e-07	-3.1392e-07	-9.622e-10	6.0822e-10	3.9912e-10	3.1324e-07	-3.1288e-07	7.2553e-10	2.2316e-10	-1.2731e-10	3.113e-07	-3.1364e-07	-4.213e-10	-1.5636000000000002e-10	-2.2322e-10	3.1292e-07	-3.115e-07	7.94e-10	-5.956e-11	-3.3592e-10	3.1144e-07	-3.1314e-07	1.1738e-09	-2.1847e-10	-2.2797e-10	3.1132e-07	-3.1372e-07	1.3455e-09	-6.9263e-10	-3.5335e-10	3.1164e-07	-3.1296e-07
0.465	-1.7421e-09	2.3767e-09	1.5251000000000002e-10	3.1192e-07	-3.1394e-07	-1.3272e-09	4.3234e-10	-2.802e-11	3.1348e-07	-3.1098e-07	7.6261e-10	2.115e-10	-1.8537e-10	3.1134e-07	-3.1368e-07	-5.233400000000001e-10	-1.5268e-10	-1.8063000000000003e-10	3.129e-07	-3.1142e-07	9.544e-10	1.9860000000000003e-11	-1.9129e-10	3.1124e-07	-3.1358e-07	1.1153e-09	-2.2978e-10	-2.9125e-10	3.1132e-07	-3.1326e-07	1.1867e-09	-7.2469e-10	-3.8205e-10	3.117e-07	-3.1274e-07
0.47	-1.657e-09	2.4514e-09	2.899e-11	3.1186e-07	-3.141e-07	-1.4251e-09	4.856500000000001e-10	7.324000000000001e-11	3.1368e-07	-3.1108e-07	7.5836e-10	1.9787e-10	-2.3661e-10	3.1156e-07	-3.1372e-07	-6.2218e-10	-1.417e-10	-1.3363e-10	3.1302e-07	-3.1102e-07	7.383e-10	9.214e-11	3.802e-11	3.1146e-07	-3.1396e-07	9.767e-10	-2.6606e-10	-3.3853e-10	3.1142e-07	-3.1312e-07	1.0033e-09	-7.4529e-10	-3.8577000000000005e-10	3.118e-07	-3.1224e-07
0.475	-1.6197e-09	2.5191e-09	-9.888e-11	3.1158e-07	-3.1404e-07	-1.489e-09	5.3952e-10	1.5486000000000002e-10	3.1374e-07	-3.1136e-07	7.3373e-10	1.9393e-10	-2.6860000000000003e-10	3.1146e-07	-3.1358e-07	-6.9956e-10	-1.3516e-10	-8.657e-11	3.131e-07	-3.1106e-07	4.576e-10	1.0932e-10	2.1849e-10	3.1198e-07	-3.1352e-07	8.507e-10	-2.9905e-10	-3.7174000000000005e-10	3.1152e-07	-3.1274e-07	7.958e-10	-7.4932e-10	-3.6307e-10	3.1214e-07	-3.121e-07
0.48	-1.613e-09	2.5751e-09	-2.2992e-10	3.1162e-07	-3.1356e-07	-1.4926e-09	5.937400000000001e-10	2.1787e-10	3.1388e-07	-3.115e-07	6.6931e-10	1.7190000000000002e-10	-3.1047e-10	3.1134e-07	-3.132e-07	-7.738900000000001e-10	-1.2457000000000002e-10	-3.608e-11	3.1344e-07	-3.1098e-07	8.093e-10	-4.068e-11	-3.2876e-10	3.1168e-07	-3.1328e-07	1.106e-09	-1.8970000000000003e-10	-2.7505e-10	3.1132e-07	-3.1364e-07	1.3761e-09	-4.907700000000001e-10	-5.671e-11	3.1156e-07	-3.1392e-07
0.485	-1.7568e-09	2.6413e-09	-3.0931000000000004e-10	3.1164e-07	-3.1322e-07	-1.4377e-09	6.7108e-10	2.7027000000000004e-10	3.1382e-07	-3.116e-07	5.6272e-10	1.4406000000000002e-10	-3.4513000000000003e-10	3.1144e-07	-3.1304e-07	-8.1047e-10	-1.0144e-10	1.5230000000000002e-11	3.1324e-07	-3.1078e-07	9.343e-10	4.291e-11	-1.8205e-10	3.114e-07	-3.138e-07	9.865e-10	-2.2477e-10	-3.3082e-10	3.116e-07	-3.1308e-07	1.4718e-09	-4.972700000000001e-10	-1.5556e-10	3.1128e-07	-3.1358e-07
0.49	-2.028e-09	2.6951e-09	-3.6012000000000004e-10	3.1188e-07	-3.1318e-07	-1.3509e-09	7.3293e-10	3.2054e-10	3.1342e-07	-3.1204e-07	4.716e-10	1.3164000000000002e-10	-3.6198e-10	3.1156e-07	-3.13e-07	-8.4427e-10	-8.69e-11	7.285000000000001e-11	3.1346e-07	-3.1088e-07	7.15e-10	1.0611e-10	4.5440000000000007e-11	3.1164e-07	-3.1398e-07	8.447e-10	-2.6002e-10	-3.6204e-10	3.118e-07	-3.128e-07	1.4782e-09	-5.126100000000001e-10	-2.4347000000000004e-10	3.1118e-07	-3.1362e-07
0.495	-2.3007e-09	2.748e-09	-3.8981e-10	3.12e-07	-3.126e-07	-1.254e-09	8.0345e-10	3.5776e-10	3.1328e-07	-3.1224e-07	3.5129000000000003e-10	1.0459e-10	-3.8125000000000005e-10	3.117e-07	-3.1266e-07	-8.838000000000001e-10	-7.063e-11	1.3058e-10	3.134e-07	-3.1124e-07	4.496e-10	1.2254e-10	2.2045000000000002e-10	3.1206e-07	-3.1368e-07	1.0893e-09	-1.5806000000000002e-10	-2.6945000000000004e-10	3.1124e-07	-3.1334e-07	1.3804e-09	-5.4163e-10	-3.0734000000000005e-10	3.1128e-07	-3.133e-07
0.5	-2.6221e-09	2.8256e-09	-3.7863e-10	3.1226e-07	-3.1218e-07	-1.128e-09	8.7298e-10	3.9382e-10	3.1312e-07	-3.1266e-07	2.6326000000000003e-10	9.285e-11	-3.9086e-10	3.12e-07	-3.1268e-07	-8.821000000000001e-10	-5.3010000000000006e-11	1.7059e-10	3.1338e-07	-3.1112e-07	2.66e-11	8.764e-11	3.5492e-10	3.1288e-07	-3.1308e-07	9.835e-10	-1.8971e-10	-3.1865000000000003e-10	3.1158e-07	-3.132e-07	1.2322e-09	-5.6805e-10	-3.5532e-10	3.1138e-07	-3.1298e-07
0.505	-3.0063e-09	2.9257e-09	-3.2204e-10	3.1234e-07	-3.1204e-07	-1.004e-09	9.3588e-10	3.8819e-10	3.1304e-07	-3.1288e-07	1.6443000000000002e-10	8.306e-11	-3.8458e-10	3.1192e-07	-3.1216e-07	-8.6508e-10	-2.385e-11	2.2071e-10	3.1358e-07	-3.1126e-07	-3.894e-10	3.242e-11	3.8497e-10	3.1308e-07	-3.1242e-07	8.344e-10	-2.263e-10	-3.5773e-10	3.1156e-07	-3.1284e-07	1.1012e-09	-5.920900000000001e-10	-3.7636e-10	3.1152e-07	-3.1284e-07
0.51	-3.4169e-09	3.038e-09	-2.4838e-10	3.128e-07	-3.115e-07	-8.678e-10	9.915e-10	3.5252000000000004e-10	3.1268e-07	-3.1312e-07	2.113e-11	8.041000000000001e-11	-3.7355e-10	3.1206e-07	-3.1206e-07	-8.0981e-10	-3.3600000000000002e-12	2.5996e-10	3.136e-07	-3.116e-07	-6.791e-10	-3.627e-11	2.8871000000000003e-10	3.1348e-07	-3.1164e-07	1.0783e-09	-1.2157e-10	-2.4843000000000004e-10	3.1128e-07	-3.1346e-07	9.418e-10	-6.141100000000001e-10	-3.8998e-10	3.1182e-07	-3.1242e-07
0.515	-3.8627e-09	3.164e-09	-1.5329000000000002e-10	3.1312e-07	-3.1136e-07	-6.817e-10	1.0524e-09	2.8354000000000004e-10	3.1254e-07	-3.1346e-07	-1.0936e-10	7.246e-11	-3.5143000000000005e-10	3.1238e-07	-3.1188e-07	-7.2144e-10	2.62e-11	2.935e-10	3.1342e-07	-3.117e-07	-8.36e-10	-1.1774e-10	1.4556e-10	3.136e-07	-3.1126e-07	9.785e-10	-1.6023000000000002e-10	-3.1117e-10	3.115e-07	-3.1326e-07	7.227e-10	-6.3417e-10	-3.7212e-10	3.1206e-07	-3.1214e-07
0.52	-4.1658e-09	3.3163e-09	-4.957e-11	3.1332e-07	-3.1116e-07	-1.6091e-09	8.023e-10	-1.1682000000000002e-10	3.1334e-07	-3.113e-07	-2.7984000000000004e-10	6.895e-11	-3.1518000000000004e-10	3.1242e-07	-3.1194e-07	-6.6006e-10	5.547e-11	3.2017000000000004e-10	3.1342e-07	-3.117e-07	-6.993e-10	-1.6487000000000002e-10	-5.316000000000001e-11	3.1326e-07	-3.11e-07	8.416e-10	-1.874e-10	-3.5197000000000003e-10	3.1146e-07	-3.1302e-07	1.2341e-09	-3.647e-10	-1.2160000000000002e-11	3.115e-07	-3.141e-07
0.525	-4.424e-09	3.4929e-09	6.147000000000001e-11	3.1358e-07	-3.1112e-07	-1.5592e-09	1.1549e-09	9.34e-11	3.1162e-07	-3.14e-07	-4.802000000000001e-10	7.803e-11	-2.6803e-10	3.1284e-07	-3.1162e-07	-6.2565e-10	6.49e-11	3.3253000000000004e-10	3.1338e-07	-3.1194e-07	-3.946e-10	-1.8967e-10	-2.23e-10	3.129e-07	-3.1132e-07	1.0633e-09	-9.257e-11	-2.3023e-10	3.1128e-07	-3.1368e-07	1.3352e-09	-3.7988e-10	-1.2e-10	3.1136e-07	-3.1392e-07
0.53	-4.6156e-09	3.6648e-09	1.5981000000000001e-10	3.1354e-07	-3.111e-07	-1.5881e-09	1.0997e-09	3.5715e-10	3.1338e-07	-3.1214e-07	-6.3251e-10	8.365e-11	-2.2841e-10	3.1292e-07	-3.1132e-07	-5.4217e-10	8.837e-11	3.6073e-10	3.1322e-07	-3.1236e-07	1.236e-10	-1.5813e-10	-3.5303e-10	3.1218e-07	-3.1196e-07	1.0013e-09	-1.2074e-10	-2.9170000000000004e-10	3.1146e-07	-3.1334e-07	1.3655e-09	-3.9044000000000005e-10	-2.1413e-10	3.1148e-07	-3.1352e-07
0.535	-4.7416e-09	3.8449e-09	2.3464000000000003e-10	3.1366e-07	-3.1146e-07	-1.4843e-09	1.1878e-09	3.9141000000000005e-10	3.1318e-07	-3.1268e-07	-7.7893e-10	9.403e-11	-1.8565000000000003e-10	3.131e-07	-3.1128e-07	-4.4927e-10	1.1665e-10	3.8493e-10	3.133e-07	-3.1232e-07	5.194e-10	-9.889e-11	-3.8503e-10	3.1168e-07	-3.1254e-07	8.474e-10	-1.5423000000000002e-10	-3.4614e-10	3.1164e-07	-3.133e-07	1.318e-09	-4.0908000000000005e-10	-2.7920000000000003e-10	3.1122e-07	-3.1338e-07
0.54	-4.7877e-09	4.0457e-09	3.0089000000000003e-10	3.1354e-07	-3.1178e-07	-1.3488e-09	1.2678e-09	3.7878e-10	3.128e-07	-3.1296e-07	-8.685e-10	1.1117e-10	-1.4305e-10	3.1316e-07	-3.1106e-07	-3.6006000000000005e-10	1.3646e-10	3.9461000000000005e-10	3.1298e-07	-3.1278e-07	8.372e-10	8.63e-12	-2.9796e-10	3.113e-07	-3.1308e-07	1.0465e-09	-6.315000000000001e-11	-2.1524e-10	3.1152e-07	-3.1358e-07	1.1945e-09	-4.3869e-10	-3.3575e-10	3.1142e-07	-3.1306e-07
0.545	-4.8133e-09	4.2533e-09	3.4356e-10	3.134e-07	-3.1212e-07	-1.1332e-09	1.3501e-09	3.0762e-10	3.1268e-07	-3.1338e-07	-9.5846e-10	1.3612000000000002e-10	-9.831e-11	3.1338e-07	-3.1102e-07	-2.4592e-10	1.4836000000000002e-10	3.8824000000000005e-10	3.1286e-07	-3.128e-07	8.571e-10	8.638e-11	-1.2674000000000002e-10	3.115e-07	-3.1368e-07	1.0014e-09	-9.498e-11	-2.8178000000000003e-10	3.113e-07	-3.132e-07	1.0528e-09	-4.7418e-10	-3.6284e-10	3.117e-07	-3.1272e-07
0.55	-4.8057e-09	4.4538e-09	3.9359e-10	3.132e-07	-3.1268e-07	-9.66e-10	1.4218e-09	2.3838e-10	3.1208e-07	-3.1388e-07	-1.05352e-09	1.6087e-10	-3.474e-11	3.1326e-07	-3.1122e-07	-1.0164e-10	1.7361e-10	3.6287e-10	3.1268e-07	-3.1298e-07	6.12e-10	1.3910000000000002e-10	1.102e-10	3.1164e-07	-3.1378e-07	8.373e-10	-1.3053e-10	-3.4041e-10	3.1134e-07	-3.1322e-07	9.077e-10	-4.9255e-10	-3.8858e-10	3.1174e-07	-3.1254e-07
0.555	-4.818e-09	4.6502e-09	3.9144000000000005e-10	3.1296e-07	-3.1286e-07	-8.268e-10	1.4881e-09	1.4135e-10	3.12e-07	-3.1404e-07	-1.1801e-09	2.2447000000000003e-10	1.4118000000000002e-10	3.135e-07	-3.1116e-07	3.39e-11	1.9083000000000003e-10	3.213e-10	3.1272e-07	-3.1344e-07	2.93e-10	1.3715e-10	2.7089000000000003e-10	3.1244e-07	-3.1374e-07	1.0213e-09	-4.615e-11	-2.1069e-10	3.1154e-07	-3.1356e-07	1.3053e-09	-3.3421000000000003e-10	-2.1712e-10	3.1152e-07	-3.1352e-07
0.56	-4.7186e-09	4.8658e-09	3.2698000000000004e-10	3.1258e-07	-3.1346e-07	-1.804e-09	1.2207e-09	-1.9488e-10	3.131e-07	-3.1138e-07	-1.1716e-09	2.7207e-10	2.1081e-10	3.1384e-07	-3.1134e-07	1.781e-10	2.1077e-10	2.7593e-10	3.1246e-07	-3.1358e-07	-1.615e-10	8.672000000000001e-11	3.8718000000000005e-10	3.1304e-07	-3.128e-07	8.237e-10	2.7740000000000003e-11	1.6960000000000002e-11	3.1164e-07	-3.1398e-07	1.2626e-09	-3.4753000000000004e-10	-2.7782000000000003e-10	3.114e-07	-3.1344e-07
0.565	-4.6744e-09	5.0739e-09	2.5775e-10	3.122e-07	-3.1392e-07	-2.0632e-09	1.3e-09	-1.0532e-10	3.1334e-07	-3.1136e-07	-1.1158e-09	3.1441e-10	2.6337000000000004e-10	3.1382e-07	-3.117e-07	2.7275e-10	2.2051e-10	2.4561000000000004e-10	3.121e-07	-3.1346e-07	-5.355e-10	3.3230000000000004e-11	3.4191e-10	3.1354e-07	-3.122e-07	7.867e-10	-1.2391000000000001e-10	-3.5385e-10	3.117e-07	-3.1298e-07	1.1331e-09	-3.7431e-10	-3.3465000000000003e-10	3.1158e-07	-3.1306e-07
0.57	-4.6628e-09	5.2758e-09	1.5801e-10	3.1216e-07	-3.1408e-07	-2.2651e-09	1.3903e-09	1.02e-12	3.1356e-07	-3.1136e-07	-9.897e-10	3.7759e-10	3.1823000000000005e-10	3.1348e-07	-3.1176e-07	3.4672e-10	2.362e-10	2.0878000000000003e-10	3.1202e-07	-3.1364e-07	-8.008e-10	-5.12e-11	2.3732e-10	3.1376e-07	-3.1138e-07	-7.6684e-10	-1.8499000000000002e-10	1.4841e-10	3.1348e-07	-3.1112e-07	9.955e-10	-4.1027e-10	-3.6206e-10	3.1174e-07	-3.1276e-07
0.575	-4.6966e-09	5.4578e-09	5.1080000000000006e-11	3.1178e-07	-3.1378e-07	-2.417e-09	1.5383e-09	2.3791e-10	3.1388e-07	-3.1168e-07	-8.763e-10	4.3357e-10	3.6429e-10	3.133e-07	-3.1234e-07	4.1382e-10	2.4442e-10	1.6793e-10	3.1184e-07	-3.1382e-07	-8.286e-10	-1.062e-10	7.660000000000001e-11	3.1354e-07	-3.1108e-07	-7.5451e-10	-1.6231e-10	2.0474e-10	3.1354e-07	-3.1154e-07	8.406e-10	-4.4328000000000005e-10	-3.8924e-10	3.1192e-07	-3.1252e-07
0.58	-4.7946e-09	5.6433e-09	-7.02e-11	3.1146e-07	-3.141e-07	-2.38e-09	1.648e-09	3.0544000000000003e-10	3.1352e-07	-3.1184e-07	-1.2694e-09	3.1274000000000005e-10	1.4784e-10	3.1348e-07	-3.1132e-07	4.8188e-10	2.4101000000000003e-10	1.1959e-10	3.1166e-07	-3.1378e-07	-6.239e-10	-1.5935000000000002e-10	-1.2974e-10	3.1322e-07	-3.1106e-07	-7.2561e-10	-1.3392e-10	2.3815e-10	3.1386e-07	-3.116e-07	1.2466e-09	-2.7108e-10	-2.1192000000000003e-10	3.113e-07	-3.1354e-07
0.585	-4.8996e-09	5.8366e-09	-1.6641000000000002e-10	3.1134e-07	-3.1394e-07	-2.2883e-09	1.7757e-09	3.6079000000000005e-10	3.1334e-07	-3.1238e-07	-1.2522e-09	3.7047e-10	2.2477e-10	3.1386e-07	-3.1136e-07	5.6102e-10	2.3687000000000003e-10	5.95e-11	3.1146e-07	-3.138e-07	-1.973e-10	-1.5183e-10	-2.7752000000000004e-10	3.1256e-07	-3.1162e-07	-6.768600000000001e-10	-9.614e-11	2.7806e-10	3.1378e-07	-3.1164e-07	1.213e-09	-2.894e-10	-2.7603000000000003e-10	3.1128e-07	-3.1322e-07
0.59	-5.0813e-09	6.0255e-09	-2.6339e-10	3.1124e-07	-3.1344e-07	-2.1684e-09	1.8854e-09	3.9801000000000006e-10	3.1308e-07	-3.1276e-07	-1.1847e-09	4.2816000000000005e-10	2.8604000000000003e-10	3.1382e-07	-3.1158e-07	6.224900000000001e-10	2.2678e-10	-4.610000000000001e-12	3.1158e-07	-3.1392e-07	3.167e-10	-1.1004000000000001e-10	-3.8309e-10	3.121e-07	-3.1238e-07	-5.8948e-10	-7.551e-11	3.0351e-10	3.1342e-07	-3.1174e-07	1.0635e-09	-3.289e-10	-3.4048000000000005e-10	3.1136e-07	-3.1312e-07
0.595	-5.4021e-09	6.2139e-09	-3.2849e-10	3.1166e-07	-3.1334e-07	-2.0288e-09	1.9873e-09	3.7391e-10	3.1282e-07	-3.1304e-07	-1.0637e-09	4.8335e-10	3.2666000000000004e-10	3.1362e-07	-3.1204e-07	6.882000000000001e-10	2.2054e-10	-7.16e-11	3.1134e-07	-3.1378e-07	6.645e-10	-2.2080000000000003e-11	-3.5288000000000003e-10	3.115e-07	-3.1314e-07	-5.5397e-10	-5.892e-11	3.0958000000000003e-10	3.1328e-07	-3.1212e-07	9.294e-10	-3.5153e-10	-3.6654e-10	3.1162e-07	-3.1282e-07
0.6	-5.7825e-09	6.4157e-09	-3.6477e-10	3.1186e-07	-3.1302e-07	-1.8544e-09	2.0902e-09	3.0398e-10	3.1256e-07	-3.1368e-07	-9.447e-10	5.464200000000001e-10	3.7782000000000005e-10	3.1322e-07	-3.1224e-07	7.570400000000001e-10	2.018e-10	-1.3549000000000001e-10	3.1132e-07	-3.1366e-07	8.861e-10	6.574000000000001e-11	-2.3374e-10	3.1134e-07	-3.1342e-07	-4.3852000000000005e-10	-1.8820000000000003e-11	3.5913000000000003e-10	3.1334e-07	-3.1216e-07	7.766e-10	-3.8885e-10	-3.8853000000000005e-10	3.1174e-07	-3.1246e-07
0.605	-6.274e-09	6.613e-09	-3.8461e-10	3.1192e-07	-3.1246e-07	-1.7155e-09	2.2009e-09	2.3411000000000003e-10	3.1218e-07	-3.1354e-07	-8.005e-10	6.0038e-10	3.9747e-10	3.1316e-07	-3.1286e-07	7.8173e-10	2.022e-10	-1.8083e-10	3.1148e-07	-3.1368e-07	7.306e-10	1.2756000000000002e-10	-2.393e-11	3.1168e-07	-3.1408e-07	-3.5725000000000003e-10	7.100000000000001e-13	3.8363000000000005e-10	3.132e-07	-3.1252e-07	1.1914e-09	-2.2446e-10	-2.2433e-10	3.1136e-07	-3.1372e-07
0.61	-6.7391e-09	6.8419e-09	-3.5935e-10	3.1222e-07	-3.1188e-07	-1.6287e-09	2.2908e-09	1.4079e-10	3.1184e-07	-3.1408e-07	-1.2947e-09	3.9876e-10	-4.283e-11	3.132e-07	-3.1106e-07	7.7927e-10	1.9161e-10	-2.2745000000000003e-10	3.1146e-07	-3.1338e-07	4.712e-10	1.6775000000000002e-10	1.8325e-10	3.1188e-07	-3.1374e-07	-2.6688e-10	1.549e-11	3.9089e-10	3.1328e-07	-3.1272e-07	1.1443e-09	-2.416e-10	-2.8877000000000003e-10	3.1126e-07	-3.134e-07
0.615	-7.3058e-09	7.1071e-09	-2.8357000000000004e-10	3.1246e-07	-3.1158e-07	-1.5643e-09	2.3521e-09	2.276e-11	3.1174e-07	-3.1408e-07	-1.3767e-09	4.5417000000000005e-10	5.007e-11	3.1336e-07	-3.1086e-07	7.437800000000001e-10	1.6970000000000002e-10	-2.7288000000000004e-10	3.112e-07	-3.1328e-07	1.107e-10	1.3611e-10	3.2243000000000004e-10	3.1246e-07	-3.1338e-07	-1.6073000000000002e-10	4.151e-11	3.9477e-10	3.131e-07	-3.1278e-07	9.819e-10	-2.862e-10	-3.4721000000000003e-10	3.1152e-07	-3.1304e-07
0.62	-7.8877e-09	7.3847e-09	-2.0998e-10	3.1284e-07	-3.1154e-07	-1.5251e-09	2.4155e-09	-1.1298e-10	3.1154e-07	-3.138e-07	-1.4564e-09	5.003300000000001e-10	1.3121e-10	3.1352e-07	-3.1124e-07	6.8213e-10	1.5861e-10	-3.0515000000000003e-10	3.1136e-07	-3.1328e-07	-3.293e-10	9.278e-11	3.9553e-10	3.1304e-07	-3.1254e-07	-2.043e-11	5.838000000000001e-11	3.7131e-10	3.1288e-07	-3.1304e-07	8.42e-10	-3.2008000000000005e-10	-3.7908000000000005e-10	3.1178e-07	-3.128e-07
0.625	-8.4216e-09	7.687e-09	-1.1922e-10	3.1312e-07	-3.1112e-07	-1.5171e-09	2.4816e-09	-2.2544000000000002e-10	3.1138e-07	-3.1374e-07	-1.4618e-09	5.556800000000001e-10	2.003e-10	3.1376e-07	-3.1148e-07	5.7191e-10	1.3419e-10	-3.4219000000000004e-10	3.1142e-07	-3.1322e-07	-6.428e-10	2.083e-11	3.1579e-10	3.134e-07	-3.1176e-07	1.4789000000000002e-10	7.594000000000001e-11	3.2796e-10	3.1276e-07	-3.1328e-07	1.1124e-09	-2.0663e-10	-2.8405e-10	3.1124e-07	-3.1316e-07
0.63	-8.8815e-09	8.0195e-09	-1.301e-11	3.1356e-07	-3.1122e-07	-1.641e-09	2.5372e-09	-3.0079e-10	3.1132e-07	-3.134e-07	-1.4355e-09	6.170300000000001e-10	2.5433000000000004e-10	3.1368e-07	-3.1176e-07	5.044400000000001e-10	1.1916e-10	-3.5793e-10	3.115e-07	-3.1276e-07	8.597e-10	1.0892e-10	-1.4006e-10	3.1146e-07	-3.1356e-07	2.6839000000000004e-10	8.93e-11	2.9568e-10	3.1256e-07	-3.135e-07	9.618e-10	-2.4865e-10	-3.4412000000000005e-10	3.1168e-07	-3.1308e-07
0.635	-9.2968e-09	8.3791e-09	9.521e-11	3.1376e-07	-3.1108e-07	-1.899e-09	2.5853e-09	-3.5684000000000003e-10	3.1152e-07	-3.1316e-07	-1.3398e-09	6.950700000000001e-10	3.1604000000000003e-10	3.1346e-07	-3.1172e-07	4.1896e-10	9.202000000000001e-11	-3.7258e-10	3.118e-07	-3.128e-07	8.9015e-10	9.27e-11	-2.0763e-10	3.1154e-07	-3.1348e-07	3.7921e-10	1.1337e-10	2.5548000000000003e-10	3.1216e-07	-3.1366e-07	8.273e-10	-2.7801e-10	-3.6932e-10	3.1158e-07	-3.1296e-07
0.64	-9.6685e-09	8.7428e-09	1.9439e-10	3.1372e-07	-3.1134e-07	-2.1576e-09	2.6477e-09	-3.8392000000000006e-10	3.1192e-07	-3.1268e-07	-1.2518e-09	7.602700000000001e-10	3.5263e-10	3.135e-07	-3.1226e-07	3.0599000000000005e-10	8.407e-11	-3.8867e-10	3.119e-07	-3.1244e-07	8.7515e-10	7.547000000000001e-11	-2.5725e-10	3.1122e-07	-3.1358e-07	4.7199e-10	1.1965000000000002e-10	2.15e-10	3.1194e-07	-3.1362e-07	1.1049e-09	-1.6909e-10	-2.6555000000000003e-10	3.1122e-07	-3.1352e-07
0.645	-9.96e-09	9.1318e-09	2.694e-10	3.1364e-07	-3.1168e-07	-2.4638e-09	2.725e-09	-3.7868e-10	3.1222e-07	-3.1236e-07	-1.1607e-09	8.2175e-10	3.9091000000000005e-10	3.1316e-07	-3.1254e-07	1.6519e-10	6.617e-11	-3.7723000000000005e-10	3.1208e-07	-3.121e-07	8.0948e-10	4.92e-11	-2.9312e-10	3.1122e-07	-3.1314e-07	5.510600000000001e-10	1.2092e-10	1.62e-10	3.118e-07	-3.1374e-07	9.986e-10	-1.9476e-10	-3.1907e-10	3.1138e-07	-3.1316e-07
0.65	-1.01514e-08	9.5402e-09	3.3284e-10	3.137e-07	-3.1212e-07	-2.8162e-09	2.8081e-09	-3.3708000000000004e-10	3.1252e-07	-3.1192e-07	-1.0226e-09	8.9451e-10	3.9952e-10	3.1306e-07	-3.127e-07	2.112e-11	5.4900000000000006e-11	-3.636e-10	3.1216e-07	-3.1186e-07	7.1689e-10	2.229e-11	-3.3521e-10	3.1148e-07	-3.1308e-07	6.575000000000001e-10	1.2694e-10	1.1607e-10	3.116e-07	-3.14e-07	8.703e-10	-2.2562e-10	-3.5804000000000004e-10	3.1168e-07	-3.1314e-07
0.655	-1.03921e-08	9.964e-09	3.8226e-10	3.1318e-07	-3.123e-07	-3.2271e-09	2.9118e-09	-2.6254e-10	3.1266e-07	-3.115e-07	-8.537e-10	9.5278e-10	3.6284e-10	3.129e-07	-3.1312e-07	-1.2167e-10	5.3950000000000005e-11	-3.3934000000000004e-10	3.1238e-07	-3.12e-07	6.5724e-10	9.26e-12	-3.525e-10	3.1164e-07	-3.1308e-07	7.443100000000001e-10	1.0937e-10	4.792e-11	3.1154e-07	-3.1382e-07	1.0934e-09	-1.3137e-10	-2.4396e-10	3.1156e-07	-3.1368e-07
0.66	-1.05976e-08	1.03732e-08	3.994e-10	3.1298e-07	-3.1278e-07	-3.6263e-09	3.0393e-09	-1.8612000000000003e-10	3.13e-07	-3.1148e-07	-6.76e-10	1.01132e-09	2.9932e-10	3.1246e-07	-3.136e-07	-2.8151000000000004e-10	5.338000000000001e-11	-2.9915000000000005e-10	3.1252e-07	-3.1164e-07	5.6923e-10	-2.033e-11	-3.6615e-10	3.1152e-07	-3.1284e-07	7.9276e-10	9.626e-11	-3.001e-11	3.1164e-07	-3.1388e-07	1.0005e-09	-1.5718000000000002e-10	-3.0758000000000004e-10	3.1128e-07	-3.1316e-07
0.665	-1.07042e-08	1.05291e-08	-1.9559e-10	3.1288e-07	-3.1164e-07	-3.9624e-09	3.1801e-09	-8.965e-11	3.133e-07	-3.1112e-07	-1.5241e-09	7.5837e-10	-1.3737e-10	3.1308e-07	-3.113e-07	-4.7587e-10	5.7380000000000006e-11	-2.6303e-10	3.1272e-07	-3.1152e-07	4.7666e-10	-5.077e-11	-3.821e-10	3.1172e-07	-3.1262e-07	8.6381e-10	7.807e-11	-1.0202e-10	3.1136e-07	-3.1398e-07	8.537e-10	-1.9289e-10	-3.541e-10	3.1138e-07	-3.132e-07
0.67	-1.18598e-08	1.1056e-08	2.0466e-10	3.136e-07	-3.1136e-07	-4.2373e-09	3.3395e-09	2.129e-11	3.1334e-07	-3.1102e-07	-1.7011e-09	8.186800000000001e-10	-4.9950000000000006e-11	3.1344e-07	-3.112e-07	-5.9563e-10	5.6540000000000006e-11	-2.2902000000000003e-10	3.128e-07	-3.1132e-07	3.7857e-10	-5.699e-11	-3.8557e-10	3.118e-07	-3.1232e-07	9.1702e-10	7.031e-11	-1.6569000000000002e-10	3.1132e-07	-3.136e-07	1.0687e-09	-1.052e-10	-2.3313e-10	3.1148e-07	-3.1348e-07
0.675	-1.1088399999999998e-08	1.1436599999999998e-08	9.21e-11	3.1374e-07	-3.1094e-07	-4.4493e-09	3.5028e-09	1.2764e-10	3.1356e-07	-3.1134e-07	-1.5461e-09	1.1575e-09	1.0457e-10	3.1188e-07	-3.1408e-07	-7.2281e-10	7.351e-11	-1.9717e-10	3.1298e-07	-3.1138e-07	2.7036000000000004e-10	-7.147e-11	-3.7732000000000005e-10	3.1204e-07	-3.1212e-07	9.2727e-10	4.425e-11	-2.2889e-10	3.1142e-07	-3.1342e-07	1.0077e-09	-1.2143e-10	-2.9449000000000003e-10	3.1156e-07	-3.1348e-07
0.68	-1.27908e-08	1.20568e-08	3.9599000000000005e-10	3.1326e-07	-3.1252e-07	-4.5967e-09	3.7022e-09	2.2132e-10	3.137e-07	-3.116e-07	-1.5347e-09	1.0877e-09	3.4512000000000004e-10	3.133e-07	-3.1224e-07	-8.2859e-10	8.85e-11	-1.4483e-10	3.1294e-07	-3.1108e-07	1.5348000000000002e-10	-8.762e-11	-3.6828000000000005e-10	3.1202e-07	-3.1206e-07	8.832000000000001e-10	1.361e-11	-2.8798e-10	3.113e-07	-3.132e-07	8.556e-10	-1.6554e-10	-3.4800000000000004e-10	3.1158e-07	-3.1322e-07
0.685	-1.2796e-08	1.26456e-08	7.72e-11	3.1182e-07	-3.141e-07	-4.6673e-09	3.8834e-09	2.8997000000000003e-10	3.1358e-07	-3.119e-07	-1.5337e-09	1.1811e-09	3.9068e-10	3.1322e-07	-3.1254e-07	-9.2996e-10	1.0528e-10	-9.798e-11	3.133e-07	-3.1124e-07	1.266e-11	-9.434e-11	-3.4291e-10	3.1224e-07	-3.12e-07	8.0586e-10	-3.4500000000000004e-12	-3.2373000000000003e-10	3.1162e-07	-3.1318e-07	1.0415e-09	-7.201e-11	-2.1565000000000003e-10	3.1132e-07	-3.1376e-07
0.69	-1.24112e-08	1.30358e-08	-3.6145e-10	3.1168e-07	-3.1282e-07	-4.6481e-09	4.0899e-09	3.4369000000000003e-10	3.134e-07	-3.1218e-07	-1.3991e-09	1.2642e-09	3.9116e-10	3.1304e-07	-3.1302e-07	-1.0226000000000002e-09	1.3475e-10	-3.4580000000000005e-11	3.1348e-07	-3.1106e-07	-1.4346e-10	-9.593e-11	-3.0365000000000003e-10	3.124e-07	-3.1184e-07	7.2428e-10	-3.049e-11	-3.4752e-10	3.1152e-07	-3.1298e-07	9.721e-10	-1.0282e-10	-3.0459000000000003e-10	3.1142e-07	-3.1324e-07
0.695	-1.29222e-08	1.33858e-08	-1.7873e-10	3.1294e-07	-3.114e-07	-4.6347e-09	4.2933e-09	3.9278e-10	3.1324e-07	-3.125e-07	-1.2089e-09	1.3396e-09	3.3095000000000003e-10	3.1282e-07	-3.1326e-07	-1.0844100000000002e-09	1.6421000000000002e-10	2.7000000000000004e-11	3.1324e-07	-3.1086e-07	-3.0971e-10	-1.0063e-10	-2.6051e-10	3.128e-07	-3.113e-07	6.3968e-10	-5.864e-11	-3.663e-10	3.1168e-07	-3.1278e-07	8.293999999999998e-10	-1.4354e-10	-3.5038000000000003e-10	3.114e-07	-3.1302e-07
0.7	-1.45104e-08	1.40098e-08	2.6334000000000004e-10	3.1368e-07	-3.1154e-07	-4.6001e-09	4.4912e-09	3.8149e-10	3.1312e-07	-3.1322e-07	-1.001e-09	1.4179e-09	2.5115e-10	3.1216e-07	-3.1354e-07	-1.13492e-09	1.9464e-10	8.339000000000001e-11	3.1346e-07	-3.1094e-07	-4.8809e-10	-1.0803e-10	-2.1811e-10	3.1272e-07	-3.1126e-07	5.4511e-10	-8.753e-11	-3.8308e-10	3.1178e-07	-3.125e-07	1.0223e-09	-6.301000000000001e-11	-2.3521e-10	3.1146e-07	-3.1364e-07
0.705	-1.53592e-08	1.47274e-08	3.2220000000000004e-10	3.1282e-07	-3.133e-07	-4.4833e-09	4.6887e-09	3.0599000000000005e-10	3.128e-07	-3.1364e-07	-8.777e-10	1.4853e-09	1.6625000000000002e-10	3.1182e-07	-3.1382e-07	-1.1765e-09	2.2408e-10	1.2947000000000002e-10	3.135e-07	-3.1134e-07	-6.027800000000001e-10	-9.427e-11	-1.7729000000000002e-10	3.1308e-07	-3.1136e-07	4.3955000000000005e-10	-9.834e-11	-3.9241e-10	3.1196e-07	-3.1244e-07	9.509e-10	-8.246e-11	-2.9582e-10	3.1126e-07	-3.1318e-07
0.71	-1.5134e-08	1.53552e-08	-1.5866000000000002e-10	3.1134e-07	-3.1386e-07	-4.4148e-09	4.892e-09	2.2966e-10	3.1234e-07	-3.1368e-07	-7.781e-10	1.5385e-09	6.005e-11	3.116e-07	-3.138e-07	-1.1713e-09	2.6619000000000004e-10	2.1143e-10	3.1376e-07	-3.1146e-07	-6.8423e-10	-8.899e-11	-1.3468000000000002e-10	3.1316e-07	-3.1126e-07	3.3994e-10	-1.2124e-10	-3.8289e-10	3.1194e-07	-3.1212e-07	8.114e-10	-1.2863e-10	-3.4928e-10	3.1144e-07	-3.1314e-07
0.715	-1.5044399999999997e-08	1.57822e-08	-3.7781e-10	3.121e-07	-3.121e-07	-4.4206e-09	5.0909e-09	1.3608e-10	3.119e-07	-3.1404e-07	-1.6653e-09	1.2893e-09	-2.5333000000000004e-10	3.129e-07	-3.1136e-07	-1.1155e-09	3.1351000000000004e-10	2.6153000000000003e-10	3.1358e-07	-3.116e-07	-7.5681e-10	-7.751000000000001e-11	-9.202000000000001e-11	3.1314e-07	-3.1108e-07	2.2354e-10	-1.358e-10	-3.7617e-10	3.1196e-07	-3.12e-07	1.0038e-09	-3.464e-11	-2.2759e-10	3.1132e-07	-3.135e-07
0.72	-1.6189999999999998e-08	1.6349999999999998e-08	8.736000000000001e-11	3.1348e-07	-3.1112e-07	-4.4611e-09	5.2549e-09	2.071e-11	3.117e-07	-3.141e-07	-1.9931e-09	1.3554e-09	-1.731e-10	3.1314e-07	-3.1122e-07	-9.983e-10	3.7450000000000005e-10	3.1676e-10	3.135e-07	-3.1172e-07	-8.3979e-10	-5.940000000000001e-11	-2.664e-11	3.1348e-07	-3.1126e-07	8.851000000000001e-11	-1.4127000000000002e-10	-3.5414000000000003e-10	3.1236e-07	-3.1206e-07	9.072e-10	-7.188e-11	-3.1298000000000004e-10	3.1136e-07	-3.132e-07
0.725	-1.79078e-08	1.718e-08	3.9771e-10	3.1306e-07	-3.1282e-07	-4.5282e-09	5.4245e-09	-1.1143e-10	3.115e-07	-3.1374e-07	-2.2287e-09	1.4282e-09	-8.784e-11	3.1316e-07	-3.1124e-07	-8.735e-10	4.3325e-10	3.6554e-10	3.1318e-07	-3.1218e-07	-8.8943e-10	-3.3310000000000006e-11	3.758e-11	3.1328e-07	-3.1108e-07	-5.295e-11	-1.5284e-10	-3.2142e-10	3.1254e-07	-3.1192e-07	7.7e-10	-1.1538e-10	-3.5486e-10	3.115e-07	-3.131e-07
0.73	-1.8129e-08	1.80106e-08	5.689e-11	3.1166e-07	-3.1378e-07	-4.6411e-09	5.5948e-09	-2.3378e-10	3.1126e-07	-3.1366e-07	-2.4426e-09	1.5372e-09	4.2300000000000005e-11	3.1348e-07	-3.1104e-07	-1.2215e-09	2.7048000000000003e-10	8.46e-12	3.133e-07	-3.1114e-07	-9.301e-10	-1.322e-11	9.01e-11	3.1368e-07	-3.1108e-07	-1.9193e-10	-1.5868000000000001e-10	-2.8442000000000004e-10	3.1256e-07	-3.1144e-07	-7.8014e-10	-1.7822e-10	1.4577e-10	3.1348e-07	-3.113e-07
0.735	-1.7930199999999997e-08	1.86062e-08	-3.6639e-10	3.1182e-07	-3.129e-07	-4.8984e-09	5.7703e-09	-3.1221e-10	3.1142e-07	-3.1332e-07	-2.5822e-09	1.6389e-09	1.4861000000000002e-10	3.1348e-07	-3.1118e-07	-1.2913e-09	3.2481000000000004e-10	1.0678e-10	3.136e-07	-3.1106e-07	-9.6497e-10	-4.6000000000000006e-12	1.2941000000000002e-10	3.1352e-07	-3.1124e-07	-3.3327000000000003e-10	-1.6456000000000002e-10	-2.4496e-10	3.1264e-07	-3.1136e-07	-7.6772e-10	-1.5209000000000001e-10	1.9527e-10	3.1376e-07	-3.115e-07
0.74	-1.87364e-08	1.92098e-08	-1.8279e-10	3.1312e-07	-3.1152e-07	-5.2718e-09	5.9474e-09	-3.5491e-10	3.1154e-07	-3.1308e-07	-2.6338e-09	1.7551999999999999e-09	2.3736e-10	3.1358e-07	-3.113e-07	-1.2984e-09	3.7080000000000005e-10	1.849e-10	3.1356e-07	-3.1124e-07	-9.7119e-10	2.639e-11	1.6602e-10	3.1344e-07	-3.1122e-07	-4.6237e-10	-1.5895e-10	-2.1217000000000003e-10	3.1302e-07	-3.1146e-07	-7.379e-10	-1.2215e-10	2.3761e-10	3.1386e-07	-3.1158e-07
0.745	-2.0805e-08	2.01352e-08	3.4291e-10	3.1358e-07	-3.121e-07	-5.6763e-09	6.1285e-09	-3.8907e-10	3.1178e-07	-3.1266e-07	-2.6093e-09	1.8699e-09	3.0533e-10	3.1348e-07	-3.1194e-07	-1.2688e-09	4.2103e-10	2.4275e-10	3.136e-07	-3.1156e-07	-9.6671e-10	4.4200000000000006e-11	2.1163e-10	3.136e-07	-3.1126e-07	-5.5835e-10	-1.6056e-10	-1.733e-10	3.1288e-07	-3.1136e-07	-6.8153e-10	-9.8e-11	2.7074000000000004e-10	3.1378e-07	-3.1156e-07
0.75	-2.15082e-08	2.11174e-08	1.9497000000000003e-10	3.1218e-07	-3.1386e-07	-6.117e-09	6.3416e-09	-3.7783e-10	3.1198e-07	-3.1198e-07	-2.5408e-09	2.0023e-09	3.5087e-10	3.1328e-07	-3.1212e-07	-1.1831e-09	4.8328e-10	2.9648000000000005e-10	3.1304e-07	-3.1242e-07	-9.0287e-10	7.154e-11	2.4757e-10	3.136e-07	-3.1148e-07	-6.235500000000001e-10	-1.5597e-10	-1.3585e-10	3.1298e-07	-3.1126e-07	-6.1777e-10	-7.388e-11	3.0015000000000004e-10	3.1342e-07	-3.117e-07
0.755	-2.12052e-08	2.18798e-08	-3.6724e-10	3.117e-07	-3.1284e-07	-6.6256e-09	6.5693e-09	-3.2789000000000004e-10	3.1252e-07	-3.1176e-07	-2.4443e-09	2.1198e-09	4.0032e-10	3.1318e-07	-3.1262e-07	-8.318e-10	5.9852e-10	3.9476e-10	3.13e-07	-3.125e-07	-8.4626e-10	1.0123e-10	2.8629e-10	3.136e-07	-3.1178e-07	-7.133700000000001e-10	-1.3969e-10	-7.765000000000001e-11	3.1322e-07	-3.113e-07	-5.5233e-10	-4.641e-11	3.2551000000000005e-10	3.134e-07	-3.1186e-07
0.76	-2.2444e-08	2.2623e-08	-3.9680000000000005e-11	3.1356e-07	-3.1126e-07	-7.1944e-09	6.8254e-09	-2.4856e-10	3.1272e-07	-3.1148e-07	-2.3307e-09	2.2313e-09	3.8412e-10	3.1298e-07	-3.1292e-07	-1.279e-09	3.9519e-10	-5.063e-11	3.1334e-07	-3.1124e-07	-7.6137e-10	1.351e-10	3.1717e-10	3.1344e-07	-3.1184e-07	-7.806400000000001e-10	-1.2520000000000002e-10	-1.164e-11	3.1328e-07	-3.1106e-07	-4.7836e-10	-1.978e-11	3.4843e-10	3.133e-07	-3.12e-07
0.765	-2.42116e-08	2.37154e-08	3.8923e-10	3.1334e-07	-3.1248e-07	-7.7407e-09	7.087e-09	-1.678e-10	3.1316e-07	-3.1136e-07	-2.1537e-09	2.3483e-09	3.1041e-10	3.125e-07	-3.1336e-07	-1.3717e-09	4.5053000000000005e-10	3.6800000000000005e-11	3.1352e-07	-3.1106e-07	-6.722e-10	1.6606000000000002e-10	3.4445000000000004e-10	3.134e-07	-3.12e-07	-8.1802e-10	-1.0822e-10	4.094e-11	3.1344e-07	-3.1104e-07	-3.9439e-10	-4e-13	3.8325000000000005e-10	3.133e-07	-3.124e-07
0.77	-2.50438e-08	2.48328e-08	1.1516999999999999e-10	3.1182e-07	-3.1396e-07	-8.2086e-09	7.4017e-09	-6.846e-11	3.1326e-07	-3.1108e-07	-1.988e-09	2.4714e-09	2.3259e-10	3.1232e-07	-3.138e-07	-1.4515e-09	4.9742e-10	1.1802e-10	3.1354e-07	-3.11e-07	-5.8959e-10	1.8977e-10	3.7717000000000005e-10	3.133e-07	-3.1222e-07	-8.5746e-10	-9.565e-11	9.405e-11	3.1346e-07	-3.1114e-07	-2.7401e-10	2.761e-11	3.9503e-10	3.13e-07	-3.1268e-07
0.775	-2.51562e-08	2.57772e-08	-3.5354e-10	3.1174e-07	-3.132e-07	-8.6328e-09	7.7306e-09	5.602e-11	3.1346e-07	-3.1094e-07	-1.9204e-09	2.5703e-09	1.5154e-10	3.1182e-07	-3.1402e-07	-1.4775e-09	5.457100000000001e-10	1.7424e-10	3.1374e-07	-3.1136e-07	-4.928700000000001e-10	2.2506e-10	3.9064e-10	3.1306e-07	-3.1262e-07	-8.788100000000001e-10	-6.916000000000001e-11	1.4663000000000001e-10	3.1346e-07	-3.112e-07	-1.6495e-10	4.9190000000000007e-11	3.9739e-10	3.1292e-07	-3.1272e-07
0.78	-2.61352e-08	2.66882e-08	-2.1845e-10	3.1292e-07	-3.1162e-07	-9.0094e-09	8.065e-09	1.6642e-10	3.1352e-07	-3.1124e-07	-1.8665e-09	2.6382e-09	1.932e-11	3.115e-07	-3.1408e-07	-1.4635e-09	6.106500000000001e-10	2.3892000000000004e-10	3.137e-07	-3.1154e-07	-3.822e-10	2.4213e-10	3.947e-10	3.1292e-07	-3.128e-07	-8.661200000000001e-10	-5.6720000000000005e-11	1.9009e-10	3.137e-07	-3.1148e-07	-7.919e-11	5.608e-11	3.8472e-10	3.1302e-07	-3.1306e-07
0.785	-2.82978e-08	2.78858e-08	2.3846e-10	3.1392e-07	-3.1156e-07	-9.3092e-09	8.4301e-09	2.39e-10	3.1394e-07	-3.1154e-07	-1.8169e-09	2.7177e-09	-1.2147000000000002e-10	3.1138e-07	-3.1398e-07	-1.3832e-09	6.832100000000001e-10	2.9929e-10	3.1342e-07	-3.1166e-07	-2.2921000000000003e-10	2.6880000000000004e-10	3.705e-10	3.1264e-07	-3.132e-07	-8.377000000000001e-10	-3.624e-11	2.239e-10	3.1382e-07	-3.1142e-07	5.209e-11	7.630000000000001e-11	3.5159e-10	3.126e-07	-3.1322e-07
0.79	-2.98724e-08	2.92302e-08	3.1002000000000003e-10	3.1282e-07	-3.1338e-07	-9.5694e-09	8.807e-09	2.9356e-10	3.1372e-07	-3.1172e-07	-1.8257e-09	2.7875e-09	-2.2723000000000003e-10	3.1152e-07	-3.1372e-07	-1.2825e-09	7.5312e-10	3.4061000000000003e-10	3.1328e-07	-3.1202e-07	-1.0198e-10	2.8803000000000004e-10	3.3797e-10	3.1258e-07	-3.1314e-07	-7.8343e-10	-2.14e-12	2.6892000000000004e-10	3.1388e-07	-3.117e-07	1.9814000000000003e-10	9.314e-11	3.1244e-10	3.125e-07	-3.1332e-07
0.795	-3.02918e-08	3.0533399999999995e-08	-1.6565000000000002e-10	3.114e-07	-3.1394e-07	-9.731e-09	9.2082e-09	3.5331000000000004e-10	3.1334e-07	-3.1208e-07	-1.9646e-09	2.8539e-09	-3.0924e-10	3.1132e-07	-3.133e-07	-1.1734e-09	8.2188e-10	3.8646e-10	3.131e-07	-3.1242e-07	3.2100000000000007e-12	3.1038e-10	2.9821000000000005e-10	3.1242e-07	-3.1364e-07	-7.136e-10	1.6380000000000003e-11	2.9762e-10	3.1368e-07	-3.1168e-07	2.9776e-10	1.0736e-10	2.7629000000000004e-10	3.1228e-07	-3.1344e-07
0.8	-3.08898e-08	3.1646199999999995e-08	-3.7869e-10	3.1214e-07	-3.1216e-07	-9.8938e-09	9.6008e-09	3.9543000000000005e-10	3.1318e-07	-3.1276e-07	-2.2388e-09	2.9159e-09	-3.5964e-10	3.117e-07	-3.1308e-07	-1.0486e-09	8.856200000000001e-10	3.9689e-10	3.13e-07	-3.1266e-07	1.4047e-10	3.3500000000000003e-10	2.5538e-10	3.1208e-07	-3.1358e-07	-6.403500000000001e-10	3.8810000000000006e-11	3.2190000000000005e-10	3.1366e-07	-3.1204e-07	3.7369e-10	1.1537e-10	2.4993000000000004e-10	3.1214e-07	-3.1366e-07
0.805	-3.2802799999999995e-08	3.29246e-08	-7.02e-12	3.134e-07	-3.11e-07	-1.00634e-08	1.00046e-08	3.7803e-10	3.1298e-07	-3.1316e-07	-2.5209e-09	2.9907e-09	-3.9133e-10	3.1202e-07	-3.1272e-07	-8.998e-10	9.4569e-10	3.7271000000000005e-10	3.1288e-07	-3.1296e-07	2.3437000000000004e-10	3.4389000000000004e-10	2.1507e-10	3.119e-07	-3.1374e-07	-5.5078e-10	6.880000000000001e-11	3.5528000000000004e-10	3.1336e-07	-3.1234e-07	4.839500000000001e-10	1.3034e-10	2.0571e-10	3.121e-07	-3.1378e-07
0.81	-3.5193199999999994e-08	3.4480599999999994e-08	3.6019e-10	3.1334e-07	-3.124e-07	-1.02015e-08	1.04202e-08	3.1405e-10	3.1248e-07	-3.1356e-07	-2.8523e-09	3.0769e-09	-3.7693e-10	3.1216e-07	-3.1202e-07	-7.173e-10	1.00089e-09	3.0997e-10	3.1244e-07	-3.1328e-07	3.0626000000000004e-10	3.6631000000000005e-10	1.6212e-10	3.1198e-07	-3.1374e-07	-4.685600000000001e-10	9.751e-11	3.822e-10	3.1306e-07	-3.1248e-07	5.553500000000001e-10	1.3439e-10	1.5302e-10	3.1198e-07	-3.14e-07
0.815	-3.61602e-08	3.6132e-08	9.57e-12	3.1182e-07	-3.1398e-07	-9.890599999999999e-09	1.0725e-08	-3.1063000000000004e-10	3.114e-07	-3.1326e-07	-3.2256e-09	3.1818e-09	-3.3459000000000003e-10	3.1232e-07	-3.1178e-07	-1.5157e-09	7.5654e-10	-1.4214e-10	3.1312e-07	-3.1106e-07	3.7867000000000005e-10	3.6592e-10	1.1732000000000001e-10	3.1188e-07	-3.1408e-07	-3.6845e-10	1.106e-10	3.9753e-10	3.1304e-07	-3.1252e-07	6.4265e-10	1.2326000000000002e-10	1.041e-10	3.1168e-07	-3.1402e-07
0.82	-3.68528e-08	3.7555e-08	-3.7445e-10	3.1182e-07	-3.129e-07	-1.07482e-08	1.09676e-08	-3.1901e-10	3.1234e-07	-3.1186e-07	-3.6623e-09	3.299e-09	-2.55e-10	3.127e-07	-3.1146e-07	-1.7015e-09	8.1588e-10	-5.7340000000000006e-11	3.1322e-07	-3.1126e-07	4.4804e-10	3.6428e-10	5.6970000000000005e-11	3.1168e-07	-3.1396e-07	-2.5944000000000004e-10	1.2899e-10	3.9395e-10	3.1316e-07	-3.129e-07	7.049e-10	1.1959e-10	5.051e-11	3.1146e-07	-3.1382e-07
0.825	-3.86588e-08	3.90716e-08	-1.4971000000000002e-10	3.1324e-07	-3.1128e-07	-1.0966e-08	1.16446e-08	3.8804e-10	3.1298e-07	-3.131e-07	-4.0695e-09	3.4432e-09	-1.7342e-10	3.131e-07	-3.1142e-07	-1.5467e-09	1.1638e-09	1.0422e-10	3.1182e-07	-3.1404e-07	5.0099e-10	3.5257e-10	-4.2990000000000005e-11	3.1154e-07	-3.1392e-07	-1.4511e-10	1.5141000000000002e-10	3.8072e-10	3.1278e-07	-3.1294e-07	7.2971e-10	1.1392e-10	2.4140000000000003e-11	3.1168e-07	-3.1382e-07
0.83	-4.14204e-08	4.08554e-08	2.9590000000000003e-10	3.1354e-07	-3.118e-07	-1.211e-08	1.2171e-08	-3.7020000000000005e-11	3.1164e-07	-3.1416e-07	-4.3946e-09	3.5964e-09	-8.227e-11	3.133e-07	-3.1124e-07	-1.5353e-09	1.0938e-09	3.4560000000000003e-10	3.1328e-07	-3.1214e-07	5.896700000000001e-10	3.5062000000000003e-10	-1.2159000000000002e-10	3.1122e-07	-3.137e-07	-1.79e-11	1.6656000000000002e-10	3.4886e-10	3.1288e-07	-3.131e-07	6.557e-10	1.2961e-10	8.513e-11	3.115e-07	-3.1376e-07
0.835	-4.33354e-08	4.2824e-08	2.6406e-10	3.1232e-07	-3.1386e-07	-1.1767999999999998e-08	1.2504e-08	-3.8751e-10	3.118e-07	-3.1256e-07	-4.6815e-09	3.7733e-09	2.6450000000000003e-11	3.133e-07	-3.1094e-07	-1.5501e-09	1.1751e-09	3.9120000000000006e-10	3.1318e-07	-3.1236e-07	6.2792e-10	3.4356e-10	-1.7087000000000003e-10	3.1126e-07	-3.137e-07	1.3556000000000002e-10	1.7987000000000002e-10	3.0163e-10	3.1248e-07	-3.134e-07	7.2844e-10	1.1378e-10	2.114e-11	3.1146e-07	-3.1378e-07
0.84	-4.4361e-08	4.46924e-08	-2.2601000000000003e-10	3.1156e-07	-3.1364e-07	-1.25688e-08	1.28686e-08	-9.844e-11	3.1336e-07	-3.1118e-07	-4.9063e-09	3.9594e-09	1.3047000000000002e-10	3.135e-07	-3.113e-07	-1.3904e-09	1.259e-09	3.9548e-10	3.128e-07	-3.1292e-07	6.234300000000001e-10	3.3682000000000003e-10	-2.2025e-10	3.1128e-07	-3.1368e-07	2.6279000000000003e-10	2.0105e-10	2.5988000000000004e-10	3.124e-07	-3.138e-07	7.8009e-10	1.054e-10	-4.6e-11	3.1146e-07	-3.1396e-07
0.845	-4.57834e-08	4.64862e-08	-3.4487e-10	3.1228e-07	-3.12e-07	-1.4107e-08	1.3502599999999998e-08	3.3009000000000005e-10	3.1366e-07	-3.1192e-07	-5.066e-09	4.1686e-09	2.2847e-10	3.139e-07	-3.1132e-07	-1.2107e-09	1.3377e-09	3.3551e-10	3.1252e-07	-3.1338e-07	6.007300000000001e-10	3.3986e-10	-2.5955e-10	3.113e-07	-3.1346e-07	3.6347e-10	2.169e-10	2.2772e-10	3.1224e-07	-3.1374e-07	8.5983e-10	9.256e-11	-1.0819e-10	3.1132e-07	-3.138e-07
0.85	-4.85942e-08	4.85122e-08	9.84e-11	3.135e-07	-3.1098e-07	-1.46586e-08	1.4196999999999998e-08	2.4506000000000003e-10	3.1232e-07	-3.1368e-07	-5.1341e-09	4.3772e-09	2.9909e-10	3.1362e-07	-3.1192e-07	-9.875e-10	1.4185e-09	2.4304e-10	3.1206e-07	-3.1376e-07	5.2732e-10	3.2317000000000003e-10	-2.9958e-10	3.1128e-07	-3.1334e-07	4.3194e-10	2.1821e-10	1.8003000000000002e-10	3.1186e-07	-3.1382e-07	9.0524e-10	6.911000000000001e-11	-1.7362000000000002e-10	3.1132e-07	-3.1376e-07
0.855	-5.15822e-08	5.0858e-08	3.9167000000000005e-10	3.132e-07	-3.128e-07	-1.4281599999999998e-08	1.47424e-08	-2.6683e-10	3.1136e-07	-3.135e-07	-5.1433e-09	4.5949e-09	3.5086e-10	3.1334e-07	-3.1206e-07	-8.483e-10	1.4861e-09	1.5114e-10	3.1176e-07	-3.1392e-07	-1.1759e-09	2.2393e-10	1.4881e-10	3.1344e-07	-3.1126e-07	5.2302e-10	2.1848e-10	1.2090000000000002e-10	3.119e-07	-3.1398e-07	9.1659e-10	5.831e-11	-2.2912e-10	3.1136e-07	-3.1362e-07
0.86	-5.33414e-08	5.323559999999999e-08	7.117000000000001e-11	3.1162e-07	-3.1376e-07	-1.4436399999999998e-08	1.5141999999999998e-08	-3.0729000000000003e-10	3.124e-07	-3.1194e-07	-5.1302e-09	4.8215e-09	3.984e-10	3.1322e-07	-3.126e-07	-1.9083e-09	1.2302e-09	-1.4656e-10	3.13e-07	-3.1122e-07	-1.1645e-09	2.6866000000000003e-10	2.1246e-10	3.1362e-07	-3.1144e-07	5.991400000000001e-10	2.1103e-10	5.4460000000000005e-11	3.115e-07	-3.1376e-07	8.8679e-10	3.6260000000000006e-11	-2.7401e-10	3.113e-07	-3.134e-07
0.865	-5.48394e-08	5.552639999999999e-08	-3.6825000000000005e-10	3.1162e-07	-3.1306e-07	-1.5909799999999997e-08	1.57492e-08	1.3533e-10	3.1376e-07	-3.1124e-07	-5.1021e-09	5.0411e-09	3.823e-10	3.1292e-07	-3.1318e-07	-2.1489e-09	1.3141e-09	-4.0370000000000005e-11	3.1344e-07	-3.1104e-07	-1.1048e-09	3.2195e-10	2.6586e-10	3.138e-07	-3.1162e-07	6.584800000000001e-10	1.9959e-10	-8.86e-12	3.116e-07	-3.1378e-07	8.0356e-10	4.57e-12	-3.2148e-10	3.1138e-07	-3.1314e-07
0.87	-5.73462e-08	5.782e-08	-1.4654000000000002e-10	3.13e-07	-3.1112e-07	-1.72672e-08	1.6545999999999998e-08	3.9547e-10	3.132e-07	-3.1284e-07	-5.0137e-09	5.2556e-09	3.0317e-10	3.1242e-07	-3.1334e-07	-2.3093e-09	1.4087e-09	6.942e-11	3.1358e-07	-3.1102e-07	-9.864e-10	3.7923e-10	3.1729000000000005e-10	3.134e-07	-3.1202e-07	6.8072e-10	1.9489e-10	-3.296e-11	3.1156e-07	-3.1414e-07	6.9827e-10	-2.431e-11	-3.5126000000000004e-10	3.1144e-07	-3.1306e-07
0.875	-6.106239999999999e-08	6.05172e-08	2.8457000000000003e-10	3.1354e-07	-3.1178e-07	-1.73468e-08	1.7302599999999998e-08	1.142e-11	3.1158e-07	-3.139e-07	-4.9838e-09	5.4782e-09	2.2336e-10	3.1218e-07	-3.1354e-07	-2.4481e-09	1.5044e-09	1.8406e-10	3.1366e-07	-3.1132e-07	-8.835e-10	4.2538e-10	3.6126000000000005e-10	3.1336e-07	-3.1232e-07	6.094600000000001e-10	2.2298e-10	3.8410000000000006e-11	3.1176e-07	-3.1376e-07	6.392e-10	-4.2630000000000006e-11	-3.6375e-10	3.1174e-07	-3.1284e-07
0.88	-6.403619999999999e-08	6.34714e-08	2.9229000000000003e-10	3.1236e-07	-3.1356e-07	-1.71652e-08	1.7867799999999997e-08	-3.8015e-10	3.1188e-07	-3.1268e-07	-5.0158e-09	5.6996e-09	1.3545e-10	3.1172e-07	-3.138e-07	-2.4737e-09	1.6202e-09	2.5248000000000004e-10	3.1358e-07	-3.1154e-07	-7.508e-10	4.7905e-10	3.9153e-10	3.1328e-07	-3.124e-07	5.130700000000001e-10	2.4314e-10	1.1312e-10	3.1174e-07	-3.138e-07	5.403100000000001e-10	-6.754000000000001e-11	-3.8057e-10	3.1166e-07	-3.1256e-07
0.885	-6.605159999999999e-08	6.635699999999999e-08	-3.3716e-10	3.1146e-07	-3.1322e-07	-1.8041e-08	1.84472e-08	-1.5281e-10	3.1296e-07	-3.1114e-07	-5.0978e-09	5.8905e-09	3.755e-11	3.1146e-07	-3.1374e-07	-2.4229e-09	1.7375e-09	3.1578e-10	3.1368e-07	-3.1172e-07	-1.2548e-09	3.1317e-10	8.152e-11	3.1358e-07	-3.1084e-07	4.2071e-10	2.4901e-10	1.6689e-10	3.1198e-07	-3.1392e-07	4.6128e-10	-9.268e-11	-3.8878e-10	3.1184e-07	-3.1256e-07
0.89	-6.85526e-08	6.919379999999999e-08	-2.4457e-10	3.1274e-07	-3.114e-07	-1.98812e-08	1.93078e-08	2.9376000000000003e-10	3.137e-07	-3.119e-07	-5.2174e-09	6.0864e-09	-8.286000000000001e-11	3.1128e-07	-3.1386e-07	-2.3431e-09	1.8532e-09	3.6523e-10	3.134e-07	-3.122e-07	-1.3045e-09	3.5991e-10	1.5833e-10	3.1362e-07	-3.113e-07	3.1911000000000005e-10	2.5582e-10	2.189e-10	3.1216e-07	-3.1374e-07	3.7142000000000005e-10	-1.0015e-10	-3.8871000000000005e-10	3.1192e-07	-3.1236e-07
0.895	-7.26958e-08	7.2379e-08	2.0305e-10	3.1372e-07	-3.1156e-07	-2.08082e-08	2.0259e-08	2.6902e-10	3.1248e-07	-3.1382e-07	-5.3274e-09	6.2878e-09	-2.0063e-10	3.1144e-07	-3.1362e-07	-2.2469e-09	1.9598e-09	3.9390000000000006e-10	3.1304e-07	-3.1272e-07	-1.2947e-09	4.1149e-10	2.1982e-10	3.1358e-07	-3.1156e-07	2.1522e-10	2.5348000000000004e-10	2.5815000000000003e-10	3.1222e-07	-3.1372e-07	2.6473e-10	-1.1775e-10	-3.7347e-10	3.121e-07	-3.1224e-07
0.9	-7.658e-08	7.59166e-08	3.6702e-10	3.128e-07	-3.1314e-07	-2.06978e-08	2.109e-08	-2.5031000000000004e-10	3.1132e-07	-3.1372e-07	-5.581e-09	6.4973e-09	-2.9388e-10	3.1134e-07	-3.132e-07	-2.1513e-09	2.0666e-09	3.7881e-10	3.1274e-07	-3.1286e-07	-1.2405e-09	4.6235e-10	2.7394000000000004e-10	3.1382e-07	-3.1166e-07	8.67e-11	2.4049e-10	2.5287000000000003e-10	3.1244e-07	-3.1364e-07	1.3823000000000002e-10	-1.3074e-10	-3.5760000000000004e-10	3.1218e-07	-3.1204e-07
