I/V Sweep,id_vgs
RecordTime,01/13/2025 12:54:35
Device ID,
Count,1
Flag,
Remarks,
vg,vd,id,ig,is,iavdd,ignd
-0.3,0,1.9492E-10,-2.0727000000000003E-10,-2.51E-12,3.2052E-07,-3.2046E-07
-0.29500000000000004,0,1.8602000000000002E-10,-1.9505000000000001E-10,-1.2160000000000002E-11,3.2047999999999997E-07,-3.2046E-07
-0.29000000000000004,0,1.8172000000000002E-10,-1.9662000000000002E-10,5.8300000000000008E-12,3.2044E-07,-3.2046E-07
-0.28500000000000003,0,1.7534E-10,-1.8103000000000002E-10,3.82E-12,3.2046E-07,-3.2036E-07
-0.28,0,1.6242000000000002E-10,-1.7265000000000002E-10,-3.82E-12,3.2044E-07,-3.2044E-07
-0.275,0,1.6058E-10,-1.6557E-10,1.8000000000000002E-13,3.2046E-07,-3.2052E-07
-0.27,0,1.4865000000000002E-10,-1.5801E-10,3.2000000000000005E-13,3.204E-07,-3.2042E-07
-0.265,0,1.4771E-10,-1.5392000000000002E-10,-7.22E-12,3.2042E-07,-3.2036E-07
-0.26,0,1.3147E-10,-1.3379E-10,-3.87E-12,3.2042E-07,-3.2042E-07
-0.255,0,1.3739E-10,-1.3993E-10,8.9100000000000014E-12,3.207E-07,-3.2068E-07
-0.25,0,1.2192E-10,-1.2735E-10,3.9E-12,3.204E-07,-3.2036E-07
-0.24500000000000002,0,1.173E-10,-1.2062000000000002E-10,-7.93E-12,3.2033999999999997E-07,-3.2042E-07
-0.24000000000000002,0,1.1274E-10,-1.1592000000000001E-10,5.2200000000000008E-12,3.2046E-07,-3.2032E-07
-0.23500000000000001,0,1.0841E-10,-1.1065000000000001E-10,9.35E-12,3.2038E-07,-3.2044E-07
-0.23,0,1.0044E-10,-1.0467000000000001E-10,-9.9300000000000015E-12,3.2044E-07,-3.2046E-07
-0.225,0,9.075000000000001E-11,-9.4890000000000008E-11,-3.25E-12,3.204E-07,-3.2038E-07
-0.22,0,9.6450000000000013E-11,-9.584E-11,4.8500000000000005E-12,3.2046E-07,-3.204E-07
-0.215,0,8.376E-11,-8.8550000000000007E-11,-2.0200000000000003E-12,3.2036E-07,-3.2032E-07
-0.21000000000000002,0,7.952E-11,-8.0080000000000009E-11,-1.0100000000000001E-12,3.2038E-07,-3.2038E-07
-0.20500000000000002,0,7.538E-11,-7.868E-11,6.35E-12,3.2042E-07,-3.2046E-07
-0.2,0,7.557E-11,-7.6850000000000011E-11,4.8100000000000007E-12,3.2042E-07,-3.2042E-07
-0.195,0,6.0450000000000008E-11,-6.81E-11,-1.139E-11,3.204E-07,-3.2033999999999997E-07
-0.19,0,6.396E-11,-6.783E-11,-7.2000000000000008E-12,3.204E-07,-3.2044E-07
-0.185,0,6.389E-11,-6.218E-11,8.32E-12,3.2038E-07,-3.2032E-07
-0.18000000000000002,0,5.4350000000000005E-11,-6.011E-11,-2.95E-12,3.2038E-07,-3.2038E-07
-0.17500000000000002,0,5.1620000000000005E-11,-5.037E-11,-3.1200000000000004E-12,3.204E-07,-3.2036E-07
-0.17,0,4.968E-11,-5.6060000000000005E-11,9.07E-12,3.2038E-07,-3.204E-07
-0.165,0,5.033E-11,-4.9470000000000005E-11,-7.4000000000000008E-13,3.2033999999999997E-07,-3.2033999999999997E-07
-0.16,0,3.4830000000000004E-11,-4.067E-11,-7.84E-12,3.2036E-07,-3.2036E-07
-0.155,0,4.403E-11,-4.7870000000000005E-11,6.0000000000000009E-14,3.2033999999999997E-07,-3.2036E-07
-0.15,0,3.885E-11,-3.54E-11,3.1200000000000004E-12,3.2046E-07,-3.2042E-07
-0.14500000000000002,0,3.4910000000000005E-11,-4.1940000000000006E-11,-6.4700000000000005E-12,3.207E-07,-3.2064E-07
-0.14,0,2.7990000000000002E-11,-2.961E-11,-4.16E-12,3.2036E-07,-3.2046E-07
-0.135,0,3.5640000000000006E-11,-3.492E-11,4.98E-12,3.2038E-07,-3.2042E-07
-0.13,0,2.946E-11,-2.946E-11,-1.3E-13,3.2036E-07,-3.2042E-07
-0.125,0,1.999E-11,-2.5160000000000003E-11,-8.05E-12,3.2033999999999997E-07,-3.2033999999999997E-07
-0.12000000000000001,0,2.6850000000000003E-11,-2.953E-11,1.4400000000000001E-12,3.2033999999999997E-07,-3.2036E-07
-0.115,0,2.267E-11,-2.2020000000000002E-11,6.35E-12,3.2036E-07,-3.2036E-07
-0.11,0,1.7850000000000002E-11,-2.458E-11,-6.2200000000000006E-12,3.2038E-07,-3.2036E-07
-0.10500000000000001,0,1.51E-11,-1.825E-11,2.8400000000000004E-12,3.2033999999999997E-07,-3.2033999999999997E-07
-0.1,0,2.041E-11,-2.003E-11,4.2500000000000007E-12,3.2042E-07,-3.2036E-07
-0.095,0,1.513E-11,-1.8130000000000003E-11,-4.08E-12,3.2032E-07,-3.2036E-07
-0.090000000000000011,0,7.73E-12,-1.4810000000000002E-11,-3.4900000000000003E-12,3.2032E-07,-3.203E-07
-0.085,0,1.717E-11,-1.562E-11,-6.1E-13,3.204E-07,-3.204E-07
-0.08,0,1.412E-11,-1.3450000000000001E-11,5.04E-12,3.2036E-07,-3.2038E-07
-0.075,0,5.6700000000000007E-12,-1.099E-11,-7.12E-12,3.2033999999999997E-07,-3.2032E-07
-0.07,0,8.5700000000000008E-12,-1.3150000000000001E-11,-3.0000000000000003E-13,3.204E-07,-3.2036E-07
-0.065,0,1.1010000000000001E-11,-7.2500000000000008E-12,2.7800000000000003E-12,3.2042E-07,-3.2033999999999997E-07
-0.060000000000000005,0,6.1600000000000004E-12,-1.0640000000000002E-11,-4.5500000000000006E-12,3.2033999999999997E-07,-3.2036E-07
-0.055,0,2.4500000000000003E-12,-7.7800000000000012E-12,-1.2500000000000001E-12,3.2033999999999997E-07,-3.2028E-07
-0.05,0,8.16E-12,-7.39E-12,3.1E-12,3.204E-07,-3.2033999999999997E-07
-0.045000000000000005,0,7.0800000000000005E-12,-6.8400000000000007E-12,9.5E-13,3.2038E-07,-3.2036E-07
-0.04,0,-2.9900000000000004E-12,-4.46E-12,-4.98E-12,3.2033999999999997E-07,-3.203E-07
-0.035,0,4.97E-12,-7.34E-12,2.1000000000000001E-13,3.2032E-07,-3.2032E-07
-0.030000000000000002,0,5.53E-12,-2.1000000000000001E-13,2.6300000000000003E-12,3.2042E-07,-3.2038E-07
-0.025,0,-2.4300000000000003E-12,-6.14E-12,2.3000000000000003E-13,3.2036E-07,-3.203E-07
-0.02,0,-2.1000000000000003E-12,-2.9400000000000004E-12,-2.9E-12,3.2032E-07,-3.2028E-07
-0.015000000000000001,0,1.7700000000000001E-12,1.0000000000000002E-14,4.4000000000000004E-13,3.204E-07,-3.2033999999999997E-07
-0.01,0,5.2E-13,-2.82E-12,3.72E-12,3.2038E-07,-3.2033999999999997E-07
-0.005,0,-6.51E-12,7.9000000000000007E-13,-3.75E-12,3.203E-07,-3.2028E-07
0,0,4.1E-13,-7.6000000000000009E-13,1.22E-12,3.204E-07,-3.2028E-07
0.005,0,-6.1E-13,9.5E-13,2.9400000000000004E-12,3.204E-07,-3.2038E-07
0.01,0,-6.6700000000000005E-12,1.7700000000000001E-12,-4.5500000000000006E-12,3.204E-07,-3.2036E-07
0.015000000000000001,0,-4.77E-12,-1.85E-12,1.2900000000000002E-12,3.2033999999999997E-07,-3.2038E-07
0.02,0,-2.29E-12,6.6200000000000005E-12,-1.08E-12,3.204E-07,-3.2036E-07
0.025,0,-3.58E-12,9.3E-13,9.5E-13,3.204E-07,-3.2036E-07
0.030000000000000002,0,-1.3950000000000001E-11,5.4200000000000007E-12,-3.4E-13,3.2026E-07,-3.203E-07
0.035,0,-1.41E-12,4.87E-12,-2.1500000000000003E-12,3.2036E-07,-3.2032E-07
0.04,0,-7.0500000000000009E-12,6.25E-12,3.1700000000000004E-12,3.2038E-07,-3.2036E-07
0.045000000000000005,0,-1.099E-11,4.6900000000000004E-12,-9.4E-13,3.2033999999999997E-07,-3.2024E-07
0.05,0,-7.4800000000000012E-12,5.6700000000000007E-12,-2.3000000000000003E-12,3.2033999999999997E-07,-3.203E-07
0.055,0,-6.9900000000000007E-12,1.189E-11,3.9400000000000006E-12,3.2032E-07,-3.2032E-07
0.060000000000000005,0,-9.3800000000000008E-12,5.58E-12,2.39E-12,3.2047999999999997E-07,-3.2033999999999997E-07
0.065,0,-1.51E-11,1.079E-11,2.5E-13,3.2032E-07,-3.2032E-07
0.07,0,-7.0300000000000005E-12,9.8300000000000015E-12,-1.1100000000000001E-12,3.2046E-07,-3.2047999999999997E-07
0.075,0,-1.522E-11,1.2530000000000001E-11,-2.4000000000000003E-12,3.2038E-07,-3.203E-07
0.08,0,-1.5050000000000002E-11,8.97E-12,-2.26E-12,3.2044E-07,-3.2038E-07
0.085,0,-1.4670000000000003E-11,1.2880000000000002E-11,-1.7600000000000002E-12,3.2033999999999997E-07,-3.203E-07
0.090000000000000011,0,-1.25E-11,1.551E-11,1.6800000000000001E-12,3.2038E-07,-3.2028E-07
0.095,0,-2.1460000000000003E-11,1.5630000000000002E-11,6.2E-12,3.2026E-07,-3.2028E-07
0.1,0,-1.8820000000000003E-11,1.3540000000000001E-11,-1.2400000000000002E-12,3.2028E-07,-3.203E-07
0.10500000000000001,0,-1.622E-11,1.9930000000000003E-11,-3.53E-12,3.203E-07,-3.203E-07
0.11,0,-2.028E-11,1.9690000000000002E-11,-4.3000000000000004E-13,3.2033999999999997E-07,-3.2026E-07
0.115,0,-2.2530000000000002E-11,1.722E-11,-2.8400000000000004E-12,3.2026E-07,-3.2028E-07
0.12000000000000001,0,-2.3210000000000003E-11,2.2880000000000003E-11,-3.7300000000000005E-12,3.2033999999999997E-07,-3.203E-07
0.125,0,-2.1090000000000002E-11,2.4900000000000003E-11,1.0100000000000001E-12,3.2042E-07,-3.2036E-07
0.13,0,-2.8850000000000002E-11,2.2510000000000002E-11,4.83E-12,3.2033999999999997E-07,-3.2032E-07
0.135,0,-2.795E-11,2.6120000000000003E-11,-3.6000000000000003E-13,3.203E-07,-3.204E-07
0.14,0,-2.793E-11,3.015E-11,2.6100000000000004E-12,3.2044E-07,-3.203E-07
0.14500000000000002,0,-3.0940000000000005E-11,2.994E-11,-2.3800000000000004E-12,3.2033999999999997E-07,-3.2038E-07
0.15,0,-3.8870000000000004E-11,3.253E-11,-3.8300000000000004E-12,3.2033999999999997E-07,-3.2032E-07
0.155,0,-2.994E-11,3.402E-11,-4.01E-12,3.204E-07,-3.2032E-07
0.16,0,-3.675E-11,3.919E-11,2.2000000000000002E-13,3.2047999999999997E-07,-3.2033999999999997E-07
0.165,0,-4.338E-11,3.697E-11,3.4E-13,3.2033999999999997E-07,-3.2028E-07
0.17,0,-3.9460000000000005E-11,4.2800000000000003E-11,-1.8000000000000002E-12,3.203E-07,-3.2032E-07
0.17500000000000002,0,-4.3790000000000005E-11,4.578E-11,3.66E-12,3.204E-07,-3.2038E-07
0.18000000000000002,0,-4.923E-11,4.7110000000000006E-11,-2.0700000000000003E-12,3.2038E-07,-3.2032E-07
0.185,0,-5.5020000000000007E-11,4.9870000000000005E-11,-6.9000000000000009E-13,3.2028E-07,-3.203E-07
0.19,0,-5.215E-11,5.5160000000000006E-11,-5.9E-13,3.2044E-07,-3.2028E-07
0.195,0,-6.118E-11,6.057E-11,4.83E-12,3.2032E-07,-3.203E-07
0.2,0,-6.6290000000000011E-11,5.938E-11,2.36E-12,3.2033999999999997E-07,-3.2019999999999997E-07
0.20500000000000002,0,-6.8090000000000007E-11,6.6350000000000009E-11,-4.1000000000000007E-12,3.2033999999999997E-07,-3.203E-07
0.21000000000000002,0,-7.182E-11,7.417E-11,8E-13,3.2033999999999997E-07,-3.2032E-07
0.215,0,-8.0350000000000012E-11,7.336E-11,5E-14,3.2038E-07,-3.2028E-07
0.22,0,-8.3860000000000008E-11,8.004E-11,-2.9400000000000004E-12,3.1912E-07,-3.1912E-07
0.225,0,-8.698E-11,8.8680000000000011E-11,-5.74E-12,3.1921999999999997E-07,-3.1918E-07
0.23,0,-9.3860000000000012E-11,9.1520000000000011E-11,2.01E-12,3.192E-07,-3.1906E-07
0.23500000000000001,0,-1.0148000000000001E-10,9.65E-11,2.69E-12,3.1907999999999997E-07,-3.191E-07
0.24000000000000002,0,-1.064E-10,1.0539000000000001E-10,-4.53E-12,3.1916E-07,-3.1907999999999997E-07
0.24500000000000002,0,-1.1156000000000001E-10,1.1666000000000001E-10,2.2200000000000002E-12,3.1912E-07,-3.1914E-07
0.25,0,-1.245E-10,1.1627E-10,3.6900000000000006E-12,3.192E-07,-3.1912E-07
0.255,0,-1.292E-10,1.2795E-10,-3.2200000000000004E-12,3.191E-07,-3.1906E-07
0.26,0,-1.3789E-10,1.382E-10,-4.99E-12,3.1902E-07,-3.1912E-07
0.265,0,-1.4687E-10,1.4606E-10,4.12E-12,3.1914E-07,-3.191E-07
0.27,0,-1.587E-10,1.5254000000000002E-10,5.7800000000000008E-12,3.1906E-07,-3.19E-07
0.275,0,-1.6861000000000003E-10,1.6869000000000001E-10,-7.35E-12,3.1907999999999997E-07,-3.1902E-07
0.28,0,-1.7734E-10,1.7806E-10,1.0600000000000001E-12,3.1912E-07,-3.191E-07
0.28500000000000003,0,-1.9404E-10,1.8661000000000002E-10,3.8800000000000004E-12,3.1916E-07,-3.1898E-07
0.29000000000000004,0,-2.0206000000000002E-10,2.0093000000000002E-10,-5.23E-12,3.1898E-07,-3.1904E-07
0.29500000000000004,0,-2.1849E-10,2.187E-10,-9.3E-13,3.1907999999999997E-07,-3.1906E-07
0.3,0,-2.3133000000000002E-10,2.2965000000000003E-10,8.480000000000001E-12,3.191E-07,-3.1906E-07
0.305,0,-2.4699000000000004E-10,2.4184E-10,4.4000000000000006E-12,3.1907999999999997E-07,-3.1898E-07
0.31,0,-2.6342E-10,2.6442E-10,-1.14E-11,3.19E-07,-3.1906E-07
0.315,0,-2.7938E-10,2.7924E-10,4E-13,3.1907999999999997E-07,-3.1902E-07
0.32,0,-2.982E-10,2.9460000000000005E-10,2.0500000000000004E-12,3.1904E-07,-3.1904E-07
0.325,0,-3.1554000000000003E-10,3.1681E-10,-9.290000000000001E-12,3.1902E-07,-3.19E-07
0.33,0,-3.4029E-10,3.4233000000000005E-10,-4.1400000000000005E-12,3.1912E-07,-3.1906E-07
0.335,0,-3.5796E-10,3.5514000000000003E-10,5.7300000000000008E-12,3.191E-07,-3.1906E-07
0.34,0,-3.8262E-10,3.8031000000000005E-10,5.2000000000000005E-12,3.1906E-07,-3.1893999999999997E-07
0.34500000000000003,0,-4.0841000000000004E-10,4.0836E-10,-3.9E-12,3.1904E-07,-3.1906E-07
0.35000000000000003,0,-4.3448000000000003E-10,4.3297000000000006E-10,6.6300000000000006E-12,3.191E-07,-3.191E-07
0.35500000000000004,0,-4.6162000000000006E-10,4.548E-10,5.95E-12,3.1907999999999997E-07,-3.1906E-07
0.36000000000000004,0,-4.8961E-10,4.9051E-10,-1.5650000000000002E-11,3.191E-07,-3.19E-07
0.365,0,-5.2211000000000007E-10,5.1799000000000009E-10,-7.0400000000000007E-12,3.1906E-07,-3.19E-07
0.37,0,-5.4517000000000009E-10,5.4957E-10,6.2400000000000009E-12,3.1918E-07,-3.1902E-07
0.375,0,-5.8238E-10,5.8156E-10,1.8400000000000002E-12,3.1914E-07,-3.1906E-07
0.38,0,-6.1995E-10,6.2204000000000006E-10,-3.6400000000000006E-12,3.1916E-07,-3.1912E-07
0.385,0,-6.5209000000000007E-10,6.5409000000000006E-10,7.94E-12,3.1912E-07,-3.1916E-07
0.39,0,-6.8993E-10,6.8945E-10,2.6100000000000004E-12,3.1914E-07,-3.1914E-07
0.395,0,-7.3925E-10,7.3728000000000006E-10,-8.73E-12,3.1912E-07,-3.1904E-07
0.4,0,-7.7886E-10,7.7612000000000011E-10,1.83E-12,3.1912E-07,-3.1912E-07
0.405,0,-8.2101E-10,8.1969000000000009E-10,6.8400000000000007E-12,3.1918E-07,-3.1918E-07
0.41000000000000003,0,-8.721700000000001E-10,8.6588000000000012E-10,-4.07E-12,3.191E-07,-3.19E-07
0.41500000000000004,0,-9.2118000000000012E-10,9.2059E-10,-9.53E-12,3.1912E-07,-3.1912E-07
0.42000000000000004,0,-9.6886000000000011E-10,9.6841000000000017E-10,8.51E-12,3.1916E-07,-3.1906E-07
0.42500000000000004,0,-1.0210100000000002E-09,1.02095E-09,4.84E-12,3.1914E-07,-3.1906E-07
0.43,0,-1.08856E-09,1.0815100000000001E-09,-1.0820000000000001E-11,3.1906E-07,-3.1912E-07
0.435,0,-1.1437E-09,1.1408E-09,-5.64E-12,3.1902E-07,-3.1906E-07
0.44,0,-1.1992E-09,1.1946E-09,-1.14E-12,3.1907999999999997E-07,-3.1904E-07
0.445,0,-1.2603E-09,1.264E-09,8.780000000000001E-12,3.1918E-07,-3.1906E-07
0.45,0,-1.3239E-09,1.3269E-09,3.8E-12,3.1912E-07,-3.1912E-07
0.455,0,-1.4064E-09,1.3985E-09,-5.5700000000000007E-12,3.1906E-07,-3.1904E-07
0.46,0,-1.4679E-09,1.4706E-09,-1.3000000000000001E-12,3.1906E-07,-3.19E-07
0.465,0,-1.5431E-09,1.5372E-09,2.39E-12,3.1906E-07,-3.19E-07
0.47000000000000003,0,-1.6265E-09,1.6245E-09,-1.402E-11,3.1918E-07,-3.1906E-07
0.47500000000000003,0,-1.7065E-09,1.7073E-09,-9.3E-13,3.1914E-07,-3.1907999999999997E-07
0.48000000000000004,0,-1.7855E-09,1.7817E-09,1.147E-11,3.1906E-07,-3.1907999999999997E-07
0.48500000000000004,0,-1.8772E-09,1.8797E-09,-4.3000000000000004E-13,3.1906E-07,-3.1904E-07
0.49000000000000005,0,-1.9754E-09,1.9722E-09,1.6200000000000002E-12,3.1916E-07,-3.1906E-07
0.49500000000000005,0,-2.0596E-09,2.0587E-09,9.1800000000000009E-12,3.1914E-07,-3.1907999999999997E-07
0.5,0,-2.1659E-09,2.1608E-09,-1.0500000000000002E-12,3.1902E-07,-3.1907999999999997E-07
0.505,0,-2.2575E-09,2.2591E-09,-7.3800000000000013E-12,3.1912E-07,-3.1916E-07
0.51,0,-2.3693E-09,2.3717E-09,-1.3000000000000001E-12,3.1918E-07,-3.191E-07
0.515,0,-2.4827E-09,2.4779E-09,-1.9400000000000002E-12,3.1912E-07,-3.1912E-07
0.52,0,-2.594E-09,2.5951E-09,-6.400000000000001E-13,3.1907999999999997E-07,-3.1834E-07
0.525,0,-2.715E-09,2.7184E-09,4.5000000000000005E-13,3.192E-07,-3.1912E-07
0.53,0,-2.8337E-09,2.8295E-09,3.3900000000000003E-12,3.1912E-07,-3.1912E-07
0.535,0,-2.975E-09,2.9715E-09,4.01E-12,3.1904E-07,-3.19E-07
0.54,0,-3.0864E-09,3.0971E-09,-1.5700000000000002E-12,3.1916E-07,-3.191E-07
0.545,0,-3.2482E-09,3.24E-09,2.1000000000000003E-12,3.1904E-07,-3.1902E-07
0.55,0,-3.3846E-09,3.3785E-09,-8.65E-12,3.19E-07,-3.1902E-07
0.555,0,-3.529E-09,3.5348E-09,1.8000000000000002E-12,3.191E-07,-3.1912E-07
0.56,0,-3.68E-09,3.6845E-09,2.3500000000000003E-12,3.1924E-07,-3.1916E-07
0.56500000000000006,0,-3.8545E-09,3.8513E-09,-3.3200000000000004E-12,3.1912E-07,-3.191E-07
0.57000000000000006,0,-4.0168E-09,4.0177E-09,6.0800000000000008E-12,3.1914E-07,-3.1921999999999997E-07
0.57500000000000007,0,-4.1811E-09,4.1861E-09,8.31E-12,3.1912E-07,-3.192E-07
0.58000000000000007,0,-4.3763E-09,4.3728E-09,-4.9600000000000007E-12,3.1918E-07,-3.191E-07
0.58500000000000008,0,-4.5607E-09,4.5604E-09,-3.51E-12,3.1918E-07,-3.1907999999999997E-07
0.59000000000000008,0,-4.7573E-09,4.758E-09,8.0800000000000011E-12,3.1912E-07,-3.1918E-07
0.595,0,-4.9573E-09,4.9561E-09,-7.32E-12,3.1844E-07,-3.1851999999999997E-07
0.6,0,-5.1772E-09,5.1745E-09,-4.7100000000000007E-12,3.1918E-07,-3.1916E-07
0.605,0,-5.3872E-09,5.3899E-09,3.86E-12,3.1918E-07,-3.1916E-07
0.61,0,-5.6197E-09,5.6201E-09,3.3100000000000002E-12,3.1914E-07,-3.191E-07
0.615,0,-5.8656E-09,5.8625E-09,-5.53E-12,3.1907999999999997E-07,-3.1916E-07
0.62,0,-6.1007E-09,6.1085E-09,-3.72E-12,3.1914E-07,-3.1921999999999997E-07
0.625,0,-6.3697E-09,6.3673E-09,7.85E-12,3.1918E-07,-3.1916E-07
0.63,0,-6.6383E-09,6.635E-09,-1.087E-11,3.1914E-07,-3.1906E-07
0.635,0,-6.9184E-09,6.9265E-09,-3.3600000000000002E-12,3.192E-07,-3.1912E-07
0.64,0,-7.2186E-09,7.2131E-09,8.0800000000000011E-12,3.1918E-07,-3.1907999999999997E-07
0.645,0,-7.5289E-09,7.5237E-09,-1.36E-12,3.1907999999999997E-07,-3.1914E-07
0.65,0,-7.8394E-09,7.8436E-09,-3.5900000000000003E-12,3.1912E-07,-3.1912E-07
0.655,0,-8.1725E-09,8.1706E-09,4.17E-12,3.1906E-07,-3.19E-07
0.66,0,-8.5216E-09,8.5127E-09,1.37E-12,3.1914E-07,-3.1906E-07
0.665,0,-8.8762E-09,8.8791E-09,-2.6100000000000004E-12,3.1921999999999997E-07,-3.1914E-07
0.67,0,-9.2559E-09,9.2568E-09,2.3500000000000003E-12,3.1912E-07,-3.1918E-07
0.675,0,-9.6463E-09,9.6406E-09,-4.43E-12,3.1902E-07,-3.1904E-07
0.68,0,-1.00584E-08,1.0049E-08,-7.2000000000000006E-13,3.1906E-07,-3.1902E-07
0.685,0,-1.04739E-08,1.0472E-08,-1.3000000000000001E-12,3.1912E-07,-3.1906E-07
0.69000000000000006,0,-1.09281E-08,1.09204E-08,-1.12E-12,3.1846E-07,-3.1902E-07
0.69500000000000006,0,-1.13926E-08,1.13876E-08,8.6000000000000007E-13,3.19E-07,-3.19E-07
0.70000000000000007,0,-1.1844799999999999E-08,1.1901399999999999E-08,-2.31E-12,3.1914E-07,-3.1907999999999997E-07
0.70500000000000007,0,-1.2349399999999999E-08,1.2398399999999998E-08,7.0800000000000005E-12,3.1912E-07,-3.19E-07
0.71000000000000008,0,-1.2881999999999999E-08,1.2928399999999999E-08,-4.1000000000000007E-12,3.191E-07,-3.1907999999999997E-07
0.71500000000000008,0,-1.3429399999999999E-08,1.3476999999999999E-08,-3.7900000000000006E-12,3.1912E-07,-3.1906E-07
0.72000000000000008,0,-1.40048E-08,1.4054999999999999E-08,-3.0000000000000003E-13,3.1907999999999997E-07,-3.1904E-07
0.72500000000000009,0,-1.4607399999999998E-08,1.4649399999999998E-08,-5.9300000000000008E-12,3.1914E-07,-3.1898E-07
0.73,0,-1.5232199999999998E-08,1.5284999999999998E-08,6.8800000000000006E-12,3.1906E-07,-3.1907999999999997E-07
0.735,0,-1.58866E-08,1.5936799999999998E-08,-8.480000000000001E-12,3.1907999999999997E-07,-3.1904E-07
0.74,0,-1.6578799999999998E-08,1.6622599999999998E-08,-3.51E-12,3.1912E-07,-3.19E-07
0.745,0,-1.7282399999999997E-08,1.7328799999999998E-08,-1.3900000000000001E-12,3.19E-07,-3.191E-07
0.75,0,-1.80322E-08,1.8085199999999997E-08,-3.7E-12,3.1882E-07,-3.1893999999999997E-07
0.755,0,-1.8812799999999997E-08,1.8854799999999998E-08,-3.6000000000000004E-12,3.1918E-07,-3.1906E-07
0.76,0,-1.9632999999999998E-08,1.9687799999999996E-08,-4.0400000000000006E-12,3.1902E-07,-3.1893999999999997E-07
0.765,0,-2.04838E-08,2.0531199999999998E-08,-7.6600000000000009E-12,3.1898E-07,-3.191E-07
0.77,0,-2.13804E-08,2.1431999999999996E-08,4.4400000000000005E-12,3.1906E-07,-3.1898E-07
0.775,0,-2.2317199999999998E-08,2.2359599999999998E-08,-5.39E-12,3.1907999999999997E-07,-3.1904E-07
0.78,0,-2.3297599999999996E-08,2.3338199999999998E-08,-5.75E-12,3.1906E-07,-3.19E-07
0.785,0,-2.4303199999999997E-08,2.4355999999999997E-08,1.32E-12,3.19E-07,-3.1906E-07
0.79,0,-2.5383399999999998E-08,2.54208E-08,-5.5E-12,3.19E-07,-3.1912E-07
0.795,0,-2.6499399999999996E-08,2.6551799999999998E-08,2.97E-12,3.1904E-07,-3.1904E-07
0.8,0,-2.7673399999999998E-08,2.77198E-08,1.3E-13,3.1902E-07,-3.19E-07
0.805,0,-2.89204E-08,2.89666E-08,-4.88E-12,3.1912E-07,-3.191E-07
0.81,0,-3.0191999999999997E-08,3.02406E-08,3.8E-12,3.191E-07,-3.1882E-07
0.81500000000000006,0,-3.1557599999999995E-08,3.16032E-08,-4.4000000000000004E-13,3.1898E-07,-3.191E-07
0.82000000000000006,0,-3.29596E-08,3.2996E-08,1.9400000000000002E-12,3.1902E-07,-3.1904E-07
0.82500000000000007,0,-3.4442199999999996E-08,3.4492999999999997E-08,6.19E-12,3.1912E-07,-3.1907999999999997E-07
0.83000000000000007,0,-3.5973399999999996E-08,3.6045199999999994E-08,-5.9E-12,3.1907999999999997E-07,-3.191E-07
0.83500000000000008,0,-3.7651E-08,3.7691799999999993E-08,6.0700000000000006E-12,3.1907999999999997E-07,-3.1906E-07
0.84000000000000008,0,-3.9319599999999996E-08,3.9377599999999995E-08,4.13E-12,3.1902E-07,-3.1907999999999997E-07
0.84500000000000008,0,-4.1148999999999993E-08,4.1196999999999995E-08,1.1000000000000002E-12,3.1902E-07,-3.191E-07
0.85000000000000009,0,-4.3016999999999994E-08,4.3074E-08,6.5200000000000005E-12,3.191E-07,-3.191E-07
0.85500000000000009,0,-4.50034E-08,4.5043199999999993E-08,-3.9000000000000005E-13,3.1902E-07,-3.19E-07
0.86,0,-4.70596E-08,4.7094E-08,6.4900000000000008E-12,3.1914E-07,-3.191E-07
0.865,0,-4.9241399999999993E-08,4.9270599999999997E-08,5.2100000000000006E-12,3.1846E-07,-3.1904E-07
0.87,0,-5.1501399999999994E-08,5.154E-08,-5.2500000000000004E-12,3.1914E-07,-3.1904E-07
0.875,0,-5.3900399999999995E-08,5.3936199999999992E-08,2.5000000000000003E-12,3.1904E-07,-3.1906E-07
0.88,0,-5.6396E-08,5.6459799999999993E-08,2.36E-12,3.1904E-07,-3.1896E-07
0.885,0,-5.9059999999999994E-08,5.9101399999999996E-08,2.87E-12,3.1914E-07,-3.1904E-07
0.89,0,-6.1820199999999991E-08,6.1856599999999988E-08,8.14E-12,3.1907999999999997E-07,-3.1904E-07
0.895,0,-6.47388E-08,6.4793199999999988E-08,-1.0130000000000002E-11,3.1906E-07,-3.1898E-07
0.9,0,-6.7735999999999992E-08,6.78068E-08,2.21E-12,3.1906E-07,-3.1904E-07
-0.3,0.15,7.4846E-10,-5.0204000000000006E-10,-8.16E-12,3.1893999999999997E-07,-3.194E-07
-0.29500000000000004,0.15,7.2936000000000005E-10,-4.8271000000000008E-10,-1.64E-12,3.1912E-07,-3.194E-07
-0.29000000000000004,0.15,7.1559E-10,-4.7025E-10,-2.34E-12,3.1912E-07,-3.1928E-07
-0.28500000000000003,0.15,7.0976E-10,-4.6149000000000003E-10,-5.2E-13,3.191E-07,-3.1935999999999997E-07
-0.28,0.15,6.9867E-10,-4.3963E-10,-2.29E-12,3.1918E-07,-3.1935999999999997E-07
-0.275,0.15,6.7763000000000007E-10,-4.2987000000000004E-10,4.38E-12,3.1912E-07,-3.1932E-07
-0.27,0.15,6.6770000000000008E-10,-4.2230000000000003E-10,8.82E-12,3.1907999999999997E-07,-3.1932E-07
-0.265,0.15,6.5807000000000009E-10,-4.0239000000000004E-10,-7.1400000000000007E-12,3.192E-07,-3.1935999999999997E-07
-0.26,0.15,6.5674E-10,-3.9388000000000004E-10,-1.7E-13,3.1907999999999997E-07,-3.194E-07
-0.255,0.15,6.4334000000000008E-10,-3.8428000000000004E-10,7.8000000000000011E-13,3.1842E-07,-3.187E-07
-0.25,0.15,6.2141E-10,-3.7189000000000005E-10,-8.9100000000000014E-12,3.191E-07,-3.1928E-07
-0.24500000000000002,0.15,6.0249000000000006E-10,-3.5658E-10,-2.8800000000000002E-12,3.191E-07,-3.1938E-07
-0.24000000000000002,0.15,6.0704E-10,-3.4876000000000004E-10,5.7800000000000008E-12,3.1918E-07,-3.1938E-07
-0.23500000000000001,0.15,5.9660000000000009E-10,-3.4285E-10,4.8600000000000007E-12,3.191E-07,-3.1942E-07
-0.23,0.15,5.8991000000000009E-10,-3.2447E-10,-7.5E-12,3.1912E-07,-3.1935999999999997E-07
-0.225,0.15,5.7308000000000005E-10,-3.1885000000000004E-10,1.45E-12,3.191E-07,-3.1868E-07
-0.22,0.15,5.6527000000000005E-10,-3.1023E-10,4.47E-12,3.1914E-07,-3.1932E-07
-0.215,0.15,5.5698000000000008E-10,-3.0101000000000003E-10,-5.1600000000000006E-12,3.1912E-07,-3.1934E-07
-0.21000000000000002,0.15,5.5105000000000008E-10,-2.8431E-10,-5.8200000000000006E-12,3.1918E-07,-3.194E-07
-0.20500000000000002,0.15,5.4421E-10,-2.8419000000000003E-10,7.11E-12,3.1912E-07,-3.193E-07
-0.2,0.15,5.306E-10,-2.7278E-10,5.3000000000000006E-13,3.192E-07,-3.1935999999999997E-07
-0.195,0.15,5.2853E-10,-2.6065E-10,-1.2440000000000001E-11,3.1914E-07,-3.194E-07
-0.19,0.15,5.1817000000000008E-10,-2.5302E-10,5.49E-12,3.1912E-07,-3.1934E-07
-0.185,0.15,5.2537E-10,-2.4873000000000003E-10,4.73E-12,3.191E-07,-3.1924E-07
-0.18000000000000002,0.15,5.0316E-10,-2.3485E-10,-7.53E-12,3.1907999999999997E-07,-3.1926E-07
-0.17500000000000002,0.15,4.9626E-10,-2.2908000000000003E-10,3.2000000000000005E-13,3.19E-07,-3.1934E-07
-0.17,0.15,4.9602E-10,-2.2169E-10,-1E-13,3.1907999999999997E-07,-3.1926E-07
-0.165,0.15,4.82E-10,-2.1040000000000002E-10,-5.7E-13,3.1906E-07,-3.1928E-07
-0.16,0.15,4.6588E-10,-2.0672E-10,5.2E-13,3.1896E-07,-3.1851999999999997E-07
-0.155,0.15,4.6868000000000008E-10,-1.9458000000000002E-10,-5.9E-12,3.1864E-07,-3.187E-07
-0.15,0.15,4.5654000000000006E-10,-1.8902E-10,2.5300000000000003E-12,3.1906E-07,-3.193E-07
-0.14500000000000002,0.15,4.5170000000000005E-10,-1.8071000000000002E-10,-1.46E-12,3.1907999999999997E-07,-3.1924E-07
-0.14,0.15,4.4104E-10,-1.7647E-10,-1.7100000000000002E-12,3.1902E-07,-3.193E-07
-0.135,0.15,4.3777000000000003E-10,-1.6384000000000003E-10,8.6000000000000007E-13,3.1912E-07,-3.1942E-07
-0.13,0.15,4.2946000000000003E-10,-1.5831000000000002E-10,-4.0000000000000006E-14,3.191E-07,-3.1932E-07
-0.125,0.15,4.1900000000000005E-10,-1.5524000000000002E-10,-9.2000000000000012E-13,3.1906E-07,-3.1934E-07
-0.12000000000000001,0.15,4.2127000000000004E-10,-1.4518E-10,-6.5300000000000007E-12,3.1893999999999997E-07,-3.1874E-07
-0.115,0.15,4.0937000000000006E-10,-1.3605E-10,-3.13E-12,3.1896E-07,-3.1926E-07
-0.11,0.15,4.0350000000000005E-10,-1.3448E-10,9.56E-12,3.1914E-07,-3.1938E-07
-0.10500000000000001,0.15,3.9558000000000004E-10,-1.3123000000000002E-10,3.87E-12,3.1906E-07,-3.1928E-07
-0.1,0.15,3.8762000000000005E-10,-1.1764000000000002E-10,-1.0130000000000002E-11,3.1907999999999997E-07,-3.1932E-07
-0.095,0.15,3.8694E-10,-1.1691000000000001E-10,2.97E-12,3.1907999999999997E-07,-3.1932E-07
-0.090000000000000011,0.15,3.7614E-10,-1.1111E-10,6.92E-12,3.1906E-07,-3.1928E-07
-0.085,0.15,3.6663E-10,-1.0193E-10,-3.0600000000000003E-12,3.1902E-07,-3.1932E-07
-0.08,0.15,3.6885E-10,-9.3260000000000009E-11,3.2400000000000003E-12,3.1916E-07,-3.193E-07
-0.075,0.15,3.6004000000000003E-10,-9.6850000000000007E-11,6.6200000000000005E-12,3.1904E-07,-3.1932E-07
-0.07,0.15,3.6352000000000005E-10,-8.997E-11,-3.8E-12,3.191E-07,-3.1932E-07
-0.065,0.15,3.4483000000000004E-10,-8.153E-11,-1.1040000000000001E-11,3.1904E-07,-3.194E-07
-0.060000000000000005,0.15,3.4433000000000004E-10,-7.847E-11,1.6100000000000002E-12,3.1904E-07,-3.1926E-07
-0.055,0.15,3.4462000000000005E-10,-7.679E-11,8.95E-12,3.1912E-07,-3.193E-07
-0.05,0.15,3.3352E-10,-6.8770000000000012E-11,-5.0500000000000005E-12,3.1904E-07,-3.1924E-07
-0.045000000000000005,0.15,3.3715E-10,-6.6520000000000007E-11,-4.3900000000000005E-12,3.1906E-07,-3.1921999999999997E-07
-0.04,0.15,3.3724E-10,-6.138E-11,6.8800000000000006E-12,3.1907999999999997E-07,-3.193E-07
-0.035,0.15,3.3466E-10,-5.9210000000000008E-11,-1.85E-12,3.1907999999999997E-07,-3.1934E-07
-0.030000000000000002,0.15,3.2066E-10,-5.845E-11,-1.9700000000000003E-12,3.1912E-07,-3.1934E-07
-0.025,0.15,3.2012000000000003E-10,-5.0790000000000006E-11,-1.4400000000000001E-12,3.191E-07,-3.1924E-07
-0.02,0.15,3.3078E-10,-5.2020000000000005E-11,3.0000000000000003E-13,3.1906E-07,-3.1934E-07
-0.015000000000000001,0.15,3.1272000000000003E-10,-4.0690000000000004E-11,5.09E-12,3.1902E-07,-3.1924E-07
-0.01,0.15,3.2569000000000004E-10,-4.8480000000000003E-11,3.2E-12,3.1902E-07,-3.1921999999999997E-07
-0.005,0.15,3.1307000000000004E-10,-3.5490000000000005E-11,-4.3000000000000004E-13,3.1912E-07,-3.1932E-07
0,0.15,3.1957E-10,-3.874E-11,1.4400000000000001E-12,3.1896E-07,-3.1934E-07
0.005,0.15,3.1341E-10,-3.8910000000000004E-11,-5.9700000000000006E-12,3.1878E-07,-3.1934E-07
0.01,0.15,3.0515000000000003E-10,-3.383E-11,-4.17E-12,3.1914E-07,-3.1924E-07
0.015000000000000001,0.15,3.0779000000000003E-10,-3.0610000000000005E-11,3.46E-12,3.1906E-07,-3.1928E-07
0.02,0.15,3.0027000000000004E-10,-2.6940000000000003E-11,2.74E-12,3.1904E-07,-3.1926E-07
0.025,0.15,2.9760000000000004E-10,-2.993E-11,3.3400000000000003E-12,3.1907999999999997E-07,-3.1932E-07
0.030000000000000002,0.15,2.9401E-10,-1.8380000000000002E-11,2.82E-12,3.191E-07,-3.1935999999999997E-07
0.035,0.15,2.9259E-10,-2.294E-11,-1.5000000000000002E-13,3.1906E-07,-3.1926E-07
0.04,0.15,2.8068E-10,-2.1680000000000003E-11,-2.04E-12,3.1904E-07,-3.193E-07
0.045000000000000005,0.15,2.9318E-10,-2.1620000000000002E-11,-3E-12,3.1912E-07,-3.1934E-07
0.05,0.15,2.8756000000000004E-10,-1.7450000000000002E-11,-2.26E-12,3.1912E-07,-3.1924E-07
0.055,0.15,2.8183E-10,-1.945E-11,-1.6000000000000003E-13,3.1837999999999997E-07,-3.1932E-07
0.060000000000000005,0.15,2.7401E-10,-1.48E-11,2.21E-12,3.1906E-07,-3.1935999999999997E-07
0.065,0.15,2.8878E-10,-1.159E-11,8.3700000000000009E-12,3.1906E-07,-3.1924E-07
0.07,0.15,2.7427E-10,-1.272E-11,8.84E-12,3.1902E-07,-3.193E-07
0.075,0.15,2.678E-10,-1.2630000000000001E-11,-3.07E-12,3.1896E-07,-3.1926E-07
0.08,0.15,2.8462000000000005E-10,-1.167E-11,-7.7E-12,3.1904E-07,-3.1924E-07
0.085,0.15,2.7100000000000005E-10,-7.26E-12,-4.7000000000000006E-12,3.1918E-07,-3.193E-07
0.090000000000000011,0.15,2.6928E-10,-1.2850000000000001E-11,-7E-13,3.1907999999999997E-07,-3.1856E-07
0.095,0.15,2.6684000000000003E-10,-6.7300000000000006E-12,6.0200000000000006E-12,3.1906E-07,-3.1928E-07
0.1,0.15,2.7811000000000004E-10,-3.58E-12,-2.14E-12,3.1907999999999997E-07,-3.1938E-07
0.10500000000000001,0.15,2.5937E-10,-2.4500000000000003E-12,8.1800000000000011E-12,3.1906E-07,-3.1921999999999997E-07
0.11,0.15,2.7458E-10,-1.0010000000000001E-11,-1.7E-13,3.1907999999999997E-07,-3.1926E-07
0.115,0.15,2.7706E-10,-3.5700000000000003E-12,-1.46E-11,3.1906E-07,-3.1928E-07
0.12000000000000001,0.15,2.7242000000000003E-10,-9.0000000000000008E-14,-7.4000000000000008E-13,3.1912E-07,-3.192E-07
0.125,0.15,2.7100000000000005E-10,-8.31E-12,1.29E-11,3.1907999999999997E-07,-3.1926E-07
0.13,0.15,2.6296000000000004E-10,1.02E-12,4.06E-12,3.1904E-07,-3.193E-07
0.135,0.15,2.6055E-10,-6.2000000000000008E-13,-4.01E-12,3.19E-07,-3.193E-07
0.14,0.15,2.6563000000000004E-10,-2.2700000000000002E-12,2.3000000000000003E-13,3.1906E-07,-3.1926E-07
0.14500000000000002,0.15,2.7704E-10,2.54E-12,-6.2300000000000007E-12,3.1907999999999997E-07,-3.1932E-07
0.15,0.15,2.6129000000000004E-10,-1.4300000000000002E-12,-2.13E-12,3.1906E-07,-3.1924E-07
0.155,0.15,2.7019E-10,-1.0600000000000001E-12,-1.4700000000000002E-12,3.1896E-07,-3.1926E-07
0.16,0.15,2.594E-10,6.4800000000000007E-12,-2.7E-13,3.1912E-07,-3.1928E-07
0.165,0.15,2.6762E-10,1.22E-12,1.0240000000000002E-11,3.1846E-07,-3.1872E-07
0.17,0.15,2.5563000000000003E-10,2.69E-12,9.5200000000000014E-12,3.1902E-07,-3.1928E-07
0.17500000000000002,0.15,2.6726E-10,3.7E-12,-1.3970000000000001E-11,3.1906E-07,-3.1926E-07
0.18000000000000002,0.15,2.473E-10,4.42E-12,-1.3980000000000001E-11,3.1892E-07,-3.193E-07
0.185,0.15,2.5821000000000003E-10,1.08E-12,-1.65E-12,3.1918E-07,-3.1934E-07
0.19,0.15,2.6335000000000003E-10,6.61E-12,2.0700000000000003E-12,3.1844E-07,-3.192E-07
0.195,0.15,2.5460000000000003E-10,4.2400000000000005E-12,1.045E-11,3.1898E-07,-3.1938E-07
0.2,0.15,2.5485E-10,5.95E-12,-3.0000000000000005E-14,3.184E-07,-3.1921999999999997E-07
0.20500000000000002,0.15,2.5297E-10,9.7300000000000016E-12,-5.2E-13,3.1898E-07,-3.1934E-07
0.21000000000000002,0.15,2.5598000000000003E-10,6.3400000000000009E-12,-3.97E-12,3.1907999999999997E-07,-3.1932E-07
0.215,0.15,2.4855000000000004E-10,9.97E-12,-8.9800000000000009E-12,3.1898E-07,-3.1924E-07
0.22,0.15,2.6256E-10,9.65E-12,-2.4000000000000003E-12,3.1896E-07,-3.1924E-07
0.225,0.15,2.5446E-10,1.0950000000000002E-11,2.18E-12,3.1907999999999997E-07,-3.1928E-07
0.23,0.15,2.5422000000000003E-10,7.41E-12,4.6500000000000006E-12,3.1906E-07,-3.1926E-07
0.23500000000000001,0.15,2.51E-10,1.4100000000000002E-11,-5.9E-13,3.1837999999999997E-07,-3.186E-07
0.24000000000000002,0.15,2.5951E-10,1.2430000000000001E-11,4.3000000000000004E-13,3.1902E-07,-3.1926E-07
0.24500000000000002,0.15,2.5209E-10,1.4850000000000002E-11,-3.6000000000000003E-13,3.1902E-07,-3.1924E-07
0.25,0.15,2.4491000000000004E-10,1.2680000000000002E-11,-2.51E-12,3.1906E-07,-3.1926E-07
0.255,0.15,2.5263000000000004E-10,1.9530000000000003E-11,-5.9E-12,3.1848E-07,-3.1932E-07
0.26,0.15,2.3786E-10,1.957E-11,4.27E-12,3.1898E-07,-3.1918E-07
0.265,0.15,2.4748E-10,1.3340000000000001E-11,3.76E-12,3.1893999999999997E-07,-3.1928E-07
0.27,0.15,2.4127000000000004E-10,2.396E-11,-1.8900000000000002E-12,3.1896E-07,-3.1934E-07
0.275,0.15,2.4461E-10,2.1550000000000002E-11,3.6000000000000003E-13,3.1907999999999997E-07,-3.1926E-07
0.28,0.15,2.4673000000000004E-10,2.2110000000000002E-11,1.8700000000000003E-12,3.1904E-07,-3.1921999999999997E-07
0.28500000000000003,0.15,2.404E-10,2.4280000000000002E-11,-7.43E-12,3.1884E-07,-3.1921999999999997E-07
0.29000000000000004,0.15,2.2758000000000003E-10,2.9620000000000003E-11,-6.61E-12,3.1907999999999997E-07,-3.1921999999999997E-07
0.29500000000000004,0.15,2.3791E-10,2.9120000000000005E-11,6.91E-12,3.19E-07,-3.1938E-07
0.3,0.15,2.3130000000000002E-10,3.008E-11,1.066E-11,3.19E-07,-3.1921999999999997E-07
0.305,0.15,2.2252000000000002E-10,3.252E-11,-2.8400000000000004E-12,3.19E-07,-3.1916E-07
0.31,0.15,2.2053E-10,3.488E-11,-7.2500000000000008E-12,3.1898E-07,-3.1856E-07
0.315,0.15,2.3996E-10,3.9020000000000005E-11,1.8900000000000002E-12,3.19E-07,-3.194E-07
0.32,0.15,2.2658E-10,4.108E-11,-4.3000000000000004E-13,3.19E-07,-3.1926E-07
0.325,0.15,2.1331E-10,4.4440000000000004E-11,4.4000000000000004E-13,3.1902E-07,-3.1921999999999997E-07
0.33,0.15,2.2125E-10,4.6600000000000006E-11,2.9E-12,3.1902E-07,-3.193E-07
0.335,0.15,2.2017000000000003E-10,5.2960000000000004E-11,6.0000000000000009E-14,3.1912E-07,-3.1928E-07
0.34,0.15,2.1123E-10,5.1510000000000005E-11,1.02E-12,3.1902E-07,-3.193E-07
0.34500000000000003,0.15,2.0603E-10,5.5850000000000006E-11,-3.6000000000000004E-12,3.1902E-07,-3.193E-07
0.35000000000000003,0.15,2.0381000000000002E-10,6.1110000000000009E-11,-3.6000000000000004E-12,3.1902E-07,-3.1926E-07
0.35500000000000004,0.15,1.9705E-10,6.5960000000000011E-11,2.44E-12,3.1902E-07,-3.1928E-07
0.36000000000000004,0.15,1.9108000000000003E-10,6.403000000000001E-11,1.8000000000000002E-12,3.1904E-07,-3.1926E-07
0.365,0.15,1.8796000000000002E-10,7.624E-11,-5.79E-12,3.1902E-07,-3.1928E-07
0.37,0.15,1.8275000000000002E-10,7.938E-11,4.63E-12,3.191E-07,-3.1928E-07
0.375,0.15,1.7648000000000002E-10,8.015E-11,3.6000000000000004E-12,3.1904E-07,-3.1928E-07
0.38,0.15,1.7223E-10,8.973000000000001E-11,-6.41E-12,3.1896E-07,-3.192E-07
0.385,0.15,1.704E-10,9.4580000000000011E-11,-7.34E-12,3.191E-07,-3.1924E-07
0.39,0.15,1.6455000000000002E-10,1.0339E-10,-1.6000000000000003E-13,3.1878E-07,-3.1934E-07
0.395,0.15,1.5658000000000002E-10,1.0435000000000001E-10,5.0000000000000005E-12,3.1902E-07,-3.1928E-07
0.4,0.15,1.4401E-10,1.1921000000000002E-10,-2.4500000000000003E-12,3.1896E-07,-3.1928E-07
0.405,0.15,1.3808E-10,1.2471E-10,2.8100000000000003E-12,3.1906E-07,-3.1942E-07
0.41000000000000003,0.15,1.2792E-10,1.2592000000000002E-10,7.07E-12,3.1902E-07,-3.193E-07
0.41500000000000004,0.15,1.1806E-10,1.3981E-10,-8.43E-12,3.1907999999999997E-07,-3.193E-07
0.42000000000000004,0.15,1.1106000000000002E-10,1.5032E-10,-7.1000000000000008E-12,3.1907999999999997E-07,-3.1934E-07
0.42500000000000004,0.15,1.0557E-10,1.5979000000000002E-10,5.9600000000000005E-12,3.1907999999999997E-07,-3.1921999999999997E-07
0.43,0.15,9.311E-11,1.6665000000000001E-10,1.9200000000000003E-12,3.1907999999999997E-07,-3.1924E-07
0.435,0.15,6.9740000000000009E-11,1.835E-10,-7.11E-12,3.1896E-07,-3.1921999999999997E-07
0.44,0.15,7.394E-11,1.9671E-10,1.79E-12,3.1902E-07,-3.1926E-07
0.445,0.15,5.2600000000000004E-11,2.0272000000000003E-10,9.0900000000000011E-12,3.1914E-07,-3.1926E-07
0.45,0.15,4.003E-11,2.2046E-10,-4.56E-12,3.1904E-07,-3.1924E-07
0.455,0.15,2.0350000000000003E-11,2.3522000000000004E-10,-6.4300000000000007E-12,3.1842E-07,-3.1868E-07
0.46,0.15,1.3750000000000001E-11,2.4942E-10,1.23E-12,3.1906E-07,-3.1921999999999997E-07
0.465,0.15,1.857E-11,2.6629E-10,4.28E-12,3.1902E-07,-3.1921999999999997E-07
0.47000000000000003,0.15,-2.11E-11,2.8221E-10,-2.7E-13,3.191E-07,-3.1924E-07
0.47500000000000003,0.15,-4.6450000000000005E-11,3.0412000000000003E-10,1.8000000000000002E-13,3.1906E-07,-3.1932E-07
0.48000000000000004,0.15,-6.818E-11,3.2089E-10,7.01E-12,3.1907999999999997E-07,-3.1935999999999997E-07
0.48500000000000004,0.15,-7.8790000000000007E-11,3.4498000000000003E-10,-9.63E-12,3.1914E-07,-3.1928E-07
0.49000000000000005,0.15,-1.0175000000000001E-10,3.6242000000000003E-10,-6.6200000000000005E-12,3.1906E-07,-3.1921999999999997E-07
0.49500000000000005,0.15,-1.2470000000000002E-10,3.8856000000000005E-10,4.1E-13,3.1907999999999997E-07,-3.1928E-07
0.5,0.15,-1.5559E-10,4.1489000000000005E-10,-1.0000000000000002E-14,3.1902E-07,-3.1924E-07
0.505,0.15,-1.8383000000000003E-10,4.3792E-10,1.64E-12,3.1896E-07,-3.1928E-07
0.51,0.15,-2.0576000000000002E-10,4.666E-10,-1.78E-12,3.1914E-07,-3.1924E-07
0.515,0.15,-2.3346000000000004E-10,4.9678E-10,3.85E-12,3.1906E-07,-3.1934E-07
0.52,0.15,-2.7147000000000005E-10,5.2539000000000009E-10,-2.5800000000000003E-12,3.1907999999999997E-07,-3.193E-07
0.525,0.15,-3.0450000000000003E-10,5.5788E-10,-4.1400000000000005E-12,3.1896E-07,-3.1928E-07
0.53,0.15,-3.3259000000000004E-10,5.9168000000000007E-10,2.5800000000000003E-12,3.1906E-07,-3.193E-07
0.535,0.15,-3.7190000000000003E-10,6.2903E-10,1.2000000000000001E-12,3.1907999999999997E-07,-3.1916E-07
0.54,0.15,-4.1431000000000004E-10,6.6363E-10,-8.0000000000000013E-14,3.1837999999999997E-07,-3.1858E-07
0.545,0.15,-4.4146000000000005E-10,7.0553E-10,1.8700000000000003E-12,3.1914E-07,-3.1924E-07
0.55,0.15,-4.7885000000000006E-10,7.4799E-10,2.5600000000000004E-12,3.1912E-07,-3.1924E-07
0.555,0.15,-5.3559E-10,7.8825E-10,-2.0200000000000003E-12,3.1902E-07,-3.1924E-07
0.56,0.15,-5.4941000000000007E-10,8.3531000000000009E-10,-5.0000000000000005E-12,3.19E-07,-3.1935999999999997E-07
0.56500000000000006,0.15,-6.0900000000000007E-10,8.8377E-10,-2.2500000000000003E-12,3.1912E-07,-3.1928E-07
0.57000000000000006,0.15,-6.7171E-10,9.3360000000000017E-10,1.98E-12,3.1904E-07,-3.1935999999999997E-07
0.57500000000000007,0.15,-7.2303E-10,9.8549E-10,2.79E-12,3.1902E-07,-3.1928E-07
0.58000000000000007,0.15,-7.6652000000000006E-10,1.04211E-09,2.8E-13,3.19E-07,-3.193E-07
0.58500000000000008,0.15,-8.350100000000001E-10,1.10158E-09,2.77E-12,3.1907999999999997E-07,-3.1921999999999997E-07
0.59000000000000008,0.15,-8.9005E-10,1.1631E-09,2.47E-12,3.1902E-07,-3.193E-07
0.595,0.15,-9.6293000000000011E-10,1.219E-09,6.2200000000000006E-12,3.1902E-07,-3.1924E-07
0.6,0.15,-1.01907E-09,1.2906E-09,-3.13E-12,3.1902E-07,-3.1928E-07
0.605,0.15,-1.09661E-09,1.3596E-09,-5.4600000000000006E-12,3.1902E-07,-3.1928E-07
0.61,0.15,-1.1638E-09,1.4306E-09,-2.8100000000000003E-12,3.1893999999999997E-07,-3.1924E-07
0.615,0.15,-1.2387E-09,1.498E-09,7.49E-12,3.1898E-07,-3.1924E-07
0.62,0.15,-1.316E-09,1.5756E-09,-2.11E-12,3.1886E-07,-3.1918E-07
0.625,0.15,-1.3957E-09,1.6584E-09,-3.58E-12,3.1893999999999997E-07,-3.1924E-07
0.63,0.15,-1.4808E-09,1.7421E-09,3.15E-12,3.1893999999999997E-07,-3.1928E-07
0.635,0.15,-1.5719E-09,1.8253E-09,5E-13,3.189E-07,-3.1916E-07
0.64,0.15,-1.6566E-09,1.9177E-09,1.4700000000000002E-12,3.1896E-07,-3.192E-07
0.645,0.15,-1.7503E-09,2.0105E-09,1.4200000000000002E-12,3.1902E-07,-3.1918E-07
0.65,0.15,-1.8593E-09,2.105E-09,-2.36E-12,3.19E-07,-3.1916E-07
0.655,0.15,-1.946E-09,2.2096E-09,2.5300000000000003E-12,3.1898E-07,-3.1921999999999997E-07
0.66,0.15,-2.0478E-09,2.317E-09,7.81E-12,3.1898E-07,-3.193E-07
0.665,0.15,-2.1564E-09,2.4271E-09,-8.3900000000000012E-12,3.1902E-07,-3.1928E-07
0.67,0.15,-2.2767E-09,2.54E-09,-7.0500000000000009E-12,3.189E-07,-3.1916E-07
0.675,0.15,-2.387E-09,2.6524E-09,2.2000000000000003E-12,3.1896E-07,-3.192E-07
0.68,0.15,-2.5117E-09,2.7798E-09,-2.0500000000000004E-12,3.1906E-07,-3.1912E-07
0.685,0.15,-2.6493E-09,2.9087E-09,-1.6700000000000002E-12,3.19E-07,-3.1916E-07
0.69000000000000006,0.15,-2.775E-09,3.0371E-09,8.7900000000000011E-12,3.1832E-07,-3.1856E-07
0.69500000000000006,0.15,-2.9204E-09,3.1807E-09,7.2500000000000008E-12,3.1902E-07,-3.191E-07
0.70000000000000007,0.15,-3.0637E-09,3.3217E-09,-1.2370000000000002E-11,3.189E-07,-3.1914E-07
0.70500000000000007,0.15,-3.2121E-09,3.4725E-09,-4.73E-12,3.1898E-07,-3.1928E-07
0.71000000000000008,0.15,-3.3653E-09,3.6215E-09,6.6E-12,3.1893999999999997E-07,-3.1912E-07
0.71500000000000008,0.15,-3.5279E-09,3.7844E-09,-8.13E-12,3.1893999999999997E-07,-3.1928E-07
0.72000000000000008,0.15,-3.6972E-09,3.9549E-09,1.4300000000000002E-12,3.1898E-07,-3.1928E-07
0.72500000000000009,0.15,-3.8665E-09,4.1214E-09,1.179E-11,3.191E-07,-3.1932E-07
0.73,0.15,-4.044E-09,4.3078E-09,1.2900000000000002E-12,3.1865999999999997E-07,-3.1932E-07
0.735,0.15,-4.2305E-09,4.4859E-09,-8.62E-12,3.1906E-07,-3.1921999999999997E-07
0.74,0.15,-4.4317E-09,4.688E-09,8.1000000000000008E-13,3.1912E-07,-3.1932E-07
0.745,0.15,-4.6296E-09,4.8852E-09,-1.6100000000000002E-12,3.191E-07,-3.193E-07
0.75,0.15,-4.8407E-09,5.1014E-09,-5.8E-12,3.1907999999999997E-07,-3.1924E-07
0.755,0.15,-5.0565E-09,5.3223E-09,-2.3000000000000003E-13,3.1902E-07,-3.1928E-07
0.76,0.15,-5.2941E-09,5.5508E-09,4.38E-12,3.1904E-07,-3.1912E-07
0.765,0.15,-5.5188E-09,5.7821E-09,-1.3400000000000002E-12,3.1902E-07,-3.1921999999999997E-07
0.77,0.15,-5.7733E-09,6.0374E-09,-4.46E-12,3.1902E-07,-3.1924E-07
0.775,0.15,-6.0155E-09,6.2868E-09,5.7300000000000008E-12,3.19E-07,-3.1918E-07
0.78,0.15,-6.3024E-09,6.5567E-09,-3.2900000000000003E-12,3.1906E-07,-3.193E-07
0.785,0.15,-6.5771E-09,6.8428E-09,4.57E-12,3.1907999999999997E-07,-3.1921999999999997E-07
0.79,0.15,-6.8745E-09,7.1331E-09,1.64E-12,3.1898E-07,-3.1924E-07
0.795,0.15,-7.1795E-09,7.4391E-09,-6.7700000000000004E-12,3.1896E-07,-3.1918E-07
0.8,0.15,-7.4805999999999992E-09,7.7459E-09,5.63E-12,3.1902E-07,-3.1934E-07
0.805,0.15,-7.824E-09,8.0882E-09,7.100000000000001E-13,3.1906E-07,-3.1928E-07
0.81,0.15,-8.1661E-09,8.4247E-09,-5.58E-12,3.1907999999999997E-07,-3.1926E-07
0.81500000000000006,0.15,-8.5253E-09,8.7863E-09,-1.3500000000000001E-12,3.1902E-07,-3.1932E-07
0.82000000000000006,0.15,-8.8827E-09,9.1477E-09,6.2900000000000009E-12,3.1906E-07,-3.1926E-07
0.82500000000000007,0.15,-9.2782E-09,9.5447E-09,-6.1800000000000007E-12,3.183E-07,-3.185E-07
0.83000000000000007,0.15,-9.688E-09,9.9496E-09,-4.77E-12,3.19E-07,-3.1928E-07
0.83500000000000008,0.15,-1.01254E-08,1.03716E-08,5.7100000000000005E-12,3.19E-07,-3.1924E-07
0.84000000000000008,0.15,-1.05517E-08,1.08161E-08,2.3800000000000004E-12,3.1902E-07,-3.1926E-07
0.84500000000000008,0.15,-1.1036E-08,1.12918E-08,-5.4000000000000004E-12,3.19E-07,-3.193E-07
0.85000000000000009,0.15,-1.1477599999999999E-08,1.1796799999999999E-08,-5.38E-12,3.19E-07,-3.1934E-07
0.85500000000000009,0.15,-1.1978199999999999E-08,1.2297599999999999E-08,4.13E-12,3.1906E-07,-3.1934E-07
0.86,0.15,-1.2500199999999999E-08,1.2818199999999999E-08,-1.353E-11,3.1906E-07,-3.1928E-07
0.865,0.15,-1.30586E-08,1.3363799999999999E-08,2.6800000000000003E-12,3.1906E-07,-3.1924E-07
0.87,0.15,-1.3616199999999999E-08,1.3935399999999999E-08,-3.8300000000000004E-12,3.1906E-07,-3.193E-07
0.875,0.15,-1.4204999999999999E-08,1.4532399999999999E-08,3.2E-12,3.1904E-07,-3.1932E-07
0.88,0.15,-1.4833799999999998E-08,1.5157799999999998E-08,1.2900000000000002E-12,3.1907999999999997E-07,-3.1924E-07
0.885,0.15,-1.54872E-08,1.5809999999999997E-08,-4.72E-12,3.1902E-07,-3.1928E-07
0.89,0.15,-1.61776E-08,1.6492E-08,-4.7000000000000006E-12,3.19E-07,-3.193E-07
0.895,0.15,-1.6889999999999998E-08,1.71956E-08,1.1830000000000001E-11,3.1907999999999997E-07,-3.1938E-07
0.9,0.15,-1.7624999999999997E-08,1.7937799999999997E-08,-6.35E-12,3.1904E-07,-3.1934E-07
-0.3,0.3,1.7309E-09,-1.0149E-09,5.7600000000000005E-12,3.189E-07,-3.1977999999999997E-07
-0.29500000000000004,0.3,1.7393E-09,-9.8695E-10,-3.0000000000000003E-13,3.1906E-07,-3.198E-07
-0.29000000000000004,0.3,1.7172E-09,-9.6305E-10,1.5400000000000001E-12,3.186E-07,-3.1912E-07
-0.28500000000000003,0.3,1.6763E-09,-9.3885000000000012E-10,-7.44E-12,3.1906E-07,-3.1972E-07
-0.28,0.3,1.6522E-09,-9.167E-10,-2.4800000000000003E-12,3.19E-07,-3.1972E-07
-0.275,0.3,1.6464E-09,-8.9013000000000011E-10,1.12E-12,3.1904E-07,-3.1977999999999997E-07
-0.27,0.3,1.6134E-09,-8.6848000000000009E-10,1.04E-12,3.1904E-07,-3.1972E-07
-0.265,0.3,1.5797E-09,-8.4891E-10,2.49E-12,3.19E-07,-3.1977999999999997E-07
-0.26,0.3,1.5796E-09,-8.235000000000001E-10,7E-14,3.19E-07,-3.1974E-07
-0.255,0.3,1.558E-09,-8.0608000000000007E-10,2.6600000000000004E-12,3.1912E-07,-3.197E-07
-0.25,0.3,1.5109E-09,-7.8302000000000005E-10,-3.2600000000000002E-12,3.1893999999999997E-07,-3.1974E-07
-0.24500000000000002,0.3,1.4981E-09,-7.6599000000000006E-10,1.22E-12,3.1893999999999997E-07,-3.197E-07
-0.24000000000000002,0.3,1.5035E-09,-7.4492E-10,5.74E-12,3.1902E-07,-3.1976E-07
-0.23500000000000001,0.3,1.4657E-09,-7.2481000000000011E-10,-4.72E-12,3.19E-07,-3.1977999999999997E-07
-0.23,0.3,1.4419E-09,-7.0681000000000006E-10,-5.2600000000000006E-12,3.1893999999999997E-07,-3.1977999999999997E-07
-0.225,0.3,1.4643E-09,-6.891E-10,7.06E-12,3.191E-07,-3.197E-07
-0.22,0.3,1.4287E-09,-6.6936000000000005E-10,-5.43E-12,3.1893999999999997E-07,-3.1972E-07
-0.215,0.3,1.4051E-09,-6.5404E-10,-4.6400000000000004E-12,3.1893999999999997E-07,-3.1963999999999997E-07
-0.21000000000000002,0.3,1.3813E-09,-6.352E-10,8.36E-12,3.1904E-07,-3.1972E-07
-0.20500000000000002,0.3,1.3551E-09,-6.2080000000000007E-10,-2.3000000000000003E-13,3.1896E-07,-3.197E-07
-0.2,0.3,1.3585E-09,-6.0165000000000009E-10,-4.1500000000000007E-12,3.1896E-07,-3.1974E-07
-0.195,0.3,1.3482E-09,-5.8655E-10,5.1E-13,3.1904E-07,-3.198E-07
-0.19,0.3,1.3333E-09,-5.7226E-10,6.3800000000000007E-12,3.19E-07,-3.1906E-07
-0.185,0.3,1.2858E-09,-5.5391E-10,-3.48E-12,3.19E-07,-3.1966E-07
-0.18000000000000002,0.3,1.2815E-09,-5.4067000000000006E-10,-5.7300000000000008E-12,3.19E-07,-3.197E-07
-0.17500000000000002,0.3,1.2916E-09,-5.2664000000000005E-10,8.16E-12,3.1906E-07,-3.1972E-07
-0.17,0.3,1.2661E-09,-5.1115E-10,-1.3E-13,3.1898E-07,-3.1972E-07
-0.165,0.3,1.2363E-09,-4.9301E-10,-8.75E-12,3.1884E-07,-3.1958E-07
-0.16,0.3,1.2418E-09,-4.8483000000000007E-10,3.3100000000000002E-12,3.1906E-07,-3.197E-07
-0.155,0.3,1.2354E-09,-4.7376E-10,1.5E-12,3.1904E-07,-3.1977999999999997E-07
-0.15,0.3,1.2236E-09,-4.5491000000000003E-10,-1.1140000000000001E-11,3.1902E-07,-3.1977999999999997E-07
-0.14500000000000002,0.3,1.2049E-09,-4.4224E-10,4.1500000000000007E-12,3.1837999999999997E-07,-3.1972E-07
-0.14,0.3,1.2039E-09,-4.3455E-10,1.037E-11,3.1902E-07,-3.198E-07
-0.135,0.3,1.1841E-09,-4.1683000000000005E-10,-3.86E-12,3.1902E-07,-3.1972E-07
-0.13,0.3,1.1731E-09,-4.0924000000000003E-10,-3.1700000000000004E-12,3.1906E-07,-3.1976E-07
-0.125,0.3,1.1522E-09,-3.9508000000000005E-10,1.6300000000000001E-12,3.1896E-07,-3.197E-07
-0.12000000000000001,0.3,1.1407E-09,-3.8795000000000004E-10,3.18E-12,3.19E-07,-3.196E-07
-0.115,0.3,1.1394E-09,-3.6989000000000005E-10,-7.870000000000001E-12,3.1898E-07,-3.1976E-07
-0.11,0.3,1.1369E-09,-3.6016000000000003E-10,3.3100000000000002E-12,3.1846E-07,-3.1918E-07
-0.10500000000000001,0.3,1.1075E-09,-3.6093E-10,5.58E-12,3.1904E-07,-3.198E-07
-0.1,0.3,1.1105E-09,-3.3453000000000003E-10,-1.15E-11,3.19E-07,-3.1976E-07
-0.095,0.3,1.115E-09,-3.3467000000000004E-10,3.9000000000000005E-13,3.1893999999999997E-07,-3.1977999999999997E-07
-0.090000000000000011,0.3,1.0805E-09,-3.2186E-10,9.0100000000000014E-12,3.1844E-07,-3.197E-07
-0.085,0.3,1.0817E-09,-3.1444E-10,-1.8900000000000002E-12,3.1896E-07,-3.197E-07
-0.08,0.3,1.0615E-09,-2.9919000000000003E-10,-1.017E-11,3.19E-07,-3.1982E-07
-0.075,0.3,1.0607E-09,-2.9282000000000003E-10,-8.0000000000000013E-14,3.1907999999999997E-07,-3.1982E-07
-0.07,0.3,1.0639E-09,-2.8838000000000004E-10,2.5000000000000003E-12,3.1906E-07,-3.1972E-07
-0.065,0.3,1.053E-09,-2.7212000000000004E-10,-7.6900000000000014E-12,3.1888E-07,-3.1968E-07
-0.060000000000000005,0.3,1.0282E-09,-2.6421E-10,5.1E-13,3.19E-07,-3.1976E-07
-0.055,0.3,1.0279E-09,-2.5993E-10,5.5100000000000006E-12,3.1907999999999997E-07,-3.1974E-07
-0.05,0.3,1.0312E-09,-2.5137000000000003E-10,-2.0500000000000004E-12,3.1906E-07,-3.1977999999999997E-07
-0.045000000000000005,0.3,1.0124E-09,-2.4006E-10,-9.78E-12,3.1898E-07,-3.1972E-07
-0.04,0.3,1.0134E-09,-2.3464000000000003E-10,7.5700000000000011E-12,3.1916E-07,-3.1982E-07
-0.035,0.3,1.0083E-09,-2.2954000000000002E-10,3.35E-12,3.1906E-07,-3.1982E-07
-0.030000000000000002,0.3,1.0022E-09,-2.1613E-10,-1.057E-11,3.1914E-07,-3.1994E-07
-0.025,0.3,1.0138E-09,-2.1039E-10,-4.78E-12,3.1907999999999997E-07,-3.1988E-07
-0.02,0.3,9.906E-10,-2.0294000000000003E-10,-3.6900000000000006E-12,3.1912E-07,-3.1982E-07
-0.015000000000000001,0.3,9.944E-10,-2.0069E-10,1.0600000000000001E-11,3.191E-07,-3.1984E-07
-0.01,0.3,9.7878E-10,-1.8648E-10,-5.8000000000000005E-13,3.1912E-07,-3.1994E-07
-0.005,0.3,9.8018E-10,-1.8407000000000002E-10,2.4000000000000004E-13,3.1906E-07,-3.1982E-07
0,0.3,9.6583000000000017E-10,-1.7512E-10,-5.0500000000000005E-12,3.1904E-07,-3.1977999999999997E-07
0.005,0.3,9.5798E-10,-1.7007000000000001E-10,1.5700000000000002E-12,3.1916E-07,-3.1991999999999997E-07
0.01,0.3,9.5431E-10,-1.6076000000000002E-10,4.1900000000000005E-12,3.1907999999999997E-07,-3.1984E-07
0.015000000000000001,0.3,9.5069000000000016E-10,-1.5748E-10,-5.64E-12,3.1906E-07,-3.1982E-07
0.02,0.3,9.4895000000000012E-10,-1.4929E-10,2.64E-12,3.1907999999999997E-07,-3.1986E-07
0.025,0.3,9.4881000000000016E-10,-1.4173E-10,5.9100000000000005E-12,3.1907999999999997E-07,-3.1988E-07
0.030000000000000002,0.3,9.2261000000000008E-10,-1.3718E-10,2.9000000000000003E-13,3.1914E-07,-3.199E-07
0.035,0.3,9.0561E-10,-1.3306E-10,6.9000000000000009E-13,3.1912E-07,-3.199E-07
0.04,0.3,9.2304E-10,-1.2572E-10,7.9000000000000007E-13,3.1906E-07,-3.199E-07
0.045000000000000005,0.3,9.3053000000000009E-10,-1.2044E-10,4.7E-13,3.1912E-07,-3.1984E-07
0.05,0.3,9.0460000000000006E-10,-1.1663000000000002E-10,-1.27E-12,3.1916E-07,-3.1986E-07
0.055,0.3,9.0061000000000006E-10,-1.0876000000000001E-10,-6.2000000000000008E-13,3.1914E-07,-3.1984E-07
0.060000000000000005,0.3,9.0805000000000009E-10,-1.0161000000000001E-10,1.7600000000000002E-12,3.1918E-07,-3.1984E-07
0.065,0.3,9.1611000000000006E-10,-9.8720000000000009E-11,-6.7000000000000007E-13,3.1906E-07,-3.1988E-07
0.07,0.3,8.8931000000000011E-10,-9.6370000000000012E-11,-2.1200000000000003E-12,3.1906E-07,-3.199E-07
0.075,0.3,8.8856000000000008E-10,-8.5570000000000008E-11,3.0600000000000003E-12,3.1918E-07,-3.1984E-07
0.08,0.3,8.5956000000000008E-10,-8.7280000000000008E-11,1.5400000000000001E-12,3.1912E-07,-3.1988E-07
0.085,0.3,8.766900000000001E-10,-8.156E-11,-3.7300000000000005E-12,3.1906E-07,-3.1984E-07
0.090000000000000011,0.3,8.8292000000000009E-10,-7.623E-11,-1.9000000000000002E-13,3.1907999999999997E-07,-3.1984E-07
0.095,0.3,8.6116000000000005E-10,-6.8830000000000009E-11,1.4800000000000002E-12,3.1907999999999997E-07,-3.1986E-07
0.1,0.3,8.4503E-10,-6.7200000000000011E-11,4.21E-12,3.1907999999999997E-07,-3.1982E-07
0.10500000000000001,0.3,8.5479000000000011E-10,-6.6740000000000007E-11,-2E-13,3.191E-07,-3.1994E-07
0.11,0.3,8.6518000000000011E-10,-5.51E-11,-6.9500000000000009E-12,3.1912E-07,-3.199E-07
0.115,0.3,8.6130000000000012E-10,-5.9930000000000007E-11,7.2000000000000006E-13,3.1898E-07,-3.1982E-07
0.12000000000000001,0.3,8.2978000000000011E-10,-5.4030000000000006E-11,-2.5300000000000003E-12,3.1906E-07,-3.1984E-07
0.125,0.3,8.5271E-10,-5.2100000000000006E-11,-2.69E-12,3.1907999999999997E-07,-3.199E-07
0.13,0.3,8.5531E-10,-4.4330000000000004E-11,5.8E-12,3.1914E-07,-3.1984E-07
0.135,0.3,8.4265000000000008E-10,-4.679E-11,4.88E-12,3.191E-07,-3.1994E-07
0.14,0.3,8.263E-10,-4.2550000000000004E-11,-3.97E-12,3.1918E-07,-3.1991999999999997E-07
0.14500000000000002,0.3,8.1422000000000011E-10,-3.333E-11,-2.6500000000000002E-12,3.192E-07,-3.2004E-07
0.15,0.3,8.2562000000000009E-10,-3.976E-11,-1.5700000000000002E-12,3.1914E-07,-3.1984E-07
0.155,0.3,8.2156000000000011E-10,-3.404E-11,-5.65E-12,3.191E-07,-3.1977999999999997E-07
0.16,0.3,8.2325E-10,-3.14E-11,-6.7400000000000008E-12,3.1912E-07,-3.1988E-07
0.165,0.3,8.1162E-10,-2.7890000000000003E-11,1.6200000000000002E-12,3.1912E-07,-3.1982E-07
0.17,0.3,8.2335000000000006E-10,-3.0680000000000004E-11,1.2E-11,3.19E-07,-3.1986E-07
0.17500000000000002,0.3,8.1766E-10,-2.5480000000000002E-11,-7E-13,3.1904E-07,-3.199E-07
0.18000000000000002,0.3,8.1995E-10,-1.981E-11,-7.3E-13,3.1918E-07,-3.1988E-07
0.185,0.3,8.0938000000000005E-10,-2.513E-11,4E-12,3.1907999999999997E-07,-3.1984E-07
0.19,0.3,8.0732000000000006E-10,-2.2930000000000002E-11,-7.83E-12,3.1904E-07,-3.1988E-07
0.195,0.3,8.2788E-10,-1.6850000000000002E-11,-7.8600000000000008E-12,3.1907999999999997E-07,-3.1977999999999997E-07
0.2,0.3,8.0733E-10,-1.744E-11,1.9200000000000003E-12,3.1912E-07,-3.1986E-07
0.20500000000000002,0.3,8.0118E-10,-1.8890000000000002E-11,7.1400000000000007E-12,3.191E-07,-3.1988E-07
0.21000000000000002,0.3,7.9354E-10,-1.3690000000000002E-11,-4.42E-12,3.191E-07,-3.1986E-07
0.215,0.3,7.9983E-10,-1.0730000000000001E-11,-2.5E-13,3.1907999999999997E-07,-3.1982E-07
0.22,0.3,8.0778000000000008E-10,-1.5560000000000002E-11,5.3200000000000008E-12,3.1914E-07,-3.198E-07
0.225,0.3,7.9211000000000007E-10,-1.2980000000000002E-11,-5.1700000000000008E-12,3.1904E-07,-3.1972E-07
0.23,0.3,7.9149E-10,-7.73E-12,-6.7900000000000008E-12,3.1907999999999997E-07,-3.192E-07
0.23500000000000001,0.3,7.794700000000001E-10,-9.0000000000000012E-12,4.1000000000000007E-12,3.1907999999999997E-07,-3.1984E-07
0.24000000000000002,0.3,7.626E-10,-1.301E-11,6.1E-12,3.1918E-07,-3.1984E-07
0.24500000000000002,0.3,7.9273E-10,-4.89E-12,-7.5600000000000009E-12,3.184E-07,-3.1928E-07
0.25,0.3,7.9834000000000006E-10,-4.37E-12,2.14E-12,3.1912E-07,-3.1984E-07
0.255,0.3,7.9641E-10,-8.14E-12,8.05E-12,3.1916E-07,-3.1988E-07
0.26,0.3,7.8101000000000008E-10,-5.5200000000000007E-12,-8.580000000000001E-12,3.1906E-07,-3.1982E-07
0.265,0.3,7.7228E-10,-4E-13,-7.07E-12,3.1907999999999997E-07,-3.198E-07
0.27,0.3,7.7892E-10,-5.79E-12,3.6200000000000003E-12,3.191E-07,-3.1986E-07
0.275,0.3,7.8644E-10,-2.6600000000000004E-12,5.02E-12,3.189E-07,-3.1977999999999997E-07
0.28,0.3,7.7584000000000008E-10,-2.9400000000000004E-12,-4.18E-12,3.1902E-07,-3.1972E-07
0.28500000000000003,0.3,7.8260000000000007E-10,2.9400000000000004E-12,3.1600000000000003E-12,3.1907999999999997E-07,-3.1982E-07
0.29000000000000004,0.3,7.5316E-10,-6.3900000000000008E-12,1.127E-11,3.1898E-07,-3.1977999999999997E-07
0.29500000000000004,0.3,7.7254000000000011E-10,1.1100000000000001E-12,-9.04E-12,3.1896E-07,-3.197E-07
0.3,0.3,7.8257E-10,2.9E-12,-7.1900000000000007E-12,3.1907999999999997E-07,-3.198E-07
0.305,0.3,7.8325000000000006E-10,-1.9400000000000002E-12,4.07E-12,3.1842E-07,-3.1966E-07
0.31,0.3,7.6593000000000006E-10,1.5600000000000002E-12,-4.9E-13,3.1907999999999997E-07,-3.198E-07
0.315,0.3,7.7352E-10,4.84E-12,-5.04E-12,3.19E-07,-3.1972E-07
0.32,0.3,7.8183000000000008E-10,3.58E-12,5.9300000000000008E-12,3.19E-07,-3.198E-07
0.325,0.3,7.7565000000000011E-10,6.400000000000001E-13,1.097E-11,3.1902E-07,-3.1972E-07
0.33,0.3,7.6122000000000009E-10,2.37E-12,-8.1000000000000014E-12,3.1902E-07,-3.1977999999999997E-07
0.335,0.3,7.389600000000001E-10,8.5000000000000013E-12,-4.42E-12,3.1898E-07,-3.198E-07
0.34,0.3,7.8243000000000006E-10,5.9E-13,6.5400000000000008E-12,3.1902E-07,-3.1974E-07
0.34500000000000003,0.3,7.7904E-10,6.3400000000000009E-12,-4.13E-12,3.1906E-07,-3.1972E-07
0.35000000000000003,0.3,7.6326E-10,8.05E-12,-8.82E-12,3.19E-07,-3.1974E-07
0.35500000000000004,0.3,7.6105000000000008E-10,5.5700000000000007E-12,3.7300000000000005E-12,3.1893999999999997E-07,-3.1972E-07
0.36000000000000004,0.3,7.8363E-10,1.089E-11,7.9E-12,3.19E-07,-3.1982E-07
0.365,0.3,7.7216E-10,7.21E-12,-3.1900000000000003E-12,3.19E-07,-3.1977999999999997E-07
0.37,0.3,7.7754000000000009E-10,1.4090000000000002E-11,-2.0000000000000003E-14,3.1904E-07,-3.1976E-07
0.375,0.3,7.6651000000000008E-10,3.67E-12,5.44E-12,3.1906E-07,-3.1972E-07
0.38,0.3,7.755400000000001E-10,1.1410000000000001E-11,-8.7000000000000013E-12,3.1902E-07,-3.197E-07
0.385,0.3,7.6735E-10,1.539E-11,-6.5200000000000005E-12,3.1904E-07,-3.198E-07
0.39,0.3,7.5344E-10,1.0000000000000001E-11,1.2680000000000002E-11,3.1904E-07,-3.198E-07
0.395,0.3,7.6214E-10,1.7270000000000002E-11,4.37E-12,3.1896E-07,-3.1982E-07
0.4,0.3,7.5678E-10,1.352E-11,-7.9E-12,3.1902E-07,-3.199E-07
0.405,0.3,7.5281E-10,2.0090000000000002E-11,-1.8000000000000002E-12,3.1907999999999997E-07,-3.1972E-07
0.41000000000000003,0.3,7.6005000000000008E-10,1.2320000000000001E-11,2.7100000000000004E-12,3.1916E-07,-3.198E-07
0.41500000000000004,0.3,7.3137E-10,2.1170000000000003E-11,-9.05E-12,3.1898E-07,-3.1977999999999997E-07
0.42000000000000004,0.3,7.5707000000000005E-10,2.376E-11,-1.9400000000000002E-12,3.1906E-07,-3.1984E-07
0.42500000000000004,0.3,7.6843000000000011E-10,1.808E-11,8.3700000000000009E-12,3.1914E-07,-3.1984E-07
0.43,0.3,7.4242E-10,2.2950000000000002E-11,3.23E-12,3.1902E-07,-3.1977999999999997E-07
0.435,0.3,7.3901E-10,2.7010000000000002E-11,-8.46E-12,3.19E-07,-3.1976E-07
0.44,0.3,7.4897E-10,2.509E-11,4.1500000000000007E-12,3.1906E-07,-3.1976E-07
0.445,0.3,7.6999E-10,2.9000000000000003E-11,8.92E-12,3.1906E-07,-3.198E-07
0.45,0.3,7.2329000000000009E-10,3.304E-11,-8.4900000000000012E-12,3.1902E-07,-3.1976E-07
0.455,0.3,7.3473000000000011E-10,3.303E-11,-1.96E-12,3.1902E-07,-3.198E-07
0.46,0.3,7.412500000000001E-10,3.328E-11,6.61E-12,3.1902E-07,-3.198E-07
0.465,0.3,7.2297E-10,3.7560000000000004E-11,1.4E-13,3.19E-07,-3.1984E-07
0.47000000000000003,0.3,7.3083E-10,4.2810000000000005E-11,-3.63E-12,3.1912E-07,-3.1914E-07
0.47500000000000003,0.3,7.2943E-10,4.1680000000000005E-11,4.33E-12,3.1914E-07,-3.1996E-07
0.48000000000000004,0.3,7.3351000000000009E-10,4.516E-11,1.6E-12,3.192E-07,-3.1996E-07
0.48500000000000004,0.3,7.1983000000000009E-10,4.7840000000000006E-11,-8.52E-12,3.1907999999999997E-07,-3.199E-07
0.49000000000000005,0.3,7.1996000000000007E-10,5.2320000000000006E-11,-1.7000000000000002E-12,3.1906E-07,-3.1986E-07
0.49500000000000005,0.3,7.0789E-10,5.4690000000000007E-11,9.12E-12,3.1914E-07,-3.1977999999999997E-07
0.5,0.3,7.0347000000000005E-10,5.816E-11,1.0100000000000001E-12,3.1904E-07,-3.1974E-07
0.505,0.3,7.0492000000000008E-10,6.3650000000000008E-11,-7.2000000000000008E-12,3.1906E-07,-3.1976E-07
0.51,0.3,6.9243000000000006E-10,6.435E-11,4.3500000000000006E-12,3.1906E-07,-3.1982E-07
0.515,0.3,6.9671000000000007E-10,7.0320000000000009E-11,-8.9E-13,3.1902E-07,-3.1968E-07
0.52,0.3,6.932300000000001E-10,7.893E-11,-4.31E-12,3.19E-07,-3.1972E-07
0.525,0.3,6.727400000000001E-10,8.0680000000000012E-11,4.3000000000000007E-12,3.1904E-07,-3.1976E-07
0.53,0.3,6.7058000000000008E-10,8.737E-11,6.8800000000000006E-12,3.1914E-07,-3.1918E-07
0.535,0.3,6.745600000000001E-10,9.0440000000000013E-11,-1.9700000000000003E-12,3.1907999999999997E-07,-3.1984E-07
0.54,0.3,6.5905E-10,9.687000000000001E-11,-3.2900000000000003E-12,3.1906E-07,-3.1977999999999997E-07
0.545,0.3,6.4501E-10,1.0466E-10,6E-12,3.1912E-07,-3.1976E-07
0.55,0.3,6.7159000000000006E-10,1.1090000000000001E-10,1.96E-12,3.1902E-07,-3.1976E-07
0.555,0.3,6.527800000000001E-10,1.2082E-10,-4.5500000000000006E-12,3.1907999999999997E-07,-3.1984E-07
0.56,0.3,6.621700000000001E-10,1.2360000000000002E-10,-5.6800000000000008E-12,3.1904E-07,-3.1974E-07
0.56500000000000006,0.3,6.4166E-10,1.3715E-10,1E-12,3.1907999999999997E-07,-3.1977999999999997E-07
0.57000000000000006,0.3,6.2621000000000005E-10,1.4438000000000002E-10,-1.0500000000000002E-12,3.1898E-07,-3.1974E-07
0.57500000000000007,0.3,6.1431E-10,1.5308E-10,1.09E-12,3.19E-07,-3.1972E-07
0.58000000000000007,0.3,6.0463E-10,1.6653000000000002E-10,7.1900000000000007E-12,3.1907999999999997E-07,-3.197E-07
0.58500000000000008,0.3,5.9213E-10,1.7140000000000002E-10,-8.0000000000000013E-14,3.1904E-07,-3.1972E-07
0.59000000000000008,0.3,5.8309E-10,1.8719E-10,-3.4200000000000004E-12,3.1893999999999997E-07,-3.197E-07
0.595,0.3,5.7888000000000007E-10,1.9501E-10,-9.3E-13,3.1884E-07,-3.1976E-07
0.6,0.3,5.5873E-10,2.1873000000000003E-10,3.05E-12,3.191E-07,-3.1977999999999997E-07
0.605,0.3,5.3854000000000009E-10,2.21E-10,1.51E-12,3.1902E-07,-3.1976E-07
0.61,0.3,5.2515E-10,2.4094E-10,-4.89E-12,3.19E-07,-3.1982E-07
0.615,0.3,5.0747E-10,2.5937E-10,-1.2800000000000002E-12,3.1914E-07,-3.1982E-07
0.62,0.3,4.8873E-10,2.7193E-10,-8.2E-13,3.1906E-07,-3.1977999999999997E-07
0.625,0.3,4.7555000000000008E-10,2.9021E-10,3.6800000000000005E-12,3.189E-07,-3.1912E-07
0.63,0.3,4.6056E-10,3.1024E-10,-1.09E-12,3.1907999999999997E-07,-3.1977999999999997E-07
0.635,0.3,4.4645000000000005E-10,3.3144000000000005E-10,1.22E-12,3.1914E-07,-3.1982E-07
0.64,0.3,4.0986E-10,3.4850000000000004E-10,2.8E-13,3.1902E-07,-3.1977999999999997E-07
0.645,0.3,3.9083000000000003E-10,3.7405E-10,-3.6200000000000003E-12,3.1893999999999997E-07,-3.1974E-07
0.65,0.3,3.4558E-10,3.9919000000000005E-10,3.18E-12,3.1902E-07,-3.1966E-07
0.655,0.3,3.3675E-10,4.2638000000000003E-10,4.0900000000000005E-12,3.19E-07,-3.1972E-07
0.66,0.3,2.9764E-10,4.4270000000000003E-10,2.46E-12,3.1902E-07,-3.1974E-07
0.665,0.3,2.6931E-10,4.8243000000000006E-10,-7.3700000000000011E-12,3.1896E-07,-3.1976E-07
0.67,0.3,2.6013E-10,5.0552E-10,-1.36E-12,3.1902E-07,-3.1976E-07
0.675,0.3,2.2937E-10,5.3685000000000006E-10,3.4500000000000004E-12,3.1902E-07,-3.1976E-07
0.68,0.3,1.8957000000000002E-10,5.7226E-10,-3.2600000000000002E-12,3.1898E-07,-3.1976E-07
0.685,0.3,1.6017E-10,6.1024000000000006E-10,3.4500000000000004E-12,3.19E-07,-3.1982E-07
0.69000000000000006,0.3,1.221E-10,6.4558000000000006E-10,4.1000000000000007E-12,3.1906E-07,-3.1977999999999997E-07
0.69500000000000006,0.3,9.545E-11,6.731500000000001E-10,6.7000000000000007E-13,3.19E-07,-3.1972E-07
0.70000000000000007,0.3,6.008E-11,7.3245000000000009E-10,-2.6300000000000003E-12,3.1906E-07,-3.198E-07
0.70500000000000007,0.3,4.47E-12,7.6024000000000005E-10,3.92E-12,3.1902E-07,-3.1977999999999997E-07
0.71000000000000008,0.3,-6.57E-11,8.1054000000000008E-10,2.6100000000000004E-12,3.191E-07,-3.1977999999999997E-07
0.71500000000000008,0.3,-9.8600000000000014E-11,8.5536E-10,-9.7900000000000009E-12,3.19E-07,-3.198E-07
0.72000000000000008,0.3,-1.3134E-10,9.0549E-10,-3.97E-12,3.1904E-07,-3.1977999999999997E-07
0.72500000000000009,0.3,-1.9872E-10,9.5790000000000018E-10,3.67E-12,3.1906E-07,-3.1976E-07
0.73,0.3,-2.4338000000000004E-10,1.00754E-09,7.5E-13,3.191E-07,-3.1976E-07
0.735,0.3,-3.3670000000000004E-10,1.0729E-09,-5.4E-13,3.1906E-07,-3.1982E-07
0.74,0.3,-3.7037000000000004E-10,1.12468E-09,5.69E-12,3.1896E-07,-3.1972E-07
0.745,0.3,-4.2618E-10,1.1867E-09,6.21E-12,3.1844E-07,-3.198E-07
0.75,0.3,-5.0302000000000009E-10,1.2492E-09,6.97E-12,3.191E-07,-3.1974E-07
0.755,0.3,-5.8132E-10,1.3225E-09,-8.2900000000000012E-12,3.1896E-07,-3.1972E-07
0.76,0.3,-6.3484000000000005E-10,1.3928E-09,-3.8900000000000006E-12,3.1904E-07,-3.197E-07
0.765,0.3,-6.6982000000000007E-10,1.4611E-09,4.5500000000000006E-12,3.1907999999999997E-07,-3.1974E-07
0.77,0.3,-7.7698E-10,1.5360999999999999E-09,-6.35E-12,3.1902E-07,-3.1963999999999997E-07
0.775,0.3,-8.4196000000000006E-10,1.6218E-09,-3.9400000000000006E-12,3.19E-07,-3.1962E-07
0.78,0.3,-9.3165E-10,1.6996E-09,8.74E-12,3.1906E-07,-3.1976E-07
0.785,0.3,-1.0195E-09,1.7819E-09,1.3900000000000001E-12,3.19E-07,-3.1976E-07
0.79,0.3,-1.1050900000000002E-09,1.8761E-09,-4.92E-12,3.1906E-07,-3.1984E-07
0.795,0.3,-1.207E-09,1.9734E-09,-4.72E-12,3.19E-07,-3.1977999999999997E-07
0.8,0.3,-1.3203E-09,2.0692E-09,3.56E-12,3.19E-07,-3.197E-07
0.805,0.3,-1.4299E-09,2.1612E-09,3.9000000000000005E-13,3.1896E-07,-3.1976E-07
0.81,0.3,-1.4962E-09,2.2724E-09,-2.7100000000000004E-12,3.1912E-07,-3.197E-07
0.81500000000000006,0.3,-1.6101E-09,2.3841E-09,2.97E-12,3.1902E-07,-3.1976E-07
0.82000000000000006,0.3,-1.7347E-09,2.4888E-09,2.4000000000000003E-12,3.1902E-07,-3.1921999999999997E-07
0.82500000000000007,0.3,-1.8569999999999999E-09,2.6099E-09,-9.2000000000000012E-13,3.1904E-07,-3.197E-07
0.83000000000000007,0.3,-1.9742E-09,2.7326E-09,1.8700000000000003E-12,3.2022E-07,-3.2086E-07
0.83500000000000008,0.3,-2.105E-09,2.8607E-09,-3.1900000000000003E-12,3.2019999999999997E-07,-3.2096E-07
0.84000000000000008,0.3,-2.2186E-09,2.9837E-09,-1.6E-12,3.2014E-07,-3.2094E-07
0.84500000000000008,0.3,-2.3614E-09,3.1306E-09,2.8100000000000003E-12,3.2022E-07,-3.2102E-07
0.85000000000000009,0.3,-2.4999E-09,3.2705E-09,3.5000000000000004E-12,3.2022E-07,-3.21E-07
0.85500000000000009,0.3,-2.6685E-09,3.4164E-09,-5.8300000000000008E-12,3.2019999999999997E-07,-3.2089999999999997E-07
0.86,0.3,-2.8033E-09,3.568E-09,-1.07E-12,3.2026E-07,-3.2096E-07
0.865,0.3,-2.9599E-09,3.723E-09,4.47E-12,3.2028E-07,-3.2106E-07
0.87,0.3,-3.132E-09,3.8926E-09,-9.06E-12,3.2028E-07,-3.21E-07
0.875,0.3,-3.3153E-09,4.0696E-09,-2.1000000000000003E-12,3.2022E-07,-3.2108E-07
0.88,0.3,-3.4705E-09,4.2413E-09,9.1800000000000009E-12,3.203E-07,-3.2102E-07
0.885,0.3,-3.6617E-09,4.4379E-09,-1.5400000000000001E-12,3.2024E-07,-3.2098E-07
0.89,0.3,-3.865E-09,4.6257E-09,-4.16E-12,3.2019999999999997E-07,-3.2088E-07
0.895,0.3,-4.0768E-09,4.8285E-09,6.91E-12,3.2022E-07,-3.2088E-07
0.9,0.3,-4.2693E-09,5.0376E-09,1.2000000000000001E-12,3.2026E-07,-3.21E-07
-0.3,0.45,3.6177E-09,-1.8942E-09,1.69E-12,3.2026E-07,-3.22E-07
-0.29500000000000004,0.45,3.5993999999999998E-09,-1.8582E-09,5.5E-12,3.2026E-07,-3.2196E-07
-0.29000000000000004,0.45,3.5568E-09,-1.8148E-09,-4.5900000000000004E-12,3.2026E-07,-3.219E-07
-0.28500000000000003,0.45,3.4987E-09,-1.7698E-09,-1.41E-12,3.2026E-07,-3.22E-07
-0.28,0.45,3.4731E-09,-1.7416E-09,1.0510000000000001E-11,3.2033999999999997E-07,-3.219E-07
-0.275,0.45,3.3806E-09,-1.6993E-09,-1.4700000000000002E-12,3.2019999999999997E-07,-3.2192E-07
-0.27,0.45,3.392E-09,-1.6608E-09,-8.03E-12,3.2022E-07,-3.2192E-07
-0.265,0.45,3.3631E-09,-1.6254E-09,2.14E-12,3.2022E-07,-3.219E-07
-0.26,0.45,3.2982E-09,-1.5948E-09,-2.29E-12,3.2016E-07,-3.219E-07
-0.255,0.45,3.3099E-09,-1.5535E-09,-2.6100000000000004E-12,3.2019999999999997E-07,-3.2196E-07
-0.25,0.45,3.2477E-09,-1.5229E-09,-2.0000000000000003E-14,3.2028E-07,-3.2198E-07
-0.24500000000000002,0.45,3.2383E-09,-1.4879E-09,2.18E-12,3.2014E-07,-3.2186E-07
-0.24000000000000002,0.45,3.1459E-09,-1.4595E-09,1.4700000000000002E-12,3.2022E-07,-3.2192E-07
-0.23500000000000001,0.45,3.1452E-09,-1.4211E-09,8.2E-13,3.2024E-07,-3.2187999999999997E-07
-0.23,0.45,3.0936E-09,-1.393E-09,3.4200000000000004E-12,3.2026E-07,-3.219E-07
-0.225,0.45,3.0682E-09,-1.3605E-09,-4.2000000000000007E-12,3.2019999999999997E-07,-3.219E-07
-0.22,0.45,3.034E-09,-1.3299E-09,2.95E-12,3.2018E-07,-3.2196E-07
-0.215,0.45,3.0333E-09,-1.2991E-09,-2.6800000000000003E-12,3.2024E-07,-3.219E-07
-0.21000000000000002,0.45,3.0072E-09,-1.2677E-09,-8.11E-12,3.2022E-07,-3.2192E-07
-0.20500000000000002,0.45,2.9736E-09,-1.2434E-09,1.69E-12,3.2022E-07,-3.2186E-07
-0.2,0.45,2.9276E-09,-1.2103E-09,3.9900000000000006E-12,3.2024E-07,-3.218E-07
-0.195,0.45,2.9069E-09,-1.1848E-09,-5.54E-12,3.2019999999999997E-07,-3.2187999999999997E-07
-0.19,0.45,2.8999E-09,-1.1549E-09,5E-14,3.2026E-07,-3.2186E-07
-0.185,0.45,2.8738E-09,-1.1326E-09,9.5200000000000014E-12,3.2022E-07,-3.2198E-07
-0.18000000000000002,0.45,2.8485E-09,-1.0995E-09,-5.39E-12,3.2019999999999997E-07,-3.2187999999999997E-07
-0.17500000000000002,0.45,2.8007E-09,-1.0775E-09,-2.4800000000000003E-12,3.2024E-07,-3.2198E-07
-0.17,0.45,2.7859E-09,-1.0515E-09,5.1200000000000008E-12,3.2028E-07,-3.219E-07
-0.165,0.45,2.7502E-09,-1.029E-09,-3.6800000000000005E-12,3.2026E-07,-3.2196E-07
-0.16,0.45,2.7158E-09,-1.0017E-09,6.0000000000000007E-13,3.2024E-07,-3.2194E-07
-0.155,0.45,2.6732E-09,-9.7817000000000015E-10,-5.3500000000000004E-12,3.2026E-07,-3.2198E-07
-0.15,0.45,2.6579E-09,-9.5377000000000011E-10,4.3900000000000005E-12,3.2022E-07,-3.2201999999999997E-07
-0.14500000000000002,0.45,2.6308E-09,-9.3568E-10,2.28E-12,3.2026E-07,-3.219E-07
-0.14,0.45,2.6246E-09,-9.0603E-10,-8.02E-12,3.2019999999999997E-07,-3.219E-07
-0.135,0.45,2.5533E-09,-8.8653E-10,-1.9E-12,3.2047999999999997E-07,-3.221E-07
-0.13,0.45,2.6571E-09,-8.6423E-10,9.0000000000000012E-12,3.2026E-07,-3.2198E-07
-0.125,0.45,2.5825E-09,-8.4600000000000008E-10,-3.4100000000000002E-12,3.2016E-07,-3.2194E-07
-0.12000000000000001,0.45,2.5346E-09,-8.162800000000001E-10,-8.82E-12,3.2019999999999997E-07,-3.2201999999999997E-07
-0.115,0.45,2.5001E-09,-8.0368000000000006E-10,7.72E-12,3.2019999999999997E-07,-3.2192E-07
-0.11,0.45,2.5293E-09,-7.812900000000001E-10,2.7000000000000002E-12,3.2028E-07,-3.2196E-07
-0.10500000000000001,0.45,2.5007E-09,-7.5853000000000007E-10,-1.118E-11,3.2019999999999997E-07,-3.2196E-07
-0.1,0.45,2.4586999999999998E-09,-7.3979000000000009E-10,6.0000000000000007E-13,3.2016E-07,-3.2192E-07
-0.095,0.45,2.4652E-09,-7.2514E-10,6.65E-12,3.2022E-07,-3.2187999999999997E-07
-0.090000000000000011,0.45,2.4159E-09,-7.022700000000001E-10,-2.92E-12,3.2018E-07,-3.219E-07
-0.085,0.45,2.413E-09,-6.7883E-10,3.4900000000000003E-12,3.2026E-07,-3.2204E-07
-0.08,0.45,2.3817E-09,-6.7243E-10,8.070000000000001E-12,3.2022E-07,-3.2184E-07
-0.075,0.45,2.3636E-09,-6.4811E-10,-2.14E-12,3.2026E-07,-3.2184E-07
-0.07,0.45,2.3549E-09,-6.3165000000000009E-10,-9.2200000000000015E-12,3.2024E-07,-3.2186E-07
-0.065,0.45,2.34E-09,-6.1422000000000008E-10,8.1000000000000008E-13,3.2026E-07,-3.2192E-07
-0.060000000000000005,0.45,2.3224E-09,-6.0260000000000007E-10,1.9000000000000002E-13,3.2022E-07,-3.2198E-07
-0.055,0.45,2.3186E-09,-5.8163000000000009E-10,-3.6200000000000003E-12,3.2022E-07,-3.2196E-07
-0.05,0.45,2.3036E-09,-5.6397000000000007E-10,4.89E-12,3.2028E-07,-3.2198E-07
-0.045000000000000005,0.45,2.3028E-09,-5.5654E-10,6.2700000000000005E-12,3.2016E-07,-3.2194E-07
-0.04,0.45,2.2554E-09,-5.3472E-10,-1.8100000000000002E-12,3.2016E-07,-3.219E-07
-0.035,0.45,2.2497E-09,-5.1936000000000006E-10,-4.63E-12,3.2026E-07,-3.219E-07
-0.030000000000000002,0.45,2.2201E-09,-5.0783E-10,-4.7E-13,3.2022E-07,-3.2186E-07
-0.025,0.45,2.2075E-09,-4.9675000000000007E-10,-7.970000000000001E-12,3.2019999999999997E-07,-3.2186E-07
-0.02,0.45,2.1953E-09,-4.7722E-10,-2.1200000000000003E-12,3.2026E-07,-3.2186E-07
-0.015000000000000001,0.45,2.1918E-09,-4.6759E-10,5.07E-12,3.2028E-07,-3.2198E-07
-0.01,0.45,2.2044E-09,-4.5366E-10,5.2200000000000008E-12,3.2026E-07,-3.2201999999999997E-07
-0.005,0.45,2.186E-09,-4.3977E-10,6.5200000000000005E-12,3.2026E-07,-3.2194E-07
0,0.45,2.1587E-09,-4.2718E-10,-5.3000000000000006E-13,3.2032E-07,-3.22E-07
0.005,0.45,2.1593E-09,-4.1529E-10,-5.9300000000000008E-12,3.2028E-07,-3.2194E-07
0.01,0.45,2.1362E-09,-4.0633000000000003E-10,-9.84E-12,3.2026E-07,-3.22E-07
0.015000000000000001,0.45,2.1494E-09,-3.9011E-10,1.64E-12,3.2019999999999997E-07,-3.2194E-07
0.02,0.45,2.0988E-09,-3.8032000000000004E-10,7.8000000000000011E-13,3.2024E-07,-3.2192E-07
0.025,0.45,2.1117E-09,-3.6877E-10,2.0000000000000003E-14,3.2024E-07,-3.2194E-07
0.030000000000000002,0.45,2.1142E-09,-3.5935E-10,8.63E-12,3.203E-07,-3.2194E-07
0.035,0.45,2.069E-09,-3.4749E-10,3.7900000000000006E-12,3.2022E-07,-3.2196E-07
0.04,0.45,2.1001E-09,-3.3732000000000003E-10,-8.6000000000000007E-13,3.2018E-07,-3.2186E-07
0.045000000000000005,0.45,2.0652E-09,-3.258E-10,-3.6000000000000003E-13,3.2022E-07,-3.2196E-07
0.05,0.45,2.0843E-09,-3.1820000000000005E-10,5.04E-12,3.2022E-07,-3.22E-07
0.055,0.45,2.0747E-09,-3.0798E-10,-1.0700000000000001E-11,3.2022E-07,-3.2204E-07
0.060000000000000005,0.45,2.0111E-09,-2.9556E-10,-5.48E-12,3.2022E-07,-3.2198E-07
0.065,0.45,2.0358E-09,-2.9000000000000003E-10,8.2000000000000014E-12,3.2024E-07,-3.2204E-07
0.07,0.45,2.0248E-09,-2.8039E-10,-1.21E-12,3.2016E-07,-3.2204E-07
0.075,0.45,2.0142E-09,-2.6795000000000004E-10,-2.7000000000000002E-12,3.201E-07,-3.2196E-07
0.08,0.45,1.9871E-09,-2.6298E-10,3.76E-12,3.2022E-07,-3.2192E-07
0.085,0.45,2.0411E-09,-2.5713E-10,2.79E-12,3.203E-07,-3.219E-07
0.090000000000000011,0.45,1.9914E-09,-2.4203000000000004E-10,-1.53E-11,3.2014E-07,-3.2196E-07
0.095,0.45,1.9841E-09,-2.3798000000000004E-10,-2.09E-12,3.2022E-07,-3.22E-07
0.1,0.45,2.0084E-09,-2.3159000000000002E-10,9.06E-12,3.201E-07,-3.219E-07
0.10500000000000001,0.45,1.9645E-09,-2.2232000000000001E-10,-1.4E-12,3.2022E-07,-3.2204E-07
0.11,0.45,2.0073E-09,-2.1368E-10,7.7000000000000005E-13,3.2019999999999997E-07,-3.219E-07
0.115,0.45,1.988E-09,-2.0984000000000002E-10,6.7300000000000006E-12,3.2022E-07,-3.2192E-07
0.12000000000000001,0.45,2.0064E-09,-2.0511E-10,4.6000000000000006E-13,3.2018E-07,-3.2194E-07
0.125,0.45,1.9467E-09,-1.9147E-10,-1.452E-11,3.2026E-07,-3.2201999999999997E-07
0.13,0.45,1.9683E-09,-1.8668000000000002E-10,2.2000000000000003E-12,3.2019999999999997E-07,-3.2194E-07
0.135,0.45,1.9751E-09,-1.8682E-10,4.84E-12,3.2026E-07,-3.2196E-07
0.14,0.45,1.9758E-09,-1.7022E-10,-8.75E-12,3.2022E-07,-3.2198E-07
0.14500000000000002,0.45,1.9619E-09,-1.6739E-10,3.5700000000000003E-12,3.2022E-07,-3.2204E-07
0.15,0.45,1.9732E-09,-1.6509000000000002E-10,6.65E-12,3.2022E-07,-3.2196E-07
0.155,0.45,1.9549E-09,-1.5709000000000002E-10,-3.2100000000000003E-12,3.2019999999999997E-07,-3.2194E-07
0.16,0.45,2.0164E-09,-1.4601000000000002E-10,-6.2900000000000009E-12,3.2018E-07,-3.2204E-07
0.165,0.45,1.983E-09,-1.4496E-10,7.52E-12,3.205E-07,-3.2204E-07
0.17,0.45,1.9186E-09,-1.4043E-10,2E-13,3.2019999999999997E-07,-3.2194E-07
0.17500000000000002,0.45,1.9768E-09,-1.3045E-10,-4.5400000000000004E-12,3.2016E-07,-3.221E-07
0.18000000000000002,0.45,1.9174E-09,-1.2602000000000002E-10,2.37E-12,3.2026E-07,-3.2198E-07
0.185,0.45,1.9324E-09,-1.2931000000000002E-10,3.4000000000000005E-12,3.2016E-07,-3.22E-07
0.19,0.45,1.9547E-09,-1.1467E-10,2.2000000000000002E-13,3.2014E-07,-3.2208E-07
0.195,0.45,1.9423E-09,-1.1441000000000001E-10,-3.8000000000000005E-13,3.2024E-07,-3.2192E-07
0.2,0.45,1.9015E-09,-1.0647000000000001E-10,2.9000000000000003E-13,3.2026E-07,-3.2204E-07
0.20500000000000002,0.45,1.9045E-09,-1.0597000000000001E-10,-5.6600000000000005E-12,3.2019999999999997E-07,-3.2201999999999997E-07
0.21000000000000002,0.45,1.9263E-09,-9.482E-11,-4.32E-12,3.2019999999999997E-07,-3.2196E-07
0.215,0.45,1.9111E-09,-9.239E-11,1.79E-12,3.2022E-07,-3.2204E-07
0.22,0.45,1.8839E-09,-9.2880000000000007E-11,6.400000000000001E-13,3.2022E-07,-3.2224E-07
0.225,0.45,1.917E-09,-8.3440000000000011E-11,2.69E-12,3.2028E-07,-3.2206E-07
0.23,0.45,1.9204E-09,-8.015E-11,1.93E-12,3.2026E-07,-3.2208E-07
0.23500000000000001,0.45,1.9048E-09,-7.85E-11,-3.0100000000000003E-12,3.2026E-07,-3.2204E-07
0.24000000000000002,0.45,1.9204E-09,-7.4780000000000012E-11,-3.9300000000000004E-12,3.2026E-07,-3.2212E-07
0.24500000000000002,0.45,1.8365E-09,-6.5050000000000011E-11,2.7300000000000003E-12,3.2038E-07,-3.2201999999999997E-07
0.25,0.45,1.863E-09,-6.774E-11,-2.0700000000000003E-12,3.2026E-07,-3.221E-07
0.255,0.45,1.8612E-09,-6.058E-11,-2.57E-12,3.2028E-07,-3.2198E-07
0.26,0.45,1.8632E-09,-5.999E-11,2.5600000000000004E-12,3.2032E-07,-3.2196E-07
0.265,0.45,1.8528E-09,-5.4430000000000006E-11,3.8000000000000005E-13,3.2026E-07,-3.2204E-07
0.27,0.45,1.8321E-09,-5.2450000000000004E-11,-8.2E-13,3.2019999999999997E-07,-3.2198E-07
0.275,0.45,1.8156E-09,-4.9590000000000007E-11,3.18E-12,3.2019999999999997E-07,-3.2208E-07
0.28,0.45,1.89E-09,-4.417E-11,2.8400000000000004E-12,3.2026E-07,-3.2196E-07
0.28500000000000003,0.45,1.8109E-09,-4.534E-11,-7.5600000000000009E-12,3.2026E-07,-3.2206E-07
0.29000000000000004,0.45,1.8095E-09,-4.01E-11,-5.07E-12,3.2022E-07,-3.22E-07
0.29500000000000004,0.45,1.8656E-09,-3.9890000000000004E-11,4.16E-12,3.2028E-07,-3.2204E-07
0.3,0.45,1.8412E-09,-3.635E-11,-5.5000000000000008E-13,3.2022E-07,-3.2204E-07
0.305,0.45,1.8222E-09,-3.1560000000000005E-11,-1.93E-12,3.2022E-07,-3.2201999999999997E-07
0.31,0.45,1.8306E-09,-3.259E-11,9.1100000000000014E-12,3.2026E-07,-3.2206E-07
0.315,0.45,1.8257E-09,-2.936E-11,3.5900000000000003E-12,3.2026E-07,-3.2201999999999997E-07
0.32,0.45,1.8181E-09,-2.398E-11,-9.7200000000000014E-12,3.2018E-07,-3.219E-07
0.325,0.45,1.7782E-09,-2.662E-11,3.2E-12,3.2033999999999997E-07,-3.2201999999999997E-07
0.33,0.45,1.8137E-09,-2.123E-11,4.88E-12,3.2026E-07,-3.2212E-07
0.335,0.45,1.8287E-09,-2.24E-11,-5.19E-12,3.2028E-07,-3.2198E-07
0.34,0.45,1.7824E-09,-1.743E-11,-5.5E-12,3.2026E-07,-3.2204E-07
0.34500000000000003,0.45,1.7918E-09,-1.9620000000000002E-11,6.6700000000000005E-12,3.2026E-07,-3.2201999999999997E-07
0.35000000000000003,0.45,1.8093E-09,-1.9550000000000003E-11,9.3E-13,3.2026E-07,-3.22E-07
0.35500000000000004,0.45,1.8131E-09,-1.1250000000000002E-11,-7.27E-12,3.2019999999999997E-07,-3.22E-07
0.36000000000000004,0.45,1.8085E-09,-1.5470000000000003E-11,5.9700000000000006E-12,3.2026E-07,-3.2196E-07
0.365,0.45,1.7937E-09,-1.5520000000000002E-11,5.8300000000000008E-12,3.2026E-07,-3.2204E-07
0.37,0.45,1.8031E-09,-1.1560000000000002E-11,-8.84E-12,3.2026E-07,-3.2201999999999997E-07
0.375,0.45,1.7904E-09,-8.93E-12,-4.03E-12,3.2026E-07,-3.2198E-07
0.38,0.45,1.8015E-09,-1.3160000000000001E-11,9.1800000000000009E-12,3.2019999999999997E-07,-3.2201999999999997E-07
0.385,0.45,1.791E-09,-9.44E-12,-5.2500000000000004E-12,3.2024E-07,-3.2201999999999997E-07
0.39,0.45,1.8086E-09,-5.94E-12,-6.4700000000000005E-12,3.2026E-07,-3.2198E-07
0.395,0.45,1.7892E-09,-8.7900000000000011E-12,9.77E-12,3.2018E-07,-3.2192E-07
0.4,0.45,1.8239E-09,-9.58E-12,7.5E-13,3.2016E-07,-3.2201999999999997E-07
0.405,0.45,1.7934E-09,-3.2E-12,-5.3600000000000006E-12,3.2016E-07,-3.2192E-07
0.41000000000000003,0.45,1.7866E-09,-3.23E-12,1.7200000000000001E-12,3.2022E-07,-3.2201999999999997E-07
0.41500000000000004,0.45,1.7528E-09,-7.39E-12,8.53E-12,3.2018E-07,-3.2196E-07
0.42000000000000004,0.45,1.8084E-09,-1.7600000000000002E-12,-7.8800000000000012E-12,3.2028E-07,-3.219E-07
0.42500000000000004,0.45,1.7981E-09,-1.9400000000000002E-12,-4.22E-12,3.2026E-07,-3.2196E-07
0.43,0.45,1.7553E-09,-4.07E-12,8.24E-12,3.2026E-07,-3.2196E-07
0.435,0.45,1.7683E-09,-5.7600000000000005E-12,-2.82E-12,3.2024E-07,-3.2198E-07
0.44,0.45,1.8124E-09,4.58E-12,-1.5300000000000001E-12,3.2019999999999997E-07,-3.2226E-07
0.445,0.45,1.825E-09,-1.51E-12,6.3400000000000009E-12,3.2026E-07,-3.22E-07
0.45,0.45,1.806E-09,-4.98E-12,3.2100000000000003E-12,3.2019999999999997E-07,-3.219E-07
0.455,0.45,1.7723E-09,4.89E-12,-7.39E-12,3.2022E-07,-3.2192E-07
0.46,0.45,1.7855E-09,8.6000000000000007E-13,1.65E-12,3.2024E-07,-3.2198E-07
0.465,0.45,1.7605E-09,2.08E-12,5E-13,3.2019999999999997E-07,-3.2204E-07
0.47000000000000003,0.45,1.7707E-09,1.12E-12,-6.91E-12,3.2014E-07,-3.22E-07
0.47500000000000003,0.45,1.7939E-09,7.33E-12,-1.3300000000000002E-12,3.2022E-07,-3.219E-07
0.48000000000000004,0.45,1.7737E-09,2.26E-12,-1.3000000000000001E-12,3.2019999999999997E-07,-3.2192E-07
0.48500000000000004,0.45,1.7576E-09,3.53E-12,8.5000000000000011E-13,3.2012E-07,-3.2196E-07
0.49000000000000005,0.45,1.7934E-09,7.07E-12,-1.74E-12,3.2028E-07,-3.22E-07
0.49500000000000005,0.45,1.7506E-09,4.1900000000000005E-12,4.6400000000000004E-12,3.2022E-07,-3.22E-07
0.5,0.45,1.7456E-09,6.0200000000000006E-12,-3.6000000000000003E-13,3.2012E-07,-3.2196E-07
0.505,0.45,1.7601E-09,5.2000000000000005E-12,-1.9200000000000003E-12,3.2019999999999997E-07,-3.2198E-07
0.51,0.45,1.6945E-09,1.11E-11,3.6200000000000003E-12,3.2022E-07,-3.2184E-07
0.515,0.45,1.7477E-09,4.87E-12,-2.0500000000000004E-12,3.2018E-07,-3.2196E-07
0.52,0.45,1.7086E-09,1.1110000000000001E-11,-9.6000000000000015E-13,3.2026E-07,-3.2192E-07
0.525,0.45,1.7768E-09,8.02E-12,1.13E-12,3.2016E-07,-3.2198E-07
0.53,0.45,1.7519E-09,1.2230000000000001E-11,-2.8100000000000003E-12,3.2019999999999997E-07,-3.219E-07
0.535,0.45,1.7272E-09,9.66E-12,-6.4400000000000008E-12,3.2019999999999997E-07,-3.2182E-07
0.54,0.45,1.7603E-09,1.2830000000000001E-11,2.8E-12,3.2018E-07,-3.2186E-07
0.545,0.45,1.7121E-09,1.5450000000000002E-11,2.46E-12,3.2019999999999997E-07,-3.2198E-07
0.55,0.45,1.7511E-09,1.3030000000000001E-11,-4.53E-12,3.2019999999999997E-07,-3.2192E-07
0.555,0.45,1.7426E-09,1.8330000000000003E-11,2.9400000000000004E-12,3.2022E-07,-3.2192E-07
0.56,0.45,1.7566E-09,1.1940000000000001E-11,4.9100000000000007E-12,3.2028E-07,-3.218E-07
0.56500000000000006,0.45,1.727E-09,2.3330000000000002E-11,-3.35E-12,3.2018E-07,-3.2184E-07
0.57000000000000006,0.45,1.7219E-09,1.546E-11,-7E-13,3.2019999999999997E-07,-3.2194E-07
0.57500000000000007,0.45,1.7336E-09,2.3350000000000002E-11,5.9300000000000008E-12,3.2026E-07,-3.2194E-07
0.58000000000000007,0.45,1.7506E-09,2.1770000000000003E-11,8.4000000000000006E-13,3.2014E-07,-3.219E-07
0.58500000000000008,0.45,1.742E-09,2.3720000000000003E-11,-6.97E-12,3.2019999999999997E-07,-3.2196E-07
0.59000000000000008,0.45,1.7245E-09,2.9030000000000002E-11,2E-12,3.2028E-07,-3.2192E-07
0.595,0.45,1.6973E-09,2.5960000000000003E-11,2.1700000000000002E-12,3.2028E-07,-3.2187999999999997E-07
0.6,0.45,1.707E-09,3.4610000000000004E-11,-1.027E-11,3.2022E-07,-3.2186E-07
0.605,0.45,1.7346E-09,3.103E-11,-4.37E-12,3.2016E-07,-3.2194E-07
0.61,0.45,1.7064E-09,3.4840000000000006E-11,5.99E-12,3.2026E-07,-3.219E-07
0.615,0.45,1.7344E-09,3.515E-11,-2.6000000000000002E-12,3.2026E-07,-3.2201999999999997E-07
0.62,0.45,1.7042E-09,4.2800000000000003E-11,-1.9400000000000002E-12,3.2016E-07,-3.2198E-07
0.625,0.45,1.6762E-09,3.991E-11,1.2070000000000002E-11,3.2022E-07,-3.2201999999999997E-07
0.63,0.45,1.6961E-09,4.4310000000000006E-11,2.6800000000000003E-12,3.2024E-07,-3.2194E-07
0.635,0.45,1.7215E-09,4.8930000000000006E-11,-1.086E-11,3.2014E-07,-3.2186E-07
0.64,0.45,1.7127E-09,5.149E-11,-8.8000000000000009E-13,3.2028E-07,-3.2196E-07
0.645,0.45,1.683E-09,5.077E-11,4.68E-12,3.2022E-07,-3.2187999999999997E-07
0.65,0.45,1.6816E-09,6.1740000000000011E-11,-8.070000000000001E-12,3.2016E-07,-3.2192E-07
0.655,0.45,1.6671E-09,6.2020000000000009E-11,-1.7600000000000002E-12,3.2016E-07,-3.2196E-07
0.66,0.45,1.6799E-09,6.3730000000000009E-11,8.21E-12,3.2022E-07,-3.2187999999999997E-07
0.665,0.45,1.6416E-09,6.9690000000000007E-11,-9.000000000000001E-13,3.2016E-07,-3.2186E-07
0.67,0.45,1.6559E-09,7.483E-11,-8.01E-12,3.2019999999999997E-07,-3.2198E-07
0.675,0.45,1.6634E-09,8.205E-11,8.56E-12,3.2022E-07,-3.2196E-07
0.68,0.45,1.6566E-09,7.8260000000000009E-11,3.8E-12,3.2024E-07,-3.219E-07
0.685,0.45,1.6457E-09,9.512E-11,-1.108E-11,3.2014E-07,-3.2192E-07
0.69000000000000006,0.45,1.6102E-09,9.468E-11,3.66E-12,3.2019999999999997E-07,-3.2186E-07
0.69500000000000006,0.45,1.6389E-09,1.0038000000000001E-10,7.670000000000001E-12,3.2028E-07,-3.2192E-07
0.70000000000000007,0.45,1.6301E-09,1.0964000000000001E-10,-2.23E-12,3.2022E-07,-3.2194E-07
0.70500000000000007,0.45,1.6217E-09,1.1781E-10,-3.25E-12,3.2022E-07,-3.2198E-07
0.71000000000000008,0.45,1.6152E-09,1.2345E-10,7.01E-12,3.2028E-07,-3.2192E-07
0.71500000000000008,0.45,1.5687E-09,1.2497E-10,-1.0600000000000001E-12,3.2022E-07,-3.2192E-07
0.72000000000000008,0.45,1.5556E-09,1.4584E-10,-7.3700000000000011E-12,3.2022E-07,-3.2201999999999997E-07
0.72500000000000009,0.45,1.5578E-09,1.4783000000000002E-10,6.09E-12,3.207E-07,-3.2243999999999997E-07
0.73,0.45,1.5607E-09,1.5871000000000001E-10,4.17E-12,3.2024E-07,-3.2201999999999997E-07
0.735,0.45,1.5235E-09,1.7102000000000002E-10,-1.5600000000000002E-12,3.2024E-07,-3.2201999999999997E-07
0.74,0.45,1.5577E-09,1.8441E-10,-2.11E-12,3.2024E-07,-3.2192E-07
0.745,0.45,1.5156E-09,1.8910000000000002E-10,4.83E-12,3.2022E-07,-3.2196E-07
0.75,0.45,1.5222E-09,2.0514000000000003E-10,-4.9500000000000005E-12,3.2022E-07,-3.2192E-07
0.755,0.45,1.5111E-09,2.2230000000000002E-10,-1.9400000000000002E-12,3.2024E-07,-3.2192E-07
0.76,0.45,1.5281E-09,2.3302000000000004E-10,2.8900000000000004E-12,3.2024E-07,-3.2187999999999997E-07
0.765,0.45,1.4933E-09,2.4543E-10,-1.7500000000000002E-12,3.2026E-07,-3.2187999999999997E-07
0.77,0.45,1.4454E-09,2.6672000000000004E-10,1.96E-12,3.2028E-07,-3.2192E-07
0.775,0.45,1.4484E-09,2.8330000000000005E-10,2.13E-12,3.2026E-07,-3.219E-07
0.78,0.45,1.3693E-09,2.9956E-10,3.8900000000000006E-12,3.2016E-07,-3.2184E-07
0.785,0.45,1.4105E-09,3.1911000000000005E-10,-3.4700000000000004E-12,3.2026E-07,-3.2196E-07
0.79,0.45,1.3874E-09,3.4140000000000003E-10,-4.5000000000000006E-12,3.2019999999999997E-07,-3.2192E-07
0.795,0.45,1.3556E-09,3.6192000000000003E-10,-5.5600000000000005E-12,3.2012E-07,-3.219E-07
0.8,0.45,1.3297999999999999E-09,3.8287000000000004E-10,-3.3200000000000004E-12,3.201E-07,-3.2186E-07
0.805,0.45,1.3446E-09,4.1461000000000003E-10,4.94E-12,3.2019999999999997E-07,-3.2184E-07
0.81,0.45,1.2924E-09,4.3124000000000005E-10,3.9800000000000004E-12,3.2016E-07,-3.2196E-07
0.81500000000000006,0.45,1.2882E-09,4.6388000000000006E-10,-1.21E-12,3.2016E-07,-3.219E-07
0.82000000000000006,0.45,1.2803E-09,4.8806000000000007E-10,1.5400000000000001E-12,3.2019999999999997E-07,-3.2192E-07
0.82500000000000007,0.45,1.203E-09,5.2248E-10,-4.6000000000000006E-13,3.2022E-07,-3.219E-07
0.83000000000000007,0.45,1.1605E-09,5.5576000000000005E-10,-7.2000000000000008E-12,3.2016E-07,-3.2182E-07
0.83500000000000008,0.45,1.1399E-09,5.8531E-10,4.74E-12,3.2024E-07,-3.2186E-07
0.84000000000000008,0.45,1.1073E-09,6.2848000000000009E-10,6.5400000000000008E-12,3.2018E-07,-3.219E-07
0.84500000000000008,0.45,1.0652E-09,6.5962E-10,-4.7500000000000006E-12,3.2014E-07,-3.219E-07
0.85000000000000009,0.45,1.0488E-09,7.0314E-10,-3.46E-12,3.2018E-07,-3.2186E-07
0.85500000000000009,0.45,9.938E-10,7.4703000000000006E-10,-3.2700000000000004E-12,3.2016E-07,-3.219E-07
0.86,0.45,9.0058000000000011E-10,7.8308E-10,2.16E-12,3.2019999999999997E-07,-3.2187999999999997E-07
0.865,0.45,8.691200000000001E-10,8.327200000000001E-10,-8.4900000000000012E-12,3.2019999999999997E-07,-3.219E-07
0.87,0.45,8.6408000000000008E-10,8.8115000000000011E-10,-6.7000000000000007E-13,3.2022E-07,-3.219E-07
0.875,0.45,7.6201E-10,9.3411E-10,4.38E-12,3.2019999999999997E-07,-3.2186E-07
0.88,0.45,7.4468000000000006E-10,9.7859E-10,1.85E-12,3.2022E-07,-3.2182E-07
0.885,0.45,6.7015E-10,1.04413E-09,-2.7100000000000004E-12,3.201E-07,-3.2194E-07
0.89,0.45,6.2835E-10,1.09777E-09,1.03E-12,3.2019999999999997E-07,-3.219E-07
0.895,0.45,5.8367E-10,1.1611E-09,5.84E-12,3.2019999999999997E-07,-3.219E-07
0.9,0.45,4.9534000000000007E-10,1.2189E-09,4.7600000000000007E-12,3.2008E-07,-3.219E-07
-0.3,0.6,6.8128E-09,-3.2778E-09,-9.9E-13,3.2022E-07,-3.238E-07
-0.29500000000000004,0.6,6.8865E-09,-3.2145E-09,-9.5000000000000011E-12,3.2018E-07,-3.2372E-07
-0.29000000000000004,0.6,6.789E-09,-3.1509E-09,-1.8200000000000003E-12,3.2019999999999997E-07,-3.2382E-07
-0.28500000000000003,0.6,6.6836E-09,-3.1008E-09,3.81E-12,3.2019999999999997E-07,-3.2382E-07
-0.28,0.6,6.7129E-09,-3.0319E-09,-9.03E-12,3.2022E-07,-3.2386E-07
-0.275,0.6,6.6339E-09,-2.985E-09,2.0000000000000003E-14,3.2032E-07,-3.2388E-07
-0.27,0.6,6.5389E-09,-2.9249E-09,5.6800000000000008E-12,3.2032E-07,-3.2394E-07
-0.265,0.6,6.4965E-09,-2.8712E-09,-3.02E-12,3.201E-07,-3.2378E-07
-0.26,0.6,6.4641E-09,-2.8093E-09,-4.46E-12,3.2024E-07,-3.2382E-07
-0.255,0.6,6.3839E-09,-2.764E-09,1.191E-11,3.2019999999999997E-07,-3.2378E-07
-0.25,0.6,6.2684E-09,-2.7118E-09,-2.4500000000000003E-12,3.2019999999999997E-07,-3.2369999999999997E-07
-0.24500000000000002,0.6,6.2798E-09,-2.6537E-09,-9.88E-12,3.2019999999999997E-07,-3.239E-07
-0.24000000000000002,0.6,6.2236E-09,-2.6071E-09,4.72E-12,3.2022E-07,-3.2369999999999997E-07
-0.23500000000000001,0.6,6.1649E-09,-2.5571E-09,4.9500000000000005E-12,3.2014E-07,-3.2378E-07
-0.23,0.6,6.0691E-09,-2.5037E-09,1.2500000000000001E-12,3.2018E-07,-3.2368E-07
-0.225,0.6,6.0191E-09,-2.4581E-09,1.4200000000000002E-12,3.2024E-07,-3.2376E-07
-0.22,0.6,5.9646E-09,-2.4096E-09,1.1900000000000002E-12,3.2012E-07,-3.238E-07
-0.215,0.6,5.9745E-09,-2.3633E-09,-7.2800000000000013E-12,3.2014E-07,-3.2376E-07
-0.21000000000000002,0.6,5.8946E-09,-2.3138E-09,-5.14E-12,3.2022E-07,-3.2376E-07
-0.20500000000000002,0.6,5.8523E-09,-2.2707E-09,-5.85E-12,3.2016E-07,-3.2369999999999997E-07
-0.2,0.6,5.7145E-09,-2.227E-09,-3.3200000000000004E-12,3.2014E-07,-3.236E-07
-0.195,0.6,5.7044E-09,-2.1796E-09,3.43E-12,3.2016E-07,-3.2364E-07
-0.19,0.6,5.6588E-09,-2.1369E-09,5.55E-12,3.2018E-07,-3.2368E-07
-0.185,0.6,5.6758E-09,-2.0949E-09,3.87E-12,3.2019999999999997E-07,-3.2362E-07
-0.18000000000000002,0.6,5.4874E-09,-2.05E-09,3.1200000000000004E-12,3.2019999999999997E-07,-3.2369999999999997E-07
-0.17500000000000002,0.6,5.4521E-09,-2.0101E-09,4.68E-12,3.2028E-07,-3.2372E-07
-0.17,0.6,5.461E-09,-1.9659E-09,-1.198E-11,3.2019999999999997E-07,-3.2374E-07
-0.165,0.6,5.4531E-09,-1.9287E-09,-4.77E-12,3.2026E-07,-3.2372E-07
-0.16,0.6,5.3934E-09,-1.889E-09,4.3900000000000005E-12,3.2028E-07,-3.2374E-07
-0.155,0.6,5.3797E-09,-1.8481E-09,-7.7E-12,3.2019999999999997E-07,-3.2374E-07
-0.15,0.6,5.3076E-09,-1.8101E-09,-1.8900000000000002E-12,3.2018E-07,-3.2372E-07
-0.14500000000000002,0.6,5.2741E-09,-1.773E-09,1.0850000000000002E-11,3.2016E-07,-3.2376E-07
-0.14,0.6,5.1515E-09,-1.7351E-09,5.4E-13,3.2018E-07,-3.2369999999999997E-07
-0.135,0.6,5.1266E-09,-1.6987E-09,-7.92E-12,3.2026E-07,-3.2366E-07
-0.13,0.6,5.1615E-09,-1.6609E-09,4.33E-12,3.2026E-07,-3.2368E-07
-0.125,0.6,5.1508E-09,-1.6347E-09,-2.8E-13,3.2018E-07,-3.2366E-07
-0.12000000000000001,0.6,5.0678E-09,-1.5862E-09,-5.9200000000000006E-12,3.2016E-07,-3.2376E-07
-0.115,0.6,5.1575E-09,-1.5559E-09,3.0000000000000003E-13,3.2026E-07,-3.2374E-07
-0.11,0.6,5.042E-09,-1.5303E-09,8.8900000000000011E-12,3.2019999999999997E-07,-3.2369999999999997E-07
-0.10500000000000001,0.6,5.0328E-09,-1.4873E-09,1.5000000000000002E-13,3.2026E-07,-3.2376E-07
-0.1,0.6,4.9839E-09,-1.4568E-09,-4.9000000000000005E-12,3.2016E-07,-3.2374E-07
-0.095,0.6,4.8785E-09,-1.4236E-09,7.51E-12,3.2022E-07,-3.2369999999999997E-07
-0.090000000000000011,0.6,4.895E-09,-1.3957E-09,-3.0100000000000003E-12,3.2019999999999997E-07,-3.2368E-07
-0.085,0.6,4.8746E-09,-1.359E-09,-1.31E-12,3.2028E-07,-3.2364E-07
-0.08,0.6,4.8266E-09,-1.3315E-09,1.8700000000000003E-12,3.2022E-07,-3.2368E-07
-0.075,0.6,4.757E-09,-1.3062E-09,-2.1700000000000002E-12,3.2019999999999997E-07,-3.2372E-07
-0.07,0.6,4.7563E-09,-1.2701E-09,2.4000000000000003E-12,3.2028E-07,-3.2372E-07
-0.065,0.6,4.7501999999999996E-09,-1.2407E-09,3.0900000000000004E-12,3.2028E-07,-3.2369999999999997E-07
-0.060000000000000005,0.6,4.6213E-09,-1.217E-09,-3.9900000000000006E-12,3.2018E-07,-3.2368E-07
-0.055,0.6,4.7003E-09,-1.1855E-09,-3.8800000000000004E-12,3.2026E-07,-3.2376E-07
-0.05,0.6,4.6643E-09,-1.1612E-09,2.18E-12,3.2032E-07,-3.2372E-07
-0.045000000000000005,0.6,4.637E-09,-1.1314E-09,-6.9500000000000009E-12,3.2026E-07,-3.236E-07
-0.04,0.6,4.5671E-09,-1.104E-09,-1.14E-12,3.2028E-07,-3.2372E-07
-0.035,0.6,4.5065E-09,-1.0857E-09,4.72E-12,3.2028E-07,-3.2369999999999997E-07
-0.030000000000000002,0.6,4.4975E-09,-1.0498E-09,-6.6E-13,3.2026E-07,-3.2374E-07
-0.025,0.6,4.5414E-09,-1.0353E-09,-4.8000000000000005E-12,3.2016E-07,-3.2369999999999997E-07
-0.02,0.6,4.4495E-09,-1.0024E-09,3.97E-12,3.2102E-07,-3.2452E-07
-0.015000000000000001,0.6,4.5079E-09,-9.7876E-10,-5.39E-12,3.2028E-07,-3.238E-07
-0.01,0.6,4.5201E-09,-9.5441E-10,-1.066E-11,3.2022E-07,-3.2372E-07
-0.005,0.6,4.3622E-09,-9.3477E-10,8.9000000000000013E-12,3.2022E-07,-3.2368E-07
0,0.6,4.4067E-09,-9.1138000000000011E-10,4.7600000000000007E-12,3.2022E-07,-3.2369999999999997E-07
0.005,0.6,4.3974E-09,-8.8782E-10,-1.0440000000000002E-11,3.2012E-07,-3.2368E-07
0.01,0.6,4.2849E-09,-8.6164E-10,3.6900000000000006E-12,3.2028E-07,-3.2369999999999997E-07
0.015000000000000001,0.6,4.3597E-09,-8.529E-10,4.42E-12,3.2024E-07,-3.2362E-07
0.02,0.6,4.3303E-09,-8.213900000000001E-10,-5.13E-12,3.2022E-07,-3.2398E-07
0.025,0.6,4.2747E-09,-7.9829E-10,2.3200000000000002E-12,3.204E-07,-3.2374E-07
0.030000000000000002,0.6,4.2739E-09,-7.8573E-10,8.46E-12,3.2026E-07,-3.2364E-07
0.035,0.6,4.2331E-09,-7.6122000000000009E-10,-1.9700000000000003E-12,3.2019999999999997E-07,-3.2355999999999997E-07
0.04,0.6,4.2112E-09,-7.4316E-10,-8.2000000000000014E-12,3.2019999999999997E-07,-3.2376E-07
0.045000000000000005,0.6,4.1414E-09,-7.197E-10,-2.2200000000000002E-12,3.203E-07,-3.2366E-07
0.05,0.6,4.1705E-09,-7.1022000000000006E-10,4.63E-12,3.2022E-07,-3.2364E-07
0.055,0.6,4.1587E-09,-6.8337000000000009E-10,-4.41E-12,3.2024E-07,-3.2362E-07
0.060000000000000005,0.6,4.0854E-09,-6.6341000000000009E-10,3.8000000000000005E-13,3.2022E-07,-3.236E-07
0.065,0.6,4.2053E-09,-6.5533000000000005E-10,6.56E-12,3.2026E-07,-3.236E-07
0.07,0.6,4.1175E-09,-6.3205E-10,-8.0800000000000011E-12,3.2022E-07,-3.2362E-07
0.075,0.6,4.1428E-09,-6.1519E-10,-1.07E-12,3.2018E-07,-3.2374E-07
0.08,0.6,4.1351E-09,-5.9866000000000008E-10,4.6600000000000007E-12,3.2026E-07,-3.2369999999999997E-07
0.085,0.6,4.0005E-09,-5.8244E-10,-2.0700000000000003E-12,3.2019999999999997E-07,-3.2369999999999997E-07
0.090000000000000011,0.6,4.0597E-09,-5.6819000000000008E-10,2.6000000000000002E-12,3.2019999999999997E-07,-3.2374E-07
0.095,0.6,4.0514E-09,-5.4884E-10,-5.7E-13,3.2024E-07,-3.2368E-07
0.1,0.6,4.0309E-09,-5.4030000000000009E-10,-6.1800000000000007E-12,3.2019999999999997E-07,-3.2366E-07
0.10500000000000001,0.6,4.0328E-09,-5.2204000000000009E-10,1.46E-12,3.2032E-07,-3.2369999999999997E-07
0.11,0.6,3.998E-09,-5.0110000000000006E-10,1.74E-12,3.203E-07,-3.2376E-07
0.115,0.6,3.8878E-09,-4.9615E-10,-1.3800000000000002E-12,3.2019999999999997E-07,-3.2362E-07
0.12000000000000001,0.6,3.9689E-09,-4.7784000000000008E-10,-1.6300000000000001E-12,3.2024E-07,-3.236E-07
0.125,0.6,3.9046E-09,-4.6663000000000007E-10,-8.2E-13,3.2026E-07,-3.2372E-07
0.13,0.6,3.9286E-09,-4.5150000000000004E-10,4.58E-12,3.2019999999999997E-07,-3.2355999999999997E-07
0.135,0.6,3.9112E-09,-4.3845E-10,-1.1900000000000002E-12,3.2005999999999997E-07,-3.236E-07
0.14,0.6,4.0032E-09,-4.2717000000000004E-10,1.9700000000000003E-12,3.2016E-07,-3.2369999999999997E-07
0.14500000000000002,0.6,3.8363E-09,-4.1140000000000005E-10,7.54E-12,3.2016E-07,-3.2362E-07
0.15,0.6,3.813E-09,-4.0543E-10,-1.21E-11,3.2019999999999997E-07,-3.2368E-07
0.155,0.6,3.8948E-09,-3.8706E-10,-2.8800000000000002E-12,3.2022E-07,-3.2368E-07
0.16,0.6,3.8417E-09,-3.8308000000000004E-10,5.2700000000000008E-12,3.2022E-07,-3.236E-07
0.165,0.6,3.8782E-09,-3.6554E-10,-3.0100000000000003E-12,3.2022E-07,-3.2364E-07
0.17,0.6,3.8526E-09,-3.5403E-10,3.8000000000000005E-13,3.2014E-07,-3.2364E-07
0.17500000000000002,0.6,3.8723E-09,-3.4798E-10,3.2200000000000004E-12,3.2019999999999997E-07,-3.2368E-07
0.18000000000000002,0.6,3.8385E-09,-3.3595E-10,-2.2200000000000002E-12,3.2026E-07,-3.2372E-07
0.185,0.6,3.7495E-09,-3.2533E-10,-1.0740000000000002E-11,3.201E-07,-3.2362E-07
0.19,0.6,3.8225E-09,-3.1552E-10,3.7E-12,3.2022E-07,-3.2364E-07
0.195,0.6,3.7498E-09,-3.0606000000000003E-10,9.5000000000000011E-12,3.2022E-07,-3.2368E-07
0.2,0.6,3.7813E-09,-2.9831000000000003E-10,-1.74E-12,3.2019999999999997E-07,-3.2358E-07
0.20500000000000002,0.6,3.7232E-09,-2.8329E-10,-9.0900000000000011E-12,3.2018E-07,-3.2369999999999997E-07
0.21000000000000002,0.6,3.7828E-09,-2.8237000000000003E-10,9.6100000000000013E-12,3.2028E-07,-3.235E-07
0.215,0.6,3.7606E-09,-2.6843E-10,1.5200000000000002E-12,3.2022E-07,-3.2368E-07
0.22,0.6,3.7814E-09,-2.5324E-10,-1.035E-11,3.2028E-07,-3.2372E-07
0.225,0.6,3.756E-09,-2.5523E-10,9.47E-12,3.203E-07,-3.2376E-07
0.23,0.6,3.6882E-09,-2.4216E-10,-2.47E-12,3.2022E-07,-3.2378E-07
0.23500000000000001,0.6,3.7568E-09,-2.3703E-10,-8.35E-12,3.2019999999999997E-07,-3.2364E-07
0.24000000000000002,0.6,3.7492E-09,-2.2318000000000002E-10,-1.14E-12,3.201E-07,-3.2376E-07
0.24500000000000002,0.6,3.7628E-09,-2.2122E-10,9.86E-12,3.2022E-07,-3.2368E-07
0.25,0.6,3.7151E-09,-2.1482000000000001E-10,3.75E-12,3.2014E-07,-3.2368E-07
0.255,0.6,3.6899E-09,-1.9919E-10,-8.94E-12,3.2019999999999997E-07,-3.2376E-07
0.26,0.6,3.7252E-09,-2.0203000000000003E-10,6.4200000000000005E-12,3.2019999999999997E-07,-3.2374E-07
0.265,0.6,3.6802E-09,-1.9479E-10,1.6E-12,3.2026E-07,-3.2374E-07
0.27,0.6,3.7955E-09,-1.7899000000000002E-10,-1.0540000000000002E-11,3.2019999999999997E-07,-3.2374E-07
0.275,0.6,3.7673E-09,-1.8001E-10,4.7000000000000006E-12,3.2018E-07,-3.2376E-07
0.28,0.6,3.6663E-09,-1.7294000000000003E-10,1.007E-11,3.2022E-07,-3.2364E-07
0.28500000000000003,0.6,3.6899E-09,-1.6851000000000002E-10,-1.0330000000000001E-11,3.2022E-07,-3.2376E-07
0.29000000000000004,0.6,3.7106E-09,-1.5715000000000002E-10,-5.0000000000000005E-12,3.2026E-07,-3.2374E-07
0.29500000000000004,0.6,3.6515E-09,-1.5702000000000002E-10,7.9900000000000013E-12,3.2028E-07,-3.2376E-07
0.3,0.6,3.7326E-09,-1.5135E-10,-6.2000000000000008E-13,3.2022E-07,-3.2378E-07
0.305,0.6,3.7082E-09,-1.3659000000000002E-10,-3.9300000000000004E-12,3.2019999999999997E-07,-3.238E-07
0.31,0.6,3.7618E-09,-1.417E-10,-1.7200000000000001E-12,3.2032E-07,-3.2382E-07
0.315,0.6,3.7087E-09,-1.3492E-10,1.6100000000000002E-12,3.2026E-07,-3.2376E-07
0.32,0.6,3.6953E-09,-1.2907E-10,-7.51E-12,3.2018E-07,-3.2374E-07
0.325,0.6,3.7094E-09,-1.201E-10,-1.83E-12,3.2026E-07,-3.238E-07
0.33,0.6,3.6629E-09,-1.2096000000000001E-10,1.0500000000000001E-11,3.2026E-07,-3.2364E-07
0.335,0.6,3.7023E-09,-1.1581000000000001E-10,-4.52E-12,3.2022E-07,-3.2372E-07
0.34,0.6,3.725E-09,-1.0499E-10,-5.5700000000000007E-12,3.2028E-07,-3.239E-07
0.34500000000000003,0.6,3.7108E-09,-1.051E-10,4.1900000000000005E-12,3.2022E-07,-3.2376E-07
0.35000000000000003,0.6,3.7138E-09,-1.0224000000000001E-10,-1.12E-12,3.2019999999999997E-07,-3.2386E-07
0.35500000000000004,0.6,3.6684E-09,-9.349E-11,-1.6000000000000003E-13,3.2022E-07,-3.2388E-07
0.36000000000000004,0.6,3.6986E-09,-9.1000000000000009E-11,7.0300000000000005E-12,3.2026E-07,-3.238E-07
0.365,0.6,3.6202E-09,-8.997E-11,-2.5E-13,3.2022E-07,-3.2388E-07
0.37,0.6,3.717E-09,-8.627E-11,-1.7000000000000002E-12,3.2016E-07,-3.2382E-07
0.375,0.6,3.686E-09,-7.5360000000000012E-11,-2.8100000000000003E-12,3.2019999999999997E-07,-3.2378E-07
0.38,0.6,3.6955E-09,-7.64E-11,-8E-13,3.2024E-07,-3.2382E-07
0.385,0.6,3.7096E-09,-7.3770000000000007E-11,6.5000000000000006E-13,3.2022E-07,-3.239E-07
0.39,0.6,3.7149E-09,-6.553E-11,-3.15E-12,3.2022E-07,-3.2394E-07
0.395,0.6,3.6968E-09,-6.628E-11,1.2800000000000002E-12,3.2014E-07,-3.2382E-07
0.4,0.6,3.6787E-09,-6.465E-11,-8.300000000000001E-13,3.2022E-07,-3.2374E-07
0.405,0.6,3.6756E-09,-5.7670000000000006E-11,2.8100000000000003E-12,3.2018E-07,-3.2388E-07
0.41000000000000003,0.6,3.6925E-09,-5.5620000000000004E-11,9.12E-12,3.2046E-07,-3.241E-07
0.41500000000000004,0.6,3.6392E-09,-5.15E-11,-1.03E-12,3.2026E-07,-3.2388E-07
0.42000000000000004,0.6,3.6648E-09,-5.189E-11,-4.3900000000000005E-12,3.2014E-07,-3.2382E-07
0.42500000000000004,0.6,3.6386E-09,-4.804E-11,1.7100000000000002E-12,3.2046E-07,-3.2388E-07
0.43,0.6,3.5785E-09,-4.2560000000000006E-11,-4.31E-12,3.2022E-07,-3.2374E-07
0.435,0.6,3.5764E-09,-4.5950000000000007E-11,-2.3500000000000003E-12,3.2022E-07,-3.238E-07
0.44,0.6,3.6941E-09,-3.7020000000000005E-11,3.67E-12,3.2024E-07,-3.2392E-07
0.445,0.6,3.6061E-09,-3.9390000000000006E-11,-4.1E-13,3.2019999999999997E-07,-3.2378E-07
0.45,0.6,3.6466E-09,-3.3380000000000005E-11,-5.0600000000000007E-12,3.2016E-07,-3.238E-07
0.455,0.6,3.6745E-09,-3.438E-11,-2.24E-12,3.2022E-07,-3.238E-07
0.46,0.6,3.6536E-09,-2.8430000000000002E-11,5.34E-12,3.2018E-07,-3.2392E-07
0.465,0.6,3.6564E-09,-2.9230000000000005E-11,-1.46E-12,3.2019999999999997E-07,-3.2374E-07
0.47000000000000003,0.6,3.6465E-09,-2.498E-11,-6.9800000000000006E-12,3.2018E-07,-3.238E-07
0.47500000000000003,0.6,3.6335E-09,-2.66E-11,7.670000000000001E-12,3.2019999999999997E-07,-3.238E-07
0.48000000000000004,0.6,3.6325E-09,-2.327E-11,5.3000000000000006E-13,3.2022E-07,-3.238E-07
0.48500000000000004,0.6,3.6544E-09,-2.0550000000000003E-11,-5.59E-12,3.2016E-07,-3.2376E-07
0.49000000000000005,0.6,3.6452E-09,-1.916E-11,6.1E-12,3.2016E-07,-3.2386E-07
0.49500000000000005,0.6,3.6524E-09,-1.899E-11,6.35E-12,3.2014E-07,-3.2374E-07
0.5,0.6,3.6537E-09,-1.7360000000000002E-11,-1.0630000000000001E-11,3.2016E-07,-3.2386E-07
0.505,0.6,3.6214E-09,-1.1220000000000001E-11,-5.02E-12,3.2022E-07,-3.2386E-07
0.51,0.6,3.5799E-09,-1.712E-11,7.12E-12,3.2024E-07,-3.2374E-07
0.515,0.6,3.5518E-09,-1.016E-11,-4.0000000000000006E-14,3.2016E-07,-3.2376E-07
0.52,0.6,3.6469E-09,-8.93E-12,-1.03E-12,3.2012E-07,-3.2378E-07
0.525,0.6,3.6044E-09,-1.1950000000000001E-11,6.6700000000000005E-12,3.2028E-07,-3.2382E-07
0.53,0.6,3.5741E-09,-1.2440000000000001E-11,7.64E-12,3.2022E-07,-3.2386E-07
0.535,0.6,3.6181E-09,-7.26E-12,-1.0100000000000001E-11,3.2019999999999997E-07,-3.2372E-07
0.54,0.6,3.6184E-09,-4.18E-12,-1.6200000000000002E-12,3.2016E-07,-3.2388E-07
0.545,0.6,3.6349E-09,-1.099E-11,9.35E-12,3.2024E-07,-3.2384E-07
0.55,0.6,3.5949E-09,-3.6800000000000005E-12,-1.168E-11,3.2016E-07,-3.24E-07
0.555,0.6,3.6117E-09,-4.32E-12,-8.15E-12,3.2014E-07,-3.2372E-07
0.56,0.6,3.5418E-09,-5.5100000000000006E-12,3.8400000000000006E-12,3.2024E-07,-3.2374E-07
0.56500000000000006,0.6,3.5991E-09,-5.79E-12,-8.7E-13,3.2016E-07,-3.2368E-07
0.57000000000000006,0.6,3.6265E-09,-2.77E-12,-6.55E-12,3.2019999999999997E-07,-3.2368E-07
0.57500000000000007,0.6,3.5578E-09,-2.5E-13,3.9E-12,3.2019999999999997E-07,-3.2384E-07
0.58000000000000007,0.6,3.592E-09,-5.85E-12,7.9600000000000008E-12,3.2019999999999997E-07,-3.2378E-07
0.58500000000000008,0.6,3.611E-09,-1.59E-12,-7.84E-12,3.2016E-07,-3.2392E-07
0.59000000000000008,0.6,3.5566E-09,2.0700000000000003E-12,-3.0800000000000002E-12,3.2026E-07,-3.238E-07
0.595,0.6,3.4851E-09,-3.1E-12,9.05E-12,3.2028E-07,-3.238E-07
0.6,0.6,3.431E-09,-1.7000000000000002E-12,3.1200000000000004E-12,3.2016E-07,-3.2362E-07
0.605,0.6,3.5809E-09,3.77E-12,-9.65E-12,3.2026E-07,-3.2376E-07
0.61,0.6,3.506E-09,1.08E-12,4.52E-12,3.2028E-07,-3.2369999999999997E-07
0.615,0.6,3.4971E-09,-1.5800000000000001E-12,1.23E-12,3.2022E-07,-3.2374E-07
0.62,0.6,3.5592E-09,4.03E-12,-8.8800000000000009E-12,3.2014E-07,-3.2366E-07
0.625,0.6,3.5502E-09,8.15E-12,3.81E-12,3.2026E-07,-3.238E-07
0.63,0.6,3.5534E-09,-6.5000000000000006E-13,4.4400000000000005E-12,3.2016E-07,-3.2368E-07
0.635,0.6,3.562E-09,5.5200000000000007E-12,-1.0600000000000001E-12,3.201E-07,-3.2376E-07
0.64,0.6,3.5382E-09,7.8E-12,-5.4500000000000004E-12,3.2019999999999997E-07,-3.239E-07
0.645,0.6,3.4871E-09,4.92E-12,8.8000000000000009E-13,3.2024E-07,-3.2364E-07
0.65,0.6,3.4583E-09,6E-12,2.8400000000000004E-12,3.2019999999999997E-07,-3.2362E-07
0.655,0.6,3.5067E-09,7.21E-12,-2.24E-12,3.2016E-07,-3.2382E-07
0.66,0.6,3.4854E-09,1.2770000000000002E-11,4.53E-12,3.2024E-07,-3.2366E-07
0.665,0.6,3.5347E-09,2.5500000000000002E-12,2.47E-12,3.2012E-07,-3.2364E-07
0.67,0.6,3.5375E-09,1.079E-11,-4.22E-12,3.2022E-07,-3.2372E-07
0.675,0.6,3.5153E-09,1.2730000000000001E-11,-3.56E-12,3.2022E-07,-3.2374E-07
0.68,0.6,3.4997E-09,8.87E-12,-6.2000000000000008E-13,3.2019999999999997E-07,-3.2368E-07
0.685,0.6,3.434E-09,1.0530000000000001E-11,-6.3400000000000009E-12,3.2016E-07,-3.2369999999999997E-07
0.69000000000000006,0.6,3.4856E-09,1.459E-11,-1.3800000000000002E-12,3.2019999999999997E-07,-3.238E-07
0.69500000000000006,0.6,3.5196E-09,1.3350000000000001E-11,-4.1E-13,3.2018E-07,-3.2372E-07
0.70000000000000007,0.6,3.5279E-09,1.3640000000000001E-11,-2.9600000000000003E-12,3.2012E-07,-3.2369999999999997E-07
0.70500000000000007,0.6,3.5244E-09,1.3740000000000001E-11,4.89E-12,3.2028E-07,-3.2369999999999997E-07
0.71000000000000008,0.6,3.4317E-09,2.156E-11,1.6800000000000001E-12,3.2022E-07,-3.2358E-07
0.71500000000000008,0.6,3.5234E-09,1.31E-11,-9.4E-13,3.2022E-07,-3.2364E-07
0.72000000000000008,0.6,3.472E-09,1.961E-11,-2.1700000000000002E-12,3.2024E-07,-3.2369999999999997E-07
0.72500000000000009,0.6,3.4947E-09,1.9420000000000002E-11,2.5800000000000003E-12,3.2019999999999997E-07,-3.2366E-07
0.73,0.6,3.4285E-09,2.2150000000000002E-11,-6.1E-13,3.2016E-07,-3.2376E-07
0.735,0.6,3.4812E-09,2.564E-11,-2.24E-12,3.2019999999999997E-07,-3.2364E-07
0.74,0.6,3.4916E-09,2.181E-11,4.72E-12,3.2026E-07,-3.2366E-07
0.745,0.6,3.5082E-09,3.1050000000000005E-11,1.85E-12,3.2022E-07,-3.2374E-07
0.75,0.6,3.4654E-09,2.8000000000000003E-11,-7.5800000000000012E-12,3.2019999999999997E-07,-3.2366E-07
0.755,0.6,3.4584E-09,3.3370000000000003E-11,9.3E-13,3.2022E-07,-3.2366E-07
0.76,0.6,3.4884E-09,3.435E-11,4.9100000000000007E-12,3.2014E-07,-3.2368E-07
0.765,0.6,3.4589E-09,3.7200000000000005E-11,-9.35E-12,3.2018E-07,-3.2369999999999997E-07
0.77,0.6,3.4529E-09,4.094E-11,-2.01E-12,3.2022E-07,-3.2368E-07
0.775,0.6,3.4624E-09,3.9310000000000004E-11,5.7700000000000007E-12,3.2022E-07,-3.2366E-07
0.78,0.6,3.5067E-09,4.5530000000000003E-11,-2.82E-12,3.2022E-07,-3.2366E-07
0.785,0.6,3.4362E-09,4.84E-11,-6.25E-12,3.2022E-07,-3.2364E-07
0.79,0.6,3.3915E-09,5.0280000000000006E-11,6.9400000000000007E-12,3.2022E-07,-3.2364E-07
0.795,0.6,3.4553E-09,5.077E-11,3.6000000000000004E-12,3.2019999999999997E-07,-3.2355999999999997E-07
0.8,0.6,3.4491E-09,5.995000000000001E-11,-8.63E-12,3.201E-07,-3.2369999999999997E-07
0.805,0.6,3.429E-09,5.992E-11,2.85E-12,3.2019999999999997E-07,-3.2364E-07
0.81,0.6,3.4632E-09,6.214E-11,8.01E-12,3.2022E-07,-3.2378E-07
0.81500000000000006,0.6,3.4461E-09,6.884E-11,-4.7500000000000006E-12,3.2022E-07,-3.2372E-07
0.82000000000000006,0.6,3.4329E-09,7.573E-11,-7.2400000000000007E-12,3.2026E-07,-3.2392E-07
0.82500000000000007,0.6,3.4114E-09,7.689E-11,7.8800000000000012E-12,3.2026E-07,-3.2364E-07
0.83000000000000007,0.6,3.4045E-09,8.1040000000000012E-11,-5.2700000000000008E-12,3.2022E-07,-3.2362E-07
0.83500000000000008,0.6,3.3692E-09,9.2930000000000009E-11,-9.67E-12,3.2014E-07,-3.236E-07
0.84000000000000008,0.6,3.3219E-09,9.0150000000000007E-11,7.1500000000000008E-12,3.2022E-07,-3.2362E-07
0.84500000000000008,0.6,3.4074E-09,1.0106000000000001E-10,1.12E-12,3.2019999999999997E-07,-3.2364E-07
0.85000000000000009,0.6,3.4109E-09,1.0239000000000001E-10,-2.1700000000000002E-12,3.2019999999999997E-07,-3.2362E-07
0.85500000000000009,0.6,3.3844E-09,1.2066E-10,-1.2800000000000002E-12,3.2022E-07,-3.2355999999999997E-07
0.86,0.6,3.3816E-09,1.137E-10,1.0540000000000002E-11,3.2024E-07,-3.2358E-07
0.865,0.6,3.3502E-09,1.3015E-10,-2.74E-12,3.2016E-07,-3.2369999999999997E-07
0.87,0.6,3.3384E-09,1.4236000000000001E-10,-1.5800000000000001E-12,3.2014E-07,-3.2362E-07
0.875,0.6,3.3298E-09,1.4168000000000002E-10,5.7700000000000007E-12,3.2018E-07,-3.2364E-07
0.88,0.6,3.308E-09,1.5866000000000002E-10,-6.5E-12,3.2022E-07,-3.2396E-07
0.885,0.6,3.2096E-09,1.6371000000000002E-10,-3.4700000000000004E-12,3.2019999999999997E-07,-3.2358E-07
0.89,0.6,3.2243E-09,1.8092E-10,-6.9000000000000009E-13,3.2016E-07,-3.2368E-07
0.895,0.6,3.2726E-09,1.8549000000000002E-10,2.8900000000000004E-12,3.2014E-07,-3.2368E-07
0.9,0.6,3.2722E-09,2.0212000000000002E-10,4.1E-13,3.2019999999999997E-07,-3.2388E-07
-0.3,0.75,1.2521799999999999E-08,-5.305E-09,-7.33E-12,3.2014E-07,-3.2724E-07
-0.29500000000000004,0.75,1.2526199999999998E-08,-5.207E-09,2.18E-12,3.2012E-07,-3.274E-07
-0.29000000000000004,0.75,1.23942E-08,-5.1357E-09,-9.3E-13,3.2026E-07,-3.2762E-07
-0.28500000000000003,0.75,1.22728E-08,-5.0427E-09,7.8800000000000012E-12,3.2022E-07,-3.275E-07
-0.28,0.75,1.2233599999999999E-08,-4.9659E-09,1.5600000000000002E-12,3.2014E-07,-3.2746E-07
-0.275,0.75,1.2071E-08,-4.8799E-09,3E-12,3.2022E-07,-3.2734E-07
-0.27,0.75,1.19012E-08,-4.7993E-09,5.4E-13,3.2019999999999997E-07,-3.2724E-07
-0.265,0.75,1.1840199999999998E-08,-4.7153E-09,-3.38E-12,3.204E-07,-3.2712E-07
-0.26,0.75,1.1762799999999998E-08,-4.6411E-09,-7E-14,3.2022E-07,-3.272E-07
-0.255,0.75,1.15906E-08,-4.5622E-09,-1.17E-12,3.2019999999999997E-07,-3.2712E-07
-0.25,0.75,1.1586399999999999E-08,-4.4931E-09,6.19E-12,3.2022E-07,-3.2722E-07
-0.24500000000000002,0.75,1.1359599999999999E-08,-4.4125E-09,-1.3300000000000002E-12,3.2019999999999997E-07,-3.2722E-07
-0.24000000000000002,0.75,1.1364799999999999E-08,-4.3417E-09,4.5000000000000005E-13,3.2019999999999997E-07,-3.2722E-07
-0.23500000000000001,0.75,1.1352E-08,-4.262E-09,-6.4800000000000007E-12,3.2022E-07,-3.2724E-07
-0.23,0.75,1.1371599999999999E-08,-4.1995E-09,1.31E-12,3.2022E-07,-3.2718E-07
-0.225,0.75,1.1306399999999999E-08,-4.1297E-09,-1.19E-11,3.2028E-07,-3.2708E-07
-0.22,0.75,1.1140599999999999E-08,-4.0534E-09,-1.617E-11,3.2014E-07,-3.2706E-07
-0.215,0.75,1.105E-08,-3.9775E-09,-1.32E-12,3.2014E-07,-3.2696E-07
-0.21000000000000002,0.75,1.0943999999999999E-08,-3.9152E-09,2.0420000000000002E-11,3.2022E-07,-3.2698E-07
-0.20500000000000002,0.75,1.0652399999999999E-08,-3.8484E-09,1.3690000000000002E-11,3.2016E-07,-3.2704E-07
-0.2,0.75,1.0733999999999999E-08,-3.7808E-09,6.05E-12,3.2019999999999997E-07,-3.2694E-07
-0.195,0.75,1.0625599999999999E-08,-3.7139E-09,-2.85E-12,3.2022E-07,-3.2701999999999997E-07
-0.19,0.75,1.0621199999999999E-08,-3.652E-09,1.863E-11,3.2022E-07,-3.2706E-07
-0.185,0.75,1.0459E-08,-3.5855E-09,8.2800000000000011E-12,3.2014E-07,-3.2696E-07
-0.18000000000000002,0.75,1.0402999999999999E-08,-3.5267E-09,1.4E-12,3.2022E-07,-3.2706E-07
-0.17500000000000002,0.75,1.0354799999999998E-08,-3.4628E-09,-1.228E-11,3.2018E-07,-3.269E-07
-0.17,0.75,1.01246E-08,-3.3945E-09,-4.3900000000000005E-12,3.2016E-07,-3.2692E-07
-0.165,0.75,1.01748E-08,-3.3347E-09,-7.02E-12,3.2016E-07,-3.2694E-07
-0.16,0.75,1.0107999999999999E-08,-3.2782E-09,1.0600000000000001E-12,3.2019999999999997E-07,-3.27E-07
-0.155,0.75,1.00214E-08,-3.2223E-09,-1.4490000000000002E-11,3.2019999999999997E-07,-3.2676E-07
-0.15,0.75,9.9536E-09,-3.1641E-09,2.3800000000000004E-12,3.201E-07,-3.269E-07
-0.14500000000000002,0.75,9.9008E-09,-3.1048E-09,-6.0800000000000008E-12,3.2019999999999997E-07,-3.2692E-07
-0.14,0.75,9.8666E-09,-3.0507E-09,-1.91E-12,3.2014E-07,-3.269E-07
-0.135,0.75,9.775E-09,-2.9927E-09,-3.38E-12,3.2016E-07,-3.2687999999999997E-07
-0.13,0.75,9.5642E-09,-2.9363E-09,-4.99E-12,3.2024E-07,-3.2692E-07
-0.125,0.75,9.6052E-09,-2.8805E-09,6.0000000000000007E-13,3.2018E-07,-3.2694E-07
-0.12000000000000001,0.75,9.465E-09,-2.817E-09,9.47E-12,3.2019999999999997E-07,-3.2698E-07
-0.115,0.75,9.4316E-09,-2.7807E-09,1.99E-11,3.2022E-07,-3.2694E-07
-0.11,0.75,9.3717E-09,-2.7176E-09,-4.51E-12,3.2022E-07,-3.2676E-07
-0.10500000000000001,0.75,9.2562E-09,-2.6693E-09,-1.1620000000000001E-11,3.2019999999999997E-07,-3.2692E-07
-0.1,0.75,9.342E-09,-2.6191E-09,-7.3E-13,3.2022E-07,-3.2662E-07
-0.095,0.75,9.2477E-09,-2.5707E-09,-8.5000000000000011E-13,3.201E-07,-3.2672E-07
-0.090000000000000011,0.75,9.1255E-09,-2.5235E-09,-4.78E-12,3.2016E-07,-3.27E-07
-0.085,0.75,9.1307E-09,-2.4689E-09,-6.2000000000000008E-13,3.2016E-07,-3.2684E-07
-0.08,0.75,9.0531E-09,-2.4314E-09,1.209E-11,3.2014E-07,-3.2676E-07
-0.075,0.75,8.9967E-09,-2.3758E-09,-1.0500000000000002E-12,3.2018E-07,-3.2672E-07
-0.07,0.75,8.7128E-09,-2.3242E-09,-3.96E-12,3.2018E-07,-3.2684E-07
-0.065,0.75,8.9126E-09,-2.285E-09,3.4200000000000004E-12,3.2018E-07,-3.2668E-07
-0.060000000000000005,0.75,8.9079E-09,-2.2439E-09,-8.61E-12,3.2012E-07,-3.268E-07
-0.055,0.75,8.8405E-09,-2.1942E-09,-7.55E-12,3.2022E-07,-3.268E-07
-0.05,0.75,8.6275E-09,-2.1543E-09,4.77E-12,3.2019999999999997E-07,-3.2673999999999997E-07
-0.045000000000000005,0.75,8.7052E-09,-2.1094E-09,5.2700000000000008E-12,3.2016E-07,-3.2666E-07
-0.04,0.75,8.593E-09,-2.0654E-09,5.39E-12,3.2018E-07,-3.267E-07
-0.035,0.75,8.6439E-09,-2.0203E-09,7.1500000000000008E-12,3.2018E-07,-3.267E-07
-0.030000000000000002,0.75,8.5606E-09,-1.9831E-09,-6.26E-12,3.2016E-07,-3.2686E-07
-0.025,0.75,8.5368E-09,-1.9439E-09,-4.78E-12,3.2016E-07,-3.2682E-07
-0.02,0.75,8.5692E-09,-1.9005E-09,-1.17E-12,3.2019999999999997E-07,-3.2662E-07
-0.015000000000000001,0.75,8.377E-09,-1.8633E-09,-4.26E-12,3.2022E-07,-3.267E-07
-0.01,0.75,8.4287E-09,-1.8233E-09,1.5E-12,3.2008E-07,-3.2684E-07
-0.005,0.75,8.2515E-09,-1.7874E-09,4.08E-12,3.2018E-07,-3.2658E-07
0,0.75,8.2424E-09,-1.7495E-09,3.3700000000000004E-12,3.2014E-07,-3.2668E-07
0.005,0.75,8.2772E-09,-1.7099E-09,-8.13E-12,3.2014E-07,-3.2656E-07
0.01,0.75,8.189E-09,-1.6746E-09,4.22E-12,3.2019999999999997E-07,-3.2664E-07
0.015000000000000001,0.75,8.1734E-09,-1.6458E-09,4.2400000000000005E-12,3.2012E-07,-3.2648E-07
0.02,0.75,8.1181E-09,-1.6003E-09,-1.292E-11,3.2012E-07,-3.265E-07
0.025,0.75,8.0925E-09,-1.5718E-09,9.4E-13,3.2022E-07,-3.2666E-07
0.030000000000000002,0.75,8.0298E-09,-1.5392E-09,8.86E-12,3.2014E-07,-3.2668E-07
0.035,0.75,8.0546E-09,-1.499E-09,-4.0900000000000005E-12,3.2014E-07,-3.267E-07
0.04,0.75,8.029E-09,-1.4699E-09,-3.1000000000000004E-13,3.2019999999999997E-07,-3.2678E-07
0.045000000000000005,0.75,7.9813E-09,-1.4367E-09,9.97E-12,3.2026E-07,-3.2666E-07
0.05,0.75,7.948E-09,-1.4097E-09,-6.56E-12,3.201E-07,-3.2652E-07
0.055,0.75,7.9536E-09,-1.3729E-09,-6.4200000000000005E-12,3.2012E-07,-3.267E-07
0.060000000000000005,0.75,7.8072E-09,-1.3436E-09,-3.2200000000000004E-12,3.2022E-07,-3.2659999999999997E-07
0.065,0.75,7.7525E-09,-1.3158E-09,-2.5300000000000003E-12,3.2022E-07,-3.2662E-07
0.07,0.75,7.7423E-09,-1.2819E-09,3.0400000000000004E-12,3.2019999999999997E-07,-3.2664E-07
0.075,0.75,7.5661E-09,-1.248E-09,1.31E-12,3.2026E-07,-3.2672E-07
0.08,0.75,7.6748E-09,-1.2297E-09,7.6E-12,3.2024E-07,-3.2652E-07
0.085,0.75,7.6764E-09,-1.207E-09,-5.55E-12,3.2019999999999997E-07,-3.2666E-07
0.090000000000000011,0.75,7.7347E-09,-1.1708E-09,7.6800000000000012E-12,3.2016E-07,-3.2668E-07
0.095,0.75,7.5839E-09,-1.1376E-09,1.3150000000000001E-11,3.2019999999999997E-07,-3.2659999999999997E-07
0.1,0.75,7.5907E-09,-1.1095E-09,-2.038E-11,3.2019999999999997E-07,-3.2668E-07
0.10500000000000001,0.75,7.5282E-09,-1.0916E-09,-2.085E-11,3.2019999999999997E-07,-3.2659999999999997E-07
0.11,0.75,7.4167E-09,-1.0657E-09,-1.7310000000000003E-11,3.2016E-07,-3.2664E-07
0.115,0.75,7.6308E-09,-1.028E-09,-7.3700000000000011E-12,3.2012E-07,-3.2666E-07
0.12000000000000001,0.75,7.5952E-09,-1.0161E-09,3.703E-11,3.2022E-07,-3.2658E-07
0.125,0.75,7.4039E-09,-9.8761E-10,-2.0770000000000003E-11,3.2016E-07,-3.2659999999999997E-07
0.13,0.75,7.2818E-09,-9.5957E-10,-5.53E-12,3.2019999999999997E-07,-3.2676E-07
0.135,0.75,7.3528E-09,-9.4172000000000014E-10,8.9E-13,3.2019999999999997E-07,-3.2656E-07
0.14,0.75,7.3034E-09,-9.2108000000000009E-10,-2.5E-13,3.2018E-07,-3.2652E-07
0.14500000000000002,0.75,7.4414E-09,-8.9376E-10,1.199E-11,3.2022E-07,-3.2666E-07
0.15,0.75,7.1642E-09,-8.8006000000000006E-10,-4.77E-12,3.2028E-07,-3.2652E-07
0.155,0.75,7.2371E-09,-8.4814E-10,-2.28E-12,3.2022E-07,-3.2662E-07
0.16,0.75,7.3205E-09,-8.3058E-10,1.007E-11,3.203E-07,-3.2662E-07
0.165,0.75,7.1541E-09,-8.0122000000000005E-10,-3.8E-12,3.2019999999999997E-07,-3.2642E-07
0.17,0.75,7.0421E-09,-7.8919E-10,-5.24E-12,3.2018E-07,-3.2652E-07
0.17500000000000002,0.75,7.0399E-09,-7.7878000000000008E-10,-7.61E-12,3.2019999999999997E-07,-3.2668E-07
0.18000000000000002,0.75,7.1296E-09,-7.4462000000000006E-10,5.09E-12,3.2019999999999997E-07,-3.2642E-07
0.185,0.75,7.0955E-09,-7.2246E-10,3.2680000000000004E-11,3.2018E-07,-3.2676E-07
0.19,0.75,7.1783E-09,-7.053800000000001E-10,-1.6140000000000002E-11,3.2016E-07,-3.2654E-07
0.195,0.75,6.9013E-09,-7.0301E-10,-3.6260000000000006E-11,3.2014E-07,-3.264E-07
0.2,0.75,7.015E-09,-6.7945000000000007E-10,-1.0440000000000002E-11,3.2014E-07,-3.2634E-07
0.20500000000000002,0.75,7.0641E-09,-6.4307E-10,6.8300000000000006E-12,3.2016E-07,-3.2642E-07
0.21000000000000002,0.75,7.0351E-09,-6.3373E-10,4.9830000000000004E-11,3.2022E-07,-3.2656E-07
0.215,0.75,6.9889E-09,-6.1575000000000007E-10,1.673E-11,3.2016E-07,-3.2664E-07
0.22,0.75,6.9007E-09,-6.0132E-10,-3.408E-11,3.2014E-07,-3.2644E-07
0.225,0.75,6.9444E-09,-5.8594E-10,-1.9690000000000002E-11,3.2019999999999997E-07,-3.2642E-07
0.23,0.75,6.9892E-09,-5.708E-10,-1.9000000000000002E-11,3.2014E-07,-3.2652E-07
0.23500000000000001,0.75,6.9523E-09,-5.5273E-10,-1.1960000000000002E-11,3.2012E-07,-3.2648E-07
0.24000000000000002,0.75,6.9417E-09,-5.388E-10,2.0570000000000003E-11,3.2014E-07,-3.2659999999999997E-07
0.24500000000000002,0.75,7.0106E-09,-5.2844000000000009E-10,1.3540000000000001E-11,3.2016E-07,-3.2638E-07
0.25,0.75,6.86E-09,-5.095E-10,1.177E-11,3.2019999999999997E-07,-3.267E-07
0.255,0.75,6.8751E-09,-4.9602E-10,3.77E-12,3.2022E-07,-3.2645999999999997E-07
0.26,0.75,6.9313E-09,-4.7623E-10,-8.9900000000000011E-12,3.2044E-07,-3.2652E-07
0.265,0.75,6.6932E-09,-4.7231E-10,-7.39E-12,3.2016E-07,-3.2648E-07
0.27,0.75,6.8552E-09,-4.5497000000000003E-10,-1.7620000000000003E-11,3.2014E-07,-3.2634E-07
0.275,0.75,6.9065E-09,-4.3909000000000003E-10,-6.8500000000000009E-12,3.2024E-07,-3.2652E-07
0.28,0.75,6.7708E-09,-4.3162000000000006E-10,2.2020000000000002E-11,3.2016E-07,-3.2644E-07
0.28500000000000003,0.75,6.9003E-09,-4.1388E-10,1.148E-11,3.2012E-07,-3.2654E-07
0.29000000000000004,0.75,6.8703E-09,-4.0165000000000006E-10,3.2600000000000002E-12,3.2019999999999997E-07,-3.2668E-07
0.29500000000000004,0.75,6.7615E-09,-3.9363E-10,5.9300000000000008E-12,3.2018E-07,-3.2666E-07
0.3,0.75,6.8717E-09,-3.8313000000000005E-10,-2.0930000000000002E-11,3.2014E-07,-3.2656E-07
0.305,0.75,6.843E-09,-3.6548E-10,-9.35E-12,3.2022E-07,-3.2662E-07
0.31,0.75,6.7811E-09,-3.5566000000000004E-10,2.3300000000000004E-12,3.2016E-07,-3.2666E-07
0.315,0.75,6.8081E-09,-3.4785000000000004E-10,7.82E-12,3.2018E-07,-3.265E-07
0.32,0.75,6.8252999999999996E-09,-3.3466E-10,1.2060000000000002E-11,3.2022E-07,-3.2666E-07
0.325,0.75,6.7976E-09,-3.2424E-10,3.1900000000000003E-12,3.2026E-07,-3.267E-07
0.33,0.75,6.8303E-09,-3.1608E-10,2.7100000000000004E-12,3.2019999999999997E-07,-3.2658E-07
0.335,0.75,6.8235E-09,-3.0767000000000003E-10,-5.1600000000000006E-12,3.2016E-07,-3.2672E-07
0.34,0.75,6.7915E-09,-2.9140000000000005E-10,-1.047E-11,3.2026E-07,-3.2673999999999997E-07
0.34500000000000003,0.75,6.706E-09,-2.8772E-10,-3.13E-12,3.2019999999999997E-07,-3.2659999999999997E-07
0.35000000000000003,0.75,6.7478E-09,-2.7841E-10,1.3E-13,3.2014E-07,-3.2648E-07
0.35500000000000004,0.75,6.8681E-09,-2.6741E-10,5.2E-13,3.2024E-07,-3.2672E-07
0.36000000000000004,0.75,6.6426E-09,-2.5866E-10,1.2220000000000001E-11,3.2026E-07,-3.2662E-07
0.365,0.75,6.6702E-09,-2.5048E-10,8.300000000000001E-13,3.2019999999999997E-07,-3.2652E-07
0.37,0.75,6.6628E-09,-2.4336000000000003E-10,-5.1100000000000006E-12,3.2018E-07,-3.2662E-07
0.375,0.75,6.7813E-09,-2.3418E-10,2.3800000000000004E-12,3.2022E-07,-3.2673999999999997E-07
0.38,0.75,6.6377E-09,-2.2594000000000002E-10,-1.422E-11,3.2019999999999997E-07,-3.2662E-07
0.385,0.75,6.5644E-09,-2.1994000000000002E-10,-1.5E-12,3.2019999999999997E-07,-3.2656E-07
0.39,0.75,6.4476E-09,-2.1324E-10,1.027E-11,3.2024E-07,-3.267E-07
0.395,0.75,6.6474E-09,-2.0247000000000003E-10,1.2400000000000002E-12,3.2018E-07,-3.2672E-07
0.4,0.75,6.5127E-09,-1.9881E-10,2.0700000000000003E-12,3.2022E-07,-3.2673999999999997E-07
0.405,0.75,6.7253E-09,-1.9133000000000003E-10,-3.1000000000000004E-13,3.2026E-07,-3.2672E-07
0.41000000000000003,0.75,6.8095E-09,-1.8419E-10,-4.31E-12,3.2024E-07,-3.2673999999999997E-07
0.41500000000000004,0.75,6.6233E-09,-1.791E-10,-9.7200000000000014E-12,3.2019999999999997E-07,-3.267E-07
0.42000000000000004,0.75,6.652E-09,-1.6922E-10,-2.8800000000000002E-12,3.2052E-07,-3.27E-07
0.42500000000000004,0.75,6.5878E-09,-1.6800000000000001E-10,7.8E-12,3.2026E-07,-3.2672E-07
0.43,0.75,6.6594E-09,-1.5859000000000002E-10,2.7100000000000004E-12,3.2024E-07,-3.267E-07
0.435,0.75,6.5256E-09,-1.5129E-10,-2.57E-12,3.2022E-07,-3.267E-07
0.44,0.75,6.7775E-09,-1.5096000000000001E-10,1.0910000000000001E-11,3.2024E-07,-3.2666E-07
0.445,0.75,6.7386E-09,-1.4209000000000002E-10,-1.1100000000000001E-12,3.2018E-07,-3.2678E-07
0.45,0.75,6.6778E-09,-1.3479E-10,-1.0130000000000002E-11,3.2019999999999997E-07,-3.2668E-07
0.455,0.75,6.7475E-09,-1.3374000000000002E-10,1.0410000000000001E-11,3.2019999999999997E-07,-3.2676E-07
0.46,0.75,6.6505E-09,-1.2782E-10,1.2800000000000002E-12,3.2016E-07,-3.2662E-07
0.465,0.75,6.7086E-09,-1.2224E-10,-6.46E-12,3.201E-07,-3.2673999999999997E-07
0.47000000000000003,0.75,6.5703E-09,-1.1421000000000001E-10,4.57E-12,3.2022E-07,-3.267E-07
0.47500000000000003,0.75,6.6986E-09,-1.1732000000000002E-10,6.6900000000000008E-12,3.2024E-07,-3.2673999999999997E-07
0.48000000000000004,0.75,6.6063E-09,-1.0798000000000001E-10,-1.6000000000000003E-13,3.2016E-07,-3.268E-07
0.48500000000000004,0.75,6.7102E-09,-9.9290000000000013E-11,-8.33E-12,3.2022E-07,-3.2668E-07
0.49000000000000005,0.75,6.6994E-09,-1.0276E-10,-7E-13,3.2024E-07,-3.2676E-07
0.49500000000000005,0.75,6.6835E-09,-9.7280000000000012E-11,-3.23E-12,3.2019999999999997E-07,-3.2687999999999997E-07
0.5,0.75,6.8635E-09,-9.087E-11,-1.0830000000000001E-11,3.2019999999999997E-07,-3.2692E-07
0.505,0.75,6.6879E-09,-8.484E-11,6.7300000000000006E-12,3.2022E-07,-3.267E-07
0.51,0.75,6.6832E-09,-9.1820000000000012E-11,1.056E-11,3.2022E-07,-3.2676E-07
0.515,0.75,6.6898E-09,-7.7080000000000007E-11,-4.6000000000000006E-12,3.2019999999999997E-07,-3.269E-07
0.52,0.75,6.6006E-09,-7.731E-11,4.07E-12,3.2022E-07,-3.2676E-07
0.525,0.75,6.6989E-09,-7.948E-11,4.83E-12,3.2018E-07,-3.2676E-07
0.53,0.75,6.5056E-09,-6.945E-11,-8.21E-12,3.2019999999999997E-07,-3.2678E-07
0.535,0.75,6.7063E-09,-6.519000000000001E-11,-3.5200000000000003E-12,3.2019999999999997E-07,-3.267E-07
0.54,0.75,6.5823E-09,-6.529E-11,-7.4000000000000008E-13,3.2016E-07,-3.2682E-07
0.545,0.75,6.6989E-09,-6.437E-11,-3.0400000000000004E-12,3.2016E-07,-3.2672E-07
0.55,0.75,6.7629E-09,-5.826E-11,1.0000000000000002E-14,3.2022E-07,-3.2678E-07
0.555,0.75,6.7181E-09,-5.36E-11,2.8900000000000004E-12,3.2022E-07,-3.269E-07
0.56,0.75,6.7038E-09,-5.6820000000000004E-11,7.65E-12,3.2016E-07,-3.2682E-07
0.56500000000000006,0.75,6.666E-09,-4.946E-11,2E-12,3.2022E-07,-3.2682E-07
0.57000000000000006,0.75,6.7831E-09,-4.3250000000000006E-11,-1.2500000000000001E-12,3.2018E-07,-3.2684E-07
0.57500000000000007,0.75,6.7323E-09,-4.913E-11,3.56E-12,3.2022E-07,-3.2676E-07
0.58000000000000007,0.75,6.5537E-09,-4.1640000000000004E-11,-7.670000000000001E-12,3.2026E-07,-3.2678E-07
0.58500000000000008,0.75,6.763E-09,-3.7960000000000004E-11,-3.4900000000000003E-12,3.2016E-07,-3.269E-07
0.59000000000000008,0.75,6.7148E-09,-3.7010000000000003E-11,3.7300000000000005E-12,3.2022E-07,-3.2676E-07
0.595,0.75,6.6871E-09,-3.5710000000000005E-11,-2.4500000000000003E-12,3.2014E-07,-3.2678E-07
0.6,0.75,6.7185E-09,-3.136E-11,3.61E-12,3.2024E-07,-3.2686E-07
0.605,0.75,6.7329E-09,-3.237E-11,1.9700000000000003E-12,3.2016E-07,-3.2662E-07
0.61,0.75,6.6667E-09,-2.6880000000000002E-11,-4.8500000000000005E-12,3.2019999999999997E-07,-3.2684E-07
0.615,0.75,6.7599E-09,-2.6570000000000002E-11,3.1200000000000004E-12,3.2019999999999997E-07,-3.2676E-07
0.62,0.75,6.6993E-09,-2.7300000000000002E-11,4.5000000000000005E-13,3.2019999999999997E-07,-3.2678E-07
0.625,0.75,6.6375E-09,-2.1860000000000003E-11,-4.47E-12,3.2014E-07,-3.2676E-07
0.63,0.75,6.6337E-09,-2.4260000000000002E-11,-1.6700000000000002E-12,3.2024E-07,-3.2682E-07
0.635,0.75,6.5978E-09,-1.7960000000000002E-11,4.9100000000000007E-12,3.2016E-07,-3.2678E-07
0.64,0.75,6.6862E-09,-1.8580000000000002E-11,1.18E-12,3.2016E-07,-3.2694E-07
0.645,0.75,6.6223E-09,-1.47E-11,-3.9800000000000004E-12,3.201E-07,-3.2678E-07
0.65,0.75,6.6387E-09,-1.7960000000000002E-11,-2.75E-12,3.2019999999999997E-07,-3.2673999999999997E-07
0.655,0.75,6.6055E-09,-1.6030000000000002E-11,-4.58E-12,3.2012E-07,-3.267E-07
0.66,0.75,6.4317E-09,-1.2440000000000001E-11,-1.057E-11,3.2014E-07,-3.267E-07
0.665,0.75,6.6084E-09,-1.2320000000000001E-11,1.07E-12,3.2019999999999997E-07,-3.2668E-07
0.67,0.75,6.5885E-09,-1.4080000000000001E-11,1.4810000000000002E-11,3.2026E-07,-3.268E-07
0.675,0.75,6.5923E-09,-8.16E-12,-5.08E-12,3.201E-07,-3.2654E-07
0.68,0.75,6.6064E-09,-8.2000000000000014E-12,-1.14E-12,3.2019999999999997E-07,-3.269E-07
0.685,0.75,6.6047E-09,-1.1920000000000001E-11,7.95E-12,3.2022E-07,-3.2666E-07
0.69000000000000006,0.75,6.4679999999999996E-09,-5.1200000000000008E-12,-7.21E-12,3.2019999999999997E-07,-3.267E-07
0.69500000000000006,0.75,6.6375E-09,-7.29E-12,-7.02E-12,3.2012E-07,-3.2662E-07
0.70000000000000007,0.75,6.6353E-09,-3.0900000000000004E-12,2E-13,3.2026E-07,-3.2659999999999997E-07
0.70500000000000007,0.75,6.5609E-09,-1.056E-11,7.06E-12,3.2024E-07,-3.2676E-07
0.71000000000000008,0.75,6.5514E-09,-1.7500000000000002E-12,-2.36E-12,3.2018E-07,-3.2673999999999997E-07
0.71500000000000008,0.75,6.6289E-09,-1.09E-12,5.6E-12,3.2016E-07,-3.2672E-07
0.72000000000000008,0.75,6.5881E-09,-7.360000000000001E-12,1.2550000000000001E-11,3.2014E-07,-3.2672E-07
0.72500000000000009,0.75,6.5142E-09,1.3E-13,-7.2500000000000008E-12,3.2016E-07,-3.2672E-07
0.73,0.75,6.5373E-09,-4.3000000000000004E-13,-1.259E-11,3.2019999999999997E-07,-3.2678E-07
0.735,0.75,6.6251E-09,-1.73E-12,2.67E-12,3.2019999999999997E-07,-3.2676E-07
0.74,0.75,6.5823E-09,-4.21E-12,-2E-12,3.2012E-07,-3.267E-07
0.745,0.75,6.591E-09,4.3900000000000005E-12,-8.5000000000000013E-12,3.2019999999999997E-07,-3.2678E-07
0.75,0.75,6.6409E-09,-4.2000000000000003E-13,1.1730000000000001E-11,3.2024E-07,-3.2678E-07
0.755,0.75,6.6052E-09,-1.2000000000000001E-12,6.4200000000000005E-12,3.2022E-07,-3.2686E-07
0.76,0.75,6.4932E-09,3.92E-12,-5.0100000000000007E-12,3.2019999999999997E-07,-3.2672E-07
0.765,0.75,6.518E-09,5.34E-12,-3.7300000000000005E-12,3.203E-07,-3.2676E-07
0.77,0.75,6.5815E-09,8.8000000000000009E-13,-1.7100000000000002E-12,3.2026E-07,-3.2682E-07
0.775,0.75,6.5399E-09,2.2500000000000003E-12,-3.3700000000000004E-12,3.2018E-07,-3.2672E-07
0.78,0.75,6.5525E-09,5.89E-12,-5.69E-12,3.2019999999999997E-07,-3.2672E-07
0.785,0.75,6.4278E-09,2.87E-12,9.1100000000000014E-12,3.2026E-07,-3.2673999999999997E-07
0.79,0.75,6.591E-09,2.0500000000000004E-12,5.84E-12,3.204E-07,-3.2684E-07
0.795,0.75,6.5793E-09,6.0300000000000008E-12,-2.09E-12,3.2018E-07,-3.2673999999999997E-07
0.8,0.75,6.5128E-09,6.9400000000000007E-12,3.35E-12,3.2022E-07,-3.2664E-07
0.805,0.75,6.4148E-09,3.3700000000000004E-12,-3.46E-12,3.2016E-07,-3.2678E-07
0.81,0.75,6.5347E-09,7.4600000000000009E-12,-7.7800000000000012E-12,3.2019999999999997E-07,-3.2659999999999997E-07
0.81500000000000006,0.75,6.594E-09,1.014E-11,-3.1100000000000003E-12,3.2026E-07,-3.2673999999999997E-07
0.82000000000000006,0.75,6.5744E-09,6.1800000000000007E-12,-4.9E-13,3.2022E-07,-3.2662E-07
0.82500000000000007,0.75,6.5809E-09,1.1210000000000001E-11,-1.4800000000000002E-12,3.2022E-07,-3.2673999999999997E-07
0.83000000000000007,0.75,6.5958E-09,8.4900000000000012E-12,1.0090000000000001E-11,3.2028E-07,-3.2664E-07
0.83500000000000008,0.75,6.5938E-09,1.475E-11,4.7100000000000007E-12,3.2022E-07,-3.2666E-07
0.84000000000000008,0.75,6.4155E-09,1.0000000000000001E-11,1.4900000000000001E-12,3.2019999999999997E-07,-3.2666E-07
0.84500000000000008,0.75,6.4745E-09,1.1610000000000001E-11,1.5400000000000001E-12,3.2026E-07,-3.2656E-07
0.85000000000000009,0.75,6.4478E-09,1.559E-11,-5.07E-12,3.2019999999999997E-07,-3.2676E-07
0.85500000000000009,0.75,6.7688E-09,1.282E-11,-6.65E-12,3.201E-07,-3.2673999999999997E-07
0.86,0.75,6.4795E-09,1.777E-11,-2.46E-12,3.2022E-07,-3.267E-07
0.865,0.75,6.5432E-09,1.9400000000000002E-11,6.9000000000000009E-12,3.2028E-07,-3.267E-07
0.87,0.75,6.4086E-09,1.9090000000000002E-11,1.6100000000000002E-12,3.2022E-07,-3.2652E-07
0.875,0.75,6.4624E-09,2.5520000000000003E-11,-3.3900000000000003E-12,3.2019999999999997E-07,-3.2656E-07
0.88,0.75,6.4666E-09,1.812E-11,7.2300000000000005E-12,3.2022E-07,-3.2658E-07
0.885,0.75,6.4755E-09,2.6370000000000002E-11,-6.26E-12,3.2016E-07,-3.2652E-07
0.89,0.75,6.3791E-09,2.458E-11,-1.0800000000000001E-11,3.2014E-07,-3.2645999999999997E-07
0.895,0.75,6.4529E-09,2.6270000000000003E-11,6.97E-12,3.2016E-07,-3.2654E-07
0.9,0.75,6.4388E-09,2.8210000000000002E-11,1.23E-12,3.2018E-07,-3.2666E-07
-0.3,0.9,2.3149599999999997E-08,-8.1448E-09,4.63E-12,3.2019999999999997E-07,-3.3524E-07
-0.29500000000000004,0.9,2.30152E-08,-8.0271E-09,-1.2800000000000002E-12,3.2016E-07,-3.3498E-07
-0.29000000000000004,0.9,2.2623999999999998E-08,-7.9045E-09,-5.0100000000000007E-12,3.2014E-07,-3.3476E-07
-0.28500000000000003,0.9,2.2397599999999998E-08,-7.7865E-09,1.21E-12,3.201E-07,-3.347E-07
-0.28,0.9,2.2082E-08,-7.6827E-09,-2.1700000000000002E-12,3.2019999999999997E-07,-3.3482E-07
-0.275,0.9,2.16152E-08,-7.5607E-09,1.96E-12,3.2016E-07,-3.3429999999999997E-07
-0.27,0.9,2.1651799999999997E-08,-7.4547E-09,-8.9900000000000011E-12,3.2019999999999997E-07,-3.3418E-07
-0.265,0.9,2.1234999999999998E-08,-7.3393E-09,2.51E-12,3.2022E-07,-3.3418E-07
-0.26,0.9,2.11488E-08,-7.2288E-09,-1.2220000000000001E-11,3.201E-07,-3.339E-07
-0.255,0.9,2.0586399999999998E-08,-7.1258E-09,1.03E-12,3.2022E-07,-3.3398E-07
-0.25,0.9,2.0518199999999996E-08,-7.0032E-09,-6.81E-12,3.2022E-07,-3.337E-07
-0.24500000000000002,0.9,2.04436E-08,-6.9067E-09,9.1100000000000014E-12,3.2019999999999997E-07,-3.3354E-07
-0.24000000000000002,0.9,2.01964E-08,-6.8055E-09,-1.2000000000000002E-13,3.2019999999999997E-07,-3.3368E-07
-0.23500000000000001,0.9,2.0033399999999997E-08,-6.6997E-09,2.24E-12,3.2022E-07,-3.3348E-07
-0.23,0.9,1.98106E-08,-6.6003E-09,-8.01E-12,3.2019999999999997E-07,-3.3345999999999997E-07
-0.225,0.9,1.9766399999999998E-08,-6.5E-09,-3.1400000000000004E-12,3.2022E-07,-3.3324E-07
-0.22,0.9,1.9588E-08,-6.3998E-09,-1.79E-12,3.2019999999999997E-07,-3.3316E-07
-0.215,0.9,1.9404199999999997E-08,-6.3068E-09,8.36E-12,3.2024E-07,-3.3324E-07
-0.21000000000000002,0.9,1.9335199999999998E-08,-6.2113E-09,1.45E-12,3.2014E-07,-3.3284E-07
-0.20500000000000002,0.9,1.8915599999999997E-08,-6.1128E-09,1.95E-12,3.2022E-07,-3.3314E-07
-0.2,0.9,1.88102E-08,-6.0199E-09,-4.08E-12,3.201E-07,-3.332E-07
-0.195,0.9,1.8835E-08,-5.9244E-09,-3.92E-12,3.2019999999999997E-07,-3.3286E-07
-0.19,0.9,1.8655599999999997E-08,-5.8281E-09,-1.6600000000000002E-12,3.201E-07,-3.3284E-07
-0.185,0.9,1.8521599999999997E-08,-5.7464E-09,-8.4000000000000006E-13,3.2019999999999997E-07,-3.33E-07
-0.18000000000000002,0.9,1.8438E-08,-5.6557E-09,5.1100000000000006E-12,3.2012E-07,-3.328E-07
-0.17500000000000002,0.9,1.80068E-08,-5.5611E-09,3.82E-12,3.2016E-07,-3.328E-07
-0.17,0.9,1.8103799999999997E-08,-5.4776E-09,4.08E-12,3.2038E-07,-3.3292E-07
-0.165,0.9,1.78892E-08,-5.3885E-09,-2.4000000000000003E-12,3.2018E-07,-3.3242E-07
-0.16,0.9,1.7768199999999998E-08,-5.3059E-09,-3.3200000000000004E-12,3.2012E-07,-3.3258E-07
-0.155,0.9,1.76872E-08,-5.2242E-09,-1.2400000000000002E-12,3.2016E-07,-3.3236E-07
-0.15,0.9,1.7520599999999997E-08,-5.1377E-09,4.32E-12,3.2019999999999997E-07,-3.3264E-07
-0.14500000000000002,0.9,1.7487199999999997E-08,-5.0597E-09,9.6000000000000015E-13,3.2016E-07,-3.3226E-07
-0.14,0.9,1.74028E-08,-4.9712E-09,6.4E-12,3.2016E-07,-3.3242E-07
-0.135,0.9,1.7054399999999997E-08,-4.8905E-09,-5.23E-12,3.2014E-07,-3.3226E-07
-0.13,0.9,1.7041799999999997E-08,-4.8158E-09,7.5E-13,3.2019999999999997E-07,-3.3254E-07
-0.125,0.9,1.6989799999999998E-08,-4.737E-09,7.2000000000000006E-13,3.2019999999999997E-07,-3.3242E-07
-0.12000000000000001,0.9,1.6969799999999998E-08,-4.6617E-09,5.2200000000000008E-12,3.2022E-07,-3.3232E-07
-0.115,0.9,1.6718599999999997E-08,-4.5867E-09,2.23E-12,3.2019999999999997E-07,-3.3228E-07
-0.11,0.9,1.66714E-08,-4.5017E-09,-9.03E-12,3.2016E-07,-3.3244E-07
-0.10500000000000001,0.9,1.65946E-08,-4.4347E-09,-5.1100000000000006E-12,3.2019999999999997E-07,-3.323E-07
-0.1,0.9,1.65054E-08,-4.3584E-09,-5.69E-12,3.2016E-07,-3.3218E-07
-0.095,0.9,1.63734E-08,-4.2885E-09,2.3800000000000004E-12,3.2019999999999997E-07,-3.3238E-07
-0.090000000000000011,0.9,1.6169199999999998E-08,-4.2162E-09,1.6000000000000003E-13,3.2019999999999997E-07,-3.3218E-07
-0.085,0.9,1.6389599999999998E-08,-4.1503E-09,2.6E-13,3.2026E-07,-3.3208E-07
-0.08,0.9,1.6106599999999998E-08,-4.0719E-09,-6.6400000000000008E-12,3.2016E-07,-3.3218E-07
-0.075,0.9,1.60024E-08,-4.0088E-09,-3.3400000000000003E-12,3.2022E-07,-3.3196E-07
-0.07,0.9,1.5695399999999998E-08,-3.9325E-09,-9.900000000000001E-12,3.204E-07,-3.3212E-07
-0.065,0.9,1.5602199999999997E-08,-3.8697E-09,7.61E-12,3.2019999999999997E-07,-3.3205999999999997E-07
-0.060000000000000005,0.9,1.56034E-08,-3.8049E-09,5.9E-13,3.2019999999999997E-07,-3.3202E-07
-0.055,0.9,1.5642599999999998E-08,-3.742E-09,1.5050000000000002E-11,3.2028E-07,-3.3218E-07
-0.05,0.9,1.5506999999999998E-08,-3.6644E-09,-2.06E-12,3.2019999999999997E-07,-3.3218E-07
-0.045000000000000005,0.9,1.5252399999999998E-08,-3.6142E-09,4.97E-12,3.2024E-07,-3.3172E-07
-0.04,0.9,1.53858E-08,-3.5414E-09,-8.36E-12,3.2016E-07,-3.3182E-07
-0.035,0.9,1.51178E-08,-3.4876E-09,2.95E-12,3.2019999999999997E-07,-3.3214E-07
-0.030000000000000002,0.9,1.5022799999999997E-08,-3.4212E-09,-3.63E-12,3.2022E-07,-3.3146E-07
-0.025,0.9,1.5050999999999997E-08,-3.3609E-09,6.1300000000000007E-12,3.2022E-07,-3.3194E-07
-0.02,0.9,1.50448E-08,-3.2995E-09,-2.5500000000000002E-12,3.2019999999999997E-07,-3.319E-07
-0.015000000000000001,0.9,1.4748999999999999E-08,-3.2396E-09,4.27E-12,3.2024E-07,-3.3176E-07
-0.01,0.9,1.49576E-08,-3.177E-09,-8.1000000000000014E-12,3.2019999999999997E-07,-3.3194E-07
-0.005,0.9,1.4660799999999999E-08,-3.1253E-09,-2.8100000000000003E-12,3.2026E-07,-3.3177999999999997E-07
0,0.9,1.4634199999999998E-08,-3.0702E-09,-3.66E-12,3.2022E-07,-3.319E-07
0.005,0.9,1.4592999999999999E-08,-3.0111E-09,1.51E-12,3.2028E-07,-3.3184E-07
0.01,0.9,1.4614999999999999E-08,-2.961E-09,2.59E-12,3.2022E-07,-3.3138E-07
0.015000000000000001,0.9,1.45086E-08,-2.9031E-09,6.400000000000001E-13,3.2022E-07,-3.3176E-07
0.02,0.9,1.4418599999999998E-08,-2.844E-09,1.1900000000000002E-12,3.2016E-07,-3.3158E-07
0.025,0.9,1.4205799999999999E-08,-2.7951E-09,-3.96E-12,3.2014E-07,-3.3182E-07
0.030000000000000002,0.9,1.4119799999999999E-08,-2.7429E-09,1.3000000000000001E-12,3.2014E-07,-3.3148E-07
0.035,0.9,1.4210599999999999E-08,-2.6908E-09,8.9E-13,3.2016E-07,-3.3148E-07
0.04,0.9,1.4255199999999999E-08,-2.645E-09,4.97E-12,3.2014E-07,-3.3163999999999997E-07
0.045000000000000005,0.9,1.4145199999999998E-08,-2.589E-09,-4.2000000000000003E-13,3.2019999999999997E-07,-3.3163999999999997E-07
0.05,0.9,1.41716E-08,-2.5411E-09,-4.6000000000000006E-13,3.2018E-07,-3.3149999999999997E-07
0.055,0.9,1.4029E-08,-2.4907E-09,-6.8300000000000006E-12,3.2022E-07,-3.3163999999999997E-07
0.060000000000000005,0.9,1.3898799999999998E-08,-2.4421E-09,-9.3E-13,3.2016E-07,-3.3138E-07
0.065,0.9,1.3808599999999998E-08,-2.3985E-09,-4.3500000000000006E-12,3.201E-07,-3.3144E-07
0.07,0.9,1.38566E-08,-2.3532E-09,6.97E-12,3.2018E-07,-3.3138E-07
0.075,0.9,1.35814E-08,-2.303E-09,-1.31E-12,3.2022E-07,-3.3172E-07
0.08,0.9,1.3612599999999999E-08,-2.263E-09,1.5600000000000002E-12,3.2018E-07,-3.3163999999999997E-07
0.085,0.9,1.3648199999999998E-08,-2.2127E-09,-6.5700000000000005E-12,3.2012E-07,-3.3148E-07
0.090000000000000011,0.9,1.3648599999999999E-08,-2.1697E-09,-1.1500000000000002E-12,3.2014E-07,-3.3134E-07
0.095,0.9,1.3455999999999998E-08,-2.1292E-09,-4.17E-12,3.2018E-07,-3.3142E-07
0.1,0.9,1.3323999999999999E-08,-2.086E-09,7.61E-12,3.2026E-07,-3.3176E-07
0.10500000000000001,0.9,1.3358199999999999E-08,-2.0432E-09,-1.51E-12,3.2018E-07,-3.3144E-07
0.11,0.9,1.3309999999999998E-08,-2.0041E-09,1.2350000000000001E-11,3.2014E-07,-3.3162E-07
0.115,0.9,1.3305199999999998E-08,-1.9594E-09,-4.6600000000000007E-12,3.2019999999999997E-07,-3.3163999999999997E-07
0.12000000000000001,0.9,1.3267399999999999E-08,-1.9186E-09,1.8000000000000002E-12,3.2019999999999997E-07,-3.3135999999999997E-07
0.125,0.9,1.3021599999999999E-08,-1.8804E-09,-1.019E-11,3.2024E-07,-3.3158E-07
0.13,0.9,1.3089599999999998E-08,-1.8436E-09,-1.51E-12,3.2019999999999997E-07,-3.3134E-07
0.135,0.9,1.31826E-08,-1.8058E-09,-3.1900000000000003E-12,3.2016E-07,-3.314E-07
0.14,0.9,1.3028E-08,-1.7656E-09,-3.3E-13,3.2018E-07,-3.313E-07
0.14500000000000002,0.9,1.2993599999999999E-08,-1.7299E-09,-5.4100000000000006E-12,3.2022E-07,-3.3142E-07
0.15,0.9,1.2846799999999998E-08,-1.6896E-09,-4.2500000000000007E-12,3.2022E-07,-3.3144E-07
0.155,0.9,1.2913E-08,-1.6536E-09,-3.63E-12,3.2016E-07,-3.3146E-07
0.16,0.9,1.28638E-08,-1.6217E-09,-4.32E-12,3.2038E-07,-3.3132E-07
0.165,0.9,1.2849599999999999E-08,-1.5882E-09,1.93E-12,3.2014E-07,-3.3144E-07
0.17,0.9,1.26854E-08,-1.556E-09,-1.9700000000000003E-12,3.2019999999999997E-07,-3.3152E-07
0.17500000000000002,0.9,1.2694999999999999E-08,-1.5194E-09,8.46E-12,3.2019999999999997E-07,-3.3124E-07
0.18000000000000002,0.9,1.2624799999999998E-08,-1.4856E-09,-8.51E-12,3.2016E-07,-3.3138E-07
0.185,0.9,1.26616E-08,-1.4496E-09,5.6E-12,3.2016E-07,-3.313E-07
0.19,0.9,1.2742E-08,-1.4219E-09,-2.92E-12,3.2014E-07,-3.3114E-07
0.195,0.9,1.2588799999999999E-08,-1.3897E-09,1.3280000000000002E-11,3.201E-07,-3.314E-07
0.2,0.9,1.2609599999999998E-08,-1.3619E-09,-2.8800000000000002E-12,3.2019999999999997E-07,-3.3135999999999997E-07
0.20500000000000002,0.9,1.2517399999999999E-08,-1.33E-09,5.02E-12,3.2019999999999997E-07,-3.3098E-07
0.21000000000000002,0.9,1.2387599999999998E-08,-1.2991E-09,-1.1040000000000001E-11,3.2016E-07,-3.3163999999999997E-07
0.215,0.9,1.25022E-08,-1.2651E-09,-5.2100000000000006E-12,3.2019999999999997E-07,-3.3152E-07
0.22,0.9,1.2345599999999998E-08,-1.2417E-09,-7.12E-12,3.2014E-07,-3.3116E-07
0.225,0.9,1.2237199999999998E-08,-1.2064E-09,1.2000000000000001E-12,3.2016E-07,-3.3132E-07
0.23,0.9,1.2369599999999999E-08,-1.1894E-09,1.8700000000000003E-12,3.2016E-07,-3.3149999999999997E-07
0.23500000000000001,0.9,1.23894E-08,-1.1524E-09,5.5700000000000007E-12,3.2016E-07,-3.3135999999999997E-07
0.24000000000000002,0.9,1.2142199999999998E-08,-1.1333E-09,1.12E-12,3.2024E-07,-3.3114E-07
0.24500000000000002,0.9,1.2203399999999999E-08,-1.0996E-09,-2.36E-12,3.2018E-07,-3.3146E-07
0.25,0.9,1.2288199999999998E-08,-1.0751E-09,-5.6E-13,3.2046E-07,-3.3154E-07
0.255,0.9,1.19172E-08,-1.0476E-09,-2.3000000000000003E-12,3.2016E-07,-3.3118E-07
0.26,0.9,1.2102399999999998E-08,-1.0311E-09,7.41E-12,3.2022E-07,-3.3128E-07
0.265,0.9,1.2160199999999999E-08,-9.981E-10,8.8000000000000009E-13,3.205E-07,-3.3158E-07
0.27,0.9,1.21514E-08,-9.8131E-10,2.2000000000000002E-13,3.2014E-07,-3.3134E-07
0.275,0.9,1.2025799999999999E-08,-9.4707000000000012E-10,-5.3600000000000006E-12,3.2019999999999997E-07,-3.3128E-07
0.28,0.9,1.1813599999999999E-08,-9.3156E-10,6.6400000000000008E-12,3.2016E-07,-3.3116E-07
0.28500000000000003,0.9,1.2033E-08,-9.0456E-10,-5E-13,3.201E-07,-3.3134E-07
0.29000000000000004,0.9,1.1917399999999999E-08,-8.8942000000000012E-10,1.191E-11,3.2022E-07,-3.311E-07
0.29500000000000004,0.9,1.19362E-08,-8.5869000000000006E-10,-3.4900000000000003E-12,3.201E-07,-3.3128E-07
0.3,0.9,1.1943199999999999E-08,-8.4246000000000011E-10,1.69E-12,3.2019999999999997E-07,-3.3124E-07
0.305,0.9,1.1861E-08,-8.1301000000000007E-10,-9.9100000000000012E-12,3.2014E-07,-3.3112E-07
0.31,0.9,1.1713799999999999E-08,-8.0252E-10,1.9200000000000003E-12,3.2022E-07,-3.3086E-07
0.315,0.9,1.1864199999999999E-08,-7.7669E-10,-2.9100000000000003E-12,3.2016E-07,-3.3128E-07
0.32,0.9,1.1797999999999999E-08,-7.6064000000000007E-10,2.6800000000000003E-12,3.2016E-07,-3.3121999999999997E-07
0.325,0.9,1.1767799999999999E-08,-7.384900000000001E-10,-5.64E-12,3.2014E-07,-3.3121999999999997E-07
0.33,0.9,1.1667E-08,-7.1897E-10,-1.8900000000000002E-12,3.2014E-07,-3.3118E-07
0.335,0.9,1.1699999999999999E-08,-6.9792E-10,-8.3000000000000014E-12,3.2018E-07,-3.3114E-07
0.34,0.9,1.16864E-08,-6.7897000000000009E-10,-1.1600000000000001E-12,3.2014E-07,-3.3116E-07
0.34500000000000003,0.9,1.1675999999999998E-08,-6.6354000000000007E-10,4.27E-12,3.201E-07,-3.3098E-07
0.35000000000000003,0.9,1.1734999999999999E-08,-6.4849E-10,3.65E-12,3.2014E-07,-3.3093999999999997E-07
0.35500000000000004,0.9,1.16756E-08,-6.3008000000000006E-10,7.670000000000001E-12,3.2022E-07,-3.3106E-07
0.36000000000000004,0.9,1.1665199999999998E-08,-6.1177E-10,-6.7900000000000008E-12,3.2014E-07,-3.3124E-07
0.365,0.9,1.1618399999999999E-08,-5.9304000000000005E-10,-5.1E-13,3.2019999999999997E-07,-3.3116E-07
0.37,0.9,1.1677999999999999E-08,-5.779E-10,-7.4800000000000012E-12,3.2014E-07,-3.309E-07
0.375,0.9,1.1612399999999999E-08,-5.6124E-10,4.13E-12,3.2016E-07,-3.3104E-07
0.38,0.9,1.1516399999999999E-08,-5.4943E-10,3.4500000000000004E-12,3.2014E-07,-3.3112E-07
0.385,0.9,1.1611399999999999E-08,-5.3077E-10,1.5200000000000002E-12,3.2014E-07,-3.311E-07
0.39,0.9,1.15314E-08,-5.1738E-10,-2.11E-12,3.2022E-07,-3.3112E-07
0.395,0.9,1.1445999999999999E-08,-5.0007E-10,-3.4700000000000004E-12,3.2022E-07,-3.3112E-07
0.4,0.9,1.1534999999999999E-08,-4.8652E-10,-3.48E-12,3.2012E-07,-3.3135999999999997E-07
0.405,0.9,1.1382999999999998E-08,-4.7275E-10,3.92E-12,3.2019999999999997E-07,-3.3088E-07
0.41000000000000003,0.9,1.15344E-08,-4.6419000000000003E-10,-6.8E-13,3.2024E-07,-3.311E-07
0.41500000000000004,0.9,1.1535399999999999E-08,-4.4847000000000006E-10,5.54E-12,3.2026E-07,-3.3126E-07
0.42000000000000004,0.9,1.1302E-08,-4.3001000000000005E-10,-5.8000000000000005E-13,3.2026E-07,-3.3112E-07
0.42500000000000004,0.9,1.1414399999999999E-08,-4.1833000000000004E-10,-3.5000000000000004E-12,3.2024E-07,-3.3124E-07
0.43,0.9,1.14588E-08,-4.1304000000000005E-10,3.91E-12,3.2019999999999997E-07,-3.3118E-07
0.435,0.9,1.1582599999999998E-08,-3.9121000000000004E-10,-5.8800000000000008E-12,3.201E-07,-3.314E-07
0.44,0.9,1.1587599999999999E-08,-3.9094000000000005E-10,5.7700000000000007E-12,3.2022E-07,-3.3093999999999997E-07
0.445,0.9,1.1266799999999998E-08,-3.7230000000000005E-10,-3.85E-12,3.2014E-07,-3.31E-07
0.45,0.9,1.14376E-08,-3.6028E-10,-1.9900000000000002E-12,3.2018E-07,-3.313E-07
0.455,0.9,1.12928E-08,-3.5390000000000004E-10,-1.1900000000000002E-12,3.2008E-07,-3.3114E-07
0.46,0.9,1.1357799999999999E-08,-3.3584E-10,-1.5E-12,3.2014E-07,-3.3118E-07
0.465,0.9,1.1349599999999999E-08,-3.2688E-10,5.4E-13,3.201E-07,-3.3121999999999997E-07
0.47000000000000003,0.9,1.1406599999999999E-08,-3.2395E-10,8.480000000000001E-12,3.2019999999999997E-07,-3.311E-07
0.47500000000000003,0.9,1.1293599999999998E-08,-3.0876000000000003E-10,3E-12,3.2014E-07,-3.3116E-07
0.48000000000000004,0.9,1.1226199999999998E-08,-3.0163E-10,8.2900000000000012E-12,3.201E-07,-3.3104E-07
0.48500000000000004,0.9,1.13814E-08,-2.8785000000000005E-10,-6.5400000000000008E-12,3.201E-07,-3.3088E-07
0.49000000000000005,0.9,1.12622E-08,-2.7827E-10,-4.1E-13,3.2014E-07,-3.311E-07
0.49500000000000005,0.9,1.1342199999999999E-08,-2.731E-10,8.9E-13,3.201E-07,-3.311E-07
0.5,0.9,1.12618E-08,-2.6120000000000004E-10,-1.3800000000000002E-12,3.2016E-07,-3.31E-07
0.505,0.9,1.13136E-08,-2.5775E-10,9.1800000000000009E-12,3.2016E-07,-3.3102E-07
0.51,0.9,1.1248999999999999E-08,-2.4343E-10,-5.29E-12,3.2012E-07,-3.3116E-07
0.515,0.9,1.1329799999999999E-08,-2.3828000000000003E-10,4.37E-12,3.2019999999999997E-07,-3.311E-07
0.52,0.9,1.0956999999999999E-08,-2.2550000000000002E-10,-6.97E-12,3.2019999999999997E-07,-3.3124E-07
0.525,0.9,1.1233799999999999E-08,-2.2354E-10,-3.02E-12,3.2014E-07,-3.3107999999999997E-07
0.53,0.9,1.1186799999999999E-08,-2.1323000000000002E-10,9.3E-13,3.2016E-07,-3.312E-07
0.535,0.9,1.1130599999999999E-08,-2.0879E-10,1.95E-12,3.2026E-07,-3.3106E-07
0.54,0.9,1.1305E-08,-2.0139000000000002E-10,1.2400000000000002E-12,3.2019999999999997E-07,-3.3128E-07
0.545,0.9,1.1290399999999999E-08,-1.9024E-10,3.5900000000000003E-12,3.2018E-07,-3.3128E-07
0.55,0.9,1.1332399999999999E-08,-1.8463E-10,-9.78E-12,3.2014E-07,-3.3118E-07
0.555,0.9,1.1213199999999999E-08,-1.7779000000000001E-10,6.3700000000000005E-12,3.2026E-07,-3.313E-07
0.56,0.9,1.13106E-08,-1.7317E-10,-5.1500000000000005E-12,3.2022E-07,-3.3128E-07
0.56500000000000006,0.9,1.1248999999999999E-08,-1.6983000000000002E-10,4.41E-12,3.2018E-07,-3.314E-07
0.57000000000000006,0.9,1.13508E-08,-1.6268E-10,3.1600000000000003E-12,3.2026E-07,-3.3104E-07
0.57500000000000007,0.9,1.1370399999999999E-08,-1.5352E-10,-5.8200000000000006E-12,3.2026E-07,-3.314E-07
0.58000000000000007,0.9,1.1275799999999999E-08,-1.4485000000000002E-10,9.25E-12,3.2028E-07,-3.3132E-07
0.58500000000000008,0.9,1.13754E-08,-1.4086000000000002E-10,-5.09E-12,3.2024E-07,-3.3126E-07
0.59000000000000008,0.9,1.1303799999999999E-08,-1.3988E-10,8.1900000000000013E-12,3.2026E-07,-3.3135999999999997E-07
0.595,0.9,1.13352E-08,-1.3273000000000002E-10,2.7E-13,3.2014E-07,-3.314E-07
0.6,0.9,1.11326E-08,-1.3142000000000002E-10,-8.5000000000000011E-13,3.2019999999999997E-07,-3.3121999999999997E-07
0.605,0.9,1.13024E-08,-1.2366000000000002E-10,-5.6200000000000007E-12,3.2016E-07,-3.3144E-07
0.61,0.9,1.1285599999999999E-08,-1.1676000000000002E-10,-6.6900000000000008E-12,3.2026E-07,-3.3124E-07
0.615,0.9,1.1341399999999999E-08,-1.1269000000000001E-10,-8.1700000000000009E-12,3.2014E-07,-3.3132E-07
0.62,0.9,1.1269199999999999E-08,-1.0730000000000001E-10,5.48E-12,3.2026E-07,-3.3149999999999997E-07
0.625,0.9,1.1162E-08,-1.0816E-10,-7.26E-12,3.2019999999999997E-07,-3.3128E-07
0.63,0.9,1.12842E-08,-1.0248E-10,7.39E-12,3.2018E-07,-3.3128E-07
0.635,0.9,1.1406599999999999E-08,-9.9240000000000011E-11,-6.5300000000000007E-12,3.2014E-07,-3.3135999999999997E-07
0.64,0.9,1.13222E-08,-8.9560000000000012E-11,-3.1000000000000004E-13,3.2022E-07,-3.3121999999999997E-07
0.645,0.9,1.13378E-08,-8.7610000000000008E-11,1.64E-12,3.2012E-07,-3.3114E-07
0.65,0.9,1.1583799999999999E-08,-8.3220000000000011E-11,-2.2500000000000003E-12,3.2016E-07,-3.3148E-07
0.655,0.9,1.1399799999999999E-08,-8.496000000000001E-11,1.2370000000000002E-11,3.2016E-07,-3.313E-07
0.66,0.9,1.14692E-08,-7.6710000000000012E-11,5.2E-13,3.2064E-07,-3.3198E-07
0.665,0.9,1.13858E-08,-7.924E-11,1.1540000000000001E-11,3.2014E-07,-3.3124E-07
0.67,0.9,1.1403999999999999E-08,-6.9080000000000009E-11,-5.94E-12,3.2012E-07,-3.3152E-07
0.675,0.9,1.1306599999999998E-08,-7.0460000000000008E-11,-6.4200000000000005E-12,3.2019999999999997E-07,-3.3154E-07
0.68,0.9,1.14826E-08,-6.3210000000000007E-11,-8.7900000000000011E-12,3.2018E-07,-3.3154E-07
0.685,0.9,1.12868E-08,-6.2990000000000007E-11,1.32E-12,3.2016E-07,-3.3158E-07
0.69000000000000006,0.9,1.1274799999999999E-08,-6.073E-11,-4.3000000000000007E-12,3.2012E-07,-3.3148E-07
0.69500000000000006,0.9,1.1346E-08,-5.898E-11,8.3900000000000012E-12,3.2019999999999997E-07,-3.3154E-07
0.70000000000000007,0.9,1.12172E-08,-4.9880000000000006E-11,-1.0920000000000001E-11,3.2018E-07,-3.3162E-07
0.70500000000000007,0.9,1.1437399999999999E-08,-5.321E-11,4.98E-12,3.2016E-07,-3.3163999999999997E-07
0.71000000000000008,0.9,1.1332799999999999E-08,-4.6E-11,-6.3E-12,3.2016E-07,-3.3146E-07
0.71500000000000008,0.9,1.1400199999999999E-08,-4.9030000000000004E-11,4.88E-12,3.2022E-07,-3.3146E-07
0.72000000000000008,0.9,1.1532999999999998E-08,-4.6930000000000006E-11,4.27E-12,3.2019999999999997E-07,-3.3154E-07
0.72500000000000009,0.9,1.1397199999999999E-08,-3.852E-11,-1.9900000000000002E-12,3.2019999999999997E-07,-3.316E-07
0.73,0.9,1.1330799999999998E-08,-4.072E-11,4.1500000000000007E-12,3.2014E-07,-3.3148E-07
0.735,0.9,1.1196399999999998E-08,-3.8190000000000006E-11,-6.5800000000000006E-12,3.2022E-07,-3.3166E-07
0.74,0.9,1.1301399999999998E-08,-3.241E-11,-6.7000000000000007E-13,3.2014E-07,-3.3138E-07
0.745,0.9,1.14648E-08,-3.6770000000000006E-11,-3.2600000000000002E-12,3.201E-07,-3.3154E-07
0.75,0.9,1.1403599999999999E-08,-3.222E-11,1.8000000000000002E-12,3.2022E-07,-3.3138E-07
0.755,0.9,1.1333399999999998E-08,-3.1010000000000005E-11,-8.2E-13,3.2014E-07,-3.3142E-07
0.76,0.9,1.1407199999999998E-08,-2.7790000000000002E-11,1.96E-12,3.2016E-07,-3.3121999999999997E-07
0.765,0.9,1.1293599999999998E-08,-2.4120000000000003E-11,-1.1520000000000001E-11,3.2014E-07,-3.3152E-07
0.77,0.9,1.13456E-08,-2.44E-11,7.0400000000000007E-12,3.2019999999999997E-07,-3.3163999999999997E-07
0.775,0.9,1.1328399999999999E-08,-2.456E-11,-6.4300000000000007E-12,3.2026E-07,-3.3142E-07
0.78,0.9,1.1349999999999999E-08,-2.1530000000000002E-11,1.086E-11,3.2016E-07,-3.3148E-07
0.785,0.9,1.1400599999999999E-08,-2.225E-11,-1.7000000000000002E-12,3.2018E-07,-3.3142E-07
0.79,0.9,1.14454E-08,-1.7710000000000003E-11,3.87E-12,3.2016E-07,-3.3158E-07
0.795,0.9,1.1391E-08,-1.4650000000000002E-11,-1.14E-12,3.201E-07,-3.3148E-07
0.8,0.9,1.15158E-08,-1.383E-11,-2.3800000000000004E-12,3.2018E-07,-3.3148E-07
0.805,0.9,1.1359999999999999E-08,-1.5940000000000002E-11,4.31E-12,3.2012E-07,-3.3163999999999997E-07
0.81,0.9,1.1328199999999998E-08,-1.3190000000000002E-11,-3.1700000000000004E-12,3.2022E-07,-3.314E-07
0.81500000000000006,0.9,1.12682E-08,-1.471E-11,2.3000000000000003E-12,3.2014E-07,-3.3138E-07
0.82000000000000006,0.9,1.12954E-08,-1.262E-11,-2.41E-12,3.2024E-07,-3.3146E-07
0.82500000000000007,0.9,1.1325799999999999E-08,-4.92E-12,-4E-13,3.2018E-07,-3.3154E-07
0.83000000000000007,0.9,1.1339399999999998E-08,-9.6000000000000011E-12,-5.7700000000000007E-12,3.2022E-07,-3.3146E-07
0.83500000000000008,0.9,1.1346599999999999E-08,-7.0400000000000007E-12,3.7900000000000006E-12,3.2019999999999997E-07,-3.3148E-07
0.84000000000000008,0.9,1.14052E-08,-9.290000000000001E-12,-3.6400000000000006E-12,3.2008E-07,-3.3158E-07
0.84500000000000008,0.9,1.14394E-08,-8.66E-12,7.43E-12,3.2019999999999997E-07,-3.316E-07
0.85000000000000009,0.9,1.1322999999999998E-08,-8.32E-12,-9.26E-12,3.2022E-07,-3.3146E-07
0.85500000000000009,0.9,1.12834E-08,4.7500000000000006E-12,9.43E-12,3.2014E-07,-3.313E-07
0.86,0.9,1.1189799999999999E-08,-2.26E-12,3.4E-13,3.2016E-07,-3.3152E-07
0.865,0.9,1.10782E-08,-5.13E-12,3.6800000000000005E-12,3.2024E-07,-3.3124E-07
0.87,0.9,1.1328599999999998E-08,-4.56E-12,-3.5900000000000003E-12,3.2018E-07,-3.3142E-07
0.875,0.9,1.1154799999999999E-08,-4.5000000000000005E-13,-8.1000000000000014E-12,3.2024E-07,-3.3135999999999997E-07
0.88,0.9,1.1251E-08,-9.96E-12,-7.5600000000000009E-12,3.2022E-07,-3.3121999999999997E-07
0.885,0.9,1.1073999999999999E-08,9.43E-12,-9.36E-12,3.2022E-07,-3.3142E-07
0.89,0.9,1.1131999999999998E-08,-7.0400000000000007E-12,-5.99E-12,3.2026E-07,-3.3142E-07
0.895,0.9,1.12332E-08,7.35E-12,1.9200000000000003E-12,3.2019999999999997E-07,-3.3128E-07
0.9,0.9,1.1171E-08,-1.85E-12,6.9800000000000006E-12,3.2014E-07,-3.3124E-07
