vg	id_vd = 0V	ig_vd = 0V	is_vd = 0V	iavdd_vd = 0V	ignd_vd = 0V	id_vd = 0.01V	ig_vd = 0.01V	is_vd = 0.01V	iavdd_vd = 0.01V	ignd_vd = 0.01V	id_vd = 0.02V	ig_vd = 0.02V	is_vd = 0.02V	iavdd_vd = 0.02V	ignd_vd = 0.02V	id_vd = 0.03V	ig_vd = 0.03V	is_vd = 0.03V	iavdd_vd = 0.03V	ignd_vd = 0.03V	id_vd = 0.04V	ig_vd = 0.04V	is_vd = 0.04V	iavdd_vd = 0.04V	ignd_vd = 0.04V	id_vd = 0.05V	ig_vd = 0.05V	is_vd = 0.05V	iavdd_vd = 0.05V	ignd_vd = 0.05V	id_vd = 0.06V	ig_vd = 0.06V	is_vd = 0.06V	iavdd_vd = 0.06V	ignd_vd = 0.06V	id_vd = 0.07V	ig_vd = 0.07V	is_vd = 0.07V	iavdd_vd = 0.07V	ignd_vd = 0.07V	id_vd = 0.08V	ig_vd = 0.08V	is_vd = 0.08V	iavdd_vd = 0.08V	ignd_vd = 0.08V	id_vd = 0.09V	ig_vd = 0.09V	is_vd = 0.09V	iavdd_vd = 0.09V	ignd_vd = 0.09V	id_vd = 0.1V	ig_vd = 0.1V	is_vd = 0.1V	iavdd_vd = 0.1V	ignd_vd = 0.1V
1.2	-2.326e-09	2.1336e-09	3.657e-11	3.2676e-07	-3.266e-07	-2.2988e-09	2.738e-09	-7.538e-11	3.2412e-07	-3.2452e-07	-2.1738e-09	2.7795e-09	-8.468e-11	3.2474e-07	-3.252e-07	-2.0617e-09	2.843e-09	-9.638e-11	3.244e-07	-3.2514e-07	-1.826e-09	2.7454e-09	-1.0186e-10	3.2418e-07	-3.2502e-07	-1.6962e-09	2.7741e-09	-9.983e-11	3.2402e-07	-3.2496e-07	-1.5313e-09	2.7705e-09	-1.0714e-10	3.238e-07	-3.2486e-07	-1.3285e-09	2.7262e-09	-1.0202e-10	3.2364e-07	-3.2494e-07	-1.1717e-09	2.7454e-09	-1.0573e-10	3.2196e-07	-3.2334e-07	-8.8574e-10	2.6118e-09	-1.0089e-10	3.2166e-07	-3.2334e-07	-6.6624e-10	2.5874e-09	-1.0024e-10	3.2152e-07	-3.2332e-07
1.195	-2.1764e-09	1.939e-09	4.256e-11	3.2678e-07	-3.266e-07	-2.1386e-09	2.4899e-09	-6.669e-11	3.2414e-07	-3.245e-07	-2.0147e-09	2.5249e-09	-7.798e-11	3.2474e-07	-3.2526e-07	-1.8908e-09	2.5744e-09	-9.487e-11	3.2456e-07	-3.2518e-07	-1.6895e-09	2.5121e-09	-9.424e-11	3.2434e-07	-3.2508e-07	-1.5497e-09	2.5298e-09	-1.0008e-10	3.2408e-07	-3.2496e-07	-1.3846e-09	2.5254e-09	-1.0458e-10	3.238e-07	-3.2494e-07	-1.1934e-09	2.4908e-09	-9.842e-11	3.2364e-07	-3.2488e-07	-1.0278e-09	2.501e-09	-9.1e-11	3.22e-07	-3.2344e-07	-7.7367e-10	2.3995e-09	-9.339e-11	3.2176e-07	-3.2338e-07	-5.6341e-10	2.3794e-09	-8.908e-11	3.2158e-07	-3.2328e-07
1.19	-2.1452e-09	1.8271e-09	4.664e-11	3.267e-07	-3.2648e-07	-2.1029e-09	2.3543e-09	-6.038e-11	3.2426e-07	-3.2456e-07	-1.9731e-09	2.3878e-09	-7.034e-11	3.2482e-07	-3.2514e-07	-1.8501e-09	2.4336e-09	-8.568e-11	3.2468e-07	-3.2512e-07	-1.6545e-09	2.3727e-09	-8.714e-11	3.2444e-07	-3.25e-07	-1.5102e-09	2.3881e-09	-8.723e-11	3.2424e-07	-3.2502e-07	-1.3449e-09	2.3851e-09	-8.916e-11	3.2398e-07	-3.2496e-07	-1.1572e-09	2.3526e-09	-8.458e-11	3.2372e-07	-3.249e-07	-9.7824e-10	2.3439e-09	-9.007e-11	3.2214e-07	-3.2338e-07	-7.466e-10	2.2666e-09	-9.224e-11	3.219e-07	-3.2334e-07	-5.3242e-10	2.2474e-09	-8.71e-11	3.2164e-07	-3.2326e-07
1.185	-2.1209e-09	1.7199e-09	4.828e-11	3.2678e-07	-3.264e-07	-2.0625e-09	2.226e-09	-5.757e-11	3.2436e-07	-3.246e-07	-1.9375e-09	2.2579e-09	-6.544e-11	3.2508e-07	-3.2526e-07	-1.8136e-09	2.3009e-09	-7.537e-11	3.2464e-07	-3.2506e-07	-1.6189e-09	2.2467e-09	-8.321e-11	3.2452e-07	-3.2504e-07	-1.4738e-09	2.2606e-09	-8.363e-11	3.2434e-07	-3.2492e-07	-1.3074e-09	2.2562e-09	-9.142e-11	3.2406e-07	-3.2494e-07	-1.1225e-09	2.2261e-09	-8.597e-11	3.2386e-07	-3.249e-07	-9.4492e-10	2.215e-09	-9.015e-11	3.2224e-07	-3.2298e-07	-7.1269e-10	2.1444e-09	-7.753e-11	3.2206e-07	-3.2338e-07	-5.0234e-10	2.1259e-09	-7.903e-11	3.2122e-07	-3.2278e-07
1.18	-2.0888e-09	1.6302e-09	5.894e-11	3.2676e-07	-3.2644e-07	-2.0298e-09	2.1104e-09	-4.665e-11	3.2446e-07	-3.2456e-07	-1.9041e-09	2.1427e-09	-5.867e-11	3.2498e-07	-3.252e-07	-1.7779e-09	2.1842e-09	-7.372e-11	3.2474e-07	-3.2506e-07	-1.5851e-09	2.1312e-09	-6.944e-11	3.2456e-07	-3.2502e-07	-1.4399e-09	2.1422e-09	-7.53e-11	3.2434e-07	-3.2494e-07	-1.2747e-09	2.1382e-09	-8.143e-11	3.2414e-07	-3.249e-07	-1.0902e-09	2.1099e-09	-7.615e-11	3.24e-07	-3.2486e-07	-9.1514e-10	2.0993e-09	-7.582e-11	3.223e-07	-3.2346e-07	-6.8468e-10	2.0359e-09	-8.059e-11	3.2208e-07	-3.2336e-07	-4.7527e-10	2.0175e-09	-7.8e-11	3.2186e-07	-3.2324e-07
1.175	-2.0598e-09	1.54e-09	6.012e-11	3.2684e-07	-3.2628e-07	-1.9965e-09	2.0053e-09	-4.001e-11	3.2452e-07	-3.2452e-07	-1.8712e-09	2.0367e-09	-5.001e-11	3.2508e-07	-3.2522e-07	-1.7456e-09	2.0718e-09	-6.423e-11	3.248e-07	-3.2506e-07	-1.5561e-09	2.0266e-09	-7.132e-11	3.246e-07	-3.2496e-07	-1.4083e-09	2.0344e-09	-7.442e-11	3.2438e-07	-3.2494e-07	-1.2442e-09	2.0284e-09	-7.373e-11	3.2428e-07	-3.249e-07	-1.0607e-09	2.0011e-09	-7.203e-11	3.24e-07	-3.2492e-07	-8.8419e-10	1.9937e-09	-7.499e-11	3.2176e-07	-3.2284e-07	-6.5763e-10	1.9311e-09	-7.262e-11	3.2214e-07	-3.2344e-07	-4.4727e-10	1.9144e-09	-6.771e-11	3.2184e-07	-3.2324e-07
1.17	-2.0362e-09	1.4617e-09	6.621e-11	3.2688e-07	-3.2634e-07	-1.9656e-09	1.9079e-09	-3.512e-11	3.2458e-07	-3.245e-07	-1.8395e-09	1.9378e-09	-5.268e-11	3.2518e-07	-3.253e-07	-1.7133e-09	1.9736e-09	-6.17e-11	3.2488e-07	-3.2504e-07	-1.5273e-09	1.9284e-09	-6.111e-11	3.247e-07	-3.2502e-07	-1.3791e-09	1.9367e-09	-6.546e-11	3.2444e-07	-3.2496e-07	-1.2151e-09	1.9297e-09	-6.888e-11	3.2422e-07	-3.2496e-07	-1.0307e-09	1.9041e-09	-6.248e-11	3.2406e-07	-3.2492e-07	-8.5588e-10	1.8952e-09	-7.046e-11	3.2232e-07	-3.2334e-07	-6.3345e-10	1.8382e-09	-6.574e-11	3.2222e-07	-3.2328e-07	-4.228e-10	1.82e-09	-6.74e-11	3.2188e-07	-3.2326e-07
1.165	-2.0138e-09	1.3848e-09	7.028e-11	3.2684e-07	-3.2628e-07	-1.9399e-09	1.8165e-09	-3.118e-11	3.2464e-07	-3.2446e-07	-1.8098e-09	1.8474e-09	-4.498e-11	3.2526e-07	-3.2524e-07	-1.6827e-09	1.8801e-09	-5.022e-11	3.2504e-07	-3.2512e-07	-1.4981e-09	1.8384e-09	-5.742e-11	3.2476e-07	-3.2508e-07	-1.3453e-09	1.8446e-09	-5.648e-11	3.2458e-07	-3.2494e-07	-1.1852e-09	1.8376e-09	-6.238e-11	3.2438e-07	-3.2494e-07	-1.0034e-09	1.8126e-09	-6.29e-11	3.2414e-07	-3.2488e-07	-8.2816e-10	1.802e-09	-6.161e-11	3.2238e-07	-3.2334e-07	-6.0728e-10	1.7512e-09	-6.255e-11	3.2224e-07	-3.2332e-07	-3.9854e-10	1.7332e-09	-6.263e-11	3.2204e-07	-3.2332e-07
1.16	-1.9905e-09	1.3173e-09	7.78e-11	3.269e-07	-3.2636e-07	-1.9123e-09	1.7337e-09	-2.392e-11	3.247e-07	-3.2448e-07	-1.7815e-09	1.7627e-09	-3.924e-11	3.2524e-07	-3.2522e-07	-1.6521e-09	1.7938e-09	-5.247e-11	3.2496e-07	-3.2506e-07	-1.4745e-09	1.7558e-09	-4.995e-11	3.248e-07	-3.2502e-07	-1.3206e-09	1.762e-09	-5.782e-11	3.247e-07	-3.249e-07	-1.1607e-09	1.7535e-09	-6.048e-11	3.2442e-07	-3.2498e-07	-9.7123e-10	1.7195e-09	-6.07e-11	3.242e-07	-3.2488e-07	-8.0345e-10	1.7203e-09	-5.612e-11	3.225e-07	-3.2344e-07	-5.8225e-10	1.6699e-09	-5.571e-11	3.2226e-07	-3.2334e-07	-3.7373e-10	1.653e-09	-5.41e-11	3.2208e-07	-3.2322e-07
1.155	-1.97e-09	1.2523e-09	8.029e-11	3.2692e-07	-3.2636e-07	-1.8826e-09	1.6569e-09	-1.675e-11	3.2474e-07	-3.2448e-07	-1.7538e-09	1.6856e-09	-3.508e-11	3.2528e-07	-3.2526e-07	-1.6251e-09	1.7145e-09	-4.462e-11	3.2504e-07	-3.2506e-07	-1.447e-09	1.6771e-09	-4.694e-11	3.2482e-07	-3.2506e-07	-1.2935e-09	1.6803e-09	-4.582e-11	3.2462e-07	-3.249e-07	-1.1312e-09	1.6745e-09	-4.748e-11	3.2446e-07	-3.2496e-07	-9.4094e-10	1.6425e-09	-4.679e-11	3.2416e-07	-3.2488e-07	-7.7267e-10	1.6414e-09	-4.807e-11	3.2254e-07	-3.233e-07	-5.6036e-10	1.5945e-09	-5.429e-11	3.223e-07	-3.2326e-07	-3.5259e-10	1.579e-09	-5.275e-11	3.2216e-07	-3.233e-07
1.15	-1.943e-09	1.194e-09	8.292e-11	3.2684e-07	-3.2632e-07	-1.8583e-09	1.5862e-09	-1.44e-11	3.2476e-07	-3.2454e-07	-1.7296e-09	1.6141e-09	-3.21e-11	3.2538e-07	-3.2514e-07	-1.5971e-09	1.6393e-09	-3.859e-11	3.2498e-07	-3.25e-07	-1.4243e-09	1.6077e-09	-4.406e-11	3.2488e-07	-3.25e-07	-1.2703e-09	1.6091e-09	-4.43e-11	3.2462e-07	-3.2494e-07	-1.1074e-09	1.6033e-09	-5.071e-11	3.2456e-07	-3.2492e-07	-9.2045e-10	1.5715e-09	-4.942e-11	3.2426e-07	-3.2484e-07	-7.5422e-10	1.5701e-09	-4.998e-11	3.2248e-07	-3.234e-07	-5.3509e-10	1.5242e-09	-4.156e-11	3.2242e-07	-3.2334e-07	-3.3111e-10	1.5094e-09	-4.808e-11	3.2212e-07	-3.2328e-07
1.145	-1.9184e-09	1.1376e-09	8.903e-11	3.2688e-07	-3.2622e-07	-1.8322e-09	1.5167e-09	-9e-12	3.2478e-07	-3.244e-07	-1.7092e-09	1.5443e-09	-2.633e-11	3.253e-07	-3.2524e-07	-1.5726e-09	1.5728e-09	-3.32e-11	3.2504e-07	-3.2504e-07	-1.3991e-09	1.5371e-09	-3.155e-11	3.2488e-07	-3.2506e-07	-1.245e-09	1.5406e-09	-3.509e-11	3.2462e-07	-3.2494e-07	-1.0822e-09	1.533e-09	-4.249e-11	3.2454e-07	-3.2492e-07	-8.9926e-10	1.5038e-09	-4.283e-11	3.2436e-07	-3.2488e-07	-7.2845e-10	1.502e-09	-3.553e-11	3.2252e-07	-3.233e-07	-5.1575e-10	1.4607e-09	-4.306e-11	3.2244e-07	-3.234e-07	-3.101e-10	1.445e-09	-4.689e-11	3.2218e-07	-3.233e-07
1.14	-1.8971e-09	1.0878e-09	9.376e-11	3.2698e-07	-3.263e-07	-1.8096e-09	1.4545e-09	-3.7e-13	3.248e-07	-3.2448e-07	-1.6821e-09	1.4827e-09	-2.059e-11	3.2536e-07	-3.2522e-07	-1.5486e-09	1.5077e-09	-2.907e-11	3.2516e-07	-3.2504e-07	-1.3797e-09	1.4778e-09	-3.392e-11	3.2496e-07	-3.2496e-07	-1.2219e-09	1.4787e-09	-3.546e-11	3.248e-07	-3.2494e-07	-1.0597e-09	1.4691e-09	-3.85e-11	3.2458e-07	-3.2494e-07	-8.7614e-10	1.4418e-09	-3.41e-11	3.244e-07	-3.2494e-07	-7.0775e-10	1.4408e-09	-3.712e-11	3.225e-07	-3.2326e-07	-4.9474e-10	1.398e-09	-3.486e-11	3.2242e-07	-3.2338e-07	-2.8754e-10	1.3856e-09	-3.573e-11	3.2214e-07	-3.2322e-07
1.135	-1.8735e-09	1.0422e-09	9.926e-11	3.2702e-07	-3.2624e-07	-1.7877e-09	1.395e-09	2.67e-12	3.2474e-07	-3.2442e-07	-1.6569e-09	1.4252e-09	-1.539e-11	3.255e-07	-3.2516e-07	-1.5287e-09	1.4481e-09	-2.639e-11	3.2516e-07	-3.2506e-07	-1.3501e-09	1.4173e-09	-2.456e-11	3.2492e-07	-3.2498e-07	-1.199e-09	1.4179e-09	-2.755e-11	3.247e-07	-3.2494e-07	-1.035e-09	1.4112e-09	-3.119e-11	3.2456e-07	-3.2498e-07	-8.5748e-10	1.3857e-09	-3.287e-11	3.244e-07	-3.2488e-07	-6.858e-10	1.3832e-09	-3.319e-11	3.2268e-07	-3.2344e-07	-4.7654e-10	1.3405e-09	-2.924e-11	3.2258e-07	-3.234e-07	-2.6669e-10	1.3294e-09	-4.079e-11	3.222e-07	-3.2328e-07
1.13	-1.8595e-09	9.946e-10	9.768e-11	3.2696e-07	-3.2624e-07	-1.7667e-09	1.3418e-09	6.78e-12	3.2484e-07	-3.2446e-07	-1.637e-09	1.3688e-09	-1.249e-11	3.2544e-07	-3.2524e-07	-1.5006e-09	1.3928e-09	-1.397e-11	3.2544e-07	-3.2502e-07	-1.3324e-09	1.3626e-09	-2.248e-11	3.2502e-07	-3.2498e-07	-1.1777e-09	1.3656e-09	-2.168e-11	3.2486e-07	-3.2492e-07	-1.0113e-09	1.3565e-09	-2.774e-11	3.2452e-07	-3.2482e-07	-8.3262e-10	1.3302e-09	-2.546e-11	3.2442e-07	-3.249e-07	-6.6457e-10	1.3269e-09	-2.632e-11	3.2272e-07	-3.2336e-07	-4.575e-10	1.2888e-09	-2.503e-11	3.2254e-07	-3.2342e-07	-2.4817e-10	1.2753e-09	-3.43e-11	3.2228e-07	-3.2324e-07
1.125	-1.8329e-09	9.5242e-10	1.0117e-10	3.2694e-07	-3.262e-07	-1.7439e-09	1.289e-09	1.197e-11	3.2432e-07	-3.2446e-07	-1.6155e-09	1.3178e-09	-3.65e-12	3.2554e-07	-3.2516e-07	-1.4792e-09	1.3406e-09	-1.623e-11	3.2516e-07	-3.2506e-07	-1.3055e-09	1.3119e-09	-1.263e-11	3.2492e-07	-3.25e-07	-1.1576e-09	1.3137e-09	-2.133e-11	3.2476e-07	-3.2498e-07	-9.8824e-10	1.2983e-09	-2.342e-11	3.2456e-07	-3.2482e-07	-8.1399e-10	1.2797e-09	-2.352e-11	3.2446e-07	-3.249e-07	-6.4363e-10	1.2766e-09	-2.349e-11	3.2264e-07	-3.233e-07	-4.3638e-10	1.2383e-09	-2.021e-11	3.2266e-07	-3.2346e-07	-2.2827e-10	1.225e-09	-2.735e-11	3.223e-07	-3.2332e-07
1.12	-1.8118e-09	9.145e-10	1.0596e-10	3.269e-07	-3.2612e-07	-1.7217e-09	1.2424e-09	1.79e-11	3.2488e-07	-3.2442e-07	-1.5927e-09	1.2709e-09	2.21e-12	3.2556e-07	-3.2524e-07	-1.4596e-09	1.2909e-09	-7.23e-12	3.252e-07	-3.252e-07	-1.2887e-09	1.265e-09	-1.175e-11	3.2502e-07	-3.2502e-07	-1.1343e-09	1.2647e-09	-1.53e-11	3.2482e-07	-3.25e-07	-9.6292e-10	1.2487e-09	-1.192e-11	3.2464e-07	-3.2494e-07	-7.9064e-10	1.2321e-09	-1.171e-11	3.2442e-07	-3.2488e-07	-6.2223e-10	1.2289e-09	-1.625e-11	3.2272e-07	-3.2326e-07	-4.1678e-10	1.1933e-09	-1.932e-11	3.2272e-07	-3.2336e-07	-2.1022e-10	1.1799e-09	-2.829e-11	3.2234e-07	-3.2332e-07
1.115	-1.7891e-09	8.7898e-10	1.1273e-10	3.2694e-07	-3.2618e-07	-1.7001e-09	1.1969e-09	2.543e-11	3.2494e-07	-3.244e-07	-1.5794e-09	1.2242e-09	4.9e-13	3.255e-07	-3.2516e-07	-1.4456e-09	1.244e-09	-2.59e-12	3.2512e-07	-3.2506e-07	-1.2693e-09	1.2182e-09	-7.25e-12	3.25e-07	-3.2496e-07	-1.1166e-09	1.219e-09	-1.291e-11	3.2486e-07	-3.2494e-07	-9.4379e-10	1.2035e-09	-1.218e-11	3.2464e-07	-3.2478e-07	-7.7439e-10	1.1868e-09	-1.286e-11	3.2448e-07	-3.2484e-07	-6.0558e-10	1.1837e-09	-2.048e-11	3.2272e-07	-3.233e-07	-3.9679e-10	1.1484e-09	-1.023e-11	3.2262e-07	-3.2344e-07	-1.9316e-10	1.1364e-09	-2.117e-11	3.2236e-07	-3.231e-07
1.11	-1.7722e-09	8.4171e-10	1.0874e-10	3.2702e-07	-3.2624e-07	-1.6814e-09	1.1549e-09	2.482e-11	3.2492e-07	-3.244e-07	-1.5552e-09	1.1823e-09	7.48e-12	3.2548e-07	-3.2524e-07	-1.4184e-09	1.2022e-09	3.95e-12	3.2536e-07	-3.2514e-07	-1.2491e-09	1.1761e-09	1.54e-12	3.2504e-07	-3.2498e-07	-1.0978e-09	1.176e-09	-3.55e-12	3.2482e-07	-3.2496e-07	-9.2583e-10	1.1618e-09	-6.16e-12	3.2468e-07	-3.2492e-07	-7.5595e-10	1.1445e-09	-8.41e-12	3.244e-07	-3.2486e-07	-5.8458e-10	1.1406e-09	-8.19e-12	3.228e-07	-3.2328e-07	-3.8082e-10	1.1086e-09	-1.177e-11	3.227e-07	-3.234e-07	-1.7763e-10	1.0935e-09	-2.042e-11	3.2246e-07	-3.2328e-07
1.105	-1.7588e-09	8.1122e-10	1.1554e-10	3.2688e-07	-3.2618e-07	-1.6612e-09	1.1129e-09	3.597e-11	3.2496e-07	-3.244e-07	-1.538e-09	1.1393e-09	1.199e-11	3.2554e-07	-3.2512e-07	-1.398e-09	1.1586e-09	6.55e-12	3.253e-07	-3.2526e-07	-1.2331e-09	1.1379e-09	1.74e-12	3.2498e-07	-3.2496e-07	-1.0812e-09	1.1347e-09	-7.43e-12	3.2492e-07	-3.2496e-07	-9.0645e-10	1.1199e-09	-5.42e-12	3.2464e-07	-3.248e-07	-7.3617e-10	1.1036e-09	-2.4e-13	3.2452e-07	-3.2488e-07	-5.6665e-10	1.1015e-09	-8.43e-12	3.2284e-07	-3.2338e-07	-3.616e-10	1.0686e-09	-7.72e-12	3.2262e-07	-3.2334e-07	-1.564e-10	1.0549e-09	-9.57e-12	3.2236e-07	-3.233e-07
1.1	-1.739e-09	7.7591e-10	1.1969e-10	3.2692e-07	-3.261e-07	-1.6437e-09	1.0751e-09	3.968e-11	3.2492e-07	-3.2438e-07	-1.5162e-09	1.1046e-09	1.583e-11	3.2546e-07	-3.2514e-07	-1.3841e-09	1.1212e-09	9.85e-12	3.2528e-07	-3.2506e-07	-1.2158e-09	1.0976e-09	7.54e-12	3.2506e-07	-3.2498e-07	-1.059e-09	1.0945e-09	3.84e-12	3.2486e-07	-3.249e-07	-8.896e-10	1.0831e-09	1.93e-12	3.2464e-07	-3.2486e-07	-7.2148e-10	1.0659e-09	-1.8e-13	3.245e-07	-3.2486e-07	-5.4822e-10	1.0628e-09	-5.23e-12	3.229e-07	-3.2328e-07	-3.4354e-10	1.0311e-09	-5.02e-12	3.2268e-07	-3.2338e-07	-1.39e-10	1.02e-09	-1.086e-11	3.2246e-07	-3.2338e-07
1.095	-1.7241e-09	7.5102e-10	1.1927e-10	3.2682e-07	-3.2604e-07	-1.623e-09	1.041e-09	4.126e-11	3.2498e-07	-3.2446e-07	-1.4994e-09	1.0658e-09	1.883e-11	3.2558e-07	-3.2524e-07	-1.3624e-09	1.0825e-09	1.858e-11	3.253e-07	-3.251e-07	-1.1994e-09	1.0617e-09	8.63e-12	3.2508e-07	-3.2496e-07	-1.0438e-09	1.0592e-09	5.82e-12	3.2486e-07	-3.2488e-07	-8.6937e-10	1.0473e-09	5.83e-12	3.2472e-07	-3.2488e-07	-7.0251e-10	1.0305e-09	5.38e-12	3.245e-07	-3.2486e-07	-5.303e-10	1.0273e-09	1.56e-12	3.2284e-07	-3.2326e-07	-3.2645e-10	9.97e-10	-1.11e-12	3.2272e-07	-3.234e-07	-1.2278e-10	9.7957e-10	-4.52e-12	3.2238e-07	-3.2334e-07
1.09	-1.7055e-09	7.198e-10	1.2774e-10	3.2684e-07	-3.2604e-07	-1.6078e-09	1.0034e-09	4.805e-11	3.25e-07	-3.2436e-07	-1.4855e-09	1.0287e-09	2.45e-11	3.2584e-07	-3.2546e-07	-1.3484e-09	1.0487e-09	1.936e-11	3.2536e-07	-3.25e-07	-1.1786e-09	1.0259e-09	1.865e-11	3.2504e-07	-3.2494e-07	-1.0247e-09	1.0246e-09	9.56e-12	3.2482e-07	-3.2488e-07	-8.5688e-10	1.0125e-09	4.96e-12	3.247e-07	-3.2482e-07	-6.8611e-10	9.9331e-10	6.3e-13	3.2458e-07	-3.2488e-07	-5.1471e-10	9.8959e-10	1.4e-13	3.2284e-07	-3.2334e-07	-3.1056e-10	9.6161e-10	9.2e-13	3.2278e-07	-3.2348e-07	-1.0272e-10	9.4601e-10	3.23e-12	3.225e-07	-3.2338e-07
1.085	-1.691e-09	6.9297e-10	1.2785e-10	3.2684e-07	-3.2608e-07	-1.5943e-09	9.6677e-10	5.281e-11	3.243e-07	-3.2442e-07	-1.4662e-09	9.971e-10	2.908e-11	3.2554e-07	-3.2512e-07	-1.3282e-09	1.0149e-09	2.332e-11	3.253e-07	-3.2514e-07	-1.1648e-09	9.8866e-10	2.014e-11	3.2514e-07	-3.2502e-07	-1.007e-09	9.8808e-10	1.739e-11	3.25e-07	-3.2488e-07	-8.3959e-10	9.7564e-10	1.151e-11	3.2474e-07	-3.2488e-07	-6.6531e-10	9.5953e-10	9.34e-12	3.2454e-07	-3.249e-07	-4.9315e-10	9.5736e-10	5.81e-12	3.2284e-07	-3.2328e-07	-2.9291e-10	9.271e-10	6.23e-12	3.2268e-07	-3.234e-07	-8.67e-11	9.1578e-10	1.12e-12	3.2246e-07	-3.2326e-07
1.08	-1.6704e-09	6.6859e-10	1.3763e-10	3.269e-07	-3.2602e-07	-1.5692e-09	9.3703e-10	5.528e-11	3.2498e-07	-3.244e-07	-1.4487e-09	9.6253e-10	4.146e-11	3.2564e-07	-3.2514e-07	-1.3123e-09	9.7887e-10	2.913e-11	3.2526e-07	-3.2504e-07	-1.145e-09	9.5727e-10	2.084e-11	3.2514e-07	-3.2494e-07	-9.8546e-10	9.5306e-10	1.91e-11	3.2524e-07	-3.2494e-07	-8.1955e-10	9.4513e-10	1.556e-11	3.2476e-07	-3.249e-07	-6.4895e-10	9.298e-10	1.142e-11	3.2462e-07	-3.2488e-07	-4.7975e-10	9.258e-10	3.42e-12	3.2292e-07	-3.2334e-07	-2.7497e-10	8.9768e-10	1.142e-11	3.2274e-07	-3.2344e-07	-7.171e-11	8.8584e-10	4.39e-12	3.2248e-07	-3.2322e-07
1.075	-1.66e-09	6.4245e-10	1.3405e-10	3.2692e-07	-3.26e-07	-1.5531e-09	9.0583e-10	5.901e-11	3.2488e-07	-3.2368e-07	-1.4241e-09	9.3098e-10	4.754e-11	3.257e-07	-3.2518e-07	-1.2981e-09	9.4795e-10	3.46e-11	3.2534e-07	-3.2512e-07	-1.1277e-09	9.2772e-10	3.379e-11	3.2516e-07	-3.25e-07	-9.6651e-10	9.2274e-10	2.503e-11	3.2492e-07	-3.249e-07	-8.0631e-10	9.1509e-10	1.536e-11	3.2476e-07	-3.249e-07	-6.3514e-10	8.9843e-10	1.347e-11	3.2464e-07	-3.249e-07	-4.639e-10	8.9596e-10	1.42e-11	3.2286e-07	-3.2342e-07	-2.6168e-10	8.6799e-10	1.346e-11	3.2276e-07	-3.2338e-07	-5.622e-11	8.5737e-10	9.02e-12	3.2248e-07	-3.2332e-07
1.07	-1.6442e-09	6.2091e-10	1.421e-10	3.2686e-07	-3.2596e-07	-1.542e-09	8.7756e-10	6.456e-11	3.2506e-07	-3.2436e-07	-1.4135e-09	9.0309e-10	4.828e-11	3.255e-07	-3.2512e-07	-1.2788e-09	9.193e-10	3.728e-11	3.254e-07	-3.2506e-07	-1.1125e-09	8.9919e-10	3.127e-11	3.2512e-07	-3.25e-07	-9.5131e-10	8.9481e-10	2.807e-11	3.249e-07	-3.2488e-07	-7.9068e-10	8.8644e-10	2.442e-11	3.2468e-07	-3.2486e-07	-6.2121e-10	8.706e-10	2.13e-11	3.247e-07	-3.2494e-07	-4.4849e-10	8.6709e-10	1.658e-11	3.2296e-07	-3.2334e-07	-2.4679e-10	8.405e-10	1.691e-11	3.2278e-07	-3.2334e-07	-4.046e-11	8.3147e-10	1.035e-11	3.2242e-07	-3.2328e-07
1.065	-1.6234e-09	5.9497e-10	1.4969e-10	3.268e-07	-3.2586e-07	-1.5201e-09	8.5119e-10	7.01e-11	3.2492e-07	-3.244e-07	-1.399e-09	8.7668e-10	5.114e-11	3.2572e-07	-3.2514e-07	-1.269e-09	8.901e-10	3.929e-11	3.2534e-07	-3.2506e-07	-1.0982e-09	8.7308e-10	3.718e-11	3.2522e-07	-3.2494e-07	-9.4098e-10	8.6618e-10	2.853e-11	3.2504e-07	-3.2488e-07	-7.7801e-10	8.5919e-10	2.828e-11	3.2472e-07	-3.2484e-07	-6.0306e-10	8.4449e-10	2.379e-11	3.2462e-07	-3.249e-07	-4.3361e-10	8.4059e-10	1.977e-11	3.229e-07	-3.2328e-07	-2.3198e-10	8.1459e-10	2.572e-11	3.2272e-07	-3.2332e-07	-2.735e-11	8.038e-10	1.177e-11	3.2242e-07	-3.2332e-07
1.06	-1.612e-09	5.7888e-10	1.4815e-10	3.2686e-07	-3.2602e-07	-1.5105e-09	8.2531e-10	6.748e-11	3.2498e-07	-3.244e-07	-1.3806e-09	8.4927e-10	5.247e-11	3.2566e-07	-3.2506e-07	-1.2507e-09	8.6385e-10	4.902e-11	3.2538e-07	-3.25e-07	-1.0848e-09	8.4484e-10	4.385e-11	3.252e-07	-3.2506e-07	-9.2508e-10	8.406e-10	3.774e-11	3.249e-07	-3.249e-07	-7.6173e-10	8.3314e-10	3.168e-11	3.2474e-07	-3.2486e-07	-5.8897e-10	8.183e-10	2.863e-11	3.2462e-07	-3.249e-07	-4.1727e-10	8.1305e-10	2.55e-11	3.2292e-07	-3.233e-07	-2.1887e-10	7.9058e-10	2.416e-11	3.2266e-07	-3.234e-07	-1.385e-11	7.7958e-10	1.441e-11	3.2262e-07	-3.2324e-07
1.055	-1.5991e-09	5.531e-10	1.5302e-10	3.2678e-07	-3.259e-07	-1.4934e-09	7.9758e-10	7.684e-11	3.2506e-07	-3.2382e-07	-1.371e-09	8.2472e-10	5.953e-11	3.2562e-07	-3.2508e-07	-1.2371e-09	8.3861e-10	4.895e-11	3.254e-07	-3.25e-07	-1.0719e-09	8.2041e-10	4.787e-11	3.2518e-07	-3.2496e-07	-9.1381e-10	8.1555e-10	3.708e-11	3.2496e-07	-3.2496e-07	-7.4956e-10	8.0652e-10	3.67e-11	3.248e-07	-3.2486e-07	-5.7785e-10	7.9236e-10	3.107e-11	3.2462e-07	-3.248e-07	-4.0324e-10	7.8959e-10	2.869e-11	3.2292e-07	-3.2338e-07	-2.059e-10	7.6584e-10	2.72e-11	3.228e-07	-3.2334e-07	3.38e-12	7.5493e-10	1.927e-11	3.2258e-07	-3.2324e-07
1.05	-1.5861e-09	5.3717e-10	1.5605e-10	3.2674e-07	-3.2594e-07	-1.4807e-09	7.7528e-10	7.893e-11	3.2498e-07	-3.2442e-07	-1.3563e-09	7.9831e-10	6.355e-11	3.2566e-07	-3.2506e-07	-1.223e-09	8.1343e-10	5.328e-11	3.254e-07	-3.2496e-07	-1.0565e-09	7.9679e-10	5.145e-11	3.2518e-07	-3.2498e-07	-8.9544e-10	7.9086e-10	4.019e-11	3.249e-07	-3.2484e-07	-7.3056e-10	7.8406e-10	4.203e-11	3.248e-07	-3.2486e-07	-5.6188e-10	7.6959e-10	3.919e-11	3.2468e-07	-3.2488e-07	-3.8992e-10	7.6682e-10	3.398e-11	3.2284e-07	-3.2338e-07	-1.9028e-10	7.4338e-10	3.29e-11	3.2274e-07	-3.2324e-07	1.474e-11	7.3357e-10	1.894e-11	3.2254e-07	-3.232e-07
1.045	-1.5679e-09	5.1646e-10	1.6131e-10	3.2682e-07	-3.2598e-07	-1.4683e-09	7.5194e-10	8.541e-11	3.2498e-07	-3.244e-07	-1.3471e-09	7.7751e-10	6.343e-11	3.2558e-07	-3.2518e-07	-1.2077e-09	7.8928e-10	5.971e-11	3.2534e-07	-3.2508e-07	-1.0451e-09	7.7133e-10	5.466e-11	3.252e-07	-3.2498e-07	-8.8375e-10	7.6833e-10	4.606e-11	3.2488e-07	-3.2488e-07	-7.1788e-10	7.6141e-10	4.22e-11	3.2474e-07	-3.2478e-07	-5.4749e-10	7.4727e-10	4.131e-11	3.2464e-07	-3.2488e-07	-3.7602e-10	7.4273e-10	3.275e-11	3.229e-07	-3.2332e-07	-1.7414e-10	7.2103e-10	3.449e-11	3.2284e-07	-3.2338e-07	2.789e-11	7.0956e-10	2.275e-11	3.2252e-07	-3.2318e-07
1.04	-1.5578e-09	5.0014e-10	1.5914e-10	3.2682e-07	-3.259e-07	-1.4563e-09	7.2752e-10	8.676e-11	3.2504e-07	-3.2438e-07	-1.3307e-09	7.4944e-10	6.789e-11	3.2566e-07	-3.251e-07	-1.1943e-09	7.6574e-10	6.402e-11	3.2534e-07	-3.2504e-07	-1.0316e-09	7.5028e-10	6.269e-11	3.2516e-07	-3.25e-07	-8.6927e-10	7.4535e-10	5.096e-11	3.2488e-07	-3.2482e-07	-7.075e-10	7.3872e-10	4.389e-11	3.2482e-07	-3.2494e-07	-5.3446e-10	7.2423e-10	4.376e-11	3.2468e-07	-3.2486e-07	-3.6258e-10	7.2204e-10	4.15e-11	3.2294e-07	-3.2334e-07	-1.6581e-10	6.9991e-10	3.526e-11	3.2276e-07	-3.2328e-07	4.161e-11	6.8951e-10	2.821e-11	3.2244e-07	-3.233e-07
1.035	-1.5442e-09	4.8226e-10	1.6515e-10	3.2688e-07	-3.2598e-07	-1.4422e-09	7.0474e-10	9.458e-11	3.25e-07	-3.243e-07	-1.3209e-09	7.3203e-10	7.57e-11	3.2572e-07	-3.252e-07	-1.1832e-09	7.4462e-10	6.76e-11	3.2546e-07	-3.2518e-07	-1.0199e-09	7.2929e-10	6.286e-11	3.2514e-07	-3.2506e-07	-8.5659e-10	7.2422e-10	5.31e-11	3.2498e-07	-3.249e-07	-6.9298e-10	7.1668e-10	5.236e-11	3.248e-07	-3.248e-07	-5.227e-10	7.0292e-10	5.091e-11	3.2462e-07	-3.2488e-07	-3.5004e-10	7.0099e-10	4.42e-11	3.229e-07	-3.2326e-07	-1.5152e-10	6.7819e-10	3.98e-11	3.2276e-07	-3.234e-07	5.506e-11	6.6873e-10	2.952e-11	3.2252e-07	-3.2328e-07
1.03	-1.5318e-09	4.632e-10	1.7079e-10	3.2676e-07	-3.26e-07	-1.4286e-09	6.8492e-10	1.0227e-10	3.2506e-07	-3.244e-07	-1.303e-09	7.0732e-10	8.239e-11	3.2566e-07	-3.2512e-07	-1.1745e-09	7.2095e-10	7.096e-11	3.2544e-07	-3.25e-07	-1.0075e-09	7.0759e-10	6.612e-11	3.2522e-07	-3.2494e-07	-8.4741e-10	7.0054e-10	5.693e-11	3.25e-07	-3.248e-07	-6.8036e-10	6.9733e-10	5.361e-11	3.248e-07	-3.2488e-07	-5.0871e-10	6.84e-10	5.466e-11	3.2468e-07	-3.248e-07	-3.3751e-10	6.8003e-10	4.309e-11	3.229e-07	-3.2326e-07	-1.387e-10	6.5845e-10	4.289e-11	3.2276e-07	-3.2334e-07	6.601e-11	6.4804e-10	3.029e-11	3.225e-07	-3.2322e-07
1.025	-1.5244e-09	4.4999e-10	1.7163e-10	3.2684e-07	-3.259e-07	-1.4212e-09	6.6364e-10	9.975e-11	3.25e-07	-3.2368e-07	-1.2955e-09	6.8352e-10	8.411e-11	3.257e-07	-3.2518e-07	-1.1606e-09	7.008e-10	7.906e-11	3.2548e-07	-3.25e-07	-9.914e-10	6.8606e-10	7.288e-11	3.2512e-07	-3.2492e-07	-8.3666e-10	6.8172e-10	6.525e-11	3.2496e-07	-3.2482e-07	-6.682e-10	6.7559e-10	5.748e-11	3.2482e-07	-3.2478e-07	-4.9618e-10	6.6186e-10	5.541e-11	3.2464e-07	-3.2488e-07	-3.2769e-10	6.5986e-10	4.93e-11	3.2294e-07	-3.2322e-07	-1.2793e-10	6.3967e-10	4.299e-11	3.228e-07	-3.2338e-07	8.006e-11	6.2764e-10	3.712e-11	3.2246e-07	-3.232e-07
1.02	-1.5123e-09	4.3001e-10	1.7587e-10	3.2684e-07	-3.2584e-07	-1.4123e-09	6.4273e-10	1.1403e-10	3.2504e-07	-3.244e-07	-1.2812e-09	6.6666e-10	9.849e-11	3.2468e-07	-3.2426e-07	-1.1447e-09	6.8157e-10	8.225e-11	3.2538e-07	-3.2502e-07	-9.8078e-10	6.648e-10	7.362e-11	3.2518e-07	-3.2494e-07	-8.2374e-10	6.632e-10	6.773e-11	3.25e-07	-3.2484e-07	-6.574e-10	6.5697e-10	6.31e-11	3.2476e-07	-3.2488e-07	-4.9067e-10	6.4481e-10	6.248e-11	3.2472e-07	-3.2496e-07	-3.1493e-10	6.4165e-10	5.342e-11	3.2298e-07	-3.2328e-07	-1.1878e-10	6.1977e-10	4.703e-11	3.2276e-07	-3.2332e-07	9.289e-11	6.0881e-10	4.1e-11	3.2248e-07	-3.2328e-07
1.015	-1.5052e-09	4.1871e-10	1.7922e-10	3.2684e-07	-3.26e-07	-1.4014e-09	6.2397e-10	1.1593e-10	3.2504e-07	-3.244e-07	-1.2737e-09	6.4206e-10	1.0278e-10	3.2464e-07	-3.2418e-07	-1.1367e-09	6.617e-10	8.595e-11	3.254e-07	-3.2506e-07	-9.7038e-10	6.4533e-10	8.134e-11	3.2518e-07	-3.2488e-07	-8.1187e-10	6.4312e-10	7.301e-11	3.2494e-07	-3.2484e-07	-6.4435e-10	6.3787e-10	6.984e-11	3.2474e-07	-3.2492e-07	-4.7661e-10	6.2591e-10	6.788e-11	3.247e-07	-3.249e-07	-3.0161e-10	6.2342e-10	5.42e-11	3.2296e-07	-3.2344e-07	-1.0597e-10	6.0193e-10	5.216e-11	3.2286e-07	-3.2336e-07	1.0347e-10	5.9163e-10	4.051e-11	3.2248e-07	-3.2332e-07
1.01	-1.4928e-09	4.008e-10	1.8878e-10	3.2678e-07	-3.259e-07	-1.392e-09	6.0485e-10	1.2541e-10	3.2514e-07	-3.2442e-07	-1.2638e-09	6.3059e-10	1.0793e-10	3.2476e-07	-3.2428e-07	-1.1248e-09	6.4236e-10	9.231e-11	3.2542e-07	-3.2508e-07	-9.618e-10	6.2671e-10	8.937e-11	3.2522e-07	-3.25e-07	-8.0411e-10	6.2411e-10	8.094e-11	3.2496e-07	-3.248e-07	-6.364e-10	6.1933e-10	7.096e-11	3.248e-07	-3.2484e-07	-4.675e-10	6.1036e-10	6.713e-11	3.2466e-07	-3.2488e-07	-2.9527e-10	6.0453e-10	5.834e-11	3.2296e-07	-3.2328e-07	-9.253e-11	5.8463e-10	5.633e-11	3.2274e-07	-3.234e-07	1.1418e-10	5.7199e-10	4.568e-11	3.2252e-07	-3.2326e-07
1.005	-1.4865e-09	3.8812e-10	1.88e-10	3.2682e-07	-3.2584e-07	-1.3823e-09	5.8567e-10	1.2866e-10	3.2504e-07	-3.2438e-07	-1.2527e-09	6.0305e-10	1.1344e-10	3.2474e-07	-3.2414e-07	-1.1144e-09	6.2373e-10	1.0159e-10	3.2548e-07	-3.2516e-07	-9.5409e-10	6.0883e-10	9.154e-11	3.2516e-07	-3.249e-07	-7.9296e-10	6.0603e-10	8.699e-11	3.2496e-07	-3.2488e-07	-6.2934e-10	6.0118e-10	7.845e-11	3.2486e-07	-3.2486e-07	-4.5676e-10	5.9077e-10	7.475e-11	3.2472e-07	-3.2488e-07	-2.8444e-10	5.8609e-10	6.561e-11	3.2298e-07	-3.2336e-07	-8.28e-11	5.6711e-10	5.577e-11	3.2278e-07	-3.2336e-07	1.2546e-10	5.5682e-10	4.862e-11	3.2252e-07	-3.2318e-07
1	-1.476e-09	3.7198e-10	1.9847e-10	3.2684e-07	-3.2592e-07	-1.3739e-09	5.6699e-10	1.3909e-10	3.25e-07	-3.244e-07	-1.2464e-09	5.9667e-10	1.2227e-10	3.2414e-07	-3.2358e-07	-1.113e-09	6.0794e-10	1.0256e-10	3.2544e-07	-3.2502e-07	-9.4687e-10	5.9127e-10	9.917e-11	3.2512e-07	-3.249e-07	-7.849e-10	5.8833e-10	9.064e-11	3.2504e-07	-3.2494e-07	-6.2069e-10	5.8355e-10	8.558e-11	3.248e-07	-3.2484e-07	-4.4854e-10	5.7441e-10	7.774e-11	3.2468e-07	-3.249e-07	-2.7529e-10	5.7056e-10	6.782e-11	3.229e-07	-3.234e-07	-7.432e-11	5.5006e-10	6.32e-11	3.2278e-07	-3.2332e-07	1.3888e-10	5.4016e-10	5.01e-11	3.2248e-07	-3.2326e-07
0.995	-1.4648e-09	3.5808e-10	2.0648e-10	3.2678e-07	-3.2588e-07	-1.3684e-09	5.5147e-10	1.4995e-10	3.2504e-07	-3.2434e-07	-1.2337e-09	5.7027e-10	1.283e-10	3.2478e-07	-3.2424e-07	-1.1024e-09	5.8849e-10	1.1157e-10	3.254e-07	-3.2496e-07	-9.4115e-10	5.7344e-10	1.0842e-10	3.2524e-07	-3.2494e-07	-7.7581e-10	5.691e-10	1.0173e-10	3.2494e-07	-3.2488e-07	-6.1499e-10	5.6839e-10	9.146e-11	3.2476e-07	-3.2484e-07	-4.4055e-10	5.588e-10	8.411e-11	3.2468e-07	-3.2486e-07	-2.6543e-10	5.52e-10	7.312e-11	3.2296e-07	-3.2334e-07	-6.338e-11	5.3377e-10	6.712e-11	3.2266e-07	-3.2322e-07	1.5023e-10	5.2393e-10	5.063e-11	3.225e-07	-3.2328e-07
0.99	-1.4626e-09	3.4589e-10	2.1264e-10	3.2678e-07	-3.2586e-07	-1.367e-09	5.3386e-10	1.52e-10	3.2504e-07	-3.2434e-07	-1.2314e-09	5.622e-10	1.3285e-10	3.2476e-07	-3.2422e-07	-1.0978e-09	5.7308e-10	1.1972e-10	3.2536e-07	-3.2502e-07	-9.3146e-10	5.5798e-10	1.1592e-10	3.2518e-07	-3.2488e-07	-7.7037e-10	5.5549e-10	1.085e-10	3.2528e-07	-3.252e-07	-6.0719e-10	5.5116e-10	9.989e-11	3.2484e-07	-3.2488e-07	-4.3561e-10	5.4008e-10	8.583e-11	3.2474e-07	-3.2494e-07	-2.5888e-10	5.3463e-10	8.068e-11	3.229e-07	-3.2324e-07	-5.47e-11	5.1905e-10	6.949e-11	3.2278e-07	-3.2324e-07	1.605e-10	5.0782e-10	5.63e-11	3.2252e-07	-3.2322e-07
0.985	-1.4602e-09	3.3033e-10	2.2205e-10	3.2674e-07	-3.2584e-07	-1.3625e-09	5.1621e-10	1.6921e-10	3.2426e-07	-3.2368e-07	-1.2318e-09	5.3896e-10	1.4406e-10	3.2402e-07	-3.2352e-07	-1.0946e-09	5.56e-10	1.3099e-10	3.254e-07	-3.25e-07	-9.2621e-10	5.4076e-10	1.2238e-10	3.2552e-07	-3.2526e-07	-7.6794e-10	5.395e-10	1.1738e-10	3.2496e-07	-3.2492e-07	-6.0322e-10	5.3478e-10	1.0907e-10	3.2482e-07	-3.2492e-07	-4.3239e-10	5.2577e-10	9.482e-11	3.248e-07	-3.249e-07	-2.515e-10	5.207e-10	8.994e-11	3.2292e-07	-3.2334e-07	-4.572e-11	5.0242e-10	7.504e-11	3.227e-07	-3.2324e-07	1.7393e-10	4.9437e-10	5.738e-11	3.2196e-07	-3.2272e-07
0.98	-1.4563e-09	3.1928e-10	2.3276e-10	3.2674e-07	-3.258e-07	-1.3593e-09	5.0024e-10	1.7562e-10	3.2508e-07	-3.2442e-07	-1.2287e-09	5.2699e-10	1.5614e-10	3.2474e-07	-3.242e-07	-1.0883e-09	5.3925e-10	1.3897e-10	3.2548e-07	-3.2502e-07	-9.2429e-10	5.2464e-10	1.3773e-10	3.2524e-07	-3.25e-07	-7.6245e-10	5.2315e-10	1.2681e-10	3.2506e-07	-3.249e-07	-5.9631e-10	5.2017e-10	1.2051e-10	3.2476e-07	-3.2484e-07	-4.2378e-10	5.0989e-10	1.0597e-10	3.2464e-07	-3.2494e-07	-2.4476e-10	5.0445e-10	9.336e-11	3.2296e-07	-3.233e-07	-4.033e-11	4.893e-10	7.977e-11	3.2274e-07	-3.2328e-07	1.8157e-10	4.7865e-10	5.613e-11	3.226e-07	-3.2316e-07
0.975	-1.4548e-09	3.0418e-10	2.4988e-10	3.2678e-07	-3.258e-07	-1.3522e-09	4.8658e-10	1.9202e-10	3.2506e-07	-3.2436e-07	-1.2277e-09	5.1196e-10	1.6469e-10	3.2476e-07	-3.2418e-07	-1.0901e-09	5.2285e-10	1.5366e-10	3.2538e-07	-3.2498e-07	-9.2195e-10	5.094e-10	1.4755e-10	3.2514e-07	-3.2494e-07	-7.6157e-10	5.0965e-10	1.3887e-10	3.25e-07	-3.2484e-07	-5.9593e-10	5.038e-10	1.2598e-10	3.2476e-07	-3.249e-07	-4.232e-10	4.9552e-10	1.1051e-10	3.2468e-07	-3.2494e-07	-2.4109e-10	4.8979e-10	1.0151e-10	3.2302e-07	-3.2342e-07	-3.043e-11	4.7437e-10	8.358e-11	3.228e-07	-3.2316e-07	1.9039e-10	4.6378e-10	6.049e-11	3.2254e-07	-3.2318e-07
0.97	-1.4543e-09	2.9411e-10	2.5747e-10	3.2674e-07	-3.258e-07	-1.3562e-09	4.6994e-10	1.9902e-10	3.2512e-07	-3.2434e-07	-1.2277e-09	4.9203e-10	1.8063e-10	3.2472e-07	-3.2418e-07	-1.0873e-09	5.0668e-10	1.7077e-10	3.254e-07	-3.2498e-07	-9.2622e-10	4.9468e-10	1.5933e-10	3.2524e-07	-3.2498e-07	-7.5747e-10	4.9316e-10	1.53e-10	3.2504e-07	-3.249e-07	-5.9391e-10	4.8873e-10	1.4205e-10	3.2486e-07	-3.2484e-07	-4.1814e-10	4.7889e-10	1.2548e-10	3.2474e-07	-3.2484e-07	-2.3466e-10	4.7545e-10	1.1365e-10	3.229e-07	-3.2334e-07	-2.429e-11	4.5966e-10	8.652e-11	3.228e-07	-3.233e-07	2.0218e-10	4.5177e-10	6.072e-11	3.2244e-07	-3.2332e-07
0.965	-1.4612e-09	2.7911e-10	2.7716e-10	3.2662e-07	-3.2578e-07	-1.3584e-09	4.5571e-10	2.2168e-10	3.2498e-07	-3.2446e-07	-1.2342e-09	4.8289e-10	1.9514e-10	3.2456e-07	-3.2416e-07	-1.0924e-09	4.9309e-10	1.8266e-10	3.2538e-07	-3.2502e-07	-9.2719e-10	4.7808e-10	1.7746e-10	3.2522e-07	-3.2496e-07	-7.6599e-10	4.8075e-10	1.6205e-10	3.2498e-07	-3.248e-07	-5.9378e-10	4.7378e-10	1.5663e-10	3.2482e-07	-3.2492e-07	-4.1831e-10	4.6467e-10	1.3787e-10	3.2472e-07	-3.2484e-07	-2.3329e-10	4.6165e-10	1.1941e-10	3.2296e-07	-3.2326e-07	-2.037e-11	4.4435e-10	9.898e-11	3.2278e-07	-3.233e-07	2.1233e-10	4.3669e-10	6.315e-11	3.2252e-07	-3.2326e-07
0.96	-1.4695e-09	2.6901e-10	2.9525e-10	3.267e-07	-3.258e-07	-1.3634e-09	4.4113e-10	2.393e-10	3.2508e-07	-3.2438e-07	-1.2385e-09	4.6158e-10	2.1352e-10	3.247e-07	-3.2412e-07	-1.0915e-09	4.7645e-10	2.0416e-10	3.2536e-07	-3.2502e-07	-9.3424e-10	4.659e-10	1.936e-10	3.252e-07	-3.2494e-07	-7.6565e-10	4.6427e-10	1.8346e-10	3.2502e-07	-3.2492e-07	-5.9947e-10	4.6161e-10	1.6803e-10	3.2474e-07	-3.2482e-07	-4.1854e-10	4.5195e-10	1.5358e-10	3.2468e-07	-3.2488e-07	-2.3329e-10	4.4681e-10	1.3373e-10	3.2296e-07	-3.2326e-07	-1.382e-11	4.3131e-10	1.0313e-10	3.2276e-07	-3.2322e-07	2.2054e-10	4.2347e-10	6.137e-11	3.225e-07	-3.232e-07
0.955	-1.4765e-09	2.5616e-10	3.1672e-10	3.267e-07	-3.2572e-07	-1.3735e-09	4.2877e-10	2.5695e-10	3.2506e-07	-3.2442e-07	-1.2491e-09	4.5661e-10	2.338e-10	3.247e-07	-3.2412e-07	-1.105e-09	4.6363e-10	2.2613e-10	3.254e-07	-3.2506e-07	-9.4031e-10	4.5231e-10	2.1604e-10	3.2528e-07	-3.249e-07	-7.7205e-10	4.5104e-10	2.0248e-10	3.2498e-07	-3.249e-07	-6.0398e-10	4.4643e-10	1.8895e-10	3.2482e-07	-3.2486e-07	-4.2222e-10	4.3715e-10	1.6737e-10	3.2474e-07	-3.2492e-07	-2.3344e-10	4.3309e-10	1.4696e-10	3.2292e-07	-3.2332e-07	-1.415e-11	4.1769e-10	1.0956e-10	3.2278e-07	-3.2332e-07	2.3238e-10	4.0915e-10	6.936e-11	3.2252e-07	-3.2326e-07
0.95	-1.4895e-09	2.4395e-10	3.4095e-10	3.2666e-07	-3.2572e-07	-1.3834e-09	4.13e-10	2.8673e-10	3.2504e-07	-3.244e-07	-1.2613e-09	4.3255e-10	2.5867e-10	3.247e-07	-3.2422e-07	-1.114e-09	4.4878e-10	2.5278e-10	3.254e-07	-3.2502e-07	-9.5274e-10	4.3768e-10	2.338e-10	3.2522e-07	-3.2494e-07	-7.8327e-10	4.3792e-10	2.2249e-10	3.2498e-07	-3.2484e-07	-6.1062e-10	4.3423e-10	2.0719e-10	3.248e-07	-3.2482e-07	-4.3046e-10	4.2342e-10	1.8934e-10	3.2462e-07	-3.2496e-07	-2.3429e-10	4.2004e-10	1.6438e-10	3.2298e-07	-3.2326e-07	-9.55e-12	4.0374e-10	1.2373e-10	3.2278e-07	-3.2334e-07	2.4265e-10	3.9762e-10	6.804e-11	3.2256e-07	-3.2322e-07
0.945	-1.5046e-09	2.3379e-10	3.7188e-10	3.2654e-07	-3.2576e-07	-1.4036e-09	4.0012e-10	3.1335e-10	3.25e-07	-3.2434e-07	-1.2738e-09	4.2582e-10	2.8973e-10	3.2476e-07	-3.2418e-07	-1.1317e-09	4.3551e-10	2.7647e-10	3.2572e-07	-3.2526e-07	-9.664e-10	4.2513e-10	2.6685e-10	3.2524e-07	-3.2496e-07	-7.9714e-10	4.2219e-10	2.4986e-10	3.2498e-07	-3.2482e-07	-6.2178e-10	4.2134e-10	2.3416e-10	3.2498e-07	-3.2498e-07	-4.389e-10	4.0991e-10	2.1372e-10	3.2464e-07	-3.2486e-07	-2.4132e-10	4.0614e-10	1.7733e-10	3.23e-07	-3.2332e-07	-1.016e-11	3.9272e-10	1.3129e-10	3.2278e-07	-3.2336e-07	2.4961e-10	3.8399e-10	6.711e-11	3.2254e-07	-3.232e-07
0.94	-1.5269e-09	2.2085e-10	4.0982e-10	3.2666e-07	-3.2576e-07	-1.4266e-09	3.8803e-10	3.4817e-10	3.251e-07	-3.2442e-07	-1.2972e-09	4.0968e-10	3.24e-10	3.248e-07	-3.2422e-07	-1.1534e-09	4.2152e-10	3.1526e-10	3.2546e-07	-3.2496e-07	-9.8576e-10	4.1118e-10	2.9716e-10	3.2518e-07	-3.2496e-07	-8.1884e-10	4.1052e-10	2.7999e-10	3.2504e-07	-3.2488e-07	-6.3733e-10	4.0762e-10	2.5643e-10	3.2484e-07	-3.2486e-07	-4.5122e-10	3.982e-10	2.3273e-10	3.2466e-07	-3.2478e-07	-2.4912e-10	3.9404e-10	1.9877e-10	3.2294e-07	-3.2334e-07	-7.39e-12	3.8059e-10	1.4611e-10	3.2278e-07	-3.2328e-07	2.5869e-10	3.7032e-10	7.538e-11	3.2256e-07	-3.2318e-07
0.935	-1.5585e-09	2.1138e-10	4.4528e-10	3.2668e-07	-3.258e-07	-1.4555e-09	3.7463e-10	3.8552e-10	3.251e-07	-3.244e-07	-1.3237e-09	3.9539e-10	3.634e-10	3.247e-07	-3.2414e-07	-1.1779e-09	4.082e-10	3.5611e-10	3.2542e-07	-3.25e-07	-1.00936e-09	3.9939e-10	3.3038e-10	3.2518e-07	-3.2498e-07	-8.393e-10	3.9734e-10	3.1613e-10	3.25e-07	-3.2494e-07	-6.608e-10	3.9365e-10	2.934e-10	3.2486e-07	-3.2484e-07	-4.7181e-10	3.8226e-10	2.6792e-10	3.247e-07	-3.2486e-07	-2.5981e-10	3.801e-10	2.2502e-10	3.2298e-07	-3.2326e-07	-1.429e-11	3.6778e-10	1.5581e-10	3.228e-07	-3.2334e-07	2.6748e-10	3.6038e-10	7.243e-11	3.2254e-07	-3.2322e-07
0.93	-1.5914e-09	1.9826e-10	4.9199e-10	3.2672e-07	-3.257e-07	-1.4926e-09	3.6166e-10	4.3513e-10	3.2508e-07	-3.2434e-07	-1.3578e-09	3.8481e-10	4.1267e-10	3.2484e-07	-3.2412e-07	-1.2119e-09	3.9645e-10	3.952e-10	3.2546e-07	-3.25e-07	-1.04402e-09	3.8371e-10	3.7855e-10	3.2522e-07	-3.2494e-07	-8.7047e-10	3.8614e-10	3.5258e-10	3.2502e-07	-3.2486e-07	-6.8767e-10	3.8151e-10	3.3291e-10	3.2476e-07	-3.2486e-07	-4.9333e-10	3.737e-10	2.9897e-10	3.2468e-07	-3.2486e-07	-2.7697e-10	3.7005e-10	2.4455e-10	3.2304e-07	-3.2326e-07	-1.993e-11	3.5514e-10	1.8003e-10	3.228e-07	-3.2332e-07	2.7646e-10	3.4682e-10	7.712e-11	3.2258e-07	-3.2328e-07
0.925	-1.634e-09	1.8885e-10	5.5115e-10	3.2662e-07	-3.2576e-07	-1.5316e-09	3.4859e-10	4.9023e-10	3.2498e-07	-3.2436e-07	-1.402e-09	3.6686e-10	4.713e-10	3.2476e-07	-3.2422e-07	-1.2537e-09	3.8136e-10	4.5272e-10	3.254e-07	-3.2496e-07	-1.08545e-09	3.7304e-10	4.2641e-10	3.2554e-07	-3.25e-07	-9.0806e-10	3.724e-10	4.0722e-10	3.25e-07	-3.2484e-07	-7.2125e-10	3.69e-10	3.7334e-10	3.248e-07	-3.2488e-07	-5.2006e-10	3.607e-10	3.3993e-10	3.247e-07	-3.2488e-07	-2.9703e-10	3.5548e-10	2.8132e-10	3.2302e-07	-3.234e-07	-2.802e-11	3.4295e-10	1.9638e-10	3.228e-07	-3.2332e-07	2.841e-10	3.3439e-10	7.552e-11	3.225e-07	-3.2328e-07
0.92	-1.6898e-09	1.7877e-10	6.162e-10	3.2662e-07	-3.2576e-07	-1.5884e-09	3.3721e-10	5.5135e-10	3.25e-07	-3.2436e-07	-1.4627e-09	3.6042e-10	5.2742e-10	3.2474e-07	-3.2356e-07	-1.3094e-09	3.7077e-10	5.114e-10	3.254e-07	-3.2496e-07	-1.13156e-09	3.6042e-10	4.8739e-10	3.2518e-07	-3.2484e-07	-9.5065e-10	3.6172e-10	4.6179e-10	3.2494e-07	-3.2482e-07	-7.6341e-10	3.5677e-10	4.282e-10	3.2484e-07	-3.2484e-07	-5.5544e-10	3.4629e-10	3.8443e-10	3.2462e-07	-3.2484e-07	-3.2325e-10	3.4383e-10	3.1534e-10	3.2302e-07	-3.2326e-07	-4.17e-11	3.3158e-10	2.1598e-10	3.2282e-07	-3.2332e-07	2.9208e-10	3.2361e-10	8.081e-11	3.2254e-07	-3.2328e-07
0.915	-1.7579e-09	1.6847e-10	6.9032e-10	3.2662e-07	-3.2572e-07	-1.6525e-09	3.2438e-10	6.2822e-10	3.2508e-07	-3.2432e-07	-1.5219e-09	3.3952e-10	6.0783e-10	3.2476e-07	-3.2422e-07	-1.371e-09	3.5701e-10	5.9107e-10	3.2544e-07	-3.2496e-07	-1.1944e-09	3.4972e-10	5.616e-10	3.2526e-07	-3.2498e-07	-1.00672e-09	3.4772e-10	5.2636e-10	3.2502e-07	-3.2486e-07	-8.1516e-10	3.4446e-10	4.8775e-10	3.2482e-07	-3.2488e-07	-5.9874e-10	3.36e-10	4.3968e-10	3.2464e-07	-3.2482e-07	-3.5411e-10	3.3343e-10	3.5952e-10	3.2296e-07	-3.2334e-07	-5.624e-11	3.1753e-10	2.4961e-10	3.2278e-07	-3.2332e-07	3.018e-10	3.1165e-10	8.34e-11	3.2254e-07	-3.2326e-07
0.91	-1.8323e-09	1.575e-10	7.806e-10	3.266e-07	-3.2576e-07	-1.7292e-09	3.122e-10	7.1849e-10	3.2504e-07	-3.2436e-07	-1.5933e-09	3.3455e-10	7.0092e-10	3.248e-07	-3.2422e-07	-1.4437e-09	3.4635e-10	6.6552e-10	3.2546e-07	-3.2506e-07	-1.2632e-09	3.3605e-10	6.4611e-10	3.2524e-07	-3.2492e-07	-1.07527e-09	3.3571e-10	6.0659e-10	3.25e-07	-3.2482e-07	-8.7335e-10	3.3348e-10	5.6271e-10	3.2482e-07	-3.2482e-07	-6.496e-10	3.2243e-10	5.0551e-10	3.2468e-07	-3.2488e-07	-3.9196e-10	3.1973e-10	4.0525e-10	3.2302e-07	-3.2332e-07	-7.809e-11	3.0823e-10	2.7504e-10	3.2282e-07	-3.2336e-07	3.0548e-10	3.004e-10	8.208e-11	3.2248e-07	-3.2326e-07
0.905	-1.9267e-09	1.4956e-10	8.8687e-10	3.266e-07	-3.2578e-07	-1.8216e-09	3.0157e-10	8.2402e-10	3.2506e-07	-3.2426e-07	-1.6846e-09	3.1741e-10	7.9842e-10	3.2492e-07	-3.2418e-07	-1.5299e-09	3.3369e-10	7.6978e-10	3.2548e-07	-3.2506e-07	-1.3503e-09	3.2469e-10	7.4276e-10	3.2522e-07	-3.2496e-07	-1.1575e-09	3.2473e-10	7.0059e-10	3.2504e-07	-3.2484e-07	-9.4916e-10	3.2088e-10	6.4269e-10	3.2486e-07	-3.249e-07	-7.1595e-10	3.1231e-10	5.7112e-10	3.2464e-07	-3.248e-07	-4.4243e-10	3.0895e-10	4.6496e-10	3.23e-07	-3.2328e-07	-1.0046e-10	2.9501e-10	3.1608e-10	3.2278e-07	-3.2338e-07	3.153e-10	2.8751e-10	9.402e-11	3.2256e-07	-3.2324e-07
0.9	-2.041e-09	1.3953e-10	1.00683e-09	3.2662e-07	-3.2572e-07	-1.9384e-09	2.8773e-10	9.4131e-10	3.2504e-07	-3.2432e-07	-1.795e-09	3.0815e-10	9.2346e-10	3.2472e-07	-3.2418e-07	-1.6395e-09	3.2156e-10	8.8864e-10	3.2542e-07	-3.2494e-07	-1.4501e-09	3.1447e-10	8.5531e-10	3.2518e-07	-3.249e-07	-1.2554e-09	3.1037e-10	8.0805e-10	3.2496e-07	-3.2478e-07	-1.0374e-09	3.0955e-10	7.4467e-10	3.2484e-07	-3.2482e-07	-7.8951e-10	3.0063e-10	6.655e-10	3.2474e-07	-3.248e-07	-4.9605e-10	2.9784e-10	5.3716e-10	3.2298e-07	-3.2338e-07	-1.3493e-10	2.8539e-10	3.5199e-10	3.229e-07	-3.2332e-07	3.2161e-10	2.7752e-10	9.18e-11	3.2246e-07	-3.232e-07
0.895	-2.18e-09	1.2896e-10	1.1539e-09	3.265e-07	-3.2566e-07	-2.0707e-09	2.7628e-10	1.0923e-09	3.2502e-07	-3.243e-07	-1.932e-09	2.9454e-10	1.06328e-09	3.2486e-07	-3.2416e-07	-1.7641e-09	3.1103e-10	1.02197e-09	3.2546e-07	-3.25e-07	-1.575e-09	3.0255e-10	9.8768e-10	3.2528e-07	-3.2494e-07	-1.368e-09	3.0106e-10	9.3508e-10	3.2494e-07	-3.2488e-07	-1.14148e-09	2.9738e-10	8.6337e-10	3.248e-07	-3.2484e-07	-8.8345e-10	2.9091e-10	7.6123e-10	3.246e-07	-3.2482e-07	-5.7061e-10	2.8699e-10	6.0734e-10	3.2298e-07	-3.2322e-07	-1.7145e-10	2.7412e-10	4.0687e-10	3.2278e-07	-3.2332e-07	3.2792e-10	2.6609e-10	9.829e-11	3.2248e-07	-3.2324e-07
0.89	-2.3344e-09	1.2135e-10	1.3193e-09	3.2658e-07	-3.2572e-07	-2.2276e-09	2.6483e-10	1.2583e-09	3.259e-07	-3.2528e-07	-2.0837e-09	2.8292e-10	1.2234e-09	3.2472e-07	-3.241e-07	-1.9148e-09	2.9748e-10	1.1868e-09	3.2542e-07	-3.2494e-07	-1.7194e-09	2.8975e-10	1.14028e-09	3.2522e-07	-3.249e-07	-1.5024e-09	2.892e-10	1.08426e-09	3.25e-07	-3.2482e-07	-1.27e-09	2.8842e-10	9.9717e-10	3.2486e-07	-3.2488e-07	-9.8766e-10	2.8064e-10	8.804e-10	3.2464e-07	-3.2484e-07	-6.5361e-10	2.739e-10	7.1021e-10	3.2294e-07	-3.2332e-07	-2.2182e-10	2.6332e-10	4.6269e-10	3.2288e-07	-3.2336e-07	3.3436e-10	2.5383e-10	9.905e-11	3.2252e-07	-3.232e-07
0.885	-2.5203e-09	1.1404e-10	1.5217e-09	3.2656e-07	-3.257e-07	-2.4134e-09	2.5275e-10	1.4618e-09	3.2596e-07	-3.2526e-07	-2.2642e-09	2.7189e-10	1.4138e-09	3.2476e-07	-3.2422e-07	-2.0961e-09	2.8835e-10	1.3711e-09	3.254e-07	-3.2496e-07	-1.8942e-09	2.7794e-10	1.3262e-09	3.2518e-07	-3.2494e-07	-1.6701e-09	2.7775e-10	1.2502e-09	3.2498e-07	-3.2484e-07	-1.4194e-09	2.7422e-10	1.1619e-09	3.2478e-07	-3.2482e-07	-1.11924e-09	2.6776e-10	1.02069e-09	3.246e-07	-3.247e-07	-7.5443e-10	2.6401e-10	8.178e-10	3.2296e-07	-3.2328e-07	-2.7705e-10	2.5218e-10	5.2806e-10	3.2282e-07	-3.2336e-07	3.4087e-10	2.4459e-10	1.0815e-10	3.2256e-07	-3.2322e-07
0.88	-2.7441e-09	1.0126e-10	1.757e-09	3.2658e-07	-3.2562e-07	-2.6382e-09	2.4132e-10	1.6897e-09	3.259e-07	-3.2516e-07	-2.4776e-09	2.6915e-10	1.6473e-09	3.247e-07	-3.241e-07	-2.308e-09	2.7613e-10	1.6019e-09	3.2546e-07	-3.2532e-07	-2.097e-09	2.6869e-10	1.5351e-09	3.2526e-07	-3.249e-07	-1.8669e-09	2.6739e-10	1.4614e-09	3.2492e-07	-3.2478e-07	-1.5977e-09	2.6651e-10	1.3469e-09	3.2474e-07	-3.2486e-07	-1.2762e-09	2.5897e-10	1.1773e-09	3.2464e-07	-3.2478e-07	-8.7199e-10	2.5328e-10	9.4738e-10	3.2292e-07	-3.2332e-07	-3.477e-10	2.3939e-10	6.1514e-10	3.2292e-07	-3.2338e-07	3.4484e-10	2.3229e-10	1.0872e-10	3.225e-07	-3.2322e-07
0.875	-3.0139e-09	9.366e-11	2.0348e-09	3.2652e-07	-3.2572e-07	-2.9069e-09	2.3015e-10	1.965e-09	3.259e-07	-3.2518e-07	-2.7447e-09	2.4984e-10	1.9131e-09	3.2472e-07	-3.2418e-07	-2.5599e-09	2.6545e-10	1.8604e-09	3.254e-07	-3.2496e-07	-2.3395e-09	2.5772e-10	1.7975e-09	3.252e-07	-3.2492e-07	-2.0962e-09	2.5459e-10	1.7011e-09	3.2494e-07	-3.2484e-07	-1.8102e-09	2.5302e-10	1.5706e-09	3.2476e-07	-3.2488e-07	-1.4614e-09	2.472e-10	1.3793e-09	3.2458e-07	-3.248e-07	-1.01441e-09	2.405e-10	1.10149e-09	3.2296e-07	-3.232e-07	-4.3124e-10	2.2904e-10	7.0191e-10	3.2286e-07	-3.2336e-07	3.4781e-10	2.2183e-10	1.133e-10	3.2256e-07	-3.2318e-07
0.87	-3.3326e-09	8.367e-11	2.3584e-09	3.2652e-07	-3.2564e-07	-3.2172e-09	2.1823e-10	2.2884e-09	3.259e-07	-3.2526e-07	-3.0497e-09	2.4193e-10	2.2339e-09	3.2484e-07	-3.242e-07	-2.8566e-09	2.5488e-10	2.1711e-09	3.2538e-07	-3.2502e-07	-2.6253e-09	2.454e-10	2.0855e-09	3.253e-07	-3.2494e-07	-2.3624e-09	2.4754e-10	1.9807e-09	3.2498e-07	-3.2488e-07	-2.0584e-09	2.42e-10	1.8263e-09	3.2486e-07	-3.2478e-07	-1.6729e-09	2.3783e-10	1.601e-09	3.2462e-07	-3.2476e-07	-1.1905e-09	2.3284e-10	1.2741e-09	3.2296e-07	-3.2324e-07	-5.313e-10	2.1847e-10	8.127e-10	3.2286e-07	-3.2334e-07	3.5167e-10	2.1126e-10	1.2715e-10	3.2252e-07	-3.2322e-07
0.865	-3.6986e-09	7.296e-11	2.7388e-09	3.265e-07	-3.2564e-07	-3.5817e-09	2.0915e-10	2.663e-09	3.2596e-07	-3.2522e-07	-3.4119e-09	2.3231e-10	2.5985e-09	3.2484e-07	-3.2418e-07	-3.2109e-09	2.4266e-10	2.5259e-09	3.254e-07	-3.249e-07	-2.9643e-09	2.3393e-10	2.4407e-09	3.2512e-07	-3.2492e-07	-2.6832e-09	2.3348e-10	2.3057e-09	3.2496e-07	-3.2488e-07	-2.3502e-09	2.3053e-10	2.1361e-09	3.248e-07	-3.2482e-07	-1.9258e-09	2.2507e-10	1.8643e-09	3.2468e-07	-3.2478e-07	-1.3863e-09	2.2188e-10	1.4899e-09	3.2288e-07	-3.2338e-07	-6.46e-10	2.0588e-10	9.4013e-10	3.2278e-07	-3.2334e-07	3.5482e-10	2.0111e-10	1.2721e-10	3.2252e-07	-3.2322e-07
0.86	-4.1419e-09	6.444e-11	3.1964e-09	3.2652e-07	-3.2562e-07	-4.017e-09	1.9745e-10	3.1099e-09	3.2594e-07	-3.252e-07	-3.8375e-09	2.1832e-10	3.0423e-09	3.248e-07	-3.243e-07	-3.6294e-09	2.3188e-10	2.962e-09	3.2544e-07	-3.2506e-07	-3.3684e-09	2.2287e-10	2.8533e-09	3.2518e-07	-3.2494e-07	-3.0623e-09	2.2373e-10	2.7071e-09	3.2504e-07	-3.2488e-07	-2.7003e-09	2.2043e-10	2.4897e-09	3.2482e-07	-3.2476e-07	-2.2321e-09	2.1425e-10	2.1788e-09	3.2464e-07	-3.2482e-07	-1.6233e-09	2.1159e-10	1.7372e-09	3.229e-07	-3.2338e-07	-7.9122e-10	1.9699e-10	1.09252e-09	3.2286e-07	-3.2336e-07	3.5645e-10	1.8889e-10	1.4123e-10	3.225e-07	-3.2324e-07
0.855	-4.6574e-09	5.449e-11	3.7206e-09	3.2642e-07	-3.2566e-07	-4.5309e-09	1.8656e-10	3.6335e-09	3.2586e-07	-3.2518e-07	-4.3411e-09	2.1097e-10	3.5593e-09	3.248e-07	-3.2428e-07	-4.1137e-09	2.2062e-10	3.4613e-09	3.2538e-07	-3.2506e-07	-3.8348e-09	2.1321e-10	3.3334e-09	3.2522e-07	-3.2486e-07	-3.5144e-09	2.1247e-10	3.1534e-09	3.2502e-07	-3.2484e-07	-3.1078e-09	2.087e-10	2.9121e-09	3.2488e-07	-3.2484e-07	-2.5855e-09	2.0235e-10	2.5466e-09	3.2454e-07	-3.2476e-07	-1.9023e-09	2.0089e-10	2.024e-09	3.2304e-07	-3.2328e-07	-9.6057e-10	1.8904e-10	1.2598e-09	3.228e-07	-3.2332e-07	3.5744e-10	1.778e-10	1.4888e-10	3.2254e-07	-3.232e-07
0.85	-5.2798e-09	4.436e-11	4.3465e-09	3.2652e-07	-3.2556e-07	-5.1387e-09	1.7591e-10	4.254e-09	3.259e-07	-3.2514e-07	-4.944e-09	1.9325e-10	4.1619e-09	3.2472e-07	-3.2424e-07	-4.7003e-09	2.0956e-10	4.053e-09	3.2542e-07	-3.2498e-07	-4.4018e-09	2.0067e-10	3.9106e-09	3.252e-07	-3.2484e-07	-4.0447e-09	2.0279e-10	3.6999e-09	3.251e-07	-3.2488e-07	-3.5982e-09	1.9704e-10	3.4076e-09	3.2474e-07	-3.249e-07	-3.0127e-09	1.9229e-10	2.9829e-09	3.2464e-07	-3.2478e-07	-2.2356e-09	1.8862e-10	2.3662e-09	3.2306e-07	-3.2324e-07	-1.155e-09	1.8001e-10	1.4693e-09	3.2286e-07	-3.2332e-07	3.5398e-10	1.6827e-10	1.5866e-10	3.2254e-07	-3.232e-07
0.845	-5.9994e-09	3.358e-11	5.0838e-09	3.2658e-07	-3.257e-07	-5.8503e-09	1.6607e-10	4.9766e-09	3.2582e-07	-3.2514e-07	-5.6398e-09	1.8956e-10	4.8717e-09	3.2476e-07	-3.2422e-07	-5.3807e-09	1.9792e-10	4.7456e-09	3.254e-07	-3.25e-07	-5.06e-09	1.8995e-10	4.5737e-09	3.2512e-07	-3.2488e-07	-4.6623e-09	1.8849e-10	4.3301e-09	3.2498e-07	-3.2492e-07	-4.1656e-09	1.8729e-10	3.9911e-09	3.2482e-07	-3.2484e-07	-3.5088e-09	1.8165e-10	3.4823e-09	3.2458e-07	-3.2484e-07	-2.6257e-09	1.7832e-10	2.7659e-09	3.2304e-07	-3.2334e-07	-1.3861e-09	1.6695e-10	1.7211e-09	3.2284e-07	-3.2338e-07	3.5433e-10	1.5675e-10	1.7232e-10	3.2264e-07	-3.2322e-07
0.84	-6.8597e-09	2.582e-11	5.9549e-09	3.2648e-07	-3.2564e-07	-6.7008e-09	1.5402e-10	5.8321e-09	3.2592e-07	-3.252e-07	-6.4711e-09	1.7355e-10	5.7203e-09	3.2402e-07	-3.2348e-07	-6.1979e-09	1.8756e-10	5.5676e-09	3.2546e-07	-3.2504e-07	-5.8392e-09	1.7992e-10	5.3725e-09	3.251e-07	-3.2486e-07	-5.4047e-09	1.7896e-10	5.076e-09	3.2496e-07	-3.249e-07	-4.8523e-09	1.7664e-10	4.6783e-09	3.2478e-07	-3.2476e-07	-4.1036e-09	1.6899e-10	4.0948e-09	3.2462e-07	-3.2478e-07	-3.0874e-09	1.6582e-10	3.2454e-09	3.23e-07	-3.2332e-07	-1.6664e-09	1.5682e-10	2.0042e-09	3.2284e-07	-3.2328e-07	3.4205e-10	1.4626e-10	1.8506e-10	3.2254e-07	-3.2324e-07
0.835	-7.8558e-09	1.462e-11	6.964e-09	3.2654e-07	-3.2566e-07	-7.6941e-09	1.4338e-10	6.8327e-09	3.2596e-07	-3.2524e-07	-7.4355e-09	1.6333e-10	6.6984e-09	3.2474e-07	-3.242e-07	-7.1349e-09	1.7747e-10	6.5262e-09	3.254e-07	-3.2498e-07	-6.749e-09	1.6911e-10	6.2869e-09	3.2518e-07	-3.2494e-07	-6.2605e-09	1.6617e-10	5.9612e-09	3.2502e-07	-3.2482e-07	-5.6422e-09	1.6575e-10	5.4791e-09	3.2482e-07	-3.2494e-07	-4.7909e-09	1.5842e-10	4.7886e-09	3.2456e-07	-3.2474e-07	-3.6322e-09	1.5491e-10	3.7917e-09	3.2296e-07	-3.2328e-07	-1.9877e-09	1.4487e-10	2.3388e-09	3.2286e-07	-3.2336e-07	3.3536e-10	1.3449e-10	2.1101e-10	3.2256e-07	-3.2302e-07
0.83	-9.0553e-09	4.94e-12	8.166e-09	3.2652e-07	-3.2566e-07	-8.8674e-09	1.3298e-10	8.0231e-09	3.2594e-07	-3.2518e-07	-8.5962e-09	1.4864e-10	7.8657e-09	3.2414e-07	-3.2424e-07	-8.2684e-09	1.6503e-10	7.6605e-09	3.2534e-07	-3.2494e-07	-7.8366e-09	1.5644e-10	7.3914e-09	3.2516e-07	-3.2484e-07	-7.2935e-09	1.5755e-10	6.9897e-09	3.25e-07	-3.2478e-07	-6.5839e-09	1.5393e-10	6.4428e-09	3.2476e-07	-3.2482e-07	-5.6154e-09	1.4889e-10	5.6287e-09	3.2458e-07	-3.2484e-07	-4.2772e-09	1.4326e-10	4.455e-09	3.2304e-07	-3.2332e-07	-2.3773e-09	1.3206e-10	2.7391e-09	3.229e-07	-3.2284e-07	3.2712e-10	1.243e-10	2.209e-10	3.2246e-07	-3.2314e-07
0.825	-1.0439e-08	-5.13e-12	9.5718e-09	3.2644e-07	-3.2562e-07	-1.02396e-08	1.2361e-10	9.3988e-09	3.2594e-07	-3.2514e-07	-9.9371e-09	1.4863e-10	9.2259e-09	3.247e-07	-3.242e-07	-9.5816e-09	1.5409e-10	8.987e-09	3.2538e-07	-3.25e-07	-9.106e-09	1.4628e-10	8.6666e-09	3.2514e-07	-3.2488e-07	-8.4971e-09	1.4369e-10	8.2056e-09	3.2508e-07	-3.248e-07	-7.6902e-09	1.4566e-10	7.5431e-09	3.2482e-07	-3.2482e-07	-6.5732e-09	1.361e-10	6.5909e-09	3.2466e-07	-3.2474e-07	-5.0329e-09	1.3147e-10	5.2154e-09	3.23e-07	-3.2276e-07	-2.8327e-09	1.2268e-10	3.2054e-09	3.2288e-07	-3.2346e-07	3.1025e-10	1.1294e-10	2.4428e-10	3.225e-07	-3.232e-07
0.82	-1.2104e-08	-1.215e-11	1.12359e-08	3.265e-07	-3.2554e-07	-1.1873e-08	1.1232e-10	1.10544e-08	3.2594e-07	-3.2514e-07	-1.1546e-08	1.2872e-10	1.08486e-08	3.2484e-07	-3.2412e-07	-1.11463e-08	1.4327e-10	1.05675e-08	3.2544e-07	-3.249e-07	-1.06146e-08	1.3583e-10	1.01884e-08	3.2516e-07	-3.2488e-07	-9.9219e-09	1.3224e-10	9.6505e-09	3.2494e-07	-3.2484e-07	-9.0039e-09	1.3371e-10	8.8744e-09	3.2474e-07	-3.2476e-07	-7.7143e-09	1.2378e-10	7.7538e-09	3.2462e-07	-3.2484e-07	-5.9289e-09	1.207e-10	6.1317e-09	3.2302e-07	-3.2332e-07	-3.376e-09	1.1036e-10	3.7569e-09	3.229e-07	-3.234e-07	2.9928e-10	9.973e-11	2.7293e-10	3.221e-07	-3.2274e-07
0.815	-1.40484e-08	-2.383e-11	1.31826e-08	3.2644e-07	-3.2564e-07	-1.38016e-08	1.0039e-10	1.29784e-08	3.2588e-07	-3.252e-07	-1.3448e-08	1.2137e-10	1.27328e-08	3.2464e-07	-3.2414e-07	-1.29906e-08	1.3508e-10	1.24178e-08	3.2544e-07	-3.25e-07	-1.23952e-08	1.2647e-10	1.19588e-08	3.2524e-07	-3.2494e-07	-1.1581e-08	1.2421e-10	1.13158e-08	3.2498e-07	-3.2486e-07	-1.05334e-08	1.2162e-10	1.04089e-08	3.248e-07	-3.2484e-07	-9.0498e-09	1.1373e-10	9.0932e-09	3.2464e-07	-3.2478e-07	-6.9801e-09	1.0847e-10	7.1829e-09	3.2294e-07	-3.2328e-07	-4.0045e-09	9.801e-11	4.3941e-09	3.2286e-07	-3.2346e-07	2.6328e-10	8.953e-11	3.1157e-10	3.2254e-07	-3.2316e-07
0.81	-1.63616e-08	-3.128e-11	1.55108e-08	3.2652e-07	-3.256e-07	-1.60762e-08	8.921e-11	1.5266e-08	3.2608e-07	-3.2524e-07	-1.56792e-08	1.0541e-10	1.49672e-08	3.2468e-07	-3.2418e-07	-1.51742e-08	1.227e-10	1.45978e-08	3.254e-07	-3.25e-07	-1.44926e-08	1.1548e-10	1.40786e-08	3.2518e-07	-3.249e-07	-1.35936e-08	1.1421e-10	1.33224e-08	3.2498e-07	-3.2486e-07	-1.23766e-08	1.1098e-10	1.22606e-08	3.2478e-07	-3.2476e-07	-1.06344e-08	1.021e-10	1.06865e-08	3.2466e-07	-3.2476e-07	-8.2286e-09	9.639e-11	8.4412e-09	3.23e-07	-3.2328e-07	-4.7575e-09	8.642e-11	5.1685e-09	3.2282e-07	-3.2332e-07	2.402e-10	7.567e-11	3.4904e-10	3.225e-07	-3.2316e-07
0.805	-1.9046e-08	-4.127e-11	1.82034e-08	3.2642e-07	-3.2562e-07	-1.87276e-08	8.013e-11	1.79246e-08	3.259e-07	-3.2526e-07	-1.82786e-08	1.0393e-10	1.75786e-08	3.2474e-07	-3.2414e-07	-1.7709e-08	1.1148e-10	1.71556e-08	3.2552e-07	-3.251e-07	-1.69312e-08	1.0475e-10	1.65322e-08	3.251e-07	-3.249e-07	-1.59024e-08	1.0309e-10	1.5644e-08	3.2502e-07	-3.2486e-07	-1.45052e-08	9.859e-11	1.43898e-08	3.248e-07	-3.2478e-07	-1.25096e-08	9.179e-11	1.25656e-08	3.246e-07	-3.2476e-07	-9.6784e-09	8.605e-11	9.912e-09	3.23e-07	-3.233e-07	-5.6389e-09	7.436e-11	6.0522e-09	3.228e-07	-3.2334e-07	2.2413e-10	6.42e-11	3.8163e-10	3.225e-07	-3.232e-07
0.8	-2.22566e-08	-5.235e-11	2.14192e-08	3.2644e-07	-3.256e-07	-2.18892e-08	6.84e-11	2.1093e-08	3.26e-07	-3.2522e-07	-2.13816e-08	8.578e-11	2.06934e-08	3.2484e-07	-3.2422e-07	-2.07332e-08	1.0136e-10	2.0182e-08	3.254e-07	-3.25e-07	-1.98498e-08	9.39e-11	1.94588e-08	3.2518e-07	-3.2488e-07	-1.86646e-08	9.132e-11	1.84164e-08	3.25e-07	-3.2482e-07	-1.7043e-08	8.762e-11	1.694e-08	3.2474e-07	-3.2488e-07	-1.47212e-08	8.181e-11	1.47928e-08	3.2456e-07	-3.2476e-07	-1.14386e-08	7.593e-11	1.16728e-08	3.2306e-07	-3.233e-07	-6.6903e-09	6.303e-11	7.1148e-09	3.2288e-07	-3.2332e-07	1.6831e-10	5.214e-11	4.5949e-10	3.2248e-07	-3.2322e-07
0.795	-2.59638e-08	-6.262e-11	2.51522e-08	3.2646e-07	-3.2562e-07	-2.55652e-08	5.955e-11	2.47788e-08	3.2588e-07	-3.2518e-07	-2.49866e-08	8.253e-11	2.43148e-08	3.2478e-07	-3.2418e-07	-2.42388e-08	8.967e-11	2.37012e-08	3.2544e-07	-3.2498e-07	-2.32382e-08	8.21e-11	2.28598e-08	3.2526e-07	-3.25e-07	-2.18688e-08	7.853e-11	2.16356e-08	3.25e-07	-3.2478e-07	-1.99854e-08	7.56e-11	1.99092e-08	3.2482e-07	-3.248e-07	-1.73e-08	6.94e-11	1.7362e-08	3.246e-07	-3.2482e-07	-1.34626e-08	6.405e-11	1.37044e-08	3.2306e-07	-3.2328e-07	-7.9089e-09	4.927e-11	8.3365e-09	3.228e-07	-3.2334e-07	1.263e-10	3.974e-11	4.8636e-10	3.2244e-07	-3.2332e-07
0.79	-3.04238e-08	-7.118e-11	2.96044e-08	3.2638e-07	-3.2554e-07	-2.99566e-08	4.702e-11	2.91822e-08	3.2586e-07	-3.2514e-07	-2.92948e-08	6.634e-11	2.86288e-08	3.2474e-07	-3.2422e-07	-2.84506e-08	7.799e-11	2.79214e-08	3.254e-07	-3.2494e-07	-2.72936e-08	6.999e-11	2.69096e-08	3.2518e-07	-3.2488e-07	-2.56998e-08	6.625e-11	2.54766e-08	3.2492e-07	-3.248e-07	-2.35144e-08	6.49e-11	2.34324e-08	3.2478e-07	-3.2482e-07	-2.03644e-08	5.833e-11	2.04394e-08	3.2458e-07	-3.2472e-07	-1.5876e-08	5.149e-11	1.61384e-08	3.2294e-07	-3.233e-07	-9.3647e-09	3.731e-11	9.8049e-09	3.2284e-07	-3.234e-07	4.723e-11	2.691e-11	5.8597e-10	3.2256e-07	-3.2318e-07
0.785	-3.55844e-08	-8.268e-11	3.47876e-08	3.2642e-07	-3.2544e-07	-3.5039e-08	3.639e-11	3.42848e-08	3.2616e-07	-3.2548e-07	-3.42996e-08	6.363e-11	3.36528e-08	3.2488e-07	-3.2412e-07	-3.33226e-08	6.602e-11	3.28208e-08	3.254e-07	-3.2492e-07	-3.19928e-08	5.915e-11	3.16218e-08	3.2518e-07	-3.2496e-07	-3.01452e-08	5.445e-11	2.9928e-08	3.2498e-07	-3.248e-07	-2.75964e-08	5.236e-11	2.75312e-08	3.248e-07	-3.2484e-07	-2.3922e-08	4.533e-11	2.40228e-08	3.2464e-07	-3.2478e-07	-1.86812e-08	4.07e-11	1.8955e-08	3.23e-07	-3.2326e-07	-1.10412e-08	2.539e-11	1.15005e-08	3.228e-07	-3.2334e-07	-4.45e-12	1.347e-11	6.5221e-10	3.2256e-07	-3.2322e-07
0.78	-4.17668e-08	-9.223e-11	4.09864e-08	3.2652e-07	-3.2556e-07	-4.1137e-08	2.334e-11	4.03832e-08	3.2586e-07	-3.2522e-07	-4.02696e-08	4.124e-11	3.96456e-08	3.2468e-07	-3.241e-07	-3.9153e-08	5.465e-11	3.86486e-08	3.2542e-07	-3.2494e-07	-3.76098e-08	4.729e-11	3.72508e-08	3.2522e-07	-3.249e-07	-3.54632e-08	4.444e-11	3.5257e-08	3.2504e-07	-3.2478e-07	-3.2471e-08	4.154e-11	3.24326e-08	3.248e-07	-3.2484e-07	-2.81902e-08	3.434e-11	2.82996e-08	3.2464e-07	-3.2476e-07	-2.20306e-08	2.67e-11	2.23154e-08	3.2296e-07	-3.232e-07	-1.31252e-08	1.428e-11	1.35784e-08	3.229e-07	-3.2334e-07	-9.725e-11	1.29e-12	7.7267e-10	3.226e-07	-3.232e-07
0.775	-4.89396e-08	-1.0256e-10	4.81498e-08	3.2646e-07	-3.2552e-07	-4.81918e-08	1.247e-11	4.74554e-08	3.2586e-07	-3.2512e-07	-4.72108e-08	3.479e-11	4.65894e-08	3.247e-07	-3.2416e-07	-4.59102e-08	4.144e-11	4.5409e-08	3.2536e-07	-3.2496e-07	-4.41238e-08	3.521e-11	4.37892e-08	3.2522e-07	-3.2496e-07	-4.16302e-08	3.21e-11	4.14354e-08	3.2504e-07	-3.248e-07	-3.81528e-08	2.852e-11	3.80988e-08	3.2494e-07	-3.2496e-07	-3.31248e-08	1.962e-11	3.32484e-08	3.2468e-07	-3.2472e-07	-2.5919e-08	1.377e-11	2.62032e-08	3.2292e-07	-3.233e-07	-1.548e-08	2.85e-12	1.594e-08	3.228e-07	-3.2322e-07	-1.9696e-10	-1.351e-11	9.0298e-10	3.2254e-07	-3.232e-07
0.77	-5.74762e-08	-1.1429e-10	5.671e-08	3.2642e-07	-3.2558e-07	-5.66368e-08	-2.44e-12	5.59148e-08	3.2584e-07	-3.2524e-07	-5.54918e-08	1.476e-11	5.48758e-08	3.2474e-07	-3.242e-07	-5.39714e-08	2.965e-11	5.34918e-08	3.254e-07	-3.2506e-07	-5.19062e-08	2.193e-11	5.1574e-08	3.2516e-07	-3.249e-07	-4.8993e-08	2.006e-11	4.87994e-08	3.2498e-07	-3.2484e-07	-4.4912e-08	1.593e-11	4.4878e-08	3.248e-07	-3.2486e-07	-3.9016e-08	6.5e-12	3.91618e-08	3.245e-07	-3.2472e-07	-3.05722e-08	1.85e-12	3.08802e-08	3.2284e-07	-3.2322e-07	-1.82734e-08	-1.232e-11	1.87764e-08	3.2274e-07	-3.2326e-07	-3.2134e-10	-2.83e-11	1.00699e-09	3.2248e-07	-3.2318e-07
0.765	-6.741e-08	-1.2603e-10	6.66822e-08	3.2642e-07	-3.2552e-07	-6.64692e-08	-1.114e-11	6.57332e-08	3.259e-07	-3.252e-07	-6.51314e-08	8.39e-12	6.45374e-08	3.2474e-07	-3.2416e-07	-6.33624e-08	1.721e-11	6.2891e-08	3.2534e-07	-3.2498e-07	-6.09414e-08	9.17e-12	6.0631e-08	3.2548e-07	-3.252e-07	-5.75474e-08	7.34e-12	5.73624e-08	3.2492e-07	-3.2478e-07	-5.2789e-08	3e-12	5.27588e-08	3.2484e-07	-3.249e-07	-4.586e-08	-7.46e-12	4.60064e-08	3.246e-07	-3.2482e-07	-3.59694e-08	-1.199e-11	3.62834e-08	3.2296e-07	-3.2328e-07	-2.15514e-08	-2.651e-11	2.20538e-08	3.2274e-07	-3.2324e-07	-4.4679e-10	-4.078e-11	1.15003e-09	3.2196e-07	-3.231e-07
0.76	-7.93294e-08	-1.3728e-10	7.85858e-08	3.2636e-07	-3.2554e-07	-7.81854e-08	-2.721e-11	7.74636e-08	3.2596e-07	-3.2528e-07	-7.66454e-08	-1.009e-11	7.60446e-08	3.2476e-07	-3.2416e-07	-7.45668e-08	4.18e-12	7.411e-08	3.2534e-07	-3.2496e-07	-7.1766e-08	-4.99e-12	7.14656e-08	3.2512e-07	-3.2488e-07	-6.77782e-08	-5.73e-12	6.76274e-08	3.2492e-07	-3.2478e-07	-6.2166e-08	-9.81e-12	6.21632e-08	3.2482e-07	-3.2482e-07	-5.40764e-08	-2.086e-11	5.4215e-08	3.246e-07	-3.2472e-07	-4.24404e-08	-2.537e-11	4.2718e-08	3.2298e-07	-3.2332e-07	-2.54592e-08	-4.162e-11	2.59808e-08	3.2278e-07	-3.2326e-07	-7.3982e-10	-5.109e-11	1.3924e-09	3.226e-07	-3.232e-07
0.755	-9.31148e-08	-1.5034e-10	9.2386e-08	3.2644e-07	-3.2556e-07	-9.17966e-08	-3.651e-11	9.1081e-08	3.2592e-07	-3.2518e-07	-8.99808e-08	-1.541e-11	8.94002e-08	3.2476e-07	-3.2418e-07	-8.75666e-08	-8.74e-12	8.71392e-08	3.2538e-07	-3.2494e-07	-8.43292e-08	-1.666e-11	8.40204e-08	3.2516e-07	-3.249e-07	-7.96412e-08	-2.016e-11	7.95066e-08	3.2494e-07	-3.2482e-07	-7.3092e-08	-2.519e-11	7.30938e-08	3.2488e-07	-3.2486e-07	-6.35696e-08	-3.409e-11	6.37226e-08	3.2462e-07	-3.248e-07	-4.98844e-08	-4.035e-11	5.02346e-08	3.2292e-07	-3.2326e-07	-2.9993e-08	-5.491e-11	3.0529e-08	3.2284e-07	-3.2322e-07	-8.8192e-10	-6.407e-11	1.6084e-09	3.2258e-07	-3.2322e-07
0.75	-1.096096e-07	-1.6364e-10	1.089036e-07	3.2636e-07	-3.2562e-07	-1.08087e-07	-5.029e-11	1.073854e-07	3.2596e-07	-3.2526e-07	-1.059654e-07	-3.492e-11	1.054106e-07	3.2476e-07	-3.2422e-07	-1.03162e-07	-2.171e-11	1.027276e-07	3.2536e-07	-3.249e-07	-9.93276e-08	-3.187e-11	9.90244e-08	3.2516e-07	-3.249e-07	-9.38478e-08	-3.49e-11	9.3706e-08	3.2502e-07	-3.2482e-07	-8.61468e-08	-3.8e-11	8.61488e-08	3.2482e-07	-3.2488e-07	-7.4965e-08	-4.812e-11	7.5116e-08	3.2464e-07	-3.2476e-07	-5.88454e-08	-5.548e-11	5.91818e-08	3.2306e-07	-3.2332e-07	-3.54058e-08	-7.041e-11	3.59574e-08	3.2276e-07	-3.2328e-07	-1.1527e-09	-7.915e-11	1.8964e-09	3.2254e-07	-3.232e-07
0.745	-1.2888e-07	-1.7527e-10	1.2816e-07	3.2632e-07	-3.2556e-07	-1.2698e-07	-6.412e-11	1.2628e-07	3.2596e-07	-3.252e-07	-1.2448e-07	-4.487e-11	1.2388e-07	3.2474e-07	-3.2406e-07	-1.2126e-07	-3.565e-11	1.2076e-07	3.2542e-07	-3.2498e-07	-1.1674e-07	-4.626e-11	1.1648e-07	3.2516e-07	-3.2488e-07	-1.103274e-07	-4.704e-11	1.102136e-07	3.2496e-07	-3.2478e-07	-1.012902e-07	-5.28e-11	1.013116e-07	3.2482e-07	-3.249e-07	-8.81808e-08	-6.305e-11	8.83218e-08	3.2462e-07	-3.2472e-07	-6.92428e-08	-6.932e-11	6.95866e-08	3.2292e-07	-3.2322e-07	-4.17644e-08	-8.423e-11	4.22434e-08	3.2284e-07	-3.2322e-07	-1.432e-09	-9.308e-11	2.1913e-09	3.2254e-07	-3.232e-07
0.74	-1.517e-07	-1.8599e-10	1.5104e-07	3.2642e-07	-3.2564e-07	-1.4946e-07	-7.703e-11	1.4882e-07	3.2584e-07	-3.252e-07	-1.4668e-07	-6.383e-11	1.4618e-07	3.2464e-07	-3.2418e-07	-1.4284e-07	-5.128e-11	1.4238e-07	3.256e-07	-3.2522e-07	-1.376e-07	-5.9e-11	1.3726e-07	3.2522e-07	-3.2488e-07	-1.2996e-07	-6.299e-11	1.299e-07	3.2504e-07	-3.249e-07	-1.1942e-07	-6.768e-11	1.1942e-07	3.248e-07	-3.2488e-07	-1.039308e-07	-7.637e-11	1.041016e-07	3.246e-07	-3.2486e-07	-8.16318e-08	-8.6e-11	8.20222e-08	3.23e-07	-3.2328e-07	-4.92152e-08	-1.0043e-10	4.97774e-08	3.2278e-07	-3.2326e-07	-1.796e-09	-1.1053e-10	2.59e-09	3.226e-07	-3.2326e-07
0.735	-1.7828e-07	-2.0348e-10	1.7766e-07	3.2632e-07	-3.2554e-07	-1.7568e-07	-9.351e-11	1.7502e-07	3.259e-07	-3.2514e-07	-1.7244e-07	-7.201e-11	1.7188e-07	3.2486e-07	-3.241e-07	-1.6784e-07	-6.617e-11	1.6752e-07	3.2542e-07	-3.2492e-07	-1.6166e-07	-7.439e-11	1.6134e-07	3.2518e-07	-3.2486e-07	-1.5276e-07	-7.808e-11	1.5274e-07	3.25e-07	-3.2484e-07	-1.4034e-07	-8.323e-11	1.404e-07	3.2484e-07	-3.2488e-07	-1.2222e-07	-9.275e-11	1.2244e-07	3.2462e-07	-3.247e-07	-9.6028e-08	-1.0195e-10	9.64394e-08	3.2294e-07	-3.2334e-07	-5.79712e-08	-1.1629e-10	5.85366e-08	3.2272e-07	-3.2332e-07	-2.1879e-09	-1.2725e-10	2.9383e-09	3.2252e-07	-3.2316e-07
0.73	-2.1004e-07	-2.1433e-10	2.0952e-07	3.264e-07	-3.2546e-07	-2.07e-07	-1.0868e-10	2.0642e-07	3.2592e-07	-3.2518e-07	-2.0318e-07	-9.24e-11	2.0262e-07	3.2474e-07	-3.2422e-07	-1.9792e-07	-8.172e-11	1.9758e-07	3.254e-07	-3.2496e-07	-1.9062e-07	-8.952e-11	1.9036e-07	3.2516e-07	-3.2488e-07	-1.8018e-07	-9.199e-11	1.8e-07	3.2494e-07	-3.2478e-07	-1.6548e-07	-1.0038e-10	1.6544e-07	3.2486e-07	-3.248e-07	-1.4412e-07	-1.0823e-10	1.4438e-07	3.2462e-07	-3.2478e-07	-1.132422e-07	-1.1833e-10	1.137144e-07	3.23e-07	-3.2334e-07	-6.84226e-08	-1.3373e-10	6.89654e-08	3.228e-07	-3.2328e-07	-2.5847e-09	-1.4721e-10	3.4434e-09	3.2252e-07	-3.2324e-07
0.725	-2.471e-07	-2.3092e-10	2.4628e-07	3.2632e-07	-3.255e-07	-2.435e-07	-1.2446e-10	2.4278e-07	3.2588e-07	-3.251e-07	-2.3894e-07	-1.0652e-10	2.3832e-07	3.2476e-07	-3.2412e-07	-2.326e-07	-9.714e-11	2.3232e-07	3.2542e-07	-3.2496e-07	-2.2404e-07	-1.0547e-10	2.2392e-07	3.252e-07	-3.2488e-07	-2.1198e-07	-1.0852e-10	2.119e-07	3.2498e-07	-3.2482e-07	-1.9458e-07	-1.149e-10	1.9474e-07	3.2488e-07	-3.2484e-07	-1.695e-07	-1.2557e-10	1.6976e-07	3.2458e-07	-3.2476e-07	-1.3324e-07	-1.3388e-10	1.3386e-07	3.229e-07	-3.232e-07	-8.04358e-08	-1.5127e-10	8.11142e-08	3.2284e-07	-3.2328e-07	-3.2384e-09	-1.6501e-10	3.9863e-09	3.2252e-07	-3.2322e-07
0.72	-2.904e-07	-2.4473e-10	2.897e-07	3.2636e-07	-3.2554e-07	-2.8622e-07	-1.3839e-10	2.8566e-07	3.2582e-07	-3.2508e-07	-2.8088e-07	-1.1774e-10	2.8032e-07	3.2478e-07	-3.2418e-07	-2.735e-07	-1.1305e-10	2.7326e-07	3.253e-07	-3.2496e-07	-2.6366e-07	-1.2232e-10	2.6342e-07	3.2522e-07	-3.2492e-07	-2.492e-07	-1.2353e-10	2.493e-07	3.249e-07	-3.247e-07	-2.2894e-07	-1.3394e-10	2.292e-07	3.248e-07	-3.248e-07	-1.9944e-07	-1.4336e-10	1.9964e-07	3.2458e-07	-3.2472e-07	-1.5662e-07	-1.5279e-10	1.5722e-07	3.2296e-07	-3.2334e-07	-9.47048e-08	-1.7101e-10	9.54502e-08	3.229e-07	-3.2332e-07	-3.7988e-09	-1.8311e-10	4.6068e-09	3.2258e-07	-3.232e-07
0.715	-3.4234e-07	-2.5823e-10	3.4168e-07	3.2632e-07	-3.2546e-07	-3.3748e-07	-1.5691e-10	3.369e-07	3.2594e-07	-3.2524e-07	-3.3124e-07	-1.4148e-10	3.3074e-07	3.2468e-07	-3.241e-07	-3.226e-07	-1.2948e-10	3.2232e-07	3.254e-07	-3.2494e-07	-3.108e-07	-1.3921e-10	3.1054e-07	3.252e-07	-3.2486e-07	-2.9382e-07	-1.4356e-10	2.9388e-07	3.2492e-07	-3.2482e-07	-2.6976e-07	-1.5114e-10	2.7006e-07	3.2482e-07	-3.2486e-07	-2.3514e-07	-1.5967e-10	2.3554e-07	3.2464e-07	-3.2476e-07	-1.848e-07	-1.7072e-10	1.8528e-07	3.2244e-07	-3.2328e-07	-1.119088e-07	-1.8823e-10	1.124124e-07	3.228e-07	-3.2326e-07	-4.5716e-09	-2.0406e-10	5.407e-09	3.2264e-07	-3.2334e-07
0.71	-4.0276e-07	-2.7726e-10	4.0186e-07	3.2634e-07	-3.2554e-07	-3.9708e-07	-1.7132e-10	3.9626e-07	3.2588e-07	-3.2518e-07	-3.8944e-07	-1.5267e-10	3.8914e-07	3.2476e-07	-3.242e-07	-3.7918e-07	-1.4606e-10	3.789e-07	3.2546e-07	-3.2494e-07	-3.6542e-07	-1.5703e-10	3.6516e-07	3.2518e-07	-3.2482e-07	-3.4576e-07	-1.6265e-10	3.4576e-07	3.25e-07	-3.2488e-07	-3.1736e-07	-1.6755e-10	3.1744e-07	3.248e-07	-3.248e-07	-2.766e-07	-1.8143e-10	2.7688e-07	3.2464e-07	-3.2476e-07	-2.1762e-07	-1.9042e-10	2.1784e-07	3.23e-07	-3.2332e-07	-1.314e-07	-2.0982e-10	1.3222e-07	3.2284e-07	-3.232e-07	-5.5053e-09	-2.239e-10	6.418e-09	3.2266e-07	-3.2336e-07
0.705	-4.743e-07	-2.9215e-10	4.7398e-07	3.2636e-07	-3.2548e-07	-4.6788e-07	-1.9053e-10	4.6762e-07	3.2596e-07	-3.252e-07	-4.5894e-07	-1.7468e-10	4.5874e-07	3.2474e-07	-3.2348e-07	-4.4738e-07	-1.6524e-10	4.4684e-07	3.2536e-07	-3.249e-07	-4.3086e-07	-1.7461e-10	4.3084e-07	3.2512e-07	-3.249e-07	-4.0768e-07	-1.8065e-10	4.0758e-07	3.2496e-07	-3.2468e-07	-3.7432e-07	-1.8664e-10	3.7464e-07	3.2472e-07	-3.2482e-07	-3.2614e-07	-1.9777e-10	3.2644e-07	3.245e-07	-3.2476e-07	-2.5664e-07	-2.097e-10	2.5708e-07	3.2304e-07	-3.2324e-07	-1.5514e-07	-2.2757e-10	1.5594e-07	3.2272e-07	-3.2322e-07	-6.3095e-09	-2.4504e-10	7.2379e-09	3.2254e-07	-3.2328e-07
0.7	-5.5812e-07	-3.1131e-10	5.5762e-07	3.2642e-07	-3.2546e-07	-5.5052e-07	-2.0907e-10	5.5002e-07	3.2584e-07	-3.2516e-07	-5.4012e-07	-1.9177e-10	5.3978e-07	3.247e-07	-3.2418e-07	-5.2588e-07	-1.8308e-10	5.258e-07	3.2534e-07	-3.2488e-07	-5.0714e-07	-1.9174e-10	5.0704e-07	3.2516e-07	-3.2478e-07	-4.7954e-07	-1.9989e-10	4.797e-07	3.2494e-07	-3.2478e-07	-4.4048e-07	-2.0473e-10	4.408e-07	3.248e-07	-3.248e-07	-3.8358e-07	-2.1965e-10	3.84e-07	3.2458e-07	-3.2478e-07	-3.0148e-07	-2.3078e-10	3.0238e-07	3.2302e-07	-3.2328e-07	-1.8262e-07	-2.4841e-10	1.8342e-07	3.2266e-07	-3.232e-07	-7.5456e-09	-2.6485e-10	8.4921e-09	3.2258e-07	-3.2328e-07
0.695	-6.5844e-07	-3.3127e-10	6.5774e-07	3.2632e-07	-3.2548e-07	-6.4912e-07	-2.2549e-10	6.489e-07	3.2592e-07	-3.2518e-07	-6.3654e-07	-2.0964e-10	6.3648e-07	3.247e-07	-3.2416e-07	-6.2044e-07	-2.024e-10	6.1986e-07	3.2546e-07	-3.2488e-07	-5.9798e-07	-2.1274e-10	5.9754e-07	3.2512e-07	-3.248e-07	-5.6542e-07	-2.1668e-10	5.6544e-07	3.2498e-07	-3.2476e-07	-5.1946e-07	-2.2418e-10	5.19e-07	3.2488e-07	-3.2472e-07	-4.5278e-07	-2.3914e-10	4.528e-07	3.246e-07	-3.2482e-07	-3.5562e-07	-2.5236e-10	3.5618e-07	3.2302e-07	-3.233e-07	-2.1558e-07	-2.7162e-10	2.1612e-07	3.2276e-07	-3.2298e-07	-8.9323e-09	-2.89e-10	1.00657e-08	3.2256e-07	-3.233e-07
0.69	-7.7474e-07	-3.4767e-10	7.743e-07	3.2634e-07	-3.2548e-07	-7.638e-07	-2.4644e-10	7.6316e-07	3.2596e-07	-3.2518e-07	-7.4926e-07	-2.3067e-10	7.4882e-07	3.2416e-07	-3.2418e-07	-7.296e-07	-2.2347e-10	7.295e-07	3.2542e-07	-3.2494e-07	-7.0346e-07	-2.305e-10	7.0278e-07	3.251e-07	-3.2484e-07	-6.6544e-07	-2.364e-10	6.6522e-07	3.2494e-07	-3.2476e-07	-6.108e-07	-2.4635e-10	6.1112e-07	3.2486e-07	-3.2482e-07	-5.3186e-07	-2.5834e-10	5.3232e-07	3.2458e-07	-3.2476e-07	-4.1876e-07	-2.7188e-10	4.1918e-07	3.2304e-07	-3.2338e-07	-2.535e-07	-2.9155e-10	2.5394e-07	3.2278e-07	-3.2322e-07	-1.05346e-08	-3.1102e-10	1.15006e-08	3.2262e-07	-3.233e-07
0.685	-9.1376e-07	-3.6694e-10	9.1332e-07	3.2624e-07	-3.2548e-07	-9.008e-07	-2.6426e-10	9.0002e-07	3.2584e-07	-3.2502e-07	-8.8396e-07	-2.4504e-10	8.8334e-07	3.2468e-07	-3.2426e-07	-8.6064e-07	-2.4145e-10	8.6006e-07	3.2536e-07	-3.2492e-07	-8.2976e-07	-2.5138e-10	8.2984e-07	3.2522e-07	-3.2484e-07	-7.8488e-07	-2.5362e-10	7.8484e-07	3.25e-07	-3.2482e-07	-7.2028e-07	-2.6883e-10	7.2052e-07	3.2482e-07	-3.2482e-07	-6.2748e-07	-2.8278e-10	6.2792e-07	3.2456e-07	-3.2472e-07	-4.9368e-07	-2.9569e-10	4.944e-07	3.2304e-07	-3.2328e-07	-2.9906e-07	-3.1535e-10	3.0008e-07	3.2274e-07	-3.2322e-07	-1.44822e-08	-3.3188e-10	1.54018e-08	3.2256e-07	-3.2328e-07
0.68	-1.07478e-06	-3.8415e-10	1.07456e-06	3.264e-07	-3.2548e-07	-1.05962e-06	-2.8284e-10	1.0595e-06	3.2588e-07	-3.2516e-07	-1.0396e-06	-2.7212e-10	1.03978e-06	3.2476e-07	-3.2412e-07	-1.01266e-06	-2.6302e-10	1.01256e-06	3.254e-07	-3.2498e-07	-9.7616e-07	-2.7416e-10	9.755e-07	3.2506e-07	-3.2488e-07	-9.2356e-07	-2.7655e-10	9.227e-07	3.2498e-07	-3.2474e-07	-8.4758e-07	-2.9091e-10	8.4788e-07	3.2474e-07	-3.2476e-07	-7.3922e-07	-3.023e-10	7.3924e-07	3.231e-07	-3.2336e-07	-5.8128e-07	-3.1791e-10	5.8166e-07	3.2316e-07	-3.2336e-07	-3.524e-07	-3.3932e-10	3.5304e-07	3.227e-07	-3.2328e-07	-1.65716e-08	-3.5705e-10	1.77042e-08	3.226e-07	-3.2326e-07
0.675	-1.2652e-06	-3.9584e-10	1.2645e-06	3.2634e-07	-3.255e-07	-1.2486e-06	-2.9888e-10	1.2471e-06	3.259e-07	-3.2516e-07	-1.2234e-06	-2.8445e-10	1.2238e-06	3.2474e-07	-3.2418e-07	-1.1922e-06	-2.767e-10	1.1918e-06	3.2544e-07	-3.25e-07	-1.15026e-06	-2.928e-10	1.15004e-06	3.2522e-07	-3.2488e-07	-1.08934e-06	-3.0116e-10	1.08894e-06	3.2498e-07	-3.2478e-07	-9.9954e-07	-3.1245e-10	9.9914e-07	3.2478e-07	-3.2482e-07	-8.7032e-07	-3.2575e-10	8.7134e-07	3.2322e-07	-3.2336e-07	-6.8536e-07	-3.4212e-10	6.8524e-07	3.2304e-07	-3.2328e-07	-4.15e-07	-3.6256e-10	4.1608e-07	3.2278e-07	-3.2324e-07	-2.00602e-08	-3.808e-10	2.1179e-08	3.2212e-07	-3.2272e-07
0.67	-1.488e-06	-4.1249e-10	1.4883e-06	3.262e-07	-3.2546e-07	-1.4678e-06	-3.176e-10	1.4671e-06	3.2588e-07	-3.2518e-07	-1.4391e-06	-3.0466e-10	1.4406e-06	3.2468e-07	-3.2416e-07	-1.4016e-06	-2.9795e-10	1.4025e-06	3.2548e-07	-3.2504e-07	-1.3522e-06	-3.0885e-10	1.3518e-06	3.2514e-07	-3.249e-07	-1.2782e-06	-3.1529e-10	1.2787e-06	3.2494e-07	-3.2474e-07	-1.1742e-06	-3.2801e-10	1.1739e-06	3.2484e-07	-3.2478e-07	-1.02444e-06	-3.5092e-10	1.02442e-06	3.232e-07	-3.2328e-07	-8.06e-07	-3.6549e-10	8.0648e-07	3.2294e-07	-3.2328e-07	-4.8806e-07	-3.8766e-10	4.8886e-07	3.2286e-07	-3.2326e-07	-2.37412e-08	-4.0603e-10	2.45182e-08	3.2312e-07	-3.2382e-07
0.665	-1.7568e-06	-4.3713e-10	1.7569e-06	3.2632e-07	-3.2546e-07	-1.7299e-06	-3.412e-10	1.7313e-06	3.2584e-07	-3.2526e-07	-1.6982e-06	-3.2679e-10	1.6981e-06	3.2468e-07	-3.241e-07	-1.6538e-06	-3.2055e-10	1.6538e-06	3.2544e-07	-3.2506e-07	-1.5941e-06	-3.3157e-10	1.5945e-06	3.252e-07	-3.25e-07	-1.5067e-06	-3.4007e-10	1.5078e-06	3.25e-07	-3.2472e-07	-1.3838e-06	-3.5082e-10	1.3847e-06	3.2476e-07	-3.2482e-07	-1.2072e-06	-3.6866e-10	1.2064e-06	3.2324e-07	-3.2346e-07	-9.4984e-07	-3.8917e-10	9.5054e-07	3.2302e-07	-3.2336e-07	-5.755e-07	-4.1375e-10	5.7718e-07	3.2278e-07	-3.2326e-07	-2.79248e-08	-4.2852e-10	2.9258e-08	3.2328e-07	-3.2382e-07
0.66	-2.0664e-06	-4.5899e-10	2.0666e-06	3.2634e-07	-3.2544e-07	-2.0379e-06	-3.6378e-10	2.037e-06	3.2592e-07	-3.2526e-07	-1.999e-06	-3.4818e-10	1.9988e-06	3.2474e-07	-3.2418e-07	-1.9469e-06	-3.4434e-10	1.9464e-06	3.2542e-07	-3.2506e-07	-1.8762e-06	-3.5599e-10	1.8765e-06	3.2518e-07	-3.2486e-07	-1.7729e-06	-3.6682e-10	1.7743e-06	3.2496e-07	-3.2482e-07	-1.6285e-06	-3.7774e-10	1.629e-06	3.2482e-07	-3.2478e-07	-1.418e-06	-3.9112e-10	1.4189e-06	3.2322e-07	-3.2338e-07	-1.11782e-06	-4.1456e-10	1.1178e-06	3.2296e-07	-3.2328e-07	-6.7784e-07	-4.3877e-10	6.7812e-07	3.228e-07	-3.2324e-07	-3.3578e-08	-4.5828e-10	3.41294e-08	3.2316e-07	-3.2382e-07
0.655	-2.4357e-06	-4.815e-10	2.4379e-06	3.2626e-07	-3.2548e-07	-2.4026e-06	-3.8993e-10	2.403e-06	3.2584e-07	-3.2508e-07	-2.3588e-06	-3.7674e-10	2.3579e-06	3.2472e-07	-3.2412e-07	-2.2951e-06	-3.6783e-10	2.2961e-06	3.254e-07	-3.2488e-07	-2.2114e-06	-3.8014e-10	2.2127e-06	3.2518e-07	-3.249e-07	-2.0921e-06	-3.9208e-10	2.0924e-06	3.2494e-07	-3.2476e-07	-1.9206e-06	-4.0066e-10	1.9212e-06	3.2478e-07	-3.2478e-07	-1.6719e-06	-4.1892e-10	1.6716e-06	3.2314e-07	-3.2326e-07	-1.3158e-06	-4.3544e-10	1.315e-06	3.23e-07	-3.2326e-07	-7.9836e-07	-4.679e-10	7.997e-07	3.2276e-07	-3.2314e-07	-3.87954e-08	-4.8315e-10	4.05634e-08	3.2312e-07	-3.2384e-07
0.65	-2.869e-06	-5.0747e-10	2.8679e-06	3.2636e-07	-3.2548e-07	-2.8285e-06	-4.1328e-10	2.8277e-06	3.2588e-07	-3.252e-07	-2.775e-06	-3.9732e-10	2.7748e-06	3.2462e-07	-3.2412e-07	-2.7009e-06	-3.9365e-10	2.7018e-06	3.2542e-07	-3.25e-07	-2.6035e-06	-4.0587e-10	2.6046e-06	3.252e-07	-3.2484e-07	-2.4607e-06	-4.1585e-10	2.4619e-06	3.2498e-07	-3.2478e-07	-2.259e-06	-4.2635e-10	2.2606e-06	3.2474e-07	-3.2478e-07	-1.9675e-06	-4.4438e-10	1.968e-06	3.2322e-07	-3.2336e-07	-1.546e-06	-4.6101e-10	1.5475e-06	3.231e-07	-3.2334e-07	-9.3846e-07	-4.9316e-10	9.3944e-07	3.228e-07	-3.2322e-07	-4.66684e-08	-5.113e-10	4.84956e-08	3.231e-07	-3.237e-07
0.645	-3.3835e-06	-5.3211e-10	3.3814e-06	3.263e-07	-3.2548e-07	-3.3359e-06	-4.3884e-10	3.3362e-06	3.2612e-07	-3.2546e-07	-3.2714e-06	-4.2491e-10	3.2727e-06	3.247e-07	-3.2416e-07	-3.1862e-06	-4.1858e-10	3.1876e-06	3.2542e-07	-3.2496e-07	-3.0693e-06	-4.3078e-10	3.0697e-06	3.2518e-07	-3.2488e-07	-2.9043e-06	-4.4326e-10	2.9031e-06	3.2494e-07	-3.2478e-07	-2.665e-06	-4.5517e-10	2.6646e-06	3.248e-07	-3.2478e-07	-2.3203e-06	-4.7146e-10	2.3213e-06	3.2318e-07	-3.2332e-07	-1.8229e-06	-4.8824e-10	1.8251e-06	3.23e-07	-3.2326e-07	-1.10686e-06	-5.2163e-10	1.10738e-06	3.2278e-07	-3.2326e-07	-5.59928e-08	-5.4065e-10	5.75824e-08	3.2314e-07	-3.2378e-07
0.64	-3.9805e-06	-5.5711e-10	3.9803e-06	3.2636e-07	-3.2548e-07	-3.9253e-06	-4.6506e-10	3.9264e-06	3.2588e-07	-3.2538e-07	-3.8511e-06	-4.5189e-10	3.8503e-06	3.2398e-07	-3.2416e-07	-3.7477e-06	-4.4557e-10	3.7488e-06	3.2536e-07	-3.25e-07	-3.6138e-06	-4.5844e-10	3.6125e-06	3.252e-07	-3.2484e-07	-3.4146e-06	-4.6823e-10	3.416e-06	3.2494e-07	-3.2474e-07	-3.1335e-06	-4.8063e-10	3.1359e-06	3.2488e-07	-3.2474e-07	-2.7302e-06	-5e-10	2.7301e-06	3.2322e-07	-3.2332e-07	-2.1446e-06	-5.1695e-10	2.1458e-06	3.2294e-07	-3.2332e-07	-1.3004e-06	-5.3673e-10	1.2983e-06	3.2272e-07	-3.2324e-07	-6.44312e-08	-5.6787e-10	6.61006e-08	3.231e-07	-3.2374e-07
0.635	-4.6939e-06	-5.8436e-10	4.6958e-06	3.2634e-07	-3.2532e-07	-4.6294e-06	-4.9059e-10	4.6293e-06	3.259e-07	-3.2518e-07	-4.5398e-06	-4.7538e-10	4.5399e-06	3.2466e-07	-3.241e-07	-4.4207e-06	-4.7378e-10	4.4201e-06	3.2536e-07	-3.2496e-07	-4.2577e-06	-4.8565e-10	4.2586e-06	3.2514e-07	-3.2484e-07	-4.0259e-06	-4.9242e-10	4.0283e-06	3.2498e-07	-3.2482e-07	-3.6963e-06	-5.0848e-10	3.6964e-06	3.2482e-07	-3.2476e-07	-3.2172e-06	-5.2862e-10	3.2192e-06	3.2328e-07	-3.2338e-07	-2.5301e-06	-5.469e-10	2.5293e-06	3.2298e-07	-3.2328e-07	-1.529e-06	-5.7677e-10	1.5298e-06	3.2276e-07	-3.2328e-07	-7.66546e-08	-5.9662e-10	7.71292e-08	3.2308e-07	-3.238e-07
0.63	-5.5236e-06	-6.0868e-10	5.5235e-06	3.263e-07	-3.2544e-07	-5.4447e-06	-5.1803e-10	5.4461e-06	3.2588e-07	-3.2514e-07	-5.3435e-06	-5.0723e-10	5.3417e-06	3.2468e-07	-3.2426e-07	-5.1999e-06	-5.0077e-10	5.1996e-06	3.2544e-07	-3.2494e-07	-5.0092e-06	-5.1304e-10	5.0087e-06	3.2516e-07	-3.2486e-07	-4.7394e-06	-5.2316e-10	4.7398e-06	3.2494e-07	-3.2478e-07	-4.347e-06	-5.3683e-10	4.344e-06	3.248e-07	-3.2482e-07	-3.7848e-06	-5.5787e-10	3.7849e-06	3.232e-07	-3.2332e-07	-2.9727e-06	-5.7494e-10	2.9749e-06	3.2292e-07	-3.2326e-07	-1.7994e-06	-6.1006e-10	1.7987e-06	3.2274e-07	-3.232e-07	-8.96076e-08	-6.2826e-10	8.86908e-08	3.2248e-07	-3.2364e-07
0.625	-6.516e-06	-6.3698e-10	6.5111e-06	3.2632e-07	-3.255e-07	-6.4231e-06	-5.4339e-10	6.4232e-06	3.259e-07	-3.2518e-07	-6.2994e-06	-5.3223e-10	6.2985e-06	3.2472e-07	-3.2418e-07	-6.132e-06	-5.3007e-10	6.1335e-06	3.2542e-07	-3.2486e-07	-5.9108e-06	-5.4177e-10	5.9057e-06	3.2522e-07	-3.2492e-07	-5.5882e-06	-5.4785e-10	5.5844e-06	3.2498e-07	-3.2482e-07	-5.1242e-06	-5.6703e-10	5.1243e-06	3.247e-07	-3.2476e-07	-4.4607e-06	-5.8793e-10	4.4618e-06	3.2324e-07	-3.2344e-07	-3.5041e-06	-6.047e-10	3.5049e-06	3.2294e-07	-3.2326e-07	-2.1172e-06	-6.2659e-10	2.1189e-06	3.2272e-07	-3.2326e-07	-1.031922e-07	-6.5727e-10	1.05533e-07	3.2318e-07	-3.2374e-07
0.62	-7.6632e-06	-6.6352e-10	7.6643e-06	3.2638e-07	-3.257e-07	-7.5536e-06	-5.7154e-10	7.5533e-06	3.2584e-07	-3.2512e-07	-7.4121e-06	-5.621e-10	7.4108e-06	3.2472e-07	-3.2416e-07	-7.2129e-06	-5.5798e-10	7.2136e-06	3.2546e-07	-3.2494e-07	-6.9473e-06	-5.704e-10	6.9476e-06	3.2516e-07	-3.249e-07	-6.5649e-06	-5.8051e-10	6.5677e-06	3.2502e-07	-3.2478e-07	-6.0219e-06	-5.9809e-10	6.0212e-06	3.2478e-07	-3.2474e-07	-5.2453e-06	-6.1768e-10	5.2439e-06	3.2326e-07	-3.2328e-07	-4.1176e-06	-6.3869e-10	4.1226e-06	3.2302e-07	-3.2328e-07	-2.4864e-06	-6.5374e-10	2.4923e-06	3.2274e-07	-3.232e-07	-1.172986e-07	-6.8564e-10	1.1864e-07	3.2314e-07	-3.2376e-07
0.615	-9.0381e-06	-6.9196e-10	9.0349e-06	3.262e-07	-3.255e-07	-8.9068e-06	-5.9778e-10	8.9035e-06	3.259e-07	-3.2518e-07	-8.7334e-06	-5.9032e-10	8.7375e-06	3.2466e-07	-3.2406e-07	-8.5052e-06	-5.8626e-10	8.499e-06	3.2552e-07	-3.2506e-07	-8.1948e-06	-6.0085e-10	8.1902e-06	3.2518e-07	-3.2488e-07	-7.7409e-06	-6.1011e-10	7.7422e-06	3.25e-07	-3.2482e-07	-7.1037e-06	-6.2856e-10	7.1016e-06	3.248e-07	-3.2478e-07	-6.1772e-06	-6.4945e-10	6.183e-06	3.233e-07	-3.234e-07	-4.849e-06	-6.672e-10	4.8549e-06	3.2292e-07	-3.2326e-07	-2.9317e-06	-6.8824e-10	2.9326e-06	3.228e-07	-3.2314e-07	-1.3874e-07	-7.1969e-10	1.4606e-07	3.2312e-07	-3.2382e-07
0.61	-1.06264e-05	-7.1927e-10	1.06258e-05	3.2636e-07	-3.2548e-07	-1.04712e-05	-6.3068e-10	1.04699e-05	3.2588e-07	-3.251e-07	-1.02716e-05	-6.1961e-10	1.02694e-05	3.247e-07	-3.241e-07	-9.9932e-06	-6.1671e-10	9.9926e-06	3.255e-07	-3.2506e-07	-9.6298e-06	-6.3158e-10	9.633e-06	3.2528e-07	-3.2494e-07	-9.1007e-06	-6.4255e-10	9.1015e-06	3.25e-07	-3.2478e-07	-8.3468e-06	-6.581e-10	8.3486e-06	3.2486e-07	-3.2482e-07	-7.2652e-06	-6.7956e-10	7.2638e-06	3.2318e-07	-3.233e-07	-5.7061e-06	-6.9988e-10	5.7029e-06	3.2302e-07	-3.2326e-07	-3.4477e-06	-7.2468e-10	3.4459e-06	3.2284e-07	-3.232e-07	-1.7074e-07	-7.5362e-10	1.7474e-07	3.2312e-07	-3.2372e-07
0.605	-1.2534e-05	-7.4273e-10	1.253e-05	3.2638e-07	-3.2548e-07	-1.2354e-05	-6.5366e-10	1.2348e-05	3.2588e-07	-3.2516e-07	-1.2114e-05	-6.4346e-10	1.2102e-05	3.2564e-07	-3.2506e-07	-1.18e-05	-6.411e-10	1.1786e-05	3.2546e-07	-3.2502e-07	-1.13476e-05	-6.6159e-10	1.13413e-05	3.2522e-07	-3.2488e-07	-1.07205e-05	-6.7507e-10	1.07166e-05	3.2488e-07	-3.2482e-07	-9.8305e-06	-6.9038e-10	9.8367e-06	3.248e-07	-3.2478e-07	-8.5593e-06	-7.1328e-10	8.5619e-06	3.2328e-07	-3.2334e-07	-6.7139e-06	-7.3264e-10	6.7209e-06	3.2294e-07	-3.232e-07	-4.0579e-06	-7.6321e-10	4.0482e-06	3.2276e-07	-3.232e-07	-2.0122e-07	-7.8708e-10	1.9992e-07	3.2314e-07	-3.2382e-07
0.6	-1.4728e-05	-7.7036e-10	1.4714e-05	3.2636e-07	-3.2542e-07	-1.4514e-05	-6.8357e-10	1.4508e-05	3.259e-07	-3.252e-07	-1.4222e-05	-6.7156e-10	1.4234e-05	3.2586e-07	-3.2526e-07	-1.3854e-05	-6.7258e-10	1.3844e-05	3.2542e-07	-3.2502e-07	-1.3338e-05	-6.8499e-10	1.3326e-05	3.2516e-07	-3.2484e-07	-1.2598e-05	-7.0188e-10	1.2596e-05	3.2494e-07	-3.2476e-07	-1.1558e-05	-7.1578e-10	1.1546e-05	3.2478e-07	-3.248e-07	-1.0051e-05	-7.4337e-10	1.00508e-05	3.232e-07	-3.2338e-07	-7.8866e-06	-7.6333e-10	7.8821e-06	3.2292e-07	-3.2328e-07	-4.751e-06	-8.0277e-10	4.7561e-06	3.2278e-07	-3.2318e-07	-2.4122e-07	-8.2064e-10	2.3934e-07	3.2304e-07	-3.2366e-07
0.595	-1.7344e-05	-8.0097e-10	1.7346e-05	3.2626e-07	-3.2538e-07	-1.7092e-05	-7.1369e-10	1.7088e-05	3.259e-07	-3.2518e-07	-1.6754e-05	-7.0233e-10	1.6762e-05	3.2558e-07	-3.2494e-07	-1.6318e-05	-7.0475e-10	1.631e-05	3.254e-07	-3.2498e-07	-1.5686e-05	-7.1715e-10	1.5696e-05	3.252e-07	-3.2478e-07	-1.4832e-05	-7.2767e-10	1.4838e-05	3.2502e-07	-3.2482e-07	-1.3596e-05	-7.4742e-10	1.3606e-05	3.2478e-07	-3.2482e-07	-1.1836e-05	-7.7259e-10	1.184e-05	3.2334e-07	-3.233e-07	-9.2792e-06	-7.9889e-10	9.2856e-06	3.2298e-07	-3.2322e-07	-5.59e-06	-8.3888e-10	5.5869e-06	3.2272e-07	-3.2324e-07	-2.8052e-07	-8.5608e-10	2.8108e-07	3.2242e-07	-3.2364e-07
0.59	-2.039e-05	-8.3322e-10	2.0374e-05	3.263e-07	-3.2542e-07	-2.008e-05	-7.4702e-10	2.0084e-05	3.2588e-07	-3.252e-07	-1.969e-05	-7.361e-10	1.9692e-05	3.256e-07	-3.2502e-07	-1.9156e-05	-7.3649e-10	1.9158e-05	3.2546e-07	-3.2508e-07	-1.8434e-05	-7.4873e-10	1.842e-05	3.2516e-07	-3.2482e-07	-1.7416e-05	-7.6153e-10	1.7418e-05	3.2496e-07	-3.2482e-07	-1.5958e-05	-7.7965e-10	1.5964e-05	3.248e-07	-3.2476e-07	-1.3888e-05	-8.0283e-10	1.3868e-05	3.2322e-07	-3.2338e-07	-1.08722e-05	-8.3167e-10	1.08766e-05	3.229e-07	-3.232e-07	-6.5595e-06	-8.6367e-10	6.5533e-06	3.2274e-07	-3.232e-07	-3.3172e-07	-8.8936e-10	3.3174e-07	3.2302e-07	-3.2372e-07
0.585	-2.4008e-05	-8.6392e-10	2.3978e-05	3.263e-07	-3.2538e-07	-2.3628e-05	-7.7725e-10	2.3626e-05	3.2584e-07	-3.252e-07	-2.317e-05	-7.6933e-10	2.3172e-05	3.2566e-07	-3.2506e-07	-2.2544e-05	-7.6807e-10	2.2532e-05	3.2538e-07	-3.2496e-07	-2.1706e-05	-7.8491e-10	2.1696e-05	3.2552e-07	-3.2518e-07	-2.0508e-05	-7.9682e-10	2.0492e-05	3.2494e-07	-3.2484e-07	-1.8766e-05	-8.1419e-10	1.878e-05	3.2484e-07	-3.248e-07	-1.6306e-05	-8.3814e-10	1.6328e-05	3.2318e-07	-3.2332e-07	-1.2802e-05	-8.6255e-10	1.2778e-05	3.2248e-07	-3.233e-07	-7.6995e-06	-9.0167e-10	7.696e-06	3.2274e-07	-3.2328e-07	-3.8692e-07	-9.2726e-10	3.8644e-07	3.2242e-07	-3.2376e-07
0.58	-2.8162e-05	-8.9626e-10	2.8158e-05	3.263e-07	-3.2548e-07	-2.772e-05	-8.1032e-10	2.7724e-05	3.259e-07	-3.251e-07	-2.7186e-05	-8.0465e-10	2.7186e-05	3.2566e-07	-3.25e-07	-2.6446e-05	-8.0068e-10	2.6446e-05	3.254e-07	-3.2494e-07	-2.545e-05	-8.1786e-10	2.546e-05	3.2514e-07	-3.2486e-07	-2.4022e-05	-8.3355e-10	2.4028e-05	3.2492e-07	-3.2484e-07	-2.2022e-05	-8.4896e-10	2.2016e-05	3.2476e-07	-3.247e-07	-1.9124e-05	-8.7288e-10	1.912e-05	3.2324e-07	-3.2336e-07	-1.4992e-05	-8.9538e-10	1.499e-05	3.2298e-07	-3.2328e-07	-9.0257e-06	-9.2704e-10	9.0192e-06	3.2276e-07	-3.2326e-07	-4.453e-07	-9.6562e-10	4.5102e-07	3.2306e-07	-3.2376e-07
0.575	-3.3126e-05	-9.3057e-10	3.314e-05	3.263e-07	-3.2538e-07	-3.262e-05	-8.4721e-10	3.26e-05	3.2588e-07	-3.2518e-07	-3.1966e-05	-8.3449e-10	3.1984e-05	3.259e-07	-3.2508e-07	-3.1098e-05	-8.3419e-10	3.1092e-05	3.2536e-07	-3.2492e-07	-2.9918e-05	-8.5172e-10	2.9912e-05	3.2518e-07	-3.2482e-07	-2.8264e-05	-8.6637e-10	2.8258e-05	3.249e-07	-3.2478e-07	-2.587e-05	-8.837e-10	2.5864e-05	3.2476e-07	-3.2478e-07	-2.2476e-05	-9.0909e-10	2.246e-05	3.2326e-07	-3.2334e-07	-1.7614e-05	-9.315e-10	1.7594e-05	3.2296e-07	-3.2322e-07	-1.0581e-05	-9.6891e-10	1.05976e-05	3.2272e-07	-3.2314e-07	-5.2432e-07	-1.00109e-09	5.2914e-07	3.2302e-07	-3.2368e-07
0.57	-3.8856e-05	-9.6165e-10	3.8836e-05	3.2634e-07	-3.2536e-07	-3.8246e-05	-8.8169e-10	3.8236e-05	3.2582e-07	-3.2514e-07	-3.7506e-05	-8.693e-10	3.7492e-05	3.2562e-07	-3.25e-07	-3.6446e-05	-8.6906e-10	3.645e-05	3.2564e-07	-3.2524e-07	-3.505e-05	-8.8837e-10	3.5082e-05	3.252e-07	-3.2492e-07	-3.3092e-05	-9.0068e-10	3.3122e-05	3.252e-07	-3.249e-07	-3.031e-05	-9.1958e-10	3.029e-05	3.2482e-07	-3.2476e-07	-2.633e-05	-9.4435e-10	2.6296e-05	3.2322e-07	-3.2334e-07	-2.0574e-05	-9.7069e-10	2.0596e-05	3.229e-07	-3.2326e-07	-1.2374e-05	-9.9974e-10	1.2386e-05	3.2274e-07	-3.2318e-07	-5.9876e-07	-1.04052e-09	6.005e-07	3.2304e-07	-3.237e-07
0.565	-4.5616e-05	-9.9792e-10	4.562e-05	3.2624e-07	-3.254e-07	-4.4952e-05	-9.1633e-10	4.4926e-05	3.2594e-07	-3.2516e-07	-4.4032e-05	-9.0891e-10	4.4038e-05	3.2564e-07	-3.2502e-07	-4.2828e-05	-9.0478e-10	4.2822e-05	3.2546e-07	-3.25e-07	-4.118e-05	-9.2153e-10	4.1188e-05	3.251e-07	-3.248e-07	-3.8862e-05	-9.3715e-10	3.8848e-05	3.2498e-07	-3.2478e-07	-3.5554e-05	-9.5707e-10	3.5566e-05	3.2478e-07	-3.2472e-07	-3.0842e-05	-9.818e-10	3.085e-05	3.2322e-07	-3.2328e-07	-2.4128e-05	-1.00587e-09	2.412e-05	3.2296e-07	-3.2324e-07	-1.448e-05	-1.03641e-09	1.4482e-05	3.2272e-07	-3.2316e-07	-6.933e-07	-1.0799e-09	7.0122e-07	3.2316e-07	-3.2378e-07
0.56	-5.3436e-05	-1.03156e-09	5.3412e-05	3.263e-07	-3.2546e-07	-5.259e-05	-9.4915e-10	5.2616e-05	3.2588e-07	-3.2514e-07	-5.1558e-05	-9.4017e-10	5.1526e-05	3.2558e-07	-3.2506e-07	-5.01e-05	-9.3944e-10	5.01e-05	3.2536e-07	-3.2494e-07	-4.8166e-05	-9.582e-10	4.8182e-05	3.2514e-07	-3.249e-07	-4.5476e-05	-9.7127e-10	4.542e-05	3.2494e-07	-3.2482e-07	-4.1544e-05	-9.917e-10	4.153e-05	3.2474e-07	-3.2478e-07	-3.6034e-05	-1.01807e-09	3.6038e-05	3.2318e-07	-3.2334e-07	-2.8154e-05	-1.04326e-09	2.8174e-05	3.2304e-07	-3.2326e-07	-1.6868e-05	-1.08025e-09	1.6922e-05	3.2272e-07	-3.2334e-07	-7.6062e-07	-1.1144e-09	8.17e-07	3.231e-07	-3.2374e-07
0.555	-6.2662e-05	-1.0666e-09	6.2634e-05	3.262e-07	-3.2544e-07	-6.1714e-05	-9.8651e-10	6.1692e-05	3.2588e-07	-3.2516e-07	-6.0402e-05	-9.7871e-10	6.0468e-05	3.2554e-07	-3.2498e-07	-5.874e-05	-9.7652e-10	5.8768e-05	3.254e-07	-3.2494e-07	-5.646e-05	-9.9316e-10	5.6432e-05	3.2516e-07	-3.2488e-07	-5.3262e-05	-1.01032e-09	5.327e-05	3.2496e-07	-3.2476e-07	-4.8642e-05	-1.031e-09	4.867e-05	3.2476e-07	-3.248e-07	-4.2198e-05	-1.05565e-09	4.2188e-05	3.2322e-07	-3.2334e-07	-3.294e-05	-1.08319e-09	3.2978e-05	3.2298e-07	-3.232e-07	-1.9746e-05	-1.1147e-09	1.9738e-05	3.227e-07	-3.232e-07	-9.188e-07	-1.1586e-09	9.2872e-07	3.2298e-07	-3.2368e-07
0.55	-7.3232e-05	-1.10171e-09	7.3272e-05	3.2632e-07	-3.2546e-07	-7.2054e-05	-1.02014e-09	7.208e-05	3.2584e-07	-3.2524e-07	-7.0578e-05	-1.01217e-09	7.0632e-05	3.2564e-07	-3.2504e-07	-6.8628e-05	-1.01277e-09	6.8614e-05	3.2534e-07	-3.2494e-07	-6.5918e-05	-1.03055e-09	6.5934e-05	3.2524e-07	-3.249e-07	-6.2152e-05	-1.0445e-09	6.2166e-05	3.2494e-07	-3.2484e-07	-5.6778e-05	-1.06779e-09	5.6788e-05	3.2472e-07	-3.2472e-07	-4.9232e-05	-1.0948e-09	4.9224e-05	3.231e-07	-3.2334e-07	-3.837e-05	-1.1174e-09	3.8366e-05	3.2286e-07	-3.2322e-07	-2.3028e-05	-1.1598e-09	2.2906e-05	3.2272e-07	-3.2322e-07	-1.05538e-06	-1.2004e-09	1.06894e-06	3.2296e-07	-3.2368e-07
0.545	-8.5682e-05	-1.1326e-09	8.569e-05	3.2626e-07	-3.2542e-07	-8.4328e-05	-1.05616e-09	8.434e-05	3.2588e-07	-3.2514e-07	-8.2648e-05	-1.04821e-09	8.2602e-05	3.2552e-07	-3.25e-07	-8.029e-05	-1.04985e-09	8.028e-05	3.2506e-07	-3.2464e-07	-7.7092e-05	-1.07152e-09	7.7118e-05	3.2518e-07	-3.2482e-07	-7.2666e-05	-1.08613e-09	7.2622e-05	3.2488e-07	-3.248e-07	-6.6328e-05	-1.10579e-09	6.6298e-05	3.2482e-07	-3.2476e-07	-5.7408e-05	-1.1318e-09	5.7376e-05	3.2316e-07	-3.233e-07	-4.4724e-05	-1.1603e-09	4.4708e-05	3.2292e-07	-3.232e-07	-2.6662e-05	-1.1982e-09	2.6746e-05	3.2284e-07	-3.2314e-07	-1.3256e-06	-1.2329e-09	1.3102e-06	3.2298e-07	-3.2368e-07
0.54	-9.9918e-05	-1.1668e-09	9.9934e-05	3.2618e-07	-3.2538e-07	-9.8402e-05	-1.09204e-09	9.8366e-05	3.2588e-07	-3.2516e-07	-9.627e-05	-1.0853e-09	9.6338e-05	3.2558e-07	-3.2494e-07	-9.3562e-05	-1.08829e-09	9.3518e-05	3.2532e-07	-3.2494e-07	-8.9862e-05	-1.10656e-09	8.9832e-05	3.2516e-07	-3.2482e-07	-8.458e-05	-1.1225e-09	8.4572e-05	3.249e-07	-3.2476e-07	-7.7154e-05	-1.1425e-09	7.7174e-05	3.248e-07	-3.2466e-07	-6.6762e-05	-1.1725e-09	6.6752e-05	3.2314e-07	-3.2338e-07	-5.189e-05	-1.2029e-09	5.1892e-05	3.229e-07	-3.2316e-07	-3.1028e-05	-1.2442e-09	3.0956e-05	3.2274e-07	-3.232e-07	-1.5398e-06	-1.2727e-09	1.5714e-06	3.2298e-07	-3.236e-07
0.535	-0.0001166	-1.2016e-09	0.00011662	3.2624e-07	-3.2538e-07	-0.00011466	-1.1204e-09	0.0001147	3.2594e-07	-3.2518e-07	-0.000112366	-1.123e-09	0.00011241	3.2558e-07	-3.25e-07	-0.000109096	-1.1216e-09	0.000109174	3.254e-07	-3.249e-07	-0.00010469	-1.1393e-09	0.00010475	3.2516e-07	-3.2488e-07	-9.8546e-05	-1.1608e-09	9.8614e-05	3.2494e-07	-3.2488e-07	-8.9838e-05	-1.1821e-09	8.9904e-05	3.2474e-07	-3.248e-07	-7.7656e-05	-1.2136e-09	7.7676e-05	3.2318e-07	-3.2334e-07	-6.0324e-05	-1.2447e-09	6.0298e-05	3.2298e-07	-3.232e-07	-3.5954e-05	-1.2878e-09	3.6008e-05	3.2274e-07	-3.2326e-07	-1.7125e-06	-1.3213e-09	1.7919e-06	3.2308e-07	-3.2362e-07
0.53	-0.00013556	-1.2383e-09	0.00013558	3.2632e-07	-3.254e-07	-0.00013338	-1.1553e-09	0.00013338	3.2588e-07	-3.2518e-07	-0.00013058	-1.1555e-09	0.00013062	3.256e-07	-3.25e-07	-0.00012672	-1.1572e-09	0.00012678	3.2534e-07	-3.2494e-07	-0.00012154	-1.1769e-09	0.00012162	3.252e-07	-3.2484e-07	-0.000114436	-1.1997e-09	0.000114482	3.25e-07	-3.2476e-07	-0.000104266	-1.2235e-09	0.00010425	3.2488e-07	-3.2488e-07	-8.991e-05	-1.2567e-09	8.9958e-05	3.2314e-07	-3.2326e-07	-6.9788e-05	-1.2885e-09	6.9798e-05	3.2294e-07	-3.2326e-07	-4.1434e-05	-1.3285e-09	4.1396e-05	3.2276e-07	-3.2318e-07	-1.9525e-06	-1.3657e-09	2.0383e-06	3.23e-07	-3.2364e-07
0.525	-0.00015782	-1.2762e-09	0.00015772	3.2624e-07	-3.2546e-07	-0.0001552	-1.1963e-09	0.00015528	3.259e-07	-3.252e-07	-0.00015182	-1.192e-09	0.00015194	3.2558e-07	-3.25e-07	-0.00014732	-1.1946e-09	0.00014732	3.254e-07	-3.2496e-07	-0.0001412	-1.2182e-09	0.0001412	3.2516e-07	-3.249e-07	-0.0001328	-1.238e-09	0.00013278	3.2494e-07	-3.2478e-07	-0.00012078	-1.2612e-09	0.00012084	3.2476e-07	-3.2476e-07	-0.0001042	-1.2999e-09	0.000104216	3.2316e-07	-3.2352e-07	-8.0732e-05	-1.3342e-09	8.0662e-05	3.2292e-07	-3.2324e-07	-4.782e-05	-1.3777e-09	4.787e-05	3.227e-07	-3.2322e-07	-2.4243e-06	-1.4137e-09	2.424e-06	3.2308e-07	-3.2362e-07
0.52	-0.00018292	-1.3141e-09	0.0001829	3.2624e-07	-3.2546e-07	-0.0001798	-1.2367e-09	0.0001798	3.2584e-07	-3.251e-07	-0.00017588	-1.2329e-09	0.00017594	3.255e-07	-3.2496e-07	-0.00017054	-1.2358e-09	0.00017054	3.2526e-07	-3.2488e-07	-0.00016338	-1.2582e-09	0.0001635	3.2518e-07	-3.2482e-07	-0.00015344	-1.2785e-09	0.00015358	3.2502e-07	-3.2488e-07	-0.00013956	-1.3048e-09	0.00013962	3.248e-07	-3.248e-07	-0.00012002	-1.3374e-09	0.00011998	3.232e-07	-3.2334e-07	-9.2832e-05	-1.3766e-09	9.2864e-05	3.2292e-07	-3.232e-07	-5.493e-05	-1.4188e-09	5.5002e-05	3.2272e-07	-3.2318e-07	-2.6773e-06	-1.4617e-09	2.6848e-06	3.2296e-07	-3.2358e-07
0.515	-0.00021186	-1.3561e-09	0.00021194	3.2638e-07	-3.2566e-07	-0.00020846	-1.2786e-09	0.00020856	3.259e-07	-3.2502e-07	-0.00020376	-1.2734e-09	0.00020394	3.255e-07	-3.2502e-07	-0.0001975	-1.2784e-09	0.0001976	3.2534e-07	-3.2488e-07	-0.00018908	-1.302e-09	0.0001891	3.2514e-07	-3.2494e-07	-0.00017754	-1.3227e-09	0.0001775	3.2492e-07	-3.2488e-07	-0.00016102	-1.3472e-09	0.00016114	3.2476e-07	-3.2474e-07	-0.00013832	-1.3849e-09	0.00013842	3.2308e-07	-3.232e-07	-0.000106858	-1.4258e-09	0.00010684	3.2294e-07	-3.232e-07	-6.3018e-05	-1.4693e-09	6.3008e-05	3.2274e-07	-3.2328e-07	-3.0709e-06	-1.5083e-09	3.0586e-06	3.2304e-07	-3.2368e-07
0.51	-0.00024452	-1.3933e-09	0.00024446	3.2626e-07	-3.254e-07	-0.00024052	-1.3206e-09	0.0002404	3.2588e-07	-3.2516e-07	-0.0002351	-1.3162e-09	0.00023518	3.2558e-07	-3.25e-07	-0.00022764	-1.3206e-09	0.00022778	3.2536e-07	-3.2492e-07	-0.00021782	-1.3441e-09	0.00021812	3.2512e-07	-3.2484e-07	-0.00020418	-1.3653e-09	0.0002044	3.249e-07	-3.2482e-07	-0.00018526	-1.3956e-09	0.00018526	3.2484e-07	-3.2476e-07	-0.00015882	-1.4284e-09	0.00015868	3.2318e-07	-3.2328e-07	-0.00012232	-1.4677e-09	0.00012238	3.2298e-07	-3.232e-07	-7.184e-05	-1.5169e-09	7.194e-05	3.2266e-07	-3.2326e-07	-3.4638e-06	-1.5606e-09	3.5071e-06	3.2302e-07	-3.2364e-07
0.505	-0.00028202	-1.4352e-09	0.0002822	3.2626e-07	-3.2532e-07	-0.0002772	-1.3629e-09	0.00027758	3.259e-07	-3.2512e-07	-0.00027094	-1.3566e-09	0.00027108	3.255e-07	-3.25e-07	-0.00026244	-1.3644e-09	0.0002624	3.254e-07	-3.2494e-07	-0.00025066	-1.3889e-09	0.00025084	3.2518e-07	-3.249e-07	-0.00023486	-1.4114e-09	0.00023476	3.2498e-07	-3.249e-07	-0.00021272	-1.4404e-09	0.00021276	3.247e-07	-3.2478e-07	-0.00018198	-1.4784e-09	0.00018202	3.2318e-07	-3.2324e-07	-0.00013974	-1.5164e-09	0.00013978	3.2292e-07	-3.2334e-07	-8.1918e-05	-1.5655e-09	8.2064e-05	3.2274e-07	-3.232e-07	-3.9096e-06	-1.6122e-09	3.9074e-06	3.2302e-07	-3.2366e-07
0.5	-0.00032424	-1.4773e-09	0.00032412	3.2626e-07	-3.2542e-07	-0.0003184	-1.4054e-09	0.00031836	3.2586e-07	-3.2514e-07	-0.00031086	-1.3982e-09	0.00031106	3.2558e-07	-3.2496e-07	-0.00030106	-1.4073e-09	0.00030094	3.2538e-07	-3.2488e-07	-0.00028752	-1.4329e-09	0.00028754	3.251e-07	-3.2484e-07	-0.00026884	-1.4585e-09	0.00026886	3.2502e-07	-3.2488e-07	-0.000243	-1.4883e-09	0.00024302	3.2476e-07	-3.2472e-07	-0.00020764	-1.5258e-09	0.00020776	3.231e-07	-3.2334e-07	-0.00015896	-1.5625e-09	0.0001591	3.229e-07	-3.2322e-07	-9.299e-05	-1.6154e-09	9.2988e-05	3.2284e-07	-3.2326e-07	-4.454e-06	-1.6631e-09	4.4884e-06	3.2304e-07	-3.2372e-07
0.495	-0.0003722	-1.5192e-09	0.00037208	3.2618e-07	-3.2542e-07	-0.00036562	-1.449e-09	0.00036538	3.2588e-07	-3.251e-07	-0.00035678	-1.4464e-09	0.0003569	3.2564e-07	-3.2494e-07	-0.00034494	-1.4514e-09	0.00034506	3.2538e-07	-3.2492e-07	-0.00032898	-1.4779e-09	0.0003291	3.2506e-07	-3.2476e-07	-0.0003074	-1.5061e-09	0.00030744	3.25e-07	-3.248e-07	-0.00027738	-1.5366e-09	0.0002776	3.2468e-07	-3.248e-07	-0.00023638	-1.5751e-09	0.0002364	3.2316e-07	-3.2322e-07	-0.00018046	-1.6157e-09	0.00018054	3.2304e-07	-3.232e-07	-0.000105234	-1.6728e-09	0.000105054	3.2274e-07	-3.232e-07	-5.1856e-06	-1.7174e-09	5.1241e-06	3.231e-07	-3.237e-07
0.49	-0.00042534	-1.5639e-09	0.00042534	3.2626e-07	-3.2538e-07	-0.0004176	-1.4908e-09	0.00041734	3.2586e-07	-3.2514e-07	-0.00040724	-1.4888e-09	0.00040734	3.256e-07	-3.2506e-07	-0.00039362	-1.4962e-09	0.00039334	3.254e-07	-3.2496e-07	-0.0003751	-1.5273e-09	0.00037494	3.2512e-07	-3.2488e-07	-0.0003496	-1.5516e-09	0.00034954	3.2502e-07	-3.249e-07	-0.00031516	-1.5829e-09	0.0003152	3.2464e-07	-3.2468e-07	-0.00026786	-1.6249e-09	0.00026776	3.2316e-07	-3.2332e-07	-0.00020392	-1.6652e-09	0.0002038	3.2296e-07	-3.232e-07	-0.00011842	-1.7194e-09	0.00011838	3.2282e-07	-3.2334e-07	-5.7527e-06	-1.7734e-09	5.6824e-06	3.2304e-07	-3.2368e-07
0.485	-0.00048522	-1.6045e-09	0.00048552	3.2622e-07	-3.2542e-07	-0.00047638	-1.5379e-09	0.00047618	3.2572e-07	-3.2512e-07	-0.0004643	-1.5384e-09	0.0004644	3.2562e-07	-3.2502e-07	-0.00044822	-1.5453e-09	0.00044826	3.254e-07	-3.249e-07	-0.00042658	-1.5744e-09	0.00042664	3.2512e-07	-3.2476e-07	-0.00039734	-1.6026e-09	0.00039738	3.25e-07	-3.2492e-07	-0.00035718	-1.6353e-09	0.00035734	3.2474e-07	-3.247e-07	-0.00030268	-1.6763e-09	0.0003032	3.2314e-07	-3.2332e-07	-0.00022988	-1.7183e-09	0.00023002	3.2292e-07	-3.2318e-07	-0.00013304	-1.7752e-09	0.00013296	3.2278e-07	-3.232e-07	-6.4678e-06	-1.8272e-09	6.423e-06	3.2308e-07	-3.2364e-07
0.48	-0.00055132	-1.6484e-09	0.00055114	3.2618e-07	-3.2536e-07	-0.00054044	-1.5789e-09	0.00054084	3.2588e-07	-3.2506e-07	-0.00052662	-1.5822e-09	0.00052658	3.256e-07	-3.2496e-07	-0.00050786	-1.5938e-09	0.00050796	3.2536e-07	-3.2496e-07	-0.00048314	-1.6213e-09	0.00048312	3.2508e-07	-3.2488e-07	-0.00044892	-1.652e-09	0.0004491	3.2498e-07	-3.2472e-07	-0.00040264	-1.6866e-09	0.00040282	3.2476e-07	-3.2478e-07	-0.00034058	-1.731e-09	0.00034076	3.2312e-07	-3.2332e-07	-0.00025806	-1.7739e-09	0.00025784	3.23e-07	-3.2322e-07	-0.00014804	-1.8315e-09	0.00014868	3.2272e-07	-3.2322e-07	-7.2673e-06	-1.8855e-09	7.209e-06	3.2242e-07	-3.23e-07
0.475	-0.00062544	-1.6951e-09	0.00062558	3.253e-07	-3.244e-07	-0.00061304	-1.6287e-09	0.00061304	3.2614e-07	-3.2546e-07	-0.0005964	-1.6276e-09	0.00059662	3.2564e-07	-3.25e-07	-0.00057418	-1.6429e-09	0.00057496	3.254e-07	-3.2502e-07	-0.00054584	-1.6723e-09	0.0005458	3.2508e-07	-3.2484e-07	-0.0005065	-1.7045e-09	0.00050616	3.2504e-07	-3.249e-07	-0.00045328	-1.738e-09	0.00045318	3.2474e-07	-3.2466e-07	-0.0003822	-1.7851e-09	0.00038218	3.2316e-07	-3.233e-07	-0.00028824	-1.8294e-09	0.00028822	3.2302e-07	-3.2332e-07	-0.00016508	-1.8907e-09	0.00016556	3.227e-07	-3.2324e-07	-8.1413e-06	-1.9462e-09	7.9598e-06	3.2298e-07	-3.2362e-07
0.47	-0.0007056	-1.7415e-09	0.00070604	3.2526e-07	-3.2448e-07	-0.00069156	-1.6736e-09	0.00069152	3.2584e-07	-3.2516e-07	-0.00067234	-1.6798e-09	0.00067216	3.256e-07	-3.2502e-07	-0.00064726	-1.6927e-09	0.00064724	3.254e-07	-3.2494e-07	-0.00061326	-1.723e-09	0.0006132	3.2512e-07	-3.2484e-07	-0.00056828	-1.7546e-09	0.00056836	3.2492e-07	-3.2472e-07	-0.00050718	-1.794e-09	0.0005075	3.248e-07	-3.2482e-07	-0.00042686	-1.8392e-09	0.0004268	3.2322e-07	-3.2332e-07	-0.0003208	-1.8881e-09	0.00032064	3.2302e-07	-3.2328e-07	-0.00018334	-1.9446e-09	0.00018372	3.2272e-07	-3.2326e-07	-8.7951e-06	-2.0035e-09	8.8557e-06	3.2298e-07	-3.2366e-07
0.465	-0.00079534	-1.7872e-09	0.00079528	3.2532e-07	-3.245e-07	-0.00077856	-1.7234e-09	0.00077858	3.258e-07	-3.2518e-07	-0.00075626	-1.728e-09	0.00075668	3.256e-07	-3.2502e-07	-0.00072738	-1.7443e-09	0.00072714	3.254e-07	-3.2496e-07	-0.0006886	-1.7757e-09	0.00068832	3.2512e-07	-3.248e-07	-0.0006361	-1.8076e-09	0.00063614	3.2502e-07	-3.2484e-07	-0.00056696	-1.8478e-09	0.00056678	3.2482e-07	-3.248e-07	-0.00047522	-1.8989e-09	0.00047518	3.232e-07	-3.2328e-07	-0.0003558	-1.9495e-09	0.0003561	3.2304e-07	-3.2328e-07	-0.00020236	-2.0073e-09	0.00020248	3.2278e-07	-3.2322e-07	-9.7699e-06	-2.0682e-09	9.6931e-06	3.2302e-07	-3.237e-07
0.46	-0.00089164	-1.8393e-09	0.00089138	3.2524e-07	-3.2452e-07	-0.00087224	-1.7739e-09	0.00087214	3.2584e-07	-3.2518e-07	-0.00084646	-1.7793e-09	0.00084662	3.256e-07	-3.25e-07	-0.00081232	-1.7931e-09	0.0008124	3.2548e-07	-3.2494e-07	-0.000768	-1.8303e-09	0.00076812	3.251e-07	-3.248e-07	-0.00070828	-1.8666e-09	0.00070836	3.2506e-07	-3.2486e-07	-0.0006291	-1.9069e-09	0.00062918	3.248e-07	-3.2478e-07	-0.0005263	-1.9546e-09	0.00052606	3.2314e-07	-3.2332e-07	-0.00039278	-2.0084e-09	0.00039258	3.2296e-07	-3.2324e-07	-0.00022272	-2.0668e-09	0.00022268	3.2274e-07	-3.2326e-07	-1.08326e-05	-2.134e-09	1.07223e-05	3.224e-07	-3.2368e-07
0.455	-0.00099794	-1.8858e-09	0.00099804	3.2528e-07	-3.2448e-07	-0.00097554	-1.824e-09	0.00097568	3.2588e-07	-3.2518e-07	-0.00094612	-1.8333e-09	0.000946	3.256e-07	-3.2502e-07	-0.00090702	-1.849e-09	0.00090668	3.2534e-07	-3.2496e-07	-0.00085548	-1.8854e-09	0.00085514	3.2522e-07	-3.2478e-07	-0.00078688	-1.9201e-09	0.00078692	3.25e-07	-3.2484e-07	-0.00069748	-1.965e-09	0.00069746	3.2482e-07	-3.2482e-07	-0.00058108	-2.0156e-09	0.00058074	3.232e-07	-3.233e-07	-0.00043224	-2.0688e-09	0.000432	3.2296e-07	-3.233e-07	-0.00024406	-2.1296e-09	0.00024414	3.2274e-07	-3.2316e-07	-1.14973e-05	-2.1996e-09	1.15007e-05	3.231e-07	-3.2364e-07
0.45	-0.0011113	-1.9377e-09	0.00111186	3.2534e-07	-3.2448e-07	-0.00108572	-1.8803e-09	0.0010857	3.2578e-07	-3.2508e-07	-0.00105114	-1.8861e-09	0.00105176	3.2554e-07	-3.25e-07	-0.00100664	-1.8988e-09	0.00100654	3.2538e-07	-3.25e-07	-0.00094738	-1.941e-09	0.00094732	3.2514e-07	-3.2482e-07	-0.00086974	-1.9813e-09	0.00086988	3.2498e-07	-3.2478e-07	-0.00076872	-2.0234e-09	0.00076866	3.248e-07	-3.2478e-07	-0.00063894	-2.0761e-09	0.0006387	3.231e-07	-3.2322e-07	-0.0004731	-2.1331e-09	0.00047294	3.2294e-07	-3.2326e-07	-0.00026598	-2.1971e-09	0.00026552	3.2284e-07	-3.2316e-07	-1.17221e-05	-2.2584e-09	1.1726e-05	3.231e-07	-3.2366e-07
0.445	-0.0012344	-1.9865e-09	0.001236	3.2524e-07	-3.2448e-07	-0.0012056	-1.9242e-09	0.0012062	3.2586e-07	-3.2512e-07	-0.0011656	-1.9335e-09	0.0011664	3.256e-07	-3.2496e-07	-0.001115	-1.9595e-09	0.00111494	3.2528e-07	-3.2494e-07	-0.0010476	-2.0003e-09	0.00104738	3.2514e-07	-3.248e-07	-0.00095958	-2.0405e-09	0.0009593	3.2494e-07	-3.2476e-07	-0.00084546	-2.0866e-09	0.00084524	3.2486e-07	-3.2482e-07	-0.00069932	-2.1405e-09	0.0006998	3.2318e-07	-3.2336e-07	-0.00051676	-2.1995e-09	0.00051622	3.2302e-07	-3.2328e-07	-0.00028908	-2.2665e-09	0.00028966	3.2272e-07	-3.2322e-07	-1.17221e-05	-2.3268e-09	1.15008e-05	3.2304e-07	-3.2366e-07
0.44	-0.0013672	-2.0351e-09	0.0013678	3.2522e-07	-3.2444e-07	-0.001333	-1.9777e-09	0.001333	3.2588e-07	-3.2512e-07	-0.0012874	-1.9914e-09	0.0012876	3.256e-07	-3.25e-07	-0.001228	-2.0151e-09	0.0012286	3.2534e-07	-3.2496e-07	-0.0011522	-2.0536e-09	0.0011518	3.2516e-07	-3.2482e-07	-0.00105252	-2.102e-09	0.00105226	3.2504e-07	-3.2484e-07	-0.00092498	-2.1464e-09	0.00092414	3.2482e-07	-3.2478e-07	-0.00076262	-2.2066e-09	0.00076256	3.2312e-07	-3.232e-07	-0.00056102	-2.2652e-09	0.00056134	3.2298e-07	-3.233e-07	-0.00031376	-2.337e-09	0.00031316	3.2268e-07	-3.2268e-07	-1.1028e-05	-2.3842e-09	1.4986e-05	3.2304e-07	-3.2364e-07
0.435	-0.0015102	-2.0906e-09	0.0015104	3.253e-07	-3.2446e-07	-0.0014698	-2.0336e-09	0.0014706	3.2582e-07	-3.2514e-07	-0.0014184	-2.0486e-09	0.0014186	3.2562e-07	-3.2498e-07	-0.001351	-2.0716e-09	0.001351	3.2532e-07	-3.249e-07	-0.0012632	-2.1148e-09	0.001264	3.251e-07	-3.248e-07	-0.0011516	-2.1602e-09	0.0011516	3.2492e-07	-3.2476e-07	-0.00100858	-2.2112e-09	0.00100868	3.2478e-07	-3.2484e-07	-0.00082952	-2.2753e-09	0.00082958	3.2312e-07	-3.2338e-07	-0.00060774	-2.3341e-09	0.00060762	3.2296e-07	-3.2336e-07	-0.00033806	-2.4131e-09	0.00033796	3.228e-07	-3.2312e-07	-1.618e-05	-2.4586e-09	1.6116e-05	3.2298e-07	-3.2362e-07
0.43	-0.0016596	-2.1457e-09	0.0016594	3.2528e-07	-3.2454e-07	-0.0016136	-2.0948e-09	0.0016134	3.2582e-07	-3.2502e-07	-0.0015548	-2.1065e-09	0.001555	3.2554e-07	-3.2496e-07	-0.0014776	-2.134e-09	0.0014772	3.2524e-07	-3.2488e-07	-0.00138	-2.1786e-09	0.0013792	3.251e-07	-3.248e-07	-0.001254	-2.2231e-09	0.0012546	3.2498e-07	-3.2484e-07	-0.00109518	-2.2769e-09	0.00109498	3.2482e-07	-3.2478e-07	-0.0008978	-2.344e-09	0.00089704	3.2316e-07	-3.2328e-07	-0.00065554	-2.4019e-09	0.00065554	3.2302e-07	-3.2334e-07	-0.0003631	-2.4775e-09	0.00036322	3.2272e-07	-3.2314e-07	-1.7238e-05	-2.5338e-09	1.7144e-05	3.2302e-07	-3.2368e-07
0.425	-0.0018202	-2.2034e-09	0.0018202	3.2534e-07	-3.2454e-07	-0.0017678	-2.1506e-09	0.0017674	3.2578e-07	-3.2514e-07	-0.0017002	-2.1711e-09	0.0017004	3.2548e-07	-3.2496e-07	-0.0016132	-2.1955e-09	0.0016132	3.2528e-07	-3.2484e-07	-0.0015022	-2.2417e-09	0.0015028	3.2514e-07	-3.2484e-07	-0.001362	-2.2907e-09	0.001362	3.2498e-07	-3.2494e-07	-0.001185	-2.3432e-09	0.0011858	3.247e-07	-3.2476e-07	-0.0009684	-2.413e-09	0.00096838	3.231e-07	-3.2332e-07	-0.00070518	-2.4759e-09	0.00070494	3.2298e-07	-3.2324e-07	-0.00038918	-2.5536e-09	0.00038848	3.2272e-07	-3.232e-07	-1.847e-05	-2.612e-09	1.8346e-05	3.2304e-07	-3.2368e-07
0.42	-0.0019872	-2.263e-09	0.001987	3.2526e-07	-3.246e-07	-0.0019274	-2.2149e-09	0.0019284	3.258e-07	-3.2514e-07	-0.0018516	-2.229e-09	0.0018512	3.2558e-07	-3.2502e-07	-0.0017532	-2.2573e-09	0.0017534	3.2534e-07	-3.2484e-07	-0.0016286	-2.3084e-09	0.0016286	3.2506e-07	-3.249e-07	-0.001473	-2.3574e-09	0.001473	3.25e-07	-3.2482e-07	-0.0012792	-2.4109e-09	0.0012784	3.2478e-07	-3.2478e-07	-0.0010404	-2.4862e-09	0.00104054	3.2308e-07	-3.2322e-07	-0.00075498	-2.5476e-09	0.00075466	3.23e-07	-3.2328e-07	-0.00041456	-2.631e-09	0.00041542	3.2266e-07	-3.232e-07	-1.9688e-05	-2.6912e-09	1.9526e-05	3.2304e-07	-3.2368e-07
0.415	-0.002166	-2.3221e-09	0.0021664	3.2534e-07	-3.2446e-07	-0.0020978	-2.276e-09	0.0020982	3.2608e-07	-3.2546e-07	-0.0020108	-2.2941e-09	0.0020114	3.2554e-07	-3.25e-07	-0.0019008	-2.3235e-09	0.0019008	3.2532e-07	-3.2496e-07	-0.0017612	-2.3758e-09	0.0017616	3.2512e-07	-3.2482e-07	-0.0015886	-2.4307e-09	0.0015876	3.2492e-07	-3.2484e-07	-0.0013734	-2.4868e-09	0.0013742	3.2468e-07	-3.2464e-07	-0.00111492	-2.5593e-09	0.00111486	3.2316e-07	-3.2328e-07	-0.0008058	-2.6286e-09	0.00080644	3.231e-07	-3.2328e-07	-0.0004422	-2.7103e-09	0.0004427	3.2268e-07	-3.2322e-07	-2.0676e-05	-2.7746e-09	2.0666e-05	3.2304e-07	-3.2368e-07
0.41	-0.0023504	-2.3834e-09	0.00235	3.2534e-07	-3.246e-07	-0.0022732	-2.3376e-09	0.0022724	3.2576e-07	-3.2508e-07	-0.0021752	-2.3611e-09	0.0021754	3.2552e-07	-3.2502e-07	-0.0020512	-2.3879e-09	0.0020514	3.2532e-07	-3.2492e-07	-0.001897	-2.4501e-09	0.001897	3.2514e-07	-3.2472e-07	-0.0017068	-2.506e-09	0.0017054	3.2494e-07	-3.2486e-07	-0.0014718	-2.5589e-09	0.0014714	3.2476e-07	-3.248e-07	-0.0011902	-2.635e-09	0.0011902	3.2322e-07	-3.2328e-07	-0.00085804	-2.7129e-09	0.00085738	3.2308e-07	-3.234e-07	-0.0004684	-2.7885e-09	0.00046874	3.2276e-07	-3.2314e-07	-2.1746e-05	-2.8646e-09	2.1826e-05	3.2304e-07	-3.2366e-07
0.405	-0.0025452	-2.4447e-09	0.0025452	3.2518e-07	-3.2448e-07	-0.0024578	-2.4068e-09	0.0024574	3.258e-07	-3.2516e-07	-0.0023476	-2.4281e-09	0.0023474	3.2554e-07	-3.2508e-07	-0.0022094	-2.4574e-09	0.0022096	3.2534e-07	-3.249e-07	-0.0020382	-2.5193e-09	0.0020376	3.2516e-07	-3.2478e-07	-0.0018268	-2.5782e-09	0.001828	3.25e-07	-3.2476e-07	-0.001572	-2.6351e-09	0.0015716	3.2474e-07	-3.2478e-07	-0.0012684	-2.7091e-09	0.0012686	3.2316e-07	-3.2326e-07	-0.00091044	-2.7999e-09	0.0009102	3.2304e-07	-3.2306e-07	-0.0004958	-2.8736e-09	0.00049584	3.2274e-07	-3.2322e-07	-2.2818e-05	-2.9535e-09	2.2912e-05	3.2306e-07	-3.2364e-07
0.4	-0.0027442	-2.5094e-09	0.0027442	3.2528e-07	-3.2452e-07	-0.0026458	-2.4738e-09	0.0026462	3.2578e-07	-3.252e-07	-0.0025234	-2.4979e-09	0.0025224	3.2548e-07	-3.2496e-07	-0.0023692	-2.532e-09	0.0023688	3.2528e-07	-3.2484e-07	-0.0021802	-2.5921e-09	0.0021808	3.2508e-07	-3.2484e-07	-0.0019496	-2.6526e-09	0.0019498	3.25e-07	-3.2488e-07	-0.0016726	-2.7157e-09	0.0016728	3.2474e-07	-3.2478e-07	-0.001345	-2.7919e-09	0.0013446	3.2322e-07	-3.2332e-07	-0.00096266	-2.8761e-09	0.00096336	3.229e-07	-3.2334e-07	-0.00052226	-2.9608e-09	0.00052394	3.2268e-07	-3.2324e-07	-2.4084e-05	-3.038e-09	2.412e-05	3.2302e-07	-3.2364e-07
0.395	-0.0029538	-2.5713e-09	0.0029542	3.253e-07	-3.2458e-07	-0.0028432	-2.5394e-09	0.002844	3.2586e-07	-3.252e-07	-0.0027062	-2.568e-09	0.002706	3.2554e-07	-3.2504e-07	-0.002535	-2.6055e-09	0.0025356	3.2534e-07	-3.25e-07	-0.0023278	-2.6725e-09	0.0023268	3.25e-07	-3.2488e-07	-0.0020764	-2.7348e-09	0.002076	3.2492e-07	-3.248e-07	-0.0017756	-2.7992e-09	0.0017778	3.2476e-07	-3.248e-07	-0.001424	-2.8744e-09	0.0014232	3.231e-07	-3.2286e-07	-0.00101742	-2.9696e-09	0.00101758	3.2304e-07	-3.2328e-07	-0.00055066	-3.0496e-09	0.00055028	3.227e-07	-3.2316e-07	-2.555e-05	-3.1323e-09	2.5386e-05	3.2308e-07	-3.2364e-07
0.39	-0.003167	-2.6433e-09	0.003167	3.2518e-07	-3.2458e-07	-0.0030438	-2.6095e-09	0.0030436	3.2582e-07	-3.2524e-07	-0.0028902	-2.6447e-09	0.0028908	3.2552e-07	-3.2494e-07	-0.0027026	-2.6858e-09	0.0027028	3.2526e-07	-3.2496e-07	-0.0024752	-2.745e-09	0.0024746	3.251e-07	-3.2484e-07	-0.0022018	-2.8116e-09	0.002201	3.2498e-07	-3.2482e-07	-0.0018786	-2.8886e-09	0.0018786	3.2472e-07	-3.2474e-07	-0.0015024	-2.963e-09	0.0015018	3.2314e-07	-3.2326e-07	-0.00106912	-3.0502e-09	0.00107006	3.2304e-07	-3.2286e-07	-0.00057778	-3.1452e-09	0.00057728	3.2278e-07	-3.2314e-07	-2.6722e-05	-3.2275e-09	2.673e-05	3.2298e-07	-3.2362e-07
0.385	-0.0033898	-2.7179e-09	0.0033904	3.2528e-07	-3.2452e-07	-0.0032522	-2.6836e-09	0.0032522	3.258e-07	-3.2508e-07	-0.0030822	-2.7145e-09	0.0030814	3.256e-07	-3.251e-07	-0.0028758	-2.7639e-09	0.002874	3.2528e-07	-3.2494e-07	-0.0026268	-2.8228e-09	0.002626	3.251e-07	-3.2482e-07	-0.0023308	-2.8994e-09	0.00233	3.2488e-07	-3.2482e-07	-0.001983	-2.9756e-09	0.0019842	3.247e-07	-3.2476e-07	-0.0015804	-3.0543e-09	0.001581	3.2316e-07	-3.2326e-07	-0.00112278	-3.1417e-09	0.0011239	3.2298e-07	-3.2334e-07	-0.0006048	-3.239e-09	0.00060442	3.2266e-07	-3.2312e-07	-2.7774e-05	-3.3318e-09	2.778e-05	3.2298e-07	-3.2362e-07
0.38	-0.0036136	-2.7856e-09	0.003615	3.2524e-07	-3.2448e-07	-0.0034614	-2.7595e-09	0.0034612	3.2578e-07	-3.2508e-07	-0.0032744	-2.7982e-09	0.0032748	3.2552e-07	-3.25e-07	-0.003047	-2.8405e-09	0.0030474	3.2532e-07	-3.2492e-07	-0.0027776	-2.9134e-09	0.0027774	3.2502e-07	-3.2478e-07	-0.002458	-2.982e-09	0.0024578	3.2488e-07	-3.2476e-07	-0.0020864	-3.0609e-09	0.0020866	3.2476e-07	-3.2474e-07	-0.0016592	-3.1444e-09	0.0016588	3.231e-07	-3.2334e-07	-0.0011746	-3.2355e-09	0.001176	3.2308e-07	-3.233e-07	-0.00063134	-3.3338e-09	0.0006322	3.2276e-07	-3.2326e-07	-2.9422e-05	-3.4288e-09	2.9288e-05	3.2308e-07	-3.2364e-07
0.375	-0.003846	-2.8652e-09	0.0038476	3.2524e-07	-3.2448e-07	-0.0036776	-2.8318e-09	0.003678	3.2588e-07	-3.2526e-07	-0.0034724	-2.8737e-09	0.0034712	3.2554e-07	-3.2506e-07	-0.003224	-2.9243e-09	0.003224	3.2494e-07	-3.2488e-07	-0.0029314	-2.9975e-09	0.0029306	3.2516e-07	-3.2488e-07	-0.002589	-3.0684e-09	0.0025886	3.2484e-07	-3.249e-07	-0.002192	-3.1543e-09	0.0021924	3.2472e-07	-3.2478e-07	-0.0017388	-3.2302e-09	0.0017398	3.2304e-07	-3.2328e-07	-0.0012292	-3.3352e-09	0.0012288	3.2302e-07	-3.2334e-07	-0.00065782	-3.4363e-09	0.00065788	3.2274e-07	-3.2318e-07	-3.045e-05	-3.534e-09	3.0264e-05	3.2298e-07	-3.2364e-07
0.37	-0.0040812	-2.9315e-09	0.0040804	3.2522e-07	-3.2388e-07	-0.0038942	-2.919e-09	0.0038942	3.2576e-07	-3.2526e-07	-0.0036678	-2.9586e-09	0.003668	3.2548e-07	-3.2506e-07	-0.0033996	-3.0079e-09	0.0034004	3.2534e-07	-3.2502e-07	-0.0030838	-3.0857e-09	0.0030846	3.2512e-07	-3.2484e-07	-0.0027164	-3.162e-09	0.0027168	3.2492e-07	-3.2484e-07	-0.0022936	-3.2474e-09	0.0022958	3.2476e-07	-3.2476e-07	-0.0018162	-3.3285e-09	0.0018154	3.2316e-07	-3.2324e-07	-0.0012816	-3.4345e-09	0.0012794	3.2296e-07	-3.2334e-07	-0.00068436	-3.5363e-09	0.0006846	3.2272e-07	-3.2314e-07	-3.1212e-05	-3.6361e-09	3.1184e-05	3.2312e-07	-3.2358e-07
0.365	-0.0043216	-3.0121e-09	0.0043206	3.2518e-07	-3.2454e-07	-0.004116	-2.9942e-09	0.0041162	3.2572e-07	-3.2518e-07	-0.0038684	-3.0427e-09	0.00387	3.2558e-07	-3.2508e-07	-0.0035788	-3.0991e-09	0.0035776	3.2534e-07	-3.2498e-07	-0.0032394	-3.1786e-09	0.0032398	3.2512e-07	-3.2478e-07	-0.0028472	-3.2546e-09	0.0028464	3.2496e-07	-3.248e-07	-0.0023994	-3.3373e-09	0.0023986	3.2476e-07	-3.2476e-07	-0.001894	-3.4354e-09	0.0018938	3.2306e-07	-3.2328e-07	-0.0013324	-3.539e-09	0.001333	3.2296e-07	-3.233e-07	-0.00071036	-3.6429e-09	0.00071122	3.2272e-07	-3.2328e-07	-3.2256e-05	-3.7525e-09	3.26e-05	3.2308e-07	-3.2372e-07
0.36	-0.004562	-3.0947e-09	0.0045606	3.2536e-07	-3.2458e-07	-0.0043384	-3.077e-09	0.0043362	3.2576e-07	-3.2518e-07	-0.0040702	-3.1287e-09	0.0040704	3.2554e-07	-3.2504e-07	-0.0037566	-3.1876e-09	0.0037564	3.254e-07	-3.249e-07	-0.003392	-3.2703e-09	0.003392	3.2506e-07	-3.249e-07	-0.0029754	-3.3533e-09	0.0029738	3.2494e-07	-3.2478e-07	-0.002501	-3.4332e-09	0.0025018	3.2472e-07	-3.2478e-07	-0.0019708	-3.5324e-09	0.001972	3.2308e-07	-3.2322e-07	-0.0013832	-3.632e-09	0.0013838	3.2286e-07	-3.2322e-07	-0.00073688	-3.7435e-09	0.00073636	3.2274e-07	-3.2332e-07	-3.3308e-05	-3.8589e-09	3.3356e-05	3.2306e-07	-3.237e-07
0.355	-0.0048066	-3.1785e-09	0.0048068	3.2518e-07	-3.2456e-07	-0.0045614	-3.168e-09	0.0045622	3.2576e-07	-3.252e-07	-0.004272	-3.2192e-09	0.0042724	3.2558e-07	-3.2504e-07	-0.0039358	-3.2779e-09	0.003934	3.253e-07	-3.2494e-07	-0.003547	-3.3667e-09	0.003546	3.251e-07	-3.2488e-07	-0.0031032	-3.4469e-09	0.0031032	3.2498e-07	-3.2482e-07	-0.0026044	-3.5352e-09	0.0026034	3.2478e-07	-3.248e-07	-0.0020488	-3.6412e-09	0.0020474	3.2308e-07	-3.2328e-07	-0.0014344	-3.7441e-09	0.0014342	3.2292e-07	-3.2328e-07	-0.0007628	-3.8537e-09	0.00076322	3.2268e-07	-3.2318e-07	-3.4214e-05	-3.9631e-09	3.4668e-05	3.2314e-07	-3.2376e-07
0.35	-0.0050508	-3.2588e-09	0.00505	3.2528e-07	-3.2448e-07	-0.004786	-3.2565e-09	0.0047848	3.257e-07	-3.2516e-07	-0.0044714	-3.3024e-09	0.0044728	3.2554e-07	-3.2506e-07	-0.004112	-3.3695e-09	0.0041122	3.253e-07	-3.249e-07	-0.0036976	-3.4622e-09	0.0036978	3.2506e-07	-3.2486e-07	-0.0032282	-3.5417e-09	0.0032284	3.2494e-07	-3.249e-07	-0.0027052	-3.6409e-09	0.0027044	3.2468e-07	-3.2478e-07	-0.0021218	-3.7466e-09	0.0021224	3.2306e-07	-3.2326e-07	-0.0014842	-3.8505e-09	0.001484	3.2292e-07	-3.232e-07	-0.00078682	-3.9688e-09	0.00078714	3.2264e-07	-3.2316e-07	-3.549e-05	-4.0929e-09	3.5468e-05	3.2308e-07	-3.2376e-07
0.345	-0.0052994	-3.3528e-09	0.0052994	3.2522e-07	-3.2442e-07	-0.005011	-3.3487e-09	0.0050112	3.257e-07	-3.2516e-07	-0.004676	-3.3961e-09	0.0046756	3.2552e-07	-3.2512e-07	-0.0042892	-3.4706e-09	0.0042902	3.253e-07	-3.25e-07	-0.0038504	-3.5542e-09	0.0038512	3.2498e-07	-3.249e-07	-0.0033548	-3.6471e-09	0.0033532	3.2494e-07	-3.2488e-07	-0.0028044	-3.7464e-09	0.0028046	3.247e-07	-3.2476e-07	-0.0021972	-3.8575e-09	0.0021974	3.2298e-07	-3.2318e-07	-0.0015336	-3.9657e-09	0.0015336	3.2302e-07	-3.2332e-07	-0.00081246	-4.0901e-09	0.00081186	3.2274e-07	-3.2322e-07	-3.6392e-05	-4.2158e-09	3.6324e-05	3.2306e-07	-3.2368e-07
0.34	-0.005545	-3.4355e-09	0.0055436	3.2452e-07	-3.246e-07	-0.0052334	-3.4334e-09	0.0052342	3.257e-07	-3.2518e-07	-0.0048738	-3.491e-09	0.0048746	3.2556e-07	-3.2506e-07	-0.0044628	-3.5706e-09	0.0044634	3.253e-07	-3.2496e-07	-0.0039982	-3.655e-09	0.0039978	3.251e-07	-3.249e-07	-0.0034782	-3.7531e-09	0.0034786	3.2486e-07	-3.2484e-07	-0.0029022	-3.8571e-09	0.0029022	3.2476e-07	-3.2478e-07	-0.002269	-3.966e-09	0.0022704	3.2304e-07	-3.2324e-07	-0.00158	-4.0782e-09	0.0015824	3.2294e-07	-3.232e-07	-0.00083708	-4.2076e-09	0.00083788	3.2274e-07	-3.2316e-07	-3.7584e-05	-4.3404e-09	3.777e-05	3.2306e-07	-3.2376e-07
0.335	-0.005794	-3.5203e-09	0.005793	3.2508e-07	-3.2446e-07	-0.0054586	-3.5372e-09	0.0054594	3.2568e-07	-3.2518e-07	-0.0050738	-3.5915e-09	0.0050748	3.255e-07	-3.2508e-07	-0.0046388	-3.6746e-09	0.0046394	3.2528e-07	-3.2482e-07	-0.0041482	-3.7638e-09	0.004148	3.2512e-07	-3.2484e-07	-0.0036022	-3.8582e-09	0.0036012	3.2494e-07	-3.2484e-07	-0.0029992	-3.9701e-09	0.0029994	3.247e-07	-3.2476e-07	-0.0023426	-4.0853e-09	0.002342	3.231e-07	-3.2322e-07	-0.0016282	-4.2127e-09	0.0016298	3.2292e-07	-3.2326e-07	-0.00086064	-4.3315e-09	0.00085928	3.227e-07	-3.232e-07	-3.8624e-05	-4.471e-09	3.8526e-05	3.2314e-07	-3.2368e-07
0.33	-0.0060382	-3.6223e-09	0.006038	3.2518e-07	-3.2454e-07	-0.00568	-3.6366e-09	0.0056804	3.258e-07	-3.2526e-07	-0.0052706	-3.703e-09	0.0052712	3.2546e-07	-3.2508e-07	-0.0048088	-3.7715e-09	0.0048086	3.2524e-07	-3.2502e-07	-0.0042934	-3.8746e-09	0.0042948	3.2504e-07	-3.2484e-07	-0.003722	-3.9753e-09	0.0037224	3.2486e-07	-3.2486e-07	-0.0030938	-4.0833e-09	0.0030958	3.2474e-07	-3.247e-07	-0.0024112	-4.2055e-09	0.0024124	3.2304e-07	-3.2328e-07	-0.0016748	-4.3411e-09	0.001676	3.2292e-07	-3.2326e-07	-0.00088386	-4.4611e-09	0.00088326	3.2272e-07	-3.2312e-07	-3.9326e-05	-4.5998e-09	3.94e-05	3.2296e-07	-3.2364e-07
0.325	-0.0062848	-3.7292e-09	0.0062842	3.2516e-07	-3.245e-07	-0.0059022	-3.7271e-09	0.0059014	3.2576e-07	-3.252e-07	-0.0054682	-3.8118e-09	0.0054668	3.2552e-07	-3.2504e-07	-0.004981	-3.8914e-09	0.0049814	3.2534e-07	-3.25e-07	-0.0044392	-3.9859e-09	0.0044392	3.2506e-07	-3.2494e-07	-0.003841	-4.0931e-09	0.00384	3.2488e-07	-3.2488e-07	-0.0031894	-4.2023e-09	0.0031884	3.2472e-07	-3.2478e-07	-0.0024814	-4.3266e-09	0.0024812	3.231e-07	-3.2324e-07	-0.0017216	-4.4691e-09	0.001721	3.2292e-07	-3.2332e-07	-0.00090576	-4.5901e-09	0.00090576	3.2272e-07	-3.2316e-07	-4.0156e-05	-4.7322e-09	4.0246e-05	3.2302e-07	-3.2368e-07
0.32	-0.0065254	-3.8287e-09	0.006526	3.2522e-07	-3.2454e-07	-0.006121	-3.8326e-09	0.00612	3.2576e-07	-3.252e-07	-0.0056598	-3.9177e-09	0.0056612	3.2552e-07	-3.25e-07	-0.0051468	-4.0021e-09	0.005147	3.2522e-07	-3.25e-07	-0.0045804	-4.097e-09	0.00458	3.2506e-07	-3.2484e-07	-0.0039572	-4.2039e-09	0.0039574	3.2488e-07	-3.2482e-07	-0.0032804	-4.3419e-09	0.003281	3.247e-07	-3.2478e-07	-0.0025494	-4.4523e-09	0.0025486	3.2304e-07	-3.2322e-07	-0.001766	-4.5992e-09	0.0017648	3.2302e-07	-3.2312e-07	-0.0009279	-4.7199e-09	0.00092806	3.2278e-07	-3.2326e-07	-4.1282e-05	-4.8731e-09	4.1304e-05	3.2298e-07	-3.2364e-07
0.315	-0.0067704	-3.9355e-09	0.00677	3.2518e-07	-3.2454e-07	-0.006338	-3.9474e-09	0.006339	3.2572e-07	-3.252e-07	-0.0058526	-4.0304e-09	0.0058514	3.255e-07	-3.2506e-07	-0.0053132	-4.1199e-09	0.005313	3.2536e-07	-3.2502e-07	-0.0047208	-4.2213e-09	0.0047216	3.2506e-07	-3.2494e-07	-0.004073	-4.3296e-09	0.0040716	3.2498e-07	-3.2492e-07	-0.0033702	-4.4702e-09	0.0033712	3.248e-07	-3.2486e-07	-0.002616	-4.5975e-09	0.0026166	3.2304e-07	-3.2324e-07	-0.0018098	-4.7309e-09	0.0018102	3.2296e-07	-3.2332e-07	-0.00094934	-4.8811e-09	0.00095012	3.2274e-07	-3.2312e-07	-4.215e-05	-5.0162e-09	4.2188e-05	3.2304e-07	-3.2374e-07
0.31	-0.0070058	-4.0392e-09	0.0070058	3.2522e-07	-3.246e-07	-0.0065498	-4.0587e-09	0.006549	3.2572e-07	-3.252e-07	-0.00604	-4.1444e-09	0.0060392	3.2542e-07	-3.2498e-07	-0.0054754	-4.2385e-09	0.0054754	3.2532e-07	-3.25e-07	-0.0048574	-4.3356e-09	0.004858	3.2508e-07	-3.2486e-07	-0.0041842	-4.4556e-09	0.0041842	3.2486e-07	-3.2482e-07	-0.0034594	-4.6001e-09	0.0034596	3.2478e-07	-3.2486e-07	-0.0026812	-4.7322e-09	0.0026806	3.231e-07	-3.233e-07	-0.001852	-4.8705e-09	0.0018504	3.2296e-07	-3.2316e-07	-0.00097122	-5.0212e-09	0.00097128	3.2266e-07	-3.2322e-07	-4.303e-05	-5.1656e-09	4.2976e-05	3.2302e-07	-3.2368e-07
0.305	-0.007245	-4.1523e-09	0.0072468	3.2522e-07	-3.2458e-07	-0.0067632	-4.1761e-09	0.0067632	3.2572e-07	-3.2512e-07	-0.0062272	-4.2504e-09	0.0062274	3.2536e-07	-3.2502e-07	-0.0056366	-4.3584e-09	0.0056352	3.2536e-07	-3.2508e-07	-0.004996	-4.4813e-09	0.0049922	3.251e-07	-3.2494e-07	-0.0042966	-4.6043e-09	0.004297	3.2492e-07	-3.2488e-07	-0.0035476	-4.7318e-09	0.0035466	3.247e-07	-3.2484e-07	-0.0027436	-4.8708e-09	0.0027446	3.2302e-07	-3.2322e-07	-0.0018946	-5.0141e-09	0.0018934	3.2292e-07	-3.232e-07	-0.00099262	-5.1687e-09	0.00099276	3.2266e-07	-3.232e-07	-4.3982e-05	-5.3165e-09	4.3818e-05	3.2302e-07	-3.2358e-07
0.3	-0.0074774	-4.2646e-09	0.007478	3.2526e-07	-3.2452e-07	-0.0069702	-4.294e-09	0.00697	3.2574e-07	-3.252e-07	-0.0064096	-4.3692e-09	0.0064084	3.255e-07	-3.2506e-07	-0.0057916	-4.4834e-09	0.0057916	3.2528e-07	-3.2506e-07	-0.0051266	-4.5895e-09	0.0051258	3.2506e-07	-3.249e-07	-0.0044056	-4.7377e-09	0.0044046	3.249e-07	-3.2482e-07	-0.003632	-4.8717e-09	0.0036306	3.2466e-07	-3.2476e-07	-0.0028072	-5.0123e-09	0.0028068	3.2304e-07	-3.2336e-07	-0.001935	-5.1573e-09	0.001935	3.2284e-07	-3.233e-07	-0.00101208	-5.3134e-09	0.00101424	3.2272e-07	-3.232e-07	-4.4724e-05	-5.4704e-09	4.4884e-05	3.231e-07	-3.2362e-07
0.295	-0.007709	-4.3823e-09	0.0077092	3.2526e-07	-3.246e-07	-0.0071756	-4.4116e-09	0.0071736	3.257e-07	-3.252e-07	-0.0065884	-4.494e-09	0.0065888	3.255e-07	-3.2516e-07	-0.005949	-4.6117e-09	0.0059472	3.2528e-07	-3.2502e-07	-0.0052566	-4.7239e-09	0.005256	3.2502e-07	-3.2484e-07	-0.004511	-4.8768e-09	0.0045122	3.2492e-07	-3.249e-07	-0.0037142	-4.9995e-09	0.0037156	3.247e-07	-3.2482e-07	-0.0028674	-5.1623e-09	0.0028684	3.2316e-07	-3.2324e-07	-0.0019752	-5.31e-09	0.001974	3.229e-07	-3.2326e-07	-0.00103248	-5.4722e-09	0.00103236	3.2266e-07	-3.2314e-07	-4.5566e-05	-5.6271e-09	4.5668e-05	3.2308e-07	-3.236e-07
0.29	-0.0079352	-4.4991e-09	0.0079348	3.2516e-07	-3.2468e-07	-0.0073752	-4.5345e-09	0.0073752	3.2572e-07	-3.2524e-07	-0.006763	-4.6162e-09	0.0067632	3.255e-07	-3.2506e-07	-0.0060974	-4.7436e-09	0.0060986	3.2534e-07	-3.25e-07	-0.0053808	-4.858e-09	0.0053814	3.2504e-07	-3.2488e-07	-0.0046134	-5.0154e-09	0.0046138	3.2492e-07	-3.2484e-07	-0.003795	-5.133e-09	0.0037958	3.2476e-07	-3.2482e-07	-0.002928	-5.3098e-09	0.0029284	3.2304e-07	-3.2314e-07	-0.0020132	-5.462e-09	0.0020128	3.2296e-07	-3.2322e-07	-0.00105246	-5.6308e-09	0.00105262	3.2272e-07	-3.2318e-07	-4.6612e-05	-5.7929e-09	4.6566e-05	3.2304e-07	-3.2362e-07
0.285	-0.008159	-4.6028e-09	0.0081594	3.2528e-07	-3.2464e-07	-0.007574	-4.6651e-09	0.0075748	3.257e-07	-3.253e-07	-0.0069362	-4.7529e-09	0.006936	3.2554e-07	-3.2502e-07	-0.006247	-4.8819e-09	0.006247	3.2532e-07	-3.2508e-07	-0.0055072	-4.9989e-09	0.0055078	3.2506e-07	-3.2482e-07	-0.0047152	-5.1641e-09	0.0047156	3.2492e-07	-3.2486e-07	-0.003876	-5.2844e-09	0.0038746	3.2476e-07	-3.248e-07	-0.0029846	-5.4621e-09	0.002985	3.2322e-07	-3.2328e-07	-0.0020502	-5.6217e-09	0.0020504	3.2296e-07	-3.2326e-07	-0.0010713	-5.7902e-09	0.00106992	3.2272e-07	-3.231e-07	-4.7046e-05	-5.9598e-09	4.7032e-05	3.2308e-07	-3.2362e-07
0.28	-0.0083764	-4.7303e-09	0.0083774	3.252e-07	-3.2458e-07	-0.0077672	-4.7768e-09	0.0077652	3.2592e-07	-3.2556e-07	-0.0071056	-4.9075e-09	0.0071048	3.2542e-07	-3.2506e-07	-0.0063916	-5.0218e-09	0.0063916	3.2534e-07	-3.251e-07	-0.0056272	-5.1437e-09	0.0056266	3.25e-07	-3.2478e-07	-0.0048156	-5.3135e-09	0.0048134	3.2486e-07	-3.2488e-07	-0.003952	-5.4305e-09	0.0039524	3.2474e-07	-3.2486e-07	-0.0030428	-5.6213e-09	0.0030426	3.231e-07	-3.2322e-07	-0.0020884	-5.7804e-09	0.0020868	3.2292e-07	-3.2322e-07	-0.0010893	-5.9597e-09	0.00109002	3.2262e-07	-3.2314e-07	-4.8428e-05	-6.1254e-09	4.8176e-05	3.2304e-07	-3.2308e-07
0.275	-0.0085922	-4.8603e-09	0.0085912	3.2524e-07	-3.2454e-07	-0.0079568	-4.9319e-09	0.0079566	3.257e-07	-3.2526e-07	-0.0072714	-5.0468e-09	0.0072708	3.2552e-07	-3.2508e-07	-0.0065344	-5.1653e-09	0.0065346	3.2518e-07	-3.2494e-07	-0.0057476	-5.2925e-09	0.0057484	3.2506e-07	-3.2482e-07	-0.0049126	-5.4609e-09	0.004912	3.2498e-07	-3.2492e-07	-0.0040282	-5.5873e-09	0.0040276	3.2478e-07	-3.247e-07	-0.0030976	-5.7508e-09	0.0030998	3.2308e-07	-3.2328e-07	-0.0021244	-5.9223e-09	0.0021252	3.2296e-07	-3.2328e-07	-0.00110668	-6.1298e-09	0.0011085	3.2266e-07	-3.2318e-07	-4.9126e-05	-6.3043e-09	4.9206e-05	3.2308e-07	-3.2362e-07
0.27	-0.008802	-4.9909e-09	0.0088022	3.252e-07	-3.246e-07	-0.0081422	-5.0695e-09	0.0081414	3.2574e-07	-3.2526e-07	-0.0074312	-5.1891e-09	0.007432	3.2552e-07	-3.2524e-07	-0.006672	-5.3143e-09	0.0066728	3.2526e-07	-3.25e-07	-0.0058634	-5.4413e-09	0.0058638	3.2496e-07	-3.2484e-07	-0.0050062	-5.6215e-09	0.0050044	3.2494e-07	-3.248e-07	-0.0041014	-5.7513e-09	0.0041016	3.2474e-07	-3.2482e-07	-0.0031526	-5.9182e-09	0.003151	3.2312e-07	-3.2324e-07	-0.0021594	-6.1194e-09	0.002161	3.2284e-07	-3.2324e-07	-0.0011247	-6.3021e-09	0.00112534	3.2272e-07	-3.2314e-07	-4.9746e-05	-6.4772e-09	4.9766e-05	3.2304e-07	-3.2366e-07
0.265	-0.0090106	-5.1289e-09	0.0090114	3.2524e-07	-3.2462e-07	-0.0083272	-5.2173e-09	0.0083274	3.2578e-07	-3.2524e-07	-0.0075908	-5.3383e-09	0.0075922	3.2548e-07	-3.251e-07	-0.0068076	-5.4692e-09	0.0068094	3.2524e-07	-3.249e-07	-0.0059768	-5.5984e-09	0.0059782	3.249e-07	-3.2482e-07	-0.0050998	-5.7798e-09	0.0050978	3.249e-07	-3.2492e-07	-0.0041728	-5.9162e-09	0.004174	3.2476e-07	-3.2484e-07	-0.003204	-6.1178e-09	0.0032046	3.2314e-07	-3.2332e-07	-0.0021946	-6.2941e-09	0.0021956	3.2286e-07	-3.2272e-07	-0.0011417	-6.4822e-09	0.0011423	3.2272e-07	-3.232e-07	-5.047e-05	-6.6702e-09	5.0428e-05	3.2302e-07	-3.2362e-07
0.26	-0.009212	-5.2924e-09	0.009211	3.2522e-07	-3.246e-07	-0.0085028	-5.3617e-09	0.0085048	3.2574e-07	-3.2524e-07	-0.0077466	-5.4876e-09	0.007746	3.2576e-07	-3.2532e-07	-0.0069412	-5.6241e-09	0.0069408	3.253e-07	-3.2502e-07	-0.0060868	-5.7578e-09	0.0060886	3.25e-07	-3.2478e-07	-0.0051886	-5.9426e-09	0.0051876	3.2492e-07	-3.249e-07	-0.0042434	-6.081e-09	0.0042444	3.247e-07	-3.2488e-07	-0.0032556	-6.2847e-09	0.003255	3.2304e-07	-3.2326e-07	-0.0022288	-6.4702e-09	0.002228	3.228e-07	-3.2326e-07	-0.0011584	-6.6232e-09	0.0011576	3.2266e-07	-3.2308e-07	-5.1058e-05	-6.8477e-09	5.1142e-05	3.2232e-07	-3.2368e-07
0.255	-0.009407	-5.4364e-09	0.0094092	3.2518e-07	-3.246e-07	-0.008676	-5.5081e-09	0.0086766	3.2578e-07	-3.2534e-07	-0.0078956	-5.644e-09	0.0078976	3.2544e-07	-3.2508e-07	-0.0070692	-5.7814e-09	0.0070714	3.2524e-07	-3.2506e-07	-0.0061952	-5.9434e-09	0.006195	3.2506e-07	-3.249e-07	-0.005274	-6.1116e-09	0.0052738	3.2498e-07	-3.249e-07	-0.004311	-6.2523e-09	0.0043124	3.2468e-07	-3.2472e-07	-0.0033052	-6.4698e-09	0.0033056	3.2304e-07	-3.2338e-07	-0.0022588	-6.6549e-09	0.0022618	3.2242e-07	-3.2326e-07	-0.001174	-6.7996e-09	0.0011748	3.2284e-07	-3.2324e-07	-5.2136e-05	-7.0389e-09	5.1622e-05	3.2304e-07	-3.2374e-07
0.25	-0.0096026	-5.5637e-09	0.0096026	3.251e-07	-3.2448e-07	-0.0088472	-5.667e-09	0.008849	3.2578e-07	-3.2518e-07	-0.0080454	-5.7739e-09	0.0080454	3.2552e-07	-3.2512e-07	-0.0071954	-5.9145e-09	0.0071958	3.253e-07	-3.2496e-07	-0.0063016	-6.1132e-09	0.0063014	3.2502e-07	-3.248e-07	-0.0053618	-6.2871e-09	0.0053586	3.2496e-07	-3.2492e-07	-0.0043784	-6.4616e-09	0.0043792	3.2476e-07	-3.2478e-07	-0.0033548	-6.655e-09	0.0033562	3.231e-07	-3.2328e-07	-0.0022926	-6.8445e-09	0.0022922	3.229e-07	-3.2324e-07	-0.0011904	-6.9965e-09	0.0011908	3.227e-07	-3.2312e-07	-5.236e-05	-7.2456e-09	5.2284e-05	3.2244e-07	-3.2312e-07
0.245	-0.0097914	-5.7122e-09	0.0097918	3.2512e-07	-3.2458e-07	-0.0090128	-5.8209e-09	0.0090126	3.257e-07	-3.2526e-07	-0.0081876	-5.9358e-09	0.0081884	3.2542e-07	-3.2512e-07	-0.0073184	-6.0788e-09	0.0073178	3.2528e-07	-3.2496e-07	-0.0064044	-6.2848e-09	0.0064038	3.2498e-07	-3.249e-07	-0.005442	-6.463e-09	0.005442	3.2494e-07	-3.2494e-07	-0.0044418	-6.6442e-09	0.0044434	3.247e-07	-3.248e-07	-0.0034018	-6.8394e-09	0.0034038	3.2302e-07	-3.2328e-07	-0.0023234	-6.9913e-09	0.0023232	3.2288e-07	-3.2318e-07	-0.001205	-7.1912e-09	0.0012052	3.226e-07	-3.2326e-07	-5.3464e-05	-7.4468e-09	5.3362e-05	3.2308e-07	-3.2362e-07
0.24	-0.0099774	-5.8703e-09	0.0099798	3.2512e-07	-3.246e-07	-0.0091772	-5.9878e-09	0.009177	3.2572e-07	-3.2522e-07	-0.0083314	-6.0971e-09	0.0083304	3.2548e-07	-3.2506e-07	-0.0074398	-6.2522e-09	0.007438	3.2528e-07	-3.2498e-07	-0.006504	-6.4484e-09	0.0065042	3.25e-07	-3.2484e-07	-0.0055264	-6.6445e-09	0.0055242	3.2492e-07	-3.2484e-07	-0.0045086	-6.8358e-09	0.0045078	3.2476e-07	-3.2478e-07	-0.0034488	-7.032e-09	0.0034492	3.2306e-07	-3.2326e-07	-0.0023552	-7.1875e-09	0.0023532	3.2292e-07	-3.232e-07	-0.0012216	-7.3913e-09	0.0012204	3.2218e-07	-3.232e-07	-5.3756e-05	-7.6556e-09	5.3824e-05	3.2302e-07	-3.2374e-07
0.235	-0.010158	-6.0293e-09	0.0101564	3.2516e-07	-3.2454e-07	-0.0093352	-6.1548e-09	0.0093348	3.2564e-07	-3.2524e-07	-0.0084682	-6.3085e-09	0.0084666	3.2546e-07	-3.2516e-07	-0.0075552	-6.425e-09	0.0075548	3.2532e-07	-3.2506e-07	-0.0066042	-6.6076e-09	0.0066032	3.2504e-07	-3.249e-07	-0.005604	-6.8321e-09	0.005603	3.2488e-07	-3.249e-07	-0.0045668	-7.0235e-09	0.0045676	3.2472e-07	-3.2484e-07	-0.0034932	-7.2291e-09	0.003494	3.2304e-07	-3.2322e-07	-0.0023838	-7.375e-09	0.0023828	3.2286e-07	-3.2322e-07	-0.0012342	-7.5927e-09	0.0012346	3.2276e-07	-3.232e-07	-5.4054e-05	-7.8609e-09	5.3852e-05	3.2308e-07	-3.237e-07
0.23	-0.0103352	-6.1937e-09	0.010335	3.252e-07	-3.2464e-07	-0.0094916	-6.326e-09	0.009493	3.2566e-07	-3.2522e-07	-0.0086036	-6.4816e-09	0.008602	3.2548e-07	-3.2512e-07	-0.007673	-6.6065e-09	0.0076728	3.2516e-07	-3.2496e-07	-0.0066974	-6.8311e-09	0.0066966	3.25e-07	-3.248e-07	-0.0056816	-7.0315e-09	0.0056804	3.249e-07	-3.249e-07	-0.004631	-7.2277e-09	0.00463	3.2474e-07	-3.2482e-07	-0.0035386	-7.4293e-09	0.0035372	3.2306e-07	-3.2322e-07	-0.0024114	-7.5863e-09	0.0024122	3.228e-07	-3.2326e-07	-0.0012502	-7.8542e-09	0.0012492	3.2284e-07	-3.2326e-07	-5.4832e-05	-8.0298e-09	5.4624e-05	3.2306e-07	-3.236e-07
0.225	-0.0105072	-6.361e-09	0.0105054	3.2512e-07	-3.2458e-07	-0.0096424	-6.4973e-09	0.0096412	3.2566e-07	-3.2524e-07	-0.0087336	-6.6554e-09	0.0087318	3.2552e-07	-3.2512e-07	-0.0077808	-6.7848e-09	0.0077812	3.2524e-07	-3.25e-07	-0.0067882	-7.0265e-09	0.0067904	3.2508e-07	-3.2502e-07	-0.0057574	-7.2228e-09	0.0057556	3.2496e-07	-3.2498e-07	-0.0046882	-7.425e-09	0.0046866	3.2474e-07	-3.2488e-07	-0.0035794	-7.6359e-09	0.0035794	3.2304e-07	-3.2332e-07	-0.0024398	-7.7974e-09	0.00244	3.229e-07	-3.2316e-07	-0.0012632	-8.0758e-09	0.001264	3.2278e-07	-3.2324e-07	-5.5236e-05	-8.2491e-09	5.5498e-05	3.2308e-07	-3.2374e-07
0.22	-0.0106774	-6.5741e-09	0.0106742	3.2508e-07	-3.2464e-07	-0.0097896	-6.683e-09	0.0097908	3.2574e-07	-3.2526e-07	-0.0088604	-6.8414e-09	0.0088604	3.2546e-07	-3.2512e-07	-0.0078906	-6.9832e-09	0.0078916	3.2524e-07	-3.2496e-07	-0.0068816	-7.2255e-09	0.0068788	3.2504e-07	-3.249e-07	-0.0058302	-7.4212e-09	0.005829	3.2486e-07	-3.2482e-07	-0.0047436	-7.5818e-09	0.0047462	3.2478e-07	-3.2486e-07	-0.0036218	-7.8494e-09	0.0036238	3.2304e-07	-3.233e-07	-0.0024684	-8.0131e-09	0.0024652	3.2294e-07	-3.232e-07	-0.0012758	-8.2398e-09	0.0012766	3.227e-07	-3.2316e-07	-5.588e-05	-8.4754e-09	5.626e-05	3.2304e-07	-3.2364e-07
0.215	-0.0108382	-6.7536e-09	0.010839	3.2524e-07	-3.246e-07	-0.0099334	-6.8649e-09	0.0099324	3.2572e-07	-3.2522e-07	-0.0089834	-7.0327e-09	0.0089836	3.255e-07	-3.252e-07	-0.007996	-7.168e-09	0.0079966	3.2524e-07	-3.2508e-07	-0.0069704	-7.4244e-09	0.0069696	3.2506e-07	-3.249e-07	-0.0059012	-7.5826e-09	0.0058998	3.2488e-07	-3.249e-07	-0.004802	-7.7912e-09	0.0047994	3.2468e-07	-3.2484e-07	-0.003661	-8.0304e-09	0.0036638	3.2302e-07	-3.2322e-07	-0.002495	-8.2366e-09	0.002493	3.2286e-07	-3.2326e-07	-0.0012886	-8.526e-09	0.001289	3.2274e-07	-3.2314e-07	-5.6306e-05	-8.7021e-09	5.6864e-05	3.2304e-07	-3.2356e-07
0.21	-0.011	-6.9327e-09	0.010999	3.2512e-07	-3.2458e-07	-0.0100732	-7.0527e-09	0.010073	3.2568e-07	-3.253e-07	-0.009108	-7.2312e-09	0.009107	3.2546e-07	-3.2512e-07	-0.008101	-7.3678e-09	0.0081016	3.2522e-07	-3.2496e-07	-0.0070558	-7.6324e-09	0.0070544	3.2494e-07	-3.2488e-07	-0.0059712	-7.7907e-09	0.0059738	3.2494e-07	-3.2484e-07	-0.0048562	-8.0087e-09	0.0048542	3.2468e-07	-3.247e-07	-0.0037002	-8.2285e-09	0.0037022	3.2304e-07	-3.233e-07	-0.0025204	-8.4547e-09	0.0025194	3.2288e-07	-3.2334e-07	-0.001304	-8.7596e-09	0.0013018	3.2278e-07	-3.2312e-07	-5.7074e-05	-8.9374e-09	5.7312e-05	3.2302e-07	-3.2372e-07
0.205	-0.0111552	-7.1218e-09	0.0111546	3.2506e-07	-3.2454e-07	-0.0102114	-7.2435e-09	0.0102106	3.2566e-07	-3.252e-07	-0.0092256	-7.4308e-09	0.0092244	3.2548e-07	-3.2518e-07	-0.0081996	-7.5675e-09	0.0082022	3.2524e-07	-3.2496e-07	-0.0071368	-7.838e-09	0.0071368	3.25e-07	-3.2484e-07	-0.0060398	-7.9982e-09	0.0060398	3.2482e-07	-3.248e-07	-0.004908	-8.2818e-09	0.0049098	3.2474e-07	-3.2478e-07	-0.0037392	-8.4502e-09	0.003741	3.2304e-07	-3.2322e-07	-0.002544	-8.6875e-09	0.0025458	3.229e-07	-3.2332e-07	-0.0013168	-9.0005e-09	0.0013154	3.2266e-07	-3.2314e-07	-5.7864e-05	-9.2376e-09	5.7862e-05	3.2292e-07	-3.2358e-07
0.2	-0.0113088	-7.313e-09	0.0113084	3.2442e-07	-3.245e-07	-0.0103448	-7.4478e-09	0.0103452	3.2568e-07	-3.2532e-07	-0.0093412	-7.6356e-09	0.0093394	3.2548e-07	-3.251e-07	-0.008298	-7.78e-09	0.0082998	3.2522e-07	-3.2502e-07	-0.007222	-8.0606e-09	0.0072222	3.2502e-07	-3.2484e-07	-0.0061056	-8.2772e-09	0.0061062	3.2498e-07	-3.2484e-07	-0.004959	-8.5071e-09	0.004959	3.2476e-07	-3.2478e-07	-0.0037776	-8.6856e-09	0.003778	3.231e-07	-3.2332e-07	-0.0025694	-8.9308e-09	0.0025692	3.2286e-07	-3.2322e-07	-0.001328	-9.2396e-09	0.0013274	3.228e-07	-3.2322e-07	-5.7932e-05	-9.4878e-09	5.8132e-05	3.2302e-07	-3.2362e-07
0.195	-0.0114554	-7.5106e-09	0.0114538	3.2508e-07	-3.2458e-07	-0.0104742	-7.6512e-09	0.010472	3.2564e-07	-3.252e-07	-0.0094518	-7.8459e-09	0.0094506	3.2546e-07	-3.2508e-07	-0.0083962	-8.045e-09	0.008395	3.2518e-07	-3.2496e-07	-0.0072994	-8.2654e-09	0.0072996	3.2504e-07	-3.2488e-07	-0.006169	-8.5022e-09	0.0061678	3.2486e-07	-3.2486e-07	-0.0050094	-8.7344e-09	0.0050092	3.2474e-07	-3.2482e-07	-0.003815	-8.9192e-09	0.0038154	3.2304e-07	-3.2324e-07	-0.002592	-9.1616e-09	0.0025924	3.2296e-07	-3.2326e-07	-0.0013384	-9.486e-09	0.0013378	3.2274e-07	-3.231e-07	-5.8458e-05	-9.6809e-09	5.8466e-05	3.2308e-07	-3.2352e-07
0.19	-0.01159	-7.7162e-09	0.011594	3.2508e-07	-3.2474e-07	-0.0106014	-7.8577e-09	0.010602	3.2564e-07	-3.252e-07	-0.009562	-8.0561e-09	0.0095622	3.2548e-07	-3.2514e-07	-0.0084888	-8.2705e-09	0.008488	3.2524e-07	-3.2502e-07	-0.0073782	-8.4443e-09	0.0073786	3.2504e-07	-3.2484e-07	-0.0062322	-8.7367e-09	0.0062344	3.248e-07	-3.2482e-07	-0.0050576	-8.9783e-09	0.0050596	3.2476e-07	-3.2484e-07	-0.0038514	-9.2256e-09	0.0038524	3.2308e-07	-3.2332e-07	-0.0026174	-9.4165e-09	0.0026166	3.2296e-07	-3.2328e-07	-0.0013502	-9.7488e-09	0.00135	3.2266e-07	-3.231e-07	-5.9096e-05	-1.00114e-08	5.8996e-05	3.2296e-07	-3.2368e-07
0.185	-0.011734	-7.8638e-09	0.011732	3.2506e-07	-3.2458e-07	-0.010724	-8.0715e-09	0.0107236	3.2578e-07	-3.2526e-07	-0.0096682	-8.2717e-09	0.0096648	3.2542e-07	-3.2508e-07	-0.0085796	-8.4862e-09	0.008578	3.2522e-07	-3.25e-07	-0.007453	-8.7228e-09	0.0074536	3.2506e-07	-3.249e-07	-0.0062926	-8.9725e-09	0.0062942	3.2492e-07	-3.2488e-07	-0.0051052	-9.2137e-09	0.0051058	3.2474e-07	-3.2484e-07	-0.0038872	-9.4736e-09	0.003886	3.2304e-07	-3.2324e-07	-0.0026406	-9.6662e-09	0.0026396	3.2296e-07	-3.2318e-07	-0.0013626	-1.00118e-08	0.0013622	3.2268e-07	-3.2318e-07	-5.9844e-05	-1.02762e-08	5.9504e-05	3.2298e-07	-3.2358e-07
0.18	-0.011872	-8.1332e-09	0.011874	3.2508e-07	-3.2462e-07	-0.0108434	-8.2865e-09	0.0108446	3.2572e-07	-3.2526e-07	-0.009774	-8.5002e-09	0.0097716	3.2548e-07	-3.2522e-07	-0.0086668	-8.7187e-09	0.0086644	3.2524e-07	-3.2504e-07	-0.007528	-8.9727e-09	0.007527	3.2496e-07	-3.2488e-07	-0.0063534	-9.2142e-09	0.0063542	3.2488e-07	-3.2484e-07	-0.0051522	-9.4677e-09	0.0051542	3.2474e-07	-3.2484e-07	-0.0039182	-9.7382e-09	0.003919	3.2308e-07	-3.232e-07	-0.002659	-1.00046e-08	0.0026602	3.229e-07	-3.2326e-07	-0.0013732	-1.02827e-08	0.001374	3.223e-07	-3.232e-07	-5.9796e-05	-1.05606e-08	5.9782e-05	3.2304e-07	-3.2368e-07
0.175	-0.012004	-8.3519e-09	0.012006	3.2512e-07	-3.2466e-07	-0.0109608	-8.5209e-09	0.0109612	3.257e-07	-3.2526e-07	-0.0098728	-8.6628e-09	0.009872	3.255e-07	-3.2506e-07	-0.008751	-8.9518e-09	0.008752	3.2526e-07	-3.2496e-07	-0.0075984	-9.2082e-09	0.0075994	3.25e-07	-3.2486e-07	-0.0064122	-9.4629e-09	0.0064118	3.2492e-07	-3.2488e-07	-0.0051984	-9.7183e-09	0.0051992	3.2464e-07	-3.2466e-07	-0.0039508	-9.9904e-09	0.0039524	3.231e-07	-3.233e-07	-0.0026834	-1.02704e-08	0.0026826	3.2296e-07	-3.2324e-07	-0.0013848	-1.05494e-08	0.0013846	3.2268e-07	-3.232e-07	-6.0382e-05	-1.08224e-08	6.0172e-05	3.2306e-07	-3.2368e-07
0.17	-0.012134	-8.5784e-09	0.012136	3.2504e-07	-3.2458e-07	-0.0110778	-8.7526e-09	0.0110768	3.2576e-07	-3.2518e-07	-0.0099736	-8.9631e-09	0.0099738	3.2548e-07	-3.2512e-07	-0.0088358	-9.1954e-09	0.008837	3.2524e-07	-3.2502e-07	-0.0076686	-9.456e-09	0.00767	3.2496e-07	-3.249e-07	-0.0064686	-9.7254e-09	0.0064684	3.2482e-07	-3.2488e-07	-0.0052412	-9.9871e-09	0.0052434	3.2466e-07	-3.2468e-07	-0.003984	-1.02612e-08	0.0039854	3.231e-07	-3.234e-07	-0.0027058	-1.05463e-08	0.0027026	3.2292e-07	-3.2324e-07	-0.0013932	-1.08338e-08	0.0013954	3.2268e-07	-3.2328e-07	-6.1112e-05	-1.11213e-08	6.1096e-05	3.2298e-07	-3.2368e-07
0.165	-0.012262	-8.81e-09	0.012264	3.2506e-07	-3.2454e-07	-0.0111864	-8.9791e-09	0.0111882	3.2578e-07	-3.2532e-07	-0.010069	-9.2025e-09	0.0100684	3.2542e-07	-3.2512e-07	-0.0089196	-9.4503e-09	0.0089182	3.2522e-07	-3.2506e-07	-0.0077374	-9.7108e-09	0.0077362	3.25e-07	-3.249e-07	-0.0065236	-9.9784e-09	0.0065228	3.2482e-07	-3.2484e-07	-0.005285	-1.0174e-08	0.0052856	3.2458e-07	-3.2478e-07	-0.0040174	-1.05282e-08	0.0040152	3.2308e-07	-3.2336e-07	-0.0027242	-1.08095e-08	0.0027242	3.2286e-07	-3.2322e-07	-0.0014032	-1.1104e-08	0.0014034	3.2272e-07	-3.2318e-07	-6.1172e-05	-1.14091e-08	6.1254e-05	3.23e-07	-3.236e-07
0.16	-0.012386	-9.0443e-09	0.01239	3.251e-07	-3.2456e-07	-0.0112954	-9.2226e-09	0.0112982	3.257e-07	-3.2536e-07	-0.0101626	-9.4533e-09	0.0101628	3.254e-07	-3.2506e-07	-0.0089982	-9.6329e-09	0.008999	3.2522e-07	-3.2502e-07	-0.0078042	-9.9684e-09	0.0078056	3.2498e-07	-3.2488e-07	-0.0065766	-1.02477e-08	0.0065778	3.249e-07	-3.2486e-07	-0.0053276	-1.04409e-08	0.0053268	3.2466e-07	-3.2476e-07	-0.0040468	-1.08104e-08	0.0040482	3.2306e-07	-3.2336e-07	-0.0027456	-1.11064e-08	0.0027452	3.2286e-07	-3.2322e-07	-0.001415	-1.14013e-08	0.0014158	3.228e-07	-3.2326e-07	-6.1152e-05	-1.17082e-08	6.1454e-05	3.2304e-07	-3.2364e-07
0.155	-0.012504	-9.2756e-09	0.012508	3.251e-07	-3.2458e-07	-0.0113998	-9.4654e-09	0.0113996	3.2578e-07	-3.2538e-07	-0.0102538	-9.7083e-09	0.0102538	3.2546e-07	-3.2514e-07	-0.0090748	-9.8825e-09	0.0090746	3.2528e-07	-3.2498e-07	-0.0078682	-1.02332e-08	0.0078714	3.25e-07	-3.2484e-07	-0.0066286	-1.05075e-08	0.0066288	3.2486e-07	-3.2492e-07	-0.0053668	-1.08009e-08	0.0053686	3.2472e-07	-3.2478e-07	-0.0040792	-1.10962e-08	0.0040792	3.2308e-07	-3.2332e-07	-0.0027626	-1.13903e-08	0.0027634	3.229e-07	-3.232e-07	-0.0014258	-1.16892e-08	0.0014242	3.227e-07	-3.2314e-07	-6.175e-05	-1.20118e-08	6.1946e-05	3.2298e-07	-3.2356e-07
0.15	-0.012622	-9.5177e-09	0.012626	3.251e-07	-3.2456e-07	-0.0115006	-9.7146e-09	0.0115006	3.2576e-07	-3.2518e-07	-0.0103414	-9.965e-09	0.0103392	3.2544e-07	-3.251e-07	-0.009151	-1.01444e-08	0.0091508	3.2522e-07	-3.2502e-07	-0.0079316	-1.05058e-08	0.0079326	3.2498e-07	-3.249e-07	-0.006682	-1.07035e-08	0.0066812	3.2484e-07	-3.2476e-07	-0.005408	-1.09875e-08	0.005408	3.247e-07	-3.2476e-07	-0.0041058	-1.1387e-08	0.0041056	3.2308e-07	-3.2334e-07	-0.0027826	-1.16808e-08	0.0027838	3.2288e-07	-3.231e-07	-0.0014346	-1.19984e-08	0.0014316	3.2272e-07	-3.2326e-07	-6.1854e-05	-1.23222e-08	6.2002e-05	3.2238e-07	-3.2296e-07
0.145	-0.01274	-9.7762e-09	0.012742	3.2504e-07	-3.2456e-07	-0.011594	-9.9736e-09	0.011598	3.257e-07	-3.2532e-07	-0.0104276	-1.02276e-08	0.0104284	3.2544e-07	-3.251e-07	-0.0092236	-1.04139e-08	0.0092236	3.2526e-07	-3.2494e-07	-0.007993	-1.07813e-08	0.0079948	3.2502e-07	-3.2494e-07	-0.0067294	-1.09895e-08	0.0067314	3.2484e-07	-3.2488e-07	-0.0054464	-1.13734e-08	0.005446	3.2468e-07	-3.2474e-07	-0.0041332	-1.16832e-08	0.0041324	3.231e-07	-3.2328e-07	-0.0028012	-1.19838e-08	0.0027982	3.2284e-07	-3.2326e-07	-0.0014428	-1.23198e-08	0.0014436	3.227e-07	-3.2328e-07	-6.2338e-05	-1.26472e-08	6.2418e-05	3.2298e-07	-3.2364e-07
0.14	-0.01285	-1.00304e-08	0.012854	3.2442e-07	-3.24e-07	-0.01169	-1.02322e-08	0.011694	3.2572e-07	-3.2526e-07	-0.0105136	-1.04998e-08	0.0105142	3.2548e-07	-3.2506e-07	-0.0092968	-1.06858e-08	0.009296	3.2524e-07	-3.2498e-07	-0.0080536	-1.10588e-08	0.0080532	3.2506e-07	-3.2494e-07	-0.00678	-1.12736e-08	0.0067802	3.2482e-07	-3.2486e-07	-0.005485	-1.16694e-08	0.005486	3.2464e-07	-3.2468e-07	-0.0041642	-1.1988e-08	0.0041618	3.2296e-07	-3.233e-07	-0.0028196	-1.22934e-08	0.0028184	3.2296e-07	-3.2314e-07	-0.0014506	-1.26442e-08	0.0014494	3.2274e-07	-3.232e-07	-6.2592e-05	-1.29602e-08	6.2904e-05	3.2236e-07	-3.2298e-07
0.135	-0.012962	-1.03003e-08	0.012966	3.2506e-07	-3.2386e-07	-0.011786	-1.05118e-08	0.01179	3.2562e-07	-3.2526e-07	-0.0105964	-1.07779e-08	0.010599	3.2542e-07	-3.252e-07	-0.0093674	-1.09637e-08	0.0093664	3.2512e-07	-3.25e-07	-0.008111	-1.13504e-08	0.0081098	3.2504e-07	-3.2486e-07	-0.0068268	-1.16456e-08	0.006827	3.2482e-07	-3.2482e-07	-0.0055214	-1.19292e-08	0.005521	3.2454e-07	-3.247e-07	-0.0041896	-1.23046e-08	0.0041902	3.2304e-07	-3.2334e-07	-0.0028378	-1.26162e-08	0.0028342	3.2294e-07	-3.232e-07	-0.0014614	-1.29812e-08	0.0014582	3.2278e-07	-3.2326e-07	-6.2712e-05	-1.33088e-08	6.2938e-05	3.2234e-07	-3.2296e-07
0.13	-0.013068	-1.05622e-08	0.013068	3.2504e-07	-3.2454e-07	-0.011882	-1.07918e-08	0.011886	3.2564e-07	-3.2524e-07	-0.0106762	-1.10608e-08	0.0106738	3.2546e-07	-3.2506e-07	-0.009434	-1.1341e-08	0.0094362	3.253e-07	-3.2512e-07	-0.0081688	-1.16422e-08	0.0081688	3.2492e-07	-3.249e-07	-0.0068756	-1.19618e-08	0.006871	3.2486e-07	-3.2484e-07	-0.005556	-1.21862e-08	0.005556	3.2468e-07	-3.2488e-07	-0.0042156	-1.26252e-08	0.0042164	3.2308e-07	-3.2326e-07	-0.0028544	-1.2944e-08	0.0028556	3.2284e-07	-3.2324e-07	-0.001467	-1.33112e-08	0.0014682	3.2274e-07	-3.232e-07	-6.2692e-05	-1.3646e-08	6.3324e-05	3.2302e-07	-3.235e-07
0.125	-0.013174	-1.08347e-08	0.013174	3.2512e-07	-3.2464e-07	-0.011972	-1.1075e-08	0.011972	3.2564e-07	-3.2532e-07	-0.0107562	-1.12437e-08	0.0107566	3.2548e-07	-3.2508e-07	-0.0095006	-1.16328e-08	0.009503	3.253e-07	-3.2506e-07	-0.0082224	-1.19288e-08	0.0082228	3.2504e-07	-3.2492e-07	-0.0069188	-1.22846e-08	0.00692	3.2486e-07	-3.248e-07	-0.0055948	-1.25078e-08	0.005593	3.2464e-07	-3.2476e-07	-0.0042414	-1.29608e-08	0.0042402	3.2308e-07	-3.2326e-07	-0.0028712	-1.3281e-08	0.0028702	3.2288e-07	-3.2318e-07	-0.001477	-1.36576e-08	0.0014764	3.2262e-07	-3.2326e-07	-6.39e-05	-1.40122e-08	6.4112e-05	3.2304e-07	-3.2316e-07
0.12	-0.013276	-1.11261e-08	0.013272	3.251e-07	-3.2456e-07	-0.012062	-1.13624e-08	0.012066	3.2568e-07	-3.2526e-07	-0.0108306	-1.1642e-08	0.01083	3.2538e-07	-3.2512e-07	-0.0095656	-1.19466e-08	0.009567	3.2518e-07	-3.2504e-07	-0.0082786	-1.22636e-08	0.0082786	3.2504e-07	-3.25e-07	-0.0069622	-1.2606e-08	0.0069626	3.2484e-07	-3.2484e-07	-0.0056264	-1.29424e-08	0.0056248	3.247e-07	-3.2472e-07	-0.0042654	-1.32902e-08	0.0042676	3.2316e-07	-3.2332e-07	-0.0028884	-1.35248e-08	0.0028878	3.2294e-07	-3.2332e-07	-0.0014852	-1.40008e-08	0.0014858	3.2274e-07	-3.2326e-07	-6.4264e-05	-1.43696e-08	6.4144e-05	3.2304e-07	-3.237e-07
0.115	-0.01337	-1.14181e-08	0.013374	3.2508e-07	-3.2462e-07	-0.01215	-1.16674e-08	0.012152	3.2562e-07	-3.252e-07	-0.0109052	-1.19424e-08	0.010907	3.254e-07	-3.2508e-07	-0.0096292	-1.22552e-08	0.0096302	3.2518e-07	-3.25e-07	-0.0083302	-1.2579e-08	0.0083288	3.2504e-07	-3.2494e-07	-0.0070052	-1.29278e-08	0.0070068	3.2482e-07	-3.2486e-07	-0.005659	-1.32678e-08	0.0056596	3.2464e-07	-3.2474e-07	-0.0042922	-1.36376e-08	0.0042912	3.2306e-07	-3.2342e-07	-0.002905	-1.39234e-08	0.0029036	3.2284e-07	-3.2322e-07	-0.0014914	-1.43638e-08	0.0014948	3.2278e-07	-3.2328e-07	-6.447e-05	-1.47406e-08	6.501e-05	3.2298e-07	-3.2372e-07
0.11	-0.013466	-1.17e-08	0.013468	3.2498e-07	-3.2464e-07	-0.012232	-1.1964e-08	0.012238	3.2562e-07	-3.2524e-07	-0.0109816	-1.2254e-08	0.0109812	3.255e-07	-3.251e-07	-0.0096934	-1.25812e-08	0.009694	3.2522e-07	-3.2498e-07	-0.008382	-1.29078e-08	0.0083828	3.2494e-07	-3.249e-07	-0.0070478	-1.32572e-08	0.0070462	3.2494e-07	-3.2482e-07	-0.0056922	-1.36078e-08	0.0056926	3.246e-07	-3.248e-07	-0.0043152	-1.39854e-08	0.0043148	3.2306e-07	-3.2334e-07	-0.0029188	-1.43432e-08	0.0029186	3.2296e-07	-3.232e-07	-0.0015006	-1.47214e-08	0.0015002	3.2272e-07	-3.2342e-07	-6.4934e-05	-1.51058e-08	6.5074e-05	3.2302e-07	-3.2366e-07
0.105	-0.01356	-1.20062e-08	0.013566	3.2514e-07	-3.246e-07	-0.012318	-1.22658e-08	0.012314	3.2564e-07	-3.2526e-07	-0.0110486	-1.25846e-08	0.0110514	3.2542e-07	-3.252e-07	-0.0097524	-1.29106e-08	0.0097534	3.2528e-07	-3.251e-07	-0.008434	-1.32104e-08	0.0084324	3.2502e-07	-3.2496e-07	-0.0070878	-1.35944e-08	0.007087	3.2486e-07	-3.2482e-07	-0.0057264	-1.39642e-08	0.005723	3.247e-07	-3.2482e-07	-0.0043386	-1.4347e-08	0.0043378	3.231e-07	-3.2328e-07	-0.002934	-1.4696e-08	0.0029332	3.229e-07	-3.2326e-07	-0.001507	-1.51024e-08	0.0015082	3.2274e-07	-3.2316e-07	-6.4996e-05	-1.54858e-08	6.5158e-05	3.2222e-07	-3.2292e-07
0.1	-0.013656	-1.2268e-08	0.013656	3.251e-07	-3.2464e-07	-0.012396	-1.25864e-08	0.012396	3.2566e-07	-3.2532e-07	-0.0111204	-1.29052e-08	0.0111206	3.2552e-07	-3.2522e-07	-0.0098108	-1.325e-08	0.0098118	3.252e-07	-3.2512e-07	-0.008483	-1.34606e-08	0.0084844	3.25e-07	-3.249e-07	-0.0071292	-1.39492e-08	0.007127	3.2482e-07	-3.2488e-07	-0.005755	-1.43212e-08	0.0057544	3.2458e-07	-3.2476e-07	-0.0043622	-1.47114e-08	0.0043614	3.2308e-07	-3.2326e-07	-0.0029478	-1.50728e-08	0.0029494	3.2292e-07	-3.2322e-07	-0.0015146	-1.54928e-08	0.0015164	3.2222e-07	-3.2274e-07	-6.524e-05	-1.57342e-08	6.5552e-05	3.23e-07	-3.236e-07
0.095	-0.013744	-1.25776e-08	0.013746	3.2512e-07	-3.2466e-07	-0.012474	-1.292e-08	0.012476	3.2564e-07	-3.2522e-07	-0.0111884	-1.32438e-08	0.0111842	3.255e-07	-3.252e-07	-0.0098698	-1.3588e-08	0.0098702	3.2518e-07	-3.2506e-07	-0.008531	-1.38144e-08	0.00853	3.2508e-07	-3.2486e-07	-0.0071684	-1.43082e-08	0.0071694	3.2482e-07	-3.2482e-07	-0.0057864	-1.46974e-08	0.005783	3.2464e-07	-3.2476e-07	-0.0043862	-1.5086e-08	0.0043826	3.2308e-07	-3.2332e-07	-0.0029644	-1.54458e-08	0.002963	3.2282e-07	-3.2328e-07	-0.0015242	-1.58858e-08	0.0015222	3.2268e-07	-3.2322e-07	-6.5862e-05	-1.61268e-08	6.6062e-05	3.2302e-07	-3.2302e-07
0.09	-0.013834	-1.29594e-08	0.013834	3.251e-07	-3.2458e-07	-0.01255	-1.3249e-08	0.012554	3.2562e-07	-3.2514e-07	-0.0112516	-1.35814e-08	0.0112532	3.2546e-07	-3.2512e-07	-0.0099268	-1.39368e-08	0.0099272	3.2518e-07	-3.2494e-07	-0.0085766	-1.41618e-08	0.0085762	3.2512e-07	-3.2492e-07	-0.0072056	-1.46644e-08	0.0072046	3.248e-07	-3.248e-07	-0.0058158	-1.50614e-08	0.005815	3.2474e-07	-3.2478e-07	-0.0044028	-1.54646e-08	0.0044064	3.2306e-07	-3.2332e-07	-0.0029758	-1.58322e-08	0.0029762	3.2296e-07	-3.2314e-07	-0.0015286	-1.62828e-08	0.0015296	3.2276e-07	-3.232e-07	-6.6258e-05	-1.65402e-08	6.6346e-05	3.2296e-07	-3.236e-07
0.085	-0.013916	-1.317e-08	0.013922	3.2502e-07	-3.2462e-07	-0.012628	-1.36004e-08	0.012626	3.2564e-07	-3.2524e-07	-0.0113178	-1.39254e-08	0.011317	3.2542e-07	-3.2508e-07	-0.0099812	-1.4292e-08	0.0099794	3.253e-07	-3.2504e-07	-0.0086228	-1.45226e-08	0.0086242	3.2534e-07	-3.2518e-07	-0.0072424	-1.50526e-08	0.007242	3.2484e-07	-3.2478e-07	-0.0058442	-1.5453e-08	0.0058458	3.2464e-07	-3.247e-07	-0.0044278	-1.58462e-08	0.0044268	3.2304e-07	-3.233e-07	-0.0029916	-1.62488e-08	0.0029914	3.229e-07	-3.2326e-07	-0.001538	-1.66918e-08	0.0015368	3.2282e-07	-3.2322e-07	-6.6318e-05	-1.6936e-08	6.6372e-05	3.2304e-07	-3.236e-07
0.08	-0.014	-1.36034e-08	0.014004	3.2506e-07	-3.2452e-07	-0.012696	-1.39468e-08	0.012702	3.257e-07	-3.253e-07	-0.0113826	-1.42782e-08	0.0113812	3.2542e-07	-3.2512e-07	-0.0100328	-1.4655e-08	0.010034	3.2526e-07	-3.2506e-07	-0.0086672	-1.48932e-08	0.008669	3.2508e-07	-3.249e-07	-0.0072782	-1.54256e-08	0.007281	3.2484e-07	-3.2482e-07	-0.005871	-1.58292e-08	0.005874	3.2468e-07	-3.247e-07	-0.0044482	-1.6252e-08	0.0044472	3.2304e-07	-3.2324e-07	-0.0030062	-1.66536e-08	0.003004	3.229e-07	-3.2322e-07	-0.0015436	-1.6938e-08	0.001544	3.228e-07	-3.232e-07	-6.6616e-05	-1.7343e-08	6.6866e-05	3.229e-07	-3.2362e-07
0.075	-0.014084	-1.39818e-08	0.014084	3.245e-07	-3.2458e-07	-0.01277	-1.43026e-08	0.012776	3.2564e-07	-3.2524e-07	-0.0114448	-1.45214e-08	0.0114432	3.2548e-07	-3.2514e-07	-0.010086	-1.50232e-08	0.0100864	3.252e-07	-3.25e-07	-0.0087116	-1.52612e-08	0.0087094	3.25e-07	-3.2482e-07	-0.007313	-1.58176e-08	0.007313	3.2486e-07	-3.2484e-07	-0.005901	-1.62318e-08	0.005902	3.2464e-07	-3.2476e-07	-0.0044678	-1.66598e-08	0.0044672	3.23e-07	-3.232e-07	-0.0030166	-1.70696e-08	0.0030192	3.229e-07	-3.2326e-07	-0.0015484	-1.73468e-08	0.0015514	3.2274e-07	-3.2314e-07	-6.7056e-05	-1.77778e-08	6.7428e-05	3.2304e-07	-3.2358e-07
0.07	-0.01416	-1.43314e-08	0.014164	3.2508e-07	-3.2456e-07	-0.012838	-1.46594e-08	0.01284	3.256e-07	-3.2522e-07	-0.0115004	-1.48692e-08	0.0115008	3.2546e-07	-3.2514e-07	-0.0101362	-1.54012e-08	0.0101364	3.2518e-07	-3.2504e-07	-0.0087552	-1.56444e-08	0.0087532	3.2502e-07	-3.2488e-07	-0.0073482	-1.62124e-08	0.0073488	3.2486e-07	-3.2482e-07	-0.0059268	-1.66352e-08	0.0059268	3.2458e-07	-3.2472e-07	-0.0044886	-1.70656e-08	0.0044866	3.2298e-07	-3.232e-07	-0.0030306	-1.74954e-08	0.0030288	3.2292e-07	-3.2326e-07	-0.0015552	-1.77772e-08	0.001558	3.2264e-07	-3.2322e-07	-6.7334e-05	-1.8205e-08	6.7694e-05	3.2304e-07	-3.2368e-07
0.065	-0.014242	-1.47002e-08	0.01424	3.2522e-07	-3.2462e-07	-0.012906	-1.50246e-08	0.01291	3.2566e-07	-3.2524e-07	-0.01155	-1.5253e-08	0.011554	3.2546e-07	-3.2518e-07	-0.0101874	-1.57874e-08	0.0101868	3.253e-07	-3.25e-07	-0.0087952	-1.60362e-08	0.0087952	3.2498e-07	-3.2488e-07	-0.0073824	-1.66216e-08	0.0073824	3.2482e-07	-3.2478e-07	-0.0059542	-1.70492e-08	0.0059568	3.2468e-07	-3.2478e-07	-0.004507	-1.74888e-08	0.004506	3.2296e-07	-3.2328e-07	-0.0030434	-1.79132e-08	0.003043	3.2286e-07	-3.2324e-07	-0.0015628	-1.82206e-08	0.0015636	3.2274e-07	-3.2314e-07	-6.7684e-05	-1.88484e-08	6.7888e-05	3.2312e-07	-3.2366e-07
0.06	-0.01431	-1.5059e-08	0.014314	3.2508e-07	-3.2458e-07	-0.01297	-1.5406e-08	0.012976	3.2568e-07	-3.2526e-07	-0.01161	-1.56364e-08	0.011608	3.2546e-07	-3.2516e-07	-0.0102366	-1.61772e-08	0.0102376	3.253e-07	-3.2494e-07	-0.0088366	-1.64366e-08	0.0088352	3.25e-07	-3.249e-07	-0.0074156	-1.70282e-08	0.0074144	3.2488e-07	-3.2488e-07	-0.0059774	-1.74696e-08	0.00598	3.2464e-07	-3.2478e-07	-0.0045238	-1.79206e-08	0.0045248	3.2308e-07	-3.2322e-07	-0.003057	-1.83508e-08	0.0030542	3.2286e-07	-3.2322e-07	-0.0015704	-1.86508e-08	0.0015694	3.2272e-07	-3.2326e-07	-6.7926e-05	-1.93124e-08	6.8018e-05	3.231e-07	-3.2366e-07
0.055	-0.01439	-1.54378e-08	0.014388	3.2512e-07	-3.2454e-07	-0.013032	-1.57864e-08	0.013036	3.2564e-07	-3.253e-07	-0.011666	-1.61744e-08	0.011664	3.2548e-07	-3.2512e-07	-0.010286	-1.65914e-08	0.0102824	3.2522e-07	-3.2508e-07	-0.0088744	-1.69988e-08	0.0088752	3.25e-07	-3.2494e-07	-0.0074478	-1.74312e-08	0.0074474	3.248e-07	-3.2484e-07	-0.0060044	-1.78948e-08	0.0060026	3.2464e-07	-3.2462e-07	-0.0045422	-1.83446e-08	0.0045424	3.2304e-07	-3.2314e-07	-0.0030688	-1.86032e-08	0.0030688	3.2292e-07	-3.2332e-07	-0.001574	-1.90962e-08	0.0015748	3.2276e-07	-3.2324e-07	-6.8442e-05	-1.97768e-08	6.8406e-05	3.2298e-07	-3.2294e-07
0.05	-0.014462	-1.58256e-08	0.014458	3.2512e-07	-3.246e-07	-0.013104	-1.6204e-08	0.0131	3.2566e-07	-3.2522e-07	-0.01172	-1.65864e-08	0.011722	3.2542e-07	-3.2512e-07	-0.0103302	-1.69882e-08	0.0103298	3.2524e-07	-3.25e-07	-0.0089138	-1.74202e-08	0.0089148	3.2496e-07	-3.2484e-07	-0.0074792	-1.78286e-08	0.0074792	3.248e-07	-3.2482e-07	-0.0060286	-1.82998e-08	0.0060278	3.2466e-07	-3.2472e-07	-0.0045582	-1.87908e-08	0.0045618	3.2298e-07	-3.2322e-07	-0.003079	-1.90736e-08	0.0030812	3.2298e-07	-3.2326e-07	-0.0015822	-1.95598e-08	0.0015802	3.227e-07	-3.232e-07	-6.812e-05	-2.02522e-08	6.827e-05	3.2304e-07	-3.2358e-07
0.045	-0.014528	-1.62182e-08	0.01453	3.2506e-07	-3.246e-07	-0.013162	-1.66008e-08	0.013164	3.2572e-07	-3.2526e-07	-0.011768	-1.69846e-08	0.011774	3.2544e-07	-3.2518e-07	-0.0103732	-1.74052e-08	0.0103742	3.2512e-07	-3.249e-07	-0.0089496	-1.78516e-08	0.008951	3.2498e-07	-3.2492e-07	-0.0075094	-1.82556e-08	0.0075088	3.2484e-07	-3.2484e-07	-0.0060538	-1.87736e-08	0.0060518	3.2466e-07	-3.2468e-07	-0.0045786	-1.9247e-08	0.0045806	3.2314e-07	-3.2322e-07	-0.0030916	-1.9533e-08	0.0030916	3.2302e-07	-3.2326e-07	-0.0015866	-2.00344e-08	0.0015862	3.2276e-07	-3.232e-07	-6.8418e-05	-2.07324e-08	6.8542e-05	3.2306e-07	-3.2368e-07
0.04	-0.014598	-1.6621e-08	0.014598	3.251e-07	-3.246e-07	-0.01322	-1.70124e-08	0.013224	3.257e-07	-3.252e-07	-0.011826	-1.7408e-08	0.011824	3.2542e-07	-3.2512e-07	-0.0104204	-1.78356e-08	0.0104214	3.2518e-07	-3.2502e-07	-0.0089892	-1.82986e-08	0.0089892	3.25e-07	-3.249e-07	-0.007541	-1.87142e-08	0.0075386	3.2486e-07	-3.2478e-07	-0.0060784	-1.92334e-08	0.006076	3.2466e-07	-3.2472e-07	-0.0045956	-1.97208e-08	0.0045958	3.2298e-07	-3.232e-07	-0.003102	-2.0011e-08	0.0030992	3.229e-07	-3.2326e-07	-0.0015932	-2.05034e-08	0.0015928	3.227e-07	-3.232e-07	-6.865e-05	-2.12358e-08	6.8772e-05	3.2308e-07	-3.2372e-07
0.035	-0.014666	-1.7026e-08	0.01466	3.2512e-07	-3.246e-07	-0.013278	-1.7426e-08	0.013282	3.2564e-07	-3.2526e-07	-0.011872	-1.78326e-08	0.011874	3.2544e-07	-3.2508e-07	-0.010464	-1.82624e-08	0.0104636	3.2524e-07	-3.2498e-07	-0.0090234	-1.87164e-08	0.009024	3.2492e-07	-3.2486e-07	-0.007571	-1.91552e-08	0.0075684	3.2482e-07	-3.2484e-07	-0.006099	-1.9704e-08	0.0060984	3.2464e-07	-3.2476e-07	-0.0046118	-2.01884e-08	0.0046122	3.2298e-07	-3.2324e-07	-0.003113	-2.06988e-08	0.0031126	3.2296e-07	-3.2266e-07	-0.0016002	-2.0984e-08	0.0015968	3.2274e-07	-3.2326e-07	-6.8846e-05	-2.172e-08	6.9164e-05	3.23e-07	-3.2358e-07
0.03	-0.01473	-1.7446e-08	0.014732	3.251e-07	-3.246e-07	-0.013336	-1.7832e-08	0.013336	3.2574e-07	-3.2532e-07	-0.011924	-1.8266e-08	0.01193	3.2542e-07	-3.2514e-07	-0.0105062	-1.87202e-08	0.0105056	3.2534e-07	-3.25e-07	-0.0090604	-1.92092e-08	0.0090596	3.2528e-07	-3.252e-07	-0.0075968	-1.9626e-08	0.0075986	3.2472e-07	-3.2482e-07	-0.0061188	-2.01902e-08	0.0061206	3.2466e-07	-3.2474e-07	-0.0046276	-2.06958e-08	0.0046292	3.2312e-07	-3.232e-07	-0.0031228	-2.12e-08	0.0031234	3.2294e-07	-3.232e-07	-0.0016028	-2.14964e-08	0.0016006	3.2274e-07	-3.2322e-07	-6.9406e-05	-2.22366e-08	6.9058e-05	3.2314e-07	-3.2364e-07
0.025	-0.01479	-1.78734e-08	0.014796	3.2506e-07	-3.2454e-07	-0.013392	-1.82818e-08	0.01339	3.257e-07	-3.2532e-07	-0.011968	-1.86918e-08	0.011974	3.254e-07	-3.2508e-07	-0.0105446	-1.91734e-08	0.0105438	3.253e-07	-3.2508e-07	-0.0090962	-1.96662e-08	0.0090948	3.2498e-07	-3.2488e-07	-0.0076216	-2.00942e-08	0.0076254	3.248e-07	-3.2482e-07	-0.0061448	-2.06608e-08	0.0061434	3.2468e-07	-3.2478e-07	-0.0046438	-2.1137e-08	0.0046468	3.23e-07	-3.2326e-07	-0.003135	-2.17006e-08	0.0031346	3.2292e-07	-3.2322e-07	-0.0016062	-2.2017e-08	0.0016078	3.2274e-07	-3.232e-07	-6.9314e-05	-2.27608e-08	6.9566e-05	3.231e-07	-3.2368e-07
0.02	-0.014856	-1.83144e-08	0.014858	3.2512e-07	-3.2458e-07	-0.013446	-1.87294e-08	0.013448	3.2568e-07	-3.2524e-07	-0.01202	-1.91562e-08	0.012018	3.254e-07	-3.2516e-07	-0.01059	-1.96292e-08	0.0105876	3.2528e-07	-3.2508e-07	-0.0091286	-2.01196e-08	0.0091288	3.2504e-07	-3.2494e-07	-0.0076558	-2.05828e-08	0.0076536	3.2476e-07	-3.2478e-07	-0.006165	-2.11534e-08	0.0061646	3.2466e-07	-3.247e-07	-0.0046594	-2.16298e-08	0.004662	3.2308e-07	-3.2326e-07	-0.0031454	-2.22346e-08	0.0031444	3.2296e-07	-3.232e-07	-0.0016132	-2.25314e-08	0.0016118	3.2272e-07	-3.2312e-07	-6.9202e-05	-2.33064e-08	6.954e-05	3.231e-07	-3.2368e-07
0.015	-0.014912	-1.87558e-08	0.014922	3.2502e-07	-3.2464e-07	-0.013498	-1.91784e-08	0.013498	3.2562e-07	-3.2526e-07	-0.012068	-1.94196e-08	0.01207	3.2546e-07	-3.251e-07	-0.0106256	-2.0128e-08	0.010626	3.2522e-07	-3.2496e-07	-0.0091608	-2.05968e-08	0.0091632	3.2498e-07	-3.2482e-07	-0.007681	-2.10798e-08	0.0076808	3.249e-07	-3.2484e-07	-0.0061872	-2.16616e-08	0.0061846	3.2472e-07	-3.2472e-07	-0.0046742	-2.218e-08	0.0046756	3.2294e-07	-3.2318e-07	-0.0031548	-2.27436e-08	0.0031554	3.2294e-07	-3.2326e-07	-0.001618	-2.3012e-08	0.0016162	3.2274e-07	-3.232e-07	-6.9942e-05	-2.38476e-08	7.0106e-05	3.2304e-07	-3.2368e-07
0.01	-0.014974	-1.92038e-08	0.014982	3.2508e-07	-3.246e-07	-0.013554	-1.9664e-08	0.013554	3.2558e-07	-3.2528e-07	-0.012108	-1.9892e-08	0.012114	3.255e-07	-3.2512e-07	-0.0106654	-2.06088e-08	0.0106668	3.2518e-07	-3.2498e-07	-0.009192	-2.11106e-08	0.0091916	3.2502e-07	-3.2494e-07	-0.0077058	-2.15948e-08	0.0077052	3.2486e-07	-3.2488e-07	-0.006207	-2.21798e-08	0.0062064	3.2466e-07	-3.2474e-07	-0.0046902	-2.27148e-08	0.0046914	3.2304e-07	-3.232e-07	-0.0031646	-2.32896e-08	0.003165	3.2292e-07	-3.2324e-07	-0.0016216	-2.3787e-08	0.0016218	3.2272e-07	-3.232e-07	-7.0474e-05	-2.44244e-08	7.0778e-05	3.2308e-07	-3.2358e-07
0.005	-0.015032	-1.96672e-08	0.015036	3.2512e-07	-3.2466e-07	-0.013604	-1.99298e-08	0.013606	3.2556e-07	-3.2528e-07	-0.012158	-2.03622e-08	0.01216	3.2542e-07	-3.2512e-07	-0.010705	-2.10856e-08	0.0107032	3.2526e-07	-3.2502e-07	-0.0092256	-2.16078e-08	0.0092226	3.2506e-07	-3.2494e-07	-0.0077304	-2.20834e-08	0.0077302	3.248e-07	-3.249e-07	-0.0062262	-2.27214e-08	0.0062234	3.246e-07	-3.2476e-07	-0.0047052	-2.32392e-08	0.0047054	3.2308e-07	-3.2322e-07	-0.0031736	-2.38164e-08	0.0031742	3.23e-07	-3.2326e-07	-0.0016276	-2.434e-08	0.0016286	3.2272e-07	-3.2312e-07	-7.0794e-05	-2.49728e-08	7.0724e-05	3.2244e-07	-3.2362e-07
0	-0.015092	-2.01422e-08	0.015096	3.2512e-07	-3.2464e-07	-0.013656	-2.04038e-08	0.013654	3.2566e-07	-3.2518e-07	-0.012198	-2.08506e-08	0.012202	3.2544e-07	-3.251e-07	-0.010739	-2.159e-08	0.0107378	3.2526e-07	-3.2508e-07	-0.0092582	-2.2144e-08	0.009254	3.2502e-07	-3.2494e-07	-0.0077534	-2.26102e-08	0.007755	3.2486e-07	-3.2486e-07	-0.0062462	-2.3252e-08	0.0062442	3.2464e-07	-3.2478e-07	-0.0047212	-2.37872e-08	0.0047188	3.231e-07	-3.2318e-07	-0.0031838	-2.4361e-08	0.0031844	3.2296e-07	-3.232e-07	-0.0016316	-2.49084e-08	0.0016314	3.2272e-07	-3.2316e-07	-7.0762e-05	-2.52922e-08	7.1082e-05	3.2308e-07	-3.2358e-07
