vg	id_vd = 0V	ig_vd = 0V	is_vd = 0V	iavdd_vd = 0V	ignd_vd = 0V	id_vd = 0.01V	ig_vd = 0.01V	is_vd = 0.01V	iavdd_vd = 0.01V	ignd_vd = 0.01V	id_vd = 0.02V	ig_vd = 0.02V	is_vd = 0.02V	iavdd_vd = 0.02V	ignd_vd = 0.02V	id_vd = 0.03V	ig_vd = 0.03V	is_vd = 0.03V	iavdd_vd = 0.03V	ignd_vd = 0.03V	id_vd = 0.04V	ig_vd = 0.04V	is_vd = 0.04V	iavdd_vd = 0.04V	ignd_vd = 0.04V	id_vd = 0.05V	ig_vd = 0.05V	is_vd = 0.05V	iavdd_vd = 0.05V	ignd_vd = 0.05V	id_vd = 0.06V	ig_vd = 0.06V	is_vd = 0.06V	iavdd_vd = 0.06V	ignd_vd = 0.06V	id_vd = 0.07V	ig_vd = 0.07V	is_vd = 0.07V	iavdd_vd = 0.07V	ignd_vd = 0.07V	id_vd = 0.08V	ig_vd = 0.08V	is_vd = 0.08V	iavdd_vd = 0.08V	ignd_vd = 0.08V	id_vd = 0.09V	ig_vd = 0.09V	is_vd = 0.09V	iavdd_vd = 0.09V	ignd_vd = 0.09V	id_vd = 0.1V	ig_vd = 0.1V	is_vd = 0.1V	iavdd_vd = 0.1V	ignd_vd = 0.1V
1.2	-8.9082e-10	1.2305e-10	-2.506e-11	3.1502e-07	-3.1416e-07	-7.9955e-10	1.081e-10	-3.081e-11	3.1384e-07	-3.1312e-07	-7.1656e-10	1.1104e-10	-2.424e-11	3.1458e-07	-3.1396e-07	-6.346e-10	1.0936e-10	-2.824e-11	3.1442e-07	-3.1378e-07	-5.5308e-10	1.0334e-10	-3.378e-11	3.1344e-07	-3.1294e-07	-4.7574e-10	1.0319e-10	-3.073e-11	3.141e-07	-3.1376e-07	-3.8815e-10	1.0096e-10	-2.602e-11	3.1394e-07	-3.1352e-07	-3.1244e-10	9.159e-11	-2.965e-11	3.1386e-07	-3.1356e-07	-2.2237e-10	9.579e-11	-2.648e-11	3.1294e-07	-3.128e-07	-1.3096e-10	9.169e-11	-2.487e-11	3.1286e-07	-3.1222e-07	-3.863e-11	8.983e-11	-2.584e-11	3.134e-07	-3.1374e-07
1.195	-8.8765e-10	1.2399e-10	-2.658e-11	3.1494e-07	-3.1416e-07	-8.0808e-10	1.1138e-10	-2.694e-11	3.1392e-07	-3.1322e-07	-7.1961e-10	1.027e-10	-2.802e-11	3.1486e-07	-3.1418e-07	-6.3492e-10	9.985e-11	-2.697e-11	3.144e-07	-3.1378e-07	-5.4833e-10	9.883e-11	-2.889e-11	3.1348e-07	-3.1292e-07	-4.7726e-10	1.0747e-10	-3.118e-11	3.1418e-07	-3.137e-07	-3.9095e-10	1.016e-10	-2.418e-11	3.139e-07	-3.1364e-07	-3.0215e-10	9.813e-11	-3.037e-11	3.1378e-07	-3.1352e-07	-2.1916e-10	9.007e-11	-2.615e-11	3.1294e-07	-3.1276e-07	-1.3762e-10	8.209e-11	-2.506e-11	3.128e-07	-3.1276e-07	-3.412e-11	7.589e-11	-2.643e-11	3.134e-07	-3.134e-07
1.19	-8.8917e-10	1.0618e-10	-2.672e-11	3.1502e-07	-3.1412e-07	-8.0822e-10	1.0533e-10	-2.296e-11	3.1406e-07	-3.1318e-07	-7.1897e-10	9.963e-11	-2.569e-11	3.1456e-07	-3.1394e-07	-6.3782e-10	9.693e-11	-2.205e-11	3.1438e-07	-3.138e-07	-5.4859e-10	9.74e-11	-2.541e-11	3.134e-07	-3.1298e-07	-4.6155e-10	8.003e-11	-3.051e-11	3.1416e-07	-3.1368e-07	-3.8946e-10	8.375e-11	-2.464e-11	3.1392e-07	-3.1364e-07	-3.0416e-10	8.46e-11	-2.719e-11	3.1386e-07	-3.1358e-07	-2.1808e-10	8.464e-11	-2.657e-11	3.1294e-07	-3.1216e-07	-1.3409e-10	8.7e-11	-2.517e-11	3.1288e-07	-3.1218e-07	-3.284e-11	8.012e-11	-2.374e-11	3.1348e-07	-3.1342e-07
1.185	-8.8704e-10	9.873e-11	-2.426e-11	3.149e-07	-3.1416e-07	-8.0382e-10	9.465e-11	-2.322e-11	3.1396e-07	-3.132e-07	-7.1845e-10	9.501e-11	-2.162e-11	3.1452e-07	-3.1388e-07	-6.3436e-10	8.731e-11	-2.371e-11	3.1434e-07	-3.1378e-07	-5.4813e-10	9.172e-11	-2.783e-11	3.1348e-07	-3.1302e-07	-4.6373e-10	6.191e-11	-3.234e-11	3.1408e-07	-3.136e-07	-3.89e-10	8.048e-11	-2.173e-11	3.139e-07	-3.136e-07	-3.0288e-10	8.275e-11	-2.748e-11	3.139e-07	-3.1348e-07	-2.168e-10	7.799e-11	-2.404e-11	3.1298e-07	-3.1274e-07	-1.326e-10	7.256e-11	-2.22e-11	3.1288e-07	-3.1282e-07	-3.096e-11	7.909e-11	-2.633e-11	3.135e-07	-3.1346e-07
1.18	-8.8389e-10	9.891e-11	-2.4e-11	3.1522e-07	-3.1436e-07	-8.0011e-10	8.581e-11	-2.226e-11	3.139e-07	-3.1316e-07	-7.1929e-10	8.802e-11	-2.125e-11	3.1464e-07	-3.1388e-07	-6.3186e-10	9.339e-11	-2.199e-11	3.1436e-07	-3.1372e-07	-5.4277e-10	8.602e-11	-2.63e-11	3.129e-07	-3.1298e-07	-4.5635e-10	6.744e-11	-2.652e-11	3.1408e-07	-3.1364e-07	-3.8837e-10	8.254e-11	-2.089e-11	3.139e-07	-3.1358e-07	-3.0217e-10	8.1e-11	-2.488e-11	3.1386e-07	-3.136e-07	-2.1564e-10	7.899e-11	-2.259e-11	3.1294e-07	-3.1268e-07	-1.3214e-10	7.468e-11	-2.161e-11	3.128e-07	-3.1276e-07	-2.859e-11	7.394e-11	-2.552e-11	3.135e-07	-3.1348e-07
1.175	-8.8428e-10	9.545e-11	-2.358e-11	3.1526e-07	-3.144e-07	-7.9911e-10	9.164e-11	-1.916e-11	3.1394e-07	-3.1316e-07	-7.1245e-10	8.961e-11	-2.161e-11	3.1458e-07	-3.139e-07	-6.3049e-10	8.381e-11	-1.869e-11	3.1434e-07	-3.1376e-07	-5.4528e-10	7.699e-11	-2.283e-11	3.1344e-07	-3.1296e-07	-4.5698e-10	7.81e-11	-2.713e-11	3.1406e-07	-3.1366e-07	-3.8703e-10	7.641e-11	-2.334e-11	3.1398e-07	-3.1356e-07	-2.9867e-10	7.78e-11	-2.279e-11	3.1384e-07	-3.136e-07	-2.1248e-10	6.982e-11	-2.608e-11	3.1234e-07	-3.1212e-07	-1.3196e-10	6.588e-11	-2.467e-11	3.1288e-07	-3.127e-07	-3.151e-11	6.491e-11	-2.12e-11	3.1342e-07	-3.1348e-07
1.17	-8.852e-10	8.98e-11	-2.339e-11	3.1502e-07	-3.1412e-07	-7.9617e-10	8.786e-11	-2.191e-11	3.1394e-07	-3.1316e-07	-7.1287e-10	8.065e-11	-1.69e-11	3.1454e-07	-3.1396e-07	-6.2918e-10	7.535e-11	-1.818e-11	3.1428e-07	-3.1368e-07	-5.4352e-10	7.606e-11	-2.538e-11	3.135e-07	-3.1302e-07	-4.5814e-10	7.931e-11	-3.062e-11	3.1408e-07	-3.1376e-07	-3.8634e-10	6.994e-11	-2.192e-11	3.1382e-07	-3.1364e-07	-2.9836e-10	6.259e-11	-2.02e-11	3.1388e-07	-3.1352e-07	-2.1185e-10	6.463e-11	-2.331e-11	3.1296e-07	-3.128e-07	-1.3014e-10	6.505e-11	-2.15e-11	3.128e-07	-3.1276e-07	-2.797e-11	6.319e-11	-2.124e-11	3.135e-07	-3.1346e-07
1.165	-8.8133e-10	8.184e-11	-2.139e-11	3.1502e-07	-3.1414e-07	-7.9481e-10	7.767e-11	-2.335e-11	3.1396e-07	-3.1316e-07	-7.103e-10	7.401e-11	-1.595e-11	3.1456e-07	-3.1382e-07	-6.2814e-10	7.796e-11	-2.072e-11	3.1436e-07	-3.1382e-07	-5.4061e-10	7.609e-11	-2.345e-11	3.135e-07	-3.1298e-07	-4.5396e-10	7.278e-11	-2.991e-11	3.1412e-07	-3.1362e-07	-3.8626e-10	6.79e-11	-1.778e-11	3.1394e-07	-3.136e-07	-2.9691e-10	7.002e-11	-2.024e-11	3.1386e-07	-3.136e-07	-2.1328e-10	6.519e-11	-2.03e-11	3.13e-07	-3.1276e-07	-1.3161e-10	5.812e-11	-1.781e-11	3.129e-07	-3.126e-07	-2.56e-11	5.767e-11	-2.396e-11	3.1344e-07	-3.1338e-07
1.16	-8.8036e-10	8.889e-11	-1.897e-11	3.1498e-07	-3.1416e-07	-7.9658e-10	7.694e-11	-1.879e-11	3.1396e-07	-3.1318e-07	-7.0946e-10	7.127e-11	-1.847e-11	3.1466e-07	-3.1398e-07	-6.2373e-10	7.276e-11	-1.939e-11	3.1442e-07	-3.1376e-07	-5.4397e-10	7.265e-11	-2.254e-11	3.1348e-07	-3.1292e-07	-4.4725e-10	2.491e-11	-2.302e-11	3.1414e-07	-3.1374e-07	-3.8627e-10	5.926e-11	-1.658e-11	3.14e-07	-3.1356e-07	-2.9266e-10	6.769e-11	-1.887e-11	3.1378e-07	-3.1358e-07	-2.093e-10	6.195e-11	-2.111e-11	3.1296e-07	-3.127e-07	-1.2932e-10	5.494e-11	-1.873e-11	3.1278e-07	-3.127e-07	-2.392e-11	5.721e-11	-2.221e-11	3.1348e-07	-3.135e-07
1.155	-8.7891e-10	8.043e-11	-2.042e-11	3.1504e-07	-3.1412e-07	-7.9348e-10	7.356e-11	-1.686e-11	3.139e-07	-3.1312e-07	-7.0595e-10	7.266e-11	-1.855e-11	3.1452e-07	-3.1384e-07	-6.2541e-10	6.805e-11	-1.779e-11	3.1442e-07	-3.1386e-07	-5.4091e-10	6.311e-11	-1.79e-11	3.1342e-07	-3.1298e-07	-4.5158e-10	1.749e-11	-1.847e-11	3.1416e-07	-3.1372e-07	-3.8092e-10	6.597e-11	-1.775e-11	3.1394e-07	-3.1362e-07	-2.9399e-10	5.602e-11	-1.924e-11	3.1386e-07	-3.1358e-07	-2.0921e-10	5.542e-11	-2.295e-11	3.1286e-07	-3.127e-07	-1.265e-10	5.783e-11	-1.941e-11	3.1278e-07	-3.127e-07	-2.375e-11	5.712e-11	-1.922e-11	3.1348e-07	-3.1342e-07
1.15	-8.7658e-10	7.144e-11	-1.851e-11	3.1504e-07	-3.1418e-07	-7.9187e-10	7.078e-11	-1.749e-11	3.1398e-07	-3.132e-07	-7.0653e-10	6.603e-11	-1.666e-11	3.1458e-07	-3.1384e-07	-6.2353e-10	5.966e-11	-1.847e-11	3.1444e-07	-3.1382e-07	-5.4088e-10	5.417e-11	-1.795e-11	3.129e-07	-3.1298e-07	-4.5535e-10	5.219e-11	-1.143e-11	3.141e-07	-3.1368e-07	-3.7607e-10	5.792e-11	-1.81e-11	3.1398e-07	-3.1366e-07	-2.9373e-10	5.455e-11	-1.839e-11	3.1378e-07	-3.1356e-07	-2.0947e-10	5.63e-11	-1.782e-11	3.1292e-07	-3.128e-07	-1.2503e-10	4.954e-11	-1.824e-11	3.1214e-07	-3.127e-07	-2.396e-11	4.789e-11	-2.339e-11	3.1348e-07	-3.1348e-07
1.145	-8.7751e-10	7.325e-11	-1.773e-11	3.15e-07	-3.141e-07	-7.8889e-10	6.637e-11	-1.528e-11	3.133e-07	-3.1324e-07	-7.044e-10	6.052e-11	-1.616e-11	3.1452e-07	-3.1394e-07	-6.1842e-10	6.34e-11	-1.756e-11	3.1442e-07	-3.1376e-07	-5.3511e-10	5.1e-11	-1.528e-11	3.1348e-07	-3.1298e-07	-4.5609e-10	7.006e-11	-1.228e-11	3.1418e-07	-3.1392e-07	-3.7803e-10	5.792e-11	-1.663e-11	3.1424e-07	-3.1362e-07	-2.9035e-10	5.928e-11	-1.787e-11	3.1388e-07	-3.1356e-07	-2.0791e-10	5.416e-11	-1.673e-11	3.1294e-07	-3.1276e-07	-1.242e-10	4.745e-11	-1.688e-11	3.128e-07	-3.1272e-07	-2.297e-11	3.677e-11	-2.037e-11	3.1344e-07	-3.134e-07
1.14	-8.7481e-10	6.506e-11	-1.746e-11	3.1502e-07	-3.1412e-07	-7.8754e-10	5.942e-11	-1.082e-11	3.1392e-07	-3.1316e-07	-6.9994e-10	6.337e-11	-1.65e-11	3.1462e-07	-3.139e-07	-6.1927e-10	5.958e-11	-1.491e-11	3.144e-07	-3.1382e-07	-5.3552e-10	5.564e-11	-1.044e-11	3.1342e-07	-3.1292e-07	-4.5264e-10	4.441e-11	-1.654e-11	3.1418e-07	-3.1364e-07	-3.7759e-10	5.042e-11	-1.682e-11	3.1392e-07	-3.136e-07	-2.9086e-10	5.295e-11	-1.717e-11	3.1384e-07	-3.1358e-07	-2.0523e-10	4.963e-11	-2.019e-11	3.1296e-07	-3.1282e-07	-1.2288e-10	4.689e-11	-1.995e-11	3.1286e-07	-3.127e-07	-2.436e-11	5.628e-11	-1.342e-11	3.1358e-07	-3.1352e-07
1.135	-8.7635e-10	6.622e-11	-1.665e-11	3.1496e-07	-3.1418e-07	-7.8667e-10	6.549e-11	-1.29e-11	3.1396e-07	-3.1248e-07	-7.0088e-10	6.058e-11	-1.438e-11	3.1462e-07	-3.1386e-07	-6.1702e-10	5.069e-11	-1.263e-11	3.1442e-07	-3.1378e-07	-5.318e-10	6.262e-11	-1.598e-11	3.1344e-07	-3.1288e-07	-4.5795e-10	6.163e-11	-1.783e-11	3.1416e-07	-3.1378e-07	-3.7487e-10	5.811e-11	-1.484e-11	3.1398e-07	-3.1348e-07	-2.8975e-10	4.296e-11	-1.53e-11	3.1384e-07	-3.1356e-07	-2.0299e-10	4.327e-11	-1.684e-11	3.1292e-07	-3.1276e-07	-1.2091e-10	4.398e-11	-1.694e-11	3.1292e-07	-3.1276e-07	-2.124e-11	4.622e-11	-1.372e-11	3.1344e-07	-3.1348e-07
1.13	-8.7396e-10	5.797e-11	-1.359e-11	3.1506e-07	-3.1418e-07	-7.7992e-10	5.974e-11	-1.552e-11	3.1396e-07	-3.132e-07	-6.9856e-10	5.211e-11	-1.34e-11	3.1456e-07	-3.139e-07	-6.1636e-10	5.09e-11	-1.354e-11	3.1446e-07	-3.139e-07	-5.2714e-10	5.306e-11	-2.056e-11	3.1352e-07	-3.1294e-07	-4.5177e-10	6.44e-11	-1.558e-11	3.1408e-07	-3.1368e-07	-3.7539e-10	4.677e-11	-1.466e-11	3.1384e-07	-3.1364e-07	-2.8933e-10	5.029e-11	-1.434e-11	3.1382e-07	-3.1354e-07	-2.0722e-10	4.495e-11	-1.407e-11	3.1296e-07	-3.128e-07	-1.2194e-10	3.932e-11	-1.515e-11	3.136e-07	-3.1342e-07	-1.87e-11	4.32e-11	-1.68e-11	3.1346e-07	-3.1342e-07
1.125	-8.7198e-10	6.371e-11	-1.265e-11	3.1502e-07	-3.1406e-07	-7.8193e-10	5.821e-11	-1.314e-11	3.139e-07	-3.1328e-07	-6.9752e-10	5.258e-11	-1.318e-11	3.1452e-07	-3.1388e-07	-6.127e-10	4.927e-11	-1.446e-11	3.144e-07	-3.1378e-07	-5.2944e-10	5.554e-11	-1.89e-11	3.1346e-07	-3.1298e-07	-4.5256e-10	6.296e-11	-1.4e-11	3.1412e-07	-3.136e-07	-3.7212e-10	3.945e-11	-1.321e-11	3.1398e-07	-3.1358e-07	-2.8777e-10	4.546e-11	-1.771e-11	3.1382e-07	-3.136e-07	-2.0251e-10	4.245e-11	-1.66e-11	3.1292e-07	-3.128e-07	-1.2177e-10	3.442e-11	-1.532e-11	3.1366e-07	-3.1346e-07	-1.739e-11	3.515e-11	-1.76e-11	3.135e-07	-3.1346e-07
1.12	-8.732e-10	5.643e-11	-1.583e-11	3.1506e-07	-3.142e-07	-7.7779e-10	5.073e-11	-1.328e-11	3.1386e-07	-3.1316e-07	-6.9315e-10	5.358e-11	-1.216e-11	3.1458e-07	-3.1392e-07	-6.143e-10	5.093e-11	-1.239e-11	3.1438e-07	-3.138e-07	-5.2691e-10	5.946e-11	-2.958e-11	3.1344e-07	-3.1296e-07	-4.5416e-10	3.763e-11	-1.51e-11	3.1414e-07	-3.136e-07	-3.7428e-10	4.512e-11	-1.194e-11	3.1396e-07	-3.1354e-07	-2.8475e-10	3.974e-11	-1.796e-11	3.1386e-07	-3.1356e-07	-2.0158e-10	4.163e-11	-1.609e-11	3.129e-07	-3.1282e-07	-1.2018e-10	4.251e-11	-1.488e-11	3.1356e-07	-3.1344e-07	-1.815e-11	3.694e-11	-1.568e-11	3.1342e-07	-3.1348e-07
1.115	-8.6948e-10	4.988e-11	-1.377e-11	3.1498e-07	-3.1412e-07	-7.7717e-10	5.336e-11	-1.469e-11	3.1398e-07	-3.1316e-07	-6.932e-10	4.645e-11	-1.103e-11	3.1452e-07	-3.1384e-07	-6.1374e-10	3.933e-11	-1.353e-11	3.1438e-07	-3.1378e-07	-5.2614e-10	4.975e-11	-2.535e-11	3.135e-07	-3.13e-07	-4.5437e-10	5.787e-11	-1.023e-11	3.1414e-07	-3.1368e-07	-3.7054e-10	4.362e-11	-1.369e-11	3.1396e-07	-3.1358e-07	-2.8748e-10	4.135e-11	-1.639e-11	3.138e-07	-3.136e-07	-2.0414e-10	3.785e-11	-1.198e-11	3.1292e-07	-3.1274e-07	-1.1871e-10	3.069e-11	-1.214e-11	3.136e-07	-3.135e-07	-1.782e-11	4.425e-11	-1.911e-11	3.1344e-07	-3.1342e-07
1.11	-8.7175e-10	5.277e-11	-1.189e-11	3.1498e-07	-3.1416e-07	-7.7564e-10	5.106e-11	-1.217e-11	3.1396e-07	-3.1322e-07	-6.945e-10	4.398e-11	-1.008e-11	3.1454e-07	-3.1382e-07	-6.1146e-10	4.64e-11	-1.256e-11	3.1444e-07	-3.1376e-07	-5.2564e-10	4.103e-11	-1.705e-11	3.1348e-07	-3.1296e-07	-4.5556e-10	4.94e-11	-6.66e-12	3.1416e-07	-3.1364e-07	-3.6985e-10	3.651e-11	-1.411e-11	3.1398e-07	-3.1356e-07	-2.8533e-10	3.703e-11	-1.525e-11	3.1388e-07	-3.1356e-07	-2.0225e-10	3.979e-11	-1.13e-11	3.1294e-07	-3.1276e-07	-1.1824e-10	2.839e-11	-1.096e-11	3.1358e-07	-3.1338e-07	-1.717e-11	3.06e-11	-1.694e-11	3.135e-07	-3.1352e-07
1.105	-8.7053e-10	4.522e-11	-1.326e-11	3.1498e-07	-3.1416e-07	-7.7721e-10	4.236e-11	-8.01e-12	3.139e-07	-3.1316e-07	-6.8923e-10	4.862e-11	-1.047e-11	3.1448e-07	-3.139e-07	-6.0954e-10	4.401e-11	-1.152e-11	3.1436e-07	-3.1384e-07	-5.2887e-10	3.42e-11	-1.773e-11	3.1346e-07	-3.1252e-07	-4.5534e-10	2.318e-11	-8.75e-12	3.1414e-07	-3.137e-07	-3.7118e-10	3.562e-11	-1.091e-11	3.1398e-07	-3.1354e-07	-2.852e-10	3.894e-11	-1.579e-11	3.1386e-07	-3.1358e-07	-2.0092e-10	3.522e-11	-1.287e-11	3.1226e-07	-3.1276e-07	-1.1555e-10	3.17e-11	-1.034e-11	3.1386e-07	-3.1352e-07	-2.031e-11	3.06e-11	-1.044e-11	3.135e-07	-3.1348e-07
1.1	-8.6994e-10	4.513e-11	-1.074e-11	3.15e-07	-3.1416e-07	-7.7541e-10	4.63e-11	-9.13e-12	3.1394e-07	-3.1314e-07	-6.8848e-10	4.118e-11	-1.103e-11	3.1448e-07	-3.1376e-07	-6.0795e-10	3.439e-11	-1.235e-11	3.1436e-07	-3.1376e-07	-5.2952e-10	4.157e-11	-1.805e-11	3.1344e-07	-3.1296e-07	-4.5335e-10	3.628e-11	-9.38e-12	3.1414e-07	-3.1368e-07	-3.706e-10	3.857e-11	-9.01e-12	3.1396e-07	-3.136e-07	-2.856e-10	3.035e-11	-1.364e-11	3.1388e-07	-3.1362e-07	-2.0029e-10	3.388e-11	-1.162e-11	3.1292e-07	-3.1284e-07	-1.1465e-10	3.124e-11	-9.78e-12	3.136e-07	-3.1348e-07	-2.026e-11	2.396e-11	-7.74e-12	3.1376e-07	-3.1352e-07
1.095	-8.7015e-10	4.236e-11	-7.21e-12	3.1524e-07	-3.1442e-07	-7.7111e-10	4.282e-11	-1.19e-11	3.1392e-07	-3.132e-07	-6.8924e-10	3.72e-11	-1.021e-11	3.145e-07	-3.1392e-07	-6.0628e-10	4.283e-11	-1.132e-11	3.144e-07	-3.1376e-07	-5.2691e-10	3.785e-11	-1.471e-11	3.1282e-07	-3.1232e-07	-4.4946e-10	5.118e-11	-1.299e-11	3.1414e-07	-3.137e-07	-3.7081e-10	3.576e-11	-1.093e-11	3.139e-07	-3.136e-07	-2.8766e-10	3.396e-11	-9.07e-12	3.1394e-07	-3.136e-07	-2.0008e-10	2.94e-11	-9.6e-12	3.1294e-07	-3.128e-07	-1.1535e-10	2.635e-11	-8.23e-12	3.1358e-07	-3.1344e-07	-1.591e-11	3.565e-11	-7.61e-12	3.1348e-07	-3.1348e-07
1.09	-8.6909e-10	4.333e-11	-7.97e-12	3.1492e-07	-3.141e-07	-7.726e-10	4.318e-11	-9.07e-12	3.1396e-07	-3.1316e-07	-6.8559e-10	3.698e-11	-7.17e-12	3.1446e-07	-3.1384e-07	-6.0544e-10	3.769e-11	-9.45e-12	3.144e-07	-3.1372e-07	-5.2191e-10	2.555e-11	-1.202e-11	3.1342e-07	-3.1292e-07	-4.4505e-10	3.22e-11	-1.837e-11	3.1414e-07	-3.1362e-07	-3.6649e-10	2.611e-11	-1.107e-11	3.1398e-07	-3.135e-07	-2.8628e-10	3.101e-11	-1.127e-11	3.1388e-07	-3.1354e-07	-2.0053e-10	2.918e-11	-1.271e-11	3.1292e-07	-3.1274e-07	-1.1355e-10	2.387e-11	-1.047e-11	3.1362e-07	-3.1344e-07	-1.602e-11	2.691e-11	-8.06e-12	3.137e-07	-3.1376e-07
1.085	-8.6618e-10	3.872e-11	-9.3e-12	3.1496e-07	-3.1414e-07	-7.6911e-10	3.483e-11	-9.48e-12	3.139e-07	-3.1308e-07	-6.8303e-10	4.095e-11	-8.54e-12	3.1456e-07	-3.1378e-07	-6.0495e-10	3.245e-11	-7.51e-12	3.144e-07	-3.1376e-07	-5.252e-10	3.018e-11	-1.384e-11	3.1346e-07	-3.1288e-07	-4.4889e-10	2.356e-11	-1.601e-11	3.1418e-07	-3.1366e-07	-3.6978e-10	3.139e-11	-6.73e-12	3.1392e-07	-3.1358e-07	-2.8474e-10	2.336e-11	-1.086e-11	3.1392e-07	-3.1356e-07	-1.9833e-10	2.932e-11	-1.307e-11	3.129e-07	-3.1264e-07	-1.1058e-10	3.024e-11	-8.86e-12	3.1364e-07	-3.1352e-07	-1.381e-11	1.788e-11	-9.22e-12	3.1346e-07	-3.1346e-07
1.08	-8.6584e-10	3.621e-11	-5.86e-12	3.1502e-07	-3.1412e-07	-7.6744e-10	4.262e-11	-1.042e-11	3.1396e-07	-3.1318e-07	-6.8152e-10	3.3e-11	-9.57e-12	3.145e-07	-3.1382e-07	-6.0437e-10	2.989e-11	-5.42e-12	3.1438e-07	-3.1378e-07	-5.2264e-10	3.677e-11	-1.143e-11	3.1342e-07	-3.1244e-07	-4.4746e-10	3.076e-11	-9.43e-12	3.142e-07	-3.1374e-07	-3.6629e-10	2.992e-11	-8.16e-12	3.14e-07	-3.1366e-07	-2.8652e-10	3.028e-11	-8.65e-12	3.1384e-07	-3.1358e-07	-2.0081e-10	2.52e-11	-8.55e-12	3.1292e-07	-3.128e-07	-1.1205e-10	2.081e-11	-7.36e-12	3.1362e-07	-3.1342e-07	-1.505e-11	2.829e-11	-1.117e-11	3.1348e-07	-3.1348e-07
1.075	-8.6377e-10	3.87e-11	-5.48e-12	3.1488e-07	-3.1418e-07	-7.6487e-10	4.268e-11	-9.21e-12	3.1392e-07	-3.1318e-07	-6.8424e-10	3.28e-11	-7.08e-12	3.1448e-07	-3.1394e-07	-6.011e-10	3.502e-11	-4.39e-12	3.1448e-07	-3.1374e-07	-5.2545e-10	2.587e-11	-6.1e-12	3.131e-07	-3.1228e-07	-4.4617e-10	2.951e-11	-6.71e-12	3.1412e-07	-3.137e-07	-3.6588e-10	2.676e-11	-9.46e-12	3.1396e-07	-3.1362e-07	-2.8367e-10	2.546e-11	-7.93e-12	3.1384e-07	-3.1364e-07	-1.9943e-10	2.292e-11	-6.52e-12	3.129e-07	-3.1274e-07	-1.1094e-10	1.75e-11	-6.5e-12	3.1356e-07	-3.135e-07	-1.386e-11	2.494e-11	-1.252e-11	3.1344e-07	-3.1346e-07
1.07	-8.6564e-10	3.576e-11	-9.34e-12	3.1494e-07	-3.1416e-07	-7.6858e-10	2.7e-11	-7.44e-12	3.133e-07	-3.1258e-07	-6.8319e-10	3.452e-11	-7.46e-12	3.145e-07	-3.1386e-07	-6.0402e-10	2.796e-11	-4.97e-12	3.1438e-07	-3.1378e-07	-5.2379e-10	1.172e-11	-5.1e-13	3.1342e-07	-3.1284e-07	-4.4706e-10	2.223e-11	-7.56e-12	3.142e-07	-3.137e-07	-3.683e-10	2.446e-11	-6.9e-12	3.1398e-07	-3.1362e-07	-2.8418e-10	2.825e-11	-9.85e-12	3.1412e-07	-3.1374e-07	-1.9759e-10	2.299e-11	-7.19e-12	3.1296e-07	-3.1274e-07	-1.0839e-10	2.46e-11	-6.87e-12	3.1374e-07	-3.1348e-07	-1.688e-11	2.07e-11	-8.73e-12	3.1344e-07	-3.1374e-07
1.065	-8.6131e-10	3.559e-11	-6.92e-12	3.1496e-07	-3.1406e-07	-7.6865e-10	3.618e-11	-7.2e-12	3.1386e-07	-3.1312e-07	-6.7765e-10	3.199e-11	-7.38e-12	3.1452e-07	-3.1378e-07	-6.028e-10	2.28e-11	-4.54e-12	3.144e-07	-3.1384e-07	-5.2701e-10	2.403e-11	2e-14	3.1342e-07	-3.1288e-07	-4.4486e-10	2.544e-11	-3.35e-12	3.1408e-07	-3.1368e-07	-3.6675e-10	2.288e-11	-4.82e-12	3.1398e-07	-3.1358e-07	-2.8352e-10	2.081e-11	-9e-12	3.1384e-07	-3.1358e-07	-1.9723e-10	2.667e-11	-6.22e-12	3.1292e-07	-3.1274e-07	-1.0693e-10	2.296e-11	-6.4e-12	3.1362e-07	-3.1352e-07	-1.763e-11	1.585e-11	-7.59e-12	3.1346e-07	-3.1352e-07
1.06	-8.6621e-10	3.031e-11	-3.23e-12	3.1492e-07	-3.1404e-07	-7.6208e-10	3.646e-11	-8.08e-12	3.1396e-07	-3.1318e-07	-6.8172e-10	2.662e-11	-6.88e-12	3.1456e-07	-3.1386e-07	-6.0061e-10	3.053e-11	-2.58e-12	3.1442e-07	-3.1382e-07	-5.2121e-10	2.81e-11	-2.36e-12	3.1338e-07	-3.1294e-07	-4.4657e-10	1.826e-11	-6.3e-13	3.1408e-07	-3.1366e-07	-3.6528e-10	2.419e-11	-6.82e-12	3.1392e-07	-3.136e-07	-2.8653e-10	2.554e-11	-4.04e-12	3.1386e-07	-3.136e-07	-1.9766e-10	1.634e-11	-4.64e-12	3.1222e-07	-3.1208e-07	-1.0872e-10	1.621e-11	-5.44e-12	3.136e-07	-3.1346e-07	-1.483e-11	2.292e-11	-5e-12	3.1344e-07	-3.1348e-07
1.055	-8.6441e-10	2.832e-11	-3.53e-12	3.1498e-07	-3.1414e-07	-7.6637e-10	2.649e-11	-6.65e-12	3.14e-07	-3.1322e-07	-6.7764e-10	2.398e-11	-4.7e-12	3.1456e-07	-3.1388e-07	-5.9955e-10	3.322e-11	-4.08e-12	3.1438e-07	-3.1378e-07	-5.2129e-10	2.845e-11	-3.51e-12	3.1338e-07	-3.1292e-07	-4.4383e-10	1.617e-11	-3.83e-12	3.141e-07	-3.136e-07	-3.6562e-10	1.638e-11	-5.16e-12	3.1394e-07	-3.1358e-07	-2.8747e-10	2.01e-11	-5.01e-12	3.1386e-07	-3.1362e-07	-1.9754e-10	2.269e-11	-6.44e-12	3.1282e-07	-3.1266e-07	-1.0658e-10	1.834e-11	-4.85e-12	3.136e-07	-3.1348e-07	-1.436e-11	2.198e-11	-5.82e-12	3.135e-07	-3.1352e-07
1.05	-8.603e-10	3.095e-11	-3.79e-12	3.1492e-07	-3.14e-07	-7.6572e-10	2.526e-11	-6.69e-12	3.1408e-07	-3.1322e-07	-6.7953e-10	3.241e-11	-5.11e-12	3.1452e-07	-3.1384e-07	-5.9623e-10	2.646e-11	-3.3e-12	3.144e-07	-3.1382e-07	-5.1965e-10	9.66e-12	-1.88e-12	3.1344e-07	-3.1288e-07	-4.4305e-10	2.013e-11	-4.09e-12	3.141e-07	-3.1364e-07	-3.6809e-10	1.731e-11	1.01e-12	3.1386e-07	-3.1354e-07	-2.8375e-10	1.566e-11	-5.3e-12	3.1384e-07	-3.1354e-07	-1.9563e-10	2.207e-11	-8.19e-12	3.1284e-07	-3.1274e-07	-1.057e-10	2.033e-11	-5.4e-12	3.136e-07	-3.1352e-07	-1.349e-11	1.023e-11	-7.61e-12	3.1348e-07	-3.1348e-07
1.045	-8.5803e-10	2.544e-11	6.8e-13	3.149e-07	-3.1408e-07	-7.6461e-10	2.597e-11	-5.27e-12	3.1354e-07	-3.1294e-07	-6.7661e-10	2.106e-11	-5.85e-12	3.1456e-07	-3.1388e-07	-5.9953e-10	2.373e-11	-1.08e-12	3.1444e-07	-3.1388e-07	-5.263e-10	1.805e-11	-3.8e-13	3.1348e-07	-3.1226e-07	-4.4539e-10	2.958e-11	6.3e-13	3.1418e-07	-3.1378e-07	-3.6699e-10	1.478e-11	-1.93e-12	3.1392e-07	-3.1358e-07	-2.8744e-10	1.877e-11	-1.86e-12	3.1388e-07	-3.1356e-07	-1.9587e-10	1.964e-11	-6.13e-12	3.1226e-07	-3.127e-07	-1.0554e-10	2.123e-11	-6.51e-12	3.1366e-07	-3.1346e-07	-1.344e-11	1.889e-11	-1.025e-11	3.135e-07	-3.1346e-07
1.04	-8.5947e-10	2.6e-11	1.37e-12	3.1492e-07	-3.1408e-07	-7.6684e-10	3.258e-11	-2.74e-12	3.1398e-07	-3.1324e-07	-6.8134e-10	2.214e-11	-1.72e-12	3.1452e-07	-3.1384e-07	-5.9887e-10	2.279e-11	-1.8e-13	3.144e-07	-3.1384e-07	-5.2635e-10	2.975e-11	-2.76e-12	3.1352e-07	-3.1294e-07	-4.4197e-10	1.823e-11	-1.28e-12	3.141e-07	-3.136e-07	-3.6416e-10	1.575e-11	-1.74e-12	3.1398e-07	-3.136e-07	-2.8487e-10	1.676e-11	-8.2e-13	3.139e-07	-3.1358e-07	-1.9801e-10	1.489e-11	-5.11e-12	3.1228e-07	-3.1268e-07	-1.0455e-10	1.308e-11	-6.2e-12	3.1362e-07	-3.1354e-07	-1.319e-11	1.295e-11	-1.218e-11	3.1352e-07	-3.1342e-07
1.035	-8.6072e-10	2.312e-11	-1.21e-12	3.1496e-07	-3.1408e-07	-7.6318e-10	2.046e-11	-1.39e-12	3.1392e-07	-3.1322e-07	-6.794e-10	2.432e-11	-1.94e-12	3.1452e-07	-3.139e-07	-5.9789e-10	2.748e-11	-1.39e-12	3.144e-07	-3.1372e-07	-5.2544e-10	2.94e-11	-5.04e-12	3.135e-07	-3.1298e-07	-4.4543e-10	1.141e-11	-2.05e-12	3.1406e-07	-3.1366e-07	-3.6778e-10	1.835e-11	1.21e-12	3.1398e-07	-3.1354e-07	-2.8401e-10	1.586e-11	-2.28e-12	3.1374e-07	-3.1358e-07	-1.9782e-10	1.659e-11	-5.01e-12	3.1288e-07	-3.1196e-07	-1.0488e-10	1.699e-11	-5.6e-12	3.1366e-07	-3.135e-07	-1.485e-11	1.246e-11	-9.82e-12	3.1342e-07	-3.1342e-07
1.03	-8.5778e-10	2.56e-11	6.4e-13	3.15e-07	-3.1412e-07	-7.6635e-10	2.448e-11	-2.1e-13	3.1398e-07	-3.1318e-07	-6.7677e-10	2.41e-11	-1.78e-12	3.146e-07	-3.139e-07	-5.9716e-10	1.666e-11	-2.7e-13	3.144e-07	-3.1382e-07	-5.2769e-10	1.503e-11	-4.62e-12	3.1344e-07	-3.1302e-07	-4.4633e-10	2.089e-11	1.57e-12	3.1408e-07	-3.1368e-07	-3.6517e-10	1.096e-11	1.59e-12	3.1398e-07	-3.1354e-07	-2.8454e-10	1.388e-11	-1.72e-12	3.138e-07	-3.136e-07	-1.993e-10	1.632e-11	-2.17e-12	3.1292e-07	-3.1268e-07	-1.0396e-10	1.58e-11	-4.74e-12	3.1362e-07	-3.1346e-07	-1.597e-11	1.071e-11	-6.15e-12	3.1354e-07	-3.1348e-07
1.025	-8.6439e-10	1.73e-11	4.08e-12	3.1492e-07	-3.14e-07	-7.6549e-10	2.906e-11	1.26e-12	3.139e-07	-3.1328e-07	-6.7808e-10	1.922e-11	-3e-14	3.1458e-07	-3.139e-07	-5.9716e-10	1.765e-11	1.61e-12	3.1446e-07	-3.137e-07	-5.2179e-10	-1.868e-11	8.7e-12	3.1342e-07	-3.1288e-07	-4.4479e-10	1.906e-11	2.33e-12	3.1412e-07	-3.1364e-07	-3.6559e-10	1.669e-11	-1.03e-12	3.1398e-07	-3.136e-07	-2.8492e-10	1e-11	2.41e-12	3.1382e-07	-3.1358e-07	-1.9658e-10	1.294e-11	-2.19e-12	3.1284e-07	-3.127e-07	-1.0495e-10	1.131e-11	-4.41e-12	3.1362e-07	-3.135e-07	-1.539e-11	9.58e-12	-5.57e-12	3.135e-07	-3.1348e-07
1.02	-8.6294e-10	1.872e-11	5.29e-12	3.1492e-07	-3.1406e-07	-7.6538e-10	2.217e-11	1.14e-12	3.1402e-07	-3.1318e-07	-6.793e-10	1.475e-11	3.31e-12	3.1458e-07	-3.1392e-07	-5.9847e-10	1.796e-11	-1e-13	3.1444e-07	-3.1382e-07	-5.1653e-10	-4.7e-12	1.45e-12	3.1338e-07	-3.1292e-07	-4.4413e-10	6.39e-12	1.75e-12	3.1408e-07	-3.136e-07	-3.6562e-10	1.041e-11	1.71e-12	3.139e-07	-3.1364e-07	-2.8535e-10	1.47e-11	8.8e-13	3.138e-07	-3.1348e-07	-1.999e-10	7.5e-12	-1.8e-13	3.1288e-07	-3.1268e-07	-1.0622e-10	1.05e-11	-3.46e-12	3.1362e-07	-3.1346e-07	-1.6e-11	9.2e-12	-2.18e-12	3.1362e-07	-3.1372e-07
1.015	-8.628e-10	2.104e-11	8.23e-12	3.1496e-07	-3.1404e-07	-7.6914e-10	1.753e-11	2.04e-12	3.1386e-07	-3.1318e-07	-6.8081e-10	1.833e-11	4.45e-12	3.1458e-07	-3.1394e-07	-5.9518e-10	2.081e-11	1.74e-12	3.144e-07	-3.1386e-07	-5.1954e-10	1.302e-11	4.43e-12	3.1342e-07	-3.1288e-07	-4.4094e-10	1.355e-11	8.27e-12	3.1404e-07	-3.1368e-07	-3.6703e-10	1.317e-11	6.01e-12	3.1392e-07	-3.1358e-07	-2.8433e-10	1.155e-11	7.8e-13	3.1386e-07	-3.1358e-07	-1.9962e-10	1.833e-11	-5.1e-13	3.129e-07	-3.1272e-07	-1.0473e-10	1.49e-11	-3.22e-12	3.1358e-07	-3.1352e-07	-1.551e-11	6.67e-12	-1.49e-12	3.135e-07	-3.1348e-07
1.01	-8.6717e-10	1.723e-11	9.36e-12	3.1492e-07	-3.1416e-07	-7.6624e-10	1.956e-11	5.02e-12	3.1394e-07	-3.1316e-07	-6.8108e-10	2.029e-11	4.54e-12	3.1454e-07	-3.1396e-07	-5.9681e-10	1.771e-11	5.59e-12	3.1436e-07	-3.138e-07	-5.2221e-10	1.843e-11	3.71e-12	3.1286e-07	-3.1234e-07	-4.4332e-10	1.83e-11	9.27e-12	3.1408e-07	-3.1368e-07	-3.6864e-10	8.76e-12	5.34e-12	3.1388e-07	-3.1354e-07	-2.8703e-10	1.146e-11	7.63e-12	3.1384e-07	-3.136e-07	-1.9976e-10	5.03e-12	9.2e-13	3.1286e-07	-3.1272e-07	-1.0637e-10	9.35e-12	-8.5e-13	3.1362e-07	-3.1356e-07	-1.479e-11	1.196e-11	-2.3e-13	3.1352e-07	-3.1344e-07
1.005	-8.6138e-10	1.269e-11	1.218e-11	3.1488e-07	-3.1404e-07	-7.7086e-10	2.075e-11	6.66e-12	3.139e-07	-3.132e-07	-6.8428e-10	1.425e-11	6.79e-12	3.1458e-07	-3.139e-07	-5.969e-10	1.875e-11	5.88e-12	3.1452e-07	-3.1386e-07	-5.2837e-10	2.474e-11	1.7e-12	3.135e-07	-3.129e-07	-4.4549e-10	1.193e-11	6.24e-12	3.1406e-07	-3.1366e-07	-3.6561e-10	1.055e-11	6.39e-12	3.1394e-07	-3.1358e-07	-2.8962e-10	4.7e-12	9.17e-12	3.1384e-07	-3.1354e-07	-2.0236e-10	1.071e-11	2.86e-12	3.1286e-07	-3.1276e-07	-1.0766e-10	1.281e-11	1.07e-12	3.136e-07	-3.1344e-07	-1.387e-11	1.084e-11	-4.04e-12	3.1344e-07	-3.135e-07
1	-8.6423e-10	1.944e-11	1.395e-11	3.1498e-07	-3.1404e-07	-7.7109e-10	1.205e-11	8.97e-12	3.1388e-07	-3.1312e-07	-6.8781e-10	1.095e-11	9.26e-12	3.1456e-07	-3.1388e-07	-5.9716e-10	1.784e-11	4.01e-12	3.1442e-07	-3.1382e-07	-5.2859e-10	7.83e-12	6.15e-12	3.1284e-07	-3.1232e-07	-4.4298e-10	1.2e-11	9.95e-12	3.141e-07	-3.137e-07	-3.6872e-10	1.085e-11	1.173e-11	3.1396e-07	-3.1358e-07	-2.8868e-10	1.121e-11	8.43e-12	3.139e-07	-3.1354e-07	-2.0287e-10	1.179e-11	4.9e-12	3.1286e-07	-3.1274e-07	-1.0554e-10	1.216e-11	2.06e-12	3.136e-07	-3.1366e-07	-1.478e-11	3.75e-12	-4.13e-12	3.1354e-07	-3.1346e-07
0.995	-8.6396e-10	1.704e-11	1.639e-11	3.15e-07	-3.1404e-07	-7.7309e-10	2.266e-11	1.503e-11	3.1396e-07	-3.1316e-07	-6.9276e-10	8.34e-12	1.387e-11	3.1458e-07	-3.1384e-07	-5.9982e-10	1.751e-11	7.23e-12	3.1436e-07	-3.1376e-07	-5.3387e-10	5.3e-12	1.482e-11	3.1342e-07	-3.1288e-07	-4.4898e-10	1.388e-11	1.545e-11	3.1404e-07	-3.136e-07	-3.6986e-10	6.9e-12	1.25e-11	3.1416e-07	-3.139e-07	-2.9045e-10	1.09e-11	9.86e-12	3.138e-07	-3.1358e-07	-2.0503e-10	1.309e-11	6.24e-12	3.1286e-07	-3.1268e-07	-1.0772e-10	7.68e-12	2.05e-12	3.1362e-07	-3.1348e-07	-1.68e-11	9.49e-12	-9.6e-13	3.135e-07	-3.134e-07
0.99	-8.7128e-10	1.479e-11	1.898e-11	3.1494e-07	-3.1408e-07	-7.7441e-10	2.267e-11	1.64e-11	3.139e-07	-3.131e-07	-6.9735e-10	1.652e-11	1.828e-11	3.1456e-07	-3.1388e-07	-6.0566e-10	1.535e-11	1.411e-11	3.1436e-07	-3.1378e-07	-5.3965e-10	6.5e-12	2.157e-11	3.1352e-07	-3.1298e-07	-4.5015e-10	1.865e-11	1.51e-11	3.144e-07	-3.1394e-07	-3.7052e-10	9.74e-12	1.112e-11	3.1402e-07	-3.136e-07	-2.9344e-10	3.4e-12	1.423e-11	3.1384e-07	-3.136e-07	-2.0815e-10	2.37e-12	9.5e-12	3.1292e-07	-3.127e-07	-1.0777e-10	5.59e-12	3.53e-12	3.136e-07	-3.1342e-07	-1.517e-11	8.49e-12	1.8e-13	3.135e-07	-3.1348e-07
0.985	-8.7285e-10	1.291e-11	2.199e-11	3.1496e-07	-3.1414e-07	-7.7668e-10	1.46e-11	1.984e-11	3.1388e-07	-3.1318e-07	-6.9862e-10	1.181e-11	1.886e-11	3.1456e-07	-3.1386e-07	-6.1025e-10	6.85e-12	1.591e-11	3.1438e-07	-3.1384e-07	-5.3823e-10	1.384e-11	2.324e-11	3.1344e-07	-3.1292e-07	-4.4891e-10	6.44e-12	1.678e-11	3.1408e-07	-3.1362e-07	-3.7229e-10	1.034e-11	1.475e-11	3.139e-07	-3.1352e-07	-2.9521e-10	8e-12	1.451e-11	3.138e-07	-3.1386e-07	-2.0871e-10	7.71e-12	1.464e-11	3.1294e-07	-3.1266e-07	-1.1052e-10	9.55e-12	6.63e-12	3.1364e-07	-3.1348e-07	-1.586e-11	2.31e-12	-2.7e-13	3.1354e-07	-3.135e-07
0.98	-8.7294e-10	1.668e-11	2.548e-11	3.1492e-07	-3.1412e-07	-7.8402e-10	1.083e-11	2.403e-11	3.1386e-07	-3.1318e-07	-6.9954e-10	4.37e-12	2.547e-11	3.1456e-07	-3.1388e-07	-6.1126e-10	6.66e-12	2.021e-11	3.1434e-07	-3.1376e-07	-5.3994e-10	1.141e-11	2.398e-11	3.1338e-07	-3.1234e-07	-4.5292e-10	5.85e-12	2.24e-11	3.1408e-07	-3.1364e-07	-3.7657e-10	7.35e-12	1.954e-11	3.1398e-07	-3.1364e-07	-2.9489e-10	9.68e-12	1.55e-11	3.1392e-07	-3.1352e-07	-2.1134e-10	1.336e-11	1.679e-11	3.129e-07	-3.127e-07	-1.1103e-10	1.053e-11	6.47e-12	3.136e-07	-3.1352e-07	-1.676e-11	1.06e-12	2.64e-12	3.1356e-07	-3.1344e-07
0.975	-8.7631e-10	1.208e-11	3.075e-11	3.1534e-07	-3.1428e-07	-7.8585e-10	1.442e-11	2.944e-11	3.139e-07	-3.1318e-07	-7.0948e-10	1.294e-11	3.361e-11	3.1458e-07	-3.1386e-07	-6.1595e-10	1.396e-11	2.891e-11	3.1438e-07	-3.1378e-07	-5.424e-10	7.58e-12	2.774e-11	3.1336e-07	-3.1298e-07	-4.5608e-10	1.318e-11	2.534e-11	3.1408e-07	-3.136e-07	-3.8009e-10	6.49e-12	2.315e-11	3.1402e-07	-3.136e-07	-3.0053e-10	3.13e-12	2.308e-11	3.1412e-07	-3.1378e-07	-2.1286e-10	-1.26e-12	2e-11	3.1292e-07	-3.1268e-07	-1.1437e-10	2.64e-12	1.072e-11	3.1354e-07	-3.1346e-07	-1.478e-11	6.61e-12	6.36e-12	3.1348e-07	-3.134e-07
0.97	-8.8034e-10	8.93e-12	3.702e-11	3.1416e-07	-3.1324e-07	-7.8997e-10	1.404e-11	3.345e-11	3.139e-07	-3.131e-07	-7.1272e-10	1.108e-11	3.712e-11	3.1458e-07	-3.138e-07	-6.2271e-10	7.04e-12	3.364e-11	3.1438e-07	-3.1382e-07	-5.4648e-10	1.213e-11	3.129e-11	3.1344e-07	-3.1294e-07	-4.5939e-10	8.04e-12	2.59e-11	3.1402e-07	-3.1358e-07	-3.8305e-10	9.77e-12	2.815e-11	3.1392e-07	-3.1344e-07	-3.0583e-10	2.73e-12	2.852e-11	3.138e-07	-3.1356e-07	-2.1776e-10	5.14e-12	2.36e-11	3.129e-07	-3.1276e-07	-1.1755e-10	1.006e-11	1.391e-11	3.1354e-07	-3.1348e-07	-1.547e-11	4.02e-12	3.73e-12	3.135e-07	-3.1348e-07
0.965	-8.8892e-10	1.41e-11	4.518e-11	3.1418e-07	-3.1336e-07	-8.0353e-10	-9.468e-11	4.373e-11	3.1396e-07	-3.1314e-07	-7.1628e-10	1.18e-11	4.38e-11	3.1458e-07	-3.139e-07	-6.2884e-10	1.138e-11	4.006e-11	3.144e-07	-3.1378e-07	-5.5186e-10	7.89e-12	3.589e-11	3.1342e-07	-3.1228e-07	-4.637e-10	2.84e-12	3.366e-11	3.1416e-07	-3.1368e-07	-3.8737e-10	6.63e-12	3.733e-11	3.139e-07	-3.1352e-07	-3.0813e-10	1.123e-11	3.218e-11	3.1384e-07	-3.1354e-07	-2.1944e-10	4.34e-12	2.626e-11	3.1286e-07	-3.1268e-07	-1.1821e-10	6.66e-12	1.68e-11	3.1362e-07	-3.1344e-07	-1.465e-11	-2.06e-12	3.19e-12	3.1344e-07	-3.1346e-07
0.96	-8.916e-10	1.794e-11	5.237e-11	3.1424e-07	-3.1336e-07	-7.9258e-10	-3.145e-11	5.34e-11	3.139e-07	-3.1328e-07	-7.2511e-10	1.115e-11	5.276e-11	3.1464e-07	-3.139e-07	-6.3565e-10	1.408e-11	4.917e-11	3.1434e-07	-3.1378e-07	-5.6215e-10	2.24e-12	4.905e-11	3.135e-07	-3.13e-07	-4.7027e-10	1.77e-12	4.399e-11	3.1414e-07	-3.1372e-07	-3.9362e-10	2.33e-12	4.416e-11	3.1398e-07	-3.1364e-07	-3.1335e-10	9.21e-12	3.858e-11	3.138e-07	-3.1354e-07	-2.2273e-10	7.57e-12	2.981e-11	3.1286e-07	-3.1278e-07	-1.2124e-10	9.27e-12	1.828e-11	3.1366e-07	-3.1352e-07	-1.691e-11	5.01e-12	5.05e-12	3.1374e-07	-3.1348e-07
0.955	-9.0374e-10	4.75e-12	6.254e-11	3.142e-07	-3.1332e-07	-8.0961e-10	-4.36e-12	4.291e-11	3.1398e-07	-3.1312e-07	-7.3243e-10	2.38e-12	6.114e-11	3.1458e-07	-3.139e-07	-6.4471e-10	9.14e-12	5.786e-11	3.1438e-07	-3.138e-07	-5.7233e-10	5.53e-12	6.008e-11	3.1348e-07	-3.1288e-07	-4.7982e-10	4.5e-12	5.389e-11	3.1412e-07	-3.1374e-07	-3.9777e-10	6.5e-12	4.938e-11	3.1394e-07	-3.1358e-07	-3.2047e-10	-6.62e-12	4.569e-11	3.1382e-07	-3.1384e-07	-2.2856e-10	2.27e-12	3.393e-11	3.129e-07	-3.1262e-07	-1.2365e-10	2.39e-12	2.014e-11	3.136e-07	-3.1346e-07	-1.734e-11	7.39e-12	4.65e-12	3.1344e-07	-3.1344e-07
0.95	-9.1534e-10	1.201e-11	7.324e-11	3.1416e-07	-3.1324e-07	-8.1807e-10	-2.58e-12	5.907e-11	3.1324e-07	-3.1316e-07	-7.4331e-10	1.258e-11	7.349e-11	3.1456e-07	-3.1378e-07	-6.5518e-10	1.356e-11	6.65e-11	3.1438e-07	-3.1374e-07	-5.8018e-10	4.68e-12	7.029e-11	3.1344e-07	-3.1292e-07	-4.9202e-10	7.6e-12	5.993e-11	3.1406e-07	-3.1366e-07	-4.0658e-10	9.02e-12	5.78e-11	3.1396e-07	-3.1362e-07	-3.2917e-10	1.239e-11	5.269e-11	3.1386e-07	-3.1354e-07	-2.3383e-10	2.36e-12	4.342e-11	3.1286e-07	-3.1264e-07	-1.3089e-10	4.39e-12	2.632e-11	3.1362e-07	-3.1352e-07	-1.817e-11	-1.82e-12	6.72e-12	3.135e-07	-3.1348e-07
0.945	-9.2682e-10	1.525e-11	8.722e-11	3.142e-07	-3.1324e-07	-8.3434e-10	-3.9e-13	7.552e-11	3.1384e-07	-3.1318e-07	-7.5069e-10	1.187e-11	8.328e-11	3.1458e-07	-3.1386e-07	-6.6692e-10	1.623e-11	7.766e-11	3.1434e-07	-3.1378e-07	-5.8676e-10	7.04e-12	8.297e-11	3.1334e-07	-3.123e-07	-4.9658e-10	3.51e-12	7.236e-11	3.1408e-07	-3.137e-07	-4.1847e-10	2.49e-12	7.009e-11	3.1392e-07	-3.1356e-07	-3.3472e-10	6.72e-12	6.07e-11	3.138e-07	-3.1354e-07	-2.4303e-10	8.62e-12	5.03e-11	3.1292e-07	-3.127e-07	-1.3421e-10	6.99e-12	3.042e-11	3.1394e-07	-3.1384e-07	-2.183e-11	-3.61e-12	8.91e-12	3.1354e-07	-3.1346e-07
0.94	-9.4502e-10	7.82e-12	9.939e-11	3.141e-07	-3.1334e-07	-8.5195e-10	-6.64e-12	1.0139e-10	3.1326e-07	-3.1324e-07	-7.6484e-10	3.91e-12	9.697e-11	3.1454e-07	-3.139e-07	-6.8314e-10	3.91e-12	9.53e-11	3.1444e-07	-3.1372e-07	-6.0252e-10	3.05e-12	9.8e-11	3.1338e-07	-3.1288e-07	-5.1338e-10	1.396e-11	8.311e-11	3.141e-07	-3.136e-07	-4.319e-10	5.31e-12	8.192e-11	3.1392e-07	-3.1358e-07	-3.4735e-10	-3.9e-13	7.356e-11	3.1382e-07	-3.135e-07	-2.4998e-10	9.4e-13	5.725e-11	3.129e-07	-3.127e-07	-1.3945e-10	9.6e-13	3.638e-11	3.1356e-07	-3.1352e-07	-2.109e-11	6.43e-12	1.205e-11	3.1348e-07	-3.1346e-07
0.935	-9.6241e-10	4.13e-12	1.1775e-10	3.1422e-07	-3.1334e-07	-8.7002e-10	3.49e-12	1.1733e-10	3.1326e-07	-3.1256e-07	-7.8114e-10	7.08e-12	1.1548e-10	3.145e-07	-3.1378e-07	-6.9845e-10	5.64e-12	1.1301e-10	3.144e-07	-3.1378e-07	-6.1812e-10	7.56e-12	1.1106e-10	3.1348e-07	-3.1292e-07	-5.2558e-10	9.22e-12	9.446e-11	3.142e-07	-3.137e-07	-4.4319e-10	1.008e-11	9.531e-11	3.1386e-07	-3.1358e-07	-3.6319e-10	-5.46e-12	8.729e-11	3.1378e-07	-3.1364e-07	-2.6092e-10	-1.04e-12	7.17e-11	3.129e-07	-3.1268e-07	-1.4862e-10	7.22e-12	4.605e-11	3.1362e-07	-3.1342e-07	-2.048e-11	5.33e-12	1.125e-11	3.1348e-07	-3.134e-07
0.93	-9.796e-10	9.93e-12	1.4277e-10	3.1416e-07	-3.133e-07	-8.8813e-10	1.665e-11	1.3844e-10	3.1394e-07	-3.1318e-07	-8.0443e-10	5.71e-12	1.3721e-10	3.1454e-07	-3.139e-07	-7.1653e-10	1.139e-11	1.2929e-10	3.1436e-07	-3.137e-07	-6.3431e-10	6.22e-12	1.2764e-10	3.1342e-07	-3.129e-07	-5.4706e-10	7.32e-12	1.1683e-10	3.1446e-07	-3.1398e-07	-4.6074e-10	3.56e-12	1.1259e-10	3.1396e-07	-3.1362e-07	-3.7507e-10	6.52e-12	1.0346e-10	3.1404e-07	-3.1378e-07	-2.7262e-10	5.06e-12	8.271e-11	3.129e-07	-3.1268e-07	-1.5569e-10	3.89e-12	5.269e-11	3.1356e-07	-3.134e-07	-2.124e-11	-3.1e-12	1.283e-11	3.1348e-07	-3.135e-07
0.925	-1.00512e-09	1.154e-11	1.676e-10	3.1354e-07	-3.1266e-07	-9.094e-10	1.739e-11	1.6227e-10	3.139e-07	-3.1316e-07	-8.2905e-10	1.073e-11	1.6159e-10	3.146e-07	-3.1396e-07	-7.4072e-10	6e-12	1.5484e-10	3.144e-07	-3.1376e-07	-6.5796e-10	4.38e-12	1.5569e-10	3.1348e-07	-3.129e-07	-5.705e-10	-6.67e-12	1.4009e-10	3.1412e-07	-3.1364e-07	-4.826e-10	-6.5e-13	1.3367e-10	3.1398e-07	-3.1358e-07	-3.9539e-10	3.23e-12	1.2343e-10	3.1388e-07	-3.1358e-07	-2.8536e-10	-2.42e-12	9.503e-11	3.1292e-07	-3.1274e-07	-1.6412e-10	2.87e-12	6.071e-11	3.136e-07	-3.1352e-07	-2.554e-11	-1.82e-12	1.814e-11	3.1352e-07	-3.1348e-07
0.92	-1.03427e-09	2.53e-12	1.9571e-10	3.142e-07	-3.133e-07	-9.4119e-10	9.69e-12	1.8363e-10	3.1398e-07	-3.131e-07	-8.5576e-10	3.92e-12	1.8965e-10	3.1464e-07	-3.1398e-07	-7.6921e-10	-1.17e-12	1.8521e-10	3.144e-07	-3.1382e-07	-6.8546e-10	5e-12	1.8254e-10	3.1346e-07	-3.1288e-07	-5.9572e-10	2e-14	1.6569e-10	3.1402e-07	-3.1362e-07	-5.0278e-10	9.08e-12	1.5833e-10	3.1386e-07	-3.1364e-07	-4.1395e-10	-3.31e-12	1.4723e-10	3.1386e-07	-3.136e-07	-3.0434e-10	-6.3e-13	1.1224e-10	3.1296e-07	-3.121e-07	-1.7658e-10	1.72e-12	7.391e-11	3.136e-07	-3.1348e-07	-2.877e-11	6.59e-12	1.864e-11	3.1356e-07	-3.1346e-07
0.915	-1.0659e-09	7.84e-12	2.3457e-10	3.1418e-07	-3.1334e-07	-9.7111e-10	4.91e-12	2.1875e-10	3.1396e-07	-3.1316e-07	-8.9137e-10	3.82e-12	2.2719e-10	3.1456e-07	-3.1384e-07	-8.02e-10	1.9e-12	2.1659e-10	3.1434e-07	-3.137e-07	-7.1492e-10	4.65e-12	2.1371e-10	3.1288e-07	-3.1226e-07	-6.2766e-10	7.5e-12	1.954e-10	3.1414e-07	-3.1376e-07	-5.3142e-10	5.12e-12	1.8465e-10	3.1392e-07	-3.1354e-07	-4.3688e-10	-8.2e-13	1.7247e-10	3.138e-07	-3.1354e-07	-3.2282e-10	-1.96e-12	1.3474e-10	3.1262e-07	-3.1272e-07	-1.8882e-10	1.34e-12	9.135e-11	3.1362e-07	-3.134e-07	-3.061e-11	2.8e-12	2.053e-11	3.1352e-07	-3.1348e-07
0.91	-1.10733e-09	7.38e-12	2.7596e-10	3.1412e-07	-3.1334e-07	-1.01391e-09	8.76e-12	2.6544e-10	3.1396e-07	-3.1316e-07	-9.2943e-10	7.57e-12	2.6674e-10	3.1456e-07	-3.1388e-07	-8.4042e-10	1.247e-11	2.5272e-10	3.1434e-07	-3.1378e-07	-7.5123e-10	8.74e-12	2.5115e-10	3.134e-07	-3.129e-07	-6.591e-10	4.24e-12	2.296e-10	3.1416e-07	-3.137e-07	-5.6398e-10	3.03e-12	2.1929e-10	3.1394e-07	-3.1364e-07	-4.6562e-10	7.82e-12	1.9712e-10	3.1384e-07	-3.1352e-07	-3.4534e-10	6.09e-12	1.5643e-10	3.129e-07	-3.1268e-07	-2.0935e-10	-3.93e-12	1.0719e-10	3.1364e-07	-3.1344e-07	-3.838e-11	-4.94e-12	2.834e-11	3.1348e-07	-3.1346e-07
0.905	-1.1641e-09	1.119e-11	3.2233e-10	3.1408e-07	-3.133e-07	-1.06258e-09	2.93e-12	3.1463e-10	3.131e-07	-3.1238e-07	-9.7155e-10	2.22e-12	3.1021e-10	3.1456e-07	-3.1388e-07	-8.8207e-10	-9.9e-13	2.9863e-10	3.1434e-07	-3.1372e-07	-7.9054e-10	6.09e-12	2.9445e-10	3.1338e-07	-3.1288e-07	-7.0454e-10	3.36e-12	2.713e-10	3.1408e-07	-3.1368e-07	-6.029e-10	2.86e-12	2.5574e-10	3.1406e-07	-3.1364e-07	-4.9812e-10	-2.16e-12	2.3441e-10	3.1392e-07	-3.1354e-07	-3.7024e-10	-4.5e-12	1.8344e-10	3.1294e-07	-3.1268e-07	-2.2129e-10	3.35e-12	1.2469e-10	3.1364e-07	-3.1354e-07	-4.421e-11	-4.11e-12	3.668e-11	3.1344e-07	-3.1346e-07
0.9	-1.2212e-09	5.5e-13	3.8165e-10	3.1418e-07	-3.1336e-07	-1.1161e-09	-2.79e-12	3.6646e-10	3.1388e-07	-3.1306e-07	-1.03348e-09	6.23e-12	3.6847e-10	3.146e-07	-3.1384e-07	-9.3579e-10	-1.24e-12	3.5053e-10	3.1434e-07	-3.1376e-07	-8.4277e-10	-1.03e-12	3.4172e-10	3.1348e-07	-3.129e-07	-7.4816e-10	-1.57e-12	3.2818e-10	3.1416e-07	-3.1372e-07	-6.4459e-10	9.9e-12	2.9925e-10	3.1396e-07	-3.1358e-07	-5.4474e-10	-2.48e-12	2.7388e-10	3.1384e-07	-3.135e-07	-4.0489e-10	3.95e-12	2.1837e-10	3.1288e-07	-3.1272e-07	-2.4481e-10	5.5e-12	1.4879e-10	3.1356e-07	-3.1352e-07	-4.824e-11	-3.89e-12	4.139e-11	3.1356e-07	-3.1354e-07
0.895	-1.2898e-09	-1.75e-12	4.4711e-10	3.1408e-07	-3.1324e-07	-1.1738e-09	4.9e-13	4.2138e-10	3.1394e-07	-3.1322e-07	-1.09969e-09	8.2e-13	4.3337e-10	3.1458e-07	-3.1388e-07	-9.9735e-10	2.55e-12	4.1131e-10	3.1438e-07	-3.137e-07	-8.9832e-10	2.99e-12	4.0071e-10	3.1342e-07	-3.1292e-07	-8.0781e-10	-5.37e-12	3.8374e-10	3.141e-07	-3.1364e-07	-7.0093e-10	-1.05e-12	3.5333e-10	3.1398e-07	-3.136e-07	-5.8829e-10	2.67e-12	3.2185e-10	3.1382e-07	-3.1358e-07	-4.419e-10	3.5e-12	2.5564e-10	3.129e-07	-3.127e-07	-2.6768e-10	-8.08e-12	1.7009e-10	3.1362e-07	-3.1348e-07	-5.885e-11	-1.4e-12	5.316e-11	3.1348e-07	-3.1342e-07
0.89	-1.3636e-09	1.245e-11	5.2581e-10	3.1416e-07	-3.1328e-07	-1.2495e-09	5.84e-12	5.0099e-10	3.14e-07	-3.1318e-07	-1.1835e-09	5.2e-12	5.14e-10	3.1464e-07	-3.1384e-07	-1.06996e-09	6.56e-12	4.8459e-10	3.1434e-07	-3.1382e-07	-9.7762e-10	7.81e-12	4.7209e-10	3.1338e-07	-3.1286e-07	-8.786e-10	9.84e-12	4.5429e-10	3.1414e-07	-3.1364e-07	-7.6512e-10	2.6e-13	4.181e-10	3.139e-07	-3.1354e-07	-6.4205e-10	4.59e-12	3.7793e-10	3.1414e-07	-3.1386e-07	-4.8529e-10	-3.81e-12	2.9729e-10	3.1292e-07	-3.127e-07	-2.956e-10	-1.346e-11	1.9425e-10	3.1366e-07	-3.1346e-07	-6.56e-11	-3.4e-12	6.359e-11	3.1356e-07	-3.1344e-07
0.885	-1.4548e-09	-1.95e-12	6.1416e-10	3.1404e-07	-3.1316e-07	-1.3401e-09	1.61e-12	5.8917e-10	3.1396e-07	-3.1316e-07	-1.2672e-09	9e-13	6.0024e-10	3.146e-07	-3.1394e-07	-1.1546e-09	3.07e-12	5.7325e-10	3.1432e-07	-3.1376e-07	-1.05758e-09	-3.55e-12	5.5528e-10	3.1338e-07	-3.1288e-07	-9.5742e-10	-1.187e-11	5.3529e-10	3.1414e-07	-3.1368e-07	-8.3789e-10	3.16e-12	4.8976e-10	3.1396e-07	-3.1364e-07	-7.1033e-10	-3.11e-12	4.4875e-10	3.1384e-07	-3.1358e-07	-5.3784e-10	-3.92e-12	3.5471e-10	3.1294e-07	-3.127e-07	-3.2755e-10	5.567e-11	2.5865e-10	3.1374e-07	-3.1348e-07	-7.694e-11	-4.53e-12	7.468e-11	3.1342e-07	-3.135e-07
0.88	-1.5632e-09	-2.91e-12	7.2529e-10	3.1408e-07	-3.1324e-07	-1.4423e-09	-4.9e-13	6.9593e-10	3.1338e-07	-3.1252e-07	-1.3754e-09	-9.8e-13	7.0988e-10	3.1446e-07	-3.1382e-07	-1.2568e-09	1.32e-12	6.7779e-10	3.1438e-07	-3.1376e-07	-1.1675e-09	-9.19e-12	6.6113e-10	3.1348e-07	-3.1304e-07	-1.05628e-09	-2.72e-12	6.2789e-10	3.1426e-07	-3.1374e-07	-9.2481e-10	5.6e-13	5.7937e-10	3.1394e-07	-3.1362e-07	-7.9061e-10	-4.77e-12	5.2128e-10	3.138e-07	-3.1358e-07	-5.9613e-10	3.01e-12	4.2306e-10	3.1294e-07	-3.1276e-07	-3.6416e-10	6.726e-11	2.7807e-10	3.1356e-07	-3.1354e-07	-8.592e-11	-8.76e-12	8.61e-11	3.1344e-07	-3.1348e-07
0.875	-1.6855e-09	-1.5e-13	8.5405e-10	3.142e-07	-3.1322e-07	-1.5621e-09	6.1e-13	8.185e-10	3.1404e-07	-3.132e-07	-1.5039e-09	-2.42e-12	8.3745e-10	3.1452e-07	-3.1384e-07	-1.3707e-09	3.76e-12	7.976e-10	3.143e-07	-3.1376e-07	-1.2872e-09	-3.51e-12	7.7584e-10	3.1342e-07	-3.1292e-07	-1.166e-09	-4.95e-12	7.4273e-10	3.1416e-07	-3.1368e-07	-1.02367e-09	-9.5e-13	6.8027e-10	3.1388e-07	-3.1352e-07	-8.7928e-10	1.13e-12	6.1608e-10	3.139e-07	-3.1352e-07	-6.6803e-10	3e-12	4.896e-10	3.129e-07	-3.1266e-07	-4.2816e-10	6.883e-11	3.0691e-10	3.1348e-07	-3.1346e-07	-9.832e-11	7.6e-13	1.0312e-10	3.1348e-07	-3.1352e-07
0.87	-1.8398e-09	1.051e-11	1.00488e-09	3.1402e-07	-3.1324e-07	-1.7109e-09	2.44e-12	9.6655e-10	3.1394e-07	-3.1318e-07	-1.6493e-09	-2.52e-12	9.7991e-10	3.1456e-07	-3.1406e-07	-1.5187e-09	2.27e-12	9.3545e-10	3.1438e-07	-3.1372e-07	-1.4199e-09	-2.83e-12	9.1851e-10	3.1342e-07	-3.1288e-07	-1.2823e-09	5.46e-12	8.6414e-10	3.1416e-07	-3.1366e-07	-1.14179e-09	-4.7e-13	7.9972e-10	3.1398e-07	-3.1346e-07	-9.9504e-10	7e-13	7.242e-10	3.1388e-07	-3.1358e-07	-7.6046e-10	-5.46e-12	5.7123e-10	3.1296e-07	-3.1202e-07	-4.715e-10	-3.55e-12	3.7036e-10	3.1354e-07	-3.1354e-07	-1.1966e-10	-8.25e-12	1.1665e-10	3.135e-07	-3.135e-07
0.865	-2.015e-09	-4.92e-12	1.1854e-09	3.1412e-07	-3.133e-07	-1.8743e-09	4.08e-12	1.14284e-09	3.1396e-07	-3.1314e-07	-1.8111e-09	5e-13	1.154e-09	3.1458e-07	-3.1386e-07	-1.6759e-09	5e-13	1.09823e-09	3.1434e-07	-3.1372e-07	-1.5876e-09	-2.99e-12	1.08332e-09	3.13e-07	-3.1294e-07	-1.4402e-09	-3.25e-12	1.01102e-09	3.1414e-07	-3.1368e-07	-1.2964e-09	-6.89e-12	9.3494e-10	3.1392e-07	-3.1348e-07	-1.11797e-09	-5.11e-12	8.5075e-10	3.1384e-07	-3.1358e-07	-8.568e-10	-2.19e-12	6.8058e-10	3.1286e-07	-3.127e-07	-5.3393e-10	3.673e-11	4.5412e-10	3.1358e-07	-3.1348e-07	-1.3752e-10	-7.68e-12	1.3592e-10	3.1352e-07	-3.135e-07
0.86	-2.227e-09	-2.95e-12	1.3909e-09	3.141e-07	-3.1328e-07	-2.0815e-09	1e-12	1.3267e-09	3.1396e-07	-3.131e-07	-2.0149e-09	-2.63e-12	1.3578e-09	3.1452e-07	-3.1384e-07	-1.8718e-09	-2.08e-12	1.2977e-09	3.143e-07	-3.1372e-07	-1.7815e-09	-6.85e-12	1.2692e-09	3.1344e-07	-3.129e-07	-1.6396e-09	-5.11e-12	1.2134e-09	3.1416e-07	-3.136e-07	-1.4491e-09	-5.7e-13	1.10612e-09	3.139e-07	-3.1354e-07	-1.2739e-09	-7.58e-12	1.00693e-09	3.1384e-07	-3.136e-07	-9.7706e-10	3.63e-12	7.9625e-10	3.1226e-07	-3.1202e-07	-6.228e-10	5.43e-11	5.2767e-10	3.1366e-07	-3.1348e-07	-1.6792e-10	-2.5e-13	1.6604e-10	3.1342e-07	-3.134e-07
0.855	-2.4747e-09	1.05e-12	1.641e-09	3.1404e-07	-3.1328e-07	-2.3137e-09	1.75e-12	1.5677e-09	3.1396e-07	-3.1316e-07	-2.2476e-09	-1.9e-12	1.5923e-09	3.1444e-07	-3.1388e-07	-2.0868e-09	3.03e-12	1.5114e-09	3.1434e-07	-3.1382e-07	-1.9969e-09	1.65e-12	1.4907e-09	3.135e-07	-3.13e-07	-1.8435e-09	1.46e-12	1.4117e-09	3.1408e-07	-3.1362e-07	-1.6483e-09	-2.7e-13	1.2956e-09	3.1394e-07	-3.1364e-07	-1.4518e-09	8.9e-13	1.1802e-09	3.1386e-07	-3.1352e-07	-1.1077e-09	-5.41e-12	9.3094e-10	3.1288e-07	-3.1268e-07	-7.0176e-10	5.134e-11	6.0601e-10	3.1352e-07	-3.1344e-07	-1.903e-10	7.9e-13	1.9021e-10	3.1356e-07	-3.1352e-07
0.85	-2.7581e-09	4.66e-12	1.9262e-09	3.141e-07	-3.133e-07	-2.5983e-09	-2e-13	1.8505e-09	3.1396e-07	-3.1322e-07	-2.5358e-09	3.32e-12	1.879e-09	3.1446e-07	-3.1382e-07	-2.3606e-09	-2.5e-13	1.7845e-09	3.1434e-07	-3.1382e-07	-2.2532e-09	8.67e-12	1.7586e-09	3.1346e-07	-3.1292e-07	-2.0826e-09	-7.82e-12	1.6696e-09	3.1408e-07	-3.1352e-07	-1.8709e-09	-8.12e-12	1.5241e-09	3.139e-07	-3.1366e-07	-1.6442e-09	1.65e-12	1.388e-09	3.1394e-07	-3.1356e-07	-1.2767e-09	-1.78e-12	1.09553e-09	3.1286e-07	-3.1276e-07	-8.1806e-10	3.349e-11	7.1385e-10	3.1356e-07	-3.1358e-07	-2.2185e-10	-1.84e-12	2.2849e-10	3.135e-07	-3.1346e-07
0.845	-3.102e-09	1.7e-13	2.2697e-09	3.142e-07	-3.133e-07	-2.919e-09	-1.95e-12	2.1785e-09	3.1464e-07	-3.1396e-07	-2.8632e-09	-2.3e-13	2.2127e-09	3.1446e-07	-3.1386e-07	-2.6801e-09	8.8e-13	2.104e-09	3.1428e-07	-3.1384e-07	-2.5818e-09	6.3e-13	2.0763e-09	3.1332e-07	-3.1296e-07	-2.3812e-09	-7.5e-13	1.9602e-09	3.1408e-07	-3.1358e-07	-2.1467e-09	-2.51e-12	1.7972e-09	3.1422e-07	-3.1366e-07	-1.894e-09	-6.18e-12	1.6223e-09	3.1386e-07	-3.1356e-07	-1.4768e-09	-6.52e-12	1.2969e-09	3.1294e-07	-3.127e-07	-9.4122e-10	5.05e-12	8.3272e-10	3.135e-07	-3.1348e-07	-2.5667e-10	-1.98e-12	2.6079e-10	3.135e-07	-3.1352e-07
0.84	-3.5033e-09	-7.62e-12	2.6652e-09	3.1414e-07	-3.1322e-07	-3.3066e-09	-7.33e-12	2.555e-09	3.1472e-07	-3.1388e-07	-3.2536e-09	-7.24e-12	2.6207e-09	3.1452e-07	-3.1378e-07	-3.0466e-09	-2.03e-12	2.4811e-09	3.1434e-07	-3.1372e-07	-2.9348e-09	-1.488e-11	2.4476e-09	3.1286e-07	-3.13e-07	-2.7215e-09	-7.8e-12	2.3142e-09	3.1414e-07	-3.1364e-07	-2.4652e-09	1.92e-12	2.1334e-09	3.1396e-07	-3.136e-07	-2.1785e-09	-1.316e-11	1.9108e-09	3.1386e-07	-3.136e-07	-1.7051e-09	-4.94e-12	1.5143e-09	3.1232e-07	-3.1208e-07	-1.09802e-09	-1.391e-11	1.00209e-09	3.1362e-07	-3.1346e-07	-3.1396e-10	-8.9e-12	3.0679e-10	3.1354e-07	-3.1348e-07
0.835	-3.9557e-09	1.24e-12	3.1364e-09	3.141e-07	-3.1328e-07	-3.7523e-09	-6.76e-12	3.0037e-09	3.1464e-07	-3.1392e-07	-3.7221e-09	9.8e-13	3.0767e-09	3.145e-07	-3.139e-07	-3.4976e-09	-2.81e-12	2.9105e-09	3.1432e-07	-3.1378e-07	-3.3325e-09	-2.228e-11	2.8643e-09	3.129e-07	-3.123e-07	-3.121e-09	-1e-14	2.7035e-09	3.1414e-07	-3.1366e-07	-2.8392e-09	1.81e-12	2.4911e-09	3.139e-07	-3.1354e-07	-2.4943e-09	-6.6e-13	2.2434e-09	3.1384e-07	-3.1352e-07	-1.9612e-09	-3.07e-12	1.7861e-09	3.1284e-07	-3.1278e-07	-1.2712e-09	-9.44e-12	1.1856e-09	3.1362e-07	-3.1354e-07	-3.607e-10	-2.04e-12	3.6615e-10	3.135e-07	-3.1346e-07
0.83	-4.5107e-09	-2.7e-13	3.6936e-09	3.1404e-07	-3.1324e-07	-4.2725e-09	-7.31e-12	3.5309e-09	3.147e-07	-3.1388e-07	-4.2523e-09	-1.9e-12	3.5992e-09	3.1454e-07	-3.1388e-07	-3.9912e-09	-2.96e-12	3.4135e-09	3.1438e-07	-3.1376e-07	-3.8711e-09	-3.07e-12	3.3857e-09	3.1354e-07	-3.1214e-07	-3.6239e-09	-2.49e-12	3.186e-09	3.1408e-07	-3.1368e-07	-3.2805e-09	-8.84e-12	2.931e-09	3.1396e-07	-3.1364e-07	-2.8811e-09	-5e-13	2.6404e-09	3.139e-07	-3.136e-07	-2.2779e-09	-1.143e-11	2.0993e-09	3.1292e-07	-3.1266e-07	-1.4842e-09	-5.48e-12	1.3845e-09	3.1358e-07	-3.1346e-07	-4.1414e-10	-5.22e-12	4.3501e-10	3.135e-07	-3.1342e-07
0.825	-5.1483e-09	-2.97e-12	4.3516e-09	3.1406e-07	-3.1322e-07	-4.8964e-09	2.74e-12	4.1488e-09	3.1464e-07	-3.1384e-07	-4.9095e-09	-9.5e-12	4.239e-09	3.1454e-07	-3.1378e-07	-4.5944e-09	-9.9e-12	4.0262e-09	3.1434e-07	-3.1376e-07	-4.468e-09	-1.437e-11	4.0008e-09	3.1352e-07	-3.1288e-07	-4.1739e-09	-1.16e-12	3.7571e-09	3.1414e-07	-3.1374e-07	-3.8135e-09	-4.37e-12	3.4379e-09	3.1398e-07	-3.1358e-07	-3.3538e-09	-1.083e-11	3.0932e-09	3.1388e-07	-3.1352e-07	-2.6384e-09	-9.21e-12	2.4687e-09	3.1296e-07	-3.1272e-07	-1.7439e-09	-6.64e-12	1.6396e-09	3.1358e-07	-3.1352e-07	-5.0013e-10	-6.53e-12	5.3033e-10	3.135e-07	-3.1352e-07
0.82	-5.9466e-09	-7.63e-12	5.0857e-09	3.1418e-07	-3.1324e-07	-5.6497e-09	-5.92e-12	4.8963e-09	3.1464e-07	-3.1394e-07	-5.6607e-09	-5.28e-12	4.9936e-09	3.1462e-07	-3.1382e-07	-5.2979e-09	-3.77e-12	4.7359e-09	3.1426e-07	-3.1378e-07	-5.1789e-09	-3.93e-12	4.7052e-09	3.1352e-07	-3.1296e-07	-4.8493e-09	-9.36e-12	4.4076e-09	3.1414e-07	-3.137e-07	-4.4522e-09	-1.04e-12	4.1044e-09	3.1394e-07	-3.136e-07	-3.9107e-09	-6.41e-12	3.6349e-09	3.141e-07	-3.138e-07	-3.0536e-09	-6.82e-12	2.9158e-09	3.1284e-07	-3.1268e-07	-2.0105e-09	-7.91e-12	1.9341e-09	3.1362e-07	-3.1346e-07	-5.9409e-10	-1.017e-11	6.1438e-10	3.135e-07	-3.1342e-07
0.815	-6.8275e-09	-7.2e-13	5.9894e-09	3.1408e-07	-3.1328e-07	-6.5222e-09	-4e-12	5.7523e-09	3.1458e-07	-3.1374e-07	-6.5141e-09	-8e-13	5.8583e-09	3.1462e-07	-3.1384e-07	-6.1407e-09	-3.46e-12	5.5586e-09	3.1436e-07	-3.1384e-07	-6.0236e-09	6.62e-12	5.458e-09	3.1354e-07	-3.13e-07	-5.6088e-09	-5.65e-12	5.2119e-09	3.1408e-07	-3.1358e-07	-5.176e-09	-6.82e-12	4.8301e-09	3.1402e-07	-3.1364e-07	-4.5233e-09	5.57e-12	4.2819e-09	3.1386e-07	-3.1358e-07	-3.5847e-09	-6.57e-12	3.3894e-09	3.1292e-07	-3.1272e-07	-2.37e-09	-3.3e-12	2.2525e-09	3.1356e-07	-3.1346e-07	-7.1429e-10	-8.96e-12	7.164e-10	3.1348e-07	-3.1348e-07
0.81	-7.9287e-09	-8.76e-12	7.0715e-09	3.1402e-07	-3.1262e-07	-7.5623e-09	-8.2e-13	6.7703e-09	3.1462e-07	-3.141e-07	-7.5819e-09	-9.12e-12	6.8588e-09	3.1452e-07	-3.1392e-07	-7.1787e-09	-8.11e-12	6.5933e-09	3.1436e-07	-3.1384e-07	-6.9918e-09	-5.76e-12	6.4279e-09	3.135e-07	-3.1294e-07	-6.5212e-09	9.45e-12	6.163e-09	3.1402e-07	-3.1362e-07	-6.0175e-09	-1.057e-11	5.6676e-09	3.1398e-07	-3.1362e-07	-5.2419e-09	-9.35e-12	4.9908e-09	3.1384e-07	-3.1358e-07	-4.2154e-09	-1.538e-11	4.0165e-09	3.1282e-07	-3.1266e-07	-2.7781e-09	-1.242e-11	2.6881e-09	3.136e-07	-3.1346e-07	-8.5424e-10	-1.88e-12	8.5228e-10	3.1352e-07	-3.1348e-07
0.805	-9.1414e-09	-1.014e-11	8.3152e-09	3.1348e-07	-3.1318e-07	-8.7617e-09	-8.74e-12	7.9997e-09	3.147e-07	-3.1394e-07	-8.8005e-09	-1.016e-11	8.1585e-09	3.1456e-07	-3.1388e-07	-8.2769e-09	-1.182e-11	7.779e-09	3.1432e-07	-3.138e-07	-8.0727e-09	-2.067e-11	7.6024e-09	3.1352e-07	-3.1298e-07	-7.6029e-09	-2.93e-12	7.1853e-09	3.1404e-07	-3.1364e-07	-6.9597e-09	-5.24e-12	6.6367e-09	3.1396e-07	-3.1366e-07	-6.1057e-09	-7.44e-12	5.8876e-09	3.1384e-07	-3.1354e-07	-4.8746e-09	-6.71e-12	4.7258e-09	3.1292e-07	-3.126e-07	-3.2557e-09	-9.2e-12	3.1701e-09	3.1366e-07	-3.1348e-07	-1.01515e-09	-2.062e-11	1.00002e-09	3.1348e-07	-3.1352e-07
0.8	-1.06191e-08	-6.31e-12	9.8246e-09	3.1412e-07	-3.1324e-07	-1.02144e-08	-2.664e-11	9.5209e-09	3.147e-07	-3.1388e-07	-1.02733e-08	-2.43e-12	9.6013e-09	3.1454e-07	-3.1394e-07	-9.6485e-09	1.05e-12	9.0938e-09	3.1434e-07	-3.1372e-07	-9.4257e-09	-6.58e-12	8.9391e-09	3.1348e-07	-3.1296e-07	-8.923e-09	-3.49e-12	8.4966e-09	3.1404e-07	-3.1364e-07	-8.1531e-09	-6.31e-12	7.8021e-09	3.1424e-07	-3.139e-07	-7.173e-09	-5.54e-12	6.8987e-09	3.1384e-07	-3.1358e-07	-5.7029e-09	-4.87e-12	5.5487e-09	3.1292e-07	-3.1264e-07	-3.9096e-09	-6.68e-12	3.8673e-09	3.136e-07	-3.1344e-07	-1.1645e-09	-7.06e-12	1.188e-09	3.1346e-07	-3.135e-07
0.795	-1.23404e-08	-9.85e-12	1.15034e-08	3.135e-07	-3.1326e-07	-1.2022e-08	8.43e-12	1.13294e-08	3.1464e-07	-3.1388e-07	-1.18602e-08	-6.78e-12	1.12662e-08	3.146e-07	-3.1378e-07	-1.12395e-08	-1.145e-11	1.0681e-08	3.144e-07	-3.1376e-07	-1.10118e-08	-5.87e-12	1.04948e-08	3.1346e-07	-3.1294e-07	-1.04019e-08	-5.33e-12	1.00089e-08	3.141e-07	-3.1366e-07	-9.5507e-09	-1.494e-11	9.1722e-09	3.1402e-07	-3.1358e-07	-8.3644e-09	-5.73e-12	8.0312e-09	3.1368e-07	-3.1364e-07	-6.6905e-09	-1.203e-11	6.4832e-09	3.1228e-07	-3.1206e-07	-4.566e-09	-1.421e-11	4.4502e-09	3.135e-07	-3.1348e-07	-1.3218e-09	-2.079e-11	1.299e-09	3.1348e-07	-3.134e-07
0.79	-1.43492e-08	-1.272e-11	1.3519e-08	3.141e-07	-3.1326e-07	-1.4118e-08	-1.099e-11	1.33854e-08	3.1464e-07	-3.1388e-07	-1.39182e-08	-9.93e-12	1.32244e-08	3.1446e-07	-3.1372e-07	-1.30936e-08	-9.03e-12	1.25408e-08	3.144e-07	-3.1386e-07	-1.26856e-08	-6.53e-12	1.21868e-08	3.1342e-07	-3.1292e-07	-1.21574e-08	-1.43e-12	1.17464e-08	3.1408e-07	-3.1366e-07	-1.11683e-08	-2.172e-11	1.08713e-08	3.139e-07	-3.1354e-07	-9.825e-09	-1.73e-11	9.5308e-09	3.1382e-07	-3.1354e-07	-7.7714e-09	-1.912e-11	7.6252e-09	3.129e-07	-3.127e-07	-5.3138e-09	-1.226e-11	5.18e-09	3.1358e-07	-3.1348e-07	-1.5512e-09	-1.28e-11	1.5102e-09	3.1348e-07	-3.1354e-07
0.785	-1.67422e-08	-7.05e-12	1.59046e-08	3.1412e-07	-3.133e-07	-1.6589e-08	-9.41e-12	1.58198e-08	3.147e-07	-3.1392e-07	-1.62694e-08	-1.193e-11	1.56658e-08	3.1456e-07	-3.1384e-07	-1.5376e-08	-8.83e-12	1.47404e-08	3.144e-07	-3.1378e-07	-1.49416e-08	-5.08e-12	1.43594e-08	3.1342e-07	-3.13e-07	-1.42074e-08	-9.9e-12	1.38438e-08	3.1414e-07	-3.137e-07	-1.31092e-08	-1.05e-11	1.2777e-08	3.1402e-07	-3.1358e-07	-1.14741e-08	-1.415e-11	1.12082e-08	3.1378e-07	-3.1366e-07	-9.2045e-09	-4.88e-12	9.0225e-09	3.1292e-07	-3.1204e-07	-6.1757e-09	-1.567e-11	6.0726e-09	3.1362e-07	-3.1346e-07	-1.7863e-09	-2.185e-11	1.8287e-09	3.1346e-07	-3.135e-07
0.78	-1.95364e-08	-8.27e-12	1.8757e-08	3.141e-07	-3.1324e-07	-1.92756e-08	-1.065e-11	1.8625e-08	3.1464e-07	-3.1388e-07	-1.90206e-08	-1.077e-11	1.83114e-08	3.1442e-07	-3.1376e-07	-1.7968e-08	-9.29e-12	1.72936e-08	3.1434e-07	-3.1374e-07	-1.74506e-08	-1.502e-11	1.70794e-08	3.1348e-07	-3.1294e-07	-1.6619e-08	-1.654e-11	1.61142e-08	3.1408e-07	-3.1364e-07	-1.53614e-08	-2.037e-11	1.5029e-08	3.1396e-07	-3.1364e-07	-1.34608e-08	-1.293e-11	1.3199e-08	3.1388e-07	-3.1354e-07	-1.08321e-08	-1.555e-11	1.05593e-08	3.1284e-07	-3.126e-07	-7.2559e-09	-1.305e-11	7.1852e-09	3.1362e-07	-3.1346e-07	-2.0556e-09	-1.817e-11	2.0865e-09	3.1348e-07	-3.1348e-07
0.775	-2.28592e-08	-1.094e-11	2.20982e-08	3.1406e-07	-3.1314e-07	-2.26638e-08	-1.694e-11	2.19102e-08	3.147e-07	-3.1394e-07	-2.23518e-08	-1.284e-11	2.16502e-08	3.145e-07	-3.1378e-07	-2.09186e-08	-1.281e-11	2.03648e-08	3.1438e-07	-3.1378e-07	-2.03942e-08	-6.87e-12	1.99904e-08	3.1344e-07	-3.1288e-07	-1.9203e-08	-1.922e-11	1.87408e-08	3.1416e-07	-3.1366e-07	-1.8058e-08	-2.392e-11	1.7707e-08	3.1426e-07	-3.139e-07	-1.57678e-08	-1.763e-11	1.5557e-08	3.1384e-07	-3.1364e-07	-1.25906e-08	-1.505e-11	1.25122e-08	3.1286e-07	-3.1266e-07	-8.5725e-09	-1.996e-11	8.4733e-09	3.1362e-07	-3.1352e-07	-2.4178e-09	-1.231e-11	2.4214e-09	3.135e-07	-3.1346e-07
0.77	-2.68374e-08	-9.61e-12	2.59776e-08	3.1406e-07	-3.1318e-07	-2.66128e-08	-1.188e-11	2.58714e-08	3.1478e-07	-3.1392e-07	-2.604e-08	-1.563e-11	2.55024e-08	3.1456e-07	-3.1384e-07	-2.44284e-08	-1.475e-11	2.3861e-08	3.1432e-07	-3.1376e-07	-2.3993e-08	-1.446e-11	2.34786e-08	3.1338e-07	-3.1288e-07	-2.24534e-08	-9.13e-12	2.20622e-08	3.1412e-07	-3.1364e-07	-2.10926e-08	-1.192e-11	2.08146e-08	3.1396e-07	-3.136e-07	-1.85226e-08	-1.142e-11	1.82914e-08	3.1384e-07	-3.1352e-07	-1.48628e-08	-1.168e-11	1.46436e-08	3.1292e-07	-3.1268e-07	-1.02621e-08	-1.695e-11	1.01595e-08	3.1364e-07	-3.1348e-07	-2.8144e-09	-2.344e-11	2.8923e-09	3.1346e-07	-3.1348e-07
0.765	-3.137e-08	-1.146e-11	3.06844e-08	3.141e-07	-3.1318e-07	-3.1173e-08	-1.348e-11	3.05324e-08	3.1468e-07	-3.1392e-07	-3.0722e-08	-1.152e-11	3.00382e-08	3.1446e-07	-3.1378e-07	-2.87578e-08	-1.299e-11	2.8061e-08	3.1438e-07	-3.138e-07	-2.81478e-08	-8.74e-12	2.75106e-08	3.1342e-07	-3.1282e-07	-2.6487e-08	-2.238e-11	2.61022e-08	3.1414e-07	-3.1368e-07	-2.48734e-08	-2.278e-11	2.45282e-08	3.1398e-07	-3.136e-07	-2.1844e-08	-3.18e-11	2.1587e-08	3.1392e-07	-3.136e-07	-1.74328e-08	-2.712e-11	1.74032e-08	3.1298e-07	-3.1268e-07	-1.18574e-08	-2.342e-11	1.17648e-08	3.1356e-07	-3.135e-07	-3.4145e-09	-2.629e-11	3.3123e-09	3.1342e-07	-3.1342e-07
0.76	-3.7076e-08	-2.075e-11	3.61048e-08	3.1408e-07	-3.1328e-07	-3.66562e-08	-4.904e-11	3.58622e-08	3.148e-07	-3.139e-07	-3.59314e-08	-2.093e-11	3.53242e-08	3.1448e-07	-3.1376e-07	-3.35072e-08	-1.632e-11	3.3116e-08	3.1436e-07	-3.1376e-07	-3.27508e-08	-3.031e-11	3.24484e-08	3.1314e-07	-3.1232e-07	-3.1213e-08	-1.375e-11	3.08038e-08	3.1408e-07	-3.1394e-07	-2.91654e-08	-2.187e-11	2.90216e-08	3.1392e-07	-3.136e-07	-2.55682e-08	-1.003e-11	2.53378e-08	3.1378e-07	-3.136e-07	-2.06436e-08	-1.697e-11	2.02494e-08	3.123e-07	-3.1202e-07	-1.38608e-08	-2.38e-11	1.37644e-08	3.1358e-07	-3.1348e-07	-3.9273e-09	-2.001e-11	3.8711e-09	3.1346e-07	-3.1344e-07
0.755	-4.33968e-08	-1.117e-11	4.26514e-08	3.1414e-07	-3.132e-07	-4.30636e-08	-1.1461e-10	4.23416e-08	3.147e-07	-3.1388e-07	-4.23348e-08	-1.449e-11	4.15918e-08	3.1446e-07	-3.1378e-07	-3.94116e-08	-1.581e-11	3.86668e-08	3.1438e-07	-3.137e-07	-3.86032e-08	-4e-13	3.82522e-08	3.1276e-07	-3.1222e-07	-3.70192e-08	-2.2e-11	3.66816e-08	3.1406e-07	-3.1364e-07	-3.43196e-08	-1.628e-11	3.40318e-08	3.1404e-07	-3.1358e-07	-3.01468e-08	-3.221e-11	2.9895e-08	3.1388e-07	-3.1362e-07	-2.41464e-08	-2.401e-11	2.3953e-08	3.122e-07	-3.1202e-07	-1.6318e-08	-2.607e-11	1.64094e-08	3.136e-07	-3.1346e-07	-4.5763e-09	-2.769e-11	4.5855e-09	3.1348e-07	-3.1342e-07
0.75	-5.0837e-08	-2.035e-11	4.9985e-08	3.1402e-07	-3.1322e-07	-5.0387e-08	-1.252e-10	4.98116e-08	3.1458e-07	-3.1396e-07	-4.94284e-08	-1.775e-11	4.90816e-08	3.1448e-07	-3.1388e-07	-4.58342e-08	-1.576e-11	4.56564e-08	3.1442e-07	-3.1376e-07	-4.5571e-08	-3.682e-11	4.50114e-08	3.1342e-07	-3.1296e-07	-4.38056e-08	-1.764e-11	4.32492e-08	3.1412e-07	-3.137e-07	-4.04898e-08	-1.375e-11	4.00402e-08	3.1396e-07	-3.1354e-07	-3.52416e-08	-2.139e-11	3.5275e-08	3.1384e-07	-3.1358e-07	-2.84662e-08	-2.864e-11	2.81612e-08	3.1278e-07	-3.1272e-07	-1.94358e-08	-2.847e-11	1.926e-08	3.1362e-07	-3.135e-07	-5.4324e-09	-3.576e-11	5.4133e-09	3.1352e-07	-3.134e-07
0.745	-5.99668e-08	-2.253e-11	5.88978e-08	3.1406e-07	-3.1328e-07	-5.92826e-08	-7.565e-11	5.86738e-08	3.1462e-07	-3.1394e-07	-5.84276e-08	-2.148e-11	5.76598e-08	3.145e-07	-3.1384e-07	-5.4053e-08	-2.728e-11	5.3524e-08	3.1434e-07	-3.1376e-07	-5.35016e-08	-9.61e-12	5.30488e-08	3.134e-07	-3.1288e-07	-5.17932e-08	-2.473e-11	5.12936e-08	3.1414e-07	-3.136e-07	-4.75212e-08	-2.531e-11	4.70454e-08	3.14e-07	-3.1358e-07	-4.17578e-08	-2.422e-11	4.1233e-08	3.139e-07	-3.1352e-07	-3.33114e-08	-2.674e-11	3.34288e-08	3.128e-07	-3.126e-07	-2.26254e-08	-3.064e-11	2.2652e-08	3.1366e-07	-3.1354e-07	-6.3477e-09	-2.599e-11	6.4109e-09	3.1344e-07	-3.1338e-07
0.74	-7.01482e-08	-2.011e-11	6.9281e-08	3.1416e-07	-3.1334e-07	-6.9454e-08	-1.973e-11	6.89222e-08	3.1464e-07	-3.139e-07	-6.84528e-08	-2.108e-11	6.77184e-08	3.1448e-07	-3.1372e-07	-6.34382e-08	-1.581e-11	6.25898e-08	3.1434e-07	-3.1378e-07	-6.28506e-08	-3.768e-11	6.26358e-08	3.1296e-07	-3.1294e-07	-6.06224e-08	-2.504e-11	6.02538e-08	3.1414e-07	-3.1364e-07	-5.54772e-08	-2.008e-11	5.53424e-08	3.1398e-07	-3.136e-07	-4.90136e-08	-3.103e-11	4.88782e-08	3.1384e-07	-3.1352e-07	-3.93988e-08	-3.126e-11	3.91648e-08	3.1286e-07	-3.1264e-07	-2.65626e-08	-3.477e-11	2.6377e-08	3.1368e-07	-3.1352e-07	-7.5389e-09	-2.642e-11	7.5785e-09	3.1338e-07	-3.1338e-07
0.735	-8.30012e-08	-2.76e-11	8.15156e-08	3.1404e-07	-3.1328e-07	-8.20102e-08	3.624e-11	8.11212e-08	3.1464e-07	-3.1384e-07	-8.04136e-08	-2.168e-11	8.01318e-08	3.1446e-07	-3.1384e-07	-7.43422e-08	-3.584e-11	7.37656e-08	3.1438e-07	-3.1376e-07	-7.4133e-08	-2.077e-11	7.33974e-08	3.1352e-07	-3.1298e-07	-7.14884e-08	-2.068e-11	7.1054e-08	3.1408e-07	-3.1362e-07	-6.55944e-08	-3.447e-11	6.50788e-08	3.1396e-07	-3.136e-07	-5.79142e-08	-3.057e-11	5.79174e-08	3.1378e-07	-3.1354e-07	-4.6409e-08	-3.792e-11	4.63816e-08	3.1224e-07	-3.1208e-07	-3.1171e-08	-3.098e-11	3.1165e-08	3.1354e-07	-3.135e-07	-8.8898e-09	-4.575e-11	8.9635e-09	3.1342e-07	-3.1342e-07
0.73	-9.70302e-08	-2.861e-11	9.65272e-08	3.1408e-07	-3.1316e-07	-9.61936e-08	1.952e-11	9.55274e-08	3.1468e-07	-3.139e-07	-9.42826e-08	-3.032e-11	9.39674e-08	3.145e-07	-3.1376e-07	-8.70882e-08	-2.543e-11	8.70428e-08	3.1438e-07	-3.1374e-07	-8.66988e-08	-2.621e-11	8.61292e-08	3.1348e-07	-3.1298e-07	-8.42176e-08	-3.336e-11	8.38236e-08	3.1438e-07	-3.1366e-07	-7.7117e-08	-2.649e-11	7.69744e-08	3.139e-07	-3.1358e-07	-6.81814e-08	-3.461e-11	6.73426e-08	3.1386e-07	-3.1356e-07	-5.45352e-08	-3.432e-11	5.4524e-08	3.1284e-07	-3.1266e-07	-3.6511e-08	-3.924e-11	3.65424e-08	3.136e-07	-3.1358e-07	-1.05745e-08	-3.644e-11	1.04319e-08	3.134e-07	-3.1344e-07
0.725	-1.142624e-07	-2.673e-11	1.133326e-07	3.1412e-07	-3.1322e-07	-1.127824e-07	-3.495e-11	1.122888e-07	3.1464e-07	-3.1384e-07	-1.113912e-07	-2.44e-11	1.106458e-07	3.1446e-07	-3.1378e-07	-1.020662e-07	-3.156e-11	1.016572e-07	3.1432e-07	-3.1378e-07	-1.021204e-07	-3.631e-11	1.015346e-07	3.1344e-07	-3.1284e-07	-9.96656e-08	-2.229e-11	9.89636e-08	3.1434e-07	-3.1362e-07	-9.04272e-08	-3.3e-11	9.03376e-08	3.1394e-07	-3.1352e-07	-8.00876e-08	-4.266e-11	7.96606e-08	3.1382e-07	-3.1344e-07	-6.44428e-08	-4.221e-11	6.39986e-08	3.1284e-07	-3.1266e-07	-4.3003e-08	-3.995e-11	4.28716e-08	3.136e-07	-3.135e-07	-1.23028e-08	-4.558e-11	1.24246e-08	3.1356e-07	-3.1342e-07
0.72	-1.347e-07	-3.539e-11	1.3358e-07	3.1406e-07	-3.1324e-07	-1.3248e-07	-5.27e-11	1.3186e-07	3.147e-07	-3.139e-07	-1.3114e-07	-3.204e-11	1.3094e-07	3.145e-07	-3.1378e-07	-1.204e-07	-3.616e-11	1.1934e-07	3.1438e-07	-3.1378e-07	-1.1956e-07	-3.746e-11	1.1968e-07	3.128e-07	-3.13e-07	-1.1712e-07	-1.019e-11	1.16e-07	3.1416e-07	-3.1366e-07	-1.063054e-07	-3.905e-11	1.058576e-07	3.1396e-07	-3.1362e-07	-9.40422e-08	-4.275e-11	9.41472e-08	3.1386e-07	-3.1356e-07	-7.54218e-08	-4.613e-11	7.53642e-08	3.129e-07	-3.1268e-07	-5.05108e-08	-5.35e-11	5.06404e-08	3.1364e-07	-3.1348e-07	-1.44246e-08	-4.636e-11	1.46154e-08	3.1348e-07	-3.134e-07
0.715	-1.5904e-07	-3.223e-11	1.5834e-07	3.1406e-07	-3.1318e-07	-1.5594e-07	-4.34e-11	1.5562e-07	3.1472e-07	-3.1386e-07	-1.541e-07	-3.684e-11	1.5206e-07	3.1444e-07	-3.1386e-07	-1.4168e-07	-3.568e-11	1.4004e-07	3.1428e-07	-3.137e-07	-1.426e-07	-4.331e-11	1.4076e-07	3.1342e-07	-3.1298e-07	-1.3658e-07	-3.124e-11	1.3652e-07	3.141e-07	-3.1362e-07	-1.2444e-07	-3.751e-11	1.2494e-07	3.14e-07	-3.1356e-07	-1.11189e-07	-3.952e-11	1.109142e-07	3.1382e-07	-3.1358e-07	-8.90548e-08	-4.196e-11	8.8537e-08	3.129e-07	-3.1266e-07	-5.94306e-08	-4.48e-11	5.92362e-08	3.1384e-07	-3.1376e-07	-1.67214e-08	-5.124e-11	1.70682e-08	3.1354e-07	-3.1348e-07
0.71	-1.8546e-07	-3.606e-11	1.8608e-07	3.1406e-07	-3.1324e-07	-1.8474e-07	-3.804e-11	1.827e-07	3.1498e-07	-3.1416e-07	-1.8198e-07	-3.566e-11	1.8124e-07	3.1452e-07	-3.1376e-07	-1.6744e-07	-3.375e-11	1.6676e-07	3.1434e-07	-3.1376e-07	-1.668e-07	-3.447e-11	1.662e-07	3.1348e-07	-3.1302e-07	-1.6102e-07	-3.541e-11	1.6046e-07	3.1408e-07	-3.1364e-07	-1.4642e-07	-4.346e-11	1.4632e-07	3.1398e-07	-3.1358e-07	-1.3004e-07	-5.435e-11	1.3046e-07	3.1382e-07	-3.1352e-07	-1.044998e-07	-5.272e-11	1.039962e-07	3.126e-07	-3.1216e-07	-6.98048e-08	-4.445e-11	7.0647e-08	3.1354e-07	-3.1346e-07	-1.97188e-08	-5.825e-11	2.03242e-08	3.1348e-07	-3.1346e-07
0.705	-2.1912e-07	-3.851e-11	2.184e-07	3.141e-07	-3.133e-07	-2.1746e-07	-3.98e-11	2.1622e-07	3.1496e-07	-3.1416e-07	-2.1364e-07	-3.592e-11	2.1128e-07	3.1442e-07	-3.1382e-07	-1.9584e-07	-4.041e-11	1.9748e-07	3.1434e-07	-3.1372e-07	-1.9648e-07	-3.578e-11	1.9588e-07	3.1338e-07	-3.1296e-07	-1.89e-07	-3.423e-11	1.8954e-07	3.1404e-07	-3.1366e-07	-1.7358e-07	-3.827e-11	1.718e-07	3.1398e-07	-3.1354e-07	-1.5584e-07	-4.982e-11	1.5318e-07	3.1384e-07	-3.1352e-07	-1.2422e-07	-5.399e-11	1.2278e-07	3.1238e-07	-3.1206e-07	-8.31846e-08	-5.22e-11	8.2499e-08	3.136e-07	-3.1348e-07	-2.31364e-08	-5.891e-11	2.35484e-08	3.1346e-07	-3.1348e-07
0.7	-2.5596e-07	-3.794e-11	2.5432e-07	3.1346e-07	-3.1262e-07	-2.534e-07	-4.441e-11	2.5292e-07	3.1474e-07	-3.1386e-07	-2.5228e-07	-4.654e-11	2.5102e-07	3.1444e-07	-3.1386e-07	-2.328e-07	-4.683e-11	2.3096e-07	3.1438e-07	-3.1372e-07	-2.3112e-07	-3.884e-11	2.3014e-07	3.1348e-07	-3.1294e-07	-2.2304e-07	-3.204e-11	2.2296e-07	3.141e-07	-3.1364e-07	-2.0154e-07	-5.08e-11	2.0272e-07	3.1388e-07	-3.135e-07	-1.8172e-07	-4.979e-11	1.8096e-07	3.1376e-07	-3.1348e-07	-1.4536e-07	-5.665e-11	1.4536e-07	3.129e-07	-3.1276e-07	-9.7361e-08	-5.827e-11	9.81216e-08	3.1366e-07	-3.1346e-07	-2.67002e-08	-6.86e-11	2.7529e-08	3.134e-07	-3.135e-07
0.695	-3.0332e-07	-4.716e-11	3.053e-07	3.141e-07	-3.1332e-07	-2.9982e-07	-4.707e-11	3.0124e-07	3.1464e-07	-3.1392e-07	-2.9472e-07	-4.811e-11	2.9542e-07	3.1452e-07	-3.1386e-07	-2.7446e-07	-5.195e-11	2.737e-07	3.1432e-07	-3.1378e-07	-2.7234e-07	-5.169e-11	2.7126e-07	3.135e-07	-3.1288e-07	-2.6376e-07	-6.238e-11	2.6434e-07	3.1408e-07	-3.1368e-07	-2.4006e-07	-5.056e-11	2.4046e-07	3.1396e-07	-3.1362e-07	-2.1634e-07	-4.788e-11	2.143e-07	3.1372e-07	-3.1352e-07	-1.716e-07	-5.667e-11	1.7154e-07	3.1292e-07	-3.127e-07	-1.1486e-07	-6.046e-11	1.162e-07	3.1348e-07	-3.1338e-07	-3.20202e-08	-6.148e-11	3.16268e-08	3.1344e-07	-3.1346e-07
0.69	-3.5806e-07	-4.916e-11	3.5612e-07	3.1404e-07	-3.1328e-07	-3.5338e-07	-4.758e-11	3.5278e-07	3.1466e-07	-3.1396e-07	-3.4612e-07	-5.503e-11	3.4344e-07	3.1454e-07	-3.1384e-07	-3.2402e-07	-5.159e-11	3.2456e-07	3.1438e-07	-3.1404e-07	-3.206e-07	-5.045e-11	3.1984e-07	3.1284e-07	-3.1234e-07	-3.147e-07	-7.298e-11	3.1308e-07	3.1414e-07	-3.1372e-07	-2.831e-07	-5.269e-11	2.801e-07	3.1394e-07	-3.135e-07	-2.5312e-07	-5.501e-11	2.5272e-07	3.1382e-07	-3.1354e-07	-2.0132e-07	-6.408e-11	1.9872e-07	3.1288e-07	-3.1206e-07	-1.321e-07	-6.466e-11	1.334e-07	3.136e-07	-3.1362e-07	-3.70816e-08	-8.172e-11	3.61606e-08	3.135e-07	-3.1346e-07
0.685	-4.1938e-07	-4.866e-11	4.211e-07	3.1414e-07	-3.1336e-07	-4.1724e-07	-4.695e-11	4.1496e-07	3.147e-07	-3.1378e-07	-4.0988e-07	-5.359e-11	4.091e-07	3.145e-07	-3.139e-07	-3.8204e-07	-4.995e-11	3.8354e-07	3.144e-07	-3.1382e-07	-3.7926e-07	-6.145e-11	3.7736e-07	3.1348e-07	-3.13e-07	-3.7292e-07	-1.1233e-10	3.7188e-07	3.1404e-07	-3.1364e-07	-3.3478e-07	-6.238e-11	3.3448e-07	3.1394e-07	-3.1348e-07	-2.9754e-07	-6.947e-11	2.9634e-07	3.1384e-07	-3.1354e-07	-2.3604e-07	-6.852e-11	2.3506e-07	3.1282e-07	-3.127e-07	-1.5984e-07	-7.4e-11	1.6186e-07	3.1358e-07	-3.1348e-07	-4.44168e-08	-6.137e-11	4.39984e-08	3.1344e-07	-3.1346e-07
0.68	-4.9608e-07	-5.863e-11	4.9358e-07	3.1404e-07	-3.1324e-07	-4.893e-07	-5.455e-11	4.875e-07	3.1464e-07	-3.1394e-07	-4.7806e-07	-6.028e-11	4.8154e-07	3.1452e-07	-3.1386e-07	-4.4822e-07	-6.343e-11	4.4592e-07	3.143e-07	-3.138e-07	-4.443e-07	-6.104e-11	4.4524e-07	3.135e-07	-3.13e-07	-4.3706e-07	-8.635e-11	4.4072e-07	3.141e-07	-3.1366e-07	-3.9294e-07	-6.236e-11	3.92e-07	3.1392e-07	-3.1348e-07	-3.4888e-07	-7.135e-11	3.494e-07	3.1382e-07	-3.1356e-07	-2.8038e-07	-7.21e-11	2.7732e-07	3.1292e-07	-3.127e-07	-1.8764e-07	-7.694e-11	1.8522e-07	3.1366e-07	-3.1354e-07	-5.1309e-08	-9.182e-11	5.22492e-08	3.1348e-07	-3.1344e-07
0.675	-5.8408e-07	-5.836e-11	5.8486e-07	3.1416e-07	-3.1324e-07	-5.7428e-07	-5.887e-11	5.7486e-07	3.1474e-07	-3.1386e-07	-5.6862e-07	-6.105e-11	5.6578e-07	3.145e-07	-3.1382e-07	-5.2454e-07	-6.652e-11	5.269e-07	3.136e-07	-3.1232e-07	-5.2502e-07	-6.627e-11	5.2194e-07	3.1282e-07	-3.1298e-07	-5.155e-07	-6.349e-11	5.1788e-07	3.1414e-07	-3.136e-07	-4.625e-07	-6.856e-11	4.6402e-07	3.1394e-07	-3.1362e-07	-4.156e-07	-6.769e-11	4.0958e-07	3.139e-07	-3.136e-07	-3.3002e-07	-7.547e-11	3.2652e-07	3.1288e-07	-3.1274e-07	-2.1826e-07	-8.489e-11	2.1718e-07	3.1366e-07	-3.1346e-07	-6.20114e-08	-7.897e-11	6.07766e-08	3.1342e-07	-3.1344e-07
0.67	-6.8476e-07	-6.781e-11	6.81e-07	3.1404e-07	-3.1324e-07	-6.7512e-07	-6.27e-11	6.7358e-07	3.1462e-07	-3.1394e-07	-6.6898e-07	-6.416e-11	6.6174e-07	3.1452e-07	-3.1382e-07	-6.1872e-07	-7.31e-11	6.2054e-07	3.136e-07	-3.1288e-07	-6.1462e-07	-7.791e-11	6.167e-07	3.1342e-07	-3.1294e-07	-6.0908e-07	-8.393e-11	6.0638e-07	3.1404e-07	-3.137e-07	-5.3818e-07	-7.674e-11	5.4462e-07	3.1396e-07	-3.1356e-07	-4.847e-07	-7.493e-11	4.8272e-07	3.1382e-07	-3.1352e-07	-3.8672e-07	-8.779e-11	3.8102e-07	3.1292e-07	-3.1274e-07	-2.6084e-07	-8.628e-11	2.5884e-07	3.1368e-07	-3.135e-07	-7.20862e-08	-9.986e-11	7.20454e-08	3.135e-07	-3.1342e-07
0.665	-7.9996e-07	-6.688e-11	8.0638e-07	3.14e-07	-3.1316e-07	-8.0004e-07	-6.391e-11	7.9324e-07	3.1464e-07	-3.1394e-07	-7.8668e-07	-7.448e-11	7.7898e-07	3.1444e-07	-3.1372e-07	-7.2584e-07	-7.42e-11	7.2516e-07	3.136e-07	-3.1264e-07	-7.2418e-07	-7.013e-11	7.2508e-07	3.1344e-07	-3.1288e-07	-7.0908e-07	-8.197e-11	7.0836e-07	3.1416e-07	-3.1366e-07	-6.4216e-07	-8.311e-11	6.396e-07	3.1398e-07	-3.1354e-07	-5.7226e-07	-8.195e-11	5.7144e-07	3.1388e-07	-3.1358e-07	-4.5292e-07	-8.462e-11	4.5458e-07	3.1292e-07	-3.127e-07	-3.0522e-07	-9.47e-11	3.0064e-07	3.1354e-07	-3.1352e-07	-8.4574e-08	-9.278e-11	8.70542e-08	3.1348e-07	-3.135e-07
0.66	-9.4592e-07	-7.29e-11	9.525e-07	3.1408e-07	-3.1328e-07	-9.4126e-07	-7.257e-11	9.2674e-07	3.1464e-07	-3.1392e-07	-9.1878e-07	-7.224e-11	9.231e-07	3.1448e-07	-3.139e-07	-8.5514e-07	-7.057e-11	8.5842e-07	3.1358e-07	-3.1232e-07	-8.4672e-07	-7.076e-11	8.523e-07	3.1278e-07	-3.1226e-07	-8.3724e-07	-7.897e-11	8.4494e-07	3.1404e-07	-3.1366e-07	-7.4664e-07	-8.797e-11	7.5342e-07	3.1398e-07	-3.1358e-07	-6.6966e-07	-8.846e-11	6.6386e-07	3.139e-07	-3.1358e-07	-5.3304e-07	-9.203e-11	5.32e-07	3.129e-07	-3.1272e-07	-3.58e-07	-1.0019e-10	3.5334e-07	3.137e-07	-3.1342e-07	-1.007186e-07	-1.1389e-10	1.002696e-07	3.1352e-07	-3.1344e-07
0.655	-1.1211e-06	-8.54e-11	1.11958e-06	3.1408e-07	-3.1322e-07	-1.101e-06	-7.878e-11	1.10608e-06	3.1468e-07	-3.1396e-07	-1.09076e-06	-8.681e-11	1.07982e-06	3.145e-07	-3.1382e-07	-1.0144e-06	-7.48e-11	1.00868e-06	3.136e-07	-3.13e-07	-9.9898e-07	-7.371e-11	1.00434e-06	3.1348e-07	-3.1282e-07	-9.847e-07	-8.298e-11	9.872e-07	3.141e-07	-3.1364e-07	-8.8932e-07	-9.167e-11	8.7988e-07	3.139e-07	-3.1358e-07	-7.8292e-07	-9.777e-11	7.8436e-07	3.1382e-07	-3.1358e-07	-6.2816e-07	-1.0157e-10	6.2692e-07	3.1282e-07	-3.1262e-07	-4.2168e-07	-1.0152e-10	4.1532e-07	3.1362e-07	-3.1352e-07	-1.1788e-07	-1.1177e-10	1.1426e-07	3.1372e-07	-3.1346e-07
0.65	-1.3088e-06	-8.571e-11	1.3122e-06	3.1412e-07	-3.1324e-07	-1.303e-06	-8.704e-11	1.296e-06	3.1466e-07	-3.1396e-07	-1.2787e-06	-8.83e-11	1.28e-06	3.1452e-07	-3.1384e-07	-1.193e-06	-8.636e-11	1.1921e-06	3.1362e-07	-3.1304e-07	-1.1744e-06	-8.453e-11	1.1751e-06	3.1348e-07	-3.1288e-07	-1.1503e-06	-9.274e-11	1.156e-06	3.1408e-07	-3.1364e-07	-1.04154e-06	-9.681e-11	1.04042e-06	3.1396e-07	-3.136e-07	-9.216e-07	-1.0195e-10	9.2518e-07	3.138e-07	-3.1348e-07	-7.313e-07	-1.0052e-10	7.3476e-07	3.1294e-07	-3.12e-07	-4.8758e-07	-1.1317e-10	4.9168e-07	3.1362e-07	-3.1352e-07	-1.35e-07	-1.219e-10	1.3724e-07	3.1354e-07	-3.1342e-07
0.645	-1.5515e-06	-8.97e-11	1.5471e-06	3.1342e-07	-3.125e-07	-1.5241e-06	-9.332e-11	1.5168e-06	3.1468e-07	-3.1386e-07	-1.4919e-06	-9.684e-11	1.5024e-06	3.1452e-07	-3.1374e-07	-1.4067e-06	-9.203e-11	1.3982e-06	3.1358e-07	-3.13e-07	-1.3858e-06	-1.0518e-10	1.3754e-06	3.135e-07	-3.129e-07	-1.3663e-06	-4.08e-11	1.3612e-06	3.1422e-07	-3.139e-07	-1.2223e-06	-1.0185e-10	1.2143e-06	3.1396e-07	-3.1352e-07	-1.08396e-06	-1.0421e-10	1.07958e-06	3.1378e-07	-3.1342e-07	-8.6588e-07	-1.1231e-10	8.6116e-07	3.1292e-07	-3.1268e-07	-5.75e-07	-1.2119e-10	5.736e-07	3.1362e-07	-3.1344e-07	-1.601e-07	-1.2245e-10	1.6162e-07	3.1342e-07	-3.1346e-07
0.64	-1.8249e-06	-1.0018e-10	1.8224e-06	3.1408e-07	-3.1312e-07	-1.7778e-06	-9.765e-11	1.7903e-06	3.147e-07	-3.139e-07	-1.7548e-06	-9.851e-11	1.7528e-06	3.1448e-07	-3.1384e-07	-1.6349e-06	-1.0367e-10	1.6494e-06	3.1296e-07	-3.1234e-07	-1.6318e-06	-7.55e-11	1.6341e-06	3.1342e-07	-3.1304e-07	-1.5991e-06	2.273e-11	1.6039e-06	3.1402e-07	-3.136e-07	-1.436e-06	-1.092e-10	1.4426e-06	3.1392e-07	-3.1358e-07	-1.2725e-06	-1.1491e-10	1.2743e-06	3.1378e-07	-3.1352e-07	-1.02086e-06	-1.185e-10	1.02446e-06	3.1284e-07	-3.1268e-07	-6.8688e-07	-1.3801e-10	6.7822e-07	3.1356e-07	-3.1342e-07	-1.8932e-07	-1.3393e-10	1.9204e-07	3.1346e-07	-3.1348e-07
0.635	-2.1263e-06	-1.0496e-10	2.1209e-06	3.1416e-07	-3.1324e-07	-2.1028e-06	-1.0498e-10	2.1094e-06	3.1462e-07	-3.1384e-07	-2.0676e-06	-1.0498e-10	2.059e-06	3.1452e-07	-3.1386e-07	-1.9311e-06	-1.1384e-10	1.9188e-06	3.1362e-07	-3.131e-07	-1.9117e-06	-7.009e-11	1.9227e-06	3.1342e-07	-3.129e-07	-1.8625e-06	-1.4829e-10	1.8698e-06	3.1404e-07	-3.1366e-07	-1.6804e-06	-1.1699e-10	1.6853e-06	3.1392e-07	-3.1358e-07	-1.494e-06	-1.2144e-10	1.4941e-06	3.138e-07	-3.135e-07	-1.1998e-06	-1.2701e-10	1.1999e-06	3.129e-07	-3.1268e-07	-8.0084e-07	-1.5359e-10	7.934e-07	3.1362e-07	-3.134e-07	-2.2008e-07	-1.393e-10	2.2496e-07	3.137e-07	-3.137e-07
0.63	-2.4951e-06	-1.0623e-10	2.4908e-06	3.1342e-07	-3.1252e-07	-2.4768e-06	-1.1758e-10	2.4677e-06	3.1464e-07	-3.1388e-07	-2.4284e-06	-1.0846e-10	2.4317e-06	3.1476e-07	-3.14e-07	-2.2851e-06	-1.1543e-10	2.2844e-06	3.1372e-07	-3.13e-07	-2.2444e-06	-1.1664e-10	2.2591e-06	3.135e-07	-3.1294e-07	-2.1937e-06	-1.6884e-10	2.2027e-06	3.1398e-07	-3.136e-07	-1.9809e-06	-1.2724e-10	1.9897e-06	3.1392e-07	-3.1352e-07	-1.7577e-06	-1.2823e-10	1.7525e-06	3.1378e-07	-3.1358e-07	-1.4113e-06	-1.3705e-10	1.4064e-06	3.129e-07	-3.127e-07	-9.2536e-07	-1.5488e-10	9.3578e-07	3.1366e-07	-3.1348e-07	-2.7088e-07	-1.4644e-10	2.6714e-07	3.1348e-07	-3.134e-07
0.625	-2.9439e-06	-1.2178e-10	2.9226e-06	3.134e-07	-3.1314e-07	-2.905e-06	-1.2337e-10	2.9081e-06	3.1468e-07	-3.139e-07	-2.8442e-06	-1.2034e-10	2.8536e-06	3.1454e-07	-3.138e-07	-2.6844e-06	-1.1449e-10	2.6794e-06	3.1358e-07	-3.13e-07	-2.6357e-06	-1.1702e-10	2.6317e-06	3.1348e-07	-3.1298e-07	-2.5725e-06	-1.3259e-10	2.5778e-06	3.1404e-07	-3.1366e-07	-2.3232e-06	-1.424e-10	2.3341e-06	3.1394e-07	-3.136e-07	-2.0598e-06	-1.4083e-10	2.0442e-06	3.138e-07	-3.1348e-07	-1.6566e-06	-1.4446e-10	1.6447e-06	3.1286e-07	-3.127e-07	-1.0795e-06	-1.543e-10	1.09344e-06	3.1362e-07	-3.1352e-07	-3.0336e-07	-1.5451e-10	3.129e-07	3.1346e-07	-3.1346e-07
0.62	-3.4785e-06	-1.3069e-10	3.4523e-06	3.1404e-07	-3.132e-07	-3.4154e-06	-1.249e-10	3.4079e-06	3.1464e-07	-3.139e-07	-3.3372e-06	-1.3148e-10	3.3499e-06	3.1446e-07	-3.137e-07	-3.1425e-06	-1.2801e-10	3.1461e-06	3.1354e-07	-3.13e-07	-3.1097e-06	-1.4293e-10	3.1076e-06	3.1344e-07	-3.1292e-07	-3.0136e-06	-1.436e-10	3.0054e-06	3.14e-07	-3.1366e-07	-2.7484e-06	-1.4587e-10	2.7459e-06	3.1398e-07	-3.1352e-07	-2.4056e-06	-1.468e-10	2.4075e-06	3.1378e-07	-3.1354e-07	-1.9354e-06	-1.4963e-10	1.915e-06	3.1326e-07	-3.1306e-07	-1.2863e-06	-1.6876e-10	1.2868e-06	3.1352e-07	-3.1342e-07	-3.617e-07	-1.6173e-10	3.7412e-07	3.1344e-07	-3.1346e-07
0.615	-4.0729e-06	-1.3969e-10	4.052e-06	3.1408e-07	-3.1322e-07	-4.0025e-06	-1.3665e-10	3.9992e-06	3.1462e-07	-3.1388e-07	-3.9236e-06	-1.4186e-10	3.9326e-06	3.1446e-07	-3.137e-07	-3.691e-06	-1.4497e-10	3.6971e-06	3.1354e-07	-3.1298e-07	-3.6436e-06	-1.4297e-10	3.6376e-06	3.1342e-07	-3.1294e-07	-3.5442e-06	-1.7818e-10	3.5297e-06	3.1428e-07	-3.1386e-07	-3.2115e-06	-1.4822e-10	3.223e-06	3.1398e-07	-3.1358e-07	-2.8288e-06	-1.5827e-10	2.8345e-06	3.1388e-07	-3.1358e-07	-2.2631e-06	-1.5418e-10	2.2691e-06	3.1286e-07	-3.1268e-07	-1.4943e-06	-1.6738e-10	1.4883e-06	3.1356e-07	-3.1354e-07	-4.179e-07	-1.7291e-10	4.201e-07	3.1348e-07	-3.1348e-07
0.61	-4.7404e-06	-1.38e-10	4.7465e-06	3.1344e-07	-3.1248e-07	-4.6801e-06	-1.4446e-10	4.7066e-06	3.1468e-07	-3.1386e-07	-4.5995e-06	-1.4746e-10	4.6013e-06	3.1454e-07	-3.1378e-07	-4.3415e-06	-1.484e-10	4.3267e-06	3.1356e-07	-3.1234e-07	-4.2687e-06	-1.5023e-10	4.2972e-06	3.1344e-07	-3.1292e-07	-4.1256e-06	-1.7133e-10	4.1494e-06	3.14e-07	-3.1368e-07	-3.7621e-06	-1.5776e-10	3.7539e-06	3.1396e-07	-3.1354e-07	-3.3192e-06	-1.6883e-10	3.3231e-06	3.1382e-07	-3.1352e-07	-2.6317e-06	-1.6742e-10	2.6252e-06	3.1292e-07	-3.1266e-07	-1.7474e-06	-1.7367e-10	1.7447e-06	3.1354e-07	-3.1346e-07	-4.849e-07	-1.8901e-10	4.8294e-07	3.1354e-07	-3.1348e-07
0.605	-5.5643e-06	-1.4836e-10	5.5343e-06	3.141e-07	-3.1318e-07	-5.4938e-06	-1.5465e-10	5.4893e-06	3.1466e-07	-3.139e-07	-5.3862e-06	-1.5156e-10	5.399e-06	3.1446e-07	-3.1384e-07	-5.0848e-06	-1.5851e-10	5.0287e-06	3.1296e-07	-3.1274e-07	-4.9944e-06	-1.5948e-10	4.9818e-06	3.1344e-07	-3.13e-07	-4.7996e-06	-1.7578e-10	4.8213e-06	3.141e-07	-3.1364e-07	-4.4053e-06	-1.6782e-10	4.4063e-06	3.1392e-07	-3.1352e-07	-3.8631e-06	-1.774e-10	3.8883e-06	3.1382e-07	-3.1362e-07	-3.1012e-06	-1.8056e-10	3.1046e-06	3.129e-07	-3.127e-07	-2.0181e-06	-1.8891e-10	2.0323e-06	3.1362e-07	-3.1358e-07	-5.6002e-07	-2.0245e-10	5.635e-07	3.135e-07	-3.1348e-07
0.6	-6.5246e-06	-1.6054e-10	6.5021e-06	3.1408e-07	-3.132e-07	-6.4287e-06	-1.6339e-10	6.3748e-06	3.1464e-07	-3.1384e-07	-6.3241e-06	-1.6996e-10	6.3198e-06	3.1452e-07	-3.1382e-07	-5.9098e-06	-1.6122e-10	5.9863e-06	3.1352e-07	-3.13e-07	-5.8479e-06	-1.7241e-10	5.8218e-06	3.1278e-07	-3.123e-07	-5.626e-06	-1.6194e-10	5.6442e-06	3.1408e-07	-3.1374e-07	-5.1436e-06	-1.8475e-10	5.1441e-06	3.1392e-07	-3.1356e-07	-4.5417e-06	-1.8595e-10	4.5571e-06	3.1376e-07	-3.1348e-07	-3.6195e-06	-1.9115e-10	3.6242e-06	3.1288e-07	-3.1264e-07	-2.3379e-06	-1.9595e-10	2.3518e-06	3.136e-07	-3.1346e-07	-6.4722e-07	-2.0473e-10	6.3442e-07	3.1338e-07	-3.1342e-07
0.595	-7.6316e-06	-1.7562e-10	7.6306e-06	3.1408e-07	-3.1318e-07	-7.4829e-06	-1.6757e-10	7.4912e-06	3.1464e-07	-3.1388e-07	-7.3562e-06	-1.7555e-10	7.3579e-06	3.1452e-07	-3.138e-07	-7.0047e-06	-1.8124e-10	6.979e-06	3.1362e-07	-3.1302e-07	-6.8239e-06	-1.8078e-10	6.8185e-06	3.1346e-07	-3.1298e-07	-6.6037e-06	-1.6156e-10	6.5669e-06	3.1398e-07	-3.1364e-07	-5.9761e-06	-1.8724e-10	6.0322e-06	3.139e-07	-3.1358e-07	-5.2748e-06	-1.8986e-10	5.3204e-06	3.1384e-07	-3.1346e-07	-4.183e-06	-2.0087e-10	4.2038e-06	3.1284e-07	-3.1228e-07	-2.7374e-06	-2.066e-10	2.737e-06	3.1364e-07	-3.1354e-07	-7.2708e-07	-2.1826e-10	7.3358e-07	3.1352e-07	-3.1344e-07
0.59	-8.8878e-06	-1.7965e-10	8.9089e-06	3.1408e-07	-3.1322e-07	-8.7572e-06	-1.7903e-10	8.7908e-06	3.1474e-07	-3.1394e-07	-8.6022e-06	-1.8599e-10	8.6234e-06	3.145e-07	-3.1384e-07	-8.1776e-06	-1.9455e-10	8.1425e-06	3.1354e-07	-3.1292e-07	-8.0008e-06	-1.9517e-10	7.9795e-06	3.1342e-07	-3.1288e-07	-7.725e-06	-1.8449e-10	7.6837e-06	3.1402e-07	-3.136e-07	-6.992e-06	-1.9576e-10	7.038e-06	3.1382e-07	-3.1352e-07	-6.2288e-06	-2.0443e-10	6.1641e-06	3.1384e-07	-3.1354e-07	-4.9203e-06	-2.1286e-10	4.9263e-06	3.1288e-07	-3.1274e-07	-3.1774e-06	-2.2041e-10	3.1652e-06	3.1368e-07	-3.135e-07	-8.2446e-07	-2.3127e-10	8.2766e-07	3.1346e-07	-3.1344e-07
0.585	-1.03786e-05	-1.8796e-10	1.04148e-05	3.1408e-07	-3.1324e-07	-1.02123e-05	-1.9758e-10	1.01935e-05	3.1472e-07	-3.1394e-07	-1.00854e-05	-1.9171e-10	9.9898e-06	3.1448e-07	-3.138e-07	-9.461e-06	-1.9321e-10	9.5021e-06	3.1354e-07	-3.13e-07	-9.3192e-06	-1.9912e-10	9.2838e-06	3.1342e-07	-3.1292e-07	-8.9292e-06	-2.1044e-10	8.9572e-06	3.1404e-07	-3.1362e-07	-8.1402e-06	-2.141e-10	8.1092e-06	3.142e-07	-3.1384e-07	-7.2027e-06	-2.2125e-10	7.1959e-06	3.1384e-07	-3.1356e-07	-5.7459e-06	-2.2815e-10	5.7389e-06	3.1286e-07	-3.1272e-07	-3.6788e-06	-2.2688e-10	3.6983e-06	3.1366e-07	-3.1354e-07	-9.487e-07	-2.4783e-10	9.5348e-07	3.1342e-07	-3.1342e-07
0.58	-1.2124e-05	-2.1241e-10	1.2136e-05	3.1414e-07	-3.133e-07	-1.1966e-05	-1.9701e-10	1.2004e-05	3.1464e-07	-3.139e-07	-1.1684e-05	-2.1225e-10	1.1664e-05	3.1472e-07	-3.1408e-07	-1.11217e-05	-2.0374e-10	1.11291e-05	3.1284e-07	-3.123e-07	-1.08935e-05	-2.081e-10	1.08691e-05	3.1352e-07	-3.1286e-07	-1.03832e-05	-2.2587e-10	1.03202e-05	3.141e-07	-3.136e-07	-9.4587e-06	-2.3287e-10	9.5534e-06	3.1392e-07	-3.1352e-07	-8.361e-06	-2.3145e-10	8.3727e-06	3.1384e-07	-3.1356e-07	-6.6208e-06	-2.3948e-10	6.6513e-06	3.1226e-07	-3.1274e-07	-4.2431e-06	-2.4396e-10	4.2703e-06	3.1364e-07	-3.1352e-07	-1.05896e-06	-2.5162e-10	1.05872e-06	3.1342e-07	-3.1342e-07
0.575	-1.4102e-05	-2.18e-10	1.4106e-05	3.1404e-07	-3.1322e-07	-1.3942e-05	-2.2178e-10	1.3918e-05	3.146e-07	-3.1384e-07	-1.3676e-05	-2.2234e-10	1.3664e-05	3.1442e-07	-3.1374e-07	-1.2964e-05	-2.2162e-10	1.2886e-05	3.1292e-07	-3.129e-07	-1.2664e-05	-2.2254e-10	1.2632e-05	3.1356e-07	-3.1304e-07	-1.18e-05	-2.2881e-10	1.198e-05	3.1404e-07	-3.1364e-07	-1.09898e-05	-2.4425e-10	1.11303e-05	3.139e-07	-3.1354e-07	-9.6892e-06	-2.3908e-10	9.6788e-06	3.138e-07	-3.1358e-07	-7.7285e-06	-2.5743e-10	7.751e-06	3.1292e-07	-3.1264e-07	-4.8888e-06	-2.6649e-10	4.9344e-06	3.1366e-07	-3.1342e-07	-1.1827e-06	-2.7752e-10	1.1807e-06	3.1346e-07	-3.1346e-07
0.57	-1.6352e-05	-2.291e-10	1.6366e-05	3.1404e-07	-3.1324e-07	-1.615e-05	-2.2911e-10	1.6148e-05	3.1466e-07	-3.1388e-07	-1.5946e-05	-2.3045e-10	1.5926e-05	3.1442e-07	-3.1378e-07	-1.5156e-05	-2.3718e-10	1.5136e-05	3.1354e-07	-3.1294e-07	-1.474e-05	-2.3803e-10	1.478e-05	3.1348e-07	-3.1298e-07	-1.3716e-05	-2.4854e-10	1.3662e-05	3.1404e-07	-3.1366e-07	-1.2866e-05	-2.4908e-10	1.288e-05	3.1396e-07	-3.1364e-07	-1.11963e-05	-2.5571e-10	1.12268e-05	3.1374e-07	-3.1348e-07	-8.9521e-06	-2.6493e-10	8.9825e-06	3.1292e-07	-3.1268e-07	-5.6447e-06	-2.754e-10	5.6709e-06	3.136e-07	-3.1354e-07	-1.3416e-06	-2.8132e-10	1.3396e-06	3.1372e-07	-3.1358e-07
0.565	-1.9076e-05	-2.3527e-10	1.912e-05	3.1346e-07	-3.13e-07	-1.8814e-05	-2.4585e-10	1.8858e-05	3.1466e-07	-3.139e-07	-1.8338e-05	-2.4494e-10	1.841e-05	3.1448e-07	-3.1382e-07	-1.7632e-05	-2.4691e-10	1.7632e-05	3.136e-07	-3.1294e-07	-1.725e-05	-2.5049e-10	1.7306e-05	3.1348e-07	-3.1292e-07	-1.5846e-05	-2.5162e-10	1.5772e-05	3.141e-07	-3.1358e-07	-1.4972e-05	-2.6855e-10	1.4934e-05	3.1396e-07	-3.1352e-07	-1.3126e-05	-2.7597e-10	1.3132e-05	3.1384e-07	-3.1352e-07	-1.03573e-05	-2.8432e-10	1.03618e-05	3.1296e-07	-3.1292e-07	-6.4095e-06	-2.9654e-10	6.4774e-06	3.1368e-07	-3.1358e-07	-1.4521e-06	-2.9743e-10	1.3777e-06	3.1354e-07	-3.1346e-07
0.56	-2.2092e-05	-2.5985e-10	2.2108e-05	3.1396e-07	-3.1256e-07	-2.1894e-05	-2.5625e-10	2.1808e-05	3.1462e-07	-3.1388e-07	-2.1454e-05	-2.5775e-10	2.139e-05	3.1454e-07	-3.1384e-07	-2.0436e-05	-2.5354e-10	2.0496e-05	3.1294e-07	-3.1228e-07	-2.0086e-05	-2.6987e-10	2.0108e-05	3.1344e-07	-3.1286e-07	-1.8344e-05	-2.658e-10	1.8334e-05	3.1404e-07	-3.1358e-07	-1.7244e-05	-2.7974e-10	1.7282e-05	3.1386e-07	-3.135e-07	-1.5056e-05	-2.8589e-10	1.5218e-05	3.138e-07	-3.1352e-07	-1.1988e-05	-2.9658e-10	1.1938e-05	3.1288e-07	-3.1274e-07	-7.4284e-06	-3.0621e-10	7.5066e-06	3.1356e-07	-3.1352e-07	-1.5886e-06	-3.1661e-10	1.5828e-06	3.1348e-07	-3.1344e-07
0.555	-2.5616e-05	-2.6569e-10	2.5688e-05	3.14e-07	-3.132e-07	-2.5338e-05	-2.715e-10	2.5264e-05	3.1468e-07	-3.139e-07	-2.4762e-05	-2.7908e-10	2.4832e-05	3.145e-07	-3.1364e-07	-2.3656e-05	-2.7344e-10	2.3688e-05	3.1354e-07	-3.1292e-07	-2.3192e-05	-2.7974e-10	2.3214e-05	3.1342e-07	-3.1288e-07	-2.1194e-05	-2.7933e-10	2.1178e-05	3.1404e-07	-3.1366e-07	-1.9976e-05	-2.9464e-10	2.001e-05	3.1396e-07	-3.1356e-07	-1.7446e-05	-3.0122e-10	1.7354e-05	3.1388e-07	-3.1354e-07	-1.3782e-05	-3.0801e-10	1.3734e-05	3.1288e-07	-3.1274e-07	-8.4719e-06	-3.2581e-10	8.5022e-06	3.1368e-07	-3.1346e-07	-1.8328e-06	-3.3922e-10	1.7642e-06	3.1346e-07	-3.1342e-07
0.55	-2.9742e-05	-2.8578e-10	2.979e-05	3.141e-07	-3.1324e-07	-2.9332e-05	-2.8491e-10	2.9284e-05	3.1466e-07	-3.1384e-07	-2.8738e-05	-2.8823e-10	2.8704e-05	3.145e-07	-3.1382e-07	-2.7488e-05	-2.9409e-10	2.7482e-05	3.1354e-07	-3.1292e-07	-2.6988e-05	-2.9689e-10	2.6944e-05	3.1344e-07	-3.1292e-07	-2.4534e-05	-3.011e-10	2.4626e-05	3.1404e-07	-3.1362e-07	-2.3132e-05	-3.1975e-10	2.3074e-05	3.143e-07	-3.136e-07	-2.017e-05	-3.2525e-10	2.0142e-05	3.1378e-07	-3.135e-07	-1.5756e-05	-3.2907e-10	1.5908e-05	3.1292e-07	-3.1274e-07	-9.6811e-06	-3.4272e-10	9.7237e-06	3.136e-07	-3.1348e-07	-1.979e-06	-3.5089e-10	2.0081e-06	3.1342e-07	-3.1348e-07
0.545	-3.4444e-05	-3.0608e-10	3.4298e-05	3.1408e-07	-3.131e-07	-3.3754e-05	-3.0406e-10	3.3868e-05	3.1466e-07	-3.1382e-07	-3.3254e-05	-3.1057e-10	3.3184e-05	3.1452e-07	-3.1382e-07	-3.189e-05	-3.112e-10	3.1824e-05	3.1296e-07	-3.1228e-07	-3.0986e-05	-3.1652e-10	3.1194e-05	3.1346e-07	-3.1292e-07	-2.8548e-05	-3.2727e-10	2.8548e-05	3.1404e-07	-3.1366e-07	-2.6584e-05	-3.274e-10	2.6546e-05	3.14e-07	-3.136e-07	-2.3228e-05	-3.4241e-10	2.3232e-05	3.138e-07	-3.1346e-07	-1.812e-05	-3.473e-10	1.8168e-05	3.1296e-07	-3.1278e-07	-1.11765e-05	-3.5588e-10	1.1142e-05	3.1368e-07	-3.1358e-07	-2.1795e-06	-3.6977e-10	2.0449e-06	3.1346e-07	-3.134e-07
0.54	-3.978e-05	-3.1371e-10	3.9872e-05	3.1406e-07	-3.1324e-07	-3.9084e-05	-3.2482e-10	3.9166e-05	3.1468e-07	-3.1386e-07	-3.85e-05	-3.2731e-10	3.835e-05	3.1446e-07	-3.1384e-07	-3.6752e-05	-3.2714e-10	3.6912e-05	3.1352e-07	-3.1286e-07	-3.5858e-05	-3.2931e-10	3.5928e-05	3.1356e-07	-3.1296e-07	-3.2878e-05	-3.3676e-10	3.2884e-05	3.1404e-07	-3.136e-07	-3.0702e-05	-3.4052e-10	3.0772e-05	3.1396e-07	-3.1354e-07	-2.6814e-05	-3.5795e-10	2.6798e-05	3.1382e-07	-3.1348e-07	-2.0772e-05	-3.697e-10	2.0838e-05	3.1298e-07	-3.128e-07	-1.2834e-05	-3.7562e-10	1.2734e-05	3.1362e-07	-3.1352e-07	-2.2864e-06	-3.9098e-10	2.161e-06	3.1354e-07	-3.1344e-07
0.535	-4.5788e-05	-3.3461e-10	4.5768e-05	3.1406e-07	-3.1324e-07	-4.5212e-05	-3.3892e-10	4.5104e-05	3.1462e-07	-3.1384e-07	-4.4314e-05	-3.3656e-10	4.4202e-05	3.1446e-07	-3.1378e-07	-4.261e-05	-3.4911e-10	4.2572e-05	3.135e-07	-3.1292e-07	-4.1256e-05	-3.4809e-10	4.137e-05	3.1348e-07	-3.1294e-07	-3.7996e-05	-3.6178e-10	3.7914e-05	3.1406e-07	-3.136e-07	-3.5346e-05	-3.6466e-10	3.5264e-05	3.1402e-07	-3.1364e-07	-3.0668e-05	-3.7323e-10	3.0652e-05	3.1384e-07	-3.134e-07	-2.3846e-05	-3.8774e-10	2.3954e-05	3.129e-07	-3.1274e-07	-1.4514e-05	-3.9608e-10	1.454e-05	3.137e-07	-3.135e-07	-2.3519e-06	-4.2309e-10	2.429e-06	3.1342e-07	-3.1342e-07
0.53	-5.3026e-05	-3.5299e-10	5.2964e-05	3.1346e-07	-3.1324e-07	-5.1984e-05	-3.5845e-10	5.2078e-05	3.1464e-07	-3.139e-07	-5.0974e-05	-3.5956e-10	5.0994e-05	3.145e-07	-3.1384e-07	-4.916e-05	-3.6014e-10	4.9186e-05	3.1356e-07	-3.1284e-07	-4.7684e-05	-3.7054e-10	4.7554e-05	3.135e-07	-3.1292e-07	-4.3816e-05	-3.8005e-10	4.3902e-05	3.141e-07	-3.136e-07	-4.0522e-05	-3.8465e-10	4.0674e-05	3.1392e-07	-3.135e-07	-3.5188e-05	-3.8893e-10	3.5112e-05	3.1374e-07	-3.1346e-07	-2.7402e-05	-4.0677e-10	2.739e-05	3.1288e-07	-3.1276e-07	-1.664e-05	-4.1354e-10	1.6538e-05	3.137e-07	-3.1352e-07	-2.5922e-06	-4.4179e-10	2.6044e-06	3.1346e-07	-3.1336e-07
0.525	-6.0994e-05	-3.6669e-10	6.096e-05	3.141e-07	-3.132e-07	-5.989e-05	-3.7448e-10	5.9858e-05	3.1456e-07	-3.139e-07	-5.8712e-05	-3.7677e-10	5.8698e-05	3.1452e-07	-3.1382e-07	-5.6534e-05	-3.783e-10	5.6394e-05	3.1354e-07	-3.1292e-07	-5.4676e-05	-3.8845e-10	5.473e-05	3.1346e-07	-3.1286e-07	-5.0498e-05	-3.9312e-10	5.0476e-05	3.141e-07	-3.1368e-07	-4.6696e-05	-4.0997e-10	4.6472e-05	3.1392e-07	-3.1354e-07	-4.0136e-05	-4.185e-10	4.0278e-05	3.1374e-07	-3.1352e-07	-3.1148e-05	-4.2193e-10	3.119e-05	3.1296e-07	-3.1266e-07	-1.872e-05	-4.4227e-10	1.8806e-05	3.1362e-07	-3.135e-07	-2.8938e-06	-4.6237e-10	2.8173e-06	3.1348e-07	-3.1352e-07
0.52	-7.0206e-05	-3.9358e-10	7.0316e-05	3.1412e-07	-3.1324e-07	-6.9104e-05	-3.932e-10	6.907e-05	3.1472e-07	-3.1384e-07	-6.7636e-05	-4.0235e-10	6.7548e-05	3.145e-07	-3.1378e-07	-6.513e-05	-4.0871e-10	6.5206e-05	3.136e-07	-3.1228e-07	-6.2846e-05	-4.1866e-10	6.2924e-05	3.1344e-07	-3.1288e-07	-5.799e-05	-4.2251e-10	5.7972e-05	3.1404e-07	-3.1368e-07	-5.3344e-05	-4.3059e-10	5.3366e-05	3.1394e-07	-3.1354e-07	-4.6042e-05	-4.4225e-10	4.5932e-05	3.1382e-07	-3.1348e-07	-3.5586e-05	-4.5475e-10	3.571e-05	3.1232e-07	-3.12e-07	-2.1358e-05	-4.6873e-10	2.1426e-05	3.1366e-07	-3.1348e-07	-3.0253e-06	-4.9019e-10	2.9961e-06	3.1348e-07	-3.1342e-07
0.515	-8.056e-05	-4.1759e-10	8.0668e-05	3.1412e-07	-3.132e-07	-7.9268e-05	-4.2091e-10	7.9342e-05	3.1462e-07	-3.1386e-07	-7.749e-05	-4.2627e-10	7.738e-05	3.1444e-07	-3.1378e-07	-7.4832e-05	-4.2723e-10	7.47e-05	3.136e-07	-3.1292e-07	-7.2002e-05	-4.3233e-10	7.2004e-05	3.1348e-07	-3.1288e-07	-6.6516e-05	-4.4482e-10	6.6422e-05	3.1402e-07	-3.1362e-07	-6.0982e-05	-4.4634e-10	6.1106e-05	3.139e-07	-3.1352e-07	-5.2402e-05	-4.6018e-10	5.2482e-05	3.1374e-07	-3.1346e-07	-4.0488e-05	-4.7392e-10	4.0514e-05	3.1288e-07	-3.127e-07	-2.4238e-05	-4.927e-10	2.4232e-05	3.1366e-07	-3.1358e-07	-3.2225e-06	-5.0112e-10	3.2138e-06	3.1346e-07	-3.134e-07
0.51	-9.2566e-05	-4.353e-10	9.265e-05	3.141e-07	-3.1326e-07	-9.1078e-05	-4.4055e-10	9.0964e-05	3.147e-07	-3.1394e-07	-8.8934e-05	-4.4509e-10	8.906e-05	3.1446e-07	-3.138e-07	-8.586e-05	-4.5834e-10	8.5896e-05	3.1354e-07	-3.1292e-07	-8.2528e-05	-4.5707e-10	8.2572e-05	3.1336e-07	-3.1288e-07	-7.6136e-05	-4.6379e-10	7.6278e-05	3.1406e-07	-3.1358e-07	-6.9726e-05	-4.7516e-10	6.9812e-05	3.1394e-07	-3.1356e-07	-5.9898e-05	-4.8231e-10	5.9958e-05	3.138e-07	-3.1354e-07	-4.6104e-05	-5.0044e-10	4.6072e-05	3.129e-07	-3.1268e-07	-2.752e-05	-5.2052e-10	2.7506e-05	3.1366e-07	-3.1348e-07	-3.4831e-06	-5.4028e-10	3.2421e-06	3.134e-07	-3.1334e-07
0.505	-0.000106088	-4.6322e-10	0.000106072	3.141e-07	-3.13e-07	-0.000104252	-4.6472e-10	0.000104122	3.1462e-07	-3.1386e-07	-0.00010172	-4.6624e-10	0.00010169	3.145e-07	-3.1376e-07	-9.8112e-05	-4.8373e-10	9.815e-05	3.1358e-07	-3.129e-07	-9.4318e-05	-4.7774e-10	9.4338e-05	3.1348e-07	-3.1294e-07	-8.7126e-05	-4.9703e-10	8.719e-05	3.141e-07	-3.1362e-07	-7.9496e-05	-4.9381e-10	7.9626e-05	3.139e-07	-3.1366e-07	-6.7996e-05	-5.1023e-10	6.7888e-05	3.1386e-07	-3.135e-07	-5.2118e-05	-5.2747e-10	5.2142e-05	3.1284e-07	-3.127e-07	-3.1064e-05	-5.4644e-10	3.098e-05	3.1362e-07	-3.1346e-07	-3.5412e-06	-5.6386e-10	3.5502e-06	3.1346e-07	-3.1338e-07
0.5	-0.00012134	-4.8273e-10	0.00012166	3.1402e-07	-3.1322e-07	-0.00011912	-4.9081e-10	0.00011928	3.147e-07	-3.1398e-07	-0.00011614	-4.9206e-10	0.0001164	3.1448e-07	-3.1372e-07	-0.000112212	-5.0009e-10	0.00011225	3.1304e-07	-3.13e-07	-0.000107656	-5.0023e-10	0.00010759	3.135e-07	-3.1296e-07	-9.956e-05	-5.1819e-10	9.956e-05	3.1408e-07	-3.136e-07	-9.0496e-05	-5.2621e-10	9.0556e-05	3.139e-07	-3.1362e-07	-7.7246e-05	-5.4411e-10	7.7192e-05	3.138e-07	-3.1352e-07	-5.914e-05	-5.49e-10	5.91e-05	3.1292e-07	-3.1268e-07	-3.5082e-05	-5.9044e-10	3.4974e-05	3.1364e-07	-3.1348e-07	-3.9606e-06	-5.8661e-10	3.8507e-06	3.1356e-07	-3.134e-07
0.495	-0.00013854	-5.0986e-10	0.00013878	3.1402e-07	-3.132e-07	-0.00013572	-5.1435e-10	0.00013604	3.147e-07	-3.1384e-07	-0.00013244	-5.1851e-10	0.00013274	3.1448e-07	-3.1372e-07	-0.0001276	-5.2232e-10	0.00012794	3.1348e-07	-3.1294e-07	-0.00012224	-5.2845e-10	0.00012242	3.1276e-07	-3.1226e-07	-0.000113358	-5.4488e-10	0.000113268	3.1408e-07	-3.136e-07	-0.000102778	-5.5329e-10	0.00010268	3.1388e-07	-3.136e-07	-8.7412e-05	-5.7065e-10	8.7426e-05	3.1384e-07	-3.135e-07	-6.669e-05	-5.8065e-10	6.6762e-05	3.1284e-07	-3.1258e-07	-3.9358e-05	-6.0097e-10	3.93e-05	3.1356e-07	-3.1358e-07	-4.1355e-06	-6.1623e-10	4.2878e-06	3.1344e-07	-3.1344e-07
0.49	-0.000158	-5.3272e-10	0.00015828	3.1406e-07	-3.132e-07	-0.00015492	-5.4012e-10	0.00015524	3.146e-07	-3.1382e-07	-0.00015118	-5.4718e-10	0.00015122	3.1448e-07	-3.1386e-07	-0.00014536	-5.6211e-10	0.0001457	3.1294e-07	-3.129e-07	-0.00013902	-5.1578e-10	0.00013912	3.1344e-07	-3.1292e-07	-0.00012844	-5.6803e-10	0.00012858	3.1408e-07	-3.1356e-07	-0.00011614	-5.7994e-10	0.00011632	3.1394e-07	-3.1358e-07	-9.887e-05	-5.8957e-10	9.8882e-05	3.1384e-07	-3.1354e-07	-7.5254e-05	-6.0589e-10	7.5254e-05	3.1284e-07	-3.1258e-07	-4.4276e-05	-6.1518e-10	4.4202e-05	3.1362e-07	-3.1358e-07	-4.4806e-06	-6.4721e-10	4.532e-06	3.134e-07	-3.1342e-07
0.485	-0.0001798	-5.6279e-10	0.0001799	3.1404e-07	-3.1328e-07	-0.0001762	-5.6757e-10	0.00017638	3.1464e-07	-3.139e-07	-0.00017144	-5.69e-10	0.00017172	3.145e-07	-3.1382e-07	-0.0001651	-5.9051e-10	0.00016538	3.1342e-07	-3.13e-07	-0.00015752	-5.7279e-10	0.00015772	3.1338e-07	-3.1292e-07	-0.00014544	-5.9782e-10	0.0001457	3.1408e-07	-3.1358e-07	-0.00013108	-6.1073e-10	0.0001314	3.1394e-07	-3.1362e-07	-0.00011143	-6.0929e-10	0.000111268	3.138e-07	-3.1352e-07	-8.4654e-05	-6.381e-10	8.468e-05	3.1288e-07	-3.1272e-07	-4.9416e-05	-6.5225e-10	4.9302e-05	3.1364e-07	-3.1346e-07	-4.7888e-06	-6.7521e-10	4.8235e-06	3.1344e-07	-3.1356e-07
0.48	-0.0002043	-5.9275e-10	0.00020454	3.1404e-07	-3.1318e-07	-0.00019996	-5.9756e-10	0.00020024	3.1466e-07	-3.1388e-07	-0.0001946	-6.0468e-10	0.0001948	3.145e-07	-3.138e-07	-0.00018732	-6.1289e-10	0.00018758	3.1354e-07	-3.1234e-07	-0.000178	-6.1106e-10	0.00017858	3.1338e-07	-3.1286e-07	-0.0001644	-6.2656e-10	0.00016476	3.1404e-07	-3.1364e-07	-0.00014796	-6.3269e-10	0.00014812	3.139e-07	-3.1358e-07	-0.0001251	-6.4837e-10	0.0001253	3.1384e-07	-3.1354e-07	-9.4866e-05	-6.6946e-10	9.4798e-05	3.1296e-07	-3.1274e-07	-5.5264e-05	-6.847e-10	5.518e-05	3.1362e-07	-3.1352e-07	-5.1854e-06	-7.2191e-10	5.1407e-06	3.1344e-07	-3.1342e-07
0.475	-0.00023112	-6.1692e-10	0.00023128	3.1404e-07	-3.132e-07	-0.00022602	-6.2253e-10	0.00022634	3.1456e-07	-3.1388e-07	-0.00021992	-6.3256e-10	0.0002201	3.145e-07	-3.139e-07	-0.00021136	-6.376e-10	0.00021172	3.1356e-07	-3.1298e-07	-0.00020076	-6.4297e-10	0.00020116	3.1336e-07	-3.1286e-07	-0.00018522	-6.516e-10	0.00018534	3.1402e-07	-3.136e-07	-0.00016628	-6.7081e-10	0.00016658	3.1392e-07	-3.1358e-07	-0.00013988	-6.7646e-10	0.00014028	3.141e-07	-3.1384e-07	-0.00010592	-6.9952e-10	0.000105854	3.1296e-07	-3.1286e-07	-6.1506e-05	-7.2444e-10	6.1536e-05	3.1366e-07	-3.1352e-07	-5.5983e-06	-7.4183e-10	5.5721e-06	3.1348e-07	-3.1348e-07
0.47	-0.00026112	-6.5275e-10	0.00026144	3.1406e-07	-3.1314e-07	-0.00025554	-6.5005e-10	0.00025568	3.1462e-07	-3.1394e-07	-0.00024818	-6.6055e-10	0.00024844	3.1456e-07	-3.1388e-07	-0.00023838	-6.7029e-10	0.00023868	3.1364e-07	-3.1294e-07	-0.000226	-6.8957e-10	0.00022634	3.1328e-07	-3.1226e-07	-0.00020822	-6.8479e-10	0.00020818	3.141e-07	-3.137e-07	-0.00018646	-6.991e-10	0.00018676	3.14e-07	-3.1356e-07	-0.00015646	-7.0617e-10	0.00015672	3.1378e-07	-3.1358e-07	-0.00011798	-7.3491e-10	0.00011814	3.1296e-07	-3.127e-07	-6.8238e-05	-7.5144e-10	6.8376e-05	3.1362e-07	-3.1352e-07	-6.1176e-06	-7.7936e-10	5.9414e-06	3.1358e-07	-3.1348e-07
0.465	-0.00029378	-6.7973e-10	0.00029434	3.1404e-07	-3.1318e-07	-0.00028738	-6.9135e-10	0.0002876	3.1464e-07	-3.1386e-07	-0.00027882	-6.9202e-10	0.0002789	3.1452e-07	-3.139e-07	-0.00026746	-6.9844e-10	0.00026788	3.136e-07	-3.1294e-07	-0.00025346	-7.0565e-10	0.00025362	3.1338e-07	-3.1288e-07	-0.00023262	-7.1808e-10	0.00023276	3.1408e-07	-3.1356e-07	-0.00020786	-7.2762e-10	0.0002086	3.139e-07	-3.1358e-07	-0.00017432	-7.5075e-10	0.00017432	3.138e-07	-3.1352e-07	-0.00013084	-7.6986e-10	0.00013084	3.1292e-07	-3.1274e-07	-7.559e-05	-7.8165e-10	7.5596e-05	3.1354e-07	-3.1348e-07	-6.4166e-06	-8.177e-10	6.5711e-06	3.1348e-07	-3.1344e-07
0.46	-0.0003304	-7.0539e-10	0.00033062	3.1406e-07	-3.1316e-07	-0.00032256	-7.1812e-10	0.0003228	3.1468e-07	-3.1388e-07	-0.0003127	-7.2425e-10	0.0003128	3.1448e-07	-3.1372e-07	-0.00029992	-7.3665e-10	0.00030014	3.1358e-07	-3.1298e-07	-0.0002833	-7.3692e-10	0.00028348	3.1268e-07	-3.1294e-07	-0.00025992	-7.5074e-10	0.00026006	3.141e-07	-3.1352e-07	-0.00023156	-7.7359e-10	0.00023218	3.1398e-07	-3.1364e-07	-0.00019358	-7.8989e-10	0.00019386	3.1384e-07	-3.1356e-07	-0.000145	-8.0259e-10	0.00014524	3.1296e-07	-3.1276e-07	-8.3424e-05	-8.1865e-10	8.352e-05	3.1362e-07	-3.1354e-07	-7.0126e-06	-8.5261e-10	7.1199e-06	3.1342e-07	-3.134e-07
0.455	-0.00036958	-7.4895e-10	0.00036982	3.1342e-07	-3.126e-07	-0.00036056	-7.4959e-10	0.0003609	3.1468e-07	-3.1388e-07	-0.00034922	-7.5741e-10	0.00034936	3.1452e-07	-3.1378e-07	-0.0003344	-7.7154e-10	0.0003347	3.1292e-07	-3.1296e-07	-0.00031522	-7.7253e-10	0.00031544	3.1348e-07	-3.13e-07	-0.0002886	-7.9661e-10	0.0002891	3.1406e-07	-3.136e-07	-0.00025688	-8.0353e-10	0.00025732	3.1392e-07	-3.1352e-07	-0.00021384	-8.2481e-10	0.00021442	3.1374e-07	-3.1348e-07	-0.00015982	-8.4034e-10	0.00015988	3.1296e-07	-3.1282e-07	-9.1802e-05	-8.5414e-10	9.1664e-05	3.137e-07	-3.1352e-07	-7.653e-06	-8.9226e-10	7.6727e-06	3.1354e-07	-3.1348e-07
0.45	-0.00041298	-7.7709e-10	0.0004132	3.141e-07	-3.1328e-07	-0.00040232	-7.9132e-10	0.00040276	3.1468e-07	-3.1388e-07	-0.00038934	-7.9705e-10	0.00038954	3.1446e-07	-3.1378e-07	-0.00037242	-7.9795e-10	0.00037278	3.1358e-07	-3.1298e-07	-0.00035044	-8.1436e-10	0.00035078	3.1348e-07	-3.1292e-07	-0.00032048	-8.2098e-10	0.00032102	3.1412e-07	-3.1366e-07	-0.00028472	-8.3876e-10	0.00028504	3.1398e-07	-3.1358e-07	-0.00023604	-8.5746e-10	0.0002364	3.1386e-07	-3.136e-07	-0.00017564	-8.7087e-10	0.00017606	3.129e-07	-3.1282e-07	-0.000100436	-9.0431e-10	0.000100526	3.1358e-07	-3.1348e-07	-8.3349e-06	-9.2104e-10	8.176e-06	3.1346e-07	-3.1336e-07
0.445	-0.0004593	-8.1357e-10	0.00045926	3.1398e-07	-3.1324e-07	-0.00044706	-8.1668e-10	0.00044736	3.146e-07	-3.139e-07	-0.0004319	-8.3173e-10	0.00043218	3.1452e-07	-3.1378e-07	-0.00041286	-8.3385e-10	0.00041282	3.1304e-07	-3.1232e-07	-0.00038772	-8.5725e-10	0.00038792	3.1342e-07	-3.1298e-07	-0.00035382	-8.5748e-10	0.00035456	3.1402e-07	-3.1364e-07	-0.00031342	-8.7655e-10	0.00031352	3.1398e-07	-3.1358e-07	-0.00025942	-8.875e-10	0.0002599	3.1374e-07	-3.1354e-07	-0.00019262	-9.1057e-10	0.00019272	3.1292e-07	-3.1274e-07	-0.000109818	-9.407e-10	0.000109668	3.1362e-07	-3.1352e-07	-8.922e-06	-9.5936e-10	8.9446e-06	3.1344e-07	-3.1344e-07
0.44	-0.00050948	-8.4579e-10	0.00050984	3.1398e-07	-3.1324e-07	-0.0004957	-8.5989e-10	0.00049624	3.1466e-07	-3.139e-07	-0.00047856	-8.7129e-10	0.00047898	3.145e-07	-3.1378e-07	-0.0004564	-8.7395e-10	0.000457	3.1358e-07	-3.13e-07	-0.00042784	-8.9094e-10	0.00042834	3.1346e-07	-3.1296e-07	-0.00039026	-8.9144e-10	0.00039068	3.1414e-07	-3.137e-07	-0.0003446	-9.0984e-10	0.00034484	3.1398e-07	-3.1352e-07	-0.00028426	-9.3016e-10	0.00028486	3.1382e-07	-3.1354e-07	-0.00020996	-9.5495e-10	0.00021068	3.1292e-07	-3.127e-07	-0.0001193	-9.8454e-10	0.00011954	3.135e-07	-3.1344e-07	-9.5535e-06	-1.00242e-09	9.5226e-06	3.1344e-07	-3.1338e-07
0.435	-0.00056302	-8.8613e-10	0.00056318	3.1408e-07	-3.1308e-07	-0.0005475	-8.9512e-10	0.00054798	3.1464e-07	-3.1386e-07	-0.000528	-8.9917e-10	0.00052804	3.1448e-07	-3.139e-07	-0.00050284	-9.1093e-10	0.00050304	3.136e-07	-3.1298e-07	-0.00047042	-9.2583e-10	0.0004704	3.1338e-07	-3.1296e-07	-0.00042806	-9.3158e-10	0.00042816	3.141e-07	-3.136e-07	-0.00037698	-9.45e-10	0.0003769	3.1402e-07	-3.136e-07	-0.00031026	-9.7573e-10	0.0003108	3.1382e-07	-3.1348e-07	-0.0002288	-1.00106e-09	0.000229	3.1288e-07	-3.1276e-07	-0.00012908	-1.02826e-09	0.00012934	3.1366e-07	-3.1348e-07	-1.02025e-05	-1.05161e-09	1.02071e-05	3.1348e-07	-3.1342e-07
0.43	-0.00062086	-9.2702e-10	0.00062168	3.1408e-07	-3.132e-07	-0.00060334	-9.3309e-10	0.00060372	3.1464e-07	-3.1392e-07	-0.00058086	-9.4236e-10	0.00058124	3.1448e-07	-3.1388e-07	-0.0005527	-9.6583e-10	0.00055292	3.1356e-07	-3.1294e-07	-0.0005157	-9.6331e-10	0.00051594	3.1342e-07	-3.1294e-07	-0.00046822	-9.8214e-10	0.00046888	3.1416e-07	-3.1368e-07	-0.0004113	-9.9832e-10	0.00041144	3.1396e-07	-3.136e-07	-0.00033762	-1.02273e-09	0.00033832	3.1384e-07	-3.1348e-07	-0.0002483	-1.0453e-09	0.00024842	3.13e-07	-3.127e-07	-0.00013976	-1.06606e-09	0.00013996	3.1356e-07	-3.1348e-07	-1.08455e-05	-1.09396e-09	1.10396e-05	3.135e-07	-3.1338e-07
0.425	-0.00068246	-9.6682e-10	0.00068236	3.1402e-07	-3.132e-07	-0.00066216	-9.7613e-10	0.00066232	3.1464e-07	-3.1388e-07	-0.00063688	-9.8299e-10	0.0006365	3.1454e-07	-3.1386e-07	-0.00060452	-9.9817e-10	0.00060486	3.1366e-07	-3.1296e-07	-0.00056338	-1.00241e-09	0.00056338	3.135e-07	-3.1282e-07	-0.0005107	-1.02402e-09	0.0005106	3.1414e-07	-3.1364e-07	-0.00044736	-1.04527e-09	0.00044728	3.1398e-07	-3.1366e-07	-0.00036616	-1.06729e-09	0.00036666	3.1384e-07	-3.135e-07	-0.00026834	-1.08389e-09	0.00026844	3.1304e-07	-3.1274e-07	-0.00015048	-1.10837e-09	0.00015066	3.136e-07	-3.1358e-07	-1.1497e-05	-1.1389e-09	1.1794e-05	3.1334e-07	-3.1342e-07
0.42	-0.0007483	-1.0042e-09	0.00074846	3.1406e-07	-3.1328e-07	-0.00072508	-1.01591e-09	0.00072552	3.1464e-07	-3.1388e-07	-0.00069616	-1.02288e-09	0.00069624	3.1458e-07	-3.1398e-07	-0.00066028	-1.02834e-09	0.00066078	3.1362e-07	-3.1294e-07	-0.00061382	-1.05388e-09	0.00061384	3.1346e-07	-3.1256e-07	-0.0005551	-1.06621e-09	0.00055504	3.141e-07	-3.1358e-07	-0.00048488	-1.08696e-09	0.00048524	3.1392e-07	-3.1366e-07	-0.00039642	-1.10324e-09	0.00039668	3.1376e-07	-3.1354e-07	-0.00028946	-1.1345e-09	0.00028922	3.1268e-07	-3.1246e-07	-0.00016212	-1.16e-09	0.00016204	3.1356e-07	-3.1342e-07	-1.2476e-05	-1.1952e-09	1.2522e-05	3.134e-07	-3.134e-07
0.415	-0.00081708	-1.04531e-09	0.00081704	3.1404e-07	-3.1324e-07	-0.00079052	-1.05753e-09	0.000791	3.147e-07	-3.1394e-07	-0.000758	-1.07032e-09	0.00075834	3.1458e-07	-3.1394e-07	-0.00071772	-1.07611e-09	0.00071826	3.1362e-07	-3.1304e-07	-0.00066614	-1.09752e-09	0.00066658	3.1346e-07	-3.1288e-07	-0.0006014	-1.09931e-09	0.00060088	3.1408e-07	-3.1364e-07	-0.00052338	-1.1284e-09	0.0005241	3.1396e-07	-3.1362e-07	-0.0004271	-1.1597e-09	0.00042692	3.138e-07	-3.1348e-07	-0.00031066	-1.185e-09	0.00031086	3.1286e-07	-3.127e-07	-0.0001733	-1.2031e-09	0.0001738	3.1364e-07	-3.135e-07	-1.3232e-05	-1.2375e-09	1.33e-05	3.1354e-07	-3.1346e-07
0.41	-0.00089042	-1.09193e-09	0.0008907	3.1402e-07	-3.1324e-07	-0.00086066	-1.09934e-09	0.0008614	3.1458e-07	-3.1386e-07	-0.00082406	-1.11228e-09	0.00082448	3.1458e-07	-3.139e-07	-0.00077888	-1.1138e-09	0.00077938	3.1356e-07	-3.13e-07	-0.00072144	-1.1304e-09	0.00072158	3.1344e-07	-3.1286e-07	-0.00064956	-1.1504e-09	0.00064942	3.1414e-07	-3.1362e-07	-0.00056472	-1.1747e-09	0.00056468	3.14e-07	-3.136e-07	-0.00045878	-1.2067e-09	0.00045924	3.1374e-07	-3.135e-07	-0.00033356	-1.2267e-09	0.00033392	3.1288e-07	-3.1272e-07	-0.00018534	-1.2604e-09	0.00018554	3.1356e-07	-3.1342e-07	-1.4164e-05	-1.3008e-09	1.4206e-05	3.135e-07	-3.1342e-07
0.405	-0.00096644	-1.1363e-09	0.00096664	3.1408e-07	-3.1322e-07	-0.00093326	-1.1478e-09	0.00093324	3.1456e-07	-3.1384e-07	-0.00089148	-1.1553e-09	0.00089184	3.146e-07	-3.1394e-07	-0.000842	-1.1615e-09	0.0008418	3.135e-07	-3.1294e-07	-0.00077852	-1.1874e-09	0.00077796	3.1344e-07	-3.1286e-07	-0.000699	-1.2028e-09	0.00069912	3.1412e-07	-3.1372e-07	-0.00060566	-1.2243e-09	0.00060616	3.139e-07	-3.136e-07	-0.00049118	-1.2459e-09	0.00049134	3.1378e-07	-3.1348e-07	-0.00035558	-1.2832e-09	0.00035616	3.1292e-07	-3.1272e-07	-0.00019732	-1.3174e-09	0.00019752	3.1358e-07	-3.1342e-07	-1.4966e-05	-1.3458e-09	1.5012e-05	3.1344e-07	-3.1334e-07
0.4	-0.00104764	-1.1818e-09	0.00104816	3.1402e-07	-3.1252e-07	-0.00101016	-1.1889e-09	0.00101048	3.1486e-07	-3.1384e-07	-0.0009641	-1.2076e-09	0.00096418	3.1464e-07	-3.1394e-07	-0.00090866	-1.2307e-09	0.00090838	3.1318e-07	-3.1288e-07	-0.00083744	-1.239e-09	0.00083792	3.1342e-07	-3.1292e-07	-0.00074994	-1.2502e-09	0.00075094	3.141e-07	-3.1368e-07	-0.00064886	-1.2774e-09	0.00064918	3.1384e-07	-3.1354e-07	-0.00052534	-1.2971e-09	0.0005255	3.1386e-07	-3.135e-07	-0.00037902	-1.3291e-09	0.00037956	3.1294e-07	-3.127e-07	-0.0002099	-1.3707e-09	0.00020998	3.136e-07	-3.135e-07	-1.5854e-05	-1.3992e-09	1.5738e-05	3.1348e-07	-3.134e-07
0.395	-0.00113052	-1.2268e-09	0.00113088	3.1398e-07	-3.126e-07	-0.00108896	-1.232e-09	0.00108906	3.1462e-07	-3.1388e-07	-0.00103732	-1.2479e-09	0.0010374	3.1438e-07	-3.139e-07	-0.00097552	-1.2787e-09	0.00097586	3.135e-07	-3.1286e-07	-0.00089768	-1.2875e-09	0.00089836	3.1344e-07	-3.1292e-07	-0.00080322	-1.3036e-09	0.000803	3.1408e-07	-3.1364e-07	-0.0006924	-1.3303e-09	0.00069302	3.1424e-07	-3.1388e-07	-0.00055884	-1.354e-09	0.00055954	3.1378e-07	-3.1356e-07	-0.0004031	-1.3847e-09	0.00040302	3.1292e-07	-3.127e-07	-0.00022234	-1.4208e-09	0.00022224	3.1368e-07	-3.1346e-07	-1.6562e-05	-1.4562e-09	1.663e-05	3.135e-07	-3.134e-07
0.39	-0.0012182	-1.2711e-09	0.0012196	3.1408e-07	-3.1322e-07	-0.0011714	-1.2881e-09	0.0011722	3.146e-07	-3.1384e-07	-0.00111472	-1.2954e-09	0.00111498	3.1458e-07	-3.1384e-07	-0.00104624	-1.3086e-09	0.0010462	3.1352e-07	-3.1298e-07	-0.00096096	-1.3409e-09	0.00096154	3.1346e-07	-3.1288e-07	-0.0008575	-1.3654e-09	0.00085848	3.141e-07	-3.137e-07	-0.00073778	-1.3816e-09	0.00073838	3.1392e-07	-3.1356e-07	-0.00059404	-1.4084e-09	0.00059424	3.1378e-07	-3.1348e-07	-0.00042724	-1.453e-09	0.00042732	3.1298e-07	-3.1268e-07	-0.00023512	-1.4734e-09	0.00023532	3.136e-07	-3.1346e-07	-1.7534e-05	-1.5155e-09	1.756e-05	3.1348e-07	-3.135e-07
0.385	-0.0013086	-1.3239e-09	0.00131	3.138e-07	-3.1322e-07	-0.0012564	-1.3326e-09	0.001257	3.1466e-07	-3.139e-07	-0.0011924	-1.3479e-09	0.0011936	3.145e-07	-3.1388e-07	-0.0011176	-1.3626e-09	0.0011179	3.135e-07	-3.1298e-07	-0.00102452	-1.3804e-09	0.00102532	3.1338e-07	-3.1298e-07	-0.00091286	-1.4062e-09	0.0009137	3.141e-07	-3.1368e-07	-0.00078366	-1.4339e-09	0.00078378	3.1392e-07	-3.1358e-07	-0.0006295	-1.4704e-09	0.00062998	3.1384e-07	-3.1348e-07	-0.0004512	-1.5011e-09	0.00045188	3.1284e-07	-3.1264e-07	-0.00024798	-1.529e-09	0.00024838	3.1354e-07	-3.1354e-07	-1.8368e-05	-1.5735e-09	1.8404e-05	3.1344e-07	-3.1342e-07
0.38	-0.0014032	-1.3662e-09	0.0014038	3.1402e-07	-3.1322e-07	-0.0013448	-1.3886e-09	0.001346	3.1456e-07	-3.1388e-07	-0.0012758	-1.3982e-09	0.0012754	3.1446e-07	-3.1384e-07	-0.0011916	-1.412e-09	0.0011924	3.136e-07	-3.1294e-07	-0.00109144	-1.4284e-09	0.00109158	3.134e-07	-3.1296e-07	-0.00097	-1.4564e-09	0.00097038	3.141e-07	-3.1362e-07	-0.00083042	-1.4921e-09	0.00083062	3.1394e-07	-3.136e-07	-0.00066572	-1.5288e-09	0.0006661	3.1382e-07	-3.1352e-07	-0.000476	-1.5571e-09	0.00047584	3.129e-07	-3.1268e-07	-0.00026098	-1.5964e-09	0.00026082	3.1362e-07	-3.1348e-07	-1.9296e-05	-1.6378e-09	1.9308e-05	3.1344e-07	-3.134e-07
0.375	-0.0014994	-1.4153e-09	0.0014998	3.1408e-07	-3.132e-07	-0.0014348	-1.4332e-09	0.0014352	3.1464e-07	-3.1388e-07	-0.001358	-1.4463e-09	0.001359	3.1458e-07	-3.1388e-07	-0.0012672	-1.4731e-09	0.0012682	3.1288e-07	-3.1232e-07	-0.0011578	-1.4869e-09	0.0011586	3.1344e-07	-3.1286e-07	-0.00102718	-1.5063e-09	0.00102788	3.1404e-07	-3.1366e-07	-0.00087726	-1.5352e-09	0.00087782	3.1392e-07	-3.1354e-07	-0.00070148	-1.5743e-09	0.00070196	3.1376e-07	-3.1354e-07	-0.00050116	-1.612e-09	0.0005012	3.1284e-07	-3.1264e-07	-0.0002738	-1.6504e-09	0.00027412	3.1362e-07	-3.1354e-07	-2.0208e-05	-1.6925e-09	2.0138e-05	3.1346e-07	-3.1346e-07
0.37	-0.0015992	-1.4681e-09	0.0015996	3.1404e-07	-3.1324e-07	-0.0015288	-1.4907e-09	0.0015292	3.1462e-07	-3.1394e-07	-0.0014452	-1.5054e-09	0.0014448	3.145e-07	-3.1388e-07	-0.0013452	-1.5247e-09	0.001346	3.1276e-07	-3.1218e-07	-0.0012264	-1.5438e-09	0.0012268	3.1342e-07	-3.1294e-07	-0.00108578	-1.5672e-09	0.00108678	3.1402e-07	-3.1362e-07	-0.00092608	-1.6032e-09	0.00092582	3.1392e-07	-3.1358e-07	-0.00073882	-1.6394e-09	0.00073896	3.138e-07	-3.1358e-07	-0.00052654	-1.6677e-09	0.00052656	3.1284e-07	-3.1274e-07	-0.00028678	-1.7203e-09	0.00028682	3.1364e-07	-3.1348e-07	-2.1088e-05	-1.7543e-09	2.0952e-05	3.1348e-07	-3.1342e-07
0.365	-0.0017006	-1.5167e-09	0.0017018	3.1406e-07	-3.1322e-07	-0.0016232	-1.5363e-09	0.0016236	3.1456e-07	-3.139e-07	-0.0015306	-1.5555e-09	0.0015314	3.1452e-07	-3.1406e-07	-0.0014236	-1.5703e-09	0.0014246	3.1352e-07	-3.1298e-07	-0.0012956	-1.5917e-09	0.0012956	3.1342e-07	-3.1304e-07	-0.0011439	-1.6303e-09	0.00114574	3.1412e-07	-3.1364e-07	-0.00097366	-1.6531e-09	0.00097406	3.1396e-07	-3.136e-07	-0.00077552	-1.6861e-09	0.00077594	3.137e-07	-3.1354e-07	-0.00055114	-1.7333e-09	0.00055098	3.1286e-07	-3.1274e-07	-0.00029984	-1.7794e-09	0.00030018	3.1364e-07	-3.1348e-07	-2.1862e-05	-1.8156e-09	2.1954e-05	3.1344e-07	-3.1348e-07
0.36	-0.001806	-1.5759e-09	0.0018064	3.1408e-07	-3.1328e-07	-0.0017214	-1.5898e-09	0.0017218	3.1462e-07	-3.1386e-07	-0.001621	-1.6129e-09	0.0016212	3.1452e-07	-3.1388e-07	-0.0015038	-1.6335e-09	0.001505	3.1352e-07	-3.1294e-07	-0.0013656	-1.6559e-09	0.0013668	3.1336e-07	-3.1296e-07	-0.0012048	-1.6907e-09	0.001206	3.1404e-07	-3.1366e-07	-0.00102272	-1.7131e-09	0.00102294	3.1398e-07	-3.1358e-07	-0.00081282	-1.7516e-09	0.0008127	3.1374e-07	-3.135e-07	-0.00057636	-1.7998e-09	0.0005765	3.129e-07	-3.127e-07	-0.00031324	-1.835e-09	0.00031352	3.135e-07	-3.1348e-07	-2.2876e-05	-1.8826e-09	2.3022e-05	3.135e-07	-3.1342e-07
0.355	-0.001912	-1.6235e-09	0.0019134	3.1404e-07	-3.1332e-07	-0.0018186	-1.6461e-09	0.00182	3.147e-07	-3.1404e-07	-0.0017104	-1.6693e-09	0.0017114	3.1448e-07	-3.1384e-07	-0.0015848	-1.6942e-09	0.0015852	3.1358e-07	-3.1294e-07	-0.0014364	-1.7034e-09	0.0014358	3.1272e-07	-3.1288e-07	-0.0012648	-1.7398e-09	0.0012656	3.1438e-07	-3.137e-07	-0.00107128	-1.7778e-09	0.00107072	3.142e-07	-3.1388e-07	-0.00084998	-1.8237e-09	0.00085004	3.1378e-07	-3.1354e-07	-0.00060158	-1.8547e-09	0.00060158	3.1218e-07	-3.1194e-07	-0.0003262	-1.9043e-09	0.00032594	3.1356e-07	-3.1354e-07	-2.3592e-05	-1.9586e-09	2.3836e-05	3.1356e-07	-3.1342e-07
0.35	-0.0020226	-1.6767e-09	0.0020234	3.1404e-07	-3.1328e-07	-0.0019204	-1.6988e-09	0.0019202	3.1462e-07	-3.1388e-07	-0.0018022	-1.7169e-09	0.001803	3.145e-07	-3.1384e-07	-0.0016674	-1.7508e-09	0.0016678	3.1352e-07	-3.1286e-07	-0.0015084	-1.7761e-09	0.0015088	3.1336e-07	-3.1288e-07	-0.0013258	-1.806e-09	0.0013264	3.1408e-07	-3.1366e-07	-0.00112036	-1.8401e-09	0.00112038	3.1392e-07	-3.1362e-07	-0.00088736	-1.8779e-09	0.00088684	3.1404e-07	-3.138e-07	-0.00062676	-1.9324e-09	0.00062656	3.1292e-07	-3.1268e-07	-0.00033924	-1.9572e-09	0.00033948	3.135e-07	-3.135e-07	-2.4672e-05	-2.0214e-09	2.4756e-05	3.1348e-07	-3.1342e-07
0.345	-0.0021324	-1.761e-09	0.0021326	3.1408e-07	-3.1324e-07	-0.002021	-1.7502e-09	0.0020212	3.1464e-07	-3.1392e-07	-0.0018944	-1.7763e-09	0.0018946	3.1452e-07	-3.1386e-07	-0.0017486	-1.8085e-09	0.0017494	3.1354e-07	-3.1294e-07	-0.0015802	-1.8354e-09	0.0015802	3.134e-07	-3.1288e-07	-0.0013856	-1.8669e-09	0.0013872	3.1408e-07	-3.1364e-07	-0.0011688	-1.8946e-09	0.00117	3.1396e-07	-3.1362e-07	-0.00092402	-1.9419e-09	0.00092458	3.138e-07	-3.135e-07	-0.00065142	-1.9806e-09	0.00065196	3.129e-07	-3.1262e-07	-0.00035228	-2.0306e-09	0.00035254	3.1362e-07	-3.1348e-07	-2.5414e-05	-2.0827e-09	2.5506e-05	3.1342e-07	-3.1348e-07
0.34	-0.0022446	-1.8104e-09	0.0022452	3.1408e-07	-3.1318e-07	-0.002124	-1.8083e-09	0.002125	3.1464e-07	-3.1396e-07	-0.0019872	-1.836e-09	0.001989	3.1478e-07	-3.1408e-07	-0.0018326	-1.8616e-09	0.0018324	3.1314e-07	-3.1296e-07	-0.0016528	-1.883e-09	0.0016528	3.1342e-07	-3.1292e-07	-0.001448	-1.9294e-09	0.0014474	3.1414e-07	-3.1368e-07	-0.0012192	-1.9679e-09	0.0012194	3.1424e-07	-3.1388e-07	-0.00096148	-2.0025e-09	0.000962	3.1376e-07	-3.1352e-07	-0.00067736	-2.0448e-09	0.00067756	3.1286e-07	-3.1256e-07	-0.00036578	-2.1123e-09	0.00036582	3.1362e-07	-3.1348e-07	-2.6402e-05	-2.1432e-09	2.6486e-05	3.1352e-07	-3.1354e-07
0.335	-0.002357	-1.8792e-09	0.002357	3.134e-07	-3.1252e-07	-0.0022272	-1.8699e-09	0.0022288	3.1462e-07	-3.1396e-07	-0.002081	-1.891e-09	0.002082	3.1452e-07	-3.1384e-07	-0.0019154	-1.9179e-09	0.0019158	3.1348e-07	-3.1298e-07	-0.0017242	-1.9608e-09	0.0017246	3.1342e-07	-3.1294e-07	-0.001508	-1.9901e-09	0.0015088	3.1404e-07	-3.1364e-07	-0.0012678	-2.0273e-09	0.001269	3.1396e-07	-3.1366e-07	-0.0009985	-2.0639e-09	0.0009994	3.1294e-07	-3.1274e-07	-0.0007016	-2.1143e-09	0.00070326	3.1292e-07	-3.1272e-07	-0.0003785	-2.1654e-09	0.00037844	3.136e-07	-3.1338e-07	-2.7504e-05	-2.2113e-09	2.7414e-05	3.1348e-07	-3.1342e-07
0.33	-0.002472	-1.9279e-09	0.0024728	3.1386e-07	-3.1328e-07	-0.0023332	-1.9246e-09	0.0023336	3.1462e-07	-3.139e-07	-0.0021768	-1.9595e-09	0.0021772	3.1446e-07	-3.1388e-07	-0.0019996	-1.9771e-09	0.0019998	3.1288e-07	-3.1228e-07	-0.0017974	-2.0065e-09	0.0017974	3.1336e-07	-3.1296e-07	-0.0015696	-2.0481e-09	0.0015702	3.1406e-07	-3.1356e-07	-0.001317	-2.0867e-09	0.0013174	3.139e-07	-3.1366e-07	-0.00103594	-2.1351e-09	0.00103652	3.1294e-07	-3.127e-07	-0.00072718	-2.181e-09	0.00072772	3.1292e-07	-3.1272e-07	-0.00039184	-2.2386e-09	0.00039166	3.1366e-07	-3.1352e-07	-2.8188e-05	-2.2817e-09	2.8254e-05	3.1378e-07	-3.136e-07
0.325	-0.0025868	-1.9598e-09	0.002587	3.1402e-07	-3.1318e-07	-0.0024372	-1.975e-09	0.0024378	3.149e-07	-3.1386e-07	-0.0022712	-2.0105e-09	0.0022718	3.1436e-07	-3.1388e-07	-0.0020836	-2.0409e-09	0.0020828	3.1354e-07	-3.1294e-07	-0.0018696	-2.0728e-09	0.0018698	3.1422e-07	-3.1372e-07	-0.0016304	-2.1157e-09	0.001631	3.1414e-07	-3.1364e-07	-0.001366	-2.1511e-09	0.0013662	3.1388e-07	-3.136e-07	-0.0010726	-2.2057e-09	0.0010732	3.129e-07	-3.1272e-07	-0.00075204	-2.2514e-09	0.00075274	3.1282e-07	-3.1268e-07	-0.00040388	-2.3003e-09	0.00040444	3.1366e-07	-3.1346e-07	-2.9246e-05	-2.3534e-09	2.9344e-05	3.1342e-07	-3.1338e-07
0.32	-0.0027034	-2.0032e-09	0.0027034	3.1412e-07	-3.1318e-07	-0.002543	-2.04e-09	0.0025454	3.1462e-07	-3.1394e-07	-0.0023672	-2.0666e-09	0.0023674	3.145e-07	-3.1388e-07	-0.0021674	-2.112e-09	0.0021688	3.136e-07	-3.1296e-07	-0.0019422	-2.1399e-09	0.001943	3.1426e-07	-3.1362e-07	-0.0016914	-2.1817e-09	0.0016922	3.14e-07	-3.136e-07	-0.0014154	-2.2176e-09	0.0014144	3.14e-07	-3.136e-07	-0.00110958	-2.2685e-09	0.00110952	3.1302e-07	-3.1274e-07	-0.00077636	-2.322e-09	0.00077706	3.1228e-07	-3.1192e-07	-0.00041678	-2.3569e-09	0.00041696	3.1392e-07	-3.1364e-07	-3.011e-05	-2.4271e-09	3.0166e-05	3.1344e-07	-3.1342e-07
0.315	-0.002819	-2.0623e-09	0.0028188	3.1406e-07	-3.1256e-07	-0.002649	-2.0994e-09	0.0026504	3.1464e-07	-3.1388e-07	-0.0024612	-2.1353e-09	0.002462	3.1446e-07	-3.1384e-07	-0.0022504	-2.1712e-09	0.0022508	3.1346e-07	-3.1232e-07	-0.0020146	-2.2099e-09	0.0020148	3.1414e-07	-3.137e-07	-0.001752	-2.2468e-09	0.0017524	3.1404e-07	-3.1358e-07	-0.0014634	-2.2929e-09	0.0014626	3.139e-07	-3.136e-07	-0.00114552	-2.3315e-09	0.00114538	3.1238e-07	-3.1204e-07	-0.00080114	-2.389e-09	0.0008016	3.128e-07	-3.1262e-07	-0.00042912	-2.4301e-09	0.00042864	3.1362e-07	-3.1336e-07	-3.0868e-05	-2.4902e-09	3.1014e-05	3.134e-07	-3.1342e-07
0.31	-0.0029364	-2.1252e-09	0.0029356	3.1406e-07	-3.1328e-07	-0.0027566	-2.1565e-09	0.0027578	3.1462e-07	-3.1378e-07	-0.0025574	-2.1955e-09	0.0025574	3.1456e-07	-3.1386e-07	-0.0023348	-2.2351e-09	0.0023356	3.1356e-07	-3.129e-07	-0.0020862	-2.2657e-09	0.0020874	3.142e-07	-3.1374e-07	-0.001812	-2.3071e-09	0.0018124	3.1404e-07	-3.1364e-07	-0.0015108	-2.3623e-09	0.0015114	3.139e-07	-3.136e-07	-0.0011818	-2.3943e-09	0.0011828	3.1296e-07	-3.127e-07	-0.00082492	-2.46e-09	0.00082526	3.1286e-07	-3.1268e-07	-0.000441	-2.5135e-09	0.00044122	3.1362e-07	-3.1344e-07	-3.1568e-05	-2.5586e-09	3.1678e-05	3.134e-07	-3.1346e-07
0.305	-0.003053	-2.184e-09	0.0030522	3.1402e-07	-3.1326e-07	-0.0028624	-2.2252e-09	0.0028626	3.1466e-07	-3.139e-07	-0.0026514	-2.2543e-09	0.0026522	3.1442e-07	-3.1392e-07	-0.0024168	-2.298e-09	0.0024178	3.1348e-07	-3.13e-07	-0.0021584	-2.3239e-09	0.0021578	3.142e-07	-3.137e-07	-0.001872	-2.3809e-09	0.001872	3.14e-07	-3.136e-07	-0.0015578	-2.4212e-09	0.0015588	3.1386e-07	-3.1354e-07	-0.001218	-2.4709e-09	0.001218	3.1298e-07	-3.127e-07	-0.0008496	-2.5198e-09	0.00084988	3.1284e-07	-3.1256e-07	-0.0004538	-2.5935e-09	0.00045368	3.1356e-07	-3.1342e-07	-3.2722e-05	-2.6298e-09	3.2524e-05	3.1346e-07	-3.1348e-07
0.3	-0.00317	-2.2463e-09	0.003171	3.1404e-07	-3.132e-07	-0.0029688	-2.2791e-09	0.002969	3.146e-07	-3.139e-07	-0.0027472	-2.3168e-09	0.0027474	3.1448e-07	-3.1392e-07	-0.0025008	-2.3503e-09	0.0025022	3.1354e-07	-3.1296e-07	-0.0022298	-2.3868e-09	0.0022302	3.1414e-07	-3.1372e-07	-0.0019312	-2.4452e-09	0.0019314	3.1404e-07	-3.1366e-07	-0.0016054	-2.4908e-09	0.001606	3.1392e-07	-3.1356e-07	-0.0012532	-2.547e-09	0.0012528	3.1304e-07	-3.1274e-07	-0.00087246	-2.5959e-09	0.0008738	3.1284e-07	-3.1274e-07	-0.0004657	-2.6584e-09	0.00046624	3.1358e-07	-3.1348e-07	-3.3282e-05	-2.7106e-09	3.3276e-05	3.1346e-07	-3.1346e-07
0.295	-0.003287	-2.3201e-09	0.003287	3.1394e-07	-3.1322e-07	-0.0030744	-2.3481e-09	0.003074	3.1458e-07	-3.1392e-07	-0.0028414	-2.3868e-09	0.0028408	3.1444e-07	-3.139e-07	-0.0025826	-2.434e-09	0.0025832	3.136e-07	-3.1302e-07	-0.0022998	-2.4738e-09	0.0023002	3.1424e-07	-3.137e-07	-0.00199	-2.5067e-09	0.0019902	3.1402e-07	-3.136e-07	-0.0016524	-2.5622e-09	0.0016528	3.1396e-07	-3.1364e-07	-0.0012878	-2.6152e-09	0.0012874	3.1306e-07	-3.1282e-07	-0.0008961	-2.6694e-09	0.00089682	3.1292e-07	-3.127e-07	-0.00047744	-2.7217e-09	0.00047716	3.1366e-07	-3.1342e-07	-3.426e-05	-2.7923e-09	3.418e-05	3.1346e-07	-3.1342e-07
0.29	-0.003404	-2.4172e-09	0.0034046	3.1402e-07	-3.133e-07	-0.0031802	-2.4106e-09	0.0031804	3.1468e-07	-3.1396e-07	-0.002935	-2.4465e-09	0.0029352	3.145e-07	-3.1388e-07	-0.0026656	-2.4884e-09	0.0026662	3.1354e-07	-3.1304e-07	-0.0023712	-2.5301e-09	0.0023708	3.1426e-07	-3.1364e-07	-0.0020488	-2.5818e-09	0.0020496	3.1398e-07	-3.1358e-07	-0.0016994	-2.6288e-09	0.0016996	3.1388e-07	-3.1358e-07	-0.0013226	-2.682e-09	0.0013224	3.1292e-07	-3.127e-07	-0.00091898	-2.7464e-09	0.00091988	3.1276e-07	-3.1268e-07	-0.0004892	-2.7985e-09	0.00048992	3.1358e-07	-3.134e-07	-3.4964e-05	-2.8657e-09	3.4952e-05	3.1346e-07	-3.1336e-07
0.285	-0.0035196	-2.4413e-09	0.0035194	3.1402e-07	-3.133e-07	-0.003285	-2.4693e-09	0.0032834	3.1486e-07	-3.1418e-07	-0.0030268	-2.5199e-09	0.0030282	3.1446e-07	-3.1388e-07	-0.0027458	-2.5543e-09	0.0027464	3.1358e-07	-3.13e-07	-0.00244	-2.6059e-09	0.0024402	3.1424e-07	-3.1372e-07	-0.0021062	-2.6547e-09	0.0021066	3.1402e-07	-3.136e-07	-0.0017446	-2.7031e-09	0.0017454	3.1384e-07	-3.1358e-07	-0.0013574	-2.7602e-09	0.001357	3.1296e-07	-3.1274e-07	-0.0009423	-2.8239e-09	0.00094184	3.128e-07	-3.1258e-07	-0.00050012	-2.8786e-09	0.00050216	3.1356e-07	-3.1348e-07	-3.549e-05	-2.9457e-09	3.5676e-05	3.1348e-07	-3.1346e-07
0.28	-0.0036366	-2.5177e-09	0.0036362	3.1398e-07	-3.1322e-07	-0.0033884	-2.5427e-09	0.0033888	3.147e-07	-3.1394e-07	-0.0031204	-2.585e-09	0.0031208	3.145e-07	-3.1388e-07	-0.0028278	-2.6232e-09	0.002828	3.1358e-07	-3.1294e-07	-0.0025092	-2.6732e-09	0.0025094	3.1422e-07	-3.137e-07	-0.0021644	-2.7258e-09	0.0021634	3.1396e-07	-3.136e-07	-0.0017902	-2.7747e-09	0.001791	3.1396e-07	-3.1358e-07	-0.00139	-2.8352e-09	0.0013908	3.1302e-07	-3.1272e-07	-0.00096484	-2.8921e-09	0.00096462	3.129e-07	-3.127e-07	-0.00051224	-2.9642e-09	0.00051318	3.1356e-07	-3.1348e-07	-3.6508e-05	-3.027e-09	3.6628e-05	3.1346e-07	-3.1342e-07
0.275	-0.0037496	-2.5845e-09	0.0037506	3.1398e-07	-3.1316e-07	-0.003491	-2.6032e-09	0.0034928	3.1466e-07	-3.139e-07	-0.0032106	-2.6412e-09	0.0032122	3.1456e-07	-3.1378e-07	-0.0029074	-2.6921e-09	0.0029088	3.1356e-07	-3.1294e-07	-0.0025766	-2.734e-09	0.0025756	3.1426e-07	-3.137e-07	-0.0022186	-2.7948e-09	0.00222	3.1408e-07	-3.1354e-07	-0.0018348	-2.8558e-09	0.0018356	3.1386e-07	-3.1358e-07	-0.0014232	-2.9159e-09	0.0014234	3.129e-07	-3.1274e-07	-0.00098658	-2.9744e-09	0.00098724	3.1292e-07	-3.1268e-07	-0.00052368	-3.0351e-09	0.00052412	3.1358e-07	-3.135e-07	-3.75e-05	-3.0989e-09	3.7422e-05	3.134e-07	-3.1346e-07
0.27	-0.0038638	-2.6476e-09	0.0038644	3.1398e-07	-3.1334e-07	-0.0035936	-2.6708e-09	0.003594	3.1462e-07	-3.139e-07	-0.003302	-2.7157e-09	0.003302	3.145e-07	-3.139e-07	-0.0029858	-2.7624e-09	0.0029854	3.129e-07	-3.1232e-07	-0.0026442	-2.8142e-09	0.0026432	3.1416e-07	-3.1366e-07	-0.0022744	-2.8695e-09	0.0022752	3.1398e-07	-3.1364e-07	-0.001879	-2.9268e-09	0.0018784	3.1394e-07	-3.1358e-07	-0.001456	-2.9798e-09	0.0014566	3.1302e-07	-3.1274e-07	-0.00100932	-3.0414e-09	0.00100892	3.1292e-07	-3.1274e-07	-0.0005352	-3.1141e-09	0.00053604	3.136e-07	-3.1342e-07	-3.79e-05	-3.1732e-09	3.7958e-05	3.1348e-07	-3.1352e-07
0.265	-0.0039768	-2.7079e-09	0.0039772	3.1398e-07	-3.133e-07	-0.0036964	-2.7363e-09	0.0036952	3.146e-07	-3.1398e-07	-0.0033922	-2.785e-09	0.0033926	3.1442e-07	-3.139e-07	-0.0030644	-2.8305e-09	0.0030652	3.1348e-07	-3.1304e-07	-0.0027096	-2.8793e-09	0.00271	3.1416e-07	-3.137e-07	-0.0023304	-2.9348e-09	0.0023308	3.1402e-07	-3.1366e-07	-0.001922	-2.9959e-09	0.0019236	3.139e-07	-3.1354e-07	-0.0014878	-3.0749e-09	0.0014896	3.1298e-07	-3.1258e-07	-0.00103018	-3.1229e-09	0.00103062	3.1286e-07	-3.127e-07	-0.00054584	-3.1977e-09	0.00054658	3.1356e-07	-3.135e-07	-3.8912e-05	-3.2621e-09	3.8882e-05	3.1352e-07	-3.1346e-07
0.26	-0.0040884	-2.7662e-09	0.004091	3.1406e-07	-3.1328e-07	-0.0037958	-2.8067e-09	0.0037962	3.1488e-07	-3.1398e-07	-0.0034802	-2.8542e-09	0.0034816	3.1452e-07	-3.1382e-07	-0.0031406	-2.9065e-09	0.0031418	3.135e-07	-3.1304e-07	-0.002775	-2.9688e-09	0.0027768	3.1422e-07	-3.1374e-07	-0.0023832	-3.0176e-09	0.002386	3.1404e-07	-3.1366e-07	-0.001966	-3.0719e-09	0.001966	3.1392e-07	-3.1364e-07	-0.00152	-3.1386e-09	0.0015216	3.1288e-07	-3.1274e-07	-0.0010515	-3.2134e-09	0.0010514	3.1298e-07	-3.1274e-07	-0.00055764	-3.2726e-09	0.00055742	3.136e-07	-3.1354e-07	-3.9562e-05	-3.3503e-09	3.963e-05	3.1362e-07	-3.1352e-07
0.255	-0.0041998	-2.8379e-09	0.004201	3.1402e-07	-3.1324e-07	-0.0038964	-2.8791e-09	0.0038974	3.1468e-07	-3.1394e-07	-0.00357	-2.934e-09	0.0035702	3.1446e-07	-3.1382e-07	-0.0032176	-2.984e-09	0.003218	3.1354e-07	-3.129e-07	-0.0028414	-3.0367e-09	0.0028422	3.1426e-07	-3.1376e-07	-0.0024388	-3.0916e-09	0.0024386	3.14e-07	-3.1366e-07	-0.0020084	-3.1486e-09	0.0020084	3.1386e-07	-3.1364e-07	-0.0015518	-3.2198e-09	0.0015524	3.1298e-07	-3.1272e-07	-0.00107214	-3.2868e-09	0.00107294	3.129e-07	-3.1268e-07	-0.00056818	-3.358e-09	0.00056866	3.136e-07	-3.1348e-07	-4.0334e-05	-3.4372e-09	4.03e-05	3.1348e-07	-3.1352e-07
0.25	-0.0043104	-2.8915e-09	0.0043102	3.1404e-07	-3.133e-07	-0.0039946	-2.9486e-09	0.003995	3.1464e-07	-3.1398e-07	-0.003657	-3.0001e-09	0.0036554	3.145e-07	-3.1382e-07	-0.0032928	-3.0535e-09	0.0032926	3.1358e-07	-3.13e-07	-0.0029042	-3.1134e-09	0.0029056	3.1416e-07	-3.1364e-07	-0.0024916	-3.1695e-09	0.0024918	3.14e-07	-3.1354e-07	-0.0020498	-3.2404e-09	0.0020504	3.1386e-07	-3.1352e-07	-0.0015838	-3.2987e-09	0.001585	3.1298e-07	-3.1264e-07	-0.00109314	-3.3746e-09	0.00109286	3.1296e-07	-3.1276e-07	-0.00057816	-3.4408e-09	0.000578	3.136e-07	-3.135e-07	-4.0642e-05	-3.5159e-09	4.0612e-05	3.135e-07	-3.1356e-07
0.245	-0.0044204	-2.9762e-09	0.0044204	3.141e-07	-3.1328e-07	-0.0040938	-3.0248e-09	0.0040932	3.1462e-07	-3.1404e-07	-0.003743	-3.0762e-09	0.0037438	3.1446e-07	-3.1386e-07	-0.0033676	-3.1314e-09	0.003369	3.1352e-07	-3.1294e-07	-0.002969	-3.1919e-09	0.0029692	3.1418e-07	-3.1374e-07	-0.002544	-3.2556e-09	0.0025432	3.1398e-07	-3.1364e-07	-0.0020918	-3.3183e-09	0.0020916	3.138e-07	-3.1354e-07	-0.0016144	-3.3792e-09	0.0016136	3.1214e-07	-3.1252e-07	-0.00111356	-3.4532e-09	0.00111458	3.1292e-07	-3.1278e-07	-0.00058872	-3.5119e-09	0.00058882	3.1366e-07	-3.1348e-07	-4.1542e-05	-3.596e-09	4.1552e-05	3.135e-07	-3.1348e-07
0.24	-0.0045278	-3.0467e-09	0.0045278	3.1338e-07	-3.126e-07	-0.0041892	-3.0977e-09	0.00419	3.1462e-07	-3.139e-07	-0.0038272	-3.1537e-09	0.0038276	3.1442e-07	-3.1378e-07	-0.0034406	-3.204e-09	0.0034406	3.1352e-07	-3.1296e-07	-0.0030296	-3.2641e-09	0.0030314	3.142e-07	-3.138e-07	-0.002594	-3.3222e-09	0.0025946	3.14e-07	-3.1354e-07	-0.0021314	-3.3961e-09	0.0021334	3.1384e-07	-3.1366e-07	-0.0016438	-3.4658e-09	0.001644	3.1302e-07	-3.1264e-07	-0.00113272	-3.5282e-09	0.00113414	3.129e-07	-3.1278e-07	-0.00059844	-3.6111e-09	0.00059838	3.1362e-07	-3.1344e-07	-4.246e-05	-3.6851e-09	4.2126e-05	3.1358e-07	-3.1352e-07
0.235	-0.0046338	-3.1221e-09	0.0046346	3.1404e-07	-3.1326e-07	-0.0042856	-3.1692e-09	0.0042854	3.1466e-07	-3.139e-07	-0.0039112	-3.2246e-09	0.0039116	3.145e-07	-3.1378e-07	-0.0035136	-3.2812e-09	0.0035142	3.1358e-07	-3.1298e-07	-0.003092	-3.3445e-09	0.0030932	3.1422e-07	-3.1372e-07	-0.0026452	-3.4044e-09	0.0026464	3.1408e-07	-3.1356e-07	-0.0021722	-3.4786e-09	0.002172	3.139e-07	-3.1354e-07	-0.0016734	-3.5441e-09	0.0016744	3.1296e-07	-3.1262e-07	-0.0011526	-3.6207e-09	0.0011532	3.1296e-07	-3.1272e-07	-0.00060954	-3.708e-09	0.00061014	3.1356e-07	-3.1348e-07	-4.2812e-05	-3.7691e-09	4.2828e-05	3.1354e-07	-3.1346e-07
0.23	-0.0047394	-3.1998e-09	0.0047398	3.1408e-07	-3.1322e-07	-0.0043792	-3.2453e-09	0.0043772	3.147e-07	-3.1388e-07	-0.0039928	-3.2999e-09	0.003994	3.1444e-07	-3.1386e-07	-0.0035836	-3.3805e-09	0.003585	3.1356e-07	-3.1298e-07	-0.0031516	-3.421e-09	0.0031532	3.142e-07	-3.1374e-07	-0.0026942	-3.4951e-09	0.002695	3.1406e-07	-3.1362e-07	-0.0022108	-3.55e-09	0.0022116	3.1386e-07	-3.136e-07	-0.0017034	-3.6289e-09	0.0017034	3.1294e-07	-3.1268e-07	-0.0011726	-3.7207e-09	0.001173	3.1298e-07	-3.128e-07	-0.00061832	-3.795e-09	0.00061884	3.1362e-07	-3.1352e-07	-4.3552e-05	-3.8756e-09	4.338e-05	3.1348e-07	-3.1346e-07
0.225	-0.0048436	-3.2624e-09	0.004845	3.141e-07	-3.1324e-07	-0.0044706	-3.3396e-09	0.0044722	3.151e-07	-3.144e-07	-0.0040756	-3.3842e-09	0.0040754	3.1438e-07	-3.1376e-07	-0.0036556	-3.4379e-09	0.003655	3.135e-07	-3.1298e-07	-0.0032136	-3.4882e-09	0.0032134	3.1426e-07	-3.1376e-07	-0.0027438	-3.5747e-09	0.0027442	3.1402e-07	-3.136e-07	-0.0022502	-3.6502e-09	0.0022506	3.139e-07	-3.136e-07	-0.0017322	-3.7247e-09	0.0017322	3.1292e-07	-3.1264e-07	-0.0011906	-3.8059e-09	0.001193	3.1296e-07	-3.1276e-07	-0.00062874	-3.8883e-09	0.00062812	3.1362e-07	-3.135e-07	-4.4378e-05	-3.9683e-09	4.4432e-05	3.1354e-07	-3.1348e-07
0.22	-0.0049456	-3.3342e-09	0.0049474	3.1408e-07	-3.1276e-07	-0.0045624	-3.404e-09	0.0045622	3.1506e-07	-3.1398e-07	-0.0041544	-3.4642e-09	0.0041562	3.1456e-07	-3.139e-07	-0.0037242	-3.5341e-09	0.0037234	3.1356e-07	-3.1298e-07	-0.0032708	-3.5822e-09	0.003272	3.142e-07	-3.1372e-07	-0.0027926	-3.6616e-09	0.002792	3.1392e-07	-3.1352e-07	-0.002288	-3.7422e-09	0.0022884	3.1394e-07	-3.1358e-07	-0.00176	-3.8137e-09	0.0017606	3.1298e-07	-3.1272e-07	-0.0012096	-3.8847e-09	0.00121	3.1284e-07	-3.127e-07	-0.00063814	-3.9658e-09	0.0006381	3.1362e-07	-3.135e-07	-4.4832e-05	-4.0552e-09	4.4994e-05	3.1344e-07	-3.1346e-07
0.215	-0.0050482	-3.4237e-09	0.005049	3.1404e-07	-3.1322e-07	-0.0046534	-3.484e-09	0.004654	3.1458e-07	-3.1392e-07	-0.004236	-3.548e-09	0.0042362	3.1448e-07	-3.1394e-07	-0.003793	-3.6135e-09	0.0037926	3.129e-07	-3.1288e-07	-0.003329	-3.6757e-09	0.0033296	3.142e-07	-3.137e-07	-0.0028404	-3.7465e-09	0.0028402	3.14e-07	-3.1354e-07	-0.0023248	-3.8259e-09	0.002326	3.1392e-07	-3.1358e-07	-0.0017876	-3.8983e-09	0.001788	3.1292e-07	-3.1208e-07	-0.001228	-3.9729e-09	0.0012294	3.1296e-07	-3.1272e-07	-0.00064762	-4.0679e-09	0.00064652	3.136e-07	-3.1356e-07	-4.5512e-05	-4.159e-09	4.564e-05	3.1354e-07	-3.1354e-07
0.21	-0.0051472	-3.4575e-09	0.0051468	3.1416e-07	-3.133e-07	-0.0047416	-3.5601e-09	0.0047402	3.1466e-07	-3.1398e-07	-0.0043126	-3.6249e-09	0.0043136	3.1446e-07	-3.1384e-07	-0.0038592	-3.6916e-09	0.0038598	3.1286e-07	-3.1238e-07	-0.003386	-3.7606e-09	0.003386	3.1426e-07	-3.1376e-07	-0.0028854	-3.8305e-09	0.0028858	3.14e-07	-3.136e-07	-0.0023614	-3.9124e-09	0.0023628	3.139e-07	-3.1354e-07	-0.001816	-3.9869e-09	0.0018152	3.1302e-07	-3.1256e-07	-0.0012464	-4.0662e-09	0.001247	3.129e-07	-3.1278e-07	-0.00065726	-4.1665e-09	0.00065676	3.1368e-07	-3.1354e-07	-4.6094e-05	-4.2448e-09	4.6006e-05	3.1348e-07	-3.1356e-07
0.205	-0.005247	-3.5431e-09	0.0052474	3.141e-07	-3.1332e-07	-0.0048308	-3.6432e-09	0.0048302	3.1458e-07	-3.1394e-07	-0.0043906	-3.7071e-09	0.0043904	3.1452e-07	-3.1388e-07	-0.0039248	-3.7815e-09	0.003926	3.135e-07	-3.1298e-07	-0.0034422	-3.8508e-09	0.003442	3.1428e-07	-3.1372e-07	-0.0029308	-3.9202e-09	0.0029314	3.1398e-07	-3.136e-07	-0.0023986	-4.0003e-09	0.0023988	3.14e-07	-3.1356e-07	-0.0018418	-4.0804e-09	0.001841	3.129e-07	-3.1266e-07	-0.0012642	-4.17e-09	0.0012648	3.1294e-07	-3.1214e-07	-0.00066566	-4.27e-09	0.00066642	3.1362e-07	-3.1358e-07	-4.6566e-05	-4.3439e-09	4.6682e-05	3.135e-07	-3.1356e-07
0.2	-0.0053424	-3.6277e-09	0.0053432	3.1408e-07	-3.1336e-07	-0.0049138	-3.7455e-09	0.0049156	3.1462e-07	-3.1398e-07	-0.004465	-3.7927e-09	0.0044638	3.1448e-07	-3.1388e-07	-0.0039904	-3.8696e-09	0.0039902	3.135e-07	-3.13e-07	-0.0034966	-3.9312e-09	0.0034976	3.1424e-07	-3.137e-07	-0.0029762	-4.0127e-09	0.002976	3.1398e-07	-3.1364e-07	-0.0024328	-4.0869e-09	0.0024338	3.1388e-07	-3.1358e-07	-0.0018682	-4.176e-09	0.0018678	3.13e-07	-3.1274e-07	-0.0012822	-4.2651e-09	0.0012834	3.1284e-07	-3.128e-07	-0.00067368	-4.3453e-09	0.00067356	3.1356e-07	-3.1352e-07	-4.7462e-05	-4.4502e-09	4.7346e-05	3.135e-07	-3.1348e-07
0.195	-0.00544	-3.7502e-09	0.0054386	3.1344e-07	-3.1338e-07	-0.0050006	-3.8113e-09	0.0050012	3.146e-07	-3.1394e-07	-0.0045394	-3.886e-09	0.0045392	3.1446e-07	-3.1388e-07	-0.004054	-3.9612e-09	0.004055	3.129e-07	-3.1298e-07	-0.0035504	-4.025e-09	0.003551	3.1424e-07	-3.1376e-07	-0.0030218	-4.1062e-09	0.0030216	3.1408e-07	-3.137e-07	-0.002469	-4.1892e-09	0.0024706	3.1388e-07	-3.136e-07	-0.0018934	-4.273e-09	0.0018942	3.1302e-07	-3.1274e-07	-0.0012992	-4.3618e-09	0.0013012	3.1274e-07	-3.1268e-07	-0.00068286	-4.4505e-09	0.00068328	3.1362e-07	-3.1358e-07	-4.782e-05	-4.5443e-09	4.7782e-05	3.1352e-07	-3.1348e-07
0.19	-0.0055318	-3.8408e-09	0.005534	3.141e-07	-3.1328e-07	-0.0050832	-3.9019e-09	0.0050838	3.1494e-07	-3.1424e-07	-0.0046114	-3.9753e-09	0.0046124	3.144e-07	-3.1386e-07	-0.0041162	-4.0546e-09	0.004118	3.1354e-07	-3.1294e-07	-0.0036026	-4.1203e-09	0.003605	3.142e-07	-3.1376e-07	-0.0030648	-4.1961e-09	0.0030648	3.1398e-07	-3.1362e-07	-0.002504	-4.2837e-09	0.0025036	3.139e-07	-3.1352e-07	-0.0019198	-4.3761e-09	0.0019192	3.1292e-07	-3.1274e-07	-0.0013154	-4.4632e-09	0.0013152	3.1288e-07	-3.127e-07	-0.00069118	-4.5463e-09	0.00069184	3.1358e-07	-3.135e-07	-4.8362e-05	-4.6467e-09	4.8462e-05	3.1338e-07	-3.134e-07
0.185	-0.0056256	-3.9227e-09	0.0056266	3.1396e-07	-3.1336e-07	-0.0051662	-4.0068e-09	0.005167	3.1458e-07	-3.1394e-07	-0.0046846	-4.0602e-09	0.0046848	3.145e-07	-3.1384e-07	-0.00418	-4.1355e-09	0.0041798	3.1356e-07	-3.1298e-07	-0.0036564	-4.216e-09	0.0036562	3.1422e-07	-3.1372e-07	-0.0031084	-4.2978e-09	0.0031086	3.1408e-07	-3.1362e-07	-0.0025366	-4.3785e-09	0.0025372	3.139e-07	-3.1358e-07	-0.0019442	-4.4909e-09	0.0019442	3.1292e-07	-3.1272e-07	-0.0013324	-4.5563e-09	0.001333	3.1294e-07	-3.1266e-07	-0.00069976	-4.6601e-09	0.0007002	3.136e-07	-3.1352e-07	-4.9136e-05	-4.7551e-09	4.908e-05	3.1348e-07	-3.134e-07
0.18	-0.0057162	-4.0116e-09	0.0057162	3.1408e-07	-3.1336e-07	-0.0052458	-4.0802e-09	0.005247	3.1464e-07	-3.1394e-07	-0.004755	-4.1506e-09	0.0047556	3.1442e-07	-3.1388e-07	-0.0042398	-4.2324e-09	0.0042404	3.1348e-07	-3.1298e-07	-0.003708	-4.3058e-09	0.0037082	3.1422e-07	-3.1384e-07	-0.0031504	-4.3894e-09	0.0031516	3.1402e-07	-3.1366e-07	-0.0025702	-4.4755e-09	0.002571	3.139e-07	-3.1352e-07	-0.0019688	-4.5653e-09	0.0019706	3.1276e-07	-3.1202e-07	-0.0013484	-4.664e-09	0.0013492	3.1284e-07	-3.1266e-07	-0.000709	-4.7615e-09	0.00070918	3.1354e-07	-3.1338e-07	-4.985e-05	-4.8591e-09	4.9764e-05	3.1354e-07	-3.1346e-07
0.175	-0.0058056	-4.102e-09	0.005807	3.1404e-07	-3.1264e-07	-0.0053268	-4.1778e-09	0.0053266	3.146e-07	-3.1394e-07	-0.0048248	-4.2449e-09	0.0048262	3.1454e-07	-3.1384e-07	-0.0043002	-4.3271e-09	0.004301	3.1354e-07	-3.1298e-07	-0.0037592	-4.403e-09	0.0037594	3.143e-07	-3.1384e-07	-0.0031926	-4.4866e-09	0.0031922	3.1408e-07	-3.136e-07	-0.0026032	-4.5745e-09	0.0026022	3.1388e-07	-3.136e-07	-0.0019938	-4.6666e-09	0.0019928	3.1294e-07	-3.1272e-07	-0.001364	-4.7698e-09	0.0013648	3.1298e-07	-3.1272e-07	-0.00071656	-4.8644e-09	0.00071608	3.1366e-07	-3.135e-07	-5.0178e-05	-4.9734e-09	5.0314e-05	3.1354e-07	-3.135e-07
0.17	-0.0058936	-4.1926e-09	0.0058952	3.1348e-07	-3.1274e-07	-0.0054034	-4.2583e-09	0.0054042	3.146e-07	-3.139e-07	-0.0048934	-4.3415e-09	0.0048932	3.1444e-07	-3.1394e-07	-0.0043582	-4.4232e-09	0.0043596	3.135e-07	-3.1304e-07	-0.0038076	-4.5104e-09	0.0038086	3.1424e-07	-3.1378e-07	-0.003232	-4.5912e-09	0.003232	3.1404e-07	-3.1352e-07	-0.0026344	-4.6761e-09	0.002635	3.1394e-07	-3.1352e-07	-0.0020162	-4.7699e-09	0.0020178	3.13e-07	-3.1274e-07	-0.0013794	-4.875e-09	0.0013806	3.1284e-07	-3.1274e-07	-0.0007253	-4.9715e-09	0.00072502	3.1362e-07	-3.135e-07	-5.059e-05	-5.0795e-09	5.0508e-05	3.1352e-07	-3.1346e-07
0.165	-0.0059802	-4.2738e-09	0.0059808	3.1404e-07	-3.1336e-07	-0.005481	-4.3501e-09	0.0054808	3.1456e-07	-3.1394e-07	-0.0049592	-4.4376e-09	0.0049594	3.1444e-07	-3.139e-07	-0.0044152	-4.52e-09	0.0044164	3.1354e-07	-3.1292e-07	-0.0038558	-4.6002e-09	0.003856	3.1448e-07	-3.1412e-07	-0.003272	-4.6878e-09	0.0032728	3.1404e-07	-3.1366e-07	-0.002666	-4.7848e-09	0.002666	3.139e-07	-3.1358e-07	-0.0020388	-4.8819e-09	0.0020408	3.1292e-07	-3.1268e-07	-0.0013944	-4.9826e-09	0.0013962	3.129e-07	-3.1274e-07	-0.00073168	-5.0751e-09	0.00073254	3.1354e-07	-3.1346e-07	-5.1306e-05	-5.1916e-09	5.1348e-05	3.135e-07	-3.1352e-07
0.16	-0.0060664	-4.3702e-09	0.0060666	3.1402e-07	-3.1336e-07	-0.005557	-4.4308e-09	0.0055576	3.1472e-07	-3.1394e-07	-0.0050272	-4.5291e-09	0.0050268	3.1444e-07	-3.1386e-07	-0.004473	-4.62e-09	0.0044742	3.135e-07	-3.1298e-07	-0.0039048	-4.7089e-09	0.0039052	3.143e-07	-3.1376e-07	-0.0033112	-4.7999e-09	0.0033128	3.1404e-07	-3.1368e-07	-0.0026968	-4.8964e-09	0.0026968	3.1388e-07	-3.1358e-07	-0.0020626	-4.9966e-09	0.002063	3.1298e-07	-3.1268e-07	-0.0014112	-5.0963e-09	0.0014118	3.1282e-07	-3.1258e-07	-0.00074042	-5.1995e-09	0.00074038	3.1362e-07	-3.1346e-07	-5.19e-05	-5.3028e-09	5.1778e-05	3.1356e-07	-3.1352e-07
0.155	-0.006149	-4.4689e-09	0.0061488	3.1406e-07	-3.1264e-07	-0.0056292	-4.5467e-09	0.0056316	3.1456e-07	-3.1394e-07	-0.005091	-4.6282e-09	0.0050914	3.145e-07	-3.1376e-07	-0.0045288	-4.7192e-09	0.0045284	3.135e-07	-3.1294e-07	-0.003951	-4.8077e-09	0.0039518	3.1424e-07	-3.1378e-07	-0.003349	-4.9052e-09	0.0033494	3.1402e-07	-3.1364e-07	-0.0027272	-4.9987e-09	0.0027276	3.139e-07	-3.1346e-07	-0.0020856	-5.0893e-09	0.0020852	3.1296e-07	-3.1268e-07	-0.0014242	-5.2075e-09	0.0014246	3.1286e-07	-3.127e-07	-0.00074754	-5.3066e-09	0.00074832	3.136e-07	-3.135e-07	-5.2108e-05	-5.4294e-09	5.22e-05	3.1346e-07	-3.1346e-07
0.15	-0.0062332	-4.5627e-09	0.0062352	3.1332e-07	-3.1334e-07	-0.0057048	-4.6542e-09	0.005704	3.1458e-07	-3.1398e-07	-0.005155	-4.7304e-09	0.005154	3.1446e-07	-3.1382e-07	-0.0045834	-4.8181e-09	0.0045844	3.1356e-07	-3.1296e-07	-0.0039982	-4.9192e-09	0.0039972	3.1428e-07	-3.1382e-07	-0.0033864	-5.0049e-09	0.003387	3.14e-07	-3.1358e-07	-0.0027572	-5.1102e-09	0.0027568	3.138e-07	-3.1352e-07	-0.002109	-5.204e-09	0.0021084	3.1272e-07	-3.1276e-07	-0.0014402	-5.3229e-09	0.0014404	3.1226e-07	-3.1264e-07	-0.00075368	-5.4685e-09	0.00075454	3.1362e-07	-3.1352e-07	-5.2972e-05	-5.5494e-09	5.258e-05	3.1342e-07	-3.134e-07
0.145	-0.0063146	-4.6708e-09	0.0063142	3.1368e-07	-3.1336e-07	-0.0057758	-4.7459e-09	0.0057756	3.1462e-07	-3.1404e-07	-0.005217	-4.8291e-09	0.0052184	3.1442e-07	-3.139e-07	-0.0046358	-4.9337e-09	0.004637	3.1344e-07	-3.1308e-07	-0.0040426	-5.0399e-09	0.0040438	3.1458e-07	-3.1384e-07	-0.0034236	-5.1178e-09	0.0034244	3.1398e-07	-3.1358e-07	-0.0027864	-5.2216e-09	0.002786	3.1396e-07	-3.1362e-07	-0.002128	-5.3244e-09	0.0021286	3.1296e-07	-3.1268e-07	-0.0014534	-5.4297e-09	0.0014542	3.1222e-07	-3.1204e-07	-0.00076216	-5.7948e-09	0.00076128	3.1352e-07	-3.1346e-07	-5.3174e-05	-5.6666e-09	5.31e-05	3.1356e-07	-3.134e-07
0.14	-0.0063942	-4.8295e-09	0.006395	3.142e-07	-3.1336e-07	-0.0058446	-4.8537e-09	0.0058456	3.1464e-07	-3.1404e-07	-0.0052784	-4.9435e-09	0.0052792	3.145e-07	-3.1384e-07	-0.0046904	-5.0363e-09	0.00469	3.1352e-07	-3.1294e-07	-0.0040878	-5.1379e-09	0.0040876	3.142e-07	-3.1378e-07	-0.0034608	-5.225e-09	0.0034612	3.1402e-07	-3.1366e-07	-0.0028148	-5.3284e-09	0.0028156	3.1392e-07	-3.136e-07	-0.0021518	-5.439e-09	0.0021504	3.1296e-07	-3.1268e-07	-0.0014686	-5.5568e-09	0.0014684	3.1298e-07	-3.1266e-07	-0.0007685	-5.6631e-09	0.00076912	3.1356e-07	-3.134e-07	-5.3468e-05	-5.7966e-09	5.372e-05	3.1348e-07	-3.135e-07
0.135	-0.0064714	-4.9374e-09	0.0064734	3.141e-07	-3.133e-07	-0.005915	-4.9486e-09	0.0059146	3.147e-07	-3.14e-07	-0.0053382	-5.0452e-09	0.0053398	3.1438e-07	-3.1388e-07	-0.0047414	-5.1468e-09	0.0047416	3.129e-07	-3.1234e-07	-0.0041312	-5.2504e-09	0.0041316	3.1422e-07	-3.1374e-07	-0.0034968	-5.3416e-09	0.0034976	3.1416e-07	-3.136e-07	-0.0028426	-5.4506e-09	0.0028432	3.1392e-07	-3.1366e-07	-0.002172	-5.5601e-09	0.0021706	3.1296e-07	-3.127e-07	-0.0014816	-5.6802e-09	0.0014818	3.129e-07	-3.1264e-07	-0.00077666	-5.7913e-09	0.00077658	3.136e-07	-3.135e-07	-5.3952e-05	-5.9176e-09	5.4168e-05	3.1344e-07	-3.1342e-07
0.13	-0.006549	-4.9868e-09	0.0065502	3.1418e-07	-3.1334e-07	-0.0059828	-5.0489e-09	0.005984	3.1464e-07	-3.14e-07	-0.0053992	-5.1591e-09	0.0053982	3.145e-07	-3.1384e-07	-0.0047932	-5.266e-09	0.0047948	3.1344e-07	-3.1294e-07	-0.004174	-5.3651e-09	0.0041734	3.1422e-07	-3.137e-07	-0.0035324	-5.4655e-09	0.0035314	3.14e-07	-3.1364e-07	-0.0028712	-5.5777e-09	0.002871	3.1394e-07	-3.1362e-07	-0.0021918	-5.6801e-09	0.0021906	3.1298e-07	-3.1274e-07	-0.0014962	-5.8031e-09	0.0014948	3.129e-07	-3.1202e-07	-0.00078246	-5.9082e-09	0.0007824	3.136e-07	-3.1354e-07	-5.4522e-05	-6.0435e-09	5.4346e-05	3.134e-07	-3.1346e-07
0.125	-0.0066244	-5.0841e-09	0.0066252	3.1418e-07	-3.1336e-07	-0.0060496	-5.1718e-09	0.0060496	3.1466e-07	-3.14e-07	-0.005458	-5.2703e-09	0.0054556	3.1442e-07	-3.1382e-07	-0.0048424	-5.3724e-09	0.0048426	3.1358e-07	-3.1298e-07	-0.0042172	-5.4709e-09	0.0042166	3.1434e-07	-3.1376e-07	-0.003566	-5.5804e-09	0.0035658	3.1406e-07	-3.1372e-07	-0.0028974	-5.6856e-09	0.0028968	3.1402e-07	-3.1364e-07	-0.0022106	-5.8028e-09	0.0022112	3.1296e-07	-3.1274e-07	-0.0015086	-5.9237e-09	0.0015096	3.1292e-07	-3.1272e-07	-0.00078936	-6.0501e-09	0.00078906	3.1354e-07	-3.134e-07	-5.5098e-05	-6.1769e-09	5.4984e-05	3.1346e-07	-3.1346e-07
0.12	-0.0066996	-5.172e-09	0.0066992	3.1408e-07	-3.1336e-07	-0.0061166	-5.2846e-09	0.006117	3.1466e-07	-3.1394e-07	-0.005514	-5.3785e-09	0.0055136	3.144e-07	-3.1388e-07	-0.0048924	-5.4854e-09	0.004892	3.1286e-07	-3.1234e-07	-0.0042584	-5.5928e-09	0.0042588	3.1428e-07	-3.1388e-07	-0.0035996	-5.699e-09	0.0036014	3.1398e-07	-3.1358e-07	-0.0029256	-5.8204e-09	0.0029248	3.1398e-07	-3.1358e-07	-0.0022316	-5.9261e-09	0.0022318	3.1298e-07	-3.1276e-07	-0.0015212	-6.0351e-09	0.0015222	3.1214e-07	-3.1264e-07	-0.00079618	-6.17e-09	0.00079672	3.1354e-07	-3.1352e-07	-5.5734e-05	-6.3085e-09	5.5778e-05	3.1342e-07	-3.134e-07
0.115	-0.0067704	-5.2852e-09	0.0067714	3.1414e-07	-3.1336e-07	-0.0061798	-5.3984e-09	0.0061794	3.1464e-07	-3.1402e-07	-0.00557	-5.4982e-09	0.0055706	3.1444e-07	-3.1382e-07	-0.0049408	-5.6104e-09	0.0049404	3.1344e-07	-3.1296e-07	-0.004298	-5.71e-09	0.0042988	3.1426e-07	-3.138e-07	-0.0036334	-5.8218e-09	0.0036346	3.14e-07	-3.1358e-07	-0.0029494	-5.9569e-09	0.002952	3.1398e-07	-3.1364e-07	-0.0022506	-6.055e-09	0.0022518	3.1312e-07	-3.128e-07	-0.0015342	-6.1847e-09	0.0015346	3.1292e-07	-3.127e-07	-0.0008031	-6.2933e-09	0.00080294	3.1356e-07	-3.1348e-07	-5.5892e-05	-6.4417e-09	5.601e-05	3.1348e-07	-3.1342e-07
0.11	-0.0068444	-5.394e-09	0.006844	3.1406e-07	-3.133e-07	-0.0062444	-5.5158e-09	0.0062444	3.1468e-07	-3.1396e-07	-0.0056246	-5.6195e-09	0.0056254	3.144e-07	-3.1376e-07	-0.0049882	-5.72e-09	0.0049884	3.1342e-07	-3.13e-07	-0.0043394	-5.8298e-09	0.0043396	3.142e-07	-3.1378e-07	-0.0036648	-5.9348e-09	0.003666	3.1396e-07	-3.136e-07	-0.0029766	-6.0586e-09	0.0029776	3.1396e-07	-3.1362e-07	-0.00227	-6.1842e-09	0.0022698	3.1302e-07	-3.1268e-07	-0.0015472	-6.3147e-09	0.0015478	3.1296e-07	-3.1276e-07	-0.00080878	-6.4412e-09	0.00080864	3.1358e-07	-3.134e-07	-5.654e-05	-6.5916e-09	5.6624e-05	3.1336e-07	-3.134e-07
0.105	-0.0069142	-5.5209e-09	0.0069146	3.1412e-07	-3.1334e-07	-0.0063056	-5.6197e-09	0.006306	3.1462e-07	-3.139e-07	-0.005681	-5.7365e-09	0.0056802	3.145e-07	-3.1392e-07	-0.0050342	-5.8317e-09	0.0050348	3.1348e-07	-3.1298e-07	-0.0043774	-5.9547e-09	0.0043794	3.142e-07	-3.1374e-07	-0.003698	-6.0712e-09	0.0036978	3.1402e-07	-3.136e-07	-0.0030018	-6.1989e-09	0.0030026	3.1392e-07	-3.1356e-07	-0.0022876	-6.3233e-09	0.002288	3.1302e-07	-3.1272e-07	-0.0015596	-6.4442e-09	0.00156	3.1286e-07	-3.1276e-07	-0.00081588	-6.5799e-09	0.0008153	3.1354e-07	-3.1346e-07	-5.6926e-05	-6.7242e-09	5.703e-05	3.1344e-07	-3.1342e-07
0.1	-0.0069826	-5.6518e-09	0.0069834	3.141e-07	-3.1322e-07	-0.0063668	-5.7484e-09	0.0063668	3.146e-07	-3.14e-07	-0.0057328	-5.8555e-09	0.005734	3.1448e-07	-3.1382e-07	-0.005082	-5.9767e-09	0.0050816	3.1278e-07	-3.1236e-07	-0.004417	-6.0747e-09	0.0044182	3.1416e-07	-3.138e-07	-0.0037292	-6.2043e-09	0.0037294	3.1404e-07	-3.1366e-07	-0.0030282	-6.3311e-09	0.0030284	3.1398e-07	-3.1358e-07	-0.0023064	-6.4495e-09	0.002308	3.1302e-07	-3.128e-07	-0.0015708	-6.5886e-09	0.0015722	3.1298e-07	-3.1268e-07	-0.0008214	-6.7238e-09	0.00082176	3.1356e-07	-3.135e-07	-5.7468e-05	-6.8726e-09	5.7336e-05	3.1342e-07	-3.1342e-07
0.095	-0.00705	-5.7606e-09	0.0070514	3.1416e-07	-3.133e-07	-0.006426	-5.8668e-09	0.006427	3.1462e-07	-3.1394e-07	-0.0057844	-6.0076e-09	0.0057866	3.1442e-07	-3.1388e-07	-0.0051254	-6.0926e-09	0.0051258	3.1354e-07	-3.13e-07	-0.0044542	-6.1942e-09	0.0044548	3.1426e-07	-3.1382e-07	-0.003759	-6.3376e-09	0.0037612	3.1398e-07	-3.1366e-07	-0.0030504	-6.465e-09	0.00305	3.1392e-07	-3.1362e-07	-0.0023242	-6.5952e-09	0.002325	3.1294e-07	-3.1286e-07	-0.001584	-6.7213e-09	0.001584	3.1294e-07	-3.127e-07	-0.00082666	-6.8711e-09	0.00082808	3.1358e-07	-3.1348e-07	-5.7616e-05	-7.0014e-09	5.742e-05	3.135e-07	-3.1352e-07
0.09	-0.0071174	-5.8841e-09	0.007118	3.1406e-07	-3.1336e-07	-0.006485	-5.9945e-09	0.0064858	3.1454e-07	-3.1396e-07	-0.005836	-6.1116e-09	0.005836	3.1444e-07	-3.1384e-07	-0.0051692	-6.2299e-09	0.0051694	3.1356e-07	-3.1306e-07	-0.0044912	-6.3189e-09	0.0044928	3.142e-07	-3.1376e-07	-0.003791	-6.4738e-09	0.003791	3.14e-07	-3.1366e-07	-0.0030748	-6.6066e-09	0.0030738	3.1394e-07	-3.1366e-07	-0.0023408	-6.7344e-09	0.0023426	3.1304e-07	-3.1282e-07	-0.0015958	-6.8667e-09	0.0015968	3.1292e-07	-3.1276e-07	-0.00083228	-7.0104e-09	0.00083366	3.1362e-07	-3.1348e-07	-5.8268e-05	-7.156e-09	5.8092e-05	3.1352e-07	-3.1348e-07
0.085	-0.007183	-6.0095e-09	0.007183	3.1412e-07	-3.1334e-07	-0.0065436	-6.1196e-09	0.0065434	3.1462e-07	-3.1406e-07	-0.0058866	-6.2405e-09	0.0058862	3.1448e-07	-3.139e-07	-0.0052126	-6.3495e-09	0.0052126	3.1354e-07	-3.1292e-07	-0.0045274	-6.4558e-09	0.004529	3.1414e-07	-3.1376e-07	-0.00382	-6.8565e-09	0.0038208	3.1406e-07	-3.1366e-07	-0.0030962	-6.7314e-09	0.0030984	3.1396e-07	-3.1354e-07	-0.0023578	-6.8746e-09	0.0023594	3.1302e-07	-3.1276e-07	-0.0016072	-7.0183e-09	0.0016074	3.1284e-07	-3.1274e-07	-0.00083986	-7.4372e-09	0.00083944	3.1362e-07	-3.1348e-07	-5.8334e-05	-7.3139e-09	5.8216e-05	3.1342e-07	-3.1346e-07
0.08	-0.0072482	-6.1195e-09	0.0072488	3.1404e-07	-3.1338e-07	-0.0066012	-6.2569e-09	0.0066002	3.1464e-07	-3.1398e-07	-0.0059368	-6.3686e-09	0.0059368	3.1478e-07	-3.1418e-07	-0.005255	-6.4868e-09	0.0052566	3.135e-07	-3.1294e-07	-0.0045644	-6.6153e-09	0.0045652	3.1412e-07	-3.1378e-07	-0.0038508	-7.0158e-09	0.0038504	3.1396e-07	-3.137e-07	-0.0031216	-6.8723e-09	0.0031212	3.1392e-07	-3.1358e-07	-0.0023756	-7.0235e-09	0.0023776	3.1236e-07	-3.121e-07	-0.001617	-7.1684e-09	0.001618	3.1292e-07	-3.1282e-07	-0.00084512	-7.3176e-09	0.00084508	3.1362e-07	-3.1352e-07	-5.915e-05	-7.4714e-09	5.9222e-05	3.1348e-07	-3.1346e-07
0.075	-0.00731	-6.2571e-09	0.0073104	3.1366e-07	-3.1336e-07	-0.006654	-6.3783e-09	0.0066556	3.1458e-07	-3.14e-07	-0.0059852	-6.5067e-09	0.005985	3.145e-07	-3.139e-07	-0.0052964	-6.6315e-09	0.0052968	3.135e-07	-3.13e-07	-0.0045982	-6.7536e-09	0.004598	3.1418e-07	-3.1376e-07	-0.0038776	-6.8895e-09	0.0038802	3.1404e-07	-3.1372e-07	-0.0031422	-7.0261e-09	0.0031442	3.1394e-07	-3.136e-07	-0.002393	-7.1763e-09	0.0023946	3.1302e-07	-3.1276e-07	-0.00163	-7.3149e-09	0.001629	3.128e-07	-3.1276e-07	-0.00085208	-7.4676e-09	0.00084968	3.136e-07	-3.1344e-07	-5.919e-05	-7.699e-09	5.9416e-05	3.1348e-07	-3.1352e-07
0.07	-0.0073724	-6.3956e-09	0.0073726	3.1408e-07	-3.1334e-07	-0.0067104	-6.5164e-09	0.0067118	3.1462e-07	-3.1392e-07	-0.006032	-6.646e-09	0.0060336	3.1442e-07	-3.139e-07	-0.0053378	-6.7663e-09	0.0053382	3.1278e-07	-3.1298e-07	-0.0046336	-6.9023e-09	0.0046342	3.1418e-07	-3.137e-07	-0.003906	-7.0398e-09	0.003907	3.1402e-07	-3.1366e-07	-0.0031648	-7.2631e-09	0.0031646	3.1392e-07	-3.1354e-07	-0.0024088	-7.3245e-09	0.0024086	3.1308e-07	-3.1276e-07	-0.0016394	-7.4939e-09	0.0016396	3.129e-07	-3.127e-07	-0.0008552	-7.6351e-09	0.00085772	3.1352e-07	-3.1354e-07	-5.9718e-05	-7.7948e-09	5.9846e-05	3.1342e-07	-3.1348e-07
0.065	-0.0074342	-6.5261e-09	0.0074328	3.1326e-07	-3.1262e-07	-0.0067652	-6.6515e-09	0.0067636	3.147e-07	-3.14e-07	-0.006079	-6.7867e-09	0.0060794	3.1446e-07	-3.1392e-07	-0.0053768	-6.9093e-09	0.0053786	3.135e-07	-3.1298e-07	-0.0046668	-7.0418e-09	0.0046672	3.1416e-07	-3.137e-07	-0.003933	-7.1875e-09	0.0039346	3.1396e-07	-3.1364e-07	-0.0031874	-7.3518e-09	0.0031874	3.139e-07	-3.1352e-07	-0.0024254	-7.4696e-09	0.0024256	3.1304e-07	-3.1278e-07	-0.0016502	-7.6269e-09	0.0016526	3.1294e-07	-3.1282e-07	-0.0008612	-7.7848e-09	0.00086174	3.1356e-07	-3.135e-07	-6.036e-05	-7.9515e-09	6.0206e-05	3.1348e-07	-3.1342e-07
0.06	-0.0074924	-6.6717e-09	0.007493	3.1338e-07	-3.1252e-07	-0.0068164	-6.79e-09	0.0068176	3.1462e-07	-3.1402e-07	-0.0061242	-6.9195e-09	0.006125	3.1452e-07	-3.1394e-07	-0.0054176	-7.0531e-09	0.0054194	3.1348e-07	-3.1296e-07	-0.0047	-7.1877e-09	0.004701	3.1422e-07	-3.137e-07	-0.0039612	-7.3262e-09	0.0039618	3.1404e-07	-3.136e-07	-0.0032086	-7.4778e-09	0.003208	3.1386e-07	-3.1354e-07	-0.0024406	-7.6333e-09	0.0024404	3.1306e-07	-3.1278e-07	-0.0016604	-7.781e-09	0.0016618	3.129e-07	-3.1274e-07	-0.00086592	-7.9504e-09	0.00086788	3.1356e-07	-3.1344e-07	-6.0154e-05	-8.1015e-09	6.019e-05	3.1342e-07	-3.1346e-07
0.055	-0.0075502	-6.8109e-09	0.0075516	3.1404e-07	-3.1336e-07	-0.006868	-6.9271e-09	0.0068682	3.146e-07	-3.1396e-07	-0.0061704	-7.221e-09	0.0061704	3.1458e-07	-3.1396e-07	-0.0054566	-7.1994e-09	0.0054558	3.136e-07	-3.1302e-07	-0.004732	-7.3446e-09	0.0047332	3.1414e-07	-3.137e-07	-0.0039894	-7.4815e-09	0.0039892	3.1398e-07	-3.136e-07	-0.0032282	-7.6363e-09	0.00323	3.1386e-07	-3.1354e-07	-0.002456	-7.7915e-09	0.0024568	3.131e-07	-3.1282e-07	-0.0016696	-7.9508e-09	0.0016714	3.1298e-07	-3.127e-07	-0.0008703	-8.1171e-09	0.00087168	3.1354e-07	-3.1342e-07	-6.053e-05	-8.2842e-09	6.046e-05	3.1344e-07	-3.134e-07
0.05	-0.007609	-6.9492e-09	0.0076098	3.134e-07	-3.1272e-07	-0.006918	-7.0804e-09	0.0069186	3.1462e-07	-3.1398e-07	-0.0062146	-7.2074e-09	0.0062154	3.1448e-07	-3.139e-07	-0.005494	-7.354e-09	0.0054944	3.1366e-07	-3.13e-07	-0.0047654	-7.5045e-09	0.0047652	3.1422e-07	-3.137e-07	-0.0040136	-7.6253e-09	0.0040136	3.1406e-07	-3.137e-07	-0.0032498	-7.7961e-09	0.0032502	3.139e-07	-3.1352e-07	-0.0024722	-7.9385e-09	0.0024714	3.1306e-07	-3.128e-07	-0.0016806	-8.1222e-09	0.001681	3.1298e-07	-3.1216e-07	-0.00087634	-8.2894e-09	0.00087754	3.136e-07	-3.135e-07	-6.0946e-05	-8.458e-09	6.1114e-05	3.1346e-07	-3.1336e-07
0.045	-0.0076652	-7.0899e-09	0.007668	3.1404e-07	-3.1334e-07	-0.0069684	-7.2196e-09	0.0069702	3.1464e-07	-3.14e-07	-0.0062584	-7.3664e-09	0.0062596	3.145e-07	-3.1388e-07	-0.0055324	-7.5044e-09	0.005533	3.1344e-07	-3.1296e-07	-0.0047964	-7.6564e-09	0.0047968	3.1416e-07	-3.1374e-07	-0.0040402	-7.7966e-09	0.0040408	3.1398e-07	-3.1358e-07	-0.0032702	-7.9594e-09	0.0032704	3.1392e-07	-3.1354e-07	-0.002486	-8.1254e-09	0.0024858	3.1302e-07	-3.1284e-07	-0.0016912	-8.292e-09	0.0016896	3.1296e-07	-3.1272e-07	-0.00088124	-8.4623e-09	0.00088304	3.1356e-07	-3.135e-07	-6.1152e-05	-8.9185e-09	6.112e-05	3.1348e-07	-3.1334e-07
0.04	-0.007722	-7.2355e-09	0.007721	3.1402e-07	-3.1334e-07	-0.007019	-7.3769e-09	0.0070178	3.1462e-07	-3.1402e-07	-0.0063004	-7.528e-09	0.0063002	3.1464e-07	-3.1398e-07	-0.0055678	-7.6589e-09	0.005568	3.1348e-07	-3.1306e-07	-0.0048268	-7.804e-09	0.0048274	3.142e-07	-3.1372e-07	-0.0040638	-7.9655e-09	0.0040658	3.1396e-07	-3.1358e-07	-0.0032882	-8.1343e-09	0.0032902	3.1388e-07	-3.1354e-07	-0.0025012	-8.2878e-09	0.0025002	3.1304e-07	-3.128e-07	-0.0017008	-8.4552e-09	0.0016998	3.129e-07	-3.1276e-07	-0.00088588	-8.6268e-09	0.0008874	3.1392e-07	-3.1382e-07	-6.1536e-05	-8.8091e-09	6.1852e-05	3.1368e-07	-3.1366e-07
0.035	-0.0077758	-7.3843e-09	0.0077764	3.1406e-07	-3.1328e-07	-0.0070666	-7.5328e-09	0.0070668	3.1468e-07	-3.1408e-07	-0.0063424	-7.9453e-09	0.0063438	3.144e-07	-3.1384e-07	-0.0056054	-7.8185e-09	0.0056052	3.1354e-07	-3.13e-07	-0.0048572	-7.9772e-09	0.0048584	3.1422e-07	-3.1366e-07	-0.0040888	-8.1344e-09	0.0040896	3.14e-07	-3.136e-07	-0.0033104	-8.2995e-09	0.0033102	3.1392e-07	-3.136e-07	-0.0025156	-8.4618e-09	0.002515	3.1218e-07	-3.122e-07	-0.0017094	-8.6376e-09	0.00171	3.128e-07	-3.127e-07	-0.00088998	-9.092e-09	0.00089192	3.136e-07	-3.134e-07	-6.2072e-05	-9.0113e-09	6.205e-05	3.1344e-07	-3.1348e-07
0.03	-0.0078298	-7.5294e-09	0.0078284	3.1404e-07	-3.133e-07	-0.0071134	-7.6793e-09	0.0071138	3.147e-07	-3.14e-07	-0.0063836	-7.826e-09	0.006383	3.1454e-07	-3.139e-07	-0.0056406	-7.9831e-09	0.0056402	3.1352e-07	-3.1298e-07	-0.0048862	-8.1343e-09	0.004887	3.1416e-07	-3.1366e-07	-0.0041144	-8.2992e-09	0.0041136	3.1398e-07	-3.1356e-07	-0.0033272	-8.4697e-09	0.0033298	3.1386e-07	-3.1362e-07	-0.002529	-8.6378e-09	0.00253	3.1302e-07	-3.128e-07	-0.0017198	-8.804e-09	0.0017186	3.1254e-07	-3.1274e-07	-0.00089598	-8.9994e-09	0.00089654	3.1362e-07	-3.1348e-07	-6.2484e-05	-9.1753e-09	6.239e-05	3.135e-07	-3.1346e-07
0.025	-0.0078818	-7.7188e-09	0.0078812	3.1408e-07	-3.1332e-07	-0.007158	-7.8468e-09	0.0071598	3.1466e-07	-3.1408e-07	-0.0064238	-7.9938e-09	0.0064262	3.1452e-07	-3.1398e-07	-0.005674	-8.1595e-09	0.0056752	3.1368e-07	-3.1302e-07	-0.0049152	-8.3034e-09	0.0049164	3.1416e-07	-3.1376e-07	-0.0041382	-8.4673e-09	0.0041378	3.1398e-07	-3.1358e-07	-0.003347	-8.6511e-09	0.0033484	3.1386e-07	-3.136e-07	-0.0025436	-8.8096e-09	0.0025428	3.129e-07	-3.1274e-07	-0.001728	-8.9989e-09	0.0017292	3.1288e-07	-3.127e-07	-0.0009003	-9.1965e-09	0.00089926	3.136e-07	-3.1356e-07	-6.2674e-05	-9.378e-09	6.2692e-05	3.135e-07	-3.134e-07
0.02	-0.0079332	-7.8469e-09	0.007934	3.1342e-07	-3.1288e-07	-0.0072038	-8.0097e-09	0.0072054	3.1466e-07	-3.1396e-07	-0.0064638	-8.1485e-09	0.0064644	3.145e-07	-3.139e-07	-0.0057078	-8.3121e-09	0.0057102	3.1352e-07	-3.1304e-07	-0.0049444	-8.7425e-09	0.0049446	3.1414e-07	-3.1378e-07	-0.0041606	-8.6403e-09	0.004161	3.1396e-07	-3.1358e-07	-0.0033664	-8.8242e-09	0.0033648	3.1386e-07	-3.136e-07	-0.0025576	-8.9912e-09	0.002558	3.1296e-07	-3.1272e-07	-0.0017368	-9.1947e-09	0.0017362	3.1288e-07	-3.1274e-07	-0.00090536	-9.3703e-09	0.0009041	3.1352e-07	-3.1346e-07	-6.2784e-05	-9.5709e-09	6.2878e-05	3.1342e-07	-3.1348e-07
0.015	-0.007984	-8.0128e-09	0.007985	3.1404e-07	-3.1336e-07	-0.0072508	-8.1687e-09	0.0072502	3.1456e-07	-3.1394e-07	-0.0065032	-8.3274e-09	0.006503	3.1454e-07	-3.1394e-07	-0.0057432	-8.4912e-09	0.0057436	3.1354e-07	-3.131e-07	-0.0049718	-8.674e-09	0.0049724	3.139e-07	-3.1336e-07	-0.004184	-8.8214e-09	0.0041842	3.1402e-07	-3.137e-07	-0.0033834	-9.0112e-09	0.0033846	3.1384e-07	-3.1364e-07	-0.0025704	-9.2156e-09	0.0025712	3.1296e-07	-3.1282e-07	-0.001746	-9.3727e-09	0.0017454	3.1286e-07	-3.1274e-07	-0.00091068	-9.5688e-09	0.00090998	3.1354e-07	-3.1344e-07	-6.3184e-05	-9.7626e-09	6.3206e-05	3.1342e-07	-3.1348e-07
0.01	-0.0080344	-8.1732e-09	0.0080338	3.1398e-07	-3.133e-07	-0.0072934	-8.3425e-09	0.0072918	3.1462e-07	-3.139e-07	-0.0065418	-8.5007e-09	0.0065396	3.1452e-07	-3.1394e-07	-0.005775	-8.6659e-09	0.0057748	3.1356e-07	-3.13e-07	-0.005	-8.8481e-09	0.0050008	3.1418e-07	-3.1372e-07	-0.004208	-8.9957e-09	0.0042072	3.14e-07	-3.1362e-07	-0.0034016	-9.1892e-09	0.0034022	3.1392e-07	-3.1366e-07	-0.0025834	-9.5292e-09	0.0025834	3.1288e-07	-3.1276e-07	-0.0017546	-9.577e-09	0.0017552	3.1286e-07	-3.1222e-07	-0.00091326	-9.7649e-09	0.00091486	3.136e-07	-3.1344e-07	-6.3654e-05	-1.02476e-08	6.3484e-05	3.1348e-07	-3.134e-07
0.005	-0.0080842	-8.3462e-09	0.008083	3.1402e-07	-3.133e-07	-0.007337	-8.5016e-09	0.0073378	3.1462e-07	-3.1404e-07	-0.0065784	-8.6706e-09	0.0065782	3.1454e-07	-3.1394e-07	-0.0058078	-8.842e-09	0.0058074	3.136e-07	-3.13e-07	-0.0050266	-9.0298e-09	0.005027	3.1424e-07	-3.1378e-07	-0.0042282	-9.1993e-09	0.004229	3.14e-07	-3.1364e-07	-0.0034182	-9.669e-09	0.00342	3.1386e-07	-3.1358e-07	-0.002595	-9.5667e-09	0.0025962	3.1306e-07	-3.1274e-07	-0.0017628	-9.7522e-09	0.0017626	3.1294e-07	-3.1268e-07	-0.00091794	-9.9703e-09	0.0009182	3.1388e-07	-3.137e-07	-6.356e-05	-1.04554e-08	6.3536e-05	3.1342e-07	-3.1342e-07
0	-0.0081306	-8.5137e-09	0.0081306	3.141e-07	-3.1334e-07	-0.0073786	-8.6794e-09	0.0073806	3.1462e-07	-3.1404e-07	-0.0066144	-8.8535e-09	0.0066152	3.1448e-07	-3.139e-07	-0.005838	-9.0367e-09	0.0058396	3.1352e-07	-3.1294e-07	-0.0050546	-9.1871e-09	0.0050544	3.142e-07	-3.1382e-07	-0.0042498	-9.3957e-09	0.004251	3.1404e-07	-3.1358e-07	-0.0034368	-9.5733e-09	0.0034366	3.139e-07	-3.136e-07	-0.0026092	-9.7693e-09	0.0026102	3.1284e-07	-3.1274e-07	-0.0017712	-9.9686e-09	0.0017712	3.1272e-07	-3.128e-07	-0.00092126	-1.0171e-08	0.00092244	3.1366e-07	-3.1346e-07	-6.3894e-05	-1.03792e-08	6.4006e-05	3.1346e-07	-3.1342e-07
