vg	id_vd = 0V	ig_vd = 0V	is_vd = 0V	iavdd_vd = 0V	ignd_vd = 0V	id_vd = 0.01V	ig_vd = 0.01V	is_vd = 0.01V	iavdd_vd = 0.01V	ignd_vd = 0.01V	id_vd = 0.02V	ig_vd = 0.02V	is_vd = 0.02V	iavdd_vd = 0.02V	ignd_vd = 0.02V	id_vd = 0.03V	ig_vd = 0.03V	is_vd = 0.03V	iavdd_vd = 0.03V	ignd_vd = 0.03V	id_vd = 0.04V	ig_vd = 0.04V	is_vd = 0.04V	iavdd_vd = 0.04V	ignd_vd = 0.04V	id_vd = 0.05V	ig_vd = 0.05V	is_vd = 0.05V	iavdd_vd = 0.05V	ignd_vd = 0.05V	id_vd = 0.06V	ig_vd = 0.06V	is_vd = 0.06V	iavdd_vd = 0.06V	ignd_vd = 0.06V	id_vd = 0.07V	ig_vd = 0.07V	is_vd = 0.07V	iavdd_vd = 0.07V	ignd_vd = 0.07V	id_vd = 0.08V	ig_vd = 0.08V	is_vd = 0.08V	iavdd_vd = 0.08V	ignd_vd = 0.08V	id_vd = 0.09V	ig_vd = 0.09V	is_vd = 0.09V	iavdd_vd = 0.09V	ignd_vd = 0.09V	id_vd = 0.1V	ig_vd = 0.1V	is_vd = 0.1V	iavdd_vd = 0.1V	ignd_vd = 0.1V
-0.3	2.4879e-10	-5.1706e-10	2.5333e-10	3.2068e-07	-3.2054e-07	3.1379e-10	-5.366e-10	2.5921e-10	3.204e-07	-3.2032e-07	3.2072e-10	-5.5601e-10	2.5602e-10	3.195e-07	-3.1952e-07	3.5834e-10	-5.8286e-10	2.5303e-10	3.195e-07	-3.1948e-07	3.9708e-10	-6.0193e-10	2.538e-10	3.1964e-07	-3.196e-07	4.3419e-10	-6.3103e-10	2.5196e-10	3.1952e-07	-3.1952e-07	4.7311e-10	-6.5108e-10	2.5498e-10	3.1954e-07	-3.1958e-07	5.1486e-10	-6.7489e-10	2.5358e-10	3.1926e-07	-3.188e-07	5.5083e-10	-6.9921e-10	2.5614e-10	3.2012e-07	-3.2034e-07	5.9605e-10	-7.2995e-10	2.5521e-10	3.2022e-07	-3.2024e-07	6.4691e-10	-7.5701e-10	2.5239e-10	3.2026e-07	-3.2046e-07
-0.295	2.3679e-10	-4.9542e-10	2.4515e-10	3.2062e-07	-3.2058e-07	2.7055e-10	-5.0519e-10	2.4411e-10	3.204e-07	-3.2034e-07	3.1069e-10	-5.3845e-10	2.4411e-10	3.1956e-07	-3.1954e-07	3.5105e-10	-5.5672e-10	2.4348e-10	3.1952e-07	-3.1952e-07	3.896e-10	-5.8025e-10	2.4413e-10	3.1956e-07	-3.1962e-07	4.1854e-10	-6.0603e-10	2.4656e-10	3.1956e-07	-3.1958e-07	4.6344e-10	-6.2896e-10	2.4617e-10	3.1892e-07	-3.189e-07	4.993e-10	-6.4848e-10	2.4566e-10	3.1954e-07	-3.195e-07	5.4003e-10	-6.781e-10	2.4184e-10	3.2016e-07	-3.2028e-07	5.8753e-10	-7.0316e-10	2.4412e-10	3.2022e-07	-3.2036e-07	6.2262e-10	-7.2732e-10	2.447e-10	3.2034e-07	-3.2038e-07
-0.29	2.2633e-10	-4.725e-10	2.3584e-10	3.2064e-07	-3.2058e-07	2.5998e-10	-5.0145e-10	2.3284e-10	3.2038e-07	-3.2032e-07	3.0306e-10	-5.1346e-10	2.338e-10	3.1948e-07	-3.1948e-07	3.3743e-10	-5.3087e-10	2.3674e-10	3.196e-07	-3.1958e-07	3.7837e-10	-5.5492e-10	2.373e-10	3.196e-07	-3.1954e-07	4.0857e-10	-5.7531e-10	2.3625e-10	3.1954e-07	-3.1954e-07	4.4464e-10	-5.9688e-10	2.3204e-10	3.1942e-07	-3.1954e-07	4.9303e-10	-6.2653e-10	2.3728e-10	3.1944e-07	-3.196e-07	5.4345e-10	-6.5248e-10	2.3507e-10	3.2028e-07	-3.2032e-07	5.6189e-10	-6.7274e-10	2.3483e-10	3.2026e-07	-3.2032e-07	6.1647e-10	-7.0733e-10	2.3763e-10	3.204e-07	-3.204e-07
-0.285	2.1323e-10	-4.5856e-10	2.253e-10	3.2062e-07	-3.2062e-07	2.5428e-10	-4.7938e-10	2.2624e-10	3.2046e-07	-3.204e-07	2.8796e-10	-4.8611e-10	2.2645e-10	3.1966e-07	-3.195e-07	3.2727e-10	-5.1517e-10	2.2684e-10	3.1952e-07	-3.1894e-07	3.5962e-10	-5.3054e-10	2.2465e-10	3.1954e-07	-3.1964e-07	4.0295e-10	-5.5589e-10	2.2422e-10	3.1952e-07	-3.1954e-07	4.3611e-10	-5.7991e-10	2.2728e-10	3.1954e-07	-3.1966e-07	4.7443e-10	-6.0096e-10	2.2347e-10	3.1942e-07	-3.1948e-07	5.0968e-10	-6.2383e-10	2.2681e-10	3.2028e-07	-3.2038e-07	5.5427e-10	-6.544e-10	2.2769e-10	3.2024e-07	-3.2042e-07	6.002e-10	-6.8202e-10	2.2395e-10	3.2026e-07	-3.204e-07
-0.28	2.1094e-10	-4.364e-10	2.1627e-10	3.2056e-07	-3.205e-07	2.4856e-10	-4.396e-10	2.1484e-10	3.2036e-07	-3.2034e-07	2.8118e-10	-4.7811e-10	2.1717e-10	3.195e-07	-3.1952e-07	3.1969e-10	-4.9236e-10	2.1554e-10	3.196e-07	-3.1954e-07	3.5037e-10	-5.1499e-10	2.1599e-10	3.1954e-07	-3.1954e-07	3.8329e-10	-5.3332e-10	2.1649e-10	3.1878e-07	-3.1962e-07	4.252e-10	-5.5668e-10	2.1878e-10	3.1948e-07	-3.1954e-07	4.6718e-10	-5.8055e-10	2.1704e-10	3.1956e-07	-3.196e-07	5.0515e-10	-6.0629e-10	2.1843e-10	3.2026e-07	-3.203e-07	5.4632e-10	-6.3124e-10	2.1521e-10	3.2028e-07	-3.2036e-07	5.8581e-10	-6.5366e-10	2.1562e-10	3.202e-07	-3.2038e-07
-0.275	1.9913e-10	-4.1234e-10	2.0879e-10	3.206e-07	-3.2054e-07	2.4212e-10	-4.4362e-10	2.1221e-10	3.204e-07	-3.2036e-07	2.755e-10	-4.5131e-10	2.0595e-10	3.1896e-07	-3.1882e-07	3.0248e-10	-4.6726e-10	2.0832e-10	3.1952e-07	-3.196e-07	3.4488e-10	-4.9404e-10	2.0917e-10	3.194e-07	-3.1952e-07	3.7411e-10	-5.1454e-10	2.1064e-10	3.193e-07	-3.1956e-07	4.1097e-10	-5.3089e-10	2.0374e-10	3.195e-07	-3.1958e-07	4.5256e-10	-5.5914e-10	2.095e-10	3.1948e-07	-3.1948e-07	4.8451e-10	-5.7857e-10	2.0524e-10	3.2024e-07	-3.2036e-07	5.2643e-10	-6.0452e-10	2.076e-10	3.2022e-07	-3.2036e-07	5.7571e-10	-6.336e-10	2.0969e-10	3.2026e-07	-3.203e-07
-0.27	1.9064e-10	-4.0425e-10	1.9862e-10	3.2058e-07	-3.2048e-07	2.2069e-10	-4.0526e-10	1.9437e-10	3.2038e-07	-3.204e-07	2.6438e-10	-4.3251e-10	2.0058e-10	3.1948e-07	-3.1956e-07	2.9668e-10	-4.5452e-10	2.002e-10	3.1954e-07	-3.1956e-07	3.3274e-10	-4.6817e-10	1.9923e-10	3.195e-07	-3.1958e-07	3.6885e-10	-4.9552e-10	1.9914e-10	3.1938e-07	-3.1946e-07	4.0159e-10	-5.2008e-10	2.0073e-10	3.1942e-07	-3.196e-07	4.4083e-10	-5.3334e-10	1.9796e-10	3.1948e-07	-3.1952e-07	4.7355e-10	-5.6032e-10	2.0083e-10	3.2026e-07	-3.2042e-07	5.1351e-10	-5.8175e-10	2.02e-10	3.2032e-07	-3.2036e-07	5.6247e-10	-6.1192e-10	1.9841e-10	3.2016e-07	-3.2038e-07
-0.265	1.8263e-10	-3.8053e-10	1.9003e-10	3.206e-07	-3.2052e-07	2.1993e-10	-4.0411e-10	1.9506e-10	3.2038e-07	-3.2038e-07	2.4995e-10	-4.1726e-10	1.9262e-10	3.1958e-07	-3.1958e-07	2.8952e-10	-4.3287e-10	1.8922e-10	3.1954e-07	-3.1956e-07	3.1856e-10	-4.5753e-10	1.9028e-10	3.1956e-07	-3.1956e-07	3.5232e-10	-4.662e-10	1.8788e-10	3.1944e-07	-3.195e-07	3.8702e-10	-4.8984e-10	1.9302e-10	3.1952e-07	-3.1954e-07	4.229e-10	-5.1874e-10	1.9019e-10	3.1944e-07	-3.1962e-07	4.7211e-10	-5.4042e-10	1.9124e-10	3.2026e-07	-3.2032e-07	5.0329e-10	-5.614e-10	1.9141e-10	3.2024e-07	-3.2036e-07	5.4451e-10	-5.833e-10	1.8858e-10	3.2018e-07	-3.2066e-07
-0.26	1.8041e-10	-3.6621e-10	1.851e-10	3.2056e-07	-3.2052e-07	2.1295e-10	-3.8989e-10	1.816e-10	3.204e-07	-3.2032e-07	2.4452e-10	-3.9747e-10	1.8104e-10	3.1956e-07	-3.1952e-07	2.773e-10	-4.1355e-10	1.8339e-10	3.1948e-07	-3.1958e-07	3.134e-10	-4.3474e-10	1.8254e-10	3.1958e-07	-3.1954e-07	3.4522e-10	-4.6228e-10	1.865e-10	3.1962e-07	-3.1958e-07	3.8236e-10	-4.7078e-10	1.8228e-10	3.1948e-07	-3.1954e-07	4.1242e-10	-4.9439e-10	1.8301e-10	3.1948e-07	-3.1952e-07	4.524e-10	-5.1233e-10	1.7935e-10	3.202e-07	-3.2036e-07	4.9499e-10	-5.4078e-10	1.7912e-10	3.2022e-07	-3.2038e-07	5.2813e-10	-5.6812e-10	1.8507e-10	3.2032e-07	-3.2038e-07
-0.255	1.6586e-10	-3.4881e-10	1.7502e-10	3.2056e-07	-3.2054e-07	2.0687e-10	-3.6389e-10	1.7475e-10	3.203e-07	-3.203e-07	2.3848e-10	-3.8146e-10	1.7356e-10	3.1954e-07	-3.1952e-07	2.656e-10	-3.9815e-10	1.7699e-10	3.1896e-07	-3.19e-07	3.0386e-10	-4.1003e-10	1.7599e-10	3.1948e-07	-3.1954e-07	3.3109e-10	-4.3683e-10	1.7333e-10	3.1954e-07	-3.1956e-07	3.6762e-10	-4.58e-10	1.7311e-10	3.1948e-07	-3.196e-07	4.0543e-10	-4.7545e-10	1.7418e-10	3.1944e-07	-3.1948e-07	4.4002e-10	-5.0029e-10	1.7656e-10	3.2034e-07	-3.2036e-07	4.7869e-10	-5.1967e-10	1.757e-10	3.2022e-07	-3.2032e-07	5.213e-10	-5.4288e-10	1.7496e-10	3.203e-07	-3.2036e-07
-0.25	1.5808e-10	-3.3366e-10	1.6572e-10	3.2062e-07	-3.2048e-07	1.8985e-10	-3.462e-10	1.659e-10	3.204e-07	-3.2032e-07	2.2569e-10	-3.6377e-10	1.6916e-10	3.196e-07	-3.1954e-07	2.6152e-10	-3.8297e-10	1.6626e-10	3.1952e-07	-3.1892e-07	2.9163e-10	-4.0224e-10	1.6559e-10	3.1958e-07	-3.196e-07	3.3127e-10	-4.196e-10	1.6545e-10	3.1954e-07	-3.1952e-07	3.5702e-10	-4.3562e-10	1.6991e-10	3.1952e-07	-3.1958e-07	3.9329e-10	-4.6048e-10	1.6475e-10	3.1948e-07	-3.1956e-07	4.2488e-10	-4.7537e-10	1.6701e-10	3.2028e-07	-3.2036e-07	4.698e-10	-4.9929e-10	1.6988e-10	3.2022e-07	-3.2038e-07	5.1301e-10	-5.2556e-10	1.6488e-10	3.2026e-07	-3.204e-07
-0.245	1.5735e-10	-3.2081e-10	1.5916e-10	3.2052e-07	-3.2052e-07	1.8827e-10	-3.3722e-10	1.6445e-10	3.2038e-07	-3.2042e-07	2.1776e-10	-3.4904e-10	1.599e-10	3.1958e-07	-3.1958e-07	2.5587e-10	-3.6818e-10	1.5845e-10	3.1952e-07	-3.1954e-07	2.825e-10	-3.8343e-10	1.6053e-10	3.1896e-07	-3.196e-07	3.0926e-10	-3.9504e-10	1.5962e-10	3.1956e-07	-3.1886e-07	3.6032e-10	-4.1278e-10	1.5955e-10	3.1956e-07	-3.196e-07	3.7931e-10	-4.3651e-10	1.6093e-10	3.1948e-07	-3.1958e-07	4.2648e-10	-4.6071e-10	1.5857e-10	3.2026e-07	-3.2028e-07	4.6128e-10	-4.8191e-10	1.5784e-10	3.2016e-07	-3.2036e-07	4.9029e-10	-5.0482e-10	1.6002e-10	3.2026e-07	-3.2038e-07
-0.24	1.4663e-10	-3.012e-10	1.5215e-10	3.2056e-07	-3.2048e-07	1.6856e-10	-3.0716e-10	1.5014e-10	3.2032e-07	-3.2032e-07	2.1405e-10	-3.3521e-10	1.4998e-10	3.1952e-07	-3.1952e-07	2.3965e-10	-3.469e-10	1.5416e-10	3.1954e-07	-3.1958e-07	2.7807e-10	-3.616e-10	1.5218e-10	3.1952e-07	-3.1952e-07	3.0785e-10	-3.8237e-10	1.5365e-10	3.1948e-07	-3.1954e-07	3.4508e-10	-4.0792e-10	1.5094e-10	3.1946e-07	-3.195e-07	3.7397e-10	-4.2075e-10	1.5477e-10	3.1944e-07	-3.1954e-07	4.0839e-10	-4.4437e-10	1.5051e-10	3.2026e-07	-3.2038e-07	4.4193e-10	-4.6268e-10	1.5186e-10	3.2028e-07	-3.2038e-07	4.7957e-10	-4.8332e-10	1.541e-10	3.2032e-07	-3.2042e-07
-0.235	1.3703e-10	-2.9132e-10	1.4475e-10	3.205e-07	-3.2052e-07	1.7901e-10	-3.133e-10	1.4624e-10	3.2032e-07	-3.2028e-07	2.0738e-10	-3.1761e-10	1.4731e-10	3.195e-07	-3.1952e-07	2.3312e-10	-3.3488e-10	1.4652e-10	3.1896e-07	-3.1964e-07	2.6671e-10	-3.5325e-10	1.4636e-10	3.1948e-07	-3.196e-07	2.9749e-10	-3.6364e-10	1.4373e-10	3.1952e-07	-3.195e-07	3.269e-10	-3.8007e-10	1.4544e-10	3.1942e-07	-3.1948e-07	3.623e-10	-4.0004e-10	1.4442e-10	3.1882e-07	-3.1894e-07	3.9193e-10	-4.1827e-10	1.4794e-10	3.2028e-07	-3.2036e-07	4.3514e-10	-4.4149e-10	1.4654e-10	3.2026e-07	-3.204e-07	4.7217e-10	-4.6739e-10	1.4383e-10	3.2022e-07	-3.2032e-07
-0.23	1.3471e-10	-2.7822e-10	1.3814e-10	3.2052e-07	-3.2048e-07	1.672e-10	-2.8837e-10	1.3787e-10	3.203e-07	-3.2038e-07	1.9199e-10	-3.0055e-10	1.3757e-10	3.189e-07	-3.1962e-07	2.2646e-10	-3.1805e-10	1.3617e-10	3.1952e-07	-3.1954e-07	2.5347e-10	-3.3732e-10	1.3799e-10	3.1962e-07	-3.1962e-07	2.9631e-10	-3.5499e-10	1.3851e-10	3.1948e-07	-3.1922e-07	3.2125e-10	-3.6487e-10	1.3932e-10	3.1948e-07	-3.196e-07	3.4869e-10	-3.8358e-10	1.332e-10	3.1954e-07	-3.1886e-07	3.9364e-10	-4.0566e-10	1.3811e-10	3.2008e-07	-3.203e-07	4.2874e-10	-4.2654e-10	1.3738e-10	3.2028e-07	-3.2032e-07	4.5726e-10	-4.4963e-10	1.367e-10	3.2026e-07	-3.2044e-07
-0.225	1.2872e-10	-2.5909e-10	1.3327e-10	3.2056e-07	-3.205e-07	1.5815e-10	-2.7688e-10	1.3173e-10	3.204e-07	-3.204e-07	1.9043e-10	-2.9449e-10	1.3174e-10	3.1948e-07	-3.1954e-07	2.2047e-10	-3.0234e-10	1.3336e-10	3.1888e-07	-3.1928e-07	2.5085e-10	-3.1723e-10	1.3145e-10	3.1954e-07	-3.195e-07	2.8025e-10	-3.3384e-10	1.338e-10	3.1964e-07	-3.1964e-07	3.2853e-10	-3.5959e-10	1.3078e-10	3.1888e-07	-3.1888e-07	3.5274e-10	-3.8799e-10	1.3799e-10	3.1942e-07	-3.1956e-07	3.7719e-10	-3.9159e-10	1.3043e-10	3.2032e-07	-3.2032e-07	4.1083e-10	-4.0836e-10	1.3028e-10	3.2014e-07	-3.2038e-07	4.4376e-10	-4.2588e-10	1.3332e-10	3.2026e-07	-3.2046e-07
-0.22	1.206e-10	-2.5331e-10	1.2501e-10	3.2056e-07	-3.2052e-07	1.4941e-10	-2.6786e-10	1.2554e-10	3.2038e-07	-3.2028e-07	1.8206e-10	-2.7168e-10	1.2497e-10	3.194e-07	-3.1942e-07	2.0901e-10	-2.8809e-10	1.2615e-10	3.1954e-07	-3.196e-07	2.4662e-10	-3.0676e-10	1.2446e-10	3.195e-07	-3.19e-07	2.7217e-10	-3.2209e-10	1.2349e-10	3.1954e-07	-3.1892e-07	3.0271e-10	-3.3353e-10	1.233e-10	3.1944e-07	-3.1954e-07	3.2832e-10	-3.4225e-10	1.2073e-10	3.195e-07	-3.1964e-07	3.6378e-10	-3.694e-10	1.258e-10	3.203e-07	-3.2038e-07	3.9918e-10	-3.8811e-10	1.2806e-10	3.2032e-07	-3.2036e-07	4.3524e-10	-4.1355e-10	1.2527e-10	3.203e-07	-3.204e-07
-0.215	1.1092e-10	-2.3734e-10	1.1904e-10	3.2062e-07	-3.2056e-07	1.4688e-10	-2.4411e-10	1.197e-10	3.204e-07	-3.2046e-07	1.7627e-10	-2.6281e-10	1.2036e-10	3.1952e-07	-3.1946e-07	2.0707e-10	-2.8017e-10	1.1875e-10	3.1884e-07	-3.195e-07	2.3337e-10	-2.9494e-10	1.1817e-10	3.196e-07	-3.1958e-07	2.7018e-10	-3.1335e-10	1.1927e-10	3.195e-07	-3.196e-07	2.8981e-10	-3.2056e-10	1.2032e-10	3.1948e-07	-3.1958e-07	3.3151e-10	-3.4513e-10	1.1977e-10	3.196e-07	-3.1952e-07	3.6293e-10	-3.5684e-10	1.1989e-10	3.2028e-07	-3.2032e-07	3.9425e-10	-3.7538e-10	1.1882e-10	3.2022e-07	-3.2036e-07	4.302e-10	-3.9787e-10	1.1887e-10	3.2018e-07	-3.2036e-07
-0.21	1.1338e-10	-2.2626e-10	1.1477e-10	3.2052e-07	-3.2052e-07	1.4112e-10	-2.4035e-10	1.1503e-10	3.204e-07	-3.2046e-07	1.6788e-10	-2.5341e-10	1.1234e-10	3.1908e-07	-3.1948e-07	2.0691e-10	-2.5897e-10	1.1268e-10	3.1954e-07	-3.1956e-07	2.2439e-10	-2.7333e-10	1.1276e-10	3.1952e-07	-3.195e-07	2.6826e-10	-2.8373e-10	1.1388e-10	3.195e-07	-3.1954e-07	2.9009e-10	-3.1293e-10	1.1273e-10	3.1954e-07	-3.1952e-07	3.1067e-10	-3.2521e-10	1.1407e-10	3.195e-07	-3.196e-07	3.5671e-10	-3.4363e-10	1.1254e-10	3.2022e-07	-3.2042e-07	3.9071e-10	-3.6184e-10	1.1045e-10	3.2026e-07	-3.2032e-07	4.1688e-10	-3.7563e-10	1.129e-10	3.2032e-07	-3.2044e-07
-0.205	1.0401e-10	-2.1539e-10	1.0787e-10	3.2054e-07	-3.2064e-07	1.3186e-10	-2.2718e-10	1.0628e-10	3.2038e-07	-3.2038e-07	1.6526e-10	-2.3675e-10	1.0649e-10	3.1954e-07	-3.1942e-07	1.9047e-10	-2.4843e-10	1.0912e-10	3.195e-07	-3.1958e-07	2.2642e-10	-2.6577e-10	1.1012e-10	3.1946e-07	-3.1944e-07	2.5091e-10	-2.783e-10	1.08e-10	3.1946e-07	-3.196e-07	2.7933e-10	-2.9016e-10	1.0514e-10	3.194e-07	-3.1948e-07	3.1266e-10	-3.0096e-10	1.0579e-10	3.1948e-07	-3.1954e-07	3.3863e-10	-3.228e-10	1.0439e-10	3.203e-07	-3.204e-07	3.7185e-10	-3.4246e-10	1.0801e-10	3.2026e-07	-3.2038e-07	4.155e-10	-3.6815e-10	1.0849e-10	3.2034e-07	-3.2046e-07
-0.2	9.594e-11	-2.0449e-10	1.0184e-10	3.2062e-07	-3.2054e-07	1.3208e-10	-2.0941e-10	1.049e-10	3.2046e-07	-3.2044e-07	1.5811e-10	-2.2669e-10	1.0371e-10	3.1884e-07	-3.1946e-07	1.8673e-10	-2.4128e-10	1.0115e-10	3.1956e-07	-3.1952e-07	2.1212e-10	-2.5202e-10	9.977e-11	3.1884e-07	-3.188e-07	2.4565e-10	-2.7167e-10	1.0187e-10	3.195e-07	-3.196e-07	2.6803e-10	-2.7891e-10	1.0257e-10	3.1954e-07	-3.189e-07	3.0809e-10	-3.0128e-10	1.0016e-10	3.1952e-07	-3.1962e-07	3.3572e-10	-3.1486e-10	1.0387e-10	3.2032e-07	-3.204e-07	3.6898e-10	-3.289e-10	1.0332e-10	3.203e-07	-3.204e-07	4.0035e-10	-3.4898e-10	1.0003e-10	3.2026e-07	-3.204e-07
-0.195	9.314e-11	-1.914e-10	9.822e-11	3.2052e-07	-3.2048e-07	1.2506e-10	-2.0452e-10	9.617e-11	3.2046e-07	-3.2042e-07	1.4818e-10	-2.1498e-10	9.623e-11	3.195e-07	-3.1948e-07	1.826e-10	-2.2535e-10	9.361e-11	3.1948e-07	-3.1958e-07	2.0724e-10	-2.4195e-10	9.636e-11	3.2034e-07	-3.203e-07	2.3506e-10	-2.4761e-10	9.474e-11	3.1948e-07	-3.1954e-07	2.6567e-10	-2.7044e-10	9.714e-11	3.1948e-07	-3.1958e-07	2.9589e-10	-2.8071e-10	9.668e-11	3.1954e-07	-3.1962e-07	3.3242e-10	-3.0037e-10	9.461e-11	3.202e-07	-3.2032e-07	3.6136e-10	-3.1665e-10	9.379e-11	3.2026e-07	-3.2042e-07	3.916e-10	-3.3141e-10	9.455e-11	3.2018e-07	-3.2036e-07
-0.19	9.088e-11	-1.8239e-10	9.443e-11	3.206e-07	-3.2052e-07	1.2132e-10	-1.9681e-10	9.247e-11	3.2044e-07	-3.2036e-07	1.4696e-10	-2.0574e-10	9.067e-11	3.1946e-07	-3.1952e-07	1.7695e-10	-2.1588e-10	9.309e-11	3.1888e-07	-3.1952e-07	2.0069e-10	-2.2564e-10	9.175e-11	3.203e-07	-3.203e-07	2.2989e-10	-2.3812e-10	8.949e-11	3.196e-07	-3.1956e-07	2.5628e-10	-2.5183e-10	8.758e-11	3.1872e-07	-3.1886e-07	2.8946e-10	-2.6108e-10	9.3e-11	3.1954e-07	-3.1962e-07	3.1818e-10	-2.8227e-10	8.851e-11	3.2018e-07	-3.2046e-07	3.4964e-10	-3.0252e-10	8.949e-11	3.2022e-07	-3.2036e-07	3.7826e-10	-3.1906e-10	9.204e-11	3.2034e-07	-3.2042e-07
-0.185	8.195e-11	-1.7429e-10	8.586e-11	3.2048e-07	-3.2048e-07	1.0707e-10	-1.7494e-10	8.63e-11	3.204e-07	-3.2042e-07	1.4221e-10	-1.9139e-10	8.568e-11	3.1954e-07	-3.1954e-07	1.6164e-10	-2.0145e-10	8.576e-11	3.1954e-07	-3.1964e-07	1.9681e-10	-2.2032e-10	8.586e-11	3.2026e-07	-3.2036e-07	2.2524e-10	-2.3789e-10	8.667e-11	3.195e-07	-3.1954e-07	2.5437e-10	-2.4391e-10	8.562e-11	3.188e-07	-3.1888e-07	2.8368e-10	-2.6403e-10	8.292e-11	3.195e-07	-3.1962e-07	3.0449e-10	-2.7353e-10	8.77e-11	3.2028e-07	-3.2038e-07	3.4093e-10	-2.8723e-10	8.652e-11	3.2024e-07	-3.2038e-07	3.7286e-10	-3.089e-10	8.299e-11	3.2026e-07	-3.2032e-07
-0.18	7.733e-11	-1.6421e-10	8.293e-11	3.2056e-07	-3.2044e-07	1.1363e-10	-1.7769e-10	8.374e-11	3.2046e-07	-3.2042e-07	1.3646e-10	-1.8366e-10	8.251e-11	3.188e-07	-3.1954e-07	1.6471e-10	-1.9793e-10	7.943e-11	3.1886e-07	-3.1892e-07	1.8655e-10	-2.0164e-10	7.754e-11	3.203e-07	-3.2032e-07	2.1701e-10	-2.124e-10	7.834e-11	3.1878e-07	-3.1952e-07	2.3654e-10	-2.2693e-10	8.159e-11	3.1944e-07	-3.196e-07	2.76e-10	-2.462e-10	8.062e-11	3.1952e-07	-3.196e-07	3.047e-10	-2.5924e-10	7.982e-11	3.2026e-07	-3.2042e-07	3.3769e-10	-2.7637e-10	7.995e-11	3.2028e-07	-3.2038e-07	3.686e-10	-2.8842e-10	7.8e-11	3.2032e-07	-3.2036e-07
-0.175	7.899e-11	-1.5442e-10	8.017e-11	3.2056e-07	-3.2048e-07	1.059e-10	-1.6685e-10	7.393e-11	3.2038e-07	-3.2046e-07	1.2756e-10	-1.7178e-10	7.354e-11	3.1954e-07	-3.195e-07	1.5998e-10	-1.8113e-10	7.588e-11	3.195e-07	-3.1954e-07	1.8307e-10	-1.9795e-10	7.655e-11	3.2034e-07	-3.203e-07	2.1035e-10	-2.0449e-10	7.506e-11	3.1946e-07	-3.1958e-07	2.4301e-10	-2.2117e-10	7.269e-11	3.1944e-07	-3.1954e-07	2.6397e-10	-2.2609e-10	7.416e-11	3.195e-07	-3.1964e-07	2.9569e-10	-2.4903e-10	7.252e-11	3.2022e-07	-3.203e-07	3.2556e-10	-2.6204e-10	7.254e-11	3.2028e-07	-3.2038e-07	3.5821e-10	-2.7889e-10	7.683e-11	3.2022e-07	-3.2036e-07
-0.17	7.001e-11	-1.4327e-10	7.206e-11	3.2052e-07	-3.206e-07	9.855e-11	-1.5112e-10	7.279e-11	3.2042e-07	-3.2038e-07	1.3182e-10	-1.6452e-10	7.094e-11	3.1948e-07	-3.1954e-07	1.5318e-10	-1.7208e-10	7.075e-11	3.1956e-07	-3.1956e-07	1.8348e-10	-1.872e-10	6.979e-11	3.2024e-07	-3.203e-07	2.0655e-10	-2.0385e-10	7.105e-11	3.195e-07	-3.1964e-07	2.3695e-10	-2.0886e-10	6.804e-11	3.1882e-07	-3.1894e-07	2.6971e-10	-2.3012e-10	7.324e-11	3.1946e-07	-3.1962e-07	2.8385e-10	-2.371e-10	7.014e-11	3.2032e-07	-3.2036e-07	3.1275e-10	-2.4745e-10	7.052e-11	3.2032e-07	-3.2042e-07	3.5325e-10	-2.663e-10	7.061e-11	3.2026e-07	-3.2038e-07
-0.165	6.397e-11	-1.3986e-10	6.888e-11	3.206e-07	-3.2052e-07	9.63e-11	-1.4741e-10	7.049e-11	3.205e-07	-3.2042e-07	1.2185e-10	-1.5193e-10	6.771e-11	3.1954e-07	-3.1956e-07	1.4772e-10	-1.6731e-10	6.545e-11	3.1956e-07	-3.1888e-07	1.7474e-10	-1.7111e-10	6.33e-11	3.2028e-07	-3.2026e-07	2.0004e-10	-1.794e-10	6.166e-11	3.1952e-07	-3.1954e-07	2.2842e-10	-1.9557e-10	6.591e-11	3.194e-07	-3.196e-07	2.5272e-10	-1.9958e-10	6.099e-11	3.1948e-07	-3.196e-07	2.8297e-10	-2.2105e-10	6.753e-11	3.2032e-07	-3.2038e-07	3.1303e-10	-2.4007e-10	6.588e-11	3.2026e-07	-3.2032e-07	3.4523e-10	-2.5376e-10	6.188e-11	3.2028e-07	-3.2034e-07
-0.16	6.112e-11	-1.2688e-10	6.509e-11	3.205e-07	-3.2048e-07	9.218e-11	-1.389e-10	6.083e-11	3.2036e-07	-3.2042e-07	1.1827e-10	-1.5022e-10	6.104e-11	3.1952e-07	-3.1954e-07	1.4576e-10	-1.5405e-10	6.079e-11	3.1952e-07	-3.196e-07	1.6856e-10	-1.6983e-10	6.278e-11	3.2038e-07	-3.204e-07	2.0015e-10	-1.7789e-10	6.234e-11	3.195e-07	-3.1964e-07	2.2096e-10	-1.888e-10	6.009e-11	3.1954e-07	-3.1952e-07	2.4984e-10	-2.0145e-10	6.133e-11	3.1884e-07	-3.1898e-07	2.761e-10	-2.1278e-10	5.771e-11	3.2022e-07	-3.2032e-07	3.0977e-10	-2.2801e-10	5.713e-11	3.2034e-07	-3.2026e-07	3.4233e-10	-2.409e-10	6.002e-11	3.2016e-07	-3.2034e-07
-0.155	6.228e-11	-1.2447e-10	6.302e-11	3.2056e-07	-3.2058e-07	8.942e-11	-1.3062e-10	5.874e-11	3.2046e-07	-3.2048e-07	1.1756e-10	-1.3892e-10	5.656e-11	3.1956e-07	-3.1956e-07	1.413e-10	-1.4416e-10	5.734e-11	3.1956e-07	-3.1958e-07	1.7479e-10	-1.5345e-10	5.522e-11	3.2032e-07	-3.203e-07	1.8824e-10	-1.6882e-10	5.697e-11	3.1888e-07	-3.1894e-07	2.1615e-10	-1.7805e-10	5.251e-11	3.1956e-07	-3.1952e-07	2.4094e-10	-1.906e-10	5.518e-11	3.1954e-07	-3.196e-07	2.7025e-10	-2.0111e-10	5.251e-11	3.2028e-07	-3.2042e-07	2.9934e-10	-2.1635e-10	5.463e-11	3.2028e-07	-3.2038e-07	3.2872e-10	-2.3003e-10	5.678e-11	3.2028e-07	-3.2042e-07
-0.15	5.071e-11	-1.1322e-10	5.489e-11	3.2052e-07	-3.2054e-07	8.021e-11	-1.1461e-10	5.404e-11	3.204e-07	-3.2034e-07	1.1273e-10	-1.2932e-10	5.271e-11	3.1948e-07	-3.1952e-07	1.3283e-10	-1.4085e-10	5.116e-11	3.1958e-07	-3.1964e-07	1.6747e-10	-1.4951e-10	5.017e-11	3.2038e-07	-3.2036e-07	1.8176e-10	-1.5129e-10	4.766e-11	3.1952e-07	-3.196e-07	2.1306e-10	-1.682e-10	5.107e-11	3.1942e-07	-3.1948e-07	2.3952e-10	-1.7826e-10	4.792e-11	3.1888e-07	-3.1902e-07	2.6881e-10	-1.9582e-10	5.249e-11	3.2038e-07	-3.2038e-07	2.8801e-10	-2.0093e-10	5.116e-11	3.2026e-07	-3.2036e-07	3.2446e-10	-2.1739e-10	4.828e-11	3.2028e-07	-3.2038e-07
-0.145	5.235e-11	-1.0647e-10	5.346e-11	3.2056e-07	-3.206e-07	8.138e-11	-1.1885e-10	5.017e-11	3.2046e-07	-3.2032e-07	1.07e-10	-1.2237e-10	4.861e-11	3.1966e-07	-3.1952e-07	1.3577e-10	-1.3133e-10	4.596e-11	3.1954e-07	-3.1952e-07	1.527e-10	-1.4099e-10	4.497e-11	3.204e-07	-3.2044e-07	1.8528e-10	-1.5351e-10	4.737e-11	3.1946e-07	-3.1948e-07	2.0381e-10	-1.5632e-10	4.572e-11	3.1954e-07	-3.1954e-07	2.2892e-10	-1.7093e-10	4.454e-11	3.1896e-07	-3.1962e-07	2.6072e-10	-1.8128e-10	4.31e-11	3.2022e-07	-3.2032e-07	2.9511e-10	-1.9786e-10	4.23e-11	3.2024e-07	-3.2032e-07	3.1862e-10	-2.072e-10	4.424e-11	3.2018e-07	-3.2038e-07
-0.14	5.157e-11	-9.988e-11	4.978e-11	3.2048e-07	-3.2046e-07	8.272e-11	-1.1427e-10	4.531e-11	3.2044e-07	-3.2036e-07	1.0414e-10	-1.1217e-10	4.152e-11	3.1956e-07	-3.1952e-07	1.3349e-10	-1.2159e-10	4.355e-11	3.1946e-07	-3.1946e-07	1.5415e-10	-1.2945e-10	4.482e-11	3.2032e-07	-3.2032e-07	1.7578e-10	-1.3739e-10	4.144e-11	3.195e-07	-3.196e-07	2.0609e-10	-1.5339e-10	3.949e-11	3.1946e-07	-3.1952e-07	2.2583e-10	-1.5911e-10	4.238e-11	3.1964e-07	-3.1958e-07	2.5624e-10	-1.7174e-10	3.856e-11	3.2028e-07	-3.2042e-07	2.8533e-10	-1.8672e-10	3.638e-11	3.2028e-07	-3.2038e-07	3.1472e-10	-1.985e-10	3.995e-11	3.2028e-07	-3.2042e-07
-0.135	4.544e-11	-9.116e-11	4.494e-11	3.2052e-07	-3.2056e-07	7.075e-11	-9.379e-11	4.008e-11	3.2064e-07	-3.2042e-07	1.0595e-10	-1.1039e-10	3.951e-11	3.1884e-07	-3.1888e-07	1.2385e-10	-1.1361e-10	3.808e-11	3.195e-07	-3.1922e-07	1.5183e-10	-1.2019e-10	3.404e-11	3.2024e-07	-3.2042e-07	1.7122e-10	-1.263e-10	3.352e-11	3.196e-07	-3.196e-07	2.0173e-10	-1.3905e-10	3.334e-11	3.1904e-07	-3.1952e-07	2.25e-10	-1.5086e-10	3.38e-11	3.1946e-07	-3.1956e-07	2.4694e-10	-1.644e-10	3.569e-11	3.2026e-07	-3.2036e-07	2.7835e-10	-1.7102e-10	3.539e-11	3.2032e-07	-3.204e-07	3.081e-10	-1.8623e-10	3.237e-11	3.2028e-07	-3.2042e-07
-0.13	4.156e-11	-9e-11	4.19e-11	3.2058e-07	-3.2042e-07	7.566e-11	-9.858e-11	3.909e-11	3.2044e-07	-3.2046e-07	9.963e-11	-9.81e-11	3.509e-11	3.1948e-07	-3.1888e-07	1.2519e-10	-1.0984e-10	3.101e-11	3.1954e-07	-3.1954e-07	1.5186e-10	-1.2131e-10	2.978e-11	3.2034e-07	-3.203e-07	1.7562e-10	-1.2972e-10	3.023e-11	3.195e-07	-3.1952e-07	1.954e-10	-1.3224e-10	3.079e-11	3.188e-07	-3.1894e-07	2.2175e-10	-1.4376e-10	2.637e-11	3.1954e-07	-3.1958e-07	2.4746e-10	-1.5154e-10	2.828e-11	3.202e-07	-3.2034e-07	2.7591e-10	-1.6526e-10	2.934e-11	3.2034e-07	-3.2042e-07	3.1059e-10	-1.8193e-10	2.667e-11	3.2016e-07	-3.2036e-07
-0.125	4.107e-11	-7.866e-11	3.96e-11	3.2034e-07	-3.2052e-07	7.34e-11	-9.018e-11	3.241e-11	3.2044e-07	-3.2034e-07	9.9e-11	-9.654e-11	2.882e-11	3.196e-07	-3.1954e-07	1.3637e-10	-1.0173e-10	2.738e-11	3.1954e-07	-3.1952e-07	1.4571e-10	-1.055e-10	2.661e-11	3.2034e-07	-3.2038e-07	1.724e-10	-1.1421e-10	2.404e-11	3.195e-07	-3.1886e-07	1.9492e-10	-1.2538e-10	2.273e-11	3.195e-07	-3.1956e-07	2.2167e-10	-1.3471e-10	2.591e-11	3.1956e-07	-3.1966e-07	2.5497e-10	-1.4925e-10	2.078e-11	3.2022e-07	-3.2028e-07	2.7386e-10	-1.5894e-10	2.017e-11	3.2026e-07	-3.203e-07	2.9933e-10	-1.6544e-10	2.291e-11	3.2026e-07	-3.2038e-07
-0.12	4.239e-11	-7.655e-11	3.541e-11	3.205e-07	-3.2046e-07	6.685e-11	-7.284e-11	2.816e-11	3.2036e-07	-3.2036e-07	9.867e-11	-9.191e-11	2.443e-11	3.1954e-07	-3.1952e-07	1.2285e-10	-9.153e-11	2.174e-11	3.1956e-07	-3.196e-07	1.4893e-10	-9.977e-11	2.096e-11	3.2028e-07	-3.2028e-07	1.696e-10	-1.0853e-10	1.73e-11	3.1954e-07	-3.1956e-07	1.9881e-10	-1.1897e-10	1.531e-11	3.1954e-07	-3.1946e-07	2.1714e-10	-1.2322e-10	1.535e-11	3.1956e-07	-3.196e-07	2.4202e-10	-1.3677e-10	1.575e-11	3.2026e-07	-3.2036e-07	2.6846e-10	-1.4558e-10	1.637e-11	3.2028e-07	-3.2038e-07	2.9118e-10	-1.5529e-10	1.492e-11	3.2028e-07	-3.204e-07
-0.115	3.409e-11	-7.136e-11	3.003e-11	3.205e-07	-3.2052e-07	7.115e-11	-8.007e-11	2.792e-11	3.2046e-07	-3.2036e-07	9.643e-11	-7.625e-11	1.995e-11	3.195e-07	-3.1954e-07	1.2204e-10	-9.271e-11	1.602e-11	3.1954e-07	-3.1954e-07	1.5122e-10	-9.877e-11	1.252e-11	3.2026e-07	-3.203e-07	1.7242e-10	-1.0859e-10	1.199e-11	3.1946e-07	-3.1954e-07	1.9879e-10	-1.0975e-10	1.169e-11	3.1948e-07	-3.1954e-07	2.2766e-10	-1.2543e-10	9.87e-12	3.1892e-07	-3.1892e-07	2.448e-10	-1.2764e-10	1.087e-11	3.2018e-07	-3.2024e-07	2.6837e-10	-1.4296e-10	1.114e-11	3.2028e-07	-3.2036e-07	2.989e-10	-1.5653e-10	7.65e-12	3.2022e-07	-3.2036e-07
-0.11	3.393e-11	-6.196e-11	3.194e-11	3.205e-07	-3.205e-07	6.479e-11	-7.073e-11	1.865e-11	3.203e-07	-3.2032e-07	9.422e-11	-8.145e-11	1.406e-11	3.1954e-07	-3.1882e-07	1.2174e-10	-8.298e-11	9.74e-12	3.195e-07	-3.195e-07	1.4389e-10	-8.582e-11	5.95e-12	3.2034e-07	-3.203e-07	1.7339e-10	-9.177e-11	6.54e-12	3.1942e-07	-3.196e-07	1.9149e-10	-1.0216e-10	2.38e-12	3.195e-07	-3.1962e-07	2.1338e-10	-1.0867e-10	1.3e-12	3.1948e-07	-3.1964e-07	2.4561e-10	-1.2505e-10	-8.1e-13	3.2046e-07	-3.2052e-07	2.7263e-10	-1.3472e-10	7.4e-13	3.2048e-07	-3.2056e-07	3.0353e-10	-1.4294e-10	1.1e-13	3.2026e-07	-3.2044e-07
-0.105	3.331e-11	-5.756e-11	2.63e-11	3.2042e-07	-3.2046e-07	7.128e-11	-6.241e-11	1.243e-11	3.2044e-07	-3.2034e-07	9.74e-11	-7.264e-11	6.4e-12	3.195e-07	-3.1946e-07	1.2493e-10	-7.355e-11	4.22e-12	3.1948e-07	-3.1954e-07	1.4709e-10	-8.004e-11	1.72e-12	3.2038e-07	-3.203e-07	1.6644e-10	-8.661e-11	-2.43e-12	3.1954e-07	-3.1956e-07	2.0138e-10	-1.0238e-10	-5.3e-12	3.1948e-07	-3.1954e-07	2.2499e-10	-1.0719e-10	-2.59e-12	3.1954e-07	-3.1964e-07	2.4699e-10	-1.1832e-10	-6.14e-12	3.2022e-07	-3.2032e-07	2.681e-10	-1.2148e-10	-7.78e-12	3.2018e-07	-3.2038e-07	2.9465e-10	-1.2615e-10	-6.01e-12	3.2022e-07	-3.2038e-07
-0.1	3.26e-11	-5.906e-11	2.212e-11	3.206e-07	-3.2042e-07	6.85e-11	-6.427e-11	1.255e-11	3.2038e-07	-3.2038e-07	1.0066e-10	-6.226e-11	2.6e-12	3.1954e-07	-3.1952e-07	1.2488e-10	-7.49e-11	-5.17e-12	3.1952e-07	-3.196e-07	1.5307e-10	-7.785e-11	-1.108e-11	3.2022e-07	-3.2036e-07	1.7567e-10	-8.669e-11	-1.293e-11	3.1956e-07	-3.1962e-07	1.9705e-10	-8.764e-11	-1.311e-11	3.1938e-07	-3.1952e-07	2.224e-10	-1.0223e-10	-1.445e-11	3.1894e-07	-3.1958e-07	2.4111e-10	-1.0366e-10	-1.45e-11	3.2028e-07	-3.2032e-07	2.6419e-10	-1.1705e-10	-1.41e-11	3.2032e-07	-3.2038e-07	2.9923e-10	-1.3466e-10	-1.729e-11	3.2028e-07	-3.2044e-07
-0.095	2.679e-11	-5.167e-11	1.926e-11	3.206e-07	-3.2052e-07	6.845e-11	-5.43e-11	5.69e-12	3.2034e-07	-3.2042e-07	1.0015e-10	-6.193e-11	-4.84e-12	3.196e-07	-3.1954e-07	1.2865e-10	-6.772e-11	-1.342e-11	3.1948e-07	-3.1956e-07	1.5495e-10	-7.527e-11	-1.574e-11	3.2038e-07	-3.2032e-07	1.811e-10	-7.523e-11	-1.957e-11	3.1954e-07	-3.195e-07	1.9983e-10	-8.468e-11	-2.184e-11	3.1944e-07	-3.1964e-07	2.2563e-10	-8.994e-11	-2.439e-11	3.1952e-07	-3.1964e-07	2.5174e-10	-1.0481e-10	-2.301e-11	3.2028e-07	-3.2032e-07	2.739e-10	-1.1238e-10	-2.733e-11	3.2024e-07	-3.2032e-07	3.0113e-10	-1.1646e-10	-2.891e-11	3.2022e-07	-3.2036e-07
-0.09	3.216e-11	-4.627e-11	1.793e-11	3.2046e-07	-3.2048e-07	7.249e-11	-4.755e-11	-5.07e-12	3.2034e-07	-3.206e-07	1.0263e-10	-5.845e-11	-1.405e-11	3.1956e-07	-3.1956e-07	1.3697e-10	-5.928e-11	-2.081e-11	3.1958e-07	-3.1958e-07	1.5437e-10	-6.118e-11	-2.766e-11	3.2032e-07	-3.2034e-07	1.8261e-10	-7.084e-11	-3.046e-11	3.195e-07	-3.1958e-07	2.0428e-10	-8.345e-11	-3.532e-11	3.1948e-07	-3.1902e-07	2.2895e-10	-8.524e-11	-3.255e-11	3.196e-07	-3.1968e-07	2.5958e-10	-9.68e-11	-3.801e-11	3.2012e-07	-3.2028e-07	2.9795e-10	-1.0222e-10	-4.045e-11	3.202e-07	-3.2036e-07	3.0661e-10	-1.0927e-10	-3.917e-11	3.2028e-07	-3.2038e-07
-0.085	2.773e-11	-4.367e-11	1.311e-11	3.2044e-07	-3.2052e-07	7.386e-11	-5.013e-11	-7.55e-12	3.2036e-07	-3.2018e-07	1.0977e-10	-4.949e-11	-2.256e-11	3.1866e-07	-3.187e-07	1.4353e-10	-5.734e-11	-3.137e-11	3.1944e-07	-3.1956e-07	1.7058e-10	-6.631e-11	-3.605e-11	3.2032e-07	-3.2036e-07	1.8869e-10	-7.056e-11	-4.28e-11	3.196e-07	-3.1952e-07	2.1501e-10	-7.225e-11	-4.792e-11	3.1938e-07	-3.1954e-07	2.366e-10	-8.481e-11	-4.845e-11	3.1942e-07	-3.1976e-07	2.7535e-10	-8.397e-11	-4.874e-11	3.2014e-07	-3.2036e-07	2.8285e-10	-9.601e-11	-4.816e-11	3.202e-07	-3.204e-07	3.1656e-10	-1.1149e-10	-5.252e-11	3.2028e-07	-3.2036e-07
-0.08	2.651e-11	-3.843e-11	7.9e-12	3.2054e-07	-3.2044e-07	7.556e-11	-3.957e-11	-1.45e-11	3.2034e-07	-3.2038e-07	1.1474e-10	-4.78e-11	-3.027e-11	3.1892e-07	-3.196e-07	1.4207e-10	-5.27e-11	-4.432e-11	3.1956e-07	-3.196e-07	1.7134e-10	-5.953e-11	-5.327e-11	3.2028e-07	-3.2036e-07	1.9792e-10	-6.057e-11	-5.827e-11	3.188e-07	-3.1952e-07	2.2132e-10	-6.769e-11	-5.885e-11	3.1948e-07	-3.1954e-07	2.5136e-10	-7.572e-11	-6.256e-11	3.1956e-07	-3.197e-07	2.6896e-10	-8.565e-11	-6.193e-11	3.2022e-07	-3.2028e-07	2.8677e-10	-8.854e-11	-6.377e-11	3.2028e-07	-3.2036e-07	3.2625e-10	-9.819e-11	-6.838e-11	3.2022e-07	-3.2034e-07
-0.075	3.002e-11	-3.523e-11	6.1e-12	3.2044e-07	-3.2046e-07	8.172e-11	-4.104e-11	-2.618e-11	3.2034e-07	-3.2028e-07	1.1853e-10	-4.337e-11	-4.358e-11	3.1948e-07	-3.1954e-07	1.6461e-10	-4.923e-11	-5.642e-11	3.196e-07	-3.1958e-07	1.8368e-10	-4.651e-11	-6.47e-11	3.2028e-07	-3.2032e-07	2.1301e-10	-6.017e-11	-7.171e-11	3.1946e-07	-3.1958e-07	2.3104e-10	-6.631e-11	-7.71e-11	3.1948e-07	-3.1958e-07	2.5186e-10	-6.743e-11	-7.634e-11	3.196e-07	-3.1968e-07	2.9053e-10	-7.795e-11	-8.247e-11	3.2026e-07	-3.2026e-07	3.0997e-10	-8.77e-11	-8.326e-11	3.2028e-07	-3.2038e-07	3.3208e-10	-8.808e-11	-8.566e-11	3.2022e-07	-3.2044e-07
-0.07	3.183e-11	-3.267e-11	8.7e-13	3.2048e-07	-3.2042e-07	9.083e-11	-3.803e-11	-3.27e-11	3.2062e-07	-3.2064e-07	1.307e-10	-3.776e-11	-5.785e-11	3.1956e-07	-3.1886e-07	1.6946e-10	-4.388e-11	-7.149e-11	3.1948e-07	-3.196e-07	1.9287e-10	-4.951e-11	-8.035e-11	3.2026e-07	-3.2032e-07	2.1943e-10	-5.423e-11	-9.002e-11	3.195e-07	-3.1952e-07	2.4953e-10	-5.963e-11	-9.813e-11	3.1878e-07	-3.195e-07	2.7504e-10	-6.491e-11	-9.522e-11	3.1966e-07	-3.1966e-07	2.9414e-10	-6.978e-11	-1.001e-10	3.2016e-07	-3.2032e-07	3.2189e-10	-7.875e-11	-1.0193e-10	3.202e-07	-3.2032e-07	3.5133e-10	-9.046e-11	-1.0491e-10	3.2028e-07	-3.2036e-07
-0.065	2.716e-11	-2.898e-11	-3.66e-12	3.205e-07	-3.2042e-07	8.452e-11	-2.246e-11	-4.505e-11	3.204e-07	-3.2036e-07	1.4434e-10	-3.707e-11	-6.925e-11	3.195e-07	-3.1954e-07	1.7826e-10	-4.391e-11	-8.861e-11	3.1954e-07	-3.1956e-07	2.1392e-10	-4.672e-11	-1.0396e-10	3.2018e-07	-3.2036e-07	2.3474e-10	-4.881e-11	-1.1191e-10	3.1874e-07	-3.1906e-07	2.6729e-10	-5.296e-11	-1.1769e-10	3.1942e-07	-3.1944e-07	2.9243e-10	-6.096e-11	-1.2289e-10	3.196e-07	-3.1964e-07	3.1113e-10	-6.664e-11	-1.2133e-10	3.2022e-07	-3.2036e-07	3.3654e-10	-7.165e-11	-1.2303e-10	3.2026e-07	-3.2042e-07	3.6601e-10	-8.216e-11	-1.3046e-10	3.2026e-07	-3.2038e-07
-0.06	2.861e-11	-2.603e-11	-9.13e-12	3.2044e-07	-3.204e-07	1.0761e-10	-4.118e-11	-5.494e-11	3.2044e-07	-3.204e-07	1.5127e-10	-3.077e-11	-8.963e-11	3.1954e-07	-3.1952e-07	1.9218e-10	-3.271e-11	-1.1097e-10	3.1956e-07	-3.1956e-07	2.2675e-10	-3.556e-11	-1.2411e-10	3.2032e-07	-3.2026e-07	2.6384e-10	-4.46e-11	-1.3333e-10	3.1908e-07	-3.1888e-07	2.8555e-10	-5.278e-11	-1.4204e-10	3.1944e-07	-3.196e-07	3.146e-10	-5.94e-11	-1.4413e-10	3.195e-07	-3.1966e-07	3.3846e-10	-6.367e-11	-1.5096e-10	3.2022e-07	-3.2028e-07	3.5882e-10	-7.16e-11	-1.516e-10	3.2032e-07	-3.2012e-07	3.9102e-10	-7.241e-11	-1.5872e-10	3.202e-07	-3.2032e-07
-0.055	4.079e-11	-2.372e-11	-1.177e-11	3.204e-07	-3.2048e-07	1.0841e-10	-2.045e-11	-7.367e-11	3.2032e-07	-3.204e-07	1.714e-10	-3.155e-11	-1.0653e-10	3.195e-07	-3.1954e-07	2.2611e-10	-3.384e-11	-1.308e-10	3.1952e-07	-3.196e-07	2.5657e-10	-3.914e-11	-1.4853e-10	3.2026e-07	-3.203e-07	2.8034e-10	-3.648e-11	-1.6339e-10	3.1952e-07	-3.1958e-07	3.0983e-10	-4.568e-11	-1.7471e-10	3.1944e-07	-3.195e-07	3.2874e-10	-4.617e-11	-1.7313e-10	3.189e-07	-3.1886e-07	3.6726e-10	-5.972e-11	-1.8158e-10	3.202e-07	-3.2032e-07	3.844e-10	-6.15e-11	-1.8517e-10	3.2028e-07	-3.2038e-07	4.1456e-10	-7.28e-11	-1.8663e-10	3.202e-07	-3.204e-07
-0.05	3.691e-11	-2.009e-11	-2.114e-11	3.2044e-07	-3.2048e-07	1.3768e-10	-2.798e-11	-8.139e-11	3.2032e-07	-3.2038e-07	1.9443e-10	-2.638e-11	-1.2888e-10	3.1948e-07	-3.195e-07	2.3682e-10	-3.088e-11	-1.6075e-10	3.1964e-07	-3.1958e-07	2.8246e-10	-3.399e-11	-1.7964e-10	3.202e-07	-3.2028e-07	3.1097e-10	-4.017e-11	-1.9789e-10	3.1958e-07	-3.195e-07	3.4657e-10	-4.137e-11	-2.0818e-10	3.1944e-07	-3.1952e-07	3.6404e-10	-5.115e-11	-2.0988e-10	3.1954e-07	-3.196e-07	3.9043e-10	-4.854e-11	-2.1334e-10	3.2028e-07	-3.2036e-07	4.145e-10	-5.765e-11	-2.1867e-10	3.2026e-07	-3.2042e-07	4.4317e-10	-6.421e-11	-2.2888e-10	3.2034e-07	-3.204e-07
-0.045	4.04e-11	-1.729e-11	-2.362e-11	3.2046e-07	-3.2042e-07	1.3776e-10	-1.745e-11	-1.0542e-10	3.204e-07	-3.2042e-07	2.1173e-10	-1.965e-11	-1.5503e-10	3.1956e-07	-3.1952e-07	2.6807e-10	-2.652e-11	-1.9211e-10	3.196e-07	-3.1946e-07	3.0771e-10	-2.525e-11	-2.1697e-10	3.2026e-07	-3.2038e-07	3.5176e-10	-3.585e-11	-2.3409e-10	3.1946e-07	-3.1956e-07	3.803e-10	-3.863e-11	-2.465e-10	3.1954e-07	-3.1954e-07	3.9945e-10	-4.514e-11	-2.5344e-10	3.195e-07	-3.196e-07	4.2707e-10	-4.694e-11	-2.5693e-10	3.2028e-07	-3.2038e-07	4.507e-10	-5.81e-11	-2.6228e-10	3.2026e-07	-3.2032e-07	4.9218e-10	-6.17e-11	-2.7163e-10	3.2022e-07	-3.2038e-07
-0.04	4.723e-11	-1.452e-11	-3.191e-11	3.2044e-07	-3.2042e-07	1.6063e-10	-1.244e-11	-1.2837e-10	3.204e-07	-3.2042e-07	2.4e-10	-2.316e-11	-1.8576e-10	3.1954e-07	-3.1952e-07	3.0357e-10	-2.246e-11	-2.2768e-10	3.195e-07	-3.1954e-07	3.5391e-10	-3.221e-11	-2.5408e-10	3.2032e-07	-3.2038e-07	3.9731e-10	-2.73e-11	-2.7906e-10	3.1886e-07	-3.1888e-07	4.2051e-10	-3.434e-11	-2.9869e-10	3.1954e-07	-3.1906e-07	4.4679e-10	-3.567e-11	-3.0051e-10	3.1962e-07	-3.196e-07	4.8231e-10	-4.89e-11	-3.0829e-10	3.2016e-07	-3.2024e-07	5.0598e-10	-5.042e-11	-3.1418e-10	3.202e-07	-3.2028e-07	5.3813e-10	-5.73e-11	-3.208e-10	3.2026e-07	-3.204e-07
-0.035	5.586e-11	-1.38e-11	-4.229e-11	3.2038e-07	-3.2042e-07	1.8953e-10	-2.166e-11	-1.4922e-10	3.2038e-07	-3.2046e-07	2.6961e-10	-1.88e-11	-2.1681e-10	3.1954e-07	-3.1946e-07	3.4544e-10	-2.144e-11	-2.7414e-10	3.1942e-07	-3.1958e-07	3.9453e-10	-2.09e-11	-3.072e-10	3.2028e-07	-3.2038e-07	4.3557e-10	-2.525e-11	-3.3435e-10	3.1956e-07	-3.1958e-07	4.8245e-10	-3.344e-11	-3.5255e-10	3.1948e-07	-3.1956e-07	5.0016e-10	-4.212e-11	-3.5869e-10	3.1962e-07	-3.196e-07	5.3689e-10	-3.625e-11	-3.6594e-10	3.2022e-07	-3.2024e-07	5.6219e-10	-4.252e-11	-3.7129e-10	3.2026e-07	-3.2032e-07	5.8653e-10	-5.026e-11	-3.8221e-10	3.2032e-07	-3.2042e-07
-0.03	5.596e-11	-1.218e-11	-5.369e-11	3.2044e-07	-3.2046e-07	2.1878e-10	-1.296e-11	-1.8375e-10	3.204e-07	-3.2038e-07	3.0954e-10	-1.307e-11	-2.5516e-10	3.1942e-07	-3.194e-07	3.9178e-10	-1.903e-11	-3.2795e-10	3.1954e-07	-3.1956e-07	4.5618e-10	-2.305e-11	-3.6485e-10	3.2024e-07	-3.2024e-07	5.0289e-10	-2.771e-11	-3.9898e-10	3.196e-07	-3.1964e-07	5.4125e-10	-2.72e-11	-4.1749e-10	3.1944e-07	-3.196e-07	5.6559e-10	-3.155e-11	-4.2989e-10	3.195e-07	-3.1958e-07	5.931e-10	-3.727e-11	-4.3238e-10	3.2022e-07	-3.2042e-07	6.2176e-10	-4.461e-11	-4.3834e-10	3.2028e-07	-3.2034e-07	6.5667e-10	-4.762e-11	-4.5672e-10	3.203e-07	-3.2036e-07
-0.025	7.068e-11	-8.79e-12	-6.361e-11	3.205e-07	-3.2046e-07	2.4334e-10	-5.82e-12	-2.2091e-10	3.2038e-07	-3.2042e-07	3.4597e-10	-1.094e-11	-3.0529e-10	3.1954e-07	-3.196e-07	4.5162e-10	-1.607e-11	-3.8541e-10	3.1956e-07	-3.1954e-07	5.1862e-10	-1.98e-11	-4.288e-10	3.2026e-07	-3.2028e-07	5.7507e-10	-2.007e-11	-4.7029e-10	3.1952e-07	-3.1956e-07	6.1439e-10	-2.652e-11	-4.9206e-10	3.195e-07	-3.1958e-07	6.3662e-10	-2.711e-11	-5.0492e-10	3.1958e-07	-3.197e-07	6.6897e-10	-3.488e-11	-5.1753e-10	3.2028e-07	-3.2036e-07	6.9739e-10	-3.822e-11	-5.1999e-10	3.2034e-07	-3.2036e-07	7.4566e-10	-4.59e-11	-5.3773e-10	3.2016e-07	-3.2032e-07
-0.02	7.887e-11	-6.53e-12	-7.614e-11	3.2046e-07	-3.2048e-07	2.8583e-10	-1.663e-11	-2.5399e-10	3.2038e-07	-3.2046e-07	4.156e-10	-1.47e-11	-3.6764e-10	3.1956e-07	-3.1952e-07	5.2476e-10	-1.526e-11	-4.5637e-10	3.1954e-07	-3.1952e-07	5.9397e-10	-1.059e-11	-5.0936e-10	3.203e-07	-3.2032e-07	6.5605e-10	-2.038e-11	-5.5347e-10	3.1954e-07	-3.1954e-07	7.0595e-10	-2.5e-11	-5.8913e-10	3.1956e-07	-3.1946e-07	7.2964e-10	-2.875e-11	-5.9852e-10	3.1956e-07	-3.197e-07	7.7122e-10	-2.776e-11	-6.1045e-10	3.2018e-07	-3.2034e-07	8.1111e-10	-3.703e-11	-6.1328e-10	3.2014e-07	-3.2032e-07	8.3119e-10	-3.711e-11	-6.3966e-10	3.2024e-07	-3.204e-07
-0.015	9.351e-11	-7.59e-12	-9.484e-11	3.2036e-07	-3.2042e-07	3.3136e-10	8.4e-13	-3.0619e-10	3.2042e-07	-3.207e-07	4.9023e-10	-8.06e-12	-4.3994e-10	3.195e-07	-3.1952e-07	5.9994e-10	-6.52e-12	-5.4188e-10	3.1962e-07	-3.1952e-07	6.8119e-10	-1.602e-11	-6.0889e-10	3.202e-07	-3.2026e-07	7.4975e-10	-1.759e-11	-6.6324e-10	3.1896e-07	-3.1902e-07	8.1192e-10	-1.971e-11	-6.9258e-10	3.1958e-07	-3.1958e-07	8.3941e-10	-2.604e-11	-7.099e-10	3.196e-07	-3.1964e-07	8.7649e-10	-2.59e-11	-7.227e-10	3.2022e-07	-3.2032e-07	8.9657e-10	-2.812e-11	-7.2884e-10	3.2026e-07	-3.2032e-07	9.4456e-10	-3.906e-11	-7.57e-10	3.2026e-07	-3.2032e-07
-0.01	1.0896e-10	-1.97e-12	-1.1037e-10	3.2052e-07	-3.2032e-07	3.8724e-10	-4.43e-12	-3.6762e-10	3.2028e-07	-3.2044e-07	5.6877e-10	-2.8e-12	-5.2022e-10	3.1956e-07	-3.1954e-07	7.0426e-10	-1.2e-11	-6.3997e-10	3.1956e-07	-3.1956e-07	7.9148e-10	-1.214e-11	-7.1783e-10	3.2028e-07	-3.2034e-07	8.8615e-10	-1.578e-11	-7.7577e-10	3.1962e-07	-3.1964e-07	9.2919e-10	-1.578e-11	-8.1977e-10	3.1956e-07	-3.1958e-07	9.7936e-10	-1.948e-11	-8.3622e-10	3.195e-07	-3.1954e-07	1.00131e-09	-2.736e-11	-8.5339e-10	3.2022e-07	-3.2038e-07	1.03754e-09	-2.815e-11	-8.6287e-10	3.2026e-07	-3.2036e-07	1.08612e-09	-3.611e-11	-8.9586e-10	3.2022e-07	-3.2038e-07
-0.005	1.3014e-10	2.7e-13	-1.3075e-10	3.2058e-07	-3.2042e-07	4.5602e-10	-7.59e-12	-4.2469e-10	3.2046e-07	-3.2046e-07	6.6067e-10	-1.067e-11	-6.2109e-10	3.1958e-07	-3.1956e-07	8.129e-10	-5.25e-12	-7.5763e-10	3.1884e-07	-3.1946e-07	9.2537e-10	-6.56e-12	-8.4232e-10	3.2028e-07	-3.203e-07	1.00711e-09	-8.94e-12	-9.2228e-10	3.1942e-07	-3.1956e-07	1.07854e-09	-1.914e-11	-9.6393e-10	3.196e-07	-3.1962e-07	1.11338e-09	-1.962e-11	-9.8336e-10	3.196e-07	-3.196e-07	1.1537e-09	-2.455e-11	-1.01225e-09	3.203e-07	-3.2036e-07	1.1876e-09	-2.548e-11	-1.02356e-09	3.2022e-07	-3.2034e-07	1.2527e-09	-3.166e-11	-1.05155e-09	3.2022e-07	-3.2036e-07
0	1.6431e-10	-4.46e-12	-1.574e-10	3.205e-07	-3.203e-07	5.2693e-10	9.23e-12	-5.1763e-10	3.2038e-07	-3.2034e-07	7.7442e-10	-3.8e-13	-7.275e-10	3.1946e-07	-3.1946e-07	9.6165e-10	-3.51e-12	-9.0216e-10	3.1952e-07	-3.1954e-07	1.07482e-09	-7.78e-12	-9.9558e-10	3.2028e-07	-3.2032e-07	1.1739e-09	-8.66e-12	-1.08439e-09	3.1952e-07	-3.1958e-07	1.243e-09	-1.248e-11	-1.1379e-09	3.1954e-07	-3.1952e-07	1.2825e-09	-7.7e-12	-1.1585e-09	3.1952e-07	-3.1964e-07	1.3322e-09	-1.821e-11	-1.1892e-09	3.2014e-07	-3.2024e-07	1.3708e-09	-2.655e-11	-1.2104e-09	3.203e-07	-3.2038e-07	1.4375e-09	-2.305e-11	-1.2555e-09	3.2018e-07	-3.2034e-07
0.005	1.7203e-10	4.17e-12	-1.8115e-10	3.2078e-07	-3.2076e-07	6.3155e-10	-6.15e-12	-6.071e-10	3.2028e-07	-3.2034e-07	9.0116e-10	1.48e-12	-8.623e-10	3.195e-07	-3.1954e-07	1.11788e-09	-5.93e-12	-1.06408e-09	3.1956e-07	-3.1964e-07	1.2584e-09	-2.55e-12	-1.1778e-09	3.202e-07	-3.2028e-07	1.3638e-09	-7.81e-12	-1.2768e-09	3.1956e-07	-3.196e-07	1.4517e-09	-7.45e-12	-1.3322e-09	3.1948e-07	-3.1948e-07	1.4945e-09	-4.27e-12	-1.3797e-09	3.1954e-07	-3.195e-07	1.5594e-09	-1.855e-11	-1.4098e-09	3.2022e-07	-3.2034e-07	1.5878e-09	-2.158e-11	-1.4285e-09	3.203e-07	-3.2034e-07	1.6634e-09	-2.442e-11	-1.4831e-09	3.203e-07	-3.2038e-07
0.01	2.2124e-10	2.78e-12	-2.0657e-10	3.2042e-07	-3.2044e-07	7.2303e-10	1.43e-12	-7.1759e-10	3.2036e-07	-3.2048e-07	1.06359e-09	-1.99e-12	-1.02523e-09	3.1956e-07	-3.1962e-07	1.3067e-09	-4.09e-12	-1.2495e-09	3.1962e-07	-3.1964e-07	1.4736e-09	-2.2e-12	-1.4089e-09	3.2024e-07	-3.2024e-07	1.5853e-09	-5.1e-13	-1.5146e-09	3.1884e-07	-3.1896e-07	1.6911e-09	-1.009e-11	-1.5843e-09	3.1894e-07	-3.1894e-07	1.7611e-09	-1.47e-11	-1.6261e-09	3.1946e-07	-3.1958e-07	1.8045e-09	-1.055e-11	-1.6594e-09	3.2024e-07	-3.2044e-07	1.8536e-09	-1.696e-11	-1.6904e-09	3.2026e-07	-3.2036e-07	1.9418e-09	-1.884e-11	-1.7614e-09	3.2028e-07	-3.2042e-07
0.015	2.5855e-10	2.64e-12	-2.6044e-10	3.2036e-07	-3.2036e-07	8.6277e-10	9.98e-12	-8.4818e-10	3.2044e-07	-3.2036e-07	1.2368e-09	3.36e-12	-1.2075e-09	3.1954e-07	-3.1944e-07	1.539e-09	-4.83e-12	-1.4891e-09	3.196e-07	-3.1968e-07	1.7217e-09	-2.44e-12	-1.6577e-09	3.2026e-07	-3.2036e-07	1.882e-09	-3.9e-12	-1.7908e-09	3.195e-07	-3.1966e-07	1.9913e-09	-2.53e-12	-1.8719e-09	3.196e-07	-3.196e-07	2.0393e-09	-1.067e-11	-1.9124e-09	3.1948e-07	-3.196e-07	2.1085e-09	-1.716e-11	-1.965e-09	3.2028e-07	-3.2032e-07	2.1605e-09	-1.174e-11	-1.9983e-09	3.2024e-07	-3.2034e-07	2.2574e-09	-2.123e-11	-2.0688e-09	3.2028e-07	-3.2036e-07
0.02	2.9354e-10	5.05e-12	-3.0192e-10	3.2042e-07	-3.2042e-07	1.01698e-09	-6.4e-13	-9.9862e-10	3.2032e-07	-3.2036e-07	1.4586e-09	-6.3e-13	-1.4325e-09	3.1954e-07	-3.1952e-07	1.8052e-09	5.37e-12	-1.7622e-09	3.1954e-07	-3.195e-07	2.0221e-09	-1.63e-12	-1.9491e-09	3.203e-07	-3.203e-07	2.1855e-09	-3.53e-12	-2.1017e-09	3.1954e-07	-3.1964e-07	2.3319e-09	-5.53e-12	-2.2126e-09	3.1954e-07	-3.1962e-07	2.3673e-09	-5.9e-13	-2.2518e-09	3.196e-07	-3.1948e-07	2.4613e-09	-7.05e-12	-2.3293e-09	3.202e-07	-3.203e-07	2.5256e-09	-1.518e-11	-2.3704e-09	3.202e-07	-3.2032e-07	2.6063e-09	-1.359e-11	-2.4358e-09	3.2028e-07	-3.2042e-07
0.025	3.5111e-10	7.28e-12	-3.6578e-10	3.2046e-07	-3.2036e-07	1.1924e-09	1.022e-11	-1.1981e-09	3.204e-07	-3.2038e-07	1.7169e-09	7.59e-12	-1.6906e-09	3.1948e-07	-3.195e-07	2.1179e-09	5.05e-12	-2.0824e-09	3.1962e-07	-3.196e-07	2.3805e-09	3.97e-12	-2.3064e-09	3.2022e-07	-3.2028e-07	2.5701e-09	1.96e-12	-2.499e-09	3.1954e-07	-3.1958e-07	2.7286e-09	-4.25e-12	-2.6082e-09	3.1952e-07	-3.1964e-07	2.7921e-09	-9.44e-12	-2.6576e-09	3.1936e-07	-3.1956e-07	2.8872e-09	-6.44e-12	-2.7531e-09	3.202e-07	-3.2034e-07	2.9392e-09	-1.206e-11	-2.7816e-09	3.2026e-07	-3.2042e-07	3.066e-09	-1.11e-11	-2.8996e-09	3.2028e-07	-3.2044e-07
0.03	4.181e-10	8.44e-12	-4.2839e-10	3.2034e-07	-3.2034e-07	1.4085e-09	7.43e-12	-1.3941e-09	3.2034e-07	-3.2036e-07	2.0165e-09	3.92e-12	-1.9909e-09	3.1954e-07	-3.196e-07	2.4906e-09	3.1e-12	-2.4563e-09	3.1962e-07	-3.196e-07	2.7995e-09	-3.79e-12	-2.741e-09	3.1952e-07	-3.1958e-07	3.0368e-09	-1.6e-12	-2.9582e-09	3.195e-07	-3.1948e-07	3.1919e-09	2.07e-12	-3.0926e-09	3.1962e-07	-3.1964e-07	3.2619e-09	-3.96e-12	-3.1588e-09	3.1946e-07	-3.195e-07	3.3701e-09	-5.66e-12	-3.2383e-09	3.2024e-07	-3.2036e-07	3.4532e-09	-3.82e-12	-3.2966e-09	3.2022e-07	-3.2036e-07	3.5631e-09	-1.267e-11	-3.4229e-09	3.202e-07	-3.2032e-07
0.035	4.7726e-10	1.131e-11	-4.8263e-10	3.205e-07	-3.204e-07	1.6472e-09	1.142e-11	-1.6468e-09	3.2038e-07	-3.2036e-07	2.3831e-09	6.64e-12	-2.3528e-09	3.196e-07	-3.1954e-07	2.937e-09	6.11e-12	-2.9016e-09	3.1948e-07	-3.1956e-07	3.3027e-09	1.133e-11	-3.2132e-09	3.1952e-07	-3.1954e-07	3.575e-09	4.26e-12	-3.4787e-09	3.195e-07	-3.1956e-07	3.7499e-09	3.04e-12	-3.6584e-09	3.1942e-07	-3.1948e-07	3.8201e-09	2.88e-12	-3.7182e-09	3.1946e-07	-3.1952e-07	3.9563e-09	-1.17e-12	-3.8221e-09	3.2042e-07	-3.203e-07	4.0427e-09	-4.9e-12	-3.8929e-09	3.2022e-07	-3.2032e-07	4.2043e-09	-8.38e-12	-3.9937e-09	3.2024e-07	-3.2036e-07
0.04	5.8302e-10	1.262e-11	-5.9219e-10	3.2044e-07	-3.2046e-07	1.9624e-09	7.86e-12	-1.9457e-09	3.2028e-07	-3.2034e-07	2.8099e-09	1.118e-11	-2.7731e-09	3.195e-07	-3.196e-07	3.4579e-09	1.031e-11	-3.4306e-09	3.1868e-07	-3.1862e-07	3.8903e-09	4.86e-12	-3.7885e-09	3.195e-07	-3.1958e-07	4.1885e-09	9.5e-12	-4.1026e-09	3.1952e-07	-3.1964e-07	4.4516e-09	-1.24e-12	-4.3304e-09	3.1946e-07	-3.196e-07	4.5142e-09	3.9e-13	-4.4339e-09	3.1946e-07	-3.1954e-07	4.6917e-09	-3.61e-12	-4.5304e-09	3.2018e-07	-3.2024e-07	4.7253e-09	-4.62e-12	-4.6003e-09	3.2026e-07	-3.2032e-07	4.9036e-09	-4.89e-12	-4.7737e-09	3.2032e-07	-3.2032e-07
0.045	6.9051e-10	1.207e-11	-6.9304e-10	3.2044e-07	-3.204e-07	2.3152e-09	1.376e-11	-2.3064e-09	3.2034e-07	-3.204e-07	3.2991e-09	9.81e-12	-3.3125e-09	3.1954e-07	-3.1952e-07	4.0758e-09	1.043e-11	-4.0619e-09	3.1954e-07	-3.196e-07	4.5892e-09	5.96e-12	-4.5477e-09	3.1952e-07	-3.196e-07	4.9541e-09	3.44e-12	-4.8696e-09	3.1954e-07	-3.196e-07	5.2095e-09	7.09e-12	-5.1133e-09	3.1948e-07	-3.1958e-07	5.3407e-09	-1.64e-12	-5.2009e-09	3.1946e-07	-3.1958e-07	5.4654e-09	6.3e-13	-5.3212e-09	3.2022e-07	-3.2028e-07	5.5747e-09	-2e-14	-5.4146e-09	3.2026e-07	-3.2038e-07	5.7831e-09	-4.13e-12	-5.6207e-09	3.2032e-07	-3.2036e-07
0.05	8.0997e-10	1.629e-11	-8.0057e-10	3.205e-07	-3.2048e-07	2.7142e-09	1.286e-11	-2.7209e-09	3.2034e-07	-3.2028e-07	3.9416e-09	1.006e-11	-3.8845e-09	3.1958e-07	-3.1954e-07	4.8266e-09	5.5e-12	-4.81e-09	3.1892e-07	-3.1878e-07	5.3905e-09	1.033e-11	-5.3459e-09	3.1952e-07	-3.1954e-07	5.852e-09	3.9e-12	-5.7399e-09	3.1956e-07	-3.1954e-07	6.1178e-09	8.19e-12	-6.0599e-09	3.1892e-07	-3.1954e-07	6.2895e-09	8.98e-12	-6.1347e-09	3.1956e-07	-3.1954e-07	6.4543e-09	3.32e-12	-6.2997e-09	3.202e-07	-3.2028e-07	6.5486e-09	-2.07e-12	-6.446e-09	3.202e-07	-3.2032e-07	6.7934e-09	-2.72e-12	-6.6665e-09	3.2026e-07	-3.2038e-07
0.055	9.5877e-10	1.491e-11	-9.6186e-10	3.205e-07	-3.2036e-07	3.2072e-09	1.519e-11	-3.2142e-09	3.2038e-07	-3.2034e-07	4.5764e-09	1.118e-11	-4.6073e-09	3.1948e-07	-3.1952e-07	5.7083e-09	1.611e-11	-5.6246e-09	3.1956e-07	-3.196e-07	6.3563e-09	9.77e-12	-6.3342e-09	3.1956e-07	-3.1958e-07	6.8896e-09	1.565e-11	-6.7745e-09	3.1958e-07	-3.196e-07	7.1988e-09	2.91e-12	-7.1752e-09	3.1868e-07	-3.188e-07	7.4132e-09	5.29e-12	-7.3e-09	3.195e-07	-3.1948e-07	7.5895e-09	4.56e-12	-7.4765e-09	3.202e-07	-3.2028e-07	7.7362e-09	3.43e-12	-7.6069e-09	3.202e-07	-3.203e-07	7.9873e-09	-3.5e-13	-7.8128e-09	3.2024e-07	-3.2036e-07
0.06	1.10005e-09	1.965e-11	-1.14892e-09	3.2068e-07	-3.2042e-07	3.802e-09	1.901e-11	-3.7909e-09	3.204e-07	-3.2038e-07	5.4542e-09	1.418e-11	-5.402e-09	3.1958e-07	-3.1954e-07	6.7605e-09	1.015e-11	-6.752e-09	3.1956e-07	-3.196e-07	7.5093e-09	1.371e-11	-7.5161e-09	3.196e-07	-3.1964e-07	8.1331e-09	9.21e-12	-8.0598e-09	3.1962e-07	-3.1966e-07	8.5642e-09	1.241e-11	-8.4693e-09	3.1954e-07	-3.196e-07	8.79e-09	8.67e-12	-8.6066e-09	3.1942e-07	-3.196e-07	8.9419e-09	3.6e-13	-8.8479e-09	3.2022e-07	-3.2032e-07	9.0848e-09	3.53e-12	-9.0629e-09	3.2022e-07	-3.2032e-07	9.4563e-09	3.67e-12	-9.3088e-09	3.2022e-07	-3.2032e-07
0.065	1.2761e-09	2.115e-11	-1.3301e-09	3.2044e-07	-3.2038e-07	4.4207e-09	1.032e-11	-4.4223e-09	3.2038e-07	-3.204e-07	6.4804e-09	1.557e-11	-6.4536e-09	3.19e-07	-3.1958e-07	7.9392e-09	1.526e-11	-7.8945e-09	3.1952e-07	-3.1958e-07	8.901e-09	1.285e-11	-8.8094e-09	3.1958e-07	-3.196e-07	9.4994e-09	8.58e-12	-9.4986e-09	3.1958e-07	-3.1956e-07	1.01184e-08	4.55e-12	-1.00555e-08	3.1942e-07	-3.1958e-07	1.0287e-08	6.85e-12	-1.01556e-08	3.195e-07	-3.1958e-07	1.05634e-08	1.004e-11	-1.04307e-08	3.2022e-07	-3.2032e-07	1.08089e-08	2.48e-12	-1.05673e-08	3.2022e-07	-3.203e-07	1.11497e-08	1.96e-12	-1.09374e-08	3.2028e-07	-3.2042e-07
0.07	1.5421e-09	2.443e-11	-1.6012e-09	3.207e-07	-3.2072e-07	5.2461e-09	2.308e-11	-5.2558e-09	3.2044e-07	-3.2042e-07	7.584e-09	2.147e-11	-7.5388e-09	3.1946e-07	-3.1934e-07	9.3547e-09	2.145e-11	-9.4227e-09	3.189e-07	-3.1952e-07	1.04689e-08	1.468e-11	-1.0419e-08	3.1952e-07	-3.1958e-07	1.12599e-08	1.739e-11	-1.11836e-08	3.1946e-07	-3.1964e-07	1.1892e-08	8.38e-12	-1.18442e-08	3.1954e-07	-3.1954e-07	1.21228e-08	1.145e-11	-1.20342e-08	3.1866e-07	-3.1888e-07	1.25046e-08	1.064e-11	-1.23634e-08	3.2032e-07	-3.2036e-07	1.27286e-08	3.9e-12	-1.25894e-08	3.2016e-07	-3.2038e-07	1.32656e-08	3.4e-12	-1.30504e-08	3.2016e-07	-3.2034e-07
0.075	1.8598e-09	1.829e-11	-1.909e-09	3.2038e-07	-3.2044e-07	6.2182e-09	1.705e-11	-6.2692e-09	3.2024e-07	-3.2016e-07	9.0014e-09	1.822e-11	-8.92e-09	3.1954e-07	-3.195e-07	1.10666e-08	1.187e-11	-1.11055e-08	3.1954e-07	-3.1954e-07	1.24664e-08	1.539e-11	-1.2352e-08	3.1956e-07	-3.1958e-07	1.34786e-08	2.125e-11	-1.33466e-08	3.1964e-07	-3.1964e-07	1.41032e-08	1.292e-11	-1.40054e-08	3.196e-07	-3.1968e-07	1.43794e-08	1.555e-11	-1.41634e-08	3.1948e-07	-3.196e-07	1.47744e-08	1.494e-11	-1.46912e-08	3.2026e-07	-3.2034e-07	1.50596e-08	1.12e-11	-1.49012e-08	3.2028e-07	-3.2028e-07	1.5559e-08	5.66e-12	-1.53982e-08	3.2022e-07	-3.2034e-07
0.08	2.177e-09	2.492e-11	-2.207e-09	3.2044e-07	-3.204e-07	7.3179e-09	2.097e-11	-7.2166e-09	3.2038e-07	-3.2038e-07	1.05373e-08	2.049e-11	-1.06721e-08	3.1954e-07	-3.1958e-07	1.31536e-08	1.225e-11	-1.3026e-08	3.1954e-07	-3.1952e-07	1.45886e-08	1.202e-11	-1.4536e-08	3.1952e-07	-3.1958e-07	1.57848e-08	1.755e-11	-1.5711e-08	3.1892e-07	-3.1894e-07	1.6638e-08	1.403e-11	-1.65658e-08	3.1946e-07	-3.1958e-07	1.68456e-08	1.445e-11	-1.68908e-08	3.1944e-07	-3.1938e-07	1.74588e-08	1.375e-11	-1.72428e-08	3.2026e-07	-3.2038e-07	1.7641e-08	1.371e-11	-1.7533e-08	3.2028e-07	-3.2038e-07	1.84088e-08	7.62e-12	-1.82282e-08	3.203e-07	-3.2036e-07
0.085	2.5826e-09	2.79e-11	-2.6664e-09	3.2046e-07	-3.2034e-07	8.8074e-09	2.821e-11	-8.6121e-09	3.203e-07	-3.203e-07	1.27046e-08	2.018e-11	-1.2607e-08	3.1952e-07	-3.1948e-07	1.55532e-08	1.627e-11	-1.55322e-08	3.196e-07	-3.1956e-07	1.72178e-08	1.845e-11	-1.71864e-08	3.1962e-07	-3.1968e-07	1.86806e-08	1.471e-11	-1.8584e-08	3.1962e-07	-3.1964e-07	1.97456e-08	2.215e-11	-1.9569e-08	3.1954e-07	-3.1954e-07	1.99858e-08	1.044e-11	-1.98838e-08	3.1954e-07	-3.1954e-07	2.06056e-08	1.304e-11	-2.03752e-08	3.2024e-07	-3.2048e-07	2.09124e-08	1.484e-11	-2.074e-08	3.2022e-07	-3.2036e-07	2.17494e-08	9.72e-12	-2.15064e-08	3.2026e-07	-3.204e-07
0.09	2.9541e-09	2.413e-11	-3.2076e-09	3.2042e-07	-3.2054e-07	1.02777e-08	2.358e-11	-1.0295e-08	3.204e-07	-3.2032e-07	1.4948e-08	2.607e-11	-1.48698e-08	3.195e-07	-3.1954e-07	1.83726e-08	2.627e-11	-1.82354e-08	3.1942e-07	-3.1958e-07	2.03698e-08	2.175e-11	-2.04332e-08	3.195e-07	-3.1898e-07	2.2133e-08	1.824e-11	-2.20938e-08	3.1966e-07	-3.197e-07	2.32046e-08	2.112e-11	-2.31412e-08	3.195e-07	-3.1962e-07	2.35132e-08	1.417e-11	-2.35882e-08	3.195e-07	-3.1964e-07	2.44016e-08	1.565e-11	-2.4137e-08	3.202e-07	-3.203e-07	2.47814e-08	1.29e-11	-2.44816e-08	3.2022e-07	-3.2036e-07	2.56692e-08	1.493e-11	-2.54182e-08	3.2022e-07	-3.2042e-07
0.095	3.7854e-09	3.506e-11	-3.5983e-09	3.2042e-07	-3.2042e-07	1.2093e-08	2.624e-11	-1.21102e-08	3.2034e-07	-3.2032e-07	1.76368e-08	2.7e-11	-1.76178e-08	3.1948e-07	-3.1956e-07	2.17268e-08	2.898e-11	-2.17508e-08	3.1956e-07	-3.1894e-07	2.4329e-08	2.421e-11	-2.41862e-08	3.1956e-07	-3.1952e-07	2.60676e-08	2.976e-11	-2.60562e-08	3.196e-07	-3.1958e-07	2.7374e-08	2.008e-11	-2.7396e-08	3.1884e-07	-3.1958e-07	2.80674e-08	1.942e-11	-2.79544e-08	3.1946e-07	-3.1956e-07	2.88174e-08	2.464e-11	-2.8565e-08	3.2054e-07	-3.2036e-07	2.90366e-08	1.765e-11	-2.88968e-08	3.2026e-07	-3.2046e-07	3.02622e-08	1.055e-11	-3.0127e-08	3.2028e-07	-3.2036e-07
0.1	4.379e-09	2.672e-11	-4.4295e-09	3.2046e-07	-3.2038e-07	1.42616e-08	3.017e-11	-1.42928e-08	3.2038e-07	-3.2034e-07	2.06708e-08	2.945e-11	-2.06666e-08	3.195e-07	-3.1948e-07	2.55932e-08	2.632e-11	-2.55558e-08	3.1956e-07	-3.1958e-07	2.85174e-08	2.352e-11	-2.86484e-08	3.195e-07	-3.196e-07	3.09224e-08	2.228e-11	-3.07006e-08	3.1958e-07	-3.1954e-07	3.22944e-08	1.991e-11	-3.22694e-08	3.1952e-07	-3.1964e-07	3.30146e-08	2.862e-11	-3.28676e-08	3.195e-07	-3.1896e-07	3.37498e-08	1.848e-11	-3.36624e-08	3.2022e-07	-3.2036e-07	3.42624e-08	1.985e-11	-3.43558e-08	3.2016e-07	-3.2036e-07	3.57804e-08	1.172e-11	-3.56716e-08	3.2014e-07	-3.2032e-07
0.105	5.0945e-09	3.568e-11	-5.1428e-09	3.2046e-07	-3.2042e-07	1.68592e-08	2.612e-11	-1.68754e-08	3.204e-07	-3.2042e-07	2.47536e-08	2.935e-11	-2.46582e-08	3.196e-07	-3.1948e-07	3.03296e-08	2.453e-11	-3.01154e-08	3.1954e-07	-3.1952e-07	3.36374e-08	2.738e-11	-3.3737e-08	3.1946e-07	-3.1948e-07	3.6473e-08	2.412e-11	-3.63508e-08	3.189e-07	-3.1956e-07	3.81072e-08	2.863e-11	-3.80932e-08	3.1956e-07	-3.1954e-07	3.8865e-08	2.36e-11	-3.89842e-08	3.195e-07	-3.1954e-07	4.01532e-08	2.214e-11	-4.01396e-08	3.2024e-07	-3.203e-07	4.07634e-08	2.106e-11	-4.04584e-08	3.2024e-07	-3.2032e-07	4.21506e-08	1.628e-11	-4.20702e-08	3.2022e-07	-3.2032e-07
0.11	5.9833e-09	3.839e-11	-5.9581e-09	3.2046e-07	-3.2042e-07	1.99996e-08	3.494e-11	-2.00162e-08	3.2038e-07	-3.2036e-07	2.93158e-08	3.338e-11	-2.93906e-08	3.1944e-07	-3.1946e-07	3.58336e-08	3.166e-11	-3.57546e-08	3.195e-07	-3.1952e-07	3.98588e-08	2.582e-11	-3.96518e-08	3.1956e-07	-3.1954e-07	4.30864e-08	2.595e-11	-4.29492e-08	3.1956e-07	-3.1964e-07	4.51694e-08	2.713e-11	-4.49826e-08	3.1952e-07	-3.1954e-07	4.62558e-08	1.38e-11	-4.61152e-08	3.1944e-07	-3.1888e-07	4.75026e-08	2.447e-11	-4.7623e-08	3.2022e-07	-3.2038e-07	4.80832e-08	2.018e-11	-4.7849e-08	3.2026e-07	-3.204e-07	4.98682e-08	2.055e-11	-4.97716e-08	3.2022e-07	-3.2038e-07
0.115	7.2198e-09	3.314e-11	-7.1541e-09	3.2046e-07	-3.2036e-07	2.38598e-08	4.094e-11	-2.39054e-08	3.2038e-07	-3.2036e-07	3.4345e-08	3.734e-11	-3.4497e-08	3.1958e-07	-3.1958e-07	4.22158e-08	3.511e-11	-4.21264e-08	3.1948e-07	-3.1954e-07	4.71438e-08	3.491e-11	-4.70746e-08	3.1888e-07	-3.1954e-07	5.09424e-08	3.527e-11	-5.08132e-08	3.1954e-07	-3.196e-07	5.3673e-08	2.191e-11	-5.35228e-08	3.1886e-07	-3.1886e-07	5.49976e-08	2.93e-11	-5.4577e-08	3.195e-07	-3.196e-07	5.64728e-08	2.628e-11	-5.6333e-08	3.2026e-07	-3.2032e-07	5.6838e-08	2.355e-11	-5.66412e-08	3.2018e-07	-3.2028e-07	5.9154e-08	1.682e-11	-5.90554e-08	3.204e-07	-3.206e-07
0.12	8.4479e-09	4.319e-11	-8.6137e-09	3.2044e-07	-3.2038e-07	2.79652e-08	3.938e-11	-2.80506e-08	3.2036e-07	-3.2032e-07	4.0811e-08	3.61e-11	-4.08104e-08	3.1948e-07	-3.1952e-07	4.99318e-08	3.28e-11	-5.00372e-08	3.1946e-07	-3.195e-07	5.55806e-08	3.134e-11	-5.55082e-08	3.1884e-07	-3.1888e-07	6.01866e-08	3.441e-11	-6.0066e-08	3.1952e-07	-3.1956e-07	6.30784e-08	2.829e-11	-6.31606e-08	3.1952e-07	-3.1956e-07	6.49486e-08	3.358e-11	-6.46526e-08	3.1948e-07	-3.1952e-07	6.66258e-08	2.613e-11	-6.6547e-08	3.2024e-07	-3.2032e-07	6.72132e-08	2.501e-11	-6.67806e-08	3.2034e-07	-3.2032e-07	6.99654e-08	1.891e-11	-6.99806e-08	3.2024e-07	-3.2018e-07
0.125	1.03176e-08	4.82e-11	-1.00198e-08	3.2046e-07	-3.2046e-07	3.30292e-08	3.994e-11	-3.30218e-08	3.2032e-07	-3.2046e-07	4.80914e-08	3.491e-11	-4.85224e-08	3.1946e-07	-3.1948e-07	5.89728e-08	3e-11	-5.93142e-08	3.1952e-07	-3.1956e-07	6.61192e-08	3.097e-11	-6.58966e-08	3.1962e-07	-3.196e-07	7.1576e-08	2.863e-11	-7.09008e-08	3.1958e-07	-3.1966e-07	7.50148e-08	3.623e-11	-7.49924e-08	3.1948e-07	-3.1952e-07	7.67352e-08	2.339e-11	-7.67178e-08	3.1952e-07	-3.196e-07	7.8817e-08	2.583e-11	-7.84494e-08	3.2032e-07	-3.203e-07	7.93322e-08	2.773e-11	-7.94318e-08	3.2022e-07	-3.2032e-07	8.28144e-08	2.395e-11	-8.27932e-08	3.2036e-07	-3.2038e-07
0.13	1.22686e-08	5.245e-11	-1.22098e-08	3.2036e-07	-3.2032e-07	3.87906e-08	4.642e-11	-3.89854e-08	3.2038e-07	-3.2038e-07	5.75072e-08	4.303e-11	-5.69622e-08	3.1952e-07	-3.1948e-07	7.00012e-08	3.965e-11	-6.93696e-08	3.1956e-07	-3.1956e-07	7.78314e-08	3.444e-11	-7.78258e-08	3.1952e-07	-3.1954e-07	8.39518e-08	3.106e-11	-8.42738e-08	3.1956e-07	-3.1962e-07	8.8769e-08	2.677e-11	-8.88348e-08	3.195e-07	-3.1958e-07	9.0805e-08	2.722e-11	-8.99302e-08	3.1948e-07	-3.1952e-07	9.29376e-08	2.98e-11	-9.32082e-08	3.2032e-07	-3.2038e-07	9.41708e-08	2.441e-11	-9.3472e-08	3.2014e-07	-3.2032e-07	9.80034e-08	2.936e-11	-9.7491e-08	3.2028e-07	-3.2046e-07
0.135	1.40416e-08	5.684e-11	-1.35674e-08	3.2056e-07	-3.2062e-07	4.649e-08	5.193e-11	-4.59806e-08	3.2032e-07	-3.204e-07	6.7271e-08	4.695e-11	-6.77992e-08	3.1954e-07	-3.196e-07	8.26788e-08	4.566e-11	-8.25246e-08	3.195e-07	-3.1958e-07	9.19632e-08	4.34e-11	-9.25868e-08	3.1944e-07	-3.1952e-07	9.97228e-08	4.507e-11	-9.96848e-08	3.1962e-07	-3.1966e-07	1.051954e-07	3.496e-11	-1.051936e-07	3.1954e-07	-3.1956e-07	1.073176e-07	3.708e-11	-1.071592e-07	3.1874e-07	-3.1936e-07	1.097222e-07	3.252e-11	-1.100684e-07	3.2026e-07	-3.2042e-07	1.107516e-07	3.069e-11	-1.106546e-07	3.2026e-07	-3.2036e-07	1.16e-07	2.459e-11	-1.163436e-07	3.2034e-07	-3.204e-07
0.14	1.66454e-08	5.047e-11	-1.72934e-08	3.2048e-07	-3.2034e-07	5.46894e-08	5.189e-11	-5.43798e-08	3.2028e-07	-3.2034e-07	7.99966e-08	4.588e-11	-7.91968e-08	3.1948e-07	-3.1958e-07	9.77552e-08	4.224e-11	-9.75488e-08	3.1954e-07	-3.1946e-07	1.09167e-07	4.029e-11	-1.084902e-07	3.1958e-07	-3.1952e-07	1.1828e-07	3.847e-11	-1.1776e-07	3.1954e-07	-3.196e-07	1.242e-07	3.435e-11	-1.2488e-07	3.195e-07	-3.196e-07	1.2588e-07	3.579e-11	-1.2538e-07	3.1946e-07	-3.1958e-07	1.2848e-07	3.025e-11	-1.2888e-07	3.2022e-07	-3.2032e-07	1.316e-07	2.944e-11	-1.3094e-07	3.2014e-07	-3.2036e-07	1.3728e-07	3.352e-11	-1.375e-07	3.2032e-07	-3.2042e-07
0.145	1.96994e-08	5.478e-11	-2.0168e-08	3.204e-07	-3.2038e-07	6.44842e-08	5.018e-11	-6.36e-08	3.2042e-07	-3.204e-07	9.44828e-08	4.632e-11	-9.4278e-08	3.1954e-07	-3.1954e-07	1.1532e-07	3.587e-11	-1.1444e-07	3.196e-07	-3.196e-07	1.2832e-07	3.613e-11	-1.3006e-07	3.1948e-07	-3.1952e-07	1.4016e-07	3.803e-11	-1.38e-07	3.1956e-07	-3.1952e-07	1.4772e-07	3.738e-11	-1.4682e-07	3.1954e-07	-3.1952e-07	1.4904e-07	2.875e-11	-1.4902e-07	3.1946e-07	-3.1952e-07	1.5238e-07	3.559e-11	-1.5296e-07	3.202e-07	-3.2036e-07	1.5462e-07	3.318e-11	-1.551e-07	3.2022e-07	-3.2036e-07	1.638e-07	3.296e-11	-1.623e-07	3.2022e-07	-3.2032e-07
0.15	2.36288e-08	6.66e-11	-2.32208e-08	3.205e-07	-3.2042e-07	7.63372e-08	5.823e-11	-7.66072e-08	3.2034e-07	-3.2032e-07	1.117604e-07	5.431e-11	-1.117928e-07	3.1882e-07	-3.1894e-07	1.3634e-07	5.47e-11	-1.3608e-07	3.1952e-07	-3.1954e-07	1.5182e-07	5.179e-11	-1.5344e-07	3.1886e-07	-3.1882e-07	1.6434e-07	4.77e-11	-1.6412e-07	3.1948e-07	-3.1964e-07	1.7462e-07	4.284e-11	-1.749e-07	3.1952e-07	-3.196e-07	1.7592e-07	4.536e-11	-1.7504e-07	3.195e-07	-3.196e-07	1.8102e-07	4.077e-11	-1.8088e-07	3.2026e-07	-3.2046e-07	1.8252e-07	3.759e-11	-1.841e-07	3.2024e-07	-3.2028e-07	1.928e-07	3.287e-11	-1.9108e-07	3.2026e-07	-3.2042e-07
0.155	2.79372e-08	7.035e-11	-2.80906e-08	3.2044e-07	-3.2048e-07	8.99994e-08	6.519e-11	-9.01316e-08	3.2032e-07	-3.2036e-07	1.3004e-07	5.648e-11	-1.3114e-07	3.1956e-07	-3.1952e-07	1.6194e-07	5.207e-11	-1.6066e-07	3.1948e-07	-3.1958e-07	1.8038e-07	4.341e-11	-1.818e-07	3.195e-07	-3.196e-07	1.9552e-07	4.521e-11	-1.9366e-07	3.1964e-07	-3.1956e-07	2.0692e-07	4.254e-11	-2.053e-07	3.1958e-07	-3.196e-07	2.0928e-07	4.168e-11	-2.0958e-07	3.1944e-07	-3.195e-07	2.1578e-07	3.774e-11	-2.1462e-07	3.203e-07	-3.2042e-07	2.1728e-07	3.465e-11	-2.178e-07	3.2022e-07	-3.2032e-07	2.2746e-07	4.11e-11	-2.2748e-07	3.203e-07	-3.2038e-07
0.16	3.22784e-08	6.958e-11	-3.32838e-08	3.2038e-07	-3.2038e-07	1.063454e-07	6.288e-11	-1.05956e-07	3.2034e-07	-3.2038e-07	1.5436e-07	5.71e-11	-1.5524e-07	3.1958e-07	-3.1956e-07	1.8892e-07	5.312e-11	-1.9104e-07	3.1948e-07	-3.1954e-07	2.1296e-07	5.069e-11	-2.1406e-07	3.1942e-07	-3.1944e-07	2.2924e-07	4.534e-11	-2.3106e-07	3.196e-07	-3.1964e-07	2.4314e-07	4.895e-11	-2.4442e-07	3.195e-07	-3.196e-07	2.4604e-07	4.118e-11	-2.4554e-07	3.1944e-07	-3.1952e-07	2.5624e-07	4.285e-11	-2.5488e-07	3.2028e-07	-3.2038e-07	2.5676e-07	4.302e-11	-2.5802e-07	3.2028e-07	-3.2038e-07	2.7004e-07	3.162e-11	-2.6914e-07	3.2036e-07	-3.2044e-07
0.165	3.7937e-08	8.133e-11	-3.80304e-08	3.2032e-07	-3.2028e-07	1.2558e-07	6.724e-11	-1.261e-07	3.2028e-07	-3.2032e-07	1.845e-07	6.758e-11	-1.8384e-07	3.1954e-07	-3.1954e-07	2.2742e-07	6.31e-11	-2.2522e-07	3.1952e-07	-3.1958e-07	2.5202e-07	5.69e-11	-2.5308e-07	3.1954e-07	-3.1954e-07	2.7104e-07	5.279e-11	-2.7312e-07	3.1954e-07	-3.1952e-07	2.8762e-07	4.936e-11	-2.8866e-07	3.1888e-07	-3.1952e-07	2.8866e-07	5.197e-11	-2.8852e-07	3.195e-07	-3.1964e-07	3.0188e-07	4.356e-11	-3.0252e-07	3.2032e-07	-3.2028e-07	3.0514e-07	4.149e-11	-3.0664e-07	3.202e-07	-3.2038e-07	3.1712e-07	4.615e-11	-3.1512e-07	3.2026e-07	-3.2036e-07
0.17	4.52842e-08	8.826e-11	-4.55108e-08	3.2038e-07	-3.2044e-07	1.4968e-07	8.038e-11	-1.478e-07	3.2036e-07	-3.2032e-07	2.172e-07	6.663e-11	-2.162e-07	3.195e-07	-3.1952e-07	2.6528e-07	5.518e-11	-2.6756e-07	3.1954e-07	-3.1954e-07	3.001e-07	5.816e-11	-2.9986e-07	3.1954e-07	-3.1946e-07	3.231e-07	5.044e-11	-3.2094e-07	3.196e-07	-3.1966e-07	3.3838e-07	5.161e-11	-3.399e-07	3.195e-07	-3.1884e-07	3.437e-07	4.11e-11	-3.4264e-07	3.1954e-07	-3.1966e-07	3.5502e-07	4.37e-11	-3.5702e-07	3.202e-07	-3.2026e-07	3.5862e-07	4.438e-11	-3.5736e-07	3.2022e-07	-3.2034e-07	3.7412e-07	3.823e-11	-3.7486e-07	3.2026e-07	-3.2042e-07
0.175	5.45792e-08	9.778e-11	-5.30564e-08	3.2042e-07	-3.2038e-07	1.7484e-07	8.086e-11	-1.7544e-07	3.2032e-07	-3.2038e-07	2.5712e-07	7.764e-11	-2.5676e-07	3.1942e-07	-3.1956e-07	3.1472e-07	7.017e-11	-3.1518e-07	3.195e-07	-3.196e-07	3.5182e-07	6.271e-11	-3.514e-07	3.1944e-07	-3.1958e-07	3.8132e-07	6.13e-11	-3.8134e-07	3.196e-07	-3.1948e-07	3.9852e-07	5.462e-11	-4.0074e-07	3.189e-07	-3.1892e-07	4.0264e-07	5.687e-11	-4.027e-07	3.1948e-07	-3.1878e-07	4.2114e-07	5.338e-11	-4.1788e-07	3.202e-07	-3.2032e-07	4.2382e-07	5.042e-11	-4.2434e-07	3.202e-07	-3.2036e-07	4.447e-07	4.791e-11	-4.4344e-07	3.2028e-07	-3.2034e-07
0.18	6.33062e-08	1.0163e-10	-6.3281e-08	3.2052e-07	-3.2038e-07	2.071e-07	8.907e-11	-2.0874e-07	3.2032e-07	-3.2036e-07	3.0336e-07	7.806e-11	-3.0426e-07	3.1954e-07	-3.1958e-07	3.7394e-07	7.234e-11	-3.7048e-07	3.1946e-07	-3.195e-07	4.1526e-07	6.927e-11	-4.1826e-07	3.195e-07	-3.1954e-07	4.499e-07	6.036e-11	-4.5166e-07	3.1946e-07	-3.1946e-07	4.7494e-07	5.72e-11	-4.7324e-07	3.1944e-07	-3.1954e-07	4.7968e-07	5.35e-11	-4.7672e-07	3.1946e-07	-3.192e-07	4.9576e-07	5.142e-11	-4.9512e-07	3.2024e-07	-3.2036e-07	5.0242e-07	4.736e-11	-5.0254e-07	3.2028e-07	-3.2046e-07	5.2486e-07	5.343e-11	-5.2242e-07	3.2022e-07	-3.2034e-07
0.185	7.39124e-08	1.1279e-10	-7.2578e-08	3.2042e-07	-3.2042e-07	2.4496e-07	1.0488e-10	-2.4612e-07	3.2042e-07	-3.2036e-07	3.5766e-07	8.547e-11	-3.5806e-07	3.1956e-07	-3.196e-07	4.4142e-07	7.825e-11	-4.431e-07	3.195e-07	-3.1946e-07	4.9248e-07	7.197e-11	-4.9344e-07	3.1954e-07	-3.195e-07	5.303e-07	6.909e-11	-5.2864e-07	3.1884e-07	-3.1898e-07	5.6132e-07	6.402e-11	-5.5938e-07	3.1948e-07	-3.1962e-07	5.6662e-07	5.779e-11	-5.697e-07	3.1886e-07	-3.1956e-07	5.8194e-07	5.901e-11	-5.8596e-07	3.2028e-07	-3.2028e-07	5.933e-07	5.429e-11	-5.9486e-07	3.2036e-07	-3.2038e-07	6.198e-07	4.98e-11	-6.1614e-07	3.2028e-07	-3.2038e-07
0.19	8.50676e-08	1.2412e-10	-8.56302e-08	3.204e-07	-3.2036e-07	2.9292e-07	1.0322e-10	-2.8858e-07	3.2036e-07	-3.2032e-07	4.194e-07	9.359e-11	-4.2542e-07	3.196e-07	-3.1954e-07	5.2296e-07	8.806e-11	-5.2036e-07	3.1948e-07	-3.1956e-07	5.824e-07	7.52e-11	-5.8042e-07	3.1956e-07	-3.1954e-07	6.278e-07	6.898e-11	-6.316e-07	3.1956e-07	-3.1966e-07	6.6192e-07	6.649e-11	-6.6634e-07	3.1944e-07	-3.1952e-07	6.7216e-07	6.717e-11	-6.6254e-07	3.1952e-07	-3.1958e-07	6.9452e-07	6.184e-11	-6.953e-07	3.2028e-07	-3.203e-07	7.0604e-07	5.773e-11	-7.0182e-07	3.2028e-07	-3.2036e-07	7.3076e-07	6.031e-11	-7.3036e-07	3.2028e-07	-3.205e-07
0.195	1.03443e-07	1.3543e-10	-1.026034e-07	3.2046e-07	-3.2042e-07	3.4328e-07	1.1645e-10	-3.428e-07	3.203e-07	-3.2032e-07	5.0166e-07	1.014e-10	-4.9784e-07	3.1948e-07	-3.1954e-07	6.1432e-07	8.976e-11	-6.1962e-07	3.1888e-07	-3.1884e-07	6.8674e-07	8.185e-11	-6.8346e-07	3.1966e-07	-3.1954e-07	7.4226e-07	7.565e-11	-7.451e-07	3.196e-07	-3.1966e-07	7.8976e-07	7.265e-11	-7.8822e-07	3.1954e-07	-3.197e-07	7.8422e-07	6.298e-11	-7.9326e-07	3.1946e-07	-3.1954e-07	8.1876e-07	6.131e-11	-8.1916e-07	3.2028e-07	-3.2036e-07	8.3e-07	5.95e-11	-8.2902e-07	3.2026e-07	-3.2032e-07	8.6396e-07	5.401e-11	-8.6176e-07	3.2028e-07	-3.2048e-07
0.2	1.1994e-07	1.4838e-10	-1.2266e-07	3.1956e-07	-3.1958e-07	4.0424e-07	1.2839e-10	-4.0682e-07	3.2034e-07	-3.2038e-07	5.8652e-07	1.1054e-10	-5.9024e-07	3.1948e-07	-3.1952e-07	7.2792e-07	9.776e-11	-7.2288e-07	3.1892e-07	-3.1892e-07	8.1098e-07	8.35e-11	-8.0956e-07	3.1954e-07	-3.196e-07	8.8156e-07	8.415e-11	-8.7526e-07	3.196e-07	-3.1962e-07	9.298e-07	7.543e-11	-9.377e-07	3.1956e-07	-3.1954e-07	9.386e-07	7.245e-11	-9.3678e-07	3.1944e-07	-3.196e-07	9.7394e-07	6.968e-11	-9.6424e-07	3.2018e-07	-3.2032e-07	9.7648e-07	6.802e-11	-9.831e-07	3.2026e-07	-3.2038e-07	1.02158e-06	6.3e-11	-1.01558e-06	3.2034e-07	-3.204e-07
0.205	1.3814e-07	1.6428e-10	-1.373e-07	3.1962e-07	-3.1964e-07	4.7962e-07	1.3621e-10	-4.7656e-07	3.2032e-07	-3.204e-07	6.9568e-07	1.2051e-10	-6.9494e-07	3.195e-07	-3.1952e-07	8.5984e-07	1.0704e-10	-8.5668e-07	3.1954e-07	-3.1958e-07	9.5702e-07	9.561e-11	-9.6378e-07	3.1954e-07	-3.195e-07	1.03974e-06	8.613e-11	-1.03056e-06	3.1952e-07	-3.1956e-07	1.0981e-06	7.899e-11	-1.10034e-06	3.1952e-07	-3.1898e-07	1.1061e-06	7.654e-11	-1.10604e-06	3.195e-07	-3.1954e-07	1.1422e-06	7.033e-11	-1.13824e-06	3.202e-07	-3.2032e-07	1.1526e-06	7.192e-11	-1.14908e-06	3.2022e-07	-3.2032e-07	1.2147e-06	6.436e-11	-1.2014e-06	3.2028e-07	-3.204e-07
0.21	1.647e-07	1.7898e-10	-1.6486e-07	3.1956e-07	-3.1958e-07	5.6054e-07	1.5259e-10	-5.672e-07	3.2038e-07	-3.2036e-07	8.255e-07	1.3141e-10	-8.1916e-07	3.1952e-07	-3.1954e-07	1.00372e-06	1.1051e-10	-1.01464e-06	3.195e-07	-3.1948e-07	1.1376e-06	1.0199e-10	-1.13304e-06	3.1952e-07	-3.1952e-07	1.2264e-06	9.536e-11	-1.2192e-06	3.1956e-07	-3.1958e-07	1.2963e-06	8.24e-11	-1.292e-06	3.195e-07	-3.1962e-07	1.3253e-06	8.344e-11	-1.3154e-06	3.1914e-07	-3.195e-07	1.3613e-06	7.815e-11	-1.3568e-06	3.2024e-07	-3.2024e-07	1.3794e-06	7.455e-11	-1.3741e-06	3.202e-07	-3.2052e-07	1.4267e-06	6.924e-11	-1.419e-06	3.2028e-07	-3.2042e-07
0.215	1.9232e-07	1.9631e-10	-1.9472e-07	3.1972e-07	-3.1966e-07	6.6512e-07	1.6948e-10	-6.6504e-07	3.2044e-07	-3.203e-07	9.6532e-07	1.4077e-10	-9.6364e-07	3.1954e-07	-3.1942e-07	1.1986e-06	1.2707e-10	-1.1911e-06	3.1968e-07	-3.1964e-07	1.3439e-06	1.1638e-10	-1.3347e-06	3.1884e-07	-3.1892e-07	1.4421e-06	9.845e-11	-1.4513e-06	3.1956e-07	-3.1966e-07	1.5294e-06	9.083e-11	-1.5181e-06	3.1896e-07	-3.1896e-07	1.5476e-06	8.474e-11	-1.5374e-06	3.1888e-07	-3.1886e-07	1.6078e-06	7.939e-11	-1.5951e-06	3.202e-07	-3.202e-07	1.6163e-06	7.718e-11	-1.6249e-06	3.2022e-07	-3.2036e-07	1.6768e-06	7.292e-11	-1.677e-06	3.2028e-07	-3.2036e-07
0.22	2.2312e-07	2.2139e-10	-2.1718e-07	3.1962e-07	-3.196e-07	7.8124e-07	1.7899e-10	-7.83e-07	3.2042e-07	-3.2032e-07	1.13304e-06	1.5737e-10	-1.13612e-06	3.195e-07	-3.1956e-07	1.4087e-06	1.3658e-10	-1.408e-06	3.195e-07	-3.196e-07	1.5718e-06	1.3156e-10	-1.5593e-06	3.1884e-07	-3.1898e-07	1.6976e-06	1.1385e-10	-1.7023e-06	3.1962e-07	-3.1966e-07	1.8004e-06	1.0334e-10	-1.794e-06	3.1956e-07	-3.1964e-07	1.8193e-06	9.477e-11	-1.8106e-06	3.1938e-07	-3.1966e-07	1.8865e-06	9.142e-11	-1.8943e-06	3.2014e-07	-3.2028e-07	1.9216e-06	8.453e-11	-1.9202e-06	3.2022e-07	-3.204e-07	1.9723e-06	8.409e-11	-1.9801e-06	3.2022e-07	-3.2034e-07
0.225	2.5604e-07	2.4005e-10	-2.5926e-07	3.1916e-07	-3.1884e-07	9.1704e-07	2.0568e-10	-9.1002e-07	3.2036e-07	-3.203e-07	1.336e-06	1.6897e-10	-1.3283e-06	3.1954e-07	-3.1946e-07	1.6574e-06	1.4641e-10	-1.665e-06	3.1954e-07	-3.1956e-07	1.8616e-06	1.2501e-10	-1.8553e-06	3.1952e-07	-3.1958e-07	2.0046e-06	1.1687e-10	-2.0023e-06	3.195e-07	-3.1954e-07	2.1244e-06	1.0872e-10	-2.1205e-06	3.1956e-07	-3.196e-07	2.1437e-06	1.073e-10	-2.1447e-06	3.1944e-07	-3.1954e-07	2.228e-06	9.301e-11	-2.2213e-06	3.202e-07	-3.203e-07	2.2479e-06	8.856e-11	-2.2526e-06	3.2022e-07	-3.203e-07	2.3288e-06	8.536e-11	-2.3388e-06	3.2032e-07	-3.2046e-07
0.23	3.0476e-07	2.6566e-10	-3.0872e-07	3.1968e-07	-3.1966e-07	1.08142e-06	2.2188e-10	-1.07862e-06	3.206e-07	-3.2058e-07	1.5753e-06	1.849e-10	-1.5787e-06	3.1952e-07	-3.1952e-07	1.951e-06	1.6325e-10	-1.9468e-06	3.1956e-07	-3.1952e-07	2.1919e-06	1.4328e-10	-2.1856e-06	3.1958e-07	-3.1968e-07	2.3661e-06	1.2913e-10	-2.3612e-06	3.1956e-07	-3.1956e-07	2.5041e-06	1.1228e-10	-2.5057e-06	3.1896e-07	-3.191e-07	2.5303e-06	1.0044e-10	-2.5216e-06	3.1882e-07	-3.1884e-07	2.6295e-06	9.916e-11	-2.6219e-06	3.2016e-07	-3.203e-07	2.655e-06	9.47e-11	-2.6691e-06	3.202e-07	-3.2028e-07	2.7545e-06	9.198e-11	-2.7438e-06	3.2028e-07	-3.2036e-07
0.235	3.4732e-07	2.9683e-10	-3.4956e-07	3.1966e-07	-3.196e-07	1.2718e-06	2.486e-10	-1.2665e-06	3.2038e-07	-3.2026e-07	1.8506e-06	2.0961e-10	-1.8494e-06	3.1888e-07	-3.189e-07	2.2916e-06	1.7702e-10	-2.2989e-06	3.1964e-07	-3.1962e-07	2.5574e-06	1.5625e-10	-2.5632e-06	3.1964e-07	-3.1964e-07	2.7657e-06	1.3644e-10	-2.7583e-06	3.1956e-07	-3.1956e-07	2.9522e-06	1.2632e-10	-2.937e-06	3.1946e-07	-3.1954e-07	2.987e-06	1.1506e-10	-2.9811e-06	3.195e-07	-3.1954e-07	3.0832e-06	1.0876e-10	-3.0767e-06	3.2048e-07	-3.2034e-07	3.1255e-06	1.0521e-10	-3.1039e-06	3.2018e-07	-3.2034e-07	3.2367e-06	9.77e-11	-3.2304e-06	3.2026e-07	-3.2044e-07
0.24	3.9656e-07	3.2061e-10	-3.946e-07	3.196e-07	-3.1958e-07	1.4903e-06	2.7025e-10	-1.4945e-06	3.2034e-07	-3.2032e-07	2.1732e-06	2.3089e-10	-2.1861e-06	3.1954e-07	-3.1956e-07	2.706e-06	1.9488e-10	-2.6948e-06	3.1954e-07	-3.196e-07	3.0152e-06	1.6766e-10	-3.0329e-06	3.1954e-07	-3.196e-07	3.2599e-06	1.4789e-10	-3.2572e-06	3.1962e-07	-3.1948e-07	3.4889e-06	1.337e-10	-3.4599e-06	3.1942e-07	-3.1952e-07	3.4997e-06	1.2746e-10	-3.5045e-06	3.192e-07	-3.1954e-07	3.6503e-06	1.1294e-10	-3.6129e-06	3.2012e-07	-3.2026e-07	3.6759e-06	1.0789e-10	-3.6436e-06	3.202e-07	-3.2036e-07	3.8127e-06	1.0545e-10	-3.811e-06	3.202e-07	-3.2038e-07
0.245	4.5178e-07	3.5334e-10	-4.5768e-07	3.1896e-07	-3.195e-07	1.7242e-06	2.9885e-10	-1.7244e-06	3.204e-07	-3.2036e-07	2.5456e-06	2.474e-10	-2.5233e-06	3.1948e-07	-3.196e-07	3.1553e-06	2.1666e-10	-3.1697e-06	3.1884e-07	-3.1944e-07	3.5538e-06	1.894e-10	-3.5576e-06	3.1956e-07	-3.1962e-07	3.8412e-06	1.6872e-10	-3.8561e-06	3.1886e-07	-3.1906e-07	4.0506e-06	1.4923e-10	-4.028e-06	3.1952e-07	-3.1952e-07	4.115e-06	1.3757e-10	-4.1314e-06	3.195e-07	-3.1958e-07	4.2881e-06	1.2548e-10	-4.277e-06	3.2026e-07	-3.2036e-07	4.3062e-06	1.173e-10	-4.3013e-06	3.2026e-07	-3.2032e-07	4.4893e-06	1.1003e-10	-4.4744e-06	3.2028e-07	-3.2052e-07
0.25	5.1576e-07	3.8442e-10	-5.1804e-07	3.1964e-07	-3.1954e-07	2.0275e-06	3.2309e-10	-2.0082e-06	3.204e-07	-3.2032e-07	2.9844e-06	2.8121e-10	-2.985e-06	3.1956e-07	-3.1958e-07	3.689e-06	2.3514e-10	-3.7211e-06	3.1956e-07	-3.1958e-07	4.1784e-06	1.9835e-10	-4.1318e-06	3.1954e-07	-3.1952e-07	4.529e-06	1.7284e-10	-4.5227e-06	3.1956e-07	-3.1966e-07	4.776e-06	1.6009e-10	-4.7547e-06	3.1956e-07	-3.1954e-07	4.8553e-06	1.4317e-10	-4.8418e-06	3.202e-07	-3.2024e-07	5.0232e-06	1.3594e-10	-5.0063e-06	3.2026e-07	-3.2034e-07	5.0605e-06	1.2381e-10	-5.0791e-06	3.2014e-07	-3.2028e-07	5.2876e-06	1.207e-10	-5.2742e-06	3.2028e-07	-3.2038e-07
0.255	5.6936e-07	4.2525e-10	-5.7602e-07	3.1902e-07	-3.1894e-07	2.346e-06	3.6439e-10	-2.3483e-06	3.2056e-07	-3.2034e-07	3.4742e-06	2.9687e-10	-3.4877e-06	3.1958e-07	-3.1942e-07	4.3332e-06	2.5999e-10	-4.3516e-06	3.1896e-07	-3.19e-07	4.913e-06	2.2396e-10	-4.8643e-06	3.1954e-07	-3.1958e-07	5.2959e-06	1.9647e-10	-5.2692e-06	3.1958e-07	-3.1912e-07	5.5831e-06	1.7229e-10	-5.5777e-06	3.195e-07	-3.1896e-07	5.6816e-06	1.5148e-10	-5.6731e-06	3.202e-07	-3.2042e-07	5.9102e-06	1.4154e-10	-5.902e-06	3.2018e-07	-3.2038e-07	5.9783e-06	1.3084e-10	-5.9305e-06	3.202e-07	-3.2022e-07	6.1903e-06	1.2502e-10	-6.2046e-06	3.203e-07	-3.2036e-07
0.26	6.5544e-07	4.603e-10	-6.555e-07	3.1968e-07	-3.196e-07	2.7271e-06	3.9165e-10	-2.7083e-06	3.2038e-07	-3.2036e-07	4.0562e-06	3.3461e-10	-4.0639e-06	3.1946e-07	-3.1946e-07	5.0798e-06	2.8337e-10	-5.0671e-06	3.1956e-07	-3.1948e-07	5.7114e-06	2.4096e-10	-5.7408e-06	3.195e-07	-3.1956e-07	6.23e-06	2.0804e-10	-6.1861e-06	3.1958e-07	-3.1898e-07	6.5506e-06	1.8537e-10	-6.5112e-06	3.1956e-07	-3.1952e-07	6.6906e-06	1.7157e-10	-6.6734e-06	3.2034e-07	-3.2032e-07	6.9402e-06	1.5501e-10	-6.8968e-06	3.2016e-07	-3.203e-07	6.9683e-06	1.4536e-10	-6.9631e-06	3.202e-07	-3.203e-07	7.2714e-06	1.3569e-10	-7.2374e-06	3.202e-07	-3.2032e-07
0.265	7.213e-07	5.0635e-10	-7.1906e-07	3.1912e-07	-3.1886e-07	3.1362e-06	4.2705e-10	-3.1397e-06	3.2026e-07	-3.2032e-07	4.7026e-06	3.6201e-10	-4.7376e-06	3.1956e-07	-3.1962e-07	5.9095e-06	3.0882e-10	-5.8876e-06	3.1946e-07	-3.1952e-07	6.6965e-06	2.6465e-10	-6.7122e-06	3.1948e-07	-3.196e-07	7.2508e-06	2.3062e-10	-7.2415e-06	3.1952e-07	-3.1958e-07	7.6157e-06	2.0289e-10	-7.6338e-06	3.1946e-07	-3.1954e-07	7.7835e-06	1.7118e-10	-7.8029e-06	3.2028e-07	-3.204e-07	8.0874e-06	1.6714e-10	-8.0612e-06	3.2016e-07	-3.2024e-07	8.1587e-06	1.5454e-10	-8.1892e-06	3.2026e-07	-3.2038e-07	8.5099e-06	1.4273e-10	-8.4731e-06	3.202e-07	-3.2036e-07
0.27	8.0804e-07	5.4304e-10	-7.8912e-07	3.1962e-07	-3.1958e-07	3.6414e-06	4.7023e-10	-3.6575e-06	3.204e-07	-3.2028e-07	5.5155e-06	3.9809e-10	-5.5079e-06	3.1896e-07	-3.1958e-07	6.9338e-06	3.4205e-10	-6.9237e-06	3.1942e-07	-3.1952e-07	7.8034e-06	2.9749e-10	-7.8325e-06	3.195e-07	-3.1954e-07	8.4681e-06	2.5394e-10	-8.4384e-06	3.1958e-07	-3.1958e-07	8.9171e-06	2.2089e-10	-8.9404e-06	3.1946e-07	-3.195e-07	9.0986e-06	2.0248e-10	-9.159e-06	3.2022e-07	-3.2036e-07	9.4484e-06	1.7681e-10	-9.4627e-06	3.2024e-07	-3.2036e-07	9.5739e-06	1.6452e-10	-9.527e-06	3.2026e-07	-3.2036e-07	9.9242e-06	1.5477e-10	-9.909e-06	3.2028e-07	-3.2036e-07
0.275	8.7936e-07	5.8452e-10	-8.7668e-07	3.1972e-07	-3.196e-07	4.1794e-06	5.0523e-10	-4.1751e-06	3.2032e-07	-3.203e-07	6.3852e-06	4.3749e-10	-6.3363e-06	3.1948e-07	-3.1952e-07	8.0428e-06	3.7402e-10	-7.9977e-06	3.19e-07	-3.1958e-07	9.0425e-06	3.198e-10	-9.107e-06	3.1942e-07	-3.1952e-07	9.8129e-06	2.6886e-10	-9.8734e-06	3.1954e-07	-3.1966e-07	1.04239e-05	2.4523e-10	-1.04452e-05	3.1954e-07	-3.1966e-07	1.07084e-05	2.132e-10	-1.06887e-05	3.2024e-07	-3.2038e-07	1.10495e-05	1.9625e-10	-1.10131e-05	3.2036e-07	-3.2036e-07	1.11504e-05	1.7747e-10	-1.11633e-05	3.2026e-07	-3.2034e-07	1.1558e-05	1.6614e-10	-1.15658e-05	3.2028e-07	-3.203e-07
0.28	9.6414e-07	6.2708e-10	-9.5662e-07	3.1968e-07	-3.1962e-07	4.7891e-06	5.5631e-10	-4.8273e-06	3.2036e-07	-3.203e-07	7.3422e-06	4.751e-10	-7.3998e-06	3.1942e-07	-3.1948e-07	9.3062e-06	4.0527e-10	-9.3441e-06	3.196e-07	-3.1966e-07	1.0573e-05	3.4597e-10	-1.05867e-05	3.195e-07	-3.1958e-07	1.1452e-05	2.9753e-10	-1.14749e-05	3.1968e-07	-3.196e-07	1.2102e-05	2.5492e-10	-1.2124e-05	3.1948e-07	-3.1956e-07	1.243e-05	2.3512e-10	-1.2468e-05	3.202e-07	-3.2034e-07	1.2884e-05	2.066e-10	-1.2856e-05	3.2026e-07	-3.204e-07	1.3026e-05	1.9492e-10	-1.298e-05	3.2026e-07	-3.2036e-07	1.3434e-05	1.781e-10	-1.3422e-05	3.2024e-07	-3.2032e-07
0.285	1.02544e-06	6.727e-10	-1.0234e-06	3.196e-07	-3.1956e-07	5.4898e-06	5.8412e-10	-5.5364e-06	3.2044e-07	-3.2046e-07	8.5426e-06	5.1703e-10	-8.5722e-06	3.1946e-07	-3.196e-07	1.08455e-05	4.4777e-10	-1.08433e-05	3.1952e-07	-3.1962e-07	1.2306e-05	3.7601e-10	-1.227e-05	3.1948e-07	-3.1962e-07	1.3388e-05	3.2963e-10	-1.3386e-05	3.1954e-07	-3.1958e-07	1.4112e-05	2.8561e-10	-1.414e-05	3.1954e-07	-3.1964e-07	1.4528e-05	2.5812e-10	-1.455e-05	3.202e-07	-3.2034e-07	1.4998e-05	2.2777e-10	-1.4966e-05	3.203e-07	-3.2044e-07	1.5172e-05	2.0816e-10	-1.5238e-05	3.2026e-07	-3.2038e-07	1.5674e-05	1.8814e-10	-1.5662e-05	3.203e-07	-3.204e-07
0.29	1.06806e-06	7.1903e-10	-1.07116e-06	3.1896e-07	-3.1956e-07	6.3594e-06	6.3755e-10	-6.3139e-06	3.204e-07	-3.2032e-07	9.8688e-06	5.5517e-10	-9.7841e-06	3.1956e-07	-3.1952e-07	1.2552e-05	4.8662e-10	-1.246e-05	3.196e-07	-3.1962e-07	1.425e-05	4.0923e-10	-1.426e-05	3.1946e-07	-3.1954e-07	1.5548e-05	3.6172e-10	-1.5544e-05	3.1942e-07	-3.1894e-07	1.64e-05	3.1644e-10	-1.6438e-05	3.1954e-07	-3.1958e-07	1.6902e-05	2.6884e-10	-1.6832e-05	3.2018e-07	-3.203e-07	1.7418e-05	2.4616e-10	-1.742e-05	3.2028e-07	-3.2042e-07	1.7678e-05	2.2201e-10	-1.7686e-05	3.2028e-07	-3.2036e-07	1.8164e-05	2.0905e-10	-1.8158e-05	3.2034e-07	-3.2038e-07
0.295	1.12934e-06	7.6405e-10	-1.1242e-06	3.1956e-07	-3.1954e-07	7.2206e-06	6.8612e-10	-7.132e-06	3.2038e-07	-3.203e-07	1.13787e-05	6.048e-10	-1.13366e-05	3.1956e-07	-3.1952e-07	1.4452e-05	5.216e-10	-1.4534e-05	3.196e-07	-3.196e-07	1.65e-05	4.5744e-10	-1.649e-05	3.1946e-07	-3.1948e-07	1.8002e-05	3.9891e-10	-1.8048e-05	3.196e-07	-3.197e-07	1.909e-05	3.3819e-10	-1.9072e-05	3.1964e-07	-3.1972e-07	1.967e-05	3.0025e-10	-1.9636e-05	3.2014e-07	-3.2038e-07	2.0272e-05	2.6838e-10	-2.0188e-05	3.2022e-07	-3.2036e-07	2.0512e-05	2.4117e-10	-2.0566e-05	3.2022e-07	-3.2036e-07	2.1028e-05	2.217e-10	-2.0988e-05	3.2026e-07	-3.2038e-07
0.3	1.1298e-06	8.1246e-10	-1.1352e-06	3.1962e-07	-3.1952e-07	8.1697e-06	7.2836e-10	-8.2121e-06	3.2034e-07	-3.203e-07	1.302e-05	6.5107e-10	-1.3024e-05	3.195e-07	-3.1954e-07	1.6744e-05	5.7213e-10	-1.6632e-05	3.1954e-07	-3.195e-07	1.9104e-05	4.9242e-10	-1.9032e-05	3.1946e-07	-3.1964e-07	2.0816e-05	4.2528e-10	-2.0818e-05	3.1938e-07	-3.1962e-07	2.2054e-05	3.7092e-10	-2.208e-05	3.1894e-07	-3.1894e-07	2.2694e-05	3.2899e-10	-2.27e-05	3.203e-07	-3.2038e-07	2.3354e-05	2.8516e-10	-2.3434e-05	3.2024e-07	-3.2036e-07	2.3718e-05	2.6614e-10	-2.3802e-05	3.2022e-07	-3.2036e-07	2.4348e-05	2.3988e-10	-2.4286e-05	3.2026e-07	-3.2032e-07
0.305	1.11272e-06	8.5479e-10	-1.12114e-06	3.1964e-07	-3.1958e-07	9.3092e-06	7.8294e-10	-9.3226e-06	3.2028e-07	-3.203e-07	1.498e-05	6.9393e-10	-1.5e-05	3.196e-07	-3.1956e-07	1.9228e-05	6.1116e-10	-1.918e-05	3.1948e-07	-3.1956e-07	2.2142e-05	5.3426e-10	-2.2102e-05	3.1954e-07	-3.1958e-07	2.4106e-05	4.6967e-10	-2.4062e-05	3.196e-07	-3.1952e-07	2.5588e-05	4.0157e-10	-2.5594e-05	3.1948e-07	-3.196e-07	2.6376e-05	3.5546e-10	-2.6334e-05	3.2026e-07	-3.2034e-07	2.7102e-05	3.1564e-10	-2.7196e-05	3.2022e-07	-3.203e-07	2.7646e-05	2.8177e-10	-2.768e-05	3.2016e-07	-3.2042e-07	2.8186e-05	2.595e-10	-2.836e-05	3.202e-07	-3.2036e-07
0.31	1.124e-06	8.9867e-10	-1.11268e-06	3.1956e-07	-3.1906e-07	1.05082e-05	8.2072e-10	-1.05588e-05	3.204e-07	-3.2034e-07	1.711e-05	7.3955e-10	-1.7166e-05	3.189e-07	-3.1896e-07	2.206e-05	6.6431e-10	-2.2068e-05	3.195e-07	-3.1958e-07	2.5412e-05	5.8448e-10	-2.5372e-05	3.189e-07	-3.1882e-07	2.7766e-05	5.0896e-10	-2.7726e-05	3.1952e-07	-3.196e-07	2.9412e-05	4.5504e-10	-2.9446e-05	3.1954e-07	-3.1958e-07	3.0536e-05	3.9612e-10	-3.05e-05	3.2026e-07	-3.2028e-07	3.1428e-05	3.4184e-10	-3.1452e-05	3.2026e-07	-3.2036e-07	3.2028e-05	3.1125e-10	-3.1944e-05	3.2032e-07	-3.2038e-07	3.27e-05	2.8174e-10	-3.2624e-05	3.202e-07	-3.203e-07
0.315	1.0589e-06	9.4507e-10	-1.04194e-06	3.1958e-07	-3.1958e-07	1.1892e-05	8.6431e-10	-1.1948e-05	3.2034e-07	-3.203e-07	1.9588e-05	7.9288e-10	-1.9566e-05	3.1896e-07	-3.1892e-07	2.5338e-05	7.0571e-10	-2.5332e-05	3.1952e-07	-3.1958e-07	2.9196e-05	6.2909e-10	-2.9212e-05	3.195e-07	-3.1956e-07	3.207e-05	5.5023e-10	-3.204e-05	3.1952e-07	-3.1954e-07	3.4046e-05	4.8442e-10	-3.3962e-05	3.1948e-07	-3.1966e-07	3.5272e-05	4.1957e-10	-3.521e-05	3.2022e-07	-3.203e-07	3.6378e-05	3.7545e-10	-3.6284e-05	3.2028e-07	-3.2038e-07	3.7022e-05	3.3333e-10	-3.696e-05	3.2026e-07	-3.2036e-07	3.7762e-05	3.0489e-10	-3.7642e-05	3.2028e-07	-3.2032e-07
0.32	9.315e-07	9.8714e-10	-9.1426e-07	3.196e-07	-3.1952e-07	1.3422e-05	9.1607e-10	-1.3476e-05	3.2036e-07	-3.2024e-07	2.243e-05	8.3482e-10	-2.231e-05	3.1958e-07	-3.1958e-07	2.9044e-05	7.5575e-10	-2.8918e-05	3.1954e-07	-3.196e-07	3.3606e-05	6.7298e-10	-3.3556e-05	3.1956e-07	-3.1954e-07	3.6796e-05	5.9837e-10	-3.6756e-05	3.1952e-07	-3.1954e-07	3.9134e-05	5.2702e-10	-3.911e-05	3.1954e-07	-3.196e-07	4.0596e-05	4.6355e-10	-4.0568e-05	3.2026e-07	-3.203e-07	4.1876e-05	4.0802e-10	-4.1866e-05	3.2024e-07	-3.2036e-07	4.2674e-05	3.5992e-10	-4.2766e-05	3.2028e-07	-3.2034e-07	4.3404e-05	3.2712e-10	-4.3446e-05	3.2022e-07	-3.2042e-07
0.325	7.761e-07	1.03447e-09	-7.9164e-07	3.1962e-07	-3.1958e-07	1.513e-05	9.5944e-10	-1.523e-05	3.2038e-07	-3.2036e-07	2.5522e-05	8.8608e-10	-2.5432e-05	3.195e-07	-3.1958e-07	3.3096e-05	8.0613e-10	-3.3116e-05	3.196e-07	-3.1958e-07	3.8492e-05	7.2657e-10	-3.846e-05	3.1946e-07	-3.1942e-07	4.228e-05	6.4662e-10	-4.2388e-05	3.1952e-07	-3.1954e-07	4.5094e-05	5.6773e-10	-4.51e-05	3.19e-07	-3.1904e-07	4.6798e-05	5.0336e-10	-4.6798e-05	3.2026e-07	-3.2032e-07	4.824e-05	4.4419e-10	-4.8218e-05	3.2034e-07	-3.203e-07	4.9386e-05	3.9783e-10	-4.9412e-05	3.2026e-07	-3.203e-07	5.0096e-05	3.541e-10	-5.0166e-05	3.2034e-07	-3.2032e-07
0.33	6.151e-07	1.07665e-09	-6.1402e-07	3.2044e-07	-3.2042e-07	1.6994e-05	1.00421e-09	-1.709e-05	3.2024e-07	-3.2024e-07	2.8936e-05	9.2816e-10	-2.8896e-05	3.1962e-07	-3.196e-07	3.7884e-05	8.5073e-10	-3.7818e-05	3.1948e-07	-3.1946e-07	4.4012e-05	7.7027e-10	-4.4106e-05	3.1942e-07	-3.1954e-07	4.8474e-05	6.9345e-10	-4.8376e-05	3.1958e-07	-3.1958e-07	5.166e-05	6.0972e-10	-5.1788e-05	3.1954e-07	-3.1962e-07	5.3658e-05	5.4242e-10	-5.3764e-05	3.2024e-07	-3.2042e-07	5.558e-05	4.8317e-10	-5.5664e-05	3.202e-07	-3.2032e-07	5.674e-05	4.2779e-10	-5.6614e-05	3.2028e-07	-3.2028e-07	5.7546e-05	3.8529e-10	-5.7606e-05	3.2028e-07	-3.204e-07
0.335	3.8134e-07	1.12349e-09	-3.637e-07	3.2044e-07	-3.2038e-07	1.9246e-05	1.05117e-09	-1.9212e-05	3.2028e-07	-3.2032e-07	3.2938e-05	9.7717e-10	-3.2942e-05	3.1954e-07	-3.1958e-07	4.3156e-05	9.0557e-10	-4.312e-05	3.1954e-07	-3.1944e-07	5.0496e-05	8.159e-10	-5.03e-05	3.1946e-07	-3.1954e-07	5.5544e-05	7.3957e-10	-5.5666e-05	3.1888e-07	-3.1956e-07	5.941e-05	6.6324e-10	-5.9444e-05	3.1966e-07	-3.1964e-07	6.1882e-05	5.9459e-10	-6.182e-05	3.2024e-07	-3.2032e-07	6.4068e-05	5.2233e-10	-6.4024e-05	3.202e-07	-3.2018e-07	6.533e-05	4.7111e-10	-6.5322e-05	3.2026e-07	-3.2034e-07	6.6422e-05	4.1535e-10	-6.65e-05	3.2028e-07	-3.2036e-07
0.34	7.75948e-08	1.1565e-09	2.98136e-08	3.207e-07	-3.2038e-07	2.1482e-05	1.0997e-09	-2.1604e-05	3.206e-07	-3.204e-07	3.732e-05	1.02756e-09	-3.729e-05	3.1954e-07	-3.196e-07	4.8968e-05	9.5272e-10	-4.9022e-05	3.1948e-07	-3.1946e-07	5.7506e-05	8.7972e-10	-5.7466e-05	3.1948e-07	-3.1954e-07	6.3444e-05	7.9187e-10	-6.3546e-05	3.1958e-07	-3.196e-07	6.7974e-05	7.1176e-10	-6.791e-05	3.1892e-07	-3.196e-07	7.0886e-05	6.3431e-10	-7.0944e-05	3.2022e-07	-3.206e-07	7.3336e-05	5.6553e-10	-7.3368e-05	3.2018e-07	-3.203e-07	7.4908e-05	5.0794e-10	-7.4968e-05	3.2022e-07	-3.203e-07	7.62e-05	4.5466e-10	-7.6266e-05	3.2014e-07	-3.2036e-07
0.345	4.0526e-07	1.2047e-09	-1.7974e-07	3.2046e-07	-3.2052e-07	2.429e-05	1.1462e-09	-2.4146e-05	3.203e-07	-3.2032e-07	4.2228e-05	1.06791e-09	-4.2264e-05	3.1958e-07	-3.1962e-07	5.5794e-05	9.9961e-10	-5.5744e-05	3.1958e-07	-3.196e-07	6.5586e-05	9.198e-10	-6.5586e-05	3.1956e-07	-3.1888e-07	7.2558e-05	8.4801e-10	-7.2572e-05	3.1958e-07	-3.1952e-07	7.7674e-05	7.692e-10	-7.7776e-05	3.1956e-07	-3.196e-07	8.1382e-05	6.8741e-10	-8.1444e-05	3.202e-07	-3.2024e-07	8.4192e-05	6.1375e-10	-8.4196e-05	3.2016e-07	-3.2028e-07	8.6112e-05	5.4524e-10	-8.595e-05	3.203e-07	-3.2042e-07	8.7438e-05	4.8815e-10	-8.7454e-05	3.2026e-07	-3.2042e-07
0.35	-6.3334e-07	1.2598e-09	6.8646e-07	3.2044e-07	-3.2042e-07	2.7034e-05	1.196e-09	-2.7022e-05	3.2026e-07	-3.2028e-07	4.7754e-05	1.12722e-09	-4.78e-05	3.1954e-07	-3.1954e-07	6.3218e-05	1.05578e-09	-6.3224e-05	3.1954e-07	-3.1958e-07	7.4558e-05	9.7535e-10	-7.4554e-05	3.1954e-07	-3.1958e-07	8.2762e-05	8.938e-10	-8.2782e-05	3.1948e-07	-3.1914e-07	8.8742e-05	8.1653e-10	-8.8662e-05	3.1954e-07	-3.1964e-07	9.3004e-05	7.3739e-10	-9.3e-05	3.2022e-07	-3.203e-07	9.634e-05	6.6071e-10	-9.6348e-05	3.2022e-07	-3.2028e-07	9.8396e-05	5.9253e-10	-9.8506e-05	3.204e-07	-3.203e-07	0.000100194	5.3286e-10	-0.000100186	3.2026e-07	-3.204e-07
0.355	-1.10058e-06	1.2999e-09	1.13172e-06	3.2046e-07	-3.2038e-07	3.0372e-05	1.2293e-09	-3.0432e-05	3.2038e-07	-3.203e-07	5.4116e-05	1.1718e-09	-5.3938e-05	3.1958e-07	-3.196e-07	7.1728e-05	1.09234e-09	-7.165e-05	3.1948e-07	-3.195e-07	8.4766e-05	1.02696e-09	-8.4746e-05	3.195e-07	-3.1876e-07	9.4286e-05	9.5427e-10	-9.4306e-05	3.1942e-07	-3.196e-07	0.000101286	8.6687e-10	-0.00010127	3.1954e-07	-3.1966e-07	0.000106304	7.941e-10	-0.000106244	3.2034e-07	-3.2038e-07	0.000110102	7.1426e-10	-0.000110128	3.2024e-07	-3.2028e-07	0.000112832	6.3793e-10	-0.000112734	3.2028e-07	-3.2036e-07	0.000114848	5.774e-10	-0.000114838	3.2026e-07	-3.203e-07
0.36	-1.8054e-06	1.3415e-09	1.9125e-06	3.2044e-07	-3.2034e-07	3.389e-05	1.2876e-09	-3.3902e-05	3.2038e-07	-3.206e-07	6.0732e-05	1.215e-09	-6.0758e-05	3.1956e-07	-3.1952e-07	8.1168e-05	1.1487e-09	-8.112e-05	3.1952e-07	-3.1958e-07	9.6086e-05	1.07131e-09	-9.5958e-05	3.192e-07	-3.195e-07	0.000107038	1.0021e-09	-0.00010705	3.195e-07	-3.1952e-07	0.00011564	9.2098e-10	-0.00011534	3.1958e-07	-3.1956e-07	0.00012156	8.4275e-10	-0.00012114	3.202e-07	-3.2032e-07	0.00012602	7.6478e-10	-0.0001256	3.202e-07	-3.2032e-07	0.00012902	6.8869e-10	-0.00012874	3.2038e-07	-3.2038e-07	0.0001314	6.2487e-10	-0.00013104	3.2022e-07	-3.2038e-07
0.365	-2.4675e-06	1.3883e-09	2.4389e-06	3.2034e-07	-3.2034e-07	3.7886e-05	1.3232e-09	-3.788e-05	3.2038e-07	-3.203e-07	6.832e-05	1.2598e-09	-6.8304e-05	3.1874e-07	-3.1876e-07	9.1558e-05	1.1988e-09	-9.165e-05	3.1954e-07	-3.195e-07	0.000108844	1.13838e-09	-0.000108836	3.194e-07	-3.1954e-07	0.00012204	1.05752e-09	-0.00012162	3.1952e-07	-3.1964e-07	0.00013156	9.7686e-10	-0.00013114	3.1904e-07	-3.1898e-07	0.00013842	9.0311e-10	-0.0001379	3.2026e-07	-3.2036e-07	0.00014352	8.2096e-10	-0.00014322	3.2028e-07	-3.2032e-07	0.00014734	7.4141e-10	-0.00014692	3.2022e-07	-3.2034e-07	0.00014998	6.7263e-10	-0.00014966	3.2026e-07	-3.2038e-07
0.37	-2.9522e-06	1.4543e-09	2.949e-06	3.2036e-07	-3.2036e-07	4.212e-05	1.3769e-09	-4.2216e-05	3.2034e-07	-3.203e-07	7.6622e-05	1.322e-09	-7.6598e-05	3.195e-07	-3.1958e-07	0.000102876	1.2471e-09	-0.000102938	3.1944e-07	-3.195e-07	0.00012318	1.1851e-09	-0.00012286	3.1954e-07	-3.1954e-07	0.00013792	1.11053e-09	-0.0001376	3.1956e-07	-3.196e-07	0.00014882	1.03684e-09	-0.00014844	3.1952e-07	-3.1952e-07	0.00015696	9.5672e-10	-0.00015648	3.203e-07	-3.2038e-07	0.0001631	8.7371e-10	-0.00016254	3.2024e-07	-3.2032e-07	0.0001673	7.9528e-10	-0.00016684	3.2026e-07	-3.2038e-07	0.00017062	7.2259e-10	-0.0001702	3.203e-07	-3.2052e-07
0.375	-3.6781e-06	1.493e-09	3.5301e-06	3.2042e-07	-3.204e-07	4.6904e-05	1.4337e-09	-4.7018e-05	3.2028e-07	-3.2026e-07	8.5934e-05	1.3627e-09	-8.5778e-05	3.195e-07	-3.1958e-07	0.00011612	1.3033e-09	-0.00011586	3.1954e-07	-3.1954e-07	0.000139	1.2423e-09	-0.0001385	3.195e-07	-3.195e-07	0.000156	1.1674e-09	-0.00015556	3.1944e-07	-3.1954e-07	0.00016848	1.08935e-09	-0.00016812	3.195e-07	-3.195e-07	0.00017802	1.0098e-09	-0.00017766	3.2032e-07	-3.2034e-07	0.00018496	9.3928e-10	-0.00018448	3.2016e-07	-3.2028e-07	0.00019014	8.5995e-10	-0.00018972	3.2024e-07	-3.2042e-07	0.00019414	7.738e-10	-0.00019366	3.2028e-07	-3.2042e-07
0.38	-4.3357e-06	1.5468e-09	4.3482e-06	3.204e-07	-3.2036e-07	5.2104e-05	1.4727e-09	-5.2074e-05	3.2038e-07	-3.2026e-07	9.5858e-05	1.4192e-09	-9.5938e-05	3.1954e-07	-3.1952e-07	0.00013022	1.3462e-09	-0.00012982	3.1956e-07	-3.1958e-07	0.00015606	1.2784e-09	-0.00015582	3.195e-07	-3.1952e-07	0.00017552	1.2151e-09	-0.00017512	3.196e-07	-3.1948e-07	0.00019026	1.1412e-09	-0.0001897	3.195e-07	-3.1958e-07	0.00020096	1.07283e-09	-0.0002006	3.2026e-07	-3.2036e-07	0.00020914	9.8785e-10	-0.00020888	3.202e-07	-3.2032e-07	0.00021526	9.1166e-10	-0.0002149	3.2022e-07	-3.2038e-07	0.00021972	8.4079e-10	-0.00021926	3.202e-07	-3.2062e-07
0.385	-5.1462e-06	1.6002e-09	5.1362e-06	3.2034e-07	-3.2032e-07	5.7884e-05	1.5371e-09	-5.7698e-05	3.2034e-07	-3.2024e-07	0.000107118	1.4697e-09	-0.000107094	3.1954e-07	-3.1892e-07	0.00014548	1.4068e-09	-0.00014514	3.195e-07	-3.1964e-07	0.00017506	1.3474e-09	-0.00017478	3.1944e-07	-3.1952e-07	0.000197	1.2776e-09	-0.00019688	3.1954e-07	-3.196e-07	0.00021416	1.202e-09	-0.00021374	3.1902e-07	-3.1888e-07	0.00022692	1.12825e-09	-0.00022642	3.2024e-07	-3.2032e-07	0.00023628	1.05426e-09	-0.00023614	3.2022e-07	-3.2032e-07	0.0002435	9.7638e-10	-0.000243	3.202e-07	-3.2036e-07	0.00024866	8.9134e-10	-0.00024834	3.2026e-07	-3.2042e-07
0.39	-5.7989e-06	1.6528e-09	5.894e-06	3.2034e-07	-3.2038e-07	6.3652e-05	1.5892e-09	-6.3918e-05	3.2044e-07	-3.2032e-07	0.00011942	1.5265e-09	-0.0001191	3.1954e-07	-3.1946e-07	0.0001622	1.4565e-09	-0.00016196	3.1956e-07	-3.1956e-07	0.0001954	1.3855e-09	-0.0001952	3.1948e-07	-3.1954e-07	0.00022096	1.3243e-09	-0.0002208	3.1952e-07	-3.1954e-07	0.00024032	1.2577e-09	-0.00023988	3.1956e-07	-3.1956e-07	0.00025522	1.1865e-09	-0.00025454	3.2028e-07	-3.203e-07	0.00026598	1.11169e-09	-0.00026548	3.2022e-07	-3.2064e-07	0.000274	1.03217e-09	-0.0002739	3.2024e-07	-3.2042e-07	0.0002802	9.5973e-10	-0.00027986	3.2028e-07	-3.2036e-07
0.395	-6.6908e-06	1.7169e-09	6.6318e-06	3.2046e-07	-3.2036e-07	7.0554e-05	1.6404e-09	-7.043e-05	3.2034e-07	-3.2034e-07	0.00013246	1.585e-09	-0.00013214	3.1944e-07	-3.1948e-07	0.0001805	1.5166e-09	-0.00018012	3.192e-07	-3.196e-07	0.00021824	1.4486e-09	-0.00021768	3.195e-07	-3.196e-07	0.00024706	1.384e-09	-0.00024682	3.1956e-07	-3.1958e-07	0.00026906	1.3176e-09	-0.00026876	3.195e-07	-3.1964e-07	0.00028628	1.2486e-09	-0.0002858	3.2028e-07	-3.2036e-07	0.00029912	1.1724e-09	-0.00029852	3.2022e-07	-3.2032e-07	0.0003085	1.09575e-09	-0.00030812	3.2024e-07	-3.203e-07	0.00031578	1.01458e-09	-0.00031554	3.2022e-07	-3.2038e-07
0.4	-7.7095e-06	1.7788e-09	7.8194e-06	3.2044e-07	-3.2046e-07	7.7434e-05	1.7105e-09	-7.7534e-05	3.2032e-07	-3.2032e-07	0.00014628	1.6242e-09	-0.00014594	3.1884e-07	-3.1882e-07	0.00019998	1.5645e-09	-0.00019988	3.1962e-07	-3.1962e-07	0.0002423	1.5036e-09	-0.00024204	3.1952e-07	-3.195e-07	0.000275	1.4415e-09	-0.00027466	3.1954e-07	-3.1958e-07	0.00030026	1.3732e-09	-0.00029994	3.1956e-07	-3.1962e-07	0.00031988	1.3073e-09	-0.00031936	3.202e-07	-3.204e-07	0.0003343	1.2304e-09	-0.00033442	3.2022e-07	-3.2024e-07	0.0003458	1.1577e-09	-0.00034532	3.2034e-07	-3.2026e-07	0.0003541	1.08089e-09	-0.00035358	3.2022e-07	-3.204e-07
0.405	-8.7088e-06	1.8356e-09	8.7406e-06	3.2042e-07	-3.2032e-07	8.5124e-05	1.7523e-09	-8.5136e-05	3.2034e-07	-3.2032e-07	0.00016136	1.7042e-09	-0.00016094	3.1952e-07	-3.1944e-07	0.00022138	1.6204e-09	-0.00022096	3.1948e-07	-3.196e-07	0.00026898	1.5602e-09	-0.00026848	3.1946e-07	-3.1954e-07	0.0003059	1.4966e-09	-0.0003059	3.1956e-07	-3.1958e-07	0.00033486	1.4331e-09	-0.00033422	3.1956e-07	-3.1954e-07	0.00035688	1.3635e-09	-0.00035662	3.2022e-07	-3.204e-07	0.00037418	1.3001e-09	-0.00037366	3.2024e-07	-3.203e-07	0.0003867	1.2211e-09	-0.00038632	3.2022e-07	-3.203e-07	0.0003964	1.14e-09	-0.0003962	3.202e-07	-3.2036e-07
0.41	-9.7441e-06	1.9108e-09	9.6826e-06	3.2044e-07	-3.2038e-07	9.3144e-05	1.8285e-09	-9.3112e-05	3.2034e-07	-3.2032e-07	0.00017682	1.753e-09	-0.00017676	3.1956e-07	-3.1894e-07	0.0002437	1.6876e-09	-0.00024352	3.1962e-07	-3.1952e-07	0.00029674	1.6216e-09	-0.00029654	3.1948e-07	-3.1948e-07	0.0003389	1.5614e-09	-0.00033866	3.189e-07	-3.19e-07	0.0003713	1.4865e-09	-0.000371	3.1966e-07	-3.196e-07	0.00039668	1.4278e-09	-0.00039624	3.2028e-07	-3.204e-07	0.00041632	1.3525e-09	-0.00041594	3.2024e-07	-3.2036e-07	0.000431	1.2815e-09	-0.00043068	3.2016e-07	-3.2028e-07	0.00044224	1.2192e-09	-0.00044222	3.2024e-07	-3.2036e-07
0.415	-1.06796e-05	1.9795e-09	1.08187e-05	3.2038e-07	-3.2034e-07	0.000101878	1.9009e-09	-0.00010179	3.2036e-07	-3.2038e-07	0.00019404	1.8216e-09	-0.00019396	3.19e-07	-3.1954e-07	0.00026828	1.7469e-09	-0.00026742	3.1954e-07	-3.1954e-07	0.00032766	1.671e-09	-0.00032742	3.195e-07	-3.1952e-07	0.00037476	1.6128e-09	-0.00037392	3.1888e-07	-3.1956e-07	0.00041122	1.5541e-09	-0.000411	3.1952e-07	-3.1946e-07	0.00044048	1.4811e-09	-0.0004401	3.2032e-07	-3.2038e-07	0.00046254	1.4226e-09	-0.00046252	3.202e-07	-3.2022e-07	0.00047984	1.3544e-09	-0.00047974	3.2018e-07	-3.203e-07	0.0004929	1.2724e-09	-0.00049248	3.203e-07	-3.204e-07
0.42	-1.14991e-05	2.0443e-09	1.171e-05	3.204e-07	-3.204e-07	0.00011088	1.9593e-09	-0.000110668	3.2034e-07	-3.2026e-07	0.00021204	1.886e-09	-0.00021166	3.1954e-07	-3.1948e-07	0.00029398	1.8117e-09	-0.00029354	3.1954e-07	-3.1954e-07	0.00036002	1.7414e-09	-0.00035928	3.1954e-07	-3.1958e-07	0.0004119	1.6787e-09	-0.00041176	3.1956e-07	-3.1918e-07	0.00045392	1.6123e-09	-0.00045324	3.1952e-07	-3.1962e-07	0.00048646	1.5453e-09	-0.0004861	3.2036e-07	-3.203e-07	0.0005118	1.4838e-09	-0.00051154	3.2022e-07	-3.203e-07	0.00053152	1.4148e-09	-0.00053108	3.2022e-07	-3.2034e-07	0.00054632	1.344e-09	-0.00054622	3.2026e-07	-3.2036e-07
0.425	-1.297e-05	2.1155e-09	1.2806e-05	3.2032e-07	-3.2036e-07	0.00012114	2.0298e-09	-0.00012074	3.2038e-07	-3.203e-07	0.00023118	1.949e-09	-0.00023116	3.195e-07	-3.1914e-07	0.00032122	1.8825e-09	-0.00032082	3.196e-07	-3.196e-07	0.00039486	1.808e-09	-0.0003943	3.1956e-07	-3.1954e-07	0.00045298	1.7359e-09	-0.00045282	3.1952e-07	-3.1958e-07	0.00049962	1.682e-09	-0.00049924	3.1956e-07	-3.1964e-07	0.0005367	1.6161e-09	-0.0005366	3.2018e-07	-3.204e-07	0.00056564	1.5427e-09	-0.00056522	3.202e-07	-3.2036e-07	0.00058816	1.4807e-09	-0.00058798	3.2028e-07	-3.2042e-07	0.00060542	1.4106e-09	-0.0006049	3.2026e-07	-3.2038e-07
0.43	-1.4144e-05	2.1985e-09	1.4064e-05	3.2038e-07	-3.2034e-07	0.0001306	2.1132e-09	-0.00013026	3.2036e-07	-3.2034e-07	0.00025098	2.0292e-09	-0.00025068	3.1956e-07	-3.1952e-07	0.00035006	1.9458e-09	-0.00034924	3.1946e-07	-3.1954e-07	0.00043034	1.8712e-09	-0.0004304	3.1948e-07	-3.1954e-07	0.00049544	1.8059e-09	-0.00049518	3.1888e-07	-3.1942e-07	0.00054782	1.7385e-09	-0.00054716	3.196e-07	-3.1964e-07	0.00058978	1.6742e-09	-0.00058902	3.2058e-07	-3.205e-07	0.0006225	1.6137e-09	-0.00062206	3.2028e-07	-3.2036e-07	0.00064804	1.5468e-09	-0.00064768	3.2032e-07	-3.2042e-07	0.00066744	1.474e-09	-0.0006675	3.2022e-07	-3.2036e-07
0.435	-1.5216e-05	2.27e-09	1.5108e-05	3.204e-07	-3.2038e-07	0.0001414	2.1918e-09	-0.00014082	3.2028e-07	-3.203e-07	0.00027214	2.1003e-09	-0.00027168	3.1954e-07	-3.1958e-07	0.00038034	2.0204e-09	-0.00038032	3.1952e-07	-3.196e-07	0.00046928	1.9492e-09	-0.00046946	3.1948e-07	-3.1946e-07	0.0005418	1.8704e-09	-0.00054146	3.1942e-07	-3.1954e-07	0.00060014	1.8101e-09	-0.0005997	3.1962e-07	-3.1958e-07	0.0006467	1.7507e-09	-0.00064642	3.2028e-07	-3.2038e-07	0.00068394	1.6688e-09	-0.00068348	3.2022e-07	-3.2036e-07	0.00071284	1.6082e-09	-0.00071216	3.2026e-07	-3.2032e-07	0.00073512	1.5536e-09	-0.0007354	3.2016e-07	-3.203e-07
0.44	-1.6414e-05	2.3727e-09	1.644e-05	3.2036e-07	-3.203e-07	0.0001523	2.2661e-09	-0.00015166	3.2032e-07	-3.2032e-07	0.00029408	2.1664e-09	-0.00029342	3.1954e-07	-3.1956e-07	0.00041118	2.0961e-09	-0.00041144	3.1948e-07	-3.195e-07	0.00050916	2.0146e-09	-0.00050924	3.1872e-07	-3.1874e-07	0.00058954	1.944e-09	-0.0005889	3.1954e-07	-3.1962e-07	0.00065392	1.876e-09	-0.00065394	3.1952e-07	-3.1902e-07	0.00070632	1.809e-09	-0.00070574	3.2028e-07	-3.2046e-07	0.00074794	1.7431e-09	-0.000748	3.202e-07	-3.2034e-07	0.00078062	1.6851e-09	-0.00078056	3.2018e-07	-3.203e-07	0.00080664	1.6143e-09	-0.00080648	3.2026e-07	-3.2038e-07
0.445	-1.7666e-05	2.4419e-09	1.7688e-05	3.2038e-07	-3.2032e-07	0.00016268	2.3573e-09	-0.00016274	3.2028e-07	-3.2028e-07	0.00031676	2.2635e-09	-0.00031614	3.1956e-07	-3.1954e-07	0.0004454	2.1658e-09	-0.00044438	3.1888e-07	-3.1952e-07	0.000552	2.0933e-09	-0.00055118	3.195e-07	-3.1958e-07	0.00063992	2.0214e-09	-0.00063998	3.1962e-07	-3.196e-07	0.00071164	1.9486e-09	-0.00071114	3.1958e-07	-3.1958e-07	0.00076972	1.8784e-09	-0.00076936	3.205e-07	-3.2058e-07	0.00081684	1.813e-09	-0.00081648	3.2022e-07	-3.203e-07	0.00085426	1.7534e-09	-0.00085372	3.2016e-07	-3.2032e-07	0.00088324	1.6884e-09	-0.00088312	3.2034e-07	-3.2042e-07
0.45	-1.8976e-05	2.5394e-09	1.8996e-05	3.2038e-07	-3.2036e-07	0.00017538	2.4437e-09	-0.00017466	3.2036e-07	-3.203e-07	0.00034022	2.339e-09	-0.00033996	3.195e-07	-3.195e-07	0.00047884	2.2553e-09	-0.00047938	3.195e-07	-3.195e-07	0.0005963	2.1702e-09	-0.00059576	3.195e-07	-3.1956e-07	0.00069318	2.0881e-09	-0.0006921	3.1956e-07	-3.1958e-07	0.00077102	2.0232e-09	-0.0007707	3.1956e-07	-3.1966e-07	0.00083642	1.9576e-09	-0.00083582	3.203e-07	-3.2024e-07	0.00088858	1.8866e-09	-0.00088858	3.202e-07	-3.2032e-07	0.00093064	1.8211e-09	-0.00092972	3.2028e-07	-3.2038e-07	0.0009634	1.7611e-09	-0.0009633	3.2026e-07	-3.2036e-07
0.455	-2.0304e-05	2.6469e-09	2.026e-05	3.2038e-07	-3.2038e-07	0.00018706	2.5316e-09	-0.00018624	3.1954e-07	-3.1958e-07	0.00036418	2.4338e-09	-0.00036406	3.195e-07	-3.1952e-07	0.00051546	2.335e-09	-0.00051486	3.1958e-07	-3.196e-07	0.00064232	2.2499e-09	-0.00064178	3.1956e-07	-3.1898e-07	0.0007481	2.1647e-09	-0.00074704	3.1896e-07	-3.197e-07	0.00083474	2.0898e-09	-0.00083492	3.1902e-07	-3.1904e-07	0.00090696	2.0222e-09	-0.00090686	3.2028e-07	-3.2032e-07	0.00096516	1.9663e-09	-0.00096496	3.203e-07	-3.2036e-07	0.00101186	1.8978e-09	-0.00101194	3.204e-07	-3.2046e-07	0.0010495	1.8219e-09	-0.00104894	3.202e-07	-3.2038e-07
0.46	-2.1518e-05	2.7345e-09	2.1672e-05	3.204e-07	-3.2038e-07	0.00019932	2.6294e-09	-0.00019896	3.195e-07	-3.1954e-07	0.00038974	2.5224e-09	-0.00038932	3.1882e-07	-3.195e-07	0.00055144	2.4275e-09	-0.00055154	3.196e-07	-3.1954e-07	0.00068948	2.3415e-09	-0.00068932	3.1946e-07	-3.195e-07	0.00080436	2.2525e-09	-0.00080478	3.1958e-07	-3.1958e-07	0.00090004	2.1753e-09	-0.00089914	3.1962e-07	-3.1912e-07	0.0009792	2.1105e-09	-0.00097886	3.2026e-07	-3.2034e-07	0.0010435	2.0323e-09	-0.001044	3.2026e-07	-3.204e-07	0.00109666	1.9671e-09	-0.0010965	3.2032e-07	-3.2042e-07	0.00113876	1.9044e-09	-0.00113834	3.2026e-07	-3.2036e-07
0.465	-2.3172e-05	2.8467e-09	2.309e-05	3.2042e-07	-3.2038e-07	0.00021182	2.7274e-09	-0.00021204	3.195e-07	-3.1952e-07	0.00041558	2.6189e-09	-0.00041532	3.196e-07	-3.1954e-07	0.00059074	2.5163e-09	-0.00058952	3.195e-07	-3.1954e-07	0.0007393	2.4104e-09	-0.00073942	3.1944e-07	-3.1948e-07	0.00086482	2.336e-09	-0.00086448	3.195e-07	-3.1962e-07	0.00096896	2.2523e-09	-0.00096816	3.1896e-07	-3.1958e-07	0.00105662	2.1855e-09	-0.00105626	3.202e-07	-3.2042e-07	0.00112874	2.1157e-09	-0.0011282	3.2026e-07	-3.2032e-07	0.0011868	2.0534e-09	-0.0011862	3.2024e-07	-3.203e-07	0.0012334	1.9828e-09	-0.0012328	3.203e-07	-3.2042e-07
0.47	-2.4576e-05	2.937e-09	2.4526e-05	3.2034e-07	-3.2032e-07	0.0002253	2.8334e-09	-0.00022468	3.189e-07	-3.1882e-07	0.00044236	2.7213e-09	-0.00044172	3.1956e-07	-3.1954e-07	0.00062906	2.6121e-09	-0.00062904	3.196e-07	-3.1962e-07	0.00078942	2.5145e-09	-0.00078874	3.195e-07	-3.1952e-07	0.00092574	2.4264e-09	-0.00092536	3.1954e-07	-3.196e-07	0.00103924	2.3398e-09	-0.00103976	3.1956e-07	-3.1964e-07	0.00113558	2.255e-09	-0.00113458	3.2032e-07	-3.203e-07	0.0012142	2.1955e-09	-0.0012136	3.203e-07	-3.2042e-07	0.0012792	2.1283e-09	-0.0012782	3.2022e-07	-3.203e-07	0.001331	2.0538e-09	-0.0013306	3.2028e-07	-3.2036e-07
0.475	-2.589e-05	3.0668e-09	2.6076e-05	3.2036e-07	-3.2046e-07	0.00023858	2.9403e-09	-0.0002375	3.1954e-07	-3.1948e-07	0.00046916	2.8201e-09	-0.00046854	3.196e-07	-3.1952e-07	0.0006689	2.7184e-09	-0.00066904	3.1956e-07	-3.1958e-07	0.00084216	2.6122e-09	-0.00084156	3.195e-07	-3.1952e-07	0.00098894	2.5252e-09	-0.00098872	3.1954e-07	-3.1964e-07	0.00111262	2.4233e-09	-0.00111262	3.1956e-07	-3.197e-07	0.0012184	2.3512e-09	-0.0012182	3.2026e-07	-3.2024e-07	0.0013058	2.2744e-09	-0.0013042	3.2032e-07	-3.2036e-07	0.0013772	2.2102e-09	-0.0013754	3.2028e-07	-3.2028e-07	0.0014356	2.142e-09	-0.0014346	3.202e-07	-3.2036e-07
0.48	-2.7402e-05	3.1815e-09	2.7154e-05	3.2034e-07	-3.203e-07	0.0002517	3.0477e-09	-0.00025148	3.1958e-07	-3.1954e-07	0.00049732	2.9278e-09	-0.00049672	3.195e-07	-3.1956e-07	0.00071028	2.8102e-09	-0.00070974	3.1962e-07	-3.1958e-07	0.00089518	2.7034e-09	-0.00089574	3.196e-07	-3.196e-07	0.00105472	2.6027e-09	-0.0010541	3.1956e-07	-3.1964e-07	0.0011882	2.5183e-09	-0.0011878	3.1946e-07	-3.1954e-07	0.0013024	2.4424e-09	-0.0013028	3.203e-07	-3.2032e-07	0.0013986	2.3572e-09	-0.0013974	3.2026e-07	-3.2032e-07	0.0014778	2.2915e-09	-0.0014768	3.2024e-07	-3.2038e-07	0.0015414	2.2261e-09	-0.0015412	3.2038e-07	-3.2042e-07
0.485	-2.8848e-05	3.311e-09	2.8816e-05	3.204e-07	-3.2024e-07	0.00026562	3.1674e-09	-0.00026504	3.1956e-07	-3.1958e-07	0.00052522	3.0325e-09	-0.0005248	3.1954e-07	-3.1954e-07	0.00075142	2.9227e-09	-0.0007526	3.1956e-07	-3.1968e-07	0.00095082	2.8109e-09	-0.00095088	3.1942e-07	-3.195e-07	0.00112104	2.7119e-09	-0.00112092	3.1956e-07	-3.1954e-07	0.0012666	2.6156e-09	-0.0012672	3.1948e-07	-3.1962e-07	0.0013914	2.5279e-09	-0.0013912	3.2024e-07	-3.2036e-07	0.001496	2.456e-09	-0.0014952	3.2016e-07	-3.2024e-07	0.001583	2.3882e-09	-0.0015818	3.2026e-07	-3.2042e-07	0.0016534	2.3052e-09	-0.001653	3.2032e-07	-3.2046e-07
0.49	-3.0176e-05	3.4151e-09	3.0184e-05	3.2034e-07	-3.2034e-07	0.00027876	3.2846e-09	-0.00027914	3.1954e-07	-3.1948e-07	0.00055398	3.1538e-09	-0.00055348	3.1956e-07	-3.1958e-07	0.00079516	3.0309e-09	-0.0007946	3.1956e-07	-3.1958e-07	0.00100622	2.9158e-09	-0.00100586	3.195e-07	-3.1952e-07	0.0011894	2.8228e-09	-0.0011886	3.1956e-07	-3.197e-07	0.0013464	2.7165e-09	-0.0013452	3.1918e-07	-3.1962e-07	0.0014812	2.6213e-09	-0.0014812	3.2026e-07	-3.2036e-07	0.0015942	2.5455e-09	-0.0015942	3.2046e-07	-3.2056e-07	0.0016894	2.4662e-09	-0.0016894	3.2048e-07	-3.204e-07	0.0017684	2.3966e-09	-0.001767	3.2038e-07	-3.2044e-07
0.495	-3.1768e-05	3.5616e-09	3.17e-05	3.204e-07	-3.2034e-07	0.00029306	3.4181e-09	-0.00029272	3.1952e-07	-3.1952e-07	0.00058318	3.2822e-09	-0.00058312	3.1956e-07	-3.1954e-07	0.00083862	3.1481e-09	-0.0008386	3.195e-07	-3.1956e-07	0.00106444	3.0315e-09	-0.00106412	3.195e-07	-3.1952e-07	0.0012616	2.9283e-09	-0.0012598	3.1954e-07	-3.1966e-07	0.0014292	2.8231e-09	-0.0014278	3.1956e-07	-3.1964e-07	0.0015752	2.7249e-09	-0.0015748	3.2032e-07	-3.2032e-07	0.001698	2.6417e-09	-0.001698	3.2028e-07	-3.2054e-07	0.001801	2.5624e-09	-0.0018014	3.2028e-07	-3.2036e-07	0.001887	2.488e-09	-0.0018872	3.2028e-07	-3.2038e-07
0.5	-3.3448e-05	3.6859e-09	3.3472e-05	3.204e-07	-3.2042e-07	0.00030816	3.5376e-09	-0.00030716	3.1938e-07	-3.195e-07	0.00061156	3.3967e-09	-0.00061172	3.1954e-07	-3.1958e-07	0.00088222	3.2741e-09	-0.00088266	3.1954e-07	-3.1954e-07	0.00112154	3.1442e-09	-0.00112196	3.1888e-07	-3.1958e-07	0.0013312	3.0267e-09	-0.0013298	3.1956e-07	-3.1956e-07	0.001512	2.9258e-09	-0.0015104	3.1944e-07	-3.1962e-07	0.0016686	2.8274e-09	-0.001668	3.2064e-07	-3.2076e-07	0.0018014	2.7401e-09	-0.0018004	3.2032e-07	-3.204e-07	0.0019144	2.6523e-09	-0.0019142	3.2018e-07	-3.2038e-07	0.0020106	2.5795e-09	-0.002009	3.2028e-07	-3.2038e-07
0.505	-3.5024e-05	3.8436e-09	3.5016e-05	3.2046e-07	-3.2038e-07	0.00032136	3.6828e-09	-0.00032136	3.1882e-07	-3.1888e-07	0.00064184	3.5226e-09	-0.0006416	3.19e-07	-3.1898e-07	0.00092808	3.3949e-09	-0.00092768	3.1954e-07	-3.1954e-07	0.0011814	3.2725e-09	-0.0011806	3.1944e-07	-3.195e-07	0.0014048	3.1537e-09	-0.0014036	3.1956e-07	-3.1972e-07	0.0015972	3.0414e-09	-0.0015958	3.194e-07	-3.1924e-07	0.0017662	2.9356e-09	-0.0017656	3.2062e-07	-3.2068e-07	0.0019104	2.8433e-09	-0.0019096	3.2052e-07	-3.206e-07	0.002034	2.756e-09	-0.0020318	3.2022e-07	-3.2034e-07	0.0021364	2.6779e-09	-0.002136	3.2028e-07	-3.2036e-07
0.51	-3.6442e-05	3.9864e-09	3.647e-05	3.2048e-07	-3.2024e-07	0.00033628	3.8265e-09	-0.00033518	3.1958e-07	-3.1958e-07	0.0006724	3.6625e-09	-0.0006719	3.1898e-07	-3.1972e-07	0.00097286	3.5284e-09	-0.00097212	3.195e-07	-3.1952e-07	0.0012406	3.3823e-09	-0.0012408	3.1948e-07	-3.1956e-07	0.0014776	3.2647e-09	-0.001477	3.1962e-07	-3.1972e-07	0.001683	3.1539e-09	-0.0016842	3.1942e-07	-3.1958e-07	0.0018646	3.042e-09	-0.0018632	3.203e-07	-3.2036e-07	0.0020196	2.9492e-09	-0.0020188	3.202e-07	-3.2038e-07	0.0021526	2.8611e-09	-0.0021518	3.2024e-07	-3.2048e-07	0.002265	2.7788e-09	-0.0022642	3.2032e-07	-3.2044e-07
0.515	-3.7914e-05	4.1301e-09	3.7718e-05	3.2038e-07	-3.2042e-07	0.00035056	3.9601e-09	-0.00035066	3.1952e-07	-3.1954e-07	0.00070256	3.8076e-09	-0.00070272	3.196e-07	-3.1958e-07	0.0010186	3.6628e-09	-0.00101824	3.1948e-07	-3.1958e-07	0.0013022	3.5249e-09	-0.001301	3.1954e-07	-3.1958e-07	0.0015526	3.394e-09	-0.001552	3.1958e-07	-3.1958e-07	0.0017722	3.2803e-09	-0.0017712	3.1944e-07	-3.1952e-07	0.0019662	3.1611e-09	-0.0019654	3.2026e-07	-3.2036e-07	0.0021328	3.0619e-09	-0.0021314	3.202e-07	-3.203e-07	0.002276	2.9633e-09	-0.002275	3.2034e-07	-3.2042e-07	0.0023982	2.8739e-09	-0.002398	3.2034e-07	-3.2042e-07
0.52	-3.972e-05	4.2968e-09	3.9486e-05	3.2034e-07	-3.2032e-07	0.00036488	4.1207e-09	-0.00036514	3.1948e-07	-3.1948e-07	0.00073298	3.9589e-09	-0.00073262	3.1952e-07	-3.196e-07	0.00106334	3.7966e-09	-0.00106482	3.1968e-07	-3.1956e-07	0.0013632	3.6547e-09	-0.0013624	3.195e-07	-3.1952e-07	0.0016286	3.514e-09	-0.0016266	3.195e-07	-3.1956e-07	0.0018614	3.4015e-09	-0.00186	3.1956e-07	-3.1954e-07	0.0020666	3.2892e-09	-0.002065	3.2028e-07	-3.2032e-07	0.002245	3.1861e-09	-0.0022442	3.2018e-07	-3.2042e-07	0.0023998	3.0778e-09	-0.002399	3.2032e-07	-3.2042e-07	0.0025322	2.9956e-09	-0.002532	3.2032e-07	-3.2042e-07
0.525	-4.0964e-05	4.4676e-09	4.09e-05	3.2034e-07	-3.2032e-07	0.00038054	4.2863e-09	-0.0003798	3.1948e-07	-3.195e-07	0.0007639	4.1016e-09	-0.00076464	3.192e-07	-3.1954e-07	0.0011114	3.9389e-09	-0.0011108	3.1906e-07	-3.196e-07	0.0014244	3.8014e-09	-0.0014232	3.1956e-07	-3.1956e-07	0.001703	3.6586e-09	-0.0017034	3.1948e-07	-3.196e-07	0.0019506	3.5361e-09	-0.0019506	3.1948e-07	-3.1956e-07	0.0021704	3.4109e-09	-0.00217	3.2024e-07	-3.2028e-07	0.0023632	3.3059e-09	-0.0023624	3.2028e-07	-3.2042e-07	0.002528	3.203e-09	-0.0025286	3.2032e-07	-3.2036e-07	0.0026718	3.107e-09	-0.0026702	3.2028e-07	-3.2038e-07
0.53	-4.2638e-05	4.636e-09	4.2458e-05	3.2044e-07	-3.2032e-07	0.00039466	4.444e-09	-0.00039442	3.1948e-07	-3.1958e-07	0.00079484	4.2704e-09	-0.00079394	3.1956e-07	-3.1958e-07	0.0011574	4.1056e-09	-0.0011572	3.1946e-07	-3.1954e-07	0.0014856	3.9406e-09	-0.001485	3.195e-07	-3.1948e-07	0.0017796	3.8064e-09	-0.001779	3.1948e-07	-3.1958e-07	0.002042	3.6659e-09	-0.0020408	3.1952e-07	-3.1952e-07	0.0022748	3.5355e-09	-0.0022736	3.2022e-07	-3.2038e-07	0.0024794	3.4262e-09	-0.0024786	3.2026e-07	-3.2028e-07	0.0026568	3.3204e-09	-0.0026558	3.2028e-07	-3.2044e-07	0.00281	3.2239e-09	-0.0028102	3.2028e-07	-3.2032e-07
0.535	-4.4066e-05	4.8354e-09	4.4228e-05	3.2034e-07	-3.2028e-07	0.00040982	4.6262e-09	-0.00040986	3.1954e-07	-3.1946e-07	0.00082588	4.4355e-09	-0.0008257	3.1962e-07	-3.196e-07	0.0012042	4.26e-09	-0.0012038	3.195e-07	-3.1956e-07	0.0015482	4.1048e-09	-0.0015474	3.1944e-07	-3.1954e-07	0.0018582	3.9414e-09	-0.001857	3.1868e-07	-3.1892e-07	0.002134	3.802e-09	-0.002134	3.1948e-07	-3.1954e-07	0.002381	3.6815e-09	-0.0023794	3.2036e-07	-3.2038e-07	0.0026	3.5542e-09	-0.0025978	3.2028e-07	-3.204e-07	0.0027894	3.4496e-09	-0.0027876	3.203e-07	-3.2038e-07	0.002954	3.3399e-09	-0.002953	3.2022e-07	-3.2042e-07
0.54	-4.5534e-05	4.9984e-09	4.573e-05	3.204e-07	-3.2028e-07	0.00042382	4.7942e-09	-0.00042388	3.196e-07	-3.1956e-07	0.00085636	4.603e-09	-0.0008558	3.1956e-07	-3.1966e-07	0.0012502	4.4267e-09	-0.0012492	3.1956e-07	-3.1954e-07	0.00161	4.2568e-09	-0.0016088	3.1888e-07	-3.1958e-07	0.0019352	4.1016e-09	-0.0019346	3.196e-07	-3.1962e-07	0.0022272	3.9531e-09	-0.002226	3.1946e-07	-3.195e-07	0.0024872	3.8075e-09	-0.0024858	3.204e-07	-3.204e-07	0.0027178	3.697e-09	-0.0027174	3.2032e-07	-3.203e-07	0.0029208	3.5804e-09	-0.0029194	3.2032e-07	-3.204e-07	0.003098	3.4652e-09	-0.0030964	3.203e-07	-3.2042e-07
0.545	-4.7042e-05	5.2071e-09	4.7148e-05	3.2044e-07	-3.2038e-07	0.00043922	4.9917e-09	-0.00043874	3.1958e-07	-3.1948e-07	0.00088698	4.7821e-09	-0.0008873	3.1958e-07	-3.1954e-07	0.0012976	4.605e-09	-0.0012974	3.1952e-07	-3.1964e-07	0.0016738	4.4257e-09	-0.0016726	3.1954e-07	-3.1958e-07	0.0020132	4.2574e-09	-0.0020128	3.195e-07	-3.1964e-07	0.00232	4.107e-09	-0.0023188	3.1948e-07	-3.1964e-07	0.0025942	3.9731e-09	-0.0025948	3.2028e-07	-3.2038e-07	0.0028388	3.8297e-09	-0.0028392	3.2024e-07	-3.2036e-07	0.0030558	3.7141e-09	-0.003054	3.2026e-07	-3.2042e-07	0.003245	3.6046e-09	-0.0032452	3.2032e-07	-3.2054e-07
0.55	-4.8742e-05	5.4107e-09	4.8712e-05	3.2032e-07	-3.2034e-07	0.00045358	5.1851e-09	-0.00045278	3.196e-07	-3.195e-07	0.00091716	4.964e-09	-0.00091684	3.1958e-07	-3.1954e-07	0.001344	4.7685e-09	-0.0013434	3.1964e-07	-3.197e-07	0.0017362	4.5979e-09	-0.0017354	3.189e-07	-3.1906e-07	0.0020908	4.4115e-09	-0.0020914	3.1958e-07	-3.196e-07	0.0024134	4.2536e-09	-0.0024128	3.1954e-07	-3.1898e-07	0.0027024	4.1169e-09	-0.0027018	3.2028e-07	-3.2044e-07	0.0029612	3.9873e-09	-0.0029608	3.2024e-07	-3.2034e-07	0.0031898	3.8527e-09	-0.0031892	3.203e-07	-3.204e-07	0.0033916	3.7412e-09	-0.0033912	3.203e-07	-3.204e-07
0.555	-5.006e-05	5.6187e-09	5.0282e-05	3.2062e-07	-3.2064e-07	0.00046922	5.3782e-09	-0.00046752	3.1888e-07	-3.1886e-07	0.0009488	5.1684e-09	-0.00094762	3.1958e-07	-3.1952e-07	0.0013918	4.968e-09	-0.00139	3.1958e-07	-3.1964e-07	0.0017992	4.7731e-09	-0.0017978	3.1954e-07	-3.1866e-07	0.0021702	4.6007e-09	-0.00217	3.1956e-07	-3.196e-07	0.0025062	4.4401e-09	-0.0025064	3.1956e-07	-3.1966e-07	0.0028118	4.2819e-09	-0.0028114	3.2022e-07	-3.2032e-07	0.0030846	4.1262e-09	-0.0030836	3.2034e-07	-3.2044e-07	0.0033272	4.0002e-09	-0.0033262	3.2034e-07	-3.2046e-07	0.0035422	3.8758e-09	-0.0035408	3.2034e-07	-3.204e-07
0.56	-5.16e-05	5.8519e-09	5.141e-05	3.204e-07	-3.2036e-07	0.00048226	5.5927e-09	-0.00048202	3.1956e-07	-3.195e-07	0.00097922	5.3715e-09	-0.00097866	3.1948e-07	-3.1954e-07	0.0014378	5.1487e-09	-0.0014372	3.1952e-07	-3.1954e-07	0.001861	4.9556e-09	-0.0018612	3.195e-07	-3.1958e-07	0.0022492	4.7793e-09	-0.002247	3.1954e-07	-3.1952e-07	0.0025998	4.5963e-09	-0.002599	3.1954e-07	-3.1966e-07	0.002919	4.4463e-09	-0.002919	3.2028e-07	-3.2032e-07	0.0032068	4.2864e-09	-0.0032064	3.202e-07	-3.2032e-07	0.0034632	4.1521e-09	-0.0034626	3.2026e-07	-3.2042e-07	0.0036916	4.0328e-09	-0.0036912	3.2026e-07	-3.2046e-07
0.565	-5.3276e-05	6.0575e-09	5.3228e-05	3.2042e-07	-3.2034e-07	0.00049772	5.8154e-09	-0.00049632	3.1954e-07	-3.196e-07	0.0010096	5.5866e-09	-0.0010091	3.196e-07	-3.1918e-07	0.0014844	5.366e-09	-0.0014848	3.196e-07	-3.1956e-07	0.0019242	5.1569e-09	-0.0019236	3.1958e-07	-3.1956e-07	0.0023276	4.9607e-09	-0.002326	3.1954e-07	-3.1958e-07	0.0026958	4.7832e-09	-0.0026936	3.1954e-07	-3.1892e-07	0.00303	4.6047e-09	-0.0030278	3.2032e-07	-3.2032e-07	0.0033314	4.4627e-09	-0.003332	3.2032e-07	-3.2036e-07	0.0036018	4.3231e-09	-0.003602	3.2026e-07	-3.204e-07	0.0038448	4.1854e-09	-0.0038426	3.2022e-07	-3.204e-07
0.57	-5.4474e-05	6.3075e-09	5.4462e-05	3.2038e-07	-3.2038e-07	0.00051084	6.0522e-09	-0.00051014	3.1966e-07	-3.1954e-07	0.00104	5.8035e-09	-0.0010391	3.1956e-07	-3.1954e-07	0.0015308	5.5665e-09	-0.0015292	3.1952e-07	-3.1956e-07	0.001986	5.3636e-09	-0.0019862	3.1872e-07	-3.188e-07	0.0024054	5.1587e-09	-0.0024048	3.1958e-07	-3.1962e-07	0.0027872	4.97e-09	-0.0027864	3.1884e-07	-3.1954e-07	0.003138	4.7894e-09	-0.0031366	3.2032e-07	-3.2028e-07	0.003455	4.636e-09	-0.0034532	3.2026e-07	-3.2038e-07	0.00374	4.4782e-09	-0.003738	3.2028e-07	-3.204e-07	0.0039944	4.3424e-09	-0.0039936	3.2028e-07	-3.2046e-07
0.575	-5.5826e-05	6.5555e-09	5.5968e-05	3.2036e-07	-3.2032e-07	0.00052566	6.2901e-09	-0.00052586	3.1954e-07	-3.1942e-07	0.00106978	6.0375e-09	-0.00106892	3.1954e-07	-3.1956e-07	0.0015772	5.7829e-09	-0.0015766	3.1954e-07	-3.1964e-07	0.0020486	5.5697e-09	-0.0020492	3.1886e-07	-3.1958e-07	0.0024826	5.3461e-09	-0.0024824	3.1954e-07	-3.196e-07	0.0028814	5.16e-09	-0.0028812	3.195e-07	-3.195e-07	0.003248	4.9815e-09	-0.0032484	3.2028e-07	-3.2024e-07	0.0035794	4.8166e-09	-0.003579	3.2026e-07	-3.2036e-07	0.0038794	4.6637e-09	-0.003879	3.2036e-07	-3.2046e-07	0.004148	4.5077e-09	-0.0041482	3.2038e-07	-3.2044e-07
0.58	-5.764e-05	6.8257e-09	5.7506e-05	3.2068e-07	-3.2062e-07	0.00054068	6.5366e-09	-0.00054	3.189e-07	-3.188e-07	0.00109978	6.2575e-09	-0.00109968	3.1952e-07	-3.1954e-07	0.0016228	6.0209e-09	-0.0016226	3.1958e-07	-3.1958e-07	0.0021108	5.7902e-09	-0.0021092	3.1948e-07	-3.1956e-07	0.0025604	5.563e-09	-0.0025598	3.1952e-07	-3.1956e-07	0.0029762	5.3565e-09	-0.002974	3.1954e-07	-3.1892e-07	0.003357	5.1683e-09	-0.0033558	3.2022e-07	-3.2036e-07	0.003703	4.9996e-09	-0.0037032	3.2028e-07	-3.204e-07	0.0040174	4.8342e-09	-0.0040172	3.2038e-07	-3.2038e-07	0.0043024	4.6693e-09	-0.0043004	3.2038e-07	-3.2046e-07
0.585	-5.886e-05	7.1036e-09	5.8758e-05	3.2032e-07	-3.2038e-07	0.00055332	6.802e-09	-0.00055256	3.1954e-07	-3.1956e-07	0.00112954	6.5175e-09	-0.00112904	3.196e-07	-3.1958e-07	0.0016696	6.2544e-09	-0.0016678	3.1958e-07	-3.1964e-07	0.0021716	6.0191e-09	-0.0021714	3.1954e-07	-3.1952e-07	0.0026374	5.7882e-09	-0.002638	3.1952e-07	-3.1964e-07	0.0030674	5.5748e-09	-0.003068	3.1954e-07	-3.1966e-07	0.003465	5.3712e-09	-0.0034654	3.2026e-07	-3.2042e-07	0.0038282	5.1944e-09	-0.0038288	3.2032e-07	-3.2042e-07	0.0041574	5.0247e-09	-0.004157	3.203e-07	-3.2046e-07	0.0044558	4.8578e-09	-0.0044548	3.204e-07	-3.2044e-07
0.59	-6.0246e-05	7.3605e-09	6.0052e-05	3.204e-07	-3.2034e-07	0.00056784	7.0623e-09	-0.00056654	3.1946e-07	-3.1958e-07	0.0011598	6.7778e-09	-0.0011592	3.1954e-07	-3.1958e-07	0.001714	6.4963e-09	-0.001713	3.1954e-07	-3.1958e-07	0.002233	6.2431e-09	-0.0022332	3.195e-07	-3.196e-07	0.0027154	6.0177e-09	-0.0027146	3.1896e-07	-3.197e-07	0.0031604	5.7826e-09	-0.0031594	3.1952e-07	-3.1962e-07	0.003573	5.5723e-09	-0.0035734	3.2028e-07	-3.2036e-07	0.0039514	5.3898e-09	-0.0039514	3.2032e-07	-3.2044e-07	0.0042952	5.2209e-09	-0.0042952	3.2028e-07	-3.2042e-07	0.004608	5.0522e-09	-0.0046072	3.2034e-07	-3.2046e-07
0.595	-6.2118e-05	7.671e-09	6.1856e-05	3.2036e-07	-3.2038e-07	0.00058248	7.3597e-09	-0.00058164	3.1956e-07	-3.1954e-07	0.0011888	7.0471e-09	-0.001188	3.1964e-07	-3.1956e-07	0.0017578	6.7692e-09	-0.0017578	3.1958e-07	-3.1954e-07	0.0022938	6.5069e-09	-0.0022944	3.195e-07	-3.1956e-07	0.0027926	6.2504e-09	-0.0027928	3.1956e-07	-3.1966e-07	0.0032534	6.0199e-09	-0.0032538	3.1962e-07	-3.1954e-07	0.003682	5.8019e-09	-0.0036826	3.2028e-07	-3.2036e-07	0.0040776	5.6088e-09	-0.0040762	3.2032e-07	-3.2034e-07	0.0044348	5.4144e-09	-0.0044344	3.2022e-07	-3.2036e-07	0.0047634	5.2336e-09	-0.004763	3.2032e-07	-3.2048e-07
0.6	-6.3434e-05	7.9791e-09	6.3518e-05	3.2046e-07	-3.2036e-07	0.00059562	7.6325e-09	-0.00059456	3.1952e-07	-3.196e-07	0.0012168	7.3158e-09	-0.0012172	3.1962e-07	-3.196e-07	0.0018036	7.0282e-09	-0.0018024	3.196e-07	-3.196e-07	0.0023546	6.758e-09	-0.0023528	3.1962e-07	-3.1954e-07	0.002868	6.4897e-09	-0.0028656	3.1956e-07	-3.1972e-07	0.0033444	6.2567e-09	-0.0033442	3.195e-07	-3.1942e-07	0.0037886	6.0239e-09	-0.0037886	3.2028e-07	-3.2034e-07	0.0041976	5.8243e-09	-0.0041996	3.2032e-07	-3.2032e-07	0.004574	5.6192e-09	-0.0045716	3.2034e-07	-3.205e-07	0.0049162	5.4461e-09	-0.0049138	3.2034e-07	-3.2072e-07
0.605	-6.5058e-05	8.2905e-09	6.4992e-05	3.2048e-07	-3.2042e-07	0.00060946	7.9467e-09	-0.0006091	3.1964e-07	-3.1952e-07	0.001247	7.6166e-09	-0.0012454	3.1884e-07	-3.188e-07	0.0018478	7.3182e-09	-0.001847	3.189e-07	-3.1898e-07	0.0024144	7.0272e-09	-0.0024146	3.1958e-07	-3.195e-07	0.0029438	6.7608e-09	-0.0029432	3.196e-07	-3.1934e-07	0.0034368	6.5033e-09	-0.0034366	3.1952e-07	-3.196e-07	0.0038972	6.2704e-09	-0.0038974	3.2032e-07	-3.2034e-07	0.0043224	6.0477e-09	-0.004323	3.2026e-07	-3.2032e-07	0.0047118	5.8396e-09	-0.0047114	3.2046e-07	-3.2038e-07	0.0050694	5.6434e-09	-0.005069	3.2034e-07	-3.2042e-07
0.61	-6.6322e-05	8.6234e-09	6.6342e-05	3.2042e-07	-3.2038e-07	0.00062318	8.2639e-09	-0.00062298	3.1956e-07	-3.1948e-07	0.0012752	7.9169e-09	-0.0012732	3.196e-07	-3.1964e-07	0.001891	7.5943e-09	-0.0018904	3.1956e-07	-3.1958e-07	0.0024734	7.3137e-09	-0.0024734	3.1954e-07	-3.1958e-07	0.0030194	7.0138e-09	-0.0030182	3.1954e-07	-3.1962e-07	0.0035282	6.749e-09	-0.0035258	3.195e-07	-3.1958e-07	0.0040028	6.5161e-09	-0.004002	3.2028e-07	-3.2036e-07	0.004444	6.279e-09	-0.0044436	3.2032e-07	-3.2042e-07	0.0048486	6.0654e-09	-0.004848	3.2034e-07	-3.2046e-07	0.0052214	5.8727e-09	-0.0052202	3.2038e-07	-3.2048e-07
0.615	-6.7502e-05	8.9721e-09	6.7458e-05	3.2046e-07	-3.2038e-07	0.0006353	8.5864e-09	-0.00063606	3.1954e-07	-3.1958e-07	0.0013036	8.2268e-09	-0.0013026	3.1888e-07	-3.1892e-07	0.0019362	7.9055e-09	-0.0019348	3.1964e-07	-3.1964e-07	0.0025326	7.5818e-09	-0.0025324	3.1956e-07	-3.1958e-07	0.003092	7.2877e-09	-0.0030918	3.1894e-07	-3.1948e-07	0.0036184	7.0245e-09	-0.0036178	3.1954e-07	-3.1958e-07	0.004109	6.7766e-09	-0.0041086	3.2032e-07	-3.2048e-07	0.0045668	6.5387e-09	-0.0045652	3.203e-07	-3.204e-07	0.0049862	6.3065e-09	-0.0049848	3.2034e-07	-3.2042e-07	0.0053746	6.1025e-09	-0.0053748	3.2032e-07	-3.2044e-07
0.62	-6.8914e-05	9.3346e-09	6.854e-05	3.2046e-07	-3.2038e-07	0.0006493	8.9428e-09	-0.00064854	3.1962e-07	-3.1952e-07	0.0013314	8.566e-09	-0.0013316	3.1962e-07	-3.1964e-07	0.0019788	8.2263e-09	-0.0019772	3.195e-07	-3.1958e-07	0.00259	7.8915e-09	-0.00259	3.1896e-07	-3.1952e-07	0.0031668	7.5853e-09	-0.003166	3.1894e-07	-3.1894e-07	0.0037064	7.2958e-09	-0.003705	3.1962e-07	-3.1954e-07	0.004214	7.0373e-09	-0.0042132	3.2032e-07	-3.2042e-07	0.0046844	6.7852e-09	-0.004685	3.204e-07	-3.205e-07	0.0051226	6.5468e-09	-0.0051222	3.203e-07	-3.204e-07	0.0055254	6.3379e-09	-0.0055254	3.2038e-07	-3.2046e-07
0.625	-7.0218e-05	9.6964e-09	7.013e-05	3.2034e-07	-3.2038e-07	0.00066228	9.2937e-09	-0.00066108	3.1962e-07	-3.1958e-07	0.0013594	8.9078e-09	-0.0013582	3.1952e-07	-3.1958e-07	0.0020208	8.5475e-09	-0.002019	3.1948e-07	-3.1888e-07	0.002649	8.2105e-09	-0.002648	3.1946e-07	-3.1958e-07	0.00324	7.8894e-09	-0.003241	3.1952e-07	-3.196e-07	0.0037974	7.5924e-09	-0.0037952	3.1882e-07	-3.1894e-07	0.004319	7.3047e-09	-0.0043176	3.2032e-07	-3.2042e-07	0.0048082	7.0558e-09	-0.0048058	3.2028e-07	-3.2038e-07	0.0052584	6.823e-09	-0.0052582	3.2026e-07	-3.2042e-07	0.0056782	6.5894e-09	-0.005676	3.2032e-07	-3.2044e-07
0.63	-7.1354e-05	1.01165e-08	7.1194e-05	3.204e-07	-3.2036e-07	0.000675	9.6726e-09	-0.00067452	3.1958e-07	-3.196e-07	0.0013856	9.2715e-09	-0.0013854	3.1966e-07	-3.196e-07	0.0020622	8.8898e-09	-0.0020618	3.1954e-07	-3.1956e-07	0.0027066	8.5358e-09	-0.002705	3.1948e-07	-3.196e-07	0.0033132	8.2073e-09	-0.0033124	3.1962e-07	-3.196e-07	0.003884	7.901e-09	-0.0038832	3.1958e-07	-3.1962e-07	0.0044218	7.5986e-09	-0.0044206	3.2048e-07	-3.2036e-07	0.0049242	7.3319e-09	-0.0049244	3.2022e-07	-3.2032e-07	0.0053924	7.0808e-09	-0.0053916	3.2032e-07	-3.2044e-07	0.0058264	6.8417e-09	-0.0058254	3.204e-07	-3.2054e-07
0.635	-7.2748e-05	1.05103e-08	7.2574e-05	3.2048e-07	-3.2042e-07	0.00068748	1.00819e-08	-0.00068676	3.1954e-07	-3.196e-07	0.0014134	9.6369e-09	-0.001412	3.1954e-07	-3.1952e-07	0.0021046	9.2542e-09	-0.0021034	3.196e-07	-3.1962e-07	0.0027626	8.8775e-09	-0.0027622	3.1954e-07	-3.1958e-07	0.0033854	8.5398e-09	-0.0033844	3.1952e-07	-3.1966e-07	0.0039716	8.2172e-09	-0.0039718	3.1954e-07	-3.1964e-07	0.0045258	7.905e-09	-0.0045244	3.203e-07	-3.2046e-07	0.0050436	7.6256e-09	-0.0050426	3.2022e-07	-3.2034e-07	0.0055258	7.352e-09	-0.0055248	3.2034e-07	-3.2044e-07	0.005975	7.0976e-09	-0.0059764	3.204e-07	-3.2048e-07
0.64	-7.3888e-05	1.0922e-08	7.3984e-05	3.2044e-07	-3.2032e-07	0.00069824	1.04733e-08	-0.0006996	3.1892e-07	-3.1894e-07	0.0014392	1.00206e-08	-0.0014382	3.195e-07	-3.1954e-07	0.002146	9.6199e-09	-0.0021438	3.1954e-07	-3.196e-07	0.0028176	9.242e-09	-0.0028176	3.1966e-07	-3.1958e-07	0.0034562	8.8628e-09	-0.0034536	3.196e-07	-3.1964e-07	0.004057	8.5288e-09	-0.0040576	3.1954e-07	-3.1958e-07	0.0046246	8.2072e-09	-0.0046252	3.2034e-07	-3.2048e-07	0.0051596	7.9143e-09	-0.0051584	3.2024e-07	-3.2038e-07	0.005658	7.6444e-09	-0.0056558	3.2034e-07	-3.2038e-07	0.006123	7.3847e-09	-0.0061224	3.2034e-07	-3.2046e-07
0.645	-7.5036e-05	1.13936e-08	7.4998e-05	3.204e-07	-3.2046e-07	0.0007118	1.09061e-08	-0.00071156	3.1958e-07	-3.196e-07	0.0014676	1.04392e-08	-0.0014644	3.1956e-07	-3.1956e-07	0.0021854	1.00206e-08	-0.0021848	3.1962e-07	-3.1952e-07	0.0028744	9.6222e-09	-0.0028724	3.1884e-07	-3.1958e-07	0.0035252	9.2408e-09	-0.0035258	3.1958e-07	-3.1966e-07	0.0041424	8.8807e-09	-0.0041434	3.1954e-07	-3.196e-07	0.0047274	8.5544e-09	-0.0047256	3.204e-07	-3.2036e-07	0.0052772	8.2423e-09	-0.0052762	3.2032e-07	-3.2042e-07	0.0057902	7.9499e-09	-0.005788	3.204e-07	-3.2038e-07	0.0062692	7.6707e-09	-0.00627	3.204e-07	-3.205e-07
0.65	-7.6188e-05	1.1873e-08	7.6508e-05	3.2042e-07	-3.2042e-07	0.00072418	1.13492e-08	-0.00072334	3.1958e-07	-3.1966e-07	0.0014924	1.08646e-08	-0.0014904	3.1962e-07	-3.1958e-07	0.0022264	1.04183e-08	-0.0022258	3.1948e-07	-3.1958e-07	0.0029276	1.00068e-08	-0.0029272	3.1884e-07	-3.1888e-07	0.003594	9.5988e-09	-0.0035934	3.1956e-07	-3.1964e-07	0.0042272	9.2244e-09	-0.0042248	3.1958e-07	-3.1954e-07	0.0048246	8.8803e-09	-0.0048238	3.2032e-07	-3.204e-07	0.0053896	8.5608e-09	-0.0053898	3.204e-07	-3.2042e-07	0.0059202	8.2673e-09	-0.0059188	3.2032e-07	-3.2044e-07	0.0064144	7.9751e-09	-0.0064154	3.204e-07	-3.2042e-07
0.655	-7.6668e-05	1.23728e-08	7.7408e-05	3.204e-07	-3.2036e-07	0.00073618	1.18358e-08	-0.00073674	3.1962e-07	-3.196e-07	0.0015176	1.13051e-08	-0.001517	3.1956e-07	-3.1954e-07	0.002265	1.08249e-08	-0.0022642	3.1962e-07	-3.1954e-07	0.0029822	1.03959e-08	-0.0029808	3.1946e-07	-3.1962e-07	0.0036612	9.9902e-09	-0.0036608	3.1956e-07	-3.1958e-07	0.0043094	9.6022e-09	-0.0043074	3.1948e-07	-3.1954e-07	0.0049224	9.2513e-09	-0.0049218	3.203e-07	-3.204e-07	0.0055014	8.8918e-09	-0.0055032	3.2032e-07	-3.2046e-07	0.0060474	8.5961e-09	-0.0060464	3.2036e-07	-3.2036e-07	0.006558	8.2906e-09	-0.0065558	3.2036e-07	-3.2038e-07
0.66	-7.7856e-05	1.2893e-08	7.8508e-05	3.2038e-07	-3.2032e-07	0.000749	1.23284e-08	-0.0007478	3.196e-07	-3.196e-07	0.0015432	1.18056e-08	-0.0015428	3.1966e-07	-3.1968e-07	0.0023052	1.12841e-08	-0.0023036	3.196e-07	-3.1962e-07	0.0030358	1.08343e-08	-0.0030342	3.195e-07	-3.195e-07	0.00373	1.03869e-08	-0.0037304	3.195e-07	-3.1966e-07	0.0043914	9.9837e-09	-0.004392	3.1956e-07	-3.196e-07	0.0050208	9.6153e-09	-0.005021	3.203e-07	-3.2028e-07	0.0056168	9.2583e-09	-0.005616	3.2032e-07	-3.2042e-07	0.006176	8.9347e-09	-0.0061744	3.2034e-07	-3.2036e-07	0.0067024	8.6131e-09	-0.0067016	3.204e-07	-3.2056e-07
0.665	-7.9056e-05	1.33924e-08	7.9496e-05	3.2042e-07	-3.204e-07	0.00075806	1.28356e-08	-0.00075896	3.1964e-07	-3.1958e-07	0.001569	1.22774e-08	-0.0015678	3.1968e-07	-3.1958e-07	0.0023428	1.17688e-08	-0.0023426	3.1956e-07	-3.1958e-07	0.003088	1.12662e-08	-0.0030866	3.195e-07	-3.1954e-07	0.0037974	1.08095e-08	-0.0037952	3.1966e-07	-3.1964e-07	0.0044742	1.04014e-08	-0.0044734	3.195e-07	-3.1958e-07	0.0051164	9.9923e-09	-0.0051156	3.2062e-07	-3.2058e-07	0.0057274	9.6246e-09	-0.005726	3.2028e-07	-3.2042e-07	0.0063016	9.2862e-09	-0.0063018	3.204e-07	-3.2048e-07	0.0068436	8.9546e-09	-0.0068424	3.2034e-07	-3.2046e-07
0.67	-8.0354e-05	1.39702e-08	8.1028e-05	3.204e-07	-3.2046e-07	0.00077098	1.33546e-08	-0.00076942	3.1956e-07	-3.1958e-07	0.001592	1.27894e-08	-0.0015922	3.1966e-07	-3.196e-07	0.0023812	1.22462e-08	-0.0023806	3.1956e-07	-3.1962e-07	0.0031396	1.17644e-08	-0.0031386	3.1944e-07	-3.1954e-07	0.0038644	1.12486e-08	-0.0038632	3.1966e-07	-3.1962e-07	0.004555	1.08248e-08	-0.004556	3.1952e-07	-3.196e-07	0.005213	1.04017e-08	-0.0052126	3.2034e-07	-3.204e-07	0.0058382	1.00231e-08	-0.0058364	3.2036e-07	-3.2044e-07	0.0064286	9.6557e-09	-0.0064266	3.2044e-07	-3.2046e-07	0.0069846	9.3102e-09	-0.0069818	3.204e-07	-3.2052e-07
0.675	-8.1948e-05	1.45474e-08	8.2244e-05	3.2038e-07	-3.2032e-07	0.0007834	1.39198e-08	-0.00078304	3.1952e-07	-3.1956e-07	0.0016158	1.33038e-08	-0.001616	3.1956e-07	-3.1954e-07	0.002419	1.27584e-08	-0.0024182	3.195e-07	-3.1962e-07	0.0031902	1.22354e-08	-0.0031902	3.1944e-07	-3.1952e-07	0.0039284	1.1748e-08	-0.003927	3.1896e-07	-3.1896e-07	0.0046326	1.12604e-08	-0.004632	3.189e-07	-3.191e-07	0.0053052	1.08234e-08	-0.0053038	3.206e-07	-3.2068e-07	0.0059472	1.04173e-08	-0.0059466	3.2034e-07	-3.2038e-07	0.006551	1.00343e-08	-0.0065498	3.204e-07	-3.2036e-07	0.0071216	9.6867e-09	-0.0071218	3.204e-07	-3.2048e-07
0.68	-8.2588e-05	1.51452e-08	8.3118e-05	3.2044e-07	-3.2036e-07	0.0007951	1.45016e-08	-0.00079392	3.1948e-07	-3.1964e-07	0.0016386	1.38516e-08	-0.00164	3.1956e-07	-3.1964e-07	0.0024564	1.32824e-08	-0.0024562	3.188e-07	-3.1874e-07	0.0032412	1.2745e-08	-0.0032408	3.1956e-07	-3.1958e-07	0.0039922	1.22242e-08	-0.0039934	3.1954e-07	-3.196e-07	0.0047124	1.17554e-08	-0.0047118	3.195e-07	-3.196e-07	0.0053998	1.12657e-08	-0.0053992	3.2038e-07	-3.204e-07	0.0060524	1.08414e-08	-0.006054	3.2032e-07	-3.204e-07	0.0066734	1.04325e-08	-0.006674	3.203e-07	-3.2038e-07	0.007261	1.00742e-08	-0.0072598	3.204e-07	-3.2046e-07
0.685	-8.3666e-05	1.5778e-08	8.4386e-05	3.2034e-07	-3.2034e-07	0.00080492	1.50962e-08	-0.00080282	3.1888e-07	-3.195e-07	0.0016644	1.4438e-08	-0.0016652	3.197e-07	-3.196e-07	0.0024934	1.38298e-08	-0.002491	3.1894e-07	-3.1954e-07	0.003291	1.32638e-08	-0.0032912	3.195e-07	-3.1952e-07	0.0040558	1.27184e-08	-0.0040562	3.1954e-07	-3.1954e-07	0.004789	1.22312e-08	-0.0047894	3.1946e-07	-3.1964e-07	0.00549	1.17604e-08	-0.0054884	3.2032e-07	-3.2042e-07	0.0061598	1.12653e-08	-0.0061588	3.2042e-07	-3.2036e-07	0.0067932	1.08493e-08	-0.0067938	3.2034e-07	-3.2052e-07	0.0073954	1.0475e-08	-0.0073962	3.203e-07	-3.2052e-07
0.69	-8.4812e-05	1.64472e-08	8.5288e-05	3.204e-07	-3.2032e-07	0.00081586	1.5728e-08	-0.00081546	3.1968e-07	-3.1954e-07	0.0016876	1.50336e-08	-0.0016868	3.1958e-07	-3.1958e-07	0.0025282	1.44132e-08	-0.0025288	3.1954e-07	-3.196e-07	0.0033404	1.38132e-08	-0.00334	3.1954e-07	-3.1954e-07	0.0041196	1.32424e-08	-0.0041184	3.1952e-07	-3.196e-07	0.0048672	1.27274e-08	-0.0048662	3.195e-07	-3.1962e-07	0.0055818	1.2238e-08	-0.0055796	3.2034e-07	-3.2038e-07	0.0062652	1.17674e-08	-0.0062648	3.2042e-07	-3.2048e-07	0.0069136	1.1306e-08	-0.0069114	3.2034e-07	-3.2046e-07	0.0075304	1.08947e-08	-0.0075294	3.2042e-07	-3.205e-07
0.695	-8.6034e-05	1.71292e-08	8.6682e-05	3.2048e-07	-3.2036e-07	0.00082606	1.64008e-08	-0.00082492	3.1898e-07	-3.1892e-07	0.0017114	1.5664e-08	-0.0017106	3.1964e-07	-3.197e-07	0.0025624	1.50074e-08	-0.0025624	3.1946e-07	-3.1954e-07	0.0033898	1.43892e-08	-0.0033882	3.1948e-07	-3.1964e-07	0.0041808	1.37976e-08	-0.0041796	3.1958e-07	-3.1966e-07	0.0049422	1.32496e-08	-0.0049422	3.1958e-07	-3.1966e-07	0.0056712	1.27298e-08	-0.00567	3.2034e-07	-3.2042e-07	0.0063686	1.22512e-08	-0.006368	3.2036e-07	-3.2048e-07	0.0070306	1.17962e-08	-0.0070304	3.2032e-07	-3.2042e-07	0.0076632	1.1336e-08	-0.0076606	3.204e-07	-3.2058e-07
0.7	-8.7392e-05	1.78452e-08	8.7698e-05	3.2046e-07	-3.2032e-07	0.0008352	1.70934e-08	-0.00083736	3.1958e-07	-3.1954e-07	0.0017324	1.6325e-08	-0.0017324	3.1966e-07	-3.1958e-07	0.002598	1.56152e-08	-0.002598	3.1958e-07	-3.1958e-07	0.0034376	1.50016e-08	-0.003436	3.1956e-07	-3.1954e-07	0.0042426	1.4371e-08	-0.0042406	3.1956e-07	-3.1964e-07	0.0050164	1.3794e-08	-0.005015	3.1952e-07	-3.1966e-07	0.0057596	1.32588e-08	-0.005759	3.2026e-07	-3.2044e-07	0.0064722	1.27522e-08	-0.0064736	3.2038e-07	-3.2046e-07	0.0071494	1.22762e-08	-0.0071466	3.2032e-07	-3.2038e-07	0.0077958	1.18288e-08	-0.0077936	3.204e-07	-3.2058e-07
0.705	-8.8224e-05	1.86084e-08	8.8536e-05	3.204e-07	-3.2038e-07	0.00084692	1.78014e-08	-0.00084614	3.1954e-07	-3.1958e-07	0.0017548	1.7003e-08	-0.001755	3.19e-07	-3.196e-07	0.0026322	1.62858e-08	-0.0026308	3.1956e-07	-3.1952e-07	0.0034838	1.56176e-08	-0.0034816	3.195e-07	-3.1898e-07	0.0043004	1.49662e-08	-0.0043	3.1954e-07	-3.196e-07	0.0050902	1.43784e-08	-0.0050884	3.1962e-07	-3.1964e-07	0.0058438	1.38018e-08	-0.005845	3.2028e-07	-3.2038e-07	0.006571	1.32552e-08	-0.006571	3.204e-07	-3.206e-07	0.0072624	1.27554e-08	-0.0072632	3.2038e-07	-3.204e-07	0.007923	1.23056e-08	-0.007924	3.2046e-07	-3.2048e-07
0.71	-8.9168e-05	1.94108e-08	9.019e-05	3.2032e-07	-3.2038e-07	0.00085654	1.85686e-08	-0.00085866	3.1962e-07	-3.1954e-07	0.0017762	1.77236e-08	-0.0017754	3.1962e-07	-3.1964e-07	0.0026676	1.69758e-08	-0.0026662	3.1892e-07	-3.1922e-07	0.00353	1.62704e-08	-0.0035296	3.1948e-07	-3.1964e-07	0.0043618	1.55814e-08	-0.004361	3.1956e-07	-3.1962e-07	0.005162	1.49646e-08	-0.005162	3.1896e-07	-3.19e-07	0.0059316	1.43648e-08	-0.0059322	3.2044e-07	-3.2064e-07	0.0066704	1.38112e-08	-0.0066702	3.204e-07	-3.2046e-07	0.0073756	1.32944e-08	-0.007376	3.2032e-07	-3.2044e-07	0.0080522	1.28152e-08	-0.0080518	3.2038e-07	-3.205e-07
0.715	-9.0552e-05	2.02272e-08	9.0936e-05	3.2044e-07	-3.2032e-07	0.00086758	1.93458e-08	-0.00086706	3.1954e-07	-3.1952e-07	0.0017974	1.84644e-08	-0.0017966	3.1968e-07	-3.197e-07	0.0027002	1.76882e-08	-0.0026994	3.1954e-07	-3.196e-07	0.0035756	1.69478e-08	-0.0035762	3.1952e-07	-3.196e-07	0.0044184	1.62242e-08	-0.004418	3.196e-07	-3.1958e-07	0.0052332	1.55764e-08	-0.0052326	3.196e-07	-3.196e-07	0.0060166	1.49644e-08	-0.0060166	3.2044e-07	-3.2038e-07	0.0067702	1.43726e-08	-0.0067682	3.2046e-07	-3.2046e-07	0.007488	1.38274e-08	-0.0074868	3.2038e-07	-3.2044e-07	0.0081774	1.33266e-08	-0.0081752	3.2034e-07	-3.2046e-07
0.72	-9.1112e-05	2.11194e-08	9.1712e-05	3.2034e-07	-3.2032e-07	0.00087558	2.0166e-08	-0.00087812	3.1964e-07	-3.1962e-07	0.0018194	1.9262e-08	-0.0018192	3.1944e-07	-3.1904e-07	0.0027336	1.84434e-08	-0.002731	3.1894e-07	-3.1966e-07	0.0036216	1.766e-08	-0.003621	3.1954e-07	-3.1964e-07	0.004477	1.6921e-08	-0.0044756	3.196e-07	-3.1962e-07	0.0053048	1.6239e-08	-0.0053032	3.1956e-07	-3.1962e-07	0.006098	1.5589e-08	-0.0060994	3.2034e-07	-3.2036e-07	0.0068656	1.49758e-08	-0.0068654	3.2038e-07	-3.2044e-07	0.0075996	1.44026e-08	-0.0075986	3.2038e-07	-3.2042e-07	0.0083022	1.38776e-08	-0.008301	3.2028e-07	-3.205e-07
0.725	-9.215e-05	2.20128e-08	9.2452e-05	3.2038e-07	-3.2032e-07	0.00088564	2.10458e-08	-0.0008854	3.1956e-07	-3.1892e-07	0.0018402	2.00718e-08	-0.0018392	3.196e-07	-3.1958e-07	0.002765	1.92226e-08	-0.0027654	3.1954e-07	-3.1954e-07	0.0036634	1.84076e-08	-0.0036638	3.195e-07	-3.1952e-07	0.0045332	1.76206e-08	-0.004532	3.193e-07	-3.1964e-07	0.0053734	1.69204e-08	-0.0053728	3.1948e-07	-3.1954e-07	0.00618	1.62238e-08	-0.0061808	3.2034e-07	-3.2042e-07	0.0069608	1.55932e-08	-0.0069596	3.2034e-07	-3.2046e-07	0.0077072	1.49886e-08	-0.007706	3.2042e-07	-3.205e-07	0.0084248	1.44446e-08	-0.0084244	3.2044e-07	-3.2052e-07
0.73	-9.3044e-05	2.29676e-08	9.3334e-05	3.2038e-07	-3.2032e-07	0.00089846	2.19484e-08	-0.00089792	3.1964e-07	-3.1956e-07	0.001861	2.09528e-08	-0.0018614	3.1964e-07	-3.196e-07	0.002797	2.00354e-08	-0.002797	3.1962e-07	-3.1952e-07	0.0037088	1.91856e-08	-0.0037088	3.1954e-07	-3.1946e-07	0.0045892	1.83712e-08	-0.004588	3.1952e-07	-3.1898e-07	0.0054402	1.76216e-08	-0.0054398	3.1954e-07	-3.1964e-07	0.0062602	1.69154e-08	-0.0062624	3.2036e-07	-3.2034e-07	0.0070564	1.62472e-08	-0.0070564	3.2038e-07	-3.204e-07	0.0078158	1.56042e-08	-0.0078152	3.203e-07	-3.2052e-07	0.0085466	1.50426e-08	-0.0085468	3.2032e-07	-3.2058e-07
0.735	-9.3684e-05	2.39684e-08	9.412e-05	3.204e-07	-3.2032e-07	0.00090556	2.28824e-08	-0.00090728	3.1954e-07	-3.195e-07	0.001882	2.18502e-08	-0.0018808	3.1958e-07	-3.1966e-07	0.0028298	2.09068e-08	-0.002828	3.1958e-07	-3.1958e-07	0.0037522	2.00096e-08	-0.0037498	3.1948e-07	-3.196e-07	0.004644	1.91538e-08	-0.0046428	3.1956e-07	-3.1954e-07	0.0055074	1.83684e-08	-0.0055078	3.1884e-07	-3.1952e-07	0.0063408	1.76188e-08	-0.00634	3.204e-07	-3.2038e-07	0.0071474	1.69238e-08	-0.0071472	3.2034e-07	-3.2052e-07	0.0079202	1.62566e-08	-0.0079196	3.2034e-07	-3.2052e-07	0.0086664	1.56468e-08	-0.0086644	3.2034e-07	-3.2058e-07
0.74	-9.4704e-05	2.50286e-08	9.5342e-05	3.2032e-07	-3.2032e-07	0.00091496	2.38962e-08	-0.00091424	3.196e-07	-3.195e-07	0.0019008	2.28078e-08	-0.0019014	3.1894e-07	-3.1958e-07	0.002859	2.18066e-08	-0.0028592	3.195e-07	-3.1948e-07	0.0037952	2.08694e-08	-0.003793	3.1944e-07	-3.1952e-07	0.0046978	1.9965e-08	-0.0046974	3.1952e-07	-3.1952e-07	0.0055748	1.91568e-08	-0.0055726	3.1954e-07	-3.1952e-07	0.0064202	1.838e-08	-0.0064182	3.203e-07	-3.2038e-07	0.0072392	1.76336e-08	-0.00724	3.2036e-07	-3.2038e-07	0.0080262	1.69418e-08	-0.0080252	3.2042e-07	-3.2046e-07	0.0087838	1.63126e-08	-0.0087834	3.2048e-07	-3.2054e-07
0.745	-9.6104e-05	2.60948e-08	9.6308e-05	3.2038e-07	-3.204e-07	0.00092472	2.49346e-08	-0.00092452	3.1956e-07	-3.196e-07	0.0019204	2.37742e-08	-0.0019208	3.196e-07	-3.1886e-07	0.0028884	2.2746e-08	-0.00289	3.195e-07	-3.1892e-07	0.0038362	2.17552e-08	-0.0038346	3.1938e-07	-3.1956e-07	0.0047488	2.08114e-08	-0.0047492	3.1956e-07	-3.1964e-07	0.005638	1.99604e-08	-0.005638	3.195e-07	-3.1958e-07	0.0064974	1.91366e-08	-0.0064958	3.204e-07	-3.2038e-07	0.0073302	1.83724e-08	-0.0073294	3.2032e-07	-3.2038e-07	0.0081274	1.76516e-08	-0.0081284	3.2034e-07	-3.205e-07	0.0089	1.6989e-08	-0.0088988	3.2046e-07	-3.2058e-07
0.75	-9.6706e-05	2.72486e-08	9.711e-05	3.204e-07	-3.2038e-07	0.00093272	2.60286e-08	-0.00093292	3.196e-07	-3.1964e-07	0.0019394	2.48294e-08	-0.0019394	3.1894e-07	-3.1956e-07	0.0029196	2.37388e-08	-0.0029198	3.196e-07	-3.1952e-07	0.0038764	2.27044e-08	-0.003876	3.195e-07	-3.1954e-07	0.0048034	2.17204e-08	-0.0048034	3.196e-07	-3.196e-07	0.0057032	2.0818e-08	-0.0057026	3.195e-07	-3.1954e-07	0.0065732	1.9963e-08	-0.0065736	3.2032e-07	-3.2048e-07	0.0074188	1.91496e-08	-0.0074174	3.2028e-07	-3.2042e-07	0.0082314	1.83932e-08	-0.0082282	3.204e-07	-3.205e-07	0.0090124	1.7702e-08	-0.0090124	3.2046e-07	-3.2054e-07
0.755	-9.7652e-05	2.84486e-08	9.8262e-05	3.204e-07	-3.2038e-07	0.00094228	2.71688e-08	-0.00094178	3.1956e-07	-3.1954e-07	0.0019586	2.59034e-08	-0.0019574	3.1954e-07	-3.1966e-07	0.0029484	2.47626e-08	-0.0029474	3.1958e-07	-3.1954e-07	0.0039142	2.36886e-08	-0.0039156	3.195e-07	-3.1958e-07	0.0048528	2.2652e-08	-0.004853	3.1962e-07	-3.196e-07	0.0057658	2.17024e-08	-0.0057664	3.1954e-07	-3.1964e-07	0.0066474	2.08126e-08	-0.006648	3.2022e-07	-3.2042e-07	0.0075042	1.99514e-08	-0.007505	3.2028e-07	-3.2044e-07	0.008329	1.91698e-08	-0.008329	3.204e-07	-3.2052e-07	0.009126	1.84298e-08	-0.0091258	3.2046e-07	-3.2052e-07
0.76	-9.8646e-05	2.9731e-08	9.9094e-05	3.2034e-07	-3.2038e-07	0.00095124	2.83778e-08	-0.000951	3.196e-07	-3.196e-07	0.0019782	2.70546e-08	-0.001979	3.196e-07	-3.1964e-07	0.0029784	2.58602e-08	-0.0029772	3.195e-07	-3.196e-07	0.0039546	2.473e-08	-0.003955	3.1954e-07	-3.1958e-07	0.0049048	2.36436e-08	-0.0049046	3.1958e-07	-3.1894e-07	0.0058288	2.26532e-08	-0.005829	3.1884e-07	-3.1896e-07	0.0067216	2.1715e-08	-0.0067214	3.2034e-07	-3.2046e-07	0.0075924	2.08146e-08	-0.0075912	3.204e-07	-3.2046e-07	0.0084296	1.99922e-08	-0.008427	3.2038e-07	-3.2044e-07	0.0092372	1.92084e-08	-0.0092366	3.2048e-07	-3.2046e-07
0.765	-9.9728e-05	3.10348e-08	0.00010053	3.2042e-07	-3.2036e-07	0.00095916	2.96222e-08	-0.00095818	3.196e-07	-3.196e-07	0.0019972	2.82546e-08	-0.0019948	3.196e-07	-3.1958e-07	0.0030068	2.69758e-08	-0.003006	3.1954e-07	-3.1954e-07	0.0039948	2.5786e-08	-0.0039946	3.195e-07	-3.1954e-07	0.0049548	2.46608e-08	-0.004955	3.196e-07	-3.1966e-07	0.005888	2.36144e-08	-0.0058866	3.189e-07	-3.1894e-07	0.0067952	2.26426e-08	-0.0067922	3.2034e-07	-3.2048e-07	0.007677	2.16948e-08	-0.0076748	3.204e-07	-3.2042e-07	0.008525	2.08276e-08	-0.0085242	3.2036e-07	-3.2054e-07	0.0093476	2.00094e-08	-0.0093464	3.2038e-07	-3.2054e-07
0.77	-0.000100618	3.24426e-08	0.000101158	3.2028e-07	-3.2038e-07	0.00096832	3.09402e-08	-0.00096704	3.1958e-07	-3.1958e-07	0.002014	2.9492e-08	-0.0020132	3.1956e-07	-3.196e-07	0.0030338	2.81736e-08	-0.003033	3.1958e-07	-3.1956e-07	0.0040344	2.69346e-08	-0.0040332	3.195e-07	-3.195e-07	0.0050034	2.57514e-08	-0.005002	3.1958e-07	-3.1968e-07	0.0059506	2.46558e-08	-0.0059496	3.1956e-07	-3.196e-07	0.0068672	2.35992e-08	-0.0068648	3.2034e-07	-3.2044e-07	0.0077608	2.26398e-08	-0.0077574	3.2042e-07	-3.2046e-07	0.0086214	2.17432e-08	-0.0086222	3.2026e-07	-3.2042e-07	0.0094554	2.08724e-08	-0.0094536	3.2046e-07	-3.2054e-07
0.775	-0.000101438	3.38916e-08	0.000101946	3.2038e-07	-3.204e-07	0.00097708	3.23332e-08	-0.00097652	3.1966e-07	-3.1958e-07	0.0020338	3.07952e-08	-0.002032	3.196e-07	-3.1956e-07	0.0030634	2.94114e-08	-0.0030638	3.1878e-07	-3.1894e-07	0.004072	2.81106e-08	-0.0040706	3.195e-07	-3.1952e-07	0.0050494	2.68658e-08	-0.0050532	3.1954e-07	-3.196e-07	0.0060084	2.57098e-08	-0.0060062	3.1878e-07	-3.1878e-07	0.0069362	2.46144e-08	-0.0069372	3.2062e-07	-3.2072e-07	0.0078414	2.36108e-08	-0.0078404	3.204e-07	-3.2046e-07	0.0087146	2.26518e-08	-0.008712	3.2034e-07	-3.2042e-07	0.0095616	2.17356e-08	-0.0095584	3.2038e-07	-3.206e-07
0.78	-0.000102338	3.54222e-08	0.000102502	3.2034e-07	-3.2034e-07	0.00098616	3.37832e-08	-0.00098422	3.196e-07	-3.1956e-07	0.002048	3.2203e-08	-0.0020484	3.1962e-07	-3.196e-07	0.003089	3.07368e-08	-0.0030906	3.1954e-07	-3.1966e-07	0.0041078	2.9364e-08	-0.0041078	3.1954e-07	-3.196e-07	0.005101	2.80574e-08	-0.0050984	3.1962e-07	-3.1964e-07	0.0060682	2.68312e-08	-0.006065	3.1888e-07	-3.196e-07	0.007006	2.56896e-08	-0.0070054	3.203e-07	-3.2038e-07	0.0079248	2.4642e-08	-0.007923	3.2032e-07	-3.2046e-07	0.0088076	2.3625e-08	-0.0088074	3.2034e-07	-3.2052e-07	0.0096656	2.26802e-08	-0.0096646	3.2046e-07	-3.2054e-07
0.785	-0.000102946	3.70422e-08	0.000103414	3.2042e-07	-3.2034e-07	0.00099252	3.53002e-08	-0.00099178	3.1896e-07	-3.1962e-07	0.0020668	3.3634e-08	-0.0020652	3.196e-07	-3.1954e-07	0.0031164	3.20842e-08	-0.0031158	3.1956e-07	-3.196e-07	0.0041448	3.0662e-08	-0.004145	3.195e-07	-3.1958e-07	0.0051476	2.92874e-08	-0.005148	3.1964e-07	-3.196e-07	0.006123	2.80286e-08	-0.0061236	3.1948e-07	-3.1952e-07	0.007073	2.68036e-08	-0.0070728	3.2042e-07	-3.2058e-07	0.0080014	2.56998e-08	-0.0080014	3.2034e-07	-3.2038e-07	0.0088984	2.46362e-08	-0.0088982	3.203e-07	-3.2052e-07	0.0097672	2.36576e-08	-0.0097674	3.2046e-07	-3.2058e-07
0.79	-0.000104058	3.8713e-08	0.000104376	3.2044e-07	-3.2032e-07	0.00100192	3.69212e-08	-0.00100146	3.196e-07	-3.1948e-07	0.0020824	3.51464e-08	-0.0020814	3.1962e-07	-3.1952e-07	0.003142	3.35488e-08	-0.003141	3.196e-07	-3.1936e-07	0.004182	3.20434e-08	-0.0041802	3.1952e-07	-3.195e-07	0.0051932	3.06174e-08	-0.0051918	3.1956e-07	-3.1964e-07	0.0061794	2.92716e-08	-0.0061806	3.1886e-07	-3.1892e-07	0.0071422	2.79974e-08	-0.00714	3.2028e-07	-3.2046e-07	0.0080806	2.68114e-08	-0.0080794	3.2038e-07	-3.2042e-07	0.0089866	2.57266e-08	-0.0089878	3.2034e-07	-3.2048e-07	0.0098726	2.46806e-08	-0.0098692	3.2044e-07	-3.206e-07
0.795	-0.000104472	4.0477e-08	0.00010492	3.2034e-07	-3.2034e-07	0.0010082	3.858e-08	-0.00100944	3.1958e-07	-3.1958e-07	0.002099	3.67298e-08	-0.0020992	3.1956e-07	-3.1968e-07	0.003168	3.5052e-08	-0.0031664	3.196e-07	-3.1956e-07	0.0042166	3.34642e-08	-0.0042166	3.1948e-07	-3.1958e-07	0.0052398	3.19582e-08	-0.0052372	3.1896e-07	-3.1902e-07	0.0062354	3.05472e-08	-0.0062346	3.1952e-07	-3.1886e-07	0.007206	2.92312e-08	-0.0072058	3.2062e-07	-3.2056e-07	0.0081564	2.79904e-08	-0.0081544	3.2044e-07	-3.204e-07	0.0090758	2.68348e-08	-0.0090756	3.2032e-07	-3.2048e-07	0.0099694	2.57514e-08	-0.0099698	3.2048e-07	-3.206e-07
0.8	-0.000105222	4.23416e-08	0.000105584	3.2028e-07	-3.2038e-07	0.00101646	4.03344e-08	-0.00101486	3.1956e-07	-3.1944e-07	0.002118	3.83878e-08	-0.0021162	3.195e-07	-3.1956e-07	0.0031948	3.66184e-08	-0.0031922	3.1914e-07	-3.1954e-07	0.0042512	3.49578e-08	-0.0042502	3.1942e-07	-3.1956e-07	0.0052806	3.33714e-08	-0.005281	3.1958e-07	-3.1954e-07	0.006288	3.18784e-08	-0.006288	3.195e-07	-3.196e-07	0.0072698	3.05024e-08	-0.0072706	3.2034e-07	-3.2046e-07	0.008233	2.92194e-08	-0.0082328	3.2038e-07	-3.2046e-07	0.0091628	2.80086e-08	-0.0091616	3.2046e-07	-3.2054e-07	0.0100646	2.68636e-08	-0.0100646	3.205e-07	-3.2064e-07
0.805	-0.000106144	4.42808e-08	0.000106372	3.2038e-07	-3.2032e-07	0.00102406	4.2193e-08	-0.00102332	3.1954e-07	-3.195e-07	0.0021328	4.01616e-08	-0.0021322	3.1956e-07	-3.196e-07	0.003218	3.8297e-08	-0.0032182	3.1956e-07	-3.1954e-07	0.004285	3.65614e-08	-0.0042832	3.1952e-07	-3.1958e-07	0.0053254	3.48902e-08	-0.0053266	3.1962e-07	-3.1964e-07	0.0063448	3.3341e-08	-0.0063422	3.1948e-07	-3.1954e-07	0.007337	3.18682e-08	-0.0073352	3.2032e-07	-3.2038e-07	0.0083078	3.05142e-08	-0.008305	3.203e-07	-3.2036e-07	0.0092476	2.92476e-08	-0.0092474	3.2032e-07	-3.2052e-07	0.010163	2.80436e-08	-0.0101628	3.205e-07	-3.206e-07
0.81	-0.00010662	4.63324e-08	0.000107058	3.2068e-07	-3.2036e-07	0.00102918	4.41228e-08	-0.0010302	3.196e-07	-3.1952e-07	0.002149	4.1982e-08	-0.002148	3.196e-07	-3.1954e-07	0.0032434	4.00466e-08	-0.0032418	3.195e-07	-3.1954e-07	0.0043166	3.8197e-08	-0.0043174	3.1946e-07	-3.196e-07	0.0053694	3.6469e-08	-0.0053674	3.1962e-07	-3.1962e-07	0.0063972	3.48412e-08	-0.0063972	3.195e-07	-3.1952e-07	0.0073994	3.32728e-08	-0.0073974	3.2034e-07	-3.2038e-07	0.0083778	3.18532e-08	-0.0083776	3.2032e-07	-3.2046e-07	0.0093312	3.05084e-08	-0.0093286	3.2036e-07	-3.204e-07	0.01026	2.92614e-08	-0.0102576	3.205e-07	-3.2052e-07
0.815	-0.000107498	4.85036e-08	0.000107522	3.2046e-07	-3.2036e-07	0.00103852	4.61962e-08	-0.00103748	3.1948e-07	-3.1948e-07	0.0021646	4.39396e-08	-0.0021612	3.196e-07	-3.1892e-07	0.0032678	4.18952e-08	-0.0032684	3.196e-07	-3.1956e-07	0.0043508	3.99378e-08	-0.0043494	3.1954e-07	-3.1958e-07	0.0054116	3.81138e-08	-0.0054104	3.1956e-07	-3.1968e-07	0.006449	3.64116e-08	-0.0064484	3.1954e-07	-3.196e-07	0.0074622	3.47842e-08	-0.0074582	3.2032e-07	-3.2042e-07	0.008453	3.32994e-08	-0.0084514	3.2034e-07	-3.2046e-07	0.0094152	3.19048e-08	-0.0094146	3.2042e-07	-3.2052e-07	0.0103518	3.05674e-08	-0.010353	3.2046e-07	-3.2046e-07
0.82	-0.000108138	5.07562e-08	0.000108666	3.204e-07	-3.2034e-07	0.00104734	4.83322e-08	-0.00104388	3.1958e-07	-3.1954e-07	0.0021786	4.59666e-08	-0.0021778	3.196e-07	-3.1962e-07	0.003292	4.3813e-08	-0.0032904	3.196e-07	-3.1898e-07	0.0043838	4.17712e-08	-0.0043834	3.1948e-07	-3.1954e-07	0.0054542	3.98624e-08	-0.0054528	3.1956e-07	-3.1964e-07	0.0065	3.80494e-08	-0.006499	3.1944e-07	-3.1966e-07	0.0075212	3.63344e-08	-0.0075192	3.2032e-07	-3.2042e-07	0.0085218	3.47808e-08	-0.0085216	3.2034e-07	-3.2046e-07	0.0094954	3.33142e-08	-0.009495	3.2044e-07	-3.2042e-07	0.0104456	3.1904e-08	-0.0104428	3.205e-07	-3.2052e-07
0.825	-0.000108972	5.31602e-08	0.000109126	3.204e-07	-3.2026e-07	0.0010524	5.06036e-08	-0.0010506	3.1886e-07	-3.1894e-07	0.0021942	4.80948e-08	-0.0021938	3.1888e-07	-3.1894e-07	0.003315	4.5836e-08	-0.0033126	3.1954e-07	-3.1962e-07	0.0044162	4.37102e-08	-0.0044134	3.1966e-07	-3.1958e-07	0.0054936	4.1684e-08	-0.0054936	3.1962e-07	-3.1964e-07	0.0065492	3.97952e-08	-0.0065516	3.195e-07	-3.1958e-07	0.0075812	3.79964e-08	-0.0075804	3.2042e-07	-3.2046e-07	0.008593	3.63752e-08	-0.0085914	3.2046e-07	-3.2038e-07	0.0095764	3.48214e-08	-0.0095764	3.2032e-07	-3.2052e-07	0.0105358	3.33264e-08	-0.0105354	3.2046e-07	-3.2058e-07
0.83	-0.000109632	5.56484e-08	0.000109976	3.2034e-07	-3.2038e-07	0.0010575	5.29644e-08	-0.001059	3.1956e-07	-3.1894e-07	0.0022102	5.03534e-08	-0.0022068	3.1962e-07	-3.1962e-07	0.0033376	4.79536e-08	-0.0033364	3.1964e-07	-3.1958e-07	0.0044502	4.57034e-08	-0.0044472	3.1948e-07	-3.1958e-07	0.0055328	4.3565e-08	-0.0055342	3.19e-07	-3.1954e-07	0.0065976	4.15918e-08	-0.0065986	3.1956e-07	-3.1956e-07	0.00764	3.97236e-08	-0.0076402	3.204e-07	-3.2044e-07	0.0086618	3.79808e-08	-0.0086598	3.2038e-07	-3.2052e-07	0.0096548	3.63458e-08	-0.0096556	3.204e-07	-3.2054e-07	0.0106236	3.48106e-08	-0.0106222	3.2046e-07	-3.2054e-07
0.835	-0.000110374	5.82488e-08	0.000110672	3.2038e-07	-3.2032e-07	0.00106542	5.54806e-08	-0.00106678	3.19e-07	-3.1892e-07	0.002224	5.2738e-08	-0.0022232	3.1958e-07	-3.196e-07	0.0033594	5.02052e-08	-0.0033604	3.1888e-07	-3.196e-07	0.0044788	4.78614e-08	-0.0044788	3.1956e-07	-3.1954e-07	0.0055742	4.55692e-08	-0.0055724	3.1892e-07	-3.1888e-07	0.0066484	4.35182e-08	-0.006648	3.1894e-07	-3.1962e-07	0.0076994	4.15438e-08	-0.0076976	3.2038e-07	-3.2046e-07	0.0087292	3.97098e-08	-0.0087278	3.2038e-07	-3.205e-07	0.0097328	3.80154e-08	-0.0097324	3.2042e-07	-3.2054e-07	0.0107122	3.63764e-08	-0.0107108	3.2044e-07	-3.2058e-07
0.84	-0.0001111	6.10192e-08	0.00011135	3.2036e-07	-3.2046e-07	0.00107226	5.80766e-08	-0.00107172	3.1956e-07	-3.1876e-07	0.0022366	5.52084e-08	-0.0022346	3.196e-07	-3.1958e-07	0.0033802	5.25502e-08	-0.0033824	3.1952e-07	-3.1958e-07	0.004509	5.0067e-08	-0.0045072	3.1962e-07	-3.1952e-07	0.0056116	4.76922e-08	-0.0056126	3.1948e-07	-3.196e-07	0.0066956	4.55138e-08	-0.0066926	3.1952e-07	-3.1954e-07	0.007753	4.34348e-08	-0.0077556	3.2034e-07	-3.2046e-07	0.0087938	4.15042e-08	-0.0087948	3.2036e-07	-3.2054e-07	0.0098086	3.9734e-08	-0.0098074	3.2034e-07	-3.2044e-07	0.0107988	3.80046e-08	-0.0107992	3.205e-07	-3.206e-07
0.845	-0.000111462	6.4009e-08	0.000111774	3.2038e-07	-3.2038e-07	0.00107922	6.08668e-08	-0.00107956	3.195e-07	-3.196e-07	0.0022504	5.7812e-08	-0.0022516	3.1888e-07	-3.196e-07	0.0034038	5.50272e-08	-0.0034036	3.1896e-07	-3.1892e-07	0.0045392	5.24152e-08	-0.0045384	3.1948e-07	-3.1952e-07	0.0056496	4.99348e-08	-0.0056518	3.195e-07	-3.1958e-07	0.0067426	4.76256e-08	-0.0067418	3.1956e-07	-3.1956e-07	0.007811	4.54734e-08	-0.0078096	3.2036e-07	-3.2032e-07	0.0088604	4.34354e-08	-0.0088638	3.2036e-07	-3.2046e-07	0.0098838	4.15706e-08	-0.0098846	3.2028e-07	-3.205e-07	0.0108844	3.9743e-08	-0.010884	3.204e-07	-3.2058e-07
0.85	-0.000112262	6.69798e-08	0.00011221	3.2034e-07	-3.2032e-07	0.00108524	6.37408e-08	-0.001085	3.1966e-07	-3.1914e-07	0.0022642	6.05286e-08	-0.0022636	3.1962e-07	-3.1942e-07	0.003425	5.76194e-08	-0.003424	3.1962e-07	-3.196e-07	0.0045682	5.4873e-08	-0.0045674	3.1954e-07	-3.195e-07	0.00569	5.22376e-08	-0.0056872	3.1946e-07	-3.1946e-07	0.0067906	4.98426e-08	-0.0067884	3.1954e-07	-3.196e-07	0.007867	4.75536e-08	-0.0078654	3.2034e-07	-3.2048e-07	0.0089248	4.54174e-08	-0.0089242	3.2034e-07	-3.2046e-07	0.0099564	4.34464e-08	-0.0099558	3.2038e-07	-3.2048e-07	0.0109684	4.1541e-08	-0.0109686	3.2044e-07	-3.2058e-07
0.855	-0.000112684	7.02554e-08	0.000113096	3.203e-07	-3.2028e-07	0.00109168	6.68028e-08	-0.00109078	3.195e-07	-3.1952e-07	0.002277	6.3425e-08	-0.0022784	3.1964e-07	-3.1952e-07	0.0034464	6.04062e-08	-0.0034454	3.1954e-07	-3.1956e-07	0.0045968	5.74642e-08	-0.0045946	3.196e-07	-3.1954e-07	0.0057252	5.4743e-08	-0.0057244	3.1958e-07	-3.196e-07	0.006836	5.21752e-08	-0.006834	3.1954e-07	-3.1896e-07	0.0079208	4.97604e-08	-0.0079202	3.2034e-07	-3.205e-07	0.008988	4.75306e-08	-0.0089888	3.2022e-07	-3.2042e-07	0.0100298	4.5464e-08	-0.0100292	3.2038e-07	-3.2052e-07	0.0110492	4.34752e-08	-0.011049	3.2046e-07	-3.205e-07
0.86	-0.000113424	7.36252e-08	0.000113234	3.2032e-07	-3.2032e-07	0.0010991	7.00228e-08	-0.00109838	3.1954e-07	-3.196e-07	0.0022912	6.64626e-08	-0.002291	3.1956e-07	-3.1952e-07	0.0034676	6.32532e-08	-0.0034658	3.1954e-07	-3.195e-07	0.0046236	6.0154e-08	-0.0046244	3.1954e-07	-3.1964e-07	0.0057622	5.72798e-08	-0.0057594	3.195e-07	-3.1962e-07	0.0068786	5.45912e-08	-0.0068774	3.1918e-07	-3.1956e-07	0.0079734	5.20948e-08	-0.0079734	3.2032e-07	-3.2046e-07	0.0090468	4.97276e-08	-0.0090502	3.2036e-07	-3.2046e-07	0.0101012	4.75282e-08	-0.0100996	3.2048e-07	-3.2052e-07	0.0111306	4.54238e-08	-0.0111294	3.2044e-07	-3.206e-07
0.865	-0.000114264	7.72466e-08	0.000114618	3.2036e-07	-3.2034e-07	0.001104	7.34208e-08	-0.00110412	3.1954e-07	-3.1948e-07	0.0023064	6.96746e-08	-0.002305	3.1948e-07	-3.1954e-07	0.0034878	6.62778e-08	-0.003486	3.1954e-07	-3.1952e-07	0.0046536	6.305e-08	-0.0046522	3.1948e-07	-3.1958e-07	0.0057988	5.9985e-08	-0.0057986	3.196e-07	-3.1958e-07	0.0069238	5.72132e-08	-0.0069208	3.195e-07	-3.1958e-07	0.0080262	5.4554e-08	-0.0080268	3.2034e-07	-3.2032e-07	0.0091126	5.20724e-08	-0.0091118	3.203e-07	-3.2046e-07	0.0101718	4.97442e-08	-0.010171	3.204e-07	-3.2052e-07	0.0112102	4.75316e-08	-0.01121	3.2048e-07	-3.2064e-07
0.87	-0.000114712	8.09984e-08	0.000115004	3.204e-07	-3.2032e-07	0.00111002	7.6957e-08	-0.0011094	3.1958e-07	-3.1962e-07	0.0023152	7.30162e-08	-0.0023168	3.1948e-07	-3.1952e-07	0.0035086	6.94506e-08	-0.0035068	3.195e-07	-3.1948e-07	0.0046804	6.60578e-08	-0.0046784	3.1952e-07	-3.1952e-07	0.005833	6.28338e-08	-0.0058322	3.1892e-07	-3.19e-07	0.0069672	5.98652e-08	-0.006964	3.1954e-07	-3.1952e-07	0.0080768	5.71038e-08	-0.0080754	3.203e-07	-3.2036e-07	0.0091712	5.45014e-08	-0.0091698	3.2036e-07	-3.2046e-07	0.0102402	5.20468e-08	-0.0102404	3.2034e-07	-3.2052e-07	0.0112894	4.97294e-08	-0.0112894	3.205e-07	-3.2064e-07
0.875	-0.000115086	8.49408e-08	0.000115008	3.2034e-07	-3.2032e-07	0.00111556	8.06932e-08	-0.00111472	3.196e-07	-3.1954e-07	0.0023302	7.65672e-08	-0.0023304	3.1886e-07	-3.1888e-07	0.0035256	7.28178e-08	-0.003528	3.1948e-07	-3.1948e-07	0.0047088	6.92664e-08	-0.0047066	3.1948e-07	-3.1952e-07	0.0058666	6.58678e-08	-0.0058674	3.1954e-07	-3.1966e-07	0.0070082	6.27294e-08	-0.0070068	3.1946e-07	-3.196e-07	0.0081276	5.97764e-08	-0.0081284	3.204e-07	-3.2038e-07	0.009232	5.70554e-08	-0.0092302	3.2038e-07	-3.2042e-07	0.0103086	5.44726e-08	-0.0103084	3.2038e-07	-3.2038e-07	0.0113658	5.20252e-08	-0.0113646	3.2052e-07	-3.2052e-07
0.88	-0.000115086	8.91584e-08	0.000115004	3.2034e-07	-3.203e-07	0.00111902	8.4593e-08	-0.00111978	3.1948e-07	-3.1958e-07	0.0023434	8.0315e-08	-0.0023442	3.1954e-07	-3.1952e-07	0.0035446	7.62826e-08	-0.0035452	3.1952e-07	-3.1956e-07	0.0047346	7.25416e-08	-0.0047322	3.195e-07	-3.196e-07	0.0059028	6.90024e-08	-0.0059004	3.195e-07	-3.1966e-07	0.0070512	6.57064e-08	-0.007049	3.1942e-07	-3.1964e-07	0.008177	6.26172e-08	-0.008177	3.203e-07	-3.2042e-07	0.009289	5.97246e-08	-0.009287	3.203e-07	-3.2044e-07	0.0103752	5.70188e-08	-0.0103748	3.2038e-07	-3.2046e-07	0.0114406	5.4464e-08	-0.0114398	3.205e-07	-3.2058e-07
0.885	-0.000115092	9.35558e-08	0.000115008	3.2034e-07	-3.2034e-07	0.0011292	8.87926e-08	-0.00112784	3.1952e-07	-3.1954e-07	0.0023548	8.42178e-08	-0.0023558	3.196e-07	-3.195e-07	0.0035656	8.00252e-08	-0.003564	3.1958e-07	-3.1958e-07	0.0047606	7.60856e-08	-0.0047596	3.1952e-07	-3.1954e-07	0.005934	7.23274e-08	-0.0059336	3.1958e-07	-3.1964e-07	0.007092	6.88468e-08	-0.0070906	3.195e-07	-3.1968e-07	0.008227	6.56054e-08	-0.0082268	3.2038e-07	-3.2038e-07	0.0093464	6.25874e-08	-0.0093462	3.204e-07	-3.2046e-07	0.0104416	5.97348e-08	-0.0104404	3.2038e-07	-3.2048e-07	0.0115006	5.70402e-08	-0.011526	3.2052e-07	-3.2058e-07
0.89	-0.00011894	9.81436e-08	0.00011782	3.2026e-07	-3.203e-07	0.00113338	9.31166e-08	-0.00113374	3.1912e-07	-3.1886e-07	0.0023674	8.82786e-08	-0.0023658	3.1952e-07	-3.1956e-07	0.0035842	8.38992e-08	-0.003583	3.196e-07	-3.1962e-07	0.004785	7.9777e-08	-0.0047858	3.1952e-07	-3.196e-07	0.0059658	7.57948e-08	-0.0059676	3.1964e-07	-3.1964e-07	0.0071322	7.21794e-08	-0.00713	3.1956e-07	-3.196e-07	0.008275	6.87372e-08	-0.0082758	3.204e-07	-3.2042e-07	0.009402	6.55304e-08	-0.009403	3.2034e-07	-3.2046e-07	0.0105048	6.2516e-08	-0.0105048	3.2038e-07	-3.2046e-07	0.011628	5.96874e-08	-0.011594	3.2046e-07	-3.206e-07
0.895	-0.00011776	1.030366e-07	0.00011848	3.2038e-07	-3.2036e-07	0.00113776	9.77564e-08	-0.0011393	3.196e-07	-3.1958e-07	0.0023786	9.26906e-08	-0.0023792	3.1948e-07	-3.196e-07	0.003602	8.80616e-08	-0.003602	3.196e-07	-3.196e-07	0.0048118	8.3653e-08	-0.0048102	3.195e-07	-3.1958e-07	0.006001	7.9501e-08	-0.0059992	3.1954e-07	-3.196e-07	0.0071706	7.56634e-08	-0.0071722	3.195e-07	-3.1962e-07	0.0083224	7.2046e-08	-0.0083208	3.2038e-07	-3.2046e-07	0.0094562	6.8685e-08	-0.0094562	3.2044e-07	-3.2046e-07	0.0105678	6.55094e-08	-0.0105696	3.204e-07	-3.2052e-07	0.0117	6.25442e-08	-0.01167	3.2052e-07	-3.2064e-07
0.9	-0.00011928	1.08124e-07	0.00011858	3.2038e-07	-3.2036e-07	0.00114416	1.024746e-07	-0.00114294	3.1892e-07	-3.1892e-07	0.002391	9.72268e-08	-0.0023896	3.1956e-07	-3.1952e-07	0.0036202	9.2312e-08	-0.0036202	3.1892e-07	-3.1958e-07	0.0048364	8.7723e-08	-0.0048334	3.1948e-07	-3.196e-07	0.0060312	8.33406e-08	-0.0060308	3.1964e-07	-3.196e-07	0.0072096	7.9287e-08	-0.00721	3.1962e-07	-3.1966e-07	0.008369	7.54686e-08	-0.0083694	3.2032e-07	-3.2042e-07	0.0095138	7.19616e-08	-0.0095092	3.204e-07	-3.2044e-07	0.0106302	6.86274e-08	-0.0106314	3.2036e-07	-3.2052e-07	0.011772	6.54718e-08	-0.01174	3.2046e-07	-3.2058e-07
