vg	id_vd = 0V	ig_vd = 0V	is_vd = 0V	iavdd_vd = 0V	ignd_vd = 0V	id_vd = 0.01V	ig_vd = 0.01V	is_vd = 0.01V	iavdd_vd = 0.01V	ignd_vd = 0.01V	id_vd = 0.02V	ig_vd = 0.02V	is_vd = 0.02V	iavdd_vd = 0.02V	ignd_vd = 0.02V	id_vd = 0.03V	ig_vd = 0.03V	is_vd = 0.03V	iavdd_vd = 0.03V	ignd_vd = 0.03V	id_vd = 0.04V	ig_vd = 0.04V	is_vd = 0.04V	iavdd_vd = 0.04V	ignd_vd = 0.04V	id_vd = 0.05V	ig_vd = 0.05V	is_vd = 0.05V	iavdd_vd = 0.05V	ignd_vd = 0.05V	id_vd = 0.06V	ig_vd = 0.06V	is_vd = 0.06V	iavdd_vd = 0.06V	ignd_vd = 0.06V	id_vd = 0.07V	ig_vd = 0.07V	is_vd = 0.07V	iavdd_vd = 0.07V	ignd_vd = 0.07V	id_vd = 0.08V	ig_vd = 0.08V	is_vd = 0.08V	iavdd_vd = 0.08V	ignd_vd = 0.08V	id_vd = 0.09V	ig_vd = 0.09V	is_vd = 0.09V	iavdd_vd = 0.09V	ignd_vd = 0.09V	id_vd = 0.1V	ig_vd = 0.1V	is_vd = 0.1V	iavdd_vd = 0.1V	ignd_vd = 0.1V
1.2	-2.3333e-09	3.5353e-10	1.4834e-09	3.2408e-07	-3.2338e-07	-2.6066e-09	2.9293e-10	1.4386e-09	3.2428e-07	-3.2302e-07	-2.533e-09	2.9153e-10	1.3246e-09	3.2372e-07	-3.2324e-07	-2.2313e-09	2.6848e-10	1.1881e-09	3.2366e-07	-3.23e-07	-1.8252e-09	2.8977e-10	1.0081e-09	3.233e-07	-3.2346e-07	-1.7947e-09	2.5299e-10	8.77e-10	3.2354e-07	-3.2266e-07	-1.3007e-09	2.7993e-10	7.8346e-10	3.2342e-07	-3.2276e-07	-1.3024e-09	2.3248e-10	6.0714e-10	3.23e-07	-3.2328e-07	-9.089e-10	2.4697e-10	3.7251e-10	3.229e-07	-3.23e-07	-2.5108e-10	2.58e-10	2.0167e-10	3.231e-07	-3.2252e-07	-3.8723e-10	2.0574e-10	-6.03e-12	3.2298e-07	-3.2322e-07
1.195	-2.838e-09	3.2959e-10	1.754e-09	3.2432e-07	-3.2348e-07	-2.6505e-09	3.1494e-10	1.5862e-09	3.2412e-07	-3.2352e-07	-2.236e-09	3.13e-10	1.4926e-09	3.2358e-07	-3.2328e-07	-2.1345e-09	2.9838e-10	1.3023e-09	3.2364e-07	-3.2316e-07	-1.5845e-09	2.9477e-10	1.1259e-09	3.2328e-07	-3.2352e-07	-1.9058e-09	2.4081e-10	9.9308e-10	3.2358e-07	-3.226e-07	-1.5062e-09	2.6269e-10	8.6804e-10	3.2342e-07	-3.2282e-07	-1.1114e-09	2.2387e-10	6.1369e-10	3.2312e-07	-3.2266e-07	-1.1469e-09	2.1157e-10	4.6737e-10	3.2328e-07	-3.225e-07	-8.3757e-10	2.0375e-10	2.4499e-10	3.2316e-07	-3.2246e-07	-1.703e-11	2.3487e-10	-2.41e-12	3.229e-07	-3.2328e-07
1.19	-2.8847e-09	3.2289e-10	1.9601e-09	3.2418e-07	-3.2368e-07	-2.6716e-09	3.1105e-10	1.7581e-09	3.2458e-07	-3.238e-07	-2.2606e-09	3.03e-10	1.6255e-09	3.2348e-07	-3.2334e-07	-2.1042e-09	2.926e-10	1.4355e-09	3.2356e-07	-3.2342e-07	-1.6098e-09	2.7607e-10	1.2429e-09	3.232e-07	-3.2344e-07	-2.0404e-09	2.3282e-10	1.08632e-09	3.2356e-07	-3.2248e-07	-1.5367e-09	2.5808e-10	9.7079e-10	3.2334e-07	-3.2298e-07	-1.3431e-09	2.0922e-10	7.2838e-10	3.2316e-07	-3.2264e-07	-1.2067e-09	2.0389e-10	5.339e-10	3.232e-07	-3.2248e-07	-8.8156e-10	1.9535e-10	2.8651e-10	3.2316e-07	-3.2248e-07	2.409e-11	2.3203e-10	6.08e-12	3.2282e-07	-3.2338e-07
1.185	-2.9429e-09	3.1524e-10	2.1481e-09	3.2408e-07	-3.238e-07	-2.76e-09	3.0644e-10	1.9042e-09	3.2394e-07	-3.235e-07	-2.3429e-09	2.9672e-10	1.7943e-09	3.2332e-07	-3.2348e-07	-2.1377e-09	2.8179e-10	1.6099e-09	3.2338e-07	-3.2342e-07	-1.7056e-09	2.5898e-10	1.3623e-09	3.2316e-07	-3.2334e-07	-2.1871e-09	2.28e-10	1.196e-09	3.2318e-07	-3.234e-07	-1.5274e-09	2.532e-10	1.10171e-09	3.2334e-07	-3.232e-07	-1.5266e-09	1.977e-10	8.279e-10	3.2332e-07	-3.2258e-07	-1.2841e-09	2.0079e-10	6.1004e-10	3.232e-07	-3.2234e-07	-9.3082e-10	1.8742e-10	3.4138e-10	3.2312e-07	-3.224e-07	4.062e-11	2.2628e-10	1.622e-11	3.2276e-07	-3.2332e-07
1.18	-3.1184e-09	3.0928e-10	2.3393e-09	3.2402e-07	-3.2388e-07	-2.8012e-09	2.9595e-10	2.0855e-09	3.239e-07	-3.2372e-07	-2.4843e-09	2.8708e-10	1.8971e-09	3.2336e-07	-3.235e-07	-2.2646e-09	2.7447e-10	1.7316e-09	3.2332e-07	-3.235e-07	-1.9207e-09	2.4552e-10	1.5217e-09	3.2328e-07	-3.2316e-07	-1.6051e-09	2.3709e-10	1.3021e-09	3.2314e-07	-3.2322e-07	-1.3158e-09	2.3544e-10	1.1816e-09	3.2348e-07	-3.226e-07	-1.662e-09	1.934e-10	9.3755e-10	3.233e-07	-3.2256e-07	-1.3902e-09	1.9789e-10	7.0619e-10	3.2324e-07	-3.2248e-07	-9.8847e-10	1.8703e-10	4.0263e-10	3.2316e-07	-3.2236e-07	4.713e-11	2.1453e-10	2.506e-11	3.2272e-07	-3.2334e-07
1.175	-3.2983e-09	2.981e-10	2.5445e-09	3.2394e-07	-3.2384e-07	-2.8926e-09	2.8461e-10	2.3015e-09	3.2376e-07	-3.2368e-07	-2.571e-09	2.6573e-10	2.0915e-09	3.2328e-07	-3.2332e-07	-2.3902e-09	2.6184e-10	1.9117e-09	3.2336e-07	-3.2358e-07	-2.1679e-09	2.1919e-10	1.6788e-09	3.2332e-07	-3.2308e-07	-1.8728e-09	2.1993e-10	1.4548e-09	3.2316e-07	-3.2304e-07	-2.1185e-09	2.1134e-10	1.3095e-09	3.2348e-07	-3.2268e-07	-1.7902e-09	1.8674e-10	1.08188e-09	3.2338e-07	-3.2244e-07	-1.4699e-09	1.96e-10	7.8531e-10	3.2326e-07	-3.2252e-07	-1.05886e-09	1.8256e-10	4.6114e-10	3.232e-07	-3.2244e-07	5.967e-11	2.0675e-10	3.36e-11	3.226e-07	-3.2328e-07
1.17	-3.4634e-09	2.7806e-10	2.7956e-09	3.2396e-07	-3.2402e-07	-3.1321e-09	2.8282e-10	2.5435e-09	3.2364e-07	-3.2364e-07	-2.8019e-09	2.4969e-10	2.3258e-09	3.233e-07	-3.2328e-07	-2.4916e-09	2.4304e-10	2.0819e-09	3.2328e-07	-3.2342e-07	-2.4304e-09	2.0397e-10	1.835e-09	3.234e-07	-3.2276e-07	-2.1074e-09	1.9802e-10	1.6336e-09	3.2328e-07	-3.229e-07	-2.1111e-09	2.154e-10	1.4689e-09	3.234e-07	-3.2276e-07	-1.9324e-09	1.8053e-10	1.1509e-09	3.229e-07	-3.2334e-07	-1.5006e-09	1.9011e-10	8.8141e-10	3.2334e-07	-3.2268e-07	-1.10974e-09	1.7323e-10	5.1669e-10	3.2316e-07	-3.2256e-07	7.949e-11	1.9851e-10	3.369e-11	3.2264e-07	-3.2332e-07
1.165	-3.6923e-09	2.6734e-10	3.0961e-09	3.2448e-07	-3.2424e-07	-3.3007e-09	2.648e-10	2.7553e-09	3.2372e-07	-3.2404e-07	-3.1386e-09	2.3486e-10	2.5692e-09	3.2338e-07	-3.231e-07	-2.7052e-09	2.2905e-10	2.3141e-09	3.2324e-07	-3.2328e-07	-2.7793e-09	1.9538e-10	2.0986e-09	3.2342e-07	-3.2272e-07	-2.374e-09	1.8476e-10	1.8203e-09	3.2332e-07	-3.2268e-07	-2.2101e-09	2.102e-10	1.6195e-09	3.2334e-07	-3.2296e-07	-1.3427e-09	1.9521e-10	1.2749e-09	3.229e-07	-3.2332e-07	-1.4961e-09	1.8898e-10	9.9189e-10	3.232e-07	-3.2274e-07	-1.0941e-09	1.518e-10	5.4557e-10	3.2314e-07	-3.2248e-07	9.666e-11	1.8465e-10	4.319e-11	3.2264e-07	-3.235e-07
1.16	-4.0541e-09	2.5168e-10	3.3747e-09	3.2396e-07	-3.237e-07	-3.543e-09	2.4706e-10	3.0384e-09	3.237e-07	-3.2364e-07	-3.4804e-09	2.1275e-10	2.8239e-09	3.2336e-07	-3.2296e-07	-3.0511e-09	2.1594e-10	2.5305e-09	3.2334e-07	-3.2316e-07	-3.1686e-09	1.8056e-10	2.3019e-09	3.2356e-07	-3.2272e-07	-2.7412e-09	1.7808e-10	2.041e-09	3.2346e-07	-3.227e-07	-2.3126e-09	2.0151e-10	1.7757e-09	3.2328e-07	-3.2322e-07	-1.5731e-09	1.8438e-10	1.434e-09	3.2302e-07	-3.2306e-07	-1.4917e-09	1.9042e-10	1.1091e-09	3.2322e-07	-3.2284e-07	-1.1851e-09	1.5125e-10	6.212e-10	3.2318e-07	-3.2242e-07	1.077e-10	1.7204e-10	5.07e-11	3.2268e-07	-3.235e-07
1.155	-4.532e-09	2.281e-10	3.7575e-09	3.2388e-07	-3.2344e-07	-3.884e-09	2.3121e-10	3.3396e-09	3.237e-07	-3.235e-07	-3.8961e-09	1.9497e-10	3.1337e-09	3.234e-07	-3.2272e-07	-3.3905e-09	1.9433e-10	2.8525e-09	3.234e-07	-3.2302e-07	-3.4723e-09	1.7434e-10	2.5672e-09	3.2366e-07	-3.226e-07	-3.1142e-09	1.661e-10	2.2934e-09	3.2358e-07	-3.2262e-07	-2.3244e-09	2.0059e-10	1.968e-09	3.2328e-07	-3.2332e-07	-1.8187e-09	1.6351e-10	1.5738e-09	3.2306e-07	-3.2302e-07	-1.2121e-09	1.8779e-10	1.2012e-09	3.2322e-07	-3.2232e-07	-1.2666e-09	1.4658e-10	7.1522e-10	3.2324e-07	-3.2238e-07	1.3299e-10	1.6562e-10	5.941e-11	3.2268e-07	-3.2322e-07
1.15	-5.0408e-09	2.0922e-10	4.1204e-09	3.2396e-07	-3.2318e-07	-4.3432e-09	2.1255e-10	3.6955e-09	3.2374e-07	-3.234e-07	-4.3107e-09	1.8678e-10	3.4735e-09	3.235e-07	-3.2266e-07	-3.7476e-09	1.7715e-10	3.1301e-09	3.2352e-07	-3.2282e-07	-3.795e-09	1.7407e-10	2.8561e-09	3.237e-07	-3.2248e-07	-3.4007e-09	1.5761e-10	2.5319e-09	3.2362e-07	-3.2272e-07	-2.3553e-09	2.0115e-10	2.1734e-09	3.2312e-07	-3.2332e-07	-2.0687e-09	1.4574e-10	1.7658e-09	3.2316e-07	-3.228e-07	-1.9938e-09	1.4912e-10	1.3407e-09	3.2322e-07	-3.2252e-07	-1.3633e-09	1.4504e-10	8.0396e-10	3.2312e-07	-3.2248e-07	1.3076e-10	1.5695e-10	7.758e-11	3.2264e-07	-3.232e-07
1.145	-5.4768e-09	2.0166e-10	4.5579e-09	3.24e-07	-3.2306e-07	-4.7772e-09	1.9077e-10	4.1002e-09	3.2388e-07	-3.2324e-07	-4.8836e-09	1.7671e-10	3.8687e-09	3.2364e-07	-3.226e-07	-4.207e-09	1.7166e-10	3.4855e-09	3.2348e-07	-3.2272e-07	-4.1234e-09	1.7194e-10	3.1727e-09	3.237e-07	-3.2262e-07	-3.6744e-09	1.6116e-10	2.8304e-09	3.236e-07	-3.2252e-07	-2.6055e-09	1.9081e-10	2.404e-09	3.2302e-07	-3.2334e-07	-2.4077e-09	1.3857e-10	1.9778e-09	3.2318e-07	-3.2272e-07	-2.1191e-09	1.5076e-10	1.4979e-09	3.2336e-07	-3.226e-07	-1.4285e-09	1.4286e-10	9.0724e-10	3.2326e-07	-3.2252e-07	8.853e-11	1.4391e-10	9.779e-11	3.2254e-07	-3.231e-07
1.14	-6.1135e-09	1.8825e-10	5.0679e-09	3.2414e-07	-3.2304e-07	-5.2931e-09	1.7848e-10	4.5206e-09	3.2436e-07	-3.2302e-07	-5.3416e-09	1.6407e-10	4.3085e-09	3.2376e-07	-3.2248e-07	-4.7785e-09	1.5928e-10	3.8815e-09	3.2366e-07	-3.2266e-07	-4.4663e-09	1.6825e-10	3.5294e-09	3.2376e-07	-3.2274e-07	-4.0003e-09	1.6068e-10	3.129e-09	3.2366e-07	-3.227e-07	-2.8276e-09	1.7861e-10	2.6447e-09	3.231e-07	-3.235e-07	-2.8052e-09	1.3142e-10	2.1971e-09	3.2324e-07	-3.2262e-07	-2.1266e-09	1.5526e-10	1.6753e-09	3.232e-07	-3.2276e-07	-1.4569e-09	1.4294e-10	1.00929e-09	3.2318e-07	-3.2266e-07	3.024e-11	1.3415e-10	1.2038e-10	3.2258e-07	-3.2304e-07
1.135	-6.7757e-09	1.7292e-10	5.621e-09	3.242e-07	-3.2304e-07	-5.9519e-09	1.7336e-10	4.9955e-09	3.2396e-07	-3.2292e-07	-5.8487e-09	1.6545e-10	4.7492e-09	3.2374e-07	-3.2238e-07	-5.2924e-09	1.4872e-10	4.3172e-09	3.2372e-07	-3.226e-07	-4.7183e-09	1.7546e-10	3.8955e-09	3.2364e-07	-3.2286e-07	-4.2798e-09	1.5649e-10	3.4623e-09	3.237e-07	-3.2286e-07	-3.0773e-09	1.6686e-10	2.914e-09	3.2304e-07	-3.2346e-07	-3.098e-09	1.1964e-10	2.4708e-09	3.2332e-07	-3.2244e-07	-2.1944e-09	1.5149e-10	1.8629e-09	3.2316e-07	-3.2284e-07	-1.4677e-09	1.4022e-10	1.12433e-09	3.2312e-07	-3.2268e-07	-5.661e-11	1.2656e-10	1.4433e-10	3.2264e-07	-3.2304e-07
1.13	-7.4274e-09	1.6885e-10	6.2072e-09	3.2442e-07	-3.2316e-07	-6.6257e-09	1.5733e-10	5.588e-09	3.2408e-07	-3.2288e-07	-6.3827e-09	1.6855e-10	5.2728e-09	3.2374e-07	-3.226e-07	-5.7615e-09	1.5098e-10	4.754e-09	3.2376e-07	-3.2252e-07	-5.0331e-09	1.7394e-10	4.3471e-09	3.2364e-07	-3.2294e-07	-4.5104e-09	1.6247e-10	3.8532e-09	3.236e-07	-3.2288e-07	-3.3776e-09	1.5859e-10	3.2363e-09	3.2304e-07	-3.2344e-07	-3.4084e-09	1.1944e-10	2.7451e-09	3.2342e-07	-3.2248e-07	-2.3122e-09	1.5026e-10	2.0589e-09	3.2316e-07	-3.2314e-07	-1.1847e-09	1.551e-10	1.2046e-09	3.2322e-07	-3.2244e-07	-1.1634e-10	1.1289e-10	1.7915e-10	3.2274e-07	-3.2302e-07
1.125	-8.1298e-09	1.6892e-10	6.8657e-09	3.2442e-07	-3.2292e-07	-7.2868e-09	1.5321e-10	6.1361e-09	3.2408e-07	-3.2278e-07	-6.8954e-09	1.6414e-10	5.8589e-09	3.2384e-07	-3.2272e-07	-6.3353e-09	1.505e-10	5.2947e-09	3.2376e-07	-3.226e-07	-5.3956e-09	1.6614e-10	4.7916e-09	3.2354e-07	-3.2326e-07	-4.8713e-09	1.6337e-10	4.2526e-09	3.234e-07	-3.2304e-07	-3.7097e-09	1.5241e-10	3.59e-09	3.2304e-07	-3.2342e-07	-3.7754e-09	1.243e-10	3.049e-09	3.2342e-07	-3.2244e-07	-2.419e-09	1.4882e-10	2.2699e-09	3.2302e-07	-3.2322e-07	-1.8498e-09	1.0532e-10	1.3545e-09	3.231e-07	-3.224e-07	-1.9372e-10	9.943e-11	1.9984e-10	3.2266e-07	-3.2292e-07
1.12	-8.8006e-09	1.6825e-10	7.6029e-09	3.2436e-07	-3.234e-07	-7.9869e-09	1.568e-10	6.8223e-09	3.2474e-07	-3.2326e-07	-7.4205e-09	1.6597e-10	6.4325e-09	3.2364e-07	-3.2276e-07	-6.8743e-09	1.4761e-10	5.8873e-09	3.2382e-07	-3.2266e-07	-5.728e-09	1.6777e-10	5.2925e-09	3.2346e-07	-3.2344e-07	-5.1802e-09	1.5484e-10	4.7476e-09	3.2346e-07	-3.2328e-07	-4.0964e-09	1.3694e-10	3.9651e-09	3.2294e-07	-3.2308e-07	-4.0833e-09	1.2168e-10	3.3916e-09	3.2342e-07	-3.226e-07	-2.5449e-09	1.4558e-10	2.5107e-09	3.2292e-07	-3.2326e-07	-2.027e-09	1.0377e-10	1.5269e-09	3.2318e-07	-3.224e-07	-2.6036e-10	9.299e-11	2.3268e-10	3.2274e-07	-3.2276e-07
1.115	-9.5698e-09	1.6964e-10	8.3895e-09	3.2494e-07	-3.2368e-07	-8.7427e-09	1.5199e-10	7.5859e-09	3.2412e-07	-3.2292e-07	-7.9761e-09	1.7024e-10	7.1539e-09	3.2372e-07	-3.2292e-07	-7.4089e-09	1.4874e-10	6.5282e-09	3.2372e-07	-3.2286e-07	-6.2229e-09	1.6715e-10	5.8591e-09	3.2332e-07	-3.2346e-07	-5.5517e-09	1.5481e-10	5.2202e-09	3.2336e-07	-3.234e-07	-4.5731e-09	1.3007e-10	4.408e-09	3.2302e-07	-3.2316e-07	-4.3602e-09	1.2236e-10	3.7563e-09	3.2334e-07	-3.2272e-07	-2.7677e-09	1.3921e-10	2.7662e-09	3.2286e-07	-3.2336e-07	-2.1937e-09	1.0352e-10	1.6966e-09	3.2322e-07	-3.2256e-07	-3.3056e-10	8.863e-11	2.8347e-10	3.228e-07	-3.2274e-07
1.11	-1.03224e-08	1.7142e-10	9.2681e-09	3.2436e-07	-3.238e-07	-9.5283e-09	1.534e-10	8.3803e-09	3.242e-07	-3.2302e-07	-8.6567e-09	1.6319e-10	7.9064e-09	3.236e-07	-3.2314e-07	-7.9622e-09	1.556e-10	7.1872e-09	3.2366e-07	-3.2292e-07	-6.7892e-09	1.5624e-10	6.4892e-09	3.2324e-07	-3.2344e-07	-6.038e-09	1.5428e-10	5.7837e-09	3.2324e-07	-3.235e-07	-5.0459e-09	1.2012e-10	4.8868e-09	3.23e-07	-3.2304e-07	-4.6488e-09	1.3015e-10	4.2058e-09	3.2338e-07	-3.229e-07	-3.029e-09	1.3072e-10	3.0415e-09	3.228e-07	-3.2336e-07	-2.2695e-09	1.1101e-10	1.8657e-09	3.2312e-07	-3.227e-07	-4.3039e-10	7.838e-11	3.292e-10	3.2278e-07	-3.2262e-07
1.105	-1.12204e-08	1.7075e-10	1.0304e-08	3.2426e-07	-3.2338e-07	-1.02646e-08	1.5839e-10	9.3256e-09	3.2408e-07	-3.2316e-07	-9.3824e-09	1.5952e-10	8.7304e-09	3.2358e-07	-3.2332e-07	-8.6489e-09	1.4907e-10	8.0161e-09	3.237e-07	-3.232e-07	-7.4209e-09	1.4545e-10	7.1345e-09	3.232e-07	-3.235e-07	-6.6171e-09	1.4234e-10	6.4074e-09	3.2318e-07	-3.2346e-07	-5.5856e-09	1.1428e-10	5.4128e-09	3.2306e-07	-3.231e-07	-5.0017e-09	1.2634e-10	4.639e-09	3.2328e-07	-3.2312e-07	-3.2815e-09	1.1677e-10	3.3638e-09	3.228e-07	-3.2322e-07	-2.3544e-09	1.1183e-10	2.072e-09	3.2312e-07	-3.2278e-07	-5.7021e-10	7.31e-11	3.9197e-10	3.2286e-07	-3.2262e-07
1.1	-1.2021e-08	1.3008e-10	1.12194e-08	3.2464e-07	-3.2362e-07	-1.113e-08	1.5847e-10	1.02699e-08	3.2408e-07	-3.234e-07	-1.02008e-08	1.6159e-10	9.6628e-09	3.2336e-07	-3.2328e-07	-9.381e-09	1.4407e-10	8.7991e-09	3.236e-07	-3.2344e-07	-8.105e-09	1.363e-10	7.8693e-09	3.2328e-07	-3.2338e-07	-7.2079e-09	1.316e-10	7.0769e-09	3.231e-07	-3.2348e-07	-6.2178e-09	1.1034e-10	6.0012e-09	3.231e-07	-3.2314e-07	-5.3544e-09	1.2153e-10	5.128e-09	3.2316e-07	-3.2326e-07	-3.6778e-09	1.052e-10	3.711e-09	3.2276e-07	-3.2308e-07	-2.4945e-09	1.0838e-10	2.3154e-09	3.2306e-07	-3.2306e-07	-7.0826e-10	6.984e-11	4.5705e-10	3.2292e-07	-3.225e-07
1.095	-1.36002e-08	1.2814e-10	1.24726e-08	3.2384e-07	-3.2392e-07	-1.19872e-08	1.1545e-10	1.12144e-08	3.2384e-07	-3.2298e-07	-1.11932e-08	1.5335e-10	1.06862e-08	3.2328e-07	-3.234e-07	-1.01846e-08	1.4806e-10	9.753e-09	3.2346e-07	-3.2342e-07	-9.005e-09	1.2102e-10	8.7448e-09	3.2322e-07	-3.2318e-07	-7.9422e-09	1.2209e-10	7.8007e-09	3.2314e-07	-3.2332e-07	-6.8576e-09	1.0103e-10	6.6509e-09	3.2312e-07	-3.2314e-07	-5.781e-09	1.2433e-10	5.6778e-09	3.2304e-07	-3.2332e-07	-4.1793e-09	9.221e-11	4.1244e-09	3.2282e-07	-3.2296e-07	-2.6043e-09	1.1172e-10	2.5319e-09	3.2298e-07	-3.2326e-07	-8.288e-10	6.342e-11	5.3525e-10	3.23e-07	-3.2254e-07
1.09	-1.44478e-08	1.2398e-10	1.37662e-08	3.2414e-07	-3.2302e-07	-1.35626e-08	1.1294e-10	1.24958e-08	3.2424e-07	-3.243e-07	-1.21652e-08	1.2844e-10	1.18256e-08	3.2372e-07	-3.2286e-07	-1.12522e-08	1.4147e-10	1.08544e-08	3.2336e-07	-3.2346e-07	-1.00292e-08	1.0407e-10	9.6801e-09	3.233e-07	-3.231e-07	-8.8181e-09	1.0682e-10	8.6178e-09	3.2316e-07	-3.2322e-07	-7.6916e-09	8.46e-11	7.3836e-09	3.2324e-07	-3.2302e-07	-6.34e-09	1.2203e-10	6.2466e-09	3.2282e-07	-3.2328e-07	-4.6862e-09	7.618e-11	4.5822e-09	3.2298e-07	-3.2286e-07	-2.7308e-09	1.0882e-10	2.7996e-09	3.2282e-07	-3.2322e-07	-9.2572e-10	5.553e-11	5.8765e-10	3.2304e-07	-3.2252e-07
1.085	-1.63808e-08	1.2318e-10	1.525e-08	3.2416e-07	-3.2388e-07	-1.43204e-08	1.0789e-10	1.38188e-08	3.2464e-07	-3.2348e-07	-1.372e-08	1.4115e-10	1.30832e-08	3.2326e-07	-3.2346e-07	-1.21894e-08	1.1616e-10	1.19954e-08	3.238e-07	-3.2292e-07	-1.10852e-08	1.2942e-10	1.07485e-08	3.2322e-07	-3.235e-07	-9.8679e-09	8.959e-11	9.6295e-09	3.2322e-07	-3.2312e-07	-8.5352e-09	7.958e-11	8.2553e-09	3.2328e-07	-3.228e-07	-6.9539e-09	1.0832e-10	6.9485e-09	3.23e-07	-3.2338e-07	-5.2501e-09	6.495e-11	5.0727e-09	3.2296e-07	-3.2266e-07	-2.9731e-09	1.0284e-10	3.0608e-09	3.2276e-07	-3.2334e-07	-1.01138e-09	5.221e-11	6.6803e-10	3.2294e-07	-3.2244e-07
1.08	-1.75488e-08	1.5482e-10	1.67724e-08	3.244e-07	-3.2418e-07	-1.63522e-08	1.1395e-10	1.53106e-08	3.2402e-07	-3.2328e-07	-1.49044e-08	9.811e-11	1.44368e-08	3.2364e-07	-3.226e-07	-1.38026e-08	1.3048e-10	1.32272e-08	3.2332e-07	-3.2362e-07	-1.21566e-08	9.582e-11	1.19672e-08	3.237e-07	-3.2296e-07	-1.10107e-08	7.971e-11	1.05765e-08	3.2328e-07	-3.228e-07	-9.6433e-09	6.983e-11	9.1542e-09	3.233e-07	-3.2268e-07	-7.6165e-09	1.0095e-10	7.657e-09	3.2286e-07	-3.2332e-07	-5.9681e-09	6.172e-11	5.6608e-09	3.2312e-07	-3.2254e-07	-3.2398e-09	9.704e-11	3.3511e-09	3.2284e-07	-3.2334e-07	-1.10632e-09	5.379e-11	7.4909e-10	3.2298e-07	-3.2244e-07
1.075	-1.91738e-08	1.0021e-10	1.85464e-08	3.2418e-07	-3.2298e-07	-1.74588e-08	1.4217e-10	1.68674e-08	3.2372e-07	-3.2372e-07	-1.70486e-08	9.997e-11	1.6048e-08	3.2364e-07	-3.2286e-07	-1.49454e-08	9.017e-11	1.45802e-08	3.2362e-07	-3.2276e-07	-1.36362e-08	1.2072e-10	1.31728e-08	3.233e-07	-3.2346e-07	-1.2422e-08	6.975e-11	1.17954e-08	3.2308e-07	-3.2354e-07	-1.07512e-08	6.075e-11	1.01662e-08	3.2338e-07	-3.2268e-07	-8.4219e-09	9.148e-11	8.4181e-09	3.2288e-07	-3.2328e-07	-6.7289e-09	5.373e-11	6.2738e-09	3.2324e-07	-3.2252e-07	-3.5299e-09	8.852e-11	3.6812e-09	3.2268e-07	-3.2326e-07	-5.732e-10	8.604e-11	7.951e-10	3.2296e-07	-3.2256e-07
1.07	-2.1719e-08	1.044e-10	2.05556e-08	3.2412e-07	-3.2344e-07	-1.90988e-08	8.94e-11	1.85902e-08	3.2414e-07	-3.2288e-07	-1.82554e-08	1.2797e-10	1.77346e-08	3.2328e-07	-3.2334e-07	-1.71266e-08	8.775e-11	1.61566e-08	3.2376e-07	-3.2296e-07	-1.48958e-08	7.841e-11	1.45804e-08	3.2356e-07	-3.2268e-07	-1.32392e-08	7.366e-11	1.29896e-08	3.2342e-07	-3.2264e-07	-1.17914e-08	5.932e-11	1.12502e-08	3.2302e-07	-3.234e-07	-9.3802e-09	7.566e-11	9.3499e-09	3.2294e-07	-3.2306e-07	-7.4614e-09	4.705e-11	6.9726e-09	3.2328e-07	-3.2252e-07	-3.9259e-09	7.511e-11	4.0851e-09	3.2274e-07	-3.2322e-07	-1.2267e-09	4.468e-11	8.9051e-10	3.2298e-07	-3.2256e-07
1.065	-2.3227e-08	1.3959e-10	2.26372e-08	3.2382e-07	-3.2358e-07	-2.16832e-08	1.0148e-10	2.05938e-08	3.2402e-07	-3.2336e-07	-1.9963e-08	7.984e-11	1.94888e-08	3.2362e-07	-3.2262e-07	-1.8408e-08	1.1697e-10	1.78354e-08	3.233e-07	-3.2356e-07	-1.70376e-08	7.942e-11	1.61916e-08	3.2366e-07	-3.2316e-07	-1.51862e-08	7.153e-11	1.44724e-08	3.2354e-07	-3.2292e-07	-1.25394e-08	7.924e-11	1.24392e-08	3.2324e-07	-3.2268e-07	-1.04839e-08	6.179e-11	1.03966e-08	3.2298e-07	-3.2298e-07	-8.2126e-09	5.537e-11	7.7546e-09	3.2328e-07	-3.2234e-07	-4.4167e-09	6.45e-11	4.4968e-09	3.2276e-07	-3.2304e-07	-1.3658e-09	3.888e-11	1.02152e-09	3.2302e-07	-3.2248e-07
1.06	-2.55468e-08	8.584e-11	2.4932e-08	3.242e-07	-3.2284e-07	-2.32396e-08	1.2457e-10	2.27058e-08	3.2362e-07	-3.2356e-07	-2.26368e-08	8.989e-11	2.16398e-08	3.2364e-07	-3.2286e-07	-2.00722e-08	7.119e-11	1.97664e-08	3.237e-07	-3.2272e-07	-1.82106e-08	1.0874e-10	1.78654e-08	3.2328e-07	-3.2342e-07	-1.63202e-08	1.0479e-10	1.59512e-08	3.2316e-07	-3.2342e-07	-1.44366e-08	5.59e-11	1.37992e-08	3.2346e-07	-3.2276e-07	-1.18172e-08	4.394e-11	1.15504e-08	3.2304e-07	-3.2334e-07	-9.0726e-09	5.873e-11	8.5492e-09	3.2328e-07	-3.2252e-07	-4.9719e-09	5.102e-11	4.9379e-09	3.2292e-07	-3.2298e-07	-1.4671e-09	3.99e-11	1.14338e-09	3.231e-07	-3.2236e-07
1.055	-2.86224e-08	9.909e-11	2.75684e-08	3.2416e-07	-3.2346e-07	-2.57308e-08	7.175e-11	2.5107e-08	3.2408e-07	-3.2284e-07	-2.43466e-08	1.1242e-10	2.38436e-08	3.2326e-07	-3.2322e-07	-2.26446e-08	7.799e-11	2.18538e-08	3.2368e-07	-3.2304e-07	-2.01312e-08	6.147e-11	1.97496e-08	3.237e-07	-3.2266e-07	-1.77676e-08	5.593e-11	1.76004e-08	3.2348e-07	-3.2272e-07	-1.56264e-08	8.958e-11	1.5234e-08	3.2304e-07	-3.2352e-07	-1.25882e-08	7.039e-11	1.26546e-08	3.2308e-07	-3.2272e-07	-9.8929e-09	5.951e-11	9.3928e-09	3.2328e-07	-3.2262e-07	-5.5864e-09	3.738e-11	5.5194e-09	3.229e-07	-3.2272e-07	-1.528e-09	6.147e-11	1.1418e-09	3.2272e-07	-3.23e-07
1.05	-3.0914e-08	1.207e-10	3.03442e-08	3.2376e-07	-3.235e-07	-2.88094e-08	9.455e-11	2.78598e-08	3.239e-07	-3.2404e-07	-2.67612e-08	6.573e-11	2.62992e-08	3.2364e-07	-3.2246e-07	-2.45828e-08	1.0366e-10	2.41616e-08	3.234e-07	-3.234e-07	-2.2645e-08	7.001e-11	2.19314e-08	3.2362e-07	-3.2328e-07	-2.0255e-08	6.349e-11	1.95538e-08	3.2356e-07	-3.2298e-07	-1.6923e-08	6.172e-11	1.67868e-08	3.2326e-07	-3.2266e-07	-1.44802e-08	4.139e-11	1.4055e-08	3.2344e-07	-3.2262e-07	-1.0726e-08	6.777e-11	1.03807e-08	3.2328e-07	-3.2276e-07	-6.282e-09	3.342e-11	6.1199e-09	3.2304e-07	-3.2262e-07	-1.2984e-09	3.781e-11	1.3229e-09	3.2274e-07	-3.2278e-07
1.045	-3.42072e-08	6.764e-11	3.33988e-08	3.2426e-07	-3.229e-07	-3.10378e-08	1.0482e-10	3.05262e-08	3.236e-07	-3.2342e-07	-2.99814e-08	7.897e-11	2.907e-08	3.2364e-07	-3.2304e-07	-2.70358e-08	5.591e-11	2.66154e-08	3.2378e-07	-3.2268e-07	-2.44572e-08	9.403e-11	2.40972e-08	3.2324e-07	-3.2326e-07	-2.18144e-08	9.264e-11	2.15256e-08	3.2308e-07	-3.2328e-07	-1.92384e-08	4.714e-11	1.86246e-08	3.2346e-07	-3.2274e-07	-1.58936e-08	7.478e-11	1.55002e-08	3.229e-07	-3.2334e-07	-1.19334e-08	5.612e-11	1.13896e-08	3.229e-07	-3.2302e-07	-7.0697e-09	3.089e-11	6.8079e-09	3.2312e-07	-3.2256e-07	-1.4774e-09	2.748e-11	1.4615e-09	3.2282e-07	-3.226e-07
1.04	-3.79578e-08	9.283e-11	3.682e-08	3.2402e-07	-3.2358e-07	-3.44786e-08	5.778e-11	3.3867e-08	3.2478e-07	-3.2328e-07	-3.25624e-08	9.716e-11	3.20632e-08	3.2312e-07	-3.2308e-07	-3.043e-08	6.827e-11	2.95152e-08	3.2368e-07	-3.232e-07	-2.70442e-08	4.761e-11	2.67208e-08	3.2374e-07	-3.2264e-07	-2.40834e-08	4.071e-11	2.3824e-08	3.2348e-07	-3.226e-07	-2.0909e-08	7.916e-11	2.05926e-08	3.2306e-07	-3.2354e-07	-1.7069e-08	5.832e-11	1.69974e-08	3.231e-07	-3.2268e-07	-1.27854e-08	3.257e-11	1.26684e-08	3.2322e-07	-3.2234e-07	-7.8521e-09	2.342e-11	7.4737e-09	3.2306e-07	-3.2242e-07	-1.8161e-09	2.297e-11	1.7032e-09	3.2288e-07	-3.2254e-07
1.035	-4.11644e-08	9.961e-11	4.06802e-08	3.2382e-07	-3.2352e-07	-3.83014e-08	8.735e-11	3.73754e-08	3.243e-07	-3.2424e-07	-3.5899e-08	5.246e-11	3.5399e-08	3.237e-07	-3.2248e-07	-3.28606e-08	8.868e-11	3.24832e-08	3.233e-07	-3.234e-07	-3.02194e-08	6.498e-11	2.9618e-08	3.2354e-07	-3.234e-07	-2.7066e-08	5.966e-11	2.62798e-08	3.2342e-07	-3.2314e-07	-2.27846e-08	4.341e-11	2.26712e-08	3.2346e-07	-3.2268e-07	-1.9263e-08	3.503e-11	1.8873e-08	3.2342e-07	-3.2268e-07	-1.44464e-08	5.749e-11	1.40136e-08	3.2306e-07	-3.2328e-07	-8.6493e-09	2.604e-11	8.2533e-09	3.231e-07	-3.2236e-07	-2.1626e-09	2e-11	1.8588e-09	3.23e-07	-3.2248e-07
1.03	-4.54966e-08	5.385e-11	4.46764e-08	3.2424e-07	-3.2284e-07	-4.15532e-08	8.866e-11	4.11206e-08	3.237e-07	-3.2332e-07	-3.99104e-08	7.239e-11	3.90168e-08	3.235e-07	-3.232e-07	-3.63122e-08	4.372e-11	3.5885e-08	3.2378e-07	-3.2268e-07	-3.2793e-08	7.986e-11	3.24808e-08	3.2332e-07	-3.2322e-07	-2.9337e-08	7.829e-11	2.90392e-08	3.2304e-07	-3.2328e-07	-2.58062e-08	4.138e-11	2.52252e-08	3.2352e-07	-3.229e-07	-2.11156e-08	6.506e-11	2.07776e-08	3.2294e-07	-3.2332e-07	-1.53376e-08	5.931e-11	1.53392e-08	3.2282e-07	-3.2302e-07	-9.5262e-09	3.44e-11	9.1412e-09	3.2322e-07	-3.2244e-07	-2.3226e-09	1.849e-11	2.0587e-09	3.2306e-07	-3.2242e-07
1.025	-5.02478e-08	8.796e-11	4.90666e-08	3.2412e-07	-3.2434e-07	-4.6084e-08	4.102e-11	4.53138e-08	3.241e-07	-3.2256e-07	-4.3351e-08	8.138e-11	4.28748e-08	3.2322e-07	-3.2306e-07	-4.03134e-08	6.193e-11	3.95626e-08	3.237e-07	-3.2334e-07	-3.6373e-08	3.354e-11	3.58786e-08	3.237e-07	-3.225e-07	-3.22556e-08	2.93e-11	3.19492e-08	3.2348e-07	-3.2262e-07	-2.79282e-08	7.45e-11	2.76406e-08	3.2306e-07	-3.2334e-07	-2.2906e-08	4.323e-11	2.29814e-08	3.2318e-07	-3.2262e-07	-1.71656e-08	2.133e-11	1.69332e-08	3.2328e-07	-3.2238e-07	-1.04641e-08	3.426e-11	1.0021e-08	3.2318e-07	-3.2248e-07	-2.6387e-09	2.361e-11	2.2808e-09	3.2312e-07	-3.2242e-07
1.02	-5.47644e-08	8.336e-11	5.40672e-08	3.2388e-07	-3.2346e-07	-5.10418e-08	7.924e-11	5.01898e-08	3.2378e-07	-3.236e-07	-4.81392e-08	4.202e-11	4.73596e-08	3.237e-07	-3.2238e-07	-4.40132e-08	7.456e-11	4.36174e-08	3.2334e-07	-3.233e-07	-4.01988e-08	6.36e-11	3.95438e-08	3.2354e-07	-3.234e-07	-3.61028e-08	5.596e-11	3.54732e-08	3.2338e-07	-3.2328e-07	-3.06602e-08	2.835e-11	3.052e-08	3.2346e-07	-3.2272e-07	-2.59974e-08	3.036e-11	2.5415e-08	3.2338e-07	-3.2284e-07	-1.91646e-08	5.121e-11	1.87714e-08	3.2294e-07	-3.2326e-07	-1.14684e-08	3.717e-11	1.10232e-08	3.2324e-07	-3.2266e-07	-2.8871e-09	3.064e-11	2.5449e-09	3.2314e-07	-3.2254e-07
1.015	-6.04326e-08	3.485e-11	5.95298e-08	3.2422e-07	-3.2286e-07	-5.587e-08	8.282e-11	5.56238e-08	3.236e-07	-3.233e-07	-5.30942e-08	6.534e-11	5.23716e-08	3.2348e-07	-3.2332e-07	-4.86494e-08	3.364e-11	4.8031e-08	3.2372e-07	-3.226e-07	-4.37458e-08	6.389e-11	4.35042e-08	3.2328e-07	-3.2322e-07	-3.9119e-08	6.223e-11	3.88964e-08	3.2306e-07	-3.231e-07	-3.44562e-08	3.602e-11	3.381e-08	3.2346e-07	-3.2308e-07	-2.8153e-08	6.011e-11	2.80322e-08	3.229e-07	-3.233e-07	-2.0577e-08	5.085e-11	2.06158e-08	3.2286e-07	-3.2294e-07	-1.21762e-08	5.516e-11	1.20948e-08	3.2306e-07	-3.2256e-07	-3.081e-09	3.415e-11	2.814e-09	3.2318e-07	-3.2268e-07
1.01	-6.66632e-08	7.751e-11	6.54924e-08	3.2394e-07	-3.2364e-07	-6.18648e-08	4.179e-11	6.12436e-08	3.2406e-07	-3.2276e-07	-5.7893e-08	6.874e-11	5.76254e-08	3.2328e-07	-3.2304e-07	-5.38358e-08	5.748e-11	5.3316e-08	3.2362e-07	-3.2348e-07	-4.86228e-08	2.143e-11	4.82016e-08	3.2378e-07	-3.2256e-07	-4.33082e-08	2.124e-11	4.30262e-08	3.2348e-07	-3.2242e-07	-3.74582e-08	6.753e-11	3.73592e-08	3.2312e-07	-3.2336e-07	-3.08954e-08	3.182e-11	3.08896e-08	3.2318e-07	-3.2254e-07	-2.30318e-08	1.149e-11	2.28328e-08	3.233e-07	-3.2252e-07	-1.38104e-08	2.436e-11	1.34358e-08	3.2312e-07	-3.229e-07	-3.3141e-09	3.87e-11	3.1288e-09	3.2306e-07	-3.2284e-07
1.005	-7.23062e-08	8.403e-11	7.19698e-08	3.2384e-07	-3.2338e-07	-6.86086e-08	4.831e-11	6.77472e-08	3.2382e-07	-3.2298e-07	-6.40006e-08	3.074e-11	6.32928e-08	3.2384e-07	-3.2244e-07	-5.86174e-08	6.028e-11	5.84032e-08	3.234e-07	-3.232e-07	-5.37402e-08	5.837e-11	5.30002e-08	3.2334e-07	-3.2338e-07	-4.81718e-08	5.2e-11	4.7512e-08	3.233e-07	-3.233e-07	-4.11244e-08	2.419e-11	4.10342e-08	3.2338e-07	-3.2268e-07	-3.449e-08	2.32e-11	3.40738e-08	3.2332e-07	-3.2274e-07	-2.54872e-08	4.609e-11	2.52184e-08	3.23e-07	-3.2334e-07	-1.47712e-08	5.787e-11	1.4688e-08	3.227e-07	-3.2326e-07	-3.4589e-09	4.653e-11	3.3944e-09	3.2296e-07	-3.2304e-07
1	-7.98292e-08	4.322e-11	7.92e-08	3.2424e-07	-3.2292e-07	-7.51472e-08	7.965e-11	7.4531e-08	3.2342e-07	-3.2334e-07	-7.07992e-08	5.97e-11	6.99854e-08	3.2348e-07	-3.2336e-07	-6.4946e-08	2.372e-11	6.44204e-08	3.2382e-07	-3.2252e-07	-5.85612e-08	5.252e-11	5.83814e-08	3.2336e-07	-3.2306e-07	-5.23858e-08	5.136e-11	5.226e-08	3.2312e-07	-3.2304e-07	-4.58986e-08	2.24e-11	4.53794e-08	3.2352e-07	-3.2278e-07	-3.77284e-08	5.435e-11	3.76248e-08	3.229e-07	-3.2336e-07	-2.76622e-08	4.172e-11	2.76486e-08	3.2302e-07	-3.2288e-07	-1.61704e-08	9.39e-12	1.62412e-08	3.2314e-07	-3.225e-07	-3.6782e-09	4.617e-11	3.8258e-09	3.2294e-07	-3.2316e-07
0.995	-8.81328e-08	5.718e-11	8.7155e-08	3.2412e-07	-3.2362e-07	-8.2485e-08	3.898e-11	8.2021e-08	3.237e-07	-3.2272e-07	-7.72672e-08	5.758e-11	7.67938e-08	3.2334e-07	-3.2298e-07	-7.16794e-08	5.317e-11	7.10744e-08	3.2352e-07	-3.2346e-07	-6.50116e-08	1.151e-11	6.45368e-08	3.2372e-07	-3.2268e-07	-5.77998e-08	1.674e-11	5.77168e-08	3.235e-07	-3.225e-07	-5.0405e-08	5.134e-11	4.9929e-08	3.231e-07	-3.2348e-07	-4.14638e-08	1.88e-11	4.13836e-08	3.2322e-07	-3.2256e-07	-3.07538e-08	4.8e-12	3.0477e-08	3.2326e-07	-3.2252e-07	-1.83572e-08	2.291e-11	1.80002e-08	3.2306e-07	-3.2296e-07	-3.8505e-09	4.479e-11	4.1136e-09	3.2276e-07	-3.2322e-07
0.99	-9.64e-08	6.661e-11	9.57278e-08	3.243e-07	-3.2398e-07	-9.1488e-08	2.695e-11	9.04482e-08	3.239e-07	-3.228e-07	-8.5509e-08	2.019e-11	8.47876e-08	3.2378e-07	-3.226e-07	-7.82878e-08	5.055e-11	7.81398e-08	3.2342e-07	-3.232e-07	-7.18936e-08	5.309e-11	7.12788e-08	3.2328e-07	-3.2344e-07	-6.43066e-08	4.241e-11	6.35594e-08	3.2338e-07	-3.2328e-07	-5.50218e-08	3.791e-11	5.51618e-08	3.2316e-07	-3.2292e-07	-4.60694e-08	1.866e-11	4.57874e-08	3.233e-07	-3.229e-07	-3.39794e-08	3.959e-11	3.36392e-08	3.2286e-07	-3.2324e-07	-1.98212e-08	4.998e-11	1.98632e-08	3.2266e-07	-3.2316e-07	-4.3872e-09	4.975e-11	4.6033e-09	3.2268e-07	-3.2332e-07
0.985	-1.061442e-07	2.58e-11	1.052694e-07	3.2398e-07	-3.2256e-07	-1.00525e-07	6.339e-11	9.97348e-08	3.2352e-07	-3.2356e-07	-9.4194e-08	5.181e-11	9.3237e-08	3.2364e-07	-3.235e-07	-8.67374e-08	1.467e-11	8.60896e-08	3.2376e-07	-3.2258e-07	-7.86362e-08	4.047e-11	7.85882e-08	3.2336e-07	-3.2284e-07	-7.01628e-08	4.428e-11	6.99752e-08	3.2314e-07	-3.2312e-07	-6.10874e-08	5.31e-12	6.06942e-08	3.2348e-07	-3.226e-07	-5.04838e-08	5.114e-11	5.01454e-08	3.2292e-07	-3.2324e-07	-3.69218e-08	3.451e-11	3.72156e-08	3.2298e-07	-3.2268e-07	-2.18056e-08	1.27e-12	2.19306e-08	3.2308e-07	-3.2252e-07	-4.6862e-09	4.58e-11	5.0039e-09	3.2268e-07	-3.233e-07
0.98	-1.1718e-07	2.925e-11	1.156e-07	3.2396e-07	-3.2262e-07	-1.10373e-07	4.978e-11	1.099614e-07	3.2354e-07	-3.2302e-07	-1.030108e-07	4.817e-11	1.02902e-07	3.2358e-07	-3.2308e-07	-9.56568e-08	4.737e-11	9.4951e-08	3.2342e-07	-3.234e-07	-8.70968e-08	6.61e-12	8.65864e-08	3.2372e-07	-3.2262e-07	-7.79774e-08	9.26e-12	7.74346e-08	3.2354e-07	-3.2246e-07	-6.78824e-08	3.55e-11	6.71984e-08	3.232e-07	-3.2336e-07	-5.5449e-08	9.22e-12	5.53258e-08	3.2332e-07	-3.225e-07	-4.12606e-08	-1.42e-12	4.09628e-08	3.2334e-07	-3.2254e-07	-2.46794e-08	2.325e-11	2.4249e-08	3.2298e-07	-3.2312e-07	-5.2298e-09	3.294e-11	5.4886e-09	3.2258e-07	-3.2336e-07
0.975	-1.29e-07	1.449e-11	1.2692e-07	3.2392e-07	-3.2268e-07	-1.2192e-07	1.755e-11	1.2114e-07	3.2364e-07	-3.2276e-07	-1.136608e-07	1.065e-11	1.131312e-07	3.2394e-07	-3.2282e-07	-1.047376e-07	4.213e-11	1.042056e-07	3.234e-07	-3.231e-07	-9.5672e-08	4.803e-11	9.54888e-08	3.233e-07	-3.2348e-07	-8.60262e-08	3.849e-11	8.51616e-08	3.2318e-07	-3.2334e-07	-7.41318e-08	3.982e-11	7.37616e-08	3.2306e-07	-3.2304e-07	-6.18284e-08	1.553e-11	6.13058e-08	3.2324e-07	-3.2296e-07	-4.54936e-08	3.74e-11	4.53502e-08	3.2284e-07	-3.2338e-07	-2.6781e-08	3.988e-11	2.68464e-08	3.2262e-07	-3.2308e-07	-5.8598e-09	2.671e-11	6.0039e-09	3.2256e-07	-3.232e-07
0.97	-1.4148e-07	1.488e-11	1.4034e-07	3.2384e-07	-3.2278e-07	-1.3484e-07	2.119e-11	1.338e-07	3.2352e-07	-3.2316e-07	-1.2508e-07	4.587e-11	1.2458e-07	3.2378e-07	-3.2284e-07	-1.1656e-07	8.14e-12	1.1558e-07	3.2358e-07	-3.228e-07	-1.052904e-07	3.016e-11	1.050042e-07	3.2338e-07	-3.2274e-07	-9.41962e-08	3.684e-11	9.40816e-08	3.2314e-07	-3.2304e-07	-8.21154e-08	-2.8e-12	8.17344e-08	3.2354e-07	-3.225e-07	-6.78312e-08	4.614e-11	6.76128e-08	3.229e-07	-3.2324e-07	-4.98472e-08	2.532e-11	4.99474e-08	3.2294e-07	-3.2262e-07	-2.97318e-08	-4.13e-12	2.97384e-08	3.2314e-07	-3.2238e-07	-6.527e-09	2.183e-11	6.6862e-09	3.2268e-07	-3.2302e-07
0.965	-1.5502e-07	1.936e-11	1.5438e-07	3.2362e-07	-3.2302e-07	-1.4792e-07	4.26e-11	1.4668e-07	3.2342e-07	-3.2352e-07	-1.3786e-07	3.261e-11	1.371e-07	3.2402e-07	-3.2268e-07	-1.2738e-07	1.151e-11	1.2632e-07	3.2338e-07	-3.2304e-07	-1.1606e-07	5.73e-12	1.1616e-07	3.233e-07	-3.2292e-07	-1.04157e-07	1.66e-12	1.035902e-07	3.2358e-07	-3.226e-07	-9.07774e-08	3.422e-11	8.9923e-08	3.2312e-07	-3.2332e-07	-7.5049e-08	1.87e-12	7.48924e-08	3.2328e-07	-3.2252e-07	-5.54308e-08	-3.25e-12	5.5256e-08	3.2338e-07	-3.228e-07	-3.31424e-08	2.167e-11	3.29728e-08	3.23e-07	-3.2314e-07	-7.2185e-09	3.15e-12	7.3428e-09	3.2268e-07	-3.2298e-07
0.96	-1.7072e-07	2.302e-11	1.6992e-07	3.2358e-07	-3.2318e-07	-1.6242e-07	5.23e-11	1.619e-07	3.2344e-07	-3.235e-07	-1.5126e-07	1.909e-11	1.5112e-07	3.2388e-07	-3.2254e-07	-1.4102e-07	1.84e-11	1.4008e-07	3.2328e-07	-3.2326e-07	-1.2756e-07	1.029e-11	1.2762e-07	3.2322e-07	-3.2314e-07	-1.148624e-07	3.554e-11	1.14441e-07	3.2314e-07	-3.233e-07	-9.96404e-08	3.121e-11	9.9444e-08	3.231e-07	-3.2292e-07	-8.31436e-08	1.482e-11	8.2893e-08	3.2328e-07	-3.2316e-07	-6.11914e-08	3.508e-11	6.08566e-08	3.2288e-07	-3.2332e-07	-3.60662e-08	3.095e-11	3.64388e-08	3.2274e-07	-3.2308e-07	-8.0753e-09	-7.07e-12	8.0535e-09	3.2278e-07	-3.227e-07
0.955	-1.8796e-07	3.251e-11	1.8686e-07	3.2354e-07	-3.2354e-07	-1.7832e-07	5.36e-11	1.7836e-07	3.2364e-07	-3.2336e-07	-1.6736e-07	6.97e-12	1.6696e-07	3.2384e-07	-3.2272e-07	-1.5458e-07	3.113e-11	1.5426e-07	3.2334e-07	-3.2352e-07	-1.4064e-07	2.415e-11	1.4072e-07	3.2322e-07	-3.2336e-07	-1.265e-07	3.185e-11	1.2624e-07	3.2312e-07	-3.235e-07	-1.101842e-07	-9.51e-12	1.097562e-07	3.2352e-07	-3.2262e-07	-9.1201e-08	4.038e-11	9.08944e-08	3.2286e-07	-3.2312e-07	-6.73236e-08	1.48e-11	6.73462e-08	3.2308e-07	-3.2268e-07	-4.01962e-08	-7.32e-12	4.01808e-08	3.2322e-07	-3.2238e-07	-9.2416e-09	-6.61e-12	9.1192e-09	3.2286e-07	-3.2262e-07
0.95	-2.071e-07	3.219e-11	2.0622e-07	3.235e-07	-3.2356e-07	-1.9756e-07	4.68e-11	1.9708e-07	3.2384e-07	-3.2328e-07	-1.847e-07	2.42e-12	1.84e-07	3.2358e-07	-3.2278e-07	-1.7032e-07	3.552e-11	1.7042e-07	3.2338e-07	-3.2344e-07	-1.5564e-07	3.071e-11	1.5482e-07	3.2324e-07	-3.235e-07	-1.3972e-07	3.869e-11	1.3892e-07	3.2314e-07	-3.2334e-07	-1.2196e-07	3.303e-11	1.2164e-07	3.2342e-07	-3.2288e-07	-1.011348e-07	-5.56e-12	1.007934e-07	3.233e-07	-3.2256e-07	-7.49388e-08	-3.19e-12	7.48398e-08	3.233e-07	-3.228e-07	-4.46856e-08	2.302e-11	4.46344e-08	3.23e-07	-3.2332e-07	-1.02179e-08	-1.143e-11	1.02018e-08	3.2294e-07	-3.2252e-07
0.945	-2.2884e-07	4.859e-11	2.2764e-07	3.237e-07	-3.2346e-07	-2.1812e-07	4.219e-11	2.1736e-07	3.2388e-07	-3.2286e-07	-2.0328e-07	4.71e-12	2.0228e-07	3.2352e-07	-3.2306e-07	-1.8838e-07	4.378e-11	1.8798e-07	3.2352e-07	-3.2344e-07	-1.7102e-07	4.227e-11	1.7228e-07	3.234e-07	-3.2344e-07	-1.5478e-07	3.886e-11	1.5436e-07	3.2334e-07	-3.233e-07	-1.3418e-07	1.882e-11	1.3478e-07	3.2354e-07	-3.2252e-07	-1.119578e-07	1.745e-11	1.11766e-07	3.2322e-07	-3.2322e-07	-8.2658e-08	3.554e-11	8.2616e-08	3.2286e-07	-3.2348e-07	-4.88798e-08	2.38e-11	4.91454e-08	3.2284e-07	-3.2306e-07	-1.14829e-08	-1.723e-11	1.13353e-08	3.2292e-07	-3.2238e-07
0.94	-2.519e-07	5.278e-11	2.5086e-07	3.2396e-07	-3.2328e-07	-2.4108e-07	2.728e-11	2.4086e-07	3.24e-07	-3.228e-07	-2.2478e-07	7.38e-12	2.2402e-07	3.2346e-07	-3.2322e-07	-2.0754e-07	3.799e-11	2.077e-07	3.2364e-07	-3.2328e-07	-1.9048e-07	3.917e-11	1.905e-07	3.2346e-07	-3.2322e-07	-1.7078e-07	3.05e-11	1.7134e-07	3.2344e-07	-3.23e-07	-1.4906e-07	6.18e-12	1.4832e-07	3.2346e-07	-3.224e-07	-1.2286e-07	3.319e-11	1.2304e-07	3.2292e-07	-3.234e-07	-9.14624e-08	1.3e-12	9.0965e-08	3.2312e-07	-3.2262e-07	-5.46002e-08	-1.217e-11	5.45318e-08	3.2318e-07	-3.2244e-07	-1.3113e-08	-1.195e-11	1.27996e-08	3.2262e-07	-3.233e-07
0.935	-2.7724e-07	4.156e-11	2.7726e-07	3.2394e-07	-3.2292e-07	-2.6548e-07	1.317e-11	2.6432e-07	3.2388e-07	-3.2254e-07	-2.4762e-07	2.287e-11	2.4758e-07	3.2342e-07	-3.2354e-07	-2.2948e-07	3.442e-11	2.2898e-07	3.2374e-07	-3.2296e-07	-2.1066e-07	3.323e-11	2.1068e-07	3.2362e-07	-3.2286e-07	-1.885e-07	2.842e-11	1.884e-07	3.2354e-07	-3.228e-07	-1.646e-07	-4.64e-12	1.6484e-07	3.2334e-07	-3.2244e-07	-1.3766e-07	3.745e-11	1.3674e-07	3.2312e-07	-3.233e-07	-1.021982e-07	-2.51e-12	1.013002e-07	3.233e-07	-3.2282e-07	-6.0787e-08	2.26e-11	6.04302e-08	3.2292e-07	-3.233e-07	-1.39492e-08	8.23e-12	1.40752e-08	3.228e-07	-3.2258e-07
0.93	-3.0736e-07	3.293e-11	3.0622e-07	3.2408e-07	-3.2274e-07	-2.941e-07	-2.99e-12	2.9342e-07	3.2388e-07	-3.2272e-07	-2.7446e-07	2.904e-11	2.7292e-07	3.2344e-07	-3.2354e-07	-2.5438e-07	2.575e-11	2.5324e-07	3.2388e-07	-3.2272e-07	-2.332e-07	2.397e-11	2.3148e-07	3.237e-07	-3.2276e-07	-2.103e-07	1.428e-11	2.0952e-07	3.2352e-07	-3.226e-07	-1.8288e-07	-1.278e-11	1.8152e-07	3.2326e-07	-3.2254e-07	-1.5292e-07	2.894e-11	1.5238e-07	3.2328e-07	-3.2308e-07	-1.130486e-07	3.525e-11	1.128188e-07	3.2282e-07	-3.2344e-07	-6.72512e-08	1.685e-11	6.72924e-08	3.2288e-07	-3.2296e-07	-1.67198e-08	-1.146e-11	1.61564e-08	3.2308e-07	-3.2268e-07
0.925	-3.4054e-07	1.859e-11	3.4006e-07	3.2406e-07	-3.226e-07	-3.254e-07	-1.66e-12	3.2456e-07	3.2366e-07	-3.2298e-07	-3.033e-07	3.91e-11	3.0332e-07	3.2354e-07	-3.235e-07	-2.8164e-07	9.59e-12	2.82e-07	3.2376e-07	-3.2248e-07	-2.5826e-07	6.32e-12	2.586e-07	3.2372e-07	-3.2246e-07	-2.3226e-07	-6.3e-13	2.3206e-07	3.2352e-07	-3.225e-07	-2.0218e-07	-9.03e-12	2.02e-07	3.231e-07	-3.2274e-07	-1.6994e-07	2.196e-11	1.695e-07	3.2342e-07	-3.2278e-07	-1.2472e-07	-8.31e-12	1.251e-07	3.2298e-07	-3.231e-07	-7.52226e-08	-1.752e-11	7.4604e-08	3.2322e-07	-3.2256e-07	-1.77162e-08	2.532e-11	1.74202e-08	3.2264e-07	-3.2338e-07
0.92	-3.761e-07	3.03e-12	3.7704e-07	3.2396e-07	-3.2266e-07	-3.6004e-07	6.9e-12	3.607e-07	3.2334e-07	-3.2326e-07	-3.361e-07	3.727e-11	3.3692e-07	3.2376e-07	-3.2338e-07	-3.1308e-07	-6.46e-12	3.1176e-07	3.2374e-07	-3.2264e-07	-2.8628e-07	-7.52e-12	2.8586e-07	3.2354e-07	-3.226e-07	-2.5684e-07	-1.218e-11	2.572e-07	3.2346e-07	-3.2262e-07	-2.2356e-07	-6.15e-12	2.2314e-07	3.2296e-07	-3.2302e-07	-1.8912e-07	6.59e-12	1.8872e-07	3.234e-07	-3.2256e-07	-1.3962e-07	8.78e-12	1.3892e-07	3.2284e-07	-3.2322e-07	-8.4183e-08	1.989e-11	8.41138e-08	3.228e-07	-3.234e-07	-1.9246e-08	-2.78e-12	1.96182e-08	3.2284e-07	-3.225e-07
0.915	-4.1756e-07	-1.08e-11	4.1494e-07	3.2388e-07	-3.227e-07	-3.9852e-07	2.601e-11	4.0006e-07	3.2348e-07	-3.235e-07	-3.715e-07	3.171e-11	3.724e-07	3.2384e-07	-3.2306e-07	-3.4708e-07	-1.603e-11	3.4628e-07	3.2358e-07	-3.2268e-07	-3.1646e-07	-1.733e-11	3.1774e-07	3.2354e-07	-3.2274e-07	-2.8538e-07	-1.558e-11	2.8516e-07	3.2326e-07	-3.2268e-07	-2.4928e-07	8.52e-12	2.4916e-07	3.2302e-07	-3.2332e-07	-2.0878e-07	-2.74e-12	2.0876e-07	3.2332e-07	-3.2244e-07	-1.5556e-07	2.127e-11	1.5468e-07	3.229e-07	-3.234e-07	-9.3303e-08	1e-11	9.38246e-08	3.2288e-07	-3.2278e-07	-2.25894e-08	-1.238e-11	2.21728e-08	3.2304e-07	-3.2272e-07
0.91	-4.6572e-07	-1.039e-11	4.6584e-07	3.237e-07	-3.2296e-07	-4.4492e-07	3.572e-11	4.4326e-07	3.2352e-07	-3.2336e-07	-4.1482e-07	2.222e-11	4.1388e-07	3.239e-07	-3.2274e-07	-3.844e-07	-1.242e-11	3.832e-07	3.2348e-07	-3.2302e-07	-3.5468e-07	-1.302e-11	3.5302e-07	3.2346e-07	-3.229e-07	-3.1736e-07	-1.521e-11	3.165e-07	3.2322e-07	-3.2302e-07	-2.774e-07	1.648e-11	2.773e-07	3.23e-07	-3.2338e-07	-2.3408e-07	-1.494e-11	2.3236e-07	3.233e-07	-3.225e-07	-1.7298e-07	2.956e-11	1.7342e-07	3.2298e-07	-3.2334e-07	-1.048814e-07	-1.797e-11	1.049412e-07	3.2328e-07	-3.2256e-07	-2.3971e-08	2.794e-11	2.51652e-08	3.2264e-07	-3.2332e-07
0.905	-5.15e-07	-7.97e-12	5.1558e-07	3.2372e-07	-3.2322e-07	-4.9346e-07	3.451e-11	4.9316e-07	3.2376e-07	-3.233e-07	-4.6106e-07	3.7e-12	4.5952e-07	3.2382e-07	-3.225e-07	-4.259e-07	-6.08e-12	4.2538e-07	3.2346e-07	-3.2326e-07	-3.9208e-07	-7.32e-12	3.9156e-07	3.2328e-07	-3.2314e-07	-3.5414e-07	-1.32e-12	3.5376e-07	3.2308e-07	-3.232e-07	-3.0726e-07	2.765e-11	3.0856e-07	3.2306e-07	-3.2334e-07	-2.5968e-07	-1.713e-11	2.5866e-07	3.2316e-07	-3.2272e-07	-1.9384e-07	2.354e-11	1.9412e-07	3.2324e-07	-3.2326e-07	-1.1706e-07	2.628e-11	1.1816e-07	3.229e-07	-3.2326e-07	-2.71054e-08	-1.163e-11	2.76432e-08	3.2294e-07	-3.2252e-07
0.9	-5.7592e-07	6.65e-12	5.7566e-07	3.2352e-07	-3.2352e-07	-5.5134e-07	2.803e-11	5.4984e-07	3.2382e-07	-3.2296e-07	-5.1288e-07	-7.62e-12	5.1196e-07	3.2382e-07	-3.2262e-07	-4.7402e-07	1.116e-11	4.7492e-07	3.2346e-07	-3.2346e-07	-4.3934e-07	9.65e-12	4.3832e-07	3.232e-07	-3.2342e-07	-3.933e-07	1.396e-11	3.9204e-07	3.2308e-07	-3.2344e-07	-3.435e-07	2.599e-11	3.4534e-07	3.2324e-07	-3.2318e-07	-2.8906e-07	-1.412e-11	2.8964e-07	3.23e-07	-3.229e-07	-2.156e-07	1.66e-11	2.1634e-07	3.2318e-07	-3.2278e-07	-1.3148e-07	2.459e-11	1.3248e-07	3.2308e-07	-3.2326e-07	-3.1321e-08	-8.56e-12	3.10988e-08	3.2304e-07	-3.2286e-07
0.895	-6.3984e-07	2.364e-11	6.3996e-07	3.237e-07	-3.237e-07	-6.113e-07	1.982e-11	6.137e-07	3.2394e-07	-3.2274e-07	-5.6974e-07	-1.943e-11	5.6978e-07	3.2358e-07	-3.2268e-07	-5.2854e-07	2.218e-11	5.2748e-07	3.2342e-07	-3.2356e-07	-4.8618e-07	1.752e-11	4.8638e-07	3.2328e-07	-3.2352e-07	-4.3726e-07	2.187e-11	4.3868e-07	3.2314e-07	-3.2344e-07	-3.8384e-07	1.928e-11	3.8442e-07	3.2336e-07	-3.228e-07	-3.2434e-07	-9.21e-12	3.2182e-07	3.2282e-07	-3.2312e-07	-2.4206e-07	8.32e-12	2.4124e-07	3.2336e-07	-3.2266e-07	-1.4706e-07	1.91e-11	1.49e-07	3.2322e-07	-3.2286e-07	-3.53052e-08	2.723e-11	3.47106e-08	3.2268e-07	-3.233e-07
0.89	-7.139e-07	3.198e-11	7.1354e-07	3.2372e-07	-3.2358e-07	-6.83e-07	5.04e-12	6.82e-07	3.2392e-07	-3.2264e-07	-6.3732e-07	-1.663e-11	6.3644e-07	3.2354e-07	-3.2278e-07	-5.879e-07	2.905e-11	5.8858e-07	3.235e-07	-3.2348e-07	-5.433e-07	2.385e-11	5.4432e-07	3.233e-07	-3.2344e-07	-4.8898e-07	2.936e-11	4.9018e-07	3.2324e-07	-3.2342e-07	-4.287e-07	1.639e-11	4.2928e-07	3.235e-07	-3.2264e-07	-3.6186e-07	5.24e-12	3.6196e-07	3.2292e-07	-3.2332e-07	-2.6996e-07	-3.04e-12	2.6948e-07	3.2322e-07	-3.2242e-07	-1.6828e-07	9.54e-12	1.6724e-07	3.2332e-07	-3.2268e-07	-3.83474e-08	-1.944e-11	3.89266e-08	3.2304e-07	-3.225e-07
0.885	-7.9562e-07	2.848e-11	7.9606e-07	3.239e-07	-3.2358e-07	-7.6504e-07	-8.71e-12	7.6084e-07	3.2378e-07	-3.2262e-07	-7.077e-07	-8.09e-12	7.0894e-07	3.2338e-07	-3.2312e-07	-6.5662e-07	2.445e-11	6.5644e-07	3.2372e-07	-3.2346e-07	-6.0908e-07	2.492e-11	6.0604e-07	3.235e-07	-3.2338e-07	-5.4802e-07	2.126e-11	5.438e-07	3.2346e-07	-3.2314e-07	-4.7996e-07	-2.98e-12	4.8204e-07	3.2346e-07	-3.2242e-07	-4.0418e-07	1.167e-11	4.0466e-07	3.2292e-07	-3.2338e-07	-3.0412e-07	-1.293e-11	3.0364e-07	3.2318e-07	-3.2248e-07	-1.8644e-07	-6.88e-12	1.8662e-07	3.2318e-07	-3.2236e-07	-4.3792e-08	-7.05e-12	4.29022e-08	3.2306e-07	-3.231e-07
0.88	-8.9274e-07	1.539e-11	8.897e-07	3.2398e-07	-3.2326e-07	-8.491e-07	-1.902e-11	8.521e-07	3.237e-07	-3.2266e-07	-7.9324e-07	7.73e-12	7.9434e-07	3.2332e-07	-3.2338e-07	-7.3618e-07	1.777e-11	7.3452e-07	3.2368e-07	-3.2298e-07	-6.7976e-07	1.625e-11	6.8108e-07	3.2364e-07	-3.2306e-07	-6.0924e-07	1.427e-11	6.1366e-07	3.2352e-07	-3.2278e-07	-5.404e-07	-1.399e-11	5.4052e-07	3.2338e-07	-3.225e-07	-4.5194e-07	2.515e-11	4.5358e-07	3.2308e-07	-3.233e-07	-3.3978e-07	-2.368e-11	3.3988e-07	3.2312e-07	-3.2258e-07	-2.1198e-07	-2.01e-11	2.113e-07	3.2314e-07	-3.2244e-07	-4.83012e-08	2.358e-11	4.90482e-08	3.2252e-07	-3.2314e-07
0.875	-9.9542e-07	1.436e-11	9.9424e-07	3.2412e-07	-3.2298e-07	-9.5128e-07	-1.723e-11	9.5436e-07	3.2362e-07	-3.2284e-07	-8.8514e-07	1.669e-11	8.8554e-07	3.2348e-07	-3.236e-07	-8.2282e-07	1.206e-11	8.236e-07	3.238e-07	-3.2278e-07	-7.6042e-07	1.489e-11	7.5856e-07	3.2368e-07	-3.2282e-07	-6.8864e-07	1.48e-12	6.8578e-07	3.236e-07	-3.226e-07	-6.0618e-07	-2.753e-11	6.0354e-07	3.2332e-07	-3.226e-07	-5.0882e-07	2.136e-11	5.058e-07	3.232e-07	-3.2316e-07	-3.8214e-07	-2.256e-11	3.8202e-07	3.2292e-07	-3.2268e-07	-2.397e-07	-2.939e-11	2.4106e-07	3.23e-07	-3.2256e-07	-5.43226e-08	-2.569e-11	5.5952e-08	3.23e-07	-3.2248e-07
0.87	-1.11616e-06	8.13e-12	1.1144e-06	3.242e-07	-3.228e-07	-1.06478e-06	-1.345e-11	1.0646e-06	3.2342e-07	-3.231e-07	-9.9324e-07	2.325e-11	9.907e-07	3.2336e-07	-3.2342e-07	-9.1926e-07	-2.55e-12	9.1932e-07	3.2378e-07	-3.2254e-07	-8.5356e-07	2.8e-13	8.5174e-07	3.2372e-07	-3.2266e-07	-7.6902e-07	-6.04e-12	7.6814e-07	3.2352e-07	-3.2242e-07	-6.774e-07	-2.523e-11	6.7786e-07	3.2304e-07	-3.2266e-07	-5.6632e-07	1.567e-11	5.7042e-07	3.2332e-07	-3.2286e-07	-4.2914e-07	-2.249e-11	4.2976e-07	3.2288e-07	-3.2302e-07	-2.7042e-07	-2.4e-11	2.7026e-07	3.2282e-07	-3.2262e-07	-6.31228e-08	-2.02e-12	6.19092e-08	3.2296e-07	-3.2316e-07
0.865	-1.2502e-06	-1.659e-11	1.2507e-06	3.2408e-07	-3.2298e-07	-1.1871e-06	1.561e-11	1.1915e-06	3.2364e-07	-3.2268e-07	-1.10892e-06	2.317e-11	1.11018e-06	3.237e-07	-3.2334e-07	-1.03478e-06	-1.14e-11	1.0345e-06	3.2366e-07	-3.2266e-07	-9.5474e-07	-1.168e-11	9.5488e-07	3.2364e-07	-3.226e-07	-8.6106e-07	-1.884e-11	8.5868e-07	3.2348e-07	-3.2248e-07	-7.6084e-07	-1.841e-11	7.5938e-07	3.2304e-07	-3.2302e-07	-6.4254e-07	7.2e-12	6.3836e-07	3.2346e-07	-3.2256e-07	-4.8524e-07	-6.15e-12	4.8136e-07	3.2276e-07	-3.232e-07	-3.0736e-07	-1.803e-11	3.0644e-07	3.2282e-07	-3.2306e-07	-6.91936e-08	1.646e-11	6.81138e-08	3.2258e-07	-3.2304e-07
0.86	-1.3998e-06	5.36e-12	1.4028e-06	3.2416e-07	-3.2288e-07	-1.3329e-06	-1.807e-11	1.3342e-06	3.2358e-07	-3.2284e-07	-1.2416e-06	-4.2e-13	1.2449e-06	3.2342e-07	-3.235e-07	-1.1592e-06	-2.458e-11	1.16e-06	3.2358e-07	-3.2304e-07	-1.07126e-06	-2.455e-11	1.07126e-06	3.2366e-07	-3.2274e-07	-9.6864e-07	-2.594e-11	9.6782e-07	3.2336e-07	-3.226e-07	-8.5602e-07	-2.55e-12	8.5854e-07	3.2292e-07	-3.2328e-07	-7.1878e-07	-1.16e-11	7.2148e-07	3.2334e-07	-3.2242e-07	-5.429e-07	3.64e-12	5.4518e-07	3.2286e-07	-3.2334e-07	-3.4822e-07	-3.17e-12	3.451e-07	3.228e-07	-3.2328e-07	-7.93222e-08	-2.973e-11	8.01484e-08	3.2304e-07	-3.224e-07
0.855	-1.567e-06	-1.81e-12	1.5751e-06	3.2414e-07	-3.2282e-07	-1.4949e-06	-1.754e-11	1.4935e-06	3.2354e-07	-3.2296e-07	-1.3891e-06	2.227e-11	1.3966e-06	3.2346e-07	-3.2344e-07	-1.3022e-06	1.437e-11	1.3034e-06	3.2366e-07	-3.2284e-07	-1.2e-06	-1.508e-11	1.2086e-06	3.2362e-07	-3.2252e-07	-1.08328e-06	-2.341e-11	1.08626e-06	3.2328e-07	-3.2288e-07	-9.6354e-07	9.69e-12	9.6332e-07	3.2296e-07	-3.234e-07	-8.1118e-07	-2.381e-11	8.1158e-07	3.2328e-07	-3.2244e-07	-6.1026e-07	1.544e-11	6.1036e-07	3.2282e-07	-3.2334e-07	-3.904e-07	4.57e-12	3.9138e-07	3.2274e-07	-3.234e-07	-9.09302e-08	2.43e-12	8.83598e-08	3.2288e-07	-3.2326e-07
0.85	-1.7648e-06	-9.05e-12	1.7667e-06	3.2406e-07	-3.2266e-07	-1.6766e-06	-1.78e-11	1.6787e-06	3.2344e-07	-3.2308e-07	-1.5675e-06	2.001e-11	1.5751e-06	3.2358e-07	-3.234e-07	-1.4633e-06	7.97e-12	1.4601e-06	3.237e-07	-3.2292e-07	-1.3524e-06	-2.312e-11	1.3522e-06	3.2372e-07	-3.2262e-07	-1.2226e-06	4.05e-12	1.2221e-06	3.2346e-07	-3.2258e-07	-1.08238e-06	1.646e-11	1.08372e-06	3.23e-07	-3.2328e-07	-9.0948e-07	-3.279e-11	9.1014e-07	3.2318e-07	-3.2254e-07	-6.8718e-07	2.06e-11	6.8588e-07	3.23e-07	-3.2322e-07	-4.3764e-07	1.532e-11	4.3656e-07	3.2274e-07	-3.2326e-07	-9.75958e-08	7.06e-12	9.9102e-08	3.2268e-07	-3.2302e-07
0.845	-1.9911e-06	-1.787e-11	1.9867e-06	3.2402e-07	-3.2266e-07	-1.888e-06	-1.332e-11	1.8879e-06	3.2342e-07	-3.2312e-07	-1.7595e-06	1.734e-11	1.7645e-06	3.237e-07	-3.2328e-07	-1.6451e-06	1.45e-12	1.648e-06	3.2378e-07	-3.228e-07	-1.5258e-06	-2.999e-11	1.5157e-06	3.237e-07	-3.2272e-07	-1.3761e-06	-2.837e-11	1.3727e-06	3.2326e-07	-3.2266e-07	-1.2192e-06	7.01e-12	1.2246e-06	3.2292e-07	-3.2336e-07	-1.03032e-06	-2.719e-11	1.02962e-06	3.231e-07	-3.2282e-07	-7.7552e-07	1.196e-11	7.782e-07	3.2316e-07	-3.2286e-07	-4.953e-07	1.228e-11	4.9548e-07	3.2298e-07	-3.2318e-07	-1.09692e-07	-3.26e-11	1.081976e-07	3.2308e-07	-3.2236e-07
0.84	-2.2286e-06	-2.316e-11	2.2453e-06	3.2404e-07	-3.2266e-07	-2.121e-06	-3.68e-12	2.1246e-06	3.233e-07	-3.232e-07	-1.9898e-06	1.47e-11	1.989e-06	3.2374e-07	-3.2312e-07	-1.85e-06	-3.13e-12	1.8489e-06	3.2384e-07	-3.2268e-07	-1.7186e-06	-3.101e-11	1.7233e-06	3.236e-07	-3.2266e-07	-1.5525e-06	-3.056e-11	1.5535e-06	3.233e-07	-3.2276e-07	-1.3777e-06	8.12e-12	1.3805e-06	3.2296e-07	-3.2332e-07	-1.155e-06	-2.727e-11	1.1619e-06	3.2336e-07	-3.2262e-07	-8.7918e-07	4.76e-12	8.734e-07	3.2328e-07	-3.2262e-07	-5.5724e-07	6.22e-12	5.6218e-07	3.231e-07	-3.228e-07	-1.1876e-07	1.129e-11	1.2708e-07	3.2294e-07	-3.2318e-07
0.835	-2.5095e-06	-2.821e-11	2.5186e-06	3.2388e-07	-3.2268e-07	-2.3826e-06	2.85e-12	2.3845e-06	3.2342e-07	-3.2334e-07	-2.229e-06	1.118e-11	2.2358e-06	3.2372e-07	-3.2292e-07	-2.0879e-06	-8.81e-12	2.0783e-06	3.2376e-07	-3.2262e-07	-1.9261e-06	-2.837e-11	1.9326e-06	3.2352e-07	-3.2276e-07	-1.748e-06	-2.626e-11	1.7497e-06	3.232e-07	-3.2292e-07	-1.5456e-06	8.82e-12	1.5573e-06	3.2298e-07	-3.2334e-07	-1.3068e-06	-1.5e-11	1.3104e-06	3.2334e-07	-3.2244e-07	-9.9352e-07	-1.404e-11	9.9244e-07	3.2322e-07	-3.2238e-07	-6.3444e-07	3.69e-12	6.2986e-07	3.232e-07	-3.2266e-07	-1.3492e-07	3.4e-12	1.3816e-07	3.23e-07	-3.227e-07
0.83	-2.837e-06	-2.756e-11	2.8329e-06	3.2392e-07	-3.227e-07	-2.6873e-06	6.21e-12	2.6956e-06	3.2336e-07	-3.234e-07	-2.5216e-06	4.98e-12	2.5168e-06	3.238e-07	-3.2282e-07	-2.3492e-06	-1.454e-11	2.3512e-06	3.238e-07	-3.225e-07	-2.182e-06	-2.632e-11	2.181e-06	3.2348e-07	-3.228e-07	-1.973e-06	-2.239e-11	1.974e-06	3.2316e-07	-3.2304e-07	-1.7468e-06	1.537e-11	1.7519e-06	3.2306e-07	-3.2326e-07	-1.4767e-06	-2.144e-11	1.4725e-06	3.2334e-07	-3.2242e-07	-1.12362e-06	-2.539e-11	1.12246e-06	3.2318e-07	-3.2248e-07	-7.1636e-07	-1.232e-11	7.204e-07	3.232e-07	-3.2242e-07	-1.538e-07	-4.83e-12	1.5694e-07	3.2316e-07	-3.2264e-07
0.825	-3.1873e-06	-2.787e-11	3.1955e-06	3.2378e-07	-3.229e-07	-3.0191e-06	1.274e-11	3.031e-06	3.2342e-07	-3.2338e-07	-2.8394e-06	-2e-12	2.84e-06	3.2394e-07	-3.2278e-07	-2.6508e-06	-2.457e-11	2.6517e-06	3.237e-07	-3.226e-07	-2.4522e-06	-3.043e-11	2.4515e-06	3.2342e-07	-3.2286e-07	-2.2244e-06	-1.64e-11	2.2235e-06	3.2312e-07	-3.231e-07	-1.9703e-06	1.511e-11	1.9757e-06	3.2318e-07	-3.2328e-07	-1.6635e-06	-3.195e-11	1.6691e-06	3.2334e-07	-3.2248e-07	-1.2642e-06	-3.041e-11	1.263e-06	3.2328e-07	-3.2258e-07	-8.0664e-07	-2.404e-11	8.1716e-07	3.2318e-07	-3.2242e-07	-1.8102e-07	-1.984e-11	1.7238e-07	3.2306e-07	-3.2234e-07
0.82	-3.6074e-06	-3.194e-11	3.5995e-06	3.237e-07	-3.2296e-07	-3.4093e-06	1.529e-11	3.4153e-06	3.2344e-07	-3.2334e-07	-3.2047e-06	-8.88e-12	3.2056e-06	3.2394e-07	-3.2266e-07	-2.9862e-06	-2.913e-11	2.9894e-06	3.2376e-07	-3.2266e-07	-2.7684e-06	-3.151e-11	2.7671e-06	3.2336e-07	-3.2304e-07	-2.5119e-06	-1.187e-11	2.5075e-06	3.23e-07	-3.2318e-07	-2.2356e-06	1.27e-11	2.2402e-06	3.2316e-07	-3.232e-07	-1.8858e-06	-3.55e-11	1.8742e-06	3.2328e-07	-3.2252e-07	-1.4254e-06	-2.093e-11	1.428e-06	3.2326e-07	-3.2244e-07	-9.1512e-07	-3.859e-11	9.1908e-07	3.2312e-07	-3.226e-07	-1.962e-07	-3.095e-11	1.9634e-07	3.23e-07	-3.2246e-07
0.815	-4.053e-06	-3.412e-11	4.0541e-06	3.237e-07	-3.231e-07	-3.8576e-06	1.018e-11	3.8603e-06	3.2364e-07	-3.2322e-07	-3.6137e-06	-1.277e-11	3.6168e-06	3.2386e-07	-3.2258e-07	-3.3827e-06	-3.046e-11	3.3753e-06	3.2376e-07	-3.2266e-07	-3.1237e-06	-2.517e-11	3.1372e-06	3.2334e-07	-3.2322e-07	-2.8325e-06	-9.82e-12	2.8344e-06	3.2304e-07	-3.2332e-07	-2.5202e-06	5.77e-12	2.522e-06	3.2332e-07	-3.2314e-07	-2.1154e-06	-3.703e-11	2.1314e-06	3.2322e-07	-3.226e-07	-1.6184e-06	-2.489e-11	1.6042e-06	3.232e-07	-3.2234e-07	-1.04254e-06	-3.829e-11	1.03544e-06	3.2286e-07	-3.226e-07	-2.2262e-07	-3.796e-11	2.2782e-07	3.2292e-07	-3.2252e-07
0.81	-4.5645e-06	-2.582e-11	4.5958e-06	3.2364e-07	-3.2328e-07	-4.3385e-06	6.42e-12	4.3585e-06	3.2378e-07	-3.2296e-07	-4.0737e-06	-1.952e-11	4.0909e-06	3.2376e-07	-3.2246e-07	-3.8167e-06	-3.45e-11	3.8272e-06	3.2368e-07	-3.2278e-07	-3.5337e-06	-1.485e-11	3.5293e-06	3.2318e-07	-3.2328e-07	-3.2046e-06	-2.34e-12	3.2015e-06	3.2308e-07	-3.2344e-07	-2.8478e-06	-1.44e-12	2.8581e-06	3.2338e-07	-3.2292e-07	-2.4028e-06	-3.514e-11	2.4088e-06	3.2312e-07	-3.2266e-07	-1.8215e-06	-2.947e-11	1.8223e-06	3.2318e-07	-3.2248e-07	-1.1756e-06	-3.694e-11	1.1653e-06	3.2314e-07	-3.2272e-07	-2.4486e-07	-3.694e-11	2.5428e-07	3.2272e-07	-3.2266e-07
0.805	-5.1539e-06	-1.519e-11	5.1711e-06	3.2364e-07	-3.232e-07	-4.9177e-06	7.27e-12	4.9104e-06	3.2378e-07	-3.228e-07	-4.6155e-06	-3.013e-11	4.6132e-06	3.2372e-07	-3.2262e-07	-4.3052e-06	-3.483e-11	4.3078e-06	3.2352e-07	-3.228e-07	-3.9977e-06	-8.94e-12	3.9783e-06	3.231e-07	-3.2334e-07	-3.6283e-06	3.83e-12	3.6195e-06	3.2308e-07	-3.2346e-07	-3.2225e-06	5.7e-13	3.213e-06	3.234e-07	-3.2276e-07	-2.7187e-06	-3.614e-11	2.7182e-06	3.2306e-07	-3.2268e-07	-2.0637e-06	-3.625e-11	2.0681e-06	3.2318e-07	-3.2248e-07	-1.3286e-06	-1.381e-11	1.3238e-06	3.2328e-07	-3.226e-07	-2.7222e-07	-3.475e-11	2.8014e-07	3.2268e-07	-3.2304e-07
0.8	-5.8406e-06	-6.19e-12	5.8428e-06	3.2354e-07	-3.2328e-07	-5.5645e-06	1.47e-12	5.5237e-06	3.2384e-07	-3.228e-07	-5.2013e-06	-3.664e-11	5.1995e-06	3.2374e-07	-3.2266e-07	-4.8591e-06	-3.768e-11	4.8588e-06	3.2354e-07	-3.2286e-07	-4.5055e-06	-6.52e-12	4.5278e-06	3.2318e-07	-3.2338e-07	-4.0859e-06	4.91e-12	4.0852e-06	3.231e-07	-3.2346e-07	-3.6393e-06	-6.46e-12	3.637e-06	3.2346e-07	-3.2276e-07	-3.0647e-06	-3.76e-11	3.0836e-06	3.23e-07	-3.2282e-07	-2.3318e-06	-4.456e-11	2.3352e-06	3.2318e-07	-3.2258e-07	-1.4762e-06	-1.868e-11	1.4861e-06	3.232e-07	-3.2256e-07	-3.0336e-07	-1.98e-11	3.1082e-07	3.226e-07	-3.2322e-07
0.795	-6.5912e-06	-4.51e-12	6.594e-06	3.2358e-07	-3.2336e-07	-6.2687e-06	-1e-11	6.2456e-06	3.2388e-07	-3.2278e-07	-5.8897e-06	-3.787e-11	5.874e-06	3.237e-07	-3.227e-07	-5.4997e-06	-3.605e-11	5.4925e-06	3.235e-07	-3.2306e-07	-5.0837e-06	-6.14e-12	5.1036e-06	3.2322e-07	-3.2358e-07	-4.6123e-06	6.6e-12	4.6249e-06	3.2312e-07	-3.234e-07	-4.104e-06	-1.483e-11	4.1066e-06	3.235e-07	-3.2256e-07	-3.4789e-06	-3.614e-11	3.4662e-06	3.23e-07	-3.23e-07	-2.6354e-06	-4.284e-11	2.6342e-06	3.2304e-07	-3.2252e-07	-1.6855e-06	-2.614e-11	1.6765e-06	3.2312e-07	-3.2232e-07	-3.4764e-07	-1.053e-11	3.4718e-07	3.2264e-07	-3.234e-07
0.79	-7.4318e-06	-3.18e-12	7.4267e-06	3.2354e-07	-3.2356e-07	-7.045e-06	-1.742e-11	7.054e-06	3.2388e-07	-3.226e-07	-6.6242e-06	-3.828e-11	6.6464e-06	3.2364e-07	-3.2272e-07	-6.1699e-06	-3.053e-11	6.1948e-06	3.234e-07	-3.2314e-07	-5.736e-06	-7.4e-13	5.7467e-06	3.2322e-07	-3.234e-07	-5.2237e-06	4.9e-12	5.2139e-06	3.233e-07	-3.2338e-07	-4.6223e-06	-2.35e-11	4.6358e-06	3.2346e-07	-3.226e-07	-3.9316e-06	-2.953e-11	3.8939e-06	3.2294e-07	-3.2302e-07	-2.9679e-06	-4.249e-11	2.9829e-06	3.2302e-07	-3.2272e-07	-1.9064e-06	-3.453e-11	1.8878e-06	3.2316e-07	-3.224e-07	-3.9638e-07	-2.88e-12	3.9608e-07	3.2272e-07	-3.2326e-07
0.785	-8.3811e-06	-1.52e-12	8.3944e-06	3.2364e-07	-3.2358e-07	-7.975e-06	-2.103e-11	7.9918e-06	3.2384e-07	-3.2252e-07	-7.5127e-06	-3.608e-11	7.5136e-06	3.2354e-07	-3.2284e-07	-7.011e-06	-2.641e-11	6.9891e-06	3.233e-07	-3.231e-07	-6.4984e-06	6.71e-12	6.4966e-06	3.2316e-07	-3.2338e-07	-5.8926e-06	4.47e-12	5.8911e-06	3.2336e-07	-3.2332e-07	-5.2494e-06	-3.237e-11	5.239e-06	3.2342e-07	-3.2234e-07	-4.4217e-06	-2.218e-11	4.4312e-06	3.2282e-07	-3.2308e-07	-3.3371e-06	-4.03e-11	3.3727e-06	3.2294e-07	-3.2268e-07	-2.1369e-06	-4.329e-11	2.1279e-06	3.2312e-07	-3.2244e-07	-4.4622e-07	-8.9e-13	4.4678e-07	3.229e-07	-3.232e-07
0.78	-9.4444e-06	5.64e-12	9.4512e-06	3.236e-07	-3.2354e-07	-9.0288e-06	-2.518e-11	9.0116e-06	3.24e-07	-3.2274e-07	-8.4774e-06	-3.967e-11	8.4699e-06	3.235e-07	-3.2288e-07	-7.9259e-06	-2.141e-11	7.9028e-06	3.2322e-07	-3.2328e-07	-7.3426e-06	6.33e-12	7.3297e-06	3.2328e-07	-3.2338e-07	-6.6568e-06	9.4e-13	6.6393e-06	3.234e-07	-3.2322e-07	-5.9141e-06	-3.361e-11	5.9137e-06	3.2338e-07	-3.2242e-07	-5.0059e-06	-1.753e-11	5.0012e-06	3.229e-07	-3.2326e-07	-3.777e-06	-4.01e-11	3.7767e-06	3.2294e-07	-3.2296e-07	-2.4037e-06	-4.886e-11	2.4167e-06	3.2306e-07	-3.2244e-07	-4.877e-07	-6.34e-12	4.9728e-07	3.2292e-07	-3.229e-07
0.775	-1.06876e-05	7.87e-12	1.06629e-05	3.2366e-07	-3.2346e-07	-1.01784e-05	-2.64e-11	1.01861e-05	3.2384e-07	-3.2258e-07	-9.593e-06	-4.006e-11	9.6102e-06	3.235e-07	-3.2308e-07	-8.9618e-06	-1.744e-11	8.9608e-06	3.2322e-07	-3.2332e-07	-8.3219e-06	1.14e-12	8.2732e-06	3.2332e-07	-3.2342e-07	-7.5287e-06	-3.87e-12	7.5278e-06	3.234e-07	-3.2304e-07	-6.6958e-06	-4.031e-11	6.6927e-06	3.2346e-07	-3.2258e-07	-5.667e-06	-1.734e-11	5.6499e-06	3.229e-07	-3.2328e-07	-4.2861e-06	-4.211e-11	4.2822e-06	3.228e-07	-3.2292e-07	-2.7277e-06	-4.978e-11	2.7582e-06	3.2306e-07	-3.2252e-07	-5.5104e-07	-1.41e-11	5.4704e-07	3.2316e-07	-3.2274e-07
0.77	-1.2076e-05	-4.8e-12	1.2072e-05	3.236e-07	-3.236e-07	-1.14693e-05	-3.43e-11	1.15006e-05	3.2382e-07	-3.2238e-07	-1.08127e-05	-3.474e-11	1.08059e-05	3.2336e-07	-3.231e-07	-1.01046e-05	-1.363e-11	1.01317e-05	3.233e-07	-3.2338e-07	-9.3924e-06	-3.91e-12	9.3554e-06	3.2342e-07	-3.2332e-07	-8.5022e-06	-9.32e-12	8.4925e-06	3.2346e-07	-3.2284e-07	-7.5555e-06	-4.688e-11	7.5701e-06	3.234e-07	-3.2264e-07	-6.3612e-06	-1.309e-11	6.3998e-06	3.229e-07	-3.234e-07	-4.8339e-06	-3.59e-11	4.8299e-06	3.227e-07	-3.2304e-07	-3.0743e-06	-4.959e-11	3.0867e-06	3.2294e-07	-3.226e-07	-6.196e-07	-3.266e-11	6.2904e-07	3.2304e-07	-3.2242e-07
0.765	-1.3668e-05	3.82e-12	1.3658e-05	3.2364e-07	-3.2338e-07	-1.3018e-05	-2.158e-11	1.3032e-05	3.2386e-07	-3.2258e-07	-1.2238e-05	-4.482e-11	1.2234e-05	3.2354e-07	-3.229e-07	-1.14255e-05	-9.3e-12	1.14719e-05	3.233e-07	-3.2358e-07	-1.06104e-05	-6.12e-12	1.06389e-05	3.2352e-07	-3.2316e-07	-9.6048e-06	-1.561e-11	9.596e-06	3.2346e-07	-3.2276e-07	-8.5415e-06	-5.212e-11	8.5431e-06	3.2328e-07	-3.2268e-07	-7.2004e-06	-9.25e-12	7.2134e-06	3.2298e-07	-3.2336e-07	-5.4972e-06	-2.733e-11	5.5018e-06	3.2274e-07	-3.2318e-07	-3.489e-06	-5.404e-11	3.4666e-06	3.2282e-07	-3.2266e-07	-6.7528e-07	-4.603e-11	6.983e-07	3.2304e-07	-3.2242e-07
0.76	-1.545e-05	1.06e-12	1.5392e-05	3.2378e-07	-3.2346e-07	-1.469e-05	-3.518e-11	1.4642e-05	3.2376e-07	-3.2242e-07	-1.3808e-05	-4.396e-11	1.3826e-05	3.2346e-07	-3.2316e-07	-1.293e-05	-2.239e-11	1.288e-05	3.2332e-07	-3.2338e-07	-1.1944e-05	-2.27e-12	1.1924e-05	3.2332e-07	-3.2334e-07	-1.08556e-05	-2.268e-11	1.08505e-05	3.2366e-07	-3.2274e-07	-9.6381e-06	-5.371e-11	9.6561e-06	3.2322e-07	-3.2272e-07	-8.1508e-06	-4.4e-12	8.1641e-06	3.2294e-07	-3.233e-07	-6.1804e-06	-2.178e-11	6.1803e-06	3.2276e-07	-3.232e-07	-3.9301e-06	-5.457e-11	3.9218e-06	3.2282e-07	-3.2274e-07	-7.542e-07	-6.201e-11	7.4676e-07	3.23e-07	-3.2252e-07
0.755	-1.7436e-05	-1.123e-11	1.7496e-05	3.2382e-07	-3.2298e-07	-1.6598e-05	-4.659e-11	1.6576e-05	3.2372e-07	-3.2256e-07	-1.5616e-05	-2.867e-11	1.5604e-05	3.233e-07	-3.2334e-07	-1.4616e-05	-1.649e-11	1.4602e-05	3.2334e-07	-3.2364e-07	-1.3568e-05	-9.35e-12	1.3522e-05	3.2354e-07	-3.232e-07	-1.2314e-05	-1.509e-11	1.2254e-05	3.234e-07	-3.2274e-07	-1.08871e-05	-5.158e-11	1.09104e-05	3.2314e-07	-3.2272e-07	-9.2593e-06	-5.72e-12	9.2592e-06	3.2302e-07	-3.2332e-07	-6.968e-06	-2.047e-11	6.9869e-06	3.227e-07	-3.2334e-07	-4.4048e-06	-5.174e-11	4.4251e-06	3.2274e-07	-3.2294e-07	-8.5612e-07	-6.076e-11	8.0958e-07	3.2276e-07	-3.2262e-07
0.75	-1.9702e-05	-2.049e-11	1.972e-05	3.24e-07	-3.2288e-07	-1.8698e-05	-5.217e-11	1.876e-05	3.2358e-07	-3.2266e-07	-1.7612e-05	-1.628e-11	1.7662e-05	3.2328e-07	-3.2352e-07	-1.6464e-05	-5.23e-12	1.6488e-05	3.234e-07	-3.2352e-07	-1.5288e-05	-1.212e-11	1.5294e-05	3.2358e-07	-3.2284e-07	-1.3866e-05	-2.237e-11	1.3832e-05	3.2362e-07	-3.2278e-07	-1.2302e-05	-5.785e-11	1.227e-05	3.2334e-07	-3.226e-07	-1.04168e-05	-1.465e-11	1.03674e-05	3.2318e-07	-3.233e-07	-7.8573e-06	-2.053e-11	7.8439e-06	3.2286e-07	-3.2332e-07	-4.9515e-06	-4.591e-11	4.9926e-06	3.2274e-07	-3.23e-07	-9.193e-07	-5.68e-11	9.0134e-07	3.227e-07	-3.23e-07
0.745	-2.23e-05	-3.662e-11	2.2306e-05	3.24e-07	-3.2266e-07	-2.1154e-05	-4.71e-11	2.1122e-05	3.2352e-07	-3.23e-07	-1.9892e-05	-9.51e-12	1.9946e-05	3.2338e-07	-3.2346e-07	-1.8616e-05	-4.85e-12	1.8684e-05	3.2356e-07	-3.2334e-07	-1.7286e-05	-2.063e-11	1.7246e-05	3.2372e-07	-3.2266e-07	-1.5756e-05	-3.524e-11	1.5642e-05	3.2352e-07	-3.2244e-07	-1.3922e-05	-5.727e-11	1.391e-05	3.2316e-07	-3.2268e-07	-1.1718e-05	-1.909e-11	1.1746e-05	3.2296e-07	-3.2338e-07	-8.8955e-06	-1.953e-11	8.8916e-06	3.2286e-07	-3.2336e-07	-5.5886e-06	-3.899e-11	5.5948e-06	3.2268e-07	-3.2308e-07	-1.02242e-06	-4.542e-11	1.00518e-06	3.2254e-07	-3.231e-07
0.74	-2.5036e-05	-4.595e-11	2.5112e-05	3.2394e-07	-3.2266e-07	-2.3882e-05	-4.164e-11	2.3792e-05	3.2336e-07	-3.2316e-07	-2.2502e-05	-7.51e-12	2.2532e-05	3.2352e-07	-3.2332e-07	-2.1018e-05	-1.56e-11	2.0964e-05	3.2366e-07	-3.2306e-07	-1.9428e-05	-3.847e-11	1.9528e-05	3.2362e-07	-3.2244e-07	-1.77e-05	-4.694e-11	1.7722e-05	3.2356e-07	-3.2248e-07	-1.5674e-05	-5.43e-11	1.5704e-05	3.2308e-07	-3.2302e-07	-1.3244e-05	-1.682e-11	1.3272e-05	3.2298e-07	-3.2328e-07	-9.9497e-06	-1.457e-11	9.9663e-06	3.2288e-07	-3.232e-07	-6.2481e-06	-3.91e-11	6.1938e-06	3.2274e-07	-3.2326e-07	-1.10982e-06	-3.397e-11	1.1101e-06	3.2258e-07	-3.2336e-07
0.735	-2.8388e-05	-5.643e-11	2.8446e-05	3.2388e-07	-3.2276e-07	-2.6964e-05	-2.878e-11	2.6962e-05	3.2338e-07	-3.2334e-07	-2.5392e-05	-1.798e-11	2.5396e-05	3.237e-07	-3.231e-07	-2.3856e-05	-2.368e-11	2.381e-05	3.2372e-07	-3.229e-07	-2.2032e-05	-5.121e-11	2.2004e-05	3.2354e-07	-3.2252e-07	-1.9992e-05	-6.077e-11	1.993e-05	3.2346e-07	-3.226e-07	-1.772e-05	-4.022e-11	1.7706e-05	3.2288e-07	-3.2326e-07	-1.4928e-05	-2.274e-11	1.4948e-05	3.2318e-07	-3.2316e-07	-1.13121e-05	-1.446e-11	1.13197e-05	3.2294e-07	-3.2322e-07	-7.0669e-06	-3.801e-11	7.0962e-06	3.227e-07	-3.2334e-07	-1.3264e-06	-4.056e-11	1.3204e-06	3.2294e-07	-3.2242e-07
0.73	-3.2082e-05	-5.386e-11	3.2016e-05	3.2376e-07	-3.2284e-07	-3.043e-05	-2.087e-11	3.0302e-05	3.234e-07	-3.2338e-07	-2.8694e-05	-2.577e-11	2.8678e-05	3.238e-07	-3.2286e-07	-2.6832e-05	-4.216e-11	2.6874e-05	3.2378e-07	-3.2258e-07	-2.4818e-05	-6.699e-11	2.4832e-05	3.2352e-07	-3.226e-07	-2.2538e-05	-6.258e-11	2.2656e-05	3.232e-07	-3.2268e-07	-1.9954e-05	-3.004e-11	1.9954e-05	3.23e-07	-3.2346e-07	-1.6826e-05	-2.791e-11	1.678e-05	3.233e-07	-3.2284e-07	-1.273e-05	-2.541e-11	1.2704e-05	3.2276e-07	-3.2334e-07	-7.9155e-06	-3.483e-11	7.9411e-06	3.228e-07	-3.234e-07	-1.3891e-06	-7.533e-11	1.4388e-06	3.2286e-07	-3.225e-07
0.725	-3.6232e-05	-5.503e-11	3.6054e-05	3.2354e-07	-3.2316e-07	-3.4342e-05	-1.646e-11	3.428e-05	3.2354e-07	-3.2338e-07	-3.239e-05	-3.972e-11	3.2332e-05	3.2382e-07	-3.227e-07	-3.0294e-05	-5.476e-11	3.0222e-05	3.237e-07	-3.2258e-07	-2.803e-05	-6.427e-11	2.8036e-05	3.2336e-07	-3.2278e-07	-2.5424e-05	-6.328e-11	2.5532e-05	3.2318e-07	-3.2308e-07	-2.2528e-05	-2.256e-11	2.2504e-05	3.23e-07	-3.2332e-07	-1.8942e-05	-3.564e-11	1.8946e-05	3.234e-07	-3.2266e-07	-1.432e-05	-2.109e-11	1.4282e-05	3.2304e-07	-3.232e-07	-8.8161e-06	-3.484e-11	8.8731e-06	3.2272e-07	-3.2338e-07	-1.4834e-06	-7.676e-11	1.5366e-06	3.228e-07	-3.2264e-07
0.72	-4.0792e-05	-4.658e-11	4.0804e-05	3.2348e-07	-3.2336e-07	-3.8662e-05	-2.379e-11	3.8666e-05	3.2366e-07	-3.2312e-07	-3.6452e-05	-5.108e-11	3.6442e-05	3.2372e-07	-3.2248e-07	-3.4102e-05	-6.444e-11	3.4084e-05	3.236e-07	-3.2268e-07	-3.1588e-05	-6.035e-11	3.158e-05	3.2322e-07	-3.2312e-07	-2.8652e-05	-4.862e-11	2.8728e-05	3.2304e-07	-3.233e-07	-2.5388e-05	-2.598e-11	2.5408e-05	3.2316e-07	-3.2322e-07	-2.1322e-05	-5.344e-11	2.1332e-05	3.2348e-07	-3.2242e-07	-1.614e-05	-3.081e-11	1.6062e-05	3.2316e-07	-3.2312e-07	-9.9438e-06	-3.535e-11	9.9442e-06	3.228e-07	-3.2322e-07	-1.5926e-06	-7.61e-11	1.5923e-06	3.2274e-07	-3.2276e-07
0.715	-4.603e-05	-3.602e-11	4.6016e-05	3.2354e-07	-3.2364e-07	-4.3678e-05	-2.755e-11	4.363e-05	3.2382e-07	-3.2282e-07	-4.11e-05	-6.465e-11	4.1122e-05	3.2376e-07	-3.2266e-07	-3.8416e-05	-6.65e-11	3.8494e-05	3.2336e-07	-3.227e-07	-3.564e-05	-4.546e-11	3.5652e-05	3.232e-07	-3.2324e-07	-3.2402e-05	-3.975e-11	3.2346e-05	3.2304e-07	-3.234e-07	-2.8586e-05	-3.399e-11	2.8602e-05	3.2324e-07	-3.229e-07	-2.4104e-05	-6.689e-11	2.4008e-05	3.2328e-07	-3.2248e-07	-1.8054e-05	-3.987e-11	1.8162e-05	3.2326e-07	-3.2272e-07	-1.10703e-05	-3.353e-11	1.11408e-05	3.2288e-07	-3.2314e-07	-1.8073e-06	-7.842e-11	1.7982e-06	3.227e-07	-3.229e-07
0.71	-5.1818e-05	-2.963e-11	5.1816e-05	3.236e-07	-3.2356e-07	-4.9228e-05	-4.056e-11	4.913e-05	3.2392e-07	-3.226e-07	-4.6304e-05	-6.989e-11	4.633e-05	3.2354e-07	-3.2278e-07	-4.3326e-05	-6.69e-11	4.3234e-05	3.2336e-07	-3.2302e-07	-4.002e-05	-3.528e-11	4.0036e-05	3.2318e-07	-3.2346e-07	-3.644e-05	-3.033e-11	3.6412e-05	3.231e-07	-3.2332e-07	-3.2098e-05	-4.082e-11	3.2124e-05	3.2338e-07	-3.227e-07	-2.7076e-05	-8.067e-11	2.6974e-05	3.2316e-07	-3.226e-07	-2.0394e-05	-5.69e-11	2.041e-05	3.2334e-07	-3.2266e-07	-1.25e-05	-4.485e-11	1.2498e-05	3.228e-07	-3.2338e-07	-1.8296e-06	-7.464e-11	1.9125e-06	3.2274e-07	-3.2302e-07
0.705	-5.8498e-05	-2.512e-11	5.8606e-05	3.2378e-07	-3.234e-07	-5.5486e-05	-5.47e-11	5.5408e-05	3.238e-07	-3.2238e-07	-5.2348e-05	-7.049e-11	5.238e-05	3.2356e-07	-3.2314e-07	-4.8846e-05	-6.033e-11	4.8898e-05	3.2318e-07	-3.232e-07	-4.5238e-05	-3.179e-11	4.5302e-05	3.2322e-07	-3.234e-07	-4.1076e-05	-2.807e-11	4.1086e-05	3.2316e-07	-3.232e-07	-3.6278e-05	-6.02e-11	3.6254e-05	3.234e-07	-3.2248e-07	-3.038e-05	-8.462e-11	3.0336e-05	3.2312e-07	-3.2278e-07	-2.2928e-05	-7.296e-11	2.2938e-05	3.2334e-07	-3.2238e-07	-1.3948e-05	-4.009e-11	1.3964e-05	3.2288e-07	-3.232e-07	-2.003e-06	-7.507e-11	2.0161e-06	3.226e-07	-3.231e-07
0.7	-6.5842e-05	-3.354e-11	6.5946e-05	3.239e-07	-3.231e-07	-6.247e-05	-7.103e-11	6.2326e-05	3.2376e-07	-3.2256e-07	-5.8844e-05	-6.511e-11	5.8956e-05	3.2336e-07	-3.2326e-07	-5.4954e-05	-5.088e-11	5.5074e-05	3.2334e-07	-3.2348e-07	-5.0942e-05	-3.475e-11	5.089e-05	3.2336e-07	-3.2328e-07	-4.627e-05	-3.975e-11	4.6244e-05	3.2336e-07	-3.2296e-07	-4.0784e-05	-6.953e-11	4.0838e-05	3.234e-07	-3.2248e-07	-3.413e-05	-8.2e-11	3.4162e-05	3.2298e-07	-3.232e-07	-2.5722e-05	-8.803e-11	2.5742e-05	3.2326e-07	-3.2266e-07	-1.5544e-05	-5.038e-11	1.5686e-05	3.2304e-07	-3.2318e-07	-2.2592e-06	-6.947e-11	2.2564e-06	3.226e-07	-3.2318e-07
0.695	-7.4448e-05	-4.011e-11	7.4384e-05	3.2402e-07	-3.2292e-07	-7.048e-05	-8.162e-11	7.0328e-05	3.236e-07	-3.226e-07	-6.6416e-05	-5.313e-11	6.6486e-05	3.234e-07	-3.2358e-07	-6.2178e-05	-4.593e-11	6.209e-05	3.2338e-07	-3.235e-07	-5.7472e-05	-4.555e-11	5.7362e-05	3.2348e-07	-3.2298e-07	-5.218e-05	-5.033e-11	5.212e-05	3.2346e-07	-3.2274e-07	-4.5978e-05	-8.613e-11	4.5938e-05	3.2334e-07	-3.2258e-07	-3.8414e-05	-6.655e-11	3.8394e-05	3.2286e-07	-3.2326e-07	-2.8896e-05	-9.257e-11	2.8972e-05	3.2308e-07	-3.2266e-07	-1.7492e-05	-5.806e-11	1.7536e-05	3.2312e-07	-3.2278e-07	-2.4305e-06	-6.889e-11	2.2922e-06	3.2254e-07	-3.2328e-07
0.69	-8.3876e-05	-5.926e-11	8.38e-05	3.2406e-07	-3.2274e-07	-7.9322e-05	-8.222e-11	7.933e-05	3.2356e-07	-3.2284e-07	-7.4848e-05	-4.49e-11	7.4792e-05	3.2348e-07	-3.2358e-07	-6.9914e-05	-3.826e-11	6.9864e-05	3.2342e-07	-3.2344e-07	-6.4572e-05	-5.274e-11	6.4662e-05	3.2368e-07	-3.2276e-07	-5.8636e-05	-6.788e-11	5.8608e-05	3.2358e-07	-3.2264e-07	-5.1614e-05	-9.032e-11	5.1564e-05	3.2312e-07	-3.2268e-07	-4.3224e-05	-5.921e-11	4.3238e-05	3.2288e-07	-3.2338e-07	-3.2484e-05	-9.237e-11	3.247e-05	3.23e-07	-3.2292e-07	-1.9552e-05	-6.923e-11	1.9508e-05	3.2326e-07	-3.2266e-07	-2.5755e-06	-6.701e-11	2.4385e-06	3.2268e-07	-3.2338e-07
0.685	-9.468e-05	-7.576e-11	9.4534e-05	3.2398e-07	-3.2256e-07	-8.9458e-05	-7.832e-11	8.9458e-05	3.2342e-07	-3.2316e-07	-8.4404e-05	-3.743e-11	8.4388e-05	3.2358e-07	-3.234e-07	-7.8804e-05	-4.547e-11	7.8908e-05	3.2364e-07	-3.2322e-07	-7.284e-05	-6.746e-11	7.2824e-05	3.236e-07	-3.2266e-07	-6.5938e-05	-8.094e-11	6.6016e-05	3.2352e-07	-3.2246e-07	-5.814e-05	-9.481e-11	5.8148e-05	3.2302e-07	-3.2298e-07	-4.8552e-05	-5.153e-11	4.8586e-05	3.23e-07	-3.2322e-07	-3.649e-05	-8.787e-11	3.6476e-05	3.2284e-07	-3.2316e-07	-2.1956e-05	-8.68e-11	2.1916e-05	3.2322e-07	-3.224e-07	-2.7311e-06	-6.694e-11	2.7047e-06	3.226e-07	-3.2328e-07
0.68	-0.000106478	-8.998e-11	0.00010648	3.239e-07	-3.2274e-07	-0.000100782	-5.748e-11	0.000100742	3.234e-07	-3.2316e-07	-9.507e-05	-4.723e-11	9.4926e-05	3.2378e-07	-3.2322e-07	-8.8716e-05	-5.309e-11	8.8738e-05	3.2376e-07	-3.229e-07	-8.199e-05	-8.219e-11	8.1948e-05	3.2354e-07	-3.225e-07	-7.4228e-05	-9.622e-11	7.4228e-05	3.2346e-07	-3.2254e-07	-6.5496e-05	-8.364e-11	6.5448e-05	3.229e-07	-3.2318e-07	-5.4492e-05	-5.449e-11	5.4536e-05	3.2324e-07	-3.2328e-07	-4.0964e-05	-7.867e-11	4.1004e-05	3.2286e-07	-3.2338e-07	-2.451e-05	-1.0318e-10	2.4554e-05	3.2316e-07	-3.2244e-07	-2.8369e-06	-6.997e-11	2.9278e-06	3.2272e-07	-3.2332e-07
0.675	-0.00011992	-5.527e-11	0.00012008	3.24e-07	-3.2296e-07	-0.000113694	-6.196e-11	0.000113662	3.2338e-07	-3.2344e-07	-0.00010704	-5.628e-11	0.000107122	3.2392e-07	-3.229e-07	-0.000100066	-6.605e-11	9.99e-05	3.2382e-07	-3.2274e-07	-9.2348e-05	-9.519e-11	9.2396e-05	3.2354e-07	-3.226e-07	-8.3696e-05	-1.0078e-10	8.3692e-05	3.2318e-07	-3.227e-07	-7.3596e-05	-7.325e-11	7.3676e-05	3.2296e-07	-3.2348e-07	-6.1374e-05	-6.936e-11	6.1326e-05	3.2328e-07	-3.2292e-07	-4.6096e-05	-7.395e-11	4.6092e-05	3.228e-07	-3.2332e-07	-2.7432e-05	-1.1534e-10	2.7518e-05	3.2298e-07	-3.2256e-07	-3.1233e-06	-7.298e-11	3.0747e-06	3.228e-07	-3.2326e-07
0.67	-0.000135	-7.091e-11	0.00013522	3.2408e-07	-3.2268e-07	-0.0001279	-6.876e-11	0.00012796	3.2354e-07	-3.2266e-07	-0.00012022	-9.559e-11	0.00012054	3.2346e-07	-3.235e-07	-0.000112566	-8.554e-11	0.000112554	3.2378e-07	-3.2246e-07	-0.00010398	-1.0356e-10	0.000103838	3.233e-07	-3.226e-07	-9.4146e-05	-1.004e-10	9.3944e-05	3.2316e-07	-3.2296e-07	-8.2742e-05	-6.897e-11	8.2704e-05	3.2298e-07	-3.2336e-07	-6.8834e-05	-8.009e-11	6.8832e-05	3.2346e-07	-3.2268e-07	-5.165e-05	-6.954e-11	5.1664e-05	3.2302e-07	-3.2328e-07	-3.0618e-05	-1.1726e-10	3.0658e-05	3.2286e-07	-3.2268e-07	-3.3231e-06	-7.972e-11	3.3072e-06	3.2286e-07	-3.2326e-07
0.665	-0.00015216	-8.947e-11	0.00015236	3.2402e-07	-3.2262e-07	-0.00014404	-9.57e-11	0.00014436	3.2346e-07	-3.2298e-07	-0.00013558	-5.463e-11	0.00013586	3.2356e-07	-3.235e-07	-0.00012672	-8.16e-11	0.00012686	3.2362e-07	-3.2326e-07	-0.00011672	-6.519e-11	0.00011712	3.236e-07	-3.2274e-07	-0.000106014	-9.969e-11	0.000105878	3.2306e-07	-3.231e-07	-9.2996e-05	-6.289e-11	9.311e-05	3.2318e-07	-3.2326e-07	-7.748e-05	-9.81e-11	7.7312e-05	3.2334e-07	-3.2252e-07	-5.7964e-05	-8.015e-11	5.7938e-05	3.2316e-07	-3.2312e-07	-3.4358e-05	-1.2168e-10	3.4358e-05	3.2276e-07	-3.23e-07	-3.5149e-06	-8.535e-11	3.5625e-06	3.2292e-07	-3.2316e-07
0.66	-0.00017144	-1.0122e-10	0.00017162	3.24e-07	-3.2278e-07	-0.00016226	-8.14e-11	0.00016248	3.233e-07	-3.233e-07	-0.00015252	-6.533e-11	0.00015286	3.2374e-07	-3.2336e-07	-0.00014236	-7.219e-11	0.00014286	3.2376e-07	-3.2292e-07	-0.00013138	-9.368e-11	0.00013172	3.2364e-07	-3.2266e-07	-0.0001187	-7.676e-11	0.00011904	3.2344e-07	-3.225e-07	-0.00010461	-7.6e-11	0.000104642	3.2322e-07	-3.2302e-07	-8.688e-05	-1.1124e-10	8.6842e-05	3.2334e-07	-3.2248e-07	-6.507e-05	-8.528e-11	6.5092e-05	3.2328e-07	-3.2274e-07	-3.8348e-05	-1.0751e-10	3.8304e-05	3.2268e-07	-3.2312e-07	-3.8689e-06	-9.375e-11	3.7809e-06	3.2298e-07	-3.2296e-07
0.655	-0.00019332	-1.102e-10	0.00019334	3.2378e-07	-3.228e-07	-0.00018284	-7.018e-11	0.00018302	3.234e-07	-3.2334e-07	-0.00017216	-7.849e-11	0.00017242	3.239e-07	-3.2296e-07	-0.00016052	-8.577e-11	0.00016094	3.2382e-07	-3.2274e-07	-0.00014804	-1.0912e-10	0.00014838	3.2358e-07	-3.2242e-07	-0.00013374	-1.2429e-10	0.00013398	3.2336e-07	-3.2256e-07	-0.00011732	-1.2394e-10	0.00011768	3.23e-07	-3.2328e-07	-9.7608e-05	-1.2988e-10	9.7716e-05	3.2328e-07	-3.2252e-07	-7.2966e-05	-1.0238e-10	7.2998e-05	3.2334e-07	-3.2256e-07	-4.2996e-05	-1.0204e-10	4.2982e-05	3.2278e-07	-3.234e-07	-4.2123e-06	-1.0503e-10	4.1777e-06	3.23e-07	-3.229e-07
0.65	-0.00021758	-1.1107e-10	0.00021804	3.2372e-07	-3.2302e-07	-0.0002057	-6.964e-11	0.00020592	3.2364e-07	-3.232e-07	-0.0001936	-8.971e-11	0.00019378	3.2398e-07	-3.228e-07	-0.00018074	-1.0388e-10	0.00018084	3.2376e-07	-3.2254e-07	-0.00016638	-1.2513e-10	0.00016668	3.2348e-07	-3.226e-07	-0.00015034	-1.2695e-10	0.00015066	3.2324e-07	-3.2268e-07	-0.00013178	-9.547e-11	0.00013208	3.23e-07	-3.235e-07	-0.000109488	-1.2928e-10	0.000109478	3.23e-07	-3.2268e-07	-8.2054e-05	-1.2116e-10	8.2062e-05	3.2322e-07	-3.2238e-07	-4.8022e-05	-9.581e-11	4.8062e-05	3.2276e-07	-3.2332e-07	-4.4654e-06	-1.1148e-10	4.5935e-06	3.23e-07	-3.2266e-07
0.645	-0.00024468	-1.071e-10	0.00024476	3.2354e-07	-3.232e-07	-0.00023132	-8.51e-11	0.00023184	3.2378e-07	-3.2276e-07	-0.00021778	-1.0673e-10	0.00021796	3.2394e-07	-3.226e-07	-0.00020326	-1.2051e-10	0.00020342	3.2368e-07	-3.2256e-07	-0.0001872	-1.2901e-10	0.00018746	3.2334e-07	-3.2268e-07	-0.00016896	-1.3025e-10	0.00016906	3.2308e-07	-3.2302e-07	-0.00014796	-9.224e-11	0.0001482	3.231e-07	-3.233e-07	-0.00012264	-9.048e-11	0.00012284	3.2342e-07	-3.2256e-07	-9.182e-05	-1.3839e-10	9.1826e-05	3.2316e-07	-3.225e-07	-5.3722e-05	-9.97e-11	5.3732e-05	3.23e-07	-3.2312e-07	-4.9551e-06	-1.2077e-10	4.9153e-06	3.2306e-07	-3.226e-07
0.64	-0.00027576	-9.76e-11	0.00027588	3.2352e-07	-3.2344e-07	-0.0002606	-1.0975e-10	0.00026106	3.2382e-07	-3.2244e-07	-0.00024536	-1.2176e-10	0.00024546	3.2388e-07	-3.2272e-07	-0.00022858	-1.3243e-10	0.00022894	3.236e-07	-3.227e-07	-0.00021072	-1.2884e-10	0.00021094	3.2322e-07	-3.2308e-07	-0.00018998	-1.1831e-10	0.00019028	3.2304e-07	-3.2328e-07	-0.00016642	-9.975e-11	0.00016664	3.233e-07	-3.231e-07	-0.00013764	-1.2885e-10	0.00013802	3.2336e-07	-3.2238e-07	-0.000103246	-1.5367e-10	0.000103206	3.2302e-07	-3.2252e-07	-6.0312e-05	-1.1435e-10	6.032e-05	3.231e-07	-3.2274e-07	-5.1727e-06	-1.3145e-10	5.2204e-06	3.2316e-07	-3.2252e-07
0.635	-0.0003097	-9.647e-11	0.00030976	3.236e-07	-3.2344e-07	-0.0002929	-1.3469e-10	0.00029324	3.2374e-07	-3.226e-07	-0.0002757	-1.3497e-10	0.00027592	3.237e-07	-3.2278e-07	-0.0002569	-1.3344e-10	0.00025704	3.2342e-07	-3.229e-07	-0.00023654	-1.1851e-10	0.00023668	3.2312e-07	-3.2326e-07	-0.00021328	-1.1091e-10	0.00021386	3.2302e-07	-3.234e-07	-0.0001865	-1.1452e-10	0.0001869	3.2352e-07	-3.2278e-07	-0.00015432	-1.5091e-10	0.00015448	3.2328e-07	-3.226e-07	-0.00011532	-1.5498e-10	0.00011564	3.2288e-07	-3.2326e-07	-6.7238e-05	-1.2747e-10	6.7304e-05	3.232e-07	-3.2262e-07	-5.6666e-06	-1.449e-10	5.8283e-06	3.23e-07	-3.2248e-07
0.63	-0.0003484	-8.934e-11	0.00034868	3.2358e-07	-3.2344e-07	-0.00032956	-1.3831e-10	0.00032976	3.2348e-07	-3.2276e-07	-0.00031006	-1.3743e-10	0.00031046	3.2356e-07	-3.2288e-07	-0.00028862	-1.3673e-10	0.00028918	3.2336e-07	-3.2316e-07	-0.00026596	-1.1319e-10	0.00026622	3.2314e-07	-3.234e-07	-0.00023994	-1.0434e-10	0.00024008	3.2318e-07	-3.2344e-07	-0.00020954	-1.3962e-10	0.00020976	3.2344e-07	-3.2242e-07	-0.0001733	-1.5811e-10	0.0001735	3.2304e-07	-3.226e-07	-0.00012926	-1.2472e-10	0.00012958	3.2284e-07	-3.2344e-07	-7.5182e-05	-1.501e-10	7.5248e-05	3.2316e-07	-3.2238e-07	-6.2555e-06	-1.5695e-10	6.3215e-06	3.2308e-07	-3.224e-07
0.625	-0.0003912	-9.697e-11	0.00039132	3.2384e-07	-3.2334e-07	-0.00036976	-1.3155e-10	0.00036992	3.2334e-07	-3.232e-07	-0.00034802	-1.4101e-10	0.00034814	3.2346e-07	-3.2322e-07	-0.00032396	-1.2534e-10	0.00032432	3.2328e-07	-3.2338e-07	-0.0002981	-1.1289e-10	0.00029876	3.2312e-07	-3.2338e-07	-0.00026906	-1.0653e-10	0.00026916	3.233e-07	-3.2328e-07	-0.0002348	-1.5957e-10	0.0002351	3.2334e-07	-3.226e-07	-0.00019416	-1.6137e-10	0.0001943	3.229e-07	-3.2294e-07	-0.0001448	-1.2008e-10	0.00014494	3.229e-07	-3.2328e-07	-8.3966e-05	-1.6355e-10	8.3988e-05	3.2312e-07	-3.2244e-07	-6.906e-06	-1.6925e-10	7.0035e-06	3.2304e-07	-3.223e-07
0.62	-0.0004393	-1.0674e-10	0.00043984	3.2398e-07	-3.2292e-07	-0.00041536	-1.1473e-10	0.00041578	3.2338e-07	-3.235e-07	-0.00039094	-1.3254e-10	0.00039126	3.2342e-07	-3.2346e-07	-0.00036386	-1.23e-10	0.00036464	3.2336e-07	-3.2356e-07	-0.00033508	-1.1205e-10	0.00033518	3.2334e-07	-3.2338e-07	-0.00030196	-1.2169e-10	0.00030224	3.234e-07	-3.2298e-07	-0.00026362	-1.6272e-10	0.0002638	3.2316e-07	-3.2296e-07	-0.0002176	-1.573e-10	0.00021786	3.2288e-07	-3.2314e-07	-0.00016176	-1.2814e-10	0.0001623	3.2308e-07	-3.2322e-07	-9.3764e-05	-1.8117e-10	9.3936e-05	3.2298e-07	-3.2252e-07	-7.8131e-06	-1.7983e-10	7.6437e-06	3.23e-07	-3.2242e-07
0.615	-0.0004924	-1.189e-10	0.00049246	3.2406e-07	-3.228e-07	-0.00046572	-1.0692e-10	0.00046574	3.2358e-07	-3.2334e-07	-0.0004381	-1.2496e-10	0.00043822	3.2346e-07	-3.236e-07	-0.00040784	-1.1771e-10	0.00040792	3.2336e-07	-3.2342e-07	-0.00037562	-1.2421e-10	0.00037538	3.235e-07	-3.2306e-07	-0.0003379	-1.3201e-10	0.0003385	3.235e-07	-3.2278e-07	-0.00029492	-1.4623e-10	0.00029532	3.2296e-07	-3.233e-07	-0.00024334	-1.4629e-10	0.0002434	3.2282e-07	-3.2332e-07	-0.00018156	-1.4251e-10	0.0001815	3.2318e-07	-3.2288e-07	-0.00010468	-1.828e-10	0.00010467	3.2282e-07	-3.2258e-07	-8.4326e-06	-1.8995e-10	8.2845e-06	3.2304e-07	-3.2244e-07
0.61	-0.00055218	-1.4041e-10	0.00055234	3.2402e-07	-3.2256e-07	-0.00052284	-1.1972e-10	0.00052258	3.237e-07	-3.2304e-07	-0.00049112	-1.2003e-10	0.00049114	3.235e-07	-3.2352e-07	-0.00045726	-1.2052e-10	0.00045726	3.2358e-07	-3.2334e-07	-0.0004206	-1.3347e-10	0.00042056	3.2356e-07	-3.2274e-07	-0.00037868	-1.538e-10	0.00037936	3.2358e-07	-3.2262e-07	-0.00032996	-1.388e-10	0.00033052	3.23e-07	-3.2346e-07	-0.00027218	-1.4369e-10	0.00027226	3.2294e-07	-3.2336e-07	-0.00020246	-1.5685e-10	0.00020306	3.2328e-07	-3.2268e-07	-0.00011676	-1.6361e-10	0.00011722	3.23e-07	-3.2314e-07	-9.2583e-06	-1.9867e-10	9.1306e-06	3.2288e-07	-3.2246e-07
0.605	-0.00061734	-1.5788e-10	0.00061788	3.239e-07	-3.2262e-07	-0.00058446	-1.287e-10	0.00058444	3.2376e-07	-3.2274e-07	-0.00054942	-1.2389e-10	0.00054966	3.2372e-07	-3.2344e-07	-0.00051158	-1.3282e-10	0.00051212	3.236e-07	-3.2298e-07	-0.0004702	-1.5022e-10	0.00047052	3.2364e-07	-3.2266e-07	-0.00042326	-1.6771e-10	0.00042366	3.235e-07	-3.2252e-07	-0.00036866	-1.4223e-10	0.00036856	3.231e-07	-3.233e-07	-0.00030386	-1.3958e-10	0.0003041	3.23e-07	-3.2326e-07	-0.00022614	-1.7646e-10	0.00022636	3.2334e-07	-3.2244e-07	-0.00012978	-1.5793e-10	0.00013004	3.2314e-07	-3.227e-07	-9.9772e-06	-2.085e-10	1.00411e-05	3.2284e-07	-3.2248e-07
0.6	-0.00069102	-1.7631e-10	0.00069158	3.2388e-07	-3.2276e-07	-0.00065376	-1.4808e-10	0.00065384	3.2388e-07	-3.2254e-07	-0.00061476	-1.3399e-10	0.00061502	3.2372e-07	-3.2302e-07	-0.00057258	-1.4147e-10	0.00057252	3.2378e-07	-3.228e-07	-0.0005263	-1.6696e-10	0.00052636	3.2358e-07	-3.2238e-07	-0.00047324	-1.855e-10	0.00047362	3.235e-07	-3.2268e-07	-0.0004117	-1.4698e-10	0.00041192	3.2326e-07	-3.2326e-07	-0.0003389	-1.5476e-10	0.00033908	3.232e-07	-3.2298e-07	-0.00025196	-1.9291e-10	0.00025254	3.2318e-07	-3.225e-07	-0.00014458	-1.7555e-10	0.00014484	3.2324e-07	-3.226e-07	-1.11297e-05	-2.138e-10	1.12688e-05	3.2278e-07	-3.2256e-07
0.595	-0.00077122	-1.7754e-10	0.00077148	3.2372e-07	-3.2282e-07	-0.0007293	-1.6935e-10	0.00072956	3.2376e-07	-3.2242e-07	-0.00068554	-1.4888e-10	0.00068628	3.239e-07	-3.2286e-07	-0.0006384	-1.6349e-10	0.00063858	3.2368e-07	-3.2266e-07	-0.00058632	-1.8699e-10	0.00058686	3.2354e-07	-3.226e-07	-0.0005276	-1.9171e-10	0.00052762	3.2332e-07	-3.227e-07	-0.000459	-1.5882e-10	0.00045914	3.2334e-07	-3.229e-07	-0.0003778	-1.6856e-10	0.00037752	3.2324e-07	-3.2264e-07	-0.00028038	-2.0792e-10	0.00028078	3.2314e-07	-3.226e-07	-0.0001609	-1.9898e-10	0.00016056	3.2316e-07	-3.2234e-07	-1.1554e-05	-1.8342e-10	1.0982e-05	3.2256e-07	-3.2336e-07
0.59	-0.00086058	-1.7877e-10	0.00086106	3.2358e-07	-3.232e-07	-0.0008143	-1.8751e-10	0.00081406	3.237e-07	-3.226e-07	-0.00076568	-1.7407e-10	0.00076648	3.2394e-07	-3.2262e-07	-0.00071244	-1.8291e-10	0.00071278	3.2372e-07	-3.2264e-07	-0.00065386	-2e-10	0.0006544	3.234e-07	-3.2268e-07	-0.00058866	-1.9521e-10	0.0005894	3.2316e-07	-3.2302e-07	-0.00051154	-1.6957e-10	0.00051158	3.2342e-07	-3.2278e-07	-0.0004208	-1.8633e-10	0.00042078	3.2336e-07	-3.2262e-07	-0.00031186	-2.1076e-10	0.00031176	3.2298e-07	-3.2266e-07	-0.0001786	-2.1687e-10	0.00017834	3.231e-07	-3.2244e-07	-1.3676e-05	-1.8376e-10	1.3672e-05	3.2266e-07	-3.2326e-07
0.585	-0.00095764	-1.6826e-10	0.00095774	3.2352e-07	-3.234e-07	-0.00090604	-1.9279e-10	0.00090656	3.2358e-07	-3.2276e-07	-0.00085224	-1.8901e-10	0.00085212	3.238e-07	-3.2266e-07	-0.00079208	-2.0095e-10	0.0007929	3.2368e-07	-3.2268e-07	-0.0007282	-2.0201e-10	0.00072878	3.233e-07	-3.2296e-07	-0.00065398	-1.9537e-10	0.00065404	3.2306e-07	-3.2326e-07	-0.00056858	-1.8972e-10	0.0005687	3.2342e-07	-3.2256e-07	-0.0004671	-2.0599e-10	0.00046706	3.2342e-07	-3.2246e-07	-0.00034596	-2.1693e-10	0.0003464	3.2286e-07	-3.2296e-07	-0.00019754	-2.2919e-10	0.00019788	3.23e-07	-3.2256e-07	-1.4822e-05	-1.8723e-10	1.4988e-05	3.2288e-07	-3.232e-07
0.58	-0.00106584	-1.5927e-10	0.00106608	3.2356e-07	-3.2364e-07	-0.00100896	-1.9354e-10	0.00100944	3.2342e-07	-3.2316e-07	-0.00094854	-2.0566e-10	0.0009492	3.2374e-07	-3.2274e-07	-0.00088258	-2.0804e-10	0.00088266	3.2348e-07	-3.227e-07	-0.00081028	-2.0195e-10	0.00081074	3.2316e-07	-3.2316e-07	-0.00072676	-1.8351e-10	0.00072822	3.231e-07	-3.234e-07	-0.0006319	-2.0336e-10	0.00063188	3.2342e-07	-3.2248e-07	-0.0005192	-2.2094e-10	0.00051918	3.2336e-07	-3.2258e-07	-0.00038386	-2.1082e-10	0.00038432	3.2278e-07	-3.232e-07	-0.00021908	-2.3126e-10	0.00021908	3.2284e-07	-3.228e-07	-1.6416e-05	-2.0275e-10	1.6374e-05	3.2292e-07	-3.2286e-07
0.575	-0.001183	-1.7524e-10	0.0011832	3.239e-07	-3.226e-07	-0.00112024	-1.8333e-10	0.00112096	3.2336e-07	-3.2332e-07	-0.00105274	-2.0931e-10	0.00105264	3.236e-07	-3.2284e-07	-0.00097908	-2.0852e-10	0.00097942	3.234e-07	-3.2312e-07	-0.00089894	-1.8841e-10	0.00089948	3.2312e-07	-3.2338e-07	-0.0008064	-1.8276e-10	0.0008072	3.2312e-07	-3.2348e-07	-0.00070012	-2.2381e-10	0.00070088	3.2334e-07	-3.226e-07	-0.00057402	-2.308e-10	0.00057506	3.2318e-07	-3.2272e-07	-0.0004251	-2.0429e-10	0.00042472	3.2286e-07	-3.2348e-07	-0.0002412	-2.3464e-10	0.00024148	3.2284e-07	-3.2302e-07	-1.7858e-05	-2.1343e-10	1.8046e-05	3.2304e-07	-3.2266e-07
0.57	-0.0013128	-2.0529e-10	0.001314	3.2396e-07	-3.2274e-07	-0.001243	-1.9925e-10	0.0012434	3.2386e-07	-3.2254e-07	-0.0011678	-2.1696e-10	0.0011678	3.2368e-07	-3.232e-07	-0.00108692	-2.0108e-10	0.00108764	3.2328e-07	-3.2332e-07	-0.00099664	-1.847e-10	0.0009969	3.2322e-07	-3.2336e-07	-0.00089398	-1.7932e-10	0.0008948	3.2324e-07	-3.2338e-07	-0.00077508	-2.3536e-10	0.00077572	3.231e-07	-3.227e-07	-0.00063558	-2.334e-10	0.00063552	3.2306e-07	-3.2292e-07	-0.00046886	-2.008e-10	0.00046906	3.2286e-07	-3.2332e-07	-0.0002662	-2.2328e-10	0.00026696	3.227e-07	-3.2324e-07	-1.9664e-05	-2.338e-10	1.9618e-05	3.23e-07	-3.225e-07
0.565	-0.0014528	-2.1432e-10	0.0014532	3.2372e-07	-3.2282e-07	-0.001376	-2.0625e-10	0.0013764	3.2382e-07	-3.226e-07	-0.0012922	-1.844e-10	0.0012934	3.2378e-07	-3.229e-07	-0.0012014	-2.1761e-10	0.0012022	3.2372e-07	-3.2276e-07	-0.0011024	-1.8263e-10	0.00110242	3.2328e-07	-3.2334e-07	-0.00098808	-1.8859e-10	0.00098792	3.2352e-07	-3.2316e-07	-0.00085682	-2.3749e-10	0.00085688	3.2306e-07	-3.2306e-07	-0.00070168	-2.3515e-10	0.00070114	3.23e-07	-3.2314e-07	-0.00051642	-2.0306e-10	0.00051644	3.2304e-07	-3.2332e-07	-0.00029354	-2.2323e-10	0.00029334	3.2276e-07	-3.234e-07	-2.159e-05	-2.5037e-10	2.1564e-05	3.2302e-07	-3.2246e-07
0.56	-0.001607	-2.1874e-10	0.001606	3.2356e-07	-3.2314e-07	-0.001521	-2.2675e-10	0.0015216	3.2376e-07	-3.2268e-07	-0.0014296	-2.0266e-10	0.0014304	3.2388e-07	-3.2268e-07	-0.0013282	-2.1956e-10	0.0013294	3.2372e-07	-3.226e-07	-0.0012178	-1.9536e-10	0.001219	3.2336e-07	-3.2258e-07	-0.00109236	-2.0234e-10	0.00109254	3.235e-07	-3.2274e-07	-0.00094538	-2.3227e-10	0.00094578	3.2288e-07	-3.2314e-07	-0.00077282	-2.2687e-10	0.00077342	3.2298e-07	-3.2334e-07	-0.00056834	-2.1737e-10	0.00056956	3.2312e-07	-3.2292e-07	-0.0003216	-2.2248e-10	0.0003225	3.228e-07	-3.2328e-07	-2.3562e-05	-2.7073e-10	2.3568e-05	3.2292e-07	-3.2254e-07
0.555	-0.001771	-2.1273e-10	0.0017714	3.2342e-07	-3.2328e-07	-0.0016772	-2.2982e-10	0.0016774	3.2354e-07	-3.2282e-07	-0.0015756	-2.2153e-10	0.0015772	3.2384e-07	-3.2256e-07	-0.0014644	-2.3734e-10	0.0014654	3.2382e-07	-3.2272e-07	-0.0013424	-2.416e-10	0.0013436	3.2328e-07	-3.229e-07	-0.001201	-2.1108e-10	0.0012022	3.2304e-07	-3.2304e-07	-0.00103962	-2.2485e-10	0.0010403	3.2294e-07	-3.234e-07	-0.00084952	-2.2727e-10	0.00084906	3.2294e-07	-3.2344e-07	-0.00062474	-2.2879e-10	0.00062484	3.2328e-07	-3.2276e-07	-0.0003528	-2.2912e-10	0.0003528	3.2298e-07	-3.232e-07	-2.5624e-05	-2.805e-10	2.5618e-05	3.2272e-07	-3.2252e-07
0.55	-0.0019524	-2.0397e-10	0.0019522	3.235e-07	-3.2362e-07	-0.001849	-2.3583e-10	0.0018498	3.234e-07	-3.231e-07	-0.0017368	-2.4376e-10	0.0017364	3.2372e-07	-3.2268e-07	-0.0016126	-2.4909e-10	0.0016154	3.236e-07	-3.228e-07	-0.0014786	-2.4526e-10	0.0014796	3.2314e-07	-3.231e-07	-0.0013226	-2.2686e-10	0.0013232	3.2306e-07	-3.2326e-07	-0.0011427	-2.193e-10	0.00114436	3.2302e-07	-3.2338e-07	-0.00093258	-2.2256e-10	0.0009337	3.2304e-07	-3.2326e-07	-0.00068496	-2.5511e-10	0.00068468	3.2326e-07	-3.2262e-07	-0.0003857	-2.4297e-10	0.00038624	3.2306e-07	-3.2274e-07	-2.816e-05	-2.8687e-10	2.805e-05	3.2262e-07	-3.2284e-07
0.545	-0.0021454	-1.9969e-10	0.0021452	3.2358e-07	-3.235e-07	-0.0020308	-2.2792e-10	0.002031	3.233e-07	-3.2332e-07	-0.001908	-2.5225e-10	0.0019082	3.2358e-07	-3.2274e-07	-0.0017732	-2.543e-10	0.0017728	3.2348e-07	-3.2312e-07	-0.0016224	-2.3591e-10	0.0016238	3.2316e-07	-3.2326e-07	-0.0014502	-2.2778e-10	0.00145	3.2302e-07	-3.2334e-07	-0.0012538	-2.3538e-10	0.0012544	3.2336e-07	-3.2266e-07	-0.00102106	-2.3163e-10	0.0010212	3.2328e-07	-3.2326e-07	-0.00074876	-2.7195e-10	0.00074766	3.2318e-07	-3.2238e-07	-0.00042102	-2.5383e-10	0.00042076	3.2318e-07	-3.2268e-07	-3.0428e-05	-2.8455e-10	3.0472e-05	3.2258e-07	-3.2308e-07
0.54	-0.0023546	-1.9684e-10	0.0023554	3.238e-07	-3.2344e-07	-0.0022296	-2.2041e-10	0.0022292	3.2336e-07	-3.2354e-07	-0.002094	-2.5766e-10	0.0020944	3.2352e-07	-3.2302e-07	-0.0019444	-2.5438e-10	0.0019452	3.2336e-07	-3.2328e-07	-0.0017792	-2.3354e-10	0.0017806	3.2316e-07	-3.2338e-07	-0.0015882	-2.274e-10	0.0015906	3.2318e-07	-3.2328e-07	-0.0013736	-2.7551e-10	0.0013726	3.2322e-07	-3.227e-07	-0.00111686	-2.4214e-10	0.0011167	3.234e-07	-3.2282e-07	-0.00081716	-2.9192e-10	0.00081752	3.2324e-07	-3.2256e-07	-0.00045842	-2.7699e-10	0.00045882	3.2318e-07	-3.2246e-07	-3.2896e-05	-2.7642e-10	3.3008e-05	3.2254e-07	-3.2328e-07
0.535	-0.0025766	-2.1153e-10	0.002578	3.2388e-07	-3.2316e-07	-0.0024398	-2.1513e-10	0.0024392	3.234e-07	-3.2338e-07	-0.0022908	-2.5765e-10	0.0022912	3.2334e-07	-3.2326e-07	-0.0021274	-2.4101e-10	0.0021282	3.2332e-07	-3.235e-07	-0.0019464	-2.2822e-10	0.001947	3.232e-07	-3.2332e-07	-0.0017378	-2.4003e-10	0.0017358	3.2334e-07	-3.2322e-07	-0.0014978	-2.8068e-10	0.0014982	3.2314e-07	-3.2308e-07	-0.001217	-2.5301e-10	0.0012186	3.2302e-07	-3.2312e-07	-0.00088824	-3.0107e-10	0.00088876	3.2294e-07	-3.2262e-07	-0.0004976	-2.9758e-10	0.00049738	3.2322e-07	-3.225e-07	-3.546e-05	-2.7463e-10	3.5628e-05	3.2262e-07	-3.2326e-07
0.53	-0.002819	-2.2601e-10	0.0028168	3.24e-07	-3.2286e-07	-0.0026682	-2.2035e-10	0.0026668	3.2358e-07	-3.2328e-07	-0.0025052	-2.4153e-10	0.0025048	3.2334e-07	-3.2346e-07	-0.0023232	-2.3767e-10	0.0023232	3.2332e-07	-3.235e-07	-0.0021252	-2.3441e-10	0.0021262	3.2344e-07	-3.2322e-07	-0.001895	-2.4902e-10	0.001895	3.2342e-07	-3.2278e-07	-0.0016326	-2.7803e-10	0.001633	3.2302e-07	-3.2322e-07	-0.001324	-2.7401e-10	0.0013246	3.2298e-07	-3.2332e-07	-0.00096508	-3.0134e-10	0.00096542	3.2282e-07	-3.2284e-07	-0.00053954	-3.1785e-10	0.00053988	3.231e-07	-3.2258e-07	-3.8318e-05	-2.7423e-10	3.8312e-05	3.2286e-07	-3.2338e-07
0.525	-0.0030708	-2.4426e-10	0.003071	3.2406e-07	-3.2266e-07	-0.0029066	-2.344e-10	0.0029066	3.2374e-07	-3.229e-07	-0.0027298	-2.4044e-10	0.0027286	3.234e-07	-3.2352e-07	-0.0025322	-2.3599e-10	0.002533	3.2352e-07	-3.2354e-07	-0.0023132	-2.5046e-10	0.0023146	3.2354e-07	-3.2292e-07	-0.0020584	-2.6296e-10	0.002061	3.2358e-07	-3.2252e-07	-0.0017726	-2.7252e-10	0.0017744	3.2302e-07	-3.2346e-07	-0.001437	-2.7412e-10	0.0014358	3.2298e-07	-3.2346e-07	-0.00104462	-3.0087e-10	0.00104348	3.228e-07	-3.2312e-07	-0.00058268	-3.2589e-10	0.0005827	3.229e-07	-3.2268e-07	-4.1286e-05	-2.8968e-10	4.1116e-05	3.2304e-07	-3.2316e-07
0.52	-0.0033448	-2.6415e-10	0.0033456	3.2392e-07	-3.2262e-07	-0.0031666	-2.4897e-10	0.003166	3.2382e-07	-3.2278e-07	-0.0029692	-2.413e-10	0.0029708	3.2358e-07	-3.2348e-07	-0.0027522	-2.494e-10	0.002754	3.2368e-07	-3.2326e-07	-0.0025146	-2.646e-10	0.002516	3.2366e-07	-3.2274e-07	-0.0022376	-2.8713e-10	0.002238	3.2352e-07	-3.2238e-07	-0.0019236	-2.7462e-10	0.0019242	3.231e-07	-3.2344e-07	-0.001555	-2.7116e-10	0.0015558	3.2304e-07	-3.234e-07	-0.0011288	-2.9484e-10	0.00112886	3.2276e-07	-3.2338e-07	-0.00062804	-3.2877e-10	0.00062886	3.2278e-07	-3.2296e-07	-4.454e-05	-3.0464e-10	4.4532e-05	3.2312e-07	-3.2274e-07
0.515	-0.0036304	-2.8226e-10	0.0036308	3.2396e-07	-3.2272e-07	-0.0034344	-2.7411e-10	0.0034358	3.2388e-07	-3.2252e-07	-0.0032212	-2.5463e-10	0.0032208	3.237e-07	-3.2334e-07	-0.0029864	-2.6443e-10	0.0029866	3.2376e-07	-3.23e-07	-0.0027244	-2.8844e-10	0.002726	3.236e-07	-3.2246e-07	-0.002424	-3.0662e-10	0.0024226	3.2344e-07	-3.225e-07	-0.0020796	-2.7126e-10	0.0020778	3.2316e-07	-3.233e-07	-0.0016778	-2.8465e-10	0.0016802	3.2322e-07	-3.2326e-07	-0.0012156	-3.1086e-10	0.0012162	3.2324e-07	-3.2242e-07	-0.00067528	-3.1959e-10	0.00067522	3.2274e-07	-3.2326e-07	-4.7622e-05	-3.2621e-10	4.7364e-05	3.2324e-07	-3.2262e-07
0.51	-0.0039362	-2.9334e-10	0.003937	3.2378e-07	-3.2282e-07	-0.0037246	-2.947e-10	0.0037244	3.2374e-07	-3.2252e-07	-0.0034934	-2.6736e-10	0.0034932	3.2382e-07	-3.2308e-07	-0.0032342	-2.839e-10	0.0032334	3.2392e-07	-3.2284e-07	-0.0029472	-3.1114e-10	0.0029472	3.2352e-07	-3.2256e-07	-0.0026164	-3.2599e-10	0.002618	3.2328e-07	-3.226e-07	-0.002244	-2.8533e-10	0.002246	3.2344e-07	-3.2322e-07	-0.0018108	-2.9968e-10	0.0018114	3.233e-07	-3.229e-07	-0.001308	-3.4335e-10	0.0013046	3.2318e-07	-3.2254e-07	-0.00072426	-3.1793e-10	0.00072556	3.2276e-07	-3.2352e-07	-5.0838e-05	-3.5025e-10	5.1116e-05	3.2306e-07	-3.224e-07
0.505	-0.0042526	-2.9616e-10	0.0042548	3.2366e-07	-3.2308e-07	-0.0040234	-3.0969e-10	0.0040234	3.2372e-07	-3.2264e-07	-0.003772	-2.8443e-10	0.003772	3.2394e-07	-3.2286e-07	-0.0034906	-3.0434e-10	0.0034918	3.2378e-07	-3.2252e-07	-0.003178	-3.2754e-10	0.0031812	3.2346e-07	-3.2268e-07	-0.0028178	-3.3031e-10	0.0028196	3.2314e-07	-3.2284e-07	-0.0024142	-2.9763e-10	0.0024158	3.2342e-07	-3.228e-07	-0.0019432	-3.1111e-10	0.0019424	3.234e-07	-3.2272e-07	-0.0013996	-3.5889e-10	0.0013998	3.2304e-07	-3.2264e-07	-0.0007747	-3.174e-10	0.00077482	3.2282e-07	-3.2334e-07	-5.3734e-05	-3.6737e-10	5.3966e-05	3.2304e-07	-3.2242e-07
0.5	-0.0045924	-2.9841e-10	0.004594	3.235e-07	-3.232e-07	-0.0043418	-3.1273e-10	0.004342	3.2352e-07	-3.2274e-07	-0.0040688	-3.0429e-10	0.0040682	3.2388e-07	-3.2256e-07	-0.0037626	-3.2386e-10	0.0037626	3.2372e-07	-3.2264e-07	-0.0034236	-3.3061e-10	0.0034254	3.233e-07	-3.2278e-07	-0.0030324	-3.3256e-10	0.0030342	3.231e-07	-3.2308e-07	-0.0025912	-3.2401e-10	0.0025926	3.2346e-07	-3.2264e-07	-0.0020836	-3.3469e-10	0.002082	3.2336e-07	-3.226e-07	-0.0014984	-3.6239e-10	0.0014978	3.2292e-07	-3.2286e-07	-0.00082706	-3.2611e-10	0.00082766	3.2296e-07	-3.2322e-07	-5.7542e-05	-3.8366e-10	5.7566e-05	3.229e-07	-3.226e-07
0.495	-0.0049444	-2.9118e-10	0.004942	3.2354e-07	-3.2344e-07	-0.00467	-3.1644e-10	0.0046714	3.234e-07	-3.2308e-07	-0.0043738	-3.1904e-10	0.004375	3.2382e-07	-3.2262e-07	-0.004041	-3.354e-10	0.0040422	3.2356e-07	-3.2286e-07	-0.0036744	-3.3505e-10	0.003676	3.2318e-07	-3.2302e-07	-0.0032522	-3.2355e-10	0.0032516	3.2306e-07	-3.2332e-07	-0.0027762	-3.4542e-10	0.0027738	3.2346e-07	-3.2246e-07	-0.0022242	-3.5484e-10	0.002226	3.2334e-07	-3.2254e-07	-0.0015982	-3.6597e-10	0.0015984	3.2282e-07	-3.2306e-07	-0.00087898	-3.4511e-10	0.00088094	3.2306e-07	-3.2286e-07	-6.0832e-05	-3.9129e-10	6.085e-05	3.2282e-07	-3.2274e-07
0.49	-0.0053138	-2.9153e-10	0.0053112	3.236e-07	-3.2344e-07	-0.0050196	-3.1133e-10	0.0050212	3.233e-07	-3.2328e-07	-0.004696	-3.3866e-10	0.004697	3.2372e-07	-3.2274e-07	-0.0043354	-3.4228e-10	0.004337	3.2352e-07	-3.2308e-07	-0.003939	-3.2946e-10	0.00394	3.23e-07	-3.2332e-07	-0.003483	-3.2168e-10	0.0034824	3.2304e-07	-3.2346e-07	-0.0029672	-3.6806e-10	0.0029666	3.2332e-07	-3.2256e-07	-0.0023712	-3.7752e-10	0.0023728	3.232e-07	-3.2256e-07	-0.0017014	-3.5761e-10	0.0016998	3.2274e-07	-3.2318e-07	-0.00093368	-3.6169e-10	0.00093466	3.2318e-07	-3.2272e-07	-6.4716e-05	-3.9842e-10	6.4582e-05	3.227e-07	-3.2306e-07
0.485	-0.005692	-2.8973e-10	0.0056942	3.2358e-07	-3.235e-07	-0.0053752	-3.0911e-10	0.0053732	3.2334e-07	-3.2344e-07	-0.0050258	-3.4433e-10	0.0050282	3.2364e-07	-3.2302e-07	-0.0046376	-3.4451e-10	0.00464	3.2338e-07	-3.2322e-07	-0.0042088	-3.2859e-10	0.0042062	3.231e-07	-3.2346e-07	-0.003715	-3.222e-10	0.0037108	3.2318e-07	-3.234e-07	-0.0031586	-3.8187e-10	0.003158	3.2324e-07	-3.2266e-07	-0.0025212	-3.8656e-10	0.0025228	3.231e-07	-3.2272e-07	-0.0018038	-3.5615e-10	0.0018032	3.2278e-07	-3.2328e-07	-0.000986	-3.8405e-10	0.0009881	3.2316e-07	-3.225e-07	-6.7988e-05	-3.9607e-10	6.7628e-05	3.226e-07	-3.2316e-07
0.48	-0.0060926	-2.9994e-10	0.0060926	3.2382e-07	-3.2334e-07	-0.0057466	-3.0886e-10	0.0057474	3.2332e-07	-3.234e-07	-0.0053732	-3.5077e-10	0.0053718	3.2348e-07	-3.2326e-07	-0.0049532	-3.3885e-10	0.0049526	3.2334e-07	-3.2344e-07	-0.0044878	-3.2966e-10	0.0044878	3.2318e-07	-3.2334e-07	-0.003955	-3.3469e-10	0.0039562	3.2324e-07	-3.2318e-07	-0.0033578	-3.8413e-10	0.0033594	3.23e-07	-3.23e-07	-0.0026764	-3.9467e-10	0.0026766	3.2296e-07	-3.231e-07	-0.0019084	-3.5934e-10	0.0019086	3.2286e-07	-3.2326e-07	-0.0010422	-4.0447e-10	0.00104314	3.231e-07	-3.2248e-07	-7.1574e-05	-3.9698e-10	7.1268e-05	3.2256e-07	-3.2332e-07
0.475	-0.0064974	-3.1122e-10	0.0065004	3.2394e-07	-3.2298e-07	-0.00613	-3.1622e-10	0.0061298	3.236e-07	-3.2334e-07	-0.0057246	-3.4487e-10	0.0057228	3.2336e-07	-3.234e-07	-0.0052696	-3.4111e-10	0.0052698	3.2336e-07	-3.236e-07	-0.0047686	-3.3704e-10	0.00477	3.2336e-07	-3.2326e-07	-0.0041978	-3.5024e-10	0.004197	3.2342e-07	-3.2288e-07	-0.003558	-3.8249e-10	0.0035572	3.2294e-07	-3.2316e-07	-0.0028318	-3.9115e-10	0.0028296	3.2288e-07	-3.232e-07	-0.0020128	-3.7523e-10	0.0020154	3.2312e-07	-3.2312e-07	-0.00109846	-4.275e-10	0.00109894	3.2304e-07	-3.225e-07	-7.503e-05	-3.9699e-10	7.5006e-05	3.2266e-07	-3.2322e-07
0.47	-0.0069232	-3.3067e-10	0.0069242	3.2406e-07	-3.2278e-07	-0.0065266	-3.3109e-10	0.006526	3.2366e-07	-3.2286e-07	-0.0060904	-3.4146e-10	0.0060912	3.2336e-07	-3.2356e-07	-0.0056028	-3.3976e-10	0.0056024	3.2344e-07	-3.2356e-07	-0.0050608	-3.5184e-10	0.0050618	3.234e-07	-3.229e-07	-0.0044518	-3.7096e-10	0.0044488	3.2356e-07	-3.2274e-07	-0.0037642	-3.7761e-10	0.0037656	3.2294e-07	-3.2334e-07	-0.002988	-3.8621e-10	0.002986	3.229e-07	-3.2348e-07	-0.0021224	-3.9219e-10	0.0021236	3.2322e-07	-3.228e-07	-0.0011552	-4.4202e-10	0.001154	3.2312e-07	-3.2286e-07	-7.8722e-05	-4.0505e-10	7.8802e-05	3.229e-07	-3.2318e-07
0.465	-0.0073574	-3.5452e-10	0.0073546	3.2408e-07	-3.2266e-07	-0.0069266	-3.4249e-10	0.0069274	3.2382e-07	-3.228e-07	-0.006459	-3.3997e-10	0.00646	3.234e-07	-3.235e-07	-0.0059306	-3.5074e-10	0.0059324	3.2364e-07	-3.234e-07	-0.0053552	-3.6608e-10	0.0053568	3.236e-07	-3.2274e-07	-0.0047006	-3.9222e-10	0.0046992	3.2352e-07	-3.2252e-07	-0.0039682	-3.8236e-10	0.0039682	3.2292e-07	-3.2334e-07	-0.0031438	-3.8544e-10	0.0031462	3.2292e-07	-3.2338e-07	-0.0022296	-4.1104e-10	0.0022294	3.2338e-07	-3.2266e-07	-0.0012102	-4.1609e-10	0.0012094	3.2322e-07	-3.2266e-07	-8.2148e-05	-4.2337e-10	8.241e-05	3.23e-07	-3.2292e-07
0.46	-0.0078016	-3.7663e-10	0.0078042	3.2392e-07	-3.2272e-07	-0.007345	-3.6674e-10	0.0073436	3.238e-07	-3.2264e-07	-0.0068406	-3.4877e-10	0.0068406	3.2356e-07	-3.2334e-07	-0.0062756	-3.6478e-10	0.0062762	3.237e-07	-3.2302e-07	-0.0056576	-3.9023e-10	0.0056586	3.236e-07	-3.2262e-07	-0.004957	-4.1222e-10	0.0049574	3.2346e-07	-3.2254e-07	-0.0041788	-3.8563e-10	0.0041798	3.2316e-07	-3.2334e-07	-0.0033054	-3.9569e-10	0.0033022	3.2314e-07	-3.2332e-07	-0.0023376	-4.3698e-10	0.0023366	3.2318e-07	-3.224e-07	-0.0012642	-4.447e-10	0.0012652	3.2316e-07	-3.2244e-07	-8.5764e-05	-4.408e-10	8.5908e-05	3.2312e-07	-3.2272e-07
0.455	-0.0082558	-3.9531e-10	0.0082548	3.2386e-07	-3.228e-07	-0.0077618	-3.8795e-10	0.0077622	3.2372e-07	-3.2254e-07	-0.0072218	-3.6494e-10	0.0072232	3.2374e-07	-3.2298e-07	-0.0066192	-3.83e-10	0.0066194	3.2388e-07	-3.2286e-07	-0.0059608	-4.1164e-10	0.0059574	3.2352e-07	-3.225e-07	-0.0052124	-4.3393e-10	0.0052144	3.2336e-07	-3.2266e-07	-0.0043852	-4.0449e-10	0.0043854	3.2322e-07	-3.231e-07	-0.0034608	-4.1438e-10	0.003462	3.2328e-07	-3.2308e-07	-0.0024434	-4.5802e-10	0.0024444	3.2316e-07	-3.2244e-07	-0.0013172	-4.703e-10	0.0013192	3.2318e-07	-3.2256e-07	-8.92e-05	-4.7019e-10	8.9472e-05	3.231e-07	-3.2248e-07
0.45	-0.008721	-4.0103e-10	0.0087222	3.2378e-07	-3.2308e-07	-0.0081916	-4.1119e-10	0.008193	3.2372e-07	-3.2274e-07	-0.0076176	-3.8509e-10	0.0076156	3.239e-07	-3.2292e-07	-0.0069702	-4.0886e-10	0.0069728	3.2376e-07	-3.2256e-07	-0.0062708	-4.3804e-10	0.0062634	3.2344e-07	-3.227e-07	-0.0054758	-4.4511e-10	0.005473	3.232e-07	-3.2272e-07	-0.004594	-4.2092e-10	0.0045964	3.2336e-07	-3.2278e-07	-0.00362	-4.3535e-10	0.0036214	3.233e-07	-3.228e-07	-0.002549	-4.7973e-10	0.0025492	3.2314e-07	-3.2262e-07	-0.0013726	-4.9693e-10	0.0013734	3.2316e-07	-3.2268e-07	-9.2348e-05	-4.949e-10	9.2428e-05	3.2306e-07	-3.2242e-07
0.445	-0.0091882	-4.0521e-10	0.009189	3.2356e-07	-3.2334e-07	-0.0086254	-4.2375e-10	0.0086268	3.2356e-07	-3.2282e-07	-0.0080054	-4.1316e-10	0.0080056	3.2384e-07	-3.2264e-07	-0.0073192	-4.3174e-10	0.007323	3.2378e-07	-3.2266e-07	-0.0065708	-4.4963e-10	0.0065704	3.233e-07	-3.2272e-07	-0.0057278	-4.5547e-10	0.0057288	3.2312e-07	-3.231e-07	-0.0048008	-4.4298e-10	0.0048022	3.2346e-07	-3.2262e-07	-0.0037766	-4.5964e-10	0.0037766	3.2346e-07	-3.2264e-07	-0.0026532	-4.9143e-10	0.0026518	3.2298e-07	-3.2274e-07	-0.0014236	-5.0895e-10	0.0014274	3.2296e-07	-3.2272e-07	-9.5408e-05	-5.2238e-10	9.5464e-05	3.2298e-07	-3.2256e-07
0.44	-0.0096648	-3.958e-10	0.0096698	3.2354e-07	-3.2344e-07	-0.0090602	-4.2968e-10	0.0090684	3.2348e-07	-3.2314e-07	-0.0084042	-4.3481e-10	0.008403	3.2382e-07	-3.2272e-07	-0.0076748	-4.5645e-10	0.0076768	3.2366e-07	-3.2282e-07	-0.006878	-4.5956e-10	0.0068774	3.2316e-07	-3.2302e-07	-0.0059918	-4.5676e-10	0.0059902	3.2304e-07	-3.2326e-07	-0.005009	-4.654e-10	0.0050098	3.2346e-07	-3.2236e-07	-0.0039322	-4.8188e-10	0.0039322	3.2336e-07	-3.2246e-07	-0.0027566	-5.0199e-10	0.0027588	3.2288e-07	-3.231e-07	-0.0014826	-5.1552e-10	0.0014782	3.2282e-07	-3.2298e-07	-9.923e-05	-5.3753e-10	9.923e-05	3.2294e-07	-3.2252e-07
0.435	-0.0101424	-3.9801e-10	0.0101416	3.2362e-07	-3.237e-07	-0.0094988	-4.2643e-10	0.0094994	3.2334e-07	-3.2334e-07	-0.0088026	-4.5504e-10	0.0088002	3.237e-07	-3.2284e-07	-0.008027	-4.6315e-10	0.0080266	3.2354e-07	-3.23e-07	-0.007178	-4.5978e-10	0.0071802	3.2312e-07	-3.2326e-07	-0.0062428	-4.5486e-10	0.006241	3.2298e-07	-3.235e-07	-0.0052096	-4.9026e-10	0.0052108	3.2336e-07	-3.226e-07	-0.0040838	-5.0509e-10	0.0040846	3.2334e-07	-3.2258e-07	-0.0028594	-5.0215e-10	0.0028592	3.2284e-07	-3.233e-07	-0.0015316	-5.1789e-10	0.001531	3.2272e-07	-3.2314e-07	-0.000102462	-5.4557e-10	0.000102614	3.228e-07	-3.2262e-07
0.43	-0.0106284	-4.0342e-10	0.0106286	3.2368e-07	-3.2356e-07	-0.0099426	-4.2283e-10	0.0099448	3.234e-07	-3.2352e-07	-0.0092026	-4.6309e-10	0.0092016	3.2348e-07	-3.2302e-07	-0.0083804	-4.673e-10	0.0083804	3.2342e-07	-3.233e-07	-0.0074884	-4.5252e-10	0.0074864	3.2316e-07	-3.235e-07	-0.0064962	-4.5795e-10	0.0064988	3.231e-07	-3.235e-07	-0.0054154	-5.1187e-10	0.0054122	3.2318e-07	-3.2264e-07	-0.0042348	-5.2112e-10	0.0042366	3.2304e-07	-3.2264e-07	-0.0029604	-5.042e-10	0.0029546	3.2286e-07	-3.235e-07	-0.0015822	-5.1474e-10	0.0015824	3.2264e-07	-3.234e-07	-0.000105666	-5.5616e-10	0.000106034	3.2262e-07	-3.2292e-07
0.425	-0.011112	-4.1799e-10	0.0111094	3.2378e-07	-3.2348e-07	-0.0103864	-4.2568e-10	0.010386	3.234e-07	-3.236e-07	-0.0095946	-4.6945e-10	0.009594	3.234e-07	-3.2318e-07	-0.0087274	-4.6428e-10	0.0087268	3.2336e-07	-3.235e-07	-0.007786	-4.6e-10	0.007785	3.232e-07	-3.2352e-07	-0.0067474	-4.6153e-10	0.0067438	3.233e-07	-3.2336e-07	-0.005613	-5.2365e-10	0.0056118	3.2312e-07	-3.229e-07	-0.0043812	-5.3591e-10	0.0043838	3.23e-07	-3.2296e-07	-0.0030578	-5.0804e-10	0.003058	3.2286e-07	-3.2336e-07	-0.0016296	-5.2486e-10	0.001633	3.2268e-07	-3.2344e-07	-0.000108548	-5.5754e-10	0.000108506	3.2256e-07	-3.2316e-07
0.42	-0.011572	-4.3088e-10	0.011594	3.2384e-07	-3.2344e-07	-0.0108256	-4.3059e-10	0.0108276	3.2362e-07	-3.2346e-07	-0.009994	-4.6884e-10	0.0099942	3.2334e-07	-3.2344e-07	-0.009078	-4.6798e-10	0.009073	3.2334e-07	-3.2362e-07	-0.008085	-4.6558e-10	0.0080828	3.2326e-07	-3.2342e-07	-0.0069938	-4.8348e-10	0.006994	3.234e-07	-3.2304e-07	-0.0058092	-5.3156e-10	0.0058074	3.2294e-07	-3.2314e-07	-0.0045284	-5.4005e-10	0.0045264	3.2286e-07	-3.231e-07	-0.0031514	-5.1911e-10	0.0031532	3.2306e-07	-3.2322e-07	-0.00168	-5.357e-10	0.0016794	3.2296e-07	-3.233e-07	-0.000111666	-5.6324e-10	0.000111668	3.2268e-07	-3.2334e-07
0.415	-0.012052	-4.4673e-10	0.012076	3.2396e-07	-3.2304e-07	-0.0112674	-4.5325e-10	0.0112658	3.237e-07	-3.233e-07	-0.0103814	-4.7098e-10	0.0103808	3.2328e-07	-3.235e-07	-0.0094104	-4.683e-10	0.0094154	3.2342e-07	-3.2354e-07	-0.008375	-4.8528e-10	0.0083756	3.234e-07	-3.2314e-07	-0.0072332	-5.0324e-10	0.0072316	3.2352e-07	-3.2274e-07	-0.0059976	-5.2498e-10	0.006	3.2292e-07	-3.2332e-07	-0.00467	-5.4223e-10	0.0046706	3.2286e-07	-3.2338e-07	-0.003241	-5.4027e-10	0.0032402	3.2316e-07	-3.2292e-07	-0.001724	-5.5765e-10	0.0017264	3.2308e-07	-3.2308e-07	-0.000114294	-5.7224e-10	0.000114528	3.2268e-07	-3.2326e-07
0.41	-0.012542	-4.7107e-10	0.012556	3.2402e-07	-3.2284e-07	-0.011682	-4.7763e-10	0.0117	3.2334e-07	-3.2338e-07	-0.0107686	-4.8511e-10	0.0107754	3.2338e-07	-3.2364e-07	-0.0097574	-4.8698e-10	0.0097596	3.2364e-07	-3.2354e-07	-0.0086628	-5.1113e-10	0.0086638	3.2358e-07	-3.2288e-07	-0.007473	-5.3281e-10	0.007475	3.2348e-07	-3.2268e-07	-0.0061882	-5.3091e-10	0.0061864	3.2304e-07	-3.2344e-07	-0.0048062	-5.4685e-10	0.0048074	3.2284e-07	-3.234e-07	-0.0033346	-5.6251e-10	0.0033378	3.2332e-07	-3.2286e-07	-0.0017704	-5.7855e-10	0.001769	3.2318e-07	-3.228e-07	-0.000115002	-5.8413e-10	0.000115004	3.2286e-07	-3.2318e-07
0.405	-0.013012	-4.9573e-10	0.013036	3.2396e-07	-3.2274e-07	-0.012106	-4.8167e-10	0.01213	3.2334e-07	-3.2354e-07	-0.0111498	-4.8888e-10	0.0111534	3.2338e-07	-3.2348e-07	-0.0100858	-5.0761e-10	0.0100864	3.237e-07	-3.231e-07	-0.0089452	-5.345e-10	0.008945	3.2366e-07	-3.2266e-07	-0.007701	-5.6014e-10	0.0077054	3.2346e-07	-3.2256e-07	-0.0063678	-5.3511e-10	0.0063674	3.231e-07	-3.233e-07	-0.0049396	-5.5046e-10	0.0049408	3.2298e-07	-3.2332e-07	-0.0034224	-5.9601e-10	0.0034242	3.2324e-07	-3.225e-07	-0.0018136	-6.0411e-10	0.0018152	3.2328e-07	-3.2256e-07	-0.00012172	-6.4587e-10	0.00012146	3.226e-07	-3.2334e-07
0.4	-0.013488	-5.2343e-10	0.013512	3.2392e-07	-3.229e-07	-0.01254	-4.8706e-10	0.012562	3.2354e-07	-3.235e-07	-0.011504	-5.3271e-10	0.01153	3.233e-07	-3.2328e-07	-0.0104112	-5.2758e-10	0.0104178	3.2376e-07	-3.2292e-07	-0.0092214	-5.5893e-10	0.0092224	3.2354e-07	-3.2246e-07	-0.0079286	-5.8737e-10	0.0079296	3.2344e-07	-3.2264e-07	-0.006547	-5.5833e-10	0.0065458	3.233e-07	-3.2314e-07	-0.0050698	-5.7647e-10	0.0050704	3.2322e-07	-3.231e-07	-0.0035066	-6.2253e-10	0.0035084	3.2316e-07	-3.2244e-07	-0.0018588	-6.3264e-10	0.0018588	3.2324e-07	-3.2242e-07	-0.00012312	-6.1908e-10	0.00012586	3.2282e-07	-3.2322e-07
0.395	-0.01395	-5.3743e-10	0.013974	3.237e-07	-3.2304e-07	-0.012952	-5.0798e-10	0.012968	3.2376e-07	-3.2332e-07	-0.011872	-5.3352e-10	0.011894	3.233e-07	-3.2356e-07	-0.0107338	-5.544e-10	0.010732	3.2382e-07	-3.2268e-07	-0.0094894	-5.8077e-10	0.0094894	3.2352e-07	-3.226e-07	-0.008147	-6.0137e-10	0.0081524	3.2324e-07	-3.2272e-07	-0.0067144	-5.7995e-10	0.006718	3.234e-07	-3.2282e-07	-0.0051956	-5.9676e-10	0.005196	3.2322e-07	-3.2274e-07	-0.0035918	-6.519e-10	0.0035892	3.2322e-07	-3.226e-07	-0.0018968	-6.613e-10	0.0019002	3.2312e-07	-3.2262e-07	-0.00012616	-6.449e-10	0.00012684	3.2294e-07	-3.2298e-07
0.39	-0.014414	-5.4693e-10	0.014444	3.2358e-07	-3.234e-07	-0.01337	-5.2897e-10	0.013386	3.2384e-07	-3.2294e-07	-0.012238	-5.3897e-10	0.012256	3.2336e-07	-3.2362e-07	-0.011041	-5.7892e-10	0.011046	3.2372e-07	-3.2274e-07	-0.0097536	-6.0537e-10	0.0097556	3.2334e-07	-3.2268e-07	-0.0083612	-6.1415e-10	0.0083652	3.2318e-07	-3.2298e-07	-0.0068836	-6.1226e-10	0.0068878	3.2346e-07	-3.226e-07	-0.005316	-6.2786e-10	0.0053194	3.2332e-07	-3.226e-07	-0.0036724	-6.6632e-10	0.0036688	3.2298e-07	-3.2268e-07	-0.0019384	-6.859e-10	0.0019376	3.23e-07	-3.2268e-07	-0.00012748	-6.6626e-10	0.0001311	3.2298e-07	-3.2272e-07
0.385	-0.014866	-5.4236e-10	0.014888	3.2354e-07	-3.235e-07	-0.01377	-5.6048e-10	0.013784	3.2388e-07	-3.2272e-07	-0.012584	-5.4639e-10	0.012606	3.2352e-07	-3.234e-07	-0.0113444	-6.0505e-10	0.0113438	3.2368e-07	-3.2282e-07	-0.010008	-6.183e-10	0.0100064	3.233e-07	-3.2304e-07	-0.0085686	-6.2098e-10	0.0085688	3.2298e-07	-3.2316e-07	-0.0070456	-6.4146e-10	0.007046	3.2346e-07	-3.225e-07	-0.0054368	-6.5859e-10	0.0054368	3.2324e-07	-3.2238e-07	-0.003746	-6.7736e-10	0.0037476	3.2284e-07	-3.2298e-07	-0.001976	-7.0312e-10	0.001977	3.2294e-07	-3.229e-07	-0.00013098	-6.9554e-10	0.00013186	3.231e-07	-3.2242e-07
0.38	-0.01531	-5.4659e-10	0.015332	3.2358e-07	-3.2364e-07	-0.014162	-5.8424e-10	0.014186	3.2384e-07	-3.2274e-07	-0.012938	-5.706e-10	0.012956	3.2368e-07	-3.2308e-07	-0.011618	-5.8665e-10	0.01164	3.2372e-07	-3.2296e-07	-0.0102588	-6.2978e-10	0.0102544	3.2302e-07	-3.231e-07	-0.0087728	-6.2462e-10	0.0087694	3.2308e-07	-3.2338e-07	-0.0072054	-6.6994e-10	0.007205	3.2334e-07	-3.2264e-07	-0.0055518	-6.8979e-10	0.0055528	3.2324e-07	-3.2248e-07	-0.0038222	-6.8161e-10	0.0038244	3.2274e-07	-3.2322e-07	-0.0020138	-7.1646e-10	0.0020122	3.2276e-07	-3.2314e-07	-0.0001336	-7.245e-10	0.0001357	3.23e-07	-3.2226e-07
0.375	-0.01574	-5.4928e-10	0.015766	3.2372e-07	-3.2362e-07	-0.014548	-6.0935e-10	0.014562	3.2366e-07	-3.2282e-07	-0.013266	-5.898e-10	0.013286	3.2384e-07	-3.2284e-07	-0.011906	-6.1261e-10	0.011926	3.238e-07	-3.228e-07	-0.0104932	-6.3038e-10	0.0104946	3.2308e-07	-3.2334e-07	-0.0089646	-6.3411e-10	0.0089642	3.2308e-07	-3.2344e-07	-0.0073554	-6.8773e-10	0.0073534	3.2316e-07	-3.2274e-07	-0.00566	-7.1326e-10	0.0056604	3.2314e-07	-3.2262e-07	-0.0038958	-6.9066e-10	0.0038924	3.228e-07	-3.2346e-07	-0.0020468	-7.1617e-10	0.00205	3.2276e-07	-3.2328e-07	-0.0001365	-7.5746e-10	0.00013766	3.23e-07	-3.2248e-07
0.37	-0.016164	-5.6841e-10	0.016188	3.2388e-07	-3.2338e-07	-0.014924	-6.2355e-10	0.01495	3.2358e-07	-3.2304e-07	-0.0136	-6.2259e-10	0.013616	3.2382e-07	-3.2258e-07	-0.012186	-6.4648e-10	0.012208	3.2374e-07	-3.227e-07	-0.0107284	-6.3756e-10	0.0107256	3.2318e-07	-3.235e-07	-0.0091554	-6.4427e-10	0.0091564	3.2318e-07	-3.2334e-07	-0.0074996	-7.0164e-10	0.0075012	3.2318e-07	-3.231e-07	-0.0057666	-7.2844e-10	0.0057658	3.2298e-07	-3.2274e-07	-0.0039654	-7.0339e-10	0.0039616	3.227e-07	-3.2326e-07	-0.002085	-7.2489e-10	0.0020812	3.2276e-07	-3.2344e-07	-0.00013762	-7.8664e-10	0.0001378	3.228e-07	-3.2256e-07
0.365	-0.01658	-5.9109e-10	0.016596	3.2402e-07	-3.2304e-07	-0.015282	-6.3382e-10	0.0153	3.2338e-07	-3.2328e-07	-0.013914	-6.5264e-10	0.013934	3.2372e-07	-3.2278e-07	-0.012454	-6.7745e-10	0.012474	3.237e-07	-3.228e-07	-0.0109532	-6.429e-10	0.0109536	3.2318e-07	-3.2338e-07	-0.0093334	-6.6545e-10	0.0093366	3.2332e-07	-3.2322e-07	-0.0076414	-7.1289e-10	0.0076402	3.2298e-07	-3.2322e-07	-0.0058682	-7.4209e-10	0.0058668	3.2292e-07	-3.2308e-07	-0.0040272	-7.1803e-10	0.0040268	3.2298e-07	-3.2324e-07	-0.0021184	-7.3529e-10	0.002113	3.2288e-07	-3.233e-07	-0.00014446	-8.0235e-10	0.00013788	3.2276e-07	-3.228e-07
0.36	-0.016982	-6.232e-10	0.017008	3.24e-07	-3.2276e-07	-0.015638	-6.3356e-10	0.015656	3.2344e-07	-3.2352e-07	-0.014224	-6.7931e-10	0.014244	3.2356e-07	-3.2286e-07	-0.012718	-6.9402e-10	0.012732	3.2356e-07	-3.2296e-07	-0.0111688	-6.6306e-10	0.0111682	3.2342e-07	-3.2328e-07	-0.0095118	-6.8683e-10	0.0095086	3.2352e-07	-3.2288e-07	-0.007777	-7.1736e-10	0.0077746	3.231e-07	-3.2344e-07	-0.0059656	-7.4618e-10	0.0059676	3.2282e-07	-3.2324e-07	-0.0040894	-7.4542e-10	0.0040914	3.2306e-07	-3.2296e-07	-0.002145	-7.6068e-10	0.002149	3.2304e-07	-3.2326e-07	-0.0001416	-8.2177e-10	0.00014364	3.2268e-07	-3.23e-07
0.355	-0.017376	-6.5492e-10	0.01739	3.24e-07	-3.2282e-07	-0.015976	-6.4396e-10	0.015998	3.2336e-07	-3.2356e-07	-0.014512	-6.9383e-10	0.014536	3.2346e-07	-3.232e-07	-0.012964	-7.0889e-10	0.012986	3.233e-07	-3.2328e-07	-0.0113778	-6.8975e-10	0.0113818	3.2348e-07	-3.2292e-07	-0.0096748	-7.1696e-10	0.0096776	3.235e-07	-3.2268e-07	-0.0079076	-7.3136e-10	0.0079064	3.2302e-07	-3.235e-07	-0.00606	-7.5274e-10	0.006064	3.2276e-07	-3.2346e-07	-0.0041516	-7.6967e-10	0.0041538	3.2318e-07	-3.2274e-07	-0.0021758	-7.8817e-10	0.0021748	3.2322e-07	-3.2292e-07	-0.0001457	-8.2232e-10	0.0001428	3.2264e-07	-3.232e-07
0.35	-0.017756	-6.8473e-10	0.01777	3.2386e-07	-3.2304e-07	-0.016312	-6.519e-10	0.016332	3.2358e-07	-3.2352e-07	-0.014804	-7.0191e-10	0.014824	3.2334e-07	-3.2346e-07	-0.01321	-7.115e-10	0.013234	3.2328e-07	-3.2348e-07	-0.011556	-7.2265e-10	0.01158	3.231e-07	-3.2328e-07	-0.0098372	-7.5106e-10	0.0098402	3.2342e-07	-3.2248e-07	-0.008033	-7.4166e-10	0.00803	3.2316e-07	-3.2344e-07	-0.0061512	-7.6636e-10	0.006153	3.229e-07	-3.2328e-07	-0.004213	-8.0385e-10	0.0042104	3.2328e-07	-3.2258e-07	-0.002207	-8.1948e-10	0.0022074	3.232e-07	-3.2272e-07	-0.00014438	-8.3867e-10	0.00014764	3.226e-07	-3.2326e-07
0.345	-0.018112	-6.9823e-10	0.018136	3.2376e-07	-3.2332e-07	-0.01663	-6.766e-10	0.01665	3.2374e-07	-3.2316e-07	-0.015074	-7.0358e-10	0.015094	3.2336e-07	-3.2368e-07	-0.013444	-7.1856e-10	0.013458	3.233e-07	-3.2358e-07	-0.011752	-7.3108e-10	0.011764	3.231e-07	-3.2344e-07	-0.0099942	-7.8384e-10	0.009995	3.234e-07	-3.2256e-07	-0.0081492	-7.6719e-10	0.0081496	3.233e-07	-3.2322e-07	-0.0062384	-7.8583e-10	0.0062382	3.231e-07	-3.232e-07	-0.0042662	-8.3784e-10	0.0042682	3.2322e-07	-3.225e-07	-0.0022324	-8.5607e-10	0.0022342	3.2322e-07	-3.2248e-07	-0.00014774	-8.5279e-10	0.00015012	3.227e-07	-3.2324e-07
0.34	-0.018466	-7.0656e-10	0.018494	3.236e-07	-3.235e-07	-0.016944	-7.0966e-10	0.016958	3.2386e-07	-3.228e-07	-0.015346	-7.0902e-10	0.015368	3.234e-07	-3.2354e-07	-0.013666	-7.2361e-10	0.013688	3.2344e-07	-3.236e-07	-0.011938	-7.3971e-10	0.011956	3.2328e-07	-3.234e-07	-0.010148	-8.1418e-10	0.0101494	3.2332e-07	-3.2264e-07	-0.008266	-7.9116e-10	0.0082678	3.2344e-07	-3.2286e-07	-0.0063228	-8.1281e-10	0.0063246	3.2312e-07	-3.2286e-07	-0.0043182	-8.7608e-10	0.0043218	3.2324e-07	-3.2258e-07	-0.002261	-8.9237e-10	0.0022592	3.231e-07	-3.2248e-07	-0.00014746	-8.8132e-10	0.00014488	3.2286e-07	-3.2308e-07
0.335	-0.018814	-7.0534e-10	0.018832	3.2356e-07	-3.238e-07	-0.017244	-7.4084e-10	0.017258	3.2382e-07	-3.227e-07	-0.0156	-7.3214e-10	0.01562	3.2366e-07	-3.2348e-07	-0.013882	-7.485e-10	0.013902	3.2366e-07	-3.2334e-07	-0.012116	-7.6838e-10	0.012138	3.2338e-07	-3.2316e-07	-0.0102876	-8.3136e-10	0.0102912	3.2322e-07	-3.2284e-07	-0.0083766	-8.243e-10	0.0083782	3.2342e-07	-3.2266e-07	-0.0064048	-8.3709e-10	0.006404	3.2332e-07	-3.2266e-07	-0.0043766	-8.9909e-10	0.0043738	3.229e-07	-3.2256e-07	-0.002284	-9.2569e-10	0.0022878	3.23e-07	-3.2262e-07	-0.000149	-9.1194e-10	0.0001507	3.2304e-07	-3.227e-07
0.33	-0.019144	-7.1534e-10	0.01917	3.2364e-07	-3.2376e-07	-0.017532	-7.7472e-10	0.017554	3.2376e-07	-3.2286e-07	-0.01585	-7.5315e-10	0.015874	3.2376e-07	-3.2306e-07	-0.01409	-7.7391e-10	0.014118	3.2372e-07	-3.231e-07	-0.012292	-8.0002e-10	0.012312	3.2358e-07	-3.229e-07	-0.0104284	-8.4911e-10	0.0104282	3.2308e-07	-3.2314e-07	-0.0084838	-8.6106e-10	0.0084864	3.2336e-07	-3.2244e-07	-0.0064818	-8.7646e-10	0.00648	3.2328e-07	-3.225e-07	-0.0044228	-9.1983e-10	0.0044218	3.2282e-07	-3.2294e-07	-0.002308	-9.4883e-10	0.0023116	3.2288e-07	-3.2264e-07	-0.00015056	-9.4842e-10	0.00015238	3.231e-07	-3.2256e-07
0.325	-0.019456	-7.2793e-10	0.019478	3.2384e-07	-3.2362e-07	-0.017804	-7.9511e-10	0.017822	3.2354e-07	-3.2288e-07	-0.016078	-7.8324e-10	0.01611	3.2384e-07	-3.228e-07	-0.01429	-8.0946e-10	0.014314	3.2382e-07	-3.2284e-07	-0.012454	-8.3579e-10	0.012476	3.236e-07	-3.2262e-07	-0.010562	-8.5093e-10	0.0105628	3.2306e-07	-3.234e-07	-0.008585	-8.9777e-10	0.0085858	3.233e-07	-3.2254e-07	-0.006556	-9.1289e-10	0.006555	3.2322e-07	-3.2246e-07	-0.004469	-9.2864e-10	0.0044672	3.227e-07	-3.2314e-07	-0.0023368	-9.7166e-10	0.002335	3.2274e-07	-3.23e-07	-0.00015478	-9.8791e-10	0.00015472	3.2306e-07	-3.2234e-07
0.32	-0.019764	-7.6078e-10	0.019796	3.2394e-07	-3.232e-07	-0.01807	-8.1189e-10	0.018096	3.233e-07	-3.2326e-07	-0.01631	-8.2266e-10	0.016332	3.2378e-07	-3.2258e-07	-0.014484	-8.4868e-10	0.014504	3.2372e-07	-3.2274e-07	-0.01262	-8.7383e-10	0.012638	3.235e-07	-3.2258e-07	-0.0106894	-8.6526e-10	0.010688	3.23e-07	-3.235e-07	-0.0086846	-9.2829e-10	0.0086852	3.2318e-07	-3.2266e-07	-0.0066258	-9.5017e-10	0.0066228	3.2318e-07	-3.2256e-07	-0.0045156	-9.406e-10	0.0045158	3.2276e-07	-3.234e-07	-0.0023588	-9.8692e-10	0.00236	3.2266e-07	-3.2318e-07	-0.00015486	-1.02496e-09	0.00015726	3.2304e-07	-3.2244e-07
0.315	-0.020066	-7.9158e-10	0.020082	3.2408e-07	-3.2298e-07	-0.018326	-8.2132e-10	0.018348	3.2342e-07	-3.2354e-07	-0.016532	-8.6557e-10	0.016552	3.2374e-07	-3.228e-07	-0.014676	-8.8467e-10	0.014694	3.236e-07	-3.2288e-07	-0.012762	-9.0785e-10	0.012788	3.234e-07	-3.2274e-07	-0.0108076	-8.8874e-10	0.0108112	3.2304e-07	-3.2346e-07	-0.0087778	-9.4865e-10	0.0087774	3.2312e-07	-3.2286e-07	-0.0066906	-9.7627e-10	0.0066946	3.2302e-07	-3.2256e-07	-0.0045546	-9.5621e-10	0.0045602	3.2286e-07	-3.2332e-07	-0.0023776	-1.00142e-09	0.002385	3.2264e-07	-3.234e-07	-0.00015632	-1.05815e-09	0.00015492	3.2282e-07	-3.2252e-07
0.31	-0.020348	-8.2866e-10	0.020372	3.2396e-07	-3.2274e-07	-0.018576	-8.3418e-10	0.0186	3.2342e-07	-3.2362e-07	-0.016742	-8.9301e-10	0.016764	3.235e-07	-3.229e-07	-0.01485	-9.0492e-10	0.014876	3.2346e-07	-3.2304e-07	-0.012914	-9.2485e-10	0.012934	3.2322e-07	-3.2298e-07	-0.0109286	-9.1219e-10	0.0109272	3.2328e-07	-3.2334e-07	-0.0088684	-9.7277e-10	0.0088658	3.2298e-07	-3.2308e-07	-0.0067566	-9.9831e-10	0.0067568	3.2294e-07	-3.2302e-07	-0.0046046	-9.7702e-10	0.0046044	3.23e-07	-3.2322e-07	-0.002402	-1.01529e-09	0.0024022	3.227e-07	-3.233e-07	-0.00015696	-1.08301e-09	0.00015726	3.2276e-07	-3.227e-07
0.305	-0.020616	-8.6411e-10	0.020642	3.2394e-07	-3.228e-07	-0.018812	-8.4655e-10	0.01883	3.2362e-07	-3.2358e-07	-0.016946	-9.1087e-10	0.016966	3.2342e-07	-3.2326e-07	-0.015016	-9.2446e-10	0.015042	3.2336e-07	-3.2332e-07	-0.013058	-9.4094e-10	0.013074	3.231e-07	-3.232e-07	-0.0110406	-9.4455e-10	0.0110404	3.234e-07	-3.2298e-07	-0.0089556	-9.7844e-10	0.0089556	3.2294e-07	-3.2334e-07	-0.0068198	-1.01212e-09	0.0068198	3.2274e-07	-3.2316e-07	-0.0046436	-1.01605e-09	0.0046384	3.2316e-07	-3.2302e-07	-0.0024224	-1.03986e-09	0.0024222	3.2298e-07	-3.2326e-07	-0.0001584	-1.10693e-09	0.00015558	3.2262e-07	-3.2296e-07
0.3	-0.020886	-8.8738e-10	0.020902	3.2388e-07	-3.2298e-07	-0.019042	-8.718e-10	0.019064	3.2378e-07	-3.2308e-07	-0.017146	-9.1945e-10	0.017162	3.2332e-07	-3.2352e-07	-0.01519	-9.2854e-10	0.015208	3.2326e-07	-3.2344e-07	-0.013194	-9.4711e-10	0.013212	3.2306e-07	-3.235e-07	-0.0111472	-9.7405e-10	0.0111488	3.2354e-07	-3.228e-07	-0.0090376	-9.956e-10	0.0090366	3.2304e-07	-3.2348e-07	-0.0068792	-1.0214e-09	0.0068822	3.2282e-07	-3.2334e-07	-0.0046818	-1.04654e-09	0.0046844	3.2316e-07	-3.2274e-07	-0.0024382	-1.1155e-09	0.002436	3.2278e-07	-3.2294e-07	-0.00016158	-1.12071e-09	0.00016188	3.2254e-07	-3.2316e-07
0.295	-0.021138	-9.0982e-10	0.021156	3.2372e-07	-3.23e-07	-0.019256	-9.1434e-10	0.019282	3.239e-07	-3.228e-07	-0.017326	-9.282e-10	0.017352	3.234e-07	-3.2362e-07	-0.015336	-9.4035e-10	0.015358	3.233e-07	-3.2358e-07	-0.013322	-9.6709e-10	0.01334	3.2316e-07	-3.2352e-07	-0.011252	-1.01663e-09	0.0112502	3.2346e-07	-3.2268e-07	-0.0091168	-1.01456e-09	0.0091196	3.2312e-07	-3.2338e-07	-0.0069378	-1.04436e-09	0.0069392	3.2282e-07	-3.2334e-07	-0.0047206	-1.09101e-09	0.004718	3.232e-07	-3.2258e-07	-0.0024562	-1.1326e-09	0.002459	3.226e-07	-3.2308e-07	-0.00016502	-1.1648e-09	0.00016136	3.2302e-07	-3.2236e-07
0.29	-0.02138	-9.3167e-10	0.021402	3.2354e-07	-3.2338e-07	-0.019468	-9.5747e-10	0.019496	3.2376e-07	-3.2278e-07	-0.01751	-9.4017e-10	0.017528	3.234e-07	-3.2352e-07	-0.015488	-9.5673e-10	0.015512	3.2346e-07	-3.2358e-07	-0.013444	-9.8436e-10	0.013462	3.2332e-07	-3.2332e-07	-0.0113498	-1.05033e-09	0.011351	3.2348e-07	-3.2262e-07	-0.0091934	-1.0516e-09	0.0091992	3.233e-07	-3.232e-07	-0.0069952	-1.06643e-09	0.0069926	3.2298e-07	-3.2328e-07	-0.0047586	-1.1035e-09	0.0047544	3.229e-07	-3.234e-07	-0.0024744	-1.1464e-09	0.0024708	3.2268e-07	-3.2326e-07	-0.00016416	-1.2094e-09	0.00016192	3.229e-07	-3.225e-07
0.285	-0.021616	-9.4122e-10	0.021632	3.2352e-07	-3.236e-07	-0.019674	-9.87e-10	0.019686	3.2366e-07	-3.2284e-07	-0.017682	-9.7126e-10	0.017698	3.2364e-07	-3.234e-07	-0.015638	-9.9315e-10	0.015656	3.236e-07	-3.2326e-07	-0.013562	-1.02268e-09	0.01359	3.2352e-07	-3.2304e-07	-0.0114486	-1.09459e-09	0.0114488	3.2342e-07	-3.227e-07	-0.009269	-1.1117e-09	0.009267	3.2306e-07	-3.2318e-07	-0.0070428	-1.1427e-09	0.0070482	3.2304e-07	-3.2264e-07	-0.0047898	-1.1273e-09	0.0047906	3.2294e-07	-3.2332e-07	-0.002492	-1.1717e-09	0.0024916	3.227e-07	-3.2332e-07	-0.00016532	-1.241e-09	0.00016554	3.2278e-07	-3.2258e-07
0.28	-0.02184	-9.547e-10	0.021858	3.236e-07	-3.2378e-07	-0.019868	-1.00885e-09	0.019882	3.2348e-07	-3.2308e-07	-0.017848	-1.00613e-09	0.017868	3.2374e-07	-3.2296e-07	-0.01578	-1.02652e-09	0.015802	3.2374e-07	-3.2302e-07	-0.01368	-1.05749e-09	0.013698	3.2364e-07	-3.2282e-07	-0.011514	-1.1043e-09	0.011538	3.2298e-07	-3.2336e-07	-0.009342	-1.1307e-09	0.0093394	3.2294e-07	-3.2338e-07	-0.0070998	-1.1731e-09	0.0070968	3.2294e-07	-3.2292e-07	-0.0048242	-1.1605e-09	0.0048188	3.2316e-07	-3.2314e-07	-0.0025056	-1.1959e-09	0.0025118	3.2284e-07	-3.2326e-07	-0.00016516	-1.2722e-09	0.00016468	3.227e-07	-3.2286e-07
0.275	-0.022046	-9.7143e-10	0.022076	3.2366e-07	-3.2368e-07	-0.02005	-1.03031e-09	0.020072	3.2352e-07	-3.2332e-07	-0.018006	-1.0422e-09	0.018022	3.2384e-07	-3.2284e-07	-0.015906	-1.07163e-09	0.01593	3.2378e-07	-3.229e-07	-0.013792	-1.09888e-09	0.01381	3.2348e-07	-3.225e-07	-0.011602	-1.1211e-09	0.011626	3.2306e-07	-3.2346e-07	-0.009404	-1.1515e-09	0.0094076	3.23e-07	-3.2358e-07	-0.0071458	-1.1985e-09	0.0071444	3.228e-07	-3.2312e-07	-0.0048546	-1.1975e-09	0.0048572	3.2324e-07	-3.228e-07	-0.0025256	-1.233e-09	0.002524	3.2294e-07	-3.2324e-07	-0.00016696	-1.2965e-09	0.00016542	3.225e-07	-3.2302e-07
0.27	-0.022258	-1.0028e-09	0.02227	3.2388e-07	-3.2352e-07	-0.020224	-1.03995e-09	0.02025	3.2342e-07	-3.2362e-07	-0.018156	-1.08378e-09	0.01818	3.237e-07	-3.2272e-07	-0.016038	-1.11102e-09	0.016054	3.2374e-07	-3.2278e-07	-0.013894	-1.1063e-09	0.013914	3.2322e-07	-3.2338e-07	-0.011688	-1.1408e-09	0.01171	3.231e-07	-3.2338e-07	-0.0094694	-1.1724e-09	0.0094774	3.2304e-07	-3.2344e-07	-0.0071926	-1.2135e-09	0.007194	3.228e-07	-3.232e-07	-0.004883	-1.2363e-09	0.0048826	3.234e-07	-3.227e-07	-0.002541	-1.2667e-09	0.002542	3.2308e-07	-3.2286e-07	-0.00016528	-1.3309e-09	0.00016586	3.2254e-07	-3.23e-07
0.265	-0.022456	-1.03266e-09	0.022478	3.239e-07	-3.2314e-07	-0.020398	-1.05972e-09	0.020424	3.2346e-07	-3.2368e-07	-0.018306	-1.12584e-09	0.018328	3.2376e-07	-3.228e-07	-0.016166	-1.1054e-09	0.016182	3.2358e-07	-3.2362e-07	-0.013988	-1.1349e-09	0.014014	3.2342e-07	-3.2334e-07	-0.01177	-1.1698e-09	0.01179	3.2332e-07	-3.233e-07	-0.0095334	-1.1979e-09	0.0095348	3.232e-07	-3.234e-07	-0.0072364	-1.2362e-09	0.007236	3.2284e-07	-3.2338e-07	-0.0049148	-1.2858e-09	0.004915	3.2334e-07	-3.2248e-07	-0.0025576	-1.3087e-09	0.0025542	3.2318e-07	-3.2274e-07	-0.00016522	-1.3543e-09	0.0001667	3.2258e-07	-3.2316e-07
0.26	-0.022644	-1.07242e-09	0.022672	3.2396e-07	-3.2298e-07	-0.02056	-1.07757e-09	0.020582	3.236e-07	-3.2364e-07	-0.018438	-1.1332e-09	0.018464	3.2324e-07	-3.2338e-07	-0.016276	-1.143e-09	0.016294	3.2364e-07	-3.2324e-07	-0.014092	-1.169e-09	0.014112	3.234e-07	-3.2294e-07	-0.011852	-1.2063e-09	0.01186	3.2338e-07	-3.2288e-07	-0.0095928	-1.2361e-09	0.0095936	3.2334e-07	-3.2314e-07	-0.007281	-1.2609e-09	0.0072778	3.2288e-07	-3.2332e-07	-0.0049396	-1.3318e-09	0.0049406	3.2322e-07	-3.2252e-07	-0.0025674	-1.3584e-09	0.00257	3.2324e-07	-3.225e-07	-0.00016978	-1.3832e-09	0.00016946	3.226e-07	-3.2326e-07
0.255	-0.02283	-1.1044e-09	0.022852	3.2346e-07	-3.238e-07	-0.020726	-1.1569e-09	0.020742	3.2364e-07	-3.2304e-07	-0.018584	-1.1515e-09	0.0186	3.2334e-07	-3.2364e-07	-0.016394	-1.1772e-09	0.016416	3.2374e-07	-3.23e-07	-0.014186	-1.2087e-09	0.014208	3.2364e-07	-3.2278e-07	-0.011928	-1.2488e-09	0.011944	3.2354e-07	-3.228e-07	-0.0096512	-1.2741e-09	0.0096546	3.235e-07	-3.2286e-07	-0.0073228	-1.2926e-09	0.007325	3.2304e-07	-3.2324e-07	-0.0049674	-1.381e-09	0.0049692	3.232e-07	-3.2268e-07	-0.0025822	-1.4027e-09	0.0025844	3.2318e-07	-3.2252e-07	-0.00016848	-1.4133e-09	0.0001712	3.2264e-07	-3.2322e-07
0.25	-0.023004	-1.1225e-09	0.023026	3.2356e-07	-3.2378e-07	-0.02088	-1.1818e-09	0.020896	3.2348e-07	-3.2332e-07	-0.018708	-1.1711e-09	0.01873	3.2338e-07	-3.2364e-07	-0.0165	-1.222e-09	0.016514	3.2374e-07	-3.2278e-07	-0.014274	-1.2584e-09	0.014296	3.236e-07	-3.2256e-07	-0.011996	-1.3017e-09	0.012016	3.2352e-07	-3.2252e-07	-0.0097064	-1.3237e-09	0.0097092	3.2352e-07	-3.2272e-07	-0.0073616	-1.336e-09	0.0073652	3.2318e-07	-3.2304e-07	-0.0049918	-1.4143e-09	0.0049952	3.231e-07	-3.2264e-07	-0.0025902	-1.4557e-09	0.0025946	3.2314e-07	-3.2266e-07	-0.00016896	-1.4418e-09	0.00017096	3.2288e-07	-3.232e-07
0.245	-0.023174	-1.1477e-09	0.023192	3.2388e-07	-3.2368e-07	-0.021028	-1.1946e-09	0.021042	3.2344e-07	-3.234e-07	-0.018834	-1.2023e-09	0.018858	3.2354e-07	-3.235e-07	-0.016606	-1.2652e-09	0.016628	3.2372e-07	-3.227e-07	-0.014364	-1.3038e-09	0.014386	3.235e-07	-3.2266e-07	-0.012062	-1.3459e-09	0.012084	3.2352e-07	-3.2268e-07	-0.0097598	-1.3734e-09	0.0097608	3.2352e-07	-3.225e-07	-0.0073984	-1.3793e-09	0.007401	3.2326e-07	-3.2278e-07	-0.0050192	-1.4519e-09	0.0050232	3.2294e-07	-3.23e-07	-0.002605	-1.4988e-09	0.002606	3.2298e-07	-3.2272e-07	-0.00017064	-1.4921e-09	0.00017214	3.2292e-07	-3.2284e-07
0.24	-0.023338	-1.1893e-09	0.02336	3.2388e-07	-3.2328e-07	-0.021166	-1.2169e-09	0.021182	3.233e-07	-3.2364e-07	-0.018948	-1.2437e-09	0.018974	3.236e-07	-3.2314e-07	-0.016702	-1.3118e-09	0.016732	3.236e-07	-3.228e-07	-0.014446	-1.3522e-09	0.014466	3.2336e-07	-3.2274e-07	-0.01213	-1.3924e-09	0.012148	3.2338e-07	-3.2286e-07	-0.0098122	-1.4199e-09	0.009813	3.234e-07	-3.2262e-07	-0.0074368	-1.4267e-09	0.007438	3.2336e-07	-3.2258e-07	-0.0050434	-1.4819e-09	0.005044	3.2284e-07	-3.2318e-07	-0.0026154	-1.5354e-09	0.002622	3.2286e-07	-3.23e-07	-0.00017266	-1.5339e-09	0.0001728	3.23e-07	-3.2264e-07
0.235	-0.023496	-1.2265e-09	0.023514	3.2394e-07	-3.231e-07	-0.021298	-1.2442e-09	0.02132	3.234e-07	-3.237e-07	-0.019072	-1.2813e-09	0.01909	3.2374e-07	-3.2292e-07	-0.016796	-1.3501e-09	0.01683	3.2344e-07	-3.2298e-07	-0.01453	-1.3837e-09	0.014544	3.2328e-07	-3.2284e-07	-0.012198	-1.4258e-09	0.012218	3.232e-07	-3.2296e-07	-0.0098614	-1.4634e-09	0.0098616	3.2324e-07	-3.2272e-07	-0.0074742	-1.4743e-09	0.007475	3.233e-07	-3.2236e-07	-0.0050706	-1.5077e-09	0.005067	3.2282e-07	-3.2338e-07	-0.0026322	-1.5694e-09	0.0026316	3.228e-07	-3.2302e-07	-0.00017308	-1.5886e-09	0.0001745	3.231e-07	-3.2252e-07
0.23	-0.02364	-1.2784e-09	0.023664	3.2406e-07	-3.2294e-07	-0.021426	-1.273e-09	0.021442	3.236e-07	-3.235e-07	-0.019178	-1.3307e-09	0.019196	3.2378e-07	-3.2274e-07	-0.0169	-1.3833e-09	0.01692	3.2328e-07	-3.233e-07	-0.014602	-1.4208e-09	0.014618	3.2312e-07	-3.2318e-07	-0.01226	-1.4554e-09	0.012278	3.2314e-07	-3.2328e-07	-0.0099056	-1.4968e-09	0.0099104	3.2316e-07	-3.2274e-07	-0.0075108	-1.5234e-09	0.007507	3.2322e-07	-3.225e-07	-0.005088	-1.5398e-09	0.0050906	3.2288e-07	-3.2336e-07	-0.0026408	-1.5938e-09	0.0026412	3.2274e-07	-3.233e-07	-0.0001737	-1.6432e-09	0.00017068	3.2302e-07	-3.223e-07
0.225	-0.02378	-1.321e-09	0.023806	3.2402e-07	-3.2296e-07	-0.021552	-1.3153e-09	0.021574	3.2368e-07	-3.232e-07	-0.019286	-1.377e-09	0.019308	3.237e-07	-3.2274e-07	-0.016986	-1.4055e-09	0.017008	3.2314e-07	-3.234e-07	-0.014676	-1.4411e-09	0.014694	3.2312e-07	-3.2338e-07	-0.012314	-1.4774e-09	0.01234	3.2306e-07	-3.2346e-07	-0.009957	-1.5353e-09	0.0099564	3.23e-07	-3.2308e-07	-0.007543	-1.5728e-09	0.0075442	3.231e-07	-3.2256e-07	-0.0051084	-1.5778e-09	0.0051108	3.2294e-07	-3.2332e-07	-0.00265	-1.6272e-09	0.0026514	3.2282e-07	-3.2344e-07	-0.00017406	-1.7017e-09	0.00017154	3.2298e-07	-3.2248e-07
0.22	-0.023926	-1.3658e-09	0.023942	3.2386e-07	-3.2298e-07	-0.02167	-1.3547e-09	0.021694	3.2374e-07	-3.2298e-07	-0.01939	-1.4234e-09	0.019406	3.237e-07	-3.2284e-07	-0.017076	-1.4291e-09	0.017092	3.2324e-07	-3.2368e-07	-0.01475	-1.4668e-09	0.01477	3.2312e-07	-3.2352e-07	-0.012374	-1.5077e-09	0.012392	3.2312e-07	-3.2348e-07	-0.0099978	-1.5626e-09	0.0100002	3.229e-07	-3.2334e-07	-0.0075726	-1.6141e-09	0.0075728	3.2298e-07	-3.2274e-07	-0.0051312	-1.6224e-09	0.0051328	3.2316e-07	-3.232e-07	-0.0026614	-1.6617e-09	0.0026624	3.2276e-07	-3.2334e-07	-0.00017082	-1.754e-09	0.00017496	3.2294e-07	-3.2258e-07
0.215	-0.024058	-1.4026e-09	0.024078	3.2374e-07	-3.2308e-07	-0.021788	-1.4068e-09	0.021806	3.238e-07	-3.2278e-07	-0.019482	-1.4603e-09	0.019506	3.2348e-07	-3.2284e-07	-0.017152	-1.4568e-09	0.017174	3.2328e-07	-3.236e-07	-0.014814	-1.4984e-09	0.014836	3.232e-07	-3.2344e-07	-0.012428	-1.5408e-09	0.012448	3.2314e-07	-3.2342e-07	-0.0100396	-1.5949e-09	0.0100446	3.2294e-07	-3.2344e-07	-0.007607	-1.6623e-09	0.007605	3.2294e-07	-3.2304e-07	-0.005151	-1.6681e-09	0.0051502	3.2322e-07	-3.2286e-07	-0.002674	-1.7084e-09	0.002674	3.2296e-07	-3.2322e-07	-0.00017178	-1.7951e-09	0.0001735	3.2278e-07	-3.2268e-07
0.21	-0.024184	-1.4334e-09	0.024208	3.2352e-07	-3.2352e-07	-0.021896	-1.4526e-09	0.021912	3.2372e-07	-3.2268e-07	-0.01958	-1.5064e-09	0.019602	3.233e-07	-3.232e-07	-0.017234	-1.4977e-09	0.017248	3.2354e-07	-3.235e-07	-0.01488	-1.5437e-09	0.014904	3.2336e-07	-3.2334e-07	-0.012482	-1.5842e-09	0.0125	3.2336e-07	-3.2328e-07	-0.0100822	-1.6313e-09	0.0100808	3.2292e-07	-3.2346e-07	-0.0076354	-1.6938e-09	0.0076362	3.2278e-07	-3.2326e-07	-0.0051694	-1.7152e-09	0.0051662	3.2328e-07	-3.2278e-07	-0.0026778	-1.7606e-09	0.0026816	3.2306e-07	-3.2308e-07	-0.00017536	-1.8365e-09	0.00017272	3.2268e-07	-3.2296e-07
0.205	-0.024312	-1.4558e-09	0.024334	3.2358e-07	-3.2364e-07	-0.022008	-1.5028e-09	0.022028	3.237e-07	-3.228e-07	-0.019676	-1.535e-09	0.019692	3.2326e-07	-3.2356e-07	-0.01731	-1.5494e-09	0.017336	3.2356e-07	-3.2314e-07	-0.014946	-1.5942e-09	0.014966	3.2346e-07	-3.2292e-07	-0.012536	-1.635e-09	0.01255	3.2348e-07	-3.229e-07	-0.0101194	-1.665e-09	0.0101228	3.2304e-07	-3.2328e-07	-0.0076648	-1.7251e-09	0.0076612	3.229e-07	-3.235e-07	-0.0051896	-1.7778e-09	0.0051914	3.2328e-07	-3.2252e-07	-0.0026892	-1.8107e-09	0.0026908	3.2314e-07	-3.2274e-07	-0.00017632	-1.8706e-09	0.00017758	3.225e-07	-3.2316e-07
0.2	-0.024426	-1.4853e-09	0.024446	3.2352e-07	-3.2374e-07	-0.022108	-1.5443e-09	0.022126	3.2342e-07	-3.229e-07	-0.019758	-1.5506e-09	0.019786	3.2336e-07	-3.2362e-07	-0.017384	-1.5972e-09	0.017404	3.2372e-07	-3.2292e-07	-0.015	-1.6451e-09	0.015022	3.2366e-07	-3.2274e-07	-0.012586	-1.6846e-09	0.012604	3.2358e-07	-3.2272e-07	-0.0101582	-1.714e-09	0.0101598	3.2334e-07	-3.2314e-07	-0.00769	-1.7636e-09	0.0076906	3.2288e-07	-3.2344e-07	-0.0052074	-1.8386e-09	0.0052076	3.2316e-07	-3.2244e-07	-0.002701	-1.8677e-09	0.0027006	3.232e-07	-3.2252e-07	-0.00017478	-1.9079e-09	0.0001815	3.2256e-07	-3.2328e-07
0.195	-0.024544	-1.5188e-09	0.024562	3.2364e-07	-3.238e-07	-0.02221	-1.5853e-09	0.022226	3.2336e-07	-3.232e-07	-0.019838	-1.5851e-09	0.019864	3.234e-07	-3.2358e-07	-0.017454	-1.6599e-09	0.017476	3.2372e-07	-3.2276e-07	-0.015068	-1.7007e-09	0.01509	3.2348e-07	-3.2244e-07	-0.012626	-1.7385e-09	0.012652	3.2354e-07	-3.2248e-07	-0.0101938	-1.764e-09	0.010195	3.2336e-07	-3.229e-07	-0.007716	-1.8024e-09	0.007719	3.2298e-07	-3.2338e-07	-0.0052278	-1.8972e-09	0.0052252	3.2322e-07	-3.2262e-07	-0.0027102	-1.9278e-09	0.0027086	3.2312e-07	-3.2234e-07	-0.00017874	-1.9572e-09	0.00017596	3.226e-07	-3.2326e-07
0.19	-0.024654	-1.5584e-09	0.024676	3.2384e-07	-3.237e-07	-0.022298	-1.6151e-09	0.022324	3.232e-07	-3.2344e-07	-0.019926	-1.6233e-09	0.019948	3.2368e-07	-3.2352e-07	-0.017526	-1.7128e-09	0.017542	3.2368e-07	-3.2274e-07	-0.01512	-1.7549e-09	0.01514	3.2352e-07	-3.2258e-07	-0.012678	-1.7997e-09	0.012696	3.2344e-07	-3.2262e-07	-0.010236	-1.8206e-09	0.0102312	3.2352e-07	-3.2266e-07	-0.0077422	-1.8566e-09	0.0077414	3.2326e-07	-3.2322e-07	-0.0052436	-1.9508e-09	0.0052442	3.23e-07	-3.227e-07	-0.002719	-1.9903e-09	0.0027164	3.2312e-07	-3.2242e-07	-0.00017652	-2.0017e-09	0.00017806	3.2268e-07	-3.2308e-07
0.185	-0.024758	-1.6072e-09	0.024774	3.2394e-07	-3.2332e-07	-0.022392	-1.643e-09	0.022414	3.233e-07	-3.237e-07	-0.020006	-1.6725e-09	0.020024	3.2366e-07	-3.2314e-07	-0.01759	-1.7696e-09	0.017606	3.2354e-07	-3.2286e-07	-0.015176	-1.8103e-09	0.015196	3.2338e-07	-3.2274e-07	-0.012718	-1.8564e-09	0.012742	3.2336e-07	-3.228e-07	-0.010268	-1.8873e-09	0.0102686	3.2334e-07	-3.2248e-07	-0.0077698	-1.9148e-09	0.007771	3.2328e-07	-3.228e-07	-0.0052558	-2.0002e-09	0.005257	3.2288e-07	-3.2292e-07	-0.0027244	-2.0556e-09	0.0027278	3.2302e-07	-3.2256e-07	-0.00017648	-2.0621e-09	0.00017808	3.2294e-07	-3.2308e-07
0.18	-0.024856	-1.6574e-09	0.024884	3.2414e-07	-3.2322e-07	-0.022476	-1.6757e-09	0.022502	3.2336e-07	-3.2362e-07	-0.02008	-1.7337e-09	0.0201	3.2382e-07	-3.2294e-07	-0.017652	-1.8112e-09	0.017678	3.2342e-07	-3.2296e-07	-0.015232	-1.8564e-09	0.01525	3.2328e-07	-3.2296e-07	-0.012762	-1.9044e-09	0.01279	3.2322e-07	-3.2308e-07	-0.0103002	-1.9464e-09	0.0102986	3.2332e-07	-3.2256e-07	-0.0077936	-1.965e-09	0.007794	3.2338e-07	-3.228e-07	-0.0052744	-2.0401e-09	0.005274	3.2274e-07	-3.2314e-07	-0.0027312	-2.1062e-09	0.0027318	3.2282e-07	-3.2268e-07	-0.00017866	-2.1196e-09	0.00018066	3.2306e-07	-3.2266e-07
0.175	-0.024958	-1.7128e-09	0.024982	3.2402e-07	-3.2292e-07	-0.022566	-1.7158e-09	0.022586	3.2354e-07	-3.235e-07	-0.020154	-1.7974e-09	0.020176	3.2378e-07	-3.2266e-07	-0.017718	-1.8533e-09	0.017734	3.2326e-07	-3.2328e-07	-0.015284	-1.9025e-09	0.0153	3.2306e-07	-3.2316e-07	-0.012796	-1.9506e-09	0.012826	3.2312e-07	-3.2326e-07	-0.0103306	-2.0066e-09	0.0103276	3.2324e-07	-3.2264e-07	-0.0078138	-2.0286e-09	0.0078158	3.233e-07	-3.2256e-07	-0.0052872	-2.0816e-09	0.0052892	3.2274e-07	-3.2326e-07	-0.0027382	-2.162e-09	0.0027434	3.2276e-07	-3.2298e-07	-0.00017724	-2.1818e-09	0.00018052	3.2316e-07	-3.2256e-07
0.17	-0.025048	-1.7668e-09	0.025076	3.2402e-07	-3.2292e-07	-0.022652	-1.7685e-09	0.022668	3.2362e-07	-3.2308e-07	-0.020224	-1.8571e-09	0.020244	3.2366e-07	-3.2278e-07	-0.017782	-1.8891e-09	0.0178	3.232e-07	-3.2344e-07	-0.01533	-1.9341e-09	0.015354	3.2312e-07	-3.2344e-07	-0.012842	-1.9825e-09	0.012864	3.2304e-07	-3.2352e-07	-0.0103654	-2.0474e-09	0.0103632	3.2306e-07	-3.227e-07	-0.007843	-2.0894e-09	0.0078382	3.2336e-07	-3.2262e-07	-0.0053018	-2.1275e-09	0.0053076	3.2284e-07	-3.2344e-07	-0.0027488	-2.2041e-09	0.0027482	3.2266e-07	-3.2316e-07	-0.00018028	-2.2536e-09	0.00017952	3.2312e-07	-3.2238e-07
0.165	-0.025144	-1.8251e-09	0.025166	3.2384e-07	-3.2302e-07	-0.022728	-1.8243e-09	0.022748	3.2378e-07	-3.2298e-07	-0.020296	-1.9178e-09	0.020314	3.2354e-07	-3.2288e-07	-0.01784	-1.9292e-09	0.017854	3.2328e-07	-3.2362e-07	-0.01538	-1.9755e-09	0.0154	3.2316e-07	-3.2344e-07	-0.012882	-2.0238e-09	0.012898	3.2312e-07	-3.235e-07	-0.0103926	-2.0978e-09	0.0103906	3.2308e-07	-3.2302e-07	-0.0078592	-2.1614e-09	0.0078586	3.233e-07	-3.2272e-07	-0.0053178	-2.178e-09	0.0053172	3.2286e-07	-3.2336e-07	-0.0027544	-2.2436e-09	0.002754	3.2268e-07	-3.234e-07	-0.0001776	-2.3257e-09	0.00018032	3.2298e-07	-3.2242e-07
0.16	-0.02523	-1.8668e-09	0.02526	3.2368e-07	-3.2326e-07	-0.022806	-1.8982e-09	0.022826	3.2382e-07	-3.2274e-07	-0.020358	-1.9668e-09	0.020378	3.2344e-07	-3.2304e-07	-0.017888	-1.9722e-09	0.01791	3.2334e-07	-3.2352e-07	-0.015424	-2.0173e-09	0.015444	3.2326e-07	-3.2344e-07	-0.01292	-2.0655e-09	0.012942	3.2322e-07	-3.2346e-07	-0.0104216	-2.148e-09	0.0104188	3.2296e-07	-3.2314e-07	-0.0078814	-2.2254e-09	0.0078818	3.2316e-07	-3.2274e-07	-0.0053322	-2.2344e-09	0.0053308	3.2306e-07	-3.2328e-07	-0.0027632	-2.3002e-09	0.0027608	3.2274e-07	-3.233e-07	-0.00017906	-2.4004e-09	0.00018046	3.229e-07	-3.2252e-07
0.155	-0.025316	-1.913e-09	0.025338	3.235e-07	-3.2344e-07	-0.02288	-1.9617e-09	0.022902	3.2372e-07	-3.2272e-07	-0.020426	-2.0083e-09	0.020442	3.2336e-07	-3.2334e-07	-0.017946	-2.0239e-09	0.017966	3.2354e-07	-3.2346e-07	-0.015468	-2.0739e-09	0.01549	3.2346e-07	-3.2322e-07	-0.01296	-2.1282e-09	0.012978	3.234e-07	-3.2328e-07	-0.0104492	-2.1925e-09	0.0104516	3.2296e-07	-3.233e-07	-0.007901	-2.2809e-09	0.0079066	3.2304e-07	-3.2306e-07	-0.005345	-2.2984e-09	0.0053458	3.2314e-07	-3.23e-07	-0.002769	-2.3532e-09	0.0027666	3.2288e-07	-3.2328e-07	-0.00018578	-2.4587e-09	0.00018324	3.2278e-07	-3.226e-07
0.15	-0.025404	-1.9439e-09	0.025428	3.2346e-07	-3.2372e-07	-0.022954	-2.0246e-09	0.02297	3.2358e-07	-3.228e-07	-0.02049	-2.0391e-09	0.020504	3.2324e-07	-3.2348e-07	-0.017996	-2.0841e-09	0.01802	3.2366e-07	-3.2308e-07	-0.015514	-2.1351e-09	0.015534	3.2346e-07	-3.2292e-07	-0.012988	-2.1895e-09	0.013014	3.2356e-07	-3.2298e-07	-0.0104756	-2.2446e-09	0.0104732	3.2298e-07	-3.2352e-07	-0.0079222	-2.337e-09	0.0079224	3.2288e-07	-3.2316e-07	-0.0053586	-2.3638e-09	0.005357	3.2332e-07	-3.228e-07	-0.0027774	-2.4226e-09	0.0027744	3.231e-07	-3.2316e-07	-0.00018136	-2.5205e-09	0.000184	3.227e-07	-3.229e-07
0.145	-0.02548	-1.9812e-09	0.025502	3.2354e-07	-3.2386e-07	-0.02302	-2.0718e-09	0.02304	3.235e-07	-3.2292e-07	-0.020546	-2.0874e-09	0.020568	3.2338e-07	-3.2358e-07	-0.01805	-2.1459e-09	0.01807	3.2372e-07	-3.229e-07	-0.015552	-2.2037e-09	0.015574	3.2364e-07	-3.2272e-07	-0.01303	-2.2655e-09	0.013044	3.2354e-07	-3.2272e-07	-0.0105064	-2.2933e-09	0.0105004	3.2304e-07	-3.234e-07	-0.0079412	-2.384e-09	0.0079396	3.2286e-07	-3.2328e-07	-0.0053712	-2.4355e-09	0.0053716	3.233e-07	-3.2252e-07	-0.002782	-2.4904e-09	0.0027804	3.231e-07	-3.228e-07	-0.00018106	-2.5776e-09	0.0001811	3.225e-07	-3.23e-07
0.14	-0.02556	-2.0196e-09	0.025576	3.237e-07	-3.237e-07	-0.02309	-2.1227e-09	0.023108	3.2334e-07	-3.2326e-07	-0.0206	-2.136e-09	0.02062	3.2344e-07	-3.2358e-07	-0.018096	-2.2159e-09	0.01812	3.2372e-07	-3.2258e-07	-0.015596	-2.2801e-09	0.01562	3.2354e-07	-3.2246e-07	-0.013058	-2.3391e-09	0.013082	3.235e-07	-3.226e-07	-0.0105256	-2.3606e-09	0.0105288	3.2318e-07	-3.2334e-07	-0.0079608	-2.4348e-09	0.0079632	3.2282e-07	-3.2344e-07	-0.0053822	-2.5145e-09	0.0053806	3.2324e-07	-3.2244e-07	-0.0027836	-2.5624e-09	0.0027872	3.2316e-07	-3.2266e-07	-0.00018834	-2.6251e-09	0.00018208	3.2258e-07	-3.2328e-07
0.135	-0.025634	-2.0866e-09	0.025652	3.2382e-07	-3.235e-07	-0.023154	-2.1645e-09	0.023176	3.2328e-07	-3.2352e-07	-0.020658	-2.1988e-09	0.020672	3.2364e-07	-3.2342e-07	-0.018146	-2.2844e-09	0.018168	3.2366e-07	-3.2274e-07	-0.015634	-2.3508e-09	0.015656	3.236e-07	-3.2272e-07	-0.01309	-2.4116e-09	0.013108	3.2352e-07	-3.2278e-07	-0.0105512	-2.4296e-09	0.0105544	3.233e-07	-3.2306e-07	-0.0079782	-2.4895e-09	0.007976	3.2288e-07	-3.2338e-07	-0.0053936	-2.5927e-09	0.0053928	3.2324e-07	-3.225e-07	-0.002791	-2.6416e-09	0.0027946	3.231e-07	-3.2252e-07	-0.00017986	-2.6901e-09	0.0001829	3.226e-07	-3.2326e-07
0.13	-0.025704	-2.1444e-09	0.025724	3.2394e-07	-3.2314e-07	-0.023216	-2.2106e-09	0.023232	3.234e-07	-3.236e-07	-0.020712	-2.2659e-09	0.020732	3.2378e-07	-3.231e-07	-0.01819	-2.3567e-09	0.01821	3.2346e-07	-3.2286e-07	-0.01567	-2.4186e-09	0.01569	3.234e-07	-3.2284e-07	-0.013116	-2.4748e-09	0.013142	3.2322e-07	-3.2276e-07	-0.0105772	-2.4946e-09	0.010576	3.2332e-07	-3.2278e-07	-0.007996	-2.5509e-09	0.0079952	3.2302e-07	-3.2326e-07	-0.0054082	-2.6712e-09	0.0054028	3.2304e-07	-3.2262e-07	-0.0028014	-2.7203e-09	0.002797	3.2316e-07	-3.2244e-07	-0.0001805	-2.7551e-09	0.00018114	3.227e-07	-3.2328e-07
0.125	-0.025776	-2.2274e-09	0.02579	3.24e-07	-3.2298e-07	-0.02328	-2.2619e-09	0.023294	3.234e-07	-3.2356e-07	-0.020762	-2.3322e-09	0.020784	3.2382e-07	-3.228e-07	-0.018232	-2.4168e-09	0.018256	3.2334e-07	-3.2314e-07	-0.015712	-2.4739e-09	0.01573	3.2326e-07	-3.2314e-07	-0.013152	-2.5336e-09	0.013174	3.2312e-07	-3.231e-07	-0.0106006	-2.5788e-09	0.0105982	3.2348e-07	-3.2258e-07	-0.008016	-2.6295e-09	0.0080118	3.2318e-07	-3.2306e-07	-0.0054154	-2.7353e-09	0.0054166	3.2294e-07	-3.227e-07	-0.0028072	-2.8033e-09	0.0028078	3.2304e-07	-3.2252e-07	-0.00018424	-2.8299e-09	0.0001833	3.2286e-07	-3.2318e-07
0.12	-0.025838	-2.2891e-09	0.02586	3.2386e-07	-3.228e-07	-0.023334	-2.3206e-09	0.02336	3.2352e-07	-3.2342e-07	-0.020818	-2.4046e-09	0.020836	3.2374e-07	-3.227e-07	-0.018278	-2.4771e-09	0.018296	3.2324e-07	-3.2328e-07	-0.015744	-2.5331e-09	0.015766	3.2318e-07	-3.2334e-07	-0.01318	-2.5894e-09	0.013202	3.2298e-07	-3.2328e-07	-0.0106248	-2.6606e-09	0.0106238	3.2334e-07	-3.224e-07	-0.008027	-2.7046e-09	0.0080286	3.2326e-07	-3.2278e-07	-0.0054276	-2.8038e-09	0.005425	3.2292e-07	-3.2304e-07	-0.0028098	-2.8844e-09	0.0028118	3.2286e-07	-3.2262e-07	-0.00018502	-2.9118e-09	0.0001837	3.2292e-07	-3.228e-07
0.115	-0.025906	-2.3762e-09	0.025926	3.2382e-07	-3.2282e-07	-0.023394	-2.3884e-09	0.023412	3.237e-07	-3.23e-07	-0.020864	-2.4812e-09	0.020886	3.2374e-07	-3.2282e-07	-0.018314	-2.5203e-09	0.01834	3.2324e-07	-3.2356e-07	-0.015782	-2.5815e-09	0.015802	3.2314e-07	-3.235e-07	-0.013202	-2.6376e-09	0.013232	3.2304e-07	-3.235e-07	-0.0106438	-2.7383e-09	0.0106456	3.233e-07	-3.2252e-07	-0.0080448	-2.7877e-09	0.0080446	3.2338e-07	-3.2252e-07	-0.0054348	-2.863e-09	0.0054368	3.2284e-07	-3.2328e-07	-0.0028124	-2.9583e-09	0.0028156	3.228e-07	-3.2288e-07	-0.00018366	-2.9911e-09	0.00018506	3.2304e-07	-3.2266e-07
0.11	-0.02597	-2.4332e-09	0.02599	3.2358e-07	-3.2286e-07	-0.023446	-2.4582e-09	0.02347	3.2378e-07	-3.2292e-07	-0.02091	-2.5532e-09	0.020928	3.2352e-07	-3.229e-07	-0.018354	-2.5774e-09	0.018378	3.2322e-07	-3.2356e-07	-0.015812	-2.6449e-09	0.015832	3.2314e-07	-3.2352e-07	-0.013232	-2.705e-09	0.013252	3.2306e-07	-3.234e-07	-0.0106676	-2.8176e-09	0.0106656	3.2322e-07	-3.2272e-07	-0.0080624	-2.8696e-09	0.0080592	3.2328e-07	-3.2234e-07	-0.0054436	-2.926e-09	0.0054472	3.2276e-07	-3.2344e-07	-0.0028184	-3.0275e-09	0.0028244	3.2272e-07	-3.2306e-07	-0.00018482	-3.0832e-09	0.00018414	3.2304e-07	-3.224e-07
0.105	-0.02603	-2.4987e-09	0.026048	3.2352e-07	-3.2324e-07	-0.023502	-2.5383e-09	0.023526	3.2378e-07	-3.2262e-07	-0.020954	-2.6182e-09	0.020982	3.2342e-07	-3.2318e-07	-0.018398	-2.6379e-09	0.018416	3.2336e-07	-3.2346e-07	-0.015842	-2.7082e-09	0.015868	3.2324e-07	-3.2344e-07	-0.013262	-2.7736e-09	0.01328	3.2328e-07	-3.234e-07	-0.0106876	-2.8872e-09	0.0106878	3.231e-07	-3.2284e-07	-0.0080772	-2.9469e-09	0.0080764	3.2322e-07	-3.2252e-07	-0.0054564	-2.9971e-09	0.0054552	3.2284e-07	-3.2334e-07	-0.0028228	-3.0866e-09	0.002825	3.2258e-07	-3.232e-07	-0.00018514	-3.1754e-09	0.00018234	3.2298e-07	-3.2228e-07
0.1	-0.026086	-2.5519e-09	0.026112	3.2328e-07	-3.2334e-07	-0.023552	-2.6161e-09	0.023576	3.2374e-07	-3.2266e-07	-0.021004	-2.6786e-09	0.021022	3.2332e-07	-3.2338e-07	-0.018438	-2.712e-09	0.01846	3.2358e-07	-3.2332e-07	-0.015874	-2.7836e-09	0.015896	3.2342e-07	-3.2328e-07	-0.013286	-2.8526e-09	0.013302	3.2338e-07	-3.2302e-07	-0.0107072	-2.9512e-09	0.0107036	3.2296e-07	-3.2308e-07	-0.0080914	-3.0402e-09	0.0080908	3.2318e-07	-3.2266e-07	-0.0054658	-3.0717e-09	0.0054694	3.2298e-07	-3.233e-07	-0.0028282	-3.1606e-09	0.002828	3.2268e-07	-3.2338e-07	-0.00018412	-3.2703e-09	0.00018898	3.2294e-07	-3.2248e-07
0.095	-0.026146	-2.6032e-09	0.026168	3.2334e-07	-3.2368e-07	-0.023604	-2.6965e-09	0.023624	3.2354e-07	-3.228e-07	-0.021044	-2.7328e-09	0.02106	3.2334e-07	-3.237e-07	-0.018474	-2.7913e-09	0.018498	3.2364e-07	-3.2302e-07	-0.015904	-2.8599e-09	0.015928	3.2356e-07	-3.2296e-07	-0.013308	-2.9353e-09	0.013332	3.2352e-07	-3.2274e-07	-0.010725	-3.0171e-09	0.0107242	3.2288e-07	-3.2328e-07	-0.0081018	-3.1208e-09	0.0081044	3.23e-07	-3.2266e-07	-0.0054762	-3.1574e-09	0.005477	3.2312e-07	-3.2318e-07	-0.002834	-3.2352e-09	0.0028362	3.228e-07	-3.2338e-07	-0.00018874	-3.3606e-09	0.00018434	3.2282e-07	-3.2256e-07
0.09	-0.026198	-2.6638e-09	0.026226	3.2348e-07	-3.2366e-07	-0.023658	-2.7677e-09	0.023676	3.2342e-07	-3.2298e-07	-0.021084	-2.7965e-09	0.021114	3.234e-07	-3.2374e-07	-0.018504	-2.8779e-09	0.018534	3.2376e-07	-3.2278e-07	-0.015942	-2.9511e-09	0.015962	3.2364e-07	-3.2276e-07	-0.013334	-3.0268e-09	0.013358	3.2356e-07	-3.226e-07	-0.0107424	-3.093e-09	0.010746	3.2292e-07	-3.235e-07	-0.0081164	-3.2034e-09	0.0081148	3.2292e-07	-3.23e-07	-0.005484	-3.2423e-09	0.0054846	3.2324e-07	-3.2284e-07	-0.0028398	-3.3181e-09	0.00284	3.2298e-07	-3.2322e-07	-0.0001853	-3.4483e-09	0.00018498	3.2272e-07	-3.228e-07
0.085	-0.026254	-2.7193e-09	0.02628	3.2354e-07	-3.2364e-07	-0.0237	-2.8305e-09	0.023718	3.2328e-07	-3.2326e-07	-0.02113	-2.8603e-09	0.021148	3.2352e-07	-3.2352e-07	-0.018546	-2.9674e-09	0.018564	3.237e-07	-3.2268e-07	-0.015962	-3.0367e-09	0.01599	3.236e-07	-3.2264e-07	-0.01336	-3.1157e-09	0.013378	3.2336e-07	-3.2262e-07	-0.0107594	-3.1673e-09	0.010764	3.2296e-07	-3.2344e-07	-0.0081306	-3.2731e-09	0.0081318	3.2276e-07	-3.2312e-07	-0.0054936	-3.3354e-09	0.0054968	3.2328e-07	-3.227e-07	-0.0028404	-3.4142e-09	0.0028452	3.2312e-07	-3.2308e-07	-0.00018376	-3.5311e-09	0.00018316	3.2264e-07	-3.2296e-07
0.08	-0.026308	-2.7981e-09	0.02633	3.2366e-07	-3.2322e-07	-0.023744	-2.881e-09	0.02377	3.2342e-07	-3.235e-07	-0.021164	-2.9433e-09	0.021182	3.2356e-07	-3.2328e-07	-0.018576	-3.0579e-09	0.018604	3.2354e-07	-3.2286e-07	-0.016	-3.1319e-09	0.016008	3.2354e-07	-3.2276e-07	-0.013378	-3.2129e-09	0.013396	3.2334e-07	-3.2268e-07	-0.0107798	-3.2432e-09	0.0107758	3.2308e-07	-3.233e-07	-0.0081452	-3.3421e-09	0.008143	3.2276e-07	-3.2326e-07	-0.0055036	-3.4361e-09	0.005502	3.2328e-07	-3.225e-07	-0.0028476	-3.5047e-09	0.0028492	3.2316e-07	-3.228e-07	-0.00018526	-3.6015e-09	0.00018662	3.2266e-07	-3.232e-07
0.075	-0.026356	-2.873e-09	0.026382	3.2396e-07	-3.2308e-07	-0.02379	-2.953e-09	0.023812	3.2346e-07	-3.2368e-07	-0.021206	-3.0253e-09	0.021232	3.2376e-07	-3.2302e-07	-0.018608	-3.1363e-09	0.01863	3.2344e-07	-3.2286e-07	-0.016022	-3.2166e-09	0.016038	3.2334e-07	-3.2288e-07	-0.0134	-3.2973e-09	0.01342	3.2318e-07	-3.2282e-07	-0.0107958	-3.3316e-09	0.010798	3.2322e-07	-3.2318e-07	-0.0081584	-3.4253e-09	0.008157	3.2282e-07	-3.2332e-07	-0.0055074	-3.5357e-09	0.0055156	3.2324e-07	-3.2254e-07	-0.0028534	-3.6038e-09	0.0028526	3.2326e-07	-3.2256e-07	-0.00018852	-3.6847e-09	0.00018934	3.2264e-07	-3.2338e-07
0.07	-0.026416	-2.97e-09	0.026432	3.2396e-07	-3.229e-07	-0.023834	-3.0182e-09	0.023858	3.2344e-07	-3.236e-07	-0.021242	-3.1209e-09	0.021264	3.2376e-07	-3.2288e-07	-0.018648	-3.2166e-09	0.018664	3.233e-07	-3.232e-07	-0.016054	-3.2989e-09	0.01607	3.232e-07	-3.2306e-07	-0.013424	-3.3745e-09	0.013442	3.2306e-07	-3.2318e-07	-0.010814	-3.4238e-09	0.0108132	3.2342e-07	-3.229e-07	-0.0081676	-3.5016e-09	0.008168	3.2288e-07	-3.2334e-07	-0.0055202	-3.6385e-09	0.005517	3.232e-07	-3.2252e-07	-0.0028562	-3.7108e-09	0.0028552	3.2322e-07	-3.2238e-07	-0.0001877	-3.7749e-09	0.00018702	3.2268e-07	-3.233e-07
0.065	-0.026458	-3.0592e-09	0.02648	3.239e-07	-3.2274e-07	-0.023876	-3.1037e-09	0.023896	3.2366e-07	-3.2346e-07	-0.021282	-3.215e-09	0.0213	3.2372e-07	-3.2282e-07	-0.01867	-3.2898e-09	0.018696	3.2316e-07	-3.2338e-07	-0.016076	-3.3753e-09	0.016092	3.231e-07	-3.2334e-07	-0.013446	-3.4453e-09	0.013466	3.2302e-07	-3.2334e-07	-0.010827	-3.5197e-09	0.0108316	3.2348e-07	-3.2274e-07	-0.0081802	-3.5977e-09	0.0081808	3.2308e-07	-3.2332e-07	-0.0055252	-3.7359e-09	0.0055246	3.23e-07	-3.2256e-07	-0.002858	-3.8208e-09	0.0028574	3.2316e-07	-3.225e-07	-0.0001831	-3.8725e-09	0.00019036	3.228e-07	-3.2318e-07
0.06	-0.026504	-3.1531e-09	0.026528	3.2388e-07	-3.2288e-07	-0.02392	-3.192e-09	0.02393	3.2378e-07	-3.231e-07	-0.021314	-3.3141e-09	0.02133	3.2366e-07	-3.229e-07	-0.0187	-3.3631e-09	0.01872	3.2324e-07	-3.2366e-07	-0.016102	-3.4428e-09	0.016124	3.2316e-07	-3.2362e-07	-0.013464	-3.5253e-09	0.013486	3.2312e-07	-3.2346e-07	-0.0108466	-3.6256e-09	0.0108464	3.234e-07	-3.2252e-07	-0.0081928	-3.7019e-09	0.008192	3.2318e-07	-3.2302e-07	-0.0055366	-3.8261e-09	0.0055322	3.2292e-07	-3.2286e-07	-0.0028626	-3.9251e-09	0.0028624	3.2306e-07	-3.2264e-07	-0.00018794	-3.9829e-09	0.0001875	3.2286e-07	-3.2294e-07
0.055	-0.026548	-3.2394e-09	0.026574	3.236e-07	-3.2288e-07	-0.023954	-3.2857e-09	0.02398	3.2394e-07	-3.2286e-07	-0.021352	-3.3989e-09	0.021372	3.2354e-07	-3.2302e-07	-0.01873	-3.4404e-09	0.018758	3.2322e-07	-3.2356e-07	-0.016126	-3.5236e-09	0.016144	3.2316e-07	-3.2356e-07	-0.013486	-3.6093e-09	0.013508	3.2304e-07	-3.2338e-07	-0.0108614	-3.7344e-09	0.0108602	3.2334e-07	-3.2252e-07	-0.0081984	-3.8032e-09	0.008205	3.2324e-07	-3.2276e-07	-0.0055404	-3.9202e-09	0.005542	3.2276e-07	-3.2302e-07	-0.0028674	-4.0288e-09	0.0028668	3.2288e-07	-3.2274e-07	-0.00018832	-4.0867e-09	0.000187	3.2302e-07	-3.2264e-07
0.05	-0.026592	-3.3202e-09	0.026616	3.2352e-07	-3.233e-07	-0.023998	-3.3875e-09	0.024014	3.2372e-07	-3.2264e-07	-0.02138	-3.4819e-09	0.0214	3.2334e-07	-3.2326e-07	-0.018756	-3.5254e-09	0.018778	3.2348e-07	-3.2352e-07	-0.016152	-3.6069e-09	0.016168	3.2338e-07	-3.235e-07	-0.013502	-3.7071e-09	0.013522	3.2336e-07	-3.2332e-07	-0.0108788	-3.8431e-09	0.0108762	3.2328e-07	-3.227e-07	-0.008217	-3.9073e-09	0.0082124	3.2334e-07	-3.2252e-07	-0.0055498	-4.0037e-09	0.005548	3.2276e-07	-3.2322e-07	-0.0028706	-4.1313e-09	0.002875	3.2274e-07	-3.2304e-07	-0.00018926	-4.2007e-09	0.00018452	3.231e-07	-3.2242e-07
0.045	-0.026638	-3.3817e-09	0.02666	3.2338e-07	-3.2354e-07	-0.024028	-3.4899e-09	0.024054	3.2372e-07	-3.2274e-07	-0.021416	-3.5587e-09	0.021434	3.2322e-07	-3.2348e-07	-0.01879	-3.6239e-09	0.018812	3.2348e-07	-3.2318e-07	-0.016172	-3.7113e-09	0.016194	3.2352e-07	-3.2322e-07	-0.013522	-3.8053e-09	0.01355	3.2344e-07	-3.229e-07	-0.0108906	-3.9367e-09	0.0108914	3.2318e-07	-3.2272e-07	-0.0082246	-4.019e-09	0.008224	3.2322e-07	-3.2232e-07	-0.0055548	-4.0978e-09	0.005557	3.2276e-07	-3.2344e-07	-0.0028732	-4.2215e-09	0.0028752	3.2268e-07	-3.2316e-07	-0.00018628	-4.3262e-09	0.00018598	3.2298e-07	-3.2224e-07
0.04	-0.026676	-3.4635e-09	0.026702	3.2364e-07	-3.2394e-07	-0.024074	-3.5867e-09	0.024088	3.2356e-07	-3.2284e-07	-0.021442	-3.6379e-09	0.021468	3.234e-07	-3.2362e-07	-0.018818	-3.7184e-09	0.018838	3.236e-07	-3.2292e-07	-0.0162	-3.812e-09	0.016214	3.2364e-07	-3.2298e-07	-0.013542	-3.918e-09	0.013562	3.2358e-07	-3.2276e-07	-0.0109012	-4.0366e-09	0.010908	3.2312e-07	-3.2306e-07	-0.0082332	-4.1336e-09	0.0082348	3.2318e-07	-3.2256e-07	-0.0055596	-4.2024e-09	0.005563	3.2276e-07	-3.2334e-07	-0.0028772	-4.3139e-09	0.002878	3.2274e-07	-3.234e-07	-0.0001883	-4.4482e-09	0.0001896	3.23e-07	-3.2242e-07
0.035	-0.02672	-3.5404e-09	0.026744	3.2378e-07	-3.2386e-07	-0.024102	-3.6721e-09	0.024126	3.2342e-07	-3.2308e-07	-0.021484	-3.7262e-09	0.021496	3.234e-07	-3.236e-07	-0.018838	-3.835e-09	0.01886	3.2372e-07	-3.228e-07	-0.016212	-3.9333e-09	0.01624	3.2366e-07	-3.2284e-07	-0.013554	-4.032e-09	0.013582	3.2348e-07	-3.2248e-07	-0.0109184	-4.1338e-09	0.0109164	3.2298e-07	-3.2326e-07	-0.0082426	-4.252e-09	0.0082454	3.2304e-07	-3.2256e-07	-0.0055702	-4.311e-09	0.0055708	3.2298e-07	-3.2326e-07	-0.0028816	-4.4222e-09	0.0028768	3.228e-07	-3.2334e-07	-0.00018278	-4.5707e-09	0.00018956	3.2286e-07	-3.2252e-07
0.03	-0.026756	-3.6236e-09	0.02678	3.239e-07	-3.2368e-07	-0.024138	-3.7582e-09	0.024158	3.233e-07	-3.2332e-07	-0.021512	-3.8211e-09	0.021526	3.2354e-07	-3.2356e-07	-0.018868	-3.9445e-09	0.018884	3.2366e-07	-3.2268e-07	-0.01624	-4.0421e-09	0.016258	3.2364e-07	-3.2276e-07	-0.013572	-4.1505e-09	0.013598	3.2342e-07	-3.226e-07	-0.0109324	-4.2222e-09	0.010935	3.2288e-07	-3.233e-07	-0.0082554	-4.358e-09	0.008253	3.2302e-07	-3.227e-07	-0.0055764	-4.4258e-09	0.0055764	3.2312e-07	-3.2296e-07	-0.002881	-4.5288e-09	0.002883	3.228e-07	-3.2328e-07	-0.0001909	-4.6881e-09	0.00018806	3.2286e-07	-3.2266e-07
0.025	-0.026794	-3.7324e-09	0.026818	3.2406e-07	-3.2328e-07	-0.024174	-3.8399e-09	0.024196	3.2328e-07	-3.2358e-07	-0.02154	-3.9266e-09	0.021554	3.2362e-07	-3.2312e-07	-0.018892	-4.0613e-09	0.018914	3.2366e-07	-3.2278e-07	-0.016258	-4.1605e-09	0.01628	3.2356e-07	-3.228e-07	-0.013594	-4.2642e-09	0.01361	3.2324e-07	-3.227e-07	-0.0109436	-4.3273e-09	0.0109456	3.229e-07	-3.2342e-07	-0.0082636	-4.4689e-09	0.0082632	3.2288e-07	-3.2306e-07	-0.0055836	-4.5433e-09	0.0055834	3.2322e-07	-3.2274e-07	-0.002886	-4.6546e-09	0.0028924	3.2304e-07	-3.2316e-07	-0.00018718	-4.8059e-09	0.00018996	3.2274e-07	-3.2298e-07
0.02	-0.026834	-3.827e-09	0.026852	3.2424e-07	-3.2312e-07	-0.024208	-3.9338e-09	0.024224	3.2334e-07	-3.2358e-07	-0.021566	-4.0346e-09	0.021588	3.238e-07	-3.2302e-07	-0.018914	-4.1681e-09	0.018936	3.2344e-07	-3.2286e-07	-0.016282	-4.2655e-09	0.0163	3.2334e-07	-3.229e-07	-0.013612	-4.3532e-09	0.01363	3.2318e-07	-3.2296e-07	-0.010958	-4.4319e-09	0.0109578	3.2298e-07	-3.2332e-07	-0.008276	-4.5667e-09	0.0082762	3.2276e-07	-3.232e-07	-0.0055846	-4.6654e-09	0.0055892	3.2334e-07	-3.2256e-07	-0.002891	-4.7777e-09	0.0028924	3.231e-07	-3.2286e-07	-0.00018644	-4.9137e-09	0.00018812	3.226e-07	-3.2316e-07
0.015	-0.02687	-3.9372e-09	0.026892	3.242e-07	-3.2284e-07	-0.02424	-4.028e-09	0.02426	3.2352e-07	-3.2352e-07	-0.021588	-4.1539e-09	0.021618	3.2384e-07	-3.2274e-07	-0.018942	-4.2703e-09	0.018962	3.2334e-07	-3.2318e-07	-0.0163	-4.3741e-09	0.016324	3.2312e-07	-3.2314e-07	-0.01363	-4.4632e-09	0.01365	3.2298e-07	-3.2318e-07	-0.0109706	-4.5481e-09	0.0109766	3.2322e-07	-3.2332e-07	-0.0082848	-4.673e-09	0.0082824	3.2282e-07	-3.2344e-07	-0.005595	-4.8031e-09	0.0055938	3.2322e-07	-3.2238e-07	-0.0028936	-4.8996e-09	0.0028908	3.2324e-07	-3.2272e-07	-0.0001906	-5.0247e-09	0.00018728	3.2264e-07	-3.2338e-07
0.01	-0.026904	-4.0662e-09	0.02693	3.2418e-07	-3.23e-07	-0.024262	-4.1381e-09	0.024288	3.2364e-07	-3.2332e-07	-0.021622	-4.2726e-09	0.021644	3.2378e-07	-3.228e-07	-0.01896	-4.3581e-09	0.018984	3.2322e-07	-3.235e-07	-0.016314	-4.4742e-09	0.016332	3.2302e-07	-3.2338e-07	-0.013642	-4.5767e-09	0.013666	3.2298e-07	-3.2342e-07	-0.0109842	-4.6672e-09	0.0109876	3.2328e-07	-3.2298e-07	-0.0082932	-4.7712e-09	0.0082928	3.228e-07	-3.2332e-07	-0.0055998	-4.9364e-09	0.005603	3.232e-07	-3.2252e-07	-0.0028984	-5.0376e-09	0.0028968	3.2324e-07	-3.2252e-07	-0.00019166	-5.1426e-09	0.0001887	3.2268e-07	-3.2332e-07
0.005	-0.026942	-4.1814e-09	0.026962	3.2406e-07	-3.2312e-07	-0.024298	-4.2478e-09	0.024312	3.2376e-07	-3.2302e-07	-0.021644	-4.3908e-09	0.02167	3.2364e-07	-3.2288e-07	-0.018982	-4.4453e-09	0.01901	3.2328e-07	-3.237e-07	-0.016336	-4.5796e-09	0.016354	3.2312e-07	-3.235e-07	-0.013654	-4.6855e-09	0.013676	3.2306e-07	-3.235e-07	-0.0109962	-4.7978e-09	0.0109946	3.2334e-07	-3.2278e-07	-0.0083006	-4.8845e-09	0.0083002	3.23e-07	-3.2328e-07	-0.0056048	-5.0742e-09	0.0056072	3.2314e-07	-3.226e-07	-0.0028996	-5.1809e-09	0.0029004	3.2316e-07	-3.2252e-07	-0.00019052	-5.2697e-09	0.00018648	3.228e-07	-3.2326e-07
0	-0.026974	-4.2796e-09	0.026996	3.2414e-07	-3.2358e-07	-0.024326	-4.3706e-09	0.024352	3.238e-07	-3.229e-07	-0.021674	-4.5031e-09	0.021694	3.2352e-07	-3.2306e-07	-0.019004	-4.5541e-09	0.019028	3.233e-07	-3.2364e-07	-0.016354	-4.6889e-09	0.016372	3.2318e-07	-3.2344e-07	-0.01367	-4.7942e-09	0.013694	3.2316e-07	-3.2338e-07	-0.011008	-4.9308e-09	0.0110076	3.2342e-07	-3.226e-07	-0.0083108	-5.0187e-09	0.008313	3.2316e-07	-3.2312e-07	-0.005615	-5.2001e-09	0.0056076	3.23e-07	-3.2274e-07	-0.0029014	-5.3287e-09	0.0029032	3.2316e-07	-3.2262e-07	-0.00018664	-5.4145e-09	0.00019134	3.2294e-07	-3.231e-07
