I/V Sweep,id_vds
RecordTime,04/14/2025 12:31:38
Device ID,
Count,2
Flag,
Remarks,
vd,vg,id,ig,is,iavdd,ignd
0,0,-5.7045E-09,-6.2850000000000008E-11,4.0510000000000004E-11,3.443E-07,-3.391E-07
0.005,0,-4.2783E-09,-7.249E-11,-2.0541000000000002E-10,3.4335999999999997E-07,-3.3886E-07
0.01,0,-3.8424E-09,-8.21E-11,-4.0573000000000006E-10,3.4293999999999997E-07,-3.386E-07
0.015000000000000001,0,-3.447E-09,-9.018E-11,-5.8093000000000008E-10,3.4272E-07,-3.3866E-07
0.02,0,-3.1094E-09,-1.0015000000000001E-10,-7.2388000000000009E-10,3.4214E-07,-3.3816E-07
0.025,0,-2.7901E-09,-1.0935E-10,-8.4390000000000005E-10,3.418E-07,-3.38E-07
0.030000000000000002,0,-2.4998E-09,-1.1891E-10,-9.4657000000000018E-10,3.4132E-07,-3.3778E-07
0.035,0,-2.2368E-09,-1.2534E-10,-1.0369E-09,3.4136E-07,-3.3764E-07
0.04,0,-1.9975E-09,-1.3737E-10,-1.11233E-09,3.408E-07,-3.3756E-07
0.045000000000000005,0,-1.7683E-09,-1.4576000000000002E-10,-1.1751E-09,3.4028E-07,-3.3728E-07
0.05,0,-1.5344E-09,-1.5317E-10,-1.2282E-09,3.4006E-07,-3.3716E-07
0.055,0,-1.3265E-09,-1.6241E-10,-1.2788E-09,3.3978E-07,-3.37E-07
0.060000000000000005,0,-1.1439E-09,-1.7175E-10,-1.3235E-09,3.3962E-07,-3.369E-07
0.065,0,-9.5978000000000017E-10,-1.7954E-10,-1.3557E-09,3.3924E-07,-3.3674E-07
0.07,0,-7.7955000000000006E-10,-1.8771000000000002E-10,-1.3908E-09,3.3912E-07,-3.3676E-07
0.075,0,-6.1264000000000007E-10,-1.9707000000000002E-10,-1.4236E-09,3.3882E-07,-3.3662E-07
0.08,0,-4.5848000000000005E-10,-2.0879E-10,-1.4518E-09,3.3868E-07,-3.3648E-07
0.085,0,-3.0066E-10,-2.1699000000000002E-10,-1.4747E-09,3.3849999999999997E-07,-3.3646E-07
0.090000000000000011,0,-1.5470000000000002E-10,-2.2728000000000002E-10,-1.4996E-09,3.3834E-07,-3.365E-07
0.095,0,-6.35E-12,-2.3651E-10,-1.5204E-09,3.3816E-07,-3.3653999999999997E-07
0.1,0,1.325E-10,-2.4831E-10,-1.5388E-09,3.3802E-07,-3.3634E-07
0.10500000000000001,0,2.7575E-10,-2.5767E-10,-1.5593E-09,3.3784E-07,-3.3625999999999997E-07
0.11,0,4.0818000000000003E-10,-2.6657000000000004E-10,-1.5817E-09,3.3774E-07,-3.3632E-07
0.115,0,5.3397000000000007E-10,-2.7764000000000004E-10,-1.5941E-09,3.3762E-07,-3.3628E-07
0.12000000000000001,0,6.7308E-10,-2.8802E-10,-1.6065E-09,3.3746E-07,-3.3622E-07
0.125,0,8.0106E-10,-2.977E-10,-1.6257E-09,3.3726E-07,-3.362E-07
0.13,0,9.2821E-10,-3.0720000000000004E-10,-1.6384E-09,3.3718E-07,-3.362E-07
0.135,0,1.0496E-09,-3.1704E-10,-1.6494E-09,3.3702E-07,-3.3606E-07
0.14,0,1.1483E-09,-3.2681000000000003E-10,-1.6622E-09,3.3688E-07,-3.3606E-07
0.14500000000000002,0,1.2768E-09,-3.3775000000000005E-10,-1.6758E-09,3.3681999999999997E-07,-3.3604E-07
0.15,0,1.3905E-09,-3.4799E-10,-1.6918E-09,3.3667999999999997E-07,-3.3606E-07
0.155,0,1.5129E-09,-3.6087E-10,-1.7056E-09,3.3656E-07,-3.3608E-07
0.16,0,1.6289E-09,-3.7084000000000003E-10,-1.717E-09,3.3644E-07,-3.361E-07
0.165,0,1.7599E-09,-3.8041000000000003E-10,-1.7327E-09,3.3638E-07,-3.3606E-07
0.17,0,1.8684E-09,-3.9287E-10,-1.7443E-09,3.363E-07,-3.3597999999999997E-07
0.17500000000000002,0,1.9894E-09,-4.0497000000000005E-10,-1.7575E-09,3.3614E-07,-3.3596E-07
0.18000000000000002,0,2.1111E-09,-4.1640000000000003E-10,-1.7676E-09,3.36E-07,-3.3602E-07
0.185,0,2.2148E-09,-4.2757000000000005E-10,-1.7853E-09,3.3602E-07,-3.3596E-07
0.19,0,2.3242E-09,-4.4023000000000004E-10,-1.7958E-09,3.3592E-07,-3.36E-07
0.195,0,2.428E-09,-4.5351E-10,-1.8051E-09,3.3588E-07,-3.3606E-07
0.2,0,2.5581E-09,-4.6413000000000003E-10,-1.8186E-09,3.3568E-07,-3.3588E-07
0.20500000000000002,0,2.6616E-09,-4.7695E-10,-1.8306E-09,3.362E-07,-3.365E-07
0.21000000000000002,0,2.7708E-09,-4.9035000000000007E-10,-1.8392E-09,3.3558E-07,-3.3594E-07
0.215,0,2.8887E-09,-5.0217E-10,-1.8495E-09,3.3546E-07,-3.3597999999999997E-07
0.22,0,2.9935E-09,-5.1531000000000005E-10,-1.8613E-09,3.3538E-07,-3.3597999999999997E-07
0.225,0,3.1025E-09,-5.2906E-10,-1.8715E-09,3.3532E-07,-3.3602E-07
0.23,0,3.2058E-09,-5.4234E-10,-1.8823E-09,3.3524E-07,-3.3606E-07
0.23500000000000001,0,3.3217E-09,-5.5531E-10,-1.8923999999999998E-09,3.3513999999999997E-07,-3.361E-07
0.24000000000000002,0,3.4198E-09,-5.6879000000000006E-10,-1.9056E-09,3.352E-07,-3.3602E-07
0.24500000000000002,0,3.5248E-09,-5.8411000000000006E-10,-1.9164E-09,3.3506E-07,-3.3602E-07
0.25,0,3.6356E-09,-5.9729E-10,-1.9265E-09,3.3498E-07,-3.36E-07
0.255,0,3.7383E-09,-6.1017000000000008E-10,-1.9388E-09,3.3499999999999997E-07,-3.3616E-07
0.26,0,3.8453E-09,-6.2584000000000008E-10,-1.9483E-09,3.3488E-07,-3.3611999999999997E-07
0.265,0,3.9519E-09,-6.4093000000000008E-10,-1.9564E-09,3.3478E-07,-3.3611999999999997E-07
0.27,0,4.0712E-09,-6.5438000000000007E-10,-1.9646E-09,3.3471999999999997E-07,-3.3611999999999997E-07
0.275,0,4.1692E-09,-6.6997E-10,-1.9789E-09,3.3476E-07,-3.3625999999999997E-07
0.28,0,4.2716E-09,-6.8620000000000007E-10,-1.9847E-09,3.346E-07,-3.3611999999999997E-07
0.28500000000000003,0,4.3943E-09,-7.0082000000000007E-10,-1.9947E-09,3.3456E-07,-3.3624E-07
0.29000000000000004,0,4.5072E-09,-7.158900000000001E-10,-2.0029E-09,3.3442E-07,-3.3611999999999997E-07
0.29500000000000004,0,4.6092E-09,-7.3314E-10,-2.0144E-09,3.3448E-07,-3.363E-07
0.3,0,4.7007E-09,-7.4981E-10,-2.0202E-09,3.3436E-07,-3.3625999999999997E-07
0.305,0,4.811E-09,-7.6584E-10,-2.0307E-09,3.3432E-07,-3.3632E-07
0.31,0,4.9092E-09,-7.8124000000000009E-10,-2.0384E-09,3.3426E-07,-3.3625999999999997E-07
0.315,0,5.0192E-09,-7.9912E-10,-2.0485E-09,3.3428E-07,-3.3634E-07
0.32,0,5.0865E-09,-8.1694000000000008E-10,-2.0545E-09,3.3412E-07,-3.3634E-07
0.325,0,5.2338E-09,-8.3302000000000009E-10,-2.062E-09,3.3412E-07,-3.3644E-07
0.33,0,5.3263E-09,-8.502700000000001E-10,-2.0719E-09,3.3401999999999997E-07,-3.3644E-07
0.335,0,5.4421E-09,-8.6852E-10,-2.0786E-09,3.3404E-07,-3.365E-07
0.34,0,5.5606E-09,-8.8588E-10,-2.0865E-09,3.3392E-07,-3.3648E-07
0.34500000000000003,0,5.6874E-09,-9.0401000000000007E-10,-2.0959E-09,3.3396E-07,-3.365E-07
0.35000000000000003,0,5.7785E-09,-9.2206000000000012E-10,-2.1034E-09,3.3378E-07,-3.3646E-07
0.35500000000000004,0,5.8764E-09,-9.4113E-10,-2.1101E-09,3.3386E-07,-3.3656E-07
0.36000000000000004,0,5.9683E-09,-9.5943E-10,-2.1159E-09,3.3376E-07,-3.3667999999999997E-07
0.365,0,6.085E-09,-9.7835E-10,-2.1242E-09,3.3364E-07,-3.3664E-07
0.37,0,6.2071E-09,-9.9876000000000018E-10,-2.1318E-09,3.3364E-07,-3.3676E-07
0.375,0,6.3355E-09,-1.0171000000000001E-09,-2.1377E-09,3.3362E-07,-3.367E-07
0.38,0,6.4126999999999996E-09,-1.03642E-09,-2.1463E-09,3.3352E-07,-3.3678E-07
0.385,0,6.5035E-09,-1.05664E-09,-2.1529E-09,3.3336E-07,-3.3674E-07
0.39,0,6.6924E-09,-1.07873E-09,-2.1581E-09,3.3352E-07,-3.3684E-07
0.395,0,6.732E-09,-1.0990400000000002E-09,-2.1619E-09,3.3334E-07,-3.3698E-07
0.4,0,6.8286E-09,-1.1187100000000002E-09,-2.1704E-09,3.3331999999999997E-07,-3.3694E-07
0.405,0,6.9312E-09,-1.1415900000000002E-09,-2.1784E-09,3.334E-07,-3.369E-07
0.41000000000000003,0,7.0274E-09,-1.1568E-09,-2.1764E-09,3.3324E-07,-3.3688E-07
0.41500000000000004,0,7.1079E-09,-1.1793E-09,-2.1835E-09,3.3322E-07,-3.3706E-07
0.42000000000000004,0,7.1722E-09,-1.2006E-09,-2.1902E-09,3.3322E-07,-3.37E-07
0.42500000000000004,0,7.3271E-09,-1.2246E-09,-2.199E-09,3.3314E-07,-3.3704E-07
0.43,0,7.4482E-09,-1.2476E-09,-2.2041E-09,3.331E-07,-3.3709999999999997E-07
0.435,0,7.561E-09,-1.2703E-09,-2.209E-09,3.3306E-07,-3.3714E-07
0.44,0,7.6754E-09,-1.2928E-09,-2.2182E-09,3.3308E-07,-3.3723999999999997E-07
0.445,0,7.7982E-09,-1.316E-09,-2.223E-09,3.3296E-07,-3.3734E-07
0.45,0,7.9355E-09,-1.3412E-09,-2.2249E-09,3.33E-07,-3.3734E-07
0.455,0,8.0406E-09,-1.3653E-09,-2.2331E-09,3.33E-07,-3.373E-07
0.46,0,8.1692E-09,-1.3897E-09,-2.2408E-09,3.3289999999999997E-07,-3.374E-07
0.465,0,8.2718E-09,-1.4145E-09,-2.2448E-09,3.3284E-07,-3.374E-07
0.47000000000000003,0,8.4078E-09,-1.4406E-09,-2.2546E-09,3.3284E-07,-3.3754E-07
0.47500000000000003,0,8.5228E-09,-1.4646E-09,-2.2571E-09,3.328E-07,-3.3764E-07
0.48000000000000004,0,8.6573E-09,-1.4909E-09,-2.2654E-09,3.327E-07,-3.3762E-07
0.48500000000000004,0,8.7481E-09,-1.5151E-09,-2.2705E-09,3.3274E-07,-3.3765999999999997E-07
0.49000000000000005,0,8.8757E-09,-1.5436E-09,-2.2752E-09,3.3274E-07,-3.3774E-07
0.49500000000000005,0,9.01E-09,-1.5681E-09,-2.2803E-09,3.3268E-07,-3.3779999999999997E-07
0.5,0,9.1386E-09,-1.5957E-09,-2.2897E-09,3.326E-07,-3.3778E-07
0.505,0,9.2737E-09,-1.6232E-09,-2.2944E-09,3.3261999999999997E-07,-3.3786E-07
0.51,0,9.3755E-09,-1.6514E-09,-2.3003E-09,3.3252E-07,-3.3793999999999997E-07
0.515,0,9.5512E-09,-1.6806E-09,-2.3086E-09,3.3246E-07,-3.3793999999999997E-07
0.52,0,9.6458E-09,-1.7128E-09,-2.3105E-09,3.3246E-07,-3.3807999999999997E-07
0.525,0,9.77E-09,-1.7354E-09,-2.3227E-09,3.3244E-07,-3.3812E-07
0.53,0,9.8905E-09,-1.7726E-09,-2.3266E-09,3.324E-07,-3.3816E-07
0.535,0,1.00291E-08,-1.7959E-09,-2.3304E-09,3.3236E-07,-3.3824E-07
0.54,0,1.01679E-08,-1.8225E-09,-2.3381E-09,3.3233999999999997E-07,-3.383E-07
0.545,0,1.03331E-08,-1.8562E-09,-2.3431E-09,3.3238E-07,-3.3848E-07
0.55,0,1.04455E-08,-1.8808E-09,-2.3513E-09,3.3233999999999997E-07,-3.3842E-07
0.555,0,1.05742E-08,-1.9142E-09,-2.3531E-09,3.3232E-07,-3.3848E-07
0.56,0,1.07517E-08,-1.9448E-09,-2.36E-09,3.3222E-07,-3.3868E-07
0.56500000000000006,0,1.08147E-08,-1.9777E-09,-2.3668E-09,3.323E-07,-3.3866E-07
0.57000000000000006,0,1.10398E-08,-2.0111E-09,-2.374E-09,3.3224E-07,-3.3877999999999997E-07
0.57500000000000007,0,1.11757E-08,-2.0438E-09,-2.3827E-09,3.3219999999999997E-07,-3.388E-07
0.58000000000000007,0,1.13303E-08,-2.0752E-09,-2.389E-09,3.3212E-07,-3.39E-07
0.58500000000000008,0,1.1461E-08,-2.1084E-09,-2.3954E-09,3.3205999999999997E-07,-3.3908E-07
0.59000000000000008,0,1.1639199999999998E-08,-2.144E-09,-2.402E-09,3.3205999999999997E-07,-3.3912E-07
0.595,0,1.1849999999999999E-08,-2.1829E-09,-2.4112E-09,3.3198E-07,-3.3922E-07
0.6,0,1.2059999999999999E-08,-2.2208E-09,-2.4212E-09,3.3196E-07,-3.3932E-07
0.605,0,1.2238399999999999E-08,-2.2583E-09,-2.426E-09,3.3202E-07,-3.395E-07
0.61,0,1.2405599999999999E-08,-2.2988E-09,-2.4361E-09,3.3204E-07,-3.3962E-07
0.615,0,1.2592199999999999E-08,-2.3353E-09,-2.4419E-09,3.32E-07,-3.3976E-07
0.62,0,1.2799E-08,-2.3742E-09,-2.4531E-09,3.3194E-07,-3.3988E-07
0.625,0,1.29584E-08,-2.4142E-09,-2.4607E-09,3.3184E-07,-3.4008E-07
0.63,0,1.3184599999999999E-08,-2.4535E-09,-2.474E-09,3.3177999999999997E-07,-3.3998E-07
0.635,0,1.3349199999999999E-08,-2.4916E-09,-2.478E-09,3.3182E-07,-3.4014E-07
0.64,0,1.35568E-08,-2.5321E-09,-2.4881E-09,3.3172E-07,-3.4028E-07
0.645,0,1.37344E-08,-2.5739E-09,-2.4971E-09,3.3172E-07,-3.4026E-07
0.65,0,1.3943999999999999E-08,-2.6138E-09,-2.5046E-09,3.3166E-07,-3.4052E-07
0.655,0,1.4194599999999999E-08,-2.6574E-09,-2.516E-09,3.3168E-07,-3.4064E-07
0.66,0,1.4374399999999999E-08,-2.7017E-09,-2.5263E-09,3.3168E-07,-3.4068E-07
0.665,0,1.4523199999999998E-08,-2.735E-09,-2.5264E-09,3.3166E-07,-3.4086E-07
0.67,0,1.4766999999999999E-08,-2.7833E-09,-2.5463E-09,3.317E-07,-3.4096E-07
0.675,0,1.49144E-08,-2.822E-09,-2.5407E-09,3.3162E-07,-3.4104E-07
0.68,0,1.5141199999999997E-08,-2.8702E-09,-2.561E-09,3.3154E-07,-3.4125999999999997E-07
0.685,0,1.53762E-08,-2.912E-09,-2.5626E-09,3.3156E-07,-3.4142E-07
0.69000000000000006,0,1.56688E-08,-2.9583E-09,-2.574E-09,3.3154E-07,-3.4152E-07
0.69500000000000006,0,1.57784E-08,-2.9992E-09,-2.5815E-09,3.3149999999999997E-07,-3.4166E-07
0.70000000000000007,0,1.6048E-08,-3.0462E-09,-2.5907E-09,3.3148E-07,-3.4178E-07
0.70500000000000007,0,1.6250799999999997E-08,-3.0904E-09,-2.5996E-09,3.3142E-07,-3.4192E-07
0.71000000000000008,0,1.64068E-08,-3.1339E-09,-2.6078E-09,3.3144E-07,-3.4212E-07
0.71500000000000008,0,1.66102E-08,-3.1782E-09,-2.6148E-09,3.3144E-07,-3.4226E-07
0.72000000000000008,0,1.6857E-08,-3.2282E-09,-2.627E-09,3.3132E-07,-3.4232E-07
0.72500000000000009,0,1.70788E-08,-3.2754E-09,-2.6357E-09,3.3138E-07,-3.4284E-07
0.73,0,1.73186E-08,-3.3225E-09,-2.6434E-09,3.3138E-07,-3.4254E-07
0.735,0,1.7542999999999997E-08,-3.3701E-09,-2.6517E-09,3.3132E-07,-3.4272E-07
0.74,0,1.7751799999999998E-08,-3.4157E-09,-2.6577E-09,3.313E-07,-3.4296E-07
0.745,0,1.79568E-08,-3.4661E-09,-2.6649E-09,3.313E-07,-3.43E-07
0.75,0,1.8264799999999998E-08,-3.5130999999999998E-09,-2.6734E-09,3.312E-07,-3.432E-07
0.755,0,1.84492E-08,-3.5602999999999998E-09,-2.6808E-09,3.3124E-07,-3.4324E-07
0.76,0,1.873E-08,-3.6124E-09,-2.6907E-09,3.3116E-07,-3.4358E-07
0.765,0,1.8896399999999998E-08,-3.6623E-09,-2.7016E-09,3.312E-07,-3.4366E-07
0.77,0,1.9231E-08,-3.713E-09,-2.7101E-09,3.3116E-07,-3.4391999999999997E-07
0.775,0,1.94492E-08,-3.7643E-09,-2.7181E-09,3.3118E-07,-3.4408E-07
0.78,0,1.9728399999999998E-08,-3.8151E-09,-2.728E-09,3.3114E-07,-3.4412E-07
0.785,0,1.99416E-08,-3.8648E-09,-2.7369E-09,3.3106E-07,-3.4436E-07
0.79,0,2.00988E-08,-3.9255E-09,-2.7445E-09,3.3107999999999997E-07,-3.4436E-07
0.795,0,2.0425199999999997E-08,-3.958E-09,-2.7308E-09,3.3102E-07,-3.4461999999999997E-07
0.8,0,2.0695799999999998E-08,-4.0389E-09,-2.8115E-09,3.3106E-07,-3.4484E-07
0.805,0,2.08822E-08,-4.0678E-09,-2.7217E-09,3.31E-07,-3.4512E-07
0.81,0,2.12114E-08,-4.1377E-09,-2.7951E-09,3.3106E-07,-3.4528E-07
0.81500000000000006,0,2.1531999999999997E-08,-4.1824E-09,-2.7898E-09,3.3098E-07,-3.4544E-07
0.82000000000000006,0,2.1722599999999997E-08,-4.2428E-09,-2.7948E-09,3.3096E-07,-3.4556E-07
0.82500000000000007,0,2.1872599999999998E-08,-4.2887E-09,-2.8026E-09,3.3092E-07,-3.4576E-07
0.83000000000000007,0,2.23792E-08,-4.3521E-09,-2.8202E-09,3.3092E-07,-3.4584E-07
0.83500000000000008,0,2.25892E-08,-4.4099E-09,-2.8265E-09,3.3086E-07,-3.4618E-07
0.84000000000000008,0,2.2781799999999998E-08,-4.4607E-09,-2.8244E-09,3.3088E-07,-3.464E-07
0.84500000000000008,0,2.3110399999999998E-08,-4.5228E-09,-2.8448E-09,3.3078E-07,-3.4654E-07
0.85000000000000009,0,2.3328E-08,-4.5773E-09,-2.8448E-09,3.3088E-07,-3.4684E-07
0.85500000000000009,0,2.3676199999999997E-08,-4.6398E-09,-2.8522E-09,3.3078E-07,-3.4688E-07
0.86,0,2.3977799999999997E-08,-4.693E-09,-2.865E-09,3.3079999999999997E-07,-3.4712E-07
0.865,0,2.4291599999999998E-08,-4.7579E-09,-2.8727E-09,3.3074E-07,-3.473E-07
0.87,0,2.4539599999999998E-08,-4.8119E-09,-2.8819E-09,3.3076E-07,-3.4764E-07
0.875,0,2.4802199999999997E-08,-4.8778E-09,-2.8877E-09,3.3064E-07,-3.4762E-07
0.88,0,2.5218599999999997E-08,-4.9351E-09,-2.904E-09,3.3064E-07,-3.479E-07
0.885,0,2.55288E-08,-4.9961E-09,-2.9071E-09,3.3065999999999997E-07,-3.4828E-07
0.89,0,2.5848399999999996E-08,-5.0555E-09,-2.9176E-09,3.3058E-07,-3.482E-07
0.895,0,2.61656E-08,-5.1169E-09,-2.9284E-09,3.3065999999999997E-07,-3.4838E-07
0.9,0,2.6425199999999998E-08,-5.1803E-09,-2.939E-09,3.306E-07,-3.487E-07
0,0.15,-1.5672E-08,1.0943E-09,5.4041E-09,3.3574E-07,-3.2714E-07
0.005,0.15,2.0212999999999997E-08,9.4011E-10,-2.90894E-08,3.351E-07,-3.2822E-07
0.01,0.15,4.8967E-08,8.9433000000000005E-10,-5.66678E-08,3.3504E-07,-3.2836E-07
0.015000000000000001,0.15,7.25972E-08,8.6717000000000012E-10,-7.99558E-08,3.3502E-07,-3.285E-07
0.02,0.15,9.19032E-08,8.4078000000000007E-10,-9.8993599999999985E-08,3.349E-07,-3.286E-07
0.025,0.15,1.0811719999999999E-07,8.1839000000000011E-10,-1.1505199999999999E-07,3.3484E-07,-3.2888E-07
0.030000000000000002,0.15,1.2162E-07,7.8595000000000006E-10,-1.2832E-07,3.3484E-07,-3.2906E-07
0.035,0.15,1.3312E-07,7.690800000000001E-10,-1.3962E-07,3.3476E-07,-3.292E-07
0.04,0.15,1.4218E-07,7.5190000000000006E-10,-1.4842E-07,3.347E-07,-3.2925999999999997E-07
0.045000000000000005,0.15,1.5006E-07,7.3517000000000006E-10,-1.56E-07,3.3456E-07,-3.2934E-07
0.05,0.15,1.5672E-07,7.1719000000000008E-10,-1.6258E-07,3.3468E-07,-3.2948E-07
0.055,0.15,1.6218E-07,6.9967E-10,-1.6786E-07,3.3454E-07,-3.2948E-07
0.060000000000000005,0.15,1.6686E-07,6.8493E-10,-1.7208E-07,3.344E-07,-3.2964E-07
0.065,0.15,1.7054E-07,6.6917000000000008E-10,-1.7606E-07,3.345E-07,-3.2976E-07
0.07,0.15,1.7368E-07,6.543E-10,-1.7902E-07,3.3443999999999997E-07,-3.2984E-07
0.075,0.15,1.7668E-07,6.4035000000000007E-10,-1.8162E-07,3.3438E-07,-3.3002E-07
0.08,0.15,1.792E-07,6.2701000000000009E-10,-1.8383999999999998E-07,3.3422E-07,-3.3004E-07
0.085,0.15,1.8138E-07,6.1199000000000008E-10,-1.8586E-07,3.3428E-07,-3.3026E-07
0.090000000000000011,0.15,1.8304E-07,5.9793E-10,-1.8762E-07,3.3415999999999997E-07,-3.3026E-07
0.095,0.15,1.8458E-07,5.8793000000000006E-10,-1.8892E-07,3.3415999999999997E-07,-3.3037999999999997E-07
0.1,0.15,1.86E-07,5.7629000000000009E-10,-1.9028E-07,3.341E-07,-3.3042E-07
0.10500000000000001,0.15,1.8708E-07,5.6123E-10,-1.9134E-07,3.3398E-07,-3.305E-07
0.11,0.15,1.881E-07,5.4873E-10,-1.9216E-07,3.34E-07,-3.3062E-07
0.115,0.15,1.8922E-07,5.3821E-10,-1.9304E-07,3.3394E-07,-3.3062E-07
0.12000000000000001,0.15,1.8988E-07,5.2636E-10,-1.9362E-07,3.3392E-07,-3.3076E-07
0.125,0.15,1.9074E-07,5.1551E-10,-1.9428E-07,3.3387999999999997E-07,-3.3084E-07
0.13,0.15,1.9158E-07,5.0239000000000006E-10,-1.9471999999999999E-07,3.3384E-07,-3.3079999999999997E-07
0.135,0.15,1.922E-07,4.9256E-10,-1.955E-07,3.3376E-07,-3.3102E-07
0.14,0.15,1.9291999999999998E-07,4.8209E-10,-1.9592E-07,3.3373999999999997E-07,-3.3106E-07
0.14500000000000002,0.15,1.9348E-07,4.7022000000000006E-10,-1.9628E-07,3.3376E-07,-3.3126E-07
0.15,0.15,1.9412E-07,4.6184000000000003E-10,-1.9676E-07,3.3368E-07,-3.3124E-07
0.155,0.15,1.945E-07,4.5142000000000003E-10,-1.9706E-07,3.335E-07,-3.3126E-07
0.16,0.15,1.9494E-07,4.396E-10,-1.974E-07,3.3356E-07,-3.3138E-07
0.165,0.15,1.9548E-07,4.2885E-10,-1.9792E-07,3.3345999999999997E-07,-3.3144E-07
0.17,0.15,1.9606E-07,4.1837E-10,-1.9824E-07,3.3348E-07,-3.3156E-07
0.17500000000000002,0.15,1.9632E-07,4.1169000000000005E-10,-1.987E-07,3.3344E-07,-3.3182E-07
0.18000000000000002,0.15,1.9698E-07,4.0105000000000003E-10,-1.9886E-07,3.3334E-07,-3.3172E-07
0.185,0.15,1.972E-07,3.8814E-10,-1.99E-07,3.3334E-07,-3.3177999999999997E-07
0.19,0.15,1.9774E-07,3.8132000000000003E-10,-1.9928E-07,3.3326E-07,-3.317E-07
0.195,0.15,1.9782E-07,3.688E-10,-1.9975999999999998E-07,3.3328E-07,-3.3188E-07
0.2,0.15,1.9854E-07,3.5929E-10,-2.0026E-07,3.3322E-07,-3.3191999999999997E-07
0.20500000000000002,0.15,1.9905999999999998E-07,3.4958000000000005E-10,-2.0038E-07,3.3317999999999997E-07,-3.3205999999999997E-07
0.21000000000000002,0.15,1.9946E-07,3.403E-10,-2.007E-07,3.3308E-07,-3.3208E-07
0.215,0.15,1.9996E-07,3.3050000000000005E-10,-2.0118E-07,3.331E-07,-3.3222E-07
0.22,0.15,2.0012E-07,3.1680000000000003E-10,-2.0124E-07,3.331E-07,-3.3233999999999997E-07
0.225,0.15,2.0059999999999998E-07,3.1061000000000003E-10,-2.016E-07,3.3302E-07,-3.3242E-07
0.23,0.15,2.0115999999999998E-07,3.0099E-10,-2.0208E-07,3.3302E-07,-3.324E-07
0.23500000000000001,0.15,2.0166E-07,2.884E-10,-2.0244E-07,3.3298E-07,-3.3246E-07
0.24000000000000002,0.15,2.0188E-07,2.7778E-10,-2.025E-07,3.3292E-07,-3.3264E-07
0.24500000000000002,0.15,2.0225999999999999E-07,2.6903E-10,-2.0274E-07,3.3284E-07,-3.3268E-07
0.25,0.15,2.0248E-07,2.5962000000000003E-10,-2.0288E-07,3.3286E-07,-3.327E-07
0.255,0.15,2.0308E-07,2.4524E-10,-2.0302E-07,3.3284E-07,-3.3282E-07
0.26,0.15,2.0326E-07,2.3538E-10,-2.0356E-07,3.3275999999999997E-07,-3.3292E-07
0.265,0.15,2.0364E-07,2.2516000000000003E-10,-2.0372E-07,3.3275999999999997E-07,-3.3298E-07
0.27,0.15,2.0404E-07,2.1343E-10,-2.0402E-07,3.3272E-07,-3.3306E-07
0.275,0.15,2.046E-07,2.0072E-10,-2.0421999999999999E-07,3.3274E-07,-3.3316E-07
0.28,0.15,2.0516E-07,1.9136000000000003E-10,-2.0435999999999999E-07,3.3266E-07,-3.3317999999999997E-07
0.28500000000000003,0.15,2.0532E-07,1.7942E-10,-2.0446E-07,3.3266E-07,-3.3328E-07
0.29000000000000004,0.15,2.0546E-07,1.6711E-10,-2.0476E-07,3.326E-07,-3.3331999999999997E-07
0.29500000000000004,0.15,2.0592E-07,1.5387E-10,-2.0519999999999999E-07,3.325E-07,-3.3336E-07
0.3,0.15,2.0612E-07,1.4161000000000002E-10,-2.0532E-07,3.3246E-07,-3.3342E-07
0.305,0.15,2.0673999999999998E-07,1.2934000000000002E-10,-2.0578E-07,3.3247999999999997E-07,-3.3348E-07
0.31,0.15,2.0694E-07,1.1696E-10,-2.0589999999999998E-07,3.3246E-07,-3.3359999999999997E-07
0.315,0.15,2.0718E-07,1.0230000000000001E-10,-2.0624E-07,3.3244E-07,-3.3362E-07
0.32,0.15,2.0768E-07,9.178E-11,-2.0631999999999998E-07,3.3244E-07,-3.3382E-07
0.325,0.15,2.0799999999999998E-07,7.726E-11,-2.068E-07,3.3233999999999997E-07,-3.338E-07
0.33,0.15,2.0853999999999999E-07,6.4810000000000007E-11,-2.0682E-07,3.3233999999999997E-07,-3.3396E-07
0.335,0.15,2.0874E-07,5.0320000000000007E-11,-2.0666E-07,3.3226E-07,-3.34E-07
0.34,0.15,2.0902E-07,3.6180000000000005E-11,-2.0728E-07,3.3222E-07,-3.3406E-07
0.34500000000000003,0.15,2.0932E-07,2.314E-11,-2.0738E-07,3.3222E-07,-3.341E-07
0.35000000000000003,0.15,2.0962E-07,6.7300000000000006E-12,-2.078E-07,3.3218E-07,-3.3424E-07
0.35500000000000004,0.15,2.0993999999999999E-07,-6.5900000000000008E-12,-2.0792E-07,3.3216E-07,-3.3428E-07
0.36000000000000004,0.15,2.1028E-07,-2.1130000000000002E-11,-2.079E-07,3.3208E-07,-3.3434E-07
0.365,0.15,2.1074E-07,-3.852E-11,-2.0827999999999998E-07,3.3208E-07,-3.3438E-07
0.37,0.15,2.1119999999999999E-07,-5.3670000000000007E-11,-2.085E-07,3.321E-07,-3.3456E-07
0.375,0.15,2.1144E-07,-6.79E-11,-2.0855999999999998E-07,3.3198E-07,-3.3452E-07
0.38,0.15,2.1186E-07,-8.365E-11,-2.0894E-07,3.3202E-07,-3.3466E-07
0.385,0.15,2.1184E-07,-1.0111000000000001E-10,-2.093E-07,3.32E-07,-3.3478E-07
0.39,0.15,2.1262E-07,-1.1771E-10,-2.097E-07,3.3196E-07,-3.3478E-07
0.395,0.15,2.1304E-07,-1.3275E-10,-2.0976E-07,3.3191999999999997E-07,-3.3492E-07
0.4,0.15,2.134E-07,-1.491E-10,-2.1006E-07,3.3188E-07,-3.3488E-07
0.405,0.15,2.136E-07,-1.6704000000000003E-10,-2.1032E-07,3.319E-07,-3.3508E-07
0.41000000000000003,0.15,2.1402E-07,-1.8345000000000002E-10,-2.108E-07,3.3188E-07,-3.352E-07
0.41500000000000004,0.15,2.1432E-07,-2.0241000000000003E-10,-2.1058E-07,3.3186E-07,-3.3534E-07
0.42000000000000004,0.15,2.1496E-07,-2.1896E-10,-2.1112E-07,3.3184E-07,-3.3532E-07
0.42500000000000004,0.15,2.153E-07,-2.3714E-10,-2.1138E-07,3.3177999999999997E-07,-3.3534E-07
0.43,0.15,2.1552E-07,-2.555E-10,-2.1178E-07,3.3177999999999997E-07,-3.355E-07
0.435,0.15,2.1621999999999999E-07,-2.7243E-10,-2.1196E-07,3.3174E-07,-3.3562E-07
0.44,0.15,2.163E-07,-2.9447E-10,-2.1203999999999999E-07,3.3168E-07,-3.3562E-07
0.445,0.15,2.1674E-07,-3.1159E-10,-2.1222E-07,3.317E-07,-3.3574E-07
0.45,0.15,2.1705999999999999E-07,-3.3008E-10,-2.124E-07,3.3166E-07,-3.3576E-07
0.455,0.15,2.1714E-07,-3.5058000000000004E-10,-2.1234E-07,3.3166E-07,-3.3586E-07
0.46,0.15,2.1778E-07,-3.7010000000000005E-10,-2.1292E-07,3.3156E-07,-3.3594E-07
0.465,0.15,2.1828E-07,-3.9106000000000004E-10,-2.1342E-07,3.3152E-07,-3.3602E-07
0.47000000000000003,0.15,2.1862E-07,-4.1028000000000006E-10,-2.1364E-07,3.3158E-07,-3.3622E-07
0.47500000000000003,0.15,2.1896E-07,-4.2980000000000006E-10,-2.1376E-07,3.3156E-07,-3.3628E-07
0.48000000000000004,0.15,2.1926E-07,-4.5055E-10,-2.1394E-07,3.3152E-07,-3.3625999999999997E-07
0.48500000000000004,0.15,2.1954E-07,-4.7212E-10,-2.1399999999999998E-07,3.314E-07,-3.3638E-07
0.49000000000000005,0.15,2.2002E-07,-4.9406E-10,-2.1441999999999998E-07,3.3144E-07,-3.3648E-07
0.49500000000000005,0.15,2.2038E-07,-5.1507000000000006E-10,-2.1454E-07,3.314E-07,-3.3662E-07
0.5,0.15,2.2076E-07,-5.3533000000000005E-10,-2.1468E-07,3.314E-07,-3.3676E-07
0.505,0.15,2.21E-07,-5.5813E-10,-2.1492E-07,3.3132E-07,-3.3678E-07
0.51,0.15,2.2111999999999998E-07,-5.8077000000000005E-10,-2.1518E-07,3.3138E-07,-3.369E-07
0.515,0.15,2.2162E-07,-6.0344E-10,-2.1539999999999998E-07,3.3142E-07,-3.3694E-07
0.52,0.15,2.223E-07,-6.2527000000000005E-10,-2.1556E-07,3.3135999999999997E-07,-3.3694E-07
0.525,0.15,2.2254E-07,-6.4706E-10,-2.1602E-07,3.3126E-07,-3.3709999999999997E-07
0.53,0.15,2.2304E-07,-6.718600000000001E-10,-2.1609999999999998E-07,3.3124E-07,-3.3723999999999997E-07
0.535,0.15,2.234E-07,-6.9478000000000006E-10,-2.163E-07,3.3118E-07,-3.3736E-07
0.54,0.15,2.2366E-07,-7.1908000000000006E-10,-2.166E-07,3.3118E-07,-3.3744E-07
0.545,0.15,2.2416E-07,-7.4306E-10,-2.1668E-07,3.3121999999999997E-07,-3.3751999999999997E-07
0.55,0.15,2.2445999999999999E-07,-7.657900000000001E-10,-2.1718E-07,3.3112E-07,-3.3754E-07
0.555,0.15,2.2472E-07,-7.9162000000000011E-10,-2.1724E-07,3.3114E-07,-3.3778E-07
0.56,0.15,2.2514E-07,-8.1724000000000006E-10,-2.1752E-07,3.3107999999999997E-07,-3.3788E-07
0.56500000000000006,0.15,2.2543999999999999E-07,-8.4090000000000006E-10,-2.1752E-07,3.3104E-07,-3.3793999999999997E-07
0.57000000000000006,0.15,2.2568E-07,-8.6755000000000007E-10,-2.1794E-07,3.3104E-07,-3.379E-07
0.57500000000000007,0.15,2.2604E-07,-8.9317E-10,-2.182E-07,3.31E-07,-3.3807999999999997E-07
0.58000000000000007,0.15,2.2644E-07,-9.1873000000000009E-10,-2.182E-07,3.3096E-07,-3.3818E-07
0.58500000000000008,0.15,2.2696E-07,-9.4545E-10,-2.1848E-07,3.3098E-07,-3.383E-07
0.59000000000000008,0.15,2.2708E-07,-9.7298E-10,-2.1872E-07,3.3102E-07,-3.3834E-07
0.595,0.15,2.2739999999999999E-07,-9.9960000000000015E-10,-2.1898E-07,3.309E-07,-3.3858E-07
0.6,0.15,2.28E-07,-1.0269600000000001E-09,-2.1887999999999999E-07,3.3096E-07,-3.3872E-07
0.605,0.15,2.283E-07,-1.05547E-09,-2.1926E-07,3.3102E-07,-3.3891999999999997E-07
0.61,0.15,2.2865999999999998E-07,-1.08358E-09,-2.1942E-07,3.3093999999999997E-07,-3.3898E-07
0.615,0.15,2.2886E-07,-1.10982E-09,-2.1984E-07,3.309E-07,-3.3904E-07
0.62,0.15,2.2952E-07,-1.1387E-09,-2.1982E-07,3.3086E-07,-3.3916E-07
0.625,0.15,2.2948E-07,-1.1579E-09,-2.2016E-07,3.3088E-07,-3.39E-07
0.63,0.15,2.2982E-07,-1.1869E-09,-2.2027999999999999E-07,3.3078E-07,-3.3922E-07
0.635,0.15,2.3046E-07,-1.2172E-09,-2.2062E-07,3.3084E-07,-3.3938E-07
0.64,0.15,2.3094E-07,-1.2461E-09,-2.209E-07,3.3082E-07,-3.3946E-07
0.645,0.15,2.311E-07,-1.278E-09,-2.2116E-07,3.3078E-07,-3.3962E-07
0.65,0.15,2.3176E-07,-1.3069E-09,-2.212E-07,3.3074E-07,-3.3976E-07
0.655,0.15,2.3215999999999998E-07,-1.3392E-09,-2.2138E-07,3.3072E-07,-3.3984E-07
0.66,0.15,2.3229999999999998E-07,-1.3703E-09,-2.2184E-07,3.307E-07,-3.3998E-07
0.665,0.15,2.3276E-07,-1.4006E-09,-2.2181999999999998E-07,3.307E-07,-3.4012E-07
0.67,0.15,2.3297999999999999E-07,-1.4342E-09,-2.2222E-07,3.3065999999999997E-07,-3.4028E-07
0.675,0.15,2.3381999999999999E-07,-1.4664E-09,-2.2236E-07,3.3065999999999997E-07,-3.4044E-07
0.68,0.15,2.34E-07,-1.4984E-09,-2.2236E-07,3.306E-07,-3.4056E-07
0.685,0.15,2.3408E-07,-1.5327E-09,-2.2282E-07,3.3062E-07,-3.4064E-07
0.69000000000000006,0.15,2.3451999999999999E-07,-1.5654E-09,-2.2268E-07,3.3048E-07,-3.4076E-07
0.69500000000000006,0.15,2.3516E-07,-1.6005E-09,-2.2307999999999998E-07,3.3058E-07,-3.4096E-07
0.70000000000000007,0.15,2.3594E-07,-1.6316E-09,-2.2335999999999998E-07,3.3058E-07,-3.412E-07
0.70500000000000007,0.15,2.359E-07,-1.6674E-09,-2.236E-07,3.3048E-07,-3.4116E-07
0.71000000000000008,0.15,2.3646E-07,-1.7027E-09,-2.237E-07,3.3042E-07,-3.4118E-07
0.71500000000000008,0.15,2.3684E-07,-1.7372E-09,-2.24E-07,3.3044E-07,-3.4148E-07
0.72000000000000008,0.15,2.373E-07,-1.7707E-09,-2.2388E-07,3.3037999999999997E-07,-3.416E-07
0.72500000000000009,0.15,2.375E-07,-1.8083E-09,-2.2428E-07,3.3042E-07,-3.4174E-07
0.73,0.15,2.3796E-07,-1.8441E-09,-2.2464E-07,3.3034E-07,-3.4184E-07
0.735,0.15,2.3842E-07,-1.8797E-09,-2.2487999999999999E-07,3.3042E-07,-3.4208E-07
0.74,0.15,2.3862E-07,-1.9172E-09,-2.252E-07,3.3036E-07,-3.4218E-07
0.745,0.15,2.3914E-07,-1.9536E-09,-2.2501999999999999E-07,3.3028E-07,-3.4234E-07
0.75,0.15,2.3984E-07,-1.9919E-09,-2.252E-07,3.3026E-07,-3.4258E-07
0.755,0.15,2.4012E-07,-2.0276E-09,-2.2574E-07,3.3028E-07,-3.4265999999999997E-07
0.76,0.15,2.4048E-07,-2.0675E-09,-2.2578E-07,3.3023999999999997E-07,-3.4286E-07
0.765,0.15,2.41E-07,-2.1053E-09,-2.2594E-07,3.3026E-07,-3.429E-07
0.77,0.15,2.4148E-07,-2.1446E-09,-2.2654E-07,3.3023999999999997E-07,-3.4316E-07
0.775,0.15,2.4212E-07,-2.1834E-09,-2.2678E-07,3.3023999999999997E-07,-3.4338E-07
0.78,0.15,2.4294E-07,-2.2225E-09,-2.2674E-07,3.3023999999999997E-07,-3.4368E-07
0.785,0.15,2.4282E-07,-2.2633E-09,-2.2686E-07,3.3023999999999997E-07,-3.4366E-07
0.79,0.15,2.4366E-07,-2.3031E-09,-2.2732E-07,3.3018E-07,-3.439E-07
0.795,0.15,2.438E-07,-2.3442E-09,-2.2774E-07,3.3028E-07,-3.44E-07
0.8,0.15,2.4432E-07,-2.3836E-09,-2.277E-07,3.3014E-07,-3.4414E-07
0.805,0.15,2.446E-07,-2.4268E-09,-2.2809999999999998E-07,3.3009999999999997E-07,-3.4428E-07
0.81,0.15,2.4496E-07,-2.4672E-09,-2.283E-07,3.3014E-07,-3.4464E-07
0.81500000000000006,0.15,2.458E-07,-2.511E-09,-2.2848E-07,3.3026E-07,-3.4475999999999997E-07
0.82000000000000006,0.15,2.4608E-07,-2.5527E-09,-2.2872E-07,3.3E-07,-3.4489999999999997E-07
0.82500000000000007,0.15,2.4662E-07,-2.5967E-09,-2.2878E-07,3.3002E-07,-3.4503999999999997E-07
0.83000000000000007,0.15,2.4724E-07,-2.6398E-09,-2.2942E-07,3.3E-07,-3.4545999999999997E-07
0.83500000000000008,0.15,2.4766E-07,-2.6833E-09,-2.2938E-07,3.3002E-07,-3.4552E-07
0.84000000000000008,0.15,2.4806E-07,-2.7273E-09,-2.2958E-07,3.2994E-07,-3.457E-07
0.84500000000000008,0.15,2.4836E-07,-2.7715E-09,-2.2976E-07,3.3E-07,-3.4596E-07
0.85000000000000009,0.15,2.4928E-07,-2.8162E-09,-2.2996E-07,3.3E-07,-3.4626E-07
0.85500000000000009,0.15,2.4978E-07,-2.8612E-09,-2.3028E-07,3.2998E-07,-3.4634E-07
0.86,0.15,2.5016E-07,-2.9084E-09,-2.3061999999999998E-07,3.2992E-07,-3.4648E-07
0.865,0.15,2.5086E-07,-2.9548E-09,-2.31E-07,3.299E-07,-3.4692E-07
0.87,0.15,2.5088E-07,-3.0006E-09,-2.3084E-07,3.299E-07,-3.4688E-07
0.875,0.15,2.516E-07,-3.0467E-09,-2.3117999999999998E-07,3.2988E-07,-3.4712E-07
0.88,0.15,2.5208E-07,-3.0939E-09,-2.3122E-07,3.2984E-07,-3.4734E-07
0.885,0.15,2.5256E-07,-3.1444E-09,-2.3152E-07,3.2992E-07,-3.4754E-07
0.89,0.15,2.5326E-07,-3.1905E-09,-2.3192E-07,3.2986E-07,-3.4786E-07
0.895,0.15,2.5352E-07,-3.2383E-09,-2.321E-07,3.298E-07,-3.4796E-07
0.9,0.15,2.5422E-07,-3.2893E-09,-2.3229999999999998E-07,3.298E-07,-3.483E-07
0,0.3,-4.0506E-07,2.2484E-09,5.5052E-07,3.3502E-07,-3.2666E-07
0.005,0.3,5.9402E-07,2.1282E-09,-3.6372000000000005E-06,3.3478E-07,-3.2715999999999997E-07
0.01,0.3,7.1306000000000008E-06,2.04E-09,-7.132600000000001E-06,3.3468E-07,-3.2736E-07
0.015000000000000001,0.3,1.0147800000000001E-05,1.9672E-09,-1.01566E-05,3.346E-07,-3.2746E-07
0.02,0.3,1.268E-05,1.8569E-09,-1.2682E-05,3.3434E-07,-3.2785999999999997E-07
0.025,0.3,1.4828000000000001E-05,1.7751E-09,-1.484E-05,3.3428E-07,-3.2798E-07
0.030000000000000002,0.3,1.6632E-05,1.7126E-09,-1.6628E-05,3.3418E-07,-3.2804E-07
0.035,0.3,1.8162E-05,1.6516E-09,-1.8166000000000002E-05,3.341E-07,-3.2824E-07
0.04,0.3,1.9450000000000002E-05,1.5933E-09,-1.9462E-05,3.3412E-07,-3.284E-07
0.045000000000000005,0.3,2.0542E-05,1.5369E-09,-2.0566E-05,3.3398E-07,-3.2848E-07
0.05,0.3,2.1468000000000002E-05,1.4835E-09,-2.146E-05,3.3401999999999997E-07,-3.2864E-07
0.055,0.3,2.2236000000000002E-05,1.4332E-09,-2.2256000000000002E-05,3.3396E-07,-3.2869999999999997E-07
0.060000000000000005,0.3,2.2894E-05,1.3905E-09,-2.2894E-05,3.3384E-07,-3.2883999999999997E-07
0.065,0.3,2.3422E-05,1.3496E-09,-2.3444E-05,3.3387999999999997E-07,-3.2897999999999997E-07
0.07,0.3,2.3914000000000002E-05,1.3078E-09,-2.3908000000000002E-05,3.3382E-07,-3.2902E-07
0.075,0.3,2.43E-05,1.2717E-09,-2.4306E-05,3.3378E-07,-3.2918E-07
0.08,0.3,2.4662000000000002E-05,1.2364E-09,-2.4652E-05,3.337E-07,-3.2928E-07
0.085,0.3,2.4932E-05,1.2059E-09,-2.4942E-05,3.3359999999999997E-07,-3.2936E-07
0.090000000000000011,0.3,2.5202E-05,1.1792E-09,-2.52E-05,3.3362E-07,-3.2952E-07
0.095,0.3,2.5408E-05,1.151E-09,-2.5412E-05,3.3359999999999997E-07,-3.296E-07
0.1,0.3,2.5596E-05,1.1224E-09,-2.5592E-05,3.3352E-07,-3.2966E-07
0.10500000000000001,0.3,2.5752E-05,1.1034E-09,-2.5752E-05,3.3345999999999997E-07,-3.298E-07
0.11,0.3,2.5888E-05,1.0798E-09,-2.5866E-05,3.3352E-07,-3.2981999999999997E-07
0.115,0.3,2.6026E-05,1.0591E-09,-2.6034000000000002E-05,3.3338E-07,-3.2995999999999997E-07
0.12000000000000001,0.3,2.6122E-05,1.0395E-09,-2.6110000000000002E-05,3.3334E-07,-3.3002E-07
0.125,0.3,2.6214E-05,1.0192E-09,-2.62E-05,3.3326E-07,-3.3014E-07
0.13,0.3,2.6282E-05,1.0033E-09,-2.6298E-05,3.3322E-07,-3.302E-07
0.135,0.3,2.6362E-05,9.817E-10,-2.6368000000000002E-05,3.3322E-07,-3.3028E-07
0.14,0.3,2.644E-05,9.6477000000000017E-10,-2.6458E-05,3.3312E-07,-3.3037999999999997E-07
0.14500000000000002,0.3,2.6504000000000002E-05,9.5189000000000011E-10,-2.65E-05,3.3314E-07,-3.3046E-07
0.15,0.3,2.6566E-05,9.37E-10,-2.6546E-05,3.3316E-07,-3.3058E-07
0.155,0.3,2.661E-05,9.209600000000001E-10,-2.661E-05,3.3308E-07,-3.306E-07
0.16,0.3,2.6684E-05,9.095700000000001E-10,-2.6686E-05,3.33E-07,-3.3072E-07
0.165,0.3,2.6736E-05,8.9381E-10,-2.6734000000000002E-05,3.3294E-07,-3.3037999999999997E-07
0.17,0.3,2.6786E-05,8.8225E-10,-2.6782000000000002E-05,3.331E-07,-3.3106E-07
0.17500000000000002,0.3,2.6824E-05,8.6965000000000009E-10,-2.6844000000000003E-05,3.3286E-07,-3.3098E-07
0.18000000000000002,0.3,2.6872E-05,8.5695E-10,-2.6852E-05,3.3286E-07,-3.3104E-07
0.185,0.3,2.6898000000000002E-05,8.453400000000001E-10,-2.6922E-05,3.328E-07,-3.3121999999999997E-07
0.19,0.3,2.6954E-05,8.3416E-10,-2.6946000000000003E-05,3.3272E-07,-3.312E-07
0.195,0.3,2.7018E-05,8.2094000000000006E-10,-2.6996E-05,3.3284E-07,-3.3128E-07
0.2,0.3,2.7036E-05,8.1241000000000009E-10,-2.7034000000000002E-05,3.3261999999999997E-07,-3.3132E-07
0.20500000000000002,0.3,2.7054000000000002E-05,7.9878000000000011E-10,-2.7076E-05,3.3274E-07,-3.3144E-07
0.21000000000000002,0.3,2.7096E-05,7.9106000000000006E-10,-2.7086E-05,3.3268E-07,-3.3162E-07
0.215,0.3,2.7118E-05,7.8074E-10,-2.7138E-05,3.326E-07,-3.3166E-07
0.22,0.3,2.7162000000000002E-05,7.6895E-10,-2.7182E-05,3.326E-07,-3.3172E-07
0.225,0.3,2.7212E-05,7.591600000000001E-10,-2.724E-05,3.3254E-07,-3.3176E-07
0.23,0.3,2.7244000000000002E-05,7.4925000000000008E-10,-2.7226E-05,3.3252E-07,-3.3186E-07
0.23500000000000001,0.3,2.724E-05,7.3897000000000009E-10,-2.7248E-05,3.325E-07,-3.3194E-07
0.24000000000000002,0.3,2.7272000000000002E-05,7.303900000000001E-10,-2.7288E-05,3.3252E-07,-3.3198E-07
0.24500000000000002,0.3,2.7306000000000002E-05,7.1877000000000009E-10,-2.7340000000000003E-05,3.3247999999999997E-07,-3.3218E-07
0.25,0.3,2.7356E-05,7.1104000000000006E-10,-2.7362E-05,3.3244E-07,-3.3218E-07
0.255,0.3,2.7382E-05,7.0238E-10,-2.739E-05,3.3226E-07,-3.3233999999999997E-07
0.26,0.3,2.7422E-05,6.9253000000000009E-10,-2.7418E-05,3.3238E-07,-3.3233999999999997E-07
0.265,0.3,2.7438E-05,6.823100000000001E-10,-2.743E-05,3.3226E-07,-3.324E-07
0.27,0.3,2.748E-05,6.7347000000000005E-10,-2.7478E-05,3.3226E-07,-3.3246E-07
0.275,0.3,2.75E-05,6.652E-10,-2.7506E-05,3.3216E-07,-3.3258E-07
0.28,0.3,2.7550000000000002E-05,6.5624E-10,-2.7548E-05,3.3214E-07,-3.327E-07
0.28500000000000003,0.3,2.756E-05,6.4682E-10,-2.7582E-05,3.3219999999999997E-07,-3.327E-07
0.29000000000000004,0.3,2.7618000000000002E-05,6.373400000000001E-10,-2.7612000000000003E-05,3.3212E-07,-3.328E-07
0.29500000000000004,0.3,2.7642E-05,6.2764E-10,-2.7642E-05,3.3204E-07,-3.3282E-07
0.3,0.3,2.7682E-05,6.1995E-10,-2.7666000000000002E-05,3.321E-07,-3.3303999999999997E-07
0.305,0.3,2.769E-05,6.1151000000000009E-10,-2.7704E-05,3.32E-07,-3.3302E-07
0.31,0.3,2.7716E-05,6.0146E-10,-2.7722E-05,3.32E-07,-3.331E-07
0.315,0.3,2.7748000000000003E-05,5.9286000000000006E-10,-2.7764E-05,3.3208E-07,-3.3317999999999997E-07
0.32,0.3,2.7794000000000002E-05,5.8403E-10,-2.778E-05,3.3191999999999997E-07,-3.3317999999999997E-07
0.325,0.3,2.783E-05,5.7563E-10,-2.7804E-05,3.3182E-07,-3.3326E-07
0.33,0.3,2.7848000000000002E-05,5.6498E-10,-2.784E-05,3.3184E-07,-3.3338E-07
0.335,0.3,2.7866E-05,5.5743E-10,-2.7854E-05,3.318E-07,-3.3345999999999997E-07
0.34,0.3,2.7910000000000002E-05,5.4813E-10,-2.7906E-05,3.3194E-07,-3.3344E-07
0.34500000000000003,0.3,2.7954E-05,5.3719000000000009E-10,-2.7922E-05,3.3168E-07,-3.3358E-07
0.35000000000000003,0.3,2.7924000000000002E-05,5.2864E-10,-2.794E-05,3.3176E-07,-3.337E-07
0.35500000000000004,0.3,2.7992000000000002E-05,5.1827E-10,-2.798E-05,3.3163999999999997E-07,-3.3373999999999997E-07
0.36000000000000004,0.3,2.802E-05,5.1028E-10,-2.8024E-05,3.3166E-07,-3.3384E-07
0.365,0.3,2.8054E-05,5.017E-10,-2.8052000000000002E-05,3.3166E-07,-3.3396E-07
0.37,0.3,2.8088E-05,4.9003E-10,-2.8094000000000002E-05,3.316E-07,-3.3401999999999997E-07
0.375,0.3,2.8124E-05,4.8004E-10,-2.8108000000000003E-05,3.3162E-07,-3.3414E-07
0.38,0.3,2.8126E-05,4.7079000000000009E-10,-2.8128000000000002E-05,3.3156E-07,-3.3424E-07
0.385,0.3,2.8172E-05,4.5946000000000003E-10,-2.818E-05,3.3156E-07,-3.3428E-07
0.39,0.3,2.8198E-05,4.5088000000000005E-10,-2.82E-05,3.3152E-07,-3.344E-07
0.395,0.3,2.8232E-05,4.3921000000000003E-10,-2.8226E-05,3.3142E-07,-3.3438E-07
0.4,0.3,2.8254E-05,4.2857000000000005E-10,-2.8262E-05,3.3149999999999997E-07,-3.3454E-07
0.405,0.3,2.8278000000000003E-05,4.1951000000000003E-10,-2.8288E-05,3.3132E-07,-3.3468E-07
0.41000000000000003,0.3,2.8306E-05,4.0635000000000005E-10,-2.8314E-05,3.3144E-07,-3.3471999999999997E-07
0.41500000000000004,0.3,2.8334E-05,3.9572000000000006E-10,-2.8316E-05,3.3132E-07,-3.3474E-07
0.42000000000000004,0.3,2.8348E-05,3.8503E-10,-2.8358000000000002E-05,3.3138E-07,-3.3485999999999997E-07
0.42500000000000004,0.3,2.8386000000000002E-05,3.7318000000000005E-10,-2.8364E-05,3.3132E-07,-3.3496E-07
0.43,0.3,2.841E-05,3.6232000000000005E-10,-2.8386000000000002E-05,3.3132E-07,-3.3492E-07
0.435,0.3,2.8414E-05,3.5029000000000004E-10,-2.8428E-05,3.3128E-07,-3.3513999999999997E-07
0.44,0.3,2.8478E-05,3.3802000000000004E-10,-2.8448E-05,3.3114E-07,-3.3506E-07
0.445,0.3,2.8482E-05,3.2662E-10,-2.8454000000000002E-05,3.312E-07,-3.3526E-07
0.45,0.3,2.853E-05,3.1429E-10,-2.8492E-05,3.3124E-07,-3.3532E-07
0.455,0.3,2.8514000000000002E-05,3.0041E-10,-2.851E-05,3.3107999999999997E-07,-3.354E-07
0.46,0.3,2.8554E-05,2.8813E-10,-2.8562000000000002E-05,3.3114E-07,-3.355E-07
0.465,0.3,2.8588E-05,2.7586E-10,-2.8604000000000003E-05,3.3106E-07,-3.3546E-07
0.47000000000000003,0.3,2.8642E-05,2.6205000000000004E-10,-2.8622E-05,3.3106E-07,-3.3564E-07
0.47500000000000003,0.3,2.8636E-05,2.4904E-10,-2.8638000000000003E-05,3.3104E-07,-3.3582E-07
0.48000000000000004,0.3,2.8678000000000002E-05,2.3466E-10,-2.8658000000000002E-05,3.31E-07,-3.3586E-07
0.48500000000000004,0.3,2.8676E-05,2.2141000000000001E-10,-2.867E-05,3.3096E-07,-3.36E-07
0.49000000000000005,0.3,2.873E-05,2.0863E-10,-2.8684000000000002E-05,3.3092E-07,-3.3604E-07
0.49500000000000005,0.3,2.873E-05,1.9220000000000002E-10,-2.875E-05,3.3093999999999997E-07,-3.362E-07
0.5,0.3,2.879E-05,1.7697E-10,-2.8778E-05,3.3093999999999997E-07,-3.3625999999999997E-07
0.505,0.3,2.8820000000000002E-05,1.6519E-10,-2.8822E-05,3.3084E-07,-3.3639999999999997E-07
0.51,0.3,2.883E-05,1.4985E-10,-2.8804E-05,3.3092E-07,-3.3648E-07
0.515,0.3,2.8852E-05,1.3431E-10,-2.8846E-05,3.3082E-07,-3.3644E-07
0.52,0.3,2.8864E-05,1.1853E-10,-2.8866E-05,3.309E-07,-3.3653999999999997E-07
0.525,0.3,2.89E-05,1.0206000000000001E-10,-2.8896000000000003E-05,3.3079999999999997E-07,-3.3674E-07
0.53,0.3,2.8928E-05,8.6690000000000013E-11,-2.8912E-05,3.3079999999999997E-07,-3.368E-07
0.535,0.3,2.8936000000000002E-05,7.0270000000000007E-11,-2.8924E-05,3.3072E-07,-3.3688E-07
0.54,0.3,2.8970000000000002E-05,5.434E-11,-2.8952E-05,3.3072E-07,-3.37E-07
0.545,0.3,2.9002E-05,3.973E-11,-2.8984000000000002E-05,3.3098E-07,-3.3718E-07
0.55,0.3,2.9E-05,2.072E-11,-2.9006E-05,3.3076E-07,-3.3723999999999997E-07
0.555,0.3,2.9046E-05,4.63E-12,-2.9032000000000003E-05,3.307E-07,-3.3728E-07
0.56,0.3,2.9100000000000003E-05,-1.2480000000000002E-11,-2.9088E-05,3.3065999999999997E-07,-3.3751999999999997E-07
0.56500000000000006,0.3,2.9122E-05,-3.0900000000000004E-11,-2.9108E-05,3.3064E-07,-3.3748E-07
0.57000000000000006,0.3,2.9112000000000002E-05,-4.883E-11,-2.9094E-05,3.3065999999999997E-07,-3.3764E-07
0.57500000000000007,0.3,2.9134000000000003E-05,-6.5220000000000008E-11,-2.9138E-05,3.3054E-07,-3.3776E-07
0.58000000000000007,0.3,2.917E-05,-8.44E-11,-2.9176E-05,3.3054E-07,-3.3786E-07
0.58500000000000008,0.3,2.92E-05,-1.0112000000000001E-10,-2.919E-05,3.305E-07,-3.3796E-07
0.59000000000000008,0.3,2.9218E-05,-1.1992E-10,-2.9246E-05,3.305E-07,-3.3806E-07
0.595,0.3,2.9266E-05,-1.4064000000000002E-10,-2.9234E-05,3.3042E-07,-3.3818E-07
0.6,0.3,2.9276000000000002E-05,-1.5979000000000002E-10,-2.9252E-05,3.3048E-07,-3.383E-07
0.605,0.3,2.9290000000000002E-05,-1.7947E-10,-2.9276000000000002E-05,3.3036E-07,-3.3842E-07
0.61,0.3,2.9348E-05,-1.9862E-10,-2.9338000000000003E-05,3.305E-07,-3.3848E-07
0.615,0.3,2.9366E-05,-2.1666E-10,-2.9326E-05,3.3034E-07,-3.3872E-07
0.62,0.3,2.9382E-05,-2.3789000000000004E-10,-2.9358000000000003E-05,3.3036E-07,-3.3872E-07
0.625,0.3,2.941E-05,-2.6048E-10,-2.9392000000000003E-05,3.3034E-07,-3.3882E-07
0.63,0.3,2.9452000000000002E-05,-2.7876000000000003E-10,-2.941E-05,3.3037999999999997E-07,-3.3904E-07
0.635,0.3,2.9448E-05,-3.0063E-10,-2.9428E-05,3.3032E-07,-3.3905999999999997E-07
0.64,0.3,2.9486000000000002E-05,-3.2204E-10,-2.9458E-05,3.3037999999999997E-07,-3.3926E-07
0.645,0.3,2.951E-05,-3.4168E-10,-2.9492E-05,3.3034E-07,-3.3922E-07
0.65,0.3,2.953E-05,-3.6594000000000003E-10,-2.9556E-05,3.3032E-07,-3.3946E-07
0.655,0.3,2.9586E-05,-3.8812000000000005E-10,-2.9552E-05,3.3028E-07,-3.3946E-07
0.66,0.3,2.9592E-05,-4.1003000000000003E-10,-2.9554000000000002E-05,3.302E-07,-3.3964E-07
0.665,0.3,2.9588000000000002E-05,-4.3214E-10,-2.9582000000000002E-05,3.3026E-07,-3.3992E-07
0.67,0.3,2.9642000000000002E-05,-4.5421000000000003E-10,-2.9632E-05,3.3026E-07,-3.4008E-07
0.675,0.3,2.9664000000000003E-05,-4.7842E-10,-2.9644E-05,3.302E-07,-3.4016E-07
0.68,0.3,2.968E-05,-5.0011E-10,-2.9688E-05,3.302E-07,-3.402E-07
0.685,0.3,2.9714E-05,-5.2473E-10,-2.9684000000000002E-05,3.3016E-07,-3.4038E-07
0.69000000000000006,0.3,2.9742E-05,-5.4814E-10,-2.9732000000000003E-05,3.3009999999999997E-07,-3.4054E-07
0.69500000000000006,0.3,2.9764E-05,-5.7367E-10,-2.9710000000000002E-05,3.3014E-07,-3.4062E-07
0.70000000000000007,0.3,2.978E-05,-5.9767000000000007E-10,-2.9756E-05,3.3016E-07,-3.407E-07
0.70500000000000007,0.3,2.9804E-05,-6.2232000000000008E-10,-2.9796E-05,3.3006E-07,-3.4092E-07
0.71000000000000008,0.3,2.9846000000000002E-05,-6.4784E-10,-2.9812000000000002E-05,3.3006E-07,-3.4116E-07
0.71500000000000008,0.3,2.9854000000000002E-05,-6.7425E-10,-2.9828E-05,3.3E-07,-3.4118E-07
0.72000000000000008,0.3,2.9888000000000003E-05,-6.9784E-10,-2.9880000000000002E-05,3.2995999999999997E-07,-3.4128E-07
0.72500000000000009,0.3,2.9922000000000003E-05,-7.2543E-10,-2.987E-05,3.2998E-07,-3.4139999999999997E-07
0.73,0.3,2.994E-05,-7.5008000000000006E-10,-2.9886E-05,3.3E-07,-3.4162E-07
0.735,0.3,2.9956000000000003E-05,-7.7678000000000008E-10,-2.994E-05,3.2995999999999997E-07,-3.4172E-07
0.74,0.3,2.9994E-05,-8.0486E-10,-2.9954E-05,3.2992E-07,-3.4195999999999997E-07
0.745,0.3,3.0028E-05,-8.2995E-10,-3.0002000000000002E-05,3.2988E-07,-3.4218E-07
0.75,0.3,3.0024000000000003E-05,-8.5826000000000009E-10,-3.0006E-05,3.2988E-07,-3.4223999999999997E-07
0.755,0.3,3.0058000000000003E-05,-8.8611000000000006E-10,-3.0026E-05,3.2988E-07,-3.425E-07
0.76,0.3,3.0070000000000002E-05,-9.1427000000000009E-10,-3.0066E-05,3.2981999999999997E-07,-3.425E-07
0.765,0.3,3.0124E-05,-9.438E-10,-3.009E-05,3.2992E-07,-3.4262E-07
0.77,0.3,3.012E-05,-9.7198E-10,-3.0104000000000002E-05,3.2978E-07,-3.4286E-07
0.775,0.3,3.0146000000000002E-05,-1.0006600000000001E-09,-3.0136E-05,3.2981999999999997E-07,-3.4307999999999997E-07
0.78,0.3,3.015E-05,-1.0321400000000001E-09,-3.0152000000000002E-05,3.2976E-07,-3.4306E-07
0.785,0.3,3.0188E-05,-1.05932E-09,-3.0166000000000002E-05,3.2964E-07,-3.4342E-07
0.79,0.3,3.0236E-05,-1.08863E-09,-3.0204E-05,3.2966E-07,-3.4349999999999997E-07
0.795,0.3,3.0258E-05,-1.11963E-09,-3.0252E-05,3.2974E-07,-3.4391999999999997E-07
0.8,0.3,3.0302000000000002E-05,-1.14957E-09,-3.0276E-05,3.2976E-07,-3.4402E-07
0.805,0.3,3.0314E-05,-1.1685E-09,-3.0284E-05,3.2966E-07,-3.4404E-07
0.81,0.3,3.0330000000000003E-05,-1.1992E-09,-3.0302000000000002E-05,3.2976E-07,-3.4436E-07
0.81500000000000006,0.3,3.0354E-05,-1.2302E-09,-3.0314E-05,3.2967999999999997E-07,-3.4436E-07
0.82000000000000006,0.3,3.0374E-05,-1.2638E-09,-3.0336000000000002E-05,3.2966E-07,-3.4458E-07
0.82500000000000007,0.3,3.0410000000000002E-05,-1.2954E-09,-3.0386E-05,3.2962E-07,-3.4474E-07
0.83000000000000007,0.3,3.0404000000000002E-05,-1.3282E-09,-3.0382E-05,3.2952E-07,-3.4522E-07
0.83500000000000008,0.3,3.0474E-05,-1.3626E-09,-3.0414E-05,3.296E-07,-3.4526E-07
0.84000000000000008,0.3,3.0464000000000002E-05,-1.3956E-09,-3.0444000000000002E-05,3.296E-07,-3.4545999999999997E-07
0.84500000000000008,0.3,3.0474E-05,-1.4297E-09,-3.0476E-05,3.2962E-07,-3.4576E-07
0.85000000000000009,0.3,3.0516E-05,-1.4638E-09,-3.0492000000000002E-05,3.2958E-07,-3.4572E-07
0.85500000000000009,0.3,3.0550000000000004E-05,-1.4988E-09,-3.0508E-05,3.2956E-07,-3.46E-07
0.86,0.3,3.053E-05,-1.534E-09,-3.0538E-05,3.2952E-07,-3.4618E-07
0.865,0.3,3.0564E-05,-1.5686E-09,-3.0556000000000004E-05,3.2956E-07,-3.4642E-07
0.87,0.3,3.0612000000000004E-05,-1.6035E-09,-3.0568E-05,3.2948E-07,-3.4657999999999997E-07
0.875,0.3,3.065E-05,-1.6393E-09,-3.0604E-05,3.2946E-07,-3.468E-07
0.88,0.3,3.0668E-05,-1.6725E-09,-3.0626E-05,3.2944E-07,-3.4702E-07
0.885,0.3,3.0684E-05,-1.7098E-09,-3.0656E-05,3.2938E-07,-3.4713999999999997E-07
0.89,0.3,3.0686000000000004E-05,-1.748E-09,-3.0680000000000004E-05,3.2924E-07,-3.4732E-07
0.895,0.3,3.0716E-05,-1.7852E-09,-3.0678E-05,3.293E-07,-3.476E-07
0.9,0.3,3.0760000000000004E-05,-1.8229E-09,-3.0752E-05,3.2925999999999997E-07,-3.4769999999999997E-07
0,0.45,-1.17221E-05,4.291E-09,1.1500700000000002E-05,3.3448E-07,-3.2696E-07
0.005,0.45,7.6154E-05,4.0977E-09,-9.1424E-05,3.3422E-07,-3.2722E-07
0.01,0.45,0.00018672,3.9773E-09,-0.00018680000000000001,3.3415999999999997E-07,-3.2752E-07
0.015000000000000001,0.45,0.00027626,3.8889E-09,-0.00027602000000000003,3.3394E-07,-3.2776E-07
0.02,0.45,0.00035744000000000005,3.8279E-09,-0.00035704000000000004,3.3392E-07,-3.2785999999999997E-07
0.025,0.45,0.00043328,3.7501E-09,-0.00043312,3.3387999999999997E-07,-3.2794E-07
0.030000000000000002,0.45,0.00050126,3.679E-09,-0.00050128,3.3382E-07,-3.2812E-07
0.035,0.45,0.0005649,3.6223E-09,-0.00056476000000000009,3.3373999999999997E-07,-3.2824E-07
0.04,0.45,0.00062214000000000008,3.558E-09,-0.00062216000000000007,3.3368E-07,-3.2834E-07
0.045000000000000005,0.45,0.0006748,3.4972E-09,-0.00067514000000000007,3.3368E-07,-3.284E-07
0.05,0.45,0.00072246000000000007,3.4308E-09,-0.0007219,3.3356E-07,-3.286E-07
0.055,0.45,0.00076562000000000006,3.3812E-09,-0.00076584,3.3354E-07,-3.2872E-07
0.060000000000000005,0.45,0.00080472000000000009,3.3256E-09,-0.00080422,3.3345999999999997E-07,-3.288E-07
0.065,0.45,0.00083948000000000009,3.2709E-09,-0.00083918,3.334E-07,-3.2886E-07
0.07,0.45,0.00087136000000000006,3.2113E-09,-0.0008706600000000001,3.334E-07,-3.2894E-07
0.075,0.45,0.00089936000000000009,3.1581E-09,-0.00089920000000000006,3.3331999999999997E-07,-3.291E-07
0.08,0.45,0.00092494000000000007,3.1104E-09,-0.00092482,3.3331999999999997E-07,-3.2914E-07
0.085,0.45,0.00094762,3.0607E-09,-0.00094754000000000008,3.3324E-07,-3.2939999999999997E-07
0.090000000000000011,0.45,0.00096796,3.0093E-09,-0.00096762000000000009,3.3326E-07,-3.2939999999999997E-07
0.095,0.45,0.00098604,2.9665E-09,-0.00098554,3.3316E-07,-3.2948E-07
0.1,0.45,0.0010021000000000001,2.9151E-09,-0.0010022800000000001,3.3308E-07,-3.2952E-07
0.10500000000000001,0.45,0.00101628,2.8651E-09,-0.00101604,3.3303999999999997E-07,-3.296E-07
0.11,0.45,0.00102968,2.8159E-09,-0.00102954,3.331E-07,-3.297E-07
0.115,0.45,0.00104068,2.7664E-09,-0.0010408400000000001,3.3298E-07,-3.298E-07
0.12000000000000001,0.45,0.0010508800000000001,2.7154E-09,-0.0010513,3.3298E-07,-3.2981999999999997E-07
0.125,0.45,0.00106018,2.6653E-09,-0.00106018,3.3286E-07,-3.2998E-07
0.13,0.45,0.00106758,2.6119E-09,-0.0010673800000000002,3.3292E-07,-3.3008E-07
0.135,0.45,0.00107506,2.5592E-09,-0.00107506,3.3284E-07,-3.3014E-07
0.14,0.45,0.00108182,2.5073E-09,-0.00108168,3.3286E-07,-3.302E-07
0.14500000000000002,0.45,0.00108738,2.4574E-09,-0.0010872,3.3275999999999997E-07,-3.3032E-07
0.15,0.45,0.00109286,2.402E-09,-0.0010925400000000001,3.3268E-07,-3.3046E-07
0.155,0.45,0.00109762,2.3511E-09,-0.00109722,3.3278E-07,-3.3048E-07
0.16,0.45,0.0011017800000000001,2.3028E-09,-0.00110168,3.3268E-07,-3.3058E-07
0.165,0.45,0.00110574,2.2503E-09,-0.00110526,3.3261999999999997E-07,-3.3072E-07
0.17,0.45,0.00110896,2.2005E-09,-0.0011091200000000001,3.326E-07,-3.3074E-07
0.17500000000000002,0.45,0.0011122200000000001,2.153E-09,-0.00111208,3.3258E-07,-3.3079999999999997E-07
0.18000000000000002,0.45,0.001115,2.1135E-09,-0.00111458,3.3258E-07,-3.309E-07
0.185,0.45,0.00111774,2.0715E-09,-0.0011176200000000002,3.3247999999999997E-07,-3.3098E-07
0.19,0.45,0.0011203600000000002,2.0244E-09,-0.0011196000000000001,3.3254E-07,-3.311E-07
0.195,0.45,0.0011225,1.9892E-09,-0.0011226200000000002,3.3236E-07,-3.312E-07
0.2,0.45,0.00112436,1.9597E-09,-0.0011239800000000001,3.3242E-07,-3.3121999999999997E-07
0.20500000000000002,0.45,0.00112684,1.9241E-09,-0.0011262000000000002,3.3232E-07,-3.3126E-07
0.21000000000000002,0.45,0.0011284,1.8953E-09,-0.00112824,3.3233999999999997E-07,-3.314E-07
0.215,0.45,0.00113064,1.8719E-09,-0.0011293,3.3232E-07,-3.3152E-07
0.22,0.45,0.00113166,1.8412E-09,-0.0011316800000000001,3.3226E-07,-3.3158E-07
0.225,0.45,0.00113338,1.8207E-09,-0.0011329600000000001,3.3226E-07,-3.317E-07
0.23,0.45,0.00113506,1.7999E-09,-0.0011351,3.3216E-07,-3.3172E-07
0.23500000000000001,0.45,0.0011366800000000002,1.7815E-09,-0.00113656,3.3218E-07,-3.3182E-07
0.24000000000000002,0.45,0.00113856,1.7593E-09,-0.00113806,3.3218E-07,-3.3194E-07
0.24500000000000002,0.45,0.00113958,1.7446E-09,-0.00113958,3.321E-07,-3.3196E-07
0.25,0.45,0.00114138,1.7261E-09,-0.00114118,3.3208E-07,-3.32E-07
0.255,0.45,0.0011419000000000002,1.7115E-09,-0.00114268,3.3198E-07,-3.3212E-07
0.26,0.45,0.0011435800000000002,1.698E-09,-0.0011436600000000001,3.3198E-07,-3.3219999999999997E-07
0.265,0.45,0.0011448,1.6798E-09,-0.00114502,3.3196E-07,-3.3224E-07
0.27,0.45,0.00114572,1.6689E-09,-0.0011461800000000001,3.3198E-07,-3.323E-07
0.275,0.45,0.00114752,1.6537E-09,-0.00114714,3.3194E-07,-3.3242E-07
0.28,0.45,0.0011483600000000002,1.6422E-09,-0.00114874,3.319E-07,-3.3256E-07
0.28500000000000003,0.45,0.00114948,1.6287E-09,-0.0011492400000000002,3.3194E-07,-3.326E-07
0.29000000000000004,0.45,0.0011510000000000001,1.625E-09,-0.0011504800000000002,3.3184E-07,-3.3272E-07
0.29500000000000004,0.45,0.0011518,1.6142E-09,-0.00115168,3.3191999999999997E-07,-3.328E-07
0.3,0.45,0.0011532,1.6029E-09,-0.0011528600000000001,3.3182E-07,-3.3292E-07
0.305,0.45,0.0011542,1.5893E-09,-0.0011542,3.3177999999999997E-07,-3.3289999999999997E-07
0.31,0.45,0.0011562,1.5775E-09,-0.00115482,3.3184E-07,-3.3303999999999997E-07
0.315,0.45,0.0011566,1.5684E-09,-0.00115594,3.3172E-07,-3.3317999999999997E-07
0.32,0.45,0.001158,1.5571E-09,-0.0011571,3.3177999999999997E-07,-3.3317999999999997E-07
0.325,0.45,0.001158,1.5473E-09,-0.0011583000000000001,3.317E-07,-3.3326E-07
0.33,0.45,0.0011596,1.5373E-09,-0.00115898,3.3166E-07,-3.333E-07
0.335,0.45,0.0011608,1.5293E-09,-0.00116046,3.3156E-07,-3.3334E-07
0.34,0.45,0.0011618,1.5164E-09,-0.00116152,3.3156E-07,-3.3345999999999997E-07
0.34500000000000003,0.45,0.0011628,1.5062E-09,-0.001162,3.3149999999999997E-07,-3.3359999999999997E-07
0.35000000000000003,0.45,0.0011634,1.497E-09,-0.00116302,3.3152E-07,-3.3358E-07
0.35500000000000004,0.45,0.0011648000000000001,1.4886E-09,-0.00116408,3.3144E-07,-3.3366E-07
0.36000000000000004,0.45,0.0011658,1.4796E-09,-0.0011649000000000002,3.3142E-07,-3.338E-07
0.365,0.45,0.0011668,1.4687E-09,-0.00116664,3.3144E-07,-3.338E-07
0.37,0.45,0.0011676,1.4597E-09,-0.0011673,3.3142E-07,-3.3394E-07
0.375,0.45,0.0011682,1.4499E-09,-0.0011681600000000001,3.3142E-07,-3.3404E-07
0.38,0.45,0.0011692,1.4415E-09,-0.00116902,3.3135999999999997E-07,-3.3408E-07
0.385,0.45,0.0011698,1.4329E-09,-0.0011697,3.3134E-07,-3.3424E-07
0.39,0.45,0.00117,1.4201E-09,-0.0011714,3.3124E-07,-3.3422E-07
0.395,0.45,0.0011724,1.4145E-09,-0.001172,3.3126E-07,-3.3426E-07
0.4,0.45,0.0011734,1.4067E-09,-0.001173,3.3126E-07,-3.3436E-07
0.405,0.45,0.0011742,1.3944E-09,-0.0011738,3.3126E-07,-3.3442E-07
0.41000000000000003,0.45,0.0011758,1.3854E-09,-0.0011746,3.3116E-07,-3.3456E-07
0.41500000000000004,0.45,0.001176,1.3774E-09,-0.001176,3.3116E-07,-3.3462E-07
0.42000000000000004,0.45,0.0011764,1.3673E-09,-0.001177,3.3116E-07,-3.3471999999999997E-07
0.42500000000000004,0.45,0.0011782000000000001,1.3614E-09,-0.0011776,3.3107999999999997E-07,-3.3471999999999997E-07
0.43,0.45,0.001179,1.3496E-09,-0.0011784,3.3114E-07,-3.349E-07
0.435,0.45,0.00118,1.3409E-09,-0.0011796,3.3118E-07,-3.3506E-07
0.44,0.45,0.0011812,1.331E-09,-0.0011802,3.3112E-07,-3.3504E-07
0.445,0.45,0.001182,1.3209E-09,-0.0011814,3.3104E-07,-3.3516E-07
0.45,0.45,0.001182,1.3133E-09,-0.0011822,3.3106E-07,-3.3532E-07
0.455,0.45,0.001183,1.3031E-09,-0.0011832,3.31E-07,-3.354E-07
0.46,0.45,0.0011844,1.2922E-09,-0.0011842,3.3104E-07,-3.3546E-07
0.465,0.45,0.001185,1.2844E-09,-0.001185,3.3096E-07,-3.3555999999999997E-07
0.47000000000000003,0.45,0.0011858,1.2734E-09,-0.0011856,3.3096E-07,-3.3568E-07
0.47500000000000003,0.45,0.0011870000000000001,1.2645E-09,-0.0011868,3.3096E-07,-3.3568E-07
0.48000000000000004,0.45,0.001188,1.2553E-09,-0.0011872,3.3093999999999997E-07,-3.3582E-07
0.48500000000000004,0.45,0.0011882,1.244E-09,-0.0011882,3.309E-07,-3.3594E-07
0.49000000000000005,0.45,0.0011896,1.2343E-09,-0.0011892,3.3086E-07,-3.3608E-07
0.49500000000000005,0.45,0.0011908,1.2258E-09,-0.00119,3.3084E-07,-3.3606E-07
0.5,0.45,0.0011912000000000001,1.2135E-09,-0.0011912000000000001,3.3088E-07,-3.3624E-07
0.505,0.45,0.0011922,1.2055E-09,-0.0011918,3.3078E-07,-3.363E-07
0.51,0.45,0.0011928,1.1934E-09,-0.0011926,3.3079999999999997E-07,-3.3636E-07
0.515,0.45,0.0011938,1.182E-09,-0.0011932,3.3072E-07,-3.365E-07
0.52,0.45,0.0011948,1.1736E-09,-0.0011946,3.307E-07,-3.3662E-07
0.525,0.45,0.001196,1.1632E-09,-0.0011958000000000001,3.3065999999999997E-07,-3.3672E-07
0.53,0.45,0.0011962000000000001,1.1487E-09,-0.0011964,3.3062E-07,-3.3672E-07
0.535,0.45,0.0011972,1.1388E-09,-0.0011964,3.307E-07,-3.3686E-07
0.54,0.45,0.0011982,1.1283E-09,-0.0011976,3.3065999999999997E-07,-3.3706E-07
0.545,0.45,0.0011992,1.1156E-09,-0.001199,3.306E-07,-3.3712E-07
0.55,0.45,0.0011998,1.1066E-09,-0.0011992,3.3054E-07,-3.3722E-07
0.555,0.45,0.0011996,1.093E-09,-0.0012004000000000001,3.3058E-07,-3.3734E-07
0.56,0.45,0.0012016,1.0811E-09,-0.0012016,3.306E-07,-3.3748E-07
0.56500000000000006,0.45,0.0012024,1.071E-09,-0.0012018,3.3046E-07,-3.3754E-07
0.57000000000000006,0.45,0.0012038,1.0571E-09,-0.001203,3.3048E-07,-3.3765999999999997E-07
0.57500000000000007,0.45,0.0012042,1.0434E-09,-0.0012038,3.305E-07,-3.3778E-07
0.58000000000000007,0.45,0.0012042,1.0319E-09,-0.0012050000000000001,3.3051999999999997E-07,-3.3784E-07
0.58500000000000008,0.45,0.0012054,1.0203E-09,-0.0012054,3.3044E-07,-3.3802E-07
0.59000000000000008,0.45,0.0012064,1.006E-09,-0.0012062,3.3046E-07,-3.3807999999999997E-07
0.595,0.45,0.001207,9.9630000000000017E-10,-0.0012068,3.3046E-07,-3.3818E-07
0.6,0.45,0.0012082,9.8218E-10,-0.001208,3.3044E-07,-3.3824E-07
0.605,0.45,0.001209,9.6731E-10,-0.0012082,3.3034E-07,-3.3832E-07
0.61,0.45,0.0012102,9.5273E-10,-0.0012092000000000001,3.3037999999999997E-07,-3.3842E-07
0.615,0.45,0.001211,9.4177000000000015E-10,-0.00121,3.3028E-07,-3.3856E-07
0.62,0.45,0.0012108,9.2466000000000009E-10,-0.0012102,3.303E-07,-3.387E-07
0.625,0.45,0.0012114,9.1293000000000007E-10,-0.001212,3.3034E-07,-3.389E-07
0.63,0.45,0.001213,8.9815E-10,-0.0012126,3.3028E-07,-3.3894E-07
0.635,0.45,0.0012132,8.8022000000000009E-10,-0.0012132,3.3023999999999997E-07,-3.3902E-07
0.64,0.45,0.0012144,8.6787E-10,-0.001214,3.302E-07,-3.391E-07
0.645,0.45,0.0012152,8.5206000000000005E-10,-0.0012146,3.3023999999999997E-07,-3.3926E-07
0.65,0.45,0.0012158,8.3813000000000008E-10,-0.001216,3.3018E-07,-3.3944E-07
0.655,0.45,0.0012164,8.2131E-10,-0.001217,3.3014E-07,-3.3954E-07
0.66,0.45,0.0012178,8.0527000000000005E-10,-0.001217,3.3016E-07,-3.3972E-07
0.665,0.45,0.0012180000000000001,7.9002E-10,-0.0012176,3.3006E-07,-3.398E-07
0.67,0.45,0.0012194,7.741300000000001E-10,-0.001219,3.3012E-07,-3.3996E-07
0.675,0.45,0.0012196,7.5539E-10,-0.0012192,3.3009999999999997E-07,-3.4008E-07
0.68,0.45,0.0012204,7.4279000000000008E-10,-0.0012202,3.3012E-07,-3.4028E-07
0.685,0.45,0.0012216,7.2335000000000009E-10,-0.0012206,3.3006E-07,-3.4042E-07
0.69000000000000006,0.45,0.0012224,7.0804000000000007E-10,-0.001222,3.2998E-07,-3.4042E-07
0.69500000000000006,0.45,0.001222,6.891E-10,-0.0012228,3.3006E-07,-3.4068E-07
0.70000000000000007,0.45,0.0012238,6.7307E-10,-0.001224,3.3004E-07,-3.4078E-07
0.70500000000000007,0.45,0.0012248,6.5309000000000007E-10,-0.0012242,3.2994E-07,-3.4086E-07
0.71000000000000008,0.45,0.0012254,6.3742000000000006E-10,-0.0012248,3.2995999999999997E-07,-3.41E-07
0.71500000000000008,0.45,0.0012264,6.1628000000000007E-10,-0.001226,3.3E-07,-3.4111999999999997E-07
0.72000000000000008,0.45,0.001227,6.0026000000000006E-10,-0.001227,3.2992E-07,-3.4152E-07
0.72500000000000009,0.45,0.001228,5.8103E-10,-0.0012274,3.2992E-07,-3.4162E-07
0.73,0.45,0.0012282,5.6122000000000005E-10,-0.0012282,3.2994E-07,-3.4172E-07
0.735,0.45,0.0012288,5.4579E-10,-0.0012288,3.299E-07,-3.4176E-07
0.74,0.45,0.00123,5.2526E-10,-0.0012294,3.299E-07,-3.4202E-07
0.745,0.45,0.0012308,5.0629E-10,-0.001231,3.2988E-07,-3.4212E-07
0.75,0.45,0.001232,4.8547000000000008E-10,-0.0012308,3.2986E-07,-3.424E-07
0.755,0.45,0.0012328,4.662E-10,-0.0012314000000000001,3.2988E-07,-3.425E-07
0.76,0.45,0.0012328,4.4442000000000005E-10,-0.0012322,3.298E-07,-3.4268E-07
0.765,0.45,0.0012338,4.2577E-10,-0.0012334,3.2981999999999997E-07,-3.4279999999999997E-07
0.77,0.45,0.0012344,4.0448000000000003E-10,-0.001234,3.2972E-07,-3.4292E-07
0.775,0.45,0.0012360000000000001,3.7904E-10,-0.0012354,3.297E-07,-3.4306E-07
0.78,0.45,0.0012364000000000001,3.5778000000000003E-10,-0.0012358,3.2974E-07,-3.4334E-07
0.785,0.45,0.0012366,3.3673000000000004E-10,-0.0012364000000000001,3.2972E-07,-3.4344E-07
0.79,0.45,0.0012374,3.1413000000000003E-10,-0.0012374,3.297E-07,-3.4362E-07
0.795,0.45,0.0012386,2.9364000000000003E-10,-0.001238,3.2974E-07,-3.4368E-07
0.8,0.45,0.0012386,2.7166E-10,-0.0012386,3.297E-07,-3.4402E-07
0.805,0.45,0.0012392,2.4917000000000003E-10,-0.0012392,3.2958E-07,-3.4408E-07
0.81,0.45,0.0012408,2.2621000000000001E-10,-0.0012406000000000001,3.2964E-07,-3.4432E-07
0.81500000000000006,0.45,0.0012412,2.0349E-10,-0.0012410000000000001,3.2958E-07,-3.4456E-07
0.82000000000000006,0.45,0.001242,1.829E-10,-0.0012414,3.296E-07,-3.4474E-07
0.82500000000000007,0.45,0.0012426,1.571E-10,-0.0012424,3.2956E-07,-3.4488E-07
0.83000000000000007,0.45,0.001243,1.3327000000000002E-10,-0.0012432,3.2958E-07,-3.4494E-07
0.83500000000000008,0.45,0.001244,1.0943E-10,-0.001244,3.2956E-07,-3.4522E-07
0.84000000000000008,0.45,0.0012454,8.597E-11,-0.0012444,3.2953999999999997E-07,-3.4545999999999997E-07
0.84500000000000008,0.45,0.0012454,6.1800000000000009E-11,-0.0012452000000000001,3.2958E-07,-3.458E-07
0.85000000000000009,0.45,0.0012464,3.85E-11,-0.0012462,3.296E-07,-3.4601999999999997E-07
0.85500000000000009,0.45,0.0012472,1.126E-11,-0.0012466,3.2956E-07,-3.461E-07
0.86,0.45,0.001248,-1.462E-11,-0.001247,3.2953999999999997E-07,-3.4648E-07
0.865,0.45,0.0012486,-3.8430000000000003E-11,-0.0012482,3.2952E-07,-3.4643999999999997E-07
0.87,0.45,0.0012492,-6.433E-11,-0.0012490000000000001,3.296E-07,-3.4664E-07
0.875,0.45,0.0012504,-8.744000000000001E-11,-0.0012496,3.2948E-07,-3.4696E-07
0.88,0.45,0.0012506,-1.129E-10,-0.0012504,3.2942E-07,-3.4702E-07
0.885,0.45,0.0012512,-1.4251E-10,-0.001251,3.2944E-07,-3.4727999999999997E-07
0.89,0.45,0.001252,-1.7090000000000003E-10,-0.001252,3.2942E-07,-3.4762E-07
0.895,0.45,0.0012528,-1.9662000000000002E-10,-0.0012522,3.2942E-07,-3.4774E-07
0.9,0.45,0.0012536000000000001,-2.2469000000000003E-10,-0.0012536000000000001,3.2934E-07,-3.4804E-07
0,0.6,-1.84E-05,1.00796E-08,2.5796000000000002E-05,3.3454E-07,-3.2628E-07
0.005,0.6,6.7648E-05,9.7824E-09,-0.0002975,3.3428E-07,-3.2676E-07
0.01,0.6,0.00062334,9.5151E-09,-0.0006222,3.3406E-07,-3.2694E-07
0.015000000000000001,0.6,0.00094224,9.3288E-09,-0.00094224,3.3406E-07,-3.2712E-07
0.02,0.6,0.0012502,9.1003E-09,-0.0012486,3.3386E-07,-3.2748E-07
0.025,0.6,0.001551,8.9217E-09,-0.0015502,3.3386E-07,-3.2762E-07
0.030000000000000002,0.6,0.0018398,8.7482E-09,-0.0018388,3.3378E-07,-3.2771999999999997E-07
0.035,0.6,0.0021234,8.5828E-09,-0.0021236000000000002,3.3373999999999997E-07,-3.2785999999999997E-07
0.04,0.6,0.002394,8.4304E-09,-0.002394,3.3358E-07,-3.2798E-07
0.045000000000000005,0.6,0.00266,8.2725E-09,-0.0026606,3.335E-07,-3.281E-07
0.05,0.6,0.0029128,8.126E-09,-0.0029132,3.3358E-07,-3.2824E-07
0.055,0.6,0.0031596000000000003,7.976E-09,-0.0031596000000000003,3.3345999999999997E-07,-3.2834E-07
0.060000000000000005,0.6,0.0033948,7.8357E-09,-0.0033952,3.3344E-07,-3.2848E-07
0.065,0.6,0.0036232,7.7018E-09,-0.0036222,3.3336E-07,-3.2858E-07
0.07,0.6,0.0038442,7.5597E-09,-0.003843,3.3338E-07,-3.2866E-07
0.075,0.6,0.0040524,7.442E-09,-0.004051,3.3328E-07,-3.2882E-07
0.08,0.6,0.0042564000000000005,7.3158E-09,-0.0042558,3.332E-07,-3.2894E-07
0.085,0.6,0.0044492,7.1987E-09,-0.0044486000000000005,3.332E-07,-3.2897999999999997E-07
0.090000000000000011,0.6,0.0046352,7.0728E-09,-0.004635,3.3316E-07,-3.2908E-07
0.095,0.6,0.0048106,6.9598E-09,-0.00481,3.3303999999999997E-07,-3.2916E-07
0.1,0.6,0.0049814,6.8586E-09,-0.004981,3.3312E-07,-3.2934E-07
0.10500000000000001,0.6,0.005141,6.7508E-09,-0.0051404,3.3302E-07,-3.2942E-07
0.11,0.6,0.0052954000000000005,6.6466E-09,-0.0052942,3.3296E-07,-3.2948E-07
0.115,0.6,0.0054404,6.5599E-09,-0.0054392,3.3286E-07,-3.2956E-07
0.12000000000000001,0.6,0.0055792,6.4656E-09,-0.0055794,3.3289999999999997E-07,-3.2964E-07
0.125,0.6,0.0057076,6.375E-09,-0.005708,3.3286E-07,-3.297E-07
0.13,0.6,0.0058312,6.2876E-09,-0.0058312,3.3286E-07,-3.2978E-07
0.135,0.6,0.0059502,6.1903E-09,-0.0059498,3.328E-07,-3.2998E-07
0.14,0.6,0.0060582,6.121E-09,-0.0060578,3.3282E-07,-3.3002E-07
0.14500000000000002,0.6,0.0061642,6.0362E-09,-0.0061638000000000005,3.328E-07,-3.3014E-07
0.15,0.6,0.0062606,5.9585E-09,-0.0062604,3.3272E-07,-3.3026E-07
0.155,0.6,0.0063538,5.8957E-09,-0.0063534,3.3268E-07,-3.3037999999999997E-07
0.16,0.6,0.0064392,5.8155E-09,-0.0064384,3.3274E-07,-3.3044E-07
0.165,0.6,0.0065194,5.7581E-09,-0.0065196,3.3268E-07,-3.3056E-07
0.17,0.6,0.0065946,5.6913E-09,-0.006595,3.3266E-07,-3.3068E-07
0.17500000000000002,0.6,0.0066664,5.6248E-09,-0.0066662,3.3266E-07,-3.307E-07
0.18000000000000002,0.6,0.006732,5.5594E-09,-0.0067316,3.3274E-07,-3.3096E-07
0.185,0.6,0.0067944,5.5088E-09,-0.0067946000000000005,3.3254E-07,-3.3092E-07
0.19,0.6,0.0068522,5.4448E-09,-0.0068502,3.3254E-07,-3.3098E-07
0.195,0.6,0.0069038,5.3908E-09,-0.0069038,3.3246E-07,-3.3096E-07
0.2,0.6,0.0069538,5.3376E-09,-0.0069548000000000006,3.3247999999999997E-07,-3.3121999999999997E-07
0.20500000000000002,0.6,0.0070008,5.2997E-09,-0.0070002,3.3246E-07,-3.3126E-07
0.21000000000000002,0.6,0.0070432,5.2465E-09,-0.007043,3.3242E-07,-3.3132E-07
0.215,0.6,0.0070826000000000005,5.2001E-09,-0.0070834,3.3242E-07,-3.314E-07
0.22,0.6,0.0071212,5.1539E-09,-0.0071218,3.3232E-07,-3.3158E-07
0.225,0.6,0.0071534,5.1064E-09,-0.0071548,3.323E-07,-3.3162E-07
0.23,0.6,0.0071866000000000005,5.0675E-09,-0.0071866000000000005,3.3219999999999997E-07,-3.317E-07
0.23500000000000001,0.6,0.007216,5.0234E-09,-0.0072158000000000005,3.3226E-07,-3.3176E-07
0.24000000000000002,0.6,0.0072450000000000006,4.9823E-09,-0.0072446,3.3219999999999997E-07,-3.3196E-07
0.24500000000000002,0.6,0.0072694000000000005,4.9446E-09,-0.0072688,3.3224E-07,-3.32E-07
0.25,0.6,0.007293,4.9025E-09,-0.0072928,3.3216E-07,-3.3204E-07
0.255,0.6,0.0073156,4.8672E-09,-0.0073144,3.3224E-07,-3.3218E-07
0.26,0.6,0.0073358,4.8295E-09,-0.0073354,3.3226E-07,-3.3214E-07
0.265,0.6,0.0073542,4.7913E-09,-0.0073544000000000005,3.3216E-07,-3.3233999999999997E-07
0.27,0.6,0.0073726,4.7551E-09,-0.0073718,3.3218E-07,-3.324E-07
0.275,0.6,0.0073896000000000005,4.7171E-09,-0.0073884,3.3208E-07,-3.3252E-07
0.28,0.6,0.0074048000000000004,4.6877E-09,-0.0074046,3.3208E-07,-3.3256E-07
0.28500000000000003,0.6,0.0074218,4.656E-09,-0.0074196,3.3208E-07,-3.3275999999999997E-07
0.29000000000000004,0.6,0.0074346,4.6218E-09,-0.0074332,3.3202E-07,-3.3282E-07
0.29500000000000004,0.6,0.0074478,4.5908E-09,-0.0074468,3.321E-07,-3.3286E-07
0.3,0.6,0.0074592,4.5615E-09,-0.0074592,3.3205999999999997E-07,-3.33E-07
0.305,0.6,0.0074716,4.533E-09,-0.0074704,3.3191999999999997E-07,-3.3303999999999997E-07
0.31,0.6,0.0074828,4.5064E-09,-0.0074814,3.3202E-07,-3.3312E-07
0.315,0.6,0.0074932,4.4778E-09,-0.0074930000000000005,3.3196E-07,-3.3326E-07
0.32,0.6,0.0075046,4.4532E-09,-0.007503,3.3198E-07,-3.3334E-07
0.325,0.6,0.0075124,4.4299E-09,-0.0075122,3.3196E-07,-3.3342E-07
0.33,0.6,0.0075226,4.4073E-09,-0.0075208,3.3191999999999997E-07,-3.3354E-07
0.335,0.6,0.0075314,4.3847E-09,-0.0075308,3.3184E-07,-3.3348E-07
0.34,0.6,0.0075384,4.3639E-09,-0.0075388,3.3186E-07,-3.3362E-07
0.34500000000000003,0.6,0.0075474,4.344E-09,-0.0075476,3.3186E-07,-3.3378E-07
0.35000000000000003,0.6,0.0075562,4.3237E-09,-0.0075548,3.318E-07,-3.3378E-07
0.35500000000000004,0.6,0.0075646,4.3041E-09,-0.0075632,3.3177999999999997E-07,-3.3387999999999997E-07
0.36000000000000004,0.6,0.0075708,4.2845E-09,-0.00757,3.3172E-07,-3.3396E-07
0.365,0.6,0.0075784,4.2693E-09,-0.007577,3.318E-07,-3.3418E-07
0.37,0.6,0.0075858,4.2506E-09,-0.0075840000000000005,3.3163999999999997E-07,-3.3424E-07
0.375,0.6,0.0075922,4.2346E-09,-0.0075932000000000005,3.317E-07,-3.3429999999999997E-07
0.38,0.6,0.0075984,4.2201E-09,-0.0075984,3.317E-07,-3.3429999999999997E-07
0.385,0.6,0.0076058,4.2044E-09,-0.007606,3.3168E-07,-3.3443999999999997E-07
0.39,0.6,0.0076114,4.1901E-09,-0.0076124,3.316E-07,-3.3448E-07
0.395,0.6,0.00762,4.1738E-09,-0.007618,3.3162E-07,-3.3471999999999997E-07
0.4,0.6,0.0076236,4.1623E-09,-0.0076240000000000006,3.316E-07,-3.3471999999999997E-07
0.405,0.6,0.007631,4.1436E-09,-0.0076314,3.3163999999999997E-07,-3.348E-07
0.41000000000000003,0.6,0.0076372,4.1289E-09,-0.0076370000000000006,3.3162E-07,-3.3492E-07
0.41500000000000004,0.6,0.007642,4.1162E-09,-0.0076406,3.316E-07,-3.3498E-07
0.42000000000000004,0.6,0.0076482,4.11E-09,-0.0076476,3.3162E-07,-3.3513999999999997E-07
0.42500000000000004,0.6,0.0076538000000000005,4.0918E-09,-0.0076542,3.3158E-07,-3.3518E-07
0.43,0.6,0.0076602,4.0763E-09,-0.0076602,3.3156E-07,-3.3527999999999997E-07
0.435,0.6,0.007665,4.0608E-09,-0.007666,3.3149999999999997E-07,-3.3546E-07
0.44,0.6,0.0076702,4.0581E-09,-0.0076722000000000005,3.3148E-07,-3.3555999999999997E-07
0.445,0.6,0.0076762,4.0454E-09,-0.0076762,3.3152E-07,-3.3555999999999997E-07
0.45,0.6,0.0076820000000000005,4.0377E-09,-0.0076802,3.3146E-07,-3.356E-07
0.455,0.6,0.0076878,4.0208E-09,-0.007687,3.3149999999999997E-07,-3.3582E-07
0.46,0.6,0.007693,3.9988E-09,-0.0076926,3.3142E-07,-3.3582E-07
0.465,0.6,0.0076982000000000005,3.99E-09,-0.007698,3.3135999999999997E-07,-3.36E-07
0.47000000000000003,0.6,0.0077052000000000006,3.9783E-09,-0.0077028,3.3148E-07,-3.3616E-07
0.47500000000000003,0.6,0.0077088,3.9642E-09,-0.0077086,3.3135999999999997E-07,-3.3611999999999997E-07
0.48000000000000004,0.6,0.0077138,3.9532E-09,-0.0077136,3.3135999999999997E-07,-3.361E-07
0.48500000000000004,0.6,0.007719,3.9401E-09,-0.0077192,3.313E-07,-3.3628E-07
0.49000000000000005,0.6,0.0077238,3.9296E-09,-0.0077242000000000005,3.3132E-07,-3.365E-07
0.49500000000000005,0.6,0.007729,3.9206E-09,-0.0077298,3.3132E-07,-3.3653999999999997E-07
0.5,0.6,0.0077342,3.9045E-09,-0.0077336,3.313E-07,-3.3667999999999997E-07
0.505,0.6,0.0077392,3.8941E-09,-0.007738,3.3132E-07,-3.368E-07
0.51,0.6,0.007744,3.8853E-09,-0.0077436,3.3135999999999997E-07,-3.3694E-07
0.515,0.6,0.0077496000000000006,3.8693E-09,-0.0077480000000000005,3.312E-07,-3.3704E-07
0.52,0.6,0.0077528,3.8625E-09,-0.0077540000000000005,3.313E-07,-3.372E-07
0.525,0.6,0.0077586,3.845E-09,-0.0077568,3.3126E-07,-3.3723999999999997E-07
0.53,0.6,0.007763,3.8406E-09,-0.007763,3.3128E-07,-3.3726E-07
0.535,0.6,0.0077668,3.8257E-09,-0.0077672,3.3121999999999997E-07,-3.3742E-07
0.54,0.6,0.0077732,3.8127E-09,-0.007772,3.312E-07,-3.3758E-07
0.545,0.6,0.007777,3.803E-09,-0.0077778000000000005,3.3114E-07,-3.3758E-07
0.55,0.6,0.007782,3.7941E-09,-0.0077818,3.3121999999999997E-07,-3.3782E-07
0.555,0.6,0.0077870000000000005,3.7787E-09,-0.0077872,3.3121999999999997E-07,-3.379E-07
0.56,0.6,0.007792,3.7693E-09,-0.00779,3.3118E-07,-3.3792E-07
0.56500000000000006,0.6,0.0077952,3.7576E-09,-0.0077942,3.3114E-07,-3.3806E-07
0.57000000000000006,0.6,0.0078014,3.743E-09,-0.0077984000000000005,3.3116E-07,-3.3828E-07
0.57500000000000007,0.6,0.0078044,3.735E-09,-0.007803,3.3118E-07,-3.384E-07
0.58000000000000007,0.6,0.0078104,3.7207E-09,-0.0078088,3.3107999999999997E-07,-3.3846E-07
0.58500000000000008,0.6,0.0078136,3.7092E-09,-0.007813,3.3112E-07,-3.3849999999999997E-07
0.59000000000000008,0.6,0.0078184,3.6989E-09,-0.0078182,3.3114E-07,-3.3872E-07
0.595,0.6,0.0078236,3.6906E-09,-0.0078226,3.3106E-07,-3.3872E-07
0.6,0.6,0.0078268,3.6775E-09,-0.0078256,3.3112E-07,-3.3894E-07
0.605,0.6,0.007832,3.6662E-09,-0.0078306,3.3104E-07,-3.3908E-07
0.61,0.6,0.0078352,3.6541E-09,-0.0078348,3.3107999999999997E-07,-3.3916E-07
0.615,0.6,0.0078412,3.6355E-09,-0.007839200000000001,3.3106E-07,-3.3933999999999997E-07
0.62,0.6,0.0078452,3.6275E-09,-0.0078454,3.309E-07,-3.3947999999999997E-07
0.625,0.6,0.0078486,3.6123E-09,-0.0078502,3.3106E-07,-3.3952E-07
0.63,0.6,0.0078548,3.6037E-09,-0.0078534,3.31E-07,-3.3978E-07
0.635,0.6,0.0078574,3.5891E-09,-0.007858,3.3104E-07,-3.3974E-07
0.64,0.6,0.007863,3.5684E-09,-0.0078624,3.3104E-07,-3.3994E-07
0.645,0.6,0.0078664,3.5649E-09,-0.0078658000000000009,3.31E-07,-3.4004E-07
0.65,0.6,0.0078698,3.5507E-09,-0.0078712,3.3093999999999997E-07,-3.4016E-07
0.655,0.6,0.0078746,3.5377E-09,-0.0078756,3.3093999999999997E-07,-3.404E-07
0.66,0.6,0.00788,3.527E-09,-0.0078796,3.3096E-07,-3.405E-07
0.665,0.6,0.007882,3.5117E-09,-0.0078828,3.3107999999999997E-07,-3.408E-07
0.67,0.6,0.0078888,3.4964E-09,-0.0078862,3.31E-07,-3.4074E-07
0.675,0.6,0.0078916,3.4887E-09,-0.007891200000000001,3.309E-07,-3.4078E-07
0.68,0.6,0.007896,3.4722E-09,-0.0078954,3.3093999999999997E-07,-3.411E-07
0.685,0.6,0.0079,3.4576E-09,-0.0078994,3.3086E-07,-3.4122E-07
0.69000000000000006,0.6,0.007904,3.4466E-09,-0.0079054,3.3088E-07,-3.413E-07
0.69500000000000006,0.6,0.0079088,3.428E-09,-0.007907,3.3092E-07,-3.4146E-07
0.70000000000000007,0.6,0.0079140000000000009,3.412E-09,-0.0079138,3.3082E-07,-3.416E-07
0.70500000000000007,0.6,0.007917,3.4037E-09,-0.0079166,3.309E-07,-3.4174E-07
0.71000000000000008,0.6,0.007921000000000001,3.3886E-09,-0.00792,3.3092E-07,-3.4188E-07
0.71500000000000008,0.6,0.0079258,3.3754E-09,-0.0079238,3.3088E-07,-3.4202E-07
0.72000000000000008,0.6,0.00793,3.3616E-09,-0.0079284,3.3082E-07,-3.424E-07
0.72500000000000009,0.6,0.0079338,3.3454E-09,-0.0079322,3.3086E-07,-3.4242E-07
0.73,0.6,0.0079372,3.3339E-09,-0.0079366,3.3086E-07,-3.425E-07
0.735,0.6,0.0079418,3.315E-09,-0.0079400000000000009,3.31E-07,-3.4279999999999997E-07
0.74,0.6,0.0079442,3.3018E-09,-0.007944,3.3132E-07,-3.434E-07
0.745,0.6,0.0079494,3.2838E-09,-0.0079498,3.309E-07,-3.4302E-07
0.75,0.6,0.0079542,3.2753E-09,-0.0079542,3.3088E-07,-3.4316E-07
0.755,0.6,0.0079566,3.2669E-09,-0.0079568,3.3093999999999997E-07,-3.4344E-07
0.76,0.6,0.00796,3.2424E-09,-0.0079608,3.3082E-07,-3.4354E-07
0.765,0.6,0.007965,3.2263E-09,-0.0079652,3.309E-07,-3.4376E-07
0.77,0.6,0.007968600000000001,3.2099E-09,-0.0079696,3.3084E-07,-3.4391999999999997E-07
0.775,0.6,0.0079738,3.1963E-09,-0.0079734,3.3086E-07,-3.4405999999999997E-07
0.78,0.6,0.007976,3.1836E-09,-0.007976200000000001,3.3079999999999997E-07,-3.4419999999999997E-07
0.785,0.6,0.0079814,3.1601E-09,-0.0079796,3.3078E-07,-3.444E-07
0.79,0.6,0.0079836,3.1442E-09,-0.0079824,3.3082E-07,-3.446E-07
0.795,0.6,0.007988,3.1283E-09,-0.0079874,3.3084E-07,-3.4475999999999997E-07
0.8,0.6,0.0079924,3.112E-09,-0.0079916,3.3078E-07,-3.4516E-07
0.805,0.6,0.0079966,3.0928E-09,-0.0079954,3.309E-07,-3.4522E-07
0.81,0.6,0.0079998,3.0747E-09,-0.0079988,3.3086E-07,-3.4538E-07
0.81500000000000006,0.6,0.008002,3.0572E-09,-0.0080024,3.3084E-07,-3.4545999999999997E-07
0.82000000000000006,0.6,0.0080074,3.0428E-09,-0.008006000000000001,3.3074E-07,-3.4559999999999997E-07
0.82500000000000007,0.6,0.0080102,3.0261E-09,-0.0080112,3.3084E-07,-3.4598E-07
0.83000000000000007,0.6,0.0080136000000000009,3.01E-09,-0.0080134,3.3082E-07,-3.4606E-07
0.83500000000000008,0.6,0.0080184,2.9895E-09,-0.008019,3.3082E-07,-3.4634E-07
0.84000000000000008,0.6,0.0080222,2.9693E-09,-0.0080212000000000009,3.3082E-07,-3.4662E-07
0.84500000000000008,0.6,0.0080248,2.9516E-09,-0.0080262,3.3079999999999997E-07,-3.4676E-07
0.85000000000000009,0.6,0.00803,2.932E-09,-0.0080292,3.3084E-07,-3.4704E-07
0.85500000000000009,0.6,0.0080346,2.9149E-09,-0.0080346,3.3078E-07,-3.4716E-07
0.86,0.6,0.0080392,2.8941E-09,-0.0080378,3.3082E-07,-3.4744E-07
0.865,0.6,0.0080412,2.8857E-09,-0.0080408,3.3072E-07,-3.4772E-07
0.87,0.6,0.0080452,2.8679E-09,-0.0080448,3.3082E-07,-3.4772E-07
0.875,0.6,0.0080486,2.8496E-09,-0.0080492,3.3065999999999997E-07,-3.4822E-07
0.88,0.6,0.0080526,2.828E-09,-0.0080534,3.3079999999999997E-07,-3.4838E-07
0.885,0.6,0.0080564,2.7983E-09,-0.0080562,3.3078E-07,-3.4852E-07
0.89,0.6,0.0080604,2.7784E-09,-0.008059,3.3084E-07,-3.4874E-07
0.895,0.6,0.008061,2.7678E-09,-0.0080648,3.3074E-07,-3.4909999999999997E-07
0.9,0.6,0.0080678,2.7461E-09,-0.0080676,3.3078E-07,-3.4923999999999997E-07
0,0.75,-2.1278000000000002E-05,2.9432999999999996E-08,3.7438E-05,3.3494E-07,-3.264E-07
0.005,0.75,5.7036E-05,2.8658399999999996E-08,-0.0004622,3.3452E-07,-3.2686E-07
0.01,0.75,0.00097296,2.7976E-08,-0.00097334000000000006,3.344E-07,-3.2696E-07
0.015000000000000001,0.75,0.0014828,2.7298399999999996E-08,-0.0014826,3.3406E-07,-3.2734E-07
0.02,0.75,0.0019812000000000002,2.6695999999999996E-08,-0.0019796,3.3408E-07,-3.2754E-07
0.025,0.75,0.0024804000000000002,2.6103199999999996E-08,-0.0024798,3.3394E-07,-3.277E-07
0.030000000000000002,0.75,0.0029646,2.5534E-08,-0.0029638,3.3387999999999997E-07,-3.2782E-07
0.035,0.75,0.0034502,2.4985999999999996E-08,-0.0034494,3.3386E-07,-3.279E-07
0.04,0.75,0.0039212,2.44622E-08,-0.0039204,3.3376E-07,-3.2799999999999997E-07
0.045000000000000005,0.75,0.0043948,2.39336E-08,-0.0043932,3.3376E-07,-3.2816E-07
0.05,0.75,0.0048518,2.3440599999999996E-08,-0.0048526,3.3364E-07,-3.2827999999999997E-07
0.055,0.75,0.0053118,2.2931599999999998E-08,-0.0053114,3.3352E-07,-3.283E-07
0.060000000000000005,0.75,0.0057552,2.2473999999999997E-08,-0.0057552,3.335E-07,-3.2848E-07
0.065,0.75,0.0061958000000000004,2.2024E-08,-0.0061928,3.335E-07,-3.2866E-07
0.07,0.75,0.0066322,2.1584199999999997E-08,-0.0066300000000000005,3.334E-07,-3.288E-07
0.075,0.75,0.0070550000000000005,2.1143E-08,-0.0070538,3.3338E-07,-3.2886E-07
0.08,0.75,0.0074764,2.07318E-08,-0.0074788,3.3334E-07,-3.2894E-07
0.085,0.75,0.0078866,2.03422E-08,-0.0078852,3.3328E-07,-3.29E-07
0.090000000000000011,0.75,0.0082948,1.99386E-08,-0.0082948,3.3322E-07,-3.2916E-07
0.095,0.75,0.0086878,1.9571199999999998E-08,-0.0086874,3.3316E-07,-3.2932E-07
0.1,0.75,0.0090798,1.9186799999999997E-08,-0.0090802,3.331E-07,-3.2944E-07
0.10500000000000001,0.75,0.009457,1.88512E-08,-0.0094574,3.331E-07,-3.296E-07
0.11,0.75,0.0098346,1.8496399999999997E-08,-0.0098358,3.3314E-07,-3.2978E-07
0.115,0.75,0.0101978,1.81618E-08,-0.010198800000000001,3.3306E-07,-3.2972E-07
0.12000000000000001,0.75,0.010559,1.7838799999999998E-08,-0.0105574,3.3312E-07,-3.2986E-07
0.125,0.75,0.010906,1.75292E-08,-0.010905,3.3302E-07,-3.2995999999999997E-07
0.13,0.75,0.0112456,1.7232E-08,-0.0112466,3.3302E-07,-3.3002E-07
0.135,0.75,0.011604000000000002,1.69306E-08,-0.011592000000000002,3.3296E-07,-3.3018E-07
0.14,0.75,0.011928000000000001,1.6650999999999998E-08,-0.011916000000000001,3.3292E-07,-3.3034E-07
0.14500000000000002,0.75,0.012248,1.63666E-08,-0.012234000000000002,3.3284E-07,-3.3037999999999997E-07
0.15,0.75,0.012556000000000001,1.60956E-08,-0.012546000000000002,3.328E-07,-3.3054E-07
0.155,0.75,0.012860000000000002,1.5834799999999998E-08,-0.012848000000000002,3.3284E-07,-3.3056E-07
0.16,0.75,0.013154,1.55974E-08,-0.013142000000000001,3.3288E-07,-3.307E-07
0.165,0.75,0.013442,1.5346799999999998E-08,-0.013426,3.328E-07,-3.3079999999999997E-07
0.17,0.75,0.013716,1.5113799999999998E-08,-0.013704000000000001,3.328E-07,-3.3088E-07
0.17500000000000002,0.75,0.01399,1.4884399999999998E-08,-0.013978,3.328E-07,-3.3092E-07
0.18000000000000002,0.75,0.014248000000000002,1.4673399999999999E-08,-0.014240000000000001,3.3275999999999997E-07,-3.3107999999999997E-07
0.185,0.75,0.014504000000000001,1.4456599999999998E-08,-0.014494000000000002,3.3266E-07,-3.312E-07
0.19,0.75,0.014750000000000001,1.4261599999999999E-08,-0.014738000000000001,3.3272E-07,-3.3132E-07
0.195,0.75,0.014986000000000001,1.4057599999999999E-08,-0.014980000000000002,3.3268E-07,-3.3138E-07
0.2,0.75,0.015216000000000002,1.3876199999999999E-08,-0.015204,3.3272E-07,-3.3149999999999997E-07
0.20500000000000002,0.75,0.015438000000000002,1.3690399999999999E-08,-0.015426000000000002,3.3275999999999997E-07,-3.3156E-07
0.21000000000000002,0.75,0.015654,1.3503999999999998E-08,-0.015642,3.3272E-07,-3.317E-07
0.215,0.75,0.015864000000000003,1.33408E-08,-0.015850000000000003,3.326E-07,-3.3186E-07
0.22,0.75,0.016064000000000002,1.3173799999999999E-08,-0.016050000000000002,3.3266E-07,-3.319E-07
0.225,0.75,0.016254,1.30146E-08,-0.01624,3.3261999999999997E-07,-3.3202E-07
0.23,0.75,0.016438,1.2856999999999999E-08,-0.01643,3.3268E-07,-3.3205999999999997E-07
0.23500000000000001,0.75,0.016618,1.2705799999999999E-08,-0.016602000000000002,3.3261999999999997E-07,-3.3218E-07
0.24000000000000002,0.75,0.016786000000000002,1.2563399999999998E-08,-0.016778,3.3261999999999997E-07,-3.3236E-07
0.24500000000000002,0.75,0.01695,1.2433999999999999E-08,-0.01694,3.3258E-07,-3.324E-07
0.25,0.75,0.01711,1.2303599999999999E-08,-0.017098000000000002,3.3258E-07,-3.3252E-07
0.255,0.75,0.017258000000000003,1.2166E-08,-0.01725,3.3261999999999997E-07,-3.3258E-07
0.26,0.75,0.017408,1.2049599999999999E-08,-0.017392,3.3266E-07,-3.327E-07
0.265,0.75,0.01754,1.1929999999999998E-08,-0.017532000000000002,3.3261999999999997E-07,-3.3282E-07
0.27,0.75,0.017672,1.1811399999999999E-08,-0.017662,3.3261999999999997E-07,-3.3286E-07
0.275,0.75,0.017798,1.17068E-08,-0.017788,3.3254E-07,-3.33E-07
0.28,0.75,0.017918,1.16066E-08,-0.017910000000000002,3.3264E-07,-3.3312E-07
0.28500000000000003,0.75,0.018036,1.1492799999999998E-08,-0.018022000000000003,3.3247999999999997E-07,-3.3317999999999997E-07
0.29000000000000004,0.75,0.018146000000000002,1.1400799999999998E-08,-0.018128000000000002,3.3254E-07,-3.3328E-07
0.29500000000000004,0.75,0.018246000000000002,1.1314E-08,-0.018236000000000002,3.3256E-07,-3.3336E-07
0.3,0.75,0.018344000000000003,1.1220599999999998E-08,-0.018334000000000003,3.3256E-07,-3.3338E-07
0.305,0.75,0.018438000000000003,1.1131999999999998E-08,-0.018428,3.3256E-07,-3.3352E-07
0.31,0.75,0.018526,1.10552E-08,-0.018514000000000003,3.3254E-07,-3.3364E-07
0.315,0.75,0.018612,1.09762E-08,-0.018600000000000002,3.3256E-07,-3.3376E-07
0.32,0.75,0.018690000000000002,1.0889999999999999E-08,-0.018676,3.3256E-07,-3.3387999999999997E-07
0.325,0.75,0.018768,1.08258E-08,-0.018754000000000003,3.3261999999999997E-07,-3.3412E-07
0.33,0.75,0.018838,1.07532E-08,-0.018826000000000002,3.325E-07,-3.3414E-07
0.335,0.75,0.018908,1.0690799999999999E-08,-0.018896000000000003,3.3256E-07,-3.3428E-07
0.34,0.75,0.01897,1.0633799999999999E-08,-0.018956,3.3254E-07,-3.3432E-07
0.34500000000000003,0.75,0.019032,1.05704E-08,-0.019024000000000003,3.325E-07,-3.3436E-07
0.35000000000000003,0.75,0.019088,1.0505399999999999E-08,-0.019076000000000003,3.325E-07,-3.3456E-07
0.35500000000000004,0.75,0.01914,1.04474E-08,-0.01913,3.3254E-07,-3.346E-07
0.36000000000000004,0.75,0.019192,1.0400599999999998E-08,-0.019180000000000003,3.325E-07,-3.3474E-07
0.365,0.75,0.019242000000000002,1.0349999999999998E-08,-0.01923,3.3254E-07,-3.3478E-07
0.37,0.75,0.01929,1.0298399999999999E-08,-0.019276,3.325E-07,-3.349E-07
0.375,0.75,0.019332000000000002,1.0253199999999999E-08,-0.01932,3.3246E-07,-3.3492E-07
0.38,0.75,0.019374000000000002,1.0202E-08,-0.019360000000000002,3.3246E-07,-3.3508E-07
0.385,0.75,0.019412000000000002,1.0163599999999999E-08,-0.0194,3.3256E-07,-3.3526E-07
0.39,0.75,0.019448,1.0120599999999998E-08,-0.019440000000000002,3.325E-07,-3.3526E-07
0.395,0.75,0.019482000000000003,1.0083399999999999E-08,-0.01947,3.3254E-07,-3.3541999999999997E-07
0.4,0.75,0.019514,1.0046999999999999E-08,-0.019504,3.3254E-07,-3.3555999999999997E-07
0.405,0.75,0.019546,1.0005E-08,-0.019534000000000003,3.325E-07,-3.3552E-07
0.41000000000000003,0.75,0.01958,9.9687999999999989E-09,-0.019562000000000003,3.3256E-07,-3.3582E-07
0.41500000000000004,0.75,0.019606000000000002,9.9389999999999989E-09,-0.019596000000000002,3.3256E-07,-3.3588E-07
0.42000000000000004,0.75,0.019632,9.9042E-09,-0.019620000000000002,3.325E-07,-3.3592E-07
0.42500000000000004,0.75,0.019658000000000002,9.8754E-09,-0.019646,3.324E-07,-3.3608E-07
0.43,0.75,0.019688,9.8387999999999987E-09,-0.019672000000000002,3.3247999999999997E-07,-3.361E-07
0.435,0.75,0.019706,9.8084E-09,-0.019692,3.3254E-07,-3.362E-07
0.44,0.75,0.01973,9.7775E-09,-0.019716,3.326E-07,-3.3644E-07
0.445,0.75,0.019748,9.7443E-09,-0.019738000000000002,3.325E-07,-3.365E-07
0.45,0.75,0.019770000000000003,9.7117E-09,-0.019760000000000003,3.3261999999999997E-07,-3.3662E-07
0.455,0.75,0.019790000000000002,9.6937E-09,-0.019776000000000002,3.326E-07,-3.368E-07
0.46,0.75,0.019812000000000003,9.6693E-09,-0.0198,3.3254E-07,-3.3695999999999997E-07
0.465,0.75,0.019828000000000002,9.6452E-09,-0.019818000000000002,3.326E-07,-3.37E-07
0.47000000000000003,0.75,0.019848,9.6244E-09,-0.019832000000000002,3.3261999999999997E-07,-3.3718E-07
0.47500000000000003,0.75,0.019864000000000003,9.592E-09,-0.019850000000000003,3.3274E-07,-3.3734E-07
0.48000000000000004,0.75,0.019880000000000002,9.5757E-09,-0.019866,3.3247999999999997E-07,-3.3734E-07
0.48500000000000004,0.75,0.019898000000000002,9.557E-09,-0.019882,3.326E-07,-3.374E-07
0.49000000000000005,0.75,0.019912000000000003,9.5316E-09,-0.019896,3.3261999999999997E-07,-3.3758E-07
0.49500000000000005,0.75,0.019928,9.5172E-09,-0.019914,3.3258E-07,-3.3765999999999997E-07
0.5,0.75,0.019938,9.5007E-09,-0.019926000000000003,3.3254E-07,-3.3782E-07
0.505,0.75,0.019956,9.482E-09,-0.019942,3.326E-07,-3.3793999999999997E-07
0.51,0.75,0.01997,9.4659E-09,-0.019958,3.3258E-07,-3.3806E-07
0.515,0.75,0.019982000000000003,9.4452E-09,-0.01997,3.3256E-07,-3.3818E-07
0.52,0.75,0.019994,9.4213E-09,-0.019988000000000002,3.326E-07,-3.3835999999999997E-07
0.525,0.75,0.020008,9.4132E-09,-0.019998000000000002,3.3264E-07,-3.3848E-07
0.53,0.75,0.020024,9.3953E-09,-0.020008,3.3261999999999997E-07,-3.386E-07
0.535,0.75,0.020032,9.3786E-09,-0.020024,3.3266E-07,-3.3874E-07
0.54,0.75,0.020050000000000002,9.3597E-09,-0.020034000000000003,3.3264E-07,-3.3886E-07
0.545,0.75,0.020058000000000003,9.3484E-09,-0.020046,3.3258E-07,-3.3896E-07
0.55,0.75,0.02007,9.332E-09,-0.02006,3.3268E-07,-3.39E-07
0.555,0.75,0.020086000000000003,9.3124E-09,-0.020072000000000003,3.3268E-07,-3.3926E-07
0.56,0.75,0.020092000000000002,9.295E-09,-0.020084,3.3268E-07,-3.3933999999999997E-07
0.56500000000000006,0.75,0.020104,9.2871E-09,-0.020092000000000002,3.3272E-07,-3.3958E-07
0.57000000000000006,0.75,0.020116000000000002,9.2657E-09,-0.020106000000000002,3.327E-07,-3.3962E-07
0.57500000000000007,0.75,0.020128,9.2581E-09,-0.020116000000000002,3.3264E-07,-3.3974E-07
0.58000000000000007,0.75,0.020136,9.2416E-09,-0.020130000000000002,3.3264E-07,-3.399E-07
0.58500000000000008,0.75,0.02015,9.2292E-09,-0.02014,3.326E-07,-3.4008E-07
0.59000000000000008,0.75,0.020166000000000003,9.2136E-09,-0.020152000000000003,3.3266E-07,-3.4018E-07
0.595,0.75,0.020174,9.201E-09,-0.020162000000000003,3.3272E-07,-3.4032E-07
0.6,0.75,0.020180000000000003,9.1853E-09,-0.02017,3.3266E-07,-3.4042E-07
0.605,0.75,0.020194,9.1714E-09,-0.020182000000000002,3.3272E-07,-3.4056E-07
0.61,0.75,0.020206000000000002,9.1604E-09,-0.020192,3.3268E-07,-3.407E-07
0.615,0.75,0.020214000000000003,9.1457E-09,-0.020200000000000003,3.3275999999999997E-07,-3.408E-07
0.62,0.75,0.020224000000000002,9.1314E-09,-0.020210000000000002,3.3261999999999997E-07,-3.4096E-07
0.625,0.75,0.02023,9.1141E-09,-0.020222,3.3275999999999997E-07,-3.4114E-07
0.63,0.75,0.020242000000000003,9.1007E-09,-0.020234000000000002,3.3274E-07,-3.4146E-07
0.635,0.75,0.020254,9.0887E-09,-0.02024,3.3268E-07,-3.4136E-07
0.64,0.75,0.02026,9.0757E-09,-0.02025,3.3268E-07,-3.4156E-07
0.645,0.75,0.020274,9.0705E-09,-0.020264,3.3278E-07,-3.4172E-07
0.65,0.75,0.020280000000000003,9.0508E-09,-0.020272000000000002,3.3278E-07,-3.4174E-07
0.655,0.75,0.020290000000000002,9.0431E-09,-0.020280000000000003,3.3275999999999997E-07,-3.4206E-07
0.66,0.75,0.020296,9.0262E-09,-0.020288,3.3286E-07,-3.4218E-07
0.665,0.75,0.02031,9.0102E-09,-0.020302,3.3272E-07,-3.4236E-07
0.67,0.75,0.020318000000000003,8.9993E-09,-0.020304000000000003,3.3275999999999997E-07,-3.4248E-07
0.675,0.75,0.020326,8.9875E-09,-0.020314000000000002,3.3275999999999997E-07,-3.425E-07
0.68,0.75,0.020338000000000002,8.974E-09,-0.020324000000000002,3.3286E-07,-3.4278E-07
0.685,0.75,0.020350000000000004,8.9568E-09,-0.020332000000000003,3.328E-07,-3.4293999999999997E-07
0.69000000000000006,0.75,0.020352000000000002,8.942E-09,-0.020342000000000002,3.3284E-07,-3.4307999999999997E-07
0.69500000000000006,0.75,0.020362,8.9295E-09,-0.020352000000000002,3.3286E-07,-3.4324E-07
0.70000000000000007,0.75,0.020376000000000002,8.9176E-09,-0.020360000000000003,3.3292E-07,-3.4349999999999997E-07
0.70500000000000007,0.75,0.020382,8.9058E-09,-0.020372,3.3289999999999997E-07,-3.436E-07
0.71000000000000008,0.75,0.020392,8.8915E-09,-0.020380000000000002,3.3289999999999997E-07,-3.439E-07
0.71500000000000008,0.75,0.0204,8.8751E-09,-0.020390000000000002,3.3286E-07,-3.4386E-07
0.72000000000000008,0.75,0.020408000000000003,8.8644E-09,-0.020398000000000003,3.3289999999999997E-07,-3.443E-07
0.72500000000000009,0.75,0.020416,8.8531E-09,-0.0204,3.3288E-07,-3.4438E-07
0.73,0.75,0.020424,8.8364E-09,-0.020414,3.3286E-07,-3.445E-07
0.735,0.75,0.020434,8.8268E-09,-0.020422000000000003,3.3298E-07,-3.4464E-07
0.74,0.75,0.020442000000000002,8.8115E-09,-0.020434,3.3296E-07,-3.448E-07
0.745,0.75,0.020454000000000003,8.7973E-09,-0.020438,3.3298E-07,-3.4489999999999997E-07
0.75,0.75,0.020456000000000002,8.7818E-09,-0.020444,3.3298E-07,-3.451E-07
0.755,0.75,0.020464000000000003,8.7683E-09,-0.020456000000000002,3.3298E-07,-3.4536E-07
0.76,0.75,0.020476,8.7585E-09,-0.020466,3.3296E-07,-3.4554E-07
0.765,0.75,0.020486,8.7399E-09,-0.020474000000000003,3.3296E-07,-3.4564E-07
0.77,0.75,0.02049,8.7288E-09,-0.020482,3.33E-07,-3.459E-07
0.775,0.75,0.020502000000000003,8.7195E-09,-0.020488000000000003,3.331E-07,-3.4601999999999997E-07
0.78,0.75,0.020508000000000002,8.703E-09,-0.020498000000000002,3.3302E-07,-3.4632E-07
0.785,0.75,0.020518,8.6891E-09,-0.020508000000000002,3.3312E-07,-3.465E-07
0.79,0.75,0.020528,8.6746E-09,-0.020514,3.3306E-07,-3.4648E-07
0.795,0.75,0.020532,8.6628E-09,-0.020522000000000002,3.3308E-07,-3.4668E-07
0.8,0.75,0.020542,8.6516E-09,-0.020530000000000003,3.332E-07,-3.468E-07
0.805,0.75,0.020552,8.6348E-09,-0.020536000000000002,3.3312E-07,-3.4724E-07
0.81,0.75,0.020556,8.6194E-09,-0.020546000000000002,3.3314E-07,-3.4748E-07
0.81500000000000006,0.75,0.020568000000000003,8.6089E-09,-0.020554000000000003,3.3317999999999997E-07,-3.4766E-07
0.82000000000000006,0.75,0.020574000000000002,8.5958E-09,-0.020562,3.3322E-07,-3.4794E-07
0.82500000000000007,0.75,0.020578000000000003,8.5797E-09,-0.020572000000000003,3.3322E-07,-3.481E-07
0.83000000000000007,0.75,0.020588000000000002,8.5701E-09,-0.020574000000000002,3.332E-07,-3.4834E-07
0.83500000000000008,0.75,0.020594,8.5522E-09,-0.020584,3.3326E-07,-3.485E-07
0.84000000000000008,0.75,0.020604,8.5373E-09,-0.020594,3.3326E-07,-3.4872E-07
0.84500000000000008,0.75,0.020610000000000003,8.5221E-09,-0.0206,3.333E-07,-3.4888E-07
0.85000000000000009,0.75,0.020620000000000003,8.5079E-09,-0.020608,3.3331999999999997E-07,-3.4914E-07
0.85500000000000009,0.75,0.020626000000000002,8.4937E-09,-0.020614,3.3328E-07,-3.4944E-07
0.86,0.75,0.020636,8.4845E-09,-0.020624000000000003,3.3328E-07,-3.4964E-07
0.865,0.75,0.020644000000000003,8.4686E-09,-0.020632,3.333E-07,-3.4992E-07
0.87,0.75,0.020652,8.4527E-09,-0.020638,3.334E-07,-3.5016E-07
0.875,0.75,0.020654000000000002,8.4394E-09,-0.020644000000000003,3.334E-07,-3.5034E-07
0.88,0.75,0.020664000000000002,8.4233E-09,-0.02065,3.3344E-07,-3.5042E-07
0.885,0.75,0.020672000000000003,8.4083E-09,-0.02066,3.3345999999999997E-07,-3.5084E-07
0.89,0.75,0.020682000000000002,8.3911E-09,-0.020664000000000002,3.3334E-07,-3.5102E-07
0.895,0.75,0.020684,8.3774E-09,-0.020672000000000003,3.334E-07,-3.5119999999999997E-07
0.9,0.75,0.020690000000000004,8.3621E-09,-0.02068,3.3345999999999997E-07,-3.5154E-07
0,0.9,-2.1072E-05,1.0943999999999999E-07,4.3860000000000004E-05,3.3454E-07,-3.278E-07
0.005,0.9,5.0878E-05,1.0648E-07,-0.00056384,3.3434E-07,-3.2798E-07
0.01,0.9,0.001191,1.0374E-07,-0.0011886,3.3412E-07,-3.2822E-07
0.015000000000000001,0.9,0.0018194,1.0105999999999999E-07,-0.0018204,3.34E-07,-3.2826E-07
0.02,0.9,0.002438,9.8454999999999991E-08,-0.0024382,3.3392E-07,-3.285E-07
0.025,0.9,0.0030616000000000003,9.59346E-08,-0.003061,3.3376E-07,-3.2852E-07
0.030000000000000002,0.9,0.0036702,9.3554599999999985E-08,-0.0036702,3.338E-07,-3.2862E-07
0.035,0.9,0.0042856000000000005,9.1165399999999991E-08,-0.004285,3.3373999999999997E-07,-3.2869999999999997E-07
0.04,0.9,0.0048868,8.8896399999999986E-08,-0.004889,3.338E-07,-3.2888E-07
0.045000000000000005,0.9,0.0054944,8.6658599999999987E-08,-0.0054942,3.3368E-07,-3.2896E-07
0.05,0.9,0.0060862,8.4567399999999987E-08,-0.0060862,3.3362E-07,-3.2906E-07
0.055,0.9,0.0066830000000000006,8.24722E-08,-0.0066808,3.335E-07,-3.2916E-07
0.060000000000000005,0.9,0.0072672000000000006,8.0507199999999992E-08,-0.0072658,3.335E-07,-3.2916E-07
0.065,0.9,0.0078476,7.85898E-08,-0.007846800000000001,3.3345999999999997E-07,-3.2939999999999997E-07
0.07,0.9,0.0084292,7.667939999999999E-08,-0.008429,3.3338E-07,-3.2946E-07
0.075,0.9,0.0090008,7.4872399999999992E-08,-0.0090002,3.3334E-07,-3.2948E-07
0.08,0.9,0.0095726,7.31406E-08,-0.0095742,3.332E-07,-3.2958E-07
0.085,0.9,0.0101328,7.14366E-08,-0.0101346,3.3328E-07,-3.2976E-07
0.090000000000000011,0.9,0.010697,6.9771799999999987E-08,-0.0106966,3.3328E-07,-3.2978E-07
0.095,0.9,0.0112452,6.81808E-08,-0.0112456,3.332E-07,-3.2994E-07
0.1,0.9,0.011822000000000001,6.659979999999999E-08,-0.011810000000000001,3.3316E-07,-3.3002E-07
0.10500000000000001,0.9,0.012364000000000002,6.5132999999999992E-08,-0.012346000000000001,3.331E-07,-3.3018E-07
0.11,0.9,0.012900000000000002,6.3668399999999993E-08,-0.012888000000000002,3.3317999999999997E-07,-3.3022E-07
0.115,0.9,0.013432000000000001,6.22846E-08,-0.013420000000000001,3.331E-07,-3.303E-07
0.12000000000000001,0.9,0.013958000000000002,6.09306E-08,-0.01395,3.3303999999999997E-07,-3.304E-07
0.125,0.9,0.014482000000000002,5.9627599999999988E-08,-0.014464000000000001,3.331E-07,-3.304E-07
0.13,0.9,0.014990000000000002,5.8355599999999995E-08,-0.014980000000000002,3.3303999999999997E-07,-3.3068E-07
0.135,0.9,0.015504000000000002,5.7103399999999994E-08,-0.015488000000000002,3.3308E-07,-3.3076E-07
0.14,0.9,0.016002000000000002,5.5921199999999993E-08,-0.01599,3.3303999999999997E-07,-3.3086E-07
0.14500000000000002,0.9,0.016502000000000003,5.4730599999999994E-08,-0.016492,3.3298E-07,-3.3092E-07
0.15,0.9,0.01699,5.36114E-08,-0.016980000000000002,3.3289999999999997E-07,-3.3102E-07
0.155,0.9,0.017478,5.2520199999999994E-08,-0.017470000000000003,3.3296E-07,-3.3116E-07
0.16,0.9,0.017954,5.1496399999999995E-08,-0.017942000000000003,3.3296E-07,-3.3121999999999997E-07
0.165,0.9,0.018428,5.0462999999999993E-08,-0.018414000000000003,3.3289999999999997E-07,-3.313E-07
0.17,0.9,0.018894,4.9479199999999994E-08,-0.01888,3.3289999999999997E-07,-3.3134E-07
0.17500000000000002,0.9,0.019356,4.84842E-08,-0.019342,3.3296E-07,-3.3146E-07
0.18000000000000002,0.9,0.019802,4.75632E-08,-0.019792,3.3289999999999997E-07,-3.316E-07
0.185,0.9,0.020252000000000003,4.66576E-08,-0.020244,3.3286E-07,-3.3177999999999997E-07
0.19,0.9,0.020688,4.5785599999999995E-08,-0.020678000000000002,3.3286E-07,-3.318E-07
0.195,0.9,0.021124,4.49406E-08,-0.021114,3.3289999999999997E-07,-3.3188E-07
0.2,0.9,0.021546000000000003,4.4138599999999994E-08,-0.021536000000000003,3.3308E-07,-3.3202E-07
0.20500000000000002,0.9,0.021964,4.33294E-08,-0.021954,3.3288E-07,-3.3212E-07
0.21000000000000002,0.9,0.022378000000000002,4.2543799999999996E-08,-0.022368000000000002,3.3294E-07,-3.3222E-07
0.215,0.9,0.022786,4.1830799999999995E-08,-0.022768000000000004,3.3289999999999997E-07,-3.3228E-07
0.22,0.9,0.023180000000000003,4.1085999999999995E-08,-0.023172,3.3296E-07,-3.3233999999999997E-07
0.225,0.9,0.02357,4.03928E-08,-0.023556,3.3284E-07,-3.3256E-07
0.23,0.9,0.023956,3.9730399999999994E-08,-0.023946000000000002,3.3292E-07,-3.3268E-07
0.23500000000000001,0.9,0.024332000000000003,3.9063199999999995E-08,-0.024318000000000003,3.3284E-07,-3.3278E-07
0.24000000000000002,0.9,0.024706000000000002,3.8440399999999994E-08,-0.024692000000000002,3.3289999999999997E-07,-3.3286E-07
0.24500000000000002,0.9,0.025058000000000004,3.7817399999999996E-08,-0.025052,3.3278E-07,-3.33E-07
0.25,0.9,0.025422000000000004,3.7231799999999995E-08,-0.025408000000000003,3.3288E-07,-3.331E-07
0.255,0.9,0.025762000000000004,3.66622E-08,-0.025754000000000003,3.3292E-07,-3.3312E-07
0.26,0.9,0.026108000000000003,3.6097599999999995E-08,-0.026096,3.3284E-07,-3.3334E-07
0.265,0.9,0.026438000000000003,3.5571399999999997E-08,-0.026428000000000004,3.3296E-07,-3.3342E-07
0.27,0.9,0.026758000000000004,3.5048199999999995E-08,-0.026750000000000003,3.3292E-07,-3.3348E-07
0.275,0.9,0.027082000000000002,3.4522599999999996E-08,-0.027066000000000003,3.3296E-07,-3.3358E-07
0.28,0.9,0.02739,3.4057799999999995E-08,-0.02738,3.3296E-07,-3.3366E-07
0.28500000000000003,0.9,0.027696000000000002,3.35806E-08,-0.027684000000000004,3.3298E-07,-3.339E-07
0.29000000000000004,0.9,0.02799,3.31344E-08,-0.027982000000000003,3.3306E-07,-3.3396E-07
0.29500000000000004,0.9,0.028280000000000003,3.2688999999999996E-08,-0.028268,3.331E-07,-3.3414E-07
0.3,0.9,0.028564000000000003,3.2271199999999996E-08,-0.028550000000000002,3.33E-07,-3.342E-07
0.305,0.9,0.028838000000000003,3.18504E-08,-0.028824000000000002,3.3308E-07,-3.3428E-07
0.31,0.9,0.029102000000000003,3.14596E-08,-0.029094000000000002,3.3303999999999997E-07,-3.3448E-07
0.315,0.9,0.029364,3.10652E-08,-0.029352000000000003,3.3314E-07,-3.3446E-07
0.32,0.9,0.029618000000000002,3.07074E-08,-0.029604000000000002,3.3303999999999997E-07,-3.3454E-07
0.325,0.9,0.029864,3.0357799999999995E-08,-0.029848000000000003,3.331E-07,-3.3474E-07
0.33,0.9,0.030098000000000003,3.00096E-08,-0.030088000000000004,3.3312E-07,-3.349E-07
0.335,0.9,0.030332,2.9681999999999997E-08,-0.030318,3.3316E-07,-3.3504E-07
0.34,0.9,0.030554,2.9367799999999998E-08,-0.030542000000000003,3.3324E-07,-3.3513999999999997E-07
0.34500000000000003,0.9,0.030774000000000003,2.9054599999999996E-08,-0.030762,3.3326E-07,-3.353E-07
0.35000000000000003,0.9,0.030986000000000003,2.8765999999999998E-08,-0.03097,3.3328E-07,-3.3536E-07
0.35500000000000004,0.9,0.031186000000000002,2.8475E-08,-0.031178000000000004,3.333E-07,-3.3541999999999997E-07
0.36000000000000004,0.9,0.031380000000000005,2.8198799999999996E-08,-0.03137,3.332E-07,-3.3558E-07
0.365,0.9,0.031574000000000005,2.7935399999999997E-08,-0.031564,3.3328E-07,-3.3564E-07
0.37,0.9,0.031758,2.7672599999999997E-08,-0.031748000000000005,3.332E-07,-3.3583999999999997E-07
0.375,0.9,0.031936000000000006,2.7437199999999997E-08,-0.031928000000000005,3.334E-07,-3.3608E-07
0.38,0.9,0.03211,2.7190399999999996E-08,-0.032100000000000004,3.3336E-07,-3.3606E-07
0.385,0.9,0.032272,2.6968599999999996E-08,-0.032260000000000004,3.3345999999999997E-07,-3.3624E-07
0.39,0.9,0.032432,2.6747799999999998E-08,-0.032422,3.3338E-07,-3.3634E-07
0.395,0.9,0.032584,2.6541799999999996E-08,-0.032576,3.3345999999999997E-07,-3.3653999999999997E-07
0.4,0.9,0.032738,2.6331199999999997E-08,-0.032724,3.335E-07,-3.3652E-07
0.405,0.9,0.032876,2.6137599999999997E-08,-0.032862,3.3348E-07,-3.3678E-07
0.41000000000000003,0.9,0.033018000000000006,2.5959599999999997E-08,-0.033006,3.3345999999999997E-07,-3.3686E-07
0.41500000000000004,0.9,0.033142000000000005,2.5776599999999998E-08,-0.033136000000000006,3.3352E-07,-3.3698E-07
0.42000000000000004,0.9,0.033272,2.56054E-08,-0.033260000000000005,3.3356E-07,-3.3712E-07
0.42500000000000004,0.9,0.033396,2.5439999999999998E-08,-0.033382,3.3366E-07,-3.3722E-07
0.43,0.9,0.033510000000000005,2.5275999999999998E-08,-0.0335,3.3362E-07,-3.3744E-07
0.435,0.9,0.033618,2.51332E-08,-0.033608000000000006,3.3366E-07,-3.3756E-07
0.44,0.9,0.033726000000000006,2.4975799999999997E-08,-0.033718000000000005,3.3373999999999997E-07,-3.377E-07
0.445,0.9,0.033828000000000004,2.4856399999999996E-08,-0.033816000000000006,3.3364E-07,-3.3776E-07
0.45,0.9,0.033928,2.4719399999999996E-08,-0.033916,3.3376E-07,-3.3792E-07
0.455,0.9,0.034022000000000004,2.4609999999999997E-08,-0.034008000000000004,3.3373999999999997E-07,-3.3807999999999997E-07
0.46,0.9,0.03411,2.4461199999999997E-08,-0.034098,3.339E-07,-3.3821999999999997E-07
0.465,0.9,0.034190000000000005,2.4380799999999998E-08,-0.034182000000000004,3.3382E-07,-3.3842E-07
0.47000000000000003,0.9,0.03427,2.4257599999999996E-08,-0.034264,3.3392E-07,-3.3846E-07
0.47500000000000003,0.9,0.034354,2.4143399999999998E-08,-0.034342000000000004,3.3382E-07,-3.386E-07
0.48000000000000004,0.9,0.034426000000000005,2.4053799999999997E-08,-0.034418000000000004,3.3398E-07,-3.388E-07
0.48500000000000004,0.9,0.034498,2.3962399999999998E-08,-0.034488000000000005,3.3392E-07,-3.3886E-07
0.49000000000000005,0.9,0.034564000000000004,2.38612E-08,-0.034554,3.3398E-07,-3.39E-07
0.49500000000000005,0.9,0.03463,2.3772399999999998E-08,-0.034622,3.3401999999999997E-07,-3.391E-07
0.5,0.9,0.034692,2.3700799999999997E-08,-0.034682000000000004,3.3401999999999997E-07,-3.3933999999999997E-07
0.505,0.9,0.034748,2.35932E-08,-0.034738000000000005,3.3414E-07,-3.3942E-07
0.51,0.9,0.034804,2.3531599999999997E-08,-0.034792000000000003,3.3414E-07,-3.396E-07
0.515,0.9,0.03486,2.3467599999999997E-08,-0.034846,3.341E-07,-3.397E-07
0.52,0.9,0.034912000000000006,2.3384999999999997E-08,-0.034896,3.3422E-07,-3.3984E-07
0.525,0.9,0.034960000000000005,2.3327399999999996E-08,-0.034948,3.3415999999999997E-07,-3.4E-07
0.53,0.9,0.035004,2.3260599999999997E-08,-0.034994000000000004,3.3422E-07,-3.4028E-07
0.535,0.9,0.035052,2.3198199999999998E-08,-0.03504,3.3424E-07,-3.4026E-07
0.54,0.9,0.035092000000000005,2.3146599999999997E-08,-0.03508,3.3434E-07,-3.405E-07
0.545,0.9,0.035134000000000006,2.3086999999999997E-08,-0.035122,3.3426E-07,-3.4056E-07
0.55,0.9,0.035172,2.3040799999999997E-08,-0.035160000000000004,3.3442E-07,-3.407E-07
0.555,0.9,0.035210000000000005,2.2987799999999996E-08,-0.035196000000000005,3.3438E-07,-3.4104E-07
0.56,0.9,0.035246000000000006,2.29474E-08,-0.035230000000000004,3.3436E-07,-3.411E-07
0.56500000000000006,0.9,0.035278000000000004,2.2902399999999997E-08,-0.035266000000000006,3.3443999999999997E-07,-3.4118E-07
0.57000000000000006,0.9,0.03531,2.2861199999999996E-08,-0.035302,3.3442E-07,-3.4128E-07
0.57500000000000007,0.9,0.03534,2.28148E-08,-0.035332,3.3446E-07,-3.4153999999999997E-07
0.58000000000000007,0.9,0.035370000000000006,2.2772199999999998E-08,-0.03536,3.3448E-07,-3.4166E-07
0.58500000000000008,0.9,0.035402,2.27396E-08,-0.035392,3.3454E-07,-3.419E-07
0.59000000000000008,0.9,0.03543,2.2698999999999997E-08,-0.03542,3.346E-07,-3.4194E-07
0.595,0.9,0.035454000000000006,2.2673799999999998E-08,-0.035448,3.3454E-07,-3.4214E-07
0.6,0.9,0.035482,2.26504E-08,-0.035472000000000004,3.3471999999999997E-07,-3.423E-07
0.605,0.9,0.03551,2.26258E-08,-0.035494000000000005,3.3471999999999997E-07,-3.4254E-07
0.61,0.9,0.035530000000000006,2.2596E-08,-0.035518,3.3466E-07,-3.4268E-07
0.615,0.9,0.035556000000000004,2.2560599999999998E-08,-0.035544000000000006,3.3476E-07,-3.4282E-07
0.62,0.9,0.035578000000000005,2.2534599999999998E-08,-0.035564000000000005,3.3482E-07,-3.4293999999999997E-07
0.625,0.9,0.0356,2.2495199999999998E-08,-0.035592000000000006,3.3485999999999997E-07,-3.4314E-07
0.63,0.9,0.035620000000000006,2.2476199999999996E-08,-0.035612000000000005,3.348E-07,-3.4328E-07
0.635,0.9,0.035642,2.24454E-08,-0.03563,3.349E-07,-3.4332E-07
0.64,0.9,0.035664,2.2421399999999998E-08,-0.035656,3.3494E-07,-3.436E-07
0.645,0.9,0.035682000000000005,2.2402799999999998E-08,-0.035672,3.3498E-07,-3.4376E-07
0.65,0.9,0.0357,2.2384999999999998E-08,-0.035694000000000004,3.3502E-07,-3.4396E-07
0.655,0.9,0.035722000000000004,2.23516E-08,-0.035712,3.3502E-07,-3.441E-07
0.66,0.9,0.035738000000000006,2.2333E-08,-0.035732,3.3512E-07,-3.4426E-07
0.665,0.9,0.035758000000000005,2.2307199999999997E-08,-0.035744000000000005,3.3512E-07,-3.4444E-07
0.67,0.9,0.035772000000000005,2.2282199999999998E-08,-0.035764000000000004,3.3518E-07,-3.447E-07
0.675,0.9,0.035792000000000004,2.22638E-08,-0.035780000000000006,3.352E-07,-3.4482E-07
0.68,0.9,0.035806000000000004,2.2247599999999997E-08,-0.035798,3.3512E-07,-3.4503999999999997E-07
0.685,0.9,0.035822,2.2226199999999998E-08,-0.03581,3.3524E-07,-3.4517999999999997E-07
0.69000000000000006,0.9,0.035840000000000004,2.2209799999999997E-08,-0.03583,3.3532E-07,-3.4545999999999997E-07
0.69500000000000006,0.9,0.035856000000000006,2.2190999999999997E-08,-0.035846,3.3534E-07,-3.4562E-07
0.70000000000000007,0.9,0.035874,2.21692E-08,-0.03586,3.353E-07,-3.4576E-07
0.70500000000000007,0.9,0.035888,2.2162599999999996E-08,-0.035876000000000005,3.3541999999999997E-07,-3.4587999999999997E-07
0.71000000000000008,0.9,0.035898000000000006,2.2146399999999997E-08,-0.035892,3.354E-07,-3.4615999999999997E-07
0.71500000000000008,0.9,0.035912000000000006,2.2141999999999997E-08,-0.035908,3.3541999999999997E-07,-3.4643999999999997E-07
0.72000000000000008,0.9,0.035930000000000004,2.21266E-08,-0.035918000000000005,3.3552E-07,-3.4652E-07
0.72500000000000009,0.9,0.035944000000000004,2.2117999999999997E-08,-0.035934,3.3558E-07,-3.4671999999999997E-07
0.73,0.9,0.035956,2.2087399999999996E-08,-0.035948,3.356E-07,-3.4694E-07
0.735,0.9,0.035974000000000006,2.2082599999999998E-08,-0.035956,3.356E-07,-3.4702E-07
0.74,0.9,0.035988000000000006,2.2069599999999997E-08,-0.035980000000000005,3.3576E-07,-3.473E-07
0.745,0.9,0.036002000000000006,2.2060999999999998E-08,-0.035986000000000004,3.3562E-07,-3.4744E-07
0.75,0.9,0.036014000000000004,2.2042999999999998E-08,-0.036006,3.3576E-07,-3.4772E-07
0.755,0.9,0.036030000000000006,2.2035399999999997E-08,-0.036016000000000006,3.3578E-07,-3.4786E-07
0.76,0.9,0.036038,2.2022199999999998E-08,-0.036030000000000006,3.3588E-07,-3.4814E-07
0.765,0.9,0.036054,2.20008E-08,-0.036038,3.3596E-07,-3.4822E-07
0.77,0.9,0.036066,2.1978799999999997E-08,-0.036052,3.3594E-07,-3.485E-07
0.775,0.9,0.036074,2.19784E-08,-0.036064000000000006,3.3597999999999997E-07,-3.4866E-07
0.78,0.9,0.036084000000000005,2.1963199999999997E-08,-0.036076000000000004,3.3588E-07,-3.4906E-07
0.785,0.9,0.036098000000000005,2.1948999999999997E-08,-0.036088,3.3602E-07,-3.4922E-07
0.79,0.9,0.03611,2.1940999999999998E-08,-0.036098000000000005,3.3606E-07,-3.4932E-07
0.795,0.9,0.036126000000000005,2.19226E-08,-0.03611,3.3606E-07,-3.4958E-07
0.8,0.9,0.036136,2.19122E-08,-0.036124,3.362E-07,-3.4984E-07
0.805,0.9,0.036146000000000005,2.1899399999999998E-08,-0.036134000000000006,3.3614E-07,-3.5006E-07
0.81,0.9,0.036158,2.1881199999999997E-08,-0.036148000000000007,3.3625999999999997E-07,-3.5026E-07
0.81500000000000006,0.9,0.036172,2.1880399999999997E-08,-0.036158,3.363E-07,-3.5052E-07
0.82000000000000006,0.9,0.036182000000000006,2.18646E-08,-0.036172,3.3632E-07,-3.5084E-07
0.82500000000000007,0.9,0.036196000000000006,2.1841999999999998E-08,-0.036182000000000006,3.3632E-07,-3.5098E-07
0.83000000000000007,0.9,0.036206,2.1831599999999998E-08,-0.036192,3.3642E-07,-3.5126E-07
0.83500000000000008,0.9,0.036216000000000005,2.1814E-08,-0.036208000000000004,3.3632E-07,-3.5147999999999997E-07
0.84000000000000008,0.9,0.036226,2.1812199999999998E-08,-0.036216000000000005,3.365E-07,-3.5166E-07
0.84500000000000008,0.9,0.036238000000000006,2.1801799999999998E-08,-0.036228,3.3653999999999997E-07,-3.5192E-07
0.85000000000000009,0.9,0.036248,2.17916E-08,-0.036242,3.3653999999999997E-07,-3.522E-07
0.85500000000000009,0.9,0.036258000000000006,2.1765999999999998E-08,-0.036244000000000005,3.366E-07,-3.524E-07
0.86,0.9,0.036270000000000004,2.1757599999999997E-08,-0.036258000000000006,3.3664E-07,-3.5258E-07
0.865,0.9,0.03628,2.17522E-08,-0.036270000000000004,3.3672E-07,-3.5287999999999997E-07
0.87,0.9,0.036294,2.1738399999999998E-08,-0.036282,3.3672E-07,-3.5318E-07
0.875,0.9,0.036298000000000004,2.17186E-08,-0.03629,3.3676E-07,-3.5328E-07
0.88,0.9,0.03631,2.17058E-08,-0.036306000000000005,3.368E-07,-3.5362E-07
0.885,0.9,0.036318,2.1709399999999998E-08,-0.03631,3.3692E-07,-3.5402E-07
0.89,0.9,0.036338,2.1686799999999997E-08,-0.036320000000000005,3.3692E-07,-3.5418E-07
0.895,0.9,0.036344,2.1677799999999996E-08,-0.036334000000000005,3.3694E-07,-3.5436E-07
0.9,0.9,0.036356000000000006,2.16664E-08,-0.036346,3.3698E-07,-3.5464E-07
