vg	id_vd = 0.0V	ig_vd = 0.0V	is_vd = 0.0V	iavdd_vd = 0.0V	ignd_vd = 0.0V	id_vd = 0.01V	ig_vd = 0.01V	is_vd = 0.01V	iavdd_vd = 0.01V	ignd_vd = 0.01V	id_vd = 0.02V	ig_vd = 0.02V	is_vd = 0.02V	iavdd_vd = 0.02V	ignd_vd = 0.02V	id_vd = 0.03V	ig_vd = 0.03V	is_vd = 0.03V	iavdd_vd = 0.03V	ignd_vd = 0.03V	id_vd = 0.04V	ig_vd = 0.04V	is_vd = 0.04V	iavdd_vd = 0.04V	ignd_vd = 0.04V	id_vd = 0.05V	ig_vd = 0.05V	is_vd = 0.05V	iavdd_vd = 0.05V	ignd_vd = 0.05V	id_vd = 0.06V	ig_vd = 0.06V	is_vd = 0.06V	iavdd_vd = 0.06V	ignd_vd = 0.06V	id_vd = 0.07V	ig_vd = 0.07V	is_vd = 0.07V	iavdd_vd = 0.07V	ignd_vd = 0.07V	id_vd = 0.08V	ig_vd = 0.08V	is_vd = 0.08V	iavdd_vd = 0.08V	ignd_vd = 0.08V	id_vd = 0.09V	ig_vd = 0.09V	is_vd = 0.09V	iavdd_vd = 0.09V	ignd_vd = 0.09V	id_vd = 0.1V	ig_vd = 0.1V	is_vd = 0.1V	iavdd_vd = 0.1V	ignd_vd = 0.1V
-0.3	3.406e-11	-7.393000000000001e-11	3.027e-11	3.124e-07	-3.1248e-07	3.843e-11	-7.756e-11	2.721e-11	3.121e-07	-3.1198e-07	3.4210000000000004e-11	-8.08e-11	2.225e-11	3.122e-07	-3.1196e-07	4.3360000000000006e-11	-8.403e-11	2.3520000000000003e-11	3.1204e-07	-3.1198e-07	4.1610000000000005e-11	-8.792e-11	2.4720000000000003e-11	3.121e-07	-3.1196e-07	5.969e-11	-9.291e-11	2.163e-11	3.12e-07	-3.1184e-07	5.6390000000000005e-11	-9.611e-11	2.631e-11	3.1206e-07	-3.12e-07	5.7590000000000005e-11	-9.955e-11	2.3630000000000003e-11	3.1196e-07	-3.1188e-07	7.768000000000001e-11	-1.0506e-10	2.2060000000000003e-11	3.1214e-07	-3.1198e-07	8.383000000000001e-11	-1.1028e-10	2.389e-11	3.121e-07	-3.118e-07	8.201000000000001e-11	-1.1504e-10	1.9460000000000003e-11	3.1202e-07	-3.1178e-07
-0.295	2.8670000000000003e-11	-6.798000000000001e-11	2.4720000000000003e-11	3.1234e-07	-3.123e-07	4.49e-11	-7.326e-11	2.779e-11	3.1216e-07	-3.1206e-07	3.2790000000000004e-11	-7.4e-11	2.346e-11	3.1198e-07	-3.1196e-07	4.4630000000000005e-11	-7.92e-11	2.0970000000000003e-11	3.1198e-07	-3.119e-07	4.513e-11	-8.221e-11	2.214e-11	3.119e-07	-3.1188e-07	4.472e-11	-8.603000000000001e-11	2.468e-11	3.1214e-07	-3.1212e-07	6.409000000000001e-11	-8.995000000000001e-11	2.132e-11	3.121e-07	-3.1212e-07	6.372e-11	-9.513e-11	1.916e-11	3.1206e-07	-3.12e-07	6.014e-11	-9.883000000000001e-11	2.44e-11	3.1194e-07	-3.1188e-07	7.173000000000001e-11	-1.0425e-10	2.246e-11	3.1202e-07	-3.118e-07	6.955000000000001e-11	-1.0824e-10	2.091e-11	3.1188e-07	-3.1178e-07
-0.29	2.161e-11	-6.41e-11	2.1680000000000003e-11	3.1238e-07	-3.1248e-07	4.007e-11	-6.807e-11	2.131e-11	3.1234e-07	-3.1206e-07	3.75e-11	-7.017e-11	2.73e-11	3.1206e-07	-3.1212e-07	4.3140000000000006e-11	-7.531000000000001e-11	2.549e-11	3.1194e-07	-3.1214e-07	4.7620000000000006e-11	-7.848000000000001e-11	2.478e-11	3.1196e-07	-3.1208e-07	4.9990000000000007e-11	-8.176000000000001e-11	2.3430000000000003e-11	3.1212e-07	-3.1204e-07	5.602e-11	-8.505e-11	1.818e-11	3.1214e-07	-3.1196e-07	5.853e-11	-9.05e-11	2.382e-11	3.119e-07	-3.1208e-07	6.723000000000001e-11	-9.353e-11	1.952e-11	3.1188e-07	-3.1208e-07	7.005e-11	-9.862e-11	1.646e-11	3.121e-07	-3.1198e-07	7.697e-11	-1.033e-10	1.9950000000000003e-11	3.1182e-07	-3.118e-07
-0.285	2.7690000000000003e-11	-6.048000000000001e-11	2.646e-11	3.1234e-07	-3.1246e-07	3.347e-11	-6.309e-11	2.2880000000000003e-11	3.1212e-07	-3.1216e-07	3.882e-11	-6.601e-11	2.04e-11	3.1222e-07	-3.1194e-07	4.9990000000000007e-11	-7.144e-11	2.263e-11	3.12e-07	-3.1198e-07	4.6860000000000007e-11	-7.481000000000001e-11	2.3080000000000003e-11	3.1206e-07	-3.1206e-07	4.6670000000000005e-11	-7.67e-11	1.88e-11	3.1214e-07	-3.121e-07	5.655e-11	-8.16e-11	2.325e-11	3.119e-07	-3.1196e-07	6.592e-11	-8.592000000000001e-11	2.164e-11	3.1206e-07	-3.1206e-07	5.498000000000001e-11	-8.802000000000001e-11	1.5380000000000003e-11	3.1188e-07	-3.1178e-07	5.75e-11	-9.293000000000001e-11	1.5720000000000002e-11	3.1198e-07	-3.118e-07	6.752e-11	-9.813e-11	1.3080000000000002e-11	3.1182e-07	-3.1184e-07
-0.28	2.913e-11	-5.6900000000000005e-11	2.181e-11	3.1262e-07	-3.1236e-07	3.686e-11	-6.074e-11	2.462e-11	3.1228e-07	-3.1224e-07	3.071e-11	-6.208000000000001e-11	1.867e-11	3.122e-07	-3.119e-07	4.276e-11	-6.648e-11	1.612e-11	3.1218e-07	-3.1208e-07	4.2920000000000005e-11	-7.025e-11	1.6800000000000003e-11	3.1194e-07	-3.1192e-07	3.9e-11	-7.228e-11	1.792e-11	3.1188e-07	-3.1186e-07	6.315000000000001e-11	-7.794e-11	1.8930000000000003e-11	3.119e-07	-3.1186e-07	5.619e-11	-8.133e-11	1.6650000000000002e-11	3.1182e-07	-3.1188e-07	5.5340000000000006e-11	-8.348e-11	1.8310000000000003e-11	3.121e-07	-3.12e-07	6.825000000000001e-11	-8.986000000000001e-11	1.967e-11	3.1206e-07	-3.1204e-07	6.526e-11	-9.191000000000001e-11	1.437e-11	3.1204e-07	-3.1178e-07
-0.275	2.3720000000000003e-11	-5.3190000000000006e-11	1.856e-11	3.1228e-07	-3.123e-07	3.996e-11	-5.783e-11	2.06e-11	3.123e-07	-3.1202e-07	3.404e-11	-5.901e-11	2.1570000000000003e-11	3.1204e-07	-3.1196e-07	3.803e-11	-6.357e-11	1.841e-11	3.1194e-07	-3.1208e-07	3.393e-11	-6.668000000000001e-11	1.9550000000000003e-11	3.121e-07	-3.1188e-07	4.415e-11	-6.993000000000001e-11	2.096e-11	3.1202e-07	-3.1206e-07	5.2940000000000007e-11	-7.391e-11	1.559e-11	3.1206e-07	-3.1208e-07	5.3e-11	-7.728e-11	1.673e-11	3.1184e-07	-3.1194e-07	6.307000000000001e-11	-8.012e-11	1.7380000000000002e-11	3.1188e-07	-3.119e-07	6.503000000000001e-11	-8.527e-11	1.313e-11	3.1182e-07	-3.1184e-07	6.939e-11	-8.839e-11	1.672e-11	3.119e-07	-3.118e-07
-0.27	2.0570000000000003e-11	-5.0460000000000006e-11	2.1080000000000003e-11	3.1232e-07	-3.1256e-07	3.187e-11	-5.378000000000001e-11	1.7160000000000002e-11	3.1208e-07	-3.1226e-07	4.029e-11	-5.754e-11	1.947e-11	3.122e-07	-3.1214e-07	4.607e-11	-6.092000000000001e-11	2.013e-11	3.122e-07	-3.1212e-07	4.261e-11	-6.409000000000001e-11	1.988e-11	3.1186e-07	-3.119e-07	4.5940000000000005e-11	-6.569000000000001e-11	1.5780000000000003e-11	3.1204e-07	-3.119e-07	4.8350000000000006e-11	-6.999000000000001e-11	1.6200000000000003e-11	3.12e-07	-3.1182e-07	5.2930000000000005e-11	-7.402e-11	1.8000000000000002e-11	3.1196e-07	-3.1194e-07	5.649e-11	-7.555e-11	1.126e-11	3.1188e-07	-3.1198e-07	6.132e-11	-8.015e-11	1.078e-11	3.1184e-07	-3.1186e-07	7.266000000000001e-11	-8.516e-11	1.149e-11	3.118e-07	-3.1172e-07
-0.265	3.0460000000000004e-11	-4.7730000000000006e-11	2.182e-11	3.1234e-07	-3.125e-07	3.037e-11	-5.146e-11	1.931e-11	3.1218e-07	-3.1208e-07	3.1810000000000004e-11	-5.3520000000000006e-11	1.367e-11	3.1222e-07	-3.1214e-07	4.174e-11	-5.689e-11	1.3900000000000002e-11	3.1194e-07	-3.12e-07	3.7930000000000005e-11	-6.03e-11	1.434e-11	3.1196e-07	-3.1184e-07	4.1030000000000006e-11	-6.253e-11	1.08e-11	3.1212e-07	-3.118e-07	5.2170000000000006e-11	-6.727e-11	1.6940000000000002e-11	3.12e-07	-3.1192e-07	5.3450000000000007e-11	-6.997e-11	1.316e-11	3.12e-07	-3.1184e-07	5.613e-11	-7.217e-11	1.12e-11	3.1202e-07	-3.1206e-07	6.021e-11	-7.731e-11	1.2470000000000002e-11	3.1186e-07	-3.1198e-07	6.753000000000001e-11	-8.044000000000001e-11	7.25e-12	3.1184e-07	-3.118e-07
-0.26	2.601e-11	-4.538e-11	1.6740000000000002e-11	3.123e-07	-3.1226e-07	3.267e-11	-4.9220000000000006e-11	2.074e-11	3.1222e-07	-3.1212e-07	3.0900000000000004e-11	-5.058e-11	1.6090000000000003e-11	3.1212e-07	-3.1202e-07	3.63e-11	-5.416e-11	1.3190000000000002e-11	3.121e-07	-3.1212e-07	2.9260000000000004e-11	-5.551e-11	1.326e-11	3.1192e-07	-3.1182e-07	3.762e-11	-5.925e-11	1.4870000000000003e-11	3.1192e-07	-3.119e-07	4.8490000000000005e-11	-6.341e-11	1.101e-11	3.1192e-07	-3.119e-07	4.535e-11	-6.541000000000001e-11	8.880000000000003e-12	3.1182e-07	-3.1178e-07	5.533e-11	-7.011e-11	1.345e-11	3.1192e-07	-3.1186e-07	6.544000000000001e-11	-7.373e-11	1.05e-11	3.1204e-07	-3.1184e-07	6.384000000000001e-11	-7.702000000000001e-11	8.46e-12	3.119e-07	-3.118e-07
-0.255	2.0750000000000003e-11	-4.2190000000000005e-11	1.5960000000000002e-11	3.1234e-07	-3.1248e-07	2.96e-11	-4.64e-11	1.398e-11	3.121e-07	-3.1208e-07	3.5240000000000006e-11	-4.881e-11	1.82e-11	3.1214e-07	-3.1218e-07	3.5590000000000003e-11	-5.215e-11	1.59e-11	3.12e-07	-3.1196e-07	3.442e-11	-5.3960000000000007e-11	1.52e-11	3.1194e-07	-3.1188e-07	4.761e-11	-5.598e-11	1.314e-11	3.1186e-07	-3.1182e-07	4.344e-11	-6.004000000000001e-11	8.100000000000001e-12	3.1206e-07	-3.1206e-07	4.167e-11	-6.314e-11	1.195e-11	3.1186e-07	-3.1182e-07	6.444e-11	-6.693000000000001e-11	7.53e-12	3.1206e-07	-3.1188e-07	6.278e-11	-7.012e-11	5.060000000000001e-12	3.1186e-07	-3.1184e-07	7.443e-11	-7.376000000000001e-11	8.23e-12	3.1208e-07	-3.1204e-07
-0.25	2.4e-11	-4.075e-11	2.018e-11	3.1236e-07	-3.123e-07	2.32e-11	-4.2770000000000005e-11	1.455e-11	3.1224e-07	-3.1206e-07	3.602e-11	-4.549e-11	1.117e-11	3.1222e-07	-3.122e-07	4.167e-11	-4.9590000000000007e-11	1.224e-11	3.1198e-07	-3.1192e-07	3.4170000000000003e-11	-5.143e-11	1.169e-11	3.1208e-07	-3.1184e-07	4.2880000000000005e-11	-5.3260000000000005e-11	7.180000000000001e-12	3.121e-07	-3.1194e-07	4.242e-11	-5.829e-11	1.234e-11	3.1212e-07	-3.12e-07	5.329e-11	-6.083e-11	1.023e-11	3.119e-07	-3.1188e-07	5.296e-11	-6.293000000000001e-11	3.0300000000000002e-12	3.1184e-07	-3.1188e-07	5.5300000000000005e-11	-6.631e-11	3.740000000000001e-12	3.1188e-07	-3.1202e-07	6.6e-11	-7.036e-11	1.1000000000000001e-13	3.1204e-07	-3.1208e-07
-0.245	2.527e-11	-3.878e-11	1.6780000000000002e-11	3.1236e-07	-3.123e-07	2.5450000000000003e-11	-4.2190000000000005e-11	1.728e-11	3.1222e-07	-3.1208e-07	2.6470000000000003e-11	-4.265e-11	1.03e-11	3.12e-07	-3.1208e-07	3.202e-11	-4.644e-11	7.5e-12	3.1188e-07	-3.1212e-07	3.2900000000000004e-11	-4.732e-11	6.7200000000000004e-12	3.1194e-07	-3.1202e-07	3.762e-11	-5.034e-11	6.51e-12	3.1192e-07	-3.1188e-07	5.083000000000001e-11	-5.485e-11	6.56e-12	3.1182e-07	-3.12e-07	4.1170000000000005e-11	-5.624e-11	2.9900000000000004e-12	3.119e-07	-3.1186e-07	5.4970000000000005e-11	-5.948000000000001e-11	5.99e-12	3.1192e-07	-3.1202e-07	6.747e-11	-6.46e-11	5.710000000000001e-12	3.1184e-07	-3.1178e-07	6.580000000000001e-11	-6.718000000000001e-11	1.5200000000000002e-12	3.12e-07	-3.1178e-07
-0.24	1.911e-11	-3.576e-11	1.233e-11	3.1232e-07	-3.1234e-07	2.85e-11	-4.0480000000000005e-11	1.333e-11	3.1204e-07	-3.1224e-07	2.956e-11	-4.149e-11	1.392e-11	3.1222e-07	-3.12e-07	2.824e-11	-4.3760000000000006e-11	9.17e-12	3.12e-07	-3.1214e-07	2.55e-11	-4.527e-11	9.75e-12	3.1192e-07	-3.119e-07	4.5140000000000005e-11	-4.8970000000000006e-11	8.570000000000001e-12	3.1216e-07	-3.121e-07	3.834e-11	-5.2830000000000007e-11	4.9e-13	3.1192e-07	-3.1208e-07	4.217e-11	-5.313e-11	4.12e-12	3.1218e-07	-3.1198e-07	6.422e-11	-5.832e-11	3.4400000000000007e-12	3.1208e-07	-3.1202e-07	6.138e-11	-6.165e-11	-1.88e-12	3.1202e-07	-3.118e-07	6.992e-11	-6.484e-11	7.3e-13	3.1186e-07	-3.1192e-07
-0.235	1.458e-11	-3.492e-11	1.5470000000000003e-11	3.1228e-07	-3.1242e-07	1.65e-11	-3.601e-11	9.05e-12	3.1214e-07	-3.1212e-07	3.514e-11	-3.944e-11	9.52e-12	3.1214e-07	-3.1202e-07	3.4140000000000004e-11	-4.2260000000000005e-11	9.82e-12	3.1202e-07	-3.1194e-07	3.7350000000000005e-11	-4.37e-11	8.470000000000002e-12	3.1208e-07	-3.1208e-07	4.6600000000000006e-11	-4.673e-11	3.3400000000000007e-12	3.1192e-07	-3.119e-07	3.971e-11	-4.9180000000000005e-11	2.4300000000000003e-12	3.121e-07	-3.1186e-07	4.381e-11	-5.23e-11	3.2900000000000007e-12	3.1204e-07	-3.118e-07	5.7080000000000005e-11	-5.408e-11	-3.25e-12	3.1186e-07	-3.1184e-07	5.875e-11	-5.7630000000000005e-11	-4.47e-12	3.1184e-07	-3.1184e-07	7.274000000000001e-11	-6.126e-11	-5.770000000000001e-12	3.1206e-07	-3.118e-07
-0.23	2.2370000000000003e-11	-3.35e-11	1.571e-11	3.1228e-07	-3.1224e-07	1.865e-11	-3.441e-11	1.1970000000000002e-11	3.1204e-07	-3.1226e-07	2.682e-11	-3.69e-11	4.63e-12	3.1222e-07	-3.1222e-07	2.9300000000000005e-11	-3.958e-11	3.3900000000000007e-12	3.12e-07	-3.1212e-07	3.412e-11	-4.1790000000000005e-11	3.000000000000001e-13	3.1196e-07	-3.119e-07	4.327e-11	-4.363e-11	-2.28e-12	3.1208e-07	-3.1206e-07	4.4300000000000005e-11	-4.7770000000000007e-11	1.73e-12	3.1216e-07	-3.12e-07	4.77e-11	-4.829e-11	-2.64e-12	3.1184e-07	-3.119e-07	5.622000000000001e-11	-5.2680000000000006e-11	-4.74e-12	3.1182e-07	-3.118e-07	6.066e-11	-5.571000000000001e-11	-3.1700000000000004e-12	3.1192e-07	-3.1182e-07	6.634e-11	-5.833000000000001e-11	-1.098e-11	3.118e-07	-3.118e-07
-0.225	1.631e-11	-3.0790000000000004e-11	1.107e-11	3.1246e-07	-3.1254e-07	2.104e-11	-3.42e-11	1.164e-11	3.1228e-07	-3.1226e-07	2.6030000000000003e-11	-3.506e-11	6.66e-12	3.1202e-07	-3.1206e-07	2.589e-11	-3.74e-11	1.7200000000000001e-12	3.12e-07	-3.1202e-07	2.7580000000000003e-11	-3.82e-11	1.8000000000000004e-13	3.1198e-07	-3.119e-07	3.852e-11	-4.1430000000000006e-11	9.700000000000001e-13	3.1206e-07	-3.1188e-07	4.2230000000000006e-11	-4.494e-11	-3.8800000000000004e-12	3.1188e-07	-3.1186e-07	4.098e-11	-4.65e-11	-7.01e-12	3.119e-07	-3.1206e-07	5.79e-11	-5.0750000000000006e-11	-4.92e-12	3.1204e-07	-3.1184e-07	6.646000000000001e-11	-5.3440000000000005e-11	-8.31e-12	3.1206e-07	-3.1188e-07	6.676000000000001e-11	-5.600000000000001e-11	-9.88e-12	3.12e-07	-3.12e-07
-0.22	1.123e-11	-2.8960000000000003e-11	1.2e-11	3.123e-07	-3.1246e-07	2.2480000000000003e-11	-3.193e-11	5.660000000000001e-12	3.1222e-07	-3.1226e-07	2.987e-11	-3.3450000000000005e-11	7.670000000000001e-12	3.1224e-07	-3.1202e-07	2.55e-11	-3.5630000000000004e-11	4.57e-12	3.1196e-07	-3.1212e-07	3.663e-11	-3.754e-11	1.41e-12	3.1188e-07	-3.1184e-07	5.12e-11	-4.021e-11	-1.08e-12	3.1198e-07	-3.1194e-07	3.947e-11	-4.21e-11	-7.880000000000001e-12	3.118e-07	-3.1182e-07	4.319e-11	-4.415e-11	-5.810000000000001e-12	3.1208e-07	-3.1188e-07	6.563000000000001e-11	-4.683e-11	-1.113e-11	3.1204e-07	-3.1184e-07	6.409000000000001e-11	-5.065e-11	-1.533e-11	3.12e-07	-3.1204e-07	7.684e-11	-5.4060000000000005e-11	-1.33e-11	3.118e-07	-3.1202e-07
-0.215	1.223e-11	-2.777e-11	1.408e-11	3.1226e-07	-3.1238e-07	1.253e-11	-2.9510000000000003e-11	4.12e-12	3.1206e-07	-3.1212e-07	2.991e-11	-3.193e-11	9e-14	3.1208e-07	-3.1206e-07	3.404e-11	-3.3780000000000005e-11	-5.1e-13	3.1194e-07	-3.1194e-07	3.9100000000000006e-11	-3.5490000000000005e-11	-4.250000000000001e-12	3.1206e-07	-3.1208e-07	4.393e-11	-3.858e-11	-9.56e-12	3.1204e-07	-3.1188e-07	4.192e-11	-4.1360000000000006e-11	-6.2e-12	3.1206e-07	-3.1206e-07	5.467e-11	-4.249e-11	-1.031e-11	3.1216e-07	-3.119e-07	5.4210000000000006e-11	-4.437e-11	-1.7310000000000003e-11	3.1188e-07	-3.1186e-07	5.824000000000001e-11	-4.746e-11	-1.754e-11	3.12e-07	-3.1206e-07	7.11e-11	-5.138e-11	-2.3190000000000003e-11	3.1174e-07	-3.1192e-07
-0.21	1.693e-11	-2.6250000000000003e-11	1.1560000000000002e-11	3.1252e-07	-3.1224e-07	1.706e-11	-2.7450000000000003e-11	9.05e-12	3.1208e-07	-3.1206e-07	1.868e-11	-3.0100000000000005e-11	-1.7200000000000001e-12	3.12e-07	-3.12e-07	2.621e-11	-3.111e-11	-6.840000000000001e-12	3.1198e-07	-3.1212e-07	4.029e-11	-3.3160000000000005e-11	-9.61e-12	3.1192e-07	-3.1184e-07	4.218e-11	-3.5750000000000006e-11	-1.11e-11	3.1198e-07	-3.1188e-07	5.409e-11	-3.905e-11	-1.4830000000000002e-11	3.121e-07	-3.119e-07	4.6670000000000005e-11	-3.9720000000000006e-11	-1.887e-11	3.1208e-07	-3.1184e-07	6.156e-11	-4.196e-11	-1.655e-11	3.119e-07	-3.118e-07	7.229e-11	-4.6520000000000005e-11	-1.928e-11	3.1182e-07	-3.1196e-07	7.101000000000001e-11	-4.822e-11	-2.533e-11	3.1198e-07	-3.1198e-07
-0.205	6.92e-12	-2.386e-11	7.380000000000001e-12	3.124e-07	-3.1238e-07	2.411e-11	-2.5980000000000004e-11	2.04e-12	3.123e-07	-3.1226e-07	2.662e-11	-2.777e-11	9.3e-13	3.1208e-07	-3.1202e-07	2.812e-11	-2.965e-11	-6.330000000000001e-12	3.1192e-07	-3.1196e-07	3.5780000000000005e-11	-3.215e-11	-9.54e-12	3.1196e-07	-3.1182e-07	4.9370000000000006e-11	-3.4760000000000005e-11	-1.198e-11	3.1188e-07	-3.119e-07	4.506e-11	-3.66e-11	-2.0680000000000003e-11	3.1212e-07	-3.1208e-07	5.278e-11	-3.679e-11	-1.992e-11	3.1192e-07	-3.1204e-07	6.892e-11	-4.1860000000000005e-11	-2.249e-11	3.1186e-07	-3.1206e-07	6.978e-11	-4.425e-11	-2.987e-11	3.1182e-07	-3.12e-07	8.088000000000001e-11	-4.637e-11	-2.968e-11	3.1206e-07	-3.118e-07
-0.2	4.98e-12	-2.185e-11	1.083e-11	3.1246e-07	-3.122e-07	1.394e-11	-2.58e-11	-2.1000000000000003e-12	3.1212e-07	-3.1224e-07	3.2140000000000005e-11	-2.624e-11	-4.6000000000000006e-12	3.1224e-07	-3.122e-07	3.727e-11	-2.9120000000000005e-11	-7.01e-12	3.1222e-07	-3.119e-07	5.125e-11	-3.059e-11	-1.194e-11	3.12e-07	-3.119e-07	5.1800000000000005e-11	-3.288e-11	-1.9460000000000003e-11	3.12e-07	-3.119e-07	5.034e-11	-3.4390000000000004e-11	-2.127e-11	3.1196e-07	-3.12e-07	5.996e-11	-3.671e-11	-2.448e-11	3.1194e-07	-3.1188e-07	6.578e-11	-3.792e-11	-3.3050000000000005e-11	3.12e-07	-3.1186e-07	6.981e-11	-4.102e-11	-3.5270000000000005e-11	3.1198e-07	-3.1202e-07	8.433e-11	-4.3830000000000005e-11	-3.926e-11	3.1186e-07	-3.1184e-07
-0.195	1.2770000000000002e-11	-2.2370000000000003e-11	1.087e-11	3.1232e-07	-3.1226e-07	1.9130000000000003e-11	-2.303e-11	1.37e-12	3.121e-07	-3.1202e-07	2.1970000000000003e-11	-2.355e-11	-1.023e-11	3.1206e-07	-3.1212e-07	4.1900000000000005e-11	-2.692e-11	-1.3900000000000002e-11	3.1198e-07	-3.1198e-07	5.045e-11	-2.854e-11	-2.093e-11	3.1194e-07	-3.1192e-07	5.135e-11	-3.041e-11	-2.579e-11	3.121e-07	-3.1202e-07	6.32e-11	-3.413e-11	-2.7380000000000003e-11	3.119e-07	-3.1184e-07	6.695e-11	-3.4220000000000006e-11	-3.375e-11	3.1206e-07	-3.1202e-07	6.963000000000001e-11	-3.647e-11	-3.647e-11	3.119e-07	-3.1206e-07	7.577e-11	-3.9720000000000006e-11	-3.908e-11	3.1182e-07	-3.1184e-07	8.312e-11	-4.1460000000000005e-11	-4.659e-11	3.1182e-07	-3.1196e-07
-0.19	6.690000000000001e-12	-2.082e-11	5.28e-12	3.1244e-07	-3.1244e-07	2.455e-11	-2.236e-11	-2.8e-13	3.1234e-07	-3.1212e-07	2.6890000000000004e-11	-2.297e-11	-9.280000000000001e-12	3.1202e-07	-3.122e-07	4.0440000000000005e-11	-2.528e-11	-2.073e-11	3.1194e-07	-3.1214e-07	4.836e-11	-2.655e-11	-2.464e-11	3.1184e-07	-3.1184e-07	5.0280000000000006e-11	-2.8760000000000003e-11	-2.759e-11	3.1188e-07	-3.1206e-07	6.401000000000001e-11	-3.306e-11	-3.865e-11	3.1184e-07	-3.1202e-07	6.562e-11	-3.202e-11	-4.246e-11	3.1206e-07	-3.1204e-07	7.626e-11	-3.4760000000000005e-11	-4.173e-11	3.1188e-07	-3.1184e-07	8.862000000000001e-11	-3.8590000000000006e-11	-4.928e-11	3.12e-07	-3.12e-07	9.223e-11	-4.134e-11	-5.371e-11	3.119e-07	-3.1196e-07
-0.185	2.11e-12	-1.948e-11	7.000000000000001e-12	3.1222e-07	-3.1238e-07	2.566e-11	-1.97e-11	-6.09e-12	3.1208e-07	-3.1214e-07	3.106e-11	-2.12e-11	-1.233e-11	3.121e-07	-3.12e-07	4.206e-11	-2.4630000000000003e-11	-2.127e-11	3.1192e-07	-3.1208e-07	6.028000000000001e-11	-2.6890000000000004e-11	-2.5230000000000003e-11	3.1214e-07	-3.121e-07	6.746e-11	-2.786e-11	-3.3340000000000005e-11	3.121e-07	-3.1188e-07	6.944000000000001e-11	-2.8730000000000004e-11	-4.312e-11	3.1214e-07	-3.1184e-07	7.466e-11	-3.0680000000000004e-11	-4.526e-11	3.1188e-07	-3.1206e-07	8.898000000000001e-11	-3.3880000000000003e-11	-5.3520000000000006e-11	3.118e-07	-3.1184e-07	9.079e-11	-3.579e-11	-6.211e-11	3.1202e-07	-3.1188e-07	1.0719e-10	-3.9830000000000006e-11	-6.340000000000001e-11	3.121e-07	-3.1202e-07
-0.18	5.23e-12	-1.759e-11	1.031e-11	3.1226e-07	-3.1242e-07	2.067e-11	-1.912e-11	-9.68e-12	3.1212e-07	-3.121e-07	3.73e-11	-2.072e-11	-2.123e-11	3.1222e-07	-3.1196e-07	5.893000000000001e-11	-2.3430000000000003e-11	-2.657e-11	3.1198e-07	-3.1196e-07	6.576e-11	-2.509e-11	-3.5520000000000004e-11	3.1198e-07	-3.1196e-07	6.586e-11	-2.593e-11	-4.749e-11	3.119e-07	-3.1206e-07	7.552e-11	-2.83e-11	-4.953e-11	3.1194e-07	-3.1182e-07	9.222e-11	-3.031e-11	-5.576e-11	3.1196e-07	-3.1186e-07	8.574e-11	-3.139e-11	-6.709000000000001e-11	3.1182e-07	-3.118e-07	9.447e-11	-3.419e-11	-7.068000000000001e-11	3.1182e-07	-3.1194e-07	1.0907e-10	-3.619e-11	-8.057000000000001e-11	3.1182e-07	-3.1194e-07
-0.175	9.800000000000001e-12	-1.682e-11	5.910000000000001e-12	3.1226e-07	-3.1222e-07	2.904e-11	-1.858e-11	-8.55e-12	3.1234e-07	-3.122e-07	3.1260000000000004e-11	-1.9240000000000003e-11	-2.52e-11	3.1198e-07	-3.1196e-07	5.576e-11	-2.111e-11	-3.7310000000000005e-11	3.1192e-07	-3.1214e-07	6.907e-11	-2.295e-11	-4.6050000000000005e-11	3.1194e-07	-3.119e-07	6.944000000000001e-11	-2.4300000000000003e-11	-5.296e-11	3.119e-07	-3.1198e-07	9.147e-11	-2.7670000000000003e-11	-6.061000000000001e-11	3.121e-07	-3.1212e-07	9.213000000000001e-11	-2.724e-11	-7.058e-11	3.1182e-07	-3.1188e-07	9.987e-11	-2.9120000000000005e-11	-7.183000000000001e-11	3.1204e-07	-3.1178e-07	1.1531e-10	-3.277e-11	-8.114e-11	3.1186e-07	-3.118e-07	1.218e-10	-3.299e-11	-9.154e-11	3.1186e-07	-3.1178e-07
-0.17	7.5e-13	-1.5e-11	2.37e-12	3.1222e-07	-3.1226e-07	3.871e-11	-1.828e-11	-1.387e-11	3.121e-07	-3.1216e-07	4.4270000000000006e-11	-1.847e-11	-2.6050000000000003e-11	3.122e-07	-3.1198e-07	6.138e-11	-1.97e-11	-4.2010000000000005e-11	3.12e-07	-3.1198e-07	7.140000000000001e-11	-2.267e-11	-5.0460000000000006e-11	3.1196e-07	-3.1206e-07	8.558e-11	-2.368e-11	-6.091e-11	3.1212e-07	-3.1206e-07	9.134e-11	-2.619e-11	-7.453e-11	3.1202e-07	-3.1184e-07	1.0675e-10	-2.609e-11	-7.906000000000001e-11	3.1214e-07	-3.1184e-07	1.1788e-10	-2.7650000000000003e-11	-8.713e-11	3.12e-07	-3.1208e-07	1.2665000000000002e-10	-3.062e-11	-1.012e-10	3.1206e-07	-3.1194e-07	1.3868e-10	-3.4250000000000005e-11	-1.0669e-10	3.1206e-07	-3.1178e-07
-0.165	4.100000000000001e-12	-1.3890000000000002e-11	5.050000000000001e-12	3.1232e-07	-3.1254e-07	3.044e-11	-1.5760000000000002e-11	-2.029e-11	3.1208e-07	-3.1212e-07	5.216e-11	-1.761e-11	-3.5530000000000006e-11	3.1204e-07	-3.1202e-07	7.241000000000001e-11	-2.047e-11	-4.651e-11	3.1222e-07	-3.1208e-07	9.156e-11	-2.12e-11	-5.955e-11	3.1214e-07	-3.1206e-07	9.253e-11	-2.2060000000000003e-11	-7.559e-11	3.1192e-07	-3.1184e-07	1.1006e-10	-2.515e-11	-8.193e-11	3.1192e-07	-3.1192e-07	1.2157e-10	-2.5850000000000003e-11	-9.237e-11	3.1192e-07	-3.119e-07	1.2609e-10	-2.5830000000000003e-11	-1.072e-10	3.1182e-07	-3.1184e-07	1.3800000000000001e-10	-2.83e-11	-1.1766e-10	3.12e-07	-3.1198e-07	1.5844000000000002e-10	-3.2540000000000005e-11	-1.2697e-10	3.1184e-07	-3.1186e-07
-0.16	8.64e-12	-1.462e-11	5.23e-12	3.1246e-07	-3.1242e-07	3.904e-11	-1.5010000000000002e-11	-2.038e-11	3.122e-07	-3.123e-07	5.043000000000001e-11	-1.515e-11	-4.5180000000000006e-11	3.1224e-07	-3.1208e-07	8.182e-11	-1.848e-11	-6.024e-11	3.1216e-07	-3.1202e-07	9.375e-11	-1.97e-11	-7.57e-11	3.1214e-07	-3.1212e-07	1.0223e-10	-1.929e-11	-8.921e-11	3.1192e-07	-3.1188e-07	1.2837000000000002e-10	-2.4450000000000003e-11	-9.697e-11	3.1208e-07	-3.1214e-07	1.4002e-10	-2.326e-11	-1.1214e-10	3.1186e-07	-3.1196e-07	1.4209000000000002e-10	-2.455e-11	-1.2152e-10	3.1198e-07	-3.1182e-07	1.5858e-10	-2.6560000000000003e-11	-1.3281e-10	3.1204e-07	-3.1184e-07	1.7034e-10	-2.7340000000000003e-11	-1.4835e-10	3.1174e-07	-3.117e-07
-0.155	6.570000000000001e-12	-1.2170000000000002e-11	1.5000000000000004e-13	3.1224e-07	-3.1238e-07	4.57e-11	-1.486e-11	-2.495e-11	3.123e-07	-3.122e-07	6.202000000000001e-11	-1.477e-11	-5.007e-11	3.1226e-07	-3.122e-07	8.849000000000001e-11	-1.6400000000000003e-11	-7.264e-11	3.1234e-07	-3.1204e-07	1.0222e-10	-1.843e-11	-8.681e-11	3.121e-07	-3.1194e-07	1.1396e-10	-1.919e-11	-1.0038e-10	3.1214e-07	-3.1196e-07	1.3869e-10	-2.142e-11	-1.1925e-10	3.1182e-07	-3.12e-07	1.5068000000000002e-10	-2.192e-11	-1.3178e-10	3.1206e-07	-3.118e-07	1.6616000000000002e-10	-2.3210000000000003e-11	-1.4035e-10	3.1192e-07	-3.1176e-07	1.8808e-10	-2.646e-11	-1.5680000000000002e-10	3.1208e-07	-3.1198e-07	2e-10	-2.9370000000000004e-11	-1.685e-10	3.119e-07	-3.119e-07
-0.15	3.2600000000000002e-12	-1.143e-11	6.3e-13	3.1244e-07	-3.1238e-07	5.394e-11	-1.5070000000000003e-11	-3.5130000000000006e-11	3.1224e-07	-3.122e-07	7.386e-11	-1.459e-11	-5.906e-11	3.1224e-07	-3.121e-07	9.835e-11	-1.6450000000000002e-11	-8.046000000000001e-11	3.1218e-07	-3.1218e-07	1.2255e-10	-1.86e-11	-9.722e-11	3.1204e-07	-3.1194e-07	1.4279e-10	-1.77e-11	-1.1906e-10	3.1194e-07	-3.119e-07	1.5676e-10	-2.01e-11	-1.3894e-10	3.1212e-07	-3.1206e-07	1.7403000000000002e-10	-2.164e-11	-1.4954e-10	3.1192e-07	-3.1204e-07	1.9383e-10	-2.173e-11	-1.6701e-10	3.1204e-07	-3.1188e-07	2.0726e-10	-2.3900000000000003e-11	-1.8798e-10	3.118e-07	-3.119e-07	2.2407e-10	-2.782e-11	-2.0194000000000003e-10	3.1172e-07	-3.119e-07
-0.145	7.44e-12	-1.129e-11	4.6000000000000006e-12	3.122e-07	-3.1222e-07	5.073e-11	-1.279e-11	-4.083e-11	3.121e-07	-3.1208e-07	8.927e-11	-1.2780000000000002e-11	-7.284e-11	3.1204e-07	-3.1224e-07	1.2159000000000002e-10	-1.662e-11	-9.599000000000001e-11	3.1196e-07	-3.1198e-07	1.3675000000000002e-10	-1.682e-11	-1.1990000000000002e-10	3.1196e-07	-3.119e-07	1.5386e-10	-1.6740000000000002e-11	-1.4614e-10	3.119e-07	-3.1196e-07	1.7946000000000002e-10	-2.073e-11	-1.5791e-10	3.119e-07	-3.1206e-07	2.0661e-10	-2.082e-11	-1.7583e-10	3.1192e-07	-3.121e-07	2.0933e-10	-2.033e-11	-1.9736e-10	3.118e-07	-3.118e-07	2.345e-10	-2.318e-11	-2.1516e-10	3.1182e-07	-3.1178e-07	2.5832000000000004e-10	-2.391e-11	-2.3723e-10	3.121e-07	-3.1202e-07
-0.14	1.642e-11	-1.168e-11	-1.45e-12	3.1244e-07	-3.1242e-07	6.28e-11	-1.199e-11	-4.268e-11	3.1212e-07	-3.121e-07	9.052e-11	-1.222e-11	-8.608e-11	3.1216e-07	-3.122e-07	1.2801e-10	-1.416e-11	-1.1604e-10	3.1204e-07	-3.122e-07	1.5358e-10	-1.4760000000000003e-11	-1.4173e-10	3.1214e-07	-3.1192e-07	1.7562e-10	-1.5250000000000002e-11	-1.6769000000000002e-10	3.121e-07	-3.1208e-07	2.1431e-10	-1.928e-11	-1.8624e-10	3.1186e-07	-3.1182e-07	2.2506e-10	-1.837e-11	-2.1051e-10	3.1192e-07	-3.1188e-07	2.4606000000000003e-10	-1.938e-11	-2.2374e-10	3.1188e-07	-3.1178e-07	2.7924e-10	-2.233e-11	-2.4725e-10	3.1188e-07	-3.118e-07	2.9103000000000003e-10	-2.2990000000000003e-11	-2.7377000000000003e-10	3.1192e-07	-3.1188e-07
-0.135	5.9700000000000014e-12	-9.42e-12	-5.49e-12	3.122e-07	-3.1242e-07	7.537e-11	-1.189e-11	-5.452e-11	3.1212e-07	-3.1202e-07	1.1554e-10	-1.205e-11	-9.512e-11	3.1214e-07	-3.1202e-07	1.4604000000000002e-10	-1.398e-11	-1.3322e-10	3.1202e-07	-3.1224e-07	1.7095000000000001e-10	-1.473e-11	-1.6239000000000002e-10	3.1218e-07	-3.119e-07	2.0827e-10	-1.5650000000000002e-11	-1.9167e-10	3.1218e-07	-3.1214e-07	2.3272000000000002e-10	-1.686e-11	-2.2034e-10	3.1192e-07	-3.12e-07	2.5886e-10	-1.764e-11	-2.3903e-10	3.1188e-07	-3.1206e-07	2.8951e-10	-1.965e-11	-2.6312e-10	3.1204e-07	-3.1202e-07	3.1635000000000005e-10	-2.155e-11	-2.9289e-10	3.1182e-07	-3.12e-07	3.38e-10	-2.387e-11	-3.12e-10	3.117e-07	-3.1176e-07
-0.13	1.275e-11	-8.900000000000001e-12	-2.01e-12	3.1224e-07	-3.1244e-07	7.472e-11	-9.53e-12	-6.808e-11	3.1228e-07	-3.1226e-07	1.3403e-10	-1.193e-11	-1.1775e-10	3.1226e-07	-3.1208e-07	1.7154e-10	-1.3890000000000002e-11	-1.5325e-10	3.122e-07	-3.1212e-07	2.0993e-10	-1.4300000000000002e-11	-1.8842e-10	3.1196e-07	-3.119e-07	2.3956e-10	-1.406e-11	-2.2940000000000003e-10	3.1216e-07	-3.1214e-07	2.7227000000000003e-10	-1.595e-11	-2.5224e-10	3.1192e-07	-3.1186e-07	3.0139000000000003e-10	-1.741e-11	-2.7955000000000003e-10	3.1192e-07	-3.1184e-07	3.2756e-10	-1.7820000000000003e-11	-3.1303e-10	3.1192e-07	-3.1186e-07	3.5832e-10	-2.002e-11	-3.4108e-10	3.1184e-07	-3.1182e-07	3.9411000000000005e-10	-2.0680000000000003e-11	-3.6766000000000005e-10	3.1192e-07	-3.12e-07
-0.125	1.8000000000000002e-11	-9.32e-12	-3.1900000000000003e-12	3.1228e-07	-3.1222e-07	9.066e-11	-9.86e-12	-7.604e-11	3.1208e-07	-3.1224e-07	1.4560000000000002e-10	-9.590000000000003e-12	-1.3857000000000002e-10	3.1224e-07	-3.1208e-07	1.9865e-10	-1.2060000000000002e-11	-1.841e-10	3.1216e-07	-3.1216e-07	2.3194000000000003e-10	-1.322e-11	-2.2601000000000003e-10	3.12e-07	-3.1188e-07	2.7569e-10	-1.214e-11	-2.658e-10	3.1212e-07	-3.1216e-07	3.1763e-10	-1.7070000000000002e-11	-2.9731000000000003e-10	3.1192e-07	-3.1186e-07	3.4765000000000004e-10	-1.5650000000000002e-11	-3.2944e-10	3.1204e-07	-3.1202e-07	3.7367e-10	-1.6400000000000003e-11	-3.582e-10	3.1186e-07	-3.1178e-07	4.1612000000000006e-10	-1.936e-11	-3.913e-10	3.1202e-07	-3.1194e-07	4.3974e-10	-1.994e-11	-4.2752e-10	3.1206e-07	-3.1194e-07
-0.12	1.557e-11	-7.71e-12	-8.670000000000001e-12	3.1228e-07	-3.1224e-07	1.0346e-10	-1.101e-11	-8.908e-11	3.1206e-07	-3.1222e-07	1.7376e-10	-9.77e-12	-1.5778000000000002e-10	3.1206e-07	-3.1198e-07	2.205e-10	-1.102e-11	-2.1456e-10	3.1218e-07	-3.1216e-07	2.6443000000000004e-10	-1.174e-11	-2.6027e-10	3.121e-07	-3.1212e-07	3.1686000000000003e-10	-1.269e-11	-3.0676000000000003e-10	3.1208e-07	-3.1186e-07	3.6171e-10	-1.6050000000000002e-11	-3.5046e-10	3.1186e-07	-3.1206e-07	3.9177e-10	-1.412e-11	-3.8182e-10	3.1208e-07	-3.1188e-07	4.3763e-10	-1.6090000000000003e-11	-4.1518e-10	3.1204e-07	-3.1182e-07	4.8563e-10	-1.891e-11	-4.5902e-10	3.1204e-07	-3.119e-07	5.150100000000001e-10	-1.9440000000000003e-11	-4.924700000000001e-10	3.1192e-07	-3.1186e-07
-0.115	1.549e-11	-7.370000000000001e-12	-7.85e-12	3.1228e-07	-3.1226e-07	1.2059000000000002e-10	-8.890000000000003e-12	-1.0639e-10	3.1228e-07	-3.1224e-07	2.001e-10	-1.032e-11	-1.8461e-10	3.1204e-07	-3.1218e-07	2.5332e-10	-1.032e-11	-2.4701e-10	3.12e-07	-3.1208e-07	3.1262e-10	-1.1550000000000001e-11	-2.9881000000000003e-10	3.12e-07	-3.1192e-07	3.79e-10	-1.201e-11	-3.5979e-10	3.1196e-07	-3.1188e-07	4.1341e-10	-1.3900000000000002e-11	-4.0225e-10	3.119e-07	-3.1194e-07	4.5717e-10	-1.4200000000000002e-11	-4.3985e-10	3.1194e-07	-3.119e-07	5.0881e-10	-1.5210000000000002e-11	-4.835500000000001e-10	3.1188e-07	-3.121e-07	5.5074e-10	-1.719e-11	-5.3818e-10	3.1196e-07	-3.1192e-07	5.9793e-10	-1.721e-11	-5.769e-10	3.1218e-07	-3.1206e-07
-0.11	1.8220000000000003e-11	-7.33e-12	-7.21e-12	3.1234e-07	-3.1238e-07	1.2997000000000002e-10	-7.63e-12	-1.2739e-10	3.1208e-07	-3.1208e-07	2.3223e-10	-8.55e-12	-2.1983e-10	3.1202e-07	-3.12e-07	3.0398e-10	-1.0030000000000001e-11	-2.8923000000000004e-10	3.123e-07	-3.1226e-07	3.6166e-10	-1.041e-11	-3.5677e-10	3.1198e-07	-3.1192e-07	4.2841e-10	-1.091e-11	-4.2497e-10	3.1194e-07	-3.1188e-07	4.8034e-10	-1.454e-11	-4.676300000000001e-10	3.1206e-07	-3.119e-07	5.3354e-10	-1.393e-11	-5.1704e-10	3.1204e-07	-3.119e-07	5.792800000000001e-10	-1.357e-11	-5.6799e-10	3.118e-07	-3.1206e-07	6.3939e-10	-1.5720000000000002e-11	-6.214500000000001e-10	3.1192e-07	-3.1184e-07	6.8606e-10	-1.6650000000000002e-11	-6.693600000000001e-10	3.119e-07	-3.1208e-07
-0.105	2.7270000000000003e-11	-6.170000000000001e-12	-1.151e-11	3.1232e-07	-3.1228e-07	1.5408e-10	-6.940000000000001e-12	-1.4484e-10	3.1228e-07	-3.1202e-07	2.5632e-10	-7.81e-12	-2.5633000000000003e-10	3.121e-07	-3.1222e-07	3.388e-10	-9.04e-12	-3.4069000000000004e-10	3.1204e-07	-3.1208e-07	4.1494e-10	-9.67e-12	-4.147e-10	3.1196e-07	-3.1208e-07	4.975800000000001e-10	-9.35e-12	-4.875800000000001e-10	3.1208e-07	-3.1202e-07	5.657200000000001e-10	-1.189e-11	-5.452300000000001e-10	3.1206e-07	-3.1206e-07	6.0913e-10	-1.2370000000000002e-11	-6.042e-10	3.1192e-07	-3.119e-07	6.752700000000001e-10	-1.295e-11	-6.549600000000001e-10	3.1186e-07	-3.1204e-07	7.4492e-10	-1.5690000000000003e-11	-7.1675e-10	3.1184e-07	-3.119e-07	7.8844e-10	-1.682e-11	-7.752e-10	3.1198e-07	-3.1174e-07
-0.1	1.73e-11	-5.9700000000000014e-12	-1.664e-11	3.1222e-07	-3.123e-07	1.8165e-10	-7.590000000000001e-12	-1.7334000000000002e-10	3.1228e-07	-3.1234e-07	3.0814000000000003e-10	-6.81e-12	-2.9287000000000004e-10	3.1218e-07	-3.122e-07	3.984e-10	-8.790000000000003e-12	-3.9193e-10	3.1224e-07	-3.1206e-07	4.817100000000001e-10	-8.66e-12	-4.8245e-10	3.1198e-07	-3.1218e-07	5.8406e-10	-1.038e-11	-5.6542e-10	3.1216e-07	-3.1208e-07	6.425800000000001e-10	-1.1660000000000002e-11	-6.422300000000001e-10	3.1186e-07	-3.1184e-07	7.061700000000001e-10	-1.198e-11	-6.9784e-10	3.1182e-07	-3.1178e-07	7.8832e-10	-1.366e-11	-7.62e-10	3.1186e-07	-3.118e-07	8.5896e-10	-1.445e-11	-8.3941e-10	3.1188e-07	-3.1198e-07	9.247200000000001e-10	-1.415e-11	-8.9822e-10	3.1186e-07	-3.1186e-07
-0.095	2.407e-11	-5.44e-12	-1.672e-11	3.1254e-07	-3.123e-07	1.9954e-10	-7.9e-12	-2.0569e-10	3.1208e-07	-3.1222e-07	3.5718e-10	-7.360000000000001e-12	-3.4661e-10	3.1208e-07	-3.1202e-07	4.6494000000000005e-10	-8.280000000000003e-12	-4.5524e-10	3.1214e-07	-3.1208e-07	5.7028e-10	-8.24e-12	-5.5865e-10	3.1212e-07	-3.119e-07	6.765700000000001e-10	-9.21e-12	-6.6274e-10	3.119e-07	-3.1204e-07	7.470600000000001e-10	-1.12e-11	-7.4177e-10	3.1206e-07	-3.12e-07	8.224e-10	-1.141e-11	-8.080100000000001e-10	3.121e-07	-3.1206e-07	9.0377e-10	-1.168e-11	-8.9276e-10	3.1176e-07	-3.1184e-07	9.9006e-10	-1.2370000000000002e-11	-9.7588e-10	3.118e-07	-3.118e-07	1.06896e-09	-1.356e-11	-1.0466100000000002e-09	3.1184e-07	-3.1186e-07
-0.09	3.173e-11	-6.180000000000001e-12	-1.917e-11	3.1256e-07	-3.123e-07	2.405e-10	-5.320000000000001e-12	-2.3162e-10	3.1218e-07	-3.123e-07	4.0435000000000006e-10	-5.660000000000001e-12	-4.051e-10	3.1216e-07	-3.1202e-07	5.383600000000001e-10	-6.670000000000001e-12	-5.381900000000001e-10	3.1226e-07	-3.1218e-07	6.5429e-10	-6.890000000000001e-12	-6.5687e-10	3.1188e-07	-3.119e-07	7.837e-10	-8.500000000000001e-12	-7.7192e-10	3.1186e-07	-3.1204e-07	8.7609e-10	-1.067e-11	-8.6458e-10	3.1204e-07	-3.1202e-07	9.5385e-10	-1.062e-11	-9.4339e-10	3.1206e-07	-3.1192e-07	1.04332e-09	-1.022e-11	-1.03607e-09	3.1192e-07	-3.1196e-07	1.1499e-09	-1.233e-11	-1.1349e-09	3.118e-07	-3.1204e-07	1.232e-09	-1.3600000000000002e-11	-1.2183e-09	3.1188e-07	-3.1196e-07
-0.085	3.329e-11	-4.650000000000001e-12	-2.9340000000000005e-11	3.123e-07	-3.1252e-07	2.7356000000000004e-10	-5.110000000000001e-12	-2.6752e-10	3.1234e-07	-3.122e-07	4.739800000000001e-10	-5.23e-12	-4.6525e-10	3.12e-07	-3.1194e-07	6.1983e-10	-6.120000000000001e-12	-6.243100000000001e-10	3.1222e-07	-3.1214e-07	7.6108e-10	-6.270000000000001e-12	-7.620900000000001e-10	3.1198e-07	-3.1208e-07	9.051100000000001e-10	-7.960000000000001e-12	-8.950700000000001e-10	3.1194e-07	-3.119e-07	1.00641e-09	-9.01e-12	-1.00738e-09	3.1214e-07	-3.1188e-07	1.09727e-09	-9.080000000000003e-12	-1.09972e-09	3.1184e-07	-3.1202e-07	1.2202e-09	-1.008e-11	-1.2074e-09	3.1198e-07	-3.12e-07	1.3295e-09	-1.195e-11	-1.3173e-09	3.1174e-07	-3.12e-07	1.4238e-09	-1.16e-11	-1.413e-09	3.118e-07	-3.119e-07
-0.08	3.1260000000000004e-11	-4.62e-12	-3.3990000000000004e-11	3.1226e-07	-3.1226e-07	3.2206e-10	-4.38e-12	-3.1711e-10	3.1214e-07	-3.1218e-07	5.5277e-10	-5.94e-12	-5.4632e-10	3.1204e-07	-3.122e-07	7.2258e-10	-6.7200000000000004e-12	-7.2412e-10	3.1228e-07	-3.1214e-07	8.988e-10	-7.17e-12	-8.869600000000001e-10	3.1212e-07	-3.1208e-07	1.06491e-09	-8.090000000000001e-12	-1.04298e-09	3.12e-07	-3.119e-07	1.1756e-09	-7.92e-12	-1.1723e-09	3.1186e-07	-3.1208e-07	1.285e-09	-9.34e-12	-1.2766e-09	3.1186e-07	-3.1204e-07	1.4117e-09	-9.75e-12	-1.4057e-09	3.1182e-07	-3.1204e-07	1.544e-09	-1.221e-11	-1.5311e-09	3.118e-07	-3.1198e-07	1.6462e-09	-9.42e-12	-1.644e-09	3.1192e-07	-3.1198e-07
-0.075	4.152e-11	-3.96e-12	-3.612e-11	3.1232e-07	-3.1244e-07	3.6997e-10	-3.9400000000000006e-12	-3.7139000000000005e-10	3.1216e-07	-3.1208e-07	6.3978e-10	-4.6400000000000004e-12	-6.4078e-10	3.1224e-07	-3.12e-07	8.479800000000001e-10	-6.270000000000001e-12	-8.4458e-10	3.12e-07	-3.1214e-07	1.04364e-09	-6.590000000000001e-12	-1.03526e-09	3.1206e-07	-3.1192e-07	1.2188e-09	-6.1e-12	-1.208e-09	3.12e-07	-3.119e-07	1.3659e-09	-8.070000000000001e-12	-1.3676e-09	3.1202e-07	-3.1174e-07	1.4818e-09	-8.16e-12	-1.479e-09	3.121e-07	-3.1212e-07	1.6438e-09	-8.92e-12	-1.629e-09	3.1186e-07	-3.1202e-07	1.7954e-09	-1.124e-11	-1.7819e-09	3.1186e-07	-3.1202e-07	1.9217e-09	-1.106e-11	-1.9061e-09	3.12e-07	-3.1202e-07
-0.07	5.127e-11	-4.550000000000001e-12	-4.268e-11	3.1246e-07	-3.125e-07	4.3519e-10	-5.160000000000001e-12	-4.2814e-10	3.1222e-07	-3.121e-07	7.3382e-10	-3.95e-12	-7.4427e-10	3.122e-07	-3.1212e-07	9.8078e-10	-3.95e-12	-9.8847e-10	3.1206e-07	-3.1208e-07	1.2046e-09	-4.56e-12	-1.201e-09	3.12e-07	-3.1196e-07	1.4314e-09	-7.17e-12	-1.4145e-09	3.1212e-07	-3.1196e-07	1.5891e-09	-6.750000000000001e-12	-1.5888e-09	3.1214e-07	-3.1202e-07	1.7323e-09	-8.42e-12	-1.722e-09	3.1192e-07	-3.1194e-07	1.9056e-09	-8.15e-12	-1.9044e-09	3.1206e-07	-3.1206e-07	2.0681e-09	-1.0030000000000001e-11	-2.0719e-09	3.1176e-07	-3.1178e-07	2.2306e-09	-1.03e-11	-2.2202e-09	3.1196e-07	-3.1196e-07
-0.065	4.9220000000000006e-11	-3.4400000000000007e-12	-5.937000000000001e-11	3.1222e-07	-3.1218e-07	5.0094e-10	-4.850000000000001e-12	-5.01e-10	3.1194e-07	-3.1202e-07	8.6763e-10	-4.53e-12	-8.5993e-10	3.1222e-07	-3.1218e-07	1.1542e-09	-4.38e-12	-1.1597e-09	3.1192e-07	-3.1194e-07	1.4085e-09	-5.6e-12	-1.4043e-09	3.1214e-07	-3.1216e-07	1.6534e-09	-6.620000000000001e-12	-1.6499e-09	3.1206e-07	-3.1188e-07	1.8567e-09	-7.27e-12	-1.8477e-09	3.1188e-07	-3.1194e-07	2.0136e-09	-5.89e-12	-2.0035e-09	3.1184e-07	-3.1184e-07	2.2117e-09	-6.380000000000001e-12	-2.2155e-09	3.1188e-07	-3.12e-07	2.4088e-09	-8.44e-12	-2.4031e-09	3.1178e-07	-3.1202e-07	2.5898e-09	-7.51e-12	-2.5840999999999998e-09	3.118e-07	-3.1178e-07
-0.06	6.629000000000001e-11	-1.7500000000000002e-12	-6.180000000000001e-11	3.1228e-07	-3.1226e-07	5.7913e-10	-1.2000000000000001e-12	-5.859300000000001e-10	3.121e-07	-3.1202e-07	1.0091700000000001e-09	-3.790000000000001e-12	-1.01053e-09	3.121e-07	-3.12e-07	1.3615e-09	-4.42e-12	-1.3506e-09	3.1222e-07	-3.1196e-07	1.6393e-09	-4.68e-12	-1.6319e-09	3.121e-07	-3.12e-07	1.9186e-09	-5.5e-12	-1.9182e-09	3.121e-07	-3.1186e-07	2.1644e-09	-7.35e-12	-2.1562e-09	3.1202e-07	-3.1192e-07	2.335e-09	-5.000000000000001e-12	-2.3306e-09	3.1186e-07	-3.1202e-07	2.5802e-09	-7.54e-12	-2.5726e-09	3.12e-07	-3.1174e-07	2.812e-09	-9.02e-12	-2.7987e-09	3.119e-07	-3.1172e-07	3.0115e-09	-7.27e-12	-3.0066e-09	3.1204e-07	-3.118e-07
-0.055	7.440000000000001e-11	-2.9e-12	-7.244000000000001e-11	3.1228e-07	-3.1228e-07	6.796300000000001e-10	-2.3800000000000004e-12	-6.7777e-10	3.1236e-07	-3.1236e-07	1.1758e-09	-4.52e-12	-1.1703e-09	3.1216e-07	-3.121e-07	1.5845e-09	-4.18e-12	-1.5723e-09	3.1202e-07	-3.1198e-07	1.9053e-09	-5.220000000000001e-12	-1.8971e-09	3.1192e-07	-3.1206e-07	2.2386e-09	-5.02e-12	-2.2258e-09	3.1208e-07	-3.1194e-07	2.5115e-09	-5.910000000000001e-12	-2.5004999999999998e-09	3.1206e-07	-3.1208e-07	2.715e-09	-5.38e-12	-2.7098e-09	3.1188e-07	-3.1192e-07	3.008e-09	-5.470000000000001e-12	-2.9844e-09	3.1208e-07	-3.1188e-07	3.273e-09	-6.51e-12	-3.2503e-09	3.1202e-07	-3.1182e-07	3.4839e-09	-7.81e-12	-3.4733e-09	3.1198e-07	-3.1168e-07
-0.05	8.297000000000001e-11	-1.7200000000000001e-12	-9.044e-11	3.1252e-07	-3.123e-07	7.8986e-10	-3.6000000000000004e-12	-7.8939e-10	3.1218e-07	-3.122e-07	1.3711e-09	-1.8200000000000003e-12	-1.3677e-09	3.1222e-07	-3.1202e-07	1.8404e-09	-3.640000000000001e-12	-1.8405e-09	3.1206e-07	-3.1206e-07	2.2275e-09	-4.12e-12	-2.2112e-09	3.1204e-07	-3.1194e-07	2.6025e-09	-3.3400000000000007e-12	-2.6001e-09	3.1212e-07	-3.1194e-07	2.9249e-09	-6.370000000000001e-12	-2.9146e-09	3.1192e-07	-3.1212e-07	3.1679e-09	-5.980000000000001e-12	-3.1459e-09	3.1188e-07	-3.1184e-07	3.4805e-09	-4.040000000000001e-12	-3.5035e-09	3.1192e-07	-3.1196e-07	3.795e-09	-5.43e-12	-3.802e-09	3.1182e-07	-3.1178e-07	4.0617e-09	-7.2300000000000005e-12	-4.0442e-09	3.1186e-07	-3.1178e-07
-0.045	9.511e-11	-1.1000000000000002e-12	-9.933e-11	3.1228e-07	-3.1226e-07	9.302e-10	-2.3200000000000002e-12	-9.2304e-10	3.121e-07	-3.121e-07	1.5858e-09	-1.4800000000000004e-12	-1.5967e-09	3.12e-07	-3.1196e-07	2.1338e-09	-2.7100000000000004e-12	-2.1352e-09	3.1216e-07	-3.1214e-07	2.5721e-09	-4.33e-12	-2.5736e-09	3.1188e-07	-3.119e-07	3.0222e-09	-3.07e-12	-3.0215e-09	3.1206e-07	-3.1212e-07	3.3946e-09	-6.46e-12	-3.3934e-09	3.1214e-07	-3.1208e-07	3.6789e-09	-5.270000000000001e-12	-3.6659e-09	3.1206e-07	-3.1184e-07	4.0527e-09	-5.110000000000001e-12	-4.0535e-09	3.1182e-07	-3.118e-07	4.4076e-09	-5.5e-12	-4.4044e-09	3.118e-07	-3.1184e-07	4.6976e-09	-5.89e-12	-4.7024e-09	3.1204e-07	-3.1198e-07
-0.04	1.0912e-10	-1.5e-12	-1.1331e-10	3.123e-07	-3.1246e-07	1.06361e-09	-1.74e-12	-1.07493e-09	3.1234e-07	-3.1234e-07	1.8578e-09	-2.0200000000000007e-12	-1.8541e-09	3.1216e-07	-3.1192e-07	2.4929e-09	-2.74e-12	-2.4858e-09	3.1222e-07	-3.1214e-07	3.0072e-09	-2.59e-12	-3.0055e-09	3.1216e-07	-3.1212e-07	3.5194e-09	-2.42e-12	-3.5215e-09	3.121e-07	-3.1206e-07	3.9621e-09	-4.42e-12	-3.9493e-09	3.1186e-07	-3.1188e-07	4.2622e-09	-4.08e-12	-4.2602e-09	3.1194e-07	-3.1196e-07	4.7304e-09	-5.3000000000000004e-12	-4.7328e-09	3.1182e-07	-3.1198e-07	5.147e-09	-5.660000000000001e-12	-5.1245e-09	3.1192e-07	-3.1184e-07	5.4786e-09	-6.31e-12	-5.4758e-09	3.1182e-07	-3.1186e-07
-0.035	1.2825000000000002e-10	-1.8000000000000002e-12	-1.2498000000000002e-10	3.1226e-07	-3.1222e-07	1.2467e-09	-1.12e-12	-1.2499e-09	3.1206e-07	-3.1216e-07	2.163e-09	-2.79e-12	-2.1566e-09	3.1206e-07	-3.121e-07	2.8992e-09	-2.57e-12	-2.8931e-09	3.1208e-07	-3.1218e-07	3.4917e-09	-2.77e-12	-3.4762e-09	3.1216e-07	-3.1214e-07	4.1013e-09	-2.95e-12	-4.1008e-09	3.1214e-07	-3.1194e-07	4.593e-09	-3.5200000000000003e-12	-4.5929e-09	3.1204e-07	-3.1188e-07	4.9614e-09	-4.41e-12	-4.9703e-09	3.1186e-07	-3.1192e-07	5.4907e-09	-6.030000000000001e-12	-5.4829e-09	3.1188e-07	-3.1184e-07	5.9771e-09	-5.18e-12	-5.9589e-09	3.1204e-07	-3.118e-07	6.3697e-09	-7.22e-12	-6.3557e-09	3.1186e-07	-3.118e-07
-0.03	1.4205000000000002e-10	-2.0000000000000003e-14	-1.4603e-10	3.1224e-07	-3.1226e-07	1.4522e-09	-2.14e-12	-1.4549e-09	3.122e-07	-3.122e-07	2.528e-09	-2.01e-12	-2.5109e-09	3.1204e-07	-3.122e-07	3.3845e-09	-1.2400000000000002e-12	-3.365e-09	3.12e-07	-3.1216e-07	4.0672e-09	-2.0500000000000004e-12	-4.0728e-09	3.122e-07	-3.1212e-07	4.7863e-09	-2.04e-12	-4.7798e-09	3.1214e-07	-3.1208e-07	5.3384e-09	-3.61e-12	-5.3524e-09	3.1208e-07	-3.1212e-07	5.8099999999999996e-09	-4.5900000000000004e-12	-5.8025e-09	3.1186e-07	-3.1208e-07	6.4033e-09	-3.56e-12	-6.3879e-09	3.1198e-07	-3.1184e-07	6.9565e-09	-3.9900000000000006e-12	-6.941e-09	3.118e-07	-3.118e-07	7.3966e-09	-6.280000000000001e-12	-7.378e-09	3.1204e-07	-3.1206e-07
-0.025	1.5779e-10	-1.2000000000000002e-13	-1.559e-10	3.1232e-07	-3.1242e-07	1.7054e-09	-9.8e-13	-1.6967e-09	3.1214e-07	-3.121e-07	2.9277e-09	-1.1500000000000001e-12	-2.9277e-09	3.119e-07	-3.1196e-07	3.9044e-09	-1.26e-12	-3.9051e-09	3.1196e-07	-3.1196e-07	4.7233e-09	-7.100000000000001e-13	-4.7288e-09	3.1204e-07	-3.1202e-07	5.5459e-09	-2.01e-12	-5.562e-09	3.1206e-07	-3.1188e-07	6.2242e-09	-2.85e-12	-6.2164e-09	3.12e-07	-3.119e-07	6.7682e-09	-3.76e-12	-6.7614e-09	3.12e-07	-3.1188e-07	7.4279e-09	-3.780000000000001e-12	-7.426e-09	3.1184e-07	-3.1202e-07	8.0886e-09	-4.31e-12	-8.0644e-09	3.121e-07	-3.1204e-07	8.5616e-09	-6.0600000000000004e-12	-8.6002e-09	3.1196e-07	-3.1184e-07
-0.02	1.8608e-10	-1.51e-12	-1.8795e-10	3.1224e-07	-3.1232e-07	1.9636e-09	-1.18e-12	-1.9841e-09	3.1206e-07	-3.123e-07	3.4207e-09	-1.6700000000000004e-12	-3.4151e-09	3.12e-07	-3.1226e-07	4.5549e-09	-2.51e-12	-4.5445e-09	3.1198e-07	-3.1194e-07	5.5114e-09	-1.21e-12	-5.5049e-09	3.1192e-07	-3.1212e-07	6.4766e-09	-3.1200000000000004e-12	-6.4884e-09	3.1208e-07	-3.119e-07	7.2383e-09	-1.59e-12	-7.261e-09	3.1208e-07	-3.1184e-07	7.8974e-09	-4.340000000000001e-12	-7.9077e-09	3.119e-07	-3.1208e-07	8.6475e-09	-5.3000000000000004e-12	-8.6309e-09	3.1206e-07	-3.1206e-07	9.4248e-09	-3.9e-12	-9.3935e-09	3.1184e-07	-3.1184e-07	1.00045e-08	-4.650000000000001e-12	-9.9999e-09	3.1186e-07	-3.1192e-07
-0.015	1.9762e-10	1.03e-12	-2.0946e-10	3.1244e-07	-3.1224e-07	2.3127e-09	-1.1000000000000002e-12	-2.2995e-09	3.1196e-07	-3.1196e-07	3.9756e-09	-1.3500000000000001e-12	-3.9792e-09	3.1224e-07	-3.121e-07	5.3083e-09	-1.23e-12	-5.2872e-09	3.1194e-07	-3.1216e-07	6.4277e-09	-1.7500000000000002e-12	-6.4042e-09	3.1198e-07	-3.1218e-07	7.5441e-09	-1.6600000000000002e-12	-7.5322e-09	3.1194e-07	-3.119e-07	8.4023e-09	-1.0500000000000002e-12	-8.4108e-09	3.121e-07	-3.1186e-07	9.2283e-09	-3.9900000000000006e-12	-9.2041e-09	3.1192e-07	-3.1182e-07	1.00536e-08	-4.240000000000001e-12	-1.0062e-08	3.12e-07	-3.118e-07	1.09495e-08	-3.780000000000001e-12	-1.09242e-08	3.1178e-07	-3.1204e-07	1.16824e-08	-5.5e-12	-1.16454e-08	3.12e-07	-3.1202e-07
-0.01	2.2827000000000003e-10	-1.0000000000000002e-14	-2.3643000000000003e-10	3.122e-07	-3.122e-07	2.6861e-09	-4.500000000000001e-13	-2.6753e-09	3.121e-07	-3.1212e-07	4.6321e-09	-1.2900000000000002e-12	-4.6403e-09	3.1214e-07	-3.1202e-07	6.1749e-09	-1.6000000000000005e-13	-6.1546e-09	3.12e-07	-3.1202e-07	7.4932e-09	-1.21e-12	-7.4764e-09	3.1198e-07	-3.1194e-07	8.7731e-09	-5.6e-13	-8.7678e-09	3.1186e-07	-3.1206e-07	9.7921e-09	-1.8200000000000003e-12	-9.8098e-09	3.1204e-07	-3.1184e-07	1.07354e-08	-2.6500000000000002e-12	-1.07619e-08	3.121e-07	-3.1196e-07	1.17662e-08	-4.750000000000001e-12	-1.17426e-08	3.1204e-07	-3.1196e-07	1.2786799999999998e-08	-3.4700000000000004e-12	-1.27848e-08	3.1204e-07	-3.1202e-07	1.3620999999999998e-08	-3.66e-12	-1.36352e-08	3.1182e-07	-3.1202e-07
-0.005	2.6007e-10	-2.5e-13	-2.756e-10	3.1248e-07	-3.1212e-07	3.1181e-09	-1.3800000000000002e-12	-3.099e-09	3.1234e-07	-3.1212e-07	5.3739e-09	-2.7e-13	-5.4049e-09	3.1204e-07	-3.1198e-07	7.1669e-09	-8.7e-13	-7.1623e-09	3.121e-07	-3.1196e-07	8.7243e-09	-1.8000000000000004e-13	-8.7085e-09	3.1186e-07	-3.1186e-07	1.01602e-08	-5.9e-13	-1.0162e-08	3.1206e-07	-3.1208e-07	1.13921e-08	-2.24e-12	-1.14201e-08	3.1212e-07	-3.121e-07	1.25558e-08	-2.6300000000000007e-12	-1.2548e-08	3.1204e-07	-3.12e-07	1.36598e-08	-1.95e-12	-1.3655999999999998e-08	3.1208e-07	-3.1206e-07	1.4851599999999998e-08	-3.840000000000001e-12	-1.4845399999999998e-08	3.1182e-07	-3.1198e-07	1.5953199999999998e-08	-2.57e-12	-1.5915799999999998e-08	3.1188e-07	-3.118e-07
0.0	2.9193000000000005e-10	7.600000000000002e-13	-3.0759e-10	3.1228e-07	-3.122e-07	3.6261e-09	2.1000000000000001e-13	-3.6496e-09	3.12e-07	-3.12e-07	6.312e-09	-6.1e-13	-6.2971e-09	3.1228e-07	-3.1218e-07	8.3421e-09	-1.7500000000000002e-12	-8.3388e-09	3.1214e-07	-3.1208e-07	1.01758e-08	-3.7000000000000004e-13	-1.01628e-08	3.1192e-07	-3.1188e-07	1.1859999999999998e-08	-1.4900000000000001e-12	-1.18422e-08	3.121e-07	-3.1212e-07	1.3337199999999998e-08	-3.2000000000000005e-13	-1.33224e-08	3.1194e-07	-3.1206e-07	1.4608e-08	-2.3000000000000003e-12	-1.4620799999999998e-08	3.1192e-07	-3.119e-07	1.59266e-08	-2.92e-12	-1.58828e-08	3.1186e-07	-3.1182e-07	1.7335999999999997e-08	-1.73e-12	-1.73016e-08	3.12e-07	-3.118e-07	1.85246e-08	-2.9800000000000002e-12	-1.8518e-08	3.1182e-07	-3.118e-07
0.005	3.3715e-10	1.69e-12	-3.5271e-10	3.1224e-07	-3.1232e-07	4.2432e-09	1.23e-12	-4.2333e-09	3.1214e-07	-3.1226e-07	7.3209e-09	-4.3000000000000004e-13	-7.309e-09	3.122e-07	-3.1226e-07	9.7012e-09	-8.600000000000001e-13	-9.7313e-09	3.1228e-07	-3.12e-07	1.18984e-08	-7.3e-13	-1.18934e-08	3.1188e-07	-3.1206e-07	1.37902e-08	-6.000000000000001e-14	-1.3794799999999998e-08	3.1204e-07	-3.1216e-07	1.5523999999999997e-08	-2.36e-12	-1.55268e-08	3.1196e-07	-3.119e-07	1.6967999999999997e-08	-7.900000000000001e-13	-1.6985399999999998e-08	3.1208e-07	-3.1206e-07	1.85122e-08	-1.04e-12	-1.84962e-08	3.1204e-07	-3.1206e-07	2.01228e-08	-1.6e-12	-2.01182e-08	3.1188e-07	-3.118e-07	2.15472e-08	-2.3500000000000007e-12	-2.15388e-08	3.1188e-07	-3.1184e-07
0.01	4.0365000000000005e-10	1.5700000000000002e-12	-3.9245e-10	3.1244e-07	-3.1238e-07	4.9311e-09	8.400000000000001e-13	-4.9227e-09	3.1228e-07	-3.123e-07	8.5317e-09	3.1000000000000004e-13	-8.5348e-09	3.1206e-07	-3.1218e-07	1.13558e-08	-3.7000000000000004e-13	-1.13355e-08	3.1212e-07	-3.1214e-07	1.38646e-08	8.9e-13	-1.3839199999999998e-08	3.1194e-07	-3.119e-07	1.60854e-08	4.600000000000002e-13	-1.60928e-08	3.1192e-07	-3.1186e-07	1.80752e-08	-1.23e-12	-1.80842e-08	3.1204e-07	-3.1206e-07	1.97838e-08	-1.88e-12	-1.97718e-08	3.1186e-07	-3.1184e-07	2.15722e-08	-2.01e-12	-2.15626e-08	3.1188e-07	-3.1184e-07	2.34202e-08	-1.5200000000000002e-12	-2.34056e-08	3.1192e-07	-3.1198e-07	2.5052e-08	-3.5000000000000004e-12	-2.50458e-08	3.1178e-07	-3.118e-07
0.015	6.3352e-10	1.04e-12	-5.9088e-10	3.1228e-07	-3.1226e-07	5.7391e-09	4.0000000000000006e-14	-5.7503e-09	3.1222e-07	-3.1222e-07	9.9293e-09	5.2e-13	-9.9295e-09	3.1198e-07	-3.1194e-07	1.3296599999999998e-08	-6.700000000000002e-13	-1.32928e-08	3.1196e-07	-3.1198e-07	1.6142199999999997e-08	-3.7000000000000004e-13	-1.6174399999999998e-08	3.1186e-07	-3.1188e-07	1.87148e-08	-1.1000000000000002e-12	-1.87142e-08	3.1188e-07	-3.1204e-07	2.1076e-08	-6.8e-13	-2.10426e-08	3.119e-07	-3.1202e-07	2.2947e-08	-1.02e-12	-2.29734e-08	3.119e-07	-3.1198e-07	2.5028e-08	-3.2600000000000002e-12	-2.5096e-08	3.1184e-07	-3.1188e-07	2.7202e-08	-1.7000000000000002e-12	-2.72318e-08	3.1198e-07	-3.1196e-07	2.9074e-08	-2.42e-12	-2.91298e-08	3.12e-07	-3.1196e-07
0.02	6.603600000000001e-10	1.4900000000000001e-12	-6.8207e-10	3.124e-07	-3.1242e-07	6.6971999999999996e-09	1.88e-12	-6.7166e-09	3.122e-07	-3.123e-07	1.1643999999999998e-08	1.1000000000000002e-12	-1.16638e-08	3.1222e-07	-3.1208e-07	1.55178e-08	8.7e-13	-1.5526e-08	3.1194e-07	-3.12e-07	1.88196e-08	-4.500000000000001e-13	-1.88432e-08	3.119e-07	-3.119e-07	2.18064e-08	5.300000000000002e-13	-2.18252e-08	3.1194e-07	-3.119e-07	2.45354e-08	-1.13e-12	-2.45342e-08	3.1188e-07	-3.1206e-07	2.6724e-08	-1.21e-12	-2.67148e-08	3.1186e-07	-3.1186e-07	2.92338e-08	-6.000000000000002e-13	-2.91894e-08	3.1196e-07	-3.118e-07	3.17362e-08	-5.500000000000001e-13	-3.1731599999999994e-08	3.1174e-07	-3.118e-07	3.3961e-08	-1.3800000000000002e-12	-3.3858e-08	3.1204e-07	-3.118e-07
0.025	8.195e-10	1.9200000000000003e-12	-8.441000000000001e-10	3.1222e-07	-3.1218e-07	7.8762e-09	2.87e-12	-7.8119e-09	3.1232e-07	-3.1224e-07	1.3522e-08	-7.400000000000001e-13	-1.3585e-08	3.1206e-07	-3.1198e-07	1.80952e-08	1.27e-12	-1.80938e-08	3.121e-07	-3.1212e-07	2.18372e-08	1.03e-12	-2.18536e-08	3.1192e-07	-3.1208e-07	2.53506e-08	9.000000000000001e-13	-2.53812e-08	3.1192e-07	-3.1188e-07	2.85782e-08	3.5e-13	-2.85732e-08	3.1188e-07	-3.1188e-07	3.10142e-08	1.22e-12	-3.09904e-08	3.1206e-07	-3.1212e-07	3.39484e-08	-9.700000000000001e-13	-3.39232e-08	3.1202e-07	-3.118e-07	3.68972e-08	-2.11e-12	-3.692239999999999e-08	3.1192e-07	-3.1202e-07	3.94038e-08	-1.5700000000000002e-12	-3.9389e-08	3.1182e-07	-3.12e-07
0.03	9.1675e-10	7.700000000000001e-13	-9.5604e-10	3.1222e-07	-3.1242e-07	9.0869e-09	1.64e-12	-9.0767e-09	3.122e-07	-3.1202e-07	1.58058e-08	1.4300000000000002e-12	-1.5803199999999997e-08	3.1206e-07	-3.1214e-07	2.1139e-08	1.3300000000000002e-12	-2.11028e-08	3.1218e-07	-3.1194e-07	2.54528e-08	1.0100000000000001e-12	-2.54564e-08	3.1194e-07	-3.1208e-07	2.95422e-08	1.6e-12	-2.96488e-08	3.1206e-07	-3.12e-07	3.33756e-08	-1.9900000000000002e-12	-3.3284599999999995e-08	3.1206e-07	-3.1178e-07	3.6064e-08	-2.5e-13	-3.60774e-08	3.1198e-07	-3.1184e-07	3.95706e-08	2.1000000000000001e-13	-3.95666e-08	3.1208e-07	-3.1202e-07	4.30274e-08	7.700000000000001e-13	-4.30152e-08	3.1204e-07	-3.1202e-07	4.58342e-08	-2.1000000000000003e-12	-4.58466e-08	3.1192e-07	-3.1192e-07
0.035	1.03189e-09	2.3300000000000004e-12	-1.0061e-09	3.1224e-07	-3.1238e-07	1.06291e-08	1.96e-12	-1.06446e-08	3.1214e-07	-3.1226e-07	1.84094e-08	3.2000000000000005e-13	-1.83778e-08	3.1212e-07	-3.1198e-07	2.46052e-08	1e-12	-2.46376e-08	3.122e-07	-3.1192e-07	2.9574e-08	-1.5000000000000004e-13	-2.95646e-08	3.1192e-07	-3.1188e-07	3.45144e-08	1.6300000000000001e-12	-3.44854e-08	3.1198e-07	-3.1202e-07	3.87082e-08	-7.100000000000001e-13	-3.8722e-08	3.1206e-07	-3.12e-07	4.19254e-08	-2.900000000000001e-13	-4.19542e-08	3.121e-07	-3.121e-07	4.60126e-08	-1.1000000000000001e-13	-4.606139999999999e-08	3.118e-07	-3.1202e-07	5.001139999999999e-08	-1.0000000000000002e-14	-5.00248e-08	3.1204e-07	-3.1194e-07	5.33468e-08	4.3000000000000004e-13	-5.3382e-08	3.1186e-07	-3.1184e-07
0.04	1.0496200000000001e-09	2.0200000000000007e-12	-1.08562e-09	3.1236e-07	-3.1242e-07	1.245e-08	2.8400000000000004e-12	-1.24452e-08	3.1204e-07	-3.1202e-07	2.14162e-08	1.5400000000000001e-12	-2.14116e-08	3.121e-07	-3.12e-07	2.87588e-08	1.4300000000000002e-12	-2.87414e-08	3.1194e-07	-3.1206e-07	3.4525399999999995e-08	1.18e-12	-3.453e-08	3.1186e-07	-3.1196e-07	4.02006e-08	1e-12	-4.02406e-08	3.1184e-07	-3.1186e-07	4.51512e-08	1.6100000000000002e-12	-4.515199999999999e-08	3.121e-07	-3.1188e-07	4.89496e-08	1.26e-12	-4.89474e-08	3.121e-07	-3.1198e-07	5.36274e-08	5.800000000000002e-13	-5.36754e-08	3.1202e-07	-3.1204e-07	5.82996e-08	3.0000000000000005e-14	-5.822999999999999e-08	3.1192e-07	-3.118e-07	6.208599999999999e-08	-1.1900000000000002e-12	-6.225019999999999e-08	3.1186e-07	-3.1172e-07
0.045	1.2625e-09	2.47e-12	-1.2987e-09	3.1226e-07	-3.1238e-07	1.4505399999999998e-08	2.5300000000000003e-12	-1.4477399999999998e-08	3.1204e-07	-3.1202e-07	2.4977e-08	1.41e-12	-2.4905e-08	3.1206e-07	-3.1212e-07	3.34036e-08	2.11e-12	-3.34152e-08	3.1206e-07	-3.1208e-07	4.01306e-08	1.0500000000000002e-12	-4.01894e-08	3.121e-07	-3.1186e-07	4.67924e-08	1e-13	-4.68186e-08	3.1188e-07	-3.1184e-07	5.244819999999999e-08	1.93e-12	-5.255039999999999e-08	3.1214e-07	-3.1188e-07	5.68582e-08	4.2000000000000003e-13	-5.680379999999999e-08	3.119e-07	-3.119e-07	6.2441e-08	-2.6e-13	-6.24236e-08	3.1186e-07	-3.118e-07	6.78386e-08	-4.0000000000000006e-14	-6.77948e-08	3.118e-07	-3.1176e-07	7.230999999999999e-08	-8.100000000000001e-13	-7.23488e-08	3.1182e-07	-3.1182e-07
0.05	1.5025e-09	3.1700000000000004e-12	-1.4989e-09	3.1224e-07	-3.1236e-07	1.6949399999999997e-08	6.3e-13	-1.68984e-08	3.1228e-07	-3.1224e-07	2.91192e-08	1.95e-12	-2.90798e-08	3.1224e-07	-3.12e-07	3.90366e-08	2.64e-12	-3.89692e-08	3.1194e-07	-3.1214e-07	4.68116e-08	1.4700000000000002e-12	-4.68464e-08	3.119e-07	-3.119e-07	5.45314e-08	1.79e-12	-5.44528e-08	3.1186e-07	-3.1186e-07	6.124e-08	3.000000000000001e-13	-6.1253e-08	3.121e-07	-3.119e-07	6.619959999999999e-08	-7e-14	-6.62242e-08	3.1216e-07	-3.1204e-07	7.26914e-08	9.200000000000001e-13	-7.293259999999999e-08	3.1182e-07	-3.1206e-07	7.88224e-08	1.26e-12	-7.91058e-08	3.1186e-07	-3.1188e-07	8.43456e-08	-8.000000000000001e-14	-8.4261e-08	3.12e-07	-3.1194e-07
0.055	1.7184e-09	2.42e-12	-1.68e-09	3.1228e-07	-3.1234e-07	1.97156e-08	6.500000000000002e-13	-1.97808e-08	3.1226e-07	-3.122e-07	3.39142e-08	1.7700000000000001e-12	-3.38642e-08	3.1222e-07	-3.1216e-07	4.54154e-08	1.5400000000000001e-12	-4.53058e-08	3.119e-07	-3.119e-07	5.45052e-08	2.0200000000000007e-12	-5.46008e-08	3.1186e-07	-3.121e-07	6.333379999999999e-08	1.6600000000000002e-12	-6.32328e-08	3.1206e-07	-3.1208e-07	7.122479999999999e-08	2.24e-12	-7.12692e-08	3.1194e-07	-3.1188e-07	7.71458e-08	1.55e-12	-7.7118e-08	3.1204e-07	-3.1182e-07	8.46482e-08	1.1100000000000001e-12	-8.46012e-08	3.1188e-07	-3.1178e-07	9.17496e-08	-5e-14	-9.1785e-08	3.1202e-07	-3.1184e-07	9.79876e-08	1.4e-13	-9.79964e-08	3.1198e-07	-3.1196e-07
0.06	1.8835e-09	2.5600000000000004e-12	-1.8795e-09	3.122e-07	-3.1238e-07	2.29262e-08	2.09e-12	-2.29782e-08	3.1212e-07	-3.1222e-07	3.95934e-08	2.36e-12	-3.9466e-08	3.1224e-07	-3.122e-07	5.283099999999999e-08	3.2700000000000004e-12	-5.28328e-08	3.1198e-07	-3.121e-07	6.365199999999999e-08	1.0100000000000001e-12	-6.362059999999999e-08	3.121e-07	-3.119e-07	7.36472e-08	2.8900000000000004e-12	-7.37308e-08	3.1202e-07	-3.1186e-07	8.30574e-08	5.500000000000001e-13	-8.306039999999999e-08	3.1194e-07	-3.1206e-07	8.987479999999999e-08	9.100000000000002e-13	-9.009079999999999e-08	3.1188e-07	-3.118e-07	9.8852e-08	1.83e-12	-9.874619999999999e-08	3.12e-07	-3.1182e-07	1.068512e-07	1.6e-12	-1.069124e-07	3.1184e-07	-3.1186e-07	1.1426700000000001e-07	1.9000000000000002e-13	-1.1427340000000002e-07	3.1182e-07	-3.1178e-07
0.065	2.1079e-09	3.4700000000000004e-12	-2.1978e-09	3.1238e-07	-3.122e-07	2.6655e-08	3.0300000000000002e-12	-2.66604e-08	3.1216e-07	-3.1206e-07	4.585e-08	2.6500000000000002e-12	-4.603519999999999e-08	3.1226e-07	-3.1222e-07	6.13218e-08	2.8900000000000004e-12	-6.128419999999999e-08	3.1192e-07	-3.119e-07	7.400659999999999e-08	2.8100000000000003e-12	-7.3668e-08	3.119e-07	-3.119e-07	8.563339999999999e-08	1.36e-12	-8.57626e-08	3.1188e-07	-3.1176e-07	9.6585e-08	1.2000000000000001e-12	-9.6484e-08	3.1206e-07	-3.1206e-07	1.0484820000000001e-07	2.39e-12	-1.047208e-07	3.1202e-07	-3.1208e-07	1.148898e-07	1.5400000000000001e-12	-1.148416e-07	3.1192e-07	-3.1178e-07	1.2436e-07	1.88e-12	-1.2428e-07	3.12e-07	-3.1196e-07	1.3166e-07	3.5e-13	-1.3178e-07	3.1192e-07	-3.119e-07
0.07	2.507e-09	4.6400000000000004e-12	-2.5438e-09	3.122e-07	-3.122e-07	3.10528e-08	2.34e-12	-3.10308e-08	3.121e-07	-3.1206e-07	5.35004e-08	3.5900000000000007e-12	-5.34246e-08	3.12e-07	-3.1226e-07	7.136919999999999e-08	1.45e-12	-7.132779999999999e-08	3.1216e-07	-3.1196e-07	8.58768e-08	2.23e-12	-8.5936e-08	3.12e-07	-3.1202e-07	9.964639999999999e-08	3.2400000000000007e-12	-9.97002e-08	3.1188e-07	-3.1188e-07	1.124378e-07	2e-12	-1.124028e-07	3.119e-07	-3.119e-07	1.2172e-07	2.5300000000000003e-12	-1.2164e-07	3.1184e-07	-3.1204e-07	1.3394e-07	5.4e-13	-1.3372e-07	3.1196e-07	-3.12e-07	1.446e-07	1.41e-12	-1.4482e-07	3.1182e-07	-3.118e-07	1.5288e-07	1.3000000000000001e-12	-1.5304e-07	3.12e-07	-3.1202e-07
0.075	3.262e-09	3.87e-12	-3.2671e-09	3.1234e-07	-3.1232e-07	3.61612e-08	3.0800000000000002e-12	-3.61122e-08	3.1232e-07	-3.1224e-07	6.23916e-08	3.43e-12	-6.217679999999999e-08	3.1222e-07	-3.1202e-07	8.30448e-08	3.4700000000000004e-12	-8.299699999999999e-08	3.1214e-07	-3.1202e-07	1.00419e-07	6.8e-13	-1.0019980000000001e-07	3.1192e-07	-3.1196e-07	1.1644e-07	1.5800000000000001e-12	-1.1614e-07	3.1212e-07	-3.12e-07	1.3096e-07	3.2100000000000007e-12	-1.3126e-07	3.1212e-07	-3.1188e-07	1.417e-07	1.18e-12	-1.416e-07	3.1178e-07	-3.1184e-07	1.5544e-07	2.47e-12	-1.5562e-07	3.1188e-07	-3.1188e-07	1.6875999999999998e-07	2e-12	-1.6814e-07	3.118e-07	-3.119e-07	1.7874e-07	2.5600000000000004e-12	-1.7908e-07	3.1186e-07	-3.1194e-07
0.08	4.2853e-09	3.53e-12	-4.3198e-09	3.1238e-07	-3.1238e-07	4.20674e-08	3.35e-12	-4.20698e-08	3.1214e-07	-3.122e-07	7.24298e-08	4.57e-12	-7.26564e-08	3.1206e-07	-3.1224e-07	9.67856e-08	3.9900000000000006e-12	-9.65516e-08	3.1218e-07	-3.1202e-07	1.1672e-07	1.8700000000000003e-12	-1.168e-07	3.1186e-07	-3.119e-07	1.3476e-07	1.6800000000000001e-12	-1.348e-07	3.1188e-07	-3.1192e-07	1.5272e-07	3.25e-12	-1.5216e-07	3.119e-07	-3.1184e-07	1.6526e-07	6.200000000000001e-13	-1.6534e-07	3.1188e-07	-3.1214e-07	1.8068e-07	2.9300000000000002e-12	-1.8064e-07	3.1186e-07	-3.1184e-07	1.959e-07	1.74e-12	-1.9536e-07	3.121e-07	-3.12e-07	2.0778e-07	1.5400000000000001e-12	-2.0712e-07	3.118e-07	-3.1178e-07
0.085	5.5926e-09	4.33e-12	-5.6835e-09	3.1236e-07	-3.1236e-07	4.885259999999999e-08	3.28e-12	-4.871479999999999e-08	3.1234e-07	-3.1208e-07	8.44634e-08	3.3600000000000002e-12	-8.437459999999999e-08	3.12e-07	-3.12e-07	1.1267919999999998e-07	3.91e-12	-1.1266939999999998e-07	3.1194e-07	-3.1194e-07	1.3612e-07	3.05e-12	-1.3576e-07	3.1198e-07	-3.1194e-07	1.5736e-07	2.72e-12	-1.579e-07	3.1206e-07	-3.1206e-07	1.7762e-07	2.5300000000000003e-12	-1.7727999999999998e-07	3.121e-07	-3.1186e-07	1.9226e-07	2.36e-12	-1.9204e-07	3.1208e-07	-3.1206e-07	2.1034e-07	4.7e-13	-2.109e-07	3.1186e-07	-3.1184e-07	2.281e-07	1.7500000000000002e-12	-2.2826e-07	3.1186e-07	-3.1178e-07	2.4218e-07	2.01e-12	-2.4142e-07	3.118e-07	-3.1192e-07
0.09	6.7996e-09	4.68e-12	-6.8961e-09	3.1234e-07	-3.1234e-07	5.672939999999999e-08	3.4500000000000004e-12	-5.661619999999999e-08	3.1206e-07	-3.1206e-07	9.83382e-08	3.790000000000001e-12	-9.83466e-08	3.122e-07	-3.1218e-07	1.3148e-07	3.2900000000000007e-12	-1.3052e-07	3.1194e-07	-3.1192e-07	1.5834e-07	4.500000000000001e-12	-1.5802e-07	3.1214e-07	-3.1192e-07	1.8368e-07	2.69e-12	-1.838e-07	3.1206e-07	-3.1182e-07	2.0642e-07	3.48e-12	-2.061e-07	3.1186e-07	-3.1202e-07	2.232e-07	2.5600000000000004e-12	-2.2384e-07	3.122e-07	-3.1214e-07	2.4556e-07	1.4400000000000001e-12	-2.4526e-07	3.118e-07	-3.118e-07	2.6474e-07	2.49e-12	-2.6464e-07	3.1184e-07	-3.1202e-07	2.8066e-07	3.5e-13	-2.8088e-07	3.1204e-07	-3.1208e-07
0.095	8.2789e-09	4.28e-12	-8.1701e-09	3.1216e-07	-3.1228e-07	6.62e-08	3.81e-12	-6.602579999999999e-08	3.1204e-07	-3.1222e-07	1.143104e-07	5.9200000000000014e-12	-1.1464200000000002e-07	3.1218e-07	-3.1202e-07	1.5252e-07	2.6100000000000004e-12	-1.5316e-07	3.1192e-07	-3.119e-07	1.8402e-07	3.0300000000000002e-12	-1.8442e-07	3.1198e-07	-3.1208e-07	2.1372e-07	5.000000000000001e-12	-2.1366e-07	3.1188e-07	-3.1202e-07	2.4112e-07	1.4900000000000001e-12	-2.4084e-07	3.1206e-07	-3.1182e-07	2.6034e-07	3.730000000000001e-12	-2.6014e-07	3.121e-07	-3.1208e-07	2.8468e-07	2.13e-12	-2.8532e-07	3.1186e-07	-3.1172e-07	3.0884e-07	2.08e-12	-3.078e-07	3.118e-07	-3.118e-07	3.2762e-07	1.5200000000000002e-12	-3.2652e-07	3.1204e-07	-3.1186e-07
0.1	9.74e-09	3.1e-12	-9.6383e-09	3.1234e-07	-3.1248e-07	7.668679999999998e-08	4.400000000000001e-12	-7.6811e-08	3.1224e-07	-3.1196e-07	1.3346e-07	5.54e-12	-1.3228e-07	3.1224e-07	-3.1222e-07	1.7824e-07	5.18e-12	-1.773e-07	3.1192e-07	-3.1186e-07	2.1448e-07	4.58e-12	-2.1424e-07	3.1194e-07	-3.121e-07	2.488e-07	4.250000000000001e-12	-2.4876e-07	3.1192e-07	-3.1184e-07	2.7958e-07	2.64e-12	-2.7958e-07	3.121e-07	-3.1202e-07	3.0316e-07	4.800000000000001e-12	-3.0202e-07	3.1198e-07	-3.1188e-07	3.3064e-07	2.0500000000000004e-12	-3.3234e-07	3.1182e-07	-3.1182e-07	3.5846e-07	1.91e-12	-3.5948e-07	3.1186e-07	-3.1194e-07	3.7902e-07	3.680000000000001e-12	-3.8e-07	3.1206e-07	-3.12e-07
0.105	1.11565e-08	4.68e-12	-1.11828e-08	3.1234e-07	-3.1242e-07	8.997419999999998e-08	4.440000000000001e-12	-8.98298e-08	3.12e-07	-3.1216e-07	1.5488e-07	4.47e-12	-1.5564e-07	3.1204e-07	-3.1204e-07	2.0752e-07	4.090000000000001e-12	-2.0652e-07	3.1192e-07	-3.1188e-07	2.509e-07	3.85e-12	-2.507e-07	3.1194e-07	-3.121e-07	2.9022e-07	2.44e-12	-2.908e-07	3.1216e-07	-3.1188e-07	3.244e-07	2.85e-12	-3.2466e-07	3.1204e-07	-3.1182e-07	3.5166e-07	3.76e-12	-3.517e-07	3.1192e-07	-3.1192e-07	3.866e-07	4.440000000000001e-12	-3.871e-07	3.1204e-07	-3.1182e-07	4.1946e-07	2.37e-12	-4.1934e-07	3.1176e-07	-3.1188e-07	4.4294e-07	3.1400000000000004e-12	-4.4222e-07	3.1186e-07	-3.12e-07
0.11	1.15007e-08	5.8e-12	-1.3062799999999998e-08	3.1218e-07	-3.1226e-07	1.04669e-07	9.52e-12	-1.0514320000000001e-07	3.1204e-07	-3.1206e-07	1.8054e-07	6.2e-12	-1.8038e-07	3.1216e-07	-3.1222e-07	2.3992e-07	5.33e-12	-2.407e-07	3.1192e-07	-3.1196e-07	2.9114e-07	3.97e-12	-2.9148e-07	3.1208e-07	-3.1184e-07	3.3744e-07	3.46e-12	-3.374e-07	3.119e-07	-3.1196e-07	3.7826e-07	3.13e-12	-3.775e-07	3.1206e-07	-3.1206e-07	4.0974e-07	3.8300000000000004e-12	-4.099e-07	3.1194e-07	-3.1206e-07	4.4976e-07	3.51e-12	-4.4828e-07	3.121e-07	-3.1202e-07	4.8726e-07	2.2200000000000002e-12	-4.8678e-07	3.1184e-07	-3.12e-07	5.1442e-07	4.250000000000001e-12	-5.147e-07	3.1182e-07	-3.1178e-07
0.115	1.43904e-08	5.34e-12	-1.4556799999999998e-08	3.1238e-07	-3.123e-07	1.2296e-07	2.6100000000000004e-12	-1.2294e-07	3.1216e-07	-3.1224e-07	2.103e-07	6.26e-12	-2.0972e-07	3.1222e-07	-3.1202e-07	2.8034e-07	5.930000000000001e-12	-2.8132e-07	3.1216e-07	-3.122e-07	3.3906e-07	5.910000000000001e-12	-3.3934e-07	3.1196e-07	-3.1182e-07	3.934e-07	3.0600000000000007e-12	-3.935e-07	3.1196e-07	-3.119e-07	4.3978e-07	4.190000000000001e-12	-4.3812e-07	3.1208e-07	-3.12e-07	4.7732e-07	2.5500000000000002e-12	-4.7678e-07	3.1194e-07	-3.1192e-07	5.2216e-07	4.46e-12	-5.2314e-07	3.1204e-07	-3.12e-07	5.6612e-07	4.200000000000001e-12	-5.666e-07	3.1192e-07	-3.1182e-07	5.9942e-07	4e-12	-5.9986e-07	3.1186e-07	-3.1202e-07
0.12	1.5886799999999998e-08	6.7200000000000004e-12	-1.60792e-08	3.1214e-07	-3.1206e-07	1.4436e-07	5.74e-12	-1.4264e-07	3.1206e-07	-3.1222e-07	2.4512e-07	5.44e-12	-2.4516e-07	3.1228e-07	-3.1206e-07	3.2642e-07	5.24e-12	-3.2696e-07	3.121e-07	-3.121e-07	3.947e-07	4.77e-12	-3.943e-07	3.1206e-07	-3.1206e-07	4.5766e-07	5.160000000000001e-12	-4.572e-07	3.1216e-07	-3.1194e-07	5.1046e-07	5.200000000000001e-12	-5.099e-07	3.1188e-07	-3.1184e-07	5.5384e-07	3.9e-12	-5.5556e-07	3.1206e-07	-3.1186e-07	6.0846e-07	4.82e-12	-6.098e-07	3.1188e-07	-3.1184e-07	6.5956e-07	4.42e-12	-6.597e-07	3.1204e-07	-3.1202e-07	6.9524e-07	3.0800000000000002e-12	-6.9452e-07	3.1184e-07	-3.1202e-07
0.125	1.95646e-08	7.460000000000003e-12	-1.93688e-08	3.1232e-07	-3.1238e-07	1.6656e-07	8.16e-12	-1.663e-07	3.1214e-07	-3.1198e-07	2.8566e-07	5.94e-12	-2.8594e-07	3.12e-07	-3.1202e-07	3.7878e-07	5.89e-12	-3.8166e-07	3.1192e-07	-3.119e-07	4.5992e-07	6.830000000000001e-12	-4.6086e-07	3.1194e-07	-3.1202e-07	5.3346e-07	5.9700000000000014e-12	-5.3242e-07	3.1186e-07	-3.1208e-07	5.9592e-07	5.620000000000001e-12	-5.9548e-07	3.1186e-07	-3.1206e-07	6.459e-07	5.360000000000001e-12	-6.4462e-07	3.1214e-07	-3.1208e-07	7.099599999999999e-07	3.81e-12	-7.098e-07	3.121e-07	-3.1202e-07	7.6616e-07	5.24e-12	-7.672999999999999e-07	3.1202e-07	-3.1192e-07	8.087599999999999e-07	3.85e-12	-8.077e-07	3.1182e-07	-3.1198e-07
0.13	2.16408e-08	7.75e-12	-2.28512e-08	3.121e-07	-3.1222e-07	1.9568e-07	9.87e-12	-1.9486e-07	3.1214e-07	-3.1228e-07	3.3138e-07	5.3000000000000004e-12	-3.3078e-07	3.1208e-07	-3.1194e-07	4.4048e-07	5.880000000000001e-12	-4.426e-07	3.1204e-07	-3.121e-07	5.344e-07	7.07e-12	-5.3606e-07	3.1214e-07	-3.1196e-07	6.1922e-07	5.470000000000001e-12	-6.172e-07	3.1214e-07	-3.1208e-07	6.924999999999999e-07	5.07e-12	-6.9008e-07	3.1202e-07	-3.1188e-07	7.4916e-07	5.29e-12	-7.494e-07	3.1206e-07	-3.1188e-07	8.232e-07	5.560000000000001e-12	-8.211e-07	3.1176e-07	-3.1196e-07	8.9038e-07	5.470000000000001e-12	-8.9256e-07	3.1186e-07	-3.1176e-07	9.4108e-07	2.8300000000000007e-12	-9.4172e-07	3.1188e-07	-3.12e-07
0.135	2.56574e-08	8.890000000000003e-12	-2.57718e-08	3.124e-07	-3.123e-07	2.283e-07	7.200000000000001e-12	-2.264e-07	3.1206e-07	-3.1196e-07	3.8586e-07	5.24e-12	-3.8492e-07	3.1222e-07	-3.1202e-07	5.144e-07	6.4800000000000015e-12	-5.1616e-07	3.1196e-07	-3.1192e-07	6.2436e-07	6.36e-12	-6.2326e-07	3.1192e-07	-3.1184e-07	7.2042e-07	7.240000000000001e-12	-7.1846e-07	3.1194e-07	-3.119e-07	8.0404e-07	6.1600000000000004e-12	-8.015599999999999e-07	3.1212e-07	-3.1194e-07	8.7162e-07	5.74e-12	-8.7378e-07	3.119e-07	-3.1184e-07	9.5754e-07	5.110000000000001e-12	-9.5936e-07	3.1182e-07	-3.1178e-07	1.03676e-06	5.53e-12	-1.03702e-06	3.1204e-07	-3.1202e-07	1.09418e-06	3.840000000000001e-12	-1.09416e-06	3.1204e-07	-3.118e-07
0.14	2.88498e-08	9.13e-12	-2.85726e-08	3.1234e-07	-3.121e-07	2.635e-07	8.61e-12	-2.6656e-07	3.1206e-07	-3.12e-07	4.5044e-07	7.560000000000003e-12	-4.5062e-07	3.122e-07	-3.12e-07	5.9838e-07	7.45e-12	-5.9792e-07	3.1214e-07	-3.1214e-07	7.252e-07	7.29e-12	-7.2618e-07	3.122e-07	-3.1218e-07	8.3872e-07	6.91e-12	-8.3478e-07	3.1208e-07	-3.118e-07	9.3444e-07	7.050000000000001e-12	-9.3516e-07	3.1182e-07	-3.1184e-07	1.01456e-06	5.810000000000001e-12	-1.01488e-06	3.121e-07	-3.1214e-07	1.1139e-06	5.63e-12	-1.1121e-06	3.1192e-07	-3.1178e-07	1.2049e-06	4.68e-12	-1.2038e-06	3.1188e-07	-3.118e-07	1.2768000000000002e-06	5.470000000000001e-12	-1.273e-06	3.1202e-07	-3.1196e-07
0.145	3.2088599999999995e-08	9.31e-12	-3.50792e-08	3.122e-07	-3.1218e-07	3.0846e-07	7.61e-12	-3.1076e-07	3.1212e-07	-3.1218e-07	5.2336e-07	7.990000000000001e-12	-5.2186e-07	3.12e-07	-3.1216e-07	6.991e-07	6.6800000000000014e-12	-6.9776e-07	3.1194e-07	-3.1196e-07	8.436e-07	6.09e-12	-8.4892e-07	3.1216e-07	-3.1196e-07	9.73e-07	6.61e-12	-9.7062e-07	3.1194e-07	-3.1194e-07	1.08906e-06	6.490000000000001e-12	-1.08562e-06	3.1206e-07	-3.1186e-07	1.1838000000000002e-06	6.86e-12	-1.1825e-06	3.1212e-07	-3.1192e-07	1.2978e-06	5.360000000000001e-12	-1.2954e-06	3.1204e-07	-3.1198e-07	1.3994e-06	5.620000000000001e-12	-1.4060000000000002e-06	3.1206e-07	-3.1184e-07	1.4803000000000005e-06	5.880000000000001e-12	-1.4775000000000005e-06	3.12e-07	-3.1178e-07
0.15	3.9191e-08	8.76e-12	-3.75462e-08	3.1232e-07	-3.1214e-07	3.6066e-07	6.620000000000001e-12	-3.6314e-07	3.12e-07	-3.1222e-07	6.0352e-07	8.780000000000001e-12	-6.0766e-07	3.1202e-07	-3.1216e-07	8.1e-07	6.91e-12	-8.08e-07	3.1214e-07	-3.1196e-07	9.8132e-07	7.0900000000000015e-12	-9.8468e-07	3.1192e-07	-3.1208e-07	1.12814e-06	6.3e-12	-1.13052e-06	3.119e-07	-3.1212e-07	1.2648000000000002e-06	7.32e-12	-1.267e-06	3.1188e-07	-3.1184e-07	1.376e-06	6.790000000000001e-12	-1.3737e-06	3.1188e-07	-3.1188e-07	1.5080000000000002e-06	7.39e-12	-1.5089e-06	3.1184e-07	-3.1178e-07	1.6295000000000002e-06	6.880000000000001e-12	-1.6264000000000002e-06	3.1186e-07	-3.118e-07	1.7148e-06	4.97e-12	-1.7108000000000002e-06	3.1206e-07	-3.1204e-07
0.155	4.314339999999999e-08	1.128e-11	-4.396639999999999e-08	3.1238e-07	-3.1216e-07	4.1998e-07	8.42e-12	-4.1812e-07	3.121e-07	-3.1212e-07	7.0666e-07	9.35e-12	-7.0522e-07	3.1204e-07	-3.12e-07	9.3762e-07	6.520000000000001e-12	-9.3898e-07	3.1216e-07	-3.119e-07	1.14106e-06	7.880000000000001e-12	-1.14092e-06	3.1192e-07	-3.1194e-07	1.3149e-06	7.670000000000001e-12	-1.3097e-06	3.1194e-07	-3.1186e-07	1.4701e-06	7.570000000000003e-12	-1.4665e-06	3.1194e-07	-3.119e-07	1.5954000000000002e-06	7.040000000000001e-12	-1.6013000000000002e-06	3.1182e-07	-3.1202e-07	1.7539000000000005e-06	7.2300000000000005e-12	-1.7502000000000002e-06	3.1188e-07	-3.1202e-07	1.8904e-06	7.580000000000001e-12	-1.8904e-06	3.1186e-07	-3.1182e-07	1.9884000000000003e-06	6.130000000000001e-12	-1.987e-06	3.1178e-07	-3.1174e-07
0.16	5.26774e-08	1.13e-11	-5.084099999999999e-08	3.122e-07	-3.123e-07	4.8574e-07	9.000000000000001e-12	-4.9072e-07	3.1232e-07	-3.1214e-07	8.216399999999999e-07	9.86e-12	-8.186e-07	3.1204e-07	-3.1202e-07	1.10076e-06	8.810000000000001e-12	-1.09422e-06	3.119e-07	-3.1208e-07	1.3357000000000002e-06	8.15e-12	-1.3315e-06	3.1188e-07	-3.1206e-07	1.5293e-06	7.760000000000002e-12	-1.5266e-06	3.1192e-07	-3.1206e-07	1.7087000000000005e-06	7.29e-12	-1.704e-06	3.1192e-07	-3.1184e-07	1.8565e-06	6.8700000000000004e-12	-1.859e-06	3.1206e-07	-3.12e-07	2.0322e-06	7.200000000000001e-12	-2.0321000000000004e-06	3.1198e-07	-3.118e-07	2.1976000000000004e-06	6.71e-12	-2.1947000000000003e-06	3.1198e-07	-3.1206e-07	2.318e-06	6.7e-12	-2.3153e-06	3.118e-07	-3.1176e-07
0.165	5.895459999999999e-08	1.075e-11	-5.9575199999999993e-08	3.124e-07	-3.123e-07	5.6844e-07	1.07e-11	-5.6952e-07	3.1222e-07	-3.119e-07	9.5246e-07	1.016e-11	-9.527e-07	3.1198e-07	-3.1222e-07	1.2790000000000002e-06	8.710000000000001e-12	-1.2813e-06	3.1204e-07	-3.1212e-07	1.5461e-06	7.34e-12	-1.5475000000000002e-06	3.1214e-07	-3.1196e-07	1.7702000000000002e-06	7.780000000000001e-12	-1.7722000000000002e-06	3.121e-07	-3.1212e-07	1.9805000000000004e-06	7.84e-12	-1.9843e-06	3.1186e-07	-3.1186e-07	2.1570000000000003e-06	6.46e-12	-2.1617000000000004e-06	3.1186e-07	-3.119e-07	2.3611e-06	8.21e-12	-2.3620000000000004e-06	3.1202e-07	-3.118e-07	2.5491000000000003e-06	7.27e-12	-2.5443000000000004e-06	3.1202e-07	-3.12e-07	2.6874000000000003e-06	7.780000000000001e-12	-2.6902e-06	3.12e-07	-3.1198e-07
0.17	6.89486e-08	1.24e-11	-6.79564e-08	3.1224e-07	-3.1212e-07	6.593e-07	1.3580000000000002e-11	-6.5858e-07	3.1206e-07	-3.1212e-07	1.1067e-06	1.009e-11	-1.10966e-06	3.12e-07	-3.1194e-07	1.4857000000000002e-06	9.83e-12	-1.4883000000000002e-06	3.121e-07	-3.1208e-07	1.8058e-06	8.41e-12	-1.8016000000000005e-06	3.1212e-07	-3.1188e-07	2.0684000000000004e-06	8.700000000000001e-12	-2.0592e-06	3.1198e-07	-3.121e-07	2.3132e-06	8.280000000000003e-12	-2.3054000000000004e-06	3.1194e-07	-3.119e-07	2.5062e-06	9.73e-12	-2.5048e-06	3.1202e-07	-3.1186e-07	2.7460000000000005e-06	8.63e-12	-2.7440000000000003e-06	3.12e-07	-3.1202e-07	2.9640000000000003e-06	7.660000000000002e-12	-2.9603000000000003e-06	3.118e-07	-3.1196e-07	3.1231e-06	8.72e-12	-3.1284000000000004e-06	3.117e-07	-3.1174e-07
0.175	7.79456e-08	1.343e-11	-7.6705e-08	3.1236e-07	-3.121e-07	7.6614e-07	1.292e-11	-7.648e-07	3.1204e-07	-3.1196e-07	1.2875000000000002e-06	1.014e-11	-1.2839e-06	3.1204e-07	-3.1196e-07	1.7153e-06	1.1e-11	-1.7216000000000002e-06	3.1198e-07	-3.1212e-07	2.092e-06	1.0340000000000002e-11	-2.1e-06	3.1194e-07	-3.1208e-07	2.3911000000000003e-06	8.810000000000001e-12	-2.3899e-06	3.1192e-07	-3.1188e-07	2.6753000000000005e-06	1.048e-11	-2.6833e-06	3.1206e-07	-3.1208e-07	2.922e-06	9.61e-12	-2.9177000000000005e-06	3.121e-07	-3.1206e-07	3.1804000000000005e-06	8.22e-12	-3.1832000000000003e-06	3.1192e-07	-3.1206e-07	3.4358e-06	7.470000000000003e-12	-3.434800000000001e-06	3.1198e-07	-3.12e-07	3.6296e-06	9.690000000000003e-12	-3.622500000000001e-06	3.1198e-07	-3.1198e-07
0.18	8.74124e-08	1.239e-11	-8.941159999999999e-08	3.1216e-07	-3.1236e-07	8.945e-07	1.163e-11	-8.8942e-07	3.1224e-07	-3.1218e-07	1.5005e-06	1.0840000000000001e-11	-1.4948e-06	3.121e-07	-3.1202e-07	2.0011e-06	9.990000000000002e-12	-2.0050000000000003e-06	3.1194e-07	-3.1196e-07	2.4394000000000003e-06	1.0850000000000002e-11	-2.4297e-06	3.1194e-07	-3.1198e-07	2.7804e-06	1.016e-11	-2.7660000000000003e-06	3.1206e-07	-3.1186e-07	3.1245000000000003e-06	9.97e-12	-3.1069000000000003e-06	3.1194e-07	-3.1212e-07	3.3935e-06	8.480000000000001e-12	-3.3947000000000003e-06	3.1206e-07	-3.1202e-07	3.703e-06	9.500000000000001e-12	-3.7051e-06	3.12e-07	-3.1194e-07	3.988400000000001e-06	9.500000000000001e-12	-3.991100000000001e-06	3.1178e-07	-3.12e-07	4.214400000000001e-06	9.400000000000001e-12	-4.210500000000001e-06	3.1206e-07	-3.1176e-07
0.185	9.91044e-08	1.624e-11	-9.826399999999999e-08	3.1218e-07	-3.1218e-07	1.03942e-06	1.172e-11	-1.038e-06	3.1224e-07	-3.1222e-07	1.7308000000000002e-06	1.19e-11	-1.7403e-06	3.1212e-07	-3.1214e-07	2.3155e-06	1.26e-11	-2.3205e-06	3.1192e-07	-3.1214e-07	2.8257000000000003e-06	1.153e-11	-2.8211000000000004e-06	3.1208e-07	-3.1202e-07	3.21e-06	1.134e-11	-3.2178000000000003e-06	3.1188e-07	-3.1188e-07	3.617900000000001e-06	1.063e-11	-3.6127e-06	3.1214e-07	-3.1188e-07	3.9339000000000006e-06	9.42e-12	-3.9218e-06	3.1182e-07	-3.12e-07	4.29e-06	9.83e-12	-4.2873e-06	3.1188e-07	-3.1198e-07	4.6271e-06	9.280000000000001e-12	-4.6287e-06	3.1198e-07	-3.1196e-07	4.882300000000001e-06	9.48e-12	-4.8914e-06	3.1194e-07	-3.12e-07
0.19	1.125516e-07	1.5070000000000003e-11	-1.0817400000000001e-07	3.1216e-07	-3.1214e-07	1.2003000000000002e-06	1.3680000000000001e-11	-1.2057000000000002e-06	3.1226e-07	-3.1228e-07	2.0171e-06	1.295e-11	-2.0141000000000003e-06	3.1204e-07	-3.1198e-07	2.6949e-06	1.344e-11	-2.6907000000000003e-06	3.1216e-07	-3.1208e-07	3.2829000000000004e-06	1.241e-11	-3.284e-06	3.1192e-07	-3.121e-07	3.74e-06	1.279e-11	-3.739000000000001e-06	3.1198e-07	-3.1192e-07	4.197400000000001e-06	1.1550000000000001e-11	-4.1794e-06	3.1186e-07	-3.1184e-07	4.5508000000000005e-06	1.0640000000000002e-11	-4.5583e-06	3.1186e-07	-3.118e-07	4.9842000000000005e-06	9.12e-12	-4.9826e-06	3.1186e-07	-3.12e-07	5.3704e-06	9.49e-12	-5.3697e-06	3.1206e-07	-3.12e-07	5.6864e-06	1.16e-11	-5.6844e-06	3.1204e-07	-3.1176e-07
0.195	1.1500840000000001e-07	1.5980000000000003e-11	-1.215e-07	3.1246e-07	-3.1224e-07	1.3983000000000002e-06	1.438e-11	-1.3908e-06	3.122e-07	-3.1196e-07	2.3278000000000004e-06	1.433e-11	-2.3328000000000003e-06	3.1226e-07	-3.1206e-07	3.1210000000000003e-06	1.362e-11	-3.1171e-06	3.1212e-07	-3.1192e-07	3.819600000000001e-06	1.286e-11	-3.8019e-06	3.12e-07	-3.1212e-07	4.3337000000000005e-06	1.21e-11	-4.332300000000001e-06	3.1194e-07	-3.1206e-07	4.8523e-06	1.134e-11	-4.855e-06	3.119e-07	-3.1184e-07	5.278e-06	9.800000000000001e-12	-5.2804e-06	3.1186e-07	-3.1188e-07	5.767300000000001e-06	1.118e-11	-5.759e-06	3.118e-07	-3.1178e-07	6.218900000000001e-06	1.126e-11	-6.217800000000001e-06	3.118e-07	-3.1196e-07	6.5773000000000005e-06	9.83e-12	-6.563600000000001e-06	3.1192e-07	-3.1178e-07
0.2	1.3366e-07	1.823e-11	-1.3876e-07	3.1236e-07	-3.1232e-07	1.6103e-06	1.478e-11	-1.6118000000000002e-06	3.1224e-07	-3.1226e-07	2.7033000000000004e-06	1.6270000000000002e-11	-2.7062000000000004e-06	3.122e-07	-3.1214e-07	3.6051e-06	1.508e-11	-3.628300000000001e-06	3.1196e-07	-3.1208e-07	4.421100000000001e-06	1.511e-11	-4.4260000000000005e-06	3.1206e-07	-3.119e-07	5.0123e-06	1.414e-11	-5.0293e-06	3.1206e-07	-3.1202e-07	5.631400000000001e-06	1.173e-11	-5.625900000000001e-06	3.1194e-07	-3.1194e-07	6.132800000000001e-06	1.193e-11	-6.1349e-06	3.1186e-07	-3.1184e-07	6.694000000000001e-06	1.1e-11	-6.692600000000001e-06	3.12e-07	-3.1184e-07	7.203900000000001e-06	1.21e-11	-7.238100000000002e-06	3.1202e-07	-3.118e-07	7.625600000000002e-06	1.11e-11	-7.6061e-06	3.118e-07	-3.1188e-07
0.205	1.496e-07	1.739e-11	-1.5096e-07	3.1216e-07	-3.1218e-07	1.8797e-06	1.519e-11	-1.8629e-06	3.1206e-07	-3.1208e-07	3.1307000000000004e-06	1.6030000000000002e-11	-3.1351000000000003e-06	3.1222e-07	-3.1218e-07	4.187000000000001e-06	1.6140000000000002e-11	-4.1834000000000005e-06	3.1216e-07	-3.12e-07	5.1213e-06	1.4560000000000003e-11	-5.114100000000001e-06	3.12e-07	-3.121e-07	5.822300000000001e-06	1.548e-11	-5.8151e-06	3.1214e-07	-3.119e-07	6.510900000000001e-06	1.402e-11	-6.515900000000001e-06	3.1188e-07	-3.119e-07	7.110200000000001e-06	1.3680000000000001e-11	-7.1069000000000005e-06	3.1192e-07	-3.1186e-07	7.7336e-06	1.2e-11	-7.735700000000001e-06	3.1182e-07	-3.1196e-07	8.3496e-06	1.249e-11	-8.3326e-06	3.1192e-07	-3.119e-07	8.7921e-06	1.162e-11	-8.791200000000001e-06	3.1186e-07	-3.1192e-07
0.21	1.654e-07	1.959e-11	-1.7502e-07	3.1238e-07	-3.1214e-07	2.1542e-06	1.54e-11	-2.1515e-06	3.1224e-07	-3.1224e-07	3.614200000000001e-06	1.701e-11	-3.6304e-06	3.1206e-07	-3.12e-07	4.8718000000000005e-06	1.551e-11	-4.8683000000000005e-06	3.1212e-07	-3.1212e-07	5.939300000000001e-06	1.482e-11	-5.929900000000001e-06	3.1216e-07	-3.1208e-07	6.749800000000001e-06	1.5340000000000002e-11	-6.741700000000001e-06	3.1192e-07	-3.1204e-07	7.5503e-06	1.424e-11	-7.5698e-06	3.1184e-07	-3.1184e-07	8.252000000000002e-06	1.372e-11	-8.2292e-06	3.12e-07	-3.1178e-07	8.967200000000001e-06	1.3500000000000002e-11	-8.934700000000001e-06	3.1184e-07	-3.1184e-07	9.6625e-06	1.391e-11	-9.6609e-06	3.119e-07	-3.1202e-07	1.02003e-05	1.046e-11	-1.0212000000000001e-05	3.1176e-07	-3.1184e-07
0.215	1.889e-07	2.032e-11	-1.8926e-07	3.1234e-07	-3.1228e-07	2.4824e-06	1.7960000000000002e-11	-2.4737e-06	3.1224e-07	-3.123e-07	4.2034e-06	1.931e-11	-4.2061e-06	3.1202e-07	-3.1198e-07	5.622200000000001e-06	1.812e-11	-5.599300000000001e-06	3.1198e-07	-3.1208e-07	6.8585000000000005e-06	1.613e-11	-6.850900000000001e-06	3.1204e-07	-3.1192e-07	7.7857e-06	1.795e-11	-7.790600000000001e-06	3.1206e-07	-3.1196e-07	8.757000000000001e-06	1.447e-11	-8.7297e-06	3.1206e-07	-3.1212e-07	9.5181e-06	1.5250000000000002e-11	-9.5071e-06	3.118e-07	-3.118e-07	1.03532e-05	1.276e-11	-1.0339600000000002e-05	3.1196e-07	-3.119e-07	1.1143000000000002e-05	1.391e-11	-1.1159200000000002e-05	3.1188e-07	-3.1182e-07	1.178e-05	1.457e-11	-1.1768e-05	3.1176e-07	-3.119e-07
0.22	2.1278e-07	2.049e-11	-2.0672e-07	3.1216e-07	-3.124e-07	2.8470000000000004e-06	1.983e-11	-2.8714e-06	3.1222e-07	-3.1206e-07	4.8554e-06	1.934e-11	-4.8551e-06	3.1198e-07	-3.1218e-07	6.507200000000001e-06	1.931e-11	-6.5139e-06	3.1198e-07	-3.1194e-07	7.925100000000001e-06	1.728e-11	-7.9671e-06	3.1198e-07	-3.1192e-07	9.0192e-06	1.7650000000000002e-11	-9.0359e-06	3.12e-07	-3.1188e-07	1.0077700000000002e-05	1.56e-11	-1.01307e-05	3.1194e-07	-3.1212e-07	1.10112e-05	1.575e-11	-1.10129e-05	3.1186e-07	-3.1182e-07	1.1974e-05	1.425e-11	-1.1988e-05	3.1198e-07	-3.1178e-07	1.293e-05	1.4650000000000002e-11	-1.2908e-05	3.1178e-07	-3.1178e-07	1.3608e-05	1.3390000000000002e-11	-1.3622e-05	3.1202e-07	-3.1198e-07
0.225	2.2264e-07	2.1900000000000003e-11	-2.2618e-07	3.1214e-07	-3.122e-07	3.2989000000000003e-06	2.142e-11	-3.2960000000000003e-06	3.1204e-07	-3.1194e-07	5.591900000000001e-06	2.03e-11	-5.5799000000000006e-06	3.121e-07	-3.1202e-07	7.475e-06	1.859e-11	-7.4635e-06	3.121e-07	-3.1188e-07	9.169500000000001e-06	1.788e-11	-9.1548e-06	3.122e-07	-3.1216e-07	1.04334e-05	1.737e-11	-1.0406800000000002e-05	3.1182e-07	-3.1182e-07	1.167e-05	1.5850000000000002e-11	-1.1668e-05	3.119e-07	-3.1188e-07	1.273e-05	1.7070000000000002e-11	-1.2688e-05	3.1184e-07	-3.1188e-07	1.3836e-05	1.4670000000000003e-11	-1.3824e-05	3.12e-07	-3.1176e-07	1.4894e-05	1.384e-11	-1.4926e-05	3.1178e-07	-3.118e-07	1.571e-05	1.447e-11	-1.5712e-05	3.118e-07	-3.1178e-07
0.23	2.4796e-07	2.096e-11	-2.4542e-07	3.1216e-07	-3.1242e-07	3.7781e-06	2.252e-11	-3.7912e-06	3.1214e-07	-3.1214e-07	6.450000000000001e-06	2.22e-11	-6.422500000000001e-06	3.122e-07	-3.1222e-07	8.6101e-06	2.028e-11	-8.621800000000001e-06	3.1192e-07	-3.119e-07	1.05708e-05	1.949e-11	-1.0572200000000002e-05	3.1206e-07	-3.119e-07	1.2056e-05	1.9950000000000003e-11	-1.2026e-05	3.1192e-07	-3.1198e-07	1.348e-05	1.8510000000000003e-11	-1.3458e-05	3.1186e-07	-3.1188e-07	1.466e-05	1.661e-11	-1.463e-05	3.121e-07	-3.1202e-07	1.595e-05	1.6230000000000002e-11	-1.5938000000000002e-05	3.118e-07	-3.1184e-07	1.7164e-05	1.6760000000000002e-11	-1.7198e-05	3.1198e-07	-3.1196e-07	1.8144e-05	1.595e-11	-1.8122e-05	3.1188e-07	-3.118e-07
0.235	2.7482e-07	2.4540000000000003e-11	-2.7458e-07	3.1208e-07	-3.1236e-07	4.371700000000001e-06	2.436e-11	-4.3636e-06	3.1208e-07	-3.1226e-07	7.4414e-06	2.3120000000000003e-11	-7.423900000000001e-06	3.1204e-07	-3.1206e-07	9.9791e-06	2.0860000000000003e-11	-9.9743e-06	3.1222e-07	-3.1198e-07	1.219e-05	1.969e-11	-1.2176e-05	3.1198e-07	-3.119e-07	1.3912e-05	1.852e-11	-1.3876e-05	3.1216e-07	-3.1214e-07	1.5568e-05	1.856e-11	-1.5502e-05	3.1212e-07	-3.1202e-07	1.6918e-05	1.87e-11	-1.6926e-05	3.1202e-07	-3.12e-07	1.84e-05	1.808e-11	-1.841e-05	3.1188e-07	-3.118e-07	1.9784e-05	1.755e-11	-1.9792e-05	3.1176e-07	-3.1194e-07	2.0922e-05	1.6960000000000002e-11	-2.092e-05	3.1204e-07	-3.1184e-07
0.24	3.1172e-07	2.711e-11	-3.0392e-07	3.1216e-07	-3.1214e-07	4.9902e-06	2.571e-11	-5.0335e-06	3.1206e-07	-3.1202e-07	8.537600000000001e-06	2.4210000000000003e-11	-8.552500000000002e-06	3.1194e-07	-3.1214e-07	1.14751e-05	2.181e-11	-1.14458e-05	3.1216e-07	-3.1212e-07	1.4054e-05	2.354e-11	-1.4034e-05	3.1206e-07	-3.119e-07	1.605e-05	2.133e-11	-1.6006000000000002e-05	3.1206e-07	-3.1206e-07	1.7868e-05	2.02e-11	-1.7904e-05	3.1204e-07	-3.1206e-07	1.9498e-05	2.043e-11	-1.949e-05	3.1186e-07	-3.1184e-07	2.1192e-05	1.92e-11	-2.1206e-05	3.1188e-07	-3.1186e-07	2.2768e-05	1.8510000000000003e-11	-2.2812e-05	3.1202e-07	-3.1194e-07	2.4144e-05	1.772e-11	-2.4116e-05	3.1182e-07	-3.118e-07
0.245	3.2506e-07	2.879e-11	-3.1936e-07	3.1226e-07	-3.1232e-07	5.7254e-06	2.7780000000000003e-11	-5.7073e-06	3.1214e-07	-3.1208e-07	9.840100000000001e-06	2.5230000000000003e-11	-9.803800000000001e-06	3.1216e-07	-3.12e-07	1.321e-05	2.405e-11	-1.3198e-05	3.1198e-07	-3.1192e-07	1.6218e-05	2.2990000000000003e-11	-1.6154e-05	3.119e-07	-3.1208e-07	1.8454e-05	2.189e-11	-1.847e-05	3.1202e-07	-3.1188e-07	2.0692e-05	2.1e-11	-2.0658e-05	3.1194e-07	-3.119e-07	2.2502e-05	2.118e-11	-2.2474e-05	3.121e-07	-3.1184e-07	2.442e-05	2.081e-11	-2.4392e-05	3.1204e-07	-3.1192e-07	2.6276e-05	2.082e-11	-2.6266e-05	3.1186e-07	-3.1192e-07	2.7776e-05	1.934e-11	-2.7792e-05	3.1172e-07	-3.1192e-07
0.25	3.4068e-07	3.209e-11	-3.4092e-07	3.122e-07	-3.1216e-07	6.560100000000001e-06	3.059e-11	-6.5119e-06	3.1206e-07	-3.12e-07	1.1311400000000002e-05	2.6740000000000003e-11	-1.1308500000000002e-05	3.1204e-07	-3.122e-07	1.5196e-05	2.611e-11	-1.5178e-05	3.1214e-07	-3.1186e-07	1.8572e-05	2.396e-11	-1.864e-05	3.12e-07	-3.1212e-07	2.1238e-05	2.3190000000000003e-11	-2.121e-05	3.1204e-07	-3.1206e-07	2.3756e-05	2.258e-11	-2.3712e-05	3.1186e-07	-3.119e-07	2.5848e-05	2.211e-11	-2.5846e-05	3.1188e-07	-3.1184e-07	2.8082e-05	2.2100000000000003e-11	-2.8064e-05	3.1206e-07	-3.12e-07	3.0182e-05	2.131e-11	-3.013e-05	3.1182e-07	-3.1178e-07	3.1908e-05	2.061e-11	-3.1932e-05	3.118e-07	-3.1188e-07
0.255	3.6958e-07	3.289e-11	-3.6102e-07	3.1214e-07	-3.121e-07	7.4793e-06	3.117e-11	-7.4736e-06	3.1224e-07	-3.122e-07	1.2948e-05	2.9660000000000004e-11	-1.299e-05	3.12e-07	-3.1208e-07	1.7468e-05	2.875e-11	-1.7446000000000002e-05	3.1218e-07	-3.1202e-07	2.1362e-05	2.6360000000000003e-11	-2.1356e-05	3.1198e-07	-3.1212e-07	2.4426e-05	2.471e-11	-2.4422e-05	3.121e-07	-3.1208e-07	2.7258e-05	2.59e-11	-2.7286e-05	3.1192e-07	-3.1198e-07	2.9744e-05	2.377e-11	-2.9756e-05	3.1186e-07	-3.1188e-07	3.2304e-05	2.32e-11	-3.2306e-05	3.1188e-07	-3.1188e-07	3.4716000000000004e-05	2.242e-11	-3.4672e-05	3.12e-07	-3.118e-07	3.6798e-05	2.107e-11	-3.6764e-05	3.1182e-07	-3.1192e-07
0.26	3.5382e-07	3.3960000000000005e-11	-3.4766e-07	3.1214e-07	-3.1206e-07	8.5792e-06	3.3700000000000004e-11	-8.493000000000002e-06	3.122e-07	-3.1208e-07	1.4854e-05	3.02e-11	-1.479e-05	3.1198e-07	-3.12e-07	2.0018e-05	2.9880000000000004e-11	-2.0036e-05	3.12e-07	-3.1214e-07	2.4434e-05	2.7670000000000003e-11	-2.4468e-05	3.1198e-07	-3.1214e-07	2.8046e-05	2.5630000000000003e-11	-2.7988e-05	3.122e-07	-3.1212e-07	3.1208000000000003e-05	2.671e-11	-3.1288e-05	3.1206e-07	-3.119e-07	3.4158e-05	2.435e-11	-3.4122e-05	3.1182e-07	-3.1208e-07	3.7084e-05	2.4450000000000003e-11	-3.7022e-05	3.1204e-07	-3.1206e-07	3.976e-05	2.3900000000000003e-11	-3.9768e-05	3.1182e-07	-3.1178e-07	4.2192e-05	2.342e-11	-4.2188e-05	3.1202e-07	-3.1194e-07
0.265	3.89e-07	3.719e-11	-3.8448e-07	3.1238e-07	-3.1232e-07	9.7127e-06	3.486e-11	-9.755900000000001e-06	3.121e-07	-3.1218e-07	1.6908e-05	3.264e-11	-1.6964000000000002e-05	3.1196e-07	-3.122e-07	2.3034e-05	3.0680000000000004e-11	-2.2938e-05	3.1192e-07	-3.1214e-07	2.8022e-05	3.078e-11	-2.8038e-05	3.118e-07	-3.1206e-07	3.2168e-05	2.804e-11	-3.2194000000000004e-05	3.1204e-07	-3.1206e-07	3.5888e-05	2.779e-11	-3.5826e-05	3.1182e-07	-3.1206e-07	3.9172e-05	2.642e-11	-3.9216e-05	3.1184e-07	-3.119e-07	4.2498e-05	2.4230000000000003e-11	-4.258e-05	3.1206e-07	-3.1196e-07	4.5684e-05	2.488e-11	-4.5648e-05	3.1184e-07	-3.1184e-07	4.842e-05	2.48e-11	-4.8442e-05	3.1198e-07	-3.1176e-07
0.27	3.8488e-07	3.828e-11	-3.7898e-07	3.1214e-07	-3.1216e-07	1.1086000000000002e-05	3.6800000000000005e-11	-1.1034800000000001e-05	3.1228e-07	-3.1222e-07	1.9414e-05	3.402e-11	-1.9392e-05	3.1204e-07	-3.1202e-07	2.6268e-05	3.2690000000000006e-11	-2.6224e-05	3.1216e-07	-3.1214e-07	3.2078e-05	3.267e-11	-3.2104e-05	3.1186e-07	-3.1184e-07	3.6788e-05	3.033e-11	-3.6848e-05	3.1206e-07	-3.1208e-07	4.1058e-05	2.932e-11	-4.1026e-05	3.1206e-07	-3.1182e-07	4.4862e-05	2.783e-11	-4.4918e-05	3.1214e-07	-3.1208e-07	4.8674e-05	2.646e-11	-4.8694000000000005e-05	3.1202e-07	-3.1202e-07	5.223e-05	2.579e-11	-5.2244e-05	3.1182e-07	-3.1198e-07	5.5372e-05	2.588e-11	-5.5378e-05	3.1182e-07	-3.1178e-07
0.275	3.8214e-07	4.2770000000000005e-11	-3.8482e-07	3.1238e-07	-3.1216e-07	1.2576e-05	4.031e-11	-1.2496e-05	3.1206e-07	-3.1206e-07	2.2128e-05	3.6660000000000006e-11	-2.2086e-05	3.1214e-07	-3.1206e-07	3.0016e-05	3.4320000000000004e-11	-2.995e-05	3.1196e-07	-3.1198e-07	3.6756e-05	3.358e-11	-3.6658e-05	3.1196e-07	-3.1192e-07	4.2162e-05	3.3670000000000005e-11	-4.2146e-05	3.1198e-07	-3.1188e-07	4.7074e-05	2.994e-11	-4.712e-05	3.121e-07	-3.1194e-07	5.1428e-05	3.085e-11	-5.1434e-05	3.1194e-07	-3.12e-07	5.5768e-05	2.812e-11	-5.5754e-05	3.1206e-07	-3.119e-07	5.987e-05	2.8380000000000003e-11	-5.9810000000000005e-05	3.118e-07	-3.117e-07	6.3476e-05	2.841e-11	-6.3458e-05	3.1186e-07	-3.1204e-07
0.28	3.695e-07	4.524e-11	-3.6486e-07	3.1236e-07	-3.1232e-07	1.4102e-05	4.152e-11	-1.413e-05	3.1216e-07	-3.1222e-07	2.5106e-05	3.989e-11	-2.519e-05	3.1198e-07	-3.1198e-07	3.4332e-05	3.7750000000000005e-11	-3.4176e-05	3.119e-07	-3.1214e-07	4.1868e-05	3.7420000000000005e-11	-4.1924e-05	3.119e-07	-3.1184e-07	4.8108e-05	3.4800000000000005e-11	-4.8116000000000005e-05	3.1212e-07	-3.1202e-07	5.3712e-05	3.245e-11	-5.3724e-05	3.1188e-07	-3.1188e-07	5.8746e-05	3.3810000000000004e-11	-5.8738e-05	3.1184e-07	-3.1202e-07	6.3698e-05	3.0870000000000006e-11	-6.3698e-05	3.118e-07	-3.1184e-07	6.8396e-05	3.015e-11	-6.829e-05	3.118e-07	-3.12e-07	7.2392e-05	2.874e-11	-7.243600000000002e-05	3.1202e-07	-3.118e-07
0.285	3.4004e-07	4.768e-11	-3.4488e-07	3.1218e-07	-3.123e-07	1.6046000000000002e-05	4.501e-11	-1.6064e-05	3.1228e-07	-3.1208e-07	2.8708e-05	4.251e-11	-2.8716e-05	3.1224e-07	-3.1202e-07	3.901e-05	4.097e-11	-3.898e-05	3.1212e-07	-3.1194e-07	4.7746e-05	3.7930000000000005e-11	-4.7752e-05	3.1188e-07	-3.1208e-07	5.4982e-05	3.6800000000000005e-11	-5.5012e-05	3.1198e-07	-3.119e-07	6.145e-05	3.495e-11	-6.145200000000001e-05	3.1206e-07	-3.1208e-07	6.7154e-05	3.511e-11	-6.713200000000001e-05	3.1188e-07	-3.1186e-07	7.270800000000001e-05	3.424e-11	-7.2774e-05	3.1208e-07	-3.1198e-07	7.8134e-05	3.193e-11	-7.8046e-05	3.12e-07	-3.1174e-07	8.286e-05	3.153e-11	-8.2808e-05	3.1204e-07	-3.1188e-07
0.29	3.2812e-07	5.186e-11	-3.242e-07	3.1204e-07	-3.1208e-07	1.8144e-05	4.692e-11	-1.8148e-05	3.1228e-07	-3.123e-07	3.2588e-05	4.505e-11	-3.2526e-05	3.1204e-07	-3.122e-07	4.434e-05	4.382e-11	-4.4396e-05	3.1198e-07	-3.1208e-07	5.4282e-05	3.9830000000000006e-11	-5.4252e-05	3.1216e-07	-3.1218e-07	6.2576e-05	3.929e-11	-6.261400000000001e-05	3.1204e-07	-3.121e-07	7.0004e-05	3.693e-11	-6.999e-05	3.121e-07	-3.1186e-07	7.654600000000002e-05	3.7e-11	-7.6532e-05	3.1182e-07	-3.1176e-07	8.2944e-05	3.6180000000000005e-11	-8.2842e-05	3.1182e-07	-3.1184e-07	8.894e-05	3.365e-11	-8.8876e-05	3.1184e-07	-3.1194e-07	9.4336e-05	3.4390000000000004e-11	-9.433e-05	3.1186e-07	-3.1178e-07
0.295	2.7304e-07	5.389000000000001e-11	-2.7088e-07	3.1218e-07	-3.1202e-07	2.0478e-05	4.95e-11	-2.052e-05	3.121e-07	-3.1206e-07	3.6898e-05	4.943e-11	-3.6928e-05	3.12e-07	-3.1216e-07	5.0456e-05	4.614e-11	-5.0366e-05	3.1216e-07	-3.1206e-07	6.1834e-05	4.29e-11	-6.1846e-05	3.1196e-07	-3.1218e-07	7.127400000000001e-05	4.091e-11	-7.1368e-05	3.1208e-07	-3.1202e-07	7.9802e-05	4.0660000000000005e-11	-7.975e-05	3.121e-07	-3.1196e-07	8.7212e-05	3.733e-11	-8.7264e-05	3.121e-07	-3.1198e-07	9.4494e-05	3.799e-11	-9.446e-05	3.1204e-07	-3.1202e-07	0.000101248	3.682e-11	-0.00010125	3.1178e-07	-3.12e-07	0.000107572	3.5890000000000005e-11	-0.000107454	3.1172e-07	-3.1178e-07
0.3	2.0912e-07	5.79e-11	-2.0186e-07	3.121e-07	-3.1222e-07	2.3152e-05	5.354e-11	-2.325e-05	3.121e-07	-3.123e-07	4.178e-05	5.069e-11	-4.18e-05	3.1204e-07	-3.12e-07	5.7116e-05	4.9590000000000007e-11	-5.7108e-05	3.1198e-07	-3.1196e-07	7.016e-05	4.563e-11	-7.0092e-05	3.1204e-07	-3.1212e-07	8.0994e-05	4.381e-11	-8.1008e-05	3.1198e-07	-3.1194e-07	9.0534e-05	4.265e-11	-9.0484e-05	3.1192e-07	-3.118e-07	9.9158e-05	4.047e-11	-9.9122e-05	3.12e-07	-3.1178e-07	0.00010729	3.995e-11	-0.000107372	3.1198e-07	-3.1186e-07	0.000114942	3.896e-11	-0.000115006	3.12e-07	-3.1178e-07	0.0001224	3.772e-11	-0.0001221	3.118e-07	-3.1198e-07
0.305	1.1644e-07	6.067000000000001e-11	-1.1024e-07	3.1208e-07	-3.1212e-07	2.6078e-05	5.674e-11	-2.6104e-05	3.1204e-07	-3.1204e-07	4.7354e-05	5.431e-11	-4.7308e-05	3.1224e-07	-3.1218e-07	6.4742e-05	5.2e-11	-6.4806e-05	3.1194e-07	-3.1196e-07	7.943e-05	5.0090000000000005e-11	-7.9434e-05	3.121e-07	-3.1212e-07	9.1924e-05	4.815e-11	-9.1852e-05	3.1202e-07	-3.12e-07	0.00010288	4.6600000000000006e-11	-0.000102928	3.1186e-07	-3.1184e-07	0.000112656	4.286e-11	-0.000112674	3.1184e-07	-3.1188e-07	0.00012226	4.247e-11	-0.000122	3.1186e-07	-3.118e-07	0.0001308	4.2120000000000006e-11	-0.00013064	3.1198e-07	-3.1188e-07	0.00013918	4.076e-11	-0.00013882	3.1194e-07	-3.119e-07
0.31	-1.94346e-08	6.678e-11	2.92298e-08	3.1232e-07	-3.121e-07	2.93e-05	6.237e-11	-2.9398e-05	3.1204e-07	-3.1198e-07	5.327e-05	5.696e-11	-5.3336e-05	3.1216e-07	-3.1218e-07	7.311e-05	5.481e-11	-7.3088e-05	3.1198e-07	-3.1196e-07	8.9762e-05	5.354e-11	-8.9876e-05	3.1216e-07	-3.1184e-07	0.000103994	5.1110000000000005e-11	-0.000103988	3.12e-07	-3.1184e-07	0.00011668	4.946e-11	-0.00011652	3.119e-07	-3.1206e-07	0.00012778	4.7870000000000005e-11	-0.0001277	3.1188e-07	-3.118e-07	0.0001383	4.796e-11	-0.00013822	3.12e-07	-3.1188e-07	0.00014804	4.513e-11	-0.000148	3.1194e-07	-3.119e-07	0.0001574	4.3680000000000005e-11	-0.00015722	3.118e-07	-3.118e-07
0.315	-1.1508160000000002e-07	6.963000000000001e-11	-1.0946e-07	3.124e-07	-3.121e-07	3.2844e-05	6.604e-11	-3.2886e-05	3.1206e-07	-3.1224e-07	5.9938e-05	6.065e-11	-5.995e-05	3.1214e-07	-3.122e-07	8.2378e-05	5.7450000000000006e-11	-8.2296e-05	3.1196e-07	-3.1198e-07	0.000101294	5.717e-11	-0.00010127	3.1196e-07	-3.1196e-07	0.0001176	5.2100000000000006e-11	-0.0001174	3.1212e-07	-3.1204e-07	0.0001318	5.2820000000000005e-11	-0.0001316	3.1192e-07	-3.1184e-07	0.00014438	4.9730000000000006e-11	-0.00014432	3.1194e-07	-3.1178e-07	0.00015622	4.8490000000000005e-11	-0.000156	3.1186e-07	-3.118e-07	0.0001672	4.7370000000000007e-11	-0.00016712	3.12e-07	-3.1198e-07	0.00017776	4.673e-11	-0.0001776	3.1186e-07	-3.118e-07
0.32	-2.4278e-07	7.465e-11	3.1868e-07	3.1234e-07	-3.1214e-07	3.6824e-05	6.947000000000001e-11	-3.6786e-05	3.122e-07	-3.12e-07	6.7426e-05	6.619e-11	-6.7412e-05	3.122e-07	-3.1218e-07	9.2776e-05	6.245e-11	-9.2786e-05	3.121e-07	-3.1208e-07	0.000114322	6.021e-11	-0.00011421	3.1208e-07	-3.1198e-07	0.00013262	5.696e-11	-0.00013246	3.1198e-07	-3.1194e-07	0.00014898	5.649e-11	-0.00014866	3.1188e-07	-3.119e-07	0.00016316	5.305000000000001e-11	-0.00016296	3.1186e-07	-3.1184e-07	0.0001765	5.1880000000000006e-11	-0.00017642	3.1202e-07	-3.119e-07	0.00018904	5.018e-11	-0.00018894	3.1198e-07	-3.1198e-07	0.00020086	4.916e-11	-0.0002008	3.118e-07	-3.12e-07
0.325	-4.5144e-07	7.818e-11	4.6556e-07	3.1228e-07	-3.122e-07	4.1046e-05	7.541e-11	-4.0998e-05	3.12e-07	-3.1208e-07	7.548e-05	7.048000000000001e-11	-7.5506e-05	3.1198e-07	-3.1206e-07	0.000104214	6.573e-11	-0.000104164	3.122e-07	-3.1212e-07	0.00012864	6.387000000000001e-11	-0.00012852	3.121e-07	-3.119e-07	0.00014926	6.228e-11	-0.00014898	3.1214e-07	-3.1206e-07	0.00016754	5.877000000000001e-11	-0.00016748	3.121e-07	-3.1214e-07	0.00018354	5.5e-11	-0.00018342	3.12e-07	-3.1206e-07	0.00019874	5.4390000000000006e-11	-0.00019862	3.1202e-07	-3.1196e-07	0.0002128	5.511e-11	-0.00021262	3.1174e-07	-3.118e-07	0.00022622	5.2280000000000006e-11	-0.00022604	3.118e-07	-3.1178e-07
0.33	-6.4092e-07	8.527e-11	6.6366e-07	3.1232e-07	-3.1226e-07	4.5868e-05	7.902e-11	-4.5832e-05	3.1232e-07	-3.1206e-07	8.4524e-05	7.57e-11	-8.4592e-05	3.12e-07	-3.12e-07	0.00011702	7.078e-11	-0.000117	3.1224e-07	-3.1216e-07	0.00014444	6.879e-11	-0.00014426	3.1198e-07	-3.119e-07	0.00016784	6.6e-11	-0.00016762	3.1218e-07	-3.1206e-07	0.00018856	6.219000000000001e-11	-0.00018814	3.1214e-07	-3.1194e-07	0.00020674	6.116e-11	-0.00020662	3.1182e-07	-3.1178e-07	0.00022378	5.765e-11	-0.00022346	3.1198e-07	-3.1202e-07	0.00023964	5.747e-11	-0.00023948	3.1178e-07	-3.1184e-07	0.00025446	5.5230000000000006e-11	-0.0002544	3.1176e-07	-3.118e-07
0.335	-8.659999999999999e-07	8.949e-11	8.8944e-07	3.1214e-07	-3.1214e-07	5.1052000000000005e-05	8.36e-11	-5.102e-05	3.1218e-07	-3.122e-07	9.4418e-05	8.023e-11	-9.432200000000001e-05	3.1206e-07	-3.12e-07	0.0001308	7.509000000000001e-11	-0.00013078	3.1192e-07	-3.1218e-07	0.00016166	7.349000000000001e-11	-0.00016146	3.1204e-07	-3.1204e-07	0.00018822	6.939e-11	-0.0001879	3.1194e-07	-3.121e-07	0.00021132	6.699e-11	-0.00021122	3.119e-07	-3.1184e-07	0.0002321	6.507e-11	-0.00023174	3.1208e-07	-3.1208e-07	0.00025128	6.396e-11	-0.00025094	3.1182e-07	-3.1186e-07	0.00026888	6.124e-11	-0.00026874	3.118e-07	-3.118e-07	0.00028598	5.9e-11	-0.00028564	3.1194e-07	-3.1196e-07
0.34	-1.11868e-06	9.5e-11	1.14972e-06	3.1218e-07	-3.1236e-07	5.652e-05	8.961e-11	-5.6604e-05	3.1206e-07	-3.121e-07	0.00010501	8.52e-11	-0.000104952	3.12e-07	-3.1202e-07	0.00014592	7.957e-11	-0.0001457	3.1204e-07	-3.12e-07	0.00018052	7.663000000000001e-11	-0.00018018	3.119e-07	-3.1202e-07	0.00021026	7.387000000000001e-11	-0.00021016	3.1198e-07	-3.1192e-07	0.00023646	7.085e-11	-0.00023644	3.1212e-07	-3.1192e-07	0.00025954	6.994e-11	-0.00025934	3.1206e-07	-3.1202e-07	0.00028112	6.764000000000001e-11	-0.00028114	3.1198e-07	-3.118e-07	0.00030082	6.552000000000001e-11	-0.00030072	3.1204e-07	-3.1188e-07	0.00031956	6.427e-11	-0.00031934	3.1182e-07	-3.1186e-07
0.345	-1.7496000000000002e-06	9.969e-11	1.7500000000000002e-06	3.1228e-07	-3.1238e-07	6.266e-05	9.436e-11	-6.2646e-05	3.1206e-07	-3.1208e-07	0.000117	8.913e-11	-0.00011672	3.1196e-07	-3.1204e-07	0.0001625	8.595000000000001e-11	-0.00016228	3.1196e-07	-3.1196e-07	0.00020144	8.229e-11	-0.00020118	3.121e-07	-3.1206e-07	0.00023452	7.824e-11	-0.00023444	3.1224e-07	-3.1196e-07	0.00026404	7.635e-11	-0.00026386	3.121e-07	-3.1202e-07	0.0002901	7.485e-11	-0.00029014	3.1202e-07	-3.1186e-07	0.00031424	7.185e-11	-0.00031386	3.1186e-07	-3.118e-07	0.00033654	6.850000000000001e-11	-0.00033628	3.1204e-07	-3.1182e-07	0.00035718	6.83e-11	-0.00035726	3.1176e-07	-3.1194e-07
0.35	-2.2196000000000003e-06	1.0833e-10	2.2031e-06	3.1236e-07	-3.1236e-07	6.9174e-05	1.0264e-10	-6.9126e-05	3.1216e-07	-3.1198e-07	0.00012928	9.611e-11	-0.00012932	3.1224e-07	-3.1206e-07	0.00018014	9.149e-11	-0.00018008	3.1194e-07	-3.1212e-07	0.00022346	8.678000000000001e-11	-0.00022346	3.1194e-07	-3.1192e-07	0.00026102	8.221e-11	-0.00026104	3.1222e-07	-3.1218e-07	0.00029402	8.204e-11	-0.00029384	3.1194e-07	-3.1196e-07	0.00032306	7.788e-11	-0.00032296	3.1182e-07	-3.1178e-07	0.00034994	7.72e-11	-0.00034996	3.118e-07	-3.1178e-07	0.0003745	7.467000000000001e-11	-0.00037446	3.1198e-07	-3.1186e-07	0.00039796	7.259e-11	-0.00039792	3.118e-07	-3.1178e-07
0.355	-2.498e-06	1.1382e-10	2.5857e-06	3.124e-07	-3.123e-07	7.620000000000002e-05	1.0803e-10	-7.6078e-05	3.121e-07	-3.1208e-07	0.000143	1.0283e-10	-0.00014278	3.12e-07	-3.12e-07	0.00019958	9.711e-11	-0.00019946	3.1186e-07	-3.1212e-07	0.00024802	9.124e-11	-0.00024798	3.121e-07	-3.1194e-07	0.00028998	8.811e-11	-0.0002896	3.1192e-07	-3.1196e-07	0.00032646	8.683000000000001e-11	-0.00032652	3.1214e-07	-3.1184e-07	0.0003592	8.267000000000001e-11	-0.0003591	3.1186e-07	-3.1194e-07	0.00038912	8.048e-11	-0.00038914	3.1182e-07	-3.118e-07	0.00041688	7.869e-11	-0.0004165	3.1188e-07	-3.118e-07	0.00044272	7.734e-11	-0.0004425	3.118e-07	-3.1178e-07
0.36	-2.9844e-06	1.2046000000000002e-10	3.0673000000000003e-06	3.1226e-07	-3.1214e-07	8.365e-05	1.1394e-10	-8.375e-05	3.1204e-07	-3.1196e-07	0.00015766	1.0999e-10	-0.00015726	3.1204e-07	-3.1208e-07	0.00022024	1.0404e-10	-0.00022018	3.1206e-07	-3.1194e-07	0.00027388	9.856e-11	-0.00027368	3.1206e-07	-3.1198e-07	0.00032052	9.331e-11	-0.00032042	3.12e-07	-3.119e-07	0.0003614	9.263e-11	-0.00036138	3.1184e-07	-3.1184e-07	0.00039792	8.811e-11	-0.00039758	3.1182e-07	-3.1184e-07	0.00043112	8.544e-11	-0.00043104	3.1188e-07	-3.1204e-07	0.00046184	8.345e-11	-0.0004618	3.1196e-07	-3.1194e-07	0.0004905	8.023e-11	-0.00049028	3.1182e-07	-3.1176e-07
0.365	-3.4839e-06	1.2887000000000002e-10	3.4918e-06	3.1228e-07	-3.123e-07	9.172e-05	1.2236e-10	-9.1756e-05	3.1216e-07	-3.121e-07	0.0001732	1.1508e-10	-0.00017322	3.1224e-07	-3.1214e-07	0.0002427	1.0935e-10	-0.0002426	3.1202e-07	-3.1196e-07	0.00030242	1.0538e-10	-0.00030248	3.121e-07	-3.1204e-07	0.000354	1.002e-10	-0.00035384	3.1198e-07	-3.119e-07	0.00039986	9.677e-11	-0.00039986	3.1212e-07	-3.1192e-07	0.00044026	9.355e-11	-0.00044022	3.1204e-07	-3.1182e-07	0.0004771	9.053000000000001e-11	-0.00047716	3.1186e-07	-3.119e-07	0.00051098	8.917e-11	-0.00051092	3.1182e-07	-3.1202e-07	0.00054274	8.625000000000001e-11	-0.0005426	3.1194e-07	-3.119e-07
0.37	-3.9559000000000005e-06	1.3614e-10	4.0014e-06	3.1224e-07	-3.1218e-07	0.000100204	1.2713e-10	-0.000100258	3.1208e-07	-3.1204e-07	0.00019	1.2158e-10	-0.0001896	3.1222e-07	-3.1224e-07	0.00026634	1.1662e-10	-0.00026642	3.1192e-07	-3.1194e-07	0.00033242	1.1191e-10	-0.0003321	3.1194e-07	-3.1208e-07	0.0003897	1.0827e-10	-0.00038948	3.1192e-07	-3.1194e-07	0.0004403	1.0284e-10	-0.00043986	3.1198e-07	-3.119e-07	0.0004849	1.0036e-10	-0.0004849	3.1198e-07	-3.1178e-07	0.00052614	9.546e-11	-0.00052582	3.1188e-07	-3.1196e-07	0.0005636	9.316e-11	-0.00056362	3.1208e-07	-3.1208e-07	0.00059844	9.059e-11	-0.00059816	3.1176e-07	-3.1178e-07
0.375	-4.445800000000001e-06	1.4412000000000002e-10	4.460500000000001e-06	3.1228e-07	-3.1218e-07	0.00010928	1.3556000000000002e-10	-0.000109312	3.12e-07	-3.1206e-07	0.00020764	1.2971e-10	-0.00020776	3.122e-07	-3.1222e-07	0.00029176	1.2371e-10	-0.00029174	3.122e-07	-3.12e-07	0.00036472	1.1908000000000002e-10	-0.00036492	3.1182e-07	-3.1186e-07	0.00042808	1.1458e-10	-0.000428	3.1222e-07	-3.1218e-07	0.00048456	1.091e-10	-0.0004842	3.12e-07	-3.1186e-07	0.00053394	1.0632e-10	-0.00053366	3.1186e-07	-3.1206e-07	0.00057936	1.0226e-10	-0.00057888	3.12e-07	-3.1172e-07	0.0006205	1.0021e-10	-0.00062052	3.1204e-07	-3.12e-07	0.00065926	9.631e-11	-0.00065928	3.1204e-07	-3.1194e-07
0.38	-5.139600000000001e-06	1.534e-10	5.028300000000001e-06	3.1208e-07	-3.1212e-07	0.000119	1.4524e-10	-0.00011884	3.122e-07	-3.1206e-07	0.00022602	1.3667e-10	-0.00022602	3.1204e-07	-3.1202e-07	0.00031866	1.3081e-10	-0.00031852	3.1202e-07	-3.1198e-07	0.00039862	1.2515e-10	-0.0003983	3.1194e-07	-3.1206e-07	0.00046888	1.2176e-10	-0.00046884	3.1214e-07	-3.1194e-07	0.00053024	1.1473e-10	-0.00053062	3.1216e-07	-3.1206e-07	0.00058554	1.1209e-10	-0.00058506	3.1178e-07	-3.1178e-07	0.00063484	1.0838e-10	-0.00063492	3.1176e-07	-3.1196e-07	0.0006802	1.0543e-10	-0.00068034	3.121e-07	-3.1196e-07	0.00072306	1.04e-10	-0.0007225	3.121e-07	-3.1202e-07
0.385	-5.657e-06	1.6162e-10	5.825700000000001e-06	3.1214e-07	-3.1218e-07	0.00012898	1.5229000000000002e-10	-0.00012886	3.1222e-07	-3.1212e-07	0.00024604	1.4697e-10	-0.00024598	3.1194e-07	-3.1224e-07	0.00034732	1.3943e-10	-0.00034678	3.1198e-07	-3.1214e-07	0.0004348	1.3225e-10	-0.00043494	3.1194e-07	-3.1192e-07	0.00051248	1.2845e-10	-0.00051198	3.1198e-07	-3.121e-07	0.0005805	1.228e-10	-0.00058006	3.1188e-07	-3.1196e-07	0.0006411	1.1847e-10	-0.00064078	3.1188e-07	-3.12e-07	0.00069566	1.1554e-10	-0.0006954	3.1184e-07	-3.1198e-07	0.00074534	1.1145e-10	-0.00074526	3.12e-07	-3.119e-07	0.00079216	1.0937e-10	-0.00079172	3.1182e-07	-3.1196e-07
0.39	-6.431100000000001e-06	1.7140000000000002e-10	6.243000000000001e-06	3.1232e-07	-3.1232e-07	0.00013952	1.6202e-10	-0.00013964	3.1208e-07	-3.1218e-07	0.00026632	1.5474e-10	-0.00026628	3.1216e-07	-3.1214e-07	0.00037732	1.4754000000000001e-10	-0.00037666	3.12e-07	-3.1198e-07	0.00047326	1.3893e-10	-0.00047292	3.1194e-07	-3.1212e-07	0.00055758	1.3319e-10	-0.00055686	3.1206e-07	-3.122e-07	0.00063266	1.2963000000000002e-10	-0.00063234	3.1216e-07	-3.1188e-07	0.00069902	1.2561000000000002e-10	-0.0006987	3.1192e-07	-3.1192e-07	0.00075886	1.2159000000000002e-10	-0.00075856	3.118e-07	-3.1196e-07	0.00081384	1.1759e-10	-0.00081344	3.1194e-07	-3.1178e-07	0.00086472	1.1563e-10	-0.00086448	3.1188e-07	-3.1176e-07
0.395	-7.114000000000001e-06	1.8247e-10	7.2085e-06	3.1236e-07	-3.1232e-07	0.00015076	1.7007e-10	-0.00015058	3.121e-07	-3.1208e-07	0.00028846	1.6294e-10	-0.00028814	3.1206e-07	-3.1206e-07	0.00040834	1.5473000000000002e-10	-0.00040836	3.1198e-07	-3.1196e-07	0.00051384	1.4948e-10	-0.00051372	3.12e-07	-3.1196e-07	0.0006062	1.4311e-10	-0.00060584	3.1194e-07	-3.1212e-07	0.00068818	1.3738000000000002e-10	-0.00068816	3.12e-07	-3.1184e-07	0.000761	1.3220000000000002e-10	-0.00076118	3.1188e-07	-3.1202e-07	0.00082626	1.2824e-10	-0.00082664	3.1204e-07	-3.118e-07	0.00088644	1.2404000000000002e-10	-0.00088676	3.1198e-07	-3.1194e-07	0.0009429	1.2282000000000002e-10	-0.00094266	3.1204e-07	-3.1202e-07
0.4	-7.782200000000001e-06	1.9204e-10	7.7653e-06	3.1212e-07	-3.123e-07	0.00016194	1.8031e-10	-0.00016174	3.123e-07	-3.1208e-07	0.0003109	1.7343000000000002e-10	-0.00031038	3.1214e-07	-3.1212e-07	0.0004409	1.6480000000000002e-10	-0.00044076	3.1224e-07	-3.1216e-07	0.00055552	1.5740000000000002e-10	-0.00055528	3.1194e-07	-3.1196e-07	0.00065612	1.5094000000000002e-10	-0.00065622	3.122e-07	-3.1202e-07	0.00074584	1.4503000000000002e-10	-0.00074556	3.1196e-07	-3.1182e-07	0.0008253	1.3979000000000002e-10	-0.0008251	3.1206e-07	-3.1202e-07	0.00089712	1.3554e-10	-0.00089718	3.1186e-07	-3.1188e-07	0.00096284	1.3156e-10	-0.00096336	3.1184e-07	-3.1194e-07	0.00102362	1.2837000000000002e-10	-0.00102352	3.1186e-07	-3.12e-07
0.405	-8.672000000000001e-06	2.0211e-10	8.437e-06	3.1214e-07	-3.1238e-07	0.00017332	1.9126e-10	-0.00017354	3.124e-07	-3.122e-07	0.00033424	1.822e-10	-0.00033392	3.12e-07	-3.122e-07	0.00047564	1.7465e-10	-0.00047486	3.1202e-07	-3.1206e-07	0.00059952	1.6660000000000002e-10	-0.0005994	3.1212e-07	-3.1194e-07	0.00070882	1.6068e-10	-0.00070886	3.1198e-07	-3.1194e-07	0.0008075	1.5325e-10	-0.00080728	3.119e-07	-3.1214e-07	0.0008943	1.4802000000000002e-10	-0.00089392	3.1194e-07	-3.1196e-07	0.00097254	1.4366000000000002e-10	-0.0009727	3.1184e-07	-3.1178e-07	0.0010442	1.393e-10	-0.00104406	3.1184e-07	-3.1182e-07	0.00111026	1.3489e-10	-0.0011101	3.118e-07	-3.1182e-07
0.41	-9.2223e-06	2.15e-10	9.174e-06	3.1218e-07	-3.1224e-07	0.00018552	2.0153000000000003e-10	-0.00018564	3.1204e-07	-3.1202e-07	0.00035854	1.9331e-10	-0.00035846	3.1206e-07	-3.122e-07	0.00051028	1.845e-10	-0.00051042	3.12e-07	-3.1202e-07	0.00064476	1.7708000000000002e-10	-0.00064452	3.1192e-07	-3.1184e-07	0.00076418	1.6969e-10	-0.00076424	3.1192e-07	-3.119e-07	0.00087052	1.6330000000000002e-10	-0.00087016	3.1212e-07	-3.1206e-07	0.0009653	1.5556e-10	-0.00096494	3.1206e-07	-3.1184e-07	0.00105046	1.5137000000000002e-10	-0.00105018	3.1184e-07	-3.1206e-07	0.00112832	1.4797e-10	-0.00112832	3.1204e-07	-3.1202e-07	0.0012002	1.4232e-10	-0.0012004	3.1204e-07	-3.1196e-07
0.415	-1.0182000000000002e-05	2.2604000000000003e-10	1.0002700000000002e-05	3.1234e-07	-3.1232e-07	0.00019828	2.1542e-10	-0.0001987	3.1228e-07	-3.122e-07	0.0003832	2.0243e-10	-0.0003836	3.1192e-07	-3.1208e-07	0.00054724	1.9386e-10	-0.00054698	3.1222e-07	-3.122e-07	0.00069264	1.8609000000000003e-10	-0.00069222	3.1192e-07	-3.1194e-07	0.0008214	1.7781e-10	-0.00082168	3.1198e-07	-3.1216e-07	0.00093694	1.7156000000000003e-10	-0.00093674	3.121e-07	-3.121e-07	0.00103958	1.6466e-10	-0.00103952	3.1206e-07	-3.12e-07	0.0011327	1.6067000000000003e-10	-0.00113216	3.1202e-07	-3.12e-07	0.0012168	1.5617000000000001e-10	-0.0012174	3.1182e-07	-3.1182e-07	0.0012954	1.5043000000000002e-10	-0.0012952	3.1184e-07	-3.1174e-07
0.42	-1.09996e-05	2.377e-10	1.08213e-05	3.1216e-07	-3.1214e-07	0.00021134	2.2594e-10	-0.00021158	3.1224e-07	-3.1226e-07	0.0004088	2.1329e-10	-0.00040878	3.1204e-07	-3.1198e-07	0.00058456	2.0515e-10	-0.00058438	3.1222e-07	-3.1214e-07	0.00074114	1.9657000000000003e-10	-0.000741	3.1196e-07	-3.12e-07	0.00088046	1.8904000000000003e-10	-0.0008804	3.12e-07	-3.1198e-07	0.0010054	1.8126e-10	-0.00100526	3.12e-07	-3.1188e-07	0.0011162	1.7406000000000002e-10	-0.00111624	3.1198e-07	-3.1184e-07	0.0012174	1.6668e-10	-0.001217	3.1202e-07	-3.1194e-07	0.0013084	1.6395e-10	-0.0013086	3.1186e-07	-3.1188e-07	0.001394	1.5889e-10	-0.0013926	3.1188e-07	-3.1196e-07
0.425	-1.14988e-05	2.5211e-10	1.15004e-05	3.1214e-07	-3.1218e-07	0.00022484	2.3827e-10	-0.00022432	3.1202e-07	-3.1216e-07	0.00043554	2.2624e-10	-0.0004356	3.1202e-07	-3.1194e-07	0.00062422	2.1547e-10	-0.00062404	3.1222e-07	-3.1202e-07	0.00079228	2.0784000000000003e-10	-0.00079218	3.1206e-07	-3.1202e-07	0.00094216	1.9925e-10	-0.00094158	3.12e-07	-3.1196e-07	0.00107744	1.9115e-10	-0.00107724	3.1194e-07	-3.1194e-07	0.0011976	1.8376e-10	-0.0011972	3.1204e-07	-3.119e-07	0.0013066	1.7806e-10	-0.001307	3.121e-07	-3.1206e-07	0.0014062	1.7333e-10	-0.001405	3.12e-07	-3.1196e-07	0.001497	1.6722000000000002e-10	-0.0014974	3.1192e-07	-3.118e-07
0.43	-1.1724200000000002e-05	2.6325e-10	1.1728e-05	3.122e-07	-3.1214e-07	0.00023846	2.5149000000000003e-10	-0.00023836	3.1222e-07	-3.1226e-07	0.00046244	2.385e-10	-0.00046262	3.1198e-07	-3.1198e-07	0.00066388	2.2654000000000003e-10	-0.00066394	3.1192e-07	-3.1198e-07	0.00084344	2.1649e-10	-0.00084382	3.12e-07	-3.121e-07	0.00100434	2.0813e-10	-0.00100448	3.122e-07	-3.1198e-07	0.00115002	2.0011e-10	-0.00114992	3.1212e-07	-3.1194e-07	0.0012802	1.9277e-10	-0.00128	3.1202e-07	-3.1204e-07	0.0013976	1.8776e-10	-0.0013968	3.1178e-07	-3.12e-07	0.0015048	1.8254e-10	-0.0015034	3.1182e-07	-3.1174e-07	0.0016026	1.758e-10	-0.0016014	3.1182e-07	-3.118e-07
0.435	-1.1724200000000002e-05	2.7832000000000003e-10	1.35e-05	3.1218e-07	-3.1226e-07	0.00025196	2.631e-10	-0.00025212	3.1214e-07	-3.121e-07	0.00049018	2.5259e-10	-0.00049042	3.12e-07	-3.1206e-07	0.00070514	2.3984e-10	-0.00070504	3.1214e-07	-3.1216e-07	0.00089744	2.3032e-10	-0.0008972	3.1198e-07	-3.1194e-07	0.00106974	2.1937e-10	-0.0010695	3.1212e-07	-3.1194e-07	0.0012264	2.1099e-10	-0.0012262	3.1188e-07	-3.1188e-07	0.001366	2.0302e-10	-0.001366	3.1206e-07	-3.1206e-07	0.0014928	1.9532e-10	-0.001492	3.1178e-07	-3.12e-07	0.0016076	1.919e-10	-0.001606	3.1186e-07	-3.1178e-07	0.0017138	1.8602e-10	-0.0017142	3.1178e-07	-3.1174e-07
0.44	-1.4232e-05	2.9325000000000005e-10	1.4182e-05	3.1228e-07	-3.1214e-07	0.00026616	2.7761000000000004e-10	-0.00026566	3.1224e-07	-3.1226e-07	0.00051812	2.6544e-10	-0.00051832	3.1214e-07	-3.1196e-07	0.00074696	2.5088e-10	-0.00074632	3.121e-07	-3.1208e-07	0.0009519	2.4133000000000003e-10	-0.00095154	3.1192e-07	-3.1188e-07	0.00113594	2.3144000000000003e-10	-0.00113592	3.1226e-07	-3.122e-07	0.0013036	2.2313e-10	-0.0013036	3.121e-07	-3.1194e-07	0.0014538	2.1399000000000003e-10	-0.0014532	3.1208e-07	-3.119e-07	0.0015898	2.0654e-10	-0.001588	3.1182e-07	-3.1178e-07	0.001713	2.0102e-10	-0.0017128	3.118e-07	-3.1182e-07	0.0018274	1.9501e-10	-0.001826	3.12e-07	-3.12e-07
0.445	-1.5108e-05	3.0821e-10	1.5006e-05	3.1234e-07	-3.1236e-07	0.00027988	2.9231000000000005e-10	-0.0002801	3.1232e-07	-3.1224e-07	0.00054726	2.7912e-10	-0.00054688	3.1218e-07	-3.1192e-07	0.00078928	2.6567e-10	-0.00078936	3.121e-07	-3.121e-07	0.00100738	2.5471000000000004e-10	-0.00100728	3.121e-07	-3.119e-07	0.0012042	2.4481e-10	-0.001204	3.1216e-07	-3.1202e-07	0.0013834	2.3374e-10	-0.0013836	3.1194e-07	-3.1196e-07	0.0015448	2.2582000000000003e-10	-0.0015438	3.1186e-07	-3.1196e-07	0.0016898	2.1747000000000003e-10	-0.0016896	3.1182e-07	-3.1184e-07	0.0018228	2.1121e-10	-0.0018224	3.1202e-07	-3.1212e-07	0.0019452	2.049e-10	-0.001944	3.1208e-07	-3.1204e-07
0.45	-1.5828e-05	3.2383e-10	1.5894e-05	3.122e-07	-3.1228e-07	0.00029464	3.0805000000000004e-10	-0.00029308	3.1204e-07	-3.1206e-07	0.00057584	2.9307e-10	-0.00057596	3.1214e-07	-3.1206e-07	0.00083172	2.8221e-10	-0.00083106	3.1212e-07	-3.1212e-07	0.0010637	2.6857000000000004e-10	-0.00106318	3.1216e-07	-3.1214e-07	0.0012732	2.5851e-10	-0.0012726	3.1198e-07	-3.119e-07	0.0014642	2.4500000000000003e-10	-0.0014638	3.1208e-07	-3.1188e-07	0.0016356	2.3911e-10	-0.0016352	3.1194e-07	-3.119e-07	0.0017908	2.2896000000000003e-10	-0.001791	3.1182e-07	-3.1182e-07	0.0019336	2.2069e-10	-0.001933	3.1212e-07	-3.1206e-07	0.0020642	2.1650000000000003e-10	-0.0020626	3.118e-07	-3.118e-07
0.455	-1.6826e-05	3.4229e-10	1.6716e-05	3.1218e-07	-3.1208e-07	0.00030856	3.2603e-10	-0.00030828	3.1218e-07	-3.1202e-07	0.0006051	3.086e-10	-0.000605	3.1222e-07	-3.1202e-07	0.00087642	2.9495e-10	-0.0008759	3.1194e-07	-3.1184e-07	0.00112058	2.8099000000000003e-10	-0.0011208	3.1194e-07	-3.1212e-07	0.0013444	2.7087e-10	-0.001344	3.1216e-07	-3.1194e-07	0.0015464	2.5920000000000005e-10	-0.0015458	3.119e-07	-3.1186e-07	0.0017306	2.5014000000000003e-10	-0.00173	3.1212e-07	-3.119e-07	0.0018968	2.4097e-10	-0.0018958	3.1204e-07	-3.1196e-07	0.0020482	2.3345e-10	-0.0020492	3.1206e-07	-3.1182e-07	0.0021884	2.2628e-10	-0.0021882	3.1184e-07	-3.1204e-07
0.46	-1.7342e-05	3.5901000000000004e-10	1.7312e-05	3.1214e-07	-3.1212e-07	0.00032302	3.4246e-10	-0.0003233	3.1226e-07	-3.122e-07	0.00063434	3.2488e-10	-0.00063464	3.1198e-07	-3.1216e-07	0.00092002	3.1057000000000005e-10	-0.0009198	3.119e-07	-3.1194e-07	0.0011794	2.972e-10	-0.0011784	3.1194e-07	-3.119e-07	0.0014154	2.8455e-10	-0.001414	3.12e-07	-3.1218e-07	0.0016304	2.7137e-10	-0.0016304	3.1214e-07	-3.1212e-07	0.001826	2.6394e-10	-0.001826	3.1216e-07	-3.1188e-07	0.0020026	2.5418e-10	-0.0020018	3.1204e-07	-3.12e-07	0.0021654	2.4469e-10	-0.0021652	3.121e-07	-3.1198e-07	0.0023142	2.3838e-10	-0.0023138	3.12e-07	-3.1196e-07
0.465	-1.835e-05	3.7624e-10	1.8346e-05	3.1218e-07	-3.123e-07	0.00033786	3.5811e-10	-0.00033808	3.1224e-07	-3.1206e-07	0.00066474	3.4115e-10	-0.00066426	3.1196e-07	-3.119e-07	0.00096468	3.2622000000000004e-10	-0.00096464	3.1196e-07	-3.1196e-07	0.0012378	3.1199000000000003e-10	-0.0012374	3.1208e-07	-3.1178e-07	0.0014878	2.9907000000000003e-10	-0.0014872	3.1192e-07	-3.1188e-07	0.0017168	2.8750000000000004e-10	-0.0017152	3.1208e-07	-3.121e-07	0.0019238	2.7661000000000004e-10	-0.0019228	3.1216e-07	-3.1216e-07	0.0021116	2.6738e-10	-0.0021108	3.1184e-07	-3.1182e-07	0.0022858	2.5722e-10	-0.002285	3.1184e-07	-3.1194e-07	0.0024438	2.4916e-10	-0.0024434	3.1184e-07	-3.1182e-07
0.47	-1.9198e-05	3.9539e-10	1.9276e-05	3.122e-07	-3.1208e-07	0.00035268	3.7744e-10	-0.0003527	3.1202e-07	-3.1208e-07	0.00069372	3.5801000000000004e-10	-0.00069348	3.1192e-07	-3.1208e-07	0.00100798	3.4078000000000004e-10	-0.00100744	3.12e-07	-3.1206e-07	0.0012972	3.2745000000000004e-10	-0.0012962	3.1222e-07	-3.1196e-07	0.0015608	3.134e-10	-0.0015594	3.121e-07	-3.1202e-07	0.0018014	3.0094000000000005e-10	-0.0018006	3.1214e-07	-3.1186e-07	0.002021	2.8882000000000004e-10	-0.0020208	3.1192e-07	-3.1192e-07	0.0022214	2.8016000000000004e-10	-0.0022206	3.12e-07	-3.1196e-07	0.0024058	2.7082e-10	-0.002404	3.1204e-07	-3.1208e-07	0.0025734	2.6135000000000003e-10	-0.0025726	3.1182e-07	-3.1178e-07
0.475	-2.0154e-05	4.1404000000000005e-10	1.9956e-05	3.1232e-07	-3.121e-07	0.00036668	3.9418e-10	-0.00036762	3.1224e-07	-3.1212e-07	0.0007243	3.7814000000000005e-10	-0.00072434	3.1194e-07	-3.1218e-07	0.0010538	3.595e-10	-0.0010541	3.1214e-07	-3.1194e-07	0.001356	3.435e-10	-0.001356	3.119e-07	-3.12e-07	0.0016348	3.3007000000000003e-10	-0.0016338	3.1218e-07	-3.122e-07	0.001888	3.172e-10	-0.0018884	3.1206e-07	-3.1188e-07	0.002122	3.0466e-10	-0.002121	3.121e-07	-3.1212e-07	0.002334	2.9299000000000004e-10	-0.0023322	3.1198e-07	-3.12e-07	0.0025292	2.8428e-10	-0.0025278	3.1206e-07	-3.1208e-07	0.0027082	2.7395e-10	-0.0027068	3.1188e-07	-3.1196e-07
0.48	-2.08e-05	4.3621e-10	2.0736e-05	3.123e-07	-3.1234e-07	0.00038184	4.1521e-10	-0.00038232	3.1202e-07	-3.1204e-07	0.0007534	3.9617e-10	-0.00075362	3.1218e-07	-3.122e-07	0.00109798	3.7728e-10	-0.00109864	3.1224e-07	-3.1224e-07	0.0014158	3.6100000000000005e-10	-0.0014152	3.1188e-07	-3.1206e-07	0.0017074	3.4792e-10	-0.0017078	3.1192e-07	-3.1188e-07	0.0019754	3.3347000000000004e-10	-0.0019756	3.1188e-07	-3.1202e-07	0.002222	3.1514e-10	-0.002221	3.121e-07	-3.12e-07	0.0024458	3.0716e-10	-0.002445	3.1198e-07	-3.1198e-07	0.0026536	2.9794e-10	-0.0026528	3.121e-07	-3.1206e-07	0.0028422	2.8733000000000003e-10	-0.0028408	3.1202e-07	-3.1196e-07
0.485	-2.162e-05	4.5792000000000006e-10	2.162e-05	3.123e-07	-3.1228e-07	0.00039716	4.3595e-10	-0.00039718	3.1218e-07	-3.1228e-07	0.00078414	4.1638e-10	-0.00078374	3.1198e-07	-3.1214e-07	0.001144	3.9710000000000006e-10	-0.00114424	3.1194e-07	-3.1214e-07	0.0014766	3.7949000000000005e-10	-0.0014756	3.12e-07	-3.1196e-07	0.0017832	3.6517e-10	-0.001782	3.1214e-07	-3.1202e-07	0.0020656	3.4861e-10	-0.0020648	3.119e-07	-3.1188e-07	0.0023242	3.3327000000000003e-10	-0.002323	3.1206e-07	-3.1194e-07	0.002561	3.2246000000000004e-10	-0.002561	3.1208e-07	-3.12e-07	0.0027806	3.1213000000000004e-10	-0.0027792	3.1206e-07	-3.12e-07	0.00298	3.022e-10	-0.0029796	3.118e-07	-3.1178e-07
0.49	-2.253e-05	4.813100000000001e-10	2.2354e-05	3.1238e-07	-3.1212e-07	0.00041172	4.5728000000000005e-10	-0.00041086	3.1206e-07	-3.1194e-07	0.00081464	4.3706e-10	-0.00081376	3.1198e-07	-3.1214e-07	0.00119	4.1651e-10	-0.0011884	3.1216e-07	-3.121e-07	0.001536	3.9784e-10	-0.0015356	3.1188e-07	-3.1208e-07	0.001857	3.7887e-10	-0.001856	3.12e-07	-3.1198e-07	0.0021532	3.6523e-10	-0.002153	3.1188e-07	-3.119e-07	0.0024244	3.5317000000000003e-10	-0.002424	3.12e-07	-3.1214e-07	0.0026756	3.3851e-10	-0.002675	3.1206e-07	-3.12e-07	0.002906	3.2719000000000004e-10	-0.002905	3.1204e-07	-3.1186e-07	0.0031168	3.1505e-10	-0.0031164	3.1192e-07	-3.118e-07
0.495	-2.3308e-05	5.059600000000001e-10	2.328e-05	3.1212e-07	-3.1208e-07	0.0004263	4.8069e-10	-0.00042532	3.1212e-07	-3.1202e-07	0.00084388	4.5635e-10	-0.00084402	3.1198e-07	-3.1214e-07	0.0012354	4.3619e-10	-0.001234	3.1198e-07	-3.1202e-07	0.0015974	4.1900000000000005e-10	-0.0015958	3.1208e-07	-3.1192e-07	0.0019318	3.9496000000000005e-10	-0.0019314	3.1174e-07	-3.118e-07	0.002242	3.8444e-10	-0.0022422	3.1198e-07	-3.119e-07	0.002529	3.6987e-10	-0.0025284	3.1198e-07	-3.12e-07	0.0027914	3.57e-10	-0.0027908	3.1178e-07	-3.1206e-07	0.0030356	3.434e-10	-0.003034	3.1202e-07	-3.1202e-07	0.0032578	3.3097000000000005e-10	-0.0032578	3.1188e-07	-3.1184e-07
0.5	-2.3904e-05	5.293800000000001e-10	2.405e-05	3.1226e-07	-3.1236e-07	0.00043994	5.026800000000001e-10	-0.00043934	3.1212e-07	-3.1224e-07	0.00087368	4.8056e-10	-0.00087392	3.1216e-07	-3.1194e-07	0.00128	4.568e-10	-0.0012782	3.1214e-07	-3.1214e-07	0.001657	4.3769e-10	-0.0016554	3.1216e-07	-3.1216e-07	0.002006	4.2607e-10	-0.0020062	3.1234e-07	-3.1226e-07	0.0023314	4.0276e-10	-0.0023304	3.1198e-07	-3.1214e-07	0.0026302	3.8712000000000005e-10	-0.0026308	3.1196e-07	-3.1182e-07	0.0029068	3.7306000000000005e-10	-0.0029062	3.1204e-07	-3.12e-07	0.003163	3.5938e-10	-0.0031622	3.1204e-07	-3.1184e-07	0.0033982	3.4931e-10	-0.0033984	3.1206e-07	-3.1184e-07
0.505	-2.4668e-05	5.5526e-10	2.4336e-05	3.123e-07	-3.1228e-07	0.00045512	5.288000000000001e-10	-0.00045422	3.122e-07	-3.1218e-07	0.00090336	5.0395e-10	-0.00090356	3.1198e-07	-3.1216e-07	0.001325	4.802600000000001e-10	-0.0013242	3.1206e-07	-3.1208e-07	0.0017166	4.5815e-10	-0.0017162	3.1186e-07	-3.12e-07	0.002081	4.4442000000000005e-10	-0.0020808	3.12e-07	-3.1216e-07	0.002421	4.225e-10	-0.0024208	3.1214e-07	-3.1194e-07	0.0027342	4.0672e-10	-0.0027342	3.1224e-07	-3.1208e-07	0.0030238	3.9038000000000005e-10	-0.0030238	3.12e-07	-3.1182e-07	0.0032942	3.7681e-10	-0.003293	3.1192e-07	-3.118e-07	0.00354	3.6439e-10	-0.0035404	3.1196e-07	-3.1188e-07
0.51	-2.548e-05	5.818e-10	2.5458000000000003e-05	3.1234e-07	-3.121e-07	0.00046948	5.5409e-10	-0.00046854	3.1204e-07	-3.1198e-07	0.00093236	5.2629e-10	-0.00093228	3.122e-07	-3.1214e-07	0.0013682	5.0296e-10	-0.0013696	3.1194e-07	-3.121e-07	0.0017752	4.8098e-10	-0.001775	3.12e-07	-3.1208e-07	0.0021554	4.6559e-10	-0.0021544	3.119e-07	-3.12e-07	0.0025094	4.4176e-10	-0.0025092	3.1212e-07	-3.1208e-07	0.0028374	4.2486e-10	-0.0028366	3.119e-07	-3.1188e-07	0.003141	4.0914000000000005e-10	-0.00314	3.1178e-07	-3.118e-07	0.0034226	3.9462e-10	-0.0034214	3.1198e-07	-3.1208e-07	0.0036816	3.8037000000000005e-10	-0.0036808	3.1192e-07	-3.1188e-07
0.515	-2.6238e-05	6.0892e-10	2.6358e-05	3.1216e-07	-3.1228e-07	0.0004823	5.8089e-10	-0.00048202	3.123e-07	-3.1228e-07	0.00096256	5.519300000000001e-10	-0.00096182	3.1214e-07	-3.1196e-07	0.0014138	5.282e-10	-0.001413	3.1214e-07	-3.1214e-07	0.0018358	5.0348e-10	-0.0018338	3.1206e-07	-3.1208e-07	0.0022296	4.7841e-10	-0.002229	3.1242e-07	-3.1224e-07	0.0025984	4.6322e-10	-0.002598	3.1198e-07	-3.1218e-07	0.0029402	4.4366000000000005e-10	-0.0029392	3.1186e-07	-3.1188e-07	0.003258	4.2718e-10	-0.0032568	3.1204e-07	-3.1202e-07	0.0035518	4.1345000000000006e-10	-0.0035522	3.1186e-07	-3.1184e-07	0.0038254	3.9995000000000005e-10	-0.0038226	3.1196e-07	-3.1184e-07
0.52	-2.7004e-05	6.3863e-10	2.68e-05	3.121e-07	-3.123e-07	0.00049678	6.0839e-10	-0.00049688	3.1222e-07	-3.1202e-07	0.0009902	5.7908e-10	-0.00099058	3.12e-07	-3.12e-07	0.0014562	5.543900000000001e-10	-0.0014558	3.1202e-07	-3.12e-07	0.0018938	5.2764e-10	-0.0018934	3.121e-07	-3.1184e-07	0.0023024	5.0469e-10	-0.0023022	3.119e-07	-3.119e-07	0.002686	4.8604e-10	-0.0026854	3.119e-07	-3.1196e-07	0.0030412	4.6517000000000006e-10	-0.0030416	3.1202e-07	-3.1194e-07	0.0033734	4.4912000000000005e-10	-0.0033732	3.1192e-07	-3.1184e-07	0.0036822	4.3396e-10	-0.0036816	3.1184e-07	-3.1206e-07	0.0039658	4.1764e-10	-0.003966	3.1186e-07	-3.1182e-07
0.525	-2.7824e-05	6.701800000000001e-10	2.7846e-05	3.122e-07	-3.1208e-07	0.00051106	6.3768e-10	-0.0005107	3.1212e-07	-3.1208e-07	0.00101946	6.0691e-10	-0.00101936	3.1202e-07	-3.1218e-07	0.0015004	5.7849e-10	-0.0015006	3.1214e-07	-3.119e-07	0.0019518	5.5484e-10	-0.0019516	3.122e-07	-3.1192e-07	0.0023776	5.3065e-10	-0.002377	3.1216e-07	-3.1212e-07	0.0027736	5.0875e-10	-0.002775	3.1216e-07	-3.1214e-07	0.0031456	4.882e-10	-0.0031456	3.1206e-07	-3.1184e-07	0.00349	4.686200000000001e-10	-0.0034894	3.1186e-07	-3.1182e-07	0.003813	4.5345e-10	-0.0038132	3.1186e-07	-3.118e-07	0.0041104	4.3647e-10	-0.004109	3.119e-07	-3.1186e-07
0.53	-2.8494e-05	7.002e-10	2.8566e-05	3.121e-07	-3.1224e-07	0.00052424	6.667600000000001e-10	-0.00052414	3.1222e-07	-3.1222e-07	0.00104798	6.3798e-10	-0.00104904	3.122e-07	-3.1194e-07	0.0015442	6.077600000000001e-10	-0.0015426	3.1194e-07	-3.1214e-07	0.0020096	5.816400000000001e-10	-0.0020088	3.1216e-07	-3.1192e-07	0.0024488	5.556800000000001e-10	-0.0024486	3.1238e-07	-3.1224e-07	0.0028614	5.3247e-10	-0.0028608	3.1194e-07	-3.119e-07	0.0032464	5.114900000000001e-10	-0.003246	3.121e-07	-3.1208e-07	0.0036052	4.905300000000001e-10	-0.003604	3.1188e-07	-3.1184e-07	0.003941	4.7393e-10	-0.0039416	3.1204e-07	-3.1202e-07	0.0042514	4.58e-10	-0.0042506	3.1182e-07	-3.119e-07
0.535	-2.9358000000000003e-05	7.3539e-10	2.9526e-05	3.1222e-07	-3.123e-07	0.00053826	6.991200000000001e-10	-0.00053788	3.1222e-07	-3.1226e-07	0.00107606	6.6568e-10	-0.00107658	3.1218e-07	-3.1218e-07	0.0015872	6.370000000000001e-10	-0.0015854	3.1204e-07	-3.1192e-07	0.0020676	6.1056e-10	-0.002067	3.1214e-07	-3.1194e-07	0.0025216	5.7909e-10	-0.00252	3.1174e-07	-3.1186e-07	0.0029472	5.5794e-10	-0.002949	3.1212e-07	-3.1214e-07	0.003348	5.352500000000001e-10	-0.0033474	3.119e-07	-3.119e-07	0.0037212	5.1402e-10	-0.0037208	3.118e-07	-3.118e-07	0.004072	4.958200000000001e-10	-0.004071	3.1184e-07	-3.1182e-07	0.0043938	4.765000000000001e-10	-0.0043936	3.1188e-07	-3.1184e-07
0.54	-2.9802e-05	7.6855e-10	3.0194000000000003e-05	3.123e-07	-3.1208e-07	0.00055242	7.3077e-10	-0.0005509	3.1232e-07	-3.1226e-07	0.00110368	6.9762e-10	-0.00110424	3.121e-07	-3.1212e-07	0.001628	6.6345e-10	-0.001628	3.12e-07	-3.1192e-07	0.0021258	6.3803e-10	-0.0021234	3.1194e-07	-3.1188e-07	0.0025928	6.1121e-10	-0.0025916	3.1228e-07	-3.1206e-07	0.0030342	5.8319e-10	-0.0030336	3.122e-07	-3.1194e-07	0.0034486	5.6052e-10	-0.0034476	3.1178e-07	-3.1178e-07	0.003835	5.392600000000001e-10	-0.0038338	3.121e-07	-3.1182e-07	0.0041994	5.197700000000001e-10	-0.0041974	3.1204e-07	-3.118e-07	0.0045366	5.019700000000001e-10	-0.004536	3.1176e-07	-3.1176e-07
0.545	-3.0722e-05	8.0401e-10	3.0796e-05	3.1204e-07	-3.1224e-07	0.00056502	7.6492e-10	-0.00056436	3.121e-07	-3.1206e-07	0.0011311	7.3086e-10	-0.00113102	3.1214e-07	-3.1196e-07	0.00167	6.989500000000001e-10	-0.0016708	3.1204e-07	-3.1184e-07	0.0021804	6.6584e-10	-0.0021802	3.1214e-07	-3.1218e-07	0.0026648	6.4355e-10	-0.0026628	3.1228e-07	-3.1218e-07	0.0031198	6.1244e-10	-0.0031194	3.1206e-07	-3.1214e-07	0.0035482	5.8647e-10	-0.0035484	3.1206e-07	-3.1186e-07	0.0039506	5.650800000000001e-10	-0.0039488	3.1178e-07	-3.1202e-07	0.004327	5.425500000000001e-10	-0.0043262	3.119e-07	-3.1188e-07	0.0046786	5.2344e-10	-0.004678	3.119e-07	-3.1196e-07
0.55	-3.1302e-05	8.419900000000001e-10	3.125e-05	3.1208e-07	-3.1232e-07	0.00057744	8.0341e-10	-0.00057694	3.123e-07	-3.1202e-07	0.0011584	7.6355e-10	-0.0011592	3.122e-07	-3.1216e-07	0.0017116	7.2823e-10	-0.0017108	3.1214e-07	-3.1206e-07	0.0022358	6.962300000000001e-10	-0.002236	3.1202e-07	-3.1196e-07	0.0027336	6.6779e-10	-0.0027328	3.121e-07	-3.1214e-07	0.0032034	6.3926e-10	-0.0032022	3.1204e-07	-3.1206e-07	0.003646	6.1284e-10	-0.0036456	3.1186e-07	-3.119e-07	0.0040628	5.8931e-10	-0.0040618	3.1186e-07	-3.119e-07	0.0044526	5.662500000000001e-10	-0.0044522	3.1186e-07	-3.1202e-07	0.0048178	5.4722e-10	-0.0048176	3.118e-07	-3.1198e-07
0.555	-3.2222000000000004e-05	8.7988e-10	3.2204e-05	3.1228e-07	-3.1206e-07	0.0005905	8.3927e-10	-0.00059118	3.1212e-07	-3.122e-07	0.001185	8.002600000000001e-10	-0.0011852	3.1214e-07	-3.121e-07	0.001753	7.6394e-10	-0.001751	3.1194e-07	-3.1202e-07	0.0022914	7.2925e-10	-0.0022904	3.119e-07	-3.1202e-07	0.002803	7.006900000000001e-10	-0.002802	3.1204e-07	-3.1216e-07	0.003287	6.7085e-10	-0.0032872	3.12e-07	-3.1188e-07	0.003744	6.4148e-10	-0.0037442	3.1182e-07	-3.1202e-07	0.004175	6.175600000000001e-10	-0.004174	3.118e-07	-3.1188e-07	0.00458	5.9381e-10	-0.0045804	3.1214e-07	-3.121e-07	0.0049582	5.717e-10	-0.004958	3.1182e-07	-3.1198e-07
0.56	-3.277e-05	9.207300000000001e-10	3.2814e-05	3.1216e-07	-3.1214e-07	0.0006037	8.79e-10	-0.00060296	3.12e-07	-3.1214e-07	0.0012114	8.3721e-10	-0.0012106	3.1206e-07	-3.1188e-07	0.0017926	7.9861e-10	-0.0017904	3.1186e-07	-3.1206e-07	0.0023454	7.6335e-10	-0.0023448	3.119e-07	-3.1194e-07	0.0028708	7.3054e-10	-0.0028706	3.1212e-07	-3.1226e-07	0.0033704	7.0089e-10	-0.003369	3.1188e-07	-3.1194e-07	0.003841	6.695300000000001e-10	-0.0038406	3.1198e-07	-3.1188e-07	0.0042846	6.4607e-10	-0.004285	3.1188e-07	-3.1188e-07	0.004704	6.2146e-10	-0.0047018	3.1192e-07	-3.1208e-07	0.0050954	5.9559e-10	-0.0050956	3.1188e-07	-3.1188e-07
0.565	-3.3254000000000004e-05	9.6462e-10	3.3328000000000003e-05	3.123e-07	-3.122e-07	0.00061566	9.1856e-10	-0.00061538	3.1224e-07	-3.1208e-07	0.001238	8.7555e-10	-0.0012366	3.1214e-07	-3.1208e-07	0.0018322	8.368e-10	-0.0018314	3.122e-07	-3.1218e-07	0.0023984	7.9914e-10	-0.0023982	3.1214e-07	-3.1212e-07	0.0029388	7.6529e-10	-0.0029376	3.1222e-07	-3.122e-07	0.0034516	7.3212e-10	-0.0034504	3.1206e-07	-3.1196e-07	0.0039366	7.033900000000001e-10	-0.003937	3.1184e-07	-3.1178e-07	0.004396	6.7467e-10	-0.004396	3.1194e-07	-3.1202e-07	0.0048286	6.497400000000001e-10	-0.0048264	3.1214e-07	-3.119e-07	0.005235	6.242600000000001e-10	-0.0052336	3.1192e-07	-3.1206e-07
0.57	-3.4178000000000004e-05	1.00778e-09	3.435e-05	3.122e-07	-3.1208e-07	0.00062792	9.5989e-10	-0.000628	3.1226e-07	-3.122e-07	0.0012618	9.156800000000001e-10	-0.0012616	3.121e-07	-3.1202e-07	0.0018706	8.7552e-10	-0.0018708	3.1206e-07	-3.1202e-07	0.0024522	8.373e-10	-0.002451	3.1186e-07	-3.119e-07	0.0030044	7.9732e-10	-0.0030046	3.1212e-07	-3.1218e-07	0.003531	7.673800000000001e-10	-0.0035302	3.1188e-07	-3.1204e-07	0.0040306	7.3366e-10	-0.0040308	3.12e-07	-3.1204e-07	0.0045026	7.0707e-10	-0.0045026	3.1204e-07	-3.1184e-07	0.004951	6.7877e-10	-0.0049502	3.1192e-07	-3.1204e-07	0.0053704	6.5076e-10	-0.0053696	3.1192e-07	-3.1202e-07
0.575	-3.4694000000000004e-05	1.05379e-09	3.461e-05	3.1208e-07	-3.12e-07	0.0006392	1.00432e-09	-0.00064026	3.1222e-07	-3.1202e-07	0.0012868	9.5713e-10	-0.0012862	3.1188e-07	-3.1196e-07	0.0019086	9.1401e-10	-0.0019094	3.12e-07	-3.1196e-07	0.002503	8.7462e-10	-0.002503	3.12e-07	-3.1194e-07	0.0030708	8.378900000000001e-10	-0.0030688	3.1188e-07	-3.1196e-07	0.0036106	8.0244e-10	-0.0036104	3.1214e-07	-3.1204e-07	0.0041246	7.6571e-10	-0.0041252	3.1186e-07	-3.1186e-07	0.0046116	7.3674e-10	-0.004612	3.119e-07	-3.1186e-07	0.0050722	7.101000000000001e-10	-0.0050722	3.1206e-07	-3.1206e-07	0.0055056	6.8089e-10	-0.0055052	3.121e-07	-3.1208e-07
0.58	-3.5422e-05	1.10217e-09	3.5534e-05	3.1206e-07	-3.121e-07	0.00065158	1.0502000000000002e-09	-0.00065204	3.1226e-07	-3.1222e-07	0.0013118	9.9978e-10	-0.001312	3.1198e-07	-3.1196e-07	0.001947	9.5479e-10	-0.0019464	3.1196e-07	-3.119e-07	0.0025538	9.1465e-10	-0.0025534	3.1214e-07	-3.1196e-07	0.003136	8.759e-10	-0.003134	3.122e-07	-3.1194e-07	0.00369	8.3819e-10	-0.0036894	3.121e-07	-3.1206e-07	0.0042184	8.021400000000001e-10	-0.0042166	3.1206e-07	-3.12e-07	0.0047174	7.6855e-10	-0.0047166	3.1182e-07	-3.1202e-07	0.0051906	7.3935e-10	-0.0051904	3.1194e-07	-3.1208e-07	0.005637	7.143200000000001e-10	-0.0056374	3.1194e-07	-3.1196e-07
0.585	-3.6352e-05	1.1495e-09	3.6234e-05	3.121e-07	-3.1226e-07	0.00066244	1.10113e-09	-0.00066304	3.122e-07	-3.1208e-07	0.001337	1.04739e-09	-0.0013362	3.1214e-07	-3.1206e-07	0.0019848	9.9758e-10	-0.001983	3.1212e-07	-3.1212e-07	0.0026062	9.5626e-10	-0.0026038	3.1198e-07	-3.119e-07	0.0031976	9.1265e-10	-0.0031982	3.1208e-07	-3.1212e-07	0.0037666	8.762700000000001e-10	-0.0037666	3.1202e-07	-3.1188e-07	0.004309	8.3611e-10	-0.0043078	3.1214e-07	-3.1208e-07	0.0048228	8.0562e-10	-0.0048208	3.118e-07	-3.1184e-07	0.005311	7.7537e-10	-0.0053116	3.121e-07	-3.1202e-07	0.0057704	7.4557e-10	-0.0057698	3.121e-07	-3.1208e-07
0.59	-3.6794e-05	1.204e-09	3.6858e-05	3.1234e-07	-3.1214e-07	0.00067386	1.1465e-09	-0.00067382	3.1208e-07	-3.12e-07	0.0013604	1.09303e-09	-0.001359	3.1198e-07	-3.1196e-07	0.00202	1.04356e-09	-0.00202	3.1204e-07	-3.121e-07	0.0026528	9.9603e-10	-0.002655	3.1214e-07	-3.1196e-07	0.0032604	9.5413e-10	-0.00326	3.1198e-07	-3.1194e-07	0.0038436	9.126e-10	-0.003844	3.121e-07	-3.1196e-07	0.0043974	8.7722e-10	-0.0043964	3.121e-07	-3.121e-07	0.004924	8.400500000000001e-10	-0.0049244	3.1206e-07	-3.12e-07	0.005428	8.0968e-10	-0.005427	3.1186e-07	-3.1188e-07	0.005901	7.842300000000001e-10	-0.0059004	3.119e-07	-3.1188e-07
0.595	-3.7234e-05	1.258e-09	3.7392e-05	3.1216e-07	-3.1208e-07	0.0006868	1.1979e-09	-0.00068526	3.121e-07	-3.1208e-07	0.0013824	1.1412e-09	-0.0013828	3.1216e-07	-3.1208e-07	0.0020556	1.0894000000000002e-09	-0.0020556	3.1194e-07	-3.1198e-07	0.002702	1.04352e-09	-0.002702	3.121e-07	-3.1212e-07	0.003323	1.0001e-09	-0.0033238	3.121e-07	-3.1202e-07	0.0039194	9.5699e-10	-0.003918	3.121e-07	-3.1216e-07	0.0044872	9.153199999999999e-10	-0.0044878	3.1204e-07	-3.1184e-07	0.0050274	8.8039e-10	-0.0050268	3.12e-07	-3.12e-07	0.0055426	8.448200000000001e-10	-0.0055426	3.1204e-07	-3.12e-07	0.0060308	8.1196e-10	-0.00603	3.1194e-07	-3.1202e-07
0.6	-3.7766e-05	1.3128e-09	3.7824e-05	3.1232e-07	-3.1212e-07	0.00069644	1.2529e-09	-0.0006962	3.1214e-07	-3.122e-07	0.0014058	1.1943e-09	-0.001405	3.1198e-07	-3.1206e-07	0.0020914	1.1405e-09	-0.0020908	3.1194e-07	-3.1206e-07	0.0027504	1.09032e-09	-0.0027492	3.119e-07	-3.1188e-07	0.003384	1.04147e-09	-0.0033824	3.1186e-07	-3.1196e-07	0.0039922	9.9835e-10	-0.0039912	3.1202e-07	-3.119e-07	0.0045734	9.5691e-10	-0.0045728	3.1198e-07	-3.119e-07	0.0051272	9.1945e-10	-0.0051268	3.12e-07	-3.1184e-07	0.0056578	8.8309e-10	-0.0056562	3.1198e-07	-3.1214e-07	0.006157	8.488600000000001e-10	-0.0061558	3.1192e-07	-3.1192e-07
0.605	-3.8264e-05	1.3732e-09	3.8422e-05	3.1234e-07	-3.1206e-07	0.00070704	1.3073e-09	-0.0007071	3.121e-07	-3.1218e-07	0.0014282	1.2486e-09	-0.0014272	3.1198e-07	-3.119e-07	0.0021272	1.1902e-09	-0.0021256	3.1212e-07	-3.1194e-07	0.0027978	1.1406e-09	-0.0027956	3.1188e-07	-3.1206e-07	0.0034448	1.09175e-09	-0.0034432	3.1198e-07	-3.1194e-07	0.0040656	1.04411e-09	-0.0040644	3.1196e-07	-3.1196e-07	0.0046602	9.9819e-10	-0.0046582	3.1202e-07	-3.1186e-07	0.0052274	9.5727e-10	-0.0052266	3.1192e-07	-3.12e-07	0.0057688	9.263599999999999e-10	-0.005768	3.1212e-07	-3.1192e-07	0.0062836	8.8646e-10	-0.006283	3.1192e-07	-3.1178e-07
0.61	-3.8938e-05	1.434e-09	3.8892e-05	3.1222e-07	-3.121e-07	0.00071884	1.3674e-09	-0.0007168	3.1206e-07	-3.1218e-07	0.0014516	1.3017e-09	-0.0014502	3.1196e-07	-3.1196e-07	0.0021604	1.2462e-09	-0.00216	3.1192e-07	-3.1196e-07	0.0028426	1.1926e-09	-0.0028422	3.121e-07	-3.1202e-07	0.0035012	1.1401e-09	-0.0035014	3.1192e-07	-3.1194e-07	0.0041376	1.0882e-09	-0.004135	3.1194e-07	-3.1188e-07	0.004743	1.04077e-09	-0.0047424	3.1204e-07	-3.1208e-07	0.0053242	1.00376e-09	-0.0053238	3.1206e-07	-3.1204e-07	0.0058792	9.6404e-10	-0.0058786	3.1198e-07	-3.1198e-07	0.0064064	9.229600000000001e-10	-0.006408	3.1196e-07	-3.1194e-07
0.615	-3.9792e-05	1.4977e-09	3.9452e-05	3.1222e-07	-3.1212e-07	0.00072904	1.4258e-09	-0.00072826	3.1208e-07	-3.1204e-07	0.0014714	1.3643e-09	-0.001471	3.1216e-07	-3.1214e-07	0.0021946	1.2978e-09	-0.0021946	3.1194e-07	-3.118e-07	0.002888	1.2434e-09	-0.0028876	3.12e-07	-3.1198e-07	0.0035588	1.191e-09	-0.0035598	3.1224e-07	-3.1218e-07	0.004206	1.1409e-09	-0.0042066	3.1192e-07	-3.1194e-07	0.0048256	1.09045e-09	-0.0048276	3.1216e-07	-3.1208e-07	0.0054212	1.04746e-09	-0.0054202	3.1206e-07	-3.1188e-07	0.0059906	1.00526e-09	-0.005989	3.119e-07	-3.12e-07	0.0065298	9.6922e-10	-0.0065294	3.1194e-07	-3.1188e-07
0.62	-4.0102e-05	1.5646e-09	4.0314e-05	3.1214e-07	-3.1212e-07	0.00073908	1.4884e-09	-0.00073972	3.1198e-07	-3.1218e-07	0.0014936	1.4224e-09	-0.0014926	3.1196e-07	-3.1196e-07	0.0022262	1.357e-09	-0.0022244	3.1208e-07	-3.121e-07	0.0029334	1.2997e-09	-0.0029322	3.121e-07	-3.1206e-07	0.0036164	1.2392e-09	-0.003615	3.121e-07	-3.121e-07	0.0042748	1.1888999999999999e-09	-0.004275	3.12e-07	-3.119e-07	0.0049078	1.1397e-09	-0.0049066	3.1204e-07	-3.1202e-07	0.0055142	1.0906500000000002e-09	-0.0055144	3.1192e-07	-3.1186e-07	0.0060962	1.04795e-09	-0.006095	3.121e-07	-3.1206e-07	0.0066494	1.0073900000000002e-09	-0.0066502	3.1216e-07	-3.1212e-07
0.625	-4.0514e-05	1.6331e-09	4.0648e-05	3.122e-07	-3.1228e-07	0.00074824	1.5558e-09	-0.00074956	3.121e-07	-3.123e-07	0.0015142	1.4872e-09	-0.0015134	3.1216e-07	-3.1216e-07	0.0022578	1.4189e-09	-0.0022574	3.1216e-07	-3.1208e-07	0.002976	1.3576e-09	-0.0029774	3.1206e-07	-3.1212e-07	0.0036712	1.2975e-09	-0.00367	3.1194e-07	-3.1184e-07	0.004343	1.242e-09	-0.0043426	3.1198e-07	-3.119e-07	0.0049896	1.1888e-09	-0.0049886	3.119e-07	-3.1208e-07	0.005608	1.1414e-09	-0.005608	3.1206e-07	-3.1204e-07	0.0062022	1.09556e-09	-0.0062024	3.1208e-07	-3.1208e-07	0.0067682	1.05185e-09	-0.006768	3.1192e-07	-3.1186e-07
0.63	-4.1118e-05	1.7034e-09	4.1264e-05	3.1208e-07	-3.1216e-07	0.0007586	1.6221e-09	-0.00075806	3.1194e-07	-3.1202e-07	0.0015348	1.5534e-09	-0.0015334	3.1204e-07	-3.1196e-07	0.0022904	1.4818e-09	-0.002289	3.1204e-07	-3.1198e-07	0.0030204	1.4147e-09	-0.003019	3.1216e-07	-3.1194e-07	0.0037252	1.3548e-09	-0.0037264	3.1212e-07	-3.1194e-07	0.0044086	1.2974e-09	-0.0044094	3.1192e-07	-3.1212e-07	0.005068	1.2403e-09	-0.0050658	3.1188e-07	-3.1182e-07	0.0056982	1.2005e-09	-0.0056986	3.1206e-07	-3.1208e-07	0.0063054	1.1457e-09	-0.0063056	3.1184e-07	-3.1184e-07	0.0068854	1.09935e-09	-0.0068854	3.1186e-07	-3.1192e-07
0.635	-4.1632e-05	1.777e-09	4.1652e-05	3.1216e-07	-3.1212e-07	0.00076802	1.6953e-09	-0.00076858	3.1222e-07	-3.12e-07	0.0015542	1.6206e-09	-0.0015542	3.1198e-07	-3.1196e-07	0.0023206	1.5442e-09	-0.0023206	3.121e-07	-3.1186e-07	0.0030622	1.4771e-09	-0.0030618	3.121e-07	-3.1184e-07	0.0037798	1.4131e-09	-0.00378	3.12e-07	-3.1202e-07	0.0044746	1.3512e-09	-0.004474	3.1204e-07	-3.121e-07	0.0051444	1.2939e-09	-0.0051438	3.1204e-07	-3.1184e-07	0.0057898	1.2413e-09	-0.005789	3.12e-07	-3.1178e-07	0.0064082	1.1937e-09	-0.0064086	3.1194e-07	-3.1206e-07	0.0070026	1.1464e-09	-0.0070008	3.1192e-07	-3.1206e-07
0.64	-4.2588e-05	1.8543e-09	4.2466e-05	3.121e-07	-3.1216e-07	0.00077704	1.7707e-09	-0.0007765	3.121e-07	-3.123e-07	0.001575	1.6904e-09	-0.001575	3.1206e-07	-3.119e-07	0.0023506	1.6127e-09	-0.0023508	3.1192e-07	-3.1196e-07	0.0031026	1.5414e-09	-0.0031026	3.1214e-07	-3.119e-07	0.003833	1.4765e-09	-0.0038316	3.1212e-07	-3.119e-07	0.0045392	1.4119e-09	-0.004539	3.1186e-07	-3.119e-07	0.0052212	1.3525e-09	-0.0052198	3.1216e-07	-3.119e-07	0.0058764	1.2958e-09	-0.0058766	3.1212e-07	-3.118e-07	0.0065092	1.2463e-09	-0.0065072	3.1206e-07	-3.1206e-07	0.0071136	1.1959e-09	-0.007113	3.119e-07	-3.1206e-07
0.645	-4.2948e-05	1.9397e-09	4.2944e-05	3.1214e-07	-3.1212e-07	0.00078646	1.8497e-09	-0.0007859	3.1226e-07	-3.1232e-07	0.0015948	1.7607e-09	-0.0015942	3.1196e-07	-3.1204e-07	0.0023816	1.6802e-09	-0.00238	3.1186e-07	-3.121e-07	0.0031438	1.6121e-09	-0.0031428	3.121e-07	-3.1192e-07	0.0038844	1.538e-09	-0.0038854	3.1214e-07	-3.1208e-07	0.0046024	1.4714e-09	-0.0046022	3.1206e-07	-3.1212e-07	0.005297	1.4119e-09	-0.0052954	3.1186e-07	-3.1188e-07	0.0059648	1.3557e-09	-0.0059632	3.1194e-07	-3.119e-07	0.0066078	1.3027e-09	-0.0066084	3.1194e-07	-3.12e-07	0.007226	1.2492e-09	-0.0072248	3.1182e-07	-3.1188e-07
0.65	-4.3316e-05	2.025e-09	4.306e-05	3.1238e-07	-3.1218e-07	0.00079588	1.9275e-09	-0.00079522	3.1226e-07	-3.1226e-07	0.0016142	1.8387e-09	-0.001612	3.1198e-07	-3.1194e-07	0.0024098	1.7534e-09	-0.0024086	3.1192e-07	-3.1196e-07	0.0031824	1.6778e-09	-0.0031812	3.1192e-07	-3.1196e-07	0.0039348	1.6065e-09	-0.003934	3.1184e-07	-3.1188e-07	0.0046642	1.5381e-09	-0.0046624	3.1198e-07	-3.119e-07	0.0053682	1.4729e-09	-0.005368	3.1206e-07	-3.1194e-07	0.0060498	1.4138e-09	-0.006047	3.1188e-07	-3.1184e-07	0.006705	1.3586e-09	-0.0067046	3.1186e-07	-3.1202e-07	0.0073344	1.3002e-09	-0.0073332	3.1182e-07	-3.1178e-07
0.655	-4.3842000000000005e-05	2.1085e-09	4.4208e-05	3.121e-07	-3.1212e-07	0.0008038	2.0088e-09	-0.00080256	3.1206e-07	-3.1224e-07	0.0016306	1.9193e-09	-0.0016302	3.1202e-07	-3.1206e-07	0.0024388	1.8288e-09	-0.0024372	3.121e-07	-3.1212e-07	0.003221	1.7513e-09	-0.003222	3.1208e-07	-3.1196e-07	0.0039858	1.6714e-09	-0.0039826	3.1198e-07	-3.1212e-07	0.0047246	1.6058e-09	-0.0047236	3.1194e-07	-3.1184e-07	0.0054406	1.5346e-09	-0.0054398	3.119e-07	-3.1202e-07	0.0061318	1.474e-09	-0.00613	3.1198e-07	-3.1184e-07	0.006799	1.4163e-09	-0.0067986	3.1198e-07	-3.1186e-07	0.007441	1.3575e-09	-0.0074416	3.1216e-07	-3.1212e-07
0.66	-4.419e-05	2.1965e-09	4.436e-05	3.1228e-07	-3.1224e-07	0.00081384	2.097e-09	-0.00081344	3.1224e-07	-3.1218e-07	0.00165	2.0037e-09	-0.0016494	3.1204e-07	-3.1196e-07	0.0024658	1.9086e-09	-0.0024656	3.1216e-07	-3.1194e-07	0.0032604	1.8221e-09	-0.0032612	3.119e-07	-3.1212e-07	0.0040336	1.7489e-09	-0.004033	3.1188e-07	-3.1194e-07	0.0047848	1.673e-09	-0.0047834	3.1216e-07	-3.119e-07	0.0055114	1.6005e-09	-0.0055084	3.121e-07	-3.1204e-07	0.0062134	1.5373e-09	-0.006213	3.1192e-07	-3.1188e-07	0.0068954	1.4756e-09	-0.0068942	3.1204e-07	-3.1194e-07	0.0075476	1.4147e-09	-0.0075474	3.1182e-07	-3.1188e-07
0.665	-4.4542e-05	2.298e-09	4.468e-05	3.1234e-07	-3.1224e-07	0.0008207	2.1876e-09	-0.00082102	3.1222e-07	-3.122e-07	0.0016664	2.0877e-09	-0.0016662	3.1194e-07	-3.1192e-07	0.002493	1.9915e-09	-0.002493	3.1194e-07	-3.1194e-07	0.0032968	1.9044e-09	-0.0032982	3.1202e-07	-3.1212e-07	0.0040818	1.8225e-09	-0.0040794	3.1188e-07	-3.1202e-07	0.0048428	1.7431e-09	-0.0048424	3.1222e-07	-3.119e-07	0.0055786	1.6708e-09	-0.0055786	3.1188e-07	-3.1186e-07	0.0062948	1.6066e-09	-0.0062952	3.1198e-07	-3.1188e-07	0.0069852	1.5381e-09	-0.006987	3.1186e-07	-3.1188e-07	0.0076514	1.4768e-09	-0.0076516	3.1208e-07	-3.1182e-07
0.67	-4.5008e-05	2.3985e-09	4.5146e-05	3.1222e-07	-3.1226e-07	0.00083066	2.2891e-09	-0.00082936	3.1226e-07	-3.122e-07	0.0016838	2.1835e-09	-0.0016844	3.1226e-07	-3.122e-07	0.0025202	2.0798e-09	-0.0025194	3.1214e-07	-3.119e-07	0.0033352	1.9886e-09	-0.0033334	3.1194e-07	-3.1212e-07	0.0041286	1.9016e-09	-0.0041276	3.1192e-07	-3.121e-07	0.0049008	1.82e-09	-0.004901	3.1194e-07	-3.1196e-07	0.0056502	1.7447e-09	-0.0056486	3.1194e-07	-3.1198e-07	0.0063736	1.6688e-09	-0.006375	3.1184e-07	-3.1184e-07	0.0070774	1.609e-09	-0.0070776	3.1188e-07	-3.121e-07	0.0077548	1.5414e-09	-0.0077542	3.1184e-07	-3.1186e-07
0.675	-4.571e-05	2.4991e-09	4.557e-05	3.1216e-07	-3.1228e-07	0.00083728	2.3815e-09	-0.00083804	3.1218e-07	-3.12e-07	0.0017028	2.2725e-09	-0.0017008	3.12e-07	-3.12e-07	0.002545	2.1666e-09	-0.0025458	3.121e-07	-3.121e-07	0.0033704	2.0717e-09	-0.0033694	3.1194e-07	-3.1196e-07	0.004174	1.9835e-09	-0.0041726	3.1196e-07	-3.1194e-07	0.0049566	1.8971e-09	-0.004957	3.1214e-07	-3.1214e-07	0.0057154	1.817e-09	-0.0057144	3.1188e-07	-3.1184e-07	0.0064512	1.7424e-09	-0.0064502	3.1206e-07	-3.1206e-07	0.0071654	1.6755e-09	-0.007165	3.121e-07	-3.1206e-07	0.0078526	1.6082e-09	-0.0078538	3.121e-07	-3.1198e-07
0.68	-4.556e-05	2.6081e-09	4.5612e-05	3.121e-07	-3.121e-07	0.000847	2.4885e-09	-0.0008463	3.1204e-07	-3.1206e-07	0.0017186	2.3743e-09	-0.0017192	3.1194e-07	-3.1188e-07	0.0025726	2.2625e-09	-0.0025722	3.1194e-07	-3.1202e-07	0.0034048	2.1622e-09	-0.0034056	3.1212e-07	-3.119e-07	0.00422	2.0713e-09	-0.0042198	3.1216e-07	-3.1212e-07	0.0050116	1.9797e-09	-0.0050118	3.121e-07	-3.1214e-07	0.0057806	1.8963e-09	-0.0057792	3.1194e-07	-3.1208e-07	0.006528	1.8184e-09	-0.0065288	3.118e-07	-3.1194e-07	0.0072532	1.7485e-09	-0.0072528	3.12e-07	-3.1206e-07	0.0079524	1.6761e-09	-0.0079526	3.1206e-07	-3.1194e-07
0.685	-4.66e-05	2.7206e-09	4.6512000000000005e-05	3.1228e-07	-3.1208e-07	0.0008536	2.5916e-09	-0.0008544	3.122e-07	-3.1202e-07	0.0017362	2.4749e-09	-0.0017332	3.1218e-07	-3.1212e-07	0.0025968	2.3595e-09	-0.0025984	3.1204e-07	-3.12e-07	0.0034406	2.2558e-09	-0.003438	3.122e-07	-3.1208e-07	0.0042634	2.1576e-09	-0.0042626	3.12e-07	-3.1208e-07	0.0050642	2.0634e-09	-0.0050664	3.1206e-07	-3.1212e-07	0.0058452	1.9745e-09	-0.005844	3.1188e-07	-3.1188e-07	0.0066024	1.8951e-09	-0.0066024	3.1206e-07	-3.1208e-07	0.007337	1.8178e-09	-0.0073366	3.119e-07	-3.1186e-07	0.0080474	1.7457e-09	-0.0080482	3.1208e-07	-3.1188e-07
0.69	-4.6958e-05	2.8322e-09	4.6758e-05	3.1218e-07	-3.1208e-07	0.000862	2.7037e-09	-0.00086082	3.1208e-07	-3.1216e-07	0.0017508	2.5779e-09	-0.0017504	3.1208e-07	-3.1206e-07	0.0026224	2.4608e-09	-0.0026228	3.1194e-07	-3.1188e-07	0.003475	2.3541e-09	-0.0034734	3.1216e-07	-3.12e-07	0.0043066	2.2524e-09	-0.0043056	3.1204e-07	-3.1198e-07	0.0051192	2.155e-09	-0.0051186	3.1204e-07	-3.1186e-07	0.0059094	2.06e-09	-0.0059092	3.1196e-07	-3.119e-07	0.0066762	1.9766e-09	-0.0066762	3.1206e-07	-3.1212e-07	0.0074232	1.8995e-09	-0.0074236	3.1206e-07	-3.1186e-07	0.0081438	1.821e-09	-0.0081412	3.1206e-07	-3.12e-07
0.695	-4.7096e-05	2.9555e-09	4.7182e-05	3.1206e-07	-3.1206e-07	0.00087012	2.8191e-09	-0.00087004	3.121e-07	-3.1206e-07	0.0017678	2.6895e-09	-0.0017658	3.1206e-07	-3.1206e-07	0.002648	2.5635e-09	-0.0026466	3.121e-07	-3.1208e-07	0.003507	2.4557e-09	-0.0035068	3.1204e-07	-3.1196e-07	0.004349	2.3468e-09	-0.0043478	3.1198e-07	-3.121e-07	0.005171	2.2463e-09	-0.0051692	3.119e-07	-3.1188e-07	0.0059694	2.1516e-09	-0.0059696	3.12e-07	-3.1214e-07	0.0067496	2.0636e-09	-0.0067476	3.1188e-07	-3.12e-07	0.0075056	1.9787e-09	-0.0075036	3.1196e-07	-3.1184e-07	0.0082364	1.9014e-09	-0.008236	3.1192e-07	-3.1184e-07
0.7	-4.7866e-05	3.0866e-09	4.8084e-05	3.121e-07	-3.1198e-07	0.00087536	2.9424e-09	-0.00087484	3.1206e-07	-3.1226e-07	0.001782	2.8066e-09	-0.0017822	3.1206e-07	-3.1198e-07	0.0026704	2.6756e-09	-0.0026694	3.1214e-07	-3.1194e-07	0.0035398	2.5599e-09	-0.003538	3.1188e-07	-3.1208e-07	0.004391	2.4506e-09	-0.0043896	3.1216e-07	-3.1206e-07	0.0052232	2.3404e-09	-0.0052212	3.1208e-07	-3.1192e-07	0.0060312	2.2449e-09	-0.0060314	3.1206e-07	-3.1198e-07	0.0068202	2.1519e-09	-0.0068198	3.1204e-07	-3.12e-07	0.0075868	2.0634e-09	-0.0075858	3.1198e-07	-3.1182e-07	0.0083274	1.9831e-09	-0.0083282	3.1208e-07	-3.1184e-07
0.705	-4.8368e-05	3.2198e-09	4.8284e-05	3.1208e-07	-3.1208e-07	0.00088424	3.0661e-09	-0.00088312	3.121e-07	-3.1198e-07	0.0017954	2.9299e-09	-0.0017978	3.121e-07	-3.1218e-07	0.002694	2.7915e-09	-0.002692	3.121e-07	-3.1202e-07	0.003572	2.674e-09	-0.0035714	3.1212e-07	-3.1216e-07	0.0044306	2.551e-09	-0.0044318	3.1208e-07	-3.1206e-07	0.0052708	2.4376e-09	-0.0052712	3.1212e-07	-3.1212e-07	0.0060906	2.3378e-09	-0.0060894	3.1216e-07	-3.1212e-07	0.0068892	2.2413e-09	-0.0068876	3.1204e-07	-3.1182e-07	0.0076656	2.1508e-09	-0.0076662	3.1216e-07	-3.1186e-07	0.0084176	2.0651e-09	-0.008417	3.1192e-07	-3.1188e-07
0.71	-4.871e-05	3.3598e-09	4.8534e-05	3.1228e-07	-3.1226e-07	0.000892	3.2011e-09	-0.00089118	3.123e-07	-3.1224e-07	0.001812	3.0655e-09	-0.0018114	3.1198e-07	-3.1212e-07	0.002717	2.9129e-09	-0.002718	3.1206e-07	-3.1206e-07	0.003604	2.7868e-09	-0.0036022	3.1216e-07	-3.1196e-07	0.0044706	2.6616e-09	-0.0044706	3.1196e-07	-3.1198e-07	0.0053202	2.5436e-09	-0.0053196	3.1214e-07	-3.1202e-07	0.0061488	2.4347e-09	-0.0061486	3.119e-07	-3.1208e-07	0.006958	2.334e-09	-0.006958	3.1188e-07	-3.119e-07	0.007744	2.242e-09	-0.0077428	3.1192e-07	-3.1198e-07	0.0085056	2.154e-09	-0.0085064	3.1194e-07	-3.1192e-07
0.715	-4.9198e-05	3.5033e-09	4.9256e-05	3.121e-07	-3.123e-07	0.0008981	3.3388e-09	-0.00089652	3.1206e-07	-3.1202e-07	0.0018254	3.1912e-09	-0.0018278	3.1196e-07	-3.12e-07	0.0027394	3.0336e-09	-0.0027396	3.1214e-07	-3.1196e-07	0.003633	2.9024e-09	-0.003633	3.1212e-07	-3.1212e-07	0.0045094	2.7773e-09	-0.0045084	3.1194e-07	-3.1212e-07	0.0053676	2.6509e-09	-0.0053674	3.1194e-07	-3.1216e-07	0.0062068	2.539e-09	-0.006204	3.1208e-07	-3.119e-07	0.0070228	2.4355e-09	-0.0070226	3.1188e-07	-3.1206e-07	0.00782	2.3351e-09	-0.0078194	3.1194e-07	-3.1188e-07	0.0085934	2.2406e-09	-0.0085914	3.1192e-07	-3.1206e-07
0.72	-4.9614e-05	3.6556e-09	4.9684e-05	3.1206e-07	-3.1212e-07	0.00090508	3.481e-09	-0.00090332	3.1206e-07	-3.1202e-07	0.0018426	3.3315e-09	-0.0018402	3.1188e-07	-3.119e-07	0.002763	3.1681e-09	-0.0027608	3.1192e-07	-3.1198e-07	0.0036624	3.0264e-09	-0.0036636	3.1188e-07	-3.1212e-07	0.0045496	2.8989e-09	-0.0045492	3.121e-07	-3.1208e-07	0.005417	2.7672e-09	-0.005417	3.1198e-07	-3.1216e-07	0.0062618	2.6485e-09	-0.0062612	3.1214e-07	-3.121e-07	0.007088	2.542e-09	-0.0070888	3.1206e-07	-3.1202e-07	0.0078942	2.4395e-09	-0.0078948	3.1198e-07	-3.1188e-07	0.0086766	2.3336e-09	-0.008675	3.1208e-07	-3.1204e-07
0.725	-4.968e-05	3.8129e-09	4.9876e-05	3.1212e-07	-3.1206e-07	0.00091086	3.6346e-09	-0.00091022	3.1222e-07	-3.1222e-07	0.001856	3.4698e-09	-0.001853	3.1224e-07	-3.1208e-07	0.0027834	3.3065e-09	-0.0027814	3.1196e-07	-3.1192e-07	0.003693	3.1571e-09	-0.0036926	3.1214e-07	-3.1194e-07	0.0045864	3.0193e-09	-0.0045866	3.1196e-07	-3.1188e-07	0.005462	2.8838e-09	-0.0054616	3.12e-07	-3.1214e-07	0.0063146	2.7575e-09	-0.0063166	3.1184e-07	-3.1206e-07	0.0071518	2.6472e-09	-0.007152	3.121e-07	-3.1196e-07	0.0079696	2.5426e-09	-0.0079678	3.121e-07	-3.1202e-07	0.0087604	2.4314e-09	-0.0087576	3.1204e-07	-3.1206e-07
0.73	-5.048000000000001e-05	3.9845e-09	5.041200000000001e-05	3.124e-07	-3.1234e-07	0.00091656	3.793e-09	-0.00091786	3.1206e-07	-3.1226e-07	0.0018684	3.6218e-09	-0.001868	3.1204e-07	-3.1212e-07	0.0028052	3.4498e-09	-0.0028038	3.1192e-07	-3.1196e-07	0.0037236	3.3032e-09	-0.0037204	3.12e-07	-3.1194e-07	0.004622	3.149e-09	-0.0046234	3.1192e-07	-3.1206e-07	0.005507	3.0137e-09	-0.005507	3.119e-07	-3.1194e-07	0.0063714	2.8818e-09	-0.00637	3.1214e-07	-3.121e-07	0.0072152	2.7611e-09	-0.0072156	3.1186e-07	-3.1186e-07	0.008038	2.645e-09	-0.0080398	3.1188e-07	-3.1184e-07	0.0088424	2.533e-09	-0.00884	3.1206e-07	-3.1186e-07
0.735	-5.0642e-05	4.1578e-09	5.0534e-05	3.1204e-07	-3.1224e-07	0.00092566	3.9529e-09	-0.0009226	3.1214e-07	-3.1222e-07	0.0018814	3.776e-09	-0.0018806	3.12e-07	-3.12e-07	0.0028258	3.5977e-09	-0.002823	3.1208e-07	-3.1212e-07	0.0037496	3.4407e-09	-0.0037494	3.1204e-07	-3.1184e-07	0.0046586	3.2827e-09	-0.0046576	3.1198e-07	-3.1188e-07	0.0055512	3.1397e-09	-0.0055502	3.1216e-07	-3.1188e-07	0.0064234	3.0042e-09	-0.0064244	3.1194e-07	-3.1186e-07	0.0072764	2.8744e-09	-0.007275	3.1206e-07	-3.1182e-07	0.008111	2.7589e-09	-0.008111	3.1186e-07	-3.121e-07	0.0089202	2.6438e-09	-0.0089204	3.1198e-07	-3.119e-07
0.74	-5.0842e-05	4.3461e-09	5.091e-05	3.1214e-07	-3.1226e-07	0.0009306	4.1286e-09	-0.00092844	3.1204e-07	-3.1206e-07	0.0018956	3.9401e-09	-0.0018946	3.1202e-07	-3.12e-07	0.0028458	3.7552e-09	-0.0028448	3.122e-07	-3.1214e-07	0.0037778	3.5874e-09	-0.003777	3.1212e-07	-3.1218e-07	0.0046952	3.425e-09	-0.0046942	3.1194e-07	-3.1208e-07	0.0055952	3.2707e-09	-0.0055938	3.1194e-07	-3.119e-07	0.0064754	3.1295e-09	-0.0064744	3.1192e-07	-3.119e-07	0.0073392	2.9985e-09	-0.0073372	3.12e-07	-3.1214e-07	0.0081792	2.8736e-09	-0.008179	3.1206e-07	-3.119e-07	0.0090014	2.7571e-09	-0.0090004	3.1186e-07	-3.1188e-07
0.745	-5.1122e-05	4.523e-09	5.129e-05	3.1212e-07	-3.122e-07	0.00093562	4.3122e-09	-0.00093514	3.1208e-07	-3.1226e-07	0.0019074	4.1129e-09	-0.0019064	3.1194e-07	-3.1212e-07	0.0028644	3.9183e-09	-0.0028652	3.1194e-07	-3.1188e-07	0.0038046	3.7408e-09	-0.003804	3.1192e-07	-3.1212e-07	0.0047294	3.5722e-09	-0.0047292	3.1194e-07	-3.1188e-07	0.0056366	3.4137e-09	-0.005636	3.1192e-07	-3.119e-07	0.0065278	3.2626e-09	-0.0065264	3.119e-07	-3.1194e-07	0.0073966	3.1272e-09	-0.0073966	3.1206e-07	-3.1192e-07	0.0082478	2.9992e-09	-0.0082476	3.1202e-07	-3.1206e-07	0.0090772	2.8701e-09	-0.0090762	3.1212e-07	-3.1202e-07
0.75	-5.1500000000000005e-05	4.7322e-09	5.1898e-05	3.1226e-07	-3.1228e-07	0.00094224	4.5018e-09	-0.00094162	3.1224e-07	-3.1226e-07	0.0019198	4.2955e-09	-0.0019196	3.121e-07	-3.1208e-07	0.0028838	4.0887e-09	-0.0028846	3.1212e-07	-3.1208e-07	0.0038324	3.9051e-09	-0.0038314	3.1206e-07	-3.121e-07	0.0047634	3.7263e-09	-0.0047622	3.1196e-07	-3.1194e-07	0.0056804	3.5555e-09	-0.0056772	3.1214e-07	-3.1206e-07	0.0065768	3.4027e-09	-0.006574	3.1184e-07	-3.1188e-07	0.0074546	3.262e-09	-0.007455	3.12e-07	-3.1208e-07	0.0083156	3.1271e-09	-0.0083146	3.1186e-07	-3.1206e-07	0.0091536	2.9947e-09	-0.0091514	3.1214e-07	-3.119e-07
0.755	-5.1696e-05	4.944e-09	5.1882e-05	3.122e-07	-3.1208e-07	0.00094698	4.7066e-09	-0.00094864	3.1206e-07	-3.1218e-07	0.001933	4.4787e-09	-0.0019324	3.1214e-07	-3.1202e-07	0.0029032	4.261e-09	-0.0029018	3.1196e-07	-3.1194e-07	0.0038584	4.0649e-09	-0.0038582	3.1192e-07	-3.1192e-07	0.0047964	3.8877e-09	-0.004796	3.1196e-07	-3.1214e-07	0.0057206	3.7124e-09	-0.0057198	3.1186e-07	-3.1188e-07	0.0066242	3.5557e-09	-0.0066246	3.119e-07	-3.1188e-07	0.007511	3.3999e-09	-0.0075112	3.1192e-07	-3.1208e-07	0.0083786	3.2586e-09	-0.0083784	3.1184e-07	-3.1186e-07	0.0092264	3.1187e-09	-0.0092248	3.1206e-07	-3.1188e-07
0.76	-5.2214000000000005e-05	5.1626e-09	5.1812000000000005e-05	3.1222e-07	-3.1206e-07	0.00095372	4.9127e-09	-0.00095408	3.12e-07	-3.1206e-07	0.001947	4.6786e-09	-0.0019446	3.1198e-07	-3.1192e-07	0.0029232	4.4494e-09	-0.0029212	3.1192e-07	-3.12e-07	0.003884	4.2482e-09	-0.003883	3.1194e-07	-3.1192e-07	0.004828	4.0569e-09	-0.0048282	3.1214e-07	-3.1214e-07	0.0057604	3.8749e-09	-0.0057582	3.1192e-07	-3.1218e-07	0.0066714	3.7021e-09	-0.0066726	3.119e-07	-3.1184e-07	0.0075688	3.5475e-09	-0.0075684	3.1194e-07	-3.1196e-07	0.0084446	3.4004e-09	-0.008444	3.1194e-07	-3.1196e-07	0.0092998	3.2497e-09	-0.0093002	3.1204e-07	-3.1208e-07
0.765	-5.2406e-05	5.3922e-09	5.2374e-05	3.1236e-07	-3.1224e-07	0.00095832	5.1263e-09	-0.00095846	3.1206e-07	-3.1206e-07	0.0019574	4.8862e-09	-0.0019562	3.1224e-07	-3.1218e-07	0.0029408	4.6413e-09	-0.00294	3.122e-07	-3.1218e-07	0.003907	4.4353e-09	-0.0039068	3.1198e-07	-3.1202e-07	0.00486	4.2345e-09	-0.0048596	3.1194e-07	-3.119e-07	0.0058006	4.0385e-09	-0.0057968	3.1204e-07	-3.1196e-07	0.0067182	3.8606e-09	-0.0067178	3.12e-07	-3.1202e-07	0.0076222	3.6988e-09	-0.0076224	3.1188e-07	-3.1208e-07	0.0085058	3.5412e-09	-0.0085064	3.1192e-07	-3.1204e-07	0.0093692	3.3873e-09	-0.0093694	3.1192e-07	-3.1194e-07
0.77	-5.3176e-05	5.6282e-09	5.3088e-05	3.1232e-07	-3.1202e-07	0.00096486	5.3516e-09	-0.00096314	3.1202e-07	-3.1196e-07	0.0019692	5.0942e-09	-0.0019688	3.1206e-07	-3.1214e-07	0.0029576	4.8443e-09	-0.0029588	3.1194e-07	-3.1196e-07	0.0039316	4.6293e-09	-0.003932	3.12e-07	-3.1196e-07	0.0048922	4.4184e-09	-0.0048924	3.1208e-07	-3.1214e-07	0.0058372	4.2154e-09	-0.0058362	3.1212e-07	-3.1212e-07	0.0067644	4.0349e-09	-0.0067644	3.1192e-07	-3.1182e-07	0.0076746	3.8575999999999996e-09	-0.0076744	3.1186e-07	-3.1196e-07	0.0085678	3.702e-09	-0.0085678	3.1192e-07	-3.1212e-07	0.0094372	3.5348e-09	-0.009437	3.1212e-07	-3.1194e-07
0.775	-5.298e-05	5.8863e-09	5.295e-05	3.1226e-07	-3.1228e-07	0.00097062	5.5917e-09	-0.00096894	3.1222e-07	-3.1228e-07	0.0019788	5.3326e-09	-0.0019796	3.1196e-07	-3.1204e-07	0.0029768	5.0691e-09	-0.0029762	3.121e-07	-3.119e-07	0.0039554	4.8342e-09	-0.0039574	3.1192e-07	-3.121e-07	0.0049234	4.6126e-09	-0.0049218	3.1192e-07	-3.1192e-07	0.0058742	4.4017e-09	-0.0058756	3.1216e-07	-3.1204e-07	0.00681	4.201e-09	-0.0068098	3.1204e-07	-3.1184e-07	0.0077268	4.0264e-09	-0.0077278	3.1192e-07	-3.119e-07	0.008628	3.8524e-09	-0.0086292	3.1186e-07	-3.1192e-07	0.0095084	3.6844e-09	-0.0095084	3.122e-07	-3.1194e-07
0.78	-5.3856e-05	6.1425e-09	5.3698e-05	3.121e-07	-3.121e-07	0.0009751	5.8385e-09	-0.00097534	3.1226e-07	-3.1202e-07	0.0019894	5.5623e-09	-0.0019908	3.1216e-07	-3.1212e-07	0.0029924	5.2877e-09	-0.0029928	3.121e-07	-3.1194e-07	0.0039788	5.0409e-09	-0.003979	3.1194e-07	-3.1186e-07	0.0049526	4.8129e-09	-0.004952	3.1188e-07	-3.1206e-07	0.0059128	4.5915e-09	-0.0059108	3.1192e-07	-3.1214e-07	0.0068534	4.3842e-09	-0.0068534	3.1186e-07	-3.1188e-07	0.0077792	4.1919999999999996e-09	-0.0077772	3.1186e-07	-3.1202e-07	0.0086878	4.0185e-09	-0.0086858	3.1184e-07	-3.1194e-07	0.009574	3.8431e-09	-0.0095736	3.1182e-07	-3.1208e-07
0.785	-5.3508e-05	6.4224e-09	5.3466e-05	3.1208e-07	-3.1212e-07	0.00098014	6.1049e-09	-0.00097896	3.1224e-07	-3.1228e-07	0.0020024	5.8068e-09	-0.0019992	3.1216e-07	-3.1192e-07	0.003009	5.5271e-09	-0.0030086	3.1192e-07	-3.1208e-07	0.0040022	5.2652e-09	-0.004001	3.1216e-07	-3.1206e-07	0.004984	5.0238e-09	-0.0049804	3.1188e-07	-3.119e-07	0.0059482	4.7884e-09	-0.0059494	3.1186e-07	-3.1194e-07	0.006899	4.5774e-09	-0.0068972	3.1192e-07	-3.1206e-07	0.007829	4.3812e-09	-0.0078292	3.1208e-07	-3.1196e-07	0.0087478	4.1966e-09	-0.0087436	3.1212e-07	-3.121e-07	0.0096392	4.0064e-09	-0.00964	3.122e-07	-3.1218e-07
0.79	-5.409e-05	6.7108e-09	5.3766e-05	3.1234e-07	-3.1212e-07	0.00098586	6.3751e-09	-0.0009872	3.1232e-07	-3.1214e-07	0.0020128	6.0629e-09	-0.0020128	3.1204e-07	-3.1212e-07	0.0030266	5.7723e-09	-0.0030258	3.12e-07	-3.1208e-07	0.0040234	5.5002e-09	-0.0040242	3.1198e-07	-3.1194e-07	0.0050096	5.2432e-09	-0.0050106	3.1216e-07	-3.1206e-07	0.005982	5.0052e-09	-0.0059828	3.1196e-07	-3.1214e-07	0.0069386	4.7722e-09	-0.0069382	3.119e-07	-3.1214e-07	0.0078786	4.5682e-09	-0.0078784	3.1216e-07	-3.1208e-07	0.008801	4.3759e-09	-0.0088014	3.1186e-07	-3.1212e-07	0.0097054	4.1742e-09	-0.009703	3.1214e-07	-3.119e-07
0.795	-5.3862e-05	7.0156e-09	5.3926000000000005e-05	3.1238e-07	-3.1214e-07	0.00099	6.6671e-09	-0.00099004	3.1198e-07	-3.1208e-07	0.0020248	6.3386e-09	-0.0020222	3.1222e-07	-3.1202e-07	0.0030446	6.0231e-09	-0.0030436	3.1212e-07	-3.1196e-07	0.0040476	5.7393e-09	-0.0040468	3.1214e-07	-3.1192e-07	0.0050408	5.4721e-09	-0.0050398	3.12e-07	-3.1188e-07	0.00602	5.2299e-09	-0.0060188	3.1208e-07	-3.1186e-07	0.006982	4.9827e-09	-0.0069804	3.1194e-07	-3.1184e-07	0.0079256	4.7688e-09	-0.0079262	3.1204e-07	-3.119e-07	0.0088584	4.5614e-09	-0.0088574	3.1188e-07	-3.1206e-07	0.0097686	4.3561e-09	-0.0097692	3.119e-07	-3.1204e-07
0.8	-5.435e-05	7.3315e-09	5.4130000000000005e-05	3.1226e-07	-3.1226e-07	0.00099634	6.9733e-09	-0.00099678	3.1204e-07	-3.1198e-07	0.0020356	6.624e-09	-0.0020328	3.1206e-07	-3.1204e-07	0.0030594	6.2989e-09	-0.0030594	3.1194e-07	-3.1198e-07	0.0040694	5.9959e-09	-0.004069	3.1198e-07	-3.1194e-07	0.0050684	5.722e-09	-0.0050684	3.1188e-07	-3.121e-07	0.006053	5.4464e-09	-0.0060522	3.121e-07	-3.1214e-07	0.0070222	5.1997e-09	-0.0070214	3.1198e-07	-3.1196e-07	0.0079736	4.978e-09	-0.0079736	3.1184e-07	-3.119e-07	0.0089116	4.7591e-09	-0.0089122	3.1188e-07	-3.1188e-07	0.0098274	4.5523e-09	-0.0098294	3.1214e-07	-3.121e-07
0.805	-5.457e-05	7.6683e-09	5.4688e-05	3.1234e-07	-3.1226e-07	0.0010008	7.2817e-09	-0.00100108	3.1222e-07	-3.12e-07	0.002042	6.9283e-09	-0.0020438	3.1216e-07	-3.1208e-07	0.0030742	6.5833e-09	-0.0030726	3.1198e-07	-3.1198e-07	0.0040908	6.273e-09	-0.0040904	3.12e-07	-3.1194e-07	0.005096	5.9711e-09	-0.0050948	3.1204e-07	-3.1206e-07	0.0060866	5.6938e-09	-0.0060854	3.1198e-07	-3.1196e-07	0.0070618	5.4317e-09	-0.0070608	3.1204e-07	-3.1204e-07	0.0080212	5.1984e-09	-0.0080212	3.121e-07	-3.1184e-07	0.008967	4.9687e-09	-0.0089668	3.1198e-07	-3.119e-07	0.0098918	4.7471e-09	-0.0098892	3.1194e-07	-3.1208e-07
0.81	-5.4986000000000005e-05	8.0182e-09	5.4458e-05	3.121e-07	-3.1212e-07	0.00100532	7.613e-09	-0.00100452	3.1212e-07	-3.12e-07	0.0020532	7.2393e-09	-0.0020524	3.1192e-07	-3.1214e-07	0.003089	6.8697e-09	-0.0030894	3.119e-07	-3.1206e-07	0.0041114	6.5524e-09	-0.0041098	3.1204e-07	-3.119e-07	0.0051224	6.2426e-09	-0.0051204	3.121e-07	-3.1188e-07	0.0061196	5.9389e-09	-0.0061188	3.1196e-07	-3.119e-07	0.007101	5.6672e-09	-0.0071012	3.12e-07	-3.1184e-07	0.0080684	5.431e-09	-0.0080656	3.1184e-07	-3.1196e-07	0.0090196	5.1839e-09	-0.0090182	3.1184e-07	-3.1184e-07	0.0099506	4.9527e-09	-0.009949	3.1188e-07	-3.1188e-07
0.815	-5.5032e-05	8.3849e-09	5.4912e-05	3.1206e-07	-3.1206e-07	0.0010106	7.9636e-09	-0.00101134	3.1226e-07	-3.1214e-07	0.0020622	7.5648e-09	-0.0020632	3.1192e-07	-3.1206e-07	0.0031052	7.1867e-09	-0.0031044	3.12e-07	-3.1218e-07	0.0041318	6.8476e-09	-0.00413	3.1194e-07	-3.1214e-07	0.0051474	6.5225e-09	-0.0051474	3.1198e-07	-3.1196e-07	0.0061506	6.2104e-09	-0.0061528	3.1192e-07	-3.1208e-07	0.0071412	5.9256e-09	-0.0071392	3.1202e-07	-3.1206e-07	0.0081124	5.6662e-09	-0.008111	3.121e-07	-3.1214e-07	0.00907	5.419e-09	-0.0090702	3.1198e-07	-3.1208e-07	0.010009	5.1703e-09	-0.0100076	3.12e-07	-3.1214e-07
0.82	-5.5242e-05	8.7574e-09	5.5188e-05	3.1208e-07	-3.1212e-07	0.00101604	8.3153e-09	-0.00101332	3.1204e-07	-3.1206e-07	0.0020738	7.9132e-09	-0.0020724	3.1216e-07	-3.1206e-07	0.0031198	7.5129e-09	-0.0031178	3.1198e-07	-3.119e-07	0.0041522	7.1618e-09	-0.004151	3.1214e-07	-3.1194e-07	0.0051724	6.8121e-09	-0.005175	3.1212e-07	-3.121e-07	0.006182	6.4846e-09	-0.006184	3.12e-07	-3.1194e-07	0.0071774	6.1793e-09	-0.0071768	3.1188e-07	-3.1188e-07	0.0081556	5.9142e-09	-0.0081546	3.1204e-07	-3.12e-07	0.0091202	5.6506e-09	-0.0091196	3.121e-07	-3.1212e-07	0.0100652	5.3941e-09	-0.010065	3.1188e-07	-3.1186e-07
0.825	-5.5530000000000005e-05	9.1812e-09	5.5468000000000005e-05	3.122e-07	-3.1224e-07	0.00101972	8.7132e-09	-0.0010192	3.1204e-07	-3.1198e-07	0.0020834	8.2716e-09	-0.002081	3.1198e-07	-3.1198e-07	0.0031344	7.862e-09	-0.003133	3.12e-07	-3.1202e-07	0.004172	7.4859e-09	-0.0041722	3.1218e-07	-3.1198e-07	0.0052004	7.1225e-09	-0.0051982	3.1198e-07	-3.119e-07	0.0062128	6.7823e-09	-0.0062142	3.12e-07	-3.1212e-07	0.0072128	6.463e-09	-0.0072144	3.12e-07	-3.1202e-07	0.0081992	6.1746e-09	-0.0081974	3.1206e-07	-3.1202e-07	0.0091706	5.9052e-09	-0.009171	3.1198e-07	-3.1212e-07	0.0101238	5.6302e-09	-0.0101224	3.1212e-07	-3.1198e-07
0.83	-5.5556e-05	9.5918e-09	5.575e-05	3.1224e-07	-3.1224e-07	0.0010212	9.1026e-09	-0.0010222	3.121e-07	-3.1214e-07	0.00209	8.6475e-09	-0.0020894	3.1192e-07	-3.121e-07	0.0031466	8.2176e-09	-0.0031472	3.1196e-07	-3.119e-07	0.0041908	7.8252e-09	-0.0041918	3.1194e-07	-3.1188e-07	0.0052238	7.444199999999998e-09	-0.0052224	3.1204e-07	-3.1212e-07	0.0062456	7.081e-09	-0.0062432	3.1204e-07	-3.12e-07	0.00725	6.7491e-09	-0.0072496	3.1188e-07	-3.1208e-07	0.0082404	6.449e-09	-0.0082406	3.1188e-07	-3.1206e-07	0.0092174	6.1586e-09	-0.0092186	3.1206e-07	-3.1194e-07	0.0101786	5.8741e-09	-0.0101788	3.1214e-07	-3.1192e-07
0.835	-5.6002e-05	1.0028e-08	5.616e-05	3.123e-07	-3.1228e-07	0.00102668	9.5351e-09	-0.00102778	3.12e-07	-3.122e-07	0.0020986	9.0505e-09	-0.002098	3.1216e-07	-3.12e-07	0.0031604	8.591e-09	-0.0031594	3.1198e-07	-3.1212e-07	0.0042108	8.1821e-09	-0.0042102	3.1212e-07	-3.1188e-07	0.0052494	7.784e-09	-0.005249	3.1208e-07	-3.118e-07	0.0062744	7.4241e-09	-0.0062744	3.1204e-07	-3.1208e-07	0.007285	7.0497e-09	-0.0072842	3.1198e-07	-3.1196e-07	0.0082834	6.7423e-09	-0.0082806	3.121e-07	-3.1188e-07	0.0092674	6.4337e-09	-0.0092666	3.1186e-07	-3.1182e-07	0.0102334	6.1379e-09	-0.0102336	3.1188e-07	-3.1212e-07
0.84	-5.6308e-05	1.05018e-08	5.6392000000000005e-05	3.1228e-07	-3.121e-07	0.00103236	9.9859e-09	-0.00103238	3.1224e-07	-3.122e-07	0.0021066	9.4649e-09	-0.002108	3.121e-07	-3.1214e-07	0.0031748	8.9862e-09	-0.0031746	3.1216e-07	-3.1192e-07	0.0042284	8.5546e-09	-0.00423	3.1188e-07	-3.1202e-07	0.0052698	8.1461e-09	-0.0052714	3.1194e-07	-3.1184e-07	0.0063036	7.7383e-09	-0.006302	3.1192e-07	-3.1188e-07	0.0073214	7.3667e-09	-0.0073204	3.1204e-07	-3.1212e-07	0.0083242	7.0458e-09	-0.0083224	3.1188e-07	-3.1206e-07	0.0093138	6.7212e-09	-0.009312	3.12e-07	-3.1196e-07	0.0102872	6.4072e-09	-0.010285	3.1198e-07	-3.1198e-07
0.845	-5.6184e-05	1.10009e-08	5.603e-05	3.1236e-07	-3.1224e-07	0.00103628	1.04323e-08	-0.0010348	3.1206e-07	-3.1218e-07	0.0021164	9.9125e-09	-0.0021152	3.1212e-07	-3.1212e-07	0.0031876	9.3974e-09	-0.0031878	3.1192e-07	-3.1194e-07	0.0042468	8.9475e-09	-0.0042464	3.1192e-07	-3.12e-07	0.0052954	8.511e-09	-0.0052948	3.1214e-07	-3.1212e-07	0.0063316	8.0955e-09	-0.0063314	3.1222e-07	-3.1198e-07	0.0073562	7.7072e-09	-0.0073542	3.1192e-07	-3.1208e-07	0.0083626	7.3649e-09	-0.0083614	3.121e-07	-3.1188e-07	0.0093608	7.0233e-09	-0.009359	3.119e-07	-3.1188e-07	0.0103378	6.696e-09	-0.010337	3.1206e-07	-3.121e-07
0.85	-5.6264e-05	1.15376e-08	5.6462e-05	3.121e-07	-3.1212e-07	0.00104012	1.0917e-08	-0.0010387	3.12e-07	-3.1204e-07	0.0021248	1.03665e-08	-0.0021256	3.1224e-07	-3.1216e-07	0.0032006	9.838e-09	-0.0032004	3.1216e-07	-3.1212e-07	0.004264	9.3564e-09	-0.0042648	3.1214e-07	-3.1208e-07	0.005318	8.8929e-09	-0.0053174	3.1208e-07	-3.12e-07	0.0063598	8.472e-09	-0.0063596	3.1216e-07	-3.1214e-07	0.0073888	8.0596e-09	-0.0073902	3.1214e-07	-3.1206e-07	0.0084006	7.6918e-09	-0.0084012	3.1184e-07	-3.119e-07	0.0094036	7.3366e-09	-0.0094022	3.1206e-07	-3.1192e-07	0.0103872	7.0014e-09	-0.010388	3.1202e-07	-3.1198e-07
0.855	-5.6698000000000005e-05	1.20828e-08	5.6464e-05	3.1214e-07	-3.1226e-07	0.0010432	1.14361e-08	-0.00104528	3.1222e-07	-3.1206e-07	0.0021322	1.08647e-08	-0.0021322	3.1194e-07	-3.1196e-07	0.0032138	1.02907e-08	-0.0032136	3.1194e-07	-3.1212e-07	0.0042828	9.7947e-09	-0.0042822	3.1192e-07	-3.1188e-07	0.005341	9.3074e-09	-0.005342	3.1216e-07	-3.12e-07	0.0063876	8.8649e-09	-0.0063876	3.119e-07	-3.119e-07	0.0074214	8.4189e-09	-0.0074196	3.121e-07	-3.1194e-07	0.0084416	8.044e-09	-0.0084414	3.1214e-07	-3.1208e-07	0.0094496	7.6879e-09	-0.0094472	3.1194e-07	-3.1194e-07	0.0104382	7.3238e-09	-0.010438	3.1194e-07	-3.1214e-07
0.86	-5.6706e-05	1.26388e-08	5.6738000000000005e-05	3.1226e-07	-3.122e-07	0.00104854	1.19774e-08	-0.00104656	3.1226e-07	-3.1218e-07	0.0021418	1.13662e-08	-0.0021406	3.1216e-07	-3.1198e-07	0.0032254	1.0758e-08	-0.003227	3.12e-07	-3.1206e-07	0.0043006	1.02422e-08	-0.0043004	3.1194e-07	-3.1194e-07	0.0053622	9.7285e-09	-0.0053622	3.1212e-07	-3.1194e-07	0.0064122	9.2724e-09	-0.0064136	3.122e-07	-3.119e-07	0.0074538	8.794e-09	-0.0074532	3.1186e-07	-3.1182e-07	0.008477	8.403e-09	-0.0084782	3.1186e-07	-3.1188e-07	0.0094918	8.0066e-09	-0.009491	3.12e-07	-3.1188e-07	0.0104864	7.6381e-09	-0.010487	3.1198e-07	-3.1186e-07
0.865	-5.656e-05	1.3259799999999998e-08	5.6664000000000005e-05	3.1222e-07	-3.121e-07	0.00105022	1.25536e-08	-0.0010509	3.1228e-07	-3.122e-07	0.0021502	1.19154e-08	-0.0021504	3.1222e-07	-3.1218e-07	0.003237	1.12628e-08	-0.0032396	3.1218e-07	-3.1214e-07	0.004316	1.07164e-08	-0.0043138	3.1196e-07	-3.1208e-07	0.0053832	1.01791e-08	-0.0053828	3.121e-07	-3.1194e-07	0.0064408	9.7045e-09	-0.0064424	3.1192e-07	-3.12e-07	0.0074872	9.2111e-09	-0.0074834	3.1214e-07	-3.1212e-07	0.0085164	8.7893e-09	-0.0085138	3.1206e-07	-3.1194e-07	0.0095338	8.3844e-09	-0.009533	3.121e-07	-3.1214e-07	0.010537	7.9867e-09	-0.010536	3.1206e-07	-3.1214e-07
0.87	-5.6862e-05	1.3877199999999998e-08	5.696e-05	3.1206e-07	-3.1202e-07	0.00105574	1.31394e-08	-0.00105556	3.1198e-07	-3.1218e-07	0.0021598	1.24726e-08	-0.002157	3.12e-07	-3.12e-07	0.003251	1.18096e-08	-0.0032502	3.1222e-07	-3.122e-07	0.0043332	1.12102e-08	-0.004332	3.1216e-07	-3.12e-07	0.0054058	1.06545e-08	-0.0054032	3.1192e-07	-3.1204e-07	0.0064656	1.01163e-08	-0.0064638	3.1212e-07	-3.1204e-07	0.007516	9.6238e-09	-0.0075128	3.1182e-07	-3.1188e-07	0.008551	9.1877e-09	-0.0085516	3.1214e-07	-3.1206e-07	0.009575	8.7598e-09	-0.0095758	3.1216e-07	-3.1198e-07	0.010583	8.3419e-09	-0.0105846	3.1194e-07	-3.1194e-07
0.875	-5.7388e-05	1.45142e-08	5.7558e-05	3.1226e-07	-3.1202e-07	0.00105794	1.37562e-08	-0.00105652	3.1204e-07	-3.1202e-07	0.002164	1.30432e-08	-0.0021646	3.1196e-07	-3.119e-07	0.0032612	1.2366799999999998e-08	-0.0032612	3.1198e-07	-3.121e-07	0.0043488	1.17564e-08	-0.0043496	3.1206e-07	-3.1214e-07	0.0054246	1.1147e-08	-0.005424	3.1188e-07	-3.1182e-07	0.0064914	1.05929e-08	-0.0064918	3.12e-07	-3.1188e-07	0.007546	1.00698e-08	-0.007547	3.1198e-07	-3.1192e-07	0.0085866	9.6104e-09	-0.008584	3.1204e-07	-3.119e-07	0.009616	9.1584e-09	-0.009616	3.1186e-07	-3.1186e-07	0.0106306	8.7151e-09	-0.0106284	3.121e-07	-3.1194e-07
0.88	-5.7796e-05	1.52122e-08	5.7678e-05	3.1204e-07	-3.121e-07	0.00106132	1.44012e-08	-0.0010634	3.1202e-07	-3.1198e-07	0.0021726	1.36758e-08	-0.0021716	3.121e-07	-3.1196e-07	0.0032758	1.29692e-08	-0.0032728	3.1194e-07	-3.1198e-07	0.0043646	1.23174e-08	-0.0043644	3.121e-07	-3.1212e-07	0.005446	1.1697599999999998e-08	-0.0054466	3.121e-07	-3.1184e-07	0.0065156	1.11181e-08	-0.0065146	3.1206e-07	-3.1184e-07	0.0075748	1.05416e-08	-0.0075746	3.1188e-07	-3.118e-07	0.00862	1.00517e-08	-0.0086212	3.1214e-07	-3.1186e-07	0.0096554	9.5832e-09	-0.0096552	3.1212e-07	-3.1188e-07	0.010673	9.1118e-09	-0.0106746	3.1194e-07	-3.1196e-07
0.885	-5.809e-05	1.59378e-08	5.7972e-05	3.1224e-07	-3.1212e-07	0.00106614	1.50934e-08	-0.00106646	3.1224e-07	-3.1208e-07	0.0021806	1.4318799999999998e-08	-0.0021808	3.1214e-07	-3.1216e-07	0.003286	1.3576e-08	-0.0032846	3.1192e-07	-3.1194e-07	0.0043796	1.2889199999999998e-08	-0.004378	3.1206e-07	-3.119e-07	0.0054652	1.22386e-08	-0.005465	3.1188e-07	-3.1186e-07	0.006543	1.16158e-08	-0.0065406	3.1194e-07	-3.1196e-07	0.0076058	1.10226e-08	-0.0076044	3.1184e-07	-3.118e-07	0.008657	1.05028e-08	-0.008656	3.121e-07	-3.1192e-07	0.0096962	1.00171e-08	-0.009696	3.1184e-07	-3.1188e-07	0.010718	9.5376e-09	-0.0107178	3.121e-07	-3.1212e-07
0.89	-5.8158e-05	1.6710399999999997e-08	5.842e-05	3.122e-07	-3.122e-07	0.00106856	1.58202e-08	-0.00106926	3.1208e-07	-3.1204e-07	0.002189	1.5009e-08	-0.0021866	3.1194e-07	-3.1194e-07	0.0032962	1.4227199999999998e-08	-0.0032968	3.1212e-07	-3.1218e-07	0.0043978	1.3506999999999998e-08	-0.004394	3.1212e-07	-3.1208e-07	0.0054848	1.2810999999999998e-08	-0.0054844	3.1194e-07	-3.1196e-07	0.0065656	1.21598e-08	-0.0065642	3.1212e-07	-3.1216e-07	0.0076342	1.1559799999999998e-08	-0.007632	3.121e-07	-3.1208e-07	0.0086886	1.10133e-08	-0.0086888	3.1188e-07	-3.1186e-07	0.009734	1.04832e-08	-0.0097344	3.1206e-07	-3.1208e-07	0.0107638	9.9767e-09	-0.0107628	3.1212e-07	-3.1194e-07
0.895	-5.8068e-05	1.7499199999999998e-08	5.8422e-05	3.1212e-07	-3.123e-07	0.00107294	1.65632e-08	-0.0010738	3.1202e-07	-3.1216e-07	0.0021944	1.5705799999999998e-08	-0.0021944	3.1198e-07	-3.122e-07	0.0033058	1.4894e-08	-0.0033066	3.1216e-07	-3.1202e-07	0.00441	1.4124799999999998e-08	-0.0044088	3.1214e-07	-3.12e-07	0.0055036	1.34108e-08	-0.0055038	3.12e-07	-3.119e-07	0.0065896	1.2729799999999998e-08	-0.0065904	3.1196e-07	-3.1214e-07	0.0076614	1.20986e-08	-0.0076618	3.1188e-07	-3.118e-07	0.0087202	1.1531199999999998e-08	-0.0087216	3.1182e-07	-3.1188e-07	0.0097706	1.09654e-08	-0.0097728	3.119e-07	-3.1212e-07	0.010806	1.04328e-08	-0.0108062	3.1212e-07	-3.12e-07
0.9	-5.8402e-05	1.835e-08	5.858600000000001e-05	3.1208e-07	-3.1224e-07	0.00107704	1.73676e-08	-0.00107576	3.1222e-07	-3.1218e-07	0.002201	1.64644e-08	-0.0022014	3.1198e-07	-3.1212e-07	0.0033198	1.5584999999999997e-08	-0.0033196	3.1196e-07	-3.1198e-07	0.0044274	1.4807799999999998e-08	-0.0044234	3.1198e-07	-3.1206e-07	0.0055232	1.4051399999999998e-08	-0.0055212	3.1188e-07	-3.119e-07	0.0066108	1.3333799999999998e-08	-0.0066112	3.12e-07	-3.119e-07	0.0076896	1.26618e-08	-0.0076876	3.1188e-07	-3.1188e-07	0.0087526	1.20766e-08	-0.0087534	3.12e-07	-3.119e-07	0.0098088	1.14691e-08	-0.0098094	3.1182e-07	-3.119e-07	0.0108482	1.09103e-08	-0.0108482	3.119e-07	-3.1184e-07
