vg	id_vd = 0V	ig_vd = 0V	is_vd = 0V	iavdd_vd = 0V	ignd_vd = 0V	id_vd = 0.01V	ig_vd = 0.01V	is_vd = 0.01V	iavdd_vd = 0.01V	ignd_vd = 0.01V	id_vd = 0.02V	ig_vd = 0.02V	is_vd = 0.02V	iavdd_vd = 0.02V	ignd_vd = 0.02V	id_vd = 0.03V	ig_vd = 0.03V	is_vd = 0.03V	iavdd_vd = 0.03V	ignd_vd = 0.03V	id_vd = 0.04V	ig_vd = 0.04V	is_vd = 0.04V	iavdd_vd = 0.04V	ignd_vd = 0.04V	id_vd = 0.05V	ig_vd = 0.05V	is_vd = 0.05V	iavdd_vd = 0.05V	ignd_vd = 0.05V	id_vd = 0.06V	ig_vd = 0.06V	is_vd = 0.06V	iavdd_vd = 0.06V	ignd_vd = 0.06V	id_vd = 0.07V	ig_vd = 0.07V	is_vd = 0.07V	iavdd_vd = 0.07V	ignd_vd = 0.07V	id_vd = 0.08V	ig_vd = 0.08V	is_vd = 0.08V	iavdd_vd = 0.08V	ignd_vd = 0.08V	id_vd = 0.09V	ig_vd = 0.09V	is_vd = 0.09V	iavdd_vd = 0.09V	ignd_vd = 0.09V	id_vd = 0.1V	ig_vd = 0.1V	is_vd = 0.1V	iavdd_vd = 0.1V	ignd_vd = 0.1V
1.2	-1.2979e-09	3.4231e-10	-9.101e-11	3.1286e-07	-3.1176e-07	-1.1826e-09	3.3353e-10	-9.154e-11	3.1254e-07	-3.1158e-07	-1.0545e-09	3.2031e-10	-9.038e-11	3.124e-07	-3.1152e-07	-9.4781e-10	3.0988e-10	-8.959e-11	3.1222e-07	-3.1156e-07	-8.2469e-10	3.0183e-10	-8.999e-11	3.1202e-07	-3.115e-07	-6.987e-10	2.911e-10	-8.643e-11	3.119e-07	-3.1134e-07	-5.8888e-10	2.8211e-10	-8.937e-11	3.1178e-07	-3.1138e-07	-4.7936e-10	2.7355e-10	-9.065e-11	3.1156e-07	-3.1134e-07	-3.4929e-10	2.6549e-10	-9.278e-11	3.1152e-07	-3.1126e-07	-2.3242e-10	2.5945e-10	-8.639e-11	3.1142e-07	-3.1134e-07	-1.0363e-10	2.4919e-10	-9.151e-11	3.113e-07	-3.1134e-07
1.195	-1.2901e-09	3.2156e-10	-8.83e-11	3.1286e-07	-3.1174e-07	-1.1841e-09	3.1393e-10	-8.575e-11	3.1248e-07	-3.1152e-07	-1.0565e-09	3.0258e-10	-8.838e-11	3.1236e-07	-3.115e-07	-9.3175e-10	2.9304e-10	-8.883e-11	3.1222e-07	-3.1152e-07	-8.1395e-10	2.8589e-10	-8.601e-11	3.1202e-07	-3.1144e-07	-7.0472e-10	2.7672e-10	-9.033e-11	3.1194e-07	-3.114e-07	-5.888e-10	2.6769e-10	-8.906e-11	3.1172e-07	-3.1136e-07	-4.6429e-10	2.6047e-10	-9.058e-11	3.1164e-07	-3.1132e-07	-3.4246e-10	2.5337e-10	-8.537e-11	3.1148e-07	-3.1132e-07	-2.2001e-10	2.45e-10	-8.695e-11	3.1142e-07	-3.1138e-07	-9.735e-11	2.3976e-10	-9.192e-11	3.112e-07	-3.1126e-07
1.19	-1.2994e-09	3.1056e-10	-8.403e-11	3.1284e-07	-3.1176e-07	-1.1653e-09	2.9981e-10	-8.544e-11	3.1248e-07	-3.1152e-07	-1.0499e-09	2.9137e-10	-8.035e-11	3.1236e-07	-3.1154e-07	-9.208e-10	2.7801e-10	-8.32e-11	3.1218e-07	-3.114e-07	-8.1143e-10	2.7104e-10	-8.927e-11	3.1204e-07	-3.1134e-07	-7.0557e-10	2.6101e-10	-8.728e-11	3.1188e-07	-3.1132e-07	-5.7862e-10	2.5645e-10	-8.153e-11	3.118e-07	-3.1132e-07	-4.5513e-10	2.4564e-10	-8.62e-11	3.1166e-07	-3.1128e-07	-3.4406e-10	2.424e-10	-8.247e-11	3.1154e-07	-3.1132e-07	-2.1757e-10	2.3307e-10	-8.847e-11	3.114e-07	-3.1132e-07	-8.738e-11	2.2773e-10	-8.444e-11	3.1132e-07	-3.1134e-07
1.185	-1.283e-09	2.9392e-10	-8.421e-11	3.1284e-07	-3.117e-07	-1.1597e-09	2.8517e-10	-8.349e-11	3.125e-07	-3.1158e-07	-1.0479e-09	2.7611e-10	-8.303e-11	3.1234e-07	-3.115e-07	-9.2273e-10	2.664e-10	-7.89e-11	3.1222e-07	-3.114e-07	-8.1554e-10	2.581e-10	-8.15e-11	3.1198e-07	-3.1144e-07	-6.9161e-10	2.4812e-10	-7.539e-11	3.1188e-07	-3.1128e-07	-5.6611e-10	2.4248e-10	-8.159e-11	3.1172e-07	-3.1132e-07	-4.6122e-10	2.3571e-10	-8.086e-11	3.117e-07	-3.1138e-07	-3.3647e-10	2.2876e-10	-8.22e-11	3.1152e-07	-3.1134e-07	-2.2003e-10	2.2082e-10	-8.127e-11	3.1146e-07	-3.113e-07	-8.201e-11	2.1576e-10	-7.983e-11	3.113e-07	-3.1132e-07
1.18	-1.2916e-09	2.8363e-10	-8.264e-11	3.1284e-07	-3.1168e-07	-1.1584e-09	2.7443e-10	-7.627e-11	3.1252e-07	-3.1156e-07	-1.0391e-09	2.6566e-10	-7.781e-11	3.1242e-07	-3.1144e-07	-9.1305e-10	2.5322e-10	-7.959e-11	3.1218e-07	-3.1144e-07	-8.0375e-10	2.4891e-10	-7.356e-11	3.1202e-07	-3.114e-07	-6.9547e-10	2.3601e-10	-7.68e-11	3.1188e-07	-3.1134e-07	-5.727e-10	2.3056e-10	-8.184e-11	3.1182e-07	-3.1134e-07	-4.5924e-10	2.2561e-10	-7.735e-11	3.1172e-07	-3.113e-07	-3.3973e-10	2.1707e-10	-8.167e-11	3.1152e-07	-3.1128e-07	-2.1347e-10	2.1176e-10	-7.495e-11	3.114e-07	-3.1126e-07	-9.378e-11	2.039e-10	-8.145e-11	3.1134e-07	-3.1132e-07
1.175	-1.2602e-09	2.7066e-10	-7.119e-11	3.1284e-07	-3.1168e-07	-1.1557e-09	2.6495e-10	-7.301e-11	3.1246e-07	-3.1152e-07	-1.0236e-09	2.5046e-10	-7.333e-11	3.1236e-07	-3.1148e-07	-9.14e-10	2.4268e-10	-7.766e-11	3.121e-07	-3.1142e-07	-8.0674e-10	2.3634e-10	-7.692e-11	3.1206e-07	-3.1134e-07	-6.9156e-10	2.2476e-10	-7.861e-11	3.1198e-07	-3.1132e-07	-5.596e-10	2.2112e-10	-7.07e-11	3.1176e-07	-3.1128e-07	-4.5357e-10	2.1481e-10	-7.495e-11	3.1164e-07	-3.113e-07	-3.4371e-10	2.0678e-10	-7.26e-11	3.1152e-07	-3.1138e-07	-2.1231e-10	2.0107e-10	-7.763e-11	3.1142e-07	-3.1126e-07	-8.309e-11	1.942e-10	-7.278e-11	3.1132e-07	-3.1134e-07
1.17	-1.2654e-09	2.5969e-10	-7.817e-11	3.128e-07	-3.1174e-07	-1.1475e-09	2.5372e-10	-7.332e-11	3.125e-07	-3.1156e-07	-1.0324e-09	2.4039e-10	-7.101e-11	3.1236e-07	-3.1152e-07	-9.0226e-10	2.3224e-10	-6.789e-11	3.1218e-07	-3.1148e-07	-7.8494e-10	2.2409e-10	-7.225e-11	3.1202e-07	-3.1136e-07	-6.8293e-10	2.1527e-10	-6.967e-11	3.119e-07	-3.1138e-07	-5.6817e-10	2.1042e-10	-7.241e-11	3.1176e-07	-3.1128e-07	-4.4161e-10	2.0196e-10	-7.326e-11	3.117e-07	-3.1132e-07	-3.2723e-10	1.9612e-10	-6.921e-11	3.1148e-07	-3.1132e-07	-2.0327e-10	1.8905e-10	-7.574e-11	3.1134e-07	-3.1128e-07	-8.65e-11	1.8441e-10	-7.201e-11	3.113e-07	-3.1136e-07
1.165	-1.257e-09	2.4573e-10	-7.449e-11	3.1286e-07	-3.117e-07	-1.1394e-09	2.4366e-10	-6.61e-11	3.1256e-07	-3.1152e-07	-1.0182e-09	2.2987e-10	-6.66e-11	3.1232e-07	-3.115e-07	-8.955e-10	2.2154e-10	-6.989e-11	3.1222e-07	-3.1138e-07	-7.909e-10	2.157e-10	-6.786e-11	3.1204e-07	-3.1138e-07	-6.7643e-10	2.0595e-10	-6.559e-11	3.119e-07	-3.1132e-07	-5.5173e-10	1.9845e-10	-7.022e-11	3.1178e-07	-3.1138e-07	-4.3823e-10	1.9076e-10	-7.094e-11	3.1168e-07	-3.1134e-07	-3.3253e-10	1.8318e-10	-7.668e-11	3.1158e-07	-3.1134e-07	-2.0147e-10	1.8023e-10	-6.838e-11	3.1142e-07	-3.1122e-07	-7.068e-11	1.7215e-10	-6.859e-11	3.113e-07	-3.1134e-07
1.16	-1.2668e-09	2.3797e-10	-6.525e-11	3.128e-07	-3.1168e-07	-1.1321e-09	2.3185e-10	-6.647e-11	3.1256e-07	-3.1154e-07	-1.0272e-09	2.2095e-10	-6.75e-11	3.123e-07	-3.115e-07	-8.9306e-10	2.1036e-10	-7.054e-11	3.1212e-07	-3.114e-07	-7.803e-10	2.0575e-10	-5.805e-11	3.1208e-07	-3.1138e-07	-6.6521e-10	1.962e-10	-6.615e-11	3.1194e-07	-3.1144e-07	-5.5257e-10	1.8685e-10	-6.698e-11	3.118e-07	-3.1136e-07	-4.4342e-10	1.8331e-10	-6.568e-11	3.1176e-07	-3.1134e-07	-3.245e-10	1.742e-10	-6.499e-11	3.1146e-07	-3.1124e-07	-2.0199e-10	1.7083e-10	-6.569e-11	3.114e-07	-3.1128e-07	-7.368e-11	1.6258e-10	-6.799e-11	3.1136e-07	-3.1138e-07
1.155	-1.2689e-09	2.2832e-10	-5.72e-11	3.1284e-07	-3.1168e-07	-1.1276e-09	2.2124e-10	-6.3e-11	3.1256e-07	-3.1158e-07	-1.0053e-09	2.0937e-10	-6.113e-11	3.1236e-07	-3.1142e-07	-8.938e-10	2.0316e-10	-6.134e-11	3.1218e-07	-3.114e-07	-7.821e-10	1.9427e-10	-6.524e-11	3.1216e-07	-3.1146e-07	-6.6754e-10	1.8641e-10	-6.27e-11	3.119e-07	-3.1134e-07	-5.605e-10	1.8007e-10	-6.046e-11	3.1186e-07	-3.114e-07	-4.4217e-10	1.7434e-10	-6.072e-11	3.1162e-07	-3.1132e-07	-3.3295e-10	1.6644e-10	-6.042e-11	3.1158e-07	-3.1128e-07	-2.0284e-10	1.6304e-10	-6.657e-11	3.1142e-07	-3.1126e-07	-7.925e-11	1.5637e-10	-6.072e-11	3.1134e-07	-3.1134e-07
1.15	-1.2424e-09	2.1487e-10	-6.107e-11	3.128e-07	-3.1168e-07	-1.1323e-09	2.0983e-10	-5.733e-11	3.1256e-07	-3.116e-07	-1.0072e-09	1.9914e-10	-6.047e-11	3.1236e-07	-3.115e-07	-8.8841e-10	1.9356e-10	-5.726e-11	3.1218e-07	-3.1142e-07	-7.8887e-10	1.8765e-10	-5.775e-11	3.1222e-07	-3.1144e-07	-6.6557e-10	1.7916e-10	-5.572e-11	3.1198e-07	-3.1134e-07	-5.4863e-10	1.6926e-10	-6.093e-11	3.1182e-07	-3.1138e-07	-4.3456e-10	1.655e-10	-6.026e-11	3.1164e-07	-3.1138e-07	-3.2929e-10	1.5981e-10	-5.803e-11	3.1146e-07	-3.113e-07	-1.9536e-10	1.5444e-10	-6.1e-11	3.1136e-07	-3.1126e-07	-6.967e-11	1.4729e-10	-6.077e-11	3.1136e-07	-3.1134e-07
1.145	-1.2477e-09	2.0523e-10	-6.041e-11	3.1288e-07	-3.1174e-07	-1.1322e-09	1.9866e-10	-5.649e-11	3.1254e-07	-3.1152e-07	-1.004e-09	1.9066e-10	-5.504e-11	3.1232e-07	-3.1146e-07	-8.8071e-10	1.8257e-10	-6.293e-11	3.123e-07	-3.115e-07	-7.6861e-10	1.7762e-10	-5.095e-11	3.1208e-07	-3.1146e-07	-6.6027e-10	1.7061e-10	-5.288e-11	3.1202e-07	-3.1144e-07	-5.5357e-10	1.6002e-10	-6.453e-11	3.1184e-07	-3.1142e-07	-4.2737e-10	1.5671e-10	-5.993e-11	3.1166e-07	-3.113e-07	-3.1158e-10	1.498e-10	-6.209e-11	3.1154e-07	-3.1128e-07	-1.9216e-10	1.463e-10	-5.996e-11	3.1142e-07	-3.1126e-07	-7.627e-11	1.4127e-10	-6.149e-11	3.1128e-07	-3.1132e-07
1.14	-1.2324e-09	1.948e-10	-5.042e-11	3.1286e-07	-3.117e-07	-1.1271e-09	1.8747e-10	-5.503e-11	3.1254e-07	-3.115e-07	-9.987e-10	1.8119e-10	-5.528e-11	3.1232e-07	-3.1152e-07	-8.8201e-10	1.7263e-10	-5.914e-11	3.1226e-07	-3.1148e-07	-7.7808e-10	1.6731e-10	-5.724e-11	3.1216e-07	-3.1138e-07	-6.5336e-10	1.5974e-10	-5.765e-11	3.12e-07	-3.114e-07	-5.3788e-10	1.512e-10	-5.386e-11	3.1182e-07	-3.1134e-07	-4.2343e-10	1.4905e-10	-5.502e-11	3.1166e-07	-3.1138e-07	-3.1604e-10	1.421e-10	-5.662e-11	3.1154e-07	-3.1132e-07	-1.8817e-10	1.3851e-10	-5.697e-11	3.1136e-07	-3.113e-07	-5.327e-11	1.3253e-10	-5.176e-11	3.1128e-07	-3.1128e-07
1.135	-1.2544e-09	1.8815e-10	-5.181e-11	3.1284e-07	-3.1164e-07	-1.1164e-09	1.7509e-10	-5.254e-11	3.1254e-07	-3.1156e-07	-1.0016e-09	1.74e-10	-5.101e-11	3.124e-07	-3.1148e-07	-8.7516e-10	1.6539e-10	-5.051e-11	3.1232e-07	-3.1146e-07	-7.5665e-10	1.5704e-10	-5.44e-11	3.1202e-07	-3.1144e-07	-6.4683e-10	1.5162e-10	-5.049e-11	3.1198e-07	-3.1146e-07	-5.4461e-10	1.4387e-10	-5.356e-11	3.1184e-07	-3.114e-07	-4.2376e-10	1.4028e-10	-5.179e-11	3.1172e-07	-3.113e-07	-3.0757e-10	1.3473e-10	-4.853e-11	3.1146e-07	-3.1126e-07	-1.8861e-10	1.3221e-10	-5.468e-11	3.1138e-07	-3.1126e-07	-6.354e-11	1.264e-10	-5.073e-11	3.113e-07	-3.1128e-07
1.13	-1.2419e-09	1.7838e-10	-4.966e-11	3.1278e-07	-3.1174e-07	-1.1197e-09	1.6699e-10	-4.919e-11	3.1254e-07	-3.1152e-07	-1.0018e-09	1.6552e-10	-4.956e-11	3.1236e-07	-3.1146e-07	-8.7716e-10	1.5904e-10	-5.142e-11	3.123e-07	-3.1148e-07	-7.727e-10	1.5158e-10	-4.837e-11	3.1208e-07	-3.1134e-07	-6.4553e-10	1.4374e-10	-4.908e-11	3.119e-07	-3.1134e-07	-5.4393e-10	1.3871e-10	-5.263e-11	3.1188e-07	-3.1146e-07	-4.3009e-10	1.3484e-10	-5.327e-11	3.117e-07	-3.1132e-07	-3.2235e-10	1.3045e-10	-5.303e-11	3.1156e-07	-3.113e-07	-1.8738e-10	1.2397e-10	-4.931e-11	3.1142e-07	-3.1126e-07	-6.283e-11	1.1911e-10	-5.233e-11	3.113e-07	-3.1132e-07
1.125	-1.2326e-09	1.7127e-10	-4.69e-11	3.1282e-07	-3.1166e-07	-1.1161e-09	1.6032e-10	-4.569e-11	3.1258e-07	-3.1152e-07	-1.00008e-09	1.5775e-10	-5.092e-11	3.1232e-07	-3.1146e-07	-8.6739e-10	1.4917e-10	-5.245e-11	3.122e-07	-3.115e-07	-7.7012e-10	1.451e-10	-4.517e-11	3.1198e-07	-3.1132e-07	-6.5281e-10	1.3656e-10	-5.176e-11	3.1188e-07	-3.1134e-07	-5.3578e-10	1.3379e-10	-4.882e-11	3.1188e-07	-3.113e-07	-4.2049e-10	1.2801e-10	-4.661e-11	3.116e-07	-3.1124e-07	-3.0901e-10	1.2357e-10	-4.742e-11	3.1154e-07	-3.1132e-07	-1.8346e-10	1.1747e-10	-4.918e-11	3.1142e-07	-3.113e-07	-6.261e-11	1.1329e-10	-4.758e-11	3.1124e-07	-3.1124e-07
1.12	-1.2254e-09	1.6188e-10	-4.498e-11	3.1278e-07	-3.1168e-07	-1.1189e-09	1.5648e-10	-4.819e-11	3.1254e-07	-3.1154e-07	-9.8338e-10	1.5122e-10	-4.636e-11	3.1242e-07	-3.1142e-07	-8.6762e-10	1.4325e-10	-4.724e-11	3.1226e-07	-3.115e-07	-7.5898e-10	1.3802e-10	-4.78e-11	3.1202e-07	-3.114e-07	-6.4753e-10	1.3061e-10	-4.497e-11	3.119e-07	-3.114e-07	-5.2881e-10	1.283e-10	-4.581e-11	3.1182e-07	-3.1138e-07	-4.1569e-10	1.2007e-10	-4.687e-11	3.116e-07	-3.112e-07	-3e-10	1.1534e-10	-4.601e-11	3.1158e-07	-3.113e-07	-1.8387e-10	1.1239e-10	-4.748e-11	3.1142e-07	-3.1122e-07	-6.376e-11	1.0794e-10	-4.126e-11	3.1134e-07	-3.1136e-07
1.115	-1.2176e-09	1.5573e-10	-4.512e-11	3.1274e-07	-3.1168e-07	-1.0978e-09	1.4806e-10	-4.17e-11	3.1248e-07	-3.1152e-07	-9.8564e-10	1.4409e-10	-4.358e-11	3.124e-07	-3.1146e-07	-8.5802e-10	1.3624e-10	-4.061e-11	3.1228e-07	-3.1146e-07	-7.5848e-10	1.2905e-10	-4.456e-11	3.1204e-07	-3.114e-07	-6.4002e-10	1.2203e-10	-4.323e-11	3.1198e-07	-3.1132e-07	-5.1274e-10	1.2102e-10	-4.365e-11	3.1184e-07	-3.1134e-07	-4.1169e-10	1.1337e-10	-4.437e-11	3.1162e-07	-3.1126e-07	-3.0453e-10	1.1028e-10	-4.216e-11	3.1158e-07	-3.1126e-07	-1.784e-10	1.0437e-10	-4.114e-11	3.1138e-07	-3.113e-07	-4.27e-11	1.0041e-10	-4.118e-11	3.1136e-07	-3.114e-07
1.11	-1.2281e-09	1.5111e-10	-3.754e-11	3.1276e-07	-3.1158e-07	-1.0914e-09	1.4389e-10	-4.19e-11	3.1244e-07	-3.115e-07	-9.6861e-10	1.3541e-10	-4.053e-11	3.1232e-07	-3.1144e-07	-8.6393e-10	1.3083e-10	-4.585e-11	3.1224e-07	-3.1144e-07	-7.4163e-10	1.2373e-10	-3.746e-11	3.1212e-07	-3.1136e-07	-6.3749e-10	1.1737e-10	-4.242e-11	3.1194e-07	-3.1138e-07	-5.3019e-10	1.1522e-10	-4.341e-11	3.1184e-07	-3.1142e-07	-4.1232e-10	1.0886e-10	-4.165e-11	3.116e-07	-3.113e-07	-2.9723e-10	1.0404e-10	-3.905e-11	3.1152e-07	-3.1132e-07	-1.811e-10	1.0023e-10	-4.226e-11	3.1146e-07	-3.1126e-07	-5.645e-11	9.474e-11	-4.706e-11	3.1136e-07	-3.1134e-07
1.105	-1.2071e-09	1.444e-10	-3.46e-11	3.1274e-07	-3.1164e-07	-1.0921e-09	1.3967e-10	-3.884e-11	3.125e-07	-3.115e-07	-9.7364e-10	1.2978e-10	-4.354e-11	3.1238e-07	-3.114e-07	-8.6049e-10	1.2298e-10	-4.093e-11	3.1232e-07	-3.1148e-07	-7.568e-10	1.1772e-10	-4.349e-11	3.1208e-07	-3.114e-07	-6.336e-10	1.1169e-10	-4.257e-11	3.12e-07	-3.1142e-07	-5.2363e-10	1.0927e-10	-3.364e-11	3.1182e-07	-3.1142e-07	-4.1661e-10	1.0369e-10	-3.77e-11	3.1164e-07	-3.1128e-07	-3.1141e-10	9.828e-11	-3.981e-11	3.1154e-07	-3.1132e-07	-1.7684e-10	9.494e-11	-4.004e-11	3.1144e-07	-3.1128e-07	-4.5e-11	8.997e-11	-3.485e-11	3.1128e-07	-3.1132e-07
1.1	-1.211e-09	1.3877e-10	-3.925e-11	3.1276e-07	-3.1158e-07	-1.086e-09	1.3366e-10	-3.76e-11	3.1256e-07	-3.1156e-07	-9.8508e-10	1.2453e-10	-3.414e-11	3.1234e-07	-3.1146e-07	-8.5656e-10	1.1687e-10	-3.459e-11	3.1228e-07	-3.1146e-07	-7.4854e-10	1.1345e-10	-3.434e-11	3.1204e-07	-3.1134e-07	-6.3615e-10	1.0645e-10	-3.606e-11	3.1198e-07	-3.1134e-07	-5.2802e-10	1.0328e-10	-3.601e-11	3.1188e-07	-3.1138e-07	-4.0717e-10	9.814e-11	-3.758e-11	3.117e-07	-3.1136e-07	-2.9514e-10	9.275e-11	-3.438e-11	3.1152e-07	-3.1126e-07	-1.7204e-10	8.99e-11	-3.609e-11	3.1142e-07	-3.1126e-07	-5.723e-11	8.66e-11	-3.52e-11	3.1132e-07	-3.1134e-07
1.095	-1.1944e-09	1.2986e-10	-3.146e-11	3.1278e-07	-3.1162e-07	-1.0858e-09	1.2737e-10	-3.428e-11	3.1258e-07	-3.1148e-07	-9.7017e-10	1.1866e-10	-3.155e-11	3.1232e-07	-3.1142e-07	-8.5671e-10	1.1263e-10	-3.639e-11	3.1224e-07	-3.1146e-07	-7.4708e-10	1.0704e-10	-3.308e-11	3.121e-07	-3.1138e-07	-6.287e-10	1.032e-10	-3.26e-11	3.1198e-07	-3.114e-07	-5.2455e-10	9.56e-11	-3.528e-11	3.1186e-07	-3.1138e-07	-4.0775e-10	9.295e-11	-3.697e-11	3.117e-07	-3.1134e-07	-2.9482e-10	8.763e-11	-3.377e-11	3.1158e-07	-3.1126e-07	-1.7357e-10	8.457e-11	-3.428e-11	3.1136e-07	-3.1134e-07	-4.926e-11	8.037e-11	-3.51e-11	3.1136e-07	-3.1132e-07
1.09	-1.203e-09	1.2658e-10	-2.712e-11	3.1278e-07	-3.1162e-07	-1.0728e-09	1.1936e-10	-3.201e-11	3.125e-07	-3.1146e-07	-9.7056e-10	1.1099e-10	-3.576e-11	3.124e-07	-3.1146e-07	-8.4698e-10	1.051e-10	-3.236e-11	3.1226e-07	-3.1152e-07	-7.3763e-10	1.0136e-10	-3.158e-11	3.1206e-07	-3.1142e-07	-6.2648e-10	9.859e-11	-3.646e-11	3.1196e-07	-3.114e-07	-5.1771e-10	9.052e-11	-2.742e-11	3.118e-07	-3.114e-07	-3.9667e-10	8.684e-11	-3.017e-11	3.1172e-07	-3.1136e-07	-2.9159e-10	8.226e-11	-2.864e-11	3.1152e-07	-3.1126e-07	-1.6794e-10	8.205e-11	-3.049e-11	3.1136e-07	-3.1126e-07	-3.854e-11	7.505e-11	-3.648e-11	3.1138e-07	-3.113e-07
1.085	-1.1958e-09	1.187e-10	-2.951e-11	3.1274e-07	-3.1168e-07	-1.0777e-09	1.1244e-10	-3.404e-11	3.125e-07	-3.1148e-07	-9.5357e-10	1.0367e-10	-3.249e-11	3.1236e-07	-3.1146e-07	-8.5523e-10	1.0149e-10	-3.048e-11	3.1224e-07	-3.114e-07	-7.2967e-10	9.335e-11	-3.132e-11	3.1202e-07	-3.1138e-07	-6.1075e-10	9.306e-11	-3.077e-11	3.1194e-07	-3.1134e-07	-5.2451e-10	8.656e-11	-2.889e-11	3.1184e-07	-3.1136e-07	-4.0395e-10	8.241e-11	-3.355e-11	3.1174e-07	-3.1138e-07	-2.9189e-10	7.763e-11	-3.19e-11	3.115e-07	-3.1132e-07	-1.6851e-10	7.62e-11	-3.424e-11	3.114e-07	-3.1122e-07	-4.41e-11	7.127e-11	-2.946e-11	3.1136e-07	-3.1138e-07
1.08	-1.1976e-09	1.1334e-10	-3.109e-11	3.128e-07	-3.1164e-07	-1.0762e-09	1.063e-10	-2.683e-11	3.1254e-07	-3.1152e-07	-9.5726e-10	9.545e-11	-2.478e-11	3.123e-07	-3.1144e-07	-8.4405e-10	9.551e-11	-2.733e-11	3.1224e-07	-3.1146e-07	-7.4758e-10	9.195e-11	-2.387e-11	3.1212e-07	-3.1146e-07	-6.1353e-10	8.671e-11	-2.942e-11	3.1192e-07	-3.1132e-07	-5.0979e-10	8.172e-11	-3.12e-11	3.1182e-07	-3.1136e-07	-4.0771e-10	7.743e-11	-3.268e-11	3.1168e-07	-3.1132e-07	-3.0096e-10	7.705e-11	-2.991e-11	3.1154e-07	-3.1124e-07	-1.6505e-10	7.072e-11	-2.738e-11	3.114e-07	-3.1122e-07	-3.503e-11	6.717e-11	-2.853e-11	3.1136e-07	-3.113e-07
1.075	-1.1962e-09	1.0717e-10	-2.427e-11	3.128e-07	-3.1172e-07	-1.0826e-09	1.013e-10	-2.542e-11	3.1252e-07	-3.1156e-07	-9.8114e-10	9.825e-11	-2.281e-11	3.1236e-07	-3.1144e-07	-8.4663e-10	9.302e-11	-2.732e-11	3.123e-07	-3.1138e-07	-7.357e-10	8.655e-11	-2.02e-11	3.1202e-07	-3.1138e-07	-6.2505e-10	8.38e-11	-2.709e-11	3.119e-07	-3.1128e-07	-5.1693e-10	7.732e-11	-3.006e-11	3.1186e-07	-3.1134e-07	-4.0142e-10	7.601e-11	-2.24e-11	3.1172e-07	-3.1132e-07	-2.8324e-10	7.072e-11	-2.433e-11	3.1156e-07	-3.1128e-07	-1.714e-10	6.712e-11	-2.685e-11	3.1142e-07	-3.1128e-07	-4.915e-11	6.377e-11	-3.355e-11	3.1134e-07	-3.1134e-07
1.07	-1.187e-09	1.0178e-10	-2.168e-11	3.1278e-07	-3.1166e-07	-1.0782e-09	9.465e-11	-2.458e-11	3.125e-07	-3.1146e-07	-9.5474e-10	8.773e-11	-3.484e-11	3.1236e-07	-3.1146e-07	-8.4251e-10	8.525e-11	-2.196e-11	3.1226e-07	-3.1138e-07	-7.3785e-10	8.313e-11	-2.485e-11	3.1202e-07	-3.1132e-07	-6.2275e-10	7.865e-11	-2.278e-11	3.1188e-07	-3.1134e-07	-5.1133e-10	7.414e-11	-2.013e-11	3.1184e-07	-3.1136e-07	-4.0188e-10	7.107e-11	-2.431e-11	3.1176e-07	-3.1132e-07	-2.8779e-10	6.663e-11	-2.58e-11	3.1158e-07	-3.113e-07	-1.7023e-10	6.408e-11	-2.572e-11	3.1144e-07	-3.1128e-07	-3.219e-11	5.979e-11	-2.309e-11	3.114e-07	-3.1128e-07
1.065	-1.1952e-09	9.551e-11	-2.683e-11	3.128e-07	-3.117e-07	-1.0671e-09	8.728e-11	-2.5e-11	3.125e-07	-3.115e-07	-9.708e-10	9.426e-11	-6.39e-12	3.1226e-07	-3.1146e-07	-8.3743e-10	8.25e-11	-1.825e-11	3.1224e-07	-3.1146e-07	-7.2366e-10	7.754e-11	-2.155e-11	3.1202e-07	-3.1138e-07	-6.2348e-10	7.262e-11	-2.059e-11	3.1188e-07	-3.113e-07	-5.1164e-10	7.183e-11	-2.035e-11	3.1188e-07	-3.1134e-07	-3.9048e-10	6.615e-11	-2.497e-11	3.1174e-07	-3.1128e-07	-2.7913e-10	6.152e-11	-2.375e-11	3.1162e-07	-3.113e-07	-1.6008e-10	5.888e-11	-2.383e-11	3.114e-07	-3.1126e-07	-3.445e-11	5.754e-11	-2.401e-11	3.1134e-07	-3.1138e-07
1.06	-1.1914e-09	9.014e-11	-2.314e-11	3.128e-07	-3.1162e-07	-1.0743e-09	8.532e-11	-1.85e-11	3.1254e-07	-3.115e-07	-9.2451e-10	8.464e-11	-3.198e-11	3.1236e-07	-3.114e-07	-8.4408e-10	7.812e-11	-2.006e-11	3.123e-07	-3.1142e-07	-7.2314e-10	7.229e-11	-1.475e-11	3.1206e-07	-3.1136e-07	-6.0703e-10	6.66e-11	-1.848e-11	3.12e-07	-3.1138e-07	-5.1383e-10	6.706e-11	-2.448e-11	3.1184e-07	-3.1134e-07	-3.9787e-10	6.05e-11	-2.422e-11	3.117e-07	-3.1132e-07	-2.8741e-10	6.098e-11	-2.122e-11	3.1158e-07	-3.1128e-07	-1.683e-10	5.426e-11	-2.716e-11	3.115e-07	-3.1128e-07	-3.396e-11	5.298e-11	-2.574e-11	3.113e-07	-3.1134e-07
1.055	-1.196e-09	8.899e-11	-1.338e-11	3.1286e-07	-3.1168e-07	-1.0649e-09	8.168e-11	-1.689e-11	3.125e-07	-3.1152e-07	-9.4726e-10	8.505e-11	-1.864e-11	3.1244e-07	-3.1154e-07	-8.3569e-10	7.499e-11	-1.4e-11	3.1226e-07	-3.114e-07	-7.3276e-10	7e-11	-1.838e-11	3.12e-07	-3.113e-07	-6.1594e-10	6.48e-11	-2.109e-11	3.119e-07	-3.1134e-07	-5.0336e-10	6.314e-11	-1.657e-11	3.1182e-07	-3.1128e-07	-3.9988e-10	5.99e-11	-1.05e-11	3.117e-07	-3.113e-07	-2.8768e-10	5.67e-11	-1.748e-11	3.117e-07	-3.1134e-07	-1.6275e-10	5.262e-11	-1.928e-11	3.1146e-07	-3.1134e-07	-2.807e-11	5.046e-11	-1.955e-11	3.1136e-07	-3.1134e-07
1.05	-1.1816e-09	8.289e-11	-1.427e-11	3.1278e-07	-3.1166e-07	-1.076e-09	7.937e-11	-1.834e-11	3.1254e-07	-3.1158e-07	-9.6214e-10	8.378e-11	-5.31e-12	3.1244e-07	-3.115e-07	-8.4201e-10	7.008e-11	-1.423e-11	3.1224e-07	-3.1146e-07	-7.2663e-10	6.645e-11	-1.608e-11	3.12e-07	-3.1138e-07	-6.1579e-10	6.116e-11	-1.603e-11	3.12e-07	-3.1138e-07	-5.1007e-10	5.733e-11	-1.251e-11	3.1188e-07	-3.1138e-07	-3.9797e-10	5.538e-11	-1.572e-11	3.1164e-07	-3.1124e-07	-2.8169e-10	5.367e-11	-1.556e-11	3.117e-07	-3.1132e-07	-1.6962e-10	5.039e-11	-1.824e-11	3.114e-07	-3.1122e-07	-3.814e-11	4.778e-11	-1.947e-11	3.1144e-07	-3.1138e-07
1.045	-1.1819e-09	7.881e-11	-1.534e-11	3.1278e-07	-3.1168e-07	-1.0597e-09	7.527e-11	-9.58e-12	3.125e-07	-3.115e-07	-9.4981e-10	7.403e-11	-1.879e-11	3.1242e-07	-3.1162e-07	-8.3757e-10	6.661e-11	-1.016e-11	3.1226e-07	-3.1142e-07	-7.2919e-10	6.241e-11	-1.137e-11	3.1194e-07	-3.114e-07	-6.2006e-10	5.887e-11	-1.552e-11	3.1202e-07	-3.1146e-07	-5.0983e-10	5.523e-11	-1.36e-11	3.1184e-07	-3.1134e-07	-3.983e-10	5.313e-11	-1.961e-11	3.1172e-07	-3.1134e-07	-2.8016e-10	4.946e-11	-1.456e-11	3.116e-07	-3.1136e-07	-1.6144e-10	4.634e-11	-1.885e-11	3.1132e-07	-3.1118e-07	-2.388e-11	4.568e-11	-1.85e-11	3.1138e-07	-3.114e-07
1.04	-1.183e-09	7.572e-11	-7.67e-12	3.1278e-07	-3.117e-07	-1.0628e-09	7.244e-11	-1.001e-11	3.125e-07	-3.1152e-07	-9.4777e-10	6.503e-11	-9.8e-12	3.1242e-07	-3.1148e-07	-8.4204e-10	6.286e-11	-9.16e-12	3.1224e-07	-3.1148e-07	-7.1303e-10	5.722e-11	-7.52e-12	3.1202e-07	-3.113e-07	-6.1924e-10	5.73e-11	-1.065e-11	3.1202e-07	-3.1136e-07	-5.18e-10	5.228e-11	-1.19e-11	3.118e-07	-3.1132e-07	-3.8385e-10	4.95e-11	-1.114e-11	3.1172e-07	-3.114e-07	-2.7239e-10	4.696e-11	-1.249e-11	3.1162e-07	-3.1134e-07	-1.5749e-10	4.309e-11	-1.683e-11	3.1136e-07	-3.112e-07	-3.125e-11	4.213e-11	-1.9e-11	3.1136e-07	-3.1132e-07
1.035	-1.1903e-09	7.447e-11	4.7e-13	3.1278e-07	-3.1162e-07	-1.0634e-09	6.951e-11	-6.57e-12	3.125e-07	-3.1148e-07	-9.4009e-10	5.99e-11	-6.34e-12	3.1234e-07	-3.115e-07	-8.4075e-10	5.863e-11	-4.4e-12	3.123e-07	-3.1138e-07	-7.2322e-10	5.632e-11	-1.095e-11	3.1198e-07	-3.1132e-07	-6.0278e-10	5.351e-11	-5.61e-12	3.1194e-07	-3.1134e-07	-5.1173e-10	4.797e-11	-6.91e-12	3.1188e-07	-3.1138e-07	-3.9505e-10	4.742e-11	-9.06e-12	3.1176e-07	-3.114e-07	-2.8353e-10	4.344e-11	-1.245e-11	3.116e-07	-3.114e-07	-1.6228e-10	4.316e-11	-9.58e-12	3.114e-07	-3.1118e-07	-2.444e-11	3.869e-11	-1.386e-11	3.113e-07	-3.113e-07
1.03	-1.1839e-09	6.941e-11	-2.39e-12	3.1278e-07	-3.1158e-07	-1.06e-09	6.482e-11	-3.44e-12	3.126e-07	-3.1158e-07	-9.5365e-10	6.015e-11	-3.29e-12	3.124e-07	-3.1152e-07	-8.3015e-10	5.358e-11	-3.42e-12	3.1224e-07	-3.115e-07	-7.2564e-10	5.319e-11	-5.67e-12	3.1202e-07	-3.113e-07	-6.1404e-10	4.898e-11	-9.44e-12	3.1198e-07	-3.1144e-07	-5.0495e-10	4.539e-11	-3.37e-12	3.1188e-07	-3.1142e-07	-3.9493e-10	4.526e-11	-9.87e-12	3.118e-07	-3.1136e-07	-2.8348e-10	4.203e-11	-5.98e-12	3.1154e-07	-3.113e-07	-1.5327e-10	4.108e-11	-7.46e-12	3.1132e-07	-3.1122e-07	-2.761e-11	3.756e-11	-1.307e-11	3.1138e-07	-3.1138e-07
1.025	-1.1833e-09	6.449e-11	1.56e-12	3.1274e-07	-3.1164e-07	-1.0745e-09	6.357e-11	5.09e-12	3.1254e-07	-3.1156e-07	-9.5536e-10	5.407e-11	-4.57e-12	3.1248e-07	-3.115e-07	-8.4206e-10	5.022e-11	-2e-12	3.122e-07	-3.1144e-07	-7.2689e-10	5.017e-11	-1.49e-12	3.12e-07	-3.1132e-07	-6.1012e-10	4.542e-11	-7.2e-13	3.1196e-07	-3.1138e-07	-5.0612e-10	4.356e-11	-1.63e-12	3.1176e-07	-3.1138e-07	-4.0198e-10	4.177e-11	-6.57e-12	3.118e-07	-3.1138e-07	-2.8243e-10	4.16e-11	-1.81e-12	3.1164e-07	-3.114e-07	-1.6459e-10	3.844e-11	-1.313e-11	3.1136e-07	-3.1128e-07	-3.007e-11	3.478e-11	-1.574e-11	3.1134e-07	-3.1132e-07
1.02	-1.1848e-09	6.148e-11	1.252e-11	3.1278e-07	-3.117e-07	-1.0647e-09	5.852e-11	6.18e-12	3.1262e-07	-3.1158e-07	-9.5295e-10	5.308e-11	1.088e-11	3.1238e-07	-3.1152e-07	-8.3945e-10	4.991e-11	7.55e-12	3.1224e-07	-3.1138e-07	-7.2867e-10	4.806e-11	2.39e-12	3.1194e-07	-3.1132e-07	-6.234e-10	4.602e-11	2.5e-12	3.12e-07	-3.1134e-07	-5.0549e-10	4.022e-11	3.24e-12	3.1178e-07	-3.1132e-07	-4.0196e-10	3.996e-11	2.35e-12	3.1178e-07	-3.1138e-07	-2.726e-10	3.501e-11	-2.76e-12	3.1154e-07	-3.114e-07	-1.5606e-10	3.729e-11	-5.28e-12	3.1132e-07	-3.1122e-07	-2.193e-11	3.169e-11	-1.175e-11	3.1136e-07	-3.1138e-07
1.015	-1.1935e-09	5.816e-11	1.211e-11	3.1278e-07	-3.1164e-07	-1.0793e-09	5.612e-11	7.9e-12	3.1256e-07	-3.1154e-07	-9.5176e-10	4.974e-11	7.21e-12	3.1242e-07	-3.1146e-07	-8.4695e-10	4.673e-11	7.11e-12	3.1216e-07	-3.114e-07	-7.2052e-10	4.229e-11	7.53e-12	3.12e-07	-3.1128e-07	-6.2039e-10	4.224e-11	8.34e-12	3.1194e-07	-3.114e-07	-5.1455e-10	4.002e-11	6.24e-12	3.1184e-07	-3.114e-07	-3.9213e-10	3.479e-11	2.46e-12	3.1182e-07	-3.1142e-07	-2.7217e-10	3.181e-11	-2.55e-12	3.1158e-07	-3.1132e-07	-1.6085e-10	3.318e-11	-1.65e-12	3.1136e-07	-3.112e-07	-2.453e-11	2.891e-11	-9.59e-12	3.1136e-07	-3.1134e-07
1.01	-1.1974e-09	5.429e-11	1.887e-11	3.1278e-07	-3.1162e-07	-1.0625e-09	4.96e-11	1.892e-11	3.1268e-07	-3.1156e-07	-9.5176e-10	4.646e-11	1.237e-11	3.1242e-07	-3.1154e-07	-8.4507e-10	4.379e-11	1.405e-11	3.1218e-07	-3.114e-07	-7.2715e-10	4.16e-11	1.31e-11	3.1206e-07	-3.1134e-07	-6.1428e-10	3.642e-11	6.46e-12	3.1198e-07	-3.1136e-07	-5.1323e-10	3.805e-11	1.133e-11	3.1174e-07	-3.1128e-07	-4.0708e-10	3.29e-11	3.68e-12	3.1172e-07	-3.1138e-07	-2.8334e-10	3.105e-11	6.36e-12	3.116e-07	-3.1134e-07	-1.6552e-10	2.912e-11	8.8e-13	3.1134e-07	-3.112e-07	-2.073e-11	2.741e-11	-1.063e-11	3.1138e-07	-3.1132e-07
1.005	-1.1949e-09	4.988e-11	2.166e-11	3.1272e-07	-3.1158e-07	-1.08e-09	4.764e-11	2.116e-11	3.1256e-07	-3.115e-07	-9.5926e-10	4.546e-11	1.939e-11	3.1236e-07	-3.1146e-07	-8.3684e-10	4.181e-11	2.224e-11	3.122e-07	-3.1138e-07	-7.3004e-10	3.798e-11	1.452e-11	3.1204e-07	-3.1136e-07	-6.3208e-10	3.548e-11	1.651e-11	3.1196e-07	-3.1134e-07	-5.1509e-10	3.385e-11	1.629e-11	3.118e-07	-3.1134e-07	-4.002e-10	3.072e-11	1.449e-11	3.1178e-07	-3.1136e-07	-2.8853e-10	3.242e-11	1.174e-11	3.1158e-07	-3.1134e-07	-1.6403e-10	2.66e-11	4.68e-12	3.114e-07	-3.1128e-07	-2.75e-11	2.65e-11	-9.32e-12	3.1136e-07	-3.1132e-07
1	-1.1997e-09	4.672e-11	2.751e-11	3.1278e-07	-3.1164e-07	-1.0857e-09	4.412e-11	2.843e-11	3.1256e-07	-3.1156e-07	-9.6016e-10	4.422e-11	2.868e-11	3.1236e-07	-3.1144e-07	-8.5525e-10	4.033e-11	2.631e-11	3.1218e-07	-3.1138e-07	-7.4262e-10	3.891e-11	2.671e-11	3.1208e-07	-3.1134e-07	-6.2511e-10	3.541e-11	2.636e-11	3.1198e-07	-3.1138e-07	-5.187e-10	3.048e-11	2.189e-11	3.1176e-07	-3.1126e-07	-4.1494e-10	3.103e-11	1.648e-11	3.1182e-07	-3.1138e-07	-2.8714e-10	2.701e-11	9.1e-12	3.1154e-07	-3.1134e-07	-1.6939e-10	2.675e-11	6.72e-12	3.115e-07	-3.1134e-07	-2.267e-11	2.457e-11	-7.23e-12	3.1136e-07	-3.1138e-07
0.995	-1.206e-09	4.316e-11	3.683e-11	3.128e-07	-3.116e-07	-1.088e-09	4.278e-11	3.823e-11	3.1256e-07	-3.1162e-07	-9.705e-10	4.169e-11	2.93e-11	3.1236e-07	-3.1142e-07	-8.5225e-10	3.776e-11	3.54e-11	3.122e-07	-3.114e-07	-7.3914e-10	3.353e-11	3.137e-11	3.1206e-07	-3.1136e-07	-6.4146e-10	3.323e-11	2.574e-11	3.119e-07	-3.114e-07	-5.2626e-10	2.87e-11	2.76e-11	3.1178e-07	-3.1126e-07	-4.0827e-10	2.827e-11	2.284e-11	3.1178e-07	-3.1132e-07	-2.8373e-10	2.402e-11	1.478e-11	3.1158e-07	-3.1136e-07	-1.5277e-10	2.225e-11	1.169e-11	3.114e-07	-3.1128e-07	-2.227e-11	2.241e-11	-6.16e-12	3.1128e-07	-3.1132e-07
0.99	-1.2206e-09	4.203e-11	4.447e-11	3.128e-07	-3.1162e-07	-1.0926e-09	4.039e-11	4.877e-11	3.1256e-07	-3.1158e-07	-9.6908e-10	3.924e-11	4.412e-11	3.1238e-07	-3.1144e-07	-8.6845e-10	3.687e-11	4.106e-11	3.1218e-07	-3.1138e-07	-7.4296e-10	3.25e-11	4.044e-11	3.1202e-07	-3.1138e-07	-6.3424e-10	2.985e-11	3.711e-11	3.119e-07	-3.1136e-07	-5.3293e-10	2.786e-11	3.634e-11	3.1172e-07	-3.1122e-07	-4.1031e-10	2.478e-11	2.896e-11	3.1178e-07	-3.1138e-07	-2.8891e-10	2.259e-11	2.617e-11	3.1162e-07	-3.1126e-07	-1.7125e-10	1.957e-11	9.29e-12	3.1152e-07	-3.1138e-07	-2.091e-11	2.054e-11	-6.6e-12	3.113e-07	-3.1132e-07
0.985	-1.2173e-09	4.151e-11	6.036e-11	3.128e-07	-3.116e-07	-1.0852e-09	3.62e-11	5.368e-11	3.1262e-07	-3.1158e-07	-9.8042e-10	3.824e-11	5.512e-11	3.1236e-07	-3.1144e-07	-8.6122e-10	3.357e-11	5.696e-11	3.122e-07	-3.1138e-07	-7.4824e-10	2.968e-11	4.737e-11	3.1202e-07	-3.114e-07	-6.4305e-10	2.994e-11	4.776e-11	3.1194e-07	-3.1132e-07	-5.3532e-10	2.327e-11	4.281e-11	3.1184e-07	-3.1132e-07	-4.238e-10	2.521e-11	4.108e-11	3.1176e-07	-3.114e-07	-2.9969e-10	2.259e-11	2.946e-11	3.116e-07	-3.1138e-07	-1.7719e-10	2.044e-11	2.213e-11	3.1148e-07	-3.1126e-07	-2.287e-11	1.973e-11	-2.9e-12	3.1134e-07	-3.1126e-07
0.98	-1.2209e-09	3.581e-11	6.136e-11	3.1278e-07	-3.1168e-07	-1.1109e-09	3.536e-11	6.279e-11	3.1258e-07	-3.1158e-07	-9.8515e-10	3.445e-11	6.526e-11	3.1238e-07	-3.115e-07	-8.7236e-10	3.045e-11	6.248e-11	3.122e-07	-3.114e-07	-7.6173e-10	2.878e-11	5.959e-11	3.12e-07	-3.1134e-07	-6.5444e-10	2.764e-11	6.039e-11	3.1194e-07	-3.1134e-07	-5.4284e-10	2.298e-11	5.463e-11	3.1178e-07	-3.1134e-07	-4.2178e-10	2.304e-11	4.75e-11	3.1174e-07	-3.1138e-07	-3.0813e-10	2.119e-11	3.15e-11	3.1164e-07	-3.114e-07	-1.8101e-10	2.038e-11	2.554e-11	3.1136e-07	-3.1126e-07	-2.478e-11	1.76e-11	2.9e-13	3.1136e-07	-3.1134e-07
0.975	-1.2357e-09	3.432e-11	8.08e-11	3.1272e-07	-3.1158e-07	-1.1138e-09	3.404e-11	8.796e-11	3.1262e-07	-3.1158e-07	-1.0026e-09	3.137e-11	7.363e-11	3.124e-07	-3.115e-07	-8.9155e-10	2.94e-11	7.693e-11	3.1224e-07	-3.1144e-07	-7.7388e-10	2.592e-11	7.44e-11	3.1208e-07	-3.1134e-07	-6.5962e-10	2.445e-11	6.851e-11	3.119e-07	-3.1138e-07	-5.5156e-10	2.166e-11	6.217e-11	3.1184e-07	-3.1128e-07	-4.451e-10	2.294e-11	5.688e-11	3.1174e-07	-3.1142e-07	-3.0428e-10	1.905e-11	4.257e-11	3.1164e-07	-3.1132e-07	-1.8261e-10	1.728e-11	2.484e-11	3.1144e-07	-3.1134e-07	-2.306e-11	1.653e-11	1.45e-12	3.1138e-07	-3.1134e-07
0.97	-1.2516e-09	3.38e-11	1.0217e-10	3.1276e-07	-3.1168e-07	-1.1373e-09	3.427e-11	9.643e-11	3.1264e-07	-3.1152e-07	-1.01589e-09	2.971e-11	9.825e-11	3.1238e-07	-3.114e-07	-8.9593e-10	2.609e-11	9.451e-11	3.1226e-07	-3.1144e-07	-7.8816e-10	2.357e-11	8.68e-11	3.1202e-07	-3.1138e-07	-6.8642e-10	2.428e-11	8.327e-11	3.1202e-07	-3.1136e-07	-5.677e-10	2.153e-11	7.861e-11	3.1176e-07	-3.1132e-07	-4.3839e-10	1.746e-11	7.511e-11	3.1178e-07	-3.1144e-07	-3.111e-10	1.769e-11	5.453e-11	3.1154e-07	-3.1134e-07	-1.6692e-10	1.287e-11	3.602e-11	3.114e-07	-3.1124e-07	-2.408e-11	1.607e-11	5.9e-12	3.113e-07	-3.1132e-07
0.965	-1.2749e-09	3.321e-11	1.1837e-10	3.1278e-07	-3.1164e-07	-1.1448e-09	2.955e-11	1.1352e-10	3.1258e-07	-3.1158e-07	-1.03625e-09	2.624e-11	1.1233e-10	3.1234e-07	-3.1142e-07	-9.2967e-10	2.585e-11	1.0864e-10	3.1226e-07	-3.1144e-07	-8.0213e-10	2.31e-11	1.0575e-10	3.12e-07	-3.1136e-07	-6.8586e-10	2.228e-11	1.0788e-10	3.1194e-07	-3.1138e-07	-5.785e-10	1.798e-11	9.304e-11	3.1182e-07	-3.1136e-07	-4.63e-10	1.77e-11	8.248e-11	3.1172e-07	-3.1138e-07	-3.2573e-10	1.581e-11	6.392e-11	3.1164e-07	-3.1126e-07	-1.9255e-10	1.427e-11	4.603e-11	3.1142e-07	-3.1126e-07	-2.264e-11	1.416e-11	7.89e-12	3.114e-07	-3.114e-07
0.96	-1.2832e-09	2.895e-11	1.3714e-10	3.1278e-07	-3.1166e-07	-1.1645e-09	2.887e-11	1.3862e-10	3.1258e-07	-3.1156e-07	-1.05231e-09	2.458e-11	1.3406e-10	3.1238e-07	-3.114e-07	-9.3069e-10	2.007e-11	1.3064e-10	3.1224e-07	-3.114e-07	-8.1826e-10	2.029e-11	1.2613e-10	3.1206e-07	-3.1132e-07	-7.1888e-10	1.856e-11	1.1655e-10	3.12e-07	-3.1138e-07	-5.9809e-10	1.871e-11	1.1015e-10	3.1178e-07	-3.1132e-07	-4.7613e-10	1.586e-11	9.957e-11	3.1176e-07	-3.114e-07	-3.4023e-10	1.674e-11	7.805e-11	3.116e-07	-3.1132e-07	-1.9961e-10	1.371e-11	5.364e-11	3.1138e-07	-3.1128e-07	-2.942e-11	1.275e-11	1.132e-11	3.1132e-07	-3.1136e-07
0.955	-1.3117e-09	2.823e-11	1.6433e-10	3.1278e-07	-3.1164e-07	-1.1898e-09	2.697e-11	1.6656e-10	3.1258e-07	-3.1156e-07	-1.07237e-09	2.206e-11	1.5332e-10	3.1244e-07	-3.114e-07	-9.6e-10	1.986e-11	1.5708e-10	3.1214e-07	-3.114e-07	-8.4406e-10	1.916e-11	1.4563e-10	3.12e-07	-3.1134e-07	-7.3338e-10	1.652e-11	1.4358e-10	3.1192e-07	-3.1132e-07	-6.0887e-10	1.728e-11	1.3548e-10	3.118e-07	-3.113e-07	-4.9047e-10	1.425e-11	1.1716e-10	3.1176e-07	-3.1138e-07	-3.5571e-10	1.529e-11	9.424e-11	3.1154e-07	-3.113e-07	-2.1898e-10	1.411e-11	6.116e-11	3.1142e-07	-3.1126e-07	-3.036e-11	1.366e-11	1.504e-11	3.1136e-07	-3.1134e-07
0.95	-1.3356e-09	2.689e-11	2.0118e-10	3.1274e-07	-3.1164e-07	-1.2095e-09	2.446e-11	1.8948e-10	3.126e-07	-3.1162e-07	-1.10062e-09	2.115e-11	1.9106e-10	3.1238e-07	-3.1146e-07	-9.808e-10	1.687e-11	1.8501e-10	3.1218e-07	-3.1138e-07	-8.6673e-10	1.877e-11	1.7589e-10	3.1198e-07	-3.1134e-07	-7.6143e-10	1.504e-11	1.7073e-10	3.1198e-07	-3.1136e-07	-6.3444e-10	1.458e-11	1.5364e-10	3.118e-07	-3.1124e-07	-5.1877e-10	1.083e-11	1.3762e-10	3.1176e-07	-3.1136e-07	-3.6387e-10	1.357e-11	1.1302e-10	3.1152e-07	-3.1134e-07	-2.1687e-10	1.161e-11	7.793e-11	3.114e-07	-3.1126e-07	-3.255e-11	1e-11	1.599e-11	3.1134e-07	-3.113e-07
0.945	-1.3766e-09	2.459e-11	2.2794e-10	3.1278e-07	-3.1166e-07	-1.2596e-09	2.233e-11	2.2528e-10	3.1254e-07	-3.115e-07	-1.12873e-09	1.932e-11	2.1983e-10	3.1236e-07	-3.1144e-07	-1.01633e-09	1.743e-11	2.1257e-10	3.1218e-07	-3.1134e-07	-8.9861e-10	1.785e-11	2.058e-10	3.12e-07	-3.1132e-07	-7.962e-10	1.38e-11	2.0007e-10	3.1192e-07	-3.114e-07	-6.6386e-10	1.459e-11	1.8562e-10	3.118e-07	-3.1128e-07	-5.3007e-10	1.049e-11	1.6444e-10	3.1184e-07	-3.1138e-07	-3.8794e-10	1.055e-11	1.2949e-10	3.1154e-07	-3.1132e-07	-2.181e-10	9.97e-12	9.366e-11	3.1142e-07	-3.1122e-07	-3.478e-11	9.53e-12	2.337e-11	3.1128e-07	-3.1134e-07
0.94	-1.4182e-09	2.377e-11	2.7169e-10	3.1278e-07	-3.116e-07	-1.2854e-09	2.037e-11	2.7363e-10	3.1248e-07	-3.1146e-07	-1.1645e-09	1.968e-11	2.5739e-10	3.1238e-07	-3.115e-07	-1.06435e-09	1.594e-11	2.5488e-10	3.1218e-07	-3.1134e-07	-9.3614e-10	1.515e-11	2.4525e-10	3.1212e-07	-3.1138e-07	-8.1689e-10	1.039e-11	2.3435e-10	3.1196e-07	-3.1142e-07	-6.9547e-10	1.396e-11	2.244e-10	3.1184e-07	-3.1134e-07	-5.7447e-10	1.004e-11	1.9369e-10	3.1176e-07	-3.1124e-07	-4.101e-10	1.05e-11	1.6365e-10	3.1154e-07	-3.1132e-07	-2.5098e-10	7.7e-12	1.0303e-10	3.1142e-07	-3.1124e-07	-4.056e-11	8.59e-12	2.729e-11	3.1136e-07	-3.1132e-07
0.935	-1.4519e-09	2.235e-11	3.1835e-10	3.1282e-07	-3.1162e-07	-1.3455e-09	2.031e-11	3.1844e-10	3.1244e-07	-3.1144e-07	-1.2e-09	1.52e-11	3.0535e-10	3.1236e-07	-3.114e-07	-1.08743e-09	1.597e-11	3.074e-10	3.122e-07	-3.1136e-07	-9.7893e-10	1.534e-11	2.9207e-10	3.1202e-07	-3.1138e-07	-8.7247e-10	1.14e-11	2.791e-10	3.1194e-07	-3.114e-07	-7.3684e-10	1.355e-11	2.5787e-10	3.1178e-07	-3.1136e-07	-5.9463e-10	8.25e-12	2.319e-10	3.117e-07	-3.1128e-07	-4.4554e-10	9.73e-12	1.86e-10	3.1158e-07	-3.1128e-07	-2.6726e-10	8.71e-12	1.3171e-10	3.114e-07	-3.113e-07	-4.844e-11	8.84e-12	3.501e-11	3.1134e-07	-3.1132e-07
0.93	-1.5112e-09	1.974e-11	3.7789e-10	3.128e-07	-3.1162e-07	-1.3912e-09	1.66e-11	3.7184e-10	3.1244e-07	-3.1146e-07	-1.2698e-09	1.517e-11	3.6204e-10	3.1242e-07	-3.1156e-07	-1.1591e-09	1.634e-11	3.5943e-10	3.1216e-07	-3.1138e-07	-1.03159e-09	1.457e-11	3.4634e-10	3.12e-07	-3.1132e-07	-9.0635e-10	1.181e-11	3.2992e-10	3.1194e-07	-3.114e-07	-7.7179e-10	9.34e-12	3.0576e-10	3.1178e-07	-3.1128e-07	-6.3873e-10	8.8e-12	2.6871e-10	3.1172e-07	-3.1128e-07	-4.7595e-10	7.65e-12	2.2055e-10	3.1158e-07	-3.1128e-07	-2.9768e-10	8.84e-12	1.5349e-10	3.114e-07	-3.1126e-07	-5.191e-11	3.8e-12	3.714e-11	3.114e-07	-3.1134e-07
0.925	-1.5749e-09	1.76e-11	4.4429e-10	3.1278e-07	-3.1164e-07	-1.4595e-09	1.665e-11	4.4244e-10	3.1248e-07	-3.1148e-07	-1.332e-09	1.55e-11	4.2967e-10	3.1244e-07	-3.115e-07	-1.2152e-09	1.465e-11	4.2131e-10	3.1218e-07	-3.114e-07	-1.08501e-09	1.217e-11	4.0393e-10	3.1208e-07	-3.1136e-07	-9.7539e-10	9.66e-12	3.8344e-10	3.1194e-07	-3.113e-07	-8.3299e-10	8.99e-12	3.6235e-10	3.1178e-07	-3.1134e-07	-6.8208e-10	7.95e-12	3.15e-10	3.1164e-07	-3.113e-07	-5.097e-10	4.95e-12	2.6173e-10	3.1152e-07	-3.1134e-07	-3.099e-10	6.41e-12	1.7727e-10	3.1138e-07	-3.1122e-07	-6.431e-11	5.3e-12	4.819e-11	3.1132e-07	-3.113e-07
0.92	-1.6677e-09	1.863e-11	5.2203e-10	3.1272e-07	-3.1164e-07	-1.542e-09	1.588e-11	5.2359e-10	3.1248e-07	-3.1146e-07	-1.4035e-09	1.369e-11	5.0261e-10	3.1242e-07	-3.1152e-07	-1.2924e-09	1.365e-11	4.9137e-10	3.122e-07	-3.114e-07	-1.1762e-09	9.97e-12	4.7876e-10	3.1206e-07	-3.1136e-07	-1.03924e-09	9.79e-12	4.585e-10	3.119e-07	-3.1138e-07	-8.9259e-10	8.72e-12	4.3302e-10	3.1188e-07	-3.1134e-07	-7.346e-10	7.04e-12	3.7761e-10	3.1172e-07	-3.1132e-07	-5.6062e-10	5.66e-12	3.1388e-10	3.1158e-07	-3.1126e-07	-3.4011e-10	2.27e-12	2.0559e-10	3.1138e-07	-3.1124e-07	-6.902e-11	3.98e-12	6.228e-11	3.1134e-07	-3.1136e-07
0.915	-1.7457e-09	1.682e-11	6.1877e-10	3.1278e-07	-3.116e-07	-1.6318e-09	1.382e-11	6.1376e-10	3.1248e-07	-3.1148e-07	-1.4904e-09	1.224e-11	5.9019e-10	3.1244e-07	-3.1148e-07	-1.3573e-09	9.93e-12	5.7903e-10	3.1218e-07	-3.1134e-07	-1.2578e-09	8.99e-12	5.6275e-10	3.12e-07	-3.1132e-07	-1.11472e-09	7.54e-12	5.424e-10	3.1198e-07	-3.1134e-07	-9.7769e-10	6.32e-12	4.9884e-10	3.1184e-07	-3.1134e-07	-8.1298e-10	6.84e-12	4.4341e-10	3.1174e-07	-3.1138e-07	-6.1243e-10	3.52e-12	3.593e-10	3.1152e-07	-3.1134e-07	-3.8686e-10	3.81e-12	2.5149e-10	3.1144e-07	-3.1128e-07	-8.104e-11	2.9e-12	6.916e-11	3.113e-07	-3.1136e-07
0.91	-1.8543e-09	1.142e-11	7.2213e-10	3.128e-07	-3.117e-07	-1.7509e-09	1.377e-11	7.2763e-10	3.1242e-07	-3.114e-07	-1.5846e-09	8.9e-12	6.9891e-10	3.1242e-07	-3.1158e-07	-1.4712e-09	8.57e-12	6.8041e-10	3.1222e-07	-3.1138e-07	-1.3566e-09	9.03e-12	6.619e-10	3.12e-07	-3.1128e-07	-1.2106e-09	8.47e-12	6.379e-10	3.119e-07	-3.1134e-07	-1.06456e-09	6.75e-12	5.9115e-10	3.1188e-07	-3.1132e-07	-8.8076e-10	6.55e-12	5.2108e-10	3.1178e-07	-3.114e-07	-6.8026e-10	2.38e-12	4.2639e-10	3.1152e-07	-3.1128e-07	-4.2801e-10	3.18e-12	2.9456e-10	3.1146e-07	-3.1128e-07	-9.285e-11	2.5e-13	8.13e-11	3.1136e-07	-3.113e-07
0.905	-1.9831e-09	1.113e-11	8.5538e-10	3.128e-07	-3.1168e-07	-1.8691e-09	1.196e-11	8.5647e-10	3.1244e-07	-3.1146e-07	-1.7189e-09	1.017e-11	8.1219e-10	3.1238e-07	-3.1156e-07	-1.6037e-09	6.77e-12	8.0154e-10	3.1226e-07	-3.1146e-07	-1.4655e-09	7.15e-12	7.796e-10	3.1204e-07	-3.1138e-07	-1.3108e-09	6.34e-12	7.459e-10	3.1192e-07	-3.1134e-07	-1.1641e-09	4.88e-12	6.9408e-10	3.1182e-07	-3.1134e-07	-9.7326e-10	4.42e-12	6.1888e-10	3.1176e-07	-3.1138e-07	-7.5244e-10	2.97e-12	5.0603e-10	3.1154e-07	-3.1138e-07	-4.8913e-10	2.68e-12	3.4096e-10	3.114e-07	-3.112e-07	-1.077e-10	1.82e-12	9.913e-11	3.113e-07	-3.1134e-07
0.9	-2.1401e-09	1.125e-11	1.00679e-09	3.1274e-07	-3.1164e-07	-2.029e-09	1.02e-11	1.00702e-09	3.125e-07	-3.1144e-07	-1.8594e-09	9.26e-12	9.6547e-10	3.123e-07	-3.115e-07	-1.7514e-09	7.51e-12	9.507e-10	3.1226e-07	-3.1146e-07	-1.6019e-09	3.97e-12	9.1969e-10	3.1208e-07	-3.114e-07	-1.4598e-09	4.68e-12	8.8211e-10	3.1188e-07	-3.1134e-07	-1.2925e-09	5.66e-12	8.1213e-10	3.1188e-07	-3.1138e-07	-1.07572e-09	2.57e-12	7.2076e-10	3.117e-07	-3.1132e-07	-8.3842e-10	2.3e-12	5.9598e-10	3.1158e-07	-3.1128e-07	-5.248e-10	-8.8e-13	4.0687e-10	3.1142e-07	-3.1128e-07	-1.2458e-10	-2.3e-13	1.15e-10	3.1134e-07	-3.1132e-07
0.895	-2.3236e-09	1.073e-11	1.1879e-09	3.1272e-07	-3.1162e-07	-2.204e-09	7.09e-12	1.1966e-09	3.1254e-07	-3.1146e-07	-2.0349e-09	7.26e-12	1.12894e-09	3.1236e-07	-3.1146e-07	-1.9165e-09	4.79e-12	1.11804e-09	3.122e-07	-3.114e-07	-1.7687e-09	7.58e-12	1.08437e-09	3.1216e-07	-3.114e-07	-1.6034e-09	3.29e-12	1.04039e-09	3.1188e-07	-3.1128e-07	-1.4178e-09	3.45e-12	9.5588e-10	3.1178e-07	-3.1128e-07	-1.2084e-09	1.8e-12	8.4744e-10	3.117e-07	-3.113e-07	-9.4623e-10	2.59e-12	6.9287e-10	3.1152e-07	-3.1126e-07	-6.0719e-10	-1.51e-12	4.7949e-10	3.1146e-07	-3.1128e-07	-1.4488e-10	-1.2e-12	1.3763e-10	3.114e-07	-3.113e-07
0.89	-2.5126e-09	6.89e-12	1.3959e-09	3.1274e-07	-3.1154e-07	-2.4119e-09	4.98e-12	1.4041e-09	3.1258e-07	-3.1154e-07	-2.2292e-09	5.93e-12	1.3389e-09	3.1248e-07	-3.1152e-07	-2.0902e-09	-1.2e-13	1.3192e-09	3.122e-07	-3.1142e-07	-1.9545e-09	5.44e-12	1.275e-09	3.1202e-07	-3.1134e-07	-1.7953e-09	3.95e-12	1.2198e-09	3.1194e-07	-3.1132e-07	-1.5961e-09	5.9e-13	1.11731e-09	3.1182e-07	-3.1124e-07	-1.3548e-09	-1.9e-13	9.9273e-10	3.1166e-07	-3.1134e-07	-1.05772e-09	6.2e-13	8.2038e-10	3.1152e-07	-3.113e-07	-6.9047e-10	-1.49e-12	5.6109e-10	3.1142e-07	-3.1126e-07	-1.7341e-10	-1.54e-12	1.5997e-10	3.1134e-07	-3.1132e-07
0.885	-2.7754e-09	9.04e-12	1.6355e-09	3.128e-07	-3.1162e-07	-2.6549e-09	4.24e-12	1.6604e-09	3.1242e-07	-3.115e-07	-2.4688e-09	5.7e-12	1.5691e-09	3.1246e-07	-3.1152e-07	-2.338e-09	7.02e-12	1.5461e-09	3.122e-07	-3.1134e-07	-2.1803e-09	1.77e-12	1.4916e-09	3.1208e-07	-3.1132e-07	-2.0049e-09	8.3e-13	1.4411e-09	3.1188e-07	-3.1136e-07	-1.7741e-09	-7.7e-13	1.3183e-09	3.1178e-07	-3.113e-07	-1.5244e-09	-8e-14	1.18e-09	3.1178e-07	-3.1136e-07	-1.2261e-09	-2.8e-12	9.6065e-10	3.116e-07	-3.1126e-07	-7.982e-10	-1.95e-12	6.5876e-10	3.115e-07	-3.1128e-07	-1.9271e-10	-1.85e-12	1.9856e-10	3.114e-07	-3.1128e-07
0.88	-3.0412e-09	8.86e-12	1.9362e-09	3.1274e-07	-3.1158e-07	-2.9533e-09	5.2e-12	1.9566e-09	3.1252e-07	-3.1148e-07	-2.7484e-09	4.53e-12	1.8488e-09	3.1244e-07	-3.1148e-07	-2.5814e-09	4.09e-12	1.8224e-09	3.1218e-07	-3.1134e-07	-2.4404e-09	-1e-12	1.7634e-09	3.1208e-07	-3.1134e-07	-2.2825e-09	-4.1e-13	1.6908e-09	3.1194e-07	-3.1132e-07	-2.0265e-09	1.48e-12	1.553e-09	3.1182e-07	-3.1134e-07	-1.7547e-09	1.9e-13	1.3773e-09	3.1172e-07	-3.1128e-07	-1.3791e-09	-4.77e-12	1.14533e-09	3.1156e-07	-3.113e-07	-9.1212e-10	-1.73e-12	7.7594e-10	3.1146e-07	-3.1128e-07	-2.3018e-10	-3.79e-12	2.2703e-10	3.1132e-07	-3.1128e-07
0.875	-3.3829e-09	4.76e-12	2.269e-09	3.1268e-07	-3.1156e-07	-3.291e-09	2.17e-12	2.2881e-09	3.1246e-07	-3.115e-07	-3.0572e-09	1.83e-12	2.1767e-09	3.1236e-07	-3.1152e-07	-2.8932e-09	3.71e-12	2.1397e-09	3.1214e-07	-3.1138e-07	-2.7554e-09	-9e-14	2.0669e-09	3.1206e-07	-3.1136e-07	-2.5723e-09	4e-13	1.9982e-09	3.1194e-07	-3.1136e-07	-2.2861e-09	-4.4e-13	1.8264e-09	3.1178e-07	-3.113e-07	-1.9788e-09	-2.81e-12	1.6273e-09	3.1168e-07	-3.1132e-07	-1.5883e-09	-4.35e-12	1.3301e-09	3.1156e-07	-3.1128e-07	-1.03453e-09	-4.55e-12	9.1478e-10	3.1142e-07	-3.113e-07	-2.7494e-10	-5.1e-12	2.6589e-10	3.1136e-07	-3.1138e-07
0.87	-3.7835e-09	1.51e-12	2.6702e-09	3.1274e-07	-3.1156e-07	-3.6949e-09	2.79e-12	2.6863e-09	3.125e-07	-3.114e-07	-3.4564e-09	1.93e-12	2.5592e-09	3.124e-07	-3.1144e-07	-3.2921e-09	8.3e-13	2.5127e-09	3.1216e-07	-3.1138e-07	-3.1197e-09	4.01e-12	2.4334e-09	3.1208e-07	-3.1138e-07	-2.9182e-09	-7e-13	2.3495e-09	3.1194e-07	-3.1134e-07	-2.609e-09	-4.02e-12	2.144e-09	3.1184e-07	-3.1132e-07	-2.2807e-09	-3.75e-12	1.9012e-09	3.1164e-07	-3.1128e-07	-1.8003e-09	-2.88e-12	1.5791e-09	3.1164e-07	-3.1134e-07	-1.2078e-09	-4.9e-12	1.06879e-09	3.1144e-07	-3.1136e-07	-3.2466e-10	-4.76e-12	3.2317e-10	3.1136e-07	-3.1126e-07
0.865	-4.2602e-09	7.2e-13	3.1309e-09	3.1274e-07	-3.1164e-07	-4.1617e-09	2.27e-12	3.1381e-09	3.1254e-07	-3.115e-07	-3.8926e-09	7.6e-13	3.0129e-09	3.1232e-07	-3.1146e-07	-3.7405e-09	-8.4e-13	2.9625e-09	3.1222e-07	-3.1138e-07	-3.5487e-09	6.59e-12	2.8701e-09	3.1208e-07	-3.1132e-07	-3.3291e-09	-3.2e-12	2.751e-09	3.119e-07	-3.1132e-07	-2.9787e-09	-3.92e-12	2.5285e-09	3.1178e-07	-3.1138e-07	-2.614e-09	-4.41e-12	2.2558e-09	3.1168e-07	-3.112e-07	-2.1039e-09	-4.13e-12	1.84e-09	3.1152e-07	-3.1128e-07	-1.3992e-09	-6.44e-12	1.2685e-09	3.115e-07	-3.1132e-07	-3.6819e-10	-7.23e-12	3.7818e-10	3.1136e-07	-3.1128e-07
0.86	-4.8252e-09	1.7e-12	3.6915e-09	3.1272e-07	-3.1158e-07	-4.7086e-09	2.3e-13	3.682e-09	3.1248e-07	-3.1146e-07	-4.4437e-09	-2.25e-12	3.5423e-09	3.1248e-07	-3.1156e-07	-4.2841e-09	1.3e-13	3.4881e-09	3.1218e-07	-3.1128e-07	-4.0431e-09	6.79e-12	3.3976e-09	3.1202e-07	-3.1132e-07	-3.8244e-09	-4.62e-12	3.2546e-09	3.1194e-07	-3.1138e-07	-3.4245e-09	-5.25e-12	2.9612e-09	3.1182e-07	-3.1134e-07	-3.0171e-09	-5.67e-12	2.6527e-09	3.1162e-07	-3.1128e-07	-2.4055e-09	-5.67e-12	2.1793e-09	3.1154e-07	-3.1128e-07	-1.6161e-09	-9.48e-12	1.472e-09	3.115e-07	-3.1132e-07	-4.4211e-10	-9.39e-12	4.4277e-10	3.1134e-07	-3.1128e-07
0.855	-5.4556e-09	3.2e-13	4.3459e-09	3.1274e-07	-3.1164e-07	-5.3544e-09	-3.9e-13	4.305e-09	3.1254e-07	-3.1152e-07	-5.0364e-09	-2.76e-12	4.1774e-09	3.1244e-07	-3.1156e-07	-4.8699e-09	-3.42e-12	4.1036e-09	3.1218e-07	-3.1138e-07	-4.645e-09	6.26e-12	3.9821e-09	3.1212e-07	-3.1142e-07	-4.3973e-09	-4.12e-12	3.8385e-09	3.12e-07	-3.114e-07	-3.9426e-09	-5.55e-12	3.4675e-09	3.118e-07	-3.1132e-07	-3.4696e-09	-5.33e-12	3.1176e-09	3.1172e-07	-3.1134e-07	-2.7839e-09	-6.73e-12	2.5802e-09	3.1158e-07	-3.1124e-07	-1.869e-09	-9.48e-12	1.7384e-09	3.1152e-07	-3.114e-07	-5.1175e-10	-9.99e-12	5.1448e-10	3.1138e-07	-3.1134e-07
0.85	-6.2309e-09	-5.2e-13	5.1125e-09	3.1272e-07	-3.1164e-07	-6.1093e-09	7e-14	5.0736e-09	3.125e-07	-3.1154e-07	-5.7797e-09	-3.93e-12	4.8949e-09	3.1242e-07	-3.1152e-07	-5.6124e-09	-4.48e-12	4.8322e-09	3.122e-07	-3.1142e-07	-5.3168e-09	-1.633e-11	4.6749e-09	3.1206e-07	-3.1134e-07	-5.0853e-09	-5.49e-12	4.515e-09	3.1202e-07	-3.114e-07	-4.5571e-09	-9.23e-12	4.075e-09	3.1188e-07	-3.1138e-07	-4.0099e-09	-7.73e-12	3.6689e-09	3.1166e-07	-3.1128e-07	-3.2757e-09	-8.12e-12	2.9977e-09	3.1154e-07	-3.1132e-07	-2.1852e-09	-1.167e-11	2.0596e-09	3.115e-07	-3.1138e-07	-5.8969e-10	-1.03e-11	6.0444e-10	3.1134e-07	-3.1134e-07
0.845	-7.1255e-09	-5.42e-12	6.0142e-09	3.1272e-07	-3.116e-07	-7.0097e-09	-1.93e-12	5.9399e-09	3.1254e-07	-3.1148e-07	-6.6206e-09	-6.24e-12	5.7696e-09	3.1244e-07	-3.1152e-07	-6.4415e-09	-7.79e-12	5.6659e-09	3.122e-07	-3.1138e-07	-6.1561e-09	-1.992e-11	5.4948e-09	3.1208e-07	-3.1138e-07	-5.8704e-09	-8.56e-12	5.2879e-09	3.1206e-07	-3.1144e-07	-5.2759e-09	-8.97e-12	4.816e-09	3.1174e-07	-3.113e-07	-4.666e-09	-7.55e-12	4.3249e-09	3.1168e-07	-3.1132e-07	-3.7682e-09	-9.46e-12	3.5569e-09	3.1152e-07	-3.1126e-07	-2.55e-09	-1.124e-11	2.4218e-09	3.1152e-07	-3.1144e-07	-6.9956e-10	-1.266e-11	7.0838e-10	3.1136e-07	-3.1132e-07
0.84	-8.1953e-09	-6.04e-12	7.1011e-09	3.1268e-07	-3.1156e-07	-8.0101e-09	-5.49e-12	7.0241e-09	3.1254e-07	-3.115e-07	-7.6717e-09	-6.82e-12	6.7664e-09	3.1242e-07	-3.1162e-07	-7.4298e-09	-8.22e-12	6.713e-09	3.122e-07	-3.1144e-07	-7.1762e-09	-5.06e-12	6.4933e-09	3.1208e-07	-3.1144e-07	-6.8066e-09	-9.96e-12	6.2132e-09	3.1198e-07	-3.1142e-07	-6.1108e-09	-1.229e-11	5.6947e-09	3.118e-07	-3.1134e-07	-5.4349e-09	-1.191e-11	5.1007e-09	3.1168e-07	-3.1134e-07	-4.4386e-09	-1.016e-11	4.1544e-09	3.1152e-07	-3.1122e-07	-2.9784e-09	-1.396e-11	2.8669e-09	3.1148e-07	-3.1134e-07	-8.2331e-10	-1.536e-11	8.2591e-10	3.1134e-07	-3.1132e-07
0.835	-9.4273e-09	-5.26e-12	8.3791e-09	3.127e-07	-3.1158e-07	-9.2628e-09	-5.51e-12	8.2056e-09	3.1248e-07	-3.1146e-07	-8.8364e-09	-6.79e-12	7.9721e-09	3.1244e-07	-3.1152e-07	-8.6147e-09	-1.049e-11	7.8368e-09	3.1206e-07	-3.1134e-07	-8.2699e-09	-6.7e-12	7.616e-09	3.1206e-07	-3.1144e-07	-7.8794e-09	-1.077e-11	7.3423e-09	3.1206e-07	-3.1142e-07	-7.1338e-09	-1.165e-11	6.6184e-09	3.1184e-07	-3.1136e-07	-6.297e-09	-1.095e-11	5.9661e-09	3.1172e-07	-3.1134e-07	-5.1105e-09	-1.353e-11	4.9383e-09	3.1158e-07	-3.113e-07	-3.482e-09	-1.583e-11	3.3616e-09	3.1148e-07	-3.1128e-07	-9.6671e-10	-1.793e-11	9.8923e-10	3.1134e-07	-3.1132e-07
0.83	-1.09548e-08	-6.62e-12	9.886e-09	3.1278e-07	-3.1162e-07	-1.07553e-08	-7.43e-12	9.687e-09	3.1254e-07	-3.115e-07	-1.02418e-08	-9.96e-12	9.3944e-09	3.1238e-07	-3.115e-07	-9.9675e-09	-9.67e-12	9.2441e-09	3.1212e-07	-3.1134e-07	-9.6164e-09	-1.154e-11	8.9666e-09	3.1202e-07	-3.1134e-07	-9.1853e-09	-1.344e-11	8.65e-09	3.1208e-07	-3.1152e-07	-8.3021e-09	-1.205e-11	7.8244e-09	3.1184e-07	-3.1136e-07	-7.3649e-09	-1.237e-11	7.0323e-09	3.1168e-07	-3.1134e-07	-6.0452e-09	-1.639e-11	5.7591e-09	3.1154e-07	-3.1124e-07	-4.0356e-09	-1.817e-11	3.9382e-09	3.115e-07	-3.1134e-07	-1.15207e-09	-1.772e-11	1.1295e-09	3.113e-07	-3.1134e-07
0.825	-1.27226e-08	-8.36e-12	1.16162e-08	3.1272e-07	-3.1164e-07	-1.23782e-08	-9.22e-12	1.14129e-08	3.1262e-07	-3.1156e-07	-1.18962e-08	-1.064e-11	1.1027e-08	3.1238e-07	-3.1146e-07	-1.16148e-08	-1.234e-11	1.08831e-08	3.1216e-07	-3.113e-07	-1.12306e-08	-1.221e-11	1.05422e-08	3.1208e-07	-3.1142e-07	-1.06925e-08	-1.493e-11	1.01461e-08	3.1202e-07	-3.1146e-07	-9.6711e-09	-1.424e-11	9.1844e-09	3.1186e-07	-3.1136e-07	-8.6498e-09	-1.438e-11	8.2687e-09	3.1168e-07	-3.1134e-07	-7.0071e-09	-1.73e-11	6.8037e-09	3.1154e-07	-3.1126e-07	-4.7033e-09	-2.011e-11	4.6281e-09	3.1148e-07	-3.1136e-07	-1.3182e-09	-2.21e-11	1.3936e-09	3.1136e-07	-3.1132e-07
0.82	-1.48222e-08	-1.359e-11	1.3721e-08	3.1278e-07	-3.1164e-07	-1.44514e-08	-1.227e-11	1.34874e-08	3.1256e-07	-3.1156e-07	-1.38742e-08	-1.35e-11	1.30174e-08	3.124e-07	-3.1146e-07	-1.36078e-08	-1.44e-11	1.28568e-08	3.1212e-07	-3.1138e-07	-1.3012e-08	-1.813e-11	1.2451e-08	3.1212e-07	-3.114e-07	-1.25302e-08	-1.6e-11	1.19264e-08	3.12e-07	-3.1144e-07	-1.1276e-08	-1.785e-11	1.08214e-08	3.1184e-07	-3.1138e-07	-1.00538e-08	-1.744e-11	9.7906e-09	3.1174e-07	-3.113e-07	-8.2043e-09	-1.983e-11	8.0352e-09	3.116e-07	-3.1132e-07	-5.5433e-09	-2.15e-11	5.4507e-09	3.1146e-07	-3.1136e-07	-1.5574e-09	-2.27e-11	1.6307e-09	3.1134e-07	-3.1134e-07
0.815	-1.72848e-08	-1.502e-11	1.61782e-08	3.1274e-07	-3.1164e-07	-1.68086e-08	-1.708e-11	1.58162e-08	3.1262e-07	-3.1162e-07	-1.61482e-08	-1.474e-11	1.52574e-08	3.1234e-07	-3.115e-07	-1.58244e-08	-1.504e-11	1.50176e-08	3.1212e-07	-3.1132e-07	-1.53002e-08	-1.539e-11	1.46596e-08	3.1212e-07	-3.114e-07	-1.45884e-08	-1.972e-11	1.40346e-08	3.12e-07	-3.115e-07	-1.32018e-08	-1.932e-11	1.27474e-08	3.1184e-07	-3.1136e-07	-1.17508e-08	-1.857e-11	1.14837e-08	3.1166e-07	-3.1132e-07	-9.7117e-09	-2.363e-11	9.3787e-09	3.1152e-07	-3.1124e-07	-6.5696e-09	-2.21e-11	6.3986e-09	3.1148e-07	-3.114e-07	-1.8179e-09	-2.557e-11	1.9314e-09	3.1142e-07	-3.1134e-07
0.81	-2.01458e-08	-1.396e-11	1.90874e-08	3.1276e-07	-3.1162e-07	-1.97064e-08	-1.516e-11	1.86866e-08	3.126e-07	-3.1152e-07	-1.88636e-08	-1.772e-11	1.80182e-08	3.1238e-07	-3.1152e-07	-1.84886e-08	-1.598e-11	1.7725e-08	3.1216e-07	-3.1134e-07	-1.78918e-08	-1.643e-11	1.72694e-08	3.1216e-07	-3.1138e-07	-1.70756e-08	-1.968e-11	1.65186e-08	3.1204e-07	-3.1142e-07	-1.54506e-08	-2.013e-11	1.50316e-08	3.1178e-07	-3.1128e-07	-1.38962e-08	-2.199e-11	1.35388e-08	3.1166e-07	-3.114e-07	-1.12587e-08	-2.536e-11	1.11511e-08	3.1154e-07	-3.113e-07	-7.7039e-09	-2.659e-11	7.5537e-09	3.1148e-07	-3.1138e-07	-2.2844e-09	-3.063e-11	2.1917e-09	3.1134e-07	-3.1138e-07
0.805	-2.35836e-08	-1.646e-11	2.24078e-08	3.1272e-07	-3.116e-07	-2.29768e-08	-1.363e-11	2.19716e-08	3.1254e-07	-3.1154e-07	-2.19994e-08	-1.958e-11	2.11756e-08	3.1244e-07	-3.1156e-07	-2.15842e-08	-2.218e-11	2.08144e-08	3.1212e-07	-3.1132e-07	-2.09142e-08	-1.859e-11	2.02826e-08	3.1214e-07	-3.1136e-07	-1.99678e-08	-2.484e-11	1.94456e-08	3.121e-07	-3.1146e-07	-1.81462e-08	-2.401e-11	1.76066e-08	3.1178e-07	-3.1134e-07	-1.6243e-08	-2.517e-11	1.59232e-08	3.1178e-07	-3.1136e-07	-1.33206e-08	-2.616e-11	1.3048e-08	3.1154e-07	-3.1124e-07	-8.9919e-09	-3.098e-11	8.8845e-09	3.1152e-07	-3.1136e-07	-2.6156e-09	-3.46e-11	2.5481e-09	3.1134e-07	-3.1126e-07
0.8	-2.75186e-08	-1.733e-11	2.63906e-08	3.127e-07	-3.1164e-07	-2.69178e-08	-1.944e-11	2.58408e-08	3.1266e-07	-3.1162e-07	-2.57526e-08	-2.301e-11	2.4962e-08	3.1246e-07	-3.1154e-07	-2.52694e-08	-2.249e-11	2.4557e-08	3.1206e-07	-3.1144e-07	-2.4562e-08	-2.097e-11	2.39006e-08	3.1208e-07	-3.1146e-07	-2.3444e-08	-2.719e-11	2.29122e-08	3.1198e-07	-3.114e-07	-2.12166e-08	-2.654e-11	2.08502e-08	3.1182e-07	-3.1132e-07	-1.91386e-08	-2.964e-11	1.87538e-08	3.118e-07	-3.1144e-07	-1.56778e-08	-2.984e-11	1.53752e-08	3.1154e-07	-3.1124e-07	-1.06299e-08	-3.193e-11	1.05403e-08	3.1142e-07	-3.114e-07	-3.0144e-09	-3.652e-11	3.0353e-09	3.1134e-07	-3.1132e-07
0.795	-3.20878e-08	-2.212e-11	3.09806e-08	3.1278e-07	-3.1168e-07	-3.13314e-08	-2.143e-11	3.048e-08	3.1254e-07	-3.1152e-07	-3.01522e-08	-2.561e-11	2.93046e-08	3.1244e-07	-3.1152e-07	-2.94702e-08	-2.686e-11	2.8783e-08	3.1224e-07	-3.114e-07	-2.87748e-08	-2.023e-11	2.80848e-08	3.1212e-07	-3.1138e-07	-2.74636e-08	-2.867e-11	2.69992e-08	3.12e-07	-3.1142e-07	-2.4857e-08	-2.866e-11	2.45328e-08	3.1174e-07	-3.1122e-07	-2.24342e-08	-3.154e-11	2.20062e-08	3.1172e-07	-3.1138e-07	-1.82448e-08	-3.266e-11	1.80364e-08	3.1152e-07	-3.1128e-07	-1.24112e-08	-3.55e-11	1.23666e-08	3.1148e-07	-3.1136e-07	-3.5093e-09	-3.84e-11	3.6238e-09	3.1132e-07	-3.113e-07
0.79	-3.76552e-08	-2.416e-11	3.65002e-08	3.1268e-07	-3.1158e-07	-3.68862e-08	-2.544e-11	3.56528e-08	3.126e-07	-3.1152e-07	-3.53214e-08	-2.836e-11	3.44384e-08	3.124e-07	-3.1152e-07	-3.46512e-08	-3.015e-11	3.37714e-08	3.122e-07	-3.114e-07	-3.36826e-08	-2.624e-11	3.30466e-08	3.1206e-07	-3.1138e-07	-3.22034e-08	-3.114e-11	3.16062e-08	3.1206e-07	-3.114e-07	-2.9269e-08	-3.151e-11	2.88876e-08	3.1176e-07	-3.1132e-07	-2.62836e-08	-3.362e-11	2.59198e-08	3.1174e-07	-3.1138e-07	-2.15926e-08	-3.685e-11	2.12206e-08	3.1158e-07	-3.1128e-07	-1.45852e-08	-4.025e-11	1.45042e-08	3.1148e-07	-3.1132e-07	-4.1038e-09	-4.41e-11	4.1784e-09	3.114e-07	-3.1132e-07
0.785	-4.40992e-08	-2.929e-11	4.30782e-08	3.1272e-07	-3.1166e-07	-4.31358e-08	-2.908e-11	4.22014e-08	3.1252e-07	-3.1146e-07	-4.14512e-08	-3.267e-11	4.06802e-08	3.1244e-07	-3.1156e-07	-4.0443e-08	-3.298e-11	4.0011e-08	3.122e-07	-3.1142e-07	-3.94892e-08	-3.113e-11	3.8937e-08	3.1208e-07	-3.1138e-07	-3.76934e-08	-3.399e-11	3.73252e-08	3.12e-07	-3.1146e-07	-3.44546e-08	-3.572e-11	3.40358e-08	3.118e-07	-3.1122e-07	-3.09538e-08	-3.571e-11	3.05764e-08	3.1178e-07	-3.1138e-07	-2.53308e-08	-4.106e-11	2.50848e-08	3.1154e-07	-3.1122e-07	-1.71584e-08	-4.229e-11	1.70668e-08	3.1142e-07	-3.1128e-07	-4.9515e-09	-4.785e-11	4.973e-09	3.1136e-07	-3.1134e-07
0.78	-5.1755e-08	-3.32e-11	5.08068e-08	3.1272e-07	-3.1162e-07	-5.04808e-08	-3.094e-11	4.95452e-08	3.126e-07	-3.1152e-07	-4.86372e-08	-3.331e-11	4.7792e-08	3.1246e-07	-3.115e-07	-4.77198e-08	-3.558e-11	4.69842e-08	3.122e-07	-3.1146e-07	-4.63542e-08	-3.48e-11	4.57014e-08	3.121e-07	-3.114e-07	-4.43796e-08	-3.717e-11	4.37404e-08	3.1204e-07	-3.114e-07	-4.03342e-08	-3.838e-11	3.9924e-08	3.1178e-07	-3.1132e-07	-3.63128e-08	-4.245e-11	3.58364e-08	3.1178e-07	-3.1134e-07	-2.97056e-08	-4.309e-11	2.95692e-08	3.1148e-07	-3.112e-07	-2.02064e-08	-4.758e-11	2.0008e-08	3.1146e-07	-3.1126e-07	-5.7826e-09	-5.168e-11	5.711e-09	3.1138e-07	-3.114e-07
0.775	-6.09978e-08	-3.77e-11	5.99316e-08	3.1272e-07	-3.1164e-07	-5.91612e-08	-3.462e-11	5.83992e-08	3.1254e-07	-3.1152e-07	-5.73308e-08	-3.818e-11	5.64008e-08	3.1244e-07	-3.116e-07	-5.61534e-08	-3.908e-11	5.51458e-08	3.1228e-07	-3.1144e-07	-5.451e-08	-4.14e-11	5.3796e-08	3.1206e-07	-3.114e-07	-5.20926e-08	-4.098e-11	5.16616e-08	3.12e-07	-3.1146e-07	-4.76006e-08	-4.485e-11	4.70484e-08	3.1184e-07	-3.1134e-07	-4.26288e-08	-4.354e-11	4.23464e-08	3.1172e-07	-3.1138e-07	-3.50234e-08	-4.78e-11	3.46574e-08	3.1152e-07	-3.1126e-07	-2.37284e-08	-5.262e-11	2.36834e-08	3.1144e-07	-3.1134e-07	-6.7834e-09	-5.569e-11	6.8959e-09	3.1136e-07	-3.1134e-07
0.77	-7.16732e-08	-4.063e-11	7.07038e-08	3.1268e-07	-3.1158e-07	-6.96328e-08	-4.032e-11	6.8808e-08	3.1256e-07	-3.116e-07	-6.7076e-08	-3.921e-11	6.6076e-08	3.1242e-07	-3.115e-07	-6.57996e-08	-4.236e-11	6.5191e-08	3.122e-07	-3.1148e-07	-6.40358e-08	-4.61e-11	6.32494e-08	3.1212e-07	-3.1134e-07	-6.13912e-08	-4.166e-11	6.07834e-08	3.1204e-07	-3.1142e-07	-5.5832e-08	-4.7e-11	5.5354e-08	3.1176e-07	-3.1134e-07	-5.012e-08	-5.102e-11	4.99304e-08	3.1166e-07	-3.1128e-07	-4.09404e-08	-5.268e-11	4.10506e-08	3.1154e-07	-3.1132e-07	-2.78494e-08	-5.75e-11	2.78168e-08	3.1148e-07	-3.1132e-07	-7.9533e-09	-6.051e-11	8.1238e-09	3.1138e-07	-3.1136e-07
0.765	-8.47114e-08	-4.475e-11	8.35908e-08	3.1274e-07	-3.1158e-07	-8.19376e-08	-4.362e-11	8.10068e-08	3.1254e-07	-3.1152e-07	-7.90276e-08	-4.327e-11	7.82908e-08	3.125e-07	-3.116e-07	-7.7145e-08	-4.51e-11	7.68462e-08	3.1222e-07	-3.1144e-07	-7.5336e-08	-5.008e-11	7.46464e-08	3.1206e-07	-3.1144e-07	-7.21368e-08	-4.624e-11	7.17076e-08	3.1196e-07	-3.114e-07	-6.57112e-08	-5.179e-11	6.52684e-08	3.1176e-07	-3.1134e-07	-5.89706e-08	-5.45e-11	5.88516e-08	3.1172e-07	-3.1132e-07	-4.81612e-08	-5.633e-11	4.80234e-08	3.1148e-07	-3.1128e-07	-3.28348e-08	-6.222e-11	3.286e-08	3.1148e-07	-3.1128e-07	-9.5321e-09	-6.484e-11	9.2742e-09	3.1138e-07	-3.1134e-07
0.76	-9.9375e-08	-4.676e-11	9.86158e-08	3.1274e-07	-3.1158e-07	-9.5905e-08	-4.733e-11	9.52926e-08	3.1254e-07	-3.1154e-07	-9.31392e-08	-4.876e-11	9.17882e-08	3.1238e-07	-3.1146e-07	-9.07338e-08	-5.016e-11	9.06612e-08	3.1222e-07	-3.114e-07	-8.8571e-08	-5.586e-11	8.79168e-08	3.1214e-07	-3.1142e-07	-8.47922e-08	-5.03e-11	8.41994e-08	3.1202e-07	-3.1144e-07	-7.71282e-08	-5.778e-11	7.69718e-08	3.1182e-07	-3.1138e-07	-6.9194e-08	-6.088e-11	6.89682e-08	3.1172e-07	-3.1144e-07	-5.64018e-08	-6.303e-11	5.62508e-08	3.1158e-07	-3.1126e-07	-3.85584e-08	-6.913e-11	3.84132e-08	3.1152e-07	-3.1132e-07	-1.08862e-08	-7.34e-11	1.11e-08	3.1136e-07	-3.1128e-07
0.755	-1.1712e-07	-4.93e-11	1.1604e-07	3.128e-07	-3.1162e-07	-1.131184e-07	-5.072e-11	1.123838e-07	3.126e-07	-3.115e-07	-1.095788e-07	-5.143e-11	1.082288e-07	3.123e-07	-3.1144e-07	-1.073182e-07	-5.227e-11	1.064796e-07	3.1212e-07	-3.1132e-07	-1.040438e-07	-5.889e-11	1.037596e-07	3.1212e-07	-3.1142e-07	-9.98466e-08	-5.768e-11	9.96526e-08	3.12e-07	-3.114e-07	-9.14346e-08	-6.144e-11	9.10138e-08	3.1182e-07	-3.113e-07	-8.17262e-08	-6.542e-11	8.1304e-08	3.1174e-07	-3.114e-07	-6.65854e-08	-6.745e-11	6.66166e-08	3.1158e-07	-3.1132e-07	-4.52638e-08	-7.228e-11	4.54774e-08	3.1146e-07	-3.113e-07	-1.3059e-08	-7.857e-11	1.32448e-08	3.113e-07	-3.1132e-07
0.75	-1.3862e-07	-5.423e-11	1.3642e-07	3.1274e-07	-3.1158e-07	-1.3276e-07	-5.482e-11	1.3244e-07	3.1256e-07	-3.1154e-07	-1.2854e-07	-5.626e-11	1.269e-07	3.1244e-07	-3.114e-07	-1.253e-07	-5.944e-11	1.249e-07	3.1214e-07	-3.1132e-07	-1.2222e-07	-6.267e-11	1.2184e-07	3.1206e-07	-3.1136e-07	-1.175e-07	-6.384e-11	1.1726e-07	3.1206e-07	-3.114e-07	-1.071094e-07	-6.649e-11	1.070108e-07	3.1184e-07	-3.1134e-07	-9.6138e-08	-7.29e-11	9.5958e-08	3.1176e-07	-3.1134e-07	-7.87224e-08	-7.407e-11	7.87154e-08	3.1158e-07	-3.113e-07	-5.3334e-08	-8.037e-11	5.31598e-08	3.115e-07	-3.1128e-07	-1.53908e-08	-8.401e-11	1.5328e-08	3.1128e-07	-3.1126e-07
0.745	-1.6314e-07	-6.408e-11	1.6112e-07	3.1276e-07	-3.1156e-07	-1.5676e-07	-6.171e-11	1.5482e-07	3.1256e-07	-3.1156e-07	-1.506e-07	-6.26e-11	1.5102e-07	3.1232e-07	-3.1142e-07	-1.4812e-07	-6.644e-11	1.4786e-07	3.121e-07	-3.113e-07	-1.4492e-07	-6.807e-11	1.437e-07	3.1214e-07	-3.1142e-07	-1.3882e-07	-6.84e-11	1.3776e-07	3.12e-07	-3.1146e-07	-1.2678e-07	-7.172e-11	1.2574e-07	3.118e-07	-3.113e-07	-1.127808e-07	-7.665e-11	1.132182e-07	3.117e-07	-3.1128e-07	-9.29244e-08	-8.295e-11	9.26124e-08	3.1154e-07	-3.1122e-07	-6.25876e-08	-8.69e-11	6.28952e-08	3.115e-07	-3.1132e-07	-1.83896e-08	-9.292e-11	1.8045e-08	3.1128e-07	-3.1134e-07
0.74	-1.906e-07	-6.944e-11	1.9036e-07	3.1272e-07	-3.1154e-07	-1.8322e-07	-6.782e-11	1.8276e-07	3.1256e-07	-3.1152e-07	-1.778e-07	-6.877e-11	1.7718e-07	3.1244e-07	-3.1146e-07	-1.736e-07	-7.279e-11	1.7316e-07	3.1214e-07	-3.1132e-07	-1.6846e-07	-7.264e-11	1.6936e-07	3.1214e-07	-3.1144e-07	-1.6394e-07	-7.357e-11	1.6188e-07	3.1206e-07	-3.1148e-07	-1.4868e-07	-7.864e-11	1.4748e-07	3.118e-07	-3.1126e-07	-1.3208e-07	-8.488e-11	1.33e-07	3.1172e-07	-3.1134e-07	-1.08959e-07	-8.803e-11	1.086618e-07	3.1152e-07	-3.1128e-07	-7.3955e-08	-9.284e-11	7.39284e-08	3.1148e-07	-3.113e-07	-2.15062e-08	-9.996e-11	2.14518e-08	3.1146e-07	-3.114e-07
0.735	-2.2424e-07	-7.158e-11	2.2366e-07	3.1272e-07	-3.1158e-07	-2.1512e-07	-7.404e-11	2.1492e-07	3.125e-07	-3.1148e-07	-2.1058e-07	-7.438e-11	2.0838e-07	3.124e-07	-3.1146e-07	-2.0382e-07	-7.696e-11	2.03e-07	3.1216e-07	-3.114e-07	-1.9982e-07	-7.813e-11	1.9852e-07	3.121e-07	-3.1142e-07	-1.9204e-07	-8.144e-11	1.9228e-07	3.1206e-07	-3.114e-07	-1.753e-07	-8.664e-11	1.7484e-07	3.1182e-07	-3.114e-07	-1.5644e-07	-9.064e-11	1.575e-07	3.1168e-07	-3.1128e-07	-1.2902e-07	-9.751e-11	1.263e-07	3.1156e-07	-3.1124e-07	-8.67818e-08	-1.0267e-10	8.7146e-08	3.1152e-07	-3.1134e-07	-2.55078e-08	-1.0989e-10	2.53856e-08	3.1128e-07	-3.1128e-07
0.73	-2.6356e-07	-7.529e-11	2.6282e-07	3.1274e-07	-3.1158e-07	-2.5126e-07	-7.84e-11	2.5e-07	3.1254e-07	-3.1146e-07	-2.4534e-07	-8.069e-11	2.4556e-07	3.124e-07	-3.115e-07	-2.4132e-07	-7.985e-11	2.4118e-07	3.122e-07	-3.114e-07	-2.3452e-07	-8.514e-11	2.3332e-07	3.1212e-07	-3.1144e-07	-2.28e-07	-9.03e-11	2.2584e-07	3.12e-07	-3.1144e-07	-2.0528e-07	-9.315e-11	2.049e-07	3.1182e-07	-3.1132e-07	-1.852e-07	-9.807e-11	1.8342e-07	3.117e-07	-3.1124e-07	-1.5016e-07	-1.0354e-10	1.522e-07	3.1158e-07	-3.1132e-07	-1.022248e-07	-1.1063e-10	1.024176e-07	3.115e-07	-3.1138e-07	-3.00366e-08	-1.1761e-10	2.97654e-08	3.113e-07	-3.1126e-07
0.725	-3.1106e-07	-8.464e-11	3.0874e-07	3.1274e-07	-3.1162e-07	-2.9434e-07	-8.595e-11	2.9398e-07	3.1248e-07	-3.1148e-07	-2.9048e-07	-8.926e-11	2.8982e-07	3.1232e-07	-3.1144e-07	-2.8468e-07	-9.092e-11	2.8456e-07	3.1212e-07	-3.1134e-07	-2.7688e-07	-9.156e-11	2.7424e-07	3.1206e-07	-3.1136e-07	-2.6776e-07	-9.654e-11	2.6836e-07	3.1204e-07	-3.1144e-07	-2.4458e-07	-1.0102e-10	2.41e-07	3.1182e-07	-3.1132e-07	-2.1774e-07	-1.0586e-10	2.169e-07	3.117e-07	-3.1132e-07	-1.7816e-07	-1.1145e-10	1.7806e-07	3.1154e-07	-3.1128e-07	-1.204e-07	-1.2028e-10	1.2018e-07	3.1152e-07	-3.1134e-07	-3.45716e-08	-1.2918e-10	3.48934e-08	3.1136e-07	-3.1136e-07
0.72	-3.6346e-07	-9.351e-11	3.649e-07	3.127e-07	-3.1158e-07	-3.4482e-07	-9.392e-11	3.4638e-07	3.1252e-07	-3.1152e-07	-3.4252e-07	-9.46e-11	3.3928e-07	3.1236e-07	-3.115e-07	-3.3426e-07	-9.657e-11	3.3482e-07	3.1214e-07	-3.1138e-07	-3.2574e-07	-1.0231e-10	3.2356e-07	3.121e-07	-3.114e-07	-3.1278e-07	-1.0632e-10	3.1362e-07	3.1204e-07	-3.1144e-07	-2.8726e-07	-1.0807e-10	2.8606e-07	3.118e-07	-3.1134e-07	-2.5654e-07	-1.1417e-10	2.5458e-07	3.117e-07	-3.1126e-07	-2.0908e-07	-1.1934e-10	2.0978e-07	3.1154e-07	-3.1126e-07	-1.4082e-07	-1.2826e-10	1.4114e-07	3.1146e-07	-3.1134e-07	-4.10794e-08	-1.372e-10	4.13638e-08	3.1138e-07	-3.113e-07
0.715	-4.2962e-07	-1.0048e-10	4.277e-07	3.1266e-07	-3.1158e-07	-4.0568e-07	-1.0141e-10	4.0344e-07	3.125e-07	-3.1146e-07	-4.0092e-07	-1.0213e-10	4.0238e-07	3.123e-07	-3.1142e-07	-3.943e-07	-1.0633e-10	3.9454e-07	3.122e-07	-3.114e-07	-3.8118e-07	-1.1149e-10	3.822e-07	3.1212e-07	-3.1146e-07	-3.6958e-07	-1.1241e-10	3.694e-07	3.1206e-07	-3.1144e-07	-3.3738e-07	-1.1697e-10	3.3798e-07	3.1182e-07	-3.1134e-07	-3.0154e-07	-1.2262e-10	3.011e-07	3.117e-07	-3.1134e-07	-2.4358e-07	-1.2874e-10	2.4688e-07	3.1152e-07	-3.1128e-07	-1.664e-07	-1.3864e-10	1.661e-07	3.115e-07	-3.1138e-07	-4.82126e-08	-1.516e-10	4.78016e-08	3.114e-07	-3.1134e-07
0.71	-5.058e-07	-1.1101e-10	5.0328e-07	3.1266e-07	-3.1162e-07	-4.7302e-07	-1.065e-10	4.7118e-07	3.1252e-07	-3.1152e-07	-4.7116e-07	-1.1097e-10	4.7216e-07	3.1238e-07	-3.1148e-07	-4.6446e-07	-1.15e-10	4.614e-07	3.1208e-07	-3.1134e-07	-4.482e-07	-1.1939e-10	4.4998e-07	3.1208e-07	-3.1136e-07	-4.3614e-07	-1.2247e-10	4.3104e-07	3.1196e-07	-3.1132e-07	-3.9476e-07	-1.284e-10	3.9594e-07	3.1182e-07	-3.114e-07	-3.5384e-07	-1.3349e-10	3.515e-07	3.1168e-07	-3.1128e-07	-2.8958e-07	-1.4072e-10	2.8966e-07	3.1154e-07	-3.1126e-07	-1.9568e-07	-1.4953e-10	1.9254e-07	3.1142e-07	-3.1136e-07	-5.5317e-08	-1.6182e-10	5.64716e-08	3.113e-07	-3.1126e-07
0.705	-5.944e-07	-1.1961e-10	5.9416e-07	3.127e-07	-3.1158e-07	-5.5834e-07	-1.1825e-10	5.5586e-07	3.1256e-07	-3.1158e-07	-5.5516e-07	-1.193e-10	5.5676e-07	3.1238e-07	-3.1142e-07	-5.4686e-07	-1.2328e-10	5.4738e-07	3.1224e-07	-3.114e-07	-5.2818e-07	-1.2601e-10	5.3234e-07	3.1208e-07	-3.1138e-07	-5.1336e-07	-1.3071e-10	5.0974e-07	3.1198e-07	-3.1132e-07	-4.6848e-07	-1.3562e-10	4.6734e-07	3.1178e-07	-3.113e-07	-4.178e-07	-1.4486e-10	4.1806e-07	3.1162e-07	-3.1132e-07	-3.452e-07	-1.5145e-10	3.3858e-07	3.1158e-07	-3.1126e-07	-2.2914e-07	-1.6086e-10	2.3104e-07	3.1152e-07	-3.1132e-07	-6.58894e-08	-1.7254e-10	6.63282e-08	3.113e-07	-3.1134e-07
0.7	-6.9532e-07	-1.2565e-10	6.9482e-07	3.1268e-07	-3.1158e-07	-6.551e-07	-1.2656e-10	6.54e-07	3.125e-07	-3.1152e-07	-6.5524e-07	-1.3122e-10	6.511e-07	3.1238e-07	-3.1144e-07	-6.4196e-07	-1.3343e-10	6.4414e-07	3.122e-07	-3.114e-07	-6.2324e-07	-1.3527e-10	6.226e-07	3.121e-07	-3.1132e-07	-6.0162e-07	-1.3954e-10	6.0422e-07	3.12e-07	-3.1136e-07	-5.516e-07	-1.4664e-10	5.4618e-07	3.1186e-07	-3.1144e-07	-4.929e-07	-1.5462e-10	4.896e-07	3.1174e-07	-3.1134e-07	-3.9818e-07	-1.633e-10	4.021e-07	3.1158e-07	-3.1132e-07	-2.666e-07	-1.7248e-10	2.7086e-07	3.1142e-07	-3.112e-07	-7.56586e-08	-1.8382e-10	7.59508e-08	3.1138e-07	-3.1138e-07
0.695	-8.2372e-07	-1.3207e-10	8.2312e-07	3.1272e-07	-3.1158e-07	-7.7024e-07	-1.3586e-10	7.7152e-07	3.1244e-07	-3.115e-07	-7.7466e-07	-1.3947e-10	7.69e-07	3.1236e-07	-3.1144e-07	-7.5388e-07	-1.402e-10	7.5668e-07	3.122e-07	-3.1138e-07	-7.3526e-07	-1.4684e-10	7.3232e-07	3.1214e-07	-3.1136e-07	-7.1316e-07	-1.531e-10	7.086e-07	3.1194e-07	-3.1138e-07	-6.4238e-07	-1.5824e-10	6.4626e-07	3.1182e-07	-3.113e-07	-5.7782e-07	-1.6311e-10	5.797e-07	3.117e-07	-3.1136e-07	-4.7338e-07	-1.749e-10	4.7336e-07	3.1158e-07	-3.1128e-07	-3.1592e-07	-1.8301e-10	3.163e-07	3.1142e-07	-3.112e-07	-9.20248e-08	-1.9628e-10	9.09072e-08	3.1136e-07	-3.1132e-07
0.69	-9.621e-07	-1.4509e-10	9.6274e-07	3.1272e-07	-3.1158e-07	-9.056e-07	-1.4398e-10	9.0586e-07	3.1242e-07	-3.1146e-07	-9.1212e-07	-1.4981e-10	9.0838e-07	3.1236e-07	-3.1154e-07	-8.9058e-07	-1.5191e-10	8.912e-07	3.1224e-07	-3.1144e-07	-8.6698e-07	-1.5836e-10	8.6282e-07	3.1212e-07	-3.1144e-07	-8.3892e-07	-1.6403e-10	8.336e-07	3.12e-07	-3.1134e-07	-7.6148e-07	-1.688e-10	7.5676e-07	3.118e-07	-3.1132e-07	-6.7858e-07	-1.7333e-10	6.796e-07	3.117e-07	-3.1128e-07	-5.4924e-07	-1.8648e-10	5.5508e-07	3.1152e-07	-3.1132e-07	-3.7332e-07	-1.9549e-10	3.7286e-07	3.1142e-07	-3.1126e-07	-1.04762e-07	-2.1003e-10	1.039962e-07	3.1138e-07	-3.1134e-07
0.685	-1.13922e-06	-1.5495e-10	1.1352e-06	3.127e-07	-3.1156e-07	-1.06416e-06	-1.5404e-10	1.0666e-06	3.125e-07	-3.1148e-07	-1.06674e-06	-1.6097e-10	1.07272e-06	3.1236e-07	-3.114e-07	-1.04704e-06	-1.6467e-10	1.04778e-06	3.1226e-07	-3.1146e-07	-1.02382e-06	-1.6901e-10	1.0167e-06	3.1212e-07	-3.114e-07	-9.8644e-07	-1.7578e-10	9.8284e-07	3.1204e-07	-3.114e-07	-8.9934e-07	-1.8325e-10	8.9606e-07	3.1184e-07	-3.1134e-07	-7.9614e-07	-1.897e-10	8.0318e-07	3.117e-07	-3.1126e-07	-6.5238e-07	-1.9922e-10	6.604e-07	3.1152e-07	-3.1126e-07	-4.352e-07	-2.0714e-10	4.3244e-07	3.1146e-07	-3.1134e-07	-1.2658e-07	-2.2489e-10	1.2768e-07	3.1134e-07	-3.1134e-07
0.68	-1.3324e-06	-1.6269e-10	1.3313e-06	3.1274e-07	-3.1162e-07	-1.2462e-06	-1.6618e-10	1.2489e-06	3.1254e-07	-3.1148e-07	-1.2629e-06	-1.7252e-10	1.2576e-06	3.1234e-07	-3.115e-07	-1.2315e-06	-1.7612e-10	1.2304e-06	3.1218e-07	-3.1134e-07	-1.1975e-06	-1.7827e-10	1.1988e-06	3.12e-07	-3.1134e-07	-1.153e-06	-1.8736e-10	1.152e-06	3.1198e-07	-3.1146e-07	-1.05334e-06	-1.9437e-10	1.05498e-06	3.1176e-07	-3.1136e-07	-9.3804e-07	-2.0384e-10	9.4384e-07	3.117e-07	-3.1128e-07	-7.7056e-07	-2.1258e-10	7.6294e-07	3.1148e-07	-3.1128e-07	-5.0932e-07	-2.1816e-10	5.1604e-07	3.1148e-07	-3.1146e-07	-1.4078e-07	-2.4004e-10	1.4842e-07	3.1134e-07	-3.1134e-07
0.675	-1.5731e-06	-1.8155e-10	1.5794e-06	3.1274e-07	-3.1162e-07	-1.4716e-06	-1.7837e-10	1.4658e-06	3.1256e-07	-3.1146e-07	-1.4864e-06	-1.8349e-10	1.4745e-06	3.1228e-07	-3.1138e-07	-1.4527e-06	-1.8815e-10	1.4592e-06	3.122e-07	-3.1138e-07	-1.4124e-06	-1.9412e-10	1.4104e-06	3.1214e-07	-3.114e-07	-1.3624e-06	-2.0039e-10	1.3646e-06	3.12e-07	-3.114e-07	-1.2469e-06	-2.0768e-10	1.2475e-06	3.1184e-07	-3.1128e-07	-1.10992e-06	-2.1812e-10	1.10562e-06	3.1162e-07	-3.1124e-07	-9.1008e-07	-2.2746e-10	9.0226e-07	3.1158e-07	-3.1126e-07	-6.0444e-07	-2.4456e-10	5.9486e-07	3.1152e-07	-3.1132e-07	-1.7186e-07	-2.5566e-10	1.7526e-07	3.1138e-07	-3.114e-07
0.67	-1.8412e-06	-1.9113e-10	1.846e-06	3.1268e-07	-3.1162e-07	-1.732e-06	-1.9076e-10	1.7301e-06	3.1244e-07	-3.1156e-07	-1.7485e-06	-1.9728e-10	1.7396e-06	3.1242e-07	-3.1146e-07	-1.7112e-06	-2.0114e-10	1.7052e-06	3.1218e-07	-3.1132e-07	-1.654e-06	-2.0594e-10	1.662e-06	3.1214e-07	-3.1138e-07	-1.5908e-06	-2.1061e-10	1.5954e-06	3.1202e-07	-3.1138e-07	-1.4562e-06	-2.2172e-10	1.4578e-06	3.1188e-07	-3.1136e-07	-1.2923e-06	-2.2821e-10	1.308e-06	3.117e-07	-3.1128e-07	-1.05972e-06	-2.4342e-10	1.07084e-06	3.1152e-07	-3.1126e-07	-7.111e-07	-2.7319e-10	7.02e-07	3.1154e-07	-3.1132e-07	-1.9292e-07	-2.7322e-10	2.0636e-07	3.1138e-07	-3.114e-07
0.665	-2.1905e-06	-2.0274e-10	2.1851e-06	3.1264e-07	-3.115e-07	-2.0446e-06	-2.0539e-10	2.0437e-06	3.125e-07	-3.1152e-07	-2.0573e-06	-2.103e-10	2.0573e-06	3.1234e-07	-3.1148e-07	-2.0147e-06	-2.1596e-10	2.0152e-06	3.1212e-07	-3.1134e-07	-1.9487e-06	-2.1702e-10	1.95e-06	3.121e-07	-3.1142e-07	-1.8684e-06	-2.2472e-10	1.8692e-06	3.1196e-07	-3.114e-07	-1.7154e-06	-2.3524e-10	1.7238e-06	3.118e-07	-3.1132e-07	-1.5186e-06	-2.4668e-10	1.5316e-06	3.1168e-07	-3.1128e-07	-1.258e-06	-2.5784e-10	1.255e-06	3.1148e-07	-3.1126e-07	-8.3464e-07	-2.7763e-10	8.2986e-07	3.1152e-07	-3.1134e-07	-2.2766e-07	-2.9032e-10	2.4044e-07	3.1132e-07	-3.1126e-07
0.66	-2.5612e-06	-2.1599e-10	2.5712e-06	3.127e-07	-3.1156e-07	-2.4076e-06	-2.2088e-10	2.3991e-06	3.1256e-07	-3.1152e-07	-2.403e-06	-2.2252e-10	2.4168e-06	3.1242e-07	-3.115e-07	-2.3631e-06	-2.2543e-10	2.3677e-06	3.1218e-07	-3.1138e-07	-2.3031e-06	-2.328e-10	2.2958e-06	3.121e-07	-3.1142e-07	-2.2024e-06	-2.4395e-10	2.217e-06	3.1194e-07	-3.1134e-07	-2.0096e-06	-2.5062e-10	2.0327e-06	3.118e-07	-3.113e-07	-1.7866e-06	-2.5987e-10	1.8032e-06	3.1174e-07	-3.1132e-07	-1.4587e-06	-2.7579e-10	1.479e-06	3.1162e-07	-3.1132e-07	-9.6738e-07	-2.8848e-10	9.8032e-07	3.115e-07	-3.1138e-07	-2.6166e-07	-3.0889e-10	2.8348e-07	3.1138e-07	-3.113e-07
0.655	-3.0219e-06	-2.2846e-10	3.0214e-06	3.127e-07	-3.1152e-07	-2.8336e-06	-2.31e-10	2.8445e-06	3.1254e-07	-3.115e-07	-2.8352e-06	-2.3669e-10	2.8332e-06	3.1238e-07	-3.1138e-07	-2.7758e-06	-2.4264e-10	2.7915e-06	3.1216e-07	-3.1136e-07	-2.6919e-06	-2.5049e-10	2.7175e-06	3.1202e-07	-3.1146e-07	-2.5792e-06	-2.5996e-10	2.5947e-06	3.1196e-07	-3.114e-07	-2.3756e-06	-2.6616e-10	2.3752e-06	3.1184e-07	-3.1134e-07	-2.1033e-06	-2.7545e-10	2.1278e-06	3.1174e-07	-3.1136e-07	-1.7349e-06	-2.9124e-10	1.7077e-06	3.1162e-07	-3.1134e-07	-1.13904e-06	-3.0926e-10	1.13434e-06	3.115e-07	-3.114e-07	-3.148e-07	-3.2652e-10	3.1548e-07	3.1134e-07	-3.1128e-07
0.65	-3.539e-06	-2.4163e-10	3.5431e-06	3.127e-07	-3.1154e-07	-3.3422e-06	-2.4644e-10	3.3416e-06	3.1252e-07	-3.1156e-07	-3.3399e-06	-2.5146e-10	3.3174e-06	3.1238e-07	-3.1146e-07	-3.2669e-06	-2.5802e-10	3.2656e-06	3.1224e-07	-3.114e-07	-3.1708e-06	-2.6511e-10	3.17e-06	3.1208e-07	-3.1138e-07	-3.0515e-06	-2.7457e-10	3.0435e-06	3.12e-07	-3.114e-07	-2.8006e-06	-2.8423e-10	2.7956e-06	3.1178e-07	-3.1134e-07	-2.4842e-06	-2.9523e-10	2.4595e-06	3.116e-07	-3.1126e-07	-2.0158e-06	-3.1076e-10	2.0365e-06	3.116e-07	-3.1128e-07	-1.3338e-06	-3.2639e-10	1.3415e-06	3.1136e-07	-3.1132e-07	-3.644e-07	-3.4452e-10	3.7226e-07	3.1134e-07	-3.113e-07
0.645	-4.1427e-06	-2.5831e-10	4.1759e-06	3.1272e-07	-3.1164e-07	-3.9242e-06	-2.6245e-10	3.9244e-06	3.1256e-07	-3.1146e-07	-3.9183e-06	-2.672e-10	3.9141e-06	3.1236e-07	-3.115e-07	-3.8372e-06	-2.7317e-10	3.8215e-06	3.122e-07	-3.114e-07	-3.7362e-06	-2.8223e-10	3.7359e-06	3.1206e-07	-3.1142e-07	-3.5753e-06	-2.9271e-10	3.5759e-06	3.119e-07	-3.1134e-07	-3.2847e-06	-2.9903e-10	3.2897e-06	3.1182e-07	-3.1136e-07	-2.9236e-06	-3.1109e-10	2.9071e-06	3.1164e-07	-3.1124e-07	-2.3876e-06	-3.2825e-10	2.3628e-06	3.116e-07	-3.1128e-07	-1.5516e-06	-3.4198e-10	1.5592e-06	3.1144e-07	-3.1126e-07	-4.2184e-07	-3.6424e-10	4.2452e-07	3.1136e-07	-3.114e-07
0.64	-4.8715e-06	-2.7345e-10	4.9012e-06	3.128e-07	-3.1162e-07	-4.6295e-06	-2.785e-10	4.6076e-06	3.1248e-07	-3.1138e-07	-4.6119e-06	-2.8197e-10	4.6239e-06	3.1238e-07	-3.1142e-07	-4.5323e-06	-2.896e-10	4.5106e-06	3.1222e-07	-3.1138e-07	-4.3825e-06	-2.9886e-10	4.3974e-06	3.1212e-07	-3.1134e-07	-4.1876e-06	-3.0969e-10	4.1867e-06	3.1194e-07	-3.114e-07	-3.8534e-06	-3.2033e-10	3.8492e-06	3.1184e-07	-3.1132e-07	-3.4403e-06	-3.305e-10	3.4015e-06	3.1164e-07	-3.1128e-07	-2.7612e-06	-3.4654e-10	2.8024e-06	3.116e-07	-3.113e-07	-1.8187e-06	-3.6208e-10	1.8162e-06	3.1144e-07	-3.1134e-07	-4.9474e-07	-3.8327e-10	4.918e-07	3.1134e-07	-3.1132e-07
0.635	-5.7467e-06	-2.9142e-10	5.7323e-06	3.1268e-07	-3.116e-07	-5.4106e-06	-2.9548e-10	5.4346e-06	3.1248e-07	-3.1152e-07	-5.3726e-06	-2.99e-10	5.4167e-06	3.123e-07	-3.114e-07	-5.2692e-06	-3.0357e-10	5.3078e-06	3.1214e-07	-3.1132e-07	-5.1439e-06	-3.1612e-10	5.1662e-06	3.1212e-07	-3.1138e-07	-4.9219e-06	-3.2553e-10	4.9179e-06	3.1202e-07	-3.1148e-07	-4.5316e-06	-3.3621e-10	4.528e-06	3.1184e-07	-3.1132e-07	-4.0173e-06	-3.4774e-10	4.0204e-06	3.117e-07	-3.1128e-07	-3.2688e-06	-3.6393e-10	3.2365e-06	3.116e-07	-3.1124e-07	-2.1405e-06	-3.8194e-10	2.1182e-06	3.1154e-07	-3.1142e-07	-5.546e-07	-4.0446e-10	5.6028e-07	3.1128e-07	-3.1138e-07
0.63	-6.7399e-06	-3.0871e-10	6.7154e-06	3.1262e-07	-3.1156e-07	-6.3568e-06	-3.0991e-10	6.355e-06	3.126e-07	-3.1158e-07	-6.3399e-06	-3.1702e-10	6.3714e-06	3.1236e-07	-3.115e-07	-6.2112e-06	-3.2384e-10	6.1954e-06	3.1218e-07	-3.1136e-07	-6.0506e-06	-3.3337e-10	6.0565e-06	3.1212e-07	-3.1142e-07	-5.7342e-06	-3.4218e-10	5.7625e-06	3.1202e-07	-3.114e-07	-5.2907e-06	-3.5101e-10	5.3352e-06	3.1176e-07	-3.1132e-07	-4.723e-06	-3.6799e-10	4.6901e-06	3.117e-07	-3.113e-07	-3.8399e-06	-3.8273e-10	3.7905e-06	3.1158e-07	-3.113e-07	-2.4782e-06	-4.0364e-10	2.4875e-06	3.1148e-07	-3.114e-07	-6.5832e-07	-4.2691e-10	6.425e-07	3.113e-07	-3.1128e-07
0.625	-7.907e-06	-3.2225e-10	7.8615e-06	3.1272e-07	-3.1158e-07	-7.4788e-06	-3.2632e-10	7.4453e-06	3.1254e-07	-3.1152e-07	-7.4477e-06	-3.331e-10	7.444e-06	3.1238e-07	-3.1142e-07	-7.3198e-06	-3.4255e-10	7.2682e-06	3.1216e-07	-3.1138e-07	-7.0851e-06	-3.4919e-10	7.0827e-06	3.1212e-07	-3.1146e-07	-6.7372e-06	-3.5763e-10	6.7324e-06	3.1208e-07	-3.1138e-07	-6.2291e-06	-3.7154e-10	6.2125e-06	3.1188e-07	-3.1138e-07	-5.4893e-06	-3.8868e-10	5.5137e-06	3.117e-07	-3.1128e-07	-4.4301e-06	-4.019e-10	4.495e-06	3.1156e-07	-3.1126e-07	-2.9068e-06	-4.2401e-10	2.9259e-06	3.1158e-07	-3.1138e-07	-7.6392e-07	-4.4807e-10	7.4314e-07	3.113e-07	-3.1128e-07
0.62	-9.2309e-06	-3.4233e-10	9.2552e-06	3.127e-07	-3.1158e-07	-8.7501e-06	-3.4168e-10	8.758e-06	3.1248e-07	-3.115e-07	-8.7357e-06	-3.514e-10	8.7478e-06	3.1238e-07	-3.1146e-07	-8.5822e-06	-3.5886e-10	8.5712e-06	3.1224e-07	-3.114e-07	-8.3022e-06	-3.6667e-10	8.2911e-06	3.1218e-07	-3.114e-07	-7.8957e-06	-3.7564e-10	7.8833e-06	3.1202e-07	-3.1142e-07	-7.2608e-06	-3.9097e-10	7.272e-06	3.1176e-07	-3.113e-07	-6.4771e-06	-4.0721e-10	6.4519e-06	3.1168e-07	-3.113e-07	-5.2466e-06	-4.2386e-10	5.2018e-06	3.1154e-07	-3.1126e-07	-3.4065e-06	-4.4791e-10	3.3933e-06	3.1154e-07	-3.114e-07	-8.6392e-07	-4.7251e-10	8.4386e-07	3.1134e-07	-3.1124e-07
0.615	-1.08605e-05	-3.5835e-10	1.08027e-05	3.1264e-07	-3.1156e-07	-1.0285e-05	-3.6121e-10	1.02617e-05	3.125e-07	-3.1146e-07	-1.02431e-05	-3.7005e-10	1.02553e-05	3.1238e-07	-3.115e-07	-1.00169e-05	-3.7617e-10	1.00342e-05	3.122e-07	-3.1142e-07	-9.7252e-06	-3.8424e-10	9.7247e-06	3.1206e-07	-3.1142e-07	-9.2308e-06	-3.9733e-10	9.1864e-06	3.1202e-07	-3.1144e-07	-8.5504e-06	-4.109e-10	8.5564e-06	3.1188e-07	-3.114e-07	-7.537e-06	-4.2708e-10	7.5646e-06	3.117e-07	-3.1128e-07	-6.0656e-06	-4.4442e-10	6.1115e-06	3.1154e-07	-3.1124e-07	-3.9503e-06	-4.6859e-10	3.9779e-06	3.1152e-07	-3.1136e-07	-9.6016e-07	-4.9323e-10	9.7102e-07	3.1124e-07	-3.1126e-07
0.61	-1.2684e-05	-3.7322e-10	1.2706e-05	3.1268e-07	-3.116e-07	-1.2056e-05	-3.7686e-10	1.2052e-05	3.1252e-07	-3.115e-07	-1.1974e-05	-3.8763e-10	1.2008e-05	3.124e-07	-3.1148e-07	-1.177e-05	-3.964e-10	1.1748e-05	3.122e-07	-3.1134e-07	-1.13818e-05	-4.0484e-10	1.14157e-05	3.1204e-07	-3.1144e-07	-1.07546e-05	-4.1966e-10	1.0754e-05	3.12e-07	-3.1144e-07	-9.9639e-06	-4.3136e-10	9.9417e-06	3.1194e-07	-3.1134e-07	-8.7838e-06	-4.476e-10	8.8569e-06	3.1164e-07	-3.1128e-07	-7.1347e-06	-4.6774e-10	7.0766e-06	3.1146e-07	-3.1128e-07	-4.6232e-06	-4.89e-10	4.6065e-06	3.1152e-07	-3.114e-07	-1.08388e-06	-5.1745e-10	1.10464e-06	3.1124e-07	-3.1124e-07
0.605	-1.4812e-05	-3.9321e-10	1.4822e-05	3.1272e-07	-3.1152e-07	-1.408e-05	-4.0025e-10	1.4122e-05	3.126e-07	-3.1156e-07	-1.3958e-05	-4.069e-10	1.401e-05	3.1242e-07	-3.1146e-07	-1.372e-05	-4.1441e-10	1.377e-05	3.1218e-07	-3.1136e-07	-1.3278e-05	-4.256e-10	1.3324e-05	3.1208e-07	-3.114e-07	-1.2576e-05	-4.3799e-10	1.2496e-05	3.1202e-07	-3.1138e-07	-1.1686e-05	-4.5328e-10	1.1706e-05	3.1186e-07	-3.1142e-07	-1.0266e-05	-4.6871e-10	1.03121e-05	3.1164e-07	-3.113e-07	-8.2513e-06	-4.8954e-10	8.3128e-06	3.1158e-07	-3.1126e-07	-5.3269e-06	-5.1135e-10	5.3314e-06	3.1154e-07	-3.1138e-07	-1.2367e-06	-5.4177e-10	1.2154e-06	3.1128e-07	-3.1128e-07
0.6	-1.7296e-05	-4.0815e-10	1.7304e-05	3.1272e-07	-3.1152e-07	-1.6596e-05	-4.1889e-10	1.6542e-05	3.1256e-07	-3.1154e-07	-1.6434e-05	-4.2599e-10	1.6398e-05	3.1238e-07	-3.1144e-07	-1.6108e-05	-4.3575e-10	1.6008e-05	3.1216e-07	-3.114e-07	-1.5534e-05	-4.443e-10	1.5596e-05	3.1208e-07	-3.1142e-07	-1.4718e-05	-4.5767e-10	1.4702e-05	3.1202e-07	-3.114e-07	-1.3652e-05	-4.7141e-10	1.3634e-05	3.1188e-07	-3.1138e-07	-1.2066e-05	-4.9193e-10	1.2042e-05	3.1176e-07	-3.1142e-07	-9.5787e-06	-5.1429e-10	9.6358e-06	3.1154e-07	-3.1128e-07	-6.1932e-06	-5.3467e-10	6.2186e-06	3.1158e-07	-3.1138e-07	-1.3617e-06	-5.6588e-10	1.4136e-06	3.113e-07	-3.1126e-07
0.595	-2.0196e-05	-4.3135e-10	2.0174e-05	3.1268e-07	-3.1156e-07	-1.9354e-05	-4.3429e-10	1.933e-05	3.125e-07	-3.1146e-07	-1.9212e-05	-4.4536e-10	1.9212e-05	3.1238e-07	-3.1146e-07	-1.8808e-05	-4.5354e-10	1.8778e-05	3.1214e-07	-3.114e-07	-1.8224e-05	-4.6591e-10	1.8128e-05	3.1212e-07	-3.1138e-07	-1.7104e-05	-4.7716e-10	1.7122e-05	3.12e-07	-3.1144e-07	-1.5892e-05	-4.9429e-10	1.5942e-05	3.1186e-07	-3.1132e-07	-1.3946e-05	-5.1379e-10	1.401e-05	3.1178e-07	-3.1134e-07	-1.12253e-05	-5.3896e-10	1.1164e-05	3.1152e-07	-3.1126e-07	-7.2001e-06	-5.6191e-10	7.1641e-06	3.1158e-07	-3.1136e-07	-1.5599e-06	-5.932e-10	1.5229e-06	3.1134e-07	-3.1126e-07
0.59	-2.3602e-05	-4.5294e-10	2.365e-05	3.1264e-07	-3.1152e-07	-2.2662e-05	-4.5266e-10	2.2662e-05	3.1244e-07	-3.1152e-07	-2.25e-05	-4.6478e-10	2.249e-05	3.1238e-07	-3.1142e-07	-2.1962e-05	-4.757e-10	2.1976e-05	3.1216e-07	-3.1136e-07	-2.1246e-05	-4.8665e-10	2.1182e-05	3.1206e-07	-3.1138e-07	-1.9972e-05	-5.0237e-10	1.9936e-05	3.12e-07	-3.114e-07	-1.8598e-05	-5.1934e-10	1.85e-05	3.1192e-07	-3.1146e-07	-1.633e-05	-5.3862e-10	1.628e-05	3.1174e-07	-3.1138e-07	-1.302e-05	-5.61e-10	1.2962e-05	3.1152e-07	-3.1128e-07	-8.3302e-06	-5.8953e-10	8.2809e-06	3.1148e-07	-3.1136e-07	-1.6474e-06	-6.214e-10	1.6848e-06	3.113e-07	-3.1124e-07
0.585	-2.757e-05	-4.6895e-10	2.7462e-05	3.127e-07	-3.1154e-07	-2.6406e-05	-4.7391e-10	2.647e-05	3.1256e-07	-3.1152e-07	-2.6172e-05	-4.8359e-10	2.6166e-05	3.1238e-07	-3.1144e-07	-2.5636e-05	-4.9637e-10	2.5602e-05	3.1218e-07	-3.1138e-07	-2.4898e-05	-5.1044e-10	2.4888e-05	3.1214e-07	-3.1146e-07	-2.3252e-05	-5.2475e-10	2.3216e-05	3.1204e-07	-3.1144e-07	-2.1536e-05	-5.4298e-10	2.1614e-05	3.1184e-07	-3.1144e-07	-1.8966e-05	-5.6057e-10	1.8912e-05	3.1172e-07	-3.1134e-07	-1.5152e-05	-5.8486e-10	1.512e-05	3.116e-07	-3.1134e-07	-9.6329e-06	-6.1447e-10	9.6576e-06	3.1158e-07	-3.114e-07	-1.8782e-06	-6.454e-10	1.8218e-06	3.1132e-07	-3.1132e-07
0.58	-3.2122e-05	-4.9089e-10	3.211e-05	3.1268e-07	-3.1162e-07	-3.0858e-05	-4.9686e-10	3.0954e-05	3.1256e-07	-3.115e-07	-3.0534e-05	-5.0592e-10	3.0522e-05	3.1236e-07	-3.1152e-07	-2.9816e-05	-5.1874e-10	2.9782e-05	3.1224e-07	-3.1144e-07	-2.8806e-05	-5.335e-10	2.8826e-05	3.1214e-07	-3.1148e-07	-2.706e-05	-5.4455e-10	2.7154e-05	3.12e-07	-3.1144e-07	-2.5116e-05	-5.6571e-10	2.508e-05	3.119e-07	-3.1146e-07	-2.1998e-05	-5.8826e-10	2.2054e-05	3.1172e-07	-3.1136e-07	-1.7444e-05	-6.126e-10	1.7548e-05	3.1158e-07	-3.1132e-07	-1.11712e-05	-6.4261e-10	1.10602e-05	3.115e-07	-3.1136e-07	-2.0491e-06	-6.7264e-10	1.9857e-06	3.113e-07	-3.1128e-07
0.575	-3.7324e-05	-5.1433e-10	3.7376e-05	3.1262e-07	-3.1156e-07	-3.5984e-05	-5.1959e-10	3.6074e-05	3.125e-07	-3.1156e-07	-3.5534e-05	-5.2756e-10	3.5686e-05	3.1232e-07	-3.1146e-07	-3.4848e-05	-5.4024e-10	3.4804e-05	3.1228e-07	-3.114e-07	-3.3722e-05	-5.5424e-10	3.3582e-05	3.1208e-07	-3.1142e-07	-3.1448e-05	-5.678e-10	3.1618e-05	3.1196e-07	-3.1138e-07	-2.9234e-05	-5.9242e-10	2.9176e-05	3.1184e-07	-3.1138e-07	-2.5582e-05	-6.1294e-10	2.5546e-05	3.1174e-07	-3.1132e-07	-2.027e-05	-6.4013e-10	2.0236e-05	3.1154e-07	-3.1128e-07	-1.2768e-05	-6.7333e-10	1.272e-05	3.1154e-07	-3.1134e-07	-2.1942e-06	-6.9981e-10	2.2596e-06	3.1134e-07	-3.113e-07
0.57	-4.3536e-05	-5.3378e-10	4.3598e-05	3.1278e-07	-3.116e-07	-4.2166e-05	-5.4338e-10	4.1998e-05	3.125e-07	-3.1154e-07	-4.142e-05	-5.5159e-10	4.1548e-05	3.1236e-07	-3.114e-07	-4.046e-05	-5.6267e-10	4.0472e-05	3.122e-07	-3.114e-07	-3.9398e-05	-5.7617e-10	3.9038e-05	3.1218e-07	-3.1144e-07	-3.6842e-05	-5.9546e-10	3.6806e-05	3.1204e-07	-3.1134e-07	-3.392e-05	-6.1495e-10	3.399e-05	3.117e-07	-3.1128e-07	-2.958e-05	-6.3859e-10	2.954e-05	3.1168e-07	-3.1138e-07	-2.3418e-05	-6.6553e-10	2.3508e-05	3.1154e-07	-3.1134e-07	-1.4782e-05	-6.9546e-10	1.4778e-05	3.1146e-07	-3.114e-07	-2.4254e-06	-7.3069e-10	2.4066e-06	3.1124e-07	-3.1124e-07
0.565	-5.0614e-05	-5.5474e-10	5.0642e-05	3.1278e-07	-3.1164e-07	-4.9046e-05	-5.6631e-10	4.897e-05	3.1256e-07	-3.1148e-07	-4.8188e-05	-5.7355e-10	4.8284e-05	3.124e-07	-3.1146e-07	-4.718e-05	-5.852e-10	4.7156e-05	3.1222e-07	-3.115e-07	-4.541e-05	-6.0161e-10	4.5452e-05	3.121e-07	-3.114e-07	-4.28e-05	-6.1942e-10	4.2686e-05	3.1202e-07	-3.114e-07	-3.9374e-05	-6.3781e-10	3.925e-05	3.1174e-07	-3.1126e-07	-3.4184e-05	-6.6339e-10	3.4152e-05	3.1164e-07	-3.1128e-07	-2.71e-05	-6.9104e-10	2.7098e-05	3.1156e-07	-3.1134e-07	-1.6992e-05	-7.2683e-10	1.7018e-05	3.1148e-07	-3.1138e-07	-2.6504e-06	-7.6075e-10	2.582e-06	3.1126e-07	-3.112e-07
0.56	-5.89e-05	-5.7834e-10	5.8812e-05	3.1274e-07	-3.1162e-07	-5.7126e-05	-5.8554e-10	5.7144e-05	3.1252e-07	-3.1154e-07	-5.627e-05	-5.9928e-10	5.635e-05	3.1234e-07	-3.1142e-07	-5.4938e-05	-6.0931e-10	5.4848e-05	3.1224e-07	-3.1142e-07	-5.3064e-05	-6.282e-10	5.3178e-05	3.1208e-07	-3.1138e-07	-4.9636e-05	-6.4419e-10	4.9822e-05	3.1192e-07	-3.1132e-07	-4.5682e-05	-6.6389e-10	4.5792e-05	3.1176e-07	-3.1126e-07	-3.979e-05	-6.9058e-10	3.9636e-05	3.1166e-07	-3.1128e-07	-3.1194e-05	-7.1902e-10	3.1206e-05	3.1154e-07	-3.1126e-07	-1.953e-05	-7.5618e-10	1.9544e-05	3.1152e-07	-3.1134e-07	-2.7851e-06	-7.9226e-10	2.8104e-06	3.1136e-07	-3.1126e-07
0.555	-6.8274e-05	-6.0314e-10	6.8332e-05	3.1274e-07	-3.1162e-07	-6.641e-05	-6.0748e-10	6.6394e-05	3.1254e-07	-3.1154e-07	-6.5436e-05	-6.2162e-10	6.5456e-05	3.1236e-07	-3.1146e-07	-6.374e-05	-6.3579e-10	6.3646e-05	3.122e-07	-3.114e-07	-6.128e-05	-6.5264e-10	6.1322e-05	3.1208e-07	-3.1146e-07	-5.756e-05	-6.6938e-10	5.7704e-05	3.1188e-07	-3.1134e-07	-5.2806e-05	-6.9485e-10	5.2988e-05	3.1178e-07	-3.1134e-07	-4.5986e-05	-7.2051e-10	4.5904e-05	3.1166e-07	-3.113e-07	-3.6082e-05	-7.4813e-10	3.6106e-05	3.1146e-07	-3.1126e-07	-2.244e-05	-7.8338e-10	2.2428e-05	3.1148e-07	-3.1138e-07	-2.9395e-06	-8.1911e-10	3.009e-06	3.113e-07	-3.1124e-07
0.55	-7.9468e-05	-6.2565e-10	7.9488e-05	3.1276e-07	-3.1164e-07	-7.747e-05	-6.3131e-10	7.7438e-05	3.125e-07	-3.1152e-07	-7.627e-05	-6.4453e-10	7.6164e-05	3.1244e-07	-3.1146e-07	-7.4076e-05	-6.6275e-10	7.4128e-05	3.1232e-07	-3.1144e-07	-7.1302e-05	-6.7772e-10	7.1234e-05	3.1208e-07	-3.1138e-07	-6.7032e-05	-6.9837e-10	6.6966e-05	3.1196e-07	-3.114e-07	-6.1318e-05	-7.2477e-10	6.1262e-05	3.118e-07	-3.114e-07	-5.3212e-05	-7.4924e-10	5.3124e-05	3.1166e-07	-3.1126e-07	-4.1798e-05	-7.801e-10	4.1648e-05	3.1148e-07	-3.1124e-07	-2.5774e-05	-8.1288e-10	2.5716e-05	3.1148e-07	-3.113e-07	-3.135e-06	-8.5373e-10	3.2938e-06	3.1138e-07	-3.1134e-07
0.545	-9.213e-05	-6.4782e-10	9.2182e-05	3.1282e-07	-3.1168e-07	-8.9926e-05	-6.5243e-10	9.0006e-05	3.1254e-07	-3.115e-07	-8.851e-05	-6.7246e-10	8.8496e-05	3.1236e-07	-3.1144e-07	-8.5978e-05	-6.8807e-10	8.598e-05	3.122e-07	-3.1144e-07	-8.2626e-05	-7.0585e-10	8.2742e-05	3.1212e-07	-3.1144e-07	-7.7688e-05	-7.2666e-10	7.7546e-05	3.119e-07	-3.1134e-07	-7.0802e-05	-7.5322e-10	7.077e-05	3.1186e-07	-3.1138e-07	-6.1414e-05	-7.7934e-10	6.1556e-05	3.1174e-07	-3.1128e-07	-4.7956e-05	-8.1152e-10	4.8008e-05	3.115e-07	-3.1126e-07	-2.9456e-05	-8.4503e-10	2.9498e-05	3.1146e-07	-3.113e-07	-3.434e-06	-8.848e-10	3.5143e-06	3.1142e-07	-3.113e-07
0.54	-0.000107172	-6.7101e-10	0.000107178	3.1274e-07	-3.116e-07	-0.000104628	-6.8257e-10	0.000104746	3.1254e-07	-3.115e-07	-0.00010286	-6.9656e-10	0.000102828	3.1242e-07	-3.1146e-07	-9.9762e-05	-7.1308e-10	9.9818e-05	3.122e-07	-3.115e-07	-9.576e-05	-7.347e-10	9.573e-05	3.1214e-07	-3.114e-07	-9.001e-05	-7.5604e-10	8.996e-05	3.119e-07	-3.1134e-07	-8.2042e-05	-7.8098e-10	8.2028e-05	3.1186e-07	-3.113e-07	-7.108e-05	-8.0907e-10	7.1046e-05	3.1168e-07	-3.1128e-07	-5.5288e-05	-8.4501e-10	5.5396e-05	3.1152e-07	-3.113e-07	-3.389e-05	-8.7701e-10	3.3882e-05	3.1142e-07	-3.1128e-07	-3.7613e-06	-9.2204e-10	3.8212e-06	3.1134e-07	-3.1122e-07
0.535	-0.00012394	-7.0036e-10	0.000124	3.1284e-07	-3.1164e-07	-0.00012128	-7.1258e-10	0.00012142	3.1248e-07	-3.1146e-07	-0.00011882	-7.2452e-10	0.00011898	3.123e-07	-3.1142e-07	-0.00011532	-7.4176e-10	0.00011558	3.122e-07	-3.1138e-07	-0.000110948	-7.6296e-10	0.000110892	3.1212e-07	-3.1144e-07	-0.00010411	-7.8617e-10	0.000104052	3.1198e-07	-3.1136e-07	-9.4802e-05	-8.1293e-10	9.472e-05	3.1176e-07	-3.1128e-07	-8.1878e-05	-8.4302e-10	8.1974e-05	3.1166e-07	-3.1122e-07	-6.3722e-05	-8.7532e-10	6.3866e-05	3.1158e-07	-3.1132e-07	-3.8836e-05	-9.092e-10	3.8872e-05	3.1146e-07	-3.113e-07	-4.0428e-06	-9.5257e-10	4.0786e-06	3.114e-07	-3.1138e-07
0.53	-0.00014376	-7.2763e-10	0.00014402	3.127e-07	-3.116e-07	-0.00014078	-7.3527e-10	0.00014108	3.124e-07	-3.114e-07	-0.00013796	-7.5355e-10	0.00013822	3.1234e-07	-3.1146e-07	-0.00013388	-7.7329e-10	0.00013418	3.1226e-07	-3.1146e-07	-0.00012824	-7.8916e-10	0.00012844	3.1214e-07	-3.1144e-07	-0.00012042	-8.1685e-10	0.00012032	3.1194e-07	-3.1132e-07	-0.000109672	-8.4384e-10	0.000109588	3.118e-07	-3.1126e-07	-9.475e-05	-8.7398e-10	9.464e-05	3.1174e-07	-3.1132e-07	-7.3514e-05	-9.0943e-10	7.3508e-05	3.1162e-07	-3.1128e-07	-4.4554e-05	-9.448e-10	4.459e-05	3.1142e-07	-3.1132e-07	-4.324e-06	-9.8762e-10	4.4324e-06	3.1134e-07	-3.113e-07
0.525	-0.00016636	-7.5543e-10	0.0001665	3.1274e-07	-3.1168e-07	-0.00016322	-7.6807e-10	0.0001632	3.125e-07	-3.1142e-07	-0.00015966	-7.831e-10	0.00016008	3.123e-07	-3.1142e-07	-0.00015488	-8.0221e-10	0.00015494	3.122e-07	-3.1138e-07	-0.00014816	-8.2098e-10	0.00014852	3.1212e-07	-3.1144e-07	-0.00013894	-8.4684e-10	0.00013912	3.1188e-07	-3.1134e-07	-0.00012588	-8.7533e-10	0.00012626	3.1184e-07	-3.1132e-07	-0.000108842	-9.0618e-10	0.000108764	3.117e-07	-3.1126e-07	-8.429e-05	-9.4177e-10	8.4486e-05	3.1154e-07	-3.1134e-07	-5.0964e-05	-9.8342e-10	5.0988e-05	3.1146e-07	-3.1128e-07	-4.8669e-06	-1.02378e-09	4.811e-06	3.1132e-07	-3.1128e-07
0.52	-0.0001926	-7.8373e-10	0.00019298	3.1274e-07	-3.1164e-07	-0.00018892	-7.9875e-10	0.00018908	3.1248e-07	-3.1144e-07	-0.0001848	-8.1485e-10	0.00018518	3.1236e-07	-3.1144e-07	-0.00017912	-8.3379e-10	0.00017932	3.1224e-07	-3.114e-07	-0.00017104	-8.5692e-10	0.00017148	3.121e-07	-3.1138e-07	-0.00016046	-8.8157e-10	0.00016062	3.1194e-07	-3.1134e-07	-0.0001453	-9.0745e-10	0.00014562	3.1178e-07	-3.1132e-07	-0.00012518	-9.4346e-10	0.00012524	3.1174e-07	-3.1132e-07	-9.6898e-05	-9.7716e-10	9.687e-05	3.1156e-07	-3.1132e-07	-5.835e-05	-1.02003e-09	5.833e-05	3.1148e-07	-3.1132e-07	-5.3404e-06	-1.06145e-09	5.3699e-06	3.1134e-07	-3.1126e-07
0.515	-0.00022228	-8.1083e-10	0.00022274	3.1278e-07	-3.1168e-07	-0.000218	-8.2447e-10	0.00021828	3.1244e-07	-3.1142e-07	-0.00021328	-8.4499e-10	0.0002134	3.123e-07	-3.1146e-07	-0.00020642	-8.6414e-10	0.00020674	3.1226e-07	-3.1144e-07	-0.00019716	-8.8887e-10	0.0001976	3.1208e-07	-3.1144e-07	-0.00018454	-9.1297e-10	0.00018492	3.1196e-07	-3.1142e-07	-0.00016732	-9.4513e-10	0.00016744	3.1178e-07	-3.1134e-07	-0.0001435	-9.7415e-10	0.00014352	3.1164e-07	-3.1128e-07	-0.000110748	-1.01182e-09	0.000110952	3.1154e-07	-3.1128e-07	-6.6476e-05	-1.05405e-09	6.6532e-05	3.1146e-07	-3.1128e-07	-5.9515e-06	-1.09997e-09	5.9059e-06	3.1122e-07	-3.1126e-07
0.51	-0.00025662	-8.4159e-10	0.00025682	3.1278e-07	-3.1162e-07	-0.00025162	-8.5817e-10	0.00025188	3.1246e-07	-3.115e-07	-0.00024596	-8.7494e-10	0.00024636	3.1232e-07	-3.114e-07	-0.00023818	-8.9916e-10	0.00023844	3.1222e-07	-3.1142e-07	-0.00022688	-9.2431e-10	0.00022736	3.1214e-07	-3.1142e-07	-0.00021238	-9.4391e-10	0.0002127	3.119e-07	-3.1138e-07	-0.0001918	-9.8283e-10	0.00019214	3.1184e-07	-3.113e-07	-0.00016452	-1.01351e-09	0.00016474	3.1158e-07	-3.1126e-07	-0.0001268	-1.0517e-09	0.00012662	3.1152e-07	-3.113e-07	-7.5718e-05	-1.09302e-09	7.5758e-05	3.1146e-07	-3.1132e-07	-6.6485e-06	-1.1388e-09	6.567e-06	3.1124e-07	-3.111e-07
0.505	-0.00029504	-8.7292e-10	0.0002951	3.1278e-07	-3.116e-07	-0.0002894	-8.8985e-10	0.00028962	3.1254e-07	-3.114e-07	-0.00028274	-9.0918e-10	0.00028302	3.1232e-07	-3.1144e-07	-0.0002734	-9.3051e-10	0.0002736	3.1222e-07	-3.114e-07	-0.0002606	-9.575e-10	0.00026068	3.1212e-07	-3.1152e-07	-0.00024366	-9.8448e-10	0.00024382	3.1194e-07	-3.1132e-07	-0.00021962	-1.01623e-09	0.00022012	3.1178e-07	-3.113e-07	-0.00018772	-1.04913e-09	0.0001879	3.1158e-07	-3.1124e-07	-0.0001441	-1.0885e-09	0.00014434	3.1158e-07	-3.1128e-07	-8.5978e-05	-1.1337e-09	8.5954e-05	3.114e-07	-3.1128e-07	-7.2548e-06	-1.1783e-09	7.2544e-06	3.1124e-07	-3.1128e-07
0.5	-0.00033888	-9.0845e-10	0.00033938	3.1272e-07	-3.1168e-07	-0.00033254	-9.2366e-10	0.00033294	3.125e-07	-3.1146e-07	-0.0003247	-9.4347e-10	0.000325	3.1238e-07	-3.1148e-07	-0.00031394	-9.6755e-10	0.00031402	3.1226e-07	-3.1144e-07	-0.00029872	-9.9699e-10	0.00029898	3.121e-07	-3.1144e-07	-0.00027936	-1.02213e-09	0.00027902	3.1194e-07	-3.1132e-07	-0.00025124	-1.05553e-09	0.00025172	3.1184e-07	-3.1134e-07	-0.00021444	-1.08909e-09	0.00021474	3.117e-07	-3.1132e-07	-0.00016388	-1.1305e-09	0.00016406	3.1154e-07	-3.1128e-07	-9.7314e-05	-1.1753e-09	9.7304e-05	3.1148e-07	-3.1128e-07	-8.0487e-06	-1.2181e-09	8.0459e-06	3.113e-07	-3.1124e-07
0.495	-0.000388	-9.4329e-10	0.00038838	3.1274e-07	-3.116e-07	-0.00038056	-9.5987e-10	0.00038086	3.1244e-07	-3.115e-07	-0.00037142	-9.7821e-10	0.00037142	3.1236e-07	-3.1146e-07	-0.00035848	-1.00388e-09	0.000359	3.1224e-07	-3.1146e-07	-0.00034098	-1.03133e-09	0.00034124	3.1212e-07	-3.1144e-07	-0.00031794	-1.06052e-09	0.00031826	3.119e-07	-3.1134e-07	-0.00028604	-1.09466e-09	0.0002862	3.1184e-07	-3.113e-07	-0.00024318	-1.1272e-09	0.00024386	3.1176e-07	-3.1138e-07	-0.0001858	-1.1663e-09	0.00018612	3.115e-07	-3.1132e-07	-0.00011003	-1.2159e-09	0.000109662	3.1148e-07	-3.1132e-07	-9.0041e-06	-1.2595e-09	9.0488e-06	3.1128e-07	-3.1128e-07
0.49	-0.00044382	-9.7812e-10	0.00044436	3.1272e-07	-3.1158e-07	-0.00043574	-9.9505e-10	0.00043578	3.1248e-07	-3.1146e-07	-0.00042432	-1.01783e-09	0.00042482	3.1236e-07	-3.1144e-07	-0.00040938	-1.03953e-09	0.0004096	3.1222e-07	-3.114e-07	-0.00038922	-1.06856e-09	0.00038918	3.1202e-07	-3.114e-07	-0.00036222	-1.09984e-09	0.00036254	3.1194e-07	-3.113e-07	-0.00032524	-1.134e-09	0.00032532	3.1184e-07	-3.1134e-07	-0.0002762	-1.1689e-09	0.00027678	3.1178e-07	-3.114e-07	-0.00021038	-1.2108e-09	0.00021062	3.115e-07	-3.1128e-07	-0.00012362	-1.252e-09	0.0001236	3.1146e-07	-3.1136e-07	-1.00034e-05	-1.2988e-09	9.9875e-06	3.1128e-07	-3.1128e-07
0.485	-0.0005056	-1.01426e-09	0.00050556	3.127e-07	-3.1158e-07	-0.00049532	-1.02877e-09	0.00049578	3.125e-07	-3.1156e-07	-0.00048256	-1.05369e-09	0.00048302	3.1232e-07	-3.114e-07	-0.00046506	-1.08189e-09	0.00046544	3.1224e-07	-3.1144e-07	-0.00044158	-1.107e-09	0.00044164	3.1206e-07	-3.1144e-07	-0.00041072	-1.1366e-09	0.00041078	3.1188e-07	-3.1128e-07	-0.00036792	-1.1757e-09	0.0003683	3.1178e-07	-3.1134e-07	-0.0003112	-1.21e-09	0.00031186	3.1176e-07	-3.113e-07	-0.00023684	-1.2512e-09	0.00023692	3.1152e-07	-3.1126e-07	-0.00013858	-1.2959e-09	0.00013876	3.1148e-07	-3.1128e-07	-1.09819e-05	-1.353e-09	1.10192e-05	3.1128e-07	-3.1134e-07
0.48	-0.0005749	-1.04793e-09	0.000575	3.127e-07	-3.1156e-07	-0.00056326	-1.0662e-09	0.00056366	3.124e-07	-3.115e-07	-0.0005485	-1.09514e-09	0.00054848	3.1232e-07	-3.114e-07	-0.00052766	-1.118e-09	0.00052804	3.1222e-07	-3.1144e-07	-0.00050006	-1.1467e-09	0.00050022	3.1212e-07	-3.1138e-07	-0.0004642	-1.1784e-09	0.00046486	3.12e-07	-3.1134e-07	-0.00041544	-1.2133e-09	0.00041572	3.1176e-07	-3.1132e-07	-0.00035124	-1.2539e-09	0.00035132	3.1166e-07	-3.1134e-07	-0.00026582	-1.2987e-09	0.00026622	3.1154e-07	-3.1132e-07	-0.00015536	-1.342e-09	0.0001551	3.1142e-07	-3.112e-07	-1.17174e-05	-1.396e-09	1.1722e-05	3.1128e-07	-3.1132e-07
0.475	-0.00065074	-1.08867e-09	0.00065082	3.1264e-07	-3.1164e-07	-0.0006377	-1.11323e-09	0.00063766	3.1254e-07	-3.1146e-07	-0.00061948	-1.1338e-09	0.00062026	3.1234e-07	-3.1146e-07	-0.00059582	-1.1619e-09	0.0005958	3.1224e-07	-3.1146e-07	-0.00056468	-1.1858e-09	0.0005644	3.1208e-07	-3.1138e-07	-0.00052266	-1.2252e-09	0.00052298	3.1188e-07	-3.1134e-07	-0.00046664	-1.2597e-09	0.00046678	3.1182e-07	-3.1128e-07	-0.0003935	-1.2971e-09	0.00039362	3.1166e-07	-3.1134e-07	-0.00029696	-1.3391e-09	0.0002972	3.1152e-07	-3.1126e-07	-0.00017232	-1.3864e-09	0.00017306	3.1148e-07	-3.1134e-07	-1.1526e-05	-1.4415e-09	1.3474e-05	3.1128e-07	-3.1126e-07
0.47	-0.00073474	-1.1312e-09	0.00073564	3.1262e-07	-3.1156e-07	-0.00072008	-1.1434e-09	0.00072048	3.1256e-07	-3.1164e-07	-0.00069944	-1.1746e-09	0.00069954	3.1242e-07	-3.1152e-07	-0.00067208	-1.1982e-09	0.00067208	3.122e-07	-3.114e-07	-0.00063498	-1.2297e-09	0.00063528	3.1214e-07	-3.1148e-07	-0.00058766	-1.2688e-09	0.00058824	3.1192e-07	-3.113e-07	-0.00052354	-1.3056e-09	0.00052344	3.1184e-07	-3.1134e-07	-0.0004395	-1.3437e-09	0.00044016	3.1164e-07	-3.1128e-07	-0.00033082	-1.3881e-09	0.00033112	3.115e-07	-3.1126e-07	-0.00019184	-1.4371e-09	0.00019236	3.1142e-07	-3.1128e-07	-1.4822e-05	-1.4853e-09	1.4858e-05	3.1126e-07	-3.1122e-07
0.465	-0.0008271	-1.1697e-09	0.00082762	3.1268e-07	-3.1154e-07	-0.00080942	-1.1919e-09	0.00080942	3.1256e-07	-3.1156e-07	-0.00078528	-1.222e-09	0.000785	3.1242e-07	-3.1156e-07	-0.00075352	-1.2459e-09	0.00075404	3.1218e-07	-3.1144e-07	-0.00071106	-1.2768e-09	0.00071182	3.1206e-07	-3.1136e-07	-0.00065684	-1.3118e-09	0.00065712	3.1188e-07	-3.114e-07	-0.00058364	-1.3504e-09	0.00058438	3.1178e-07	-3.1134e-07	-0.00048972	-1.3909e-09	0.00048922	3.1174e-07	-3.1132e-07	-0.0003674	-1.4332e-09	0.00036758	3.1154e-07	-3.113e-07	-0.00021226	-1.483e-09	0.0002123	3.1146e-07	-3.1132e-07	-1.613e-05	-1.5375e-09	1.6242e-05	3.1134e-07	-3.1128e-07
0.46	-0.00092856	-1.2147e-09	0.00092894	3.1272e-07	-3.116e-07	-0.00090834	-1.2366e-09	0.00090846	3.1254e-07	-3.1152e-07	-0.00088004	-1.268e-09	0.00088014	3.1232e-07	-3.1146e-07	-0.0008435	-1.2893e-09	0.00084378	3.122e-07	-3.1146e-07	-0.00079546	-1.3249e-09	0.00079548	3.1196e-07	-3.1132e-07	-0.00073266	-1.354e-09	0.00073302	3.119e-07	-3.1132e-07	-0.00064954	-1.3966e-09	0.0006496	3.1184e-07	-3.1134e-07	-0.0005434	-1.4387e-09	0.00054318	3.116e-07	-3.1128e-07	-0.00040678	-1.4841e-09	0.00040662	3.115e-07	-3.1128e-07	-0.00023374	-1.5369e-09	0.00023416	3.1146e-07	-3.1128e-07	-1.7874e-05	-1.5902e-09	1.7732e-05	3.1134e-07	-3.1128e-07
0.455	-0.00103744	-1.2569e-09	0.00103812	3.1266e-07	-3.1162e-07	-0.0010139	-1.274e-09	0.00101468	3.125e-07	-3.1158e-07	-0.00098134	-1.31e-09	0.00098194	3.1238e-07	-3.1152e-07	-0.00093914	-1.3361e-09	0.00093962	3.1224e-07	-3.1144e-07	-0.0008847	-1.3683e-09	0.00088474	3.1208e-07	-3.1136e-07	-0.00081284	-1.4024e-09	0.00081386	3.1196e-07	-3.1136e-07	-0.00071982	-1.4481e-09	0.0007193	3.1176e-07	-3.1132e-07	-0.00059938	-1.4903e-09	0.00060016	3.117e-07	-3.1134e-07	-0.00044688	-1.5391e-09	0.00044762	3.1156e-07	-3.1128e-07	-0.00025636	-1.5877e-09	0.00025646	3.114e-07	-3.1126e-07	-1.9512e-05	-1.6428e-09	1.9478e-05	3.113e-07	-3.1132e-07
0.45	-0.0011574	-1.302e-09	0.0011578	3.1266e-07	-3.1156e-07	-0.0011304	-1.3297e-09	0.00113104	3.1256e-07	-3.1156e-07	-0.0010935	-1.3508e-09	0.0010931	3.1234e-07	-3.1146e-07	-0.001045	-1.3803e-09	0.00104498	3.1228e-07	-3.1144e-07	-0.00098196	-1.4164e-09	0.0009821	3.12e-07	-3.1132e-07	-0.00090072	-1.4524e-09	0.00090082	3.1196e-07	-3.1132e-07	-0.00079434	-1.4961e-09	0.00079484	3.1176e-07	-3.1132e-07	-0.00066046	-1.5376e-09	0.00066052	3.1166e-07	-3.1134e-07	-0.00049082	-1.5878e-09	0.0004909	3.1152e-07	-3.1116e-07	-0.00028042	-1.6402e-09	0.00028036	3.1136e-07	-3.1126e-07	-2.1372e-05	-1.6981e-09	2.1136e-05	3.1134e-07	-3.1128e-07
0.445	-0.001285	-1.3444e-09	0.001285	3.1268e-07	-3.1158e-07	-0.0012532	-1.3723e-09	0.001254	3.1244e-07	-3.1144e-07	-0.0012094	-1.4003e-09	0.0012106	3.124e-07	-3.1154e-07	-0.001154	-1.4333e-09	0.0011552	3.1222e-07	-3.1146e-07	-0.00108338	-1.4669e-09	0.00108402	3.1202e-07	-3.1132e-07	-0.00099154	-1.5058e-09	0.00099268	3.1194e-07	-3.114e-07	-0.00087288	-1.5435e-09	0.0008738	3.1178e-07	-3.1138e-07	-0.00072354	-1.5895e-09	0.0007241	3.1162e-07	-3.1128e-07	-0.00053614	-1.6445e-09	0.00053644	3.1154e-07	-3.1128e-07	-0.00030478	-1.6984e-09	0.00030532	3.115e-07	-3.1128e-07	-2.2966e-05	-1.7529e-09	2.2926e-05	3.1128e-07	-3.1126e-07
0.44	-0.001424	-1.3925e-09	0.001425	3.1268e-07	-3.1158e-07	-0.0013882	-1.4178e-09	0.0013882	3.125e-07	-3.1146e-07	-0.0013382	-1.4441e-09	0.0013386	3.1242e-07	-3.1156e-07	-0.0012756	-1.4779e-09	0.001276	3.1218e-07	-3.1144e-07	-0.0011938	-1.5202e-09	0.0011944	3.1204e-07	-3.1134e-07	-0.00108976	-1.5552e-09	0.00109104	3.1196e-07	-3.114e-07	-0.00095762	-1.5967e-09	0.00095726	3.118e-07	-3.1138e-07	-0.0007913	-1.6464e-09	0.00079184	3.117e-07	-3.1132e-07	-0.00058332	-1.6964e-09	0.00058416	3.1158e-07	-3.1126e-07	-0.00033126	-1.7504e-09	0.00033144	3.1146e-07	-3.1126e-07	-2.4762e-05	-1.8144e-09	2.4762e-05	3.1134e-07	-3.1126e-07
0.435	-0.00157	-1.4399e-09	0.001571	3.1266e-07	-3.116e-07	-0.0015292	-1.4644e-09	0.0015288	3.1246e-07	-3.115e-07	-0.0014726	-1.4944e-09	0.0014726	3.1238e-07	-3.1154e-07	-0.001401	-1.535e-09	0.001401	3.122e-07	-3.115e-07	-0.0013078	-1.5698e-09	0.0013092	3.12e-07	-3.1132e-07	-0.0011924	-1.6089e-09	0.0011942	3.1196e-07	-3.1138e-07	-0.00104444	-1.6572e-09	0.00104366	3.1178e-07	-3.113e-07	-0.00086002	-1.7002e-09	0.00086072	3.117e-07	-3.1132e-07	-0.00063264	-1.7549e-09	0.00063308	3.1156e-07	-3.1132e-07	-0.00035726	-1.8092e-09	0.0003584	3.1142e-07	-3.1122e-07	-2.6596e-05	-1.8763e-09	2.667e-05	3.1132e-07	-3.1124e-07
0.43	-0.0017284	-1.4922e-09	0.0017292	3.1266e-07	-3.1156e-07	-0.001681	-1.5153e-09	0.001681	3.126e-07	-3.1158e-07	-0.0016162	-1.5505e-09	0.0016164	3.1238e-07	-3.1154e-07	-0.0015342	-1.5892e-09	0.001536	3.1222e-07	-3.115e-07	-0.0014314	-1.6233e-09	0.0014318	3.12e-07	-3.1138e-07	-0.0013018	-1.663e-09	0.001302	3.1198e-07	-3.1136e-07	-0.0011367	-1.71e-09	0.00113572	3.1178e-07	-3.1138e-07	-0.00093364	-1.7593e-09	0.00093314	3.1168e-07	-3.1132e-07	-0.0006846	-1.8157e-09	0.00068494	3.1158e-07	-3.1134e-07	-0.00038488	-1.8703e-09	0.00038548	3.1142e-07	-3.112e-07	-2.854e-05	-1.9337e-09	2.8626e-05	3.1126e-07	-3.112e-07
0.425	-0.001894	-1.5442e-09	0.0018938	3.1272e-07	-3.1154e-07	-0.0018386	-1.5709e-09	0.0018402	3.1254e-07	-3.1146e-07	-0.0017668	-1.6025e-09	0.0017666	3.124e-07	-3.1146e-07	-0.0016752	-1.64e-09	0.0016748	3.1224e-07	-3.1146e-07	-0.0015582	-1.6773e-09	0.0015584	3.1202e-07	-3.1138e-07	-0.0014136	-1.7166e-09	0.0014136	3.119e-07	-3.1132e-07	-0.001231	-1.7667e-09	0.0012312	3.1178e-07	-3.1132e-07	-0.00100686	-1.8195e-09	0.0010071	3.1166e-07	-3.1132e-07	-0.00073644	-1.875e-09	0.00073652	3.1158e-07	-3.1134e-07	-0.0004136	-1.9342e-09	0.00041286	3.1146e-07	-3.1132e-07	-3.0604e-05	-1.9996e-09	3.038e-05	3.113e-07	-3.1126e-07
0.42	-0.0020714	-1.5895e-09	0.0020716	3.1266e-07	-3.1158e-07	-0.0020088	-1.623e-09	0.0020094	3.1242e-07	-3.1144e-07	-0.0019252	-1.656e-09	0.0019264	3.1238e-07	-3.1152e-07	-0.0018226	-1.6919e-09	0.0018234	3.1224e-07	-3.1146e-07	-0.001692	-1.7307e-09	0.0016926	3.1198e-07	-3.1128e-07	-0.0015312	-1.7801e-09	0.0015326	3.119e-07	-3.1142e-07	-0.00133	-1.8303e-09	0.0013298	3.1184e-07	-3.1138e-07	-0.00108504	-1.8789e-09	0.00108458	3.1166e-07	-3.1132e-07	-0.00079162	-1.9441e-09	0.00079068	3.1158e-07	-3.1136e-07	-0.00044226	-1.999e-09	0.0004417	3.1146e-07	-3.113e-07	-3.2362e-05	-2.0742e-09	3.2454e-05	3.1128e-07	-3.1124e-07
0.415	-0.0022544	-1.6409e-09	0.0022558	3.1266e-07	-3.1156e-07	-0.0021848	-1.6787e-09	0.0021846	3.1252e-07	-3.115e-07	-0.0020916	-1.7111e-09	0.002092	3.1242e-07	-3.1152e-07	-0.0019748	-1.7483e-09	0.0019754	3.1222e-07	-3.1146e-07	-0.00183	-1.7972e-09	0.0018308	3.1202e-07	-3.1134e-07	-0.0016514	-1.8359e-09	0.0016526	3.1196e-07	-3.1138e-07	-0.0014314	-1.8905e-09	0.0014314	3.118e-07	-3.113e-07	-0.0011634	-1.9398e-09	0.0011642	3.116e-07	-3.1128e-07	-0.00084492	-2.0032e-09	0.00084524	3.116e-07	-3.1132e-07	-0.0004708	-2.0711e-09	0.00047124	3.1146e-07	-3.1132e-07	-3.4578e-05	-2.1418e-09	3.4528e-05	3.1134e-07	-3.1132e-07
0.41	-0.0024506	-1.6984e-09	0.002451	3.1266e-07	-3.1152e-07	-0.0023704	-1.7299e-09	0.0023706	3.1248e-07	-3.1154e-07	-0.0022654	-1.7675e-09	0.0022662	3.124e-07	-3.1156e-07	-0.0021356	-1.8071e-09	0.0021354	3.1222e-07	-3.114e-07	-0.001974	-1.8513e-09	0.0019748	3.12e-07	-3.1138e-07	-0.0017766	-1.8973e-09	0.0017776	3.1194e-07	-3.1132e-07	-0.0015342	-1.9502e-09	0.001536	3.1178e-07	-3.1138e-07	-0.0012454	-2.005e-09	0.0012452	3.1164e-07	-3.1128e-07	-0.00090188	-2.0746e-09	0.00090178	3.1158e-07	-3.1134e-07	-0.00049978	-2.1392e-09	0.0005003	3.1146e-07	-3.1134e-07	-3.6812e-05	-2.2112e-09	3.6942e-05	3.1128e-07	-3.1124e-07
0.405	-0.0026508	-1.7529e-09	0.0026522	3.1268e-07	-3.1156e-07	-0.0025614	-1.783e-09	0.0025622	3.1244e-07	-3.115e-07	-0.002444	-1.8337e-09	0.0024438	3.1244e-07	-3.116e-07	-0.0022996	-1.8694e-09	0.0023002	3.122e-07	-3.114e-07	-0.0021208	-1.9065e-09	0.002121	3.1192e-07	-3.1134e-07	-0.001904	-1.9655e-09	0.0019048	3.1186e-07	-3.1134e-07	-0.0016404	-2.0125e-09	0.0016404	3.1182e-07	-3.1134e-07	-0.0013274	-2.0747e-09	0.001328	3.1168e-07	-3.1122e-07	-0.0009581	-2.1384e-09	0.0009565	3.1156e-07	-3.1132e-07	-0.00052984	-2.2092e-09	0.00052944	3.114e-07	-3.1132e-07	-3.8656e-05	-2.2867e-09	3.8614e-05	3.1128e-07	-3.112e-07
0.4	-0.0028648	-1.8151e-09	0.0028656	3.1266e-07	-3.1158e-07	-0.002762	-1.8449e-09	0.0027626	3.1246e-07	-3.1146e-07	-0.0026312	-1.8934e-09	0.002631	3.1244e-07	-3.1152e-07	-0.0024698	-1.9326e-09	0.002471	3.122e-07	-3.1144e-07	-0.002274	-1.9754e-09	0.0022738	3.12e-07	-3.1134e-07	-0.0020366	-2.0303e-09	0.002036	3.1196e-07	-3.1132e-07	-0.00175	-2.0807e-09	0.00175	3.118e-07	-3.1136e-07	-0.0014112	-2.1448e-09	0.001412	3.1172e-07	-3.1126e-07	-0.00101542	-2.2116e-09	0.00101562	3.1152e-07	-3.1124e-07	-0.00056034	-2.286e-09	0.00055996	3.1148e-07	-3.113e-07	-4.078e-05	-2.3684e-09	4.0788e-05	3.1128e-07	-3.1126e-07
0.395	-0.0030806	-1.873e-09	0.003082	3.1262e-07	-3.116e-07	-0.0029662	-1.9044e-09	0.0029668	3.1242e-07	-3.1146e-07	-0.0028204	-1.9461e-09	0.002821	3.1232e-07	-3.1138e-07	-0.0026434	-1.9938e-09	0.0026444	3.1224e-07	-3.1148e-07	-0.0024274	-2.0381e-09	0.0024278	3.1208e-07	-3.1138e-07	-0.0021684	-2.0957e-09	0.0021698	3.1186e-07	-3.1134e-07	-0.001859	-2.1527e-09	0.001859	3.1188e-07	-3.1132e-07	-0.0014948	-2.2172e-09	0.001496	3.1166e-07	-3.1128e-07	-0.0010731	-2.2881e-09	0.00107372	3.115e-07	-3.1128e-07	-0.00059018	-2.3608e-09	0.00059026	3.1148e-07	-3.1138e-07	-4.2672e-05	-2.4488e-09	4.2696e-05	3.1124e-07	-3.1126e-07
0.39	-0.0033078	-1.9362e-09	0.003309	3.126e-07	-3.1152e-07	-0.0031816	-1.9733e-09	0.0031824	3.1238e-07	-3.1144e-07	-0.0030188	-1.9934e-09	0.0030186	3.1236e-07	-3.1146e-07	-0.0028226	-2.0613e-09	0.0028226	3.1214e-07	-3.1144e-07	-0.0025848	-2.1125e-09	0.002587	3.121e-07	-3.115e-07	-0.0023052	-2.1641e-09	0.0023048	3.119e-07	-3.1138e-07	-0.0019704	-2.2257e-09	0.0019712	3.1182e-07	-3.1136e-07	-0.0015802	-2.2877e-09	0.0015816	3.1172e-07	-3.1134e-07	-0.00113126	-2.3606e-09	0.00113082	3.1148e-07	-3.1122e-07	-0.0006213	-2.4435e-09	0.00062134	3.1146e-07	-3.1132e-07	-4.5066e-05	-2.5261e-09	4.4888e-05	3.1128e-07	-3.1124e-07
0.385	-0.0035394	-1.9921e-09	0.0035384	3.1264e-07	-3.1158e-07	-0.0033974	-2.0422e-09	0.0033978	3.1248e-07	-3.1152e-07	-0.0032182	-2.0701e-09	0.0032188	3.124e-07	-3.115e-07	-0.0030038	-2.1251e-09	0.0030046	3.1218e-07	-3.1144e-07	-0.0027452	-2.1833e-09	0.0027462	3.1206e-07	-3.1136e-07	-0.0024414	-2.2351e-09	0.0024428	3.1192e-07	-3.1138e-07	-0.0020818	-2.3006e-09	0.0020828	3.1182e-07	-3.1134e-07	-0.0016654	-2.3638e-09	0.0016656	3.1168e-07	-3.1138e-07	-0.0011888	-2.444e-09	0.0011886	3.1144e-07	-3.1122e-07	-0.00065022	-2.5217e-09	0.00065118	3.1146e-07	-3.1134e-07	-4.6746e-05	-2.6098e-09	4.6844e-05	3.113e-07	-3.1126e-07
0.38	-0.0037818	-2.0521e-09	0.0037802	3.1262e-07	-3.1162e-07	-0.0036232	-2.1057e-09	0.0036232	3.1248e-07	-3.115e-07	-0.0034246	-2.149e-09	0.0034256	3.1242e-07	-3.1156e-07	-0.0031902	-2.1957e-09	0.0031896	3.1214e-07	-3.1138e-07	-0.00291	-2.2534e-09	0.00291	3.1206e-07	-3.1136e-07	-0.0025804	-2.3144e-09	0.0025818	3.119e-07	-3.1136e-07	-0.0021958	-2.3775e-09	0.0021946	3.1178e-07	-3.1138e-07	-0.001752	-2.4456e-09	0.0017524	3.1176e-07	-3.1132e-07	-0.0012482	-2.5244e-09	0.001248	3.1148e-07	-3.1126e-07	-0.00068078	-2.6066e-09	0.00068104	3.1148e-07	-3.1128e-07	-4.9044e-05	-2.6924e-09	4.8856e-05	3.113e-07	-3.1126e-07
0.375	-0.004023	-2.1146e-09	0.004023	3.1264e-07	-3.1158e-07	-0.003849	-2.1656e-09	0.0038496	3.125e-07	-3.1156e-07	-0.0036318	-2.2098e-09	0.0036324	3.1238e-07	-3.1156e-07	-0.0033756	-2.2608e-09	0.0033762	3.1216e-07	-3.1134e-07	-0.0030722	-2.3209e-09	0.003073	3.1214e-07	-3.1144e-07	-0.0027194	-2.3902e-09	0.002717	3.1192e-07	-3.113e-07	-0.0023064	-2.4551e-09	0.0023078	3.1182e-07	-3.1138e-07	-0.0018364	-2.527e-09	0.0018366	3.117e-07	-3.1134e-07	-0.0013058	-2.6102e-09	0.0013072	3.1154e-07	-3.1126e-07	-0.00070956	-2.699e-09	0.00070956	3.1142e-07	-3.1126e-07	-5.078e-05	-2.7844e-09	5.0654e-05	3.1124e-07	-3.1128e-07
0.37	-0.0042742	-2.1878e-09	0.004274	3.1268e-07	-3.1158e-07	-0.0040808	-2.2268e-09	0.004081	3.1246e-07	-3.1152e-07	-0.0038436	-2.2858e-09	0.0038452	3.1244e-07	-3.1156e-07	-0.0035658	-2.3411e-09	0.0035668	3.1216e-07	-3.1138e-07	-0.003238	-2.4007e-09	0.0032406	3.1208e-07	-3.1144e-07	-0.002858	-2.4711e-09	0.0028598	3.1192e-07	-3.1138e-07	-0.0024212	-2.5354e-09	0.0024212	3.1176e-07	-3.1134e-07	-0.0019216	-2.613e-09	0.0019234	3.1176e-07	-3.1138e-07	-0.0013638	-2.6949e-09	0.0013626	3.1154e-07	-3.1128e-07	-0.00074062	-2.7889e-09	0.00073924	3.1144e-07	-3.113e-07	-5.2868e-05	-2.8723e-09	5.3064e-05	3.1128e-07	-3.1122e-07
0.365	-0.004526	-2.2534e-09	0.0045258	3.1262e-07	-3.1162e-07	-0.0043146	-2.3035e-09	0.004316	3.1246e-07	-3.115e-07	-0.0040578	-2.358e-09	0.0040572	3.1242e-07	-3.115e-07	-0.003757	-2.4159e-09	0.003756	3.1214e-07	-3.1144e-07	-0.0034034	-2.4772e-09	0.0034054	3.1206e-07	-3.114e-07	-0.002998	-2.5443e-09	0.0029994	3.1196e-07	-3.1144e-07	-0.0025314	-2.6193e-09	0.002532	3.118e-07	-3.1126e-07	-0.0020062	-2.6999e-09	0.0020068	3.117e-07	-3.1134e-07	-0.001419	-2.7842e-09	0.0014198	3.1152e-07	-3.1132e-07	-0.0007684	-2.8815e-09	0.0007702	3.1142e-07	-3.113e-07	-5.4894e-05	-2.9723e-09	5.491e-05	3.1134e-07	-3.1126e-07
0.36	-0.0047854	-2.3268e-09	0.0047864	3.1266e-07	-3.1164e-07	-0.0045544	-2.3761e-09	0.0045548	3.124e-07	-3.115e-07	-0.0042748	-2.4307e-09	0.0042748	3.124e-07	-3.1154e-07	-0.0039484	-2.4881e-09	0.0039484	3.122e-07	-3.1146e-07	-0.0035718	-2.5607e-09	0.003572	3.1194e-07	-3.1134e-07	-0.003138	-2.6331e-09	0.0031396	3.1196e-07	-3.1142e-07	-0.0026448	-2.7075e-09	0.0026466	3.1176e-07	-3.1132e-07	-0.0020924	-2.7909e-09	0.0020938	3.116e-07	-3.1128e-07	-0.0014776	-2.879e-09	0.0014772	3.1154e-07	-3.1126e-07	-0.00079912	-2.98e-09	0.00079896	3.1148e-07	-3.1136e-07	-5.7128e-05	-3.0718e-09	5.7164e-05	3.1124e-07	-3.1128e-07
0.355	-0.0050454	-2.401e-09	0.0050452	3.1268e-07	-3.116e-07	-0.0047922	-2.4518e-09	0.0047918	3.125e-07	-3.1152e-07	-0.0044872	-2.5173e-09	0.00449	3.124e-07	-3.1164e-07	-0.0041388	-2.5684e-09	0.0041394	3.122e-07	-3.1144e-07	-0.003736	-2.6406e-09	0.0037378	3.1198e-07	-3.1134e-07	-0.003277	-2.7152e-09	0.003277	3.1192e-07	-3.1136e-07	-0.0027566	-2.7946e-09	0.0027558	3.1178e-07	-3.113e-07	-0.0021756	-2.8868e-09	0.0021764	3.1168e-07	-3.1132e-07	-0.0015316	-2.9703e-09	0.001533	3.1148e-07	-3.1124e-07	-0.00082884	-3.0739e-09	0.0008271	3.1142e-07	-3.1138e-07	-5.8796e-05	-3.1704e-09	5.8578e-05	3.1128e-07	-3.1122e-07
0.35	-0.0053096	-2.4748e-09	0.0053104	3.1268e-07	-3.1154e-07	-0.005035	-2.5332e-09	0.0050352	3.125e-07	-3.1162e-07	-0.0047086	-2.5934e-09	0.0047078	3.1244e-07	-3.1156e-07	-0.0043322	-2.6498e-09	0.0043324	3.122e-07	-3.1144e-07	-0.003903	-2.7303e-09	0.0039034	3.12e-07	-3.1138e-07	-0.0034158	-2.8042e-09	0.0034156	3.12e-07	-3.1136e-07	-0.0028682	-2.8872e-09	0.002869	3.1176e-07	-3.1136e-07	-0.0022596	-2.9819e-09	0.0022604	3.1172e-07	-3.1144e-07	-0.0015882	-3.0708e-09	0.0015884	3.1156e-07	-3.1136e-07	-0.00085448	-3.1784e-09	0.00085506	3.1152e-07	-3.1136e-07	-6.0762e-05	-3.2797e-09	6.0608e-05	3.1136e-07	-3.1132e-07
0.345	-0.0055716	-2.5553e-09	0.0055726	3.1256e-07	-3.1156e-07	-0.0052728	-2.6137e-09	0.0052762	3.1242e-07	-3.115e-07	-0.0049214	-2.6702e-09	0.004925	3.1238e-07	-3.1156e-07	-0.0045226	-2.7399e-09	0.0045232	3.1214e-07	-3.1142e-07	-0.0040672	-2.8183e-09	0.0040686	3.12e-07	-3.1138e-07	-0.0035502	-2.8943e-09	0.0035536	3.119e-07	-3.1144e-07	-0.0029764	-2.9815e-09	0.002979	3.1178e-07	-3.114e-07	-0.0023424	-3.0766e-09	0.0023418	3.1168e-07	-3.1132e-07	-0.0016424	-3.1731e-09	0.0016436	3.1152e-07	-3.1128e-07	-0.00088254	-3.2799e-09	0.00088236	3.1142e-07	-3.1128e-07	-6.2582e-05	-3.3902e-09	6.2646e-05	3.113e-07	-3.1126e-07
0.34	-0.0058406	-2.6352e-09	0.0058402	3.1254e-07	-3.1152e-07	-0.0055188	-2.6938e-09	0.0055176	3.1248e-07	-3.1154e-07	-0.0051424	-2.7572e-09	0.0051438	3.1234e-07	-3.115e-07	-0.0047156	-2.8301e-09	0.0047156	3.122e-07	-3.1154e-07	-0.0042336	-2.9011e-09	0.0042336	3.1196e-07	-3.1132e-07	-0.00369	-2.9906e-09	0.0036892	3.1192e-07	-3.1138e-07	-0.0030856	-3.0783e-09	0.0030866	3.118e-07	-3.1138e-07	-0.0024222	-3.1816e-09	0.0024244	3.1164e-07	-3.113e-07	-0.0016966	-3.2762e-09	0.0016972	3.1156e-07	-3.1132e-07	-0.00091116	-3.3876e-09	0.0009124	3.1146e-07	-3.1128e-07	-6.4186e-05	-3.4984e-09	6.4258e-05	3.113e-07	-3.1128e-07
0.335	-0.0061024	-2.7106e-09	0.0061036	3.1272e-07	-3.1168e-07	-0.0057594	-2.7785e-09	0.0057574	3.1238e-07	-3.115e-07	-0.0053574	-2.8465e-09	0.0053566	3.1232e-07	-3.1144e-07	-0.0049028	-2.9256e-09	0.0049034	3.1224e-07	-3.1152e-07	-0.0043944	-2.995e-09	0.004395	3.1196e-07	-3.1138e-07	-0.0038232	-3.0878e-09	0.0038256	3.1194e-07	-3.1146e-07	-0.0031934	-3.1806e-09	0.0031942	3.1172e-07	-3.1134e-07	-0.0025024	-3.2855e-09	0.0025038	3.1164e-07	-3.1132e-07	-0.0017506	-3.3855e-09	0.0017492	3.1152e-07	-3.1122e-07	-0.00093826	-3.4984e-09	0.00093748	3.114e-07	-3.1126e-07	-6.6232e-05	-3.6101e-09	6.6108e-05	3.1136e-07	-3.1132e-07
0.33	-0.0063726	-2.8035e-09	0.0063716	3.1262e-07	-3.1162e-07	-0.006002	-2.8668e-09	0.0060018	3.1248e-07	-3.115e-07	-0.0055748	-2.9385e-09	0.0055752	3.1236e-07	-3.1156e-07	-0.005093	-3.0137e-09	0.0050928	3.1212e-07	-3.1146e-07	-0.0045572	-3.0992e-09	0.004559	3.12e-07	-3.1136e-07	-0.0039564	-3.1846e-09	0.0039566	3.1194e-07	-3.1138e-07	-0.003301	-3.2824e-09	0.0033008	3.1174e-07	-3.1132e-07	-0.0025826	-3.3932e-09	0.002583	3.1166e-07	-3.1134e-07	-0.0018018	-3.4922e-09	0.0018044	3.1154e-07	-3.1126e-07	-0.00096278	-3.6135e-09	0.00096362	3.114e-07	-3.1128e-07	-6.787e-05	-3.7284e-09	6.8026e-05	3.1136e-07	-3.1132e-07
0.325	-0.0066352	-2.8824e-09	0.0066348	3.1266e-07	-3.116e-07	-0.0062392	-2.9602e-09	0.006239	3.125e-07	-3.1158e-07	-0.0057862	-3.0338e-09	0.0057856	3.123e-07	-3.1156e-07	-0.0052782	-3.1149e-09	0.0052788	3.1214e-07	-3.1152e-07	-0.0047148	-3.1975e-09	0.004715	3.1198e-07	-3.1134e-07	-0.0040874	-3.2891e-09	0.0040886	3.1196e-07	-3.1146e-07	-0.0034032	-3.3932e-09	0.0034048	3.1176e-07	-3.1132e-07	-0.0026598	-3.4925e-09	0.0026594	3.1168e-07	-3.1128e-07	-0.0018536	-3.6085e-09	0.0018558	3.1152e-07	-3.1128e-07	-0.00098962	-3.7273e-09	0.00099188	3.1138e-07	-3.1132e-07	-6.9416e-05	-3.8499e-09	6.9388e-05	3.1138e-07	-3.1128e-07
0.32	-0.0069018	-2.9713e-09	0.006902	3.126e-07	-3.117e-07	-0.006481	-3.0528e-09	0.0064802	3.1248e-07	-3.1162e-07	-0.0060006	-3.1279e-09	0.005999	3.1236e-07	-3.1156e-07	-0.0054628	-3.2173e-09	0.0054636	3.1218e-07	-3.1146e-07	-0.0048722	-3.3e-09	0.004874	3.1202e-07	-3.1138e-07	-0.0042194	-3.3944e-09	0.0042198	3.119e-07	-3.114e-07	-0.003507	-3.503e-09	0.0035082	3.1172e-07	-3.1132e-07	-0.0027344	-3.6092e-09	0.0027364	3.1164e-07	-3.1132e-07	-0.0019046	-3.7298e-09	0.0019054	3.1154e-07	-3.1132e-07	-0.00101542	-3.8498e-09	0.00101502	3.1142e-07	-3.1126e-07	-7.1328e-05	-3.9777e-09	7.1198e-05	3.113e-07	-3.1126e-07
0.315	-0.0071626	-3.0678e-09	0.0071616	3.1266e-07	-3.1162e-07	-0.0067154	-3.1507e-09	0.0067158	3.1254e-07	-3.1158e-07	-0.0062074	-3.226e-09	0.0062082	3.1234e-07	-3.1152e-07	-0.005644	-3.3148e-09	0.0056458	3.1226e-07	-3.115e-07	-0.0050262	-3.4067e-09	0.0050272	3.12e-07	-3.1134e-07	-0.0043452	-3.508e-09	0.0043476	3.1202e-07	-3.1146e-07	-0.0036076	-3.6128e-09	0.0036064	3.1172e-07	-3.1136e-07	-0.00281	-3.723e-09	0.0028106	3.1166e-07	-3.1138e-07	-0.0019538	-3.8477e-09	0.0019544	3.1154e-07	-3.1122e-07	-0.0010401	-3.9788e-09	0.0010422	3.1142e-07	-3.1128e-07	-7.2726e-05	-4.1029e-09	7.2888e-05	3.1132e-07	-3.1126e-07
0.31	-0.007426	-3.1721e-09	0.0074248	3.1266e-07	-3.1162e-07	-0.0069504	-3.2529e-09	0.0069526	3.1246e-07	-3.1152e-07	-0.006417	-3.3265e-09	0.006417	3.1238e-07	-3.1156e-07	-0.005826	-3.4212e-09	0.005827	3.1224e-07	-3.1146e-07	-0.0051794	-3.5143e-09	0.005181	3.1196e-07	-3.1138e-07	-0.0044716	-3.6232e-09	0.0044718	3.1188e-07	-3.1136e-07	-0.0037076	-3.7309e-09	0.0037072	3.1178e-07	-3.113e-07	-0.002883	-3.8457e-09	0.0028844	3.1162e-07	-3.1128e-07	-0.002002	-3.9718e-09	0.0020038	3.1152e-07	-3.1132e-07	-0.00106612	-4.106e-09	0.00106558	3.1142e-07	-3.1128e-07	-7.4582e-05	-4.231e-09	7.4698e-05	3.1136e-07	-3.1136e-07
0.305	-0.0076818	-3.2653e-09	0.007682	3.1266e-07	-3.1164e-07	-0.0071822	-3.3456e-09	0.0071816	3.1248e-07	-3.116e-07	-0.0066192	-3.4283e-09	0.0066202	3.1238e-07	-3.1154e-07	-0.0060016	-3.5316e-09	0.0060028	3.1214e-07	-3.1146e-07	-0.0053296	-3.633e-09	0.0053308	3.1202e-07	-3.114e-07	-0.0045956	-3.7362e-09	0.0045958	3.1194e-07	-3.1134e-07	-0.0038038	-3.8442e-09	0.0038038	3.1184e-07	-3.1138e-07	-0.002956	-3.9671e-09	0.0029564	3.1164e-07	-3.1132e-07	-0.0020508	-4.1001e-09	0.0020506	3.1152e-07	-3.1132e-07	-0.00108922	-4.2364e-09	0.00109036	3.1148e-07	-3.1134e-07	-7.6494e-05	-4.3655e-09	7.6526e-05	3.1126e-07	-3.1126e-07
0.3	-0.0079406	-3.3643e-09	0.0079426	3.127e-07	-3.1164e-07	-0.0074124	-3.4525e-09	0.0074114	3.1248e-07	-3.1156e-07	-0.0068232	-3.5455e-09	0.006824	3.1242e-07	-3.1164e-07	-0.0061808	-3.6482e-09	0.0061772	3.1214e-07	-3.1146e-07	-0.0054776	-3.7492e-09	0.0054802	3.1196e-07	-3.1144e-07	-0.0047188	-3.8554e-09	0.0047176	3.1188e-07	-3.1138e-07	-0.0038998	-3.9804e-09	0.0038994	3.1172e-07	-3.1138e-07	-0.0030268	-4.1014e-09	0.0030272	3.1164e-07	-3.1128e-07	-0.002097	-4.2398e-09	0.0020956	3.1144e-07	-3.1128e-07	-0.00111416	-4.3742e-09	0.00111416	3.1142e-07	-3.112e-07	-7.7656e-05	-4.5086e-09	7.7808e-05	3.1128e-07	-3.1132e-07
0.295	-0.0081936	-3.4639e-09	0.0081926	3.126e-07	-3.116e-07	-0.0076368	-3.5632e-09	0.0076386	3.125e-07	-3.1168e-07	-0.007021	-3.6611e-09	0.0070206	3.1244e-07	-3.1168e-07	-0.0063494	-3.7632e-09	0.0063494	3.1222e-07	-3.116e-07	-0.0056236	-3.8611e-09	0.0056224	3.12e-07	-3.1134e-07	-0.004836	-3.9765e-09	0.0048368	3.1182e-07	-3.1134e-07	-0.0039942	-4.1098e-09	0.0039942	3.1176e-07	-3.114e-07	-0.0030958	-4.2284e-09	0.0030964	3.1164e-07	-3.1134e-07	-0.002142	-4.3693e-09	0.002143	3.1152e-07	-3.1126e-07	-0.00113726	-4.5116e-09	0.00113806	3.1146e-07	-3.113e-07	-7.9556e-05	-4.6536e-09	7.9612e-05	3.113e-07	-3.1128e-07
0.29	-0.0084438	-3.5799e-09	0.0084464	3.1266e-07	-3.1164e-07	-0.007861	-3.674e-09	0.0078616	3.1248e-07	-3.1162e-07	-0.0072172	-3.7717e-09	0.0072168	3.1234e-07	-3.1158e-07	-0.0065172	-3.8808e-09	0.0065188	3.1222e-07	-3.115e-07	-0.0057666	-3.9872e-09	0.0057668	3.1198e-07	-3.1142e-07	-0.0049548	-4.1158e-09	0.0049538	3.1182e-07	-3.114e-07	-0.0040854	-4.2425e-09	0.0040856	3.1176e-07	-3.1134e-07	-0.003164	-4.3644e-09	0.0031636	3.117e-07	-3.1132e-07	-0.0021866	-4.5045e-09	0.002189	3.1148e-07	-3.1128e-07	-0.0011592	-4.6562e-09	0.00116	3.1142e-07	-3.1128e-07	-8.0808e-05	-4.8002e-09	8.0864e-05	3.1136e-07	-3.1128e-07
0.285	-0.008686	-3.6885e-09	0.0086906	3.1266e-07	-3.1162e-07	-0.008079	-3.7831e-09	0.00808	3.1244e-07	-3.1154e-07	-0.0074062	-3.8928e-09	0.0074076	3.1232e-07	-3.1168e-07	-0.0066838	-3.9983e-09	0.0066826	3.1216e-07	-3.1142e-07	-0.0059048	-4.1187e-09	0.0059078	3.1194e-07	-3.1138e-07	-0.0050678	-4.2417e-09	0.005068	3.1184e-07	-3.1134e-07	-0.0041762	-4.3765e-09	0.0041756	3.1176e-07	-3.1132e-07	-0.003229	-4.5005e-09	0.00323	3.1164e-07	-3.113e-07	-0.0022312	-4.6447e-09	0.0022306	3.1146e-07	-3.1128e-07	-0.0011822	-4.8e-09	0.0011808	3.114e-07	-3.1128e-07	-8.2088e-05	-4.9462e-09	8.2228e-05	3.1128e-07	-3.1134e-07
0.28	-0.0089332	-3.8067e-09	0.0089326	3.1266e-07	-3.1164e-07	-0.0082978	-3.9012e-09	0.0082974	3.125e-07	-3.1156e-07	-0.0075968	-4.0166e-09	0.0075992	3.1238e-07	-3.1156e-07	-0.006847	-4.1214e-09	0.0068486	3.122e-07	-3.115e-07	-0.0060442	-4.2426e-09	0.006044	3.1198e-07	-3.1136e-07	-0.0051804	-4.3818e-09	0.0051806	3.1194e-07	-3.1134e-07	-0.0042648	-4.5133e-09	0.0042638	3.1172e-07	-3.113e-07	-0.0032962	-4.6435e-09	0.0032946	3.1158e-07	-3.1132e-07	-0.0022742	-4.7884e-09	0.002274	3.1146e-07	-3.1126e-07	-0.0012028	-4.9545e-09	0.0012028	3.1146e-07	-3.1128e-07	-8.353e-05	-5.1137e-09	8.3604e-05	3.113e-07	-3.1132e-07
0.275	-0.0091708	-3.9301e-09	0.009172	3.126e-07	-3.1164e-07	-0.0085066	-4.0301e-09	0.0085058	3.1238e-07	-3.1148e-07	-0.0077834	-4.1422e-09	0.0077816	3.1236e-07	-3.1158e-07	-0.0070044	-4.2542e-09	0.0070068	3.122e-07	-3.1152e-07	-0.006178	-4.3732e-09	0.006179	3.1198e-07	-3.114e-07	-0.0052892	-4.5133e-09	0.0052896	3.1196e-07	-3.1142e-07	-0.0043494	-4.6612e-09	0.0043502	3.1176e-07	-3.1134e-07	-0.0033582	-4.7941e-09	0.0033588	3.1168e-07	-3.1128e-07	-0.0023158	-4.9379e-09	0.0023148	3.1152e-07	-3.1122e-07	-0.0012236	-5.1034e-09	0.0012222	3.1138e-07	-3.113e-07	-8.4928e-05	-5.272e-09	8.494e-05	3.1126e-07	-3.1128e-07
0.27	-0.0094034	-4.0532e-09	0.0094052	3.126e-07	-3.1164e-07	-0.008715	-4.1553e-09	0.008712	3.1238e-07	-3.1156e-07	-0.0079618	-4.2687e-09	0.0079644	3.1234e-07	-3.1154e-07	-0.0071598	-4.3978e-09	0.0071594	3.1218e-07	-3.1154e-07	-0.006309	-4.5121e-09	0.0063096	3.12e-07	-3.1144e-07	-0.0053958	-4.6517e-09	0.005394	3.1198e-07	-3.1142e-07	-0.0044326	-4.7988e-09	0.0044336	3.1176e-07	-3.113e-07	-0.0034192	-4.9432e-09	0.0034192	3.116e-07	-3.1128e-07	-0.0023564	-5.0943e-09	0.0023544	3.1146e-07	-3.1126e-07	-0.0012424	-5.266e-09	0.0012432	3.1136e-07	-3.113e-07	-8.641e-05	-5.4271e-09	8.6444e-05	3.1124e-07	-3.1134e-07
0.265	-0.009636	-4.1766e-09	0.0096362	3.1254e-07	-3.117e-07	-0.0089184	-4.2807e-09	0.008918	3.124e-07	-3.1158e-07	-0.008143	-4.3994e-09	0.008143	3.1234e-07	-3.1158e-07	-0.0073144	-4.533e-09	0.0073164	3.122e-07	-3.1154e-07	-0.0064384	-4.6575e-09	0.0064398	3.1192e-07	-3.1136e-07	-0.0055014	-4.7999e-09	0.0055034	3.1196e-07	-3.1144e-07	-0.0045172	-4.9504e-09	0.0045168	3.1172e-07	-3.1138e-07	-0.0034794	-5.1033e-09	0.0034812	3.116e-07	-3.1128e-07	-0.002395	-5.2637e-09	0.0023964	3.115e-07	-3.1132e-07	-0.0012644	-5.424e-09	0.0012632	3.1142e-07	-3.1132e-07	-8.7658e-05	-5.604e-09	8.7722e-05	3.1136e-07	-3.1124e-07
0.26	-0.0098594	-4.305e-09	0.0098624	3.1258e-07	-3.1162e-07	-0.0091184	-4.4158e-09	0.009117	3.124e-07	-3.116e-07	-0.0083164	-4.5353e-09	0.008318	3.1238e-07	-3.1164e-07	-0.0074646	-4.6731e-09	0.0074626	3.1214e-07	-3.1152e-07	-0.0065622	-4.806e-09	0.0065634	3.1198e-07	-3.1138e-07	-0.005604	-4.9466e-09	0.0056042	3.119e-07	-3.1146e-07	-0.0045958	-5.106e-09	0.004598	3.1172e-07	-3.1132e-07	-0.003539	-5.2625e-09	0.0035392	3.1158e-07	-3.1138e-07	-0.002434	-5.4288e-09	0.0024342	3.1152e-07	-3.1122e-07	-0.001282	-5.6026e-09	0.001284	3.114e-07	-3.1124e-07	-8.8902e-05	-5.7759e-09	8.913e-05	3.1124e-07	-3.1126e-07
0.255	-0.0100862	-4.439e-09	0.0100848	3.1262e-07	-3.1164e-07	-0.0093172	-4.5508e-09	0.0093176	3.1244e-07	-3.1158e-07	-0.0084888	-4.6929e-09	0.008489	3.1236e-07	-3.1158e-07	-0.0076112	-4.8184e-09	0.007613	3.1212e-07	-3.1146e-07	-0.0066862	-4.9532e-09	0.0066872	3.1202e-07	-3.1134e-07	-0.005706	-5.1016e-09	0.0057068	3.119e-07	-3.1146e-07	-0.0046748	-5.2677e-09	0.0046772	3.1178e-07	-3.1134e-07	-0.0035962	-5.4173e-09	0.0035962	3.117e-07	-3.1134e-07	-0.0024712	-5.5971e-09	0.0024736	3.1152e-07	-3.113e-07	-0.001304	-5.7711e-09	0.001303	3.1146e-07	-3.1128e-07	-9.0532e-05	-5.9607e-09	9.0654e-05	3.1134e-07	-3.112e-07
0.25	-0.0103018	-4.5768e-09	0.0103018	3.1256e-07	-3.1166e-07	-0.009507	-4.6868e-09	0.0095082	3.1248e-07	-3.1166e-07	-0.008656	-4.8374e-09	0.0086538	3.1232e-07	-3.115e-07	-0.0077546	-4.972e-09	0.0077554	3.1224e-07	-3.115e-07	-0.0068056	-5.1026e-09	0.0068064	3.1196e-07	-3.1146e-07	-0.005802	-5.2573e-09	0.0058022	3.1192e-07	-3.115e-07	-0.004751	-5.4353e-09	0.0047524	3.117e-07	-3.1132e-07	-0.0036526	-5.5822e-09	0.003653	3.1164e-07	-3.1134e-07	-0.0025084	-5.774e-09	0.0025114	3.1146e-07	-3.1132e-07	-0.0013218	-5.9498e-09	0.0013216	3.1148e-07	-3.1132e-07	-9.1544e-05	-6.1389e-09	9.163e-05	3.1132e-07	-3.113e-07
0.245	-0.010516	-4.7197e-09	0.0105182	3.1262e-07	-3.1162e-07	-0.009696	-4.8379e-09	0.0096972	3.1248e-07	-3.1162e-07	-0.0088188	-4.9807e-09	0.0088196	3.1228e-07	-3.115e-07	-0.0078938	-5.1212e-09	0.0078964	3.122e-07	-3.1146e-07	-0.0069234	-5.2665e-09	0.0069242	3.12e-07	-3.1144e-07	-0.0058982	-5.4286e-09	0.0058994	3.119e-07	-3.1148e-07	-0.0048248	-5.5947e-09	0.0048258	3.1172e-07	-3.1138e-07	-0.003708	-5.7538e-09	0.0037086	3.1162e-07	-3.1134e-07	-0.0025454	-5.9449e-09	0.0025472	3.1152e-07	-3.1122e-07	-0.0013418	-6.1465e-09	0.0013398	3.1142e-07	-3.113e-07	-9.3078e-05	-6.3186e-09	9.2956e-05	3.1128e-07	-3.1122e-07
0.24	-0.010725	-4.8593e-09	0.0107248	3.1254e-07	-3.1164e-07	-0.0098802	-4.9838e-09	0.0098794	3.1244e-07	-3.1156e-07	-0.0089786	-5.1281e-09	0.0089792	3.1234e-07	-3.1154e-07	-0.00803	-5.2838e-09	0.008032	3.1206e-07	-3.1144e-07	-0.0070404	-5.4213e-09	0.0070382	3.1202e-07	-3.1134e-07	-0.005991	-5.5912e-09	0.005993	3.1194e-07	-3.1148e-07	-0.004898	-5.7703e-09	0.0048998	3.1172e-07	-3.1132e-07	-0.0037614	-5.9343e-09	0.0037638	3.1166e-07	-3.1134e-07	-0.0025806	-6.1311e-09	0.0025808	3.1154e-07	-3.1132e-07	-0.001357	-6.325e-09	0.0013562	3.1146e-07	-3.1134e-07	-9.379e-05	-6.506e-09	9.346e-05	3.1136e-07	-3.113e-07
0.235	-0.0109308	-5.0135e-09	0.010931	3.126e-07	-3.1164e-07	-0.0100614	-5.1397e-09	0.0100622	3.125e-07	-3.1166e-07	-0.0091348	-5.2859e-09	0.0091372	3.1238e-07	-3.1156e-07	-0.0081656	-5.4412e-09	0.0081658	3.1214e-07	-3.1142e-07	-0.0071506	-5.5881e-09	0.0071544	3.1196e-07	-3.1142e-07	-0.006083	-5.7563e-09	0.0060822	3.1192e-07	-3.1148e-07	-0.0049706	-5.9463e-09	0.004972	3.1176e-07	-3.1138e-07	-0.003815	-6.1223e-09	0.0038156	3.1166e-07	-3.1132e-07	-0.0026148	-6.3211e-09	0.002615	3.1148e-07	-3.1128e-07	-0.0013756	-6.5149e-09	0.0013756	3.1146e-07	-3.1132e-07	-9.5076e-05	-6.7191e-09	9.5024e-05	3.1134e-07	-3.1128e-07
0.23	-0.0111298	-5.1599e-09	0.0111302	3.126e-07	-3.1168e-07	-0.0102356	-5.2882e-09	0.0102358	3.1244e-07	-3.117e-07	-0.0092886	-5.4419e-09	0.0092888	3.123e-07	-3.1162e-07	-0.0082956	-5.601e-09	0.0082956	3.1214e-07	-3.1152e-07	-0.0072622	-5.7655e-09	0.0072626	3.1196e-07	-3.114e-07	-0.006172	-5.9282e-09	0.0061734	3.1196e-07	-3.1146e-07	-0.0050416	-6.129e-09	0.0050422	3.1182e-07	-3.1132e-07	-0.0038652	-6.3177e-09	0.0038652	3.1158e-07	-3.1124e-07	-0.0026482	-6.512e-09	0.0026514	3.1154e-07	-3.1128e-07	-0.001391	-6.7138e-09	0.0013918	3.1146e-07	-3.1132e-07	-9.6068e-05	-6.9106e-09	9.6162e-05	3.1124e-07	-3.1124e-07
0.225	-0.0113268	-5.3139e-09	0.0113286	3.1256e-07	-3.1168e-07	-0.0104098	-5.4566e-09	0.010409	3.1244e-07	-3.1158e-07	-0.0094396	-5.6139e-09	0.0094394	3.1234e-07	-3.1156e-07	-0.008424	-5.7671e-09	0.0084244	3.1214e-07	-3.115e-07	-0.007369	-5.9387e-09	0.0073708	3.1194e-07	-3.1146e-07	-0.0062598	-6.11e-09	0.0062604	3.1194e-07	-3.1142e-07	-0.0051088	-6.3159e-09	0.0051096	3.118e-07	-3.1138e-07	-0.0039166	-6.5126e-09	0.0039168	3.1154e-07	-3.1126e-07	-0.0026818	-6.7046e-09	0.002682	3.1148e-07	-3.1126e-07	-0.0014094	-6.9095e-09	0.0014088	3.1152e-07	-3.1136e-07	-9.7518e-05	-7.1143e-09	9.7614e-05	3.113e-07	-3.1132e-07
0.22	-0.011488	-5.4817e-09	0.01151	3.1256e-07	-3.1164e-07	-0.0105758	-5.6261e-09	0.010578	3.1244e-07	-3.1164e-07	-0.0095848	-5.7793e-09	0.009587	3.123e-07	-3.116e-07	-0.0085486	-5.9409e-09	0.0085476	3.1212e-07	-3.1148e-07	-0.0074722	-6.1227e-09	0.007473	3.12e-07	-3.1136e-07	-0.006345	-6.3018e-09	0.0063446	3.1192e-07	-3.1146e-07	-0.005174	-6.5095e-09	0.005175	3.118e-07	-3.1144e-07	-0.0039634	-6.7406e-09	0.0039634	3.1158e-07	-3.1132e-07	-0.0027116	-6.9034e-09	0.0027138	3.1152e-07	-3.1126e-07	-0.0014244	-7.0797e-09	0.0014244	3.1148e-07	-3.1138e-07	-9.8676e-05	-7.3308e-09	9.8332e-05	3.1128e-07	-3.1126e-07
0.215	-0.01168	-5.634e-09	0.011704	3.1262e-07	-3.1166e-07	-0.0107414	-5.804e-09	0.010744	3.1242e-07	-3.116e-07	-0.0097294	-5.9694e-09	0.0097292	3.1232e-07	-3.1156e-07	-0.0086724	-6.1363e-09	0.0086728	3.121e-07	-3.114e-07	-0.007577	-6.3117e-09	0.0075782	3.1196e-07	-3.1146e-07	-0.0064286	-6.4912e-09	0.0064278	3.1194e-07	-3.1144e-07	-0.0052414	-6.6995e-09	0.0052392	3.1186e-07	-3.1138e-07	-0.0040124	-6.8992e-09	0.0040136	3.116e-07	-3.1142e-07	-0.0027448	-7.111e-09	0.0027446	3.1148e-07	-3.1122e-07	-0.0014388	-7.3165e-09	0.0014404	3.1144e-07	-3.1136e-07	-9.9588e-05	-7.5493e-09	9.9664e-05	3.113e-07	-3.1128e-07
0.21	-0.011864	-5.8067e-09	0.011882	3.1262e-07	-3.1166e-07	-0.0109022	-5.9718e-09	0.0109032	3.125e-07	-3.1166e-07	-0.0098676	-6.1441e-09	0.0098666	3.1234e-07	-3.1156e-07	-0.0087898	-6.3113e-09	0.0087896	3.1214e-07	-3.1146e-07	-0.0076736	-6.5071e-09	0.007675	3.12e-07	-3.1146e-07	-0.0065112	-6.6839e-09	0.0065084	3.119e-07	-3.1142e-07	-0.0053044	-6.9084e-09	0.0053042	3.1184e-07	-3.114e-07	-0.004058	-7.1081e-09	0.0040592	3.1158e-07	-3.1132e-07	-0.0027778	-7.323e-09	0.0027758	3.1154e-07	-3.1134e-07	-0.0014566	-7.5288e-09	0.001454	3.1148e-07	-3.1134e-07	-0.000100804	-7.7705e-09	0.000100524	3.1136e-07	-3.1128e-07
0.205	-0.012044	-5.9846e-09	0.01206	3.1256e-07	-3.1164e-07	-0.0110608	-6.1437e-09	0.0110624	3.1256e-07	-3.117e-07	-0.0100046	-6.3304e-09	0.0100042	3.1234e-07	-3.1154e-07	-0.0089078	-6.5082e-09	0.0089056	3.1208e-07	-3.1144e-07	-0.007773	-6.7027e-09	0.007773	3.12e-07	-3.114e-07	-0.0065886	-6.8846e-09	0.0065892	3.1188e-07	-3.114e-07	-0.0053654	-7.1081e-09	0.0053646	3.1184e-07	-3.1146e-07	-0.0041042	-7.3259e-09	0.0041052	3.116e-07	-3.1122e-07	-0.0028052	-7.522e-09	0.002807	3.1152e-07	-3.113e-07	-0.001471	-7.7501e-09	0.0014716	3.1144e-07	-3.1136e-07	-0.000101764	-7.9787e-09	0.000101898	3.1136e-07	-3.1126e-07
0.2	-0.012214	-6.1548e-09	0.012236	3.126e-07	-3.1174e-07	-0.0112126	-6.3253e-09	0.011213	3.1248e-07	-3.117e-07	-0.0101374	-6.5163e-09	0.0101372	3.1236e-07	-3.1164e-07	-0.0090192	-6.6893e-09	0.0090178	3.1206e-07	-3.1144e-07	-0.0078648	-6.9034e-09	0.0078662	3.119e-07	-3.114e-07	-0.0066642	-7.09e-09	0.0066648	3.1188e-07	-3.1138e-07	-0.005424	-7.3195e-09	0.0054276	3.118e-07	-3.114e-07	-0.0041492	-7.5417e-09	0.0041492	3.116e-07	-3.1132e-07	-0.0028342	-7.739e-09	0.0028348	3.1154e-07	-3.1136e-07	-0.001484	-7.9783e-09	0.0014852	3.1144e-07	-3.114e-07	-0.000102386	-8.2125e-09	0.000102194	3.113e-07	-3.1128e-07
0.195	-0.012386	-6.3382e-09	0.01241	3.126e-07	-3.1168e-07	-0.0113626	-6.5167e-09	0.011363	3.125e-07	-3.1164e-07	-0.010268	-6.7175e-09	0.010267	3.123e-07	-3.1158e-07	-0.00913	-6.8868e-09	0.009132	3.1206e-07	-3.1138e-07	-0.0079606	-7.1045e-09	0.0079606	3.1196e-07	-3.1138e-07	-0.006738	-7.3033e-09	0.0067416	3.1188e-07	-3.114e-07	-0.0054828	-7.5386e-09	0.0054854	3.1182e-07	-3.1136e-07	-0.0041902	-7.7615e-09	0.004191	3.1166e-07	-3.1132e-07	-0.0028632	-7.9886e-09	0.0028614	3.1148e-07	-3.1128e-07	-0.001499	-8.2245e-09	0.0014998	3.1148e-07	-3.1132e-07	-0.000102988	-8.4661e-09	0.000103288	3.1128e-07	-3.1132e-07
0.19	-0.012556	-6.5209e-09	0.012574	3.1262e-07	-3.1168e-07	-0.011484	-6.7074e-09	0.011506	3.1248e-07	-3.1174e-07	-0.0103928	-6.91e-09	0.0103934	3.1238e-07	-3.1164e-07	-0.0092402	-7.0983e-09	0.009237	3.1214e-07	-3.1146e-07	-0.0080494	-7.3155e-09	0.0080488	3.1196e-07	-3.114e-07	-0.0068138	-7.5233e-09	0.0068152	3.1188e-07	-3.1132e-07	-0.0055422	-7.7659e-09	0.005541	3.1182e-07	-3.114e-07	-0.0042342	-7.9922e-09	0.0042322	3.1172e-07	-3.1136e-07	-0.0028886	-8.2185e-09	0.002892	3.115e-07	-3.1128e-07	-0.0015136	-8.4564e-09	0.0015138	3.1152e-07	-3.113e-07	-0.000104248	-8.714e-09	0.000104462	3.1136e-07	-3.1126e-07
0.185	-0.012718	-6.7172e-09	0.012742	3.1256e-07	-3.1164e-07	-0.011626	-6.9085e-09	0.011652	3.1244e-07	-3.1166e-07	-0.0105176	-7.1184e-09	0.0105186	3.1236e-07	-3.1158e-07	-0.0093424	-7.3159e-09	0.009345	3.1208e-07	-3.114e-07	-0.0081396	-7.5318e-09	0.0081396	3.1196e-07	-3.1146e-07	-0.006884	-7.7483e-09	0.006886	3.1188e-07	-3.1132e-07	-0.0055968	-7.9896e-09	0.0055974	3.1172e-07	-3.1138e-07	-0.004275	-8.2187e-09	0.0042742	3.1172e-07	-3.1138e-07	-0.0029174	-8.456e-09	0.0029178	3.1154e-07	-3.1126e-07	-0.0015278	-8.7018e-09	0.0015272	3.115e-07	-3.1134e-07	-0.000105328	-8.9752e-09	0.000105476	3.1124e-07	-3.1126e-07
0.18	-0.012876	-6.9176e-09	0.0129	3.1258e-07	-3.117e-07	-0.011764	-7.1115e-09	0.011788	3.1246e-07	-3.116e-07	-0.010639	-7.3288e-09	0.0106408	3.1232e-07	-3.1162e-07	-0.0094482	-7.5372e-09	0.0094446	3.1206e-07	-3.1146e-07	-0.008226	-7.7468e-09	0.0082246	3.12e-07	-3.1144e-07	-0.0069536	-7.9707e-09	0.0069534	3.1182e-07	-3.1138e-07	-0.0056512	-8.2089e-09	0.0056528	3.1176e-07	-3.1132e-07	-0.0043134	-8.4563e-09	0.0043146	3.1166e-07	-3.1134e-07	-0.0029424	-8.6977e-09	0.0029428	3.1146e-07	-3.1132e-07	-0.0015392	-8.9682e-09	0.0015402	3.114e-07	-3.1134e-07	-0.000106446	-9.2283e-09	0.000106356	3.112e-07	-3.1122e-07
0.175	-0.01303	-7.1271e-09	0.013052	3.1258e-07	-3.1168e-07	-0.011902	-7.3195e-09	0.011926	3.1244e-07	-3.117e-07	-0.0107564	-7.5453e-09	0.0107578	3.1232e-07	-3.1158e-07	-0.0095494	-7.7577e-09	0.00955	3.1206e-07	-3.1144e-07	-0.0083096	-7.9747e-09	0.0083082	3.12e-07	-3.114e-07	-0.0070232	-8.2175e-09	0.0070236	3.118e-07	-3.1132e-07	-0.0057056	-8.4431e-09	0.0057044	3.1176e-07	-3.114e-07	-0.0043542	-8.6901e-09	0.0043546	3.1166e-07	-3.1138e-07	-0.0029672	-8.9254e-09	0.0029672	3.1146e-07	-3.1128e-07	-0.001552	-9.2324e-09	0.0015538	3.1142e-07	-3.1138e-07	-0.000106886	-9.5293e-09	0.000107222	3.1134e-07	-3.1126e-07
0.17	-0.013182	-7.3227e-09	0.013204	3.125e-07	-3.1168e-07	-0.012032	-7.5333e-09	0.012058	3.1248e-07	-3.1168e-07	-0.0108718	-7.7649e-09	0.0108734	3.1236e-07	-3.115e-07	-0.0096462	-7.9832e-09	0.0096446	3.1214e-07	-3.114e-07	-0.0083886	-8.209e-09	0.0083908	3.1202e-07	-3.1146e-07	-0.007091	-8.4497e-09	0.0070924	3.1188e-07	-3.1142e-07	-0.0057584	-8.6683e-09	0.0057564	3.1182e-07	-3.1138e-07	-0.0043928	-8.9434e-09	0.004391	3.1166e-07	-3.1136e-07	-0.0029922	-9.1783e-09	0.002993	3.1152e-07	-3.1128e-07	-0.0015662	-9.4756e-09	0.0015656	3.1148e-07	-3.1134e-07	-0.000108138	-9.7626e-09	0.000108152	3.1132e-07	-3.1126e-07
0.165	-0.013328	-7.5362e-09	0.01335	3.1256e-07	-3.1168e-07	-0.012164	-7.7593e-09	0.012188	3.1248e-07	-3.1168e-07	-0.0109812	-7.9841e-09	0.0109832	3.1236e-07	-3.1158e-07	-0.0097392	-8.2097e-09	0.00974	3.1212e-07	-3.1142e-07	-0.0084694	-8.4477e-09	0.0084712	3.1196e-07	-3.114e-07	-0.0071536	-8.6992e-09	0.0071544	3.1184e-07	-3.1138e-07	-0.005808	-8.9456e-09	0.0058072	3.1176e-07	-3.1132e-07	-0.0044274	-9.1944e-09	0.004429	3.1172e-07	-3.114e-07	-0.0030182	-9.4384e-09	0.0030178	3.115e-07	-3.1134e-07	-0.0015778	-9.7439e-09	0.0015792	3.1148e-07	-3.1126e-07	-0.000108538	-1.00383e-08	0.000108682	3.1126e-07	-3.113e-07
0.16	-0.013476	-7.7768e-09	0.013496	3.1254e-07	-3.1174e-07	-0.012292	-8.0062e-09	0.01231	3.1242e-07	-3.117e-07	-0.0110952	-8.2171e-09	0.0110942	3.1232e-07	-3.116e-07	-0.0098352	-8.445e-09	0.009833	3.1206e-07	-3.1146e-07	-0.0085486	-8.6943e-09	0.0085512	3.1206e-07	-3.1144e-07	-0.007219	-8.9208e-09	0.007219	3.1182e-07	-3.1134e-07	-0.0058564	-9.1998e-09	0.0058588	3.1176e-07	-3.1142e-07	-0.004464	-9.462e-09	0.004463	3.1164e-07	-3.113e-07	-0.0030412	-9.7451e-09	0.0030416	3.115e-07	-3.1134e-07	-0.0015884	-1.00622e-08	0.0015888	3.1146e-07	-3.1132e-07	-0.000109008	-1.03233e-08	0.000109274	3.113e-07	-3.1128e-07
0.155	-0.013614	-7.9917e-09	0.013636	3.1262e-07	-3.1168e-07	-0.012414	-8.2192e-09	0.012434	3.1244e-07	-3.117e-07	-0.0111986	-8.4609e-09	0.0111986	3.1232e-07	-3.116e-07	-0.0099226	-8.6822e-09	0.009922	3.1204e-07	-3.1146e-07	-0.008624	-8.9346e-09	0.0086238	3.12e-07	-3.1142e-07	-0.0072792	-9.1638e-09	0.0072826	3.1182e-07	-3.1134e-07	-0.005905	-9.447e-09	0.005907	3.1182e-07	-3.1138e-07	-0.004499	-9.7283e-09	0.0045002	3.117e-07	-3.1136e-07	-0.0030682	-9.9992e-09	0.003065	3.1148e-07	-3.1132e-07	-0.0015994	-1.03032e-08	0.0015988	3.1138e-07	-3.1132e-07	-0.000110426	-1.05743e-08	0.000110428	3.1128e-07	-3.1128e-07
0.15	-0.013752	-8.2002e-09	0.01378	3.126e-07	-3.1162e-07	-0.012532	-8.4537e-09	0.012554	3.1248e-07	-3.1164e-07	-0.011304	-8.6919e-09	0.0113042	3.1226e-07	-3.1164e-07	-0.0100122	-8.9211e-09	0.0100118	3.1208e-07	-3.1146e-07	-0.0087006	-9.1805e-09	0.0086998	3.12e-07	-3.114e-07	-0.0073394	-9.4202e-09	0.0073404	3.1182e-07	-3.1134e-07	-0.0059508	-9.765e-09	0.0059524	3.118e-07	-3.1134e-07	-0.0045344	-1.0001e-08	0.004535	3.117e-07	-3.114e-07	-0.0030886	-1.02739e-08	0.0030874	3.1156e-07	-3.1128e-07	-0.0016108	-1.05941e-08	0.0016118	3.1134e-07	-3.1122e-07	-0.000111264	-1.08718e-08	0.000111066	3.1128e-07	-3.1128e-07
0.145	-0.013886	-8.4361e-09	0.01391	3.1254e-07	-3.117e-07	-0.012646	-8.6843e-09	0.01267	3.1244e-07	-3.1168e-07	-0.0114076	-8.9308e-09	0.0114058	3.123e-07	-3.1154e-07	-0.0100984	-9.1839e-09	0.0100994	3.121e-07	-3.1148e-07	-0.0087696	-9.4294e-09	0.0087712	3.12e-07	-3.1146e-07	-0.0073998	-9.6949e-09	0.0073996	3.1182e-07	-3.1138e-07	-0.005998	-9.9965e-09	0.006	3.1176e-07	-3.1138e-07	-0.004569	-1.02819e-08	0.0045674	3.1166e-07	-3.1138e-07	-0.0031074	-1.05746e-08	0.0031102	3.1154e-07	-3.113e-07	-0.0016246	-1.08813e-08	0.001621	3.1136e-07	-3.1128e-07	-0.000111794	-1.11708e-08	0.000112116	3.113e-07	-3.1124e-07
0.14	-0.01402	-8.6899e-09	0.014042	3.1254e-07	-3.1166e-07	-0.012768	-8.9363e-09	0.01279	3.125e-07	-3.116e-07	-0.011478	-9.1849e-09	0.011502	3.1234e-07	-3.1156e-07	-0.0101856	-9.4451e-09	0.010189	3.1212e-07	-3.1146e-07	-0.008844	-9.6778e-09	0.0088404	3.1194e-07	-3.1146e-07	-0.0074552	-1.00019e-08	0.0074584	3.118e-07	-3.114e-07	-0.006043	-1.0286e-08	0.0060446	3.1176e-07	-3.1138e-07	-0.0046008	-1.05664e-08	0.0045998	3.117e-07	-3.1138e-07	-0.0031302	-1.0867e-08	0.003133	3.1148e-07	-3.113e-07	-0.001633	-1.11871e-08	0.001637	3.1138e-07	-3.1132e-07	-0.000112646	-1.1479e-08	0.000112808	3.112e-07	-3.1122e-07
0.135	-0.014146	-8.9351e-09	0.014166	3.1254e-07	-3.1166e-07	-0.012876	-9.1876e-09	0.012898	3.1244e-07	-3.1164e-07	-0.011578	-9.4886e-09	0.011596	3.123e-07	-3.1162e-07	-0.010266	-9.706e-09	0.0102678	3.1212e-07	-3.115e-07	-0.0089114	-9.956e-09	0.0089124	3.12e-07	-3.114e-07	-0.0075126	-1.02584e-08	0.0075106	3.118e-07	-3.114e-07	-0.0060856	-1.05521e-08	0.0060892	3.1174e-07	-3.114e-07	-0.0046326	-1.08617e-08	0.004633	3.1164e-07	-3.1138e-07	-0.0031522	-1.11336e-08	0.0031538	3.1152e-07	-3.1134e-07	-0.0016414	-1.1494e-08	0.0016464	3.114e-07	-3.1128e-07	-0.00011267	-1.1784e-08	0.000113194	3.1134e-07	-3.1132e-07
0.13	-0.01427	-9.1804e-09	0.014292	3.1254e-07	-3.1174e-07	-0.012988	-9.449e-09	0.013012	3.1244e-07	-3.1168e-07	-0.011672	-9.7207e-09	0.011692	3.1224e-07	-3.1156e-07	-0.010348	-9.9829e-09	0.0103476	3.1212e-07	-3.115e-07	-0.0089786	-1.02334e-08	0.0089784	3.1198e-07	-3.114e-07	-0.0075688	-1.05462e-08	0.007568	3.1182e-07	-3.1132e-07	-0.0061294	-1.08536e-08	0.0061302	3.1176e-07	-3.114e-07	-0.0046662	-1.11594e-08	0.0046666	3.1168e-07	-3.114e-07	-0.0031712	-1.14505e-08	0.0031736	3.1146e-07	-3.1122e-07	-0.0016556	-1.17628e-08	0.0016552	3.1132e-07	-3.1126e-07	-0.000113754	-1.21352e-08	0.000113886	3.1136e-07	-3.1132e-07
0.125	-0.014392	-9.4253e-09	0.014416	3.1256e-07	-3.1174e-07	-0.013096	-9.7029e-09	0.013116	3.1244e-07	-3.1164e-07	-0.011764	-9.982e-09	0.011788	3.1232e-07	-3.1156e-07	-0.0104284	-1.02615e-08	0.0104274	3.1212e-07	-3.1152e-07	-0.0090442	-1.05077e-08	0.0090448	3.12e-07	-3.1138e-07	-0.0076204	-1.08392e-08	0.0076202	3.1184e-07	-3.1134e-07	-0.0061714	-1.11382e-08	0.0061738	3.1176e-07	-3.1138e-07	-0.0046936	-1.14661e-08	0.0046948	3.1166e-07	-3.1136e-07	-0.003193	-1.17816e-08	0.0031954	3.1146e-07	-3.1122e-07	-0.0016672	-1.20958e-08	0.0016656	3.1138e-07	-3.1128e-07	-0.000114228	-1.2443e-08	0.000114786	3.1132e-07	-3.1132e-07
0.12	-0.014512	-9.6917e-09	0.014534	3.1258e-07	-3.1168e-07	-0.013194	-9.9789e-09	0.01322	3.1246e-07	-3.117e-07	-0.011854	-1.02554e-08	0.01188	3.1236e-07	-3.1162e-07	-0.0105036	-1.05354e-08	0.0105052	3.1202e-07	-3.115e-07	-0.0091096	-1.08047e-08	0.0091102	3.1196e-07	-3.1146e-07	-0.0076742	-1.11376e-08	0.0076752	3.1188e-07	-3.113e-07	-0.006212	-1.14473e-08	0.0062118	3.1174e-07	-3.1136e-07	-0.0047262	-1.17652e-08	0.0047274	3.1162e-07	-3.1142e-07	-0.0032144	-1.21098e-08	0.0032134	3.1146e-07	-3.112e-07	-0.0016744	-1.24812e-08	0.001675	3.1138e-07	-3.1136e-07	-0.000114988	-1.27998e-08	0.000115006	3.1134e-07	-3.1128e-07
0.115	-0.014626	-9.9612e-09	0.014648	3.1256e-07	-3.1164e-07	-0.013302	-1.02387e-08	0.013324	3.1246e-07	-3.117e-07	-0.011944	-1.05568e-08	0.011966	3.123e-07	-3.116e-07	-0.0105794	-1.08221e-08	0.0105782	3.1214e-07	-3.1146e-07	-0.0091738	-1.11368e-08	0.009173	3.1196e-07	-3.114e-07	-0.0077234	-1.14383e-08	0.0077244	3.1182e-07	-3.1138e-07	-0.0062552	-1.17586e-08	0.0062542	3.1172e-07	-3.1134e-07	-0.0047542	-1.2077e-08	0.0047538	3.1166e-07	-3.1136e-07	-0.0032314	-1.23944e-08	0.0032334	3.1152e-07	-3.1126e-07	-0.0016834	-1.27738e-08	0.0016856	3.1146e-07	-3.1132e-07	-0.000114992	-1.31288e-08	0.000115006	3.1128e-07	-3.1128e-07
0.11	-0.014742	-1.02566e-08	0.014762	3.1254e-07	-3.117e-07	-0.0134	-1.052e-08	0.013422	3.1242e-07	-3.1174e-07	-0.012028	-1.08296e-08	0.012052	3.1234e-07	-3.1156e-07	-0.0106506	-1.1144e-08	0.0106548	3.1212e-07	-3.1146e-07	-0.009233	-1.14323e-08	0.0092358	3.1188e-07	-3.1136e-07	-0.0077734	-1.17452e-08	0.007778	3.1186e-07	-3.1136e-07	-0.0062918	-1.20434e-08	0.0062916	3.1178e-07	-3.114e-07	-0.0047826	-1.24164e-08	0.0047842	3.1172e-07	-3.114e-07	-0.003252	-1.2727e-08	0.0032518	3.1148e-07	-3.1128e-07	-0.0016922	-1.31158e-08	0.0016952	3.1142e-07	-3.1134e-07	-0.000114992	-1.34908e-08	0.000115006	3.113e-07	-3.1132e-07
0.105	-0.01485	-1.05416e-08	0.014876	3.1262e-07	-3.117e-07	-0.013498	-1.07945e-08	0.013522	3.1242e-07	-3.1166e-07	-0.012114	-1.11336e-08	0.012136	3.1234e-07	-3.1156e-07	-0.0107238	-1.14292e-08	0.0107242	3.1208e-07	-3.1146e-07	-0.0092922	-1.17348e-08	0.0092954	3.1188e-07	-3.114e-07	-0.0078234	-1.20584e-08	0.0078258	3.1182e-07	-3.1136e-07	-0.0063314	-1.2373e-08	0.0063322	3.117e-07	-3.1138e-07	-0.004811	-1.274e-08	0.0048128	3.1172e-07	-3.114e-07	-0.00327	-1.30626e-08	0.003269	3.1144e-07	-3.1122e-07	-0.0017064	-1.34682e-08	0.0017048	3.114e-07	-3.1132e-07	-0.000114988	-1.384e-08	0.00011752	3.1124e-07	-3.1128e-07
0.1	-0.01496	-1.08562e-08	0.014984	3.1252e-07	-3.1168e-07	-0.013596	-1.11066e-08	0.013614	3.1254e-07	-3.1164e-07	-0.012192	-1.1431e-08	0.012214	3.1236e-07	-3.1158e-07	-0.010794	-1.17292e-08	0.0107956	3.1206e-07	-3.1146e-07	-0.0093546	-1.20318e-08	0.0093514	3.1196e-07	-3.114e-07	-0.0078716	-1.23926e-08	0.0078716	3.1182e-07	-3.1136e-07	-0.0063688	-1.27086e-08	0.0063696	3.1172e-07	-3.1138e-07	-0.0048378	-1.30862e-08	0.004838	3.1164e-07	-3.1136e-07	-0.0032858	-1.34498e-08	0.0032892	3.1148e-07	-3.1126e-07	-0.0017132	-1.38328e-08	0.001715	3.1152e-07	-3.1138e-07	-0.00012122	-1.4186e-08	0.00012064	3.1128e-07	-3.1128e-07
0.095	-0.015066	-1.11141e-08	0.015092	3.1264e-07	-3.1176e-07	-0.013686	-1.14236e-08	0.013708	3.124e-07	-3.1164e-07	-0.012278	-1.17268e-08	0.012296	3.1226e-07	-3.116e-07	-0.0108608	-1.2048e-08	0.0108626	3.121e-07	-3.115e-07	-0.009411	-1.23546e-08	0.009408	3.1196e-07	-3.1148e-07	-0.0079186	-1.27178e-08	0.0079178	3.118e-07	-3.1134e-07	-0.0064048	-1.30784e-08	0.0064046	3.1176e-07	-3.1134e-07	-0.004867	-1.34338e-08	0.0048662	3.1166e-07	-3.1146e-07	-0.0033044	-1.37736e-08	0.0033054	3.1152e-07	-3.1128e-07	-0.0017212	-1.41892e-08	0.0017212	3.1146e-07	-3.1134e-07	-0.00012126	-1.45494e-08	0.00011974	3.1132e-07	-3.113e-07
0.09	-0.015174	-1.1428e-08	0.015192	3.126e-07	-3.117e-07	-0.01378	-1.17234e-08	0.0138	3.1246e-07	-3.1164e-07	-0.012358	-1.20518e-08	0.012378	3.1232e-07	-3.1162e-07	-0.0109302	-1.23672e-08	0.0109306	3.1212e-07	-3.115e-07	-0.0094658	-1.27032e-08	0.009467	3.1194e-07	-3.1134e-07	-0.0079662	-1.30666e-08	0.0079616	3.1178e-07	-3.113e-07	-0.006439	-1.34288e-08	0.0064364	3.1172e-07	-3.1132e-07	-0.0048904	-1.3791e-08	0.0048932	3.1166e-07	-3.1142e-07	-0.0033198	-1.4136e-08	0.0033236	3.1152e-07	-3.1128e-07	-0.0017312	-1.457e-08	0.0017322	3.1142e-07	-3.1128e-07	-0.00012002	-1.4936e-08	0.0001237	3.1124e-07	-3.1128e-07
0.085	-0.015274	-1.17302e-08	0.015292	3.126e-07	-3.1172e-07	-0.013864	-1.20408e-08	0.013892	3.1242e-07	-3.1152e-07	-0.012436	-1.23722e-08	0.01245	3.1224e-07	-3.1156e-07	-0.0109974	-1.27504e-08	0.010995	3.1208e-07	-3.1146e-07	-0.009519	-1.30244e-08	0.0095196	3.1194e-07	-3.1134e-07	-0.0080082	-1.33992e-08	0.0080064	3.1176e-07	-3.1136e-07	-0.0064738	-1.37816e-08	0.0064754	3.1186e-07	-3.1136e-07	-0.0049144	-1.41624e-08	0.0049154	3.1166e-07	-3.1134e-07	-0.0033368	-1.45094e-08	0.0033402	3.1152e-07	-3.1132e-07	-0.0017404	-1.49506e-08	0.0017394	3.114e-07	-3.1126e-07	-0.00012104	-1.53514e-08	0.00012006	3.113e-07	-3.1122e-07
0.08	-0.015368	-1.20472e-08	0.015392	3.1252e-07	-3.1168e-07	-0.013954	-1.23784e-08	0.013968	3.1236e-07	-3.1162e-07	-0.012506	-1.2701e-08	0.012528	3.1228e-07	-3.1154e-07	-0.01106	-1.30386e-08	0.0110616	3.121e-07	-3.1154e-07	-0.0095704	-1.33782e-08	0.0095748	3.1198e-07	-3.114e-07	-0.0080494	-1.37882e-08	0.0080532	3.119e-07	-3.1138e-07	-0.0065066	-1.41494e-08	0.0065092	3.1178e-07	-3.1142e-07	-0.0049408	-1.45388e-08	0.0049418	3.1166e-07	-3.1136e-07	-0.0033556	-1.48956e-08	0.0033564	3.1152e-07	-3.1132e-07	-0.0017486	-1.5349e-08	0.001747	3.1142e-07	-3.113e-07	-0.00012068	-1.57598e-08	0.00012168	3.1134e-07	-3.1132e-07
0.075	-0.015462	-1.23656e-08	0.015492	3.126e-07	-3.1168e-07	-0.014034	-1.26934e-08	0.014062	3.1248e-07	-3.1168e-07	-0.012578	-1.30406e-08	0.012598	3.123e-07	-3.1162e-07	-0.0111216	-1.3378e-08	0.0111218	3.1206e-07	-3.1152e-07	-0.0096254	-1.3721e-08	0.0096258	3.1198e-07	-3.1142e-07	-0.0080926	-1.4127e-08	0.0080942	3.1178e-07	-3.1132e-07	-0.006539	-1.45162e-08	0.0065396	3.1178e-07	-3.1146e-07	-0.004966	-1.49126e-08	0.0049654	3.1166e-07	-3.114e-07	-0.0033696	-1.52836e-08	0.003371	3.1154e-07	-3.1128e-07	-0.0017552	-1.57386e-08	0.001756	3.1142e-07	-3.1132e-07	-0.00012076	-1.61764e-08	0.0001218	3.113e-07	-3.113e-07
0.07	-0.015562	-1.27458e-08	0.015582	3.126e-07	-3.1174e-07	-0.01412	-1.30522e-08	0.014136	3.124e-07	-3.1166e-07	-0.01265	-1.3354e-08	0.01267	3.1228e-07	-3.1164e-07	-0.0111836	-1.37524e-08	0.0111832	3.1208e-07	-3.1146e-07	-0.0096768	-1.40964e-08	0.0096786	3.1194e-07	-3.1132e-07	-0.0081338	-1.4499e-08	0.0081342	3.1184e-07	-3.1138e-07	-0.0065748	-1.48982e-08	0.0065728	3.1184e-07	-3.1148e-07	-0.0049892	-1.53062e-08	0.0049894	3.117e-07	-3.1144e-07	-0.003385	-1.57252e-08	0.003386	3.1146e-07	-3.1126e-07	-0.0017628	-1.61514e-08	0.0017646	3.1142e-07	-3.1126e-07	-0.0001209	-1.65876e-08	0.00012356	3.1136e-07	-3.1126e-07
0.065	-0.015654	-1.30802e-08	0.015676	3.1256e-07	-3.1166e-07	-0.014196	-1.3379e-08	0.014222	3.1244e-07	-3.1164e-07	-0.01272	-1.37506e-08	0.01274	3.1232e-07	-3.116e-07	-0.0112408	-1.4146e-08	0.0112404	3.1206e-07	-3.1146e-07	-0.0097252	-1.4461e-08	0.0097266	3.1192e-07	-3.114e-07	-0.0081756	-1.48792e-08	0.0081776	3.118e-07	-3.1132e-07	-0.0066066	-1.52924e-08	0.0066016	3.1178e-07	-3.1144e-07	-0.0050124	-1.56968e-08	0.0050138	3.1172e-07	-3.1136e-07	-0.0034	-1.6128e-08	0.0034012	3.1146e-07	-3.1126e-07	-0.0017706	-1.65292e-08	0.0017726	3.1142e-07	-3.1128e-07	-0.00012206	-1.70578e-08	0.00012412	3.1128e-07	-3.1128e-07
0.06	-0.015742	-1.33828e-08	0.015764	3.1256e-07	-3.1168e-07	-0.014278	-1.37334e-08	0.014298	3.1244e-07	-3.1162e-07	-0.012788	-1.41274e-08	0.012812	3.123e-07	-3.1158e-07	-0.0113012	-1.44712e-08	0.011302	3.1214e-07	-3.1146e-07	-0.009773	-1.48316e-08	0.0097768	3.1194e-07	-3.114e-07	-0.0082146	-1.5273e-08	0.008215	3.1188e-07	-3.1134e-07	-0.006635	-1.56934e-08	0.006635	3.118e-07	-3.1142e-07	-0.005035	-1.6104e-08	0.0050362	3.1164e-07	-3.1144e-07	-0.0034154	-1.65718e-08	0.0034176	3.1148e-07	-3.1138e-07	-0.0017786	-1.696e-08	0.0017788	3.1142e-07	-3.113e-07	-0.00012172	-1.7438e-08	0.00012434	3.1136e-07	-3.1122e-07
0.055	-0.015834	-1.37034e-08	0.015854	3.1254e-07	-3.1168e-07	-0.014358	-1.40894e-08	0.014374	3.1244e-07	-3.1172e-07	-0.012856	-1.45048e-08	0.012876	3.1226e-07	-3.1162e-07	-0.0113568	-1.48672e-08	0.0113568	3.1208e-07	-3.1144e-07	-0.0098228	-1.52526e-08	0.0098236	3.1196e-07	-3.114e-07	-0.0082532	-1.56612e-08	0.0082564	3.1184e-07	-3.1138e-07	-0.0066652	-1.61406e-08	0.0066642	3.1176e-07	-3.114e-07	-0.0050584	-1.65454e-08	0.0050578	3.1164e-07	-3.1136e-07	-0.003431	-1.69606e-08	0.0034316	3.1152e-07	-3.1122e-07	-0.001784	-1.74318e-08	0.0017854	3.1142e-07	-3.1122e-07	-0.00012394	-1.78958e-08	0.0001222	3.1128e-07	-3.1126e-07
0.05	-0.015918	-1.40624e-08	0.015934	3.126e-07	-3.117e-07	-0.014432	-1.45082e-08	0.014452	3.1244e-07	-3.1168e-07	-0.01292	-1.48336e-08	0.01294	3.1228e-07	-3.1156e-07	-0.0114116	-1.52402e-08	0.011411	3.1208e-07	-3.1144e-07	-0.009868	-1.56546e-08	0.0098698	3.1196e-07	-3.114e-07	-0.0082894	-1.60762e-08	0.0082898	3.1176e-07	-3.1134e-07	-0.0066942	-1.65474e-08	0.0066968	3.1178e-07	-3.1146e-07	-0.0050804	-1.6946e-08	0.005079	3.1162e-07	-3.1138e-07	-0.0034454	-1.73904e-08	0.0034462	3.1146e-07	-3.1124e-07	-0.0017906	-1.78814e-08	0.0017914	3.1142e-07	-3.1134e-07	-0.00012448	-1.83402e-08	0.00012444	3.1132e-07	-3.1126e-07
0.045	-0.016	-1.443e-08	0.016022	3.1248e-07	-3.1168e-07	-0.014504	-1.48444e-08	0.014528	3.125e-07	-3.1166e-07	-0.01298	-1.5224e-08	0.013002	3.1226e-07	-3.1156e-07	-0.0114658	-1.56388e-08	0.0114664	3.1206e-07	-3.1144e-07	-0.0099126	-1.60998e-08	0.0099148	3.12e-07	-3.115e-07	-0.0083286	-1.64812e-08	0.0083286	3.1182e-07	-3.1128e-07	-0.0067246	-1.6977e-08	0.0067264	3.1172e-07	-3.1152e-07	-0.0051018	-1.7382e-08	0.0051014	3.1168e-07	-3.1138e-07	-0.0034596	-1.78314e-08	0.003459	3.1146e-07	-3.1126e-07	-0.0018008	-1.83336e-08	0.0018016	3.114e-07	-3.1134e-07	-0.00012532	-1.8837e-08	0.0001267	3.1132e-07	-3.1128e-07
0.04	-0.01608	-1.48152e-08	0.0161	3.125e-07	-3.1164e-07	-0.014574	-1.52216e-08	0.014596	3.125e-07	-3.1164e-07	-0.013046	-1.56136e-08	0.013068	3.1236e-07	-3.1162e-07	-0.0115	-1.6083e-08	0.011514	3.1208e-07	-3.1142e-07	-0.0099598	-1.64836e-08	0.0099586	3.12e-07	-3.1148e-07	-0.0083642	-1.69036e-08	0.0083652	3.1184e-07	-3.114e-07	-0.006753	-1.74052e-08	0.0067502	3.1178e-07	-3.1144e-07	-0.005122	-1.77866e-08	0.0051214	3.117e-07	-3.1136e-07	-0.003472	-1.83272e-08	0.0034716	3.1146e-07	-3.1124e-07	-0.0018054	-1.87846e-08	0.0018058	3.1136e-07	-3.112e-07	-0.00012682	-1.92766e-08	0.00012396	3.1134e-07	-3.1134e-07
0.035	-0.016162	-1.52132e-08	0.016184	3.1256e-07	-3.117e-07	-0.014648	-1.5668e-08	0.01467	3.1244e-07	-3.1164e-07	-0.013106	-1.60224e-08	0.01313	3.1228e-07	-3.1158e-07	-0.011546	-1.64416e-08	0.011568	3.1206e-07	-3.1144e-07	-0.0100004	-1.69072e-08	0.0100036	3.1196e-07	-3.1144e-07	-0.0084006	-1.7339e-08	0.0083988	3.1184e-07	-3.1138e-07	-0.0067782	-1.78084e-08	0.0067808	3.1182e-07	-3.1144e-07	-0.0051412	-1.827e-08	0.0051448	3.1166e-07	-3.1138e-07	-0.0034856	-1.88002e-08	0.0034842	3.115e-07	-3.1122e-07	-0.0018128	-1.9271e-08	0.0018144	3.1142e-07	-3.1128e-07	-0.00012298	-1.97744e-08	0.00012532	3.113e-07	-3.1128e-07
0.03	-0.016238	-1.5616e-08	0.01626	3.126e-07	-3.117e-07	-0.014712	-1.6028e-08	0.014738	3.125e-07	-3.1164e-07	-0.013166	-1.64392e-08	0.013186	3.123e-07	-3.1164e-07	-0.011598	-1.6889e-08	0.01162	3.1208e-07	-3.1146e-07	-0.0100428	-1.73228e-08	0.0100442	3.12e-07	-3.1146e-07	-0.0084342	-1.77786e-08	0.0084348	3.1176e-07	-3.1134e-07	-0.0068074	-1.82552e-08	0.0068058	3.1182e-07	-3.1144e-07	-0.0051598	-1.87438e-08	0.005162	3.1166e-07	-3.113e-07	-0.003499	-1.92672e-08	0.0035002	3.1148e-07	-3.1128e-07	-0.0018174	-1.97444e-08	0.0018212	3.114e-07	-3.1128e-07	-0.00012754	-2.02482e-08	0.0001273	3.1128e-07	-3.1134e-07
0.025	-0.016316	-1.6022e-08	0.016338	3.1254e-07	-3.117e-07	-0.01478	-1.64786e-08	0.014806	3.1242e-07	-3.1158e-07	-0.013228	-1.6858e-08	0.013246	3.1232e-07	-3.1156e-07	-0.01165	-1.73474e-08	0.01167	3.1212e-07	-3.1154e-07	-0.0100892	-1.77636e-08	0.0100882	3.12e-07	-3.114e-07	-0.0084688	-1.82344e-08	0.0084676	3.1184e-07	-3.114e-07	-0.0068318	-1.87028e-08	0.006832	3.1178e-07	-3.1142e-07	-0.0051818	-1.92038e-08	0.0051824	3.1164e-07	-3.1134e-07	-0.0035116	-1.97208e-08	0.003512	3.116e-07	-3.1128e-07	-0.0018278	-2.02416e-08	0.001826	3.1144e-07	-3.1128e-07	-0.00012722	-2.07792e-08	0.00012914	3.1126e-07	-3.1122e-07
0.02	-0.01639	-1.63982e-08	0.016416	3.1254e-07	-3.1172e-07	-0.014844	-1.6898e-08	0.014864	3.1248e-07	-3.1166e-07	-0.013286	-1.73078e-08	0.0133	3.1228e-07	-3.1162e-07	-0.011696	-1.77644e-08	0.01172	3.1206e-07	-3.1152e-07	-0.0101274	-1.82168e-08	0.010127	3.1196e-07	-3.114e-07	-0.0084984	-1.87052e-08	0.0085028	3.119e-07	-3.1138e-07	-0.0068572	-1.91462e-08	0.0068606	3.1178e-07	-3.1142e-07	-0.0052008	-1.96976e-08	0.005201	3.116e-07	-3.1128e-07	-0.0035254	-2.02014e-08	0.0035216	3.1152e-07	-3.1126e-07	-0.0018328	-2.07398e-08	0.0018356	3.114e-07	-3.1126e-07	-0.00012742	-2.12836e-08	0.0001286	3.113e-07	-3.1128e-07
0.015	-0.016464	-1.6854e-08	0.01649	3.1254e-07	-3.1166e-07	-0.01491	-1.72802e-08	0.01493	3.1246e-07	-3.1168e-07	-0.01334	-1.77484e-08	0.013358	3.1232e-07	-3.1164e-07	-0.011742	-1.81712e-08	0.011764	3.121e-07	-3.1152e-07	-0.0101654	-1.8695e-08	0.0101668	3.1196e-07	-3.114e-07	-0.0085314	-1.91764e-08	0.0085336	3.1188e-07	-3.1136e-07	-0.0068868	-1.9635e-08	0.0068858	3.1178e-07	-3.1136e-07	-0.0052178	-2.01762e-08	0.0052198	3.1152e-07	-3.1128e-07	-0.0035374	-2.07168e-08	0.0035372	3.1154e-07	-3.1128e-07	-0.001837	-2.12644e-08	0.0018396	3.114e-07	-3.1126e-07	-0.00012732	-2.18332e-08	0.0001285	3.1128e-07	-3.1124e-07
0.01	-0.016538	-1.72806e-08	0.01656	3.1256e-07	-3.1172e-07	-0.014976	-1.77632e-08	0.014994	3.125e-07	-3.1176e-07	-0.013394	-1.81546e-08	0.01341	3.1236e-07	-3.116e-07	-0.01179	-1.86232e-08	0.011808	3.1214e-07	-3.1146e-07	-0.0102084	-1.91568e-08	0.010207	3.1196e-07	-3.1146e-07	-0.008567	-1.96502e-08	0.0085664	3.1186e-07	-3.114e-07	-0.0069058	-2.01194e-08	0.0069086	3.1182e-07	-3.1138e-07	-0.0052376	-2.06782e-08	0.0052382	3.1164e-07	-3.114e-07	-0.003546	-2.118e-08	0.003551	3.1142e-07	-3.1122e-07	-0.0018414	-2.17908e-08	0.0018472	3.114e-07	-3.1128e-07	-0.00012704	-2.24068e-08	0.00012894	3.1134e-07	-3.1132e-07
0.005	-0.016604	-1.77208e-08	0.016626	3.1254e-07	-3.1174e-07	-0.015036	-1.82054e-08	0.015058	3.1246e-07	-3.1168e-07	-0.013444	-1.8661e-08	0.01347	3.123e-07	-3.1162e-07	-0.01183	-1.91074e-08	0.01186	3.1214e-07	-3.1148e-07	-0.010245	-1.95856e-08	0.010242	3.1202e-07	-3.1144e-07	-0.0085946	-2.01344e-08	0.0085952	3.1182e-07	-3.1136e-07	-0.006932	-2.06594e-08	0.0069356	3.118e-07	-3.114e-07	-0.005256	-2.11906e-08	0.0052554	3.1154e-07	-3.1122e-07	-0.0035618	-2.17566e-08	0.003562	3.1148e-07	-3.1128e-07	-0.001851	-2.22994e-08	0.0018498	3.1142e-07	-3.1124e-07	-0.00013112	-2.29166e-08	0.00012712	3.113e-07	-3.1128e-07
0	-0.01667	-1.81816e-08	0.016696	3.1256e-07	-3.1168e-07	-0.015096	-1.86254e-08	0.015118	3.1242e-07	-3.1166e-07	-0.013496	-1.9124e-08	0.013516	3.1232e-07	-3.1158e-07	-0.011878	-1.95636e-08	0.011896	3.1212e-07	-3.1146e-07	-0.0102798	-2.0117e-08	0.010282	3.12e-07	-3.1146e-07	-0.0086266	-2.0669e-08	0.0086252	3.1188e-07	-3.1136e-07	-0.0069568	-2.1188e-08	0.0069582	3.1182e-07	-3.1146e-07	-0.0052724	-2.17484e-08	0.0052724	3.116e-07	-3.1134e-07	-0.0035706	-2.22936e-08	0.0035718	3.1148e-07	-3.1126e-07	-0.001857	-2.28618e-08	0.0018568	3.1148e-07	-3.1138e-07	-0.00012766	-2.346e-08	0.0001304	3.1136e-07	-3.1128e-07
