vg	id_vd = 0.0V	ig_vd = 0.0V	is_vd = 0.0V	iavdd_vd = 0.0V	ignd_vd = 0.0V	id_vd = 0.15000000000000002V	ig_vd = 0.15000000000000002V	is_vd = 0.15000000000000002V	iavdd_vd = 0.15000000000000002V	ignd_vd = 0.15000000000000002V	id_vd = 0.30000000000000004V	ig_vd = 0.30000000000000004V	is_vd = 0.30000000000000004V	iavdd_vd = 0.30000000000000004V	ignd_vd = 0.30000000000000004V	id_vd = 0.45V	ig_vd = 0.45V	is_vd = 0.45V	iavdd_vd = 0.45V	ignd_vd = 0.45V	id_vd = 0.6000000000000001V	ig_vd = 0.6000000000000001V	is_vd = 0.6000000000000001V	iavdd_vd = 0.6000000000000001V	ignd_vd = 0.6000000000000001V	id_vd = 0.75V	ig_vd = 0.75V	is_vd = 0.75V	iavdd_vd = 0.75V	ignd_vd = 0.75V	id_vd = 0.9V	ig_vd = 0.9V	is_vd = 0.9V	iavdd_vd = 0.9V	ignd_vd = 0.9V
1.2	-1.2468e-07	6.6637e-09	2.6938e-10	4.4378e-07	-3.2624e-07	-6.194379999999999e-08	5.0032e-09	5.328e-11	3.8242e-07	-3.2548e-07	-3.11068e-08	3.9351e-09	-1.13e-12	3.5274e-07	-3.2544e-07	-1.5148599999999997e-08	3.1751e-09	-2.704e-11	3.3644e-07	-3.245e-07	-6.9609e-09	2.6251e-09	-4.629e-11	3.2882e-07	-3.2454e-07	-2.5499e-09	2.2822e-09	-7.795e-11	3.2488e-07	-3.239e-07	1.5111e-10	2.0123e-09	-7.624e-11	3.2252e-07	-3.2432e-07
1.195	-1.2336e-07	6.3587e-09	2.7542e-10	4.4294e-07	-3.2624e-07	-6.175999999999999e-08	4.8414e-09	6.985000000000001e-11	3.8242e-07	-3.255e-07	-3.1056199999999995e-08	3.7803e-09	1.774e-11	3.5274e-07	-3.2546e-07	-1.5032e-08	3.0291e-09	-2.3430000000000003e-11	3.366e-07	-3.2458e-07	-6.8524e-09	2.4918e-09	-5.336e-11	3.2888e-07	-3.2432e-07	-2.4403e-09	2.1487e-09	-5.9e-11	3.2506e-07	-3.2444e-07	1.0369e-10	1.8883e-09	-6.180000000000001e-11	3.226e-07	-3.2438e-07
1.19	-1.2256e-07	6.2009e-09	2.6743000000000003e-10	4.4218e-07	-3.262e-07	-6.15148e-08	4.6946e-09	6.945e-11	3.8212e-07	-3.255e-07	-3.1119e-08	3.647e-09	1.56e-11	3.5288e-07	-3.255e-07	-1.49814e-08	2.901e-09	-1.5650000000000002e-11	3.3608e-07	-3.246e-07	-6.7144e-09	2.3724e-09	-3.2e-11	3.2888e-07	-3.245e-07	-2.6037e-09	2.0319e-09	-6.418e-11	3.2506e-07	-3.2446e-07	5.438e-11	1.7769e-09	-6.981e-11	3.2268e-07	-3.2382e-07
1.185	-1.2132e-07	6.0492e-09	2.8015e-10	4.414e-07	-3.2624e-07	-6.11492e-08	4.5535e-09	7.836e-11	3.8212e-07	-3.2548e-07	-3.0881e-08	3.5155e-09	2.6520000000000003e-11	3.5282e-07	-3.2538e-07	-1.4929599999999997e-08	2.7783e-09	-8.200000000000001e-12	3.368e-07	-3.2466e-07	-6.8205e-09	2.2606e-09	-3.5350000000000006e-11	3.2904e-07	-3.244e-07	-2.5167e-09	1.9237e-09	-4.5430000000000005e-11	3.2452e-07	-3.2418e-07	1.6823000000000002e-10	1.6737e-09	-4.9440000000000006e-11	3.2268e-07	-3.2444e-07
1.1800000000000002	-1.2068e-07	5.9059e-09	2.7342e-10	4.406e-07	-3.2622e-07	-6.09666e-08	4.4273e-09	8.378e-11	3.8194e-07	-3.255e-07	-3.08988e-08	3.4028e-09	3.074e-11	3.5282e-07	-3.2542e-07	-1.4969e-08	2.6742e-09	-1.73e-12	3.3678e-07	-3.2458e-07	-6.7842e-09	2.1602e-09	-2.5540000000000003e-11	3.2914e-07	-3.2452e-07	-2.5988e-09	1.826e-09	-4.9620000000000005e-11	3.2452e-07	-3.2448e-07	-3.925e-11	1.5795e-09	-5.631e-11	3.2284e-07	-3.2406e-07
1.175	-1.1984e-07	5.7768e-09	2.7799000000000004e-10	4.3982e-07	-3.2616e-07	-6.070339999999999e-08	4.3094e-09	8.586e-11	3.8208e-07	-3.2554e-07	-3.0679399999999995e-08	3.2881e-09	3.7710000000000005e-11	3.5282e-07	-3.2546e-07	-1.4925e-08	2.5711e-09	3.5500000000000004e-12	3.3656e-07	-3.239e-07	-6.6268e-09	2.0637e-09	-1.992e-11	3.2916e-07	-3.2448e-07	-2.4674e-09	1.7347e-09	-4.032e-11	3.2538e-07	-3.2452e-07	1.7477e-10	1.4942e-09	-4.465e-11	3.2284e-07	-3.2442e-07
1.1700000000000002	-1.1886e-07	5.6487e-09	2.8552e-10	4.3928e-07	-3.2614e-07	-6.046279999999999e-08	4.197e-09	9.485e-11	3.8172e-07	-3.2544e-07	-3.0644399999999995e-08	3.1892e-09	4.4410000000000005e-11	3.5292e-07	-3.2542e-07	-1.49606e-08	2.4767e-09	7.81e-12	3.3696e-07	-3.2394e-07	-6.7826e-09	1.9816e-09	-2.2080000000000003e-11	3.2922e-07	-3.245e-07	-2.5055e-09	1.6532e-09	-3.528e-11	3.2528e-07	-3.2444e-07	1.9879e-10	1.4123e-09	-4.225e-11	3.2284e-07	-3.2442e-07
1.165	-1.1838e-07	5.5282e-09	2.7537e-10	4.3854e-07	-3.2612e-07	-6.03944e-08	4.0936e-09	9.481e-11	3.8154e-07	-3.2548e-07	-3.05554e-08	3.0953e-09	4.45e-11	3.5296e-07	-3.2544e-07	-1.47778e-08	2.3887e-09	1.6250000000000002e-11	3.3702e-07	-3.2448e-07	-6.6686e-09	1.8983e-09	-5.89e-12	3.294e-07	-3.2446e-07	-2.5484e-09	1.5773e-09	-3.383e-11	3.2534e-07	-3.2446e-07	3.9210000000000006e-11	1.341e-09	-4.009e-11	3.2286e-07	-3.2436e-07
1.16	-1.1752e-07	5.4183e-09	2.8787e-10	4.3784e-07	-3.2608e-07	-5.99832e-08	3.9927e-09	1.0997e-10	3.815e-07	-3.2554e-07	-3.0516399999999995e-08	3.0087e-09	5.624e-11	3.5292e-07	-3.2538e-07	-1.47892e-08	2.3084e-09	1.825e-11	3.3706e-07	-3.2458e-07	-6.8024e-09	1.8256e-09	-1.4310000000000002e-11	3.293e-07	-3.2454e-07	-2.4536e-09	1.5058e-09	-2.099e-11	3.2548e-07	-3.244e-07	2.1538e-10	1.2704e-09	-2.983e-11	3.2302e-07	-3.2436e-07
1.155	-1.169e-07	5.3124e-09	2.8443e-10	4.3724e-07	-3.2606e-07	-5.99976e-08	3.9014e-09	9.843e-11	3.8144e-07	-3.2552e-07	-3.0532799999999995e-08	2.9246e-09	5.528e-11	3.5298e-07	-3.2546e-07	-1.46772e-08	2.2323e-09	2.149e-11	3.3706e-07	-3.2446e-07	-6.5431e-09	1.755e-09	4.12e-12	3.2936e-07	-3.2434e-07	-2.4949e-09	1.4413e-09	-2.719e-11	3.2546e-07	-3.2446e-07	1.1994e-10	1.2108e-09	-3.548e-11	3.231e-07	-3.2442e-07
1.15	-1.1592e-07	5.2134e-09	2.8225000000000003e-10	4.3648e-07	-3.2608e-07	-5.956379999999999e-08	3.8126e-09	1.1523e-10	3.8122e-07	-3.2554e-07	-3.03894e-08	2.8458e-09	6.359000000000001e-11	3.5292e-07	-3.2548e-07	-1.4806e-08	2.1654e-09	2.466e-11	3.3706e-07	-3.2378e-07	-6.7591e-09	1.6925e-09	-2.1500000000000003e-12	3.2946e-07	-3.2458e-07	-2.3788e-09	1.3819e-09	-9.58e-12	3.2554e-07	-3.2454e-07	2.3697e-10	1.151e-09	-1.9440000000000003e-11	3.2316e-07	-3.2452e-07
1.145	-1.1546e-07	5.1151e-09	2.9364000000000003e-10	4.359e-07	-3.2596e-07	-5.9512e-08	3.73e-09	1.078e-10	3.8114e-07	-3.2552e-07	-3.03678e-08	2.7716e-09	6.093e-11	3.5286e-07	-3.2542e-07	-1.4745599999999998e-08	2.0936e-09	3.614e-11	3.371e-07	-3.2446e-07	-6.6564e-09	1.6335e-09	1.047e-11	3.2882e-07	-3.2452e-07	-2.6093e-09	1.3258e-09	-1.675e-11	3.2562e-07	-3.2448e-07	7.282e-11	1.0979e-09	-2.4940000000000003e-11	3.2322e-07	-3.2446e-07
1.14	-1.1486e-07	5.0234e-09	2.8408e-10	4.3544e-07	-3.2606e-07	-5.922099999999999e-08	3.6506e-09	1.2182e-10	3.8108e-07	-3.2556e-07	-3.01578e-08	2.7033e-09	7.228e-11	3.528e-07	-3.2542e-07	-1.4815199999999998e-08	2.0354e-09	3.878e-11	3.371e-07	-3.245e-07	-6.5822e-09	1.5762e-09	1.071e-11	3.2952e-07	-3.2448e-07	-2.3515e-09	1.2704e-09	-2.2500000000000003e-12	3.2564e-07	-3.2446e-07	2.5876000000000005e-10	1.0466e-09	-1.367e-11	3.2326e-07	-3.2446e-07
1.135	-1.1392e-07	4.9342e-09	2.9228e-10	4.3498e-07	-3.2608e-07	-5.91654e-08	3.5764e-09	1.1694e-10	3.8094e-07	-3.2546e-07	-3.01308e-08	2.637e-09	7.154e-11	3.5286e-07	-3.2544e-07	-1.46586e-08	1.9761e-09	3.5640000000000006e-11	3.3718e-07	-3.2442e-07	-6.6227e-09	1.5254e-09	1.4290000000000002e-11	3.2894e-07	-3.2388e-07	-2.4358e-09	1.2214e-09	-5.29e-12	3.2576e-07	-3.2448e-07	2.4624e-10	9.996e-10	-1.4000000000000002e-11	3.232e-07	-3.2434e-07
1.13	-1.137e-07	4.8488e-09	2.9261000000000004e-10	4.3442e-07	-3.2602e-07	-5.89698e-08	3.5035e-09	1.2569e-10	3.8078e-07	-3.2552e-07	-3.00972e-08	2.5766e-09	7.658000000000001e-11	3.5288e-07	-3.2542e-07	-1.4733199999999998e-08	1.9213e-09	4.264e-11	3.3642e-07	-3.2374e-07	-6.5734e-09	1.474e-09	2.4410000000000003e-11	3.2964e-07	-3.2454e-07	-2.5011e-09	1.1769e-09	1.69e-12	3.2506e-07	-3.2422e-07	1.7181000000000003e-10	9.5427e-10	-1.416e-11	3.2314e-07	-3.2436e-07
1.125	-1.1298e-07	4.7683e-09	2.8776e-10	4.3364e-07	-3.2596e-07	-5.887539999999999e-08	3.4369e-09	1.2928000000000002e-10	3.808e-07	-3.255e-07	-3.01056e-08	2.5167e-09	7.874e-11	3.5288e-07	-3.2574e-07	-1.4539e-08	1.8702e-09	4.553e-11	3.3728e-07	-3.2454e-07	-6.654e-09	1.4282e-09	1.777e-11	3.296e-07	-3.2452e-07	-2.4127e-09	1.132e-09	4.68e-12	3.2582e-07	-3.2446e-07	2.7464000000000005e-10	9.119200000000001e-10	-6.440000000000001e-12	3.2334e-07	-3.2452e-07
1.12	-1.1214e-07	4.6885e-09	2.9824000000000005e-10	4.3338e-07	-3.2594e-07	-5.86432e-08	3.3717e-09	1.3101000000000002e-10	3.806e-07	-3.255e-07	-3.0066e-08	2.463e-09	8.536e-11	3.5288e-07	-3.2548e-07	-1.4598799999999998e-08	1.8182e-09	5.7520000000000005e-11	3.3728e-07	-3.2454e-07	-6.457e-09	1.3843e-09	3.34e-11	3.296e-07	-3.2382e-07	-2.434e-09	1.0922e-09	1.6e-12	3.2576e-07	-3.2452e-07	2.9617e-10	8.7408e-10	-5.830000000000001e-12	3.2332e-07	-3.2378e-07
1.115	-1.1202e-07	4.6105e-09	2.9078e-10	4.3294e-07	-3.2596e-07	-5.84202e-08	3.3079e-09	1.3291e-10	3.805e-07	-3.2554e-07	-2.9952e-08	2.4072e-09	8.691000000000001e-11	3.5292e-07	-3.2548e-07	-1.46418e-08	1.7747e-09	4.783e-11	3.3726e-07	-3.244e-07	-6.6431e-09	1.3426e-09	2.4700000000000003e-11	3.296e-07	-3.2456e-07	-2.3613e-09	1.0522e-09	1.478e-11	3.2586e-07	-3.245e-07	1.6393000000000002e-10	8.402300000000001e-10	-7.3e-13	3.2334e-07	-3.2442e-07
1.11	-1.1144e-07	4.5379e-09	2.9624e-10	4.3248e-07	-3.26e-07	-5.82884e-08	3.2486e-09	1.3621e-10	3.804e-07	-3.255e-07	-2.9888599999999995e-08	2.3558e-09	8.823e-11	3.5284e-07	-3.254e-07	-1.45384e-08	1.729e-09	6.446e-11	3.3728e-07	-3.2458e-07	-6.5501e-09	1.3043e-09	3.8620000000000005e-11	3.297e-07	-3.2448e-07	-2.5248e-09	1.0186e-09	7.85e-12	3.2578e-07	-3.2442e-07	3.1389000000000004e-10	8.0445e-10	6.26e-12	3.2336e-07	-3.2442e-07
1.105	-1.1078e-07	4.464e-09	2.9833000000000004e-10	4.3216e-07	-3.2602e-07	-5.80548e-08	3.1894e-09	1.4321000000000002e-10	3.804e-07	-3.2544e-07	-2.97916e-08	2.3051e-09	9.309e-11	3.5294e-07	-3.2548e-07	-1.46868e-08	1.6869e-09	5.4900000000000006e-11	3.3728e-07	-3.2448e-07	-6.5918e-09	1.2637e-09	3.058e-11	3.2972e-07	-3.244e-07	-2.3226e-09	9.8151e-10	1.753e-11	3.2584e-07	-3.2444e-07	2.4195000000000003e-10	7.739600000000001e-10	1.4800000000000004e-12	3.2332e-07	-3.244e-07
1.1	-1.1058e-07	4.3974e-09	2.9189e-10	4.318e-07	-3.2604e-07	-5.80258e-08	3.1338e-09	1.3860000000000002e-10	3.8016e-07	-3.2546e-07	-2.97248e-08	2.2584e-09	9.689e-11	3.5294e-07	-3.2542e-07	-1.44092e-08	1.6439e-09	7.099e-11	3.3728e-07	-3.2454e-07	-6.506e-09	1.2316e-09	3.864e-11	3.2972e-07	-3.2448e-07	-2.3328e-09	9.469e-10	2.544e-11	3.2592e-07	-3.2448e-07	3.1824000000000003e-10	7.4441e-10	1.34e-11	3.2342e-07	-3.244e-07
1.095	-1.1e-07	4.3277e-09	3.0343e-10	4.3144e-07	-3.2598e-07	-5.78952e-08	3.0793e-09	1.4792000000000002e-10	3.804e-07	-3.2544e-07	-2.97838e-08	2.2124e-09	9.704e-11	3.5288e-07	-3.2544e-07	-1.4601399999999998e-08	1.6043e-09	6.302e-11	3.3744e-07	-3.2382e-07	-6.5552e-09	1.195e-09	4.228e-11	3.2972e-07	-3.2444e-07	-2.5142e-09	9.2004e-10	2.114e-11	3.2588e-07	-3.2448e-07	2.3210000000000003e-10	7.1436e-10	8.14e-12	3.2342e-07	-3.241e-07
1.09	-1.0954e-07	4.2624e-09	2.9454e-10	4.3092e-07	-3.2604e-07	-5.775639999999999e-08	3.0262e-09	1.4483e-10	3.7982e-07	-3.255e-07	-2.9696e-08	2.17e-09	1.0364e-10	3.5276e-07	-3.2542e-07	-1.4371599999999998e-08	1.568e-09	7.273e-11	3.3732e-07	-3.2448e-07	-6.6687e-09	1.1651e-09	4.169e-11	3.2918e-07	-3.2448e-07	-2.2822e-09	8.855500000000001e-10	3.446e-11	3.2596e-07	-3.2442e-07	3.2011000000000005e-10	6.8835e-10	1.584e-11	3.2354e-07	-3.244e-07
1.085	-1.092e-07	4.1994e-09	2.9761e-10	4.3052e-07	-3.2604e-07	-5.755959999999999e-08	2.9742e-09	1.5379000000000002e-10	3.7998e-07	-3.2542e-07	-2.97462e-08	2.1264e-09	1.0091e-10	3.5284e-07	-3.2542e-07	-1.4537399999999998e-08	1.5324e-09	7.139000000000001e-11	3.3746e-07	-3.2452e-07	-6.446e-09	1.1317e-09	5.2030000000000007e-11	3.2974e-07	-3.2452e-07	-2.4027e-09	8.6015e-10	2.613e-11	3.259e-07	-3.2452e-07	3.4995e-10	6.627700000000001e-10	1.7710000000000003e-11	3.2272e-07	-3.2378e-07
1.08	-1.0878e-07	4.1343e-09	3.0454e-10	4.3016e-07	-3.2594e-07	-5.7379e-08	2.9244e-09	1.497e-10	3.799e-07	-3.255e-07	-2.957e-08	2.0859e-09	1.1094e-10	3.5294e-07	-3.254e-07	-1.4427199999999998e-08	1.4996e-09	7.513e-11	3.3738e-07	-3.2448e-07	-6.5833e-09	1.1031e-09	4.77e-11	3.2992e-07	-3.245e-07	-2.3593e-09	8.3116e-10	3.869e-11	3.26e-07	-3.2448e-07	2.5827000000000003e-10	6.4038e-10	2.054e-11	3.2284e-07	-3.2382e-07
1.075	-1.0826e-07	4.0759e-09	2.9608000000000003e-10	4.2974e-07	-3.26e-07	-5.7264199999999993e-08	2.8777e-09	1.5539000000000002e-10	3.7978e-07	-3.2546e-07	-2.96252e-08	2.0465e-09	1.0429e-10	3.5282e-07	-3.2542e-07	-1.45688e-08	1.4639e-09	8.271e-11	3.3736e-07	-3.2446e-07	-6.5475e-09	1.0732e-09	6.164e-11	3.2988e-07	-3.243e-07	-2.4256e-09	8.0813e-10	3.409e-11	3.2596e-07	-3.2448e-07	3.2606e-10	6.1473e-10	2.71e-11	3.2344e-07	-3.244e-07
1.07	-1.0776e-07	4.0185e-09	3.0592e-10	4.2952e-07	-3.2598e-07	-5.72532e-08	2.8323e-09	1.5907e-10	3.7972e-07	-3.2546e-07	-2.94624e-08	2.0062e-09	1.1184e-10	3.5282e-07	-3.2542e-07	-1.4453e-08	1.4344e-09	7.993e-11	3.3742e-07	-3.2448e-07	-6.5674e-09	1.0469e-09	5.327000000000001e-11	3.2986e-07	-3.2442e-07	-2.3586e-09	7.8069e-10	3.7970000000000006e-11	3.2598e-07	-3.2442e-07	3.7770000000000005e-10	5.948600000000001e-10	2.356e-11	3.2346e-07	-3.2444e-07
1.065	-1.077e-07	3.9606e-09	3.0334e-10	4.2904e-07	-3.2586e-07	-5.71798e-08	2.7846e-09	1.5912000000000002e-10	3.7962e-07	-3.2548e-07	-2.95288e-08	1.9717e-09	1.1425e-10	3.528e-07	-3.254e-07	-1.4379799999999998e-08	1.3999e-09	8.623000000000001e-11	3.3744e-07	-3.2452e-07	-6.3962e-09	1.019e-09	6.456000000000001e-11	3.2994e-07	-3.2422e-07	-2.319e-09	7.5779e-10	4.2740000000000006e-11	3.26e-07	-3.2446e-07	3.2493000000000003e-10	5.734100000000001e-10	3.1700000000000004e-11	3.2356e-07	-3.2458e-07
1.06	-1.0714e-07	3.9022e-09	3.0153000000000004e-10	4.2884e-07	-3.2596e-07	-5.7045999999999993e-08	2.7415e-09	1.609e-10	3.7964e-07	-3.2554e-07	-2.94178e-08	1.9345e-09	1.1781e-10	3.528e-07	-3.2548e-07	-1.4412599999999998e-08	1.3741e-09	8.037e-11	3.3744e-07	-3.2448e-07	-6.5631e-09	9.9301e-10	6.563000000000001e-11	3.2968e-07	-3.2454e-07	-2.4287e-09	7.3497e-10	4.2380000000000006e-11	3.259e-07	-3.2448e-07	3.1773000000000005e-10	5.5283e-10	3.0760000000000005e-11	3.2356e-07	-3.2442e-07
1.0550000000000002	-1.069e-07	3.8483e-09	3.0848e-10	4.286e-07	-3.259e-07	-5.68742e-08	2.696e-09	1.6464e-10	3.7952e-07	-3.2546e-07	-2.95378e-08	1.8984e-09	1.1774e-10	3.529e-07	-3.2538e-07	-1.4282999999999998e-08	1.3388e-09	9.693e-11	3.3752e-07	-3.2448e-07	-6.6164e-09	9.683e-10	6.024e-11	3.2998e-07	-3.245e-07	-2.3406e-09	7.1213e-10	5.2390000000000006e-11	3.2602e-07	-3.2448e-07	4.2562e-10	5.3352e-10	3.4170000000000003e-11	3.2352e-07	-3.2448e-07
1.05	-1.0652e-07	3.7939e-09	3.0139000000000003e-10	4.284e-07	-3.2596e-07	-5.671739999999999e-08	2.6539e-09	1.6585e-10	3.7952e-07	-3.255e-07	-2.94034e-08	1.8655e-09	1.2093000000000002e-10	3.528e-07	-3.2548e-07	-1.44918e-08	1.3167e-09	8.783e-11	3.3746e-07	-3.2446e-07	-6.3975e-09	9.4439e-10	7.028e-11	3.2998e-07	-3.245e-07	-2.3544e-09	6.8953e-10	4.679e-11	3.2606e-07	-3.2446e-07	3.7198e-10	5.1468e-10	3.914e-11	3.2348e-07	-3.245e-07
1.0450000000000002	-1.062e-07	3.7408e-09	3.0594000000000003e-10	4.2794e-07	-3.2584e-07	-5.659059999999999e-08	2.6112e-09	1.6767e-10	3.794e-07	-3.2546e-07	-2.93596e-08	1.8308e-09	1.2682e-10	3.5278e-07	-3.2542e-07	-1.43212e-08	1.2829e-09	1.0004e-10	3.375e-07	-3.245e-07	-6.527e-09	9.212499999999999e-10	7.018000000000001e-11	3.2998e-07	-3.2452e-07	-2.3254e-09	6.7098e-10	5.7120000000000005e-11	3.2606e-07	-3.2456e-07	3.4368000000000005e-10	4.976300000000001e-10	4.087e-11	3.2358e-07	-3.245e-07
1.04	-1.0596e-07	3.6874e-09	3.0832000000000003e-10	4.277e-07	-3.2588e-07	-5.654239999999999e-08	2.5716e-09	1.6754000000000002e-10	3.7914e-07	-3.2544e-07	-2.93096e-08	1.7967e-09	1.2194000000000002e-10	3.5278e-07	-3.2542e-07	-1.45246e-08	1.2622e-09	8.739e-11	3.375e-07	-3.2444e-07	-6.5757e-09	8.992900000000001e-10	7.56e-11	3.3002e-07	-3.2452e-07	-2.4311e-09	6.4965e-10	5.372e-11	3.2608e-07	-3.2452e-07	3.5897e-10	4.796600000000001e-10	4.302e-11	3.2354e-07	-3.2448e-07
1.035	-1.0552e-07	3.6338e-09	3.0384e-10	4.274e-07	-3.2584e-07	-5.637019999999999e-08	2.5308e-09	1.7511e-10	3.7914e-07	-3.2546e-07	-2.92282e-08	1.765e-09	1.3071e-10	3.5278e-07	-3.2542e-07	-1.4275999999999998e-08	1.23e-09	1.055e-10	3.3752e-07	-3.2442e-07	-6.4636e-09	8.7438e-10	7.643e-11	3.2928e-07	-3.239e-07	-2.3148e-09	6.3127e-10	5.8000000000000007e-11	3.2614e-07	-3.2442e-07	4.9295e-10	4.6321000000000005e-10	4.6820000000000006e-11	3.2358e-07	-3.2446e-07
1.03	-1.0514e-07	3.5838e-09	3.0925000000000004e-10	4.2716e-07	-3.2584e-07	-5.638499999999999e-08	2.4927e-09	1.7379e-10	3.792e-07	-3.2554e-07	-2.93068e-08	1.7349e-09	1.2447e-10	3.529e-07	-3.2542e-07	-1.4367199999999998e-08	1.2092e-09	1.0183e-10	3.3748e-07	-3.2452e-07	-6.4415e-09	8.548000000000001e-10	7.935e-11	3.3e-07	-3.245e-07	-2.2915e-09	6.112300000000001e-10	6.078000000000001e-11	3.2552e-07	-3.238e-07	3.0420000000000005e-10	4.4839e-10	4.7070000000000005e-11	3.235e-07	-3.2446e-07
1.025	-1.0496e-07	3.5334e-09	3.0723000000000003e-10	4.2682e-07	-3.2578e-07	-5.62426e-08	2.451e-09	1.7478000000000002e-10	3.7922e-07	-3.2548e-07	-2.91614e-08	1.7037e-09	1.4037e-10	3.5284e-07	-3.2542e-07	-1.42364e-08	1.1768e-09	1.0379e-10	3.375e-07	-3.2442e-07	-6.5256e-09	8.3311e-10	8.39e-11	3.2998e-07	-3.2436e-07	-2.3977e-09	5.9512e-10	6.226e-11	3.2536e-07	-3.2378e-07	4.2062e-10	4.3272e-10	5.014e-11	3.2304e-07	-3.2392e-07
1.02	-1.047e-07	3.4858e-09	3.0895e-10	4.266e-07	-3.2582e-07	-5.62196e-08	2.4149e-09	1.7611000000000003e-10	3.7896e-07	-3.2542e-07	-2.9285e-08	1.6754e-09	1.27e-10	3.5288e-07	-3.2546e-07	-1.4348199999999998e-08	1.161e-09	1.0237e-10	3.3742e-07	-3.2446e-07	-6.5356e-09	8.1399e-10	8.193e-11	3.3002e-07	-3.2446e-07	-2.3454e-09	5.7526e-10	6.834000000000001e-11	3.2616e-07	-3.244e-07	4.723900000000001e-10	4.1637e-10	4.912e-11	3.2358e-07	-3.2452e-07
1.015	-1.0434e-07	3.4367e-09	3.0997e-10	4.2656e-07	-3.258e-07	-5.596379999999999e-08	2.3754e-09	1.8084e-10	3.7898e-07	-3.2548e-07	-2.90344e-08	1.6434e-09	1.4032e-10	3.5274e-07	-3.2544e-07	-1.4292399999999998e-08	1.1322e-09	1.0813e-10	3.3752e-07	-3.2436e-07	-6.4323e-09	7.9319e-10	8.751e-11	3.3004e-07	-3.245e-07	-2.2673e-09	5.5784e-10	6.73e-11	3.2616e-07	-3.2448e-07	3.6624e-10	4.0423e-10	5.146e-11	3.2356e-07	-3.2434e-07
1.01	-1.0434e-07	3.3915e-09	3.0845e-10	4.2636e-07	-3.259e-07	-5.599719999999999e-08	2.3406e-09	1.7955000000000002e-10	3.7902e-07	-3.2554e-07	-2.91624e-08	1.6166e-09	1.3351e-10	3.5282e-07	-3.2546e-07	-1.4372399999999998e-08	1.1141e-09	1.1276e-10	3.3752e-07	-3.2382e-07	-6.4805e-09	7.7433e-10	8.703000000000001e-11	3.2942e-07	-3.2448e-07	-2.3332e-09	5.409600000000001e-10	7.360000000000001e-11	3.2618e-07	-3.244e-07	4.5086e-10	3.8895e-10	5.664e-11	3.2354e-07	-3.2446e-07
1.005	-1.0402e-07	3.3434e-09	3.0998e-10	4.26e-07	-3.2584e-07	-5.58104e-08	2.3037e-09	1.8206e-10	3.7888e-07	-3.2546e-07	-2.89376e-08	1.585e-09	1.4273e-10	3.5278e-07	-3.255e-07	-1.43338e-08	1.0859e-09	1.0984e-10	3.3764e-07	-3.2428e-07	-6.5383e-09	7.5525e-10	9.042000000000001e-11	3.301e-07	-3.244e-07	-2.3577e-09	5.2606e-10	7.346000000000001e-11	3.2626e-07	-3.2454e-07	3.903e-10	3.7534e-10	5.194e-11	3.2354e-07	-3.243e-07
1.0	-1.0362e-07	3.2985e-09	3.1091e-10	4.2592e-07	-3.2566e-07	-5.5892e-08	2.2708e-09	1.8412e-10	3.7876e-07	-3.2548e-07	-2.90784e-08	1.5607e-09	1.3733e-10	3.5276e-07	-3.2538e-07	-1.4266999999999998e-08	1.0653e-09	1.1493e-10	3.3764e-07	-3.2446e-07	-6.5036e-09	7.3736e-10	9.159e-11	3.3018e-07	-3.2444e-07	-2.2812e-09	5.077300000000001e-10	7.519e-11	3.2626e-07	-3.2454e-07	5.3482e-10	3.6159e-10	6.142e-11	3.2356e-07	-3.2434e-07
0.995	-1.034e-07	3.2527e-09	3.1283000000000005e-10	4.2564e-07	-3.258e-07	-5.57204e-08	2.2344e-09	1.8554e-10	3.7874e-07	-3.2548e-07	-2.90066e-08	1.5303e-09	1.4429e-10	3.5272e-07	-3.2542e-07	-1.4291599999999998e-08	1.0424e-09	1.1093e-10	3.376e-07	-3.2448e-07	-6.4106e-09	7.177200000000001e-10	9.493e-11	3.301e-07	-3.2454e-07	-2.2793e-09	4.937500000000001e-10	7.656e-11	3.2622e-07	-3.2454e-07	3.8514e-10	3.4979000000000004e-10	5.746000000000001e-11	3.235e-07	-3.2446e-07
0.99	-1.0334e-07	3.2072e-09	3.1148000000000005e-10	4.2552e-07	-3.2584e-07	-5.56444e-08	2.2008e-09	1.9151e-10	3.7872e-07	-3.2548e-07	-2.907e-08	1.5069e-09	1.4721e-10	3.5264e-07	-3.2542e-07	-1.42054e-08	1.0226e-09	1.2204e-10	3.3762e-07	-3.2446e-07	-6.5561e-09	7.013400000000001e-10	9.67e-11	3.2934e-07	-3.2364e-07	-2.3223e-09	4.7764e-10	7.822e-11	3.262e-07	-3.2438e-07	4.2938e-10	3.3687000000000005e-10	6.254000000000001e-11	3.236e-07	-3.244e-07
0.985	-1.0278e-07	3.1627e-09	3.1388e-10	4.2532e-07	-3.258e-07	-5.55026e-08	2.1655e-09	1.8116e-10	3.7866e-07	-3.2548e-07	-2.8995e-08	1.4773e-09	1.4588000000000002e-10	3.5274e-07	-3.2546e-07	-1.43786e-08	1.0001e-09	1.1354e-10	3.376e-07	-3.245e-07	-6.4811e-09	6.8281e-10	9.913e-11	3.3016e-07	-3.2442e-07	-2.3753e-09	4.6399e-10	8.052000000000001e-11	3.2626e-07	-3.2446e-07	5.6272e-10	3.2347e-10	6.262e-11	3.2352e-07	-3.2432e-07
0.98	-1.0282e-07	3.1202e-09	3.1218e-10	4.2516e-07	-3.259e-07	-5.540939999999999e-08	2.1322e-09	1.9665e-10	3.7856e-07	-3.2546e-07	-2.89736e-08	1.454e-09	1.5071000000000002e-10	3.5276e-07	-3.254e-07	-1.42444e-08	9.8214e-10	1.2566e-10	3.3768e-07	-3.2448e-07	-6.4767e-09	6.661700000000001e-10	9.947e-11	3.3022e-07	-3.2436e-07	-2.2113e-09	4.4656000000000006e-10	8.341000000000001e-11	3.2624e-07	-3.2452e-07	3.6263e-10	3.1529e-10	6.022e-11	3.2342e-07	-3.2438e-07
0.975	-1.027e-07	3.0761e-09	3.1465000000000005e-10	4.2494e-07	-3.2572e-07	-5.53652e-08	2.0994e-09	1.8545e-10	3.7852e-07	-3.255e-07	-2.88978e-08	1.4264e-09	1.4477e-10	3.527e-07	-3.2538e-07	-1.43338e-08	9.5703e-10	1.2037000000000002e-10	3.3756e-07	-3.244e-07	-6.472e-09	6.49e-10	1.0407e-10	3.3022e-07	-3.2448e-07	-2.35e-09	4.3518e-10	8.37e-11	3.2622e-07	-3.2452e-07	5.452400000000001e-10	3.0031e-10	7.27e-11	3.2346e-07	-3.2434e-07
0.97	-1.0228e-07	3.0328e-09	3.1248000000000004e-10	4.2472e-07	-3.2578e-07	-5.52658e-08	2.067e-09	1.9687e-10	3.7842e-07	-3.2554e-07	-2.88516e-08	1.4007e-09	1.5861e-10	3.5274e-07	-3.254e-07	-1.4255e-08	9.4027e-10	1.2939e-10	3.3758e-07	-3.2442e-07	-6.5883e-09	6.3346e-10	1.0302e-10	3.3018e-07	-3.2434e-07	-2.3357e-09	4.1969e-10	8.926000000000001e-11	3.2624e-07	-3.2454e-07	4.2517e-10	2.9165e-10	6.179e-11	3.2354e-07	-3.244e-07
0.965	-1.0228e-07	2.9936e-09	3.1185e-10	4.2458e-07	-3.2582e-07	-5.5457399999999993e-08	2.0376e-09	1.8747000000000003e-10	3.7854e-07	-3.2544e-07	-2.88976e-08	1.3768e-09	1.4609e-10	3.5276e-07	-3.2536e-07	-1.42564e-08	9.1798e-10	1.2299e-10	3.3764e-07	-3.2442e-07	-6.5289e-09	6.170500000000001e-10	1.0768e-10	3.303e-07	-3.244e-07	-2.2726e-09	4.0692e-10	8.676e-11	3.2622e-07	-3.2448e-07	5.489900000000001e-10	2.8007000000000005e-10	7.693e-11	3.2268e-07	-3.2358e-07
0.96	-1.019e-07	2.951e-09	3.1624000000000004e-10	4.2442e-07	-3.257e-07	-5.5162e-08	2.0043e-09	2.0303e-10	3.7848e-07	-3.2544e-07	-2.88428e-08	1.3511e-09	1.6121e-10	3.5276e-07	-3.2532e-07	-1.42676e-08	9.015e-10	1.3124e-10	3.3776e-07	-3.238e-07	-6.4596e-09	6.0021e-10	1.0737e-10	3.3022e-07	-3.244e-07	-2.2627e-09	3.9262e-10	9.2e-11	3.2622e-07	-3.2448e-07	4.6025e-10	2.6854000000000004e-10	7.168e-11	3.2306e-07	-3.2436e-07
0.955	-1.0168e-07	2.9084e-09	3.132e-10	4.243e-07	-3.2572e-07	-5.519439999999999e-08	1.9742e-09	1.9196000000000003e-10	3.7836e-07	-3.2548e-07	-2.89778e-08	1.3297999999999999e-09	1.4896000000000002e-10	3.5276e-07	-3.2528e-07	-1.4294999999999998e-08	8.800300000000001e-10	1.2655000000000002e-10	3.3772e-07	-3.2446e-07	-6.5785e-09	5.863900000000001e-10	1.1001e-10	3.302e-07	-3.2446e-07	-2.2975e-09	3.8002000000000005e-10	9.479e-11	3.2632e-07	-3.2442e-07	4.4708e-10	2.5828e-10	7.376000000000001e-11	3.2354e-07	-3.2442e-07
0.95	-1.0164e-07	2.8709e-09	3.1449e-10	4.2412e-07	-3.257e-07	-5.49184e-08	1.9415e-09	2.0268e-10	3.783e-07	-3.2544e-07	-2.87648e-08	1.3043e-09	1.6476e-10	3.5276e-07	-3.2538e-07	-1.43144e-08	8.6468e-10	1.3543000000000002e-10	3.3762e-07	-3.2448e-07	-6.5053e-09	5.689600000000001e-10	1.1365e-10	3.3026e-07	-3.244e-07	-2.3929e-09	3.6749e-10	9.194e-11	3.2632e-07	-3.2456e-07	6.6279e-10	2.4616e-10	7.923e-11	3.2354e-07	-3.2442e-07
0.945	-1.014e-07	2.8291e-09	3.1872e-10	4.239e-07	-3.2566e-07	-5.5053e-08	1.912e-09	1.9474e-10	3.7836e-07	-3.2558e-07	-2.88626e-08	1.281e-09	1.5429000000000002e-10	3.528e-07	-3.2536e-07	-1.42884e-08	8.439e-10	1.3129000000000002e-10	3.3768e-07	-3.2444e-07	-6.5965e-09	5.5365e-10	1.1017e-10	3.304e-07	-3.2454e-07	-2.1473e-09	3.5307e-10	9.961e-11	3.2626e-07	-3.2376e-07	3.8352e-10	2.4082e-10	7.049000000000001e-11	3.2358e-07	-3.2438e-07
0.94	-1.0128e-07	2.7906e-09	3.1110000000000004e-10	4.2388e-07	-3.257e-07	-5.487839999999999e-08	1.8812e-09	2.0427e-10	3.7832e-07	-3.2556e-07	-2.86662e-08	1.2562e-09	1.6342000000000002e-10	3.5278e-07	-3.253e-07	-1.4255e-08	8.2774e-10	1.3762e-10	3.3766e-07	-3.243e-07	-6.4002e-09	5.3916e-10	1.1822e-10	3.3034e-07	-3.2442e-07	-2.3744e-09	3.4225000000000003e-10	9.260000000000001e-11	3.263e-07	-3.2442e-07	5.953700000000001e-10	2.2686e-10	8.637e-11	3.2348e-07	-3.2438e-07
0.935	-1.0104e-07	2.7528e-09	3.2178e-10	4.2366e-07	-3.257e-07	-5.4937e-08	1.8534e-09	2.0286e-10	3.7826e-07	-3.2544e-07	-2.87722e-08	1.2357e-09	1.608e-10	3.5282e-07	-3.2536e-07	-1.4214e-08	8.0807e-10	1.3326e-10	3.3772e-07	-3.2442e-07	-6.6606e-09	5.2425e-10	1.1256e-10	3.3034e-07	-3.2446e-07	-2.2567e-09	3.3139000000000003e-10	1.023e-10	3.2632e-07	-3.2448e-07	5.0552e-10	2.1859e-10	7.345e-11	3.236e-07	-3.2442e-07
0.93	-1.007e-07	2.7124e-09	3.1449e-10	4.2344e-07	-3.2566e-07	-5.48186e-08	1.8227e-09	2.0252e-10	3.782e-07	-3.2542e-07	-2.8719e-08	1.211e-09	1.6507e-10	3.528e-07	-3.253e-07	-1.41938e-08	7.9092e-10	1.389e-10	3.3776e-07	-3.238e-07	-6.576e-09	5.1085e-10	1.1866e-10	3.3034e-07	-3.2436e-07	-2.271e-09	3.1753000000000004e-10	9.556e-11	3.2626e-07	-3.245e-07	5.9342e-10	2.1042e-10	8.541e-11	3.235e-07	-3.2436e-07
0.925	-1.005e-07	2.677e-09	3.1432e-10	4.2326e-07	-3.2572e-07	-5.473e-08	1.7954e-09	2.0851e-10	3.7814e-07	-3.254e-07	-2.88242e-08	1.1924e-09	1.6347e-10	3.5286e-07	-3.2544e-07	-1.42818e-08	7.7367e-10	1.4133000000000002e-10	3.3778e-07	-3.244e-07	-6.4661e-09	4.936300000000001e-10	1.1686e-10	3.304e-07	-3.2444e-07	-2.2457e-09	3.0831000000000004e-10	1.0078e-10	3.2628e-07	-3.2438e-07	4.8482e-10	1.9903e-10	8.24e-11	3.2356e-07	-3.2376e-07
0.92	-1.004e-07	2.6375e-09	3.2341e-10	4.2318e-07	-3.2576e-07	-5.468539999999999e-08	1.7661e-09	2.0148e-10	3.785e-07	-3.2578e-07	-2.87604e-08	1.169e-09	1.6662000000000002e-10	3.5278e-07	-3.2536e-07	-1.43096e-08	7.5721e-10	1.4187000000000002e-10	3.378e-07	-3.2442e-07	-6.6398e-09	4.842400000000001e-10	1.1907e-10	3.3034e-07	-3.244e-07	-2.2196e-09	2.9528000000000004e-10	1.0565e-10	3.2622e-07	-3.2436e-07	5.2894e-10	1.9078e-10	8.079000000000001e-11	3.2352e-07	-3.244e-07
0.915	-1.0036e-07	2.6018e-09	3.1325000000000003e-10	4.2308e-07	-3.2572e-07	-5.45564e-08	1.7386e-09	2.1177e-10	3.7812e-07	-3.2544e-07	-2.86962e-08	1.1478e-09	1.7048000000000002e-10	3.5274e-07	-3.2532e-07	-1.4345e-08	7.4021e-10	1.4290000000000002e-10	3.3782e-07	-3.245e-07	-6.5167e-09	4.659300000000001e-10	1.2630000000000002e-10	3.3034e-07	-3.244e-07	-2.3903e-09	2.8635e-10	1.0216e-10	3.2622e-07	-3.2436e-07	7.0356e-10	1.7955000000000002e-10	9.105e-11	3.2364e-07	-3.243e-07
0.91	-1e-07	2.5646e-09	3.2100000000000003e-10	4.229e-07	-3.257e-07	-5.464819999999999e-08	1.7103e-09	2.0201e-10	3.7816e-07	-3.2546e-07	-2.87036e-08	1.1261e-09	1.6462000000000002e-10	3.5288e-07	-3.2538e-07	-1.42818e-08	7.2406e-10	1.4424e-10	3.3794e-07	-3.2452e-07	-6.6374e-09	4.5542e-10	1.1873e-10	3.3048e-07	-3.244e-07	-2.1317e-09	2.716e-10	1.1436e-10	3.263e-07	-3.2442e-07	3.8902e-10	1.7317e-10	8.049000000000001e-11	3.235e-07	-3.2442e-07
0.905	-9.992e-08	2.5281e-09	3.1999000000000005e-10	4.2276e-07	-3.2566e-07	-5.44968e-08	1.6831e-09	2.1525e-10	3.7806e-07	-3.2528e-07	-2.85982e-08	1.1033e-09	1.7314e-10	3.5282e-07	-3.2526e-07	-1.4313999999999998e-08	7.052800000000001e-10	1.465e-10	3.3788e-07	-3.2438e-07	-6.4344e-09	4.3778e-10	1.3361000000000002e-10	3.3048e-07	-3.2446e-07	-2.3073e-09	2.6463e-10	1.0422e-10	3.2624e-07	-3.2442e-07	6.616600000000001e-10	1.6274000000000002e-10	9.393e-11	3.235e-07	-3.2452e-07
0.9	-9.970219999999999e-08	2.4917e-09	3.2692000000000005e-10	4.226e-07	-3.2576e-07	-5.454039999999999e-08	1.6581e-09	2.0491e-10	3.7794e-07	-3.2538e-07	-2.87272e-08	1.0849e-09	1.6648e-10	3.528e-07	-3.2538e-07	-1.42632e-08	6.9132e-10	1.4555e-10	3.3784e-07	-3.2434e-07	-6.6997e-09	4.2799e-10	1.2312e-10	3.3044e-07	-3.244e-07	-2.2078e-09	2.5289000000000004e-10	1.1742000000000002e-10	3.2624e-07	-3.2446e-07	5.744e-10	1.5343e-10	8.378e-11	3.2364e-07	-3.244e-07
0.895	-9.9729e-08	2.4582e-09	3.1308e-10	4.2258e-07	-3.2568e-07	-5.44082e-08	1.6296e-09	2.1657e-10	3.7804e-07	-3.2532e-07	-2.86232e-08	1.0632e-09	1.7936e-10	3.5278e-07	-3.2542e-07	-1.43372e-08	6.737600000000001e-10	1.4783000000000002e-10	3.3788e-07	-3.2446e-07	-6.5928e-09	4.1379e-10	1.3379e-10	3.3046e-07	-3.2438e-07	-2.2894e-09	2.4200000000000004e-10	1.0822e-10	3.2636e-07	-3.2444e-07	5.954400000000001e-10	1.4647e-10	9.472e-11	3.235e-07	-3.2442e-07
0.89	-9.95014e-08	2.4211e-09	3.2458000000000003e-10	4.2252e-07	-3.2566e-07	-5.44892e-08	1.6042e-09	2.0749000000000002e-10	3.7778e-07	-3.2542e-07	-2.88234e-08	1.0449e-09	1.6995000000000002e-10	3.5286e-07	-3.2532e-07	-1.4329199999999998e-08	6.5986e-10	1.5186e-10	3.3792e-07	-3.244e-07	-6.5237e-09	4.0037e-10	1.2767e-10	3.3054e-07	-3.2436e-07	-2.1682e-09	2.3214e-10	1.1554e-10	3.2638e-07	-3.2442e-07	5.584000000000001e-10	1.3621e-10	9.383e-11	3.235e-07	-3.2442e-07
0.885	-9.94072e-08	2.3901e-09	3.1729000000000005e-10	4.2228e-07	-3.2562e-07	-5.420299999999999e-08	1.5753e-09	2.1819e-10	3.7802e-07	-3.2542e-07	-2.8638e-08	1.0231e-09	1.7798000000000002e-10	3.528e-07	-3.254e-07	-1.43942e-08	6.443900000000001e-10	1.5137000000000002e-10	3.3782e-07	-3.2436e-07	-6.6547e-09	3.8863e-10	1.3231e-10	3.305e-07	-3.2444e-07	-2.2002e-09	2.2098e-10	1.1734e-10	3.2634e-07	-3.2442e-07	5.9328e-10	1.2856000000000002e-10	8.889e-11	3.2358e-07	-3.2434e-07
0.88	-9.91184e-08	2.3519e-09	3.2188000000000003e-10	4.2222e-07	-3.2566e-07	-5.42952e-08	1.5518e-09	2.1116e-10	3.7788e-07	-3.255e-07	-2.8724e-08	1.0046e-09	1.7547000000000002e-10	3.5282e-07	-3.253e-07	-1.43168e-08	6.2874e-10	1.5322000000000001e-10	3.38e-07	-3.2438e-07	-6.5609e-09	3.7599e-10	1.3841000000000002e-10	3.3044e-07	-3.244e-07	-2.3683e-09	2.1435e-10	1.1311e-10	3.2626e-07	-3.2446e-07	6.9709e-10	1.1897e-10	1.0028e-10	3.2354e-07	-3.2436e-07
0.875	-9.906339999999999e-08	2.3195e-09	3.1888000000000004e-10	4.2204e-07	-3.2576e-07	-5.4206e-08	1.5245e-09	2.153e-10	3.7792e-07	-3.2534e-07	-2.85484e-08	9.8525e-10	1.8061e-10	3.5288e-07	-3.253e-07	-1.4353799999999998e-08	6.1373e-10	1.4999000000000002e-10	3.3738e-07	-3.2376e-07	-6.7251e-09	3.6362e-10	1.2878000000000002e-10	3.305e-07	-3.244e-07	-2.0731e-09	2e-10	1.2364e-10	3.2642e-07	-3.2442e-07	4.6713e-10	1.1237e-10	8.919e-11	3.2358e-07	-3.2434e-07
0.87	-9.87654e-08	2.2856e-09	3.1976000000000004e-10	4.2194e-07	-3.2554e-07	-5.4214399999999993e-08	1.5031e-09	2.1828e-10	3.778e-07	-3.2538e-07	-2.865e-08	9.6735e-10	1.7745000000000002e-10	3.5292e-07	-3.2542e-07	-1.4256599999999998e-08	5.976000000000001e-10	1.5785e-10	3.3798e-07	-3.244e-07	-6.5087e-09	3.5048e-10	1.4286e-10	3.3058e-07	-3.245e-07	-2.2657e-09	1.9436e-10	1.1095000000000001e-10	3.2564e-07	-3.245e-07	6.860200000000001e-10	1.0298e-10	9.734e-11	3.2362e-07	-3.2442e-07
0.865	-9.87728e-08	2.2552e-09	3.2337000000000004e-10	4.2186e-07	-3.2564e-07	-5.41602e-08	1.4783e-09	2.1729e-10	3.7786e-07	-3.2544e-07	-2.86654e-08	9.4696e-10	1.8576e-10	3.5294e-07	-3.253e-07	-1.43838e-08	5.844600000000001e-10	1.5475e-10	3.3798e-07	-3.2446e-07	-6.7515e-09	3.4039e-10	1.2945e-10	3.3064e-07	-3.2452e-07	-2.1681e-09	1.8337e-10	1.2675e-10	3.2634e-07	-3.2446e-07	6.5636e-10	9.414e-11	9.773e-11	3.2358e-07	-3.2438e-07
0.86	-9.86682e-08	2.2206e-09	3.2027e-10	4.2174e-07	-3.2556e-07	-5.413519999999999e-08	1.4528e-09	2.2312000000000003e-10	3.7794e-07	-3.2546e-07	-2.86556e-08	9.2973e-10	1.7826e-10	3.5288e-07	-3.2536e-07	-1.4299399999999998e-08	5.6834e-10	1.6007000000000002e-10	3.381e-07	-3.2436e-07	-6.6527e-09	3.2855e-10	1.4237000000000002e-10	3.3062e-07	-3.245e-07	-2.2691e-09	1.7521e-10	1.1472e-10	3.2632e-07	-3.244e-07	5.1145e-10	8.759e-11	9.656e-11	3.2348e-07	-3.2434e-07
0.855	-9.84736e-08	2.1865e-09	3.2522000000000004e-10	4.217e-07	-3.2562e-07	-5.4066199999999993e-08	1.4281e-09	2.1348e-10	3.7784e-07	-3.2548e-07	-2.86482e-08	9.0912e-10	1.8476e-10	3.5198e-07	-3.2438e-07	-1.4510599999999998e-08	5.583e-10	1.5531e-10	3.3804e-07	-3.2442e-07	-6.6712e-09	3.1446e-10	1.3633e-10	3.3062e-07	-3.244e-07	-2.1355e-09	1.6575000000000002e-10	1.2398000000000002e-10	3.2634e-07	-3.2442e-07	7.2052e-10	7.67e-11	1.053e-10	3.2358e-07	-3.244e-07
0.85	-9.83496e-08	2.1553e-09	3.1601000000000003e-10	4.215e-07	-3.2574e-07	-5.3937e-08	1.4037e-09	2.2645000000000003e-10	3.7768e-07	-3.2546e-07	-2.86014e-08	8.903600000000001e-10	1.8121e-10	3.5194e-07	-3.2444e-07	-1.43126e-08	5.3999e-10	1.6111e-10	3.3808e-07	-3.2436e-07	-6.6868e-09	3.0625e-10	1.3891000000000001e-10	3.3058e-07	-3.2442e-07	-2.1965e-09	1.5756000000000002e-10	1.2392e-10	3.2628e-07	-3.2446e-07	6.010100000000001e-10	6.89e-11	9.516e-11	3.2344e-07	-3.2442e-07
0.845	-9.796859999999999e-08	2.1231e-09	3.2876e-10	4.2132e-07	-3.2554e-07	-5.3987999999999993e-08	1.3809e-09	2.1719000000000003e-10	3.7814e-07	-3.2546e-07	-2.85156e-08	8.7337e-10	1.8678000000000003e-10	3.52e-07	-3.2436e-07	-1.4452799999999998e-08	5.288600000000001e-10	1.6000000000000002e-10	3.3808e-07	-3.2436e-07	-6.6978e-09	2.9367000000000003e-10	1.4626000000000002e-10	3.307e-07	-3.2446e-07	-2.32e-09	1.4996000000000002e-10	1.1882e-10	3.2634e-07	-3.2448e-07	6.7144e-10	6.173e-11	1.0836e-10	3.2352e-07	-3.244e-07
0.84	-9.801559999999999e-08	2.0937e-09	3.1474000000000004e-10	4.2132e-07	-3.2566e-07	-5.38594e-08	1.356e-09	2.2751e-10	3.7772e-07	-3.2544e-07	-2.85954e-08	8.5397e-10	1.8493000000000003e-10	3.52e-07	-3.2448e-07	-1.42848e-08	5.098900000000001e-10	1.6418000000000002e-10	3.3814e-07	-3.2436e-07	-6.7854e-09	2.8445000000000004e-10	1.3847e-10	3.3066e-07	-3.2444e-07	-2.0228e-09	1.3842e-10	1.3124e-10	3.2644e-07	-3.2438e-07	5.652000000000001e-10	5.2640000000000005e-11	9.966e-11	3.2364e-07	-3.2438e-07
0.835	-9.78568e-08	2.0606e-09	3.2935e-10	4.212e-07	-3.256e-07	-5.396179999999999e-08	1.3344e-09	2.1879000000000003e-10	3.7776e-07	-3.2546e-07	-2.86332e-08	8.3837e-10	1.8703000000000003e-10	3.5162e-07	-3.2374e-07	-1.44278e-08	5.0147e-10	1.6356e-10	3.3814e-07	-3.2446e-07	-6.5595e-09	2.699e-10	1.5314e-10	3.3066e-07	-3.2444e-07	-2.2611e-09	1.3234e-10	1.2238000000000002e-10	3.263e-07	-3.2442e-07	7.2085e-10	4.575e-11	1.0594e-10	3.2356e-07	-3.2436e-07
0.83	-9.78672e-08	2.0316e-09	3.1816e-10	4.2108e-07	-3.256e-07	-5.37882e-08	1.3097e-09	2.2942e-10	3.7808e-07	-3.257e-07	-2.864e-08	8.2135e-10	1.8985e-10	3.5206e-07	-3.2432e-07	-1.4416799999999998e-08	4.852500000000001e-10	1.6277000000000002e-10	3.3822e-07	-3.2438e-07	-6.8582e-09	2.635e-10	1.4144e-10	3.3064e-07	-3.2452e-07	-2.1647e-09	1.2334e-10	1.3183e-10	3.2624e-07	-3.2446e-07	6.962e-10	3.606e-11	1.0781e-10	3.236e-07	-3.2438e-07
0.825	-9.75802e-08	1.9988e-09	3.2734000000000003e-10	4.2096e-07	-3.2568e-07	-5.38586e-08	1.2891e-09	2.2242e-10	3.7772e-07	-3.2546e-07	-2.86162e-08	8.0407e-10	1.8885000000000003e-10	3.521e-07	-3.2446e-07	-1.45198e-08	4.7593e-10	1.6868e-10	3.382e-07	-3.2446e-07	-6.7352e-09	2.4929e-10	1.5287e-10	3.3068e-07	-3.2446e-07	-2.1587e-09	1.1317e-10	1.2767e-10	3.2648e-07	-3.2442e-07	5.6299e-10	3.047e-11	1.0414e-10	3.236e-07	-3.2442e-07
0.82	-9.75688e-08	1.9717e-09	3.2069e-10	4.2088e-07	-3.2558e-07	-5.36636e-08	1.2642e-09	2.2940000000000003e-10	3.777e-07	-3.2544e-07	-2.85652e-08	7.8608e-10	1.8887e-10	3.5208e-07	-3.2442e-07	-1.4462599999999998e-08	4.5819000000000005e-10	1.6494e-10	3.3822e-07	-3.2434e-07	-6.754e-09	2.4096e-10	1.4290000000000002e-10	3.3004e-07	-3.237e-07	-2.1503e-09	1.0778000000000001e-10	1.2703e-10	3.2644e-07	-3.2446e-07	7.5973e-10	1.799e-11	1.1356e-10	3.235e-07	-3.2436e-07
0.815	-9.73006e-08	1.939e-09	3.2482e-10	4.2064e-07	-3.2564e-07	-5.37126e-08	1.2437e-09	2.2537e-10	3.7766e-07	-3.2542e-07	-2.85424e-08	7.6956e-10	1.9129e-10	3.5206e-07	-3.2438e-07	-1.44802e-08	4.4842e-10	1.7403000000000002e-10	3.3826e-07	-3.2434e-07	-6.7456e-09	2.3094e-10	1.4971000000000002e-10	3.3072e-07	-3.2436e-07	-2.1478e-09	9.787e-11	1.3496000000000002e-10	3.2626e-07	-3.2438e-07	6.7649e-10	1.179e-11	1.0542e-10	3.2304e-07	-3.2364e-07
0.81	-9.72816e-08	1.9121e-09	3.2363000000000005e-10	4.2058e-07	-3.2566e-07	-5.361619999999999e-08	1.2214e-09	2.2884e-10	3.777e-07	-3.2538e-07	-2.8588e-08	7.5307e-10	1.9041e-10	3.5216e-07	-3.2446e-07	-1.44698e-08	4.3283e-10	1.6397e-10	3.3828e-07	-3.2434e-07	-6.7804e-09	2.2172e-10	1.5168e-10	3.3082e-07	-3.244e-07	-2.2411e-09	9.263e-11	1.2530000000000002e-10	3.2554e-07	-3.2362e-07	6.777500000000001e-10	3.2600000000000002e-12	1.1515e-10	3.2292e-07	-3.2376e-07
0.805	-9.70868e-08	1.8826e-09	3.2243000000000004e-10	4.2066e-07	-3.2566e-07	-5.374579999999999e-08	1.2003e-09	2.305e-10	3.7766e-07	-3.254e-07	-2.86402e-08	7.3826e-10	1.9509e-10	3.5212e-07	-3.2448e-07	-1.44068e-08	4.2164000000000006e-10	1.7384000000000002e-10	3.3782e-07	-3.2374e-07	-6.8623e-09	2.1057000000000003e-10	1.4576000000000002e-10	3.303e-07	-3.244e-07	-2.0079e-09	8.161e-11	1.3964000000000002e-10	3.2626e-07	-3.2436e-07	6.6227e-10	-5.49e-12	1.0875e-10	3.2362e-07	-3.2434e-07
0.8	-9.70692e-08	1.8545e-09	3.2604000000000004e-10	4.2044e-07	-3.2562e-07	-5.37128e-08	1.179e-09	2.2789000000000003e-10	3.7772e-07	-3.2538e-07	-2.87136e-08	7.217e-10	1.9292e-10	3.522e-07	-3.244e-07	-1.46084e-08	4.0822e-10	1.6615000000000002e-10	3.383e-07	-3.2454e-07	-6.6909e-09	2.0139e-10	1.5763e-10	3.3086e-07	-3.2446e-07	-2.2126e-09	7.639e-11	1.293e-10	3.2626e-07	-3.2436e-07	7.4926e-10	-1.3680000000000001e-11	1.1057e-10	3.2286e-07	-3.2386e-07
0.795	-9.704239999999998e-08	1.8269e-09	3.2282000000000003e-10	4.2046e-07	-3.2562e-07	-5.36216e-08	1.1573e-09	2.3353e-10	3.7772e-07	-3.2542e-07	-2.86696e-08	7.049800000000001e-10	1.9659e-10	3.5222e-07	-3.2446e-07	-1.4491599999999998e-08	3.9760000000000005e-10	1.7973e-10	3.384e-07	-3.2442e-07	-6.8994e-09	1.9124e-10	1.4904e-10	3.3088e-07	-3.2436e-07	-2.1551e-09	6.885e-11	1.3998000000000002e-10	3.263e-07	-3.244e-07	7.164400000000001e-10	-2.185e-11	1.1516e-10	3.2356e-07	-3.2436e-07
0.79	-9.68234e-08	1.7987e-09	3.2902e-10	4.2034e-07	-3.2556e-07	-5.3588799999999993e-08	1.1365e-09	2.2872e-10	3.776e-07	-3.2546e-07	-2.86822e-08	6.905900000000001e-10	1.9395e-10	3.5228e-07	-3.2442e-07	-1.4674399999999998e-08	3.8342e-10	1.6797000000000002e-10	3.3838e-07	-3.2374e-07	-6.8163e-09	1.84e-10	1.6017e-10	3.3084e-07	-3.2438e-07	-2.1108e-09	5.966e-11	1.3469e-10	3.263e-07	-3.2434e-07	6.3569e-10	-2.9920000000000005e-11	1.1085e-10	3.2292e-07	-3.2358e-07
0.785	-9.6785e-08	1.77e-09	3.1739000000000003e-10	4.2046e-07	-3.2566e-07	-5.34394e-08	1.1152e-09	2.3517000000000003e-10	3.776e-07	-3.2552e-07	-2.85482e-08	6.7171e-10	1.9986e-10	3.5228e-07	-3.2446e-07	-1.44608e-08	3.7157e-10	1.7916e-10	3.3848e-07	-3.2444e-07	-6.8335e-09	1.7199000000000002e-10	1.5251000000000002e-10	3.3088e-07	-3.2432e-07	-2.0992e-09	5.3660000000000005e-11	1.3574e-10	3.2638e-07	-3.2434e-07	7.9899e-10	-4.149e-11	1.1744e-10	3.2362e-07	-3.2432e-07
0.78	-9.65586e-08	1.7415e-09	3.312e-10	4.2022e-07	-3.2562e-07	-5.35404e-08	1.0952e-09	2.3182e-10	3.776e-07	-3.2538e-07	-2.87326e-08	6.601200000000001e-10	1.9303e-10	3.5232e-07	-3.2442e-07	-1.46396e-08	3.597e-10	1.7067000000000002e-10	3.3846e-07	-3.244e-07	-6.7814e-09	1.6651e-10	1.5890000000000001e-10	3.3094e-07	-3.2436e-07	-2.1399e-09	4.527e-11	1.4126e-10	3.2634e-07	-3.2434e-07	7.3387e-10	-4.7870000000000005e-11	1.1241e-10	3.2364e-07	-3.2442e-07
0.775	-9.65352e-08	1.7157e-09	3.1991000000000004e-10	4.201e-07	-3.256e-07	-5.35306e-08	1.0745e-09	2.3593000000000003e-10	3.776e-07	-3.2536e-07	-2.85684e-08	6.424000000000001e-10	2.0473000000000003e-10	3.5228e-07	-3.2446e-07	-1.44632e-08	3.4687e-10	1.8078e-10	3.3838e-07	-3.2434e-07	-6.8596e-09	1.5530000000000002e-10	1.6188e-10	3.3086e-07	-3.244e-07	-2.1612e-09	3.9170000000000005e-11	1.3352000000000002e-10	3.2632e-07	-3.245e-07	6.9939e-10	-5.793000000000001e-11	1.1792000000000002e-10	3.2362e-07	-3.243e-07
0.77	-9.64196e-08	1.6874e-09	3.2992000000000004e-10	4.2006e-07	-3.2566e-07	-5.35928e-08	1.0565e-09	2.3529e-10	3.777e-07	-3.2536e-07	-2.88422e-08	6.2957e-10	1.9637e-10	3.5166e-07	-3.2436e-07	-1.46984e-08	3.3638000000000003e-10	1.7544000000000002e-10	3.387e-07	-3.2442e-07	-6.9287e-09	1.4887e-10	1.5736e-10	3.31e-07	-3.2446e-07	-1.9966e-09	2.9340000000000005e-11	1.4321000000000002e-10	3.2632e-07	-3.2434e-07	7.4004e-10	-6.776000000000001e-11	1.1487e-10	3.235e-07	-3.243e-07
0.765	-9.65494e-08	1.6638e-09	3.2247e-10	4.1992e-07	-3.2556e-07	-5.35838e-08	1.0366e-09	2.382e-10	3.777e-07	-3.2548e-07	-2.86534e-08	6.128700000000001e-10	2.0464e-10	3.524e-07	-3.2434e-07	-1.4609599999999998e-08	3.2461000000000003e-10	1.7882e-10	3.3856e-07	-3.244e-07	-6.7408e-09	1.3671e-10	1.6687e-10	3.3096e-07	-3.2438e-07	-2.1762e-09	2.482e-11	1.3532e-10	3.2638e-07	-3.2442e-07	7.9186e-10	-7.575000000000001e-11	1.142e-10	3.2354e-07	-3.2432e-07
0.76	-9.62388e-08	1.6353e-09	3.3028e-10	4.2002e-07	-3.2564e-07	-5.34184e-08	1.0163e-09	2.3684000000000003e-10	3.7796e-07	-3.2548e-07	-2.87912e-08	6.0045e-10	2.0017e-10	3.5228e-07	-3.2424e-07	-1.47338e-08	3.1398000000000004e-10	1.8096e-10	3.3852e-07	-3.2436e-07	-6.9188e-09	1.3114e-10	1.5894000000000002e-10	3.31e-07	-3.244e-07	-2.1038e-09	1.6980000000000002e-11	1.4315000000000002e-10	3.2636e-07	-3.2438e-07	7.0659e-10	-8.546e-11	1.1828e-10	3.236e-07	-3.2436e-07
0.755	-9.62796e-08	1.6122e-09	3.2589000000000005e-10	4.1984e-07	-3.256e-07	-5.3412e-08	9.976e-10	2.3723e-10	3.7766e-07	-3.2542e-07	-2.85978e-08	5.830000000000001e-10	2.0225000000000003e-10	3.5238e-07	-3.2444e-07	-1.4718799999999998e-08	3.0089000000000003e-10	1.796e-10	3.3866e-07	-3.244e-07	-6.8886e-09	1.2151e-10	1.6817000000000003e-10	3.3098e-07	-3.2436e-07	-2.087e-09	9.82e-12	1.4014000000000002e-10	3.2638e-07	-3.2448e-07	7.3281e-10	-9.392e-11	1.1685000000000002e-10	3.2362e-07	-3.2442e-07
0.75	-9.59688e-08	1.5819e-09	3.2793e-10	4.1974e-07	-3.2562e-07	-5.33954e-08	9.7852e-10	2.3808e-10	3.7758e-07	-3.2528e-07	-2.87412e-08	5.703000000000001e-10	2.0437e-10	3.524e-07	-3.243e-07	-1.4655799999999998e-08	2.8984e-10	1.8443e-10	3.387e-07	-3.244e-07	-6.8571e-09	1.1241e-10	1.594e-10	3.304e-07	-3.2374e-07	-2.0024e-09	2.7600000000000004e-12	1.4610000000000002e-10	3.263e-07	-3.2436e-07	7.9782e-10	-1.0591e-10	1.1833000000000002e-10	3.2354e-07	-3.243e-07
0.745	-9.588199999999998e-08	1.5584e-09	3.2575000000000004e-10	4.1974e-07	-3.2558e-07	-5.33746e-08	9.6056e-10	2.3822000000000003e-10	3.776e-07	-3.2538e-07	-2.86886e-08	5.5479e-10	2.049e-10	3.523e-07	-3.2434e-07	-1.4717e-08	2.7792e-10	1.7706e-10	3.3868e-07	-3.2378e-07	-6.7946e-09	1.0539e-10	1.6546000000000002e-10	3.3094e-07	-3.2442e-07	-2.1158e-09	-3.9900000000000006e-12	1.4694e-10	3.2632e-07	-3.2436e-07	8.0093e-10	-1.1266000000000001e-10	1.1932e-10	3.236e-07	-3.2434e-07
0.74	-9.58474e-08	1.5342e-09	3.2747e-10	4.1942e-07	-3.256e-07	-5.33152e-08	9.4151e-10	2.4109000000000004e-10	3.7768e-07	-3.2542e-07	-2.87668e-08	5.4292e-10	2.0714e-10	3.5174e-07	-3.2446e-07	-1.46896e-08	2.6775000000000003e-10	1.8873e-10	3.3864e-07	-3.244e-07	-6.938e-09	9.64e-11	1.63e-10	3.31e-07	-3.244e-07	-2.0961e-09	-1.092e-11	1.4588000000000002e-10	3.2634e-07	-3.244e-07	7.2885e-10	-1.2503e-10	1.1972e-10	3.2368e-07	-3.2442e-07
0.735	-9.5761e-08	1.5096e-09	3.2863000000000003e-10	4.196e-07	-3.2562e-07	-5.347679999999999e-08	9.234799999999999e-10	2.4094e-10	3.776e-07	-3.2532e-07	-2.87768e-08	5.2955e-10	2.048e-10	3.5234e-07	-3.244e-07	-1.4849799999999998e-08	2.5918000000000003e-10	1.8094e-10	3.3874e-07	-3.2444e-07	-6.9244e-09	8.961e-11	1.6428e-10	3.3104e-07	-3.2436e-07	-1.9919e-09	-1.9530000000000003e-11	1.4972e-10	3.2628e-07	-3.2436e-07	7.8408e-10	-1.3388e-10	1.1835e-10	3.2364e-07	-3.2438e-07
0.73	-9.572119999999998e-08	1.4846e-09	3.2658e-10	4.1938e-07	-3.2556e-07	-5.32948e-08	9.0262e-10	2.4252e-10	3.7756e-07	-3.254e-07	-2.87068e-08	5.1417e-10	2.1156e-10	3.5248e-07	-3.2442e-07	-1.4795799999999998e-08	2.4588000000000003e-10	1.8970000000000003e-10	3.388e-07	-3.244e-07	-6.8215e-09	7.938e-11	1.6770000000000003e-10	3.31e-07	-3.244e-07	-2.0455e-09	-2.48e-11	1.4507000000000002e-10	3.262e-07	-3.2434e-07	8.7471e-10	-1.4526000000000002e-10	1.2081000000000002e-10	3.2358e-07	-3.244e-07
0.725	-9.56278e-08	1.4595e-09	3.2932e-10	4.1952e-07	-3.256e-07	-5.337339999999999e-08	8.860200000000001e-10	2.3980000000000004e-10	3.776e-07	-3.2538e-07	-2.8814e-08	5.0096e-10	2.0056e-10	3.5246e-07	-3.2444e-07	-1.4914999999999998e-08	2.3689e-10	1.7943000000000002e-10	3.3876e-07	-3.2436e-07	-6.9398e-09	7.344e-11	1.6589e-10	3.3104e-07	-3.2444e-07	-2.0854e-09	-3.3160000000000005e-11	1.501e-10	3.2626e-07	-3.2414e-07	7.135100000000001e-10	-1.5176e-10	1.2093000000000002e-10	3.2356e-07	-3.2434e-07
0.72	-9.548479999999999e-08	1.4358e-09	3.2643000000000003e-10	4.1938e-07	-3.2564e-07	-5.32284e-08	8.6758e-10	2.4293e-10	3.7762e-07	-3.255e-07	-2.86844e-08	4.8568e-10	2.152e-10	3.525e-07	-3.2436e-07	-1.4764199999999998e-08	2.2314e-10	1.9586e-10	3.3878e-07	-3.2366e-07	-6.9171e-09	6.618000000000001e-11	1.7275000000000002e-10	3.3108e-07	-3.2444e-07	-2.0615e-09	-3.966e-11	1.4505e-10	3.2562e-07	-3.243e-07	8.31e-10	-1.6543000000000002e-10	1.2653e-10	3.236e-07	-3.2434e-07
0.715	-9.53904e-08	1.4123e-09	3.3196e-10	4.1926e-07	-3.256e-07	-5.3313e-08	8.5055e-10	2.4582000000000004e-10	3.7758e-07	-3.2532e-07	-2.88538e-08	4.7539e-10	2.0296e-10	3.5258e-07	-3.244e-07	-1.49018e-08	2.1545e-10	1.8301e-10	3.3892e-07	-3.2436e-07	-6.8818e-09	5.7190000000000005e-11	1.6815e-10	3.3106e-07	-3.2408e-07	-1.9772e-09	-4.771e-11	1.4856e-10	3.2556e-07	-3.2374e-07	8.4666e-10	-1.7520000000000003e-10	1.2089e-10	3.2362e-07	-3.2438e-07
0.71	-9.535039999999999e-08	1.3877e-09	3.2571e-10	4.194e-07	-3.2564e-07	-5.33502e-08	8.337200000000001e-10	2.4365000000000003e-10	3.7758e-07	-3.2534e-07	-2.88014e-08	4.5984e-10	2.1756e-10	3.5262e-07	-3.2446e-07	-1.4828999999999998e-08	2.0304e-10	1.9239e-10	3.3894e-07	-3.2442e-07	-6.8514e-09	5.0640000000000006e-11	1.7256000000000002e-10	3.3114e-07	-3.244e-07	-2.0625e-09	-5.292e-11	1.4701000000000002e-10	3.2636e-07	-3.2442e-07	8.1574e-10	-1.8554e-10	1.2578e-10	3.2364e-07	-3.2434e-07
0.705	-9.53808e-08	1.3651e-09	3.311e-10	4.1906e-07	-3.2548e-07	-5.33136e-08	8.168600000000001e-10	2.4809e-10	3.7768e-07	-3.2542e-07	-2.89612e-08	4.5059e-10	2.0628e-10	3.5262e-07	-3.2436e-07	-1.5003e-08	1.9712e-10	1.8631000000000003e-10	3.3886e-07	-3.2446e-07	-6.9316e-09	4.178e-11	1.7207e-10	3.3112e-07	-3.2444e-07	-2.0715e-09	-6.025e-11	1.4857e-10	3.2604e-07	-3.2408e-07	8.1518e-10	-1.9639e-10	1.2557e-10	3.2364e-07	-3.2436e-07
0.7	-9.52676e-08	1.3428e-09	3.3062000000000004e-10	4.1928e-07	-3.2556e-07	-5.32402e-08	7.9875e-10	2.4262000000000004e-10	3.7748e-07	-3.253e-07	-2.87698e-08	4.3305e-10	2.1863000000000002e-10	3.5268e-07	-3.2438e-07	-1.4963199999999997e-08	1.8425e-10	1.9355e-10	3.3908e-07	-3.2436e-07	-6.9113e-09	3.59e-11	1.7353000000000002e-10	3.3114e-07	-3.2446e-07	-1.9758e-09	-6.816e-11	1.4933000000000002e-10	3.2628e-07	-3.244e-07	8.4668e-10	-2.0814e-10	1.2289e-10	3.2362e-07	-3.244e-07
0.695	-9.52496e-08	1.3203e-09	3.3028e-10	4.1906e-07	-3.2556e-07	-5.3161e-08	7.8155e-10	2.5081000000000004e-10	3.776e-07	-3.2538e-07	-2.8934e-08	4.2328e-10	2.0691e-10	3.5262e-07	-3.2444e-07	-1.50432e-08	1.7749000000000003e-10	1.9266e-10	3.3906e-07	-3.244e-07	-6.8906e-09	2.737e-11	1.7371e-10	3.3118e-07	-3.244e-07	-1.9883e-09	-7.511e-11	1.5065000000000002e-10	3.2626e-07	-3.244e-07	9.4911e-10	-2.1921e-10	1.2751e-10	3.236e-07	-3.2436e-07
0.69	-9.51056e-08	1.2961e-09	3.3053000000000005e-10	4.1904e-07	-3.2556e-07	-5.32458e-08	7.6541e-10	2.4394000000000004e-10	3.7766e-07	-3.253e-07	-2.87232e-08	4.07e-10	2.1927e-10	3.527e-07	-3.2438e-07	-1.49778e-08	1.6521000000000002e-10	1.9313e-10	3.39e-07	-3.2438e-07	-6.8499e-09	2.147e-11	1.7534e-10	3.3106e-07	-3.245e-07	-2.0801e-09	-8.109e-11	1.5315e-10	3.263e-07	-3.244e-07	7.2677e-10	-2.2875e-10	1.213e-10	3.2364e-07	-3.2438e-07
0.685	-9.50202e-08	1.273e-09	3.3092000000000003e-10	4.1894e-07	-3.2554e-07	-5.31588e-08	7.4779e-10	2.5271e-10	3.7764e-07	-3.2536e-07	-2.89336e-08	3.9746e-10	2.0951e-10	3.5268e-07	-3.2436e-07	-1.50516e-08	1.562e-10	1.9205e-10	3.384e-07	-3.2436e-07	-6.9652e-09	1.342e-11	1.7647e-10	3.3114e-07	-3.245e-07	-1.9903e-09	-8.993e-11	1.5338000000000002e-10	3.2636e-07	-3.2436e-07	9.8707e-10	-2.4164e-10	1.3111e-10	3.2362e-07	-3.2438e-07
0.68	-9.48806e-08	1.2532e-09	3.3111e-10	4.1888e-07	-3.2554e-07	-5.33164e-08	7.338000000000001e-10	2.4248e-10	3.7762e-07	-3.2534e-07	-2.88516e-08	3.8477e-10	2.1972e-10	3.5276e-07	-3.2442e-07	-1.5059e-08	1.4868000000000002e-10	1.9371e-10	3.391e-07	-3.2432e-07	-6.8638e-09	6.900000000000001e-12	1.7674e-10	3.311e-07	-3.2446e-07	-1.9567e-09	-9.689e-11	1.5389000000000002e-10	3.2632e-07	-3.2434e-07	8.866100000000001e-10	-2.5329e-10	1.2347e-10	3.236e-07	-3.2436e-07
0.675	-9.477719999999999e-08	1.2298e-09	3.321e-10	4.1872e-07	-3.255e-07	-5.32078e-08	7.16e-10	2.5831e-10	3.7768e-07	-3.254e-07	-2.90032e-08	3.7387e-10	2.1778e-10	3.5268e-07	-3.2438e-07	-1.5124999999999998e-08	1.3834e-10	2.0040000000000003e-10	3.3906e-07	-3.244e-07	-6.8443e-09	-1.83e-12	1.7645000000000002e-10	3.3124e-07	-3.2442e-07	-1.9887e-09	-1.0445e-10	1.5526000000000001e-10	3.2632e-07	-3.2436e-07	8.5186e-10	-2.6405000000000003e-10	1.2996e-10	3.2364e-07	-3.2438e-07
0.67	-9.47854e-08	1.2087e-09	3.2889000000000004e-10	4.1882e-07	-3.2556e-07	-5.33288e-08	7.0045e-10	2.4386e-10	3.7754e-07	-3.2544e-07	-2.89404e-08	3.589e-10	2.1653000000000003e-10	3.522e-07	-3.237e-07	-1.51946e-08	1.3144e-10	1.9218e-10	3.3916e-07	-3.2442e-07	-6.9014e-09	-4.810000000000001e-12	1.7841e-10	3.3114e-07	-3.244e-07	-2.0165e-09	-1.1148e-10	1.5513e-10	3.2628e-07	-3.2434e-07	9.443e-10	-2.7753e-10	1.2917e-10	3.2366e-07	-3.2436e-07
0.665	-9.478819999999999e-08	1.1868e-09	3.3787000000000004e-10	4.1876e-07	-3.255e-07	-5.30916e-08	6.8363e-10	2.5793e-10	3.7764e-07	-3.2534e-07	-2.8965e-08	3.476e-10	2.2035e-10	3.5286e-07	-3.244e-07	-1.52138e-08	1.1973e-10	2.0074e-10	3.3928e-07	-3.2438e-07	-6.9504e-09	-1.57e-11	1.7861000000000002e-10	3.3106e-07	-3.2442e-07	-1.9529e-09	-1.1962e-10	1.5367000000000002e-10	3.263e-07	-3.244e-07	8.7415e-10	-2.8828e-10	1.2466e-10	3.2372e-07	-3.2438e-07
0.66	-9.47238e-08	1.1677e-09	3.2879e-10	4.1872e-07	-3.2552e-07	-5.32144e-08	6.688300000000001e-10	2.4693e-10	3.7754e-07	-3.2542e-07	-2.8988e-08	3.3499000000000005e-10	2.1545e-10	3.5288e-07	-3.244e-07	-1.5216399999999997e-08	1.143e-10	1.9575e-10	3.393e-07	-3.244e-07	-6.8657e-09	-1.929e-11	1.7769e-10	3.312e-07	-3.2448e-07	-1.882e-09	-1.2777000000000001e-10	1.5623e-10	3.2626e-07	-3.2436e-07	1.00384e-09	-3.0233000000000003e-10	1.3387e-10	3.2362e-07	-3.2442e-07
0.655	-9.45274e-08	1.1436e-09	3.3452e-10	4.186e-07	-3.2546e-07	-5.30616e-08	6.513e-10	2.5824000000000003e-10	3.7768e-07	-3.254e-07	-2.89528e-08	3.2383e-10	2.2353000000000003e-10	3.5284e-07	-3.2438e-07	-1.5167199999999997e-08	1.0132e-10	2.0159000000000002e-10	3.3928e-07	-3.2434e-07	-6.8238e-09	-2.9520000000000005e-11	1.8268e-10	3.3116e-07	-3.2436e-07	-2.0635e-09	-1.3373e-10	1.5293e-10	3.2632e-07	-3.2442e-07	8.142e-10	-3.1096000000000003e-10	1.2294000000000002e-10	3.2358e-07	-3.2444e-07
0.65	-9.45954e-08	1.1259e-09	3.2738e-10	4.1874e-07	-3.2548e-07	-5.32418e-08	6.3962e-10	2.5072000000000004e-10	3.7762e-07	-3.2538e-07	-2.9116e-08	3.1305e-10	2.171e-10	3.5288e-07	-3.2434e-07	-1.52364e-08	9.711e-11	1.9646e-10	3.393e-07	-3.2434e-07	-7.0035e-09	-3.131e-11	1.7915000000000002e-10	3.3028e-07	-3.2362e-07	-1.9059e-09	-1.4282e-10	1.5686000000000001e-10	3.2636e-07	-3.2438e-07	1.042e-09	-3.2612e-10	1.3479e-10	3.2368e-07	-3.2442e-07
0.645	-9.4347e-08	1.1017e-09	3.383e-10	4.1852e-07	-3.255e-07	-5.32098e-08	6.2213e-10	2.5832000000000004e-10	3.7774e-07	-3.2536e-07	-2.90668e-08	3.0014e-10	2.2697e-10	3.5292e-07	-3.2432e-07	-1.5278999999999997e-08	8.606000000000001e-11	2.0200000000000003e-10	3.3932e-07	-3.2442e-07	-6.8066e-09	-4.153e-11	1.8572e-10	3.3116e-07	-3.2434e-07	-1.9314999999999998e-09	-1.5028000000000002e-10	1.5404000000000002e-10	3.2626e-07	-3.243e-07	9.6716e-10	-3.3808000000000004e-10	1.2945e-10	3.2372e-07	-3.2446e-07
0.64	-9.452359999999998e-08	1.0846e-09	3.2915000000000005e-10	4.1848e-07	-3.2562e-07	-5.32418e-08	6.081200000000001e-10	2.5310000000000004e-10	3.7766e-07	-3.2532e-07	-2.91788e-08	2.9027e-10	2.1698e-10	3.5302e-07	-3.2442e-07	-1.53548e-08	8.149e-11	2.0092e-10	3.394e-07	-3.2436e-07	-6.8902e-09	-4.654e-11	1.7991e-10	3.311e-07	-3.2434e-07	-1.8999e-09	-1.571e-10	1.6033e-10	3.2626e-07	-3.2442e-07	8.823200000000001e-10	-3.4905e-10	1.3144e-10	3.236e-07	-3.2428e-07
0.635	-9.430039999999999e-08	1.0627e-09	3.3659e-10	4.1846e-07	-3.2554e-07	-5.316619999999999e-08	5.9137e-10	2.5786000000000003e-10	3.7772e-07	-3.2536e-07	-2.90404e-08	2.773e-10	2.2918000000000003e-10	3.531e-07	-3.244e-07	-1.5383e-08	7.045e-11	2.0514000000000003e-10	3.3948e-07	-3.2442e-07	-6.8887e-09	-5.369e-11	1.8747000000000003e-10	3.3114e-07	-3.2434e-07	-1.9683e-09	-1.6601e-10	1.5952e-10	3.2624e-07	-3.2436e-07	1.0659400000000001e-09	-3.6426e-10	1.3684000000000002e-10	3.236e-07	-3.2432e-07
0.63	-9.45112e-08	1.0444e-09	3.3093e-10	4.1864e-07	-3.2562e-07	-5.316179999999999e-08	5.783400000000001e-10	2.5669e-10	3.7784e-07	-3.253e-07	-2.91704e-08	2.6727e-10	2.1768e-10	3.531e-07	-3.2436e-07	-1.5390799999999998e-08	6.480000000000001e-11	2.0009e-10	3.3944e-07	-3.244e-07	-6.9248e-09	-6.061000000000001e-11	1.8212e-10	3.3114e-07	-3.2438e-07	-1.9218e-09	-1.7281000000000002e-10	1.5877e-10	3.2626e-07	-3.243e-07	9.3407e-10	-3.7569e-10	1.2625e-10	3.2364e-07	-3.243e-07
0.625	-9.42546e-08	1.0239e-09	3.3816e-10	4.1842e-07	-3.255e-07	-5.31646e-08	5.6234e-10	2.537e-10	3.7786e-07	-3.2532e-07	-2.90824e-08	2.5454000000000003e-10	2.2962000000000003e-10	3.5312e-07	-3.2436e-07	-1.5392399999999998e-08	5.455e-11	2.0442e-10	3.3954e-07	-3.2434e-07	-6.8811e-09	-6.690000000000001e-11	1.8308e-10	3.3114e-07	-3.2434e-07	-1.7805e-09	-1.8386000000000002e-10	1.6386000000000002e-10	3.2624e-07	-3.2436e-07	1.08734e-09	-3.8906000000000005e-10	1.4161000000000002e-10	3.2356e-07	-3.244e-07
0.62	-9.42812e-08	1.0057e-09	3.3286000000000003e-10	4.1838e-07	-3.2548e-07	-5.31922e-08	5.4869e-10	2.6249000000000004e-10	3.778e-07	-3.2538e-07	-2.9305e-08	2.4670000000000004e-10	2.2294e-10	3.5312e-07	-3.2438e-07	-1.53824e-08	4.852e-11	2.0616e-10	3.3956e-07	-3.243e-07	-6.7804e-09	-7.532e-11	1.8653000000000003e-10	3.312e-07	-3.244e-07	-2.0467e-09	-1.8921e-10	1.5807e-10	3.2624e-07	-3.2428e-07	1.1182e-09	-3.9896e-10	1.3987e-10	3.2364e-07	-3.2428e-07
0.615	-9.41412e-08	9.8488e-10	3.4246e-10	4.1828e-07	-3.2554e-07	-5.3284199999999993e-08	5.3393e-10	2.5434e-10	3.7772e-07	-3.2526e-07	-2.92114e-08	2.3366e-10	2.2987000000000003e-10	3.5312e-07	-3.2438e-07	-1.5453999999999997e-08	3.9750000000000005e-11	2.0448000000000003e-10	3.3956e-07	-3.2432e-07	-6.9939e-09	-7.722e-11	1.8037e-10	3.3106e-07	-3.244e-07	-1.8056e-09	-2.005e-10	1.6724e-10	3.2626e-07	-3.2434e-07	1.0322e-09	-4.1205e-10	1.2823e-10	3.236e-07	-3.2432e-07
0.61	-9.42908e-08	9.6729e-10	3.2847e-10	4.1842e-07	-3.255e-07	-5.32238e-08	5.2156e-10	2.6723e-10	3.7784e-07	-3.2548e-07	-2.93364e-08	2.2487e-10	2.2554000000000003e-10	3.5324e-07	-3.244e-07	-1.5552e-08	3.4290000000000005e-11	2.0697e-10	3.3898e-07	-3.2436e-07	-6.7945e-09	-8.817e-11	1.895e-10	3.3118e-07	-3.2442e-07	-1.894e-09	-2.0763e-10	1.5687000000000002e-10	3.2624e-07	-3.2436e-07	1.0791e-09	-4.2421e-10	1.3828e-10	3.2358e-07	-3.244e-07
0.605	-9.3983e-08	9.4667e-10	3.4008000000000003e-10	4.1828e-07	-3.2548e-07	-5.326179999999999e-08	5.070200000000001e-10	2.5397e-10	3.779e-07	-3.254e-07	-2.92578e-08	2.1135000000000002e-10	2.2803e-10	3.532e-07	-3.2442e-07	-1.55414e-08	2.544e-11	2.0861e-10	3.3972e-07	-3.2438e-07	-6.8987e-09	-9.167e-11	1.7972000000000003e-10	3.3108e-07	-3.2436e-07	-1.8292e-09	-2.1735e-10	1.6631000000000002e-10	3.2622e-07	-3.2436e-07	9.87e-10	-4.3939e-10	1.3343e-10	3.2362e-07	-3.2436e-07
0.6	-9.41642e-08	9.3062e-10	3.3385000000000004e-10	4.1822e-07	-3.2556e-07	-5.3049e-08	4.9145e-10	2.6599000000000003e-10	3.779e-07	-3.254e-07	-2.92924e-08	2.0265e-10	2.2912e-10	3.5324e-07	-3.244e-07	-1.56296e-08	1.79e-11	2.064e-10	3.3972e-07	-3.243e-07	-6.7789e-09	-9.847e-11	1.9185e-10	3.3028e-07	-3.2358e-07	-1.9173e-09	-2.2578e-10	1.6115e-10	3.2618e-07	-3.2438e-07	1.0534e-09	-4.5066e-10	1.319e-10	3.236e-07	-3.2436e-07
0.595	-9.38972e-08	9.086299999999999e-10	3.4126e-10	4.1822e-07	-3.2552e-07	-5.32812e-08	4.796700000000001e-10	2.5749e-10	3.778e-07	-3.2536e-07	-2.93148e-08	1.9019e-10	2.2967e-10	3.5332e-07	-3.2442e-07	-1.55498e-08	1.109e-11	2.1146e-10	3.3972e-07	-3.2442e-07	-6.9297e-09	-1.0476e-10	1.8576e-10	3.3112e-07	-3.2428e-07	-1.8553e-09	-2.3477e-10	1.6188e-10	3.2554e-07	-3.2432e-07	1.1754e-09	-4.6754e-10	1.4138e-10	3.235e-07	-3.2434e-07
0.59	-9.388479999999999e-08	8.9241e-10	3.3264e-10	4.1828e-07	-3.255e-07	-5.3073e-08	4.6409000000000005e-10	2.7038e-10	3.7774e-07	-3.2534e-07	-2.94034e-08	1.8152e-10	2.3095e-10	3.5342e-07	-3.2424e-07	-1.5604399999999997e-08	3.82e-12	2.0625e-10	3.3978e-07	-3.2438e-07	-6.8417e-09	-1.1034e-10	1.8856e-10	3.311e-07	-3.243e-07	-1.739e-09	-2.4619e-10	1.6618e-10	3.2624e-07	-3.2434e-07	1.0681e-09	-4.786700000000001e-10	1.3502000000000002e-10	3.237e-07	-3.2436e-07
0.585	-9.37944e-08	8.7185e-10	3.3873000000000003e-10	4.1816e-07	-3.255e-07	-5.327659999999999e-08	4.5401e-10	2.5665000000000004e-10	3.7784e-07	-3.2536e-07	-2.95066e-08	1.7012e-10	2.3058e-10	3.534e-07	-3.2438e-07	-1.5582199999999998e-08	-4.17e-12	2.1413e-10	3.3972e-07	-3.2436e-07	-6.6821e-09	-1.1985e-10	1.9326e-10	3.3112e-07	-3.2438e-07	-1.9885e-09	-2.5134000000000003e-10	1.5808e-10	3.2632e-07	-3.2436e-07	1.1e-09	-4.936300000000001e-10	1.4006e-10	3.236e-07	-3.2434e-07
0.58	-9.38102e-08	8.5686e-10	3.3775000000000005e-10	4.182e-07	-3.256e-07	-5.3177e-08	4.3906e-10	2.6895000000000004e-10	3.7794e-07	-3.2546e-07	-2.95344e-08	1.6143e-10	2.3631000000000003e-10	3.5348e-07	-3.244e-07	-1.5719e-08	-9.24e-12	2.0919e-10	3.3984e-07	-3.244e-07	-6.9733e-09	-1.2233e-10	1.8592e-10	3.3114e-07	-3.2358e-07	-1.7384e-09	-2.6428000000000004e-10	1.7113e-10	3.257e-07	-3.2434e-07	1.0982e-09	-5.067800000000001e-10	1.2996e-10	3.2362e-07	-3.243e-07
0.575	-9.38222e-08	8.3685e-10	3.3854e-10	4.182e-07	-3.2552e-07	-5.3272e-08	4.2757000000000005e-10	2.6332000000000003e-10	3.78e-07	-3.254e-07	-2.95394e-08	1.4940000000000002e-10	2.3067e-10	3.5358e-07	-3.244e-07	-1.5680399999999997e-08	-1.803e-11	2.1505e-10	3.3988e-07	-3.244e-07	-6.7007e-09	-1.3282e-10	1.9793e-10	3.311e-07	-3.2436e-07	-1.8801e-09	-2.7341000000000004e-10	1.5632e-10	3.2626e-07	-3.244e-07	1.2622e-09	-5.2232e-10	1.4384000000000002e-10	3.2352e-07	-3.2436e-07
0.57	-9.379719999999999e-08	8.2147e-10	3.4069000000000004e-10	4.1814e-07	-3.2546e-07	-5.320559999999999e-08	4.1196e-10	2.684e-10	3.779e-07	-3.2538e-07	-2.95176e-08	1.3995000000000002e-10	2.3444e-10	3.5286e-07	-3.2374e-07	-1.58274e-08	-2.296e-11	2.0951e-10	3.399e-07	-3.2436e-07	-6.8345e-09	-1.3617e-10	1.8525e-10	3.3114e-07	-3.2426e-07	-1.7412e-09	-2.8231000000000003e-10	1.7032e-10	3.2626e-07	-3.244e-07	1.0104e-09	-5.344500000000001e-10	1.3264000000000002e-10	3.236e-07	-3.243e-07
0.565	-9.3913e-08	8.0171e-10	3.3508000000000005e-10	4.1814e-07	-3.255e-07	-5.32814e-08	3.9971e-10	2.6506e-10	3.7794e-07	-3.2532e-07	-2.9583e-08	1.2963000000000002e-10	2.3322e-10	3.5364e-07	-3.2436e-07	-1.56308e-08	-3.27e-11	2.1895000000000003e-10	3.394e-07	-3.2376e-07	-6.7297e-09	-1.4468e-10	1.9880000000000003e-10	3.3104e-07	-3.2442e-07	-1.8621e-09	-2.9475000000000004e-10	1.6357e-10	3.2636e-07	-3.244e-07	1.2039e-09	-5.507600000000001e-10	1.4504000000000002e-10	3.2344e-07	-3.2436e-07
0.56	-9.3646e-08	7.8537e-10	3.4415000000000005e-10	4.1824e-07	-3.2548e-07	-5.32368e-08	3.8611e-10	2.6556e-10	3.7792e-07	-3.2546e-07	-2.96578e-08	1.2091e-10	2.3628000000000004e-10	3.5364e-07	-3.2432e-07	-1.5790799999999998e-08	-3.701e-11	2.104e-10	3.4012e-07	-3.2446e-07	-6.8753e-09	-1.4942e-10	1.8958e-10	3.3112e-07	-3.2432e-07	-1.802e-09	-3.0244000000000004e-10	1.6521000000000002e-10	3.2632e-07	-3.2438e-07	1.1616e-09	-5.650800000000001e-10	1.3741000000000002e-10	3.2358e-07	-3.243e-07
0.555	-9.37254e-08	7.675600000000001e-10	3.3563e-10	4.1816e-07	-3.2558e-07	-5.34098e-08	3.7601e-10	2.717e-10	3.7806e-07	-3.2538e-07	-2.97376e-08	1.1050999999999999e-10	2.3679e-10	3.5366e-07	-3.2434e-07	-1.56348e-08	-4.65e-11	2.175e-10	3.4006e-07	-3.2446e-07	-6.7117e-09	-1.5604e-10	1.9576e-10	3.3102e-07	-3.2434e-07	-1.6768e-09	-3.1491e-10	1.6913000000000001e-10	3.2632e-07	-3.244e-07	1.1735e-09	-5.7868e-10	1.4093e-10	3.2294e-07	-3.2408e-07
0.55	-9.35996e-08	7.510600000000001e-10	3.4409000000000005e-10	4.181e-07	-3.2546e-07	-5.3391e-08	3.6314000000000005e-10	2.6747e-10	3.7814e-07	-3.2542e-07	-2.9818599999999995e-08	1.0367e-10	2.3686e-10	3.5312e-07	-3.2436e-07	-1.58374e-08	-4.963e-11	2.141e-10	3.4008e-07	-3.2448e-07	-6.6935e-09	-1.6459000000000002e-10	1.9645e-10	3.3044e-07	-3.237e-07	-1.8639e-09	-3.2175e-10	1.6203e-10	3.2632e-07	-3.2436e-07	1.1802e-09	-5.9429e-10	1.4263e-10	3.2358e-07	-3.2432e-07
0.545	-9.37586e-08	7.3545e-10	3.3491000000000004e-10	4.18e-07	-3.2548e-07	-5.34004e-08	3.4918000000000003e-10	2.7126e-10	3.7814e-07	-3.2528e-07	-2.97768e-08	9.15e-11	2.3586e-10	3.5372e-07	-3.2434e-07	-1.57382e-08	-5.8100000000000005e-11	2.1822e-10	3.4004e-07	-3.2444e-07	-6.876e-09	-1.6820000000000002e-10	1.9029e-10	3.3102e-07	-3.2438e-07	-1.6962e-09	-3.37e-10	1.7548000000000002e-10	3.2628e-07	-3.244e-07	1.1602e-09	-6.093600000000001e-10	1.3727e-10	3.2356e-07	-3.243e-07
0.54	-9.35072e-08	7.1875e-10	3.4928e-10	4.18e-07	-3.2546e-07	-5.340999999999999e-08	3.3737000000000005e-10	2.6556e-10	3.7844e-07	-3.2562e-07	-2.98108e-08	8.503e-11	2.4068000000000004e-10	3.5388e-07	-3.243e-07	-1.59064e-08	-6.301000000000001e-11	2.1933e-10	3.4008e-07	-3.2444e-07	-6.6536e-09	-1.7812e-10	2.0083e-10	3.3102e-07	-3.2442e-07	-1.7923e-09	-3.4468000000000004e-10	1.6139000000000002e-10	3.2626e-07	-3.2436e-07	1.3511e-09	-6.2548e-10	1.4641e-10	3.2346e-07	-3.2432e-07
0.535	-9.35496e-08	7.0203e-10	3.3555000000000005e-10	4.1788e-07	-3.2548e-07	-5.32798e-08	3.2406e-10	2.7773000000000003e-10	3.7812e-07	-3.2532e-07	-2.98822e-08	7.203000000000001e-11	2.415e-10	3.5396e-07	-3.2436e-07	-1.5792199999999998e-08	-7.229e-11	2.167e-10	3.4008e-07	-3.2442e-07	-6.804e-09	-1.8296e-10	1.8860000000000003e-10	3.31e-07	-3.2436e-07	-1.6318e-09	-3.5813000000000003e-10	1.7637e-10	3.2626e-07	-3.2434e-07	1.1326e-09	-6.390600000000001e-10	1.3622000000000002e-10	3.2354e-07	-3.2434e-07
0.53	-9.3321e-08	6.840900000000001e-10	3.4775e-10	4.179e-07	-3.2546e-07	-5.3401e-08	3.1319000000000003e-10	2.6659e-10	3.7826e-07	-3.2534e-07	-2.9981e-08	6.603e-11	2.3945000000000004e-10	3.5396e-07	-3.2442e-07	-1.57904e-08	-7.737e-11	2.2305e-10	3.4006e-07	-3.2446e-07	-6.653e-09	-1.9181e-10	2.022e-10	3.3108e-07	-3.2444e-07	-1.8062e-09	-3.6829e-10	1.6627e-10	3.2628e-07	-3.244e-07	1.2557e-09	-6.566100000000001e-10	1.4595000000000002e-10	3.2358e-07	-3.2424e-07
0.525	-9.34312e-08	6.691200000000001e-10	3.3731000000000005e-10	4.1794e-07	-3.2554e-07	-5.3361e-08	3.0054000000000003e-10	2.7869e-10	3.7822e-07	-3.253e-07	-3.0013399999999994e-08	5.6100000000000005e-11	2.4236000000000003e-10	3.541e-07	-3.244e-07	-1.58172e-08	-8.449000000000001e-11	2.1751e-10	3.4014e-07	-3.2386e-07	-6.8324e-09	-1.9697e-10	1.9239e-10	3.311e-07	-3.244e-07	-1.7224e-09	-3.7931e-10	1.7037e-10	3.2632e-07	-3.2434e-07	1.2785e-09	-6.7171e-10	1.3871e-10	3.2344e-07	-3.243e-07
0.52	-9.33436e-08	6.5065e-10	3.4707e-10	4.1786e-07	-3.2548e-07	-5.35262e-08	2.8889e-10	2.687e-10	3.7826e-07	-3.2532e-07	-3.0125e-08	5.008e-11	2.439e-10	3.5406e-07	-3.243e-07	-1.5771199999999997e-08	-9.039e-11	2.2565e-10	3.4008e-07	-3.2434e-07	-6.685e-09	-2.0573e-10	1.9836000000000003e-10	3.3104e-07	-3.2432e-07	-1.5858e-09	-3.9231e-10	1.7148e-10	3.2624e-07	-3.2436e-07	1.3118e-09	-6.8617e-10	1.4323e-10	3.2348e-07	-3.243e-07
0.515	-9.34908e-08	6.384000000000001e-10	3.4098000000000005e-10	4.1782e-07	-3.254e-07	-5.34646e-08	2.7650000000000003e-10	2.7959e-10	3.783e-07	-3.2536e-07	-3.01268e-08	4.0120000000000006e-11	2.429e-10	3.5424e-07	-3.2426e-07	-1.59726e-08	-9.617e-11	2.1643e-10	3.4012e-07	-3.2444e-07	-6.6488e-09	-2.126e-10	1.9678e-10	3.3102e-07	-3.243e-07	-1.796e-09	-4.0168000000000005e-10	1.6549000000000001e-10	3.2626e-07	-3.237e-07	1.2208e-09	-7.052800000000001e-10	1.4372000000000002e-10	3.2348e-07	-3.243e-07
0.51	-9.34062e-08	6.2031e-10	3.4499e-10	4.1792e-07	-3.255e-07	-5.354619999999999e-08	2.6628000000000004e-10	2.726e-10	3.7828e-07	-3.253e-07	-3.01312e-08	3.161e-11	2.456e-10	3.542e-07	-3.2438e-07	-1.58126e-08	-1.0318e-10	2.306e-10	3.4022e-07	-3.2442e-07	-6.7829e-09	-2.1804000000000003e-10	1.9542e-10	3.3108e-07	-3.2438e-07	-1.6408e-09	-4.1457000000000005e-10	1.7678e-10	3.2626e-07	-3.2424e-07	1.298e-09	-7.193700000000001e-10	1.3989000000000002e-10	3.2354e-07	-3.2432e-07
0.505	-9.3465e-08	6.067700000000001e-10	3.4305e-10	4.1788e-07	-3.2546e-07	-5.3475e-08	2.5283e-10	2.7731e-10	3.7836e-07	-3.2526e-07	-3.01568e-08	2.304e-11	2.4102e-10	3.542e-07	-3.244e-07	-1.5994599999999997e-08	-1.0898e-10	2.1723e-10	3.402e-07	-3.2442e-07	-6.6643e-09	-2.2662e-10	2.0526e-10	3.3108e-07	-3.2436e-07	-1.7012e-09	-4.2624e-10	1.6397e-10	3.263e-07	-3.2436e-07	1.4181e-09	-7.3828e-10	1.4636e-10	3.236e-07	-3.2436e-07
0.5	-9.3336e-08	5.8989e-10	3.4567e-10	4.1786e-07	-3.2542e-07	-5.35912e-08	2.4234e-10	2.7412000000000003e-10	3.7844e-07	-3.2538e-07	-3.01246e-08	1.488e-11	2.5164e-10	3.543e-07	-3.2436e-07	-1.57574e-08	-1.1672e-10	2.3081000000000003e-10	3.402e-07	-3.2376e-07	-6.7197e-09	-2.3442e-10	1.958e-10	3.3102e-07	-3.2366e-07	-1.5605e-09	-4.397e-10	1.7828e-10	3.2632e-07	-3.2434e-07	1.2147e-09	-7.5283e-10	1.3934e-10	3.2352e-07	-3.2432e-07
0.495	-9.323619999999999e-08	5.7549e-10	3.461e-10	4.1778e-07	-3.2538e-07	-5.36318e-08	2.3097000000000003e-10	2.8075000000000004e-10	3.7842e-07	-3.2528e-07	-3.03302e-08	7.990000000000001e-12	2.4211e-10	3.5446e-07	-3.2434e-07	-1.5928599999999998e-08	-1.2173e-10	2.1793e-10	3.3958e-07	-3.242e-07	-6.5946e-09	-2.4185e-10	2.0595e-10	3.31e-07	-3.243e-07	-1.7523e-09	-4.5039e-10	1.6946e-10	3.2556e-07	-3.2436e-07	1.355e-09	-7.7086e-10	1.4714000000000002e-10	3.2358e-07	-3.2432e-07
0.49	-9.32726e-08	5.598000000000001e-10	3.4228000000000003e-10	4.1786e-07	-3.255e-07	-5.3715e-08	2.2027e-10	2.7836e-10	3.7842e-07	-3.2528e-07	-3.02914e-08	-3.900000000000001e-13	2.5082e-10	3.545e-07	-3.2442e-07	-1.57254e-08	-1.2894000000000002e-10	2.2981e-10	3.3954e-07	-3.244e-07	-6.7998e-09	-2.4920000000000003e-10	1.9606e-10	3.311e-07	-3.2442e-07	-1.5942e-09	-4.6353000000000005e-10	1.7635000000000002e-10	3.2632e-07	-3.2432e-07	1.4031e-09	-7.882700000000001e-10	1.3970000000000002e-10	3.2352e-07	-3.2428e-07
0.485	-9.32874e-08	5.4693e-10	3.5009000000000003e-10	4.1788e-07	-3.2554e-07	-5.37388e-08	2.0796e-10	2.7873000000000003e-10	3.7856e-07	-3.2532e-07	-3.05174e-08	-6.620000000000001e-12	2.4472e-10	3.5452e-07	-3.244e-07	-1.5992e-08	-1.3287e-10	2.2466000000000003e-10	3.3952e-07	-3.2368e-07	-6.6037e-09	-2.5719e-10	2.028e-10	3.3106e-07	-3.244e-07	-1.5538e-09	-4.765000000000001e-10	1.7511e-10	3.2626e-07	-3.2436e-07	1.3959e-09	-8.057800000000001e-10	1.4682000000000002e-10	3.2356e-07	-3.2428e-07
0.48	-9.33032e-08	5.3094e-10	3.4281000000000003e-10	4.1778e-07	-3.2548e-07	-5.37576e-08	1.9666e-10	2.815e-10	3.7862e-07	-3.253e-07	-3.03602e-08	-1.6780000000000002e-11	2.5362e-10	3.5464e-07	-3.2436e-07	-1.5879399999999998e-08	-1.4103e-10	2.2906e-10	3.3942e-07	-3.2368e-07	-6.6171e-09	-2.6614e-10	1.9807e-10	3.3108e-07	-3.243e-07	-1.6725e-09	-4.871300000000001e-10	1.7178000000000003e-10	3.2632e-07	-3.2436e-07	1.3678e-09	-8.2457e-10	1.4708000000000002e-10	3.2356e-07	-3.2432e-07
0.475	-9.31954e-08	5.1616e-10	3.5156e-10	4.1782e-07	-3.255e-07	-5.369439999999999e-08	1.8526e-10	2.7978000000000004e-10	3.7858e-07	-3.2564e-07	-3.0524e-08	-2.118e-11	2.4463e-10	3.547e-07	-3.2436e-07	-1.5986399999999997e-08	-1.4444000000000002e-10	2.2568e-10	3.4016e-07	-3.2432e-07	-6.6466e-09	-2.7162000000000004e-10	2.0217e-10	3.3102e-07	-3.2432e-07	-1.5613e-09	-5.0229e-10	1.7940000000000002e-10	3.2626e-07	-3.2438e-07	1.4345e-09	-8.433400000000001e-10	1.4619e-10	3.2364e-07	-3.2418e-07
0.47	-9.325159999999999e-08	5.016200000000001e-10	3.4317e-10	4.1782e-07	-3.255e-07	-5.376059999999999e-08	1.7496e-10	2.8335e-10	3.7868e-07	-3.2536e-07	-3.04238e-08	-3.2360000000000005e-11	2.5393e-10	3.5466e-07	-3.2436e-07	-1.5849399999999997e-08	-1.5321e-10	2.3116e-10	3.4012e-07	-3.2428e-07	-6.6328e-09	-2.8190000000000003e-10	2.0689e-10	3.3112e-07	-3.2442e-07	-1.6203e-09	-5.150100000000001e-10	1.689e-10	3.2624e-07	-3.2438e-07	1.4712e-09	-8.6511e-10	1.4948e-10	3.236e-07	-3.2432e-07
0.465	-9.308519999999999e-08	4.879400000000001e-10	3.5063e-10	4.1776e-07	-3.2554e-07	-5.38758e-08	1.6432e-10	2.8034000000000004e-10	3.7872e-07	-3.2524e-07	-3.0662999999999995e-08	-3.659e-11	2.4768e-10	3.5464e-07	-3.2438e-07	-1.5841199999999997e-08	-1.5902e-10	2.3099e-10	3.4004e-07	-3.2362e-07	-6.6456e-09	-2.8939e-10	1.9993000000000003e-10	3.3106e-07	-3.2438e-07	-1.4777e-09	-5.284000000000001e-10	1.787e-10	3.2618e-07	-3.2436e-07	1.4399e-09	-8.8176e-10	1.4696e-10	3.2352e-07	-3.2432e-07
0.46	-9.31576e-08	4.7346e-10	3.4624000000000004e-10	4.1784e-07	-3.2546e-07	-5.39528e-08	1.5351000000000002e-10	2.8431e-10	3.7886e-07	-3.2542e-07	-3.0611599999999995e-08	-4.6050000000000005e-11	2.5673e-10	3.5488e-07	-3.2394e-07	-1.5861e-08	-1.6469e-10	2.2779e-10	3.402e-07	-3.243e-07	-6.5027e-09	-2.9933000000000004e-10	2.0977e-10	3.3108e-07	-3.2428e-07	-1.6544e-09	-5.383e-10	1.7093000000000002e-10	3.2628e-07	-3.2432e-07	1.439e-09	-9.0267e-10	1.5069000000000002e-10	3.2356e-07	-3.2424e-07
0.455	-9.3157e-08	4.5945000000000005e-10	3.5253e-10	4.1782e-07	-3.2548e-07	-5.39736e-08	1.4377e-10	2.8551000000000003e-10	3.789e-07	-3.2536e-07	-3.0842e-08	-5.1590000000000006e-11	2.5294e-10	3.548e-07	-3.243e-07	-1.5891399999999998e-08	-1.7105000000000002e-10	2.3398e-10	3.4024e-07	-3.2436e-07	-6.6776e-09	-3.0621e-10	2.0166e-10	3.3106e-07	-3.2434e-07	-1.5252e-09	-5.5344e-10	1.7658000000000003e-10	3.2628e-07	-3.2438e-07	1.5307e-09	-9.217099999999999e-10	1.4802000000000002e-10	3.2362e-07	-3.243e-07
0.45	-9.31656e-08	4.4769e-10	3.4831e-10	4.179e-07	-3.255e-07	-5.40638e-08	1.3275e-10	2.8532e-10	3.79e-07	-3.2536e-07	-3.07384e-08	-6.047e-11	2.5429e-10	3.5494e-07	-3.2442e-07	-1.5991199999999998e-08	-1.7605e-10	2.2885e-10	3.3958e-07	-3.2428e-07	-6.5564e-09	-3.1508e-10	2.0968e-10	3.3102e-07	-3.243e-07	-1.4978e-09	-5.665400000000001e-10	1.7404e-10	3.2628e-07	-3.2434e-07	1.5729e-09	-9.4186e-10	1.5023e-10	3.2356e-07	-3.2422e-07
0.445	-9.31948e-08	4.3208e-10	3.5319e-10	4.1784e-07	-3.2546e-07	-5.402959999999999e-08	1.2118000000000001e-10	2.8404000000000003e-10	3.7896e-07	-3.2526e-07	-3.084e-08	-6.661e-11	2.5672e-10	3.5502e-07	-3.2434e-07	-1.58968e-08	-1.8285e-10	2.4036000000000004e-10	3.3994e-07	-3.2374e-07	-6.5203e-09	-3.2508000000000003e-10	2.0194000000000003e-10	3.3098e-07	-3.243e-07	-1.5314e-09	-5.793000000000001e-10	1.7614000000000002e-10	3.2628e-07	-3.243e-07	1.4749e-09	-9.6304e-10	1.5035e-10	3.2364e-07	-3.2424e-07
0.44	-9.3228e-08	4.1805e-10	3.5046e-10	4.1802e-07	-3.2542e-07	-5.40752e-08	1.1152e-10	2.8676e-10	3.7908e-07	-3.2542e-07	-3.08206e-08	-7.403e-11	2.5281000000000003e-10	3.5508e-07	-3.244e-07	-1.59528e-08	-1.8844e-10	2.2632000000000003e-10	3.4022e-07	-3.2438e-07	-6.5159e-09	-3.3303000000000004e-10	2.0684e-10	3.3102e-07	-3.2436e-07	-1.5281e-09	-5.9264e-10	1.8126e-10	3.2622e-07	-3.2428e-07	1.5542e-09	-9.847e-10	1.4799000000000002e-10	3.2356e-07	-3.2434e-07
0.435	-9.3112e-08	4.0472e-10	3.5161000000000004e-10	4.1788e-07	-3.2548e-07	-5.41202e-08	1.0046e-10	2.8725e-10	3.7914e-07	-3.2532e-07	-3.08804e-08	-8.024000000000001e-11	2.6189e-10	3.5514e-07	-3.2442e-07	-1.58328e-08	-1.9663e-10	2.3873e-10	3.402e-07	-3.2436e-07	-6.6167e-09	-3.4233000000000005e-10	2.0791e-10	3.3106e-07	-3.2438e-07	-1.4961e-09	-6.0667e-10	1.7432000000000002e-10	3.2624e-07	-3.2432e-07	1.5927e-09	-1.0061100000000002e-09	1.4815e-10	3.2356e-07	-3.2432e-07
0.43	-9.31376e-08	3.9072e-10	3.5252000000000004e-10	4.1804e-07	-3.2542e-07	-5.42482e-08	9.207e-11	2.8834e-10	3.7918e-07	-3.2534e-07	-3.10866e-08	-8.657e-11	2.5374e-10	3.5524e-07	-3.2436e-07	-1.5933799999999998e-08	-1.9966e-10	2.3173e-10	3.4018e-07	-3.2434e-07	-6.511e-09	-3.53e-10	2.0497e-10	3.31e-07	-3.2436e-07	-1.4061e-09	-6.207e-10	1.8228e-10	3.2614e-07	-3.2442e-07	1.6134e-09	-1.02752e-09	1.4938e-10	3.236e-07	-3.2432e-07
0.425	-9.31686e-08	3.7819e-10	3.5204e-10	4.1784e-07	-3.2548e-07	-5.41978e-08	8.111e-11	2.8943e-10	3.7914e-07	-3.252e-07	-3.10336e-08	-9.384000000000001e-11	2.6386e-10	3.5524e-07	-3.2436e-07	-1.58476e-08	-2.0823e-10	2.4054000000000003e-10	3.402e-07	-3.2426e-07	-6.4709e-09	-3.6170000000000005e-10	2.0938e-10	3.3098e-07	-3.2436e-07	-1.516e-09	-6.327800000000001e-10	1.7725e-10	3.2558e-07	-3.2416e-07	1.4791e-09	-1.05178e-09	1.4901e-10	3.2356e-07	-3.2426e-07
0.42	-9.31724e-08	3.66e-10	3.5507000000000005e-10	4.1788e-07	-3.2546e-07	-5.42882e-08	7.125e-11	2.9003000000000003e-10	3.7926e-07	-3.2526e-07	-3.1189599999999995e-08	-9.992e-11	2.5171e-10	3.5524e-07	-3.2432e-07	-1.6024599999999998e-08	-2.113e-10	2.3181000000000002e-10	3.4032e-07	-3.2434e-07	-6.5378e-09	-3.7107e-10	2.0473000000000003e-10	3.3102e-07	-3.243e-07	-1.4526e-09	-6.475800000000001e-10	1.8146e-10	3.2624e-07	-3.2434e-07	1.7667e-09	-1.07682e-09	1.5317e-10	3.2296e-07	-3.2368e-07
0.415	-9.32262e-08	3.5205000000000004e-10	3.5387000000000004e-10	4.1798e-07	-3.2546e-07	-5.420839999999999e-08	5.965000000000001e-11	2.9209e-10	3.7936e-07	-3.2532e-07	-3.1037599999999995e-08	-1.0891000000000001e-10	2.6734000000000003e-10	3.5536e-07	-3.2428e-07	-1.59206e-08	-2.2086000000000003e-10	2.3994e-10	3.402e-07	-3.243e-07	-6.5018e-09	-3.813e-10	2.1007e-10	3.3094e-07	-3.2436e-07	-1.3951e-09	-6.638e-10	1.7837000000000003e-10	3.262e-07	-3.2432e-07	1.638e-09	-1.1002e-09	1.5112000000000002e-10	3.2292e-07	-3.2358e-07
0.41	-9.3168e-08	3.388e-10	3.541e-10	4.1798e-07	-3.254e-07	-5.43106e-08	5.128e-11	2.9272e-10	3.7932e-07	-3.253e-07	-3.12654e-08	-1.1344e-10	2.5461e-10	3.5544e-07	-3.2436e-07	-1.5957399999999997e-08	-2.2444000000000003e-10	2.3571e-10	3.4014e-07	-3.243e-07	-6.4511e-09	-3.9242e-10	2.07e-10	3.3096e-07	-3.2434e-07	-1.4113e-09	-6.7484e-10	1.7972000000000003e-10	3.262e-07	-3.243e-07	1.6169999999999999e-09	-1.1196e-09	1.5470000000000002e-10	3.2356e-07	-3.2426e-07
0.405	-9.302e-08	3.2643000000000003e-10	3.5682e-10	4.1782e-07	-3.2538e-07	-5.43186e-08	4.087e-11	2.9005000000000005e-10	3.7928e-07	-3.253e-07	-3.1157399999999994e-08	-1.2203000000000002e-10	2.6895000000000004e-10	3.5544e-07	-3.2426e-07	-1.58314e-08	-2.3358000000000004e-10	2.4065000000000004e-10	3.4022e-07	-3.243e-07	-6.4487e-09	-4.0135e-10	2.1091e-10	3.31e-07	-3.2436e-07	-1.4307e-09	-6.898400000000001e-10	1.8459e-10	3.2626e-07	-3.2442e-07	1.6741e-09	-1.1448e-09	1.5039e-10	3.2272e-07	-3.2354e-07
0.4	-9.31266e-08	3.1377000000000004e-10	3.5502000000000003e-10	4.179e-07	-3.2546e-07	-5.452339999999999e-08	3.249e-11	2.9768e-10	3.7944e-07	-3.2532e-07	-3.13694e-08	-1.2611000000000002e-10	2.5724000000000003e-10	3.5544e-07	-3.2424e-07	-1.5861e-08	-2.3761e-10	2.3618e-10	3.4024e-07	-3.243e-07	-6.4865e-09	-4.1234000000000005e-10	2.1235e-10	3.3028e-07	-3.2368e-07	-1.3791e-09	-7.061700000000001e-10	1.7972000000000003e-10	3.2626e-07	-3.2422e-07	1.6839e-09	-1.1727e-09	1.5137000000000002e-10	3.2352e-07	-3.2426e-07
0.395	-9.309959999999998e-08	3.0163e-10	3.5572000000000004e-10	4.18e-07	-3.2542e-07	-5.46352e-08	2.389e-11	2.9083e-10	3.7956e-07	-3.2536e-07	-3.13514e-08	-1.3482e-10	2.6789000000000004e-10	3.5548e-07	-3.2434e-07	-1.58656e-08	-2.4726000000000003e-10	2.3947e-10	3.4026e-07	-3.243e-07	-6.4579e-09	-4.2316e-10	2.1134e-10	3.3098e-07	-3.2428e-07	-1.3332e-09	-7.1997e-10	1.8314000000000003e-10	3.262e-07	-3.2428e-07	1.8726e-09	-1.1971e-09	1.5314e-10	3.2362e-07	-3.243e-07
0.39	-9.327999999999999e-08	2.8905e-10	3.5612e-10	4.1796e-07	-3.2532e-07	-5.4636e-08	1.4090000000000002e-11	2.995e-10	3.7964e-07	-3.2534e-07	-3.14604e-08	-1.3889e-10	2.6377e-10	3.5564e-07	-3.243e-07	-1.5919e-08	-2.5039e-10	2.4458e-10	3.4018e-07	-3.2428e-07	-6.3951e-09	-4.3485000000000005e-10	2.1213e-10	3.3096e-07	-3.2428e-07	-1.3557e-09	-7.361e-10	1.819e-10	3.2618e-07	-3.2428e-07	1.6896e-09	-1.2219e-09	1.4931e-10	3.2364e-07	-3.2388e-07
0.385	-9.321219999999999e-08	2.7709e-10	3.6097000000000005e-10	4.1804e-07	-3.2546e-07	-5.477499999999999e-08	5.860000000000001e-12	2.9138000000000003e-10	3.7962e-07	-3.253e-07	-3.13638e-08	-1.4729000000000002e-10	2.6821e-10	3.5562e-07	-3.2434e-07	-1.5897999999999998e-08	-2.5968000000000003e-10	2.4047e-10	3.403e-07	-3.2442e-07	-6.3833e-09	-4.4430000000000006e-10	2.1163e-10	3.304e-07	-3.2436e-07	-1.4212e-09	-7.5e-10	1.8288e-10	3.2622e-07	-3.2436e-07	1.8451e-09	-1.2544e-09	1.5943e-10	3.2314e-07	-3.2368e-07
0.38	-9.323959999999998e-08	2.6510000000000005e-10	3.5726e-10	4.1796e-07	-3.254e-07	-5.46048e-08	-5.74e-12	3.0175e-10	3.798e-07	-3.2532e-07	-3.14414e-08	-1.5348000000000002e-10	2.6542e-10	3.5572e-07	-3.2426e-07	-1.5890399999999997e-08	-2.6392e-10	2.4185e-10	3.4026e-07	-3.2434e-07	-6.4876e-09	-4.5617e-10	2.141e-10	3.3098e-07	-3.2438e-07	-1.2696e-09	-7.653e-10	1.8249e-10	3.2624e-07	-3.2428e-07	1.7748e-09	-1.2807e-09	1.4743e-10	3.2362e-07	-3.2432e-07
0.375	-9.31524e-08	2.5021e-10	3.5912000000000005e-10	4.181e-07	-3.2538e-07	-5.475099999999999e-08	-1.286e-11	2.9154e-10	3.7976e-07	-3.253e-07	-3.14524e-08	-1.5878000000000002e-10	2.6663000000000004e-10	3.557e-07	-3.2428e-07	-1.5834799999999998e-08	-2.7307e-10	2.4189000000000003e-10	3.4024e-07	-3.2434e-07	-6.3372e-09	-4.685600000000001e-10	2.1419e-10	3.3104e-07	-3.2432e-07	-1.2659e-09	-7.7962e-10	1.8308e-10	3.263e-07	-3.2436e-07	1.9761e-09	-1.3099e-09	1.5899e-10	3.2364e-07	-3.2424e-07
0.37	-9.3275e-08	2.3966000000000003e-10	3.5762e-10	4.1816e-07	-3.2552e-07	-5.474979999999999e-08	-2.405e-11	3.0396e-10	3.7988e-07	-3.253e-07	-3.15202e-08	-1.6607e-10	2.7147000000000005e-10	3.558e-07	-3.2424e-07	-1.5806999999999997e-08	-2.7882e-10	2.4551e-10	3.4022e-07	-3.2434e-07	-6.359e-09	-4.7981e-10	2.1487000000000003e-10	3.3098e-07	-3.244e-07	-1.3999e-09	-7.9565e-10	1.8566e-10	3.2626e-07	-3.2442e-07	1.8067e-09	-1.3369e-09	1.5171e-10	3.2356e-07	-3.2428e-07
0.365	-9.31644e-08	2.2765e-10	3.6273000000000005e-10	4.1824e-07	-3.2536e-07	-5.50844e-08	-2.775e-11	2.9370000000000003e-10	3.8004e-07	-3.254e-07	-3.1629799999999995e-08	-1.7107e-10	2.6613000000000004e-10	3.5578e-07	-3.2422e-07	-1.57946e-08	-2.8673e-10	2.4423000000000004e-10	3.4032e-07	-3.244e-07	-6.4258e-09	-4.9037e-10	2.1487000000000003e-10	3.3096e-07	-3.2444e-07	-1.2334e-09	-8.129e-10	1.8471000000000003e-10	3.262e-07	-3.2434e-07	1.8872e-09	-1.367e-09	1.5808e-10	3.2344e-07	-3.2412e-07
0.36	-9.33254e-08	2.1715e-10	3.5991e-10	4.1812e-07	-3.2546e-07	-5.48812e-08	-3.931e-11	3.0786e-10	3.7998e-07	-3.252e-07	-3.15936e-08	-1.7901e-10	2.7583e-10	3.5574e-07	-3.2428e-07	-1.5850399999999998e-08	-2.9173000000000004e-10	2.4526000000000004e-10	3.3952e-07	-3.2432e-07	-6.3554e-09	-5.0234e-10	2.1369e-10	3.31e-07	-3.2428e-07	-1.2587e-09	-8.2777e-10	1.8256e-10	3.2626e-07	-3.243e-07	2.0739e-09	-1.3989e-09	1.5712000000000002e-10	3.2352e-07	-3.2434e-07
0.355	-9.327459999999998e-08	2.0361e-10	3.6021000000000004e-10	4.1814e-07	-3.2544e-07	-5.515459999999999e-08	-4.542e-11	2.9737000000000003e-10	3.8006e-07	-3.2522e-07	-3.16726e-08	-1.8318e-10	2.6358000000000003e-10	3.5588e-07	-3.2442e-07	-1.5871799999999997e-08	-3.0015000000000004e-10	2.4372e-10	3.3952e-07	-3.2434e-07	-6.2945e-09	-5.143600000000001e-10	2.1329e-10	3.3092e-07	-3.2428e-07	-1.2579e-09	-8.4317e-10	1.8745e-10	3.2618e-07	-3.2434e-07	1.8833e-09	-1.4267e-09	1.5365e-10	3.2366e-07	-3.243e-07
0.35	-9.33348e-08	1.9396e-10	3.6403e-10	4.1822e-07	-3.2548e-07	-5.49914e-08	-5.684000000000001e-11	3.0551e-10	3.8012e-07	-3.2528e-07	-3.15644e-08	-1.9173e-10	2.7904e-10	3.5592e-07	-3.2394e-07	-1.58848e-08	-3.0602000000000005e-10	2.4745e-10	3.4024e-07	-3.2438e-07	-6.2979e-09	-5.2544e-10	2.1765e-10	3.3094e-07	-3.2438e-07	-1.3296e-09	-8.6075e-10	1.8428e-10	3.2626e-07	-3.2428e-07	2.0548e-09	-1.4651e-09	1.6409000000000002e-10	3.2358e-07	-3.243e-07
0.345	-9.32448e-08	1.8079e-10	3.6166e-10	4.183e-07	-3.2538e-07	-5.52432e-08	-6.238000000000001e-11	3.0182e-10	3.8016e-07	-3.2528e-07	-3.1665399999999994e-08	-1.9552e-10	2.6710000000000004e-10	3.5586e-07	-3.243e-07	-1.57822e-08	-3.1615000000000004e-10	2.4898e-10	3.4026e-07	-3.243e-07	-6.4025e-09	-5.375600000000001e-10	2.1618e-10	3.3088e-07	-3.2432e-07	-1.1324e-09	-8.7813e-10	1.8767e-10	3.262e-07	-3.2434e-07	1.9573e-09	-1.4939e-09	1.5091e-10	3.2358e-07	-3.2432e-07
0.34	-9.32834e-08	1.6987e-10	3.6473e-10	4.1822e-07	-3.254e-07	-5.518079999999999e-08	-7.113e-11	3.0342e-10	3.8024e-07	-3.253e-07	-3.16062e-08	-2.0431e-10	2.7861000000000003e-10	3.5592e-07	-3.2428e-07	-1.5792999999999998e-08	-3.22e-10	2.4550000000000003e-10	3.3948e-07	-3.2358e-07	-6.1984e-09	-5.5177e-10	2.2168000000000003e-10	3.3016e-07	-3.2432e-07	-1.1875e-09	-8.9498e-10	1.8625e-10	3.2624e-07	-3.2424e-07	2.1922e-09	-1.531e-09	1.6467e-10	3.2356e-07	-3.2436e-07
0.335	-9.331399999999998e-08	1.5806000000000002e-10	3.5888e-10	4.1824e-07	-3.2534e-07	-5.5362799999999993e-08	-7.737e-11	3.0605000000000004e-10	3.8034e-07	-3.2524e-07	-3.1765999999999995e-08	-2.0807e-10	2.6849e-10	3.5588e-07	-3.2434e-07	-1.57194e-08	-3.3067e-10	2.4896000000000004e-10	3.4012e-07	-3.243e-07	-6.2784e-09	-5.631e-10	2.1752e-10	3.3094e-07	-3.244e-07	-1.2802e-09	-9.1115e-10	1.8669e-10	3.262e-07	-3.2426e-07	2.0042e-09	-1.5621e-09	1.5114e-10	3.2354e-07	-3.2434e-07
0.33	-9.335099999999999e-08	1.4693e-10	3.7010000000000005e-10	4.1822e-07	-3.2536e-07	-5.542679999999999e-08	-8.701e-11	3.0352e-10	3.8046e-07	-3.253e-07	-3.16882e-08	-2.1496000000000003e-10	2.8257000000000004e-10	3.558e-07	-3.2436e-07	-1.5822599999999997e-08	-3.3641000000000003e-10	2.5014000000000003e-10	3.4014e-07	-3.2434e-07	-6.2994e-09	-5.7446e-10	2.2257e-10	3.3096e-07	-3.2434e-07	-1.0938e-09	-9.3198e-10	1.8953e-10	3.262e-07	-3.243e-07	2.1429e-09	-1.5999e-09	1.6117000000000002e-10	3.2356e-07	-3.243e-07
0.325	-9.35434e-08	1.3693e-10	3.6018000000000004e-10	4.1832e-07	-3.2532e-07	-5.545639999999999e-08	-9.341e-11	3.0977e-10	3.8058e-07	-3.2524e-07	-3.17402e-08	-2.1999e-10	2.7251e-10	3.5592e-07	-3.2424e-07	-1.5799599999999997e-08	-3.4517e-10	2.4957e-10	3.4024e-07	-3.2432e-07	-6.2277e-09	-5.895700000000001e-10	2.2042000000000003e-10	3.3086e-07	-3.2428e-07	-1.1986e-09	-9.4851e-10	1.8234e-10	3.2618e-07	-3.243e-07	2.2115e-09	-1.6364e-09	1.559e-10	3.2354e-07	-3.2428e-07
0.32	-9.3392e-08	1.2496e-10	3.7189000000000005e-10	4.1852e-07	-3.2536e-07	-5.561339999999999e-08	-1.0144e-10	3.0282000000000005e-10	3.8092e-07	-3.2532e-07	-3.1622799999999994e-08	-2.2844e-10	2.7999000000000003e-10	3.5598e-07	-3.2424e-07	-1.5829e-08	-3.5138000000000003e-10	2.5210000000000004e-10	3.4026e-07	-3.2428e-07	-6.2608e-09	-6.018400000000001e-10	2.1839e-10	3.309e-07	-3.243e-07	-1.0733e-09	-9.669e-10	1.9346e-10	3.2622e-07	-3.2432e-07	2.2065e-09	-1.6723e-09	1.5686000000000001e-10	3.2354e-07	-3.2424e-07
0.315	-9.36488e-08	1.1457e-10	3.5749e-10	4.1854e-07	-3.2536e-07	-5.550939999999999e-08	-1.0994e-10	3.1331000000000003e-10	3.8072e-07	-3.2524e-07	-3.17344e-08	-2.3219000000000003e-10	2.7567000000000004e-10	3.5596e-07	-3.243e-07	-1.57382e-08	-3.6188000000000005e-10	2.4948e-10	3.4022e-07	-3.243e-07	-6.1394e-09	-6.144500000000001e-10	2.2497000000000003e-10	3.3088e-07	-3.2434e-07	-1.221e-09	-9.8472e-10	1.815e-10	3.2626e-07	-3.2434e-07	2.2752e-09	-1.7105e-09	1.6382e-10	3.2362e-07	-3.2428e-07
0.31	-9.345059999999999e-08	1.016e-10	3.7371000000000005e-10	4.185e-07	-3.254e-07	-5.57464e-08	-1.1584e-10	3.027e-10	3.8076e-07	-3.252e-07	-3.1724999999999995e-08	-2.3919000000000003e-10	2.8016000000000004e-10	3.5602e-07	-3.2422e-07	-1.56892e-08	-3.6917e-10	2.5435e-10	3.402e-07	-3.2434e-07	-6.3315e-09	-6.272600000000001e-10	2.1682e-10	3.3092e-07	-3.243e-07	-1.0637e-09	-1.0045900000000001e-09	1.9142e-10	3.2622e-07	-3.2358e-07	2.1518e-09	-1.7485e-09	1.5433000000000002e-10	3.2358e-07	-3.2428e-07
0.305	-9.35508e-08	9.281e-11	3.6316e-10	4.186e-07	-3.253e-07	-5.57182e-08	-1.2361e-10	3.1707e-10	3.8088e-07	-3.2534e-07	-3.18632e-08	-2.4463e-10	2.7989e-10	3.5594e-07	-3.2426e-07	-1.5676799999999998e-08	-3.7825e-10	2.4934000000000004e-10	3.4018e-07	-3.2436e-07	-6.1149e-09	-6.4208e-10	2.2667000000000003e-10	3.3084e-07	-3.2436e-07	-1.0212e-09	-1.02381e-09	1.8676e-10	3.262e-07	-3.2436e-07	2.4674e-09	-1.7916e-09	1.6673e-10	3.2362e-07	-3.2432e-07
0.3	-9.3452e-08	8.066000000000001e-11	3.722e-10	4.1852e-07	-3.254e-07	-5.598899999999999e-08	-1.2879e-10	3.0523000000000004e-10	3.8096e-07	-3.2522e-07	-3.1834e-08	-2.5013000000000005e-10	2.7957e-10	3.562e-07	-3.237e-07	-1.5711599999999997e-08	-3.8565e-10	2.5480000000000004e-10	3.3952e-07	-3.2362e-07	-6.1961e-09	-6.545000000000001e-10	2.1529e-10	3.3096e-07	-3.2418e-07	-1.1361e-09	-1.04277e-09	1.9251e-10	3.2622e-07	-3.2436e-07	2.2562e-09	-1.8297e-09	1.5410000000000002e-10	3.2358e-07	-3.243e-07
0.295	-9.38414e-08	7.147e-11	3.638e-10	4.1872e-07	-3.2538e-07	-5.584459999999999e-08	-1.3833e-10	3.1624000000000004e-10	3.8102e-07	-3.2526e-07	-3.1882999999999995e-08	-2.579e-10	2.8403e-10	3.5602e-07	-3.2428e-07	-1.5783999999999998e-08	-3.9429e-10	2.5e-10	3.402e-07	-3.2434e-07	-6.1775e-09	-6.6597e-10	2.2537e-10	3.309e-07	-3.2428e-07	-1.0431e-09	-1.06573e-09	1.9178e-10	3.2626e-07	-3.243e-07	2.4179e-09	-1.8728e-09	1.6713000000000002e-10	3.235e-07	-3.2428e-07
0.29	-9.36598e-08	6.021e-11	3.7492e-10	4.1872e-07	-3.2538e-07	-5.609779999999999e-08	-1.4365000000000002e-10	3.0648e-10	3.8116e-07	-3.2526e-07	-3.18782e-08	-2.6247e-10	2.8065e-10	3.5614e-07	-3.2432e-07	-1.56546e-08	-4.0397000000000005e-10	2.6145e-10	3.4014e-07	-3.238e-07	-6.1735e-09	-6.8146e-10	2.2195e-10	3.3094e-07	-3.2422e-07	-1.0388e-09	-1.08637e-09	1.8813000000000003e-10	3.262e-07	-3.2428e-07	2.437e-09	-1.9188e-09	1.5643000000000002e-10	3.2364e-07	-3.2428e-07
0.285	-9.38156e-08	4.985e-11	3.6776e-10	4.1868e-07	-3.2532e-07	-5.60006e-08	-1.5307000000000002e-10	3.1899e-10	3.8116e-07	-3.2522e-07	-3.1792199999999995e-08	-2.6885e-10	2.8536000000000004e-10	3.5614e-07	-3.243e-07	-1.57518e-08	-4.1267e-10	2.4990000000000004e-10	3.4012e-07	-3.2428e-07	-6.1142e-09	-6.9455e-10	2.198e-10	3.3094e-07	-3.2418e-07	-1.0697e-09	-1.101e-09	1.8521000000000003e-10	3.2626e-07	-3.2434e-07	2.574e-09	-1.9631e-09	1.6347e-10	3.2362e-07	-3.243e-07
0.28	-9.372839999999999e-08	3.8260000000000005e-11	3.7246e-10	4.1882e-07	-3.2536e-07	-5.62372e-08	-1.57e-10	3.1148000000000005e-10	3.812e-07	-3.2532e-07	-3.1864e-08	-2.7367e-10	2.805e-10	3.5616e-07	-3.243e-07	-1.54796e-08	-4.2263e-10	2.6183e-10	3.4008e-07	-3.2428e-07	-6.0259e-09	-7.083800000000001e-10	2.2772e-10	3.309e-07	-3.2424e-07	-1.0195e-09	-1.1221e-09	1.8673e-10	3.262e-07	-3.2428e-07	2.5023e-09	-2.0038e-09	1.642e-10	3.2356e-07	-3.2422e-07
0.275	-9.3885e-08	2.817e-11	3.6956e-10	4.1888e-07	-3.253e-07	-5.62506e-08	-1.6571000000000002e-10	3.1699e-10	3.8142e-07	-3.2518e-07	-3.1902199999999994e-08	-2.8134000000000003e-10	2.8789000000000003e-10	3.5626e-07	-3.2428e-07	-1.5674399999999997e-08	-4.3104e-10	2.5084000000000004e-10	3.4012e-07	-3.2428e-07	-6.2356e-09	-7.2015e-10	2.1881e-10	3.309e-07	-3.243e-07	-1.0385e-09	-1.1408e-09	1.8459e-10	3.2554e-07	-3.2372e-07	2.5004e-09	-2.0522e-09	1.6016000000000002e-10	3.2354e-07	-3.2428e-07
0.27	-9.3878e-08	1.823e-11	3.7039000000000005e-10	4.1878e-07	-3.2534e-07	-5.64824e-08	-1.7037e-10	3.1330000000000005e-10	3.815e-07	-3.2524e-07	-3.19078e-08	-2.8515000000000004e-10	2.8563000000000003e-10	3.5616e-07	-3.2434e-07	-1.54916e-08	-4.4104e-10	2.625e-10	3.395e-07	-3.243e-07	-5.9593e-09	-7.3679e-10	2.3247000000000003e-10	3.3086e-07	-3.2426e-07	-9.7894e-10	-1.1626e-09	1.8833e-10	3.2622e-07	-3.2428e-07	2.765e-09	-2.098e-09	1.6922e-10	3.2362e-07	-3.2424e-07
0.265	-9.3967e-08	8.36e-12	3.7781e-10	4.1898e-07	-3.2532e-07	-5.6500799999999993e-08	-1.7901e-10	3.1963e-10	3.8166e-07	-3.2528e-07	-3.18998e-08	-2.9301e-10	2.8872e-10	3.562e-07	-3.2428e-07	-1.57018e-08	-4.4935000000000006e-10	2.5471000000000004e-10	3.4014e-07	-3.2438e-07	-6.1104e-09	-7.4991e-10	2.2103e-10	3.3086e-07	-3.243e-07	-8.5334e-10	-1.1875e-09	2.013e-10	3.261e-07	-3.243e-07	2.5802e-09	-2.1444e-09	1.5902e-10	3.2356e-07	-3.2412e-07
0.26	-9.40884e-08	-7.100000000000001e-13	3.6872000000000005e-10	4.1894e-07	-3.2534e-07	-5.65538e-08	-1.8503e-10	3.1993e-10	3.8184e-07	-3.2524e-07	-3.18992e-08	-2.9917e-10	2.8410000000000003e-10	3.5624e-07	-3.2434e-07	-1.5585999999999998e-08	-4.6127000000000005e-10	2.6028e-10	3.4022e-07	-3.244e-07	-6.0015e-09	-7.6373e-10	2.3235000000000003e-10	3.3084e-07	-3.2394e-07	-1.02042e-09	-1.2094e-09	1.8784e-10	3.2626e-07	-3.2438e-07	2.7519e-09	-2.1944e-09	1.7133000000000002e-10	3.2352e-07	-3.2428e-07
0.255	-9.397219999999999e-08	-1.072e-11	3.7976e-10	4.1904e-07	-3.253e-07	-5.660919999999999e-08	-1.9329e-10	3.1521000000000004e-10	3.8202e-07	-3.2552e-07	-3.18692e-08	-3.0546000000000005e-10	2.9044000000000003e-10	3.5614e-07	-3.2432e-07	-1.56422e-08	-4.6953e-10	2.5650000000000004e-10	3.4012e-07	-3.2434e-07	-6.0688e-09	-7.7896e-10	2.2527e-10	3.3088e-07	-3.243e-07	-7.2334e-10	-1.2367e-09	1.9966e-10	3.263e-07	-3.2428e-07	2.7166e-09	-2.2426e-09	1.6057000000000002e-10	3.2364e-07	-3.243e-07
0.25	-9.410579999999998e-08	-2.013e-11	3.6875e-10	4.1898e-07	-3.2534e-07	-5.6626e-08	-1.9814000000000003e-10	3.2159e-10	3.8188e-07	-3.2516e-07	-3.18182e-08	-3.1135e-10	2.9037e-10	3.5632e-07	-3.2434e-07	-1.5494999999999997e-08	-4.8215e-10	2.6073000000000004e-10	3.4016e-07	-3.243e-07	-5.9818e-09	-7.9215e-10	2.2743e-10	3.309e-07	-3.2434e-07	-9.0131e-10	-1.2615e-09	1.928e-10	3.2622e-07	-3.2442e-07	2.9022e-09	-2.2963e-09	1.6949e-10	3.2356e-07	-3.2424e-07
0.245	-9.40778e-08	-3.059e-11	3.8227e-10	4.1918e-07	-3.254e-07	-5.67974e-08	-2.0413e-10	3.1801e-10	3.8198e-07	-3.253e-07	-3.1974e-08	-3.1748e-10	2.8794000000000004e-10	3.5622e-07	-3.242e-07	-1.5496e-08	-4.903600000000001e-10	2.5983e-10	3.401e-07	-3.2444e-07	-5.8811e-09	-8.0817e-10	2.3084000000000003e-10	3.3096e-07	-3.2434e-07	-8.947e-10	-1.2868e-09	1.9683e-10	3.2618e-07	-3.2424e-07	2.8332e-09	-2.349e-09	1.6438e-10	3.2364e-07	-3.2424e-07
0.24	-9.425439999999999e-08	-3.785e-11	3.7054000000000005e-10	4.1916e-07	-3.2526e-07	-5.687539999999999e-08	-2.1026e-10	3.2606e-10	3.819e-07	-3.2524e-07	-3.19264e-08	-3.2234000000000005e-10	2.9233e-10	3.5626e-07	-3.2432e-07	-1.5503999999999998e-08	-5.0258e-10	2.5671000000000004e-10	3.4014e-07	-3.2442e-07	-6.1175e-09	-8.1924e-10	2.2334000000000003e-10	3.3024e-07	-3.2432e-07	-7.1041e-10	-1.3159e-09	1.9788e-10	3.2622e-07	-3.242e-07	2.875e-09	-2.4018e-09	1.6606000000000002e-10	3.2358e-07	-3.2424e-07
0.235	-9.4171e-08	-4.894e-11	3.8349e-10	4.1922e-07	-3.254e-07	-5.70626e-08	-2.1595e-10	3.1903000000000003e-10	3.8214e-07	-3.2526e-07	-3.19982e-08	-3.3005e-10	2.9229000000000003e-10	3.563e-07	-3.2432e-07	-1.5483199999999998e-08	-5.112000000000001e-10	2.6596000000000003e-10	3.4012e-07	-3.2428e-07	-5.8435e-09	-8.3802e-10	2.3567e-10	3.3088e-07	-3.2428e-07	-8.1607e-10	-1.3395e-09	1.9135e-10	3.262e-07	-3.2432e-07	3.0131e-09	-2.4603e-09	1.6864000000000002e-10	3.2356e-07	-3.2424e-07
0.23	-9.451379999999998e-08	-5.521e-11	3.7128e-10	4.1962e-07	-3.2542e-07	-5.69834e-08	-2.2406000000000003e-10	3.2615e-10	3.8224e-07	-3.2532e-07	-3.19212e-08	-3.3626000000000004e-10	2.9269e-10	3.5632e-07	-3.2426e-07	-1.5602399999999998e-08	-5.2313e-10	2.5825e-10	3.4e-07	-3.2434e-07	-5.9917e-09	-8.5126e-10	2.2344e-10	3.309e-07	-3.2434e-07	-6.9173e-10	-1.3702e-09	2.0367e-10	3.263e-07	-3.2446e-07	3.0207e-09	-2.513e-09	1.6124e-10	3.2364e-07	-3.2434e-07
0.225	-9.44684e-08	-6.706e-11	3.8273e-10	4.1942e-07	-3.2532e-07	-5.7080999999999993e-08	-2.2984000000000003e-10	3.2029000000000004e-10	3.8224e-07	-3.2522e-07	-3.18696e-08	-3.4287000000000003e-10	2.9403e-10	3.563e-07	-3.2428e-07	-1.5410999999999998e-08	-5.335100000000001e-10	2.6907000000000003e-10	3.4014e-07	-3.2434e-07	-5.8501e-09	-8.677600000000001e-10	2.3678000000000003e-10	3.3098e-07	-3.2434e-07	-8.2178e-10	-1.3951e-09	1.8924e-10	3.2624e-07	-3.2432e-07	3.1006e-09	-2.5726e-09	1.7097e-10	3.2354e-07	-3.2428e-07
0.22	-9.45266e-08	-7.482e-11	3.7404e-10	4.1958e-07	-3.2532e-07	-5.702539999999999e-08	-2.3715e-10	3.3032e-10	3.8236e-07	-3.252e-07	-3.18888e-08	-3.4903000000000003e-10	2.9022e-10	3.5638e-07	-3.2428e-07	-1.5479999999999997e-08	-5.4603e-10	2.5597e-10	3.4e-07	-3.2442e-07	-6.0155e-09	-8.8172e-10	2.2748000000000003e-10	3.3086e-07	-3.243e-07	-5.625500000000001e-10	-1.4279e-09	2.0289e-10	3.2626e-07	-3.2434e-07	3.0567e-09	-2.6319e-09	1.61e-10	3.2356e-07	-3.243e-07
0.215	-9.44564e-08	-8.496000000000001e-11	3.8192e-10	4.1964e-07	-3.2536e-07	-5.72378e-08	-2.4216e-10	3.2039e-10	3.8232e-07	-3.2524e-07	-3.19108e-08	-3.5697e-10	2.9791e-10	3.5632e-07	-3.2424e-07	-1.5304e-08	-5.5677e-10	2.6925000000000003e-10	3.4e-07	-3.2434e-07	-5.8482e-09	-8.9884e-10	2.3027e-10	3.3004e-07	-3.2352e-07	-7.128600000000001e-10	-1.4568e-09	1.9312000000000003e-10	3.2626e-07	-3.2434e-07	3.2861e-09	-2.6924e-09	1.7087000000000003e-10	3.2362e-07	-3.2426e-07
0.21	-9.45976e-08	-9.241e-11	3.7934e-10	4.1962e-07	-3.2522e-07	-5.72918e-08	-2.4822e-10	3.2897e-10	3.826e-07	-3.253e-07	-3.20366e-08	-3.6082000000000005e-10	2.9588e-10	3.5628e-07	-3.2436e-07	-1.5430999999999998e-08	-5.684400000000001e-10	2.5946e-10	3.4014e-07	-3.2434e-07	-5.802e-09	-9.146099999999999e-10	2.3278e-10	3.3044e-07	-3.236e-07	-7.0278e-10	-1.4857e-09	1.9853e-10	3.2624e-07	-3.2374e-07	3.2507e-09	-2.7525e-09	1.6590000000000002e-10	3.236e-07	-3.2424e-07
0.205	-9.46572e-08	-1.0126e-10	3.815e-10	4.1972e-07	-3.2534e-07	-5.736319999999999e-08	-2.5329e-10	3.2798000000000004e-10	3.8248e-07	-3.2528e-07	-3.1922399999999995e-08	-3.7123e-10	2.9878000000000003e-10	3.5634e-07	-3.2414e-07	-1.5325999999999998e-08	-5.8045e-10	2.7038e-10	3.4006e-07	-3.244e-07	-5.9797e-09	-9.285799999999999e-10	2.2851e-10	3.3082e-07	-3.243e-07	-5.133100000000001e-10	-1.5189e-09	2.0014e-10	3.2626e-07	-3.2432e-07	3.2730999999999998e-09	-2.8211e-09	1.7241e-10	3.2358e-07	-3.2422e-07
0.2	-9.48586e-08	-1.071e-10	3.8201e-10	4.199e-07	-3.2532e-07	-5.73962e-08	-2.6106000000000003e-10	3.2879e-10	3.8262e-07	-3.253e-07	-3.20336e-08	-3.7454e-10	2.9222e-10	3.564e-07	-3.236e-07	-1.55146e-08	-5.9041e-10	2.6100000000000003e-10	3.4002e-07	-3.2426e-07	-5.7455e-09	-9.4766e-10	2.3915e-10	3.309e-07	-3.243e-07	-6.3369e-10	-1.5491e-09	1.9450000000000003e-10	3.2624e-07	-3.244e-07	3.4051e-09	-2.8892e-09	1.7046000000000002e-10	3.2358e-07	-3.2434e-07
0.195	-9.49044e-08	-1.1631e-10	3.8087000000000005e-10	4.2004e-07	-3.2532e-07	-5.74006e-08	-2.6671e-10	3.2876e-10	3.825e-07	-3.2514e-07	-3.18096e-08	-3.8526e-10	3.0478e-10	3.5634e-07	-3.2434e-07	-1.5294799999999998e-08	-6.0399e-10	2.7106000000000004e-10	3.393e-07	-3.2364e-07	-5.8583e-09	-9.6241e-10	2.2866e-10	3.3088e-07	-3.2428e-07	-4.9719e-10	-1.5828e-09	2.0603e-10	3.2558e-07	-3.2372e-07	3.4989e-09	-2.9537e-09	1.6999000000000003e-10	3.2354e-07	-3.2418e-07
0.19	-9.49864e-08	-1.2468e-10	3.8499e-10	4.2008e-07	-3.254e-07	-5.74036e-08	-2.7424000000000003e-10	3.2778000000000003e-10	3.8264e-07	-3.2524e-07	-3.19676e-08	-3.8952e-10	2.9370000000000003e-10	3.5632e-07	-3.2406e-07	-1.5370799999999998e-08	-6.1631e-10	2.6449000000000003e-10	3.3992e-07	-3.243e-07	-5.7421e-09	-9.8067e-10	2.4010000000000003e-10	3.3084e-07	-3.2434e-07	-5.899700000000001e-10	-1.6164e-09	1.9441e-10	3.2626e-07	-3.2434e-07	3.5311e-09	-3.0243e-09	1.7336e-10	3.2364e-07	-3.2418e-07
0.185	-9.50072e-08	-1.3316e-10	3.8132e-10	4.202e-07	-3.2532e-07	-5.74904e-08	-2.7782000000000003e-10	3.3205e-10	3.8274e-07	-3.2532e-07	-3.18282e-08	-3.9986000000000005e-10	3.0477e-10	3.5564e-07	-3.235e-07	-1.5216599999999998e-08	-6.2935e-10	2.7021000000000004e-10	3.4002e-07	-3.2436e-07	-5.8993e-09	-9.975e-10	2.325e-10	3.3084e-07	-3.243e-07	-3.6286e-10	-1.6518e-09	2.0534e-10	3.2626e-07	-3.243e-07	3.5268e-09	-3.0916e-09	1.6838000000000002e-10	3.2364e-07	-3.243e-07
0.18	-9.51582e-08	-1.42e-10	3.8583000000000005e-10	4.2032e-07	-3.254e-07	-5.7504e-08	-2.8525e-10	3.3293e-10	3.8278e-07	-3.2532e-07	-3.2045e-08	-4.0228e-10	2.9585e-10	3.5556e-07	-3.2356e-07	-1.53062e-08	-6.4121e-10	2.6697e-10	3.3994e-07	-3.2428e-07	-5.7125e-09	-1.01555e-09	2.3486e-10	3.3082e-07	-3.2428e-07	-4.6464e-10	-1.6878e-09	1.9894e-10	3.262e-07	-3.243e-07	3.7294e-09	-3.1658e-09	1.7559e-10	3.2352e-07	-3.2428e-07
0.175	-9.52856e-08	-1.4781e-10	3.8117e-10	4.2052e-07	-3.2528e-07	-5.761479999999999e-08	-2.9053000000000003e-10	3.3209000000000004e-10	3.8266e-07	-3.252e-07	-3.18914e-08	-4.143e-10	3.0503000000000003e-10	3.5624e-07	-3.2428e-07	-1.52794e-08	-6.5288e-10	2.6856e-10	3.4006e-07	-3.2426e-07	-5.7106e-09	-1.03401e-09	2.3603e-10	3.308e-07	-3.2422e-07	-4.5369e-10	-1.7201e-09	2.0376000000000003e-10	3.2618e-07	-3.2432e-07	3.7691e-09	-3.2381e-09	1.6961000000000002e-10	3.2362e-07	-3.243e-07
0.17	-9.54152e-08	-1.5554e-10	3.8932e-10	4.2062e-07	-3.2542e-07	-5.76412e-08	-2.9666000000000004e-10	3.3279000000000005e-10	3.8298e-07	-3.2526e-07	-3.20664e-08	-4.183e-10	2.9937e-10	3.5632e-07	-3.2428e-07	-1.53138e-08	-6.6579e-10	2.7352e-10	3.3998e-07	-3.2428e-07	-5.8384e-09	-1.04934e-09	2.3108e-10	3.3082e-07	-3.2428e-07	-2.7884000000000004e-10	-1.7612e-09	2.0462e-10	3.2622e-07	-3.2424e-07	3.7648e-09	-3.311e-09	1.7512e-10	3.2362e-07	-3.2424e-07
0.165	-9.55018e-08	-1.6312e-10	3.8375e-10	4.2064e-07	-3.2528e-07	-5.77284e-08	-3.0279000000000005e-10	3.3615e-10	3.8294e-07	-3.2526e-07	-3.1852399999999995e-08	-4.3024000000000006e-10	3.0474e-10	3.5638e-07	-3.2432e-07	-1.5302799999999997e-08	-6.7888e-10	2.6622000000000004e-10	3.3998e-07	-3.2424e-07	-5.6695e-09	-1.07208e-09	2.3956e-10	3.3082e-07	-3.2426e-07	-3.6333e-10	-1.7947e-09	1.9992e-10	3.2616e-07	-3.2428e-07	3.8634e-09	-3.3894e-09	1.7024000000000002e-10	3.2358e-07	-3.2428e-07
0.16	-9.55426e-08	-1.7125e-10	3.8866e-10	4.2068e-07	-3.2542e-07	-5.76382e-08	-3.0926000000000003e-10	3.3513e-10	3.8286e-07	-3.2516e-07	-3.19052e-08	-4.3518e-10	2.9965000000000005e-10	3.563e-07	-3.2426e-07	-1.5207599999999998e-08	-6.922400000000001e-10	2.7439e-10	3.3996e-07	-3.243e-07	-5.7034e-09	-1.08762e-09	2.2914e-10	3.3078e-07	-3.2424e-07	-2.4533e-10	-1.8393e-09	2.1051e-10	3.2542e-07	-3.2426e-07	4.0016e-09	-3.468e-09	1.7190000000000002e-10	3.2358e-07	-3.2428e-07
0.155	-9.56234e-08	-1.7736000000000002e-10	3.8689000000000005e-10	4.2084e-07	-3.2532e-07	-5.776459999999999e-08	-3.1504000000000003e-10	3.3500000000000003e-10	3.8282e-07	-3.252e-07	-3.18036e-08	-4.4417e-10	3.0522e-10	3.563e-07	-3.2424e-07	-1.52334e-08	-7.0495e-10	2.6737000000000003e-10	3.3994e-07	-3.243e-07	-5.6685e-09	-1.1041e-09	2.4198000000000003e-10	3.3084e-07	-3.244e-07	-2.8987e-10	-1.8765e-09	1.9972e-10	3.2622e-07	-3.2432e-07	4.0491e-09	-3.5469e-09	1.7307e-10	3.236e-07	-3.2428e-07
0.15	-9.568e-08	-1.8700000000000003e-10	3.8876e-10	4.2084e-07	-3.2532e-07	-5.776e-08	-3.2059000000000003e-10	3.385e-10	3.8298e-07	-3.2524e-07	-3.19658e-08	-4.5215e-10	3.0602000000000005e-10	3.5632e-07	-3.2428e-07	-1.50596e-08	-7.1917e-10	2.7543e-10	3.3988e-07	-3.2428e-07	-5.7466e-09	-1.1236e-09	2.3305000000000004e-10	3.308e-07	-3.2426e-07	-1.0732e-10	-1.9197e-09	2.092e-10	3.2618e-07	-3.2422e-07	4.053e-09	-3.6267e-09	1.7290000000000002e-10	3.2362e-07	-3.2434e-07
0.145	-9.58662e-08	-1.925e-10	3.8900000000000005e-10	4.2098e-07	-3.2532e-07	-5.78196e-08	-3.2566000000000004e-10	3.3712e-10	3.8292e-07	-3.2514e-07	-3.1914799999999994e-08	-4.597e-10	3.0228e-10	3.563e-07	-3.2424e-07	-1.52614e-08	-7.303400000000001e-10	2.6715e-10	3.3994e-07	-3.2426e-07	-5.6401e-09	-1.1443e-09	2.4233000000000003e-10	3.309e-07	-3.244e-07	-1.7614000000000002e-10	-1.959e-09	2.0444e-10	3.262e-07	-3.2428e-07	4.1944e-09	-3.712e-09	1.753e-10	3.2364e-07	-3.2424e-07
0.14	-9.6051e-08	-1.9930000000000003e-10	3.9103e-10	4.212e-07	-3.2536e-07	-5.78154e-08	-3.3222e-10	3.4274000000000005e-10	3.8296e-07	-3.2532e-07	-3.18816e-08	-4.7005e-10	3.1166000000000004e-10	3.5632e-07	-3.2412e-07	-1.5146e-08	-7.4413e-10	2.8065e-10	3.399e-07	-3.2428e-07	-5.5605e-09	-1.1654e-09	2.3644e-10	3.3084e-07	-3.2434e-07	-1.8762e-10	-2.003e-09	2.0606e-10	3.2618e-07	-3.2428e-07	4.3637e-09	-3.7985e-09	1.7472000000000002e-10	3.2368e-07	-3.243e-07
0.135	-9.60994e-08	-2.0537e-10	3.9159e-10	4.212e-07	-3.2536e-07	-5.793739999999999e-08	-3.3813e-10	3.3653000000000003e-10	3.831e-07	-3.252e-07	-3.18642e-08	-4.763100000000001e-10	3.011e-10	3.5632e-07	-3.2428e-07	-1.5243399999999998e-08	-7.5675e-10	2.6777e-10	3.3984e-07	-3.243e-07	-5.5814e-09	-1.1854e-09	2.3878000000000003e-10	3.3088e-07	-3.2442e-07	-7.65e-12	-2.0481e-09	2.0740000000000003e-10	3.2614e-07	-3.2426e-07	4.304e-09	-3.8883e-09	1.7623000000000002e-10	3.2364e-07	-3.243e-07
0.13	-9.62114e-08	-2.1378e-10	3.9154e-10	4.2144e-07	-3.2524e-07	-5.789639999999999e-08	-3.4497e-10	3.4162e-10	3.8322e-07	-3.252e-07	-3.17306e-08	-4.885900000000001e-10	3.1503000000000005e-10	3.5628e-07	-3.2428e-07	-1.5102399999999997e-08	-7.715500000000001e-10	2.7757e-10	3.4e-07	-3.2426e-07	-5.5852e-09	-1.2095e-09	2.4311e-10	3.3092e-07	-3.2428e-07	-2.0680000000000003e-11	-2.0853e-09	2.0357000000000003e-10	3.2618e-07	-3.2438e-07	4.459e-09	-3.9787e-09	1.7576000000000002e-10	3.2358e-07	-3.2426e-07
0.125	-9.61864e-08	-2.2058000000000003e-10	3.9192e-10	4.2154e-07	-3.2534e-07	-5.79658e-08	-3.4951e-10	3.418e-10	3.8312e-07	-3.252e-07	-3.187e-08	-4.9386e-10	3.0073e-10	3.563e-07	-3.2424e-07	-1.50962e-08	-7.8359e-10	2.7085e-10	3.399e-07	-3.2428e-07	-5.5965e-09	-1.2319e-09	2.3887e-10	3.3088e-07	-3.2434e-07	-3.12e-11	-2.1311e-09	2.0878000000000003e-10	3.2618e-07	-3.2422e-07	4.5946e-09	-4.0729e-09	1.7487e-10	3.236e-07	-3.2426e-07
0.12	-9.64016e-08	-2.2839000000000003e-10	3.9229000000000005e-10	4.215e-07	-3.2532e-07	-5.789919999999999e-08	-3.5594e-10	3.429e-10	3.8308e-07	-3.2518e-07	-3.17476e-08	-5.0677e-10	3.1564e-10	3.5626e-07	-3.2424e-07	-1.5011799999999998e-08	-7.9917e-10	2.7715e-10	3.3992e-07	-3.2416e-07	-5.4548e-09	-1.2567e-09	2.4649e-10	3.3028e-07	-3.243e-07	6.018e-11	-2.1775e-09	2.0443e-10	3.2608e-07	-3.2424e-07	4.6622e-09	-4.1654e-09	1.7689000000000002e-10	3.2358e-07	-3.2424e-07
0.115	-9.64786e-08	-2.3288000000000003e-10	3.9353e-10	4.2168e-07	-3.2528e-07	-5.80924e-08	-3.6113e-10	3.4294e-10	3.832e-07	-3.2526e-07	-3.19302e-08	-5.107900000000001e-10	3.0499e-10	3.5628e-07	-3.243e-07	-1.5060799999999997e-08	-8.1091e-10	2.7484e-10	3.3992e-07	-3.2434e-07	-5.5031e-09	-1.2762e-09	2.3948000000000004e-10	3.3088e-07	-3.2434e-07	1.7752000000000002e-10	-2.2249e-09	2.0985e-10	3.2624e-07	-3.2434e-07	4.7451e-09	-4.2625e-09	1.7610000000000002e-10	3.2356e-07	-3.2434e-07
0.11	-9.66188e-08	-2.4184e-10	3.9490000000000005e-10	4.218e-07	-3.2534e-07	-5.80286e-08	-3.6659e-10	3.4341e-10	3.8324e-07	-3.2518e-07	-3.1731599999999994e-08	-5.265700000000001e-10	3.1822e-10	3.5622e-07	-3.2416e-07	-1.50864e-08	-8.2665e-10	2.7587e-10	3.3988e-07	-3.2428e-07	-5.5005e-09	-1.2989e-09	2.4583e-10	3.3076e-07	-3.2442e-07	1.0553e-10	-2.2727e-09	2.0879e-10	3.2632e-07	-3.2432e-07	4.7543e-09	-4.3479e-09	1.7573000000000002e-10	3.2362e-07	-3.2426e-07
0.105	-9.68254e-08	-2.4605000000000004e-10	3.9236e-10	4.219e-07	-3.2528e-07	-5.80412e-08	-3.741e-10	3.4724000000000003e-10	3.8328e-07	-3.2516e-07	-3.1856799999999994e-08	-5.3005e-10	3.0469e-10	3.5614e-07	-3.2418e-07	-1.5060799999999997e-08	-8.39e-10	2.7709e-10	3.3982e-07	-3.2418e-07	-5.4242e-09	-1.3246e-09	2.3973e-10	3.3088e-07	-3.2434e-07	1.6480000000000002e-10	-2.3247e-09	2.1102e-10	3.2616e-07	-3.2432e-07	5.0508e-09	-4.4568e-09	1.7973e-10	3.2368e-07	-3.2362e-07
0.1	-9.682259999999998e-08	-2.5351000000000004e-10	3.9826e-10	4.2206e-07	-3.2528e-07	-5.796539999999999e-08	-3.7935e-10	3.4164e-10	3.8326e-07	-3.2522e-07	-3.16214e-08	-5.4599e-10	3.1838000000000004e-10	3.5622e-07	-3.2424e-07	-1.5042e-08	-8.5618e-10	2.7719e-10	3.3994e-07	-3.2426e-07	-5.3842e-09	-1.3486e-09	2.4166e-10	3.3088e-07	-3.2432e-07	3.0061e-10	-2.3761e-09	2.1092e-10	3.2626e-07	-3.2434e-07	4.9734e-09	-4.5543e-09	1.7605e-10	3.2362e-07	-3.2424e-07
0.095	-9.69118e-08	-2.6018000000000003e-10	3.9404e-10	4.2228e-07	-3.2534e-07	-5.803099999999999e-08	-3.8647e-10	3.4926000000000004e-10	3.833e-07	-3.2516e-07	-3.1792199999999995e-08	-5.519800000000001e-10	3.0715e-10	3.5626e-07	-3.2422e-07	-1.49598e-08	-8.6851e-10	2.7893000000000004e-10	3.3992e-07	-3.2434e-07	-5.4429e-09	-1.3715999999999999e-09	2.4345e-10	3.3094e-07	-3.2428e-07	3.3476000000000004e-10	-2.4283e-09	2.0987e-10	3.2608e-07	-3.242e-07	5.2311e-09	-4.7362e-09	1.8303e-10	3.2362e-07	-3.2428e-07
0.09	-9.68594e-08	-2.6782e-10	3.9935e-10	4.2212e-07	-3.2532e-07	-5.804579999999999e-08	-3.9154e-10	3.4007000000000005e-10	3.833e-07	-3.2526e-07	-3.1645199999999994e-08	-5.6558e-10	3.1649e-10	3.562e-07	-3.2428e-07	-1.49214e-08	-8.850800000000001e-10	2.7522e-10	3.3986e-07	-3.2434e-07	-5.4276e-09	-1.3996e-09	2.4162000000000004e-10	3.3084e-07	-3.243e-07	2.6027e-10	-2.4801e-09	2.0995e-10	3.2618e-07	-3.242e-07	5.2892e-09	-4.8428e-09	1.7639000000000002e-10	3.2356e-07	-3.2424e-07
0.085	-9.71336e-08	-2.7298e-10	3.9319e-10	4.2234e-07	-3.2532e-07	-5.80842e-08	-3.9834e-10	3.5575000000000004e-10	3.8334e-07	-3.2526e-07	-3.17904e-08	-5.7157e-10	3.1242000000000004e-10	3.5618e-07	-3.2414e-07	-1.49606e-08	-8.981e-10	2.7944e-10	3.3996e-07	-3.2428e-07	-5.3253e-09	-1.4264e-09	2.4398e-10	3.3078e-07	-3.2426e-07	4.7484e-10	-2.5389e-09	2.1131e-10	3.2612e-07	-3.2424e-07	5.5105e-09	-4.9535e-09	1.8392e-10	3.2362e-07	-3.243e-07
0.08	-9.717579999999999e-08	-2.8043000000000003e-10	4.0042000000000005e-10	4.2246e-07	-3.253e-07	-5.825799999999999e-08	-4.0311e-10	3.4361e-10	3.8354e-07	-3.2512e-07	-3.17038e-08	-5.856200000000001e-10	3.1634e-10	3.5626e-07	-3.242e-07	-1.4966399999999998e-08	-9.1342e-10	2.7967000000000003e-10	3.3994e-07	-3.2436e-07	-5.2748e-09	-1.4532e-09	2.4348e-10	3.3082e-07	-3.243e-07	4.7536e-10	-2.5969e-09	2.0937e-10	3.2612e-07	-3.2422e-07	5.5052e-09	-5.0651e-09	1.8162e-10	3.2352e-07	-3.2422e-07
0.075	-9.74914e-08	-2.8405e-10	3.9741e-10	4.2284e-07	-3.2526e-07	-5.81006e-08	-4.1081000000000005e-10	3.5469000000000004e-10	3.8332e-07	-3.2518e-07	-3.1715199999999994e-08	-5.943200000000001e-10	3.1723e-10	3.5638e-07	-3.2424e-07	-1.49688e-08	-9.272899999999999e-10	2.8225000000000003e-10	3.3996e-07	-3.243e-07	-5.3775e-09	-1.4795e-09	2.4567000000000004e-10	3.3078e-07	-3.2428e-07	5.1744e-10	-2.6562e-09	2.1541e-10	3.2608e-07	-3.2416e-07	5.5382e-09	-5.1588e-09	1.8081e-10	3.2362e-07	-3.2422e-07
0.07	-9.744819999999998e-08	-2.9367000000000003e-10	4.0112e-10	4.2272e-07	-3.2524e-07	-5.82474e-08	-4.1574000000000006e-10	3.432e-10	3.8338e-07	-3.2516e-07	-3.16366e-08	-6.075300000000001e-10	3.1285e-10	3.5616e-07	-3.242e-07	-1.4946199999999998e-08	-9.4302e-10	2.7742e-10	3.3994e-07	-3.243e-07	-5.2174e-09	-1.51e-09	2.4596e-10	3.308e-07	-3.243e-07	5.553e-10	-2.7136e-09	2.1049e-10	3.2618e-07	-3.2418e-07	5.844e-09	-5.2799e-09	1.848e-10	3.235e-07	-3.2424e-07
0.065	-9.77278e-08	-2.9837e-10	3.9743e-10	4.2288e-07	-3.2518e-07	-5.80126e-08	-4.2446000000000005e-10	3.5891e-10	3.8352e-07	-3.2524e-07	-3.15556e-08	-6.175200000000001e-10	3.1725e-10	3.5624e-07	-3.243e-07	-1.49032e-08	-9.5855e-10	2.8113000000000004e-10	3.3916e-07	-3.2364e-07	-5.2097e-09	-1.538e-09	2.4522e-10	3.3072e-07	-3.2426e-07	6.4496e-10	-2.7739e-09	2.1233e-10	3.2618e-07	-3.2424e-07	5.7801e-09	-5.4008e-09	1.7611000000000003e-10	3.2362e-07	-3.2424e-07
0.06	-9.75526e-08	-3.0616e-10	4.0193e-10	4.2284e-07	-3.2528e-07	-5.82414e-08	-4.2942000000000005e-10	3.4589000000000003e-10	3.8338e-07	-3.2516e-07	-3.16804e-08	-6.2888e-10	3.1452e-10	3.5558e-07	-3.242e-07	-1.47812e-08	-9.7455e-10	2.8280000000000005e-10	3.3998e-07	-3.24e-07	-5.2051e-09	-1.5689e-09	2.4984000000000004e-10	3.307e-07	-3.2428e-07	7.8091e-10	-2.8368e-09	2.1376e-10	3.2546e-07	-3.2418e-07	6.0411e-09	-5.4487e-09	1.8754e-10	3.2356e-07	-3.243e-07
0.055	-9.77316e-08	-3.1079e-10	4.0147e-10	4.2286e-07	-3.2526e-07	-5.81e-08	-4.3684e-10	3.5712e-10	3.8356e-07	-3.2512e-07	-3.15994e-08	-6.393000000000001e-10	3.2436e-10	3.5624e-07	-3.2422e-07	-1.4830399999999998e-08	-9.898e-10	2.8087000000000003e-10	3.3992e-07	-3.243e-07	-5.2072e-09	-1.5982e-09	2.4855000000000004e-10	3.3088e-07	-3.2434e-07	6.270700000000001e-10	-2.8925e-09	2.0953000000000003e-10	3.2616e-07	-3.2424e-07	5.9367e-09	-5.5788e-09	1.7604000000000002e-10	3.2344e-07	-3.2418e-07
0.05	-9.7788e-08	-3.1795e-10	4.012e-10	4.2296e-07	-3.2534e-07	-5.82862e-08	-4.408e-10	3.4868000000000003e-10	3.8376e-07	-3.252e-07	-3.1715e-08	-6.524400000000001e-10	3.1379e-10	3.562e-07	-3.2428e-07	-1.48068e-08	-1.00612e-09	2.8183e-10	3.3988e-07	-3.243e-07	-5.1573999999999996e-09	-1.6324e-09	2.4879000000000003e-10	3.3078e-07	-3.2418e-07	9.1295e-10	-2.9626e-09	2.169e-10	3.2602e-07	-3.2424e-07	6.2683e-09	-5.7101e-09	1.8777e-10	3.236e-07	-3.2416e-07
0.045	-9.79394e-08	-3.2284000000000005e-10	4.0547000000000005e-10	4.2334e-07	-3.2528e-07	-5.81252e-08	-4.5033e-10	3.5741e-10	3.835e-07	-3.2522e-07	-3.15854e-08	-6.637100000000001e-10	3.2408000000000003e-10	3.562e-07	-3.2428e-07	-1.48916e-08	-1.02235e-09	2.8274e-10	3.3984e-07	-3.2424e-07	-5.0157e-09	-1.6617e-09	2.4966e-10	3.3078e-07	-3.2428e-07	8.678e-10	-3.0245e-09	2.0878000000000003e-10	3.2616e-07	-3.2414e-07	6.2736e-09	-5.838e-09	1.8071e-10	3.2356e-07	-3.2418e-07
0.04	-9.79944e-08	-3.2980000000000004e-10	3.9916000000000005e-10	4.2314e-07	-3.2526e-07	-5.82582e-08	-4.5619000000000006e-10	3.5464000000000003e-10	3.8354e-07	-3.2524e-07	-3.15776e-08	-6.764600000000001e-10	3.1621000000000004e-10	3.5624e-07	-3.2424e-07	-1.4764599999999998e-08	-1.03907e-09	2.852e-10	3.3982e-07	-3.243e-07	-5.1609e-09	-1.6949e-09	2.4747e-10	3.3082e-07	-3.2432e-07	9.5951e-10	-3.0963e-09	2.1828e-10	3.2618e-07	-3.2428e-07	6.3585e-09	-5.9773e-09	1.8691e-10	3.2352e-07	-3.2422e-07
0.035	-9.79432e-08	-3.3648e-10	4.0949000000000005e-10	4.232e-07	-3.253e-07	-5.81756e-08	-4.6469e-10	3.5475000000000004e-10	3.8354e-07	-3.2518e-07	-3.14562e-08	-6.897200000000001e-10	3.2377e-10	3.5614e-07	-3.2422e-07	-1.4777999999999998e-08	-1.0551900000000002e-09	2.855e-10	3.397e-07	-3.2418e-07	-4.9913e-09	-1.7296e-09	2.5304000000000004e-10	3.3072e-07	-3.2424e-07	1.046e-09	-3.1545e-09	2.2095e-10	3.2612e-07	-3.2424e-07	6.6032e-09	-6.1111e-09	1.8707e-10	3.2354e-07	-3.2406e-07
0.03	-9.81162e-08	-3.4315e-10	3.9814e-10	4.233e-07	-3.253e-07	-5.819059999999999e-08	-4.7094e-10	3.5867e-10	3.8348e-07	-3.2524e-07	-3.1508e-08	-7.0032e-10	3.1829000000000005e-10	3.5614e-07	-3.243e-07	-1.46712e-08	-1.0742100000000002e-09	2.82e-10	3.3988e-07	-3.243e-07	-5.0175e-09	-1.7639e-09	2.4574e-10	3.308e-07	-3.242e-07	1.1116e-09	-3.2249e-09	2.1028e-10	3.2624e-07	-3.2422e-07	6.6854e-09	-6.2545e-09	1.8224e-10	3.2358e-07	-3.2418e-07
0.025	-9.80144e-08	-3.4946e-10	4.0988e-10	4.2336e-07	-3.253e-07	-5.8234e-08	-4.7812e-10	3.5460000000000005e-10	3.8356e-07	-3.2522e-07	-3.14486e-08	-7.132700000000001e-10	3.238e-10	3.5614e-07	-3.2426e-07	-1.4689999999999998e-08	-1.09168e-09	2.8611e-10	3.3898e-07	-3.235e-07	-4.9278e-09	-1.799e-09	2.5458e-10	3.3076e-07	-3.2432e-07	1.1676e-09	-3.297e-09	2.1813000000000003e-10	3.2612e-07	-3.2418e-07	6.9225e-09	-6.3975e-09	1.9264e-10	3.235e-07	-3.2418e-07
0.02	-9.833e-08	-3.5501e-10	4.0021e-10	4.2352e-07	-3.2524e-07	-5.820479999999999e-08	-4.8551e-10	3.6261000000000005e-10	3.8348e-07	-3.2514e-07	-3.1554e-08	-7.2374e-10	3.2177e-10	3.5618e-07	-3.243e-07	-1.46784e-08	-1.1059e-09	2.8223e-10	3.3912e-07	-3.2354e-07	-4.9852e-09	-1.8362e-09	2.4971e-10	3.302e-07	-3.2426e-07	1.2116e-09	-3.3739e-09	2.1638e-10	3.2612e-07	-3.2426e-07	6.8517e-09	-6.5481e-09	1.8058e-10	3.2342e-07	-3.2348e-07
0.015	-9.82724e-08	-3.6195e-10	4.1473e-10	4.235e-07	-3.2524e-07	-5.83048e-08	-4.9191e-10	3.5406e-10	3.8352e-07	-3.252e-07	-3.1453e-08	-7.3758e-10	3.2457000000000005e-10	3.561e-07	-3.2418e-07	-1.4604799999999998e-08	-1.1236e-09	2.8857e-10	3.3972e-07	-3.2428e-07	-4.9159e-09	-1.8729e-09	2.5166000000000004e-10	3.3082e-07	-3.2428e-07	1.2316e-09	-3.4491e-09	2.1377000000000003e-10	3.2612e-07	-3.2428e-07	7.2927e-09	-6.6978e-09	1.9379e-10	3.235e-07	-3.2414e-07
0.01	-9.84976e-08	-3.6526e-10	4.0002e-10	4.235e-07	-3.2526e-07	-5.82106e-08	-5.0147e-10	3.6489e-10	3.8368e-07	-3.2526e-07	-3.1455999999999994e-08	-7.5127e-10	3.2420000000000003e-10	3.5614e-07	-3.2428e-07	-1.4734799999999998e-08	-1.1418e-09	2.8288e-10	3.398e-07	-3.2418e-07	-4.7121e-09	-1.9144e-09	2.532e-10	3.3082e-07	-3.2436e-07	1.5307e-09	-3.5338e-09	2.2159e-10	3.261e-07	-3.2422e-07	7.2492e-09	-6.8507e-09	1.8139e-10	3.2358e-07	-3.2422e-07
0.005	-9.83958e-08	-3.7564e-10	4.1394e-10	4.236e-07	-3.2526e-07	-5.8272e-08	-5.0887e-10	3.5285000000000003e-10	3.8358e-07	-3.2518e-07	-3.13582e-08	-7.6516e-10	3.2370000000000003e-10	3.561e-07	-3.242e-07	-1.45692e-08	-1.161e-09	2.9388e-10	3.3972e-07	-3.2426e-07	-4.9329e-09	-1.9501e-09	2.4763e-10	3.3072e-07	-3.2418e-07	1.3297e-09	-3.6071e-09	2.1086e-10	3.255e-07	-3.2358e-07	7.4197e-09	-7.0083e-09	1.9177000000000003e-10	3.2356e-07	-3.2414e-07
0.0	-9.85062e-08	-3.786e-10	4.0495e-10	4.236e-07	-3.252e-07	-5.813539999999999e-08	-5.185800000000001e-10	3.6659e-10	3.8364e-07	-3.2524e-07	-3.13568e-08	-7.7899e-10	3.2637000000000003e-10	3.5602e-07	-3.2418e-07	-1.4673599999999998e-08	-1.1805e-09	2.8173e-10	3.3934e-07	-3.2352e-07	-4.708e-09	-1.9964e-09	2.5732e-10	3.3076e-07	-3.243e-07	1.585e-09	-3.6915e-09	2.2542e-10	3.2614e-07	-3.2418e-07	7.6214e-09	-7.1819e-09	1.8654e-10	3.2356e-07	-3.2418e-07
