I/V Sweep,id_vgs_P_2
RecordTime,04/14/2025 14:32:36
Device ID,
Count,1
Flag,
Remarks,
vg,vd,id,ig,is,iavdd,ignd
1.2,0.8,-2.0273E-09,1.9055E-09,1.3241E-10,3.2631999999999997E-07,-3.263E-07
1.195,0.8,-1.8484E-09,1.7549E-09,1.3561E-10,3.263E-07,-3.262E-07
1.19,0.8,-2.0304E-09,1.6554E-09,1.2643000000000002E-10,3.2644E-07,-3.2626E-07
1.185,0.8,-1.9273E-09,1.5645E-09,1.4129E-10,3.2654E-07,-3.2626E-07
1.1800000000000002,0.8,-1.9807E-09,1.4786E-09,1.331E-10,3.2654E-07,-3.2614E-07
1.175,0.8,-1.8783E-09,1.4035E-09,1.4013E-10,3.2664E-07,-3.2617999999999997E-07
1.1700000000000002,0.8,-1.8667E-09,1.3313E-09,1.4340000000000002E-10,3.2662E-07,-3.2622E-07
1.165,0.8,-1.9856E-09,1.2674E-09,1.4196000000000002E-10,3.2668E-07,-3.262E-07
1.1600000000000001,0.8,-1.8239E-09,1.2041E-09,1.5064E-10,3.2662E-07,-3.2617999999999997E-07
1.155,0.8,-1.9059E-09,1.1509E-09,1.4061000000000002E-10,3.268E-07,-3.2614E-07
1.1500000000000001,0.8,-1.7554E-09,1.0989E-09,1.5351000000000002E-10,3.2714E-07,-3.2648E-07
1.145,0.8,-1.999E-09,1.0522E-09,1.4290000000000002E-10,3.2676E-07,-3.261E-07
1.1400000000000001,0.8,-1.7301E-09,1.0061999999999999E-09,1.5344000000000002E-10,3.2676E-07,-3.2614E-07
1.135,0.8,-1.8199E-09,9.6263E-10,1.5868000000000002E-10,3.2682E-07,-3.2614E-07
1.1300000000000001,0.8,-1.9334E-09,9.2634E-10,1.4892000000000001E-10,3.2684E-07,-3.2638E-07
1.125,0.8,-1.7226E-09,8.8587000000000006E-10,1.6251000000000002E-10,3.2686E-07,-3.2603999999999997E-07
1.12,0.8,-1.7925E-09,8.5239000000000009E-10,1.5407000000000002E-10,3.2678E-07,-3.2612E-07
1.115,0.8,-1.8387E-09,8.2096E-10,1.5975000000000002E-10,3.2686E-07,-3.2606E-07
1.11,0.8,-1.7464E-09,7.8970000000000008E-10,1.6236000000000002E-10,3.2687999999999997E-07,-3.2614E-07
1.105,0.8,-1.7659E-09,7.5995E-10,1.5737000000000002E-10,3.2694E-07,-3.2608E-07
1.1,0.8,-1.6837E-09,7.3537E-10,1.6859E-10,3.2687999999999997E-07,-3.2608E-07
1.095,0.8,-1.8879E-09,7.0725E-10,1.6014E-10,3.2694E-07,-3.26E-07
1.09,0.8,-1.6204E-09,6.8333000000000006E-10,1.6995000000000002E-10,3.2694E-07,-3.261E-07
1.085,0.8,-1.7307E-09,6.5838000000000006E-10,1.6394E-10,3.2696E-07,-3.2606E-07
1.08,0.8,-1.806E-09,6.3907E-10,1.6853E-10,3.2708E-07,-3.2602E-07
1.075,0.8,-1.6539E-09,6.1488000000000005E-10,1.7008000000000002E-10,3.2698E-07,-3.26E-07
1.07,0.8,-1.7189E-09,5.9786E-10,1.6614E-10,3.2696E-07,-3.26E-07
1.065,0.8,-1.6729E-09,5.7504E-10,1.7455E-10,3.269E-07,-3.2598E-07
1.06,0.8,-1.7814E-09,5.5812E-10,1.6757000000000002E-10,3.2704E-07,-3.2603999999999997E-07
1.0550000000000002,0.8,-1.628E-09,5.3712E-10,1.7849000000000002E-10,3.27E-07,-3.2603999999999997E-07
1.05,0.8,-1.6791E-09,5.2053000000000006E-10,1.7266E-10,3.2698E-07,-3.2594E-07
1.0450000000000002,0.8,-1.6849E-09,5.0484000000000009E-10,1.7882E-10,3.2698E-07,-3.2592E-07
1.04,0.8,-1.6816E-09,4.8679E-10,1.7677000000000003E-10,3.2696E-07,-3.26E-07
1.0350000000000001,0.8,-1.6182E-09,4.7072E-10,1.7656E-10,3.2694E-07,-3.2598E-07
1.03,0.8,-1.6121E-09,4.5564000000000004E-10,1.8007E-10,3.2696E-07,-3.2594E-07
1.0250000000000001,0.8,-1.742E-09,4.4289000000000006E-10,1.7686000000000002E-10,3.2701999999999997E-07,-3.2598E-07
1.02,0.8,-1.5705E-09,4.2648E-10,1.8158E-10,3.2694E-07,-3.2592E-07
1.0150000000000001,0.8,-1.5786E-09,4.1178000000000005E-10,1.8058E-10,3.2692E-07,-3.2603999999999997E-07
1.01,0.8,-1.6906E-09,3.9971E-10,1.8543000000000003E-10,3.27E-07,-3.2602E-07
1.0050000000000001,0.8,-1.6078E-09,3.8613000000000004E-10,1.8453E-10,3.27E-07,-3.2598E-07
1,0.8,-1.4982E-09,3.7423E-10,1.8492000000000002E-10,3.269E-07,-3.2594E-07
0.995,0.8,-1.6595E-09,3.6142000000000003E-10,1.8761E-10,3.2706E-07,-3.2592E-07
0.9900000000000001,0.8,-1.5306E-09,3.5014000000000004E-10,1.8978000000000002E-10,3.2724E-07,-3.262E-07
0.9850000000000001,0.8,-1.5926E-09,3.3625E-10,1.9034E-10,3.2696E-07,-3.2594E-07
0.98000000000000009,0.8,-1.4946E-09,3.2375000000000005E-10,1.9284E-10,3.269E-07,-3.2588E-07
0.97500000000000009,0.8,-1.5751E-09,3.1352E-10,1.8836E-10,3.2692E-07,-3.2588E-07
0.97000000000000008,0.8,-1.5816E-09,3.034E-10,1.9183000000000002E-10,3.2692E-07,-3.2594E-07
0.96500000000000008,0.8,-1.4911E-09,2.9031E-10,1.8829E-10,3.2692E-07,-3.2589999999999997E-07
0.96000000000000008,0.8,-1.551E-09,2.8302E-10,1.9111000000000003E-10,3.269E-07,-3.2588E-07
0.95500000000000007,0.8,-1.5016E-09,2.7077000000000004E-10,1.9651000000000003E-10,3.2694E-07,-3.2582E-07
0.95000000000000007,0.8,-1.6131E-09,2.6135000000000003E-10,1.9174000000000003E-10,3.2687999999999997E-07,-3.2582E-07
0.94500000000000006,0.8,-1.3433E-09,2.488E-10,1.9968000000000003E-10,3.2692E-07,-3.2588E-07
0.94000000000000006,0.8,-1.6081E-09,2.4214E-10,1.9146E-10,3.2687999999999997E-07,-3.2588E-07
0.935,0.8,-1.5259E-09,2.3257000000000003E-10,1.9642E-10,3.2682E-07,-3.2584E-07
0.93,0.8,-1.3857E-09,2.2159E-10,1.9390000000000002E-10,3.269E-07,-3.2584E-07
0.925,0.8,-1.5574E-09,2.1472E-10,1.9501E-10,3.2696E-07,-3.258E-07
0.92,0.8,-1.4212E-09,2.0410000000000002E-10,2.0324000000000001E-10,3.2694E-07,-3.2592E-07
0.915,0.8,-1.5407E-09,1.9639E-10,1.9366E-10,3.269E-07,-3.2574E-07
0.91,0.8,-1.322E-09,1.8580000000000002E-10,2.0673000000000002E-10,3.27E-07,-3.2584E-07
0.905,0.8,-1.5207E-09,1.7898E-10,1.9500000000000003E-10,3.2701999999999997E-07,-3.2584E-07
0.9,0.8,-1.44E-09,1.7065000000000003E-10,2.0397000000000002E-10,3.2696E-07,-3.2582E-07
0.895,0.8,-1.4013E-09,1.6068E-10,1.9868E-10,3.2694E-07,-3.2584E-07
0.89,0.8,-1.4402E-09,1.5548000000000002E-10,1.9972E-10,3.2684E-07,-3.2578E-07
0.885,0.8,-1.3554E-09,1.4503000000000002E-10,2.0767000000000002E-10,3.2686E-07,-3.258E-07
0.88,0.8,-1.5444E-09,1.3954000000000002E-10,1.9716000000000002E-10,3.269E-07,-3.258E-07
0.875,0.8,-1.2144E-09,1.2925000000000002E-10,2.1251000000000002E-10,3.2684E-07,-3.2586E-07
0.87,0.8,-1.4922E-09,1.227E-10,1.9928E-10,3.2684E-07,-3.2574E-07
0.865,0.8,-1.402E-09,1.1651000000000002E-10,2.1155E-10,3.2718E-07,-3.2612E-07
0.86,0.8,-1.3386E-09,1.0680000000000001E-10,2.0350000000000002E-10,3.2687999999999997E-07,-3.2578E-07
0.85500000000000009,0.8,-1.3482E-09,1.0301000000000001E-10,2.0683000000000002E-10,3.2687999999999997E-07,-3.2572E-07
0.85000000000000009,0.8,-1.3626E-09,9.2590000000000013E-11,2.1175000000000002E-10,3.2694E-07,-3.2578E-07
0.84500000000000008,0.8,-1.4417E-09,8.817E-11,2.0192E-10,3.2684E-07,-3.2582E-07
0.84000000000000008,0.8,-1.1958E-09,7.722E-11,2.1408000000000003E-10,3.2686E-07,-3.2568E-07
0.83500000000000008,0.8,-1.4766E-09,7.254E-11,2.01E-10,3.2694E-07,-3.258E-07
0.83000000000000007,0.8,-1.3213E-09,6.517E-11,2.1136E-10,3.2682E-07,-3.258E-07
0.82500000000000007,0.8,-1.3629E-09,5.8550000000000007E-11,2.0332000000000003E-10,3.2687999999999997E-07,-3.258E-07
0.82000000000000006,0.8,-1.2775E-09,5.2500000000000006E-11,2.0889000000000002E-10,3.269E-07,-3.258E-07
0.81500000000000006,0.8,-1.3381E-09,4.527E-11,2.1118000000000001E-10,3.2676E-07,-3.2582E-07
0.81,0.8,-1.3977E-09,3.9460000000000005E-11,2.0889000000000002E-10,3.2678E-07,-3.257E-07
0.805,0.8,-1.1726E-09,2.964E-11,2.1576E-10,3.269E-07,-3.2576E-07
0.8,0.8,-1.4094E-09,2.6370000000000002E-11,2.0705000000000002E-10,3.268E-07,-3.2578E-07
0.795,0.8,-1.2525E-09,1.7890000000000002E-11,2.1666E-10,3.268E-07,-3.2578E-07
0.79,0.8,-1.3498E-09,1.137E-11,2.0570000000000002E-10,3.269E-07,-3.2588E-07
0.785,0.8,-1.2003E-09,4.5900000000000004E-12,2.1320000000000002E-10,3.2708E-07,-3.2608E-07
0.78,0.8,-1.2922E-09,-1.6200000000000002E-12,2.1151000000000003E-10,3.2678E-07,-3.2572E-07
0.775,0.8,-1.3355E-09,-6.66E-12,2.1156000000000002E-10,3.269E-07,-3.258E-07
0.77,0.8,-1.1445E-09,-1.624E-11,2.1683000000000002E-10,3.2682E-07,-3.2564E-07
0.765,0.8,-1.2921E-09,-2.065E-11,2.0982E-10,3.2678E-07,-3.2578E-07
0.76,0.8,-1.2388E-09,-2.839E-11,2.2053E-10,3.2684E-07,-3.2578E-07
0.755,0.8,-1.2823E-09,-3.446E-11,2.0949000000000002E-10,3.2678E-07,-3.2572E-07
0.75,0.8,-1.1251E-09,-4.163E-11,2.1766000000000003E-10,3.2678E-07,-3.2572E-07
0.745,0.8,-1.247E-09,-4.7430000000000004E-11,2.1413000000000001E-10,3.2682E-07,-3.2574E-07
0.74,0.8,-1.2815E-09,-5.4400000000000007E-11,2.1548000000000002E-10,3.2678E-07,-3.2576E-07
0.735,0.8,-1.1134E-09,-6.2880000000000007E-11,2.1783E-10,3.269E-07,-3.2578E-07
0.73,0.8,-1.2041E-09,-6.876E-11,2.1432000000000002E-10,3.2678E-07,-3.2578E-07
0.72500000000000009,0.8,-1.2282E-09,-7.46E-11,2.2067000000000003E-10,3.2686E-07,-3.2576E-07
0.72000000000000008,0.8,-1.176E-09,-8.387E-11,2.134E-10,3.2678E-07,-3.2572E-07
0.71500000000000008,0.8,-1.121E-09,-9.006000000000001E-11,2.1729E-10,3.2678E-07,-3.2572E-07
0.71000000000000008,0.8,-1.184E-09,-9.8060000000000008E-11,2.1582E-10,3.2672E-07,-3.2568E-07
0.70500000000000007,0.8,-1.1969E-09,-1.0316000000000001E-10,2.1813000000000003E-10,3.2676E-07,-3.257E-07
0.70000000000000007,0.8,-1.1313E-09,-1.1320000000000001E-10,2.166E-10,3.267E-07,-3.257E-07
0.69500000000000006,0.8,-1.1236E-09,-1.191E-10,2.1625000000000003E-10,3.2676E-07,-3.2578E-07
0.69000000000000006,0.8,-1.1938E-09,-1.2679E-10,2.171E-10,3.2672E-07,-3.2568E-07
0.685,0.8,-1.138E-09,-1.3404E-10,2.1668000000000002E-10,3.2672E-07,-3.2572E-07
0.68,0.8,-1.1099E-09,-1.4277000000000002E-10,2.1585E-10,3.2696E-07,-3.2589999999999997E-07
0.675,0.8,-1.09E-09,-1.4958000000000002E-10,2.1909000000000002E-10,3.2676E-07,-3.2566E-07
0.67,0.8,-1.1566E-09,-1.5907E-10,2.1927E-10,3.2673999999999997E-07,-3.2578E-07
0.665,0.8,-1.1155E-09,-1.6592E-10,2.1910000000000002E-10,3.2672E-07,-3.257E-07
0.66,0.8,-1.0338E-09,-1.7463000000000002E-10,2.1701E-10,3.267E-07,-3.2562E-07
0.655,0.8,-1.1171E-09,-1.8281E-10,2.1916000000000002E-10,3.2672E-07,-3.257E-07
0.65,0.8,-1.0504E-09,-1.9193E-10,2.2131E-10,3.2672E-07,-3.257E-07
0.645,0.8,-1.1408E-09,-1.9897E-10,2.1707E-10,3.2666E-07,-3.2564E-07
0.64,0.8,-1.0237E-09,-2.0589000000000003E-10,2.2427000000000002E-10,3.267E-07,-3.2562E-07
0.635,0.8,-1.0793E-09,-2.1456E-10,2.1331E-10,3.2666E-07,-3.2562E-07
0.63,0.8,-1.083E-09,-2.2406000000000003E-10,2.1680000000000002E-10,3.2666E-07,-3.2566E-07
0.625,0.8,-9.852E-10,-2.3213000000000003E-10,2.2079000000000002E-10,3.2662E-07,-3.256E-07
0.62,0.8,-1.0163E-09,-2.4395E-10,2.1584000000000003E-10,3.267E-07,-3.256E-07
0.615,0.8,-1.0141E-09,-2.5127E-10,2.2353000000000003E-10,3.2666E-07,-3.2572E-07
0.61,0.8,-1.0542E-09,-2.6201E-10,2.1883E-10,3.2664E-07,-3.257E-07
0.605,0.8,-9.966E-10,-2.7247000000000004E-10,2.2135000000000002E-10,3.2662E-07,-3.256E-07
0.6,0.8,-1.0544E-09,-2.8211E-10,2.1437E-10,3.267E-07,-3.2558E-07
0.595,0.8,-1.0461E-09,-2.9195E-10,2.1819000000000002E-10,3.2668E-07,-3.2574E-07
0.59000000000000008,0.8,-1.01851E-09,-2.9979E-10,2.1118000000000001E-10,3.2672E-07,-3.2576E-07
0.58500000000000008,0.8,-8.316600000000001E-10,-3.127E-10,2.2649E-10,3.2676E-07,-3.2572E-07
0.58000000000000007,0.8,-1.04302E-09,-3.2257E-10,2.1588E-10,3.2672E-07,-3.2576E-07
0.57500000000000007,0.8,-9.1334000000000007E-10,-3.3481E-10,2.2329E-10,3.2676E-07,-3.2572E-07
0.57000000000000006,0.8,-8.4295000000000007E-10,-3.4742000000000003E-10,2.2267000000000002E-10,3.2668E-07,-3.2568E-07
0.56500000000000006,0.8,-1.00093E-09,-3.5674000000000005E-10,2.1816000000000003E-10,3.2672E-07,-3.2566E-07
0.56,0.8,-8.2079E-10,-3.7080000000000005E-10,2.2833000000000003E-10,3.2676E-07,-3.257E-07
0.555,0.8,-9.318E-10,-3.8116E-10,2.1439000000000002E-10,3.2678E-07,-3.2576E-07
0.55,0.8,-7.8360000000000007E-10,-3.9282000000000005E-10,2.2938000000000001E-10,3.2678E-07,-3.2568E-07
0.545,0.8,-9.1441E-10,-4.0415000000000005E-10,2.1988000000000002E-10,3.267E-07,-3.2566E-07
0.54,0.8,-8.473400000000001E-10,-4.1715000000000005E-10,2.2476E-10,3.2668E-07,-3.2568E-07
0.535,0.8,-7.4545E-10,-4.3136000000000005E-10,2.2712E-10,3.2666E-07,-3.2564E-07
0.53,0.8,-9.1992000000000007E-10,-4.3947000000000003E-10,2.1950000000000002E-10,3.2659999999999997E-07,-3.256E-07
0.525,0.8,-7.3806E-10,-4.5653E-10,2.3172000000000003E-10,3.2673999999999997E-07,-3.2568E-07
0.52,0.8,-8.2838000000000009E-10,-4.6708E-10,2.167E-10,3.2662E-07,-3.2562E-07
0.515,0.8,-7.121300000000001E-10,-4.7954000000000008E-10,2.2995000000000002E-10,3.267E-07,-3.2564E-07
0.51,0.8,-8.2799000000000005E-10,-4.9182000000000007E-10,2.2212000000000003E-10,3.2666E-07,-3.2568E-07
0.505,0.8,-7.2969000000000009E-10,-5.0456000000000007E-10,2.2393000000000002E-10,3.27E-07,-3.2596E-07
0.5,0.8,-6.4897000000000009E-10,-5.2037E-10,2.2962000000000003E-10,3.2696E-07,-3.2594E-07
0.49500000000000005,0.8,-8.3707000000000009E-10,-5.3058E-10,2.2077000000000003E-10,3.267E-07,-3.257E-07
0.49000000000000005,0.8,-6.4091E-10,-5.4646E-10,2.3137000000000002E-10,3.2673999999999997E-07,-3.257E-07
0.48500000000000004,0.8,-7.033E-10,-5.5739000000000008E-10,2.2067000000000003E-10,3.2662E-07,-3.256E-07
0.48000000000000004,0.8,-6.9017E-10,-5.7093E-10,2.3039000000000002E-10,3.2659999999999997E-07,-3.2566E-07
0.47500000000000003,0.8,-7.0175000000000008E-10,-5.8518E-10,2.2693E-10,3.2668E-07,-3.2552E-07
0.47000000000000003,0.8,-6.453E-10,-5.9931000000000007E-10,2.2524000000000002E-10,3.2659999999999997E-07,-3.2562E-07
0.465,0.8,-5.7879E-10,-6.1278E-10,2.3147000000000003E-10,3.2656E-07,-3.2556E-07
0.46,0.8,-7.2811000000000008E-10,-6.2531000000000009E-10,2.2506000000000002E-10,3.267E-07,-3.2562E-07
0.455,0.8,-5.4139E-10,-6.4063000000000009E-10,2.3101E-10,3.2662E-07,-3.2568E-07
0.45,0.8,-5.9717E-10,-6.54E-10,2.2392000000000001E-10,3.2666E-07,-3.2562E-07
0.445,0.8,-6.0607000000000006E-10,-6.6779E-10,2.3038E-10,3.2666E-07,-3.2566E-07
0.44,0.8,-5.7962E-10,-6.841300000000001E-10,2.2874000000000003E-10,3.267E-07,-3.2564E-07
0.435,0.8,-5.1583000000000007E-10,-6.9914E-10,2.2833000000000003E-10,3.2662E-07,-3.2556E-07
0.43,0.8,-5.2123000000000007E-10,-7.124E-10,2.3243000000000002E-10,3.2668E-07,-3.2564E-07
0.42500000000000004,0.8,-5.9185000000000008E-10,-7.278100000000001E-10,2.2758000000000003E-10,3.2672E-07,-3.2562E-07
0.42000000000000004,0.8,-4.6663000000000007E-10,-7.4405E-10,2.3234000000000002E-10,3.2662E-07,-3.2556E-07
0.41500000000000004,0.8,-4.8899000000000009E-10,-7.5995E-10,2.2762E-10,3.2662E-07,-3.2556E-07
0.41000000000000003,0.8,-5.3613000000000009E-10,-7.730100000000001E-10,2.2932000000000002E-10,3.2666E-07,-3.2562E-07
0.405,0.8,-4.5422000000000006E-10,-7.9157000000000009E-10,2.3029000000000001E-10,3.2666E-07,-3.2566E-07
0.4,0.8,-3.8976E-10,-8.0686E-10,2.2885000000000002E-10,3.2666E-07,-3.2562E-07
0.395,0.8,-4.6711000000000005E-10,-8.229E-10,2.3200000000000003E-10,3.267E-07,-3.2562E-07
0.39,0.8,-4.4017000000000004E-10,-8.3970000000000011E-10,2.2992000000000002E-10,3.2659999999999997E-07,-3.2556E-07
0.385,0.8,-3.7272000000000003E-10,-8.5747E-10,2.3099000000000002E-10,3.2666E-07,-3.2562E-07
0.38,0.8,-3.5709E-10,-8.748E-10,2.3084000000000003E-10,3.2662E-07,-3.2562E-07
0.375,0.8,-4.3917000000000005E-10,-8.9337000000000009E-10,2.3138E-10,3.2659999999999997E-07,-3.2556E-07
0.37,0.8,-3.5986000000000004E-10,-9.1099000000000008E-10,2.2968000000000003E-10,3.2666E-07,-3.2554E-07
0.365,0.8,-2.2242000000000002E-10,-9.2992E-10,2.3265000000000002E-10,3.2662E-07,-3.2562E-07
0.36000000000000004,0.8,-4.4679E-10,-9.4696E-10,2.3119E-10,3.2654E-07,-3.2554E-07
0.35500000000000004,0.8,-2.6896E-10,-9.6821000000000011E-10,2.3420000000000003E-10,3.2656E-07,-3.2556E-07
0.35000000000000003,0.8,-2.2806E-10,-9.8743000000000018E-10,2.2991E-10,3.2652E-07,-3.255E-07
0.34500000000000003,0.8,-2.9871000000000005E-10,-1.0074E-09,2.3352000000000004E-10,3.2662E-07,-3.2546E-07
0.34,0.8,-2.3427E-10,-1.0284E-09,2.3376000000000003E-10,3.2656E-07,-3.2556E-07
0.335,0.8,-2.4906E-10,-1.05045E-09,2.2921000000000003E-10,3.2662E-07,-3.2556E-07
0.33,0.8,-1.0446000000000001E-10,-1.07278E-09,2.3847E-10,3.2659999999999997E-07,-3.2556E-07
0.325,0.8,-3.0758000000000004E-10,-1.0916600000000001E-09,2.3021000000000003E-10,3.2659999999999997E-07,-3.2554E-07
0.32,0.8,-9.6180000000000011E-11,-1.1113E-09,2.4E-10,3.2652E-07,-3.2556E-07
0.315,0.8,-1.4315000000000002E-10,-1.1357E-09,2.3135E-10,3.2656E-07,-3.2548E-07
0.31,0.8,-1.0406000000000001E-10,-1.1581E-09,2.3608000000000003E-10,3.2668E-07,-3.2566E-07
0.305,0.8,-6.465E-11,-1.1846E-09,2.3644E-10,3.2654E-07,-3.2548E-07
0.3,0.8,-1.882E-10,-1.2046E-09,2.3138E-10,3.2659999999999997E-07,-3.2554E-07
0.29500000000000004,0.8,1.3362E-10,-1.2361E-09,2.4280000000000003E-10,3.2654E-07,-3.2556E-07
0.29000000000000004,0.8,-9.619E-11,-1.2572E-09,2.3018000000000003E-10,3.2664E-07,-3.2568E-07
0.28500000000000003,0.8,4.9770000000000006E-11,-1.2875E-09,2.4400000000000004E-10,3.2656E-07,-3.2546E-07
0.28,0.8,4.5210000000000005E-11,-1.3129E-09,2.3245E-10,3.2654E-07,-3.2552E-07
0.275,0.8,9.09E-11,-1.3416E-09,2.3785E-10,3.2652E-07,-3.255E-07
0.27,0.8,1.3443000000000002E-10,-1.3697E-09,2.3991E-10,3.2662E-07,-3.2558E-07
0.265,0.8,1.617E-11,-1.3976E-09,2.3276E-10,3.2652E-07,-3.2548E-07
0.26,0.8,2.9562E-10,-1.4295E-09,2.4441000000000004E-10,3.2658E-07,-3.256E-07
0.255,0.8,1.3182000000000002E-10,-1.4582E-09,2.3111000000000002E-10,3.2652E-07,-3.2548E-07
0.25,0.8,2.4442E-10,-1.4951E-09,2.4465000000000003E-10,3.2658E-07,-3.2546E-07
0.24500000000000002,0.8,2.3080000000000002E-10,-1.5268E-09,2.3384000000000004E-10,3.2652E-07,-3.2556E-07
0.24000000000000002,0.8,3.4805E-10,-1.5565E-09,2.3806E-10,3.2659999999999997E-07,-3.255E-07
0.23500000000000001,0.8,3.1375000000000003E-10,-1.5889E-09,2.4167E-10,3.2662E-07,-3.2556E-07
0.23,0.8,2.3682E-10,-1.6237E-09,2.3394E-10,3.2656E-07,-3.2548E-07
0.225,0.8,5.5699000000000006E-10,-1.6607E-09,2.4505E-10,3.267E-07,-3.2558E-07
0.22,0.8,3.2866000000000003E-10,-1.695E-09,2.3212000000000002E-10,3.2658E-07,-3.2552E-07
0.215,0.8,4.4758E-10,-1.7324E-09,2.4423000000000004E-10,3.2658E-07,-3.2566E-07
0.21000000000000002,0.8,4.7939E-10,-1.7719E-09,2.346E-10,3.2658E-07,-3.2556E-07
0.20500000000000002,0.8,5.8282000000000006E-10,-1.81E-09,2.4006E-10,3.265E-07,-3.2552E-07
0.2,0.8,5.3699E-10,-1.8508E-09,2.4205E-10,3.264E-07,-3.2546E-07
0.195,0.8,5.5263000000000009E-10,-1.8888E-09,2.3771E-10,3.2654E-07,-3.2546E-07
0.19,0.8,7.9674000000000008E-10,-1.9334E-09,2.4699000000000004E-10,3.2658E-07,-3.2558E-07
0.185,0.8,6.0831E-10,-1.979E-09,2.3763000000000004E-10,3.2645999999999997E-07,-3.2554E-07
0.18000000000000002,0.8,7.7376E-10,-2.0237E-09,2.4866E-10,3.2652E-07,-3.2554E-07
0.17500000000000002,0.8,7.6740000000000006E-10,-2.0647E-09,2.3961E-10,3.2662E-07,-3.2548E-07
0.17,0.8,8.5911E-10,-2.1117E-09,2.4381E-10,3.2648E-07,-3.2554E-07
0.165,0.8,8.9479000000000007E-10,-2.162E-09,2.4569E-10,3.265E-07,-3.2548E-07
0.16,0.8,8.704700000000001E-10,-2.2062E-09,2.3985E-10,3.2644E-07,-3.2542E-07
0.155,0.8,1.0922E-09,-2.2577E-09,2.4849000000000004E-10,3.2652E-07,-3.2544E-07
0.15,0.8,9.8847E-10,-2.3067E-09,2.3916000000000003E-10,3.2645999999999997E-07,-3.2556E-07
0.14500000000000002,0.8,1.0707600000000001E-09,-2.3604E-09,2.4953E-10,3.2658E-07,-3.2554E-07
0.14,0.8,1.2127E-09,-2.4026E-09,2.4563E-10,3.2654E-07,-3.255E-07
0.135,0.8,1.1684E-09,-2.4597E-09,2.4321000000000003E-10,3.2644E-07,-3.2546E-07
0.13,0.8,1.1881E-09,-2.5155E-09,2.463E-10,3.2656E-07,-3.2554E-07
0.125,0.8,1.3163E-09,-2.5756E-09,2.4475E-10,3.2652E-07,-3.2538E-07
0.12000000000000001,0.8,1.3915E-09,-2.6319E-09,2.4297000000000004E-10,3.2652E-07,-3.2546E-07
0.115,0.8,1.38E-09,-2.6922E-09,2.4612E-10,3.265E-07,-3.2544E-07
0.11,0.8,1.4112E-09,-2.7522E-09,2.4311E-10,3.2656E-07,-3.258E-07
0.10500000000000001,0.8,1.5978E-09,-2.8186E-09,2.4703E-10,3.265E-07,-3.2544E-07
0.1,0.8,1.6162E-09,-2.8817E-09,2.4638000000000003E-10,3.2654E-07,-3.2548E-07
0.095,0.8,1.6126E-09,-2.9454E-09,2.4832000000000003E-10,3.2638E-07,-3.2548E-07
0.090000000000000011,0.8,1.7406E-09,-3.0157E-09,2.4734E-10,3.2656E-07,-3.2552E-07
0.085,0.8,1.8516E-09,-3.0845E-09,2.4752000000000004E-10,3.2652E-07,-3.2542E-07
0.08,0.8,1.8428E-09,-3.1518E-09,2.4855000000000004E-10,3.2659999999999997E-07,-3.2546E-07
0.075,0.8,1.9344E-09,-3.2257E-09,2.4833E-10,3.2656E-07,-3.254E-07
0.07,0.8,1.9951E-09,-3.3035E-09,2.4742E-10,3.2644E-07,-3.2558E-07
0.065,0.8,2.1998E-09,-3.3865E-09,2.49E-10,3.2652E-07,-3.2548E-07
0.060000000000000005,0.8,2.1009E-09,-3.46E-09,2.4703E-10,3.2654E-07,-3.2552E-07
0.055,0.8,2.2521E-09,-3.54E-09,2.5042E-10,3.2645999999999997E-07,-3.2546E-07
0.05,0.8,2.3768E-09,-3.6235E-09,2.4749000000000004E-10,3.2645999999999997E-07,-3.2546E-07
0.045000000000000005,0.8,2.4112E-09,-3.7044E-09,2.5174E-10,3.2648E-07,-3.255E-07
0.04,0.8,2.4821E-09,-3.7826E-09,2.4929E-10,3.2648E-07,-3.2552E-07
0.035,0.8,2.4968E-09,-3.8671E-09,2.4931000000000004E-10,3.2652E-07,-3.2542E-07
0.030000000000000002,0.8,2.82E-09,-3.9628E-09,2.5333000000000004E-10,3.2652E-07,-3.2546E-07
0.025,0.8,2.661E-09,-4.0512E-09,2.4736E-10,3.2645999999999997E-07,-3.255E-07
0.02,0.8,2.8843E-09,-4.1456E-09,2.5717E-10,3.2652E-07,-3.2544E-07
0.015000000000000001,0.8,2.9053E-09,-4.2466E-09,2.4551E-10,3.265E-07,-3.2548E-07
0.01,0.8,3.1202E-09,-4.3389E-09,2.5558E-10,3.265E-07,-3.2548E-07
0.005,0.8,3.1279E-09,-4.4548E-09,2.4917000000000003E-10,3.2648E-07,-3.2546E-07
0,0.8,3.1996E-09,-4.5546E-09,2.5273E-10,3.2652E-07,-3.2546E-07
1.2,0.81,-1.9688E-09,2.3291E-09,-2.0090000000000002E-11,3.2518E-07,-3.2562E-07
1.195,0.81,-1.9493E-09,2.1969E-09,-1.8270000000000002E-11,3.2538E-07,-3.2566E-07
1.19,0.81,-1.6718E-09,2.0741E-09,-3.96E-12,3.2532E-07,-3.2566E-07
1.185,0.81,-1.8657E-09,1.9657E-09,-1.137E-11,3.2552E-07,-3.2566E-07
1.1800000000000002,0.81,-1.747E-09,1.8638E-09,9.45E-12,3.2552E-07,-3.257E-07
1.175,0.81,-1.8289E-09,1.7718E-09,-1.6800000000000001E-12,3.2566E-07,-3.2566E-07
1.1700000000000002,0.81,-1.6271E-09,1.6861E-09,1.4450000000000001E-11,3.2562E-07,-3.2562E-07
1.165,0.81,-1.7897E-09,1.6086E-09,1.189E-11,3.257E-07,-3.2558E-07
1.1600000000000001,0.81,-1.7686E-09,1.537E-09,1.9240000000000003E-11,3.2578E-07,-3.2572E-07
1.155,0.81,-1.6156E-09,1.469E-09,2.5670000000000004E-11,3.2582E-07,-3.2572E-07
1.1500000000000001,0.81,-1.7462E-09,1.4084E-09,2.1400000000000002E-11,3.258E-07,-3.256E-07
1.145,0.81,-1.6115E-09,1.349E-09,3.6110000000000005E-11,3.2588E-07,-3.2566E-07
1.1400000000000001,0.81,-1.7641E-09,1.2958E-09,2.7270000000000003E-11,3.26E-07,-3.2556E-07
1.135,0.81,-1.54E-09,1.2442E-09,4.1760000000000006E-11,3.2602E-07,-3.2568E-07
1.1300000000000001,0.81,-1.6719E-09,1.1989E-09,3.721E-11,3.2602E-07,-3.2562E-07
1.125,0.81,-1.6504E-09,1.1532E-09,4.701E-11,3.26E-07,-3.2556E-07
1.12,0.81,-1.5998E-09,1.1123E-09,4.792E-11,3.2606E-07,-3.2562E-07
1.115,0.81,-1.589E-09,1.0742E-09,4.72E-11,3.2612E-07,-3.2566E-07
1.11,0.81,-1.5409E-09,1.0352E-09,5.895E-11,3.2614E-07,-3.256E-07
1.105,0.81,-1.714E-09,1.0015E-09,5.2430000000000007E-11,3.2608E-07,-3.256E-07
1.1,0.81,-1.4198E-09,9.6476E-10,5.914E-11,3.2606E-07,-3.256E-07
1.095,0.81,-1.5276E-09,9.3166E-10,6.625E-11,3.2603999999999997E-07,-3.2554E-07
1.09,0.81,-1.6342E-09,9.0344E-10,6.19E-11,3.2614E-07,-3.2554E-07
1.085,0.81,-1.4715E-09,8.7111000000000011E-10,7.484000000000001E-11,3.2624E-07,-3.2556E-07
1.08,0.81,-1.5217E-09,8.4595000000000006E-10,6.7760000000000007E-11,3.2614E-07,-3.2548E-07
1.075,0.81,-1.5541E-09,8.1840000000000009E-10,7.894E-11,3.261E-07,-3.2554E-07
1.07,0.81,-1.5402E-09,7.9428000000000007E-10,7.524E-11,3.2617999999999997E-07,-3.256E-07
1.065,0.81,-1.4274E-09,7.6862000000000008E-10,8.0710000000000011E-11,3.2624E-07,-3.2562E-07
1.06,0.81,-1.4758E-09,7.4685000000000006E-10,8.36E-11,3.262E-07,-3.2552E-07
1.0550000000000002,0.81,-1.5548E-09,7.2553000000000008E-10,8.23E-11,3.2614E-07,-3.2554E-07
1.05,0.81,-1.3992E-09,7.026200000000001E-10,8.8980000000000012E-11,3.2624E-07,-3.2548E-07
1.0450000000000002,0.81,-1.4501E-09,6.819000000000001E-10,8.8080000000000008E-11,3.2656E-07,-3.2589999999999997E-07
1.04,0.81,-1.5134E-09,6.6208000000000005E-10,9.4960000000000014E-11,3.2624E-07,-3.2548E-07
1.0350000000000001,0.81,-1.4586E-09,6.4271E-10,9.3420000000000012E-11,3.2624E-07,-3.2554E-07
1.03,0.81,-1.3975E-09,6.244E-10,9.686E-11,3.2631999999999997E-07,-3.2558E-07
1.0250000000000001,0.81,-1.4164E-09,6.0622E-10,9.876E-11,3.2626E-07,-3.2556E-07
1.02,0.81,-1.4445E-09,5.8861E-10,1.0074E-10,3.2636E-07,-3.2548E-07
1.0150000000000001,0.81,-1.4132E-09,5.7031000000000007E-10,1.0288000000000001E-10,3.2634E-07,-3.2554E-07
1.01,0.81,-1.3392E-09,5.5447E-10,1.0258000000000001E-10,3.2626E-07,-3.256E-07
1.0050000000000001,0.81,-1.4766E-09,5.39E-10,1.0522000000000001E-10,3.2666E-07,-3.2588E-07
1,0.81,-1.4031E-09,5.2388000000000006E-10,1.0874E-10,3.2631999999999997E-07,-3.255E-07
0.995,0.81,-1.3388E-09,5.0735E-10,1.0874E-10,3.263E-07,-3.2556E-07
0.9900000000000001,0.81,-1.3745E-09,4.9433E-10,1.1373E-10,3.2631999999999997E-07,-3.2562E-07
0.9850000000000001,0.81,-1.3794E-09,4.7922E-10,1.1559000000000001E-10,3.263E-07,-3.255E-07
0.98000000000000009,0.81,-1.3911E-09,4.6521000000000004E-10,1.1433000000000001E-10,3.2644E-07,-3.2562E-07
0.97500000000000009,0.81,-1.2069E-09,4.4951000000000003E-10,1.2115000000000002E-10,3.2634E-07,-3.2562E-07
0.97000000000000008,0.81,-1.4657E-09,4.391E-10,1.1649E-10,3.2636E-07,-3.2546E-07
0.96500000000000008,0.81,-1.3048E-09,4.2439E-10,1.2482000000000002E-10,3.2636E-07,-3.2554E-07
0.96000000000000008,0.81,-1.3041E-09,4.1245E-10,1.2027000000000002E-10,3.2631999999999997E-07,-3.2554E-07
0.95500000000000007,0.81,-1.2804E-09,4.0031000000000004E-10,1.2864E-10,3.2626E-07,-3.2548E-07
0.95000000000000007,0.81,-1.3414E-09,3.882E-10,1.2764E-10,3.2626E-07,-3.2548E-07
0.94500000000000006,0.81,-1.3356E-09,3.7695000000000003E-10,1.2672E-10,3.2628E-07,-3.2548E-07
0.94000000000000006,0.81,-1.1161E-09,3.6359000000000003E-10,1.3526E-10,3.262E-07,-3.2552E-07
0.935,0.81,-1.4633E-09,3.5465E-10,1.27E-10,3.2622E-07,-3.255E-07
0.93,0.81,-1.1992E-09,3.4233000000000005E-10,1.3935000000000002E-10,3.2628E-07,-3.255E-07
0.925,0.81,-1.263E-09,3.3064E-10,1.2885E-10,3.2631999999999997E-07,-3.2548E-07
0.92,0.81,-1.2637E-09,3.2207E-10,1.3903E-10,3.2624E-07,-3.2554E-07
0.915,0.81,-1.277E-09,3.1025000000000004E-10,1.3674E-10,3.263E-07,-3.2546E-07
0.91,0.81,-1.3025E-09,3.0208E-10,1.3585E-10,3.2628E-07,-3.2548E-07
0.905,0.81,-1.1354E-09,2.8845E-10,1.4506000000000001E-10,3.2628E-07,-3.2538E-07
0.9,0.81,-1.385E-09,2.8356E-10,1.3502000000000002E-10,3.2636E-07,-3.2552E-07
0.895,0.81,-1.1757E-09,2.7092000000000003E-10,1.5019E-10,3.2631999999999997E-07,-3.256E-07
0.89,0.81,-1.2714E-09,2.6169E-10,1.3708E-10,3.2636E-07,-3.255E-07
0.885,0.81,-1.1455E-09,2.5344E-10,1.4935E-10,3.2626E-07,-3.2552E-07
0.88,0.81,-1.294E-09,2.4382000000000004E-10,1.4582000000000002E-10,3.2624E-07,-3.2546E-07
0.875,0.81,-1.2338E-09,2.3538E-10,1.4366000000000002E-10,3.2631999999999997E-07,-3.2544E-07
0.87,0.81,-1.1091E-09,2.2453000000000003E-10,1.5141000000000002E-10,3.2634E-07,-3.2552E-07
0.865,0.81,-1.3222E-09,2.1892E-10,1.4164000000000001E-10,3.2648E-07,-3.2542E-07
0.86,0.81,-1.1717E-09,2.0828E-10,1.5647E-10,3.2624E-07,-3.2542E-07
0.85500000000000009,0.81,-1.2184E-09,2.0091E-10,1.4572000000000002E-10,3.2634E-07,-3.2542E-07
0.85000000000000009,0.81,-1.1193E-09,1.9315000000000003E-10,1.5804E-10,3.2626E-07,-3.2548E-07
0.84500000000000008,0.81,-1.2666E-09,1.8498000000000002E-10,1.5296E-10,3.263E-07,-3.2546E-07
0.84000000000000008,0.81,-1.1828E-09,1.7743E-10,1.5532E-10,3.2634E-07,-3.2548E-07
0.83500000000000008,0.81,-1.0965E-09,1.6650000000000002E-10,1.5916000000000002E-10,3.2628E-07,-3.2542E-07
0.83000000000000007,0.81,-1.2692E-09,1.6287E-10,1.5349E-10,3.2654E-07,-3.2544E-07
0.82500000000000007,0.81,-1.1278E-09,1.5321E-10,1.6506000000000002E-10,3.2628E-07,-3.2546E-07
0.82000000000000006,0.81,-1.1795E-09,1.4563000000000002E-10,1.5414000000000002E-10,3.263E-07,-3.254E-07
0.81500000000000006,0.81,-1.0726E-09,1.3705E-10,1.6668E-10,3.2626E-07,-3.255E-07
0.81,0.81,-1.2201E-09,1.3175E-10,1.588E-10,3.263E-07,-3.2542E-07
0.805,0.81,-1.1263E-09,1.2379000000000002E-10,1.6509000000000002E-10,3.2628E-07,-3.2542E-07
0.8,0.81,-1.0771E-09,1.1429000000000001E-10,1.6349000000000002E-10,3.2636E-07,-3.2546E-07
0.795,0.81,-1.1919E-09,1.0980000000000001E-10,1.6160000000000002E-10,3.2631999999999997E-07,-3.2538E-07
0.79,0.81,-1.1104E-09,1.0135E-10,1.7016E-10,3.2631999999999997E-07,-3.2546E-07
0.785,0.81,-1.1512E-09,9.374E-11,1.6153E-10,3.2628E-07,-3.2544E-07
0.78,0.81,-1.0211E-09,8.5480000000000011E-11,1.7141E-10,3.263E-07,-3.2546E-07
0.775,0.81,-1.2084E-09,8.043E-11,1.6335E-10,3.2634E-07,-3.2544E-07
0.77,0.81,-1.0952E-09,7.188E-11,1.6963E-10,3.2631999999999997E-07,-3.2546E-07
0.765,0.81,-1.04E-09,6.498E-11,1.6683E-10,3.262E-07,-3.2554E-07
0.76,0.81,-1.1147E-09,5.8170000000000004E-11,1.6915E-10,3.2626E-07,-3.2536E-07
0.755,0.81,-1.1202E-09,5.146E-11,1.7211000000000001E-10,3.263E-07,-3.2542E-07
0.75,0.81,-1.0416E-09,4.17E-11,1.6823000000000002E-10,3.2624E-07,-3.254E-07
0.745,0.81,-1.0214E-09,3.493E-11,1.7440000000000001E-10,3.263E-07,-3.2542E-07
0.74,0.81,-1.1222E-09,2.8420000000000004E-11,1.7069E-10,3.2622E-07,-3.2542E-07
0.735,0.81,-1.0672E-09,2.1170000000000003E-11,1.7329E-10,3.2628E-07,-3.2542E-07
0.73,0.81,-1.0013E-09,1.23E-11,1.7181000000000003E-10,3.263E-07,-3.2542E-07
0.72500000000000009,0.81,-1.0556E-09,6.96E-12,1.758E-10,3.2624E-07,-3.2542E-07
0.72000000000000008,0.81,-1.0677E-09,-1.8000000000000002E-12,1.7699E-10,3.2631999999999997E-07,-3.2548E-07
0.71500000000000008,0.81,-1.0099E-09,-9.3200000000000015E-12,1.7551000000000002E-10,3.263E-07,-3.2542E-07
0.71000000000000008,0.81,-1.0202E-09,-1.644E-11,1.737E-10,3.263E-07,-3.2542E-07
0.70500000000000007,0.81,-1.042E-09,-2.334E-11,1.7824000000000002E-10,3.2666E-07,-3.2568E-07
0.70000000000000007,0.81,-1.0549E-09,-3.1040000000000003E-11,1.7809E-10,3.2638E-07,-3.2538E-07
0.69500000000000006,0.81,-9.883E-10,-3.8590000000000006E-11,1.7969E-10,3.2626E-07,-3.2548E-07
0.69000000000000006,0.81,-1.0701E-09,-4.6150000000000003E-11,1.7995E-10,3.2631999999999997E-07,-3.255E-07
0.685,0.81,-1.0221E-09,-5.499E-11,1.7717000000000002E-10,3.262E-07,-3.2544E-07
0.68,0.81,-1.0264E-09,-6.1970000000000007E-11,1.7815000000000003E-10,3.2624E-07,-3.2538E-07
0.675,0.81,-8.7659000000000007E-10,-7.103E-11,1.7962000000000002E-10,3.2622E-07,-3.2534E-07
0.67,0.81,-1.07574E-09,-7.7410000000000007E-11,1.7798000000000002E-10,3.2634E-07,-3.254E-07
0.665,0.81,-8.8718E-10,-8.7380000000000013E-11,1.8485000000000001E-10,3.2628E-07,-3.2542E-07
0.66,0.81,-9.9769E-10,-9.711E-11,1.7742000000000002E-10,3.263E-07,-3.255E-07
0.655,0.81,-9.058700000000001E-10,-1.0565E-10,1.8578E-10,3.2628E-07,-3.2538E-07
0.65,0.81,-9.4317000000000017E-10,-1.1592000000000001E-10,1.8377E-10,3.2628E-07,-3.2548E-07
0.645,0.81,-1.0013600000000002E-09,-1.2428E-10,1.7989E-10,3.2622E-07,-3.2542E-07
0.64,0.81,-7.5776000000000008E-10,-1.3575000000000002E-10,1.8789E-10,3.2631999999999997E-07,-3.2538E-07
0.635,0.81,-1.0327900000000001E-09,-1.4216E-10,1.7766E-10,3.2624E-07,-3.2546E-07
0.63,0.81,-8.3713000000000009E-10,-1.5384E-10,1.9053000000000001E-10,3.262E-07,-3.2536E-07
0.625,0.81,-8.8301E-10,-1.6335E-10,1.8111E-10,3.262E-07,-3.2538E-07
0.62,0.81,-8.6890000000000007E-10,-1.7305E-10,1.8647E-10,3.262E-07,-3.2536E-07
0.615,0.81,-8.7070000000000011E-10,-1.8433000000000002E-10,1.8808E-10,3.263E-07,-3.2542E-07
0.61,0.81,-8.8752000000000005E-10,-1.9382E-10,1.7992E-10,3.263E-07,-3.2546E-07
0.605,0.81,-6.9515E-10,-2.0488000000000002E-10,1.9319E-10,3.263E-07,-3.2542E-07
0.6,0.81,-9.6817E-10,-2.1451000000000002E-10,1.7989E-10,3.2628E-07,-3.2538E-07
0.595,0.81,-7.7901000000000008E-10,-2.2290000000000003E-10,1.9070000000000002E-10,3.2626E-07,-3.2538E-07
0.59000000000000008,0.81,-6.5864E-10,-2.3783E-10,1.8559E-10,3.2626E-07,-3.2566E-07
0.58500000000000008,0.81,-8.8994E-10,-2.4723000000000003E-10,1.8993E-10,3.2626E-07,-3.2542E-07
0.58000000000000007,0.81,-7.9471E-10,-2.6193000000000005E-10,1.9327000000000002E-10,3.2634E-07,-3.2544E-07
0.57500000000000007,0.81,-8.131100000000001E-10,-2.7E-10,1.808E-10,3.263E-07,-3.2542E-07
0.57000000000000006,0.81,-7.0674000000000008E-10,-2.8345000000000004E-10,1.9434000000000002E-10,3.2636E-07,-3.2544E-07
0.56500000000000006,0.81,-9.2825000000000008E-10,-2.9423000000000003E-10,1.8412E-10,3.2631999999999997E-07,-3.2548E-07
0.56,0.81,-5.5640000000000006E-10,-3.0439E-10,1.9094000000000002E-10,3.2658E-07,-3.2576E-07
0.555,0.81,-7.0973000000000009E-10,-3.2025E-10,1.9123000000000002E-10,3.262E-07,-3.2542E-07
0.55,0.81,-8.5554E-10,-3.2765E-10,1.8917E-10,3.2626E-07,-3.2542E-07
0.545,0.81,-6.0077000000000009E-10,-3.4562000000000004E-10,1.9786000000000003E-10,3.2628E-07,-3.2546E-07
0.54,0.81,-7.7868E-10,-3.5356E-10,1.8700000000000003E-10,3.2626E-07,-3.2534E-07
0.535,0.81,-6.8816E-10,-3.6839E-10,1.9897E-10,3.2622E-07,-3.2546E-07
0.53,0.81,-7.0418E-10,-3.7942E-10,1.8955E-10,3.2624E-07,-3.253E-07
0.525,0.81,-5.9221000000000007E-10,-3.9397000000000004E-10,1.9469000000000003E-10,3.262E-07,-3.2534E-07
0.52,0.81,-6.3971000000000006E-10,-4.0670000000000005E-10,1.9378000000000003E-10,3.2624E-07,-3.2538E-07
0.515,0.81,-7.056E-10,-4.1672000000000004E-10,1.8927E-10,3.2636E-07,-3.254E-07
0.51,0.81,-5.7239E-10,-4.3399E-10,1.9978E-10,3.2617999999999997E-07,-3.2542E-07
0.505,0.81,-6.6304E-10,-4.4375000000000004E-10,1.8865000000000002E-10,3.2626E-07,-3.254E-07
0.5,0.81,-5.5635E-10,-4.5957000000000005E-10,1.9954000000000002E-10,3.2626E-07,-3.2538E-07
0.49500000000000005,0.81,-6.378100000000001E-10,-4.7165E-10,1.9197E-10,3.263E-07,-3.2536E-07
0.49000000000000005,0.81,-5.4195000000000008E-10,-4.8779E-10,1.9383000000000002E-10,3.2622E-07,-3.254E-07
0.48500000000000004,0.81,-5.1877000000000006E-10,-4.9901E-10,1.9660000000000002E-10,3.262E-07,-3.2534E-07
0.48000000000000004,0.81,-6.776E-10,-5.1244E-10,1.9228E-10,3.2617999999999997E-07,-3.2532E-07
0.47500000000000003,0.81,-4.8741000000000008E-10,-5.2841E-10,1.9862E-10,3.2631999999999997E-07,-3.2538E-07
0.47000000000000003,0.81,-4.9370000000000006E-10,-5.4162E-10,1.9198000000000002E-10,3.2622E-07,-3.2532E-07
0.465,0.81,-5.3856E-10,-5.5533000000000009E-10,1.9987E-10,3.2622E-07,-3.2532E-07
0.46,0.81,-5.0326000000000008E-10,-5.6960000000000008E-10,1.9521000000000002E-10,3.2617999999999997E-07,-3.2532E-07
0.455,0.81,-4.1859000000000005E-10,-5.8605000000000006E-10,1.9785000000000002E-10,3.2617999999999997E-07,-3.2538E-07
0.45,0.81,-4.9586000000000008E-10,-5.9960000000000008E-10,2.0166E-10,3.262E-07,-3.2536E-07
0.445,0.81,-5.7027E-10,-6.1558000000000006E-10,1.9380000000000002E-10,3.2624E-07,-3.2538E-07
0.44,0.81,-3.0451E-10,-6.3044E-10,2.0064000000000002E-10,3.262E-07,-3.2532E-07
0.435,0.81,-4.27E-10,-6.473800000000001E-10,1.9702E-10,3.262E-07,-3.2538E-07
0.43,0.81,-5.0081000000000005E-10,-6.5935E-10,2.0226E-10,3.263E-07,-3.2546E-07
0.42500000000000004,0.81,-3.1731E-10,-6.7931E-10,2.0061000000000002E-10,3.2624E-07,-3.2528E-07
0.42000000000000004,0.81,-3.7870000000000005E-10,-6.9544E-10,2.0006E-10,3.262E-07,-3.2542E-07
0.41500000000000004,0.81,-4.1799E-10,-7.1027000000000007E-10,2.0064000000000002E-10,3.2626E-07,-3.2546E-07
0.41000000000000003,0.81,-2.9930000000000004E-10,-7.2633E-10,1.9941E-10,3.262E-07,-3.2536E-07
0.405,0.81,-2.493E-10,-7.4486000000000005E-10,1.9873000000000002E-10,3.262E-07,-3.2538E-07
0.4,0.81,-3.4528E-10,-7.6165000000000005E-10,2.0097E-10,3.2617999999999997E-07,-3.2538E-07
0.395,0.81,-3.1761E-10,-7.7763E-10,2.0269000000000003E-10,3.2622E-07,-3.254E-07
0.39,0.81,-2.7665E-10,-7.987E-10,2.0333E-10,3.2631999999999997E-07,-3.2536E-07
0.385,0.81,-1.8757E-10,-8.1527E-10,2.0486E-10,3.2624E-07,-3.2542E-07
0.38,0.81,-3.2964E-10,-8.3433000000000005E-10,2.0163E-10,3.2626E-07,-3.2538E-07
0.375,0.81,-1.1374000000000001E-10,-8.5179000000000012E-10,2.0553000000000001E-10,3.2626E-07,-3.2542E-07
0.37,0.81,-1.7542000000000003E-10,-8.7292E-10,2.0034E-10,3.2622E-07,-3.2546E-07
0.365,0.81,-2.4688000000000003E-10,-8.9157000000000006E-10,2.0361E-10,3.2624E-07,-3.2542E-07
0.36000000000000004,0.81,-1.2697E-10,-9.1220000000000012E-10,2.0453000000000002E-10,3.2626E-07,-3.2538E-07
0.35500000000000004,0.81,-2.0632000000000002E-10,-9.3302000000000016E-10,2.0246000000000002E-10,3.2626E-07,-3.2542E-07
0.35000000000000003,0.81,-3.3260000000000003E-11,-9.5481000000000014E-10,2.0987000000000002E-10,3.2626E-07,-3.254E-07
0.34500000000000003,0.81,-1.5284E-10,-9.747900000000001E-10,2.043E-10,3.263E-07,-3.2536E-07
0.34,0.81,2.0730000000000002E-11,-9.9890000000000014E-10,2.1093000000000002E-10,3.2624E-07,-3.2538E-07
0.335,0.81,-7.345E-11,-1.02244E-09,2.0462000000000001E-10,3.2631999999999997E-07,-3.2538E-07
0.33,0.81,-7.196E-11,-1.0409700000000002E-09,2.0636000000000003E-10,3.263E-07,-3.2546E-07
0.325,0.81,3.4100000000000004E-11,-1.0697700000000001E-09,2.1301000000000002E-10,3.2631999999999997E-07,-3.2542E-07
0.32,0.81,-3.864E-11,-1.08982E-09,2.0355E-10,3.2622E-07,-3.2532E-07
0.315,0.81,1.4620000000000002E-10,-1.1148E-09,2.1499000000000003E-10,3.2624E-07,-3.2532E-07
0.31,0.81,-4.0400000000000004E-11,-1.1369E-09,2.0301E-10,3.2617999999999997E-07,-3.253E-07
0.305,0.81,4.0800000000000004E-11,-1.1647E-09,2.1435000000000002E-10,3.2624E-07,-3.2536E-07
0.3,0.81,1.2272000000000002E-10,-1.1922E-09,2.0218000000000002E-10,3.2626E-07,-3.2536E-07
0.29500000000000004,0.81,1.5947000000000002E-10,-1.2176E-09,2.0677000000000003E-10,3.2631999999999997E-07,-3.254E-07
0.29000000000000004,0.81,1.8205E-10,-1.2458E-09,2.1064E-10,3.262E-07,-3.2544E-07
0.28500000000000003,0.81,1.0665000000000001E-10,-1.2728E-09,2.0376000000000003E-10,3.2622E-07,-3.2532E-07
0.28,0.81,3.2170000000000004E-10,-1.304E-09,2.1501000000000002E-10,3.2626E-07,-3.2542E-07
0.275,0.81,1.6639E-10,-1.332E-09,2.0477E-10,3.2631999999999997E-07,-3.2536E-07
0.27,0.81,2.9390000000000004E-10,-1.3645E-09,2.1621000000000002E-10,3.2624E-07,-3.2538E-07
0.265,0.81,2.9986000000000004E-10,-1.3969E-09,2.0802000000000002E-10,3.2626E-07,-3.2532E-07
0.26,0.81,3.8329000000000003E-10,-1.4309E-09,2.0918000000000002E-10,3.2628E-07,-3.2542E-07
0.255,0.81,3.9241000000000004E-10,-1.4586E-09,2.1385000000000002E-10,3.263E-07,-3.2536E-07
0.25,0.81,4.0819E-10,-1.4932E-09,2.0782E-10,3.2622E-07,-3.2538E-07
0.24500000000000002,0.81,5.6625000000000009E-10,-1.5278E-09,2.1944000000000002E-10,3.262E-07,-3.253E-07
0.24000000000000002,0.81,3.5548000000000005E-10,-1.5653E-09,2.097E-10,3.2612E-07,-3.253E-07
0.23500000000000001,0.81,5.2325E-10,-1.5992E-09,2.2053E-10,3.2631999999999997E-07,-3.2564E-07
0.23,0.81,5.55E-10,-1.6399E-09,2.1105E-10,3.2626E-07,-3.2536E-07
0.225,0.81,5.6587E-10,-1.6732E-09,2.1469E-10,3.2656E-07,-3.257E-07
0.22,0.81,6.9679E-10,-1.7151E-09,2.1727000000000002E-10,3.2626E-07,-3.2536E-07
0.215,0.81,6.210200000000001E-10,-1.7511E-09,2.1034000000000002E-10,3.2617999999999997E-07,-3.2536E-07
0.21000000000000002,0.81,8.330700000000001E-10,-1.7993E-09,2.2049E-10,3.2624E-07,-3.2538E-07
0.20500000000000002,0.81,6.6486E-10,-1.8326E-09,2.1043000000000002E-10,3.2622E-07,-3.253E-07
0.2,0.81,7.7831000000000008E-10,-1.8839E-09,2.2331000000000003E-10,3.262E-07,-3.2548E-07
0.195,0.81,8.3229E-10,-1.9251E-09,2.1551000000000001E-10,3.263E-07,-3.255E-07
0.19,0.81,9.2239000000000006E-10,-1.972E-09,2.1992000000000003E-10,3.2622E-07,-3.2532E-07
0.185,0.81,9.099E-10,-2.0118E-09,2.198E-10,3.2616E-07,-3.2528E-07
0.18000000000000002,0.81,9.8449E-10,-2.0641E-09,2.1547E-10,3.2624E-07,-3.2528E-07
0.17500000000000002,0.81,1.04778E-09,-2.1095E-09,2.1938000000000002E-10,3.2628E-07,-3.253E-07
0.17,0.81,1.01641E-09,-2.1534E-09,2.1433000000000002E-10,3.2617999999999997E-07,-3.2534E-07
0.165,0.81,1.1958E-09,-2.1982E-09,2.1746000000000002E-10,3.2612E-07,-3.2532E-07
0.16,0.81,1.1188E-09,-2.2425E-09,2.2070000000000002E-10,3.262E-07,-3.2532E-07
0.155,0.81,1.1992E-09,-2.304E-09,2.1955E-10,3.262E-07,-3.2536E-07
0.15,0.81,1.2913E-09,-2.356E-09,2.2037E-10,3.2622E-07,-3.2538E-07
0.14500000000000002,0.81,1.3221E-09,-2.4107E-09,2.1973000000000003E-10,3.2628E-07,-3.2534E-07
0.14,0.81,1.3029E-09,-2.4637E-09,2.1911E-10,3.2622E-07,-3.2534E-07
0.135,0.81,1.4588E-09,-2.5273E-09,2.1756000000000002E-10,3.2631999999999997E-07,-3.2528E-07
0.13,0.81,1.5307E-09,-2.5840999999999998E-09,2.1802000000000001E-10,3.2614E-07,-3.2534E-07
0.125,0.81,1.4137E-09,-2.6409E-09,2.1843000000000002E-10,3.263E-07,-3.2532E-07
0.12000000000000001,0.81,1.646E-09,-2.7112E-09,2.2261000000000002E-10,3.262E-07,-3.253E-07
0.115,0.81,1.6959E-09,-2.776E-09,2.2101000000000002E-10,3.2622E-07,-3.2524E-07
0.11,0.81,1.7722E-09,-2.8407E-09,2.2775000000000002E-10,3.2626E-07,-3.2536E-07
0.10500000000000001,0.81,1.7448E-09,-2.9034E-09,2.2261000000000002E-10,3.262E-07,-3.2524E-07
0.1,0.81,1.8768E-09,-2.973E-09,2.2606000000000002E-10,3.262E-07,-3.2524E-07
0.095,0.81,1.9713E-09,-3.0384E-09,2.2065E-10,3.2624E-07,-3.2534E-07
0.090000000000000011,0.81,1.9394E-09,-3.11E-09,2.263E-10,3.2614E-07,-3.2534E-07
0.085,0.81,2.1238E-09,-3.1786E-09,2.2488000000000003E-10,3.2626E-07,-3.2542E-07
0.08,0.81,2.0623E-09,-3.2538E-09,2.2161000000000002E-10,3.262E-07,-3.2532E-07
0.075,0.81,2.4502E-09,-3.3386E-09,2.3150000000000003E-10,3.262E-07,-3.2532E-07
0.07,0.81,2.1042E-09,-3.4157E-09,2.2197E-10,3.2626E-07,-3.2528E-07
0.065,0.81,2.4039E-09,-3.4939E-09,2.3002000000000002E-10,3.262E-07,-3.252E-07
0.060000000000000005,0.81,2.523E-09,-3.5715E-09,2.1983E-10,3.2617999999999997E-07,-3.2532E-07
0.055,0.81,2.4905E-09,-3.6671E-09,2.2970000000000002E-10,3.2624E-07,-3.253E-07
0.05,0.81,2.6584E-09,-3.7518E-09,2.2732000000000002E-10,3.262E-07,-3.2538E-07
0.045000000000000005,0.81,2.6826E-09,-3.8419E-09,2.2514E-10,3.2624E-07,-3.2532E-07
0.04,0.81,2.9248E-09,-3.9312E-09,2.3384000000000004E-10,3.263E-07,-3.2534E-07
0.035,0.81,2.756E-09,-4.0229E-09,2.2264000000000002E-10,3.262E-07,-3.2536E-07
0.030000000000000002,0.81,3.0628E-09,-4.1177E-09,2.3516000000000004E-10,3.2656E-07,-3.2566E-07
0.025,0.81,3.0247E-09,-4.2063E-09,2.2130000000000003E-10,3.262E-07,-3.253E-07
0.02,0.81,3.2783E-09,-4.3023E-09,2.3347E-10,3.262E-07,-3.254E-07
0.015000000000000001,0.81,3.2786E-09,-4.4036E-09,2.3014000000000002E-10,3.262E-07,-3.2524E-07
0.01,0.81,3.3134E-09,-4.5061E-09,2.2979000000000002E-10,3.2612E-07,-3.253E-07
0.005,0.81,3.6337E-09,-4.6171E-09,2.3603E-10,3.2612E-07,-3.2532E-07
0,0.81,3.4863E-09,-4.7251E-09,2.2852000000000003E-10,3.2628E-07,-3.2528E-07
1.2,0.82000000000000006,-1.7062E-09,2.3738E-09,-4.341E-11,3.2486E-07,-3.2536E-07
1.195,0.82000000000000006,-1.6185E-09,2.236E-09,-3.379E-11,3.2494E-07,-3.255E-07
1.19,0.82000000000000006,-1.7143E-09,2.1172E-09,-3.6140000000000004E-11,3.25E-07,-3.253E-07
1.185,0.82000000000000006,-1.5749E-09,2.0023E-09,-2.003E-11,3.2512E-07,-3.255E-07
1.1800000000000002,0.82000000000000006,-1.8033E-09,1.9044E-09,-3.019E-11,3.251E-07,-3.2548E-07
1.175,0.82000000000000006,-1.5382E-09,1.8078E-09,-1.3680000000000002E-11,3.2534E-07,-3.254E-07
1.1700000000000002,0.82000000000000006,-1.6097E-09,1.7262E-09,-1.7800000000000003E-11,3.2532E-07,-3.2542E-07
1.165,0.82000000000000006,-1.6306E-09,1.6451E-09,-5.33E-12,3.2536E-07,-3.2542E-07
1.1600000000000001,0.82000000000000006,-1.5374E-09,1.5723E-09,-1.95E-12,3.2536E-07,-3.2538E-07
1.155,0.82000000000000006,-1.5451E-09,1.5061E-09,-2.9300000000000002E-12,3.2548E-07,-3.2542E-07
1.1500000000000001,0.82000000000000006,-1.4979E-09,1.4416E-09,1.0300000000000001E-11,3.2542E-07,-3.2544E-07
1.145,0.82000000000000006,-1.6849E-09,1.3841E-09,2.9600000000000003E-12,3.255E-07,-3.2542E-07
1.1400000000000001,0.82000000000000006,-1.4144E-09,1.3295E-09,1.2990000000000002E-11,3.256E-07,-3.2544E-07
1.135,0.82000000000000006,-1.519E-09,1.2786E-09,1.414E-11,3.2566E-07,-3.2542E-07
1.1300000000000001,0.82000000000000006,-1.574E-09,1.23E-09,2.11E-11,3.256E-07,-3.2542E-07
1.125,0.82000000000000006,-1.4145E-09,1.1864E-09,2.4920000000000003E-11,3.2576E-07,-3.255E-07
1.12,0.82000000000000006,-1.435E-09,1.1421E-09,2.5680000000000002E-11,3.2578E-07,-3.255E-07
1.115,0.82000000000000006,-1.4585E-09,1.1052E-09,3.444E-11,3.2576E-07,-3.2552E-07
1.11,0.82000000000000006,-1.4852E-09,1.0653E-09,3.1410000000000004E-11,3.2588E-07,-3.2542E-07
1.105,0.82000000000000006,-1.3772E-09,1.0299E-09,3.8180000000000004E-11,3.2582E-07,-3.2546E-07
1.1,0.82000000000000006,-1.3972E-09,9.95E-10,3.652E-11,3.2588E-07,-3.2544E-07
1.095,0.82000000000000006,-1.4438E-09,9.635E-10,4.0700000000000006E-11,3.2578E-07,-3.2542E-07
1.09,0.82000000000000006,-1.3368E-09,9.2784000000000008E-10,4.796E-11,3.2589999999999997E-07,-3.2546E-07
1.085,0.82000000000000006,-1.3875E-09,9.0203E-10,4.582E-11,3.2589999999999997E-07,-3.2542E-07
1.08,0.82000000000000006,-1.3959E-09,8.7509E-10,5.3440000000000005E-11,3.2586E-07,-3.2546E-07
1.075,0.82000000000000006,-1.3844E-09,8.4714E-10,5.404E-11,3.2589999999999997E-07,-3.2548E-07
1.07,0.82000000000000006,-1.3572E-09,8.2059000000000006E-10,5.8990000000000008E-11,3.2596E-07,-3.254E-07
1.065,0.82000000000000006,-1.313E-09,7.9599000000000006E-10,6.097000000000001E-11,3.2582E-07,-3.2546E-07
1.06,0.82000000000000006,-1.3674E-09,7.7561000000000008E-10,6.324E-11,3.2594E-07,-3.2544E-07
1.0550000000000002,0.82000000000000006,-1.3442E-09,7.485300000000001E-10,6.483000000000001E-11,3.2596E-07,-3.2546E-07
1.05,0.82000000000000006,-1.2423E-09,7.2993000000000008E-10,6.4800000000000011E-11,3.26E-07,-3.2544E-07
1.0450000000000002,0.82000000000000006,-1.3466E-09,7.0653E-10,6.898E-11,3.2594E-07,-3.2542E-07
1.04,0.82000000000000006,-1.3847E-09,6.9062E-10,6.992E-11,3.26E-07,-3.2542E-07
1.0350000000000001,0.82000000000000006,-1.1992E-09,6.6527E-10,7.529E-11,3.2598E-07,-3.2542E-07
1.03,0.82000000000000006,-1.3326E-09,6.5161000000000009E-10,7.53E-11,3.2598E-07,-3.2542E-07
1.0250000000000001,0.82000000000000006,-1.2494E-09,6.2972000000000008E-10,8.246E-11,3.2594E-07,-3.2542E-07
1.02,0.82000000000000006,-1.3307E-09,6.1393000000000007E-10,7.5610000000000011E-11,3.2603999999999997E-07,-3.2546E-07
1.0150000000000001,0.82000000000000006,-1.1439E-09,5.9544000000000007E-10,8.527E-11,3.2603999999999997E-07,-3.2544E-07
1.01,0.82000000000000006,-1.3121E-09,5.795E-10,8.087E-11,3.26E-07,-3.254E-07
1.0050000000000001,0.82000000000000006,-1.3208E-09,5.6436E-10,8.732E-11,3.2594E-07,-3.2546E-07
1,0.82000000000000006,-1.1325E-09,5.445E-10,8.9230000000000011E-11,3.2603999999999997E-07,-3.2544E-07
0.995,0.82000000000000006,-1.2877E-09,5.3361000000000008E-10,8.746E-11,3.26E-07,-3.254E-07
0.9900000000000001,0.82000000000000006,-1.1674E-09,5.1513000000000006E-10,1.0010000000000001E-10,3.2598E-07,-3.2538E-07
0.9850000000000001,0.82000000000000006,-1.2847E-09,5.0434E-10,8.9870000000000009E-11,3.2598E-07,-3.2544E-07
0.98000000000000009,0.82000000000000006,-1.0676E-09,4.8636000000000007E-10,1.0263000000000001E-10,3.2602E-07,-3.2548E-07
0.97500000000000009,0.82000000000000006,-1.2605E-09,4.7554E-10,9.432E-11,3.2602E-07,-3.2536E-07
0.97000000000000008,0.82000000000000006,-1.2091E-09,4.6210000000000004E-10,1.0357000000000001E-10,3.2608E-07,-3.2546E-07
0.96500000000000008,0.82000000000000006,-1.1195E-09,4.4679E-10,1.0250000000000001E-10,3.2606E-07,-3.2524E-07
0.96000000000000008,0.82000000000000006,-1.2113E-09,4.3692000000000003E-10,1.0081000000000001E-10,3.2603999999999997E-07,-3.254E-07
0.95500000000000007,0.82000000000000006,-1.0942E-09,4.2208000000000006E-10,1.1259000000000001E-10,3.2602E-07,-3.2542E-07
0.95000000000000007,0.82000000000000006,-1.2738E-09,4.1337000000000004E-10,1.0206000000000001E-10,3.2602E-07,-3.2538E-07
0.94500000000000006,0.82000000000000006,-1.0089E-09,3.9728000000000005E-10,1.1697E-10,3.26E-07,-3.2538E-07
0.94000000000000006,0.82000000000000006,-1.1865E-09,3.9114E-10,1.094E-10,3.2624E-07,-3.2536E-07
0.935,0.82000000000000006,-1.132E-09,3.7580000000000004E-10,1.2081000000000002E-10,3.26E-07,-3.2546E-07
0.93,0.82000000000000006,-1.1105E-09,3.6477E-10,1.1602E-10,3.2608E-07,-3.2542E-07
0.925,0.82000000000000006,-1.1085E-09,3.54E-10,1.1393000000000001E-10,3.2608E-07,-3.2534E-07
0.92,0.82000000000000006,-1.0776E-09,3.4427000000000004E-10,1.1991E-10,3.2612E-07,-3.2536E-07
0.915,0.82000000000000006,-1.2509E-09,3.3520000000000004E-10,1.1170000000000001E-10,3.2603999999999997E-07,-3.2538E-07
0.91,0.82000000000000006,-1.0825E-09,3.2267000000000003E-10,1.2278000000000001E-10,3.2608E-07,-3.254E-07
0.905,0.82000000000000006,-1.127E-09,3.1331000000000003E-10,1.2209000000000002E-10,3.2602E-07,-3.2544E-07
0.9,0.82000000000000006,-1.0579E-09,3.0342E-10,1.1880000000000002E-10,3.2608E-07,-3.2538E-07
0.895,0.82000000000000006,-1.0949E-09,2.9476E-10,1.2485000000000001E-10,3.2602E-07,-3.2536E-07
0.89,0.82000000000000006,-1.0828E-09,2.8428E-10,1.2803000000000002E-10,3.2603999999999997E-07,-3.2534E-07
0.885,0.82000000000000006,-1.1311E-09,2.7684E-10,1.2381E-10,3.26E-07,-3.2544E-07
0.88,0.82000000000000006,-1.0547E-09,2.6459E-10,1.2879E-10,3.2608E-07,-3.2532E-07
0.875,0.82000000000000006,-1.0289E-09,2.5836000000000003E-10,1.2897000000000002E-10,3.2608E-07,-3.2538E-07
0.87,0.82000000000000006,-1.0479999999999999E-09,2.4697000000000003E-10,1.3540000000000002E-10,3.2608E-07,-3.2536E-07
0.865,0.82000000000000006,-1.1467E-09,2.4180000000000003E-10,1.2771000000000002E-10,3.2606E-07,-3.2536E-07
0.86,0.82000000000000006,-1.0635E-09,2.2963E-10,1.3623E-10,3.2602E-07,-3.2538E-07
0.85500000000000009,0.82000000000000006,-1.032E-09,2.2335E-10,1.3338E-10,3.2608E-07,-3.2532E-07
0.85000000000000009,0.82000000000000006,-1.062E-09,2.1359E-10,1.3059E-10,3.2612E-07,-3.2542E-07
0.84500000000000008,0.82000000000000006,-9.618E-10,2.0732000000000001E-10,1.4048000000000002E-10,3.261E-07,-3.2542E-07
0.84000000000000008,0.82000000000000006,-1.0883E-09,1.9668E-10,1.3864E-10,3.2603999999999997E-07,-3.254E-07
0.83500000000000008,0.82000000000000006,-1.0691E-09,1.9125E-10,1.4119E-10,3.2598E-07,-3.2548E-07
0.83000000000000007,0.82000000000000006,-1.049E-09,1.8153000000000002E-10,1.3771E-10,3.2608E-07,-3.2536E-07
0.82500000000000007,0.82000000000000006,-1.0462E-09,1.7527E-10,1.454E-10,3.2602E-07,-3.2538E-07
0.82000000000000006,0.82000000000000006,-1.0208E-09,1.6717E-10,1.4289E-10,3.2603999999999997E-07,-3.2536E-07
0.81500000000000006,0.82000000000000006,-1.0522E-09,1.5889E-10,1.4182E-10,3.2606E-07,-3.2538E-07
0.81,0.82000000000000006,-1.043E-09,1.5172000000000002E-10,1.4554000000000002E-10,3.2606E-07,-3.2538E-07
0.805,0.82000000000000006,-1.0175E-09,1.4438000000000002E-10,1.4614E-10,3.26E-07,-3.2538E-07
0.8,0.82000000000000006,-1.0487E-09,1.3642E-10,1.4331000000000002E-10,3.26E-07,-3.253E-07
0.795,0.82000000000000006,-1.0171E-09,1.3038000000000002E-10,1.4901E-10,3.2612E-07,-3.2542E-07
0.79,0.82000000000000006,-1.0275E-09,1.2159000000000002E-10,1.5005000000000001E-10,3.2602E-07,-3.2524E-07
0.785,0.82000000000000006,-1.0268E-09,1.1656E-10,1.4876E-10,3.26E-07,-3.2522E-07
0.78,0.82000000000000006,-1.0265E-09,1.0697E-10,1.5169000000000002E-10,3.2598E-07,-3.2524E-07
0.775,0.82000000000000006,-1.0154E-09,1.0125000000000001E-10,1.5406E-10,3.2638E-07,-3.2566E-07
0.77,0.82000000000000006,-1.0049E-09,9.272E-11,1.5245E-10,3.2602E-07,-3.2536E-07
0.765,0.82000000000000006,-9.948E-10,8.495E-11,1.5339E-10,3.26E-07,-3.2536E-07
0.76,0.82000000000000006,-9.984E-10,7.8840000000000009E-11,1.5506E-10,3.2612E-07,-3.2536E-07
0.755,0.82000000000000006,-9.7432E-10,7.1170000000000011E-11,1.5426000000000002E-10,3.26E-07,-3.2536E-07
0.75,0.82000000000000006,-8.6634E-10,6.3290000000000008E-11,1.5469E-10,3.26E-07,-3.2536E-07
0.745,0.82000000000000006,-9.7021000000000011E-10,5.5040000000000005E-11,1.5662000000000002E-10,3.26E-07,-3.253E-07
0.74,0.82000000000000006,-8.9417E-10,4.8050000000000005E-11,1.5974E-10,3.2603999999999997E-07,-3.2528E-07
0.735,0.82000000000000006,-9.5786E-10,3.933E-11,1.5664000000000001E-10,3.2608E-07,-3.2528E-07
0.73,0.82000000000000006,-7.8693000000000009E-10,3.194E-11,1.6183000000000002E-10,3.2644E-07,-3.2578E-07
0.72500000000000009,0.82000000000000006,-9.6790000000000014E-10,2.456E-11,1.5729E-10,3.261E-07,-3.2532E-07
0.72000000000000008,0.82000000000000006,-9.2306000000000012E-10,1.721E-11,1.6126000000000002E-10,3.2612E-07,-3.254E-07
0.71500000000000008,0.82000000000000006,-7.8319000000000006E-10,6.7800000000000006E-12,1.6143E-10,3.26E-07,-3.253E-07
0.71000000000000008,0.82000000000000006,-9.676E-10,2.2000000000000003E-12,1.5951E-10,3.2596E-07,-3.2538E-07
0.70500000000000007,0.82000000000000006,-8.1374E-10,-8.53E-12,1.6783E-10,3.2606E-07,-3.253E-07
0.70000000000000007,0.82000000000000006,-9.021100000000001E-10,-1.5760000000000002E-11,1.5855E-10,3.2602E-07,-3.2526E-07
0.69500000000000006,0.82000000000000006,-7.8329000000000009E-10,-2.3940000000000003E-11,1.6770000000000003E-10,3.2594E-07,-3.2526E-07
0.69000000000000006,0.82000000000000006,-9.0186E-10,-3.264E-11,1.6121E-10,3.2603999999999997E-07,-3.2542E-07
0.685,0.82000000000000006,-8.937E-10,-3.995E-11,1.6159E-10,3.2606E-07,-3.253E-07
0.68,0.82000000000000006,-6.8756000000000005E-10,-5.1810000000000006E-11,1.6746E-10,3.2606E-07,-3.254E-07
0.675,0.82000000000000006,-9.6027E-10,-5.6280000000000005E-11,1.5852E-10,3.2603999999999997E-07,-3.2534E-07
0.67,0.82000000000000006,-7.4739E-10,-6.786E-11,1.7259000000000002E-10,3.2606E-07,-3.2542E-07
0.665,0.82000000000000006,-8.2070000000000007E-10,-7.684E-11,1.6034E-10,3.26E-07,-3.2526E-07
0.66,0.82000000000000006,-7.8871000000000006E-10,-8.445E-11,1.6938000000000001E-10,3.2606E-07,-3.2538E-07
0.655,0.82000000000000006,-8.2841E-10,-9.4750000000000009E-11,1.6845000000000002E-10,3.26E-07,-3.2534E-07
0.65,0.82000000000000006,-8.1304E-10,-1.0202000000000001E-10,1.6123000000000002E-10,3.2606E-07,-3.2548E-07
0.645,0.82000000000000006,-6.4540000000000007E-10,-1.1495000000000001E-10,1.7358E-10,3.2612E-07,-3.2534E-07
0.64,0.82000000000000006,-9.1533000000000008E-10,-1.2132E-10,1.6175E-10,3.2612E-07,-3.2544E-07
0.635,0.82000000000000006,-6.9735000000000008E-10,-1.3298000000000002E-10,1.7552E-10,3.2608E-07,-3.254E-07
0.63,0.82000000000000006,-7.1866000000000008E-10,-1.4325000000000002E-10,1.6688000000000002E-10,3.2596E-07,-3.2534E-07
0.625,0.82000000000000006,-7.691400000000001E-10,-1.5173E-10,1.7209000000000002E-10,3.2612E-07,-3.2542E-07
0.62,0.82000000000000006,-7.0416000000000008E-10,-1.6411000000000002E-10,1.7556E-10,3.2606E-07,-3.2528E-07
0.615,0.82000000000000006,-7.6000000000000006E-10,-1.7247000000000003E-10,1.6598E-10,3.2603999999999997E-07,-3.253E-07
0.61,0.82000000000000006,-5.8544E-10,-1.8586000000000002E-10,1.8008000000000001E-10,3.2608E-07,-3.2538E-07
0.605,0.82000000000000006,-8.3292000000000006E-10,-1.9307E-10,1.6700000000000002E-10,3.2608E-07,-3.2532E-07
0.6,0.82000000000000006,-6.226E-10,-2.0618E-10,1.7914000000000001E-10,3.2602E-07,-3.2538E-07
0.595,0.82000000000000006,-6.2484000000000009E-10,-2.1731000000000002E-10,1.7151E-10,3.2602E-07,-3.2538E-07
0.59000000000000008,0.82000000000000006,-7.1111E-10,-2.2721E-10,1.76E-10,3.2606E-07,-3.2534E-07
0.58500000000000008,0.82000000000000006,-6.0626E-10,-2.4058E-10,1.7869E-10,3.261E-07,-3.2532E-07
0.58000000000000007,0.82000000000000006,-6.8247E-10,-2.5138E-10,1.6935000000000002E-10,3.2603999999999997E-07,-3.2532E-07
0.57500000000000007,0.82000000000000006,-5.2417000000000006E-10,-2.6466000000000005E-10,1.8242E-10,3.2603999999999997E-07,-3.2528E-07
0.57000000000000006,0.82000000000000006,-7.339E-10,-2.739E-10,1.7036000000000002E-10,3.2606E-07,-3.2532E-07
0.56500000000000006,0.82000000000000006,-5.3606E-10,-2.8711E-10,1.792E-10,3.2602E-07,-3.2532E-07
0.56,0.82000000000000006,-5.4606000000000008E-10,-2.9984E-10,1.7587E-10,3.2606E-07,-3.2536E-07
0.555,0.82000000000000006,-6.4543E-10,-3.0973E-10,1.7637E-10,3.2614E-07,-3.2538E-07
0.55,0.82000000000000006,-5.4453000000000008E-10,-3.2387000000000004E-10,1.8219000000000002E-10,3.2608E-07,-3.2542E-07
0.545,0.82000000000000006,-5.3896000000000007E-10,-3.368E-10,1.7412000000000002E-10,3.26E-07,-3.2528E-07
0.54,0.82000000000000006,-5.1181E-10,-3.4863E-10,1.8339000000000003E-10,3.2596E-07,-3.2528E-07
0.535,0.82000000000000006,-6.106E-10,-3.597E-10,1.7550000000000001E-10,3.26E-07,-3.2526E-07
0.53,0.82000000000000006,-4.553E-10,-3.7443E-10,1.8008000000000001E-10,3.2606E-07,-3.253E-07
0.525,0.82000000000000006,-4.6625E-10,-3.8831000000000003E-10,1.8111E-10,3.26E-07,-3.2528E-07
0.52,0.82000000000000006,-5.6606E-10,-3.9869000000000005E-10,1.7926E-10,3.26E-07,-3.2532E-07
0.515,0.82000000000000006,-4.46E-10,-4.1376000000000003E-10,1.8433000000000002E-10,3.2598E-07,-3.252E-07
0.51,0.82000000000000006,-4.2144000000000005E-10,-4.2762E-10,1.7896000000000002E-10,3.2602E-07,-3.252E-07
0.505,0.82000000000000006,-4.73E-10,-4.3978000000000006E-10,1.8530000000000002E-10,3.2606E-07,-3.2532E-07
0.5,0.82000000000000006,-4.8017E-10,-4.5438000000000004E-10,1.7992E-10,3.2603999999999997E-07,-3.2532E-07
0.49500000000000005,0.82000000000000006,-3.8094000000000003E-10,-4.6647E-10,1.8189E-10,3.2603999999999997E-07,-3.2532E-07
0.49000000000000005,0.82000000000000006,-3.9952000000000003E-10,-4.8136000000000008E-10,1.8389000000000002E-10,3.2608E-07,-3.2534E-07
0.48500000000000004,0.82000000000000006,-4.5571E-10,-4.9453E-10,1.8355E-10,3.2606E-07,-3.2522E-07
0.48000000000000004,0.82000000000000006,-3.7567E-10,-5.1058E-10,1.8514000000000002E-10,3.2602E-07,-3.2532E-07
0.47500000000000003,0.82000000000000006,-2.9653E-10,-5.2445000000000009E-10,1.8301000000000002E-10,3.2596E-07,-3.2536E-07
0.47000000000000003,0.82000000000000006,-4.3377000000000004E-10,-5.3857E-10,1.8393E-10,3.2602E-07,-3.253E-07
0.465,0.82000000000000006,-3.4996000000000005E-10,-5.5305000000000007E-10,1.8207000000000002E-10,3.2598E-07,-3.2526E-07
0.46,0.82000000000000006,-2.7425E-10,-5.6819000000000008E-10,1.8266000000000002E-10,3.2594E-07,-3.2526E-07
0.455,0.82000000000000006,-3.6808000000000004E-10,-5.835E-10,1.8436000000000002E-10,3.2596E-07,-3.2532E-07
0.45,0.82000000000000006,-3.1354000000000004E-10,-5.9856E-10,1.8562000000000003E-10,3.2603999999999997E-07,-3.2532E-07
0.445,0.82000000000000006,-2.8522E-10,-6.1446000000000007E-10,1.8410000000000002E-10,3.2612E-07,-3.2534E-07
0.44,0.82000000000000006,-1.9616000000000002E-10,-6.2974E-10,1.882E-10,3.26E-07,-3.2532E-07
0.435,0.82000000000000006,-3.7032E-10,-6.4478E-10,1.8414000000000002E-10,3.2589999999999997E-07,-3.2524E-07
0.43,0.82000000000000006,-2.1162000000000002E-10,-6.6192E-10,1.8718000000000002E-10,3.2608E-07,-3.2532E-07
0.42500000000000004,0.82000000000000006,-1.4266E-10,-6.7933000000000007E-10,1.8561000000000002E-10,3.26E-07,-3.253E-07
0.42000000000000004,0.82000000000000006,-3.4469000000000003E-10,-6.9301000000000007E-10,1.8535E-10,3.261E-07,-3.2528E-07
0.41500000000000004,0.82000000000000006,-9.939E-11,-7.1429E-10,1.9277000000000002E-10,3.2606E-07,-3.2536E-07
0.41000000000000003,0.82000000000000006,-2.2923000000000002E-10,-7.2907E-10,1.8297000000000002E-10,3.2598E-07,-3.2532E-07
0.405,0.82000000000000006,-1.1793E-10,-7.4694E-10,1.9442E-10,3.2608E-07,-3.2536E-07
0.4,0.82000000000000006,-1.9951000000000002E-10,-7.6452000000000006E-10,1.8568000000000003E-10,3.2616E-07,-3.2538E-07
0.395,0.82000000000000006,-1.3755E-10,-7.812900000000001E-10,1.8935000000000002E-10,3.2606E-07,-3.2532E-07
0.39,0.82000000000000006,1.373E-11,-8.0308000000000008E-10,1.9146E-10,3.2602E-07,-3.2532E-07
0.385,0.82000000000000006,-2.5081000000000004E-10,-8.1978E-10,1.8509E-10,3.2614E-07,-3.2538E-07
0.38,0.82000000000000006,6.09E-11,-8.4285E-10,1.9838000000000002E-10,3.2608E-07,-3.2538E-07
0.375,0.82000000000000006,-1.0085E-10,-8.5934000000000005E-10,1.8424E-10,3.2608E-07,-3.2534E-07
0.37,0.82000000000000006,1.5920000000000002E-11,-8.798600000000001E-10,1.978E-10,3.2603999999999997E-07,-3.253E-07
0.365,0.82000000000000006,-4.9590000000000007E-11,-9.0256E-10,1.9075000000000001E-10,3.26E-07,-3.2526E-07
0.36000000000000004,0.82000000000000006,-1.9840000000000003E-11,-9.2221000000000007E-10,1.8923E-10,3.2608E-07,-3.253E-07
0.35500000000000004,0.82000000000000006,1.6386000000000002E-10,-9.4582000000000015E-10,1.9649E-10,3.2596E-07,-3.2532E-07
0.35000000000000003,0.82000000000000006,-1.1090000000000001E-10,-9.6427E-10,1.8588E-10,3.26E-07,-3.253E-07
0.34500000000000003,0.82000000000000006,1.8554E-10,-9.9061000000000016E-10,1.994E-10,3.2603999999999997E-07,-3.2526E-07
0.34,0.82000000000000006,7.143E-11,-1.0115300000000001E-09,1.8809000000000002E-10,3.2606E-07,-3.2528E-07
0.335,0.82000000000000006,1.1523000000000001E-10,-1.0360200000000001E-09,1.9731000000000001E-10,3.2606E-07,-3.253E-07
0.33,0.82000000000000006,1.3275E-10,-1.0607300000000001E-09,1.9521000000000002E-10,3.2596E-07,-3.253E-07
0.325,0.82000000000000006,1.5039E-10,-1.08432E-09,1.8995000000000003E-10,3.2606E-07,-3.2536E-07
0.32,0.82000000000000006,2.8282E-10,-1.1115E-09,2.0120000000000001E-10,3.2594E-07,-3.2526E-07
0.315,0.82000000000000006,8.6910000000000013E-11,-1.1347E-09,1.8912000000000002E-10,3.2606E-07,-3.2532E-07
0.31,0.82000000000000006,2.9575000000000004E-10,-1.1633E-09,2.0279E-10,3.2606E-07,-3.2528E-07
0.305,0.82000000000000006,2.6635E-10,-1.1887E-09,1.9086000000000003E-10,3.2594E-07,-3.2532E-07
0.3,0.82000000000000006,3.4928E-10,-1.2152E-09,2.0008000000000002E-10,3.2606E-07,-3.2528E-07
0.29500000000000004,0.82000000000000006,2.8580000000000004E-10,-1.245E-09,1.9864000000000002E-10,3.2598E-07,-3.2528E-07
0.29000000000000004,0.82000000000000006,3.1893E-10,-1.2727E-09,1.9512000000000002E-10,3.26E-07,-3.253E-07
0.28500000000000003,0.82000000000000006,4.9363000000000008E-10,-1.3053E-09,2.0416000000000002E-10,3.2602E-07,-3.253E-07
0.28,0.82000000000000006,3.0709E-10,-1.3336E-09,1.9235000000000001E-10,3.26E-07,-3.253E-07
0.275,0.82000000000000006,4.7797000000000006E-10,-1.3674E-09,2.0497000000000002E-10,3.2608E-07,-3.2532E-07
0.27,0.82000000000000006,4.9082000000000007E-10,-1.4019E-09,1.9363E-10,3.2602E-07,-3.2532E-07
0.265,0.82000000000000006,5.2240000000000008E-10,-1.4341E-09,1.9998000000000002E-10,3.2608E-07,-3.2528E-07
0.26,0.82000000000000006,5.1636000000000007E-10,-1.468E-09,1.9862E-10,3.2596E-07,-3.2524E-07
0.255,0.82000000000000006,5.3739E-10,-1.4988E-09,1.9536E-10,3.26E-07,-3.253E-07
0.25,0.82000000000000006,6.9605000000000009E-10,-1.5359E-09,2.0361E-10,3.26E-07,-3.253E-07
0.24500000000000002,0.82000000000000006,5.6249000000000009E-10,-1.5707E-09,1.9623E-10,3.2608E-07,-3.2526E-07
0.24000000000000002,0.82000000000000006,6.8364E-10,-1.609E-09,2.0635000000000002E-10,3.2603999999999997E-07,-3.253E-07
0.23500000000000001,0.82000000000000006,7.4226000000000008E-10,-1.6468E-09,1.9855000000000003E-10,3.2598E-07,-3.2526E-07
0.23,0.82000000000000006,7.7603000000000006E-10,-1.6854E-09,2.0526000000000002E-10,3.2588E-07,-3.253E-07
0.225,0.82000000000000006,7.5216E-10,-1.7235E-09,2.0346000000000001E-10,3.2589999999999997E-07,-3.2528E-07
0.22,0.82000000000000006,8.1962000000000011E-10,-1.7667E-09,2.0215000000000002E-10,3.26E-07,-3.2526E-07
0.215,0.82000000000000006,9.5872E-10,-1.8094E-09,2.0645000000000002E-10,3.2606E-07,-3.2522E-07
0.21000000000000002,0.82000000000000006,8.7759000000000007E-10,-1.8516E-09,2.0122E-10,3.2596E-07,-3.253E-07
0.20500000000000002,0.82000000000000006,9.238900000000001E-10,-1.8944E-09,2.0821000000000002E-10,3.26E-07,-3.2524E-07
0.2,0.82000000000000006,1.0929E-09,-1.9414E-09,2.0408E-10,3.2602E-07,-3.253E-07
0.195,0.82000000000000006,1.05411E-09,-1.986E-09,2.0784000000000003E-10,3.2602E-07,-3.253E-07
0.19,0.82000000000000006,1.0457E-09,-2.0331E-09,2.0788E-10,3.2594E-07,-3.2522E-07
0.185,0.82000000000000006,1.1853E-09,-2.07E-09,2.0672E-10,3.2589999999999997E-07,-3.253E-07
0.18000000000000002,0.82000000000000006,1.1503E-09,-2.1162E-09,2.0685000000000002E-10,3.2606E-07,-3.252E-07
0.17500000000000002,0.82000000000000006,1.2867E-09,-2.1677E-09,2.0670000000000002E-10,3.2592E-07,-3.2528E-07
0.17,0.82000000000000006,1.3288E-09,-2.2207E-09,2.0753E-10,3.26E-07,-3.2522E-07
0.165,0.82000000000000006,1.2702E-09,-2.2737E-09,2.0749000000000003E-10,3.2598E-07,-3.2528E-07
0.16,0.82000000000000006,1.4468E-09,-2.3297E-09,2.0943000000000002E-10,3.2602E-07,-3.253E-07
0.155,0.82000000000000006,1.4391E-09,-2.3842E-09,2.0559E-10,3.26E-07,-3.252E-07
0.15,0.82000000000000006,1.5744E-09,-2.4423E-09,2.1189E-10,3.26E-07,-3.2524E-07
0.14500000000000002,0.82000000000000006,1.4524999999999999E-09,-2.4983E-09,2.0657000000000002E-10,3.2596E-07,-3.2526E-07
0.14,0.82000000000000006,1.6445E-09,-2.5563E-09,2.0992E-10,3.2602E-07,-3.253E-07
0.135,0.82000000000000006,1.7598E-09,-2.6202E-09,2.0885E-10,3.2594E-07,-3.2526E-07
0.13,0.82000000000000006,1.614E-09,-2.6828E-09,2.0870000000000001E-10,3.2598E-07,-3.2532E-07
0.125,0.82000000000000006,1.8526E-09,-2.7451E-09,2.1306E-10,3.2602E-07,-3.2526E-07
0.12000000000000001,0.82000000000000006,1.8288E-09,-2.8099E-09,2.0605000000000003E-10,3.2589999999999997E-07,-3.2528E-07
0.115,0.82000000000000006,2.027E-09,-2.8805E-09,2.1769000000000003E-10,3.2592E-07,-3.253E-07
0.11,0.82000000000000006,1.866E-09,-2.9438E-09,2.0503000000000002E-10,3.2596E-07,-3.252E-07
0.10500000000000001,0.82000000000000006,2.131E-09,-3.0153E-09,2.1696000000000002E-10,3.2602E-07,-3.2526E-07
0.1,0.82000000000000006,2.1589E-09,-3.0865E-09,2.0894E-10,3.2602E-07,-3.2526E-07
0.095,0.82000000000000006,2.1629E-09,-3.1596E-09,2.1561000000000002E-10,3.2603999999999997E-07,-3.2528E-07
0.090000000000000011,0.82000000000000006,2.3286E-09,-3.2371E-09,2.1763000000000003E-10,3.2598E-07,-3.2528E-07
0.085,0.82000000000000006,2.2723E-09,-3.3114E-09,2.1072000000000002E-10,3.26E-07,-3.2524E-07
0.08,0.82000000000000006,2.6141E-09,-3.3912E-09,2.2169E-10,3.2596E-07,-3.2528E-07
0.075,0.82000000000000006,2.3614E-09,-3.469E-09,2.0752000000000002E-10,3.2594E-07,-3.2524E-07
0.07,0.82000000000000006,2.6584E-09,-3.5519E-09,2.22E-10,3.2602E-07,-3.2526E-07
0.065,0.82000000000000006,2.6976E-09,-3.6384E-09,2.1019000000000003E-10,3.2602E-07,-3.2532E-07
0.060000000000000005,0.82000000000000006,2.7747E-09,-3.7242E-09,2.1935000000000002E-10,3.2598E-07,-3.253E-07
0.055,0.82000000000000006,2.8181E-09,-3.8078E-09,2.1747000000000003E-10,3.2598E-07,-3.2514E-07
0.05,0.82000000000000006,2.9185E-09,-3.9035E-09,2.1402000000000003E-10,3.2606E-07,-3.2524E-07
0.045000000000000005,0.82000000000000006,3.1419E-09,-3.9962E-09,2.2174000000000003E-10,3.26E-07,-3.2518E-07
0.04,0.82000000000000006,3.0034E-09,-4.0944E-09,2.1187000000000001E-10,3.26E-07,-3.2524E-07
0.035,0.82000000000000006,3.287E-09,-4.1926E-09,2.2459000000000002E-10,3.2598E-07,-3.252E-07
0.030000000000000002,0.82000000000000006,3.2703E-09,-4.2839E-09,2.1111E-10,3.2596E-07,-3.2524E-07
0.025,0.82000000000000006,3.4909E-09,-4.3834E-09,2.2433000000000002E-10,3.2596E-07,-3.2524E-07
0.02,0.82000000000000006,3.4653E-09,-4.488E-09,2.1821000000000002E-10,3.26E-07,-3.2524E-07
0.015000000000000001,0.82000000000000006,3.5888E-09,-4.594E-09,2.2294E-10,3.2596E-07,-3.252E-07
0.01,0.82000000000000006,3.7834E-09,-4.6835E-09,2.2002E-10,3.2602E-07,-3.2518E-07
0.005,0.82000000000000006,3.7793999999999996E-09,-4.7884E-09,2.1867E-10,3.2606E-07,-3.2528E-07
0,0.82000000000000006,3.93E-09,-4.9085E-09,2.2599E-10,3.2594E-07,-3.2526E-07
1.2,0.83000000000000007,-1.641E-09,2.3768E-09,-5.266E-11,3.2468E-07,-3.2548E-07
1.195,0.83000000000000007,-1.5255E-09,2.2418E-09,-4.8370000000000003E-11,3.2476E-07,-3.2542E-07
1.19,0.83000000000000007,-1.4921E-09,2.1195E-09,-3.697E-11,3.2482E-07,-3.2546E-07
1.185,0.83000000000000007,-1.6072E-09,2.0102E-09,-3.925E-11,3.2494E-07,-3.2546E-07
1.1800000000000002,0.83000000000000007,-1.3866E-09,1.9064E-09,-2.6160000000000003E-11,3.2498E-07,-3.2544E-07
1.175,0.83000000000000007,-1.4706E-09,1.8133E-09,-2.991E-11,3.251E-07,-3.2548E-07
1.1700000000000002,0.83000000000000007,-1.5165E-09,1.7281E-09,-1.8820000000000003E-11,3.2514E-07,-3.2532E-07
1.165,0.83000000000000007,-1.4076E-09,1.6484E-09,-1.972E-11,3.2526E-07,-3.2538E-07
1.1600000000000001,0.83000000000000007,-1.3784E-09,1.5748E-09,-1.53E-11,3.2524E-07,-3.2546E-07
1.155,0.83000000000000007,-1.4308E-09,1.5085E-09,-8.34E-12,3.2532E-07,-3.254E-07
1.1500000000000001,0.83000000000000007,-1.4282E-09,1.4451E-09,-6.6900000000000008E-12,3.2532E-07,-3.2538E-07
1.145,0.83000000000000007,-1.3708E-09,1.3863E-09,-3.1000000000000004E-13,3.2548E-07,-3.255E-07
1.1400000000000001,0.83000000000000007,-1.3256E-09,1.3323E-09,3.18E-12,3.2548E-07,-3.255E-07
1.135,0.83000000000000007,-1.3899E-09,1.281E-09,9.900000000000001E-12,3.2552E-07,-3.2536E-07
1.1300000000000001,0.83000000000000007,-1.3721E-09,1.2321E-09,1.281E-11,3.2544E-07,-3.2534E-07
1.125,0.83000000000000007,-1.2581E-09,1.1875E-09,1.4260000000000001E-11,3.2554E-07,-3.2536E-07
1.12,0.83000000000000007,-1.3017E-09,1.1453E-09,1.987E-11,3.2546E-07,-3.2538E-07
1.115,0.83000000000000007,-1.3499E-09,1.1048E-09,2.2810000000000003E-11,3.255E-07,-3.2538E-07
1.11,0.83000000000000007,-1.3202E-09,1.0677E-09,2.269E-11,3.256E-07,-3.2536E-07
1.105,0.83000000000000007,-1.1527E-09,1.0288E-09,2.895E-11,3.2558E-07,-3.2536E-07
1.1,0.83000000000000007,-1.3921E-09,9.99E-10,2.6960000000000003E-11,3.2556E-07,-3.2532E-07
1.095,0.83000000000000007,-1.2298E-09,9.6155E-10,3.266E-11,3.2564E-07,-3.2538E-07
1.09,0.83000000000000007,-1.0976E-09,9.3021E-10,3.805E-11,3.2564E-07,-3.2534E-07
1.085,0.83000000000000007,-1.3268E-09,9.0201000000000007E-10,3.7270000000000004E-11,3.2564E-07,-3.2534E-07
1.08,0.83000000000000007,-1.2135E-09,8.7429000000000009E-10,4.7220000000000006E-11,3.2566E-07,-3.2536E-07
1.075,0.83000000000000007,-1.2299E-09,8.4751000000000011E-10,4.005E-11,3.257E-07,-3.2538E-07
1.07,0.83000000000000007,-1.1288999999999999E-09,8.2245000000000009E-10,5.0460000000000006E-11,3.2564E-07,-3.253E-07
1.065,0.83000000000000007,-1.2423E-09,7.99E-10,4.8600000000000005E-11,3.2572E-07,-3.2536E-07
1.06,0.83000000000000007,-1.2484E-09,7.753000000000001E-10,5.3340000000000007E-11,3.2576E-07,-3.2538E-07
1.0550000000000002,0.83000000000000007,-1.0991E-09,7.4981E-10,5.411E-11,3.257E-07,-3.2554E-07
1.05,0.83000000000000007,-1.2546E-09,7.3012000000000006E-10,5.3180000000000004E-11,3.2566E-07,-3.2534E-07
1.0450000000000002,0.83000000000000007,-1.0492E-09,7.1033000000000007E-10,6.488E-11,3.257E-07,-3.2528E-07
1.04,0.83000000000000007,-1.2864E-09,6.8866000000000008E-10,5.444E-11,3.2572E-07,-3.2538E-07
1.0350000000000001,0.83000000000000007,-1.0109E-09,6.6981000000000009E-10,7.047E-11,3.2572E-07,-3.2542E-07
1.03,0.83000000000000007,-1.1857E-09,6.5109000000000007E-10,6.156E-11,3.2572E-07,-3.2532E-07
1.0250000000000001,0.83000000000000007,-1.1518E-09,6.3391E-10,7.2880000000000011E-11,3.2574E-07,-3.2536E-07
1.02,0.83000000000000007,-1.0807E-09,6.1225E-10,7.1040000000000007E-11,3.2576E-07,-3.253E-07
1.0150000000000001,0.83000000000000007,-1.0981E-09,5.9888E-10,6.918E-11,3.2582E-07,-3.2538E-07
1.01,0.83000000000000007,-1.0344E-09,5.7997E-10,8.2500000000000012E-11,3.2584E-07,-3.2538E-07
1.0050000000000001,0.83000000000000007,-1.2409E-09,5.6562000000000006E-10,7.0840000000000011E-11,3.2572E-07,-3.2542E-07
1,0.83000000000000007,-1.0988E-09,5.4848000000000005E-10,8.092E-11,3.2578E-07,-3.2536E-07
0.995,0.83000000000000007,-1.1138E-09,5.3369E-10,7.963E-11,3.2578E-07,-3.2532E-07
0.9900000000000001,0.83000000000000007,-1.0678E-09,5.1877000000000006E-10,8.1590000000000012E-11,3.258E-07,-3.2536E-07
0.9850000000000001,0.83000000000000007,-9.935E-10,5.0505E-10,9.063E-11,3.2564E-07,-3.2532E-07
0.98000000000000009,0.83000000000000007,-1.0704E-09,4.9093000000000008E-10,9.006000000000001E-11,3.257E-07,-3.2532E-07
0.97500000000000009,0.83000000000000007,-1.079E-09,4.7708000000000007E-10,8.9010000000000011E-11,3.257E-07,-3.2524E-07
0.97000000000000008,0.83000000000000007,-1.0512E-09,4.6382000000000006E-10,8.9450000000000012E-11,3.2574E-07,-3.2524E-07
0.96500000000000008,0.83000000000000007,-9.782E-10,4.5070000000000006E-10,9.4530000000000009E-11,3.2582E-07,-3.2536E-07
0.96000000000000008,0.83000000000000007,-1.0089E-09,4.3901E-10,8.9350000000000007E-11,3.2576E-07,-3.252E-07
0.95500000000000007,0.83000000000000007,-1.0206E-09,4.2627E-10,1.0001000000000001E-10,3.2584E-07,-3.253E-07
0.95000000000000007,0.83000000000000007,-1.0647E-09,4.1339E-10,9.752E-11,3.2582E-07,-3.253E-07
0.94500000000000006,0.83000000000000007,-9.906E-10,4.0108E-10,9.8960000000000013E-11,3.2582E-07,-3.2532E-07
0.94000000000000006,0.83000000000000007,-1.0522E-09,3.9129000000000005E-10,9.5760000000000014E-11,3.258E-07,-3.253E-07
0.935,0.83000000000000007,-1.0608E-09,3.7939E-10,1.0230000000000001E-10,3.2574E-07,-3.2526E-07
0.93,0.83000000000000007,-9.8792E-10,3.6858000000000003E-10,9.949000000000001E-11,3.2588E-07,-3.2536E-07
0.925,0.83000000000000007,-8.9529000000000012E-10,3.5718000000000005E-10,1.1394000000000001E-10,3.2578E-07,-3.2528E-07
0.92,0.83000000000000007,-1.0461700000000001E-09,3.4781E-10,1.054E-10,3.2588E-07,-3.2534E-07
0.915,0.83000000000000007,-9.2273000000000008E-10,3.3637000000000005E-10,1.1432000000000001E-10,3.2582E-07,-3.2526E-07
0.91,0.83000000000000007,-8.548500000000001E-10,3.2558000000000003E-10,1.1335000000000001E-10,3.2576E-07,-3.2526E-07
0.905,0.83000000000000007,-1.03575E-09,3.1628E-10,1.1161E-10,3.2582E-07,-3.2536E-07
0.9,0.83000000000000007,-8.8369000000000008E-10,3.0674E-10,1.1987000000000002E-10,3.258E-07,-3.2526E-07
0.895,0.83000000000000007,-9.2973000000000006E-10,2.9605000000000003E-10,1.1208E-10,3.2582E-07,-3.2528E-07
0.89,0.83000000000000007,-8.9013000000000011E-10,2.8819E-10,1.2364E-10,3.2582E-07,-3.2526E-07
0.885,0.83000000000000007,-9.8511000000000013E-10,2.7872000000000005E-10,1.1924000000000002E-10,3.2578E-07,-3.2526E-07
0.88,0.83000000000000007,-8.5581000000000007E-10,2.6976E-10,1.2311E-10,3.2584E-07,-3.2526E-07
0.875,0.83000000000000007,-8.459E-10,2.5874000000000003E-10,1.2505E-10,3.2578E-07,-3.2528E-07
0.87,0.83000000000000007,-9.6371E-10,2.5288E-10,1.2300000000000002E-10,3.2582E-07,-3.2532E-07
0.865,0.83000000000000007,-8.6378000000000009E-10,2.4235E-10,1.2844E-10,3.2582E-07,-3.2528E-07
0.86,0.83000000000000007,-8.471600000000001E-10,2.3356E-10,1.2394000000000001E-10,3.2584E-07,-3.253E-07
0.85500000000000009,0.83000000000000007,-9.0136000000000008E-10,2.2549000000000001E-10,1.2923E-10,3.2578E-07,-3.2528E-07
0.85000000000000009,0.83000000000000007,-9.221300000000001E-10,2.1842E-10,1.2948E-10,3.257E-07,-3.252E-07
0.84500000000000008,0.83000000000000007,-7.9380000000000009E-10,2.0877000000000002E-10,1.2840000000000002E-10,3.2578E-07,-3.2526E-07
0.84000000000000008,0.83000000000000007,-8.7784E-10,2.0216E-10,1.325E-10,3.2584E-07,-3.2528E-07
0.83500000000000008,0.83000000000000007,-8.8046000000000008E-10,1.9334000000000003E-10,1.3251000000000002E-10,3.258E-07,-3.2524E-07
0.83000000000000007,0.83000000000000007,-8.753400000000001E-10,1.8598000000000001E-10,1.3208E-10,3.2576E-07,-3.2524E-07
0.82500000000000007,0.83000000000000007,-7.7276E-10,1.7645000000000002E-10,1.3365E-10,3.258E-07,-3.2524E-07
0.82000000000000006,0.83000000000000007,-8.9839E-10,1.7092000000000002E-10,1.3421000000000002E-10,3.2596E-07,-3.252E-07
0.81500000000000006,0.83000000000000007,-8.7409E-10,1.6172E-10,1.3627E-10,3.2584E-07,-3.2532E-07
0.81,0.83000000000000007,-7.4902000000000007E-10,1.5434E-10,1.3684000000000002E-10,3.2582E-07,-3.2524E-07
0.805,0.83000000000000007,-8.805100000000001E-10,1.4644000000000001E-10,1.3763000000000002E-10,3.258E-07,-3.2532E-07
0.8,0.83000000000000007,-8.2717E-10,1.3964000000000002E-10,1.4176E-10,3.2589999999999997E-07,-3.2522E-07
0.795,0.83000000000000007,-8.4802E-10,1.2979E-10,1.3635E-10,3.2578E-07,-3.253E-07
0.79,0.83000000000000007,-7.5277000000000008E-10,1.2498000000000002E-10,1.411E-10,3.2584E-07,-3.2532E-07
0.785,0.83000000000000007,-8.614300000000001E-10,1.1658E-10,1.4197E-10,3.2578E-07,-3.2524E-07
0.78,0.83000000000000007,-8.4840000000000009E-10,1.0978000000000001E-10,1.4147E-10,3.2594E-07,-3.2532E-07
0.775,0.83000000000000007,-6.5967000000000006E-10,9.9740000000000009E-11,1.4685000000000002E-10,3.2582E-07,-3.2528E-07
0.77,0.83000000000000007,-9.2208000000000009E-10,9.643000000000001E-11,1.398E-10,3.2588E-07,-3.253E-07
0.765,0.83000000000000007,-7.3731E-10,8.575E-11,1.5047000000000002E-10,3.2584E-07,-3.2532E-07
0.76,0.83000000000000007,-7.7385000000000007E-10,7.858E-11,1.3912E-10,3.2586E-07,-3.2524E-07
0.755,0.83000000000000007,-7.8263E-10,7.138E-11,1.4881E-10,3.258E-07,-3.2514E-07
0.75,0.83000000000000007,-7.5614E-10,6.3290000000000008E-11,1.4827000000000002E-10,3.258E-07,-3.2526E-07
0.745,0.83000000000000007,-8.1959000000000006E-10,5.7410000000000005E-11,1.4514E-10,3.2586E-07,-3.2526E-07
0.74,0.83000000000000007,-5.9290000000000009E-10,4.724E-11,1.5544E-10,3.258E-07,-3.2528E-07
0.735,0.83000000000000007,-9.1919000000000011E-10,4.214E-11,1.4311E-10,3.2586E-07,-3.2522E-07
0.73,0.83000000000000007,-6.7003E-10,3.2940000000000005E-11,1.5665000000000002E-10,3.2589999999999997E-07,-3.2528E-07
0.72500000000000009,0.83000000000000007,-7.0091E-10,2.4630000000000003E-11,1.4639000000000002E-10,3.2578E-07,-3.2528E-07
0.72000000000000008,0.83000000000000007,-7.8407000000000006E-10,1.8710000000000002E-11,1.5058E-10,3.2582E-07,-3.2526E-07
0.71500000000000008,0.83000000000000007,-6.6798E-10,8.3000000000000014E-12,1.5631E-10,3.258E-07,-3.2524E-07
0.71000000000000008,0.83000000000000007,-7.7748000000000009E-10,1.91E-12,1.4552E-10,3.2576E-07,-3.253E-07
0.70500000000000007,0.83000000000000007,-5.7773E-10,-7.71E-12,1.619E-10,3.2584E-07,-3.2522E-07
0.70000000000000007,0.83000000000000007,-8.4019000000000007E-10,-1.403E-11,1.4807E-10,3.2586E-07,-3.2524E-07
0.69500000000000006,0.83000000000000007,-6.3387E-10,-2.389E-11,1.5983E-10,3.2589999999999997E-07,-3.253E-07
0.69000000000000006,0.83000000000000007,-6.1384E-10,-3.2360000000000005E-11,1.5475E-10,3.2584E-07,-3.253E-07
0.685,0.83000000000000007,-7.6531E-10,-3.936E-11,1.5398000000000002E-10,3.2582E-07,-3.2526E-07
0.68,0.83000000000000007,-5.8095E-10,-5.018E-11,1.6323000000000001E-10,3.2589999999999997E-07,-3.2532E-07
0.675,0.83000000000000007,-7.1294E-10,-5.8100000000000005E-11,1.5115000000000002E-10,3.258E-07,-3.2526E-07
0.67,0.83000000000000007,-5.5066E-10,-6.8330000000000011E-11,1.6735000000000002E-10,3.258E-07,-3.2524E-07
0.665,0.83000000000000007,-7.5753000000000007E-10,-7.6490000000000012E-11,1.5496E-10,3.2582E-07,-3.2528E-07
0.66,0.83000000000000007,-5.8639000000000008E-10,-8.497E-11,1.6192000000000002E-10,3.2582E-07,-3.2524E-07
0.655,0.83000000000000007,-5.2177E-10,-9.6840000000000011E-11,1.6385E-10,3.2586E-07,-3.2528E-07
0.65,0.83000000000000007,-7.4675E-10,-1.0346000000000001E-10,1.5723E-10,3.26E-07,-3.2526E-07
0.645,0.83000000000000007,-5.1623000000000009E-10,-1.1542000000000001E-10,1.6837E-10,3.2582E-07,-3.253E-07
0.64,0.83000000000000007,-6.042E-10,-1.2522E-10,1.5680000000000002E-10,3.2584E-07,-3.254E-07
0.635,0.83000000000000007,-5.5741E-10,-1.3426E-10,1.6987E-10,3.2584E-07,-3.2528E-07
0.63,0.83000000000000007,-6.4078E-10,-1.4622000000000001E-10,1.6218E-10,3.2588E-07,-3.253E-07
0.625,0.83000000000000007,-5.0851E-10,-1.5487E-10,1.6335E-10,3.2582E-07,-3.2526E-07
0.62,0.83000000000000007,-4.7756000000000005E-10,-1.6717E-10,1.6755E-10,3.2578E-07,-3.2524E-07
0.615,0.83000000000000007,-6.7817E-10,-1.7651000000000002E-10,1.6012E-10,3.2586E-07,-3.253E-07
0.61,0.83000000000000007,-4.3894000000000004E-10,-1.8853000000000002E-10,1.6965E-10,3.2584E-07,-3.2528E-07
0.605,0.83000000000000007,-5.2936E-10,-2.0024000000000002E-10,1.608E-10,3.2578E-07,-3.2524E-07
0.6,0.83000000000000007,-5.5809000000000009E-10,-2.0979E-10,1.6882000000000002E-10,3.258E-07,-3.252E-07
0.595,0.83000000000000007,-5.2393000000000007E-10,-2.2339000000000002E-10,1.6531000000000002E-10,3.2588E-07,-3.2536E-07
0.59000000000000008,0.83000000000000007,-4.5563000000000006E-10,-2.3259000000000002E-10,1.6355000000000002E-10,3.2576E-07,-3.2526E-07
0.58500000000000008,0.83000000000000007,-4.6849E-10,-2.4546E-10,1.6888000000000002E-10,3.2582E-07,-3.2528E-07
0.58000000000000007,0.83000000000000007,-5.6685000000000006E-10,-2.5477000000000004E-10,1.6411000000000002E-10,3.2584E-07,-3.2528E-07
0.57500000000000007,0.83000000000000007,-3.9103000000000004E-10,-2.6982E-10,1.7083000000000002E-10,3.2582E-07,-3.2524E-07
0.57000000000000006,0.83000000000000007,-4.4760000000000004E-10,-2.8103E-10,1.6615000000000002E-10,3.2582E-07,-3.253E-07
0.56500000000000006,0.83000000000000007,-4.9476000000000006E-10,-2.9182000000000003E-10,1.7098000000000001E-10,3.2584E-07,-3.2526E-07
0.56,0.83000000000000007,-4.0594000000000005E-10,-3.0569E-10,1.7041E-10,3.258E-07,-3.2518E-07
0.555,0.83000000000000007,-3.7877000000000003E-10,-3.1782000000000005E-10,1.6916000000000001E-10,3.258E-07,-3.2518E-07
0.55,0.83000000000000007,-4.5432000000000004E-10,-3.2954000000000003E-10,1.7289E-10,3.2582E-07,-3.2526E-07
0.545,0.83000000000000007,-3.9805000000000004E-10,-3.4233000000000005E-10,1.6814E-10,3.2578E-07,-3.2532E-07
0.54,0.83000000000000007,-3.6067E-10,-3.56E-10,1.7053E-10,3.2584E-07,-3.2526E-07
0.535,0.83000000000000007,-3.4580000000000004E-10,-3.6857000000000005E-10,1.7088E-10,3.2589999999999997E-07,-3.2524E-07
0.53,0.83000000000000007,-4.0412000000000005E-10,-3.8059000000000003E-10,1.7058000000000002E-10,3.2582E-07,-3.2524E-07
0.525,0.83000000000000007,-3.3563E-10,-3.9557E-10,1.7198E-10,3.2582E-07,-3.2526E-07
0.52,0.83000000000000007,-2.4863E-10,-4.0822E-10,1.7232E-10,3.2582E-07,-3.2526E-07
0.515,0.83000000000000007,-4.1171E-10,-4.2135000000000005E-10,1.7247000000000003E-10,3.2584E-07,-3.2536E-07
0.51,0.83000000000000007,-2.7546E-10,-4.3404000000000003E-10,1.7332E-10,3.2584E-07,-3.253E-07
0.505,0.83000000000000007,-2.6188000000000003E-10,-4.5047000000000005E-10,1.7023000000000002E-10,3.2584E-07,-3.2526E-07
0.5,0.83000000000000007,-2.9617E-10,-4.6142000000000005E-10,1.7421E-10,3.2584E-07,-3.2524E-07
0.49500000000000005,0.83000000000000007,-2.8595000000000003E-10,-4.7677E-10,1.7448E-10,3.2588E-07,-3.2526E-07
0.49000000000000005,0.83000000000000007,-2.7175E-10,-4.8844E-10,1.7107E-10,3.2582E-07,-3.2526E-07
0.48500000000000004,0.83000000000000007,-1.0580000000000001E-10,-5.0633E-10,1.8129E-10,3.2584E-07,-3.253E-07
0.48000000000000004,0.83000000000000007,-3.7545000000000003E-10,-5.1809E-10,1.7114000000000002E-10,3.2584E-07,-3.253E-07
0.47500000000000003,0.83000000000000007,-1.4959000000000002E-10,-5.3456000000000006E-10,1.7980000000000002E-10,3.2576E-07,-3.2522E-07
0.47000000000000003,0.83000000000000007,-1.0112000000000001E-10,-5.4843E-10,1.7251E-10,3.2578E-07,-3.2524E-07
0.465,0.83000000000000007,-3.0064E-10,-5.6308000000000009E-10,1.7707000000000002E-10,3.2582E-07,-3.2528E-07
0.46,0.83000000000000007,-7.768000000000001E-11,-5.8081000000000009E-10,1.8015000000000002E-10,3.2589999999999997E-07,-3.2524E-07
0.455,0.83000000000000007,-2.1351000000000002E-10,-5.9321000000000006E-10,1.7109E-10,3.2584E-07,-3.252E-07
0.45,0.83000000000000007,-1.4450000000000001E-11,-6.1075000000000009E-10,1.8711000000000001E-10,3.2584E-07,-3.2522E-07
0.445,0.83000000000000007,-2.4777E-10,-6.2485000000000007E-10,1.7350000000000002E-10,3.2582E-07,-3.2538E-07
0.44,0.83000000000000007,-2.058E-11,-6.4261E-10,1.8320000000000002E-10,3.2582E-07,-3.2522E-07
0.435,0.83000000000000007,-1.0810000000000001E-11,-6.607E-10,1.7941E-10,3.2584E-07,-3.2528E-07
0.43,0.83000000000000007,-2.0793000000000003E-10,-6.7267E-10,1.7698000000000002E-10,3.2578E-07,-3.2524E-07
0.42500000000000004,0.83000000000000007,7.144E-11,-6.9564000000000009E-10,1.8661000000000002E-10,3.2586E-07,-3.253E-07
0.42000000000000004,0.83000000000000007,-9.032E-11,-7.0827000000000008E-10,1.7360000000000003E-10,3.2584E-07,-3.253E-07
0.41500000000000004,0.83000000000000007,5.2680000000000006E-11,-7.2755E-10,1.8928000000000002E-10,3.2584E-07,-3.2528E-07
0.41000000000000003,0.83000000000000007,-6.5220000000000008E-11,-7.4513000000000009E-10,1.7787E-10,3.2582E-07,-3.2526E-07
0.405,0.83000000000000007,5.561E-11,-7.6468000000000009E-10,1.8155E-10,3.2578E-07,-3.253E-07
0.4,0.83000000000000007,1.0365000000000001E-10,-7.8225000000000006E-10,1.8519E-10,3.2586E-07,-3.2518E-07
0.395,0.83000000000000007,-5.5980000000000003E-11,-8.0159E-10,1.7678E-10,3.2578E-07,-3.253E-07
0.39,0.83000000000000007,1.7578E-10,-8.209200000000001E-10,1.9042000000000003E-10,3.2584E-07,-3.2524E-07
0.385,0.83000000000000007,6.546E-11,-8.4070000000000011E-10,1.7657000000000002E-10,3.2582E-07,-3.2524E-07
0.38,0.83000000000000007,1.3565000000000002E-10,-8.6187E-10,1.8894000000000002E-10,3.2578E-07,-3.2522E-07
0.375,0.83000000000000007,8.29E-11,-8.8280000000000009E-10,1.8257000000000002E-10,3.2582E-07,-3.2526E-07
0.37,0.83000000000000007,1.6446000000000002E-10,-9.0363000000000011E-10,1.8159000000000002E-10,3.2584E-07,-3.2522E-07
0.365,0.83000000000000007,2.4643E-10,-9.2601000000000009E-10,1.8666E-10,3.2574E-07,-3.252E-07
0.36000000000000004,0.83000000000000007,4.9410000000000007E-11,-9.452E-10,1.7938E-10,3.2578E-07,-3.2516E-07
0.35500000000000004,0.83000000000000007,3.2545000000000005E-10,-9.6998E-10,1.9156E-10,3.2588E-07,-3.2524E-07
0.35000000000000003,0.83000000000000007,2.0782E-10,-9.9363E-10,1.8078000000000002E-10,3.2582E-07,-3.2518E-07
0.34500000000000003,0.83000000000000007,2.3523E-10,-1.0156500000000001E-09,1.9060000000000002E-10,3.257E-07,-3.2518E-07
0.34,0.83000000000000007,2.7485000000000004E-10,-1.04281E-09,1.8544E-10,3.2578E-07,-3.2524E-07
0.335,0.83000000000000007,3.2995000000000003E-10,-1.0661800000000001E-09,1.8388000000000002E-10,3.2584E-07,-3.252E-07
0.33,0.83000000000000007,3.5581000000000004E-10,-1.09257E-09,1.9144000000000001E-10,3.2576E-07,-3.2518E-07
0.325,0.83000000000000007,2.5107000000000004E-10,-1.1123E-09,1.8181000000000002E-10,3.2584E-07,-3.253E-07
0.32,0.83000000000000007,4.4432E-10,-1.1437E-09,1.9351E-10,3.258E-07,-3.2518E-07
0.315,0.83000000000000007,3.8798000000000004E-10,-1.1683E-09,1.8314000000000003E-10,3.2574E-07,-3.2524E-07
0.31,0.83000000000000007,4.6832E-10,-1.1976E-09,1.9377000000000002E-10,3.258E-07,-3.2518E-07
0.305,0.83000000000000007,4.0139000000000005E-10,-1.2254E-09,1.8816000000000003E-10,3.258E-07,-3.2522E-07
0.3,0.83000000000000007,5.0961000000000006E-10,-1.2568E-09,1.8993E-10,3.257E-07,-3.2518E-07
0.29500000000000004,0.83000000000000007,6.0069E-10,-1.2865E-09,1.9108000000000003E-10,3.2566E-07,-3.252E-07
0.29000000000000004,0.83000000000000007,4.5105000000000006E-10,-1.3152E-09,1.8844000000000002E-10,3.2576E-07,-3.2524E-07
0.28500000000000003,0.83000000000000007,6.2357E-10,-1.3479E-09,1.9482E-10,3.2576E-07,-3.252E-07
0.28,0.83000000000000007,6.3448000000000007E-10,-1.3788E-09,1.8786E-10,3.2566E-07,-3.2526E-07
0.275,0.83000000000000007,6.6579E-10,-1.4128E-09,1.9634000000000002E-10,3.2578E-07,-3.2526E-07
0.27,0.83000000000000007,6.4536E-10,-1.4471E-09,1.9182000000000002E-10,3.2584E-07,-3.2526E-07
0.265,0.83000000000000007,7.408400000000001E-10,-1.4818E-09,1.9223000000000002E-10,3.2578E-07,-3.2524E-07
0.26,0.83000000000000007,7.9477E-10,-1.5158E-09,1.9246000000000003E-10,3.257E-07,-3.2524E-07
0.255,0.83000000000000007,7.4789000000000009E-10,-1.5524E-09,1.9264000000000002E-10,3.2572E-07,-3.2516E-07
0.25,0.83000000000000007,8.041E-10,-1.5899E-09,1.9463E-10,3.2578E-07,-3.2528E-07
0.24500000000000002,0.83000000000000007,9.3431E-10,-1.6282E-09,1.9433000000000002E-10,3.2578E-07,-3.2522E-07
0.24000000000000002,0.83000000000000007,9.0457000000000011E-10,-1.668E-09,1.9801000000000002E-10,3.2588E-07,-3.2532E-07
0.23500000000000001,0.83000000000000007,8.775E-10,-1.7091E-09,1.9636E-10,3.2592E-07,-3.2526E-07
0.23,0.83000000000000007,1.0252500000000002E-09,-1.7493E-09,1.9447000000000003E-10,3.2584E-07,-3.252E-07
0.225,0.83000000000000007,1.0274E-09,-1.7893E-09,1.9473E-10,3.2589999999999997E-07,-3.2524E-07
0.22,0.83000000000000007,1.0412800000000002E-09,-1.8345E-09,1.9632000000000003E-10,3.2578E-07,-3.2522E-07
0.215,0.83000000000000007,1.2165E-09,-1.8737E-09,1.9745000000000003E-10,3.2576E-07,-3.2518E-07
0.21000000000000002,0.83000000000000007,1.1045E-09,-1.9151E-09,1.9210000000000001E-10,3.2578E-07,-3.2524E-07
0.20500000000000002,0.83000000000000007,1.1803E-09,-1.9642E-09,2.0016E-10,3.2574E-07,-3.2528E-07
0.2,0.83000000000000007,1.2153E-09,-2.01E-09,1.9389000000000002E-10,3.2578E-07,-3.2522E-07
0.195,0.83000000000000007,1.3261E-09,-2.0607E-09,2.0027000000000002E-10,3.2582E-07,-3.2516E-07
0.19,0.83000000000000007,1.3549E-09,-2.108E-09,1.9760000000000002E-10,3.2584E-07,-3.2518E-07
0.185,0.83000000000000007,1.2688E-09,-2.1557E-09,1.9921E-10,3.2582E-07,-3.2522E-07
0.18000000000000002,0.83000000000000007,1.5674E-09,-2.2125E-09,2.0333E-10,3.2576E-07,-3.2518E-07
0.17500000000000002,0.83000000000000007,1.4264E-09,-2.2672E-09,1.9678000000000002E-10,3.2574E-07,-3.2518E-07
0.17,0.83000000000000007,1.6179E-09,-2.32E-09,2.0712E-10,3.2578E-07,-3.2512E-07
0.165,0.83000000000000007,1.4735E-09,-2.3707E-09,1.9535E-10,3.2572E-07,-3.252E-07
0.16,0.83000000000000007,1.7434E-09,-2.4285E-09,2.0452E-10,3.2578E-07,-3.2514E-07
0.155,0.83000000000000007,1.7146E-09,-2.4856E-09,1.9601E-10,3.2576E-07,-3.2518E-07
0.15,0.83000000000000007,1.654E-09,-2.5498E-09,2.0120000000000001E-10,3.2576E-07,-3.2518E-07
0.14500000000000002,0.83000000000000007,1.9185E-09,-2.6131E-09,2.0256000000000002E-10,3.2582E-07,-3.2524E-07
0.14,0.83000000000000007,1.8218E-09,-2.6653E-09,1.9650000000000002E-10,3.2576E-07,-3.252E-07
0.135,0.83000000000000007,2.0234E-09,-2.7334E-09,2.0862000000000003E-10,3.258E-07,-3.2512E-07
0.13,0.83000000000000007,1.8615E-09,-2.7936E-09,1.9708E-10,3.2566E-07,-3.2524E-07
0.125,0.83000000000000007,2.1997E-09,-2.8628E-09,2.1033E-10,3.2582E-07,-3.2524E-07
0.12000000000000001,0.83000000000000007,2.0929E-09,-2.9293E-09,1.9961000000000002E-10,3.2578E-07,-3.2518E-07
0.115,0.83000000000000007,2.2161E-09,-2.9984E-09,2.0820000000000002E-10,3.2576E-07,-3.2522E-07
0.11,0.83000000000000007,2.2753E-09,-3.0707E-09,2.0498000000000003E-10,3.2578E-07,-3.2524E-07
0.10500000000000001,0.83000000000000007,2.3434E-09,-3.144E-09,2.0325000000000002E-10,3.2572E-07,-3.2518E-07
0.1,0.83000000000000007,2.5465E-09,-3.2193E-09,2.1006000000000002E-10,3.2578E-07,-3.252E-07
0.095,0.83000000000000007,2.3194E-09,-3.3034E-09,2.0127000000000002E-10,3.2576E-07,-3.252E-07
0.090000000000000011,0.83000000000000007,2.7317E-09,-3.3828E-09,2.1415E-10,3.2578E-07,-3.2524E-07
0.085,0.83000000000000007,2.6372E-09,-3.4614E-09,2.0074000000000002E-10,3.2582E-07,-3.2526E-07
0.08,0.83000000000000007,2.7584E-09,-3.5352E-09,2.1322000000000001E-10,3.2576E-07,-3.251E-07
0.075,0.83000000000000007,2.7712E-09,-3.6194E-09,2.0497000000000002E-10,3.2576E-07,-3.2512E-07
0.07,0.83000000000000007,2.9477E-09,-3.7057E-09,2.0789000000000002E-10,3.258E-07,-3.2522E-07
0.065,0.83000000000000007,3.0393E-09,-3.794E-09,2.1047000000000002E-10,3.2578E-07,-3.252E-07
0.060000000000000005,0.83000000000000007,2.9949E-09,-3.882E-09,2.0494000000000002E-10,3.2572E-07,-3.2522E-07
0.055,0.83000000000000007,3.2265E-09,-3.9781E-09,2.1608000000000002E-10,3.2574E-07,-3.2524E-07
0.05,0.83000000000000007,3.2165E-09,-4.074E-09,2.0410000000000002E-10,3.2576E-07,-3.2514E-07
0.045000000000000005,0.83000000000000007,3.4717E-09,-4.1758E-09,2.1638E-10,3.2578E-07,-3.2522E-07
0.04,0.83000000000000007,3.3462E-09,-4.2757E-09,2.0752000000000002E-10,3.2576E-07,-3.2512E-07
0.035,0.83000000000000007,3.5963E-09,-4.3661E-09,2.1418E-10,3.2578E-07,-3.2514E-07
0.030000000000000002,0.83000000000000007,3.7232E-09,-4.4743E-09,2.1123E-10,3.2578E-07,-3.2518E-07
0.025,0.83000000000000007,3.737E-09,-4.5756E-09,2.128E-10,3.2582E-07,-3.2526E-07
0.02,0.83000000000000007,3.8591E-09,-4.6892E-09,2.1579E-10,3.2578E-07,-3.251E-07
0.015000000000000001,0.83000000000000007,3.9987E-09,-4.7959E-09,2.0837000000000003E-10,3.2564E-07,-3.252E-07
0.01,0.83000000000000007,4.2094E-09,-4.9138E-09,2.1793000000000002E-10,3.2578E-07,-3.2514E-07
0.005,0.83000000000000007,4.0968E-09,-5.0268E-09,2.0935E-10,3.2576E-07,-3.252E-07
0,0.83000000000000007,4.367E-09,-5.1471E-09,2.1918E-10,3.2578E-07,-3.2524E-07
1.2,0.84000000000000008,-1.3434E-09,2.339E-09,-5.4690000000000007E-11,3.245E-07,-3.254E-07
1.195,0.84000000000000008,-1.4374E-09,2.2055E-09,-4.3580000000000006E-11,3.246E-07,-3.2538E-07
1.19,0.84000000000000008,-1.3528E-09,2.0896E-09,-4.3140000000000006E-11,3.2468E-07,-3.253E-07
1.185,0.84000000000000008,-1.2755E-09,1.9756E-09,-3.4910000000000005E-11,3.2476E-07,-3.2524E-07
1.1800000000000002,0.84000000000000008,-1.3442E-09,1.8807E-09,-3.1660000000000004E-11,3.248E-07,-3.2536E-07
1.175,0.84000000000000008,-1.346E-09,1.785E-09,-2.6060000000000002E-11,3.2482E-07,-3.2532E-07
1.1700000000000002,0.84000000000000008,-1.2556E-09,1.7018E-09,-2.3E-11,3.2494E-07,-3.2526E-07
1.165,0.84000000000000008,-1.2069E-09,1.6219E-09,-1.857E-11,3.25E-07,-3.253E-07
1.1600000000000001,0.84000000000000008,-1.3282E-09,1.5535E-09,-1.504E-11,3.2506E-07,-3.2532E-07
1.155,0.84000000000000008,-1.2198E-09,1.4856E-09,-8.84E-12,3.2522E-07,-3.2536E-07
1.1500000000000001,0.84000000000000008,-1.2161E-09,1.4232E-09,-6.5200000000000005E-12,3.2518E-07,-3.2534E-07
1.145,0.84000000000000008,-1.1695E-09,1.3649E-09,1.9000000000000002E-13,3.2518E-07,-3.2532E-07
1.1400000000000001,0.84000000000000008,-1.2464E-09,1.3121E-09,2.5000000000000003E-12,3.2518E-07,-3.2532E-07
1.135,0.84000000000000008,-1.2252E-09,1.2599E-09,5.14E-12,3.2522E-07,-3.2528E-07
1.1300000000000001,0.84000000000000008,-1.0508E-09,1.2111E-09,9.36E-12,3.2532E-07,-3.2532E-07
1.125,0.84000000000000008,-1.2556E-09,1.1693E-09,8.4000000000000014E-12,3.253E-07,-3.2538E-07
1.12,0.84000000000000008,-1.1254E-09,1.1267E-09,1.63E-11,3.2534E-07,-3.2536E-07
1.115,0.84000000000000008,-1.1821E-09,1.0858E-09,1.0730000000000001E-11,3.253E-07,-3.2536E-07
1.11,0.84000000000000008,-1.0276E-09,1.0483E-09,2.3830000000000003E-11,3.2534E-07,-3.2526E-07
1.105,0.84000000000000008,-1.221E-09,1.0138E-09,1.9620000000000002E-11,3.254E-07,-3.253E-07
1.1,0.84000000000000008,-1.1353E-09,9.7691E-10,2.3500000000000003E-11,3.2546E-07,-3.2532E-07
1.095,0.84000000000000008,-1.0568E-09,9.4441E-10,2.949E-11,3.2544E-07,-3.2526E-07
1.09,0.84000000000000008,-1.1068E-09,9.1336E-10,3.131E-11,3.2546E-07,-3.2532E-07
1.085,0.84000000000000008,-9.866E-10,8.8486000000000009E-10,4.1680000000000005E-11,3.2542E-07,-3.2528E-07
1.08,0.84000000000000008,-1.2156E-09,8.5905E-10,3.346E-11,3.2542E-07,-3.2524E-07
1.075,0.84000000000000008,-1.0557E-09,8.3112E-10,4.2400000000000004E-11,3.2538E-07,-3.2532E-07
1.07,0.84000000000000008,-1.0909E-09,8.064E-10,4.076E-11,3.2546E-07,-3.2528E-07
1.065,0.84000000000000008,-1.0693E-09,7.8292E-10,4.2050000000000006E-11,3.2544E-07,-3.2526E-07
1.06,0.84000000000000008,-1.0661999999999999E-09,7.5582000000000008E-10,5.029E-11,3.2546E-07,-3.252E-07
1.0550000000000002,0.84000000000000008,-1.0458E-09,7.3582E-10,4.8600000000000005E-11,3.2554E-07,-3.2524E-07
1.05,0.84000000000000008,-1.0876E-09,7.1257000000000005E-10,4.9440000000000006E-11,3.2554E-07,-3.2536E-07
1.0450000000000002,0.84000000000000008,-1.0509E-09,6.9232E-10,5.568E-11,3.2558E-07,-3.2534E-07
1.04,0.84000000000000008,-9.743E-10,6.7097E-10,5.4450000000000003E-11,3.2558E-07,-3.2534E-07
1.0350000000000001,0.84000000000000008,-9.895E-10,6.5222E-10,6.339E-11,3.256E-07,-3.2536E-07
1.03,0.84000000000000008,-1.0371E-09,6.3296000000000006E-10,6.256E-11,3.2552E-07,-3.253E-07
1.0250000000000001,0.84000000000000008,-9.32E-10,6.1436E-10,6.1520000000000011E-11,3.2554E-07,-3.2524E-07
1.02,0.84000000000000008,-9.546E-10,5.987100000000001E-10,6.95E-11,3.255E-07,-3.2524E-07
1.0150000000000001,0.84000000000000008,-1.0323E-09,5.8149E-10,6.926E-11,3.2548E-07,-3.2526E-07
1.01,0.84000000000000008,-9.7976000000000014E-10,5.6531000000000009E-10,6.829E-11,3.2548E-07,-3.2524E-07
1.0050000000000001,0.84000000000000008,-7.814E-10,5.454E-10,8.336000000000001E-11,3.2548E-07,-3.252E-07
1,0.84000000000000008,-1.0125000000000002E-09,5.3445000000000005E-10,7.458E-11,3.256E-07,-3.2526E-07
0.995,0.84000000000000008,-8.7105000000000011E-10,5.1707000000000006E-10,8.431E-11,3.2556E-07,-3.2532E-07
0.9900000000000001,0.84000000000000008,-8.2203000000000011E-10,5.0280000000000006E-10,8.1130000000000008E-11,3.2558E-07,-3.2524E-07
0.9850000000000001,0.84000000000000008,-9.3487E-10,4.9099000000000008E-10,8.0360000000000007E-11,3.2558E-07,-3.253E-07
0.98000000000000009,0.84000000000000008,-8.4847000000000007E-10,4.761E-10,8.9530000000000013E-11,3.2558E-07,-3.2532E-07
0.97500000000000009,0.84000000000000008,-8.8267000000000012E-10,4.6384E-10,8.1180000000000011E-11,3.2564E-07,-3.253E-07
0.97000000000000008,0.84000000000000008,-7.666700000000001E-10,4.4857000000000003E-10,9.352E-11,3.2556E-07,-3.2526E-07
0.96500000000000008,0.84000000000000008,-9.1213E-10,4.3951E-10,8.8790000000000011E-11,3.2564E-07,-3.253E-07
0.96000000000000008,0.84000000000000008,-8.3149000000000009E-10,4.2470000000000004E-10,9.4810000000000007E-11,3.2558E-07,-3.252E-07
0.95500000000000007,0.84000000000000008,-7.7215000000000007E-10,4.1267000000000003E-10,9.5990000000000009E-11,3.2558E-07,-3.2518E-07
0.95000000000000007,0.84000000000000008,-8.6441E-10,4.0199E-10,9.4560000000000007E-11,3.256E-07,-3.253E-07
0.94500000000000006,0.84000000000000008,-8.3033000000000007E-10,3.9155E-10,1.0126000000000001E-10,3.256E-07,-3.2534E-07
0.94000000000000006,0.84000000000000008,-8.1017000000000011E-10,3.7894000000000004E-10,9.495E-11,3.2558E-07,-3.2528E-07
0.935,0.84000000000000008,-7.4088E-10,3.6955000000000003E-10,1.0218E-10,3.2554E-07,-3.253E-07
0.93,0.84000000000000008,-8.6369E-10,3.5824000000000005E-10,1.0218E-10,3.2554E-07,-3.253E-07
0.925,0.84000000000000008,-8.007800000000001E-10,3.4719E-10,1.0551E-10,3.2548E-07,-3.2514E-07
0.92,0.84000000000000008,-7.0994E-10,3.3531E-10,1.0811E-10,3.2566E-07,-3.2526E-07
0.915,0.84000000000000008,-8.3299E-10,3.2772000000000003E-10,1.0672000000000001E-10,3.2556E-07,-3.252E-07
0.91,0.84000000000000008,-8.1099000000000011E-10,3.1788000000000004E-10,1.0960000000000001E-10,3.2556E-07,-3.2526E-07
0.905,0.84000000000000008,-7.0222000000000008E-10,3.0706E-10,1.0684E-10,3.256E-07,-3.253E-07
0.9,0.84000000000000008,-7.6643E-10,2.9853E-10,1.1165000000000001E-10,3.2558E-07,-3.2526E-07
0.895,0.84000000000000008,-8.3147E-10,2.8981E-10,1.1226000000000001E-10,3.256E-07,-3.2524E-07
0.89,0.84000000000000008,-7.2888000000000007E-10,2.7889E-10,1.1275000000000001E-10,3.2554E-07,-3.2512E-07
0.885,0.84000000000000008,-7.3202E-10,2.7069E-10,1.1555E-10,3.256E-07,-3.2524E-07
0.88,0.84000000000000008,-7.6549E-10,2.613E-10,1.1648000000000002E-10,3.256E-07,-3.2518E-07
0.875,0.84000000000000008,-7.8421E-10,2.5391E-10,1.1633000000000001E-10,3.256E-07,-3.252E-07
0.87,0.84000000000000008,-6.4114E-10,2.4311E-10,1.1749E-10,3.256E-07,-3.2528E-07
0.865,0.84000000000000008,-7.8183000000000008E-10,2.3626E-10,1.1814000000000002E-10,3.2562E-07,-3.252E-07
0.86,0.84000000000000008,-7.9458000000000006E-10,2.2752E-10,1.2086E-10,3.256E-07,-3.2526E-07
0.85500000000000009,0.84000000000000008,-6.2647E-10,2.1871000000000001E-10,1.2287E-10,3.2566E-07,-3.2532E-07
0.85000000000000009,0.84000000000000008,-8.0688000000000011E-10,2.1185000000000002E-10,1.2188E-10,3.2564E-07,-3.2524E-07
0.84500000000000008,0.84000000000000008,-6.5897000000000005E-10,2.0326E-10,1.2865000000000002E-10,3.2562E-07,-3.2526E-07
0.84000000000000008,0.84000000000000008,-7.5991E-10,1.9531000000000002E-10,1.2096000000000001E-10,3.2564E-07,-3.2532E-07
0.83500000000000008,0.84000000000000008,-6.3607000000000006E-10,1.8631000000000003E-10,1.2917E-10,3.256E-07,-3.2526E-07
0.83000000000000007,0.84000000000000008,-6.9570000000000009E-10,1.8001E-10,1.2554000000000001E-10,3.2568E-07,-3.2524E-07
0.82500000000000007,0.84000000000000008,-8.0761000000000007E-10,1.7293000000000002E-10,1.2776E-10,3.2562E-07,-3.2518E-07
0.82000000000000006,0.84000000000000008,-5.2167E-10,1.6307E-10,1.3439000000000001E-10,3.2568E-07,-3.2532E-07
0.81500000000000006,0.84000000000000008,-7.8838E-10,1.5803000000000002E-10,1.2653E-10,3.2558E-07,-3.252E-07
0.81,0.84000000000000008,-6.0694000000000008E-10,1.4925E-10,1.4066E-10,3.257E-07,-3.2528E-07
0.805,0.84000000000000008,-6.9627E-10,1.4124000000000002E-10,1.2840000000000002E-10,3.256E-07,-3.2522E-07
0.8,0.84000000000000008,-6.2318E-10,1.3462000000000002E-10,1.3573E-10,3.2564E-07,-3.2528E-07
0.795,0.84000000000000008,-6.115E-10,1.2561000000000002E-10,1.3623E-10,3.2566E-07,-3.2524E-07
0.79,0.84000000000000008,-7.862200000000001E-10,1.2033E-10,1.3041000000000002E-10,3.2564E-07,-3.2524E-07
0.785,0.84000000000000008,-4.6134000000000003E-10,1.0912000000000001E-10,1.4440000000000001E-10,3.256E-07,-3.2518E-07
0.78,0.84000000000000008,-7.4795000000000009E-10,1.0435000000000001E-10,1.3059E-10,3.2566E-07,-3.252E-07
0.775,0.84000000000000008,-6.0538E-10,9.641E-11,1.4511E-10,3.2564E-07,-3.252E-07
0.77,0.84000000000000008,-6.0325000000000006E-10,8.715E-11,1.3638E-10,3.2562E-07,-3.253E-07
0.765,0.84000000000000008,-6.2328E-10,8.2370000000000009E-11,1.3912E-10,3.2564E-07,-3.2518E-07
0.76,0.84000000000000008,-5.7159000000000009E-10,7.336E-11,1.4628E-10,3.2564E-07,-3.2524E-07
0.755,0.84000000000000008,-7.1271E-10,6.6160000000000007E-11,1.3394E-10,3.2564E-07,-3.2528E-07
0.75,0.84000000000000008,-4.4745000000000004E-10,5.6980000000000006E-11,1.5163000000000002E-10,3.256E-07,-3.253E-07
0.745,0.84000000000000008,-6.8532000000000007E-10,5.0850000000000004E-11,1.3812E-10,3.2562E-07,-3.252E-07
0.74,0.84000000000000008,-5.8850000000000009E-10,4.334E-11,1.5017E-10,3.2564E-07,-3.2518E-07
0.735,0.84000000000000008,-4.9184E-10,3.2400000000000006E-11,1.453E-10,3.2562E-07,-3.252E-07
0.73,0.84000000000000008,-6.5127000000000007E-10,2.8140000000000002E-11,1.4257E-10,3.2554E-07,-3.2524E-07
0.72500000000000009,0.84000000000000008,-5.1372000000000006E-10,1.804E-11,1.5297000000000002E-10,3.2566E-07,-3.2532E-07
0.72000000000000008,0.84000000000000008,-6.4027E-10,1.065E-11,1.4017000000000002E-10,3.2566E-07,-3.253E-07
0.71500000000000008,0.84000000000000008,-4.0828E-10,8.7E-13,1.5526000000000002E-10,3.2566E-07,-3.2524E-07
0.71000000000000008,0.84000000000000008,-6.3979E-10,-5.7300000000000008E-12,1.4550000000000002E-10,3.2566E-07,-3.2526E-07
0.70500000000000007,0.84000000000000008,-5.3537000000000009E-10,-1.34E-11,1.5185000000000002E-10,3.257E-07,-3.2526E-07
0.70000000000000007,0.84000000000000008,-4.297E-10,-2.4790000000000002E-11,1.5177E-10,3.256E-07,-3.2524E-07
0.69500000000000006,0.84000000000000008,-6.0424000000000008E-10,-2.993E-11,1.4685000000000002E-10,3.2564E-07,-3.253E-07
0.69000000000000006,0.84000000000000008,-4.7580000000000005E-10,-4.107E-11,1.5707E-10,3.2566E-07,-3.2526E-07
0.685,0.84000000000000008,-5.2873E-10,-4.974E-11,1.4574E-10,3.2566E-07,-3.2522E-07
0.68,0.84000000000000008,-4.2036000000000004E-10,-5.82E-11,1.5725E-10,3.2568E-07,-3.252E-07
0.675,0.84000000000000008,-5.5964E-10,-6.81E-11,1.5133E-10,3.2562E-07,-3.2522E-07
0.67,0.84000000000000008,-4.7912E-10,-7.739E-11,1.5234000000000001E-10,3.257E-07,-3.252E-07
0.665,0.84000000000000008,-3.9760000000000005E-10,-8.779E-11,1.554E-10,3.2564E-07,-3.252E-07
0.66,0.84000000000000008,-5.3357E-10,-9.4220000000000012E-11,1.4991E-10,3.256E-07,-3.252E-07
0.655,0.84000000000000008,-4.5867000000000003E-10,-1.0664E-10,1.5734000000000002E-10,3.2554E-07,-3.2518E-07
0.65,0.84000000000000008,-4.1816000000000003E-10,-1.1582000000000001E-10,1.4993000000000002E-10,3.2554E-07,-3.252E-07
0.645,0.84000000000000008,-4.2661000000000004E-10,-1.2493E-10,1.5743000000000002E-10,3.2562E-07,-3.2524E-07
0.64,0.84000000000000008,-4.7479000000000007E-10,-1.3488E-10,1.5607E-10,3.2564E-07,-3.252E-07
0.635,0.84000000000000008,-3.9725000000000005E-10,-1.4671E-10,1.5495000000000002E-10,3.2552E-07,-3.2526E-07
0.63,0.84000000000000008,-3.6223000000000005E-10,-1.5628E-10,1.5775000000000002E-10,3.2558E-07,-3.2532E-07
0.625,0.84000000000000008,-4.6596E-10,-1.6761E-10,1.5516E-10,3.256E-07,-3.252E-07
0.62,0.84000000000000008,-4.0187000000000003E-10,-1.7584E-10,1.5902E-10,3.2558E-07,-3.2518E-07
0.615,0.84000000000000008,-3.1152000000000003E-10,-1.9097000000000001E-10,1.5612E-10,3.2554E-07,-3.2516E-07
0.61,0.84000000000000008,-4.2330000000000003E-10,-1.9917000000000002E-10,1.5853000000000002E-10,3.2564E-07,-3.252E-07
0.605,0.84000000000000008,-4.0323E-10,-2.1167E-10,1.6135000000000002E-10,3.2562E-07,-3.2516E-07
0.6,0.84000000000000008,-2.6546000000000003E-10,-2.2440000000000002E-10,1.6024E-10,3.2566E-07,-3.2516E-07
0.595,0.84000000000000008,-3.8901000000000003E-10,-2.3408000000000003E-10,1.6241E-10,3.2558E-07,-3.2514E-07
0.59000000000000008,0.84000000000000008,-3.26E-10,-2.4611000000000004E-10,1.6179000000000002E-10,3.256E-07,-3.2524E-07
0.58500000000000008,0.84000000000000008,-3.2695000000000004E-10,-2.5816E-10,1.5996E-10,3.2556E-07,-3.2518E-07
0.58000000000000007,0.84000000000000008,-2.4791000000000003E-10,-2.714E-10,1.6232000000000001E-10,3.2564E-07,-3.2516E-07
0.57500000000000007,0.84000000000000008,-3.3081E-10,-2.8156E-10,1.6219E-10,3.2558E-07,-3.2522E-07
0.57000000000000006,0.84000000000000008,-3.1408E-10,-2.9513000000000004E-10,1.6187E-10,3.2566E-07,-3.252E-07
0.56500000000000006,0.84000000000000008,-1.9156E-10,-3.0809E-10,1.6426E-10,3.2558E-07,-3.2524E-07
0.56,0.84000000000000008,-3.1067E-10,-3.2008000000000005E-10,1.6199E-10,3.2558E-07,-3.2524E-07
0.555,0.84000000000000008,-2.124E-10,-3.3171000000000004E-10,1.6805E-10,3.256E-07,-3.2524E-07
0.55,0.84000000000000008,-2.6442E-10,-3.4569E-10,1.6134E-10,3.2558E-07,-3.2524E-07
0.545,0.84000000000000008,-1.7152000000000002E-10,-3.5625000000000004E-10,1.6553000000000002E-10,3.2556E-07,-3.2524E-07
0.54,0.84000000000000008,-1.8395000000000002E-10,-3.7107000000000004E-10,1.6697000000000002E-10,3.2564E-07,-3.2522E-07
0.535,0.84000000000000008,-3.0332000000000004E-10,-3.8213000000000005E-10,1.6297E-10,3.2558E-07,-3.2518E-07
0.53,0.84000000000000008,-2.099E-11,-3.9882E-10,1.7219E-10,3.2562E-07,-3.2514E-07
0.525,0.84000000000000008,-2.7259000000000004E-10,-4.0803000000000004E-10,1.6214000000000002E-10,3.256E-07,-3.252E-07
0.52,0.84000000000000008,-1.4309000000000002E-10,-4.2323000000000005E-10,1.7246000000000002E-10,3.2564E-07,-3.2526E-07
0.515,0.84000000000000008,-8.620000000000001E-11,-4.3790000000000006E-10,1.6522000000000003E-10,3.2558E-07,-3.252E-07
0.51,0.84000000000000008,-1.6587000000000002E-10,-4.4903000000000005E-10,1.6751000000000002E-10,3.256E-07,-3.2524E-07
0.505,0.84000000000000008,-7.9910000000000011E-11,-4.6565000000000004E-10,1.7303000000000002E-10,3.256E-07,-3.2522E-07
0.5,0.84000000000000008,-1.8384E-10,-4.7767000000000007E-10,1.6275E-10,3.2554E-07,-3.252E-07
0.49500000000000005,0.84000000000000008,8.236E-11,-4.942E-10,1.7732000000000001E-10,3.2558E-07,-3.252E-07
0.49000000000000005,0.84000000000000008,-1.9637000000000002E-10,-5.0534E-10,1.6494E-10,3.257E-07,-3.252E-07
0.48500000000000004,0.84000000000000008,-3.864E-11,-5.2157000000000009E-10,1.7415000000000001E-10,3.2556E-07,-3.2524E-07
0.48000000000000004,0.84000000000000008,3.617E-11,-5.3661000000000007E-10,1.711E-10,3.2564E-07,-3.2526E-07
0.47500000000000003,0.84000000000000008,-9.865E-11,-5.4955E-10,1.6816000000000002E-10,3.256E-07,-3.252E-07
0.47000000000000003,0.84000000000000008,3.285E-11,-5.6585000000000007E-10,1.7914000000000001E-10,3.2562E-07,-3.252E-07
0.465,0.84000000000000008,-4.895E-11,-5.8170000000000007E-10,1.6551E-10,3.256E-07,-3.252E-07
0.46,0.84000000000000008,1.3705E-10,-5.971E-10,1.7933000000000002E-10,3.2564E-07,-3.2522E-07
0.455,0.84000000000000008,-7.273E-11,-6.1170000000000007E-10,1.689E-10,3.2558E-07,-3.2524E-07
0.45,0.84000000000000008,5.128E-11,-6.2805E-10,1.7337000000000002E-10,3.2564E-07,-3.252E-07
0.445,0.84000000000000008,1.4400000000000002E-10,-6.4595E-10,1.7507000000000002E-10,3.2566E-07,-3.252E-07
0.44,0.84000000000000008,-2.3390000000000003E-11,-6.5978000000000007E-10,1.683E-10,3.2562E-07,-3.252E-07
0.435,0.84000000000000008,1.4620000000000002E-10,-6.7945000000000007E-10,1.7987000000000002E-10,3.2564E-07,-3.2526E-07
0.43,0.84000000000000008,7.2580000000000009E-11,-6.9498E-10,1.6673E-10,3.2568E-07,-3.2524E-07
0.42500000000000004,0.84000000000000008,1.8944000000000002E-10,-7.1383E-10,1.7940000000000002E-10,3.2562E-07,-3.2512E-07
0.42000000000000004,0.84000000000000008,5.3840000000000005E-11,-7.3066E-10,1.722E-10,3.2566E-07,-3.252E-07
0.41500000000000004,0.84000000000000008,1.631E-10,-7.4928E-10,1.7462000000000001E-10,3.2558E-07,-3.252E-07
0.41000000000000003,0.84000000000000008,2.8771000000000003E-10,-7.6924E-10,1.7805000000000002E-10,3.2568E-07,-3.2526E-07
0.405,0.84000000000000008,5.055E-11,-7.852E-10,1.6977000000000003E-10,3.2564E-07,-3.2524E-07
0.4,0.84000000000000008,2.9930000000000004E-10,-8.0584000000000008E-10,1.8147000000000002E-10,3.2564E-07,-3.2518E-07
0.395,0.84000000000000008,2.1157000000000003E-10,-8.2511000000000006E-10,1.7062E-10,3.2562E-07,-3.2526E-07
0.39,0.84000000000000008,2.8122000000000004E-10,-8.4512000000000008E-10,1.8159000000000002E-10,3.2554E-07,-3.253E-07
0.385,0.84000000000000008,2.0902000000000002E-10,-8.6649000000000008E-10,1.7759E-10,3.2564E-07,-3.252E-07
0.38,0.84000000000000008,3.0498E-10,-8.8683E-10,1.7604000000000002E-10,3.2568E-07,-3.252E-07
0.375,0.84000000000000008,3.9590000000000005E-10,-9.0995E-10,1.8319000000000002E-10,3.2568E-07,-3.252E-07
0.37,0.84000000000000008,1.9454E-10,-9.2924000000000009E-10,1.7360000000000003E-10,3.2562E-07,-3.252E-07
0.365,0.84000000000000008,4.3175000000000003E-10,-9.5609000000000016E-10,1.839E-10,3.2572E-07,-3.2528E-07
0.36000000000000004,0.84000000000000008,4.059E-10,-9.7698E-10,1.7413000000000002E-10,3.2566E-07,-3.2518E-07
0.35500000000000004,0.84000000000000008,3.5275000000000005E-10,-9.9905E-10,1.8262E-10,3.2568E-07,-3.252E-07
0.35000000000000003,0.84000000000000008,4.0942E-10,-1.02444E-09,1.8181000000000002E-10,3.256E-07,-3.2512E-07
0.34500000000000003,0.84000000000000008,4.7215000000000007E-10,-1.0481000000000001E-09,1.7718E-10,3.256E-07,-3.2518E-07
0.34,0.84000000000000008,5.1399E-10,-1.0733400000000001E-09,1.8489000000000002E-10,3.2566E-07,-3.2524E-07
0.335,0.84000000000000008,3.9464000000000005E-10,-1.09895E-09,1.7685000000000002E-10,3.2562E-07,-3.252E-07
0.33,0.84000000000000008,5.988E-10,-1.1226E-09,1.8691E-10,3.2566E-07,-3.2526E-07
0.325,0.84000000000000008,5.5751000000000007E-10,-1.1493E-09,1.776E-10,3.256E-07,-3.2526E-07
0.32,0.84000000000000008,6.2273000000000008E-10,-1.178E-09,1.8503E-10,3.2556E-07,-3.2522E-07
0.315,0.84000000000000008,5.839E-10,-1.2045E-09,1.8384E-10,3.2564E-07,-3.252E-07
0.31,0.84000000000000008,6.0983000000000005E-10,-1.2367E-09,1.8319000000000002E-10,3.2562E-07,-3.2518E-07
0.305,0.84000000000000008,7.0453E-10,-1.2645E-09,1.8512E-10,3.2574E-07,-3.2528E-07
0.3,0.84000000000000008,7.1233000000000006E-10,-1.2966E-09,1.8318E-10,3.256E-07,-3.2528E-07
0.29500000000000004,0.84000000000000008,6.4740000000000006E-10,-1.3268E-09,1.8659000000000003E-10,3.2564E-07,-3.2518E-07
0.29000000000000004,0.84000000000000008,7.918000000000001E-10,-1.3599E-09,1.8431E-10,3.2564E-07,-3.252E-07
0.28500000000000003,0.84000000000000008,8.5658000000000006E-10,-1.3962E-09,1.8536000000000002E-10,3.257E-07,-3.2524E-07
0.28,0.84000000000000008,7.3822000000000006E-10,-1.427E-09,1.8702000000000002E-10,3.2566E-07,-3.2536E-07
0.275,0.84000000000000008,8.5920000000000009E-10,-1.4639E-09,1.8651E-10,3.2564E-07,-3.252E-07
0.27,0.84000000000000008,9.3348000000000017E-10,-1.4989E-09,1.8463E-10,3.2558E-07,-3.2514E-07
0.265,0.84000000000000008,9.2637000000000008E-10,-1.5318E-09,1.8765000000000002E-10,3.256E-07,-3.2522E-07
0.26,0.84000000000000008,8.5750000000000009E-10,-1.5684E-09,1.8472E-10,3.2564E-07,-3.252E-07
0.255,0.84000000000000008,1.0881900000000002E-09,-1.6066E-09,1.8737000000000002E-10,3.256E-07,-3.2526E-07
0.25,0.84000000000000008,1.0074E-09,-1.6458E-09,1.8460000000000001E-10,3.2554E-07,-3.2514E-07
0.24500000000000002,0.84000000000000008,1.0121100000000001E-09,-1.6829E-09,1.8729E-10,3.2556E-07,-3.2516E-07
0.24000000000000002,0.84000000000000008,1.028E-09,-1.7169E-09,1.8237E-10,3.2564E-07,-3.2524E-07
0.23500000000000001,0.84000000000000008,1.2532E-09,-1.7568E-09,1.9189000000000002E-10,3.2556E-07,-3.2516E-07
0.23,0.84000000000000008,1.1414E-09,-1.8026E-09,1.8536000000000002E-10,3.2556E-07,-3.251E-07
0.225,0.84000000000000008,1.167E-09,-1.8454E-09,1.9216E-10,3.256E-07,-3.2512E-07
0.22,0.84000000000000008,1.3607E-09,-1.8914E-09,1.9057000000000002E-10,3.256E-07,-3.2514E-07
0.215,0.84000000000000008,1.2805E-09,-1.932E-09,1.8848E-10,3.2562E-07,-3.252E-07
0.21000000000000002,0.84000000000000008,1.4048E-09,-1.9831E-09,1.9646E-10,3.2554E-07,-3.2524E-07
0.20500000000000002,0.84000000000000008,1.3092E-09,-2.0268E-09,1.8453E-10,3.2556E-07,-3.2514E-07
0.2,0.84000000000000008,1.6342E-09,-2.0809E-09,1.9898000000000002E-10,3.2558E-07,-3.2518E-07
0.195,0.84000000000000008,1.4135E-09,-2.1277E-09,1.8552000000000002E-10,3.2564E-07,-3.2524E-07
0.19,0.84000000000000008,1.5509E-09,-2.1795E-09,1.9880000000000003E-10,3.2554E-07,-3.2522E-07
0.185,0.84000000000000008,1.645E-09,-2.2334E-09,1.9057000000000002E-10,3.2558E-07,-3.2518E-07
0.18000000000000002,0.84000000000000008,1.6534E-09,-2.286E-09,1.9284E-10,3.2566E-07,-3.2526E-07
0.17500000000000002,0.84000000000000008,1.7696E-09,-2.3423E-09,1.9828E-10,3.2564E-07,-3.2518E-07
0.17,0.84000000000000008,1.6658E-09,-2.3972E-09,1.8833E-10,3.2562E-07,-3.2524E-07
0.165,0.84000000000000008,1.967E-09,-2.4586999999999998E-09,2.0112000000000003E-10,3.2554E-07,-3.252E-07
0.16,0.84000000000000008,1.8166E-09,-2.5116E-09,1.8640000000000002E-10,3.256E-07,-3.2526E-07
0.155,0.84000000000000008,1.9797E-09,-2.5763E-09,2.0219000000000003E-10,3.2556E-07,-3.2518E-07
0.15,0.84000000000000008,1.9257E-09,-2.638E-09,1.9029000000000002E-10,3.256E-07,-3.2524E-07
0.14500000000000002,0.84000000000000008,2.1636E-09,-2.702E-09,1.9809E-10,3.2558E-07,-3.2524E-07
0.14,0.84000000000000008,2.1395E-09,-2.7647E-09,1.9711E-10,3.2556E-07,-3.2518E-07
0.135,0.84000000000000008,2.1905E-09,-2.9084E-09,1.978E-10,3.2558E-07,-3.2522E-07
0.13,0.84000000000000008,2.4485E-09,-2.9773E-09,2.0148E-10,3.256E-07,-3.2516E-07
0.125,0.84000000000000008,2.3728E-09,-3.0435E-09,1.9288E-10,3.2568E-07,-3.2512E-07
0.12000000000000001,0.84000000000000008,2.5034E-09,-3.1183E-09,2.0477E-10,3.2558E-07,-3.2514E-07
0.115,0.84000000000000008,2.4591E-09,-3.1936E-09,1.9242000000000002E-10,3.2556E-07,-3.2514E-07
0.11,0.84000000000000008,2.6568E-09,-3.1884E-09,2.0386E-10,3.256E-07,-3.2514E-07
0.10500000000000001,0.84000000000000008,2.5919E-09,-3.2707E-09,1.9623E-10,3.2554E-07,-3.2516E-07
0.1,0.84000000000000008,2.7189E-09,-3.3475E-09,2.0374E-10,3.255E-07,-3.2508E-07
0.095,0.84000000000000008,2.7722E-09,-3.4288E-09,2.0126E-10,3.2552E-07,-3.2512E-07
0.090000000000000011,0.84000000000000008,2.8856E-09,-3.5129E-09,1.9945000000000002E-10,3.256E-07,-3.2512E-07
0.085,0.84000000000000008,3.0078E-09,-3.5933E-09,2.0532000000000002E-10,3.2554E-07,-3.2514E-07
0.08,0.84000000000000008,2.8906E-09,-3.6811E-09,1.9781E-10,3.256E-07,-3.2516E-07
0.075,0.84000000000000008,3.2266E-09,-3.7748E-09,2.0723000000000002E-10,3.255E-07,-3.2514E-07
0.07,0.84000000000000008,3.2206E-09,-3.8592E-09,1.9783E-10,3.2554E-07,-3.2514E-07
0.065,0.84000000000000008,3.2788E-09,-3.9553E-09,2.0831000000000003E-10,3.2554E-07,-3.2518E-07
0.060000000000000005,0.84000000000000008,3.3561E-09,-4.0507E-09,1.9976000000000002E-10,3.2562E-07,-3.2518E-07
0.055,0.84000000000000008,3.5444E-09,-4.1393E-09,2.0294000000000003E-10,3.2552E-07,-3.2512E-07
0.05,0.84000000000000008,3.6067E-09,-4.2429E-09,2.0371000000000001E-10,3.2556E-07,-3.2512E-07
0.045000000000000005,0.84000000000000008,3.5999E-09,-4.3429E-09,2.0313000000000003E-10,3.2564E-07,-3.2516E-07
0.04,0.84000000000000008,3.8523E-09,-4.4541E-09,2.0820000000000002E-10,3.2564E-07,-3.2514E-07
0.035,0.84000000000000008,3.9061E-09,-4.5554E-09,2.0329E-10,3.256E-07,-3.2514E-07
0.030000000000000002,0.84000000000000008,4.0536E-09,-4.6614E-09,2.1115000000000002E-10,3.256E-07,-3.2514E-07
0.025,0.84000000000000008,4.0368E-09,-4.768E-09,2.0673000000000002E-10,3.256E-07,-3.2516E-07
0.02,0.84000000000000008,4.2918E-09,-4.883E-09,2.1040000000000002E-10,3.2556E-07,-3.2514E-07
0.015000000000000001,0.84000000000000008,4.3847E-09,-4.9961E-09,2.0836000000000002E-10,3.2568E-07,-3.2506E-07
0.01,0.84000000000000008,4.4012E-09,-5.1122E-09,2.0872E-10,3.2564E-07,-3.2514E-07
0.005,0.84000000000000008,4.5621E-09,-5.2352E-09,2.0958000000000002E-10,3.2552E-07,-3.2518E-07
0,0.84000000000000008,4.8024E-09,-5.3744E-09,2.08E-10,3.2566E-07,-3.2514E-07
1.2,0.85000000000000009,-1.1587E-09,2.2617E-09,-4.9430000000000004E-11,3.2436E-07,-3.253E-07
1.195,0.85000000000000009,-1.0733E-09,2.1344E-09,-3.758E-11,3.244E-07,-3.253E-07
1.19,0.85000000000000009,-1.259E-09,2.0238E-09,-3.7710000000000005E-11,3.244E-07,-3.2524E-07
1.185,0.85000000000000009,-1.1216E-09,1.9166E-09,-2.7810000000000002E-11,3.2458E-07,-3.2534E-07
1.1800000000000002,0.85000000000000009,-1.0753E-09,1.8197E-09,-2.7990000000000002E-11,3.2474E-07,-3.2532E-07
1.175,0.85000000000000009,-1.1399E-09,1.7321E-09,-2.1390000000000003E-11,3.2468E-07,-3.2536E-07
1.1700000000000002,0.85000000000000009,-1.0973E-09,1.6505E-09,-1.6670000000000002E-11,3.2476E-07,-3.2532E-07
1.165,0.85000000000000009,-1.167E-09,1.5751E-09,-1.7580000000000002E-11,3.2482E-07,-3.2526E-07
1.1600000000000001,0.85000000000000009,-1.0771E-09,1.5017E-09,-1.3640000000000001E-11,3.2486E-07,-3.253E-07
1.155,0.85000000000000009,-1.0408E-09,1.4403E-09,-9.4100000000000013E-12,3.2486E-07,-3.2526E-07
1.1500000000000001,0.85000000000000009,-1.0105E-09,1.3763E-09,-6.7300000000000006E-12,3.2494E-07,-3.253E-07
1.145,0.85000000000000009,-1.1018E-09,1.3216E-09,3.9400000000000006E-12,3.2498E-07,-3.2526E-07
1.1400000000000001,0.85000000000000009,-1.0807E-09,1.2678E-09,-6.5000000000000006E-13,3.2512E-07,-3.2526E-07
1.135,0.85000000000000009,-1.0081E-09,1.2187E-09,6.31E-12,3.25E-07,-3.2532E-07
1.1300000000000001,0.85000000000000009,-1.0634E-09,1.1701E-09,3.1900000000000003E-12,3.2512E-07,-3.252E-07
1.125,0.85000000000000009,-1.0936E-09,1.1275E-09,9.8100000000000012E-12,3.2516E-07,-3.253E-07
1.12,0.85000000000000009,-1.04479E-09,1.082E-09,1.744E-11,3.2516E-07,-3.2526E-07
1.115,0.85000000000000009,-8.2549000000000011E-10,1.0406E-09,2.3010000000000003E-11,3.2514E-07,-3.252E-07
1.11,0.85000000000000009,-1.05011E-09,1.0077E-09,1.657E-11,3.2518E-07,-3.253E-07
1.105,0.85000000000000009,-9.0756000000000012E-10,9.6904E-10,2.9020000000000004E-11,3.2526E-07,-3.2526E-07
1.1,0.85000000000000009,-8.2525E-10,9.3686E-10,3.299E-11,3.253E-07,-3.2538E-07
1.095,0.85000000000000009,-9.796E-10,9.0671000000000007E-10,2.8100000000000002E-11,3.2528E-07,-3.253E-07
1.09,0.85000000000000009,-8.6058E-10,8.7686000000000011E-10,4.315E-11,3.2528E-07,-3.2528E-07
1.085,0.85000000000000009,-9.7312E-10,8.4966E-10,3.201E-11,3.2524E-07,-3.2524E-07
1.08,0.85000000000000009,-7.6035000000000007E-10,8.2378E-10,4.4730000000000003E-11,3.253E-07,-3.2524E-07
1.075,0.85000000000000009,-9.3295000000000017E-10,7.9895E-10,4.414E-11,3.2524E-07,-3.252E-07
1.07,0.85000000000000009,-8.9214000000000009E-10,7.7503000000000006E-10,4.6340000000000005E-11,3.2534E-07,-3.2526E-07
1.065,0.85000000000000009,-7.2643E-10,7.503500000000001E-10,5.295E-11,3.2536E-07,-3.2522E-07
1.06,0.85000000000000009,-9.209600000000001E-10,7.2970000000000008E-10,4.5020000000000003E-11,3.2534E-07,-3.2532E-07
1.0550000000000002,0.85000000000000009,-8.0932000000000005E-10,7.0815000000000008E-10,5.7550000000000004E-11,3.2538E-07,-3.2536E-07
1.05,0.85000000000000009,-8.2250000000000011E-10,6.8713000000000009E-10,4.8810000000000004E-11,3.2542E-07,-3.253E-07
1.0450000000000002,0.85000000000000009,-7.6999E-10,6.6782000000000008E-10,6.0200000000000009E-11,3.2534E-07,-3.2522E-07
1.04,0.85000000000000009,-8.3604E-10,6.4803000000000009E-10,6.181E-11,3.2532E-07,-3.2524E-07
1.0350000000000001,0.85000000000000009,-8.3034E-10,6.2991E-10,5.958E-11,3.2532E-07,-3.253E-07
1.03,0.85000000000000009,-6.6568E-10,6.1143E-10,6.7E-11,3.254E-07,-3.2516E-07
1.0250000000000001,0.85000000000000009,-8.8289E-10,5.9525000000000009E-10,5.9700000000000011E-11,3.2534E-07,-3.2532E-07
1.02,0.85000000000000009,-7.3292000000000009E-10,5.7837E-10,7.2080000000000011E-11,3.2544E-07,-3.2526E-07
1.0150000000000001,0.85000000000000009,-7.5974000000000011E-10,5.6173000000000009E-10,6.494000000000001E-11,3.2536E-07,-3.2526E-07
1.01,0.85000000000000009,-7.3240000000000008E-10,5.4791E-10,7.212E-11,3.253E-07,-3.253E-07
1.0050000000000001,0.85000000000000009,-7.7269E-10,5.3105E-10,7.533E-11,3.2542E-07,-3.252E-07
1,0.85000000000000009,-7.340900000000001E-10,5.1823000000000008E-10,7.058E-11,3.2536E-07,-3.2528E-07
0.995,0.85000000000000009,-6.6139E-10,5.0223E-10,8.004E-11,3.2538E-07,-3.2526E-07
0.9900000000000001,0.85000000000000009,-7.9218E-10,4.9019E-10,7.5360000000000012E-11,3.2538E-07,-3.2514E-07
0.9850000000000001,0.85000000000000009,-7.1080000000000007E-10,4.7638000000000007E-10,8.23E-11,3.2542E-07,-3.2526E-07
0.98000000000000009,0.85000000000000009,-6.4678E-10,4.622E-10,8.0930000000000012E-11,3.2548E-07,-3.2524E-07
0.97500000000000009,0.85000000000000009,-7.0933000000000007E-10,4.5180000000000003E-10,8.475E-11,3.2546E-07,-3.252E-07
0.97000000000000008,0.85000000000000009,-7.3295E-10,4.3665000000000004E-10,8.858E-11,3.2536E-07,-3.2526E-07
0.96500000000000008,0.85000000000000009,-6.489E-10,4.2609E-10,8.627E-11,3.2546E-07,-3.253E-07
0.96000000000000008,0.85000000000000009,-6.3678E-10,4.1317000000000003E-10,9.1570000000000013E-11,3.2548E-07,-3.253E-07
0.95500000000000007,0.85000000000000009,-7.3235000000000006E-10,4.0392000000000004E-10,9.018E-11,3.2536E-07,-3.2524E-07
0.95000000000000007,0.85000000000000009,-6.5149000000000009E-10,3.8977000000000004E-10,9.3070000000000008E-11,3.2542E-07,-3.2516E-07
0.94500000000000006,0.85000000000000009,-5.9850000000000005E-10,3.8087000000000005E-10,9.355E-11,3.254E-07,-3.2524E-07
0.94000000000000006,0.85000000000000009,-6.9366000000000006E-10,3.6947E-10,9.7510000000000008E-11,3.2536E-07,-3.2526E-07
0.935,0.85000000000000009,-6.9436000000000007E-10,3.5788E-10,9.8270000000000013E-11,3.254E-07,-3.2518E-07
0.93,0.85000000000000009,-5.2301E-10,3.4755E-10,9.904E-11,3.2542E-07,-3.2526E-07
0.925,0.85000000000000009,-6.8851E-10,3.3741000000000003E-10,1.0037000000000001E-10,3.2536E-07,-3.253E-07
0.92,0.85000000000000009,-6.5114000000000009E-10,3.2892000000000004E-10,1.0246000000000001E-10,3.2552E-07,-3.2528E-07
0.915,0.85000000000000009,-5.6045000000000007E-10,3.1697000000000004E-10,1.0306E-10,3.2548E-07,-3.2522E-07
0.91,0.85000000000000009,-6.1659E-10,3.0924E-10,1.0464000000000001E-10,3.2546E-07,-3.2526E-07
0.905,0.85000000000000009,-6.4008E-10,2.9933000000000004E-10,1.0901000000000001E-10,3.255E-07,-3.253E-07
0.9,0.85000000000000009,-6.48E-10,2.9108000000000004E-10,1.0744E-10,3.2542E-07,-3.2522E-07
0.895,0.85000000000000009,-4.6773E-10,2.7917000000000003E-10,1.1309000000000001E-10,3.2542E-07,-3.2526E-07
0.89,0.85000000000000009,-6.967500000000001E-10,2.7245000000000003E-10,1.0868E-10,3.2542E-07,-3.252E-07
0.885,0.85000000000000009,-5.8066E-10,2.6303E-10,1.1183E-10,3.2536E-07,-3.2516E-07
0.88,0.85000000000000009,-4.729E-10,2.5283E-10,1.1259000000000001E-10,3.254E-07,-3.2524E-07
0.875,0.85000000000000009,-6.6672E-10,2.4775E-10,1.1127000000000001E-10,3.2542E-07,-3.2526E-07
0.87,0.85000000000000009,-5.2502E-10,2.3668E-10,1.2201E-10,3.2544E-07,-3.252E-07
0.865,0.85000000000000009,-6.0937E-10,2.2952000000000003E-10,1.1302000000000001E-10,3.255E-07,-3.253E-07
0.86,0.85000000000000009,-4.6273E-10,2.2076000000000002E-10,1.2416000000000001E-10,3.2536E-07,-3.253E-07
0.85500000000000009,0.85000000000000009,-5.9196000000000009E-10,2.1299E-10,1.1838E-10,3.2552E-07,-3.2534E-07
0.85000000000000009,0.85000000000000009,-5.9289E-10,2.0775E-10,1.2056000000000002E-10,3.2558E-07,-3.2532E-07
0.84500000000000008,0.85000000000000009,-3.8236E-10,1.9529E-10,1.2579E-10,3.255E-07,-3.253E-07
0.84000000000000008,0.85000000000000009,-6.6011E-10,1.9202000000000003E-10,1.1746E-10,3.255E-07,-3.2526E-07
0.83500000000000008,0.85000000000000009,-4.5462000000000003E-10,1.796E-10,1.3317000000000002E-10,3.2544E-07,-3.2526E-07
0.83000000000000007,0.85000000000000009,-5.3823E-10,1.7409000000000002E-10,1.1881E-10,3.2552E-07,-3.2518E-07
0.82500000000000007,0.85000000000000009,-4.6586000000000008E-10,1.6544000000000003E-10,1.3091000000000002E-10,3.255E-07,-3.2524E-07
0.82000000000000006,0.85000000000000009,-5.2754E-10,1.5780000000000001E-10,1.2788E-10,3.2544E-07,-3.2526E-07
0.81500000000000006,0.85000000000000009,-5.6103000000000008E-10,1.4991E-10,1.2347000000000001E-10,3.2546E-07,-3.2512E-07
0.81,0.85000000000000009,-3.4403000000000005E-10,1.4179E-10,1.3499000000000002E-10,3.2542E-07,-3.2512E-07
0.805,0.85000000000000009,-6.2186000000000006E-10,1.3701E-10,1.2317E-10,3.2542E-07,-3.252E-07
0.8,0.85000000000000009,-4.3341000000000006E-10,1.2773E-10,1.3716000000000002E-10,3.255E-07,-3.2528E-07
0.795,0.85000000000000009,-4.5891E-10,1.1936000000000002E-10,1.2815000000000002E-10,3.255E-07,-3.252E-07
0.79,0.85000000000000009,-4.7064E-10,1.1372000000000001E-10,1.3405000000000002E-10,3.2542E-07,-3.2518E-07
0.785,0.85000000000000009,-4.6526000000000006E-10,1.0490000000000001E-10,1.3662000000000002E-10,3.2546E-07,-3.2526E-07
0.78,0.85000000000000009,-5.0496000000000008E-10,9.7830000000000013E-11,1.2821000000000002E-10,3.2548E-07,-3.2524E-07
0.775,0.85000000000000009,-3.0833E-10,8.8730000000000013E-11,1.4169E-10,3.2552E-07,-3.2528E-07
0.77,0.85000000000000009,-6.0882000000000008E-10,8.321E-11,1.3019000000000002E-10,3.2536E-07,-3.2526E-07
0.765,0.85000000000000009,-3.8072E-10,7.5030000000000011E-11,1.4073000000000001E-10,3.2548E-07,-3.253E-07
0.76,0.85000000000000009,-4.0869E-10,6.5960000000000011E-11,1.3453E-10,3.2548E-07,-3.2528E-07
0.755,0.85000000000000009,-4.6038E-10,6.123E-11,1.3926000000000002E-10,3.2544E-07,-3.2526E-07
0.75,0.85000000000000009,-4.2123000000000005E-10,4.978E-11,1.4321000000000002E-10,3.2542E-07,-3.253E-07
0.745,0.85000000000000009,-4.6238E-10,4.388E-11,1.3401E-10,3.2542E-07,-3.2524E-07
0.74,0.85000000000000009,-2.7492E-10,3.4320000000000004E-11,1.4780000000000002E-10,3.2546E-07,-3.2524E-07
0.735,0.85000000000000009,-5.6405E-10,2.7540000000000003E-11,1.3631000000000002E-10,3.2546E-07,-3.2522E-07
0.73,0.85000000000000009,-3.3009000000000005E-10,1.9400000000000002E-11,1.4459000000000002E-10,3.2538E-07,-3.2524E-07
0.72500000000000009,0.85000000000000009,-3.4219000000000004E-10,1.029E-11,1.4032E-10,3.2534E-07,-3.2512E-07
0.72000000000000008,0.85000000000000009,-4.7285000000000008E-10,4.87E-12,1.4247E-10,3.2538E-07,-3.252E-07
0.71500000000000008,0.85000000000000009,-3.4717E-10,-7.07E-12,1.4862E-10,3.254E-07,-3.252E-07
0.71000000000000008,0.85000000000000009,-3.8828000000000003E-10,-1.3890000000000002E-11,1.3706000000000002E-10,3.2548E-07,-3.2522E-07
0.70500000000000007,0.85000000000000009,-3.1727000000000003E-10,-2.418E-11,1.5006000000000002E-10,3.2548E-07,-3.252E-07
0.70000000000000007,0.85000000000000009,-4.5995000000000005E-10,-3.0350000000000004E-11,1.3926000000000002E-10,3.2546E-07,-3.2518E-07
0.69500000000000006,0.85000000000000009,-2.9992000000000004E-10,-4.133E-11,1.454E-10,3.2552E-07,-3.2518E-07
0.69000000000000006,0.85000000000000009,-3.1022000000000004E-10,-4.963E-11,1.4506000000000001E-10,3.2542E-07,-3.252E-07
0.685,0.85000000000000009,-4.1756000000000006E-10,-5.7510000000000004E-11,1.4362000000000002E-10,3.2548E-07,-3.2524E-07
0.68,0.85000000000000009,-2.6965000000000005E-10,-6.923E-11,1.5165000000000001E-10,3.2544E-07,-3.2524E-07
0.675,0.85000000000000009,-3.2397E-10,-7.816E-11,1.4283E-10,3.254E-07,-3.2524E-07
0.67,0.85000000000000009,-2.9046E-10,-8.7200000000000006E-11,1.5320000000000002E-10,3.254E-07,-3.2518E-07
0.665,0.85000000000000009,-3.6235000000000005E-10,-9.7250000000000013E-11,1.4550000000000002E-10,3.2548E-07,-3.2518E-07
0.66,0.85000000000000009,-2.5656000000000004E-10,-1.07E-10,1.4835E-10,3.2546E-07,-3.2516E-07
0.655,0.85000000000000009,-2.3855E-10,-1.1621E-10,1.5049000000000002E-10,3.2548E-07,-3.2522E-07
0.65,0.85000000000000009,-3.5779E-10,-1.2535E-10,1.5053000000000002E-10,3.2546E-07,-3.2528E-07
0.645,0.85000000000000009,-2.1782000000000003E-10,-1.3859E-10,1.5551000000000001E-10,3.2542E-07,-3.2514E-07
0.64,0.85000000000000009,-2.0985E-10,-1.4703E-10,1.4972E-10,3.255E-07,-3.2518E-07
0.635,0.85000000000000009,-2.6941E-10,-1.5953000000000002E-10,1.5628E-10,3.2544E-07,-3.2516E-07
0.63,0.85000000000000009,-2.6418E-10,-1.6948000000000002E-10,1.5039E-10,3.2536E-07,-3.2512E-07
0.625,0.85000000000000009,-1.4502E-10,-1.8270000000000003E-10,1.5265E-10,3.2546E-07,-3.252E-07
0.62,0.85000000000000009,-2.4371000000000003E-10,-1.9042000000000003E-10,1.5419E-10,3.253E-07,-3.2522E-07
0.615,0.85000000000000009,-2.3694E-10,-2.0362000000000002E-10,1.5431E-10,3.2546E-07,-3.2526E-07
0.61,0.85000000000000009,-1.5003000000000002E-10,-2.1430000000000003E-10,1.55E-10,3.254E-07,-3.2522E-07
0.605,0.85000000000000009,-1.3734000000000001E-10,-2.2658E-10,1.5726E-10,3.2546E-07,-3.2514E-07
0.6,0.85000000000000009,-2.2359000000000003E-10,-2.3706E-10,1.5569E-10,3.2542E-07,-3.2524E-07
0.595,0.85000000000000009,-1.5078000000000002E-10,-2.4934000000000004E-10,1.5751E-10,3.2546E-07,-3.252E-07
0.59000000000000008,0.85000000000000009,-4.9370000000000006E-11,-2.6255000000000004E-10,1.5643000000000002E-10,3.253E-07,-3.2514E-07
0.58500000000000008,0.85000000000000009,-2.3244000000000003E-10,-2.7342E-10,1.5608000000000002E-10,3.2552E-07,-3.252E-07
0.58000000000000007,0.85000000000000009,-7.507E-11,-2.8639000000000003E-10,1.6073000000000002E-10,3.2544E-07,-3.252E-07
0.57500000000000007,0.85000000000000009,-1.0982000000000002E-10,-2.9724E-10,1.5502000000000002E-10,3.2534E-07,-3.2518E-07
0.57000000000000006,0.85000000000000009,-5.2720000000000006E-11,-3.1079E-10,1.63E-10,3.2544E-07,-3.2512E-07
0.56500000000000006,0.85000000000000009,-1.4698000000000002E-10,-3.2249000000000004E-10,1.5917E-10,3.2542E-07,-3.2518E-07
0.56,0.85000000000000009,-5.5260000000000005E-11,-3.3656E-10,1.6086E-10,3.2546E-07,-3.2516E-07
0.555,0.85000000000000009,4.822E-11,-3.4962000000000003E-10,1.6302000000000002E-10,3.2532E-07,-3.2518E-07
0.55,0.85000000000000009,-2.1226000000000003E-10,-3.6011E-10,1.5687000000000002E-10,3.2532E-07,-3.2518E-07
0.545,0.85000000000000009,7.358E-11,-3.7566E-10,1.6651E-10,3.2546E-07,-3.2522E-07
0.54,0.85000000000000009,-3.2830000000000005E-11,-3.8723E-10,1.5651E-10,3.254E-07,-3.2524E-07
0.535,0.85000000000000009,-1.272E-11,-4.0109E-10,1.6788000000000002E-10,3.255E-07,-3.2516E-07
0.53,0.85000000000000009,1.2050000000000001E-11,-4.1572000000000004E-10,1.6188000000000001E-10,3.255E-07,-3.252E-07
0.525,0.85000000000000009,-2.1020000000000002E-11,-4.2764000000000003E-10,1.6105E-10,3.2544E-07,-3.2522E-07
0.52,0.85000000000000009,1.668E-10,-4.4277E-10,1.6931E-10,3.2546E-07,-3.2514E-07
0.515,0.85000000000000009,-1.3805E-10,-4.5481000000000006E-10,1.5686000000000002E-10,3.2548E-07,-3.2524E-07
0.51,0.85000000000000009,1.5884000000000002E-10,-4.7054E-10,1.7007000000000001E-10,3.2544E-07,-3.2512E-07
0.505,0.85000000000000009,7.949E-11,-4.8472000000000006E-10,1.5817E-10,3.2546E-07,-3.2522E-07
0.5,0.85000000000000009,1.6430000000000002E-11,-4.9655E-10,1.6674E-10,3.2542E-07,-3.252E-07
0.49500000000000005,0.85000000000000009,1.3382E-10,-5.1446E-10,1.6697000000000002E-10,3.2544E-07,-3.2516E-07
0.49000000000000005,0.85000000000000009,5.2470000000000007E-11,-5.2637E-10,1.5706000000000002E-10,3.2548E-07,-3.2512E-07
0.48500000000000004,0.85000000000000009,2.2799E-10,-5.4349000000000005E-10,1.7353000000000002E-10,3.255E-07,-3.2526E-07
0.48000000000000004,0.85000000000000009,-9.27E-12,-5.5693000000000006E-10,1.5679E-10,3.2542E-07,-3.252E-07
0.47500000000000003,0.85000000000000009,2.2658E-10,-5.7245E-10,1.705E-10,3.254E-07,-3.2514E-07
0.47000000000000003,0.85000000000000009,2.0926E-10,-5.88E-10,1.6475000000000003E-10,3.254E-07,-3.2516E-07
0.465,0.85000000000000009,5.0860000000000006E-11,-6.0167000000000005E-10,1.6547000000000002E-10,3.2552E-07,-3.2514E-07
0.46,0.85000000000000009,2.7076E-10,-6.213700000000001E-10,1.7266E-10,3.2548E-07,-3.2518E-07
0.455,0.85000000000000009,1.6218E-10,-6.3425000000000006E-10,1.5973E-10,3.2546E-07,-3.2518E-07
0.45,0.85000000000000009,3.0591000000000003E-10,-6.5414000000000008E-10,1.7581E-10,3.2548E-07,-3.2508E-07
0.445,0.85000000000000009,9.9020000000000011E-11,-6.6838E-10,1.6138000000000002E-10,3.254E-07,-3.2508E-07
0.44,0.85000000000000009,3.651E-10,-6.8749000000000007E-10,1.7037E-10,3.2546E-07,-3.2522E-07
0.435,0.85000000000000009,2.9076000000000004E-10,-7.0392000000000009E-10,1.6908000000000003E-10,3.255E-07,-3.252E-07
0.43,0.85000000000000009,1.7459000000000001E-10,-7.201E-10,1.6636E-10,3.2546E-07,-3.2522E-07
0.42500000000000004,0.85000000000000009,4.2027000000000004E-10,-7.4196000000000009E-10,1.7505E-10,3.2548E-07,-3.2508E-07
0.42000000000000004,0.85000000000000009,2.8141E-10,-7.5783000000000006E-10,1.6390000000000002E-10,3.254E-07,-3.2518E-07
0.41500000000000004,0.85000000000000009,3.7988000000000004E-10,-7.7774E-10,1.7566000000000002E-10,3.254E-07,-3.2514E-07
0.41000000000000003,0.85000000000000009,2.9619000000000004E-10,-7.96E-10,1.6561E-10,3.2538E-07,-3.2512E-07
0.405,0.85000000000000009,4.6908E-10,-8.1767E-10,1.7161000000000002E-10,3.2542E-07,-3.2516E-07
0.4,0.85000000000000009,3.8497E-10,-8.3644000000000006E-10,1.7334000000000002E-10,3.2548E-07,-3.2522E-07
0.395,0.85000000000000009,3.3729000000000003E-10,-8.5563000000000007E-10,1.7049000000000002E-10,3.2552E-07,-3.2514E-07
0.39,0.85000000000000009,5.5743E-10,-8.789E-10,1.7885E-10,3.2542E-07,-3.2514E-07
0.385,0.85000000000000009,4.1752E-10,-9.0038E-10,1.6832000000000002E-10,3.2552E-07,-3.2526E-07
0.38,0.85000000000000009,4.9723E-10,-9.2114000000000009E-10,1.7757000000000001E-10,3.2542E-07,-3.2524E-07
0.375,0.85000000000000009,4.8456E-10,-9.4593E-10,1.6994E-10,3.2542E-07,-3.2506E-07
0.37,0.85000000000000009,5.6247E-10,-9.6822E-10,1.7350000000000002E-10,3.2548E-07,-3.252E-07
0.365,0.85000000000000009,5.6202000000000009E-10,-9.9158E-10,1.7633000000000003E-10,3.2552E-07,-3.2514E-07
0.36000000000000004,0.85000000000000009,4.8939E-10,-1.01495E-09,1.7327E-10,3.2546E-07,-3.2522E-07
0.35500000000000004,0.85000000000000009,7.0634000000000007E-10,-1.04047E-09,1.8151E-10,3.2546E-07,-3.2524E-07
0.35000000000000003,0.85000000000000009,5.9494E-10,-1.0646600000000001E-09,1.7352E-10,3.2548E-07,-3.2524E-07
0.34500000000000003,0.85000000000000009,6.342E-10,-1.09191E-09,1.8101E-10,3.2542E-07,-3.2508E-07
0.34,0.85000000000000009,7.0612E-10,-1.1137E-09,1.7651000000000002E-10,3.2548E-07,-3.2518E-07
0.335,0.85000000000000009,7.535E-10,-1.1417E-09,1.7890000000000002E-10,3.2546E-07,-3.2518E-07
0.33,0.85000000000000009,7.9108E-10,-1.1697E-09,1.785E-10,3.2542E-07,-3.2518E-07
0.325,0.85000000000000009,6.6138E-10,-1.1967E-09,1.7714000000000002E-10,3.2548E-07,-3.2524E-07
0.32,0.85000000000000009,8.0822E-10,-1.2278E-09,1.7991E-10,3.255E-07,-3.2518E-07
0.315,0.85000000000000009,8.6881E-10,-1.2574E-09,1.7508E-10,3.2542E-07,-3.252E-07
0.31,0.85000000000000009,8.2314E-10,-1.2881E-09,1.7972000000000003E-10,3.2548E-07,-3.2514E-07
0.305,0.85000000000000009,8.107600000000001E-10,-1.3195E-09,1.7722E-10,3.2542E-07,-3.252E-07
0.3,0.85000000000000009,9.7355E-10,-1.3513E-09,1.7952000000000002E-10,3.2542E-07,-3.2512E-07
0.29500000000000004,0.85000000000000009,9.3142E-10,-1.3843E-09,1.8025000000000002E-10,3.2542E-07,-3.2512E-07
0.29000000000000004,0.85000000000000009,9.3691E-10,-1.4166E-09,1.8139E-10,3.254E-07,-3.2512E-07
0.28500000000000003,0.85000000000000009,9.836E-10,-1.4533E-09,1.8008000000000001E-10,3.2546E-07,-3.2514E-07
0.28,0.85000000000000009,1.1159800000000001E-09,-1.4874E-09,1.8171E-10,3.2546E-07,-3.2514E-07
0.275,0.85000000000000009,1.0227E-09,-1.5217E-09,1.8057E-10,3.2544E-07,-3.2516E-07
0.27,0.85000000000000009,1.1568E-09,-1.5562E-09,1.8029E-10,3.254E-07,-3.2512E-07
0.265,0.85000000000000009,1.12E-09,-1.5937E-09,1.8112000000000002E-10,3.2538E-07,-3.2514E-07
0.26,0.85000000000000009,1.1791E-09,-1.6326E-09,1.8567000000000002E-10,3.2544E-07,-3.2518E-07
0.255,0.85000000000000009,1.1455E-09,-1.6707E-09,1.8147000000000002E-10,3.255E-07,-3.2524E-07
0.25,0.85000000000000009,1.3989E-09,-1.7133E-09,1.8851E-10,3.2546E-07,-3.2516E-07
0.24500000000000002,0.85000000000000009,1.2068E-09,-1.7538E-09,1.8113000000000003E-10,3.2548E-07,-3.2524E-07
0.24000000000000002,0.85000000000000009,1.3432E-09,-1.7984E-09,1.8962000000000001E-10,3.2554E-07,-3.2514E-07
0.23500000000000001,0.85000000000000009,1.3939E-09,-1.8437E-09,1.8178000000000002E-10,3.254E-07,-3.251E-07
0.23,0.85000000000000009,1.4508E-09,-1.8869E-09,1.8692E-10,3.254E-07,-3.252E-07
0.225,0.85000000000000009,1.5027E-09,-1.9318E-09,1.8769000000000003E-10,3.2544E-07,-3.2518E-07
0.22,0.85000000000000009,1.3861E-09,-1.9776E-09,1.8236E-10,3.2544E-07,-3.2518E-07
0.215,0.85000000000000009,1.724E-09,-2.0272E-09,1.9141000000000001E-10,3.2544E-07,-3.2514E-07
0.21000000000000002,0.85000000000000009,1.5154E-09,-2.0758E-09,1.8040000000000002E-10,3.2536E-07,-3.2514E-07
0.20500000000000002,0.85000000000000009,1.6866E-09,-2.1269E-09,1.9437000000000002E-10,3.254E-07,-3.2518E-07
0.2,0.85000000000000009,1.6413E-09,-2.1758E-09,1.8104E-10,3.2546E-07,-3.2516E-07
0.195,0.85000000000000009,1.8523E-09,-2.2299E-09,1.9171E-10,3.2544E-07,-3.252E-07
0.19,0.85000000000000009,1.7895E-09,-2.283E-09,1.8721000000000002E-10,3.2542E-07,-3.2508E-07
0.185,0.85000000000000009,1.7605E-09,-2.3353E-09,1.8744000000000003E-10,3.254E-07,-3.2518E-07
0.18000000000000002,0.85000000000000009,2.0629E-09,-2.3986E-09,1.9277000000000002E-10,3.254E-07,-3.2514E-07
0.17500000000000002,0.85000000000000009,1.8728E-09,-2.4515E-09,1.8259E-10,3.254E-07,-3.2514E-07
0.17,0.85000000000000009,2.1177E-09,-2.5113E-09,1.9885000000000002E-10,3.2548E-07,-3.2514E-07
0.165,0.85000000000000009,1.9868E-09,-2.5755E-09,1.8261E-10,3.2544E-07,-3.2514E-07
0.16,0.85000000000000009,2.2677E-09,-2.6404E-09,1.9807000000000002E-10,3.256E-07,-3.2514E-07
0.155,0.85000000000000009,2.2363E-09,-2.7024E-09,1.8721000000000002E-10,3.2546E-07,-3.2516E-07
0.15,0.85000000000000009,2.2228E-09,-2.7662E-09,1.9421000000000002E-10,3.2536E-07,-3.2512E-07
0.14500000000000002,0.85000000000000009,2.4174E-09,-2.835E-09,1.9431000000000003E-10,3.254E-07,-3.2508E-07
0.14,0.85000000000000009,2.4202E-09,-2.901E-09,1.8937000000000001E-10,3.2542E-07,-3.2512E-07
0.135,0.85000000000000009,2.5724E-09,-2.973E-09,2.0098000000000001E-10,3.2536E-07,-3.252E-07
0.13,0.85000000000000009,2.4093E-09,-3.0406E-09,1.8689000000000001E-10,3.2548E-07,-3.252E-07
0.125,0.85000000000000009,2.7884E-09,-3.119E-09,2.0136000000000002E-10,3.2546E-07,-3.2518E-07
0.12000000000000001,0.85000000000000009,2.6812E-09,-3.193E-09,1.8882000000000003E-10,3.2542E-07,-3.2514E-07
0.115,0.85000000000000009,2.7599E-09,-3.267E-09,1.9861000000000003E-10,3.2542E-07,-3.2512E-07
0.11,0.85000000000000009,2.85E-09,-3.3426E-09,1.9387000000000002E-10,3.2536E-07,-3.2512E-07
0.10500000000000001,0.85000000000000009,2.9598E-09,-3.4282E-09,1.9338E-10,3.2536E-07,-3.2522E-07
0.1,0.85000000000000009,3.066E-09,-3.4997E-09,1.9880000000000003E-10,3.254E-07,-3.2514E-07
0.095,0.85000000000000009,2.9905E-09,-3.5821E-09,1.9164000000000002E-10,3.2542E-07,-3.2514E-07
0.090000000000000011,0.85000000000000009,3.2603E-09,-3.6701E-09,2.0250000000000002E-10,3.2546E-07,-3.2512E-07
0.085,0.85000000000000009,3.2779E-09,-3.7588E-09,1.9132000000000002E-10,3.2536E-07,-3.2512E-07
0.08,0.85000000000000009,3.3803E-09,-3.8484E-09,2.0239E-10,3.2534E-07,-3.2506E-07
0.075,0.85000000000000009,3.3859E-09,-3.9399E-09,1.9474000000000002E-10,3.2558E-07,-3.2518E-07
0.07,0.85000000000000009,3.5926E-09,-4.0337E-09,1.9995000000000002E-10,3.2544E-07,-3.2508E-07
0.065,0.85000000000000009,3.6979E-09,-4.1295E-09,2.0077000000000002E-10,3.2536E-07,-3.251E-07
0.060000000000000005,0.85000000000000009,3.6519E-09,-4.3025E-09,1.9994E-10,3.2536E-07,-3.251E-07
0.055,0.85000000000000009,3.9368E-09,-4.4038E-09,2.049E-10,3.2536E-07,-3.2514E-07
0.05,0.85000000000000009,4.0694E-09,-4.518E-09,1.9811000000000003E-10,3.2556E-07,-3.252E-07
0.045000000000000005,0.85000000000000009,4.0683E-09,-4.5499E-09,2.0557000000000002E-10,3.2552E-07,-3.252E-07
0.04,0.85000000000000009,4.0973E-09,-4.6645E-09,1.9831E-10,3.2548E-07,-3.2516E-07
0.035,0.85000000000000009,4.3156E-09,-4.7617E-09,2.0364E-10,3.2546E-07,-3.2514E-07
0.030000000000000002,0.85000000000000009,4.4339E-09,-4.8744E-09,2.0080000000000002E-10,3.2548E-07,-3.2514E-07
0.025,0.85000000000000009,4.4172E-09,-4.9909E-09,2.017E-10,3.2546E-07,-3.2518E-07
0.02,0.85000000000000009,4.6213E-09,-5.105E-09,2.0379000000000003E-10,3.254E-07,-3.2508E-07
0.015000000000000001,0.85000000000000009,4.7896E-09,-5.2315E-09,2.0012E-10,3.2544E-07,-3.2518E-07
0.01,0.85000000000000009,4.7858E-09,-5.3508E-09,2.0605000000000003E-10,3.2536E-07,-3.2508E-07
0.005,0.85000000000000009,4.968E-09,-5.4788E-09,2.0258E-10,3.2538E-07,-3.2514E-07
0,0.85000000000000009,5.1521E-09,-5.6127E-09,2.0385000000000003E-10,3.2546E-07,-3.2512E-07
1.2,0.86,-1.1451E-09,2.3371E-09,-5.594E-11,3.2406E-07,-3.2532E-07
1.195,0.86,-1.1333E-09,2.2029E-09,-5.503E-11,3.2418E-07,-3.2534E-07
1.19,0.86,-1.0668E-09,2.0763E-09,-4.9370000000000006E-11,3.2432E-07,-3.2532E-07
1.185,0.86,-1.0124E-09,1.9656E-09,-4.3290000000000006E-11,3.244E-07,-3.2522E-07
1.1800000000000002,0.86,-1.0548E-09,1.8617E-09,-4.111E-11,3.2456E-07,-3.2532E-07
1.175,0.86,-1.0632400000000002E-09,1.7598E-09,-3.259E-11,3.2456E-07,-3.252E-07
1.1700000000000002,0.86,-8.7657000000000011E-10,1.6761E-09,-2.047E-11,3.2454E-07,-3.2532E-07
1.165,0.86,-1.0532E-09,1.5975E-09,-2.706E-11,3.2466E-07,-3.2534E-07
1.1600000000000001,0.86,-8.1071000000000009E-10,1.5248E-09,-1.21E-11,3.2474E-07,-3.2534E-07
1.155,0.86,-9.522E-10,1.4567E-09,-1.6980000000000002E-11,3.2486E-07,-3.2528E-07
1.1500000000000001,0.86,-9.7619000000000012E-10,1.398E-09,-7.1400000000000007E-12,3.2482E-07,-3.2536E-07
1.145,0.86,-7.9176000000000007E-10,1.337E-09,-3.9900000000000006E-12,3.2488E-07,-3.2528E-07
1.1400000000000001,0.86,-9.276500000000001E-10,1.2857E-09,-7.8800000000000012E-12,3.2488E-07,-3.2532E-07
1.135,0.86,-8.012500000000001E-10,1.2343E-09,6.7400000000000008E-12,3.2494E-07,-3.253E-07
1.1300000000000001,0.86,-9.6757E-10,1.1882E-09,-4.26E-12,3.2498E-07,-3.253E-07
1.125,0.86,-7.0076000000000007E-10,1.1428E-09,1.078E-11,3.25E-07,-3.253E-07
1.12,0.86,-8.8077E-10,1.1017E-09,5.84E-12,3.2502E-07,-3.2528E-07
1.115,0.86,-9.004700000000001E-10,1.0618E-09,1.2040000000000001E-11,3.2504E-07,-3.2526E-07
1.11,0.86,-7.016E-10,1.0248E-09,1.746E-11,3.2498E-07,-3.253E-07
1.105,0.86,-8.5292000000000009E-10,9.8694000000000011E-10,1.528E-11,3.2506E-07,-3.2524E-07
1.1,0.86,-8.3314000000000008E-10,9.5408E-10,2.5080000000000002E-11,3.2506E-07,-3.2538E-07
1.095,0.86,-7.086E-10,9.2164E-10,2.602E-11,3.2508E-07,-3.2526E-07
1.09,0.86,-7.7154000000000011E-10,8.92E-10,2.2550000000000002E-11,3.2518E-07,-3.2526E-07
1.085,0.86,-7.0249E-10,8.6331000000000009E-10,3.7280000000000006E-11,3.2518E-07,-3.253E-07
1.08,0.86,-8.121100000000001E-10,8.377700000000001E-10,2.7500000000000002E-11,3.2516E-07,-3.2536E-07
1.075,0.86,-5.964200000000001E-10,8.1008000000000006E-10,4.067E-11,3.2518E-07,-3.2536E-07
1.07,0.86,-7.8952000000000008E-10,7.8701000000000006E-10,3.628E-11,3.252E-07,-3.2534E-07
1.065,0.86,-7.298600000000001E-10,7.6307E-10,4.1310000000000004E-11,3.2522E-07,-3.253E-07
1.06,0.86,-6.1705000000000006E-10,7.385500000000001E-10,4.4820000000000007E-11,3.2522E-07,-3.2528E-07
1.0550000000000002,0.86,-7.2398E-10,7.1609000000000006E-10,4.1200000000000004E-11,3.2522E-07,-3.253E-07
1.05,0.86,-6.5863E-10,6.9709E-10,5.3180000000000004E-11,3.2518E-07,-3.2526E-07
1.0450000000000002,0.86,-7.1361000000000008E-10,6.7606E-10,4.479E-11,3.2524E-07,-3.2526E-07
1.04,0.86,-5.4665000000000007E-10,6.5638000000000006E-10,5.659E-11,3.2522E-07,-3.2528E-07
1.0350000000000001,0.86,-7.2980000000000011E-10,6.3981000000000009E-10,5.171E-11,3.2528E-07,-3.2524E-07
1.03,0.86,-6.4391E-10,6.2168000000000007E-10,5.707E-11,3.2522E-07,-3.2528E-07
1.0250000000000001,0.86,-5.4343000000000006E-10,6.0237000000000006E-10,5.845E-11,3.2526E-07,-3.2518E-07
1.02,0.86,-6.8202000000000009E-10,5.8740000000000006E-10,5.8060000000000004E-11,3.253E-07,-3.253E-07
1.0150000000000001,0.86,-5.8410000000000008E-10,5.7067000000000006E-10,6.758E-11,3.2528E-07,-3.2532E-07
1.01,0.86,-6.431500000000001E-10,5.5469000000000008E-10,6.1300000000000011E-11,3.2524E-07,-3.2526E-07
1.0050000000000001,0.86,-5.0106E-10,5.3991E-10,7.0350000000000008E-11,3.2522E-07,-3.2528E-07
1,0.86,-6.4201E-10,5.2567E-10,6.6960000000000007E-11,3.2536E-07,-3.253E-07
0.995,0.86,-5.9455000000000008E-10,5.1165000000000009E-10,7.132E-11,3.2524E-07,-3.2526E-07
0.9900000000000001,0.86,-4.9325E-10,4.9553E-10,7.3440000000000007E-11,3.2524E-07,-3.2532E-07
0.9850000000000001,0.86,-5.9216000000000005E-10,4.8485E-10,7.3110000000000007E-11,3.2524E-07,-3.2524E-07
0.98000000000000009,0.86,-5.6206E-10,4.7012E-10,8.187000000000001E-11,3.2528E-07,-3.2524E-07
0.97500000000000009,0.86,-5.0505E-10,4.5697E-10,7.6970000000000007E-11,3.2522E-07,-3.2524E-07
0.97000000000000008,0.86,-4.8566000000000006E-10,4.4388E-10,8.442E-11,3.253E-07,-3.2526E-07
0.96500000000000008,0.86,-5.7666000000000005E-10,4.3267E-10,8.3520000000000012E-11,3.2526E-07,-3.252E-07
0.96000000000000008,0.86,-5.0742E-10,4.2019E-10,8.4900000000000012E-11,3.2518E-07,-3.2524E-07
0.95500000000000007,0.86,-4.4828000000000003E-10,4.0782000000000005E-10,8.6150000000000008E-11,3.2518E-07,-3.2524E-07
0.95000000000000007,0.86,-5.4594000000000008E-10,3.9860000000000005E-10,8.677E-11,3.2522E-07,-3.2526E-07
0.94500000000000006,0.86,-5.3493E-10,3.8649000000000003E-10,9.11E-11,3.2526E-07,-3.2518E-07
0.94000000000000006,0.86,-4.0138E-10,3.7442000000000004E-10,9.064000000000001E-11,3.2522E-07,-3.2528E-07
0.935,0.86,-4.8984E-10,3.6512000000000003E-10,9.3860000000000012E-11,3.2528E-07,-3.252E-07
0.93,0.86,-5.2202E-10,3.5490000000000004E-10,9.614E-11,3.2528E-07,-3.2524E-07
0.925,0.86,-4.0307000000000004E-10,3.4361E-10,9.7180000000000007E-11,3.2526E-07,-3.2518E-07
0.92,0.86,-4.7061E-10,3.3273000000000005E-10,9.4440000000000012E-11,3.253E-07,-3.2518E-07
0.915,0.86,-4.5373000000000005E-10,3.2488E-10,1.0074E-10,3.2524E-07,-3.2528E-07
0.91,0.86,-4.9291E-10,3.1417E-10,9.799E-11,3.2528E-07,-3.253E-07
0.905,0.86,-3.6961000000000003E-10,3.0552000000000005E-10,1.0419E-10,3.2528E-07,-3.2524E-07
0.9,0.86,-4.4282000000000003E-10,2.9474E-10,1.0371000000000001E-10,3.2522E-07,-3.2526E-07
0.895,0.86,-5.1291E-10,2.8834E-10,1.0585000000000001E-10,3.2534E-07,-3.2514E-07
0.89,0.86,-3.1375000000000003E-10,2.756E-10,1.0976E-10,3.2536E-07,-3.252E-07
0.885,0.86,-5.1063E-10,2.6963000000000003E-10,1.0331E-10,3.253E-07,-3.2526E-07
0.88,0.86,-3.4531E-10,2.587E-10,1.1403E-10,3.253E-07,-3.253E-07
0.875,0.86,-4.8397E-10,2.5185E-10,1.046E-10,3.252E-07,-3.252E-07
0.87,0.86,-3.2814E-10,2.4143E-10,1.1578000000000001E-10,3.2524E-07,-3.2524E-07
0.865,0.86,-3.8576E-10,2.3428000000000004E-10,1.1306000000000001E-10,3.2524E-07,-3.2522E-07
0.86,0.86,-5.2782E-10,2.2686E-10,1.1274E-10,3.2522E-07,-3.2518E-07
0.85500000000000009,0.86,-2.2498E-10,2.1573000000000001E-10,1.1942E-10,3.253E-07,-3.252E-07
0.85000000000000009,0.86,-4.8767E-10,2.1051E-10,1.0832000000000001E-10,3.2522E-07,-3.252E-07
0.84500000000000008,0.86,-3.425E-10,2.0116E-10,1.2427E-10,3.2524E-07,-3.2522E-07
0.84000000000000008,0.86,-3.9173000000000005E-10,1.9314000000000002E-10,1.1323E-10,3.2524E-07,-3.2516E-07
0.83500000000000008,0.86,-3.3456000000000003E-10,1.8548000000000002E-10,1.2027000000000002E-10,3.2524E-07,-3.2514E-07
0.83000000000000007,0.86,-3.4084000000000003E-10,1.7627E-10,1.2301E-10,3.2534E-07,-3.2526E-07
0.82500000000000007,0.86,-4.8406000000000008E-10,1.7143000000000002E-10,1.1459000000000002E-10,3.2526E-07,-3.2518E-07
0.82000000000000006,0.86,-1.7061000000000002E-10,1.5939E-10,1.2866E-10,3.2526E-07,-3.2518E-07
0.81500000000000006,0.86,-4.5912E-10,1.5532E-10,1.1426000000000001E-10,3.2512E-07,-3.2524E-07
0.81,0.86,-3.4061000000000003E-10,1.4611E-10,1.2805E-10,3.2518E-07,-3.2514E-07
0.805,0.86,-3.0145000000000003E-10,1.3765E-10,1.2179E-10,3.2524E-07,-3.2518E-07
0.8,0.86,-3.3770000000000003E-10,1.3143E-10,1.2405E-10,3.2524E-07,-3.252E-07
0.795,0.86,-3.3452000000000005E-10,1.2263000000000002E-10,1.314E-10,3.2522E-07,-3.252E-07
0.79,0.86,-4.1353E-10,1.1637000000000001E-10,1.2011E-10,3.2524E-07,-3.2512E-07
0.785,0.86,-1.6346000000000002E-10,1.0673E-10,1.3485E-10,3.2524E-07,-3.2518E-07
0.78,0.86,-4.2454E-10,9.9800000000000007E-11,1.2345E-10,3.2518E-07,-3.252E-07
0.775,0.86,-2.9674E-10,9.322E-11,1.3328E-10,3.2522E-07,-3.2512E-07
0.77,0.86,-2.2452000000000002E-10,8.241E-11,1.2962000000000001E-10,3.2522E-07,-3.2514E-07
0.765,0.86,-3.4497000000000005E-10,7.8040000000000009E-11,1.2939E-10,3.2524E-07,-3.2518E-07
0.76,0.86,-2.5387E-10,6.803000000000001E-11,1.3949E-10,3.2522E-07,-3.2514E-07
0.755,0.86,-3.5515E-10,6.077E-11,1.2814E-10,3.2532E-07,-3.252E-07
0.75,0.86,-1.3553000000000002E-10,5.105E-11,1.4144E-10,3.2524E-07,-3.2512E-07
0.745,0.86,-3.5667E-10,4.4550000000000004E-11,1.3009000000000001E-10,3.2522E-07,-3.252E-07
0.74,0.86,-2.6486E-10,3.566E-11,1.3729E-10,3.2528E-07,-3.2512E-07
0.735,0.86,-1.6805E-10,2.646E-11,1.3495E-10,3.2524E-07,-3.2518E-07
0.73,0.86,-2.8850000000000004E-10,2.023E-11,1.3321E-10,3.2524E-07,-3.2516E-07
0.72500000000000009,0.86,-2.2747000000000002E-10,1.0030000000000002E-11,1.4319E-10,3.2528E-07,-3.2518E-07
0.72000000000000008,0.86,-2.5780000000000003E-10,2.5600000000000004E-12,1.3277E-10,3.2526E-07,-3.2516E-07
0.71500000000000008,0.86,-1.2184000000000002E-10,-6.8000000000000009E-12,1.4115E-10,3.2518E-07,-3.2514E-07
0.71000000000000008,0.86,-2.6254E-10,-1.4830000000000002E-11,1.3751E-10,3.2528E-07,-3.2526E-07
0.70500000000000007,0.86,-2.2430000000000002E-10,-2.4E-11,1.3847000000000001E-10,3.2514E-07,-3.2518E-07
0.70000000000000007,0.86,-1.1717000000000002E-10,-3.4540000000000004E-11,1.4105000000000002E-10,3.2524E-07,-3.2518E-07
0.69500000000000006,0.86,-2.2171000000000003E-10,-4.079E-11,1.385E-10,3.2514E-07,-3.2514E-07
0.69000000000000006,0.86,-2.0358E-10,-5.292E-11,1.4623000000000002E-10,3.2524E-07,-3.2512E-07
0.685,0.86,-1.4412000000000002E-10,-6.2020000000000009E-11,1.3920000000000002E-10,3.2522E-07,-3.2516E-07
0.68,0.86,-1.1749E-10,-7.1720000000000012E-11,1.465E-10,3.2522E-07,-3.2516E-07
0.675,0.86,-1.871E-10,-8.007E-11,1.4565E-10,3.2526E-07,-3.252E-07
0.67,0.86,-1.4018E-10,-9.1390000000000007E-11,1.4433E-10,3.2524E-07,-3.2508E-07
0.665,0.86,-5.3480000000000006E-11,-1.0111000000000001E-10,1.4596E-10,3.2522E-07,-3.2518E-07
0.66,0.86,-1.5228000000000002E-10,-1.1133E-10,1.4417E-10,3.2524E-07,-3.2518E-07
0.655,0.86,-1.5671000000000002E-10,-1.2054E-10,1.4833000000000002E-10,3.2528E-07,-3.2514E-07
0.65,0.86,-2.7200000000000004E-11,-1.3348000000000001E-10,1.4689000000000002E-10,3.2528E-07,-3.2518E-07
0.645,0.86,-9.3650000000000007E-11,-1.4188E-10,1.5008000000000001E-10,3.2528E-07,-3.2518E-07
0.64,0.86,-1.221E-10,-1.5405E-10,1.5009000000000002E-10,3.2524E-07,-3.252E-07
0.635,0.86,-7.0300000000000005E-12,-1.6595E-10,1.5012000000000002E-10,3.2528E-07,-3.2518E-07
0.63,0.86,-5.076E-11,-1.7762E-10,1.4767000000000002E-10,3.2518E-07,-3.2524E-07
0.625,0.86,-4.4040000000000004E-11,-1.8687000000000002E-10,1.5073E-10,3.253E-07,-3.252E-07
0.62,0.86,-8.1380000000000007E-11,-1.9915E-10,1.4813E-10,3.2524E-07,-3.2514E-07
0.615,0.86,4.9140000000000004E-11,-2.1037000000000002E-10,1.5252E-10,3.2526E-07,-3.252E-07
0.61,0.86,-1.6850000000000002E-11,-2.2231E-10,1.5168E-10,3.2522E-07,-3.2514E-07
0.605,0.86,-9.355E-11,-2.3297E-10,1.5106000000000002E-10,3.2522E-07,-3.2516E-07
0.6,0.86,1.1474000000000001E-10,-2.4861000000000003E-10,1.5360000000000002E-10,3.2526E-07,-3.2512E-07
0.595,0.86,-4.577E-11,-2.5795E-10,1.4805000000000002E-10,3.2524E-07,-3.2514E-07
0.59000000000000008,0.86,5.4430000000000006E-11,-2.7116E-10,1.5737000000000002E-10,3.253E-07,-3.2518E-07
0.58500000000000008,0.86,-2.01E-11,-2.8273E-10,1.4733000000000002E-10,3.2528E-07,-3.2518E-07
0.58000000000000007,0.86,1.2872000000000002E-10,-2.9504000000000005E-10,1.5663E-10,3.2522E-07,-3.2508E-07
0.57500000000000007,0.86,6.507E-11,-3.0874E-10,1.5437E-10,3.2524E-07,-3.252E-07
0.57000000000000006,0.86,-6.1720000000000008E-11,-3.1922E-10,1.5173E-10,3.252E-07,-3.2514E-07
0.56500000000000006,0.86,2.6431000000000004E-10,-3.3511000000000005E-10,1.593E-10,3.2524E-07,-3.2544E-07
0.56,0.86,-2.28E-11,-3.4617E-10,1.4828E-10,3.2526E-07,-3.2512E-07
0.555,0.86,1.2712000000000002E-10,-3.5889000000000004E-10,1.6158000000000003E-10,3.2522E-07,-3.2514E-07
0.55,0.86,9.143E-11,-3.7279E-10,1.5044E-10,3.2516E-07,-3.2512E-07
0.545,0.86,1.8058E-10,-3.8460000000000005E-10,1.5716E-10,3.2522E-07,-3.251E-07
0.54,0.86,1.5822000000000002E-10,-4.0034000000000004E-10,1.6147E-10,3.2522E-07,-3.2506E-07
0.535,0.86,4.2700000000000005E-11,-4.1054E-10,1.5158E-10,3.2522E-07,-3.2514E-07
0.53,0.86,3.388E-10,-4.2802000000000004E-10,1.6483000000000001E-10,3.2516E-07,-3.2512E-07
0.525,0.86,9.581E-11,-4.3867000000000005E-10,1.5098E-10,3.2526E-07,-3.2518E-07
0.52,0.86,1.9246000000000003E-10,-4.5413E-10,1.6377000000000002E-10,3.2528E-07,-3.251E-07
0.515,0.86,2.3864E-10,-4.6931E-10,1.5561000000000002E-10,3.2526E-07,-3.2512E-07
0.51,0.86,2.0421E-10,-4.8219000000000007E-10,1.5704E-10,3.2518E-07,-3.2512E-07
0.505,0.86,2.7444000000000004E-10,-4.9837E-10,1.6484000000000002E-10,3.2528E-07,-3.2506E-07
0.5,0.86,1.1561000000000002E-10,-5.1154000000000008E-10,1.5209000000000002E-10,3.2536E-07,-3.251E-07
0.49500000000000005,0.86,4.3807E-10,-5.2792000000000008E-10,1.6785000000000002E-10,3.2522E-07,-3.2508E-07
0.49000000000000005,0.86,1.7721E-10,-5.4234E-10,1.5339E-10,3.2524E-07,-3.2516E-07
0.48500000000000004,0.86,2.5737E-10,-5.5623000000000005E-10,1.6315E-10,3.2522E-07,-3.2518E-07
0.48000000000000004,0.86,4.1103000000000003E-10,-5.7492E-10,1.6057000000000002E-10,3.2518E-07,-3.2508E-07
0.47500000000000003,0.86,2.6802E-10,-5.8733000000000008E-10,1.5831000000000002E-10,3.2522E-07,-3.2512E-07
0.47000000000000003,0.86,3.3551E-10,-6.0636000000000007E-10,1.6937E-10,3.2524E-07,-3.2514E-07
0.465,0.86,3.0370000000000005E-10,-6.2001E-10,1.5582E-10,3.2524E-07,-3.2516E-07
0.46,0.86,5.0425E-10,-6.3851E-10,1.6977000000000003E-10,3.2526E-07,-3.2514E-07
0.455,0.86,2.7167E-10,-6.5345000000000005E-10,1.6175E-10,3.2518E-07,-3.2502E-07
0.45,0.86,4.0466000000000003E-10,-6.7074E-10,1.6512000000000002E-10,3.2516E-07,-3.2512E-07
0.445,0.86,5.0006E-10,-6.8984000000000007E-10,1.6701E-10,3.2532E-07,-3.2524E-07
0.44,0.86,3.6737000000000005E-10,-7.0408E-10,1.6102E-10,3.2518E-07,-3.2504E-07
0.435,0.86,4.8593E-10,-7.252E-10,1.7128E-10,3.2524E-07,-3.2524E-07
0.43,0.86,4.6617000000000006E-10,-7.4390000000000009E-10,1.6197E-10,3.2516E-07,-3.2508E-07
0.42500000000000004,0.86,5.6388E-10,-7.6261E-10,1.7123E-10,3.253E-07,-3.2512E-07
0.42000000000000004,0.86,4.4988000000000005E-10,-7.8142000000000008E-10,1.6599000000000001E-10,3.2522E-07,-3.2508E-07
0.41500000000000004,0.86,5.3001E-10,-8.0335E-10,1.6589E-10,3.2522E-07,-3.2498E-07
0.41000000000000003,0.86,6.3373E-10,-8.236800000000001E-10,1.6871E-10,3.252E-07,-3.2512E-07
0.405,0.86,5.0735E-10,-8.4245E-10,1.6403E-10,3.2516E-07,-3.2514E-07
0.4,0.86,6.0257E-10,-8.6459000000000011E-10,1.7237000000000002E-10,3.2522E-07,-3.251E-07
0.395,0.86,6.5624E-10,-8.8699000000000006E-10,1.6468000000000002E-10,3.2522E-07,-3.2512E-07
0.39,0.86,6.5409000000000006E-10,-9.0884E-10,1.7163E-10,3.2516E-07,-3.2514E-07
0.385,0.86,6.1723E-10,-9.3078000000000007E-10,1.6833E-10,3.2518E-07,-3.2508E-07
0.38,0.86,6.7958E-10,-9.5561000000000018E-10,1.6867000000000002E-10,3.2512E-07,-3.2516E-07
0.375,0.86,7.8870000000000008E-10,-9.7930000000000012E-10,1.7073000000000001E-10,3.252E-07,-3.2512E-07
0.37,0.86,6.4201E-10,-1.00055E-09,1.6761E-10,3.2518E-07,-3.2518E-07
0.365,0.86,7.487E-10,-1.0246700000000001E-09,1.7264E-10,3.2518E-07,-3.2512E-07
0.36000000000000004,0.86,8.2524E-10,-1.0511600000000001E-09,1.6884E-10,3.2522E-07,-3.2502E-07
0.35500000000000004,0.86,7.8331000000000006E-10,-1.07531E-09,1.7378000000000002E-10,3.2526E-07,-3.2514E-07
0.35000000000000003,0.86,7.6881000000000006E-10,-1.1015000000000002E-09,1.7182E-10,3.2518E-07,-3.2518E-07
0.34500000000000003,0.86,9.281200000000001E-10,-1.1276E-09,1.7250000000000003E-10,3.2514E-07,-3.2518E-07
0.34,0.86,8.8737000000000011E-10,-1.1548E-09,1.7172E-10,3.2522E-07,-3.2514E-07
0.335,0.86,9.5230000000000011E-10,-1.1837E-09,1.7406000000000002E-10,3.2518E-07,-3.2512E-07
0.33,0.86,8.2375000000000008E-10,-1.2115E-09,1.7239E-10,3.253E-07,-3.2516E-07
0.325,0.86,9.8815000000000015E-10,-1.2428E-09,1.7524E-10,3.2528E-07,-3.2514E-07
0.32,0.86,1.02827E-09,-1.2725E-09,1.7143000000000002E-10,3.2522E-07,-3.2502E-07
0.315,0.86,9.6538E-10,-1.3043E-09,1.7551000000000002E-10,3.2524E-07,-3.2508E-07
0.31,0.86,1.0456E-09,-1.3311E-09,1.7953000000000003E-10,3.2516E-07,-3.251E-07
0.305,0.86,1.1306E-09,-1.3649E-09,1.753E-10,3.2524E-07,-3.2512E-07
0.3,0.86,1.0902E-09,-1.3975E-09,1.7545000000000003E-10,3.2526E-07,-3.2518E-07
0.29500000000000004,0.86,1.1506E-09,-1.4342999999999999E-09,1.7836000000000002E-10,3.255E-07,-3.2542E-07
0.29000000000000004,0.86,1.0745E-09,-1.4672E-09,1.7138E-10,3.2514E-07,-3.2512E-07
0.28500000000000003,0.86,1.3521E-09,-1.5068E-09,1.8041000000000003E-10,3.2526E-07,-3.2506E-07
0.28,0.86,1.142E-09,-1.5417E-09,1.6918E-10,3.2512E-07,-3.2512E-07
0.275,0.86,1.2888E-09,-1.5802E-09,1.8272000000000002E-10,3.2524E-07,-3.2512E-07
0.27,0.86,1.2982E-09,-1.6193E-09,1.7190000000000002E-10,3.2518E-07,-3.2512E-07
0.265,0.86,1.4043E-09,-1.6577E-09,1.7859000000000003E-10,3.252E-07,-3.2514E-07
0.26,0.86,1.3946E-09,-1.7004E-09,1.7968000000000002E-10,3.2518E-07,-3.2508E-07
0.255,0.86,1.3279E-09,-1.7399E-09,1.7570000000000002E-10,3.2524E-07,-3.2508E-07
0.25,0.86,1.6113E-09,-1.7854E-09,1.8439000000000002E-10,3.2522E-07,-3.251E-07
0.24500000000000002,0.86,1.4602E-09,-1.8268E-09,1.7392E-10,3.252E-07,-3.2514E-07
0.24000000000000002,0.86,1.6377E-09,-1.8729E-09,1.8991000000000002E-10,3.252E-07,-3.2512E-07
0.23500000000000001,0.86,1.5368E-09,-1.9184E-09,1.7363000000000003E-10,3.2522E-07,-3.2512E-07
0.23,0.86,1.7709E-09,-1.9644E-09,1.8544E-10,3.2526E-07,-3.251E-07
0.225,0.86,1.7199E-09,-2.0134E-09,1.7857E-10,3.2518E-07,-3.2518E-07
0.22,0.86,1.6374E-09,-2.0598E-09,1.8121000000000001E-10,3.2522E-07,-3.2514E-07
0.215,0.86,1.9123E-09,-2.1132E-09,1.8553E-10,3.2522E-07,-3.2508E-07
0.21000000000000002,0.86,1.8201E-09,-2.1633E-09,1.7627E-10,3.2528E-07,-3.251E-07
0.20500000000000002,0.86,1.9523E-09,-2.2172E-09,1.915E-10,3.2516E-07,-3.2508E-07
0.2,0.86,1.8446E-09,-2.2682E-09,1.7508E-10,3.2524E-07,-3.2514E-07
0.195,0.86,2.1505E-09,-2.3304E-09,1.9047000000000002E-10,3.2518E-07,-3.2506E-07
0.19,0.86,2.029E-09,-2.3862E-09,1.7914000000000001E-10,3.2518E-07,-3.2512E-07
0.185,0.86,2.0973E-09,-2.4426E-09,1.8789E-10,3.2524E-07,-3.2508E-07
0.18000000000000002,0.86,2.2124E-09,-2.5031999999999998E-09,1.8419E-10,3.2524E-07,-3.2506E-07
0.17500000000000002,0.86,2.2377E-09,-2.5645E-09,1.8193E-10,3.252E-07,-3.2508E-07
0.17,0.86,2.3987E-09,-2.6262E-09,1.8937000000000001E-10,3.2524E-07,-3.2506E-07
0.165,0.86,2.2374E-09,-2.6884E-09,1.8097000000000002E-10,3.2518E-07,-3.2506E-07
0.16,0.86,2.5391E-09,-2.7574E-09,1.9362000000000003E-10,3.251E-07,-3.2494E-07
0.155,0.86,2.5008E-09,-2.8213E-09,1.8183E-10,3.2512E-07,-3.25E-07
0.15,0.86,2.5608E-09,-2.8876E-09,1.9437000000000002E-10,3.2546E-07,-3.2542E-07
0.14500000000000002,0.86,2.5873E-09,-2.9587E-09,1.8624000000000002E-10,3.2528E-07,-3.2508E-07
0.14,0.86,2.7802E-09,-3.0289E-09,1.8856000000000002E-10,3.2516E-07,-3.2508E-07
0.135,0.86,2.8323E-09,-3.1024E-09,1.9078E-10,3.2524E-07,-3.2508E-07
0.13,0.86,2.7696E-09,-3.1774E-09,1.8758000000000001E-10,3.2516E-07,-3.2502E-07
0.125,0.86,2.9975E-09,-3.2501E-09,1.9429E-10,3.2512E-07,-3.2506E-07
0.12000000000000001,0.86,3.007E-09,-3.3344E-09,1.8606E-10,3.2512E-07,-3.2502E-07
0.115,0.86,3.1114E-09,-3.4146E-09,1.9463E-10,3.251E-07,-3.2506E-07
0.11,0.86,3.0902E-09,-3.4912E-09,1.8811E-10,3.2512E-07,-3.25E-07
0.10500000000000001,0.86,3.2974E-09,-3.5808E-09,1.92E-10,3.2524E-07,-3.251E-07
0.1,0.86,3.3823E-09,-3.6662E-09,1.9045000000000003E-10,3.2518E-07,-3.2508E-07
0.095,0.86,3.3653E-09,-3.7572E-09,1.9236000000000002E-10,3.2516E-07,-3.2494E-07
0.090000000000000011,0.86,3.4885E-09,-3.8436E-09,1.936E-10,3.2522E-07,-3.2506E-07
0.085,0.86,3.6704E-09,-3.94E-09,1.9205000000000002E-10,3.2518E-07,-3.2498E-07
0.08,0.86,3.6872E-09,-4.0204E-09,1.9508E-10,3.251E-07,-3.2508E-07
0.075,0.86,3.744E-09,-4.1204E-09,1.9366E-10,3.2516E-07,-3.2502E-07
0.07,0.86,3.9063E-09,-4.2228E-09,1.9509000000000002E-10,3.252E-07,-3.251E-07
0.065,0.86,4.051E-09,-4.3247E-09,1.9458000000000002E-10,3.2552E-07,-3.2534E-07
0.060000000000000005,0.86,4.053E-09,-4.4247E-09,1.9696E-10,3.2522E-07,-3.25E-07
0.055,0.86,4.1412E-09,-4.5289E-09,1.9765E-10,3.252E-07,-3.2494E-07
0.05,0.86,4.3762E-09,-4.6399E-09,1.9752E-10,3.2518E-07,-3.25E-07
0.045000000000000005,0.86,4.3983E-09,-4.7483E-09,1.9545E-10,3.2518E-07,-3.2496E-07
0.04,0.86,4.5471E-09,-4.8635E-09,2.0023000000000002E-10,3.252E-07,-3.2508E-07
0.035,0.86,4.5766E-09,-4.9793E-09,1.9374000000000002E-10,3.2522E-07,-3.2508E-07
0.030000000000000002,0.86,4.8321E-09,-5.0976E-09,2.0102000000000002E-10,3.2518E-07,-3.2506E-07
0.025,0.86,4.8689E-09,-5.2291E-09,1.9858000000000003E-10,3.2524E-07,-3.2506E-07
0.02,0.86,4.9074E-09,-5.3539E-09,2.0099000000000002E-10,3.2522E-07,-3.2502E-07
0.015000000000000001,0.86,5.2761E-09,-5.4865E-09,2.0282E-10,3.2536E-07,-3.2526E-07
0.01,0.86,5.175E-09,-5.6141E-09,1.958E-10,3.2522E-07,-3.2502E-07
0.005,0.86,5.4609E-09,-5.7497E-09,2.0541000000000002E-10,3.2514E-07,-3.2506E-07
0,0.86,5.4401E-09,-5.8877E-09,1.92E-10,3.2516E-07,-3.2498E-07
1.2,0.87,-1.03362E-09,2.3299E-09,-5.5410000000000006E-11,3.2388E-07,-3.252E-07
1.195,0.87,-1.0438600000000002E-09,2.1967E-09,-5.955E-11,3.2396E-07,-3.2526E-07
1.19,0.87,-7.2654000000000006E-10,2.0731E-09,-4.0510000000000004E-11,3.241E-07,-3.252E-07
1.185,0.87,-8.8341000000000005E-10,1.9649E-09,-5.0170000000000006E-11,3.2414E-07,-3.2514E-07
1.1800000000000002,0.87,-8.1799000000000009E-10,1.8638E-09,-3.14E-11,3.2426E-07,-3.2522E-07
1.175,0.87,-8.526800000000001E-10,1.7718E-09,-3.798E-11,3.2432E-07,-3.2526E-07
1.1700000000000002,0.87,-7.5266000000000007E-10,1.686E-09,-3.0870000000000006E-11,3.244E-07,-3.253E-07
1.165,0.87,-6.9873E-10,1.6055E-09,-2.287E-11,3.2448E-07,-3.2526E-07
1.1600000000000001,0.87,-9.4214E-10,1.5345E-09,-2.7340000000000003E-11,3.2456E-07,-3.2524E-07
1.155,0.87,-6.0708E-10,1.4647E-09,-1.2020000000000001E-11,3.2458E-07,-3.252E-07
1.1500000000000001,0.87,-7.9722000000000007E-10,1.4035E-09,-2.13E-11,3.2458E-07,-3.2524E-07
1.145,0.87,-7.3705000000000006E-10,1.3445E-09,-3.9900000000000006E-12,3.2462E-07,-3.2522E-07
1.1400000000000001,0.87,-7.1792E-10,1.2897E-09,-9.43E-12,3.2462E-07,-3.2524E-07
1.135,0.87,-6.823100000000001E-10,1.2382E-09,-4.46E-12,3.247E-07,-3.2532E-07
1.1300000000000001,0.87,-6.3913E-10,1.1905E-09,3.9E-12,3.2472E-07,-3.2526E-07
1.125,0.87,-7.9476000000000006E-10,1.147E-09,-4.5400000000000004E-12,3.2478E-07,-3.2524E-07
1.12,0.87,-5.5917E-10,1.1012E-09,1.2560000000000001E-11,3.2482E-07,-3.252E-07
1.115,0.87,-6.8067000000000009E-10,1.0643E-09,-1.1000000000000001E-13,3.2478E-07,-3.2522E-07
1.11,0.87,-6.4424E-10,1.026E-09,1.6380000000000003E-11,3.247E-07,-3.2526E-07
1.105,0.87,-6.5089E-10,9.8746E-10,1.7270000000000002E-11,3.248E-07,-3.252E-07
1.1,0.87,-6.1962000000000008E-10,9.5310000000000015E-10,1.4190000000000002E-11,3.2486E-07,-3.2524E-07
1.095,0.87,-5.0078E-10,9.2046E-10,2.6700000000000002E-11,3.2486E-07,-3.252E-07
1.09,0.87,-7.0554E-10,8.9157000000000006E-10,1.983E-11,3.248E-07,-3.2514E-07
1.085,0.87,-5.3180000000000007E-10,8.62E-10,3.204E-11,3.2488E-07,-3.252E-07
1.08,0.87,-5.1988000000000007E-10,8.3519000000000009E-10,2.582E-11,3.2498E-07,-3.2512E-07
1.075,0.87,-5.7368E-10,8.1017000000000011E-10,3.3890000000000005E-11,3.2492E-07,-3.252E-07
1.07,0.87,-5.9183E-10,7.8466000000000006E-10,3.5670000000000005E-11,3.2488E-07,-3.2522E-07
1.065,0.87,-5.0203000000000007E-10,7.6208E-10,3.165E-11,3.2492E-07,-3.252E-07
1.06,0.87,-4.8609E-10,7.3986000000000007E-10,4.2740000000000006E-11,3.2492E-07,-3.2528E-07
1.0550000000000002,0.87,-5.826E-10,7.1785000000000006E-10,3.9490000000000004E-11,3.2496E-07,-3.2512E-07
1.05,0.87,-4.6249E-10,6.9544E-10,4.7180000000000005E-11,3.2496E-07,-3.252E-07
1.0450000000000002,0.87,-4.4805E-10,6.7646000000000006E-10,4.509E-11,3.2494E-07,-3.252E-07
1.04,0.87,-5.3991E-10,6.5723E-10,5.011E-11,3.2488E-07,-3.2528E-07
1.0350000000000001,0.87,-4.6483000000000004E-10,6.3913E-10,5.291E-11,3.2498E-07,-3.2514E-07
1.03,0.87,-4.3354000000000004E-10,6.2010000000000006E-10,5.1940000000000004E-11,3.25E-07,-3.2522E-07
1.0250000000000001,0.87,-4.4468E-10,6.0441000000000009E-10,5.8990000000000008E-11,3.2498E-07,-3.2514E-07
1.02,0.87,-4.9272E-10,5.8877E-10,5.757E-11,3.2504E-07,-3.2516E-07
1.0150000000000001,0.87,-3.9161E-10,5.7020000000000006E-10,6.294E-11,3.2498E-07,-3.252E-07
1.01,0.87,-3.9057000000000003E-10,5.5610000000000008E-10,6.386E-11,3.2498E-07,-3.2524E-07
1.0050000000000001,0.87,-4.5647000000000003E-10,5.4042000000000008E-10,6.717E-11,3.2508E-07,-3.2524E-07
1,0.87,-4.3475E-10,5.2494E-10,6.761E-11,3.2498E-07,-3.2514E-07
0.995,0.87,-3.036E-10,5.0954000000000008E-10,6.9220000000000008E-11,3.2496E-07,-3.252E-07
0.9900000000000001,0.87,-4.6463000000000003E-10,4.9799000000000006E-10,7.13E-11,3.25E-07,-3.252E-07
0.9850000000000001,0.87,-3.8495000000000005E-10,4.824E-10,7.3790000000000011E-11,3.25E-07,-3.251E-07
0.98000000000000009,0.87,-3.2578000000000004E-10,4.7025E-10,7.221E-11,3.25E-07,-3.2518E-07
0.97500000000000009,0.87,-3.6291000000000004E-10,4.5793000000000004E-10,7.733E-11,3.2502E-07,-3.2518E-07
0.97000000000000008,0.87,-3.8816000000000003E-10,4.4506E-10,7.8040000000000009E-11,3.2502E-07,-3.252E-07
0.96500000000000008,0.87,-4.0041E-10,4.3159000000000006E-10,7.6820000000000012E-11,3.2504E-07,-3.252E-07
0.96000000000000008,0.87,-1.9573E-10,4.2008E-10,8.369000000000001E-11,3.25E-07,-3.2514E-07
0.95500000000000007,0.87,-5.0095E-10,4.0970000000000004E-10,7.8640000000000012E-11,3.2504E-07,-3.2514E-07
0.95000000000000007,0.87,-2.9823E-10,3.9842E-10,8.755000000000001E-11,3.2498E-07,-3.2518E-07
0.94500000000000006,0.87,-2.5183E-10,3.8607000000000004E-10,8.3390000000000009E-11,3.2502E-07,-3.2522E-07
0.94000000000000006,0.87,-4.0894000000000004E-10,3.7707E-10,8.8290000000000013E-11,3.2506E-07,-3.251E-07
0.935,0.87,-2.6663000000000004E-10,3.6451E-10,9.1960000000000011E-11,3.2498E-07,-3.2518E-07
0.93,0.87,-3.6827E-10,3.5624E-10,8.335E-11,3.2498E-07,-3.2512E-07
0.925,0.87,-1.9404E-10,3.4341E-10,9.848E-11,3.2504E-07,-3.2514E-07
0.92,0.87,-4.1788E-10,3.3532000000000004E-10,8.7140000000000009E-11,3.2498E-07,-3.2508E-07
0.915,0.87,-2.7767000000000003E-10,3.2521E-10,9.8530000000000008E-11,3.251E-07,-3.2518E-07
0.91,0.87,-1.9784E-10,3.1323E-10,9.7250000000000013E-11,3.2504E-07,-3.251E-07
0.905,0.87,-4.2102E-10,3.0706E-10,9.4280000000000009E-11,3.2504E-07,-3.2512E-07
0.9,0.87,-1.9077E-10,2.9511000000000003E-10,1.0649000000000001E-10,3.2506E-07,-3.2512E-07
0.895,0.87,-3.2424E-10,2.8800000000000004E-10,9.2070000000000011E-11,3.25E-07,-3.2528E-07
0.89,0.87,-1.9628000000000002E-10,2.7808000000000004E-10,1.0887000000000001E-10,3.2506E-07,-3.2516E-07
0.885,0.87,-3.4195000000000004E-10,2.6880000000000004E-10,9.959E-11,3.2506E-07,-3.252E-07
0.88,0.87,-2.6818E-10,2.6163E-10,1.0433E-10,3.25E-07,-3.2514E-07
0.875,0.87,-1.3044000000000002E-10,2.5022000000000004E-10,1.0771000000000001E-10,3.2498E-07,-3.251E-07
0.87,0.87,-3.7676000000000005E-10,2.4579000000000004E-10,1.0025E-10,3.2504E-07,-3.2512E-07
0.865,0.87,-1.4735000000000001E-10,2.3332000000000003E-10,1.1586000000000001E-10,3.2506E-07,-3.2514E-07
0.86,0.87,-2.7944E-10,2.2586E-10,1.0138E-10,3.251E-07,-3.2514E-07
0.85500000000000009,0.87,-1.7734E-10,2.1808E-10,1.1519E-10,3.2504E-07,-3.2514E-07
0.85000000000000009,0.87,-2.8441E-10,2.0931000000000003E-10,1.0811E-10,3.2506E-07,-3.2518E-07
0.84500000000000008,0.87,-2.3612E-10,2.0281000000000002E-10,1.1012E-10,3.251E-07,-3.252E-07
0.84000000000000008,0.87,-8.3090000000000007E-11,1.9173000000000002E-10,1.1657000000000002E-10,3.251E-07,-3.2508E-07
0.83500000000000008,0.87,-3.7947000000000003E-10,1.8866000000000002E-10,1.0840000000000001E-10,3.2504E-07,-3.252E-07
0.83000000000000007,0.87,-8.28E-11,1.7692000000000002E-10,1.2231000000000002E-10,3.2506E-07,-3.2512E-07
0.82500000000000007,0.87,-2.0875000000000003E-10,1.6984E-10,1.1086E-10,3.2506E-07,-3.2512E-07
0.82000000000000006,0.87,-1.7965000000000002E-10,1.6289000000000002E-10,1.2181000000000002E-10,3.2498E-07,-3.2508E-07
0.81500000000000006,0.87,-2.1374000000000003E-10,1.5212000000000001E-10,1.1912E-10,3.2504E-07,-3.251E-07
0.81,0.87,-1.8345000000000002E-10,1.4742000000000002E-10,1.1551000000000001E-10,3.2492E-07,-3.2504E-07
0.805,0.87,-8.911E-11,1.3655E-10,1.2676E-10,3.2494E-07,-3.2498E-07
0.8,0.87,-2.8981E-10,1.3251000000000002E-10,1.1686E-10,3.2504E-07,-3.2508E-07
0.795,0.87,-5.2390000000000006E-11,1.2242E-10,1.2874E-10,3.2504E-07,-3.2506E-07
0.79,0.87,-1.3145000000000002E-10,1.1488000000000001E-10,1.2114E-10,3.2506E-07,-3.2508E-07
0.785,0.87,-1.8351000000000002E-10,1.0753E-10,1.2624000000000002E-10,3.25E-07,-3.2518E-07
0.78,0.87,-1.0786E-10,9.8160000000000013E-11,1.2892E-10,3.2506E-07,-3.2512E-07
0.775,0.87,-1.1568000000000001E-10,9.0140000000000011E-11,1.2222000000000002E-10,3.2506E-07,-3.2512E-07
0.77,0.87,-8.711000000000001E-11,8.233E-11,1.3345000000000002E-10,3.2512E-07,-3.2518E-07
0.765,0.87,-1.7969E-10,7.4650000000000008E-11,1.2353E-10,3.251E-07,-3.252E-07
0.76,0.87,-6.102E-11,6.5910000000000008E-11,1.3316E-10,3.2506E-07,-3.2522E-07
0.755,0.87,-6.3290000000000008E-11,5.812E-11,1.2896E-10,3.2516E-07,-3.252E-07
0.75,0.87,-1.5348000000000002E-10,5.1080000000000006E-11,1.3086E-10,3.2504E-07,-3.252E-07
0.745,0.87,-6.1250000000000008E-11,4.0880000000000005E-11,1.3319E-10,3.2506E-07,-3.2522E-07
0.74,0.87,-5.79E-11,3.248E-11,1.2795E-10,3.2506E-07,-3.2516E-07
0.735,0.87,-4.7250000000000005E-11,2.436E-11,1.3693E-10,3.2508E-07,-3.2512E-07
0.73,0.87,-1.3006000000000001E-10,1.566E-11,1.31E-10,3.25E-07,-3.2526E-07
0.72500000000000009,0.87,-7.33E-12,6.7E-12,1.3582E-10,3.2504E-07,-3.2512E-07
0.72000000000000008,0.87,-7.4600000000000009E-12,-1.7100000000000002E-12,1.3433000000000002E-10,3.25E-07,-3.2514E-07
0.71500000000000008,0.87,-1.1021000000000001E-10,-9.97E-12,1.3599000000000001E-10,3.251E-07,-3.252E-07
0.71000000000000008,0.87,-2.3550000000000002E-11,-2.0970000000000003E-11,1.3635E-10,3.2506E-07,-3.2514E-07
0.70500000000000007,0.87,5.189E-11,-2.913E-11,1.3574000000000001E-10,3.2512E-07,-3.2508E-07
0.70000000000000007,0.87,-9.7970000000000012E-11,-3.813E-11,1.4047E-10,3.2506E-07,-3.2518E-07
0.69500000000000006,0.87,-1.3760000000000001E-11,-4.8340000000000004E-11,1.3860000000000002E-10,3.2504E-07,-3.2512E-07
0.69000000000000006,0.87,6.2380000000000008E-11,-5.853E-11,1.3836E-10,3.2512E-07,-3.2514E-07
0.685,0.87,-2.0880000000000003E-11,-6.7310000000000011E-11,1.4021E-10,3.2518E-07,-3.2512E-07
0.68,0.87,-6.0000000000000007E-13,-7.848000000000001E-11,1.3967000000000002E-10,3.2504E-07,-3.2516E-07
0.675,0.87,1.9640000000000003E-11,-8.754E-11,1.3917000000000002E-10,3.2502E-07,-3.2516E-07
0.67,0.87,1.2926E-10,-9.903E-11,1.4285E-10,3.2504E-07,-3.2512E-07
0.665,0.87,-7.0930000000000007E-11,-1.0776000000000001E-10,1.4020000000000002E-10,3.2502E-07,-3.2512E-07
0.66,0.87,8.915000000000001E-11,-1.2063E-10,1.4509E-10,3.2506E-07,-3.2512E-07
0.655,0.87,1.2554000000000001E-10,-1.3113000000000002E-10,1.4117000000000002E-10,3.251E-07,-3.2512E-07
0.65,0.87,-1.965E-11,-1.4058000000000002E-10,1.4225E-10,3.2506E-07,-3.251E-07
0.645,0.87,1.3406E-10,-1.5324E-10,1.4588000000000002E-10,3.2506E-07,-3.2514E-07
0.64,0.87,4.1020000000000004E-11,-1.6401E-10,1.3882000000000002E-10,3.2504E-07,-3.2518E-07
0.635,0.87,1.8861E-10,-1.7581E-10,1.4889000000000002E-10,3.2512E-07,-3.2508E-07
0.63,0.87,-1.8000000000000002E-13,-1.8527000000000002E-10,1.3929000000000002E-10,3.2502E-07,-3.251E-07
0.625,0.87,1.5321E-10,-1.9768E-10,1.4799000000000002E-10,3.2504E-07,-3.2508E-07
0.62,0.87,2.1982000000000002E-10,-2.1050000000000002E-10,1.4616000000000002E-10,3.2512E-07,-3.2512E-07
0.615,0.87,1.63E-11,-2.1942000000000003E-10,1.4390000000000002E-10,3.2506E-07,-3.2514E-07
0.61,0.87,2.4621E-10,-2.3589E-10,1.538E-10,3.2506E-07,-3.2508E-07
0.605,0.87,1.0473000000000001E-10,-2.4617000000000004E-10,1.3967000000000002E-10,3.2506E-07,-3.2508E-07
0.6,0.87,2.3755E-10,-2.5776E-10,1.5323000000000002E-10,3.2506E-07,-3.2512E-07
0.595,0.87,1.0061E-10,-2.699E-10,1.4358E-10,3.2506E-07,-3.251E-07
0.59000000000000008,0.87,2.1169000000000002E-10,-2.8281000000000003E-10,1.4832E-10,3.2504E-07,-3.2508E-07
0.58500000000000008,0.87,3.1335E-10,-2.9709E-10,1.5231000000000002E-10,3.2494E-07,-3.2508E-07
0.58000000000000007,0.87,7.5150000000000007E-11,-3.0589E-10,1.4489E-10,3.2508E-07,-3.2508E-07
0.57500000000000007,0.87,3.5144000000000003E-10,-3.2340000000000004E-10,1.5713E-10,3.2506E-07,-3.2502E-07
0.57000000000000006,0.87,2.0322000000000002E-10,-3.3297000000000004E-10,1.4344000000000002E-10,3.25E-07,-3.2514E-07
0.56500000000000006,0.87,3.6805000000000004E-10,-3.4798E-10,1.5826E-10,3.2506E-07,-3.2512E-07
0.56,0.87,1.6525000000000002E-10,-3.5969000000000003E-10,1.4778E-10,3.2504E-07,-3.2514E-07
0.555,0.87,3.3595E-10,-3.7205E-10,1.5138000000000002E-10,3.2506E-07,-3.2512E-07
0.55,0.87,4.0191E-10,-3.8791E-10,1.5462E-10,3.251E-07,-3.2512E-07
0.545,0.87,1.5245E-10,-3.9810000000000005E-10,1.4801000000000001E-10,3.2502E-07,-3.2516E-07
0.54,0.87,4.2570000000000004E-10,-4.143E-10,1.6028000000000001E-10,3.2506E-07,-3.2512E-07
0.535,0.87,3.12E-10,-4.2639E-10,1.4663000000000002E-10,3.2502E-07,-3.2512E-07
0.53,0.87,3.9306000000000004E-10,-4.4188000000000003E-10,1.6085000000000002E-10,3.2506E-07,-3.2506E-07
0.525,0.87,3.0336E-10,-4.5631000000000005E-10,1.529E-10,3.25E-07,-3.2508E-07
0.52,0.87,4.1483000000000006E-10,-4.6855E-10,1.5492000000000002E-10,3.251E-07,-3.251E-07
0.515,0.87,4.7763E-10,-4.8536000000000007E-10,1.5987E-10,3.25E-07,-3.2514E-07
0.51,0.87,2.4997E-10,-4.9647E-10,1.5065000000000002E-10,3.2506E-07,-3.2518E-07
0.505,0.87,5.5261E-10,-5.1578000000000005E-10,1.6284E-10,3.251E-07,-3.2516E-07
0.5,0.87,3.9246E-10,-5.2735E-10,1.5188000000000002E-10,3.251E-07,-3.2514E-07
0.49500000000000005,0.87,4.756E-10,-5.4456E-10,1.6284E-10,3.2506E-07,-3.2512E-07
0.49000000000000005,0.87,4.2295E-10,-5.6003000000000008E-10,1.5570000000000002E-10,3.2508E-07,-3.2508E-07
0.48500000000000004,0.87,4.9310000000000009E-10,-5.7584E-10,1.5553E-10,3.2508E-07,-3.2508E-07
0.48000000000000004,0.87,5.5945000000000007E-10,-5.9214000000000009E-10,1.6079000000000002E-10,3.2504E-07,-3.2514E-07
0.47500000000000003,0.87,3.9159000000000004E-10,-6.073400000000001E-10,1.5193E-10,3.251E-07,-3.2516E-07
0.47000000000000003,0.87,6.0633E-10,-6.2619000000000009E-10,1.6318000000000003E-10,3.251E-07,-3.2518E-07
0.465,0.87,5.6677E-10,-6.4121E-10,1.5552000000000002E-10,3.2508E-07,-3.2514E-07
0.46,0.87,5.1429E-10,-6.5779000000000006E-10,1.6287E-10,3.2506E-07,-3.252E-07
0.455,0.87,5.7854E-10,-6.7737E-10,1.6058E-10,3.251E-07,-3.2518E-07
0.45,0.87,6.0168E-10,-6.9415E-10,1.5603E-10,3.2504E-07,-3.2518E-07
0.445,0.87,6.3398E-10,-7.1283E-10,1.6373E-10,3.2508E-07,-3.252E-07
0.44,0.87,5.1900000000000007E-10,-7.2993000000000008E-10,1.5507000000000001E-10,3.2502E-07,-3.2522E-07
0.435,0.87,7.2654000000000006E-10,-7.5138E-10,1.6355000000000002E-10,3.2512E-07,-3.2518E-07
0.43,0.87,6.7974000000000007E-10,-7.6975000000000006E-10,1.5949E-10,3.2518E-07,-3.2518E-07
0.42500000000000004,0.87,5.9069000000000006E-10,-7.8926E-10,1.6315E-10,3.2516E-07,-3.2514E-07
0.42000000000000004,0.87,7.3294000000000006E-10,-8.0957E-10,1.6172E-10,3.251E-07,-3.2524E-07
0.41500000000000004,0.87,7.4699E-10,-8.3163000000000005E-10,1.599E-10,3.2512E-07,-3.2516E-07
0.41000000000000003,0.87,6.8620000000000007E-10,-8.4947000000000007E-10,1.6436000000000002E-10,3.2516E-07,-3.252E-07
0.405,0.87,7.4044000000000008E-10,-8.7425000000000006E-10,1.6114000000000003E-10,3.2518E-07,-3.2518E-07
0.4,0.87,8.3965000000000009E-10,-8.9644000000000006E-10,1.6390000000000002E-10,3.2516E-07,-3.2524E-07
0.395,0.87,7.8074E-10,-9.1794E-10,1.6486E-10,3.251E-07,-3.252E-07
0.39,0.87,7.8542000000000006E-10,-9.3891E-10,1.6491E-10,3.2516E-07,-3.2514E-07
0.385,0.87,8.4406000000000008E-10,-9.6786E-10,1.6487000000000002E-10,3.2516E-07,-3.2516E-07
0.38,0.87,9.3826E-10,-9.9016E-10,1.645E-10,3.2518E-07,-3.2518E-07
0.375,0.87,8.0103000000000008E-10,-1.0137500000000001E-09,1.6494E-10,3.2514E-07,-3.2514E-07
0.37,0.87,9.6447E-10,-1.0378E-09,1.6681000000000002E-10,3.251E-07,-3.2518E-07
0.365,0.87,9.6779E-10,-1.06528E-09,1.6489E-10,3.251E-07,-3.2518E-07
0.36000000000000004,0.87,9.6333E-10,-1.08963E-09,1.6801000000000002E-10,3.2524E-07,-3.2518E-07
0.35500000000000004,0.87,1.0164300000000002E-09,-1.1145E-09,1.6702E-10,3.2506E-07,-3.2514E-07
0.35000000000000003,0.87,9.163800000000001E-10,-1.1417E-09,1.6681000000000002E-10,3.2508E-07,-3.2514E-07
0.34500000000000003,0.87,1.0929E-09,-1.1676E-09,1.7165000000000002E-10,3.2504E-07,-3.2504E-07
0.34,0.87,1.1539E-09,-1.196E-09,1.6545E-10,3.2508E-07,-3.2512E-07
0.335,0.87,1.0622E-09,-1.2256E-09,1.7216E-10,3.2508E-07,-3.2518E-07
0.33,0.87,1.1532E-09,-1.2578E-09,1.7015E-10,3.2504E-07,-3.2516E-07
0.325,0.87,1.1025E-09,-1.2876E-09,1.6751000000000002E-10,3.2504E-07,-3.2514E-07
0.32,0.87,1.3499E-09,-1.3214E-09,1.7612E-10,3.2502E-07,-3.2504E-07
0.315,0.87,1.0923E-09,-1.3528E-09,1.6537000000000002E-10,3.2504E-07,-3.2512E-07
0.31,0.87,1.3372E-09,-1.3873E-09,1.7797E-10,3.251E-07,-3.251E-07
0.305,0.87,1.2594E-09,-1.4228E-09,1.6311000000000002E-10,3.2506E-07,-3.2502E-07
0.3,0.87,1.4109E-09,-1.4569E-09,1.7583E-10,3.25E-07,-3.2514E-07
0.29500000000000004,0.87,1.2906E-09,-1.4948E-09,1.6897E-10,3.2512E-07,-3.2508E-07
0.29000000000000004,0.87,1.3404E-09,-1.5297E-09,1.7009E-10,3.2506E-07,-3.2508E-07
0.28500000000000003,0.87,1.5967E-09,-1.5711E-09,1.7450000000000002E-10,3.251E-07,-3.2518E-07
0.28,0.87,1.3466E-09,-1.6083E-09,1.6636E-10,3.2506E-07,-3.2508E-07
0.275,0.87,1.5749E-09,-1.6493E-09,1.8042E-10,3.2504E-07,-3.2508E-07
0.27,0.87,1.4795E-09,-1.6886E-09,1.6684000000000002E-10,3.2504E-07,-3.2508E-07
0.265,0.87,1.7448E-09,-1.733E-09,1.8252E-10,3.2506E-07,-3.2506E-07
0.26,0.87,1.5316E-09,-1.7739E-09,1.6860000000000002E-10,3.2502E-07,-3.2502E-07
0.255,0.87,1.6931E-09,-1.8168E-09,1.8035E-10,3.2502E-07,-3.2506E-07
0.25,0.87,1.7349E-09,-1.8621E-09,1.7199000000000002E-10,3.251E-07,-3.2508E-07
0.24500000000000002,0.87,1.7978E-09,-1.9075E-09,1.7528000000000001E-10,3.2506E-07,-3.2506E-07
0.24000000000000002,0.87,1.8282E-09,-1.9551E-09,1.8121000000000001E-10,3.2512E-07,-3.2518E-07
0.23500000000000001,0.87,1.7377E-09,-2.0015E-09,1.7186000000000001E-10,3.2508E-07,-3.251E-07
0.23,0.87,2.0658E-09,-2.0577E-09,1.8474000000000003E-10,3.2506E-07,-3.2514E-07
0.225,0.87,1.8824E-09,-2.1053E-09,1.7182E-10,3.25E-07,-3.2506E-07
0.22,0.87,1.9914E-09,-2.159E-09,1.8447E-10,3.2504E-07,-3.251E-07
0.215,0.87,2.0409E-09,-2.2101E-09,1.7148E-10,3.25E-07,-3.2504E-07
0.21000000000000002,0.87,2.2115E-09,-2.2646E-09,1.8081000000000002E-10,3.251E-07,-3.251E-07
0.20500000000000002,0.87,2.1381E-09,-2.3123E-09,1.7958000000000002E-10,3.2506E-07,-3.2506E-07
0.2,0.87,2.1567E-09,-2.371E-09,1.7922E-10,3.2504E-07,-3.2514E-07
0.195,0.87,2.3846E-09,-2.4312E-09,1.8391000000000001E-10,3.2504E-07,-3.2496E-07
0.19,0.87,2.2803E-09,-2.488E-09,1.7591000000000002E-10,3.2506E-07,-3.2508E-07
0.185,0.87,2.4334E-09,-2.5471E-09,1.8775000000000002E-10,3.2506E-07,-3.2512E-07
0.18000000000000002,0.87,2.3997E-09,-2.6088E-09,1.7703E-10,3.2504E-07,-3.251E-07
0.17500000000000002,0.87,2.618E-09,-2.6729E-09,1.8666E-10,3.25E-07,-3.2502E-07
0.17,0.87,2.5991E-09,-2.7387E-09,1.7968000000000002E-10,3.2508E-07,-3.2506E-07
0.165,0.87,2.6013E-09,-2.8035E-09,1.8729E-10,3.2492E-07,-3.2508E-07
0.16,0.87,2.7394E-09,-2.8756E-09,1.8257000000000002E-10,3.2506E-07,-3.2504E-07
0.155,0.87,2.8254E-09,-2.9431E-09,1.8145E-10,3.2508E-07,-3.2506E-07
0.15,0.87,2.8613E-09,-3.0125E-09,1.8623E-10,3.2506E-07,-3.2506E-07
0.14500000000000002,0.87,2.8098E-09,-3.0873E-09,1.8030000000000001E-10,3.251E-07,-3.2506E-07
0.14,0.87,3.1144E-09,-3.1634E-09,1.8726E-10,3.2504E-07,-3.2502E-07
0.135,0.87,3.0773E-09,-3.2375E-09,1.8172000000000002E-10,3.251E-07,-3.25E-07
0.13,0.87,3.0975E-09,-3.313E-09,1.8898E-10,3.2506E-07,-3.2502E-07
0.125,0.87,3.2538E-09,-3.4048E-09,1.8344000000000002E-10,3.2506E-07,-3.2506E-07
0.12000000000000001,0.87,3.3503E-09,-3.4876E-09,1.8582E-10,3.251E-07,-3.2504E-07
0.115,0.87,3.4113E-09,-3.5694E-09,1.8834000000000002E-10,3.25E-07,-3.2506E-07
0.11,0.87,3.4315E-09,-3.6453E-09,1.8738E-10,3.2506E-07,-3.2508E-07
0.10500000000000001,0.87,3.5961E-09,-3.7434E-09,1.9018E-10,3.2504E-07,-3.2498E-07
0.1,0.87,3.7679E-09,-3.8347E-09,1.8782E-10,3.2504E-07,-3.2506E-07
0.095,0.87,3.715E-09,-3.9251E-09,1.9066000000000002E-10,3.2502E-07,-3.25E-07
0.090000000000000011,0.87,3.8015E-09,-4.0222E-09,1.8987E-10,3.2504E-07,-3.2502E-07
0.085,0.87,4.0208E-09,-4.1106E-09,1.8975000000000002E-10,3.25E-07,-3.2502E-07
0.08,0.87,4.0299E-09,-4.2081E-09,1.9130000000000003E-10,3.2504E-07,-3.2504E-07
0.075,0.87,4.0759E-09,-4.31E-09,1.9088000000000002E-10,3.25E-07,-3.2502E-07
0.07,0.87,4.2151E-09,-4.4111E-09,1.8946E-10,3.2502E-07,-3.2506E-07
0.065,0.87,4.4589E-09,-4.5221E-09,1.9061000000000003E-10,3.25E-07,-3.2504E-07
0.060000000000000005,0.87,4.3445E-09,-4.6358E-09,1.8809000000000002E-10,3.25E-07,-3.25E-07
0.055,0.87,4.6006E-09,-4.7503E-09,1.9374000000000002E-10,3.2502E-07,-3.2502E-07
0.05,0.87,4.6501E-09,-4.8618E-09,1.8856000000000002E-10,3.2494E-07,-3.2498E-07
0.045000000000000005,0.87,4.8545E-09,-5.0379E-09,1.9582000000000003E-10,3.2492E-07,-3.2506E-07
0.04,0.87,4.9512E-09,-5.1717E-09,1.9287000000000003E-10,3.2504E-07,-3.2496E-07
0.035,0.87,5.0161E-09,-5.2916E-09,1.9395E-10,3.25E-07,-3.2504E-07
0.030000000000000002,0.87,5.2871E-09,-5.3461E-09,1.9705E-10,3.2506E-07,-3.2496E-07
0.025,0.87,5.179E-09,-5.4711E-09,1.9068E-10,3.2504E-07,-3.2506E-07
0.02,0.87,5.4215E-09,-5.5924E-09,2.0225000000000003E-10,3.251E-07,-3.2506E-07
0.015000000000000001,0.87,5.4668E-09,-5.7201E-09,1.9016000000000002E-10,3.2506E-07,-3.2508E-07
0.01,0.87,5.7822E-09,-5.8587E-09,2.0180000000000002E-10,3.2494E-07,-3.2508E-07
0.005,0.87,5.7262E-09,-5.9915E-09,1.9317000000000002E-10,3.2494E-07,-3.2506E-07
0,0.87,5.8925E-09,-6.1411E-09,1.9907000000000002E-10,3.251E-07,-3.2506E-07
1.2,0.88,-6.938E-10,2.3094E-09,-6.4060000000000009E-11,3.2369999999999997E-07,-3.2518E-07
1.195,0.88,-7.5764000000000008E-10,2.177E-09,-5.1720000000000003E-11,3.2382E-07,-3.2522E-07
1.19,0.88,-6.5085000000000008E-10,2.0552E-09,-4.56E-11,3.238E-07,-3.2506E-07
1.185,0.88,-7.0439000000000009E-10,1.9476E-09,-4.9730000000000006E-11,3.239E-07,-3.254E-07
1.1800000000000002,0.88,-5.5932000000000009E-10,1.8455E-09,-3.1920000000000005E-11,3.2398E-07,-3.2524E-07
1.175,0.88,-7.862200000000001E-10,1.7545E-09,-4.247E-11,3.2412E-07,-3.252E-07
1.1700000000000002,0.88,-5.0179000000000008E-10,1.6674E-09,-2.62E-11,3.2412E-07,-3.2518E-07
1.165,0.88,-6.1025E-10,1.5909E-09,-3.0720000000000005E-11,3.242E-07,-3.251E-07
1.1600000000000001,0.88,-6.3889000000000006E-10,1.5171E-09,-2.129E-11,3.2426E-07,-3.251E-07
1.155,0.88,-5.4153000000000009E-10,1.4491E-09,-1.741E-11,3.2434E-07,-3.2518E-07
1.1500000000000001,0.88,-5.7564000000000009E-10,1.3866E-09,-2.03E-11,3.2434E-07,-3.2516E-07
1.145,0.88,-4.5866000000000005E-10,1.3279E-09,-4.8500000000000005E-12,3.2438E-07,-3.2516E-07
1.1400000000000001,0.88,-6.7793000000000006E-10,1.2747E-09,-1.4460000000000001E-11,3.244E-07,-3.2518E-07
1.135,0.88,-4.0500000000000005E-10,1.2229E-09,-7.9000000000000007E-13,3.245E-07,-3.2524E-07
1.1300000000000001,0.88,-4.8864000000000008E-10,1.1758E-09,-5.5E-12,3.2442E-07,-3.251E-07
1.125,0.88,-5.553E-10,1.132E-09,2.8E-12,3.2454E-07,-3.252E-07
1.12,0.88,-4.4481000000000004E-10,1.0889E-09,6.7700000000000004E-12,3.2452E-07,-3.251E-07
1.115,0.88,-4.6909000000000008E-10,1.052E-09,1.21E-12,3.2458E-07,-3.2516E-07
1.11,0.88,-4.1079000000000004E-10,1.0139E-09,1.6910000000000003E-11,3.2458E-07,-3.2514E-07
1.105,0.88,-5.3591000000000007E-10,9.7426000000000011E-10,1.7380000000000002E-11,3.2468E-07,-3.252E-07
1.1,0.88,-4.6531E-10,9.4202E-10,1.179E-11,3.2458E-07,-3.2506E-07
1.095,0.88,-3.9606000000000003E-10,9.1181000000000008E-10,2.5870000000000003E-11,3.2456E-07,-3.25E-07
1.09,0.88,-4.5531000000000005E-10,8.8183E-10,1.6540000000000002E-11,3.2462E-07,-3.2514E-07
1.085,0.88,-3.3837000000000004E-10,8.5389E-10,2.631E-11,3.2468E-07,-3.2506E-07
1.08,0.88,-3.7894000000000004E-10,8.2537E-10,2.737E-11,3.246E-07,-3.2512E-07
1.075,0.88,-4.675E-10,8.02E-10,2.888E-11,3.2456E-07,-3.2506E-07
1.07,0.88,-2.8202E-10,7.7469E-10,3.5960000000000004E-11,3.247E-07,-3.251E-07
1.065,0.88,-3.6366E-10,7.5346000000000011E-10,3.2210000000000004E-11,3.247E-07,-3.252E-07
1.06,0.88,-3.4989E-10,7.3069000000000009E-10,4.1900000000000005E-11,3.247E-07,-3.2514E-07
1.0550000000000002,0.88,-3.5849E-10,7.0795E-10,3.678E-11,3.2468E-07,-3.2508E-07
1.05,0.88,-2.5664E-10,6.8821E-10,4.2890000000000006E-11,3.2474E-07,-3.2522E-07
1.0450000000000002,0.88,-3.5944000000000005E-10,6.689800000000001E-10,4.52E-11,3.2472E-07,-3.2514E-07
1.04,0.88,-3.5488E-10,6.4956000000000008E-10,4.6440000000000003E-11,3.248E-07,-3.2502E-07
1.0350000000000001,0.88,-2.1897000000000002E-10,6.3098E-10,5.2050000000000004E-11,3.2472E-07,-3.2506E-07
1.03,0.88,-2.8571000000000004E-10,6.1392000000000009E-10,5.149E-11,3.2484E-07,-3.2514E-07
1.0250000000000001,0.88,-3.3288000000000004E-10,5.9587E-10,5.4830000000000006E-11,3.2476E-07,-3.2508E-07
1.02,0.88,-2.3425E-10,5.7974E-10,5.3080000000000006E-11,3.2472E-07,-3.2514E-07
1.0150000000000001,0.88,-1.8961E-10,5.6366E-10,5.63E-11,3.2478E-07,-3.251E-07
1.01,0.88,-3.5119E-10,5.4953000000000007E-10,6.006000000000001E-11,3.2478E-07,-3.2508E-07
1.0050000000000001,0.88,-2.2120000000000002E-10,5.3384000000000009E-10,6.2380000000000008E-11,3.2474E-07,-3.2508E-07
1,0.88,-2.1150000000000002E-10,5.1806000000000007E-10,6.5000000000000008E-11,3.2478E-07,-3.2512E-07
0.995,0.88,-2.0229E-10,5.0474000000000006E-10,6.821E-11,3.2474E-07,-3.2506E-07
0.9900000000000001,0.88,-2.8675E-10,4.9076000000000007E-10,6.8110000000000011E-11,3.2474E-07,-3.251E-07
0.9850000000000001,0.88,-1.6001000000000002E-10,4.7705E-10,6.914E-11,3.2468E-07,-3.251E-07
0.98000000000000009,0.88,-1.4553000000000001E-10,4.6387E-10,6.998E-11,3.2464E-07,-3.2504E-07
0.97500000000000009,0.88,-3.1724000000000003E-10,4.5390000000000006E-10,7.13E-11,3.2472E-07,-3.2514E-07
0.97000000000000008,0.88,-1.0352000000000001E-10,4.3875E-10,7.808E-11,3.2474E-07,-3.2512E-07
0.96500000000000008,0.88,-2.0309000000000002E-10,4.2781000000000005E-10,7.3960000000000009E-11,3.248E-07,-3.2512E-07
0.96000000000000008,0.88,-1.5297000000000002E-10,4.1646000000000003E-10,8.4520000000000009E-11,3.247E-07,-3.2504E-07
0.95500000000000007,0.88,-1.7928000000000003E-10,4.0351000000000004E-10,8.073E-11,3.2478E-07,-3.2514E-07
0.95000000000000007,0.88,-1.8226000000000003E-10,3.9279000000000005E-10,8.101E-11,3.2476E-07,-3.25E-07
0.94500000000000006,0.88,-4.752E-11,3.8107E-10,8.767E-11,3.2476E-07,-3.2514E-07
0.94000000000000006,0.88,-2.8964000000000005E-10,3.7293E-10,8.0140000000000007E-11,3.2476E-07,-3.2514E-07
0.935,0.88,-4.6310000000000006E-11,3.5996E-10,9.4060000000000009E-11,3.2486E-07,-3.251E-07
0.93,0.88,-1.2694E-10,3.5120000000000004E-10,8.409E-11,3.2482E-07,-3.2508E-07
0.925,0.88,-1.5602000000000002E-10,3.4172000000000004E-10,9.3860000000000012E-11,3.2474E-07,-3.2514E-07
0.92,0.88,-8.2920000000000009E-11,3.3089000000000003E-10,9.3860000000000012E-11,3.2478E-07,-3.2508E-07
0.915,0.88,-1.4731E-10,3.2106000000000003E-10,8.8730000000000013E-11,3.2486E-07,-3.2512E-07
0.91,0.88,-7.85E-12,3.1078000000000004E-10,1.0081000000000001E-10,3.248E-07,-3.2508E-07
0.905,0.88,-2.7278E-10,3.0253000000000004E-10,8.802000000000001E-11,3.2482E-07,-3.2512E-07
0.9,0.88,3.128E-11,2.9247E-10,1.0266000000000001E-10,3.2482E-07,-3.2508E-07
0.895,0.88,-9.507E-11,2.8273E-10,9.4280000000000009E-11,3.2482E-07,-3.2506E-07
0.89,0.88,-1.6535E-10,2.7581E-10,1.0139000000000001E-10,3.2486E-07,-3.2534E-07
0.885,0.88,2.458E-11,2.638E-10,1.0506000000000001E-10,3.248E-07,-3.2506E-07
0.88,0.88,-1.4965000000000002E-10,2.5730000000000003E-10,9.573E-11,3.2482E-07,-3.2502E-07
0.875,0.88,2.09E-11,2.4806E-10,1.1149000000000001E-10,3.2472E-07,-3.2506E-07
0.87,0.88,-1.9146E-10,2.4049E-10,9.763E-11,3.2482E-07,-3.2506E-07
0.865,0.88,6.046E-11,2.3113E-10,1.1015E-10,3.2486E-07,-3.2512E-07
0.86,0.88,-6.450000000000001E-11,2.2226000000000002E-10,1.0602000000000001E-10,3.2514E-07,-3.2538E-07
0.85500000000000009,0.88,-1.2502E-10,2.1694000000000003E-10,1.0612E-10,3.2478E-07,-3.2502E-07
0.85000000000000009,0.88,6.405E-11,2.0418E-10,1.1525E-10,3.2488E-07,-3.2502E-07
0.84500000000000008,0.88,-1.1449000000000001E-10,1.9879000000000002E-10,1.0230000000000001E-10,3.2484E-07,-3.2502E-07
0.84000000000000008,0.88,2.7190000000000002E-11,1.9058E-10,1.1912E-10,3.2486E-07,-3.2496E-07
0.83500000000000008,0.88,-6.9550000000000008E-11,1.8131000000000002E-10,1.0623E-10,3.248E-07,-3.2508E-07
0.83000000000000007,0.88,2.4430000000000003E-11,1.7335E-10,1.1507000000000001E-10,3.248E-07,-3.2506E-07
0.82500000000000007,0.88,3.3630000000000004E-11,1.6557E-10,1.1485000000000001E-10,3.2484E-07,-3.2512E-07
0.82000000000000006,0.88,-1.2738E-10,1.5953000000000002E-10,1.1087000000000001E-10,3.2474E-07,-3.2514E-07
0.81500000000000006,0.88,1.1399000000000001E-10,1.4837E-10,1.2349E-10,3.2474E-07,-3.2504E-07
0.81,0.88,-5.853E-11,1.4211000000000001E-10,1.0961000000000001E-10,3.2484E-07,-3.25E-07
0.805,0.88,2.318E-11,1.3412E-10,1.2471E-10,3.2482E-07,-3.2512E-07
0.8,0.88,-4.2400000000000005E-12,1.2459E-10,1.1394000000000001E-10,3.2468E-07,-3.25E-07
0.795,0.88,5.889E-11,1.1804000000000001E-10,1.1772E-10,3.2478E-07,-3.2496E-07
0.79,0.88,4.3280000000000005E-11,1.0841E-10,1.2214E-10,3.2486E-07,-3.2506E-07
0.785,0.88,-7.7080000000000007E-11,1.0328E-10,1.1639000000000001E-10,3.2484E-07,-3.2506E-07
0.78,0.88,1.8648E-10,9.162E-11,1.2701E-10,3.2488E-07,-3.2508E-07
0.775,0.88,-3.579E-11,8.6480000000000008E-11,1.1829E-10,3.2386E-07,-3.2416E-07
0.77,0.88,3.7670000000000004E-11,7.675E-11,1.2723E-10,3.2322E-07,-3.241E-07
0.765,0.88,8.7140000000000009E-11,6.752E-11,1.2139E-10,3.2382E-07,-3.24E-07
0.76,0.88,9.2430000000000011E-11,6.044E-11,1.2305E-10,3.2313999999999997E-07,-3.2344E-07
0.755,0.88,3.1850000000000005E-11,5.302E-11,1.2888E-10,3.2374E-07,-3.2406E-07
0.75,0.88,6.336E-11,4.45E-11,1.2383E-10,3.2382E-07,-3.241E-07
0.745,0.88,1.7527E-10,3.4180000000000005E-11,1.3265E-10,3.2392E-07,-3.2406E-07
0.74,0.88,3.565E-11,2.682E-11,1.2632E-10,3.2396E-07,-3.241E-07
0.735,0.88,9.2070000000000011E-11,1.732E-11,1.3126000000000002E-10,3.2392E-07,-3.2418E-07
0.73,0.88,1.7570000000000002E-10,7.3800000000000013E-12,1.3011E-10,3.2327999999999997E-07,-3.2344E-07
0.72500000000000009,0.88,1.0442000000000001E-10,-2.1000000000000001E-13,1.3013000000000002E-10,3.2378E-07,-3.235E-07
0.72000000000000008,0.88,1.0119E-10,-8.8000000000000013E-12,1.3335E-10,3.239E-07,-3.2336E-07
0.71500000000000008,0.88,1.4799000000000002E-10,-1.903E-11,1.2961E-10,3.2394E-07,-3.241E-07
0.71000000000000008,0.88,1.9549000000000002E-10,-2.8890000000000003E-11,1.361E-10,3.2388E-07,-3.2418E-07
0.70500000000000007,0.88,1.2373000000000002E-10,-3.7450000000000004E-11,1.3023E-10,3.2374E-07,-3.2414E-07
0.70000000000000007,0.88,1.2905E-10,-4.698E-11,1.3268E-10,3.2394E-07,-3.2392E-07
0.69500000000000006,0.88,2.4547000000000003E-10,-5.9020000000000007E-11,1.3406E-10,3.238E-07,-3.2416E-07
0.69000000000000006,0.88,1.7336E-10,-6.747E-11,1.3497E-10,3.239E-07,-3.2416E-07
0.685,0.88,1.1882E-10,-7.7270000000000008E-11,1.3595E-10,3.2392E-07,-3.2414E-07
0.68,0.88,2.7347000000000004E-10,-8.8550000000000007E-11,1.3607E-10,3.2392E-07,-3.2416E-07
0.675,0.88,2.2789000000000003E-10,-9.8310000000000007E-11,1.3827E-10,3.2382E-07,-3.2412E-07
0.67,0.88,1.5227E-10,-1.0889000000000001E-10,1.3873000000000002E-10,3.239E-07,-3.2414E-07
0.665,0.88,2.5586000000000003E-10,-1.1999000000000002E-10,1.3828E-10,3.239E-07,-3.2406E-07
0.66,0.88,2.5891000000000004E-10,-1.3064E-10,1.3813000000000002E-10,3.2398E-07,-3.242E-07
0.655,0.88,2.7528E-10,-1.4212000000000002E-10,1.4115E-10,3.2396E-07,-3.2418E-07
0.65,0.88,1.4921000000000002E-10,-1.5302E-10,1.3825000000000001E-10,3.2338E-07,-3.2402E-07
0.645,0.88,4.0140000000000003E-10,-1.6499000000000002E-10,1.4339E-10,3.2392E-07,-3.2396E-07
0.64,0.88,2.6660000000000004E-10,-1.7599E-10,1.4107E-10,3.239E-07,-3.2412E-07
0.635,0.88,2.3120000000000001E-10,-1.8713E-10,1.4390000000000002E-10,3.2396E-07,-3.2416E-07
0.63,0.88,3.7386000000000004E-10,-2.0039000000000002E-10,1.4425000000000002E-10,3.2386E-07,-3.2418E-07
0.625,0.88,2.8242000000000004E-10,-2.1085000000000003E-10,1.3941E-10,3.2392E-07,-3.2416E-07
0.62,0.88,3.6923000000000003E-10,-2.2385E-10,1.4892000000000001E-10,3.239E-07,-3.2414E-07
0.615,0.88,2.3711E-10,-2.3443000000000004E-10,1.3848000000000002E-10,3.2398E-07,-3.2418E-07
0.61,0.88,4.7165E-10,-2.4761000000000004E-10,1.4753E-10,3.2392E-07,-3.2416E-07
0.605,0.88,3.4039000000000005E-10,-2.6000000000000003E-10,1.4186000000000002E-10,3.234E-07,-3.2394E-07
0.6,0.88,2.7312000000000003E-10,-2.7056000000000005E-10,1.4481000000000002E-10,3.2384E-07,-3.2412E-07
0.595,0.88,5.2093000000000008E-10,-2.8609000000000004E-10,1.4939000000000001E-10,3.2384E-07,-3.2414E-07
0.59000000000000008,0.88,2.8706000000000004E-10,-2.9534000000000004E-10,1.4005000000000002E-10,3.2388E-07,-3.241E-07
0.58500000000000008,0.88,4.5864000000000003E-10,-3.1112E-10,1.5361E-10,3.239E-07,-3.241E-07
0.58000000000000007,0.88,3.7906000000000003E-10,-3.2359E-10,1.3838000000000002E-10,3.2392E-07,-3.2412E-07
0.57500000000000007,0.88,4.5752000000000004E-10,-3.3587000000000005E-10,1.4964E-10,3.2382E-07,-3.2412E-07
0.57000000000000006,0.88,4.7203000000000008E-10,-3.4981E-10,1.4821000000000002E-10,3.2313999999999997E-07,-3.2416E-07
0.56500000000000006,0.88,3.2179000000000003E-10,-3.6092000000000003E-10,1.4342E-10,3.2386E-07,-3.2406E-07
0.56,0.88,5.991E-10,-3.7770000000000005E-10,1.5536000000000002E-10,3.2392E-07,-3.2412E-07
0.555,0.88,3.7254000000000004E-10,-3.8825000000000003E-10,1.4049000000000002E-10,3.2386E-07,-3.2412E-07
0.55,0.88,5.4312000000000008E-10,-4.0268000000000005E-10,1.5674000000000002E-10,3.2382E-07,-3.2406E-07
0.545,0.88,4.5675000000000005E-10,-4.1831000000000003E-10,1.4433E-10,3.2386E-07,-3.2404E-07
0.54,0.88,5.4426E-10,-4.3133000000000005E-10,1.492E-10,3.2386E-07,-3.2404E-07
0.535,0.88,5.697E-10,-4.4667E-10,1.5442000000000002E-10,3.2376E-07,-3.2412E-07
0.53,0.88,3.9278E-10,-4.5930000000000006E-10,1.4507000000000002E-10,3.2386E-07,-3.2402E-07
0.525,0.88,7.1623E-10,-4.7546E-10,1.5778000000000002E-10,3.238E-07,-3.2412E-07
0.52,0.88,4.7127000000000007E-10,-4.8686E-10,1.4616000000000002E-10,3.2378E-07,-3.2362E-07
0.515,0.88,5.8831E-10,-5.0357E-10,1.5595000000000002E-10,3.2384E-07,-3.2404E-07
0.51,0.88,5.9391000000000007E-10,-5.2021E-10,1.497E-10,3.2382E-07,-3.2408E-07
0.505,0.88,6.4443E-10,-5.3280000000000006E-10,1.5081000000000002E-10,3.2382E-07,-3.2416E-07
0.5,0.88,5.9941E-10,-5.5045E-10,1.5869000000000002E-10,3.239E-07,-3.2408E-07
0.49500000000000005,0.88,5.7041E-10,-5.6385000000000007E-10,1.4837E-10,3.238E-07,-3.2412E-07
0.49000000000000005,0.88,8.0362000000000006E-10,-5.8315E-10,1.6027E-10,3.2376E-07,-3.2408E-07
0.48500000000000004,0.88,5.6855000000000007E-10,-5.9582E-10,1.4928E-10,3.2388E-07,-3.2406E-07
0.48000000000000004,0.88,6.7132E-10,-6.1434000000000007E-10,1.5679E-10,3.239E-07,-3.2402E-07
0.47500000000000003,0.88,7.7251000000000005E-10,-6.318800000000001E-10,1.5151E-10,3.232E-07,-3.2408E-07
0.47000000000000003,0.88,6.6547000000000008E-10,-6.4734000000000006E-10,1.5269000000000002E-10,3.231E-07,-3.2334E-07
0.465,0.88,7.309800000000001E-10,-6.6752000000000009E-10,1.6044000000000002E-10,3.2386E-07,-3.241E-07
0.46,0.88,7.2842000000000006E-10,-6.8305E-10,1.5100000000000002E-10,3.239E-07,-3.2406E-07
0.455,0.88,8.8029000000000007E-10,-7.0184E-10,1.6279000000000001E-10,3.2394E-07,-3.2406E-07
0.45,0.88,7.0084E-10,-7.2003E-10,1.5378E-10,3.239E-07,-3.2408E-07
0.445,0.88,8.1871000000000006E-10,-7.4009000000000008E-10,1.5879E-10,3.2388E-07,-3.2408E-07
0.44,0.88,8.8559E-10,-7.5978E-10,1.5564000000000002E-10,3.2392E-07,-3.242E-07
0.435,0.88,7.8638E-10,-7.7743000000000008E-10,1.5672E-10,3.2388E-07,-3.2412E-07
0.43,0.88,8.6926000000000006E-10,-7.9934000000000005E-10,1.6236000000000002E-10,3.2386E-07,-3.2404E-07
0.42500000000000004,0.88,9.0306000000000008E-10,-8.2200000000000006E-10,1.5676E-10,3.2322E-07,-3.2354E-07
0.42000000000000004,0.88,9.4646E-10,-8.428E-10,1.6456000000000002E-10,3.2386E-07,-3.2406E-07
0.41500000000000004,0.88,8.7618000000000007E-10,-8.6298000000000005E-10,1.5972000000000002E-10,3.2378E-07,-3.2412E-07
0.41000000000000003,0.88,9.6514E-10,-8.8577E-10,1.6132000000000002E-10,3.2392E-07,-3.2412E-07
0.405,0.88,1.02435E-09,-9.077500000000001E-10,1.5975000000000002E-10,3.2384E-07,-3.241E-07
0.4,0.88,9.3842000000000016E-10,-9.2909E-10,1.6148000000000002E-10,3.2392E-07,-3.2412E-07
0.395,0.88,1.0065900000000001E-09,-9.5276000000000013E-10,1.6307E-10,3.2392E-07,-3.2412E-07
0.39,0.88,1.10654E-09,-9.7859E-10,1.6145000000000002E-10,3.2392E-07,-3.241E-07
0.385,0.88,1.06128E-09,-1.00176E-09,1.6433000000000002E-10,3.2386E-07,-3.2412E-07
0.38,0.88,1.04621E-09,-1.02781E-09,1.6325E-10,3.239E-07,-3.2408E-07
0.375,0.88,1.2053E-09,-1.05108E-09,1.6185000000000002E-10,3.2386E-07,-3.2394E-07
0.37,0.88,1.1157E-09,-1.0764000000000001E-09,1.6119000000000001E-10,3.2384E-07,-3.241E-07
0.365,0.88,1.1082E-09,-1.10411E-09,1.6380000000000002E-10,3.2382E-07,-3.24E-07
0.36000000000000004,0.88,1.2476E-09,-1.1273E-09,1.6331E-10,3.2382E-07,-3.2408E-07
0.35500000000000004,0.88,1.1749E-09,-1.1569E-09,1.6412000000000002E-10,3.2394E-07,-3.2412E-07
0.35000000000000003,0.88,1.3594E-09,-1.1873E-09,1.6449000000000002E-10,3.2386E-07,-3.2406E-07
0.34500000000000003,0.88,1.1534E-09,-1.2165E-09,1.6201000000000002E-10,3.2374E-07,-3.2402E-07
0.34,0.88,1.3253E-09,-1.2491E-09,1.685E-10,3.238E-07,-3.2406E-07
0.335,0.88,1.2711E-09,-1.2794E-09,1.5919000000000002E-10,3.2382E-07,-3.24E-07
0.33,0.88,1.461E-09,-1.3129E-09,1.6889000000000002E-10,3.238E-07,-3.2404E-07
0.325,0.88,1.3112E-09,-1.3441E-09,1.6289000000000002E-10,3.239E-07,-3.2404E-07
0.32,0.88,1.3793E-09,-1.3789E-09,1.6832000000000002E-10,3.2384E-07,-3.2404E-07
0.315,0.88,1.5767E-09,-1.4148E-09,1.6722000000000002E-10,3.238E-07,-3.2414E-07
0.31,0.88,1.3815E-09,-1.4491E-09,1.6406E-10,3.2386E-07,-3.2396E-07
0.305,0.88,1.5818E-09,-1.4846E-09,1.7451000000000003E-10,3.238E-07,-3.2412E-07
0.3,0.88,1.4715E-09,-1.522E-09,1.61E-10,3.239E-07,-3.2408E-07
0.29500000000000004,0.88,1.7336E-09,-1.5609E-09,1.738E-10,3.2398E-07,-3.2414E-07
0.29000000000000004,0.88,1.5623E-09,-1.5989E-09,1.6263E-10,3.2386E-07,-3.2408E-07
0.28500000000000003,0.88,1.6372E-09,-1.6364E-09,1.7259000000000002E-10,3.2378E-07,-3.2341999999999997E-07
0.28,0.88,1.7817E-09,-1.6798E-09,1.6875E-10,3.2386E-07,-3.2406E-07
0.275,0.88,1.7241E-09,-1.7214E-09,1.6837E-10,3.239E-07,-3.2408E-07
0.27,0.88,1.8613E-09,-1.7635E-09,1.7626000000000002E-10,3.2382E-07,-3.2412E-07
0.265,0.88,1.7158E-09,-1.8078E-09,1.6551E-10,3.2388E-07,-3.2414E-07
0.26,0.88,2.0779E-09,-1.8534E-09,1.8018000000000002E-10,3.2392E-07,-3.2348E-07
0.255,0.88,1.8437E-09,-1.8952E-09,1.6494E-10,3.2394E-07,-3.2418E-07
0.25,0.88,1.9882E-09,-1.9428E-09,1.8013E-10,3.2394E-07,-3.2406E-07
0.24500000000000002,0.88,1.9956E-09,-1.9921E-09,1.701E-10,3.2396E-07,-3.2422E-07
0.24000000000000002,0.88,2.116E-09,-2.0411E-09,1.7394000000000002E-10,3.2396E-07,-3.2414E-07
0.23500000000000001,0.88,2.1473E-09,-2.0907E-09,1.7444000000000002E-10,3.2392E-07,-3.2412E-07
0.23,0.88,2.0357E-09,-2.1429E-09,1.6938000000000001E-10,3.239E-07,-3.2406E-07
0.225,0.88,2.3565E-09,-2.1985E-09,1.7882E-10,3.2384E-07,-3.2412E-07
0.22,0.88,2.2161E-09,-2.2492E-09,1.6679000000000003E-10,3.2386E-07,-3.241E-07
0.215,0.88,2.3582E-09,-2.3073E-09,1.8166000000000002E-10,3.239E-07,-3.2408E-07
0.21000000000000002,0.88,2.2784E-09,-2.3616E-09,1.6891000000000001E-10,3.2388E-07,-3.241E-07
0.20500000000000002,0.88,2.5516E-09,-2.4182E-09,1.7991E-10,3.239E-07,-3.2418E-07
0.2,0.88,2.4899E-09,-2.48E-09,1.7437000000000001E-10,3.2392E-07,-3.241E-07
0.195,0.88,2.4922E-09,-2.538E-09,1.7655000000000003E-10,3.2392E-07,-3.2408E-07
0.19,0.88,2.7013E-09,-2.6018E-09,1.8113000000000003E-10,3.239E-07,-3.2414E-07
0.185,0.88,2.6609E-09,-2.6613E-09,1.7296000000000002E-10,3.2324E-07,-3.234E-07
0.18000000000000002,0.88,2.7995E-09,-2.7329E-09,1.8497E-10,3.2392E-07,-3.2422E-07
0.17500000000000002,0.88,2.7205E-09,-2.7935E-09,1.7369000000000002E-10,3.2392E-07,-3.2414E-07
0.17,0.88,2.9602E-09,-2.8668E-09,1.8451000000000002E-10,3.2392E-07,-3.2414E-07
0.165,0.88,2.9723E-09,-2.9392E-09,1.7475000000000002E-10,3.2396E-07,-3.2418E-07
0.16,0.88,2.9922E-09,-3.0042E-09,1.8175000000000002E-10,3.238E-07,-3.2412E-07
0.155,0.88,3.0667E-09,-3.0766E-09,1.7917000000000001E-10,3.2394E-07,-3.2406E-07
0.15,0.88,3.1861E-09,-3.1496E-09,1.7754000000000002E-10,3.2386E-07,-3.2408E-07
0.14500000000000002,0.88,3.2883E-09,-3.2298E-09,1.8381E-10,3.2316E-07,-3.2406E-07
0.14,0.88,3.2247E-09,-3.3124E-09,1.7732000000000001E-10,3.2386E-07,-3.2412E-07
0.135,0.88,3.4496E-09,-3.3945E-09,1.849E-10,3.239E-07,-3.2341999999999997E-07
0.13,0.88,3.5248E-09,-3.4762E-09,1.7765E-10,3.239E-07,-3.2402E-07
0.125,0.88,3.5383E-09,-3.5591E-09,1.8615000000000002E-10,3.2392E-07,-3.2416E-07
0.12000000000000001,0.88,3.5985E-09,-3.6384E-09,1.8197000000000002E-10,3.2402E-07,-3.2404E-07
0.115,0.88,3.7704E-09,-3.7369E-09,1.8339000000000003E-10,3.2396E-07,-3.241E-07
0.11,0.88,3.8553E-09,-3.8264E-09,1.8339000000000003E-10,3.239E-07,-3.2414E-07
0.10500000000000001,0.88,3.8756E-09,-3.9172E-09,1.8343E-10,3.239E-07,-3.241E-07
0.1,0.88,3.9722E-09,-3.9999E-09,1.8571000000000002E-10,3.2386E-07,-3.2406E-07
0.095,0.88,4.1598E-09,-4.1032E-09,1.8275000000000002E-10,3.239E-07,-3.2406E-07
0.090000000000000011,0.88,4.2174E-09,-4.2089E-09,1.8725000000000003E-10,3.2388E-07,-3.2406E-07
0.085,0.88,4.2513E-09,-4.3116E-09,1.8619E-10,3.2396E-07,-3.2412E-07
0.08,0.88,4.4147E-09,-4.4053E-09,1.8682E-10,3.2394E-07,-3.2412E-07
0.075,0.88,4.5807E-09,-4.5203E-09,1.8700000000000003E-10,3.239E-07,-3.2414E-07
0.07,0.88,4.587E-09,-4.6276E-09,1.8941000000000002E-10,3.2392E-07,-3.2408E-07
0.065,0.88,4.6418E-09,-4.7298E-09,1.8865000000000002E-10,3.2398E-07,-3.2402E-07
0.060000000000000005,0.88,4.9476E-09,-4.8451E-09,1.8936E-10,3.239E-07,-3.241E-07
0.055,0.88,4.8873E-09,-4.9595E-09,1.8690000000000002E-10,3.2384E-07,-3.2404E-07
0.05,0.88,5.084E-09,-5.0811E-09,1.9121E-10,3.2392E-07,-3.2414E-07
0.045000000000000005,0.88,5.1508E-09,-5.1964999999999996E-09,1.8487E-10,3.2392E-07,-3.2412E-07
0.04,0.88,5.345E-09,-5.3206E-09,1.9035000000000002E-10,3.239E-07,-3.2406E-07
0.035,0.88,5.4327E-09,-5.4481E-09,1.8758000000000001E-10,3.239E-07,-3.2404E-07
0.030000000000000002,0.88,5.4318E-09,-5.5741E-09,1.8906000000000002E-10,3.2382E-07,-3.24E-07
0.025,0.88,5.8176E-09,-5.7104E-09,1.9271000000000003E-10,3.239E-07,-3.2414E-07
0.02,0.88,5.7428E-09,-5.8412E-09,1.876E-10,3.239E-07,-3.2394E-07
0.015000000000000001,0.88,6.0007E-09,-5.9823E-09,1.9968000000000003E-10,3.2398E-07,-3.2418E-07
0.01,0.88,5.9805E-09,-6.1309E-09,1.8634000000000003E-10,3.2396E-07,-3.24E-07
0.005,0.88,6.353E-09,-6.2712E-09,1.9947E-10,3.2392E-07,-3.2416E-07
0,0.88,6.4039E-09,-6.4277E-09,1.9053000000000001E-10,3.2392E-07,-3.2406E-07
1.2,0.89,-3.8286E-10,2.3305E-09,-6.8780000000000007E-11,3.2248E-07,-3.2422E-07
1.195,0.89,-4.8424000000000008E-10,2.1926E-09,-4.901E-11,3.2266E-07,-3.2422E-07
1.19,0.89,-5.8382000000000006E-10,2.0718E-09,-6.019E-11,3.2224E-07,-3.2428E-07
1.185,0.89,-3.8192E-10,1.9565E-09,-3.8620000000000005E-11,3.2282E-07,-3.2424E-07
1.1800000000000002,0.89,-5.3203000000000007E-10,1.8561E-09,-4.4450000000000005E-11,3.2288E-07,-3.2428E-07
1.175,0.89,-4.9040000000000008E-10,1.7607E-09,-3.6690000000000005E-11,3.2234E-07,-3.2358E-07
1.1700000000000002,0.89,-3.4558E-10,1.6741E-09,-3.168E-11,3.2306E-07,-3.243E-07
1.165,0.89,-4.8871000000000006E-10,1.5959E-09,-3.478E-11,3.2306E-07,-3.2428E-07
1.1600000000000001,0.89,-3.3512000000000003E-10,1.5217E-09,-1.886E-11,3.232E-07,-3.2428E-07
1.155,0.89,-5.0219E-10,1.4547E-09,-2.9000000000000003E-11,3.2326E-07,-3.2426E-07
1.1500000000000001,0.89,-2.2578000000000002E-10,1.3892E-09,-1.12E-11,3.2326E-07,-3.2418E-07
1.145,0.89,-4.1336E-10,1.3311E-09,-1.6230000000000002E-11,3.2332E-07,-3.2428E-07
1.1400000000000001,0.89,-4.052E-10,1.2769E-09,-9.5900000000000009E-12,3.233E-07,-3.2424E-07
1.135,0.89,-2.3519000000000004E-10,1.2249E-09,-6E-12,3.2336E-07,-3.242E-07
1.1300000000000001,0.89,-3.4484E-10,1.1768E-09,-9.45E-12,3.2316E-07,-3.2428E-07
1.125,0.89,-3.0923000000000003E-10,1.1317E-09,5.13E-12,3.235E-07,-3.2428E-07
1.12,0.89,-3.5552000000000003E-10,1.0894E-09,-4.5900000000000004E-12,3.2346E-07,-3.2418E-07
1.115,0.89,-1.3914000000000002E-10,1.0492E-09,1.1450000000000002E-11,3.2346E-07,-3.2428E-07
1.11,0.89,-3.6145000000000003E-10,1.0135E-09,5.4600000000000006E-12,3.2352E-07,-3.243E-07
1.105,0.89,-2.7879000000000003E-10,9.7725000000000012E-10,4.89E-12,3.235E-07,-3.2426E-07
1.1,0.89,-9.3860000000000012E-11,9.3991000000000012E-10,1.9600000000000002E-11,3.2352E-07,-3.243E-07
1.095,0.89,-2.9997E-10,9.1042E-10,1.46E-11,3.235E-07,-3.2416E-07
1.09,0.89,-2.4881000000000004E-10,8.7926E-10,2.3700000000000003E-11,3.2352E-07,-3.2424E-07
1.085,0.89,-1.2469E-10,8.5270000000000006E-10,2.26E-11,3.2352E-07,-3.2418E-07
1.08,0.89,-2.1772000000000003E-10,8.2518E-10,2.2930000000000002E-11,3.2352E-07,-3.2416E-07
1.075,0.89,-1.8331E-10,8.0033000000000007E-10,3.306E-11,3.2292E-07,-3.2358E-07
1.07,0.89,-1.9214000000000002E-10,7.7676E-10,2.4170000000000002E-11,3.2358E-07,-3.2424E-07
1.065,0.89,-8.3830000000000009E-11,7.5113000000000007E-10,3.722E-11,3.2362E-07,-3.2428E-07
1.06,0.89,-2.0192E-10,7.2996E-10,3.386E-11,3.2292E-07,-3.2355999999999997E-07
1.0550000000000002,0.89,-1.8058E-10,7.0696E-10,3.856E-11,3.2364E-07,-3.2422E-07
1.05,0.89,-4.986E-11,6.8686E-10,4.271E-11,3.2362E-07,-3.2418E-07
1.0450000000000002,0.89,-1.4682000000000002E-10,6.6770000000000008E-10,3.995E-11,3.2366E-07,-3.2428E-07
1.04,0.89,-1.4467E-10,6.4950000000000008E-10,4.858E-11,3.2362E-07,-3.2428E-07
1.0350000000000001,0.89,-6.851E-11,6.2884000000000007E-10,4.3680000000000005E-11,3.2362E-07,-3.2418E-07
1.03,0.89,-6.3100000000000007E-11,6.1309E-10,5.1590000000000006E-11,3.2369999999999997E-07,-3.2414E-07
1.0250000000000001,0.89,-1.2704E-10,5.9524E-10,5.255E-11,3.2358E-07,-3.2354E-07
1.02,0.89,-8.955E-11,5.7758000000000009E-10,5.3800000000000004E-11,3.2366E-07,-3.2412E-07
1.0150000000000001,0.89,-1.392E-11,5.6298000000000006E-10,5.739E-11,3.2374E-07,-3.242E-07
1.01,0.89,-6.372E-11,5.4918000000000006E-10,5.9290000000000009E-11,3.2358E-07,-3.2412E-07
1.0050000000000001,0.89,-1.1454000000000001E-10,5.3323E-10,6.0560000000000009E-11,3.2362E-07,-3.242E-07
1,0.89,1.9690000000000002E-11,5.1814E-10,6.166000000000001E-11,3.2374E-07,-3.242E-07
0.995,0.89,-1.4630000000000002E-11,5.0428E-10,6.3680000000000007E-11,3.2374E-07,-3.2422E-07
0.9900000000000001,0.89,-1.0278E-10,4.9094000000000006E-10,6.6820000000000008E-11,3.2376E-07,-3.242E-07
0.9850000000000001,0.89,2.314E-11,4.7635E-10,6.7070000000000007E-11,3.2368E-07,-3.242E-07
0.98000000000000009,0.89,-1.108E-11,4.6489000000000004E-10,6.843E-11,3.2304E-07,-3.2426E-07
0.97500000000000009,0.89,1.1630000000000001E-11,4.5141000000000005E-10,7.5030000000000011E-11,3.2372E-07,-3.2412E-07
0.97000000000000008,0.89,-8.4110000000000007E-11,4.3922E-10,7.092E-11,3.2372E-07,-3.2424E-07
0.96500000000000008,0.89,1.0455E-10,4.2526000000000004E-10,7.5720000000000011E-11,3.2372E-07,-3.242E-07
0.96000000000000008,0.89,8E-12,4.1511000000000003E-10,7.529E-11,3.2366E-07,-3.242E-07
0.95500000000000007,0.89,-9.9550000000000008E-11,4.0450000000000005E-10,7.678E-11,3.2366E-07,-3.2422E-07
0.95000000000000007,0.89,1.4931E-10,3.9071000000000004E-10,8.064E-11,3.2374E-07,-3.2424E-07
0.94500000000000006,0.89,-3.9430000000000006E-11,3.8187000000000005E-10,7.5470000000000012E-11,3.2364E-07,-3.2418E-07
0.94000000000000006,0.89,4.72E-11,3.7139000000000005E-10,8.577E-11,3.2368E-07,-3.2424E-07
0.935,0.89,1.1220000000000001E-11,3.5964E-10,7.892000000000001E-11,3.2372E-07,-3.2418E-07
0.93,0.89,9.3970000000000013E-11,3.4947000000000004E-10,8.5020000000000007E-11,3.2374E-07,-3.2424E-07
0.925,0.89,7.565E-11,3.3971E-10,8.767E-11,3.231E-07,-3.2364E-07
0.92,0.89,-7.838E-11,3.3075E-10,8.3500000000000009E-11,3.2372E-07,-3.2416E-07
0.915,0.89,2.2706000000000002E-10,3.1741000000000004E-10,9.4410000000000013E-11,3.2374E-07,-3.243E-07
0.91,0.89,-4.5210000000000005E-11,3.1133E-10,8.417E-11,3.2369999999999997E-07,-3.2422E-07
0.905,0.89,1.1297000000000001E-10,3.0111E-10,9.8550000000000011E-11,3.2372E-07,-3.2424E-07
0.9,0.89,6.557E-11,2.9063E-10,8.9900000000000008E-11,3.2313999999999997E-07,-3.2418E-07
0.895,0.89,1.0762000000000001E-10,2.8311E-10,9.418E-11,3.2374E-07,-3.242E-07
0.89,0.89,1.5166000000000002E-10,2.7234E-10,1.0036E-10,3.2362E-07,-3.2412E-07
0.885,0.89,-4.2190000000000005E-11,2.6581000000000004E-10,9.255E-11,3.2378E-07,-3.243E-07
0.88,0.89,2.8154000000000004E-10,2.5439000000000004E-10,1.0651E-10,3.2378E-07,-3.2422E-07
0.875,0.89,2.243E-11,2.4789E-10,9.2990000000000007E-11,3.2382E-07,-3.2424E-07
0.87,0.89,1.1785E-10,2.3815E-10,1.0689E-10,3.2308E-07,-3.2434E-07
0.865,0.89,1.6807000000000002E-10,2.2897E-10,1.0115000000000001E-10,3.2374E-07,-3.2418E-07
0.86,0.89,1.2032E-10,2.2227000000000002E-10,1.0186000000000001E-10,3.2376E-07,-3.242E-07
0.85500000000000009,0.89,1.9732000000000002E-10,2.1222000000000002E-10,1.1106000000000002E-10,3.2376E-07,-3.2422E-07
0.85000000000000009,0.89,3.142E-11,2.0565E-10,9.713E-11,3.2376E-07,-3.2424E-07
0.84500000000000008,0.89,3.1134000000000003E-10,1.9547000000000002E-10,1.1551000000000001E-10,3.2374E-07,-3.2424E-07
0.84000000000000008,0.89,8.9230000000000011E-11,1.8851E-10,1.0301000000000001E-10,3.2378E-07,-3.2436E-07
0.83500000000000008,0.89,1.1673000000000002E-10,1.8158E-10,1.1159000000000001E-10,3.239E-07,-3.2434E-07
0.83000000000000007,0.89,2.6942000000000004E-10,1.6991E-10,1.1239000000000001E-10,3.2388E-07,-3.2368E-07
0.82500000000000007,0.89,1.4006E-10,1.6504E-10,1.0656E-10,3.2388E-07,-3.2422E-07
0.82000000000000006,0.89,2.0442E-10,1.5502000000000002E-10,1.2055E-10,3.239E-07,-3.2432E-07
0.81500000000000006,0.89,1.3513E-10,1.4861000000000002E-10,1.067E-10,3.2386E-07,-3.2428E-07
0.81,0.89,3.1784E-10,1.3907000000000002E-10,1.2019E-10,3.2384E-07,-3.243E-07
0.805,0.89,1.3352000000000002E-10,1.3283000000000002E-10,1.1377000000000001E-10,3.2382E-07,-3.2422E-07
0.8,0.89,1.7889000000000002E-10,1.2305E-10,1.1733E-10,3.2374E-07,-3.2416E-07
0.795,0.89,3.1967000000000004E-10,1.1363000000000001E-10,1.2028E-10,3.2369999999999997E-07,-3.2416E-07
0.79,0.89,1.5950000000000002E-10,1.0808E-10,1.1447E-10,3.2368E-07,-3.2416E-07
0.785,0.89,2.4874E-10,9.767000000000001E-11,1.2403E-10,3.2376E-07,-3.2428E-07
0.78,0.89,2.0873E-10,8.962000000000001E-11,1.1325000000000001E-10,3.2368E-07,-3.2355999999999997E-07
0.775,0.89,3.2273000000000003E-10,8.219E-11,1.2322000000000002E-10,3.2374E-07,-3.2358E-07
0.77,0.89,2.1605000000000002E-10,7.3630000000000008E-11,1.2157E-10,3.2362E-07,-3.2406E-07
0.765,0.89,2.0675E-10,6.565E-11,1.2279E-10,3.2368E-07,-3.2422E-07
0.76,0.89,3.5853000000000005E-10,5.5440000000000004E-11,1.2567000000000002E-10,3.2368E-07,-3.2414E-07
0.755,0.89,2.331E-10,4.847E-11,1.2081000000000002E-10,3.2372E-07,-3.2416E-07
0.75,0.89,2.3768E-10,3.861E-11,1.2835E-10,3.2374E-07,-3.2424E-07
0.745,0.89,2.8974E-10,2.8780000000000003E-11,1.2026E-10,3.2376E-07,-3.2418E-07
0.74,0.89,3.6656E-10,2.0890000000000002E-11,1.2706E-10,3.2366E-07,-3.2416E-07
0.735,0.89,2.2549000000000001E-10,1.1850000000000001E-11,1.2525E-10,3.2368E-07,-3.2414E-07
0.73,0.89,2.8957E-10,2.24E-12,1.2603E-10,3.2372E-07,-3.2414E-07
0.72500000000000009,0.89,3.7909000000000003E-10,-7.8600000000000008E-12,1.2709E-10,3.2372E-07,-3.242E-07
0.72000000000000008,0.89,2.8735000000000005E-10,-1.577E-11,1.2671000000000002E-10,3.232E-07,-3.2346E-07
0.71500000000000008,0.89,2.7128E-10,-2.511E-11,1.3036E-10,3.2372E-07,-3.2418E-07
0.71000000000000008,0.89,4.0364E-10,-3.6720000000000003E-11,1.2864E-10,3.2366E-07,-3.2414E-07
0.70500000000000007,0.89,3.5323000000000003E-10,-4.5220000000000006E-11,1.3115E-10,3.2372E-07,-3.2422E-07
0.70000000000000007,0.89,2.9564E-10,-5.6210000000000005E-11,1.313E-10,3.2374E-07,-3.2416E-07
0.69500000000000006,0.89,4.0985000000000004E-10,-6.626E-11,1.2972000000000002E-10,3.2368E-07,-3.2416E-07
0.69000000000000006,0.89,3.6505000000000005E-10,-7.64E-11,1.3120000000000002E-10,3.2372E-07,-3.2428E-07
0.685,0.89,4.1224E-10,-8.665E-11,1.3437000000000002E-10,3.2372E-07,-3.2424E-07
0.68,0.89,2.9075E-10,-9.749E-11,1.3157000000000002E-10,3.2374E-07,-3.2414E-07
0.675,0.89,4.9941E-10,-1.0874E-10,1.3719000000000002E-10,3.2378E-07,-3.2416E-07
0.67,0.89,4.3437E-10,-1.1978E-10,1.3339000000000002E-10,3.2368E-07,-3.2418E-07
0.665,0.89,3.2234000000000005E-10,-1.2957E-10,1.3605E-10,3.2376E-07,-3.2416E-07
0.66,0.89,5.2784E-10,-1.4354E-10,1.3617E-10,3.2368E-07,-3.242E-07
0.655,0.89,4.0062E-10,-1.5250000000000002E-10,1.3234E-10,3.2378E-07,-3.2416E-07
0.65,0.89,4.8339E-10,-1.6486E-10,1.4171000000000002E-10,3.238E-07,-3.2414E-07
0.645,0.89,3.7958000000000005E-10,-1.7618E-10,1.3236000000000002E-10,3.238E-07,-3.2416E-07
0.64,0.89,6.0471000000000008E-10,-1.8792E-10,1.4197E-10,3.2288E-07,-3.2334E-07
0.635,0.89,4.5879E-10,-2.0046000000000002E-10,1.3962E-10,3.2374E-07,-3.2412E-07
0.63,0.89,3.8595000000000005E-10,-2.1073E-10,1.3671E-10,3.2374E-07,-3.2416E-07
0.625,0.89,6.8177E-10,-2.2515000000000002E-10,1.4322000000000002E-10,3.2372E-07,-3.2418E-07
0.62,0.89,4.1345000000000006E-10,-2.3485E-10,1.3425E-10,3.2378E-07,-3.2406E-07
0.615,0.89,5.5917E-10,-2.4782000000000003E-10,1.4698000000000002E-10,3.238E-07,-3.2406E-07
0.61,0.89,5.3137E-10,-2.6125E-10,1.3761E-10,3.2382E-07,-3.2408E-07
0.605,0.89,6.0313000000000007E-10,-2.7231E-10,1.4400000000000002E-10,3.2372E-07,-3.2416E-07
0.6,0.89,5.8298000000000009E-10,-2.8741000000000004E-10,1.4657000000000002E-10,3.2378E-07,-3.2422E-07
0.595,0.89,4.6360000000000003E-10,-2.9601000000000005E-10,1.3737E-10,3.238E-07,-3.2416E-07
0.59000000000000008,0.89,7.7057000000000006E-10,-3.1351000000000004E-10,1.5001E-10,3.2376E-07,-3.2414E-07
0.58500000000000008,0.89,4.9894E-10,-3.2356E-10,1.3546000000000002E-10,3.2382E-07,-3.2424E-07
0.58000000000000007,0.89,6.3177000000000008E-10,-3.3844E-10,1.5048E-10,3.2368E-07,-3.2418E-07
0.57500000000000007,0.89,6.7379E-10,-3.5147000000000003E-10,1.4123E-10,3.2362E-07,-3.2414E-07
0.57000000000000006,0.89,6.1617000000000005E-10,-3.6462000000000003E-10,1.4376E-10,3.2374E-07,-3.2406E-07
0.56500000000000006,0.89,7.0906E-10,-3.7909000000000003E-10,1.5221E-10,3.2368E-07,-3.2416E-07
0.56,0.89,5.4429000000000009E-10,-3.9189000000000003E-10,1.3797000000000002E-10,3.238E-07,-3.2414E-07
0.555,0.89,8.4085E-10,-4.0842E-10,1.5386E-10,3.232E-07,-3.2416E-07
0.55,0.89,5.8973000000000009E-10,-4.1947000000000005E-10,1.4006E-10,3.2366E-07,-3.2412E-07
0.545,0.89,7.0071000000000005E-10,-4.3334E-10,1.5013E-10,3.2368E-07,-3.2412E-07
0.54,0.89,7.8886000000000011E-10,-4.4948000000000003E-10,1.4568E-10,3.2366E-07,-3.241E-07
0.535,0.89,6.9461E-10,-4.6096000000000003E-10,1.4345E-10,3.2304E-07,-3.2352E-07
0.53,0.89,7.7005E-10,-4.7871E-10,1.5444E-10,3.2372E-07,-3.2414E-07
0.525,0.89,6.7126E-10,-4.9228000000000008E-10,1.4112E-10,3.2308E-07,-3.235E-07
0.52,0.89,9.191400000000001E-10,-5.0768E-10,1.5426000000000002E-10,3.238E-07,-3.2418E-07
0.515,0.89,6.7251000000000009E-10,-5.2254E-10,1.4494000000000002E-10,3.2382E-07,-3.2416E-07
0.51,0.89,7.8365000000000008E-10,-5.3860000000000008E-10,1.5001E-10,3.2318E-07,-3.2414E-07
0.505,0.89,9.0606000000000007E-10,-5.5510000000000008E-10,1.4973E-10,3.2374E-07,-3.242E-07
0.5,0.89,7.5101000000000008E-10,-5.6809E-10,1.4578E-10,3.2378E-07,-3.2416E-07
0.49500000000000005,0.89,8.5854E-10,-5.8618E-10,1.5621000000000002E-10,3.2384E-07,-3.2418E-07
0.49000000000000005,0.89,8.332500000000001E-10,-6.0208000000000006E-10,1.4524E-10,3.2378E-07,-3.242E-07
0.48500000000000004,0.89,9.8031E-10,-6.2007E-10,1.5724000000000002E-10,3.2374E-07,-3.241E-07
0.48000000000000004,0.89,8.0102000000000009E-10,-6.3605000000000009E-10,1.4865000000000002E-10,3.2378E-07,-3.2418E-07
0.47500000000000003,0.89,9.0102000000000006E-10,-6.5531000000000009E-10,1.5083E-10,3.2376E-07,-3.242E-07
0.47000000000000003,0.89,1.01161E-09,-6.7416000000000008E-10,1.5287E-10,3.2374E-07,-3.2406E-07
0.465,0.89,8.6120000000000009E-10,-6.8905E-10,1.4758000000000002E-10,3.238E-07,-3.2418E-07
0.46,0.89,9.6627E-10,-7.0947E-10,1.5678E-10,3.2378E-07,-3.243E-07
0.455,0.89,9.9804E-10,-7.2840000000000009E-10,1.4857E-10,3.2308E-07,-3.2355999999999997E-07
0.45,0.89,1.0340200000000001E-09,-7.4708000000000007E-10,1.5890000000000002E-10,3.2378E-07,-3.2414E-07
0.445,0.89,9.5628000000000013E-10,-7.6934000000000005E-10,1.5237E-10,3.2374E-07,-3.24E-07
0.44,0.89,1.03326E-09,-7.9007E-10,1.5265E-10,3.2368E-07,-3.241E-07
0.435,0.89,1.1373400000000001E-09,-8.1154000000000007E-10,1.5443E-10,3.2362E-07,-3.2416E-07
0.43,0.89,1.1224E-09,-8.2692000000000008E-10,1.5616E-10,3.2378E-07,-3.2418E-07
0.42500000000000004,0.89,1.1428E-09,-8.4793000000000009E-10,1.5286E-10,3.2374E-07,-3.241E-07
0.42000000000000004,0.89,1.09E-09,-8.6993000000000012E-10,1.5657E-10,3.2369999999999997E-07,-3.2414E-07
0.41500000000000004,0.89,1.0668E-09,-8.9343000000000009E-10,1.5511000000000002E-10,3.2378E-07,-3.2418E-07
0.41000000000000003,0.89,1.2364E-09,-9.1633000000000008E-10,1.5521E-10,3.2376E-07,-3.2418E-07
0.405,0.89,1.1724E-09,-9.3964E-10,1.5631E-10,3.2374E-07,-3.2414E-07
0.4,0.89,1.1442E-09,-9.6326E-10,1.5817E-10,3.2369999999999997E-07,-3.2408E-07
0.395,0.89,1.2428E-09,-9.8959E-10,1.5828000000000002E-10,3.2374E-07,-3.2414E-07
0.39,0.89,1.332E-09,-1.01446E-09,1.5903000000000002E-10,3.2384E-07,-3.2418E-07
0.385,0.89,1.2443E-09,-1.04126E-09,1.6075000000000001E-10,3.2374E-07,-3.2418E-07
0.38,0.89,1.2483E-09,-1.0673100000000001E-09,1.5950000000000002E-10,3.2372E-07,-3.2412E-07
0.375,0.89,1.4416E-09,-1.09714E-09,1.6052E-10,3.2382E-07,-3.241E-07
0.37,0.89,1.2738E-09,-1.1201E-09,1.5762000000000002E-10,3.2364E-07,-3.2418E-07
0.365,0.89,1.4914E-09,-1.149E-09,1.6195000000000002E-10,3.2372E-07,-3.241E-07
0.36000000000000004,0.89,1.2906E-09,-1.1769E-09,1.5667000000000001E-10,3.2302E-07,-3.234E-07
0.35500000000000004,0.89,1.4905E-09,-1.208E-09,1.6259E-10,3.2369999999999997E-07,-3.241E-07
0.35000000000000003,0.89,1.4917E-09,-1.2377E-09,1.5635E-10,3.2368E-07,-3.2406E-07
0.34500000000000003,0.89,1.4906E-09,-1.2694E-09,1.6326000000000001E-10,3.2372E-07,-3.2416E-07
0.34,0.89,1.4887E-09,-1.303E-09,1.6048000000000002E-10,3.2369999999999997E-07,-3.241E-07
0.335,0.89,1.537E-09,-1.3349E-09,1.5878000000000002E-10,3.2372E-07,-3.2408E-07
0.33,0.89,1.7437E-09,-1.3701E-09,1.6535E-10,3.2368E-07,-3.2406E-07
0.325,0.89,1.4534E-09,-1.4012E-09,1.5807E-10,3.2308E-07,-3.2354E-07
0.32,0.89,1.7478E-09,-1.4398E-09,1.7054E-10,3.238E-07,-3.2412E-07
0.315,0.89,1.6708E-09,-1.475E-09,1.5717E-10,3.2372E-07,-3.2412E-07
0.31,0.89,1.7891E-09,-1.5131E-09,1.7146000000000002E-10,3.2366E-07,-3.2414E-07
0.305,0.89,1.715E-09,-1.5507E-09,1.6149E-10,3.2378E-07,-3.2414E-07
0.3,0.89,1.7859E-09,-1.5892E-09,1.6713000000000002E-10,3.2374E-07,-3.242E-07
0.29500000000000004,0.89,1.9873E-09,-1.6306E-09,1.6759E-10,3.2382E-07,-3.2412E-07
0.29000000000000004,0.89,1.762E-09,-1.6714E-09,1.6133E-10,3.2374E-07,-3.2406E-07
0.28500000000000003,0.89,2.0161E-09,-1.7166E-09,1.7376E-10,3.238E-07,-3.2412E-07
0.28,0.89,1.8885E-09,-1.758E-09,1.5913000000000002E-10,3.238E-07,-3.2406E-07
0.275,0.89,2.1617E-09,-1.8037E-09,1.7569000000000002E-10,3.2374E-07,-3.2414E-07
0.27,0.89,1.9593E-09,-1.8468E-09,1.6167000000000002E-10,3.2384E-07,-3.2418E-07
0.265,0.89,2.0866E-09,-1.8917E-09,1.7035E-10,3.2374E-07,-3.2416E-07
0.26,0.89,2.238E-09,-1.9413E-09,1.6531000000000002E-10,3.2376E-07,-3.2416E-07
0.255,0.89,2.1352E-09,-1.9845E-09,1.6551E-10,3.2374E-07,-3.2412E-07
0.25,0.89,2.2711E-09,-2.039E-09,1.7491000000000002E-10,3.238E-07,-3.2412E-07
0.24500000000000002,0.89,2.1877E-09,-2.0853E-09,1.6247E-10,3.2372E-07,-3.2416E-07
0.24000000000000002,0.89,2.5023E-09,-2.1415E-09,1.7716E-10,3.2372E-07,-3.241E-07
0.23500000000000001,0.89,2.266E-09,-2.1905E-09,1.6212E-10,3.2374E-07,-3.2416E-07
0.23,0.89,2.4874E-09,-2.2469E-09,1.7657000000000002E-10,3.2386E-07,-3.2416E-07
0.225,0.89,2.505E-09,-2.3015E-09,1.663E-10,3.2378E-07,-3.2406E-07
0.22,0.89,2.5977E-09,-2.3569E-09,1.7303000000000002E-10,3.2374E-07,-3.2426E-07
0.215,0.89,2.6372E-09,-2.4156E-09,1.7618E-10,3.238E-07,-3.2408E-07
0.21000000000000002,0.89,2.5807E-09,-2.4746E-09,1.7116E-10,3.238E-07,-3.2414E-07
0.20500000000000002,0.89,2.8633E-09,-2.5318E-09,1.7828E-10,3.2374E-07,-3.2406E-07
0.2,0.89,2.7223E-09,-2.5905E-09,1.6733E-10,3.2372E-07,-3.2414E-07
0.195,0.89,2.898E-09,-2.6559E-09,1.791E-10,3.2364E-07,-3.24E-07
0.19,0.89,2.8553E-09,-2.72E-09,1.6649E-10,3.2372E-07,-3.2404E-07
0.185,0.89,3.0972E-09,-2.7868E-09,1.7771000000000003E-10,3.238E-07,-3.241E-07
0.18000000000000002,0.89,3.0233E-09,-2.8558E-09,1.7341000000000003E-10,3.2374E-07,-3.2406E-07
0.17500000000000002,0.89,3.0112E-09,-2.9211E-09,1.7472000000000002E-10,3.2374E-07,-3.2406E-07
0.17,0.89,3.3766E-09,-3.0724E-09,1.7733000000000002E-10,3.2378E-07,-3.2416E-07
0.165,0.89,3.299E-09,-3.1238E-09,1.7180000000000002E-10,3.2378E-07,-3.2406E-07
0.16,0.89,3.3356E-09,-3.1437E-09,1.8121000000000001E-10,3.2372E-07,-3.241E-07
0.155,0.89,3.3539E-09,-3.2187E-09,1.7073000000000001E-10,3.2374E-07,-3.241E-07
0.15,0.89,3.593E-09,-3.2976E-09,1.8051E-10,3.2374E-07,-3.2412E-07
0.14500000000000002,0.89,3.5278E-09,-3.3776E-09,1.7472000000000002E-10,3.2362E-07,-3.2406E-07
0.14,0.89,3.5817E-09,-3.4594E-09,1.7927000000000002E-10,3.2374E-07,-3.2402E-07
0.135,0.89,3.7789E-09,-3.5455E-09,1.7804E-10,3.2368E-07,-3.2412E-07
0.13,0.89,3.8419E-09,-3.6393E-09,1.7593E-10,3.2368E-07,-3.2408E-07
0.125,0.89,3.8877E-09,-3.724E-09,1.8214E-10,3.2366E-07,-3.241E-07
0.12000000000000001,0.89,3.9638E-09,-3.8151E-09,1.7720000000000002E-10,3.2378E-07,-3.2414E-07
0.115,0.89,4.1505E-09,-3.909E-09,1.8479000000000002E-10,3.2369999999999997E-07,-3.2414E-07
0.11,0.89,4.2258E-09,-4.0042E-09,1.8000000000000003E-10,3.2382E-07,-3.2406E-07
0.10500000000000001,0.89,4.2109E-09,-4.0987E-09,1.8494E-10,3.2374E-07,-3.2398E-07
0.1,0.89,4.38E-09,-4.1905E-09,1.8115000000000002E-10,3.2372E-07,-3.2404E-07
0.095,0.89,4.5243E-09,-4.2921E-09,1.808E-10,3.2374E-07,-3.2418E-07
0.090000000000000011,0.89,4.5693E-09,-4.3939E-09,1.8175000000000002E-10,3.2368E-07,-3.2406E-07
0.085,0.89,4.6359E-09,-4.5015E-09,1.8167E-10,3.2376E-07,-3.2406E-07
0.08,0.89,4.7563E-09,-4.608E-09,1.8246E-10,3.2378E-07,-3.2406E-07
0.075,0.89,5.0095E-09,-4.7249E-09,1.8380000000000003E-10,3.2369999999999997E-07,-3.2404E-07
0.07,0.89,4.8764E-09,-4.829E-09,1.8297000000000002E-10,3.2386E-07,-3.241E-07
0.065,0.89,5.1383E-09,-4.9523E-09,1.8588E-10,3.2313999999999997E-07,-3.2398E-07
0.060000000000000005,0.89,5.2597E-09,-5.0671E-09,1.8127E-10,3.2369999999999997E-07,-3.24E-07
0.055,0.89,5.3745E-09,-5.1894E-09,1.8753000000000002E-10,3.2364E-07,-3.2406E-07
0.05,0.89,5.4797E-09,-5.314E-09,1.8558000000000002E-10,3.2368E-07,-3.2402E-07
0.045000000000000005,0.89,5.5117E-09,-5.441E-09,1.8442000000000002E-10,3.2368E-07,-3.241E-07
0.04,0.89,5.8887E-09,-5.5744E-09,1.9054000000000002E-10,3.2374E-07,-3.24E-07
0.035,0.89,5.7385E-09,-5.6963E-09,1.8175000000000002E-10,3.2304E-07,-3.233E-07
0.030000000000000002,0.89,6.0384E-09,-5.8553E-09,1.9321000000000002E-10,3.2372E-07,-3.2408E-07
0.025,0.89,6.1883E-09,-5.9969E-09,1.8235000000000002E-10,3.2368E-07,-3.2398E-07
0.02,0.89,6.3058E-09,-6.1321E-09,1.9106E-10,3.2378E-07,-3.2406E-07
0.015000000000000001,0.89,6.4406E-09,-6.2802E-09,1.9011E-10,3.2374E-07,-3.2408E-07
0.01,0.89,6.4586E-09,-6.4275E-09,1.8675000000000003E-10,3.2362E-07,-3.2406E-07
0.005,0.89,6.9711E-09,-6.6479E-09,1.9544000000000003E-10,3.2366E-07,-3.2398E-07
0,0.89,6.8196E-09,-6.7985E-09,1.8277E-10,3.2362E-07,-3.24E-07
1.2,0.9,-3.6027000000000004E-10,2.2373E-09,-4.5970000000000004E-11,3.2168E-07,-3.2422E-07
1.195,0.9,-3.5265E-10,2.1093E-09,-5.5120000000000006E-11,3.2238E-07,-3.2418E-07
1.19,0.9,-2.1179000000000003E-10,1.993E-09,-4.3500000000000005E-11,3.2243999999999997E-07,-3.2416E-07
1.185,0.9,-2.2160000000000002E-10,1.8866E-09,-3.8800000000000004E-11,3.2256E-07,-3.2424E-07
1.1800000000000002,0.9,-3.4611E-10,1.7916E-09,-3.948E-11,3.226E-07,-3.2412E-07
1.175,0.9,-1.2736000000000001E-10,1.698E-09,-2.3900000000000003E-11,3.2274E-07,-3.2354E-07
1.1700000000000002,0.9,-2.4862E-10,1.6162E-09,-3.342E-11,3.2274E-07,-3.2352E-07
1.165,0.9,-1.5962000000000001E-10,1.5397E-09,-1.635E-11,3.229E-07,-3.2422E-07
1.1600000000000001,0.9,-2.5744000000000004E-10,1.4692E-09,-2.3970000000000002E-11,3.229E-07,-3.2412E-07
1.155,0.9,-1.0362000000000001E-10,1.404E-09,-1.473E-11,3.2285999999999997E-07,-3.2408E-07
1.1500000000000001,0.9,-1.1534000000000001E-10,1.3433E-09,-1.0950000000000002E-11,3.2302E-07,-3.2418E-07
1.145,0.9,-2.4325E-10,1.2884E-09,-1.157E-11,3.2294E-07,-3.2412E-07
1.1400000000000001,0.9,-4.311E-11,1.2316E-09,-5E-13,3.2304E-07,-3.2416E-07
1.135,0.9,-1.1778E-10,1.1854E-09,-8.25E-12,3.2313999999999997E-07,-3.241E-07
1.1300000000000001,0.9,-7.040000000000001E-11,1.1367E-09,7.34E-12,3.2316E-07,-3.2416E-07
1.125,0.9,-1.5253000000000002E-10,1.095E-09,-1.0600000000000001E-12,3.2313999999999997E-07,-3.2416E-07
1.12,0.9,2.2110000000000002E-11,1.0527E-09,8.16E-12,3.2316E-07,-3.2406E-07
1.115,0.9,-5.6330000000000007E-11,1.0153E-09,7.0300000000000005E-12,3.2308E-07,-3.2414E-07
1.11,0.9,-1.4109E-10,9.7556E-10,8.0900000000000013E-12,3.2316E-07,-3.2416E-07
1.105,0.9,4.297E-11,9.4201000000000014E-10,1.699E-11,3.2322E-07,-3.2412E-07
1.1,0.9,-5.1600000000000006E-12,9.0989E-10,1.631E-11,3.2324E-07,-3.2422E-07
1.095,0.9,-8.79E-11,8.8144000000000011E-10,1.896E-11,3.2327999999999997E-07,-3.242E-07
1.09,0.9,4.512E-11,8.499800000000001E-10,2.407E-11,3.2334E-07,-3.2366E-07
1.085,0.9,4.9660000000000006E-11,8.2254E-10,2.178E-11,3.2327999999999997E-07,-3.2416E-07
1.08,0.9,-1.3970000000000001E-11,7.993E-10,3.055E-11,3.2322E-07,-3.2422E-07
1.075,0.9,2.6990000000000002E-11,7.7269E-10,2.7940000000000003E-11,3.2332E-07,-3.2416E-07
1.07,0.9,9.201E-11,7.4864E-10,3.351E-11,3.234E-07,-3.2416E-07
1.065,0.9,3.948E-11,7.2571000000000007E-10,3.6100000000000003E-11,3.234E-07,-3.2424E-07
1.06,0.9,1.717E-11,7.0537E-10,3.722E-11,3.2336E-07,-3.2418E-07
1.0550000000000002,0.9,9.1940000000000008E-11,6.8248E-10,4.046E-11,3.2344E-07,-3.2426E-07
1.05,0.9,1.4341E-10,6.6415E-10,4.065E-11,3.234E-07,-3.2418E-07
1.0450000000000002,0.9,2.125E-11,6.4611000000000006E-10,4.4370000000000004E-11,3.2341999999999997E-07,-3.242E-07
1.04,0.9,1.4064000000000002E-10,6.2727E-10,4.65E-11,3.235E-07,-3.2418E-07
1.0350000000000001,0.9,1.4880000000000002E-10,6.0793000000000009E-10,4.6520000000000005E-11,3.2338E-07,-3.2422E-07
1.03,0.9,7.062000000000001E-11,5.9195E-10,5.189E-11,3.2344E-07,-3.242E-07
1.0250000000000001,0.9,1.2919000000000002E-10,5.7475E-10,5.2720000000000006E-11,3.2341999999999997E-07,-3.235E-07
1.02,0.9,9.9520000000000009E-11,5.5818E-10,5.16E-11,3.2344E-07,-3.2424E-07
1.0150000000000001,0.9,2.3573E-10,5.4408E-10,5.7260000000000004E-11,3.2344E-07,-3.2416E-07
1.01,0.9,2.993E-11,5.3010000000000006E-10,5.535E-11,3.2352E-07,-3.2418E-07
1.0050000000000001,0.9,2.0171000000000002E-10,5.1545E-10,6.2320000000000011E-11,3.234E-07,-3.2422E-07
1,0.9,2.3234000000000002E-10,5.0081000000000005E-10,6.127E-11,3.234E-07,-3.2428E-07
0.995,0.9,7.414E-11,4.8970000000000008E-10,6.438E-11,3.2346E-07,-3.2408E-07
0.9900000000000001,0.9,2.3665E-10,4.7202E-10,6.956E-11,3.2341999999999997E-07,-3.241E-07
0.9850000000000001,0.9,1.3480000000000002E-10,4.6155E-10,6.121E-11,3.2352E-07,-3.2418E-07
0.98000000000000009,0.9,2.7497000000000003E-10,4.4872000000000003E-10,7.449E-11,3.2346E-07,-3.2418E-07
0.97500000000000009,0.9,8.859E-11,4.3624000000000004E-10,6.76E-11,3.2354E-07,-3.2418E-07
0.97000000000000008,0.9,2.1869000000000002E-10,4.2389E-10,7.369E-11,3.2288E-07,-3.2432E-07
0.96500000000000008,0.9,3.2238000000000003E-10,4.1033E-10,7.715E-11,3.2346E-07,-3.2422E-07
0.96000000000000008,0.9,5.048E-11,4.034E-10,7.289E-11,3.235E-07,-3.2418E-07
0.95500000000000007,0.9,3.4706000000000004E-10,3.8614E-10,8.527E-11,3.2354E-07,-3.2422E-07
0.95000000000000007,0.9,1.7356000000000002E-10,3.7941000000000004E-10,7.0480000000000011E-11,3.2341999999999997E-07,-3.2414E-07
0.94500000000000006,0.9,2.7575E-10,3.6802000000000004E-10,8.5900000000000008E-11,3.2344E-07,-3.2424E-07
0.94000000000000006,0.9,1.8407000000000002E-10,3.5768000000000005E-10,7.885E-11,3.2346E-07,-3.2412E-07
0.935,0.9,2.5028000000000004E-10,3.4736000000000003E-10,8.117E-11,3.2285999999999997E-07,-3.2406E-07
0.93,0.9,3.5086E-10,3.3583E-10,9.0590000000000007E-11,3.2346E-07,-3.241E-07
0.925,0.9,1.1985E-10,3.2921000000000004E-10,8.0030000000000007E-11,3.2352E-07,-3.2416E-07
0.92,0.9,3.7244E-10,3.1645000000000003E-10,9.4420000000000008E-11,3.2346E-07,-3.2412E-07
0.915,0.9,2.4700000000000003E-10,3.0693000000000005E-10,8.211E-11,3.2352E-07,-3.2422E-07
0.91,0.9,2.4938E-10,2.9958E-10,9.2020000000000009E-11,3.2334E-07,-3.2416E-07
0.905,0.9,2.8322000000000003E-10,2.8807E-10,9.0940000000000011E-11,3.2355999999999997E-07,-3.2414E-07
0.9,0.9,2.7514000000000004E-10,2.8079E-10,8.6830000000000012E-11,3.2348E-07,-3.2414E-07
0.895,0.9,3.8923E-10,2.7074000000000004E-10,1.0097000000000001E-10,3.2354E-07,-3.2418E-07
0.89,0.9,1.6561E-10,2.6336E-10,8.8320000000000011E-11,3.2346E-07,-3.241E-07
0.885,0.9,4.2741000000000003E-10,2.5312E-10,1.0271000000000001E-10,3.2338E-07,-3.2412E-07
0.88,0.9,2.9674E-10,2.4419E-10,9.4300000000000013E-11,3.235E-07,-3.2414E-07
0.875,0.9,2.7282000000000005E-10,2.3801000000000004E-10,1.0179E-10,3.2346E-07,-3.2412E-07
0.87,0.9,3.6320000000000005E-10,2.2674E-10,1.0135E-10,3.235E-07,-3.2412E-07
0.865,0.9,3.2305000000000004E-10,2.1955E-10,9.744E-11,3.2352E-07,-3.2418E-07
0.86,0.9,4.1352000000000004E-10,2.1154000000000003E-10,1.1002000000000001E-10,3.2348E-07,-3.2418E-07
0.85500000000000009,0.9,2.3178000000000003E-10,2.0346000000000001E-10,9.9470000000000007E-11,3.2346E-07,-3.2412E-07
0.85000000000000009,0.9,4.8234E-10,1.9398E-10,1.1012E-10,3.235E-07,-3.2416E-07
0.84500000000000008,0.9,3.6590000000000005E-10,1.8597E-10,1.0545000000000001E-10,3.2348E-07,-3.2394E-07
0.84000000000000008,0.9,2.9492E-10,1.8044000000000003E-10,1.0828000000000001E-10,3.2271999999999997E-07,-3.2334E-07
0.83500000000000008,0.9,4.5907000000000005E-10,1.6797000000000002E-10,1.1131000000000001E-10,3.2346E-07,-3.2406E-07
0.83000000000000007,0.9,3.8197000000000003E-10,1.619E-10,1.0432000000000001E-10,3.2341999999999997E-07,-3.2406E-07
0.82500000000000007,0.9,3.8553E-10,1.5324E-10,1.1512000000000001E-10,3.2346E-07,-3.2414E-07
0.82000000000000006,0.9,3.6453000000000003E-10,1.4536E-10,1.0669000000000001E-10,3.2341999999999997E-07,-3.2408E-07
0.81500000000000006,0.9,4.8622E-10,1.3671E-10,1.1501000000000001E-10,3.2344E-07,-3.2406E-07
0.81,0.9,3.8718000000000005E-10,1.2834000000000002E-10,1.1287000000000001E-10,3.2348E-07,-3.242E-07
0.805,0.9,3.55E-10,1.2175000000000002E-10,1.1147E-10,3.234E-07,-3.2412E-07
0.8,0.9,5.1943E-10,1.1009E-10,1.1835E-10,3.2344E-07,-3.241E-07
0.795,0.9,4.0940000000000005E-10,1.0467000000000001E-10,1.1185000000000001E-10,3.228E-07,-3.2346E-07
0.79,0.9,3.7965000000000003E-10,9.5570000000000012E-11,1.1948E-10,3.234E-07,-3.2406E-07
0.785,0.9,4.7856E-10,8.702E-11,1.1411000000000001E-10,3.2341999999999997E-07,-3.241E-07
0.78,0.9,4.7572E-10,7.841E-11,1.1851E-10,3.2344E-07,-3.2416E-07
0.775,0.9,4.1593000000000003E-10,7.0210000000000009E-11,1.2092E-10,3.2344E-07,-3.241E-07
0.77,0.9,4.4545000000000005E-10,6.126E-11,1.1885E-10,3.2341999999999997E-07,-3.2406E-07
0.765,0.9,5.0687E-10,5.219E-11,1.2142E-10,3.2344E-07,-3.241E-07
0.76,0.9,4.9983E-10,4.498E-11,1.1934E-10,3.2338E-07,-3.2402E-07
0.755,0.9,4.0723000000000005E-10,3.562E-11,1.2333E-10,3.2348E-07,-3.2414E-07
0.75,0.9,5.3674E-10,2.593E-11,1.238E-10,3.2346E-07,-3.2406E-07
0.745,0.9,5.293E-10,1.6780000000000002E-11,1.2321E-10,3.2285999999999997E-07,-3.234E-07
0.74,0.9,4.4601000000000004E-10,8.93E-12,1.2517000000000002E-10,3.2348E-07,-3.2406E-07
0.735,0.9,5.4289000000000008E-10,-2.8300000000000003E-12,1.2569E-10,3.2348E-07,-3.2412E-07
0.73,0.9,5.1446E-10,-1.107E-11,1.2212000000000001E-10,3.2355999999999997E-07,-3.2416E-07
0.72500000000000009,0.9,5.8834000000000006E-10,-2.1440000000000002E-11,1.2836E-10,3.2358E-07,-3.2414E-07
0.72000000000000008,0.9,4.3382000000000006E-10,-3.062E-11,1.2286E-10,3.235E-07,-3.241E-07
0.71500000000000008,0.9,5.8365E-10,-4.1130000000000004E-11,1.2838E-10,3.2344E-07,-3.2406E-07
0.71000000000000008,0.9,6.3987000000000009E-10,-5.116E-11,1.2477E-10,3.2346E-07,-3.2406E-07
0.70500000000000007,0.9,4.1601000000000005E-10,-5.905E-11,1.2637E-10,3.2276E-07,-3.2346E-07
0.70000000000000007,0.9,6.9106000000000009E-10,-7.24E-11,1.3270000000000002E-10,3.234E-07,-3.2412E-07
0.69500000000000006,0.9,5.3383E-10,-8.247E-11,1.2201E-10,3.2346E-07,-3.2406E-07
0.69000000000000006,0.9,6.3469E-10,-9.2600000000000009E-11,1.3715E-10,3.2288E-07,-3.235E-07
0.685,0.9,5.4169E-10,-1.0393000000000001E-10,1.2435000000000002E-10,3.2348E-07,-3.2416E-07
0.68,0.9,6.2877000000000009E-10,-1.1430000000000001E-10,1.3204000000000002E-10,3.2354E-07,-3.2412E-07
0.675,0.9,6.7843E-10,-1.2634E-10,1.3385E-10,3.234E-07,-3.2404E-07
0.67,0.9,4.9338E-10,-1.3430000000000002E-10,1.2856000000000002E-10,3.2341999999999997E-07,-3.2412E-07
0.665,0.9,7.6440000000000007E-10,-1.5002000000000002E-10,1.3956E-10,3.235E-07,-3.241E-07
0.66,0.9,5.805E-10,-1.5836E-10,1.2727000000000002E-10,3.2346E-07,-3.241E-07
0.655,0.9,7.104300000000001E-10,-1.7034E-10,1.4083000000000002E-10,3.2296E-07,-3.2344E-07
0.65,0.9,6.3527E-10,-1.8284E-10,1.3206E-10,3.2346E-07,-3.2412E-07
0.645,0.9,6.8375E-10,-1.9442E-10,1.3358000000000002E-10,3.235E-07,-3.2416E-07
0.64,0.9,8.0684000000000008E-10,-2.0657000000000002E-10,1.4108000000000002E-10,3.228E-07,-3.2418E-07
0.635,0.9,5.4447000000000009E-10,-2.1746000000000002E-10,1.3043E-10,3.2346E-07,-3.2412E-07
0.63,0.9,8.5531E-10,-2.3068000000000002E-10,1.4462000000000001E-10,3.2348E-07,-3.2412E-07
0.625,0.9,7.0061E-10,-2.4372E-10,1.304E-10,3.2348E-07,-3.2346E-07
0.62,0.9,7.1997E-10,-2.5437E-10,1.4204E-10,3.2308E-07,-3.2412E-07
0.615,0.9,7.1743000000000008E-10,-2.6938E-10,1.3556000000000002E-10,3.2344E-07,-3.2402E-07
0.61,0.9,8.0417E-10,-2.7984000000000004E-10,1.3695E-10,3.234E-07,-3.2418E-07
0.605,0.9,8.2562000000000009E-10,-2.9597E-10,1.4322000000000002E-10,3.235E-07,-3.241E-07
0.6,0.9,6.2898E-10,-3.0493E-10,1.3295000000000002E-10,3.2344E-07,-3.2406E-07
0.595,0.9,9.6158000000000011E-10,-3.2078E-10,1.4645000000000002E-10,3.235E-07,-3.2406E-07
0.59000000000000008,0.9,7.4418E-10,-3.3101000000000003E-10,1.3524000000000002E-10,3.2346E-07,-3.241E-07
0.58500000000000008,0.9,8.0568000000000006E-10,-3.4563E-10,1.4528000000000001E-10,3.2344E-07,-3.2412E-07
0.58000000000000007,0.9,8.8048E-10,-3.6084E-10,1.4221000000000002E-10,3.2346E-07,-3.2408E-07
0.57500000000000007,0.9,8.3890000000000007E-10,-3.7285E-10,1.3824E-10,3.2346E-07,-3.2404E-07
0.57000000000000006,0.9,9.032300000000001E-10,-3.875E-10,1.4796E-10,3.235E-07,-3.2404E-07
0.56500000000000006,0.9,7.5933000000000011E-10,-3.9936000000000006E-10,1.3551E-10,3.2344E-07,-3.2408E-07
0.56,0.9,9.7298E-10,-4.1527000000000006E-10,1.4862E-10,3.2348E-07,-3.2408E-07
0.555,0.9,8.7466000000000006E-10,-4.2915E-10,1.3737E-10,3.2344E-07,-3.2404E-07
0.55,0.9,9.0502E-10,-4.4139E-10,1.4721E-10,3.2344E-07,-3.2406E-07
0.545,0.9,9.0908E-10,-4.5954000000000005E-10,1.4414E-10,3.234E-07,-3.241E-07
0.54,0.9,9.6E-10,-4.7146E-10,1.4107E-10,3.2338E-07,-3.2404E-07
0.535,0.9,9.9713E-10,-4.8777000000000006E-10,1.4918000000000002E-10,3.2348E-07,-3.2416E-07
0.53,0.9,8.2910000000000006E-10,-5.0003000000000008E-10,1.3811E-10,3.2341999999999997E-07,-3.24E-07
0.525,0.9,1.07683E-09,-5.1843E-10,1.4854E-10,3.235E-07,-3.2408E-07
0.52,0.9,9.6891000000000012E-10,-5.3165E-10,1.3928E-10,3.234E-07,-3.2392E-07
0.515,0.9,9.6198E-10,-5.4782000000000008E-10,1.4929E-10,3.2346E-07,-3.241E-07
0.51,0.9,1.03004E-09,-5.6347E-10,1.4413000000000002E-10,3.228E-07,-3.2334E-07
0.505,0.9,1.07208E-09,-5.8106000000000006E-10,1.4609E-10,3.234E-07,-3.2404E-07
0.5,0.9,1.0535700000000001E-09,-5.9733E-10,1.4976E-10,3.2352E-07,-3.2412E-07
0.49500000000000005,0.9,9.9175E-10,-6.1393000000000007E-10,1.4435000000000002E-10,3.2346E-07,-3.2408E-07
0.49000000000000005,0.9,1.098E-09,-6.2796000000000007E-10,1.4765E-10,3.2334E-07,-3.2404E-07
0.48500000000000004,0.9,1.1567E-09,-6.4749E-10,1.4766E-10,3.235E-07,-3.2408E-07
0.48000000000000004,0.9,1.0735E-09,-6.6271000000000008E-10,1.4705E-10,3.2344E-07,-3.241E-07
0.47500000000000003,0.9,1.0992E-09,-6.8202000000000009E-10,1.5104E-10,3.2341999999999997E-07,-3.2406E-07
0.47000000000000003,0.9,1.1972E-09,-7.0179E-10,1.4623000000000002E-10,3.2268E-07,-3.2326E-07
0.465,0.9,1.1868E-09,-7.214E-10,1.5127E-10,3.234E-07,-3.2412E-07
0.46,0.9,1.1669E-09,-7.3922000000000006E-10,1.4934000000000002E-10,3.2268E-07,-3.2326E-07
0.455,0.9,1.184E-09,-7.6212000000000005E-10,1.5040000000000002E-10,3.2355999999999997E-07,-3.2404E-07
0.45,0.9,1.2676E-09,-7.8017000000000011E-10,1.5045E-10,3.234E-07,-3.241E-07
0.445,0.9,1.2777E-09,-8.0007000000000011E-10,1.5263000000000002E-10,3.234E-07,-3.2406E-07
0.44,0.9,1.1749E-09,-8.2246000000000007E-10,1.5308E-10,3.2344E-07,-3.2404E-07
0.435,0.9,1.3624E-09,-8.4672E-10,1.5207000000000002E-10,3.234E-07,-3.2398E-07
0.43,0.9,1.3274E-09,-8.6520000000000007E-10,1.5073E-10,3.234E-07,-3.2412E-07
0.42500000000000004,0.9,1.3414E-09,-8.8759E-10,1.5582E-10,3.2352E-07,-3.24E-07
0.42000000000000004,0.9,1.2933E-09,-9.1099000000000008E-10,1.5159000000000002E-10,3.2348E-07,-3.2404E-07
0.41500000000000004,0.9,1.4656E-09,-9.3596000000000015E-10,1.5548000000000002E-10,3.235E-07,-3.2412E-07
0.41000000000000003,0.9,1.4255E-09,-9.6059E-10,1.5487E-10,3.2352E-07,-3.2408E-07
0.405,0.9,1.2921E-09,-9.8257E-10,1.5429000000000002E-10,3.2346E-07,-3.2412E-07
0.4,0.9,1.5638E-09,-1.01073E-09,1.5628E-10,3.2348E-07,-3.241E-07
0.395,0.9,1.4305E-09,-1.03762E-09,1.4866E-10,3.235E-07,-3.24E-07
0.39,0.9,1.5523E-09,-1.06391E-09,1.6084E-10,3.2344E-07,-3.24E-07
0.385,0.9,1.4229E-09,-1.09216E-09,1.4905000000000002E-10,3.2344E-07,-3.2396E-07
0.38,0.9,1.5684E-09,-1.1128E-09,1.6070000000000002E-10,3.234E-07,-3.2398E-07
0.375,0.9,1.6533E-09,-1.1439E-09,1.5415E-10,3.234E-07,-3.2404E-07
0.37,0.9,1.5608E-09,-1.1701E-09,1.5937000000000001E-10,3.2341999999999997E-07,-3.2402E-07
0.365,0.9,1.6464E-09,-1.2034E-09,1.6270000000000002E-10,3.2344E-07,-3.2404E-07
0.36000000000000004,0.9,1.5948E-09,-1.2328E-09,1.5416000000000001E-10,3.235E-07,-3.2406E-07
0.35500000000000004,0.9,1.8713E-09,-1.2666E-09,1.6697000000000002E-10,3.2346E-07,-3.2404E-07
0.35000000000000003,0.9,1.563E-09,-1.2949E-09,1.5072000000000002E-10,3.2327999999999997E-07,-3.241E-07
0.34500000000000003,0.9,1.8077E-09,-1.3308E-09,1.6583E-10,3.2344E-07,-3.2402E-07
0.34,0.9,1.8274E-09,-1.3629E-09,1.5282000000000002E-10,3.2352E-07,-3.2396E-07
0.335,0.9,1.8217E-09,-1.3988E-09,1.6287E-10,3.2334E-07,-3.2412E-07
0.33,0.9,1.8307E-09,-1.4337E-09,1.6144000000000001E-10,3.229E-07,-3.2352E-07
0.325,0.9,1.8273E-09,-1.47E-09,1.5797000000000002E-10,3.235E-07,-3.241E-07
0.32,0.9,2.0524E-09,-1.51E-09,1.6614E-10,3.2338E-07,-3.24E-07
0.315,0.9,1.8377E-09,-1.5465E-09,1.5401000000000002E-10,3.234E-07,-3.2396E-07
0.31,0.9,2.0522E-09,-1.5865E-09,1.6937E-10,3.2348E-07,-3.2404E-07
0.305,0.9,1.9957E-09,-1.6237E-09,1.5434E-10,3.235E-07,-3.2404E-07
0.3,0.9,2.1813E-09,-1.6647E-09,1.6640000000000002E-10,3.2344E-07,-3.2412E-07
0.29500000000000004,0.9,2.0562E-09,-1.7065E-09,1.6172E-10,3.2352E-07,-3.2402E-07
0.29000000000000004,0.9,2.1179E-09,-1.7484E-09,1.6338E-10,3.2355999999999997E-07,-3.241E-07
0.28500000000000003,0.9,2.2964E-09,-1.7943E-09,1.6469E-10,3.2354E-07,-3.241E-07
0.28,0.9,2.1893E-09,-1.8360999999999999E-09,1.5955E-10,3.2358E-07,-3.2414E-07
0.275,0.9,2.3126E-09,-1.8865E-09,1.6939000000000002E-10,3.2355999999999997E-07,-3.241E-07
0.27,0.9,2.272E-09,-1.9302E-09,1.5886E-10,3.2346E-07,-3.241E-07
0.265,0.9,2.5382E-09,-1.9793E-09,1.7305E-10,3.2358E-07,-3.2408E-07
0.26,0.9,2.3427E-09,-2.026E-09,1.6280000000000002E-10,3.2346E-07,-3.241E-07
0.255,0.9,2.4568E-09,-2.0768E-09,1.7046000000000002E-10,3.2352E-07,-3.2412E-07
0.25,0.9,2.6082E-09,-2.1309E-09,1.6623E-10,3.2355999999999997E-07,-3.241E-07
0.24500000000000002,0.9,2.5722E-09,-2.1809E-09,1.6625000000000002E-10,3.2358E-07,-3.241E-07
0.24000000000000002,0.9,2.6391E-09,-2.2354E-09,1.7043000000000003E-10,3.2374E-07,-3.242E-07
0.23500000000000001,0.9,2.6331E-09,-2.2873E-09,1.6341E-10,3.2355999999999997E-07,-3.2424E-07
0.23,0.9,2.8565E-09,-2.3484E-09,1.7256000000000002E-10,3.2362E-07,-3.2418E-07
0.225,0.9,2.7374E-09,-2.4019E-09,1.6209E-10,3.2348E-07,-3.2416E-07
0.22,0.9,2.8385E-09,-2.4624E-09,1.7158000000000002E-10,3.2364E-07,-3.2414E-07
0.215,0.9,2.9112E-09,-2.5231E-09,1.6499000000000002E-10,3.2362E-07,-3.2416E-07
0.21000000000000002,0.9,3.0327E-09,-2.5912E-09,1.7001000000000002E-10,3.229E-07,-3.2354E-07
0.20500000000000002,0.9,3.0342E-09,-2.6536E-09,1.6945000000000002E-10,3.235E-07,-3.241E-07
0.2,0.9,3.053E-09,-2.7208E-09,1.6985000000000001E-10,3.2285999999999997E-07,-3.235E-07
0.195,0.9,3.2559E-09,-2.7874E-09,1.7423E-10,3.2358E-07,-3.2416E-07
0.19,0.9,3.2547E-09,-2.8555E-09,1.6905E-10,3.235E-07,-3.2414E-07
0.185,0.9,3.2721E-09,-2.9261E-09,1.7573000000000002E-10,3.2355999999999997E-07,-3.2348E-07
0.18000000000000002,0.9,3.4019E-09,-2.9965E-09,1.6956E-10,3.2352E-07,-3.241E-07
0.17500000000000002,0.9,3.5011E-09,-3.0705E-09,1.7263E-10,3.2352E-07,-3.241E-07
0.17,0.9,3.5421E-09,-3.1398E-09,1.7392E-10,3.2346E-07,-3.2412E-07
0.165,0.9,3.5678E-09,-3.2161E-09,1.7397000000000002E-10,3.2358E-07,-3.2414E-07
0.16,0.9,3.6795E-09,-3.302E-09,1.7439E-10,3.2322E-07,-3.2341999999999997E-07
0.155,0.9,3.8568E-09,-3.3742E-09,1.7168000000000002E-10,3.2352E-07,-3.241E-07
0.15,0.9,3.747E-09,-3.4525E-09,1.7421E-10,3.235E-07,-3.2408E-07
0.14500000000000002,0.9,3.931E-09,-3.5381E-09,1.7442E-10,3.2355999999999997E-07,-3.2412E-07
0.14,0.9,4.0016E-09,-3.6243E-09,1.7365000000000002E-10,3.2354E-07,-3.24E-07
0.135,0.9,4.1614E-09,-3.7134E-09,1.7687E-10,3.235E-07,-3.2408E-07
0.13,0.9,4.1024E-09,-3.801E-09,1.7428000000000002E-10,3.235E-07,-3.24E-07
0.125,0.9,4.2653E-09,-3.8951E-09,1.7825E-10,3.2355999999999997E-07,-3.2408E-07
0.12000000000000001,0.9,4.4724E-09,-3.9892E-09,1.7616000000000002E-10,3.2362E-07,-3.2408E-07
0.115,0.9,4.3498E-09,-4.0867E-09,1.764E-10,3.2355999999999997E-07,-3.2406E-07
0.11,0.9,4.6225E-09,-4.1869E-09,1.8044000000000003E-10,3.2355999999999997E-07,-3.2412E-07
0.10500000000000001,0.9,4.5732E-09,-4.2878E-09,1.7406000000000002E-10,3.2355999999999997E-07,-3.2404E-07
0.1,0.9,4.9038E-09,-4.3897E-09,1.8223000000000003E-10,3.2352E-07,-3.2408E-07
0.095,0.9,4.7724E-09,-4.4975E-09,1.7478000000000002E-10,3.2355999999999997E-07,-3.241E-07
0.090000000000000011,0.9,4.989E-09,-4.6037E-09,1.8381E-10,3.236E-07,-3.2418E-07
0.085,0.9,5.1358E-09,-4.7177E-09,1.7722E-10,3.2362E-07,-3.2418E-07
0.08,0.9,5.1792E-09,-4.8248E-09,1.8129E-10,3.2364E-07,-3.2412E-07
0.075,0.9,5.3478E-09,-4.9491E-09,1.8392000000000002E-10,3.2355999999999997E-07,-3.2412E-07
0.07,0.9,5.2841E-09,-5.0663E-09,1.7629000000000002E-10,3.2364E-07,-3.2346E-07
0.065,0.9,5.7663E-09,-5.1873E-09,1.8865000000000002E-10,3.2362E-07,-3.2412E-07
0.060000000000000005,0.9,5.529E-09,-5.3072E-09,1.7539E-10,3.2358E-07,-3.2416E-07
0.055,0.9,5.7617E-09,-5.4332E-09,1.8476000000000002E-10,3.2358E-07,-3.2404E-07
0.05,0.9,6.0693E-09,-5.5685E-09,1.8253000000000002E-10,3.2348E-07,-3.2408E-07
0.045000000000000005,0.9,5.9375E-09,-5.7106E-09,1.7794E-10,3.2354E-07,-3.24E-07
0.04,0.9,6.2536E-09,-5.8351E-09,1.9229000000000002E-10,3.234E-07,-3.2408E-07
0.035,0.9,6.2685E-09,-5.9683E-09,1.7450000000000002E-10,3.236E-07,-3.2408E-07
0.030000000000000002,0.9,6.597E-09,-6.1188E-09,1.9255000000000002E-10,3.2358E-07,-3.241E-07
0.025,0.9,6.5103E-09,-6.2605E-09,1.7966E-10,3.236E-07,-3.2416E-07
0.02,0.9,6.7215E-09,-6.4053E-09,1.8816000000000003E-10,3.2355999999999997E-07,-3.241E-07
0.015000000000000001,0.9,7.0314E-09,-6.5637E-09,1.8642000000000001E-10,3.2358E-07,-3.2404E-07
0.01,0.9,6.9827E-09,-6.7305E-09,1.8114E-10,3.2352E-07,-3.2406E-07
0.005,0.9,7.2606E-09,-6.8887E-09,1.9242000000000002E-10,3.2354E-07,-3.2416E-07
0,0.9,7.3048E-09,-7.0522E-09,1.7739000000000002E-10,3.2368E-07,-3.241E-07
