vg	id_vd = 0.0V	ig_vd = 0.0V	is_vd = 0.0V	iavdd_vd = 0.0V	ignd_vd = 0.0V	id_vd = 0.01V	ig_vd = 0.01V	is_vd = 0.01V	iavdd_vd = 0.01V	ignd_vd = 0.01V	id_vd = 0.02V	ig_vd = 0.02V	is_vd = 0.02V	iavdd_vd = 0.02V	ignd_vd = 0.02V	id_vd = 0.03V	ig_vd = 0.03V	is_vd = 0.03V	iavdd_vd = 0.03V	ignd_vd = 0.03V	id_vd = 0.04V	ig_vd = 0.04V	is_vd = 0.04V	iavdd_vd = 0.04V	ignd_vd = 0.04V	id_vd = 0.05V	ig_vd = 0.05V	is_vd = 0.05V	iavdd_vd = 0.05V	ignd_vd = 0.05V	id_vd = 0.06V	ig_vd = 0.06V	is_vd = 0.06V	iavdd_vd = 0.06V	ignd_vd = 0.06V	id_vd = 0.07V	ig_vd = 0.07V	is_vd = 0.07V	iavdd_vd = 0.07V	ignd_vd = 0.07V	id_vd = 0.08V	ig_vd = 0.08V	is_vd = 0.08V	iavdd_vd = 0.08V	ignd_vd = 0.08V	id_vd = 0.09V	ig_vd = 0.09V	is_vd = 0.09V	iavdd_vd = 0.09V	ignd_vd = 0.09V	id_vd = 0.1V	ig_vd = 0.1V	is_vd = 0.1V	iavdd_vd = 0.1V	ignd_vd = 0.1V
-0.3	2.1944e-10	-2.3824e-10	-6.8e-13	3.1962e-07	-3.1958e-07	2.6035000000000004e-10	-2.5179e-10	1.524e-11	3.1948e-07	-3.1942e-07	2.9156e-10	-2.7205e-10	1.3800000000000002e-11	3.1942e-07	-3.194e-07	3.2847e-10	-2.9369000000000005e-10	1.807e-11	3.1944e-07	-3.1946e-07	3.6461000000000005e-10	-3.1609000000000004e-10	-1e-12	3.1944e-07	-3.1948e-07	4.0305e-10	-3.2874000000000005e-10	1.927e-11	3.1942e-07	-3.194e-07	4.2981e-10	-3.4921000000000003e-10	1.8130000000000003e-11	3.1936e-07	-3.1942e-07	4.7182e-10	-3.6794e-10	1.8820000000000003e-11	3.1948e-07	-3.195e-07	5.085000000000001e-10	-3.935e-10	6.370000000000001e-12	3.1938e-07	-3.1948e-07	5.353100000000001e-10	-4.1708e-10	9.49e-12	3.1948e-07	-3.1948e-07	5.742500000000001e-10	-4.3609e-10	-7.3e-13	3.1934e-07	-3.1946e-07
-0.295	2.1251e-10	-2.2251e-10	2.149e-11	3.1964e-07	-3.196e-07	2.5118e-10	-2.4836e-10	4.610000000000001e-12	3.1954e-07	-3.195e-07	2.886e-10	-2.6505000000000003e-10	2.2500000000000003e-12	3.1942e-07	-3.194e-07	3.2432e-10	-2.7948e-10	-2.0480000000000003e-11	3.1934e-07	-3.1936e-07	3.5664e-10	-2.9657000000000004e-10	-2.679e-11	3.1942e-07	-3.195e-07	3.9241e-10	-3.2165e-10	2.34e-12	3.1934e-07	-3.1934e-07	4.2072e-10	-3.363e-10	-1.6230000000000002e-11	3.1938e-07	-3.1946e-07	4.6388000000000006e-10	-3.609e-10	-3.51e-12	3.1942e-07	-3.1948e-07	4.967400000000001e-10	-3.7618e-10	-1.154e-11	3.1936e-07	-3.1948e-07	5.214000000000001e-10	-3.9490000000000005e-10	8.46e-12	3.1936e-07	-3.1938e-07	5.6822e-10	-4.1326e-10	2.138e-11	3.1932e-07	-3.1946e-07
-0.29	2.0541e-10	-2.2014000000000003e-10	-4.36e-12	3.1962e-07	-3.1958e-07	2.4327000000000003e-10	-2.3293000000000004e-10	-2.599e-11	3.1946e-07	-3.1948e-07	2.8099000000000003e-10	-2.5302e-10	-1.5160000000000002e-11	3.1942e-07	-3.1946e-07	3.1728e-10	-2.6888e-10	-1.394e-11	3.1936e-07	-3.1942e-07	3.4582e-10	-2.879e-10	-9.700000000000001e-13	3.1948e-07	-3.1952e-07	3.8536000000000005e-10	-3.0380000000000003e-10	-1.478e-11	3.1924e-07	-3.1936e-07	4.0944e-10	-3.2590000000000003e-10	-9.95e-12	3.1946e-07	-3.195e-07	4.5353e-10	-3.4045000000000005e-10	-1.255e-11	3.1938e-07	-3.196e-07	4.875800000000001e-10	-3.6344e-10	1.662e-11	3.1942e-07	-3.1952e-07	5.251700000000001e-10	-3.827e-10	-1.4870000000000003e-11	3.1932e-07	-3.1946e-07	5.579200000000001e-10	-4.1081000000000005e-10	9.5e-13	3.1932e-07	-3.1942e-07
-0.285	1.9222e-10	-2.0183e-10	-1.122e-11	3.197e-07	-3.196e-07	2.3128000000000003e-10	-2.2054e-10	5.9200000000000014e-12	3.1958e-07	-3.1954e-07	2.6949e-10	-2.3493000000000004e-10	6.670000000000001e-12	3.1942e-07	-3.1944e-07	3.019e-10	-2.5866e-10	9.82e-12	3.1936e-07	-3.1936e-07	3.3858000000000003e-10	-2.7975000000000004e-10	1.395e-11	3.1946e-07	-3.1952e-07	3.7191e-10	-2.9365e-10	1.238e-11	3.1932e-07	-3.1942e-07	3.9679e-10	-3.1314e-10	1.6740000000000002e-11	3.1936e-07	-3.194e-07	4.3877e-10	-3.3224000000000003e-10	1.101e-11	3.1942e-07	-3.1948e-07	4.6973e-10	-3.5429e-10	1.023e-11	3.1936e-07	-3.1948e-07	5.130800000000001e-10	-3.7565e-10	2.9400000000000004e-12	3.1938e-07	-3.1946e-07	5.5007e-10	-3.9471e-10	-1.5340000000000002e-11	3.1926e-07	-3.194e-07
-0.28	1.8631000000000003e-10	-1.9314e-10	8.93e-12	3.1972e-07	-3.1964e-07	2.2028e-10	-2.0945e-10	2.491e-11	3.1954e-07	-3.1952e-07	2.5925e-10	-2.3807000000000004e-10	1.524e-11	3.1946e-07	-3.1942e-07	3.0094000000000005e-10	-2.4882e-10	-1.121e-11	3.1934e-07	-3.1934e-07	3.3008e-10	-2.6451e-10	-1.3680000000000001e-11	3.1948e-07	-3.1946e-07	3.6149e-10	-2.8630000000000003e-10	1.22e-11	3.1928e-07	-3.1934e-07	3.896e-10	-3.0370000000000005e-10	2.900000000000001e-13	3.1936e-07	-3.1946e-07	4.3189000000000005e-10	-3.25e-10	-2.1000000000000001e-13	3.1938e-07	-3.1942e-07	4.689200000000001e-10	-3.4503000000000005e-10	-1.433e-11	3.1944e-07	-3.1944e-07	4.8691e-10	-3.594e-10	1.573e-11	3.1944e-07	-3.195e-07	5.35e-10	-3.7604e-10	1.036e-11	3.1934e-07	-3.1946e-07
-0.275	1.7765e-10	-1.9363e-10	7.480000000000001e-12	3.1966e-07	-3.1952e-07	2.1538e-10	-2.0634e-10	-1.293e-11	3.195e-07	-3.1952e-07	2.5406e-10	-2.1914e-10	-1.6360000000000002e-11	3.1936e-07	-3.194e-07	2.8627000000000004e-10	-2.368e-10	-1.86e-12	3.1942e-07	-3.194e-07	3.2179000000000003e-10	-2.5604000000000003e-10	-4.240000000000001e-12	3.1938e-07	-3.1948e-07	3.5724e-10	-2.7400000000000004e-10	-1.905e-11	3.1936e-07	-3.1936e-07	3.8260000000000005e-10	-2.9301e-10	-1.803e-11	3.1936e-07	-3.1942e-07	4.2342e-10	-3.0835000000000003e-10	-2.0240000000000003e-11	3.193e-07	-3.1952e-07	4.5215e-10	-3.1953000000000003e-10	-1.3500000000000002e-11	3.1944e-07	-3.1954e-07	4.8199e-10	-3.4498000000000003e-10	-1.4830000000000002e-11	3.193e-07	-3.1944e-07	5.2526e-10	-3.7014e-10	9.380000000000001e-12	3.1932e-07	-3.1948e-07
-0.27	1.7598000000000002e-10	-1.7268000000000002e-10	-1.203e-11	3.196e-07	-3.1952e-07	2.0969000000000003e-10	-1.9936e-10	-1.3290000000000002e-11	3.1952e-07	-3.1952e-07	2.4526000000000004e-10	-2.0834000000000003e-10	-3.97e-12	3.1942e-07	-3.194e-07	2.7899000000000004e-10	-2.2817000000000002e-10	1.936e-11	3.1944e-07	-3.1948e-07	3.0724e-10	-2.4158e-10	1.014e-11	3.1944e-07	-3.194e-07	3.4761e-10	-2.6251e-10	4.0000000000000006e-14	3.1932e-07	-3.1944e-07	3.6994e-10	-2.7871e-10	1.423e-11	3.1934e-07	-3.1946e-07	4.0907e-10	-2.9671e-10	9.54e-12	3.1944e-07	-3.1952e-07	4.4694e-10	-3.2222e-10	1.255e-11	3.194e-07	-3.1948e-07	4.7149e-10	-3.3773000000000003e-10	-1.957e-11	3.1938e-07	-3.1952e-07	5.197600000000001e-10	-3.619e-10	-9.71e-12	3.1936e-07	-3.194e-07
-0.265	1.5997000000000002e-10	-1.6945000000000002e-10	1.269e-11	3.1966e-07	-3.1962e-07	1.9486e-10	-1.7846000000000002e-10	1.469e-11	3.1946e-07	-3.1942e-07	2.3348e-10	-2.057e-10	1.454e-11	3.1942e-07	-3.194e-07	2.7097e-10	-2.2029e-10	1.8400000000000002e-12	3.1946e-07	-3.1936e-07	3.0359000000000003e-10	-2.3713000000000004e-10	-1.5050000000000002e-11	3.1942e-07	-3.1938e-07	3.3475e-10	-2.5129e-10	2.036e-11	3.1948e-07	-3.1948e-07	3.5942000000000004e-10	-2.7207e-10	1.173e-11	3.194e-07	-3.1942e-07	4.0316e-10	-2.9146000000000005e-10	1.646e-11	3.1942e-07	-3.1952e-07	4.3594000000000005e-10	-3.1152000000000003e-10	7.180000000000001e-12	3.1942e-07	-3.1954e-07	4.5276000000000005e-10	-3.2029000000000004e-10	1.139e-11	3.1944e-07	-3.195e-07	5.064900000000001e-10	-3.3809e-10	-7.050000000000001e-12	3.1932e-07	-3.195e-07
-0.26	1.5224e-10	-1.6574e-10	2.364e-11	3.1966e-07	-3.1966e-07	1.9157e-10	-1.8228e-10	1.7380000000000002e-11	3.194e-07	-3.1936e-07	2.2767000000000003e-10	-1.9063e-10	-1.2800000000000002e-12	3.1936e-07	-3.1942e-07	2.6175e-10	-2.104e-10	-2.7030000000000003e-11	3.194e-07	-3.1944e-07	2.9506e-10	-2.2996000000000003e-10	-2.602e-11	3.1936e-07	-3.1942e-07	3.2787000000000003e-10	-2.4472e-10	-1.18e-12	3.1932e-07	-3.1936e-07	3.5606e-10	-2.611e-10	-1.999e-11	3.193e-07	-3.1944e-07	3.9407e-10	-2.8108000000000003e-10	-1.1460000000000002e-11	3.1942e-07	-3.1954e-07	4.2998000000000005e-10	-2.9220000000000004e-10	-1.662e-11	3.1942e-07	-3.1954e-07	4.521e-10	-3.1478e-10	1.6160000000000002e-11	3.194e-07	-3.194e-07	4.9584e-10	-3.3632000000000003e-10	1.433e-11	3.1932e-07	-3.1942e-07
-0.255	1.4861000000000002e-10	-1.4639000000000002e-10	-1.557e-11	3.196e-07	-3.1956e-07	1.8415e-10	-1.679e-10	-1.072e-11	3.1944e-07	-3.1948e-07	2.2190000000000003e-10	-1.8323e-10	-1.985e-11	3.1942e-07	-3.1944e-07	2.5559000000000004e-10	-2.021e-10	1.9900000000000002e-12	3.1932e-07	-3.1938e-07	2.8393e-10	-2.1473e-10	1.342e-11	3.1938e-07	-3.1948e-07	3.2157e-10	-2.3208e-10	-2.303e-11	3.193e-07	-3.1942e-07	3.4389000000000004e-10	-2.5165e-10	-9.67e-12	3.194e-07	-3.1942e-07	3.8537e-10	-2.6782e-10	-8.95e-12	3.1946e-07	-3.195e-07	4.1859000000000005e-10	-2.8943e-10	9.29e-12	3.1954e-07	-3.1962e-07	4.4384e-10	-3.1017000000000003e-10	-1.604e-11	3.1936e-07	-3.1944e-07	4.8656e-10	-3.2849e-10	-3.680000000000001e-12	3.1928e-07	-3.1936e-07
-0.25	1.4038e-10	-1.4988e-10	-1.804e-11	3.1964e-07	-3.1956e-07	1.7643e-10	-1.5466e-10	5.7e-13	3.195e-07	-3.1942e-07	2.0799e-10	-1.7483e-10	5.730000000000001e-12	3.1946e-07	-3.1948e-07	2.4166e-10	-1.8586e-10	2.879e-11	3.1932e-07	-3.1936e-07	2.7445e-10	-2.0335000000000003e-10	2.022e-11	3.1936e-07	-3.194e-07	3.1224e-10	-2.2545e-10	8.36e-12	3.1938e-07	-3.1946e-07	3.3321000000000003e-10	-2.3972000000000003e-10	2.204e-11	3.1936e-07	-3.1946e-07	3.7438e-10	-2.6019e-10	1.6740000000000002e-11	3.1944e-07	-3.1952e-07	4.0413e-10	-2.7729000000000003e-10	1.4740000000000002e-11	3.1948e-07	-3.1952e-07	4.3168000000000005e-10	-2.9121e-10	-2.0000000000000003e-14	3.1942e-07	-3.1942e-07	4.827700000000001e-10	-3.0559000000000003e-10	-2.049e-11	3.193e-07	-3.194e-07
-0.245	1.3241e-10	-1.3988e-10	1.2160000000000002e-11	3.196e-07	-3.195e-07	1.6609000000000002e-10	-1.5835e-10	8.690000000000003e-12	3.1944e-07	-3.1944e-07	1.9784e-10	-1.6853e-10	1.324e-11	3.1942e-07	-3.1942e-07	2.412e-10	-1.8205e-10	-5.18e-12	3.1938e-07	-3.1948e-07	2.697e-10	-2.0903000000000003e-10	-1.027e-11	3.1932e-07	-3.1932e-07	2.9984e-10	-2.1451e-10	1.702e-11	3.195e-07	-3.1954e-07	3.2625000000000004e-10	-2.3431000000000004e-10	1.6e-12	3.1928e-07	-3.1934e-07	3.6439e-10	-2.4920000000000003e-10	1.6100000000000002e-12	3.194e-07	-3.1946e-07	4.0261e-10	-2.6528000000000004e-10	-1.139e-11	3.1938e-07	-3.1954e-07	4.2059e-10	-2.8416000000000003e-10	1.5e-11	3.1938e-07	-3.1948e-07	4.6895e-10	-3.0374000000000003e-10	9.12e-12	3.1932e-07	-3.1944e-07
-0.24	1.2345e-10	-1.2548000000000002e-10	1.1660000000000002e-11	3.1954e-07	-3.195e-07	1.6502000000000002e-10	-1.4494000000000002e-10	-1.898e-11	3.1944e-07	-3.1942e-07	1.9494000000000003e-10	-1.5679e-10	-1.699e-11	3.1944e-07	-3.1952e-07	2.328e-10	-1.7995e-10	-1.5650000000000002e-11	3.1942e-07	-3.1954e-07	2.6111000000000004e-10	-1.8218e-10	-1.351e-11	3.1928e-07	-3.1942e-07	2.9591e-10	-2.0681e-10	-1.058e-11	3.1944e-07	-3.1948e-07	3.2048e-10	-2.2361e-10	-1.577e-11	3.1924e-07	-3.1932e-07	3.6036e-10	-2.3812e-10	-1.048e-11	3.1938e-07	-3.1952e-07	3.9073000000000006e-10	-2.569e-10	-1.1970000000000002e-11	3.1942e-07	-3.1954e-07	4.1632e-10	-2.8123e-10	-2.4300000000000003e-12	3.1938e-07	-3.1948e-07	4.6115000000000006e-10	-2.9681000000000003e-10	7.790000000000001e-12	3.1938e-07	-3.1946e-07
-0.235	1.2572e-10	-1.2763e-10	-1.049e-11	3.1952e-07	-3.196e-07	1.6236000000000002e-10	-1.3702e-10	1.03e-12	3.1942e-07	-3.194e-07	1.8778e-10	-1.5683000000000002e-10	-5.620000000000001e-12	3.1944e-07	-3.1944e-07	2.1675000000000003e-10	-1.6491e-10	5.780000000000001e-12	3.1948e-07	-3.1948e-07	2.4944e-10	-1.8379e-10	1.264e-11	3.1934e-07	-3.1942e-07	2.8617e-10	-1.9713e-10	-5.960000000000001e-12	3.1944e-07	-3.196e-07	3.0851e-10	-2.1074e-10	1.032e-11	3.1934e-07	-3.1942e-07	3.4618000000000004e-10	-2.3336e-10	1.114e-11	3.1942e-07	-3.1954e-07	3.8433e-10	-2.5113000000000004e-10	1.557e-11	3.1944e-07	-3.1956e-07	4.0984000000000006e-10	-2.6104e-10	-1.31e-11	3.1926e-07	-3.1942e-07	4.5296000000000006e-10	-2.7874e-10	-1.748e-11	3.1924e-07	-3.1936e-07
-0.23	1.1126e-10	-1.2134000000000002e-10	2.14e-12	3.1954e-07	-3.1954e-07	1.4677e-10	-1.372e-10	-1.035e-11	3.1942e-07	-3.1942e-07	1.7258e-10	-1.4359000000000002e-10	1.804e-11	3.195e-07	-3.1946e-07	2.1324e-10	-1.5412e-10	5.670000000000001e-12	3.1954e-07	-3.1946e-07	2.4518000000000003e-10	-1.7658000000000003e-10	-3.72e-12	3.1942e-07	-3.1938e-07	2.7634e-10	-1.8729e-10	1.259e-11	3.1956e-07	-3.1958e-07	2.9895000000000004e-10	-2.0581e-10	7.32e-12	3.1918e-07	-3.1924e-07	3.4007000000000005e-10	-2.1779e-10	7.01e-12	3.1942e-07	-3.1952e-07	3.6969e-10	-2.3439e-10	1.6700000000000004e-12	3.1942e-07	-3.1952e-07	3.9456e-10	-2.5567e-10	1.823e-11	3.1934e-07	-3.1942e-07	4.4435e-10	-2.7277000000000003e-10	-5.860000000000001e-12	3.1932e-07	-3.1952e-07
-0.225	1.0508e-10	-1.0943e-10	9.66e-12	3.1958e-07	-3.1956e-07	1.4244e-10	-1.3069000000000002e-10	2.049e-11	3.1946e-07	-3.194e-07	1.7408e-10	-1.3841000000000002e-10	5.44e-12	3.1944e-07	-3.194e-07	2.1004e-10	-1.5946e-10	-6.670000000000001e-12	3.1936e-07	-3.194e-07	2.3788e-10	-1.6101000000000002e-10	-1.055e-11	3.1936e-07	-3.1944e-07	2.6944e-10	-1.8386000000000002e-10	-2.16e-12	3.1938e-07	-3.1944e-07	2.9674e-10	-1.9727e-10	-1.662e-11	3.1924e-07	-3.1926e-07	3.3289000000000003e-10	-2.1367e-10	-1.852e-11	3.1938e-07	-3.1948e-07	3.6993e-10	-2.3197000000000003e-10	-1.208e-11	3.1938e-07	-3.1958e-07	3.8966e-10	-2.4924e-10	1.337e-11	3.193e-07	-3.1946e-07	4.3341000000000006e-10	-2.6821e-10	1.931e-11	3.1936e-07	-3.1952e-07
-0.22	1.0481e-10	-1.0601e-10	-1.992e-11	3.1952e-07	-3.1952e-07	1.3164000000000002e-10	-1.0959e-10	1.261e-11	3.1948e-07	-3.194e-07	1.6838000000000002e-10	-1.2895e-10	-1.32e-11	3.1938e-07	-3.1946e-07	1.9733e-10	-1.416e-10	8.710000000000001e-12	3.1948e-07	-3.1952e-07	2.2875e-10	-1.5674000000000002e-10	9.61e-12	3.1942e-07	-3.1948e-07	2.6490000000000004e-10	-1.7008000000000002e-10	-1.732e-11	3.1946e-07	-3.195e-07	2.8207000000000004e-10	-1.8681000000000002e-10	-1.4700000000000002e-12	3.1926e-07	-3.1938e-07	3.225e-10	-2.0537e-10	-2.6800000000000007e-12	3.1932e-07	-3.1948e-07	3.5563000000000004e-10	-2.1872e-10	1.11e-11	3.1948e-07	-3.1958e-07	3.8227e-10	-2.3315e-10	-2.171e-11	3.1928e-07	-3.1946e-07	4.2352000000000005e-10	-2.4907e-10	-1.1000000000000001e-13	3.1938e-07	-3.1942e-07
-0.215	9.683e-11	-1.047e-10	-1.04e-12	3.1948e-07	-3.1954e-07	1.4309000000000002e-10	-1.2279e-10	6.170000000000001e-12	3.194e-07	-3.1942e-07	1.5987e-10	-1.2281e-10	5.910000000000001e-12	3.194e-07	-3.1936e-07	1.8958e-10	-1.3292000000000002e-10	1.4560000000000003e-11	3.1948e-07	-3.1944e-07	2.2236e-10	-1.5388000000000002e-10	9.07e-12	3.1932e-07	-3.1938e-07	2.5426e-10	-1.6273000000000002e-10	9.48e-12	3.1944e-07	-3.1952e-07	2.7629000000000004e-10	-1.7720000000000002e-10	2.2770000000000003e-11	3.1926e-07	-3.1924e-07	3.1314e-10	-1.9225e-10	1.857e-11	3.1932e-07	-3.1946e-07	3.4457000000000003e-10	-2.107e-10	1.0130000000000001e-11	3.1942e-07	-3.1952e-07	3.7450000000000005e-10	-2.3087000000000003e-10	1.3800000000000002e-12	3.1936e-07	-3.1952e-07	4.2122e-10	-2.4487e-10	-1.724e-11	3.1932e-07	-3.1942e-07
-0.21	8.829000000000001e-11	-8.873000000000001e-11	2.111e-11	3.1944e-07	-3.1948e-07	1.1364e-10	-1.0122e-10	-1.303e-11	3.1942e-07	-3.194e-07	1.5185000000000002e-10	-1.1974000000000002e-10	1.082e-11	3.1942e-07	-3.1932e-07	1.883e-10	-1.4136000000000002e-10	-1.63e-11	3.194e-07	-3.1936e-07	2.1424000000000003e-10	-1.4329e-10	-1.783e-11	3.194e-07	-3.1944e-07	2.4348e-10	-1.5821000000000002e-10	1.396e-11	3.195e-07	-3.1942e-07	2.7118000000000004e-10	-1.7639000000000002e-10	-3.92e-12	3.193e-07	-3.1936e-07	3.0726000000000003e-10	-1.8723e-10	-9.22e-12	3.193e-07	-3.194e-07	3.4154000000000004e-10	-2.0495000000000003e-10	-1.295e-11	3.1932e-07	-3.1948e-07	3.5884e-10	-2.1697000000000003e-10	2.127e-11	3.1932e-07	-3.194e-07	4.0848e-10	-2.3749e-10	7.760000000000002e-12	3.1934e-07	-3.195e-07
-0.205	8.620000000000001e-11	-9.443e-11	1.1000000000000002e-12	3.1948e-07	-3.1944e-07	1.2162000000000002e-10	-1.0012e-10	-1.5760000000000002e-11	3.1942e-07	-3.1932e-07	1.5037000000000002e-10	-1.1292e-10	-1.447e-11	3.1928e-07	-3.1938e-07	1.8106e-10	-1.1842000000000002e-10	-1.475e-11	3.1938e-07	-3.1946e-07	2.1095e-10	-1.342e-10	-5.75e-12	3.194e-07	-3.1952e-07	2.4406000000000003e-10	-1.5083e-10	-1.8020000000000003e-11	3.1942e-07	-3.1948e-07	2.6453e-10	-1.6448e-10	-1.4920000000000002e-11	3.192e-07	-3.1928e-07	3.0374000000000003e-10	-1.8187e-10	-1.9020000000000003e-11	3.1934e-07	-3.1948e-07	3.304e-10	-1.8646e-10	-1.3380000000000002e-11	3.1942e-07	-3.1958e-07	3.5560000000000004e-10	-2.0784000000000003e-10	-4.98e-12	3.1936e-07	-3.194e-07	3.9804000000000005e-10	-2.2337000000000003e-10	8.05e-12	3.193e-07	-3.194e-07
-0.2	8.496000000000001e-11	-8.759e-11	-2.404e-11	3.1952e-07	-3.1944e-07	1.1516999999999999e-10	-9.84e-11	-4.800000000000001e-12	3.1944e-07	-3.1938e-07	1.4735e-10	-1.0306e-10	4.57e-12	3.1938e-07	-3.1942e-07	1.7448e-10	-1.1483e-10	2.376e-11	3.1948e-07	-3.195e-07	1.971e-10	-1.3414e-10	2.6960000000000003e-11	3.1944e-07	-3.1948e-07	2.3407e-10	-1.3987e-10	-1.103e-11	3.1956e-07	-3.1964e-07	2.5323e-10	-1.5361e-10	1.6090000000000003e-11	3.1928e-07	-3.1936e-07	2.8823000000000005e-10	-1.6486e-10	8.980000000000003e-12	3.1944e-07	-3.1952e-07	3.2254e-10	-1.8717e-10	1.221e-11	3.1948e-07	-3.195e-07	3.506e-10	-2.043e-10	-1.5450000000000002e-11	3.1934e-07	-3.1942e-07	3.9624e-10	-2.1896e-10	-1.458e-11	3.193e-07	-3.1944e-07
-0.195	7.347e-11	-7.928000000000001e-11	3.61e-12	3.1952e-07	-3.1946e-07	1.1029e-10	-9.17e-11	1.402e-11	3.194e-07	-3.1936e-07	1.3182000000000002e-10	-1.007e-10	2.2570000000000003e-11	3.1944e-07	-3.1942e-07	1.6749e-10	-1.168e-10	1.1760000000000002e-11	3.1944e-07	-3.1944e-07	1.9467e-10	-1.1755e-10	1.3500000000000001e-12	3.1954e-07	-3.1952e-07	2.247e-10	-1.3606000000000002e-10	1.5520000000000002e-11	3.194e-07	-3.1948e-07	2.4455e-10	-1.5142e-10	1.04e-11	3.1934e-07	-3.194e-07	2.8530000000000004e-10	-1.6368000000000002e-10	8.790000000000003e-12	3.193e-07	-3.1944e-07	3.1507000000000003e-10	-1.8268e-10	-4.26e-12	3.194e-07	-3.1952e-07	3.3573000000000004e-10	-1.9503e-10	1.489e-11	3.1932e-07	-3.1946e-07	3.9989000000000005e-10	-2.1136e-10	-5.050000000000001e-12	3.193e-07	-3.1952e-07
-0.19	6.973e-11	-7.534e-11	2.07e-11	3.1954e-07	-3.1942e-07	1.0351e-10	-8.381e-11	-7e-14	3.193e-07	-3.1948e-07	1.3314000000000002e-10	-9.644e-11	2.7e-13	3.194e-07	-3.1938e-07	1.619e-10	-1.03e-10	-1.703e-11	3.1938e-07	-3.1936e-07	1.9498e-10	-1.2297000000000002e-10	-1.54e-11	3.1946e-07	-3.1954e-07	2.2073e-10	-1.2985000000000002e-10	4.32e-12	3.1942e-07	-3.1948e-07	2.4413e-10	-1.4206e-10	-1.544e-11	3.1914e-07	-3.1928e-07	2.7890000000000004e-10	-1.5987e-10	-1.846e-11	3.1926e-07	-3.1946e-07	3.1190000000000003e-10	-1.6566000000000003e-10	-2.311e-11	3.1938e-07	-3.1952e-07	3.3043e-10	-1.7890000000000002e-10	4.660000000000001e-12	3.1928e-07	-3.1938e-07	3.7282e-10	-1.9598e-10	1.914e-11	3.194e-07	-3.1942e-07
-0.185	7.249e-11	-7.183000000000001e-11	-1.4510000000000002e-11	3.1952e-07	-3.1948e-07	1.0161e-10	-8.430000000000001e-11	5.38e-12	3.1938e-07	-3.1938e-07	1.2853000000000002e-10	-8.984000000000001e-11	-2.3810000000000003e-11	3.1936e-07	-3.1936e-07	1.5435000000000002e-10	-9.691e-11	-8.590000000000001e-12	3.1944e-07	-3.1946e-07	1.8089e-10	-1.0959e-10	1.6800000000000001e-12	3.1946e-07	-3.1954e-07	2.0986e-10	-1.2302e-10	-1.773e-11	3.1944e-07	-3.1958e-07	2.3251e-10	-1.3301e-10	-2.7300000000000007e-12	3.1924e-07	-3.1934e-07	2.6969000000000003e-10	-1.452e-10	-2.8400000000000004e-12	3.1934e-07	-3.1946e-07	3.012e-10	-1.6107000000000002e-10	7.92e-12	3.1944e-07	-3.1958e-07	3.2939000000000004e-10	-1.8144e-10	-2.172e-11	3.1924e-07	-3.1936e-07	3.6961e-10	-1.9447000000000003e-10	2.3800000000000004e-12	3.1936e-07	-3.1946e-07
-0.18	6.423000000000001e-11	-6.95e-11	-5.08e-12	3.1952e-07	-3.1948e-07	9.734e-11	-7.842000000000001e-11	1.6e-11	3.1932e-07	-3.1944e-07	1.2104e-10	-8.584000000000001e-11	7.1900000000000015e-12	3.1936e-07	-3.194e-07	1.5059000000000002e-10	-1.0652e-10	1.27e-11	3.1944e-07	-3.1936e-07	1.7862000000000003e-10	-9.923e-11	1.149e-11	3.1948e-07	-3.1948e-07	2.0026e-10	-1.1768e-10	8.03e-12	3.1948e-07	-3.195e-07	2.2499e-10	-1.2904e-10	1.753e-11	3.193e-07	-3.1936e-07	2.6277e-10	-1.3873000000000002e-10	1.777e-11	3.1942e-07	-3.1948e-07	2.9017000000000004e-10	-1.6076000000000002e-10	1.6630000000000002e-11	3.1936e-07	-3.194e-07	3.1959000000000003e-10	-1.7519000000000002e-10	-4.860000000000001e-12	3.1932e-07	-3.1946e-07	3.6492e-10	-1.8772000000000002e-10	-2.1150000000000003e-11	3.1928e-07	-3.1942e-07
-0.175	5.786000000000001e-11	-6.115e-11	1.271e-11	3.1954e-07	-3.1948e-07	8.201000000000001e-11	-6.555000000000001e-11	-6.1e-13	3.195e-07	-3.1946e-07	1.1467e-10	-7.891e-11	1.781e-11	3.1936e-07	-3.1936e-07	1.4405e-10	-8.451e-11	-7.590000000000001e-12	3.1938e-07	-3.1936e-07	1.7410000000000002e-10	-1.0507e-10	-1.195e-11	3.1944e-07	-3.1948e-07	1.8926000000000003e-10	-1.1259e-10	2.344e-11	3.1946e-07	-3.1952e-07	2.2302e-10	-1.246e-10	-5.9200000000000014e-12	3.1924e-07	-3.193e-07	2.5735e-10	-1.4027000000000002e-10	-7.770000000000001e-12	3.1942e-07	-3.1946e-07	2.8699e-10	-1.4211e-10	-1.46e-11	3.194e-07	-3.195e-07	2.8676e-10	-1.3678000000000002e-10	6.187e-11	3.1924e-07	-3.1946e-07	3.5041000000000003e-10	-1.7045000000000002e-10	5.44e-12	3.1938e-07	-3.1952e-07
-0.17	5.7410000000000005e-11	-6.176e-11	-7.11e-12	3.195e-07	-3.1948e-07	9.585e-11	-7.713000000000001e-11	-1.807e-11	3.1944e-07	-3.1944e-07	1.1486e-10	-7.819e-11	-6.390000000000001e-12	3.1938e-07	-3.1942e-07	1.3995000000000002e-10	-8.206000000000001e-11	-2.69e-12	3.1944e-07	-3.1954e-07	1.7202000000000002e-10	-9.41e-11	-6.170000000000001e-12	3.1946e-07	-3.1948e-07	1.9275e-10	-1.038e-10	-9.890000000000002e-12	3.1946e-07	-3.1948e-07	2.1585e-10	-1.1556e-10	-1.432e-11	3.193e-07	-3.1934e-07	2.5186e-10	-1.2572e-10	-1.522e-11	3.1936e-07	-3.1952e-07	2.8104000000000004e-10	-1.4333e-10	-1.2070000000000002e-11	3.1942e-07	-3.1952e-07	2.7547000000000003e-10	-1.4336e-10	-2.236e-11	3.1928e-07	-3.1934e-07	3.4382e-10	-1.7208000000000001e-10	1.584e-11	3.193e-07	-3.194e-07
-0.165	5.5e-11	-5.808e-11	-1.821e-11	3.1946e-07	-3.194e-07	7.99e-11	-5.7740000000000006e-11	-2.06e-12	3.1944e-07	-3.1946e-07	1.1025e-10	-6.961e-11	-2.87e-12	3.1946e-07	-3.1944e-07	1.3542e-10	-8.605e-11	2.4960000000000004e-11	3.1938e-07	-3.1946e-07	1.5891000000000002e-10	-8.226000000000001e-11	2.0860000000000003e-11	3.1936e-07	-3.1942e-07	1.8498e-10	-9.956e-11	-1.011e-11	3.1948e-07	-3.1958e-07	2.113e-10	-1.0836e-10	1.683e-11	3.1932e-07	-3.1934e-07	2.4211e-10	-1.1982e-10	1.5740000000000002e-11	3.1936e-07	-3.1946e-07	2.717e-10	-1.3575000000000002e-10	1.081e-11	3.1954e-07	-3.195e-07	3.0639e-10	-1.8342e-10	-6.057e-11	3.192e-07	-3.1926e-07	3.3993000000000003e-10	-1.6199e-10	-8.87e-12	3.193e-07	-3.1944e-07
-0.16	5.011e-11	-5.146e-11	1.56e-11	3.1956e-07	-3.1952e-07	8.009e-11	-5.808e-11	2.5610000000000003e-11	3.1944e-07	-3.194e-07	9.903e-11	-6.795000000000001e-11	1.259e-11	3.1938e-07	-3.194e-07	1.2856000000000002e-10	-7.412000000000001e-11	-9.86e-12	3.1944e-07	-3.1946e-07	1.5839e-10	-9.04e-11	-1.8700000000000003e-12	3.193e-07	-3.1934e-07	1.7591000000000002e-10	-9.565e-11	1.362e-11	3.1948e-07	-3.1948e-07	2.0218e-10	-1.0727e-10	5.520000000000001e-12	3.1928e-07	-3.1932e-07	2.4180000000000003e-10	-1.1969e-10	8.980000000000003e-12	3.1932e-07	-3.1952e-07	2.6483e-10	-1.2457000000000002e-10	-2.1000000000000003e-12	3.1942e-07	-3.1952e-07	2.7303000000000004e-10	-1.4676000000000002e-10	-4.4200000000000006e-11	3.1924e-07	-3.1938e-07	3.3038e-10	-1.5094000000000002e-10	-9.200000000000001e-12	3.1932e-07	-3.1948e-07
-0.155	4.3140000000000006e-11	-4.9080000000000007e-11	2.009e-11	3.195e-07	-3.1942e-07	7.595e-11	-6.36e-11	6.900000000000001e-13	3.1942e-07	-3.1936e-07	1.0218e-10	-6.773000000000001e-11	-5.660000000000001e-12	3.1936e-07	-3.1936e-07	1.3029000000000002e-10	-7.479e-11	-2.6120000000000003e-11	3.1944e-07	-3.1946e-07	1.5592000000000002e-10	-8.077000000000001e-11	-2.032e-11	3.1938e-07	-3.194e-07	1.7298e-10	-8.803e-11	2.8e-12	3.194e-07	-3.1946e-07	2.0247000000000003e-10	-9.954e-11	-2.129e-11	3.1926e-07	-3.193e-07	2.3415e-10	-1.0989e-10	-1.937e-11	3.1938e-07	-3.1946e-07	2.6445e-10	-1.2243e-10	-1.033e-11	3.1932e-07	-3.1954e-07	2.8263000000000004e-10	-1.3284e-10	3.4400000000000005e-11	3.1914e-07	-3.1932e-07	3.206e-10	-1.4794e-10	1.579e-11	3.1932e-07	-3.1948e-07
-0.15	4.7260000000000007e-11	-5.0100000000000007e-11	-1.963e-11	3.195e-07	-3.195e-07	7.253e-11	-5.085e-11	-1.6250000000000002e-11	3.1938e-07	-3.1944e-07	9.775e-11	-5.809e-11	-1.4190000000000002e-11	3.1938e-07	-3.1944e-07	1.2155e-10	-6.093e-11	3.5e-13	3.1948e-07	-3.1948e-07	1.4588000000000002e-10	-6.924000000000001e-11	3.9400000000000006e-12	3.1934e-07	-3.194e-07	1.7082e-10	-8.647000000000001e-11	-1.841e-11	3.194e-07	-3.194e-07	1.92e-10	-9.456e-11	-3.2000000000000005e-13	3.1924e-07	-3.194e-07	2.2756e-10	-1.0118e-10	3.2900000000000007e-12	3.1944e-07	-3.195e-07	2.5125000000000004e-10	-1.1461e-10	1.102e-11	3.1942e-07	-3.1952e-07	2.7281e-10	-1.4107e-10	4.683e-11	3.1932e-07	-3.1956e-07	3.1692000000000003e-10	-1.4292e-10	1.18e-12	3.1938e-07	-3.1946e-07
-0.145	4.098e-11	-4.371e-11	-9.96e-12	3.1954e-07	-3.1948e-07	7.109000000000001e-11	-4.6960000000000005e-11	2.509e-11	3.194e-07	-3.1944e-07	9.13e-11	-5.2310000000000005e-11	1.415e-11	3.1952e-07	-3.1952e-07	1.1798000000000002e-10	-6.747e-11	2.2880000000000003e-11	3.195e-07	-3.1952e-07	1.4539e-10	-7.56e-11	2.072e-11	3.1936e-07	-3.194e-07	1.6323e-10	-7.881000000000001e-11	6.620000000000001e-12	3.1942e-07	-3.1954e-07	1.8767e-10	-8.773e-11	2.002e-11	3.1932e-07	-3.1936e-07	2.2128e-10	-1.0078e-10	1.832e-11	3.1938e-07	-3.1948e-07	2.4531e-10	-1.1041e-10	1.406e-11	3.1942e-07	-3.1956e-07	2.608e-10	-1.1319e-10	-3.2320000000000004e-11	3.1936e-07	-3.1952e-07	3.1201000000000004e-10	-1.2996e-10	-2.025e-11	3.1934e-07	-3.1954e-07
-0.14	3.634e-11	-4.078e-11	2.13e-11	3.196e-07	-3.195e-07	6.864000000000001e-11	-5.1990000000000006e-11	1.5e-11	3.1942e-07	-3.1936e-07	8.958e-11	-5.823e-11	1.4920000000000002e-11	3.1946e-07	-3.1944e-07	1.148e-10	-5.959000000000001e-11	-5.370000000000001e-12	3.1938e-07	-3.1948e-07	1.3929000000000002e-10	-6.745000000000001e-11	-1.151e-11	3.1938e-07	-3.194e-07	1.5602000000000002e-10	-7.541e-11	2.3940000000000003e-11	3.1948e-07	-3.1948e-07	1.8487e-10	-8.386e-11	-5.980000000000001e-12	3.1928e-07	-3.1932e-07	2.1957e-10	-9.549e-11	-7.380000000000001e-12	3.1934e-07	-3.195e-07	2.4687e-10	-1.0381e-10	-1.65e-11	3.194e-07	-3.1946e-07	2.7299e-10	-1.1555e-10	-4.397e-11	3.1926e-07	-3.1936e-07	3.017e-10	-1.2821000000000002e-10	9.39e-12	3.1936e-07	-3.1954e-07
-0.135	3.726e-11	-3.9e-11	6.940000000000001e-12	3.1952e-07	-3.1946e-07	5.627e-11	-4.2340000000000006e-11	6.520000000000001e-12	3.194e-07	-3.1942e-07	8.835000000000001e-11	-4.885e-11	-2.01e-11	3.1942e-07	-3.194e-07	1.149e-10	-5.247000000000001e-11	-2.2810000000000003e-11	3.1948e-07	-3.1948e-07	1.4213e-10	-6.016e-11	-1.086e-11	3.1942e-07	-3.1944e-07	1.5727000000000002e-10	-7.202e-11	-1.2580000000000002e-11	3.1946e-07	-3.195e-07	1.8004e-10	-8.124e-11	-6.76e-12	3.1932e-07	-3.1934e-07	2.1412e-10	-8.429e-11	-1.152e-11	3.1934e-07	-3.1946e-07	2.3634000000000003e-10	-9.97e-11	-6.92e-12	3.1938e-07	-3.1962e-07	2.6267000000000003e-10	-1.1232999999999999e-10	-2.744e-11	3.192e-07	-3.1928e-07	2.9428000000000004e-10	-1.2378e-10	1.755e-11	3.1938e-07	-3.1952e-07
-0.13	3.587e-11	-3.7600000000000005e-11	-1.5320000000000002e-11	3.1958e-07	-3.1952e-07	5.7490000000000006e-11	-3.5010000000000004e-11	2.5600000000000004e-12	3.1948e-07	-3.1952e-07	8.489e-11	-4.257e-11	-8.500000000000001e-12	3.1936e-07	-3.1934e-07	1.0704e-10	-5.378000000000001e-11	1.073e-11	3.1942e-07	-3.1952e-07	1.3068e-10	-6.368000000000001e-11	1.6140000000000002e-11	3.1936e-07	-3.194e-07	1.5271e-10	-6.915e-11	-1.149e-11	3.1942e-07	-3.1952e-07	1.7416000000000002e-10	-7.135e-11	1.158e-11	3.1926e-07	-3.193e-07	2.0497e-10	-8.624e-11	1.872e-11	3.1938e-07	-3.1948e-07	2.3057e-10	-9.053000000000001e-11	2.081e-11	3.1938e-07	-3.1948e-07	2.4956e-10	-9.418e-11	-1.564e-11	3.1924e-07	-3.1942e-07	2.9316e-10	-1.1134e-10	-1.4110000000000002e-11	3.1926e-07	-3.1948e-07
-0.125	2.968e-11	-3.1880000000000004e-11	1.07e-11	3.1956e-07	-3.1956e-07	6.411e-11	-4.13e-11	1.459e-11	3.1942e-07	-3.1944e-07	7.555e-11	-4.863e-11	1.446e-11	3.1938e-07	-3.194e-07	1.0247e-10	-5.211e-11	-4.57e-12	3.194e-07	-3.1938e-07	1.3099e-10	-5.815000000000001e-11	3.4400000000000007e-12	3.194e-07	-3.1936e-07	1.4743e-10	-6.239e-11	1.479e-11	3.194e-07	-3.1946e-07	1.7114000000000002e-10	-7.404000000000001e-11	-8.600000000000001e-13	3.1924e-07	-3.1934e-07	2.0333e-10	-7.917000000000001e-11	4.79e-12	3.1938e-07	-3.194e-07	2.2873e-10	-9.14e-11	1.8700000000000003e-12	3.1944e-07	-3.1946e-07	2.4576000000000004e-10	-9.978e-11	1.26e-12	3.1926e-07	-3.1942e-07	2.8695000000000003e-10	-1.1229e-10	-1.179e-11	3.194e-07	-3.1948e-07
-0.12	2.7670000000000003e-11	-3.3770000000000003e-11	1.7910000000000003e-11	3.1948e-07	-3.1952e-07	4.81e-11	-3.4000000000000005e-11	-1.539e-11	3.1944e-07	-3.194e-07	8.072e-11	-3.898e-11	4.500000000000001e-13	3.1946e-07	-3.194e-07	1.0822e-10	-4.4740000000000005e-11	-1.069e-11	3.1936e-07	-3.1944e-07	1.3192000000000002e-10	-4.852e-11	-1.593e-11	3.1932e-07	-3.1942e-07	1.5041e-10	-5.866000000000001e-11	7.44e-12	3.195e-07	-3.1948e-07	1.7049000000000002e-10	-6.677e-11	-2.158e-11	3.192e-07	-3.1938e-07	1.9966e-10	-7.342e-11	-1.947e-11	3.1932e-07	-3.1952e-07	2.2633e-10	-8.197e-11	-1.4210000000000002e-11	3.194e-07	-3.1954e-07	2.3249e-10	-1.0057e-10	-4.850000000000001e-12	3.1928e-07	-3.1934e-07	2.7621e-10	-1.0344e-10	1.755e-11	3.194e-07	-3.195e-07
-0.115	2.921e-11	-2.7980000000000003e-11	-1.7400000000000003e-11	3.195e-07	-3.1954e-07	6.078000000000001e-11	-3.62e-11	-1.32e-11	3.1942e-07	-3.1938e-07	7.683e-11	-3.351e-11	-1.954e-11	3.1932e-07	-3.1946e-07	9.413e-11	-3.9720000000000006e-11	4.68e-12	3.194e-07	-3.195e-07	1.2321e-10	-4.9000000000000005e-11	3.75e-12	3.1936e-07	-3.1948e-07	1.4701000000000002e-10	-5.637e-11	-1.732e-11	3.1944e-07	-3.1954e-07	1.6333000000000002e-10	-5.911e-11	5.13e-12	3.193e-07	-3.1936e-07	1.9462e-10	-7.051000000000001e-11	3.56e-12	3.1942e-07	-3.1954e-07	2.1853e-10	-7.656e-11	7.890000000000001e-12	3.1942e-07	-3.1954e-07	2.3426000000000003e-10	-8.352000000000001e-11	-1.5830000000000002e-11	3.194e-07	-3.1946e-07	2.7636e-10	-9.664e-11	1.31e-12	3.193e-07	-3.1952e-07
-0.11	2.4430000000000003e-11	-2.457e-11	-8.66e-12	3.1952e-07	-3.1952e-07	4.269e-11	-2.446e-11	-1.049e-11	3.1938e-07	-3.1946e-07	7.189000000000001e-11	-3.8950000000000005e-11	6.97e-12	3.1938e-07	-3.1942e-07	9.872000000000001e-11	-4.557e-11	1.3e-11	3.1938e-07	-3.1936e-07	1.1771e-10	-4.8060000000000006e-11	1.158e-11	3.1948e-07	-3.195e-07	1.4267e-10	-5.095e-11	1.1000000000000001e-13	3.1948e-07	-3.1958e-07	1.5758e-10	-6.074e-11	1.8620000000000003e-11	3.1926e-07	-3.193e-07	1.9061000000000003e-10	-6.583000000000001e-11	1.82e-11	3.194e-07	-3.1946e-07	2.1099e-10	-7.811e-11	8.93e-12	3.1942e-07	-3.1946e-07	2.4433e-10	-8.371e-11	-2.06e-12	3.1936e-07	-3.1946e-07	2.7185e-10	-9.466e-11	-1.868e-11	3.193e-07	-3.195e-07
-0.105	2.07e-11	-2.578e-11	1.5540000000000002e-11	3.1952e-07	-3.1954e-07	4.6820000000000006e-11	-3.0900000000000004e-11	2.3080000000000003e-11	3.1936e-07	-3.1946e-07	6.794e-11	-3.242e-11	1.6100000000000002e-12	3.194e-07	-3.1934e-07	8.957e-11	-3.794e-11	-1.715e-11	3.1932e-07	-3.1936e-07	1.162e-10	-4.2080000000000005e-11	-1.923e-11	3.1944e-07	-3.1952e-07	1.3597000000000002e-10	-5.178e-11	1.433e-11	3.1942e-07	-3.1942e-07	1.5910000000000002e-10	-5.649e-11	-1.2770000000000002e-11	3.1926e-07	-3.1928e-07	1.8691e-10	-6.272e-11	-1.04e-11	3.1936e-07	-3.194e-07	2.1484e-10	-6.822000000000001e-11	-1.7110000000000003e-11	3.1932e-07	-3.1942e-07	2.3103000000000003e-10	-7.937e-11	1.1360000000000002e-11	3.1932e-07	-3.1938e-07	2.6434000000000004e-10	-8.922e-11	1.02e-11	3.1932e-07	-3.1952e-07
-0.1	2.1700000000000003e-11	-2.362e-11	-9.4e-13	3.195e-07	-3.1948e-07	4.945e-11	-2.5740000000000003e-11	-1.29e-11	3.194e-07	-3.194e-07	7.058e-11	-2.853e-11	-1.7960000000000002e-11	3.1932e-07	-3.1934e-07	9.263e-11	-3.5160000000000004e-11	-1.6580000000000002e-11	3.1942e-07	-3.1948e-07	1.1942e-10	-4.356e-11	-1.624e-11	3.1946e-07	-3.1952e-07	1.3837e-10	-4.3940000000000005e-11	-1.739e-11	3.1942e-07	-3.1954e-07	1.543e-10	-5.3990000000000006e-11	-1.3700000000000002e-11	3.192e-07	-3.193e-07	1.7548000000000002e-10	-5.95e-11	-1.316e-11	3.1934e-07	-3.1946e-07	2.0834000000000003e-10	-6.493e-11	-2.4300000000000003e-12	3.1938e-07	-3.1954e-07	2.3101e-10	-7.032000000000001e-11	6.000000000000001e-14	3.1922e-07	-3.1936e-07	2.5537e-10	-8.063000000000001e-11	1.312e-11	3.1932e-07	-3.1944e-07
-0.095	2.11e-11	-2.322e-11	-1.8440000000000003e-11	3.1944e-07	-3.1948e-07	4.3790000000000005e-11	-2.6360000000000003e-11	-1.7910000000000003e-11	3.1938e-07	-3.1934e-07	6.727e-11	-3.041e-11	-6.700000000000002e-13	3.1936e-07	-3.194e-07	8.683000000000001e-11	-3.242e-11	2.555e-11	3.1938e-07	-3.1946e-07	1.0728e-10	-3.647e-11	2.3100000000000003e-11	3.1946e-07	-3.1958e-07	1.3476e-10	-4.202e-11	-8.33e-12	3.1944e-07	-3.1948e-07	1.496e-10	-4.713e-11	1.529e-11	3.1926e-07	-3.1932e-07	1.6885000000000002e-10	-5.4650000000000006e-11	1.65e-11	3.1934e-07	-3.1942e-07	1.9865e-10	-6.438e-11	1.744e-11	3.1942e-07	-3.1948e-07	2.2823e-10	-7.072e-11	-4.250000000000001e-12	3.192e-07	-3.1942e-07	2.5911e-10	-8.051e-11	-1.428e-11	3.1932e-07	-3.1942e-07
-0.09	1.733e-11	-1.945e-11	1.313e-11	3.195e-07	-3.1956e-07	3.3880000000000003e-11	-2.466e-11	-7.880000000000001e-12	3.1948e-07	-3.193e-07	6.033e-11	-2.5230000000000003e-11	1.7420000000000003e-11	3.1942e-07	-3.1936e-07	8.4e-11	-3.2290000000000006e-11	3.0900000000000004e-12	3.1936e-07	-3.1936e-07	1.0961e-10	-3.683e-11	1.343e-11	3.1946e-07	-3.1952e-07	1.2585e-10	-4.2050000000000006e-11	2.023e-11	3.1938e-07	-3.1942e-07	1.4318000000000002e-10	-4.756e-11	5.48e-12	3.193e-07	-3.1932e-07	1.6499000000000002e-10	-5.0930000000000005e-11	4.92e-12	3.1936e-07	-3.194e-07	2.0018000000000003e-10	-5.984000000000001e-11	-6.5e-12	3.194e-07	-3.1944e-07	2.2561e-10	-7.086e-11	1.646e-11	3.1932e-07	-3.1946e-07	2.5046000000000003e-10	-7.483e-11	-9.15e-12	3.1938e-07	-3.1948e-07
-0.085	1.4560000000000003e-11	-1.405e-11	2.235e-11	3.1954e-07	-3.1948e-07	4.09e-11	-1.6540000000000002e-11	-4.440000000000001e-12	3.193e-07	-3.1928e-07	6.35e-11	-2.411e-11	-5.8e-12	3.1944e-07	-3.1936e-07	8.848e-11	-2.73e-11	-1.04e-11	3.1932e-07	-3.1942e-07	1.0829e-10	-3.325e-11	-2.15e-11	3.1948e-07	-3.1952e-07	1.2639000000000002e-10	-3.504e-11	3.5000000000000004e-12	3.1936e-07	-3.1942e-07	1.4438000000000002e-10	-4.353e-11	-1.304e-11	3.1924e-07	-3.193e-07	1.6806e-10	-5.067e-11	-2.4500000000000003e-11	3.1934e-07	-3.1944e-07	1.9705e-10	-5.5160000000000006e-11	-1.7340000000000002e-11	3.1932e-07	-3.195e-07	2.2046e-10	-6.407e-11	-1.3e-13	3.1924e-07	-3.1936e-07	2.4327000000000003e-10	-6.714e-11	1.886e-11	3.1932e-07	-3.195e-07
-0.08	1.677e-11	-2.047e-11	-1.6e-11	3.195e-07	-3.1946e-07	4.0520000000000006e-11	-2.431e-11	8.500000000000002e-13	3.1938e-07	-3.1936e-07	6.207e-11	-2.353e-11	-2.102e-11	3.1938e-07	-3.1936e-07	7.778e-11	-2.593e-11	-3.7000000000000004e-13	3.1948e-07	-3.1948e-07	1.0488e-10	-3.256e-11	-8.480000000000001e-12	3.1952e-07	-3.1952e-07	1.2364e-10	-3.65e-11	-2.7910000000000004e-11	3.1938e-07	-3.1932e-07	1.3997e-10	-3.98e-11	4.200000000000001e-12	3.193e-07	-3.1936e-07	1.6062e-10	-4.5110000000000006e-11	8.590000000000001e-12	3.1942e-07	-3.1946e-07	1.9391e-10	-5.416e-11	1.2260000000000001e-11	3.1938e-07	-3.1946e-07	2.1447e-10	-6.24e-11	-5.63e-12	3.1926e-07	-3.1932e-07	2.4392e-10	-6.842000000000001e-11	8.100000000000001e-13	3.1934e-07	-3.1942e-07
-0.075	1.386e-11	-1.402e-11	-1.7070000000000002e-11	3.1948e-07	-3.1948e-07	3.384e-11	-1.3890000000000002e-11	1.183e-11	3.1948e-07	-3.1948e-07	5.571000000000001e-11	-1.837e-11	1.07e-11	3.1936e-07	-3.1942e-07	7.97e-11	-2.978e-11	8.52e-12	3.1936e-07	-3.1942e-07	1.0064e-10	-2.5610000000000003e-11	1.51e-11	3.1944e-07	-3.1952e-07	1.1955000000000002e-10	-3.584e-11	-1.1000000000000002e-12	3.1948e-07	-3.1948e-07	1.351e-10	-3.668e-11	1.219e-11	3.1924e-07	-3.1928e-07	1.5371e-10	-3.923e-11	9.01e-12	3.1938e-07	-3.194e-07	1.855e-10	-4.917e-11	1.632e-11	3.1932e-07	-3.1946e-07	2.0834000000000003e-10	-5.134000000000001e-11	1.1960000000000002e-11	3.193e-07	-3.1936e-07	2.3732e-10	-6.242e-11	-2.016e-11	3.1932e-07	-3.1946e-07
-0.07	1.02e-11	-9.890000000000002e-12	1.109e-11	3.1956e-07	-3.1946e-07	3.6260000000000006e-11	-1.7890000000000002e-11	2.72e-12	3.1942e-07	-3.194e-07	5.4240000000000005e-11	-1.7820000000000003e-11	4.98e-12	3.194e-07	-3.194e-07	7.771000000000001e-11	-2.147e-11	-3.81e-12	3.1944e-07	-3.1938e-07	1.015e-10	-2.677e-11	-7.51e-12	3.1936e-07	-3.1948e-07	1.1501e-10	-2.562e-11	1.989e-11	3.1934e-07	-3.1946e-07	1.3810000000000002e-10	-3.758e-11	-1.22e-11	3.192e-07	-3.193e-07	1.5861e-10	-4.293e-11	-1.142e-11	3.1932e-07	-3.194e-07	1.8976000000000003e-10	-4.327e-11	-1.377e-11	3.1932e-07	-3.1942e-07	2.1272e-10	-5.354e-11	2.544e-11	3.1934e-07	-3.1944e-07	2.3413e-10	-5.5950000000000005e-11	9.47e-12	3.193e-07	-3.1948e-07
-0.065	1.2060000000000002e-11	-1.57e-11	2.64e-12	3.1944e-07	-3.1946e-07	3.056e-11	-1.5270000000000003e-11	-2.639e-11	3.1942e-07	-3.194e-07	6.097000000000001e-11	-2.1790000000000003e-11	-1.175e-11	3.1942e-07	-3.1946e-07	7.898e-11	-1.8730000000000003e-11	1.1000000000000002e-12	3.194e-07	-3.1948e-07	1.0113e-10	-2.504e-11	-1.702e-11	3.1938e-07	-3.1948e-07	1.1958000000000002e-10	-3.067e-11	-9.24e-12	3.1932e-07	-3.1936e-07	1.3118e-10	-3.1080000000000004e-11	-8.790000000000003e-12	3.1928e-07	-3.1936e-07	1.5451000000000002e-10	-3.9940000000000006e-11	-1.422e-11	3.193e-07	-3.1948e-07	1.8359e-10	-4.542e-11	-4.37e-12	3.1934e-07	-3.1946e-07	2.0842e-10	-4.7030000000000005e-11	-1.526e-11	3.1932e-07	-3.194e-07	2.2696e-10	-5.5920000000000006e-11	1.5360000000000002e-11	3.193e-07	-3.1946e-07
-0.06	1.037e-11	-1.138e-11	-1.194e-11	3.195e-07	-3.1952e-07	3.4870000000000005e-11	-1.017e-11	3.15e-12	3.194e-07	-3.1936e-07	5.158e-11	-1.466e-11	4.33e-12	3.1942e-07	-3.1938e-07	7.065000000000001e-11	-1.6690000000000003e-11	2.209e-11	3.1942e-07	-3.1948e-07	9.113e-11	-1.9950000000000003e-11	1.286e-11	3.194e-07	-3.194e-07	1.1736000000000002e-10	-2.897e-11	-9.52e-12	3.1936e-07	-3.1942e-07	1.2847000000000002e-10	-2.75e-11	1.67e-11	3.1926e-07	-3.193e-07	1.4918000000000002e-10	-2.883e-11	2.2080000000000003e-11	3.1936e-07	-3.1942e-07	1.7647e-10	-3.8950000000000005e-11	1.042e-11	3.1936e-07	-3.1936e-07	2.0769e-10	-3.9930000000000005e-11	-2.757e-11	3.193e-07	-3.194e-07	2.3097000000000003e-10	-5.3770000000000005e-11	-1.653e-11	3.1928e-07	-3.1948e-07
-0.055	7.780000000000001e-12	-4.450000000000001e-12	9.97e-12	3.1956e-07	-3.1952e-07	2.1770000000000003e-11	-8.66e-12	1.5760000000000002e-11	3.193e-07	-3.1936e-07	5.23e-11	-1.435e-11	2.131e-11	3.1942e-07	-3.1938e-07	7.22e-11	-2.164e-11	-1.2870000000000002e-11	3.1944e-07	-3.194e-07	9.429e-11	-1.885e-11	5.560000000000001e-12	3.1938e-07	-3.1934e-07	1.0948e-10	-1.932e-11	1.5830000000000002e-11	3.1944e-07	-3.1946e-07	1.2759000000000002e-10	-3.255e-11	4.3000000000000004e-13	3.192e-07	-3.1928e-07	1.4702e-10	-3.664e-11	2.6100000000000004e-12	3.1932e-07	-3.1942e-07	1.7982e-10	-3.446e-11	-1.01e-11	3.1934e-07	-3.1944e-07	2.0066e-10	-4.313e-11	-7.42e-12	3.1924e-07	-3.1938e-07	2.2294e-10	-4.717e-11	-1.24e-11	3.1936e-07	-3.1954e-07
-0.05	7.2300000000000005e-12	-1.401e-11	1.015e-11	3.195e-07	-3.1944e-07	3.1670000000000005e-11	-1.394e-11	-5.060000000000001e-12	3.1932e-07	-3.1934e-07	5.4830000000000006e-11	-1.668e-11	-2.8300000000000007e-12	3.1932e-07	-3.1936e-07	7.595e-11	-1.443e-11	-2.455e-11	3.193e-07	-3.194e-07	9.526e-11	-2.464e-11	-2.608e-11	3.1932e-07	-3.194e-07	1.1197000000000002e-10	-2.451e-11	-2.72e-12	3.1936e-07	-3.1936e-07	1.2831000000000002e-10	-2.826e-11	-1.6600000000000003e-11	3.1924e-07	-3.1934e-07	1.4719e-10	-3.446e-11	-1.7800000000000003e-11	3.1936e-07	-3.1946e-07	1.7830000000000002e-10	-3.905e-11	-8.12e-12	3.1928e-07	-3.1946e-07	1.9576e-10	-3.703e-11	4.6400000000000004e-12	3.193e-07	-3.194e-07	2.0711e-10	-4.7150000000000006e-11	1.968e-11	3.1936e-07	-3.1948e-07
-0.045	6.26e-12	-1.0030000000000001e-11	-1.812e-11	3.195e-07	-3.1942e-07	2.824e-11	-9.37e-12	-1.7780000000000002e-11	3.1936e-07	-3.194e-07	5.2750000000000005e-11	-1.035e-11	-7.73e-12	3.1942e-07	-3.1944e-07	6.784000000000001e-11	-1.002e-11	6.04e-12	3.1932e-07	-3.1936e-07	8.949e-11	-1.799e-11	-1.6e-12	3.1936e-07	-3.1942e-07	1.1247e-10	-2.3920000000000003e-11	-2.203e-11	3.1932e-07	-3.194e-07	1.2252e-10	-1.9950000000000003e-11	7.7e-12	3.1926e-07	-3.193e-07	1.4208000000000001e-10	-2.12e-11	2.5800000000000003e-12	3.1944e-07	-3.1948e-07	1.7090000000000003e-10	-2.9440000000000004e-11	1.857e-11	3.1936e-07	-3.1946e-07	1.9657000000000003e-10	-2.797e-11	-5.770000000000001e-12	3.1926e-07	-3.1944e-07	2.0992e-10	-4.246e-11	1.7100000000000002e-12	3.193e-07	-3.1946e-07
-0.04	6.21e-12	-6.400000000000001e-13	-6.390000000000001e-12	3.196e-07	-3.195e-07	2.13e-11	-8.900000000000001e-12	1.522e-11	3.1944e-07	-3.1942e-07	4.768e-11	-9.800000000000001e-12	1.852e-11	3.1944e-07	-3.1944e-07	6.913000000000001e-11	-1.581e-11	1.9150000000000003e-11	3.1932e-07	-3.1936e-07	8.635e-11	-1.215e-11	2.949e-11	3.1944e-07	-3.1942e-07	1.0519e-10	-1.3680000000000001e-11	8.370000000000003e-12	3.1938e-07	-3.1936e-07	1.1965000000000002e-10	-3.008e-11	1.7780000000000002e-11	3.1924e-07	-3.192e-07	1.3896e-10	-2.884e-11	1.511e-11	3.1936e-07	-3.1942e-07	1.6876000000000002e-10	-2.861e-11	7.95e-12	3.1936e-07	-3.1938e-07	1.9392e-10	-4.1280000000000005e-11	5.410000000000001e-12	3.1928e-07	-3.1942e-07	2.0636000000000002e-10	-4.079e-11	-1.6850000000000002e-11	3.1936e-07	-3.1942e-07
-0.035	4.03e-12	-9.32e-12	2.7180000000000003e-11	3.1954e-07	-3.1946e-07	2.4960000000000004e-11	-8.790000000000003e-12	1.7050000000000002e-11	3.194e-07	-3.1948e-07	4.5250000000000005e-11	-1.1e-11	3.740000000000001e-12	3.1944e-07	-3.1942e-07	6.636e-11	-1.11e-11	-5.4000000000000004e-12	3.1938e-07	-3.1936e-07	8.777000000000001e-11	-1.991e-11	1.04e-12	3.1932e-07	-3.1936e-07	1.0528e-10	-1.724e-11	2.347e-11	3.1932e-07	-3.1934e-07	1.1964e-10	-1.996e-11	-7.94e-12	3.1924e-07	-3.1928e-07	1.4115e-10	-2.8780000000000003e-11	-7.180000000000001e-12	3.1932e-07	-3.1946e-07	1.7327e-10	-3.3700000000000004e-11	-2.1390000000000003e-11	3.1928e-07	-3.194e-07	1.7435000000000002e-10	-2.9520000000000005e-11	8.95e-12	3.193e-07	-3.1942e-07	2.0233e-10	-3.643e-11	8.33e-12	3.1926e-07	-3.1952e-07
-0.03	1.3300000000000002e-12	-3.53e-12	3.1700000000000004e-12	3.1956e-07	-3.1948e-07	2.761e-11	-6.390000000000001e-12	-8.02e-12	3.194e-07	-3.1942e-07	5.2710000000000005e-11	-9.26e-12	-1.211e-11	3.1932e-07	-3.194e-07	6.695e-11	-1.004e-11	-1.203e-11	3.1938e-07	-3.1944e-07	8.896000000000001e-11	-1.428e-11	-1.838e-11	3.194e-07	-3.1942e-07	1.0639e-10	-2.153e-11	-1.315e-11	3.1932e-07	-3.1936e-07	1.1704000000000002e-10	-1.47e-11	-4.03e-12	3.1926e-07	-3.1938e-07	1.3903e-10	-1.7980000000000002e-11	-1.063e-11	3.1944e-07	-3.1946e-07	1.6564e-10	-2.371e-11	-4.51e-12	3.1938e-07	-3.1946e-07	1.7622e-10	-2.8450000000000003e-11	-5.38e-12	3.1934e-07	-3.1934e-07	1.9543e-10	-3.515e-11	1.5010000000000002e-11	3.1932e-07	-3.1946e-07
-0.025	7.49e-12	-2.47e-12	-1.9240000000000003e-11	3.1956e-07	-3.1946e-07	2.285e-11	-6.55e-12	8.35e-12	3.1948e-07	-3.1952e-07	4.147e-11	-5.2500000000000004e-12	7.970000000000001e-12	3.1944e-07	-3.194e-07	6.297e-11	-1.355e-11	8.33e-12	3.1932e-07	-3.193e-07	8.372000000000001e-11	-8.03e-12	6.45e-12	3.1944e-07	-3.1934e-07	1.0205e-10	-1e-11	-1.126e-11	3.1942e-07	-3.1946e-07	1.1489e-10	-2.309e-11	1.3190000000000002e-11	3.1934e-07	-3.1936e-07	1.3353e-10	-2.26e-11	2.049e-11	3.1936e-07	-3.1948e-07	1.6178e-10	-2.266e-11	2.028e-11	3.1934e-07	-3.1938e-07	1.7624e-10	-3.383e-11	4.710000000000001e-12	3.193e-07	-3.1948e-07	1.9709e-10	-3.2790000000000004e-11	-1.604e-11	3.193e-07	-3.1948e-07
-0.02	-8.100000000000001e-13	-5.4000000000000004e-12	4.900000000000001e-12	3.1948e-07	-3.1944e-07	1.67e-11	-1.8900000000000002e-12	1.5120000000000002e-11	3.1944e-07	-3.194e-07	4.509e-11	-6.2e-12	1.954e-11	3.1932e-07	-3.1932e-07	6.186000000000001e-11	-1.0440000000000002e-11	-2.5500000000000002e-12	3.1936e-07	-3.1942e-07	8.365e-11	-1.47e-11	8.06e-12	3.1934e-07	-3.1938e-07	9.913e-11	-1.249e-11	1.285e-11	3.194e-07	-3.1944e-07	1.1214e-10	-1.508e-11	-7.94e-12	3.1936e-07	-3.193e-07	1.3251000000000002e-10	-2.417e-11	4.21e-12	3.1942e-07	-3.194e-07	1.6845000000000002e-10	-2.4320000000000003e-11	-5.04e-12	3.1932e-07	-3.1944e-07	1.6902e-10	-1.671e-11	2.153e-11	3.193e-07	-3.1952e-07	1.9503e-10	-2.979e-11	-9.62e-12	3.1934e-07	-3.1946e-07
-0.015	1.23e-12	-4.500000000000001e-13	1.575e-11	3.1948e-07	-3.1936e-07	2.5940000000000003e-11	-5.760000000000001e-12	-6.14e-12	3.1944e-07	-3.194e-07	4.617e-11	-8.33e-12	-1.0840000000000001e-11	3.193e-07	-3.1938e-07	6.753000000000001e-11	-1.46e-12	-7.42e-12	3.1942e-07	-3.1942e-07	8.282e-11	-7.74e-12	-1.6270000000000002e-11	3.193e-07	-3.194e-07	1.0315e-10	-1.6090000000000003e-11	-1.5000000000000004e-13	3.1942e-07	-3.1942e-07	1.1761000000000002e-10	-1.314e-11	-1.877e-11	3.1924e-07	-3.1928e-07	1.3253e-10	-1.218e-11	-1.63e-11	3.1932e-07	-3.1942e-07	1.6018e-10	-1.9530000000000003e-11	-1.335e-11	3.1936e-07	-3.1948e-07	1.6973000000000002e-10	-2.4210000000000003e-11	1.855e-11	3.1932e-07	-3.1942e-07	1.8932000000000002e-10	-2.752e-11	2.127e-11	3.194e-07	-3.1958e-07
-0.01	6.700000000000002e-13	-9e-14	-1.027e-11	3.1952e-07	-3.1946e-07	2.0370000000000003e-11	-2.5800000000000003e-12	-2.036e-11	3.1948e-07	-3.1948e-07	4.304e-11	-4.33e-12	-6.46e-12	3.1934e-07	-3.194e-07	5.947e-11	-7.74e-12	1.009e-11	3.1944e-07	-3.1946e-07	8.116e-11	-3.640000000000001e-12	4.79e-12	3.1948e-07	-3.195e-07	1.0066e-10	-7.54e-12	-1.65e-11	3.1932e-07	-3.1948e-07	1.0985e-10	-1.428e-11	1.305e-11	3.1924e-07	-3.194e-07	1.3167000000000002e-10	-1.683e-11	9.100000000000002e-13	3.1934e-07	-3.1948e-07	1.5867e-10	-1.804e-11	1.053e-11	3.1942e-07	-3.1944e-07	1.6870000000000002e-10	-3.168e-11	-1.058e-11	3.1928e-07	-3.1936e-07	1.9068e-10	-2.42e-11	1.6200000000000004e-12	3.1938e-07	-3.1946e-07
-0.005	-1.04e-12	1.9000000000000002e-13	-6.6e-12	3.1948e-07	-3.1946e-07	2.77e-11	-5.8700000000000014e-12	3.4510000000000005e-11	3.1946e-07	-3.1944e-07	4.0920000000000006e-11	-2.3500000000000007e-12	1.8820000000000003e-11	3.1936e-07	-3.1936e-07	6.011e-11	-4.660000000000001e-12	-3.5700000000000007e-12	3.1942e-07	-3.1942e-07	7.627000000000001e-11	-1.235e-11	2.038e-11	3.1946e-07	-3.1942e-07	9.642e-11	-9.180000000000002e-12	1.022e-11	3.1942e-07	-3.1946e-07	1.0894e-10	-8.72e-12	1.847e-11	3.192e-07	-3.193e-07	1.2497e-10	-1.812e-11	1.384e-11	3.1938e-07	-3.1948e-07	1.5863000000000003e-10	-2.2610000000000003e-11	4.140000000000001e-12	3.1932e-07	-3.1938e-07	1.6573e-10	-1.177e-11	-9.23e-12	3.193e-07	-3.1938e-07	1.8811e-10	-2.644e-11	-2.413e-11	3.1936e-07	-3.1954e-07
0.0	-2.8100000000000003e-12	1.27e-12	1.668e-11	3.1946e-07	-3.1952e-07	3.242e-11	5.2600000000000014e-12	7.72e-12	3.1954e-07	-3.1946e-07	4.151e-11	-4.27e-12	-3.43e-12	3.1942e-07	-3.1936e-07	6.4e-11	-4.660000000000001e-12	-2.342e-11	3.1932e-07	-3.1946e-07	7.900000000000001e-11	-4.72e-12	-1.484e-11	3.1942e-07	-3.1948e-07	9.68e-11	-1.06e-11	1.163e-11	3.1932e-07	-3.1938e-07	1.0907e-10	-1.072e-11	-1.5980000000000003e-11	3.192e-07	-3.193e-07	1.2797e-10	-8.83e-12	-1.3080000000000002e-11	3.1932e-07	-3.1946e-07	1.5864e-10	-1.199e-11	-1.741e-11	3.1926e-07	-3.1944e-07	1.6412000000000002e-10	-2.093e-11	1.951e-11	3.193e-07	-3.194e-07	1.8235e-10	-2.1370000000000003e-11	8.26e-12	3.1932e-07	-3.1948e-07
0.005	-5.6e-12	-1.08e-12	-6.96e-12	3.196e-07	-3.1946e-07	2.11e-12	1.394e-11	-3.5420000000000005e-11	3.1934e-07	-3.194e-07	4.443e-11	-2.3200000000000002e-12	-1.5450000000000002e-11	3.1944e-07	-3.1946e-07	6.045000000000001e-11	-4.900000000000001e-12	-5.820000000000001e-12	3.1938e-07	-3.1944e-07	7.787000000000001e-11	-6.96e-12	-1.803e-11	3.1946e-07	-3.1954e-07	9.681e-11	-7.240000000000001e-12	-2.209e-11	3.1932e-07	-3.194e-07	1.0668e-10	-1.28e-11	-1.129e-11	3.1924e-07	-3.194e-07	1.2818000000000002e-10	-1.3500000000000002e-11	-1.02e-11	3.1936e-07	-3.1948e-07	1.5578e-10	-1.209e-11	8.810000000000001e-12	3.1932e-07	-3.1946e-07	1.6279e-10	-2.316e-11	8.690000000000003e-12	3.192e-07	-3.1934e-07	1.8402e-10	-1.806e-11	1.428e-11	3.1938e-07	-3.1948e-07
0.01	2.8e-13	2.9300000000000002e-12	-1.746e-11	3.195e-07	-3.195e-07	2.788e-11	-1.57e-11	-2.476e-11	3.1942e-07	-3.1944e-07	3.745e-11	1.65e-12	5.770000000000001e-12	3.1942e-07	-3.1942e-07	5.338000000000001e-11	1.8400000000000002e-12	2.8000000000000003e-11	3.1938e-07	-3.1942e-07	7.275e-11	-5.08e-12	1.825e-11	3.1948e-07	-3.1948e-07	9.66e-11	-5.13e-12	-5.7e-12	3.1936e-07	-3.1946e-07	1.023e-10	-3.5400000000000007e-12	7.29e-12	3.1926e-07	-3.1928e-07	1.2156000000000002e-10	-1.3280000000000002e-11	1.7380000000000002e-11	3.1934e-07	-3.1942e-07	1.5e-10	-1.834e-11	1.312e-11	3.1942e-07	-3.195e-07	1.6182000000000002e-10	-6.430000000000001e-12	2.2000000000000003e-12	3.193e-07	-3.1948e-07	1.8380000000000003e-10	-2.123e-11	-1.4290000000000002e-11	3.1936e-07	-3.1948e-07
0.015	-8.670000000000001e-12	3.18e-12	1.7690000000000002e-11	3.1954e-07	-3.1952e-07	1.391e-11	5.94e-12	3.600000000000001e-13	3.1944e-07	-3.1932e-07	3.883e-11	-2.85e-12	1.185e-11	3.194e-07	-3.194e-07	5.689e-11	-5.9700000000000014e-12	1.361e-11	3.1942e-07	-3.1942e-07	7.512e-11	6.8e-13	1.311e-11	3.1942e-07	-3.1942e-07	9.198e-11	-5.520000000000001e-12	2.14e-11	3.1936e-07	-3.1946e-07	1.0561e-10	-1.0540000000000002e-11	-3.5900000000000007e-12	3.193e-07	-3.1932e-07	1.2237e-10	-4.850000000000001e-12	-6.900000000000001e-13	3.1936e-07	-3.1942e-07	1.5527000000000002e-10	-8.72e-12	-1.7890000000000002e-11	3.1932e-07	-3.1942e-07	1.5855e-10	-1.999e-11	8.880000000000003e-12	3.194e-07	-3.1942e-07	1.8075e-10	-1.5720000000000002e-11	-4.610000000000001e-12	3.194e-07	-3.1952e-07
0.02	-8.54e-12	1.0100000000000001e-12	2.287e-11	3.195e-07	-3.194e-07	1.857e-11	7.000000000000001e-12	2.156e-11	3.1936e-07	-3.1948e-07	4.1350000000000005e-11	2.19e-12	-2.136e-11	3.1932e-07	-3.1942e-07	5.645e-11	-2.6000000000000002e-12	-2.225e-11	3.1932e-07	-3.1934e-07	7.585e-11	-4.62e-12	-2.317e-11	3.1946e-07	-3.1952e-07	9.463e-11	-4.710000000000001e-12	-1.2400000000000002e-12	3.1936e-07	-3.1942e-07	1.0799e-10	-8.05e-12	-1.1970000000000002e-11	3.1926e-07	-3.1936e-07	1.2297000000000002e-10	-1.052e-11	-1.7000000000000003e-11	3.1938e-07	-3.1948e-07	1.5140000000000001e-10	-1.234e-11	-1.4390000000000001e-11	3.1938e-07	-3.1948e-07	1.5506e-10	-1.5830000000000002e-11	7.3e-13	3.1936e-07	-3.1938e-07	1.758e-10	-1.418e-11	1.916e-11	3.1938e-07	-3.1954e-07
0.025	-5.680000000000001e-12	5.610000000000001e-12	-1.148e-11	3.195e-07	-3.1944e-07	1.344e-11	-7.44e-12	2.62e-11	3.1936e-07	-3.194e-07	3.8510000000000005e-11	7.400000000000001e-13	-5.660000000000001e-12	3.1938e-07	-3.1942e-07	5.498000000000001e-11	1.9e-12	-1.203e-11	3.1936e-07	-3.1942e-07	7.401000000000001e-11	-5.960000000000001e-12	-5.39e-12	3.1948e-07	-3.1954e-07	9.575e-11	-2.0700000000000007e-12	-1.974e-11	3.1934e-07	-3.1946e-07	9.914e-11	2.36e-12	1.05e-11	3.1926e-07	-3.1938e-07	1.2118000000000001e-10	-7.570000000000003e-12	2e-13	3.1938e-07	-3.1952e-07	1.47e-10	-1.008e-11	1.743e-11	3.1938e-07	-3.195e-07	1.5722e-10	-5.730000000000001e-12	-1.693e-11	3.193e-07	-3.1946e-07	1.7670000000000002e-10	-1.6890000000000003e-11	-4.6900000000000004e-12	3.1944e-07	-3.1952e-07
0.03	-5.34e-12	4.5900000000000004e-12	-1.072e-11	3.1954e-07	-3.1948e-07	1.6910000000000003e-11	9.910000000000001e-12	-2.5050000000000003e-11	3.1948e-07	-3.1946e-07	3.5450000000000004e-11	8.7e-13	2.0440000000000003e-11	3.1942e-07	-3.1936e-07	5.095e-11	-2.44e-12	2.252e-11	3.1942e-07	-3.194e-07	6.936000000000001e-11	4.74e-12	1.416e-11	3.1948e-07	-3.1948e-07	8.848e-11	-4.89e-12	6.7700000000000004e-12	3.1942e-07	-3.1946e-07	1.0029e-10	-9.55e-12	5.520000000000001e-12	3.193e-07	-3.1934e-07	1.1367e-10	-5.360000000000001e-12	7.0900000000000015e-12	3.1942e-07	-3.1948e-07	1.497e-10	-4.94e-12	3.6000000000000004e-12	3.1936e-07	-3.1944e-07	1.5645e-10	-1.159e-11	1.08e-12	3.1924e-07	-3.1934e-07	1.769e-10	-1.4400000000000002e-11	-1.948e-11	3.1944e-07	-3.1956e-07
0.035	-9.080000000000003e-12	5.38e-12	1.537e-11	3.1952e-07	-3.1948e-07	1.916e-11	4.52e-12	-2.488e-11	3.1944e-07	-3.193e-07	3.671e-11	4.58e-12	-4.33e-12	3.1942e-07	-3.1936e-07	5.4280000000000005e-11	3.4500000000000004e-12	9.53e-12	3.1932e-07	-3.1938e-07	7.511e-11	-1.45e-12	-5.520000000000001e-12	3.1936e-07	-3.1938e-07	8.958e-11	3.4e-13	8.66e-12	3.1942e-07	-3.194e-07	1.0344e-10	-7.22e-12	-2.149e-11	3.193e-07	-3.1936e-07	1.2117e-10	-6.6300000000000014e-12	-1.571e-11	3.1936e-07	-3.1946e-07	1.4961e-10	-1.02e-11	-1.732e-11	3.1928e-07	-3.1946e-07	1.5105e-10	-9.700000000000001e-12	1.9970000000000003e-11	3.1942e-07	-3.1946e-07	1.7289e-10	-9.13e-12	1.4720000000000002e-11	3.1938e-07	-3.1958e-07
0.04	-1.111e-11	7.5e-12	1.45e-12	3.1948e-07	-3.1942e-07	1.169e-11	-3.3e-13	-5.9e-12	3.1938e-07	-3.1936e-07	3.919e-11	7e-13	-2.1900000000000003e-11	3.1938e-07	-3.1938e-07	5.558e-11	5.170000000000001e-12	-1.561e-11	3.194e-07	-3.1944e-07	7.292e-11	-2.7600000000000004e-12	-8.790000000000003e-12	3.1934e-07	-3.1944e-07	9.34e-11	-4.5400000000000004e-12	-2.134e-11	3.193e-07	-3.194e-07	1.0126e-10	3.1600000000000007e-12	-3.7e-12	3.1932e-07	-3.194e-07	1.1905000000000002e-10	-5.34e-12	-7.690000000000001e-12	3.194e-07	-3.1954e-07	1.3566e-10	-7.43e-12	9.200000000000001e-13	3.1938e-07	-3.1952e-07	1.5337e-10	-5.18e-12	-1.1550000000000001e-11	3.1936e-07	-3.1948e-07	1.7334000000000002e-10	-1.143e-11	1.73e-11	3.1938e-07	-3.1942e-07
0.045	-6.41e-12	8.53e-12	-1.15e-11	3.1942e-07	-3.1948e-07	1.442e-11	1.6160000000000002e-11	7.9e-12	3.1936e-07	-3.1936e-07	3.187e-11	3.38e-12	7.680000000000001e-12	3.1942e-07	-3.194e-07	4.9880000000000006e-11	-2.29e-12	2.37e-12	3.194e-07	-3.1952e-07	6.519000000000001e-11	6.92e-12	1.5e-11	3.1946e-07	-3.195e-07	8.935e-11	1.2000000000000002e-13	-2e-13	3.194e-07	-3.1942e-07	9.683e-11	-1.95e-12	2.289e-11	3.1936e-07	-3.194e-07	1.1303e-10	-2.7e-13	1.774e-11	3.1936e-07	-3.1944e-07	1.3241e-10	-2.72e-12	1.127e-11	3.1932e-07	-3.1944e-07	1.5472e-10	-1.2770000000000002e-11	-1.54e-11	3.193e-07	-3.1944e-07	1.7324e-10	-1.031e-11	-1.3890000000000002e-11	3.1942e-07	-3.195e-07
0.05	-1.4870000000000003e-11	8.21e-12	7.040000000000001e-12	3.1948e-07	-3.1942e-07	1.4090000000000002e-11	6.91e-12	-4e-12	3.1946e-07	-3.1954e-07	3.241e-11	7.42e-12	1.9150000000000003e-11	3.1942e-07	-3.193e-07	4.941000000000001e-11	4.750000000000001e-12	8.36e-12	3.1938e-07	-3.1934e-07	7.145000000000001e-11	3.800000000000001e-13	9.4e-13	3.1932e-07	-3.193e-07	8.764e-11	4.32e-12	2.378e-11	3.1932e-07	-3.1946e-07	9.931e-11	-5.38e-12	-7.800000000000002e-13	3.1934e-07	-3.1942e-07	1.1743e-10	-4.6400000000000004e-12	-3.640000000000001e-12	3.1938e-07	-3.1948e-07	1.3825e-10	-6.620000000000001e-12	-1.743e-11	3.1932e-07	-3.1946e-07	1.4998e-10	-4.94e-12	7.760000000000002e-12	3.1926e-07	-3.1938e-07	1.6993e-10	-6e-12	-1.052e-11	3.1936e-07	-3.1954e-07
0.055	-1.473e-11	1.184e-11	1.153e-11	3.1954e-07	-3.1946e-07	1.1860000000000002e-11	2.7e-13	-1.4e-12	3.1938e-07	-3.1944e-07	3.6330000000000005e-11	4.33e-12	-1.4310000000000002e-11	3.1932e-07	-3.1934e-07	5.209e-11	5.85e-12	-1.362e-11	3.1938e-07	-3.1946e-07	7.081000000000001e-11	-2.5e-13	-2.6540000000000003e-11	3.1944e-07	-3.1942e-07	8.788000000000001e-11	-3.1200000000000004e-12	-4.28e-12	3.193e-07	-3.1944e-07	9.778e-11	5.210000000000001e-12	-2.4430000000000003e-11	3.193e-07	-3.1936e-07	1.1711e-10	-4.960000000000001e-12	-1.987e-11	3.1932e-07	-3.1946e-07	1.3295000000000002e-10	-4.77e-12	-4.01e-12	3.1938e-07	-3.1954e-07	1.4692000000000002e-10	-2.8300000000000007e-12	1.9040000000000003e-11	3.193e-07	-3.1936e-07	1.6519e-10	-8.61e-12	1.781e-11	3.1938e-07	-3.1954e-07
0.06	-1.3290000000000002e-11	7.49e-12	-4.12e-12	3.195e-07	-3.1944e-07	3.5500000000000004e-12	1.568e-11	-1.164e-11	3.194e-07	-3.194e-07	3.237e-11	4.83e-12	-8.46e-12	3.1936e-07	-3.1934e-07	4.8350000000000006e-11	2.26e-12	1.063e-11	3.1942e-07	-3.1956e-07	6.759000000000001e-11	9.83e-12	3.0000000000000005e-14	3.1938e-07	-3.195e-07	8.884000000000001e-11	3.3900000000000007e-12	-2.462e-11	3.1938e-07	-3.1936e-07	9.457e-11	-2.4000000000000007e-12	-1.8000000000000004e-13	3.1932e-07	-3.1934e-07	1.1429e-10	5.28e-12	5.07e-12	3.1938e-07	-3.1944e-07	1.2835e-10	1.12e-12	1.7800000000000003e-11	3.1932e-07	-3.1946e-07	1.4934000000000002e-10	-9.22e-12	-9.280000000000001e-12	3.1928e-07	-3.194e-07	1.6864000000000002e-10	-6.830000000000001e-12	-2.4800000000000003e-12	3.1938e-07	-3.1948e-07
0.065	-1.4300000000000002e-11	1.311e-11	-1.371e-11	3.195e-07	-3.1952e-07	1.4510000000000002e-11	5.680000000000001e-12	-3.66e-12	3.194e-07	-3.1932e-07	2.779e-11	1.495e-11	1.323e-11	3.1936e-07	-3.194e-07	3.632e-11	8.35e-12	1.885e-11	3.1944e-07	-3.1946e-07	6.534e-11	2.41e-12	2.276e-11	3.1944e-07	-3.194e-07	8.434e-11	4.78e-12	5.410000000000001e-12	3.1944e-07	-3.1946e-07	9.531e-11	-4.3000000000000004e-13	6.930000000000001e-12	3.193e-07	-3.1934e-07	1.1011e-10	-2.57e-12	1.602e-11	3.1942e-07	-3.1944e-07	1.4116e-10	-6.900000000000001e-12	-2.4000000000000004e-13	3.193e-07	-3.1936e-07	1.4997e-10	-1.07e-12	-9.97e-12	3.193e-07	-3.1946e-07	1.6783e-10	-5.75e-12	-1.541e-11	3.1932e-07	-3.1954e-07
0.07	-1.695e-11	1.952e-11	1.631e-11	3.1962e-07	-3.195e-07	3.0300000000000002e-12	1.202e-11	-2.156e-11	3.194e-07	-3.1944e-07	2.897e-11	4.900000000000001e-12	-2.37e-12	3.193e-07	-3.1932e-07	4.64e-11	1.55e-12	-6.320000000000001e-12	3.195e-07	-3.1948e-07	6.78e-11	3.9300000000000004e-12	-7.4e-12	3.1936e-07	-3.1938e-07	8.514e-11	3.1900000000000003e-12	1.332e-11	3.1932e-07	-3.1946e-07	9.687e-11	7.42e-12	-1.0240000000000002e-11	3.1922e-07	-3.1924e-07	1.1451e-10	-1.2000000000000001e-12	-1.246e-11	3.1926e-07	-3.1942e-07	1.4219e-10	-3.15e-12	-1.757e-11	3.1938e-07	-3.1952e-07	1.412e-10	-1.0100000000000001e-12	4.52e-12	3.1934e-07	-3.1936e-07	1.6357e-10	-2.36e-12	1.393e-11	3.1948e-07	-3.196e-07
0.075	-2.198e-11	1.056e-11	1.14e-11	3.1956e-07	-3.195e-07	3.532e-11	-2.62e-12	-9.63e-12	3.1944e-07	-3.1936e-07	2.9090000000000003e-11	5.39e-12	-1.921e-11	3.1932e-07	-3.1938e-07	4.2590000000000005e-11	2.19e-12	-2.265e-11	3.1938e-07	-3.1946e-07	6.695e-11	1.053e-11	-1.755e-11	3.1938e-07	-3.1946e-07	8.795e-11	3.66e-12	-1.519e-11	3.194e-07	-3.1946e-07	9.659e-11	1.2000000000000001e-12	4.17e-12	3.1924e-07	-3.193e-07	1.1326e-10	5.09e-12	-1.053e-11	3.194e-07	-3.1948e-07	1.3649e-10	4.750000000000001e-12	1.122e-11	3.1936e-07	-3.1948e-07	1.4762e-10	-6.4800000000000015e-12	-7.150000000000001e-12	3.193e-07	-3.194e-07	1.6665e-10	-4.88e-12	1.162e-11	3.1934e-07	-3.1946e-07
0.08	-1.3690000000000002e-11	1.9550000000000003e-11	-2.473e-11	3.1944e-07	-3.1938e-07	-7.29e-12	4.5180000000000006e-11	5.809e-11	3.1948e-07	-3.1954e-07	2.617e-11	1.635e-11	1.099e-11	3.1938e-07	-3.1942e-07	3.9500000000000006e-11	1.816e-11	1.363e-11	3.1944e-07	-3.1946e-07	6.294e-11	4.32e-12	1.036e-11	3.1938e-07	-3.1942e-07	8.373e-11	7.180000000000001e-12	-2.6600000000000004e-12	3.1934e-07	-3.1944e-07	8.949e-11	1.1900000000000002e-12	1.4210000000000002e-11	3.1926e-07	-3.194e-07	1.0745e-10	2.0700000000000007e-12	1.67e-11	3.1944e-07	-3.1942e-07	1.363e-10	-1.6300000000000001e-12	1.635e-11	3.1944e-07	-3.195e-07	1.4672e-10	4.52e-12	-1.382e-11	3.1922e-07	-3.194e-07	1.6504e-10	-3.86e-12	-1.936e-11	3.1932e-07	-3.1944e-07
0.085	-2.3010000000000003e-11	1.938e-11	-1.438e-11	3.195e-07	-3.1942e-07	9.78e-12	2.5010000000000003e-11	2.2500000000000003e-12	3.1956e-07	-3.1952e-07	2.313e-11	1.032e-11	2.271e-11	3.1936e-07	-3.193e-07	4.433e-11	8.880000000000003e-12	2.38e-11	3.195e-07	-3.194e-07	6.533000000000001e-11	8.490000000000001e-12	7.790000000000001e-12	3.1932e-07	-3.194e-07	8.226000000000001e-11	3.56e-12	1.945e-11	3.1942e-07	-3.1946e-07	9.45e-11	6.570000000000001e-12	-1.218e-11	3.1924e-07	-3.1936e-07	1.1037e-10	-1.3800000000000002e-12	3.82e-12	3.1942e-07	-3.1948e-07	1.3999e-10	-6.6e-13	-1.755e-11	3.1942e-07	-3.1952e-07	1.4528e-10	1.5000000000000004e-13	1.3800000000000002e-11	3.1936e-07	-3.1948e-07	1.6654e-10	-1.2800000000000002e-12	-9.15e-12	3.193e-07	-3.1948e-07
0.09	-2.5560000000000003e-11	1.757e-11	1.6230000000000002e-11	3.1956e-07	-3.1948e-07	1.32e-11	1.098e-11	-5.029e-11	3.1948e-07	-3.194e-07	2.617e-11	1.1870000000000002e-11	-1.381e-11	3.1928e-07	-3.193e-07	3.774e-11	7.380000000000001e-12	-2.7340000000000003e-11	3.1948e-07	-3.1948e-07	6.352e-11	1.163e-11	-1.737e-11	3.1938e-07	-3.1942e-07	8.036e-11	6.81e-12	-5.3100000000000014e-12	3.1926e-07	-3.1934e-07	9.603e-11	3.2200000000000004e-12	-1.79e-11	3.1922e-07	-3.1934e-07	1.1111e-10	6.880000000000001e-12	-1.549e-11	3.1936e-07	-3.1942e-07	1.3453e-10	5.000000000000001e-12	-9.04e-12	3.1938e-07	-3.1948e-07	1.4088e-10	-7.5e-13	1.296e-11	3.1926e-07	-3.1936e-07	1.6110000000000002e-10	1.04e-12	1.971e-11	3.1936e-07	-3.1946e-07
0.095	-2.331e-11	2.4340000000000003e-11	5.7e-13	3.1952e-07	-3.1948e-07	-1.382e-11	3.16e-11	-3.59e-11	3.1946e-07	-3.194e-07	2.207e-11	1.568e-11	-1.045e-11	3.1934e-07	-3.1942e-07	4.5180000000000006e-11	1.786e-11	-2.263e-11	3.195e-07	-3.1946e-07	6.089000000000001e-11	5.3000000000000004e-12	6.470000000000001e-12	3.193e-07	-3.194e-07	8.338e-11	1.019e-11	-1.817e-11	3.1938e-07	-3.1944e-07	8.809e-11	6.71e-12	1.867e-11	3.1926e-07	-3.194e-07	1.0841e-10	4.03e-12	6.4e-12	3.1938e-07	-3.195e-07	1.3288e-10	1.5200000000000002e-12	1.5e-11	3.194e-07	-3.1946e-07	1.4605e-10	1.5700000000000002e-12	-2.364e-11	3.1922e-07	-3.1938e-07	1.6311000000000002e-10	-2.46e-12	-6.700000000000002e-13	3.1936e-07	-3.1946e-07
0.1	-2.733e-11	2.6320000000000003e-11	-1.313e-11	3.195e-07	-3.1958e-07	-1.5200000000000002e-12	1.586e-11	5.6060000000000005e-11	3.1942e-07	-3.194e-07	1.887e-11	1.806e-11	1.418e-11	3.194e-07	-3.1944e-07	3.898e-11	1.1150000000000002e-11	-1.1100000000000001e-12	3.1932e-07	-3.1934e-07	5.910000000000001e-11	1.469e-11	1.95e-11	3.1934e-07	-3.194e-07	8.170000000000001e-11	7.25e-12	1.343e-11	3.1942e-07	-3.1946e-07	8.992000000000001e-11	1.1870000000000002e-11	1.031e-11	3.192e-07	-3.1934e-07	1.124e-10	3.730000000000001e-12	2.193e-11	3.1942e-07	-3.1948e-07	1.3503e-10	1.95e-12	-7.700000000000001e-13	3.1942e-07	-3.195e-07	1.4297e-10	-3.2000000000000005e-13	-1.301e-11	3.193e-07	-3.194e-07	1.6494e-10	-2.5e-13	-1.724e-11	3.193e-07	-3.1942e-07
0.105	-2.99e-11	2.1150000000000003e-11	1.779e-11	3.1942e-07	-3.194e-07	-2.44e-12	2.389e-11	6.169000000000001e-11	3.1958e-07	-3.1954e-07	2.054e-11	1.642e-11	2.6e-13	3.1944e-07	-3.194e-07	4.26e-11	1.022e-11	3.1e-12	3.1942e-07	-3.1944e-07	6.121e-11	1.3380000000000002e-11	-9.86e-12	3.194e-07	-3.194e-07	7.841e-11	7.150000000000001e-12	1.898e-11	3.1942e-07	-3.1936e-07	9.203e-11	2.34e-12	-1.8020000000000003e-11	3.1924e-07	-3.1938e-07	1.1782e-10	8.56e-12	-7.100000000000001e-12	3.1932e-07	-3.1942e-07	1.3396000000000002e-10	5.320000000000001e-12	-9.97e-12	3.1936e-07	-3.1954e-07	1.3835000000000002e-10	7.07e-12	1.4850000000000002e-11	3.1936e-07	-3.1936e-07	1.5718000000000002e-10	4.050000000000001e-12	1.1660000000000002e-11	3.1932e-07	-3.1944e-07
0.11	-3.789e-11	3.227e-11	8.52e-12	3.1944e-07	-3.1944e-07	-1.194e-11	2.828e-11	1.7380000000000002e-11	3.1958e-07	-3.1958e-07	1.8530000000000003e-11	2.122e-11	-1.702e-11	3.194e-07	-3.1944e-07	3.726e-11	2.511e-11	-2.5e-13	3.194e-07	-3.1946e-07	5.946000000000001e-11	9.44e-12	-1.173e-11	3.1938e-07	-3.1942e-07	7.928000000000001e-11	8.15e-12	-1.0850000000000002e-11	3.1934e-07	-3.1936e-07	8.897e-11	1.005e-11	-6.540000000000001e-12	3.193e-07	-3.1936e-07	1.1576e-10	5.28e-12	-1.4410000000000002e-11	3.1928e-07	-3.1948e-07	1.3095e-10	3.5400000000000007e-12	1.701e-11	3.1946e-07	-3.1954e-07	1.4070000000000002e-10	2.13e-12	7.050000000000001e-12	3.1932e-07	-3.1948e-07	1.6152e-10	-4.3000000000000004e-13	1.199e-11	3.1932e-07	-3.1942e-07
0.115	-3.2500000000000004e-11	3.463e-11	-1.412e-11	3.1952e-07	-3.1946e-07	-9.21e-12	2.102e-11	-2.7800000000000007e-12	3.1956e-07	-3.1946e-07	1.577e-11	2.408e-11	7.470000000000003e-12	3.1936e-07	-3.1936e-07	3.694e-11	1.354e-11	1.134e-11	3.1938e-07	-3.1946e-07	5.339e-11	2.083e-11	1.55e-11	3.1942e-07	-3.1944e-07	7.863e-11	1.184e-11	3.790000000000001e-12	3.1938e-07	-3.1946e-07	8.542e-11	1.208e-11	1.442e-11	3.1932e-07	-3.193e-07	1.1058e-10	6.0200000000000014e-12	1.911e-11	3.1944e-07	-3.1956e-07	1.291e-10	6.14e-12	9.82e-12	3.1942e-07	-3.1952e-07	1.4227000000000002e-10	4.57e-12	-1.396e-11	3.1932e-07	-3.1944e-07	1.5932000000000002e-10	1.1100000000000001e-12	-1.371e-11	3.1934e-07	-3.1948e-07
0.12	-3.97e-11	3.213e-11	1.51e-12	3.1954e-07	-3.1954e-07	-7.4e-12	2.728e-11	-3.4500000000000004e-12	3.1952e-07	-3.1954e-07	9.33e-12	2.316e-11	1.4940000000000002e-11	3.1938e-07	-3.194e-07	3.2100000000000004e-11	1.909e-11	-4.77e-12	3.1942e-07	-3.1938e-07	5.753000000000001e-11	1.5630000000000002e-11	8.690000000000003e-12	3.1934e-07	-3.1934e-07	7.550000000000001e-11	1.63e-11	2.282e-11	3.1942e-07	-3.1952e-07	8.862000000000001e-11	7.84e-12	-2.62e-12	3.1936e-07	-3.1938e-07	1.1336e-10	1.12e-11	1.573e-11	3.1944e-07	-3.195e-07	1.3247e-10	5.620000000000001e-12	-2.424e-11	3.1942e-07	-3.195e-07	1.3946e-10	5.560000000000001e-12	2.87e-12	3.1936e-07	-3.1942e-07	1.6078e-10	6.71e-12	-5.670000000000001e-12	3.193e-07	-3.1942e-07
0.125	-4.53e-11	4.1280000000000005e-11	1.7490000000000002e-11	3.1948e-07	-3.1942e-07	-1.205e-11	4.062e-11	2.52e-12	3.1942e-07	-3.195e-07	1.3500000000000002e-11	2.479e-11	-1.723e-11	3.194e-07	-3.1934e-07	3.643e-11	2.542e-11	-3.317e-11	3.1942e-07	-3.1942e-07	5.627e-11	1.407e-11	-1.5920000000000002e-11	3.1934e-07	-3.1946e-07	7.612e-11	1.356e-11	-5.64e-12	3.1936e-07	-3.1936e-07	9.11e-11	1.4720000000000002e-11	-7.84e-12	3.1942e-07	-3.1948e-07	1.1346000000000001e-10	7.84e-12	-9.68e-12	3.1944e-07	-3.195e-07	1.2944000000000002e-10	8.780000000000001e-12	-2.39e-12	3.1938e-07	-3.1954e-07	1.3362e-10	3.76e-12	8.64e-12	3.1928e-07	-3.1938e-07	1.5654e-10	3.4700000000000004e-12	1.912e-11	3.1936e-07	-3.1952e-07
0.13	-4.344e-11	4.3720000000000005e-11	-9.84e-12	3.1944e-07	-3.194e-07	-1.315e-11	3.0760000000000005e-11	1.045e-11	3.1942e-07	-3.1952e-07	8.36e-12	2.9700000000000005e-11	-1.005e-11	3.1942e-07	-3.194e-07	3.249e-11	2.175e-11	3e-12	3.194e-07	-3.1946e-07	5.3150000000000005e-11	2.4920000000000003e-11	4.73e-12	3.1936e-07	-3.1946e-07	7.584e-11	1.559e-11	-2.802e-11	3.1936e-07	-3.194e-07	8.138e-11	1.611e-11	1.6400000000000003e-11	3.1932e-07	-3.1946e-07	1.1182e-10	1.159e-11	4.810000000000001e-12	3.1944e-07	-3.1958e-07	1.2499e-10	9.83e-12	1.881e-11	3.194e-07	-3.1952e-07	1.3845000000000002e-10	5.4000000000000004e-12	-1.164e-11	3.1932e-07	-3.1936e-07	1.5694e-10	2.4000000000000007e-12	-1.07e-12	3.193e-07	-3.195e-07
0.135	-4.581e-11	4.195e-11	-1.438e-11	3.1946e-07	-3.1946e-07	-2.539e-11	3.594e-11	-5.75e-12	3.1944e-07	-3.1942e-07	2.5300000000000003e-12	3.569e-11	1.878e-11	3.1934e-07	-3.194e-07	2.763e-11	3.146e-11	2.3480000000000003e-11	3.1938e-07	-3.1934e-07	4.935e-11	2.375e-11	1.827e-11	3.1938e-07	-3.194e-07	7.054000000000001e-11	2.2570000000000003e-11	1.1100000000000001e-12	3.1936e-07	-3.1946e-07	8.268e-11	1.163e-11	1.4400000000000001e-12	3.1932e-07	-3.1934e-07	1.0284e-10	1.54e-11	1.3780000000000001e-11	3.1942e-07	-3.1954e-07	1.3072000000000001e-10	9.86e-12	-6.04e-12	3.1936e-07	-3.195e-07	1.3881e-10	9.13e-12	-5.89e-12	3.1926e-07	-3.1948e-07	1.6000000000000002e-10	8.990000000000003e-12	-1.8440000000000003e-11	3.1938e-07	-3.1952e-07
0.14	-5.611000000000001e-11	5.1440000000000005e-11	1.7580000000000002e-11	3.1944e-07	-3.1946e-07	-2.502e-11	4.089e-11	-2.0550000000000003e-11	3.1956e-07	-3.1948e-07	1.2900000000000002e-12	3.193e-11	2.2500000000000003e-12	3.1942e-07	-3.1942e-07	3.012e-11	2.958e-11	-7.100000000000001e-13	3.1932e-07	-3.1934e-07	5.216e-11	1.57e-11	-9.03e-12	3.1932e-07	-3.1938e-07	6.985000000000001e-11	1.863e-11	1.3790000000000002e-11	3.193e-07	-3.1936e-07	8.465000000000001e-11	1.7780000000000002e-11	-2.324e-11	3.1926e-07	-3.1934e-07	1.1259e-10	1.098e-11	-2.6230000000000003e-11	3.1926e-07	-3.1932e-07	1.2845e-10	9.57e-12	-1.102e-11	3.1942e-07	-3.1956e-07	1.3480000000000002e-10	7.6e-12	2.438e-11	3.193e-07	-3.194e-07	1.5377e-10	6.8700000000000004e-12	1.246e-11	3.1942e-07	-3.1956e-07
0.145	-5.75e-11	5.883e-11	6.950000000000001e-12	3.1944e-07	-3.1948e-07	-2.5810000000000003e-11	4.352e-11	-1.167e-11	3.1952e-07	-3.1954e-07	-9.700000000000001e-13	3.707e-11	-2.524e-11	3.195e-07	-3.1946e-07	2.488e-11	2.728e-11	-2.0660000000000003e-11	3.1942e-07	-3.1944e-07	4.899e-11	3.073e-11	-1.355e-11	3.1942e-07	-3.1952e-07	7.241000000000001e-11	2.107e-11	-1.405e-11	3.1936e-07	-3.1944e-07	8.697000000000001e-11	1.999e-11	1.9700000000000003e-12	3.1924e-07	-3.1936e-07	1.0643e-10	1.838e-11	-1.182e-11	3.1934e-07	-3.1948e-07	1.2083e-10	1.695e-11	1.3390000000000002e-11	3.1942e-07	-3.1952e-07	1.3297e-10	1.346e-11	-4.860000000000001e-12	3.1926e-07	-3.1942e-07	1.5314e-10	6.8200000000000004e-12	1.4110000000000002e-11	3.1934e-07	-3.1946e-07
0.15	-5.6650000000000006e-11	5.237e-11	-1.171e-11	3.1948e-07	-3.1942e-07	-3.4360000000000005e-11	5.343e-11	4.440000000000001e-12	3.1942e-07	-3.1948e-07	-2.69e-12	4.4960000000000006e-11	1.2000000000000001e-12	3.1938e-07	-3.195e-07	2.0370000000000003e-11	3.234e-11	9.42e-12	3.1942e-07	-3.1948e-07	4.1500000000000005e-11	3.2940000000000005e-11	2.049e-11	3.1938e-07	-3.1944e-07	6.608e-11	2.4430000000000003e-11	-2.5300000000000003e-12	3.193e-07	-3.1946e-07	8.510000000000001e-11	1.918e-11	2.476e-11	3.1932e-07	-3.1938e-07	1.0017e-10	1.821e-11	2.353e-11	3.1932e-07	-3.1942e-07	1.2327e-10	1.243e-11	2.47e-12	3.1942e-07	-3.1946e-07	1.3943e-10	1.184e-11	-2.457e-11	3.1928e-07	-3.194e-07	1.5522e-10	9.000000000000001e-12	-1.274e-11	3.1932e-07	-3.1942e-07
0.155	-7.188e-11	6.755e-11	1.04e-12	3.1948e-07	-3.194e-07	-3.435e-11	4.771e-11	-3.5e-13	3.1944e-07	-3.1948e-07	-1.14e-11	4.107e-11	1.702e-11	3.1944e-07	-3.1942e-07	1.406e-11	4.509e-11	9.83e-12	3.194e-07	-3.1944e-07	3.853e-11	2.9070000000000003e-11	5.120000000000001e-12	3.1948e-07	-3.1948e-07	6.131e-11	2.575e-11	1.801e-11	3.1938e-07	-3.195e-07	8.498e-11	2.111e-11	-7.51e-12	3.1932e-07	-3.1936e-07	1.0583e-10	1.283e-11	1.114e-11	3.1936e-07	-3.1938e-07	1.2476000000000002e-10	1.137e-11	-2.4450000000000003e-11	3.1942e-07	-3.1954e-07	1.3054000000000002e-10	7.71e-12	1.1000000000000001e-13	3.1934e-07	-3.194e-07	1.5427e-10	1.072e-11	-1.08e-11	3.1932e-07	-3.1948e-07
0.16	-7.437000000000001e-11	7.006e-11	1.412e-11	3.1956e-07	-3.194e-07	-3.879e-11	6.017000000000001e-11	-1.784e-11	3.1938e-07	-3.1934e-07	-1.1460000000000002e-11	4.77e-11	-9.62e-12	3.1948e-07	-3.1942e-07	1.971e-11	3.503e-11	-4.51e-12	3.1944e-07	-3.1948e-07	3.984e-11	3.355e-11	-3.008e-11	3.1942e-07	-3.1954e-07	6.001000000000001e-11	2.495e-11	-4.92e-12	3.1938e-07	-3.194e-07	8.307e-11	2.355e-11	-1.2070000000000002e-11	3.1926e-07	-3.1934e-07	1.0345e-10	2.1770000000000003e-11	-1.788e-11	3.1938e-07	-3.1944e-07	1.1819e-10	1.99e-11	6.1e-12	3.1938e-07	-3.1952e-07	1.2681e-10	2.065e-11	1.067e-11	3.1938e-07	-3.1946e-07	1.4974000000000002e-10	1.104e-11	1.859e-11	3.1936e-07	-3.1948e-07
0.165	-7.621e-11	7.425e-11	-1.33e-11	3.195e-07	-3.1936e-07	-4.705e-11	6.694e-11	-7.560000000000003e-12	3.1932e-07	-3.1936e-07	-1.639e-11	5.834e-11	-1.001e-11	3.1942e-07	-3.1948e-07	8.12e-12	4.7550000000000006e-11	6.86e-12	3.1946e-07	-3.1948e-07	3.4800000000000005e-11	4.02e-11	-8.32e-12	3.1948e-07	-3.1954e-07	5.936e-11	3.3850000000000005e-11	-2.223e-11	3.1938e-07	-3.1936e-07	7.488e-11	2.5100000000000003e-11	1.355e-11	3.193e-07	-3.1934e-07	1.0121e-10	2.1970000000000003e-11	3.28e-12	3.194e-07	-3.1954e-07	1.1643e-10	1.794e-11	2.488e-11	3.1942e-07	-3.1948e-07	1.3319e-10	1.189e-11	-3.1600000000000007e-12	3.1932e-07	-3.1942e-07	1.4913e-10	1.108e-11	-4.500000000000001e-13	3.1942e-07	-3.1952e-07
0.17	-8.167e-11	8e-11	-9.790000000000003e-12	3.1948e-07	-3.1952e-07	-5.4360000000000007e-11	6.735e-11	2.95e-12	3.1946e-07	-3.1938e-07	-2.353e-11	5.6390000000000005e-11	1.2770000000000002e-11	3.1944e-07	-3.1944e-07	6.41e-12	5.2820000000000005e-11	6.930000000000001e-12	3.195e-07	-3.194e-07	3.2100000000000004e-11	3.962e-11	2.07e-11	3.1942e-07	-3.1948e-07	5.6500000000000005e-11	3.628e-11	7.670000000000001e-12	3.1936e-07	-3.1944e-07	7.776000000000001e-11	2.7450000000000003e-11	3.0800000000000002e-12	3.1924e-07	-3.1928e-07	9.142e-11	2.089e-11	1.733e-11	3.1932e-07	-3.1942e-07	1.1848e-10	1.6200000000000003e-11	-4.650000000000001e-12	3.1942e-07	-3.195e-07	1.2817e-10	1.2780000000000002e-11	-7.990000000000001e-12	3.1934e-07	-3.1952e-07	1.5294000000000002e-10	1.341e-11	-1.7000000000000003e-11	3.1942e-07	-3.1952e-07
0.175	-9.234e-11	9.185e-11	1.819e-11	3.1948e-07	-3.1952e-07	-5.077e-11	7.77e-11	-1.413e-11	3.1938e-07	-3.1934e-07	-2.6630000000000003e-11	6.139000000000001e-11	-2.8900000000000004e-12	3.1944e-07	-3.1938e-07	4.74e-12	4.6350000000000007e-11	-1.7650000000000002e-11	3.1938e-07	-3.1942e-07	2.773e-11	4.182e-11	-9.8e-13	3.1944e-07	-3.1944e-07	5.0610000000000007e-11	3.59e-11	1.1050000000000002e-11	3.1942e-07	-3.1946e-07	7.825e-11	3.588e-11	-1.3800000000000002e-11	3.1916e-07	-3.1936e-07	1.0021e-10	2.978e-11	-8.93e-12	3.1944e-07	-3.1954e-07	1.1656e-10	2.476e-11	-1.7000000000000003e-11	3.1942e-07	-3.196e-07	1.2386e-10	2.3940000000000003e-11	1.766e-11	3.1944e-07	-3.1948e-07	1.4653e-10	1.6690000000000003e-11	1.11e-11	3.1942e-07	-3.1956e-07
0.18	-9.531e-11	9.095e-11	3.800000000000001e-13	3.1942e-07	-3.1938e-07	-6.312000000000001e-11	8.424000000000001e-11	4.960000000000001e-12	3.1938e-07	-3.1942e-07	-3.153e-11	7.107e-11	-2.5810000000000003e-11	3.1932e-07	-3.1944e-07	-1.1900000000000002e-12	6.070000000000001e-11	-8.710000000000001e-12	3.1926e-07	-3.194e-07	2.582e-11	5.324e-11	-7.880000000000001e-12	3.1942e-07	-3.195e-07	4.9870000000000005e-11	4.178e-11	-2.195e-11	3.1934e-07	-3.1938e-07	6.964e-11	3.364e-11	5.99e-12	3.1934e-07	-3.1942e-07	9.752e-11	2.9190000000000005e-11	-1.424e-11	3.1932e-07	-3.1946e-07	1.0988e-10	2.345e-11	1.356e-11	3.1934e-07	-3.1948e-07	1.2237e-10	1.5760000000000002e-11	-2.08e-12	3.1924e-07	-3.194e-07	1.4277000000000001e-10	1.55e-11	9.990000000000002e-12	3.1942e-07	-3.1944e-07
0.185	-9.833e-11	9.951e-11	-2.1970000000000003e-11	3.1938e-07	-3.1942e-07	-6.985000000000001e-11	8.381e-11	7.45e-12	3.1942e-07	-3.1942e-07	-3.672e-11	7.326e-11	2.69e-12	3.1938e-07	-3.1944e-07	-5.270000000000001e-12	6.812e-11	2.886e-11	3.194e-07	-3.1948e-07	2.052e-11	5.161e-11	7.31e-12	3.1942e-07	-3.1946e-07	4.6130000000000006e-11	4.731e-11	-1.041e-11	3.1944e-07	-3.1944e-07	6.584e-11	3.7240000000000005e-11	1.418e-11	3.1928e-07	-3.1936e-07	8.907000000000001e-11	2.599e-11	1.936e-11	3.1934e-07	-3.1942e-07	1.1050999999999999e-10	2.509e-11	3.840000000000001e-12	3.1944e-07	-3.1948e-07	1.259e-10	1.7910000000000003e-11	-1.5670000000000002e-11	3.1942e-07	-3.1946e-07	1.4559e-10	1.6780000000000002e-11	-1.502e-11	3.1938e-07	-3.1952e-07
0.19	-1.1036e-10	1.1132e-10	3.43e-12	3.1946e-07	-3.1942e-07	-7.580000000000001e-11	9.257e-11	-2.0860000000000003e-11	3.1944e-07	-3.1942e-07	-4.633e-11	8.021e-11	2.122e-11	3.1938e-07	-3.1934e-07	-1.434e-11	6.386e-11	9.1e-12	3.1938e-07	-3.1946e-07	1.291e-11	5.459e-11	-5.14e-12	3.1938e-07	-3.1946e-07	3.927e-11	4.752e-11	1.6400000000000003e-11	3.1936e-07	-3.194e-07	6.653e-11	4.0230000000000006e-11	-1.5740000000000002e-11	3.193e-07	-3.193e-07	8.512000000000001e-11	4.195e-11	6.97e-12	3.1942e-07	-3.1946e-07	1.1026e-10	2.979e-11	-1.871e-11	3.195e-07	-3.1954e-07	1.1649e-10	3.02e-11	1.3e-11	3.1942e-07	-3.1954e-07	1.4295e-10	2.129e-11	-8.46e-12	3.1938e-07	-3.1956e-07
0.195	-1.1626e-10	1.129e-10	1.837e-11	3.1948e-07	-3.194e-07	-7.908e-11	1.0599e-10	-1.285e-11	3.1944e-07	-3.1946e-07	-4.8530000000000006e-11	8.85e-11	-5.84e-12	3.1938e-07	-3.1936e-07	-1.5890000000000003e-11	7.302000000000001e-11	-2.302e-11	3.1932e-07	-3.1936e-07	1.2670000000000002e-11	6.607000000000001e-11	-2.3940000000000003e-11	3.194e-07	-3.1948e-07	3.6800000000000005e-11	5.1080000000000006e-11	-8.100000000000001e-13	3.1932e-07	-3.194e-07	6.187e-11	4.499e-11	-1.242e-11	3.1926e-07	-3.1926e-07	8.772e-11	3.162e-11	-1.2980000000000002e-11	3.193e-07	-3.1946e-07	1.0253e-10	3.242e-11	1.029e-11	3.1938e-07	-3.1956e-07	1.1632e-10	2.635e-11	2.3430000000000003e-11	3.1938e-07	-3.1952e-07	1.3758e-10	2.136e-11	1.7870000000000002e-11	3.1944e-07	-3.1954e-07
0.2	-1.227e-10	1.2473000000000002e-10	-1.385e-11	3.195e-07	-3.194e-07	-8.627e-11	1.0046e-10	1.575e-11	3.1952e-07	-3.1942e-07	-5.3660000000000005e-11	9.049e-11	-1.897e-11	3.1938e-07	-3.1942e-07	-2.655e-11	8.441000000000001e-11	-4.26e-12	3.1944e-07	-3.1942e-07	3.58e-12	6.935000000000001e-11	4.78e-12	3.1948e-07	-3.1948e-07	3.14e-11	6.009000000000001e-11	-1.522e-11	3.1938e-07	-3.195e-07	5.3150000000000005e-11	4.7110000000000006e-11	2.405e-11	3.1928e-07	-3.1934e-07	7.866e-11	4.039e-11	5.980000000000001e-12	3.1934e-07	-3.1946e-07	1.0169e-10	3.4790000000000003e-11	1.931e-11	3.1936e-07	-3.195e-07	1.2107e-10	2.3e-11	-5.680000000000001e-12	3.1928e-07	-3.1946e-07	1.3778e-10	2.2700000000000003e-11	-1.7600000000000002e-12	3.1938e-07	-3.1952e-07
0.205	-1.3001e-10	1.2799000000000002e-10	-9.54e-12	3.1952e-07	-3.1948e-07	-1.0091e-10	1.2040000000000002e-10	1.313e-11	3.1954e-07	-3.1946e-07	-6.437e-11	1.0089e-10	3.77e-12	3.1942e-07	-3.1946e-07	-2.916e-11	8.016000000000001e-11	1.586e-11	3.1942e-07	-3.1942e-07	-4.46e-12	7.25e-11	2.258e-11	3.1936e-07	-3.194e-07	2.6630000000000003e-11	6.269e-11	7.82e-12	3.1938e-07	-3.1948e-07	5.1190000000000006e-11	5.3660000000000005e-11	7.74e-12	3.1924e-07	-3.194e-07	7.684e-11	4.72e-11	2.3900000000000003e-11	3.1932e-07	-3.1936e-07	9.999e-11	3.4210000000000004e-11	-1.433e-11	3.1944e-07	-3.1948e-07	1.1118e-10	3.438e-11	-1.5320000000000002e-11	3.1932e-07	-3.194e-07	1.3987e-10	2.7200000000000004e-11	-1.154e-11	3.193e-07	-3.1952e-07
0.21	-1.4424e-10	1.3928e-10	1.719e-11	3.1944e-07	-3.1942e-07	-9.732e-11	1.2248e-10	-6.320000000000001e-12	3.1938e-07	-3.194e-07	-7.054000000000001e-11	1.0706e-10	8.92e-12	3.194e-07	-3.193e-07	-3.6220000000000005e-11	9.564e-11	-3.35e-12	3.1944e-07	-3.1942e-07	-4.46e-12	8.035000000000001e-11	-1.408e-11	3.1932e-07	-3.1936e-07	1.9240000000000003e-11	6.613000000000001e-11	1.193e-11	3.1936e-07	-3.194e-07	5.116e-11	5.656e-11	-1.617e-11	3.193e-07	-3.1934e-07	7.352e-11	4.432e-11	-8.52e-12	3.1946e-07	-3.1948e-07	9.92e-11	4.12e-11	-1.4410000000000002e-11	3.1936e-07	-3.1952e-07	1.1229e-10	3.31e-11	1.415e-11	3.1932e-07	-3.194e-07	1.4264e-10	3.03e-11	1.55e-11	3.1944e-07	-3.1948e-07
0.215	-1.4721e-10	1.4656e-10	-5.660000000000001e-12	3.1942e-07	-3.1936e-07	-1.114e-10	1.2485e-10	-3.8900000000000006e-12	3.1946e-07	-3.1946e-07	-7.569000000000001e-11	1.1116e-10	-1.055e-11	3.1938e-07	-3.194e-07	-4.2120000000000006e-11	1.0131e-10	-1.9900000000000002e-12	3.1944e-07	-3.195e-07	-1.1e-11	8.357e-11	-2.223e-11	3.194e-07	-3.1946e-07	1.7980000000000002e-11	7.186000000000001e-11	-1.752e-11	3.1934e-07	-3.1936e-07	4.0190000000000005e-11	6.064000000000001e-11	2.52e-12	3.1938e-07	-3.1946e-07	6.813e-11	5.218e-11	-1.652e-11	3.194e-07	-3.1946e-07	8.997e-11	4.7000000000000006e-11	1.959e-11	3.1946e-07	-3.1952e-07	1.0785e-10	3.2060000000000004e-11	3.9400000000000006e-12	3.1932e-07	-3.1938e-07	1.4028e-10	2.817e-11	-2.95e-12	3.194e-07	-3.1944e-07
0.22	-1.5347e-10	1.5589000000000002e-10	-1.916e-11	3.1946e-07	-3.1952e-07	-1.2114e-10	1.3942000000000002e-10	1.6780000000000002e-11	3.1942e-07	-3.1928e-07	-8.261000000000001e-11	1.2604e-10	7.400000000000001e-13	3.1942e-07	-3.1936e-07	-5.0270000000000005e-11	1.0119e-10	1.31e-11	3.1944e-07	-3.1944e-07	-2.216e-11	9.211e-11	8.370000000000003e-12	3.1938e-07	-3.1942e-07	1.222e-11	8.087e-11	-3.51e-12	3.1938e-07	-3.195e-07	3.756e-11	6.958000000000001e-11	1.2470000000000002e-11	3.193e-07	-3.1938e-07	6.203e-11	6.196e-11	1.312e-11	3.195e-07	-3.1952e-07	8.522e-11	4.706e-11	6.750000000000001e-12	3.1938e-07	-3.1942e-07	1.0725e-10	4.418e-11	-2.41e-12	3.193e-07	-3.1946e-07	1.4159e-10	3.415e-11	-1.788e-11	3.1936e-07	-3.1952e-07
0.225	-1.6471000000000002e-10	1.6320000000000002e-10	8.810000000000001e-12	3.195e-07	-3.1942e-07	-1.2356e-10	1.4837e-10	5.95e-12	3.1942e-07	-3.1936e-07	-9.586e-11	1.2969000000000002e-10	2.036e-11	3.1932e-07	-3.1936e-07	-5.994e-11	1.1861000000000002e-10	-7.480000000000001e-12	3.1934e-07	-3.193e-07	-2.7600000000000004e-11	9.978e-11	7.53e-12	3.1934e-07	-3.194e-07	-1.8100000000000002e-12	8.493000000000001e-11	2.2170000000000003e-11	3.1944e-07	-3.1944e-07	3.394e-11	7.278e-11	-1.275e-11	3.193e-07	-3.1932e-07	5.825e-11	5.766e-11	9.92e-12	3.1944e-07	-3.1938e-07	8.668e-11	5.229e-11	-2.2370000000000003e-11	3.1932e-07	-3.1948e-07	1.0005e-10	4.395e-11	1.353e-11	3.1924e-07	-3.1946e-07	1.3444e-10	3.7390000000000006e-11	6.780000000000001e-12	3.1934e-07	-3.1948e-07
0.23	-1.7484e-10	1.7631e-10	1.872e-11	3.1948e-07	-3.1942e-07	-1.3645e-10	1.5319000000000002e-10	-8.05e-12	3.1944e-07	-3.1942e-07	-1.0102e-10	1.3302000000000002e-10	-4.340000000000001e-12	3.1944e-07	-3.1936e-07	-6.144000000000001e-11	1.1752e-10	-1.626e-11	3.1936e-07	-3.194e-07	-3.045e-11	1.0424e-10	-1.126e-11	3.1932e-07	-3.1934e-07	-2.0200000000000007e-12	9.006000000000001e-11	7.150000000000001e-12	3.1932e-07	-3.1942e-07	2.9220000000000004e-11	8.012e-11	-1.119e-11	3.1926e-07	-3.1934e-07	5.860000000000001e-11	6.573e-11	-1.6670000000000002e-11	3.1932e-07	-3.1948e-07	7.815000000000001e-11	5.966e-11	4.660000000000001e-12	3.1938e-07	-3.1936e-07	9.439e-11	4.5540000000000005e-11	1.404e-11	3.1932e-07	-3.1942e-07	1.3035000000000002e-10	4.054e-11	1.909e-11	3.1936e-07	-3.1942e-07
0.235	-1.8213e-10	1.841e-10	-1.5940000000000002e-11	3.1944e-07	-3.1934e-07	-1.4713e-10	1.6594000000000002e-10	1.32e-11	3.1938e-07	-3.1948e-07	-1.079e-10	1.4855000000000002e-10	-1.9970000000000003e-11	3.193e-07	-3.1942e-07	-7.584e-11	1.2950000000000002e-10	1.212e-11	3.1942e-07	-3.194e-07	-4.428e-11	1.1438e-10	3.9900000000000006e-12	3.1932e-07	-3.194e-07	-6.66e-12	9.711e-11	-1.5070000000000003e-11	3.1938e-07	-3.1936e-07	1.7820000000000003e-11	8.353e-11	1.737e-11	3.1924e-07	-3.1932e-07	4.5870000000000005e-11	7.624e-11	7.400000000000001e-13	3.1938e-07	-3.1946e-07	7.416e-11	6.195e-11	1.53e-11	3.1932e-07	-3.194e-07	9.56e-11	5.4540000000000006e-11	-1.84e-11	3.193e-07	-3.194e-07	1.2959000000000001e-10	4.118e-11	-1.091e-11	3.193e-07	-3.1944e-07
0.24	-1.9116e-10	1.9020000000000003e-10	-6.0100000000000004e-12	3.1946e-07	-3.1948e-07	-1.5410000000000002e-10	1.7059e-10	-4.28e-12	3.1944e-07	-3.1938e-07	-1.2038e-10	1.5738e-10	1.181e-11	3.1942e-07	-3.1946e-07	-8.408e-11	1.4235e-10	2.1060000000000003e-11	3.1942e-07	-3.1942e-07	-5.480000000000001e-11	1.2104e-10	1.005e-11	3.1936e-07	-3.1938e-07	-1.5340000000000002e-11	1.0868e-10	4.800000000000001e-12	3.1938e-07	-3.1952e-07	1.344e-11	9.136e-11	-1.64e-12	3.193e-07	-3.193e-07	4.105e-11	7.462000000000001e-11	2.256e-11	3.1938e-07	-3.1942e-07	7.047e-11	6.592e-11	-9.65e-12	3.1936e-07	-3.1944e-07	8.991e-11	5.640000000000001e-11	-1.726e-11	3.1932e-07	-3.1942e-07	1.2801e-10	4.993e-11	-1.147e-11	3.1936e-07	-3.1954e-07
0.245	-2.0881000000000003e-10	2.045e-10	1.83e-11	3.195e-07	-3.194e-07	-1.6208000000000002e-10	1.855e-10	-1.6850000000000002e-11	3.1942e-07	-3.194e-07	-1.2902e-10	1.6230000000000002e-10	1.775e-11	3.1938e-07	-3.1936e-07	-8.8e-11	1.4371e-10	-1.701e-11	3.193e-07	-3.1932e-07	-6.225e-11	1.255e-10	-1.7140000000000002e-11	3.1932e-07	-3.1936e-07	-2.772e-11	1.1193e-10	1.783e-11	3.1936e-07	-3.1936e-07	1.396e-11	9.745e-11	-1.819e-11	3.192e-07	-3.1938e-07	3.588e-11	8.629e-11	-1.081e-11	3.1932e-07	-3.1946e-07	6.574000000000001e-11	7.782000000000001e-11	-7.280000000000001e-12	3.1934e-07	-3.1946e-07	8.342e-11	6.003e-11	2.355e-11	3.1938e-07	-3.1946e-07	1.19e-10	5.429000000000001e-11	1.6630000000000002e-11	3.1932e-07	-3.195e-07
0.25	-2.1008e-10	2.1424000000000003e-10	-1.1600000000000001e-12	3.1938e-07	-3.1934e-07	-1.7498000000000003e-10	1.9861000000000003e-10	1.1760000000000002e-11	3.1944e-07	-3.1946e-07	-1.3381e-10	1.7531e-10	-1.178e-11	3.1938e-07	-3.1936e-07	-9.902e-11	1.5262e-10	-1.608e-11	3.1938e-07	-3.1942e-07	-6.28e-11	1.4001000000000002e-10	-9.92e-12	3.1938e-07	-3.1946e-07	-3.3120000000000004e-11	1.1706e-10	-9.62e-12	3.1936e-07	-3.1946e-07	-4.84e-12	1.069e-10	7.49e-12	3.193e-07	-3.1936e-07	3.056e-11	8.979e-11	-2.109e-11	3.1948e-07	-3.1946e-07	5.833000000000001e-11	7.585e-11	1.7470000000000002e-11	3.1942e-07	-3.1952e-07	7.813e-11	7.185e-11	5.34e-12	3.193e-07	-3.194e-07	1.1408e-10	5.2200000000000005e-11	-7e-13	3.1936e-07	-3.1948e-07
0.255	-2.2400000000000003e-10	2.2362000000000002e-10	-1.3180000000000002e-11	3.1942e-07	-3.1938e-07	-1.8654e-10	1.9458e-10	1.768e-11	3.194e-07	-3.1942e-07	-1.4379e-10	1.8513e-10	-8.83e-12	3.1936e-07	-3.1944e-07	-1.1141e-10	1.6915e-10	9.36e-12	3.1942e-07	-3.1942e-07	-7.378e-11	1.49e-10	1.827e-11	3.1936e-07	-3.1938e-07	-4.119e-11	1.3218e-10	-3.02e-12	3.1942e-07	-3.1946e-07	-8.080000000000003e-12	1.1248e-10	1.875e-11	3.1926e-07	-3.1934e-07	2.162e-11	9.789e-11	1.271e-11	3.1942e-07	-3.1952e-07	5.397e-11	8.182e-11	-1.27e-12	3.1938e-07	-3.1946e-07	7.731e-11	6.977000000000001e-11	-1.6780000000000002e-11	3.1938e-07	-3.1948e-07	1.1433e-10	6.317e-11	-1.7650000000000002e-11	3.1932e-07	-3.1946e-07
0.26	-2.3794e-10	2.3743000000000003e-10	1.351e-11	3.1944e-07	-3.1946e-07	-1.9416e-10	2.1742e-10	-1.608e-11	3.1942e-07	-3.1946e-07	-1.5736e-10	1.8851e-10	1.2990000000000002e-11	3.1942e-07	-3.1936e-07	-1.185e-10	1.6621e-10	4.42e-12	3.194e-07	-3.194e-07	-8.4e-11	1.502e-10	5.780000000000001e-12	3.194e-07	-3.194e-07	-5.287000000000001e-11	1.3775000000000002e-10	2.131e-11	3.1948e-07	-3.1944e-07	-1.3590000000000002e-11	1.1876e-10	-1.859e-11	3.1926e-07	-3.1928e-07	1.265e-11	1.0654e-10	1.233e-11	3.1934e-07	-3.194e-07	4.924e-11	9.52e-11	-2.114e-11	3.1932e-07	-3.1944e-07	6.612e-11	7.663000000000001e-11	9.3e-13	3.1932e-07	-3.1944e-07	1.0408e-10	6.900000000000001e-11	4.550000000000001e-12	3.194e-07	-3.195e-07
0.265	-2.4969000000000004e-10	2.4855000000000004e-10	1.6940000000000002e-11	3.1944e-07	-3.1934e-07	-2.0311e-10	2.2502e-10	-5.220000000000001e-12	3.1944e-07	-3.1944e-07	-1.6414e-10	2.0285000000000003e-10	-5e-13	3.1934e-07	-3.1936e-07	-1.2546e-10	1.8313e-10	-6.940000000000001e-12	3.1938e-07	-3.1948e-07	-8.752000000000001e-11	1.647e-10	-2.367e-11	3.1932e-07	-3.1938e-07	-6.172000000000001e-11	1.4052000000000002e-10	3e-12	3.1938e-07	-3.1942e-07	-2.353e-11	1.2835e-10	-1.61e-11	3.1922e-07	-3.1934e-07	1.051e-11	1.1344e-10	-2.1790000000000003e-11	3.193e-07	-3.1946e-07	3.905e-11	9.858e-11	1.113e-11	3.1938e-07	-3.1948e-07	5.833000000000001e-11	8.811e-11	1.1660000000000002e-11	3.1936e-07	-3.1952e-07	8.728e-11	7.064e-11	1.69e-11	3.1932e-07	-3.1946e-07
0.27	-2.5793e-10	2.5555e-10	-1.906e-11	3.1942e-07	-3.1936e-07	-2.1939e-10	2.3123e-10	1.386e-11	3.1944e-07	-3.1944e-07	-1.7404e-10	2.1346e-10	-9.73e-12	3.1936e-07	-3.194e-07	-1.3833e-10	1.9748000000000003e-10	-1.79e-12	3.1938e-07	-3.1938e-07	-1.0303e-10	1.7313e-10	-4.600000000000002e-13	3.193e-07	-3.194e-07	-7.094e-11	1.5536000000000002e-10	-2.2500000000000003e-11	3.1932e-07	-3.1944e-07	-3.372e-11	1.3786e-10	1.9440000000000003e-11	3.1926e-07	-3.193e-07	-5.800000000000002e-13	1.1467e-10	-7.080000000000001e-12	3.1938e-07	-3.1948e-07	3.299e-11	1.0382e-10	1.965e-11	3.1938e-07	-3.1952e-07	5.397e-11	8.860000000000001e-11	-9.24e-12	3.1936e-07	-3.1942e-07	8.351e-11	7.227e-11	-8.390000000000001e-12	3.1932e-07	-3.195e-07
0.275	-2.7092000000000003e-10	2.7431e-10	-1.3500000000000001e-12	3.1946e-07	-3.194e-07	-2.2897e-10	2.4644000000000003e-10	1.3400000000000003e-12	3.1938e-07	-3.1938e-07	-1.8781e-10	2.2179e-10	1.5830000000000002e-11	3.1944e-07	-3.1944e-07	-1.5137000000000002e-10	1.9407e-10	1.16e-11	3.1944e-07	-3.1932e-07	-1.1239e-10	1.7828e-10	2.311e-11	3.1938e-07	-3.1944e-07	-8.064e-11	1.6604e-10	4.08e-12	3.1936e-07	-3.1948e-07	-4.0300000000000006e-11	1.4469000000000002e-10	3.5200000000000003e-12	3.1928e-07	-3.1932e-07	-1.114e-11	1.3312e-10	1.8950000000000003e-11	3.1936e-07	-3.1942e-07	2.601e-11	1.1395e-10	-1.535e-11	3.1938e-07	-3.1946e-07	5.033e-11	9.487e-11	-6.26e-12	3.1938e-07	-3.1952e-07	7.525000000000001e-11	8.867e-11	-9.97e-12	3.1932e-07	-3.1952e-07
0.28	-2.8974e-10	2.8666e-10	1.932e-11	3.1944e-07	-3.1942e-07	-2.3745000000000004e-10	2.6403e-10	-1.194e-11	3.194e-07	-3.1948e-07	-2.0076e-10	2.3514000000000003e-10	9.25e-12	3.194e-07	-3.1932e-07	-1.6071e-10	2.1828e-10	-1.5870000000000002e-11	3.1932e-07	-3.193e-07	-1.1835e-10	1.9194e-10	1.21e-12	3.193e-07	-3.1934e-07	-9.266e-11	1.6972e-10	1.693e-11	3.1932e-07	-3.1934e-07	-4.621e-11	1.5339e-10	-1.827e-11	3.1928e-07	-3.1938e-07	-1.4630000000000002e-11	1.3418000000000002e-10	-7.080000000000001e-12	3.1936e-07	-3.1944e-07	1.94e-11	1.1990000000000002e-10	-7.2300000000000005e-12	3.1936e-07	-3.1946e-07	3.482e-11	1.0951e-10	1.447e-11	3.194e-07	-3.195e-07	6.854e-11	8.85e-11	2.0880000000000003e-11	3.193e-07	-3.194e-07
0.285	-2.9546000000000003e-10	2.9557000000000005e-10	-5.03e-12	3.1944e-07	-3.1936e-07	-2.5445000000000004e-10	2.6823e-10	5.110000000000001e-12	3.1946e-07	-3.1942e-07	-2.0488e-10	2.4602e-10	-2.003e-11	3.1936e-07	-3.193e-07	-1.6874e-10	2.2329e-10	-7.0900000000000015e-12	3.1942e-07	-3.1944e-07	-1.2882e-10	2.0257e-10	-4.150000000000001e-12	3.1928e-07	-3.1942e-07	-1.006e-10	1.8134e-10	-1.397e-11	3.1936e-07	-3.1946e-07	-6.020000000000001e-11	1.6283000000000002e-10	6.96e-12	3.193e-07	-3.1946e-07	-2.2680000000000003e-11	1.4237000000000002e-10	-1.6910000000000003e-11	3.193e-07	-3.1942e-07	9.78e-12	1.2808e-10	1.679e-11	3.1938e-07	-3.195e-07	3.259e-11	1.1015e-10	-3.3e-13	3.1936e-07	-3.1936e-07	5.901e-11	9.371e-11	6.19e-12	3.1932e-07	-3.1938e-07
0.29	-3.1295000000000004e-10	3.1518000000000004e-10	-1.5450000000000002e-11	3.195e-07	-3.1946e-07	-2.6759e-10	2.8779000000000005e-10	2.3500000000000007e-12	3.1938e-07	-3.1936e-07	-2.1912e-10	2.5538e-10	-7.34e-12	3.194e-07	-3.194e-07	-1.8585e-10	2.2864e-10	1.85e-11	3.1944e-07	-3.194e-07	-1.4244e-10	2.1119e-10	1.211e-11	3.193e-07	-3.1942e-07	-1.0668e-10	1.9705e-10	-1.395e-11	3.1934e-07	-3.1952e-07	-6.755e-11	1.6983000000000002e-10	1.295e-11	3.1932e-07	-3.1938e-07	-3.5780000000000005e-11	1.6010000000000002e-10	7.31e-12	3.1936e-07	-3.1946e-07	-3.1000000000000004e-13	1.3336000000000002e-10	4.3000000000000004e-13	3.1932e-07	-3.1944e-07	2.852e-11	1.134e-10	-2.145e-11	3.193e-07	-3.1946e-07	5.809e-11	1.0715e-10	-1.713e-11	3.1928e-07	-3.1946e-07
0.295	-3.3212000000000004e-10	3.3060000000000003e-10	1.608e-11	3.1944e-07	-3.1942e-07	-2.7668e-10	2.9941e-10	-1.4960000000000002e-11	3.1938e-07	-3.1942e-07	-2.3856e-10	2.7453000000000003e-10	2.049e-11	3.1942e-07	-3.1942e-07	-1.9583e-10	2.4841e-10	1.117e-11	3.1938e-07	-3.1946e-07	-1.5927e-10	2.2265000000000003e-10	2.82e-12	3.194e-07	-3.1936e-07	-1.2397e-10	1.9725e-10	1.4390000000000001e-11	3.194e-07	-3.1946e-07	-7.527e-11	1.8063000000000003e-10	-1.443e-11	3.193e-07	-3.1936e-07	-4.444e-11	1.5915e-10	9.46e-12	3.1928e-07	-3.1938e-07	-2.5300000000000003e-12	1.4413000000000002e-10	-1.047e-11	3.194e-07	-3.1942e-07	1.484e-11	1.337e-10	3.4000000000000005e-12	3.1932e-07	-3.1948e-07	4.73e-11	1.1136e-10	2.0000000000000003e-14	3.1936e-07	-3.195e-07
0.3	-3.4733000000000003e-10	3.4554000000000003e-10	1.193e-11	3.1942e-07	-3.1936e-07	-2.9387000000000004e-10	3.0942e-10	3.53e-12	3.1946e-07	-3.1946e-07	-2.4349e-10	2.82e-10	2.11e-12	3.1936e-07	-3.1936e-07	-2.0504e-10	2.5767e-10	-1.679e-11	3.193e-07	-3.1936e-07	-1.6567e-10	2.3317000000000003e-10	-1.448e-11	3.1938e-07	-3.1942e-07	-1.3018e-10	2.1264000000000003e-10	2.16e-12	3.1934e-07	-3.194e-07	-8.681e-11	1.9177000000000003e-10	-5.570000000000001e-12	3.1932e-07	-3.1942e-07	-4.9800000000000005e-11	1.6727e-10	-2.081e-11	3.193e-07	-3.194e-07	-1.923e-11	1.5648e-10	1.805e-11	3.1936e-07	-3.195e-07	7.690000000000001e-12	1.3793e-10	2.039e-11	3.1938e-07	-3.195e-07	3.839e-11	1.1709e-10	1.5430000000000002e-11	3.1936e-07	-3.1946e-07
0.305	-3.6071e-10	3.5943e-10	-2.0460000000000003e-11	3.1948e-07	-3.1942e-07	-3.1398000000000004e-10	3.3078e-10	2.202e-11	3.1946e-07	-3.1942e-07	-2.6147000000000003e-10	2.9699000000000003e-10	-1.79e-11	3.1934e-07	-3.1942e-07	-2.1873000000000003e-10	2.6660000000000004e-10	-4.33e-12	3.1936e-07	-3.1936e-07	-1.7721e-10	2.4734e-10	1.1760000000000002e-11	3.1944e-07	-3.195e-07	-1.4201e-10	2.2557000000000003e-10	-1.835e-11	3.1942e-07	-3.1946e-07	-1.0146e-10	2.0284e-10	2.156e-11	3.1934e-07	-3.1944e-07	-6.368000000000001e-11	1.8717e-10	-3.1900000000000003e-12	3.1936e-07	-3.195e-07	-2.994e-11	1.6091000000000002e-10	1.252e-11	3.1938e-07	-3.1938e-07	1.55e-12	1.3791000000000002e-10	-1.056e-11	3.1936e-07	-3.1946e-07	3.434e-11	1.2981000000000001e-10	-8.56e-12	3.1928e-07	-3.1942e-07
0.31	-3.8296e-10	3.8128000000000005e-10	-3.63e-12	3.1948e-07	-3.1942e-07	-3.2716000000000004e-10	3.4777000000000003e-10	8.7e-13	3.1942e-07	-3.195e-07	-2.7815e-10	3.1343e-10	5.9e-12	3.1938e-07	-3.194e-07	-2.3394e-10	2.9104e-10	1.801e-11	3.1938e-07	-3.1942e-07	-1.968e-10	2.6068e-10	2.508e-11	3.1942e-07	-3.1936e-07	-1.4869e-10	2.318e-10	6.3e-12	3.1942e-07	-3.1948e-07	-1.0548e-10	2.0928000000000003e-10	-3.53e-12	3.1924e-07	-3.1928e-07	-7.456000000000001e-11	1.9087e-10	2.2810000000000003e-11	3.1936e-07	-3.1946e-07	-3.343e-11	1.6997e-10	-2.153e-11	3.1936e-07	-3.1946e-07	-9.910000000000001e-12	1.5613e-10	-1.9350000000000003e-11	3.1936e-07	-3.1952e-07	2.457e-11	1.3565000000000002e-10	-1.12e-11	3.1932e-07	-3.1948e-07
0.315	-4.0338e-10	4.0192000000000005e-10	2.349e-11	3.1942e-07	-3.194e-07	-3.4343e-10	3.592e-10	-1.198e-11	3.1952e-07	-3.1952e-07	-2.9168e-10	3.2602000000000003e-10	6.1100000000000004e-12	3.194e-07	-3.193e-07	-2.3893e-10	2.9956e-10	5.1e-13	3.1934e-07	-3.194e-07	-1.9843e-10	2.7123e-10	-1.035e-11	3.1946e-07	-3.1952e-07	-1.5973e-10	2.4717000000000004e-10	1.083e-11	3.194e-07	-3.194e-07	-1.1671e-10	2.1991e-10	-2.408e-11	3.1932e-07	-3.194e-07	-7.999e-11	1.9508e-10	-4.68e-12	3.193e-07	-3.1938e-07	-4.203e-11	1.8022000000000002e-10	-9.58e-12	3.1932e-07	-3.1948e-07	-2.2300000000000003e-11	1.6474000000000002e-10	8.790000000000003e-12	3.1938e-07	-3.1954e-07	1.315e-11	1.4226e-10	1.336e-11	3.1936e-07	-3.1954e-07
0.32	-4.1926e-10	4.1877e-10	-9.100000000000002e-13	3.194e-07	-3.1946e-07	-3.6318e-10	3.8009e-10	5.9200000000000014e-12	3.1948e-07	-3.1946e-07	-3.0047000000000005e-10	3.4608e-10	-1.531e-11	3.1932e-07	-3.1934e-07	-2.5456e-10	3.0907e-10	-5.720000000000001e-12	3.1938e-07	-3.1944e-07	-2.1006e-10	2.8314e-10	-1.7760000000000002e-11	3.1932e-07	-3.195e-07	-1.6963e-10	2.5799e-10	-2.0970000000000003e-11	3.1944e-07	-3.1946e-07	-1.3133e-10	2.3672000000000004e-10	1.213e-11	3.1932e-07	-3.1944e-07	-9.031000000000001e-11	2.1469e-10	-1.719e-11	3.1928e-07	-3.1942e-07	-5.686e-11	1.9383e-10	2.4430000000000003e-11	3.1934e-07	-3.1944e-07	-2.664e-11	1.6222e-10	4.82e-12	3.1926e-07	-3.1942e-07	2.59e-12	1.5459e-10	1.6200000000000004e-12	3.193e-07	-3.1942e-07
0.325	-4.4171e-10	4.4261e-10	-1.21e-11	3.1944e-07	-3.1938e-07	-3.8389e-10	4.0010000000000005e-10	2.46e-12	3.195e-07	-3.1944e-07	-3.2334000000000004e-10	3.6374e-10	-7.3e-13	3.1942e-07	-3.194e-07	-2.7926000000000003e-10	3.3208e-10	1.213e-11	3.1948e-07	-3.1942e-07	-2.3067e-10	2.9861e-10	1.138e-11	3.1944e-07	-3.1958e-07	-1.8024e-10	2.6863000000000003e-10	-1.209e-11	3.1936e-07	-3.1942e-07	-1.4275e-10	2.4559000000000003e-10	2.2920000000000003e-11	3.1932e-07	-3.1944e-07	-1.0225e-10	2.2180000000000003e-10	8.33e-12	3.1936e-07	-3.1952e-07	-6.464000000000001e-11	2.022e-10	8.84e-12	3.1928e-07	-3.1946e-07	-3.849e-11	1.8409e-10	-1.763e-11	3.1932e-07	-3.1944e-07	1e-13	1.6031e-10	-1.581e-11	3.1928e-07	-3.1946e-07
0.33	-4.6682e-10	4.6421e-10	1.139e-11	3.1954e-07	-3.1956e-07	-3.9586e-10	4.1778e-10	-1.019e-11	3.1948e-07	-3.1946e-07	-3.4525e-10	3.7601e-10	1.871e-11	3.194e-07	-3.194e-07	-2.8717e-10	3.3939e-10	3.1900000000000003e-12	3.1934e-07	-3.1942e-07	-2.4061e-10	3.1388e-10	1.4500000000000002e-11	3.1948e-07	-3.195e-07	-2.0312e-10	2.8382e-10	1.836e-11	3.1946e-07	-3.194e-07	-1.5275000000000002e-10	2.5434e-10	-1.043e-11	3.1932e-07	-3.1936e-07	-1.1403e-10	2.2879e-10	9.07e-12	3.1938e-07	-3.1946e-07	-7.163e-11	2.0917e-10	-1.479e-11	3.1932e-07	-3.1946e-07	-4.428e-11	1.9265000000000003e-10	4.32e-12	3.1936e-07	-3.1948e-07	-1.265e-11	1.7171000000000002e-10	3.1900000000000003e-12	3.1936e-07	-3.1952e-07
0.335	-4.8793e-10	4.8664e-10	7.42e-12	3.1948e-07	-3.194e-07	-4.2057e-10	4.4063000000000006e-10	3.9900000000000006e-12	3.1946e-07	-3.1946e-07	-3.5715e-10	3.9668e-10	-1.041e-11	3.1936e-07	-3.1936e-07	-3.0556000000000003e-10	3.5593000000000003e-10	-1.7960000000000002e-11	3.194e-07	-3.1942e-07	-2.5316000000000003e-10	3.2822000000000003e-10	-1.325e-11	3.1944e-07	-3.1948e-07	-2.1067e-10	3.0165000000000004e-10	5.710000000000001e-12	3.1936e-07	-3.1936e-07	-1.6761e-10	2.7233000000000003e-10	-1.6400000000000003e-11	3.193e-07	-3.1938e-07	-1.2279e-10	2.4615e-10	-1.779e-11	3.1936e-07	-3.1944e-07	-8.954e-11	2.2452e-10	1.7e-13	3.1934e-07	-3.1942e-07	-6.084000000000001e-11	1.9478e-10	1.285e-11	3.1926e-07	-3.1934e-07	-2.6e-11	1.8178e-10	1.6670000000000002e-11	3.1936e-07	-3.1946e-07
0.34	-5.1059e-10	5.0812e-10	-2.011e-11	3.1948e-07	-3.1948e-07	-4.4622e-10	4.5969e-10	1.7780000000000002e-11	3.194e-07	-3.1942e-07	-3.7728e-10	4.1981e-10	-2.233e-11	3.1936e-07	-3.195e-07	-3.2185000000000003e-10	3.8399e-10	7.800000000000002e-13	3.1934e-07	-3.1942e-07	-2.7318000000000003e-10	3.4686000000000003e-10	-1.5600000000000002e-12	3.1948e-07	-3.196e-07	-2.1936e-10	3.081e-10	-1.876e-11	3.193e-07	-3.1944e-07	-1.7971000000000002e-10	2.8435e-10	1.141e-11	3.1928e-07	-3.193e-07	-1.3684000000000002e-10	2.5796e-10	-2.6e-13	3.1926e-07	-3.1942e-07	-9.587e-11	2.3518e-10	4.040000000000001e-12	3.1936e-07	-3.194e-07	-6.665000000000001e-11	2.1294e-10	-1.462e-11	3.1932e-07	-3.1938e-07	-2.8220000000000004e-11	1.8889e-10	-1.2670000000000002e-11	3.1932e-07	-3.1946e-07
0.345	-5.386000000000001e-10	5.3927e-10	-1.36e-12	3.1952e-07	-3.195e-07	-4.6615e-10	4.8158e-10	-6.690000000000001e-12	3.193e-07	-3.1936e-07	-4.005e-10	4.3716e-10	1.3180000000000002e-11	3.1938e-07	-3.1936e-07	-3.4748e-10	3.9454e-10	2.497e-11	3.1942e-07	-3.1942e-07	-2.9443000000000004e-10	3.5893e-10	5.560000000000001e-12	3.1942e-07	-3.195e-07	-2.4415000000000003e-10	3.2766000000000003e-10	3.15e-12	3.194e-07	-3.1948e-07	-1.9671e-10	2.9606e-10	-8.100000000000001e-13	3.1924e-07	-3.1934e-07	-1.535e-10	2.6579e-10	1.805e-11	3.193e-07	-3.194e-07	-1.0919e-10	2.4008e-10	-9.080000000000003e-12	3.1932e-07	-3.194e-07	-7.835e-11	2.2247e-10	-1.203e-11	3.1928e-07	-3.1934e-07	-4.6310000000000006e-11	1.9853e-10	-1.51e-11	3.1932e-07	-3.1952e-07
0.35	-5.689500000000001e-10	5.683200000000001e-10	1.803e-11	3.1956e-07	-3.1948e-07	-4.876500000000001e-10	5.083e-10	-1.772e-11	3.1938e-07	-3.1944e-07	-4.2390000000000006e-10	4.5717e-10	1.367e-11	3.1938e-07	-3.1936e-07	-3.602e-10	4.1422e-10	-6.850000000000001e-12	3.1936e-07	-3.1944e-07	-3.0518e-10	3.741e-10	-1.588e-11	3.1938e-07	-3.1946e-07	-2.571e-10	3.4644000000000005e-10	1.621e-11	3.1938e-07	-3.1942e-07	-2.0447e-10	3.1035e-10	-1.117e-11	3.1926e-07	-3.1946e-07	-1.6241e-10	2.8873000000000005e-10	-6.6e-12	3.1926e-07	-3.1936e-07	-1.1872e-10	2.6003000000000003e-10	6.390000000000001e-12	3.1938e-07	-3.1946e-07	-9.012e-11	2.2872e-10	1.97e-11	3.1928e-07	-3.194e-07	-5.2310000000000005e-11	2.1445e-10	1.181e-11	3.1936e-07	-3.1952e-07
0.355	-5.943700000000001e-10	5.9404e-10	-1.4300000000000002e-11	3.1956e-07	-3.1942e-07	-5.197600000000001e-10	5.349100000000001e-10	7.880000000000001e-12	3.1948e-07	-3.1944e-07	-4.3990000000000005e-10	4.839600000000001e-10	-1.65e-11	3.1938e-07	-3.194e-07	-3.7946000000000005e-10	4.4466e-10	-1.97e-11	3.1938e-07	-3.1946e-07	-3.2407000000000005e-10	3.9891e-10	-1.02e-11	3.1946e-07	-3.1952e-07	-2.7131e-10	3.5434000000000004e-10	-1.111e-11	3.194e-07	-3.1948e-07	-2.2607000000000003e-10	3.2871000000000005e-10	9.49e-12	3.1926e-07	-3.194e-07	-1.7628e-10	2.9306e-10	-1.366e-11	3.1938e-07	-3.1942e-07	-1.3742e-10	2.7156000000000004e-10	2.376e-11	3.1932e-07	-3.1948e-07	-1.0235e-10	2.4624e-10	5.02e-12	3.1926e-07	-3.1936e-07	-6.251e-11	2.2111000000000003e-10	5.63e-12	3.1938e-07	-3.1948e-07
0.36	-6.2128e-10	6.1807e-10	-2.118e-11	3.1942e-07	-3.1942e-07	-5.4558e-10	5.620800000000001e-10	1.795e-11	3.1942e-07	-3.1938e-07	-4.697400000000001e-10	5.0883e-10	-6e-12	3.1938e-07	-3.1936e-07	-4.0957e-10	4.5539e-10	5.48e-12	3.1938e-07	-3.1942e-07	-3.4705e-10	4.1509e-10	2.4500000000000003e-11	3.1946e-07	-3.1948e-07	-2.9084e-10	3.7956e-10	-7.61e-12	3.1938e-07	-3.1948e-07	-2.4130000000000004e-10	3.4413000000000003e-10	1.018e-11	3.1936e-07	-3.1934e-07	-1.9411e-10	3.1354000000000004e-10	1.131e-11	3.1938e-07	-3.1952e-07	-1.4667000000000002e-10	2.7663e-10	-5.050000000000001e-12	3.1934e-07	-3.1952e-07	-1.1334e-10	2.5721000000000004e-10	-2.4500000000000003e-11	3.193e-07	-3.1944e-07	-6.898e-11	2.3255e-10	-1.746e-11	3.1938e-07	-3.1958e-07
0.365	-6.5916e-10	6.5739e-10	7.52e-12	3.1948e-07	-3.1946e-07	-5.7305e-10	5.8919e-10	-1.01e-11	3.1936e-07	-3.1936e-07	-4.9764e-10	5.289900000000001e-10	1.7890000000000002e-11	3.1936e-07	-3.1936e-07	-4.2862e-10	4.8292e-10	1.6100000000000002e-12	3.1938e-07	-3.1926e-07	-3.6607e-10	4.3720000000000005e-10	6.990000000000001e-12	3.1944e-07	-3.195e-07	-3.1157000000000004e-10	3.9959e-10	1.971e-11	3.1938e-07	-3.1948e-07	-2.5416000000000003e-10	3.5910000000000003e-10	-2.2100000000000003e-11	3.1926e-07	-3.1928e-07	-2.0866e-10	3.3006000000000005e-10	9.9e-12	3.1934e-07	-3.1942e-07	-1.5846e-10	3.0064e-10	-2.64e-11	3.1932e-07	-3.1946e-07	-1.2505e-10	2.6416e-10	8.400000000000001e-13	3.1938e-07	-3.1952e-07	-8.964000000000001e-11	2.4713e-10	-2.37e-12	3.1936e-07	-3.1948e-07
0.37	-6.887e-10	6.934300000000001e-10	7.1400000000000015e-12	3.1942e-07	-3.1942e-07	-5.967200000000001e-10	6.176900000000001e-10	-2.904e-11	3.194e-07	-3.1936e-07	-5.195800000000001e-10	5.598000000000001e-10	-1.073e-11	3.1932e-07	-3.1936e-07	-4.5044000000000005e-10	5.0646e-10	-9.92e-12	3.193e-07	-3.1936e-07	-3.9239e-10	4.5718e-10	-2.8930000000000004e-11	3.1944e-07	-3.1946e-07	-3.2615e-10	4.1305e-10	5.49e-12	3.1934e-07	-3.1944e-07	-2.7280000000000003e-10	3.7368000000000005e-10	-1.089e-11	3.1934e-07	-3.194e-07	-2.2524e-10	3.3724e-10	-2.071e-11	3.1932e-07	-3.1942e-07	-1.7649e-10	3.1075000000000004e-10	9.1e-12	3.1942e-07	-3.1954e-07	-1.4091e-10	2.8667e-10	1.5360000000000002e-11	3.1932e-07	-3.194e-07	-9.946e-11	2.5229e-10	1.254e-11	3.1932e-07	-3.1952e-07
0.375	-7.2069e-10	7.139200000000001e-10	-1.2070000000000002e-11	3.1948e-07	-3.194e-07	-6.2651e-10	6.4672e-10	-2.6e-13	3.194e-07	-3.1934e-07	-5.4778e-10	5.8753e-10	-2.094e-11	3.1942e-07	-3.194e-07	-4.7647e-10	5.303e-10	4.12e-12	3.1932e-07	-3.1944e-07	-4.1344e-10	4.8205e-10	-8.890000000000003e-12	3.1944e-07	-3.1946e-07	-3.4768000000000003e-10	4.4128000000000005e-10	-2.209e-11	3.1944e-07	-3.1952e-07	-2.9715e-10	4.0044e-10	2.459e-11	3.193e-07	-3.1936e-07	-2.4051000000000003e-10	3.6127e-10	-4.660000000000001e-12	3.1936e-07	-3.1948e-07	-1.8821e-10	3.2182000000000003e-10	2.205e-11	3.1936e-07	-3.1946e-07	-1.5090000000000002e-10	2.9466000000000005e-10	-5.930000000000001e-12	3.1934e-07	-3.1946e-07	-1.1001e-10	2.6692000000000005e-10	-1.142e-11	3.1936e-07	-3.1954e-07
0.38	-7.6539e-10	7.5988e-10	-2.1000000000000001e-13	3.1944e-07	-3.1942e-07	-6.6885e-10	6.934200000000001e-10	1.8220000000000003e-11	3.1942e-07	-3.1936e-07	-5.7861e-10	6.187400000000001e-10	5.24e-12	3.1944e-07	-3.1942e-07	-5.100800000000001e-10	5.5848e-10	2.085e-11	3.1938e-07	-3.194e-07	-4.4269000000000005e-10	5.0394e-10	2.099e-11	3.1944e-07	-3.1946e-07	-3.7308e-10	4.6308e-10	1.73e-12	3.195e-07	-3.1952e-07	-3.1052000000000003e-10	4.1169000000000005e-10	5.09e-12	3.1926e-07	-3.1934e-07	-2.6943e-10	3.7912e-10	1.7980000000000002e-11	3.194e-07	-3.1944e-07	-2.0334e-10	3.4655e-10	-7.5e-13	3.1942e-07	-3.1942e-07	-1.6718e-10	3.0704e-10	-1.047e-11	3.1926e-07	-3.1942e-07	-1.2238000000000002e-10	2.8307000000000004e-10	-1.195e-11	3.1938e-07	-3.1946e-07
0.385	-7.9871e-10	8.042500000000001e-10	4.37e-12	3.1942e-07	-3.1934e-07	-6.961100000000001e-10	7.12e-10	1.262e-11	3.1942e-07	-3.1942e-07	-6.0974e-10	6.472700000000001e-10	7.050000000000001e-12	3.1948e-07	-3.1936e-07	-5.315700000000001e-10	5.8925e-10	-1.2770000000000002e-11	3.1938e-07	-3.1938e-07	-4.6271000000000005e-10	5.3482e-10	-2.95e-12	3.1938e-07	-3.194e-07	-3.9483e-10	4.7828e-10	2.14e-11	3.1938e-07	-3.1938e-07	-3.3191000000000005e-10	4.3148e-10	-1.588e-11	3.193e-07	-3.1934e-07	-2.8477000000000004e-10	3.9271e-10	-3.0600000000000007e-12	3.1932e-07	-3.1948e-07	-2.2007e-10	3.58e-10	-2.6000000000000002e-12	3.1942e-07	-3.1948e-07	-1.8335e-10	3.2966000000000003e-10	1.218e-11	3.1926e-07	-3.1942e-07	-1.4375000000000002e-10	2.9834000000000003e-10	2.022e-11	3.1944e-07	-3.196e-07
0.39	-8.374200000000001e-10	8.2719e-10	-1.86e-11	3.1944e-07	-3.1942e-07	-7.3127e-10	7.484800000000001e-10	-1.6450000000000002e-11	3.1948e-07	-3.194e-07	-6.408200000000001e-10	6.8189e-10	-1.7160000000000002e-11	3.194e-07	-3.1936e-07	-5.582700000000001e-10	6.114500000000001e-10	-1.81e-11	3.1938e-07	-3.1942e-07	-4.8945e-10	5.5544e-10	-1.093e-11	3.1946e-07	-3.1954e-07	-4.1762000000000005e-10	5.0922e-10	-8.64e-12	3.193e-07	-3.1936e-07	-3.5709e-10	4.5812e-10	5.460000000000001e-12	3.1926e-07	-3.1932e-07	-3.0609e-10	4.1332e-10	-1.279e-11	3.1936e-07	-3.1948e-07	-2.4380000000000003e-10	3.6959e-10	7.790000000000001e-12	3.1936e-07	-3.1944e-07	-2.0024e-10	3.3719e-10	1.3300000000000002e-12	3.1928e-07	-3.194e-07	-1.5294000000000002e-10	3.0739e-10	6.0100000000000004e-12	3.1938e-07	-3.1942e-07
0.395	-8.786200000000001e-10	8.8083e-10	-1.464e-11	3.1942e-07	-3.1936e-07	-7.692000000000001e-10	7.9419e-10	-1.988e-11	3.1938e-07	-3.194e-07	-6.8025e-10	7.1757e-10	-2.2500000000000003e-12	3.1934e-07	-3.194e-07	-5.994300000000001e-10	6.5111e-10	1.035e-11	3.194e-07	-3.194e-07	-5.224000000000001e-10	5.8432e-10	1.15e-11	3.1942e-07	-3.1948e-07	-4.4104e-10	5.326200000000001e-10	-2.0200000000000007e-12	3.1936e-07	-3.1942e-07	-3.7934e-10	4.7881e-10	1.209e-11	3.1922e-07	-3.1928e-07	-3.2648000000000005e-10	4.4289000000000006e-10	9.17e-12	3.1938e-07	-3.1952e-07	-2.5883e-10	3.9725000000000005e-10	-1.292e-11	3.1944e-07	-3.1954e-07	-2.1352000000000003e-10	3.5371e-10	-1.977e-11	3.1924e-07	-3.1942e-07	-1.674e-10	3.2768e-10	-2.316e-11	3.1938e-07	-3.1962e-07
0.4	-9.2737e-10	9.275400000000001e-10	1.55e-11	3.195e-07	-3.1942e-07	-8.137500000000001e-10	8.2806e-10	2.033e-11	3.195e-07	-3.1942e-07	-7.176600000000001e-10	7.498e-10	1.405e-11	3.1944e-07	-3.1936e-07	-6.2388e-10	6.8383e-10	2.5500000000000002e-12	3.1934e-07	-3.1932e-07	-5.485900000000001e-10	6.1397e-10	6.200000000000001e-13	3.1942e-07	-3.1942e-07	-4.7494e-10	5.571600000000001e-10	1.911e-11	3.1944e-07	-3.194e-07	-4.0874e-10	5.0389e-10	-1.383e-11	3.1924e-07	-3.193e-07	-3.4675e-10	4.5314000000000005e-10	6.780000000000001e-12	3.1942e-07	-3.1946e-07	-2.7333000000000003e-10	4.1137000000000005e-10	-6.070000000000001e-12	3.1938e-07	-3.1952e-07	-2.3457e-10	3.79e-10	7.81e-12	3.1926e-07	-3.1938e-07	-1.7251e-10	3.4268e-10	-7.700000000000001e-13	3.1936e-07	-3.195e-07
0.405	-9.7014e-10	9.6144e-10	5.94e-12	3.1944e-07	-3.194e-07	-8.5237e-10	8.6798e-10	1.942e-11	3.1938e-07	-3.1944e-07	-7.4952e-10	7.8905e-10	-1.392e-11	3.1926e-07	-3.1928e-07	-6.606700000000001e-10	7.0958e-10	-1.313e-11	3.1944e-07	-3.1946e-07	-5.7703e-10	6.4412e-10	-1.982e-11	3.1946e-07	-3.1952e-07	-4.9754e-10	5.834700000000001e-10	9.57e-12	3.1934e-07	-3.194e-07	-4.3506000000000005e-10	5.373e-10	-2.7600000000000004e-12	3.1928e-07	-3.1934e-07	-3.6877e-10	4.785000000000001e-10	-2.1590000000000003e-11	3.1932e-07	-3.1948e-07	-3.0032e-10	4.3271000000000005e-10	2.1260000000000003e-11	3.1948e-07	-3.1956e-07	-2.4204e-10	3.9324e-10	1.73e-11	3.1926e-07	-3.194e-07	-1.9208e-10	3.5797e-10	2.243e-11	3.1944e-07	-3.1952e-07
0.41	-1.01408e-09	1.01478e-09	-1.581e-11	3.1938e-07	-3.1942e-07	-8.931800000000001e-10	9.1614e-10	1.3500000000000001e-12	3.1938e-07	-3.1942e-07	-7.902100000000001e-10	8.261e-10	-1.025e-11	3.1936e-07	-3.1938e-07	-6.9632e-10	7.5437e-10	-3.07e-12	3.195e-07	-3.1954e-07	-6.0596e-10	6.8272e-10	8.35e-12	3.1948e-07	-3.1952e-07	-5.242900000000001e-10	6.1923e-10	-2.459e-11	3.1934e-07	-3.1942e-07	-4.621e-10	5.558600000000001e-10	1.6200000000000003e-11	3.1924e-07	-3.1928e-07	-3.9115e-10	5.0987e-10	4.440000000000001e-12	3.1934e-07	-3.1946e-07	-3.2316000000000005e-10	4.6080000000000005e-10	6.620000000000001e-12	3.1938e-07	-3.1952e-07	-2.5781e-10	4.0400000000000005e-10	-6.92e-12	3.193e-07	-3.1946e-07	-2.0790000000000003e-10	3.7502e-10	-3.9800000000000004e-12	3.1942e-07	-3.1954e-07
0.415	-1.07018e-09	1.06847e-09	5.200000000000001e-12	3.1946e-07	-3.1942e-07	-9.4214e-10	9.6316e-10	-1.4900000000000001e-12	3.1942e-07	-3.1948e-07	-8.3652e-10	8.697100000000001e-10	1.564e-11	3.193e-07	-3.1928e-07	-7.3606e-10	7.860400000000001e-10	1.293e-11	3.1944e-07	-3.194e-07	-6.435200000000001e-10	7.1276e-10	2.3610000000000003e-11	3.195e-07	-3.1956e-07	-5.5982e-10	6.4449e-10	3.76e-12	3.1936e-07	-3.1942e-07	-4.897000000000001e-10	5.8207e-10	-1.294e-11	3.1926e-07	-3.1932e-07	-4.2355000000000005e-10	5.297e-10	1.2880000000000002e-11	3.194e-07	-3.1946e-07	-3.3811000000000003e-10	4.7181e-10	-2.184e-11	3.1938e-07	-3.1946e-07	-2.8062e-10	4.4095e-10	-1.732e-11	3.193e-07	-3.1952e-07	-2.2656e-10	3.9558e-10	-9.380000000000001e-12	3.1932e-07	-3.1948e-07
0.42	-1.11807e-09	1.1116500000000002e-09	1.7800000000000003e-11	3.1938e-07	-3.1936e-07	-9.8747e-10	1.00178e-09	5.95e-12	3.1944e-07	-3.1938e-07	-8.7544e-10	9.1036e-10	4.82e-12	3.1938e-07	-3.1934e-07	-7.7215e-10	8.2224e-10	-1.5230000000000002e-11	3.1942e-07	-3.194e-07	-6.745800000000001e-10	7.4374e-10	-1.4810000000000002e-11	3.1938e-07	-3.195e-07	-5.937300000000001e-10	6.843200000000001e-10	1.969e-11	3.1938e-07	-3.1952e-07	-5.188800000000001e-10	6.199700000000001e-10	-2.5250000000000003e-11	3.193e-07	-3.193e-07	-4.4204000000000006e-10	5.528200000000001e-10	-1.088e-11	3.1938e-07	-3.1936e-07	-3.6659e-10	5.031400000000001e-10	-1.014e-11	3.1938e-07	-3.1952e-07	-3.0071000000000004e-10	4.5482e-10	1.737e-11	3.1932e-07	-3.1948e-07	-2.4914000000000003e-10	4.1311e-10	1.673e-11	3.1932e-07	-3.1946e-07
0.425	-1.1724e-09	1.1675e-09	1.4760000000000003e-11	3.1958e-07	-3.1946e-07	-1.0371e-09	1.06192e-09	-3.38e-12	3.1938e-07	-3.1928e-07	-9.2057e-10	9.5897e-10	-2.0370000000000003e-11	3.193e-07	-3.1934e-07	-8.116500000000001e-10	8.7572e-10	-9.62e-12	3.1938e-07	-3.1946e-07	-7.1481e-10	7.9084e-10	-1.8020000000000003e-11	3.1934e-07	-3.1948e-07	-6.2171e-10	7.1405e-10	-1.011e-11	3.1938e-07	-3.1946e-07	-5.5068e-10	6.4618e-10	9.590000000000003e-12	3.1938e-07	-3.194e-07	-4.7387e-10	5.8619e-10	-1.6870000000000002e-11	3.193e-07	-3.1946e-07	-3.9606e-10	5.357e-10	1.469e-11	3.194e-07	-3.1942e-07	-3.2887e-10	4.7219e-10	8.26e-12	3.1928e-07	-3.1942e-07	-2.6678000000000003e-10	4.3335e-10	6.080000000000001e-12	3.1934e-07	-3.1946e-07
0.43	-1.2321e-09	1.2303e-09	1.32e-12	3.1944e-07	-3.1948e-07	-1.08389e-09	1.10607e-09	-4.610000000000001e-12	3.1936e-07	-3.1938e-07	-9.6737e-10	1.00302e-09	5.4000000000000004e-12	3.1938e-07	-3.194e-07	-8.6049e-10	9.1042e-10	2.376e-11	3.194e-07	-3.1942e-07	-7.623900000000001e-10	8.3085e-10	1.847e-11	3.1942e-07	-3.1934e-07	-6.6281e-10	7.4864e-10	-1.177e-11	3.1948e-07	-3.1952e-07	-5.8649e-10	6.8059e-10	1.185e-11	3.193e-07	-3.1934e-07	-5.0346e-10	6.152200000000001e-10	8.25e-12	3.1936e-07	-3.1936e-07	-4.1539000000000005e-10	5.484800000000001e-10	-1.17e-12	3.1924e-07	-3.1946e-07	-3.4460000000000003e-10	5.0683e-10	-1.313e-11	3.193e-07	-3.1944e-07	-2.8445000000000004e-10	4.5858e-10	-1.682e-11	3.193e-07	-3.1942e-07
0.435	-1.2866e-09	1.2912e-09	-1.015e-11	3.195e-07	-3.1952e-07	-1.1412e-09	1.1606e-09	-2.076e-11	3.1946e-07	-3.195e-07	-1.02203e-09	1.0538900000000002e-09	1.728e-11	3.1936e-07	-3.1932e-07	-9.0072e-10	9.5247e-10	-1.5700000000000002e-12	3.1934e-07	-3.194e-07	-7.9821e-10	8.7029e-10	1.302e-11	3.1942e-07	-3.1942e-07	-7.0366e-10	7.9174e-10	1.052e-11	3.195e-07	-3.1962e-07	-6.1807e-10	7.1429e-10	-2.031e-11	3.1924e-07	-3.1934e-07	-5.352100000000001e-10	6.433300000000001e-10	5.210000000000001e-12	3.1932e-07	-3.194e-07	-4.4587e-10	5.8202e-10	-6.6300000000000014e-12	3.1934e-07	-3.194e-07	-3.7426e-10	5.256800000000001e-10	3.2900000000000007e-12	3.1932e-07	-3.1952e-07	-3.0961000000000003e-10	4.757400000000001e-10	2.85e-12	3.1928e-07	-3.1946e-07
0.44	-1.3559e-09	1.348e-09	1.61e-11	3.1956e-07	-3.1952e-07	-1.1993e-09	1.2173e-09	4.6000000000000006e-12	3.1948e-07	-3.1952e-07	-1.06766e-09	1.10572e-09	-1.182e-11	3.1936e-07	-3.1934e-07	-9.4815e-10	1.0065700000000002e-09	-2.4520000000000003e-11	3.1936e-07	-3.1948e-07	-8.3998e-10	9.153199999999999e-10	-1.437e-11	3.1932e-07	-3.1946e-07	-7.4075e-10	8.2493e-10	4.47e-12	3.1944e-07	-3.1946e-07	-6.512700000000001e-10	7.470700000000001e-10	-1.546e-11	3.192e-07	-3.193e-07	-5.6806e-10	6.8081e-10	-1.903e-11	3.193e-07	-3.1948e-07	-4.7874e-10	6.192700000000001e-10	5.470000000000001e-12	3.1932e-07	-3.1942e-07	-3.9955e-10	5.4673e-10	1.327e-11	3.1932e-07	-3.1944e-07	-3.3576000000000004e-10	5.0107e-10	2.1350000000000003e-11	3.194e-07	-3.1946e-07
0.445	-1.4149e-09	1.4088e-09	1.001e-11	3.1948e-07	-3.1946e-07	-1.2611e-09	1.2804e-09	2.202e-11	3.1948e-07	-3.1944e-07	-1.1229e-09	1.1597e-09	3.07e-12	3.194e-07	-3.1934e-07	-9.9822e-10	1.05128e-09	-4.78e-12	3.1934e-07	-3.194e-07	-8.9002e-10	9.587e-10	-2.9600000000000007e-12	3.194e-07	-3.1948e-07	-7.8003e-10	8.6851e-10	-2.302e-11	3.1944e-07	-3.1952e-07	-6.9716e-10	7.8244e-10	1.4960000000000002e-11	3.192e-07	-3.193e-07	-5.961400000000001e-10	7.1278e-10	2.64e-12	3.1942e-07	-3.1958e-07	-5.0601e-10	6.3375e-10	-6.71e-12	3.1936e-07	-3.1942e-07	-4.275e-10	5.845100000000001e-10	-1.022e-11	3.1932e-07	-3.1938e-07	-3.5399000000000004e-10	5.299700000000001e-10	-9.61e-12	3.1932e-07	-3.1946e-07
0.45	-1.4834e-09	1.4831e-09	-2.347e-11	3.1942e-07	-3.1946e-07	-1.3172e-09	1.3369e-09	-1.127e-11	3.1942e-07	-3.1946e-07	-1.1802e-09	1.2129e-09	-2.021e-11	3.1938e-07	-3.1946e-07	-1.05004e-09	1.10074e-09	1.303e-11	3.1946e-07	-3.1942e-07	-9.3488e-10	1.0028100000000002e-09	1.486e-11	3.1948e-07	-3.1942e-07	-8.223900000000001e-10	9.137400000000001e-10	5.660000000000001e-12	3.1944e-07	-3.1954e-07	-7.3244e-10	8.304e-10	6.1e-13	3.192e-07	-3.193e-07	-6.4273e-10	7.462500000000001e-10	1.259e-11	3.1942e-07	-3.194e-07	-5.3963e-10	6.763900000000001e-10	-1.839e-11	3.1936e-07	-3.1946e-07	-4.5414000000000005e-10	6.0714e-10	-9.9e-12	3.1928e-07	-3.1942e-07	-3.8177e-10	5.519e-10	-1.5010000000000002e-11	3.193e-07	-3.1952e-07
0.455	-1.5512e-09	1.5488e-09	6.19e-12	3.1944e-07	-3.1946e-07	-1.3793e-09	1.3968e-09	-1.951e-11	3.1944e-07	-3.1936e-07	-1.2396e-09	1.2737e-09	1.4200000000000002e-11	3.1938e-07	-3.1936e-07	-1.1024400000000002e-09	1.1536e-09	1.6870000000000002e-11	3.1936e-07	-3.194e-07	-9.8223e-10	1.0578200000000002e-09	-1.011e-11	3.1942e-07	-3.1948e-07	-8.7548e-10	9.6167e-10	1.373e-11	3.1946e-07	-3.1948e-07	-7.6805e-10	8.6368e-10	-1.091e-11	3.1924e-07	-3.194e-07	-6.7418e-10	7.8618e-10	-9.01e-12	3.1934e-07	-3.1936e-07	-5.723100000000001e-10	7.143900000000001e-10	4.11e-12	3.1936e-07	-3.1952e-07	-4.8638e-10	6.397000000000001e-10	1.621e-11	3.1926e-07	-3.1944e-07	-4.1587e-10	5.8238e-10	1.5580000000000003e-11	3.1934e-07	-3.1946e-07
0.46	-1.6239e-09	1.6189e-09	2.1680000000000003e-11	3.1944e-07	-3.1938e-07	-1.4537e-09	1.471e-09	8.16e-12	3.1948e-07	-3.1942e-07	-1.301e-09	1.337e-09	9.65e-12	3.1932e-07	-3.193e-07	-1.1606e-09	1.2086e-09	1.602e-11	3.1942e-07	-3.194e-07	-1.0318e-09	1.1077900000000002e-09	-2.74e-12	3.1948e-07	-3.1952e-07	-9.1419e-10	9.9657e-10	-1.473e-11	3.1948e-07	-3.1948e-07	-8.1518e-10	9.1095e-10	-8.63e-12	3.1922e-07	-3.1934e-07	-7.1213e-10	8.2648e-10	-1.909e-11	3.1934e-07	-3.195e-07	-6.1131e-10	7.3646e-10	1.9930000000000003e-11	3.1932e-07	-3.1938e-07	-5.225e-10	6.749300000000001e-10	4.860000000000001e-12	3.1938e-07	-3.1948e-07	-4.4165e-10	6.1459e-10	4.140000000000001e-12	3.1932e-07	-3.194e-07
0.465	-1.6935e-09	1.6992e-09	-7.71e-12	3.1944e-07	-3.1946e-07	-1.5189e-09	1.5371e-09	6.950000000000001e-12	3.1934e-07	-3.1936e-07	-1.3572e-09	1.3952e-09	-1.909e-11	3.1934e-07	-3.1936e-07	-1.2181e-09	1.2696e-09	-1.5520000000000002e-11	3.1942e-07	-3.1946e-07	-1.09612e-09	1.1653e-09	-3.0870000000000006e-11	3.1944e-07	-3.1944e-07	-9.6833e-10	1.05807e-09	-1.177e-11	3.1944e-07	-3.1954e-07	-8.5921e-10	9.5819e-10	3.97e-12	3.1924e-07	-3.1934e-07	-7.5268e-10	8.6661e-10	1.387e-11	3.194e-07	-3.195e-07	-6.4344e-10	7.8088e-10	-1.5650000000000002e-11	3.1932e-07	-3.194e-07	-5.4546e-10	7.0202e-10	-1.937e-11	3.1928e-07	-3.1946e-07	-4.692e-10	6.379400000000001e-10	-1.815e-11	3.193e-07	-3.1942e-07
0.47	-1.7749e-09	1.7754e-09	3.58e-12	3.1942e-07	-3.1948e-07	-1.5849e-09	1.6071e-09	-1.033e-11	3.1944e-07	-3.1934e-07	-1.4314e-09	1.4653e-09	5.820000000000001e-12	3.1938e-07	-3.1936e-07	-1.2794e-09	1.3389e-09	-4.2000000000000003e-13	3.1948e-07	-3.1948e-07	-1.14715e-09	1.2169e-09	1.219e-11	3.194e-07	-3.1946e-07	-1.01738e-09	1.10715e-09	1.8820000000000003e-11	3.1942e-07	-3.1948e-07	-9.0767e-10	9.9998e-10	-3.000000000000001e-13	3.1926e-07	-3.193e-07	-7.9741e-10	9.086199999999999e-10	1.077e-11	3.194e-07	-3.195e-07	-6.825600000000001e-10	8.2006e-10	-1.5870000000000002e-11	3.1926e-07	-3.194e-07	-5.902800000000001e-10	7.4064e-10	-6.8e-13	3.1932e-07	-3.1942e-07	-5.0652e-10	6.739800000000001e-10	7e-13	3.1936e-07	-3.1954e-07
0.475	-1.8604e-09	1.8573e-09	1.315e-11	3.195e-07	-3.194e-07	-1.6621e-09	1.6859e-09	-4.93e-12	3.1936e-07	-3.194e-07	-1.5011e-09	1.5382e-09	1.179e-11	3.193e-07	-3.1928e-07	-1.3463e-09	1.3921e-09	1.355e-11	3.1936e-07	-3.1938e-07	-1.2074e-09	1.275e-09	1.8130000000000003e-11	3.1944e-07	-3.1952e-07	-1.0712e-09	1.1655e-09	1.174e-11	3.194e-07	-3.1946e-07	-9.5154e-10	1.0564200000000002e-09	-1.344e-11	3.1924e-07	-3.1924e-07	-8.4163e-10	9.5268e-10	-2.025e-11	3.1934e-07	-3.1942e-07	-7.279800000000001e-10	8.5572e-10	1.3990000000000002e-11	3.1934e-07	-3.1936e-07	-6.259700000000001e-10	7.8228e-10	1.382e-11	3.1926e-07	-3.1934e-07	-5.4047e-10	7.1052e-10	1.7760000000000002e-11	3.1938e-07	-3.1948e-07
0.48	-1.9377e-09	1.939e-09	-1.478e-11	3.1944e-07	-3.1936e-07	-1.7439e-09	1.7625e-09	1.0540000000000002e-11	3.1948e-07	-3.1932e-07	-1.5668e-09	1.604e-09	-1.2570000000000002e-11	3.193e-07	-3.193e-07	-1.407e-09	1.4618e-09	-9.85e-12	3.1944e-07	-3.1946e-07	-1.2675e-09	1.3373e-09	-6.900000000000001e-13	3.1938e-07	-3.1948e-07	-1.12598e-09	1.2124e-09	6.55e-12	3.193e-07	-3.1946e-07	-1.0102e-09	1.1050400000000001e-09	8.61e-12	3.1922e-07	-3.1936e-07	-8.8671e-10	1.00207e-09	-2.39e-12	3.1934e-07	-3.1942e-07	-7.679100000000001e-10	9.049199999999999e-10	6.35e-12	3.1936e-07	-3.194e-07	-6.615300000000001e-10	8.1276e-10	-5.79e-12	3.1922e-07	-3.1934e-07	-5.7162e-10	7.4029e-10	-1.1550000000000001e-11	3.1936e-07	-3.1944e-07
0.485	-2.0316e-09	2.0319e-09	-8.51e-12	3.195e-07	-3.1942e-07	-1.8233e-09	1.8394e-09	-3.5000000000000004e-12	3.1938e-07	-3.194e-07	-1.6453e-09	1.6785e-09	2.0500000000000004e-12	3.1936e-07	-3.1936e-07	-1.4774e-09	1.5382e-09	-1.45e-12	3.1936e-07	-3.194e-07	-1.3296e-09	1.4048e-09	-2.4940000000000003e-11	3.195e-07	-3.1946e-07	-1.1884e-09	1.2745e-09	3.2700000000000004e-12	3.1934e-07	-3.1944e-07	-1.06837e-09	1.1634e-09	-2.57e-12	3.1924e-07	-3.193e-07	-9.4119e-10	1.04929e-09	1.744e-11	3.1936e-07	-3.1934e-07	-8.1201e-10	9.5222e-10	-1.347e-11	3.1932e-07	-3.1942e-07	-7.0636e-10	8.5806e-10	-1.029e-11	3.1932e-07	-3.1946e-07	-6.092200000000001e-10	7.8052e-10	-1.683e-11	3.194e-07	-3.1956e-07
0.49	-2.1229e-09	2.1239e-09	2.531e-11	3.1946e-07	-3.194e-07	-1.9029e-09	1.9259e-09	-2.014e-11	3.1942e-07	-3.1948e-07	-1.7222e-09	1.7626e-09	1.581e-11	3.1928e-07	-3.193e-07	-1.5541e-09	1.6009e-09	2.101e-11	3.1946e-07	-3.195e-07	-1.3997e-09	1.4705e-09	1.314e-11	3.1948e-07	-3.1952e-07	-1.2465e-09	1.3341e-09	-2.081e-11	3.1932e-07	-3.1942e-07	-1.11986e-09	1.2118e-09	2.152e-11	3.1934e-07	-3.1934e-07	-9.8718e-10	1.0983900000000002e-09	3.96e-12	3.1938e-07	-3.1942e-07	-8.5588e-10	9.9019e-10	2.5300000000000003e-12	3.193e-07	-3.194e-07	-7.4749e-10	9.090999999999999e-10	1.426e-11	3.193e-07	-3.1938e-07	-6.5359e-10	8.2264e-10	1.559e-11	3.1942e-07	-3.1956e-07
0.495	-2.2187e-09	2.2192e-09	8.100000000000001e-13	3.1942e-07	-3.1944e-07	-1.9969e-09	2.0219e-09	1.326e-11	3.1948e-07	-3.1946e-07	-1.8046e-09	1.839e-09	-1.5360000000000002e-11	3.1926e-07	-3.1924e-07	-1.6249e-09	1.6779e-09	-8.890000000000003e-12	3.1936e-07	-3.1938e-07	-1.4684e-09	1.5381e-09	1.446e-11	3.1942e-07	-3.195e-07	-1.3149e-09	1.4e-09	1.26e-11	3.1942e-07	-3.1942e-07	-1.1783e-09	1.2699e-09	8.83e-12	3.192e-07	-3.1928e-07	-1.03457e-09	1.1539e-09	-1.12e-12	3.1936e-07	-3.1942e-07	-9.129e-10	1.04306e-09	1.302e-11	3.1928e-07	-3.194e-07	-7.9455e-10	9.3628e-10	6.0200000000000014e-12	3.193e-07	-3.1944e-07	-6.8927e-10	8.5896e-10	4.62e-12	3.1938e-07	-3.1952e-07
0.5	-2.3173e-09	2.3144e-09	-8.390000000000001e-12	3.1942e-07	-3.1952e-07	-2.0855e-09	2.1033e-09	1.366e-11	3.1944e-07	-3.194e-07	-1.8837e-09	1.9256e-09	-1.1360000000000002e-11	3.1932e-07	-3.1934e-07	-1.7036e-09	1.7668e-09	-1.7780000000000002e-11	3.195e-07	-3.1946e-07	-1.5372e-09	1.6146e-09	-1.582e-11	3.1938e-07	-3.1944e-07	-1.3797e-09	1.4715e-09	6.0200000000000014e-12	3.1938e-07	-3.194e-07	-1.2361e-09	1.3303e-09	-1.4670000000000003e-11	3.1922e-07	-3.1936e-07	-1.0888200000000002e-09	1.213e-09	-2.019e-11	3.1936e-07	-3.1948e-07	-9.5509e-10	1.0954700000000001e-09	-1.617e-11	3.1922e-07	-3.1934e-07	-8.3705e-10	9.9632e-10	-1.54e-11	3.1926e-07	-3.1936e-07	-7.284500000000001e-10	9.022199999999999e-10	-2.296e-11	3.1942e-07	-3.1956e-07
0.505	-2.4275e-09	2.4223e-09	9.33e-12	3.1942e-07	-3.1936e-07	-2.1851e-09	2.2028e-09	-2.2720000000000003e-11	3.194e-07	-3.1938e-07	-1.9792e-09	2.0145e-09	1.354e-11	3.194e-07	-3.1934e-07	-1.7878e-09	1.8353e-09	1.263e-11	3.1936e-07	-3.1942e-07	-1.6144e-09	1.6863e-09	1.5e-12	3.1936e-07	-3.194e-07	-1.4422e-09	1.5304e-09	-1.7470000000000002e-11	3.193e-07	-3.1944e-07	-1.3025e-09	1.3995e-09	-6.370000000000001e-12	3.1926e-07	-3.1936e-07	-1.14855e-09	1.2695e-09	1.05e-11	3.1936e-07	-3.1946e-07	-1.00989e-09	1.149e-09	-6.55e-12	3.1932e-07	-3.1952e-07	-8.901e-10	1.04845e-09	4.600000000000002e-13	3.1928e-07	-3.1946e-07	-7.7915e-10	9.513e-10	-9.4e-13	3.1942e-07	-3.1954e-07
0.51	-2.5309e-09	2.5285e-09	-8.87e-12	3.1942e-07	-3.194e-07	-2.2837e-09	2.3027e-09	-1.7200000000000001e-12	3.194e-07	-3.1946e-07	-2.0634e-09	2.1013e-09	-8.53e-12	3.1938e-07	-3.1934e-07	-1.8659e-09	1.9219e-09	-4.6000000000000006e-12	3.1938e-07	-3.1938e-07	-1.6959e-09	1.7617e-09	1.07e-11	3.1938e-07	-3.1936e-07	-1.5193e-09	1.6076e-09	6.120000000000001e-12	3.1936e-07	-3.1948e-07	-1.3645e-09	1.46e-09	2.6430000000000003e-11	3.1924e-07	-3.194e-07	-1.2139e-09	1.3297999999999999e-09	3.780000000000001e-12	3.1938e-07	-3.1946e-07	-1.06246e-09	1.1999e-09	-2.0480000000000003e-11	3.193e-07	-3.1946e-07	-9.3942e-10	1.08168e-09	1.704e-11	3.1934e-07	-3.1948e-07	-8.2336e-10	9.9679e-10	2.0040000000000003e-11	3.1942e-07	-3.1956e-07
0.515	-2.6365e-09	2.6396e-09	-1.151e-11	3.1942e-07	-3.1942e-07	-2.3874e-09	2.3999e-09	6.0200000000000014e-12	3.194e-07	-3.1948e-07	-2.1588e-09	2.1974e-09	-1.046e-11	3.1932e-07	-3.194e-07	-1.9545e-09	2.0181e-09	-9.03e-12	3.194e-07	-3.1946e-07	-1.7705e-09	1.8458e-09	-1.3080000000000002e-11	3.193e-07	-3.194e-07	-1.5938e-09	1.6834e-09	1.4920000000000002e-11	3.1938e-07	-3.194e-07	-1.4342e-09	1.5286e-09	-8.9e-13	3.1924e-07	-3.193e-07	-1.2797e-09	1.3921e-09	2.51e-12	3.1936e-07	-3.194e-07	-1.12873e-09	1.2604e-09	1.8820000000000003e-11	3.1938e-07	-3.1944e-07	-9.9345e-10	1.1417e-09	1.863e-11	3.1936e-07	-3.1946e-07	-8.7266e-10	1.0396900000000002e-09	-8.300000000000001e-12	3.1938e-07	-3.1948e-07
0.52	-2.7603e-09	2.7558e-09	1.732e-11	3.1954e-07	-3.1948e-07	-2.4857e-09	2.5087e-09	-6.1600000000000004e-12	3.1944e-07	-3.1942e-07	-2.2614e-09	2.3009e-09	1.408e-11	3.1942e-07	-3.194e-07	-2.0453e-09	2.0987e-09	1.615e-11	3.1938e-07	-3.1944e-07	-1.8564e-09	1.931e-09	9.9e-13	3.1938e-07	-3.1944e-07	-1.6676e-09	1.755e-09	-1.748e-11	3.193e-07	-3.1936e-07	-1.5045e-09	1.606e-09	-3.082e-11	3.1926e-07	-3.1928e-07	-1.3404e-09	1.462e-09	-1.834e-11	3.1938e-07	-3.1948e-07	-1.1874e-09	1.3183e-09	1.462e-11	3.1932e-07	-3.194e-07	-1.06109e-09	1.1948e-09	-3.1900000000000003e-12	3.193e-07	-3.1942e-07	-9.2234e-10	1.0991100000000001e-09	-1.464e-11	3.1936e-07	-3.1948e-07
0.525	-2.8799e-09	2.877e-09	5.18e-12	3.1938e-07	-3.1936e-07	-2.6051e-09	2.6279e-09	6.46e-12	3.195e-07	-3.1946e-07	-2.3604e-09	2.3982e-09	-1.9200000000000003e-12	3.1932e-07	-3.1934e-07	-2.1417e-09	2.1942e-09	-4.450000000000001e-12	3.1936e-07	-3.1938e-07	-1.9502e-09	2.0203e-09	2.491e-11	3.1938e-07	-3.1942e-07	-1.753e-09	1.8412e-09	-3.9800000000000004e-12	3.1944e-07	-3.1946e-07	-1.5908e-09	1.6853e-09	-2.129e-11	3.1922e-07	-3.1924e-07	-1.4115e-09	1.5341e-09	5.9200000000000014e-12	3.1938e-07	-3.1942e-07	-1.2512e-09	1.3855e-09	-6.430000000000001e-12	3.193e-07	-3.1938e-07	-1.11412e-09	1.2667e-09	-1.622e-11	3.193e-07	-3.194e-07	-9.8081e-10	1.1497999999999999e-09	-1.803e-11	3.1938e-07	-3.196e-07
0.53	-3.002e-09	3.0028e-09	-2.508e-11	3.195e-07	-3.195e-07	-2.7234e-09	2.7344e-09	2.238e-11	3.1944e-07	-3.1948e-07	-2.4682e-09	2.506e-09	-1.5180000000000003e-11	3.1942e-07	-3.1942e-07	-2.2364e-09	2.2967e-09	-2.322e-11	3.1934e-07	-3.1944e-07	-2.0348e-09	2.1109e-09	-1.343e-11	3.1934e-07	-3.1938e-07	-1.8439e-09	1.9265e-09	1.804e-11	3.1936e-07	-3.1946e-07	-1.6563e-09	1.7559e-09	-1.3680000000000001e-11	3.1924e-07	-3.1934e-07	-1.4854e-09	1.5997e-09	1.661e-11	3.1938e-07	-3.1946e-07	-1.3115e-09	1.4497e-09	-2.347e-11	3.1934e-07	-3.1942e-07	-1.1782e-09	1.3233e-09	-9.700000000000001e-12	3.1934e-07	-3.1942e-07	-1.0362e-09	1.2095e-09	1.037e-11	3.1934e-07	-3.1954e-07
0.535	-3.1347e-09	3.1313e-09	4.490000000000001e-12	3.1938e-07	-3.1944e-07	-2.839e-09	2.8592e-09	-1.58e-11	3.1948e-07	-3.194e-07	-2.5828e-09	2.6255e-09	1.059e-11	3.1944e-07	-3.1948e-07	-2.3457e-09	2.3966e-09	1.107e-11	3.1934e-07	-3.1942e-07	-2.1323e-09	2.2055e-09	-1.323e-11	3.1936e-07	-3.195e-07	-1.9232e-09	2.0138e-09	-1.51e-11	3.1936e-07	-3.1944e-07	-1.7414e-09	1.8429e-09	-1.433e-11	3.192e-07	-3.1928e-07	-1.5557e-09	1.6767e-09	-2.0880000000000003e-11	3.1938e-07	-3.1946e-07	-1.385e-09	1.5171e-09	1.7200000000000003e-11	3.1938e-07	-3.1948e-07	-1.2444e-09	1.3864e-09	1.9130000000000003e-11	3.1928e-07	-3.1938e-07	-1.091e-09	1.2615e-09	1.454e-11	3.1938e-07	-3.1952e-07
0.54	-3.2709e-09	3.2651e-09	1.2270000000000002e-11	3.1944e-07	-3.1942e-07	-2.9608e-09	2.9852e-09	-1.002e-11	3.1936e-07	-3.1936e-07	-2.6974e-09	2.7301e-09	-3.2900000000000007e-12	3.1944e-07	-3.1946e-07	-2.4491e-09	2.5034e-09	1.342e-11	3.194e-07	-3.1942e-07	-2.2349e-09	2.3052e-09	1.3700000000000002e-11	3.194e-07	-3.194e-07	-2.0125e-09	2.1023e-09	-1.269e-11	3.1944e-07	-3.1944e-07	-1.8307e-09	1.9272e-09	-5.03e-12	3.1918e-07	-3.1928e-07	-1.6333e-09	1.7556e-09	-8.390000000000001e-12	3.1934e-07	-3.1946e-07	-1.456e-09	1.5915e-09	6.830000000000001e-12	3.1934e-07	-3.1938e-07	-1.2974e-09	1.4425e-09	-2.0200000000000007e-12	3.1926e-07	-3.1938e-07	-1.1549e-09	1.3224e-09	-7.600000000000002e-13	3.1938e-07	-3.1946e-07
0.545	-3.4111e-09	3.4135e-09	-9.990000000000002e-12	3.1948e-07	-3.1946e-07	-3.0971e-09	3.1103e-09	1.637e-11	3.1938e-07	-3.1938e-07	-2.8151e-09	2.8564e-09	-2.033e-11	3.1942e-07	-3.1944e-07	-2.5601e-09	2.6215e-09	-1.138e-11	3.1944e-07	-3.1948e-07	-2.3364e-09	2.41e-09	-5.53e-12	3.1936e-07	-3.1938e-07	-2.1179e-09	2.2053e-09	1.6400000000000003e-11	3.1942e-07	-3.1946e-07	-1.9191e-09	2.008e-09	-1.5400000000000001e-12	3.193e-07	-3.1934e-07	-1.7169e-09	1.8326e-09	1.7620000000000003e-11	3.1942e-07	-3.195e-07	-1.5257e-09	1.668e-09	-1.3900000000000002e-11	3.193e-07	-3.1942e-07	-1.3631e-09	1.5194e-09	-1.387e-11	3.1922e-07	-3.194e-07	-1.2304e-09	1.3883e-09	-1.875e-11	3.1934e-07	-3.1952e-07
0.55	-3.5572e-09	3.5575e-09	7.31e-12	3.1948e-07	-3.1948e-07	-3.2275e-09	3.2483e-09	4.910000000000001e-12	3.1946e-07	-3.194e-07	-2.9424e-09	2.983e-09	7.960000000000001e-12	3.1948e-07	-3.1944e-07	-2.6756e-09	2.7296e-09	1.1860000000000002e-11	3.1942e-07	-3.1946e-07	-2.4404e-09	2.5148e-09	-5.470000000000001e-12	3.1938e-07	-3.194e-07	-2.2098e-09	2.2954e-09	-6.670000000000001e-12	3.1948e-07	-3.1944e-07	-2.0057e-09	2.097e-09	-2.3940000000000003e-11	3.192e-07	-3.1924e-07	-1.8027e-09	1.9207e-09	-5.510000000000001e-12	3.1942e-07	-3.1948e-07	-1.6106e-09	1.7419e-09	4.340000000000001e-12	3.1932e-07	-3.194e-07	-1.4395e-09	1.5928e-09	1.147e-11	3.193e-07	-3.1946e-07	-1.2996e-09	1.4555e-09	1.189e-11	3.1944e-07	-3.195e-07
0.555	-3.7124e-09	3.7043e-09	6.1600000000000004e-12	3.1954e-07	-3.1948e-07	-3.3652e-09	3.3894e-09	-1.9900000000000002e-12	3.1942e-07	-3.1946e-07	-3.0752e-09	3.1106e-09	5.200000000000001e-12	3.1932e-07	-3.1928e-07	-2.7966e-09	2.853e-09	1.4400000000000001e-12	3.1944e-07	-3.1942e-07	-2.558e-09	2.6286e-09	1.682e-11	3.1944e-07	-3.195e-07	-2.3151e-09	2.405e-09	-1.0340000000000002e-11	3.194e-07	-3.1956e-07	-2.1059e-09	2.2073e-09	-1.2500000000000001e-12	3.1932e-07	-3.1928e-07	-1.8872e-09	2.0116e-09	-3.790000000000001e-12	3.1938e-07	-3.1958e-07	-1.6913e-09	1.8245e-09	4.79e-12	3.193e-07	-3.1936e-07	-1.5109e-09	1.655e-09	6.4e-12	3.1936e-07	-3.194e-07	-1.3655e-09	1.5258e-09	5.270000000000001e-12	3.1936e-07	-3.1946e-07
0.56	-3.867e-09	3.8681e-09	-2.295e-11	3.195e-07	-3.1934e-07	-3.5184e-09	3.5273e-09	1.262e-11	3.1938e-07	-3.194e-07	-3.2049e-09	3.246e-09	-1.779e-11	3.193e-07	-3.1932e-07	-2.9193e-09	2.9752e-09	-2.451e-11	3.1944e-07	-3.1936e-07	-2.6733e-09	2.7383e-09	3.4900000000000007e-12	3.1938e-07	-3.1942e-07	-2.4267e-09	2.5141e-09	1.386e-11	3.1936e-07	-3.1944e-07	-2.2051e-09	2.3022e-09	1.142e-11	3.1932e-07	-3.1936e-07	-1.9833e-09	2.1009e-09	1.79e-11	3.1938e-07	-3.1948e-07	-1.7695e-09	1.9071e-09	-1.821e-11	3.1928e-07	-3.194e-07	-1.586e-09	1.7423e-09	-1.285e-11	3.1926e-07	-3.194e-07	-1.4337e-09	1.5922e-09	-1.943e-11	3.1942e-07	-3.1954e-07
0.565	-4.0307e-09	4.03e-09	-5.000000000000001e-12	3.1942e-07	-3.1944e-07	-3.6662e-09	3.6873e-09	4.1e-13	3.1936e-07	-3.1936e-07	-3.3534e-09	3.388e-09	6.620000000000001e-12	3.1938e-07	-3.1942e-07	-3.0571e-09	3.1085999999999998e-09	3.800000000000001e-13	3.194e-07	-3.1942e-07	-2.791e-09	2.8648e-09	-2.269e-11	3.1944e-07	-3.1952e-07	-2.5315e-09	2.6213e-09	-3.67e-12	3.1942e-07	-3.1952e-07	-2.3012e-09	2.3898e-09	-3.07e-12	3.1924e-07	-3.1934e-07	-2.0767e-09	2.1949e-09	-7.06e-12	3.1942e-07	-3.194e-07	-1.8691e-09	1.9988e-09	9.280000000000001e-12	3.1936e-07	-3.194e-07	-1.6774e-09	1.8264e-09	1.28e-11	3.1932e-07	-3.1948e-07	-1.5155e-09	1.6731e-09	1.063e-11	3.1936e-07	-3.1952e-07
0.57	-4.2046e-09	4.1983e-09	2.3390000000000003e-11	3.195e-07	-3.1946e-07	-3.8221e-09	3.8411e-09	-1.364e-11	3.194e-07	-3.194e-07	-3.496e-09	3.5329e-09	9.71e-12	3.1942e-07	-3.1942e-07	-3.1902e-09	3.2428e-09	2.0970000000000003e-11	3.1936e-07	-3.1942e-07	-2.9185e-09	2.9876e-09	1.537e-11	3.1948e-07	-3.1952e-07	-2.6507e-09	2.7395e-09	-2.52e-11	3.1938e-07	-3.1948e-07	-2.4152e-09	2.5186e-09	-5.4000000000000004e-12	3.193e-07	-3.1936e-07	-2.1722e-09	2.2955e-09	-2.864e-11	3.1944e-07	-3.1948e-07	-1.9617e-09	2.0873e-09	2.287e-11	3.1926e-07	-3.1936e-07	-1.7638e-09	1.8986e-09	1.181e-11	3.1938e-07	-3.1952e-07	-1.5946e-09	1.7513e-09	8.54e-12	3.193e-07	-3.1948e-07
0.575	-4.3847e-09	4.3807e-09	-4.900000000000001e-12	3.1946e-07	-3.1952e-07	-3.9896e-09	4.0056e-09	1.861e-11	3.1948e-07	-3.1936e-07	-3.6479e-09	3.6794e-09	-2.417e-11	3.194e-07	-3.194e-07	-3.3253e-09	3.3801e-09	-1.091e-11	3.1932e-07	-3.194e-07	-3.05e-09	3.1203e-09	1.06e-11	3.1944e-07	-3.195e-07	-2.7751e-09	2.8637e-09	8.76e-12	3.1942e-07	-3.1954e-07	-2.5208e-09	2.6151e-09	5.150000000000001e-12	3.1926e-07	-3.1924e-07	-2.2762e-09	2.3955e-09	1.4310000000000002e-11	3.1948e-07	-3.1954e-07	-2.0524e-09	2.1786e-09	-1.7490000000000002e-11	3.193e-07	-3.1934e-07	-1.8375e-09	1.9929e-09	-2.06e-11	3.1938e-07	-3.1952e-07	-1.6662e-09	1.8281e-09	-1.8930000000000003e-11	3.1934e-07	-3.1946e-07
0.58	-4.5682e-09	4.5636e-09	-7.480000000000001e-12	3.1954e-07	-3.1958e-07	-4.1584e-09	4.1843e-09	1.301e-11	3.1942e-07	-3.1936e-07	-3.803e-09	3.8438e-09	-4.27e-12	3.1936e-07	-3.1938e-07	-3.4796e-09	3.5253e-09	-1.062e-11	3.1938e-07	-3.1942e-07	-3.1816e-09	3.2546e-09	-1.936e-11	3.1942e-07	-3.1948e-07	-2.9018e-09	2.9808e-09	4.42e-12	3.1946e-07	-3.1948e-07	-2.6347e-09	2.7261e-09	-7.150000000000001e-12	3.1926e-07	-3.1926e-07	-2.3851e-09	2.5053e-09	1.49e-11	3.1942e-07	-3.1952e-07	-2.1486e-09	2.2797e-09	-4.26e-12	3.1932e-07	-3.194e-07	-1.9305e-09	2.0875e-09	-1.36e-12	3.194e-07	-3.1952e-07	-1.7529e-09	1.9172e-09	3.4e-13	3.1936e-07	-3.196e-07
0.585	-4.7593e-09	4.7575e-09	1.109e-11	3.1944e-07	-3.1942e-07	-4.333e-09	4.3586e-09	-1.375e-11	3.1942e-07	-3.1946e-07	-3.9706e-09	4.0069e-09	1.333e-11	3.1936e-07	-3.1932e-07	-3.6365e-09	3.6821e-09	1.2980000000000002e-11	3.1938e-07	-3.1934e-07	-3.3268e-09	3.3987e-09	3.35e-12	3.1944e-07	-3.1952e-07	-3.0223e-09	3.1093e-09	-1.5050000000000002e-11	3.1934e-07	-3.1952e-07	-2.7585e-09	2.8579e-09	2.37e-12	3.1918e-07	-3.1934e-07	-2.4929e-09	2.6206e-09	-1.078e-11	3.194e-07	-3.1954e-07	-2.251e-09	2.383e-09	1.71e-11	3.1932e-07	-3.1938e-07	-2.0264e-09	2.1736e-09	1.139e-11	3.1942e-07	-3.1948e-07	-1.8435e-09	2.0016e-09	1.326e-11	3.193e-07	-3.195e-07
0.59	-4.9533e-09	4.9577e-09	-1.386e-11	3.1942e-07	-3.1934e-07	-4.516e-09	4.5358e-09	7.180000000000001e-12	3.1948e-07	-3.1942e-07	-4.133e-09	4.1711e-09	-1.445e-11	3.1936e-07	-3.1932e-07	-3.7789e-09	3.8351e-09	-1.233e-11	3.1932e-07	-3.1936e-07	-3.4684e-09	3.5362e-09	1.234e-11	3.1944e-07	-3.1946e-07	-3.1603e-09	3.2507e-09	1.107e-11	3.1934e-07	-3.1942e-07	-2.881e-09	2.9822e-09	2.7050000000000003e-11	3.1924e-07	-3.1928e-07	-2.6118e-09	2.727e-09	1.071e-11	3.1946e-07	-3.1952e-07	-2.3495e-09	2.49e-09	-8.43e-12	3.1932e-07	-3.194e-07	-2.1206e-09	2.2779e-09	-1.179e-11	3.1936e-07	-3.195e-07	-1.929e-09	2.0911e-09	-1.331e-11	3.1934e-07	-3.1952e-07
0.595	-5.1647e-09	5.1661e-09	-9.07e-12	3.1946e-07	-3.1942e-07	-4.7155e-09	4.7358e-09	2.5600000000000004e-12	3.1944e-07	-3.1934e-07	-4.3188e-09	4.3519e-09	-9.800000000000001e-12	3.1936e-07	-3.1936e-07	-3.9459e-09	3.9964e-09	-4.550000000000001e-12	3.1938e-07	-3.1946e-07	-3.6207e-09	3.6935e-09	-1.2170000000000002e-11	3.1942e-07	-3.1948e-07	-3.3059e-09	3.3892e-09	8.16e-12	3.1942e-07	-3.1952e-07	-3.011e-09	3.0998e-09	-1.83e-12	3.193e-07	-3.1938e-07	-2.7362e-09	2.8545e-09	7.690000000000001e-12	3.1942e-07	-3.1952e-07	-2.4622e-09	2.5983e-09	-6.91e-12	3.1944e-07	-3.1948e-07	-2.2232e-09	2.3828e-09	-6.990000000000001e-12	3.1936e-07	-3.1948e-07	-2.0293e-09	2.1906e-09	-3.15e-12	3.1938e-07	-3.1952e-07
0.6	-5.3821e-09	5.3821e-09	2.477e-11	3.1938e-07	-3.1946e-07	-4.9038e-09	4.9273e-09	-1.581e-11	3.194e-07	-3.1942e-07	-4.502e-09	4.5381e-09	1.4100000000000002e-11	3.1932e-07	-3.1932e-07	-4.1157e-09	4.1722e-09	2.09e-11	3.1942e-07	-3.1946e-07	-3.7746e-09	3.848e-09	3.780000000000001e-12	3.194e-07	-3.1948e-07	-3.441e-09	3.5283e-09	-2.2790000000000003e-11	3.1932e-07	-3.194e-07	-3.1449e-09	3.2436e-09	-2.5800000000000003e-12	3.192e-07	-3.1936e-07	-2.854e-09	2.9777e-09	-2.4230000000000003e-11	3.1938e-07	-3.1952e-07	-2.5801e-09	2.7201e-09	1.786e-11	3.1942e-07	-3.1948e-07	-2.3286e-09	2.4806e-09	2.076e-11	3.1938e-07	-3.195e-07	-2.1288e-09	2.289e-09	1.551e-11	3.1942e-07	-3.1948e-07
0.605	-5.6042e-09	5.6036e-09	5.320000000000001e-12	3.195e-07	-3.1942e-07	-5.1193e-09	5.1311e-09	8.26e-12	3.1942e-07	-3.1946e-07	-4.69e-09	4.725e-09	-7.62e-12	3.193e-07	-3.1928e-07	-4.2936e-09	4.3439e-09	-4.43e-12	3.1938e-07	-3.1938e-07	-3.9435e-09	4.0187e-09	2.947e-11	3.1944e-07	-3.1948e-07	-3.5971e-09	3.6887e-09	-3.4900000000000007e-12	3.1942e-07	-3.1948e-07	-3.295e-09	3.3936e-09	1.09e-11	3.193e-07	-3.1938e-07	-2.9919e-09	3.1053e-09	2.9e-12	3.1944e-07	-3.1958e-07	-2.6942e-09	2.8329e-09	-9.13e-12	3.1938e-07	-3.1942e-07	-2.4453e-09	2.597e-09	-1.015e-11	3.193e-07	-3.1938e-07	-2.2314e-09	2.3874e-09	-1.5250000000000002e-11	3.1932e-07	-3.1952e-07
0.61	-5.8344e-09	5.8346e-09	-1.4000000000000002e-11	3.1946e-07	-3.1944e-07	-5.3232e-09	5.346e-09	1.252e-11	3.1936e-07	-3.193e-07	-4.884e-09	4.9235e-09	-1.571e-11	3.1938e-07	-3.1942e-07	-4.4658e-09	4.5278e-09	-1.754e-11	3.1944e-07	-3.1942e-07	-4.1132e-09	4.1873e-09	-1.2880000000000002e-11	3.1936e-07	-3.1938e-07	-3.753e-09	3.8442e-09	2.025e-11	3.194e-07	-3.1948e-07	-3.4236e-09	3.5223e-09	-4.23e-12	3.1936e-07	-3.1936e-07	-3.1229e-09	3.2407e-09	2.366e-11	3.1938e-07	-3.1948e-07	-2.8197e-09	2.9537e-09	-2.66e-11	3.1942e-07	-3.1952e-07	-2.5542e-09	2.7104e-09	-1.7850000000000002e-11	3.1934e-07	-3.1954e-07	-2.3353e-09	2.4979e-09	-1.264e-11	3.1946e-07	-3.1952e-07
0.615	-6.0853e-09	6.0833e-09	1.073e-11	3.194e-07	-3.1946e-07	-5.5461e-09	5.5604e-09	-1.109e-11	3.1938e-07	-3.1942e-07	-5.0959e-09	5.1345e-09	1.982e-11	3.194e-07	-3.1938e-07	-4.6678e-09	4.7187e-09	9.56e-12	3.1948e-07	-3.1948e-07	-4.2918e-09	4.3604e-09	-1.988e-11	3.1938e-07	-3.1946e-07	-3.921e-09	4.0104e-09	-8.14e-12	3.1946e-07	-3.1946e-07	-3.5762e-09	3.6836e-09	-4.33e-12	3.194e-07	-3.1944e-07	-3.259e-09	3.3799e-09	-3.790000000000001e-12	3.1942e-07	-3.1952e-07	-2.9524e-09	3.0939e-09	1.443e-11	3.1936e-07	-3.195e-07	-2.6799e-09	2.832e-09	1.245e-11	3.1936e-07	-3.1948e-07	-2.4528e-09	2.6101e-09	1.513e-11	3.1942e-07	-3.1954e-07
0.62	-6.3317e-09	6.3366e-09	5.910000000000001e-12	3.1942e-07	-3.1934e-07	-5.7869e-09	5.8074e-09	-7.02e-12	3.1944e-07	-3.194e-07	-5.3023e-09	5.3429e-09	1.23e-12	3.1936e-07	-3.1938e-07	-4.8843e-09	4.9428e-09	3.600000000000001e-13	3.1936e-07	-3.194e-07	-4.4764999999999996e-09	4.5494e-09	1.3290000000000002e-11	3.1932e-07	-3.1942e-07	-4.0885e-09	4.181e-09	-3.0400000000000004e-12	3.1938e-07	-3.1944e-07	-3.7414e-09	3.8425e-09	1.859e-11	3.1936e-07	-3.1938e-07	-3.4135e-09	3.5302e-09	-6.3e-13	3.1932e-07	-3.195e-07	-3.088e-09	3.2214e-09	4.240000000000001e-12	3.1936e-07	-3.194e-07	-2.8027e-09	2.9547e-09	2.92e-12	3.194e-07	-3.1952e-07	-2.5633e-09	2.7214e-09	2.9e-12	3.1942e-07	-3.1948e-07
0.625	-6.5846e-09	6.5848e-09	-1.371e-11	3.1944e-07	-3.1946e-07	-6.0311e-09	6.0576e-09	1.241e-11	3.194e-07	-3.1942e-07	-5.5274e-09	5.5689e-09	-1.861e-11	3.1938e-07	-3.194e-07	-5.0642e-09	5.1254e-09	-9.14e-12	3.1932e-07	-3.194e-07	-4.6668e-09	4.745e-09	-4.21e-12	3.1942e-07	-3.1946e-07	-4.2719e-09	4.3513e-09	2.1e-11	3.1934e-07	-3.194e-07	-3.9020999999999996e-09	4.0138e-09	2.2700000000000002e-12	3.1934e-07	-3.194e-07	-3.5678e-09	3.6818e-09	1.927e-11	3.1938e-07	-3.1946e-07	-3.2233e-09	3.3578e-09	-1.281e-11	3.1934e-07	-3.195e-07	-2.9322e-09	3.0864e-09	-1.5960000000000002e-11	3.1938e-07	-3.195e-07	-2.6816e-09	2.8439e-09	-1.427e-11	3.194e-07	-3.1954e-07
0.63	-6.8611e-09	6.8509e-09	1.6760000000000002e-11	3.1948e-07	-3.1946e-07	-6.2826e-09	6.297e-09	-1.0740000000000001e-11	3.1936e-07	-3.1936e-07	-5.7593e-09	5.7973e-09	4.98e-12	3.1936e-07	-3.194e-07	-5.2823e-09	5.3459e-09	1.754e-11	3.1942e-07	-3.1948e-07	-4.8624e-09	4.9327e-09	-9.72e-12	3.1942e-07	-3.1946e-07	-4.4493e-09	4.5344e-09	-1.179e-11	3.1938e-07	-3.1942e-07	-4.071e-09	4.1676e-09	-1.764e-11	3.1934e-07	-3.1944e-07	-3.7139e-09	3.8323e-09	-9.07e-12	3.1938e-07	-3.1938e-07	-3.3743e-09	3.5088e-09	1.051e-11	3.1926e-07	-3.1938e-07	-3.0676e-09	3.2169e-09	9.17e-12	3.1936e-07	-3.1952e-07	-2.811e-09	2.9698e-09	1.1550000000000001e-11	3.1944e-07	-3.1952e-07
0.635	-7.1471e-09	7.1395e-09	7.49e-12	3.1942e-07	-3.194e-07	-6.5458e-09	6.5637e-09	-6.740000000000001e-12	3.1948e-07	-3.1946e-07	-6.0059e-09	6.043e-09	8.070000000000001e-12	3.1936e-07	-3.1924e-07	-5.5082e-09	5.5616e-09	2.9300000000000002e-12	3.1936e-07	-3.1944e-07	-5.0737e-09	5.1444e-09	1.628e-11	3.1948e-07	-3.1954e-07	-4.6418e-09	4.7309e-09	-1.3e-11	3.1936e-07	-3.1942e-07	-4.2517e-09	4.356e-09	-1.2500000000000001e-12	3.1926e-07	-3.194e-07	-3.8811e-09	3.9988e-09	-1.568e-11	3.1936e-07	-3.1946e-07	-3.524e-09	3.6608e-09	1.016e-11	3.1932e-07	-3.1938e-07	-3.2063e-09	3.358e-09	7.240000000000001e-12	3.193e-07	-3.1942e-07	-2.9384e-09	3.0935e-09	1.158e-11	3.1938e-07	-3.1954e-07
0.64	-7.4512e-09	7.4532e-09	-2.246e-11	3.1936e-07	-3.1938e-07	-6.821e-09	6.8411e-09	1.066e-11	3.1944e-07	-3.194e-07	-6.248e-09	6.293e-09	-1.575e-11	3.1932e-07	-3.1934e-07	-5.7358e-09	5.793e-09	-2.5470000000000004e-11	3.1942e-07	-3.1944e-07	-5.2877e-09	5.3593e-09	4.17e-12	3.1948e-07	-3.1942e-07	-4.8403e-09	4.926e-09	2.001e-11	3.1938e-07	-3.1942e-07	-4.4279e-09	4.5441e-09	-7.1400000000000015e-12	3.1924e-07	-3.1934e-07	-4.0577e-09	4.1748e-09	1.004e-11	3.1946e-07	-3.1946e-07	-3.6769e-09	3.8149e-09	-2.0440000000000003e-11	3.1928e-07	-3.1942e-07	-3.3449e-09	3.5016e-09	-2.3700000000000003e-11	3.193e-07	-3.194e-07	-3.0734e-09	3.2298e-09	-1.8310000000000003e-11	3.1938e-07	-3.1956e-07
0.645	-7.7554e-09	7.7616e-09	2.62e-12	3.1948e-07	-3.1942e-07	-7.1014e-09	7.1179e-09	-7.21e-12	3.1944e-07	-3.1936e-07	-6.5188e-09	6.5576e-09	9.49e-12	3.1932e-07	-3.1936e-07	-5.9792e-09	6.0383e-09	8.900000000000001e-12	3.1948e-07	-3.1936e-07	-5.5109e-09	5.5815e-09	-2.67e-11	3.1936e-07	-3.1932e-07	-5.0465e-09	5.1317e-09	4.12e-12	3.1932e-07	-3.194e-07	-4.6183e-09	4.7251e-09	-3.289e-11	3.1936e-07	-3.1934e-07	-4.2265e-09	4.3481e-09	1.5600000000000002e-12	3.193e-07	-3.1946e-07	-3.8479e-09	3.9806e-09	-4.2000000000000003e-13	3.1932e-07	-3.1942e-07	-3.4973e-09	3.6504e-09	6.980000000000001e-12	3.1934e-07	-3.1942e-07	-3.2129e-09	3.3764e-09	5.780000000000001e-12	3.1934e-07	-3.1952e-07
0.65	-8.08e-09	8.0752e-09	2.1190000000000003e-11	3.1942e-07	-3.1942e-07	-7.4014e-09	7.4148e-09	-6.440000000000001e-12	3.1936e-07	-3.194e-07	-6.7977e-09	6.8246e-09	1.5520000000000002e-11	3.194e-07	-3.1936e-07	-6.2319e-09	6.289e-09	1.317e-11	3.1936e-07	-3.1946e-07	-5.7457e-09	5.8114e-09	7.32e-12	3.1942e-07	-3.1946e-07	-5.2584e-09	5.3457e-09	-2.1150000000000003e-11	3.1932e-07	-3.1944e-07	-4.8273e-09	4.9318e-09	1.723e-11	3.1932e-07	-3.1934e-07	-4.4074e-09	4.5244e-09	-1.0640000000000002e-11	3.1938e-07	-3.1942e-07	-4.0165e-09	4.151e-09	1.622e-11	3.193e-07	-3.1948e-07	-3.6585e-09	3.8094e-09	1.489e-11	3.1944e-07	-3.195e-07	-3.3617e-09	3.5138e-09	1.659e-11	3.1932e-07	-3.1946e-07
0.655	-8.4008e-09	8.4e-09	-8.780000000000001e-12	3.194e-07	-3.194e-07	-7.7039e-09	7.7268e-09	1.879e-11	3.1938e-07	-3.1934e-07	-7.0675e-09	7.098e-09	-1.857e-11	3.1932e-07	-3.1934e-07	-6.4839e-09	6.5394e-09	-1.018e-11	3.1942e-07	-3.1942e-07	-5.9883e-09	6.0619e-09	1.712e-11	3.1936e-07	-3.194e-07	-5.4846e-09	5.5681e-09	8.84e-12	3.1942e-07	-3.1944e-07	-5.0345e-09	5.1275e-09	3.402e-11	3.1936e-07	-3.194e-07	-4.5991e-09	4.722e-09	1.366e-11	3.1942e-07	-3.1944e-07	-4.1865e-09	4.319e-09	-1.661e-11	3.1932e-07	-3.1938e-07	-3.8163e-09	3.9724e-09	-1.173e-11	3.1924e-07	-3.194e-07	-3.5062e-09	3.6664e-09	-1.6470000000000002e-11	3.1942e-07	-3.1946e-07
0.66	-8.7534e-09	8.7524e-09	2.1000000000000003e-12	3.1944e-07	-3.1948e-07	-8.0205e-09	8.0299e-09	2.77e-12	3.1946e-07	-3.1944e-07	-7.3601e-09	7.3971e-09	-3.5900000000000007e-12	3.1938e-07	-3.1942e-07	-6.7573e-09	6.8113e-09	1.51e-12	3.1938e-07	-3.1944e-07	-6.2346e-09	6.3015e-09	-1.284e-11	3.1928e-07	-3.1942e-07	-5.7134e-09	5.7992e-09	5.320000000000001e-12	3.1936e-07	-3.194e-07	-5.2417e-09	5.3437e-09	9.890000000000002e-12	3.1938e-07	-3.1946e-07	-4.8052e-09	4.9191e-09	7.100000000000001e-12	3.1928e-07	-3.1942e-07	-4.3706e-09	4.5048e-09	-2.54e-12	3.1936e-07	-3.1948e-07	-3.9933e-09	4.142e-09	-1.26e-12	3.193e-07	-3.1936e-07	-3.6653e-09	3.8312e-09	-1.65e-12	3.1948e-07	-3.196e-07
0.665	-9.115e-09	9.1155e-09	9.95e-12	3.1956e-07	-3.194e-07	-8.3541e-09	8.3722e-09	-1.5760000000000002e-11	3.1944e-07	-3.1942e-07	-7.6644e-09	7.7009e-09	1.6230000000000002e-11	3.1932e-07	-3.1934e-07	-7.038e-09	7.0875e-09	8.52e-12	3.1942e-07	-3.194e-07	-6.4938e-09	6.5685e-09	-2.5e-13	3.193e-07	-3.1942e-07	-5.9518e-09	6.0471e-09	-2.103e-11	3.1936e-07	-3.1942e-07	-5.4556e-09	5.5756e-09	1.27e-12	3.1934e-07	-3.1942e-07	-5.0076e-09	5.1187e-09	-1.832e-11	3.1932e-07	-3.194e-07	-4.5639e-09	4.6936e-09	1.588e-11	3.193e-07	-3.1942e-07	-4.1689e-09	4.3236e-09	1.2070000000000002e-11	3.1942e-07	-3.1946e-07	-3.833e-09	3.9912e-09	1.86e-11	3.1944e-07	-3.1952e-07
0.67	-9.4863e-09	9.4876e-09	-2.013e-11	3.1954e-07	-3.1942e-07	-8.7036e-09	8.7285e-09	9.53e-12	3.1942e-07	-3.194e-07	-7.9816e-09	8.0209e-09	-8.85e-12	3.194e-07	-3.1938e-07	-7.3391e-09	7.3885e-09	-2.3230000000000003e-11	3.1944e-07	-3.194e-07	-6.7674e-09	6.8435e-09	1.27e-11	3.1936e-07	-3.1938e-07	-6.1934e-09	6.2756e-09	8.53e-12	3.1948e-07	-3.195e-07	-5.6947e-09	5.7961e-09	2.322e-11	3.193e-07	-3.1936e-07	-5.2266e-09	5.3454e-09	4.500000000000001e-13	3.1936e-07	-3.1944e-07	-4.7544e-09	4.8911e-09	-9.05e-12	3.1926e-07	-3.1942e-07	-4.3471e-09	4.5041e-09	-1.183e-11	3.1932e-07	-3.194e-07	-3.9968e-09	4.1565e-09	-8.66e-12	3.1936e-07	-3.1954e-07
0.675	-9.8672e-09	9.8712e-09	-4.910000000000001e-12	3.1958e-07	-3.1946e-07	-9.0672e-09	9.0793e-09	3.1400000000000004e-12	3.1942e-07	-3.1938e-07	-8.3002e-09	8.3397e-09	-2.7300000000000007e-12	3.1934e-07	-3.1942e-07	-7.6445e-09	7.6977e-09	2.2700000000000002e-12	3.1934e-07	-3.194e-07	-7.0432e-09	7.1108e-09	-1.6650000000000002e-11	3.1934e-07	-3.1938e-07	-6.4761e-09	6.5545e-09	1.51e-11	3.1942e-07	-3.1946e-07	-5.9447e-09	6.0439e-09	2.05e-11	3.1932e-07	-3.1944e-07	-5.4528e-09	5.5631e-09	1.271e-11	3.1932e-07	-3.1938e-07	-4.9609e-09	5.1007e-09	-8.31e-12	3.1924e-07	-3.1944e-07	-4.5365e-09	4.6892e-09	-5.75e-12	3.1932e-07	-3.1948e-07	-4.1772e-09	4.3341e-09	-1.066e-11	3.1938e-07	-3.1946e-07
0.68	-1.03062e-08	1.0303e-08	1.886e-11	3.1954e-07	-3.1952e-07	-9.437e-09	9.4739e-09	-1.633e-11	3.1938e-07	-3.1942e-07	-8.6597e-09	8.6928e-09	1.203e-11	3.1938e-07	-3.194e-07	-7.9703e-09	8.02e-09	2.7540000000000003e-11	3.1936e-07	-3.194e-07	-7.343e-09	7.4131e-09	-8.55e-12	3.194e-07	-3.1946e-07	-6.743e-09	6.8346e-09	-1.697e-11	3.1936e-07	-3.1942e-07	-6.1782e-09	6.2957e-09	3.85e-12	3.193e-07	-3.1944e-07	-5.6827e-09	5.7923e-09	-1.551e-11	3.193e-07	-3.1944e-07	-5.1778e-09	5.309e-09	1.861e-11	3.1938e-07	-3.1942e-07	-4.7391e-09	4.8906e-09	2.297e-11	3.1934e-07	-3.1952e-07	-4.3607e-09	4.5202e-09	2.345e-11	3.1932e-07	-3.1948e-07
0.685	-1.07223e-08	1.07106e-08	-1.64e-12	3.1952e-07	-3.1948e-07	-9.8245e-09	9.848e-09	1.3800000000000002e-11	3.1942e-07	-3.1942e-07	-9.0251e-09	9.0569e-09	-9.58e-12	3.1934e-07	-3.1928e-07	-8.3029e-09	8.356e-09	-5.79e-12	3.1932e-07	-3.1942e-07	-7.6603e-09	7.7332e-09	2.318e-11	3.195e-07	-3.1948e-07	-7.0279e-09	7.1158e-09	-3.13e-12	3.1942e-07	-3.1942e-07	-6.4476e-09	6.5428e-09	1.02e-11	3.1938e-07	-3.1946e-07	-5.9255e-09	6.0352e-09	-3.46e-12	3.1932e-07	-3.195e-07	-5.389e-09	5.5275e-09	-5.000000000000001e-12	3.1934e-07	-3.194e-07	-4.945e-09	5.0958e-09	-1.076e-11	3.1928e-07	-3.194e-07	-4.5472e-09	4.7069e-09	-6.270000000000001e-12	3.193e-07	-3.1946e-07
0.69	-1.11675e-08	1.11771e-08	-1.6960000000000002e-11	3.195e-07	-3.195e-07	-1.02347e-08	1.0252e-08	5.860000000000001e-12	3.1942e-07	-3.1936e-07	-9.4066e-09	9.4536e-09	-1.113e-11	3.1936e-07	-3.1936e-07	-8.6423e-09	8.7034e-09	-4.290000000000001e-12	3.1942e-07	-3.1948e-07	-7.9827e-09	8.0503e-09	-5.420000000000001e-12	3.1944e-07	-3.194e-07	-7.3257e-09	7.4075e-09	1.7450000000000002e-11	3.1936e-07	-3.1942e-07	-6.7155e-09	6.8159e-09	-9.17e-12	3.1934e-07	-3.1936e-07	-6.1753e-09	6.2872e-09	1.4210000000000002e-11	3.1936e-07	-3.1944e-07	-5.6243e-09	5.7658e-09	-9.43e-12	3.193e-07	-3.1942e-07	-5.1601e-09	5.312e-09	-1.1760000000000002e-11	3.1932e-07	-3.1946e-07	-4.7427e-09	4.9029e-09	-1.7690000000000002e-11	3.1932e-07	-3.1948e-07
0.695	-1.16046e-08	1.16584e-08	1.175e-11	3.1946e-07	-3.1946e-07	-1.06468e-08	1.06772e-08	-2.406e-11	3.1938e-07	-3.1938e-07	-9.802e-09	9.8179e-09	2.7290000000000003e-11	3.1944e-07	-3.1942e-07	-9.0055e-09	9.0541e-09	1.46e-11	3.1936e-07	-3.194e-07	-8.3105e-09	8.3823e-09	-1.542e-11	3.1946e-07	-3.195e-07	-7.6249e-09	7.7169e-09	-1.2260000000000001e-11	3.1934e-07	-3.1938e-07	-6.9984e-09	7.1009e-09	7.600000000000002e-13	3.1932e-07	-3.1938e-07	-6.4429e-09	6.5604e-09	-1.213e-11	3.1928e-07	-3.1938e-07	-5.8719e-09	6.0112e-09	4.290000000000001e-12	3.1926e-07	-3.1942e-07	-5.3922e-09	5.5327e-09	1.061e-11	3.1934e-07	-3.1946e-07	-4.9561e-09	5.1145e-09	1.7090000000000003e-11	3.1934e-07	-3.1942e-07
0.7	-1.20958e-08	1.21414e-08	-3.0300000000000002e-12	3.194e-07	-3.1938e-07	-1.11048e-08	1.11239e-08	-5.89e-12	3.1938e-07	-3.1942e-07	-1.01939e-08	1.02247e-08	5.930000000000001e-12	3.1938e-07	-3.1934e-07	-9.3773e-09	9.4343e-09	-8.55e-12	3.1936e-07	-3.1934e-07	-8.6667e-09	8.7405e-09	1.2160000000000002e-11	3.1936e-07	-3.1946e-07	-7.9459e-09	8.0304e-09	-2.09e-12	3.1932e-07	-3.1946e-07	-7.3141e-09	7.4024e-09	2.79e-11	3.1932e-07	-3.1946e-07	-6.7079e-09	6.8205e-09	-1.621e-11	3.1926e-07	-3.1942e-07	-6.1228e-09	6.2408e-09	-2.09e-12	3.193e-07	-3.1934e-07	-5.6108e-09	5.7578e-09	-4.5400000000000004e-12	3.1926e-07	-3.1942e-07	-5.17e-09	5.3286e-09	1.002e-11	3.1936e-07	-3.1946e-07
0.705	-1.2592399999999998e-08	1.2644999999999998e-08	-1.173e-11	3.195e-07	-3.1946e-07	-1.15414e-08	1.1616399999999998e-08	2.424e-11	3.1944e-07	-3.1938e-07	-1.06303e-08	1.06673e-08	-1.8440000000000003e-11	3.194e-07	-3.1942e-07	-9.7717e-09	9.8267e-09	-6.280000000000001e-12	3.1936e-07	-3.1942e-07	-9.0153e-09	9.0855e-09	-1.04e-12	3.1942e-07	-3.1942e-07	-8.2783e-09	8.3623e-09	1.981e-11	3.194e-07	-3.1944e-07	-7.6166e-09	7.7057e-09	8.800000000000001e-12	3.1932e-07	-3.1934e-07	-7.0011e-09	7.1003e-09	-3.2000000000000005e-13	3.194e-07	-3.1946e-07	-6.3806e-09	6.5103e-09	-1.948e-11	3.1924e-07	-3.1934e-07	-5.8387e-09	5.9887e-09	-7.960000000000001e-12	3.193e-07	-3.195e-07	-5.3886e-09	5.549e-09	-1.422e-11	3.1932e-07	-3.195e-07
0.71	-1.3121999999999998e-08	1.3165e-08	1.635e-11	3.1944e-07	-3.1938e-07	-1.20334e-08	1.2104999999999998e-08	-1.88e-11	3.1938e-07	-3.1936e-07	-1.10798e-08	1.11275e-08	5.74e-12	3.194e-07	-3.1942e-07	-1.01869e-08	1.02416e-08	2.5360000000000003e-11	3.1942e-07	-3.1938e-07	-9.4039e-09	9.4727e-09	-1.119e-11	3.1938e-07	-3.1956e-07	-8.6251e-09	8.7148e-09	-9.17e-12	3.1934e-07	-3.1944e-07	-7.9402e-09	8.0362e-09	-7.51e-12	3.192e-07	-3.1932e-07	-7.2891e-09	7.4026e-09	-2.344e-11	3.1944e-07	-3.1948e-07	-6.6536e-09	6.7851e-09	1.56e-11	3.1938e-07	-3.1944e-07	-6.1052e-09	6.2616e-09	1.713e-11	3.193e-07	-3.1946e-07	-5.6291e-09	5.7826e-09	8.74e-12	3.1942e-07	-3.1952e-07
0.715	-1.36758e-08	1.37314e-08	-9.85e-12	3.194e-07	-3.1936e-07	-1.2524e-08	1.25968e-08	4.56e-12	3.1946e-07	-3.1942e-07	-1.1512e-08	1.1611999999999998e-08	2.416e-11	3.1942e-07	-3.1934e-07	-1.06045e-08	1.06537e-08	4e-12	3.1938e-07	-3.1944e-07	-9.7913e-09	9.8665e-09	2.2610000000000003e-11	3.1942e-07	-3.196e-07	-8.9816e-09	9.0706e-09	-9.92e-12	3.1944e-07	-3.1946e-07	-8.2673e-09	8.3646e-09	2.8e-13	3.1926e-07	-3.1934e-07	-7.5936e-09	7.7094e-09	-1.6580000000000002e-11	3.1936e-07	-3.195e-07	-6.9326e-09	7.0568e-09	2.6760000000000003e-11	3.1932e-07	-3.194e-07	-6.3646e-09	6.5123e-09	2.01e-12	3.1938e-07	-3.1948e-07	-5.865e-09	6.0231e-09	9.73e-12	3.1932e-07	-3.194e-07
0.72	-1.42538e-08	1.4310199999999998e-08	-8.94e-12	3.1942e-07	-3.1934e-07	-1.30638e-08	1.31408e-08	1.058e-11	3.1938e-07	-3.1936e-07	-1.20094e-08	1.20952e-08	-2.418e-11	3.1942e-07	-3.1942e-07	-1.10445e-08	1.10967e-08	-1.909e-11	3.1938e-07	-3.1942e-07	-1.02059e-08	1.02685e-08	7.570000000000003e-12	3.1946e-07	-3.1942e-07	-9.3584e-09	9.4445e-09	1.499e-11	3.1936e-07	-3.1934e-07	-8.6145e-09	8.7068e-09	1.21e-12	3.1924e-07	-3.1924e-07	-7.9187e-09	8.0233e-09	2.242e-11	3.1942e-07	-3.196e-07	-7.2375e-09	7.3632e-09	-1.077e-11	3.1934e-07	-3.1942e-07	-6.6306e-09	6.7787e-09	-2.538e-11	3.1938e-07	-3.1942e-07	-6.1122e-09	6.2728e-09	-2.8270000000000003e-11	3.1934e-07	-3.1944e-07
0.725	-1.4854999999999998e-08	1.4885599999999998e-08	1.911e-11	3.1942e-07	-3.1936e-07	-1.3612799999999998e-08	1.3673799999999998e-08	-1.383e-11	3.1948e-07	-3.1936e-07	-1.25022e-08	1.2598799999999998e-08	1.624e-11	3.193e-07	-3.1946e-07	-1.14948e-08	1.16062e-08	1.098e-11	3.194e-07	-3.1946e-07	-1.06183e-08	1.06885e-08	-2.0350000000000003e-11	3.1934e-07	-3.1946e-07	-9.7422e-09	9.8338e-09	-3.3900000000000007e-12	3.193e-07	-3.1934e-07	-8.9699e-09	9.0729e-09	-1.867e-11	3.192e-07	-3.1924e-07	-8.2415e-09	8.362e-09	6.570000000000001e-12	3.1944e-07	-3.195e-07	-7.542e-09	7.6661e-09	3.96e-12	3.1938e-07	-3.1948e-07	-6.9131e-09	7.072e-09	1.006e-11	3.1934e-07	-3.1946e-07	-6.3777e-09	6.5351e-09	-2.51e-12	3.1936e-07	-3.1946e-07
0.73	-1.5477199999999998e-08	1.55224e-08	-2.888e-11	3.1942e-07	-3.1942e-07	-1.41514e-08	1.4223399999999998e-08	1.61e-11	3.1942e-07	-3.194e-07	-1.3043799999999998e-08	1.31204e-08	-1.3300000000000002e-12	3.194e-07	-3.1944e-07	-1.1980599999999998e-08	1.2088199999999998e-08	1.1100000000000001e-12	3.1928e-07	-3.194e-07	-1.10658e-08	1.11426e-08	5.43e-12	3.1942e-07	-3.1948e-07	-1.01625e-08	1.0248e-08	-1.561e-11	3.1936e-07	-3.1946e-07	-9.3486e-09	9.4467e-09	1.448e-11	3.1924e-07	-3.1936e-07	-8.6005e-09	8.7028e-09	-1.859e-11	3.1938e-07	-3.1952e-07	-7.8579e-09	7.9841e-09	-7.400000000000001e-13	3.1934e-07	-3.193e-07	-7.2126e-09	7.3548e-09	1.192e-11	3.1936e-07	-3.1948e-07	-6.6521e-09	6.8129e-09	1.4870000000000003e-11	3.1938e-07	-3.1948e-07
0.735	-1.6121199999999997e-08	1.6169799999999998e-08	2.1970000000000003e-11	3.1946e-07	-3.1946e-07	-1.47354e-08	1.4811799999999998e-08	-3.4100000000000002e-12	3.1946e-07	-3.1942e-07	-1.3574399999999998e-08	1.3672399999999998e-08	-7.100000000000001e-12	3.1942e-07	-3.1948e-07	-1.24812e-08	1.25858e-08	-7.44e-12	3.193e-07	-3.1936e-07	-1.15074e-08	1.1636e-08	2.176e-11	3.194e-07	-3.1946e-07	-1.05762e-08	1.06733e-08	1.748e-11	3.194e-07	-3.1946e-07	-9.7421e-09	9.831e-09	1.022e-11	3.1914e-07	-3.1924e-07	-8.9477e-09	9.0513e-09	7.600000000000002e-13	3.1946e-07	-3.1952e-07	-8.1893e-09	8.3152e-09	-1.7820000000000003e-11	3.193e-07	-3.1938e-07	-7.5113e-09	7.6591e-09	-1.312e-11	3.193e-07	-3.1942e-07	-6.9271e-09	7.0842e-09	-8.470000000000002e-12	3.193e-07	-3.1942e-07
0.74	-1.6807399999999998e-08	1.6851199999999997e-08	-1.205e-11	3.1948e-07	-3.1938e-07	-1.5362599999999998e-08	1.54382e-08	-6.92e-12	3.1946e-07	-3.194e-07	-1.41618e-08	1.4246e-08	9.53e-12	3.1942e-07	-3.1938e-07	-1.30098e-08	1.31196e-08	1.188e-11	3.1952e-07	-3.1948e-07	-1.19932e-08	1.21204e-08	-2.162e-11	3.1938e-07	-3.194e-07	-1.10192e-08	1.11057e-08	4.38e-12	3.1928e-07	-3.1936e-07	-1.01527e-08	1.02508e-08	-2.8420000000000004e-11	3.1932e-07	-3.193e-07	-9.3275e-09	9.4493e-09	-1.1000000000000001e-13	3.1944e-07	-3.1938e-07	-8.5403e-09	8.6709e-09	6.5e-12	3.1934e-07	-3.194e-07	-7.8323e-09	7.9858e-09	7.93e-12	3.1938e-07	-3.1942e-07	-7.2096e-09	7.3797e-09	-9.84e-12	3.1928e-07	-3.1946e-07
0.745	-1.7503599999999997e-08	1.7556e-08	-6.7200000000000004e-12	3.1944e-07	-3.1942e-07	-1.6048399999999998e-08	1.6116199999999998e-08	1.788e-11	3.1938e-07	-3.1936e-07	-1.47312e-08	1.48124e-08	-6.130000000000001e-12	3.1938e-07	-3.1946e-07	-1.3557599999999998e-08	1.36596e-08	1.74e-12	3.1948e-07	-3.1944e-07	-1.24928e-08	1.26246e-08	9.080000000000003e-12	3.1936e-07	-3.1946e-07	-1.1446e-08	1.1584799999999998e-08	-1.621e-11	3.1936e-07	-3.1942e-07	-1.05649e-08	1.06636e-08	-1.402e-11	3.193e-07	-3.1936e-07	-9.7145e-09	9.8247e-09	-1.835e-11	3.1934e-07	-3.1938e-07	-8.9043e-09	9.0278e-09	2.32e-11	3.1926e-07	-3.194e-07	-8.1629e-09	8.3096e-09	9.31e-12	3.1932e-07	-3.1938e-07	-7.5394e-09	7.6915e-09	1.438e-11	3.193e-07	-3.1942e-07
0.75	-1.82656e-08	1.83098e-08	1.869e-11	3.196e-07	-3.1946e-07	-1.67196e-08	1.67964e-08	-1.29e-11	3.194e-07	-3.1944e-07	-1.5357199999999997e-08	1.5441e-08	-9.29e-12	3.1944e-07	-3.1948e-07	-1.41082e-08	1.42196e-08	-9.12e-12	3.1948e-07	-3.1948e-07	-1.30286e-08	1.3149199999999998e-08	3.3200000000000004e-12	3.194e-07	-3.194e-07	-1.19336e-08	1.2077e-08	5.620000000000001e-12	3.1936e-07	-3.195e-07	-1.09914e-08	1.10873e-08	-1.106e-11	3.1926e-07	-3.1922e-07	-1.01207e-08	1.0233e-08	1.1760000000000002e-11	3.194e-07	-3.1942e-07	-9.2819e-09	9.399e-09	-6.0200000000000014e-12	3.1936e-07	-3.1948e-07	-8.5067e-09	8.6533e-09	-1.717e-11	3.1932e-07	-3.1942e-07	-7.8386e-09	7.999699999999998e-09	-1.215e-11	3.1932e-07	-3.1944e-07
0.755	-1.90342e-08	1.90722e-08	-1.5890000000000003e-11	3.1948e-07	-3.1946e-07	-1.7420199999999997e-08	1.75098e-08	2.14e-12	3.195e-07	-3.1948e-07	-1.60078e-08	1.6098e-08	1.836e-11	3.1942e-07	-3.1944e-07	-1.4712399999999998e-08	1.48172e-08	2.3700000000000003e-11	3.1934e-07	-3.1946e-07	-1.3573e-08	1.36946e-08	-1.392e-11	3.1936e-07	-3.1948e-07	-1.24358e-08	1.2574599999999998e-08	7.890000000000001e-12	3.1942e-07	-3.1948e-07	-1.14114e-08	1.15574e-08	1.661e-11	3.1942e-07	-3.1944e-07	-1.05448e-08	1.06554e-08	1.6140000000000002e-11	3.1936e-07	-3.1942e-07	-9.6634e-09	9.789e-09	-7.01e-12	3.1932e-07	-3.1946e-07	-8.8638e-09	9.0196e-09	-7.690000000000001e-12	3.1936e-07	-3.1948e-07	-8.1673e-09	8.3263e-09	-1.392e-11	3.193e-07	-3.1952e-07
0.76	-1.98224e-08	1.98714e-08	1.65e-12	3.196e-07	-3.1956e-07	-1.81828e-08	1.82466e-08	1.292e-11	3.194e-07	-3.194e-07	-1.67028e-08	1.67996e-08	-2.207e-11	3.1934e-07	-3.194e-07	-1.53338e-08	1.5434799999999998e-08	-2.123e-11	3.1946e-07	-3.1942e-07	-1.41522e-08	1.4270799999999998e-08	1.157e-11	3.194e-07	-3.1948e-07	-1.29688e-08	1.31072e-08	-1.033e-11	3.194e-07	-3.1948e-07	-1.1913599999999998e-08	1.20708e-08	-2.183e-11	3.1938e-07	-3.1948e-07	-1.09787e-08	1.10981e-08	-2.253e-11	3.1928e-07	-3.194e-07	-1.00828e-08	1.02054e-08	1.812e-11	3.1932e-07	-3.1944e-07	-9.2376e-09	9.397e-09	2.459e-11	3.193e-07	-3.1946e-07	-8.518e-09	8.6814e-09	1.823e-11	3.1942e-07	-3.1952e-07
0.765	-2.06938e-08	2.07408e-08	9.17e-12	3.195e-07	-3.1944e-07	-1.89504e-08	1.9016e-08	-2.0170000000000003e-11	3.1946e-07	-3.1936e-07	-1.7392599999999997e-08	1.7486e-08	1.167e-11	3.1944e-07	-3.1944e-07	-1.59804e-08	1.6088599999999998e-08	1.198e-11	3.1948e-07	-3.195e-07	-1.47428e-08	1.48638e-08	-2.36e-12	3.1932e-07	-3.1936e-07	-1.35176e-08	1.36468e-08	2.096e-11	3.1934e-07	-3.1948e-07	-1.24276e-08	1.25702e-08	1.8440000000000003e-11	3.193e-07	-3.1938e-07	-1.1419799999999998e-08	1.1581399999999998e-08	-2.8400000000000004e-12	3.194e-07	-3.1952e-07	-1.04826e-08	1.06116e-08	-1.062e-11	3.1938e-07	-3.194e-07	-9.63e-09	9.7859e-09	-5.520000000000001e-12	3.1936e-07	-3.1942e-07	-8.8688e-09	9.0199e-09	-9e-14	3.193e-07	-3.1948e-07
0.77	-2.15912e-08	2.16166e-08	-1.826e-11	3.195e-07	-3.1948e-07	-1.97394e-08	1.98322e-08	1.894e-11	3.194e-07	-3.1936e-07	-1.81506e-08	1.82218e-08	-4.550000000000001e-12	3.1932e-07	-3.194e-07	-1.6672399999999997e-08	1.6774599999999998e-08	-2.7e-13	3.1942e-07	-3.194e-07	-1.5372199999999998e-08	1.54984e-08	-1.141e-11	3.1932e-07	-3.1938e-07	-1.40856e-08	1.4234599999999998e-08	-1.628e-11	3.1938e-07	-3.1942e-07	-1.2962599999999998e-08	1.31202e-08	-1.4400000000000001e-12	3.1936e-07	-3.1942e-07	-1.19074e-08	1.20732e-08	5.58e-12	3.1942e-07	-3.1948e-07	-1.09311e-08	1.10624e-08	-3.4900000000000007e-12	3.1936e-07	-3.1948e-07	-1.00421e-08	1.02053e-08	-1.347e-11	3.1934e-07	-3.1946e-07	-9.2656e-09	9.4253e-09	-1.5160000000000002e-11	3.1932e-07	-3.1952e-07
0.775	-2.24996e-08	2.25562e-08	1.9550000000000003e-11	3.196e-07	-3.195e-07	-2.06062e-08	2.06794e-08	-1.018e-11	3.194e-07	-3.1936e-07	-1.89102e-08	1.9001e-08	-1.139e-11	3.1942e-07	-3.1948e-07	-1.7353199999999998e-08	1.7455399999999998e-08	-1.073e-11	3.1942e-07	-3.1952e-07	-1.60264e-08	1.6137599999999997e-08	1.7420000000000003e-11	3.1944e-07	-3.1942e-07	-1.4687799999999998e-08	1.4824799999999998e-08	7.960000000000001e-12	3.1934e-07	-3.1946e-07	-1.3514e-08	1.36646e-08	-1.0540000000000002e-11	3.193e-07	-3.1942e-07	-1.23976e-08	1.25592e-08	-9.05e-12	3.1944e-07	-3.1952e-07	-1.13782e-08	1.15556e-08	1.3070000000000001e-11	3.1936e-07	-3.1952e-07	-1.04778e-08	1.06254e-08	1.621e-11	3.1938e-07	-3.1944e-07	-9.6493e-09	9.8092e-09	9.52e-12	3.1932e-07	-3.195e-07
0.78	-2.34878e-08	2.35342e-08	-1.223e-11	3.195e-07	-3.1948e-07	-2.14928e-08	2.15928e-08	-1.8900000000000002e-12	3.1942e-07	-3.1948e-07	-1.9765e-08	1.98466e-08	1.241e-11	3.1944e-07	-3.1942e-07	-1.81018e-08	1.81918e-08	1.4960000000000002e-11	3.1942e-07	-3.1946e-07	-1.67154e-08	1.68262e-08	-1.6910000000000003e-11	3.193e-07	-3.1936e-07	-1.5315e-08	1.5452599999999998e-08	9.300000000000001e-12	3.1934e-07	-3.1946e-07	-1.40844e-08	1.4231999999999998e-08	2.375e-11	3.1938e-07	-3.1944e-07	-1.2923e-08	1.3095e-08	-2.7300000000000007e-12	3.1944e-07	-3.1946e-07	-1.18694e-08	1.20332e-08	-9.42e-12	3.1934e-07	-3.1944e-07	-1.09198e-08	1.10733e-08	-4.18e-12	3.1932e-07	-3.1944e-07	-1.006e-08	1.02139e-08	3.48e-12	3.1932e-07	-3.1946e-07
0.785	-2.44934e-08	2.45344e-08	-4.490000000000001e-12	3.195e-07	-3.1956e-07	-2.24668e-08	2.25006e-08	1.28e-11	3.1944e-07	-3.194e-07	-2.05672e-08	2.06514e-08	-1.138e-11	3.1938e-07	-3.1934e-07	-1.88698e-08	1.89582e-08	-9.98e-12	3.1936e-07	-3.194e-07	-1.7420399999999998e-08	1.75376e-08	5.680000000000001e-12	3.193e-07	-3.194e-07	-1.59458e-08	1.6104e-08	-1.752e-11	3.1938e-07	-3.1948e-07	-1.4666e-08	1.48188e-08	-2.5250000000000003e-11	3.1932e-07	-3.1948e-07	-1.34866e-08	1.36386e-08	1.7890000000000002e-11	3.1942e-07	-3.1944e-07	-1.23568e-08	1.2541e-08	1.03e-12	3.1942e-07	-3.1952e-07	-1.1347599999999998e-08	1.15534e-08	-2.0640000000000003e-11	3.193e-07	-3.1946e-07	-1.04637e-08	1.06414e-08	-2.123e-11	3.1932e-07	-3.1948e-07
0.79	-2.55598e-08	2.56186e-08	1.2480000000000002e-11	3.1954e-07	-3.195e-07	-2.34052e-08	2.34752e-08	-1.231e-11	3.1936e-07	-3.194e-07	-2.14724e-08	2.15692e-08	-4.12e-12	3.1942e-07	-3.1944e-07	-1.96798e-08	1.97982e-08	3.4100000000000002e-12	3.1942e-07	-3.1946e-07	-1.81442e-08	1.82912e-08	1.014e-11	3.1932e-07	-3.1934e-07	-1.6652e-08	1.6801999999999997e-08	1.836e-11	3.1938e-07	-3.1942e-07	-1.52878e-08	1.54312e-08	1.5760000000000002e-11	3.1938e-07	-3.195e-07	-1.4065999999999998e-08	1.42266e-08	-2.113e-11	3.1942e-07	-3.1948e-07	-1.2875e-08	1.30458e-08	1.104e-11	3.194e-07	-3.1946e-07	-1.184e-08	1.20502e-08	1.433e-11	3.193e-07	-3.1946e-07	-1.09281e-08	1.10855e-08	5.830000000000001e-12	3.1934e-07	-3.1948e-07
0.795	-2.6688e-08	2.67272e-08	-1.471e-11	3.1944e-07	-3.1944e-07	-2.44234e-08	2.45256e-08	-3.2000000000000005e-13	3.1944e-07	-3.1942e-07	-2.24044e-08	2.24894e-08	1.7760000000000002e-11	3.1938e-07	-3.1944e-07	-2.0539e-08	2.06302e-08	8.36e-12	3.1948e-07	-3.1948e-07	-1.8937e-08	1.90492e-08	-1.9150000000000003e-11	3.193e-07	-3.194e-07	-1.7371199999999998e-08	1.75138e-08	-5.680000000000001e-12	3.1936e-07	-3.1944e-07	-1.5952e-08	1.6121399999999998e-08	-4.750000000000001e-12	3.1932e-07	-3.1938e-07	-1.4626399999999998e-08	1.47926e-08	2.376e-11	3.194e-07	-3.1952e-07	-1.34276e-08	1.3600799999999998e-08	-1.6740000000000002e-11	3.1938e-07	-3.1944e-07	-1.2334399999999998e-08	1.2539e-08	-7.82e-12	3.193e-07	-3.194e-07	-1.13548e-08	1.15656e-08	1.646e-11	3.1932e-07	-3.1944e-07
0.8	-2.78436e-08	2.78932e-08	2.82e-12	3.1954e-07	-3.1948e-07	-2.5483e-08	2.55358e-08	1.4650000000000002e-11	3.1944e-07	-3.1938e-07	-2.33762e-08	2.34738e-08	-2.575e-11	3.1938e-07	-3.1938e-07	-2.14366e-08	2.15026e-08	-2.3500000000000003e-11	3.1936e-07	-3.1942e-07	-1.9731e-08	1.98784e-08	1.559e-11	3.1932e-07	-3.194e-07	-1.81102e-08	1.82488e-08	-7.960000000000001e-12	3.1936e-07	-3.1942e-07	-1.6621999999999998e-08	1.67726e-08	-7.980000000000001e-12	3.1938e-07	-3.1948e-07	-1.5244799999999998e-08	1.5422199999999998e-08	-1.353e-11	3.1942e-07	-3.1942e-07	-1.39916e-08	1.41716e-08	1.506e-11	3.1944e-07	-3.1954e-07	-1.2857999999999998e-08	1.30574e-08	-8.03e-12	3.1926e-07	-3.1938e-07	-1.1835399999999998e-08	1.20374e-08	-1.601e-11	3.1932e-07	-3.1956e-07
0.805	-2.90716e-08	2.9129e-08	1.2260000000000001e-11	3.1946e-07	-3.1944e-07	-2.65886e-08	2.66716e-08	-1.7180000000000002e-11	3.1942e-07	-3.1946e-07	-2.44108e-08	2.44994e-08	2.201e-11	3.1948e-07	-3.1946e-07	-2.23506e-08	2.24436e-08	2.021e-11	3.1946e-07	-3.1948e-07	-2.05744e-08	2.06838e-08	-4.73e-12	3.194e-07	-3.194e-07	-1.88888e-08	1.90334e-08	2.155e-11	3.1936e-07	-3.1936e-07	-1.7342799999999998e-08	1.74952e-08	8.52e-12	3.1936e-07	-3.194e-07	-1.59124e-08	1.60822e-08	1.18e-12	3.1938e-07	-3.1954e-07	-1.4596599999999998e-08	1.47722e-08	-1.3400000000000003e-12	3.1934e-07	-3.1946e-07	-1.34198e-08	1.3620199999999998e-08	1.6690000000000003e-11	3.193e-07	-3.195e-07	-1.23332e-08	1.25488e-08	7.31e-12	3.1942e-07	-3.195e-07
0.81	-3.0392e-08	3.04436e-08	-1.688e-11	3.1946e-07	-3.1946e-07	-2.77612e-08	2.78318e-08	1.998e-11	3.1942e-07	-3.194e-07	-2.54644e-08	2.55348e-08	-1.424e-11	3.1946e-07	-3.1938e-07	-2.33422e-08	2.3412e-08	-1.511e-11	3.1942e-07	-3.1942e-07	-2.1465e-08	2.1577e-08	-1.069e-11	3.1932e-07	-3.1938e-07	-1.9681e-08	1.98212e-08	-2.1370000000000003e-11	3.1938e-07	-3.194e-07	-1.80848e-08	1.8249e-08	-1.755e-11	3.1942e-07	-3.1954e-07	-1.65836e-08	1.6751999999999997e-08	1.123e-11	3.1944e-07	-3.195e-07	-1.5189599999999997e-08	1.53712e-08	-7.72e-12	3.1928e-07	-3.1942e-07	-1.3964599999999998e-08	1.4161e-08	-1.98e-11	3.1936e-07	-3.1942e-07	-1.28738e-08	1.30824e-08	4.27e-12	3.194e-07	-3.195e-07
0.815	-3.17226e-08	3.1765399999999995e-08	1.8530000000000003e-11	3.195e-07	-3.1952e-07	-2.89888e-08	2.90592e-08	-1.599e-11	3.1942e-07	-3.193e-07	-2.66116e-08	2.66642e-08	4.7e-13	3.1948e-07	-3.1952e-07	-2.4338e-08	2.4453e-08	-1.2500000000000001e-12	3.194e-07	-3.1952e-07	-2.23832e-08	2.25052e-08	1.635e-11	3.1936e-07	-3.1938e-07	-2.05572e-08	2.06848e-08	1.402e-11	3.1942e-07	-3.194e-07	-1.88546e-08	1.9006e-08	7.29e-12	3.1944e-07	-3.1946e-07	-1.73016e-08	1.74682e-08	-3.8e-12	3.1938e-07	-3.1948e-07	-1.5836199999999998e-08	1.6015599999999998e-08	1.515e-11	3.1936e-07	-3.1946e-07	-1.4536e-08	1.4741399999999998e-08	1.681e-11	3.1932e-07	-3.1942e-07	-1.3420599999999998e-08	1.3626e-08	-1.436e-11	3.1934e-07	-3.1952e-07
0.82	-3.31324e-08	3.31924e-08	-1.593e-11	3.1944e-07	-3.1946e-07	-3.02946e-08	3.03702e-08	2.4000000000000007e-12	3.1944e-07	-3.1942e-07	-2.77364e-08	2.7831e-08	9.51e-12	3.1944e-07	-3.1936e-07	-2.54328e-08	2.5524e-08	1.361e-11	3.1952e-07	-3.1944e-07	-2.33598e-08	2.34796e-08	-2.176e-11	3.1942e-07	-3.1948e-07	-2.14262e-08	2.15706e-08	3.900000000000001e-13	3.1936e-07	-3.1942e-07	-1.96626e-08	1.98158e-08	-5.08e-12	3.1948e-07	-3.1948e-07	-1.80348e-08	1.8206e-08	-1.9200000000000003e-12	3.1938e-07	-3.195e-07	-1.6508799999999998e-08	1.6687399999999998e-08	-8.790000000000003e-12	3.1936e-07	-3.1942e-07	-1.51552e-08	1.53622e-08	2.69e-12	3.193e-07	-3.1938e-07	-1.3982e-08	1.41928e-08	2.0860000000000003e-11	3.194e-07	-3.195e-07
0.825	-3.46166e-08	3.4667599999999995e-08	1.85e-12	3.1948e-07	-3.1952e-07	-3.1664e-08	3.16858e-08	8.22e-12	3.194e-07	-3.1934e-07	-2.89864e-08	2.90736e-08	-1.526e-11	3.1942e-07	-3.1942e-07	-2.65566e-08	2.66582e-08	-1.917e-11	3.1938e-07	-3.1956e-07	-2.44056e-08	2.45232e-08	6.070000000000001e-12	3.1946e-07	-3.1948e-07	-2.23784e-08	2.2507e-08	-1.154e-11	3.1938e-07	-3.1944e-07	-2.05042e-08	2.0658e-08	-6.750000000000001e-12	3.1944e-07	-3.1946e-07	-1.8823e-08	1.89856e-08	1.19e-11	3.1936e-07	-3.194e-07	-1.72478e-08	1.7428e-08	3.13e-12	3.1944e-07	-3.1952e-07	-1.5809e-08	1.60584e-08	-1.4390000000000001e-11	3.1926e-07	-3.1946e-07	-1.45848e-08	1.47908e-08	-6.430000000000001e-12	3.1932e-07	-3.194e-07
0.83	-3.61722e-08	3.61988e-08	1.3070000000000001e-11	3.1948e-07	-3.1942e-07	-3.3038599999999994e-08	3.3107e-08	-1.8310000000000003e-11	3.1936e-07	-3.1938e-07	-3.0256e-08	3.03446e-08	1.065e-11	3.1944e-07	-3.1948e-07	-2.77106e-08	2.78248e-08	1.488e-11	3.1946e-07	-3.1944e-07	-2.54734e-08	2.55684e-08	3.63e-12	3.1948e-07	-3.1942e-07	-2.33182e-08	2.34624e-08	1.7960000000000002e-11	3.194e-07	-3.1946e-07	-2.14088e-08	2.15658e-08	1.559e-11	3.1942e-07	-3.1944e-07	-1.96326e-08	1.98124e-08	-2.1080000000000003e-11	3.1938e-07	-3.1946e-07	-1.79814e-08	1.816e-08	7.860000000000001e-12	3.1932e-07	-3.1946e-07	-1.6533799999999997e-08	1.6738599999999997e-08	1.819e-11	3.1932e-07	-3.195e-07	-1.5168799999999997e-08	1.5391599999999998e-08	-7.3e-12	3.1936e-07	-3.1952e-07
0.835	-3.78284e-08	3.7856e-08	-1.3190000000000002e-11	3.1946e-07	-3.1936e-07	-3.45136e-08	3.46012e-08	7.460000000000003e-12	3.1948e-07	-3.1942e-07	-3.16272e-08	3.17134e-08	3.1400000000000004e-12	3.194e-07	-3.1944e-07	-2.89554e-08	2.9047e-08	-3.35e-12	3.1944e-07	-3.195e-07	-2.65782e-08	2.66888e-08	-2.175e-11	3.1936e-07	-3.1946e-07	-2.43522e-08	2.4498e-08	-1.086e-11	3.1936e-07	-3.1948e-07	-2.23334e-08	2.2488e-08	-2.362e-11	3.1942e-07	-3.1948e-07	-2.04634e-08	2.06308e-08	2.8270000000000003e-11	3.1944e-07	-3.1948e-07	-1.87564e-08	1.8937e-08	-1.281e-11	3.1936e-07	-3.1948e-07	-1.7253e-08	1.74406e-08	-1.4110000000000002e-11	3.1928e-07	-3.1944e-07	-1.58418e-08	1.6067599999999997e-08	1.613e-11	3.1932e-07	-3.1948e-07
0.84	-3.95042e-08	3.95562e-08	4.390000000000001e-12	3.1944e-07	-3.1946e-07	-3.60726e-08	3.61226e-08	2.49e-12	3.1944e-07	-3.1948e-07	-3.2990399999999995e-08	3.30846e-08	-1.5140000000000002e-11	3.1942e-07	-3.1948e-07	-3.0216e-08	3.03288e-08	-1.11e-11	3.1942e-07	-3.1952e-07	-2.77442e-08	2.78876e-08	2.112e-11	3.1938e-07	-3.1936e-07	-2.54442e-08	2.5558e-08	-2.54e-12	3.1936e-07	-3.1944e-07	-2.32946e-08	2.34258e-08	1.903e-11	3.1946e-07	-3.1954e-07	-2.1347e-08	2.15126e-08	-2.0040000000000003e-11	3.1938e-07	-3.1946e-07	-1.95542e-08	1.97268e-08	1.631e-11	3.1936e-07	-3.1942e-07	-1.8005599999999997e-08	1.82026e-08	1.64e-12	3.1934e-07	-3.1942e-07	-1.6533999999999998e-08	1.67422e-08	-1.3800000000000002e-11	3.1936e-07	-3.195e-07
0.845	-4.131e-08	4.13482e-08	4.93e-12	3.1948e-07	-3.194e-07	-3.7682e-08	3.77606e-08	-1.606e-11	3.1938e-07	-3.194e-07	-3.4496999999999995e-08	3.4583399999999995e-08	2.074e-11	3.1942e-07	-3.1952e-07	-3.1588799999999995e-08	3.1675e-08	1.898e-11	3.1944e-07	-3.1948e-07	-2.90292e-08	2.91628e-08	-1.269e-11	3.1938e-07	-3.1946e-07	-2.655e-08	2.66902e-08	1.301e-11	3.1938e-07	-3.1938e-07	-2.43252e-08	2.44814e-08	-5.04e-12	3.194e-07	-3.1948e-07	-2.22852e-08	2.2457e-08	8.600000000000001e-13	3.1942e-07	-3.1954e-07	-2.0415e-08	2.05796e-08	-6.080000000000001e-12	3.1936e-07	-3.1942e-07	-1.8792e-08	1.89928e-08	3.07e-12	3.1942e-07	-3.1954e-07	-1.7207199999999997e-08	1.74468e-08	7.100000000000001e-12	3.1934e-07	-3.1946e-07
0.85	-4.31786e-08	4.32198e-08	-1.4090000000000002e-11	3.195e-07	-3.1948e-07	-3.93992e-08	3.94612e-08	1.6630000000000002e-11	3.1948e-07	-3.1946e-07	-3.60412e-08	3.61158e-08	-1.6200000000000003e-11	3.1938e-07	-3.1936e-07	-3.299e-08	3.3094399999999994e-08	-2.354e-11	3.1942e-07	-3.1946e-07	-3.0294e-08	3.04096e-08	-4.84e-12	3.1934e-07	-3.1942e-07	-2.77112e-08	2.78546e-08	-1.9460000000000003e-11	3.193e-07	-3.1946e-07	-2.537e-08	2.55186e-08	-3.900000000000001e-13	3.1934e-07	-3.1938e-07	-2.32476e-08	2.34238e-08	7.7e-12	3.1944e-07	-3.1954e-07	-2.12868e-08	2.14802e-08	-9.26e-12	3.194e-07	-3.1946e-07	-1.96066e-08	1.97946e-08	-2.163e-11	3.1932e-07	-3.1952e-07	-1.7959399999999997e-08	1.81916e-08	6.740000000000001e-12	3.1924e-07	-3.194e-07
0.855	-4.51708e-08	4.521819999999999e-08	2.289e-11	3.1944e-07	-3.1942e-07	-4.12072e-08	4.1272599999999993e-08	-2.029e-11	3.1932e-07	-3.1932e-07	-3.76688e-08	3.77552e-08	9.800000000000001e-12	3.1938e-07	-3.1938e-07	-3.4475e-08	3.4584999999999995e-08	1.398e-11	3.1948e-07	-3.1952e-07	-3.16164e-08	3.1744199999999994e-08	1.54e-11	3.1942e-07	-3.1936e-07	-2.89304e-08	2.90662e-08	9.590000000000003e-12	3.1938e-07	-3.1942e-07	-2.6491e-08	2.66884e-08	3.66e-12	3.1944e-07	-3.1952e-07	-2.42724e-08	2.4453e-08	-1.388e-11	3.1944e-07	-3.1954e-07	-2.2226e-08	2.2408e-08	1.809e-11	3.1938e-07	-3.1938e-07	-2.04672e-08	2.06762e-08	1.6e-11	3.1938e-07	-3.1946e-07	-1.87436e-08	1.89542e-08	-2.249e-11	3.1928e-07	-3.1946e-07
0.86	-4.72132e-08	4.725079999999999e-08	-2.116e-11	3.1942e-07	-3.194e-07	-4.30764e-08	4.31668e-08	5.220000000000001e-12	3.1942e-07	-3.1942e-07	-3.93576e-08	3.9430799999999993e-08	1.93e-12	3.1944e-07	-3.1944e-07	-3.60204e-08	3.61234e-08	-8.780000000000001e-12	3.195e-07	-3.194e-07	-3.3033599999999995e-08	3.31492e-08	-1.692e-11	3.1938e-07	-3.194e-07	-3.0197599999999995e-08	3.03336e-08	-7.800000000000002e-13	3.1938e-07	-3.1934e-07	-2.76806e-08	2.78406e-08	-9.600000000000002e-13	3.194e-07	-3.195e-07	-2.53296e-08	2.5481e-08	4.5400000000000004e-12	3.1944e-07	-3.1952e-07	-2.32014e-08	2.33664e-08	-1.475e-11	3.193e-07	-3.1938e-07	-2.13626e-08	2.1552e-08	-1.07e-11	3.1942e-07	-3.195e-07	-1.9578e-08	1.9785e-08	2.245e-11	3.1938e-07	-3.1954e-07
0.865	-4.93822e-08	4.94456e-08	1.303e-11	3.1946e-07	-3.194e-07	-4.50814e-08	4.51524e-08	7.54e-12	3.1936e-07	-3.1934e-07	-4.11706e-08	4.12694e-08	-1.2070000000000002e-11	3.1948e-07	-3.1942e-07	-3.76528e-08	3.7751e-08	-3.6000000000000004e-12	3.1942e-07	-3.1958e-07	-3.4523e-08	3.4638599999999995e-08	1.295e-11	3.1936e-07	-3.194e-07	-3.156e-08	3.1694399999999994e-08	-1.346e-11	3.1936e-07	-3.1946e-07	-2.89116e-08	2.90902e-08	-7.690000000000001e-12	3.1938e-07	-3.1948e-07	-2.64548e-08	2.66186e-08	-1.9700000000000003e-12	3.1938e-07	-3.1946e-07	-2.42228e-08	2.44358e-08	2.8800000000000002e-12	3.1936e-07	-3.1948e-07	-2.23128e-08	2.25188e-08	-1.062e-11	3.1938e-07	-3.1948e-07	-2.04224e-08	2.06382e-08	-1.7110000000000003e-11	3.193e-07	-3.1946e-07
0.87	-5.16778e-08	5.17294e-08	3.48e-12	3.1944e-07	-3.194e-07	-4.7127199999999993e-08	4.7178599999999993e-08	-1.7820000000000003e-11	3.1938e-07	-3.1944e-07	-4.307339999999999e-08	4.3113e-08	1.84e-11	3.1948e-07	-3.1944e-07	-3.93588e-08	3.94558e-08	1.254e-11	3.1942e-07	-3.1942e-07	-3.60716e-08	3.61704e-08	4.28e-12	3.1934e-07	-3.1942e-07	-3.2954399999999994e-08	3.3099799999999994e-08	1.5010000000000002e-11	3.1928e-07	-3.1936e-07	-3.0189e-08	3.03514e-08	1.807e-11	3.1944e-07	-3.1958e-07	-2.76178e-08	2.77702e-08	-8.75e-12	3.195e-07	-3.1952e-07	-2.53088e-08	2.54648e-08	5.7e-12	3.1932e-07	-3.1942e-07	-2.32934e-08	2.34964e-08	2.293e-11	3.194e-07	-3.1942e-07	-2.13024e-08	2.15006e-08	-2.7100000000000004e-12	3.1942e-07	-3.196e-07
0.875	-5.40992e-08	5.414719999999999e-08	-1.302e-11	3.1936e-07	-3.194e-07	-4.93632e-08	4.94258e-08	1.593e-11	3.1938e-07	-3.1936e-07	-4.50298e-08	4.509899999999999e-08	-4.850000000000001e-12	3.1942e-07	-3.1942e-07	-4.11562e-08	4.12564e-08	-1.3380000000000002e-11	3.1948e-07	-3.1954e-07	-3.7701e-08	3.78254e-08	-1.539e-11	3.1936e-07	-3.1946e-07	-3.4496e-08	3.46252e-08	-1.721e-11	3.193e-07	-3.1934e-07	-3.15486e-08	3.16814e-08	-2.11e-11	3.1944e-07	-3.1952e-07	-2.88442e-08	2.90254e-08	1.8440000000000003e-11	3.1942e-07	-3.1956e-07	-2.6405e-08	2.65606e-08	-1.506e-11	3.1926e-07	-3.1942e-07	-2.42684e-08	2.44688e-08	-2.0970000000000003e-11	3.193e-07	-3.1946e-07	-2.22156e-08	2.24456e-08	6.56e-12	3.194e-07	-3.1948e-07
0.88	-5.66252e-08	5.668459999999999e-08	1.622e-11	3.1948e-07	-3.194e-07	-5.157319999999999e-08	5.16638e-08	-2.2200000000000002e-12	3.1944e-07	-3.193e-07	-4.70694e-08	4.71556e-08	-5.04e-12	3.1942e-07	-3.195e-07	-4.30142e-08	4.31354e-08	2.9900000000000004e-12	3.195e-07	-3.1948e-07	-3.94048e-08	3.95286e-08	2.067e-11	3.1936e-07	-3.1938e-07	-3.6012e-08	3.61536e-08	1.4200000000000002e-12	3.193e-07	-3.194e-07	-3.2932399999999995e-08	3.30928e-08	1.1360000000000002e-11	3.194e-07	-3.1948e-07	-3.01498e-08	3.03062e-08	-1.954e-11	3.1932e-07	-3.1952e-07	-2.75662e-08	2.77412e-08	1.657e-11	3.1938e-07	-3.1948e-07	-2.53264e-08	2.55386e-08	1.509e-11	3.1938e-07	-3.194e-07	-2.31846e-08	2.34102e-08	-1.087e-11	3.1944e-07	-3.1952e-07
0.885	-5.93422e-08	5.93688e-08	-3.58e-12	3.194e-07	-3.1942e-07	-5.40026e-08	5.41146e-08	-1.098e-11	3.1942e-07	-3.194e-07	-4.92694e-08	4.93366e-08	1.148e-11	3.1938e-07	-3.194e-07	-4.50192e-08	4.51052e-08	8.13e-12	3.1942e-07	-3.1948e-07	-4.1223e-08	4.13304e-08	-1.393e-11	3.1936e-07	-3.1938e-07	-3.7685e-08	3.78114e-08	8.72e-12	3.1936e-07	-3.193e-07	-3.44154e-08	3.45614e-08	-2.6800000000000007e-12	3.1932e-07	-3.194e-07	-3.1496e-08	3.1676399999999994e-08	7.07e-12	3.1944e-07	-3.1954e-07	-2.88074e-08	2.89732e-08	-9.45e-12	3.1936e-07	-3.1948e-07	-2.64588e-08	2.66576e-08	-5.800000000000002e-13	3.193e-07	-3.1944e-07	-2.4212e-08	2.4444e-08	7.93e-12	3.1946e-07	-3.196e-07
0.89	-6.20636e-08	6.210799999999999e-08	-4.73e-12	3.194e-07	-3.1948e-07	-5.65498e-08	5.66024e-08	1.7270000000000002e-11	3.1936e-07	-3.1942e-07	-5.15306e-08	5.16168e-08	-1.208e-11	3.1934e-07	-3.1938e-07	-4.70346e-08	4.714419999999999e-08	-1.861e-11	3.1948e-07	-3.1946e-07	-4.30624e-08	4.32016e-08	3.690000000000001e-12	3.1938e-07	-3.1946e-07	-3.93666e-08	3.94978e-08	-1.818e-11	3.1938e-07	-3.1948e-07	-3.5925399999999994e-08	3.6113e-08	-4.77e-12	3.1932e-07	-3.1946e-07	-3.28758e-08	3.30542e-08	2.9800000000000002e-12	3.1938e-07	-3.195e-07	-3.009e-08	3.02696e-08	-1.035e-11	3.1936e-07	-3.1948e-07	-2.76404e-08	2.78296e-08	-5.85e-12	3.1934e-07	-3.1944e-07	-2.52804e-08	2.54888e-08	-1.09e-11	3.193e-07	-3.1946e-07
0.895	-6.497099999999999e-08	6.497899999999999e-08	1.4300000000000002e-11	3.1948e-07	-3.1942e-07	-5.917279999999999e-08	5.923239999999999e-08	-1.363e-11	3.1938e-07	-3.1942e-07	-5.39522e-08	5.40348e-08	1.159e-11	3.1944e-07	-3.1944e-07	-4.921299999999999e-08	4.933599999999999e-08	1.568e-11	3.1942e-07	-3.1948e-07	-4.50718e-08	4.5191e-08	9.82e-12	3.1934e-07	-3.1942e-07	-4.11798e-08	4.1303e-08	1.388e-11	3.1938e-07	-3.1952e-07	-3.76024e-08	3.77572e-08	8.200000000000001e-12	3.1942e-07	-3.194e-07	-3.4402399999999994e-08	3.45612e-08	-6.740000000000001e-12	3.1938e-07	-3.1942e-07	-3.1447e-08	3.1614599999999994e-08	2.484e-11	3.1936e-07	-3.1948e-07	-2.8874e-08	2.90762e-08	1.894e-11	3.1936e-07	-3.1948e-07	-2.63868e-08	2.66256e-08	-4.860000000000001e-12	3.1926e-07	-3.1946e-07
0.9	-6.799199999999999e-08	6.8018e-08	-1.928e-11	3.194e-07	-3.1944e-07	-6.189919999999999e-08	6.19698e-08	9.73e-12	3.1944e-07	-3.1946e-07	-5.64646e-08	5.653799999999999e-08	1.1900000000000002e-12	3.194e-07	-3.1938e-07	-5.14864e-08	5.158519999999999e-08	-6.070000000000001e-12	3.1944e-07	-3.1936e-07	-4.712339999999999e-08	4.72548e-08	-1.306e-11	3.1932e-07	-3.1942e-07	-4.30468e-08	4.317239999999999e-08	-3.2100000000000007e-12	3.1934e-07	-3.1942e-07	-3.92906e-08	3.94408e-08	5.6e-13	3.193e-07	-3.194e-07	-3.5918e-08	3.60648e-08	7.62e-12	3.1938e-07	-3.1944e-07	-3.28436e-08	3.2995399999999994e-08	-2.478e-11	3.1936e-07	-3.1954e-07	-3.01492e-08	3.03368e-08	-1.452e-11	3.1932e-07	-3.1942e-07	-2.75806e-08	2.78186e-08	1.5e-11	3.1926e-07	-3.1938e-07
