vg	id_vd = 0V	ig_vd = 0V	is_vd = 0V	iavdd_vd = 0V	ignd_vd = 0V	id_vd = 0.01V	ig_vd = 0.01V	is_vd = 0.01V	iavdd_vd = 0.01V	ignd_vd = 0.01V	id_vd = 0.02V	ig_vd = 0.02V	is_vd = 0.02V	iavdd_vd = 0.02V	ignd_vd = 0.02V	id_vd = 0.03V	ig_vd = 0.03V	is_vd = 0.03V	iavdd_vd = 0.03V	ignd_vd = 0.03V	id_vd = 0.04V	ig_vd = 0.04V	is_vd = 0.04V	iavdd_vd = 0.04V	ignd_vd = 0.04V	id_vd = 0.05V	ig_vd = 0.05V	is_vd = 0.05V	iavdd_vd = 0.05V	ignd_vd = 0.05V	id_vd = 0.06V	ig_vd = 0.06V	is_vd = 0.06V	iavdd_vd = 0.06V	ignd_vd = 0.06V	id_vd = 0.07V	ig_vd = 0.07V	is_vd = 0.07V	iavdd_vd = 0.07V	ignd_vd = 0.07V	id_vd = 0.08V	ig_vd = 0.08V	is_vd = 0.08V	iavdd_vd = 0.08V	ignd_vd = 0.08V	id_vd = 0.09V	ig_vd = 0.09V	is_vd = 0.09V	iavdd_vd = 0.09V	ignd_vd = 0.09V	id_vd = 0.1V	ig_vd = 0.1V	is_vd = 0.1V	iavdd_vd = 0.1V	ignd_vd = 0.1V
1.2	-1.5009e-09	9.8634e-10	1.48e-12	3.2584e-07	-3.2526e-07	-1.3243e-09	9.4224e-10	-9e-13	3.251e-07	-3.2476e-07	-1.1606e-09	9.347e-10	-3.8e-13	3.2488e-07	-3.2462e-07	-9.986e-10	9.252e-10	-6.2e-13	3.247e-07	-3.2464e-07	-8.3628e-10	9.2139e-10	-2.39e-12	3.2446e-07	-3.2456e-07	-6.9211e-10	9.1687e-10	-5.3e-13	3.2448e-07	-3.2466e-07	-5.3354e-10	9.0796e-10	-1.17e-12	3.2416e-07	-3.2452e-07	-3.6948e-10	9.0803e-10	-6.2e-13	3.2402e-07	-3.246e-07	-1.9641e-10	9.0023e-10	2.24e-12	3.2368e-07	-3.244e-07	-9.28e-12	8.9941e-10	6e-14	3.2338e-07	-3.2434e-07	1.9049e-10	8.9654e-10	1.32e-12	3.233e-07	-3.2446e-07
1.195	-1.4962e-09	8.9482e-10	-4.4e-13	3.2576e-07	-3.2518e-07	-1.3206e-09	8.5581e-10	-9e-14	3.2524e-07	-3.2482e-07	-1.158e-09	8.5005e-10	-1.08e-12	3.2494e-07	-3.2468e-07	-9.978e-10	8.4121e-10	-4.8e-13	3.2478e-07	-3.2462e-07	-8.3874e-10	8.353e-10	-1.08e-12	3.2456e-07	-3.2454e-07	-6.8924e-10	8.2996e-10	-1.6e-13	3.2452e-07	-3.2468e-07	-5.3025e-10	8.2439e-10	-1e-13	3.2428e-07	-3.2456e-07	-3.6737e-10	8.2446e-10	5e-14	3.241e-07	-3.246e-07	-1.9261e-10	8.1938e-10	1.97e-12	3.2378e-07	-3.2442e-07	-1.025e-11	8.1709e-10	-3.5e-13	3.2358e-07	-3.2438e-07	1.9516e-10	8.1033e-10	-7.3e-13	3.233e-07	-3.2436e-07
1.19	-1.4968e-09	8.1594e-10	-1.2e-13	3.2588e-07	-3.252e-07	-1.3243e-09	7.8106e-10	-2.9e-13	3.2528e-07	-3.2472e-07	-1.1594e-09	7.7429e-10	-2.1e-13	3.2506e-07	-3.2458e-07	-9.8991e-10	7.638e-10	-5.3e-13	3.2476e-07	-3.2464e-07	-8.3738e-10	7.6065e-10	1.01e-12	3.2462e-07	-3.2452e-07	-6.8914e-10	7.5628e-10	1.2e-13	3.2462e-07	-3.246e-07	-5.3096e-10	7.4916e-10	-1.08e-12	3.243e-07	-3.2458e-07	-3.6824e-10	7.4758e-10	3.7e-13	3.2422e-07	-3.2458e-07	-1.9021e-10	7.4397e-10	-2.47e-12	3.2378e-07	-3.244e-07	-7.29e-12	7.4194e-10	-5.5e-13	3.2364e-07	-3.2436e-07	1.9454e-10	7.3926e-10	-1.31e-12	3.2348e-07	-3.244e-07
1.185	-1.4948e-09	7.4499e-10	1.9e-13	3.2594e-07	-3.2516e-07	-1.3182e-09	7.1229e-10	-1.06e-12	3.2546e-07	-3.2482e-07	-1.1539e-09	7.0381e-10	1e-12	3.251e-07	-3.2464e-07	-1.09409e-09	6.9681e-10	-1.39e-12	3.25e-07	-3.246e-07	-8.3657e-10	6.9185e-10	9.2e-13	3.2474e-07	-3.2458e-07	-6.8432e-10	6.8789e-10	-6.6e-13	3.2478e-07	-3.2468e-07	-5.2609e-10	6.8192e-10	-5.2e-13	3.244e-07	-3.2454e-07	-3.6247e-10	6.8075e-10	-2.1e-13	3.2422e-07	-3.246e-07	-1.927e-10	6.759e-10	-3.33e-12	3.2388e-07	-3.2442e-07	-6.76e-12	6.7402e-10	9.9e-13	3.237e-07	-3.244e-07	1.9547e-10	6.6836e-10	-4.3e-13	3.2344e-07	-3.243e-07
1.18	-1.4986e-09	6.8271e-10	6.1e-13	3.2598e-07	-3.2514e-07	-1.3152e-09	6.5347e-10	-1.09e-12	3.2542e-07	-3.2478e-07	-1.1481e-09	6.4263e-10	3e-14	3.252e-07	-3.2464e-07	-1.09548e-09	6.3659e-10	-1.3e-13	3.2508e-07	-3.2466e-07	-8.3333e-10	6.3288e-10	-1.67e-12	3.2476e-07	-3.2454e-07	-6.8813e-10	6.2699e-10	-1.48e-12	3.247e-07	-3.2466e-07	-5.2718e-10	6.2256e-10	-9.3e-13	3.2444e-07	-3.2454e-07	-3.6203e-10	6.1886e-10	-1.28e-12	3.2428e-07	-3.2454e-07	-1.9407e-10	6.1624e-10	1.05e-12	3.2398e-07	-3.2436e-07	-3.95e-12	6.1308e-10	-7.1e-13	3.2378e-07	-3.2442e-07	1.9667e-10	6.1036e-10	-4.5e-13	3.2356e-07	-3.2434e-07
1.175	-1.4878e-09	6.26e-10	-3.2e-13	3.2596e-07	-3.2518e-07	-1.3155e-09	5.9704e-10	-3.3e-13	3.2546e-07	-3.2478e-07	-1.1494e-09	5.8817e-10	-1.31e-12	3.252e-07	-3.2464e-07	-1.09183e-09	5.8078e-10	3e-14	3.251e-07	-3.246e-07	-8.337e-10	5.7675e-10	-1.11e-12	3.2482e-07	-3.2458e-07	-6.865e-10	5.72e-10	-6.6e-13	3.2468e-07	-3.2454e-07	-5.2287e-10	5.6644e-10	-8.1e-13	3.2446e-07	-3.245e-07	-3.6063e-10	5.6458e-10	-1.87e-12	3.2434e-07	-3.2458e-07	-1.9335e-10	5.6058e-10	1.2e-12	3.2402e-07	-3.2434e-07	-2.97e-12	5.579e-10	-3.8e-13	3.2378e-07	-3.2434e-07	1.9759e-10	5.5268e-10	-5.3e-13	3.2352e-07	-3.244e-07
1.17	-1.483e-09	5.7585e-10	-8.9e-13	3.2602e-07	-3.251e-07	-1.3098e-09	5.4632e-10	-1.3e-13	3.2552e-07	-3.2476e-07	-1.1547e-09	5.3842e-10	-2.05e-12	3.252e-07	-3.247e-07	-1.08812e-09	5.3164e-10	-1.26e-12	3.2518e-07	-3.246e-07	-8.3251e-10	5.2669e-10	9e-14	3.249e-07	-3.2458e-07	-6.8355e-10	5.2145e-10	1.04e-12	3.248e-07	-3.2462e-07	-5.2117e-10	5.1698e-10	1.51e-12	3.2456e-07	-3.246e-07	-3.6451e-10	5.1367e-10	1.7e-13	3.244e-07	-3.2454e-07	-1.836e-10	5.1114e-10	-1.9e-12	3.2406e-07	-3.2432e-07	-3.56e-12	5.0779e-10	-6e-14	3.2384e-07	-3.2434e-07	1.9774e-10	5.0647e-10	-3.6e-13	3.2366e-07	-3.2434e-07
1.165	-1.4881e-09	5.2834e-10	7.9e-13	3.261e-07	-3.2512e-07	-1.3113e-09	5.0111e-10	3.1e-13	3.256e-07	-3.2478e-07	-1.1482e-09	4.9238e-10	2.7e-13	3.2532e-07	-3.2466e-07	-9.8187e-10	4.8491e-10	-4.7e-13	3.2504e-07	-3.2458e-07	-8.3106e-10	4.8031e-10	3.8e-13	3.2494e-07	-3.2456e-07	-6.7849e-10	4.7817e-10	-1.05e-12	3.2476e-07	-3.2462e-07	-5.2115e-10	4.7236e-10	5.8e-13	3.2462e-07	-3.2454e-07	-3.5967e-10	4.7095e-10	2.06e-12	3.2444e-07	-3.246e-07	-1.8765e-10	4.6494e-10	-2.28e-12	3.2408e-07	-3.2434e-07	-5.6e-13	4.6367e-10	6.2e-13	3.239e-07	-3.2434e-07	2.0018e-10	4.5966e-10	-5.8e-13	3.2364e-07	-3.2438e-07
1.16	-1.4812e-09	4.8834e-10	-5.8e-13	3.2608e-07	-3.2516e-07	-1.3124e-09	4.6082e-10	-1.4e-13	3.2564e-07	-3.248e-07	-1.1461e-09	4.5344e-10	3.7e-13	3.253e-07	-3.2462e-07	-9.7935e-10	4.4468e-10	-4e-13	3.2508e-07	-3.246e-07	-8.2974e-10	4.4187e-10	-2.2e-13	3.2504e-07	-3.246e-07	-6.7837e-10	4.3523e-10	-6.8e-13	3.248e-07	-3.2462e-07	-5.1903e-10	4.34e-10	3e-13	3.2464e-07	-3.2454e-07	-3.5883e-10	4.2975e-10	7.7e-13	3.2448e-07	-3.2454e-07	-1.8625e-10	4.2582e-10	9e-14	3.2416e-07	-3.2436e-07	-1.4e-13	4.2248e-10	-8.1e-13	3.2396e-07	-3.2434e-07	2.0188e-10	4.2072e-10	-5.6e-13	3.2372e-07	-3.2432e-07
1.155	-1.481e-09	4.5008e-10	-2e-13	3.2614e-07	-3.2508e-07	-1.3079e-09	4.235e-10	-2.1e-13	3.2564e-07	-3.2476e-07	-1.1432e-09	4.1477e-10	-1.33e-12	3.2536e-07	-3.246e-07	-9.7728e-10	4.0815e-10	2.6e-13	3.2508e-07	-3.2458e-07	-8.268e-10	4.053e-10	-1.4e-12	3.2504e-07	-3.246e-07	-6.8166e-10	3.9917e-10	-1e-13	3.2486e-07	-3.2464e-07	-5.1923e-10	3.9459e-10	-1.37e-12	3.2464e-07	-3.2452e-07	-3.566e-10	3.9409e-10	-2.62e-12	3.2452e-07	-3.2458e-07	-1.8659e-10	3.8787e-10	1.14e-12	3.242e-07	-3.2438e-07	9e-13	3.8678e-10	-1.19e-12	3.2398e-07	-3.2436e-07	2.0065e-10	3.8516e-10	9e-14	3.238e-07	-3.244e-07
1.15	-1.4801e-09	4.1505e-10	5e-13	3.2618e-07	-3.2506e-07	-1.3046e-09	3.8777e-10	-9.4e-13	3.2572e-07	-3.2484e-07	-1.1465e-09	3.8226e-10	-1.02e-12	3.254e-07	-3.246e-07	-9.8283e-10	3.7589e-10	-1.67e-12	3.2518e-07	-3.246e-07	-8.2646e-10	3.6993e-10	-1.6e-13	3.25e-07	-3.246e-07	-6.7318e-10	3.649e-10	7.2e-13	3.2486e-07	-3.2452e-07	-5.1723e-10	3.6201e-10	-9.1e-13	3.2462e-07	-3.245e-07	-3.5761e-10	3.6002e-10	2.9e-13	3.2456e-07	-3.2462e-07	-1.8147e-10	3.5748e-10	-4.7e-13	3.2416e-07	-3.2436e-07	1.89e-12	3.5377e-10	6.3e-13	3.2402e-07	-3.2434e-07	2.0262e-10	3.514e-10	-3.8e-13	3.2382e-07	-3.2442e-07
1.145	-1.4759e-09	3.8384e-10	1e-13	3.2622e-07	-3.2516e-07	-1.3062e-09	3.5656e-10	-2e-13	3.2576e-07	-3.2472e-07	-1.1454e-09	3.5058e-10	6.7e-13	3.2544e-07	-3.247e-07	-9.7716e-10	3.4494e-10	-6.8e-13	3.2522e-07	-3.2458e-07	-8.2574e-10	3.409e-10	8.4e-13	3.2512e-07	-3.2464e-07	-6.7517e-10	3.361e-10	-1.17e-12	3.2494e-07	-3.2454e-07	-5.1883e-10	3.3153e-10	7.7e-13	3.247e-07	-3.2458e-07	-3.5815e-10	3.3078e-10	1.35e-12	3.2464e-07	-3.2458e-07	-1.7962e-10	3.2794e-10	-1.83e-12	3.2424e-07	-3.2438e-07	4.6e-12	3.2475e-10	5.7e-13	3.2408e-07	-3.2436e-07	2.039e-10	3.2268e-10	-8.9e-13	3.2382e-07	-3.2436e-07
1.14	-1.4769e-09	3.5573e-10	9.6e-13	3.2624e-07	-3.2514e-07	-1.303e-09	3.2987e-10	-5.6e-13	3.2572e-07	-3.2472e-07	-1.1422e-09	3.2318e-10	1.54e-12	3.2548e-07	-3.2468e-07	-9.7486e-10	3.1682e-10	3e-13	3.2524e-07	-3.246e-07	-8.1878e-10	3.1377e-10	1e-14	3.25e-07	-3.2458e-07	-6.704e-10	3.0935e-10	-1.62e-12	3.2496e-07	-3.2462e-07	-5.1199e-10	3.053e-10	4.8e-13	3.2476e-07	-3.2458e-07	-3.5207e-10	3.0789e-10	-2.32e-12	3.2462e-07	-3.2454e-07	-1.8243e-10	3.0102e-10	-6.8e-13	3.2426e-07	-3.2434e-07	3.81e-12	2.9831e-10	-6.6e-13	3.2408e-07	-3.2444e-07	2.0552e-10	2.9405e-10	-4.3e-13	3.2386e-07	-3.244e-07
1.135	-1.4758e-09	3.2953e-10	5.9e-13	3.2626e-07	-3.2514e-07	-1.296e-09	3.0492e-10	-1.04e-12	3.2576e-07	-3.248e-07	-1.1417e-09	2.9798e-10	1.4e-13	3.2552e-07	-3.2468e-07	-9.725e-10	2.9177e-10	6.2e-13	3.2524e-07	-3.2456e-07	-8.1981e-10	2.8909e-10	-9.6e-13	3.2504e-07	-3.2458e-07	-6.7131e-10	2.8452e-10	-1.7e-13	3.2494e-07	-3.2454e-07	-5.1469e-10	2.8033e-10	-1.16e-12	3.2478e-07	-3.245e-07	-3.5247e-10	2.7794e-10	-2.68e-12	3.2464e-07	-3.2458e-07	-1.811e-10	2.7614e-10	1.07e-12	3.243e-07	-3.2442e-07	4.79e-12	2.7455e-10	-1.33e-12	3.2408e-07	-3.2434e-07	2.0451e-10	2.7262e-10	-4.1e-13	3.2386e-07	-3.2432e-07
1.13	-1.4708e-09	3.0666e-10	2.6e-13	3.2622e-07	-3.2512e-07	-1.2943e-09	2.8182e-10	-1.68e-12	3.2572e-07	-3.2478e-07	-1.1408e-09	2.748e-10	-1e-13	3.2548e-07	-3.2466e-07	-9.7137e-10	2.704e-10	-1.3e-13	3.2536e-07	-3.2458e-07	-8.1775e-10	2.6726e-10	-9.6e-13	3.2512e-07	-3.246e-07	-6.6676e-10	2.6227e-10	-8.2e-13	3.2494e-07	-3.2448e-07	-5.1398e-10	2.5951e-10	-2.6e-13	3.2472e-07	-3.2448e-07	-3.513e-10	2.5701e-10	2.7e-12	3.2468e-07	-3.246e-07	-1.8117e-10	2.5502e-10	6.2e-13	3.2436e-07	-3.2442e-07	5.72e-12	2.506e-10	-6.2e-13	3.2398e-07	-3.2426e-07	2.0836e-10	2.4954e-10	-1.9e-13	3.2386e-07	-3.2434e-07
1.125	-1.4691e-09	2.859e-10	4.4e-13	3.2638e-07	-3.2514e-07	-1.2941e-09	2.6074e-10	8e-14	3.2576e-07	-3.2474e-07	-1.139e-09	2.553e-10	-1.47e-12	3.2558e-07	-3.2466e-07	-9.7468e-10	2.4944e-10	-9.3e-13	3.2528e-07	-3.246e-07	-8.2067e-10	2.4614e-10	1.25e-12	3.251e-07	-3.2452e-07	-6.6872e-10	2.4221e-10	3.1e-13	3.25e-07	-3.2456e-07	-5.122e-10	2.3862e-10	1.18e-12	3.2476e-07	-3.2452e-07	-3.4771e-10	2.3402e-10	2.79e-12	3.2474e-07	-3.2462e-07	-1.7764e-10	2.3613e-10	-8.9e-13	3.2436e-07	-3.2442e-07	6.09e-12	2.3061e-10	8.3e-13	3.2404e-07	-3.243e-07	2.0612e-10	2.305e-10	-8.6e-13	3.2394e-07	-3.2434e-07
1.12	-1.474e-09	2.661e-10	-6.1e-13	3.263e-07	-3.2508e-07	-1.2899e-09	2.4277e-10	4.7e-13	3.258e-07	-3.2472e-07	-1.134e-09	2.3566e-10	-6.1e-13	3.2552e-07	-3.2458e-07	-9.6989e-10	2.3123e-10	1.4e-13	3.2536e-07	-3.246e-07	-8.1744e-10	2.2825e-10	-6.2e-13	3.2518e-07	-3.2446e-07	-6.6984e-10	2.2542e-10	-3.2e-13	3.2502e-07	-3.2464e-07	-5.1004e-10	2.2071e-10	3e-14	3.2486e-07	-3.2454e-07	-3.4668e-10	2.2371e-10	-2.44e-12	3.247e-07	-3.246e-07	-1.7775e-10	2.154e-10	-4.2e-13	3.2432e-07	-3.2434e-07	1.005e-11	2.149e-10	6.1e-13	3.2414e-07	-3.2432e-07	2.0767e-10	2.1172e-10	-1.4e-12	3.2398e-07	-3.244e-07
1.115	-1.4703e-09	2.4807e-10	-1.03e-12	3.2638e-07	-3.2506e-07	-1.2905e-09	2.2517e-10	-7.5e-13	3.2576e-07	-3.2472e-07	-1.1362e-09	2.2113e-10	-4.1e-13	3.2554e-07	-3.2464e-07	-9.7007e-10	2.1426e-10	-6.2e-13	3.2534e-07	-3.2458e-07	-8.122e-10	2.1208e-10	-5.7e-13	3.2512e-07	-3.2458e-07	-6.6531e-10	2.0672e-10	-5.3e-13	3.2498e-07	-3.2446e-07	-5.0563e-10	2.0373e-10	-2.13e-12	3.2476e-07	-3.2452e-07	-3.4724e-10	2.0273e-10	-3.7e-12	3.2474e-07	-3.246e-07	-1.7664e-10	1.9965e-10	2.5e-13	3.244e-07	-3.245e-07	8.66e-12	1.9817e-10	-1.73e-12	3.242e-07	-3.2438e-07	2.0875e-10	1.9615e-10	4e-13	3.2398e-07	-3.2438e-07
1.11	-1.4595e-09	2.344e-10	1e-13	3.264e-07	-3.2514e-07	-1.2901e-09	2.1044e-10	-6.9e-13	3.2588e-07	-3.2474e-07	-1.1243e-09	2.0584e-10	-2.7e-13	3.255e-07	-3.246e-07	-9.6933e-10	2.0007e-10	6.2e-13	3.2536e-07	-3.245e-07	-8.1555e-10	1.9717e-10	-8e-13	3.251e-07	-3.2448e-07	-6.6634e-10	1.9332e-10	2.4e-13	3.2508e-07	-3.2454e-07	-5.0945e-10	1.8914e-10	-7.1e-13	3.249e-07	-3.2452e-07	-3.5085e-10	1.875e-10	1.4e-12	3.247e-07	-3.245e-07	-1.7629e-10	1.8603e-10	2.8e-13	3.2444e-07	-3.2442e-07	8.19e-12	1.8261e-10	-5e-13	3.2414e-07	-3.2434e-07	2.105e-10	1.8236e-10	-1.44e-12	3.2394e-07	-3.2438e-07
1.105	-1.4598e-09	2.1707e-10	-7.5e-13	3.2632e-07	-3.2506e-07	-1.2907e-09	1.966e-10	4.1e-13	3.2576e-07	-3.2466e-07	-1.1303e-09	1.8964e-10	-1.7e-12	3.2558e-07	-3.246e-07	-9.7239e-10	1.8635e-10	1.2e-13	3.2536e-07	-3.246e-07	-8.1092e-10	1.8305e-10	1.1e-12	3.251e-07	-3.2448e-07	-6.6375e-10	1.7931e-10	-3e-14	3.251e-07	-3.2458e-07	-5.0935e-10	1.7545e-10	9e-13	3.2482e-07	-3.2458e-07	-3.4451e-10	1.7435e-10	2.85e-12	3.2464e-07	-3.2448e-07	-1.739e-10	1.7219e-10	-1.08e-12	3.2444e-07	-3.2446e-07	7.56e-12	1.693e-10	3.9e-13	3.242e-07	-3.2434e-07	2.1007e-10	1.6767e-10	2.3e-13	3.2398e-07	-3.2448e-07
1.1	-1.4575e-09	2.0453e-10	-3.9e-13	3.2636e-07	-3.2514e-07	-1.2912e-09	1.8401e-10	5.3e-13	3.2584e-07	-3.2478e-07	-1.1302e-09	1.7847e-10	1.9e-13	3.2552e-07	-3.246e-07	-9.7076e-10	1.7409e-10	-8.7e-13	3.2538e-07	-3.2458e-07	-8.1477e-10	1.7112e-10	-3.6e-13	3.2516e-07	-3.2446e-07	-6.6483e-10	1.6705e-10	-1.2e-12	3.2504e-07	-3.2452e-07	-5.0712e-10	1.6333e-10	-2.1e-13	3.248e-07	-3.2448e-07	-3.4409e-10	1.6293e-10	-6.5e-13	3.2464e-07	-3.2446e-07	-1.7267e-10	1.6073e-10	1.4e-13	3.244e-07	-3.2442e-07	1.148e-11	1.5683e-10	-3.5e-13	3.2416e-07	-3.243e-07	2.1082e-10	1.5664e-10	2.3e-13	3.2396e-07	-3.244e-07
1.095	-1.4581e-09	1.911e-10	-4.2e-13	3.2642e-07	-3.2518e-07	-1.2881e-09	1.7106e-10	-1.01e-12	3.258e-07	-3.247e-07	-1.13e-09	1.6676e-10	7e-14	3.2562e-07	-3.2462e-07	-9.7091e-10	1.6131e-10	1.01e-12	3.2538e-07	-3.2448e-07	-8.0917e-10	1.5984e-10	-1.79e-12	3.2512e-07	-3.2448e-07	-6.6624e-10	1.56e-10	4e-14	3.251e-07	-3.2454e-07	-5.0628e-10	1.5397e-10	-1.08e-12	3.2492e-07	-3.2454e-07	-3.429e-10	1.5319e-10	-3.17e-12	3.2472e-07	-3.245e-07	-1.7168e-10	1.4948e-10	7.3e-13	3.2446e-07	-3.2442e-07	1.331e-11	1.4648e-10	-1.4e-12	3.242e-07	-3.244e-07	2.139e-10	1.4513e-10	-1.3e-13	3.24e-07	-3.2444e-07
1.09	-1.4604e-09	1.8185e-10	5e-13	3.2646e-07	-3.2522e-07	-1.287e-09	1.6086e-10	-7e-13	3.2582e-07	-3.2474e-07	-1.1262e-09	1.5796e-10	1.6e-13	3.2566e-07	-3.2462e-07	-9.6624e-10	1.5195e-10	-4.7e-13	3.2532e-07	-3.2444e-07	-8.0968e-10	1.4968e-10	-6.7e-13	3.2522e-07	-3.2452e-07	-6.6132e-10	1.4532e-10	-1.3e-13	3.2518e-07	-3.2462e-07	-5.0435e-10	1.4178e-10	-3.9e-13	3.2492e-07	-3.2452e-07	-3.4811e-10	1.3836e-10	-5.6e-13	3.2474e-07	-3.2456e-07	-1.6903e-10	1.3869e-10	-3e-14	3.2446e-07	-3.2444e-07	7.97e-12	1.3773e-10	1.44e-12	3.2418e-07	-3.2436e-07	2.1151e-10	1.3528e-10	-1.18e-12	3.2402e-07	-3.243e-07
1.085	-1.4588e-09	1.7158e-10	-2.9e-13	3.2638e-07	-3.251e-07	-1.2855e-09	1.51e-10	-3.4e-13	3.2582e-07	-3.2472e-07	-1.1282e-09	1.4525e-10	-1.2e-13	3.256e-07	-3.2468e-07	-9.655e-10	1.4157e-10	-8.2e-13	3.2544e-07	-3.246e-07	-8.1127e-10	1.3997e-10	-8.2e-13	3.2514e-07	-3.245e-07	-6.6241e-10	1.3608e-10	-2.8e-13	3.251e-07	-3.2458e-07	-5.0528e-10	1.3416e-10	7e-13	3.2492e-07	-3.2452e-07	-3.4535e-10	1.3156e-10	2.34e-12	3.2472e-07	-3.2448e-07	-1.6992e-10	1.3083e-10	-1.18e-12	3.2448e-07	-3.2446e-07	-8.18e-12	1.2536e-10	4.7e-12	3.242e-07	-3.244e-07	2.157e-10	1.2651e-10	-1.5e-13	3.2404e-07	-3.2436e-07
1.08	-1.4592e-09	1.6151e-10	2e-13	3.2642e-07	-3.251e-07	-1.2811e-09	1.4205e-10	3.1e-13	3.2582e-07	-3.2476e-07	-1.1263e-09	1.3747e-10	3.3e-13	3.256e-07	-3.2464e-07	-9.6495e-10	1.3503e-10	-4.1e-13	3.2538e-07	-3.2458e-07	-8.0635e-10	1.3016e-10	6e-14	3.252e-07	-3.2458e-07	-6.5999e-10	1.2802e-10	-7e-13	3.2506e-07	-3.2452e-07	-5.0467e-10	1.2552e-10	1e-13	3.2496e-07	-3.2456e-07	-3.3664e-10	1.2416e-10	-9.3e-13	3.2472e-07	-3.2448e-07	-1.7083e-10	1.2183e-10	-3.5e-13	3.2456e-07	-3.2442e-07	3.45e-12	1.1773e-10	-2.4e-13	3.2416e-07	-3.2434e-07	2.1491e-10	1.1851e-10	4e-14	3.2402e-07	-3.244e-07
1.075	-1.4542e-09	1.5344e-10	2.8e-13	3.2642e-07	-3.2512e-07	-1.2774e-09	1.3396e-10	-1.18e-12	3.2588e-07	-3.2476e-07	-1.1231e-09	1.2955e-10	-1.1e-13	3.2564e-07	-3.2466e-07	-9.5866e-10	1.2492e-10	3.1e-13	3.254e-07	-3.2454e-07	-8.0826e-10	1.2471e-10	2e-14	3.2526e-07	-3.2458e-07	-6.6334e-10	1.1973e-10	-6.7e-13	3.252e-07	-3.2452e-07	-5.0011e-10	1.1765e-10	-1.06e-12	3.2486e-07	-3.2452e-07	-3.3815e-10	1.1737e-10	-3.92e-12	3.2476e-07	-3.2458e-07	-1.6833e-10	1.1403e-10	5.1e-13	3.2448e-07	-3.2448e-07	5.06e-12	1.1437e-10	-6.43e-12	3.2424e-07	-3.2428e-07	2.1648e-10	1.0934e-10	-1.41e-12	3.2404e-07	-3.2436e-07
1.07	-1.4547e-09	1.4346e-10	1.9e-13	3.264e-07	-3.2512e-07	-1.2794e-09	1.2719e-10	-1.7e-13	3.2588e-07	-3.247e-07	-1.1207e-09	1.223e-10	-1.4e-12	3.2564e-07	-3.2464e-07	-9.6495e-10	1.1937e-10	-1e-13	3.2544e-07	-3.2454e-07	-8.0512e-10	1.1503e-10	-1.04e-12	3.2518e-07	-3.2452e-07	-6.5846e-10	1.1219e-10	-8e-14	3.2504e-07	-3.2458e-07	-5.0194e-10	1.1122e-10	-9.7e-13	3.2494e-07	-3.2452e-07	-3.4118e-10	1.0738e-10	-1.48e-12	3.248e-07	-3.2454e-07	-1.672e-10	1.0582e-10	3e-13	3.2444e-07	-3.244e-07	-4.32e-12	1.0681e-10	8.3e-13	3.242e-07	-3.2438e-07	2.1735e-10	1.0473e-10	-1.63e-12	3.2414e-07	-3.244e-07
1.065	-1.4512e-09	1.3763e-10	-5.8e-13	3.2638e-07	-3.2508e-07	-1.2786e-09	1.2001e-10	8.4e-13	3.2586e-07	-3.247e-07	-1.1237e-09	1.1649e-10	-7.1e-13	3.2566e-07	-3.2472e-07	-9.5738e-10	1.1239e-10	-7.6e-13	3.2544e-07	-3.2456e-07	-8.0656e-10	1.0888e-10	-4.1e-13	3.2518e-07	-3.2452e-07	-6.5818e-10	1.0604e-10	-1e-13	3.251e-07	-3.245e-07	-5.0115e-10	1.0447e-10	1.31e-12	3.2494e-07	-3.2456e-07	-3.4251e-10	1.0023e-10	2.85e-12	3.248e-07	-3.2454e-07	-1.6603e-10	1.0083e-10	-1.21e-12	3.245e-07	-3.2444e-07	1.221e-11	9.576e-11	7.69e-12	3.2426e-07	-3.244e-07	2.1588e-10	9.706e-11	-8.4e-13	3.2412e-07	-3.244e-07
1.06	-1.4529e-09	1.3017e-10	-1.1e-13	3.2642e-07	-3.2508e-07	-1.2817e-09	1.1322e-10	-9.1e-13	3.259e-07	-3.2464e-07	-1.1191e-09	1.0994e-10	4.7e-13	3.2564e-07	-3.2466e-07	-9.5832e-10	1.0586e-10	-1e-14	3.254e-07	-3.2456e-07	-8.0768e-10	1.028e-10	3.9e-13	3.2528e-07	-3.2458e-07	-6.5627e-10	1.0053e-10	-1.01e-12	3.2512e-07	-3.2456e-07	-5.0028e-10	9.808e-11	8.9e-13	3.2488e-07	-3.2452e-07	-3.3736e-10	9.779e-11	-6.2e-13	3.2474e-07	-3.2454e-07	-1.6744e-10	9.487e-11	-8e-14	3.2456e-07	-3.2448e-07	2.989e-11	9.016e-11	1.09e-12	3.2422e-07	-3.244e-07	2.1941e-10	9.15e-11	2.4e-13	3.2406e-07	-3.2446e-07
1.055	-1.449e-09	1.256e-10	-1.2e-13	3.264e-07	-3.2514e-07	-1.2793e-09	1.0707e-10	-9.9e-13	3.2584e-07	-3.2468e-07	-1.1125e-09	1.046e-10	-3.7e-13	3.257e-07	-3.2466e-07	-9.5885e-10	9.92e-11	-1.1e-13	3.2542e-07	-3.246e-07	-8.0488e-10	9.82e-11	-3.3e-13	3.2518e-07	-3.245e-07	-6.551e-10	9.413e-11	-1.27e-12	3.2516e-07	-3.2462e-07	-4.9764e-10	9.235e-11	-4.7e-13	3.25e-07	-3.2448e-07	-3.3663e-10	9.057e-11	-4.07e-12	3.2476e-07	-3.2456e-07	-1.6441e-10	8.789e-11	-4.5e-13	3.2448e-07	-3.2434e-07	1.643e-11	9.323e-11	-8.57e-12	3.2424e-07	-3.243e-07	2.1813e-10	8.563e-11	5.4e-13	3.2414e-07	-3.2442e-07
1.05	-1.447e-09	1.1822e-10	-1.4e-13	3.2632e-07	-3.25e-07	-1.2837e-09	1.0277e-10	-2.4e-13	3.2594e-07	-3.2478e-07	-1.1152e-09	9.741e-11	-6.5e-13	3.2562e-07	-3.2462e-07	-9.5559e-10	9.385e-11	-1.8e-13	3.2546e-07	-3.2458e-07	-8.0459e-10	9.425e-11	-2.01e-12	3.2528e-07	-3.2454e-07	-6.5822e-10	8.934e-11	1e-13	3.2516e-07	-3.2454e-07	-5.0122e-10	8.791e-11	-1.26e-12	3.2492e-07	-3.2446e-07	-3.3913e-10	8.535e-11	-6.2e-13	3.2474e-07	-3.2448e-07	-1.6548e-10	8.292e-11	-9e-14	3.2456e-07	-3.2442e-07	6.85e-12	8.122e-11	-1.36e-12	3.2428e-07	-3.2434e-07	2.2115e-10	8.235e-11	-9.1e-13	3.2414e-07	-3.2444e-07
1.045	-1.4488e-09	1.1282e-10	-3e-13	3.2632e-07	-3.251e-07	-1.2776e-09	9.651e-11	-2e-13	3.2584e-07	-3.2478e-07	-1.1114e-09	9.315e-11	1.1e-13	3.256e-07	-3.2454e-07	-9.6155e-10	9.104e-11	-6.3e-13	3.2544e-07	-3.2458e-07	-8.0195e-10	8.69e-11	-3.4e-13	3.2524e-07	-3.2452e-07	-6.5364e-10	8.488e-11	-7e-14	3.252e-07	-3.2464e-07	-4.9826e-10	8.235e-11	1.6e-13	3.2488e-07	-3.2454e-07	-3.402e-10	7.877e-11	2.52e-12	3.2478e-07	-3.2452e-07	-1.6554e-10	7.904e-11	-1.43e-12	3.2452e-07	-3.2448e-07	1.929e-11	7.796e-11	7.02e-12	3.2424e-07	-3.244e-07	2.2168e-10	7.649e-11	-8.8e-13	3.2404e-07	-3.244e-07
1.04	-1.4452e-09	1.0855e-10	-7.4e-13	3.2642e-07	-3.2508e-07	-1.2718e-09	9.242e-11	-4.2e-13	3.2592e-07	-3.2472e-07	-1.1126e-09	8.847e-11	1.31e-12	3.2564e-07	-3.246e-07	-9.5274e-10	8.506e-11	-9.7e-13	3.2542e-07	-3.246e-07	-8.0594e-10	8.367e-11	3.7e-13	3.2524e-07	-3.2452e-07	-6.5357e-10	8.091e-11	-8.4e-13	3.252e-07	-3.2466e-07	-4.9669e-10	7.817e-11	-7.2e-13	3.2498e-07	-3.2452e-07	-3.3453e-10	7.612e-11	3.2e-13	3.2474e-07	-3.2446e-07	-1.6212e-10	7.574e-11	-9.3e-13	3.2458e-07	-3.2446e-07	3.266e-11	7.279e-11	2.58e-12	3.2418e-07	-3.2432e-07	2.2073e-10	7.281e-11	-6.5e-13	3.2414e-07	-3.244e-07
1.035	-1.4418e-09	1.0181e-10	-9.7e-13	3.2642e-07	-3.2512e-07	-1.2702e-09	9.08e-11	-4.1e-13	3.2586e-07	-3.2468e-07	-1.1101e-09	8.382e-11	-1.5e-13	3.256e-07	-3.246e-07	-9.5583e-10	8.161e-11	8e-14	3.2546e-07	-3.246e-07	-8.0057e-10	7.93e-11	1.9e-13	3.2528e-07	-3.2454e-07	-6.5195e-10	7.678e-11	-1.7e-13	3.2518e-07	-3.2464e-07	-4.9586e-10	7.442e-11	-5.5e-13	3.2496e-07	-3.2458e-07	-3.3487e-10	7.417e-11	-3.25e-12	3.2476e-07	-3.2452e-07	-1.6158e-10	6.966e-11	6e-14	3.245e-07	-3.2446e-07	1.185e-11	7.286e-11	-6.87e-12	3.2424e-07	-3.2424e-07	2.2191e-10	6.862e-11	3.6e-13	3.241e-07	-3.244e-07
1.03	-1.4473e-09	9.811e-11	3e-13	3.2642e-07	-3.2506e-07	-1.2718e-09	8.544e-11	-4.8e-13	3.2594e-07	-3.2478e-07	-1.1045e-09	8.146e-11	-1e-13	3.2564e-07	-3.246e-07	-9.5408e-10	7.714e-11	3.8e-13	3.2542e-07	-3.2456e-07	-8.039e-10	7.625e-11	-1.39e-12	3.2524e-07	-3.2448e-07	-6.5013e-10	7.336e-11	-6.9e-13	3.2516e-07	-3.2458e-07	-4.9316e-10	7.168e-11	-4.7e-13	3.2498e-07	-3.2458e-07	-3.3429e-10	6.885e-11	-1.73e-12	3.2474e-07	-3.245e-07	-1.6291e-10	6.844e-11	1.65e-12	3.2456e-07	-3.2442e-07	4.12e-12	6.729e-11	-2.33e-12	3.2428e-07	-3.2434e-07	2.2383e-10	6.641e-11	2e-14	3.2408e-07	-3.244e-07
1.025	-1.4418e-09	9.381e-11	2.1e-13	3.2644e-07	-3.2506e-07	-1.2703e-09	7.992e-11	-1.59e-12	3.2588e-07	-3.2466e-07	-1.1099e-09	7.585e-11	2.4e-13	3.2564e-07	-3.2462e-07	-9.5229e-10	7.449e-11	9e-14	3.2546e-07	-3.2454e-07	-7.9765e-10	7.258e-11	1.7e-13	3.2524e-07	-3.245e-07	-6.4928e-10	6.974e-11	-1.3e-12	3.2518e-07	-3.2462e-07	-4.949e-10	6.693e-11	1.12e-12	3.2508e-07	-3.2468e-07	-3.3745e-10	6.437e-11	2.31e-12	3.2482e-07	-3.2452e-07	-1.6097e-10	6.427e-11	-1.29e-12	3.2458e-07	-3.2452e-07	2.74e-12	6.188e-11	5.3e-12	3.2426e-07	-3.243e-07	2.2707e-10	6.193e-11	-1.88e-12	3.2402e-07	-3.2434e-07
1.02	-1.4405e-09	9.045e-11	-2.7e-13	3.2632e-07	-3.25e-07	-1.2682e-09	7.624e-11	5e-13	3.2584e-07	-3.2464e-07	-1.1095e-09	7.376e-11	-3.1e-13	3.2566e-07	-3.246e-07	-9.5562e-10	7.079e-11	-1.47e-12	3.254e-07	-3.246e-07	-7.9816e-10	6.791e-11	1e-13	3.253e-07	-3.245e-07	-6.4997e-10	6.555e-11	-4.7e-13	3.252e-07	-3.2466e-07	-4.9078e-10	6.374e-11	4.3e-13	3.2508e-07	-3.2448e-07	-3.324e-10	6.247e-11	1.56e-12	3.2476e-07	-3.2452e-07	-1.5946e-10	6.102e-11	-5.5e-13	3.2456e-07	-3.2448e-07	1.448e-11	6.185e-11	1.09e-12	3.243e-07	-3.2434e-07	2.2299e-10	5.82e-11	-1.4e-13	3.2404e-07	-3.2428e-07
1.015	-1.4435e-09	8.543e-11	-5.5e-13	3.2636e-07	-3.2508e-07	-1.275e-09	7.641e-11	-1.6e-13	3.2594e-07	-3.2474e-07	-1.1047e-09	6.873e-11	-3.3e-13	3.2564e-07	-3.2464e-07	-9.5586e-10	6.653e-11	-1.11e-12	3.2544e-07	-3.2446e-07	-7.9702e-10	6.572e-11	-2.34e-12	3.2524e-07	-3.2452e-07	-6.5387e-10	6.354e-11	-5.6e-13	3.252e-07	-3.2456e-07	-4.9365e-10	6.12e-11	1.2e-13	3.2506e-07	-3.246e-07	-3.3049e-10	6.215e-11	-1.92e-12	3.2482e-07	-3.2448e-07	-1.6117e-10	5.768e-11	-1.7e-13	3.246e-07	-3.2444e-07	3.845e-11	5.62e-11	-3.78e-12	3.242e-07	-3.244e-07	2.2685e-10	5.696e-11	-3.2e-13	3.2416e-07	-3.2438e-07
1.01	-1.4394e-09	8.239e-11	1.03e-12	3.2644e-07	-3.2506e-07	-1.2683e-09	7.129e-11	-7.4e-13	3.2588e-07	-3.2468e-07	-1.1075e-09	6.677e-11	-1.08e-12	3.2566e-07	-3.2462e-07	-9.5201e-10	6.477e-11	7.5e-13	3.2542e-07	-3.2458e-07	-7.9662e-10	6.224e-11	-8.8e-13	3.2522e-07	-3.2452e-07	-6.4995e-10	5.943e-11	7e-14	3.2518e-07	-3.2454e-07	-4.8986e-10	5.864e-11	-4.3e-13	3.2498e-07	-3.2456e-07	-3.3213e-10	5.719e-11	-1.93e-12	3.2476e-07	-3.2448e-07	-1.5732e-10	5.517e-11	-3e-13	3.2458e-07	-3.2444e-07	3.171e-11	5.552e-11	-2.13e-12	3.2428e-07	-3.2436e-07	2.2862e-10	5.296e-11	-1.9e-13	3.2406e-07	-3.2442e-07
1.005	-1.4349e-09	7.856e-11	2.9e-13	3.2642e-07	-3.2502e-07	-1.27e-09	6.765e-11	-6.2e-13	3.2596e-07	-3.2466e-07	-1.1068e-09	6.469e-11	-4.6e-13	3.2562e-07	-3.2454e-07	-9.4988e-10	6.092e-11	3.1e-13	3.2544e-07	-3.2454e-07	-7.9933e-10	6.015e-11	2.7e-13	3.2524e-07	-3.2456e-07	-6.5156e-10	5.861e-11	-8.9e-13	3.2528e-07	-3.2466e-07	-4.8926e-10	5.641e-11	1e-14	3.25e-07	-3.2452e-07	-3.295e-10	5.402e-11	1.04e-12	3.2476e-07	-3.245e-07	-1.5671e-10	5.367e-11	-5.2e-13	3.2456e-07	-3.2444e-07	2.618e-11	5.174e-11	1.08e-12	3.2428e-07	-3.2428e-07	2.3103e-10	5.118e-11	2.4e-13	3.2414e-07	-3.2444e-07
1	-1.4343e-09	7.515e-11	4.9e-13	3.2648e-07	-3.2506e-07	-1.2678e-09	6.364e-11	-2.3e-13	3.259e-07	-3.2472e-07	-1.1072e-09	6.164e-11	-1e-12	3.2564e-07	-3.2462e-07	-9.4536e-10	5.911e-11	-1.01e-12	3.2538e-07	-3.2458e-07	-7.9513e-10	5.681e-11	-9e-14	3.2522e-07	-3.2442e-07	-6.4691e-10	5.457e-11	-3.7e-13	3.2524e-07	-3.2468e-07	-4.9164e-10	5.317e-11	-3.9e-13	3.25e-07	-3.246e-07	-3.3002e-10	5.153e-11	2.1e-12	3.247e-07	-3.244e-07	-1.5772e-10	4.97e-11	-1.32e-12	3.2454e-07	-3.2452e-07	1.445e-11	5.108e-11	1.5e-13	3.2424e-07	-3.244e-07	2.3255e-10	4.795e-11	1.9e-13	3.2412e-07	-3.2444e-07
0.995	-1.4347e-09	7.335e-11	-7.8e-13	3.2642e-07	-3.2506e-07	-1.2709e-09	6.288e-11	-9.5e-13	3.2598e-07	-3.2476e-07	-1.0985e-09	5.892e-11	1.9e-13	3.2566e-07	-3.2464e-07	-9.4578e-10	5.551e-11	-1.9e-13	3.2542e-07	-3.2456e-07	-7.9683e-10	5.383e-11	-2.8e-13	3.2524e-07	-3.245e-07	-6.4661e-10	5.289e-11	-1.57e-12	3.2522e-07	-3.2462e-07	-4.872e-10	5.207e-11	-4.8e-13	3.2496e-07	-3.2446e-07	-3.2718e-10	5.024e-11	-8.1e-13	3.2474e-07	-3.2446e-07	-1.5703e-10	4.887e-11	9e-13	3.2456e-07	-3.2442e-07	2.688e-11	4.843e-11	-1.71e-12	3.2422e-07	-3.2426e-07	2.3379e-10	4.638e-11	-4e-13	3.2412e-07	-3.2446e-07
0.99	-1.4394e-09	7.004e-11	-2.9e-13	3.2638e-07	-3.2504e-07	-1.2702e-09	6.017e-11	-9.5e-13	3.2598e-07	-3.2476e-07	-1.1016e-09	5.629e-11	2.6e-13	3.2566e-07	-3.2458e-07	-9.4721e-10	5.45e-11	3e-13	3.2546e-07	-3.2452e-07	-7.9508e-10	5.175e-11	-9.4e-13	3.2518e-07	-3.2446e-07	-6.4598e-10	4.989e-11	-9.3e-13	3.253e-07	-3.246e-07	-4.8724e-10	4.818e-11	-6.1e-13	3.2494e-07	-3.2448e-07	-3.2627e-10	4.891e-11	-1.28e-12	3.2478e-07	-3.2452e-07	-1.5429e-10	4.541e-11	5.5e-13	3.245e-07	-3.2436e-07	2.328e-11	4.404e-11	1.5e-13	3.243e-07	-3.2434e-07	2.375e-10	4.329e-11	-1.52e-12	3.2416e-07	-3.244e-07
0.985	-1.4368e-09	6.718e-11	6.9e-13	3.2638e-07	-3.2512e-07	-1.2718e-09	5.696e-11	5e-14	3.2594e-07	-3.2472e-07	-1.0971e-09	5.46e-11	-8.1e-13	3.256e-07	-3.2466e-07	-9.4602e-10	5.119e-11	-3.2e-13	3.2544e-07	-3.2454e-07	-7.936e-10	4.995e-11	-6.1e-13	3.2528e-07	-3.2452e-07	-6.4588e-10	4.887e-11	2.7e-13	3.252e-07	-3.246e-07	-4.8629e-10	4.68e-11	-1.05e-12	3.249e-07	-3.2444e-07	-3.2827e-10	4.484e-11	3.7e-13	3.2474e-07	-3.2446e-07	-1.5066e-10	4.476e-11	-8.7e-13	3.245e-07	-3.2446e-07	2.054e-11	4.252e-11	-5.4e-13	3.243e-07	-3.2434e-07	2.3758e-10	4.192e-11	-2.5e-13	3.242e-07	-3.2446e-07
0.98	-1.4315e-09	6.58e-11	-1.6e-13	3.2642e-07	-3.2508e-07	-1.2636e-09	5.557e-11	6e-14	3.2588e-07	-3.2476e-07	-1.0988e-09	5.28e-11	1.6e-13	3.2566e-07	-3.2464e-07	-9.4758e-10	4.984e-11	-9.2e-13	3.254e-07	-3.2458e-07	-7.9255e-10	4.767e-11	-6.7e-13	3.2524e-07	-3.2454e-07	-6.4189e-10	4.637e-11	2.7e-13	3.2518e-07	-3.2464e-07	-4.847e-10	4.421e-11	2.5e-13	3.249e-07	-3.245e-07	-3.2758e-10	4.392e-11	9.4e-13	3.2482e-07	-3.2444e-07	-1.5266e-10	4.267e-11	-1.51e-12	3.245e-07	-3.243e-07	3.833e-11	4.117e-11	-6.7e-13	3.2424e-07	-3.2436e-07	2.4258e-10	4.012e-11	-3.2e-13	3.2414e-07	-3.2442e-07
0.975	-1.4347e-09	6.346e-11	-1.09e-12	3.265e-07	-3.2506e-07	-1.2611e-09	5.342e-11	3.1e-13	3.2594e-07	-3.247e-07	-1.0999e-09	5.096e-11	-1.43e-12	3.2576e-07	-3.2464e-07	-9.5255e-10	4.914e-11	-9.3e-13	3.2546e-07	-3.2452e-07	-7.8768e-10	4.636e-11	2.5e-13	3.2526e-07	-3.245e-07	-6.4019e-10	4.518e-11	-1.21e-12	3.252e-07	-3.2464e-07	-4.8394e-10	4.346e-11	-5e-14	3.2492e-07	-3.2454e-07	-3.2174e-10	4.194e-11	-1.29e-12	3.248e-07	-3.2452e-07	-1.4984e-10	4.132e-11	-9.2e-13	3.2446e-07	-3.2436e-07	3.906e-11	4.214e-11	-1.02e-12	3.2426e-07	-3.2424e-07	2.4772e-10	3.788e-11	-5e-14	3.2412e-07	-3.2444e-07
0.97	-1.4341e-09	6.111e-11	-1.14e-12	3.2644e-07	-3.2508e-07	-1.2649e-09	5.12e-11	-2.8e-13	3.2594e-07	-3.2472e-07	-1.1017e-09	4.809e-11	-5.5e-13	3.257e-07	-3.2464e-07	-9.457e-10	4.619e-11	-4.4e-13	3.2546e-07	-3.2452e-07	-7.8745e-10	4.51e-11	-3.4e-13	3.2528e-07	-3.2454e-07	-6.4592e-10	4.424e-11	-1.6e-12	3.2526e-07	-3.2462e-07	-4.833e-10	4.121e-11	-1.63e-12	3.2492e-07	-3.2452e-07	-3.2153e-10	4.075e-11	-1.86e-12	3.2472e-07	-3.2448e-07	-1.48e-10	3.9e-11	4.5e-13	3.2452e-07	-3.244e-07	4.758e-11	3.662e-11	7.9e-13	3.243e-07	-3.2432e-07	2.4968e-10	3.734e-11	-7.3e-13	3.2414e-07	-3.2444e-07
0.965	-1.4325e-09	5.821e-11	-1e-13	3.264e-07	-3.25e-07	-1.2673e-09	4.927e-11	-6.5e-13	3.2594e-07	-3.2472e-07	-1.1005e-09	4.685e-11	-2.1e-13	3.2562e-07	-3.246e-07	-9.4593e-10	4.411e-11	4.3e-13	3.2542e-07	-3.2458e-07	-7.8857e-10	4.276e-11	-9.6e-13	3.2522e-07	-3.2448e-07	-6.4108e-10	4.189e-11	-6.1e-13	3.2522e-07	-3.2464e-07	-4.8266e-10	3.932e-11	-1.6e-12	3.2498e-07	-3.2448e-07	-3.2193e-10	3.888e-11	3.7e-13	3.248e-07	-3.2452e-07	-1.4567e-10	3.658e-11	-1.45e-12	3.2446e-07	-3.244e-07	5.153e-11	3.612e-11	-2e-14	3.2426e-07	-3.2428e-07	2.5461e-10	3.409e-11	-4.2e-13	3.2416e-07	-3.244e-07
0.96	-1.4303e-09	5.614e-11	-1.2e-13	3.2638e-07	-3.2498e-07	-1.2613e-09	4.748e-11	6.7e-13	3.2594e-07	-3.2476e-07	-1.1014e-09	4.398e-11	-9.3e-13	3.2562e-07	-3.2458e-07	-9.4569e-10	4.329e-11	-1.5e-13	3.2546e-07	-3.2456e-07	-7.874e-10	4.129e-11	-2.1e-13	3.2526e-07	-3.2452e-07	-6.4258e-10	4.018e-11	-2.3e-13	3.2522e-07	-3.2462e-07	-4.805e-10	3.897e-11	-2.2e-13	3.2488e-07	-3.2448e-07	-3.1704e-10	3.682e-11	5.3e-13	3.2476e-07	-3.245e-07	-1.414e-10	3.671e-11	-4.5e-13	3.2454e-07	-3.2434e-07	5.267e-11	3.43e-11	-2.56e-12	3.243e-07	-3.244e-07	2.6121e-10	3.305e-11	4.1e-13	3.241e-07	-3.244e-07
0.955	-1.4319e-09	5.493e-11	5.3e-13	3.2636e-07	-3.25e-07	-1.258e-09	4.667e-11	-6.8e-13	3.2588e-07	-3.2466e-07	-1.1028e-09	4.388e-11	-7.2e-13	3.2578e-07	-3.2472e-07	-9.417e-10	4.169e-11	-8.2e-13	3.254e-07	-3.2458e-07	-7.8438e-10	4.052e-11	5e-14	3.253e-07	-3.2454e-07	-6.4108e-10	3.842e-11	-6.9e-13	3.2524e-07	-3.2466e-07	-4.7914e-10	3.556e-11	-1e-13	3.249e-07	-3.2448e-07	-3.1326e-10	3.621e-11	-1.24e-12	3.247e-07	-3.2448e-07	-1.3886e-10	3.353e-11	3.5e-13	3.2456e-07	-3.245e-07	5.273e-11	3.223e-11	-1e-13	3.2422e-07	-3.2434e-07	2.691e-10	3.062e-11	-9.2e-13	3.241e-07	-3.244e-07
0.95	-1.4307e-09	5.341e-11	-4.3e-13	3.2642e-07	-3.2498e-07	-1.2642e-09	4.42e-11	-7.7e-13	3.2588e-07	-3.247e-07	-1.0963e-09	4.126e-11	5e-13	3.2574e-07	-3.2472e-07	-9.426e-10	3.932e-11	-3.3e-13	3.254e-07	-3.2454e-07	-7.8548e-10	3.766e-11	-8.9e-13	3.2524e-07	-3.2446e-07	-6.4044e-10	3.777e-11	-1e-13	3.2524e-07	-3.2466e-07	-4.734e-10	3.505e-11	-5.3e-13	3.25e-07	-3.2454e-07	-3.1435e-10	3.466e-11	-5.6e-13	3.2478e-07	-3.2452e-07	-1.3148e-10	3.296e-11	-2.4e-13	3.2456e-07	-3.2448e-07	5.891e-11	3.341e-11	-6.8e-13	3.2426e-07	-3.2428e-07	2.7353e-10	3.062e-11	-5e-14	3.2406e-07	-3.2436e-07
0.945	-1.4253e-09	5.065e-11	-9.9e-13	3.2638e-07	-3.2504e-07	-1.2624e-09	4.357e-11	-5.4e-13	3.259e-07	-3.2472e-07	-1.0956e-09	4.046e-11	7.4e-13	3.2572e-07	-3.2466e-07	-9.384e-10	3.784e-11	-9e-14	3.2548e-07	-3.2454e-07	-7.8332e-10	3.677e-11	-1.05e-12	3.2528e-07	-3.2446e-07	-6.3684e-10	3.459e-11	4.3e-13	3.2518e-07	-3.2464e-07	-4.7375e-10	3.333e-11	-3.9e-13	3.2494e-07	-3.2448e-07	-3.1005e-10	3.298e-11	8.4e-13	3.2476e-07	-3.245e-07	-1.3038e-10	3.155e-11	1.4e-13	3.2456e-07	-3.2442e-07	7.136e-11	2.943e-11	-5.3e-13	3.2422e-07	-3.243e-07	2.8509e-10	2.764e-11	5.5e-13	3.2404e-07	-3.2442e-07
0.94	-1.4283e-09	4.763e-11	8.8e-13	3.2632e-07	-3.2502e-07	-1.2556e-09	4.116e-11	4e-14	3.2592e-07	-3.2466e-07	-1.09e-09	3.824e-11	-1.25e-12	3.2572e-07	-3.2464e-07	-9.395e-10	3.791e-11	-6.6e-13	3.2546e-07	-3.2458e-07	-7.8546e-10	3.583e-11	-3.2e-13	3.2524e-07	-3.2446e-07	-6.3545e-10	3.351e-11	-7e-13	3.2522e-07	-3.2458e-07	-4.6875e-10	3.196e-11	-6.1e-13	3.2496e-07	-3.2452e-07	-3.0421e-10	3.142e-11	1.14e-12	3.248e-07	-3.2452e-07	-1.2191e-10	3.102e-11	-1.31e-12	3.245e-07	-3.2448e-07	7.457e-11	2.751e-11	3.9e-13	3.2426e-07	-3.2436e-07	2.9637e-10	2.637e-11	-2e-13	3.2404e-07	-3.2442e-07
0.935	-1.4255e-09	4.8e-11	1.22e-12	3.2638e-07	-3.2502e-07	-1.2595e-09	3.884e-11	1.1e-13	3.2592e-07	-3.2472e-07	-1.0921e-09	3.707e-11	-2.2e-13	3.2576e-07	-3.2466e-07	-9.2981e-10	3.548e-11	-1.32e-12	3.2542e-07	-3.2456e-07	-7.796e-10	3.4e-11	-1.1e-13	3.253e-07	-3.2452e-07	-6.3155e-10	3.237e-11	-6.2e-13	3.2528e-07	-3.2462e-07	-4.6702e-10	3.114e-11	-9e-13	3.249e-07	-3.245e-07	-2.9944e-10	3.023e-11	-2.22e-12	3.2474e-07	-3.2448e-07	-1.1913e-10	2.88e-11	-5e-13	3.2452e-07	-3.2444e-07	8.2e-11	2.51e-11	8.8e-13	3.243e-07	-3.243e-07	3.082e-10	2.474e-11	-1.48e-12	3.2404e-07	-3.2446e-07
0.93	-1.4242e-09	4.574e-11	-4.7e-13	3.2632e-07	-3.249e-07	-1.2594e-09	3.917e-11	-9.5e-13	3.2596e-07	-3.247e-07	-1.0918e-09	3.573e-11	-1.7e-13	3.2568e-07	-3.247e-07	-9.3509e-10	3.463e-11	-8.6e-13	3.2546e-07	-3.2458e-07	-7.7682e-10	3.32e-11	-4.3e-13	3.2522e-07	-3.2452e-07	-6.2833e-10	3.104e-11	2e-14	3.2522e-07	-3.2464e-07	-4.6201e-10	2.932e-11	-1.72e-12	3.2496e-07	-3.2452e-07	-2.9688e-10	2.939e-11	-1.48e-12	3.2476e-07	-3.2452e-07	-1.1335e-10	2.622e-11	-7.6e-13	3.244e-07	-3.244e-07	8.996e-11	2.602e-11	-1e-14	3.2424e-07	-3.2442e-07	3.2362e-10	2.281e-11	-9.4e-13	3.2412e-07	-3.2438e-07
0.925	-1.4257e-09	4.4e-11	-5.1e-13	3.2632e-07	-3.2492e-07	-1.2608e-09	3.823e-11	3.1e-13	3.259e-07	-3.2464e-07	-1.0893e-09	3.356e-11	-2.9e-13	3.257e-07	-3.2466e-07	-9.3643e-10	3.321e-11	6.4e-13	3.255e-07	-3.2454e-07	-7.7964e-10	3.132e-11	-6e-13	3.2522e-07	-3.2446e-07	-6.2629e-10	2.994e-11	-8.4e-13	3.2516e-07	-3.2456e-07	-4.578e-10	2.953e-11	-9.2e-13	3.2502e-07	-3.2456e-07	-2.9062e-10	2.765e-11	4.2e-13	3.2486e-07	-3.2452e-07	-1.017e-10	2.708e-11	-1.8e-13	3.2452e-07	-3.2444e-07	1.0248e-10	2.589e-11	-3.38e-12	3.242e-07	-3.2436e-07	3.3915e-10	2.256e-11	-5.7e-13	3.241e-07	-3.2452e-07
0.92	-1.4206e-09	4.278e-11	6.4e-13	3.2628e-07	-3.249e-07	-1.2544e-09	3.664e-11	-2.5e-13	3.259e-07	-3.2466e-07	-1.2149e-09	3.27e-11	-2.4e-13	3.2578e-07	-3.2462e-07	-9.289e-10	3.15e-11	9e-14	3.2548e-07	-3.2454e-07	-7.7317e-10	3.024e-11	-8e-14	3.2522e-07	-3.2452e-07	-6.2365e-10	2.919e-11	-8.9e-13	3.251e-07	-3.245e-07	-4.5701e-10	2.639e-11	-4e-14	3.2498e-07	-3.2446e-07	-2.8244e-10	2.528e-11	6.9e-13	3.2478e-07	-3.246e-07	-9.433e-11	2.458e-11	-9.6e-13	3.245e-07	-3.2444e-07	1.1747e-10	2.124e-11	-3.7e-13	3.2418e-07	-3.2434e-07	3.5983e-10	2.003e-11	-4.5e-13	3.2402e-07	-3.2442e-07
0.915	-1.4235e-09	4.162e-11	7.4e-13	3.2632e-07	-3.249e-07	-1.2529e-09	3.477e-11	-6.2e-13	3.259e-07	-3.2468e-07	-1.0948e-09	3.211e-11	-3.8e-13	3.2574e-07	-3.2476e-07	-9.3063e-10	3.173e-11	-1.47e-12	3.2546e-07	-3.2456e-07	-7.7423e-10	2.826e-11	-4e-13	3.2524e-07	-3.2452e-07	-6.2351e-10	2.705e-11	1.09e-12	3.2514e-07	-3.2458e-07	-4.5024e-10	2.643e-11	-4.2e-13	3.2494e-07	-3.2454e-07	-2.7622e-10	2.533e-11	-1.41e-12	3.2476e-07	-3.2452e-07	-8.04e-11	2.392e-11	-1.21e-12	3.245e-07	-3.2452e-07	1.3318e-10	1.976e-11	2.12e-12	3.243e-07	-3.2444e-07	3.8012e-10	1.98e-11	-6.9e-13	3.2402e-07	-3.2442e-07
0.91	-1.4162e-09	3.992e-11	-6.2e-13	3.2628e-07	-3.2492e-07	-1.2541e-09	3.348e-11	-2.8e-13	3.2588e-07	-3.2464e-07	-1.0868e-09	3.096e-11	-7.4e-13	3.2574e-07	-3.2466e-07	-9.2601e-10	2.87e-11	-8.2e-13	3.254e-07	-3.2454e-07	-7.6863e-10	2.776e-11	-1.02e-12	3.2518e-07	-3.2448e-07	-6.1723e-10	2.716e-11	-1.9e-13	3.2514e-07	-3.2454e-07	-4.4788e-10	2.559e-11	-1.4e-13	3.2496e-07	-3.2446e-07	-2.6678e-10	2.542e-11	-1.44e-12	3.2482e-07	-3.2452e-07	-7.215e-11	2.058e-11	1.06e-12	3.2446e-07	-3.2446e-07	1.5382e-10	2.012e-11	5e-13	3.2422e-07	-3.2442e-07	4.0479e-10	1.789e-11	6e-13	3.2412e-07	-3.2448e-07
0.905	-1.4288e-09	3.82e-11	-1.02e-12	3.2632e-07	-3.2494e-07	-1.2515e-09	3.244e-11	-4.2e-13	3.2588e-07	-3.247e-07	-1.0893e-09	3.002e-11	-4e-13	3.257e-07	-3.2468e-07	-9.2768e-10	2.816e-11	3e-14	3.2544e-07	-3.2452e-07	-7.6769e-10	2.657e-11	-3.2e-13	3.2534e-07	-3.2452e-07	-6.1275e-10	2.472e-11	-2.5e-13	3.251e-07	-3.2456e-07	-4.3763e-10	2.403e-11	-8.9e-13	3.25e-07	-3.2462e-07	-2.5569e-10	2.169e-11	9.3e-13	3.2476e-07	-3.2446e-07	-5.189e-11	2.158e-11	-4.2e-13	3.244e-07	-3.2434e-07	1.691e-10	2.011e-11	-2.71e-12	3.2424e-07	-3.2448e-07	4.2994e-10	1.688e-11	-6.6e-13	3.24e-07	-3.2442e-07
0.9	-1.4164e-09	3.68e-11	0	3.263e-07	-3.2488e-07	-1.2488e-09	3.069e-11	-6e-14	3.259e-07	-3.2472e-07	-1.0888e-09	2.989e-11	9.3e-13	3.2566e-07	-3.2458e-07	-9.2452e-10	2.719e-11	3.8e-13	3.2548e-07	-3.246e-07	-7.633e-10	2.583e-11	-2.2e-13	3.2524e-07	-3.2454e-07	-6.0457e-10	2.42e-11	-3.5e-13	3.2508e-07	-3.2442e-07	-4.3287e-10	2.322e-11	-4.1e-13	3.2492e-07	-3.2452e-07	-2.4372e-10	2.098e-11	3.4e-13	3.2474e-07	-3.2458e-07	-3.726e-11	1.953e-11	-1.2e-12	3.245e-07	-3.2448e-07	1.9152e-10	1.894e-11	-1.27e-12	3.2432e-07	-3.2446e-07	4.5122e-10	1.634e-11	-5e-13	3.24e-07	-3.2452e-07
0.895	-1.4149e-09	3.535e-11	6.1e-13	3.263e-07	-3.2494e-07	-1.2453e-09	3.069e-11	8e-14	3.2588e-07	-3.247e-07	-1.0851e-09	2.728e-11	-9.7e-13	3.2562e-07	-3.2464e-07	-9.2259e-10	2.627e-11	-7.4e-13	3.2542e-07	-3.245e-07	-7.578e-10	2.345e-11	-4.7e-13	3.2536e-07	-3.2458e-07	-5.9964e-10	2.418e-11	-3.1e-13	3.252e-07	-3.2452e-07	-4.2144e-10	2.135e-11	-5e-13	3.25e-07	-3.2456e-07	-2.2844e-10	2.058e-11	-1.46e-12	3.2466e-07	-3.2452e-07	-1.99e-11	1.836e-11	-1.9e-13	3.2444e-07	-3.2442e-07	2.159e-10	1.453e-11	2.67e-12	3.2428e-07	-3.2448e-07	4.7232e-10	1.472e-11	-1.18e-12	3.2406e-07	-3.2458e-07
0.89	-1.4199e-09	3.444e-11	4e-13	3.264e-07	-3.25e-07	-1.2468e-09	2.949e-11	-7e-13	3.2592e-07	-3.2466e-07	-1.0805e-09	2.694e-11	-8.4e-13	3.2568e-07	-3.246e-07	-9.1814e-10	2.627e-11	-4.7e-13	3.2542e-07	-3.2458e-07	-7.5332e-10	2.426e-11	-6.3e-13	3.2518e-07	-3.2454e-07	-5.944e-10	2.231e-11	-6.5e-13	3.2516e-07	-3.2458e-07	-4.0863e-10	2.061e-11	-2.3e-13	3.2498e-07	-3.2454e-07	-2.1408e-10	1.981e-11	-1.87e-12	3.247e-07	-3.2458e-07	3.12e-12	1.779e-11	7e-13	3.245e-07	-3.2448e-07	2.4108e-10	1.552e-11	1.3e-12	3.243e-07	-3.2454e-07	4.895e-10	1.42e-11	-8.4e-13	3.2398e-07	-3.2454e-07
0.885	-1.4173e-09	3.337e-11	-2.2e-13	3.263e-07	-3.2488e-07	-1.2429e-09	2.853e-11	-9.7e-13	3.2586e-07	-3.246e-07	-1.0784e-09	2.541e-11	-3.9e-13	3.2562e-07	-3.2456e-07	-9.1341e-10	2.366e-11	-2e-14	3.2546e-07	-3.2464e-07	-7.4345e-10	2.231e-11	3.1e-13	3.2524e-07	-3.2452e-07	-5.8504e-10	2.049e-11	1.4e-13	3.2512e-07	-3.2464e-07	-3.9538e-10	1.907e-11	-3.3e-13	3.2494e-07	-3.2454e-07	-1.9456e-10	1.787e-11	-5.8e-13	3.247e-07	-3.2458e-07	2.577e-11	1.538e-11	-1.3e-13	3.2448e-07	-3.2448e-07	2.6248e-10	1.579e-11	-2.08e-12	3.2422e-07	-3.2446e-07	5.0143e-10	1.238e-11	-8e-14	3.2398e-07	-3.2448e-07
0.88	-1.4101e-09	3.184e-11	-6.9e-13	3.2636e-07	-3.25e-07	-1.2401e-09	2.707e-11	3.1e-13	3.2596e-07	-3.2468e-07	-1.0722e-09	2.497e-11	1.2e-13	3.2564e-07	-3.2448e-07	-9.0918e-10	2.311e-11	3e-13	3.2546e-07	-3.2454e-07	-7.3743e-10	2.169e-11	-6.2e-13	3.2524e-07	-3.2446e-07	-5.7007e-10	2.022e-11	6.6e-13	3.2516e-07	-3.2456e-07	-3.8022e-10	1.816e-11	-1.5e-13	3.2492e-07	-3.246e-07	-1.7943e-10	1.56e-11	1.83e-12	3.247e-07	-3.2454e-07	4.972e-11	1.601e-11	-1.07e-12	3.2444e-07	-3.2448e-07	2.7147e-10	1.462e-11	-2.97e-12	3.243e-07	-3.2452e-07	5.1436e-10	1.286e-11	-3.3e-13	3.2396e-07	-3.2456e-07
0.875	-1.4078e-09	2.981e-11	1.8e-13	3.263e-07	-3.2498e-07	-1.2358e-09	2.624e-11	6.8e-13	3.2592e-07	-3.247e-07	-1.0662e-09	2.319e-11	-5.3e-13	3.2558e-07	-3.246e-07	-9.0158e-10	2.136e-11	1.1e-13	3.2548e-07	-3.246e-07	-7.2919e-10	2.088e-11	-8.1e-13	3.252e-07	-3.2448e-07	-5.5963e-10	1.928e-11	-1.13e-12	3.2508e-07	-3.2456e-07	-3.6607e-10	1.712e-11	-6e-14	3.2488e-07	-3.2458e-07	-1.5783e-10	1.643e-11	2.7e-13	3.2472e-07	-3.246e-07	5.983e-11	1.404e-11	-1.4e-13	3.2442e-07	-3.2448e-07	2.8731e-10	1.159e-11	1.19e-12	3.242e-07	-3.2448e-07	5.2238e-10	1.225e-11	-2e-14	3.2396e-07	-3.2448e-07
0.87	-1.412e-09	2.945e-11	-7.6e-13	3.2642e-07	-3.2504e-07	-1.2352e-09	2.532e-11	-1.4e-13	3.2588e-07	-3.2466e-07	-1.0637e-09	2.191e-11	-1.04e-12	3.2566e-07	-3.2452e-07	-8.9417e-10	2.128e-11	-4.8e-13	3.2548e-07	-3.246e-07	-7.2017e-10	1.966e-11	7.8e-13	3.2518e-07	-3.245e-07	-5.4762e-10	1.809e-11	-1.27e-12	3.2516e-07	-3.246e-07	-3.4539e-10	1.539e-11	-8.5e-13	3.2492e-07	-3.2454e-07	-1.3556e-10	1.523e-11	-2.05e-12	3.2464e-07	-3.2452e-07	7.529e-11	1.373e-11	-5.8e-13	3.2442e-07	-3.2454e-07	2.9594e-10	1.214e-11	1.76e-12	3.2416e-07	-3.2446e-07	5.2422e-10	1.162e-11	-1.01e-12	3.2392e-07	-3.2446e-07
0.865	-1.4033e-09	2.904e-11	-1.54e-12	3.263e-07	-3.2502e-07	-1.2303e-09	2.433e-11	-1e-12	3.259e-07	-3.2462e-07	-1.0614e-09	2.273e-11	-6.6e-13	3.2562e-07	-3.2454e-07	-8.8139e-10	2.02e-11	2.7e-13	3.2544e-07	-3.2454e-07	-7.1023e-10	1.87e-11	-8.9e-13	3.2522e-07	-3.2446e-07	-5.326e-10	1.701e-11	3.2e-13	3.2522e-07	-3.2466e-07	-3.2724e-10	1.567e-11	-1.2e-12	3.2488e-07	-3.2466e-07	-1.1935e-10	1.418e-11	-2.19e-12	3.246e-07	-3.2452e-07	9.485e-11	1.257e-11	-2.8e-13	3.2444e-07	-3.2452e-07	3.0851e-10	1.382e-11	-1.41e-12	3.2416e-07	-3.2446e-07	5.3096e-10	1.073e-11	2e-14	3.2392e-07	-3.245e-07
0.86	-1.4031e-09	2.772e-11	-3.6e-13	3.2638e-07	-3.2494e-07	-1.2238e-09	2.292e-11	-4.6e-13	3.2586e-07	-3.2474e-07	-1.0532e-09	2.023e-11	4.5e-13	3.2554e-07	-3.246e-07	-8.7531e-10	1.972e-11	-4.9e-13	3.2548e-07	-3.2468e-07	-6.9337e-10	1.697e-11	-4.2e-13	3.2518e-07	-3.245e-07	-5.1388e-10	1.644e-11	2.8e-13	3.2524e-07	-3.2474e-07	-3.0849e-10	1.442e-11	1.7e-13	3.2478e-07	-3.2452e-07	-1.0006e-10	1.317e-11	1.01e-12	3.2458e-07	-3.246e-07	9.766e-11	1.321e-11	-1.23e-12	3.2448e-07	-3.2458e-07	3.1546e-10	1.025e-11	-2.56e-12	3.2414e-07	-3.2446e-07	5.3545e-10	9.38e-12	-8e-14	3.2382e-07	-3.244e-07
0.855	-1.3981e-09	2.535e-11	8e-14	3.2632e-07	-3.25e-07	-1.2238e-09	2.237e-11	6.6e-13	3.2588e-07	-3.2466e-07	-1.0446e-09	2.044e-11	-6.5e-13	3.2564e-07	-3.246e-07	-8.6328e-10	1.845e-11	-1.1e-13	3.2548e-07	-3.2456e-07	-6.7602e-10	1.71e-11	1.2e-13	3.2516e-07	-3.2454e-07	-4.9452e-10	1.468e-11	-6.6e-13	3.2522e-07	-3.2472e-07	-2.8934e-10	1.412e-11	6.4e-13	3.2488e-07	-3.2456e-07	-8.637e-11	1.256e-11	-4.1e-13	3.247e-07	-3.2456e-07	1.0898e-10	1.214e-11	-1.19e-12	3.2438e-07	-3.2456e-07	3.1422e-10	9.43e-12	-1.2e-13	3.2414e-07	-3.2448e-07	5.3691e-10	9.98e-12	-1.35e-12	3.2388e-07	-3.2442e-07
0.85	-1.3955e-09	2.575e-11	-3e-14	3.2638e-07	-3.2502e-07	-1.2111e-09	2.191e-11	-5e-13	3.2596e-07	-3.2478e-07	-1.0342e-09	1.869e-11	-4.3e-13	3.2564e-07	-3.2456e-07	-8.5092e-10	1.748e-11	-1.14e-12	3.2542e-07	-3.246e-07	-6.5981e-10	1.615e-11	-1.3e-13	3.2522e-07	-3.2458e-07	-4.7664e-10	1.578e-11	-7.6e-13	3.2504e-07	-3.2464e-07	-2.8123e-10	1.318e-11	-9.8e-13	3.2488e-07	-3.2458e-07	-7.475e-11	1.301e-11	-1.55e-12	3.2472e-07	-3.2466e-07	1.0584e-10	1.013e-11	1.01e-12	3.2438e-07	-3.245e-07	3.1882e-10	9.29e-12	1.97e-12	3.2416e-07	-3.2448e-07	5.3901e-10	7.5e-12	-4.9e-13	3.2398e-07	-3.2446e-07
0.845	-1.3865e-09	2.498e-11	-9.5e-13	3.2638e-07	-3.2496e-07	-1.2071e-09	2.119e-11	-1.16e-12	3.2588e-07	-3.2472e-07	-1.0275e-09	1.854e-11	4.7e-13	3.2564e-07	-3.246e-07	-8.3511e-10	1.661e-11	-1.2e-13	3.2542e-07	-3.2462e-07	-6.4522e-10	1.578e-11	-6e-13	3.2524e-07	-3.2462e-07	-4.6084e-10	1.314e-11	-4.2e-13	3.25e-07	-3.2462e-07	-2.6916e-10	1.312e-11	0	3.2488e-07	-3.2464e-07	-6.784e-11	1.127e-11	-5.8e-13	3.247e-07	-3.2464e-07	1.0818e-10	1.081e-11	2.8e-13	3.244e-07	-3.2452e-07	3.2956e-10	1.045e-11	-8.1e-13	3.2414e-07	-3.2448e-07	5.4317e-10	8.76e-12	-7e-14	3.2386e-07	-3.2442e-07
0.84	-1.3866e-09	2.389e-11	-2.15e-12	3.2638e-07	-3.2498e-07	-1.2004e-09	1.941e-11	-3.8e-13	3.259e-07	-3.2476e-07	-1.0112e-09	1.709e-11	3.5e-13	3.2564e-07	-3.246e-07	-8.2028e-10	1.578e-11	5.7e-13	3.254e-07	-3.2466e-07	-6.2657e-10	1.381e-11	-1.67e-12	3.2528e-07	-3.2462e-07	-4.4674e-10	1.302e-11	0	3.251e-07	-3.246e-07	-2.636e-10	1.335e-11	9.4e-13	3.2486e-07	-3.2456e-07	-6.022e-11	1.082e-11	9e-13	3.2466e-07	-3.2464e-07	1.2048e-10	9.45e-12	-3.5e-13	3.2436e-07	-3.245e-07	3.2004e-10	8.79e-12	-2.34e-12	3.2408e-07	-3.2448e-07	5.4656e-10	6.88e-12	3e-14	3.2386e-07	-3.2446e-07
0.835	-1.3828e-09	2.121e-11	-3e-13	3.263e-07	-3.249e-07	-1.1929e-09	1.842e-11	1.5e-13	3.2588e-07	-3.2466e-07	-9.974e-10	1.563e-11	-1.8e-12	3.2564e-07	-3.246e-07	-8.0172e-10	1.546e-11	-1.9e-13	3.2542e-07	-3.247e-07	-6.0964e-10	1.489e-11	-2.8e-13	3.2522e-07	-3.246e-07	-4.3795e-10	1.139e-11	9.8e-13	3.2506e-07	-3.246e-07	-2.4637e-10	1.067e-11	-9.1e-13	3.248e-07	-3.2464e-07	-5.191e-11	1.024e-11	1.18e-12	3.2472e-07	-3.2454e-07	1.2462e-10	9.58e-12	-1.04e-12	3.2438e-07	-3.2444e-07	3.163e-10	6.17e-12	1e-14	3.2418e-07	-3.2442e-07	5.4508e-10	6e-12	-1.53e-12	3.2396e-07	-3.2448e-07
0.83	-1.3693e-09	2.128e-11	2.02e-12	3.263e-07	-3.249e-07	-1.1806e-09	1.764e-11	-4.2e-13	3.2594e-07	-3.2482e-07	-9.8356e-10	1.599e-11	4e-14	3.2564e-07	-3.2464e-07	-7.8066e-10	1.436e-11	-1.64e-12	3.2544e-07	-3.2462e-07	-5.9266e-10	1.323e-11	-1.27e-12	3.252e-07	-3.2466e-07	-4.28e-10	1.18e-11	2e-14	3.2506e-07	-3.246e-07	-2.4088e-10	1.012e-11	-7.3e-13	3.2488e-07	-3.2468e-07	-5.364e-11	9.33e-12	-1.28e-12	3.247e-07	-3.246e-07	1.17e-10	8.04e-12	-4.2e-13	3.2438e-07	-3.2458e-07	3.1509e-10	6.39e-12	1.82e-12	3.2418e-07	-3.2448e-07	5.4982e-10	5.63e-12	-6.3e-13	3.2392e-07	-3.2442e-07
0.825	-1.3591e-09	2.101e-11	-3.6e-13	3.263e-07	-3.249e-07	-1.1673e-09	1.775e-11	-1.36e-12	3.2592e-07	-3.2474e-07	-9.6779e-10	1.503e-11	6e-13	3.2552e-07	-3.246e-07	-7.6925e-10	1.318e-11	-6.1e-13	3.2538e-07	-3.2462e-07	-5.799e-10	1.214e-11	-4.5e-13	3.2526e-07	-3.2464e-07	-4.1924e-10	1.18e-11	-2.14e-12	3.251e-07	-3.247e-07	-2.3801e-10	1.098e-11	1.5e-13	3.2484e-07	-3.246e-07	-5.584e-11	9.62e-12	-1.77e-12	3.2462e-07	-3.246e-07	1.1414e-10	7.11e-12	3e-14	3.2442e-07	-3.2454e-07	3.1712e-10	5.94e-12	-1.54e-12	3.2414e-07	-3.2454e-07	5.4621e-10	2.44e-12	1.06e-12	3.2392e-07	-3.2452e-07
0.82	-1.3387e-09	1.814e-11	-1.75e-12	3.2624e-07	-3.2482e-07	-1.1446e-09	1.677e-11	8e-13	3.258e-07	-3.247e-07	-9.4835e-10	1.433e-11	-1.37e-12	3.2554e-07	-3.2464e-07	-7.5393e-10	1.32e-11	9e-13	3.2534e-07	-3.246e-07	-5.6822e-10	1.195e-11	-5.6e-13	3.252e-07	-3.2466e-07	-4.1387e-10	9.1e-12	-1.21e-12	3.2512e-07	-3.2468e-07	-2.3884e-10	9.2e-12	-6.2e-13	3.2482e-07	-3.246e-07	-5.344e-11	7.54e-12	-3.3e-13	3.2464e-07	-3.2464e-07	1.2242e-10	6.4e-12	-3.5e-13	3.2446e-07	-3.2454e-07	3.3077e-10	6.05e-12	-2.28e-12	3.2414e-07	-3.2446e-07	5.5595e-10	2.65e-12	-3.8e-13	3.2386e-07	-3.2446e-07
0.815	-1.3313e-09	1.778e-11	-2.1e-13	3.2624e-07	-3.2502e-07	-1.1273e-09	1.497e-11	3.6e-13	3.2588e-07	-3.2472e-07	-9.3315e-10	1.331e-11	-1.03e-12	3.2558e-07	-3.2464e-07	-7.443e-10	1.14e-11	-1.9e-13	3.2538e-07	-3.2468e-07	-5.5967e-10	1.086e-11	2.3e-13	3.2514e-07	-3.2458e-07	-4.1088e-10	1.06e-11	3.9e-13	3.25e-07	-3.2464e-07	-2.3589e-10	8.23e-12	-8.2e-13	3.2484e-07	-3.2466e-07	-5.267e-11	6.91e-12	-5.6e-13	3.2462e-07	-3.2464e-07	1.2637e-10	5.37e-12	-1e-13	3.244e-07	-3.245e-07	3.3714e-10	2.57e-12	-3.2e-13	3.2416e-07	-3.2442e-07	5.5531e-10	1.63e-12	-1.35e-12	3.2388e-07	-3.244e-07
0.81	-1.3144e-09	1.668e-11	1.75e-12	3.2622e-07	-3.2492e-07	-1.1128e-09	1.495e-11	-1.44e-12	3.2588e-07	-3.247e-07	-9.1776e-10	1.245e-11	4.5e-13	3.2554e-07	-3.2464e-07	-7.3115e-10	1.223e-11	-2.3e-13	3.2534e-07	-3.2464e-07	-5.4742e-10	9.87e-12	-8.8e-13	3.2512e-07	-3.2464e-07	-4.0558e-10	9.1e-12	1.04e-12	3.2498e-07	-3.2462e-07	-2.3231e-10	8.14e-12	-1e-13	3.2482e-07	-3.246e-07	-3.452e-11	5.87e-12	-7e-14	3.2468e-07	-3.246e-07	1.2802e-10	4.5e-12	9.4e-13	3.2432e-07	-3.2458e-07	3.3039e-10	1.71e-12	8.7e-13	3.2416e-07	-3.2444e-07	5.5328e-10	5e-14	-1.46e-12	3.2392e-07	-3.2442e-07
0.805	-1.2904e-09	1.724e-11	-5.3e-13	3.2622e-07	-3.25e-07	-1.0916e-09	1.392e-11	-1.3e-12	3.2582e-07	-3.2472e-07	-9.0371e-10	1.189e-11	9e-14	3.2556e-07	-3.2464e-07	-7.2564e-10	1.035e-11	2e-14	3.2536e-07	-3.246e-07	-5.518e-10	9.43e-12	-1.09e-12	3.2508e-07	-3.2454e-07	-3.8805e-10	9.6e-12	-1.67e-12	3.25e-07	-3.246e-07	-2.2385e-10	6.96e-12	1.16e-12	3.248e-07	-3.2466e-07	-3.033e-11	5.5e-12	8e-14	3.2464e-07	-3.2462e-07	1.4115e-10	2.58e-12	8.1e-13	3.2436e-07	-3.2448e-07	3.3728e-10	1.8e-12	-9e-13	3.2416e-07	-3.2448e-07	5.5606e-10	-1.36e-12	4e-14	3.239e-07	-3.2444e-07
0.8	-1.2768e-09	1.572e-11	-1e-12	3.2624e-07	-3.2496e-07	-1.0763e-09	1.341e-11	-1.86e-12	3.2586e-07	-3.2476e-07	-8.963e-10	1.204e-11	-1.08e-12	3.2558e-07	-3.247e-07	-7.131e-10	1.051e-11	-7.3e-13	3.2536e-07	-3.2466e-07	-5.5054e-10	9.32e-12	3e-13	3.2514e-07	-3.246e-07	-3.8918e-10	7.35e-12	-6.6e-13	3.25e-07	-3.246e-07	-2.8372e-10	5.54e-12	-1.63e-12	3.2494e-07	-3.2462e-07	-3.323e-11	3.92e-12	-4.7e-13	3.2466e-07	-3.2454e-07	1.3185e-10	4.73e-12	-4.6e-13	3.2438e-07	-3.2442e-07	3.4057e-10	1.71e-12	-1.49e-12	3.242e-07	-3.2452e-07	5.6034e-10	-2.73e-12	5.6e-13	3.2396e-07	-3.2438e-07
0.795	-1.2569e-09	1.513e-11	1e-14	3.2618e-07	-3.2498e-07	-1.0512e-09	1.229e-11	-1.7e-13	3.258e-07	-3.248e-07	-8.8123e-10	1.074e-11	-7.1e-13	3.256e-07	-3.2474e-07	-7.0751e-10	9.71e-12	-2.5e-13	3.2538e-07	-3.2468e-07	-5.4767e-10	8.05e-12	-1.03e-12	3.2512e-07	-3.2456e-07	-3.8706e-10	7e-12	-2.3e-13	3.2502e-07	-3.2456e-07	-2.8031e-10	5.5e-12	-4.3e-13	3.2488e-07	-3.2466e-07	-3.271e-11	2.6e-12	-3.2e-13	3.2462e-07	-3.2452e-07	1.3042e-10	1.7e-13	-1.67e-12	3.2438e-07	-3.2446e-07	3.4822e-10	-1.45e-12	5.3e-13	3.2412e-07	-3.245e-07	5.6006e-10	-4e-12	-1.49e-12	3.239e-07	-3.2446e-07
0.79	-1.2318e-09	1.246e-11	4.5e-13	3.2618e-07	-3.249e-07	-1.0394e-09	1.093e-11	3.2e-13	3.2588e-07	-3.2474e-07	-8.723e-10	1.06e-11	2.5e-13	3.2564e-07	-3.2476e-07	-7.0256e-10	9.46e-12	-4.4e-13	3.2538e-07	-3.2466e-07	-5.4803e-10	7.16e-12	-8.3e-13	3.2512e-07	-3.2454e-07	-3.7915e-10	6.67e-12	-8.6e-13	3.2504e-07	-3.2468e-07	-2.2098e-10	4.54e-12	-7e-14	3.2482e-07	-3.2464e-07	-4.119e-11	3.74e-12	7e-14	3.2456e-07	-3.246e-07	1.2921e-10	4e-13	6.9e-13	3.2446e-07	-3.2452e-07	3.4633e-10	-3.66e-12	3.7e-13	3.2414e-07	-3.2446e-07	5.6163e-10	-5.98e-12	-5.8e-13	3.2388e-07	-3.2448e-07
0.785	-1.2038e-09	1.254e-11	1e-14	3.2618e-07	-3.25e-07	-1.0286e-09	1.17e-11	-1.02e-12	3.2584e-07	-3.2484e-07	-8.7803e-10	1.002e-11	-5.7e-13	3.2556e-07	-3.247e-07	-6.9977e-10	8.94e-12	-7e-14	3.2534e-07	-3.246e-07	-5.471e-10	7.65e-12	-3.8e-13	3.2512e-07	-3.2466e-07	-3.817e-10	4.87e-12	-8.3e-13	3.2506e-07	-3.2466e-07	-2.068e-10	2.87e-12	-1.55e-12	3.2482e-07	-3.2464e-07	-4.103e-11	1.27e-12	-1.73e-12	3.2472e-07	-3.2458e-07	1.364e-10	-1.18e-12	1.71e-12	3.244e-07	-3.2456e-07	3.4465e-10	-4.23e-12	-1.04e-12	3.2416e-07	-3.2446e-07	5.6141e-10	-8.9e-12	-3.8e-13	3.2392e-07	-3.2444e-07
0.78	-1.1803e-09	1.235e-11	-1.64e-12	3.2614e-07	-3.2494e-07	-1.0264e-09	9.29e-12	-4.2e-13	3.2582e-07	-3.248e-07	-8.6046e-10	8.53e-12	-3.1e-13	3.2558e-07	-3.2472e-07	-7.0744e-10	7.88e-12	1.1e-13	3.2532e-07	-3.246e-07	-5.3989e-10	6.55e-12	-7.8e-13	3.2512e-07	-3.2458e-07	-3.7748e-10	5.26e-12	-4.5e-13	3.2502e-07	-3.2466e-07	-2.1429e-10	2.6e-12	-1.44e-12	3.2484e-07	-3.2464e-07	-3.132e-11	2e-13	-1.21e-12	3.246e-07	-3.2454e-07	1.3663e-10	-2.77e-12	-1.52e-12	3.2446e-07	-3.2458e-07	3.4685e-10	-4.81e-12	-9.2e-13	3.2414e-07	-3.2452e-07	5.5918e-10	-9.69e-12	6.8e-13	3.239e-07	-3.2448e-07
0.775	-1.1609e-09	1.056e-11	-5.1e-13	3.2614e-07	-3.25e-07	-1.0091e-09	9.26e-12	2e-13	3.2578e-07	-3.2476e-07	-8.5853e-10	9.58e-12	-2.5e-13	3.2554e-07	-3.2472e-07	-6.998e-10	6.91e-12	-9.7e-13	3.253e-07	-3.2462e-07	-5.4376e-10	4.98e-12	-2e-13	3.2512e-07	-3.2464e-07	-3.7543e-10	3.67e-12	3.8e-13	3.2498e-07	-3.2462e-07	-2.1229e-10	1.8e-12	5.3e-13	3.248e-07	-3.2454e-07	-3.746e-11	-2.11e-12	2.5e-13	3.245e-07	-3.2448e-07	1.383e-10	-2.88e-12	-1.31e-12	3.244e-07	-3.2452e-07	3.4801e-10	-7.67e-12	-1.48e-12	3.241e-07	-3.245e-07	5.6552e-10	-1.171e-11	-1e-13	3.2392e-07	-3.245e-07
0.77	-1.152e-09	1.017e-11	4.6e-13	3.2616e-07	-3.2504e-07	-1.0017e-09	8.03e-12	9.4e-13	3.2586e-07	-3.2482e-07	-8.5745e-10	6.21e-12	-1.11e-12	3.2552e-07	-3.2466e-07	-7.0017e-10	5.63e-12	9.7e-13	3.2524e-07	-3.2454e-07	-5.3032e-10	4.03e-12	3.6e-13	3.251e-07	-3.246e-07	-3.8014e-10	2.55e-12	-7.6e-13	3.2504e-07	-3.246e-07	-2.0818e-10	8e-14	7.8e-13	3.2482e-07	-3.2458e-07	-4.111e-11	-2.63e-12	4.2e-13	3.2468e-07	-3.2456e-07	1.3353e-10	-6.85e-12	6e-13	3.2444e-07	-3.245e-07	3.4833e-10	-1.027e-11	8.6e-13	3.2414e-07	-3.2446e-07	5.693e-10	-1.319e-11	-3.1e-13	3.2394e-07	-3.2448e-07
0.765	-1.1373e-09	8.71e-12	3.5e-13	3.2612e-07	-3.2494e-07	-1.0037e-09	8.77e-12	-5.8e-13	3.2578e-07	-3.2478e-07	-8.5783e-10	7.11e-12	-8.6e-13	3.2556e-07	-3.246e-07	-6.9628e-10	5.15e-12	-7e-14	3.2528e-07	-3.246e-07	-5.2294e-10	3.82e-12	-3.3e-13	3.2508e-07	-3.2456e-07	-3.7901e-10	1.5e-13	-1.7e-13	3.2508e-07	-3.2474e-07	-2.0672e-10	-1.31e-12	-7.6e-13	3.2486e-07	-3.2462e-07	-3.966e-11	-4.11e-12	-9.2e-13	3.2458e-07	-3.2462e-07	1.4176e-10	-8.1e-12	1.06e-12	3.2436e-07	-3.2458e-07	3.5246e-10	-1.19e-11	-2.1e-13	3.2418e-07	-3.2448e-07	5.6956e-10	-1.722e-11	3.3e-13	3.2394e-07	-3.2448e-07
0.76	-1.1271e-09	9.01e-12	-7.6e-13	3.2614e-07	-3.2498e-07	-1.0013e-09	7.57e-12	-4.5e-13	3.258e-07	-3.2476e-07	-8.43e-10	5.44e-12	-3.5e-13	3.255e-07	-3.246e-07	-6.9428e-10	3.64e-12	-8.3e-13	3.2534e-07	-3.246e-07	-5.2565e-10	2.45e-12	-2.32e-12	3.2508e-07	-3.245e-07	-3.7957e-10	8.8e-13	4e-14	3.2496e-07	-3.2466e-07	-2.1029e-10	-2.34e-12	-2.5e-13	3.2476e-07	-3.2454e-07	-3.713e-11	-5.91e-12	-7e-13	3.2458e-07	-3.2454e-07	1.4507e-10	-1.002e-11	-1.27e-12	3.2434e-07	-3.2446e-07	3.5595e-10	-1.352e-11	-7e-14	3.241e-07	-3.2446e-07	5.7305e-10	-1.89e-11	2.6e-13	3.239e-07	-3.2448e-07
0.755	-1.1208e-09	8.45e-12	-7.2e-13	3.261e-07	-3.2502e-07	-1.0082e-09	6.19e-12	-4e-13	3.2576e-07	-3.2484e-07	-8.4512e-10	5.48e-12	5.4e-13	3.2552e-07	-3.2468e-07	-7.0077e-10	4.1e-12	-2.9e-13	3.2536e-07	-3.2468e-07	-5.2335e-10	5e-14	5.3e-13	3.251e-07	-3.246e-07	-3.7446e-10	-1.42e-12	-1.42e-12	3.2498e-07	-3.2454e-07	-2.062e-10	-3.05e-12	6.8e-13	3.2484e-07	-3.2468e-07	-2.645e-11	-7.79e-12	4.5e-13	3.2464e-07	-3.246e-07	1.4437e-10	-1.037e-11	-2.14e-12	3.244e-07	-3.246e-07	3.56e-10	-1.76e-11	-1.03e-12	3.2412e-07	-3.2446e-07	5.7721e-10	-2.137e-11	-1.2e-13	3.2392e-07	-3.2446e-07
0.75	-1.1151e-09	5.98e-12	1.37e-12	3.2614e-07	-3.2498e-07	-1.0107e-09	6.25e-12	5e-13	3.2574e-07	-3.248e-07	-8.4636e-10	4.01e-12	-8.8e-13	3.255e-07	-3.2466e-07	-6.89e-10	2.09e-12	-1.9e-13	3.253e-07	-3.2464e-07	-5.3189e-10	5.2e-13	7.8e-13	3.2516e-07	-3.246e-07	-3.794e-10	-2.86e-12	-1e-14	3.2512e-07	-3.2468e-07	-2.0359e-10	-8.99e-12	1.46e-12	3.248e-07	-3.246e-07	-3.595e-11	-9.54e-12	-3.4e-13	3.2464e-07	-3.246e-07	1.5305e-10	-1.427e-11	-8.7e-13	3.2436e-07	-3.2448e-07	3.5804e-10	-1.929e-11	1.7e-13	3.2404e-07	-3.2438e-07	5.8226e-10	-2.54e-11	-1.72e-12	3.239e-07	-3.2442e-07
0.745	-1.11e-09	6.2e-12	0	3.2608e-07	-3.25e-07	-1.0021e-09	4.92e-12	1.2e-13	3.2582e-07	-3.2488e-07	-8.3774e-10	3.12e-12	-1e-12	3.2552e-07	-3.2468e-07	-6.9013e-10	1.26e-12	5.9e-13	3.2532e-07	-3.2458e-07	-5.2265e-10	-1.45e-12	-4.6e-13	3.2512e-07	-3.2458e-07	-3.7309e-10	-3.41e-12	-5.6e-13	3.251e-07	-3.2472e-07	-2.0296e-10	-7.55e-12	-9.1e-13	3.2484e-07	-3.2458e-07	-2.814e-11	-1.136e-11	-1.14e-12	3.2468e-07	-3.2464e-07	1.4803e-10	-1.722e-11	4.8e-13	3.2438e-07	-3.2458e-07	3.6262e-10	-2.131e-11	3.3e-13	3.2414e-07	-3.2446e-07	5.882e-10	-2.739e-11	3e-13	3.2384e-07	-3.2448e-07
0.74	-1.0975e-09	5.38e-12	-5e-14	3.2608e-07	-3.25e-07	-9.969e-10	4.2e-12	-1.12e-12	3.2584e-07	-3.2484e-07	-8.3648e-10	1.96e-12	-4.5e-13	3.2548e-07	-3.247e-07	-6.7713e-10	-2.8e-13	-2.6e-13	3.2536e-07	-3.2464e-07	-5.2987e-10	-3.31e-12	-1.17e-12	3.2512e-07	-3.2446e-07	-3.7257e-10	-7.03e-12	-2.7e-13	3.2504e-07	-3.2466e-07	-1.9646e-10	-9.06e-12	-4.52e-12	3.2482e-07	-3.2458e-07	-2.005e-11	-1.341e-11	-5.5e-13	3.2462e-07	-3.2464e-07	1.7262e-10	-1.929e-11	5.5e-13	3.2438e-07	-3.2452e-07	3.6677e-10	-2.501e-11	-1.32e-12	3.241e-07	-3.2438e-07	5.8697e-10	-3.246e-11	-2.7e-13	3.2388e-07	-3.2438e-07
0.735	-1.0994e-09	5.98e-12	-1.53e-12	3.261e-07	-3.2496e-07	-9.964e-10	3.36e-12	-9.8e-13	3.259e-07	-3.2488e-07	-8.3212e-10	7e-13	-1.4e-13	3.2552e-07	-3.247e-07	-6.9361e-10	-4.5e-13	9e-14	3.2536e-07	-3.2466e-07	-6.128e-10	-3.28e-12	-4e-13	3.2526e-07	-3.246e-07	-3.7308e-10	-7.4e-12	-1.19e-12	3.251e-07	-3.2472e-07	-1.9793e-10	-1.113e-11	-9.1e-13	3.248e-07	-3.246e-07	-2.034e-11	-1.635e-11	5.1e-13	3.2464e-07	-3.2464e-07	1.7415e-10	-2.048e-11	-1.61e-12	3.2438e-07	-3.2448e-07	3.7187e-10	-2.818e-11	-1.1e-13	3.2404e-07	-3.2442e-07	5.9331e-10	-3.447e-11	-6.5e-13	3.239e-07	-3.2448e-07
0.73	-1.0987e-09	3.84e-12	-6.8e-13	3.2612e-07	-3.25e-07	-9.998e-10	3.21e-12	-8.8e-13	3.2584e-07	-3.2486e-07	-8.5419e-10	4.2e-13	2.8e-13	3.2554e-07	-3.2472e-07	-6.8608e-10	-3.52e-12	-1.15e-12	3.2538e-07	-3.247e-07	-6.0663e-10	-6.63e-12	4.7e-13	3.2528e-07	-3.2464e-07	-3.6817e-10	-1.008e-11	-2.1e-13	3.2512e-07	-3.2464e-07	-1.9689e-10	-1.766e-11	4.07e-12	3.2474e-07	-3.246e-07	-1.469e-11	-1.92e-11	-9.6e-13	3.2462e-07	-3.2454e-07	1.6733e-10	-2.439e-11	-9.5e-13	3.2444e-07	-3.2458e-07	3.723e-10	-3.147e-11	-3e-14	3.241e-07	-3.2442e-07	5.8839e-10	-3.954e-11	3.1e-13	3.239e-07	-3.2448e-07
0.725	-1.1019e-09	3.72e-12	7e-13	3.2612e-07	-3.2508e-07	-9.9543e-10	1.23e-12	-3.3e-13	3.2582e-07	-3.2482e-07	-8.5075e-10	-1.43e-12	-1.2e-13	3.2556e-07	-3.2472e-07	-6.7708e-10	-4.26e-12	2.4e-13	3.2532e-07	-3.2464e-07	-6.1245e-10	-7.93e-12	-9.1e-13	3.2516e-07	-3.2458e-07	-3.6753e-10	-1.163e-11	0	3.251e-07	-3.2464e-07	-1.8361e-10	-1.653e-11	9.9e-13	3.2486e-07	-3.2462e-07	-1.01e-11	-2.226e-11	-7.3e-13	3.2464e-07	-3.2464e-07	1.5758e-10	-2.806e-11	7.6e-13	3.244e-07	-3.2452e-07	3.7444e-10	-3.444e-11	-3.7e-13	3.2412e-07	-3.2448e-07	5.9078e-10	-4.168e-11	-1.4e-13	3.2394e-07	-3.245e-07
0.72	-1.0969e-09	2.98e-12	-4.8e-13	3.2614e-07	-3.2506e-07	-9.9459e-10	-5.9e-13	-5.6e-13	3.2582e-07	-3.2482e-07	-8.5086e-10	-2.02e-12	8e-14	3.2562e-07	-3.2484e-07	-6.7609e-10	-6.16e-12	-2.4e-13	3.2522e-07	-3.2458e-07	-5.9909e-10	-9.42e-12	-1.9e-13	3.2526e-07	-3.2464e-07	-3.6621e-10	-1.461e-11	-1.7e-13	3.2498e-07	-3.2468e-07	-1.9131e-10	-1.71e-11	-4.15e-12	3.248e-07	-3.246e-07	-5.39e-12	-2.374e-11	-1.1e-13	3.2462e-07	-3.2458e-07	1.6468e-10	-3.094e-11	1.3e-13	3.2442e-07	-3.2454e-07	3.7683e-10	-3.822e-11	-1.01e-12	3.241e-07	-3.2446e-07	6.021e-10	-4.708e-11	9e-14	3.2386e-07	-3.244e-07
0.715	-1.086e-09	5.8e-13	-1.74e-12	3.2618e-07	-3.2502e-07	-9.887e-10	-2.22e-12	4.3e-13	3.2584e-07	-3.2488e-07	-8.4062e-10	-5.67e-12	1.2e-13	3.256e-07	-3.2476e-07	-6.782e-10	-7.84e-12	-6.6e-13	3.2526e-07	-3.2466e-07	-5.1154e-10	-1.161e-11	-2.9e-13	3.2512e-07	-3.2462e-07	-3.6482e-10	-1.595e-11	-2.7e-13	3.2506e-07	-3.247e-07	-1.8981e-10	-2.254e-11	-2.29e-12	3.2482e-07	-3.2462e-07	-3.23e-12	-2.904e-11	-3.3e-13	3.2464e-07	-3.2466e-07	1.6853e-10	-3.385e-11	-2.24e-12	3.244e-07	-3.2446e-07	3.8185e-10	-4.241e-11	-3.2e-13	3.2412e-07	-3.2446e-07	6.0306e-10	-5.154e-11	-5e-13	3.239e-07	-3.2446e-07
0.71	-1.0913e-09	-1e-13	-2e-13	3.2612e-07	-3.2498e-07	-9.793e-10	-2.49e-12	-4.4e-13	3.2582e-07	-3.2476e-07	-8.332e-10	-5.29e-12	5.4e-13	3.256e-07	-3.248e-07	-6.8534e-10	-8.92e-12	-2.5e-13	3.2528e-07	-3.246e-07	-5.1662e-10	-1.43e-11	1.4e-13	3.2508e-07	-3.2458e-07	-3.5515e-10	-1.931e-11	-9.8e-13	3.2504e-07	-3.2462e-07	-1.8753e-10	-2.561e-11	4e-12	3.248e-07	-3.2458e-07	1.39e-12	-3.199e-11	-1.7e-13	3.2454e-07	-3.2454e-07	1.7138e-10	-3.819e-11	-1.36e-12	3.2438e-07	-3.2446e-07	3.8867e-10	-4.71e-11	1.61e-12	3.241e-07	-3.2448e-07	6.1441e-10	-5.548e-11	-5.7e-13	3.2386e-07	-3.2446e-07
0.705	-1.0884e-09	-2.03e-12	1.48e-12	3.2618e-07	-3.25e-07	-9.7465e-10	-3.96e-12	2e-14	3.2576e-07	-3.2478e-07	-8.3419e-10	-7.62e-12	-6e-13	3.2558e-07	-3.2464e-07	-6.7022e-10	-1.194e-11	-1.8e-13	3.2528e-07	-3.2462e-07	-5.2142e-10	-1.652e-11	-3e-14	3.2506e-07	-3.2464e-07	-3.5733e-10	-2.175e-11	-4.3e-13	3.2504e-07	-3.2468e-07	-1.751e-10	-2.686e-11	1.99e-12	3.2478e-07	-3.246e-07	1.63e-12	-3.328e-11	-2.2e-13	3.2464e-07	-3.2458e-07	1.7046e-10	-4.176e-11	1.25e-12	3.244e-07	-3.2464e-07	3.9646e-10	-5.117e-11	-5.3e-13	3.2414e-07	-3.2446e-07	6.1923e-10	-6.168e-11	-7.6e-13	3.2386e-07	-3.2446e-07
0.7	-1.0914e-09	-3.07e-12	3.1e-13	3.2608e-07	-3.25e-07	-9.8299e-10	-6.87e-12	-3.1e-13	3.2574e-07	-3.2476e-07	-8.3725e-10	-9.74e-12	-1.32e-12	3.2558e-07	-3.2478e-07	-6.8079e-10	-1.33e-11	6.6e-13	3.2532e-07	-3.2466e-07	-5.1212e-10	-1.858e-11	1.3e-13	3.251e-07	-3.2456e-07	-3.5403e-10	-2.419e-11	-2.6e-13	3.251e-07	-3.2466e-07	-1.6997e-10	-2.892e-11	-4.69e-12	3.2482e-07	-3.2456e-07	1.631e-11	-3.839e-11	-6.5e-13	3.2468e-07	-3.2466e-07	1.777e-10	-4.535e-11	9e-13	3.2446e-07	-3.246e-07	3.9899e-10	-5.542e-11	-1.4e-12	3.2418e-07	-3.2452e-07	6.2959e-10	-6.573e-11	-1.04e-12	3.2394e-07	-3.2448e-07
0.695	-1.0813e-09	-4.35e-12	-1.7e-13	3.2612e-07	-3.2508e-07	-9.7791e-10	-7.18e-12	-3e-14	3.257e-07	-3.2476e-07	-8.265e-10	-1.232e-11	7.3e-13	3.2558e-07	-3.247e-07	-6.6993e-10	-1.597e-11	-9.2e-13	3.254e-07	-3.246e-07	-5.0718e-10	-2.158e-11	-8e-14	3.2516e-07	-3.246e-07	-3.5323e-10	-2.781e-11	4.9e-13	3.25e-07	-3.2464e-07	-1.7213e-10	-3.377e-11	-2.79e-12	3.2486e-07	-3.2466e-07	7.3e-12	-4.296e-11	7.7e-13	3.2464e-07	-3.2458e-07	1.8607e-10	-5.007e-11	-1.22e-12	3.2436e-07	-3.2446e-07	3.9577e-10	-5.913e-11	-7e-14	3.2416e-07	-3.2454e-07	6.2017e-10	-7.168e-11	7e-14	3.239e-07	-3.2444e-07
0.69	-1.0917e-09	-6.41e-12	-2.2e-13	3.2608e-07	-3.2496e-07	-9.7433e-10	-1.005e-11	-7.6e-13	3.2574e-07	-3.2474e-07	-8.2063e-10	-1.241e-11	3.3e-13	3.2566e-07	-3.248e-07	-6.6724e-10	-1.835e-11	-1.57e-12	3.2526e-07	-3.2462e-07	-5.0469e-10	-2.39e-11	-4.6e-13	3.2522e-07	-3.2474e-07	-3.4726e-10	-3.041e-11	1.9e-13	3.2504e-07	-3.2466e-07	-1.7856e-10	-3.959e-11	3.16e-12	3.2488e-07	-3.246e-07	1.267e-11	-4.508e-11	8.6e-13	3.2458e-07	-3.2462e-07	1.9314e-10	-5.418e-11	-1.07e-12	3.2438e-07	-3.2454e-07	4.0432e-10	-6.713e-11	1.37e-12	3.2412e-07	-3.244e-07	6.3242e-10	-7.73e-11	-8.3e-13	3.2392e-07	-3.2444e-07
0.685	-1.0847e-09	-7.62e-12	4e-14	3.2606e-07	-3.2502e-07	-9.7966e-10	-1.006e-11	-2.04e-12	3.2576e-07	-3.2474e-07	-8.1911e-10	-1.604e-11	-1.04e-12	3.2558e-07	-3.2482e-07	-6.7076e-10	-2.069e-11	-2.7e-13	3.2528e-07	-3.2454e-07	-4.9856e-10	-2.707e-11	4e-13	3.2508e-07	-3.2464e-07	-3.2967e-10	-3.507e-11	-6.1e-13	3.2504e-07	-3.2464e-07	-1.6589e-10	-4.085e-11	1.2e-13	3.2492e-07	-3.2464e-07	2.742e-11	-5.137e-11	-1.33e-12	3.246e-07	-3.246e-07	2.0601e-10	-5.992e-11	-3.5e-13	3.244e-07	-3.2452e-07	4.0852e-10	-7.224e-11	9e-14	3.2418e-07	-3.2448e-07	6.4045e-10	-8.374e-11	-1.02e-12	3.2392e-07	-3.2448e-07
0.68	-1.0877e-09	-1.035e-11	-1.4e-13	3.2618e-07	-3.2514e-07	-9.7481e-10	-1.378e-11	-1e-12	3.2576e-07	-3.2478e-07	-8.2933e-10	-1.903e-11	-1.38e-12	3.257e-07	-3.2484e-07	-6.727e-10	-2.455e-11	2.5e-13	3.2534e-07	-3.2464e-07	-4.9574e-10	-3.064e-11	1.5e-13	3.2512e-07	-3.2458e-07	-3.425e-10	-3.762e-11	-5.9e-13	3.2504e-07	-3.2464e-07	-1.6014e-10	-4.528e-11	-4.82e-12	3.2486e-07	-3.2466e-07	1.771e-11	-5.489e-11	-1.72e-12	3.247e-07	-3.246e-07	2.0287e-10	-6.411e-11	6.8e-13	3.2432e-07	-3.2452e-07	4.1998e-10	-7.687e-11	-2.05e-12	3.241e-07	-3.2446e-07	6.4138e-10	-9.049e-11	-8.4e-13	3.2398e-07	-3.2448e-07
0.675	-1.0809e-09	-1.115e-11	-1.54e-12	3.2614e-07	-3.2504e-07	-9.6277e-10	-1.615e-11	9.1e-13	3.2576e-07	-3.2476e-07	-8.2265e-10	-2.189e-11	4.5e-13	3.2564e-07	-3.2478e-07	-6.6586e-10	-2.674e-11	-1.2e-12	3.2536e-07	-3.247e-07	-4.9007e-10	-3.379e-11	-9.7e-13	3.2514e-07	-3.2462e-07	-3.3425e-10	-4.185e-11	-1.1e-13	3.25e-07	-3.2476e-07	-1.7128e-10	-4.876e-11	-1.47e-12	3.2482e-07	-3.2456e-07	1.198e-11	-6.027e-11	1.1e-13	3.2468e-07	-3.2454e-07	2.1296e-10	-7.057e-11	-9.4e-13	3.243e-07	-3.244e-07	4.1876e-10	-8.153e-11	5.5e-13	3.242e-07	-3.245e-07	6.5333e-10	-9.634e-11	2.2e-13	3.2388e-07	-3.2446e-07
0.67	-1.0818e-09	-1.269e-11	3.9e-13	3.2616e-07	-3.2502e-07	-9.6708e-10	-1.9e-11	-5e-14	3.2574e-07	-3.2478e-07	-8.1516e-10	-2.483e-11	6.1e-13	3.256e-07	-3.2468e-07	-6.6208e-10	-3.049e-11	-5.8e-13	3.253e-07	-3.246e-07	-4.8644e-10	-3.801e-11	4e-14	3.251e-07	-3.2464e-07	-3.2459e-10	-4.637e-11	2.6e-13	3.2502e-07	-3.2464e-07	-1.7393e-10	-5.698e-11	2.71e-12	3.2482e-07	-3.246e-07	2.377e-11	-6.488e-11	-3.2e-13	3.2458e-07	-3.2462e-07	2.1396e-10	-7.487e-11	-7.8e-13	3.2434e-07	-3.2446e-07	4.2631e-10	-8.876e-11	4.1e-13	3.2412e-07	-3.2446e-07	6.5531e-10	-1.052e-10	-1.11e-12	3.2392e-07	-3.2444e-07
0.665	-1.0803e-09	-1.582e-11	3.9e-13	3.262e-07	-3.2498e-07	-9.6869e-10	-2.105e-11	-1.42e-12	3.2576e-07	-3.2472e-07	-8.2159e-10	-2.717e-11	-8.5e-13	3.256e-07	-3.2476e-07	-6.6401e-10	-3.299e-11	-1e-13	3.253e-07	-3.2462e-07	-4.9723e-10	-4.09e-11	6.1e-13	3.251e-07	-3.2454e-07	-3.2365e-10	-5.048e-11	1.4e-13	3.2504e-07	-3.247e-07	-1.5909e-10	-6.018e-11	1.8e-12	3.2488e-07	-3.2464e-07	-9.35e-12	-7.178e-11	-6.1e-13	3.2468e-07	-3.246e-07	2.1972e-10	-8.127e-11	-1.4e-13	3.2434e-07	-3.2442e-07	4.3234e-10	-9.552e-11	-7.9e-13	3.2416e-07	-3.2452e-07	6.6234e-10	-1.1107e-10	-1.08e-12	3.2388e-07	-3.245e-07
0.66	-1.0811e-09	-1.886e-11	4.5e-13	3.262e-07	-3.2502e-07	-9.6144e-10	-2.289e-11	-4.8e-13	3.2574e-07	-3.2476e-07	-8.0996e-10	-3.052e-11	-1.12e-12	3.2566e-07	-3.2478e-07	-6.5363e-10	-3.754e-11	-3.7e-13	3.2538e-07	-3.2464e-07	-4.936e-10	-4.642e-11	-7.8e-13	3.2518e-07	-3.2462e-07	-3.195e-10	-5.491e-11	-1.4e-13	3.25e-07	-3.2466e-07	-1.3884e-10	-6.496e-11	-2.56e-12	3.2478e-07	-3.2456e-07	-3.54e-12	-7.613e-11	-3.7e-13	3.2468e-07	-3.2462e-07	2.1513e-10	-8.773e-11	1.2e-13	3.242e-07	-3.2432e-07	4.3372e-10	-1.0066e-10	-7.9e-13	3.2422e-07	-3.2454e-07	6.7001e-10	-1.1933e-10	2e-14	3.2392e-07	-3.2448e-07
0.655	-1.0794e-09	-2.088e-11	-6.5e-13	3.2616e-07	-3.2514e-07	-9.5324e-10	-2.758e-11	9.8e-13	3.2574e-07	-3.2478e-07	-8.0518e-10	-3.348e-11	-1.2e-13	3.2558e-07	-3.248e-07	-6.5402e-10	-4.108e-11	-5.5e-13	3.2532e-07	-3.2462e-07	-4.8272e-10	-4.984e-11	-1.21e-12	3.2518e-07	-3.2464e-07	-3.2845e-10	-6.025e-11	-1e-13	3.2506e-07	-3.2464e-07	-1.4417e-10	-7.06e-11	-2.57e-12	3.2482e-07	-3.247e-07	4.575e-11	-8.223e-11	-1.9e-13	3.246e-07	-3.2458e-07	2.1856e-10	-9.455e-11	-2.8e-13	3.242e-07	-3.2436e-07	4.4519e-10	-1.0909e-10	-6.1e-13	3.2426e-07	-3.2454e-07	6.7726e-10	-1.2668e-10	6.8e-13	3.239e-07	-3.2442e-07
0.65	-1.0789e-09	-2.359e-11	-5e-13	3.2608e-07	-3.2502e-07	-9.5795e-10	-2.963e-11	-8.1e-13	3.2578e-07	-3.2478e-07	-8.019e-10	-3.83e-11	1.09e-12	3.2564e-07	-3.2478e-07	-6.5269e-10	-4.44e-11	-2.6e-13	3.2536e-07	-3.2468e-07	-4.7953e-10	-5.322e-11	-6.5e-13	3.2508e-07	-3.246e-07	-3.2011e-10	-6.539e-11	-8.4e-13	3.2502e-07	-3.2466e-07	-1.3978e-10	-7.681e-11	4.6e-13	3.2486e-07	-3.2464e-07	5.834e-11	-9.023e-11	1.06e-12	3.2458e-07	-3.2454e-07	2.3238e-10	-1.0122e-10	-1.04e-12	3.2436e-07	-3.2454e-07	4.5305e-10	-1.1761e-10	7.5e-13	3.2418e-07	-3.2452e-07	6.8673e-10	-1.3373e-10	-7.4e-13	3.2392e-07	-3.2452e-07
0.645	-1.0753e-09	-2.778e-11	-4.9e-13	3.261e-07	-3.2498e-07	-9.5504e-10	-3.414e-11	-1.39e-12	3.2582e-07	-3.2478e-07	-8.0043e-10	-4.142e-11	-2e-14	3.2562e-07	-3.2472e-07	-6.4532e-10	-4.862e-11	-1.12e-12	3.2532e-07	-3.246e-07	-4.8288e-10	-5.977e-11	-1.4e-13	3.2512e-07	-3.2454e-07	-3.1545e-10	-7.023e-11	2.3e-13	3.2504e-07	-3.2464e-07	-1.3687e-10	-8.319e-11	1.34e-12	3.2478e-07	-3.2462e-07	5.001e-11	-9.461e-11	-1.31e-12	3.2458e-07	-3.246e-07	2.3601e-10	-1.0794e-10	1e-14	3.2434e-07	-3.2448e-07	4.5862e-10	-1.2425e-10	-1e-13	3.2418e-07	-3.2454e-07	6.8672e-10	-1.4101e-10	-8.7e-13	3.2394e-07	-3.2448e-07
0.64	-1.0727e-09	-2.983e-11	-7e-13	3.2608e-07	-3.2498e-07	-9.4998e-10	-3.677e-11	-6.9e-13	3.2576e-07	-3.2478e-07	-8.0006e-10	-4.544e-11	-1.16e-12	3.2564e-07	-3.2478e-07	-6.4193e-10	-5.348e-11	-8.4e-13	3.253e-07	-3.2466e-07	-4.7051e-10	-6.399e-11	5.8e-13	3.2506e-07	-3.246e-07	-2.9866e-10	-7.639e-11	2.1e-13	3.2504e-07	-3.2466e-07	-1.3049e-10	-8.761e-11	-2.28e-12	3.2486e-07	-3.2462e-07	6.205e-11	-1.0298e-10	-1.07e-12	3.2466e-07	-3.2456e-07	2.4803e-10	-1.1721e-10	-7.6e-13	3.244e-07	-3.2456e-07	4.6503e-10	-1.3151e-10	-1.46e-12	3.2416e-07	-3.2452e-07	7e-10	-1.4781e-10	-8.4e-13	3.2392e-07	-3.245e-07
0.635	-1.1986e-09	-3.319e-11	4.4e-13	3.2624e-07	-3.2498e-07	-9.4396e-10	-4.187e-11	5.2e-13	3.2572e-07	-3.2478e-07	-7.9325e-10	-4.986e-11	-5.2e-13	3.2558e-07	-3.248e-07	-6.389e-10	-5.798e-11	-1.7e-13	3.2528e-07	-3.2458e-07	-4.7098e-10	-7.021e-11	4e-14	3.2508e-07	-3.246e-07	-2.9261e-10	-8.211e-11	-7.9e-13	3.25e-07	-3.2464e-07	-1.1017e-10	-9.678e-11	-1.4e-12	3.2482e-07	-3.2464e-07	6.784e-11	-1.0972e-10	-6.3e-13	3.2472e-07	-3.246e-07	2.5884e-10	-1.2379e-10	7.6e-13	3.2438e-07	-3.2454e-07	4.7303e-10	-1.4059e-10	-2.08e-12	3.242e-07	-3.2452e-07	7.0711e-10	-1.5886e-10	-3.4e-13	3.2392e-07	-3.2454e-07
0.63	-1.2077e-09	-3.673e-11	-1.02e-12	3.2618e-07	-3.2508e-07	-1.08243e-09	-4.566e-11	2.7e-13	3.2586e-07	-3.2474e-07	-7.9744e-10	-5.524e-11	-3.5e-13	3.2564e-07	-3.247e-07	-6.2676e-10	-6.3e-11	-3.7e-13	3.253e-07	-3.2454e-07	-4.6226e-10	-7.542e-11	-1.9e-13	3.2512e-07	-3.246e-07	-2.9008e-10	-8.978e-11	2.7e-13	3.2508e-07	-3.2466e-07	-1.1186e-10	-1.0283e-10	3.2e-13	3.2482e-07	-3.2464e-07	8.046e-11	-1.2006e-10	-7e-14	3.2466e-07	-3.246e-07	2.5894e-10	-1.314e-10	-5.4e-13	3.2446e-07	-3.2456e-07	4.835e-10	-1.4971e-10	8.6e-13	3.2422e-07	-3.245e-07	7.1729e-10	-1.6634e-10	-3.5e-13	3.2394e-07	-3.2446e-07
0.625	-1.0474e-09	-4.104e-11	-1.2e-12	3.26e-07	-3.2494e-07	-1.06736e-09	-4.936e-11	-2e-14	3.259e-07	-3.2484e-07	-7.8975e-10	-5.864e-11	5.2e-13	3.2562e-07	-3.2478e-07	-6.2309e-10	-6.901e-11	-6.9e-13	3.2534e-07	-3.247e-07	-4.5189e-10	-8.244e-11	-1.19e-12	3.251e-07	-3.2454e-07	-2.8076e-10	-9.454e-11	3.7e-13	3.2506e-07	-3.2468e-07	-9.782e-11	-1.1105e-10	1.29e-12	3.2482e-07	-3.2466e-07	8.518e-11	-1.2528e-10	-3e-13	3.2468e-07	-3.2466e-07	2.6539e-10	-1.4064e-10	-8.4e-13	3.244e-07	-3.2448e-07	4.8879e-10	-1.5748e-10	6.9e-13	3.2418e-07	-3.245e-07	7.2638e-10	-1.7565e-10	-5.5e-13	3.239e-07	-3.2448e-07
0.62	-1.0492e-09	-4.477e-11	3.5e-13	3.2618e-07	-3.25e-07	-1.05072e-09	-5.394e-11	-4.8e-13	3.2584e-07	-3.2474e-07	-7.8567e-10	-6.324e-11	-9.7e-13	3.2562e-07	-3.2476e-07	-6.1907e-10	-7.392e-11	7.5e-13	3.2534e-07	-3.2466e-07	-4.5136e-10	-8.734e-11	-9e-13	3.2514e-07	-3.246e-07	-2.7922e-10	-1.0278e-10	1e-13	3.2506e-07	-3.246e-07	-9.1e-11	-1.1699e-10	-1.1e-13	3.2486e-07	-3.2464e-07	9.519e-11	-1.3341e-10	-8.6e-13	3.2464e-07	-3.2458e-07	2.7824e-10	-1.4802e-10	6.7e-13	3.2432e-07	-3.2448e-07	5.0073e-10	-1.6612e-10	-1.52e-12	3.2418e-07	-3.2452e-07	7.3456e-10	-1.8469e-10	-8.5e-13	3.2386e-07	-3.244e-07
0.615	-1.0473e-09	-4.887e-11	1e-13	3.2612e-07	-3.2504e-07	-1.05393e-09	-5.881e-11	-5e-13	3.2588e-07	-3.2478e-07	-7.8857e-10	-6.953e-11	-1.7e-13	3.2556e-07	-3.2472e-07	-6.1785e-10	-7.994e-11	-9.4e-13	3.2536e-07	-3.2468e-07	-4.3982e-10	-9.443e-11	-1.18e-12	3.251e-07	-3.246e-07	-2.744e-10	-1.0945e-10	-7.4e-13	3.25e-07	-3.246e-07	-8.021e-11	-1.2596e-10	-2.21e-12	3.2486e-07	-3.2468e-07	1.0606e-10	-1.4299e-10	-9.1e-13	3.2468e-07	-3.2462e-07	2.8625e-10	-1.5665e-10	-5.9e-13	3.2444e-07	-3.2452e-07	5.1032e-10	-1.7539e-10	-1.56e-12	3.2428e-07	-3.2448e-07	7.4311e-10	-1.9503e-10	-1.05e-12	3.2388e-07	-3.2444e-07
0.61	-1.0476e-09	-5.376e-11	-5.3e-13	3.262e-07	-3.2508e-07	-1.05145e-09	-6.376e-11	2.8e-13	3.259e-07	-3.2472e-07	-7.7465e-10	-7.527e-11	6.5e-13	3.2558e-07	-3.2466e-07	-6.0185e-10	-8.61e-11	-1.1e-12	3.2538e-07	-3.247e-07	-4.193e-10	-1.0171e-10	-5.8e-13	3.2516e-07	-3.2464e-07	-2.7349e-10	-1.1842e-10	-1.3e-13	3.2506e-07	-3.2458e-07	-7.713e-11	-1.3441e-10	-1.27e-12	3.2484e-07	-3.2458e-07	1.1741e-10	-1.5246e-10	-8.5e-13	3.2464e-07	-3.246e-07	2.9644e-10	-1.6513e-10	-7.1e-13	3.2438e-07	-3.2452e-07	5.2069e-10	-1.8481e-10	1.13e-12	3.242e-07	-3.2452e-07	7.5341e-10	-2.0369e-10	3.3e-13	3.2386e-07	-3.2446e-07
0.605	-1.0422e-09	-5.862e-11	-3e-14	3.2618e-07	-3.2504e-07	-9.2148e-10	-6.874e-11	4.6e-13	3.2576e-07	-3.2478e-07	-7.6268e-10	-8.114e-11	4.5e-13	3.2556e-07	-3.247e-07	-6.0074e-10	-9.255e-11	-2.3e-13	3.254e-07	-3.247e-07	-4.1204e-10	-1.0897e-10	-5.9e-13	3.251e-07	-3.2458e-07	-2.6707e-10	-1.2583e-10	-1.06e-12	3.2506e-07	-3.2464e-07	-6.825e-11	-1.4211e-10	1.34e-12	3.2482e-07	-3.246e-07	1.1676e-10	-1.6043e-10	-1.8e-13	3.2462e-07	-3.2458e-07	3.0209e-10	-1.7513e-10	-8.6e-13	3.244e-07	-3.245e-07	5.2736e-10	-1.9442e-10	4e-14	3.242e-07	-3.245e-07	7.6455e-10	-2.1417e-10	4.8e-13	3.2388e-07	-3.2442e-07
0.6	-1.0357e-09	-6.365e-11	-2.6e-13	3.2608e-07	-3.2502e-07	-8.8401e-10	-7.54e-11	-4.9e-13	3.2576e-07	-3.248e-07	-7.5686e-10	-8.734e-11	-1.8e-12	3.2556e-07	-3.2476e-07	-5.9691e-10	-9.885e-11	-6.5e-13	3.254e-07	-3.247e-07	-4.1245e-10	-1.1691e-10	-9.3e-13	3.252e-07	-3.2464e-07	-2.4315e-10	-1.3492e-10	-1.09e-12	3.2504e-07	-3.2464e-07	-5.879e-11	-1.5024e-10	8.4e-13	3.2476e-07	-3.2464e-07	1.2096e-10	-1.6959e-10	-1.43e-12	3.2462e-07	-3.2452e-07	3.0789e-10	-1.8397e-10	8.5e-13	3.2436e-07	-3.2458e-07	5.3591e-10	-2.034e-10	-1.93e-12	3.2424e-07	-3.2454e-07	7.7091e-10	-2.2312e-10	-1.65e-12	3.2394e-07	-3.2448e-07
0.595	-1.0239e-09	-6.872e-11	3.3e-13	3.261e-07	-3.2502e-07	-9.0014e-10	-8.093e-11	-9.9e-13	3.2576e-07	-3.2482e-07	-7.565e-10	-9.412e-11	-1.54e-12	3.2554e-07	-3.247e-07	-5.9125e-10	-1.0676e-10	-2.3e-13	3.2542e-07	-3.2476e-07	-3.998e-10	-1.2389e-10	7.3e-13	3.2516e-07	-3.246e-07	-2.5014e-10	-1.4287e-10	-1.15e-12	3.2502e-07	-3.2462e-07	-5.886e-11	-1.6074e-10	-2.12e-12	3.2482e-07	-3.2458e-07	1.3475e-10	-1.7939e-10	-5.8e-13	3.2458e-07	-3.2454e-07	3.2126e-10	-1.937e-10	7.6e-13	3.2444e-07	-3.2458e-07	5.4748e-10	-2.1251e-10	-1.09e-12	3.242e-07	-3.2454e-07	7.7897e-10	-2.335e-10	-1.38e-12	3.2392e-07	-3.2442e-07
0.59	-1.0273e-09	-7.448e-11	-7e-14	3.2606e-07	-3.2494e-07	-8.9807e-10	-8.676e-11	-4e-13	3.2578e-07	-3.2478e-07	-7.4975e-10	-1.0013e-10	3.5e-13	3.2552e-07	-3.247e-07	-5.8528e-10	-1.1375e-10	2.6e-13	3.2528e-07	-3.2458e-07	-3.9136e-10	-1.3342e-10	-6.5e-13	3.2512e-07	-3.246e-07	-2.4149e-10	-1.5143e-10	5.9e-13	3.2502e-07	-3.2464e-07	-4.859e-11	-1.7006e-10	-1.21e-12	3.2486e-07	-3.2464e-07	1.4524e-10	-1.8903e-10	5e-13	3.2466e-07	-3.246e-07	3.3309e-10	-2.0296e-10	-8.7e-13	3.2436e-07	-3.2452e-07	5.5516e-10	-2.2196e-10	6.6e-13	3.2424e-07	-3.2454e-07	7.8863e-10	-2.4375e-10	-1.4e-13	3.239e-07	-3.2444e-07
0.585	-1.0231e-09	-8.023e-11	-4.5e-13	3.2602e-07	-3.2496e-07	-8.9411e-10	-9.403e-11	-6e-14	3.2572e-07	-3.2476e-07	-7.3966e-10	-1.0642e-10	-9e-14	3.2546e-07	-3.2462e-07	-5.7686e-10	-1.2097e-10	1.4e-13	3.2532e-07	-3.2454e-07	-3.8645e-10	-1.4167e-10	-7e-13	3.2516e-07	-3.2468e-07	-2.1869e-10	-1.6083e-10	8e-14	3.2504e-07	-3.2462e-07	-4.068e-11	-1.7517e-10	2.7e-13	3.248e-07	-3.246e-07	1.589e-10	-1.9868e-10	2.7e-13	3.2462e-07	-3.246e-07	3.3923e-10	-2.1238e-10	-1.3e-13	3.2436e-07	-3.2448e-07	5.6603e-10	-2.3335e-10	-5e-14	3.2416e-07	-3.2452e-07	7.9809e-10	-2.5402e-10	2.5e-13	3.239e-07	-3.244e-07
0.58	-1.0189e-09	-8.677e-11	5.6e-13	3.261e-07	-3.25e-07	-8.8761e-10	-1.0027e-10	-1.12e-12	3.2574e-07	-3.2476e-07	-7.3048e-10	-1.1238e-10	-4.5e-13	3.2544e-07	-3.2464e-07	-5.6409e-10	-1.2993e-10	3.1e-13	3.2528e-07	-3.2464e-07	-3.7565e-10	-1.5189e-10	4e-14	3.2514e-07	-3.246e-07	-2.1332e-10	-1.6888e-10	-3.9e-13	3.2504e-07	-3.2466e-07	-2.279e-11	-1.8886e-10	-1.1e-12	3.2484e-07	-3.2458e-07	1.7288e-10	-2.0938e-10	-1e-14	3.246e-07	-3.2454e-07	3.6177e-10	-2.2319e-10	-4.2e-13	3.244e-07	-3.2456e-07	5.7442e-10	-2.4236e-10	-1.3e-12	3.242e-07	-3.245e-07	8.1464e-10	-2.6496e-10	-3.1e-13	3.2394e-07	-3.2446e-07
0.575	-1.013e-09	-9.291e-11	6.2e-13	3.2608e-07	-3.2502e-07	-8.8967e-10	-1.0552e-10	-9.5e-13	3.2578e-07	-3.2482e-07	-7.2235e-10	-1.2203e-10	-5.3e-13	3.2552e-07	-3.246e-07	-5.6159e-10	-1.3869e-10	-8.2e-13	3.2534e-07	-3.2462e-07	-3.7042e-10	-1.5875e-10	2e-14	3.2512e-07	-3.2464e-07	-2.0518e-10	-1.7525e-10	-9.7e-13	3.2504e-07	-3.2468e-07	-1.054e-11	-1.9931e-10	-7e-14	3.2482e-07	-3.2458e-07	1.3496e-10	-2.1835e-10	-8.7e-13	3.2466e-07	-3.2458e-07	3.7585e-10	-2.3302e-10	-3.8e-13	3.2438e-07	-3.2456e-07	5.838e-10	-2.522e-10	-5.4e-13	3.2422e-07	-3.2458e-07	8.2141e-10	-2.74e-10	-1.35e-12	3.2386e-07	-3.2446e-07
0.57	-1.0038e-09	-1.0063e-10	-7e-13	3.2608e-07	-3.2494e-07	-8.7866e-10	-1.1244e-10	-8e-13	3.2576e-07	-3.2476e-07	-7.1375e-10	-1.2867e-10	2.8e-13	3.2552e-07	-3.2472e-07	-5.5244e-10	-1.4631e-10	-9.3e-13	3.254e-07	-3.2472e-07	-3.7812e-10	-1.6536e-10	-8.4e-13	3.2516e-07	-3.2466e-07	-1.9355e-10	-1.8324e-10	-1.2e-13	3.2504e-07	-3.2468e-07	-3.08e-12	-2.0779e-10	-4.2e-13	3.2488e-07	-3.2466e-07	1.4062e-10	-2.2869e-10	4.5e-13	3.2468e-07	-3.2458e-07	3.6929e-10	-2.4272e-10	-3e-13	3.2438e-07	-3.2448e-07	5.9242e-10	-2.6409e-10	2e-14	3.2418e-07	-3.2454e-07	8.3292e-10	-2.8652e-10	1e-14	3.2396e-07	-3.2454e-07
0.565	-9.964e-10	-1.0714e-10	-3.4e-13	3.2612e-07	-3.2502e-07	-8.66e-10	-1.2152e-10	-7e-14	3.2578e-07	-3.2478e-07	-7.0679e-10	-1.3769e-10	6.7e-13	3.2554e-07	-3.2464e-07	-5.3774e-10	-1.5518e-10	-5.1e-13	3.2532e-07	-3.2464e-07	-3.6675e-10	-1.7346e-10	-1.56e-12	3.251e-07	-3.2462e-07	-1.8773e-10	-1.9466e-10	2.2e-13	3.251e-07	-3.2466e-07	2.7e-13	-2.192e-10	-4.3e-13	3.2478e-07	-3.246e-07	1.8828e-10	-2.3917e-10	-3.1e-13	3.247e-07	-3.2462e-07	3.8677e-10	-2.5332e-10	-1.1e-13	3.2432e-07	-3.2452e-07	6.0142e-10	-2.7378e-10	9.5e-13	3.2424e-07	-3.2454e-07	8.4727e-10	-2.9652e-10	-7.6e-13	3.2396e-07	-3.2444e-07
0.56	-9.8259e-10	-1.1466e-10	2.3e-13	3.2604e-07	-3.2498e-07	-8.6686e-10	-1.2781e-10	6.6e-13	3.2572e-07	-3.2476e-07	-6.937e-10	-1.4573e-10	-2.9e-13	3.2552e-07	-3.2464e-07	-5.3128e-10	-1.6375e-10	-5.3e-13	3.2536e-07	-3.2464e-07	-3.5324e-10	-1.8242e-10	1.09e-12	3.2518e-07	-3.2466e-07	-1.7567e-10	-2.0218e-10	-2.7e-13	3.2502e-07	-3.2464e-07	1.168e-11	-2.2965e-10	4.3e-13	3.2482e-07	-3.2462e-07	2.1609e-10	-2.4914e-10	-1.15e-12	3.2468e-07	-3.2462e-07	3.91e-10	-2.6441e-10	-5.4e-13	3.2434e-07	-3.2446e-07	6.161e-10	-2.8457e-10	-1.09e-12	3.2422e-07	-3.2452e-07	8.5542e-10	-3.088e-10	-6e-14	3.2392e-07	-3.2448e-07
0.555	-9.6908e-10	-1.2247e-10	9.4e-13	3.2608e-07	-3.25e-07	-8.4387e-10	-1.3609e-10	-6.9e-13	3.258e-07	-3.2484e-07	-6.8285e-10	-1.5499e-10	-1.13e-12	3.2558e-07	-3.2472e-07	-5.1686e-10	-1.7336e-10	-4.4e-13	3.2536e-07	-3.247e-07	-3.3984e-10	-1.9304e-10	-7.6e-13	3.2522e-07	-3.2464e-07	-1.6963e-10	-2.1385e-10	6.6e-13	3.2496e-07	-3.246e-07	2.171e-11	-2.3693e-10	1.5e-12	3.2482e-07	-3.2454e-07	2.0374e-10	-2.5428e-10	-3.9e-13	3.2464e-07	-3.2456e-07	4.113e-10	-2.7455e-10	-4e-14	3.2436e-07	-3.2448e-07	6.2694e-10	-2.9533e-10	-1.93e-12	3.242e-07	-3.2452e-07	8.6932e-10	-3.1895e-10	-6.8e-13	3.2384e-07	-3.2444e-07
0.55	-9.6558e-10	-1.3104e-10	-1.3e-13	3.2616e-07	-3.2498e-07	-8.3528e-10	-1.4591e-10	-7e-13	3.2582e-07	-3.2476e-07	-6.8061e-10	-1.6374e-10	3e-13	3.255e-07	-3.247e-07	-5.1081e-10	-1.8236e-10	1.9e-13	3.2538e-07	-3.2466e-07	-3.3393e-10	-2.0196e-10	-1.09e-12	3.2516e-07	-3.247e-07	-1.592e-10	-2.2183e-10	-1.11e-12	3.2506e-07	-3.2468e-07	3.56e-11	-2.5169e-10	6.5e-13	3.248e-07	-3.2454e-07	2.1948e-10	-2.6386e-10	2.7e-13	3.2462e-07	-3.246e-07	4.2162e-10	-2.8525e-10	6.3e-13	3.2444e-07	-3.2452e-07	6.4047e-10	-3.0823e-10	-1.7e-13	3.2416e-07	-3.245e-07	8.7998e-10	-3.3206e-10	5.9e-13	3.2388e-07	-3.2446e-07
0.545	-9.6586e-10	-1.3943e-10	2.5e-13	3.2608e-07	-3.2494e-07	-8.2636e-10	-1.5403e-10	5.5e-13	3.2578e-07	-3.2482e-07	-6.6893e-10	-1.7264e-10	3.7e-13	3.2554e-07	-3.247e-07	-5.0104e-10	-1.925e-10	6e-14	3.2536e-07	-3.2468e-07	-3.2687e-10	-2.1191e-10	-5.4e-13	3.252e-07	-3.2466e-07	-1.5988e-10	-2.3344e-10	-4.8e-13	3.25e-07	-3.2466e-07	4.298e-11	-2.5256e-10	-1.89e-12	3.2478e-07	-3.2458e-07	2.3157e-10	-2.7613e-10	6e-13	3.2458e-07	-3.2454e-07	4.2306e-10	-2.9687e-10	-1.01e-12	3.2438e-07	-3.246e-07	6.5054e-10	-3.2008e-10	1.91e-12	3.242e-07	-3.2452e-07	8.9019e-10	-3.4462e-10	6e-14	3.2398e-07	-3.2452e-07
0.54	-9.5745e-10	-1.4853e-10	8.8e-13	3.2606e-07	-3.2498e-07	-8.1855e-10	-1.634e-10	2.5e-13	3.2574e-07	-3.2478e-07	-6.5425e-10	-1.8259e-10	-1.13e-12	3.2552e-07	-3.247e-07	-4.8995e-10	-2.0267e-10	-4.3e-13	3.2536e-07	-3.2464e-07	-3.1751e-10	-2.2143e-10	-1.29e-12	3.252e-07	-3.2466e-07	-1.5198e-10	-2.4286e-10	-6e-13	3.2504e-07	-3.2466e-07	3.656e-11	-2.6534e-10	-3.5e-13	3.2488e-07	-3.246e-07	2.3945e-10	-2.8513e-10	-5e-13	3.2462e-07	-3.2462e-07	4.3311e-10	-3.0811e-10	-2.2e-13	3.2438e-07	-3.2442e-07	6.6666e-10	-3.3081e-10	-4.7e-13	3.2416e-07	-3.2448e-07	9.0095e-10	-3.5644e-10	-1.23e-12	3.2388e-07	-3.2448e-07
0.535	-9.493e-10	-1.5341e-10	-9e-13	3.2614e-07	-3.2506e-07	-8.0991e-10	-1.7111e-10	-7e-13	3.2576e-07	-3.2476e-07	-6.472e-10	-1.913e-10	-5e-14	3.255e-07	-3.2472e-07	-4.8764e-10	-2.1256e-10	-1.41e-12	3.2534e-07	-3.2466e-07	-3.0855e-10	-2.3269e-10	1.2e-13	3.2516e-07	-3.247e-07	-1.3431e-10	-2.5423e-10	-5.2e-13	3.2504e-07	-3.247e-07	4.776e-11	-2.7433e-10	-1.9e-13	3.2482e-07	-3.2466e-07	2.5067e-10	-2.9561e-10	-8.4e-13	3.2466e-07	-3.2454e-07	4.4509e-10	-3.1857e-10	-2.3e-13	3.2436e-07	-3.244e-07	6.7601e-10	-3.4374e-10	-1.51e-12	3.241e-07	-3.244e-07	9.1741e-10	-3.6947e-10	-2.8e-13	3.2394e-07	-3.2446e-07
0.53	-9.2861e-10	-1.6312e-10	1e-14	3.2604e-07	-3.2496e-07	-8.1435e-10	-1.8295e-10	-5e-13	3.2572e-07	-3.2476e-07	-6.3406e-10	-2.0247e-10	-3e-13	3.256e-07	-3.2474e-07	-4.7567e-10	-2.2156e-10	-1.4e-13	3.253e-07	-3.2464e-07	-2.937e-10	-2.4221e-10	-7.9e-13	3.2514e-07	-3.2466e-07	-1.2834e-10	-2.6507e-10	-4.3e-13	3.2518e-07	-3.2468e-07	6.397e-11	-2.8805e-10	3.3e-13	3.249e-07	-3.2464e-07	2.5862e-10	-3.0859e-10	-1.01e-12	3.2468e-07	-3.2462e-07	4.6961e-10	-3.3064e-10	-1.42e-12	3.2438e-07	-3.2452e-07	6.8655e-10	-3.5695e-10	-5.5e-13	3.2422e-07	-3.2442e-07	9.2853e-10	-3.8261e-10	-4.5e-13	3.2398e-07	-3.2446e-07
0.525	-9.285e-10	-1.7178e-10	5e-13	3.261e-07	-3.2502e-07	-7.9648e-10	-1.9066e-10	6.1e-13	3.2578e-07	-3.2476e-07	-6.3254e-10	-2.1148e-10	1.1e-13	3.2552e-07	-3.247e-07	-4.6536e-10	-2.3224e-10	-7.4e-13	3.2534e-07	-3.2466e-07	-2.8133e-10	-2.5283e-10	-6.8e-13	3.2516e-07	-3.2468e-07	-1.8816e-10	-2.7396e-10	-5.7e-13	3.252e-07	-3.247e-07	7.639e-11	-2.9584e-10	-9e-13	3.2486e-07	-3.2464e-07	2.7418e-10	-3.1979e-10	-9.1e-13	3.2458e-07	-3.246e-07	4.8318e-10	-3.4287e-10	-9.8e-13	3.2442e-07	-3.245e-07	7.0295e-10	-3.6952e-10	1.53e-12	3.2416e-07	-3.2446e-07	9.4651e-10	-3.9636e-10	7.2e-13	3.2396e-07	-3.2448e-07
0.52	-9.2368e-10	-1.82e-10	5.1e-13	3.2616e-07	-3.2502e-07	-7.9385e-10	-2.0172e-10	4.6e-13	3.2576e-07	-3.2476e-07	-6.2077e-10	-2.2034e-10	-2.5e-13	3.256e-07	-3.247e-07	-4.5947e-10	-2.4261e-10	-5.9e-13	3.2534e-07	-3.2458e-07	-2.7427e-10	-2.6441e-10	-3.1e-13	3.252e-07	-3.2464e-07	-1.6254e-10	-2.8654e-10	-3e-14	3.251e-07	-3.2474e-07	9.092e-11	-3.0783e-10	-1.73e-12	3.2488e-07	-3.246e-07	2.8762e-10	-3.3164e-10	1.5e-13	3.246e-07	-3.2452e-07	4.8778e-10	-3.5671e-10	4.1e-13	3.2438e-07	-3.2452e-07	7.1559e-10	-3.8232e-10	1.2e-13	3.2406e-07	-3.244e-07	9.5865e-10	-4.0798e-10	-3e-13	3.2396e-07	-3.2454e-07
0.515	-9.1373e-10	-1.9193e-10	-2.6e-13	3.261e-07	-3.25e-07	-7.8374e-10	-2.101e-10	-1.31e-12	3.2572e-07	-3.2478e-07	-6.0762e-10	-2.302e-10	-9.4e-13	3.2554e-07	-3.2476e-07	-4.442e-10	-2.5261e-10	4.7e-13	3.253e-07	-3.247e-07	-2.622e-10	-2.7481e-10	-4e-13	3.2522e-07	-3.2464e-07	-9.377e-11	-2.9626e-10	-1.21e-12	3.2512e-07	-3.2466e-07	9.802e-11	-3.204e-10	-7.3e-13	3.2488e-07	-3.2462e-07	2.9652e-10	-3.4301e-10	-6e-13	3.246e-07	-3.2454e-07	5.0512e-10	-3.6816e-10	5.7e-13	3.2434e-07	-3.2452e-07	7.2676e-10	-3.9546e-10	-2.25e-12	3.2412e-07	-3.2442e-07	9.6826e-10	-4.2411e-10	-1e-12	3.2394e-07	-3.2456e-07
0.51	-9.009e-10	-2.0007e-10	-2.4e-13	3.2614e-07	-3.2502e-07	-7.7821e-10	-2.2015e-10	-1.38e-12	3.2578e-07	-3.2474e-07	-6.0639e-10	-2.4245e-10	-1.13e-12	3.256e-07	-3.2472e-07	-4.3204e-10	-2.635e-10	-9.4e-13	3.2536e-07	-3.247e-07	-2.4635e-10	-2.8622e-10	2.8e-13	3.2522e-07	-3.2468e-07	-8.12e-11	-3.0893e-10	3.4e-13	3.2506e-07	-3.2458e-07	1.134e-10	-3.3205e-10	-1.6e-13	3.2488e-07	-3.2472e-07	3.18e-10	-3.573e-10	-2.4e-13	3.247e-07	-3.2468e-07	5.1858e-10	-3.8176e-10	-1e-12	3.2432e-07	-3.2438e-07	7.4068e-10	-4.1041e-10	-1.3e-13	3.241e-07	-3.2446e-07	9.7822e-10	-4.3879e-10	1.6e-13	3.2398e-07	-3.2452e-07
0.505	-9.0764e-10	-2.1101e-10	-4.3e-13	3.2612e-07	-3.2498e-07	-7.6196e-10	-2.3204e-10	4.2e-13	3.2576e-07	-3.2476e-07	-5.9756e-10	-2.5224e-10	1.5e-13	3.255e-07	-3.2474e-07	-4.2123e-10	-2.7563e-10	-8.9e-13	3.2528e-07	-3.246e-07	-2.3648e-10	-2.9633e-10	-2.47e-12	3.2522e-07	-3.247e-07	-6.95e-11	-3.2027e-10	6e-14	3.2508e-07	-3.2466e-07	1.1013e-10	-3.4525e-10	3.6e-13	3.2486e-07	-3.247e-07	3.2756e-10	-3.6842e-10	4.6e-13	3.247e-07	-3.2464e-07	5.2611e-10	-3.9587e-10	-7.9e-13	3.2428e-07	-3.2446e-07	7.5213e-10	-4.2459e-10	1.41e-12	3.2416e-07	-3.2452e-07	9.9707e-10	-4.5433e-10	7e-14	3.2402e-07	-3.2454e-07
0.5	-8.9043e-10	-2.2185e-10	-1e-14	3.2604e-07	-3.2502e-07	-7.5e-10	-2.4229e-10	-5.2e-13	3.2574e-07	-3.2476e-07	-5.8348e-10	-2.6329e-10	8.2e-13	3.2556e-07	-3.2468e-07	-4.0894e-10	-2.8558e-10	-4.3e-13	3.2534e-07	-3.247e-07	-2.2955e-10	-3.0819e-10	-2.2e-13	3.2512e-07	-3.2464e-07	-5.304e-11	-3.3184e-10	-1.32e-12	3.2504e-07	-3.2472e-07	1.2541e-10	-3.5531e-10	-2.15e-12	3.2498e-07	-3.2476e-07	3.4736e-10	-3.8403e-10	-4.7e-13	3.247e-07	-3.2464e-07	5.4433e-10	-4.0994e-10	-1.4e-13	3.2434e-07	-3.2442e-07	7.6667e-10	-4.3993e-10	1.6e-13	3.2422e-07	-3.2446e-07	1.01314e-09	-4.7056e-10	-8.8e-13	3.2398e-07	-3.245e-07
0.495	-8.9191e-10	-2.3132e-10	2.9e-13	3.2612e-07	-3.25e-07	-7.3789e-10	-2.5289e-10	-1.1e-12	3.257e-07	-3.2474e-07	-5.8792e-10	-2.7294e-10	-1.9e-12	3.2552e-07	-3.2464e-07	-3.9074e-10	-2.9797e-10	-5.3e-13	3.2538e-07	-3.247e-07	-2.218e-10	-3.2104e-10	6.9e-13	3.2518e-07	-3.2466e-07	-4.734e-11	-3.4492e-10	-4.9e-13	3.2504e-07	-3.247e-07	1.438e-10	-3.7244e-10	-1.13e-12	3.2486e-07	-3.2466e-07	3.5624e-10	-3.9585e-10	-1.24e-12	3.247e-07	-3.2458e-07	5.6349e-10	-4.2488e-10	4.3e-13	3.2426e-07	-3.244e-07	7.8854e-10	-4.5409e-10	-1.52e-12	3.2414e-07	-3.2446e-07	1.0246e-09	-4.847e-10	-1.83e-12	3.2402e-07	-3.2448e-07
0.49	-8.728e-10	-2.4206e-10	-3.1e-13	3.2608e-07	-3.25e-07	-7.3122e-10	-2.6156e-10	-4.1e-13	3.2572e-07	-3.2478e-07	-5.7641e-10	-2.8424e-10	-7.8e-13	3.2552e-07	-3.2464e-07	-3.8468e-10	-3.087e-10	-9.9e-13	3.2536e-07	-3.2464e-07	-2.0521e-10	-3.3268e-10	-2.4e-13	3.2512e-07	-3.2462e-07	-3.286e-11	-3.5595e-10	1.1e-13	3.251e-07	-3.2468e-07	1.5272e-10	-3.8252e-10	1.24e-12	3.2486e-07	-3.2462e-07	3.7373e-10	-4.1021e-10	-9.5e-13	3.2464e-07	-3.2464e-07	5.6533e-10	-4.3892e-10	-1.12e-12	3.2436e-07	-3.2454e-07	8.0019e-10	-4.6957e-10	-9.5e-13	3.2416e-07	-3.2448e-07	1.04347e-09	-5.0478e-10	3e-13	3.2402e-07	-3.2454e-07
0.485	-8.6969e-10	-2.5156e-10	-7.7e-13	3.2614e-07	-3.25e-07	-7.1756e-10	-2.7414e-10	4e-13	3.2572e-07	-3.2476e-07	-5.6739e-10	-2.9523e-10	7e-14	3.2554e-07	-3.247e-07	-3.7828e-10	-3.1987e-10	-2.9e-13	3.2534e-07	-3.2466e-07	-1.975e-10	-3.4488e-10	-2.4e-13	3.2518e-07	-3.2458e-07	-2.061e-11	-3.6924e-10	8e-14	3.251e-07	-3.2464e-07	1.709e-10	-4.0014e-10	1.09e-12	3.248e-07	-3.2464e-07	3.8621e-10	-4.2474e-10	5.3e-13	3.2464e-07	-3.2464e-07	5.9188e-10	-4.5446e-10	-1.23e-12	3.2442e-07	-3.2456e-07	8.1382e-10	-4.8748e-10	9.2e-13	3.2414e-07	-3.2448e-07	1.05793e-09	-5.2162e-10	1.05e-12	3.2398e-07	-3.2458e-07
0.48	-8.5333e-10	-2.6256e-10	1.2e-13	3.2618e-07	-3.2504e-07	-7.0145e-10	-2.8451e-10	1.7e-13	3.2572e-07	-3.2468e-07	-5.4946e-10	-3.0632e-10	-9.9e-13	3.2558e-07	-3.2476e-07	-3.7038e-10	-3.3161e-10	2.6e-13	3.2538e-07	-3.2464e-07	-1.78e-10	-3.5644e-10	-1.28e-12	3.2524e-07	-3.247e-07	-7.18e-12	-3.8377e-10	-1.41e-12	3.2508e-07	-3.2476e-07	1.8495e-10	-4.1034e-10	-1.06e-12	3.2482e-07	-3.2464e-07	3.9239e-10	-4.4043e-10	-7e-14	3.247e-07	-3.246e-07	6.0126e-10	-4.7098e-10	5.7e-13	3.2434e-07	-3.2454e-07	8.3046e-10	-5.0418e-10	6.2e-13	3.2416e-07	-3.2446e-07	1.08323e-09	-5.3978e-10	-9.2e-13	3.241e-07	-3.2458e-07
0.475	-8.4572e-10	-2.7384e-10	2e-14	3.2612e-07	-3.2502e-07	-6.973e-10	-2.9536e-10	-1.68e-12	3.2572e-07	-3.2476e-07	-5.412e-10	-3.1968e-10	-8.5e-13	3.2558e-07	-3.2478e-07	-3.5615e-10	-3.4434e-10	-1.17e-12	3.2534e-07	-3.2464e-07	-1.7271e-10	-3.7071e-10	1.33e-12	3.2522e-07	-3.247e-07	1.122e-11	-3.9621e-10	3.7e-13	3.2506e-07	-3.2472e-07	2.0284e-10	-4.2686e-10	-2.36e-12	3.249e-07	-3.2468e-07	4.0538e-10	-4.5617e-10	-3.4e-13	3.2472e-07	-3.2468e-07	6.1214e-10	-4.8722e-10	0	3.2442e-07	-3.2454e-07	8.4755e-10	-5.2039e-10	-2.14e-12	3.2412e-07	-3.245e-07	1.09869e-09	-5.5726e-10	-5.3e-13	3.24e-07	-3.2454e-07
0.47	-8.4316e-10	-2.85e-10	-2.2e-12	3.2606e-07	-3.2492e-07	-6.9138e-10	-3.0677e-10	-1.38e-12	3.2572e-07	-3.2478e-07	-5.3129e-10	-3.2998e-10	-3e-13	3.256e-07	-3.2476e-07	-3.4071e-10	-3.5822e-10	-6.4e-13	3.2528e-07	-3.2464e-07	-1.4787e-10	-3.8284e-10	-3.7e-13	3.2514e-07	-3.2462e-07	2.824e-11	-4.1048e-10	3.2e-13	3.2512e-07	-3.2472e-07	2.1076e-10	-4.4071e-10	5.5e-13	3.2488e-07	-3.247e-07	4.1711e-10	-4.7095e-10	-4.3e-13	3.2456e-07	-3.2462e-07	6.3794e-10	-5.0337e-10	-1.09e-12	3.2434e-07	-3.2448e-07	8.6706e-10	-5.3808e-10	-6.3e-13	3.2414e-07	-3.2452e-07	1.13079e-09	-5.8588e-10	-1.19e-12	3.2406e-07	-3.2454e-07
0.465	-8.3048e-10	-2.9632e-10	-1.27e-12	3.2612e-07	-3.2494e-07	-6.7172e-10	-3.1889e-10	-2.3e-13	3.2572e-07	-3.2478e-07	-5.1762e-10	-3.4436e-10	6.7e-13	3.2562e-07	-3.2466e-07	-3.3e-10	-3.6945e-10	-2.5e-13	3.2534e-07	-3.2468e-07	-1.3369e-10	-4.0636e-10	-2e-13	3.251e-07	-3.246e-07	5.03e-11	-4.2486e-10	-7.8e-13	3.251e-07	-3.247e-07	2.3121e-10	-4.572e-10	1.06e-12	3.2492e-07	-3.2464e-07	4.3991e-10	-4.8872e-10	-6.9e-13	3.2456e-07	-3.2456e-07	6.4685e-10	-5.2049e-10	-4e-13	3.2428e-07	-3.2436e-07	8.8176e-10	-5.5738e-10	8e-13	3.242e-07	-3.2454e-07	1.1419e-09	-5.9593e-10	1.1e-13	3.24e-07	-3.2456e-07
0.46	-8.2531e-10	-3.0745e-10	4.6e-13	3.2606e-07	-3.2492e-07	-6.6174e-10	-3.3077e-10	6.6e-13	3.2572e-07	-3.2478e-07	-5.0223e-10	-3.5515e-10	-1e-12	3.2558e-07	-3.2474e-07	-3.1726e-10	-3.8405e-10	-1.4e-12	3.2532e-07	-3.247e-07	-1.2198e-10	-4.1016e-10	-1.8e-13	3.251e-07	-3.246e-07	6.113e-11	-4.394e-10	-9.5e-13	3.251e-07	-3.2472e-07	2.5096e-10	-4.715e-10	-1.19e-12	3.2494e-07	-3.2476e-07	4.4892e-10	-5.0486e-10	-1e-13	3.246e-07	-3.2454e-07	6.6821e-10	-5.3712e-10	-3.7e-13	3.2436e-07	-3.2452e-07	9.0123e-10	-5.7624e-10	1e-14	3.2408e-07	-3.2446e-07	1.1587e-09	-6.163e-10	-1.28e-12	3.2398e-07	-3.2458e-07
0.455	-8.0726e-10	-3.1904e-10	-3e-14	3.2606e-07	-3.2492e-07	-6.5825e-10	-3.4193e-10	-6.4e-13	3.2574e-07	-3.247e-07	-4.8579e-10	-3.6888e-10	-1.02e-12	3.2558e-07	-3.2472e-07	-3.0182e-10	-3.9594e-10	-6.3e-13	3.2536e-07	-3.246e-07	-1.0574e-10	-4.2654e-10	3.6e-13	3.251e-07	-3.2464e-07	7.369e-11	-4.5346e-10	2e-14	3.251e-07	-3.2466e-07	2.7219e-10	-4.8756e-10	-2.79e-12	3.2496e-07	-3.2474e-07	4.6942e-10	-5.2265e-10	-5.2e-13	3.247e-07	-3.2466e-07	6.8364e-10	-5.5702e-10	-1.04e-12	3.2434e-07	-3.2448e-07	9.2235e-10	-5.9575e-10	-8.3e-13	3.2422e-07	-3.2458e-07	1.1823e-09	-6.3799e-10	-2.9e-13	3.2392e-07	-3.2452e-07
0.45	-7.9308e-10	-3.3143e-10	-1.35e-12	3.2608e-07	-3.2488e-07	-6.4862e-10	-3.5611e-10	-1.56e-12	3.2568e-07	-3.2468e-07	-4.76e-10	-3.8056e-10	-1.04e-12	3.2554e-07	-3.2472e-07	-2.8806e-10	-4.1148e-10	4.5e-13	3.2534e-07	-3.247e-07	-9.162e-11	-4.4218e-10	1.9e-13	3.2512e-07	-3.246e-07	8.753e-11	-4.6968e-10	6.7e-13	3.2496e-07	-3.2464e-07	2.7667e-10	-5.0567e-10	-1.09e-12	3.2488e-07	-3.2472e-07	4.9022e-10	-5.3958e-10	7e-14	3.2466e-07	-3.246e-07	7.0071e-10	-5.7499e-10	1.1e-13	3.2434e-07	-3.244e-07	9.4052e-10	-6.1641e-10	-1.34e-12	3.2406e-07	-3.2448e-07	1.2007e-09	-6.5903e-10	-1.7e-13	3.2404e-07	-3.2446e-07
0.445	-7.7744e-10	-3.4342e-10	-1.09e-12	3.26e-07	-3.249e-07	-6.2727e-10	-3.6809e-10	-9e-14	3.257e-07	-3.2474e-07	-4.6562e-10	-3.9416e-10	-7.8e-13	3.2554e-07	-3.2474e-07	-2.7398e-10	-4.2533e-10	2.3e-13	3.2534e-07	-3.2466e-07	-7.154e-11	-4.5521e-10	-7e-13	3.251e-07	-3.2456e-07	1.0637e-10	-4.872e-10	3.4e-13	3.25e-07	-3.2462e-07	2.914e-10	-5.212e-10	6.5e-13	3.249e-07	-3.2466e-07	5.1364e-10	-5.5784e-10	2.6e-13	3.2474e-07	-3.2466e-07	7.2645e-10	-5.9476e-10	-8.4e-13	3.2436e-07	-3.2454e-07	9.6866e-10	-6.3713e-10	5e-13	3.2416e-07	-3.2448e-07	1.2279e-09	-6.801e-10	1e-14	3.2394e-07	-3.245e-07
0.44	-7.635e-10	-3.5719e-10	-3.4e-13	3.2608e-07	-3.2494e-07	-6.0974e-10	-3.8267e-10	9.5e-13	3.2572e-07	-3.2472e-07	-4.3894e-10	-4.0962e-10	-3e-13	3.2552e-07	-3.2474e-07	-2.5397e-10	-4.4098e-10	-1.62e-12	3.2538e-07	-3.2462e-07	-5.899e-11	-4.7134e-10	-1.12e-12	3.2512e-07	-3.2464e-07	1.2544e-10	-5.012e-10	-7e-14	3.2504e-07	-3.2464e-07	3.2631e-10	-5.4913e-10	-3.3e-13	3.2488e-07	-3.2468e-07	5.2211e-10	-5.7697e-10	-1.1e-12	3.2468e-07	-3.2458e-07	7.5531e-10	-6.1553e-10	-8.1e-13	3.2438e-07	-3.2452e-07	9.8392e-10	-6.5779e-10	-2.7e-13	3.2414e-07	-3.2444e-07	1.249e-09	-7.0206e-10	-8.1e-13	3.2402e-07	-3.2456e-07
0.435	-7.4e-10	-3.6833e-10	-6.6e-13	3.2608e-07	-3.2496e-07	-5.9665e-10	-3.9511e-10	4.7e-13	3.2564e-07	-3.247e-07	-4.2631e-10	-4.2311e-10	-6e-14	3.2558e-07	-3.2478e-07	-2.2927e-10	-4.5485e-10	-1.37e-12	3.2534e-07	-3.247e-07	-4.332e-11	-4.8791e-10	-1.7e-13	3.2516e-07	-3.2462e-07	1.4182e-10	-5.2124e-10	2.2e-13	3.2502e-07	-3.2472e-07	3.5255e-10	-5.6646e-10	-1.29e-12	3.249e-07	-3.2462e-07	5.3987e-10	-5.9573e-10	-7e-14	3.2468e-07	-3.2462e-07	7.675e-10	-6.359e-10	-7.6e-13	3.2442e-07	-3.2444e-07	1.01672e-09	-6.8165e-10	-1.06e-12	3.2412e-07	-3.2448e-07	1.2726e-09	-7.2773e-10	-1.64e-12	3.2398e-07	-3.2452e-07
0.43	-7.4947e-10	-3.8241e-10	-4.1e-13	3.2606e-07	-3.2496e-07	-5.8495e-10	-4.088e-10	-2.52e-12	3.2576e-07	-3.2476e-07	-4.1328e-10	-4.3917e-10	-1.1e-13	3.2558e-07	-3.2476e-07	-2.2723e-10	-4.7053e-10	3e-14	3.2538e-07	-3.2472e-07	-2.369e-11	-5.0485e-10	8e-14	3.2512e-07	-3.246e-07	1.6269e-10	-5.3607e-10	-2e-14	3.2498e-07	-3.2464e-07	3.6963e-10	-5.8975e-10	-1.96e-12	3.249e-07	-3.2472e-07	5.6087e-10	-6.161e-10	-1.11e-12	3.2474e-07	-3.2468e-07	7.8734e-10	-6.5826e-10	-3.2e-13	3.2426e-07	-3.2444e-07	1.0282e-09	-7.0316e-10	-1.83e-12	3.2416e-07	-3.2448e-07	1.3013e-09	-7.5047e-10	-6e-14	3.24e-07	-3.2454e-07
0.425	-7.3329e-10	-3.9479e-10	-6.7e-13	3.2602e-07	-3.2492e-07	-5.744e-10	-4.2361e-10	-1.46e-12	3.2574e-07	-3.247e-07	-3.9975e-10	-4.5366e-10	-7.2e-13	3.2558e-07	-3.2472e-07	-2.0593e-10	-4.875e-10	2.9e-13	3.2536e-07	-3.2466e-07	-1.286e-11	-5.2097e-10	-1.07e-12	3.2514e-07	-3.2464e-07	1.7809e-10	-5.5551e-10	-4.1e-13	3.2498e-07	-3.2464e-07	3.8676e-10	-6.074e-10	-7.7e-13	3.249e-07	-3.2472e-07	5.8465e-10	-6.3597e-10	-7.4e-13	3.2476e-07	-3.247e-07	8.1134e-10	-6.7914e-10	-9.5e-13	3.2432e-07	-3.2444e-07	1.05539e-09	-7.2924e-10	3.6e-13	3.2416e-07	-3.2448e-07	1.3247e-09	-7.7717e-10	8e-14	3.2392e-07	-3.2458e-07
0.42	-7.1232e-10	-4.095e-10	-6e-14	3.2606e-07	-3.2492e-07	-5.6678e-10	-4.3759e-10	1.4e-12	3.257e-07	-3.247e-07	-3.7267e-10	-4.7104e-10	-5e-14	3.2546e-07	-3.2464e-07	-1.941e-10	-5.0369e-10	-6.8e-13	3.2536e-07	-3.2466e-07	-1.94e-12	-5.3845e-10	-1.2e-12	3.2516e-07	-3.246e-07	1.8353e-10	-5.7415e-10	-7.1e-13	3.2504e-07	-3.2464e-07	4.0964e-10	-6.2978e-10	9.6e-13	3.2486e-07	-3.2468e-07	6.0344e-10	-6.5841e-10	-3.8e-13	3.2464e-07	-3.2458e-07	8.3857e-10	-7.0276e-10	-9.5e-13	3.2432e-07	-3.2448e-07	1.08264e-09	-7.5105e-10	1.12e-12	3.2412e-07	-3.245e-07	1.3523e-09	-8.0266e-10	-2.5e-13	3.2402e-07	-3.2456e-07
0.415	-6.8199e-10	-4.2493e-10	7.3e-13	3.2616e-07	-3.2502e-07	-5.3409e-10	-4.547e-10	-2.5e-13	3.2576e-07	-3.2476e-07	-3.6766e-10	-4.8501e-10	-1.3e-13	3.2554e-07	-3.2472e-07	-1.7881e-10	-5.2075e-10	-1.09e-12	3.2532e-07	-3.2472e-07	9.27e-12	-5.5613e-10	1.7e-13	3.2512e-07	-3.246e-07	2.0883e-10	-5.9354e-10	-1.4e-13	3.2498e-07	-3.247e-07	4.2012e-10	-6.3533e-10	1.19e-12	3.2492e-07	-3.2468e-07	6.2684e-10	-6.799e-10	-4.6e-13	3.2462e-07	-3.2454e-07	8.5397e-10	-7.2641e-10	1.65e-12	3.2434e-07	-3.2446e-07	1.11083e-09	-7.7776e-10	-2.13e-12	3.241e-07	-3.2446e-07	1.3774e-09	-8.3046e-10	-9.2e-13	3.2406e-07	-3.2454e-07
0.41	-6.6972e-10	-4.3749e-10	-4e-13	3.2614e-07	-3.2506e-07	-5.2049e-10	-4.695e-10	-1.22e-12	3.2578e-07	-3.2476e-07	-3.3807e-10	-5.0206e-10	-3.5e-13	3.256e-07	-3.2472e-07	-1.625e-10	-5.3834e-10	6.3e-13	3.2534e-07	-3.2464e-07	4.411e-11	-5.7552e-10	1.7e-13	3.2514e-07	-3.2466e-07	2.2578e-10	-6.1509e-10	1.2e-13	3.2502e-07	-3.2462e-07	3.8433e-10	-6.5683e-10	-1.1e-12	3.2498e-07	-3.2466e-07	6.5181e-10	-7.0426e-10	-8.2e-13	3.2458e-07	-3.246e-07	8.8252e-10	-7.5129e-10	-1e-14	3.2436e-07	-3.2448e-07	1.12972e-09	-8.036e-10	-2.29e-12	3.2414e-07	-3.2452e-07	1.4113e-09	-8.5847e-10	4.6e-13	3.2396e-07	-3.2458e-07
0.405	-6.64e-10	-4.5415e-10	-8.5e-13	3.2608e-07	-3.2494e-07	-5.2196e-10	-4.8523e-10	-4e-13	3.2572e-07	-3.2472e-07	-3.4473e-10	-5.1937e-10	7.8e-13	3.2552e-07	-3.2474e-07	-1.4008e-10	-5.5797e-10	-3.4e-13	3.2536e-07	-3.2464e-07	6.09e-11	-5.9511e-10	-4.7e-13	3.252e-07	-3.2464e-07	2.4705e-10	-6.3411e-10	4.8e-13	3.25e-07	-3.2464e-07	4.0318e-10	-6.7932e-10	-1.6e-12	3.2498e-07	-3.2466e-07	6.8236e-10	-7.2747e-10	-6.3e-13	3.2464e-07	-3.2456e-07	9.1393e-10	-7.7675e-10	-9.5e-13	3.2426e-07	-3.2442e-07	1.1596e-09	-8.3054e-10	-6.8e-13	3.2422e-07	-3.2458e-07	1.4355e-09	-8.885e-10	-6e-14	3.2408e-07	-3.246e-07
0.4	-6.4443e-10	-4.6948e-10	-8.6e-13	3.2608e-07	-3.2496e-07	-5.0997e-10	-5.0275e-10	4.5e-13	3.2576e-07	-3.2472e-07	-3.2467e-10	-5.3488e-10	3.4e-13	3.256e-07	-3.2472e-07	-1.2002e-10	-5.7475e-10	1e-14	3.2532e-07	-3.2468e-07	8.52e-11	-6.2565e-10	-1.97e-12	3.2514e-07	-3.246e-07	2.6849e-10	-6.5551e-10	-5.3e-13	3.2504e-07	-3.2462e-07	4.7882e-10	-7.0139e-10	5e-13	3.2492e-07	-3.247e-07	7.0709e-10	-7.5104e-10	-3.3e-13	3.2458e-07	-3.2454e-07	9.3648e-10	-8.003e-10	-4.1e-13	3.2432e-07	-3.2446e-07	1.184e-09	-8.5774e-10	-1.25e-12	3.2422e-07	-3.2452e-07	1.4727e-09	-9.1798e-10	-8.8e-13	3.24e-07	-3.2458e-07
0.395	-6.1956e-10	-4.8443e-10	2.9e-13	3.2616e-07	-3.2502e-07	-4.9609e-10	-5.1933e-10	-1.6e-13	3.2574e-07	-3.2476e-07	-2.9524e-10	-5.5467e-10	-1.4e-13	3.256e-07	-3.247e-07	-9.65e-11	-5.9404e-10	-9.1e-13	3.2534e-07	-3.2466e-07	1.0299e-10	-6.4561e-10	2.8e-13	3.2524e-07	-3.2466e-07	2.9876e-10	-6.7867e-10	-3.9e-13	3.2506e-07	-3.2466e-07	5.0285e-10	-7.2669e-10	5.8e-13	3.2488e-07	-3.2472e-07	7.2442e-10	-7.7505e-10	6e-14	3.2456e-07	-3.2458e-07	9.612e-10	-8.3812e-10	-4e-14	3.2436e-07	-3.2448e-07	1.2133e-09	-8.8777e-10	-8.8e-13	3.242e-07	-3.2452e-07	1.4953e-09	-9.4719e-10	-1e-12	3.2404e-07	-3.2458e-07
0.39	-6.1127e-10	-4.9866e-10	-6.8e-13	3.261e-07	-3.2506e-07	-4.71e-10	-5.3549e-10	9e-14	3.2572e-07	-3.2472e-07	-2.8243e-10	-5.7197e-10	-1.8e-13	3.2552e-07	-3.247e-07	-7.6e-11	-6.1426e-10	-6.2e-13	3.2528e-07	-3.2464e-07	1.212e-10	-6.5793e-10	6e-13	3.2504e-07	-3.2458e-07	3.0851e-10	-7.0033e-10	-1e-13	3.25e-07	-3.2462e-07	5.2951e-10	-7.509e-10	-1.1e-12	3.2488e-07	-3.2458e-07	7.5396e-10	-8.0028e-10	-2.8e-13	3.2464e-07	-3.2462e-07	1.00129e-09	-8.6879e-10	3e-13	3.2428e-07	-3.2444e-07	1.2436e-09	-9.1951e-10	1.48e-12	3.2424e-07	-3.2458e-07	1.5298e-09	-9.8097e-10	4e-14	3.2392e-07	-3.2454e-07
0.385	-5.8834e-10	-5.1948e-10	-1.56e-12	3.2612e-07	-3.249e-07	-4.5519e-10	-5.5316e-10	-2.7e-13	3.2576e-07	-3.2478e-07	-2.6705e-10	-5.9342e-10	3e-14	3.2558e-07	-3.2472e-07	-5.96e-11	-6.3548e-10	2.8e-13	3.2534e-07	-3.2462e-07	1.3694e-10	-6.7949e-10	-1.11e-12	3.251e-07	-3.2454e-07	3.3462e-10	-7.2415e-10	-1.39e-12	3.2496e-07	-3.2456e-07	5.4753e-10	-7.7626e-10	-1.83e-12	3.2488e-07	-3.2468e-07	7.8608e-10	-8.2951e-10	-1.2e-13	3.2464e-07	-3.2464e-07	1.02935e-09	-8.9825e-10	-1.13e-12	3.2428e-07	-3.2442e-07	1.2737e-09	-9.4483e-10	6.2e-13	3.2422e-07	-3.2454e-07	1.5637e-09	-1.01304e-09	3.4e-13	3.2402e-07	-3.2454e-07
0.38	-5.8161e-10	-5.3595e-10	-2.5e-13	3.26e-07	-3.249e-07	-4.3535e-10	-5.7263e-10	1.8e-13	3.2576e-07	-3.2474e-07	-2.449e-10	-6.1269e-10	-1.2e-13	3.2558e-07	-3.247e-07	-3.49e-11	-6.5515e-10	4e-14	3.253e-07	-3.247e-07	1.6638e-10	-7.0331e-10	-1.42e-12	3.2512e-07	-3.245e-07	3.5894e-10	-7.474e-10	-1.45e-12	3.2498e-07	-3.246e-07	5.6751e-10	-8.001e-10	8e-14	3.2488e-07	-3.2466e-07	8.1339e-10	-8.5405e-10	-9.5e-13	3.2458e-07	-3.2462e-07	1.03849e-09	-9.1538e-10	-7.8e-13	3.2428e-07	-3.245e-07	1.3047e-09	-9.765e-10	-1.81e-12	3.242e-07	-3.246e-07	1.5913e-09	-1.04445e-09	-3.2e-13	3.24e-07	-3.2454e-07
0.375	-5.5684e-10	-5.5467e-10	2.2e-13	3.2602e-07	-3.2498e-07	-4.2663e-10	-5.9242e-10	1.3e-12	3.257e-07	-3.2472e-07	-2.2298e-10	-6.3382e-10	-1.19e-12	3.2564e-07	-3.2472e-07	-1.877e-11	-6.7845e-10	-2.2e-13	3.253e-07	-3.2466e-07	1.9625e-10	-7.2621e-10	7e-14	3.2506e-07	-3.2464e-07	3.8234e-10	-7.762e-10	-6.9e-13	3.2496e-07	-3.246e-07	5.9581e-10	-8.2813e-10	-5e-14	3.2484e-07	-3.2454e-07	8.4014e-10	-8.8408e-10	-1.2e-13	3.2458e-07	-3.246e-07	1.07744e-09	-9.466e-10	5.9e-13	3.2432e-07	-3.2446e-07	1.339e-09	-1.00948e-09	-9.2e-13	3.2426e-07	-3.2454e-07	1.6272e-09	-1.07645e-09	-2.7e-13	3.2402e-07	-3.2458e-07
0.37	-5.533e-10	-5.7247e-10	1.6e-13	3.2608e-07	-3.2502e-07	-4.0466e-10	-6.1066e-10	-6.5e-13	3.2574e-07	-3.2472e-07	-1.9807e-10	-6.5371e-10	1.9e-13	3.2552e-07	-3.2474e-07	1.219e-11	-7.0065e-10	1e-13	3.2528e-07	-3.2458e-07	2.1117e-10	-7.499e-10	7.8e-13	3.2514e-07	-3.2452e-07	4.106e-10	-7.9974e-10	1.09e-12	3.2496e-07	-3.246e-07	6.2936e-10	-8.5559e-10	3.3e-13	3.2486e-07	-3.2462e-07	8.6441e-10	-9.1467e-10	1.1e-13	3.2464e-07	-3.246e-07	1.10939e-09	-9.7868e-10	4.5e-13	3.243e-07	-3.2448e-07	1.3692e-09	-1.04169e-09	1e-14	3.242e-07	-3.2456e-07	1.6668e-09	-1.11438e-09	-6.1e-13	3.24e-07	-3.246e-07
0.365	-5.5041e-10	-5.9018e-10	-1.31e-12	3.2612e-07	-3.2496e-07	-3.786e-10	-6.3188e-10	-5.9e-13	3.2576e-07	-3.2472e-07	-1.7568e-10	-6.7558e-10	2.8e-13	3.256e-07	-3.2476e-07	3.068e-11	-7.2538e-10	-1.9e-13	3.2528e-07	-3.2456e-07	2.3747e-10	-7.7697e-10	-1.68e-12	3.2514e-07	-3.2464e-07	4.3737e-10	-8.2717e-10	8.8e-13	3.2502e-07	-3.246e-07	6.6577e-10	-8.8226e-10	-9.9e-13	3.248e-07	-3.2462e-07	8.9512e-10	-9.4391e-10	-2e-14	3.2464e-07	-3.2458e-07	1.1495e-09	-1.02059e-09	-1.53e-12	3.2432e-07	-3.2446e-07	1.4037e-09	-1.0768e-09	-3.1e-13	3.2422e-07	-3.2452e-07	1.7018e-09	-1.1512e-09	-6.1e-13	3.2396e-07	-3.2448e-07
0.36	-5.2682e-10	-6.0959e-10	-4.2e-13	3.2606e-07	-3.2496e-07	-3.6224e-10	-6.5454e-10	-9.5e-13	3.2582e-07	-3.2482e-07	-1.5635e-10	-7.0052e-10	-4.6e-13	3.2558e-07	-3.2472e-07	5.248e-11	-7.4858e-10	2.2e-13	3.2534e-07	-3.2464e-07	2.5912e-10	-7.9932e-10	-1.39e-12	3.2514e-07	-3.246e-07	4.6634e-10	-8.551e-10	-1.4e-12	3.2498e-07	-3.2458e-07	6.9426e-10	-9.1205e-10	-1.5e-12	3.248e-07	-3.2454e-07	9.3977e-10	-9.8551e-10	1.3e-13	3.246e-07	-3.246e-07	1.1589e-09	-1.03937e-09	6e-13	3.2436e-07	-3.2452e-07	1.4411e-09	-1.11014e-09	-1.42e-12	3.2424e-07	-3.2452e-07	1.7338e-09	-1.1849e-09	-4.5e-13	3.2396e-07	-3.2454e-07
0.355	-4.9545e-10	-6.4091e-10	7.5e-13	3.261e-07	-3.2496e-07	-3.3421e-10	-6.7546e-10	2.2e-13	3.2578e-07	-3.2472e-07	-1.3466e-10	-7.2164e-10	-1.7e-13	3.2558e-07	-3.247e-07	7.22e-11	-7.74e-10	-4.4e-13	3.2532e-07	-3.2464e-07	2.8275e-10	-8.2712e-10	-4.6e-13	3.251e-07	-3.2458e-07	4.9266e-10	-8.818e-10	-7.1e-13	3.2492e-07	-3.246e-07	7.2216e-10	-9.4692e-10	-3.3e-13	3.2488e-07	-3.2462e-07	9.6132e-10	-1.00549e-09	-1.59e-12	3.246e-07	-3.246e-07	1.1952e-09	-1.07654e-09	2.5e-13	3.2438e-07	-3.245e-07	1.4791e-09	-1.1472e-09	2.01e-12	3.2414e-07	-3.2444e-07	1.7529e-09	-1.2257e-09	1.5e-13	3.2404e-07	-3.2448e-07
0.35	-4.7169e-10	-6.4957e-10	-5.3e-13	3.2612e-07	-3.2506e-07	-3.0454e-10	-6.9689e-10	-2e-14	3.2576e-07	-3.2484e-07	-1.0287e-10	-7.4643e-10	-6.7e-13	3.2558e-07	-3.247e-07	1.0119e-10	-7.9943e-10	-7e-14	3.253e-07	-3.246e-07	3.1315e-10	-8.5309e-10	6.8e-13	3.2506e-07	-3.2458e-07	5.1959e-10	-9.113e-10	4.6e-13	3.2496e-07	-3.246e-07	7.4582e-10	-9.7359e-10	1.38e-12	3.2488e-07	-3.2468e-07	9.8528e-10	-1.03838e-09	-9e-14	3.246e-07	-3.2456e-07	1.2354e-09	-1.10723e-09	-3.7e-13	3.2438e-07	-3.2452e-07	1.511e-09	-1.1853e-09	-1.8e-13	3.2408e-07	-3.2448e-07	1.7984e-09	-1.2645e-09	9.2e-13	3.2394e-07	-3.2448e-07
0.345	-4.7005e-10	-6.7194e-10	-3.2e-13	3.2608e-07	-3.2496e-07	-2.7934e-10	-7.2022e-10	-9.1e-13	3.2578e-07	-3.2476e-07	-8.102e-11	-7.7164e-10	-6.1e-13	3.2558e-07	-3.2474e-07	1.3018e-10	-8.2506e-10	8.9e-13	3.2538e-07	-3.247e-07	3.3514e-10	-8.8099e-10	-6.3e-13	3.2516e-07	-3.2458e-07	5.5005e-10	-9.418e-10	5e-14	3.2494e-07	-3.2456e-07	7.8664e-10	-1.00836e-09	-6.5e-13	3.2484e-07	-3.2464e-07	1.0177e-09	-1.06997e-09	-2e-14	3.2464e-07	-3.2456e-07	1.2672e-09	-1.1465e-09	1.57e-12	3.2444e-07	-3.2454e-07	1.5482e-09	-1.2225e-09	-6e-13	3.2414e-07	-3.2442e-07	1.8345e-09	-1.3042e-09	-6.2e-13	3.2396e-07	-3.2448e-07
0.34	-4.4382e-10	-6.9279e-10	-3.5e-13	3.26e-07	-3.2488e-07	-2.5877e-10	-7.4464e-10	-5.9e-13	3.2582e-07	-3.2482e-07	-5.953e-11	-7.9658e-10	-3.5e-13	3.2562e-07	-3.2476e-07	1.5763e-10	-8.5288e-10	2.4e-13	3.253e-07	-3.2464e-07	3.6313e-10	-9.1002e-10	-1.45e-12	3.2506e-07	-3.2448e-07	5.7744e-10	-9.7295e-10	-1.3e-12	3.25e-07	-3.2456e-07	8.2316e-10	-1.04446e-09	-1.79e-12	3.2488e-07	-3.247e-07	1.06626e-09	-1.10615e-09	-1.3e-13	3.2458e-07	-3.2456e-07	1.3092e-09	-1.1844e-09	4.2e-13	3.2436e-07	-3.2452e-07	1.5883e-09	-1.2626e-09	-1.12e-12	3.241e-07	-3.2448e-07	1.8711e-09	-1.342e-09	-1.22e-12	3.2394e-07	-3.2446e-07
0.335	-4.2057e-10	-7.1726e-10	3e-14	3.2602e-07	-3.2494e-07	-2.2942e-10	-7.72e-10	1.32e-12	3.2578e-07	-3.2478e-07	-2.965e-11	-8.2252e-10	-1.1e-13	3.2554e-07	-3.247e-07	1.7938e-10	-8.8177e-10	-8e-13	3.2536e-07	-3.2462e-07	3.9686e-10	-9.4383e-10	-6.5e-13	3.2504e-07	-3.2452e-07	6.1986e-10	-1.00646e-09	1.4e-13	3.2496e-07	-3.2464e-07	8.5517e-10	-1.07443e-09	3e-13	3.2482e-07	-3.2472e-07	1.09653e-09	-1.1524e-09	-9.7e-13	3.2464e-07	-3.2454e-07	1.3428e-09	-1.2225e-09	-2.13e-12	3.2434e-07	-3.2452e-07	1.6265e-09	-1.302e-09	6.3e-13	3.2414e-07	-3.2452e-07	1.9139e-09	-1.3866e-09	4e-14	3.2404e-07	-3.2454e-07
0.33	-3.9885e-10	-7.3657e-10	-1.21e-12	3.2606e-07	-3.2494e-07	-2.0569e-10	-7.9567e-10	1.2e-13	3.258e-07	-3.2488e-07	-7.23e-12	-8.4931e-10	-6e-14	3.2552e-07	-3.2466e-07	2.215e-10	-9.1114e-10	1.5e-13	3.2536e-07	-3.2466e-07	4.2523e-10	-9.7367e-10	8.8e-13	3.2512e-07	-3.2456e-07	6.5058e-10	-1.0375e-09	-1.17e-12	3.2494e-07	-3.246e-07	8.8439e-10	-1.10719e-09	1.54e-12	3.2492e-07	-3.2474e-07	1.14223e-09	-1.1888e-09	-5.2e-13	3.2458e-07	-3.2458e-07	1.3852e-09	-1.2599e-09	-1.7e-12	3.2444e-07	-3.2448e-07	1.6707e-09	-1.3447e-09	6.5e-13	3.242e-07	-3.2452e-07	1.9597e-09	-1.4285e-09	-3.4e-13	3.2398e-07	-3.2446e-07
0.325	-3.716e-10	-7.6196e-10	-1.25e-12	3.2606e-07	-3.249e-07	-1.9272e-10	-8.2327e-10	-1.19e-12	3.258e-07	-3.2472e-07	3.625e-11	-8.7895e-10	-9.4e-13	3.2556e-07	-3.247e-07	2.488e-10	-9.3938e-10	5.3e-13	3.2534e-07	-3.2462e-07	4.5909e-10	-1.0057e-09	-1.3e-13	3.2522e-07	-3.2458e-07	6.9497e-10	-1.07248e-09	-4.5e-13	3.2498e-07	-3.2454e-07	9.2617e-10	-1.1422e-09	-8.9e-13	3.249e-07	-3.2474e-07	1.1855e-09	-1.2319e-09	-2.3e-13	3.2462e-07	-3.246e-07	1.4119e-09	-1.298e-09	-2.7e-13	3.2442e-07	-3.2442e-07	1.7145e-09	-1.3873e-09	-2.01e-12	3.2416e-07	-3.2452e-07	2.0048e-09	-1.4792e-09	-1.48e-12	3.2402e-07	-3.2458e-07
0.32	-3.4744e-10	-7.8661e-10	4.5e-13	3.2612e-07	-3.2498e-07	-1.6045e-10	-8.5004e-10	-4.1e-13	3.258e-07	-3.2478e-07	6.466e-11	-9.0693e-10	1.7e-13	3.2564e-07	-3.2472e-07	2.7552e-10	-9.6973e-10	-1.6e-12	3.254e-07	-3.2468e-07	4.8749e-10	-1.037e-09	-2.16e-12	3.2516e-07	-3.246e-07	7.2452e-10	-1.10711e-09	-3.5e-13	3.25e-07	-3.2458e-07	9.6609e-10	-1.1812e-09	6.3e-13	3.249e-07	-3.247e-07	1.2297e-09	-1.2689e-09	-5.3e-13	3.2466e-07	-3.246e-07	1.4673e-09	-1.3423e-09	1.6e-13	3.244e-07	-3.245e-07	1.7594e-09	-1.4286e-09	-1.19e-12	3.2416e-07	-3.2448e-07	2.0481e-09	-1.5197e-09	-1.56e-12	3.2398e-07	-3.2452e-07
0.315	-3.2317e-10	-8.1496e-10	-1.7e-13	3.2616e-07	-3.2502e-07	-1.2541e-10	-8.7649e-10	8.2e-13	3.2572e-07	-3.2476e-07	9.073e-11	-9.4025e-10	3.5e-13	3.2554e-07	-3.2472e-07	3.0375e-10	-1.00182e-09	-1.01e-12	3.253e-07	-3.2462e-07	5.1885e-10	-1.07251e-09	-8.2e-13	3.2516e-07	-3.2466e-07	7.6227e-10	-1.142e-09	4.6e-13	3.2502e-07	-3.246e-07	1.00061e-09	-1.2159e-09	5.8e-13	3.2488e-07	-3.2468e-07	1.2607e-09	-1.3136e-09	3.8e-13	3.2464e-07	-3.246e-07	1.5173e-09	-1.3824e-09	-5.8e-13	3.244e-07	-3.2446e-07	1.8028e-09	-1.4706e-09	-8e-13	3.2412e-07	-3.2446e-07	2.0913e-09	-1.5658e-09	-2.9e-13	3.24e-07	-3.2448e-07
0.31	-3.0067e-10	-8.4056e-10	3.9e-13	3.2614e-07	-3.2494e-07	-1.1106e-10	-9.0487e-10	-5.8e-13	3.2578e-07	-3.247e-07	1.1789e-10	-9.6621e-10	-4e-13	3.2548e-07	-3.2466e-07	3.4371e-10	-1.03488e-09	-6.6e-13	3.254e-07	-3.2464e-07	5.4634e-10	-1.10562e-09	1.05e-12	3.2516e-07	-3.2466e-07	8.0299e-10	-1.1783e-09	-1e-14	3.25e-07	-3.2466e-07	1.03956e-09	-1.2584e-09	-2.1e-13	3.2486e-07	-3.2464e-07	1.2855e-09	-1.3396e-09	-2.1e-13	3.2466e-07	-3.2452e-07	1.5616e-09	-1.4269e-09	-1.73e-12	3.2436e-07	-3.2452e-07	1.8429e-09	-1.5224e-09	6.2e-13	3.2426e-07	-3.246e-07	2.1391e-09	-1.6133e-09	7.1e-13	3.2406e-07	-3.2452e-07
0.305	-2.6154e-10	-8.6674e-10	-6.2e-13	3.2612e-07	-3.2498e-07	-7.822e-11	-9.3458e-10	-1.06e-12	3.2582e-07	-3.248e-07	1.5304e-10	-1.00022e-09	-9.2e-13	3.2556e-07	-3.2466e-07	3.7613e-10	-1.06995e-09	4e-14	3.2532e-07	-3.2466e-07	5.8624e-10	-1.1407e-09	-1.25e-12	3.2508e-07	-3.245e-07	8.3703e-10	-1.2199e-09	-1.25e-12	3.2506e-07	-3.2466e-07	1.0799e-09	-1.2964e-09	-2.3e-12	3.2484e-07	-3.2462e-07	1.325e-09	-1.3826e-09	4.5e-13	3.2456e-07	-3.2454e-07	1.5984e-09	-1.4747e-09	2e-14	3.2438e-07	-3.245e-07	1.8905e-09	-1.5657e-09	-1.01e-12	3.241e-07	-3.2446e-07	2.1926e-09	-1.6671e-09	5e-14	3.2404e-07	-3.2452e-07
0.3	-2.483e-10	-8.9761e-10	-4.1e-13	3.2602e-07	-3.2494e-07	-3.488e-11	-9.6886e-10	8.9e-13	3.257e-07	-3.247e-07	1.836e-10	-1.0325e-09	-1.1e-13	3.2556e-07	-3.2464e-07	4.0719e-10	-1.10373e-09	-6.7e-13	3.2532e-07	-3.247e-07	6.3005e-10	-1.177e-09	-9.9e-13	3.2502e-07	-3.2452e-07	8.6932e-10	-1.2576e-09	-1.19e-12	3.2506e-07	-3.2472e-07	1.10428e-09	-1.3393e-09	5.4e-13	3.2486e-07	-3.2458e-07	1.3834e-09	-1.4255e-09	-2.5e-13	3.246e-07	-3.2452e-07	1.6381e-09	-1.517e-09	1.7e-13	3.2436e-07	-3.2454e-07	1.9402e-09	-1.6134e-09	-1.01e-12	3.2414e-07	-3.2452e-07	2.2413e-09	-1.713e-09	-4.8e-13	3.2404e-07	-3.2452e-07
0.295	-2.1857e-10	-9.2318e-10	7.7e-13	3.2612e-07	-3.2494e-07	-4.36e-12	-9.9965e-10	-7e-14	3.258e-07	-3.2478e-07	2.1747e-10	-1.06596e-09	0	3.2548e-07	-3.246e-07	4.4987e-10	-1.1395e-09	-5.2e-13	3.2534e-07	-3.247e-07	6.6917e-10	-1.2166e-09	-4.5e-13	3.2504e-07	-3.2458e-07	9.1238e-10	-1.2973e-09	-3.5e-13	3.2506e-07	-3.246e-07	1.1588e-09	-1.3803e-09	-1.06e-12	3.249e-07	-3.2468e-07	1.4221e-09	-1.4705e-09	-5.8e-13	3.2458e-07	-3.245e-07	1.6958e-09	-1.5625e-09	5.9e-13	3.244e-07	-3.2448e-07	1.9836e-09	-1.6625e-09	-2.1e-13	3.2416e-07	-3.2448e-07	2.2866e-09	-1.7614e-09	-3e-14	3.2398e-07	-3.2458e-07
0.29	-1.7931e-10	-9.5379e-10	1.5e-13	3.2606e-07	-3.2494e-07	3.454e-11	-1.03263e-09	-1.65e-12	3.2574e-07	-3.2476e-07	2.5016e-10	-1.10265e-09	-1.22e-12	3.2552e-07	-3.247e-07	4.727e-10	-1.1745e-09	-4.4e-13	3.254e-07	-3.2466e-07	7.0929e-10	-1.2536e-09	-3.5e-13	3.2516e-07	-3.2454e-07	9.5612e-10	-1.3396e-09	9e-14	3.2496e-07	-3.246e-07	1.2067e-09	-1.4278e-09	-2.44e-12	3.2488e-07	-3.2466e-07	1.4588e-09	-1.5184e-09	-4.4e-13	3.2462e-07	-3.2454e-07	1.7452e-09	-1.6097e-09	-8.1e-13	3.2434e-07	-3.2446e-07	2.033e-09	-1.7107e-09	3.5e-13	3.2414e-07	-3.2446e-07	2.3425e-09	-1.8165e-09	2.7e-13	3.24e-07	-3.245e-07
0.285	-1.5838e-10	-9.8468e-10	-8.4e-13	3.261e-07	-3.2496e-07	6.431e-11	-1.06332e-09	-1.94e-12	3.2578e-07	-3.2488e-07	2.829e-10	-1.1396e-09	-1e-12	3.255e-07	-3.2466e-07	5.1558e-10	-1.2144e-09	-7.3e-13	3.2534e-07	-3.2466e-07	7.4382e-10	-1.2942e-09	6.6e-13	3.2518e-07	-3.246e-07	9.9281e-10	-1.3785e-09	-7.5e-13	3.2498e-07	-3.2464e-07	1.2476e-09	-1.4727e-09	-5.3e-13	3.2486e-07	-3.2458e-07	1.5082e-09	-1.5593e-09	-6.5e-13	3.2468e-07	-3.246e-07	1.7894e-09	-1.6613e-09	-5.8e-13	3.2432e-07	-3.245e-07	2.0862e-09	-1.764e-09	-1.4e-13	3.2414e-07	-3.244e-07	2.3988e-09	-1.869e-09	-2.2e-13	3.2394e-07	-3.2446e-07
0.28	-1.1343e-10	-1.01578e-09	-1.32e-12	3.2608e-07	-3.2494e-07	8.974e-11	-1.10069e-09	-9e-14	3.2578e-07	-3.2478e-07	3.2796e-10	-1.1714e-09	-2.7e-13	3.2552e-07	-3.2468e-07	5.5207e-10	-1.2544e-09	-7.1e-13	3.2528e-07	-3.2466e-07	7.826e-10	-1.3376e-09	-2.4e-13	3.2508e-07	-3.246e-07	1.03026e-09	-1.4246e-09	-4.3e-13	3.2496e-07	-3.2458e-07	1.2854e-09	-1.517e-09	8.6e-13	3.2488e-07	-3.247e-07	1.5573e-09	-1.6088e-09	-4e-14	3.2464e-07	-3.2456e-07	1.8293e-09	-1.7099e-09	-3e-14	3.2432e-07	-3.2442e-07	2.143e-09	-1.8152e-09	-2.2e-13	3.241e-07	-3.2442e-07	2.4541e-09	-1.9259e-09	-3e-14	3.2396e-07	-3.2454e-07
0.275	-8.295e-11	-1.04956e-09	4.8e-13	3.2608e-07	-3.25e-07	1.2728e-10	-1.1358e-09	-9.8e-13	3.2572e-07	-3.2488e-07	3.614e-10	-1.2085e-09	-2.6e-13	3.2556e-07	-3.2466e-07	5.94e-10	-1.2955e-09	-8e-14	3.2538e-07	-3.2468e-07	8.215e-10	-1.3807e-09	-1e-12	3.2508e-07	-3.2458e-07	1.07893e-09	-1.4671e-09	2.9e-13	3.2506e-07	-3.2468e-07	1.3437e-09	-1.5637e-09	-2e-14	3.2486e-07	-3.246e-07	1.6043e-09	-1.6546e-09	-1.48e-12	3.2462e-07	-3.2464e-07	1.8828e-09	-1.7606e-09	8.6e-13	3.2426e-07	-3.2444e-07	2.1882e-09	-1.8695e-09	-3.9e-13	3.2418e-07	-3.2444e-07	2.5102e-09	-1.9777e-09	-6e-13	3.2402e-07	-3.2454e-07
0.27	-4.368e-11	-1.08252e-09	5.3e-13	3.2604e-07	-3.25e-07	1.5462e-10	-1.1675e-09	-1.39e-12	3.2584e-07	-3.248e-07	4.007e-10	-1.2528e-09	-2.2e-13	3.2548e-07	-3.2464e-07	6.374e-10	-1.3353e-09	-9e-14	3.2534e-07	-3.2462e-07	8.6638e-10	-1.4213e-09	9e-14	3.2512e-07	-3.2452e-07	1.12256e-09	-1.5124e-09	-2.6e-13	3.2506e-07	-3.246e-07	1.3882e-09	-1.6079e-09	-9.8e-13	3.2482e-07	-3.2454e-07	1.6607e-09	-1.7055e-09	2.2e-13	3.2458e-07	-3.2456e-07	1.9315e-09	-1.8114e-09	-4.4e-13	3.2428e-07	-3.2444e-07	2.2481e-09	-1.9256e-09	-5.8e-13	3.2418e-07	-3.2448e-07	2.5681e-09	-2.0414e-09	-6.9e-13	3.2404e-07	-3.245e-07
0.265	-2.036e-11	-1.1168e-09	-5.9e-13	3.2606e-07	-3.2488e-07	1.9302e-10	-1.2108e-09	-6.2e-13	3.2584e-07	-3.2476e-07	4.4881e-10	-1.2941e-09	-4.7e-13	3.2546e-07	-3.2464e-07	6.7786e-10	-1.3775e-09	1e-13	3.254e-07	-3.247e-07	9.1122e-10	-1.4682e-09	-2.7e-13	3.2516e-07	-3.2466e-07	1.1732e-09	-1.5582e-09	-1.57e-12	3.2504e-07	-3.2464e-07	1.4251e-09	-1.6591e-09	2.6e-13	3.2482e-07	-3.2462e-07	1.7025e-09	-1.756e-09	-3.3e-13	3.2458e-07	-3.2458e-07	1.9882e-09	-1.8621e-09	-1.75e-12	3.2426e-07	-3.2434e-07	2.3108e-09	-1.9825e-09	-8.1e-13	3.2416e-07	-3.2448e-07	2.6244e-09	-2.0949e-09	3.5e-13	3.2398e-07	-3.2458e-07
0.26	1.38e-11	-1.1556e-09	-5.6e-13	3.2612e-07	-3.2496e-07	2.3455e-10	-1.2492e-09	3.4e-13	3.2582e-07	-3.2482e-07	4.8256e-10	-1.3313e-09	-5.8e-13	3.2552e-07	-3.2462e-07	7.1301e-10	-1.4197e-09	-5.5e-13	3.2534e-07	-3.2464e-07	9.6429e-10	-1.5106e-09	-1.15e-12	3.2516e-07	-3.2466e-07	1.2221e-09	-1.6071e-09	-8e-14	3.25e-07	-3.2464e-07	1.4767e-09	-1.7099e-09	2.32e-12	3.2486e-07	-3.2466e-07	1.756e-09	-1.8118e-09	-3.7e-13	3.2462e-07	-3.2458e-07	2.0331e-09	-1.9217e-09	-1.22e-12	3.2432e-07	-3.2442e-07	2.362e-09	-2.0368e-09	-5.7e-13	3.2414e-07	-3.2446e-07	2.6795e-09	-2.1569e-09	-8.7e-13	3.2402e-07	-3.2448e-07
0.255	4.739e-11	-1.1893e-09	-3.6e-13	3.2608e-07	-3.249e-07	2.7007e-10	-1.2907e-09	-1.6e-13	3.2582e-07	-3.2476e-07	5.3462e-10	-1.3764e-09	-3.9e-13	3.2546e-07	-3.2466e-07	7.5379e-10	-1.4604e-09	-1.7e-13	3.2534e-07	-3.2458e-07	1.00541e-09	-1.5559e-09	-4.2e-13	3.2526e-07	-3.2468e-07	1.266e-09	-1.6529e-09	3.2e-13	3.2512e-07	-3.2464e-07	1.5366e-09	-1.76e-09	4.9e-13	3.2474e-07	-3.2454e-07	1.8096e-09	-1.8629e-09	-9.1e-13	3.2462e-07	-3.246e-07	2.094e-09	-1.9749e-09	2.4e-13	3.243e-07	-3.244e-07	2.4203e-09	-2.0994e-09	-4.9e-13	3.2406e-07	-3.2448e-07	2.7431e-09	-2.2177e-09	-5.4e-13	3.24e-07	-3.2454e-07
0.25	8.205e-11	-1.2257e-09	-2e-13	3.2614e-07	-3.2498e-07	3.1412e-10	-1.3286e-09	-1.4e-13	3.2578e-07	-3.2478e-07	5.7331e-10	-1.4196e-09	-1.05e-12	3.2552e-07	-3.2464e-07	8.009e-10	-1.5075e-09	-4.5e-13	3.2532e-07	-3.2458e-07	1.05351e-09	-1.6055e-09	-3.7e-13	3.2528e-07	-3.2466e-07	1.322e-09	-1.7076e-09	-1.29e-12	3.2504e-07	-3.2458e-07	1.591e-09	-1.8159e-09	-1.73e-12	3.248e-07	-3.2462e-07	1.8742e-09	-1.9186e-09	3.1e-13	3.246e-07	-3.2458e-07	2.1483e-09	-2.0311e-09	5.7e-13	3.2428e-07	-3.2442e-07	2.4836e-09	-2.1593e-09	-7.3e-13	3.2412e-07	-3.2444e-07	2.8038e-09	-2.2814e-09	-1.16e-12	3.2402e-07	-3.2448e-07
0.245	1.1933e-10	-1.2679e-09	-3e-13	3.2608e-07	-3.2502e-07	3.5051e-10	-1.3699e-09	2.4e-13	3.258e-07	-3.2476e-07	6.1057e-10	-1.4571e-09	-4e-14	3.2548e-07	-3.2462e-07	8.4767e-10	-1.5549e-09	-4.8e-13	3.2532e-07	-3.2466e-07	1.09523e-09	-1.6521e-09	-1.6e-13	3.2522e-07	-3.2462e-07	1.3702e-09	-1.7546e-09	1.6e-13	3.2502e-07	-3.2466e-07	1.6375e-09	-1.8638e-09	5.8e-13	3.2488e-07	-3.2468e-07	1.9326e-09	-1.9757e-09	-8.9e-13	3.2462e-07	-3.2458e-07	2.2086e-09	-2.0892e-09	-1.08e-12	3.243e-07	-3.2446e-07	2.5461e-09	-2.2219e-09	-5e-13	3.2406e-07	-3.2448e-07	2.8679e-09	-2.3456e-09	1.42e-12	3.2394e-07	-3.2452e-07
0.24	1.6543e-10	-1.308e-09	-4.9e-13	3.2608e-07	-3.2494e-07	4.0248e-10	-1.4125e-09	8.6e-13	3.2578e-07	-3.248e-07	6.6202e-10	-1.5016e-09	-5.4e-13	3.2554e-07	-3.2466e-07	8.9856e-10	-1.6024e-09	-2.2e-13	3.2534e-07	-3.2458e-07	1.15005e-09	-1.7026e-09	-3.9e-13	3.2522e-07	-3.2466e-07	1.4128e-09	-1.8087e-09	1e-14	3.2494e-07	-3.2466e-07	1.6951e-09	-1.9173e-09	-5.3e-13	3.249e-07	-3.247e-07	1.9922e-09	-2.0311e-09	-1.29e-12	3.2468e-07	-3.2456e-07	2.2734e-09	-2.1532e-09	-4.7e-13	3.2432e-07	-3.2452e-07	2.6204e-09	-2.3018e-09	-4.3e-13	3.2414e-07	-3.2444e-07	2.9363e-09	-2.4105e-09	-5.7e-13	3.2398e-07	-3.2446e-07
0.235	2.0693e-10	-1.3479e-09	-1.01e-12	3.2606e-07	-3.249e-07	4.3754e-10	-1.4582e-09	-5.8e-13	3.2578e-07	-3.2482e-07	7.1034e-10	-1.5527e-09	-3.7e-13	3.2554e-07	-3.2464e-07	9.4487e-10	-1.6514e-09	-2.2e-13	3.2536e-07	-3.2464e-07	1.2027e-09	-1.755e-09	5.8e-13	3.2524e-07	-3.246e-07	1.4666e-09	-1.8562e-09	-6e-14	3.25e-07	-3.247e-07	1.745e-09	-1.9777e-09	-5.1e-13	3.2492e-07	-3.247e-07	2.044e-09	-2.0897e-09	-9.2e-13	3.2464e-07	-3.2454e-07	2.3378e-09	-2.2178e-09	-2e-14	3.2432e-07	-3.2446e-07	2.668e-09	-2.3438e-09	-5e-14	3.241e-07	-3.2442e-07	3.0129e-09	-2.4827e-09	-1.29e-12	3.2396e-07	-3.2448e-07
0.23	2.4754e-10	-1.3885e-09	-3.3e-13	3.26e-07	-3.2486e-07	4.9564e-10	-1.504e-09	-1.21e-12	3.2576e-07	-3.248e-07	7.4527e-10	-1.5982e-09	1.7e-13	3.255e-07	-3.2464e-07	9.9917e-10	-1.6986e-09	-1.3e-13	3.2528e-07	-3.2462e-07	1.2578e-09	-1.8075e-09	1.8e-13	3.2524e-07	-3.247e-07	1.5197e-09	-1.9157e-09	-8.2e-13	3.25e-07	-3.2468e-07	1.8064e-09	-2.0329e-09	-1.21e-12	3.2492e-07	-3.246e-07	2.1028e-09	-2.149e-09	1.1e-13	3.2462e-07	-3.2462e-07	2.4011e-09	-2.281e-09	5e-14	3.2426e-07	-3.2446e-07	2.7366e-09	-2.4124e-09	4.1e-13	3.2412e-07	-3.2448e-07	3.0713e-09	-2.5488e-09	-4.9e-13	3.2402e-07	-3.2448e-07
0.225	2.9818e-10	-1.4329e-09	-4.7e-13	3.2598e-07	-3.2492e-07	5.3534e-10	-1.5487e-09	-5.5e-13	3.2574e-07	-3.2472e-07	7.9855e-10	-1.6473e-09	2.8e-13	3.2548e-07	-3.2472e-07	1.05257e-09	-1.7516e-09	-2.5e-13	3.2528e-07	-3.2454e-07	1.3229e-09	-1.8631e-09	-1.4e-13	3.2524e-07	-3.2464e-07	1.5765e-09	-1.9678e-09	-5.5e-13	3.2498e-07	-3.2466e-07	1.8624e-09	-2.096e-09	-1.3e-12	3.2482e-07	-3.2464e-07	2.163e-09	-2.2058e-09	2.7e-13	3.2468e-07	-3.2454e-07	2.4669e-09	-2.348e-09	-4.8e-13	3.243e-07	-3.244e-07	2.8028e-09	-2.4816e-09	2.5e-13	3.2414e-07	-3.2444e-07	3.1479e-09	-2.6166e-09	-4.6e-13	3.2396e-07	-3.2458e-07
0.22	3.3843e-10	-1.4784e-09	-1.13e-12	3.2608e-07	-3.249e-07	5.8714e-10	-1.5998e-09	3.8e-13	3.2578e-07	-3.2474e-07	8.4781e-10	-1.6954e-09	0	3.2554e-07	-3.2462e-07	1.10325e-09	-1.8093e-09	7e-14	3.253e-07	-3.2458e-07	1.287e-09	-1.9212e-09	1.6e-13	3.2536e-07	-3.2466e-07	1.6373e-09	-2.027e-09	4.1e-13	3.2504e-07	-3.2462e-07	1.9316e-09	-2.1526e-09	-7.6e-13	3.2492e-07	-3.2462e-07	2.2271e-09	-2.2735e-09	-3.5e-13	3.2456e-07	-3.2442e-07	2.5301e-09	-2.4105e-09	-4e-14	3.243e-07	-3.2446e-07	2.8667e-09	-2.549e-09	-8.7e-13	3.2406e-07	-3.2434e-07	3.2321e-09	-2.7092e-09	6e-13	3.2396e-07	-3.2448e-07
0.215	4.0333e-10	-1.5251e-09	9.6e-13	3.2608e-07	-3.2496e-07	6.1867e-10	-1.6452e-09	-1e-13	3.2574e-07	-3.2476e-07	8.9591e-10	-1.75e-09	1.2e-13	3.2552e-07	-3.2464e-07	1.1512e-09	-1.855e-09	7e-14	3.2536e-07	-3.2456e-07	1.4269e-09	-1.9732e-09	-2e-14	3.252e-07	-3.2466e-07	1.6888e-09	-2.0863e-09	-9e-14	3.2502e-07	-3.247e-07	1.9929e-09	-2.2193e-09	5.5e-13	3.2484e-07	-3.2468e-07	2.2875e-09	-2.3411e-09	-2.1e-13	3.2452e-07	-3.245e-07	2.6002e-09	-2.4823e-09	5e-14	3.243e-07	-3.2444e-07	2.9402e-09	-2.6199e-09	-8.8e-13	3.2414e-07	-3.2442e-07	3.292e-09	-2.7657e-09	-1.65e-12	3.2398e-07	-3.2452e-07
0.21	4.4792e-10	-1.5696e-09	-3.7e-13	3.2604e-07	-3.249e-07	6.8087e-10	-1.6948e-09	1.2e-13	3.2582e-07	-3.2478e-07	9.4523e-10	-1.7997e-09	8e-14	3.2548e-07	-3.2468e-07	1.2034e-09	-1.9116e-09	-1.35e-12	3.2528e-07	-3.2458e-07	1.488e-09	-2.032e-09	1.2e-13	3.2524e-07	-3.2466e-07	1.76e-09	-2.1474e-09	1.7e-13	3.2494e-07	-3.2454e-07	2.0574e-09	-2.2789e-09	-6.6e-13	3.2486e-07	-3.246e-07	2.3513e-09	-2.4039e-09	-4.9e-13	3.2458e-07	-3.2452e-07	2.6707e-09	-2.5512e-09	9e-14	3.2432e-07	-3.2438e-07	3.0134e-09	-2.6932e-09	-6e-14	3.242e-07	-3.2452e-07	3.3685e-09	-2.8415e-09	-6.7e-13	3.2402e-07	-3.2458e-07
0.205	5.0939e-10	-1.6173e-09	2.1e-13	3.2602e-07	-3.2494e-07	7.2597e-10	-1.742e-09	-3.3e-13	3.2574e-07	-3.2472e-07	9.9165e-10	-1.8511e-09	-1.28e-12	3.2552e-07	-3.2462e-07	1.2599e-09	-1.9676e-09	-9e-13	3.2524e-07	-3.2452e-07	1.5319e-09	-2.085e-09	-4.3e-13	3.252e-07	-3.2466e-07	1.8186e-09	-2.2082e-09	-1.7e-12	3.25e-07	-3.246e-07	2.1259e-09	-2.3425e-09	1.3e-13	3.2494e-07	-3.2468e-07	2.4209e-09	-2.4724e-09	-4.7e-13	3.2456e-07	-3.2448e-07	2.7362e-09	-2.6191e-09	-3.7e-13	3.2426e-07	-3.2446e-07	3.0898e-09	-2.7662e-09	-7.2e-13	3.2422e-07	-3.2456e-07	3.4405e-09	-2.9167e-09	3.9e-13	3.2398e-07	-3.2442e-07
0.2	5.387e-10	-1.6658e-09	2.9e-13	3.2606e-07	-3.2502e-07	7.7335e-10	-1.797e-09	-4.6e-13	3.2576e-07	-3.2472e-07	1.05027e-09	-1.9099e-09	-1.21e-12	3.2556e-07	-3.2466e-07	1.3148e-09	-2.0227e-09	-9.3e-13	3.253e-07	-3.246e-07	1.6044e-09	-2.1467e-09	1.9e-13	3.2516e-07	-3.2462e-07	1.8794e-09	-2.2742e-09	1.9e-13	3.2506e-07	-3.2462e-07	2.1891e-09	-2.4104e-09	1.18e-12	3.2486e-07	-3.246e-07	2.4935e-09	-2.5398e-09	-1.54e-12	3.2456e-07	-3.2454e-07	2.8266e-09	-2.6956e-09	-1.23e-12	3.2434e-07	-3.2446e-07	3.165e-09	-2.8387e-09	-1.03e-12	3.2416e-07	-3.2446e-07	3.5182e-09	-2.9935e-09	-6.4e-13	3.2394e-07	-3.2446e-07
0.195	5.8504e-10	-1.7169e-09	-6.2e-13	3.2606e-07	-3.249e-07	8.2654e-10	-1.8528e-09	5.2e-13	3.2566e-07	-3.2468e-07	1.10451e-09	-1.9635e-09	-5.6e-13	3.2558e-07	-3.247e-07	1.3752e-09	-2.0836e-09	-1e-14	3.2524e-07	-3.2462e-07	1.6599e-09	-2.2085e-09	-1.27e-12	3.2522e-07	-3.2466e-07	1.9442e-09	-2.3366e-09	-4.1e-13	3.2504e-07	-3.247e-07	2.247e-09	-2.4742e-09	-1.4e-13	3.249e-07	-3.2466e-07	2.5728e-09	-2.6115e-09	-2.5e-13	3.2466e-07	-3.2464e-07	2.8849e-09	-2.7625e-09	-7.5e-13	3.2428e-07	-3.2442e-07	3.2465e-09	-2.9197e-09	-1.29e-12	3.242e-07	-3.2454e-07	3.6078e-09	-3.0754e-09	-1.31e-12	3.2402e-07	-3.2454e-07
0.19	6.3593e-10	-1.7713e-09	-1.28e-12	3.2612e-07	-3.2494e-07	8.9935e-10	-1.9077e-09	3.3e-13	3.2574e-07	-3.2474e-07	1.1691e-09	-2.0224e-09	-1e-13	3.2558e-07	-3.2472e-07	1.4363e-09	-2.1447e-09	4e-14	3.2522e-07	-3.2454e-07	1.7217e-09	-2.2738e-09	-4.2e-13	3.2524e-07	-3.2476e-07	2.0205e-09	-2.4041e-09	-8.4e-13	3.25e-07	-3.2462e-07	2.3374e-09	-2.5428e-09	1.5e-13	3.2484e-07	-3.2464e-07	2.6409e-09	-2.6871e-09	1.6e-13	3.2476e-07	-3.2474e-07	2.9607e-09	-2.8375e-09	2.5e-13	3.2432e-07	-3.2446e-07	3.3249e-09	-3.0026e-09	-8.4e-13	3.2414e-07	-3.2454e-07	3.6862e-09	-3.1573e-09	-1.16e-12	3.2392e-07	-3.2452e-07
0.185	6.6926e-10	-1.8209e-09	1.2e-13	3.2606e-07	-3.2498e-07	9.5022e-10	-1.9648e-09	-1.17e-12	3.257e-07	-3.2466e-07	1.2206e-09	-2.0857e-09	-7e-14	3.2564e-07	-3.2476e-07	1.4942e-09	-2.2018e-09	2.5e-13	3.2522e-07	-3.246e-07	1.7818e-09	-2.332e-09	-4e-13	3.2518e-07	-3.2466e-07	2.0771e-09	-2.4674e-09	-8.6e-13	3.2506e-07	-3.2468e-07	2.3886e-09	-2.615e-09	-1.09e-12	3.2486e-07	-3.2464e-07	2.7162e-09	-2.7622e-09	-8.4e-13	3.247e-07	-3.2466e-07	3.0487e-09	-2.9149e-09	1.2e-13	3.2428e-07	-3.2446e-07	3.3982e-09	-3.078e-09	-2.7e-13	3.2418e-07	-3.2452e-07	3.7627e-09	-3.24e-09	9.8e-13	3.2396e-07	-3.2452e-07
0.18	7.3466e-10	-1.8763e-09	3.1e-13	3.261e-07	-3.2494e-07	1.02903e-09	-2.0189e-09	-1.07e-12	3.2572e-07	-3.2476e-07	1.2896e-09	-2.1452e-09	8e-13	3.2556e-07	-3.2472e-07	1.5646e-09	-2.2701e-09	1e-14	3.2524e-07	-3.2452e-07	1.8484e-09	-2.3986e-09	-3.9e-13	3.2518e-07	-3.247e-07	2.1517e-09	-2.5366e-09	-5.9e-13	3.2496e-07	-3.2466e-07	2.4652e-09	-2.6879e-09	-1.28e-12	3.2476e-07	-3.2458e-07	2.7864e-09	-2.8359e-09	-1.45e-12	3.2472e-07	-3.2464e-07	3.1067e-09	-2.9916e-09	-1.09e-12	3.2428e-07	-3.244e-07	3.4835e-09	-3.1627e-09	3.2e-13	3.242e-07	-3.2448e-07	3.8571e-09	-3.3317e-09	9.2e-13	3.2394e-07	-3.2448e-07
0.175	7.9382e-10	-1.9256e-09	8e-14	3.2608e-07	-3.2494e-07	1.07975e-09	-2.0781e-09	1e-12	3.257e-07	-3.247e-07	1.3461e-09	-2.2072e-09	2.2e-13	3.256e-07	-3.2472e-07	1.627e-09	-2.328e-09	-1.8e-13	3.2526e-07	-3.2448e-07	1.9118e-09	-2.4686e-09	1.5e-13	3.2524e-07	-3.247e-07	2.2138e-09	-2.6068e-09	-6.4e-13	3.2506e-07	-3.2466e-07	2.5171e-09	-2.7626e-09	-1.7e-13	3.2484e-07	-3.2454e-07	2.8534e-09	-2.9087e-09	-4.2e-13	3.2468e-07	-3.2464e-07	3.197e-09	-3.0702e-09	-1.7e-13	3.2432e-07	-3.2448e-07	3.5689e-09	-3.2404e-09	-8.5e-13	3.242e-07	-3.2448e-07	3.9447e-09	-3.4176e-09	4.8e-13	3.24e-07	-3.245e-07
0.17	8.5001e-10	-1.9843e-09	3e-13	3.2612e-07	-3.2496e-07	1.13022e-09	-2.1425e-09	4.4e-13	3.2566e-07	-3.247e-07	1.4059e-09	-2.2649e-09	-1.9e-13	3.2558e-07	-3.2476e-07	1.6983e-09	-2.399e-09	-2.9e-13	3.2522e-07	-3.2454e-07	1.9885e-09	-2.5446e-09	-1.06e-12	3.2518e-07	-3.247e-07	2.2934e-09	-2.6794e-09	-8.1e-13	3.2498e-07	-3.2466e-07	2.5977e-09	-2.8373e-09	2.2e-13	3.248e-07	-3.2444e-07	2.9306e-09	-2.9868e-09	-2.5e-13	3.247e-07	-3.2468e-07	3.2821e-09	-3.1561e-09	-2e-13	3.2432e-07	-3.2446e-07	3.6517e-09	-3.337e-09	6e-14	3.242e-07	-3.2454e-07	4.0325e-09	-3.5049e-09	-1.89e-12	3.239e-07	-3.2448e-07
0.165	9.1775e-10	-2.0426e-09	4.3e-13	3.2614e-07	-3.2494e-07	1.1999e-09	-2.1966e-09	-1.12e-12	3.2574e-07	-3.2474e-07	1.4737e-09	-2.3344e-09	-7.8e-13	3.2552e-07	-3.2466e-07	1.7578e-09	-2.464e-09	-2e-14	3.2528e-07	-3.2454e-07	2.0464e-09	-2.6084e-09	-6.9e-13	3.2522e-07	-3.2464e-07	2.3537e-09	-2.7539e-09	7e-14	3.2494e-07	-3.2454e-07	2.672e-09	-2.9065e-09	-1.37e-12	3.2482e-07	-3.2458e-07	3.0211e-09	-3.069e-09	-8.7e-13	3.2474e-07	-3.247e-07	3.3583e-09	-3.2383e-09	-2e-14	3.2432e-07	-3.2442e-07	3.7328e-09	-3.4158e-09	3.5e-13	3.2424e-07	-3.2454e-07	4.1245e-09	-3.5953e-09	-4.4e-13	3.2396e-07	-3.2446e-07
0.16	9.8223e-10	-2.1061e-09	-4e-13	3.2608e-07	-3.249e-07	1.2628e-09	-2.266e-09	-2.3e-13	3.2576e-07	-3.2478e-07	1.5441e-09	-2.4057e-09	-1.11e-12	3.2542e-07	-3.246e-07	1.8345e-09	-2.5375e-09	4.8e-13	3.2524e-07	-3.2456e-07	2.1182e-09	-2.6816e-09	2.6e-13	3.2518e-07	-3.2464e-07	2.4286e-09	-2.8226e-09	-8.3e-13	3.2506e-07	-3.2458e-07	2.6956e-09	-2.9855e-09	-9.6e-13	3.2492e-07	-3.246e-07	3.1007e-09	-3.1534e-09	-1.16e-12	3.2468e-07	-3.2464e-07	3.4402e-09	-3.3264e-09	-1.9e-13	3.2428e-07	-3.244e-07	3.8236e-09	-3.5103e-09	-3.7e-13	3.2422e-07	-3.2454e-07	4.2334e-09	-3.7139e-09	2.3e-13	3.2392e-07	-3.2452e-07
0.155	1.03102e-09	-2.1641e-09	6.2e-13	3.2608e-07	-3.2486e-07	1.3508e-09	-2.3307e-09	-1.03e-12	3.2572e-07	-3.2478e-07	1.6137e-09	-2.4682e-09	-9.6e-13	3.2544e-07	-3.2458e-07	1.9026e-09	-2.6051e-09	-1.21e-12	3.2534e-07	-3.2454e-07	2.1932e-09	-2.7542e-09	-1.9e-13	3.2522e-07	-3.2468e-07	2.5158e-09	-2.91e-09	-5.6e-13	3.2494e-07	-3.246e-07	2.8316e-09	-3.0667e-09	9.3e-13	3.2488e-07	-3.2462e-07	3.1792e-09	-3.2338e-09	-1e-14	3.2464e-07	-3.2462e-07	3.5321e-09	-3.4154e-09	-1.09e-12	3.2428e-07	-3.2436e-07	3.9167e-09	-3.6026e-09	8.7e-13	3.242e-07	-3.245e-07	4.321e-09	-3.7895e-09	8e-14	3.2392e-07	-3.2446e-07
0.15	1.09506e-09	-2.2245e-09	2.3e-13	3.2606e-07	-3.2494e-07	1.4042e-09	-2.3966e-09	-6.5e-13	3.2574e-07	-3.2468e-07	1.6713e-09	-2.5356e-09	-1.74e-12	3.2542e-07	-3.2468e-07	1.9695e-09	-2.6792e-09	-1e-12	3.2524e-07	-3.2456e-07	2.275e-09	-2.8275e-09	-1.93e-12	3.2526e-07	-3.2472e-07	2.5773e-09	-2.9852e-09	-1.9e-13	3.2498e-07	-3.2462e-07	2.9196e-09	-3.1574e-09	1.9e-13	3.2482e-07	-3.246e-07	3.2658e-09	-3.3167e-09	-1.2e-13	3.247e-07	-3.2464e-07	3.6217e-09	-3.4997e-09	-8.5e-13	3.243e-07	-3.2446e-07	4.0067e-09	-3.6901e-09	-1.76e-12	3.242e-07	-3.2456e-07	4.4023e-09	-3.8821e-09	-1.44e-12	3.2404e-07	-3.2454e-07
0.145	1.1596e-09	-2.2902e-09	-7e-14	3.2602e-07	-3.249e-07	1.4844e-09	-2.4671e-09	-1.4e-13	3.2572e-07	-3.2476e-07	1.7487e-09	-2.6064e-09	2.6e-13	3.255e-07	-3.2464e-07	2.0399e-09	-2.7464e-09	3.3e-13	3.2528e-07	-3.2454e-07	2.345e-09	-2.9081e-09	-1.82e-12	3.2522e-07	-3.2474e-07	2.6642e-09	-3.0698e-09	-2.7e-13	3.2494e-07	-3.2454e-07	2.9996e-09	-3.2355e-09	-7.3e-13	3.2486e-07	-3.2466e-07	3.3602e-09	-3.4067e-09	3e-14	3.247e-07	-3.246e-07	3.7164e-09	-3.5945e-09	4.6e-13	3.2428e-07	-3.244e-07	4.1039e-09	-3.7871e-09	-1.59e-12	3.242e-07	-3.2456e-07	4.5108e-09	-3.9882e-09	-7.7e-13	3.2404e-07	-3.2454e-07
0.14	1.2196e-09	-2.3551e-09	-4.6e-13	3.2606e-07	-3.2496e-07	1.5271e-09	-2.5389e-09	-1.12e-12	3.257e-07	-3.247e-07	1.8197e-09	-2.6831e-09	-1.2e-13	3.2554e-07	-3.2466e-07	2.1146e-09	-2.8213e-09	3.5e-13	3.2524e-07	-3.246e-07	2.4329e-09	-2.9875e-09	5.3e-13	3.2528e-07	-3.2466e-07	2.7506e-09	-3.15e-09	3.5e-13	3.2504e-07	-3.2458e-07	3.0837e-09	-3.3221e-09	-7.5e-13	3.2486e-07	-3.2466e-07	3.4523e-09	-3.5011e-09	-5.1e-13	3.2466e-07	-3.2468e-07	3.8138e-09	-3.6817e-09	-2.9e-13	3.2432e-07	-3.244e-07	4.2039e-09	-3.8836e-09	-2e-13	3.242e-07	-3.2446e-07	4.6061e-09	-4.0877e-09	-5.5e-13	3.2402e-07	-3.2452e-07
0.135	1.2961e-09	-2.4218e-09	-9.8e-13	3.2608e-07	-3.2504e-07	1.5943e-09	-2.6015e-09	-1.08e-12	3.257e-07	-3.2476e-07	1.8852e-09	-2.7524e-09	-1.18e-12	3.2552e-07	-3.246e-07	2.1934e-09	-2.8981e-09	-9.8e-13	3.253e-07	-3.2452e-07	2.5158e-09	-3.0654e-09	-5.6e-13	3.2524e-07	-3.2472e-07	2.8356e-09	-3.2385e-09	-1.4e-12	3.2506e-07	-3.2464e-07	3.1829e-09	-3.415e-09	-3.4e-13	3.248e-07	-3.2466e-07	3.5413e-09	-3.5865e-09	-1.22e-12	3.247e-07	-3.2462e-07	3.9037e-09	-3.7843e-09	-1.09e-12	3.2434e-07	-3.2448e-07	4.3004e-09	-3.9828e-09	-3.7e-13	3.2422e-07	-3.2452e-07	4.7108e-09	-4.1876e-09	4e-14	3.2394e-07	-3.2454e-07
0.13	1.3637e-09	-2.4919e-09	-1.1e-12	3.261e-07	-3.2496e-07	1.6619e-09	-2.6739e-09	-6.2e-13	3.257e-07	-3.247e-07	1.9561e-09	-2.8203e-09	2e-14	3.2548e-07	-3.2464e-07	2.2714e-09	-2.9797e-09	-1.11e-12	3.253e-07	-3.2454e-07	2.5982e-09	-3.1488e-09	-1.49e-12	3.2526e-07	-3.2472e-07	2.9202e-09	-3.3231e-09	-8.7e-13	3.2494e-07	-3.2458e-07	3.2634e-09	-3.5059e-09	-1.9e-13	3.2482e-07	-3.2464e-07	3.6326e-09	-3.6879e-09	-2.9e-13	3.2468e-07	-3.2468e-07	4.0044e-09	-3.8821e-09	-8.5e-13	3.2436e-07	-3.2442e-07	4.4066e-09	-4.0899e-09	-1.17e-12	3.2416e-07	-3.2454e-07	4.8172e-09	-4.2929e-09	2e-14	3.2398e-07	-3.2454e-07
0.125	1.4315e-09	-2.5623e-09	-4.7e-13	3.2612e-07	-3.2492e-07	1.7404e-09	-2.7449e-09	0	3.2572e-07	-3.2472e-07	2.04e-09	-2.8942e-09	1.6e-13	3.255e-07	-3.2472e-07	2.3497e-09	-3.0557e-09	-2.8e-13	3.2528e-07	-3.246e-07	2.6858e-09	-3.2337e-09	-1.37e-12	3.2526e-07	-3.247e-07	3.0103e-09	-3.4105e-09	-6.7e-13	3.2504e-07	-3.246e-07	3.3486e-09	-3.5927e-09	-7.1e-13	3.2484e-07	-3.2458e-07	3.7215e-09	-3.782e-09	2.2e-13	3.2468e-07	-3.2464e-07	4.1106e-09	-3.9878e-09	9.5e-13	3.2434e-07	-3.2444e-07	4.5334e-09	-4.2148e-09	-1.66e-12	3.242e-07	-3.2454e-07	4.9239e-09	-4.4087e-09	-1.22e-12	3.2402e-07	-3.2454e-07
0.12	1.4947e-09	-2.6309e-09	7.3e-13	3.2606e-07	-3.249e-07	1.8301e-09	-2.8421e-09	-2.5e-13	3.2564e-07	-3.2458e-07	2.128e-09	-2.9751e-09	0	3.2554e-07	-3.2468e-07	2.4297e-09	-3.1407e-09	-1.5e-13	3.2546e-07	-3.2466e-07	2.758e-09	-3.3116e-09	1.37e-12	3.2528e-07	-3.2472e-07	3.106e-09	-3.5021e-09	7.5e-13	3.25e-07	-3.246e-07	3.445e-09	-3.6868e-09	-1.24e-12	3.249e-07	-3.2464e-07	3.8192e-09	-3.8777e-09	-2.8e-13	3.2464e-07	-3.2462e-07	4.2154e-09	-4.0926e-09	3.2e-13	3.2428e-07	-3.2444e-07	4.6097e-09	-4.2947e-09	-9e-14	3.2428e-07	-3.2448e-07	5.0474e-09	-4.5274e-09	-1.31e-12	3.2396e-07	-3.2448e-07
0.115	1.5737e-09	-2.7039e-09	-2.6e-13	3.2608e-07	-3.2488e-07	1.8825e-09	-2.8998e-09	-1.1e-13	3.257e-07	-3.247e-07	2.2017e-09	-3.0553e-09	-5.4e-13	3.2548e-07	-3.246e-07	2.4196e-09	-3.2274e-09	-7.8e-13	3.2532e-07	-3.2464e-07	2.8502e-09	-3.3996e-09	2.6e-13	3.2528e-07	-3.2472e-07	3.1949e-09	-3.5896e-09	-1.4e-13	3.2502e-07	-3.2468e-07	3.5524e-09	-3.7869e-09	-6.5e-13	3.2482e-07	-3.2464e-07	3.9291e-09	-3.9741e-09	-5.5e-13	3.2468e-07	-3.2466e-07	4.3132e-09	-4.1905e-09	-7.5e-13	3.2432e-07	-3.2446e-07	4.7217e-09	-4.4055e-09	3.9e-13	3.2416e-07	-3.2454e-07	5.1589e-09	-4.6387e-09	1.18e-12	3.2392e-07	-3.245e-07
0.11	1.6529e-09	-2.7803e-09	8.1e-13	3.2598e-07	-3.2484e-07	1.9587e-09	-2.9766e-09	-4.6e-13	3.2568e-07	-3.246e-07	2.2782e-09	-3.1369e-09	-6.2e-13	3.2548e-07	-3.2466e-07	2.6017e-09	-3.3139e-09	-1.58e-12	3.2534e-07	-3.2464e-07	2.937e-09	-3.4951e-09	-8.8e-13	3.2528e-07	-3.247e-07	3.2848e-09	-3.6857e-09	-7.7e-13	3.25e-07	-3.247e-07	3.6489e-09	-3.8799e-09	-4.3e-13	3.2486e-07	-3.2464e-07	4.0242e-09	-4.0809e-09	-5.8e-13	3.247e-07	-3.2466e-07	4.414e-09	-4.299e-09	-6.2e-13	3.2434e-07	-3.2444e-07	4.8301e-09	-4.5179e-09	8.6e-13	3.2422e-07	-3.2452e-07	5.2826e-09	-4.7583e-09	-5.6e-13	3.2396e-07	-3.2446e-07
0.105	1.7172e-09	-2.8535e-09	5e-14	3.2594e-07	-3.2492e-07	2.0373e-09	-3.0573e-09	-3.3e-13	3.2574e-07	-3.2472e-07	2.3717e-09	-3.2239e-09	-1.27e-12	3.255e-07	-3.2456e-07	2.7033e-09	-3.4022e-09	-4.8e-13	3.2534e-07	-3.246e-07	3.0265e-09	-3.5838e-09	-1.1e-13	3.2528e-07	-3.2472e-07	3.3799e-09	-3.7811e-09	-1.77e-12	3.2514e-07	-3.2464e-07	3.7372e-09	-3.9806e-09	-4e-14	3.2486e-07	-3.2454e-07	4.1145e-09	-4.1829e-09	1.17e-12	3.2462e-07	-3.2464e-07	4.5169e-09	-4.4056e-09	3.4e-13	3.2432e-07	-3.2448e-07	4.9478e-09	-4.6315e-09	-1.11e-12	3.2414e-07	-3.2448e-07	5.3939e-09	-4.8797e-09	-1.87e-12	3.2396e-07	-3.245e-07
0.1	1.8017e-09	-2.9316e-09	1.7e-13	3.2598e-07	-3.2492e-07	2.1239e-09	-3.139e-09	8e-14	3.2576e-07	-3.2476e-07	2.4405e-09	-3.3094e-09	-3e-13	3.2552e-07	-3.2466e-07	2.7889e-09	-3.4907e-09	-3.9e-13	3.253e-07	-3.2466e-07	3.121e-09	-3.6782e-09	8.3e-13	3.2524e-07	-3.247e-07	3.4059e-09	-3.8814e-09	3.3e-13	3.2514e-07	-3.2476e-07	3.8459e-09	-4.0833e-09	7.6e-13	3.2484e-07	-3.246e-07	4.233e-09	-4.2865e-09	3.9e-13	3.2466e-07	-3.2458e-07	4.6208e-09	-4.516e-09	3e-13	3.2438e-07	-3.2446e-07	5.0587e-09	-4.7482e-09	-5.5e-13	3.2412e-07	-3.245e-07	5.5173e-09	-4.9951e-09	5e-13	3.2394e-07	-3.2452e-07
0.095	1.8743e-09	-3.0064e-09	-5.2e-13	3.2598e-07	-3.2482e-07	2.2135e-09	-3.2199e-09	-8.8e-13	3.2572e-07	-3.2476e-07	2.5463e-09	-3.4e-09	-7.2e-13	3.2552e-07	-3.2462e-07	2.8825e-09	-3.5872e-09	-1.6e-12	3.2524e-07	-3.2458e-07	3.2157e-09	-3.7722e-09	2.6e-13	3.2526e-07	-3.2482e-07	3.5006e-09	-3.9764e-09	8.9e-13	3.2512e-07	-3.2462e-07	3.9524e-09	-4.1875e-09	-1.04e-12	3.2492e-07	-3.2464e-07	4.3374e-09	-4.3945e-09	-1.37e-12	3.2464e-07	-3.2458e-07	4.7492e-09	-4.6331e-09	-4.4e-13	3.2432e-07	-3.2442e-07	5.1838e-09	-4.8737e-09	6.8e-13	3.2406e-07	-3.2444e-07	5.641e-09	-5.1224e-09	6.7e-13	3.24e-07	-3.2452e-07
0.09	1.9536e-09	-3.0878e-09	-1.7e-13	3.26e-07	-3.2486e-07	2.303e-09	-3.307e-09	-1.43e-12	3.2576e-07	-3.2476e-07	2.6399e-09	-3.4832e-09	-3.4e-13	3.2546e-07	-3.246e-07	2.9779e-09	-3.6809e-09	-2.7e-13	3.253e-07	-3.2444e-07	3.3188e-09	-3.8714e-09	-1.09e-12	3.2522e-07	-3.247e-07	3.6426e-09	-4.112e-09	-1.25e-12	3.2514e-07	-3.2466e-07	4.0538e-09	-4.2893e-09	-1.39e-12	3.248e-07	-3.2462e-07	4.4485e-09	-4.5151e-09	-1.45e-12	3.2468e-07	-3.246e-07	4.8607e-09	-4.7456e-09	-8.5e-13	3.244e-07	-3.2446e-07	5.3071e-09	-4.994e-09	3.7e-13	3.2414e-07	-3.2446e-07	5.7699e-09	-5.2493e-09	-5.3e-13	3.2402e-07	-3.2452e-07
0.085	2.0557e-09	-3.1902e-09	-1e-13	3.2608e-07	-3.2488e-07	2.3857e-09	-3.3925e-09	-8.7e-13	3.2578e-07	-3.2474e-07	2.7046e-09	-3.5746e-09	-6.1e-13	3.2548e-07	-3.2462e-07	3.0645e-09	-3.7779e-09	3e-14	3.2524e-07	-3.2452e-07	3.4036e-09	-3.9626e-09	1.2e-13	3.2522e-07	-3.246e-07	3.7379e-09	-4.2093e-09	-1.98e-12	3.2518e-07	-3.247e-07	4.1664e-09	-4.3991e-09	8.3e-13	3.2486e-07	-3.2458e-07	4.5677e-09	-4.6213e-09	8e-13	3.2464e-07	-3.2462e-07	4.984e-09	-4.8672e-09	3.2e-13	3.2438e-07	-3.2452e-07	5.4339e-09	-5.1217e-09	-1.03e-12	3.2414e-07	-3.2446e-07	5.892e-09	-5.3804e-09	-7.6e-13	3.2396e-07	-3.2444e-07
0.08	2.1202e-09	-3.2608e-09	-7.4e-13	3.2602e-07	-3.2488e-07	2.4715e-09	-3.4844e-09	7.9e-13	3.2568e-07	-3.2474e-07	2.8058e-09	-3.6686e-09	-2.7e-13	3.2546e-07	-3.2464e-07	3.1574e-09	-3.8721e-09	2.2e-13	3.2542e-07	-3.2474e-07	3.5132e-09	-4.0735e-09	-9e-14	3.2514e-07	-3.246e-07	3.8161e-09	-4.2869e-09	-5.1e-13	3.2514e-07	-3.2466e-07	4.2838e-09	-4.5179e-09	9.9e-13	3.248e-07	-3.2454e-07	4.6796e-09	-4.7419e-09	-5.1e-13	3.2466e-07	-3.2456e-07	5.1095e-09	-4.9854e-09	3.8e-13	3.2438e-07	-3.2456e-07	5.5557e-09	-5.2458e-09	-1.11e-12	3.2412e-07	-3.2442e-07	6.0213e-09	-5.5078e-09	-2.3e-13	3.2396e-07	-3.2446e-07
0.075	2.2152e-09	-3.3501e-09	-7.5e-13	3.2602e-07	-3.249e-07	2.5608e-09	-3.5741e-09	-7.3e-13	3.2572e-07	-3.2466e-07	2.8993e-09	-3.7704e-09	3e-14	3.2548e-07	-3.246e-07	3.2693e-09	-3.9754e-09	-7.5e-13	3.2534e-07	-3.2462e-07	3.6145e-09	-4.176e-09	1e-14	3.2514e-07	-3.246e-07	3.9312e-09	-4.3994e-09	4.4e-13	3.2524e-07	-3.247e-07	4.3979e-09	-4.6286e-09	-2.3e-13	3.2488e-07	-3.2464e-07	4.8043e-09	-4.8598e-09	-8.7e-13	3.2462e-07	-3.2452e-07	5.2317e-09	-5.1132e-09	-1.57e-12	3.2434e-07	-3.2448e-07	5.6813e-09	-5.3735e-09	-4.5e-13	3.241e-07	-3.2442e-07	6.1658e-09	-5.6543e-09	-4.7e-13	3.2398e-07	-3.2448e-07
0.07	2.3001e-09	-3.4364e-09	-7.4e-13	3.2596e-07	-3.2486e-07	2.6382e-09	-3.6623e-09	-1.29e-12	3.2576e-07	-3.247e-07	3.0038e-09	-3.8642e-09	-1.4e-13	3.2542e-07	-3.246e-07	3.3694e-09	-4.0745e-09	1e-13	3.253e-07	-3.247e-07	3.7189e-09	-4.2845e-09	-3e-13	3.2522e-07	-3.2466e-07	4.1131e-09	-4.507e-09	-5.8e-13	3.2504e-07	-3.2468e-07	4.5118e-09	-4.7492e-09	-7.5e-13	3.2486e-07	-3.2454e-07	4.9113e-09	-4.9794e-09	-1e-13	3.2456e-07	-3.2448e-07	5.3543e-09	-5.2363e-09	-3e-13	3.2446e-07	-3.2458e-07	5.8144e-09	-5.5068e-09	-7.6e-13	3.2414e-07	-3.2442e-07	6.3003e-09	-5.7904e-09	-9.1e-13	3.2396e-07	-3.2446e-07
0.065	2.3912e-09	-3.5341e-09	4.1e-13	3.2592e-07	-3.249e-07	2.736e-09	-3.7646e-09	-9.5e-13	3.2572e-07	-3.2472e-07	3.1051e-09	-3.9603e-09	-2e-13	3.255e-07	-3.246e-07	3.4691e-09	-4.1772e-09	-4.7e-13	3.254e-07	-3.2466e-07	3.8229e-09	-4.3891e-09	-1.54e-12	3.2522e-07	-3.2462e-07	4.2249e-09	-4.6227e-09	-1.32e-12	3.2504e-07	-3.247e-07	4.6268e-09	-4.8624e-09	-8.7e-13	3.2486e-07	-3.2466e-07	5.038e-09	-5.1022e-09	-6.2e-13	3.2456e-07	-3.2454e-07	5.4812e-09	-5.3731e-09	-1.08e-12	3.2434e-07	-3.2448e-07	5.9442e-09	-5.6409e-09	5.3e-13	3.2412e-07	-3.2454e-07	6.4449e-09	-5.9349e-09	-1.22e-12	3.2392e-07	-3.2442e-07
0.06	2.4979e-09	-3.6251e-09	-3.9e-13	3.2598e-07	-3.249e-07	2.8384e-09	-3.8568e-09	8.9e-13	3.2572e-07	-3.2472e-07	3.2036e-09	-4.0639e-09	-5.8e-13	3.2554e-07	-3.2466e-07	3.5836e-09	-4.289e-09	-9.9e-13	3.2534e-07	-3.2462e-07	3.9362e-09	-4.4993e-09	-1.17e-12	3.2516e-07	-3.2464e-07	4.3392e-09	-4.7336e-09	2.2e-13	3.2506e-07	-3.2468e-07	4.7457e-09	-4.9853e-09	1.14e-12	3.2484e-07	-3.246e-07	5.1634e-09	-5.2297e-09	-1e-13	3.245e-07	-3.2448e-07	5.6128e-09	-5.5014e-09	-4.6e-13	3.2434e-07	-3.2448e-07	6.0897e-09	-5.7786e-09	-1.06e-12	3.2412e-07	-3.2444e-07	6.5922e-09	-6.0764e-09	-1.6e-12	3.2394e-07	-3.2444e-07
0.055	2.5856e-09	-3.7183e-09	-3.7e-13	3.2602e-07	-3.2492e-07	2.937e-09	-3.9612e-09	2e-13	3.2576e-07	-3.2466e-07	3.3154e-09	-4.169e-09	-1.1e-13	3.2548e-07	-3.2468e-07	3.6901e-09	-4.3957e-09	2e-14	3.254e-07	-3.2464e-07	4.0578e-09	-4.6195e-09	-4.3e-13	3.2518e-07	-3.246e-07	4.4577e-09	-4.8528e-09	6.7e-13	3.2504e-07	-3.2466e-07	4.8694e-09	-5.1085e-09	-3.8e-13	3.2486e-07	-3.246e-07	5.3024e-09	-5.3637e-09	-5.6e-13	3.2462e-07	-3.2454e-07	5.7558e-09	-5.6396e-09	3e-14	3.2444e-07	-3.2452e-07	6.2332e-09	-5.9212e-09	-6.7e-13	3.2414e-07	-3.2442e-07	6.7326e-09	-6.2194e-09	-4.4e-13	3.2394e-07	-3.2448e-07
0.05	2.7109e-09	-3.8568e-09	0	3.2598e-07	-3.249e-07	3.0372e-09	-4.0597e-09	-4.8e-13	3.2578e-07	-3.2468e-07	3.4025e-09	-4.2726e-09	-4.6e-13	3.2548e-07	-3.2464e-07	3.8136e-09	-4.5079e-09	-4.6e-13	3.2526e-07	-3.2454e-07	4.1781e-09	-4.7358e-09	-1.9e-13	3.2524e-07	-3.2464e-07	4.5799e-09	-4.97e-09	2.5e-13	3.2504e-07	-3.246e-07	4.9958e-09	-5.2347e-09	-2.2e-12	3.249e-07	-3.2458e-07	5.4368e-09	-5.4998e-09	5.2e-13	3.2462e-07	-3.2454e-07	5.8893e-09	-5.7818e-09	5e-14	3.2434e-07	-3.2448e-07	6.3742e-09	-6.0716e-09	3.1e-13	3.2416e-07	-3.2442e-07	6.8814e-09	-6.3695e-09	-6.4e-13	3.24e-07	-3.245e-07
0.045	2.8217e-09	-3.9588e-09	1e-14	3.26e-07	-3.2482e-07	3.1376e-09	-4.164e-09	-1.16e-12	3.257e-07	-3.2472e-07	3.5211e-09	-4.3913e-09	-1.73e-12	3.2546e-07	-3.2458e-07	3.9176e-09	-4.6221e-09	-1.2e-12	3.2528e-07	-3.2458e-07	4.2989e-09	-4.8679e-09	-8.3e-13	3.2518e-07	-3.2462e-07	4.7046e-09	-5.0945e-09	-1.03e-12	3.2508e-07	-3.2472e-07	5.1216e-09	-5.3642e-09	-7.2e-13	3.2482e-07	-3.2458e-07	5.5653e-09	-5.6278e-09	7.5e-13	3.2452e-07	-3.2446e-07	6.0304e-09	-5.9196e-09	1.1e-13	3.2442e-07	-3.2444e-07	6.5283e-09	-6.2176e-09	-1.9e-13	3.241e-07	-3.2446e-07	7.032e-09	-6.5376e-09	-1.4e-13	3.2402e-07	-3.244e-07
0.04	2.9277e-09	-4.0581e-09	-4e-13	3.2602e-07	-3.2494e-07	3.2505e-09	-4.2765e-09	-5.7e-13	3.2572e-07	-3.2468e-07	3.6256e-09	-4.4996e-09	-8.9e-13	3.2548e-07	-3.2466e-07	4.0206e-09	-4.7346e-09	-1.61e-12	3.2528e-07	-3.2456e-07	4.4294e-09	-4.9884e-09	-9.5e-13	3.2518e-07	-3.246e-07	4.8279e-09	-5.2228e-09	-1.03e-12	3.2504e-07	-3.247e-07	5.2556e-09	-5.4963e-09	5.8e-13	3.249e-07	-3.246e-07	5.7176e-09	-5.7726e-09	-1e-12	3.2454e-07	-3.2452e-07	6.1813e-09	-6.0701e-09	-9.9e-13	3.2434e-07	-3.2442e-07	6.6713e-09	-6.3648e-09	-9.2e-13	3.2406e-07	-3.244e-07	7.198e-09	-6.6937e-09	-4.3e-13	3.24e-07	-3.2452e-07
0.035	3.0146e-09	-4.1643e-09	-6e-14	3.26e-07	-3.2488e-07	3.3569e-09	-4.3842e-09	2.2e-13	3.257e-07	-3.2468e-07	3.741e-09	-4.6095e-09	1.3e-13	3.2544e-07	-3.2458e-07	4.152e-09	-4.8567e-09	-2.1e-13	3.253e-07	-3.2466e-07	4.5584e-09	-5.1172e-09	-3e-13	3.2516e-07	-3.247e-07	4.9635e-09	-5.354e-09	1.06e-12	3.2506e-07	-3.246e-07	5.3943e-09	-5.6268e-09	1e-13	3.2486e-07	-3.2464e-07	5.8574e-09	-5.9085e-09	-1.53e-12	3.2458e-07	-3.2446e-07	6.3127e-09	-6.2026e-09	-3.5e-13	3.244e-07	-3.245e-07	6.8263e-09	-6.5176e-09	-1.42e-12	3.2406e-07	-3.2432e-07	7.3925e-09	-6.8783e-09	-1.27e-12	3.2396e-07	-3.245e-07
0.03	3.1289e-09	-4.2814e-09	6e-13	3.26e-07	-3.248e-07	3.4763e-09	-4.4957e-09	-4.8e-13	3.257e-07	-3.2476e-07	3.86e-09	-4.7315e-09	-9.9e-13	3.2548e-07	-3.2466e-07	4.2693e-09	-4.9795e-09	-4e-14	3.2528e-07	-3.2454e-07	4.6738e-09	-5.2398e-09	4.2e-13	3.2518e-07	-3.2464e-07	5.0853e-09	-5.4923e-09	-8.9e-13	3.251e-07	-3.247e-07	5.533e-09	-5.7629e-09	-1.71e-12	3.2486e-07	-3.2464e-07	5.9943e-09	-6.0556e-09	-3.8e-13	3.2452e-07	-3.2446e-07	6.4306e-09	-6.347e-09	-4.3e-13	3.2444e-07	-3.2448e-07	6.9854e-09	-6.6882e-09	2.6e-13	3.241e-07	-3.2436e-07	7.5503e-09	-7.0463e-09	2.6e-13	3.24e-07	-3.245e-07
0.025	3.2429e-09	-4.3864e-09	-9.1e-13	3.26e-07	-3.2482e-07	3.5896e-09	-4.6153e-09	-1.32e-12	3.2576e-07	-3.2472e-07	3.969e-09	-4.8467e-09	-1.24e-12	3.2552e-07	-3.246e-07	4.3907e-09	-5.1014e-09	-9.7e-13	3.252e-07	-3.2454e-07	4.8039e-09	-5.368e-09	1.3e-13	3.251e-07	-3.2462e-07	5.2274e-09	-5.6257e-09	-1.2e-12	3.2498e-07	-3.2458e-07	5.6793e-09	-5.9111e-09	-2e-13	3.2482e-07	-3.2458e-07	6.1373e-09	-6.1982e-09	1.24e-12	3.2456e-07	-3.2448e-07	6.6232e-09	-6.5134e-09	-7e-14	3.2444e-07	-3.245e-07	7.146e-09	-6.8387e-09	-3.1e-13	3.241e-07	-3.2442e-07	7.6905e-09	-7.1867e-09	1.1e-12	3.2398e-07	-3.245e-07
0.02	3.3558e-09	-4.5038e-09	-4.8e-13	3.26e-07	-3.249e-07	3.7081e-09	-4.7278e-09	-4.5e-13	3.257e-07	-3.247e-07	4.0987e-09	-4.966e-09	-4.7e-13	3.2538e-07	-3.2452e-07	4.5087e-09	-5.2274e-09	-1.23e-12	3.2532e-07	-3.2458e-07	4.9524e-09	-5.5069e-09	-8.2e-13	3.2518e-07	-3.2464e-07	5.3509e-09	-5.7647e-09	-5e-13	3.2502e-07	-3.246e-07	5.8494e-09	-6.0791e-09	-4e-14	3.2486e-07	-3.2462e-07	6.2917e-09	-6.3554e-09	-1.19e-12	3.2448e-07	-3.2442e-07	6.7828e-09	-6.67e-09	-8.6e-13	3.2428e-07	-3.2446e-07	7.312e-09	-6.9997e-09	-2.7e-13	3.2408e-07	-3.244e-07	7.8678e-09	-7.3557e-09	-1.3e-13	3.2396e-07	-3.2446e-07
0.015	3.4688e-09	-4.6127e-09	1.7e-13	3.2604e-07	-3.2488e-07	3.8243e-09	-4.845e-09	-7.7e-13	3.2572e-07	-3.2478e-07	4.214e-09	-5.0854e-09	-4.7e-13	3.2552e-07	-3.2466e-07	4.6408e-09	-5.354e-09	5.5e-13	3.2524e-07	-3.246e-07	5.0785e-09	-5.638e-09	5.6e-13	3.2518e-07	-3.2464e-07	5.5015e-09	-5.9103e-09	-5.2e-13	3.25e-07	-3.246e-07	5.9929e-09	-6.2393e-09	-1e-13	3.2488e-07	-3.2456e-07	6.4461e-09	-6.5079e-09	-1.11e-12	3.245e-07	-3.2442e-07	6.9409e-09	-6.835e-09	-7.1e-13	3.2438e-07	-3.2448e-07	7.4752e-09	-7.1755e-09	-1.98e-12	3.2414e-07	-3.2448e-07	8.0762e-09	-7.5726e-09	-1.48e-12	3.2398e-07	-3.2442e-07
0.01	3.569e-09	-4.7237e-09	2e-14	3.26e-07	-3.2484e-07	3.9428e-09	-4.9596e-09	-3.3e-13	3.2572e-07	-3.2476e-07	4.3518e-09	-5.2184e-09	-6.5e-13	3.2552e-07	-3.246e-07	4.7677e-09	-5.4831e-09	1.8e-12	3.253e-07	-3.2458e-07	5.2058e-09	-5.7735e-09	3.3e-13	3.2518e-07	-3.246e-07	5.642e-09	-6.0493e-09	4.3e-13	3.2494e-07	-3.2454e-07	6.15e-09	-6.3888e-09	-3.5e-13	3.2486e-07	-3.2456e-07	6.6113e-09	-6.6733e-09	5.5e-13	3.2452e-07	-3.2444e-07	7.1385e-09	-7.0425e-09	3e-14	3.243e-07	-3.2444e-07	7.6535e-09	-7.3487e-09	1.6e-13	3.2416e-07	-3.2446e-07	8.262e-09	-7.7524e-09	3e-13	3.2392e-07	-3.2448e-07
0.005	3.6952e-09	-4.8465e-09	-1.6e-12	3.2604e-07	-3.2486e-07	4.0706e-09	-5.0987e-09	6.4e-13	3.257e-07	-3.247e-07	4.4869e-09	-5.3577e-09	0	3.2552e-07	-3.2464e-07	4.9089e-09	-5.6206e-09	-6.7e-13	3.2526e-07	-3.2452e-07	5.359e-09	-5.9235e-09	-1.05e-12	3.2524e-07	-3.2466e-07	5.8005e-09	-6.2056e-09	-1.28e-12	3.25e-07	-3.246e-07	6.3015e-09	-6.5342e-09	-1.12e-12	3.2482e-07	-3.246e-07	6.78e-09	-6.847e-09	1.75e-12	3.2452e-07	-3.2446e-07	7.2902e-09	-7.1953e-09	-7.4e-13	3.2428e-07	-3.2442e-07	7.8261e-09	-7.5185e-09	3.2e-13	3.2416e-07	-3.2448e-07	8.4274e-09	-7.924e-09	-2.9e-13	3.2386e-07	-3.2446e-07
0	3.8107e-09	-4.9731e-09	-1.62e-12	3.2606e-07	-3.2488e-07	4.2008e-09	-5.2295e-09	-2.2e-13	3.2584e-07	-3.2478e-07	4.6421e-09	-5.5103e-09	9.4e-13	3.255e-07	-3.2458e-07	5.0763e-09	-5.792e-09	-2.33e-12	3.2532e-07	-3.2456e-07	5.4907e-09	-6.0583e-09	-1.07e-12	3.2522e-07	-3.247e-07	5.9464e-09	-6.3599e-09	4e-14	3.2498e-07	-3.2458e-07	6.4638e-09	-6.6993e-09	-9.2e-13	3.248e-07	-3.246e-07	6.9314e-09	-7.0096e-09	-2.5e-13	3.2452e-07	-3.2442e-07	7.4801e-09	-7.3797e-09	-2.7e-13	3.243e-07	-3.2436e-07	8.0018e-09	-7.6935e-09	-9.8e-13	3.2416e-07	-3.2442e-07	8.6255e-09	-8.1194e-09	-9.5e-13	3.2402e-07	-3.2452e-07
