I/V Sweep,id_vds_P
RecordTime,03/11/2025 12:12:48
Device ID,
Count,1
Flag,
Remarks,
vd,vg,id,ig,is,iavdd,ignd
0,0,-0.099980000000000013,-1.9577E-09,0.10000400000000001,3.7742E-07,-3.3326E-07
0.005,0,-0.099978000000000011,-1.9656E-09,0.10000600000000001,3.7816E-07,-3.3404E-07
0.01,0,-0.099982000000000015,-1.9688E-09,0.10000400000000001,3.774E-07,-3.3345999999999997E-07
0.015000000000000001,0,-0.099980000000000013,-1.975E-09,0.10000600000000001,3.7622E-07,-3.3372E-07
0.02,0,-0.099978000000000011,-1.9788E-09,0.10000600000000001,3.7561999999999997E-07,-3.3386E-07
0.025,0,-0.099982000000000015,-1.9834E-09,0.10000600000000001,3.762E-07,-3.3401999999999997E-07
0.030000000000000002,0,-0.099978000000000011,-1.9893E-09,0.10000400000000001,3.7544E-07,-3.3415999999999997E-07
0.035,0,-0.099980000000000013,-1.9912E-09,0.10000600000000001,3.7342E-07,-3.3424E-07
0.04,0,-0.099980000000000013,-1.9958E-09,0.10000400000000001,3.7276E-07,-3.3436E-07
0.045000000000000005,0,-0.099978000000000011,-2.0051E-09,0.10000400000000001,3.7206E-07,-3.3436E-07
0.05,0,-0.099978000000000011,-2.0088E-09,0.10000400000000001,3.7127999999999997E-07,-3.3443999999999997E-07
0.055,0,-0.099978000000000011,-2.0153E-09,0.10000600000000001,3.7064E-07,-3.3448E-07
0.060000000000000005,0,-0.099978000000000011,-2.0213E-09,0.10000400000000001,3.699E-07,-3.346E-07
0.065,0,-0.099978000000000011,-2.0229E-09,0.10000400000000001,3.6926E-07,-3.346E-07
0.07,0,-0.099980000000000013,-2.029E-09,0.10000400000000001,3.6844E-07,-3.3468E-07
0.075,0,-0.099978000000000011,-2.0378E-09,0.10000600000000001,3.6788E-07,-3.352E-07
0.08,0,-0.099982000000000015,-2.0381E-09,0.10000400000000001,3.6711999999999997E-07,-3.3466E-07
0.085,0,-0.099980000000000013,-2.0473E-09,0.10000400000000001,3.6652E-07,-3.3462E-07
0.090000000000000011,0,-0.099980000000000013,-2.0569E-09,0.10000600000000001,3.6576E-07,-3.346E-07
0.095,0,-0.099978000000000011,-2.0567E-09,0.10000400000000001,3.6508E-07,-3.3468E-07
0.1,0,-0.099980000000000013,-2.0646E-09,0.10000600000000001,3.6426E-07,-3.3442E-07
0.10500000000000001,0,-0.099980000000000013,-2.0729E-09,0.10000200000000001,3.6374E-07,-3.3448E-07
0.11,0,-0.099978000000000011,-2.0766E-09,0.10000400000000001,3.641E-07,-3.3448E-07
0.115,0,-0.099978000000000011,-2.084E-09,0.10000600000000001,3.6246E-07,-3.3448E-07
0.12000000000000001,0,-0.099980000000000013,-2.0899E-09,0.10000600000000001,3.6178E-07,-3.3443999999999997E-07
0.125,0,-0.099978000000000011,-2.0937E-09,0.10000400000000001,3.6118E-07,-3.3448E-07
0.13,0,-0.099978000000000011,-2.1015E-09,0.10000400000000001,3.6064E-07,-3.3443999999999997E-07
0.135,0,-0.099978000000000011,-2.1063E-09,0.10000400000000001,3.5997999999999997E-07,-3.344E-07
0.14,0,-0.099980000000000013,-2.1157E-09,0.10000400000000001,3.5936E-07,-3.3436E-07
0.14500000000000002,0,-0.099978000000000011,-2.1224E-09,0.10000400000000001,3.5876E-07,-3.3436E-07
0.15,0,-0.099978000000000011,-2.1284E-09,0.10000400000000001,3.582E-07,-3.3438E-07
0.155,0,-0.099978000000000011,-2.1353E-09,0.099948000000000009,3.577E-07,-3.3432E-07
0.16,0,-0.099800000000000014,-2.1402E-09,0.099822000000000008,3.5724E-07,-3.3432E-07
0.165,0,-0.09968,-2.143E-09,0.099704000000000015,3.5661999999999997E-07,-3.3429999999999997E-07
0.17,0,-0.099550000000000013,-2.1502E-09,0.09958,3.5616E-07,-3.3426E-07
0.17500000000000002,0,-0.099418,-2.1538E-09,0.099444,3.556E-07,-3.342E-07
0.18000000000000002,0,-0.09929,-2.16E-09,0.099314000000000013,3.5508E-07,-3.342E-07
0.185,0,-0.099160000000000012,-2.167E-09,0.099182,3.5458E-07,-3.3406E-07
0.19,0,-0.09903,-2.1748E-09,0.099054,3.5404E-07,-3.3396E-07
0.195,0,-0.09889,-2.1756E-09,0.098918,3.5364E-07,-3.3398E-07
0.2,0,-0.098760000000000014,-2.1848E-09,0.098784000000000011,3.531E-07,-3.339E-07
0.20500000000000002,0,-0.098620000000000013,-2.1938E-09,0.098648000000000013,3.5258E-07,-3.3384E-07
0.21000000000000002,0,-0.098476000000000008,-2.1962E-09,0.0985,3.5206E-07,-3.3382E-07
0.215,0,-0.098334,-2.204E-09,0.098358000000000015,3.5161999999999997E-07,-3.3378E-07
0.22,0,-0.098190000000000013,-2.2093E-09,0.098218000000000014,3.5122E-07,-3.3372E-07
0.225,0,-0.098038000000000014,-2.2128E-09,0.09807,3.5076E-07,-3.3366E-07
0.23,0,-0.097886000000000015,-2.2232E-09,0.097914000000000015,3.5032E-07,-3.3364E-07
0.23500000000000001,0,-0.097738,-2.2307E-09,0.097758000000000012,3.499E-07,-3.3356E-07
0.24000000000000002,0,-0.09757600000000001,-2.2438E-09,0.097602000000000008,3.4948E-07,-3.3352E-07
0.24500000000000002,0,-0.097418,-2.2496E-09,0.097442000000000015,3.4912E-07,-3.3345999999999997E-07
0.25,0,-0.097248000000000015,-2.2556E-09,0.097272000000000011,3.4856E-07,-3.3336E-07
0.255,0,-0.097078000000000012,-2.2641E-09,0.097102000000000008,3.4818E-07,-3.333E-07
0.26,0,-0.096906,-2.2712E-09,0.096928000000000014,3.4783999999999997E-07,-3.3326E-07
0.265,0,-0.096726,-2.278E-09,0.096758000000000011,3.4734E-07,-3.331E-07
0.27,0,-0.096546,-2.2879E-09,0.09657,3.4699999999999997E-07,-3.3306E-07
0.275,0,-0.096360000000000015,-2.2958E-09,0.09639,3.466E-07,-3.3302E-07
0.28,0,-0.096166,-2.3044E-09,0.096196,3.461E-07,-3.3286E-07
0.28500000000000003,0,-0.095974,-2.3151E-09,0.096002,3.4576E-07,-3.3275999999999997E-07
0.29000000000000004,0,-0.095770000000000008,-2.326E-09,0.095798000000000008,3.4544E-07,-3.3268E-07
0.29500000000000004,0,-0.09556400000000001,-2.3351E-09,0.095586,3.4498E-07,-3.3268E-07
0.3,0,-0.095346000000000014,-2.3449E-09,0.095372000000000012,3.4474E-07,-3.3261999999999997E-07
0.305,0,-0.09513,-2.3545E-09,0.09514800000000001,3.4432E-07,-3.3252E-07
0.31,0,-0.094896000000000008,-2.369E-09,0.09492,3.4396E-07,-3.3247999999999997E-07
0.315,0,-0.094652000000000014,-2.3824E-09,0.094686,3.4358E-07,-3.3236E-07
0.32,0,-0.094418,-2.3915E-09,0.094448,3.4321999999999997E-07,-3.3224E-07
0.325,0,-0.09417,-2.4034E-09,0.094192000000000012,3.4296E-07,-3.3219999999999997E-07
0.33,0,-0.093906,-2.4179E-09,0.093930000000000013,3.426E-07,-3.3208E-07
0.335,0,-0.093634000000000009,-2.429E-09,0.093660000000000007,3.423E-07,-3.3205999999999997E-07
0.34,0,-0.093360000000000012,-2.4472E-09,0.093386000000000011,3.4194E-07,-3.3196E-07
0.34500000000000003,0,-0.093070000000000014,-2.4622E-09,0.093096000000000012,3.4172E-07,-3.3184E-07
0.35000000000000003,0,-0.092778000000000013,-2.4732E-09,0.092804000000000011,3.413E-07,-3.3176E-07
0.35500000000000004,0,-0.092464,-2.4917E-09,0.092488000000000015,3.41E-07,-3.3163999999999997E-07
0.36000000000000004,0,-0.092146,-2.507E-09,0.092172,3.4062E-07,-3.3156E-07
0.365,0,-0.09181,-2.5239E-09,0.091836000000000015,3.403E-07,-3.3144E-07
0.37,0,-0.091476,-2.5426E-09,0.091504,3.3998E-07,-3.3128E-07
0.375,0,-0.09112,-2.5571E-09,0.091140000000000013,3.3972E-07,-3.3126E-07
0.38,0,-0.090754,-2.5745E-09,0.090776000000000009,3.3952E-07,-3.3112E-07
0.385,0,-0.09037400000000001,-2.5976E-09,0.090400000000000008,3.3919999999999997E-07,-3.3106E-07
0.39,0,-0.089984000000000008,-2.6166E-09,0.090006,3.3886E-07,-3.3098E-07
0.395,0,-0.089574000000000015,-2.6373E-09,0.089608000000000007,3.3858E-07,-3.3093999999999997E-07
0.4,0,-0.089166000000000009,-2.658E-09,0.089188,3.3832E-07,-3.3078E-07
0.405,0,-0.088740000000000013,-2.6814E-09,0.088758,3.38E-07,-3.3065999999999997E-07
0.41000000000000003,0,-0.088302,-2.7056E-09,0.088326,3.3772E-07,-3.3065999999999997E-07
0.41500000000000004,0,-0.087838000000000013,-2.7245E-09,0.087864000000000012,3.3748E-07,-3.3048E-07
0.42000000000000004,0,-0.087374000000000007,-2.7499E-09,0.087404000000000009,3.3728E-07,-3.3042E-07
0.42500000000000004,0,-0.086890000000000009,-2.7729E-09,0.08691,3.3698E-07,-3.3032E-07
0.43,0,-0.086396000000000014,-2.7982E-09,0.086418000000000009,3.3674E-07,-3.3023999999999997E-07
0.435,0,-0.085890000000000008,-2.8232E-09,0.085910000000000014,3.3646E-07,-3.3012E-07
0.44,0,-0.085368000000000013,-2.8489E-09,0.085388,3.3622E-07,-3.3002E-07
0.445,0,-0.084828,-2.8764E-09,0.084848,3.3606E-07,-3.3002E-07
0.45,0,-0.084278,-2.9039E-09,0.084304,3.3583999999999997E-07,-3.2988E-07
0.455,0,-0.083712000000000009,-2.9326E-09,0.083734,3.3555999999999997E-07,-3.2981999999999997E-07
0.46,0,-0.08314,-2.9651E-09,0.083166,3.353E-07,-3.297E-07
0.465,0,-0.08254800000000001,-2.9911E-09,0.082572,3.3502E-07,-3.296E-07
0.47000000000000003,0,-0.081948000000000007,-3.0256E-09,0.081974,3.3485999999999997E-07,-3.2944E-07
0.47500000000000003,0,-0.081328000000000011,-3.0538E-09,0.081352000000000008,3.3464E-07,-3.2942E-07
0.48000000000000004,0,-0.080704000000000012,-3.0854E-09,0.080734,3.344E-07,-3.2925999999999997E-07
0.48500000000000004,0,-0.080058,-3.1197E-09,0.080088,3.3422E-07,-3.292E-07
0.49000000000000005,0,-0.079410000000000008,-3.1528E-09,0.079432,3.3394E-07,-3.2908E-07
0.49500000000000005,0,-0.07874,-3.1859E-09,0.078764,3.3368E-07,-3.289E-07
0.5,0,-0.078064000000000008,-3.2264E-09,0.078092000000000009,3.3354E-07,-3.2882E-07
0.505,0,-0.077370000000000008,-3.2588E-09,0.077392,3.3328E-07,-3.2883999999999997E-07
0.51,0,-0.076666000000000012,-3.2917E-09,0.076698,3.331E-07,-3.2872E-07
0.515,0,-0.075948,-3.3371E-09,0.075976,3.3288E-07,-3.286E-07
0.52,0,-0.075226,-3.372E-09,0.075258,3.3274E-07,-3.285E-07
0.525,0,-0.074486000000000011,-3.4111E-09,0.074516000000000013,3.3252E-07,-3.2841999999999997E-07
0.53,0,-0.073748000000000008,-3.4496E-09,0.073776000000000008,3.3228E-07,-3.283E-07
0.535,0,-0.072988000000000011,-3.4886E-09,0.073012000000000007,3.321E-07,-3.2818E-07
0.54,0,-0.072222000000000008,-3.5332E-09,0.072250000000000009,3.3186E-07,-3.281E-07
0.545,0,-0.07144,-3.5762E-09,0.07146000000000001,3.317E-07,-3.2802E-07
0.55,0,-0.070652,-3.6131E-09,0.07068,3.3154E-07,-3.2799999999999997E-07
0.555,0,-0.069864000000000009,-3.654E-09,0.069890000000000008,3.3142E-07,-3.2788E-07
0.56,0,-0.069048000000000012,-3.6993E-09,0.06907400000000001,3.3116E-07,-3.2778E-07
0.56500000000000006,0,-0.068232,-3.7426E-09,0.068256000000000011,3.3104E-07,-3.276E-07
0.57000000000000006,0,-0.067406000000000008,-3.7904E-09,0.067428,3.3086E-07,-3.275E-07
0.57500000000000007,0,-0.066572,-3.8351E-09,0.066596,3.306E-07,-3.2754E-07
0.58000000000000007,0,-0.065724,-3.8876E-09,0.065744000000000011,3.3048E-07,-3.2742E-07
0.58500000000000008,0,-0.064874,-3.9331E-09,0.0649,3.3036E-07,-3.2736E-07
0.59000000000000008,0,-0.064,-3.9867E-09,0.064024000000000011,3.3022E-07,-3.2722E-07
0.595,0,-0.063132000000000008,-4.0377E-09,0.06316200000000001,3.2995999999999997E-07,-3.2722E-07
0.6,0,-0.062254000000000004,-4.0864E-09,0.062276000000000005,3.2986E-07,-3.2708E-07
0.605,0,-0.061370000000000008,-4.1373E-09,0.0614,3.2972E-07,-3.2698E-07
0.61,0,-0.06047,-4.189E-09,0.060500000000000005,3.2956E-07,-3.2682E-07
0.615,0,-0.059574,-4.2425E-09,0.059600000000000007,3.2936E-07,-3.2684E-07
0.62,0,-0.058654000000000005,-4.2879E-09,0.058686,3.2922E-07,-3.2668E-07
0.625,0,-0.057746000000000006,-4.3448E-09,0.057778,3.2906E-07,-3.2664E-07
0.63,0,-0.05682,-4.4015E-09,0.056844000000000006,3.2897999999999997E-07,-3.2654E-07
0.635,0,-0.055900000000000005,-4.4557E-09,0.055924,3.2869999999999997E-07,-3.2644E-07
0.64,0,-0.054950000000000006,-4.512E-09,0.054976000000000004,3.2864E-07,-3.2631999999999997E-07
0.645,0,-0.054018000000000004,-4.5719E-09,0.054040000000000005,3.2846E-07,-3.2626E-07
0.65,0,-0.053062000000000005,-4.632E-09,0.053082000000000004,3.283E-07,-3.262E-07
0.655,0,-0.052104000000000004,-4.6884E-09,0.05213,3.2822E-07,-3.2612E-07
0.66,0,-0.051140000000000005,-4.758E-09,0.051166,3.2802E-07,-3.2598E-07
0.665,0,-0.050182000000000004,-4.8143E-09,0.050208,3.2798E-07,-3.2603999999999997E-07
0.67,0,-0.049200000000000008,-4.8782E-09,0.049228,3.2788E-07,-3.2592E-07
0.675,0,-0.048228000000000007,-4.9406E-09,0.048256000000000007,3.277E-07,-3.2582E-07
0.68,0,-0.047240000000000004,-5.0053E-09,0.047264000000000007,3.2756E-07,-3.2574E-07
0.685,0,-0.046256000000000005,-5.0667E-09,0.04628,3.2743999999999997E-07,-3.2566E-07
0.69000000000000006,0,-0.045264000000000006,-5.1276E-09,0.045292000000000006,3.2732E-07,-3.257E-07
0.69500000000000006,0,-0.044262,-5.1944E-09,0.044280000000000007,3.2715999999999997E-07,-3.2562E-07
0.70000000000000007,0,-0.043262,-5.2636E-09,0.043286000000000005,3.2715999999999997E-07,-3.2558E-07
0.70500000000000007,0,-0.042242,-5.3338E-09,0.042264,3.2704E-07,-3.2552E-07
0.71000000000000008,0,-0.041232000000000005,-5.4055E-09,0.041264,3.2696E-07,-3.2536E-07
0.71500000000000008,0,-0.040208,-5.4764E-09,0.040232000000000004,3.2673999999999997E-07,-3.2538E-07
0.72000000000000008,0,-0.039196,-5.5464E-09,0.039220000000000005,3.2668E-07,-3.2528E-07
0.72500000000000009,0,-0.038162,-5.6241E-09,0.038184,3.2656E-07,-3.2516E-07
0.73,0,-0.03713,-5.7091E-09,0.037154000000000006,3.2652E-07,-3.2516E-07
0.735,0,-0.036086,-5.7739E-09,0.036108,3.2636E-07,-3.251E-07
0.74,0,-0.035054,-5.8431E-09,0.035084000000000004,3.2626E-07,-3.2498E-07
0.745,0,-0.034004,-5.9172E-09,0.034028,3.2631999999999997E-07,-3.2502E-07
0.75,0,-0.032962000000000005,-5.9958E-09,0.032978,3.2603999999999997E-07,-3.2492E-07
0.755,0,-0.031918,-6.0824E-09,0.031936000000000006,3.2592E-07,-3.248E-07
0.76,0,-0.030852000000000004,-6.158E-09,0.030882000000000003,3.2586E-07,-3.248E-07
0.765,0,-0.029802000000000002,-6.2389E-09,0.029822,3.2578E-07,-3.2474E-07
0.77,0,-0.028726,-6.3209E-09,0.028756000000000004,3.2572E-07,-3.2462E-07
0.775,0,-0.027676000000000003,-6.3998E-09,0.027692,3.256E-07,-3.2466E-07
0.78,0,-0.026594000000000003,-6.4816E-09,0.026626000000000004,3.255E-07,-3.2456E-07
0.785,0,-0.025532000000000003,-6.562E-09,0.025554000000000004,3.2538E-07,-3.2452E-07
0.79,0,-0.024446000000000002,-6.6515E-09,0.024470000000000002,3.2528E-07,-3.245E-07
0.795,0,-0.023378000000000003,-6.7316E-09,0.023402000000000003,3.2532E-07,-3.2442E-07
0.8,0,-0.022288000000000002,-6.818E-09,0.022316000000000003,3.2528E-07,-3.2446E-07
0.805,0,-0.021212,-6.9123E-09,0.021228,3.2514E-07,-3.243E-07
0.81,0,-0.020110000000000003,-7.0053E-09,0.020136,3.2504E-07,-3.2424E-07
0.81500000000000006,0,-0.019024000000000003,-7.0938E-09,0.019052000000000003,3.2496E-07,-3.2418E-07
0.82000000000000006,0,-0.017926,-7.1801E-09,0.01795,3.2472E-07,-3.2412E-07
0.82500000000000007,0,-0.016842000000000003,-7.2776E-09,0.016866000000000003,3.2468E-07,-3.2406E-07
0.83000000000000007,0,-0.015744,-7.3725E-09,0.015766000000000002,3.2462E-07,-3.2406E-07
0.83500000000000008,0,-0.014640000000000002,-7.4794E-09,0.014654000000000002,3.2454E-07,-3.24E-07
0.84000000000000008,0,-0.013544,-7.5616E-09,0.013566000000000002,3.2442E-07,-3.24E-07
0.84500000000000008,0,-0.012424000000000001,-7.6574E-09,0.012448,3.244E-07,-3.2398E-07
0.85000000000000009,0,-0.011328000000000001,-7.779E-09,0.011344000000000002,3.2438E-07,-3.2394E-07
0.85500000000000009,0,-0.010204000000000001,-7.8578E-09,0.010224,3.242E-07,-3.239E-07
0.86,0,-0.0091268000000000009,-7.9559E-09,0.0091272,3.2412E-07,-3.238E-07
0.865,0,-0.0080028000000000009,-8.0506E-09,0.0079998,3.2406E-07,-3.2386E-07
0.87,0,-0.0068902,-8.1539E-09,0.0068882000000000006,3.2404E-07,-3.2378E-07
0.875,0,-0.0057636,-8.2622E-09,0.005765,3.2394E-07,-3.2378E-07
0.88,0,-0.0046508,-8.3669E-09,0.0046486,3.239E-07,-3.2372E-07
0.885,0,-0.0035178,-8.4765E-09,0.003517,3.2372E-07,-3.2368E-07
0.89,0,-0.0023970000000000003,-8.5773E-09,0.0023988,3.2374E-07,-3.2366E-07
0.895,0,-0.001262,-8.6934E-09,0.0012642,3.2364E-07,-3.2366E-07
0.9,0,-0.00014204000000000002,-8.8045E-09,0.00014384,3.2352E-07,-3.2366E-07
0,0.15,-0.06745000000000001,-1.3317E-09,0.067526,3.8702E-07,-3.321E-07
0.005,0.15,-0.06744,-1.3331E-09,0.06746,3.8628E-07,-3.321E-07
0.01,0.15,-0.067358,-1.3375E-09,0.067386,3.8524E-07,-3.3216E-07
0.015000000000000001,0.15,-0.06728400000000001,-1.3392E-09,0.067304,3.8429999999999997E-07,-3.323E-07
0.02,0.15,-0.067206,-1.3388E-09,0.067236,3.8344E-07,-3.3233999999999997E-07
0.025,0.15,-0.067132000000000011,-1.3422E-09,0.067158000000000009,3.8238E-07,-3.324E-07
0.030000000000000002,0.15,-0.067058,-1.3452E-09,0.067072,3.8166E-07,-3.324E-07
0.035,0.15,-0.066980000000000012,-1.3473E-09,0.06700600000000001,3.8044E-07,-3.3242E-07
0.04,0.15,-0.066902,-1.3475E-09,0.066926,3.7962E-07,-3.324E-07
0.045000000000000005,0.15,-0.06682600000000001,-1.3477E-09,0.066848,3.7854E-07,-3.323E-07
0.05,0.15,-0.066748,-1.3498E-09,0.066772000000000012,3.778E-07,-3.3233999999999997E-07
0.055,0.15,-0.066662,-1.3542E-09,0.06669,3.7686E-07,-3.323E-07
0.060000000000000005,0.15,-0.066588000000000008,-1.3578E-09,0.066614,3.7602E-07,-3.3233999999999997E-07
0.065,0.15,-0.066512,-1.3546E-09,0.066538,3.7496E-07,-3.3222E-07
0.07,0.15,-0.066434000000000007,-1.3561E-09,0.066456,3.7434E-07,-3.323E-07
0.075,0.15,-0.06636,-1.3619E-09,0.066378,3.734E-07,-3.3228E-07
0.08,0.15,-0.066282000000000008,-1.365E-09,0.066304,3.7266E-07,-3.3226E-07
0.085,0.15,-0.066200000000000009,-1.3651E-09,0.066224,3.7178E-07,-3.3224E-07
0.090000000000000011,0.15,-0.06611800000000001,-1.3656E-09,0.06614,3.7078E-07,-3.3226E-07
0.095,0.15,-0.066038,-1.3678E-09,0.066066,3.7014E-07,-3.3216E-07
0.1,0.15,-0.065966000000000011,-1.3712E-09,0.065980000000000011,3.6926E-07,-3.321E-07
0.10500000000000001,0.15,-0.065884000000000012,-1.3749E-09,0.0659,3.6832E-07,-3.3218E-07
0.11,0.15,-0.065794,-1.3752E-09,0.065824000000000008,3.6766E-07,-3.3218E-07
0.115,0.15,-0.065722,-1.3753E-09,0.065738,3.6696E-07,-3.3205999999999997E-07
0.12000000000000001,0.15,-0.065638,-1.3764E-09,0.065664,3.6618E-07,-3.3204E-07
0.125,0.15,-0.065554,-1.3827E-09,0.065584,3.6534E-07,-3.3202E-07
0.13,0.15,-0.065476,-1.3849E-09,0.065494000000000011,3.6473999999999997E-07,-3.3191999999999997E-07
0.135,0.15,-0.065398000000000012,-1.3803E-09,0.06542400000000001,3.641E-07,-3.3194E-07
0.14,0.15,-0.065314000000000011,-1.3822E-09,0.065336,3.6322E-07,-3.3182E-07
0.14500000000000002,0.15,-0.065232000000000012,-1.3894E-09,0.06525,3.6258E-07,-3.3188E-07
0.15,0.15,-0.06515,-1.3921E-09,0.065176000000000012,3.6184E-07,-3.3182E-07
0.155,0.15,-0.06507,-1.3919E-09,0.065094,3.6128E-07,-3.3177999999999997E-07
0.16,0.15,-0.06498000000000001,-1.3942E-09,0.065012,3.6052E-07,-3.3182E-07
0.165,0.15,-0.0649,-1.3936E-09,0.06492,3.5988E-07,-3.3168E-07
0.17,0.15,-0.06481,-1.3986E-09,0.064836,3.5926E-07,-3.3163999999999997E-07
0.17500000000000002,0.15,-0.064736,-1.4044E-09,0.064756000000000008,3.5864E-07,-3.316E-07
0.18000000000000002,0.15,-0.064652,-1.4043E-09,0.064672000000000007,3.5806E-07,-3.3156E-07
0.185,0.15,-0.064568,-1.4015E-09,0.064592000000000011,3.5728E-07,-3.3149999999999997E-07
0.19,0.15,-0.064482000000000012,-1.405E-09,0.064506000000000008,3.5672E-07,-3.3148E-07
0.195,0.15,-0.064392,-1.4105E-09,0.064418,3.5619999999999997E-07,-3.3144E-07
0.2,0.15,-0.064306,-1.4151E-09,0.064338,3.5556E-07,-3.314E-07
0.20500000000000002,0.15,-0.064224,-1.4167E-09,0.064242000000000007,3.5502E-07,-3.313E-07
0.21000000000000002,0.15,-0.064132000000000008,-1.4132E-09,0.064164,3.5441999999999997E-07,-3.3132E-07
0.215,0.15,-0.064044,-1.416E-09,0.064074,3.5378E-07,-3.312E-07
0.22,0.15,-0.063962,-1.4257E-09,0.063984,3.5334E-07,-3.3121999999999997E-07
0.225,0.15,-0.06387000000000001,-1.4268E-09,0.063900000000000012,3.5273999999999997E-07,-3.3116E-07
0.23,0.15,-0.06378,-1.4284E-09,0.06381,3.5224E-07,-3.3098E-07
0.23500000000000001,0.15,-0.063698,-1.428E-09,0.063726,3.517E-07,-3.3096E-07
0.24000000000000002,0.15,-0.063608000000000012,-1.4304E-09,0.06363400000000001,3.5119999999999997E-07,-3.309E-07
0.24500000000000002,0.15,-0.063518,-1.437E-09,0.063538000000000011,3.5068E-07,-3.3092E-07
0.25,0.15,-0.06343,-1.4408E-09,0.063452000000000008,3.5021999999999997E-07,-3.3092E-07
0.255,0.15,-0.063338,-1.4443E-09,0.06336,3.4974E-07,-3.309E-07
0.26,0.15,-0.063248,-1.4419E-09,0.063268,3.4926E-07,-3.3084E-07
0.265,0.15,-0.063152,-1.4434E-09,0.063172,3.4881999999999997E-07,-3.3072E-07
0.27,0.15,-0.063058,-1.4546E-09,0.063090000000000007,3.4825999999999997E-07,-3.3065999999999997E-07
0.275,0.15,-0.062966000000000008,-1.4576E-09,0.06299,3.4788E-07,-3.3065999999999997E-07
0.28,0.15,-0.062874,-1.4546E-09,0.062902,3.4741999999999997E-07,-3.3062E-07
0.28500000000000003,0.15,-0.062784,-1.4551999999999999E-09,0.062808,3.4694E-07,-3.3046E-07
0.29000000000000004,0.15,-0.062688000000000008,-1.4615E-09,0.062716000000000008,3.4652E-07,-3.3048E-07
0.29500000000000004,0.15,-0.062596,-1.4675E-09,0.062618000000000007,3.4612E-07,-3.3042E-07
0.3,0.15,-0.062494000000000008,-1.4723E-09,0.062518,3.457E-07,-3.304E-07
0.305,0.15,-0.062400000000000004,-1.4728E-09,0.062428000000000004,3.453E-07,-3.3023999999999997E-07
0.31,0.15,-0.062302,-1.4714E-09,0.06233,3.4488E-07,-3.3023999999999997E-07
0.315,0.15,-0.062204,-1.477E-09,0.062228000000000006,3.4446E-07,-3.3014E-07
0.32,0.15,-0.062110000000000005,-1.4863E-09,0.062128,3.4408E-07,-3.3008E-07
0.325,0.15,-0.062000000000000006,-1.4909E-09,0.062026000000000005,3.4372E-07,-3.3004E-07
0.33,0.15,-0.061904000000000008,-1.4851E-09,0.06192,3.4326E-07,-3.2995999999999997E-07
0.335,0.15,-0.061796000000000004,-1.4887E-09,0.061824000000000004,3.429E-07,-3.2992E-07
0.34,0.15,-0.061700000000000005,-1.4981E-09,0.061716000000000007,3.425E-07,-3.299E-07
0.34500000000000003,0.15,-0.061594,-1.5046E-09,0.061614,3.4216E-07,-3.298E-07
0.35000000000000003,0.15,-0.06149,-1.5084E-09,0.061508000000000007,3.4178E-07,-3.2967999999999997E-07
0.35500000000000004,0.15,-0.061380000000000004,-1.5068E-09,0.0614,3.4152E-07,-3.2967999999999997E-07
0.36000000000000004,0.15,-0.061268,-1.5077E-09,0.061296,3.4108E-07,-3.2962E-07
0.365,0.15,-0.061158000000000004,-1.5165E-09,0.061188000000000006,3.4082E-07,-3.2956E-07
0.37,0.15,-0.061052,-1.5262E-09,0.061076000000000005,3.4048E-07,-3.2952E-07
0.375,0.15,-0.060940000000000008,-1.5282E-09,0.060964000000000004,3.4012E-07,-3.2942E-07
0.38,0.15,-0.060828000000000007,-1.5261E-09,0.060850000000000008,3.3974E-07,-3.293E-07
0.385,0.15,-0.060710000000000007,-1.5336E-09,0.060734,3.3952E-07,-3.293E-07
0.39,0.15,-0.060594,-1.5389E-09,0.060624000000000004,3.3919999999999997E-07,-3.292E-07
0.395,0.15,-0.060474000000000007,-1.5474E-09,0.060498,3.3877999999999997E-07,-3.292E-07
0.4,0.15,-0.060354000000000005,-1.5496E-09,0.06038,3.3852E-07,-3.291E-07
0.405,0.15,-0.060222000000000005,-1.5524E-09,0.060246000000000008,3.3826E-07,-3.2897999999999997E-07
0.41000000000000003,0.15,-0.060102,-1.5537E-09,0.060122,3.3796E-07,-3.2896E-07
0.41500000000000004,0.15,-0.059968000000000007,-1.5672E-09,0.059992000000000004,3.3772E-07,-3.289E-07
0.42000000000000004,0.15,-0.059842000000000006,-1.5758E-09,0.059860000000000003,3.374E-07,-3.2883999999999997E-07
0.42500000000000004,0.15,-0.059704000000000007,-1.5746E-09,0.059724000000000006,3.3704E-07,-3.2872E-07
0.43,0.15,-0.059568,-1.5754E-09,0.059582,3.3681999999999997E-07,-3.2872E-07
0.435,0.15,-0.059422,-1.5839E-09,0.059444000000000004,3.366E-07,-3.2862E-07
0.44,0.15,-0.059278000000000004,-1.5949E-09,0.059302000000000007,3.3632E-07,-3.2866E-07
0.445,0.15,-0.059128000000000007,-1.6037E-09,0.059152,3.3604E-07,-3.2854E-07
0.45,0.15,-0.058984,-1.6048E-09,0.059002000000000006,3.3583999999999997E-07,-3.2852E-07
0.455,0.15,-0.058818,-1.6072E-09,0.058846,3.356E-07,-3.2848E-07
0.46,0.15,-0.058660000000000004,-1.6124E-09,0.058682000000000005,3.353E-07,-3.2841999999999997E-07
0.465,0.15,-0.058490000000000007,-1.6282E-09,0.058518000000000008,3.351E-07,-3.283E-07
0.47000000000000003,0.15,-0.058314000000000005,-1.6382E-09,0.05834,3.3485999999999997E-07,-3.2827999999999997E-07
0.47500000000000003,0.15,-0.058142000000000006,-1.6378999999999999E-09,0.058162000000000005,3.347E-07,-3.2826E-07
0.48000000000000004,0.15,-0.057954000000000006,-1.6422E-09,0.057978,3.344E-07,-3.2818E-07
0.48500000000000004,0.15,-0.057764,-1.6553E-09,0.057788000000000006,3.3418E-07,-3.2808E-07
0.49000000000000005,0.15,-0.057566000000000006,-1.6708E-09,0.057588000000000007,3.3396E-07,-3.2802E-07
0.49500000000000005,0.15,-0.057358000000000006,-1.6765E-09,0.057384000000000004,3.3368E-07,-3.2796E-07
0.5,0.15,-0.057146,-1.6816E-09,0.057174,3.3358E-07,-3.2788E-07
0.505,0.15,-0.056920000000000005,-1.6872E-09,0.056946000000000004,3.3322E-07,-3.2778E-07
0.51,0.15,-0.056694000000000008,-1.6994E-09,0.056718000000000005,3.3298E-07,-3.277E-07
0.515,0.15,-0.056448000000000005,-1.7174E-09,0.056470000000000006,3.3275999999999997E-07,-3.2757999999999997E-07
0.52,0.15,-0.056202,-1.7251E-09,0.056224,3.3256E-07,-3.2754E-07
0.525,0.15,-0.055938,-1.7279E-09,0.05596,3.3233999999999997E-07,-3.2754E-07
0.53,0.15,-0.055670000000000004,-1.7382E-09,0.055694000000000007,3.3216E-07,-3.2742E-07
0.535,0.15,-0.055384,-1.7559E-09,0.055410000000000008,3.3196E-07,-3.2738E-07
0.54,0.15,-0.055088000000000005,-1.7741E-09,0.055112000000000008,3.3177999999999997E-07,-3.2734E-07
0.545,0.15,-0.054774,-1.7824E-09,0.054804000000000005,3.3156E-07,-3.2728E-07
0.55,0.15,-0.05446,-1.7887E-09,0.054486000000000007,3.3138E-07,-3.2715999999999997E-07
0.555,0.15,-0.054132000000000006,-1.8039E-09,0.054148,3.3116E-07,-3.2704E-07
0.56,0.15,-0.053776000000000004,-1.8225E-09,0.053800000000000008,3.3096E-07,-3.2704E-07
0.56500000000000006,0.15,-0.053416000000000005,-1.8436E-09,0.053438000000000006,3.3082E-07,-3.2687999999999997E-07
0.57000000000000006,0.15,-0.053040000000000004,-1.8568E-09,0.053062000000000005,3.3058E-07,-3.2682E-07
0.57500000000000007,0.15,-0.052656,-1.863E-09,0.052676000000000008,3.305E-07,-3.2684E-07
0.58000000000000007,0.15,-0.052246000000000008,-1.8833E-09,0.052266000000000007,3.3042E-07,-3.2676E-07
0.58500000000000008,0.15,-0.051826000000000004,-1.9051E-09,0.051846,3.3022E-07,-3.268E-07
0.59000000000000008,0.15,-0.051384000000000006,-1.9246E-09,0.051406000000000007,3.2995999999999997E-07,-3.2676E-07
0.595,0.15,-0.050938000000000004,-1.9364E-09,0.050968000000000006,3.2986E-07,-3.2664E-07
0.6,0.15,-0.050462000000000007,-1.9496E-09,0.050494000000000004,3.2967999999999997E-07,-3.2656E-07
0.605,0.15,-0.049988000000000005,-1.9715E-09,0.050010000000000006,3.2956E-07,-3.2654E-07
0.61,0.15,-0.049484000000000007,-1.9964E-09,0.049506,3.2938E-07,-3.264E-07
0.615,0.15,-0.048976000000000006,-2.0202E-09,0.048994,3.2925999999999997E-07,-3.2636E-07
0.62,0.15,-0.048438,-2.035E-09,0.04846,3.2902E-07,-3.2631999999999997E-07
0.625,0.15,-0.047892000000000004,-2.0503E-09,0.047920000000000004,3.2894E-07,-3.2626E-07
0.63,0.15,-0.047324000000000005,-2.0749E-09,0.047354000000000007,3.2882E-07,-3.2617999999999997E-07
0.635,0.15,-0.046756000000000006,-2.1059E-09,0.046776000000000005,3.286E-07,-3.2612E-07
0.64,0.15,-0.046158000000000005,-2.1289E-09,0.046180000000000006,3.2852E-07,-3.2603999999999997E-07
0.645,0.15,-0.045550000000000007,-2.1459E-09,0.045578000000000007,3.2832E-07,-3.2594E-07
0.65,0.15,-0.04492,-2.1675E-09,0.044944000000000005,3.2824E-07,-3.2589999999999997E-07
0.655,0.15,-0.044286000000000006,-2.198E-09,0.044316,3.2816E-07,-3.2584E-07
0.66,0.15,-0.043628000000000007,-2.2274E-09,0.04365,3.2798E-07,-3.258E-07
0.665,0.15,-0.042966000000000004,-2.2532E-09,0.042992,3.2782E-07,-3.2574E-07
0.67,0.15,-0.042280000000000005,-2.2732E-09,0.042302000000000006,3.2782E-07,-3.2564E-07
0.675,0.15,-0.041588000000000007,-2.2963E-09,0.041612,3.276E-07,-3.256E-07
0.68,0.15,-0.040870000000000004,-2.3282E-09,0.040894000000000007,3.2743999999999997E-07,-3.255E-07
0.685,0.15,-0.040156000000000004,-2.3641E-09,0.040174,3.274E-07,-3.2548E-07
0.69000000000000006,0.15,-0.039418,-2.3863E-09,0.039438,3.2728E-07,-3.2542E-07
0.69500000000000006,0.15,-0.038666000000000006,-2.4132E-09,0.038688,3.2712E-07,-3.2536E-07
0.70000000000000007,0.15,-0.037906,-2.4437E-09,0.037930000000000005,3.2698E-07,-3.2528E-07
0.70500000000000007,0.15,-0.037124000000000004,-2.4836E-09,0.03715,3.2687999999999997E-07,-3.2522E-07
0.71000000000000008,0.15,-0.036348000000000005,-2.5159E-09,0.036374000000000004,3.2676E-07,-3.2514E-07
0.71500000000000008,0.15,-0.035546,-2.5432E-09,0.035566,3.2673999999999997E-07,-3.2508E-07
0.72000000000000008,0.15,-0.03474,-2.5747E-09,0.034762,3.2654E-07,-3.2508E-07
0.72500000000000009,0.15,-0.033914,-2.605E-09,0.033938,3.2645999999999997E-07,-3.2502E-07
0.73,0.15,-0.033088000000000006,-2.643E-09,0.033108000000000005,3.2638E-07,-3.2496E-07
0.735,0.15,-0.032236,-2.6756E-09,0.032264,3.2628E-07,-3.2488E-07
0.74,0.15,-0.031392,-2.707E-09,0.031420000000000003,3.2614E-07,-3.248E-07
0.745,0.15,-0.030524000000000003,-2.7389E-09,0.030548000000000002,3.2598E-07,-3.248E-07
0.75,0.15,-0.029660000000000002,-2.7777E-09,0.029682000000000004,3.2596E-07,-3.247E-07
0.755,0.15,-0.028782000000000002,-2.8207E-09,0.028802,3.2582E-07,-3.247E-07
0.76,0.15,-0.027886,-2.855E-09,0.02791,3.2574E-07,-3.2458E-07
0.765,0.15,-0.026996000000000003,-2.8873E-09,0.027016000000000002,3.2564E-07,-3.246E-07
0.77,0.15,-0.026078000000000004,-2.9297E-09,0.026104000000000002,3.2556E-07,-3.2452E-07
0.775,0.15,-0.025166,-2.968E-09,0.025188000000000002,3.2544E-07,-3.2446E-07
0.78,0.15,-0.024238000000000003,-3.012E-09,0.024260000000000004,3.2542E-07,-3.245E-07
0.785,0.15,-0.02331,-3.048E-09,0.023334,3.2528E-07,-3.2442E-07
0.79,0.15,-0.022362000000000003,-3.0864E-09,0.022386000000000003,3.252E-07,-3.2444E-07
0.795,0.15,-0.02142,-3.1291E-09,0.02145,3.2516E-07,-3.2436E-07
0.8,0.15,-0.020456000000000002,-3.1773E-09,0.020484000000000002,3.2508E-07,-3.2426E-07
0.805,0.15,-0.019502000000000002,-3.2188E-09,0.019530000000000002,3.2496E-07,-3.242E-07
0.81,0.15,-0.01853,-3.2554E-09,0.018552000000000003,3.249E-07,-3.2418E-07
0.81500000000000006,0.15,-0.017560000000000003,-3.2988E-09,0.017582,3.248E-07,-3.2424E-07
0.82000000000000006,0.15,-0.016568000000000003,-3.3485E-09,0.016588000000000002,3.2476E-07,-3.2422E-07
0.82500000000000007,0.15,-0.015590000000000001,-3.3932E-09,0.01561,3.2468E-07,-3.2416E-07
0.83000000000000007,0.15,-0.014598000000000002,-3.4417E-09,0.014620000000000001,3.246E-07,-3.2408E-07
0.83500000000000008,0.15,-0.013588000000000001,-3.4897E-09,0.013614000000000001,3.2458E-07,-3.2408E-07
0.84000000000000008,0.15,-0.01259,-3.5358E-09,0.012616,3.2444E-07,-3.2396E-07
0.84500000000000008,0.15,-0.011566000000000002,-3.5843E-09,0.011590000000000001,3.2442E-07,-3.24E-07
0.85000000000000009,0.15,-0.010558000000000001,-3.6408E-09,0.010582000000000001,3.2428E-07,-3.24E-07
0.85500000000000009,0.15,-0.0095526,-3.6829E-09,0.009551200000000001,3.2422E-07,-3.2386E-07
0.86,0.15,-0.0085294,-3.7344E-09,0.0085302,3.2408E-07,-3.2384E-07
0.865,0.15,-0.0074862,-3.7909E-09,0.0074914000000000005,3.2412E-07,-3.2386E-07
0.87,0.15,-0.006459,-3.8387E-09,0.0064626,3.2402E-07,-3.238E-07
0.875,0.15,-0.0054080000000000005,-3.8931E-09,0.0054086,3.2392E-07,-3.2374E-07
0.88,0.15,-0.0043690000000000005,-3.9436E-09,0.0043692,3.2392E-07,-3.2388E-07
0.885,0.15,-0.0033086,-3.9994E-09,0.0033104000000000002,3.2384E-07,-3.2369999999999997E-07
0.89,0.15,-0.0022578,-4.0504E-09,0.0022578,3.2374E-07,-3.2369999999999997E-07
0.895,0.15,-0.0011892,-4.106E-09,0.0011898,3.2366E-07,-3.2374E-07
0.9,0.15,-0.00013732000000000002,-4.1625E-09,0.00013244,3.2366E-07,-3.2372E-07
0,0.3,-0.033784,-8.1433E-10,0.033800000000000004,3.9426E-07,-3.2784E-07
0.005,0.3,-0.03373,-8.2087000000000008E-10,0.033748,3.9321999999999997E-07,-3.2785999999999997E-07
0.01,0.3,-0.033672,-8.2113E-10,0.033696000000000004,3.92E-07,-3.2771999999999997E-07
0.015000000000000001,0.3,-0.033614000000000005,-8.2067E-10,0.03364,3.9072E-07,-3.2788E-07
0.02,0.3,-0.03356,-8.2328000000000008E-10,0.033588,3.8964E-07,-3.2788E-07
0.025,0.3,-0.033510000000000005,-8.2977E-10,0.033532000000000006,3.8831999999999997E-07,-3.2788E-07
0.030000000000000002,0.3,-0.033456,-8.3203000000000007E-10,0.033478,3.8719999999999997E-07,-3.2782E-07
0.035,0.3,-0.033404,-8.3594000000000011E-10,0.033424,3.8608E-07,-3.2788E-07
0.04,0.3,-0.033350000000000005,-8.3371000000000011E-10,0.033372000000000006,3.8506E-07,-3.2792E-07
0.045000000000000005,0.3,-0.033298,-8.3554000000000009E-10,0.033318,3.8394E-07,-3.2788E-07
0.05,0.3,-0.033240000000000006,-8.4340000000000011E-10,0.033264,3.8272E-07,-3.2788E-07
0.055,0.3,-0.033184000000000005,-8.4614E-10,0.033206000000000006,3.8172E-07,-3.2788E-07
0.060000000000000005,0.3,-0.033128000000000005,-8.4613000000000005E-10,0.033150000000000006,3.8074E-07,-3.2788E-07
0.065,0.3,-0.03307,-8.4741000000000008E-10,0.033092,3.7964E-07,-3.2788E-07
0.07,0.3,-0.033018000000000006,-8.479E-10,0.033044000000000004,3.7869999999999997E-07,-3.2788E-07
0.075,0.3,-0.032966,-8.5470000000000006E-10,0.032986,3.776E-07,-3.2784E-07
0.08,0.3,-0.032906000000000005,-8.6032000000000009E-10,0.032932,3.7668E-07,-3.2785999999999997E-07
0.085,0.3,-0.032854,-8.5696000000000011E-10,0.032874,3.7568E-07,-3.2784E-07
0.090000000000000011,0.3,-0.032798,-8.559700000000001E-10,0.032824000000000006,3.7474E-07,-3.2788E-07
0.095,0.3,-0.032738,-8.6116000000000005E-10,0.032760000000000004,3.7379999999999997E-07,-3.2784E-07
0.1,0.3,-0.032684000000000005,-8.653600000000001E-10,0.032708,3.7288E-07,-3.2782E-07
0.10500000000000001,0.3,-0.032634,-8.6837000000000007E-10,0.032654,3.7197999999999997E-07,-3.2778E-07
0.11,0.3,-0.032574000000000006,-8.6669E-10,0.032598,3.711E-07,-3.2778E-07
0.115,0.3,-0.032516,-8.6873000000000006E-10,0.032542,3.7019999999999997E-07,-3.2782E-07
0.12000000000000001,0.3,-0.032462000000000005,-8.6925000000000007E-10,0.032486,3.6938E-07,-3.2785999999999997E-07
0.125,0.3,-0.032408000000000006,-8.7496E-10,0.032424,3.686E-07,-3.2785999999999997E-07
0.13,0.3,-0.032346,-8.7847000000000007E-10,0.032374,3.6766E-07,-3.2778E-07
0.135,0.3,-0.032290000000000006,-8.7594000000000008E-10,0.032316000000000004,3.6683999999999997E-07,-3.2771999999999997E-07
0.14,0.3,-0.032242,-8.7556E-10,0.032256,3.6599999999999997E-07,-3.2776E-07
0.14500000000000002,0.3,-0.032186000000000006,-8.8118000000000005E-10,0.032204,3.6536E-07,-3.2771999999999997E-07
0.15,0.3,-0.032122000000000005,-8.848500000000001E-10,0.032148,3.6444E-07,-3.2766E-07
0.155,0.3,-0.03207,-8.8418E-10,0.032096,3.637E-07,-3.2768E-07
0.16,0.3,-0.032012000000000006,-8.8435000000000005E-10,0.03203,3.6294E-07,-3.2771999999999997E-07
0.165,0.3,-0.031952,-8.8646000000000006E-10,0.031970000000000005,3.6224E-07,-3.2766E-07
0.17,0.3,-0.031898,-8.8907000000000012E-10,0.031926,3.6137999999999997E-07,-3.2764E-07
0.17500000000000002,0.3,-0.031844000000000004,-8.9195000000000011E-10,0.031864,3.607E-07,-3.276E-07
0.18000000000000002,0.3,-0.031784,-8.9385000000000007E-10,0.031810000000000005,3.6002E-07,-3.2752E-07
0.185,0.3,-0.031732,-8.9305E-10,0.031752,3.5926E-07,-3.2752E-07
0.19,0.3,-0.031676,-8.9302000000000009E-10,0.031692000000000005,3.585E-07,-3.2757999999999997E-07
0.195,0.3,-0.031616000000000005,-8.9856E-10,0.031636000000000004,3.5794E-07,-3.2757999999999997E-07
0.2,0.3,-0.031552000000000004,-8.9984000000000007E-10,0.031576,3.572E-07,-3.2754E-07
0.20500000000000002,0.3,-0.031502,-8.9793E-10,0.031524,3.565E-07,-3.2742E-07
0.21000000000000002,0.3,-0.03144,-9.0128000000000012E-10,0.031466,3.5596E-07,-3.2746E-07
0.215,0.3,-0.031386000000000004,-9.012900000000001E-10,0.031402,3.5536E-07,-3.2742E-07
0.22,0.3,-0.031328,-9.0513000000000006E-10,0.031352000000000005,3.5472E-07,-3.2743999999999997E-07
0.225,0.3,-0.031268000000000004,-9.076E-10,0.031296000000000004,3.5412E-07,-3.2734E-07
0.23,0.3,-0.031212000000000004,-9.0397E-10,0.031236000000000003,3.5352E-07,-3.2736E-07
0.23500000000000001,0.3,-0.031156000000000003,-9.0577000000000007E-10,0.031178000000000004,3.5287999999999997E-07,-3.2728E-07
0.24000000000000002,0.3,-0.031094000000000004,-9.095100000000001E-10,0.031118000000000003,3.5228E-07,-3.2718E-07
0.24500000000000002,0.3,-0.031036,-9.1111000000000007E-10,0.031056000000000004,3.517E-07,-3.2722E-07
0.25,0.3,-0.030978000000000002,-9.1083E-10,0.031006000000000002,3.5112E-07,-3.2722E-07
0.255,0.3,-0.030920000000000003,-9.1242E-10,0.030946,3.506E-07,-3.2715999999999997E-07
0.26,0.3,-0.030862000000000004,-9.1471E-10,0.030886000000000004,3.5004E-07,-3.271E-07
0.265,0.3,-0.030804,-9.1470000000000006E-10,0.030828,3.4956E-07,-3.2715999999999997E-07
0.27,0.3,-0.030742000000000002,-9.16E-10,0.030770000000000002,3.4902E-07,-3.2712E-07
0.275,0.3,-0.030686,-9.2094E-10,0.030706000000000004,3.4848E-07,-3.2704E-07
0.28,0.3,-0.030628000000000002,-9.2167000000000009E-10,0.030644,3.4802E-07,-3.2706E-07
0.28500000000000003,0.3,-0.030564000000000004,-9.1286000000000009E-10,0.030592,3.4848E-07,-3.27E-07
0.29000000000000004,0.3,-0.030506000000000002,-9.2339000000000005E-10,0.03053,3.4699999999999997E-07,-3.2692E-07
0.29500000000000004,0.3,-0.030448000000000003,-9.2670000000000012E-10,0.030474,3.4654E-07,-3.2686E-07
0.3,0.3,-0.030392000000000002,-9.212500000000001E-10,0.030408,3.46E-07,-3.2692E-07
0.305,0.3,-0.030326000000000002,-9.3196000000000016E-10,0.030352000000000004,3.4558E-07,-3.2692E-07
0.31,0.3,-0.030266,-9.3045E-10,0.030288000000000002,3.451E-07,-3.2686E-07
0.315,0.3,-0.030210000000000004,-9.2203000000000007E-10,0.030236000000000002,3.4468E-07,-3.2686E-07
0.32,0.3,-0.030152,-9.3001000000000008E-10,0.030176,3.4414E-07,-3.2676E-07
0.325,0.3,-0.030088000000000004,-9.3975E-10,0.030106000000000004,3.4377999999999997E-07,-3.2678E-07
0.33,0.3,-0.030032000000000003,-9.3443E-10,0.030052000000000002,3.4332E-07,-3.268E-07
0.335,0.3,-0.029966000000000003,-9.3142E-10,0.029992,3.4286E-07,-3.2672E-07
0.34,0.3,-0.029908000000000004,-9.3264E-10,0.029930000000000002,3.426E-07,-3.2664E-07
0.34500000000000003,0.3,-0.029844000000000002,-9.3896E-10,0.029866000000000004,3.4216E-07,-3.2664E-07
0.35000000000000003,0.3,-0.029784,-9.4218000000000015E-10,0.029804000000000004,3.4176E-07,-3.2662E-07
0.35500000000000004,0.3,-0.029726000000000002,-9.4459000000000015E-10,0.029742,3.4136E-07,-3.2658E-07
0.36000000000000004,0.3,-0.029658000000000004,-9.4041E-10,0.029682000000000004,3.4096E-07,-3.265E-07
0.365,0.3,-0.029594000000000002,-9.4084E-10,0.029620000000000004,3.4058E-07,-3.2652E-07
0.37,0.3,-0.029532000000000003,-9.4735E-10,0.029558,3.4028E-07,-3.2645999999999997E-07
0.375,0.3,-0.029468,-9.5331E-10,0.029494000000000003,3.3988E-07,-3.2645999999999997E-07
0.38,0.3,-0.029412000000000004,-9.4905000000000015E-10,0.029434000000000002,3.3947999999999997E-07,-3.2645999999999997E-07
0.385,0.3,-0.029348000000000003,-9.4928E-10,0.029368000000000002,3.3928E-07,-3.2645999999999997E-07
0.39,0.3,-0.029288,-9.5005E-10,0.029308000000000004,3.388E-07,-3.2631999999999997E-07
0.395,0.3,-0.029222,-9.5391E-10,0.029244000000000003,3.3856E-07,-3.2634E-07
0.4,0.3,-0.029152,-9.6122000000000012E-10,0.029178000000000003,3.382E-07,-3.2634E-07
0.405,0.3,-0.029094000000000002,-9.6021000000000014E-10,0.029116000000000003,3.379E-07,-3.2631999999999997E-07
0.41000000000000003,0.3,-0.029026000000000003,-9.5437E-10,0.029044000000000004,3.376E-07,-3.2626E-07
0.41500000000000004,0.3,-0.028962,-9.5922000000000013E-10,0.028988000000000003,3.3726E-07,-3.2622E-07
0.42000000000000004,0.3,-0.028896,-9.6908000000000013E-10,0.02892,3.3694E-07,-3.2622E-07
0.42500000000000004,0.3,-0.028834000000000002,-9.6923000000000018E-10,0.028858,3.367E-07,-3.2624E-07
0.43,0.3,-0.028768000000000002,-9.6780000000000011E-10,0.028790000000000003,3.3638E-07,-3.2614E-07
0.435,0.3,-0.028702000000000002,-9.6648000000000016E-10,0.028722,3.3618E-07,-3.2616E-07
0.44,0.3,-0.028634000000000003,-9.6955E-10,0.028664000000000002,3.3574E-07,-3.2608E-07
0.445,0.3,-0.028572000000000004,-9.7597E-10,0.028592000000000003,3.355E-07,-3.2608E-07
0.45,0.3,-0.028506000000000004,-9.8159000000000012E-10,0.028530000000000003,3.3527999999999997E-07,-3.26E-07
0.455,0.3,-0.028434,-9.7862E-10,0.028458000000000004,3.3504E-07,-3.26E-07
0.46,0.3,-0.028370000000000003,-9.7476E-10,0.028394000000000003,3.347E-07,-3.2598E-07
0.465,0.3,-0.028304000000000003,-9.8213E-10,0.028326000000000004,3.3452E-07,-3.2594E-07
0.47000000000000003,0.3,-0.028234000000000002,-9.8638E-10,0.028260000000000004,3.3422E-07,-3.2598E-07
0.47500000000000003,0.3,-0.028166000000000004,-9.899E-10,0.028190000000000003,3.3401999999999997E-07,-3.2594E-07
0.48000000000000004,0.3,-0.028098,-9.9168E-10,0.028120000000000003,3.3378E-07,-3.2582E-07
0.48500000000000004,0.3,-0.028026000000000002,-9.8727E-10,0.028050000000000002,3.335E-07,-3.2576E-07
0.49000000000000005,0.3,-0.027956,-9.8853E-10,0.027978000000000003,3.3324E-07,-3.2568E-07
0.49500000000000005,0.3,-0.027888000000000003,-1.0023000000000002E-09,0.027908000000000002,3.3312E-07,-3.2572E-07
0.5,0.3,-0.027816000000000004,-1.00436E-09,0.027836000000000003,3.3282E-07,-3.2574E-07
0.505,0.3,-0.027744,-9.9885000000000012E-10,0.027766000000000002,3.3258E-07,-3.2566E-07
0.51,0.3,-0.027670000000000004,-9.9908E-10,0.027694000000000003,3.3242E-07,-3.2568E-07
0.515,0.3,-0.027598,-1.00492E-09,0.027616,3.3219999999999997E-07,-3.2564E-07
0.52,0.3,-0.027526000000000002,-1.0102800000000002E-09,0.027546,3.3196E-07,-3.2558E-07
0.525,0.3,-0.027448000000000004,-1.01757E-09,0.027468000000000003,3.318E-07,-3.2552E-07
0.53,0.3,-0.027370000000000002,-1.01771E-09,0.027394,3.316E-07,-3.255E-07
0.535,0.3,-0.027294000000000002,-1.01203E-09,0.027322000000000003,3.3146E-07,-3.2552E-07
0.54,0.3,-0.027218000000000003,-1.01779E-09,0.027242000000000002,3.3114E-07,-3.255E-07
0.545,0.3,-0.02714,-1.02707E-09,0.027164,3.3096E-07,-3.2544E-07
0.55,0.3,-0.027062000000000003,-1.03022E-09,0.027084000000000004,3.3072E-07,-3.254E-07
0.555,0.3,-0.026984,-1.03025E-09,0.027004000000000004,3.306E-07,-3.2536E-07
0.56,0.3,-0.026898000000000002,-1.02873E-09,0.026920000000000003,3.3046E-07,-3.2538E-07
0.56500000000000006,0.3,-0.026810000000000004,-1.0321E-09,0.026838,3.3028E-07,-3.253E-07
0.57000000000000006,0.3,-0.026730000000000004,-1.04334E-09,0.026756000000000002,3.3004E-07,-3.2528E-07
0.57500000000000007,0.3,-0.026646000000000003,-1.0484600000000001E-09,0.026670000000000003,3.2995999999999997E-07,-3.2532E-07
0.58000000000000007,0.3,-0.026560000000000004,-1.04642E-09,0.026580000000000003,3.2974E-07,-3.2526E-07
0.58500000000000008,0.3,-0.026468000000000002,-1.0435200000000001E-09,0.026494000000000004,3.2953999999999997E-07,-3.2516E-07
0.59000000000000008,0.3,-0.026378000000000002,-1.05318E-09,0.026398,3.2944E-07,-3.2522E-07
0.595,0.3,-0.026278000000000003,-1.06156E-09,0.026302000000000002,3.2924E-07,-3.2518E-07
0.6,0.3,-0.026184000000000002,-1.0648100000000002E-09,0.02621,3.2918E-07,-3.2516E-07
0.605,0.3,-0.026090000000000002,-1.0658200000000002E-09,0.026106,3.2894E-07,-3.2508E-07
0.61,0.3,-0.025980000000000003,-1.0664700000000001E-09,0.026004000000000003,3.2878E-07,-3.2504E-07
0.615,0.3,-0.025878,-1.07145E-09,0.025902,3.2848E-07,-3.249E-07
0.62,0.3,-0.025774000000000002,-1.08411E-09,0.025792000000000002,3.2841999999999997E-07,-3.2488E-07
0.625,0.3,-0.025656,-1.0885800000000002E-09,0.025684000000000002,3.283E-07,-3.2496E-07
0.63,0.3,-0.025546000000000003,-1.08475E-09,0.025566000000000002,3.2822E-07,-3.249E-07
0.635,0.3,-0.02542,-1.08957E-09,0.025452000000000002,3.2808E-07,-3.2484E-07
0.64,0.3,-0.025300000000000003,-1.09695E-09,0.025320000000000002,3.2796E-07,-3.249E-07
0.645,0.3,-0.025176,-1.10722E-09,0.025194,3.2771999999999997E-07,-3.2478E-07
0.65,0.3,-0.025036000000000003,-1.1154100000000002E-09,0.025060000000000002,3.276E-07,-3.2478E-07
0.655,0.3,-0.024898000000000003,-1.1145600000000001E-09,0.024918000000000003,3.275E-07,-3.2476E-07
0.66,0.3,-0.024744000000000002,-1.11517E-09,0.024774,3.2743999999999997E-07,-3.248E-07
0.665,0.3,-0.024588000000000002,-1.1269800000000002E-09,0.024614,3.2729999999999997E-07,-3.2466E-07
0.67,0.3,-0.024428000000000002,-1.13904E-09,0.024450000000000003,3.2722E-07,-3.2468E-07
0.675,0.3,-0.024258000000000002,-1.142E-09,0.024282,3.2692E-07,-3.2458E-07
0.68,0.3,-0.024074,-1.1545E-09,0.024100000000000003,3.269E-07,-3.2454E-07
0.685,0.3,-0.023886,-1.1589E-09,0.023914,3.2676E-07,-3.2454E-07
0.69000000000000006,0.3,-0.023686000000000002,-1.1618E-09,0.023710000000000002,3.267E-07,-3.2444E-07
0.69500000000000006,0.3,-0.023468000000000003,-1.167E-09,0.023500000000000004,3.2658E-07,-3.2448E-07
0.70000000000000007,0.3,-0.023246000000000003,-1.1814E-09,0.023272,3.265E-07,-3.2444E-07
0.70500000000000007,0.3,-0.023010000000000003,-1.1963E-09,0.023030000000000002,3.2645999999999997E-07,-3.245E-07
0.71000000000000008,0.3,-0.022760000000000002,-1.1991E-09,0.022784000000000002,3.2628E-07,-3.245E-07
0.71500000000000008,0.3,-0.022498,-1.2032E-09,0.022514000000000003,3.2622E-07,-3.2438E-07
0.72000000000000008,0.3,-0.022214,-1.2137E-09,0.022232000000000002,3.2614E-07,-3.2442E-07
0.72500000000000009,0.3,-0.021916,-1.2288E-09,0.021936,3.2612E-07,-3.2436E-07
0.73,0.3,-0.021604,-1.2451E-09,0.021626000000000003,3.2596E-07,-3.2432E-07
0.735,0.3,-0.021266,-1.2523E-09,0.021292000000000002,3.2586E-07,-3.243E-07
0.74,0.3,-0.020926,-1.258E-09,0.020948,3.2584E-07,-3.2434E-07
0.745,0.3,-0.020558000000000003,-1.2689E-09,0.02058,3.2568E-07,-3.2426E-07
0.75,0.3,-0.020174,-1.2869E-09,0.020196000000000002,3.255E-07,-3.2418E-07
0.755,0.3,-0.019774000000000003,-1.3066E-09,0.019798000000000003,3.254E-07,-3.242E-07
0.76,0.3,-0.019350000000000003,-1.3147E-09,0.019376,3.2534E-07,-3.2408E-07
0.765,0.3,-0.018908,-1.3214E-09,0.018936,3.2526E-07,-3.24E-07
0.77,0.3,-0.01844,-1.3369E-09,0.018466000000000003,3.2522E-07,-3.2408E-07
0.775,0.3,-0.017964,-1.3591E-09,0.017988,3.251E-07,-3.24E-07
0.78,0.3,-0.017462000000000002,-1.3755E-09,0.017484000000000003,3.2502E-07,-3.2394E-07
0.785,0.3,-0.016948,-1.3905E-09,0.016966000000000002,3.2498E-07,-3.24E-07
0.79,0.3,-0.016396,-1.4028E-09,0.016422000000000003,3.249E-07,-3.239E-07
0.795,0.3,-0.015842000000000002,-1.4151E-09,0.015866,3.2484E-07,-3.2392E-07
0.8,0.3,-0.015258,-1.4421E-09,0.015280000000000002,3.2478E-07,-3.2396E-07
0.805,0.3,-0.014658000000000001,-1.4624E-09,0.014682,3.2468E-07,-3.2388E-07
0.81,0.3,-0.014038000000000002,-1.4724E-09,0.014062000000000002,3.2456E-07,-3.2384E-07
0.81500000000000006,0.3,-0.013406000000000001,-1.49E-09,0.013428,3.2464E-07,-3.238E-07
0.82000000000000006,0.3,-0.012748,-1.5106E-09,0.012770000000000002,3.244E-07,-3.2376E-07
0.82500000000000007,0.3,-0.012072000000000001,-1.5354E-09,0.012094,3.2444E-07,-3.2372E-07
0.83000000000000007,0.3,-0.011388,-1.5589E-09,0.011414,3.2432E-07,-3.2369999999999997E-07
0.83500000000000008,0.3,-0.010676000000000002,-1.574E-09,0.010696,3.2428E-07,-3.2376E-07
0.84000000000000008,0.3,-0.0099788,-1.593E-09,0.0099784,3.242E-07,-3.2368E-07
0.84500000000000008,0.3,-0.0092314,-1.619E-09,0.009231,3.2408E-07,-3.2362E-07
0.85000000000000009,0.3,-0.0084808,-1.6407E-09,0.0084782,3.2402E-07,-3.2368E-07
0.85500000000000009,0.3,-0.0076972,-1.6619E-09,0.0076960000000000006,3.2396E-07,-3.2366E-07
0.86,0.3,-0.0069164000000000005,-1.68E-09,0.0069144,3.2394E-07,-3.2362E-07
0.865,0.3,-0.0061054,-1.705E-09,0.0061068,3.2388E-07,-3.2362E-07
0.87,0.3,-0.0052938,-1.7325E-09,0.0052958,3.2374E-07,-3.236E-07
0.875,0.3,-0.0044558,-1.7589E-09,0.0044572,3.2374E-07,-3.2352E-07
0.88,0.3,-0.0036172,-1.7789E-09,0.0036182000000000002,3.2368E-07,-3.2355999999999997E-07
0.885,0.3,-0.0027530000000000002,-1.804E-09,0.0027508,3.2364E-07,-3.2354E-07
0.89,0.3,-0.0018880000000000001,-1.828E-09,0.00189,3.2354E-07,-3.2348E-07
0.895,0.3,-0.0010006,-1.8577E-09,0.0010014000000000002,3.2348E-07,-3.2348E-07
0.9,0.3,-0.00010992,-1.8835E-09,0.0001144,3.2354E-07,-3.2348E-07
0,0.45,-0.0081914,-2.9641E-10,0.008167,4.0192E-07,-3.253E-07
0.005,0.45,-0.0081422,-2.9953E-10,0.008141,4.0034E-07,-3.2516E-07
0.01,0.45,-0.0081138000000000009,-3.0848E-10,0.008114,3.9888E-07,-3.251E-07
0.015000000000000001,0.45,-0.008087,-3.1583000000000004E-10,0.0080886,3.9741999999999997E-07,-3.2508E-07
0.02,0.45,-0.0080624,-3.2142E-10,0.008063,3.9604E-07,-3.2508E-07
0.025,0.45,-0.0080376,-3.2473E-10,0.0080366,3.948E-07,-3.25E-07
0.030000000000000002,0.45,-0.00801,-3.2882E-10,0.0080122,3.932E-07,-3.2488E-07
0.035,0.45,-0.0079868,-3.3579000000000004E-10,0.0079856,3.9194E-07,-3.2494E-07
0.04,0.45,-0.0079612,-3.422E-10,0.0079592,3.9055999999999997E-07,-3.2494E-07
0.045000000000000005,0.45,-0.0079352,-3.4902000000000005E-10,0.007935,3.892E-07,-3.2476E-07
0.05,0.45,-0.007909,-3.5049000000000005E-10,0.0079122,3.8794E-07,-3.248E-07
0.055,0.45,-0.0078838,-3.5483E-10,0.0078852,3.867E-07,-3.2478E-07
0.060000000000000005,0.45,-0.007858,-3.6128E-10,0.0078574,3.8558E-07,-3.2478E-07
0.065,0.45,-0.007832200000000001,-3.673E-10,0.0078378,3.8429999999999997E-07,-3.2472E-07
0.07,0.45,-0.0078052,-3.7248000000000004E-10,0.0078082,3.8334E-07,-3.2466E-07
0.075,0.45,-0.007782,-3.7534E-10,0.0077842,3.8191999999999997E-07,-3.2466E-07
0.08,0.45,-0.007756,-3.7862000000000003E-10,0.007756,3.807E-07,-3.2466E-07
0.085,0.45,-0.007732,-3.8353E-10,0.0077336,3.7967999999999997E-07,-3.2466E-07
0.090000000000000011,0.45,-0.007707,-3.9002E-10,0.0077054,3.7858E-07,-3.246E-07
0.095,0.45,-0.0076804,-3.9419E-10,0.0076828,3.775E-07,-3.2454E-07
0.1,0.45,-0.0076582,-3.9647000000000003E-10,0.007657,3.764E-07,-3.2466E-07
0.10500000000000001,0.45,-0.0076338000000000005,-3.9902000000000003E-10,0.0076336,3.7547999999999997E-07,-3.2468E-07
0.11,0.45,-0.0076084,-4.0413000000000003E-10,0.0076064,3.7435999999999997E-07,-3.246E-07
0.115,0.45,-0.0075840000000000005,-4.1143000000000005E-10,0.0075862,3.7323999999999997E-07,-3.2456E-07
0.12000000000000001,0.45,-0.0075552,-4.1286E-10,0.0075596000000000005,3.7244E-07,-3.2456E-07
0.125,0.45,-0.0075338,-4.1606E-10,0.0075324,3.7148E-07,-3.2456E-07
0.13,0.45,-0.0075104,-4.1896E-10,0.0075114000000000005,3.707E-07,-3.246E-07
0.135,0.45,-0.007484,-4.2325E-10,0.0074844,3.6976E-07,-3.2458E-07
0.14,0.45,-0.0074594000000000006,-4.2876000000000003E-10,0.0074596,3.6865999999999997E-07,-3.2452E-07
0.14500000000000002,0.45,-0.0074334,-4.3343E-10,0.0074356000000000005,3.6767999999999997E-07,-3.2448E-07
0.15,0.45,-0.0074086,-4.3368000000000005E-10,0.0074088,3.6688E-07,-3.2446E-07
0.155,0.45,-0.007384,-4.3563E-10,0.0073874000000000006,3.6612E-07,-3.2448E-07
0.16,0.45,-0.0073596,-4.3845E-10,0.0073598000000000005,3.6515999999999997E-07,-3.2446E-07
0.165,0.45,-0.0073354,-4.4401000000000005E-10,0.0073366,3.6431999999999997E-07,-3.2442E-07
0.17,0.45,-0.0073088,-4.5091000000000005E-10,0.0073116000000000006,3.635E-07,-3.2442E-07
0.17500000000000002,0.45,-0.0072844,-4.5031E-10,0.0072858,3.6252E-07,-3.2442E-07
0.18000000000000002,0.45,-0.0072632,-4.5039000000000003E-10,0.0072604,3.6186E-07,-3.2432E-07
0.185,0.45,-0.0072386,-4.5570000000000004E-10,0.0072346,3.61E-07,-3.2434E-07
0.19,0.45,-0.0072126000000000004,-4.5854000000000005E-10,0.0072134,3.6032E-07,-3.2438E-07
0.195,0.45,-0.0071878,-4.6300000000000006E-10,0.0071866000000000005,3.594E-07,-3.2434E-07
0.2,0.45,-0.0071614,-4.6864E-10,0.007162,3.5864E-07,-3.2432E-07
0.20500000000000002,0.45,-0.0071378000000000006,-4.6510000000000003E-10,0.0071382,3.5798E-07,-3.2424E-07
0.21000000000000002,0.45,-0.007112,-4.6797E-10,0.0071132,3.5728E-07,-3.243E-07
0.215,0.45,-0.0070904,-4.7247E-10,0.0070894,3.5654E-07,-3.2428E-07
0.22,0.45,-0.0070648,-4.7625000000000009E-10,0.0070638,3.5586E-07,-3.2426E-07
0.225,0.45,-0.0070416,-4.8246E-10,0.0070386,3.552E-07,-3.243E-07
0.23,0.45,-0.007017,-4.8166000000000007E-10,0.0070184,3.5458E-07,-3.2424E-07
0.23500000000000001,0.45,-0.006991,-4.7588E-10,0.0069924,3.5384E-07,-3.2428E-07
0.24000000000000002,0.45,-0.0069674,-4.8404E-10,0.0069678000000000006,3.5329999999999997E-07,-3.2422E-07
0.24500000000000002,0.45,-0.0069438,-4.9199000000000008E-10,0.0069442,3.5264E-07,-3.2424E-07
0.25,0.45,-0.0069186000000000004,-4.9193000000000008E-10,0.0069204,3.5189999999999997E-07,-3.2418E-07
0.255,0.45,-0.0068946,-4.9328000000000008E-10,0.0068946,3.5142E-07,-3.2426E-07
0.26,0.45,-0.0068684,-4.9204E-10,0.0068694,3.5084E-07,-3.2426E-07
0.265,0.45,-0.0068434,-4.9273E-10,0.0068456,3.5016E-07,-3.2416E-07
0.27,0.45,-0.0068216,-5.0042E-10,0.0068212,3.4962E-07,-3.242E-07
0.275,0.45,-0.0067956,-5.0626000000000007E-10,0.0067944,3.4914E-07,-3.242E-07
0.28,0.45,-0.0067712,-5.0522E-10,0.0067736,3.485E-07,-3.2426E-07
0.28500000000000003,0.45,-0.006747,-5.0315000000000007E-10,0.0067474,3.4796E-07,-3.2424E-07
0.29000000000000004,0.45,-0.0067220000000000005,-5.0218E-10,0.0067236,3.4752E-07,-3.242E-07
0.29500000000000004,0.45,-0.0066986,-5.0803000000000005E-10,0.006699,3.4694E-07,-3.242E-07
0.3,0.45,-0.006674,-5.1581E-10,0.006675,3.4642E-07,-3.2416E-07
0.305,0.45,-0.0066504,-5.1516E-10,0.0066512,3.4587999999999997E-07,-3.2418E-07
0.31,0.45,-0.0066262000000000005,-5.1177000000000008E-10,0.0066266,3.4536E-07,-3.2412E-07
0.315,0.45,-0.0066018000000000005,-5.1120000000000005E-10,0.0066022,3.4484E-07,-3.2408E-07
0.32,0.45,-0.0065780000000000005,-5.1664000000000009E-10,0.0065784,3.4432E-07,-3.2408E-07
0.325,0.45,-0.0065504000000000005,-5.2296E-10,0.0065554,3.4396E-07,-3.2412E-07
0.33,0.45,-0.0065296,-5.2374E-10,0.0065316,3.4342E-07,-3.2398E-07
0.335,0.45,-0.0065056,-5.1869E-10,0.0065068,3.4293999999999997E-07,-3.2404E-07
0.34,0.45,-0.0064816000000000006,-5.1978E-10,0.0064806,3.426E-07,-3.2406E-07
0.34500000000000003,0.45,-0.0064578000000000005,-5.2396E-10,0.0064604,3.4214E-07,-3.2404E-07
0.35000000000000003,0.45,-0.0064322,-5.2817E-10,0.0064324000000000004,3.417E-07,-3.2402E-07
0.35500000000000004,0.45,-0.0064076,-5.3079000000000009E-10,0.00641,3.4125999999999997E-07,-3.24E-07
0.36000000000000004,0.45,-0.0063836000000000006,-5.2833000000000008E-10,0.006384,3.4088E-07,-3.2402E-07
0.365,0.45,-0.0063604,-5.2423000000000006E-10,0.0063624,3.4048E-07,-3.2392E-07
0.37,0.45,-0.006337,-5.2925E-10,0.0063366,3.4004E-07,-3.2396E-07
0.375,0.45,-0.0063124,-5.3544000000000007E-10,0.0063142,3.3962E-07,-3.2388E-07
0.38,0.45,-0.0062856000000000006,-5.3501E-10,0.006287,3.3919999999999997E-07,-3.2386E-07
0.385,0.45,-0.006263,-5.3308000000000009E-10,0.0062636,3.3882E-07,-3.2386E-07
0.39,0.45,-0.006239,-5.3104000000000006E-10,0.0062408,3.3848E-07,-3.239E-07
0.395,0.45,-0.0062146,-5.3189E-10,0.0062164,3.3814E-07,-3.2388E-07
0.4,0.45,-0.0061912,-5.4059E-10,0.0061922,3.3779999999999997E-07,-3.2392E-07
0.405,0.45,-0.0061666,-5.4297E-10,0.0061678,3.3748E-07,-3.2392E-07
0.41000000000000003,0.45,-0.006144,-5.377E-10,0.006144,3.3709999999999997E-07,-3.2384E-07
0.41500000000000004,0.45,-0.0061174,-5.3638000000000006E-10,0.006117,3.3684E-07,-3.2386E-07
0.42000000000000004,0.45,-0.0060932,-5.3705E-10,0.006096,3.3646E-07,-3.2384E-07
0.42500000000000004,0.45,-0.0060696000000000005,-5.4457E-10,0.0060714,3.3622E-07,-3.2386E-07
0.43,0.45,-0.0060456,-5.4775E-10,0.0060464,3.3588E-07,-3.238E-07
0.435,0.45,-0.0060226,-5.4434E-10,0.0060218,3.3554E-07,-3.2384E-07
0.44,0.45,-0.005999,-5.4099E-10,0.005998,3.3526E-07,-3.238E-07
0.445,0.45,-0.005975,-5.4317E-10,0.0059746,3.349E-07,-3.2378E-07
0.45,0.45,-0.0059498,-5.4711000000000009E-10,0.0059494000000000005,3.3466E-07,-3.2378E-07
0.455,0.45,-0.0059240000000000004,-5.4983000000000005E-10,0.0059268,3.3442E-07,-3.238E-07
0.46,0.45,-0.0059018000000000004,-5.4934000000000009E-10,0.0059024,3.3412E-07,-3.2374E-07
0.465,0.45,-0.0058774000000000005,-5.4422E-10,0.0058778,3.3392E-07,-3.2374E-07
0.47000000000000003,0.45,-0.0058542,-5.4713000000000005E-10,0.0058528,3.3356E-07,-3.238E-07
0.47500000000000003,0.45,-0.0058296,-5.5359E-10,0.0058282,3.334E-07,-3.2378E-07
0.48000000000000004,0.45,-0.0058038000000000005,-5.5429000000000006E-10,0.0058048,3.331E-07,-3.2376E-07
0.48500000000000004,0.45,-0.005779,-5.5336E-10,0.0057794000000000005,3.3289999999999997E-07,-3.2378E-07
0.49000000000000005,0.45,-0.0057558,-5.5127E-10,0.0057572000000000005,3.3256E-07,-3.2372E-07
0.49500000000000005,0.45,-0.0057348,-5.4996E-10,0.005732,3.3238E-07,-3.2369999999999997E-07
0.5,0.45,-0.0057090000000000005,-5.5725E-10,0.0057074000000000005,3.3212E-07,-3.2372E-07
0.505,0.45,-0.0056828,-5.6183E-10,0.0056834,3.319E-07,-3.2372E-07
0.51,0.45,-0.0056582,-5.5605000000000006E-10,0.0056608,3.3166E-07,-3.2364E-07
0.515,0.45,-0.0056338000000000004,-5.5483E-10,0.0056356,3.3144E-07,-3.2366E-07
0.52,0.45,-0.005609,-5.5652000000000006E-10,0.0056108,3.3126E-07,-3.2366E-07
0.525,0.45,-0.0055852,-5.5998000000000007E-10,0.0055846,3.3104E-07,-3.2368E-07
0.53,0.45,-0.0055606,-5.6701000000000009E-10,0.0055622,3.3079999999999997E-07,-3.2366E-07
0.535,0.45,-0.005538,-5.6326000000000008E-10,0.0055356,3.3062E-07,-3.2362E-07
0.54,0.45,-0.0055128,-5.5797000000000009E-10,0.0055104,3.3044E-07,-3.2364E-07
0.545,0.45,-0.0054866,-5.6125E-10,0.0054872,3.3022E-07,-3.2364E-07
0.55,0.45,-0.0054622,-5.6519000000000009E-10,0.0054624,3.3004E-07,-3.2366E-07
0.555,0.45,-0.0054372000000000005,-5.7060000000000008E-10,0.0054382,3.2984E-07,-3.2364E-07
0.56,0.45,-0.0054114,-5.7014000000000006E-10,0.0054124,3.296E-07,-3.2355999999999997E-07
0.56500000000000006,0.45,-0.0053894,-5.6374000000000006E-10,0.0053884,3.2946E-07,-3.2358E-07
0.57000000000000006,0.45,-0.005363,-5.6392000000000005E-10,0.0053614000000000005,3.2925999999999997E-07,-3.2366E-07
0.57500000000000007,0.45,-0.0053384,-5.7082E-10,0.00534,3.2908E-07,-3.2352E-07
0.58000000000000007,0.45,-0.0053122,-5.7736000000000006E-10,0.005312,3.2896E-07,-3.2355999999999997E-07
0.58500000000000008,0.45,-0.0052868,-5.7716E-10,0.005288,3.2888E-07,-3.2354E-07
0.59000000000000008,0.45,-0.0052616,-5.724E-10,0.0052626,3.286E-07,-3.2354E-07
0.595,0.45,-0.0052386,-5.6894E-10,0.0052376,3.2852E-07,-3.235E-07
0.6,0.45,-0.0052122,-5.7653000000000008E-10,0.0052126,3.2826E-07,-3.2352E-07
0.605,0.45,-0.0051866,-5.8348E-10,0.005187,3.2813999999999997E-07,-3.2355999999999997E-07
0.61,0.45,-0.0051622000000000005,-5.832E-10,0.0051624,3.2808E-07,-3.2352E-07
0.615,0.45,-0.0051368,-5.7863E-10,0.0051378000000000005,3.2788E-07,-3.2348E-07
0.62,0.45,-0.0051096,-5.7597E-10,0.0051102000000000005,3.2774E-07,-3.2352E-07
0.625,0.45,-0.0050858,-5.8199000000000008E-10,0.005087,3.2764E-07,-3.2358E-07
0.63,0.45,-0.0050594,-5.9099E-10,0.0050598,3.275E-07,-3.236E-07
0.635,0.45,-0.005033,-5.9209000000000007E-10,0.0050324,3.2736E-07,-3.2354E-07
0.64,0.45,-0.0050068000000000005,-5.8808E-10,0.0050072,3.2732E-07,-3.235E-07
0.645,0.45,-0.0049788,-5.8493000000000007E-10,0.0049822,3.2706E-07,-3.2344E-07
0.65,0.45,-0.0049532000000000005,-5.8633000000000008E-10,0.0049552,3.2694E-07,-3.2344E-07
0.655,0.45,-0.0049264,-5.9703000000000006E-10,0.0049284,3.2687999999999997E-07,-3.2348E-07
0.66,0.45,-0.0049018,-6.0086E-10,0.0049012000000000005,3.2668E-07,-3.2344E-07
0.665,0.45,-0.0048742,-5.9534E-10,0.0048766,3.2656E-07,-3.2344E-07
0.67,0.45,-0.0048474,-5.9418E-10,0.0048496,3.2642E-07,-3.2341999999999997E-07
0.675,0.45,-0.0048192,-5.9523E-10,0.0048198,3.263E-07,-3.235E-07
0.68,0.45,-0.0047922,-6.034E-10,0.004793,3.2628E-07,-3.2344E-07
0.685,0.45,-0.0047636,-6.1065000000000006E-10,0.0047654,3.2614E-07,-3.2346E-07
0.69000000000000006,0.45,-0.0047342,-6.0854E-10,0.0047358,3.2602E-07,-3.2344E-07
0.69500000000000006,0.45,-0.0047078,-6.0246E-10,0.0047074000000000005,3.2594E-07,-3.234E-07
0.70000000000000007,0.45,-0.0046784,-6.0595000000000006E-10,0.0046804,3.2576E-07,-3.2341999999999997E-07
0.70500000000000007,0.45,-0.0046494,-6.1175000000000008E-10,0.0046492,3.2574E-07,-3.2336E-07
0.71000000000000008,0.45,-0.004619,-6.2023E-10,0.0046202000000000005,3.2572E-07,-3.2338E-07
0.71500000000000008,0.45,-0.0045908,-6.1939000000000007E-10,0.00459,3.2556E-07,-3.2338E-07
0.72000000000000008,0.45,-0.0045582,-6.1506E-10,0.004558,3.255E-07,-3.2332E-07
0.72500000000000009,0.45,-0.0045282000000000005,-6.1679E-10,0.0045284,3.2536E-07,-3.2344E-07
0.73,0.45,-0.0044938,-6.2473000000000008E-10,0.0044956,3.2532E-07,-3.2332E-07
0.735,0.45,-0.0044618,-6.3142000000000008E-10,0.0044618,3.2522E-07,-3.2338E-07
0.74,0.45,-0.0044280000000000005,-6.3255000000000005E-10,0.0044284,3.2508E-07,-3.2332E-07
0.745,0.45,-0.0043924,-6.291200000000001E-10,0.0043926,3.2508E-07,-3.2341999999999997E-07
0.75,0.45,-0.0043568,-6.2852E-10,0.0043562,3.25E-07,-3.2332E-07
0.755,0.45,-0.0043192000000000005,-6.3751E-10,0.00432,3.249E-07,-3.2334E-07
0.76,0.45,-0.0042796,-6.4592000000000008E-10,0.0042802000000000005,3.2482E-07,-3.2322E-07
0.765,0.45,-0.0042388,-6.4839000000000007E-10,0.00424,3.2472E-07,-3.2332E-07
0.77,0.45,-0.0041978,-6.473200000000001E-10,0.0041968,3.247E-07,-3.233E-07
0.775,0.45,-0.0041496,-6.4721000000000008E-10,0.0041496,3.2456E-07,-3.232E-07
0.78,0.45,-0.0041008,-6.5056000000000008E-10,0.0041002,3.246E-07,-3.2327999999999997E-07
0.785,0.45,-0.0040486,-6.6017E-10,0.0040498,3.2452E-07,-3.2324E-07
0.79,0.45,-0.0039948,-6.6735000000000008E-10,0.0039948,3.2442E-07,-3.233E-07
0.795,0.45,-0.0039352,-6.6551E-10,0.0039348000000000004,3.2438E-07,-3.2326E-07
0.8,0.45,-0.0038696,-6.6740000000000009E-10,0.0038714,3.2428E-07,-3.2324E-07
0.805,0.45,-0.0038008,-6.7539000000000008E-10,0.0038004000000000002,3.242E-07,-3.2326E-07
0.81,0.45,-0.0037242,-6.8429E-10,0.0037244,3.2414E-07,-3.232E-07
0.81500000000000006,0.45,-0.0036420000000000003,-6.8948000000000008E-10,0.0036436,3.2414E-07,-3.2324E-07
0.82000000000000006,0.45,-0.00355,-6.9178000000000007E-10,0.00355,3.241E-07,-3.2324E-07
0.82500000000000007,0.45,-0.0034504,-6.9407000000000007E-10,0.0034516,3.2408E-07,-3.2326E-07
0.83000000000000007,0.45,-0.0033424,-7.0047000000000006E-10,0.0033434000000000003,3.2396E-07,-3.2326E-07
0.83500000000000008,0.45,-0.00322,-7.136600000000001E-10,0.0032226,3.2386E-07,-3.2316E-07
0.84000000000000008,0.45,-0.0030882,-7.217600000000001E-10,0.0030874,3.2382E-07,-3.2326E-07
0.84500000000000008,0.45,-0.0029406000000000002,-7.272200000000001E-10,0.00294,3.2372E-07,-3.2318E-07
0.85000000000000009,0.45,-0.0027794,-7.2783000000000006E-10,0.0027788,3.2374E-07,-3.2332E-07
0.85500000000000009,0.45,-0.0026004,-7.366700000000001E-10,0.0026012,3.2369999999999997E-07,-3.2318E-07
0.86,0.45,-0.0024052,-7.5149000000000006E-10,0.0024054000000000002,3.2355999999999997E-07,-3.2322E-07
0.865,0.45,-0.0021892,-7.5955E-10,0.0021882,3.2354E-07,-3.2318E-07
0.87,0.45,-0.001955,-7.6665E-10,0.0019556,3.2341999999999997E-07,-3.2313999999999997E-07
0.875,0.45,-0.001696,-7.7188E-10,0.0016974,3.2336E-07,-3.2318E-07
0.88,0.45,-0.0014188,-7.8186E-10,0.0014188,3.2332E-07,-3.2312E-07
0.885,0.45,-0.0011124,-7.9534000000000007E-10,0.0011112000000000001,3.2327999999999997E-07,-3.232E-07
0.89,0.45,-0.0007846000000000001,-8.0549000000000008E-10,0.00078592000000000006,3.232E-07,-3.2322E-07
0.895,0.45,-0.00042938000000000004,-8.1362E-10,0.00042940000000000003,3.232E-07,-3.2318E-07
0.9,0.45,-3.1594E-05,-8.2414000000000011E-10,3.0804E-05,3.2312E-07,-3.232E-07
0,0.6,-0.0003057,2.8272000000000003E-10,0.00030564000000000003,4.037E-07,-3.2313999999999997E-07
0.005,0.6,-0.00030354000000000004,2.7692E-10,0.00030386000000000004,4.0194E-07,-3.2308E-07
0.01,0.6,-0.000302,2.6298E-10,0.0003021,4.0074E-07,-3.2313999999999997E-07
0.015000000000000001,0.6,-0.00030028000000000005,2.4917000000000003E-10,0.00030030000000000004,3.9914E-07,-3.231E-07
0.02,0.6,-0.00029834,2.4076E-10,0.00029852000000000004,3.975E-07,-3.2313999999999997E-07
0.025,0.6,-0.0002966,2.3901000000000004E-10,0.0002969,3.9615999999999997E-07,-3.2313999999999997E-07
0.030000000000000002,0.6,-0.000295,2.2946000000000003E-10,0.0002951,3.95E-07,-3.2313999999999997E-07
0.035,0.6,-0.00029358000000000005,2.1801E-10,0.00029354,3.9354E-07,-3.231E-07
0.04,0.6,-0.00029178,2.0271000000000002E-10,0.0002919,3.9195999999999997E-07,-3.231E-07
0.045000000000000005,0.6,-0.00028988,1.9563000000000003E-10,0.00029018,3.9076E-07,-3.2318E-07
0.05,0.6,-0.00028824,1.9221000000000003E-10,0.00028852,3.8964E-07,-3.2312E-07
0.055,0.6,-0.00028674,1.8711000000000001E-10,0.00028666,3.8806E-07,-3.2312E-07
0.060000000000000005,0.6,-0.00028496,1.7685000000000002E-10,0.00028506,3.871E-07,-3.2306E-07
0.065,0.6,-0.00028322000000000004,1.6083E-10,0.0002834,3.8566E-07,-3.2312E-07
0.07,0.6,-0.00028164,1.5160000000000002E-10,0.0002818,3.8442E-07,-3.2312E-07
0.075,0.6,-0.00027996,1.5011E-10,0.00028008000000000004,3.8331999999999997E-07,-3.2306E-07
0.08,0.6,-0.00027846,1.4573000000000002E-10,0.00027854,3.8233999999999997E-07,-3.2312E-07
0.085,0.6,-0.00027664000000000003,1.3671E-10,0.0002769,3.81E-07,-3.2312E-07
0.090000000000000011,0.6,-0.00027516000000000004,1.2333E-10,0.00027542,3.7978E-07,-3.2304E-07
0.095,0.6,-0.00027354,1.1315E-10,0.00027382000000000003,3.7864E-07,-3.2302E-07
0.1,0.6,-0.00027186,1.0844E-10,0.00027214000000000003,3.7743999999999997E-07,-3.2308E-07
0.10500000000000001,0.6,-0.00027032,1.0842000000000001E-10,0.0002705,3.7648E-07,-3.231E-07
0.11,0.6,-0.00026852,1.0083E-10,0.00026874,3.7546E-07,-3.2312E-07
0.115,0.6,-0.00026728,8.71E-11,0.00026736,3.7456E-07,-3.2304E-07
0.12000000000000001,0.6,-0.00026556,7.632E-11,0.00026598,3.734E-07,-3.2308E-07
0.125,0.6,-0.00026402,7.2550000000000011E-11,0.00026430000000000003,3.7248E-07,-3.2306E-07
0.13,0.6,-0.00026244,7.062000000000001E-11,0.00026260000000000004,3.7154E-07,-3.2318E-07
0.135,0.6,-0.00026076,6.6380000000000008E-11,0.00026104000000000004,3.7058E-07,-3.2316E-07
0.14,0.6,-0.00025926000000000004,5.4250000000000007E-11,0.00025926000000000004,3.6954E-07,-3.2312E-07
0.14500000000000002,0.6,-0.00025784,4.0730000000000004E-11,0.00025808,3.6856E-07,-3.2306E-07
0.15,0.6,-0.00025608,3.965E-11,0.00025648,3.6756E-07,-3.2312E-07
0.155,0.6,-0.00025472,3.816E-11,0.00025488,3.6669999999999997E-07,-3.2313999999999997E-07
0.16,0.6,-0.00025324,3.446E-11,0.00025344,3.6596E-07,-3.2308E-07
0.165,0.6,-0.00025168,2.4630000000000003E-11,0.00025198,3.6501999999999997E-07,-3.2313999999999997E-07
0.17,0.6,-0.00025016000000000003,1.057E-11,0.0002504,3.6416E-07,-3.2318E-07
0.17500000000000002,0.6,-0.00024868000000000004,6.0600000000000004E-12,0.00024900000000000004,3.6319999999999997E-07,-3.2312E-07
0.18000000000000002,0.6,-0.00024714,8.76E-12,0.0002473,3.6242E-07,-3.2316E-07
0.185,0.6,-0.00024562,4.4000000000000006E-12,0.00024578,3.616E-07,-3.2312E-07
0.19,0.6,-0.00024404000000000003,-3.1E-12,0.00024438000000000004,3.6078E-07,-3.2306E-07
0.195,0.6,-0.00024280000000000002,-1.541E-11,0.00024282,3.5997999999999997E-07,-3.2313999999999997E-07
0.2,0.6,-0.00024128000000000002,-2.311E-11,0.00024150000000000002,3.5916E-07,-3.2308E-07
0.20500000000000002,0.6,-0.00023968,-2.2330000000000002E-11,0.00023998000000000002,3.5838E-07,-3.2316E-07
0.21000000000000002,0.6,-0.00023836000000000002,-2.2130000000000002E-11,0.00023848,3.5773999999999997E-07,-3.2313999999999997E-07
0.215,0.6,-0.00023702,-2.9700000000000005E-11,0.00023724000000000003,3.5696E-07,-3.2296E-07
0.22,0.6,-0.0002354,-4.006E-11,0.00023586,3.5619999999999997E-07,-3.2304E-07
0.225,0.6,-0.00023408,-4.505E-11,0.00023438000000000002,3.5548E-07,-3.2299999999999997E-07
0.23,0.6,-0.00023280000000000002,-4.7950000000000006E-11,0.00023298,3.548E-07,-3.2298E-07
0.23500000000000001,0.6,-0.00023132,-4.5860000000000004E-11,0.00023146,3.5418E-07,-3.2294E-07
0.24000000000000002,0.6,-0.00022996000000000003,-5.1770000000000006E-11,0.00023006,3.5352E-07,-3.2294E-07
0.24500000000000002,0.6,-0.00022850000000000003,-6.278E-11,0.00022860000000000003,3.528E-07,-3.2296E-07
0.25,0.6,-0.00022702,-6.9880000000000008E-11,0.00022720000000000002,3.5217999999999997E-07,-3.2296E-07
0.255,0.6,-0.00022576,-7.0570000000000008E-11,0.00022598,3.5156E-07,-3.2294E-07
0.26,0.6,-0.00022418,-6.827E-11,0.00022456,3.5096E-07,-3.2302E-07
0.265,0.6,-0.00022286000000000002,-6.973E-11,0.00022314,3.5032E-07,-3.2299999999999997E-07
0.27,0.6,-0.00022134000000000002,-8.1740000000000007E-11,0.00022178,3.4974E-07,-3.2302E-07
0.275,0.6,-0.00021994,-9.0890000000000009E-11,0.00022042,3.4916E-07,-3.2306E-07
0.28,0.6,-0.00021872000000000002,-9.1360000000000008E-11,0.00021894000000000002,3.487E-07,-3.2308E-07
0.28500000000000003,0.6,-0.00021732,-9.0830000000000011E-11,0.00021768000000000002,3.4796E-07,-3.2302E-07
0.29000000000000004,0.6,-0.00021598,-8.9290000000000009E-11,0.00021616000000000002,3.476E-07,-3.2312E-07
0.29500000000000004,0.6,-0.00021482,-9.73E-11,0.00021488,3.4698E-07,-3.2306E-07
0.3,0.6,-0.00021348000000000002,-1.0887000000000001E-10,0.00021358000000000003,3.4642E-07,-3.2306E-07
0.305,0.6,-0.00021206000000000003,-1.1176000000000001E-10,0.00021224000000000001,3.4586E-07,-3.2296E-07
0.31,0.6,-0.00021050000000000002,-1.1029000000000001E-10,0.00021096000000000003,3.453E-07,-3.2299999999999997E-07
0.315,0.6,-0.00020944,-1.0950000000000001E-10,0.00020948,3.4488E-07,-3.2302E-07
0.32,0.6,-0.00020808,-1.118E-10,0.00020848,3.443E-07,-3.2302E-07
0.325,0.6,-0.00020678000000000002,-1.2428E-10,0.00020708,3.439E-07,-3.2306E-07
0.33,0.6,-0.00020548000000000002,-1.2976E-10,0.00020580000000000002,3.4326E-07,-3.2296E-07
0.335,0.6,-0.00020418000000000001,-1.2622E-10,0.00020442000000000003,3.429E-07,-3.2299999999999997E-07
0.34,0.6,-0.00020282,-1.2417000000000002E-10,0.00020304,3.4244E-07,-3.2302E-07
0.34500000000000003,0.6,-0.00020150000000000002,-1.2838E-10,0.00020176000000000002,3.4195999999999997E-07,-3.2299999999999997E-07
0.35000000000000003,0.6,-0.00020024000000000002,-1.3695E-10,0.00020056000000000002,3.415E-07,-3.2299999999999997E-07
0.35500000000000004,0.6,-0.00019910000000000002,-1.4516000000000002E-10,0.00019926,3.4111999999999997E-07,-3.2306E-07
0.36000000000000004,0.6,-0.0001978,-1.4298E-10,0.00019804000000000002,3.4072E-07,-3.2308E-07
0.365,0.6,-0.00019662000000000003,-1.388E-10,0.00019674000000000002,3.4038E-07,-3.2302E-07
0.37,0.6,-0.00019528000000000001,-1.4237000000000002E-10,0.00019554000000000002,3.3992E-07,-3.2302E-07
0.375,0.6,-0.00019402000000000002,-1.5049000000000002E-10,0.00019432000000000002,3.395E-07,-3.231E-07
0.38,0.6,-0.00019270000000000002,-1.5611000000000002E-10,0.00019318000000000002,3.3912E-07,-3.2306E-07
0.385,0.6,-0.00019150000000000002,-1.5747E-10,0.00019174,3.3874E-07,-3.2302E-07
0.39,0.6,-0.00019038,-1.5397E-10,0.00019060000000000003,3.3834E-07,-3.2306E-07
0.395,0.6,-0.00018914000000000002,-1.5309E-10,0.00018944,3.3802E-07,-3.2302E-07
0.4,0.6,-0.00018786,-1.6152E-10,0.00018818,3.376E-07,-3.2302E-07
0.405,0.6,-0.00018658000000000002,-1.6942000000000002E-10,0.00018702,3.3722E-07,-3.2302E-07
0.41000000000000003,0.6,-0.0001855,-1.6808E-10,0.00018582,3.3702E-07,-3.2299999999999997E-07
0.41500000000000004,0.6,-0.00018434000000000001,-1.6591000000000003E-10,0.00018438000000000002,3.3653999999999997E-07,-3.2298E-07
0.42000000000000004,0.6,-0.00018302000000000002,-1.6511E-10,0.00018334000000000002,3.3618E-07,-3.2288E-07
0.42500000000000004,0.6,-0.0001818,-1.7088E-10,0.00018206,3.359E-07,-3.2302E-07
0.43,0.6,-0.00018056000000000002,-1.7824000000000002E-10,0.0001809,3.3562E-07,-3.2296E-07
0.435,0.6,-0.00017946000000000002,-1.7929E-10,0.00017984,3.3536E-07,-3.2299999999999997E-07
0.44,0.6,-0.00017838,-1.7573000000000002E-10,0.00017846000000000002,3.3498E-07,-3.2299999999999997E-07
0.445,0.6,-0.00017724,-1.7727000000000003E-10,0.00017736000000000002,3.3466E-07,-3.2294E-07
0.45,0.6,-0.00017592,-1.7866E-10,0.00017624,3.3446E-07,-3.2296E-07
0.455,0.6,-0.00017480000000000002,-1.877E-10,0.00017512000000000002,3.341E-07,-3.2298E-07
0.46,0.6,-0.00017368,-1.8599000000000002E-10,0.00017392000000000002,3.3386E-07,-3.2294E-07
0.465,0.6,-0.00017254,-1.8558000000000002E-10,0.00017274,3.3362E-07,-3.2299999999999997E-07
0.47000000000000003,0.6,-0.00017128,-1.8459E-10,0.00017168,3.333E-07,-3.2302E-07
0.47500000000000003,0.6,-0.00017020000000000002,-1.8812000000000002E-10,0.0001705,3.33E-07,-3.2296E-07
0.48000000000000004,0.6,-0.00016916,-1.92E-10,0.00016926000000000002,3.3284E-07,-3.2308E-07
0.48500000000000004,0.6,-0.00016790000000000002,-1.9765E-10,0.00016814,3.3252E-07,-3.2302E-07
0.49000000000000005,0.6,-0.00016668000000000002,-1.9270000000000002E-10,0.00016698,3.3222E-07,-3.2298E-07
0.49500000000000005,0.6,-0.0001655,-1.9143E-10,0.00016580000000000002,3.321E-07,-3.2302E-07
0.5,0.6,-0.00016454000000000002,-1.9628000000000002E-10,0.00016474,3.3182E-07,-3.2296E-07
0.505,0.6,-0.00016340000000000001,-2.0081000000000003E-10,0.00016376000000000002,3.3162E-07,-3.2299999999999997E-07
0.51,0.6,-0.00016234000000000002,-2.0076000000000001E-10,0.00016258,3.3134E-07,-3.2299999999999997E-07
0.515,0.6,-0.0001611,-1.9958000000000002E-10,0.00016162000000000002,3.3118E-07,-3.2298E-07
0.52,0.6,-0.00016006,-1.9748000000000003E-10,0.00016024,3.3093999999999997E-07,-3.2296E-07
0.525,0.6,-0.00015902,-2.0017000000000002E-10,0.00015912,3.3068E-07,-3.2299999999999997E-07
0.53,0.6,-0.00015788,-2.0602000000000003E-10,0.00015816000000000002,3.3056E-07,-3.2296E-07
0.535,0.6,-0.00015674000000000002,-2.0646E-10,0.0001571,3.3034E-07,-3.2302E-07
0.54,0.6,-0.00015558,-2.0332000000000003E-10,0.00015582,3.3016E-07,-3.2304E-07
0.545,0.6,-0.00015462,-2.0325000000000002E-10,0.00015474,3.2994E-07,-3.2294E-07
0.55,0.6,-0.00015344000000000002,-2.0554000000000002E-10,0.00015370000000000002,3.2966E-07,-3.2299999999999997E-07
0.555,0.6,-0.00015260000000000002,-2.0945E-10,0.0001527,3.2953999999999997E-07,-3.2296E-07
0.56,0.6,-0.00015132,-2.1033E-10,0.00015164,3.2934E-07,-3.2296E-07
0.56500000000000006,0.6,-0.00015036000000000002,-2.0753E-10,0.00015058,3.2918E-07,-3.2304E-07
0.57000000000000006,0.6,-0.00014926000000000002,-2.0410000000000002E-10,0.00014954,3.29E-07,-3.2296E-07
0.57500000000000007,0.6,-0.00014816000000000002,-2.1148000000000003E-10,0.0001484,3.2883999999999997E-07,-3.2294E-07
0.58000000000000007,0.6,-0.00014708,-2.1306E-10,0.00014746,3.2864E-07,-3.2299999999999997E-07
0.58500000000000008,0.6,-0.00014598,-2.1293E-10,0.00014624,3.2848E-07,-3.2299999999999997E-07
0.59000000000000008,0.6,-0.00014506,-2.1079000000000003E-10,0.0001454,3.2838E-07,-3.2302E-07
0.595,0.6,-0.00014394,-2.076E-10,0.0001442,3.2818E-07,-3.2294E-07
0.6,0.6,-0.0001429,-2.1257000000000002E-10,0.00014322,3.281E-07,-3.2298E-07
0.605,0.6,-0.0001417,-2.1835000000000003E-10,0.0001421,3.2784E-07,-3.2298E-07
0.61,0.6,-0.00014062000000000002,-2.1574000000000002E-10,0.00014110000000000001,3.2771999999999997E-07,-3.2294E-07
0.615,0.6,-0.0001397,-2.1189E-10,0.00014004000000000002,3.2754E-07,-3.2294E-07
0.62,0.6,-0.00013872,-2.1261000000000003E-10,0.00013900000000000002,3.274E-07,-3.2298E-07
0.625,0.6,-0.00013774000000000002,-2.1487000000000003E-10,0.00013800000000000002,3.2732E-07,-3.2302E-07
0.63,0.6,-0.00013674,-2.2141000000000001E-10,0.00013698,3.2712E-07,-3.2299999999999997E-07
0.635,0.6,-0.00013558,-2.2058000000000003E-10,0.00013592,3.2706E-07,-3.2298E-07
0.64,0.6,-0.00013468,-2.1387E-10,0.00013486000000000002,3.2687999999999997E-07,-3.2292E-07
0.645,0.6,-0.00013366000000000002,-2.1316000000000002E-10,0.0001339,3.2672E-07,-3.229E-07
0.65,0.6,-0.00013248,-2.1764E-10,0.00013288000000000002,3.2666E-07,-3.2294E-07
0.655,0.6,-0.00013162000000000002,-2.2167000000000002E-10,0.00013188000000000002,3.2652E-07,-3.229E-07
0.66,0.6,-0.00013054,-2.2409000000000002E-10,0.00013086,3.264E-07,-3.2299999999999997E-07
0.665,0.6,-0.00012958000000000002,-2.1882000000000003E-10,0.00012994000000000002,3.2628E-07,-3.2296E-07
0.67,0.6,-0.00012852,-2.1415E-10,0.00012882,3.2612E-07,-3.2299999999999997E-07
0.675,0.6,-0.00012754000000000002,-2.2085000000000002E-10,0.00012784,3.2603999999999997E-07,-3.2294E-07
0.68,0.6,-0.0001265,-2.2562000000000002E-10,0.00012696000000000002,3.2592E-07,-3.2294E-07
0.685,0.6,-0.00012566,-2.2555E-10,0.00012570000000000002,3.2586E-07,-3.2298E-07
0.69000000000000006,0.6,-0.00012448,-2.2283000000000002E-10,0.00012488,3.2576E-07,-3.2298E-07
0.69500000000000006,0.6,-0.00012346000000000001,-2.1877E-10,0.0001239,3.2564E-07,-3.2299999999999997E-07
0.70000000000000007,0.6,-0.00012258,-2.2212000000000003E-10,0.00012274,3.256E-07,-3.2306E-07
0.70500000000000007,0.6,-0.00012156000000000001,-2.2983000000000002E-10,0.00012184000000000001,3.2546E-07,-3.2304E-07
0.71000000000000008,0.6,-0.00012058,-2.3023000000000002E-10,0.00012074000000000001,3.2538E-07,-3.2296E-07
0.71500000000000008,0.6,-0.00011958,-2.2658E-10,0.00011982,3.2528E-07,-3.2302E-07
0.72000000000000008,0.6,-0.00011864,-2.2463000000000003E-10,0.00011878000000000001,3.252E-07,-3.2296E-07
0.72500000000000009,0.6,-0.00011752000000000001,-2.2464E-10,0.00011772,3.251E-07,-3.2299999999999997E-07
0.73,0.6,-0.00011656000000000001,-2.3111000000000002E-10,0.00011682000000000001,3.2498E-07,-3.2296E-07
0.735,0.6,-0.00011552,-2.3422E-10,0.00011584,3.2494E-07,-3.2294E-07
0.74,0.6,-0.0001145,-2.3200000000000003E-10,0.00011484,3.249E-07,-3.2304E-07
0.745,0.6,-0.00011354,-2.2820000000000002E-10,0.00011376000000000001,3.2482E-07,-3.2299999999999997E-07
0.75,0.6,-0.00011246,-2.3035E-10,0.0001127,3.2474E-07,-3.2306E-07
0.755,0.6,-0.00011142,-2.3577E-10,0.00011178,3.2468E-07,-3.2302E-07
0.76,0.6,-0.00011042,-2.3904000000000003E-10,0.0001106,3.2454E-07,-3.2296E-07
0.765,0.6,-0.00010922,-2.3904000000000003E-10,0.00010954000000000001,3.2448E-07,-3.2294E-07
0.77,0.6,-0.00010826000000000001,-2.3412E-10,0.00010848,3.2446E-07,-3.2294E-07
0.775,0.6,-0.00010708000000000001,-2.3594E-10,0.00010742000000000001,3.2438E-07,-3.2292E-07
0.78,0.6,-0.00010598000000000001,-2.4068000000000004E-10,0.00010626,3.2428E-07,-3.2299999999999997E-07
0.785,0.6,-0.00010476,-2.4426000000000004E-10,0.00010510000000000001,3.2424E-07,-3.2299999999999997E-07
0.79,0.6,-0.00010356,-2.4544000000000003E-10,0.00010392000000000001,3.242E-07,-3.2296E-07
0.795,0.6,-0.0001023,-2.4399E-10,0.00010272,3.2414E-07,-3.2299999999999997E-07
0.8,0.6,-0.000101218,-2.4351E-10,0.00010118,3.2404E-07,-3.2294E-07
0.805,0.6,-9.991E-05,-2.4739E-10,9.9858E-05,3.2392E-07,-3.2299999999999997E-07
0.81,0.6,-9.8412E-05,-2.5117E-10,9.84E-05,3.2392E-07,-3.2299999999999997E-07
0.81500000000000006,0.6,-9.6826E-05,-2.5249E-10,9.6808E-05,3.2386E-07,-3.2294E-07
0.82000000000000006,0.6,-9.5038000000000007E-05,-2.503E-10,9.506400000000001E-05,3.2384E-07,-3.2299999999999997E-07
0.82500000000000007,0.6,-9.3184000000000008E-05,-2.5188E-10,9.3172000000000008E-05,3.2374E-07,-3.2294E-07
0.83000000000000007,0.6,-9.119E-05,-2.5899E-10,9.1218E-05,3.2368E-07,-3.2294E-07
0.83500000000000008,0.6,-8.884000000000001E-05,-2.6266E-10,8.8858000000000009E-05,3.2364E-07,-3.2294E-07
0.84000000000000008,0.6,-8.6368E-05,-2.6341E-10,8.638000000000001E-05,3.2358E-07,-3.2302E-07
0.84500000000000008,0.6,-8.3498E-05,-2.6279000000000003E-10,8.35E-05,3.236E-07,-3.2306E-07
0.85000000000000009,0.6,-8.0278E-05,-2.6239E-10,8.027E-05,3.2355999999999997E-07,-3.2294E-07
0.85500000000000009,0.6,-7.661E-05,-2.6849E-10,7.6592E-05,3.2348E-07,-3.2302E-07
0.86,0.6,-7.2336E-05,-2.7474E-10,7.2402E-05,3.2344E-07,-3.2302E-07
0.865,0.6,-6.7514E-05,-2.7562000000000003E-10,6.7526E-05,3.2336E-07,-3.2299999999999997E-07
0.87,0.6,-6.1876E-05,-2.7732000000000003E-10,6.1856E-05,3.2336E-07,-3.231E-07
0.875,0.6,-5.5360000000000005E-05,-2.7643E-10,5.5306E-05,3.233E-07,-3.2298E-07
0.88,0.6,-4.7852E-05,-2.8215E-10,4.7864E-05,3.2332E-07,-3.2302E-07
0.885,0.6,-3.8924E-05,-2.9034E-10,3.8964E-05,3.2318E-07,-3.231E-07
0.89,0.6,-2.8618E-05,-2.9407E-10,2.8630000000000002E-05,3.2312E-07,-3.2306E-07
0.895,0.6,-1.6336E-05,-2.9156E-10,1.6312E-05,3.2306E-07,-3.2306E-07
0.9,0.6,-2.0669E-06,-2.9599000000000003E-10,2.0788000000000003E-06,3.2298E-07,-3.2294E-07
0,0.75,-3.6713000000000003E-06,8.4963000000000009E-10,3.5891000000000005E-06,4.0479999999999997E-07,-3.229E-07
0.005,0.75,-3.6458000000000003E-06,8.3538000000000007E-10,3.5694000000000005E-06,4.0346E-07,-3.2296E-07
0.01,0.75,-3.6208000000000006E-06,8.1828000000000009E-10,3.5451E-06,4.0178E-07,-3.2294E-07
0.015000000000000001,0.75,-3.6009000000000005E-06,8.0474000000000006E-10,3.5227E-06,4.0012E-07,-3.2296E-07
0.02,0.75,-3.5704E-06,7.943E-10,3.4992000000000003E-06,3.9881999999999997E-07,-3.2298E-07
0.025,0.75,-3.5491000000000005E-06,7.804100000000001E-10,3.4777E-06,3.9718E-07,-3.2292E-07
0.030000000000000002,0.75,-3.5285E-06,7.6414E-10,3.4558000000000004E-06,3.96E-07,-3.2294E-07
0.035,0.75,-3.5014000000000005E-06,7.4632000000000007E-10,3.4322000000000004E-06,3.9468E-07,-3.2296E-07
0.04,0.75,-3.4791000000000003E-06,7.3834000000000006E-10,3.4121000000000003E-06,3.9326E-07,-3.2292E-07
0.045000000000000005,0.75,-3.4566000000000005E-06,7.2692E-10,3.3902E-06,3.9198E-07,-3.2298E-07
0.05,0.75,-3.4329E-06,7.103E-10,3.3656000000000004E-06,3.9055999999999997E-07,-3.2299999999999997E-07
0.055,0.75,-3.4111000000000003E-06,6.9539E-10,3.3470000000000003E-06,3.8926E-07,-3.2296E-07
0.060000000000000005,0.75,-3.3889000000000003E-06,6.8323E-10,3.3254000000000004E-06,3.8808E-07,-3.2298E-07
0.065,0.75,-3.3650000000000004E-06,6.7289E-10,3.3055000000000004E-06,3.8663999999999997E-07,-3.2304E-07
0.07,0.75,-3.3399000000000004E-06,6.6187E-10,3.283E-06,3.8546E-07,-3.2298E-07
0.075,0.75,-3.3200000000000004E-06,6.4729E-10,3.2625000000000005E-06,3.8426E-07,-3.229E-07
0.08,0.75,-3.2994E-06,6.332900000000001E-10,3.2390000000000002E-06,3.8312E-07,-3.2294E-07
0.085,0.75,-3.2764000000000005E-06,6.2001E-10,3.2208E-06,3.818E-07,-3.2298E-07
0.090000000000000011,0.75,-3.2534000000000005E-06,6.1197E-10,3.1992000000000002E-06,3.8076E-07,-3.2299999999999997E-07
0.095,0.75,-3.2334000000000002E-06,6.021E-10,3.1789E-06,3.7967999999999997E-07,-3.2302E-07
0.1,0.75,-3.2072000000000004E-06,5.8557000000000008E-10,3.1552000000000003E-06,3.7834E-07,-3.2294E-07
0.10500000000000001,0.75,-3.1904000000000004E-06,5.717E-10,3.1379000000000005E-06,3.7706E-07,-3.2292E-07
0.11,0.75,-3.1681E-06,5.646E-10,3.1160000000000003E-06,3.7608E-07,-3.2292E-07
0.115,0.75,-3.1458000000000004E-06,5.5586000000000008E-10,3.0946000000000004E-06,3.7518E-07,-3.2302E-07
0.12000000000000001,0.75,-3.1273E-06,5.4316E-10,3.0781000000000002E-06,3.7407999999999997E-07,-3.2302E-07
0.125,0.75,-3.1067000000000003E-06,5.3099E-10,3.0586000000000002E-06,3.7312E-07,-3.2299999999999997E-07
0.13,0.75,-3.0838000000000004E-06,5.1769E-10,3.0362000000000003E-06,3.7211999999999997E-07,-3.2296E-07
0.135,0.75,-3.0662000000000004E-06,5.0983000000000009E-10,3.0183000000000004E-06,3.711E-07,-3.2285999999999997E-07
0.14,0.75,-3.0448000000000005E-06,5.0265E-10,2.9993000000000002E-06,3.6998E-07,-3.2284E-07
0.14500000000000002,0.75,-3.0231000000000003E-06,4.9133E-10,2.9758000000000004E-06,3.6916E-07,-3.2285999999999997E-07
0.15,0.75,-3.0012E-06,4.778E-10,2.9606000000000005E-06,3.682E-07,-3.2285999999999997E-07
0.155,0.75,-2.9796000000000002E-06,4.6615E-10,2.9384E-06,3.672E-07,-3.2288E-07
0.16,0.75,-2.9630000000000003E-06,4.6135E-10,2.9201000000000002E-06,3.6646E-07,-3.2292E-07
0.165,0.75,-2.9425E-06,4.5296000000000006E-10,2.8973E-06,3.6548E-07,-3.2284E-07
0.17,0.75,-2.9196000000000004E-06,4.403E-10,2.882E-06,3.6458E-07,-3.2288E-07
0.17500000000000002,0.75,-2.8999000000000004E-06,4.2922000000000004E-10,2.865E-06,3.6366E-07,-3.229E-07
0.18000000000000002,0.75,-2.8827000000000004E-06,4.2254E-10,2.843E-06,3.629E-07,-3.2284E-07
0.185,0.75,-2.8591000000000003E-06,4.1346000000000004E-10,2.8259000000000003E-06,3.6202E-07,-3.2282E-07
0.19,0.75,-2.8435000000000004E-06,4.0606000000000004E-10,2.8084E-06,3.612E-07,-3.229E-07
0.195,0.75,-2.8254E-06,3.9477E-10,2.7895E-06,3.6036E-07,-3.2285999999999997E-07
0.2,0.75,-2.8058000000000003E-06,3.8256E-10,2.7734000000000004E-06,3.5964E-07,-3.2284E-07
0.20500000000000002,0.75,-2.786E-06,3.7701E-10,2.7531000000000004E-06,3.5878E-07,-3.2284E-07
0.21000000000000002,0.75,-2.7683000000000002E-06,3.7136000000000005E-10,2.7364E-06,3.582E-07,-3.229E-07
0.215,0.75,-2.7479000000000004E-06,3.6044000000000005E-10,2.7159E-06,3.5731999999999997E-07,-3.2294E-07
0.22,0.75,-2.7325E-06,3.4972E-10,2.6993E-06,3.5668E-07,-3.2292E-07
0.225,0.75,-2.713E-06,3.4176E-10,2.6809000000000005E-06,3.5596E-07,-3.2294E-07
0.23,0.75,-2.6944000000000004E-06,3.3707E-10,2.6636000000000002E-06,3.552E-07,-3.2294E-07
0.23500000000000001,0.75,-2.6759E-06,3.2894E-10,2.6463000000000004E-06,3.5448E-07,-3.229E-07
0.24000000000000002,0.75,-2.6600000000000004E-06,3.1707E-10,2.6300000000000002E-06,3.5392E-07,-3.2299999999999997E-07
0.24500000000000002,0.75,-2.6405000000000004E-06,3.1057000000000005E-10,2.6096000000000004E-06,3.5318E-07,-3.2296E-07
0.25,0.75,-2.6219000000000003E-06,3.0404E-10,2.5943000000000003E-06,3.5254E-07,-3.229E-07
0.255,0.75,-2.6046000000000004E-06,2.9607000000000004E-10,2.577E-06,3.5182E-07,-3.2299999999999997E-07
0.26,0.75,-2.5832E-06,2.9001E-10,2.5608E-06,3.5124E-07,-3.229E-07
0.265,0.75,-2.5694000000000003E-06,2.7951E-10,2.5443000000000004E-06,3.5058E-07,-3.2284E-07
0.27,0.75,-2.5521E-06,2.7225E-10,2.5245E-06,3.4998E-07,-3.2285999999999997E-07
0.275,0.75,-2.5343000000000005E-06,2.6728000000000003E-10,2.5112E-06,3.4936E-07,-3.229E-07
0.28,0.75,-2.5169000000000004E-06,2.6145E-10,2.4936E-06,3.4888E-07,-3.229E-07
0.28500000000000003,0.75,-2.4989000000000003E-06,2.5172000000000004E-10,2.4767000000000004E-06,3.483E-07,-3.2292E-07
0.29000000000000004,0.75,-2.4838000000000003E-06,2.439E-10,2.4586E-06,3.4776E-07,-3.2299999999999997E-07
0.29500000000000004,0.75,-2.4643000000000003E-06,2.3922000000000003E-10,2.4423000000000003E-06,3.4722E-07,-3.2292E-07
0.3,0.75,-2.4492E-06,2.3609E-10,2.4267000000000004E-06,3.467E-07,-3.2294E-07
0.305,0.75,-2.4316E-06,2.2606000000000002E-10,2.4119E-06,3.4615999999999997E-07,-3.2299999999999997E-07
0.31,0.75,-2.4159000000000005E-06,2.1679E-10,2.3947E-06,3.4554E-07,-3.2294E-07
0.315,0.75,-2.3961000000000002E-06,2.1476000000000002E-10,2.3784000000000004E-06,3.451E-07,-3.2294E-07
0.32,0.75,-2.3829E-06,2.0976E-10,2.363E-06,3.4456E-07,-3.2292E-07
0.325,0.75,-2.3665E-06,2.0128000000000003E-10,2.3452000000000004E-06,3.441E-07,-3.2296E-07
0.33,0.75,-2.3506000000000004E-06,1.9495E-10,2.3320000000000003E-06,3.437E-07,-3.2298E-07
0.335,0.75,-2.3341000000000002E-06,1.8910000000000002E-10,2.3167E-06,3.4318E-07,-3.2285999999999997E-07
0.34,0.75,-2.3165E-06,1.8333E-10,2.3001000000000002E-06,3.4268E-07,-3.2296E-07
0.34500000000000003,0.75,-2.3016E-06,1.8072000000000002E-10,2.2848E-06,3.4228E-07,-3.2296E-07
0.35000000000000003,0.75,-2.2857000000000004E-06,1.7517E-10,2.2690000000000002E-06,3.4172E-07,-3.229E-07
0.35500000000000004,0.75,-2.2684E-06,1.6617E-10,2.2538000000000003E-06,3.4134E-07,-3.2302E-07
0.36000000000000004,0.75,-2.2545E-06,1.6007000000000002E-10,2.2379E-06,3.4092E-07,-3.2294E-07
0.365,0.75,-2.2385000000000003E-06,1.5961E-10,2.2249E-06,3.405E-07,-3.2294E-07
0.37,0.75,-2.2231000000000004E-06,1.5580000000000002E-10,2.2083E-06,3.4016E-07,-3.2294E-07
0.375,0.75,-2.2081E-06,1.4662E-10,2.1941000000000003E-06,3.3974E-07,-3.2299999999999997E-07
0.38,0.75,-2.1936E-06,1.411E-10,2.1795E-06,3.3926E-07,-3.2306E-07
0.385,0.75,-2.1768E-06,1.3765E-10,2.1621E-06,3.3894E-07,-3.2296E-07
0.39,0.75,-2.1617000000000004E-06,1.3567E-10,2.1506000000000002E-06,3.3856E-07,-3.2294E-07
0.395,0.75,-2.1474000000000004E-06,1.3174E-10,2.1349E-06,3.3816E-07,-3.2294E-07
0.4,0.75,-2.1315000000000003E-06,1.2306E-10,2.1214E-06,3.3782E-07,-3.2296E-07
0.405,0.75,-2.1177E-06,1.1879E-10,2.1061E-06,3.3744E-07,-3.2299999999999997E-07
0.41000000000000003,0.75,-2.1037000000000003E-06,1.1555E-10,2.0926E-06,3.3712E-07,-3.2296E-07
0.41500000000000004,0.75,-2.0879000000000004E-06,1.1380000000000001E-10,2.077E-06,3.368E-07,-3.2296E-07
0.42000000000000004,0.75,-2.0712E-06,1.1068000000000001E-10,2.0624000000000004E-06,3.3639999999999997E-07,-3.2296E-07
0.42500000000000004,0.75,-2.0591000000000003E-06,9.961E-11,2.0489000000000004E-06,3.361E-07,-3.2298E-07
0.43,0.75,-2.0455E-06,9.611E-11,2.0345E-06,3.3572E-07,-3.2298E-07
0.435,0.75,-2.0285E-06,9.8560000000000007E-11,2.0207000000000004E-06,3.3546E-07,-3.2292E-07
0.44,0.75,-2.0169E-06,9.374E-11,2.0071000000000002E-06,3.3506E-07,-3.2296E-07
0.445,0.75,-2.0015000000000002E-06,8.801E-11,1.9918E-06,3.3485999999999997E-07,-3.2298E-07
0.45,0.75,-1.9884000000000003E-06,8.3420000000000008E-11,1.9794E-06,3.3454E-07,-3.2294E-07
0.455,0.75,-1.9735000000000002E-06,7.805E-11,1.9656000000000003E-06,3.3424E-07,-3.2294E-07
0.46,0.75,-1.9612000000000004E-06,7.8400000000000008E-11,1.9523000000000003E-06,3.3404E-07,-3.2298E-07
0.465,0.75,-1.9461000000000003E-06,7.688000000000001E-11,1.9381E-06,3.3373999999999997E-07,-3.2299999999999997E-07
0.47000000000000003,0.75,-1.9315E-06,7.0260000000000011E-11,1.9245000000000004E-06,3.334E-07,-3.2294E-07
0.47500000000000003,0.75,-1.9173000000000003E-06,6.5270000000000011E-11,1.9109E-06,3.3312E-07,-3.2288E-07
0.48000000000000004,0.75,-1.9052000000000002E-06,6.3450000000000011E-11,1.8982E-06,3.3286E-07,-3.229E-07
0.48500000000000004,0.75,-1.8911000000000002E-06,6.2490000000000009E-11,1.8843000000000001E-06,3.3272E-07,-3.2299999999999997E-07
0.49000000000000005,0.75,-1.8784E-06,5.969E-11,1.8709000000000002E-06,3.3242E-07,-3.229E-07
0.49500000000000005,0.75,-1.8649000000000001E-06,5.2470000000000007E-11,1.8580000000000003E-06,3.321E-07,-3.2294E-07
0.5,0.75,-1.8528000000000003E-06,5.026E-11,1.8436000000000002E-06,3.3186E-07,-3.2296E-07
0.505,0.75,-1.8358000000000003E-06,5.0280000000000006E-11,1.8308000000000001E-06,3.3166E-07,-3.2288E-07
0.51,0.75,-1.8246000000000003E-06,4.836E-11,1.8193E-06,3.3138E-07,-3.2288E-07
0.515,0.75,-1.8112000000000001E-06,4.169E-11,1.8051E-06,3.3116E-07,-3.229E-07
0.52,0.75,-1.7991000000000003E-06,3.8180000000000004E-11,1.7928000000000002E-06,3.3096E-07,-3.2294E-07
0.525,0.75,-1.7849000000000003E-06,3.8430000000000003E-11,1.7813000000000002E-06,3.3079999999999997E-07,-3.2294E-07
0.53,0.75,-1.7728000000000002E-06,3.6400000000000005E-11,1.7681000000000003E-06,3.3051999999999997E-07,-3.2288E-07
0.535,0.75,-1.7607000000000001E-06,3.285E-11,1.7532000000000002E-06,3.3036E-07,-3.229E-07
0.54,0.75,-1.7483000000000003E-06,3.0390000000000004E-11,1.7441000000000002E-06,3.3018E-07,-3.2296E-07
0.545,0.75,-1.7343000000000003E-06,2.484E-11,1.7298000000000002E-06,3.2995999999999997E-07,-3.2296E-07
0.55,0.75,-1.7229000000000003E-06,2.493E-11,1.7186000000000002E-06,3.2984E-07,-3.2296E-07
0.555,0.75,-1.7107000000000002E-06,2.502E-11,1.7059000000000003E-06,3.295E-07,-3.2285999999999997E-07
0.56,0.75,-1.6984000000000001E-06,2.092E-11,1.6944000000000002E-06,3.2939999999999997E-07,-3.2298E-07
0.56500000000000006,0.75,-1.6853000000000002E-06,1.7670000000000002E-11,1.6812E-06,3.2918E-07,-3.2294E-07
0.57000000000000006,0.75,-1.6727E-06,1.453E-11,1.6699E-06,3.2914E-07,-3.2296E-07
0.57500000000000007,0.75,-1.6607000000000003E-06,1.4290000000000002E-11,1.6566000000000002E-06,3.2888E-07,-3.2306E-07
0.58000000000000007,0.75,-1.6492000000000002E-06,1.4050000000000001E-11,1.6462000000000002E-06,3.2868E-07,-3.229E-07
0.58500000000000008,0.75,-1.6370000000000002E-06,9.43E-12,1.6339000000000002E-06,3.2854E-07,-3.2299999999999997E-07
0.59000000000000008,0.75,-1.6243E-06,7.1900000000000007E-12,1.6217E-06,3.284E-07,-3.2298E-07
0.595,0.75,-1.6119000000000002E-06,4.23E-12,1.6103E-06,3.2822E-07,-3.2298E-07
0.6,0.75,-1.6008000000000002E-06,4.9500000000000005E-12,1.5973000000000002E-06,3.2802E-07,-3.2294E-07
0.605,0.75,-1.5887000000000001E-06,4.87E-12,1.5868000000000002E-06,3.2785999999999997E-07,-3.2288E-07
0.61,0.75,-1.5759000000000002E-06,2.3000000000000003E-13,1.5743000000000001E-06,3.2774E-07,-3.229E-07
0.615,0.75,-1.5648000000000003E-06,-3.0900000000000004E-12,1.5632000000000001E-06,3.276E-07,-3.229E-07
0.62,0.75,-1.5528000000000002E-06,-3.1E-12,1.5514E-06,3.2742E-07,-3.2306E-07
0.625,0.75,-1.5399E-06,-1.96E-12,1.5399E-06,3.2729999999999997E-07,-3.229E-07
0.63,0.75,-1.5296000000000001E-06,-4.0500000000000007E-12,1.5286E-06,3.2718E-07,-3.2288E-07
0.635,0.75,-1.5179000000000001E-06,-7.7800000000000012E-12,1.5147E-06,3.2708E-07,-3.2298E-07
0.64,0.75,-1.5071000000000002E-06,-1.014E-11,1.5053000000000002E-06,3.2694E-07,-3.2296E-07
0.645,0.75,-1.4947E-06,-8.21E-12,1.4944000000000003E-06,3.2686E-07,-3.229E-07
0.65,0.75,-1.4832E-06,-9.67E-12,1.4822000000000002E-06,3.2664E-07,-3.2296E-07
0.655,0.75,-1.4717000000000002E-06,-1.049E-11,1.4717000000000002E-06,3.2656E-07,-3.2292E-07
0.66,0.75,-1.4599000000000002E-06,-1.4090000000000002E-11,1.4600000000000002E-06,3.264E-07,-3.2294E-07
0.665,0.75,-1.4496E-06,-1.591E-11,1.4490000000000002E-06,3.263E-07,-3.2292E-07
0.67,0.75,-1.4388E-06,-1.313E-11,1.4376000000000002E-06,3.2617999999999997E-07,-3.2298E-07
0.675,0.75,-1.4268E-06,-1.4170000000000001E-11,1.4274E-06,3.261E-07,-3.2302E-07
0.68,0.75,-1.4161E-06,-1.788E-11,1.4161E-06,3.2598E-07,-3.2299999999999997E-07
0.685,0.75,-1.405E-06,-1.923E-11,1.4047E-06,3.2589999999999997E-07,-3.2294E-07
0.69000000000000006,0.75,-1.3948000000000002E-06,-1.772E-11,1.3938000000000001E-06,3.2574E-07,-3.2304E-07
0.69500000000000006,0.75,-1.3825E-06,-1.976E-11,1.3816E-06,3.257E-07,-3.2292E-07
0.70000000000000007,0.75,-1.3712E-06,-1.9240000000000003E-11,1.3718000000000002E-06,3.2562E-07,-3.2296E-07
0.70500000000000007,0.75,-1.3603000000000001E-06,-1.992E-11,1.3604000000000001E-06,3.2546E-07,-3.2292E-07
0.71000000000000008,0.75,-1.3497000000000002E-06,-2.1880000000000003E-11,1.3500000000000002E-06,3.2536E-07,-3.229E-07
0.71500000000000008,0.75,-1.3375000000000001E-06,-2.5150000000000002E-11,1.3392000000000002E-06,3.253E-07,-3.2296E-07
0.72000000000000008,0.75,-1.3277000000000002E-06,-2.263E-11,1.328E-06,3.252E-07,-3.2294E-07
0.72500000000000009,0.75,-1.3168E-06,-2.0370000000000003E-11,1.3165000000000002E-06,3.2506E-07,-3.2296E-07
0.73,0.75,-1.3070000000000002E-06,-2.5340000000000003E-11,1.3070000000000002E-06,3.2496E-07,-3.2296E-07
0.735,0.75,-1.2947E-06,-2.6080000000000002E-11,1.2965000000000002E-06,3.2488E-07,-3.2298E-07
0.74,0.75,-1.2846000000000002E-06,-2.5480000000000002E-11,1.2854000000000002E-06,3.248E-07,-3.2296E-07
0.745,0.75,-1.2728000000000001E-06,-2.407E-11,1.2737000000000002E-06,3.2472E-07,-3.2288E-07
0.75,0.75,-1.2634E-06,-2.4810000000000003E-11,1.2634E-06,3.2462E-07,-3.2288E-07
0.755,0.75,-1.2509000000000002E-06,-2.775E-11,1.2524E-06,3.2456E-07,-3.229E-07
0.76,0.75,-1.2404000000000002E-06,-2.7870000000000003E-11,1.2407E-06,3.2458E-07,-3.2298E-07
0.765,0.75,-1.2297E-06,-2.695E-11,1.2310000000000002E-06,3.2442E-07,-3.2292E-07
0.77,0.75,-1.2173000000000002E-06,-2.8740000000000002E-11,1.2179E-06,3.244E-07,-3.2296E-07
0.775,0.75,-1.204E-06,-2.6340000000000003E-11,1.2069E-06,3.2434E-07,-3.2299999999999997E-07
0.78,0.75,-1.1932E-06,-2.986E-11,1.1947000000000002E-06,3.2428E-07,-3.2296E-07
0.785,0.75,-1.1807000000000002E-06,-3.366E-11,1.1831000000000002E-06,3.2418E-07,-3.229E-07
0.79,0.75,-1.1685000000000001E-06,-2.9700000000000005E-11,1.1674E-06,3.2412E-07,-3.229E-07
0.795,0.75,-1.1546000000000001E-06,-2.8520000000000002E-11,1.1545000000000001E-06,3.2404E-07,-3.2285999999999997E-07
0.8,0.75,-1.1404000000000001E-06,-3.0170000000000004E-11,1.1417E-06,3.2402E-07,-3.2294E-07
0.805,0.75,-1.1261000000000001E-06,-3.4620000000000006E-11,1.1273000000000002E-06,3.2398E-07,-3.2296E-07
0.81,0.75,-1.1091E-06,-3.466E-11,1.1108E-06,3.2392E-07,-3.2299999999999997E-07
0.81500000000000006,0.75,-1.0931000000000002E-06,-3.044E-11,1.0947E-06,3.2384E-07,-3.2294E-07
0.82000000000000006,0.75,-1.0748E-06,-3.162E-11,1.0756000000000001E-06,3.2384E-07,-3.2299999999999997E-07
0.82500000000000007,0.75,-1.055E-06,-3.441E-11,1.0563000000000002E-06,3.2378E-07,-3.2294E-07
0.83000000000000007,0.75,-1.0334000000000001E-06,-3.6950000000000006E-11,1.0348E-06,3.2368E-07,-3.2298E-07
0.83500000000000008,0.75,-1.01102E-06,-3.4220000000000006E-11,1.01172E-06,3.2364E-07,-3.2288E-07
0.84000000000000008,0.75,-9.8545999999999988E-07,-3.3630000000000004E-11,9.8554E-07,3.2358E-07,-3.2294E-07
0.84500000000000008,0.75,-9.5536E-07,-3.8760000000000004E-11,9.538E-07,3.2352E-07,-3.2298E-07
0.85000000000000009,0.75,-9.198E-07,-4.2660000000000004E-11,9.1992E-07,3.2344E-07,-3.229E-07
0.85500000000000009,0.75,-8.7998E-07,-3.999E-11,8.7892E-07,3.2334E-07,-3.2282E-07
0.86,0.75,-8.3349999999999994E-07,-3.777E-11,8.328E-07,3.2336E-07,-3.2288E-07
0.865,0.75,-7.7902E-07,-3.759E-11,7.7914E-07,3.2327999999999997E-07,-3.2298E-07
0.87,0.75,-7.1733999999999994E-07,-4.2590000000000005E-11,7.168E-07,3.2326E-07,-3.2296E-07
0.875,0.75,-6.4402E-07,-4.7870000000000005E-11,6.4392E-07,3.2318E-07,-3.2299999999999997E-07
0.88,0.75,-5.586E-07,-4.57E-11,5.5802E-07,3.2312E-07,-3.2294E-07
0.885,0.75,-4.5584E-07,-4.1490000000000004E-11,4.5605999999999997E-07,3.231E-07,-3.2292E-07
0.89,0.75,-3.3658E-07,-4.3020000000000004E-11,3.3653999999999997E-07,3.2304E-07,-3.2294E-07
0.895,0.75,-1.9446E-07,-4.996E-11,1.937E-07,3.2288E-07,-3.2294E-07
0.9,0.75,-2.6036999999999997E-08,-5.306E-11,2.5840199999999996E-08,3.2285999999999997E-07,-3.2299999999999997E-07
0,0.9,-1.232E-07,1.423E-09,3.7769E-08,4.0696E-07,-3.2282E-07
0.005,0.9,-1.214E-07,1.3974E-09,3.7509599999999995E-08,4.0549999999999997E-07,-3.2282E-07
0.01,0.9,-1.1964E-07,1.3828E-09,3.7286599999999993E-08,4.0386E-07,-3.2285999999999997E-07
0.015000000000000001,0.9,-1.178E-07,1.3682E-09,3.7032E-08,4.0231999999999997E-07,-3.2282E-07
0.02,0.9,-1.1606E-07,1.343E-09,3.6796599999999993E-08,4.0077999999999997E-07,-3.2284E-07
0.025,0.9,-1.1432E-07,1.3188E-09,3.65512E-08,3.9926E-07,-3.228E-07
0.030000000000000002,0.9,-1.125E-07,1.3036E-09,3.63122E-08,3.9748E-07,-3.2282E-07
0.035,0.9,-1.1086E-07,1.2904E-09,3.6088799999999996E-08,3.9624E-07,-3.2288E-07
0.04,0.9,-1.0912E-07,1.2669E-09,3.5852199999999993E-08,3.9494E-07,-3.2284E-07
0.045000000000000005,0.9,-1.0752E-07,1.245E-09,3.55974E-08,3.9335999999999997E-07,-3.2276E-07
0.05,0.9,-1.0578E-07,1.2309E-09,3.53652E-08,3.9208E-07,-3.229E-07
0.055,0.9,-1.0418E-07,1.2183E-09,3.5137199999999996E-08,3.9068E-07,-3.2288E-07
0.060000000000000005,0.9,-1.0268E-07,1.1931E-09,3.49118E-08,3.895E-07,-3.2282E-07
0.065,0.9,-1.0112E-07,1.1725E-09,3.4676399999999994E-08,3.8826E-07,-3.2284E-07
0.07,0.9,-9.959E-08,1.1636E-09,3.4438999999999995E-08,3.8681999999999997E-07,-3.2285999999999997E-07
0.075,0.9,-9.79888E-08,1.143E-09,3.4209E-08,3.8562E-07,-3.2282E-07
0.08,0.9,-9.66652E-08,1.121E-09,3.39798E-08,3.8434E-07,-3.2282E-07
0.085,0.9,-9.5140999999999991E-08,1.1116E-09,3.3773599999999993E-08,3.8298E-07,-3.2278E-07
0.090000000000000011,0.9,-9.3678599999999993E-08,1.0954E-09,3.3533399999999995E-08,3.8188E-07,-3.2271999999999997E-07
0.095,0.9,-9.2206999999999987E-08,1.0689E-09,3.3313999999999996E-08,3.8065999999999997E-07,-3.227E-07
0.1,0.9,-9.0907599999999987E-08,1.0606E-09,3.30994E-08,3.796E-07,-3.2271999999999997E-07
0.10500000000000001,0.9,-8.9570999999999989E-08,1.0462E-09,3.2892399999999996E-08,3.7827999999999997E-07,-3.2271999999999997E-07
0.11,0.9,-8.8137999999999992E-08,1.0214E-09,3.2673199999999995E-08,3.774E-07,-3.2276E-07
0.115,0.9,-8.6921199999999986E-08,1.0084E-09,3.2449999999999996E-08,3.7626E-07,-3.228E-07
0.12000000000000001,0.9,-8.5492199999999993E-08,9.999E-10,3.22464E-08,3.7505999999999997E-07,-3.2284E-07
0.125,0.9,-8.4281599999999992E-08,9.7376000000000016E-10,3.20376E-08,3.7393999999999997E-07,-3.2276E-07
0.13,0.9,-8.2937E-08,9.6595000000000016E-10,3.1810799999999995E-08,3.7302E-07,-3.2278E-07
0.135,0.9,-8.1692999999999989E-08,9.4884E-10,3.16016E-08,3.7197999999999997E-07,-3.2278E-07
0.14,0.9,-8.04436E-08,9.2481E-10,3.13972E-08,3.7092E-07,-3.228E-07
0.14500000000000002,0.9,-7.92434E-08,9.1624E-10,3.1208599999999997E-08,3.701E-07,-3.228E-07
0.15,0.9,-7.79992E-08,9.0488000000000008E-10,3.09792E-08,3.6904E-07,-3.228E-07
0.155,0.9,-7.69174E-08,8.8200000000000006E-10,3.0788199999999995E-08,3.6808E-07,-3.2285999999999997E-07
0.16,0.9,-7.5748799999999988E-08,8.6914000000000006E-10,3.05818E-08,3.672E-07,-3.2278E-07
0.165,0.9,-7.4659E-08,8.6343000000000009E-10,3.03768E-08,3.6622E-07,-3.2282E-07
0.17,0.9,-7.3537399999999987E-08,8.3937000000000007E-10,3.01928E-08,3.6524E-07,-3.2284E-07
0.17500000000000002,0.9,-7.23948E-08,8.2439000000000009E-10,2.99852E-08,3.6458E-07,-3.2278E-07
0.18000000000000002,0.9,-7.1407599999999992E-08,8.1935000000000007E-10,2.9788999999999996E-08,3.6375999999999997E-07,-3.2276E-07
0.185,0.9,-7.028559999999999E-08,8.0018E-10,2.9584199999999996E-08,3.6288E-07,-3.2282E-07
0.19,0.9,-6.92972E-08,7.8074E-10,2.9390399999999996E-08,3.6196E-07,-3.2282E-07
0.195,0.9,-6.82594E-08,7.7432000000000007E-10,2.9185599999999996E-08,3.6114E-07,-3.2276E-07
0.2,0.9,-6.7232799999999993E-08,7.6241000000000006E-10,2.8994399999999997E-08,3.6039999999999997E-07,-3.2285999999999997E-07
0.20500000000000002,0.9,-6.62632E-08,7.4073000000000009E-10,2.8801399999999996E-08,3.5958E-07,-3.2284E-07
0.21000000000000002,0.9,-6.52714E-08,7.3223000000000007E-10,2.8599999999999998E-08,3.5885999999999997E-07,-3.228E-07
0.215,0.9,-6.4308E-08,7.2359000000000008E-10,2.8418999999999998E-08,3.5796E-07,-3.2282E-07
0.22,0.9,-6.3376E-08,7.0338E-10,2.8235799999999998E-08,3.5722E-07,-3.2284E-07
0.225,0.9,-6.23448E-08,6.9395000000000007E-10,2.8045599999999997E-08,3.5647999999999997E-07,-3.228E-07
0.23,0.9,-6.148999999999999E-08,6.8695000000000009E-10,2.7866399999999998E-08,3.5574E-07,-3.2276E-07
0.23500000000000001,0.9,-6.0482E-08,6.6765000000000007E-10,2.76684E-08,3.5506E-07,-3.2288E-07
0.24000000000000002,0.9,-5.96696E-08,6.5486000000000005E-10,2.7480599999999998E-08,3.5436E-07,-3.2278E-07
0.24500000000000002,0.9,-5.8793199999999993E-08,6.4973000000000009E-10,2.7317399999999998E-08,3.5378E-07,-3.2278E-07
0.25,0.9,-5.7878399999999992E-08,6.3474E-10,2.7134999999999998E-08,3.5296E-07,-3.2278E-07
0.255,0.9,-5.7067799999999994E-08,6.1792000000000007E-10,2.69512E-08,3.524E-07,-3.2288E-07
0.26,0.9,-5.62068E-08,6.1363000000000008E-10,2.6762199999999996E-08,3.5178E-07,-3.2285999999999997E-07
0.265,0.9,-5.5427199999999995E-08,6E-10,2.6582199999999997E-08,3.5119999999999997E-07,-3.229E-07
0.27,0.9,-5.4569399999999992E-08,5.837400000000001E-10,2.6410999999999997E-08,3.5056E-07,-3.2282E-07
0.275,0.9,-5.3765399999999994E-08,5.769E-10,2.6242599999999997E-08,3.4982E-07,-3.2284E-07
0.28,0.9,-5.29826E-08,5.6795000000000009E-10,2.60478E-08,3.4923999999999997E-07,-3.2284E-07
0.28500000000000003,0.9,-5.2250199999999992E-08,5.5236E-10,2.5888599999999996E-08,3.4874E-07,-3.2284E-07
0.29000000000000004,0.9,-5.1496399999999995E-08,5.4385E-10,2.5715999999999997E-08,3.4802E-07,-3.2278E-07
0.29500000000000004,0.9,-5.0707999999999993E-08,5.3726000000000007E-10,2.55504E-08,3.4754E-07,-3.2284E-07
0.3,0.9,-4.9993599999999996E-08,5.2048E-10,2.5378799999999998E-08,3.4704E-07,-3.2288E-07
0.305,0.9,-4.9299199999999995E-08,5.1225000000000007E-10,2.51928E-08,3.4638E-07,-3.229E-07
0.31,0.9,-4.85656E-08,5.0593E-10,2.5028399999999996E-08,3.4587999999999997E-07,-3.2284E-07
0.315,0.9,-4.78076E-08,4.9301E-10,2.48704E-08,3.4544E-07,-3.2282E-07
0.32,0.9,-4.7128E-08,4.8159E-10,2.4694199999999997E-08,3.4488E-07,-3.2285999999999997E-07
0.325,0.9,-4.651E-08,4.7750000000000006E-10,2.4526199999999998E-08,3.4442E-07,-3.2288E-07
0.33,0.9,-4.5781199999999996E-08,4.6525E-10,2.43646E-08,3.4384E-07,-3.2282E-07
0.335,0.9,-4.51396E-08,4.5333E-10,2.4196199999999998E-08,3.4332E-07,-3.2282E-07
0.34,0.9,-4.4472199999999994E-08,4.4974000000000004E-10,2.4038199999999997E-08,3.4293999999999997E-07,-3.2282E-07
0.34500000000000003,0.9,-4.3851399999999995E-08,4.3883E-10,2.3872799999999997E-08,3.425E-07,-3.2288E-07
0.35000000000000003,0.9,-4.32114E-08,4.2651E-10,2.3713599999999998E-08,3.42E-07,-3.2284E-07
0.35500000000000004,0.9,-4.2604599999999995E-08,4.2247000000000004E-10,2.3553199999999997E-08,3.4146E-07,-3.2282E-07
0.36000000000000004,0.9,-4.2002399999999996E-08,4.1239E-10,2.3398599999999998E-08,3.4104E-07,-3.2276E-07
0.365,0.9,-4.1385799999999993E-08,3.9945000000000005E-10,2.3226999999999997E-08,3.406E-07,-3.2284E-07
0.37,0.9,-4.0821E-08,3.9435000000000004E-10,2.3072799999999997E-08,3.4022E-07,-3.2282E-07
0.375,0.9,-4.0225799999999995E-08,3.8741E-10,2.2926799999999997E-08,3.3988E-07,-3.2284E-07
0.38,0.9,-3.9675199999999994E-08,3.7454000000000003E-10,2.2782399999999997E-08,3.3947999999999997E-07,-3.2288E-07
0.385,0.9,-3.9111E-08,3.6879000000000003E-10,2.2622399999999997E-08,3.3912E-07,-3.2278E-07
0.39,0.9,-3.8561599999999996E-08,3.6295E-10,2.2467399999999997E-08,3.3863999999999997E-07,-3.2282E-07
0.395,0.9,-3.8042799999999994E-08,3.5111000000000004E-10,2.2305599999999996E-08,3.3826E-07,-3.2282E-07
0.4,0.9,-3.7508999999999995E-08,3.4167E-10,2.2158399999999997E-08,3.3784E-07,-3.2284E-07
0.405,0.9,-3.69526E-08,3.3894E-10,2.2012E-08,3.3746E-07,-3.228E-07
0.41000000000000003,0.9,-3.6461799999999995E-08,3.2682E-10,2.1867799999999997E-08,3.3716E-07,-3.2285999999999997E-07
0.41500000000000004,0.9,-3.5943399999999995E-08,3.2002000000000005E-10,2.1706199999999997E-08,3.3678E-07,-3.2282E-07
0.42000000000000004,0.9,-3.5455999999999997E-08,3.1503000000000005E-10,2.15622E-08,3.365E-07,-3.229E-07
0.42500000000000004,0.9,-3.49638E-08,3.0644000000000003E-10,2.1424599999999997E-08,3.362E-07,-3.2288E-07
0.43,0.9,-3.44808E-08,2.9684000000000003E-10,2.12746E-08,3.358E-07,-3.2288E-07
0.435,0.9,-3.4023E-08,2.9045E-10,2.1122399999999997E-08,3.3554E-07,-3.2292E-07
0.44,0.9,-3.3571599999999996E-08,2.8580000000000004E-10,2.0982599999999998E-08,3.3527999999999997E-07,-3.2288E-07
0.445,0.9,-3.3105799999999995E-08,2.7613E-10,2.0846799999999997E-08,3.3496E-07,-3.2284E-07
0.45,0.9,-3.26582E-08,2.7238000000000005E-10,2.0700999999999998E-08,3.3456E-07,-3.2292E-07
0.455,0.9,-3.22032E-08,2.6469000000000004E-10,2.05546E-08,3.3442E-07,-3.229E-07
0.46,0.9,-3.17816E-08,2.5859000000000003E-10,2.0405399999999998E-08,3.3404E-07,-3.2288E-07
0.465,0.9,-3.1353599999999996E-08,2.518E-10,2.0280999999999998E-08,3.3373999999999997E-07,-3.229E-07
0.47000000000000003,0.9,-3.0935199999999996E-08,2.4675E-10,2.0148799999999996E-08,3.3348E-07,-3.2288E-07
0.47500000000000003,0.9,-3.0511399999999996E-08,2.4019E-10,1.99968E-08,3.3316E-07,-3.2284E-07
0.48000000000000004,0.9,-3.01158E-08,2.3462E-10,1.98588E-08,3.3298E-07,-3.229E-07
0.48500000000000004,0.9,-2.9698999999999997E-08,2.2932000000000002E-10,1.9725399999999998E-08,3.3268E-07,-3.229E-07
0.49000000000000005,0.9,-2.9296199999999997E-08,2.2263E-10,1.9597999999999998E-08,3.3246E-07,-3.2284E-07
0.49500000000000005,0.9,-2.8903599999999997E-08,2.1840000000000002E-10,1.945E-08,3.3216E-07,-3.2278E-07
0.5,0.9,-2.8520999999999998E-08,2.1046000000000002E-10,1.9322199999999997E-08,3.3202E-07,-3.2285999999999997E-07
0.505,0.9,-2.8123199999999997E-08,2.0766E-10,1.9179199999999997E-08,3.3162E-07,-3.2294E-07
0.51,0.9,-2.7764799999999997E-08,2.0245E-10,1.9054999999999998E-08,3.3144E-07,-3.2282E-07
0.515,0.9,-2.7399999999999997E-08,1.9407E-10,1.8923799999999997E-08,3.312E-07,-3.229E-07
0.52,0.9,-2.7037199999999997E-08,1.8906000000000002E-10,1.8791199999999997E-08,3.3102E-07,-3.2288E-07
0.525,0.9,-2.6689999999999996E-08,1.8689000000000001E-10,1.86598E-08,3.3084E-07,-3.2292E-07
0.53,0.9,-2.6331399999999998E-08,1.7944E-10,1.8532799999999997E-08,3.3046E-07,-3.2288E-07
0.535,0.9,-2.5999799999999997E-08,1.7332E-10,1.84038E-08,3.3032E-07,-3.2284E-07
0.54,0.9,-2.5672799999999997E-08,1.7138E-10,1.82734E-08,3.3014E-07,-3.2284E-07
0.545,0.9,-2.53336E-08,1.6495E-10,1.81536E-08,3.2988E-07,-3.2282E-07
0.55,0.9,-2.5018399999999998E-08,1.5862000000000002E-10,1.8020399999999997E-08,3.2966E-07,-3.2282E-07
0.555,0.9,-2.4692199999999998E-08,1.5638E-10,1.79056E-08,3.2952E-07,-3.2278E-07
0.56,0.9,-2.4368999999999998E-08,1.5251000000000002E-10,1.7767199999999997E-08,3.2932E-07,-3.2278E-07
0.56500000000000006,0.9,-2.4069599999999998E-08,1.4459000000000002E-10,1.7641399999999997E-08,3.2914E-07,-3.228E-07
0.57000000000000006,0.9,-2.3763E-08,1.4325000000000002E-10,1.75176E-08,3.2896E-07,-3.2284E-07
0.57500000000000007,0.9,-2.34538E-08,1.4091E-10,1.7393599999999998E-08,3.288E-07,-3.2288E-07
0.58000000000000007,0.9,-2.31648E-08,1.3251000000000002E-10,1.7280199999999997E-08,3.2858E-07,-3.228E-07
0.58500000000000008,0.9,-2.2873199999999997E-08,1.3024E-10,1.7157999999999997E-08,3.2848E-07,-3.2284E-07
0.59000000000000008,0.9,-2.2579799999999997E-08,1.2923E-10,1.70244E-08,3.283E-07,-3.2284E-07
0.595,0.9,-2.2288599999999997E-08,1.2227E-10,1.69044E-08,3.281E-07,-3.2288E-07
0.6,0.9,-2.2011599999999997E-08,1.192E-10,1.67906E-08,3.2796E-07,-3.2284E-07
0.605,0.9,-2.1727999999999998E-08,1.1868E-10,1.66722E-08,3.2776E-07,-3.2282E-07
0.61,0.9,-2.1463399999999997E-08,1.1235E-10,1.65514E-08,3.2766E-07,-3.2282E-07
0.615,0.9,-2.1198599999999998E-08,1.0669000000000001E-10,1.6422E-08,3.2748E-07,-3.2288E-07
0.62,0.9,-2.0907999999999998E-08,1.0890000000000001E-10,1.63132E-08,3.2729999999999997E-07,-3.2278E-07
0.625,0.9,-2.0647399999999998E-08,1.0286000000000001E-10,1.6202E-08,3.2718E-07,-3.2271999999999997E-07
0.63,0.9,-2.0389399999999997E-08,9.779E-11,1.6077599999999998E-08,3.2712E-07,-3.2278E-07
0.635,0.9,-2.01292E-08,9.807E-11,1.5964799999999997E-08,3.2701999999999997E-07,-3.229E-07
0.64,0.9,-1.9882399999999997E-08,9.462E-11,1.5855599999999998E-08,3.2686E-07,-3.2285999999999997E-07
0.645,0.9,-1.96334E-08,8.5460000000000008E-11,1.57398E-08,3.268E-07,-3.2285999999999997E-07
0.65,0.9,-1.9383399999999997E-08,8.7990000000000011E-11,1.56236E-08,3.2662E-07,-3.2288E-07
0.655,0.9,-1.91618E-08,8.6720000000000012E-11,1.5512999999999998E-08,3.2654E-07,-3.2288E-07
0.66,0.9,-1.8917199999999998E-08,7.7740000000000008E-11,1.5394599999999998E-08,3.2644E-07,-3.229E-07
0.665,0.9,-1.8687999999999998E-08,7.75E-11,1.5283599999999998E-08,3.2631999999999997E-07,-3.2292E-07
0.67,0.9,-1.8448599999999997E-08,7.778E-11,1.5174199999999998E-08,3.262E-07,-3.229E-07
0.675,0.9,-1.8231399999999998E-08,7.039E-11,1.5062E-08,3.2616E-07,-3.2288E-07
0.68,0.9,-1.8018199999999997E-08,6.553E-11,1.49444E-08,3.2589999999999997E-07,-3.2296E-07
0.685,0.9,-1.7787E-08,6.987E-11,1.48378E-08,3.2586E-07,-3.2288E-07
0.69000000000000006,0.9,-1.7579599999999997E-08,6.397E-11,1.4731799999999998E-08,3.2574E-07,-3.229E-07
0.69500000000000006,0.9,-1.7370199999999997E-08,5.732E-11,1.4631999999999998E-08,3.2554E-07,-3.2278E-07
0.70000000000000007,0.9,-1.7157199999999997E-08,6.047E-11,1.4515599999999999E-08,3.2542E-07,-3.2282E-07
0.70500000000000007,0.9,-1.69514E-08,5.821E-11,1.4401199999999999E-08,3.254E-07,-3.229E-07
0.71000000000000008,0.9,-1.6761199999999998E-08,4.847E-11,1.4293199999999999E-08,3.2526E-07,-3.2288E-07
0.71500000000000008,0.9,-1.65566E-08,5.0160000000000004E-11,1.4191199999999999E-08,3.2528E-07,-3.2294E-07
0.72000000000000008,0.9,-1.63594E-08,5.335E-11,1.4079399999999998E-08,3.2514E-07,-3.229E-07
0.72500000000000009,0.9,-1.6163799999999997E-08,4.1380000000000003E-11,1.3975199999999999E-08,3.2502E-07,-3.2284E-07
0.73,0.9,-1.6224799999999997E-08,4.3030000000000005E-11,1.3856999999999998E-08,3.252E-07,-3.2271999999999997E-07
0.735,0.9,-1.59972E-08,4.6130000000000006E-11,1.3756199999999999E-08,3.248E-07,-3.2271999999999997E-07
0.74,0.9,-1.5576199999999998E-08,4.107E-11,1.3644199999999999E-08,3.2474E-07,-3.2278E-07
0.745,0.9,-1.5401999999999998E-08,3.42E-11,1.35404E-08,3.2474E-07,-3.2292E-07
0.75,0.9,-1.5200999999999998E-08,4.0690000000000004E-11,1.3430399999999999E-08,3.2468E-07,-3.2288E-07
0.755,0.9,-1.50128E-08,3.7020000000000005E-11,1.3320999999999999E-08,3.2456E-07,-3.2278E-07
0.76,0.9,-1.4830799999999998E-08,2.8510000000000004E-11,1.32116E-08,3.2452E-07,-3.229E-07
0.765,0.9,-1.46356E-08,3.4790000000000003E-11,1.30936E-08,3.2444E-07,-3.2288E-07
0.77,0.9,-1.4450999999999998E-08,3.437E-11,1.2974999999999999E-08,3.2432E-07,-3.2282E-07
0.775,0.9,-1.4258599999999999E-08,2.5960000000000003E-11,1.2863599999999999E-08,3.2422E-07,-3.2284E-07
0.78,0.9,-1.4072399999999999E-08,2.6580000000000003E-11,1.2741599999999999E-08,3.2424E-07,-3.2284E-07
0.785,0.9,-1.3875799999999999E-08,3.0930000000000003E-11,1.2622199999999998E-08,3.2408E-07,-3.2284E-07
0.79,0.9,-1.3676199999999999E-08,2.362E-11,1.2488999999999999E-08,3.2404E-07,-3.2284E-07
0.795,0.9,-1.3489199999999999E-08,1.948E-11,1.2353399999999998E-08,3.2396E-07,-3.228E-07
0.8,0.9,-1.3280999999999998E-08,2.7430000000000002E-11,1.2214999999999999E-08,3.239E-07,-3.2284E-07
0.805,0.9,-1.3069199999999999E-08,2.2550000000000002E-11,1.2073799999999999E-08,3.2382E-07,-3.2285999999999997E-07
0.81,0.9,-1.2851799999999999E-08,1.628E-11,1.1906999999999999E-08,3.2384E-07,-3.2284E-07
0.81500000000000006,0.9,-1.2617599999999999E-08,2.1190000000000003E-11,1.17348E-08,3.238E-07,-3.2285999999999997E-07
0.82000000000000006,0.9,-1.2370999999999999E-08,1.9070000000000002E-11,1.1548799999999999E-08,3.2374E-07,-3.2284E-07
0.82500000000000007,0.9,-1.21172E-08,1.2250000000000001E-11,1.1346199999999999E-08,3.2362E-07,-3.2282E-07
0.83000000000000007,0.9,-1.1836999999999999E-08,1.611E-11,1.112E-08,3.2362E-07,-3.2284E-07
0.83500000000000008,0.9,-1.1527799999999998E-08,1.803E-11,1.08712E-08,3.235E-07,-3.2284E-07
0.84000000000000008,0.9,-1.11978E-08,9.63E-12,1.059E-08,3.2346E-07,-3.2282E-07
0.84500000000000008,0.9,-1.0818199999999999E-08,1.1540000000000001E-11,1.0269E-08,3.2346E-07,-3.2278E-07
0.85000000000000009,0.9,-1.03964E-08,1.5450000000000002E-11,9.9038E-09,3.2332E-07,-3.2282E-07
0.85500000000000009,0.9,-9.9321999999999984E-09,9.3800000000000008E-12,9.4651E-09,3.2332E-07,-3.2288E-07
0.86,0.9,-9.3852E-09,1.281E-11,8.98E-09,3.232E-07,-3.2282E-07
0.865,0.9,-8.7596E-09,9.6100000000000013E-12,8.405E-09,3.2326E-07,-3.2282E-07
0.87,0.9,-8.0973E-09,9.95E-12,7.7513E-09,3.2318E-07,-3.2278E-07
0.875,0.9,-7.2407E-09,8.21E-12,6.9633E-09,3.2308E-07,-3.2284E-07
0.88,0.9,-6.2102E-09,8.8000000000000013E-12,6.0436E-09,3.2306E-07,-3.2285999999999997E-07
0.885,0.9,-5.0543E-09,9.5000000000000011E-12,4.9444E-09,3.2296E-07,-3.2282E-07
0.89,0.9,-3.7077E-09,5.74E-12,3.6516E-09,3.2285999999999997E-07,-3.2284E-07
0.895,0.9,-2.0685E-09,7.62E-12,2.1117E-09,3.2278E-07,-3.228E-07
0.9,0.9,-1.7478000000000002E-10,4.3000000000000007E-12,2.8625E-10,3.2264E-07,-3.2278E-07
