I/V Sweep,id_vgs_P_2
RecordTime,01/13/2025 10:23:46
Device ID,
Count,1
Flag,
Remarks,
vg,vd,id,ig,is,iavdd,ignd
1.2,0.8,-9.6047E-10,3.6024000000000004E-10,-1.1232E-10,3.1482E-07,-3.1403999999999997E-07
1.195,0.8,-9.6013E-10,3.4441E-10,-1.1112000000000001E-10,3.1478E-07,-3.1406E-07
1.19,0.8,-9.6628E-10,3.2783000000000005E-10,-9.722E-11,3.148E-07,-3.1403999999999997E-07
1.185,0.8,-9.4973E-10,3.2024E-10,-1.0196E-10,3.148E-07,-3.1396E-07
1.1800000000000002,0.8,-9.4739E-10,3.0969000000000004E-10,-9.9900000000000012E-11,3.1473999999999997E-07,-3.1398E-07
1.175,0.8,-9.2889000000000009E-10,2.9740000000000003E-10,-9.2270000000000008E-11,3.1482E-07,-3.1403999999999997E-07
1.1700000000000002,0.8,-9.3399E-10,2.8834E-10,-8.627E-11,3.1504E-07,-3.1428E-07
1.165,0.8,-9.3169000000000012E-10,2.7043E-10,-9.166000000000001E-11,3.148E-07,-3.1398E-07
1.1600000000000001,0.8,-9.248900000000001E-10,2.5632E-10,-8.5320000000000009E-11,3.148E-07,-3.1398E-07
1.155,0.8,-9.2832000000000006E-10,2.4345E-10,-7.397E-11,3.1473999999999997E-07,-3.1403999999999997E-07
1.1500000000000001,0.8,-9.1507E-10,2.3569000000000004E-10,-8.279E-11,3.148E-07,-3.1406E-07
1.145,0.8,-9.1480000000000009E-10,2.2797000000000002E-10,-7.629E-11,3.1478E-07,-3.1403999999999997E-07
1.1400000000000001,0.8,-9.0059000000000009E-10,2.2002E-10,-6.9520000000000009E-11,3.1473999999999997E-07,-3.1398E-07
1.135,0.8,-9.066300000000001E-10,2.1625000000000003E-10,-6.786E-11,3.1482E-07,-3.1394E-07
1.1300000000000001,0.8,-9.0068E-10,2.0253000000000002E-10,-7.168E-11,3.1482E-07,-3.1394E-07
1.125,0.8,-8.9431000000000009E-10,1.925E-10,-6.1830000000000008E-11,3.1476E-07,-3.14E-07
1.12,0.8,-9.0085E-10,1.8091000000000003E-10,-5.495E-11,3.1476E-07,-3.1403999999999997E-07
1.115,0.8,-8.830900000000001E-10,1.7193000000000002E-10,-6.421E-11,3.1472E-07,-3.1394E-07
1.11,0.8,-8.8866000000000011E-10,1.6814E-10,-5.463E-11,3.1472E-07,-3.1398E-07
1.105,0.8,-8.7469000000000011E-10,1.6381E-10,-4.7860000000000003E-11,3.1498E-07,-3.142E-07
1.1,0.8,-8.6998E-10,1.5884000000000002E-10,-5.1120000000000007E-11,3.1478E-07,-3.14E-07
1.095,0.8,-8.7586000000000012E-10,1.5061E-10,-5.1870000000000004E-11,3.1476E-07,-3.1389999999999997E-07
1.09,0.8,-8.6602000000000008E-10,1.3987E-10,-4.2260000000000005E-11,3.147E-07,-3.1389999999999997E-07
1.085,0.8,-8.7037000000000007E-10,1.3103E-10,-3.8360000000000004E-11,3.1478E-07,-3.1398E-07
1.08,0.8,-8.6292000000000006E-10,1.2299E-10,-4.7040000000000006E-11,3.1478E-07,-3.1398E-07
1.075,0.8,-8.5622000000000007E-10,1.1813E-10,-3.448E-11,3.1473999999999997E-07,-3.1398E-07
1.07,0.8,-8.5575000000000007E-10,1.1738E-10,-2.961E-11,3.1473999999999997E-07,-3.1384E-07
1.065,0.8,-8.4812000000000007E-10,1.1353000000000001E-10,-3.5930000000000005E-11,3.1464E-07,-3.14E-07
1.06,0.8,-8.5258000000000007E-10,1.0942000000000001E-10,-3.034E-11,3.1476E-07,-3.14E-07
1.0550000000000002,0.8,-8.5480000000000009E-10,1.0216000000000001E-10,-2.2510000000000002E-11,3.1476E-07,-3.1394E-07
1.05,0.8,-8.5042E-10,9.507E-11,-2.3280000000000003E-11,3.15E-07,-3.1428E-07
1.0450000000000002,0.8,-8.5192000000000009E-10,8.828E-11,-2.533E-11,3.1476E-07,-3.1398E-07
1.04,0.8,-8.3762E-10,8.2860000000000012E-11,-1.2030000000000001E-11,3.1464E-07,-3.1389999999999997E-07
1.0350000000000001,0.8,-8.4965000000000006E-10,8.112E-11,-1.1760000000000002E-11,3.1473999999999997E-07,-3.1394E-07
1.03,0.8,-8.4436000000000007E-10,7.8040000000000009E-11,-1.46E-11,3.147E-07,-3.1398E-07
1.0250000000000001,0.8,-8.408200000000001E-10,7.5890000000000009E-11,-2.9300000000000002E-12,3.1478E-07,-3.1398E-07
1.02,0.8,-8.5563000000000007E-10,7.313000000000001E-11,4.6000000000000006E-12,3.1472E-07,-3.1389999999999997E-07
1.0150000000000001,0.8,-8.384E-10,6.916000000000001E-11,2.44E-12,3.1478E-07,-3.1396E-07
1.01,0.8,-8.5247000000000006E-10,6.472000000000001E-11,5.09E-12,3.148E-07,-3.1388E-07
1.0050000000000001,0.8,-8.5137E-10,5.678E-11,2.103E-11,3.1473999999999997E-07,-3.1394E-07
1,0.8,-8.5922000000000006E-10,5.532E-11,2.451E-11,3.1473999999999997E-07,-3.1402E-07
0.995,0.8,-8.6838000000000006E-10,5.0270000000000005E-11,2.5590000000000002E-11,3.1473999999999997E-07,-3.1386E-07
0.9900000000000001,0.8,-8.6309000000000007E-10,4.665E-11,4.06E-11,3.1473999999999997E-07,-3.1398E-07
0.9850000000000001,0.8,-8.7788000000000007E-10,4.527E-11,5.4910000000000007E-11,3.1473999999999997E-07,-3.1389999999999997E-07
0.98000000000000009,0.8,-8.7877000000000006E-10,4.2690000000000003E-11,5.754E-11,3.1473999999999997E-07,-3.1388E-07
0.97500000000000009,0.8,-8.8733000000000008E-10,3.874E-11,7.452E-11,3.147E-07,-3.1394E-07
0.97000000000000008,0.8,-9.0427E-10,3.5710000000000005E-11,9.741E-11,3.1478E-07,-3.1392E-07
0.96500000000000008,0.8,-9.35E-10,3.744E-11,1.0907E-10,3.1473999999999997E-07,-3.1389999999999997E-07
0.96000000000000008,0.8,-9.4598E-10,3.226E-11,1.2776E-10,3.147E-07,-3.1386E-07
0.95500000000000007,0.8,-9.6227E-10,3.266E-11,1.6065E-10,3.147E-07,-3.1388E-07
0.95000000000000007,0.8,-1.00238E-09,3.2180000000000005E-11,1.9174000000000003E-10,3.1472E-07,-3.1394E-07
0.94500000000000006,0.8,-1.01721E-09,2.7300000000000002E-11,2.1525E-10,3.147E-07,-3.1388E-07
0.94000000000000006,0.8,-1.07386E-09,2.467E-11,2.6766000000000004E-10,3.1473999999999997E-07,-3.1398E-07
0.935,0.8,-1.1173300000000001E-09,2.0880000000000003E-11,3.1357000000000003E-10,3.1478E-07,-3.14E-07
0.93,0.8,-1.1669E-09,2.6390000000000002E-11,3.7189000000000005E-10,3.1473999999999997E-07,-3.1396E-07
0.925,0.8,-1.2213E-09,2.134E-11,4.2878000000000004E-10,3.147E-07,-3.1394E-07
0.92,0.8,-1.2986E-09,1.679E-11,5.0814000000000007E-10,3.1472E-07,-3.1392E-07
0.915,0.8,-1.4071E-09,1.2830000000000001E-11,6.0873E-10,3.1468E-07,-3.1392E-07
0.91,0.8,-1.4942999999999999E-09,1.0230000000000001E-11,7.0932000000000009E-10,3.147E-07,-3.1396E-07
0.905,0.8,-1.6327E-09,1.0400000000000001E-11,8.273E-10,3.1472E-07,-3.1389999999999997E-07
0.9,0.8,-1.7598E-09,1.0220000000000001E-11,9.843600000000001E-10,3.1466E-07,-3.1392E-07
0.895,0.8,-1.9519E-09,1.383E-11,1.1509E-09,3.147E-07,-3.1396E-07
0.89,0.8,-2.1292E-09,5.9E-12,1.3642E-09,3.1472E-07,-3.1386E-07
0.885,0.8,-2.3861E-09,2.8400000000000004E-12,1.5992E-09,3.1504E-07,-3.1412E-07
0.88,0.8,-2.6652E-09,5E-14,1.8812E-09,3.147E-07,-3.1392E-07
0.875,0.8,-2.9855E-09,1.13E-12,2.2047E-09,3.147E-07,-3.1394E-07
0.87,0.8,-3.3805E-09,3.4500000000000004E-12,2.6139E-09,3.147E-07,-3.14E-07
0.865,0.8,-3.834E-09,5.8100000000000005E-12,3.0553E-09,3.1473999999999997E-07,-3.1396E-07
0.86,0.8,-4.3796E-09,1.12E-12,3.6E-09,3.1466E-07,-3.1384E-07
0.85500000000000009,0.8,-5.0139E-09,-2.4500000000000003E-12,4.2418E-09,3.1466E-07,-3.1388E-07
0.85000000000000009,0.8,-5.7735E-09,-7.52E-12,5.0089E-09,3.1473999999999997E-07,-3.1388E-07
0.84500000000000008,0.8,-6.6357E-09,-1.0340000000000002E-11,5.8618E-09,3.147E-07,-3.1396E-07
0.84000000000000008,0.8,-7.6807E-09,-1.0430000000000001E-11,6.8964E-09,3.1478E-07,-3.1398E-07
0.83500000000000008,0.8,-8.8858E-09,-9.24E-12,8.1186E-09,3.1466E-07,-3.1398E-07
0.83000000000000007,0.8,-1.03521E-08,-3.8E-12,9.5857E-09,3.1468E-07,-3.1392E-07
0.82500000000000007,0.8,-1.19794E-08,-1.0430000000000001E-11,1.12371E-08,3.1472E-07,-3.14E-07
0.82000000000000006,0.8,-1.4001999999999999E-08,-8.53E-12,1.3266799999999998E-08,3.1473999999999997E-07,-3.1389999999999997E-07
0.81500000000000006,0.8,-1.63036E-08,-1.611E-11,1.55496E-08,3.1472E-07,-3.14E-07
0.81,0.8,-1.9072999999999998E-08,-2.118E-11,1.8286399999999998E-08,3.148E-07,-3.1394E-07
0.805,0.8,-2.23122E-08,-2.2970000000000002E-11,2.15504E-08,3.148E-07,-3.1398E-07
0.8,0.8,-2.6174999999999998E-08,-2.387E-11,2.5410799999999997E-08,3.1466E-07,-3.1394E-07
0.795,0.8,-3.05768E-08,-2.429E-11,2.98332E-08,3.1473999999999997E-07,-3.1394E-07
0.79,0.8,-3.5865199999999995E-08,-3.012E-11,3.51246E-08,3.1472E-07,-3.1398E-07
0.785,0.8,-4.20498E-08,-3.059E-11,4.1382799999999997E-08,3.1476E-07,-3.1396E-07
0.78,0.8,-4.9384599999999993E-08,-3.7670000000000004E-11,4.8681799999999995E-08,3.147E-07,-3.1384E-07
0.775,0.8,-5.8081599999999995E-08,-3.77E-11,5.73656E-08,3.1476E-07,-3.1388E-07
0.77,0.8,-6.805659999999999E-08,-4.2510000000000004E-11,6.73374E-08,3.147E-07,-3.1389999999999997E-07
0.765,0.8,-8.0074399999999988E-08,-4.3870000000000006E-11,7.94808E-08,3.1482E-07,-3.1389999999999997E-07
0.76,0.8,-9.4113199999999988E-08,-4.9660000000000006E-11,9.32364E-08,3.1464E-07,-3.14E-07
0.755,0.8,-1.1071419999999999E-07,-5.2390000000000006E-11,1.0985579999999999E-07,3.1473999999999997E-07,-3.1398E-07
0.75,0.8,-1.3038E-07,-5.7860000000000008E-11,1.29E-07,3.147E-07,-3.1396E-07
0.745,0.8,-1.533E-07,-6.1750000000000006E-11,1.5294E-07,3.1468E-07,-3.1389999999999997E-07
0.74,0.8,-1.8038E-07,-6.628E-11,1.7968E-07,3.1478E-07,-3.1388E-07
0.735,0.8,-2.1268E-07,-7.1450000000000009E-11,2.1158E-07,3.1468E-07,-3.1389999999999997E-07
0.73,0.8,-2.4858E-07,-7.919E-11,2.4982E-07,3.1462E-07,-3.1389999999999997E-07
0.72500000000000009,0.8,-2.9376E-07,-8.6030000000000012E-11,2.9398E-07,3.1473999999999997E-07,-3.1392E-07
0.72000000000000008,0.8,-3.4544E-07,-9.592E-11,3.4606E-07,3.1468E-07,-3.1388E-07
0.71500000000000008,0.8,-4.0622E-07,-1.0222000000000001E-10,4.072E-07,3.1462E-07,-3.1388E-07
0.71000000000000008,0.8,-4.8042E-07,-1.0710000000000001E-10,4.7774E-07,3.1468E-07,-3.1396E-07
0.70500000000000007,0.8,-5.6418E-07,-1.1822E-10,5.6532E-07,3.1464E-07,-3.1382E-07
0.70000000000000007,0.8,-6.6488E-07,-1.2937000000000001E-10,6.6414E-07,3.1473999999999997E-07,-3.1388E-07
0.69500000000000006,0.8,-7.8094E-07,-1.4044E-10,7.8428E-07,3.1464E-07,-3.1382E-07
0.69000000000000006,0.8,-9.1902E-07,-1.4854E-10,9.1491999999999994E-07,3.1464E-07,-3.1386E-07
0.685,0.8,-1.0795E-06,-1.5719E-10,1.0768799999999999E-06,3.1464E-07,-3.1388E-07
0.68,0.8,-1.2682000000000002E-06,-1.7256000000000002E-10,1.2718E-06,3.1464E-07,-3.1388E-07
0.675,0.8,-1.4960000000000002E-06,-1.8562000000000003E-10,1.498E-06,3.1468E-07,-3.1392E-07
0.67,0.8,-1.7606000000000001E-06,-2.0302000000000001E-10,1.7664000000000002E-06,3.148E-07,-3.1398E-07
0.665,0.8,-2.0709000000000004E-06,-2.1655000000000002E-10,2.0822E-06,3.147E-07,-3.1386E-07
0.66,0.8,-2.4364E-06,-2.2367000000000001E-10,2.4398000000000003E-06,3.147E-07,-3.1388E-07
0.655,0.8,-2.8655000000000003E-06,-2.2916000000000001E-10,2.8734000000000003E-06,3.1464E-07,-3.1386E-07
0.65,0.8,-3.3649E-06,-2.4797E-10,3.3733000000000004E-06,3.1476E-07,-3.142E-07
0.645,0.8,-3.9760000000000006E-06,-2.7437E-10,3.9625000000000006E-06,3.1501999999999997E-07,-3.1396E-07
0.64,0.8,-4.6522E-06,-2.9573E-10,4.6675000000000006E-06,3.1464E-07,-3.1388E-07
0.635,0.8,-5.4777000000000009E-06,-3.0734000000000005E-10,5.4814000000000006E-06,3.1462E-07,-3.1382E-07
0.63,0.8,-6.4187000000000009E-06,-3.2061000000000004E-10,6.4272000000000009E-06,3.1473999999999997E-07,-3.1389999999999997E-07
0.625,0.8,-7.532800000000001E-06,-3.3519E-10,7.534000000000001E-06,3.1458E-07,-3.1394E-07
0.62,0.8,-8.8889E-06,-3.5724000000000005E-10,8.8378E-06,3.147E-07,-3.1384E-07
0.615,0.8,-1.0408800000000001E-05,-3.8299000000000004E-10,1.03444E-05,3.1473999999999997E-07,-3.1396E-07
0.61,0.8,-1.2148000000000001E-05,-4.0301000000000004E-10,1.2132E-05,3.1476E-07,-3.1394E-07
0.605,0.8,-1.4222E-05,-4.2048000000000003E-10,1.4212E-05,3.1468E-07,-3.1394E-07
0.6,0.8,-1.6658000000000002E-05,-4.4245000000000006E-10,1.6614E-05,3.1462E-07,-3.1389999999999997E-07
0.595,0.8,-1.9458E-05,-4.6258E-10,1.947E-05,3.1472E-07,-3.1394E-07
0.59000000000000008,0.8,-2.2792E-05,-4.8426E-10,2.2702E-05,3.1466E-07,-3.1398E-07
0.58500000000000008,0.8,-2.6490000000000002E-05,-5.0375E-10,2.6494E-05,3.1466E-07,-3.1394E-07
0.58000000000000007,0.8,-3.0978E-05,-5.2306000000000005E-10,3.0948E-05,3.1466E-07,-3.1386E-07
0.57500000000000007,0.8,-3.6202E-05,-5.512E-10,3.6096E-05,3.1478E-07,-3.1388E-07
0.57000000000000006,0.8,-4.2130000000000005E-05,-5.7544E-10,4.2014E-05,3.1473999999999997E-07,-3.1388E-07
0.56500000000000006,0.8,-4.8922000000000004E-05,-5.998E-10,4.889E-05,3.1466E-07,-3.1389999999999997E-07
0.56,0.8,-5.7134E-05,-6.2586E-10,5.703E-05,3.1464E-07,-3.1388E-07
0.555,0.8,-6.6268E-05,-6.4851000000000007E-10,6.633E-05,3.1466E-07,-3.1389999999999997E-07
0.55,0.8,-7.7152000000000009E-05,-6.7175000000000008E-10,7.724E-05,3.1476E-07,-3.1384E-07
0.545,0.8,-8.9586E-05,-7.0131E-10,8.9608E-05,3.147E-07,-3.1378E-07
0.54,0.8,-0.00010418600000000001,-7.2971000000000006E-10,0.000104258,3.147E-07,-3.1384E-07
0.535,0.8,-0.00012052,-7.5557E-10,0.00012088000000000001,3.1466E-07,-3.1389999999999997E-07
0.53,0.8,-0.00013974000000000001,-7.8619000000000005E-10,0.00014020000000000002,3.1462E-07,-3.1388E-07
0.525,0.8,-0.00016192000000000002,-8.1369000000000011E-10,0.00016226,3.1462E-07,-3.1384E-07
0.52,0.8,-0.00018774000000000002,-8.4378000000000006E-10,0.00018778000000000002,3.1468E-07,-3.1382E-07
0.515,0.8,-0.00021642000000000002,-8.729900000000001E-10,0.00021664,3.1468E-07,-3.1386E-07
0.51,0.8,-0.00024988,-9.0817000000000008E-10,0.0002502,3.1468E-07,-3.1378E-07
0.505,0.8,-0.00028730000000000004,-9.3675E-10,0.00028754000000000003,3.1468E-07,-3.1388E-07
0.5,0.8,-0.00033016,-9.6958E-10,0.00033068,3.147E-07,-3.1392E-07
0.49500000000000005,0.8,-0.000378,-1.00655E-09,0.00037804,3.147E-07,-3.1386E-07
0.49000000000000005,0.8,-0.00043246,-1.03845E-09,0.00043264000000000003,3.147E-07,-3.1389999999999997E-07
0.48500000000000004,0.8,-0.0004918,-1.07485E-09,0.00049228,3.1466E-07,-3.1403999999999997E-07
0.48000000000000004,0.8,-0.00055974000000000009,-1.10999E-09,0.00055972,3.1458E-07,-3.1378E-07
0.47500000000000003,0.8,-0.00063292,-1.1458E-09,0.00063316,3.1468E-07,-3.1375999999999997E-07
0.47000000000000003,0.8,-0.00071536000000000006,-1.1865E-09,0.0007158,3.1468E-07,-3.1398E-07
0.465,0.8,-0.00080462,-1.224E-09,0.00080422,3.1466E-07,-3.1389999999999997E-07
0.46,0.8,-0.00090306,-1.2602E-09,0.00090316000000000007,3.1464E-07,-3.1382E-07
0.455,0.8,-0.00100842,-1.3016E-09,0.00100868,3.1462E-07,-3.1388E-07
0.45,0.8,-0.0011243000000000002,-1.3436E-09,0.00112428,3.1468E-07,-3.1386E-07
0.445,0.8,-0.0012466,-1.3873E-09,0.001248,3.1458E-07,-3.1392E-07
0.44,0.8,-0.0013818,-1.4314E-09,0.001382,3.147E-07,-3.1384E-07
0.435,0.8,-0.0015222,-1.4767E-09,0.0015236,3.1466E-07,-3.1388E-07
0.43,0.8,-0.0016746,-1.5237E-09,0.0016756,3.1464E-07,-3.1389999999999997E-07
0.42500000000000004,0.8,-0.0018342,-1.5712E-09,0.0018356,3.147E-07,-3.1389999999999997E-07
0.42000000000000004,0.8,-0.002005,-1.6176E-09,0.0020054,3.147E-07,-3.1384E-07
0.41500000000000004,0.8,-0.0021818000000000002,-1.668E-09,0.0021818000000000002,3.1478E-07,-3.1398E-07
0.41000000000000003,0.8,-0.002369,-1.7259E-09,0.0023694000000000002,3.147E-07,-3.1392E-07
0.405,0.8,-0.0025608000000000002,-1.7803E-09,0.0025616000000000002,3.1472E-07,-3.1392E-07
0.4,0.8,-0.0027642,-1.8377E-09,0.0027656,3.1462E-07,-3.1389999999999997E-07
0.395,0.8,-0.002971,-1.889E-09,0.0029722,3.1464E-07,-3.1388E-07
0.39,0.8,-0.0031872000000000003,-1.9461E-09,0.003189,3.1473999999999997E-07,-3.1392E-07
0.385,0.8,-0.0034084000000000002,-2.0075E-09,0.0034078,3.1472E-07,-3.1398E-07
0.38,0.8,-0.003637,-2.0712E-09,0.0036378,3.1468E-07,-3.1398E-07
0.375,0.8,-0.0038668,-2.1446E-09,0.0038682,3.1464E-07,-3.1398E-07
0.37,0.8,-0.0041046,-2.2091E-09,0.0041044,3.1464E-07,-3.1388E-07
0.365,0.8,-0.0043416,-2.2723E-09,0.0043414000000000005,3.1464E-07,-3.1398E-07
0.36000000000000004,0.8,-0.004587,-2.3381E-09,0.0045876,3.1464E-07,-3.14E-07
0.35500000000000004,0.8,-0.0048284,-2.4111E-09,0.00483,3.147E-07,-3.14E-07
0.35000000000000003,0.8,-0.005078,-2.488E-09,0.0050782,3.1476E-07,-3.1394E-07
0.34500000000000003,0.8,-0.0053232,-2.5675E-09,0.0053230000000000005,3.1462E-07,-3.1389999999999997E-07
0.34,0.8,-0.005573,-2.6519E-09,0.0055734,3.147E-07,-3.1398E-07
0.335,0.8,-0.0058182,-2.7334E-09,0.0058200000000000005,3.147E-07,-3.1394E-07
0.33,0.8,-0.0060672,-2.8161E-09,0.0060692,3.1472E-07,-3.1398E-07
0.325,0.8,-0.006313,-2.9058E-09,0.0063146,3.1498E-07,-3.142E-07
0.32,0.8,-0.0065578,-2.9995E-09,0.0065594,3.147E-07,-3.14E-07
0.315,0.8,-0.0068016000000000005,-3.0902E-09,0.006801,3.1472E-07,-3.1389999999999997E-07
0.31,0.8,-0.0070408,-3.1846E-09,0.0070414,3.1464E-07,-3.1388E-07
0.305,0.8,-0.0072782,-3.2889E-09,0.0072772,3.1458E-07,-3.1398E-07
0.3,0.8,-0.0075128,-3.394E-09,0.0075136000000000005,3.1464E-07,-3.1389999999999997E-07
0.29500000000000004,0.8,-0.0077418,-3.5027E-09,0.0077412,3.1456E-07,-3.1398E-07
0.29000000000000004,0.8,-0.0079716,-3.6161E-09,0.0079712,3.1458E-07,-3.1394E-07
0.28500000000000003,0.8,-0.0081916,-3.7281E-09,0.008192,3.1456E-07,-3.1388E-07
0.28,0.8,-0.008414,-3.8404E-09,0.008415,3.1459999999999997E-07,-3.1382E-07
0.275,0.8,-0.0086286,-3.959E-09,0.008629,3.1459999999999997E-07,-3.1389999999999997E-07
0.27,0.8,-0.0088396,-4.0818E-09,0.0088374,3.1462E-07,-3.1389999999999997E-07
0.265,0.8,-0.0090474,-4.2166E-09,0.0090472,3.1468E-07,-3.14E-07
0.26,0.8,-0.0092502,-4.349E-09,0.0092484,3.1473999999999997E-07,-3.1398E-07
0.255,0.8,-0.0094476,-4.4798E-09,0.0094504,3.1464E-07,-3.1394E-07
0.25,0.8,-0.0096422,-4.6168E-09,0.0096432,3.147E-07,-3.1406E-07
0.24500000000000002,0.8,-0.0098326,-4.7569E-09,0.0098328000000000009,3.1456E-07,-3.1402E-07
0.24000000000000002,0.8,-0.010018,-4.9311E-09,0.010018,3.1468E-07,-3.1402E-07
0.23500000000000001,0.8,-0.0101992,-5.0561E-09,0.010198,3.1468E-07,-3.1402E-07
0.23,0.8,-0.0103756,-5.2503E-09,0.0103766,3.1472E-07,-3.1402E-07
0.225,0.8,-0.0105506,-5.4096E-09,0.010550200000000001,3.1472E-07,-3.14E-07
0.22,0.8,-0.010718,-5.5702E-09,0.010718,3.1468E-07,-3.1396E-07
0.215,0.8,-0.0108838,-5.744E-09,0.0108852,3.1468E-07,-3.1406E-07
0.21000000000000002,0.8,-0.011042,-5.9169E-09,0.0110428,3.1464E-07,-3.1398E-07
0.20500000000000002,0.8,-0.0112008,-6.1022E-09,0.011199800000000001,3.1459999999999997E-07,-3.14E-07
0.2,0.8,-0.011353,-6.2828E-09,0.0113512,3.1472E-07,-3.1434E-07
0.195,0.8,-0.0115,-6.4698E-09,0.011500400000000001,3.1472E-07,-3.1406E-07
0.19,0.8,-0.011616000000000001,-6.6613E-09,0.011642000000000001,3.1478E-07,-3.1398E-07
0.185,0.8,-0.011762000000000002,-6.8654E-09,0.011788000000000002,3.1468E-07,-3.1408E-07
0.18000000000000002,0.8,-0.011898,-7.0694E-09,0.011920000000000002,3.1464E-07,-3.1402E-07
0.17500000000000002,0.8,-0.012026,-7.2865E-09,0.012054,3.147E-07,-3.1408E-07
0.17,0.8,-0.012162000000000001,-7.4972E-09,0.012188000000000001,3.1468E-07,-3.1406E-07
0.165,0.8,-0.012292,-7.7037E-09,0.012312000000000002,3.1473999999999997E-07,-3.1406E-07
0.16,0.8,-0.012414000000000001,-7.9371E-09,0.012436000000000001,3.1464E-07,-3.1408E-07
0.155,0.8,-0.012534000000000002,-8.1582E-09,0.012556000000000001,3.1466E-07,-3.1403999999999997E-07
0.15,0.8,-0.012652000000000002,-8.4061E-09,0.012676000000000002,3.1468E-07,-3.1398E-07
0.14500000000000002,0.8,-0.012768000000000002,-8.6564E-09,0.012794000000000002,3.1468E-07,-3.1406E-07
0.14,0.8,-0.01288,-8.9E-09,0.012904,3.1468E-07,-3.1408E-07
0.135,0.8,-0.012988000000000001,-9.1459E-09,0.01301,3.1468E-07,-3.1408E-07
0.13,0.8,-0.013096000000000002,-9.4012E-09,0.013120000000000002,3.1464E-07,-3.1408E-07
0.125,0.8,-0.013200000000000002,-9.6797E-09,0.013224000000000001,3.1464E-07,-3.1396E-07
0.12000000000000001,0.8,-0.013298,-9.953E-09,0.013324,3.1466E-07,-3.1406E-07
0.115,0.8,-0.0134,-1.02369E-08,0.013422000000000002,3.1464E-07,-3.141E-07
0.11,0.8,-0.013496000000000001,-1.04275E-08,0.013518,3.1468E-07,-3.1408E-07
0.10500000000000001,0.8,-0.013586,-1.07187E-08,0.013616000000000001,3.1464E-07,-3.141E-07
0.1,0.8,-0.013684000000000002,-1.10191E-08,0.0137,3.1464E-07,-3.1406E-07
0.095,0.8,-0.013770000000000001,-1.13228E-08,0.013794,3.1459999999999997E-07,-3.1403999999999997E-07
0.090000000000000011,0.8,-0.013856000000000002,-1.1719599999999998E-08,0.013882000000000002,3.1462E-07,-3.1406E-07
0.085,0.8,-0.013944000000000002,-1.20412E-08,0.013970000000000002,3.147E-07,-3.1408E-07
0.08,0.8,-0.014032000000000001,-1.2374599999999998E-08,0.014054,3.147E-07,-3.1408E-07
0.075,0.8,-0.014108,-1.2689599999999998E-08,0.014132,3.1462E-07,-3.1403999999999997E-07
0.07,0.8,-0.014190000000000001,-1.30392E-08,0.01421,3.1462E-07,-3.1398E-07
0.065,0.8,-0.014268000000000001,-1.3393999999999999E-08,0.014288000000000002,3.1459999999999997E-07,-3.1403999999999997E-07
0.060000000000000005,0.8,-0.014340000000000002,-1.3749599999999999E-08,0.014362000000000002,3.1464E-07,-3.14E-07
0.055,0.8,-0.014416000000000002,-1.41202E-08,0.014438000000000001,3.1464E-07,-3.1403999999999997E-07
0.05,0.8,-0.014484000000000002,-1.4501799999999999E-08,0.014508000000000002,3.1456E-07,-3.1408E-07
0.045000000000000005,0.8,-0.014558000000000002,-1.4876999999999998E-08,0.014582000000000001,3.1468E-07,-3.1403999999999997E-07
0.04,0.8,-0.014626000000000002,-1.5283599999999998E-08,0.014648000000000001,3.1462E-07,-3.1406E-07
0.035,0.8,-0.014692000000000002,-1.56332E-08,0.014716000000000002,3.1473999999999997E-07,-3.1412E-07
0.030000000000000002,0.8,-0.014758000000000002,-1.6066E-08,0.014782000000000002,3.1464E-07,-3.1403999999999997E-07
0.025,0.8,-0.014824000000000002,-1.648E-08,0.014846000000000002,3.1452E-07,-3.1412E-07
0.02,0.8,-0.014882000000000001,-1.6896799999999998E-08,0.014908000000000001,3.1464E-07,-3.1412E-07
0.015000000000000001,0.8,-0.014944,-1.7387399999999997E-08,0.01497,3.1468E-07,-3.1406E-07
0.01,0.8,-0.015006000000000002,-1.77676E-08,0.015024000000000001,3.1462E-07,-3.1408E-07
0.005,0.8,-0.015066000000000001,-1.82392E-08,0.015084000000000002,3.1466E-07,-3.1406E-07
0,0.8,-0.015116000000000001,-1.8710999999999998E-08,0.015144000000000001,3.1468E-07,-3.1408E-07
1.2,0.81,-8.7666000000000005E-10,3.427E-10,-1.1386000000000001E-10,3.1462E-07,-3.1422E-07
1.195,0.81,-8.6388E-10,3.4947000000000004E-10,-1.1397000000000001E-10,3.1456E-07,-3.1392E-07
1.19,0.81,-8.3257000000000005E-10,3.2895000000000004E-10,-9.8880000000000012E-11,3.1452E-07,-3.1382E-07
1.185,0.81,-8.4718000000000007E-10,3.0939E-10,-1.0129E-10,3.1454E-07,-3.1378E-07
1.1800000000000002,0.81,-8.7564000000000009E-10,2.9049E-10,-1.0290000000000001E-10,3.145E-07,-3.1389999999999997E-07
1.175,0.81,-8.8251000000000009E-10,2.8075000000000004E-10,-9.2350000000000009E-11,3.1462E-07,-3.1392E-07
1.1700000000000002,0.81,-8.5249E-10,2.7394000000000004E-10,-8.756E-11,3.1458E-07,-3.1392E-07
1.165,0.81,-8.0769E-10,2.6301E-10,-9.3620000000000009E-11,3.1456E-07,-3.1398E-07
1.1600000000000001,0.81,-8.175E-10,2.5152000000000003E-10,-8.2950000000000008E-11,3.147E-07,-3.1389999999999997E-07
1.155,0.81,-8.2564000000000006E-10,2.3737000000000003E-10,-7.973E-11,3.1458E-07,-3.1394E-07
1.1500000000000001,0.81,-8.2467000000000011E-10,2.2339000000000002E-10,-8.074000000000001E-11,3.1459999999999997E-07,-3.1394E-07
1.145,0.81,-8.3696000000000008E-10,2.1310000000000002E-10,-7.6110000000000009E-11,3.1462E-07,-3.1392E-07
1.1400000000000001,0.81,-8.3557E-10,2.1832000000000003E-10,-7.328E-11,3.1459999999999997E-07,-3.1384E-07
1.135,0.81,-8.0846E-10,2.1454000000000002E-10,-6.738E-11,3.1458E-07,-3.1375999999999997E-07
1.1300000000000001,0.81,-7.7305E-10,1.9877000000000003E-10,-7.1E-11,3.138E-07,-3.1304E-07
1.125,0.81,-8.1879E-10,1.8812000000000002E-10,-6.1830000000000008E-11,3.1386E-07,-3.1312E-07
1.12,0.81,-8.1678E-10,1.7484000000000001E-10,-5.8070000000000006E-11,3.1378E-07,-3.1312E-07
1.115,0.81,-8.2307E-10,1.7004000000000002E-10,-6.239E-11,3.1374E-07,-3.1302E-07
1.11,0.81,-8.0039000000000007E-10,1.6122000000000001E-10,-5.7730000000000004E-11,3.1389999999999997E-07,-3.1312E-07
1.105,0.81,-7.4612000000000011E-10,1.512E-10,-4.934E-11,3.138E-07,-3.1312E-07
1.1,0.81,-7.9019E-10,1.4538000000000002E-10,-5.2450000000000004E-11,3.1375999999999997E-07,-3.1312E-07
1.095,0.81,-7.9666E-10,1.3430000000000002E-10,-5.164E-11,3.138E-07,-3.1316E-07
1.09,0.81,-7.9615000000000009E-10,1.3281E-10,-4.013E-11,3.1388E-07,-3.1314E-07
1.085,0.81,-7.8800000000000007E-10,1.2954E-10,-4.293E-11,3.1382E-07,-3.131E-07
1.08,0.81,-7.5351E-10,1.2727000000000002E-10,-4.628E-11,3.1375999999999997E-07,-3.1319999999999997E-07
1.075,0.81,-7.4990000000000007E-10,1.1770000000000002E-10,-3.273E-11,3.1375999999999997E-07,-3.1304E-07
1.07,0.81,-7.7479000000000007E-10,1.0928000000000001E-10,-3.405E-11,3.138E-07,-3.1312E-07
1.065,0.81,-7.9744000000000009E-10,1.0418000000000001E-10,-3.653E-11,3.1384E-07,-3.1298E-07
1.06,0.81,-7.7181E-10,9.814000000000001E-11,-3.092E-11,3.1375999999999997E-07,-3.1304E-07
1.0550000000000002,0.81,-7.5081E-10,9.7690000000000014E-11,-2.167E-11,3.1374E-07,-3.1312E-07
1.05,0.81,-7.4246E-10,9.1330000000000009E-11,-2.5880000000000002E-11,3.138E-07,-3.1302E-07
1.0450000000000002,0.81,-7.5368E-10,8.586E-11,-2.531E-11,3.1372E-07,-3.1302E-07
1.04,0.81,-7.8578E-10,7.996E-11,-9.78E-12,3.1375999999999997E-07,-3.1305999999999997E-07
1.0350000000000001,0.81,-7.6476000000000006E-10,7.7880000000000007E-11,-1.5540000000000002E-11,3.1378E-07,-3.1304E-07
1.03,0.81,-7.6299000000000007E-10,7.54E-11,-1.489E-11,3.1389999999999997E-07,-3.1316E-07
1.0250000000000001,0.81,-7.3840000000000006E-10,6.8000000000000011E-11,-2.0500000000000004E-12,3.1378E-07,-3.1304E-07
1.02,0.81,-7.5186E-10,6.699E-11,5.7E-13,3.138E-07,-3.131E-07
1.0150000000000001,0.81,-7.7567000000000007E-10,5.893000000000001E-11,1.2000000000000002E-13,3.1384E-07,-3.1308E-07
1.01,0.81,-7.6873000000000009E-10,5.47E-11,6.2400000000000009E-12,3.1382E-07,-3.1308E-07
1.0050000000000001,0.81,-7.7763E-10,5.313E-11,2.245E-11,3.1374E-07,-3.1312E-07
1,0.81,-7.5322E-10,5.0130000000000006E-11,1.808E-11,3.1375999999999997E-07,-3.1304E-07
0.995,0.81,-7.6966000000000011E-10,4.9400000000000005E-11,2.553E-11,3.1305999999999997E-07,-3.1224E-07
0.9900000000000001,0.81,-7.8132E-10,4.7480000000000007E-11,4.3500000000000005E-11,3.1374E-07,-3.13E-07
0.9850000000000001,0.81,-7.893900000000001E-10,4.552E-11,4.741E-11,3.1378E-07,-3.1308E-07
0.98000000000000009,0.81,-8.1133E-10,4.049E-11,5.5990000000000005E-11,3.1314E-07,-3.1296E-07
0.97500000000000009,0.81,-8.0737000000000008E-10,3.5890000000000005E-11,7.433E-11,3.1384E-07,-3.1305999999999997E-07
0.97000000000000008,0.81,-8.1756E-10,3.2790000000000004E-11,9.177000000000001E-11,3.1312E-07,-3.1248E-07
0.96500000000000008,0.81,-8.4367E-10,3.0640000000000004E-11,1.048E-10,3.1378E-07,-3.1304E-07
0.96000000000000008,0.81,-8.4482000000000009E-10,3.4360000000000005E-11,1.2566E-10,3.1396E-07,-3.13E-07
0.95500000000000007,0.81,-8.7931E-10,3.5810000000000004E-11,1.6107000000000002E-10,3.1382E-07,-3.1305999999999997E-07
0.95000000000000007,0.81,-9.0979E-10,2.5790000000000002E-11,1.7999000000000002E-10,3.1375999999999997E-07,-3.1244E-07
0.94500000000000006,0.81,-9.3688E-10,1.4290000000000002E-11,2.1895000000000003E-10,3.138E-07,-3.131E-07
0.94000000000000006,0.81,-9.8167E-10,1.586E-11,2.6866000000000003E-10,3.1378E-07,-3.1304E-07
0.935,0.81,-1.0374700000000001E-09,1.9730000000000003E-11,3.0931000000000004E-10,3.138E-07,-3.1312E-07
0.93,0.81,-1.07685E-09,2.28E-11,3.7045000000000005E-10,3.1342E-07,-3.131E-07
0.925,0.81,-1.1382E-09,1.404E-11,4.2390000000000006E-10,3.1384E-07,-3.131E-07
0.92,0.81,-1.2286E-09,1.2340000000000001E-11,5.0718E-10,3.1382E-07,-3.1304E-07
0.915,0.81,-1.2919E-09,9.37E-12,5.8643E-10,3.1388E-07,-3.1305999999999997E-07
0.91,0.81,-1.4004E-09,6.3900000000000008E-12,6.9596E-10,3.1384E-07,-3.1308E-07
0.905,0.81,-1.5518E-09,8.31E-12,8.3708000000000007E-10,3.1386E-07,-3.1312E-07
0.9,0.81,-1.6531E-09,5.4500000000000004E-12,9.7343E-10,3.1366E-07,-3.131E-07
0.895,0.81,-1.8583E-09,5.6E-13,1.1436E-09,3.1378E-07,-3.1312E-07
0.89,0.81,-2.0582E-09,9.12E-12,1.3525E-09,3.1384E-07,-3.1305999999999997E-07
0.885,0.81,-2.2683E-09,1.169E-11,1.5956E-09,3.138E-07,-3.131E-07
0.88,0.81,-2.5631E-09,9.97E-12,1.88E-09,3.138E-07,-3.1316E-07
0.875,0.81,-2.8687E-09,3.07E-12,2.1805E-09,3.1312E-07,-3.1228E-07
0.87,0.81,-3.3114E-09,2.1200000000000003E-12,2.5773E-09,3.137E-07,-3.1302E-07
0.865,0.81,-3.7866E-09,6.25E-12,3.0566E-09,3.1314E-07,-3.1242E-07
0.86,0.81,-4.2787E-09,1.46E-12,3.6147E-09,3.1372E-07,-3.1305999999999997E-07
0.85500000000000009,0.81,-4.9418E-09,-5.0600000000000007E-12,4.2709E-09,3.1372E-07,-3.1248E-07
0.85000000000000009,0.81,-5.7793E-09,-6.41E-12,5.0428E-09,3.1319999999999997E-07,-3.124E-07
0.84500000000000008,0.81,-6.5373E-09,6.6E-12,5.8490999999999996E-09,3.1374E-07,-3.1304E-07
0.84000000000000008,0.81,-7.4916E-09,-2.081E-11,6.8731E-09,3.1382E-07,-3.1305999999999997E-07
0.83500000000000008,0.81,-8.7842E-09,-3.3780000000000005E-11,8.1736E-09,3.1392E-07,-3.131E-07
0.83000000000000007,0.81,-1.03991E-08,-1.797E-11,9.5959E-09,3.138E-07,-3.1314E-07
0.82500000000000007,0.81,-1.1975399999999998E-08,-1.3600000000000002E-11,1.11917E-08,3.1314E-07,-3.1232E-07
0.82000000000000006,0.81,-1.3881599999999998E-08,-1.179E-11,1.3137199999999998E-08,3.1388E-07,-3.1312E-07
0.81500000000000006,0.81,-1.6185E-08,-1.1870000000000002E-11,1.5412E-08,3.1378E-07,-3.131E-07
0.81,0.81,-1.89132E-08,-9.1100000000000014E-12,1.8159799999999998E-08,3.131E-07,-3.1305999999999997E-07
0.805,0.81,-2.205E-08,-6.7800000000000006E-12,2.14124E-08,3.1386E-07,-3.1244E-07
0.8,0.81,-2.5829999999999997E-08,-9.86E-12,2.5134E-08,3.138E-07,-3.131E-07
0.795,0.81,-3.01898E-08,-1.1630000000000001E-11,2.95534E-08,3.1378E-07,-3.1304E-07
0.79,0.81,-3.5432599999999995E-08,-1.5120000000000002E-11,3.4723799999999996E-08,3.138E-07,-3.131E-07
0.785,0.81,-4.1493799999999997E-08,-2.1280000000000003E-11,4.0862399999999994E-08,3.1384E-07,-3.1302E-07
0.78,0.81,-4.8798E-08,-2.3990000000000003E-11,4.8142999999999996E-08,3.1372E-07,-3.1304E-07
0.775,0.81,-5.7339999999999996E-08,-3.2210000000000004E-11,5.6689999999999993E-08,3.1378E-07,-3.1298E-07
0.77,0.81,-6.7078599999999993E-08,-3.981E-11,6.654619999999999E-08,3.1384E-07,-3.13E-07
0.765,0.81,-7.92994E-08,-4.355E-11,7.8479E-08,3.1312E-07,-3.1238E-07
0.76,0.81,-9.3027999999999991E-08,-5.0450000000000004E-11,9.2231999999999988E-08,3.1378E-07,-3.1312E-07
0.755,0.81,-1.0908199999999998E-07,-5.5700000000000005E-11,1.0875499999999998E-07,3.1368E-07,-3.131E-07
0.75,0.81,-1.286E-07,-5.8660000000000007E-11,1.2839999999999999E-07,3.138E-07,-3.131E-07
0.745,0.81,-1.5178E-07,-6.903E-11,1.5096E-07,3.1382E-07,-3.13E-07
0.74,0.81,-1.7794E-07,-7.0320000000000009E-11,1.764E-07,3.1314E-07,-3.124E-07
0.735,0.81,-2.0902E-07,-7.1510000000000007E-11,2.079E-07,3.138E-07,-3.131E-07
0.73,0.81,-2.4616E-07,-7.803E-11,2.4416E-07,3.138E-07,-3.1305999999999997E-07
0.72500000000000009,0.81,-2.894E-07,-8.266E-11,2.8849999999999997E-07,3.1378E-07,-3.1302E-07
0.72000000000000008,0.81,-3.3924E-07,-9.065E-11,3.395E-07,3.1382E-07,-3.1244E-07
0.71500000000000008,0.81,-3.9796E-07,-1.0824E-10,3.976E-07,3.138E-07,-3.1244E-07
0.71000000000000008,0.81,-4.684E-07,-1.2321E-10,4.6632E-07,3.1378E-07,-3.1305999999999997E-07
0.70500000000000007,0.81,-5.5238E-07,-1.2689000000000001E-10,5.5332E-07,3.1378E-07,-3.1312E-07
0.70000000000000007,0.81,-6.5172E-07,-1.2382000000000002E-10,6.5152E-07,3.1378E-07,-3.1305999999999997E-07
0.69500000000000006,0.81,-7.6906E-07,-1.3386000000000002E-10,7.6574E-07,3.1386E-07,-3.1294E-07
0.69000000000000006,0.81,-9.0472E-07,-1.468E-10,9.0305999999999994E-07,3.1374E-07,-3.1304E-07
0.685,0.81,-1.06756E-06,-1.6721E-10,1.06806E-06,3.1374E-07,-3.1304E-07
0.68,0.81,-1.2497E-06,-1.7567000000000003E-10,1.2592000000000002E-06,3.13E-07,-3.123E-07
0.675,0.81,-1.4867E-06,-1.8547E-10,1.4865E-06,3.1368E-07,-3.131E-07
0.67,0.81,-1.7534000000000002E-06,-1.9494000000000003E-10,1.7507000000000002E-06,3.1384E-07,-3.131E-07
0.665,0.81,-2.0619E-06,-2.1336000000000003E-10,2.0606000000000002E-06,3.1375999999999997E-07,-3.1316E-07
0.66,0.81,-2.4132E-06,-2.2835000000000002E-10,2.4197000000000003E-06,3.1378E-07,-3.1244E-07
0.655,0.81,-2.8429000000000003E-06,-2.4427000000000003E-10,2.8482E-06,3.1368E-07,-3.1305999999999997E-07
0.65,0.81,-3.3377000000000002E-06,-2.6423000000000003E-10,3.3401000000000004E-06,3.1382E-07,-3.1305999999999997E-07
0.645,0.81,-3.9279E-06,-2.7508000000000005E-10,3.9404E-06,3.1382E-07,-3.1304E-07
0.64,0.81,-4.6156E-06,-2.8936E-10,4.6373000000000005E-06,3.136E-07,-3.131E-07
0.635,0.81,-5.3741000000000008E-06,-3.0703E-10,5.3806000000000006E-06,3.1375999999999997E-07,-3.1302E-07
0.63,0.81,-6.3083E-06,-3.2477E-10,6.3227000000000005E-06,3.1312E-07,-3.1298E-07
0.625,0.81,-7.3956000000000008E-06,-3.4557000000000003E-10,7.3939000000000005E-06,3.1378E-07,-3.13E-07
0.62,0.81,-8.7046000000000013E-06,-3.6921E-10,8.6930000000000013E-06,3.1374E-07,-3.13E-07
0.615,0.81,-1.0207500000000002E-05,-3.8547E-10,1.02324E-05,3.1375999999999997E-07,-3.13E-07
0.61,0.81,-1.2112E-05,-4.0397000000000005E-10,1.2166E-05,3.1378E-07,-3.1304E-07
0.605,0.81,-1.4244000000000001E-05,-4.2727E-10,1.4242E-05,3.1372E-07,-3.13E-07
0.6,0.81,-1.6686E-05,-4.4793E-10,1.6696E-05,3.1366E-07,-3.13E-07
0.595,0.81,-1.942E-05,-4.6834000000000006E-10,1.9398E-05,3.138E-07,-3.131E-07
0.59000000000000008,0.81,-2.2616E-05,-4.9008E-10,2.269E-05,3.1374E-07,-3.1304E-07
0.58500000000000008,0.81,-2.6360000000000002E-05,-5.1304E-10,2.6394000000000002E-05,3.1372E-07,-3.1302E-07
0.58000000000000007,0.81,-3.078E-05,-5.3708000000000007E-10,3.0784E-05,3.1308E-07,-3.1308E-07
0.57500000000000007,0.81,-3.5918000000000004E-05,-5.64E-10,3.5908E-05,3.1374E-07,-3.13E-07
0.57000000000000006,0.81,-4.1826E-05,-5.853E-10,4.1898000000000004E-05,3.1374E-07,-3.1298E-07
0.56500000000000006,0.81,-4.8588E-05,-6.0758000000000009E-10,4.8654E-05,3.1378E-07,-3.1305999999999997E-07
0.56,0.81,-5.6632E-05,-6.2769E-10,5.6694E-05,3.138E-07,-3.131E-07
0.555,0.81,-6.5488000000000007E-05,-6.5515000000000006E-10,6.5674000000000009E-05,3.1372E-07,-3.1258E-07
0.55,0.81,-7.6334E-05,-6.9028E-10,7.6204E-05,3.1375999999999997E-07,-3.1298E-07
0.545,0.81,-8.8536000000000007E-05,-7.1498E-10,8.8502E-05,3.1374E-07,-3.13E-07
0.54,0.81,-0.000102788,-7.3616000000000007E-10,0.000102934,3.1374E-07,-3.1288E-07
0.535,0.81,-0.00011888000000000001,-7.6804000000000007E-10,0.00011902000000000001,3.1375999999999997E-07,-3.1305999999999997E-07
0.53,0.81,-0.00013784000000000002,-7.9414E-10,0.00013824,3.1374E-07,-3.1308E-07
0.525,0.81,-0.00015944,-8.3021000000000007E-10,0.00015968000000000002,3.1372E-07,-3.1305999999999997E-07
0.52,0.81,-0.00018446,-8.5774000000000008E-10,0.00018488,3.1366E-07,-3.1302E-07
0.515,0.81,-0.00021304,-8.86E-10,0.00021308,3.1375999999999997E-07,-3.13E-07
0.51,0.81,-0.00024562,-9.1531000000000012E-10,0.00024578,3.1374E-07,-3.131E-07
0.505,0.81,-0.00028226,-9.4677E-10,0.00028238000000000004,3.1312E-07,-3.1242E-07
0.5,0.81,-0.00032396000000000004,-9.8495E-10,0.00032450000000000003,3.1378E-07,-3.1304E-07
0.49500000000000005,0.81,-0.0003708,-1.0173E-09,0.00037094000000000005,3.1374E-07,-3.1302E-07
0.49000000000000005,0.81,-0.00042388,-1.0532600000000002E-09,0.00042422,3.1374E-07,-3.131E-07
0.48500000000000004,0.81,-0.0004822,-1.0918500000000001E-09,0.0004823,3.1382E-07,-3.131E-07
0.48000000000000004,0.81,-0.00054782000000000008,-1.1221E-09,0.00054802000000000008,3.1372E-07,-3.1302E-07
0.47500000000000003,0.81,-0.0006195,-1.16E-09,0.00062002,3.1374E-07,-3.1312E-07
0.47000000000000003,0.81,-0.00069958,-1.2062E-09,0.00069998,3.138E-07,-3.1312E-07
0.465,0.81,-0.00078590000000000008,-1.2411E-09,0.00078624,3.1372E-07,-3.1305999999999997E-07
0.46,0.81,-0.00088162000000000006,-1.2755E-09,0.00088152,3.1374E-07,-3.13E-07
0.455,0.81,-0.00098384000000000015,-1.3207E-09,0.00098414,3.1368E-07,-3.1304E-07
0.45,0.81,-0.00109658,-1.3633E-09,0.0010965600000000001,3.1388E-07,-3.131E-07
0.445,0.81,-0.001214,-1.4018E-09,0.0012156,3.1378E-07,-3.131E-07
0.44,0.81,-0.0013446,-1.4541E-09,0.0013446,3.1382E-07,-3.1305999999999997E-07
0.435,0.81,-0.0014804,-1.4966E-09,0.0014806,3.1305999999999997E-07,-3.1244E-07
0.43,0.81,-0.0016268,-1.5501E-09,0.0016268,3.1375999999999997E-07,-3.1305999999999997E-07
0.42500000000000004,0.81,-0.0017792,-1.6024E-09,0.0017800000000000001,3.1368E-07,-3.131E-07
0.42000000000000004,0.81,-0.0019428,-1.6506E-09,0.0019432,3.1374E-07,-3.1304E-07
0.41500000000000004,0.81,-0.00211,-1.7005E-09,0.0021106000000000002,3.1374E-07,-3.131E-07
0.41000000000000003,0.81,-0.0022872,-1.7613E-09,0.0022884,3.1374E-07,-3.1304E-07
0.405,0.81,-0.0024708,-1.8106E-09,0.0024706,3.1378E-07,-3.1304E-07
0.4,0.81,-0.0026616,-1.8696E-09,0.0026622,3.1375999999999997E-07,-3.1308E-07
0.395,0.81,-0.002857,-1.9285E-09,0.002858,3.1375999999999997E-07,-3.1302E-07
0.39,0.81,-0.003061,-1.9892E-09,0.0030612,3.1384E-07,-3.1308E-07
0.385,0.81,-0.003267,-2.0508E-09,0.0032656,3.1374E-07,-3.131E-07
0.38,0.81,-0.0034786,-2.1062E-09,0.0034806,3.1378E-07,-3.131E-07
0.375,0.81,-0.0036936,-2.1815E-09,0.0036936,3.1378E-07,-3.1305999999999997E-07
0.37,0.81,-0.0039138,-2.2608E-09,0.0039142000000000005,3.137E-07,-3.131E-07
0.365,0.81,-0.004133,-2.3337E-09,0.004133,3.1375999999999997E-07,-3.1312E-07
0.36000000000000004,0.81,-0.0043572,-2.4018E-09,0.0043582000000000004,3.1374E-07,-3.1318E-07
0.35500000000000004,0.81,-0.0045796000000000005,-2.4721E-09,0.00458,3.1378E-07,-3.1316E-07
0.35000000000000003,0.81,-0.004806,-2.5596E-09,0.0048068,3.1378E-07,-3.13E-07
0.34500000000000003,0.81,-0.0050308,-2.6363E-09,0.0050304,3.1368E-07,-3.1312E-07
0.34,0.81,-0.0052586,-2.7276E-09,0.0052588,3.1368E-07,-3.1314E-07
0.335,0.81,-0.0054806,-2.8135E-09,0.0054816000000000005,3.1372E-07,-3.1318E-07
0.33,0.81,-0.0057064,-2.9013E-09,0.0057056,3.1366E-07,-3.127E-07
0.325,0.81,-0.0059252,-3.0004E-09,0.0059256000000000005,3.1372E-07,-3.1246E-07
0.32,0.81,-0.0061466,-3.093E-09,0.0061472,3.1364E-07,-3.131E-07
0.315,0.81,-0.0063626,-3.1825E-09,0.006363,3.1366E-07,-3.1312E-07
0.31,0.81,-0.0065764000000000005,-3.2853E-09,0.0065784,3.1368E-07,-3.1312E-07
0.305,0.81,-0.0067894,-3.3935E-09,0.0067916,3.138E-07,-3.1305999999999997E-07
0.3,0.81,-0.0070004,-3.493E-09,0.0070002,3.1375999999999997E-07,-3.1308E-07
0.29500000000000004,0.81,-0.0072054,-3.6088E-09,0.0072052,3.1368E-07,-3.1312E-07
0.29000000000000004,0.81,-0.0074074,-3.7156E-09,0.007409,3.1374E-07,-3.1305999999999997E-07
0.28500000000000003,0.81,-0.007605,-3.8343E-09,0.0076056000000000006,3.131E-07,-3.1256E-07
0.28,0.81,-0.0078022000000000005,-3.9503E-09,0.0078006,3.138E-07,-3.1316E-07
0.275,0.81,-0.0079896,-4.0947E-09,0.007992,3.1375999999999997E-07,-3.1314E-07
0.27,0.81,-0.0081758,-4.2256999999999996E-09,0.0081766000000000009,3.1314E-07,-3.1305999999999997E-07
0.265,0.81,-0.0083602,-4.3331E-09,0.0083612000000000009,3.1372E-07,-3.1312E-07
0.26,0.81,-0.0085376,-4.4732E-09,0.008538200000000001,3.1378E-07,-3.1304E-07
0.255,0.81,-0.0087118,-4.6372E-09,0.0087156,3.1372E-07,-3.1314E-07
0.25,0.81,-0.0088828,-4.778E-09,0.0088842,3.129E-07,-3.1232E-07
0.24500000000000002,0.81,-0.0090542,-4.9308E-09,0.0090538,3.1298E-07,-3.1244E-07
0.24000000000000002,0.81,-0.0092164,-5.0529E-09,0.0092144,3.1378E-07,-3.1316E-07
0.23500000000000001,0.81,-0.0093754,-5.2163E-09,0.0093752,3.1375999999999997E-07,-3.1308E-07
0.23,0.81,-0.009529000000000001,-5.3695E-09,0.0095282,3.1368E-07,-3.1316E-07
0.225,0.81,-0.0096814,-5.5323E-09,0.0096816,3.1374E-07,-3.1312E-07
0.22,0.81,-0.0098274,-5.7031E-09,0.0098298,3.1374E-07,-3.1284E-07
0.215,0.81,-0.0099728,-5.8779E-09,0.0099744,3.1375999999999997E-07,-3.1319999999999997E-07
0.21000000000000002,0.81,-0.010113800000000001,-6.0591E-09,0.0101136,3.1374E-07,-3.1318E-07
0.20500000000000002,0.81,-0.0102516,-6.2917E-09,0.010254600000000001,3.1374E-07,-3.1305999999999997E-07
0.2,0.81,-0.0103852,-6.4847E-09,0.0103856,3.1378E-07,-3.1322E-07
0.195,0.81,-0.0105162,-6.6715E-09,0.0105152,3.1372E-07,-3.1316E-07
0.19,0.81,-0.0106414,-6.8711E-09,0.0106436,3.1374E-07,-3.1332E-07
0.185,0.81,-0.010767,-7.0757E-09,0.0107676,3.1304E-07,-3.1316E-07
0.18000000000000002,0.81,-0.0108862,-7.2769999999999996E-09,0.0108886,3.138E-07,-3.1318E-07
0.17500000000000002,0.81,-0.011004400000000001,-7.5021E-09,0.0110064,3.1374E-07,-3.1316E-07
0.17,0.81,-0.0111178,-7.722E-09,0.011119,3.1374E-07,-3.1314E-07
0.165,0.81,-0.011229,-7.9465E-09,0.01123,3.1386E-07,-3.1316E-07
0.16,0.81,-0.011337400000000001,-8.1789E-09,0.0113386,3.1372E-07,-3.1314E-07
0.155,0.81,-0.0114426,-8.413E-09,0.0114436,3.1378E-07,-3.1319999999999997E-07
0.15,0.81,-0.011518,-8.6561E-09,0.011544,3.1375999999999997E-07,-3.1319999999999997E-07
0.14500000000000002,0.81,-0.011620000000000002,-8.9E-09,0.011642000000000001,3.138E-07,-3.1319999999999997E-07
0.14,0.81,-0.011718000000000001,-9.1609E-09,0.011742,3.1291999999999997E-07,-3.1238E-07
0.135,0.81,-0.011812000000000001,-9.4191E-09,0.011836000000000001,3.137E-07,-3.1318E-07
0.13,0.81,-0.01191,-9.6887E-09,0.011928000000000001,3.1361999999999997E-07,-3.1316E-07
0.125,0.81,-0.011996000000000002,-9.9623E-09,0.012022000000000001,3.1368E-07,-3.1318E-07
0.12000000000000001,0.81,-0.012086000000000001,-1.02487E-08,0.012108,3.1378E-07,-3.1318E-07
0.115,0.81,-0.012174,-1.05276E-08,0.012196,3.1366E-07,-3.131E-07
0.11,0.81,-0.012260000000000002,-1.07999E-08,0.012280000000000001,3.131E-07,-3.1256E-07
0.10500000000000001,0.81,-0.012338000000000002,-1.11206E-08,0.012364000000000002,3.1366E-07,-3.1322E-07
0.1,0.81,-0.012424000000000001,-1.14273E-08,0.012442000000000002,3.1361999999999997E-07,-3.1314E-07
0.095,0.81,-0.012498,-1.1720799999999999E-08,0.012520000000000002,3.1372E-07,-3.1316E-07
0.090000000000000011,0.81,-0.012576,-1.2050599999999998E-08,0.012598000000000002,3.138E-07,-3.1316E-07
0.085,0.81,-0.012650000000000002,-1.2368599999999998E-08,0.012672000000000001,3.1374E-07,-3.1244E-07
0.08,0.81,-0.012724000000000001,-1.27108E-08,0.012744000000000002,3.1319999999999997E-07,-3.1318E-07
0.075,0.81,-0.012798,-1.3046199999999999E-08,0.012818000000000001,3.1372E-07,-3.1308E-07
0.07,0.81,-0.012866,-1.3407799999999999E-08,0.012886000000000002,3.1298E-07,-3.124E-07
0.065,0.81,-0.012932,-1.3755799999999998E-08,0.012956,3.1375999999999997E-07,-3.1322E-07
0.060000000000000005,0.81,-0.012998000000000001,-1.41094E-08,0.01302,3.1372E-07,-3.1324E-07
0.055,0.81,-0.01306,-1.4484999999999999E-08,0.013088,3.1372E-07,-3.1322E-07
0.05,0.81,-0.013122000000000002,-1.4856999999999999E-08,0.013148000000000002,3.1378E-07,-3.1324E-07
0.045000000000000005,0.81,-0.01319,-1.5263E-08,0.013210000000000001,3.1372E-07,-3.1319999999999997E-07
0.04,0.81,-0.013240000000000002,-1.56676E-08,0.013268000000000002,3.1378E-07,-3.1322E-07
0.035,0.81,-0.013302000000000001,-1.6078E-08,0.013324,3.1378E-07,-3.1328E-07
0.030000000000000002,0.81,-0.013364000000000001,-1.6463199999999997E-08,0.013388,3.1308E-07,-3.1258E-07
0.025,0.81,-0.013422000000000002,-1.68926E-08,0.013444000000000001,3.1378E-07,-3.1324E-07
0.02,0.81,-0.013468,-1.7330799999999997E-08,0.013498000000000001,3.1386E-07,-3.1328E-07
0.015000000000000001,0.81,-0.013526000000000002,-1.77974E-08,0.013548000000000001,3.1384E-07,-3.1332E-07
0.01,0.81,-0.013580000000000002,-1.8231999999999997E-08,0.013602000000000001,3.1384E-07,-3.1322E-07
0.005,0.81,-0.013628000000000001,-1.8713199999999998E-08,0.013656000000000002,3.1372E-07,-3.1318E-07
0,0.81,-0.013680000000000001,-1.9185399999999998E-08,0.013702,3.134E-07,-3.1322E-07
1.2,0.82000000000000006,-7.939700000000001E-10,3.481E-10,-1.0570000000000001E-10,3.1291999999999997E-07,-3.1226E-07
1.195,0.82000000000000006,-7.9150000000000011E-10,3.3024000000000004E-10,-1.0886000000000001E-10,3.1366E-07,-3.1298E-07
1.19,0.82000000000000006,-7.7621000000000005E-10,3.1436000000000004E-10,-1.0959E-10,3.1364E-07,-3.131E-07
1.185,0.82000000000000006,-7.7427000000000006E-10,2.9857000000000004E-10,-9.698000000000001E-11,3.136E-07,-3.1298E-07
1.1800000000000002,0.82000000000000006,-7.6250000000000011E-10,2.8816E-10,-9.55E-11,3.1372E-07,-3.131E-07
1.175,0.82000000000000006,-7.6743000000000011E-10,2.7600000000000003E-10,-9.741E-11,3.137E-07,-3.131E-07
1.1700000000000002,0.82000000000000006,-7.5794000000000007E-10,2.6547E-10,-9.346E-11,3.1366E-07,-3.1302E-07
1.165,0.82000000000000006,-7.5500000000000008E-10,2.5492000000000004E-10,-8.0610000000000006E-11,3.1366E-07,-3.1235999999999997E-07
1.1600000000000001,0.82000000000000006,-7.5114000000000006E-10,2.4417E-10,-8.7390000000000008E-11,3.1372E-07,-3.129E-07
1.155,0.82000000000000006,-7.4474000000000006E-10,2.3173E-10,-8.563E-11,3.1368E-07,-3.124E-07
1.1500000000000001,0.82000000000000006,-7.4051000000000006E-10,2.2014000000000003E-10,-7.243E-11,3.1368E-07,-3.1312E-07
1.145,0.82000000000000006,-7.3134000000000008E-10,2.1332000000000002E-10,-7.677000000000001E-11,3.1361999999999997E-07,-3.1302E-07
1.1400000000000001,0.82000000000000006,-7.3482000000000005E-10,2.0237000000000002E-10,-7.565E-11,3.137E-07,-3.1302E-07
1.135,0.82000000000000006,-7.298600000000001E-10,1.9382E-10,-6.76E-11,3.1358E-07,-3.1298E-07
1.1300000000000001,0.82000000000000006,-7.2631E-10,1.8626E-10,-6.333E-11,3.1336E-07,-3.1235999999999997E-07
1.125,0.82000000000000006,-7.2872E-10,1.8046000000000002E-10,-6.769E-11,3.1366E-07,-3.1296E-07
1.12,0.82000000000000006,-7.1106E-10,1.7157E-10,-6.236E-11,3.1372E-07,-3.1305999999999997E-07
1.115,0.82000000000000006,-7.1120000000000009E-10,1.6469E-10,-5.1590000000000006E-11,3.136E-07,-3.1291999999999997E-07
1.11,0.82000000000000006,-7.0710000000000007E-10,1.5464000000000002E-10,-5.9210000000000008E-11,3.1366E-07,-3.1298E-07
1.105,0.82000000000000006,-7.0489E-10,1.4426E-10,-5.5510000000000004E-11,3.1361999999999997E-07,-3.1302E-07
1.1,0.82000000000000006,-7.107800000000001E-10,1.3921E-10,-4.6150000000000003E-11,3.137E-07,-3.1298E-07
1.095,0.82000000000000006,-7.0229000000000006E-10,1.3292000000000002E-10,-4.7110000000000006E-11,3.137E-07,-3.13E-07
1.09,0.82000000000000006,-6.995E-10,1.3073E-10,-5.0020000000000005E-11,3.1361999999999997E-07,-3.1291999999999997E-07
1.085,0.82000000000000006,-6.895900000000001E-10,1.2618E-10,-4.123E-11,3.1368E-07,-3.13E-07
1.08,0.82000000000000006,-6.8895000000000009E-10,1.2244000000000002E-10,-3.591E-11,3.1361999999999997E-07,-3.13E-07
1.075,0.82000000000000006,-6.8850000000000005E-10,1.1254E-10,-4.2920000000000005E-11,3.1372E-07,-3.1302E-07
1.07,0.82000000000000006,-6.8524E-10,1.0254E-10,-3.504E-11,3.1366E-07,-3.1308E-07
1.065,0.82000000000000006,-6.9002000000000006E-10,9.724E-11,-2.6560000000000003E-11,3.1305999999999997E-07,-3.1238E-07
1.06,0.82000000000000006,-6.854800000000001E-10,9.2080000000000007E-11,-3.059E-11,3.1374E-07,-3.1298E-07
1.0550000000000002,0.82000000000000006,-6.7253000000000005E-10,9.038E-11,-2.976E-11,3.1374E-07,-3.1304E-07
1.05,0.82000000000000006,-6.7785000000000009E-10,8.754E-11,-1.9470000000000002E-11,3.1305999999999997E-07,-3.13E-07
1.0450000000000002,0.82000000000000006,-6.7508E-10,8.561E-11,-1.9460000000000003E-11,3.1361999999999997E-07,-3.13E-07
1.04,0.82000000000000006,-6.804E-10,7.847E-11,-2.1930000000000002E-11,3.1372E-07,-3.1298E-07
1.0350000000000001,0.82000000000000006,-6.763800000000001E-10,7.1120000000000009E-11,-1.0830000000000001E-11,3.1361999999999997E-07,-3.1294E-07
1.03,0.82000000000000006,-6.7967000000000009E-10,6.717E-11,-5.95E-12,3.1368E-07,-3.1228E-07
1.0250000000000001,0.82000000000000006,-6.8331000000000009E-10,6.344E-11,-9.7000000000000011E-12,3.133E-07,-3.1304E-07
1.02,0.82000000000000006,-6.6699000000000009E-10,5.881E-11,-2.2000000000000003E-12,3.1374E-07,-3.1298E-07
1.0150000000000001,0.82000000000000006,-6.8298000000000005E-10,6.1300000000000011E-11,9.9900000000000009E-12,3.136E-07,-3.131E-07
1.01,0.82000000000000006,-6.8035E-10,5.893000000000001E-11,6.8200000000000004E-12,3.136E-07,-3.1274E-07
1.0050000000000001,0.82000000000000006,-6.8121000000000007E-10,5.4100000000000006E-11,1.2560000000000001E-11,3.1368E-07,-3.1228E-07
1,0.82000000000000006,-6.962E-10,4.8490000000000005E-11,2.731E-11,3.1368E-07,-3.13E-07
0.995,0.82000000000000006,-6.8954000000000008E-10,4.2770000000000005E-11,3.045E-11,3.1308E-07,-3.1238E-07
0.9900000000000001,0.82000000000000006,-7.0796E-10,4.016E-11,3.619E-11,3.136E-07,-3.13E-07
0.9850000000000001,0.82000000000000006,-7.0251000000000009E-10,3.722E-11,5.08E-11,3.1366E-07,-3.1294E-07
0.98000000000000009,0.82000000000000006,-7.2359000000000008E-10,4.1100000000000005E-11,6.821E-11,3.1361999999999997E-07,-3.1304E-07
0.97500000000000009,0.82000000000000006,-7.285100000000001E-10,3.7120000000000003E-11,7.171E-11,3.1302E-07,-3.1304E-07
0.97000000000000008,0.82000000000000006,-7.3569000000000007E-10,3.4390000000000004E-11,9.0260000000000007E-11,3.1368E-07,-3.1291999999999997E-07
0.96500000000000008,0.82000000000000006,-7.669E-10,3.0170000000000004E-11,1.1686E-10,3.1366E-07,-3.13E-07
0.96000000000000008,0.82000000000000006,-7.7543000000000008E-10,2.5670000000000004E-11,1.2891E-10,3.1366E-07,-3.1304E-07
0.95500000000000007,0.82000000000000006,-8.1147000000000009E-10,2.507E-11,1.5599000000000002E-10,3.1361999999999997E-07,-3.1294E-07
0.95000000000000007,0.82000000000000006,-8.204500000000001E-10,2.005E-11,1.9091000000000002E-10,3.136E-07,-3.1296E-07
0.94500000000000006,0.82000000000000006,-8.6625000000000008E-10,2.422E-11,2.2615000000000002E-10,3.1368E-07,-3.13E-07
0.94000000000000006,0.82000000000000006,-9.0882000000000007E-10,2.058E-11,2.5957E-10,3.1361999999999997E-07,-3.1304E-07
0.935,0.82000000000000006,-9.312900000000001E-10,2.0570000000000003E-11,3.1218E-10,3.129E-07,-3.122E-07
0.93,0.82000000000000006,-1.01343E-09,1.8760000000000002E-11,3.7471000000000004E-10,3.1364E-07,-3.1302E-07
0.925,0.82000000000000006,-1.0621100000000002E-09,1.462E-11,4.2588000000000003E-10,3.1361999999999997E-07,-3.1304E-07
0.92,0.82000000000000006,-1.1516400000000002E-09,1.2170000000000002E-11,5.1011E-10,3.136E-07,-3.1304E-07
0.915,0.82000000000000006,-1.2157E-09,1.475E-11,5.9533000000000005E-10,3.136E-07,-3.1291999999999997E-07
0.91,0.82000000000000006,-1.3345E-09,1.3850000000000001E-11,7.139500000000001E-10,3.136E-07,-3.1296E-07
0.905,0.82000000000000006,-1.4652E-09,1.189E-11,8.2677E-10,3.136E-07,-3.1296E-07
0.9,0.82000000000000006,-1.5984E-09,8.4000000000000014E-12,9.7050000000000011E-10,3.136E-07,-3.13E-07
0.895,0.82000000000000006,-1.7812E-09,5.65E-12,1.1505E-09,3.1366E-07,-3.1296E-07
0.89,0.82000000000000006,-1.9665E-09,5.7E-12,1.3544E-09,3.1366E-07,-3.1272E-07
0.885,0.82000000000000006,-2.2239E-09,5.9200000000000006E-12,1.6006E-09,3.1361999999999997E-07,-3.1298E-07
0.88,0.82000000000000006,-2.4958E-09,3.3700000000000004E-12,1.874E-09,3.1361999999999997E-07,-3.1302E-07
0.875,0.82000000000000006,-2.8343E-09,1.14E-12,2.2069E-09,3.1364E-07,-3.1308E-07
0.87,0.82000000000000006,-3.2158E-09,-3.58E-12,2.5862E-09,3.1366E-07,-3.1302E-07
0.865,0.82000000000000006,-3.658E-09,-2.09E-12,3.0559E-09,3.1298E-07,-3.1238E-07
0.86,0.82000000000000006,-4.1983E-09,-2.8100000000000003E-12,3.5927E-09,3.1368E-07,-3.1304E-07
0.85500000000000009,0.82000000000000006,-4.8281E-09,-2.03E-12,4.2151E-09,3.1298E-07,-3.1238E-07
0.85000000000000009,0.82000000000000006,-5.5776E-09,-2.03E-12,4.9784E-09,3.1366E-07,-3.1258E-07
0.84500000000000008,0.82000000000000006,-6.4557E-09,-2.06E-12,5.8335E-09,3.1347999999999997E-07,-3.131E-07
0.84000000000000008,0.82000000000000006,-7.4827E-09,-5.43E-12,6.8742E-09,3.137E-07,-3.1304E-07
0.83500000000000008,0.82000000000000006,-8.6768E-09,-1.1730000000000001E-11,8.1031E-09,3.1374E-07,-3.13E-07
0.83000000000000007,0.82000000000000006,-1.01153E-08,-1.3090000000000002E-11,9.5097E-09,3.1366E-07,-3.1308E-07
0.82500000000000007,0.82000000000000006,-1.1733799999999999E-08,-1.2970000000000002E-11,1.11987E-08,3.1364E-07,-3.1296E-07
0.82000000000000006,0.82000000000000006,-1.3784999999999999E-08,-1.622E-11,1.3155799999999998E-08,3.1366E-07,-3.1288E-07
0.81500000000000006,0.82000000000000006,-1.60688E-08,-1.5890000000000003E-11,1.5500199999999997E-08,3.1366E-07,-3.13E-07
0.81,0.82000000000000006,-1.88358E-08,-1.63E-11,1.8289E-08,3.1356E-07,-3.1294E-07
0.805,0.82000000000000006,-2.20322E-08,-1.972E-11,2.14572E-08,3.136E-07,-3.13E-07
0.8,0.82000000000000006,-2.5843599999999998E-08,-1.9660000000000003E-11,2.5322799999999997E-08,3.136E-07,-3.1302E-07
0.795,0.82000000000000006,-3.0287E-08,-2.5060000000000002E-11,2.9722599999999996E-08,3.1361999999999997E-07,-3.1296E-07
0.79,0.82000000000000006,-3.55292E-08,-2.564E-11,3.49462E-08,3.1366E-07,-3.129E-07
0.785,0.82000000000000006,-4.1661999999999993E-08,-3.11E-11,4.1135199999999995E-08,3.137E-07,-3.1302E-07
0.78,0.82000000000000006,-4.90074E-08,-3.205E-11,4.8419199999999996E-08,3.1368E-07,-3.13E-07
0.775,0.82000000000000006,-5.7588599999999992E-08,-3.71E-11,5.6907999999999996E-08,3.1361999999999997E-07,-3.13E-07
0.77,0.82000000000000006,-6.74164E-08,-3.801E-11,6.680099999999999E-08,3.1344E-07,-3.1291999999999997E-07
0.765,0.82000000000000006,-7.9179E-08,-4.4190000000000005E-11,7.91332E-08,3.1361999999999997E-07,-3.1228E-07
0.76,0.82000000000000006,-9.34158E-08,-4.4960000000000006E-11,9.24372E-08,3.1366E-07,-3.1238E-07
0.755,0.82000000000000006,-1.0956819999999999E-07,-5.2490000000000004E-11,1.0938439999999999E-07,3.136E-07,-3.1298E-07
0.75,0.82000000000000006,-1.2902E-07,-5.543E-11,1.2948E-07,3.1368E-07,-3.1298E-07
0.745,0.82000000000000006,-1.517E-07,-6.3670000000000011E-11,1.5196E-07,3.1358E-07,-3.1305999999999997E-07
0.74,0.82000000000000006,-1.786E-07,-7.124E-11,1.7948E-07,3.1366E-07,-3.1302E-07
0.735,0.82000000000000006,-2.1198E-07,-8.0770000000000009E-11,2.1088E-07,3.136E-07,-3.1298E-07
0.73,0.82000000000000006,-2.4854E-07,-8.812E-11,2.475E-07,3.1372E-07,-3.1298E-07
0.72500000000000009,0.82000000000000006,-2.9278E-07,-8.897E-11,2.9112E-07,3.136E-07,-3.1305999999999997E-07
0.72000000000000008,0.82000000000000006,-3.4284E-07,-9.8880000000000012E-11,3.4404E-07,3.1364E-07,-3.1304E-07
0.71500000000000008,0.82000000000000006,-4.0346E-07,-1.0555000000000001E-10,4.047E-07,3.1361999999999997E-07,-3.1304E-07
0.71000000000000008,0.82000000000000006,-4.79E-07,-1.1467E-10,4.762E-07,3.1364E-07,-3.1291999999999997E-07
0.70500000000000007,0.82000000000000006,-5.619E-07,-1.2492000000000002E-10,5.5872E-07,3.1361999999999997E-07,-3.13E-07
0.70000000000000007,0.82000000000000006,-6.5538E-07,-1.3579E-10,6.5564E-07,3.1338E-07,-3.1238E-07
0.69500000000000006,0.82000000000000006,-7.7158E-07,-1.448E-10,7.7256E-07,3.1361999999999997E-07,-3.1304E-07
0.69000000000000006,0.82000000000000006,-9.05E-07,-1.5656E-10,9.1463999999999994E-07,3.1358E-07,-3.1298E-07
0.685,0.82000000000000006,-1.0732E-06,-1.6810000000000002E-10,1.0775399999999999E-06,3.1361999999999997E-07,-3.1298E-07
0.68,0.82000000000000006,-1.2670000000000001E-06,-1.7691E-10,1.2702000000000001E-06,3.1282E-07,-3.122E-07
0.675,0.82000000000000006,-1.4907000000000002E-06,-1.8991000000000002E-10,1.4972000000000003E-06,3.1361999999999997E-07,-3.13E-07
0.67,0.82000000000000006,-1.7610000000000002E-06,-2.0607000000000002E-10,1.7496000000000002E-06,3.1368E-07,-3.13E-07
0.665,0.82000000000000006,-2.0612000000000003E-06,-2.177E-10,2.0596E-06,3.1356E-07,-3.1294E-07
0.66,0.82000000000000006,-2.4348000000000004E-06,-2.362E-10,2.4173E-06,3.1356E-07,-3.129E-07
0.655,0.82000000000000006,-2.8418000000000005E-06,-2.4674E-10,2.8662E-06,3.1364E-07,-3.1291999999999997E-07
0.65,0.82000000000000006,-3.3396E-06,-2.6268E-10,3.3539E-06,3.1366E-07,-3.1288E-07
0.645,0.82000000000000006,-3.9199E-06,-2.7905000000000003E-10,3.9345E-06,3.1356E-07,-3.129E-07
0.64,0.82000000000000006,-4.6010000000000005E-06,-2.9701000000000004E-10,4.6086E-06,3.135E-07,-3.1288E-07
0.635,0.82000000000000006,-5.4045000000000005E-06,-3.1751E-10,5.4318E-06,3.1361999999999997E-07,-3.1294E-07
0.63,0.82000000000000006,-6.379E-06,-3.3614000000000004E-10,6.3727000000000008E-06,3.1358E-07,-3.1291999999999997E-07
0.625,0.82000000000000006,-7.4427000000000008E-06,-3.5427E-10,7.4222000000000007E-06,3.1354E-07,-3.1228E-07
0.62,0.82000000000000006,-8.7065E-06,-3.7098000000000005E-10,8.7610000000000013E-06,3.1366E-07,-3.1296E-07
0.615,0.82000000000000006,-1.01715E-05,-3.8997000000000005E-10,1.0191700000000001E-05,3.1356E-07,-3.1294E-07
0.61,0.82000000000000006,-1.1956E-05,-4.1012000000000003E-10,1.1978000000000001E-05,3.1361999999999997E-07,-3.1296E-07
0.605,0.82000000000000006,-1.3906E-05,-4.3346E-10,1.3944E-05,3.1356E-07,-3.1291999999999997E-07
0.6,0.82000000000000006,-1.6294E-05,-4.5106000000000004E-10,1.633E-05,3.1356E-07,-3.13E-07
0.595,0.82000000000000006,-1.9082E-05,-4.7517E-10,1.9132E-05,3.1356E-07,-3.13E-07
0.59000000000000008,0.82000000000000006,-2.2362E-05,-4.9810000000000007E-10,2.2366000000000002E-05,3.1356E-07,-3.13E-07
0.58500000000000008,0.82000000000000006,-2.5992E-05,-5.2198E-10,2.5946000000000002E-05,3.1372E-07,-3.1232E-07
0.58000000000000007,0.82000000000000006,-3.0278E-05,-5.4744E-10,3.0286E-05,3.1364E-07,-3.1304E-07
0.57500000000000007,0.82000000000000006,-3.5236E-05,-5.6402000000000009E-10,3.5252E-05,3.1364E-07,-3.13E-07
0.57000000000000006,0.82000000000000006,-4.1138E-05,-5.8942E-10,4.1132E-05,3.1304E-07,-3.1232E-07
0.56500000000000006,0.82000000000000006,-4.7706E-05,-6.1514E-10,4.771E-05,3.136E-07,-3.1296E-07
0.56,0.82000000000000006,-5.55E-05,-6.4062E-10,5.5482E-05,3.1366E-07,-3.13E-07
0.555,0.82000000000000006,-6.4408E-05,-6.7155E-10,6.4382000000000008E-05,3.1358E-07,-3.1296E-07
0.55,0.82000000000000006,-7.4916E-05,-6.9784E-10,7.485E-05,3.1361999999999997E-07,-3.1291999999999997E-07
0.545,0.82000000000000006,-8.6846E-05,-7.1863E-10,8.6886000000000008E-05,3.1374E-07,-3.131E-07
0.54,0.82000000000000006,-0.000100788,-7.4439000000000005E-10,0.000100698,3.1361999999999997E-07,-3.1298E-07
0.535,0.82000000000000006,-0.00011648000000000001,-7.8081E-10,0.00011654,3.1366E-07,-3.1302E-07
0.53,0.82000000000000006,-0.00013488,-8.0763E-10,0.00013518000000000002,3.135E-07,-3.1291999999999997E-07
0.525,0.82000000000000006,-0.00015592,-8.3869E-10,0.00015618,3.1361999999999997E-07,-3.1302E-07
0.52,0.82000000000000006,-0.00018048,-8.690600000000001E-10,0.0001808,3.1361999999999997E-07,-3.1305999999999997E-07
0.515,0.82000000000000006,-0.00020794000000000002,-8.9838000000000006E-10,0.00020804000000000002,3.1361999999999997E-07,-3.1298E-07
0.51,0.82000000000000006,-0.00023988000000000001,-9.2723000000000012E-10,0.0002403,3.1364E-07,-3.13E-07
0.505,0.82000000000000006,-0.00027554,-9.6355E-10,0.00027580000000000004,3.1364E-07,-3.1288E-07
0.5,0.82000000000000006,-0.00031620000000000004,-9.9879E-10,0.00031664000000000003,3.136E-07,-3.1298E-07
0.49500000000000005,0.82000000000000006,-0.00036144000000000004,-1.03461E-09,0.00036192,3.1366E-07,-3.13E-07
0.49000000000000005,0.82000000000000006,-0.00041336000000000004,-1.0718900000000001E-09,0.0004133,3.1358E-07,-3.1296E-07
0.48500000000000004,0.82000000000000006,-0.00046918000000000003,-1.1021200000000001E-09,0.00047008000000000005,3.1354E-07,-3.1296E-07
0.48000000000000004,0.82000000000000006,-0.0005329,-1.144E-09,0.00053352,3.1302E-07,-3.1294E-07
0.47500000000000003,0.82000000000000006,-0.00060262,-1.1828E-09,0.00060238,3.1358E-07,-3.1291999999999997E-07
0.47000000000000003,0.82000000000000006,-0.00067958,-1.2191E-09,0.0006798,3.1296E-07,-3.1298E-07
0.465,0.82000000000000006,-0.00076246000000000007,-1.2558E-09,0.00076308000000000007,3.1366E-07,-3.1304E-07
0.46,0.82000000000000006,-0.00085472,-1.2955E-09,0.00085528,3.1294E-07,-3.1258E-07
0.455,0.82000000000000006,-0.00095334000000000011,-1.3424E-09,0.00095340000000000008,3.1361999999999997E-07,-3.13E-07
0.45,0.82000000000000006,-0.00106036,-1.3906E-09,0.0010604800000000002,3.136E-07,-3.1296E-07
0.445,0.82000000000000006,-0.0011736000000000001,-1.4305E-09,0.0011748,3.1352E-07,-3.1298E-07
0.44,0.82000000000000006,-0.0012976,-1.4762E-09,0.0012982,3.1354E-07,-3.1302E-07
0.435,0.82000000000000006,-0.0014268,-1.5264E-09,0.001427,3.1354E-07,-3.13E-07
0.43,0.82000000000000006,-0.0015656,-1.5775E-09,0.0015656,3.1366E-07,-3.1298E-07
0.42500000000000004,0.82000000000000006,-0.0017086,-1.6304E-09,0.0017094,3.1364E-07,-3.1305999999999997E-07
0.42000000000000004,0.82000000000000006,-0.0018622,-1.6843E-09,0.0018638,3.1361999999999997E-07,-3.1296E-07
0.41500000000000004,0.82000000000000006,-0.0020204,-1.7347E-09,0.0020214,3.1361999999999997E-07,-3.1304E-07
0.41000000000000003,0.82000000000000006,-0.0021876,-1.7927E-09,0.0021882,3.1364E-07,-3.13E-07
0.405,0.82000000000000006,-0.0023592,-1.8492E-09,0.0023584,3.1356E-07,-3.1304E-07
0.4,0.82000000000000006,-0.0025358,-1.9098E-09,0.0025364,3.1361999999999997E-07,-3.1291999999999997E-07
0.395,0.82000000000000006,-0.0027170000000000002,-1.9731E-09,0.0027182,3.1361999999999997E-07,-3.1302E-07
0.39,0.82000000000000006,-0.0029056,-2.0377E-09,0.002906,3.1361999999999997E-07,-3.1304E-07
0.385,0.82000000000000006,-0.0030942,-2.102E-09,0.0030960000000000002,3.1361999999999997E-07,-3.1296E-07
0.38,0.82000000000000006,-0.0032904,-2.1663E-09,0.0032916,3.135E-07,-3.1238E-07
0.375,0.82000000000000006,-0.0034854,-2.2338E-09,0.003486,3.1366E-07,-3.1296E-07
0.37,0.82000000000000006,-0.0036858,-2.3094E-09,0.0036872000000000003,3.1356E-07,-3.13E-07
0.365,0.82000000000000006,-0.0038848,-2.3797E-09,0.003886,3.1368E-07,-3.1242E-07
0.36000000000000004,0.82000000000000006,-0.0040892,-2.463E-09,0.0040898,3.1294E-07,-3.1238E-07
0.35500000000000004,0.82000000000000006,-0.004291,-2.55E-09,0.0042902,3.1296E-07,-3.1305999999999997E-07
0.35000000000000003,0.82000000000000006,-0.0044926,-2.6341E-09,0.0044942,3.1354E-07,-3.1305999999999997E-07
0.34500000000000003,0.82000000000000006,-0.0046944000000000005,-2.7154E-09,0.0046956,3.136E-07,-3.1305999999999997E-07
0.34,0.82000000000000006,-0.0048958000000000005,-2.7971E-09,0.0048984,3.1298E-07,-3.1291999999999997E-07
0.335,0.82000000000000006,-0.005095,-2.8855E-09,0.0050954,3.136E-07,-3.1308E-07
0.33,0.82000000000000006,-0.0052946,-2.9853E-09,0.0052978,3.1361999999999997E-07,-3.1305999999999997E-07
0.325,0.82000000000000006,-0.0054916,-3.0837E-09,0.0054922,3.136E-07,-3.1298E-07
0.32,0.82000000000000006,-0.005688,-3.18E-09,0.005688,3.1368E-07,-3.1312E-07
0.315,0.82000000000000006,-0.0058768,-3.2804E-09,0.0058778,3.1358E-07,-3.1304E-07
0.31,0.82000000000000006,-0.006067,-3.3719E-09,0.0060694,3.136E-07,-3.1308E-07
0.305,0.82000000000000006,-0.0062538,-3.4823E-09,0.0062542000000000006,3.136E-07,-3.1248E-07
0.3,0.82000000000000006,-0.0064378000000000005,-3.6111E-09,0.0064388,3.1354E-07,-3.1305999999999997E-07
0.29500000000000004,0.82000000000000006,-0.0066176,-3.7292E-09,0.006616,3.1361999999999997E-07,-3.1305999999999997E-07
0.29000000000000004,0.82000000000000006,-0.0067942,-3.8482E-09,0.0067956,3.1364E-07,-3.1312E-07
0.28500000000000003,0.82000000000000006,-0.0069674,-3.9657E-09,0.006968,3.1361999999999997E-07,-3.1316E-07
0.28,0.82000000000000006,-0.0071374,-4.0957E-09,0.0071382,3.129E-07,-3.124E-07
0.275,0.82000000000000006,-0.0073044,-4.1981E-09,0.0073048,3.1298E-07,-3.124E-07
0.27,0.82000000000000006,-0.0074646,-4.3305E-09,0.0074656,3.1368E-07,-3.131E-07
0.265,0.82000000000000006,-0.0076258,-4.476E-09,0.0076254,3.1352E-07,-3.1304E-07
0.26,0.82000000000000006,-0.0077798,-4.607E-09,0.0077822,3.136E-07,-3.1312E-07
0.255,0.82000000000000006,-0.0079344,-4.7549E-09,0.0079336,3.1354E-07,-3.1304E-07
0.25,0.82000000000000006,-0.0080816,-4.9025E-09,0.0080808,3.1296E-07,-3.131E-07
0.24500000000000002,0.82000000000000006,-0.0082278,-5.0539E-09,0.0082288,3.1361999999999997E-07,-3.1302E-07
0.24000000000000002,0.82000000000000006,-0.0083676,-5.244E-09,0.0083686,3.1358E-07,-3.1305999999999997E-07
0.23500000000000001,0.82000000000000006,-0.0085076,-5.4083E-09,0.0085068,3.1356E-07,-3.1302E-07
0.23,0.82000000000000006,-0.0086402,-5.5741E-09,0.0086418,3.1361999999999997E-07,-3.1304E-07
0.225,0.82000000000000006,-0.0087728,-5.7481E-09,0.0087744,3.136E-07,-3.131E-07
0.22,0.82000000000000006,-0.0089,-5.9013E-09,0.0088984,3.1356E-07,-3.13E-07
0.215,0.82000000000000006,-0.0090268,-6.0985E-09,0.0090256,3.1361999999999997E-07,-3.13E-07
0.21000000000000002,0.82000000000000006,-0.0091466,-6.2866E-09,0.0091458,3.136E-07,-3.131E-07
0.20500000000000002,0.82000000000000006,-0.0092656,-6.4762E-09,0.009266400000000001,3.1361999999999997E-07,-3.131E-07
0.2,0.82000000000000006,-0.0093794,-6.6741E-09,0.009381200000000001,3.1356E-07,-3.1312E-07
0.195,0.82000000000000006,-0.0094936,-6.8741E-09,0.0094948,3.128E-07,-3.1235999999999997E-07
0.19,0.82000000000000006,-0.0096018,-7.0744E-09,0.0096046,3.1354E-07,-3.1302E-07
0.185,0.82000000000000006,-0.0097110000000000009,-7.285E-09,0.009712,3.1358E-07,-3.1312E-07
0.18000000000000002,0.82000000000000006,-0.0098134,-7.5056E-09,0.009815,3.136E-07,-3.1305999999999997E-07
0.17500000000000002,0.82000000000000006,-0.0099164,-7.7251E-09,0.009918,3.1354E-07,-3.1312E-07
0.17,0.82000000000000006,-0.0100128,-7.9514E-09,0.0100148,3.1344E-07,-3.131E-07
0.165,0.82000000000000006,-0.010110000000000001,-8.1742E-09,0.0101102,3.136E-07,-3.1305999999999997E-07
0.16,0.82000000000000006,-0.010205800000000001,-8.4129E-09,0.010205,3.1364E-07,-3.131E-07
0.155,0.82000000000000006,-0.010295,-8.6585E-09,0.010294000000000001,3.136E-07,-3.131E-07
0.15,0.82000000000000006,-0.0103888,-8.8985E-09,0.0103874,3.1361999999999997E-07,-3.1308E-07
0.14500000000000002,0.82000000000000006,-0.010471,-9.1669E-09,0.010472,3.136E-07,-3.131E-07
0.14,0.82000000000000006,-0.0105596,-9.4299E-09,0.0105598,3.136E-07,-3.1305999999999997E-07
0.135,0.82000000000000006,-0.0106394,-9.6955E-09,0.0106406,3.1358E-07,-3.1304E-07
0.13,0.82000000000000006,-0.010720200000000001,-9.9725E-09,0.0107208,3.136E-07,-3.1312E-07
0.125,0.82000000000000006,-0.0108006,-1.0251E-08,0.010798,3.1286E-07,-3.1304E-07
0.12000000000000001,0.82000000000000006,-0.0108764,-1.05412E-08,0.010876,3.1358E-07,-3.131E-07
0.115,0.82000000000000006,-0.010951,-1.08271E-08,0.0109512,3.1356E-07,-3.1318E-07
0.11,0.82000000000000006,-0.0110232,-1.11396E-08,0.011025,3.1364E-07,-3.131E-07
0.10500000000000001,0.82000000000000006,-0.0110956,-1.14437E-08,0.0110944,3.1361999999999997E-07,-3.131E-07
0.1,0.82000000000000006,-0.0111628,-1.1743E-08,0.0111626,3.1361999999999997E-07,-3.1304E-07
0.095,0.82000000000000006,-0.0112318,-1.2065999999999999E-08,0.0112332,3.135E-07,-3.131E-07
0.090000000000000011,0.82000000000000006,-0.0112978,-1.2393999999999998E-08,0.0112972,3.136E-07,-3.1328E-07
0.085,0.82000000000000006,-0.0113638,-1.2725599999999999E-08,0.0113618,3.1361999999999997E-07,-3.1304E-07
0.08,0.82000000000000006,-0.0114248,-1.30738E-08,0.011426,3.1356E-07,-3.1318E-07
0.075,0.82000000000000006,-0.0114862,-1.3427399999999999E-08,0.0114882,3.1326E-07,-3.124E-07
0.07,0.82000000000000006,-0.0115496,-1.3790599999999999E-08,0.011542,3.1354E-07,-3.1248E-07
0.065,0.82000000000000006,-0.0116056,-1.4156399999999998E-08,0.011602000000000001,3.136E-07,-3.1248E-07
0.060000000000000005,0.82000000000000006,-0.0116618,-1.4509599999999999E-08,0.011658000000000002,3.1347999999999997E-07,-3.1318E-07
0.055,0.82000000000000006,-0.0117076,-1.4738199999999999E-08,0.011714,3.136E-07,-3.1305999999999997E-07
0.05,0.82000000000000006,-0.011744000000000001,-1.5123E-08,0.011770000000000001,3.1358E-07,-3.1308E-07
0.045000000000000005,0.82000000000000006,-0.011796000000000001,-1.56778E-08,0.01182,3.136E-07,-3.131E-07
0.04,0.82000000000000006,-0.011850000000000001,-1.60914E-08,0.011874000000000001,3.136E-07,-3.131E-07
0.035,0.82000000000000006,-0.011898,-1.6503E-08,0.011922,3.1288E-07,-3.1244E-07
0.030000000000000002,0.82000000000000006,-0.01195,-1.6927999999999998E-08,0.011972000000000002,3.1354E-07,-3.1308E-07
0.025,0.82000000000000006,-0.011998000000000002,-1.7361399999999998E-08,0.012022000000000001,3.135E-07,-3.131E-07
0.02,0.82000000000000006,-0.012048000000000001,-1.7806799999999998E-08,0.012066,3.1361999999999997E-07,-3.1318E-07
0.015000000000000001,0.82000000000000006,-0.012094,-1.82516E-08,0.012118,3.1354E-07,-3.131E-07
0.01,0.82000000000000006,-0.012138000000000001,-1.8711599999999997E-08,0.01216,3.1354E-07,-3.131E-07
0.005,0.82000000000000006,-0.012184,-1.9203199999999998E-08,0.012202000000000001,3.1361999999999997E-07,-3.1305999999999997E-07
0,0.82000000000000006,-0.012226,-1.96854E-08,0.01225,3.137E-07,-3.1316E-07
1.2,0.83000000000000007,-6.908200000000001E-10,3.3405000000000005E-10,-1.0621000000000001E-10,3.135E-07,-3.1305999999999997E-07
1.195,0.83000000000000007,-6.944000000000001E-10,3.2259E-10,-1.1379000000000002E-10,3.1344E-07,-3.13E-07
1.19,0.83000000000000007,-6.9261E-10,3.0588000000000003E-10,-1.0600000000000001E-10,3.1354E-07,-3.1305999999999997E-07
1.185,0.83000000000000007,-6.781400000000001E-10,2.9383E-10,-9.597E-11,3.136E-07,-3.1302E-07
1.1800000000000002,0.83000000000000007,-6.9434E-10,2.8186E-10,-9.756000000000001E-11,3.1352E-07,-3.1298E-07
1.175,0.83000000000000007,-6.7249E-10,2.672E-10,-9.9350000000000011E-11,3.136E-07,-3.1302E-07
1.1700000000000002,0.83000000000000007,-6.7471E-10,2.5560000000000003E-10,-8.5950000000000011E-11,3.1358E-07,-3.1304E-07
1.165,0.83000000000000007,-6.745600000000001E-10,2.4551E-10,-8.4990000000000008E-11,3.1344E-07,-3.1294E-07
1.1600000000000001,0.83000000000000007,-6.6237000000000006E-10,2.3602000000000003E-10,-9.0030000000000011E-11,3.135E-07,-3.1305999999999997E-07
1.155,0.83000000000000007,-6.682800000000001E-10,2.2301000000000001E-10,-7.7290000000000012E-11,3.1344E-07,-3.1302E-07
1.1500000000000001,0.83000000000000007,-6.5148E-10,2.1487000000000003E-10,-7.422E-11,3.1352E-07,-3.1305999999999997E-07
1.145,0.83000000000000007,-6.5852E-10,2.0560000000000002E-10,-7.7130000000000009E-11,3.1356E-07,-3.1291999999999997E-07
1.1400000000000001,0.83000000000000007,-6.4057000000000009E-10,1.9290000000000003E-10,-7.398E-11,3.1356E-07,-3.13E-07
1.135,0.83000000000000007,-6.4827000000000008E-10,1.8520000000000002E-10,-6.3290000000000008E-11,3.1356E-07,-3.1304E-07
1.1300000000000001,0.83000000000000007,-6.5585000000000007E-10,1.7733000000000002E-10,-6.604E-11,3.135E-07,-3.1238E-07
1.125,0.83000000000000007,-6.3246E-10,1.6884E-10,-6.847000000000001E-11,3.1361999999999997E-07,-3.131E-07
1.12,0.83000000000000007,-6.3796E-10,1.6409000000000003E-10,-5.4530000000000005E-11,3.137E-07,-3.131E-07
1.115,0.83000000000000007,-6.1801E-10,1.5693000000000002E-10,-5.7730000000000004E-11,3.1361999999999997E-07,-3.1302E-07
1.11,0.83000000000000007,-6.3105E-10,1.4962000000000002E-10,-5.919E-11,3.137E-07,-3.1302E-07
1.105,0.83000000000000007,-6.2766000000000008E-10,1.3705E-10,-5.19E-11,3.1361999999999997E-07,-3.1305999999999997E-07
1.1,0.83000000000000007,-6.2699E-10,1.3038000000000002E-10,-4.5840000000000007E-11,3.1358E-07,-3.13E-07
1.095,0.83000000000000007,-6.3151E-10,1.2311E-10,-4.9620000000000005E-11,3.1366E-07,-3.1304E-07
1.09,0.83000000000000007,-6.0059000000000009E-10,1.1858000000000002E-10,-4.9280000000000003E-11,3.1358E-07,-3.1305999999999997E-07
1.085,0.83000000000000007,-6.200200000000001E-10,1.1908000000000002E-10,-3.5340000000000004E-11,3.1361999999999997E-07,-3.1304E-07
1.08,0.83000000000000007,-6.0691E-10,1.1579000000000001E-10,-4.268E-11,3.1358E-07,-3.1308E-07
1.075,0.83000000000000007,-6.062E-10,1.1078E-10,-4.166E-11,3.1356E-07,-3.1304E-07
1.07,0.83000000000000007,-6.0896E-10,9.9110000000000007E-11,-3.033E-11,3.1366E-07,-3.1305999999999997E-07
1.065,0.83000000000000007,-6.0173E-10,9.2990000000000007E-11,-3.124E-11,3.1356E-07,-3.1305999999999997E-07
1.06,0.83000000000000007,-6.1728000000000006E-10,8.508E-11,-3.311E-11,3.1364E-07,-3.1304E-07
1.0550000000000002,0.83000000000000007,-5.9452E-10,7.9060000000000009E-11,-2.7490000000000003E-11,3.129E-07,-3.1234E-07
1.05,0.83000000000000007,-6.0330000000000008E-10,8.078E-11,-1.735E-11,3.136E-07,-3.131E-07
1.0450000000000002,0.83000000000000007,-5.9835E-10,7.874E-11,-2.5320000000000003E-11,3.1361999999999997E-07,-3.131E-07
1.04,0.83000000000000007,-5.9991E-10,7.8230000000000011E-11,-1.957E-11,3.1347999999999997E-07,-3.1291999999999997E-07
1.0350000000000001,0.83000000000000007,-6.0448000000000007E-10,7.3210000000000011E-11,-7.39E-12,3.1356E-07,-3.1294E-07
1.03,0.83000000000000007,-5.9346E-10,6.654000000000001E-11,-1.157E-11,3.1356E-07,-3.1298E-07
1.0250000000000001,0.83000000000000007,-6.0133E-10,5.9430000000000008E-11,-9.06E-12,3.136E-07,-3.1302E-07
1.02,0.83000000000000007,-5.9155000000000009E-10,5.4720000000000006E-11,5.5000000000000008E-13,3.1277999999999997E-07,-3.1234E-07
1.0150000000000001,0.83000000000000007,-6.0824000000000006E-10,5.3580000000000004E-11,8.11E-12,3.136E-07,-3.1294E-07
1.01,0.83000000000000007,-6.0469E-10,5.1950000000000005E-11,3.25E-12,3.136E-07,-3.1298E-07
1.0050000000000001,0.83000000000000007,-6.018800000000001E-10,5.171E-11,1.3750000000000001E-11,3.136E-07,-3.129E-07
1,0.83000000000000007,-6.1522000000000007E-10,4.9440000000000006E-11,2.879E-11,3.1354E-07,-3.1291999999999997E-07
0.995,0.83000000000000007,-6.0443000000000005E-10,4.504E-11,2.4040000000000002E-11,3.1354E-07,-3.1291999999999997E-07
0.9900000000000001,0.83000000000000007,-6.2805E-10,4.0920000000000006E-11,3.6320000000000004E-11,3.136E-07,-3.1291999999999997E-07
0.9850000000000001,0.83000000000000007,-6.3129E-10,3.5130000000000006E-11,5.2930000000000005E-11,3.135E-07,-3.1296E-07
0.98000000000000009,0.83000000000000007,-6.3888000000000007E-10,3.2790000000000004E-11,6.0480000000000007E-11,3.1354E-07,-3.13E-07
0.97500000000000009,0.83000000000000007,-6.5243000000000009E-10,2.993E-11,6.972E-11,3.136E-07,-3.1294E-07
0.97000000000000008,0.83000000000000007,-6.558E-10,2.835E-11,9.2240000000000009E-11,3.1361999999999997E-07,-3.13E-07
0.96500000000000008,0.83000000000000007,-6.786E-10,2.8940000000000002E-11,1.1355000000000001E-10,3.1356E-07,-3.1305999999999997E-07
0.96000000000000008,0.83000000000000007,-6.9519000000000006E-10,2.8490000000000003E-11,1.2339E-10,3.1356E-07,-3.129E-07
0.95500000000000007,0.83000000000000007,-7.1763E-10,2.6880000000000002E-11,1.5443E-10,3.1347999999999997E-07,-3.131E-07
0.95000000000000007,0.83000000000000007,-7.5236000000000008E-10,2.3860000000000002E-11,1.8877E-10,3.1352E-07,-3.1296E-07
0.94500000000000006,0.83000000000000007,-7.8019000000000007E-10,2.101E-11,2.1659000000000002E-10,3.1354E-07,-3.13E-07
0.94000000000000006,0.83000000000000007,-8.1693000000000009E-10,1.817E-11,2.5539000000000004E-10,3.1344E-07,-3.123E-07
0.935,0.83000000000000007,-8.5873000000000009E-10,1.54E-11,3.0816E-10,3.1361999999999997E-07,-3.1234E-07
0.93,0.83000000000000007,-9.143800000000001E-10,1.432E-11,3.6349E-10,3.1356E-07,-3.13E-07
0.925,0.83000000000000007,-9.7651000000000018E-10,1.118E-11,4.1677000000000005E-10,3.1354E-07,-3.13E-07
0.92,0.83000000000000007,-1.0569000000000001E-09,1.1020000000000001E-11,5.0417E-10,3.1358E-07,-3.13E-07
0.915,0.83000000000000007,-1.14796E-09,1.2160000000000002E-11,5.9302000000000009E-10,3.1354E-07,-3.13E-07
0.91,0.83000000000000007,-1.2424E-09,1.048E-11,7.0031E-10,3.1354E-07,-3.1304E-07
0.905,0.83000000000000007,-1.3765E-09,6.2300000000000007E-12,8.0972000000000007E-10,3.1352E-07,-3.1296E-07
0.9,0.83000000000000007,-1.5197E-09,3.7E-12,9.5806E-10,3.1356E-07,-3.1304E-07
0.895,0.83000000000000007,-1.6773E-09,2.4800000000000003E-12,1.13094E-09,3.1356E-07,-3.13E-07
0.89,0.83000000000000007,-1.8835E-09,4.3400000000000005E-12,1.331E-09,3.1356E-07,-3.1305999999999997E-07
0.885,0.83000000000000007,-2.1043E-09,6.5700000000000005E-12,1.5604E-09,3.1352E-07,-3.1296E-07
0.88,0.83000000000000007,-2.3933E-09,2.9300000000000002E-12,1.8299E-09,3.136E-07,-3.1296E-07
0.875,0.83000000000000007,-2.7016E-09,-8.300000000000001E-13,2.1565E-09,3.1354E-07,-3.1302E-07
0.87,0.83000000000000007,-3.0969E-09,-2.2000000000000002E-13,2.5542E-09,3.1354E-07,-3.13E-07
0.865,0.83000000000000007,-3.5217E-09,-4.1500000000000007E-12,2.9883E-09,3.135E-07,-3.13E-07
0.86,0.83000000000000007,-4.0411E-09,-3.7800000000000005E-12,3.5192E-09,3.1356E-07,-3.1304E-07
0.85500000000000009,0.83000000000000007,-4.6704E-09,-6.7800000000000006E-12,4.1309E-09,3.1291999999999997E-07,-3.1294E-07
0.85000000000000009,0.83000000000000007,-5.3975E-09,-6.7900000000000008E-12,4.8703E-09,3.135E-07,-3.1234E-07
0.84500000000000008,0.83000000000000007,-6.2869E-09,-7.21E-12,5.7162E-09,3.1356E-07,-3.1304E-07
0.84000000000000008,0.83000000000000007,-7.293E-09,-9.17E-12,6.7289E-09,3.1352E-07,-3.1296E-07
0.83500000000000008,0.83000000000000007,-8.4898E-09,-9.13E-12,7.9417E-09,3.1354E-07,-3.1294E-07
0.83000000000000007,0.83000000000000007,-9.8788E-09,-1.127E-11,9.3512E-09,3.1356E-07,-3.13E-07
0.82500000000000007,0.83000000000000007,-1.1511999999999999E-08,-1.394E-11,1.0944499999999999E-08,3.1291999999999997E-07,-3.1246E-07
0.82000000000000006,0.83000000000000007,-1.3493199999999998E-08,-1.455E-11,1.29766E-08,3.1358E-07,-3.13E-07
0.81500000000000006,0.83000000000000007,-1.5727399999999998E-08,-1.662E-11,1.52906E-08,3.1354E-07,-3.1304E-07
0.81,0.83000000000000007,-1.8468199999999998E-08,-1.8560000000000002E-11,1.79574E-08,3.1354E-07,-3.1308E-07
0.805,0.83000000000000007,-2.16292E-08,-1.7250000000000002E-11,2.1123999999999998E-08,3.1354E-07,-3.1291999999999997E-07
0.8,0.83000000000000007,-2.5359999999999997E-08,-2.305E-11,2.4847799999999998E-08,3.129E-07,-3.1232E-07
0.795,0.83000000000000007,-2.9787199999999998E-08,-2.367E-11,2.9155E-08,3.1356E-07,-3.1294E-07
0.79,0.83000000000000007,-3.48166E-08,-2.7160000000000003E-11,3.4367E-08,3.1356E-07,-3.1294E-07
0.785,0.83000000000000007,-4.0936799999999994E-08,-3.0970000000000004E-11,4.0488199999999996E-08,3.1347999999999997E-07,-3.1298E-07
0.78,0.83000000000000007,-4.8046999999999993E-08,-3.481E-11,4.7606799999999993E-08,3.1358E-07,-3.1298E-07
0.775,0.83000000000000007,-5.6452999999999996E-08,-3.5350000000000006E-11,5.5933599999999995E-08,3.1352E-07,-3.1305999999999997E-07
0.77,0.83000000000000007,-6.63326E-08,-4.257E-11,6.6117E-08,3.135E-07,-3.1296E-07
0.765,0.83000000000000007,-7.8267E-08,-4.217E-11,7.77944E-08,3.1356E-07,-3.1298E-07
0.76,0.83000000000000007,-9.1947799999999986E-08,-4.9590000000000007E-11,9.1463999999999991E-08,3.1356E-07,-3.13E-07
0.755,0.83000000000000007,-1.0815639999999999E-07,-5.2680000000000006E-11,1.0721099999999999E-07,3.135E-07,-3.1305999999999997E-07
0.75,0.83000000000000007,-1.271E-07,-5.7480000000000005E-11,1.2716E-07,3.1354E-07,-3.1294E-07
0.745,0.83000000000000007,-1.5028E-07,-7.006E-11,1.496E-07,3.1354E-07,-3.13E-07
0.74,0.83000000000000007,-1.7638E-07,-7.9340000000000007E-11,1.755E-07,3.1354E-07,-3.1302E-07
0.735,0.83000000000000007,-2.0662E-07,-8.1840000000000012E-11,2.062E-07,3.1296E-07,-3.13E-07
0.73,0.83000000000000007,-2.4344E-07,-8.2730000000000008E-11,2.4325999999999997E-07,3.1358E-07,-3.1254E-07
0.72500000000000009,0.83000000000000007,-2.8562E-07,-8.926000000000001E-11,2.8594E-07,3.135E-07,-3.1291999999999997E-07
0.72000000000000008,0.83000000000000007,-3.3583999999999997E-07,-1.0119E-10,3.3622E-07,3.135E-07,-3.1238E-07
0.71500000000000008,0.83000000000000007,-3.9572E-07,-1.1389000000000001E-10,3.9862E-07,3.135E-07,-3.1298E-07
0.71000000000000008,0.83000000000000007,-4.6679999999999997E-07,-1.2196E-10,4.6791999999999997E-07,3.1366E-07,-3.1304E-07
0.70500000000000007,0.83000000000000007,-5.4952E-07,-1.2927E-10,5.5228E-07,3.1356E-07,-3.1298E-07
0.70000000000000007,0.83000000000000007,-6.4602E-07,-1.3529E-10,6.49E-07,3.1358E-07,-3.1298E-07
0.69500000000000006,0.83000000000000007,-7.643E-07,-1.4581E-10,7.6334E-07,3.135E-07,-3.13E-07
0.69000000000000006,0.83000000000000007,-8.98E-07,-1.5866000000000002E-10,8.9465999999999994E-07,3.1286E-07,-3.1228E-07
0.685,0.83000000000000007,-1.05558E-06,-1.726E-10,1.0553999999999999E-06,3.1356E-07,-3.1304E-07
0.68,0.83000000000000007,-1.2478000000000002E-06,-1.8413000000000002E-10,1.2416000000000001E-06,3.1431999999999997E-07,-3.1375999999999997E-07
0.675,0.83000000000000007,-1.4561000000000001E-06,-1.9404E-10,1.4603000000000002E-06,3.1434E-07,-3.1382E-07
0.67,0.83000000000000007,-1.715E-06,-2.0664000000000002E-10,1.7119E-06,3.144E-07,-3.1375999999999997E-07
0.665,0.83000000000000007,-2.0112000000000003E-06,-2.2327000000000002E-10,2.0038E-06,3.1438E-07,-3.1375999999999997E-07
0.66,0.83000000000000007,-2.3762000000000002E-06,-2.3952E-10,2.3668000000000004E-06,3.1428E-07,-3.1375999999999997E-07
0.655,0.83000000000000007,-2.7939000000000005E-06,-2.5502E-10,2.787E-06,3.1431999999999997E-07,-3.1378E-07
0.65,0.83000000000000007,-3.266E-06,-2.6872000000000003E-10,3.2723000000000004E-06,3.1431999999999997E-07,-3.1372E-07
0.645,0.83000000000000007,-3.8127000000000004E-06,-2.8448000000000004E-10,3.8445E-06,3.1434E-07,-3.1378E-07
0.64,0.83000000000000007,-4.4956000000000006E-06,-3.0183000000000003E-10,4.5076000000000007E-06,3.1434E-07,-3.1378E-07
0.635,0.83000000000000007,-5.3012E-06,-3.2303E-10,5.2773E-06,3.144E-07,-3.1384E-07
0.63,0.83000000000000007,-6.1775000000000006E-06,-3.4526E-10,6.2114E-06,3.1431999999999997E-07,-3.1375999999999997E-07
0.625,0.83000000000000007,-7.2834000000000004E-06,-3.6249E-10,7.2689000000000008E-06,3.1436E-07,-3.1406E-07
0.62,0.83000000000000007,-8.5411E-06,-3.7742000000000003E-10,8.4721000000000014E-06,3.1436E-07,-3.1378E-07
0.615,0.83000000000000007,-9.9537000000000009E-06,-3.9335000000000004E-10,1.00107E-05,3.1434E-07,-3.1378E-07
0.61,0.83000000000000007,-1.1762E-05,-4.1919000000000003E-10,1.1760000000000001E-05,3.1436E-07,-3.1382E-07
0.605,0.83000000000000007,-1.3642E-05,-4.3520000000000006E-10,1.3702E-05,3.1438E-07,-3.1372E-07
0.6,0.83000000000000007,-1.6006000000000002E-05,-4.6031000000000004E-10,1.6054E-05,3.144E-07,-3.1375999999999997E-07
0.595,0.83000000000000007,-1.8722E-05,-4.844E-10,1.8728E-05,3.1438E-07,-3.138E-07
0.59000000000000008,0.83000000000000007,-2.1774000000000002E-05,-5.0829E-10,2.178E-05,3.1428E-07,-3.137E-07
0.58500000000000008,0.83000000000000007,-2.5410000000000002E-05,-5.3072E-10,2.5418E-05,3.1434E-07,-3.1382E-07
0.58000000000000007,0.83000000000000007,-2.9654E-05,-5.5482000000000005E-10,2.9630000000000003E-05,3.1431999999999997E-07,-3.1375999999999997E-07
0.57500000000000007,0.83000000000000007,-3.4454E-05,-5.8546000000000006E-10,3.4404E-05,3.1416E-07,-3.1372E-07
0.57000000000000006,0.83000000000000007,-4.0114E-05,-6.096E-10,4.0062000000000004E-05,3.142E-07,-3.1374E-07
0.56500000000000006,0.83000000000000007,-4.6488E-05,-6.2359E-10,4.6406E-05,3.1436E-07,-3.1375999999999997E-07
0.56,0.83000000000000007,-5.402E-05,-6.4219E-10,5.4022E-05,3.143E-07,-3.1374E-07
0.555,0.83000000000000007,-6.2620000000000007E-05,-6.7318E-10,6.26E-05,3.1428E-07,-3.1378E-07
0.55,0.83000000000000007,-7.2536E-05,-7.0893000000000005E-10,7.2574E-05,3.1426E-07,-3.138E-07
0.545,0.83000000000000007,-8.4078E-05,-7.3663000000000007E-10,8.3972E-05,3.1426E-07,-3.137E-07
0.54,0.83000000000000007,-9.7578E-05,-7.6214E-10,9.762E-05,3.1422E-07,-3.137E-07
0.535,0.83000000000000007,-0.000112996,-7.8871000000000006E-10,0.000113042,3.1431999999999997E-07,-3.1366E-07
0.53,0.83000000000000007,-0.0001306,-8.2043E-10,0.00013096,3.1431999999999997E-07,-3.1368E-07
0.525,0.83000000000000007,-0.00015096,-8.5332000000000011E-10,0.00015128,3.143E-07,-3.1374E-07
0.52,0.83000000000000007,-0.00017464000000000002,-8.7907E-10,0.00017492,3.1428E-07,-3.1368E-07
0.515,0.83000000000000007,-0.00020132,-9.0522000000000011E-10,0.00020156000000000002,3.1426E-07,-3.1372E-07
0.51,0.83000000000000007,-0.00023212000000000002,-9.4142E-10,0.0002323,3.143E-07,-3.1372E-07
0.505,0.83000000000000007,-0.00026632,-9.8331E-10,0.00026660000000000003,3.1431999999999997E-07,-3.1372E-07
0.5,0.83000000000000007,-0.0003057,-1.02022E-09,0.000306,3.1434E-07,-3.1372E-07
0.49500000000000005,0.83000000000000007,-0.00034920000000000003,-1.04915E-09,0.00034926,3.1426E-07,-3.1378E-07
0.49000000000000005,0.83000000000000007,-0.00039842,-1.0826700000000002E-09,0.00039856,3.1434E-07,-3.137E-07
0.48500000000000004,0.83000000000000007,-0.00045226,-1.1247E-09,0.00045286,3.1436E-07,-3.1372E-07
0.48000000000000004,0.83000000000000007,-0.00051358,-1.1621E-09,0.00051376,3.1434E-07,-3.138E-07
0.47500000000000003,0.83000000000000007,-0.00057944000000000008,-1.1972E-09,0.00057972,3.1434E-07,-3.1374E-07
0.47000000000000003,0.83000000000000007,-0.00065336000000000007,-1.24E-09,0.00065354000000000009,3.1438E-07,-3.138E-07
0.465,0.83000000000000007,-0.00073226000000000009,-1.2804E-09,0.00073242,3.1431999999999997E-07,-3.137E-07
0.46,0.83000000000000007,-0.00081902000000000006,-1.3261E-09,0.00081974,3.1428E-07,-3.1361999999999997E-07
0.455,0.83000000000000007,-0.0009123,-1.3698E-09,0.0009129,3.1431999999999997E-07,-3.1372E-07
0.45,0.83000000000000007,-0.00101398,-1.4129E-09,0.0010141,3.1424E-07,-3.1372E-07
0.445,0.83000000000000007,-0.00112082,-1.4643E-09,0.00112072,3.1434E-07,-3.1374E-07
0.44,0.83000000000000007,-0.0012354,-1.5116E-09,0.0012372,3.1422E-07,-3.137E-07
0.435,0.83000000000000007,-0.0013578,-1.5592E-09,0.0013578,3.1431999999999997E-07,-3.1374E-07
0.43,0.83000000000000007,-0.0014868,-1.6111E-09,0.0014872,3.1424E-07,-3.1375999999999997E-07
0.42500000000000004,0.83000000000000007,-0.0016204000000000001,-1.6629E-09,0.0016218,3.1428E-07,-3.1378E-07
0.42000000000000004,0.83000000000000007,-0.0017626,-1.7172E-09,0.0017632000000000001,3.1431999999999997E-07,-3.1374E-07
0.41500000000000004,0.83000000000000007,-0.0019092,-1.7741E-09,0.0019088,3.1424E-07,-3.1375999999999997E-07
0.41000000000000003,0.83000000000000007,-0.0020614,-1.8305E-09,0.0020628,3.1426E-07,-3.1378E-07
0.405,0.83000000000000007,-0.0022174,-1.8936E-09,0.0022186000000000003,3.1422E-07,-3.1375999999999997E-07
0.4,0.83000000000000007,-0.0023804,-1.9548E-09,0.0023808,3.1426E-07,-3.1375999999999997E-07
0.395,0.83000000000000007,-0.0025452,-2.0149E-09,0.0025458,3.1422E-07,-3.1375999999999997E-07
0.39,0.83000000000000007,-0.0027156,-2.0816E-09,0.002716,3.1422E-07,-3.137E-07
0.385,0.83000000000000007,-0.0028868,-2.1485E-09,0.0028868,3.1434E-07,-3.1374E-07
0.38,0.83000000000000007,-0.0030616000000000003,-2.2211E-09,0.003063,3.1426E-07,-3.1372E-07
0.375,0.83000000000000007,-0.0032374,-2.2945E-09,0.0032384000000000002,3.1426E-07,-3.1378E-07
0.37,0.83000000000000007,-0.0034156,-2.3774E-09,0.0034176000000000002,3.1424E-07,-3.1368E-07
0.365,0.83000000000000007,-0.0035928,-2.4477E-09,0.0035942,3.1431999999999997E-07,-3.1374E-07
0.36000000000000004,0.83000000000000007,-0.0037744000000000002,-2.5296E-09,0.003775,3.142E-07,-3.1372E-07
0.35500000000000004,0.83000000000000007,-0.0039516,-2.6065E-09,0.0039514,3.1422E-07,-3.1375999999999997E-07
0.35000000000000003,0.83000000000000007,-0.0041314,-2.6962E-09,0.0041316,3.1428E-07,-3.1375999999999997E-07
0.34500000000000003,0.83000000000000007,-0.0043076,-2.7861E-09,0.0043084,3.1428E-07,-3.138E-07
0.34,0.83000000000000007,-0.004485,-2.8749E-09,0.0044868,3.1424E-07,-3.1372E-07
0.335,0.83000000000000007,-0.0046578,-2.9641E-09,0.0046586,3.1426E-07,-3.1375999999999997E-07
0.33,0.83000000000000007,-0.004832,-3.074E-09,0.0048344,3.1422E-07,-3.1366E-07
0.325,0.83000000000000007,-0.0050038,-3.1729E-09,0.0050044,3.1431999999999997E-07,-3.1375999999999997E-07
0.32,0.83000000000000007,-0.0051730000000000005,-3.2755E-09,0.0051734,3.1424E-07,-3.1382E-07
0.315,0.83000000000000007,-0.005339,-3.3826E-09,0.0053396,3.1422E-07,-3.138E-07
0.31,0.83000000000000007,-0.0055026,-3.4775E-09,0.005504,3.143E-07,-3.1375999999999997E-07
0.305,0.83000000000000007,-0.0056628,-3.6032E-09,0.0056642,3.1422E-07,-3.1375999999999997E-07
0.3,0.83000000000000007,-0.0058226,-3.7225E-09,0.0058232,3.1428E-07,-3.1378E-07
0.29500000000000004,0.83000000000000007,-0.0059758,-3.8415E-09,0.005976,3.1428E-07,-3.1378E-07
0.29000000000000004,0.83000000000000007,-0.0061296,-3.9634E-09,0.0061326,3.1426E-07,-3.1378E-07
0.28500000000000003,0.83000000000000007,-0.0062782,-4.0912E-09,0.0062774,3.143E-07,-3.1375999999999997E-07
0.28,0.83000000000000007,-0.0064238,-4.2188E-09,0.0064252,3.145E-07,-3.1384E-07
0.275,0.83000000000000007,-0.0065648,-4.333E-09,0.0065664,3.143E-07,-3.1378E-07
0.27,0.83000000000000007,-0.0067048,-4.4718E-09,0.0067044,3.1428E-07,-3.1378E-07
0.265,0.83000000000000007,-0.0068406000000000005,-4.6106E-09,0.0068428000000000004,3.143E-07,-3.138E-07
0.26,0.83000000000000007,-0.0069742,-4.7546E-09,0.0069748,3.1417999999999997E-07,-3.1375999999999997E-07
0.255,0.83000000000000007,-0.007104,-4.9349E-09,0.0071048000000000005,3.1422E-07,-3.138E-07
0.25,0.83000000000000007,-0.0072304000000000005,-5.0869E-09,0.0072308,3.1431999999999997E-07,-3.1388E-07
0.24500000000000002,0.83000000000000007,-0.007353,-5.2462E-09,0.0073534,3.1428E-07,-3.1382E-07
0.24000000000000002,0.83000000000000007,-0.007475,-5.405E-09,0.0074738,3.143E-07,-3.1384E-07
0.23500000000000001,0.83000000000000007,-0.007592,-5.5706E-09,0.0075934,3.1428E-07,-3.1374E-07
0.23,0.83000000000000007,-0.0077078,-5.7448E-09,0.0077090000000000006,3.1426E-07,-3.1375999999999997E-07
0.225,0.83000000000000007,-0.0078214000000000009,-5.8823E-09,0.0078194,3.1426E-07,-3.1375999999999997E-07
0.22,0.83000000000000007,-0.0079264,-6.0585E-09,0.0079278,3.142E-07,-3.1382E-07
0.215,0.83000000000000007,-0.008036,-6.2885E-09,0.0080354,3.1431999999999997E-07,-3.1388E-07
0.21000000000000002,0.83000000000000007,-0.0081406,-6.4849E-09,0.0081388,3.1424E-07,-3.1375999999999997E-07
0.20500000000000002,0.83000000000000007,-0.0082418,-6.679E-09,0.00824,3.1422E-07,-3.1378E-07
0.2,0.83000000000000007,-0.0083376,-6.8822E-09,0.0083386,3.1428E-07,-3.1384E-07
0.195,0.83000000000000007,-0.008436,-7.091E-09,0.0084346,3.1426E-07,-3.138E-07
0.19,0.83000000000000007,-0.0085258,-7.2972E-09,0.0085256,3.1426E-07,-3.1378E-07
0.185,0.83000000000000007,-0.0086176,-7.5113E-09,0.0086182,3.1426E-07,-3.1384E-07
0.18000000000000002,0.83000000000000007,-0.0087066,-7.7357E-09,0.0087052,3.1431999999999997E-07,-3.1382E-07
0.17500000000000002,0.83000000000000007,-0.008793200000000001,-7.9616E-09,0.0087938000000000009,3.143E-07,-3.1414E-07
0.17,0.83000000000000007,-0.0088756,-8.1996E-09,0.0088762,3.142E-07,-3.1375999999999997E-07
0.165,0.83000000000000007,-0.0089554,-8.4339E-09,0.008959,3.142E-07,-3.1382E-07
0.16,0.83000000000000007,-0.0090394,-8.6831E-09,0.009037400000000001,3.1428E-07,-3.1384E-07
0.155,0.83000000000000007,-0.0091154000000000009,-8.9187E-09,0.0091162,3.142E-07,-3.1382E-07
0.15,0.83000000000000007,-0.0091902,-9.1793E-09,0.0091942,3.1428E-07,-3.1382E-07
0.14500000000000002,0.83000000000000007,-0.0092646,-9.4472E-09,0.0092670000000000009,3.1426E-07,-3.1375999999999997E-07
0.14,0.83000000000000007,-0.009337,-9.6987E-09,0.0093374000000000009,3.1422E-07,-3.1378E-07
0.135,0.83000000000000007,-0.0094084,-9.9858E-09,0.0094064,3.1422E-07,-3.1378E-07
0.13,0.83000000000000007,-0.0094772,-1.02713E-08,0.009478,3.1428E-07,-3.1386E-07
0.125,0.83000000000000007,-0.0095416,-1.04546E-08,0.0095448,3.1431999999999997E-07,-3.138E-07
0.12000000000000001,0.83000000000000007,-0.0096088,-1.07515E-08,0.0096096,3.1422E-07,-3.1382E-07
0.115,0.83000000000000007,-0.0096742,-1.10488E-08,0.009673000000000001,3.1428E-07,-3.1384E-07
0.11,0.83000000000000007,-0.0097344,-1.13542E-08,0.0097346,3.1426E-07,-3.1378E-07
0.10500000000000001,0.83000000000000007,-0.0097946,-1.16454E-08,0.0097968,3.1428E-07,-3.1388E-07
0.1,0.83000000000000007,-0.009856,-1.1969199999999999E-08,0.0098548,3.1428E-07,-3.1388E-07
0.095,0.83000000000000007,-0.009911,-1.2285799999999999E-08,0.0099128,3.1426E-07,-3.1386E-07
0.090000000000000011,0.83000000000000007,-0.0099702,-1.27458E-08,0.0099694,3.143E-07,-3.1392E-07
0.085,0.83000000000000007,-0.0100226,-1.3084799999999999E-08,0.0100226,3.1426E-07,-3.1382E-07
0.08,0.83000000000000007,-0.010075,-1.3441199999999999E-08,0.0100778,3.1424E-07,-3.138E-07
0.075,0.83000000000000007,-0.0101286,-1.3799399999999999E-08,0.0101318,3.1428E-07,-3.138E-07
0.07,0.83000000000000007,-0.0101802,-1.4169199999999999E-08,0.01018,3.1428E-07,-3.1386E-07
0.065,0.83000000000000007,-0.0102322,-1.4523599999999998E-08,0.0102306,3.1422E-07,-3.1378E-07
0.060000000000000005,0.83000000000000007,-0.010278,-1.49078E-08,0.0102788,3.1428E-07,-3.1388E-07
0.055,0.83000000000000007,-0.0103274,-1.53062E-08,0.010328,3.142E-07,-3.1375999999999997E-07
0.05,0.83000000000000007,-0.0103708,-1.56892E-08,0.0103712,3.1424E-07,-3.1382E-07
0.045000000000000005,0.83000000000000007,-0.010416400000000001,-1.61008E-08,0.0104188,3.1428E-07,-3.1384E-07
0.04,0.83000000000000007,-0.0104632,-1.65186E-08,0.0104634,3.1428E-07,-3.1382E-07
0.035,0.83000000000000007,-0.0105062,-1.6941999999999997E-08,0.0105054,3.1422E-07,-3.1382E-07
0.030000000000000002,0.83000000000000007,-0.0105466,-1.73862E-08,0.0105472,3.143E-07,-3.1372E-07
0.025,0.83000000000000007,-0.0105892,-1.7840999999999997E-08,0.010592,3.1428E-07,-3.1389999999999997E-07
0.02,0.83000000000000007,-0.0106316,-1.8282599999999997E-08,0.0106284,3.1422E-07,-3.1378E-07
0.015000000000000001,0.83000000000000007,-0.0106712,-1.8756E-08,0.0106698,3.1428E-07,-3.1372E-07
0.01,0.83000000000000007,-0.0107066,-1.92282E-08,0.0107062,3.1431999999999997E-07,-3.1382E-07
0.005,0.83000000000000007,-0.010745000000000001,-1.97092E-08,0.0107464,3.1422E-07,-3.1382E-07
0,0.83000000000000007,-0.0107806,-2.0197599999999998E-08,0.0107828,3.1426E-07,-3.138E-07
1.2,0.84000000000000008,-6.3024000000000009E-10,3.2519000000000004E-10,-1.1097E-10,3.1422E-07,-3.1382E-07
1.195,0.84000000000000008,-6.2739E-10,3.1662000000000004E-10,-1.0507E-10,3.1428E-07,-3.138E-07
1.19,0.84000000000000008,-5.961E-10,2.9947E-10,-1.1240000000000001E-10,3.1422E-07,-3.1378E-07
1.185,0.84000000000000008,-6.0731E-10,2.8429E-10,-1.0003E-10,3.1434E-07,-3.138E-07
1.1800000000000002,0.84000000000000008,-6.0416E-10,2.7135E-10,-9.349E-11,3.1416E-07,-3.1382E-07
1.175,0.84000000000000008,-6.0014000000000006E-10,2.5728E-10,-9.9290000000000013E-11,3.1428E-07,-3.1394E-07
1.1700000000000002,0.84000000000000008,-6.0089000000000008E-10,2.4655000000000004E-10,-9.2510000000000012E-11,3.1434E-07,-3.1382E-07
1.165,0.84000000000000008,-5.7945E-10,2.3657000000000004E-10,-8.4520000000000009E-11,3.143E-07,-3.1374E-07
1.1600000000000001,0.84000000000000008,-5.8634000000000007E-10,2.3048000000000002E-10,-8.326E-11,3.142E-07,-3.1378E-07
1.155,0.84000000000000008,-5.7145E-10,2.1807000000000003E-10,-8.801E-11,3.1422E-07,-3.1378E-07
1.1500000000000001,0.84000000000000008,-5.7606000000000008E-10,2.0823000000000001E-10,-7.4920000000000011E-11,3.1422E-07,-3.1375999999999997E-07
1.145,0.84000000000000008,-5.8166E-10,1.9910000000000002E-10,-7.1060000000000011E-11,3.1414E-07,-3.137E-07
1.1400000000000001,0.84000000000000008,-5.6762000000000005E-10,1.8879000000000003E-10,-7.926E-11,3.142E-07,-3.1368E-07
1.135,0.84000000000000008,-5.5654E-10,1.7912000000000002E-10,-6.783E-11,3.1416E-07,-3.1374E-07
1.1300000000000001,0.84000000000000008,-5.519E-10,1.7142000000000001E-10,-6.246000000000001E-11,3.1445999999999997E-07,-3.1378E-07
1.125,0.84000000000000008,-5.5959E-10,1.652E-10,-6.528E-11,3.1422E-07,-3.137E-07
1.12,0.84000000000000008,-5.5017000000000008E-10,1.5559E-10,-6.5380000000000011E-11,3.1416E-07,-3.1372E-07
1.115,0.84000000000000008,-5.508E-10,1.4974000000000002E-10,-5.332E-11,3.142E-07,-3.1372E-07
1.11,0.84000000000000008,-5.535E-10,1.4536E-10,-5.4390000000000006E-11,3.1426E-07,-3.137E-07
1.105,0.84000000000000008,-5.3877E-10,1.3742E-10,-6.011E-11,3.142E-07,-3.137E-07
1.1,0.84000000000000008,-5.3547E-10,1.2935E-10,-4.497E-11,3.142E-07,-3.1372E-07
1.095,0.84000000000000008,-5.3319E-10,1.2262E-10,-4.52E-11,3.1422E-07,-3.1372E-07
1.09,0.84000000000000008,-5.4153000000000009E-10,1.1574E-10,-5.011E-11,3.1428E-07,-3.1378E-07
1.085,0.84000000000000008,-5.3681E-10,1.0973E-10,-4.2590000000000005E-11,3.1422E-07,-3.1372E-07
1.08,0.84000000000000008,-5.2686000000000008E-10,1.0449E-10,-3.466E-11,3.1422E-07,-3.1374E-07
1.075,0.84000000000000008,-5.2641E-10,1.0182E-10,-3.987E-11,3.1424E-07,-3.1378E-07
1.07,0.84000000000000008,-5.2030000000000005E-10,9.617E-11,-3.9390000000000006E-11,3.1426E-07,-3.1372E-07
1.065,0.84000000000000008,-5.2410000000000008E-10,9.1900000000000014E-11,-2.615E-11,3.1428E-07,-3.1375999999999997E-07
1.06,0.84000000000000008,-5.3056000000000008E-10,8.780000000000001E-11,-2.9480000000000004E-11,3.1422E-07,-3.1378E-07
1.0550000000000002,0.84000000000000008,-5.2329000000000006E-10,8.0820000000000011E-11,-3.208E-11,3.1428E-07,-3.1378E-07
1.05,0.84000000000000008,-5.212E-10,7.695E-11,-2.0040000000000003E-11,3.1422E-07,-3.1372E-07
1.0450000000000002,0.84000000000000008,-5.1632E-10,7.185E-11,-1.7600000000000003E-11,3.1414E-07,-3.137E-07
1.04,0.84000000000000008,-5.1164E-10,6.8720000000000009E-11,-2.2390000000000003E-11,3.142E-07,-3.1366E-07
1.0350000000000001,0.84000000000000008,-5.2121E-10,6.43E-11,-1.541E-11,3.1438E-07,-3.1403999999999997E-07
1.03,0.84000000000000008,-5.1893000000000009E-10,6.1800000000000009E-11,-4.12E-12,3.1426E-07,-3.137E-07
1.0250000000000001,0.84000000000000008,-5.2898000000000007E-10,5.919E-11,-9.88E-12,3.142E-07,-3.138E-07
1.02,0.84000000000000008,-5.2033E-10,5.565E-11,-6.8000000000000009E-12,3.142E-07,-3.1372E-07
1.0150000000000001,0.84000000000000008,-5.1412000000000008E-10,5.2680000000000006E-11,8.03E-12,3.1422E-07,-3.1372E-07
1.01,0.84000000000000008,-5.2643E-10,4.8570000000000006E-11,8.8900000000000011E-12,3.141E-07,-3.1364E-07
1.0050000000000001,0.84000000000000008,-5.2361E-10,4.3650000000000006E-11,8.22E-12,3.1424E-07,-3.1382E-07
1,0.84000000000000008,-5.4239E-10,4.0450000000000006E-11,2.34E-11,3.1422E-07,-3.1394E-07
0.995,0.84000000000000008,-5.395E-10,3.7750000000000005E-11,3.2470000000000005E-11,3.1422E-07,-3.1364E-07
0.9900000000000001,0.84000000000000008,-5.4505E-10,3.638E-11,3.095E-11,3.142E-07,-3.137E-07
0.9850000000000001,0.84000000000000008,-5.4527E-10,3.318E-11,4.566E-11,3.1414E-07,-3.1372E-07
0.98000000000000009,0.84000000000000008,-5.5191E-10,3.2400000000000006E-11,6.3320000000000007E-11,3.1426E-07,-3.1372E-07
0.97500000000000009,0.84000000000000008,-5.8289E-10,3.3380000000000005E-11,6.8310000000000008E-11,3.142E-07,-3.1372E-07
0.97000000000000008,0.84000000000000008,-5.8161E-10,2.7210000000000002E-11,8.039E-11,3.1424E-07,-3.1372E-07
0.96500000000000008,0.84000000000000008,-6.1037E-10,2.737E-11,1.0884000000000001E-10,3.142E-07,-3.1378E-07
0.96000000000000008,0.84000000000000008,-6.1831E-10,2.4190000000000003E-11,1.2634E-10,3.1417999999999997E-07,-3.1374E-07
0.95500000000000007,0.84000000000000008,-6.2873000000000006E-10,2.2E-11,1.4149000000000002E-10,3.1426E-07,-3.1378E-07
0.95000000000000007,0.84000000000000008,-6.6725E-10,1.903E-11,1.7883000000000002E-10,3.1426E-07,-3.1375999999999997E-07
0.94500000000000006,0.84000000000000008,-6.9584E-10,1.6400000000000003E-11,2.1268E-10,3.142E-07,-3.1368E-07
0.94000000000000006,0.84000000000000008,-7.5189000000000008E-10,1.7420000000000003E-11,2.4474E-10,3.1414E-07,-3.1374E-07
0.935,0.84000000000000008,-7.7220000000000008E-10,1.2240000000000001E-11,2.9189E-10,3.142E-07,-3.137E-07
0.93,0.84000000000000008,-8.3216E-10,1.4260000000000001E-11,3.5035000000000004E-10,3.1428E-07,-3.1375999999999997E-07
0.925,0.84000000000000008,-8.8933000000000007E-10,1.24E-11,4.0628E-10,3.1414E-07,-3.1366E-07
0.92,0.84000000000000008,-9.5252000000000014E-10,1.029E-11,4.7299E-10,3.142E-07,-3.137E-07
0.915,0.84000000000000008,-1.0553300000000001E-09,1.0130000000000002E-11,5.7414E-10,3.1426E-07,-3.137E-07
0.91,0.84000000000000008,-1.162E-09,1.1540000000000001E-11,6.6106000000000009E-10,3.1422E-07,-3.1375999999999997E-07
0.905,0.84000000000000008,-1.2515999999999999E-09,8.14E-12,7.8635000000000008E-10,3.1426E-07,-3.1378E-07
0.9,0.84000000000000008,-1.402E-09,1.047E-11,9.2891000000000005E-10,3.1416E-07,-3.1375999999999997E-07
0.895,0.84000000000000008,-1.5568E-09,8.11E-12,1.0821900000000002E-09,3.1414E-07,-3.1372E-07
0.89,0.84000000000000008,-1.745E-09,5.43E-12,1.281E-09,3.1416E-07,-3.1368E-07
0.885,0.84000000000000008,-1.9835E-09,-1.6100000000000002E-12,1.504E-09,3.1408E-07,-3.1366E-07
0.88,0.84000000000000008,-2.2383E-09,-1.5300000000000001E-12,1.7812E-09,3.1428E-07,-3.1372E-07
0.875,0.84000000000000008,-2.5615E-09,5E-13,2.0879E-09,3.1428E-07,-3.1368E-07
0.87,0.84000000000000008,-2.9151E-09,-2.52E-12,2.4553E-09,3.1428E-07,-3.1384E-07
0.865,0.84000000000000008,-3.3592E-09,-2.85E-12,2.8862E-09,3.1424E-07,-3.1375999999999997E-07
0.86,0.84000000000000008,-3.8547E-09,-4.37E-12,3.4025E-09,3.145E-07,-3.1396E-07
0.85500000000000009,0.84000000000000008,-4.4599E-09,-2.74E-12,3.9801E-09,3.141E-07,-3.1375999999999997E-07
0.85000000000000009,0.84000000000000008,-5.1593E-09,-7.12E-12,4.698E-09,3.141E-07,-3.1374E-07
0.84500000000000008,0.84000000000000008,-5.9838E-09,-7.91E-12,5.5424E-09,3.1422E-07,-3.137E-07
0.84000000000000008,0.84000000000000008,-6.9646E-09,-1.045E-11,6.5308E-09,3.1417999999999997E-07,-3.1372E-07
0.83500000000000008,0.84000000000000008,-8.0744E-09,-1.2360000000000002E-11,7.6135E-09,3.142E-07,-3.1378E-07
0.83000000000000007,0.84000000000000008,-9.4637E-09,-1.4070000000000001E-11,8.9747E-09,3.1416E-07,-3.137E-07
0.82500000000000007,0.84000000000000008,-1.10142E-08,-1.6400000000000003E-11,1.06009E-08,3.1416E-07,-3.1372E-07
0.82000000000000006,0.84000000000000008,-1.2886399999999999E-08,-1.6E-11,1.2455799999999998E-08,3.1422E-07,-3.1366E-07
0.81500000000000006,0.84000000000000008,-1.5053999999999997E-08,-1.916E-11,1.46188E-08,3.142E-07,-3.1368E-07
0.81,0.84000000000000008,-1.76112E-08,-2.192E-11,1.7145E-08,3.142E-07,-3.1372E-07
0.805,0.84000000000000008,-2.0597999999999997E-08,-2.298E-11,2.01882E-08,3.1416E-07,-3.1368E-07
0.8,0.84000000000000008,-2.4221E-08,-2.8250000000000003E-11,2.3915999999999997E-08,3.1424E-07,-3.137E-07
0.795,0.84000000000000008,-2.8490199999999997E-08,-2.8760000000000003E-11,2.8077399999999996E-08,3.1416E-07,-3.137E-07
0.79,0.84000000000000008,-3.3474399999999994E-08,-3.16E-11,3.3002E-08,3.1416E-07,-3.1366E-07
0.785,0.84000000000000008,-3.9468999999999994E-08,-3.4870000000000005E-11,3.8702E-08,3.1414E-07,-3.1375999999999997E-07
0.78,0.84000000000000008,-4.59784E-08,-3.7280000000000006E-11,4.5857399999999993E-08,3.1412E-07,-3.1368E-07
0.775,0.84000000000000008,-5.4213199999999995E-08,-4.1270000000000003E-11,5.3676999999999992E-08,3.142E-07,-3.1375999999999997E-07
0.77,0.84000000000000008,-6.36824E-08,-4.6560000000000005E-11,6.308679999999999E-08,3.1416E-07,-3.1372E-07
0.765,0.84000000000000008,-7.492399999999999E-08,-5.004E-11,7.4556E-08,3.1422E-07,-3.1375999999999997E-07
0.76,0.84000000000000008,-8.7970599999999992E-08,-5.5070000000000003E-11,8.7674199999999992E-08,3.1422E-07,-3.1372E-07
0.755,0.84000000000000008,-1.0377419999999998E-07,-5.999E-11,1.03187E-07,3.1428E-07,-3.1378E-07
0.75,0.84000000000000008,-1.2196E-07,-6.4450000000000008E-11,1.2112E-07,3.1448E-07,-3.1378E-07
0.745,0.84000000000000008,-1.4434E-07,-6.99E-11,1.436E-07,3.1424E-07,-3.1375999999999997E-07
0.74,0.84000000000000008,-1.6894E-07,-7.27E-11,1.6934E-07,3.1416E-07,-3.1375999999999997E-07
0.735,0.84000000000000008,-1.9862E-07,-7.972000000000001E-11,1.988E-07,3.1416E-07,-3.1372E-07
0.73,0.84000000000000008,-2.338E-07,-8.9510000000000009E-11,2.3306E-07,3.1426E-07,-3.1378E-07
0.72500000000000009,0.84000000000000008,-2.7586E-07,-9.982000000000001E-11,2.7322E-07,3.1414E-07,-3.137E-07
0.72000000000000008,0.84000000000000008,-3.2392E-07,-1.0888E-10,3.2324E-07,3.1426E-07,-3.137E-07
0.71500000000000008,0.84000000000000008,-3.7988E-07,-1.1085000000000001E-10,3.817E-07,3.1417999999999997E-07,-3.1378E-07
0.71000000000000008,0.84000000000000008,-4.4909999999999996E-07,-1.1798000000000002E-10,4.439E-07,3.142E-07,-3.1364E-07
0.70500000000000007,0.84000000000000008,-5.2642E-07,-1.2856000000000002E-10,5.2832E-07,3.142E-07,-3.1368E-07
0.70000000000000007,0.84000000000000008,-6.1826E-07,-1.4496E-10,6.1646E-07,3.1416E-07,-3.1375999999999997E-07
0.69500000000000006,0.84000000000000008,-7.3268E-07,-1.6084E-10,7.3168E-07,3.1422E-07,-3.1372E-07
0.69000000000000006,0.84000000000000008,-8.612E-07,-1.6229000000000002E-10,8.5408E-07,3.142E-07,-3.1366E-07
0.685,0.84000000000000008,-1.0085E-06,-1.6821E-10,1.01328E-06,3.1416E-07,-3.1375999999999997E-07
0.68,0.84000000000000008,-1.1861000000000002E-06,-1.8331E-10,1.1867000000000002E-06,3.1442E-07,-3.1412E-07
0.675,0.84000000000000008,-1.3982000000000002E-06,-2.0611000000000003E-10,1.4004000000000002E-06,3.1424E-07,-3.1374E-07
0.67,0.84000000000000008,-1.6459000000000002E-06,-2.161E-10,1.6468000000000003E-06,3.1417999999999997E-07,-3.1378E-07
0.665,0.84000000000000008,-1.946E-06,-2.2731000000000001E-10,1.9335E-06,3.1422E-07,-3.1375999999999997E-07
0.66,0.84000000000000008,-2.2755E-06,-2.4427000000000003E-10,2.2700000000000003E-06,3.1426E-07,-3.1378E-07
0.655,0.84000000000000008,-2.6713E-06,-2.5449E-10,2.6694000000000002E-06,3.1424E-07,-3.1374E-07
0.65,0.84000000000000008,-3.1462000000000005E-06,-2.7812E-10,3.1506000000000004E-06,3.1414E-07,-3.1374E-07
0.645,0.84000000000000008,-3.6937000000000003E-06,-2.9441E-10,3.7064E-06,3.1434E-07,-3.1372E-07
0.64,0.84000000000000008,-4.3129000000000007E-06,-3.1272000000000003E-10,4.3561000000000005E-06,3.1422E-07,-3.1372E-07
0.635,0.84000000000000008,-5.1231E-06,-3.3231E-10,5.1138000000000009E-06,3.1414E-07,-3.136E-07
0.63,0.84000000000000008,-5.9859000000000006E-06,-3.4559000000000004E-10,5.9985E-06,3.142E-07,-3.1364E-07
0.625,0.84000000000000008,-7.0051000000000009E-06,-3.6675000000000005E-10,6.9813E-06,3.1422E-07,-3.1368E-07
0.62,0.84000000000000008,-8.2306E-06,-3.8536000000000005E-10,8.1493E-06,3.1416E-07,-3.137E-07
0.615,0.84000000000000008,-9.5792000000000014E-06,-4.0903000000000003E-10,9.619E-06,3.142E-07,-3.1374E-07
0.61,0.84000000000000008,-1.1252700000000002E-05,-4.2980000000000006E-10,1.1262600000000001E-05,3.1422E-07,-3.1375999999999997E-07
0.605,0.84000000000000008,-1.3178E-05,-4.5102E-10,1.3174000000000001E-05,3.1416E-07,-3.1361999999999997E-07
0.6,0.84000000000000008,-1.5298E-05,-4.7363E-10,1.5336E-05,3.1412E-07,-3.1361999999999997E-07
0.595,0.84000000000000008,-1.7914E-05,-4.9586000000000008E-10,1.7924E-05,3.1417999999999997E-07,-3.1366E-07
0.59000000000000008,0.84000000000000008,-2.0916E-05,-5.1409E-10,2.0826E-05,3.1417999999999997E-07,-3.1375999999999997E-07
0.58500000000000008,0.84000000000000008,-2.432E-05,-5.4309E-10,2.4384000000000002E-05,3.1422E-07,-3.1372E-07
0.58000000000000007,0.84000000000000008,-2.832E-05,-5.6398000000000005E-10,2.8268E-05,3.1422E-07,-3.1375999999999997E-07
0.57500000000000007,0.84000000000000008,-3.2904E-05,-5.8773E-10,3.2998E-05,3.1417999999999997E-07,-3.137E-07
0.57000000000000006,0.84000000000000008,-3.8352E-05,-6.1506E-10,3.8404E-05,3.1416E-07,-3.1358E-07
0.56500000000000006,0.84000000000000008,-4.4540000000000004E-05,-6.3647000000000008E-10,4.4652E-05,3.142E-07,-3.137E-07
0.56,0.84000000000000008,-5.1836E-05,-6.6299E-10,5.1776E-05,3.142E-07,-3.1368E-07
0.555,0.84000000000000008,-6.0144000000000006E-05,-6.8924000000000009E-10,6.0266E-05,3.1422E-07,-3.1364E-07
0.55,0.84000000000000008,-6.9808E-05,-7.176500000000001E-10,6.9892E-05,3.142E-07,-3.1366E-07
0.545,0.84000000000000008,-8.0932E-05,-7.4559E-10,8.0932E-05,3.1414E-07,-3.1361999999999997E-07
0.54,0.84000000000000008,-9.375E-05,-7.7425000000000009E-10,9.3756E-05,3.1408E-07,-3.136E-07
0.535,0.84000000000000008,-0.000108474,-8.0545E-10,0.000108436,3.1417999999999997E-07,-3.136E-07
0.53,0.84000000000000008,-0.00012544000000000002,-8.3698E-10,0.00012552,3.1414E-07,-3.1361999999999997E-07
0.525,0.84000000000000008,-0.00014482,-8.6493E-10,0.00014496000000000002,3.1414E-07,-3.137E-07
0.52,0.84000000000000008,-0.00016732000000000002,-9.008200000000001E-10,0.00016752000000000002,3.142E-07,-3.1368E-07
0.515,0.84000000000000008,-0.00019256,-9.2733E-10,0.00019288,3.1414E-07,-3.1378E-07
0.51,0.84000000000000008,-0.00022174,-9.6148E-10,0.0002221,3.1416E-07,-3.1372E-07
0.505,0.84000000000000008,-0.00025422000000000004,-9.9869E-10,0.00025436,3.141E-07,-3.1374E-07
0.5,0.84000000000000008,-0.00029158,-1.0317600000000002E-09,0.00029174,3.1414E-07,-3.1368E-07
0.49500000000000005,0.84000000000000008,-0.00033262,-1.0700600000000001E-09,0.00033302,3.142E-07,-3.1364E-07
0.49000000000000005,0.84000000000000008,-0.00037942000000000005,-1.10529E-09,0.00037958,3.1408E-07,-3.1366E-07
0.48500000000000004,0.84000000000000008,-0.00043012000000000004,-1.1446E-09,0.00043062000000000005,3.1414E-07,-3.1372E-07
0.48000000000000004,0.84000000000000008,-0.00048746000000000005,-1.1863E-09,0.00048750000000000003,3.142E-07,-3.1364E-07
0.47500000000000003,0.84000000000000008,-0.00054910000000000007,-1.227E-09,0.00054962,3.1416E-07,-3.1375999999999997E-07
0.47000000000000003,0.84000000000000008,-0.00061798000000000007,-1.2657E-09,0.00061846,3.1426E-07,-3.1366E-07
0.465,0.84000000000000008,-0.00069230000000000008,-1.3073E-09,0.00069236,3.1426E-07,-3.1366E-07
0.46,0.84000000000000008,-0.00077364,-1.3509E-09,0.00077356000000000007,3.142E-07,-3.137E-07
0.455,0.84000000000000008,-0.00085906,-1.3991E-09,0.0008595600000000001,3.1412E-07,-3.137E-07
0.45,0.84000000000000008,-0.00095266,-1.4479E-09,0.00095394,3.1414E-07,-3.1366E-07
0.445,0.84000000000000008,-0.00105184,-1.4966E-09,0.0010526,3.1414E-07,-3.1398E-07
0.44,0.84000000000000008,-0.001158,-1.548E-09,0.0011586,3.1416E-07,-3.1366E-07
0.435,0.84000000000000008,-0.0012688,-1.5983E-09,0.0012698,3.1417999999999997E-07,-3.1374E-07
0.43,0.84000000000000008,-0.0013866,-1.6515E-09,0.0013866,3.1408E-07,-3.1366E-07
0.42500000000000004,0.84000000000000008,-0.0015088,-1.707E-09,0.001509,3.1416E-07,-3.1358E-07
0.42000000000000004,0.84000000000000008,-0.0016366,-1.7676E-09,0.0016378,3.1426E-07,-3.137E-07
0.41500000000000004,0.84000000000000008,-0.001769,-1.8186E-09,0.0017692,3.141E-07,-3.137E-07
0.41000000000000003,0.84000000000000008,-0.0019062,-1.8789E-09,0.001907,3.1416E-07,-3.1364E-07
0.405,0.84000000000000008,-0.002046,-1.9371E-09,0.0020464,3.1416E-07,-3.1372E-07
0.4,0.84000000000000008,-0.0021918000000000003,-2.0006E-09,0.0021928,3.1434E-07,-3.1389999999999997E-07
0.395,0.84000000000000008,-0.0023374,-2.0772E-09,0.0023376,3.1414E-07,-3.1364E-07
0.39,0.84000000000000008,-0.0024876,-2.1528E-09,0.0024882,3.1416E-07,-3.1368E-07
0.385,0.84000000000000008,-0.0026388,-2.2227E-09,0.0026396,3.1416E-07,-3.1375999999999997E-07
0.38,0.84000000000000008,-0.0027914,-2.2864E-09,0.0027936000000000002,3.1412E-07,-3.1368E-07
0.375,0.84000000000000008,-0.0029460000000000003,-2.3578E-09,0.0029460000000000003,3.141E-07,-3.1364E-07
0.37,0.84000000000000008,-0.0031026,-2.4424E-09,0.0031018,3.1416E-07,-3.137E-07
0.365,0.84000000000000008,-0.0032558,-2.5247E-09,0.0032558,3.1416E-07,-3.1374E-07
0.36000000000000004,0.84000000000000008,-0.003412,-2.6093E-09,0.0034124,3.1422E-07,-3.137E-07
0.35500000000000004,0.84000000000000008,-0.0035656,-2.6907E-09,0.0035666,3.1412E-07,-3.137E-07
0.35000000000000003,0.84000000000000008,-0.0037206,-2.7749E-09,0.003721,3.1414E-07,-3.1375999999999997E-07
0.34500000000000003,0.84000000000000008,-0.0038718,-2.8714E-09,0.0038732000000000003,3.1416E-07,-3.1375999999999997E-07
0.34,0.84000000000000008,-0.004023,-2.9738E-09,0.0040242,3.142E-07,-3.1374E-07
0.335,0.84000000000000008,-0.004171,-3.0749E-09,0.0041722,3.142E-07,-3.138E-07
0.33,0.84000000000000008,-0.0043208000000000005,-3.1695E-09,0.0043218,3.1414E-07,-3.1374E-07
0.325,0.84000000000000008,-0.0044646,-3.263E-09,0.0044646,3.1416E-07,-3.1374E-07
0.32,0.84000000000000008,-0.00461,-3.3741E-09,0.0046104,3.1414E-07,-3.1366E-07
0.315,0.84000000000000008,-0.0047496000000000005,-3.4883E-09,0.0047504,3.1422E-07,-3.1375999999999997E-07
0.31,0.84000000000000008,-0.0048894,-3.608E-09,0.0048902,3.1414E-07,-3.1368E-07
0.305,0.84000000000000008,-0.0050242,-3.7201E-09,0.0050246,3.1414E-07,-3.1368E-07
0.3,0.84000000000000008,-0.0051584000000000005,-3.8351E-09,0.005158,3.1417999999999997E-07,-3.1374E-07
0.29500000000000004,0.84000000000000008,-0.005288,-3.9613E-09,0.0052894000000000005,3.1414E-07,-3.1364E-07
0.29000000000000004,0.84000000000000008,-0.0054162,-4.0873E-09,0.0054172000000000005,3.1412E-07,-3.137E-07
0.28500000000000003,0.84000000000000008,-0.005541,-4.2256E-09,0.0055424,3.141E-07,-3.1375999999999997E-07
0.28,0.84000000000000008,-0.0056656,-4.3619E-09,0.0056666,3.141E-07,-3.1366E-07
0.275,0.84000000000000008,-0.0057842,-4.4688E-09,0.0057842,3.1416E-07,-3.1374E-07
0.27,0.84000000000000008,-0.0058986,-4.6096E-09,0.0059002,3.1416E-07,-3.1372E-07
0.265,0.84000000000000008,-0.0060164,-4.7551E-09,0.0060162,3.141E-07,-3.1378E-07
0.26,0.84000000000000008,-0.0061254000000000005,-4.9348E-09,0.0061264,3.142E-07,-3.1364E-07
0.255,0.84000000000000008,-0.0062332,-5.089E-09,0.0062348,3.1444E-07,-3.1372E-07
0.25,0.84000000000000008,-0.0063394,-5.2463999999999996E-09,0.0063408,3.1424E-07,-3.1374E-07
0.24500000000000002,0.84000000000000008,-0.0064452,-5.4113E-09,0.0064466,3.1416E-07,-3.1375999999999997E-07
0.24000000000000002,0.84000000000000008,-0.0065458,-5.5818E-09,0.0065452,3.1416E-07,-3.1372E-07
0.23500000000000001,0.84000000000000008,-0.0066434,-5.7117E-09,0.0066444,3.1414E-07,-3.1372E-07
0.23,0.84000000000000008,-0.0067394,-5.8857E-09,0.0067396,3.141E-07,-3.1368E-07
0.225,0.84000000000000008,-0.006835,-6.1137E-09,0.0068336000000000004,3.1412E-07,-3.1372E-07
0.22,0.84000000000000008,-0.006925,-6.2981E-09,0.0069254,3.141E-07,-3.1375999999999997E-07
0.215,0.84000000000000008,-0.0070124,-6.4928E-09,0.007015,3.142E-07,-3.1375999999999997E-07
0.21000000000000002,0.84000000000000008,-0.0071002,-6.6886E-09,0.0070998,3.1403999999999997E-07,-3.1374E-07
0.20500000000000002,0.84000000000000008,-0.0071862,-6.8894E-09,0.0071858,3.142E-07,-3.1372E-07
0.2,0.84000000000000008,-0.0072658,-7.0946E-09,0.0072656000000000005,3.1408E-07,-3.137E-07
0.195,0.84000000000000008,-0.007348,-7.3054E-09,0.0073490000000000005,3.141E-07,-3.1378E-07
0.19,0.84000000000000008,-0.0074242,-7.5253E-09,0.0074236,3.1398E-07,-3.137E-07
0.185,0.84000000000000008,-0.0074992,-7.7462E-09,0.0075002,3.1414E-07,-3.1375999999999997E-07
0.18000000000000002,0.84000000000000008,-0.0075746,-7.9706E-09,0.0075744,3.1414E-07,-3.1372E-07
0.17500000000000002,0.84000000000000008,-0.007645,-8.2045E-09,0.007648,3.1416E-07,-3.1372E-07
0.17,0.84000000000000008,-0.0077148,-8.3756E-09,0.007716,3.1416E-07,-3.1378E-07
0.165,0.84000000000000008,-0.007783,-8.687E-09,0.0077828,3.1414E-07,-3.1372E-07
0.16,0.84000000000000008,-0.0078524,-8.9416E-09,0.0078516,3.144E-07,-3.1375999999999997E-07
0.155,0.84000000000000008,-0.0079152,-9.1872E-09,0.0079168,3.1406E-07,-3.137E-07
0.15,0.84000000000000008,-0.0079794,-9.4601E-09,0.0079816,3.141E-07,-3.1378E-07
0.14500000000000002,0.84000000000000008,-0.0080424,-9.7186E-09,0.008042,3.1408E-07,-3.1378E-07
0.14,0.84000000000000008,-0.0081034,-9.9099E-09,0.008103,3.141E-07,-3.1372E-07
0.135,0.84000000000000008,-0.008164,-1.01855E-08,0.0081604,3.1417999999999997E-07,-3.1378E-07
0.13,0.84000000000000008,-0.0082178,-1.0458E-08,0.008219,3.1416E-07,-3.1374E-07
0.125,0.84000000000000008,-0.0082742,-1.07582E-08,0.0082744,3.1416E-07,-3.1375999999999997E-07
0.12000000000000001,0.84000000000000008,-0.0083288,-1.10504E-08,0.0083292,3.141E-07,-3.1375999999999997E-07
0.115,0.84000000000000008,-0.0083798,-1.1346299999999999E-08,0.008379000000000001,3.1416E-07,-3.1375999999999997E-07
0.11,0.84000000000000008,-0.0084328,-1.1635999999999999E-08,0.008436,3.1408E-07,-3.1375999999999997E-07
0.10500000000000001,0.84000000000000008,-0.0084836,-1.2078999999999999E-08,0.0084838,3.141E-07,-3.1374E-07
0.1,0.84000000000000008,-0.0085328,-1.2412999999999998E-08,0.008534,3.1414E-07,-3.1382E-07
0.095,0.84000000000000008,-0.008583,-1.2751199999999999E-08,0.0085824,3.142E-07,-3.1366E-07
0.090000000000000011,0.84000000000000008,-0.008626,-1.3095999999999999E-08,0.0086272,3.1412E-07,-3.1372E-07
0.085,0.84000000000000008,-0.0086722,-1.3443799999999999E-08,0.0086736,3.142E-07,-3.1378E-07
0.08,0.84000000000000008,-0.0087204,-1.38074E-08,0.008719,3.1416E-07,-3.1375999999999997E-07
0.075,0.84000000000000008,-0.0087614,-1.4178399999999998E-08,0.0087652,3.1406E-07,-3.1375999999999997E-07
0.07,0.84000000000000008,-0.0088056,-1.45622E-08,0.008809,3.1412E-07,-3.1375999999999997E-07
0.065,0.84000000000000008,-0.0088492,-1.49382E-08,0.008849000000000001,3.1444E-07,-3.1408E-07
0.060000000000000005,0.84000000000000008,-0.008888,-1.5314799999999998E-08,0.0088876,3.1438E-07,-3.1389999999999997E-07
0.055,0.84000000000000008,-0.0089270000000000009,-1.57076E-08,0.0089288,3.141E-07,-3.1374E-07
0.05,0.84000000000000008,-0.0089644,-1.61136E-08,0.0089652,3.1408E-07,-3.137E-07
0.045000000000000005,0.84000000000000008,-0.0090044000000000009,-1.6533E-08,0.0090064,3.1414E-07,-3.1368E-07
0.04,0.84000000000000008,-0.0090396,-1.69572E-08,0.009041,3.1416E-07,-3.1375999999999997E-07
0.035,0.84000000000000008,-0.009078000000000001,-1.74146E-08,0.009078000000000001,3.1414E-07,-3.1382E-07
0.030000000000000002,0.84000000000000008,-0.0091124,-1.7855999999999998E-08,0.0091128,3.1416E-07,-3.1375999999999997E-07
0.025,0.84000000000000008,-0.0091478,-1.8288799999999998E-08,0.0091488,3.1438E-07,-3.1403999999999997E-07
0.02,0.84000000000000008,-0.0091808,-1.8771399999999998E-08,0.0091834,3.1412E-07,-3.1374E-07
0.015000000000000001,0.84000000000000008,-0.0092122,-1.9253199999999998E-08,0.009217,3.1422E-07,-3.1384E-07
0.01,0.84000000000000008,-0.0092504,-1.9705199999999998E-08,0.0092448000000000009,3.1442E-07,-3.1406E-07
0.005,0.84000000000000008,-0.0092784000000000009,-2.0212999999999997E-08,0.0092806,3.1414E-07,-3.1372E-07
0,0.84000000000000008,-0.00931,-2.0707799999999998E-08,0.0093106,3.142E-07,-3.1378E-07
1.2,0.85000000000000009,-5.4138E-10,3.1999000000000005E-10,-1.1143000000000001E-10,3.1412E-07,-3.1375999999999997E-07
1.195,0.85000000000000009,-5.3304000000000005E-10,3.0520000000000004E-10,-1.1496000000000001E-10,3.141E-07,-3.1375999999999997E-07
1.19,0.85000000000000009,-5.1932E-10,2.8854E-10,-1.0120000000000001E-10,3.1414E-07,-3.137E-07
1.185,0.85000000000000009,-5.2912E-10,2.763E-10,-9.8110000000000011E-11,3.1406E-07,-3.1372E-07
1.1800000000000002,0.85000000000000009,-5.1813E-10,2.6348E-10,-1.0321000000000001E-10,3.1402E-07,-3.137E-07
1.175,0.85000000000000009,-5.1303E-10,2.5175000000000004E-10,-9.5460000000000012E-11,3.141E-07,-3.1368E-07
1.1700000000000002,0.85000000000000009,-5.0634E-10,2.4132E-10,-8.5480000000000011E-11,3.141E-07,-3.1372E-07
1.165,0.85000000000000009,-4.9992000000000007E-10,2.3183000000000002E-10,-8.996E-11,3.1406E-07,-3.136E-07
1.1600000000000001,0.85000000000000009,-5.0646E-10,2.2191E-10,-8.9530000000000013E-11,3.141E-07,-3.137E-07
1.155,0.85000000000000009,-4.9015E-10,2.1033E-10,-7.5140000000000011E-11,3.1416E-07,-3.1366E-07
1.1500000000000001,0.85000000000000009,-5.0344000000000007E-10,2.0085E-10,-7.681E-11,3.1406E-07,-3.1372E-07
1.145,0.85000000000000009,-4.8802E-10,1.8915000000000001E-10,-8.0930000000000012E-11,3.1414E-07,-3.1372E-07
1.1400000000000001,0.85000000000000009,-4.8078000000000007E-10,1.7789000000000002E-10,-6.92E-11,3.1416E-07,-3.137E-07
1.135,0.85000000000000009,-4.9201E-10,1.721E-10,-6.4090000000000008E-11,3.1412E-07,-3.1368E-07
1.1300000000000001,0.85000000000000009,-4.7569E-10,1.6505000000000001E-10,-7.262E-11,3.1408E-07,-3.1368E-07
1.125,0.85000000000000009,-4.8451E-10,1.5952E-10,-6.344E-11,3.1402E-07,-3.1366E-07
1.12,0.85000000000000009,-4.6331000000000003E-10,1.5076E-10,-5.426E-11,3.141E-07,-3.1375999999999997E-07
1.115,0.85000000000000009,-4.7324E-10,1.448E-10,-5.9700000000000011E-11,3.1414E-07,-3.138E-07
1.11,0.85000000000000009,-4.7151000000000006E-10,1.3638E-10,-5.971E-11,3.1406E-07,-3.137E-07
1.105,0.85000000000000009,-4.6277000000000005E-10,1.2845E-10,-4.8530000000000006E-11,3.1408E-07,-3.1372E-07
1.1,0.85000000000000009,-4.7764E-10,1.2410000000000002E-10,-4.77E-11,3.1408E-07,-3.136E-07
1.095,0.85000000000000009,-4.4884E-10,1.1296E-10,-5.4980000000000007E-11,3.1403999999999997E-07,-3.1364E-07
1.09,0.85000000000000009,-4.637E-10,1.0881000000000001E-10,-4.1320000000000006E-11,3.141E-07,-3.1364E-07
1.085,0.85000000000000009,-4.5618E-10,1.0285000000000001E-10,-3.7970000000000006E-11,3.141E-07,-3.137E-07
1.08,0.85000000000000009,-4.5841E-10,1.0043000000000001E-10,-4.4930000000000007E-11,3.1406E-07,-3.137E-07
1.075,0.85000000000000009,-4.6049000000000003E-10,9.6240000000000008E-11,-3.762E-11,3.1406E-07,-3.1368E-07
1.07,0.85000000000000009,-4.3913E-10,9.209E-11,-2.979E-11,3.1403999999999997E-07,-3.1372E-07
1.065,0.85000000000000009,-4.5748000000000006E-10,9.021E-11,-3.2690000000000006E-11,3.141E-07,-3.137E-07
1.06,0.85000000000000009,-4.3491000000000005E-10,7.973E-11,-3.525E-11,3.1426E-07,-3.1375999999999997E-07
1.0550000000000002,0.85000000000000009,-4.5826000000000003E-10,7.768000000000001E-11,-2.096E-11,3.141E-07,-3.1375999999999997E-07
1.05,0.85000000000000009,-4.5643000000000005E-10,7.154E-11,-2.2240000000000002E-11,3.1414E-07,-3.136E-07
1.0450000000000002,0.85000000000000009,-4.4173000000000003E-10,6.631E-11,-2.8050000000000003E-11,3.141E-07,-3.1375999999999997E-07
1.04,0.85000000000000009,-4.4836000000000004E-10,6.3180000000000008E-11,-1.4670000000000003E-11,3.1434E-07,-3.1403999999999997E-07
1.0350000000000001,0.85000000000000009,-4.3094E-10,6.107E-11,-1.099E-11,3.1408E-07,-3.1375999999999997E-07
1.03,0.85000000000000009,-4.5628000000000005E-10,6.104E-11,-1.4110000000000002E-11,3.1412E-07,-3.1372E-07
1.0250000000000001,0.85000000000000009,-4.3835000000000004E-10,5.299E-11,-9.86E-12,3.1444E-07,-3.141E-07
1.02,0.85000000000000009,-4.5055E-10,5.211E-11,2.8900000000000004E-12,3.1414E-07,-3.1372E-07
1.0150000000000001,0.85000000000000009,-4.5643000000000005E-10,4.7210000000000004E-11,1.3400000000000002E-12,3.1406E-07,-3.1368E-07
1.01,0.85000000000000009,-4.4285000000000003E-10,4.454E-11,-3.0000000000000005E-14,3.1414E-07,-3.1372E-07
1.0050000000000001,0.85000000000000009,-4.5533E-10,4.3200000000000003E-11,1.8160000000000002E-11,3.1412E-07,-3.1375999999999997E-07
1,0.85000000000000009,-4.4693000000000003E-10,3.952E-11,1.903E-11,3.1406E-07,-3.1361999999999997E-07
0.995,0.85000000000000009,-4.6798000000000007E-10,3.918E-11,2.0910000000000002E-11,3.1408E-07,-3.1366E-07
0.9900000000000001,0.85000000000000009,-4.6444000000000005E-10,3.281E-11,3.4910000000000005E-11,3.1406E-07,-3.1364E-07
0.9850000000000001,0.85000000000000009,-4.7615000000000006E-10,3.448E-11,4.65E-11,3.1408E-07,-3.1361999999999997E-07
0.98000000000000009,0.85000000000000009,-4.9170000000000007E-10,3.099E-11,5.193E-11,3.1398E-07,-3.1366E-07
0.97500000000000009,0.85000000000000009,-4.7809000000000005E-10,2.755E-11,6.244E-11,3.1414E-07,-3.1364E-07
0.97000000000000008,0.85000000000000009,-5.0805E-10,2.691E-11,8.903E-11,3.141E-07,-3.1366E-07
0.96500000000000008,0.85000000000000009,-5.1656E-10,2.3500000000000003E-11,9.6810000000000013E-11,3.1402E-07,-3.136E-07
0.96000000000000008,0.85000000000000009,-5.3631000000000008E-10,2.269E-11,1.1308000000000001E-10,3.1408E-07,-3.137E-07
0.95500000000000007,0.85000000000000009,-5.6234E-10,1.8600000000000002E-11,1.4326E-10,3.1412E-07,-3.1368E-07
0.95000000000000007,0.85000000000000009,-5.832E-10,1.99E-11,1.6889000000000002E-10,3.141E-07,-3.1378E-07
0.94500000000000006,0.85000000000000009,-6.1645000000000008E-10,1.781E-11,1.9585000000000003E-10,3.1403999999999997E-07,-3.1366E-07
0.94000000000000006,0.85000000000000009,-6.3737E-10,1.515E-11,2.3202000000000002E-10,3.1408E-07,-3.1361999999999997E-07
0.935,0.85000000000000009,-6.917000000000001E-10,1.555E-11,2.8361E-10,3.1403999999999997E-07,-3.1366E-07
0.93,0.85000000000000009,-7.431900000000001E-10,1.4390000000000002E-11,3.2458000000000003E-10,3.1406E-07,-3.1366E-07
0.925,0.85000000000000009,-7.9510000000000008E-10,1.2040000000000001E-11,3.8191000000000003E-10,3.1402E-07,-3.1366E-07
0.92,0.85000000000000009,-8.6047E-10,8.72E-12,4.5959E-10,3.1408E-07,-3.137E-07
0.915,0.85000000000000009,-9.3709000000000012E-10,8.16E-12,5.3791000000000006E-10,3.1412E-07,-3.1372E-07
0.91,0.85000000000000009,-1.0350600000000002E-09,3.0800000000000002E-12,6.2956E-10,3.1403999999999997E-07,-3.1364E-07
0.905,0.85000000000000009,-1.154E-09,4.32E-12,7.5118000000000009E-10,3.1412E-07,-3.1366E-07
0.9,0.85000000000000009,-1.2804E-09,5.3500000000000004E-12,8.7702E-10,3.142E-07,-3.1368E-07
0.895,0.85000000000000009,-1.4257E-09,3.96E-12,1.02755E-09,3.1417999999999997E-07,-3.1374E-07
0.89,0.85000000000000009,-1.608E-09,-2.4000000000000004E-13,1.2058E-09,3.141E-07,-3.137E-07
0.885,0.85000000000000009,-1.8299E-09,1.1900000000000002E-12,1.4327E-09,3.1416E-07,-3.1374E-07
0.88,0.85000000000000009,-2.0759E-09,3.0800000000000002E-12,1.6845E-09,3.1412E-07,-3.137E-07
0.875,0.85000000000000009,-2.3641E-09,-8.0000000000000013E-14,1.9824E-09,3.142E-07,-3.1375999999999997E-07
0.87,0.85000000000000009,-2.722E-09,-1.26E-12,2.3131E-09,3.1417999999999997E-07,-3.137E-07
0.865,0.85000000000000009,-3.1217E-09,-2.9100000000000003E-12,2.7365E-09,3.1416E-07,-3.1378E-07
0.86,0.85000000000000009,-3.6065E-09,-4.6600000000000007E-12,3.24E-09,3.1431999999999997E-07,-3.1374E-07
0.85500000000000009,0.85000000000000009,-4.1693E-09,-6.9900000000000007E-12,3.7593E-09,3.1408E-07,-3.137E-07
0.85000000000000009,0.85000000000000009,-4.837E-09,-1.1230000000000001E-11,4.4485E-09,3.1416E-07,-3.1378E-07
0.84500000000000008,0.85000000000000009,-5.6195E-09,-1.029E-11,5.2376E-09,3.1408E-07,-3.1364E-07
0.84000000000000008,0.85000000000000009,-6.5389E-09,-1.2870000000000002E-11,6.1462E-09,3.141E-07,-3.1378E-07
0.83500000000000008,0.85000000000000009,-7.6434E-09,-1.4460000000000001E-11,7.2387E-09,3.1414E-07,-3.1374E-07
0.83000000000000007,0.85000000000000009,-8.8875E-09,-1.824E-11,8.5117E-09,3.1416E-07,-3.137E-07
0.82500000000000007,0.85000000000000009,-1.03557E-08,-1.5850000000000002E-11,9.9959E-09,3.1416E-07,-3.1372E-07
0.82000000000000006,0.85000000000000009,-1.2163999999999999E-08,-1.8440000000000003E-11,1.1796399999999999E-08,3.142E-07,-3.137E-07
0.81500000000000006,0.85000000000000009,-1.4230199999999998E-08,-1.77E-11,1.3871199999999998E-08,3.1412E-07,-3.1364E-07
0.81,0.85000000000000009,-1.6629399999999998E-08,-1.981E-11,1.64092E-08,3.1403999999999997E-07,-3.137E-07
0.805,0.85000000000000009,-1.95864E-08,-1.9980000000000002E-11,1.9163799999999998E-08,3.1412E-07,-3.1368E-07
0.8,0.85000000000000009,-2.2963399999999997E-08,-2.3040000000000002E-11,2.2586799999999998E-08,3.1412E-07,-3.1372E-07
0.795,0.85000000000000009,-2.7000999999999998E-08,-2.7580000000000003E-11,2.6565799999999997E-08,3.1412E-07,-3.137E-07
0.79,0.85000000000000009,-3.1621599999999995E-08,-3.011E-11,3.1241999999999996E-08,3.1403999999999997E-07,-3.137E-07
0.785,0.85000000000000009,-3.7189199999999994E-08,-3.2170000000000004E-11,3.67902E-08,3.1406E-07,-3.1366E-07
0.78,0.85000000000000009,-4.35804E-08,-3.81E-11,4.3301399999999994E-08,3.1414E-07,-3.1374E-07
0.775,0.85000000000000009,-5.1377999999999992E-08,-4.1430000000000006E-11,5.0916999999999992E-08,3.1408E-07,-3.1368E-07
0.77,0.85000000000000009,-6.0087999999999989E-08,-4.6090000000000006E-11,5.9929199999999991E-08,3.1414E-07,-3.137E-07
0.765,0.85000000000000009,-7.09206E-08,-5.3780000000000007E-11,7.0494E-08,3.1412E-07,-3.1378E-07
0.76,0.85000000000000009,-8.3343599999999987E-08,-5.6910000000000007E-11,8.2993199999999992E-08,3.141E-07,-3.1366E-07
0.755,0.85000000000000009,-9.77546E-08,-6.297E-11,9.756699999999999E-08,3.1408E-07,-3.137E-07
0.75,0.85000000000000009,-1.1515059999999999E-07,-6.8500000000000009E-11,1.1468939999999998E-07,3.1416E-07,-3.1366E-07
0.745,0.85000000000000009,-1.3602E-07,-7.304E-11,1.3584E-07,3.141E-07,-3.1374E-07
0.74,0.85000000000000009,-1.5978E-07,-8.0820000000000011E-11,1.5946E-07,3.1408E-07,-3.1378E-07
0.735,0.85000000000000009,-1.8846E-07,-8.36E-11,1.8852E-07,3.1408E-07,-3.1366E-07
0.73,0.85000000000000009,-2.2108E-07,-8.939E-11,2.2209999999999998E-07,3.1403999999999997E-07,-3.1366E-07
0.72500000000000009,0.85000000000000009,-2.6082E-07,-9.949000000000001E-11,2.6104E-07,3.1416E-07,-3.1375999999999997E-07
0.72000000000000008,0.85000000000000009,-3.0602E-07,-1.1103E-10,3.0534E-07,3.141E-07,-3.1372E-07
0.71500000000000008,0.85000000000000009,-3.5824E-07,-1.1882E-10,3.6028E-07,3.1412E-07,-3.1378E-07
0.71000000000000008,0.85000000000000009,-4.2348E-07,-1.2663E-10,4.2272E-07,3.1414E-07,-3.1375999999999997E-07
0.70500000000000007,0.85000000000000009,-5.0033999999999994E-07,-1.3381E-10,4.982E-07,3.1412E-07,-3.1361999999999997E-07
0.70000000000000007,0.85000000000000009,-5.8388E-07,-1.4249000000000002E-10,5.8434E-07,3.1414E-07,-3.1372E-07
0.69500000000000006,0.85000000000000009,-6.9298E-07,-1.5882E-10,6.9156E-07,3.1412E-07,-3.1375999999999997E-07
0.69000000000000006,0.85000000000000009,-8.1228E-07,-1.71E-10,8.1474E-07,3.1408E-07,-3.1374E-07
0.685,0.85000000000000009,-9.555E-07,-1.8090000000000002E-10,9.5357999999999994E-07,3.141E-07,-3.1372E-07
0.68,0.85000000000000009,-1.1219E-06,-1.9330000000000002E-10,1.11992E-06,3.141E-07,-3.1366E-07
0.675,0.85000000000000009,-1.3157000000000002E-06,-2.0861000000000002E-10,1.3279000000000002E-06,3.1412E-07,-3.1364E-07
0.67,0.85000000000000009,-1.5567E-06,-2.2070000000000002E-10,1.5589000000000002E-06,3.1408E-07,-3.1364E-07
0.665,0.85000000000000009,-1.8345000000000002E-06,-2.3692E-10,1.8264000000000002E-06,3.1408E-07,-3.1368E-07
0.66,0.85000000000000009,-2.1483000000000003E-06,-2.5272000000000003E-10,2.1467E-06,3.141E-07,-3.1372E-07
0.655,0.85000000000000009,-2.5321000000000003E-06,-2.6652000000000003E-10,2.5334E-06,3.141E-07,-3.1374E-07
0.65,0.85000000000000009,-2.9596000000000004E-06,-2.8282E-10,2.9762000000000004E-06,3.1406E-07,-3.1375999999999997E-07
0.645,0.85000000000000009,-3.4842000000000005E-06,-3.0225E-10,3.4905000000000003E-06,3.1416E-07,-3.1366E-07
0.64,0.85000000000000009,-4.1100000000000005E-06,-3.235E-10,4.1102E-06,3.1412E-07,-3.1374E-07
0.635,0.85000000000000009,-4.8070000000000007E-06,-3.4105000000000003E-10,4.791E-06,3.1406E-07,-3.1372E-07
0.63,0.85000000000000009,-5.6597E-06,-3.5574E-10,5.6498000000000005E-06,3.142E-07,-3.1374E-07
0.625,0.85000000000000009,-6.5881000000000005E-06,-3.7381E-10,6.6442000000000007E-06,3.1408E-07,-3.1368E-07
0.62,0.85000000000000009,-7.7568E-06,-3.9486E-10,7.7889000000000009E-06,3.1416E-07,-3.1372E-07
0.615,0.85000000000000009,-9.094600000000001E-06,-4.1794000000000006E-10,9.0907000000000009E-06,3.1406E-07,-3.1368E-07
0.61,0.85000000000000009,-1.0627400000000001E-05,-4.4187000000000005E-10,1.0645E-05,3.1414E-07,-3.1366E-07
0.605,0.85000000000000009,-1.2430000000000001E-05,-4.6441000000000005E-10,1.2422E-05,3.1416E-07,-3.1378E-07
0.6,0.85000000000000009,-1.4548E-05,-4.7998E-10,1.4514E-05,3.1414E-07,-3.1368E-07
0.595,0.85000000000000009,-1.6898E-05,-5.0761000000000007E-10,1.6926E-05,3.1416E-07,-3.1375999999999997E-07
0.59000000000000008,0.85000000000000009,-1.9776000000000002E-05,-5.2854E-10,1.9790000000000002E-05,3.1416E-07,-3.1374E-07
0.58500000000000008,0.85000000000000009,-2.3016E-05,-5.5245000000000009E-10,2.2988E-05,3.1434E-07,-3.1398E-07
0.58000000000000007,0.85000000000000009,-2.686E-05,-5.7584E-10,2.6736E-05,3.142E-07,-3.1375999999999997E-07
0.57500000000000007,0.85000000000000009,-3.1078E-05,-5.9748000000000009E-10,3.1182E-05,3.141E-07,-3.1372E-07
0.57000000000000006,0.85000000000000009,-3.6264000000000004E-05,-6.2568000000000006E-10,3.633E-05,3.1414E-07,-3.1372E-07
0.56500000000000006,0.85000000000000009,-4.2064E-05,-6.5073000000000009E-10,4.2016E-05,3.1408E-07,-3.1374E-07
0.56,0.85000000000000009,-4.8796000000000005E-05,-6.7909000000000008E-10,4.892E-05,3.141E-07,-3.137E-07
0.555,0.85000000000000009,-5.6632E-05,-7.0641E-10,5.6614000000000004E-05,3.1412E-07,-3.1368E-07
0.55,0.85000000000000009,-6.5786E-05,-7.3205000000000007E-10,6.5866E-05,3.1416E-07,-3.1366E-07
0.545,0.85000000000000009,-7.6144000000000008E-05,-7.6037E-10,7.6068E-05,3.1416E-07,-3.137E-07
0.54,0.85000000000000009,-8.8104000000000009E-05,-7.9114E-10,8.8198E-05,3.1416E-07,-3.1374E-07
0.535,0.85000000000000009,-0.000101876,-8.2310000000000008E-10,0.00010198600000000001,3.1412E-07,-3.1372E-07
0.53,0.85000000000000009,-0.00011764,-8.4700000000000007E-10,0.00011778,3.1414E-07,-3.137E-07
0.525,0.85000000000000009,-0.00013574,-8.8022000000000009E-10,0.000136,3.1406E-07,-3.1366E-07
0.52,0.85000000000000009,-0.00015666,-9.1257000000000009E-10,0.00015682,3.1416E-07,-3.1372E-07
0.515,0.85000000000000009,-0.00018038,-9.4996E-10,0.00018038,3.1414E-07,-3.1374E-07
0.51,0.85000000000000009,-0.00020718,-9.8473000000000018E-10,0.00020762000000000002,3.1406E-07,-3.1375999999999997E-07
0.505,0.85000000000000009,-0.00023726000000000002,-1.02251E-09,0.00023752000000000002,3.142E-07,-3.1382E-07
0.5,0.85000000000000009,-0.0002717,-1.05327E-09,0.00027206,3.1416E-07,-3.1372E-07
0.49500000000000005,0.85000000000000009,-0.00030976,-1.0892500000000001E-09,0.00031002000000000004,3.1403999999999997E-07,-3.1368E-07
0.49000000000000005,0.85000000000000009,-0.00035254000000000004,-1.1305E-09,0.00035308000000000003,3.1431999999999997E-07,-3.1389999999999997E-07
0.48500000000000004,0.85000000000000009,-0.00039922000000000004,-1.1694E-09,0.00040006000000000004,3.1428E-07,-3.1384E-07
0.48000000000000004,0.85000000000000009,-0.00045184,-1.2087E-09,0.00045200000000000004,3.1412E-07,-3.137E-07
0.47500000000000003,0.85000000000000009,-0.00050836,-1.2534E-09,0.00050870000000000006,3.1438E-07,-3.1386E-07
0.47000000000000003,0.85000000000000009,-0.00057148000000000008,-1.2973E-09,0.00057170000000000007,3.1414E-07,-3.1374E-07
0.465,0.85000000000000009,-0.00063850000000000007,-1.3402E-09,0.00063834,3.1412E-07,-3.137E-07
0.46,0.85000000000000009,-0.00071132000000000009,-1.3881E-09,0.00071148,3.1414E-07,-3.1372E-07
0.455,0.85000000000000009,-0.00078864000000000007,-1.434E-09,0.00078952,3.1416E-07,-3.1372E-07
0.45,0.85000000000000009,-0.00087366000000000006,-1.4857E-09,0.0008738000000000001,3.1408E-07,-3.1372E-07
0.445,0.85000000000000009,-0.00096160000000000006,-1.5311E-09,0.0009621,3.1408E-07,-3.1372E-07
0.44,0.85000000000000009,-0.00105682,-1.5846E-09,0.0010570800000000002,3.141E-07,-3.1372E-07
0.435,0.85000000000000009,-0.0011548,-1.6366E-09,0.001155,3.1414E-07,-3.1372E-07
0.43,0.85000000000000009,-0.0012596,-1.6956E-09,0.0012598,3.1414E-07,-3.1375999999999997E-07
0.42500000000000004,0.85000000000000009,-0.001366,-1.7476E-09,0.0013656,3.141E-07,-3.1372E-07
0.42000000000000004,0.85000000000000009,-0.001479,-1.8121E-09,0.0014792,3.1408E-07,-3.136E-07
0.41500000000000004,0.85000000000000009,-0.0015936000000000001,-1.8727E-09,0.0015944,3.1416E-07,-3.1372E-07
0.41000000000000003,0.85000000000000009,-0.0017126,-1.935E-09,0.0017134000000000001,3.141E-07,-3.1364E-07
0.405,0.85000000000000009,-0.0018334,-2.0066E-09,0.0018348000000000002,3.1412E-07,-3.137E-07
0.4,0.85000000000000009,-0.00196,-2.0632E-09,0.0019602,3.1408E-07,-3.137E-07
0.395,0.85000000000000009,-0.0020836,-2.1358E-09,0.0020848,3.1414E-07,-3.1375999999999997E-07
0.39,0.85000000000000009,-0.0022128,-2.2012E-09,0.002213,3.1408E-07,-3.137E-07
0.385,0.85000000000000009,-0.002341,-2.2752E-09,0.0023412,3.1412E-07,-3.1375999999999997E-07
0.38,0.85000000000000009,-0.0024724,-2.3574E-09,0.0024726,3.1412E-07,-3.1375999999999997E-07
0.375,0.85000000000000009,-0.002601,-2.4275E-09,0.0026024,3.1403999999999997E-07,-3.1375999999999997E-07
0.37,0.85000000000000009,-0.0027332,-2.5159E-09,0.0027326,3.1406E-07,-3.1372E-07
0.365,0.85000000000000009,-0.0028636,-2.5967E-09,0.0028634,3.1416E-07,-3.1375999999999997E-07
0.36000000000000004,0.85000000000000009,-0.0029922,-2.6808E-09,0.0029946,3.1408E-07,-3.137E-07
0.35500000000000004,0.85000000000000009,-0.003122,-2.7733E-09,0.0031212,3.1402E-07,-3.1364E-07
0.35000000000000003,0.85000000000000009,-0.0032500000000000003,-2.8631E-09,0.003251,3.1412E-07,-3.1372E-07
0.34500000000000003,0.85000000000000009,-0.0033766,-2.9687E-09,0.0033762,3.1408E-07,-3.137E-07
0.34,0.85000000000000009,-0.0035022,-3.0662E-09,0.0035038,3.1412E-07,-3.1375999999999997E-07
0.335,0.85000000000000009,-0.0036252,-3.1633E-09,0.0036256,3.1412E-07,-3.1378E-07
0.33,0.85000000000000009,-0.0037472,-3.2593E-09,0.0037486,3.1416E-07,-3.1374E-07
0.325,0.85000000000000009,-0.0038678000000000002,-3.3611E-09,0.0038682,3.1412E-07,-3.1384E-07
0.32,0.85000000000000009,-0.0039876,-3.469E-09,0.003987,3.1416E-07,-3.1366E-07
0.315,0.85000000000000009,-0.0041016,-3.5835E-09,0.004103,3.1416E-07,-3.1378E-07
0.31,0.85000000000000009,-0.0042174000000000005,-3.715E-09,0.004217,3.1417999999999997E-07,-3.1382E-07
0.305,0.85000000000000009,-0.0043264,-3.838E-09,0.0043278,3.1412E-07,-3.1388E-07
0.3,0.85000000000000009,-0.004438,-3.9675E-09,0.0044368,3.1416E-07,-3.1388E-07
0.29500000000000004,0.85000000000000009,-0.0045428000000000005,-4.094E-09,0.0045444000000000005,3.1414E-07,-3.1382E-07
0.29000000000000004,0.85000000000000009,-0.0046484000000000004,-4.2204E-09,0.0046504,3.1416E-07,-3.1364E-07
0.28500000000000003,0.85000000000000009,-0.0047512,-4.3329E-09,0.0047508,3.1414E-07,-3.1382E-07
0.28,0.85000000000000009,-0.004851,-4.495E-09,0.0048512,3.1414E-07,-3.1374E-07
0.275,0.85000000000000009,-0.0049482,-4.6394E-09,0.004949,3.1431999999999997E-07,-3.1392E-07
0.27,0.85000000000000009,-0.0050426,-4.7811E-09,0.0050412,3.1414E-07,-3.1368E-07
0.265,0.85000000000000009,-0.0051374,-4.943E-09,0.005137,3.1408E-07,-3.1374E-07
0.26,0.85000000000000009,-0.0052262,-5.0643E-09,0.0052264,3.1414E-07,-3.1382E-07
0.255,0.85000000000000009,-0.0053158,-5.2515E-09,0.0053148,3.1406E-07,-3.1378E-07
0.25,0.85000000000000009,-0.0054012,-5.4149E-09,0.005401,3.1402E-07,-3.138E-07
0.24500000000000002,0.85000000000000009,-0.0054838000000000005,-5.5825E-09,0.0054866,3.1403999999999997E-07,-3.137E-07
0.24000000000000002,0.85000000000000009,-0.0055682,-5.7594E-09,0.0055662,3.1412E-07,-3.1366E-07
0.23500000000000001,0.85000000000000009,-0.0056456,-5.9402E-09,0.0056474,3.1406E-07,-3.137E-07
0.23,0.85000000000000009,-0.005724,-6.1181E-09,0.0057244,3.1408E-07,-3.137E-07
0.225,0.85000000000000009,-0.0057996,-6.306E-09,0.005802,3.141E-07,-3.1366E-07
0.22,0.85000000000000009,-0.0058754,-6.4977E-09,0.0058752,3.1406E-07,-3.137E-07
0.215,0.85000000000000009,-0.0059472,-6.6928E-09,0.0059474,3.1417999999999997E-07,-3.1366E-07
0.21000000000000002,0.85000000000000009,-0.0060168,-6.8867E-09,0.0060166,3.1403999999999997E-07,-3.1366E-07
0.20500000000000002,0.85000000000000009,-0.0060856,-7.105E-09,0.006085,3.1408E-07,-3.1358E-07
0.2,0.85000000000000009,-0.0061516,-7.3205E-09,0.0061542,3.1408E-07,-3.1372E-07
0.195,0.85000000000000009,-0.0062188,-7.5423E-09,0.006215,3.1402E-07,-3.1374E-07
0.19,0.85000000000000009,-0.0062794,-7.7535E-09,0.0062792,3.141E-07,-3.1372E-07
0.185,0.85000000000000009,-0.0063416,-7.9777E-09,0.0063412,3.14E-07,-3.1372E-07
0.18000000000000002,0.85000000000000009,-0.006402,-8.2173E-09,0.0064026000000000005,3.1408E-07,-3.1375999999999997E-07
0.17500000000000002,0.85000000000000009,-0.0064624,-8.4692E-09,0.0064614,3.1408E-07,-3.1366E-07
0.17,0.85000000000000009,-0.0065204,-8.7075999999999992E-09,0.0065168000000000005,3.1402E-07,-3.1368E-07
0.165,0.85000000000000009,-0.006573,-8.8756E-09,0.0065732,3.1403999999999997E-07,-3.137E-07
0.16,0.85000000000000009,-0.006627,-9.1301E-09,0.0066288,3.1408E-07,-3.1375999999999997E-07
0.155,0.85000000000000009,-0.0066806,-9.4669E-09,0.0066806,3.1403999999999997E-07,-3.1374E-07
0.15,0.85000000000000009,-0.0067302,-9.6549E-09,0.0067304,3.1408E-07,-3.1372E-07
0.14500000000000002,0.85000000000000009,-0.0067810000000000006,-1.00091E-08,0.0067808,3.1402E-07,-3.137E-07
0.14,0.85000000000000009,-0.006828,-1.02949E-08,0.0068316,3.1408E-07,-3.1378E-07
0.135,0.85000000000000009,-0.0068746,-1.05878E-08,0.0068768,3.1406E-07,-3.137E-07
0.13,0.85000000000000009,-0.0069252,-1.07868E-08,0.006926,3.1424E-07,-3.1389999999999997E-07
0.125,0.85000000000000009,-0.0069682,-1.11713E-08,0.0069692,3.1408E-07,-3.137E-07
0.12000000000000001,0.85000000000000009,-0.0070144000000000005,-1.14904E-08,0.0070148,3.1403999999999997E-07,-3.1372E-07
0.115,0.85000000000000009,-0.0070576,-1.1788199999999999E-08,0.007058,3.1406E-07,-3.1368E-07
0.11,0.85000000000000009,-0.0071002,-1.2114799999999999E-08,0.0070996,3.1406E-07,-3.1368E-07
0.10500000000000001,0.85000000000000009,-0.007141,-1.2428999999999998E-08,0.0071392,3.1402E-07,-3.1374E-07
0.1,0.85000000000000009,-0.0071790000000000005,-1.2788399999999999E-08,0.007181,3.1408E-07,-3.1372E-07
0.095,0.85000000000000009,-0.0072192,-1.3118799999999999E-08,0.0072174000000000006,3.1408E-07,-3.1375999999999997E-07
0.090000000000000011,0.85000000000000009,-0.0072572,-1.3478399999999999E-08,0.007257,3.1408E-07,-3.1366E-07
0.085,0.85000000000000009,-0.0072934,-1.3833399999999999E-08,0.0072946,3.1408E-07,-3.1374E-07
0.08,0.85000000000000009,-0.0073308,-1.42044E-08,0.007332,3.1406E-07,-3.1374E-07
0.075,0.85000000000000009,-0.0073666,-1.4583199999999998E-08,0.0073672,3.141E-07,-3.1375999999999997E-07
0.07,0.85000000000000009,-0.007402,-1.4960199999999997E-08,0.0074018,3.1408E-07,-3.137E-07
0.065,0.85000000000000009,-0.0074338,-1.53666E-08,0.0074344,3.1416E-07,-3.1375999999999997E-07
0.060000000000000005,0.85000000000000009,-0.0074664,-1.5746599999999997E-08,0.007469,3.1412E-07,-3.1378E-07
0.055,0.85000000000000009,-0.0075002,-1.59818E-08,0.0075022000000000005,3.1414E-07,-3.1378E-07
0.05,0.85000000000000009,-0.0075318,-1.657E-08,0.0075324,3.1414E-07,-3.1382E-07
0.045000000000000005,0.85000000000000009,-0.007564,-1.69932E-08,0.0075650000000000005,3.142E-07,-3.1375999999999997E-07
0.04,0.85000000000000009,-0.0075926000000000006,-1.74272E-08,0.0075932000000000005,3.1414E-07,-3.138E-07
0.035,0.85000000000000009,-0.0076222,-1.7811199999999997E-08,0.0076216,3.141E-07,-3.1372E-07
0.030000000000000002,0.85000000000000009,-0.007651,-1.82778E-08,0.0076514,3.1417999999999997E-07,-3.1378E-07
0.025,0.85000000000000009,-0.0076812,-1.8759E-08,0.0076798000000000005,3.1416E-07,-3.1378E-07
0.02,0.85000000000000009,-0.0077062,-1.9238799999999997E-08,0.007707,3.1408E-07,-3.1398E-07
0.015000000000000001,0.85000000000000009,-0.0077344,-1.9700599999999997E-08,0.0077366000000000006,3.1408E-07,-3.1378E-07
0.01,0.85000000000000009,-0.0077588000000000006,-2.0187599999999997E-08,0.007763,3.141E-07,-3.1384E-07
0.005,0.85000000000000009,-0.007785,-2.0697999999999998E-08,0.0077882,3.141E-07,-3.1378E-07
0,0.85000000000000009,-0.0078094,-2.1214199999999998E-08,0.0078114000000000005,3.1402E-07,-3.137E-07
1.2,0.86,-4.4614E-10,3.1060000000000004E-10,-1.1586000000000001E-10,3.1392E-07,-3.1378E-07
1.195,0.86,-4.3656000000000004E-10,2.9526E-10,-1.0565E-10,3.1402E-07,-3.137E-07
1.19,0.86,-4.526E-10,2.8208E-10,-1.011E-10,3.1402E-07,-3.1375999999999997E-07
1.185,0.86,-4.3830000000000003E-10,2.7072E-10,-1.0790000000000001E-10,3.1406E-07,-3.1375999999999997E-07
1.1800000000000002,0.86,-4.3779000000000005E-10,2.5683000000000003E-10,-9.6680000000000009E-11,3.1408E-07,-3.1366E-07
1.175,0.86,-4.4144000000000003E-10,2.4719E-10,-8.757E-11,3.141E-07,-3.1375999999999997E-07
1.1700000000000002,0.86,-4.2056000000000004E-10,2.3474E-10,-9.7E-11,3.1398E-07,-3.137E-07
1.165,0.86,-4.3126E-10,2.2233000000000002E-10,-8.689000000000001E-11,3.1403999999999997E-07,-3.1368E-07
1.1600000000000001,0.86,-4.1066E-10,2.0963E-10,-7.951E-11,3.141E-07,-3.137E-07
1.155,0.86,-4.2592E-10,2.0179E-10,-8.1980000000000011E-11,3.1406E-07,-3.1375999999999997E-07
1.1500000000000001,0.86,-4.1947000000000005E-10,1.8953000000000002E-10,-8.18E-11,3.1408E-07,-3.1372E-07
1.145,0.86,-4.0979000000000004E-10,1.8357000000000002E-10,-7.176E-11,3.1402E-07,-3.1378E-07
1.1400000000000001,0.86,-4.3465000000000004E-10,1.9168E-10,-5.876E-11,3.1406E-07,-3.1378E-07
1.135,0.86,-3.8767E-10,1.7879E-10,-7.695E-11,3.1403999999999997E-07,-3.1375999999999997E-07
1.1300000000000001,0.86,-4.7885000000000006E-10,1.5078000000000002E-10,-6.756000000000001E-11,3.1389999999999997E-07,-3.1366E-07
1.125,0.86,-3.9338000000000004E-10,1.319E-10,-6.002E-11,3.1398E-07,-3.1361999999999997E-07
1.12,0.86,-3.2339E-10,1.3383000000000002E-10,-6.3650000000000008E-11,3.1408E-07,-3.1368E-07
1.115,0.86,-4.1072000000000006E-10,1.3845000000000002E-10,-6.262E-11,3.1402E-07,-3.1368E-07
1.11,0.86,-4.3046000000000003E-10,1.3908E-10,-5.2890000000000004E-11,3.1408E-07,-3.137E-07
1.105,0.86,-3.8096000000000005E-10,1.3823000000000002E-10,-5.335E-11,3.1403999999999997E-07,-3.136E-07
1.1,0.86,-3.9847E-10,1.2608000000000002E-10,-5.7130000000000007E-11,3.1414E-07,-3.1366E-07
1.095,0.86,-3.6744E-10,1.1356E-10,-4.3500000000000005E-11,3.141E-07,-3.1372E-07
1.09,0.86,-3.415E-10,1.0676000000000001E-10,-4.4950000000000004E-11,3.1402E-07,-3.137E-07
1.085,0.86,-4.2330000000000003E-10,1.0421000000000001E-10,-4.709E-11,3.141E-07,-3.1374E-07
1.08,0.86,-4.0293E-10,9.7070000000000007E-11,-4.005E-11,3.1403999999999997E-07,-3.1372E-07
1.075,0.86,-3.4384E-10,9.0450000000000008E-11,-3.4870000000000005E-11,3.1408E-07,-3.1368E-07
1.07,0.86,-3.7813E-10,8.7310000000000007E-11,-3.9350000000000005E-11,3.1403999999999997E-07,-3.1372E-07
1.065,0.86,-3.5804000000000004E-10,7.563E-11,-3.5420000000000005E-11,3.1394E-07,-3.1368E-07
1.06,0.86,-3.6993000000000003E-10,7.4010000000000011E-11,-2.4140000000000003E-11,3.1403999999999997E-07,-3.1358E-07
1.0550000000000002,0.86,-4.2021000000000004E-10,7.200000000000001E-11,-2.931E-11,3.1403999999999997E-07,-3.1372E-07
1.05,0.86,-3.8018E-10,7.7430000000000011E-11,-2.7920000000000002E-11,3.1402E-07,-3.1368E-07
1.0450000000000002,0.86,-3.6094000000000005E-10,8.315E-11,-1.8710000000000002E-11,3.1398E-07,-3.1366E-07
1.04,0.86,-3.5529E-10,7.213E-11,-1.6960000000000002E-11,3.1398E-07,-3.1364E-07
1.0350000000000001,0.86,-3.4907E-10,5.7480000000000005E-11,-2.0170000000000003E-11,3.1398E-07,-3.1366E-07
1.03,0.86,-3.9314000000000005E-10,4.9480000000000006E-11,-1.18E-11,3.1402E-07,-3.136E-07
1.0250000000000001,0.86,-3.9384E-10,4.217E-11,-5.29E-12,3.1403999999999997E-07,-3.136E-07
1.02,0.86,-3.6258E-10,4.6130000000000006E-11,-8.92E-12,3.1402E-07,-3.137E-07
1.0150000000000001,0.86,-3.5795000000000004E-10,4.912E-11,-2.19E-12,3.14E-07,-3.137E-07
1.01,0.86,-3.5359E-10,4.258E-11,8.63E-12,3.1396E-07,-3.137E-07
1.0050000000000001,0.86,-3.9342E-10,3.992E-11,9.53E-12,3.1402E-07,-3.1364E-07
1,0.86,-4.0953000000000003E-10,4.424E-11,1.068E-11,3.1403999999999997E-07,-3.1361999999999997E-07
0.995,0.86,-3.6827E-10,4.1900000000000005E-11,2.6390000000000002E-11,3.14E-07,-3.1364E-07
0.9900000000000001,0.86,-3.6964000000000003E-10,3.5710000000000005E-11,3.3850000000000005E-11,3.1406E-07,-3.136E-07
0.9850000000000001,0.86,-3.9120000000000006E-10,2.844E-11,3.466E-11,3.1402E-07,-3.1358E-07
0.98000000000000009,0.86,-4.0456000000000005E-10,2.2350000000000002E-11,5.0850000000000004E-11,3.1396E-07,-3.1364E-07
0.97500000000000009,0.86,-4.2891E-10,2.243E-11,6.564E-11,3.1396E-07,-3.1364E-07
0.97000000000000008,0.86,-4.3469000000000003E-10,2.7520000000000002E-11,7.245E-11,3.1396E-07,-3.1364E-07
0.96500000000000008,0.86,-4.1292E-10,2.6410000000000002E-11,8.814E-11,3.14E-07,-3.1368E-07
0.96000000000000008,0.86,-4.4125000000000005E-10,2.4540000000000003E-11,1.1292000000000001E-10,3.1403999999999997E-07,-3.1372E-07
0.95500000000000007,0.86,-4.8166000000000007E-10,2.0040000000000003E-11,1.319E-10,3.14E-07,-3.1368E-07
0.95000000000000007,0.86,-5.0559E-10,1.413E-11,1.5146E-10,3.1402E-07,-3.1364E-07
0.94500000000000006,0.86,-5.4096000000000006E-10,1.188E-11,1.8969000000000002E-10,3.14E-07,-3.1364E-07
0.94000000000000006,0.86,-5.4209E-10,1.208E-11,2.2404E-10,3.1403999999999997E-07,-3.1364E-07
0.935,0.86,-5.9345000000000005E-10,1.515E-11,2.6056000000000003E-10,3.1403999999999997E-07,-3.1364E-07
0.93,0.86,-6.4165000000000005E-10,1.4740000000000002E-11,3.0974E-10,3.1402E-07,-3.1361999999999997E-07
0.925,0.86,-7.0064000000000007E-10,1.5960000000000002E-11,3.7108E-10,3.1402E-07,-3.1366E-07
0.92,0.86,-7.823500000000001E-10,1.221E-11,4.3254000000000004E-10,3.1402E-07,-3.1366E-07
0.915,0.86,-8.2586000000000008E-10,3.5900000000000003E-12,5.0465E-10,3.1403999999999997E-07,-3.1364E-07
0.91,0.86,-9.2650000000000006E-10,3.6400000000000006E-12,6.0546E-10,3.1402E-07,-3.1368E-07
0.905,0.86,-1.03044E-09,-3.0000000000000005E-14,7.0501E-10,3.1398E-07,-3.1361999999999997E-07
0.9,0.86,-1.1657E-09,8.7900000000000011E-12,8.3054000000000011E-10,3.1402E-07,-3.1366E-07
0.895,0.86,-1.2936E-09,1.9E-12,9.6686000000000011E-10,3.1406E-07,-3.1372E-07
0.89,0.86,-1.4665E-09,5.5000000000000008E-13,1.1462900000000002E-09,3.1406E-07,-3.1375999999999997E-07
0.885,0.86,-1.6834E-09,-2.5500000000000002E-12,1.3445E-09,3.1396E-07,-3.1366E-07
0.88,0.86,-1.9109E-09,3.86E-12,1.5938E-09,3.1408E-07,-3.1366E-07
0.875,0.86,-2.206E-09,4.78E-12,1.8714E-09,3.1403999999999997E-07,-3.1368E-07
0.87,0.86,-2.4933E-09,-1.4E-12,2.197E-09,3.1408E-07,-3.1372E-07
0.865,0.86,-2.8979E-09,-3.7900000000000006E-12,2.5975E-09,3.1403999999999997E-07,-3.1366E-07
0.86,0.86,-3.3445E-09,-9.4000000000000011E-12,3.0586E-09,3.1406E-07,-3.1364E-07
0.85500000000000009,0.86,-3.8979E-09,-1.1870000000000002E-11,3.5551E-09,3.1406E-07,-3.1374E-07
0.85000000000000009,0.86,-4.5125E-09,-1.26E-11,4.1976E-09,3.141E-07,-3.1368E-07
0.84500000000000008,0.86,-5.219E-09,-1.026E-11,4.9497E-09,3.1414E-07,-3.1374E-07
0.84000000000000008,0.86,-6.1392E-09,-9.03E-12,5.8383E-09,3.141E-07,-3.1378E-07
0.83500000000000008,0.86,-7.0984E-09,-9.3100000000000013E-12,6.8443E-09,3.141E-07,-3.137E-07
0.83000000000000007,0.86,-8.399E-09,-1.1440000000000001E-11,8.0838E-09,3.1403999999999997E-07,-3.1364E-07
0.82500000000000007,0.86,-9.7747E-09,-1.7250000000000002E-11,9.4639E-09,3.1408E-07,-3.1375999999999997E-07
0.82000000000000006,0.86,-1.14816E-08,-2.065E-11,1.11244E-08,3.1406E-07,-3.1366E-07
0.81500000000000006,0.86,-1.3428E-08,-1.772E-11,1.3101199999999999E-08,3.1402E-07,-3.1375999999999997E-07
0.81,0.86,-1.57358E-08,-1.948E-11,1.54464E-08,3.1402E-07,-3.1375999999999997E-07
0.805,0.86,-1.8368999999999997E-08,-2.103E-11,1.80158E-08,3.1398E-07,-3.1378E-07
0.8,0.86,-2.1499E-08,-2.6980000000000003E-11,2.1326E-08,3.141E-07,-3.137E-07
0.795,0.86,-2.54468E-08,-2.7560000000000003E-11,2.49284E-08,3.1403999999999997E-07,-3.137E-07
0.79,0.86,-2.9760999999999998E-08,-3.149E-11,2.9533599999999997E-08,3.141E-07,-3.137E-07
0.785,0.86,-3.5103999999999995E-08,-3.318E-11,3.48006E-08,3.1396E-07,-3.1366E-07
0.78,0.86,-4.1066999999999993E-08,-4.5070000000000006E-11,4.0732199999999995E-08,3.1406E-07,-3.1368E-07
0.775,0.86,-4.79914E-08,-5.3870000000000004E-11,4.78504E-08,3.1402E-07,-3.1364E-07
0.77,0.86,-5.6311399999999996E-08,-5.462E-11,5.6148999999999995E-08,3.1406E-07,-3.1364E-07
0.765,0.86,-6.6305E-08,-4.8130000000000006E-11,6.59824E-08,3.1403999999999997E-07,-3.1372E-07
0.76,0.86,-7.7530599999999986E-08,-5.3490000000000007E-11,7.7321199999999992E-08,3.1416E-07,-3.137E-07
0.755,0.86,-9.0531199999999989E-08,-5.619E-11,9.0239199999999989E-08,3.1408E-07,-3.1374E-07
0.75,0.86,-1.0619459999999998E-07,-6.5720000000000007E-11,1.0602539999999999E-07,3.1402E-07,-3.137E-07
0.745,0.86,-1.247E-07,-7.4290000000000009E-11,1.253E-07,3.1406E-07,-3.137E-07
0.74,0.86,-1.471E-07,-7.646E-11,1.474E-07,3.1396E-07,-3.1368E-07
0.735,0.86,-1.7348E-07,-8.7940000000000009E-11,1.73E-07,3.1402E-07,-3.1375999999999997E-07
0.73,0.86,-2.0458E-07,-9.986E-11,2.0278E-07,3.1396E-07,-3.137E-07
0.72500000000000009,0.86,-2.3998E-07,-1.0916000000000001E-10,2.4086E-07,3.1406E-07,-3.1372E-07
0.72000000000000008,0.86,-2.8258E-07,-1.1464E-10,2.8252E-07,3.1396E-07,-3.1366E-07
0.71500000000000008,0.86,-3.3174E-07,-1.1467E-10,3.3317999999999997E-07,3.1408E-07,-3.1374E-07
0.71000000000000008,0.86,-3.8994E-07,-1.2627000000000002E-10,3.9206E-07,3.1406E-07,-3.1372E-07
0.70500000000000007,0.86,-4.6095999999999997E-07,-1.4016E-10,4.5948E-07,3.1398E-07,-3.1372E-07
0.70000000000000007,0.86,-5.4263999999999994E-07,-1.5331E-10,5.4056E-07,3.1406E-07,-3.1366E-07
0.69500000000000006,0.86,-6.3898E-07,-1.6694000000000002E-10,6.3712E-07,3.1408E-07,-3.1364E-07
0.69000000000000006,0.86,-7.5016E-07,-1.7279E-10,7.4912E-07,3.1408E-07,-3.1366E-07
0.685,0.86,-8.8674E-07,-1.8601E-10,8.8782E-07,3.1398E-07,-3.1368E-07
0.68,0.86,-1.03836E-06,-1.9861000000000003E-10,1.04166E-06,3.1408E-07,-3.1364E-07
0.675,0.86,-1.2166000000000001E-06,-2.1131000000000002E-10,1.2265E-06,3.1406E-07,-3.1378E-07
0.67,0.86,-1.4372000000000002E-06,-2.2918000000000003E-10,1.4351000000000002E-06,3.1403999999999997E-07,-3.137E-07
0.665,0.86,-1.6941000000000002E-06,-2.4470000000000004E-10,1.6916000000000002E-06,3.1398E-07,-3.1366E-07
0.66,0.86,-1.9820000000000003E-06,-2.6265E-10,1.9829E-06,3.1398E-07,-3.136E-07
0.655,0.86,-2.3367000000000004E-06,-2.7856E-10,2.3432000000000003E-06,3.1392E-07,-3.137E-07
0.65,0.86,-2.7357000000000003E-06,-2.9725000000000003E-10,2.7477000000000004E-06,3.1398E-07,-3.136E-07
0.645,0.86,-3.2131E-06,-3.1025000000000004E-10,3.2134000000000004E-06,3.1402E-07,-3.1364E-07
0.64,0.86,-3.7723000000000003E-06,-3.2882E-10,3.7694000000000003E-06,3.1402E-07,-3.1368E-07
0.635,0.86,-4.4305E-06,-3.5006000000000003E-10,4.4285E-06,3.1389999999999997E-07,-3.137E-07
0.63,0.86,-5.1929000000000007E-06,-3.6713E-10,5.1969E-06,3.1396E-07,-3.1366E-07
0.625,0.86,-6.0344E-06,-3.8833000000000004E-10,6.078800000000001E-06,3.1402E-07,-3.1364E-07
0.62,0.86,-7.1190000000000008E-06,-4.0831E-10,7.093200000000001E-06,3.1396E-07,-3.1361999999999997E-07
0.615,0.86,-8.3354000000000015E-06,-4.2936000000000006E-10,8.3255E-06,3.1403999999999997E-07,-3.1364E-07
0.61,0.86,-9.7285000000000018E-06,-4.5106000000000004E-10,9.7249E-06,3.1396E-07,-3.137E-07
0.605,0.86,-1.13688E-05,-4.724E-10,1.1373100000000001E-05,3.1403999999999997E-07,-3.137E-07
0.6,0.86,-1.3202E-05,-4.9376000000000006E-10,1.3214000000000001E-05,3.1402E-07,-3.137E-07
0.595,0.86,-1.548E-05,-5.206E-10,1.5504E-05,3.1406E-07,-3.137E-07
0.59000000000000008,0.86,-1.8106E-05,-5.4081E-10,1.8154E-05,3.141E-07,-3.1366E-07
0.58500000000000008,0.86,-2.1124E-05,-5.6679000000000007E-10,2.108E-05,3.1408E-07,-3.1374E-07
0.58000000000000007,0.86,-2.4538E-05,-5.8889E-10,2.4526000000000002E-05,3.1403999999999997E-07,-3.137E-07
0.57500000000000007,0.86,-2.8522000000000002E-05,-6.1528000000000007E-10,2.8526E-05,3.1403999999999997E-07,-3.1368E-07
0.57000000000000006,0.86,-3.3072000000000005E-05,-6.4333000000000009E-10,3.3140000000000005E-05,3.1398E-07,-3.1368E-07
0.56500000000000006,0.86,-3.8386E-05,-6.6717000000000009E-10,3.8382E-05,3.1403999999999997E-07,-3.1366E-07
0.56,0.86,-4.4566E-05,-6.9743E-10,4.4606E-05,3.1402E-07,-3.1361999999999997E-07
0.555,0.86,-5.1808E-05,-7.2245E-10,5.1674E-05,3.14E-07,-3.137E-07
0.55,0.86,-6.004E-05,-7.462400000000001E-10,6.0106000000000004E-05,3.1403999999999997E-07,-3.1361999999999997E-07
0.545,0.86,-6.9504E-05,-7.7829000000000011E-10,6.9482E-05,3.1403999999999997E-07,-3.1372E-07
0.54,0.86,-8.0468E-05,-8.0939E-10,8.0442E-05,3.1398E-07,-3.137E-07
0.535,0.86,-9.2916E-05,-8.418200000000001E-10,9.286E-05,3.1398E-07,-3.1358E-07
0.53,0.86,-0.00010744400000000001,-8.7519000000000006E-10,0.00010747,3.1403999999999997E-07,-3.137E-07
0.525,0.86,-0.00012330000000000002,-9.0339E-10,0.00012346000000000001,3.14E-07,-3.1364E-07
0.52,0.86,-0.00014202,-9.4011E-10,0.00014230000000000002,3.1396E-07,-3.1366E-07
0.515,0.86,-0.00016304,-9.6741E-10,0.00016348,3.1396E-07,-3.1366E-07
0.51,0.86,-0.00018752000000000002,-1.00615E-09,0.00018792,3.1403999999999997E-07,-3.1374E-07
0.505,0.86,-0.0002144,-1.04524E-09,0.00021470000000000002,3.1402E-07,-3.137E-07
0.5,0.86,-0.00024526,-1.0803100000000002E-09,0.0002457,3.1403999999999997E-07,-3.137E-07
0.49500000000000005,0.86,-0.0002788,-1.1154E-09,0.0002793,3.1403999999999997E-07,-3.1378E-07
0.49000000000000005,0.86,-0.0003173,-1.1578E-09,0.00031734,3.1408E-07,-3.1372E-07
0.48500000000000004,0.86,-0.00035856,-1.1996E-09,0.00035886,3.1402E-07,-3.137E-07
0.48000000000000004,0.86,-0.00040486000000000005,-1.2468E-09,0.00040524,3.1403999999999997E-07,-3.1372E-07
0.47500000000000003,0.86,-0.00045466,-1.2861E-09,0.00045502000000000004,3.1398E-07,-3.1378E-07
0.47000000000000003,0.86,-0.00050938,-1.3286E-09,0.00050992000000000008,3.1408E-07,-3.137E-07
0.465,0.86,-0.0005682,-1.374E-09,0.00056844,3.1398E-07,-3.1372E-07
0.46,0.86,-0.0006317,-1.422E-09,0.0006325,3.1403999999999997E-07,-3.1366E-07
0.455,0.86,-0.00069928,-1.4765E-09,0.00069966000000000006,3.1398E-07,-3.1374E-07
0.45,0.86,-0.00077202,-1.5231E-09,0.00077202,3.1403999999999997E-07,-3.136E-07
0.445,0.86,-0.00084746000000000008,-1.5774E-09,0.00084796,3.1406E-07,-3.1366E-07
0.44,0.86,-0.00092868000000000009,-1.6289E-09,0.00092894000000000006,3.1403999999999997E-07,-3.137E-07
0.435,0.86,-0.00101248,-1.6858E-09,0.00101184,3.14E-07,-3.137E-07
0.43,0.86,-0.00110036,-1.7434E-09,0.00110102,3.1398E-07,-3.1372E-07
0.42500000000000004,0.86,-0.0011904,-1.8032E-09,0.0011918,3.1403999999999997E-07,-3.1368E-07
0.42000000000000004,0.86,-0.0012852,-1.8601E-09,0.001286,3.1402E-07,-3.1364E-07
0.41500000000000004,0.86,-0.001381,-1.9245E-09,0.0013812,3.1403999999999997E-07,-3.1366E-07
0.41000000000000003,0.86,-0.0014806,-1.9865E-09,0.0014812,3.1408E-07,-3.1354E-07
0.405,0.86,-0.0015808,-2.0551E-09,0.0015818,3.1403999999999997E-07,-3.1366E-07
0.4,0.86,-0.0016842,-2.1325E-09,0.001685,3.1403999999999997E-07,-3.1372E-07
0.395,0.86,-0.0017868,-2.2043E-09,0.0017872,3.1408E-07,-3.1372E-07
0.39,0.86,-0.001892,-2.2811E-09,0.0018928,3.1402E-07,-3.137E-07
0.385,0.86,-0.0019964,-2.3539E-09,0.0019966,3.1402E-07,-3.1375999999999997E-07
0.38,0.86,-0.0021024,-2.433E-09,0.0021036,3.1392E-07,-3.1368E-07
0.375,0.86,-0.0022072,-2.5182E-09,0.0022072,3.1398E-07,-3.1368E-07
0.37,0.86,-0.002313,-2.6036E-09,0.0023134,3.1398E-07,-3.1372E-07
0.365,0.86,-0.0024172,-2.6888E-09,0.0024172,3.1398E-07,-3.137E-07
0.36000000000000004,0.86,-0.0025226,-2.7821E-09,0.0025222,3.14E-07,-3.137E-07
0.35500000000000004,0.86,-0.0026236000000000002,-2.8692E-09,0.0026238,3.1403999999999997E-07,-3.137E-07
0.35000000000000003,0.86,-0.0027270000000000003,-2.9658E-09,0.0027278,3.1392E-07,-3.137E-07
0.34500000000000003,0.86,-0.0028278,-3.0607E-09,0.0028276,3.1396E-07,-3.1366E-07
0.34,0.86,-0.002927,-3.1638E-09,0.0029278,3.1403999999999997E-07,-3.138E-07
0.335,0.86,-0.0030248000000000002,-3.2661E-09,0.003027,3.1398E-07,-3.1372E-07
0.33,0.86,-0.0031218,-3.3741E-09,0.0031228000000000002,3.1402E-07,-3.1372E-07
0.325,0.86,-0.0032162000000000002,-3.4901E-09,0.0032164,3.1402E-07,-3.1364E-07
0.32,0.86,-0.0033106,-3.6038E-09,0.0033104000000000002,3.14E-07,-3.1368E-07
0.315,0.86,-0.0034012,-3.7228E-09,0.0034014,3.14E-07,-3.1366E-07
0.31,0.86,-0.0034914,-3.8403E-09,0.0034922,3.1396E-07,-3.1368E-07
0.305,0.86,-0.0035754000000000003,-3.9537E-09,0.0035786,3.1394E-07,-3.1358E-07
0.3,0.86,-0.0036642000000000003,-4.0892E-09,0.0036648,3.1403999999999997E-07,-3.137E-07
0.29500000000000004,0.86,-0.0037476000000000002,-4.2228E-09,0.003748,3.1402E-07,-3.1372E-07
0.29000000000000004,0.86,-0.0038308,-4.3567E-09,0.0038308,3.1402E-07,-3.1375999999999997E-07
0.28500000000000003,0.86,-0.0039102,-4.4915E-09,0.0039104000000000005,3.1396E-07,-3.137E-07
0.28,0.86,-0.0039882,-4.6401E-09,0.0039882,3.14E-07,-3.1374E-07
0.275,0.86,-0.0040644,-4.7816E-09,0.0040656,3.1398E-07,-3.1372E-07
0.27,0.86,-0.004138,-4.9108E-09,0.0041400000000000005,3.1403999999999997E-07,-3.1372E-07
0.265,0.86,-0.0042102,-5.0659E-09,0.0042132,3.1398E-07,-3.137E-07
0.26,0.86,-0.0042822,-5.2234E-09,0.0042826,3.1406E-07,-3.1378E-07
0.255,0.86,-0.0043512,-5.3905E-09,0.0043522000000000005,3.14E-07,-3.137E-07
0.25,0.86,-0.0044182,-5.5521E-09,0.0044182,3.1402E-07,-3.1372E-07
0.24500000000000002,0.86,-0.004484,-5.7591E-09,0.0044848,3.1403999999999997E-07,-3.1375999999999997E-07
0.24000000000000002,0.86,-0.004546,-5.9343E-09,0.0045508,3.1403999999999997E-07,-3.1388E-07
0.23500000000000001,0.86,-0.00461,-6.1159E-09,0.0046116,3.1408E-07,-3.1374E-07
0.23,0.86,-0.0046728,-6.3061E-09,0.0046718,3.1403999999999997E-07,-3.1378E-07
0.225,0.86,-0.004731,-6.4956E-09,0.0047298,3.1402E-07,-3.1375999999999997E-07
0.22,0.86,-0.0047884,-6.6954E-09,0.0047874,3.14E-07,-3.137E-07
0.215,0.86,-0.0048438,-6.8962E-09,0.0048444000000000004,3.1392E-07,-3.1372E-07
0.21000000000000002,0.86,-0.0048992,-7.1023E-09,0.0049004,3.1402E-07,-3.1375999999999997E-07
0.20500000000000002,0.86,-0.004952,-7.308E-09,0.004953,3.1402E-07,-3.1375999999999997E-07
0.2,0.86,-0.0050044,-7.5297E-09,0.0050048,3.1392E-07,-3.1375999999999997E-07
0.195,0.86,-0.0050548,-7.7572E-09,0.0050572,3.1402E-07,-3.1374E-07
0.19,0.86,-0.0051018,-7.9783E-09,0.0051036,3.1403999999999997E-07,-3.1368E-07
0.185,0.86,-0.0051524,-8.2213E-09,0.005152,3.1396E-07,-3.1368E-07
0.18000000000000002,0.86,-0.0051982,-8.4571E-09,0.0051982,3.14E-07,-3.1375999999999997E-07
0.17500000000000002,0.86,-0.0052446,-8.704E-09,0.0052424,3.1414E-07,-3.137E-07
0.17,0.86,-0.0052882,-8.9525E-09,0.0052876,3.1402E-07,-3.1375999999999997E-07
0.165,0.86,-0.0053298,-9.2101E-09,0.0053332,3.1396E-07,-3.1366E-07
0.16,0.86,-0.0053734,-9.4745E-09,0.0053746,3.1396E-07,-3.1374E-07
0.155,0.86,-0.0054150000000000005,-9.7419E-09,0.0054158,3.1396E-07,-3.1372E-07
0.15,0.86,-0.0054544,-1.00062E-08,0.005455,3.14E-07,-3.137E-07
0.14500000000000002,0.86,-0.0054924,-1.02839E-08,0.0054942,3.1396E-07,-3.1372E-07
0.14,0.86,-0.0055320000000000005,-1.05866E-08,0.0055316,3.1398E-07,-3.1378E-07
0.135,0.86,-0.00557,-1.08818E-08,0.005569,3.1412E-07,-3.1382E-07
0.13,0.86,-0.0056064,-1.11815E-08,0.0056054,3.1408E-07,-3.1372E-07
0.125,0.86,-0.0056398,-1.14655E-08,0.0056404,3.1392E-07,-3.1374E-07
0.12000000000000001,0.86,-0.0056754,-1.17672E-08,0.0056756,3.1402E-07,-3.1375999999999997E-07
0.115,0.86,-0.0057088,-1.20878E-08,0.005708,3.14E-07,-3.1375999999999997E-07
0.11,0.86,-0.005743,-1.24438E-08,0.005742,3.1402E-07,-3.137E-07
0.10500000000000001,0.86,-0.0057744,-1.2790599999999998E-08,0.0057746,3.14E-07,-3.137E-07
0.1,0.86,-0.0058048,-1.3140199999999998E-08,0.005806,3.1403999999999997E-07,-3.1372E-07
0.095,0.86,-0.005837,-1.3488599999999999E-08,0.005834,3.1403999999999997E-07,-3.1374E-07
0.090000000000000011,0.86,-0.005867,-1.3851E-08,0.0058658,3.14E-07,-3.1372E-07
0.085,0.86,-0.0058938,-1.4216599999999999E-08,0.0058966,3.1402E-07,-3.1378E-07
0.08,0.86,-0.0059226,-1.4596799999999999E-08,0.0059242,3.14E-07,-3.1375999999999997E-07
0.075,0.86,-0.005953,-1.4978999999999998E-08,0.0059528,3.14E-07,-3.1375999999999997E-07
0.07,0.86,-0.0059786,-1.53732E-08,0.0059772,3.1396E-07,-3.1378E-07
0.065,0.86,-0.0060048,-1.5756E-08,0.0060074,3.1402E-07,-3.1372E-07
0.060000000000000005,0.86,-0.0060306000000000005,-1.61368E-08,0.0060298,3.14E-07,-3.1378E-07
0.055,0.86,-0.0060578,-1.65506E-08,0.0060568,3.1398E-07,-3.138E-07
0.05,0.86,-0.0060802,-1.7004799999999998E-08,0.0060804,3.141E-07,-3.1384E-07
0.045000000000000005,0.86,-0.0061048000000000005,-1.74408E-08,0.0061034,3.1402E-07,-3.1382E-07
0.04,0.86,-0.0061262,-1.7884799999999997E-08,0.0061264,3.1408E-07,-3.1382E-07
0.035,0.86,-0.0061494,-1.8343799999999998E-08,0.0061530000000000005,3.1402E-07,-3.1378E-07
0.030000000000000002,0.86,-0.0061724,-1.88072E-08,0.0061738,3.141E-07,-3.1375999999999997E-07
0.025,0.86,-0.006194,-1.9297199999999998E-08,0.0061966,3.1408E-07,-3.1378E-07
0.02,0.86,-0.0062178,-1.9795199999999997E-08,0.0062154,3.1394E-07,-3.137E-07
0.015000000000000001,0.86,-0.0062380000000000005,-2.02946E-08,0.0062394,3.1398E-07,-3.137E-07
0.01,0.86,-0.0062596,-2.0787799999999996E-08,0.0062608,3.14E-07,-3.1374E-07
0.005,0.86,-0.0062788,-2.1321E-08,0.0062806,3.14E-07,-3.1372E-07
0,0.86,-0.0062986000000000006,-2.18318E-08,0.0063,3.14E-07,-3.1384E-07
1.2,0.87,-3.6936E-10,3.0232000000000005E-10,-1.1193000000000001E-10,3.1398E-07,-3.1375999999999997E-07
1.195,0.87,-3.725E-10,2.8686000000000003E-10,-1.0311E-10,3.1388E-07,-3.137E-07
1.19,0.87,-3.6642E-10,2.7715E-10,-1.0490000000000001E-10,3.1386E-07,-3.1372E-07
1.185,0.87,-3.5715E-10,2.6089E-10,-1.0584E-10,3.1389999999999997E-07,-3.1372E-07
1.1800000000000002,0.87,-3.52E-10,2.4923000000000003E-10,-9.2270000000000008E-11,3.1386E-07,-3.1361999999999997E-07
1.175,0.87,-3.6244000000000004E-10,2.3956E-10,-9.239E-11,3.1389999999999997E-07,-3.1366E-07
1.1700000000000002,0.87,-3.5001E-10,2.2735000000000002E-10,-9.665000000000001E-11,3.1386E-07,-3.1358E-07
1.165,0.87,-3.4180000000000005E-10,2.1424000000000003E-10,-8.517E-11,3.1392E-07,-3.1375999999999997E-07
1.1600000000000001,0.87,-3.4628E-10,2.0619000000000001E-10,-8.0490000000000011E-11,3.1386E-07,-3.1366E-07
1.155,0.87,-3.3268000000000003E-10,1.9509000000000002E-10,-8.445E-11,3.1398E-07,-3.136E-07
1.1500000000000001,0.87,-3.3938E-10,1.8597E-10,-8.0470000000000007E-11,3.1396E-07,-3.1366E-07
1.145,0.87,-3.3074000000000004E-10,1.7683000000000002E-10,-6.954E-11,3.1389999999999997E-07,-3.1364E-07
1.1400000000000001,0.87,-3.3916000000000005E-10,1.7118000000000002E-10,-7.395E-11,3.1378E-07,-3.1364E-07
1.135,0.87,-3.3176E-10,1.6265E-10,-7.3760000000000012E-11,3.1392E-07,-3.1364E-07
1.1300000000000001,0.87,-3.1124E-10,1.5375E-10,-6.253E-11,3.1388E-07,-3.136E-07
1.125,0.87,-3.2566000000000004E-10,1.4892000000000001E-10,-6.184E-11,3.1392E-07,-3.1366E-07
1.12,0.87,-3.0699000000000004E-10,1.3858E-10,-6.6600000000000008E-11,3.1392E-07,-3.136E-07
1.115,0.87,-3.1900000000000004E-10,1.3185000000000002E-10,-5.7260000000000004E-11,3.1386E-07,-3.1364E-07
1.11,0.87,-3.1768000000000003E-10,1.251E-10,-5.0410000000000004E-11,3.1398E-07,-3.1364E-07
1.105,0.87,-3.0848E-10,1.1990000000000002E-10,-5.7890000000000006E-11,3.1392E-07,-3.136E-07
1.1,0.87,-3.1294E-10,1.1437000000000002E-10,-5.2090000000000004E-11,3.1389999999999997E-07,-3.1366E-07
1.095,0.87,-2.8955E-10,1.0735000000000001E-10,-4.4090000000000006E-11,3.1389999999999997E-07,-3.1366E-07
1.09,0.87,-3.1208E-10,1.0553000000000001E-10,-4.639E-11,3.1392E-07,-3.1366E-07
1.085,0.87,-2.9683E-10,9.6780000000000014E-11,-4.8850000000000004E-11,3.1394E-07,-3.136E-07
1.08,0.87,-2.9897E-10,9.359000000000001E-11,-3.744E-11,3.1392E-07,-3.136E-07
1.075,0.87,-3.0132E-10,8.8300000000000008E-11,-3.5750000000000006E-11,3.1389999999999997E-07,-3.1364E-07
1.07,0.87,-2.7981000000000004E-10,8.381E-11,-4.294E-11,3.1398E-07,-3.1366E-07
1.065,0.87,-2.9981E-10,7.874E-11,-3.124E-11,3.1396E-07,-3.1364E-07
1.06,0.87,-2.7844E-10,7.154E-11,-2.6580000000000003E-11,3.14E-07,-3.136E-07
1.0550000000000002,0.87,-3.0448E-10,7.122E-11,-3.2170000000000004E-11,3.1396E-07,-3.1361999999999997E-07
1.05,0.87,-2.9748000000000004E-10,6.6290000000000011E-11,-2.8620000000000004E-11,3.1386E-07,-3.1358E-07
1.0450000000000002,0.87,-2.8697000000000004E-10,6.57E-11,-1.799E-11,3.1388E-07,-3.137E-07
1.04,0.87,-2.8972E-10,6.189E-11,-1.8840000000000003E-11,3.1394E-07,-3.1366E-07
1.0350000000000001,0.87,-2.6489E-10,5.5380000000000007E-11,-2.338E-11,3.1389999999999997E-07,-3.137E-07
1.03,0.87,-2.9464000000000003E-10,4.963E-11,-8.01E-12,3.1392E-07,-3.1368E-07
1.0250000000000001,0.87,-3.024E-10,4.855E-11,-6.61E-12,3.1384E-07,-3.1368E-07
1.02,0.87,-3.0588000000000003E-10,4.8780000000000005E-11,-1.1010000000000001E-11,3.1396E-07,-3.137E-07
1.0150000000000001,0.87,-2.9084E-10,4.5060000000000004E-11,-8.2E-13,3.1394E-07,-3.1368E-07
1.01,0.87,-2.6426000000000003E-10,4.0990000000000005E-11,6.4900000000000008E-12,3.1394E-07,-3.1366E-07
1.0050000000000001,0.87,-2.9044000000000003E-10,3.561E-11,6.2200000000000006E-12,3.1394E-07,-3.137E-07
1,0.87,-3.0002E-10,2.939E-11,8.05E-12,3.1392E-07,-3.1366E-07
0.995,0.87,-3.2851000000000004E-10,3.121E-11,2.5410000000000003E-11,3.1388E-07,-3.137E-07
0.9900000000000001,0.87,-3.1527000000000004E-10,3.215E-11,2.8030000000000002E-11,3.1396E-07,-3.1372E-07
0.9850000000000001,0.87,-2.9249000000000004E-10,3.125E-11,2.916E-11,3.1386E-07,-3.1361999999999997E-07
0.98000000000000009,0.87,-3.0537E-10,2.7000000000000004E-11,4.9430000000000004E-11,3.1398E-07,-3.1366E-07
0.97500000000000009,0.87,-3.2278000000000005E-10,2.3460000000000002E-11,5.85E-11,3.1389999999999997E-07,-3.1366E-07
0.97000000000000008,0.87,-3.6735000000000003E-10,2.2950000000000002E-11,6.5820000000000012E-11,3.1392E-07,-3.1372E-07
0.96500000000000008,0.87,-3.6339E-10,2.0730000000000002E-11,8.103E-11,3.1396E-07,-3.1366E-07
0.96000000000000008,0.87,-3.6567000000000004E-10,2.3720000000000003E-11,1.0625000000000001E-10,3.1402E-07,-3.1372E-07
0.95500000000000007,0.87,-3.7215000000000005E-10,2.0020000000000002E-11,1.1779000000000001E-10,3.1398E-07,-3.1378E-07
0.95000000000000007,0.87,-3.8992000000000003E-10,1.3570000000000001E-11,1.367E-10,3.14E-07,-3.1372E-07
0.94500000000000006,0.87,-4.4761E-10,9.390000000000001E-12,1.7557000000000002E-10,3.1392E-07,-3.137E-07
0.94000000000000006,0.87,-4.8125000000000007E-10,7.1900000000000007E-12,2.016E-10,3.1398E-07,-3.1366E-07
0.935,0.87,-5.1201000000000008E-10,8.5900000000000012E-12,2.3544E-10,3.14E-07,-3.1366E-07
0.93,0.87,-5.2691E-10,7.2800000000000013E-12,2.8035E-10,3.14E-07,-3.1368E-07
0.925,0.87,-5.7817000000000008E-10,1.301E-11,3.3678000000000005E-10,3.1396E-07,-3.1372E-07
0.92,0.87,-6.4695E-10,1.3060000000000001E-11,3.8796E-10,3.1394E-07,-3.1374E-07
0.915,0.87,-7.2069E-10,1.087E-11,4.519E-10,3.1386E-07,-3.1364E-07
0.91,0.87,-8.1228E-10,6.2200000000000006E-12,5.4514E-10,3.14E-07,-3.1364E-07
0.905,0.87,-8.8369000000000008E-10,1.55E-12,6.362E-10,3.1389999999999997E-07,-3.1354E-07
0.9,0.87,-1.00021E-09,3.4E-13,7.4386000000000006E-10,3.1392E-07,-3.1366E-07
0.895,0.87,-1.1333900000000002E-09,-9.4E-13,8.8009000000000011E-10,3.1402E-07,-3.1372E-07
0.89,0.87,-1.2877E-09,2.5E-13,1.04057E-09,3.1398E-07,-3.1368E-07
0.885,0.87,-1.4706E-09,-2.01E-12,1.2218E-09,3.1389999999999997E-07,-3.1372E-07
0.88,0.87,-1.6783E-09,1.0600000000000001E-12,1.4334E-09,3.1388E-07,-3.1361999999999997E-07
0.875,0.87,-1.9323E-09,1.36E-12,1.6734E-09,3.1386E-07,-3.1364E-07
0.87,0.87,-2.2001E-09,-4.3000000000000004E-13,1.985E-09,3.1394E-07,-3.1364E-07
0.865,0.87,-2.5785E-09,-3.1400000000000004E-12,2.3262E-09,3.1389999999999997E-07,-3.1361999999999997E-07
0.86,0.87,-2.9841E-09,-3.95E-12,2.7249E-09,3.1396E-07,-3.1368E-07
0.85500000000000009,0.87,-3.4454E-09,-9.6000000000000011E-12,3.2014E-09,3.1384E-07,-3.1366E-07
0.85000000000000009,0.87,-4.0298E-09,-1.3260000000000001E-11,3.8041E-09,3.1394E-07,-3.1366E-07
0.84500000000000008,0.87,-4.655E-09,-1.7670000000000002E-11,4.4301E-09,3.1389999999999997E-07,-3.1375999999999997E-07
0.84000000000000008,0.87,-5.4814E-09,-1.7200000000000003E-11,5.2233E-09,3.1398E-07,-3.1364E-07
0.83500000000000008,0.87,-6.3776E-09,-1.9150000000000003E-11,6.1358E-09,3.1396E-07,-3.1366E-07
0.83000000000000007,0.87,-7.4387999999999996E-09,-1.808E-11,7.2086E-09,3.1396E-07,-3.1366E-07
0.82500000000000007,0.87,-8.6674E-09,-1.601E-11,8.4509E-09,3.1392E-07,-3.136E-07
0.82000000000000006,0.87,-1.01041E-08,-1.7450000000000002E-11,9.8981E-09,3.1396E-07,-3.136E-07
0.81500000000000006,0.87,-1.1527199999999999E-08,-2.4190000000000003E-11,1.12889E-08,3.1386E-07,-3.1372E-07
0.81,0.87,-1.3460399999999998E-08,-2.7480000000000002E-11,1.3273199999999998E-08,3.1386E-07,-3.137E-07
0.805,0.87,-1.5855599999999998E-08,-3.0280000000000004E-11,1.5686399999999997E-08,3.1396E-07,-3.1364E-07
0.8,0.87,-1.8818199999999998E-08,-3.0970000000000004E-11,1.8659E-08,3.1398E-07,-3.1368E-07
0.795,0.87,-2.2219199999999996E-08,-3.299E-11,2.2084599999999997E-08,3.1402E-07,-3.138E-07
0.79,0.87,-2.6038599999999997E-08,-3.5590000000000003E-11,2.5858999999999997E-08,3.1389999999999997E-07,-3.1366E-07
0.785,0.87,-3.0637199999999996E-08,-4.0740000000000006E-11,3.05764E-08,3.1394E-07,-3.1364E-07
0.78,0.87,-3.5993799999999994E-08,-3.995E-11,3.5853199999999994E-08,3.1392E-07,-3.137E-07
0.775,0.87,-4.23064E-08,-4.5640000000000003E-11,4.1944599999999994E-08,3.1392E-07,-3.1361999999999997E-07
0.77,0.87,-4.9475199999999996E-08,-5.1450000000000007E-11,4.9293599999999996E-08,3.1389999999999997E-07,-3.1368E-07
0.765,0.87,-5.8303199999999994E-08,-5.5190000000000005E-11,5.8040199999999993E-08,3.1392E-07,-3.1364E-07
0.76,0.87,-6.83668E-08,-6.11E-11,6.82924E-08,3.1396E-07,-3.1356E-07
0.755,0.87,-8.0103599999999992E-08,-6.7400000000000008E-11,8.0342399999999988E-08,3.1394E-07,-3.137E-07
0.75,0.87,-9.540579999999999E-08,-6.9800000000000007E-11,9.4641399999999989E-08,3.1389999999999997E-07,-3.1366E-07
0.745,0.87,-1.1243919999999999E-07,-7.962E-11,1.123348E-07,3.1392E-07,-3.1361999999999997E-07
0.74,0.87,-1.3204E-07,-8.6140000000000012E-11,1.325E-07,3.1382E-07,-3.137E-07
0.735,0.87,-1.5446E-07,-9.4690000000000011E-11,1.5524E-07,3.1392E-07,-3.1364E-07
0.73,0.87,-1.81E-07,-9.983E-11,1.8318E-07,3.1389999999999997E-07,-3.1374E-07
0.72500000000000009,0.87,-2.1632E-07,-1.1116000000000001E-10,2.1318E-07,3.1394E-07,-3.136E-07
0.72000000000000008,0.87,-2.518E-07,-1.1965000000000002E-10,2.5086E-07,3.1392E-07,-3.1364E-07
0.71500000000000008,0.87,-2.9608E-07,-1.2578E-10,2.982E-07,3.1396E-07,-3.136E-07
0.71000000000000008,0.87,-3.4778E-07,-1.3854000000000002E-10,3.488E-07,3.1386E-07,-3.1364E-07
0.70500000000000007,0.87,-4.1158E-07,-1.4892000000000001E-10,4.1318E-07,3.1389999999999997E-07,-3.136E-07
0.70000000000000007,0.87,-4.8082E-07,-1.6065E-10,4.8254E-07,3.1394E-07,-3.1366E-07
0.69500000000000006,0.87,-5.6586E-07,-1.6870000000000002E-10,5.6688E-07,3.14E-07,-3.1356E-07
0.69000000000000006,0.87,-6.6774E-07,-1.8319000000000002E-10,6.6607999999999994E-07,3.1402E-07,-3.1372E-07
0.685,0.87,-7.8422E-07,-1.9562000000000002E-10,7.8664E-07,3.1392E-07,-3.1364E-07
0.68,0.87,-9.1568E-07,-2.0814000000000002E-10,9.1466E-07,3.1389999999999997E-07,-3.1354E-07
0.675,0.87,-1.0756E-06,-2.2752E-10,1.07554E-06,3.1396E-07,-3.1364E-07
0.67,0.87,-1.2629000000000002E-06,-2.3968E-10,1.2696E-06,3.1389999999999997E-07,-3.137E-07
0.665,0.87,-1.4943000000000003E-06,-2.5471000000000004E-10,1.4895E-06,3.1389999999999997E-07,-3.136E-07
0.66,0.87,-1.7513E-06,-2.6934E-10,1.7396000000000003E-06,3.1389999999999997E-07,-3.1364E-07
0.655,0.87,-2.0581000000000003E-06,-2.8741000000000004E-10,2.0703000000000003E-06,3.1398E-07,-3.1361999999999997E-07
0.65,0.87,-2.4383000000000004E-06,-3.0771E-10,2.4333E-06,3.1402E-07,-3.1364E-07
0.645,0.87,-2.8640000000000004E-06,-3.2320000000000003E-10,2.8729000000000005E-06,3.138E-07,-3.137E-07
0.64,0.87,-3.3750000000000003E-06,-3.4398000000000004E-10,3.3570000000000002E-06,3.1388E-07,-3.1364E-07
0.635,0.87,-3.9389000000000005E-06,-3.5934E-10,3.9610000000000007E-06,3.1394E-07,-3.1364E-07
0.63,0.87,-4.6524000000000006E-06,-3.7769E-10,4.6472E-06,3.1398E-07,-3.1368E-07
0.625,0.87,-5.4581E-06,-3.9920000000000003E-10,5.4613000000000005E-06,3.1398E-07,-3.138E-07
0.62,0.87,-6.3574E-06,-4.2303000000000004E-10,6.3893000000000008E-06,3.1389999999999997E-07,-3.1368E-07
0.615,0.87,-7.4299000000000006E-06,-4.4704000000000004E-10,7.4499000000000004E-06,3.1398E-07,-3.1364E-07
0.61,0.87,-8.6099E-06,-4.6849E-10,8.6731000000000017E-06,3.14E-07,-3.1366E-07
0.605,0.87,-1.0125200000000001E-05,-4.8974E-10,1.0162E-05,3.1394E-07,-3.1364E-07
0.6,0.87,-1.1732E-05,-5.1371000000000008E-10,1.1930000000000001E-05,3.1396E-07,-3.1364E-07
0.595,0.87,-1.3736E-05,-5.3432000000000007E-10,1.3792000000000001E-05,3.1386E-07,-3.1364E-07
0.59000000000000008,0.87,-1.6086E-05,-5.6087E-10,1.6116E-05,3.1396E-07,-3.137E-07
0.58500000000000008,0.87,-1.86E-05,-5.8222000000000008E-10,1.8678E-05,3.1389999999999997E-07,-3.136E-07
0.58000000000000007,0.87,-2.1606E-05,-6.0558000000000009E-10,2.1674E-05,3.1398E-07,-3.1368E-07
0.57500000000000007,0.87,-2.5134E-05,-6.341100000000001E-10,2.5218E-05,3.1392E-07,-3.1366E-07
0.57000000000000006,0.87,-2.925E-05,-6.5969E-10,2.915E-05,3.1398E-07,-3.136E-07
0.56500000000000006,0.87,-3.3802E-05,-6.894E-10,3.3746E-05,3.1392E-07,-3.137E-07
0.56,0.87,-3.9196E-05,-7.135400000000001E-10,3.9192E-05,3.1394E-07,-3.1372E-07
0.555,0.87,-4.5194E-05,-7.3978000000000011E-10,4.5124000000000004E-05,3.1389999999999997E-07,-3.1366E-07
0.55,0.87,-5.2088E-05,-7.7199E-10,5.2328000000000004E-05,3.1389999999999997E-07,-3.1356E-07
0.545,0.87,-6.0274E-05,-8.0022000000000006E-10,6.0066000000000004E-05,3.1389999999999997E-07,-3.1361999999999997E-07
0.54,0.87,-6.9562000000000009E-05,-8.3305E-10,6.9422E-05,3.1402E-07,-3.1366E-07
0.535,0.87,-8.0154E-05,-8.6600000000000011E-10,8.0130000000000007E-05,3.1396E-07,-3.1366E-07
0.53,0.87,-9.2478E-05,-8.9659000000000011E-10,9.2474000000000009E-05,3.1389999999999997E-07,-3.137E-07
0.525,0.87,-0.000106396,-9.2600000000000011E-10,0.000106228,3.1402E-07,-3.1375999999999997E-07
0.52,0.87,-0.00012224,-9.6754000000000016E-10,0.0001225,3.1398E-07,-3.1372E-07
0.515,0.87,-0.00014014,-9.9862E-10,0.00014048,3.1396E-07,-3.1366E-07
0.51,0.87,-0.00016066,-1.03984E-09,0.00016078000000000002,3.1392E-07,-3.137E-07
0.505,0.87,-0.00018366000000000001,-1.07258E-09,0.00018364000000000002,3.1396E-07,-3.1364E-07
0.5,0.87,-0.00020902,-1.11325E-09,0.00020966000000000002,3.1389999999999997E-07,-3.1368E-07
0.49500000000000005,0.87,-0.00023746000000000002,-1.152E-09,0.00023772000000000002,3.1389999999999997E-07,-3.1364E-07
0.49000000000000005,0.87,-0.00026944,-1.196E-09,0.00026926,3.1392E-07,-3.1364E-07
0.48500000000000004,0.87,-0.00030342,-1.2382E-09,0.00030398,3.1396E-07,-3.137E-07
0.48000000000000004,0.87,-0.00034194,-1.2789E-09,0.00034214,3.1392E-07,-3.1366E-07
0.47500000000000003,0.87,-0.00038284,-1.3209E-09,0.00038332000000000004,3.1396E-07,-3.137E-07
0.47000000000000003,0.87,-0.00042822000000000004,-1.3681E-09,0.00042872,3.1392E-07,-3.1368E-07
0.465,0.87,-0.00047606000000000005,-1.418E-09,0.00047676,3.1384E-07,-3.1374E-07
0.46,0.87,-0.00052834000000000008,-1.467E-09,0.00052868,3.1394E-07,-3.137E-07
0.455,0.87,-0.00058320000000000008,-1.5225E-09,0.00058312,3.1392E-07,-3.1354E-07
0.45,0.87,-0.00064132,-1.5714E-09,0.00064218,3.1389999999999997E-07,-3.1364E-07
0.445,0.87,-0.00070276000000000008,-1.6248E-09,0.00070276000000000008,3.1392E-07,-3.1375999999999997E-07
0.44,0.87,-0.00076688000000000006,-1.6806E-09,0.00076654,3.1398E-07,-3.1366E-07
0.435,0.87,-0.00083388000000000006,-1.7358E-09,0.00083396,3.1394E-07,-3.1366E-07
0.43,0.87,-0.00090334000000000009,-1.8155E-09,0.00090376000000000009,3.1394E-07,-3.1366E-07
0.42500000000000004,0.87,-0.00097468,-1.8896999999999998E-09,0.00097492000000000011,3.1398E-07,-3.1366E-07
0.42000000000000004,0.87,-0.0010482,-1.9329E-09,0.0010492000000000001,3.1389999999999997E-07,-3.1368E-07
0.41500000000000004,0.87,-0.0011240800000000002,-1.9459E-09,0.00112458,3.1389999999999997E-07,-3.1366E-07
0.41000000000000003,0.87,-0.0012012,-2.0607E-09,0.0012008000000000001,3.1394E-07,-3.1368E-07
0.405,0.87,-0.0012782,-2.1262E-09,0.0012784,3.1392E-07,-3.1372E-07
0.4,0.87,-0.0013578,-2.2137E-09,0.0013582,3.1386E-07,-3.1366E-07
0.395,0.87,-0.0014364,-2.2714E-09,0.0014376,3.1389999999999997E-07,-3.1366E-07
0.39,0.87,-0.0015176,-2.3444E-09,0.001518,3.1396E-07,-3.1361999999999997E-07
0.385,0.87,-0.0015966,-2.4155E-09,0.0015976,3.1389999999999997E-07,-3.1366E-07
0.38,0.87,-0.0016772,-2.4977999999999998E-09,0.0016774000000000001,3.1386E-07,-3.137E-07
0.375,0.87,-0.0017562,-2.6055E-09,0.0017566,3.1394E-07,-3.1372E-07
0.37,0.87,-0.0018368,-2.6983E-09,0.0018364,3.1389999999999997E-07,-3.1364E-07
0.365,0.87,-0.0019142,-2.7625E-09,0.0019156,3.1392E-07,-3.137E-07
0.36000000000000004,0.87,-0.0019928,-2.8469E-09,0.0019948,3.1384E-07,-3.1364E-07
0.35500000000000004,0.87,-0.0020696,-2.9479E-09,0.0020706,3.1384E-07,-3.136E-07
0.35000000000000003,0.87,-0.0021472,-3.0684E-09,0.002148,3.1382E-07,-3.1364E-07
0.34500000000000003,0.87,-0.0022212,-3.1716E-09,0.0022224000000000002,3.14E-07,-3.1366E-07
0.34,0.87,-0.0022968,-3.2717E-09,0.0022966,3.1392E-07,-3.1364E-07
0.335,0.87,-0.0023686000000000002,-3.3729E-09,0.0023694000000000002,3.1389999999999997E-07,-3.1361999999999997E-07
0.33,0.87,-0.0024404,-3.4935E-09,0.0024408,3.1389999999999997E-07,-3.1372E-07
0.325,0.87,-0.00251,-3.6112E-09,0.002511,3.138E-07,-3.1358E-07
0.32,0.87,-0.0025796,-3.7061E-09,0.0025798,3.1382E-07,-3.137E-07
0.315,0.87,-0.0026456,-3.8349E-09,0.0026472,3.1392E-07,-3.1364E-07
0.31,0.87,-0.0027124000000000002,-3.9696E-09,0.0027132000000000002,3.1389999999999997E-07,-3.1372E-07
0.305,0.87,-0.0027782,-4.1032E-09,0.002778,3.1388E-07,-3.1364E-07
0.3,0.87,-0.0028414,-4.2361E-09,0.0028414,3.1382E-07,-3.1366E-07
0.29500000000000004,0.87,-0.0029022,-4.3658E-09,0.0029028,3.1389999999999997E-07,-3.137E-07
0.29000000000000004,0.87,-0.0029644,-4.5064E-09,0.0029648,3.1388E-07,-3.1366E-07
0.28500000000000003,0.87,-0.0030226,-4.6489E-09,0.0030218000000000003,3.1389999999999997E-07,-3.1364E-07
0.28,0.87,-0.0030796,-4.7684E-09,0.0030800000000000003,3.1392E-07,-3.1364E-07
0.275,0.87,-0.003135,-4.9194E-09,0.0031358000000000002,3.1396E-07,-3.1364E-07
0.27,0.87,-0.0031896,-5.0754E-09,0.0031888,3.1384E-07,-3.1364E-07
0.265,0.87,-0.0032436,-5.2372E-09,0.0032430000000000002,3.1384E-07,-3.1358E-07
0.26,0.87,-0.003295,-5.4029E-09,0.0032944000000000003,3.1389999999999997E-07,-3.1372E-07
0.255,0.87,-0.0033458,-5.5662E-09,0.0033456000000000002,3.1392E-07,-3.1372E-07
0.25,0.87,-0.0033944,-5.7343E-09,0.0033964,3.1384E-07,-3.137E-07
0.24500000000000002,0.87,-0.003443,-5.907E-09,0.0034424,3.1394E-07,-3.1374E-07
0.24000000000000002,0.87,-0.0034888000000000002,-6.1391E-09,0.003489,3.1392E-07,-3.137E-07
0.23500000000000001,0.87,-0.0035354,-6.3289E-09,0.003536,3.1392E-07,-3.1368E-07
0.23,0.87,-0.0035804,-6.52E-09,0.0035796,3.1389999999999997E-07,-3.1372E-07
0.225,0.87,-0.0036226,-6.7117E-09,0.0036238,3.1392E-07,-3.1368E-07
0.22,0.87,-0.0036654,-6.9132E-09,0.0036658,3.1386E-07,-3.1374E-07
0.215,0.87,-0.0037072,-7.1195E-09,0.0037078000000000002,3.1392E-07,-3.137E-07
0.21000000000000002,0.87,-0.0037472,-7.3329E-09,0.0037464,3.1392E-07,-3.1366E-07
0.20500000000000002,0.87,-0.0037848,-7.5513E-09,0.0037868,3.1389999999999997E-07,-3.1361999999999997E-07
0.2,0.87,-0.0038236,-7.7803E-09,0.0038222,3.1386E-07,-3.1361999999999997E-07
0.195,0.87,-0.0038612,-8.0103E-09,0.0038612,3.1396E-07,-3.1366E-07
0.19,0.87,-0.0038966,-8.23E-09,0.0038976,3.1389999999999997E-07,-3.1375999999999997E-07
0.185,0.87,-0.0039308,-8.4749E-09,0.0039328,3.1394E-07,-3.1368E-07
0.18000000000000002,0.87,-0.0039682,-8.728E-09,0.0039668,3.1396E-07,-3.1368E-07
0.17500000000000002,0.87,-0.0039996,-8.9783E-09,0.0039986,3.1398E-07,-3.1366E-07
0.17,0.87,-0.0040296,-9.2357E-09,0.0040322,3.1389999999999997E-07,-3.1368E-07
0.165,0.87,-0.0040634,-9.4872E-09,0.0040638,3.1386E-07,-3.1372E-07
0.16,0.87,-0.0040952,-9.7628E-09,0.0040956000000000005,3.1392E-07,-3.1366E-07
0.155,0.87,-0.0041228,-1.00321E-08,0.0041252,3.1392E-07,-3.1372E-07
0.15,0.87,-0.0041558,-1.03151E-08,0.0041546000000000005,3.1392E-07,-3.137E-07
0.14500000000000002,0.87,-0.0041824,-1.0616E-08,0.0041826,3.1398E-07,-3.1366E-07
0.14,0.87,-0.0042102,-1.09034E-08,0.0042112,3.1394E-07,-3.1366E-07
0.135,0.87,-0.0042378,-1.11978E-08,0.004239,3.1396E-07,-3.1368E-07
0.13,0.87,-0.004265,-1.1492799999999998E-08,0.0042642,3.1398E-07,-3.1375999999999997E-07
0.125,0.87,-0.0042906,-1.1829E-08,0.00429,3.1396E-07,-3.137E-07
0.12000000000000001,0.87,-0.0043168,-1.21332E-08,0.0043168,3.1396E-07,-3.1375999999999997E-07
0.115,0.87,-0.004341,-1.2469599999999998E-08,0.004341,3.1396E-07,-3.137E-07
0.11,0.87,-0.0043628,-1.2810999999999998E-08,0.0043648,3.1389999999999997E-07,-3.137E-07
0.10500000000000001,0.87,-0.0043878,-1.31524E-08,0.0043896000000000004,3.1386E-07,-3.1364E-07
0.1,0.87,-0.0044126,-1.3518599999999998E-08,0.0044132,3.1392E-07,-3.137E-07
0.095,0.87,-0.004431,-1.38536E-08,0.0044342,3.1384E-07,-3.1366E-07
0.090000000000000011,0.87,-0.0044574,-1.42286E-08,0.0044566,3.1392E-07,-3.1366E-07
0.085,0.87,-0.0044756,-1.4595999999999999E-08,0.0044772,3.1392E-07,-3.1361999999999997E-07
0.08,0.87,-0.0044976,-1.49508E-08,0.004498,3.1389999999999997E-07,-3.136E-07
0.075,0.87,-0.0045184,-1.53338E-08,0.004517,3.1394E-07,-3.1372E-07
0.07,0.87,-0.0045390000000000005,-1.5741399999999997E-08,0.004538,3.1396E-07,-3.1366E-07
0.065,0.87,-0.0045572,-1.6197399999999998E-08,0.0045578,3.1382E-07,-3.1364E-07
0.060000000000000005,0.87,-0.0045746,-1.6596E-08,0.0045766,3.1396E-07,-3.1366E-07
0.055,0.87,-0.0045952,-1.7011399999999998E-08,0.0045944,3.1388E-07,-3.1364E-07
0.05,0.87,-0.0046122,-1.7449999999999997E-08,0.0046162,3.1388E-07,-3.1366E-07
0.045000000000000005,0.87,-0.0046296,-1.7905799999999997E-08,0.0046308,3.1388E-07,-3.1372E-07
0.04,0.87,-0.0046466,-1.8399399999999997E-08,0.004648,3.1389999999999997E-07,-3.137E-07
0.035,0.87,-0.0046662,-1.8849399999999997E-08,0.004666,3.1392E-07,-3.1372E-07
0.030000000000000002,0.87,-0.0046788,-1.9318599999999997E-08,0.0046802,3.1389999999999997E-07,-3.1364E-07
0.025,0.87,-0.0046976,-1.9797399999999997E-08,0.0046964,3.1388E-07,-3.1364E-07
0.02,0.87,-0.0047138,-2.03036E-08,0.0047142,3.1396E-07,-3.1366E-07
0.015000000000000001,0.87,-0.0047282,-2.0807399999999997E-08,0.0047312000000000005,3.1388E-07,-3.1358E-07
0.01,0.87,-0.004744,-2.1327799999999997E-08,0.0047454,3.1389999999999997E-07,-3.1366E-07
0.005,0.87,-0.0047608,-2.1850199999999998E-08,0.0047562,3.1392E-07,-3.1366E-07
0,0.87,-0.004772,-2.2393799999999998E-08,0.0047744,3.1394E-07,-3.1366E-07
1.2,0.88,-2.7838E-10,2.9540000000000003E-10,-1.1192000000000001E-10,3.138E-07,-3.1364E-07
1.195,0.88,-2.9086E-10,2.7907E-10,-1.1294000000000001E-10,3.1378E-07,-3.1366E-07
1.19,0.88,-2.8746E-10,2.5985000000000004E-10,-1.0150000000000001E-10,3.138E-07,-3.1372E-07
1.185,0.88,-2.6362E-10,2.4982E-10,-9.8990000000000012E-11,3.1384E-07,-3.1368E-07
1.1800000000000002,0.88,-2.7379000000000004E-10,2.4123E-10,-1.0002000000000001E-10,3.1384E-07,-3.1366E-07
1.175,0.88,-2.5646E-10,2.3044E-10,-9.702E-11,3.1372E-07,-3.1364E-07
1.1700000000000002,0.88,-2.6961E-10,2.2553000000000002E-10,-8.551000000000001E-11,3.1396E-07,-3.1372E-07
1.165,0.88,-2.6394E-10,2.1342000000000002E-10,-8.9180000000000009E-11,3.1382E-07,-3.1366E-07
1.1600000000000001,0.88,-2.4743000000000004E-10,1.9833000000000003E-10,-8.798E-11,3.138E-07,-3.136E-07
1.155,0.88,-2.591E-10,1.8713E-10,-7.3300000000000008E-11,3.1372E-07,-3.137E-07
1.1500000000000001,0.88,-2.4165000000000004E-10,1.7698000000000002E-10,-8.074000000000001E-11,3.1382E-07,-3.1364E-07
1.145,0.88,-2.5012E-10,1.6785000000000002E-10,-7.758E-11,3.1382E-07,-3.1368E-07
1.1400000000000001,0.88,-2.4322E-10,1.6117000000000002E-10,-6.94E-11,3.138E-07,-3.1364E-07
1.135,0.88,-2.3903E-10,1.5818000000000002E-10,-6.684E-11,3.1384E-07,-3.1366E-07
1.1300000000000001,0.88,-2.4279E-10,1.5047000000000002E-10,-7.018000000000001E-11,3.138E-07,-3.1374E-07
1.125,0.88,-2.2589E-10,1.4083000000000002E-10,-6.473E-11,3.1384E-07,-3.1368E-07
1.12,0.88,-2.3766000000000004E-10,1.3353E-10,-5.3360000000000004E-11,3.1386E-07,-3.1364E-07
1.115,0.88,-2.2884E-10,1.2668000000000002E-10,-6.326000000000001E-11,3.1389999999999997E-07,-3.1364E-07
1.11,0.88,-2.3181000000000003E-10,1.19E-10,-5.6360000000000006E-11,3.1389999999999997E-07,-3.1378E-07
1.105,0.88,-2.2804000000000002E-10,1.1516E-10,-4.8050000000000005E-11,3.1392E-07,-3.137E-07
1.1,0.88,-2.1917E-10,1.1052000000000001E-10,-5.0940000000000007E-11,3.1389999999999997E-07,-3.137E-07
1.095,0.88,-2.2196000000000003E-10,1.0274000000000001E-10,-5.1230000000000007E-11,3.1386E-07,-3.1372E-07
1.09,0.88,-2.1903000000000002E-10,9.65E-11,-4.3650000000000006E-11,3.1388E-07,-3.137E-07
1.085,0.88,-2.2991E-10,9.221000000000001E-11,-3.903E-11,3.1389999999999997E-07,-3.137E-07
1.08,0.88,-2.1913000000000002E-10,8.66E-11,-4.5570000000000004E-11,3.1389999999999997E-07,-3.1366E-07
1.075,0.88,-2.1121000000000001E-10,8.3830000000000009E-11,-3.761E-11,3.1388E-07,-3.1364E-07
1.07,0.88,-2.1337E-10,8.2750000000000012E-11,-3.037E-11,3.1386E-07,-3.1366E-07
1.065,0.88,-2.0769E-10,7.755E-11,-3.671E-11,3.1384E-07,-3.1366E-07
1.06,0.88,-2.091E-10,7.1700000000000008E-11,-3.234E-11,3.1388E-07,-3.1364E-07
1.0550000000000002,0.88,-2.1714E-10,6.509E-11,-2.5610000000000003E-11,3.1384E-07,-3.137E-07
1.05,0.88,-2.1532E-10,6.049E-11,-2.5150000000000002E-11,3.1378E-07,-3.1366E-07
1.0450000000000002,0.88,-2.1352000000000003E-10,5.7630000000000005E-11,-2.8560000000000003E-11,3.1374E-07,-3.1364E-07
1.04,0.88,-2.0142000000000001E-10,5.3560000000000007E-11,-1.9380000000000002E-11,3.1384E-07,-3.1366E-07
1.0350000000000001,0.88,-2.053E-10,5.3490000000000007E-11,-1.432E-11,3.138E-07,-3.1372E-07
1.03,0.88,-2.0992E-10,5.204E-11,-2.012E-11,3.1382E-07,-3.136E-07
1.0250000000000001,0.88,-2.0663000000000001E-10,4.7770000000000007E-11,-1.229E-11,3.1388E-07,-3.1366E-07
1.02,0.88,-2.1499000000000003E-10,4.2910000000000004E-11,-4.7500000000000006E-12,3.138E-07,-3.1358E-07
1.0150000000000001,0.88,-2.1250000000000002E-10,4.0450000000000006E-11,-6.9800000000000006E-12,3.1372E-07,-3.137E-07
1.01,0.88,-2.0844E-10,3.635E-11,-5.1600000000000006E-12,3.1378E-07,-3.1366E-07
1.0050000000000001,0.88,-2.1034000000000002E-10,3.5E-11,7.17E-12,3.1384E-07,-3.1366E-07
1,0.88,-2.1418E-10,3.495E-11,8.13E-12,3.1384E-07,-3.1358E-07
0.995,0.88,-2.2445E-10,2.991E-11,8.01E-12,3.1378E-07,-3.1364E-07
0.9900000000000001,0.88,-2.2348000000000001E-10,2.793E-11,2.1130000000000002E-11,3.1384E-07,-3.1358E-07
0.9850000000000001,0.88,-2.3542E-10,2.932E-11,2.7630000000000002E-11,3.1382E-07,-3.1364E-07
0.98000000000000009,0.88,-2.2912E-10,2.613E-11,2.875E-11,3.1382E-07,-3.1366E-07
0.97500000000000009,0.88,-2.3363E-10,2.3740000000000003E-11,4.0510000000000004E-11,3.1384E-07,-3.136E-07
0.97000000000000008,0.88,-2.508E-10,2.2E-11,5.6000000000000007E-11,3.1378E-07,-3.1366E-07
0.96500000000000008,0.88,-2.596E-10,1.875E-11,5.843E-11,3.1386E-07,-3.1368E-07
0.96000000000000008,0.88,-2.8196000000000003E-10,1.586E-11,7.5920000000000008E-11,3.1384E-07,-3.1366E-07
0.95500000000000007,0.88,-2.8090000000000003E-10,1.4610000000000002E-11,9.6570000000000009E-11,3.1382E-07,-3.1368E-07
0.95000000000000007,0.88,-2.9755E-10,1.3060000000000001E-11,1.0816E-10,3.138E-07,-3.1364E-07
0.94500000000000006,0.88,-3.2117000000000004E-10,1.221E-11,1.2859000000000002E-10,3.1392E-07,-3.1358E-07
0.94000000000000006,0.88,-3.3348E-10,1.1730000000000001E-11,1.5962000000000001E-10,3.1384E-07,-3.137E-07
0.935,0.88,-3.8579E-10,1.272E-11,1.8754E-10,3.1378E-07,-3.136E-07
0.93,0.88,-3.9671E-10,1.0310000000000001E-11,2.1283000000000003E-10,3.1384E-07,-3.1364E-07
0.925,0.88,-4.4664E-10,8.87E-12,2.6041000000000003E-10,3.1382E-07,-3.1361999999999997E-07
0.92,0.88,-4.8623000000000009E-10,6.5200000000000005E-12,3.0903E-10,3.1384E-07,-3.1364E-07
0.915,0.88,-5.3106E-10,4.7100000000000007E-12,3.5398E-10,3.1382E-07,-3.137E-07
0.91,0.88,-6.1431E-10,3.6000000000000004E-12,4.2424000000000003E-10,3.1382E-07,-3.136E-07
0.905,0.88,-6.6975000000000009E-10,2.2200000000000002E-12,5.0114E-10,3.1382E-07,-3.1364E-07
0.9,0.88,-7.7248000000000011E-10,3.25E-12,5.8587000000000007E-10,3.138E-07,-3.1366E-07
0.895,0.88,-8.6289000000000011E-10,-8.7E-13,6.8273000000000008E-10,3.1386E-07,-3.1361999999999997E-07
0.89,0.88,-9.7802E-10,-4E-13,8.1221E-10,3.1384E-07,-3.1372E-07
0.885,0.88,-1.13706E-09,-1.3E-13,9.575300000000001E-10,3.1388E-07,-3.1364E-07
0.88,0.88,-1.2902E-09,-2.69E-12,1.1149200000000001E-09,3.1384E-07,-3.1366E-07
0.875,0.88,-1.4986E-09,-6.2900000000000009E-12,1.3189E-09,3.138E-07,-3.1361999999999997E-07
0.87,0.88,-1.721E-09,-1.5400000000000001E-12,1.5513E-09,3.1388E-07,-3.1366E-07
0.865,0.88,-2.0011E-09,8.7E-13,1.8323E-09,3.1392E-07,-3.1366E-07
0.86,0.88,-2.3099E-09,-2.52E-12,2.1476E-09,3.138E-07,-3.1358E-07
0.85500000000000009,0.88,-2.6687E-09,-7.75E-12,2.5291E-09,3.1378E-07,-3.136E-07
0.85000000000000009,0.88,-3.1315E-09,-1.422E-11,2.9849E-09,3.138E-07,-3.1361999999999997E-07
0.84500000000000008,0.88,-3.6497E-09,-1.779E-11,3.4906E-09,3.1388E-07,-3.137E-07
0.84000000000000008,0.88,-4.3054E-09,-1.824E-11,4.1278E-09,3.1374E-07,-3.1366E-07
0.83500000000000008,0.88,-4.9616E-09,-2.039E-11,4.79E-09,3.1382E-07,-3.136E-07
0.83000000000000007,0.88,-5.8348E-09,-1.7620000000000003E-11,5.7E-09,3.1392E-07,-3.136E-07
0.82500000000000007,0.88,-6.8436E-09,-1.937E-11,6.6436E-09,3.1388E-07,-3.1358E-07
0.82000000000000006,0.88,-8.0114E-09,-1.848E-11,7.8206E-09,3.1382E-07,-3.1368E-07
0.81500000000000006,0.88,-9.3765E-09,-2.378E-11,9.1939E-09,3.1388E-07,-3.1366E-07
0.81,0.88,-1.10424E-08,-2.4700000000000003E-11,1.08886E-08,3.1378E-07,-3.1368E-07
0.805,0.88,-1.2962199999999998E-08,-3.011E-11,1.28426E-08,3.1389999999999997E-07,-3.1361999999999997E-07
0.8,0.88,-1.5176999999999998E-08,-3.387E-11,1.50946E-08,3.1389999999999997E-07,-3.1366E-07
0.795,0.88,-1.78646E-08,-3.597E-11,1.7753799999999997E-08,3.138E-07,-3.1368E-07
0.79,0.88,-2.0922799999999997E-08,-3.864E-11,2.0860799999999996E-08,3.1382E-07,-3.1366E-07
0.785,0.88,-2.4715199999999998E-08,-4.068E-11,2.4496199999999997E-08,3.1382E-07,-3.1372E-07
0.78,0.88,-2.9024799999999996E-08,-4.6350000000000007E-11,2.8928399999999998E-08,3.1386E-07,-3.1372E-07
0.775,0.88,-3.40866E-08,-4.872E-11,3.40932E-08,3.1392E-07,-3.1368E-07
0.77,0.88,-4.0284999999999993E-08,-5.4570000000000005E-11,3.9862199999999994E-08,3.1392E-07,-3.1372E-07
0.765,0.88,-4.7141999999999993E-08,-5.922E-11,4.6970599999999996E-08,3.1392E-07,-3.137E-07
0.76,0.88,-5.5347999999999994E-08,-6.5550000000000009E-11,5.5364999999999993E-08,3.1384E-07,-3.1368E-07
0.755,0.88,-6.52702E-08,-6.956E-11,6.512659999999999E-08,3.1389999999999997E-07,-3.1368E-07
0.75,0.88,-7.65936E-08,-7.721000000000001E-11,7.66702E-08,3.1389999999999997E-07,-3.1364E-07
0.745,0.88,-9.0299E-08,-8.2170000000000012E-11,9.0067E-08,3.1388E-07,-3.137E-07
0.74,0.88,-1.0640119999999999E-07,-9.2020000000000009E-11,1.0653439999999999E-07,3.1392E-07,-3.1375999999999997E-07
0.735,0.88,-1.2556E-07,-9.8500000000000009E-11,1.2606E-07,3.1392E-07,-3.1368E-07
0.73,0.88,-1.465E-07,-1.0743000000000001E-10,1.48E-07,3.1384E-07,-3.1368E-07
0.72500000000000009,0.88,-1.7318E-07,-1.1524000000000001E-10,1.7218E-07,3.1384E-07,-3.1368E-07
0.72000000000000008,0.88,-2.0174E-07,-1.2517000000000002E-10,2.0276E-07,3.1384E-07,-3.137E-07
0.71500000000000008,0.88,-2.4266E-07,-1.3466E-10,2.4146E-07,3.1386E-07,-3.1364E-07
0.71000000000000008,0.88,-2.8242E-07,-1.4493E-10,2.7972E-07,3.1382E-07,-3.1366E-07
0.70500000000000007,0.88,-3.3008E-07,-1.5662000000000002E-10,3.3226E-07,3.1386E-07,-3.1361999999999997E-07
0.70000000000000007,0.88,-3.9342E-07,-1.6684000000000002E-10,3.9288E-07,3.1382E-07,-3.1361999999999997E-07
0.69500000000000006,0.88,-4.6266E-07,-1.7896000000000002E-10,4.5932E-07,3.1388E-07,-3.1364E-07
0.69000000000000006,0.88,-5.3634E-07,-1.9069000000000002E-10,5.4078E-07,3.1378E-07,-3.137E-07
0.685,0.88,-6.3794E-07,-2.0535000000000002E-10,6.3646E-07,3.1382E-07,-3.1354E-07
0.68,0.88,-7.5085999999999994E-07,-2.2126000000000002E-10,7.4395999999999995E-07,3.1389999999999997E-07,-3.1366E-07
0.675,0.88,-8.7317999999999993E-07,-2.3502000000000003E-10,8.778E-07,3.1384E-07,-3.1366E-07
0.67,0.88,-1.02864E-06,-2.5077E-10,1.0409E-06,3.1384E-07,-3.137E-07
0.665,0.88,-1.2237E-06,-2.6586E-10,1.2216E-06,3.138E-07,-3.1366E-07
0.66,0.88,-1.4206000000000002E-06,-2.8199000000000003E-10,1.4278000000000001E-06,3.138E-07,-3.1368E-07
0.655,0.88,-1.6729000000000001E-06,-3.0003000000000005E-10,1.6808E-06,3.1384E-07,-3.1364E-07
0.65,0.88,-1.9818000000000002E-06,-3.1832000000000004E-10,1.9610000000000004E-06,3.1384E-07,-3.136E-07
0.645,0.88,-2.3135000000000004E-06,-3.3421000000000003E-10,2.3112000000000004E-06,3.1402E-07,-3.1361999999999997E-07
0.64,0.88,-2.7016E-06,-3.5791E-10,2.7165E-06,3.1386E-07,-3.1356E-07
0.635,0.88,-3.1882000000000002E-06,-3.7691000000000005E-10,3.1390000000000004E-06,3.138E-07,-3.1366E-07
0.63,0.88,-3.7124000000000002E-06,-3.9842E-10,3.7247000000000005E-06,3.1386E-07,-3.1358E-07
0.625,0.88,-4.3266E-06,-4.1841000000000006E-10,4.3266E-06,3.138E-07,-3.1364E-07
0.62,0.88,-5.0593000000000008E-06,-4.3789E-10,5.0934E-06,3.1389999999999997E-07,-3.1366E-07
0.615,0.88,-5.9554000000000006E-06,-4.5849000000000004E-10,5.9430000000000005E-06,3.1388E-07,-3.136E-07
0.61,0.88,-6.9774E-06,-4.8206E-10,6.9358000000000006E-06,3.138E-07,-3.1366E-07
0.605,0.88,-8.0974000000000014E-06,-5.0487E-10,8.1058000000000012E-06,3.1384E-07,-3.1358E-07
0.6,0.88,-9.432E-06,-5.2733000000000008E-10,9.4569000000000009E-06,3.138E-07,-3.136E-07
0.595,0.88,-1.0928100000000001E-05,-5.5295E-10,1.0959900000000002E-05,3.1382E-07,-3.1364E-07
0.59000000000000008,0.88,-1.2848E-05,-5.7623000000000009E-10,1.2764E-05,3.1375999999999997E-07,-3.136E-07
0.58500000000000008,0.88,-1.4794000000000001E-05,-6.0226E-10,1.483E-05,3.1378E-07,-3.1356E-07
0.58000000000000007,0.88,-1.7168E-05,-6.2761000000000007E-10,1.7152E-05,3.1389999999999997E-07,-3.137E-07
0.57500000000000007,0.88,-1.987E-05,-6.5304000000000005E-10,1.9806E-05,3.1384E-07,-3.137E-07
0.57000000000000006,0.88,-2.298E-05,-6.8113E-10,2.3102E-05,3.1389999999999997E-07,-3.1372E-07
0.56500000000000006,0.88,-2.6468E-05,-7.0672E-10,2.6578000000000002E-05,3.1384E-07,-3.1361999999999997E-07
0.56,0.88,-3.0674E-05,-7.3612E-10,3.0788000000000004E-05,3.1382E-07,-3.1364E-07
0.555,0.88,-3.5448000000000003E-05,-7.6584E-10,3.548E-05,3.1382E-07,-3.1366E-07
0.55,0.88,-4.1002000000000005E-05,-7.9407E-10,4.0986000000000004E-05,3.1384E-07,-3.1372E-07
0.545,0.88,-4.7204000000000004E-05,-8.3045000000000006E-10,4.7138E-05,3.1389999999999997E-07,-3.1364E-07
0.54,0.88,-5.457E-05,-8.5992000000000007E-10,5.4420000000000004E-05,3.1389999999999997E-07,-3.1361999999999997E-07
0.535,0.88,-6.2706E-05,-8.8983E-10,6.2642E-05,3.1384E-07,-3.1368E-07
0.53,0.88,-7.2186E-05,-9.2341000000000012E-10,7.2242E-05,3.1378E-07,-3.1364E-07
0.525,0.88,-8.2800000000000007E-05,-9.5458E-10,8.281E-05,3.1389999999999997E-07,-3.136E-07
0.52,0.88,-9.5136E-05,-9.9475000000000011E-10,9.5180000000000007E-05,3.1374E-07,-3.1364E-07
0.515,0.88,-0.000108796,-1.0328400000000001E-09,0.00010886,3.1382E-07,-3.137E-07
0.51,0.88,-0.00012398000000000002,-1.0646E-09,0.00012436,3.1388E-07,-3.1364E-07
0.505,0.88,-0.00014122,-1.1095E-09,0.00014176,3.1384E-07,-3.1366E-07
0.5,0.88,-0.00016074,-1.1453E-09,0.00016114000000000002,3.1384E-07,-3.1364E-07
0.49500000000000005,0.88,-0.00018208000000000002,-1.1871E-09,0.00018238,3.1378E-07,-3.1368E-07
0.49000000000000005,0.88,-0.00020574000000000002,-1.2306E-09,0.00020602,3.1384E-07,-3.1372E-07
0.48500000000000004,0.88,-0.00023128000000000002,-1.2782E-09,0.00023206000000000002,3.1386E-07,-3.1372E-07
0.48000000000000004,0.88,-0.00025978000000000004,-1.3223E-09,0.00026036,3.1394E-07,-3.1378E-07
0.47500000000000003,0.88,-0.00029034000000000004,-1.3666E-09,0.00029062,3.1389999999999997E-07,-3.137E-07
0.47000000000000003,0.88,-0.00032322000000000004,-1.4136E-09,0.00032368,3.1389999999999997E-07,-3.137E-07
0.465,0.88,-0.00035824,-1.4624E-09,0.00035882000000000004,3.1384E-07,-3.1364E-07
0.46,0.88,-0.00039600000000000003,-1.5184E-09,0.00039664,3.138E-07,-3.1358E-07
0.455,0.88,-0.00043548,-1.5692E-09,0.00043586000000000005,3.1384E-07,-3.137E-07
0.45,0.88,-0.00047794000000000005,-1.6224E-09,0.00047834,3.1386E-07,-3.1361999999999997E-07
0.445,0.88,-0.00052098,-1.6777E-09,0.00052176,3.1386E-07,-3.1364E-07
0.44,0.88,-0.00056690000000000006,-1.7313E-09,0.00056688000000000007,3.1386E-07,-3.136E-07
0.435,0.88,-0.00061340000000000006,-1.7923E-09,0.00061386,3.1386E-07,-3.1366E-07
0.43,0.88,-0.00066294,-1.86E-09,0.00066344000000000006,3.138E-07,-3.137E-07
0.42500000000000004,0.88,-0.00071232,-1.921E-09,0.00071314,3.1375999999999997E-07,-3.137E-07
0.42000000000000004,0.88,-0.0007645000000000001,-1.9951E-09,0.00076506,3.1386E-07,-3.1368E-07
0.41500000000000004,0.88,-0.0008168,-2.0595E-09,0.00081616,3.1384E-07,-3.1372E-07
0.41000000000000003,0.88,-0.00086998,-2.1267E-09,0.00086984000000000009,3.1384E-07,-3.1354E-07
0.405,0.88,-0.00092214,-2.2038E-09,0.00092308000000000006,3.138E-07,-3.1366E-07
0.4,0.88,-0.00097698000000000012,-2.2783E-09,0.000977,3.1378E-07,-3.1366E-07
0.395,0.88,-0.0010296,-2.3533E-09,0.00103206,3.1258E-07,-3.1242E-07
0.39,0.88,-0.00108602,-2.4374E-09,0.00108536,3.126E-07,-3.1234E-07
0.385,0.88,-0.0011399000000000001,-2.5167E-09,0.00113988,3.1254E-07,-3.1238E-07
0.38,0.88,-0.0011938,-2.5931E-09,0.0011938,3.1254E-07,-3.1235999999999997E-07
0.375,0.88,-0.0012464,-2.6873E-09,0.0012474,3.1258E-07,-3.1242E-07
0.37,0.88,-0.0013018,-2.7734E-09,0.001301,3.1262E-07,-3.1246E-07
0.365,0.88,-0.0013536,-2.8637E-09,0.0013524000000000001,3.1258E-07,-3.1232E-07
0.36000000000000004,0.88,-0.0014054,-2.9579E-09,0.001408,3.1256E-07,-3.1176E-07
0.35500000000000004,0.88,-0.001457,-3.0539E-09,0.001458,3.1256E-07,-3.124E-07
0.35000000000000003,0.88,-0.0015078000000000001,-3.1623E-09,0.0015092,3.1258E-07,-3.124E-07
0.34500000000000003,0.88,-0.0015572000000000001,-3.2639E-09,0.0015582,3.1256E-07,-3.1252E-07
0.34,0.88,-0.0016084,-3.3774E-09,0.0016092,3.1254E-07,-3.124E-07
0.335,0.88,-0.001654,-3.4994E-09,0.0016562,3.1266E-07,-3.124E-07
0.33,0.88,-0.0017046000000000001,-3.6123E-09,0.0017044,3.1262E-07,-3.1235999999999997E-07
0.325,0.88,-0.0017496,-3.7287E-09,0.0017486000000000001,3.1256E-07,-3.1238E-07
0.32,0.88,-0.0017956,-3.8507E-09,0.0017966,3.1262E-07,-3.1224E-07
0.315,0.88,-0.0018392,-3.9769E-09,0.0018402,3.1256E-07,-3.1238E-07
0.31,0.88,-0.0018842,-4.1083999999999996E-09,0.0018842,3.1254E-07,-3.1234E-07
0.305,0.88,-0.0019262,-4.2354E-09,0.0019268,3.1254E-07,-3.124E-07
0.3,0.88,-0.0019674000000000002,-4.3737E-09,0.0019684,3.1256E-07,-3.1234E-07
0.29500000000000004,0.88,-0.0020080000000000002,-4.4884E-09,0.0020084,3.1254E-07,-3.1234E-07
0.29000000000000004,0.88,-0.002048,-4.629E-09,0.0020482,3.119E-07,-3.1238E-07
0.28500000000000003,0.88,-0.0020876000000000002,-4.8033E-09,0.0020856,3.1258E-07,-3.1238E-07
0.28,0.88,-0.0021256,-4.9584E-09,0.0021256,3.1254E-07,-3.1238E-07
0.275,0.88,-0.0021604000000000003,-5.1178E-09,0.0021624,3.1254E-07,-3.1244E-07
0.27,0.88,-0.0021974,-5.2432E-09,0.0021978,3.1256E-07,-3.1256E-07
0.265,0.88,-0.0022324,-5.4102E-09,0.0022346,3.1248E-07,-3.1234E-07
0.26,0.88,-0.0022656,-5.5741E-09,0.0022666,3.1248E-07,-3.1232E-07
0.255,0.88,-0.002297,-5.7863E-09,0.0023006,3.1252E-07,-3.1234E-07
0.25,0.88,-0.0023316,-5.9608E-09,0.0023326,3.1252E-07,-3.1244E-07
0.24500000000000002,0.88,-0.0023634,-6.1509E-09,0.0023634,3.126E-07,-3.1246E-07
0.24000000000000002,0.88,-0.0023944,-6.3398999999999996E-09,0.0023938,3.1266E-07,-3.1246E-07
0.23500000000000001,0.88,-0.0024244,-6.5343E-09,0.0024252,3.126E-07,-3.1235999999999997E-07
0.23,0.88,-0.0024538,-6.7239E-09,0.0024522,3.126E-07,-3.1244E-07
0.225,0.88,-0.0024824,-6.9259E-09,0.0024828,3.1266E-07,-3.1252E-07
0.22,0.88,-0.0025080000000000002,-7.1307E-09,0.0025098,3.126E-07,-3.1238E-07
0.215,0.88,-0.0025354,-7.3588E-09,0.0025366,3.1254E-07,-3.1242E-07
0.21000000000000002,0.88,-0.0025612,-7.5776E-09,0.0025638,3.1254E-07,-3.1242E-07
0.20500000000000002,0.88,-0.0025878,-7.7936E-09,0.0025884000000000002,3.1249999999999997E-07,-3.124E-07
0.2,0.88,-0.0026126,-8.0164E-09,0.0026132,3.12E-07,-3.124E-07
0.195,0.88,-0.002636,-8.2521E-09,0.0026394,3.1252E-07,-3.1238E-07
0.19,0.88,-0.00266,-8.4304E-09,0.0026604000000000003,3.1268E-07,-3.1252E-07
0.185,0.88,-0.0026842,-8.7487E-09,0.0026836,3.126E-07,-3.124E-07
0.18000000000000002,0.88,-0.0027062,-8.9976E-09,0.002708,3.1266E-07,-3.1234E-07
0.17500000000000002,0.88,-0.0027258,-9.2555E-09,0.0027284,3.1268E-07,-3.1252E-07
0.17,0.88,-0.0027500000000000003,-9.5074E-09,0.002751,3.1262E-07,-3.1246E-07
0.165,0.88,-0.0027718,-9.7834E-09,0.0027682,3.126E-07,-3.124E-07
0.16,0.88,-0.0027916,-1.00658E-08,0.0027916,3.1266E-07,-3.1246E-07
0.155,0.88,-0.002809,-1.03371E-08,0.0028078,3.126E-07,-3.1244E-07
0.15,0.88,-0.0028292,-1.05373E-08,0.0028282,3.126E-07,-3.1238E-07
0.14500000000000002,0.88,-0.0028476,-1.08218E-08,0.0028472000000000003,3.1256E-07,-3.1232E-07
0.14,0.88,-0.0028666,-1.11294E-08,0.0028668,3.1249999999999997E-07,-3.1248E-07
0.135,0.88,-0.0028832000000000003,-1.15128E-08,0.0028852,3.1256E-07,-3.1234E-07
0.13,0.88,-0.0029008000000000003,-1.18346E-08,0.002903,3.119E-07,-3.122E-07
0.125,0.88,-0.0029198,-1.2161999999999998E-08,0.0029202,3.1256E-07,-3.1248E-07
0.12000000000000001,0.88,-0.002935,-1.2489799999999999E-08,0.0029352000000000002,3.1268E-07,-3.1254E-07
0.115,0.88,-0.0029526,-1.2831599999999999E-08,0.002953,3.1266E-07,-3.1242E-07
0.11,0.88,-0.0029686,-1.3175199999999998E-08,0.002967,3.1266E-07,-3.1249999999999997E-07
0.10500000000000001,0.88,-0.002983,-1.3523399999999998E-08,0.002984,3.1268E-07,-3.1248E-07
0.1,0.88,-0.002997,-1.3890399999999999E-08,0.0029986,3.126E-07,-3.1184E-07
0.095,0.88,-0.0030144,-1.4258E-08,0.003013,3.1254E-07,-3.1246E-07
0.090000000000000011,0.88,-0.0030246,-1.4641799999999999E-08,0.0030278,3.126E-07,-3.1246E-07
0.085,0.88,-0.0030418,-1.5012E-08,0.003041,3.1258E-07,-3.1242E-07
0.08,0.88,-0.003053,-1.53948E-08,0.0030558,3.1249999999999997E-07,-3.1246E-07
0.075,0.88,-0.0030698,-1.5801799999999997E-08,0.0030692000000000002,3.1266E-07,-3.124E-07
0.07,0.88,-0.0030800000000000003,-1.61798E-08,0.0030834,3.1254E-07,-3.1238E-07
0.065,0.88,-0.0030938,-1.6585999999999997E-08,0.0030924,3.126E-07,-3.124E-07
0.060000000000000005,0.88,-0.003105,-1.7021799999999998E-08,0.0031072,3.1256E-07,-3.1252E-07
0.055,0.88,-0.0031162,-1.7449399999999998E-08,0.0031198000000000003,3.1256E-07,-3.124E-07
0.05,0.88,-0.0031308,-1.78926E-08,0.0031322,3.1258E-07,-3.1238E-07
0.045000000000000005,0.88,-0.0031428000000000003,-1.8338599999999998E-08,0.0031422,3.1256E-07,-3.124E-07
0.04,0.88,-0.003153,-1.8838199999999997E-08,0.0031548,3.1284E-07,-3.127E-07
0.035,0.88,-0.0031648,-1.9328399999999998E-08,0.0031652,3.1286E-07,-3.1234E-07
0.030000000000000002,0.88,-0.003175,-1.9798E-08,0.0031778,3.1249999999999997E-07,-3.1248E-07
0.025,0.88,-0.0031864000000000003,-2.03006E-08,0.003187,3.1248E-07,-3.1232E-07
0.02,0.88,-0.0031976,-2.07996E-08,0.0031996,3.1256E-07,-3.124E-07
0.015000000000000001,0.88,-0.0032076,-2.1326399999999997E-08,0.003207,3.1262E-07,-3.1234E-07
0.01,0.88,-0.0032164,-2.1831399999999997E-08,0.003218,3.1258E-07,-3.1238E-07
0.005,0.88,-0.0032274,-2.2376399999999996E-08,0.0032274,3.1256E-07,-3.1242E-07
0,0.88,-0.0032364,-2.2920999999999997E-08,0.0032378,3.1256E-07,-3.1246E-07
1.2,0.89,-2.0040000000000003E-10,2.8273E-10,-1.1044000000000001E-10,3.1235999999999997E-07,-3.1226E-07
1.195,0.89,-1.8277E-10,2.8235E-10,-1.0392000000000001E-10,3.1256E-07,-3.1248E-07
1.19,0.89,-1.9495E-10,2.6812E-10,-1.083E-10,3.1252E-07,-3.1234E-07
1.185,0.89,-1.8527000000000002E-10,2.4599E-10,-1.0263000000000001E-10,3.1249999999999997E-07,-3.1242E-07
1.1800000000000002,0.89,-1.9395E-10,2.3124000000000002E-10,-9.2760000000000011E-11,3.1249999999999997E-07,-3.1246E-07
1.175,0.89,-1.8740000000000002E-10,2.1646000000000002E-10,-9.3720000000000013E-11,3.1248E-07,-3.1246E-07
1.1700000000000002,0.89,-1.7290000000000002E-10,2.0922000000000003E-10,-9.4580000000000011E-11,3.1246E-07,-3.1238E-07
1.165,0.89,-1.7379E-10,2.0263000000000003E-10,-8.2950000000000008E-11,3.1254E-07,-3.1249999999999997E-07
1.1600000000000001,0.89,-1.7221000000000002E-10,2.0098000000000001E-10,-8.2650000000000007E-11,3.126E-07,-3.1186E-07
1.155,0.89,-1.7151E-10,1.9133000000000003E-10,-8.533E-11,3.1248E-07,-3.1244E-07
1.1500000000000001,0.89,-1.4828E-10,1.7709E-10,-7.8260000000000009E-11,3.1249999999999997E-07,-3.1234E-07
1.145,0.89,-1.6907000000000002E-10,1.6704000000000003E-10,-6.926E-11,3.1249999999999997E-07,-3.124E-07
1.1400000000000001,0.89,-1.8052000000000001E-10,1.6022000000000002E-10,-7.563E-11,3.1248E-07,-3.1234E-07
1.135,0.89,-1.6488E-10,1.5882E-10,-7.2360000000000009E-11,3.1242E-07,-3.1232E-07
1.1300000000000001,0.89,-1.4780000000000002E-10,1.4619000000000001E-10,-5.9930000000000007E-11,3.1252E-07,-3.1238E-07
1.125,0.89,-1.2159000000000002E-10,1.3563E-10,-6.3150000000000009E-11,3.1244E-07,-3.124E-07
1.12,0.89,-1.5948E-10,1.2733000000000001E-10,-6.5030000000000007E-11,3.1256E-07,-3.1249999999999997E-07
1.115,0.89,-1.6775000000000002E-10,1.1728E-10,-5.5850000000000006E-11,3.1256E-07,-3.1244E-07
1.11,0.89,-1.5295E-10,1.1427000000000001E-10,-5.1770000000000006E-11,3.1252E-07,-3.1238E-07
1.105,0.89,-1.3518000000000002E-10,1.0821000000000001E-10,-5.8380000000000009E-11,3.1262E-07,-3.1178E-07
1.1,0.89,-1.1566E-10,1.0439000000000001E-10,-5.2650000000000007E-11,3.1256E-07,-3.124E-07
1.095,0.89,-1.399E-10,1.0323E-10,-4.199E-11,3.1254E-07,-3.1248E-07
1.09,0.89,-1.4568E-10,9.873E-11,-5.015E-11,3.1249999999999997E-07,-3.1249999999999997E-07
1.085,0.89,-1.4730000000000002E-10,9.2850000000000008E-11,-4.694E-11,3.1266E-07,-3.1252E-07
1.08,0.89,-1.2332000000000002E-10,8.518000000000001E-11,-3.743E-11,3.126E-07,-3.1246E-07
1.075,0.89,-1.2268E-10,7.768000000000001E-11,-3.908E-11,3.1254E-07,-3.124E-07
1.07,0.89,-1.2691E-10,7.132E-11,-4.1130000000000004E-11,3.1256E-07,-3.124E-07
1.065,0.89,-1.2491E-10,7.11E-11,-3.4140000000000004E-11,3.1254E-07,-3.1256E-07
1.06,0.89,-1.4968000000000002E-10,7.513E-11,-2.793E-11,3.126E-07,-3.1248E-07
1.0550000000000002,0.89,-1.1438000000000001E-10,6.821E-11,-3.579E-11,3.1244E-07,-3.1248E-07
1.05,0.89,-1.1160000000000001E-10,6.073E-11,-2.904E-11,3.1258E-07,-3.1248E-07
1.0450000000000002,0.89,-1.2260000000000002E-10,5.1480000000000006E-11,-1.9660000000000003E-11,3.1248E-07,-3.1246E-07
1.04,0.89,-1.1824E-10,4.6240000000000007E-11,-2.722E-11,3.1254E-07,-3.1238E-07
1.0350000000000001,0.89,-1.3068E-10,4.5210000000000005E-11,-2.3590000000000003E-11,3.1252E-07,-3.1244E-07
1.03,0.89,-1.1292000000000001E-10,4.5730000000000006E-11,-1.6200000000000003E-11,3.1256E-07,-3.1249999999999997E-07
1.0250000000000001,0.89,-1.2204E-10,4.8790000000000007E-11,-1.311E-11,3.1254E-07,-3.1242E-07
1.02,0.89,-1.0895000000000001E-10,4.4600000000000006E-11,-1.9600000000000002E-11,3.1256E-07,-3.1244E-07
1.0150000000000001,0.89,-1.1397000000000001E-10,4.282E-11,-7.16E-12,3.126E-07,-3.1248E-07
1.01,0.89,-1.1898E-10,3.9450000000000003E-11,-3.4900000000000003E-12,3.1256E-07,-3.124E-07
1.0050000000000001,0.89,-1.1792000000000002E-10,3.0860000000000004E-11,-1.0540000000000002E-11,3.1196E-07,-3.1228E-07
1,0.89,-1.2591E-10,2.7290000000000003E-11,2.6E-13,3.1252E-07,-3.1235999999999997E-07
0.995,0.89,-1.1708E-10,2.2020000000000002E-11,6.8900000000000007E-12,3.1262E-07,-3.1244E-07
0.9900000000000001,0.89,-1.3989000000000002E-10,2.5080000000000002E-11,7.4800000000000012E-12,3.1248E-07,-3.1238E-07
0.9850000000000001,0.89,-1.2684E-10,2.303E-11,1.0090000000000001E-11,3.1182E-07,-3.1179999999999997E-07
0.98000000000000009,0.89,-1.2551000000000001E-10,2.2970000000000002E-11,2.3080000000000003E-11,3.1246E-07,-3.1244E-07
0.97500000000000009,0.89,-1.3992000000000002E-10,2.356E-11,2.7700000000000002E-11,3.1252E-07,-3.124E-07
0.97000000000000008,0.89,-1.3677E-10,1.912E-11,2.673E-11,3.1248E-07,-3.124E-07
0.96500000000000008,0.89,-1.6083E-10,1.863E-11,4.5170000000000004E-11,3.1252E-07,-3.1238E-07
0.96000000000000008,0.89,-1.5601E-10,1.2830000000000001E-11,5.3490000000000007E-11,3.1182E-07,-3.1172E-07
0.95500000000000007,0.89,-1.7702000000000003E-10,1.457E-11,5.917E-11,3.1249999999999997E-07,-3.1238E-07
0.95000000000000007,0.89,-1.7697E-10,1.004E-11,7.358E-11,3.1249999999999997E-07,-3.1235999999999997E-07
0.94500000000000006,0.89,-1.8373000000000002E-10,1.28E-11,9.5140000000000007E-11,3.1256E-07,-3.124E-07
0.94000000000000006,0.89,-2.1717E-10,1.1320000000000001E-11,1.0739E-10,3.1249999999999997E-07,-3.1232E-07
0.935,0.89,-2.2109E-10,6.8500000000000009E-12,1.2012000000000002E-10,3.1256E-07,-3.124E-07
0.93,0.89,-2.5385E-10,3.91E-12,1.5533000000000002E-10,3.126E-07,-3.1244E-07
0.925,0.89,-2.8117E-10,-2.3200000000000002E-12,1.7884000000000003E-10,3.1249999999999997E-07,-3.1252E-07
0.92,0.89,-3.1923000000000004E-10,2.5E-13,2.0791E-10,3.1254E-07,-3.1246E-07
0.915,0.89,-3.6625000000000005E-10,3.25E-12,2.542E-10,3.1258E-07,-3.1246E-07
0.91,0.89,-3.9261000000000005E-10,9.78E-12,3.0244000000000004E-10,3.1252E-07,-3.1207999999999997E-07
0.905,0.89,-4.3247000000000006E-10,7.7E-12,3.5009000000000003E-10,3.1262E-07,-3.1252E-07
0.9,0.89,-4.9939000000000007E-10,4.42E-12,4.0737E-10,3.126E-07,-3.1246E-07
0.895,0.89,-5.7631E-10,-2.9100000000000003E-12,4.9554E-10,3.1244E-07,-3.1248E-07
0.89,0.89,-6.8629E-10,-7.0500000000000009E-12,5.7536000000000007E-10,3.1254E-07,-3.1256E-07
0.885,0.89,-7.8459000000000008E-10,-1.005E-11,6.7241000000000006E-10,3.126E-07,-3.1244E-07
0.88,0.89,-8.886700000000001E-10,-8E-12,8.0531000000000009E-10,3.1262E-07,-3.124E-07
0.875,0.89,-1.0203300000000001E-09,-2.24E-12,9.4489E-10,3.1258E-07,-3.1184E-07
0.87,0.89,-1.181E-09,-6.8900000000000007E-12,1.08924E-09,3.1252E-07,-3.1246E-07
0.865,0.89,-1.3742E-09,-1.1220000000000001E-11,1.2762E-09,3.1249999999999997E-07,-3.1244E-07
0.86,0.89,-1.5719E-09,-6.61E-12,1.505E-09,3.1256E-07,-3.1246E-07
0.85500000000000009,0.89,-1.845E-09,-7.63E-12,1.7468E-09,3.1254E-07,-3.1246E-07
0.85000000000000009,0.89,-2.1596E-09,-1.1930000000000001E-11,2.0958E-09,3.1249999999999997E-07,-3.1244E-07
0.84500000000000008,0.89,-2.5254E-09,-1.466E-11,2.4465E-09,3.1254E-07,-3.1235999999999997E-07
0.84000000000000008,0.89,-3.0002E-09,-1.7560000000000002E-11,2.9202E-09,3.1258E-07,-3.124E-07
0.83500000000000008,0.89,-3.5208E-09,-1.8400000000000002E-11,3.4356E-09,3.1254E-07,-3.1238E-07
0.83000000000000007,0.89,-4.0851E-09,-2.3040000000000002E-11,4.0299E-09,3.1249999999999997E-07,-3.1242E-07
0.82500000000000007,0.89,-4.762E-09,-1.9930000000000003E-11,4.7141E-09,3.1226E-07,-3.124E-07
0.82000000000000006,0.89,-5.677E-09,-2.4770000000000002E-11,5.5836E-09,3.1254E-07,-3.1238E-07
0.81500000000000006,0.89,-6.4494E-09,-2.3150000000000002E-11,6.5564E-09,3.1258E-07,-3.1242E-07
0.81,0.89,-7.6936E-09,-2.551E-11,7.6734E-09,3.1248E-07,-3.124E-07
0.805,0.89,-9.0409E-09,-3.515E-11,8.8069E-09,3.1249999999999997E-07,-3.124E-07
0.8,0.89,-1.05589E-08,-4.0620000000000004E-11,1.05034E-08,3.1258E-07,-3.1235999999999997E-07
0.795,0.89,-1.2391199999999999E-08,-3.373E-11,1.2375399999999998E-08,3.1249999999999997E-07,-3.1238E-07
0.79,0.89,-1.4619999999999998E-08,-4.173E-11,1.45518E-08,3.1254E-07,-3.124E-07
0.785,0.89,-1.7299399999999997E-08,-4.385E-11,1.7208799999999998E-08,3.1248E-07,-3.1232E-07
0.78,0.89,-2.03564E-08,-4.9790000000000003E-11,2.0431999999999997E-08,3.1256E-07,-3.1234E-07
0.775,0.89,-2.3981399999999997E-08,-5.5980000000000003E-11,2.3962799999999997E-08,3.1248E-07,-3.1238E-07
0.77,0.89,-2.82174E-08,-6.177000000000001E-11,2.8283199999999997E-08,3.119E-07,-3.1242E-07
0.765,0.89,-3.32132E-08,-6.793E-11,3.32542E-08,3.1249999999999997E-07,-3.1184E-07
0.76,0.89,-3.9316399999999995E-08,-7.3380000000000009E-11,3.9249799999999993E-08,3.1235999999999997E-07,-3.1232E-07
0.755,0.89,-4.6273399999999995E-08,-7.949E-11,4.6412799999999996E-08,3.1248E-07,-3.1235999999999997E-07
0.75,0.89,-5.4202199999999995E-08,-8.449000000000001E-11,5.4318199999999995E-08,3.1248E-07,-3.1234E-07
0.745,0.89,-6.44192E-08,-9.065E-11,6.42752E-08,3.1248E-07,-3.1238E-07
0.74,0.89,-7.5861199999999991E-08,-9.880000000000001E-11,7.57974E-08,3.1252E-07,-3.1242E-07
0.735,0.89,-8.89242E-08,-1.0945000000000001E-10,8.93244E-08,3.1248E-07,-3.1242E-07
0.73,0.89,-1.0474419999999999E-07,-1.142E-10,1.050388E-07,3.1252E-07,-3.124E-07
0.72500000000000009,0.89,-1.2448E-07,-1.2456E-10,1.2528E-07,3.1249999999999997E-07,-3.1244E-07
0.72000000000000008,0.89,-1.4394E-07,-1.3675000000000002E-10,1.4459999999999999E-07,3.1254E-07,-3.124E-07
0.71500000000000008,0.89,-1.6942E-07,-1.4736000000000002E-10,1.7118E-07,3.1256E-07,-3.1232E-07
0.71000000000000008,0.89,-2.032E-07,-1.5444E-10,2.0138E-07,3.1252E-07,-3.1174E-07
0.70500000000000007,0.89,-2.3512E-07,-1.6376E-10,2.3818E-07,3.1248E-07,-3.1234E-07
0.70000000000000007,0.89,-2.7676E-07,-1.7555E-10,2.7914E-07,3.1179999999999997E-07,-3.1242E-07
0.69500000000000006,0.89,-3.2762E-07,-1.9281E-10,3.2326E-07,3.1188E-07,-3.1238E-07
0.69000000000000006,0.89,-3.8648E-07,-2.1013000000000003E-10,3.8232E-07,3.1248E-07,-3.124E-07
0.685,0.89,-4.5392E-07,-2.2431000000000003E-10,4.5031999999999997E-07,3.12E-07,-3.1235999999999997E-07
0.68,0.89,-5.2242E-07,-2.2646E-10,5.2628E-07,3.1248E-07,-3.1244E-07
0.675,0.89,-6.2324E-07,-2.3818E-10,6.2486E-07,3.1254E-07,-3.1244E-07
0.67,0.89,-7.3248E-07,-2.6532E-10,7.2004E-07,3.1246E-07,-3.1234E-07
0.665,0.89,-8.5378E-07,-2.9087E-10,8.5085999999999993E-07,3.1242E-07,-3.124E-07
0.66,0.89,-9.9046E-07,-3.0111E-10,1.0041E-06,3.1256E-07,-3.1246E-07
0.655,0.89,-1.1656000000000001E-06,-3.2123000000000004E-10,1.1663000000000002E-06,3.1248E-07,-3.1246E-07
0.65,0.89,-1.3451E-06,-3.2946E-10,1.3342E-06,3.1168E-07,-3.117E-07
0.645,0.89,-1.5568E-06,-3.4646E-10,1.5672000000000002E-06,3.1254E-07,-3.124E-07
0.64,0.89,-1.8311000000000001E-06,-3.7439000000000004E-10,1.8383000000000003E-06,3.1249999999999997E-07,-3.1242E-07
0.635,0.89,-2.1108E-06,-3.9414000000000005E-10,2.1491000000000003E-06,3.1249999999999997E-07,-3.1238E-07
0.63,0.89,-2.5419E-06,-4.2031E-10,2.5389000000000004E-06,3.1254E-07,-3.1244E-07
0.625,0.89,-2.9323000000000003E-06,-4.3881000000000006E-10,2.9211000000000003E-06,3.1254E-07,-3.1244E-07
0.62,0.89,-3.4311000000000005E-06,-4.5899000000000004E-10,3.4112000000000005E-06,3.1256E-07,-3.1238E-07
0.615,0.89,-3.9794E-06,-4.8356E-10,3.9636000000000005E-06,3.1252E-07,-3.1244E-07
0.61,0.89,-4.6331000000000006E-06,-4.9907E-10,4.6609000000000006E-06,3.1252E-07,-3.1244E-07
0.605,0.89,-5.4262000000000007E-06,-5.1876000000000008E-10,5.3794000000000005E-06,3.1252E-07,-3.124E-07
0.6,0.89,-6.2080000000000005E-06,-5.4569E-10,6.2658E-06,3.1262E-07,-3.1244E-07
0.595,0.89,-7.2459E-06,-5.7427E-10,7.2688000000000006E-06,3.126E-07,-3.1234E-07
0.59000000000000008,0.89,-8.3196E-06,-6.0577000000000007E-10,8.3419E-06,3.1244E-07,-3.1238E-07
0.58500000000000008,0.89,-9.6647E-06,-6.2948000000000008E-10,9.6454000000000009E-06,3.1244E-07,-3.1234E-07
0.58000000000000007,0.89,-1.11643E-05,-6.4771E-10,1.12168E-05,3.1248E-07,-3.1246E-07
0.57500000000000007,0.89,-1.2876E-05,-6.7154E-10,1.2866E-05,3.1244E-07,-3.1238E-07
0.57000000000000006,0.89,-1.4776E-05,-7.0301E-10,1.4770000000000001E-05,3.1256E-07,-3.1248E-07
0.56500000000000006,0.89,-1.708E-05,-7.2932E-10,1.6972E-05,3.1248E-07,-3.1242E-07
0.56,0.89,-1.9532000000000002E-05,-7.6152000000000008E-10,1.9466E-05,3.1249999999999997E-07,-3.1244E-07
0.555,0.89,-2.2312E-05,-7.9504000000000008E-10,2.2414E-05,3.1249999999999997E-07,-3.1234E-07
0.55,0.89,-2.569E-05,-8.2682E-10,2.5676E-05,3.1252E-07,-3.1238E-07
0.545,0.89,-2.9396E-05,-8.5513E-10,2.9352E-05,3.1248E-07,-3.1244E-07
0.54,0.89,-3.3798000000000004E-05,-8.8749000000000011E-10,3.3514E-05,3.1258E-07,-3.1244E-07
0.535,0.89,-3.8494E-05,-9.1941E-10,3.849E-05,3.1256E-07,-3.1235999999999997E-07
0.53,0.89,-4.3990000000000004E-05,-9.595E-10,4.4056E-05,3.1256E-07,-3.124E-07
0.525,0.89,-5.0254000000000004E-05,-9.9357000000000012E-10,5.0266E-05,3.1249999999999997E-07,-3.1244E-07
0.52,0.89,-5.7462E-05,-1.02712E-09,5.7388E-05,3.1234E-07,-3.1246E-07
0.515,0.89,-6.5316E-05,-1.0649500000000001E-09,6.5414000000000008E-05,3.126E-07,-3.124E-07
0.51,0.89,-7.4446E-05,-1.1051800000000001E-09,7.4354E-05,3.1248E-07,-3.1244E-07
0.505,0.89,-8.4406E-05,-1.1481E-09,8.4306E-05,3.1246E-07,-3.124E-07
0.5,0.89,-9.560800000000001E-05,-1.1908E-09,9.5504E-05,3.1248E-07,-3.1246E-07
0.49500000000000005,0.89,-0.000107706,-1.2283E-09,0.00010780200000000001,3.1249999999999997E-07,-3.1244E-07
0.49000000000000005,0.89,-0.0001211,-1.2795E-09,0.0001211,3.1254E-07,-3.1248E-07
0.48500000000000004,0.89,-0.00013558,-1.3242E-09,0.00013576000000000002,3.1258E-07,-3.1242E-07
0.48000000000000004,0.89,-0.00015162000000000002,-1.3737E-09,0.00015196,3.126E-07,-3.1244E-07
0.47500000000000003,0.89,-0.00016868000000000002,-1.4187E-09,0.00016914000000000002,3.1252E-07,-3.1248E-07
0.47000000000000003,0.89,-0.00018738,-1.4661E-09,0.00018762000000000002,3.1258E-07,-3.1244E-07
0.465,0.89,-0.00020634,-1.513E-09,0.00020742000000000002,3.1258E-07,-3.1232E-07
0.46,0.89,-0.0002278,-1.5667E-09,0.00022818000000000003,3.1242E-07,-3.1234E-07
0.455,0.89,-0.00024968,-1.6225E-09,0.00024988,3.1249999999999997E-07,-3.1238E-07
0.45,0.89,-0.0002721,-1.6792E-09,0.00027314,3.1256E-07,-3.1238E-07
0.445,0.89,-0.00029688,-1.7416E-09,0.00029688,3.1248E-07,-3.1234E-07
0.44,0.89,-0.00032196000000000004,-1.8024E-09,0.00032182,3.1182E-07,-3.1164E-07
0.435,0.89,-0.00034628,-1.8595E-09,0.0003465,3.1249999999999997E-07,-3.1235999999999997E-07
0.43,0.89,-0.00037304000000000005,-1.9248E-09,0.00037338000000000003,3.1246E-07,-3.1234E-07
0.42500000000000004,0.89,-0.00039938,-1.9874E-09,0.0003999,3.1252E-07,-3.1232E-07
0.42000000000000004,0.89,-0.00042664000000000005,-2.0593E-09,0.00042686000000000004,3.1258E-07,-3.1244E-07
0.41500000000000004,0.89,-0.00045438000000000005,-2.1258E-09,0.00045460000000000005,3.1252E-07,-3.124E-07
0.41000000000000003,0.89,-0.00048202000000000005,-2.1995E-09,0.00048308000000000004,3.1248E-07,-3.1238E-07
0.405,0.89,-0.00051044,-2.2759E-09,0.00051068,3.119E-07,-3.1238E-07
0.4,0.89,-0.00053938,-2.3505E-09,0.00053862000000000007,3.1246E-07,-3.124E-07
0.395,0.89,-0.00056706,-2.4381E-09,0.00056732000000000006,3.1204E-07,-3.1162E-07
0.39,0.89,-0.00059464,-2.5154E-09,0.00059688,3.1262E-07,-3.1244E-07
0.385,0.89,-0.00062312,-2.597E-09,0.00062386000000000006,3.1249999999999997E-07,-3.124E-07
0.38,0.89,-0.00065058,-2.6871E-09,0.00065196,3.1256E-07,-3.1186E-07
0.375,0.89,-0.00067884,-2.7745E-09,0.00067884,3.1254E-07,-3.1238E-07
0.37,0.89,-0.00070740000000000006,-2.8704E-09,0.0007071,3.1249999999999997E-07,-3.1235999999999997E-07
0.365,0.89,-0.00073196,-2.9703E-09,0.00073354000000000008,3.1249999999999997E-07,-3.1178E-07
0.36000000000000004,0.89,-0.00076062,-3.0679E-09,0.00076142000000000007,3.1254E-07,-3.124E-07
0.35500000000000004,0.89,-0.00078658,-3.1645E-09,0.00078678,3.126E-07,-3.1246E-07
0.35000000000000003,0.89,-0.00081232000000000006,-3.2745E-09,0.00081398000000000006,3.1244E-07,-3.124E-07
0.34500000000000003,0.89,-0.00083792,-3.3919E-09,0.00083814,3.1246E-07,-3.124E-07
0.34,0.89,-0.00086304,-3.5054E-09,0.00086266,3.1248E-07,-3.1235999999999997E-07
0.335,0.89,-0.00088708,-3.6218E-09,0.00088822,3.1244E-07,-3.124E-07
0.33,0.89,-0.000911,-3.7416E-09,0.00091242,3.1254E-07,-3.1244E-07
0.325,0.89,-0.00093562000000000007,-3.8465E-09,0.0009359,3.1249999999999997E-07,-3.124E-07
0.32,0.89,-0.00095914,-3.9679E-09,0.00095974,3.1249999999999997E-07,-3.1234E-07
0.315,0.89,-0.00097946000000000014,-4.0962E-09,0.00098220000000000013,3.1246E-07,-3.1234E-07
0.31,0.89,-0.0010027,-4.2283E-09,0.00100226,3.1242E-07,-3.1246E-07
0.305,0.89,-0.0010248,-4.3641E-09,0.00102352,3.1244E-07,-3.124E-07
0.3,0.89,-0.0010454400000000001,-4.5283E-09,0.00104714,3.1249999999999997E-07,-3.124E-07
0.29500000000000004,0.89,-0.00106604,-4.6706E-09,0.0010666,3.1246E-07,-3.1242E-07
0.29000000000000004,0.89,-0.00108576,-4.8177E-09,0.00108612,3.1254E-07,-3.1244E-07
0.28500000000000003,0.89,-0.00110416,-4.937E-09,0.00110622,3.1248E-07,-3.124E-07
0.28,0.89,-0.00112362,-5.1033E-09,0.00112358,3.1249999999999997E-07,-3.124E-07
0.275,0.89,-0.00114276,-5.2611E-09,0.00114316,3.1238E-07,-3.1238E-07
0.27,0.89,-0.0011616,-5.4152E-09,0.0011608,3.1258E-07,-3.1235999999999997E-07
0.265,0.89,-0.001179,-5.5901E-09,0.0011796,3.12E-07,-3.1235999999999997E-07
0.26,0.89,-0.0011954,-5.7576E-09,0.001195,3.1254E-07,-3.1242E-07
0.255,0.89,-0.0012122,-5.9422E-09,0.0012128,3.1248E-07,-3.1234E-07
0.25,0.89,-0.001228,-6.1216E-09,0.0012288,3.1249999999999997E-07,-3.1232E-07
0.24500000000000002,0.89,-0.0012458,-6.3106E-09,0.0012452000000000001,3.1248E-07,-3.1242E-07
0.24000000000000002,0.89,-0.0012596,-6.4964E-09,0.0012616,3.1248E-07,-3.1184E-07
0.23500000000000001,0.89,-0.0012742,-6.7375E-09,0.0012768,3.1248E-07,-3.1238E-07
0.23,0.89,-0.0012874,-6.9475E-09,0.0012914,3.1248E-07,-3.1238E-07
0.225,0.89,-0.0013052,-7.1563E-09,0.001305,3.1248E-07,-3.1235999999999997E-07
0.22,0.89,-0.001317,-7.3708E-09,0.0013194,3.1244E-07,-3.1228E-07
0.215,0.89,-0.0013332,-7.5889E-09,0.0013342,3.1246E-07,-3.124E-07
0.21000000000000002,0.89,-0.0013434,-7.8126E-09,0.0013438,3.1188E-07,-3.1178E-07
0.20500000000000002,0.89,-0.0013576,-7.9979E-09,0.0013582,3.1249999999999997E-07,-3.1252E-07
0.2,0.89,-0.0013708,-8.2659E-09,0.0013696000000000001,3.1249999999999997E-07,-3.1235999999999997E-07
0.195,0.89,-0.0013816,-8.5112E-09,0.0013824,3.1248E-07,-3.1234E-07
0.19,0.89,-0.0013948,-8.7567E-09,0.0013944,3.1246E-07,-3.123E-07
0.185,0.89,-0.001407,-9.0113E-09,0.001408,3.1248E-07,-3.1234E-07
0.18000000000000002,0.89,-0.0014162,-9.2581E-09,0.0014166,3.1244E-07,-3.1244E-07
0.17500000000000002,0.89,-0.0014274000000000001,-9.4494E-09,0.001429,3.1246E-07,-3.1246E-07
0.17,0.89,-0.001438,-9.7342E-09,0.0014374000000000001,3.1244E-07,-3.1238E-07
0.165,0.89,-0.0014492,-1.00767E-08,0.0014502,3.1252E-07,-3.124E-07
0.16,0.89,-0.0014588000000000001,-1.03669E-08,0.0014588000000000001,3.1252E-07,-3.1242E-07
0.155,0.89,-0.0014712,-1.0648E-08,0.0014698,3.1249999999999997E-07,-3.1238E-07
0.15,0.89,-0.001479,-1.09388E-08,0.0014806,3.1248E-07,-3.1242E-07
0.14500000000000002,0.89,-0.0014898000000000001,-1.12245E-08,0.0014872,3.1248E-07,-3.1235999999999997E-07
0.14,0.89,-0.0014994000000000001,-1.1519399999999999E-08,0.001501,3.119E-07,-3.1176E-07
0.135,0.89,-0.0015068,-1.18468E-08,0.0015078000000000001,3.1256E-07,-3.124E-07
0.13,0.89,-0.0015164,-1.2166599999999999E-08,0.0015182,3.124E-07,-3.1234E-07
0.125,0.89,-0.001525,-1.2493599999999999E-08,0.0015248,3.1242E-07,-3.1238E-07
0.12000000000000001,0.89,-0.0015326,-1.28456E-08,0.0015326,3.1244E-07,-3.1224E-07
0.115,0.89,-0.001542,-1.3177399999999998E-08,0.0015426,3.1252E-07,-3.1238E-07
0.11,0.89,-0.001549,-1.3547799999999999E-08,0.0015498,3.1248E-07,-3.1238E-07
0.10500000000000001,0.89,-0.0015586,-1.3890599999999998E-08,0.0015592,3.1254E-07,-3.1242E-07
0.1,0.89,-0.0015636,-1.4261199999999999E-08,0.0015658,3.1252E-07,-3.1242E-07
0.095,0.89,-0.0015734,-1.4658799999999998E-08,0.001575,3.1248E-07,-3.1234E-07
0.090000000000000011,0.89,-0.001582,-1.4887799999999998E-08,0.0015806,3.1252E-07,-3.1246E-07
0.085,0.89,-0.0015862,-1.5432599999999998E-08,0.0015868,3.1244E-07,-3.1244E-07
0.08,0.89,-0.0015922,-1.5816799999999998E-08,0.001593,3.126E-07,-3.1238E-07
0.075,0.89,-0.0016002,-1.6229E-08,0.001601,3.1188E-07,-3.1244E-07
0.07,0.89,-0.0016072,-1.6661399999999998E-08,0.001606,3.1252E-07,-3.1246E-07
0.065,0.89,-0.001612,-1.707E-08,0.0016134,3.1256E-07,-3.124E-07
0.060000000000000005,0.89,-0.0016212,-1.75128E-08,0.0016192000000000001,3.1254E-07,-3.1228E-07
0.055,0.89,-0.0016262,-1.79516E-08,0.0016226,3.1249999999999997E-07,-3.1249999999999997E-07
0.05,0.89,-0.0016304,-1.8408E-08,0.0016308,3.1193999999999997E-07,-3.1184E-07
0.045000000000000005,0.89,-0.0016378,-1.8670599999999997E-08,0.0016368,3.1246E-07,-3.124E-07
0.04,0.89,-0.0016436,-1.93398E-08,0.0016444,3.1254E-07,-3.1184E-07
0.035,0.89,-0.0016482,-1.98418E-08,0.0016498,3.1248E-07,-3.1238E-07
0.030000000000000002,0.89,-0.0016552000000000001,-2.0273199999999997E-08,0.001653,3.1246E-07,-3.1238E-07
0.025,0.89,-0.00166,-2.0793199999999997E-08,0.0016602000000000001,3.1256E-07,-3.1232E-07
0.02,0.89,-0.0016658,-2.12964E-08,0.0016654,3.1248E-07,-3.1244E-07
0.015000000000000001,0.89,-0.00167,-2.1837399999999997E-08,0.0016714,3.1248E-07,-3.1246E-07
0.01,0.89,-0.0016740000000000001,-2.2362E-08,0.0016746,3.1249999999999997E-07,-3.1242E-07
0.005,0.89,-0.0016812,-2.2891799999999997E-08,0.0016788,3.1254E-07,-3.1244E-07
0,0.89,-0.0016846,-2.3511599999999997E-08,0.001685,3.1252E-07,-3.1244E-07
1.2,0.9,-1.2871000000000001E-10,2.7719E-10,-1.0973E-10,3.1238E-07,-3.1238E-07
1.195,0.9,-1.0186000000000001E-10,2.7065000000000004E-10,-1.0409000000000001E-10,3.123E-07,-3.1238E-07
1.19,0.9,-1.0042000000000001E-10,2.5418E-10,-1.1249E-10,3.1235999999999997E-07,-3.1235999999999997E-07
1.185,0.9,-1.04E-10,2.4011E-10,-9.835E-11,3.124E-07,-3.124E-07
1.1800000000000002,0.9,-9.3260000000000009E-11,2.2820000000000002E-10,-9.189E-11,3.123E-07,-3.1246E-07
1.175,0.9,-7.3100000000000011E-11,2.1536000000000002E-10,-9.8820000000000014E-11,3.1176E-07,-3.1179999999999997E-07
1.1700000000000002,0.9,-7.4560000000000012E-11,2.0445000000000003E-10,-9.1110000000000009E-11,3.1238E-07,-3.1244E-07
1.165,0.9,-6.758E-11,1.9484000000000002E-10,-8.329E-11,3.1249999999999997E-07,-3.1246E-07
1.1600000000000001,0.9,-9.391E-11,1.8693000000000002E-10,-8.301E-11,3.1252E-07,-3.1238E-07
1.155,0.9,-7.709E-11,1.7591000000000002E-10,-8.605E-11,3.1242E-07,-3.1244E-07
1.1500000000000001,0.9,-7.273E-11,1.6872000000000001E-10,-7.3100000000000011E-11,3.1238E-07,-3.1242E-07
1.145,0.9,-7.040000000000001E-11,1.6178E-10,-7.2500000000000008E-11,3.1238E-07,-3.1228E-07
1.1400000000000001,0.9,-5.2340000000000004E-11,1.5545000000000002E-10,-7.885E-11,3.124E-07,-3.1234E-07
1.135,0.9,-6.472000000000001E-11,1.4802000000000002E-10,-6.6460000000000009E-11,3.1238E-07,-3.1238E-07
1.1300000000000001,0.9,-5.944E-11,1.4037E-10,-6.429E-11,3.1242E-07,-3.1244E-07
1.125,0.9,-6.681E-11,1.3236000000000002E-10,-6.702E-11,3.1234E-07,-3.1235999999999997E-07
1.12,0.9,-5.6070000000000006E-11,1.2035E-10,-6.43E-11,3.1248E-07,-3.1242E-07
1.115,0.9,-4.9800000000000005E-11,1.1411000000000001E-10,-5.4060000000000005E-11,3.1242E-07,-3.1238E-07
1.11,0.9,-5.1510000000000005E-11,1.0980000000000001E-10,-5.703E-11,3.1242E-07,-3.124E-07
1.105,0.9,-4.305E-11,1.0568E-10,-6.044E-11,3.1235999999999997E-07,-3.1235999999999997E-07
1.1,0.9,-4.905E-11,1.0388000000000001E-10,-4.4920000000000005E-11,3.1246E-07,-3.123E-07
1.095,0.9,-4.657E-11,1.0135E-10,-4.775E-11,3.1235999999999997E-07,-3.1235999999999997E-07
1.09,0.9,-4.192E-11,9.567E-11,-5.2780000000000004E-11,3.1235999999999997E-07,-3.124E-07
1.085,0.9,-3.974E-11,8.6250000000000012E-11,-4.4560000000000006E-11,3.1232E-07,-3.1242E-07
1.08,0.9,-3.642E-11,8.143000000000001E-11,-3.741E-11,3.1235999999999997E-07,-3.124E-07
1.075,0.9,-4.177E-11,7.6470000000000008E-11,-4.413E-11,3.1238E-07,-3.124E-07
1.07,0.9,-3.4830000000000004E-11,7.215E-11,-4.232E-11,3.1242E-07,-3.1246E-07
1.065,0.9,-2.7670000000000003E-11,6.785E-11,-2.978E-11,3.1242E-07,-3.123E-07
1.06,0.9,-2.928E-11,6.601E-11,-3.506E-11,3.1238E-07,-3.1244E-07
1.0550000000000002,0.9,-2.983E-11,6.137E-11,-3.755E-11,3.1244E-07,-3.1246E-07
1.05,0.9,-3.4250000000000005E-11,5.808E-11,-2.68E-11,3.1238E-07,-3.1238E-07
1.0450000000000002,0.9,-2.8650000000000003E-11,5.5310000000000007E-11,-2.6370000000000002E-11,3.1244E-07,-3.1246E-07
1.04,0.9,-1.965E-11,5.011E-11,-3.11E-11,3.1238E-07,-3.1246E-07
1.0350000000000001,0.9,-2.1480000000000003E-11,4.563E-11,-2.418E-11,3.1182E-07,-3.1249999999999997E-07
1.03,0.9,-2.15E-11,4.407E-11,-1.7140000000000002E-11,3.1238E-07,-3.124E-07
1.0250000000000001,0.9,-3.4110000000000006E-11,4.4990000000000004E-11,-2.4570000000000002E-11,3.1184E-07,-3.1244E-07
1.02,0.9,-1.812E-11,3.8940000000000003E-11,-2.2550000000000002E-11,3.1249999999999997E-07,-3.1246E-07
1.0150000000000001,0.9,-1.533E-11,3.8940000000000003E-11,-1.039E-11,3.1242E-07,-3.1234E-07
1.01,0.9,-2.371E-11,3.453E-11,-1.5050000000000002E-11,3.1238E-07,-3.1238E-07
1.0050000000000001,0.9,-1.301E-11,2.936E-11,-1.8180000000000002E-11,3.1242E-07,-3.1242E-07
1,0.9,-3.4500000000000004E-11,2.7790000000000002E-11,-7.53E-12,3.1244E-07,-3.1232E-07
0.995,0.9,-2.187E-11,2.5970000000000002E-11,-6.35E-12,3.1234E-07,-3.1234E-07
0.9900000000000001,0.9,-2.0200000000000002E-11,2.6430000000000003E-11,-1.13E-11,3.1244E-07,-3.124E-07
0.9850000000000001,0.9,-1.579E-11,2.1750000000000002E-11,-4.78E-12,3.1244E-07,-3.1238E-07
0.98000000000000009,0.9,-1.4870000000000003E-11,2.1350000000000003E-11,3.0900000000000004E-12,3.1184E-07,-3.1248E-07
0.97500000000000009,0.9,-3.681E-11,1.806E-11,-2.59E-12,3.1248E-07,-3.1242E-07
0.97000000000000008,0.9,-2.2130000000000002E-11,1.3070000000000002E-11,8.9E-13,3.1246E-07,-3.1246E-07
0.96500000000000008,0.9,-3.8840000000000005E-11,1.3780000000000002E-11,1.312E-11,3.1242E-07,-3.124E-07
0.96000000000000008,0.9,-3.176E-11,1.332E-11,1.1610000000000001E-11,3.1254E-07,-3.1246E-07
0.95500000000000007,0.9,-3.085E-11,1.604E-11,1.096E-11,3.1244E-07,-3.1248E-07
0.95000000000000007,0.9,-2.8740000000000002E-11,1.4310000000000002E-11,2.307E-11,3.1216E-07,-3.1244E-07
0.94500000000000006,0.9,-3.029E-11,1.3560000000000001E-11,2.806E-11,3.1242E-07,-3.1244E-07
0.94000000000000006,0.9,-5.754E-11,9.0800000000000009E-12,2.94E-11,3.1244E-07,-3.124E-07
0.935,0.9,-5.051E-11,2.8100000000000003E-12,3.619E-11,3.1246E-07,-3.1244E-07
0.93,0.9,-7.406E-11,4.37E-12,5.3440000000000005E-11,3.1242E-07,-3.1238E-07
0.925,0.9,-6.528E-11,1.6200000000000002E-12,5.2740000000000003E-11,3.1242E-07,-3.124E-07
0.92,0.9,-6.441E-11,3.58E-12,6.235000000000001E-11,3.1242E-07,-3.1234E-07
0.915,0.9,-8.74E-11,3.2600000000000002E-12,8.561E-11,3.1244E-07,-3.1238E-07
0.91,0.9,-1.0806000000000001E-10,5.5200000000000007E-12,9.3260000000000009E-11,3.1246E-07,-3.1238E-07
0.905,0.9,-1.4218000000000002E-10,5.4000000000000004E-12,1.0633000000000001E-10,3.1244E-07,-3.1234E-07
0.9,0.9,-1.2346E-10,-9.2000000000000012E-13,1.2865000000000002E-10,3.1254E-07,-3.1235999999999997E-07
0.895,0.9,-1.5618000000000002E-10,4.0000000000000006E-14,1.5689000000000001E-10,3.1235999999999997E-07,-3.1238E-07
0.89,0.9,-1.7507000000000002E-10,-7.44E-12,1.7589000000000003E-10,3.1248E-07,-3.1226E-07
0.885,0.9,-2.1379000000000002E-10,-8.33E-12,2.0522000000000002E-10,3.1235999999999997E-07,-3.1238E-07
0.88,0.9,-2.7713E-10,-1.2160000000000002E-11,2.6672000000000004E-10,3.1235999999999997E-07,-3.124E-07
0.875,0.9,-3.0678E-10,-9.34E-12,2.8946E-10,3.1235999999999997E-07,-3.1235999999999997E-07
0.87,0.9,-3.7005000000000003E-10,-5.5100000000000006E-12,3.4597000000000005E-10,3.1232E-07,-3.1184E-07
0.865,0.9,-3.8868000000000005E-10,-5.0000000000000005E-12,4.2153000000000004E-10,3.1235999999999997E-07,-3.1228E-07
0.86,0.9,-4.6559000000000004E-10,-4.12E-12,5.0082E-10,3.1238E-07,-3.1246E-07
0.85500000000000009,0.9,-5.9395E-10,-1.0930000000000001E-11,5.6915E-10,3.1235999999999997E-07,-3.1242E-07
0.85000000000000009,0.9,-6.836600000000001E-10,-1.452E-11,6.7185E-10,3.1242E-07,-3.1234E-07
0.84500000000000008,0.9,-8.198600000000001E-10,-1.912E-11,7.7998E-10,3.124E-07,-3.1235999999999997E-07
0.84000000000000008,0.9,-9.0607000000000006E-10,-2.05E-11,9.3553E-10,3.1238E-07,-3.1238E-07
0.83500000000000008,0.9,-1.0961900000000001E-09,-2.212E-11,1.1032100000000002E-09,3.1176E-07,-3.1228E-07
0.83000000000000007,0.9,-1.249E-09,-2.449E-11,1.2664E-09,3.1244E-07,-3.1176E-07
0.82500000000000007,0.9,-1.4725E-09,-2.154E-11,1.4818E-09,3.124E-07,-3.1232E-07
0.82000000000000006,0.9,-1.6854E-09,-2.9070000000000003E-11,1.7166E-09,3.1249999999999997E-07,-3.1228E-07
0.81500000000000006,0.9,-2.0127E-09,-3.3990000000000004E-11,2.0309E-09,3.1232E-07,-3.1238E-07
0.81,0.9,-2.3261E-09,-3.8180000000000004E-11,2.3808E-09,3.1178E-07,-3.1182E-07
0.805,0.9,-2.7855E-09,-4.2050000000000006E-11,2.8253E-09,3.1238E-07,-3.1244E-07
0.8,0.9,-3.3728E-09,-3.511E-11,3.3338E-09,3.1238E-07,-3.1242E-07
0.795,0.9,-3.8041E-09,-3.7060000000000006E-11,3.9584E-09,3.1235999999999997E-07,-3.1242E-07
0.79,0.9,-4.4721E-09,-4.156E-11,4.5932E-09,3.1246E-07,-3.1238E-07
0.785,0.9,-5.3256E-09,-4.826E-11,5.4299E-09,3.1248E-07,-3.124E-07
0.78,0.9,-6.429E-09,-5.6860000000000004E-11,6.3272E-09,3.1244E-07,-3.1248E-07
0.775,0.9,-7.3453E-09,-6.399E-11,7.3694E-09,3.1249999999999997E-07,-3.1242E-07
0.77,0.9,-8.5835E-09,-7.019E-11,8.7611E-09,3.1244E-07,-3.1234E-07
0.765,0.9,-1.02671E-08,-7.1750000000000011E-11,1.03284E-08,3.1248E-07,-3.1249999999999997E-07
0.76,0.9,-1.2018399999999999E-08,-7.436E-11,1.1991E-08,3.1238E-07,-3.123E-07
0.755,0.9,-1.40532E-08,-7.9200000000000008E-11,1.42252E-08,3.1244E-07,-3.124E-07
0.75,0.9,-1.64652E-08,-8.591E-11,1.66312E-08,3.1242E-07,-3.1238E-07
0.745,0.9,-1.9486199999999997E-08,-9.3430000000000007E-11,1.9777999999999997E-08,3.1244E-07,-3.1235999999999997E-07
0.74,0.9,-2.2704399999999998E-08,-9.9880000000000008E-11,2.3309799999999997E-08,3.1244E-07,-3.1232E-07
0.735,0.9,-2.6567999999999997E-08,-1.0699000000000001E-10,2.6963799999999998E-08,3.1238E-07,-3.1228E-07
0.73,0.9,-3.14802E-08,-1.1645000000000002E-10,3.22206E-08,3.124E-07,-3.1232E-07
0.72500000000000009,0.9,-3.67356E-08,-1.271E-10,3.8957799999999993E-08,3.1238E-07,-3.1234E-07
0.72000000000000008,0.9,-4.4242999999999995E-08,-1.3758E-10,4.46896E-08,3.1232E-07,-3.1235999999999997E-07
0.71500000000000008,0.9,-5.2113799999999995E-08,-1.4999000000000002E-10,5.2824399999999992E-08,3.1238E-07,-3.124E-07
0.71000000000000008,0.9,-6.0622799999999989E-08,-1.61E-10,6.17518E-08,3.1238E-07,-3.1232E-07
0.70500000000000007,0.9,-7.16368E-08,-1.7573000000000002E-10,7.1736799999999992E-08,3.123E-07,-3.1238E-07
0.70000000000000007,0.9,-8.495979999999999E-08,-1.8853000000000002E-10,8.27994E-08,3.1238E-07,-3.1238E-07
0.69500000000000006,0.9,-9.8254799999999991E-08,-2.0237000000000002E-10,9.9410199999999986E-08,3.1238E-07,-3.1242E-07
0.69000000000000006,0.9,-1.1479279999999999E-07,-2.1900000000000002E-10,1.1186E-07,3.1242E-07,-3.1238E-07
0.685,0.9,-1.3708E-07,-2.3336E-10,1.306E-07,3.1235999999999997E-07,-3.1235999999999997E-07
0.68,0.9,-1.5838E-07,-2.4593E-10,1.5882E-07,3.1242E-07,-3.1244E-07
0.675,0.9,-1.8642E-07,-2.6086E-10,1.8619999999999999E-07,3.123E-07,-3.1242E-07
0.67,0.9,-2.1882E-07,-2.7958000000000003E-10,2.1814E-07,3.1249999999999997E-07,-3.124E-07
0.665,0.9,-2.5474E-07,-3.0008E-10,2.4902E-07,3.1254E-07,-3.1244E-07
0.66,0.9,-2.9586E-07,-3.1791000000000004E-10,2.9974E-07,3.1242E-07,-3.124E-07
0.655,0.9,-3.4354E-07,-3.3576000000000004E-10,3.532E-07,3.1242E-07,-3.1244E-07
0.65,0.9,-4.1396E-07,-3.5077E-10,4.1312E-07,3.1248E-07,-3.1238E-07
0.645,0.9,-4.7074E-07,-3.7102000000000003E-10,4.7692E-07,3.1242E-07,-3.1246E-07
0.64,0.9,-5.424E-07,-3.9158E-10,5.4312E-07,3.124E-07,-3.124E-07
0.635,0.9,-6.216E-07,-4.1295000000000006E-10,6.2936E-07,3.1242E-07,-3.124E-07
0.63,0.9,-7.0463999999999994E-07,-4.3439000000000004E-10,7.2704E-07,3.124E-07,-3.124E-07
0.625,0.9,-8.3115999999999993E-07,-4.5827E-10,8.4962E-07,3.1242E-07,-3.124E-07
0.62,0.9,-9.4E-07,-4.7954000000000008E-10,9.383E-07,3.1242E-07,-3.124E-07
0.615,0.9,-1.0571E-06,-5.0175E-10,1.0718E-06,3.1242E-07,-3.1238E-07
0.61,0.9,-1.2924000000000001E-06,-5.2789E-10,1.2495E-06,3.1238E-07,-3.1232E-07
0.605,0.9,-1.4253000000000001E-06,-5.444E-10,1.3972000000000002E-06,3.124E-07,-3.1234E-07
0.6,0.9,-1.5838000000000002E-06,-5.7159000000000009E-10,1.6082000000000001E-06,3.1235999999999997E-07,-3.1242E-07
0.595,0.9,-1.7545E-06,-5.9741E-10,1.6968000000000002E-06,3.1372E-07,-3.1364E-07
0.59000000000000008,0.9,-1.8894000000000003E-06,-6.291200000000001E-10,1.9489E-06,3.1372E-07,-3.1368E-07
0.58500000000000008,0.9,-2.0814E-06,-6.5550000000000006E-10,2.154E-06,3.1356E-07,-3.1364E-07
0.58000000000000007,0.9,-2.3217E-06,-6.7879000000000009E-10,2.3115000000000002E-06,3.1368E-07,-3.136E-07
0.57500000000000007,0.9,-2.5849000000000004E-06,-7.0229000000000006E-10,2.5933000000000002E-06,3.137E-07,-3.1358E-07
0.57000000000000006,0.9,-2.7200000000000002E-06,-7.2895000000000005E-10,2.7850000000000004E-06,3.137E-07,-3.1368E-07
0.56500000000000006,0.9,-3.0691000000000004E-06,-7.5853000000000007E-10,3.1269000000000005E-06,3.1368E-07,-3.1368E-07
0.56,0.9,-3.2028000000000005E-06,-7.9361E-10,3.2264E-06,3.1372E-07,-3.1366E-07
0.555,0.9,-3.5697000000000003E-06,-8.2788E-10,3.4356E-06,3.136E-07,-3.136E-07
0.55,0.9,-3.7288E-06,-8.5910000000000006E-10,3.6587000000000002E-06,3.135E-07,-3.1356E-07
0.545,0.9,-3.9888000000000007E-06,-8.8991000000000008E-10,4.0542E-06,3.1361999999999997E-07,-3.1358E-07
0.54,0.9,-4.3504000000000007E-06,-9.2143000000000009E-10,4.2453000000000007E-06,3.1356E-07,-3.1358E-07
0.535,0.9,-4.6437E-06,-9.5704E-10,4.6805E-06,3.1364E-07,-3.1356E-07
0.53,0.9,-5.0478E-06,-9.9349E-10,5.0473000000000008E-06,3.1388E-07,-3.1364E-07
0.525,0.9,-5.4732E-06,-1.03107E-09,5.4044E-06,3.1364E-07,-3.1354E-07
0.52,0.9,-6.0028E-06,-1.0715300000000001E-09,6.0942000000000009E-06,3.1356E-07,-3.1354E-07
0.515,0.9,-6.6080000000000009E-06,-1.10881E-09,6.5457000000000007E-06,3.1366E-07,-3.1356E-07
0.51,0.9,-7.2952000000000009E-06,-1.1503E-09,7.2015E-06,3.1366E-07,-3.1364E-07
0.505,0.9,-7.9117E-06,-1.1916E-09,7.9892000000000014E-06,3.135E-07,-3.1366E-07
0.5,0.9,-8.8593000000000017E-06,-1.2352E-09,8.8759000000000009E-06,3.1368E-07,-3.1366E-07
0.49500000000000005,0.9,-9.6710000000000011E-06,-1.2785E-09,9.7162E-06,3.1366E-07,-3.1361999999999997E-07
0.49000000000000005,0.9,-1.0704800000000001E-05,-1.3231E-09,1.0810900000000002E-05,3.1366E-07,-3.1361999999999997E-07
0.48500000000000004,0.9,-1.14964E-05,-1.367E-09,1.1896000000000001E-05,3.1358E-07,-3.1354E-07
0.48000000000000004,0.9,-1.3224E-05,-1.4207E-09,1.311E-05,3.136E-07,-3.136E-07
0.47500000000000003,0.9,-1.4410000000000001E-05,-1.4685E-09,1.4432E-05,3.1372E-07,-3.1364E-07
0.47000000000000003,0.9,-1.5744E-05,-1.5184E-09,1.5856000000000002E-05,3.1364E-07,-3.1361999999999997E-07
0.465,0.9,-1.7348E-05,-1.5747E-09,1.7296000000000002E-05,3.1361999999999997E-07,-3.1354E-07
0.46,0.9,-1.8902E-05,-1.6293E-09,1.8920000000000002E-05,3.136E-07,-3.136E-07
0.455,0.9,-2.0618E-05,-1.6834E-09,2.0626000000000002E-05,3.1368E-07,-3.1356E-07
0.45,0.9,-2.2278E-05,-1.7415E-09,2.2472E-05,3.136E-07,-3.1356E-07
0.445,0.9,-2.409E-05,-1.8065E-09,2.4138E-05,3.1364E-07,-3.1368E-07
0.44,0.9,-2.5968E-05,-1.8683E-09,2.6052E-05,3.1368E-07,-3.1364E-07
0.435,0.9,-2.7906E-05,-1.9278E-09,2.7804E-05,3.1368E-07,-3.1361999999999997E-07
0.43,0.9,-3.0006E-05,-2.0016E-09,3.0014E-05,3.1366E-07,-3.136E-07
0.42500000000000004,0.9,-3.1838E-05,-2.0688E-09,3.1896E-05,3.1356E-07,-3.1358E-07
0.42000000000000004,0.9,-3.3862E-05,-2.1371E-09,3.3942E-05,3.1368E-07,-3.1361999999999997E-07
0.41500000000000004,0.9,-3.5794E-05,-2.2101E-09,3.5812E-05,3.1364E-07,-3.1358E-07
0.41000000000000003,0.9,-3.7884E-05,-2.285E-09,3.785E-05,3.1361999999999997E-07,-3.1356E-07
0.405,0.9,-4.0042E-05,-2.3676E-09,4.0024E-05,3.1366E-07,-3.1366E-07
0.4,0.9,-4.2478E-05,-2.4446E-09,4.23E-05,3.1368E-07,-3.1364E-07
0.395,0.9,-4.4418E-05,-2.5345E-09,4.4182000000000005E-05,3.1368E-07,-3.1361999999999997E-07
0.39,0.9,-4.634E-05,-2.6164E-09,4.6236E-05,3.1364E-07,-3.1366E-07
0.385,0.9,-4.8164E-05,-2.6999E-09,4.8246E-05,3.1361999999999997E-07,-3.1364E-07
0.38,0.9,-5.0258E-05,-2.7866E-09,5.0106000000000004E-05,3.1368E-07,-3.1366E-07
0.375,0.9,-5.2094E-05,-2.8926E-09,5.2430000000000005E-05,3.1368E-07,-3.136E-07
0.37,0.9,-5.433E-05,-2.987E-09,5.4056E-05,3.1364E-07,-3.1364E-07
0.365,0.9,-5.5834E-05,-3.0832E-09,5.585E-05,3.1356E-07,-3.136E-07
0.36000000000000004,0.9,-5.8118E-05,-3.186E-09,5.8128E-05,3.136E-07,-3.1358E-07
0.35500000000000004,0.9,-6.026E-05,-3.294E-09,6.009E-05,3.1368E-07,-3.1364E-07
0.35000000000000003,0.9,-6.1944E-05,-3.4012E-09,6.215E-05,3.1361999999999997E-07,-3.1364E-07
0.34500000000000003,0.9,-6.3888000000000009E-05,-3.5142E-09,6.3798E-05,3.1368E-07,-3.1364E-07
0.34,0.9,-6.5328000000000009E-05,-3.6304E-09,6.5284000000000007E-05,3.1364E-07,-3.1361999999999997E-07
0.335,0.9,-6.675E-05,-3.7494E-09,6.6704E-05,3.1382E-07,-3.1388E-07
0.33,0.9,-6.8454E-05,-3.8733E-09,6.88E-05,3.1366E-07,-3.1368E-07
0.325,0.9,-7.0184E-05,-3.9985E-09,7.0272000000000008E-05,3.1366E-07,-3.1358E-07
0.32,0.9,-7.2120000000000007E-05,-4.1279E-09,7.2012E-05,3.1354E-07,-3.136E-07
0.315,0.9,-7.3314E-05,-4.2609E-09,7.3514E-05,3.137E-07,-3.1361999999999997E-07
0.31,0.9,-7.4626E-05,-4.3991E-09,7.4874E-05,3.1364E-07,-3.1361999999999997E-07
0.305,0.9,-7.6652E-05,-4.5363E-09,7.6728E-05,3.1364E-07,-3.136E-07
0.3,0.9,-7.8082E-05,-4.6904E-09,7.8402E-05,3.1364E-07,-3.1366E-07
0.29500000000000004,0.9,-7.9716000000000007E-05,-4.8351E-09,7.991E-05,3.1361999999999997E-07,-3.1354E-07
0.29000000000000004,0.9,-8.0912E-05,-4.9882E-09,8.11E-05,3.1366E-07,-3.136E-07
0.28500000000000003,0.9,-8.2192E-05,-5.1468E-09,8.2292E-05,3.136E-07,-3.1358E-07
0.28,0.9,-8.3878E-05,-5.3053E-09,8.4116E-05,3.1361999999999997E-07,-3.1364E-07
0.275,0.9,-8.4518E-05,-5.4746E-09,8.4736E-05,3.1361999999999997E-07,-3.136E-07
0.27,0.9,-8.6046000000000009E-05,-5.6396E-09,8.6200000000000008E-05,3.1358E-07,-3.136E-07
0.265,0.9,-8.7586E-05,-5.8148E-09,8.747E-05,3.1368E-07,-3.136E-07
0.26,0.9,-8.8932000000000008E-05,-5.9957E-09,8.8678000000000007E-05,3.1361999999999997E-07,-3.1356E-07
0.255,0.9,-8.9924E-05,-6.186E-09,8.9734E-05,3.1361999999999997E-07,-3.1364E-07
0.25,0.9,-9.0778E-05,-6.3735E-09,9.102800000000001E-05,3.1361999999999997E-07,-3.136E-07
0.24500000000000002,0.9,-9.2066000000000009E-05,-6.5654E-09,9.1596000000000009E-05,3.1361999999999997E-07,-3.1354E-07
0.24000000000000002,0.9,-9.288200000000001E-05,-6.7577E-09,9.2984E-05,3.135E-07,-3.136E-07
0.23500000000000001,0.9,-9.4256E-05,-6.9667E-09,9.4542E-05,3.1366E-07,-3.1358E-07
0.23,0.9,-9.5332E-05,-7.1784E-09,9.5454E-05,3.1361999999999997E-07,-3.1366E-07
0.225,0.9,-9.6412E-05,-7.3963E-09,9.6486E-05,3.1366E-07,-3.1356E-07
0.22,0.9,-9.7346E-05,-7.6118E-09,9.7284E-05,3.136E-07,-3.1347999999999997E-07
0.215,0.9,-9.867E-05,-7.8344E-09,9.8662E-05,3.1366E-07,-3.136E-07
0.21000000000000002,0.9,-9.9248000000000009E-05,-8.0537E-09,9.9578E-05,3.1356E-07,-3.136E-07
0.20500000000000002,0.9,-0.00010021800000000001,-8.2211E-09,0.00010047800000000001,3.1361999999999997E-07,-3.1361999999999997E-07
0.2,0.9,-0.000100918,-8.472E-09,0.00010081,3.1358E-07,-3.1361999999999997E-07
0.195,0.9,-0.00010168,-8.7167E-09,0.000101574,3.1366E-07,-3.1354E-07
0.19,0.9,-0.00010267,-8.9647E-09,0.000102402,3.1366E-07,-3.136E-07
0.185,0.9,-0.000103016,-9.2993E-09,0.00010306,3.136E-07,-3.1378E-07
0.18000000000000002,0.9,-0.000103938,-9.5645E-09,0.000104326,3.1354E-07,-3.1354E-07
0.17500000000000002,0.9,-0.000105222,-9.8284E-09,0.0001055,3.1366E-07,-3.1347999999999997E-07
0.17,0.9,-0.000105862,-1.01019E-08,0.00010585,3.136E-07,-3.136E-07
0.165,0.9,-0.000106348,-1.03887E-08,0.00010636200000000001,3.1372E-07,-3.1364E-07
0.16,0.9,-0.00010704,-1.06749E-08,0.000107144,3.1366E-07,-3.1366E-07
0.155,0.9,-0.000107726,-1.09716E-08,0.000107602,3.1366E-07,-3.136E-07
0.15,0.9,-0.00010798,-1.1286E-08,0.00010829000000000001,3.1346E-07,-3.1352E-07
0.14500000000000002,0.9,-0.000108604,-1.15728E-08,0.000109102,3.1361999999999997E-07,-3.1356E-07
0.14,0.9,-0.000109048,-1.188E-08,0.00010979800000000001,3.137E-07,-3.1364E-07
0.135,0.9,-0.00011008,-1.2199999999999998E-08,0.000110092,3.1372E-07,-3.1364E-07
0.13,0.9,-0.000110136,-1.2533199999999998E-08,0.000110624,3.1374E-07,-3.1356E-07
0.125,0.9,-0.00011073800000000001,-1.2865799999999998E-08,0.000111032,3.1374E-07,-3.1356E-07
0.12000000000000001,0.9,-0.00011149800000000001,-1.3219999999999999E-08,0.00011161000000000001,3.1361999999999997E-07,-3.1364E-07
0.115,0.9,-0.00011165,-1.3554999999999998E-08,0.00011223,3.1366E-07,-3.136E-07
0.11,0.9,-0.000112866,-1.3948599999999998E-08,0.000113336,3.1358E-07,-3.1364E-07
0.10500000000000001,0.9,-0.00011343,-1.4311199999999999E-08,0.00011351200000000001,3.1358E-07,-3.136E-07
0.1,0.9,-0.000113504,-1.4698399999999999E-08,0.000114046,3.136E-07,-3.1361999999999997E-07
0.095,0.9,-0.000114534,-1.50692E-08,0.000114618,3.1368E-07,-3.137E-07
0.090000000000000011,0.9,-0.000114692,-1.54874E-08,0.000115006,3.1361999999999997E-07,-3.1364E-07
0.085,0.9,-0.000114986,-1.5883199999999998E-08,0.000115006,3.1361999999999997E-07,-3.1364E-07
0.08,0.9,-0.000114986,-1.62828E-08,0.000115006,3.1378E-07,-3.1364E-07
0.075,0.9,-0.000114982,-1.6720999999999998E-08,0.000115006,3.1368E-07,-3.1366E-07
0.07,0.9,-0.000114986,-1.71352E-08,0.00011774000000000001,3.1372E-07,-3.1366E-07
0.065,0.9,-0.00011728,-1.75272E-08,0.00012080000000000001,3.1374E-07,-3.1368E-07
0.060000000000000005,0.9,-0.00011774000000000001,-1.7805199999999997E-08,0.00011894000000000001,3.1374E-07,-3.1366E-07
0.055,0.9,-0.0001179,-1.83082E-08,0.00011794000000000001,3.1375999999999997E-07,-3.1374E-07
0.05,0.9,-0.00011764,-1.88998E-08,0.00011952000000000001,3.1372E-07,-3.1354E-07
0.045000000000000005,0.9,-0.00011942,-1.9382799999999998E-08,0.00011974,3.1378E-07,-3.1368E-07
0.04,0.9,-0.00012028000000000001,-1.9856399999999998E-08,0.00012074000000000001,3.1366E-07,-3.1366E-07
0.035,0.9,-0.00012006000000000001,-2.0394799999999997E-08,0.00012288000000000002,3.1378E-07,-3.1366E-07
0.030000000000000002,0.9,-0.00012242,-2.0900999999999996E-08,0.00012364,3.1366E-07,-3.136E-07
0.025,0.9,-0.00012256000000000002,-2.1429799999999996E-08,0.00012192000000000001,3.1374E-07,-3.1364E-07
0.02,0.9,-0.00011952000000000001,-2.1916399999999998E-08,0.00012088000000000001,3.1361999999999997E-07,-3.1364E-07
0.015000000000000001,0.9,-0.00012306,-2.24618E-08,0.00012206000000000001,3.1364E-07,-3.1364E-07
0.01,0.9,-0.00012112,-2.3001399999999997E-08,0.00012214000000000002,3.1364E-07,-3.1364E-07
0.005,0.9,-0.00012182000000000001,-2.3572799999999998E-08,0.00012176000000000001,3.1364E-07,-3.1368E-07
0,0.9,-0.00012332,-2.4149799999999997E-08,0.00012476000000000002,3.1374E-07,-3.1364E-07
