I/V Sweep,id_vds
RecordTime,01/13/2025 12:47:25
Device ID,
Count,2
Flag,
Remarks,
vd,vg,id,ig,is,iavdd,ignd
0,0,3.1927E-10,2.6E-13,-3.2596000000000003E-10,3.211E-07,-3.2102E-07
0.005,0,9.0919E-10,-1.9700000000000003E-12,-9.0603E-10,3.211E-07,-3.21E-07
0.01,0,1.387E-09,-5.8100000000000005E-12,-1.3706E-09,3.2108E-07,-3.2103999999999997E-07
0.015000000000000001,0,1.7773E-09,-7.870000000000001E-12,-1.7235E-09,3.2106E-07,-3.2108E-07
0.02,0,2.0955E-09,-1.5360000000000002E-11,-2.0319E-09,3.2103999999999997E-07,-3.2096E-07
0.025,0,2.3495E-09,-1.4070000000000001E-11,-2.2868E-09,3.2108E-07,-3.2102E-07
0.030000000000000002,0,2.5766E-09,-1.49E-11,-2.5099E-09,3.2108E-07,-3.2112E-07
0.035,0,2.7548E-09,-2.54E-11,-2.662E-09,3.2098E-07,-3.211E-07
0.04,0,2.9099E-09,-2.129E-11,-2.8213E-09,3.2092E-07,-3.2098E-07
0.045000000000000005,0,3.0392E-09,-3.033E-11,-2.9488E-09,3.2108E-07,-3.211E-07
0.05,0,3.1588E-09,-2.8000000000000003E-11,-3.0365E-09,3.2108E-07,-3.2106E-07
0.055,0,3.2326E-09,-4.7660000000000007E-11,-3.1363E-09,3.2108E-07,-3.2102E-07
0.060000000000000005,0,3.3263E-09,-6.264E-11,-3.2025E-09,3.21E-07,-3.2102E-07
0.065,0,3.3587E-09,-2.0570000000000003E-11,-3.2383E-09,3.2092E-07,-3.21E-07
0.07,0,3.4656E-09,-6.211E-11,-3.2714E-09,3.2098E-07,-3.2112E-07
0.075,0,3.5036E-09,-6.9660000000000008E-11,-3.3451E-09,3.2098E-07,-3.2103999999999997E-07
0.08,0,3.5432E-09,-3.6330000000000005E-11,-3.4036E-09,3.2096E-07,-3.2106E-07
0.085,0,3.6098E-09,-8.379E-11,-3.4095E-09,3.2102E-07,-3.2102E-07
0.090000000000000011,0,3.6461E-09,-7.973E-11,-3.4288E-09,3.2096E-07,-3.2106E-07
0.095,0,3.64E-09,-5.986E-11,-3.4557E-09,3.2092E-07,-3.21E-07
0.1,0,3.7147E-09,-1.0679000000000001E-10,-3.4448E-09,3.2092E-07,-3.2108E-07
0.10500000000000001,0,3.7235E-09,-8.902E-11,-3.4544E-09,3.2126E-07,-3.2136E-07
0.11,0,3.7343E-09,-9.1500000000000007E-11,-3.4683E-09,3.2096E-07,-3.2112E-07
0.115,0,3.7902E-09,-1.2599000000000002E-10,-3.4938E-09,3.2088E-07,-3.2108E-07
0.12000000000000001,0,3.7957E-09,-1.1132000000000001E-10,-3.5209E-09,3.2094E-07,-3.2108E-07
0.125,0,3.8269E-09,-1.2923E-10,-3.5114E-09,3.2086E-07,-3.2106E-07
0.13,0,3.865E-09,-1.4584E-10,-3.5103E-09,3.2089999999999997E-07,-3.2106E-07
0.135,0,3.8915E-09,-1.3860000000000002E-10,-3.5416E-09,3.2096E-07,-3.2106E-07
0.14,0,3.9189E-09,-1.5959000000000001E-10,-3.5169E-09,3.2086E-07,-3.2112E-07
0.14500000000000002,0,3.9395E-09,-1.6994E-10,-3.5093E-09,3.2096E-07,-3.2112E-07
0.15,0,3.9614E-09,-1.6981E-10,-3.5266E-09,3.21E-07,-3.2124E-07
0.155,0,3.9691E-09,-1.9824E-10,-3.5548999999999998E-09,3.2098E-07,-3.2112E-07
0.16,0,3.9885E-09,-2.0369000000000002E-10,-3.5557E-09,3.2092E-07,-3.212E-07
0.165,0,4.0562E-09,-2.0669E-10,-3.5484E-09,3.2086E-07,-3.2108E-07
0.17,0,4.0807E-09,-2.3597E-10,-3.5521999999999998E-09,3.2086E-07,-3.2124E-07
0.17500000000000002,0,4.0981E-09,-2.3710000000000004E-10,-3.5595E-09,3.2089999999999997E-07,-3.2117999999999997E-07
0.18000000000000002,0,4.1339E-09,-2.5035E-10,-3.5409E-09,3.2122E-07,-3.2148E-07
0.185,0,4.1543E-09,-2.7679000000000003E-10,-3.5489E-09,3.2086E-07,-3.2117999999999997E-07
0.19,0,4.1637E-09,-2.7936E-10,-3.5561E-09,3.2088E-07,-3.2124E-07
0.195,0,4.212E-09,-2.9658E-10,-3.5643E-09,3.2086E-07,-3.2126E-07
0.2,0,4.2474E-09,-3.2647E-10,-3.5654E-09,3.2089999999999997E-07,-3.212E-07
0.20500000000000002,0,4.2684E-09,-3.2452000000000003E-10,-3.5566E-09,3.208E-07,-3.2126E-07
0.21000000000000002,0,4.3042E-09,-3.4573E-10,-3.557E-09,3.2088E-07,-3.2122E-07
0.215,0,4.3677E-09,-3.7725E-10,-3.5538E-09,3.2086E-07,-3.2122E-07
0.22,0,4.3601E-09,-3.7796E-10,-3.5621E-09,3.2092E-07,-3.2128E-07
0.225,0,4.4357E-09,-4.0632000000000005E-10,-3.5694E-09,3.2086E-07,-3.2128E-07
0.23,0,4.4665E-09,-4.3068000000000006E-10,-3.5731E-09,3.2088E-07,-3.213E-07
0.23500000000000001,0,4.4789E-09,-4.4058000000000004E-10,-3.5622E-09,3.2084E-07,-3.212E-07
0.24000000000000002,0,4.5441E-09,-4.6573E-10,-3.5783E-09,3.2086E-07,-3.2126E-07
0.24500000000000002,0,4.5762E-09,-4.8994000000000007E-10,-3.573E-09,3.2084E-07,-3.213E-07
0.25,0,4.6183E-09,-5.0438000000000007E-10,-3.5758E-09,3.2088E-07,-3.2138E-07
0.255,0,4.6897E-09,-5.3238000000000008E-10,-3.5761E-09,3.2082E-07,-3.2136E-07
0.26,0,4.7354E-09,-5.5465E-10,-3.5745E-09,3.2088E-07,-3.2142E-07
0.265,0,4.7243E-09,-5.7654000000000006E-10,-3.6013E-09,3.2088E-07,-3.215E-07
0.27,0,4.7974E-09,-6.0845E-10,-3.605E-09,3.2086E-07,-3.215E-07
0.275,0,4.8376E-09,-6.2527000000000005E-10,-3.59E-09,3.2084E-07,-3.2148E-07
0.28,0,4.9068E-09,-6.553E-10,-3.5948E-09,3.2086E-07,-3.215E-07
0.28500000000000003,0,4.9571E-09,-6.8257000000000005E-10,-3.584E-09,3.2084E-07,-3.215E-07
0.29000000000000004,0,5.0233E-09,-7.0913E-10,-3.5956E-09,3.208E-07,-3.2156E-07
0.29500000000000004,0,5.0614E-09,-7.3935E-10,-3.5935E-09,3.2089999999999997E-07,-3.2156E-07
0.3,0,5.1287E-09,-7.6678E-10,-3.5904E-09,3.2088E-07,-3.2154E-07
0.305,0,5.1646E-09,-7.9615000000000009E-10,-3.6053E-09,3.2082E-07,-3.2154E-07
0.31,0,5.2088E-09,-8.2645000000000008E-10,-3.6141E-09,3.2088E-07,-3.215E-07
0.315,0,5.2654E-09,-8.6081E-10,-3.616E-09,3.2082E-07,-3.2156E-07
0.32,0,5.3498E-09,-8.9150000000000008E-10,-3.617E-09,3.2088E-07,-3.2162E-07
0.325,0,5.4086E-09,-9.2382E-10,-3.6189E-09,3.2086E-07,-3.2173999999999997E-07
0.33,0,5.4661E-09,-9.6019000000000018E-10,-3.6068E-09,3.2075999999999997E-07,-3.2166E-07
0.335,0,5.4903E-09,-9.9249000000000016E-10,-3.6258E-09,3.2084E-07,-3.2173999999999997E-07
0.34,0,5.564E-09,-1.02658E-09,-3.6418E-09,3.2086E-07,-3.2173999999999997E-07
0.34500000000000003,0,5.6543E-09,-1.0686E-09,-3.639E-09,3.2078E-07,-3.2178E-07
0.35000000000000003,0,5.7019E-09,-1.09784E-09,-3.6434E-09,3.2082E-07,-3.2173999999999997E-07
0.35500000000000004,0,5.7996E-09,-1.13853E-09,-3.6357999999999998E-09,3.208E-07,-3.218E-07
0.36000000000000004,0,5.8624E-09,-1.1746E-09,-3.6203E-09,3.2092E-07,-3.2184E-07
0.365,0,5.9157E-09,-1.2227E-09,-3.6472E-09,3.2092E-07,-3.219E-07
0.37,0,5.9893E-09,-1.2556E-09,-3.6143E-09,3.2088E-07,-3.2186E-07
0.375,0,6.1086E-09,-1.2949E-09,-3.6384999999999998E-09,3.2084E-07,-3.2201999999999997E-07
0.38,0,6.1482E-09,-1.3453E-09,-3.6357999999999998E-09,3.2088E-07,-3.2204E-07
0.385,0,6.2091E-09,-1.3812E-09,-3.6481E-09,3.208E-07,-3.22E-07
0.39,0,6.3072E-09,-1.4247E-09,-3.6546E-09,3.2086E-07,-3.2206E-07
0.395,0,6.4025E-09,-1.4764E-09,-3.6386E-09,3.2084E-07,-3.22E-07
0.4,0,6.4474E-09,-1.5153E-09,-3.6433E-09,3.2082E-07,-3.222E-07
0.405,0,6.5619E-09,-1.5635E-09,-3.6739E-09,3.208E-07,-3.221E-07
0.41000000000000003,0,6.595E-09,-1.6145E-09,-3.6525E-09,3.2086E-07,-3.2218E-07
0.41500000000000004,0,6.6928E-09,-1.6543E-09,-3.6543E-09,3.2086E-07,-3.222E-07
0.42000000000000004,0,6.8244E-09,-1.7056E-09,-3.6642E-09,3.2088E-07,-3.2232E-07
0.42500000000000004,0,6.896E-09,-1.7648E-09,-3.6626E-09,3.2084E-07,-3.2228E-07
0.43,0,7.0012E-09,-1.8038E-09,-3.6692E-09,3.2078E-07,-3.2234E-07
0.435,0,7.0476E-09,-1.8607E-09,-3.664E-09,3.2075999999999997E-07,-3.2234E-07
0.44,0,7.2007E-09,-1.9219E-09,-3.6725E-09,3.2082E-07,-3.2238E-07
0.445,0,7.2903E-09,-1.9625E-09,-3.6663E-09,3.2074E-07,-3.2246E-07
0.45,0,7.3209E-09,-2.0228E-09,-3.6869E-09,3.2086E-07,-3.2252E-07
0.455,0,7.49E-09,-2.0847E-09,-3.6635E-09,3.2084E-07,-3.2256E-07
0.46,0,7.539E-09,-2.1274E-09,-3.6836E-09,3.207E-07,-3.2256E-07
0.465,0,7.677E-09,-2.1944E-09,-3.684E-09,3.2084E-07,-3.2257999999999997E-07
0.47000000000000003,0,7.7321E-09,-2.2534E-09,-3.6936E-09,3.2082E-07,-3.2268E-07
0.47500000000000003,0,7.8931999999999992E-09,-2.3081E-09,-3.6968E-09,3.2082E-07,-3.2271999999999997E-07
0.48000000000000004,0,8.0201E-09,-2.3762E-09,-3.6966E-09,3.2084E-07,-3.2271999999999997E-07
0.48500000000000004,0,8.1626E-09,-2.4357E-09,-3.6759E-09,3.2086E-07,-3.227E-07
0.49000000000000005,0,8.2382E-09,-2.4948E-09,-3.706E-09,3.208E-07,-3.2278E-07
0.49500000000000005,0,8.3752E-09,-2.5651E-09,-3.6991E-09,3.2084E-07,-3.2292E-07
0.5,0,8.5217E-09,-2.6249E-09,-3.6917E-09,3.2078E-07,-3.2302E-07
0.505,0,8.6116E-09,-2.689E-09,-3.6907E-09,3.2086E-07,-3.2308E-07
0.51,0,8.6997E-09,-2.7626E-09,-3.6868E-09,3.208E-07,-3.2312E-07
0.515,0,8.8651E-09,-2.8308E-09,-3.7145E-09,3.208E-07,-3.2308E-07
0.52,0,9.0054E-09,-2.8957E-09,-3.7073E-09,3.2074E-07,-3.2313999999999997E-07
0.525,0,9.1562E-09,-2.966E-09,-3.6879E-09,3.208E-07,-3.2322E-07
0.53,0,9.2693E-09,-3.0372E-09,-3.6903E-09,3.2082E-07,-3.2316E-07
0.535,0,9.3106E-09,-3.113E-09,-3.7096E-09,3.208E-07,-3.2334E-07
0.54,0,9.4991E-09,-3.1827E-09,-3.7028E-09,3.2084E-07,-3.2344E-07
0.545,0,9.691E-09,-3.2567E-09,-3.7175E-09,3.2094E-07,-3.2352E-07
0.55,0,9.814E-09,-3.3324E-09,-3.7235E-09,3.208E-07,-3.2355999999999997E-07
0.555,0,9.9523E-09,-3.415E-09,-3.724E-09,3.2082E-07,-3.2362E-07
0.56,0,1.01061E-08,-3.4867E-09,-3.744E-09,3.2082E-07,-3.2354E-07
0.56500000000000006,0,1.0294E-08,-3.5684E-09,-3.7293E-09,3.207E-07,-3.2364E-07
0.57000000000000006,0,1.04191E-08,-3.6489E-09,-3.7135E-09,3.2078E-07,-3.2374E-07
0.57500000000000007,0,1.05404E-08,-3.7281E-09,-3.7405E-09,3.2078E-07,-3.2382E-07
0.58000000000000007,0,1.08023E-08,-3.8102E-09,-3.737E-09,3.2078E-07,-3.2394E-07
0.58500000000000008,0,1.08661E-08,-3.8983E-09,-3.7176E-09,3.2082E-07,-3.2402E-07
0.59000000000000008,0,1.09119E-08,-3.9804E-09,-3.7268E-09,3.2084E-07,-3.241E-07
0.595,0,1.11696E-08,-4.0671E-09,-3.7299E-09,3.2084E-07,-3.2418E-07
0.6,0,1.13238E-08,-4.1567E-09,-3.7416E-09,3.2088E-07,-3.2422E-07
0.605,0,1.1537599999999999E-08,-4.241E-09,-3.7436E-09,3.2088E-07,-3.2434E-07
0.61,0,1.1753599999999999E-08,-4.3329E-09,-3.7475E-09,3.2074E-07,-3.244E-07
0.615,0,1.1893999999999999E-08,-4.4227E-09,-3.759E-09,3.2075999999999997E-07,-3.2454E-07
0.62,0,1.2059999999999999E-08,-4.5167E-09,-3.767E-09,3.2084E-07,-3.2458E-07
0.625,0,1.22606E-08,-4.6088E-09,-3.7609E-09,3.2084E-07,-3.2466E-07
0.63,0,1.2377999999999998E-08,-4.706E-09,-3.7651E-09,3.2086E-07,-3.2466E-07
0.635,0,1.2644999999999998E-08,-4.797E-09,-3.7674E-09,3.208E-07,-3.2484E-07
0.64,0,1.2804399999999999E-08,-4.8979E-09,-3.768E-09,3.2078E-07,-3.2494E-07
0.645,0,1.2983E-08,-4.9991E-09,-3.7546E-09,3.2084E-07,-3.249E-07
0.65,0,1.3240399999999998E-08,-5.0906E-09,-3.7731E-09,3.2074E-07,-3.251E-07
0.655,0,1.3382599999999998E-08,-5.1927E-09,-3.7693E-09,3.2088E-07,-3.2526E-07
0.66,0,1.3583199999999999E-08,-5.3015E-09,-3.7998E-09,3.208E-07,-3.2506E-07
0.665,0,1.3776799999999999E-08,-5.3979E-09,-3.8056E-09,3.2074E-07,-3.254E-07
0.67,0,1.4132599999999998E-08,-5.5056E-09,-3.79E-09,3.2078E-07,-3.2544E-07
0.675,0,1.4200799999999998E-08,-5.6111E-09,-3.8167E-09,3.2078E-07,-3.2542E-07
0.68,0,1.4517999999999998E-08,-5.7197E-09,-3.82E-09,3.2078E-07,-3.2572E-07
0.685,0,1.4722599999999999E-08,-5.8275E-09,-3.8096E-09,3.2084E-07,-3.2572E-07
0.69000000000000006,0,1.4900599999999999E-08,-5.9398E-09,-3.8253E-09,3.2103999999999997E-07,-3.2614E-07
0.69500000000000006,0,1.5165799999999997E-08,-6.0446E-09,-3.83E-09,3.2078E-07,-3.2594E-07
0.70000000000000007,0,1.53628E-08,-6.1628E-09,-3.8342E-09,3.2074E-07,-3.261E-07
0.70500000000000007,0,1.56144E-08,-6.2769E-09,-3.8437E-09,3.2074E-07,-3.2606E-07
0.71000000000000008,0,1.5827E-08,-6.3871E-09,-3.8337E-09,3.2078E-07,-3.2628E-07
0.71500000000000008,0,1.61018E-08,-6.5091E-09,-3.8333E-09,3.2072E-07,-3.2636E-07
0.72000000000000008,0,1.63312E-08,-6.6229E-09,-3.8495E-09,3.2078E-07,-3.2656E-07
0.72500000000000009,0,1.65948E-08,-6.7422E-09,-3.8825E-09,3.2082E-07,-3.265E-07
0.73,0,1.68142E-08,-6.8703E-09,-3.8555E-09,3.2084E-07,-3.2662E-07
0.735,0,1.6996599999999998E-08,-6.9902E-09,-3.8703E-09,3.2074E-07,-3.269E-07
0.74,0,1.7335999999999997E-08,-7.1118E-09,-3.8597E-09,3.208E-07,-3.2712E-07
0.745,0,1.7533E-08,-7.2441E-09,-3.858E-09,3.2082E-07,-3.2708E-07
0.75,0,1.78482E-08,-7.3663E-09,-3.8775E-09,3.2074E-07,-3.2738E-07
0.755,0,1.8103799999999997E-08,-7.4921E-09,-3.883E-09,3.2075999999999997E-07,-3.2738E-07
0.76,0,1.83874E-08,-7.6301E-09,-3.8846E-09,3.2074E-07,-3.276E-07
0.765,0,1.86516E-08,-7.7541E-09,-3.8917E-09,3.2074E-07,-3.2774E-07
0.77,0,1.88842E-08,-7.8833E-09,-3.9E-09,3.2072E-07,-3.278E-07
0.775,0,1.91566E-08,-8.026E-09,-3.9027E-09,3.2072E-07,-3.2804E-07
0.78,0,1.95028E-08,-8.1584E-09,-3.9158E-09,3.2084E-07,-3.2802E-07
0.785,0,1.9860199999999998E-08,-8.2932E-09,-3.9086E-09,3.2082E-07,-3.2834E-07
0.79,0,2.01002E-08,-8.4451E-09,-3.9291E-09,3.2074E-07,-3.2832E-07
0.795,0,2.0268799999999997E-08,-8.5698E-09,-3.9355E-09,3.208E-07,-3.284E-07
0.8,0,2.0616599999999997E-08,-8.7175E-09,-3.958E-09,3.2074E-07,-3.2868E-07
0.805,0,2.09314E-08,-8.8628E-09,-3.9402E-09,3.2086E-07,-3.2876E-07
0.81,0,2.1275799999999997E-08,-9E-09,-3.9695E-09,3.208E-07,-3.2906E-07
0.81500000000000006,0,2.1553599999999997E-08,-9.1452E-09,-3.9792E-09,3.2074E-07,-3.291E-07
0.82000000000000006,0,2.19182E-08,-9.3016E-09,-3.9613E-09,3.2092E-07,-3.2918E-07
0.82500000000000007,0,2.2178E-08,-9.437E-09,-3.9813E-09,3.207E-07,-3.2944E-07
0.83000000000000007,0,2.2507799999999998E-08,-9.5979E-09,-3.9682E-09,3.2078E-07,-3.2948E-07
0.83500000000000008,0,2.2787599999999997E-08,-9.7496E-09,-3.9746E-09,3.207E-07,-3.2956E-07
0.84000000000000008,0,2.3092E-08,-9.9002E-09,-3.9632E-09,3.2074E-07,-3.2998E-07
0.84500000000000008,0,2.3562399999999998E-08,-1.00643E-08,-3.9839E-09,3.208E-07,-3.3034E-07
0.85000000000000009,0,2.3867599999999997E-08,-1.02159E-08,-3.9938E-09,3.2078E-07,-3.303E-07
0.85500000000000009,0,2.42068E-08,-1.03728E-08,-3.9844E-09,3.2078E-07,-3.303E-07
0.86,0,2.4462799999999998E-08,-1.05327E-08,-3.9696E-09,3.2084E-07,-3.3072E-07
0.865,0,2.49054E-08,-1.06956E-08,-4.0209E-09,3.207E-07,-3.3098E-07
0.87,0,2.51534E-08,-1.08532E-08,-3.9879E-09,3.2078E-07,-3.3098E-07
0.875,0,2.5616999999999997E-08,-1.10209E-08,-4.0133E-09,3.2086E-07,-3.313E-07
0.88,0,2.5881599999999998E-08,-1.11857E-08,-3.9989E-09,3.2074E-07,-3.3156E-07
0.885,0,2.62438E-08,-1.13516E-08,-4.0168E-09,3.207E-07,-3.317E-07
0.89,0,2.6687999999999997E-08,-1.1503799999999999E-08,-4.0422E-09,3.208E-07,-3.3196E-07
0.895,0,2.7120199999999998E-08,-1.1670599999999999E-08,-4.0296E-09,3.207E-07,-3.32E-07
0.9,0,2.7408999999999997E-08,-1.18502E-08,-4.0297E-09,3.207E-07,-3.3214E-07
0,0.15,5.5841E-08,1.8005000000000001E-10,-5.255E-08,3.2072E-07,-3.2066E-07
0.005,0.15,1.3874E-07,1.7723000000000002E-10,-1.3928E-07,3.208E-07,-3.2078E-07
0.01,0.15,2.0853999999999999E-07,1.6502000000000002E-10,-2.0852E-07,3.2084E-07,-3.2084E-07
0.015000000000000001,0.15,2.6392E-07,1.5943E-10,-2.6764E-07,3.2078E-07,-3.2075999999999997E-07
0.02,0.15,3.1445999999999997E-07,1.6198000000000002E-10,-3.1412E-07,3.2086E-07,-3.207E-07
0.025,0.15,3.549E-07,1.5796000000000002E-10,-3.5418E-07,3.207E-07,-3.208E-07
0.030000000000000002,0.15,3.8772E-07,1.4764000000000002E-10,-3.8562E-07,3.207E-07,-3.2074E-07
0.035,0.15,4.123E-07,1.4408E-10,-4.1162E-07,3.2075999999999997E-07,-3.2078E-07
0.04,0.15,4.3467999999999997E-07,1.508E-10,-4.367E-07,3.2082E-07,-3.2084E-07
0.045000000000000005,0.15,4.5395999999999997E-07,1.4144E-10,-4.5218E-07,3.2084E-07,-3.2078E-07
0.05,0.15,4.656E-07,1.329E-10,-4.7024E-07,3.208E-07,-3.2088E-07
0.055,0.15,4.8196E-07,1.3771E-10,-4.7914E-07,3.2078E-07,-3.2084E-07
0.060000000000000005,0.15,4.9221999999999994E-07,1.3762E-10,-4.906E-07,3.2098E-07,-3.2084E-07
0.065,0.15,5.011E-07,1.2485000000000001E-10,-5.0239999999999995E-07,3.2078E-07,-3.2082E-07
0.07,0.15,5.0648E-07,1.2434E-10,-5.0904E-07,3.208E-07,-3.2086E-07
0.075,0.15,5.1191999999999994E-07,1.2983E-10,-5.1378E-07,3.2084E-07,-3.2092E-07
0.08,0.15,5.2138E-07,1.2459E-10,-5.1952E-07,3.2078E-07,-3.2089999999999997E-07
0.085,0.15,5.2516E-07,1.1137000000000001E-10,-5.2394E-07,3.2082E-07,-3.2084E-07
0.090000000000000011,0.15,5.2926E-07,1.1734E-10,-5.2965999999999994E-07,3.208E-07,-3.2089999999999997E-07
0.095,0.15,5.3118E-07,1.2495000000000002E-10,-5.2848E-07,3.2072E-07,-3.2088E-07
0.1,0.15,5.339E-07,1.1047000000000001E-10,-5.338E-07,3.208E-07,-3.2088E-07
0.10500000000000001,0.15,5.3596E-07,1.0034000000000001E-10,-5.3466E-07,3.2074E-07,-3.2092E-07
0.11,0.15,5.4052E-07,1.1337E-10,-5.3802E-07,3.2075999999999997E-07,-3.2092E-07
0.115,0.15,5.3812E-07,1.1482000000000001E-10,-5.4074E-07,3.2078E-07,-3.2098E-07
0.12000000000000001,0.15,5.44E-07,9.743E-11,-5.3992E-07,3.2078E-07,-3.21E-07
0.125,0.15,5.4224E-07,9.658E-11,-5.4182E-07,3.208E-07,-3.2096E-07
0.13,0.15,5.4403999999999994E-07,1.0511000000000001E-10,-5.423E-07,3.208E-07,-3.2094E-07
0.135,0.15,5.4581999999999995E-07,1E-10,-5.467E-07,3.2078E-07,-3.21E-07
0.14,0.15,5.4792E-07,8.8330000000000007E-11,-5.4552E-07,3.2084E-07,-3.21E-07
0.14500000000000002,0.15,5.5328E-07,9.283E-11,-5.4892E-07,3.2075999999999997E-07,-3.2102E-07
0.15,0.15,5.4934E-07,9.880000000000001E-11,-5.491E-07,3.2078E-07,-3.21E-07
0.155,0.15,5.4956E-07,8.109E-11,-5.4978E-07,3.2084E-07,-3.21E-07
0.16,0.15,5.4622E-07,7.759E-11,-5.4738E-07,3.208E-07,-3.2094E-07
0.165,0.15,5.512E-07,8.9640000000000013E-11,-5.4878E-07,3.208E-07,-3.2106E-07
0.17,0.15,5.5372E-07,8.1180000000000011E-11,-5.5378E-07,3.2078E-07,-3.2102E-07
0.17500000000000002,0.15,5.5356E-07,6.873E-11,-5.5062E-07,3.208E-07,-3.2126E-07
0.18000000000000002,0.15,5.5365999999999994E-07,7.337E-11,-5.5182E-07,3.2078E-07,-3.2108E-07
0.185,0.15,5.5172E-07,7.347E-11,-5.5312E-07,3.2074E-07,-3.2106E-07
0.19,0.15,5.5094E-07,6.524E-11,-5.536E-07,3.208E-07,-3.2108E-07
0.195,0.15,5.5578E-07,6.041E-11,-5.5318E-07,3.208E-07,-3.2106E-07
0.2,0.15,5.5436E-07,5.765E-11,-5.5724E-07,3.208E-07,-3.2106E-07
0.20500000000000002,0.15,5.6298E-07,5.521E-11,-5.5484E-07,3.2078E-07,-3.2117999999999997E-07
0.21000000000000002,0.15,5.551E-07,4.687E-11,-5.555E-07,3.2078E-07,-3.2117999999999997E-07
0.215,0.15,5.5862E-07,4.7170000000000004E-11,-5.5776E-07,3.2078E-07,-3.2126E-07
0.22,0.15,5.5924E-07,4.1460000000000005E-11,-5.5708E-07,3.207E-07,-3.212E-07
0.225,0.15,5.5886E-07,3.219E-11,-5.6176E-07,3.2078E-07,-3.2124E-07
0.23,0.15,5.579E-07,2.839E-11,-5.5732E-07,3.2074E-07,-3.2117999999999997E-07
0.23500000000000001,0.15,5.5574E-07,2.482E-11,-5.6058E-07,3.2103999999999997E-07,-3.215E-07
0.24000000000000002,0.15,5.5784E-07,1.9090000000000002E-11,-5.5365999999999994E-07,3.2074E-07,-3.2124E-07
0.24500000000000002,0.15,5.5678E-07,8.55E-12,-5.6112E-07,3.2075999999999997E-07,-3.2131999999999997E-07
0.25,0.15,5.5948E-07,2.26E-12,-5.5757999999999994E-07,3.2078E-07,-3.2128E-07
0.255,0.15,5.5841999999999994E-07,-1.7000000000000002E-12,-5.609E-07,3.208E-07,-3.2124E-07
0.26,0.15,5.625E-07,-9.78E-12,-5.6296E-07,3.2082E-07,-3.2138E-07
0.265,0.15,5.6326E-07,-2.0750000000000003E-11,-5.6024E-07,3.208E-07,-3.2134E-07
0.27,0.15,5.6401999999999994E-07,-2.538E-11,-5.627E-07,3.2082E-07,-3.213E-07
0.275,0.15,5.64E-07,-3.237E-11,-5.6326E-07,3.208E-07,-3.2136E-07
0.28,0.15,5.6336E-07,-4.923E-11,-5.593E-07,3.2074E-07,-3.2134E-07
0.28500000000000003,0.15,5.662E-07,-5.5630000000000006E-11,-5.628E-07,3.208E-07,-3.2142E-07
0.29000000000000004,0.15,5.6438E-07,-5.836E-11,-5.6121999999999994E-07,3.2082E-07,-3.2144E-07
0.29500000000000004,0.15,5.6456E-07,-7.4930000000000006E-11,-5.6232E-07,3.2078E-07,-3.2144E-07
0.3,0.15,5.641E-07,-9.1440000000000009E-11,-5.6276E-07,3.2084E-07,-3.2145999999999997E-07
0.305,0.15,5.633E-07,-9.595E-11,-5.625E-07,3.2068E-07,-3.2154E-07
0.31,0.15,5.6344E-07,-1.0234E-10,-5.6406E-07,3.2084E-07,-3.2148E-07
0.315,0.15,5.6438E-07,-1.229E-10,-5.6594E-07,3.2074E-07,-3.2156E-07
0.32,0.15,5.66E-07,-1.346E-10,-5.6846E-07,3.2082E-07,-3.2158E-07
0.325,0.15,5.6872E-07,-1.4378000000000002E-10,-5.6722E-07,3.2075999999999997E-07,-3.2159999999999997E-07
0.33,0.15,5.6908E-07,-1.583E-10,-5.6646E-07,3.2074E-07,-3.2159999999999997E-07
0.335,0.15,5.6982E-07,-1.7913E-10,-5.6938E-07,3.208E-07,-3.2142E-07
0.34,0.15,5.6914E-07,-1.8946E-10,-5.6896E-07,3.2072E-07,-3.2168E-07
0.34500000000000003,0.15,5.6709999999999994E-07,-1.9781E-10,-5.6724E-07,3.2103999999999997E-07,-3.2186E-07
0.35000000000000003,0.15,5.7128E-07,-2.2179000000000002E-10,-5.698E-07,3.2078E-07,-3.2176E-07
0.35500000000000004,0.15,5.7447999999999994E-07,-2.4250000000000004E-10,-5.6942E-07,3.2074E-07,-3.218E-07
0.36000000000000004,0.15,5.718E-07,-2.5042E-10,-5.7232E-07,3.2078E-07,-3.218E-07
0.365,0.15,5.7132E-07,-2.6554E-10,-5.6762E-07,3.208E-07,-3.2184E-07
0.37,0.15,5.7098E-07,-2.9106000000000003E-10,-5.6612E-07,3.208E-07,-3.2186E-07
0.375,0.15,5.7014E-07,-3.12E-10,-5.7176E-07,3.2078E-07,-3.2192E-07
0.38,0.15,5.6964E-07,-3.2442E-10,-5.7195999999999994E-07,3.2066E-07,-3.219E-07
0.385,0.15,5.696E-07,-3.4425000000000003E-10,-5.6904E-07,3.2084E-07,-3.2187999999999997E-07
0.39,0.15,5.7554E-07,-3.7256E-10,-5.7372E-07,3.2084E-07,-3.221E-07
0.395,0.15,5.7452E-07,-3.8850000000000005E-10,-5.7266E-07,3.2074E-07,-3.2198E-07
0.4,0.15,5.7419999999999994E-07,-4.0567E-10,-5.6946E-07,3.2078E-07,-3.2204E-07
0.405,0.15,5.7442E-07,-4.3681E-10,-5.7158E-07,3.2078E-07,-3.2198E-07
0.41000000000000003,0.15,5.7512E-07,-4.6025000000000004E-10,-5.7102E-07,3.2078E-07,-3.2206E-07
0.41500000000000004,0.15,5.7528E-07,-4.7583E-10,-5.7384E-07,3.2078E-07,-3.222E-07
0.42000000000000004,0.15,5.7251999999999994E-07,-5.0201E-10,-5.7416E-07,3.2078E-07,-3.222E-07
0.42500000000000004,0.15,5.7464E-07,-5.3247E-10,-5.7576E-07,3.2074E-07,-3.222E-07
0.43,0.15,5.7874E-07,-5.5810000000000007E-10,-5.7508E-07,3.2084E-07,-3.2222E-07
0.435,0.15,5.796E-07,-5.7816E-10,-5.7334E-07,3.2078E-07,-3.2229999999999997E-07
0.44,0.15,5.7866E-07,-6.0825E-10,-5.7554E-07,3.208E-07,-3.2236E-07
0.445,0.15,5.7742E-07,-6.4044E-10,-5.751E-07,3.2074E-07,-3.2234E-07
0.45,0.15,5.7746E-07,-6.645800000000001E-10,-5.7542E-07,3.2078E-07,-3.2238E-07
0.455,0.15,5.807E-07,-6.922E-10,-5.7578E-07,3.208E-07,-3.2242E-07
0.46,0.15,5.8022E-07,-7.2651E-10,-5.7836E-07,3.208E-07,-3.2254E-07
0.465,0.15,5.8091999999999994E-07,-7.5797E-10,-5.7895999999999994E-07,3.2078E-07,-3.2254E-07
0.47000000000000003,0.15,5.8258E-07,-7.8504E-10,-5.7718E-07,3.2074E-07,-3.226E-07
0.47500000000000003,0.15,5.8134E-07,-8.1725E-10,-5.7783999999999994E-07,3.2078E-07,-3.226E-07
0.48000000000000004,0.15,5.8724E-07,-8.548500000000001E-10,-5.7956E-07,3.2078E-07,-3.2274E-07
0.48500000000000004,0.15,5.8175999999999994E-07,-8.87E-10,-5.8286E-07,3.2072E-07,-3.2271999999999997E-07
0.49000000000000005,0.15,5.8054E-07,-9.1810000000000007E-10,-5.8048E-07,3.208E-07,-3.2274E-07
0.49500000000000005,0.15,5.8409999999999994E-07,-9.5734000000000013E-10,-5.7668E-07,3.2072E-07,-3.2278E-07
0.5,0.15,5.8656E-07,-9.9456000000000013E-10,-5.7933999999999995E-07,3.2078E-07,-3.2284E-07
0.505,0.15,5.8574E-07,-1.03001E-09,-5.8584E-07,3.2074E-07,-3.229E-07
0.51,0.15,5.8282E-07,-1.0658700000000002E-09,-5.8213999999999994E-07,3.2075999999999997E-07,-3.2292E-07
0.515,0.15,5.867E-07,-1.10789E-09,-5.8147999999999994E-07,3.2066E-07,-3.2304E-07
0.52,0.15,5.906E-07,-1.14878E-09,-5.8518E-07,3.2078E-07,-3.231E-07
0.525,0.15,5.902E-07,-1.1844E-09,-5.824E-07,3.207E-07,-3.231E-07
0.53,0.15,5.8604E-07,-1.2236E-09,-5.844E-07,3.2102E-07,-3.2322E-07
0.535,0.15,5.89E-07,-1.2733E-09,-5.8576E-07,3.2074E-07,-3.2326E-07
0.54,0.15,5.8564E-07,-1.3153E-09,-5.8236E-07,3.2074E-07,-3.2336E-07
0.545,0.15,5.8916E-07,-1.3542E-09,-5.8325999999999994E-07,3.2078E-07,-3.2338E-07
0.55,0.15,5.87E-07,-1.3972E-09,-5.8608E-07,3.208E-07,-3.2334E-07
0.555,0.15,5.9126E-07,-1.4518E-09,-5.8542E-07,3.2074E-07,-3.235E-07
0.56,0.15,5.9399999999999995E-07,-1.4952E-09,-5.8674E-07,3.208E-07,-3.235E-07
0.56500000000000006,0.15,5.9192E-07,-1.536E-09,-5.8818E-07,3.2072E-07,-3.2364E-07
0.57000000000000006,0.15,5.9352E-07,-1.5929E-09,-5.896E-07,3.2072E-07,-3.2355999999999997E-07
0.57500000000000007,0.15,5.9538E-07,-1.6426E-09,-5.8646E-07,3.2074E-07,-3.2382E-07
0.58000000000000007,0.15,5.9584E-07,-1.6863E-09,-5.8902E-07,3.2075999999999997E-07,-3.2386E-07
0.58500000000000008,0.15,5.9417999999999994E-07,-1.7382E-09,-5.8714E-07,3.2072E-07,-3.2392E-07
0.59000000000000008,0.15,5.9506E-07,-1.7968E-09,-5.8982E-07,3.2074E-07,-3.2398E-07
0.595,0.15,5.9658E-07,-1.8483E-09,-5.8792E-07,3.207E-07,-3.2404E-07
0.6,0.15,5.9518E-07,-1.896E-09,-5.8856E-07,3.2078E-07,-3.2418E-07
0.605,0.15,5.9399999999999995E-07,-1.955E-09,-5.9244E-07,3.2074E-07,-3.2426E-07
0.61,0.15,5.9501999999999994E-07,-2.0154E-09,-5.9144E-07,3.208E-07,-3.2416E-07
0.615,0.15,5.9284E-07,-2.0673E-09,-5.9032E-07,3.207E-07,-3.2438E-07
0.62,0.15,5.9371999999999995E-07,-2.1249E-09,-5.9116E-07,3.2074E-07,-3.2444E-07
0.625,0.15,5.9648E-07,-2.189E-09,-5.9228E-07,3.207E-07,-3.2446E-07
0.63,0.15,5.969E-07,-2.2466E-09,-5.9042E-07,3.2074E-07,-3.2456E-07
0.635,0.15,6.0096E-07,-2.304E-09,-5.9432E-07,3.1998E-07,-3.2392E-07
0.64,0.15,5.958E-07,-2.3718E-09,-5.9504E-07,3.1991999999999997E-07,-3.2428E-07
0.645,0.15,5.9916E-07,-2.4357E-09,-5.9455999999999995E-07,3.2002E-07,-3.2404E-07
0.65,0.15,6.0008E-07,-2.4975E-09,-5.957E-07,3.2008E-07,-3.2416E-07
0.655,0.15,6.0028E-07,-2.5594E-09,-5.9106E-07,3.199E-07,-3.2442E-07
0.66,0.15,6.0524E-07,-2.6301E-09,-5.9198E-07,3.1935999999999997E-07,-3.243E-07
0.665,0.15,5.992E-07,-2.7003E-09,-5.9466E-07,3.1935999999999997E-07,-3.2442E-07
0.67,0.15,6.0484E-07,-2.7629E-09,-5.933E-07,3.1998E-07,-3.2464E-07
0.675,0.15,6.0232E-07,-2.8285E-09,-5.9528E-07,3.2005999999999997E-07,-3.248E-07
0.68,0.15,6.0396E-07,-2.9051E-09,-5.9244E-07,3.2002E-07,-3.2492E-07
0.685,0.15,6.0086E-07,-2.9779E-09,-5.9488E-07,3.1996E-07,-3.248E-07
0.69000000000000006,0.15,6.0386E-07,-3.0436E-09,-5.9498E-07,3.1935999999999997E-07,-3.2494E-07
0.69500000000000006,0.15,6.063E-07,-3.1186E-09,-5.965E-07,3.1991999999999997E-07,-3.2504E-07
0.70000000000000007,0.15,6.0384E-07,-3.1971E-09,-5.9556E-07,3.1991999999999997E-07,-3.251E-07
0.70500000000000007,0.15,6.0396E-07,-3.272E-09,-5.9728E-07,3.1996E-07,-3.2524E-07
0.71000000000000008,0.15,6.0518E-07,-3.345E-09,-5.9578E-07,3.1998E-07,-3.2546E-07
0.71500000000000008,0.15,6.0546E-07,-3.4283E-09,-5.9898E-07,3.2002E-07,-3.2546E-07
0.72000000000000008,0.15,6.063E-07,-3.5078E-09,-5.9585999999999994E-07,3.1998E-07,-3.2564E-07
0.72500000000000009,0.15,6.0706E-07,-3.5805E-09,-5.9594E-07,3.1996E-07,-3.2576E-07
0.73,0.15,6.1048E-07,-3.6654E-09,-6.0106E-07,3.1998E-07,-3.2584E-07
0.735,0.15,6.076E-07,-3.7541E-09,-6.0064E-07,3.1918E-07,-3.2576E-07
0.74,0.15,6.082E-07,-3.8339E-09,-5.9936E-07,3.2E-07,-3.262E-07
0.745,0.15,6.1288E-07,-3.9157E-09,-6.0168E-07,3.1996E-07,-3.2606E-07
0.75,0.15,6.11E-07,-4.0065E-09,-6.0232E-07,3.2005999999999997E-07,-3.2578E-07
0.755,0.15,6.1162E-07,-4.095E-09,-6.0132E-07,3.1991999999999997E-07,-3.2642E-07
0.76,0.15,6.1079999999999994E-07,-4.1793E-09,-6.0412E-07,3.2008E-07,-3.2659999999999997E-07
0.765,0.15,6.1369999999999994E-07,-4.2689E-09,-6.0138E-07,3.2004E-07,-3.2672E-07
0.77,0.15,6.1604E-07,-4.3667E-09,-6.021E-07,3.201E-07,-3.269E-07
0.775,0.15,6.2086E-07,-4.4551E-09,-6.0316E-07,3.2002E-07,-3.2701999999999997E-07
0.78,0.15,6.198E-07,-4.5438E-09,-6.053E-07,3.2002E-07,-3.2706E-07
0.785,0.15,6.1794E-07,-4.6432E-09,-6.0312E-07,3.2008E-07,-3.2726E-07
0.79,0.15,6.2125999999999994E-07,-4.7413E-09,-6.0854E-07,3.1991999999999997E-07,-3.2743999999999997E-07
0.795,0.15,6.1944E-07,-4.8322E-09,-6.0798E-07,3.1944E-07,-3.2706E-07
0.8,0.15,6.1888E-07,-4.9319E-09,-6.0598E-07,3.196E-07,-3.2778E-07
0.805,0.15,6.2097999999999994E-07,-5.0345E-09,-6.0858E-07,3.2E-07,-3.279E-07
0.81,0.15,6.1868E-07,-5.1369E-09,-6.0836E-07,3.1932E-07,-3.2802E-07
0.81500000000000006,0.15,6.2778E-07,-5.2345E-09,-6.0508E-07,3.2002E-07,-3.281E-07
0.82000000000000006,0.15,6.1962E-07,-5.3404E-09,-6.0718E-07,3.2E-07,-3.2838E-07
0.82500000000000007,0.15,6.2064E-07,-5.4457E-09,-6.0855999999999994E-07,3.2002E-07,-3.281E-07
0.83000000000000007,0.15,6.233E-07,-5.55E-09,-6.0664E-07,3.1998E-07,-3.2872E-07
0.83500000000000008,0.15,6.2573999999999994E-07,-5.6567E-09,-6.0704E-07,3.1994E-07,-3.2878E-07
0.84000000000000008,0.15,6.2601999999999994E-07,-5.7685E-09,-6.0837999999999995E-07,3.2E-07,-3.2902E-07
0.84500000000000008,0.15,6.2606E-07,-5.8747E-09,-6.1126E-07,3.1996E-07,-3.291E-07
0.85000000000000009,0.15,6.2352E-07,-5.9848E-09,-6.0995999999999994E-07,3.1991999999999997E-07,-3.2946E-07
0.85500000000000009,0.15,6.2993999999999994E-07,-6.0986E-09,-6.0792E-07,3.1934E-07,-3.2878E-07
0.86,0.15,6.2398E-07,-6.2161E-09,-6.1432E-07,3.1998E-07,-3.2976E-07
0.865,0.15,6.2596E-07,-6.3321E-09,-6.1156E-07,3.2E-07,-3.298E-07
0.87,0.15,6.2906E-07,-6.4456E-09,-6.0844E-07,3.1998E-07,-3.2992E-07
0.875,0.15,6.2598E-07,-6.5665E-09,-6.1026E-07,3.1991999999999997E-07,-3.3009999999999997E-07
0.88,0.15,6.2835999999999994E-07,-6.6866E-09,-6.1092E-07,3.2002E-07,-3.304E-07
0.885,0.15,6.3171999999999994E-07,-6.807E-09,-6.1144E-07,3.1996E-07,-3.3058E-07
0.89,0.15,6.3198E-07,-6.9298E-09,-6.1346E-07,3.2002E-07,-3.309E-07
0.895,0.15,6.3294E-07,-7.0569E-09,-6.1387999999999994E-07,3.2005999999999997E-07,-3.3107999999999997E-07
0.9,0.15,6.356E-07,-7.1809E-09,-6.1532E-07,3.1996E-07,-3.313E-07
0,0.3,-8.1045399999999991E-08,1.0446E-09,1.1621999999999999E-07,3.1998E-07,-3.1988E-07
0.005,0.3,1.0662E-05,1.0164E-09,-1.0642E-05,3.2008E-07,-3.1938E-07
0.01,0.3,1.98E-05,9.8280000000000016E-10,-1.9806E-05,3.2004E-07,-3.2004E-07
0.015000000000000001,0.3,2.746E-05,9.5633000000000015E-10,-2.747E-05,3.1998E-07,-3.1996E-07
0.02,0.3,3.4084E-05,9.2746E-10,-3.4030000000000005E-05,3.2002E-07,-3.2002E-07
0.025,0.3,3.9602000000000005E-05,9.0414E-10,-3.9506000000000004E-05,3.2004E-07,-3.1998E-07
0.030000000000000002,0.3,4.4192E-05,8.8528000000000007E-10,-4.4284000000000005E-05,3.2002E-07,-3.2005999999999997E-07
0.035,0.3,4.8118E-05,8.6035E-10,-4.8048000000000005E-05,3.1998E-07,-3.2E-07
0.04,0.3,5.1348000000000004E-05,8.3776000000000011E-10,-5.1378E-05,3.2E-07,-3.2005999999999997E-07
0.045000000000000005,0.3,5.42E-05,8.2101E-10,-5.4286E-05,3.1998E-07,-3.1994E-07
0.05,0.3,5.6598E-05,8.0660000000000009E-10,-5.6572E-05,3.1935999999999997E-07,-3.1942E-07
0.055,0.3,5.8414E-05,7.9449E-10,-5.8478000000000005E-05,3.1996E-07,-3.2002E-07
0.060000000000000005,0.3,6.0054000000000005E-05,7.7532000000000007E-10,-6.0058E-05,3.1938E-07,-3.1942E-07
0.065,0.3,6.1396E-05,7.6151000000000009E-10,-6.1302E-05,3.1918E-07,-3.1924E-07
0.07,0.3,6.2518E-05,7.5134E-10,-6.2548E-05,3.2002E-07,-3.1948E-07
0.075,0.3,6.3576E-05,7.407E-10,-6.3636E-05,3.2002E-07,-3.2005999999999997E-07
0.08,0.3,6.4488E-05,7.2697E-10,-6.451E-05,3.2002E-07,-3.2008E-07
0.085,0.3,6.5130000000000008E-05,7.1639E-10,-6.52E-05,3.2008E-07,-3.1954E-07
0.090000000000000011,0.3,6.5646E-05,7.1252E-10,-6.566E-05,3.2E-07,-3.2016E-07
0.095,0.3,6.612E-05,7.0370000000000006E-10,-6.6188E-05,3.2005999999999997E-07,-3.2005999999999997E-07
0.1,0.3,6.6626000000000009E-05,6.918800000000001E-10,-6.664E-05,3.2002E-07,-3.2014E-07
0.10500000000000001,0.3,6.6990000000000007E-05,6.8290000000000009E-10,-6.6928000000000007E-05,3.2005999999999997E-07,-3.2008E-07
0.11,0.3,6.7252E-05,6.8054E-10,-6.7344E-05,3.1928E-07,-3.1952E-07
0.115,0.3,6.7512E-05,6.7383E-10,-6.749E-05,3.199E-07,-3.2014E-07
0.12000000000000001,0.3,6.7798E-05,6.6521E-10,-6.7766E-05,3.2002E-07,-3.2018E-07
0.125,0.3,6.7894E-05,6.5774E-10,-6.8132E-05,3.2002E-07,-3.2016E-07
0.13,0.3,6.8216E-05,6.567700000000001E-10,-6.8334E-05,3.2E-07,-3.2019999999999997E-07
0.135,0.3,6.8268E-05,6.5177E-10,-6.8282000000000008E-05,3.2008E-07,-3.2014E-07
0.14,0.3,6.8546E-05,6.4422000000000008E-10,-6.851E-05,3.1991999999999997E-07,-3.2019999999999997E-07
0.14500000000000002,0.3,6.857E-05,6.3792E-10,-6.8564E-05,3.1996E-07,-3.2018E-07
0.15,0.3,6.8794E-05,6.3662E-10,-6.858E-05,3.2002E-07,-3.2014E-07
0.155,0.3,6.8766E-05,6.3462E-10,-6.8792E-05,3.1988E-07,-3.2012E-07
0.16,0.3,6.8914E-05,6.2719000000000009E-10,-6.901E-05,3.1998E-07,-3.2024E-07
0.165,0.3,6.9086000000000009E-05,6.2020000000000009E-10,-6.909E-05,3.1998E-07,-3.2019999999999997E-07
0.17,0.3,6.9074E-05,6.227800000000001E-10,-6.9110000000000007E-05,3.1996E-07,-3.2014E-07
0.17500000000000002,0.3,6.9296000000000009E-05,6.2069000000000006E-10,-6.926E-05,3.2002E-07,-3.203E-07
0.18000000000000002,0.3,6.9216E-05,6.1184E-10,-6.9196E-05,3.1998E-07,-3.2036E-07
0.185,0.3,6.9366E-05,6.0729000000000008E-10,-6.9222000000000009E-05,3.1935999999999997E-07,-3.1982E-07
0.19,0.3,6.9362E-05,6.0793000000000009E-10,-6.9386E-05,3.1998E-07,-3.2028E-07
0.195,0.3,6.9474E-05,6.0857E-10,-6.9398E-05,3.1932E-07,-3.1968E-07
0.2,0.3,6.964E-05,6.0217E-10,-6.9712E-05,3.1996E-07,-3.2026E-07
0.20500000000000002,0.3,6.9748E-05,5.9694E-10,-6.9564E-05,3.1996E-07,-3.2038E-07
0.21000000000000002,0.3,6.9842E-05,5.9793E-10,-6.9774E-05,3.1996E-07,-3.2032E-07
0.215,0.3,6.9814E-05,5.9928E-10,-6.9764E-05,3.1994E-07,-3.2038E-07
0.22,0.3,6.9754E-05,5.8897000000000009E-10,-6.9804E-05,3.2E-07,-3.2038E-07
0.225,0.3,7.0008E-05,5.8513E-10,-6.9978E-05,3.1996E-07,-3.2038E-07
0.23,0.3,6.9994000000000008E-05,5.8787000000000006E-10,-6.9946E-05,3.2002E-07,-3.205E-07
0.23500000000000001,0.3,7.0000000000000007E-05,5.8771E-10,-7.0064E-05,3.2E-07,-3.2044E-07
0.24000000000000002,0.3,7.0162E-05,5.8311000000000007E-10,-7.0192000000000008E-05,3.1998E-07,-3.2047999999999997E-07
0.24500000000000002,0.3,7.023E-05,5.7532E-10,-7.023E-05,3.1998E-07,-3.2047999999999997E-07
0.25,0.3,7.0284E-05,5.788E-10,-7.0266000000000008E-05,3.1994E-07,-3.2052E-07
0.255,0.3,7.043E-05,5.8005000000000008E-10,-7.037E-05,3.1994E-07,-3.2058E-07
0.26,0.3,7.044E-05,5.7357E-10,-7.043E-05,3.2004E-07,-3.2052E-07
0.265,0.3,7.0592E-05,5.6580000000000005E-10,-7.0478E-05,3.1998E-07,-3.2058E-07
0.27,0.3,7.066E-05,5.6930000000000009E-10,-7.0558E-05,3.2002E-07,-3.2056E-07
0.275,0.3,7.0600000000000008E-05,5.6990000000000007E-10,-7.0596E-05,3.1935999999999997E-07,-3.1994E-07
0.28,0.3,7.0528E-05,5.6542E-10,-7.069E-05,3.2002E-07,-3.2064E-07
0.28500000000000003,0.3,7.0882E-05,5.5832000000000009E-10,-7.0598E-05,3.2002E-07,-3.2058E-07
0.29000000000000004,0.3,7.079E-05,5.5859E-10,-7.0760000000000007E-05,3.1996E-07,-3.2064E-07
0.29500000000000004,0.3,7.0764E-05,5.6273000000000008E-10,-7.0730000000000009E-05,3.2004E-07,-3.2064E-07
0.3,0.3,7.082E-05,5.5488000000000005E-10,-7.0718E-05,3.1991999999999997E-07,-3.2068E-07
0.305,0.3,7.0936E-05,5.4642000000000006E-10,-7.0856E-05,3.1938E-07,-3.2016E-07
0.31,0.3,7.0974E-05,5.4775E-10,-7.0946000000000008E-05,3.1932E-07,-3.2078E-07
0.315,0.3,7.1006E-05,5.5196E-10,-7.1068E-05,3.1932E-07,-3.201E-07
0.32,0.3,7.103E-05,5.4471000000000008E-10,-7.0998E-05,3.2005999999999997E-07,-3.2082E-07
0.325,0.3,7.1100000000000007E-05,5.3808000000000007E-10,-7.114E-05,3.2E-07,-3.2086E-07
0.33,0.3,7.1248E-05,5.3431000000000009E-10,-7.1044E-05,3.2E-07,-3.2089999999999997E-07
0.335,0.3,7.1188E-05,5.3587E-10,-7.1296E-05,3.1996E-07,-3.2088E-07
0.34,0.3,7.138E-05,5.3204000000000006E-10,-7.1258E-05,3.2004E-07,-3.2088E-07
0.34500000000000003,0.3,7.1378E-05,5.2242E-10,-7.1426E-05,3.2004E-07,-3.2094E-07
0.35000000000000003,0.3,7.135E-05,5.2075000000000009E-10,-7.1478000000000009E-05,3.1996E-07,-3.2092E-07
0.35500000000000004,0.3,7.1578E-05,5.2212000000000005E-10,-7.1492E-05,3.201E-07,-3.2106E-07
0.36000000000000004,0.3,7.156E-05,5.1494000000000009E-10,-7.1466E-05,3.1996E-07,-3.2094E-07
0.365,0.3,7.1588E-05,5.0475E-10,-7.173E-05,3.199E-07,-3.2089999999999997E-07
0.37,0.3,7.173E-05,5.036E-10,-7.1678E-05,3.2002E-07,-3.2108E-07
0.375,0.3,7.176E-05,5.0092000000000007E-10,-7.1750000000000009E-05,3.2008E-07,-3.2117999999999997E-07
0.38,0.3,7.1654E-05,4.9517000000000006E-10,-7.1918E-05,3.2002E-07,-3.2047999999999997E-07
0.385,0.3,7.1822E-05,4.8391E-10,-7.1882E-05,3.1998E-07,-3.211E-07
0.39,0.3,7.1944E-05,4.7781E-10,-7.1926E-05,3.1998E-07,-3.2124E-07
0.395,0.3,7.1982E-05,4.7548E-10,-7.1884E-05,3.1934E-07,-3.205E-07
0.4,0.3,7.2022E-05,4.689E-10,-7.1926E-05,3.2002E-07,-3.2128E-07
0.405,0.3,7.2136E-05,4.5761000000000004E-10,-7.1984000000000007E-05,3.199E-07,-3.2124E-07
0.41000000000000003,0.3,7.2082E-05,4.5300000000000004E-10,-7.2122E-05,3.1996E-07,-3.2131999999999997E-07
0.41500000000000004,0.3,7.22E-05,4.4645000000000005E-10,-7.2022E-05,3.1994E-07,-3.2138E-07
0.42000000000000004,0.3,7.2166E-05,4.3561E-10,-7.2334E-05,3.199E-07,-3.2138E-07
0.42500000000000004,0.3,7.224E-05,4.2729000000000003E-10,-7.2256000000000008E-05,3.1991999999999997E-07,-3.2138E-07
0.43,0.3,7.236E-05,4.1811E-10,-7.2436000000000009E-05,3.2004E-07,-3.2145999999999997E-07
0.435,0.3,7.239E-05,4.1208000000000004E-10,-7.239E-05,3.1994E-07,-3.215E-07
0.44,0.3,7.2348E-05,3.9952000000000003E-10,-7.2496E-05,3.2004E-07,-3.2148E-07
0.445,0.3,7.2504000000000009E-05,3.8667E-10,-7.2634E-05,3.1996E-07,-3.2156E-07
0.45,0.3,7.2528000000000008E-05,3.7815000000000003E-10,-7.2502E-05,3.1994E-07,-3.2162E-07
0.455,0.3,7.2594E-05,3.6899000000000004E-10,-7.2756E-05,3.2004E-07,-3.2162E-07
0.46,0.3,7.277E-05,3.5466000000000004E-10,-7.2706E-05,3.1996E-07,-3.2176E-07
0.465,0.3,7.2894E-05,3.4236000000000005E-10,-7.2812000000000007E-05,3.1998E-07,-3.218E-07
0.47000000000000003,0.3,7.2784E-05,3.3417000000000005E-10,-7.2796E-05,3.1998E-07,-3.2186E-07
0.47500000000000003,0.3,7.2850000000000009E-05,3.1922E-10,-7.2852E-05,3.1938E-07,-3.2124E-07
0.48000000000000004,0.3,7.2930000000000008E-05,3.0352E-10,-7.29E-05,3.1998E-07,-3.219E-07
0.48500000000000004,0.3,7.2864E-05,2.8778E-10,-7.2924000000000009E-05,3.2004E-07,-3.2196E-07
0.49000000000000005,0.3,7.3004000000000008E-05,2.7632000000000003E-10,-7.304E-05,3.2E-07,-3.2204E-07
0.49500000000000005,0.3,7.3146000000000007E-05,2.6357E-10,-7.3206E-05,3.1991999999999997E-07,-3.22E-07
0.5,0.3,7.3140000000000008E-05,2.4363E-10,-7.3182E-05,3.1996E-07,-3.2208E-07
0.505,0.3,7.3216E-05,2.2481000000000002E-10,-7.3076E-05,3.2E-07,-3.221E-07
0.51,0.3,7.3306E-05,2.1232000000000002E-10,-7.315E-05,3.1996E-07,-3.2222E-07
0.515,0.3,7.3312E-05,1.9638000000000002E-10,-7.3256E-05,3.1996E-07,-3.2222E-07
0.52,0.3,7.3362E-05,1.7493E-10,-7.325E-05,3.199E-07,-3.2222E-07
0.525,0.3,7.3374E-05,1.5611000000000002E-10,-7.3306E-05,3.1994E-07,-3.2168E-07
0.53,0.3,7.3518E-05,1.3877E-10,-7.346E-05,3.1998E-07,-3.2242E-07
0.535,0.3,7.364E-05,1.2024000000000002E-10,-7.3476E-05,3.1996E-07,-3.2252E-07
0.54,0.3,7.3572E-05,9.834E-11,-7.3674E-05,3.1994E-07,-3.2254E-07
0.545,0.3,7.3626E-05,7.491E-11,-7.3566000000000007E-05,3.193E-07,-3.2196E-07
0.55,0.3,7.3736E-05,5.7730000000000004E-11,-7.3742E-05,3.2002E-07,-3.226E-07
0.555,0.3,7.3702000000000007E-05,3.85E-11,-7.38E-05,3.1994E-07,-3.227E-07
0.56,0.3,7.3848E-05,1.0100000000000001E-11,-7.3682E-05,3.2002E-07,-3.2282E-07
0.56500000000000006,0.3,7.3798E-05,-1.218E-11,-7.3782E-05,3.1994E-07,-3.228E-07
0.57000000000000006,0.3,7.3834E-05,-3.3850000000000005E-11,-7.3948E-05,3.2E-07,-3.2292E-07
0.57500000000000007,0.3,7.398E-05,-5.706E-11,-7.3968000000000007E-05,3.1994E-07,-3.2298E-07
0.58000000000000007,0.3,7.406E-05,-8.564E-11,-7.4012000000000009E-05,3.1998E-07,-3.2308E-07
0.58500000000000008,0.3,7.4286E-05,-1.1242000000000001E-10,-7.3968000000000007E-05,3.1996E-07,-3.231E-07
0.59000000000000008,0.3,7.419E-05,-1.3859E-10,-7.401E-05,3.1996E-07,-3.2324E-07
0.595,0.3,7.4366E-05,-1.6261000000000002E-10,-7.4194E-05,3.1996E-07,-3.2326E-07
0.6,0.3,7.4204E-05,-1.9303E-10,-7.4184E-05,3.1998E-07,-3.2326E-07
0.605,0.3,7.4210000000000009E-05,-2.247E-10,-7.4278E-05,3.1994E-07,-3.2346E-07
0.61,0.3,7.4482E-05,-2.5269000000000003E-10,-7.4388E-05,3.2005999999999997E-07,-3.2348E-07
0.615,0.3,7.4304E-05,-2.8116000000000004E-10,-7.4402E-05,3.1991999999999997E-07,-3.2348E-07
0.62,0.3,7.4494000000000009E-05,-3.1598000000000003E-10,-7.4458E-05,3.2E-07,-3.2366E-07
0.625,0.3,7.4676E-05,-3.4695000000000003E-10,-7.4488000000000009E-05,3.1998E-07,-3.2372E-07
0.63,0.3,7.4608E-05,-3.7829000000000005E-10,-7.4616E-05,3.2E-07,-3.2388E-07
0.635,0.3,7.4634E-05,-4.1390000000000004E-10,-7.4636000000000008E-05,3.2005999999999997E-07,-3.2376E-07
0.64,0.3,7.4698000000000009E-05,-4.4758E-10,-7.4748E-05,3.2E-07,-3.2396E-07
0.645,0.3,7.4688E-05,-4.7962E-10,-7.481E-05,3.1991999999999997E-07,-3.2404E-07
0.65,0.3,7.4798E-05,-5.1601000000000006E-10,-7.4834000000000009E-05,3.2002E-07,-3.243E-07
0.655,0.3,7.4766000000000009E-05,-5.5633000000000008E-10,-7.489E-05,3.1996E-07,-3.2352E-07
0.66,0.3,7.4882E-05,-5.9426000000000008E-10,-7.4864000000000007E-05,3.201E-07,-3.2432E-07
0.665,0.3,7.503E-05,-6.3061000000000006E-10,-7.4978E-05,3.2008E-07,-3.2448E-07
0.67,0.3,7.5158E-05,-6.6949E-10,-7.5208E-05,3.1994E-07,-3.2446E-07
0.675,0.3,7.515E-05,-7.0890000000000011E-10,-7.5174000000000009E-05,3.1994E-07,-3.2456E-07
0.68,0.3,7.5284E-05,-7.5186E-10,-7.512E-05,3.1996E-07,-3.2474E-07
0.685,0.3,7.5312E-05,-7.8912000000000006E-10,-7.516E-05,3.2E-07,-3.248E-07
0.69000000000000006,0.3,7.533E-05,-8.3168000000000007E-10,-7.5232E-05,3.194E-07,-3.2494E-07
0.69500000000000006,0.3,7.5314E-05,-8.7980000000000011E-10,-7.5326E-05,3.1996E-07,-3.2502E-07
0.70000000000000007,0.3,7.5244E-05,-9.2392000000000005E-10,-7.5332E-05,3.2E-07,-3.251E-07
0.70500000000000007,0.3,7.5346E-05,-9.6721E-10,-7.5504E-05,3.1996E-07,-3.2528E-07
0.71000000000000008,0.3,7.5584E-05,-1.0106900000000002E-09,-7.5396000000000008E-05,3.2004E-07,-3.2544E-07
0.71500000000000008,0.3,7.551E-05,-1.0600300000000001E-09,-7.5470000000000008E-05,3.2E-07,-3.2548E-07
0.72000000000000008,0.3,7.5514000000000009E-05,-1.11299E-09,-7.5448E-05,3.1998E-07,-3.2564E-07
0.72500000000000009,0.3,7.5666E-05,-1.1576E-09,-7.558E-05,3.1996E-07,-3.2568E-07
0.73,0.3,7.5576E-05,-1.21E-09,-7.5674000000000008E-05,3.2002E-07,-3.2584E-07
0.735,0.3,7.5682E-05,-1.2604E-09,-7.5768E-05,3.1998E-07,-3.2589999999999997E-07
0.74,0.3,7.5814E-05,-1.3064E-09,-7.5848E-05,3.2002E-07,-3.2592E-07
0.745,0.3,7.5944E-05,-1.3614E-09,-7.5896E-05,3.2004E-07,-3.2626E-07
0.75,0.3,7.5922000000000009E-05,-1.4176E-09,-7.5936E-05,3.2002E-07,-3.2617999999999997E-07
0.755,0.3,7.5916E-05,-1.4725E-09,-7.5958000000000007E-05,3.1996E-07,-3.2642E-07
0.76,0.3,7.6094000000000007E-05,-1.5215E-09,-7.6072E-05,3.1935999999999997E-07,-3.2606E-07
0.765,0.3,7.618E-05,-1.5771E-09,-7.6128E-05,3.2E-07,-3.2673999999999997E-07
0.77,0.3,7.6056E-05,-1.6431E-09,-7.6152E-05,3.1998E-07,-3.2682E-07
0.775,0.3,7.608E-05,-1.701E-09,-7.6206000000000009E-05,3.2004E-07,-3.269E-07
0.78,0.3,7.6278E-05,-1.7534E-09,-7.6078E-05,3.2E-07,-3.2708E-07
0.785,0.3,7.6266E-05,-1.8137E-09,-7.6212000000000008E-05,3.2004E-07,-3.2718E-07
0.79,0.3,7.6198E-05,-1.8829E-09,-7.6224000000000007E-05,3.1998E-07,-3.274E-07
0.795,0.3,7.629E-05,-1.9425E-09,-7.6296E-05,3.2002E-07,-3.2752E-07
0.8,0.3,7.6402E-05,-2.0023E-09,-7.6410000000000009E-05,3.1996E-07,-3.2742E-07
0.805,0.3,7.6498E-05,-2.0626E-09,-7.6394E-05,3.201E-07,-3.2778E-07
0.81,0.3,7.646600000000001E-05,-2.1352E-09,-7.6464E-05,3.1998E-07,-3.2785999999999997E-07
0.81500000000000006,0.3,7.6578E-05,-2.2042E-09,-7.6518E-05,3.1998E-07,-3.2818E-07
0.82000000000000006,0.3,7.6498E-05,-2.2651E-09,-7.669E-05,3.1991999999999997E-07,-3.2832E-07
0.82500000000000007,0.3,7.6608000000000009E-05,-2.331E-09,-7.6824000000000008E-05,3.2002E-07,-3.2852E-07
0.83000000000000007,0.3,7.6828E-05,-2.4074E-09,-7.6788E-05,3.1998E-07,-3.2858E-07
0.83500000000000008,0.3,7.667E-05,-2.4795E-09,-7.6734E-05,3.1998E-07,-3.2874E-07
0.84000000000000008,0.3,7.6764E-05,-2.5429E-09,-7.6732E-05,3.1996E-07,-3.2876E-07
0.84500000000000008,0.3,7.6882E-05,-2.619E-09,-7.6896E-05,3.1998E-07,-3.2892E-07
0.85000000000000009,0.3,7.6872E-05,-2.6952E-09,-7.695E-05,3.2004E-07,-3.292E-07
0.85500000000000009,0.3,7.7040000000000008E-05,-2.7697E-09,-7.692E-05,3.2004E-07,-3.2946E-07
0.86,0.3,7.6888E-05,-2.8428E-09,-7.6916000000000007E-05,3.194E-07,-3.2897999999999997E-07
0.865,0.3,7.6976E-05,-2.9208E-09,-7.6924E-05,3.1998E-07,-3.297E-07
0.87,0.3,7.6974E-05,-3.002E-09,-7.7094E-05,3.1996E-07,-3.2984E-07
0.875,0.3,7.6994E-05,-3.0802E-09,-7.7042E-05,3.2E-07,-3.3016E-07
0.88,0.3,7.7176000000000008E-05,-3.156E-09,-7.7148E-05,3.2004E-07,-3.3036E-07
0.885,0.3,7.7264E-05,-3.2413E-09,-7.7294000000000009E-05,3.1996E-07,-3.3037999999999997E-07
0.89,0.3,7.7348E-05,-3.3304E-09,-7.718E-05,3.1996E-07,-3.3065999999999997E-07
0.895,0.3,7.7376E-05,-3.4104E-09,-7.7304E-05,3.2E-07,-3.3079999999999997E-07
0.9,0.3,7.7380000000000008E-05,-3.4903E-09,-7.7296E-05,3.1991999999999997E-07,-3.3118E-07
0,0.45,-3.5424E-05,5.767E-09,5.2524E-05,3.1998E-07,-3.2E-07
0.005,0.45,5.6328E-05,5.6198E-09,-0.00020676,3.2002E-07,-3.196E-07
0.01,0.45,0.00044994,5.4778E-09,-0.00044990000000000004,3.1996E-07,-3.1991999999999997E-07
0.015000000000000001,0.45,0.00067402,5.3369E-09,-0.00067308,3.1994E-07,-3.2E-07
0.02,0.45,0.00088462,5.1989E-09,-0.00088352,3.1991999999999997E-07,-3.1996E-07
0.025,0.45,0.00107398,5.0776E-09,-0.00107502,3.1991999999999997E-07,-3.1996E-07
0.030000000000000002,0.45,0.0012536000000000001,4.9558E-09,-0.0012534,3.2002E-07,-3.1996E-07
0.035,0.45,0.0014166,4.8421E-09,-0.001415,3.199E-07,-3.2005999999999997E-07
0.04,0.45,0.0015632,4.7337E-09,-0.0015622000000000001,3.2002E-07,-3.1994E-07
0.045000000000000005,0.45,0.0017006,4.6342E-09,-0.0016996000000000001,3.1998E-07,-3.2005999999999997E-07
0.05,0.45,0.001823,4.5397E-09,-0.0018228,3.2E-07,-3.2002E-07
0.055,0.45,0.0019370000000000001,4.4434E-09,-0.0019366000000000001,3.1996E-07,-3.1942E-07
0.060000000000000005,0.45,0.0020376,4.3583E-09,-0.0020378,3.2002E-07,-3.2002E-07
0.065,0.45,0.0021306,4.2849E-09,-0.00213,3.1991999999999997E-07,-3.2002E-07
0.07,0.45,0.0022122,4.2018E-09,-0.0022132000000000002,3.1996E-07,-3.2005999999999997E-07
0.075,0.45,0.0022882,4.1316E-09,-0.0022882,3.2004E-07,-3.2005999999999997E-07
0.08,0.45,0.0023546,4.0666E-09,-0.0023542,3.2004E-07,-3.2018E-07
0.085,0.45,0.0024146000000000003,4.0037E-09,-0.0024134,3.2002E-07,-3.2008E-07
0.090000000000000011,0.45,0.0024668,3.9467E-09,-0.0024668,3.1991999999999997E-07,-3.201E-07
0.095,0.45,0.0025154,3.8912E-09,-0.0025148,3.2005999999999997E-07,-3.2018E-07
0.1,0.45,0.0025576,3.8364E-09,-0.0025572,3.1996E-07,-3.2018E-07
0.10500000000000001,0.45,0.0025952,3.7949E-09,-0.0025946,3.1998E-07,-3.2014E-07
0.11,0.45,0.0026284,3.7486E-09,-0.0026264,3.2002E-07,-3.2014E-07
0.115,0.45,0.002658,3.7012E-09,-0.002658,3.1994E-07,-3.2022E-07
0.12000000000000001,0.45,0.0026842,3.669E-09,-0.0026832,3.2004E-07,-3.2024E-07
0.125,0.45,0.0027084,3.6396E-09,-0.0027072,3.2004E-07,-3.2014E-07
0.13,0.45,0.0027288,3.6001E-09,-0.0027278,3.201E-07,-3.2018E-07
0.135,0.45,0.002747,3.5667E-09,-0.0027466,3.1998E-07,-3.2026E-07
0.14,0.45,0.0027634,3.543E-09,-0.0027636,3.2004E-07,-3.2018E-07
0.14500000000000002,0.45,0.0027776,3.5198E-09,-0.0027762,3.2008E-07,-3.2026E-07
0.15,0.45,0.0027894,3.4896E-09,-0.0027898000000000003,3.1942E-07,-3.2019999999999997E-07
0.155,0.45,0.0028022,3.4627E-09,-0.0028016,3.2008E-07,-3.2024E-07
0.16,0.45,0.0028124,3.4472E-09,-0.0028118,3.2E-07,-3.2024E-07
0.165,0.45,0.002822,3.4262E-09,-0.0028208,3.2E-07,-3.203E-07
0.17,0.45,0.0028302,3.3989E-09,-0.0028294,3.194E-07,-3.1966E-07
0.17500000000000002,0.45,0.0028368,3.3818E-09,-0.0028354,3.2002E-07,-3.2036E-07
0.18000000000000002,0.45,0.0028442,3.3695E-09,-0.002843,3.2005999999999997E-07,-3.2036E-07
0.185,0.45,0.0028496,3.3535E-09,-0.0028492,3.2008E-07,-3.2026E-07
0.19,0.45,0.0028564000000000003,3.3327E-09,-0.0028554,3.201E-07,-3.2036E-07
0.195,0.45,0.0028610000000000003,3.3208E-09,-0.0028610000000000003,3.201E-07,-3.2038E-07
0.2,0.45,0.0028658,3.3131E-09,-0.0028652,3.1946E-07,-3.197E-07
0.20500000000000002,0.45,0.0028714,3.301E-09,-0.002871,3.2E-07,-3.2038E-07
0.21000000000000002,0.45,0.0028758,3.2825E-09,-0.002875,3.2008E-07,-3.2042E-07
0.215,0.45,0.0028792,3.2742E-09,-0.002879,3.2008E-07,-3.2044E-07
0.22,0.45,0.002883,3.2622E-09,-0.0028826,3.2012E-07,-3.2052E-07
0.225,0.45,0.0028876,3.255E-09,-0.0028870000000000002,3.2014E-07,-3.2054E-07
0.23,0.45,0.002891,3.2455E-09,-0.0028892,3.201E-07,-3.2052E-07
0.23500000000000001,0.45,0.002894,3.2302E-09,-0.0028926,3.2016E-07,-3.2052E-07
0.24000000000000002,0.45,0.002898,3.2253E-09,-0.002896,3.2018E-07,-3.2064E-07
0.24500000000000002,0.45,0.0028998,3.2179E-09,-0.0029002,3.2018E-07,-3.2064E-07
0.25,0.45,0.0029026,3.2083E-09,-0.0029028,3.2019999999999997E-07,-3.2008E-07
0.255,0.45,0.0029062000000000003,3.1991E-09,-0.002907,3.2008E-07,-3.2066E-07
0.26,0.45,0.0029088,3.1958E-09,-0.002908,3.201E-07,-3.2064E-07
0.265,0.45,0.002912,3.1915E-09,-0.0029108,3.2019999999999997E-07,-3.2064E-07
0.27,0.45,0.0029158,3.1797E-09,-0.0029148,3.2012E-07,-3.206E-07
0.275,0.45,0.0029172,3.1711E-09,-0.002918,3.2014E-07,-3.2066E-07
0.28,0.45,0.0029198,3.1619E-09,-0.0029192000000000003,3.1948E-07,-3.201E-07
0.28500000000000003,0.45,0.0029222000000000002,3.1652E-09,-0.0029218,3.2012E-07,-3.2075999999999997E-07
0.29000000000000004,0.45,0.0029248,3.1587E-09,-0.0029252,3.2008E-07,-3.2072E-07
0.29500000000000004,0.45,0.0029282,3.1493E-09,-0.0029274,3.2016E-07,-3.2084E-07
0.3,0.45,0.0029302,3.1431E-09,-0.0029304,3.201E-07,-3.2002E-07
0.305,0.45,0.002931,3.1426E-09,-0.0029324,3.1949999999999997E-07,-3.2026E-07
0.31,0.45,0.002935,3.1366E-09,-0.0029352000000000002,3.201E-07,-3.2082E-07
0.315,0.45,0.0029374,3.1289E-09,-0.0029362,3.2019999999999997E-07,-3.21E-07
0.32,0.45,0.00294,3.1298E-09,-0.0029398000000000002,3.2012E-07,-3.2086E-07
0.325,0.45,0.0029428,3.1206E-09,-0.0029416,3.2016E-07,-3.2033999999999997E-07
0.33,0.45,0.0029434,3.1167E-09,-0.0029432,3.1962E-07,-3.2096E-07
0.335,0.45,0.002947,3.1109E-09,-0.002947,3.2014E-07,-3.2102E-07
0.34,0.45,0.0029494,3.1104E-09,-0.0029478,3.1949999999999997E-07,-3.2042E-07
0.34500000000000003,0.45,0.0029514,3.1077E-09,-0.0029514,3.2014E-07,-3.2102E-07
0.35000000000000003,0.45,0.002954,3.1025E-09,-0.0029534,3.2022E-07,-3.211E-07
0.35500000000000004,0.45,0.0029572,3.0938E-09,-0.002955,3.2024E-07,-3.2122E-07
0.36000000000000004,0.45,0.0029584,3.0949E-09,-0.0029576,3.2019999999999997E-07,-3.2114E-07
0.365,0.45,0.0029598000000000003,3.093E-09,-0.0029598000000000003,3.2019999999999997E-07,-3.2126E-07
0.37,0.45,0.002963,3.0874E-09,-0.0029624,3.2018E-07,-3.2124E-07
0.375,0.45,0.0029644,3.0825E-09,-0.0029644,3.2016E-07,-3.2124E-07
0.38,0.45,0.0029678,3.0809E-09,-0.0029668,3.2026E-07,-3.2136E-07
0.385,0.45,0.0029706,3.075E-09,-0.0029676,3.2016E-07,-3.213E-07
0.39,0.45,0.0029708,3.075E-09,-0.0029712000000000002,3.2019999999999997E-07,-3.2134E-07
0.395,0.45,0.0029734,3.0712E-09,-0.0029728000000000003,3.2024E-07,-3.213E-07
0.4,0.45,0.0029752,3.0638E-09,-0.0029744,3.2022E-07,-3.2131999999999997E-07
0.405,0.45,0.0029782,3.0625E-09,-0.0029766000000000003,3.2024E-07,-3.215E-07
0.41000000000000003,0.45,0.002981,3.0595E-09,-0.0029792,3.2022E-07,-3.214E-07
0.41500000000000004,0.45,0.0029818,3.056E-09,-0.0029812000000000003,3.2018E-07,-3.2148E-07
0.42000000000000004,0.45,0.0029834,3.0505E-09,-0.0029832,3.2012E-07,-3.2159999999999997E-07
0.42500000000000004,0.45,0.0029862,3.0518E-09,-0.002986,3.2016E-07,-3.2162E-07
0.43,0.45,0.0029882,3.0492E-09,-0.0029878,3.2019999999999997E-07,-3.2173999999999997E-07
0.435,0.45,0.00299,3.0436E-09,-0.0029884,3.2014E-07,-3.2172E-07
0.44,0.45,0.0029928,3.0393E-09,-0.0029918,3.2024E-07,-3.2172E-07
0.445,0.45,0.0029946,3.0401E-09,-0.0029934000000000002,3.2014E-07,-3.2178E-07
0.45,0.45,0.002996,3.0356E-09,-0.0029954,3.2026E-07,-3.2184E-07
0.455,0.45,0.0029984,3.0268E-09,-0.0029976,3.2026E-07,-3.219E-07
0.46,0.45,0.0030012,3.0237E-09,-0.0029996000000000003,3.2019999999999997E-07,-3.218E-07
0.465,0.45,0.0030016,3.0242E-09,-0.0030012,3.2026E-07,-3.2204E-07
0.47000000000000003,0.45,0.0030046,3.0212E-09,-0.003004,3.2019999999999997E-07,-3.2198E-07
0.47500000000000003,0.45,0.0030058,3.0137E-09,-0.0030066,3.2032E-07,-3.2204E-07
0.48000000000000004,0.45,0.0030080000000000003,3.0119E-09,-0.0030072000000000002,3.2026E-07,-3.2204E-07
0.48500000000000004,0.45,0.0030102,3.0107E-09,-0.0030102,3.2019999999999997E-07,-3.2215999999999997E-07
0.49000000000000005,0.45,0.0030128,3.005E-09,-0.0030112,3.203E-07,-3.2226E-07
0.49500000000000005,0.45,0.0030132,2.9956E-09,-0.0030124,3.2026E-07,-3.222E-07
0.5,0.45,0.0030172000000000003,2.9931E-09,-0.003015,3.203E-07,-3.2228E-07
0.505,0.45,0.0030182,2.9902E-09,-0.0030182,3.2032E-07,-3.224E-07
0.51,0.45,0.003019,2.983E-09,-0.0030188,3.2026E-07,-3.225E-07
0.515,0.45,0.0030212,2.977E-09,-0.0030216,3.2026E-07,-3.2243999999999997E-07
0.52,0.45,0.0030236,2.9695E-09,-0.0030226,3.203E-07,-3.226E-07
0.525,0.45,0.0030252,2.9693E-09,-0.003026,3.2026E-07,-3.2248E-07
0.53,0.45,0.0030274,2.9614E-09,-0.0030262,3.2033999999999997E-07,-3.2266E-07
0.535,0.45,0.00303,2.9532E-09,-0.0030288,3.203E-07,-3.2268E-07
0.54,0.45,0.003032,2.9469E-09,-0.0030312,3.2026E-07,-3.228E-07
0.545,0.45,0.0030338,2.9432E-09,-0.0030328,3.2028E-07,-3.2282E-07
0.55,0.45,0.003035,2.9339E-09,-0.0030342,3.2028E-07,-3.2299999999999997E-07
0.555,0.45,0.0030368,2.9249E-09,-0.003038,3.2026E-07,-3.2296E-07
0.56,0.45,0.0030396,2.9191E-09,-0.0030384,3.203E-07,-3.2304E-07
0.56500000000000006,0.45,0.0030414,2.9108E-09,-0.0030398,3.2026E-07,-3.2299999999999997E-07
0.57000000000000006,0.45,0.0030436,2.9037E-09,-0.0030414,3.2028E-07,-3.2316E-07
0.57500000000000007,0.45,0.0030442,2.8919E-09,-0.003043,3.2004E-07,-3.2327999999999997E-07
0.58000000000000007,0.45,0.0030472,2.8837E-09,-0.0030456,3.2019999999999997E-07,-3.2274E-07
0.58500000000000008,0.45,0.0030496,2.8752E-09,-0.003048,3.2028E-07,-3.2344E-07
0.59000000000000008,0.45,0.0030508,2.8636E-09,-0.00305,3.2036E-07,-3.2346E-07
0.595,0.45,0.0030536,2.8482E-09,-0.0030522,3.2024E-07,-3.2352E-07
0.6,0.45,0.0030536,2.8432E-09,-0.003053,3.2038E-07,-3.2364E-07
0.605,0.45,0.0030564,2.8314E-09,-0.0030564,3.2032E-07,-3.2378E-07
0.61,0.45,0.0030576,2.816E-09,-0.0030564,3.2028E-07,-3.2378E-07
0.615,0.45,0.0030596,2.8001E-09,-0.0030600000000000002,3.2038E-07,-3.239E-07
0.62,0.45,0.0030622,2.7927E-09,-0.0030612,3.197E-07,-3.2332E-07
0.625,0.45,0.0030634,2.7815E-09,-0.0030622,3.1977999999999997E-07,-3.24E-07
0.63,0.45,0.0030656,2.7625E-09,-0.0030648,3.2042E-07,-3.2412E-07
0.635,0.45,0.0030668,2.7475E-09,-0.0030662000000000003,3.204E-07,-3.2355999999999997E-07
0.64,0.45,0.0030688,2.7356E-09,-0.0030682,3.2033999999999997E-07,-3.2422E-07
0.645,0.45,0.0030702,2.7244E-09,-0.0030706,3.204E-07,-3.2426E-07
0.65,0.45,0.003073,2.7075E-09,-0.0030712,3.2038E-07,-3.245E-07
0.655,0.45,0.0030732,2.6853E-09,-0.0030738000000000002,3.204E-07,-3.2448E-07
0.66,0.45,0.0030762,2.6731E-09,-0.003075,3.2033999999999997E-07,-3.2464E-07
0.665,0.45,0.0030772,2.6576E-09,-0.0030772,3.2046E-07,-3.2466E-07
0.67,0.45,0.0030804,2.6351E-09,-0.003078,3.2E-07,-3.249E-07
0.675,0.45,0.003082,2.6133E-09,-0.0030804,3.2033999999999997E-07,-3.2498E-07
0.68,0.45,0.003082,2.6013E-09,-0.0030824,3.2044E-07,-3.2504E-07
0.685,0.45,0.0030846000000000003,2.5852E-09,-0.003084,3.2038E-07,-3.251E-07
0.69000000000000006,0.45,0.003087,2.5623E-09,-0.003086,3.2047999999999997E-07,-3.253E-07
0.69500000000000006,0.45,0.0030876000000000002,2.5411E-09,-0.003087,3.1984E-07,-3.2466E-07
0.70000000000000007,0.45,0.0030898,2.5211E-09,-0.003089,3.2044E-07,-3.2552E-07
0.70500000000000007,0.45,0.0030934,2.4997E-09,-0.0030904,3.205E-07,-3.2558E-07
0.71000000000000008,0.45,0.0030934,2.4731E-09,-0.0030938,3.2046E-07,-3.2576E-07
0.71500000000000008,0.45,0.0030960000000000002,2.4508E-09,-0.003095,3.2032E-07,-3.2578E-07
0.72000000000000008,0.45,0.0030972,2.4283E-09,-0.0030974,3.2046E-07,-3.2536E-07
0.72500000000000009,0.45,0.0030992,2.4068E-09,-0.0030984,3.2046E-07,-3.2606E-07
0.73,0.45,0.0031006000000000002,2.3764E-09,-0.0031,3.1984E-07,-3.255E-07
0.735,0.45,0.003103,2.3486E-09,-0.0031026,3.205E-07,-3.2617999999999997E-07
0.74,0.45,0.0031046,2.3231E-09,-0.003105,3.2047999999999997E-07,-3.264E-07
0.745,0.45,0.0031072,2.299E-09,-0.0031054,3.2047999999999997E-07,-3.265E-07
0.75,0.45,0.0031088,2.2703E-09,-0.0031062,3.2058E-07,-3.2668E-07
0.755,0.45,0.0031098000000000002,2.2372E-09,-0.003108,3.2046E-07,-3.2672E-07
0.76,0.45,0.0031118,2.2121E-09,-0.003111,3.2052E-07,-3.269E-07
0.765,0.45,0.0031144000000000002,2.1825E-09,-0.003112,3.2047999999999997E-07,-3.2708E-07
0.77,0.45,0.003115,2.1465E-09,-0.0031142,3.2054E-07,-3.2712E-07
0.775,0.45,0.0031168,2.1138E-09,-0.0031158,3.205E-07,-3.2729999999999997E-07
0.78,0.45,0.0031190000000000002,2.0901E-09,-0.0031182000000000002,3.2052E-07,-3.2748E-07
0.785,0.45,0.0031202,2.0533E-09,-0.0031178,3.2047999999999997E-07,-3.2762E-07
0.79,0.45,0.0031216,2.0171E-09,-0.0031208,3.2056E-07,-3.2768E-07
0.795,0.45,0.0031226,1.9801E-09,-0.0031226,3.205E-07,-3.2798E-07
0.8,0.45,0.0031246,1.946E-09,-0.0031238,3.2046E-07,-3.2796E-07
0.805,0.45,0.0031276,1.9189E-09,-0.0031254,3.2056E-07,-3.282E-07
0.81,0.45,0.0031290000000000003,1.8738E-09,-0.0031282000000000003,3.2052E-07,-3.2798E-07
0.81500000000000006,0.45,0.0031304,1.833E-09,-0.0031294,3.205E-07,-3.2852E-07
0.82000000000000006,0.45,0.0031322,1.7999E-09,-0.0031322,3.205E-07,-3.2858E-07
0.82500000000000007,0.45,0.0031342,1.764E-09,-0.0031338,3.2052E-07,-3.2852E-07
0.83000000000000007,0.45,0.003135,1.7173E-09,-0.003135,3.2058E-07,-3.2862E-07
0.83500000000000008,0.45,0.003138,1.6769999999999999E-09,-0.0031362,3.2056E-07,-3.2897999999999997E-07
0.84000000000000008,0.45,0.0031388,1.6388E-09,-0.0031382000000000003,3.205E-07,-3.2925999999999997E-07
0.84500000000000008,0.45,0.0031414,1.5979E-09,-0.0031394,3.205E-07,-3.293E-07
0.85000000000000009,0.45,0.003143,1.5464E-09,-0.0031418,3.2056E-07,-3.297E-07
0.85500000000000009,0.45,0.0031442,1.5038E-09,-0.0031424,3.2052E-07,-3.2984E-07
0.86,0.45,0.0031466000000000003,1.4594E-09,-0.0031454,3.2052E-07,-3.2981999999999997E-07
0.865,0.45,0.0031472,1.4162E-09,-0.0031468,3.2056E-07,-3.3009999999999997E-07
0.87,0.45,0.0031498,1.3686E-09,-0.0031486,3.2047999999999997E-07,-3.3016E-07
0.875,0.45,0.0031508,1.3193E-09,-0.0031504000000000002,3.2036E-07,-3.3042E-07
0.88,0.45,0.003153,1.2753E-09,-0.0031516,3.2052E-07,-3.307E-07
0.885,0.45,0.0031556,1.2176E-09,-0.003154,3.2047999999999997E-07,-3.3082E-07
0.89,0.45,0.0031554,1.1687E-09,-0.0031546,3.2054E-07,-3.31E-07
0.895,0.45,0.0031576,1.1164E-09,-0.0031554,3.2052E-07,-3.3121999999999997E-07
0.9,0.45,0.0031596000000000003,1.0719E-09,-0.0031586,3.2056E-07,-3.3116E-07
0,0.6,-0.00013120000000000002,2.1994399999999997E-08,0.0001316,3.2014E-07,-3.1996E-07
0.005,0.6,0.00052962000000000007,2.1446199999999997E-08,-0.00053066000000000007,3.201E-07,-3.2002E-07
0.01,0.6,0.0011866000000000001,2.09082E-08,-0.0011844,3.201E-07,-3.2005999999999997E-07
0.015000000000000001,0.6,0.0018226,2.03936E-08,-0.001823,3.2002E-07,-3.2002E-07
0.02,0.6,0.0024506000000000003,1.9891999999999997E-08,-0.0024504,3.2002E-07,-3.2002E-07
0.025,0.6,0.0030536,1.94196E-08,-0.0030554,3.2004E-07,-3.2008E-07
0.030000000000000002,0.6,0.003656,1.8941799999999998E-08,-0.0036552,3.1998E-07,-3.2002E-07
0.035,0.6,0.004234,1.8484E-08,-0.0042334,3.2002E-07,-3.2008E-07
0.04,0.6,0.0047948,1.80656E-08,-0.004797,3.2002E-07,-3.2008E-07
0.045000000000000005,0.6,0.0053534,1.7633799999999997E-08,-0.0053528000000000004,3.2005999999999997E-07,-3.2004E-07
0.05,0.6,0.0058874,1.7216999999999998E-08,-0.0058856,3.2008E-07,-3.2005999999999997E-07
0.055,0.6,0.0064094,1.6812E-08,-0.0064128,3.2004E-07,-3.2005999999999997E-07
0.060000000000000005,0.6,0.0069142000000000006,1.6427E-08,-0.0069142000000000006,3.2008E-07,-3.2018E-07
0.065,0.6,0.0074074,1.6054E-08,-0.0074088,3.2005999999999997E-07,-3.1956E-07
0.07,0.6,0.007879,1.5698399999999998E-08,-0.0078802,3.201E-07,-3.2016E-07
0.075,0.6,0.0083402,1.53578E-08,-0.008342200000000001,3.1942E-07,-3.2014E-07
0.08,0.6,0.008782,1.5022999999999998E-08,-0.0087826,3.1924E-07,-3.1944E-07
0.085,0.6,0.0092124,1.4707199999999998E-08,-0.0092132,3.2014E-07,-3.2019999999999997E-07
0.090000000000000011,0.6,0.0096198,1.4397199999999999E-08,-0.0096196,3.2005999999999997E-07,-3.2016E-07
0.095,0.6,0.0100186,1.4098799999999999E-08,-0.010019,3.201E-07,-3.2018E-07
0.1,0.6,0.0103972,1.3812399999999998E-08,-0.0103954,3.2008E-07,-3.1977999999999997E-07
0.10500000000000001,0.6,0.0107632,1.3540199999999998E-08,-0.010761,3.2016E-07,-3.2024E-07
0.11,0.6,0.011108400000000001,1.3279999999999999E-08,-0.0111068,3.2014E-07,-3.2038E-07
0.115,0.6,0.0114416,1.3023399999999999E-08,-0.0114352,3.2014E-07,-3.203E-07
0.12000000000000001,0.6,0.011792,1.2780999999999999E-08,-0.011764000000000002,3.2018E-07,-3.2033999999999997E-07
0.125,0.6,0.012096,1.2543999999999998E-08,-0.012062000000000002,3.2019999999999997E-07,-3.2036E-07
0.13,0.6,0.01238,1.2323599999999998E-08,-0.012352000000000002,3.2022E-07,-3.2038E-07
0.135,0.6,0.012654,1.2108799999999999E-08,-0.012628,3.2022E-07,-3.2038E-07
0.14,0.6,0.012916,1.19046E-08,-0.012884000000000001,3.2019999999999997E-07,-3.204E-07
0.14500000000000002,0.6,0.013156000000000001,1.1710799999999999E-08,-0.013124000000000002,3.2026E-07,-3.2042E-07
0.15,0.6,0.013388,1.1527599999999999E-08,-0.013358000000000002,3.2024E-07,-3.2042E-07
0.155,0.6,0.013604000000000002,1.1349999999999999E-08,-0.013574000000000001,3.1986E-07,-3.2058E-07
0.16,0.6,0.013808,1.1179999999999998E-08,-0.01378,3.2028E-07,-3.2047999999999997E-07
0.165,0.6,0.013998000000000002,1.10198E-08,-0.013970000000000002,3.1962E-07,-3.199E-07
0.17,0.6,0.014182000000000002,1.0864399999999999E-08,-0.014152000000000001,3.203E-07,-3.2054E-07
0.17500000000000002,0.6,0.014350000000000002,1.0723E-08,-0.014318,3.2038E-07,-3.2054E-07
0.18000000000000002,0.6,0.014508000000000002,1.0584999999999999E-08,-0.014474,3.2032E-07,-3.2061999999999997E-07
0.185,0.6,0.014654000000000002,1.0451399999999999E-08,-0.014622000000000001,3.2042E-07,-3.2058E-07
0.19,0.6,0.014786,1.03342E-08,-0.014758000000000002,3.2036E-07,-3.2068E-07
0.195,0.6,0.014918,1.0209599999999998E-08,-0.014888000000000002,3.2042E-07,-3.2072E-07
0.2,0.6,0.015034,1.01034E-08,-0.015006000000000002,3.2038E-07,-3.2075999999999997E-07
0.20500000000000002,0.6,0.015146000000000002,9.9991999999999983E-09,-0.015114,3.204E-07,-3.2075999999999997E-07
0.21000000000000002,0.6,0.015242000000000002,9.9035999999999988E-09,-0.015218,3.2047999999999997E-07,-3.2084E-07
0.215,0.6,0.015338000000000001,9.8062E-09,-0.01531,3.2061999999999997E-07,-3.208E-07
0.22,0.6,0.015428,9.7217999999999984E-09,-0.015396000000000002,3.2054E-07,-3.2084E-07
0.225,0.6,0.015510000000000001,9.6379999999999984E-09,-0.015478000000000002,3.206E-07,-3.2089999999999997E-07
0.23,0.6,0.015582000000000002,9.5317E-09,-0.015550000000000001,3.2052E-07,-3.2089999999999997E-07
0.23500000000000001,0.6,0.015646,9.46E-09,-0.015618000000000002,3.2064E-07,-3.2096E-07
0.24000000000000002,0.6,0.015714000000000002,9.3944E-09,-0.015680000000000003,3.1982E-07,-3.2033999999999997E-07
0.24500000000000002,0.6,0.015778,9.3315E-09,-0.01574,3.206E-07,-3.21E-07
0.25,0.6,0.015822000000000003,9.268E-09,-0.015796,3.205E-07,-3.2114E-07
0.255,0.6,0.015878,9.2171E-09,-0.015844,3.2074E-07,-3.2108E-07
0.26,0.6,0.015922000000000002,9.1586E-09,-0.015896,3.2064E-07,-3.2114E-07
0.265,0.6,0.015966,9.1159E-09,-0.015932,3.2078E-07,-3.2114E-07
0.27,0.6,0.016,9.065E-09,-0.015974000000000002,3.2074E-07,-3.2046E-07
0.275,0.6,0.016042,9.0262E-09,-0.016012000000000002,3.207E-07,-3.2126E-07
0.28,0.6,0.016074,8.9784E-09,-0.016046,3.204E-07,-3.2136E-07
0.28500000000000003,0.6,0.016110000000000003,8.9408E-09,-0.016078000000000002,3.2078E-07,-3.2136E-07
0.29000000000000004,0.6,0.016134000000000003,8.9054E-09,-0.016104,3.2012E-07,-3.2138E-07
0.29500000000000004,0.6,0.016162000000000003,8.8682E-09,-0.016136,3.208E-07,-3.2142E-07
0.3,0.6,0.016186000000000002,8.8348E-09,-0.016154,3.2088E-07,-3.2144E-07
0.305,0.6,0.016212,8.8129E-09,-0.01618,3.2096E-07,-3.2148E-07
0.31,0.6,0.016232,8.7806E-09,-0.016206,3.2088E-07,-3.2154E-07
0.315,0.6,0.016256000000000003,8.7502E-09,-0.016226,3.2092E-07,-3.215E-07
0.32,0.6,0.016278,8.7235E-09,-0.016244,3.2089999999999997E-07,-3.2168E-07
0.325,0.6,0.016294000000000003,8.7017E-09,-0.016268,3.2098E-07,-3.2154E-07
0.33,0.6,0.016312,8.6811E-09,-0.016280000000000003,3.2026E-07,-3.2103999999999997E-07
0.335,0.6,0.016328000000000002,8.6576E-09,-0.016300000000000002,3.2096E-07,-3.2178E-07
0.34,0.6,0.016344,8.635E-09,-0.016318000000000003,3.2022E-07,-3.2103999999999997E-07
0.34500000000000003,0.6,0.016358,8.6151E-09,-0.016332000000000003,3.2028E-07,-3.211E-07
0.35000000000000003,0.6,0.016378,8.5971E-09,-0.016346000000000003,3.2098E-07,-3.2184E-07
0.35500000000000004,0.6,0.016392,8.5738E-09,-0.016362,3.2096E-07,-3.219E-07
0.36000000000000004,0.6,0.016406,8.561E-09,-0.016378,3.2098E-07,-3.2194E-07
0.365,0.6,0.01642,8.547E-09,-0.016390000000000002,3.2108E-07,-3.2201999999999997E-07
0.37,0.6,0.01643,8.5294E-09,-0.016402,3.211E-07,-3.2214E-07
0.375,0.6,0.016444,8.5105E-09,-0.016416,3.2116E-07,-3.2214E-07
0.38,0.6,0.016456000000000002,8.4938E-09,-0.01643,3.2114E-07,-3.2218E-07
0.385,0.6,0.016466,8.4793E-09,-0.016436000000000003,3.2114E-07,-3.2226E-07
0.39,0.6,0.016478000000000003,8.4691E-09,-0.016450000000000003,3.211E-07,-3.2228E-07
0.395,0.6,0.016494,8.4489E-09,-0.016462,3.2126E-07,-3.2228E-07
0.4,0.6,0.016504,8.4357E-09,-0.016474000000000003,3.2126E-07,-3.224E-07
0.405,0.6,0.016514,8.4253E-09,-0.016486,3.212E-07,-3.2243999999999997E-07
0.41000000000000003,0.6,0.016528,8.4205E-09,-0.016496,3.2116E-07,-3.2252E-07
0.41500000000000004,0.6,0.016534,8.4026E-09,-0.016506,3.2126E-07,-3.2262E-07
0.42000000000000004,0.6,0.016542,8.3901E-09,-0.016518,3.2131999999999997E-07,-3.226E-07
0.42500000000000004,0.6,0.016558,8.3844E-09,-0.016522000000000002,3.2138E-07,-3.226E-07
0.43,0.6,0.016566,8.3746E-09,-0.016536000000000002,3.2078E-07,-3.2215999999999997E-07
0.435,0.6,0.016576,8.3606E-09,-0.016546,3.208E-07,-3.2224E-07
0.44,0.6,0.016586,8.3431E-09,-0.016556,3.2088E-07,-3.2236E-07
0.445,0.6,0.016596000000000003,8.3459E-09,-0.016566,3.2089999999999997E-07,-3.2226E-07
0.45,0.6,0.01661,8.3332E-09,-0.016576,3.2098E-07,-3.2242E-07
0.455,0.6,0.016618,8.3197E-09,-0.016586,3.2103999999999997E-07,-3.2256E-07
0.46,0.6,0.016624,8.3119E-09,-0.016594,3.2092E-07,-3.226E-07
0.465,0.6,0.016632,8.3068E-09,-0.016602000000000002,3.2102E-07,-3.2252E-07
0.47000000000000003,0.6,0.016642,8.2944E-09,-0.016612000000000002,3.2103999999999997E-07,-3.2276E-07
0.47500000000000003,0.6,0.016652,8.2796E-09,-0.016624,3.211E-07,-3.228E-07
0.48000000000000004,0.6,0.016662,8.2787E-09,-0.016632,3.2102E-07,-3.228E-07
0.48500000000000004,0.6,0.016668000000000002,8.277E-09,-0.016642,3.2108E-07,-3.2284E-07
0.49000000000000005,0.6,0.016678000000000002,8.2577E-09,-0.01665,3.2114E-07,-3.2299999999999997E-07
0.49500000000000005,0.6,0.016686000000000003,8.2604E-09,-0.01666,3.2112E-07,-3.2298E-07
0.5,0.6,0.016698,8.2538E-09,-0.016664,3.2112E-07,-3.2312E-07
0.505,0.6,0.016704,8.2477E-09,-0.016672000000000003,3.2117999999999997E-07,-3.231E-07
0.51,0.6,0.016714000000000003,8.2358E-09,-0.016684,3.211E-07,-3.2318E-07
0.515,0.6,0.016724000000000003,8.2269E-09,-0.016696000000000003,3.2122E-07,-3.2327999999999997E-07
0.52,0.6,0.016734000000000002,8.2223E-09,-0.016702,3.2124E-07,-3.2332E-07
0.525,0.6,0.016744000000000002,8.218E-09,-0.016714000000000003,3.2126E-07,-3.2344E-07
0.53,0.6,0.016746,8.2081E-09,-0.016722,3.2117999999999997E-07,-3.2338E-07
0.535,0.6,0.016764,8.199E-09,-0.016730000000000002,3.2131999999999997E-07,-3.2362E-07
0.54,0.6,0.016764,8.2017E-09,-0.016734000000000002,3.2134E-07,-3.2358E-07
0.545,0.6,0.01677,8.1957E-09,-0.016744000000000002,3.214E-07,-3.2362E-07
0.55,0.6,0.016782000000000002,8.1722E-09,-0.01675,3.2134E-07,-3.238E-07
0.555,0.6,0.016790000000000003,8.1695E-09,-0.016758000000000002,3.2136E-07,-3.2384E-07
0.56,0.6,0.016798,8.1771E-09,-0.01677,3.2136E-07,-3.2404E-07
0.56500000000000006,0.6,0.016810000000000002,8.1705E-09,-0.016774,3.2144E-07,-3.2408E-07
0.57000000000000006,0.6,0.016814000000000003,8.157E-09,-0.016788,3.2145999999999997E-07,-3.2416E-07
0.57500000000000007,0.6,0.016822,8.1556E-09,-0.016794,3.2145999999999997E-07,-3.2426E-07
0.58000000000000007,0.6,0.01683,8.1521E-09,-0.016802,3.2148E-07,-3.2426E-07
0.58500000000000008,0.6,0.016836,8.1411E-09,-0.016814000000000003,3.2144E-07,-3.2442E-07
0.59000000000000008,0.6,0.016844,8.1326E-09,-0.016816,3.2154E-07,-3.2448E-07
0.595,0.6,0.016856000000000003,8.1324E-09,-0.016828000000000003,3.2164E-07,-3.2468E-07
0.6,0.6,0.016862000000000002,8.1258E-09,-0.01684,3.2166E-07,-3.2476E-07
0.605,0.6,0.016874,8.1178E-09,-0.016842000000000003,3.2158E-07,-3.2476E-07
0.61,0.6,0.016878,8.111E-09,-0.016848000000000002,3.2156E-07,-3.2482E-07
0.615,0.6,0.016884000000000003,8.1128E-09,-0.016854,3.2164E-07,-3.25E-07
0.62,0.6,0.016888,8.1033E-09,-0.016864,3.2164E-07,-3.2512E-07
0.625,0.6,0.016900000000000002,8.09E-09,-0.016872,3.2162E-07,-3.2516E-07
0.63,0.6,0.016908000000000003,8.0893E-09,-0.016880000000000003,3.211E-07,-3.2466E-07
0.635,0.6,0.016914000000000002,8.0871E-09,-0.016888,3.2176E-07,-3.2538E-07
0.64,0.6,0.016928000000000002,8.0775E-09,-0.016892,3.2108E-07,-3.2498E-07
0.645,0.6,0.016934,8.0669E-09,-0.016904000000000002,3.2178E-07,-3.2562E-07
0.65,0.6,0.01694,8.0605E-09,-0.01691,3.2176E-07,-3.2554E-07
0.655,0.6,0.016948,8.0613E-09,-0.016916,3.218E-07,-3.2588E-07
0.66,0.6,0.016954,8.0491E-09,-0.016926,3.2182E-07,-3.2584E-07
0.665,0.6,0.016966000000000002,8.0346E-09,-0.016936000000000003,3.2192E-07,-3.26E-07
0.67,0.6,0.016974000000000003,8.0373E-09,-0.016942000000000002,3.219E-07,-3.2602E-07
0.675,0.6,0.016974000000000003,8.0349E-09,-0.016952000000000002,3.2198E-07,-3.2612E-07
0.68,0.6,0.016986,8.0226E-09,-0.016958,3.2194E-07,-3.2636E-07
0.685,0.6,0.01699,8.0087E-09,-0.016962,3.2198E-07,-3.2656E-07
0.69000000000000006,0.6,0.016998000000000003,8.0062E-09,-0.016966000000000002,3.2206E-07,-3.2659999999999997E-07
0.69500000000000006,0.6,0.017006,8.0029E-09,-0.016978,3.22E-07,-3.2672E-07
0.70000000000000007,0.6,0.017014,7.9873E-09,-0.016984000000000003,3.221E-07,-3.269E-07
0.70500000000000007,0.6,0.01702,7.9757E-09,-0.016988000000000003,3.2208E-07,-3.2687999999999997E-07
0.71000000000000008,0.6,0.017028,7.9717E-09,-0.017,3.2206E-07,-3.2714E-07
0.71500000000000008,0.6,0.017034,7.9663E-09,-0.017006,3.221E-07,-3.2714E-07
0.72000000000000008,0.6,0.017040000000000003,7.9496E-09,-0.017014,3.222E-07,-3.2729999999999997E-07
0.72500000000000009,0.6,0.017050000000000003,7.9354E-09,-0.017022000000000002,3.2214E-07,-3.2743999999999997E-07
0.73,0.6,0.017058,7.9355E-09,-0.017028,3.2218E-07,-3.2771999999999997E-07
0.735,0.6,0.017062,7.9235E-09,-0.017038,3.2224E-07,-3.2771999999999997E-07
0.74,0.6,0.017074000000000002,7.9088E-09,-0.017042,3.2228E-07,-3.2796E-07
0.745,0.6,0.017078000000000003,7.895E-09,-0.017048,3.2173999999999997E-07,-3.2746E-07
0.75,0.6,0.017084000000000002,7.8926E-09,-0.017056,3.2224E-07,-3.2822E-07
0.755,0.6,0.017092000000000003,7.873E-09,-0.017062,3.224E-07,-3.2766E-07
0.76,0.6,0.017104,7.8565E-09,-0.017070000000000002,3.2236E-07,-3.2841999999999997E-07
0.765,0.6,0.01711,7.8539E-09,-0.017078000000000003,3.2232E-07,-3.2866E-07
0.77,0.6,0.01711,7.8466E-09,-0.017082,3.2236E-07,-3.2874E-07
0.775,0.6,0.017122000000000002,7.8315E-09,-0.017092000000000003,3.2242E-07,-3.2883999999999997E-07
0.78,0.6,0.017128,7.8101E-09,-0.0171,3.224E-07,-3.2886E-07
0.785,0.6,0.017136000000000002,7.7948E-09,-0.017104,3.225E-07,-3.2922E-07
0.79,0.6,0.017142,7.7893E-09,-0.01711,3.225E-07,-3.2934E-07
0.795,0.6,0.017150000000000002,7.7702E-09,-0.017118,3.225E-07,-3.296E-07
0.8,0.6,0.017156,7.7502E-09,-0.017126000000000002,3.2248E-07,-3.2967999999999997E-07
0.805,0.6,0.017168000000000003,7.7388E-09,-0.017134,3.2254E-07,-3.2988E-07
0.81,0.6,0.017172,7.7228E-09,-0.017138,3.2252E-07,-3.299E-07
0.81500000000000006,0.6,0.017176,7.701E-09,-0.017150000000000002,3.2254E-07,-3.3014E-07
0.82000000000000006,0.6,0.017182000000000003,7.6802E-09,-0.017154000000000003,3.2264E-07,-3.3016E-07
0.82500000000000007,0.6,0.017194,7.6674E-09,-0.017162,3.2268E-07,-3.3051999999999997E-07
0.83000000000000007,0.6,0.017196000000000003,7.6477999999999992E-09,-0.017168000000000003,3.2264E-07,-3.3044E-07
0.83500000000000008,0.6,0.017202000000000002,7.6261E-09,-0.017176,3.227E-07,-3.3088E-07
0.84000000000000008,0.6,0.017214,7.6114E-09,-0.017186,3.227E-07,-3.3106E-07
0.84500000000000008,0.6,0.017220000000000003,7.5917E-09,-0.017186,3.227E-07,-3.3128E-07
0.85000000000000009,0.6,0.017222,7.5714E-09,-0.017198,3.2282E-07,-3.3146E-07
0.85500000000000009,0.6,0.017230000000000002,7.5417E-09,-0.0172,3.2282E-07,-3.3152E-07
0.86,0.6,0.017242,7.5243E-09,-0.017208,3.228E-07,-3.3166E-07
0.865,0.6,0.017244000000000002,7.5048E-09,-0.017218,3.2284E-07,-3.3176E-07
0.87,0.6,0.01725,7.4837E-09,-0.017224000000000003,3.227E-07,-3.3198E-07
0.875,0.6,0.017256,7.4573E-09,-0.017230000000000002,3.2294E-07,-3.3236E-07
0.88,0.6,0.017266,7.4297E-09,-0.017234000000000003,3.2288E-07,-3.3258E-07
0.885,0.6,0.01727,7.4108E-09,-0.017242,3.2285999999999997E-07,-3.3256E-07
0.89,0.6,0.01728,7.3801E-09,-0.017246,3.2234E-07,-3.3278E-07
0.895,0.6,0.017282000000000002,7.3534E-09,-0.017254000000000002,3.2294E-07,-3.3314E-07
0.9,0.6,0.01729,7.3349E-09,-0.017264,3.2294E-07,-3.3266E-07
0,0.75,-0.000173,8.01362E-08,0.00017342,3.2042E-07,-3.2042E-07
0.005,0.75,0.00069324,7.7922799999999992E-08,-0.0006926800000000001,3.2033999999999997E-07,-3.197E-07
0.01,0.75,0.0015726,7.57746E-08,-0.0015698,3.2014E-07,-3.2014E-07
0.015000000000000001,0.75,0.0024262,7.37716E-08,-0.0024282,3.2022E-07,-3.2019999999999997E-07
0.02,0.75,0.003288,7.17462E-08,-0.003288,3.201E-07,-3.2008E-07
0.025,0.75,0.0041288,6.98662E-08,-0.004131,3.2014E-07,-3.2019999999999997E-07
0.030000000000000002,0.75,0.004976,6.79782E-08,-0.0049772,3.201E-07,-3.2014E-07
0.035,0.75,0.005804,6.6191999999999988E-08,-0.005805,3.2019999999999997E-07,-3.201E-07
0.04,0.75,0.006625,6.446379999999999E-08,-0.0066232,3.201E-07,-3.2008E-07
0.045000000000000005,0.75,0.0074466,6.27584E-08,-0.0074492000000000004,3.201E-07,-3.2012E-07
0.05,0.75,0.0082568,6.11164E-08,-0.008253,3.2004E-07,-3.2014E-07
0.055,0.75,0.0090612,5.9539199999999992E-08,-0.0090598,3.2008E-07,-3.2002E-07
0.060000000000000005,0.75,0.00985,5.8007799999999995E-08,-0.0098514,3.2002E-07,-3.201E-07
0.065,0.75,0.0106412,5.6507399999999993E-08,-0.0106396,3.2005999999999997E-07,-3.2012E-07
0.07,0.75,0.011414,5.5084599999999992E-08,-0.011413,3.2E-07,-3.201E-07
0.075,0.75,0.012222,5.3666199999999997E-08,-0.012194000000000002,3.1998E-07,-3.2005999999999997E-07
0.08,0.75,0.012978000000000002,5.2344599999999995E-08,-0.012950000000000001,3.2002E-07,-3.2008E-07
0.085,0.75,0.013732000000000001,5.1027999999999992E-08,-0.013704000000000001,3.2002E-07,-3.2012E-07
0.090000000000000011,0.75,0.014468000000000002,4.9772399999999992E-08,-0.014438000000000001,3.2005999999999997E-07,-3.2018E-07
0.095,0.75,0.015208000000000001,4.8547199999999995E-08,-0.015176000000000002,3.201E-07,-3.201E-07
0.1,0.75,0.01592,4.7369799999999996E-08,-0.015892,3.2005999999999997E-07,-3.2014E-07
0.10500000000000001,0.75,0.016636,4.6232999999999995E-08,-0.016606000000000003,3.2018E-07,-3.2024E-07
0.11,0.75,0.01733,4.5110399999999993E-08,-0.017302,3.201E-07,-3.2019999999999997E-07
0.115,0.75,0.018016,4.40448E-08,-0.017984,3.201E-07,-3.2014E-07
0.12000000000000001,0.75,0.018704000000000002,4.3000999999999996E-08,-0.018674000000000003,3.2004E-07,-3.2038E-07
0.125,0.75,0.019364000000000003,4.1988399999999994E-08,-0.019336000000000002,3.201E-07,-3.2024E-07
0.13,0.75,0.020028,4.10184E-08,-0.019996000000000003,3.2014E-07,-3.2028E-07
0.135,0.75,0.020672000000000003,4.0065999999999996E-08,-0.020640000000000002,3.2016E-07,-3.2028E-07
0.14,0.75,0.021310000000000003,3.9141399999999995E-08,-0.021284,3.2026E-07,-3.2038E-07
0.14500000000000002,0.75,0.021934000000000002,3.8259799999999996E-08,-0.021900000000000003,3.2022E-07,-3.2038E-07
0.15,0.75,0.022546000000000004,3.74104E-08,-0.022516,3.2019999999999997E-07,-3.2042E-07
0.155,0.75,0.023136,3.65918E-08,-0.023114000000000003,3.1962E-07,-3.198E-07
0.16,0.75,0.023732000000000003,3.5771199999999994E-08,-0.023702,3.2033999999999997E-07,-3.2046E-07
0.165,0.75,0.024306,3.5011999999999996E-08,-0.024272000000000002,3.2032E-07,-3.2054E-07
0.17,0.75,0.024866000000000003,3.4262799999999996E-08,-0.024842000000000003,3.2033999999999997E-07,-3.206E-07
0.17500000000000002,0.75,0.025418000000000003,3.3538799999999996E-08,-0.025386000000000002,3.2036E-07,-3.2058E-07
0.18000000000000002,0.75,0.02595,3.28528E-08,-0.025920000000000002,3.205E-07,-3.2061999999999997E-07
0.185,0.75,0.026480000000000004,3.21732E-08,-0.026454000000000002,3.2044E-07,-3.2066E-07
0.19,0.75,0.026992000000000002,3.1521999999999996E-08,-0.02696,3.2038E-07,-3.2068E-07
0.195,0.75,0.027494,3.08972E-08,-0.027462000000000004,3.2046E-07,-3.2082E-07
0.2,0.75,0.027976,3.02926E-08,-0.027944000000000004,3.205E-07,-3.2084E-07
0.20500000000000002,0.75,0.028454000000000004,2.9695199999999996E-08,-0.02842,3.2054E-07,-3.2086E-07
0.21000000000000002,0.75,0.02891,2.9137599999999997E-08,-0.028878,3.2068E-07,-3.208E-07
0.215,0.75,0.029358000000000002,2.8587399999999998E-08,-0.029334000000000002,3.206E-07,-3.21E-07
0.22,0.75,0.029790000000000004,2.8059599999999996E-08,-0.029758000000000003,3.2072E-07,-3.2096E-07
0.225,0.75,0.030214,2.7557799999999997E-08,-0.030184000000000002,3.207E-07,-3.2114E-07
0.23,0.75,0.030614000000000002,2.7087999999999997E-08,-0.030586000000000002,3.2075999999999997E-07,-3.2106E-07
0.23500000000000001,0.75,0.031014000000000003,2.6597799999999997E-08,-0.030980000000000004,3.2074E-07,-3.2108E-07
0.24000000000000002,0.75,0.031392,2.6151199999999998E-08,-0.031364,3.2084E-07,-3.2117999999999997E-07
0.24500000000000002,0.75,0.031760000000000004,2.57268E-08,-0.031724,3.2078E-07,-3.2117999999999997E-07
0.25,0.75,0.032108000000000005,2.5300399999999997E-08,-0.032078,3.2094E-07,-3.2128E-07
0.255,0.75,0.032444,2.49106E-08,-0.032418,3.2098E-07,-3.2131999999999997E-07
0.26,0.75,0.032776,2.4531199999999997E-08,-0.03275,3.2098E-07,-3.2154E-07
0.265,0.75,0.033092,2.4154799999999996E-08,-0.033060000000000006,3.2108E-07,-3.2156E-07
0.27,0.75,0.033394,2.3800399999999997E-08,-0.033364000000000005,3.2103999999999997E-07,-3.2154E-07
0.275,0.75,0.033684000000000006,2.3481199999999998E-08,-0.033654,3.2114E-07,-3.2164E-07
0.28,0.75,0.033960000000000004,2.3150999999999997E-08,-0.03393,3.2114E-07,-3.2166E-07
0.28500000000000003,0.75,0.034224000000000004,2.2837399999999996E-08,-0.034196000000000004,3.2124E-07,-3.2166E-07
0.29000000000000004,0.75,0.034480000000000004,2.25392E-08,-0.03445,3.2131999999999997E-07,-3.2172E-07
0.29500000000000004,0.75,0.034722,2.2257999999999997E-08,-0.034688000000000004,3.2126E-07,-3.2186E-07
0.3,0.75,0.03495,2.19846E-08,-0.034922,3.214E-07,-3.2184E-07
0.305,0.75,0.035164,2.17336E-08,-0.035140000000000005,3.214E-07,-3.2198E-07
0.31,0.75,0.035372,2.1492399999999997E-08,-0.035342000000000005,3.2142E-07,-3.22E-07
0.315,0.75,0.035574,2.12464E-08,-0.035546,3.2144E-07,-3.2204E-07
0.32,0.75,0.035756,2.1029999999999997E-08,-0.035728,3.2152E-07,-3.222E-07
0.325,0.75,0.03594,2.0823199999999998E-08,-0.035908,3.215E-07,-3.2222E-07
0.33,0.75,0.036108,2.0609E-08,-0.036078000000000006,3.2158E-07,-3.2228E-07
0.335,0.75,0.036264000000000005,2.0422199999999997E-08,-0.036236000000000004,3.2166E-07,-3.2229999999999997E-07
0.34,0.75,0.036416000000000004,2.0246599999999997E-08,-0.036386,3.2176E-07,-3.219E-07
0.34500000000000003,0.75,0.03656,2.00728E-08,-0.036528000000000005,3.2172E-07,-3.2254E-07
0.35000000000000003,0.75,0.036688000000000005,1.9911399999999997E-08,-0.036664,3.2176E-07,-3.2262E-07
0.35500000000000004,0.75,0.036816,1.9759E-08,-0.03679,3.2187999999999997E-07,-3.2256E-07
0.36000000000000004,0.75,0.036934,1.9609999999999998E-08,-0.036910000000000005,3.2194E-07,-3.2276E-07
0.365,0.75,0.037046,1.9474E-08,-0.037022000000000006,3.22E-07,-3.2278E-07
0.37,0.75,0.037154000000000006,1.93474E-08,-0.037122,3.2204E-07,-3.2285999999999997E-07
0.375,0.75,0.037254,1.9222399999999997E-08,-0.037226,3.2206E-07,-3.2298E-07
0.38,0.75,0.037346000000000004,1.91016E-08,-0.037318000000000004,3.221E-07,-3.2298E-07
0.385,0.75,0.037430000000000005,1.8990799999999997E-08,-0.037404000000000007,3.221E-07,-3.2304E-07
0.39,0.75,0.037514000000000006,1.8887999999999997E-08,-0.037492000000000004,3.2218E-07,-3.232E-07
0.395,0.75,0.037592,1.8784599999999997E-08,-0.037566,3.2232E-07,-3.2326E-07
0.4,0.75,0.037662,1.8689399999999998E-08,-0.037636,3.2226E-07,-3.2338E-07
0.405,0.75,0.037734000000000004,1.8605799999999997E-08,-0.037702000000000006,3.2234E-07,-3.2338E-07
0.41000000000000003,0.75,0.037794,1.8524799999999998E-08,-0.037768,3.2242E-07,-3.2352E-07
0.41500000000000004,0.75,0.037856,1.84572E-08,-0.037828,3.2246E-07,-3.2354E-07
0.42000000000000004,0.75,0.037910000000000006,1.83822E-08,-0.037882000000000006,3.2256E-07,-3.2364E-07
0.42500000000000004,0.75,0.037966000000000007,1.8303399999999997E-08,-0.037938000000000006,3.2257999999999997E-07,-3.2374E-07
0.43,0.75,0.038018,1.82354E-08,-0.037988,3.2266E-07,-3.2382E-07
0.435,0.75,0.038066,1.8174599999999997E-08,-0.038036,3.2198E-07,-3.2324E-07
0.44,0.75,0.038114,1.81186E-08,-0.03808,3.2274E-07,-3.2404E-07
0.445,0.75,0.038154,1.80588E-08,-0.038122,3.2264E-07,-3.2404E-07
0.45,0.75,0.038194000000000006,1.80088E-08,-0.038164000000000003,3.228E-07,-3.2412E-07
0.455,0.75,0.03823,1.7958799999999998E-08,-0.038204,3.2282E-07,-3.242E-07
0.46,0.75,0.038270000000000005,1.7916E-08,-0.038238,3.2288E-07,-3.243E-07
0.465,0.75,0.038302,1.78698E-08,-0.038272,3.229E-07,-3.2442E-07
0.47000000000000003,0.75,0.038338000000000004,1.7828E-08,-0.038310000000000004,3.2292E-07,-3.2434E-07
0.47500000000000003,0.75,0.038372,1.7783799999999998E-08,-0.038342,3.2274E-07,-3.2464E-07
0.48000000000000004,0.75,0.038396000000000007,1.7743E-08,-0.03837,3.2312E-07,-3.2466E-07
0.48500000000000004,0.75,0.038426,1.7709999999999998E-08,-0.038400000000000004,3.2316E-07,-3.2474E-07
0.49000000000000005,0.75,0.038454,1.76796E-08,-0.038424000000000007,3.232E-07,-3.2484E-07
0.49500000000000005,0.75,0.038476,1.76364E-08,-0.038454,3.2324E-07,-3.248E-07
0.5,0.75,0.03851,1.76114E-08,-0.038476,3.2327999999999997E-07,-3.2508E-07
0.505,0.75,0.038532000000000004,1.75712E-08,-0.038504000000000004,3.233E-07,-3.251E-07
0.51,0.75,0.038560000000000004,1.7546199999999998E-08,-0.038526000000000005,3.2338E-07,-3.2522E-07
0.515,0.75,0.038578,1.75152E-08,-0.03855,3.2348E-07,-3.2538E-07
0.52,0.75,0.038602000000000004,1.7491599999999997E-08,-0.038572,3.235E-07,-3.2542E-07
0.525,0.75,0.038626,1.74608E-08,-0.038596000000000005,3.2354E-07,-3.2554E-07
0.53,0.75,0.038646000000000007,1.74378E-08,-0.038616000000000004,3.236E-07,-3.257E-07
0.535,0.75,0.038668,1.7415199999999998E-08,-0.038638000000000006,3.2374E-07,-3.2572E-07
0.54,0.75,0.03869,1.73864E-08,-0.03866,3.2374E-07,-3.2596E-07
0.545,0.75,0.038706000000000004,1.7366599999999997E-08,-0.038680000000000006,3.2382E-07,-3.2589999999999997E-07
0.55,0.75,0.038726000000000003,1.7346399999999997E-08,-0.038696,3.2382E-07,-3.2594E-07
0.555,0.75,0.038740000000000004,1.73268E-08,-0.038714000000000005,3.233E-07,-3.2612E-07
0.56,0.75,0.038766,1.73038E-08,-0.038742000000000006,3.2386E-07,-3.2628E-07
0.56500000000000006,0.75,0.038784000000000006,1.7285999999999997E-08,-0.038756000000000006,3.239E-07,-3.2634E-07
0.57000000000000006,0.75,0.038806,1.72618E-08,-0.038776000000000005,3.2392E-07,-3.2636E-07
0.57500000000000007,0.75,0.03882,1.7245799999999997E-08,-0.038790000000000005,3.2332E-07,-3.2596E-07
0.58000000000000007,0.75,0.038838000000000004,1.7234599999999997E-08,-0.038810000000000004,3.2406E-07,-3.2659999999999997E-07
0.58500000000000008,0.75,0.038856,1.72136E-08,-0.038826000000000006,3.2414E-07,-3.2684E-07
0.59000000000000008,0.75,0.038874000000000006,1.7196799999999998E-08,-0.038844000000000004,3.242E-07,-3.2696E-07
0.595,0.75,0.038892,1.7184799999999997E-08,-0.038862,3.2428E-07,-3.2696E-07
0.6,0.75,0.038908000000000005,1.71598E-08,-0.038876,3.2426E-07,-3.2715999999999997E-07
0.605,0.75,0.038924,1.7151E-08,-0.038898,3.2428E-07,-3.2714E-07
0.61,0.75,0.038942000000000004,1.7130399999999997E-08,-0.038912,3.2448E-07,-3.2742E-07
0.615,0.75,0.038956000000000005,1.7115599999999997E-08,-0.038930000000000006,3.2442E-07,-3.274E-07
0.62,0.75,0.038974,1.7102799999999997E-08,-0.038942000000000004,3.2454E-07,-3.2764E-07
0.625,0.75,0.038990000000000004,1.7086599999999998E-08,-0.038964000000000006,3.2454E-07,-3.2778E-07
0.63,0.75,0.039,1.7070999999999998E-08,-0.038978000000000006,3.246E-07,-3.2798E-07
0.635,0.75,0.039020000000000006,1.7066599999999998E-08,-0.038990000000000004,3.2462E-07,-3.2808E-07
0.64,0.75,0.039034000000000006,1.70474E-08,-0.039004000000000004,3.2466E-07,-3.2808E-07
0.645,0.75,0.03905,1.7034599999999998E-08,-0.039022,3.247E-07,-3.2822E-07
0.65,0.75,0.039066000000000004,1.7017E-08,-0.039038,3.2478E-07,-3.284E-07
0.655,0.75,0.039082000000000006,1.7012999999999998E-08,-0.03905,3.249E-07,-3.285E-07
0.66,0.75,0.0391,1.6995799999999998E-08,-0.039068000000000006,3.2494E-07,-3.2868E-07
0.665,0.75,0.039110000000000006,1.6987399999999997E-08,-0.039082000000000006,3.2508E-07,-3.288E-07
0.67,0.75,0.039124000000000006,1.69708E-08,-0.039096000000000006,3.2504E-07,-3.2886E-07
0.675,0.75,0.039138000000000006,1.6957799999999998E-08,-0.039112,3.251E-07,-3.2897999999999997E-07
0.68,0.75,0.039158000000000005,1.6952599999999998E-08,-0.039122000000000004,3.2512E-07,-3.2911999999999997E-07
0.685,0.75,0.039166000000000006,1.69456E-08,-0.03914,3.2518E-07,-3.2934E-07
0.69000000000000006,0.75,0.039182,1.69276E-08,-0.039146,3.253E-07,-3.2936E-07
0.69500000000000006,0.75,0.039196,1.6917E-08,-0.039166000000000006,3.2536E-07,-3.2967999999999997E-07
0.70000000000000007,0.75,0.039212000000000004,1.69148E-08,-0.039180000000000006,3.254E-07,-3.2981999999999997E-07
0.70500000000000007,0.75,0.039220000000000005,1.69016E-08,-0.039196,3.2548E-07,-3.3002E-07
0.71000000000000008,0.75,0.039240000000000004,1.68836E-08,-0.039208000000000007,3.2548E-07,-3.3012E-07
0.71500000000000008,0.75,0.039252,1.68852E-08,-0.039218,3.2554E-07,-3.3034E-07
0.72000000000000008,0.75,0.039264,1.68702E-08,-0.039238,3.2552E-07,-3.3026E-07
0.72500000000000009,0.75,0.039282000000000004,1.68538E-08,-0.039246,3.2498E-07,-3.2992E-07
0.73,0.75,0.039296000000000005,1.6853599999999998E-08,-0.039266,3.257E-07,-3.3065999999999997E-07
0.735,0.75,0.039306,1.68412E-08,-0.039278,3.258E-07,-3.3079999999999997E-07
0.74,0.75,0.03932,1.6825199999999998E-08,-0.039290000000000005,3.2578E-07,-3.3112E-07
0.745,0.75,0.039332000000000006,1.68226E-08,-0.039302000000000004,3.2596E-07,-3.3116E-07
0.75,0.75,0.039348,1.68182E-08,-0.039318000000000006,3.2598E-07,-3.3135999999999997E-07
0.755,0.75,0.039360000000000006,1.6796199999999998E-08,-0.039330000000000004,3.2598E-07,-3.3158E-07
0.76,0.75,0.039374000000000006,1.6795399999999998E-08,-0.039342,3.2612E-07,-3.3182E-07
0.765,0.75,0.039386000000000004,1.67942E-08,-0.039358000000000004,3.262E-07,-3.3196E-07
0.77,0.75,0.039398,1.6778199999999997E-08,-0.039366000000000005,3.2624E-07,-3.3196E-07
0.775,0.75,0.039408000000000006,1.6768599999999998E-08,-0.039382,3.2628E-07,-3.3176E-07
0.78,0.75,0.039424,1.67636E-08,-0.039394000000000005,3.2648E-07,-3.3242E-07
0.785,0.75,0.039434000000000004,1.6752799999999997E-08,-0.039408000000000006,3.265E-07,-3.326E-07
0.79,0.75,0.039450000000000006,1.6743399999999998E-08,-0.039420000000000004,3.2644E-07,-3.3308E-07
0.795,0.75,0.039466,1.67356E-08,-0.039432,3.2656E-07,-3.3314E-07
0.8,0.75,0.039478000000000006,1.67198E-08,-0.039438,3.2594E-07,-3.3314E-07
0.805,0.75,0.039484000000000005,1.6711799999999997E-08,-0.039454,3.2672E-07,-3.3354E-07
0.81,0.75,0.0395,1.6705999999999998E-08,-0.039474,3.2668E-07,-3.3322E-07
0.81500000000000006,0.75,0.03951,1.66974E-08,-0.039484000000000005,3.261E-07,-3.3331999999999997E-07
0.82000000000000006,0.75,0.039526000000000006,1.66826E-08,-0.039494,3.2684E-07,-3.3414E-07
0.82500000000000007,0.75,0.039536,1.6682799999999997E-08,-0.039508,3.2684E-07,-3.3412E-07
0.83000000000000007,0.75,0.03955,1.66758E-08,-0.039520000000000007,3.2686E-07,-3.3438E-07
0.83500000000000008,0.75,0.039560000000000005,1.6658E-08,-0.039536,3.2696E-07,-3.3456E-07
0.84000000000000008,0.75,0.039572,1.6649999999999997E-08,-0.039546000000000005,3.2704E-07,-3.3468E-07
0.84500000000000008,0.75,0.039584,1.66438E-08,-0.039562000000000007,3.2638E-07,-3.3452E-07
0.85000000000000009,0.75,0.039596000000000006,1.6635E-08,-0.039568000000000006,3.271E-07,-3.3516E-07
0.85500000000000009,0.75,0.039614,1.6622599999999998E-08,-0.039578,3.271E-07,-3.3538E-07
0.86,0.75,0.039624000000000006,1.66102E-08,-0.039594000000000004,3.2728E-07,-3.3564E-07
0.865,0.75,0.039632,1.65998E-08,-0.039604,3.2732E-07,-3.3564E-07
0.87,0.75,0.039646,1.65858E-08,-0.03962,3.2734E-07,-3.3588E-07
0.875,0.75,0.039656000000000004,1.65774E-08,-0.039628000000000004,3.2736E-07,-3.363E-07
0.88,0.75,0.039662,1.65714E-08,-0.039644000000000006,3.275E-07,-3.365E-07
0.885,0.75,0.03968,1.65568E-08,-0.039650000000000005,3.2762E-07,-3.3674E-07
0.89,0.75,0.039694,1.65416E-08,-0.039664000000000005,3.2701999999999997E-07,-3.3642E-07
0.895,0.75,0.039702,1.6534799999999998E-08,-0.039678000000000005,3.2768E-07,-3.3712E-07
0.9,0.75,0.039716,1.6524199999999997E-08,-0.039686000000000006,3.2718E-07,-3.375E-07
0,0.9,-0.00019188,3.3014E-07,0.00019388,3.2144E-07,-3.2136E-07
0.005,0.9,0.00077612,3.1998E-07,-0.00077460000000000007,3.2138E-07,-3.2142E-07
0.01,0.9,0.001757,3.099E-07,-0.0017564,3.211E-07,-3.2114E-07
0.015000000000000001,0.9,0.0027170000000000002,3.0054E-07,-0.0027174,3.2108E-07,-3.2108E-07
0.02,0.9,0.0036904,2.9134E-07,-0.0036902000000000003,3.2114E-07,-3.2106E-07
0.025,0.9,0.0046452,2.827E-07,-0.004644,3.2096E-07,-3.2103999999999997E-07
0.030000000000000002,0.9,0.0056066,2.7408E-07,-0.005609,3.21E-07,-3.21E-07
0.035,0.9,0.0065580000000000005,2.6585999999999997E-07,-0.0065574000000000006,3.2089999999999997E-07,-3.2102E-07
0.04,0.9,0.0074994,2.579E-07,-0.0075018,3.2092E-07,-3.2094E-07
0.045000000000000005,0.9,0.008455,2.5012E-07,-0.0084552,3.2092E-07,-3.2089999999999997E-07
0.05,0.9,0.0093886,2.4266E-07,-0.0093878,3.2089999999999997E-07,-3.2094E-07
0.055,0.9,0.0103368,2.3546E-07,-0.0103356,3.2084E-07,-3.2094E-07
0.060000000000000005,0.9,0.011264,2.286E-07,-0.011261,3.2086E-07,-3.2103999999999997E-07
0.065,0.9,0.012236,2.2186E-07,-0.012206000000000002,3.2086E-07,-3.2016E-07
0.07,0.9,0.013158000000000001,2.1532E-07,-0.013130000000000001,3.2078E-07,-3.2092E-07
0.075,0.9,0.01408,2.0906E-07,-0.014050000000000002,3.208E-07,-3.208E-07
0.08,0.9,0.014990000000000002,2.0306E-07,-0.014962000000000001,3.2019999999999997E-07,-3.2018E-07
0.085,0.9,0.015914,1.9712E-07,-0.015880000000000002,3.2002E-07,-3.2014E-07
0.090000000000000011,0.9,0.016806,1.915E-07,-0.016782000000000002,3.2084E-07,-3.2089999999999997E-07
0.095,0.9,0.017716000000000003,1.8598E-07,-0.017688000000000002,3.2074E-07,-3.2092E-07
0.1,0.9,0.018608000000000003,1.8075999999999999E-07,-0.018576000000000002,3.2074E-07,-3.2084E-07
0.10500000000000001,0.9,0.019504,1.7554E-07,-0.019472000000000003,3.2086E-07,-3.2082E-07
0.11,0.9,0.020384000000000003,1.7062E-07,-0.020354,3.208E-07,-3.2088E-07
0.115,0.9,0.02125,1.6586E-07,-0.021226000000000002,3.2078E-07,-3.2092E-07
0.12000000000000001,0.9,0.022136000000000003,1.6124E-07,-0.02211,3.208E-07,-3.2086E-07
0.125,0.9,0.022998,1.567E-07,-0.022964000000000002,3.2074E-07,-3.2096E-07
0.13,0.9,0.023868000000000004,1.524E-07,-0.023834,3.2086E-07,-3.21E-07
0.135,0.9,0.024716000000000002,1.4821999999999999E-07,-0.024688,3.2075999999999997E-07,-3.2089999999999997E-07
0.14,0.9,0.025572,1.4412E-07,-0.025540000000000004,3.2089999999999997E-07,-3.2108E-07
0.14500000000000002,0.9,0.026410000000000003,1.403E-07,-0.02638,3.2088E-07,-3.2094E-07
0.15,0.9,0.027254000000000004,1.3644E-07,-0.027222000000000003,3.2086E-07,-3.2108E-07
0.155,0.9,0.028078000000000002,1.3284E-07,-0.028050000000000002,3.2086E-07,-3.2103999999999997E-07
0.16,0.9,0.028902000000000004,1.293E-07,-0.028874000000000004,3.2096E-07,-3.2112E-07
0.165,0.9,0.029718,1.2594E-07,-0.029688000000000003,3.2102E-07,-3.2116E-07
0.17,0.9,0.030534000000000002,1.2256E-07,-0.030508000000000004,3.2098E-07,-3.212E-07
0.17500000000000002,0.9,0.031334,1.1936E-07,-0.031304000000000005,3.2103999999999997E-07,-3.2124E-07
0.18000000000000002,0.9,0.032126,1.1635999999999999E-07,-0.032092,3.2098E-07,-3.2136E-07
0.185,0.9,0.032916,1.1327999999999999E-07,-0.03289,3.2098E-07,-3.2131999999999997E-07
0.19,0.9,0.033694,1.1034E-07,-0.033662000000000004,3.2103999999999997E-07,-3.213E-07
0.195,0.9,0.034474000000000005,1.075E-07,-0.034446000000000004,3.2108E-07,-3.213E-07
0.2,0.9,0.035232000000000006,1.0486E-07,-0.035202000000000004,3.2106E-07,-3.2144E-07
0.20500000000000002,0.9,0.035994000000000005,1.0226E-07,-0.035966000000000005,3.2052E-07,-3.2078E-07
0.21000000000000002,0.9,0.036738,9.9712199999999984E-08,-0.036712,3.2122E-07,-3.215E-07
0.215,0.9,0.03749,9.7193399999999984E-08,-0.037462,3.2126E-07,-3.2158E-07
0.22,0.9,0.038216,9.48486E-08,-0.038186000000000005,3.2134E-07,-3.2154E-07
0.225,0.9,0.038950000000000005,9.25158E-08,-0.038916000000000006,3.2117999999999997E-07,-3.2142E-07
0.23,0.9,0.039652000000000007,9.03238E-08,-0.039624000000000006,3.2134E-07,-3.2173999999999997E-07
0.23500000000000001,0.9,0.040368,8.8124199999999986E-08,-0.040336000000000004,3.2144E-07,-3.218E-07
0.24000000000000002,0.9,0.041062,8.6066799999999988E-08,-0.041034,3.2145999999999997E-07,-3.2182E-07
0.24500000000000002,0.9,0.041746000000000005,8.4070999999999986E-08,-0.041718000000000005,3.2145999999999997E-07,-3.2194E-07
0.25,0.9,0.042428,8.2102199999999987E-08,-0.042398000000000005,3.2154E-07,-3.2201999999999997E-07
0.255,0.9,0.043098000000000004,8.0227599999999987E-08,-0.043068,3.2166E-07,-3.2201999999999997E-07
0.26,0.9,0.043762,7.84014E-08,-0.043732000000000007,3.217E-07,-3.2208E-07
0.265,0.9,0.044408,7.667499999999999E-08,-0.04438,3.2156E-07,-3.2154E-07
0.27,0.9,0.045056000000000006,7.495459999999999E-08,-0.045020000000000004,3.2186E-07,-3.2226E-07
0.275,0.9,0.045680000000000005,7.3306199999999992E-08,-0.045648,3.2187999999999997E-07,-3.2222E-07
0.28,0.9,0.046306000000000007,7.1681199999999989E-08,-0.046274,3.2187999999999997E-07,-3.2228E-07
0.28500000000000003,0.9,0.046914000000000004,7.01628E-08,-0.046878,3.2194E-07,-3.2248E-07
0.29000000000000004,0.9,0.047512000000000006,6.8654599999999993E-08,-0.047484000000000005,3.2206E-07,-3.225E-07
0.29500000000000004,0.9,0.048102000000000006,6.72228E-08,-0.048068000000000007,3.2204E-07,-3.2254E-07
0.3,0.9,0.048686000000000007,6.58226E-08,-0.048656000000000005,3.2215999999999997E-07,-3.2262E-07
0.305,0.9,0.04925,6.44808E-08,-0.049218000000000005,3.2222E-07,-3.2271999999999997E-07
0.31,0.9,0.049798,6.3190599999999991E-08,-0.049768000000000007,3.2229999999999997E-07,-3.2274E-07
0.315,0.9,0.050350000000000006,6.191979999999999E-08,-0.050320000000000004,3.2229999999999997E-07,-3.2292E-07
0.32,0.9,0.050876000000000005,6.0725E-08,-0.050846,3.2242E-07,-3.2304E-07
0.325,0.9,0.051408,5.9538399999999995E-08,-0.051374,3.2252E-07,-3.2306E-07
0.33,0.9,0.051910000000000005,5.84292E-08,-0.051884000000000007,3.226E-07,-3.232E-07
0.335,0.9,0.052418000000000006,5.7322199999999993E-08,-0.052386,3.226E-07,-3.2332E-07
0.34,0.9,0.0529,5.6271199999999992E-08,-0.052872,3.227E-07,-3.2332E-07
0.34500000000000003,0.9,0.053384000000000008,5.5259399999999994E-08,-0.053354000000000006,3.2276E-07,-3.235E-07
0.35000000000000003,0.9,0.053848000000000007,5.42906E-08,-0.053812000000000006,3.228E-07,-3.2355999999999997E-07
0.35500000000000004,0.9,0.054300000000000008,5.3336799999999992E-08,-0.054272000000000008,3.2294E-07,-3.2374E-07
0.36000000000000004,0.9,0.054740000000000004,5.2439599999999997E-08,-0.05471,3.2308E-07,-3.2364E-07
0.365,0.9,0.055180000000000007,5.1551199999999994E-08,-0.055146000000000008,3.231E-07,-3.2374E-07
0.37,0.9,0.055598,5.0707399999999994E-08,-0.055562000000000007,3.2312E-07,-3.2398E-07
0.375,0.9,0.056000000000000008,4.9878E-08,-0.055968000000000004,3.2326E-07,-3.24E-07
0.38,0.9,0.056398000000000004,4.9097599999999992E-08,-0.056360000000000007,3.233E-07,-3.2418E-07
0.385,0.9,0.056782000000000006,4.83436E-08,-0.056752000000000004,3.234E-07,-3.2428E-07
0.39,0.9,0.057152000000000008,4.76244E-08,-0.057118,3.2348E-07,-3.2434E-07
0.395,0.9,0.057512000000000008,4.6906199999999994E-08,-0.057486,3.2352E-07,-3.2448E-07
0.4,0.9,0.057856000000000005,4.6253399999999992E-08,-0.057830000000000006,3.2364E-07,-3.2452E-07
0.405,0.9,0.0582,4.5607799999999996E-08,-0.058168000000000004,3.2378E-07,-3.2466E-07
0.41000000000000003,0.9,0.058522000000000005,4.4993E-08,-0.058494000000000004,3.2378E-07,-3.2476E-07
0.41500000000000004,0.9,0.05884,4.4382399999999995E-08,-0.058808000000000006,3.2384E-07,-3.2434E-07
0.42000000000000004,0.9,0.059142000000000007,4.3825E-08,-0.05911,3.2336E-07,-3.248E-07
0.42500000000000004,0.9,0.059436,4.32742E-08,-0.059408,3.2406E-07,-3.251E-07
0.43,0.9,0.059716000000000005,4.2756799999999993E-08,-0.059684000000000008,3.2414E-07,-3.2518E-07
0.435,0.9,0.059988000000000007,4.2250799999999995E-08,-0.059960000000000006,3.242E-07,-3.2536E-07
0.44,0.9,0.060252000000000007,4.1771199999999995E-08,-0.060218000000000008,3.2432E-07,-3.2548E-07
0.445,0.9,0.060498,4.13154E-08,-0.060466000000000006,3.2442E-07,-3.256E-07
0.45,0.9,0.060736000000000005,4.0877599999999995E-08,-0.060710000000000007,3.2448E-07,-3.2576E-07
0.455,0.9,0.060968000000000008,4.0453999999999993E-08,-0.060942,3.2466E-07,-3.2578E-07
0.46,0.9,0.061190000000000008,4.0052399999999995E-08,-0.061158000000000004,3.2476E-07,-3.2596E-07
0.465,0.9,0.061404000000000007,3.9673599999999993E-08,-0.061368000000000006,3.247E-07,-3.2608E-07
0.47000000000000003,0.9,0.0616,3.93128E-08,-0.061568000000000005,3.2478E-07,-3.2622E-07
0.47500000000000003,0.9,0.061796000000000004,3.89602E-08,-0.061764000000000006,3.2492E-07,-3.2592E-07
0.48000000000000004,0.9,0.061976,3.8640599999999993E-08,-0.061944000000000006,3.2502E-07,-3.258E-07
0.48500000000000004,0.9,0.062152000000000006,3.8311799999999995E-08,-0.062126000000000008,3.2518E-07,-3.2658E-07
0.49000000000000005,0.9,0.062320000000000007,3.8013199999999995E-08,-0.062288,3.2522E-07,-3.267E-07
0.49500000000000005,0.9,0.062474000000000009,3.77412E-08,-0.062450000000000006,3.2538E-07,-3.2686E-07
0.5,0.9,0.062626,3.74672E-08,-0.062602,3.2538E-07,-3.27E-07
0.505,0.9,0.062776000000000012,3.7202E-08,-0.06274600000000001,3.2552E-07,-3.2715999999999997E-07
0.51,0.9,0.062904,3.6973599999999996E-08,-0.06288,3.2572E-07,-3.2712E-07
0.515,0.9,0.06304,3.67354E-08,-0.063012,3.257E-07,-3.2738E-07
0.52,0.9,0.063164000000000012,3.6509799999999996E-08,-0.06313,3.2578E-07,-3.275E-07
0.525,0.9,0.063278,3.63072E-08,-0.06325,3.2592E-07,-3.2768E-07
0.53,0.9,0.063388,3.6123799999999996E-08,-0.063364,3.2594E-07,-3.2785999999999997E-07
0.535,0.9,0.063496000000000011,3.59218E-08,-0.063464,3.2608E-07,-3.2788E-07
0.54,0.9,0.063596,3.57528E-08,-0.063568,3.2622E-07,-3.281E-07
0.545,0.9,0.063692,3.5587799999999997E-08,-0.063664000000000012,3.2628E-07,-3.2813999999999997E-07
0.55,0.9,0.06378,3.5424399999999995E-08,-0.063756000000000007,3.2638E-07,-3.2836E-07
0.555,0.9,0.06387000000000001,3.5277799999999996E-08,-0.063838,3.265E-07,-3.2848E-07
0.56,0.9,0.063948,3.5125199999999996E-08,-0.063922,3.2645999999999997E-07,-3.2858E-07
0.56500000000000006,0.9,0.064020000000000007,3.4985799999999996E-08,-0.063998,3.2656E-07,-3.288E-07
0.57000000000000006,0.9,0.064096,3.4865599999999994E-08,-0.064068,3.2672E-07,-3.2892E-07
0.57500000000000007,0.9,0.064164,3.47428E-08,-0.064136000000000012,3.2682E-07,-3.29E-07
0.58000000000000007,0.9,0.064230000000000009,3.46258E-08,-0.064204000000000011,3.2684E-07,-3.2932E-07
0.58500000000000008,0.9,0.064288000000000012,3.4526999999999995E-08,-0.064260000000000012,3.27E-07,-3.2924E-07
0.59000000000000008,0.9,0.064354000000000008,3.4408799999999996E-08,-0.064324,3.2708E-07,-3.2952E-07
0.595,0.9,0.064412000000000011,3.4316399999999996E-08,-0.06438,3.2715999999999997E-07,-3.2964E-07
0.6,0.9,0.064464000000000007,3.4238E-08,-0.064432,3.2724E-07,-3.2976E-07
0.605,0.9,0.064514,3.4141599999999994E-08,-0.064486,3.2736E-07,-3.3006E-07
0.61,0.9,0.064558,3.4058999999999994E-08,-0.064532,3.2742E-07,-3.3012E-07
0.615,0.9,0.064608,3.39784E-08,-0.064582,3.275E-07,-3.3028E-07
0.62,0.9,0.064652,3.3910199999999995E-08,-0.06463,3.2762E-07,-3.3036E-07
0.625,0.9,0.064696,3.3834599999999996E-08,-0.064664,3.2774E-07,-3.3062E-07
0.63,0.9,0.064732000000000012,3.3777799999999996E-08,-0.064706,3.2782E-07,-3.3076E-07
0.635,0.9,0.064776,3.3709999999999995E-08,-0.064748,3.2794E-07,-3.3092E-07
0.64,0.9,0.06481,3.36566E-08,-0.064784000000000008,3.281E-07,-3.31E-07
0.645,0.9,0.064852,3.3590199999999996E-08,-0.064822,3.281E-07,-3.3124E-07
0.65,0.9,0.064880000000000007,3.3541599999999995E-08,-0.064854000000000009,3.2822E-07,-3.313E-07
0.655,0.9,0.064912000000000011,3.3485799999999995E-08,-0.06489,3.2838E-07,-3.3154E-07
0.66,0.9,0.064950000000000008,3.34408E-08,-0.064924000000000009,3.284E-07,-3.3172E-07
0.665,0.9,0.064978000000000008,3.3398399999999994E-08,-0.064950000000000008,3.2846E-07,-3.3126E-07
0.67,0.9,0.06500800000000001,3.3338E-08,-0.064984,3.2855999999999997E-07,-3.3212E-07
0.675,0.9,0.065044,3.3286799999999995E-08,-0.065016,3.2862E-07,-3.3222E-07
0.68,0.9,0.065072,3.3262599999999996E-08,-0.065048000000000009,3.2874E-07,-3.3242E-07
0.685,0.9,0.065102000000000007,3.3212E-08,-0.065068,3.2882E-07,-3.326E-07
0.69000000000000006,0.9,0.065120000000000011,3.3168599999999996E-08,-0.065092000000000011,3.2894E-07,-3.3274E-07
0.69500000000000006,0.9,0.06515,3.3141799999999996E-08,-0.065124,3.2836E-07,-3.3302E-07
0.70000000000000007,0.9,0.06518,3.3103999999999997E-08,-0.065154,3.2911999999999997E-07,-3.3324E-07
0.70500000000000007,0.9,0.065204000000000012,3.3063199999999994E-08,-0.065172000000000008,3.2922E-07,-3.3328E-07
0.71000000000000008,0.9,0.065228000000000008,3.30328E-08,-0.065200000000000008,3.2936E-07,-3.3354E-07
0.71500000000000008,0.9,0.065254,3.3000799999999995E-08,-0.065214000000000008,3.2942E-07,-3.3362E-07
0.72000000000000008,0.9,0.065270000000000009,3.29698E-08,-0.065252,3.2946E-07,-3.3378E-07
0.72500000000000009,0.9,0.065298000000000009,3.29386E-08,-0.065272000000000011,3.295E-07,-3.3396E-07
0.73,0.9,0.065318,3.2920799999999997E-08,-0.065292,3.2966E-07,-3.3422E-07
0.735,0.9,0.065344,3.2889199999999995E-08,-0.065318,3.2976E-07,-3.3452E-07
0.74,0.9,0.065362,3.28626E-08,-0.065342000000000011,3.2988E-07,-3.3456E-07
0.745,0.9,0.065388,3.28376E-08,-0.065358,3.3002E-07,-3.3484E-07
0.75,0.9,0.065408000000000008,3.2818599999999996E-08,-0.065378,3.3E-07,-3.3496E-07
0.755,0.9,0.065428,3.278E-08,-0.06539600000000001,3.3018E-07,-3.3524E-07
0.76,0.9,0.06545200000000001,3.2761799999999995E-08,-0.065422000000000008,3.3034E-07,-3.3552E-07
0.765,0.9,0.065468000000000012,3.27406E-08,-0.065442,3.304E-07,-3.3568E-07
0.77,0.9,0.065496000000000013,3.2719E-08,-0.06546600000000001,3.2992E-07,-3.3524E-07
0.775,0.9,0.06551,3.27004E-08,-0.065482000000000012,3.305E-07,-3.3624E-07
0.78,0.9,0.065532,3.2680799999999996E-08,-0.0655,3.306E-07,-3.363E-07
0.785,0.9,0.065550000000000011,3.2672199999999994E-08,-0.065522000000000011,3.3074E-07,-3.3646E-07
0.79,0.9,0.065568,3.2656199999999996E-08,-0.065538,3.3086E-07,-3.367E-07
0.795,0.9,0.065590000000000009,3.26194E-08,-0.065558,3.3096E-07,-3.3708E-07
0.8,0.9,0.06560400000000001,3.2593999999999994E-08,-0.065578000000000011,3.3104E-07,-3.3718E-07
0.805,0.9,0.065622,3.25712E-08,-0.065596,3.3116E-07,-3.373E-07
0.81,0.9,0.065642,3.2565399999999996E-08,-0.065612,3.3126E-07,-3.3758E-07
0.81500000000000006,0.9,0.065662000000000012,3.25438E-08,-0.06563200000000001,3.3144E-07,-3.3784E-07
0.82000000000000006,0.9,0.065676000000000012,3.25182E-08,-0.065652,3.3144E-07,-3.381E-07
0.82500000000000007,0.9,0.065698,3.25274E-08,-0.06567,3.3149999999999997E-07,-3.3835999999999997E-07
0.83000000000000007,0.9,0.065714000000000009,3.2504E-08,-0.06568800000000001,3.316E-07,-3.3828E-07
0.83500000000000008,0.9,0.065730000000000011,3.24936E-08,-0.06570200000000001,3.3166E-07,-3.387E-07
0.84000000000000008,0.9,0.065746,3.24738E-08,-0.065726,3.319E-07,-3.3891999999999997E-07
0.84500000000000008,0.9,0.065768000000000007,3.24476E-08,-0.06574,3.3191999999999997E-07,-3.391E-07
0.85000000000000009,0.9,0.065782000000000007,3.2437999999999996E-08,-0.065756000000000009,3.3208E-07,-3.3952E-07
0.85500000000000009,0.9,0.065802,3.2429799999999996E-08,-0.065776,3.321E-07,-3.397E-07
0.86,0.9,0.065818,3.24144E-08,-0.065786000000000011,3.3222E-07,-3.3986E-07
0.865,0.9,0.065836,3.24082E-08,-0.065806,3.3224E-07,-3.4044E-07
0.87,0.9,0.065846,3.2394199999999996E-08,-0.065816,3.3238E-07,-3.4062E-07
0.875,0.9,0.065864,3.2369E-08,-0.065832,3.3254E-07,-3.4074E-07
0.88,0.9,0.065884000000000012,3.2361999999999996E-08,-0.06585,3.326E-07,-3.4086E-07
0.885,0.9,0.065898000000000012,3.23496E-08,-0.065872,3.3268E-07,-3.4108E-07
0.89,0.9,0.06591000000000001,3.2346199999999995E-08,-0.065886,3.328E-07,-3.4144E-07
0.895,0.9,0.065934,3.23262E-08,-0.065902,3.3222E-07,-3.4098E-07
0.9,0.9,0.065948,3.23246E-08,-0.065916,3.3294E-07,-3.42E-07
