vg	id_vd = 0V	ig_vd = 0V	is_vd = 0V	iavdd_vd = 0V	ignd_vd = 0V	id_vd = 0.01V	ig_vd = 0.01V	is_vd = 0.01V	iavdd_vd = 0.01V	ignd_vd = 0.01V	id_vd = 0.02V	ig_vd = 0.02V	is_vd = 0.02V	iavdd_vd = 0.02V	ignd_vd = 0.02V	id_vd = 0.03V	ig_vd = 0.03V	is_vd = 0.03V	iavdd_vd = 0.03V	ignd_vd = 0.03V	id_vd = 0.04V	ig_vd = 0.04V	is_vd = 0.04V	iavdd_vd = 0.04V	ignd_vd = 0.04V	id_vd = 0.05V	ig_vd = 0.05V	is_vd = 0.05V	iavdd_vd = 0.05V	ignd_vd = 0.05V	id_vd = 0.06V	ig_vd = 0.06V	is_vd = 0.06V	iavdd_vd = 0.06V	ignd_vd = 0.06V	id_vd = 0.07V	ig_vd = 0.07V	is_vd = 0.07V	iavdd_vd = 0.07V	ignd_vd = 0.07V	id_vd = 0.08V	ig_vd = 0.08V	is_vd = 0.08V	iavdd_vd = 0.08V	ignd_vd = 0.08V	id_vd = 0.09V	ig_vd = 0.09V	is_vd = 0.09V	iavdd_vd = 0.09V	ignd_vd = 0.09V	id_vd = 0.1V	ig_vd = 0.1V	is_vd = 0.1V	iavdd_vd = 0.1V	ignd_vd = 0.1V
-0.3	7.982e-10	-1.6386e-09	8.0661e-10	3.2176e-07	-3.209e-07	8.7101e-10	-1.6867e-09	7.9849e-10	3.208e-07	-3.2078e-07	9.5907e-10	-1.7575e-09	8.0432e-10	3.2068e-07	-3.2072e-07	1.0443e-09	-1.8297e-09	8.0538e-10	3.1982e-07	-3.1976e-07	1.1296e-09	-1.9001e-09	8.0367e-10	3.2052e-07	-3.2058e-07	1.2248e-09	-1.9814e-09	7.9986e-10	3.1974e-07	-3.1976e-07	1.3198e-09	-2.0664e-09	8.1398e-10	3.1926e-07	-3.1936e-07	1.4125e-09	-2.1414e-09	8.0845e-10	3.1918e-07	-3.1922e-07	1.5053e-09	-2.2245e-09	8.0587e-10	3.19e-07	-3.1924e-07	1.6217e-09	-2.3181e-09	8.0961e-10	3.1906e-07	-3.1918e-07	1.7315e-09	-2.4043e-09	8.121e-10	3.1906e-07	-3.192e-07
-0.295	7.6514e-10	-1.5754e-09	7.8645e-10	3.2098e-07	-3.2096e-07	8.559e-10	-1.6377e-09	7.7946e-10	3.2076e-07	-3.2074e-07	9.2523e-10	-1.6934e-09	7.7423e-10	3.207e-07	-3.207e-07	1.0072e-09	-1.7615e-09	7.6707e-10	3.1916e-07	-3.1916e-07	1.1104e-09	-1.8335e-09	7.8281e-10	3.2052e-07	-3.2058e-07	1.184e-09	-1.909e-09	7.7768e-10	3.1974e-07	-3.1984e-07	1.2721e-09	-1.9842e-09	7.8154e-10	3.1934e-07	-3.1928e-07	1.3647e-09	-2.0618e-09	7.7543e-10	3.192e-07	-3.192e-07	1.4775e-09	-2.1493e-09	7.7377e-10	3.19e-07	-3.192e-07	1.5678e-09	-2.2379e-09	7.7767e-10	3.191e-07	-3.1918e-07	1.6761e-09	-2.3246e-09	7.7071e-10	3.191e-07	-3.1922e-07
-0.29	7.2815e-10	-1.5003e-09	7.4035e-10	3.2098e-07	-3.2086e-07	8.1661e-10	-1.5663e-09	7.5614e-10	3.2088e-07	-3.2112e-07	8.9788e-10	-1.6284e-09	7.4849e-10	3.207e-07	-3.2066e-07	9.7483e-10	-1.691e-09	7.54e-10	3.198e-07	-3.1978e-07	1.0611e-09	-1.762e-09	7.5471e-10	3.2056e-07	-3.2066e-07	1.1445e-09	-1.8322e-09	7.4877e-10	3.1974e-07	-3.1976e-07	1.2291e-09	-1.906e-09	7.4104e-10	3.1932e-07	-3.1942e-07	1.3306e-09	-1.99e-09	7.481e-10	3.1912e-07	-3.1924e-07	1.4245e-09	-2.0755e-09	7.505e-10	3.1906e-07	-3.1922e-07	1.5286e-09	-2.1596e-09	7.4434e-10	3.1924e-07	-3.1916e-07	1.6348e-09	-2.2496e-09	7.4876e-10	3.1908e-07	-3.1928e-07
-0.285	7.0896e-10	-1.4514e-09	7.1728e-10	3.2102e-07	-3.2098e-07	7.7697e-10	-1.493e-09	7.1076e-10	3.2086e-07	-3.208e-07	8.6516e-10	-1.5622e-09	7.219e-10	3.2072e-07	-3.2072e-07	9.3808e-10	-1.6328e-09	7.1683e-10	3.1972e-07	-3.1974e-07	1.0186e-09	-1.6953e-09	7.1648e-10	3.2062e-07	-3.2064e-07	1.1084e-09	-1.7639e-09	7.2427e-10	3.1974e-07	-3.1982e-07	1.1977e-09	-1.8451e-09	7.1512e-10	3.1926e-07	-3.193e-07	1.2879e-09	-1.92e-09	7.2034e-10	3.1914e-07	-3.1924e-07	1.381e-09	-1.9932e-09	7.1434e-10	3.191e-07	-3.1916e-07	1.4843e-09	-2.0829e-09	7.1962e-10	3.1906e-07	-3.1934e-07	1.5813e-09	-2.1718e-09	7.2417e-10	3.1856e-07	-3.1864e-07
-0.28	6.7688e-10	-1.3889e-09	6.9109e-10	3.2092e-07	-3.2094e-07	7.6225e-10	-1.4545e-09	6.8801e-10	3.2086e-07	-3.2084e-07	8.2651e-10	-1.5008e-09	6.9164e-10	3.199e-07	-3.1988e-07	9.0144e-10	-1.5658e-09	6.8596e-10	3.198e-07	-3.1988e-07	9.8679e-10	-1.6264e-09	6.9149e-10	3.2062e-07	-3.2058e-07	1.0729e-09	-1.7053e-09	6.9613e-10	3.1972e-07	-3.1972e-07	1.155e-09	-1.7737e-09	6.893e-10	3.1922e-07	-3.1936e-07	1.2435e-09	-1.8441e-09	6.9234e-10	3.1914e-07	-3.1926e-07	1.342e-09	-1.9297e-09	6.8924e-10	3.1912e-07	-3.1914e-07	1.4375e-09	-2.008e-09	6.9123e-10	3.1912e-07	-3.1924e-07	1.5362e-09	-2.092e-09	6.8947e-10	3.1914e-07	-3.1924e-07
-0.275	6.4633e-10	-1.3223e-09	6.5624e-10	3.2098e-07	-3.2094e-07	7.2317e-10	-1.3853e-09	6.6835e-10	3.2084e-07	-3.2088e-07	8.0025e-10	-1.4437e-09	6.5534e-10	3.1992e-07	-3.1984e-07	8.7393e-10	-1.5009e-09	6.5737e-10	3.198e-07	-3.1984e-07	9.5463e-10	-1.5688e-09	6.6451e-10	3.206e-07	-3.2064e-07	1.0316e-09	-1.6306e-09	6.5791e-10	3.1978e-07	-3.1972e-07	1.1182e-09	-1.699e-09	6.5724e-10	3.1924e-07	-3.1934e-07	1.2125e-09	-1.7801e-09	6.6236e-10	3.192e-07	-3.1926e-07	1.3014e-09	-1.8588e-09	6.6076e-10	3.191e-07	-3.191e-07	1.396e-09	-1.9358e-09	6.606e-10	3.1908e-07	-3.192e-07	1.4941e-09	-2.0187e-09	6.6107e-10	3.1914e-07	-3.1922e-07
-0.27	6.2936e-10	-1.2817e-09	6.4338e-10	3.2098e-07	-3.2084e-07	6.8977e-10	-1.3151e-09	6.2461e-10	3.2076e-07	-3.2082e-07	7.6999e-10	-1.3821e-09	6.3106e-10	3.1986e-07	-3.1984e-07	8.4318e-10	-1.4442e-09	6.3194e-10	3.1978e-07	-3.198e-07	9.1723e-10	-1.5058e-09	6.3848e-10	3.2056e-07	-3.2064e-07	9.981e-10	-1.5718e-09	6.3597e-10	3.1978e-07	-3.199e-07	1.0894e-09	-1.6425e-09	6.3881e-10	3.1926e-07	-3.194e-07	1.1696e-09	-1.7118e-09	6.3257e-10	3.1914e-07	-3.1918e-07	1.2579e-09	-1.7829e-09	6.3398e-10	3.1902e-07	-3.1914e-07	1.3533e-09	-1.8658e-09	6.3459e-10	3.1914e-07	-3.1922e-07	1.4551e-09	-1.9532e-09	6.3928e-10	3.1914e-07	-3.1922e-07
-0.265	5.9651e-10	-1.2188e-09	6.1261e-10	3.2094e-07	-3.2096e-07	6.7797e-10	-1.286e-09	6.0868e-10	3.208e-07	-3.2082e-07	7.4231e-10	-1.3285e-09	6.1339e-10	3.1986e-07	-3.199e-07	8.1706e-10	-1.387e-09	6.119e-10	3.1986e-07	-3.1982e-07	8.8644e-10	-1.4433e-09	6.1224e-10	3.2056e-07	-3.2054e-07	9.6996e-10	-1.5121e-09	6.0978e-10	3.1968e-07	-3.1984e-07	1.0504e-09	-1.5769e-09	6.1145e-10	3.1928e-07	-3.1928e-07	1.1494e-09	-1.6479e-09	6.0919e-10	3.1902e-07	-3.1924e-07	1.2323e-09	-1.7229e-09	6.1662e-10	3.1914e-07	-3.1916e-07	1.3113e-09	-1.7982e-09	6.0469e-10	3.1914e-07	-3.1918e-07	1.4111e-09	-1.8731e-09	6.0968e-10	3.1904e-07	-3.1926e-07
-0.26	5.6927e-10	-1.1595e-09	5.8066e-10	3.2092e-07	-3.2096e-07	6.3975e-10	-1.2164e-09	5.8994e-10	3.208e-07	-3.208e-07	7.1158e-10	-1.2725e-09	5.819e-10	3.1986e-07	-3.1982e-07	7.8288e-10	-1.3249e-09	5.8644e-10	3.1978e-07	-3.1982e-07	8.5341e-10	-1.3894e-09	5.867e-10	3.2054e-07	-3.2046e-07	9.5178e-10	-1.4537e-09	5.9113e-10	3.1976e-07	-3.1988e-07	1.0106e-09	-1.5103e-09	5.7983e-10	3.1922e-07	-3.1928e-07	1.0957e-09	-1.5852e-09	5.8321e-10	3.1914e-07	-3.1924e-07	1.1789e-09	-1.656e-09	5.8401e-10	3.1912e-07	-3.1922e-07	1.2743e-09	-1.7309e-09	5.7677e-10	3.1908e-07	-3.1916e-07	1.376e-09	-1.813e-09	5.8473e-10	3.191e-07	-3.1922e-07
-0.255	5.5263e-10	-1.1273e-09	5.6413e-10	3.2098e-07	-3.2094e-07	6.154e-10	-1.1572e-09	5.5643e-10	3.2076e-07	-3.2072e-07	6.8353e-10	-1.216e-09	5.5734e-10	3.1914e-07	-3.1928e-07	7.6005e-10	-1.2751e-09	5.6369e-10	3.198e-07	-3.1976e-07	8.2422e-10	-1.3338e-09	5.5542e-10	3.2058e-07	-3.2054e-07	8.9845e-10	-1.3853e-09	5.5754e-10	3.1974e-07	-3.198e-07	9.8441e-10	-1.4533e-09	5.5721e-10	3.1926e-07	-3.1938e-07	1.0606e-09	-1.5216e-09	5.5839e-10	3.1912e-07	-3.1914e-07	1.1475e-09	-1.5888e-09	5.5025e-10	3.191e-07	-3.1916e-07	1.2401e-09	-1.667e-09	5.6171e-10	3.1908e-07	-3.1916e-07	1.3302e-09	-1.7447e-09	5.5407e-10	3.1914e-07	-3.1918e-07
-0.25	5.2089e-10	-1.0655e-09	5.3049e-10	3.209e-07	-3.2094e-07	5.9612e-10	-1.1219e-09	5.394e-10	3.2078e-07	-3.2082e-07	6.5795e-10	-1.1699e-09	5.4106e-10	3.1998e-07	-3.1984e-07	7.2467e-10	-1.2216e-09	5.3864e-10	3.1974e-07	-3.1976e-07	7.9373e-10	-1.2702e-09	5.2888e-10	3.205e-07	-3.2054e-07	8.728e-10	-1.3378e-09	5.3309e-10	3.191e-07	-3.1978e-07	9.6215e-10	-1.3997e-09	5.3785e-10	3.1924e-07	-3.1934e-07	1.0237e-09	-1.4614e-09	5.3355e-10	3.1916e-07	-3.1916e-07	1.1187e-09	-1.5375e-09	5.3264e-10	3.1908e-07	-3.1918e-07	1.1941e-09	-1.6031e-09	5.3356e-10	3.1914e-07	-3.1924e-07	1.2896e-09	-1.6764e-09	5.2901e-10	3.1908e-07	-3.1918e-07
-0.245	4.9762e-10	-1.0157e-09	5.0244e-10	3.2122e-07	-3.2114e-07	5.6246e-10	-1.0655e-09	5.1525e-10	3.2086e-07	-3.2084e-07	6.2633e-10	-1.1155e-09	5.0981e-10	3.199e-07	-3.1988e-07	7.0142e-10	-1.1665e-09	5.0476e-10	3.198e-07	-3.1978e-07	7.7206e-10	-1.2235e-09	5.1447e-10	3.2056e-07	-3.2064e-07	8.3719e-10	-1.2813e-09	5.0742e-10	3.191e-07	-3.1984e-07	9.1261e-10	-1.3402e-09	5.1294e-10	3.1936e-07	-3.1936e-07	9.983e-10	-1.4067e-09	5.0956e-10	3.1906e-07	-3.192e-07	1.0718e-09	-1.4727e-09	5.1223e-10	3.187e-07	-3.1912e-07	1.1615e-09	-1.5411e-09	5.0864e-10	3.191e-07	-3.1928e-07	1.2508e-09	-1.6167e-09	5.1334e-10	3.1906e-07	-3.1928e-07
-0.24	4.8471e-10	-9.7115e-10	4.8391e-10	3.2098e-07	-3.2098e-07	5.4281e-10	-1.0132e-09	4.7837e-10	3.208e-07	-3.2064e-07	6.0657e-10	-1.0676e-09	4.7986e-10	3.191e-07	-3.1994e-07	6.7397e-10	-1.1193e-09	4.8443e-10	3.1978e-07	-3.1982e-07	7.3793e-10	-1.1707e-09	4.9104e-10	3.2052e-07	-3.2054e-07	8.0954e-10	-1.2242e-09	4.7975e-10	3.1976e-07	-3.1972e-07	8.823e-10	-1.2802e-09	4.8449e-10	3.1938e-07	-3.1942e-07	9.6016e-10	-1.3507e-09	4.8801e-10	3.1912e-07	-3.1918e-07	1.0431e-09	-1.4108e-09	4.8789e-10	3.1848e-07	-3.191e-07	1.1279e-09	-1.4837e-09	4.9288e-10	3.1914e-07	-3.1922e-07	1.2111e-09	-1.5549e-09	4.8829e-10	3.1904e-07	-3.1916e-07
-0.235	4.5742e-10	-9.3688e-10	4.6706e-10	3.2092e-07	-3.2088e-07	5.2456e-10	-9.7061e-10	4.7369e-10	3.2076e-07	-3.2076e-07	5.8279e-10	-1.0234e-09	4.648e-10	3.199e-07	-3.1986e-07	6.4765e-10	-1.0698e-09	4.6622e-10	3.1978e-07	-3.198e-07	7.1279e-10	-1.1218e-09	4.6253e-10	3.206e-07	-3.2058e-07	7.8674e-10	-1.1788e-09	4.6063e-10	3.1974e-07	-3.1972e-07	8.6915e-10	-1.2381e-09	4.6304e-10	3.1934e-07	-3.194e-07	9.2875e-10	-1.294e-09	4.6591e-10	3.1918e-07	-3.1914e-07	1.0101e-09	-1.3589e-09	4.7024e-10	3.1904e-07	-3.1916e-07	1.0881e-09	-1.4217e-09	4.6771e-10	3.1908e-07	-3.1924e-07	1.1769e-09	-1.4935e-09	4.6083e-10	3.1918e-07	-3.1922e-07
-0.23	4.2906e-10	-8.8133e-10	4.4032e-10	3.2096e-07	-3.2092e-07	4.9787e-10	-9.3296e-10	4.5015e-10	3.2082e-07	-3.2076e-07	5.5775e-10	-9.7404e-10	4.4176e-10	3.1986e-07	-3.1988e-07	6.2086e-10	-1.0222e-09	4.4095e-10	3.198e-07	-3.1984e-07	6.8747e-10	-1.0727e-09	4.44e-10	3.2052e-07	-3.2058e-07	7.6481e-10	-1.125e-09	4.438e-10	3.1966e-07	-3.198e-07	8.2429e-10	-1.1822e-09	4.3759e-10	3.1932e-07	-3.1938e-07	8.9396e-10	-1.2382e-09	4.4288e-10	3.1924e-07	-3.1928e-07	9.942e-10	-1.3026e-09	4.4062e-10	3.1906e-07	-3.1918e-07	1.0505e-09	-1.3654e-09	4.423e-10	3.1914e-07	-3.1922e-07	1.1342e-09	-1.4346e-09	4.4456e-10	3.191e-07	-3.1864e-07
-0.225	4.1663e-10	-8.4489e-10	4.2103e-10	3.21e-07	-3.21e-07	4.7298e-10	-8.8725e-10	4.1783e-10	3.208e-07	-3.2076e-07	5.3266e-10	-9.2956e-10	4.1975e-10	3.1984e-07	-3.1988e-07	6.0141e-10	-9.7471e-10	4.2154e-10	3.1964e-07	-3.1982e-07	6.6016e-10	-1.0252e-09	4.2643e-10	3.2052e-07	-3.206e-07	7.2999e-10	-1.0747e-09	4.2313e-10	3.1974e-07	-3.1976e-07	7.9448e-10	-1.1291e-09	4.1927e-10	3.1932e-07	-3.1948e-07	8.6454e-10	-1.1896e-09	4.2616e-10	3.192e-07	-3.1924e-07	9.4212e-10	-1.2515e-09	4.1987e-10	3.191e-07	-3.193e-07	1.0189e-09	-1.3172e-09	4.2375e-10	3.1846e-07	-3.1872e-07	1.1033e-09	-1.3797e-09	4.2445e-10	3.1906e-07	-3.1924e-07
-0.22	3.9811e-10	-8.0947e-10	4.0908e-10	3.2094e-07	-3.2096e-07	4.5146e-10	-8.409e-10	3.9909e-10	3.2078e-07	-3.2074e-07	5.1136e-10	-8.8799e-10	4.0533e-10	3.1984e-07	-3.1992e-07	5.743e-10	-9.3554e-10	4.0205e-10	3.1988e-07	-3.1984e-07	6.3512e-10	-9.7972e-10	4.0225e-10	3.2056e-07	-3.2054e-07	7.0268e-10	-1.0308e-09	4.0433e-10	3.1974e-07	-3.197e-07	7.7401e-10	-1.0834e-09	4.0567e-10	3.193e-07	-3.1938e-07	8.3856e-10	-1.1374e-09	4.0136e-10	3.1916e-07	-3.1928e-07	9.0817e-10	-1.1965e-09	3.9683e-10	3.1906e-07	-3.1912e-07	9.9344e-10	-1.2614e-09	4.065e-10	3.1906e-07	-3.1918e-07	1.0697e-09	-1.32e-09	3.9967e-10	3.1918e-07	-3.1928e-07
-0.215	3.7185e-10	-7.6178e-10	3.871e-10	3.2098e-07	-3.209e-07	4.3521e-10	-8.0759e-10	3.8019e-10	3.2084e-07	-3.2072e-07	4.899e-10	-8.4576e-10	3.8435e-10	3.1912e-07	-3.1912e-07	5.4823e-10	-8.8969e-10	3.8177e-10	3.198e-07	-3.1978e-07	6.1415e-10	-9.3344e-10	3.8409e-10	3.2058e-07	-3.2058e-07	6.7038e-10	-9.8552e-10	3.8355e-10	3.1978e-07	-3.1892e-07	7.4245e-10	-1.033e-09	3.8662e-10	3.1936e-07	-3.1948e-07	8.064e-10	-1.09e-09	3.8274e-10	3.1866e-07	-3.1924e-07	8.7948e-10	-1.1469e-09	3.7999e-10	3.1906e-07	-3.1912e-07	9.5485e-10	-1.2086e-09	3.8595e-10	3.193e-07	-3.1922e-07	1.0387e-09	-1.2733e-09	3.798e-10	3.1912e-07	-3.1922e-07
-0.21	3.5977e-10	-7.2755e-10	3.7215e-10	3.2094e-07	-3.2082e-07	4.1739e-10	-7.665e-10	3.6144e-10	3.2078e-07	-3.2076e-07	4.7191e-10	-8.0564e-10	3.6537e-10	3.1932e-07	-3.1988e-07	5.2979e-10	-8.4423e-10	3.6911e-10	3.198e-07	-3.198e-07	5.8769e-10	-8.92e-10	3.6051e-10	3.2056e-07	-3.2064e-07	6.4835e-10	-9.3933e-10	3.6597e-10	3.1974e-07	-3.1978e-07	7.1491e-10	-9.8967e-10	3.5912e-10	3.1926e-07	-3.1934e-07	7.8335e-10	-1.0439e-09	3.6617e-10	3.1956e-07	-3.197e-07	8.5396e-10	-1.0983e-09	3.6533e-10	3.192e-07	-3.1914e-07	9.249e-10	-1.1539e-09	3.5995e-10	3.1908e-07	-3.1922e-07	1.0017e-09	-1.2189e-09	3.5715e-10	3.1918e-07	-3.1926e-07
-0.205	3.3662e-10	-6.9423e-10	3.5338e-10	3.2096e-07	-3.209e-07	3.9779e-10	-7.2294e-10	3.5323e-10	3.2074e-07	-3.2084e-07	4.5355e-10	-7.6626e-10	3.5159e-10	3.1988e-07	-3.1996e-07	5.0745e-10	-8.0958e-10	3.5347e-10	3.1984e-07	-3.1992e-07	5.6828e-10	-8.5089e-10	3.4518e-10	3.2086e-07	-3.2096e-07	6.2379e-10	-8.9217e-10	3.4833e-10	3.1972e-07	-3.1978e-07	6.9749e-10	-9.4373e-10	3.4595e-10	3.1944e-07	-3.193e-07	7.5856e-10	-9.9721e-10	3.4381e-10	3.1922e-07	-3.1934e-07	8.2208e-10	-1.049e-09	3.4811e-10	3.1914e-07	-3.1918e-07	9.0309e-10	-1.1132e-09	3.4356e-10	3.1906e-07	-3.192e-07	9.7471e-10	-1.1693e-09	3.4445e-10	3.1914e-07	-3.1914e-07
-0.2	3.166e-10	-6.5681e-10	3.2618e-10	3.2098e-07	-3.2094e-07	3.8017e-10	-6.9418e-10	3.3313e-10	3.2074e-07	-3.2084e-07	4.2966e-10	-7.2774e-10	3.3115e-10	3.1992e-07	-3.1988e-07	4.8236e-10	-7.684e-10	3.2845e-10	3.1984e-07	-3.1986e-07	5.4316e-10	-8.0798e-10	3.2922e-10	3.2064e-07	-3.2058e-07	6.0245e-10	-8.5404e-10	3.2847e-10	3.1974e-07	-3.198e-07	6.7186e-10	-9.0275e-10	3.3072e-10	3.1874e-07	-3.1946e-07	7.2813e-10	-9.5008e-10	3.267e-10	3.1922e-07	-3.1928e-07	7.9798e-10	-1.0058e-09	3.2736e-10	3.1922e-07	-3.1924e-07	8.6614e-10	-1.0604e-09	3.2494e-10	3.1908e-07	-3.192e-07	9.4438e-10	-1.1198e-09	3.25e-10	3.191e-07	-3.193e-07
-0.195	3.0394e-10	-6.2193e-10	3.0858e-10	3.2096e-07	-3.209e-07	3.6129e-10	-6.5807e-10	3.103e-10	3.2074e-07	-3.2078e-07	4.1195e-10	-6.9392e-10	3.0906e-10	3.1992e-07	-3.1988e-07	4.6374e-10	-7.2997e-10	3.0654e-10	3.1978e-07	-3.1982e-07	5.2153e-10	-7.7071e-10	3.1182e-10	3.2064e-07	-3.2058e-07	5.8429e-10	-8.1715e-10	3.0783e-10	3.1974e-07	-3.1974e-07	6.4344e-10	-8.6274e-10	3.1143e-10	3.1932e-07	-3.1938e-07	7.0493e-10	-9.1104e-10	3.075e-10	3.1916e-07	-3.192e-07	7.6678e-10	-9.629e-10	3.0937e-10	3.1908e-07	-3.1928e-07	8.3872e-10	-1.0128e-09	3.0171e-10	3.1908e-07	-3.1918e-07	9.1244e-10	-1.0727e-09	3.0535e-10	3.191e-07	-3.1924e-07
-0.19	2.8955e-10	-5.9225e-10	2.9807e-10	3.2092e-07	-3.209e-07	3.4014e-10	-6.1886e-10	2.938e-10	3.2084e-07	-3.208e-07	3.9703e-10	-6.5941e-10	2.9203e-10	3.199e-07	-3.1984e-07	4.4952e-10	-6.968e-10	2.9272e-10	3.1978e-07	-3.197e-07	5.0393e-10	-7.3518e-10	2.9249e-10	3.206e-07	-3.2064e-07	5.5502e-10	-7.7132e-10	2.8415e-10	3.198e-07	-3.1976e-07	6.187e-10	-8.1924e-10	2.916e-10	3.1926e-07	-3.1936e-07	6.7679e-10	-8.6771e-10	2.9049e-10	3.1914e-07	-3.193e-07	7.456e-10	-9.1597e-10	2.8903e-10	3.1914e-07	-3.1922e-07	8.162e-10	-9.677e-10	2.8645e-10	3.1914e-07	-3.1918e-07	8.8113e-10	-1.0252e-09	2.9021e-10	3.1908e-07	-3.1918e-07
-0.185	2.7204e-10	-5.5648e-10	2.8364e-10	3.209e-07	-3.2086e-07	3.2597e-10	-5.9212e-10	2.7395e-10	3.2074e-07	-3.2074e-07	3.7281e-10	-6.2305e-10	2.7345e-10	3.1984e-07	-3.1984e-07	4.267e-10	-6.5835e-10	2.7595e-10	3.1978e-07	-3.1982e-07	4.7896e-10	-6.967e-10	2.7162e-10	3.2058e-07	-3.2058e-07	5.4209e-10	-7.4162e-10	2.7019e-10	3.1972e-07	-3.1972e-07	5.9701e-10	-7.8098e-10	2.6913e-10	3.1936e-07	-3.1934e-07	6.5681e-10	-8.2291e-10	2.7451e-10	3.1914e-07	-3.187e-07	7.2367e-10	-8.7614e-10	2.7838e-10	3.1914e-07	-3.1924e-07	7.89e-10	-9.2983e-10	2.7129e-10	3.1912e-07	-3.1922e-07	8.5856e-10	-9.8278e-10	2.7369e-10	3.1914e-07	-3.1922e-07
-0.18	2.5956e-10	-5.2849e-10	2.6579e-10	3.209e-07	-3.2088e-07	3.1449e-10	-5.5936e-10	2.5728e-10	3.208e-07	-3.2078e-07	3.6217e-10	-5.8868e-10	2.6298e-10	3.1986e-07	-3.198e-07	4.1466e-10	-6.2792e-10	2.6142e-10	3.198e-07	-3.1984e-07	4.6728e-10	-6.6095e-10	2.6041e-10	3.206e-07	-3.2066e-07	5.2327e-10	-7.0319e-10	2.5805e-10	3.1972e-07	-3.1978e-07	5.7908e-10	-7.4707e-10	2.5289e-10	3.1932e-07	-3.193e-07	6.3293e-10	-7.9094e-10	2.6024e-10	3.1918e-07	-3.193e-07	6.9472e-10	-8.3544e-10	2.5702e-10	3.192e-07	-3.1926e-07	7.6165e-10	-8.8429e-10	2.533e-10	3.1906e-07	-3.1924e-07	8.2599e-10	-9.3734e-10	2.5442e-10	3.1908e-07	-3.1922e-07
-0.175	2.4618e-10	-5.009e-10	2.5392e-10	3.2092e-07	-3.209e-07	2.9514e-10	-5.2595e-10	2.4923e-10	3.2086e-07	-3.2068e-07	3.4863e-10	-5.6053e-10	2.5123e-10	3.1906e-07	-3.191e-07	3.9407e-10	-5.8995e-10	2.4541e-10	3.1976e-07	-3.1982e-07	4.5436e-10	-6.3006e-10	2.4917e-10	3.2062e-07	-3.2062e-07	4.9809e-10	-6.6518e-10	2.4063e-10	3.1974e-07	-3.1978e-07	5.533e-10	-7.0432e-10	2.3893e-10	3.1928e-07	-3.194e-07	6.0862e-10	-7.486e-10	2.4186e-10	3.1916e-07	-3.1938e-07	6.77e-10	-7.9487e-10	2.3365e-10	3.1904e-07	-3.1924e-07	7.3629e-10	-8.464e-10	2.4223e-10	3.192e-07	-3.1928e-07	8.1008e-10	-8.963e-10	2.4038e-10	3.1908e-07	-3.1922e-07
-0.17	2.2913e-10	-4.7172e-10	2.4025e-10	3.2088e-07	-3.2084e-07	2.8546e-10	-4.9824e-10	2.3229e-10	3.208e-07	-3.2088e-07	3.2717e-10	-5.2962e-10	2.3077e-10	3.1984e-07	-3.1984e-07	3.8053e-10	-5.6286e-10	2.3427e-10	3.1982e-07	-3.198e-07	4.275e-10	-5.9505e-10	2.2913e-10	3.2058e-07	-3.2062e-07	4.8577e-10	-6.3017e-10	2.3094e-10	3.1944e-07	-3.1982e-07	5.4154e-10	-6.7109e-10	2.2676e-10	3.1928e-07	-3.1934e-07	5.8862e-10	-7.1118e-10	2.2618e-10	3.1922e-07	-3.1928e-07	6.5932e-10	-7.5908e-10	2.2278e-10	3.191e-07	-3.1924e-07	7.1556e-10	-8.077e-10	2.309e-10	3.1908e-07	-3.1916e-07	7.8148e-10	-8.5632e-10	2.2536e-10	3.191e-07	-3.1918e-07
-0.165	2.1888e-10	-4.4388e-10	2.2135e-10	3.2088e-07	-3.209e-07	2.709e-10	-4.6984e-10	2.1999e-10	3.2088e-07	-3.208e-07	3.1214e-10	-4.9859e-10	2.1455e-10	3.1984e-07	-3.1994e-07	3.6607e-10	-5.3222e-10	2.1929e-10	3.198e-07	-3.1916e-07	4.1496e-10	-5.6226e-10	2.119e-10	3.2062e-07	-3.2054e-07	4.6665e-10	-6.0208e-10	2.2057e-10	3.1972e-07	-3.1978e-07	5.1683e-10	-6.391e-10	2.1256e-10	3.1868e-07	-3.188e-07	5.7792e-10	-6.8161e-10	2.1033e-10	3.1924e-07	-3.1924e-07	6.3622e-10	-7.209e-10	2.1084e-10	3.187e-07	-3.1918e-07	6.8839e-10	-7.6698e-10	2.1241e-10	3.1912e-07	-3.1916e-07	7.4844e-10	-8.1644e-10	2.1149e-10	3.1902e-07	-3.1924e-07
-0.16	2.0443e-10	-4.2023e-10	2.0627e-10	3.2086e-07	-3.2084e-07	2.5407e-10	-4.4435e-10	2.075e-10	3.2084e-07	-3.2082e-07	3.078e-10	-4.7249e-10	2.0153e-10	3.1984e-07	-3.1982e-07	3.47e-10	-4.9932e-10	1.9497e-10	3.198e-07	-3.1982e-07	4.011e-10	-5.3676e-10	2.005e-10	3.2056e-07	-3.2064e-07	4.4514e-10	-5.6528e-10	1.893e-10	3.198e-07	-3.1992e-07	4.9773e-10	-6.023e-10	1.9545e-10	3.1928e-07	-3.194e-07	5.5036e-10	-6.4204e-10	1.9395e-10	3.192e-07	-3.193e-07	6.1689e-10	-6.8447e-10	1.9062e-10	3.1906e-07	-3.1926e-07	6.6979e-10	-7.33e-10	1.9956e-10	3.1918e-07	-3.1924e-07	7.3464e-10	-7.7848e-10	1.9221e-10	3.1906e-07	-3.1926e-07
-0.155	1.9219e-10	-3.9581e-10	1.9472e-10	3.2092e-07	-3.2082e-07	2.4286e-10	-4.1777e-10	1.8319e-10	3.208e-07	-3.2078e-07	2.8936e-10	-4.4428e-10	1.8395e-10	3.1986e-07	-3.1984e-07	3.3932e-10	-4.7586e-10	1.7972e-10	3.1978e-07	-3.1978e-07	3.8019e-10	-5.0112e-10	1.7975e-10	3.206e-07	-3.2058e-07	4.362e-10	-5.3761e-10	1.7367e-10	3.198e-07	-3.1984e-07	4.9338e-10	-5.7123e-10	1.7902e-10	3.1876e-07	-3.1942e-07	5.401e-10	-6.0892e-10	1.7789e-10	3.192e-07	-3.1934e-07	6.0429e-10	-6.5617e-10	1.8092e-10	3.1918e-07	-3.1924e-07	6.495e-10	-6.9553e-10	1.7869e-10	3.1912e-07	-3.1924e-07	7.1999e-10	-7.4373e-10	1.8008e-10	3.1908e-07	-3.1918e-07
-0.15	1.8265e-10	-3.6634e-10	1.849e-10	3.2088e-07	-3.2088e-07	2.3275e-10	-3.9194e-10	1.6981e-10	3.2076e-07	-3.2106e-07	2.7816e-10	-4.1538e-10	1.7051e-10	3.1982e-07	-3.1978e-07	3.2515e-10	-4.4472e-10	1.6798e-10	3.1978e-07	-3.1984e-07	3.7146e-10	-4.7551e-10	1.6375e-10	3.2054e-07	-3.2058e-07	4.1778e-10	-5.1093e-10	1.5907e-10	3.198e-07	-3.1972e-07	4.686e-10	-5.4628e-10	1.6113e-10	3.1932e-07	-3.188e-07	5.2274e-10	-5.8485e-10	1.6432e-10	3.1914e-07	-3.1928e-07	5.7678e-10	-6.166e-10	1.6562e-10	3.1914e-07	-3.1926e-07	6.3322e-10	-6.6052e-10	1.5762e-10	3.191e-07	-3.192e-07	6.9343e-10	-7.047e-10	1.6561e-10	3.1908e-07	-3.192e-07
-0.145	1.7333e-10	-3.5023e-10	1.7469e-10	3.2088e-07	-3.2088e-07	2.2293e-10	-3.708e-10	1.6264e-10	3.2084e-07	-3.2076e-07	2.7212e-10	-3.9551e-10	1.6199e-10	3.199e-07	-3.1984e-07	3.1401e-10	-4.1836e-10	1.5275e-10	3.1978e-07	-3.1916e-07	3.6172e-10	-4.5067e-10	1.4986e-10	3.2062e-07	-3.2058e-07	4.0941e-10	-4.7818e-10	1.4425e-10	3.1978e-07	-3.1984e-07	4.5356e-10	-5.0982e-10	1.4014e-10	3.1932e-07	-3.1936e-07	5.094e-10	-5.462e-10	1.49e-10	3.1922e-07	-3.1922e-07	5.6371e-10	-5.8392e-10	1.4379e-10	3.1914e-07	-3.1924e-07	6.1479e-10	-6.3022e-10	1.4666e-10	3.1912e-07	-3.1922e-07	6.7917e-10	-6.714e-10	1.4675e-10	3.1906e-07	-3.1922e-07
-0.14	1.6056e-10	-3.2368e-10	1.6301e-10	3.2092e-07	-3.208e-07	2.1351e-10	-3.4246e-10	1.4878e-10	3.208e-07	-3.2072e-07	2.5553e-10	-3.6486e-10	1.4555e-10	3.198e-07	-3.1986e-07	3.0614e-10	-3.9796e-10	1.4205e-10	3.1986e-07	-3.1984e-07	3.5159e-10	-4.2007e-10	1.3677e-10	3.206e-07	-3.2058e-07	3.9883e-10	-4.5345e-10	1.3438e-10	3.1962e-07	-3.198e-07	4.4474e-10	-4.8547e-10	1.3328e-10	3.1934e-07	-3.1936e-07	4.9298e-10	-5.1835e-10	1.34e-10	3.1916e-07	-3.1934e-07	5.4627e-10	-5.64e-10	1.3174e-10	3.1908e-07	-3.192e-07	5.9987e-10	-5.9792e-10	1.2924e-10	3.1908e-07	-3.1924e-07	6.6241e-10	-6.3673e-10	1.2909e-10	3.1914e-07	-3.1928e-07
-0.135	1.486e-10	-2.9853e-10	1.4872e-10	3.2086e-07	-3.2084e-07	2.0689e-10	-3.2213e-10	1.426e-10	3.2078e-07	-3.2076e-07	2.4961e-10	-3.4918e-10	1.3092e-10	3.1992e-07	-3.1984e-07	2.9368e-10	-3.7008e-10	1.2711e-10	3.1988e-07	-3.199e-07	3.4227e-10	-4.0001e-10	1.2762e-10	3.2068e-07	-3.2064e-07	3.9075e-10	-4.3184e-10	1.237e-10	3.1974e-07	-3.1912e-07	4.3691e-10	-4.5986e-10	1.2059e-10	3.1926e-07	-3.1948e-07	4.8e-10	-4.9726e-10	1.1766e-10	3.1916e-07	-3.1934e-07	5.2959e-10	-5.2389e-10	1.0599e-10	3.1914e-07	-3.1916e-07	5.8855e-10	-5.6295e-10	1.1479e-10	3.191e-07	-3.1918e-07	6.3983e-10	-6.0584e-10	1.1308e-10	3.1916e-07	-3.1928e-07
-0.13	1.448e-10	-2.8693e-10	1.3968e-10	3.2086e-07	-3.2084e-07	1.9326e-10	-3.0154e-10	1.2926e-10	3.2078e-07	-3.2084e-07	2.4111e-10	-3.2654e-10	1.1126e-10	3.1976e-07	-3.1984e-07	2.8653e-10	-3.4844e-10	1.0997e-10	3.1988e-07	-3.199e-07	3.3094e-10	-3.7528e-10	1.089e-10	3.2056e-07	-3.2052e-07	3.7454e-10	-3.944e-10	1.0544e-10	3.1972e-07	-3.1982e-07	4.2123e-10	-4.3073e-10	1.0044e-10	3.1932e-07	-3.1934e-07	4.6751e-10	-4.6066e-10	9.744e-11	3.1918e-07	-3.1934e-07	5.278e-10	-4.9576e-10	9.228e-11	3.1916e-07	-3.1912e-07	5.7185e-10	-5.354e-10	1.047e-10	3.1916e-07	-3.1922e-07	6.2936e-10	-5.7715e-10	9.576e-11	3.1918e-07	-3.1932e-07
-0.125	1.3082e-10	-2.6155e-10	1.252e-10	3.2088e-07	-3.2084e-07	1.877e-10	-2.8262e-10	1.0768e-10	3.2106e-07	-3.2108e-07	2.3314e-10	-3.0088e-10	9.563e-11	3.198e-07	-3.1982e-07	2.8282e-10	-3.2892e-10	9.85e-11	3.1918e-07	-3.1928e-07	3.2202e-10	-3.4891e-10	8.774e-11	3.2054e-07	-3.2064e-07	3.7518e-10	-3.8238e-10	8.91e-11	3.1968e-07	-3.1978e-07	4.3291e-10	-4.0723e-10	8.164e-11	3.1938e-07	-3.194e-07	4.6068e-10	-4.3813e-10	8.248e-11	3.1916e-07	-3.1928e-07	5.2187e-10	-4.7774e-10	8.509e-11	3.1912e-07	-3.1918e-07	5.6198e-10	-5.0586e-10	8.005e-11	3.192e-07	-3.1926e-07	6.1803e-10	-5.4444e-10	7.853e-11	3.191e-07	-3.1918e-07
-0.12	1.2338e-10	-2.4258e-10	1.1155e-10	3.2086e-07	-3.2088e-07	1.8259e-10	-2.6405e-10	9.865e-11	3.2072e-07	-3.2072e-07	2.3263e-10	-2.8716e-10	9.195e-11	3.1984e-07	-3.1996e-07	2.7277e-10	-3.0323e-10	7.518e-11	3.1982e-07	-3.1982e-07	3.2337e-10	-3.3085e-10	7.516e-11	3.2054e-07	-3.206e-07	3.6215e-10	-3.5562e-10	6e-11	3.1978e-07	-3.1976e-07	4.1054e-10	-3.8221e-10	6.7e-11	3.193e-07	-3.1936e-07	4.6081e-10	-4.1702e-10	6.474e-11	3.1922e-07	-3.1928e-07	4.9919e-10	-4.4195e-10	5.887e-11	3.1908e-07	-3.1918e-07	5.5036e-10	-4.8243e-10	5.921e-11	3.1916e-07	-3.1922e-07	6.1282e-10	-5.1343e-10	5.603e-11	3.1908e-07	-3.1924e-07
-0.115	1.2278e-10	-2.3176e-10	1.0796e-10	3.2086e-07	-3.2082e-07	1.7293e-10	-2.4643e-10	8.173e-11	3.2086e-07	-3.208e-07	2.2986e-10	-2.616e-10	7.143e-11	3.1984e-07	-3.1982e-07	2.7115e-10	-2.857e-10	5.467e-11	3.1986e-07	-3.1984e-07	3.1444e-10	-3.0877e-10	5.58e-11	3.2052e-07	-3.2064e-07	3.5831e-10	-3.2821e-10	3.839e-11	3.1972e-07	-3.1978e-07	4.0571e-10	-3.5611e-10	4.128e-11	3.1864e-07	-3.1868e-07	4.4607e-10	-3.8392e-10	4.224e-11	3.1922e-07	-3.1928e-07	5.2276e-10	-4.1739e-10	3.969e-11	3.1908e-07	-3.1918e-07	5.5779e-10	-4.481e-10	4.15e-11	3.1914e-07	-3.1928e-07	6.0016e-10	-4.9073e-10	3.557e-11	3.1922e-07	-3.193e-07
-0.11	1.1099e-10	-2.0777e-10	1.0091e-10	3.2088e-07	-3.2086e-07	1.7494e-10	-2.2784e-10	6.407e-11	3.2092e-07	-3.2096e-07	2.2507e-10	-2.4373e-10	5.296e-11	3.1984e-07	-3.1984e-07	2.726e-10	-2.6813e-10	4.27e-11	3.1982e-07	-3.1982e-07	3.1242e-10	-2.8562e-10	2.619e-11	3.2052e-07	-3.2048e-07	3.6528e-10	-3.1576e-10	2.428e-11	3.1968e-07	-3.1974e-07	4.1006e-10	-3.4091e-10	1.81e-11	3.1932e-07	-3.1936e-07	4.6962e-10	-3.6634e-10	2.052e-11	3.1926e-07	-3.1928e-07	4.9836e-10	-3.9767e-10	2.427e-11	3.1912e-07	-3.1924e-07	5.4481e-10	-4.2962e-10	1.534e-11	3.1846e-07	-3.1858e-07	5.9898e-10	-4.6127e-10	1.902e-11	3.1912e-07	-3.1924e-07
-0.105	1.0275e-10	-1.9312e-10	8.978e-11	3.2092e-07	-3.2086e-07	1.7299e-10	-2.093e-10	6.858e-11	3.208e-07	-3.2076e-07	2.2703e-10	-2.338e-10	4.536e-11	3.1988e-07	-3.1988e-07	2.7314e-10	-2.4408e-10	2.316e-11	3.1976e-07	-3.1978e-07	3.1787e-10	-2.6966e-10	1.009e-11	3.2052e-07	-3.205e-07	3.6556e-10	-2.8946e-10	2.9e-12	3.197e-07	-3.1982e-07	4.1241e-10	-3.1674e-10	-1.63e-12	3.1924e-07	-3.1934e-07	4.5918e-10	-3.4528e-10	3.24e-12	3.1928e-07	-3.193e-07	4.9018e-10	-3.7086e-10	-8.07e-12	3.1912e-07	-3.1928e-07	5.4066e-10	-4.0764e-10	-1.052e-11	3.1918e-07	-3.1922e-07	5.9142e-10	-4.3181e-10	-7.56e-12	3.1912e-07	-3.1932e-07
-0.1	1.0176e-10	-1.8603e-10	8.578e-11	3.2092e-07	-3.2084e-07	1.6686e-10	-1.9212e-10	4.902e-11	3.2078e-07	-3.2072e-07	2.2504e-10	-2.0792e-10	2.235e-11	3.1986e-07	-3.1988e-07	2.8796e-10	-2.3318e-10	1.41e-12	3.1984e-07	-3.1986e-07	3.2229e-10	-2.5236e-10	-8.15e-12	3.2058e-07	-3.2066e-07	3.7395e-10	-2.6945e-10	-1.915e-11	3.1966e-07	-3.1974e-07	4.1277e-10	-2.9221e-10	-2.465e-11	3.1934e-07	-3.194e-07	4.5315e-10	-3.1777e-10	-2.606e-11	3.1924e-07	-3.1928e-07	5.1437e-10	-3.4724e-10	-3.674e-11	3.191e-07	-3.1912e-07	5.4473e-10	-3.736e-10	-2.887e-11	3.191e-07	-3.1918e-07	5.9902e-10	-4.1221e-10	-3.388e-11	3.1912e-07	-3.1936e-07
-0.095	9.106e-11	-1.6247e-10	7.012e-11	3.2084e-07	-3.208e-07	1.7008e-10	-1.8095e-10	2.279e-11	3.2078e-07	-3.2072e-07	2.3272e-10	-1.9109e-10	-5.64e-12	3.1966e-07	-3.19e-07	2.8602e-10	-2.1676e-10	-2.017e-11	3.1974e-07	-3.199e-07	3.4535e-10	-2.3201e-10	-3.366e-11	3.2056e-07	-3.2062e-07	3.7976e-10	-2.6041e-10	-4.169e-11	3.197e-07	-3.1976e-07	4.2094e-10	-2.7935e-10	-4.74e-11	3.1932e-07	-3.1946e-07	4.6195e-10	-3.0328e-10	-5.496e-11	3.1926e-07	-3.192e-07	5.0939e-10	-3.313e-10	-6.187e-11	3.1908e-07	-3.1912e-07	5.5546e-10	-3.5716e-10	-5.19e-11	3.1854e-07	-3.186e-07	6.0121e-10	-3.9059e-10	-5.896e-11	3.1918e-07	-3.1928e-07
-0.09	8.645e-11	-1.5341e-10	5.933e-11	3.2088e-07	-3.2082e-07	1.7184e-10	-1.694e-10	1.403e-11	3.207e-07	-3.2076e-07	2.4234e-10	-1.8453e-10	-2.176e-11	3.1982e-07	-3.1988e-07	2.8962e-10	-1.9169e-10	-5.129e-11	3.198e-07	-3.1978e-07	3.4333e-10	-2.1582e-10	-6.039e-11	3.205e-07	-3.206e-07	3.8606e-10	-2.3058e-10	-7.461e-11	3.1972e-07	-3.1978e-07	4.3004e-10	-2.5739e-10	-8.208e-11	3.187e-07	-3.188e-07	4.7148e-10	-2.8343e-10	-8.701e-11	3.1932e-07	-3.193e-07	5.2179e-10	-3.0734e-10	-9.25e-11	3.191e-07	-3.1916e-07	5.654e-10	-3.39e-10	-8.729e-11	3.1918e-07	-3.1936e-07	6.1097e-10	-3.6098e-10	-9.559e-11	3.192e-07	-3.1926e-07
-0.085	8.686e-11	-1.446e-10	5.451e-11	3.2074e-07	-3.2082e-07	1.7442e-10	-1.4989e-10	-1.434e-11	3.207e-07	-3.2066e-07	2.4144e-10	-1.628e-10	-5.512e-11	3.199e-07	-3.1982e-07	3.1098e-10	-1.8791e-10	-7.641e-11	3.1918e-07	-3.1914e-07	3.5864e-10	-2.0215e-10	-9.674e-11	3.2062e-07	-3.2066e-07	4.0735e-10	-2.1834e-10	-1.0532e-10	3.1976e-07	-3.1974e-07	4.5072e-10	-2.3565e-10	-1.1562e-10	3.194e-07	-3.1942e-07	4.9334e-10	-2.5944e-10	-1.231e-10	3.192e-07	-3.193e-07	5.3634e-10	-2.8376e-10	-1.2539e-10	3.185e-07	-3.1862e-07	5.7823e-10	-3.086e-10	-1.3287e-10	3.192e-07	-3.1924e-07	6.3038e-10	-3.4461e-10	-1.3213e-10	3.191e-07	-3.1926e-07
-0.08	8.04e-11	-1.193e-10	4.067e-11	3.2084e-07	-3.2078e-07	1.8782e-10	-1.4064e-10	-3.955e-11	3.2068e-07	-3.2064e-07	2.6389e-10	-1.5082e-10	-8.368e-11	3.1912e-07	-3.1982e-07	3.2576e-10	-1.6992e-10	-1.0819e-10	3.198e-07	-3.1984e-07	3.7841e-10	-1.8479e-10	-1.3188e-10	3.2052e-07	-3.2062e-07	4.2368e-10	-2.0511e-10	-1.5471e-10	3.1974e-07	-3.1978e-07	4.7544e-10	-2.2581e-10	-1.5434e-10	3.1934e-07	-3.1936e-07	5.1888e-10	-2.4756e-10	-1.6303e-10	3.1876e-07	-3.1864e-07	5.5968e-10	-2.7098e-10	-1.6607e-10	3.19e-07	-3.1912e-07	6.0468e-10	-2.9671e-10	-1.7608e-10	3.1854e-07	-3.1924e-07	6.5021e-10	-3.2498e-10	-1.7458e-10	3.1908e-07	-3.1926e-07
-0.075	8.105e-11	-1.1722e-10	3.27e-11	3.2088e-07	-3.208e-07	1.9812e-10	-1.3037e-10	-4.38e-11	3.207e-07	-3.207e-07	2.7946e-10	-1.4033e-10	-1.0648e-10	3.1974e-07	-3.1978e-07	3.4482e-10	-1.4959e-10	-1.5817e-10	3.198e-07	-3.198e-07	4.0873e-10	-1.6928e-10	-1.7347e-10	3.2052e-07	-3.2062e-07	4.5767e-10	-1.8677e-10	-2.0035e-10	3.1972e-07	-3.198e-07	4.9885e-10	-2.0654e-10	-2.0758e-10	3.1932e-07	-3.1936e-07	5.4696e-10	-2.2952e-10	-2.0986e-10	3.1922e-07	-3.1924e-07	5.8371e-10	-2.5011e-10	-2.1996e-10	3.1918e-07	-3.1924e-07	6.2909e-10	-2.7608e-10	-2.2236e-10	3.192e-07	-3.193e-07	6.7797e-10	-2.9814e-10	-2.2339e-10	3.191e-07	-3.1918e-07
-0.07	8.017e-11	-1.0931e-10	2.724e-11	3.2098e-07	-3.2088e-07	2.0859e-10	-1.1185e-10	-7.015e-11	3.2074e-07	-3.2078e-07	3.0221e-10	-1.2739e-10	-1.424e-10	3.1928e-07	-3.1982e-07	3.8549e-10	-1.4836e-10	-1.9122e-10	3.1984e-07	-3.1984e-07	4.4047e-10	-1.5772e-10	-2.2629e-10	3.2058e-07	-3.2064e-07	5.0139e-10	-1.7487e-10	-2.3966e-10	3.1972e-07	-3.1978e-07	5.3574e-10	-1.8596e-10	-2.6442e-10	3.1926e-07	-3.1934e-07	5.8123e-10	-2.065e-10	-2.6536e-10	3.1924e-07	-3.1924e-07	6.2397e-10	-2.3323e-10	-2.7379e-10	3.1902e-07	-3.1916e-07	6.6385e-10	-2.5259e-10	-2.8127e-10	3.1914e-07	-3.1858e-07	7.1689e-10	-2.84e-10	-2.8134e-10	3.191e-07	-3.1934e-07
-0.065	7.593e-11	-8.579e-11	5.71e-12	3.2086e-07	-3.2082e-07	2.3021e-10	-1.0544e-10	-1.0252e-10	3.2078e-07	-3.2084e-07	3.4004e-10	-1.1914e-10	-1.7532e-10	3.1912e-07	-3.1916e-07	4.1534e-10	-1.2664e-10	-2.3382e-10	3.1984e-07	-3.1986e-07	4.8116e-10	-1.4725e-10	-2.758e-10	3.2056e-07	-3.2062e-07	5.371e-10	-1.6067e-10	-3.0082e-10	3.1974e-07	-3.1984e-07	5.869e-10	-1.7995e-10	-3.1722e-10	3.193e-07	-3.1928e-07	6.4524e-10	-2.0034e-10	-3.2667e-10	3.1932e-07	-3.1934e-07	6.7389e-10	-2.1857e-10	-3.3938e-10	3.1906e-07	-3.1916e-07	7.2453e-10	-2.431e-10	-3.4164e-10	3.1844e-07	-3.186e-07	7.6388e-10	-2.6528e-10	-3.4419e-10	3.1916e-07	-3.193e-07
-0.06	8.394e-11	-8.842e-11	3.09e-12	3.2092e-07	-3.2082e-07	2.4427e-10	-9.557e-11	-1.2949e-10	3.2078e-07	-3.2082e-07	3.6991e-10	-1.0526e-10	-2.1421e-10	3.1986e-07	-3.1986e-07	4.6563e-10	-1.1597e-10	-2.9871e-10	3.1978e-07	-3.1976e-07	5.3652e-10	-1.285e-10	-3.3999e-10	3.2052e-07	-3.2058e-07	5.8913e-10	-1.452e-10	-3.7445e-10	3.1966e-07	-3.1976e-07	6.3514e-10	-1.6293e-10	-3.8901e-10	3.1932e-07	-3.1938e-07	6.8768e-10	-1.8159e-10	-3.9663e-10	3.1924e-07	-3.1934e-07	7.3046e-10	-1.9904e-10	-4.133e-10	3.1906e-07	-3.1928e-07	7.7953e-10	-2.2445e-10	-4.1245e-10	3.1908e-07	-3.1928e-07	8.1859e-10	-2.4249e-10	-4.2463e-10	3.1912e-07	-3.1928e-07
-0.055	8.348e-11	-7.882e-11	-7.75e-12	3.2084e-07	-3.2076e-07	2.7181e-10	-8.378e-11	-1.788e-10	3.208e-07	-3.2072e-07	4.0504e-10	-8.968e-11	-2.7746e-10	3.1978e-07	-3.198e-07	5.1849e-10	-1.0969e-10	-3.5492e-10	3.1982e-07	-3.1982e-07	5.9665e-10	-1.1876e-10	-4.0933e-10	3.2054e-07	-3.2056e-07	6.6965e-10	-1.3553e-10	-4.4333e-10	3.1972e-07	-3.1966e-07	7.1474e-10	-1.4635e-10	-4.6793e-10	3.1918e-07	-3.1936e-07	7.5402e-10	-1.6394e-10	-4.8532e-10	3.1924e-07	-3.193e-07	8.104e-10	-1.8636e-10	-5.0149e-10	3.1906e-07	-3.1916e-07	8.4779e-10	-2.0211e-10	-4.9561e-10	3.1908e-07	-3.1928e-07	8.9195e-10	-2.2883e-10	-5.1462e-10	3.1918e-07	-3.1926e-07
-0.05	8.21e-11	-6.034e-11	-2.485e-11	3.208e-07	-3.2074e-07	3.096e-10	-7.671e-11	-2.2268e-10	3.2082e-07	-3.2078e-07	4.6068e-10	-9.222e-11	-3.4527e-10	3.1988e-07	-3.1978e-07	5.8327e-10	-9.403e-11	-4.3167e-10	3.1984e-07	-3.1988e-07	6.6779e-10	-1.1311e-10	-4.9726e-10	3.206e-07	-3.2066e-07	7.4094e-10	-1.2003e-10	-5.3424e-10	3.198e-07	-3.1984e-07	7.9487e-10	-1.4229e-10	-5.627e-10	3.193e-07	-3.1938e-07	8.435e-10	-1.5909e-10	-5.8226e-10	3.1922e-07	-3.194e-07	9.1777e-10	-1.7486e-10	-5.9976e-10	3.1906e-07	-3.1918e-07	9.4549e-10	-1.9736e-10	-5.9835e-10	3.1916e-07	-3.1934e-07	9.8546e-10	-2.1447e-10	-6.1299e-10	3.1918e-07	-3.1932e-07
-0.045	9.756e-11	-5.991e-11	-2.602e-11	3.2098e-07	-3.2086e-07	3.4536e-10	-6.705e-11	-2.6713e-10	3.2072e-07	-3.2076e-07	5.1628e-10	-7.534e-11	-4.2133e-10	3.1986e-07	-3.1984e-07	6.594e-10	-8.555e-11	-5.2427e-10	3.1984e-07	-3.1986e-07	7.5882e-10	-9.323e-11	-5.9888e-10	3.2046e-07	-3.2056e-07	8.3313e-10	-1.1298e-10	-6.5133e-10	3.1978e-07	-3.1982e-07	8.9395e-10	-1.251e-10	-6.7266e-10	3.193e-07	-3.1942e-07	9.4507e-10	-1.4119e-10	-6.9482e-10	3.1916e-07	-3.1928e-07	1.00254e-09	-1.559e-10	-7.1353e-10	3.1912e-07	-3.1916e-07	1.04733e-09	-1.7637e-10	-7.2843e-10	3.1914e-07	-3.1928e-07	1.07897e-09	-1.9789e-10	-7.3137e-10	3.1916e-07	-3.193e-07
-0.04	9.994e-11	-4.932e-11	-4.625e-11	3.2094e-07	-3.2094e-07	4.01e-10	-5.688e-11	-3.232e-10	3.2076e-07	-3.208e-07	5.9388e-10	-6.289e-11	-5.0445e-10	3.198e-07	-3.1988e-07	7.5339e-10	-7.992e-11	-6.2908e-10	3.1956e-07	-3.1982e-07	8.7248e-10	-8.856e-11	-7.1891e-10	3.2082e-07	-3.2052e-07	9.5301e-10	-1.0158e-10	-7.8043e-10	3.1978e-07	-3.1982e-07	1.01453e-09	-1.1168e-10	-8.0584e-10	3.1934e-07	-3.1936e-07	1.06379e-09	-1.2485e-10	-8.3181e-10	3.1914e-07	-3.1922e-07	1.12316e-09	-1.4306e-10	-8.5373e-10	3.191e-07	-3.1918e-07	1.1776e-09	-1.6693e-10	-8.6456e-10	3.192e-07	-3.1924e-07	1.2039e-09	-1.8394e-10	-8.707e-10	3.1914e-07	-3.193e-07
-0.035	1.0748e-10	-4.005e-11	-7.618e-11	3.209e-07	-3.2086e-07	4.6272e-10	-5.158e-11	-3.8233e-10	3.207e-07	-3.2072e-07	6.9679e-10	-6.895e-11	-5.9057e-10	3.1978e-07	-3.1982e-07	8.74e-10	-6.527e-11	-7.584e-10	3.1948e-07	-3.1948e-07	9.9834e-10	-8.23e-11	-8.5064e-10	3.2058e-07	-3.2062e-07	1.0837e-09	-8.925e-11	-9.1766e-10	3.197e-07	-3.198e-07	1.1605e-09	-9.615e-11	-9.6973e-10	3.1922e-07	-3.194e-07	1.2182e-09	-1.1325e-10	-1.00077e-09	3.192e-07	-3.1928e-07	1.2749e-09	-1.2893e-10	-1.02004e-09	3.1908e-07	-3.1922e-07	1.3187e-09	-1.4512e-10	-1.0395e-09	3.191e-07	-3.1918e-07	1.3642e-09	-1.6747e-10	-1.03383e-09	3.192e-07	-3.193e-07
-0.03	1.2469e-10	-3.751e-11	-9.365e-11	3.2088e-07	-3.2082e-07	5.2234e-10	-4.297e-11	-4.5984e-10	3.207e-07	-3.2076e-07	8.0007e-10	-4.78e-11	-7.0334e-10	3.1978e-07	-3.199e-07	9.9812e-10	-6.018e-11	-8.9975e-10	3.1986e-07	-3.1978e-07	1.1549e-09	-7.497e-11	-1.01829e-09	3.2062e-07	-3.206e-07	1.2589e-09	-8.415e-11	-1.09394e-09	3.197e-07	-3.1984e-07	1.3436e-09	-9.298e-11	-1.14893e-09	3.1926e-07	-3.1936e-07	1.3952e-09	-1.053e-10	-1.1779e-09	3.1912e-07	-3.1918e-07	1.4473e-09	-1.2545e-10	-1.2181e-09	3.1914e-07	-3.1914e-07	1.5001e-09	-1.4096e-10	-1.2293e-09	3.1906e-07	-3.1922e-07	1.5356e-09	-1.5647e-10	-1.2381e-09	3.1914e-07	-3.1868e-07
-0.025	1.4158e-10	-2.725e-11	-1.1341e-10	3.2088e-07	-3.2086e-07	6.0442e-10	-3.539e-11	-5.5396e-10	3.2072e-07	-3.2072e-07	9.244e-10	-3.911e-11	-8.4179e-10	3.1996e-07	-3.1984e-07	1.159e-09	-5.023e-11	-1.05706e-09	3.1982e-07	-3.1978e-07	1.3259e-09	-5.919e-11	-1.2067e-09	3.2052e-07	-3.2054e-07	1.438e-09	-7.052e-11	-1.2917e-09	3.1978e-07	-3.1984e-07	1.5383e-09	-8.83e-11	-1.3575e-09	3.1924e-07	-3.1928e-07	1.5937e-09	-9.447e-11	-1.4036e-09	3.1908e-07	-3.1912e-07	1.6845e-09	-1.0852e-10	-1.4342e-09	3.191e-07	-3.1924e-07	1.7097e-09	-1.2325e-10	-1.4585e-09	3.1906e-07	-3.1918e-07	1.7623e-09	-1.4566e-10	-1.4576e-09	3.1914e-07	-3.1918e-07
-0.02	1.6495e-10	-2.313e-11	-1.4659e-10	3.2086e-07	-3.2082e-07	7.1267e-10	-3.076e-11	-6.6666e-10	3.2074e-07	-3.2072e-07	1.07716e-09	-4.088e-11	-1.0006e-09	3.1986e-07	-3.199e-07	1.3436e-09	-4.965e-11	-1.2636e-09	3.1914e-07	-3.1928e-07	1.5478e-09	-5.622e-11	-1.4299e-09	3.205e-07	-3.2056e-07	1.6802e-09	-6.828e-11	-1.5377e-09	3.1972e-07	-3.1982e-07	1.7776e-09	-7.996e-11	-1.6051e-09	3.193e-07	-3.1934e-07	1.8397e-09	-8.504e-11	-1.6428e-09	3.192e-07	-3.1926e-07	1.9243e-09	-1.0499e-10	-1.6912e-09	3.1914e-07	-3.1922e-07	1.9834e-09	-1.2029e-10	-1.7225e-09	3.1902e-07	-3.1918e-07	2.0185e-09	-1.3171e-10	-1.738e-09	3.1902e-07	-3.1858e-07
-0.015	1.8855e-10	-2.009e-11	-1.6583e-10	3.2082e-07	-3.2082e-07	8.2196e-10	-2.328e-11	-7.8867e-10	3.2068e-07	-3.2076e-07	1.2452e-09	-2.883e-11	-1.1922e-09	3.1988e-07	-3.1984e-07	1.5746e-09	-3.883e-11	-1.4925e-09	3.1974e-07	-3.1982e-07	1.8058e-09	-4.107e-11	-1.7003e-09	3.2052e-07	-3.2062e-07	1.9428e-09	-4.829e-11	-1.8278e-09	3.1974e-07	-3.1982e-07	2.0481e-09	-6.435e-11	-1.9013e-09	3.193e-07	-3.1936e-07	2.1377e-09	-7.872e-11	-1.9441e-09	3.1912e-07	-3.1922e-07	2.2264e-09	-8.579e-11	-2.0054e-09	3.1912e-07	-3.1916e-07	2.271e-09	-1.0169e-10	-2.0518e-09	3.1908e-07	-3.1912e-07	2.3302e-09	-1.1681e-10	-2.0526e-09	3.1906e-07	-3.1922e-07
-0.01	2.1317e-10	-7.68e-12	-2.0384e-10	3.209e-07	-3.2084e-07	9.6705e-10	-1.74e-11	-9.432e-10	3.2076e-07	-3.2072e-07	1.4681e-09	-1.081e-11	-1.4117e-09	3.1986e-07	-3.1976e-07	1.8418e-09	-3.106e-11	-1.7585e-09	3.1918e-07	-3.1976e-07	2.1172e-09	-4.096e-11	-2.0106e-09	3.205e-07	-3.2058e-07	2.2847e-09	-4.985e-11	-2.1544e-09	3.1972e-07	-3.1978e-07	2.3955e-09	-4.985e-11	-2.2467e-09	3.1934e-07	-3.1934e-07	2.4948e-09	-6.696e-11	-2.32e-09	3.1914e-07	-3.192e-07	2.5739e-09	-7.743e-11	-2.3893e-09	3.1914e-07	-3.1922e-07	2.6516e-09	-9.145e-11	-2.4164e-09	3.1904e-07	-3.1916e-07	2.6923e-09	-1.0704e-10	-2.4331e-09	3.1916e-07	-3.193e-07
-0.005	2.5037e-10	-6.51e-12	-2.3952e-10	3.2088e-07	-3.2082e-07	1.13294e-09	-1.322e-11	-1.09804e-09	3.2084e-07	-3.2076e-07	1.7438e-09	-2.416e-11	-1.6477e-09	3.1986e-07	-3.1984e-07	2.145e-09	-1.941e-11	-2.0882e-09	3.198e-07	-3.1982e-07	2.46e-09	-3.291e-11	-2.3633e-09	3.2052e-07	-3.2056e-07	2.6671e-09	-4.22e-11	-2.5446e-09	3.197e-07	-3.1976e-07	2.8048e-09	-5.4e-11	-2.6486e-09	3.1932e-07	-3.1934e-07	2.8895e-09	-5.645e-11	-2.7327e-09	3.1912e-07	-3.1922e-07	3.0134e-09	-7.693e-11	-2.8126e-09	3.1908e-07	-3.186e-07	3.0796e-09	-8.783e-11	-2.8515e-09	3.1908e-07	-3.1916e-07	3.1134e-09	-9.95e-11	-2.8761e-09	3.192e-07	-3.1928e-07
0	2.8052e-10	-2.11e-12	-2.8145e-10	3.2088e-07	-3.2088e-07	1.3107e-09	-1.57e-12	-1.2997e-09	3.208e-07	-3.208e-07	2.0353e-09	-1.546e-11	-1.9766e-09	3.198e-07	-3.1988e-07	2.5225e-09	-2.271e-11	-2.4655e-09	3.1978e-07	-3.1982e-07	2.8962e-09	-1.942e-11	-2.7995e-09	3.2052e-07	-3.2054e-07	3.1238e-09	-2.421e-11	-3.01e-09	3.189e-07	-3.19e-07	3.2787e-09	-3.886e-11	-3.1478e-09	3.1924e-07	-3.194e-07	3.4123e-09	-5.492e-11	-3.2259e-09	3.1914e-07	-3.1918e-07	3.504e-09	-5.735e-11	-3.3289e-09	3.1904e-07	-3.1916e-07	3.5695e-09	-6.968e-11	-3.3853e-09	3.1904e-07	-3.191e-07	3.6352e-09	-8.794e-11	-3.3942e-09	3.1916e-07	-3.1924e-07
0.005	3.3515e-10	6.29e-12	-3.5114e-10	3.2088e-07	-3.2082e-07	1.5458e-09	7.8e-13	-1.5308e-09	3.208e-07	-3.208e-07	2.3725e-09	7.27e-12	-2.3704e-09	3.192e-07	-3.1916e-07	2.9709e-09	-1.031e-11	-2.9028e-09	3.198e-07	-3.1982e-07	3.387e-09	-2.158e-11	-3.3174e-09	3.2044e-07	-3.2048e-07	3.6545e-09	-2.99e-11	-3.5412e-09	3.1966e-07	-3.1938e-07	3.8209e-09	-3.28e-11	-3.7254e-09	3.1942e-07	-3.1928e-07	3.9892e-09	-4.539e-11	-3.8136e-09	3.1908e-07	-3.1926e-07	4.0961e-09	-5.247e-11	-3.9346e-09	3.1918e-07	-3.192e-07	4.1792e-09	-6.607e-11	-3.9816e-09	3.1906e-07	-3.1916e-07	4.2331e-09	-7.932e-11	-4.0346e-09	3.1912e-07	-3.1926e-07
0.01	4.0744e-10	1.314e-11	-4.2572e-10	3.2092e-07	-3.2088e-07	1.8437e-09	6.46e-12	-1.8414e-09	3.2078e-07	-3.2076e-07	2.8278e-09	-1.137e-11	-2.7809e-09	3.1984e-07	-3.1984e-07	3.4754e-09	-3.79e-12	-3.4216e-09	3.1984e-07	-3.1982e-07	3.9919e-09	-1.353e-11	-3.9062e-09	3.2052e-07	-3.205e-07	4.3035e-09	-2.178e-11	-4.209e-09	3.1972e-07	-3.197e-07	4.5342e-09	-3.34e-11	-4.4003e-09	3.1926e-07	-3.1938e-07	4.6512e-09	-3.075e-11	-4.5171e-09	3.1914e-07	-3.1918e-07	4.8128e-09	-5.302e-11	-4.6493e-09	3.1902e-07	-3.1912e-07	4.9034e-09	-6.069e-11	-4.7117e-09	3.1908e-07	-3.1918e-07	4.9678e-09	-6.845e-11	-4.7412e-09	3.1904e-07	-3.1912e-07
0.015	4.8225e-10	8.32e-12	-4.8648e-10	3.2092e-07	-3.2092e-07	2.1613e-09	6.39e-12	-2.1615e-09	3.208e-07	-3.2076e-07	3.3045e-09	4.07e-12	-3.2921e-09	3.197e-07	-3.1984e-07	4.0974e-09	-5.38e-12	-4.0291e-09	3.1978e-07	-3.1984e-07	4.6756e-09	-3.77e-12	-4.6192e-09	3.1972e-07	-3.1966e-07	5.0478e-09	-3.31e-12	-4.9589e-09	3.191e-07	-3.1914e-07	5.3099e-09	-1.712e-11	-5.1922e-09	3.1924e-07	-3.1934e-07	5.4942e-09	-3.336e-11	-5.3097e-09	3.1912e-07	-3.1922e-07	5.635e-09	-3.269e-11	-5.5023e-09	3.1908e-07	-3.1928e-07	5.7542e-09	-4.449e-11	-5.5826e-09	3.1902e-07	-3.1908e-07	5.8027e-09	-6.03e-11	-5.6101e-09	3.191e-07	-3.1916e-07
0.02	5.5645e-10	2.526e-11	-5.7292e-10	3.2092e-07	-3.2084e-07	2.5605e-09	1.656e-11	-2.5496e-09	3.2078e-07	-3.2078e-07	3.8901e-09	1.94e-11	-3.8894e-09	3.1988e-07	-3.1978e-07	4.8373e-09	5.69e-12	-4.797e-09	3.1984e-07	-3.1978e-07	5.5134e-09	-4.83e-12	-5.4532e-09	3.1974e-07	-3.1976e-07	5.9544e-09	-1.24e-11	-5.8474e-09	3.1968e-07	-3.1982e-07	6.2597e-09	-1.412e-11	-6.1659e-09	3.1924e-07	-3.1868e-07	6.4563e-09	-2.277e-11	-6.2975e-09	3.191e-07	-3.1918e-07	6.629e-09	-2.929e-11	-6.5024e-09	3.1908e-07	-3.192e-07	6.7822e-09	-4.174e-11	-6.5824e-09	3.1912e-07	-3.1912e-07	6.8365e-09	-5.267e-11	-6.6418e-09	3.1904e-07	-3.1914e-07
0.025	6.8101e-10	2.702e-11	-6.8044e-10	3.2114e-07	-3.2084e-07	3.0378e-09	2.222e-11	-3.032e-09	3.2072e-07	-3.2066e-07	4.587e-09	4.62e-12	-4.5678e-09	3.1986e-07	-3.1982e-07	5.698e-09	1.252e-11	-5.6722e-09	3.1972e-07	-3.1988e-07	6.4919e-09	6.81e-12	-6.4281e-09	3.1974e-07	-3.1974e-07	7.0092e-09	-5.41e-12	-6.9408e-09	3.1976e-07	-3.1972e-07	7.3463e-09	-1.406e-11	-7.2367e-09	3.1934e-07	-3.194e-07	7.5548e-09	-1.232e-11	-7.4486e-09	3.1912e-07	-3.1918e-07	7.8175e-09	-3.039e-11	-7.656e-09	3.1904e-07	-3.1924e-07	7.9686e-09	-3.726e-11	-7.7669e-09	3.1906e-07	-3.1916e-07	8.0051e-09	-4.364e-11	-7.8116e-09	3.1912e-07	-3.1922e-07
0.03	8.0581e-10	2.37e-11	-8.2452e-10	3.2086e-07	-3.208e-07	3.5259e-09	2.192e-11	-3.563e-09	3.207e-07	-3.2082e-07	5.4263e-09	2.613e-11	-5.4173e-09	3.1984e-07	-3.1984e-07	6.7194e-09	8.57e-12	-6.6485e-09	3.1908e-07	-3.1916e-07	7.6758e-09	1.182e-11	-7.5996e-09	3.1966e-07	-3.1972e-07	8.2485e-09	1.357e-11	-8.1988e-09	3.1968e-07	-3.198e-07	8.7026e-09	1.17e-12	-8.5862e-09	3.193e-07	-3.1936e-07	8.9658e-09	-1.25e-11	-8.8351e-09	3.1912e-07	-3.1918e-07	9.177e-09	-1.438e-11	-9.0821e-09	3.1918e-07	-3.1928e-07	9.386e-09	-2.158e-11	-9.2131e-09	3.1904e-07	-3.1924e-07	9.4031e-09	-3.618e-11	-9.2613e-09	3.1902e-07	-3.1916e-07
0.035	9.3952e-10	3.763e-11	-9.746e-10	3.2092e-07	-3.2088e-07	4.1511e-09	2.876e-11	-4.2047e-09	3.2078e-07	-3.2078e-07	6.4143e-09	3.003e-11	-6.3933e-09	3.199e-07	-3.198e-07	7.906e-09	2.034e-11	-7.8824e-09	3.1986e-07	-3.1972e-07	9.0112e-09	1.003e-11	-8.9988e-09	3.1968e-07	-3.1976e-07	9.7788e-09	3.91e-12	-9.6413e-09	3.1972e-07	-3.1982e-07	1.02374e-08	5.85e-12	-1.01567e-08	3.1924e-07	-3.1934e-07	1.05317e-08	-5.09e-12	-1.03578e-08	3.196e-07	-3.1968e-07	1.08179e-08	-9.41e-12	-1.06928e-08	3.1912e-07	-3.1914e-07	1.10238e-08	-1.981e-11	-1.08205e-08	3.1902e-07	-3.192e-07	1.11063e-08	-2.852e-11	-1.09379e-08	3.1908e-07	-3.1924e-07
0.04	1.098e-09	3.952e-11	-1.1436e-09	3.2088e-07	-3.2084e-07	4.9242e-09	3.71e-11	-4.9769e-09	3.2074e-07	-3.2082e-07	7.5693e-09	1.777e-11	-7.5589e-09	3.1986e-07	-3.1978e-07	9.3313e-09	2.697e-11	-9.3039e-09	3.1976e-07	-3.1976e-07	1.07198e-08	2.254e-11	-1.06178e-08	3.1974e-07	-3.196e-07	1.15384e-08	1.211e-11	-1.14468e-08	3.1968e-07	-3.189e-07	1.21198e-08	9.16e-12	-1.20098e-08	3.1918e-07	-3.1924e-07	1.24668e-08	-1.99e-12	-1.23378e-08	3.1956e-07	-3.1964e-07	1.28546e-08	-4.07e-12	-1.27184e-08	3.1906e-07	-3.1922e-07	1.30094e-08	-1.593e-11	-1.28816e-08	3.1906e-07	-3.1848e-07	1.31274e-08	-2.111e-11	-1.29858e-08	3.1912e-07	-3.1922e-07
0.045	1.2729e-09	4.16e-11	-1.3793e-09	3.2078e-07	-3.2082e-07	5.7698e-09	3.398e-11	-5.856e-09	3.2078e-07	-3.2076e-07	8.9156e-09	3.666e-11	-8.99e-09	3.199e-07	-3.1984e-07	1.10156e-08	2.516e-11	-1.10093e-08	3.1966e-07	-3.1976e-07	1.26258e-08	2.578e-11	-1.25614e-08	3.1972e-07	-3.1978e-07	1.36302e-08	1.524e-11	-1.35114e-08	3.1962e-07	-3.1972e-07	1.42692e-08	1.049e-11	-1.41578e-08	3.192e-07	-3.1936e-07	1.46688e-08	8.11e-12	-1.45658e-08	3.1962e-07	-3.1974e-07	1.51488e-08	-2.47e-12	-1.4978e-08	3.1914e-07	-3.1924e-07	1.53448e-08	-1.039e-11	-1.51862e-08	3.19e-07	-3.1916e-07	1.54204e-08	-1.413e-11	-1.52818e-08	3.185e-07	-3.192e-07
0.05	1.4795e-09	4.21e-11	-1.5837e-09	3.2084e-07	-3.2082e-07	6.9362e-09	4.293e-11	-6.9103e-09	3.2082e-07	-3.208e-07	1.05957e-08	3.956e-11	-1.06041e-08	3.1984e-07	-3.1982e-07	1.30686e-08	3.036e-11	-1.30308e-08	3.198e-07	-3.1984e-07	1.4929e-08	3.31e-11	-1.49182e-08	3.1932e-07	-3.1978e-07	1.61264e-08	1.892e-11	-1.59486e-08	3.197e-07	-3.1976e-07	1.6816e-08	1.401e-11	-1.67572e-08	3.1928e-07	-3.1934e-07	1.73336e-08	1.833e-11	-1.71806e-08	3.1966e-07	-3.1966e-07	1.79096e-08	4.89e-12	-1.7648e-08	3.1918e-07	-3.192e-07	1.81218e-08	-7.1e-13	-1.79964e-08	3.1908e-07	-3.192e-07	1.8216e-08	-1.01e-11	-1.803e-08	3.1904e-07	-3.1928e-07
0.055	1.6679e-09	5.228e-11	-1.8422e-09	3.2092e-07	-3.2078e-07	8.2306e-09	5.014e-11	-8.1829e-09	3.2074e-07	-3.2074e-07	1.25338e-08	4.38e-11	-1.25236e-08	3.1984e-07	-3.1976e-07	1.53776e-08	3.803e-11	-1.53764e-08	3.1986e-07	-3.1978e-07	1.75918e-08	3.429e-11	-1.75448e-08	3.1968e-07	-3.197e-07	1.88984e-08	3.403e-11	-1.88742e-08	3.1966e-07	-3.1978e-07	1.9804e-08	2.386e-11	-1.97482e-08	3.1926e-07	-3.1936e-07	2.04696e-08	1.562e-11	-2.0265e-08	3.1958e-07	-3.1964e-07	2.10448e-08	1.434e-11	-2.09316e-08	3.1914e-07	-3.1928e-07	2.13124e-08	6.75e-12	-2.1256e-08	3.1908e-07	-3.1916e-07	2.14726e-08	-3.42e-12	-2.1325e-08	3.1908e-07	-3.1858e-07
0.06	2.1406e-09	5.926e-11	-2.1703e-09	3.2088e-07	-3.2082e-07	9.6285e-09	4.787e-11	-9.6737e-09	3.2076e-07	-3.2078e-07	1.49082e-08	4.519e-11	-1.48436e-08	3.1984e-07	-3.1976e-07	1.83142e-08	4.321e-11	-1.82982e-08	3.1978e-07	-3.1986e-07	2.08624e-08	3.365e-11	-2.08358e-08	3.197e-07	-3.1978e-07	2.23064e-08	3.668e-11	-2.23138e-08	3.1976e-07	-3.1976e-07	2.34812e-08	3.274e-11	-2.33854e-08	3.193e-07	-3.193e-07	2.41928e-08	1.819e-11	-2.39476e-08	3.196e-07	-3.1978e-07	2.47894e-08	2.275e-11	-2.4719e-08	3.1918e-07	-3.1922e-07	2.52206e-08	1.193e-11	-2.51532e-08	3.1904e-07	-3.191e-07	2.53818e-08	6.85e-12	-2.5147e-08	3.1912e-07	-3.1922e-07
0.065	2.6036e-09	5.692e-11	-2.5791e-09	3.2078e-07	-3.2076e-07	1.13842e-08	6.261e-11	-1.14536e-08	3.207e-07	-3.2088e-07	1.75196e-08	5.06e-11	-1.7466e-08	3.1982e-07	-3.198e-07	2.15766e-08	4.97e-11	-2.15628e-08	3.1986e-07	-3.1972e-07	2.44874e-08	4.295e-11	-2.45246e-08	3.1978e-07	-3.199e-07	2.6362e-08	3.301e-11	-2.62886e-08	3.1978e-07	-3.1978e-07	2.76302e-08	2.962e-11	-2.7594e-08	3.1928e-07	-3.193e-07	2.8449e-08	3.253e-11	-2.8252e-08	3.195e-07	-3.1898e-07	2.92726e-08	2.055e-11	-2.91164e-08	3.1924e-07	-3.1936e-07	2.97672e-08	1.518e-11	-2.9691e-08	3.1906e-07	-3.191e-07	2.99168e-08	8.36e-12	-2.9611e-08	3.1908e-07	-3.1918e-07
0.07	2.9427e-09	6.95e-11	-3.0557e-09	3.2092e-07	-3.2088e-07	1.35172e-08	6.43e-11	-1.3384e-08	3.2066e-07	-3.2072e-07	2.07214e-08	6.125e-11	-2.07212e-08	3.1982e-07	-3.1984e-07	2.53762e-08	4.904e-11	-2.52712e-08	3.1982e-07	-3.1982e-07	2.90504e-08	5.483e-11	-2.905e-08	3.1976e-07	-3.1974e-07	3.11382e-08	3.809e-11	-3.10574e-08	3.1976e-07	-3.1972e-07	3.26452e-08	3.529e-11	-3.2534e-08	3.1926e-07	-3.1942e-07	3.36962e-08	3.523e-11	-3.34576e-08	3.1906e-07	-3.197e-07	3.46118e-08	2.563e-11	-3.45676e-08	3.1922e-07	-3.1932e-07	3.5048e-08	2.146e-11	-3.4963e-08	3.1902e-07	-3.1912e-07	3.53774e-08	9.5e-12	-3.50858e-08	3.1908e-07	-3.1918e-07
0.075	3.5464e-09	7.295e-11	-3.678e-09	3.2086e-07	-3.2076e-07	1.6039e-08	7.271e-11	-1.59588e-08	3.2078e-07	-3.2072e-07	2.45698e-08	6.438e-11	-2.4437e-08	3.1984e-07	-3.1982e-07	3.00984e-08	5.574e-11	-2.99296e-08	3.1976e-07	-3.1976e-07	3.44768e-08	5.188e-11	-3.4399e-08	3.1974e-07	-3.1974e-07	3.67468e-08	4.969e-11	-3.68032e-08	3.1896e-07	-3.1898e-07	3.86696e-08	4.511e-11	-3.85442e-08	3.192e-07	-3.1928e-07	3.98776e-08	3.602e-11	-3.97534e-08	3.196e-07	-3.1972e-07	4.09432e-08	3.508e-11	-4.08462e-08	3.1916e-07	-3.1926e-07	4.13702e-08	2.902e-11	-4.1345e-08	3.1914e-07	-3.191e-07	4.19184e-08	2.206e-11	-4.16358e-08	3.1912e-07	-3.1928e-07
0.08	4.2609e-09	7.435e-11	-4.2816e-09	3.2084e-07	-3.2074e-07	1.8793e-08	7.386e-11	-1.88796e-08	3.2068e-07	-3.2076e-07	2.88048e-08	6.32e-11	-2.88172e-08	3.1988e-07	-3.1978e-07	3.56036e-08	6.295e-11	-3.55038e-08	3.198e-07	-3.1914e-07	4.04752e-08	5.115e-11	-4.05116e-08	3.1966e-07	-3.1976e-07	4.33916e-08	5.425e-11	-4.33416e-08	3.1968e-07	-3.1976e-07	4.5602e-08	5.013e-11	-4.55744e-08	3.192e-07	-3.1922e-07	4.68826e-08	4.313e-11	-4.7013e-08	3.196e-07	-3.1966e-07	4.81274e-08	4.207e-11	-4.81178e-08	3.1918e-07	-3.1928e-07	4.8982e-08	3.392e-11	-4.87282e-08	3.1902e-07	-3.1916e-07	4.93886e-08	3.068e-11	-4.90646e-08	3.1918e-07	-3.1924e-07
0.085	4.8465e-09	8.278e-11	-4.8819e-09	3.2086e-07	-3.2088e-07	2.23124e-08	7.011e-11	-2.22348e-08	3.2076e-07	-3.2078e-07	3.41074e-08	7.214e-11	-3.42356e-08	3.1922e-07	-3.1988e-07	4.19522e-08	6.82e-11	-4.1994e-08	3.1982e-07	-3.1982e-07	4.79748e-08	6.512e-11	-4.79592e-08	3.1978e-07	-3.1982e-07	5.14824e-08	5.631e-11	-5.14372e-08	3.1976e-07	-3.1972e-07	5.39016e-08	5.116e-11	-5.38596e-08	3.1926e-07	-3.1936e-07	5.56582e-08	4.981e-11	-5.55402e-08	3.19e-07	-3.1964e-07	5.72552e-08	4.178e-11	-5.71808e-08	3.192e-07	-3.193e-07	5.76228e-08	3.585e-11	-5.75398e-08	3.185e-07	-3.1916e-07	5.85796e-08	3.375e-11	-5.81136e-08	3.1904e-07	-3.1918e-07
0.09	5.7921e-09	8.626e-11	-5.8504e-09	3.2088e-07	-3.2082e-07	2.64334e-08	7.693e-11	-2.62518e-08	3.2072e-07	-3.2072e-07	4.03066e-08	8.017e-11	-4.0338e-08	3.1974e-07	-3.1978e-07	4.96108e-08	6.878e-11	-4.94974e-08	3.1972e-07	-3.1912e-07	5.6606e-08	7.386e-11	-5.6558e-08	3.1978e-07	-3.1978e-07	6.06606e-08	5.895e-11	-6.07616e-08	3.198e-07	-3.1972e-07	6.37226e-08	5.417e-11	-6.36094e-08	3.1926e-07	-3.1934e-07	6.56878e-08	5.388e-11	-6.55364e-08	3.195e-07	-3.1968e-07	6.73038e-08	4.752e-11	-6.7286e-08	3.1918e-07	-3.193e-07	6.80406e-08	4.506e-11	-6.81488e-08	3.1906e-07	-3.1918e-07	6.90608e-08	3.454e-11	-6.8502e-08	3.1908e-07	-3.1922e-07
0.095	6.7764e-09	8.926e-11	-6.9139e-09	3.2078e-07	-3.2078e-07	3.10074e-08	8.985e-11	-3.12754e-08	3.2076e-07	-3.2078e-07	4.76356e-08	8.121e-11	-4.77248e-08	3.1924e-07	-3.1982e-07	5.86824e-08	7.603e-11	-5.85084e-08	3.1978e-07	-3.1984e-07	6.70496e-08	7.027e-11	-6.70434e-08	3.1984e-07	-3.1978e-07	7.20522e-08	6.677e-11	-7.19332e-08	3.1966e-07	-3.1974e-07	7.53572e-08	6.268e-11	-7.54326e-08	3.193e-07	-3.1938e-07	7.7713e-08	5.659e-11	-7.77056e-08	3.1958e-07	-3.1966e-07	7.9571e-08	5.773e-11	-7.973e-08	3.1914e-07	-3.192e-07	8.06542e-08	4.968e-11	-8.03622e-08	3.1898e-07	-3.1908e-07	8.13906e-08	4.246e-11	-8.13958e-08	3.1906e-07	-3.1922e-07
0.1	7.8073e-09	1.0059e-10	-8.0266e-09	3.208e-07	-3.2078e-07	3.65972e-08	9.451e-11	-3.70322e-08	3.2102e-07	-3.2072e-07	5.6594e-08	8.493e-11	-5.6599e-08	3.1924e-07	-3.1912e-07	6.9122e-08	8.168e-11	-6.9013e-08	3.1976e-07	-3.1982e-07	7.91052e-08	7.05e-11	-7.91996e-08	3.1964e-07	-3.1988e-07	8.48468e-08	7.498e-11	-8.45554e-08	3.1976e-07	-3.1978e-07	8.89448e-08	7.361e-11	-8.90894e-08	3.1928e-07	-3.1936e-07	9.16606e-08	6.604e-11	-9.1527e-08	3.1898e-07	-3.19e-07	9.40042e-08	6.037e-11	-9.37872e-08	3.1916e-07	-3.193e-07	9.50676e-08	5.49e-11	-9.48388e-08	3.1906e-07	-3.1916e-07	9.64824e-08	5.268e-11	-9.60116e-08	3.1876e-07	-3.193e-07
0.105	9.3448e-09	1.0426e-10	-9.5138e-09	3.2086e-07	-3.2084e-07	4.36832e-08	9.434e-11	-4.35612e-08	3.2078e-07	-3.2076e-07	6.70686e-08	9.624e-11	-6.7027e-08	3.1944e-07	-3.1982e-07	8.1814e-08	8.801e-11	-8.16e-08	3.1984e-07	-3.1982e-07	9.35898e-08	8.613e-11	-9.3466e-08	3.1972e-07	-3.1982e-07	1.004782e-07	7.807e-11	-1.003614e-07	3.1972e-07	-3.197e-07	1.052452e-07	7.431e-11	-1.05351e-07	3.193e-07	-3.1926e-07	1.083802e-07	7.064e-11	-1.083112e-07	3.1958e-07	-3.1968e-07	1.116874e-07	6.46e-11	-1.11592e-07	3.1926e-07	-3.1918e-07	1.12925e-07	5.969e-11	-1.125284e-07	3.1902e-07	-3.1916e-07	1.141286e-07	5.723e-11	-1.138972e-07	3.1908e-07	-3.192e-07
0.11	1.09435e-08	1.0858e-10	-1.10686e-08	3.2088e-07	-3.2096e-07	5.13202e-08	1.012e-10	-5.1015e-08	3.207e-07	-3.2064e-07	7.86872e-08	1.0213e-10	-7.89546e-08	3.1982e-07	-3.1978e-07	9.63876e-08	9.314e-11	-9.62532e-08	3.1984e-07	-3.1988e-07	1.107054e-07	9.865e-11	-1.105944e-07	3.1978e-07	-3.1978e-07	1.1812e-07	8.165e-11	-1.1788e-07	3.1968e-07	-3.1974e-07	1.2438e-07	7.62e-11	-1.242e-07	3.193e-07	-3.1938e-07	1.2798e-07	7.68e-11	-1.2822e-07	3.1972e-07	-3.1972e-07	1.3174e-07	6.804e-11	-1.3284e-07	3.1906e-07	-3.1924e-07	1.335e-07	6.437e-11	-1.3368e-07	3.1912e-07	-3.1914e-07	1.3474e-07	5.371e-11	-1.3476e-07	3.1906e-07	-3.1922e-07
0.115	1.28714e-08	1.1299e-10	-1.31696e-08	3.2088e-07	-3.2084e-07	6.00806e-08	1.1252e-10	-6.04196e-08	3.207e-07	-3.207e-07	9.33704e-08	1.0231e-10	-9.36088e-08	3.1988e-07	-3.1918e-07	1.142302e-07	1.0061e-10	-1.136876e-07	3.1974e-07	-3.1988e-07	1.3192e-07	9.121e-11	-1.317e-07	3.1978e-07	-3.1984e-07	1.398e-07	9.133e-11	-1.404e-07	3.191e-07	-3.1912e-07	1.4736e-07	8.778e-11	-1.473e-07	3.1932e-07	-3.1936e-07	1.5194e-07	7.779e-11	-1.5214e-07	3.196e-07	-3.1964e-07	1.5596e-07	7.806e-11	-1.5546e-07	3.1912e-07	-3.1924e-07	1.569e-07	7.366e-11	-1.575e-07	3.1896e-07	-3.1912e-07	1.5922e-07	6.969e-11	-1.5926e-07	3.191e-07	-3.1924e-07
0.12	1.57168e-08	1.2387e-10	-1.56314e-08	3.2092e-07	-3.2084e-07	7.03774e-08	1.2157e-10	-7.01224e-08	3.2068e-07	-3.2072e-07	1.100756e-07	1.0851e-10	-1.101366e-07	3.1988e-07	-3.1982e-07	1.3416e-07	1.0382e-10	-1.3464e-07	3.2056e-07	-3.2064e-07	1.5536e-07	1.0017e-10	-1.5486e-07	3.1902e-07	-3.1924e-07	1.6656e-07	9.538e-11	-1.6562e-07	3.1964e-07	-3.1972e-07	1.7416e-07	8.796e-11	-1.7476e-07	3.193e-07	-3.1932e-07	1.7886e-07	8.784e-11	-1.7868e-07	3.1962e-07	-3.197e-07	1.8456e-07	8.172e-11	-1.8448e-07	3.192e-07	-3.193e-07	1.8722e-07	7.765e-11	-1.8686e-07	3.1902e-07	-3.191e-07	1.8742e-07	7.465e-11	-1.8772e-07	3.191e-07	-3.1926e-07
0.125	1.79016e-08	1.3202e-10	-1.79932e-08	3.2088e-07	-3.2084e-07	8.18546e-08	1.2252e-10	-8.2307e-08	3.207e-07	-3.2076e-07	1.3046e-07	1.2038e-10	-1.296e-07	3.198e-07	-3.1986e-07	1.5898e-07	1.1266e-10	-1.5924e-07	3.2062e-07	-3.2064e-07	1.8428e-07	1.1448e-10	-1.8354e-07	3.1982e-07	-3.1976e-07	1.9724e-07	1.0056e-10	-1.9684e-07	3.1902e-07	-3.1906e-07	2.0554e-07	9.657e-11	-2.0628e-07	3.1936e-07	-3.1928e-07	2.124e-07	9.18e-11	-2.1242e-07	3.1962e-07	-3.1976e-07	2.1976e-07	8.777e-11	-2.1776e-07	3.185e-07	-3.1928e-07	2.2024e-07	8.287e-11	-2.2128e-07	3.1902e-07	-3.1918e-07	2.2424e-07	7.654e-11	-2.232e-07	3.19e-07	-3.1922e-07
0.13	2.17836e-08	1.4191e-10	-2.14244e-08	3.2084e-07	-3.2078e-07	9.6959e-08	1.2816e-10	-9.6689e-08	3.2074e-07	-3.2066e-07	1.5418e-07	1.2531e-10	-1.5442e-07	3.1984e-07	-3.1978e-07	1.8826e-07	1.1927e-10	-1.8862e-07	3.206e-07	-3.2064e-07	2.1672e-07	1.0595e-10	-2.1448e-07	3.1974e-07	-3.1976e-07	2.309e-07	1.0811e-10	-2.319e-07	3.192e-07	-3.1974e-07	2.4256e-07	1.0798e-10	-2.4418e-07	3.1936e-07	-3.1934e-07	2.5138e-07	9.835e-11	-2.502e-07	3.1966e-07	-3.1964e-07	2.5684e-07	9.482e-11	-2.569e-07	3.185e-07	-3.1864e-07	2.6052e-07	9.031e-11	-2.5984e-07	3.1904e-07	-3.1912e-07	2.6278e-07	9e-11	-2.6274e-07	3.1916e-07	-3.1912e-07
0.135	2.59148e-08	1.4793e-10	-2.53508e-08	3.2088e-07	-3.2076e-07	1.113658e-07	1.4137e-10	-1.107052e-07	3.2074e-07	-3.2066e-07	1.8344e-07	1.3329e-10	-1.8326e-07	3.1992e-07	-3.1984e-07	2.2396e-07	1.2538e-10	-2.2428e-07	3.2062e-07	-3.2064e-07	2.5644e-07	1.2569e-10	-2.5598e-07	3.1978e-07	-3.1982e-07	2.7612e-07	1.1558e-10	-2.771e-07	3.1922e-07	-3.1984e-07	2.8768e-07	1.0723e-10	-2.8722e-07	3.1874e-07	-3.1932e-07	2.9766e-07	1.0586e-10	-2.9672e-07	3.1962e-07	-3.197e-07	3.0512e-07	9.845e-11	-3.0586e-07	3.1908e-07	-3.1918e-07	3.0984e-07	9.519e-11	-3.099e-07	3.19e-07	-3.191e-07	3.133e-07	8.96e-11	-3.126e-07	3.19e-07	-3.191e-07
0.14	2.9642e-08	1.566e-10	-3.00012e-08	3.2084e-07	-3.2092e-07	1.2926e-07	1.5104e-10	-1.2954e-07	3.2072e-07	-3.207e-07	2.1552e-07	1.4322e-10	-2.1366e-07	3.198e-07	-3.199e-07	2.6324e-07	1.3733e-10	-2.6224e-07	3.2082e-07	-3.2094e-07	3.0258e-07	1.2692e-10	-3.0212e-07	3.1982e-07	-3.198e-07	3.2594e-07	1.2327e-10	-3.26e-07	3.1934e-07	-3.191e-07	3.4068e-07	1.198e-10	-3.3854e-07	3.1934e-07	-3.1938e-07	3.508e-07	1.1109e-10	-3.5118e-07	3.1972e-07	-3.1964e-07	3.5826e-07	1.1018e-10	-3.6198e-07	3.1902e-07	-3.1916e-07	3.6576e-07	1.0502e-10	-3.6424e-07	3.191e-07	-3.1916e-07	3.6752e-07	9.731e-11	-3.696e-07	3.1908e-07	-3.1912e-07
0.145	3.48026e-08	1.656e-10	-3.58612e-08	3.2086e-07	-3.207e-07	1.5562e-07	1.5268e-10	-1.5644e-07	3.2074e-07	-3.2064e-07	2.5324e-07	1.4671e-10	-2.5462e-07	3.1984e-07	-3.1984e-07	3.1304e-07	1.4235e-10	-3.1094e-07	3.206e-07	-3.2066e-07	3.6036e-07	1.3279e-10	-3.5772e-07	3.1978e-07	-3.1982e-07	3.8502e-07	1.3001e-10	-3.8574e-07	3.1966e-07	-3.1976e-07	4.0308e-07	1.2454e-10	-4.0206e-07	3.1924e-07	-3.194e-07	4.1488e-07	1.2158e-10	-4.1394e-07	3.196e-07	-3.1974e-07	4.2754e-07	1.1398e-10	-4.2664e-07	3.1908e-07	-3.1916e-07	4.35e-07	1.1079e-10	-4.3038e-07	3.1898e-07	-3.1912e-07	4.376e-07	1.071e-10	-4.354e-07	3.1908e-07	-3.1924e-07
0.15	4.27024e-08	1.7451e-10	-4.3215e-08	3.2084e-07	-3.2076e-07	1.8192e-07	1.6716e-10	-1.842e-07	3.207e-07	-3.2072e-07	2.9922e-07	1.6218e-10	-3.0142e-07	3.198e-07	-3.1918e-07	3.698e-07	1.502e-10	-3.6834e-07	3.2064e-07	-3.206e-07	4.2362e-07	1.5215e-10	-4.2318e-07	3.1976e-07	-3.1978e-07	4.5482e-07	1.385e-10	-4.531e-07	3.1968e-07	-3.1968e-07	4.7582e-07	1.3089e-10	-4.765e-07	3.1926e-07	-3.1942e-07	4.888e-07	1.2566e-10	-4.9172e-07	3.1962e-07	-3.1968e-07	5.0284e-07	1.2226e-10	-5.059e-07	3.1908e-07	-3.1912e-07	5.1056e-07	1.1736e-10	-5.1138e-07	3.1894e-07	-3.191e-07	5.174e-07	1.0796e-10	-5.1686e-07	3.1906e-07	-3.1924e-07
0.155	5.05028e-08	1.8856e-10	-5.1865e-08	3.2086e-07	-3.2082e-07	2.1606e-07	1.8131e-10	-2.1438e-07	3.2072e-07	-3.2068e-07	3.5532e-07	1.6501e-10	-3.5582e-07	3.1986e-07	-3.1978e-07	4.3788e-07	1.6102e-10	-4.3826e-07	3.206e-07	-3.2056e-07	4.9914e-07	1.4407e-10	-5.011e-07	3.1978e-07	-3.1972e-07	5.3824e-07	1.4519e-10	-5.36e-07	3.1964e-07	-3.197e-07	5.651e-07	1.4123e-10	-5.6284e-07	3.193e-07	-3.1938e-07	5.7848e-07	1.3513e-10	-5.8322e-07	3.1966e-07	-3.1964e-07	5.952e-07	1.3073e-10	-5.9766e-07	3.1908e-07	-3.192e-07	6.037e-07	1.2493e-10	-6.042e-07	3.1898e-07	-3.1916e-07	6.1112e-07	1.2368e-10	-6.0896e-07	3.1912e-07	-3.1918e-07
0.16	6.01032e-08	1.9708e-10	-6.00068e-08	3.2084e-07	-3.2078e-07	2.5464e-07	1.7085e-10	-2.5864e-07	3.2076e-07	-3.2076e-07	4.2164e-07	1.7662e-10	-4.2082e-07	3.199e-07	-3.1988e-07	5.1428e-07	1.6582e-10	-5.1548e-07	3.2064e-07	-3.2066e-07	5.9012e-07	1.6608e-10	-5.915e-07	3.1968e-07	-3.197e-07	6.345e-07	1.533e-10	-6.3716e-07	3.1976e-07	-3.1976e-07	6.6414e-07	1.4485e-10	-6.6614e-07	3.1928e-07	-3.193e-07	6.8586e-07	1.4583e-10	-6.8734e-07	3.189e-07	-3.191e-07	7.0128e-07	1.3501e-10	-7.056e-07	3.1848e-07	-3.1852e-07	7.1326e-07	1.3282e-10	-7.1264e-07	3.1902e-07	-3.1924e-07	7.2132e-07	1.2886e-10	-7.231e-07	3.191e-07	-3.1922e-07
0.165	7.06282e-08	2.0413e-10	-6.90176e-08	3.2078e-07	-3.208e-07	3.045e-07	2.058e-10	-3.04e-07	3.2068e-07	-3.207e-07	4.987e-07	1.8966e-10	-4.9754e-07	3.1986e-07	-3.1984e-07	6.1074e-07	1.8014e-10	-6.1122e-07	3.2062e-07	-3.2064e-07	7.0014e-07	1.7164e-10	-7.009e-07	3.198e-07	-3.1982e-07	7.5372e-07	1.6684e-10	-7.506e-07	3.1974e-07	-3.1978e-07	7.8576e-07	1.6047e-10	-7.8672e-07	3.194e-07	-3.1932e-07	8.132e-07	1.4912e-10	-8.1294e-07	3.196e-07	-3.1964e-07	8.3684e-07	1.5029e-10	-8.3554e-07	3.1908e-07	-3.192e-07	8.4348e-07	1.4092e-10	-8.4036e-07	3.1904e-07	-3.191e-07	8.5412e-07	1.3533e-10	-8.5122e-07	3.1912e-07	-3.1912e-07
0.17	7.99074e-08	2.2238e-10	-8.08958e-08	3.208e-07	-3.2082e-07	3.5706e-07	2.0628e-10	-3.576e-07	3.2074e-07	-3.2072e-07	5.8242e-07	1.9611e-10	-5.84e-07	3.1984e-07	-3.1982e-07	7.2272e-07	1.8897e-10	-7.2266e-07	3.2064e-07	-3.2074e-07	8.238e-07	1.7435e-10	-8.2086e-07	3.198e-07	-3.1976e-07	8.9168e-07	1.7145e-10	-8.8922e-07	3.1896e-07	-3.1978e-07	9.3084e-07	1.6701e-10	-9.3352e-07	3.1926e-07	-3.1934e-07	9.5658e-07	1.6113e-10	-9.5952e-07	3.1888e-07	-3.1908e-07	9.8644e-07	1.5283e-10	-9.8838e-07	3.1906e-07	-3.1912e-07	9.9668e-07	1.4915e-10	-9.9862e-07	3.1902e-07	-3.1918e-07	1.00594e-06	1.4952e-10	-1.00792e-06	3.1912e-07	-3.192e-07
0.175	9.53446e-08	2.3766e-10	-9.77726e-08	3.2086e-07	-3.2088e-07	4.2032e-07	2.1899e-10	-4.1902e-07	3.2072e-07	-3.2072e-07	6.887e-07	2.1201e-10	-6.912e-07	3.1986e-07	-3.1984e-07	8.4974e-07	1.9776e-10	-8.4838e-07	3.2064e-07	-3.206e-07	9.723e-07	1.9906e-10	-9.7486e-07	3.1914e-07	-3.1984e-07	1.04692e-06	1.8263e-10	-1.05432e-06	3.197e-07	-3.1976e-07	1.09628e-06	1.7489e-10	-1.09578e-06	3.1932e-07	-3.1948e-07	1.1357e-06	1.722e-10	-1.1367e-06	3.1968e-07	-3.1966e-07	1.1678e-06	1.66e-10	-1.16534e-06	3.1908e-07	-3.1918e-07	1.184e-06	1.6052e-10	-1.1811e-06	3.19e-07	-3.191e-07	1.195e-06	1.5033e-10	-1.1857e-06	3.1912e-07	-3.1924e-07
0.18	1.0496e-07	2.4348e-10	-1.051948e-07	3.2088e-07	-3.2084e-07	4.9642e-07	2.4132e-10	-5.008e-07	3.2074e-07	-3.2074e-07	8.1906e-07	2.1999e-10	-8.1246e-07	3.199e-07	-3.1984e-07	1.00482e-06	2.1481e-10	-1.01196e-06	3.206e-07	-3.206e-07	1.1637e-06	1.976e-10	-1.1511e-06	3.1972e-07	-3.1982e-07	1.2485e-06	1.9618e-10	-1.2464e-06	3.198e-07	-3.1978e-07	1.301e-06	1.9001e-10	-1.2933e-06	3.1928e-07	-3.1866e-07	1.3482e-06	1.8032e-10	-1.336e-06	3.1966e-07	-3.1964e-07	1.3913e-06	1.7103e-10	-1.3843e-06	3.1908e-07	-3.1918e-07	1.3982e-06	1.6964e-10	-1.3877e-06	3.19e-07	-3.1912e-07	1.4143e-06	1.6248e-10	-1.4113e-06	3.191e-07	-3.1926e-07
0.185	1.2794e-07	2.5482e-10	-1.2552e-07	3.2086e-07	-3.2084e-07	5.8176e-07	2.3651e-10	-5.8556e-07	3.2074e-07	-3.207e-07	9.6568e-07	2.3493e-10	-9.6618e-07	3.1986e-07	-3.1988e-07	1.1928e-06	2.2057e-10	-1.1891e-06	3.2056e-07	-3.2058e-07	1.3683e-06	2.0984e-10	-1.3583e-06	3.198e-07	-3.1976e-07	1.4653e-06	2.0662e-10	-1.4695e-06	3.1966e-07	-3.1982e-07	1.5315e-06	2.0006e-10	-1.5307e-06	3.1862e-07	-3.193e-07	1.5833e-06	1.891e-10	-1.5828e-06	3.1962e-07	-3.196e-07	1.6405e-06	1.8247e-10	-1.6267e-06	3.1908e-07	-3.1918e-07	1.6575e-06	1.7902e-10	-1.6385e-06	3.1896e-07	-3.1922e-07	1.6717e-06	1.7367e-10	-1.6734e-06	3.1908e-07	-3.192e-07
0.19	1.4396e-07	2.8408e-10	-1.4452e-07	3.2086e-07	-3.2082e-07	6.8536e-07	2.6798e-10	-6.8268e-07	3.2068e-07	-3.2066e-07	1.13372e-06	2.4977e-10	-1.13918e-06	3.1986e-07	-3.1978e-07	1.407e-06	2.3335e-10	-1.408e-06	3.207e-07	-3.206e-07	1.6143e-06	2.277e-10	-1.609e-06	3.1976e-07	-3.1982e-07	1.7264e-06	2.1862e-10	-1.7309e-06	3.1978e-07	-3.1978e-07	1.8145e-06	2.0562e-10	-1.814e-06	3.1924e-07	-3.1934e-07	1.8791e-06	2.0579e-10	-1.872e-06	3.1968e-07	-3.1976e-07	1.9332e-06	1.981e-10	-1.9211e-06	3.1884e-07	-3.1856e-07	1.9519e-06	1.9131e-10	-1.954e-06	3.1902e-07	-3.1918e-07	1.9734e-06	1.849e-10	-1.9679e-06	3.1912e-07	-3.1918e-07
0.195	1.7112e-07	2.9282e-10	-1.6414e-07	3.2088e-07	-3.2084e-07	8.0986e-07	2.7511e-10	-8.0784e-07	3.2066e-07	-3.2066e-07	1.3536e-06	2.62e-10	-1.3476e-06	3.1924e-07	-3.1984e-07	1.6605e-06	2.5193e-10	-1.6527e-06	3.2054e-07	-3.205e-07	1.9016e-06	2.4209e-10	-1.893e-06	3.1976e-07	-3.1976e-07	2.0445e-06	2.2853e-10	-2.0409e-06	3.1978e-07	-3.1976e-07	2.1297e-06	2.2626e-10	-2.1285e-06	3.192e-07	-3.1928e-07	2.2133e-06	2.1458e-10	-2.1997e-06	3.1962e-07	-3.1904e-07	2.2812e-06	2.1281e-10	-2.2803e-06	3.1906e-07	-3.1916e-07	2.2997e-06	1.9871e-10	-2.2953e-06	3.1898e-07	-3.1912e-07	2.3287e-06	1.9599e-10	-2.325e-06	3.1908e-07	-3.1916e-07
0.2	1.8718e-07	3.1057e-10	-2.0062e-07	3.2112e-07	-3.2082e-07	9.4686e-07	2.9005e-10	-9.6048e-07	3.2064e-07	-3.2066e-07	1.5934e-06	2.7669e-10	-1.5824e-06	3.1984e-07	-3.1982e-07	1.9645e-06	2.6707e-10	-1.9595e-06	3.2056e-07	-3.2058e-07	2.2419e-06	2.4987e-10	-2.2454e-06	3.1974e-07	-3.1976e-07	2.413e-06	2.4548e-10	-2.4145e-06	3.1976e-07	-3.1982e-07	2.5093e-06	2.3394e-10	-2.5035e-06	3.1926e-07	-3.193e-07	2.6118e-06	2.2558e-10	-2.6114e-06	3.1962e-07	-3.1968e-07	2.7064e-06	2.1547e-10	-2.6968e-06	3.19e-07	-3.1912e-07	2.7105e-06	2.1528e-10	-2.6993e-06	3.1908e-07	-3.1852e-07	2.7443e-06	2.0646e-10	-2.752e-06	3.1902e-07	-3.1924e-07
0.205	2.2594e-07	3.3815e-10	-2.2326e-07	3.2084e-07	-3.2078e-07	1.13812e-06	3.2104e-10	-1.13488e-06	3.207e-07	-3.2072e-07	1.8731e-06	2.9731e-10	-1.8508e-06	3.1984e-07	-3.197e-07	2.3176e-06	2.7737e-10	-2.3035e-06	3.2064e-07	-3.206e-07	2.6502e-06	2.7165e-10	-2.6367e-06	3.1966e-07	-3.197e-07	2.8325e-06	2.5607e-10	-2.8417e-06	3.1974e-07	-3.1984e-07	2.9641e-06	2.4651e-10	-2.9575e-06	3.192e-07	-3.1928e-07	3.0843e-06	2.4429e-10	-3.0799e-06	3.189e-07	-3.1904e-07	3.1844e-06	2.3759e-10	-3.1844e-06	3.1912e-07	-3.1908e-07	3.2047e-06	2.2853e-10	-3.1951e-06	3.1902e-07	-3.191e-07	3.2553e-06	2.2174e-10	-3.2394e-06	3.191e-07	-3.1916e-07
0.21	2.5762e-07	3.4309e-10	-2.546e-07	3.2078e-07	-3.2082e-07	1.3825e-06	3.2671e-10	-1.3504e-06	3.2078e-07	-3.2068e-07	2.193e-06	3.1091e-10	-2.2226e-06	3.198e-07	-3.1978e-07	2.7343e-06	3.019e-10	-2.7283e-06	3.2062e-07	-3.206e-07	3.1162e-06	2.8623e-10	-3.1125e-06	3.1972e-07	-3.198e-07	3.359e-06	2.7544e-10	-3.3611e-06	3.1974e-07	-3.1928e-07	3.4964e-06	2.6922e-10	-3.4935e-06	3.192e-07	-3.1924e-07	3.6369e-06	2.5299e-10	-3.6386e-06	3.196e-07	-3.1948e-07	3.7338e-06	2.512e-10	-3.7509e-06	3.1906e-07	-3.191e-07	3.7737e-06	2.3632e-10	-3.7924e-06	3.1906e-07	-3.1916e-07	3.8068e-06	2.3556e-10	-3.8165e-06	3.1904e-07	-3.1922e-07
0.215	2.937e-07	3.7844e-10	-2.9706e-07	3.2086e-07	-3.2076e-07	1.5992e-06	3.4557e-10	-1.5997e-06	3.2126e-07	-3.2124e-07	2.5852e-06	3.343e-10	-2.5827e-06	3.198e-07	-3.1978e-07	3.2316e-06	3.1658e-10	-3.2059e-06	3.2064e-07	-3.2062e-07	3.6802e-06	3.0107e-10	-3.6583e-06	3.1974e-07	-3.1976e-07	3.9284e-06	2.9246e-10	-3.9511e-06	3.1978e-07	-3.1982e-07	4.1406e-06	2.7491e-10	-4.1176e-06	3.1918e-07	-3.1918e-07	4.2963e-06	2.7254e-10	-4.2919e-06	3.1964e-07	-3.197e-07	4.4008e-06	2.5286e-10	-4.4004e-06	3.1902e-07	-3.191e-07	4.4309e-06	2.5814e-10	-4.4468e-06	3.1914e-07	-3.1916e-07	4.516e-06	2.4811e-10	-4.4979e-06	3.1918e-07	-3.1922e-07
0.22	3.357e-07	3.9555e-10	-3.3126e-07	3.2082e-07	-3.2066e-07	1.8759e-06	3.7532e-10	-1.8749e-06	3.2068e-07	-3.2072e-07	3.0394e-06	3.5333e-10	-3.0485e-06	3.1984e-07	-3.197e-07	3.7593e-06	3.3216e-10	-3.7535e-06	3.2056e-07	-3.2066e-07	4.3128e-06	3.2361e-10	-4.3123e-06	3.1974e-07	-3.1976e-07	4.6477e-06	3.0798e-10	-4.6576e-06	3.198e-07	-3.1988e-07	4.8787e-06	2.9785e-10	-4.8846e-06	3.191e-07	-3.1928e-07	5.0456e-06	2.8796e-10	-5.0485e-06	3.185e-07	-3.1928e-07	5.2034e-06	2.8561e-10	-5.1996e-06	3.1908e-07	-3.1916e-07	5.2605e-06	2.706e-10	-5.2428e-06	3.1902e-07	-3.1912e-07	5.3113e-06	2.6478e-10	-5.326e-06	3.1918e-07	-3.1922e-07
0.225	3.7354e-07	4.1941e-10	-3.7958e-07	3.2078e-07	-3.2082e-07	2.21e-06	3.9371e-10	-2.1953e-06	3.2072e-07	-3.2076e-07	3.5631e-06	3.7518e-10	-3.5684e-06	3.199e-07	-3.199e-07	4.4287e-06	3.5885e-10	-4.4129e-06	3.2048e-07	-3.2064e-07	5.0562e-06	3.3784e-10	-5.0589e-06	3.197e-07	-3.1984e-07	5.4998e-06	3.2741e-10	-5.4573e-06	3.1978e-07	-3.197e-07	5.7282e-06	3.193e-10	-5.73e-06	3.1914e-07	-3.1918e-07	5.9435e-06	3.0213e-10	-5.944e-06	3.1906e-07	-3.1928e-07	6.1164e-06	2.9412e-10	-6.0888e-06	3.1914e-07	-3.1922e-07	6.1784e-06	2.8416e-10	-6.1427e-06	3.1902e-07	-3.1912e-07	6.2464e-06	2.7918e-10	-6.2495e-06	3.1908e-07	-3.1918e-07
0.23	4.077e-07	4.5328e-10	-4.1374e-07	3.208e-07	-3.2082e-07	2.5695e-06	4.1724e-10	-2.5687e-06	3.2086e-07	-3.2078e-07	4.2105e-06	4.0126e-10	-4.2293e-06	3.1978e-07	-3.198e-07	5.1917e-06	3.7795e-10	-5.1963e-06	3.2062e-07	-3.2064e-07	5.9739e-06	3.5998e-10	-5.9522e-06	3.1978e-07	-3.1978e-07	6.4425e-06	3.4684e-10	-6.4352e-06	3.1976e-07	-3.1978e-07	6.7335e-06	3.2701e-10	-6.7304e-06	3.1854e-07	-3.1872e-07	7.0171e-06	3.2673e-10	-6.9981e-06	3.1914e-07	-3.1918e-07	7.2168e-06	3.071e-10	-7.1481e-06	3.1906e-07	-3.1912e-07	7.2668e-06	3.1127e-10	-7.2788e-06	3.19e-07	-3.191e-07	7.3687e-06	2.9786e-10	-7.4004e-06	3.185e-07	-3.186e-07
0.235	4.7218e-07	4.6653e-10	-4.6148e-07	3.2086e-07	-3.2084e-07	2.9885e-06	4.493e-10	-3.007e-06	3.2078e-07	-3.2076e-07	4.9294e-06	4.1947e-10	-4.9259e-06	3.198e-07	-3.1976e-07	6.1418e-06	3.9963e-10	-6.091e-06	3.2052e-07	-3.2064e-07	7.015e-06	3.861e-10	-7.0137e-06	3.1966e-07	-3.1976e-07	7.5605e-06	3.6774e-10	-7.5518e-06	3.1974e-07	-3.1964e-07	7.9349e-06	3.621e-10	-7.9249e-06	3.1914e-07	-3.1926e-07	8.2557e-06	3.4019e-10	-8.2348e-06	3.1906e-07	-3.1918e-07	8.4118e-06	3.4251e-10	-8.4508e-06	3.1902e-07	-3.1906e-07	8.562e-06	3.1769e-10	-8.5247e-06	3.191e-07	-3.1918e-07	8.6562e-06	3.1708e-10	-8.6424e-06	3.19e-07	-3.1918e-07
0.24	4.9858e-07	5.0746e-10	-5.2286e-07	3.2088e-07	-3.208e-07	3.5102e-06	4.7065e-10	-3.4988e-06	3.207e-07	-3.2072e-07	5.7532e-06	4.4707e-10	-5.7392e-06	3.1982e-07	-3.1978e-07	7.1356e-06	4.2836e-10	-7.1536e-06	3.205e-07	-3.2066e-07	8.2287e-06	4.0385e-10	-8.2093e-06	3.1978e-07	-3.1978e-07	8.8658e-06	3.9216e-10	-8.8886e-06	3.198e-07	-3.1982e-07	9.348e-06	3.7328e-10	-9.3386e-06	3.1926e-07	-3.1928e-07	9.7088e-06	3.6575e-10	-9.6764e-06	3.1918e-07	-3.1924e-07	9.9585e-06	3.4751e-10	-9.9373e-06	3.1898e-07	-3.1912e-07	1.00514e-05	3.4604e-10	-1.00729e-05	3.1902e-07	-3.1912e-07	1.02276e-05	3.3342e-10	-1.01472e-05	3.1854e-07	-3.1928e-07
0.245	5.2808e-07	5.3855e-10	-5.3468e-07	3.2086e-07	-3.211e-07	4.0537e-06	5.0262e-10	-4.0486e-06	3.2076e-07	-3.2062e-07	6.7273e-06	4.7718e-10	-6.7152e-06	3.1982e-07	-3.1976e-07	8.3715e-06	4.5304e-10	-8.3347e-06	3.2062e-07	-3.2062e-07	9.6042e-06	4.3547e-10	-9.6504e-06	3.197e-07	-3.1982e-07	1.04141e-05	4.1118e-10	-1.03589e-05	3.1984e-07	-3.1978e-07	1.09218e-05	3.9586e-10	-1.09275e-05	3.192e-07	-3.1936e-07	1.13392e-05	3.8608e-10	-1.13724e-05	3.1916e-07	-3.1916e-07	1.171e-05	3.6615e-10	-1.16681e-05	3.1902e-07	-3.191e-07	1.1792e-05	3.5685e-10	-1.1786e-05	3.1844e-07	-3.1916e-07	1.1958e-05	3.5585e-10	-1.1962e-05	3.1838e-07	-3.185e-07
0.25	5.905e-07	5.6448e-10	-5.8262e-07	3.208e-07	-3.2078e-07	4.7775e-06	5.3554e-10	-4.7763e-06	3.2072e-07	-3.207e-07	7.8477e-06	5.0436e-10	-7.8674e-06	3.1986e-07	-3.1982e-07	9.8174e-06	4.8081e-10	-9.8339e-06	3.2056e-07	-3.2056e-07	1.12852e-05	4.5833e-10	-1.12566e-05	3.1978e-07	-3.198e-07	1.2254e-05	4.4152e-10	-1.2242e-05	3.1978e-07	-3.1972e-07	1.2876e-05	4.19e-10	-1.2782e-05	3.1924e-07	-3.1926e-07	1.335e-05	4.1212e-10	-1.3326e-05	3.1918e-07	-3.1918e-07	1.3776e-05	3.9927e-10	-1.3726e-05	3.1906e-07	-3.192e-07	1.3868e-05	3.7865e-10	-1.3852e-05	3.1906e-07	-3.1852e-07	1.397e-05	3.8037e-10	-1.398e-05	3.1906e-07	-3.192e-07
0.255	6.1e-07	6.1578e-10	-6.1328e-07	3.2084e-07	-3.2078e-07	5.4651e-06	5.6133e-10	-5.5392e-06	3.209e-07	-3.2098e-07	9.139e-06	5.3669e-10	-9.1496e-06	3.1978e-07	-3.1978e-07	1.14355e-05	5.1127e-10	-1.14179e-05	3.2064e-07	-3.2062e-07	1.3124e-05	4.8839e-10	-1.3162e-05	3.1978e-07	-3.1984e-07	1.4328e-05	4.6695e-10	-1.428e-05	3.198e-07	-3.1972e-07	1.5044e-05	4.4166e-10	-1.4978e-05	3.192e-07	-3.1932e-07	1.558e-05	4.3647e-10	-1.5604e-05	3.1914e-07	-3.1918e-07	1.6038e-05	4.2758e-10	-1.6032e-05	3.191e-07	-3.1912e-07	1.6226e-05	4.192e-10	-1.6188e-05	3.1904e-07	-3.191e-07	1.6346e-05	3.9703e-10	-1.6424e-05	3.1908e-07	-3.1928e-07
0.26	6.258e-07	6.37e-10	-6.2142e-07	3.2086e-07	-3.2074e-07	6.3741e-06	6.0742e-10	-6.3471e-06	3.207e-07	-3.2072e-07	1.0593e-05	5.7196e-10	-1.06027e-05	3.1982e-07	-3.199e-07	1.3382e-05	5.3967e-10	-1.3394e-05	3.2064e-07	-3.2058e-07	1.5398e-05	5.2076e-10	-1.5402e-05	3.197e-07	-3.1978e-07	1.6724e-05	4.9421e-10	-1.6692e-05	3.1974e-07	-3.1978e-07	1.7596e-05	4.8045e-10	-1.762e-05	3.1916e-07	-3.1928e-07	1.8262e-05	4.6298e-10	-1.8254e-05	3.1914e-07	-3.1916e-07	1.8784e-05	4.4973e-10	-1.8872e-05	3.1906e-07	-3.1916e-07	1.898e-05	4.3262e-10	-1.8948e-05	3.1902e-07	-3.1922e-07	1.9306e-05	4.3093e-10	-1.9258e-05	3.191e-07	-3.1886e-07
0.265	6.1782e-07	6.8314e-10	-6.2456e-07	3.2082e-07	-3.2074e-07	7.426e-06	6.3801e-10	-7.3987e-06	3.207e-07	-3.2078e-07	1.2338e-05	6.0918e-10	-1.2304e-05	3.198e-07	-3.1984e-07	1.5596e-05	5.7311e-10	-1.5504e-05	3.2062e-07	-3.2058e-07	1.7882e-05	5.4777e-10	-1.7868e-05	3.1978e-07	-3.1916e-07	1.9494e-05	5.3175e-10	-1.951e-05	3.1906e-07	-3.192e-07	2.0544e-05	5.1066e-10	-2.054e-05	3.1926e-07	-3.1872e-07	2.1296e-05	4.8664e-10	-2.1382e-05	3.1914e-07	-3.1928e-07	2.199e-05	4.7063e-10	-2.188e-05	3.191e-07	-3.1914e-07	2.226e-05	4.6039e-10	-2.2196e-05	3.1902e-07	-3.1914e-07	2.2504e-05	4.4941e-10	-2.2534e-05	3.1904e-07	-3.1934e-07
0.27	5.8352e-07	7.2879e-10	-5.9014e-07	3.2078e-07	-3.2086e-07	8.5222e-06	6.7691e-10	-8.5017e-06	3.207e-07	-3.2072e-07	1.4342e-05	6.4639e-10	-1.4322e-05	3.1978e-07	-3.198e-07	1.8052e-05	6.1466e-10	-1.8108e-05	3.206e-07	-3.207e-07	2.097e-05	5.8477e-10	-2.0878e-05	3.1978e-07	-3.1978e-07	2.2748e-05	5.5702e-10	-2.2794e-05	3.1972e-07	-3.1978e-07	2.4058e-05	5.3153e-10	-2.4006e-05	3.1928e-07	-3.1924e-07	2.4888e-05	5.2559e-10	-2.5026e-05	3.1914e-07	-3.1918e-07	2.5582e-05	5.1315e-10	-2.561e-05	3.1908e-07	-3.1916e-07	2.6012e-05	5.0047e-10	-2.5966e-05	3.1906e-07	-3.1918e-07	2.6374e-05	4.7953e-10	-2.6334e-05	3.1892e-07	-3.192e-07
0.275	5.3202e-07	7.7038e-10	-5.2882e-07	3.2078e-07	-3.2086e-07	9.7438e-06	7.2888e-10	-9.7337e-06	3.2068e-07	-3.2072e-07	1.661e-05	6.8016e-10	-1.657e-05	3.1982e-07	-3.198e-07	2.1018e-05	6.5081e-10	-2.1016e-05	3.2056e-07	-3.2068e-07	2.4296e-05	6.2002e-10	-2.4338e-05	3.1968e-07	-3.1974e-07	2.6426e-05	5.9515e-10	-2.65e-05	3.1974e-07	-3.1972e-07	2.7938e-05	5.8059e-10	-2.7872e-05	3.192e-07	-3.194e-07	2.9062e-05	5.5054e-10	-2.9072e-05	3.192e-07	-3.1918e-07	2.9946e-05	5.353e-10	-2.99e-05	3.1918e-07	-3.1924e-07	3.0376e-05	5.1083e-10	-3.0276e-05	3.1902e-07	-3.1924e-07	3.076e-05	5.1473e-10	-3.0764e-05	3.1908e-07	-3.1918e-07
0.28	4.077e-07	8.2202e-10	-4.0954e-07	3.2084e-07	-3.2086e-07	1.12481e-05	7.637e-10	-1.12156e-05	3.2078e-07	-3.207e-07	1.9096e-05	7.2992e-10	-1.9164e-05	3.1984e-07	-3.1978e-07	2.4386e-05	6.8705e-10	-2.4394e-05	3.2062e-07	-3.2058e-07	2.816e-05	6.5643e-10	-2.8262e-05	3.1974e-07	-3.1976e-07	3.087e-05	6.3088e-10	-3.0772e-05	3.1976e-07	-3.1978e-07	3.2552e-05	6.0305e-10	-3.2498e-05	3.1934e-07	-3.1936e-07	3.381e-05	5.8837e-10	-3.379e-05	3.1906e-07	-3.1922e-07	3.4786e-05	5.729e-10	-3.4736e-05	3.1902e-07	-3.1916e-07	3.5436e-05	5.6342e-10	-3.5384e-05	3.1906e-07	-3.1916e-07	3.5822e-05	5.3907e-10	-3.5772e-05	3.1904e-07	-3.1924e-07
0.285	2.8876e-07	8.6635e-10	-2.868e-07	3.2084e-07	-3.2084e-07	1.2886e-05	8.2149e-10	-1.2928e-05	3.2064e-07	-3.207e-07	2.203e-05	7.7163e-10	-2.1992e-05	3.1986e-07	-3.1978e-07	2.825e-05	7.3752e-10	-2.8248e-05	3.206e-07	-3.2064e-07	3.2824e-05	7.023e-10	-3.2834e-05	3.1974e-07	-3.191e-07	3.58e-05	6.6996e-10	-3.5836e-05	3.1978e-07	-3.1978e-07	3.789e-05	6.4346e-10	-3.79e-05	3.1918e-07	-3.1926e-07	3.9418e-05	6.2695e-10	-3.9502e-05	3.1922e-07	-3.1922e-07	4.06e-05	6.0915e-10	-4.063e-05	3.189e-07	-3.1914e-07	4.1266e-05	5.8976e-10	-4.1282e-05	3.1918e-07	-3.1922e-07	4.1724e-05	5.7984e-10	-4.181e-05	3.1908e-07	-3.192e-07
0.29	1.1998e-07	9.2205e-10	-1.2254e-07	3.2084e-07	-3.2076e-07	1.4878e-05	8.7069e-10	-1.4786e-05	3.2068e-07	-3.2068e-07	2.5506e-05	8.1552e-10	-2.548e-05	3.1982e-07	-3.1926e-07	3.2688e-05	7.783e-10	-3.2696e-05	3.206e-07	-3.207e-07	3.7886e-05	7.4276e-10	-3.797e-05	3.1974e-07	-3.1972e-07	4.1576e-05	7.1611e-10	-4.1586e-05	3.1974e-07	-3.1978e-07	4.3968e-05	6.9319e-10	-4.4022e-05	3.1924e-07	-3.1928e-07	4.5814e-05	6.5883e-10	-4.5748e-05	3.1914e-07	-3.1928e-07	4.7114e-05	6.4126e-10	-4.7048e-05	3.1906e-07	-3.191e-07	4.7984e-05	6.2205e-10	-4.8088e-05	3.1906e-07	-3.1914e-07	4.8634e-05	6.1274e-10	-4.8566e-05	3.1912e-07	-3.1928e-07
0.295	-1.241e-07	9.8062e-10	1.361e-07	3.2082e-07	-3.209e-07	1.6916e-05	9.1682e-10	-1.697e-05	3.206e-07	-3.2076e-07	2.9324e-05	8.751e-10	-2.9252e-05	3.1984e-07	-3.1984e-07	3.7854e-05	8.2912e-10	-3.7888e-05	3.2062e-07	-3.2062e-07	4.409e-05	7.9123e-10	-4.4038e-05	3.1968e-07	-3.1986e-07	4.822e-05	7.5491e-10	-4.8178e-05	3.1972e-07	-3.1972e-07	5.1352e-05	7.2323e-10	-5.1128e-05	3.1922e-07	-3.1934e-07	5.3286e-05	7.0857e-10	-5.337e-05	3.1914e-07	-3.1924e-07	5.4948e-05	6.8896e-10	-5.494e-05	3.1902e-07	-3.1916e-07	5.5932e-05	6.7498e-10	-5.5926e-05	3.191e-07	-3.192e-07	5.6564e-05	6.4871e-10	-5.669e-05	3.1914e-07	-3.1918e-07
0.3	-3.8486e-07	1.04056e-09	4.078e-07	3.2084e-07	-3.209e-07	1.9302e-05	9.8512e-10	-1.9352e-05	3.2074e-07	-3.2076e-07	3.3614e-05	9.2138e-10	-3.3714e-05	3.1984e-07	-3.1976e-07	4.366e-05	8.8313e-10	-4.3728e-05	3.2056e-07	-3.206e-07	5.0896e-05	8.4172e-10	-5.0894e-05	3.1972e-07	-3.197e-07	5.5922e-05	8.0606e-10	-5.601e-05	3.1972e-07	-3.198e-07	5.9432e-05	7.784e-10	-5.9356e-05	3.192e-07	-3.1924e-07	6.1848e-05	7.454e-10	-6.1742e-05	3.1912e-07	-3.1928e-07	6.3646e-05	7.2289e-10	-6.3698e-05	3.1914e-07	-3.1922e-07	6.4866e-05	7.0074e-10	-6.4906e-05	3.1914e-07	-3.1866e-07	6.5748e-05	6.9592e-10	-6.5538e-05	3.1906e-07	-3.1926e-07
0.305	-7.0068e-07	1.10965e-09	7.348e-07	3.2084e-07	-3.2076e-07	2.2132e-05	1.0351e-09	-2.2168e-05	3.2078e-07	-3.2076e-07	3.8842e-05	9.8822e-10	-3.8828e-05	3.1982e-07	-3.198e-07	5.0566e-05	9.3186e-10	-5.0504e-05	3.2058e-07	-3.207e-07	5.9034e-05	8.9525e-10	-5.889e-05	3.198e-07	-3.1976e-07	6.4794e-05	8.564e-10	-6.4874e-05	3.1972e-07	-3.1982e-07	6.9036e-05	8.2573e-10	-6.8898e-05	3.1924e-07	-3.1928e-07	7.1816e-05	7.9651e-10	-7.1886e-05	3.191e-07	-3.1912e-07	7.4058e-05	7.7394e-10	-7.406e-05	3.1916e-07	-3.1918e-07	7.5424e-05	7.5727e-10	-7.543e-05	3.1918e-07	-3.1924e-07	7.6468e-05	7.3242e-10	-7.6464e-05	3.1904e-07	-3.1922e-07
0.31	-1.01272e-06	1.1678e-09	1.1665e-06	3.2084e-07	-3.2076e-07	2.5346e-05	1.10885e-09	-2.5284e-05	3.2074e-07	-3.207e-07	4.4662e-05	1.04529e-09	-4.4554e-05	3.1988e-07	-3.1982e-07	5.8218e-05	9.9741e-10	-5.8202e-05	3.206e-07	-3.206e-07	6.8068e-05	9.5322e-10	-6.8092e-05	3.1978e-07	-3.197e-07	7.4948e-05	9.0818e-10	-7.4932e-05	3.1978e-07	-3.1972e-07	7.9892e-05	8.7236e-10	-7.9794e-05	3.1914e-07	-3.1912e-07	8.3304e-05	8.5168e-10	-8.317e-05	3.1912e-07	-3.1914e-07	8.5796e-05	8.2699e-10	-8.5702e-05	3.1914e-07	-3.1928e-07	8.7434e-05	8.0465e-10	-8.7394e-05	3.192e-07	-3.193e-07	8.875e-05	7.8677e-10	-8.8726e-05	3.1848e-07	-3.1922e-07
0.315	-1.8086e-06	1.2401e-09	1.8249e-06	3.2082e-07	-3.2076e-07	2.9112e-05	1.1674e-09	-2.8932e-05	3.2072e-07	-3.2068e-07	5.1296e-05	1.10812e-09	-5.1228e-05	3.198e-07	-3.1984e-07	6.7126e-05	1.05746e-09	-6.7148e-05	3.2076e-07	-3.2064e-07	7.8572e-05	1.0089e-09	-7.8666e-05	3.197e-07	-3.1976e-07	8.6906e-05	9.687e-10	-8.6784e-05	3.1974e-07	-3.1968e-07	9.247e-05	9.3531e-10	-9.2414e-05	3.1926e-07	-3.1928e-07	9.6514e-05	8.9735e-10	-9.6406e-05	3.1908e-07	-3.192e-07	9.9552e-05	8.7018e-10	-9.9544e-05	3.1916e-07	-3.1924e-07	0.000101488	8.4549e-10	-0.000101514	3.1908e-07	-3.192e-07	0.00010293	8.3669e-10	-0.000102954	3.1918e-07	-3.1922e-07
0.32	-2.3224e-06	1.3341e-09	2.3369e-06	3.2084e-07	-3.2078e-07	3.3076e-05	1.256e-09	-3.3104e-05	3.2068e-07	-3.207e-07	5.8996e-05	1.1803e-09	-5.8726e-05	3.198e-07	-3.1978e-07	7.728e-05	1.12253e-09	-7.7216e-05	3.206e-07	-3.2062e-07	9.0696e-05	1.07318e-09	-9.0664e-05	3.1974e-07	-3.1968e-07	0.000100144	1.0233e-09	-0.000100138	3.1968e-07	-3.1984e-07	0.000106792	9.8602e-10	-0.000106824	3.1924e-07	-3.1928e-07	0.000111594	9.6099e-10	-0.00011169	3.1918e-07	-3.1916e-07	0.00011546	9.2944e-10	-0.000115084	3.191e-07	-3.1924e-07	0.00011786	9.0495e-10	-0.00011738	3.1908e-07	-3.1918e-07	0.00011968	8.8874e-10	-0.00011918	3.1906e-07	-3.1916e-07
0.325	-2.9189e-06	1.4047e-09	2.9793e-06	3.208e-07	-3.2088e-07	3.7808e-05	1.3196e-09	-3.7778e-05	3.2066e-07	-3.2066e-07	6.7354e-05	1.2598e-09	-6.7498e-05	3.1978e-07	-3.1982e-07	8.9074e-05	1.1925e-09	-8.8936e-05	3.2056e-07	-3.2064e-07	0.00010498	1.1415e-09	-0.000104492	3.1976e-07	-3.1976e-07	0.00011596	1.09179e-09	-0.0001157	3.1968e-07	-3.1962e-07	0.000124	1.05203e-09	-0.00012354	3.1918e-07	-3.1928e-07	0.00012954	1.01826e-09	-0.00012926	3.1908e-07	-3.1918e-07	0.00013366	9.9364e-10	-0.00013326	3.191e-07	-3.193e-07	0.00013644	9.6795e-10	-0.00013604	3.1906e-07	-3.1918e-07	0.00013862	9.4321e-10	-0.00013816	3.1908e-07	-3.192e-07
0.33	-3.693e-06	1.4918e-09	3.6125e-06	3.2082e-07	-3.2082e-07	4.3064e-05	1.411e-09	-4.3014e-05	3.2074e-07	-3.2072e-07	7.7158e-05	1.3293e-09	-7.7076e-05	3.198e-07	-3.1982e-07	0.000102144	1.2681e-09	-0.000101968	3.2062e-07	-3.206e-07	0.00012066	1.2141e-09	-0.00012026	3.1918e-07	-3.1912e-07	0.00013378	1.164e-09	-0.00013332	3.1968e-07	-3.1978e-07	0.00014274	1.11488e-09	-0.0001424	3.1914e-07	-3.1934e-07	0.0001494	1.08589e-09	-0.00014904	3.1922e-07	-3.1924e-07	0.0001544	1.04897e-09	-0.00015392	3.1924e-07	-3.1928e-07	0.00015774	1.02225e-09	-0.00015732	3.1902e-07	-3.1922e-07	0.00016016	9.9793e-10	-0.00015978	3.1906e-07	-3.1924e-07
0.335	-4.5035e-06	1.5981e-09	4.6262e-06	3.208e-07	-3.2078e-07	4.9022e-05	1.4981e-09	-4.909e-05	3.2076e-07	-3.2076e-07	8.8314e-05	1.4204e-09	-8.8292e-05	3.1976e-07	-3.1978e-07	0.00011754	1.3533e-09	-0.00011708	3.2056e-07	-3.2064e-07	0.00013868	1.2868e-09	-0.0001383	3.1966e-07	-3.1964e-07	0.00015376	1.2331e-09	-0.00015346	3.1972e-07	-3.1978e-07	0.00016476	1.1854e-09	-0.00016422	3.1922e-07	-3.1936e-07	0.00017248	1.1541e-09	-0.000172	3.1914e-07	-3.1924e-07	0.00017822	1.11784e-09	-0.00017762	3.1912e-07	-3.1926e-07	0.00018208	1.08154e-09	-0.0001817	3.1902e-07	-3.1918e-07	0.00018506	1.06664e-09	-0.0001848	3.1908e-07	-3.1928e-07
0.34	-5.4514e-06	1.6804e-09	5.4376e-06	3.211e-07	-3.2108e-07	5.5836e-05	1.5919e-09	-5.5722e-05	3.2078e-07	-3.2072e-07	0.000100622	1.5097e-09	-0.000100708	3.1914e-07	-3.194e-07	0.00013458	1.4348e-09	-0.00013384	3.2056e-07	-3.2058e-07	0.00015892	1.3691e-09	-0.00015842	3.1978e-07	-3.1976e-07	0.00017644	1.3113e-09	-0.000176	3.1968e-07	-3.1966e-07	0.0001892	1.2626e-09	-0.00018878	3.192e-07	-3.1926e-07	0.00019824	1.2251e-09	-0.00019794	3.1912e-07	-3.1914e-07	0.00020522	1.1885e-09	-0.00020458	3.1914e-07	-3.1926e-07	0.00020984	1.1497e-09	-0.00020926	3.1906e-07	-3.1916e-07	0.0002131	1.12904e-09	-0.00021266	3.1956e-07	-3.1964e-07
0.345	-6.4851e-06	1.8001e-09	6.4511e-06	3.2078e-07	-3.208e-07	6.3362e-05	1.6926e-09	-6.3396e-05	3.2108e-07	-3.2104e-07	0.000115008	1.5995e-09	-0.00011487	3.1984e-07	-3.1984e-07	0.00015396	1.5251e-09	-0.00015322	3.2054e-07	-3.2064e-07	0.00018206	1.4569e-09	-0.00018164	3.1978e-07	-3.1976e-07	0.00020262	1.3985e-09	-0.00020204	3.1924e-07	-3.1918e-07	0.00021748	1.3446e-09	-0.00021712	3.1916e-07	-3.1922e-07	0.00022818	1.2951e-09	-0.00022782	3.191e-07	-3.1914e-07	0.00023614	1.2691e-09	-0.00023562	3.1908e-07	-3.1914e-07	0.0002416	1.2377e-09	-0.00024136	3.1912e-07	-3.1922e-07	0.00024594	1.2047e-09	-0.00024532	3.1962e-07	-3.197e-07
0.35	-7.6012e-06	1.9092e-09	7.4398e-06	3.208e-07	-3.2086e-07	7.1868e-05	1.7945e-09	-7.178e-05	3.2078e-07	-3.2072e-07	0.0001311	1.698e-09	-0.00013048	3.1982e-07	-3.1994e-07	0.00017502	1.6216e-09	-0.00017458	3.2058e-07	-3.2054e-07	0.00020762	1.5491e-09	-0.00020756	3.1972e-07	-3.1976e-07	0.00023164	1.4772e-09	-0.0002312	3.1918e-07	-3.1922e-07	0.000249	1.4258e-09	-0.0002486	3.1912e-07	-3.1924e-07	0.00026144	1.3875e-09	-0.000261	3.1914e-07	-3.1914e-07	0.00027074	1.3401e-09	-0.0002703	3.1906e-07	-3.1916e-07	0.0002772	1.3049e-09	-0.00027676	3.1912e-07	-3.1926e-07	0.00028206	1.2776e-09	-0.00028186	3.1898e-07	-3.1902e-07
0.355	-8.7607e-06	2.0188e-09	8.7026e-06	3.208e-07	-3.2074e-07	8.1012e-05	1.9107e-09	-8.1102e-05	3.2078e-07	-3.2074e-07	0.00014878	1.8022e-09	-0.00014866	3.1984e-07	-3.1982e-07	0.00019942	1.719e-09	-0.00019886	3.2052e-07	-3.2052e-07	0.00023678	1.6451e-09	-0.00023654	3.1974e-07	-3.1978e-07	0.00026474	1.5785e-09	-0.00026426	3.192e-07	-3.1922e-07	0.00028508	1.5188e-09	-0.00028458	3.193e-07	-3.1864e-07	0.00029962	1.4661e-09	-0.00029904	3.1918e-07	-3.1922e-07	0.00031042	1.4265e-09	-0.00031	3.1906e-07	-3.1914e-07	0.00031812	1.3861e-09	-0.00031772	3.1914e-07	-3.1922e-07	0.00032398	1.3561e-09	-0.00032346	3.1964e-07	-3.1974e-07
0.36	-9.9801e-06	2.1578e-09	1.00931e-05	3.208e-07	-3.2084e-07	9.139e-05	2.0293e-09	-9.1254e-05	3.2074e-07	-3.207e-07	0.0001682	1.9292e-09	-0.00016804	3.1984e-07	-3.1984e-07	0.0002262	1.8273e-09	-0.00022552	3.2054e-07	-3.206e-07	0.00026898	1.7468e-09	-0.00026896	3.1974e-07	-3.1974e-07	0.00030138	1.674e-09	-0.00030066	3.1862e-07	-3.1928e-07	0.00032486	1.6134e-09	-0.00032424	3.1924e-07	-3.194e-07	0.00034162	1.5596e-09	-0.00034144	3.1914e-07	-3.1924e-07	0.0003545	1.5209e-09	-0.00035404	3.1906e-07	-3.1918e-07	0.0003635	1.4816e-09	-0.00036312	3.1914e-07	-3.1922e-07	0.00037026	1.4432e-09	-0.00037	3.196e-07	-3.1976e-07
0.365	-1.14917e-05	2.2836e-09	1.15008e-05	3.208e-07	-3.2076e-07	0.000102778	2.1541e-09	-0.000102782	3.207e-07	-3.2072e-07	0.00018992	2.035e-09	-0.00018964	3.1918e-07	-3.1912e-07	0.00025612	1.9435e-09	-0.00025576	3.206e-07	-3.2052e-07	0.00030542	1.8534e-09	-0.00030524	3.1908e-07	-3.1912e-07	0.00034246	1.7731e-09	-0.00034222	3.192e-07	-3.1928e-07	0.00036996	1.71e-09	-0.00036954	3.1918e-07	-3.1934e-07	0.00038968	1.6613e-09	-0.00038936	3.1914e-07	-3.1862e-07	0.00040456	1.6063e-09	-0.0004038	3.1904e-07	-3.1914e-07	0.00041524	1.5616e-09	-0.00041472	3.1908e-07	-3.191e-07	0.00042334	1.5335e-09	-0.00042276	3.1968e-07	-3.198e-07
0.37	-1.2092e-05	2.4261e-09	1.1534e-05	3.2084e-07	-3.2084e-07	0.000115006	2.2836e-09	-0.000115002	3.2068e-07	-3.2078e-07	0.00021344	2.1653e-09	-0.00021308	3.1984e-07	-3.1988e-07	0.00028858	2.0573e-09	-0.00028834	3.2082e-07	-3.2088e-07	0.00034528	1.9683e-09	-0.00034486	3.1972e-07	-3.1984e-07	0.00038748	1.8911e-09	-0.00038696	3.1868e-07	-3.1864e-07	0.00041914	1.8189e-09	-0.00041896	3.193e-07	-3.1926e-07	0.0004425	1.7542e-09	-0.00044164	3.192e-07	-3.1916e-07	0.0004595	1.7159e-09	-0.00045924	3.1906e-07	-3.1914e-07	0.00047194	1.6686e-09	-0.00047158	3.1912e-07	-3.191e-07	0.00048148	1.6282e-09	-0.00048086	3.1954e-07	-3.197e-07
0.375	-1.4672e-05	2.5731e-09	1.4544e-05	3.2088e-07	-3.2078e-07	0.00012976	2.416e-09	-0.0001291	3.2074e-07	-3.2082e-07	0.00023962	2.3028e-09	-0.00023904	3.1974e-07	-3.1978e-07	0.0003246	2.1913e-09	-0.00032434	3.206e-07	-3.2058e-07	0.00038922	2.0903e-09	-0.00038914	3.1978e-07	-3.1988e-07	0.00043838	1.9978e-09	-0.00043798	3.1924e-07	-3.1924e-07	0.00047478	1.9333e-09	-0.00047434	3.1922e-07	-3.193e-07	0.0005013	1.8682e-09	-0.00050112	3.1922e-07	-3.1852e-07	0.0005216	1.8141e-09	-0.000521	3.191e-07	-3.1912e-07	0.00053624	1.7677e-09	-0.00053632	3.1912e-07	-3.192e-07	0.00054766	1.7284e-09	-0.00054712	3.195e-07	-3.1966e-07
0.38	-1.6294e-05	2.7175e-09	1.6294e-05	3.2082e-07	-3.2076e-07	0.00014374	2.5873e-09	-0.00014372	3.2068e-07	-3.2072e-07	0.00026738	2.4286e-09	-0.00026742	3.198e-07	-3.198e-07	0.00036398	2.32e-09	-0.0003639	3.2056e-07	-3.2054e-07	0.00043708	2.2187e-09	-0.0004365	3.1976e-07	-3.1976e-07	0.000493	2.121e-09	-0.00049256	3.1926e-07	-3.1932e-07	0.00053494	2.0464e-09	-0.00053464	3.1918e-07	-3.1926e-07	0.00056606	1.9799e-09	-0.00056524	3.1926e-07	-3.1928e-07	0.00058938	1.9228e-09	-0.00058874	3.191e-07	-3.1918e-07	0.00060626	1.8693e-09	-0.00060582	3.1906e-07	-3.1912e-07	0.00061902	1.832e-09	-0.00061868	3.1956e-07	-3.197e-07
0.385	-1.808e-05	2.8844e-09	1.8138e-05	3.2084e-07	-3.2082e-07	0.0001598	2.7377e-09	-0.00015972	3.2068e-07	-3.2066e-07	0.00029804	2.5908e-09	-0.00029848	3.1914e-07	-3.1962e-07	0.00040694	2.4588e-09	-0.00040642	3.2052e-07	-3.2056e-07	0.00048966	2.3546e-09	-0.00048918	3.1974e-07	-3.1978e-07	0.00055374	2.2566e-09	-0.00055364	3.193e-07	-3.193e-07	0.0006025	2.1693e-09	-0.00060196	3.1932e-07	-3.1928e-07	0.00063818	2.0947e-09	-0.00063732	3.1922e-07	-3.1928e-07	0.00066494	2.0408e-09	-0.0006643	3.1908e-07	-3.1912e-07	0.00068522	1.9886e-09	-0.00068388	3.1894e-07	-3.1918e-07	0.00069982	1.9436e-09	-0.00069928	3.1954e-07	-3.196e-07
0.39	-2.0016e-05	3.0597e-09	2.0018e-05	3.2084e-07	-3.2076e-07	0.00017682	2.8609e-09	-0.00017668	3.2068e-07	-3.2058e-07	0.00033084	2.7339e-09	-0.00033064	3.1984e-07	-3.1978e-07	0.00045282	2.6102e-09	-0.00045282	3.2056e-07	-3.2058e-07	0.00054612	2.49e-09	-0.00054586	3.198e-07	-3.1982e-07	0.000619	2.3782e-09	-0.00061838	3.193e-07	-3.1922e-07	0.000674	2.2973e-09	-0.00067358	3.1924e-07	-3.1928e-07	0.0007153	2.2293e-09	-0.00071536	3.1914e-07	-3.1922e-07	0.00074624	2.1565e-09	-0.00074624	3.1904e-07	-3.1918e-07	0.00076984	2.1017e-09	-0.00076936	3.1908e-07	-3.1924e-07	0.000787	2.0534e-09	-0.00078622	3.196e-07	-3.1972e-07
0.395	-2.2068e-05	3.2247e-09	2.2078e-05	3.2096e-07	-3.2086e-07	0.0001953	3.0694e-09	-0.000195	3.2102e-07	-3.2094e-07	0.00036604	2.8968e-09	-0.00036598	3.1948e-07	-3.1972e-07	0.00050226	2.7553e-09	-0.00050226	3.2054e-07	-3.2068e-07	0.00060822	2.6391e-09	-0.00060854	3.1954e-07	-3.1912e-07	0.00069018	2.5324e-09	-0.00069008	3.1924e-07	-3.1934e-07	0.00075384	2.4307e-09	-0.00075348	3.1922e-07	-3.193e-07	0.00080074	2.3502e-09	-0.0008002	3.1856e-07	-3.1868e-07	0.00083652	2.2944e-09	-0.00083626	3.1906e-07	-3.1918e-07	0.0008637	2.2194e-09	-0.0008634	3.1846e-07	-3.1856e-07	0.00088394	2.1728e-09	-0.0008837	3.1956e-07	-3.197e-07
0.4	-2.4246e-05	3.4199e-09	2.4146e-05	3.2086e-07	-3.2084e-07	0.00021414	3.2108e-09	-0.0002129	3.207e-07	-3.2066e-07	0.00040364	3.0783e-09	-0.00040324	3.1978e-07	-3.1976e-07	0.00055522	2.92e-09	-0.00055522	3.2058e-07	-3.2062e-07	0.00067446	2.7876e-09	-0.00067426	3.1974e-07	-3.1978e-07	0.00076652	2.6707e-09	-0.00076656	3.1926e-07	-3.1924e-07	0.00083812	2.5762e-09	-0.00083768	3.193e-07	-3.194e-07	0.0008923	2.487e-09	-0.00089164	3.192e-07	-3.1922e-07	0.00093364	2.4222e-09	-0.0009329	3.1896e-07	-3.191e-07	0.00096482	2.3556e-09	-0.00096448	3.1902e-07	-3.1924e-07	0.0009882	2.294e-09	-0.00098744	3.1894e-07	-3.1914e-07
0.405	-2.6502e-05	3.6076e-09	2.6412e-05	3.2078e-07	-3.2072e-07	0.00023406	3.4196e-09	-0.00023454	3.207e-07	-3.2082e-07	0.00044402	3.2373e-09	-0.00044364	3.1978e-07	-3.1976e-07	0.00061284	3.0939e-09	-0.00061158	3.2054e-07	-3.2054e-07	0.0007453	2.9496e-09	-0.0007453	3.197e-07	-3.1978e-07	0.00084982	2.8206e-09	-0.00084864	3.1926e-07	-3.1924e-07	0.00093114	2.7216e-09	-0.00093024	3.193e-07	-3.1942e-07	0.00099274	2.635e-09	-0.0009925	3.1924e-07	-3.1934e-07	0.0010398	2.5513e-09	-0.00103964	3.19e-07	-3.1912e-07	0.0010761	2.4828e-09	-0.00107594	3.1912e-07	-3.1924e-07	0.00110334	2.4273e-09	-0.00110286	3.1962e-07	-3.1972e-07
0.41	-2.881e-05	3.805e-09	2.8768e-05	3.2078e-07	-3.2078e-07	0.0002559	3.6225e-09	-0.00025548	3.2068e-07	-3.2072e-07	0.00048506	3.4268e-09	-0.00048486	3.1982e-07	-3.1976e-07	0.00067168	3.2603e-09	-0.00067132	3.2058e-07	-3.206e-07	0.00081966	3.1189e-09	-0.00081882	3.1982e-07	-3.1982e-07	0.00093708	2.9926e-09	-0.00093722	3.1926e-07	-3.187e-07	0.00102892	2.8729e-09	-0.00102782	3.193e-07	-3.194e-07	0.0010985	2.7722e-09	-0.00109832	3.1922e-07	-3.1924e-07	0.0011536	2.7052e-09	-0.00115228	3.1912e-07	-3.1918e-07	0.0011938	2.6164e-09	-0.0011934	3.1912e-07	-3.1924e-07	0.0012254	2.5631e-09	-0.0012244	3.1888e-07	-3.1906e-07
0.415	-3.135e-05	4.0273e-09	3.13e-05	3.208e-07	-3.2084e-07	0.00027838	3.7877e-09	-0.00027828	3.208e-07	-3.206e-07	0.00052938	3.6223e-09	-0.00052918	3.1986e-07	-3.1984e-07	0.00073586	3.4479e-09	-0.00073458	3.206e-07	-3.2064e-07	0.00089972	3.2959e-09	-0.00089932	3.1966e-07	-3.1972e-07	0.00103088	3.152e-09	-0.00103092	3.193e-07	-3.1936e-07	0.00113408	3.0396e-09	-0.00113484	3.1932e-07	-3.1928e-07	0.0012136	2.9295e-09	-0.001213	3.1926e-07	-3.1934e-07	0.001275	2.8529e-09	-0.0012756	3.1906e-07	-3.1908e-07	0.001323	2.7627e-09	-0.0013226	3.1912e-07	-3.191e-07	0.0013598	2.6992e-09	-0.0013588	3.1954e-07	-3.1916e-07
0.42	-3.3762e-05	4.2335e-09	3.3768e-05	3.2078e-07	-3.2076e-07	0.00030116	4.0355e-09	-0.00030096	3.2074e-07	-3.2064e-07	0.00057524	3.8151e-09	-0.00057474	3.1984e-07	-3.1982e-07	0.0008008	3.6303e-09	-0.00080024	3.2062e-07	-3.206e-07	0.00098266	3.4759e-09	-0.0009835	3.1972e-07	-3.1972e-07	0.00112908	3.3268e-09	-0.0011286	3.1934e-07	-3.1932e-07	0.0012456	3.2087e-09	-0.0012448	3.193e-07	-3.1934e-07	0.0013342	3.0915e-09	-0.001333	3.193e-07	-3.1932e-07	0.0014054	3.0029e-09	-0.0014042	3.1902e-07	-3.191e-07	0.0014596	2.9193e-09	-0.0014584	3.1906e-07	-3.1918e-07	0.0015004	2.8486e-09	-0.0015006	3.1962e-07	-3.1968e-07
0.425	-3.6428e-05	4.4717e-09	3.6406e-05	3.2098e-07	-3.2096e-07	0.00032542	4.2221e-09	-0.00032498	3.2072e-07	-3.207e-07	0.0006233	4.0323e-09	-0.00062318	3.198e-07	-3.1978e-07	0.00087124	3.8361e-09	-0.00087064	3.206e-07	-3.2062e-07	0.00107306	3.6651e-09	-0.00107216	3.1974e-07	-3.1976e-07	0.001235	3.5008e-09	-0.0012346	3.1926e-07	-3.1936e-07	0.0013642	3.3795e-09	-0.0013636	3.1932e-07	-3.1936e-07	0.0014638	3.2605e-09	-0.0014644	3.1918e-07	-3.1928e-07	0.0015458	3.1708e-09	-0.0015436	3.1906e-07	-3.1918e-07	0.001607	3.0678e-09	-0.0016058	3.1848e-07	-3.1916e-07	0.0016544	2.9987e-09	-0.0016534	3.1962e-07	-3.1972e-07
0.43	-3.8968e-05	4.7092e-09	3.8862e-05	3.2078e-07	-3.2078e-07	0.00034952	4.4654e-09	-0.00034832	3.2074e-07	-3.2076e-07	0.000673	4.2406e-09	-0.00067272	3.1984e-07	-3.1972e-07	0.00094362	4.0425e-09	-0.00094266	3.2062e-07	-3.2052e-07	0.0011632	3.859e-09	-0.0011634	3.1966e-07	-3.1978e-07	0.0013418	3.6986e-09	-0.0013418	3.1932e-07	-3.193e-07	0.001488	3.5579e-09	-0.0014864	3.1924e-07	-3.1934e-07	0.001601	3.4302e-09	-0.0015998	3.192e-07	-3.193e-07	0.0016902	3.3329e-09	-0.0016898	3.1918e-07	-3.1922e-07	0.0017608	3.2282e-09	-0.0017596	3.1908e-07	-3.1918e-07	0.0018144	3.1466e-09	-0.001814	3.1966e-07	-3.1976e-07
0.435	-4.169e-05	4.9484e-09	4.1838e-05	3.2082e-07	-3.208e-07	0.000375	4.7088e-09	-0.0003753	3.2068e-07	-3.2078e-07	0.00072504	4.4664e-09	-0.00072388	3.198e-07	-3.198e-07	0.00101858	4.2504e-09	-0.00101792	3.206e-07	-3.2054e-07	0.00126	4.0657e-09	-0.0012598	3.1914e-07	-3.1976e-07	0.001458	3.8854e-09	-0.001457	3.1924e-07	-3.194e-07	0.0016188	3.7496e-09	-0.0016164	3.1932e-07	-3.194e-07	0.0017444	3.616e-09	-0.001744	3.1926e-07	-3.1924e-07	0.001846	3.5057e-09	-0.0018444	3.191e-07	-3.1916e-07	0.001925	3.3995e-09	-0.0019258	3.1918e-07	-3.1918e-07	0.001988	3.3181e-09	-0.0019864	3.1962e-07	-3.197e-07
0.44	-4.4458e-05	5.2152e-09	4.4386e-05	3.208e-07	-3.2076e-07	0.00040146	4.9285e-09	-0.00040054	3.2072e-07	-3.2066e-07	0.00077598	4.7047e-09	-0.00077706	3.1988e-07	-3.1984e-07	0.00109502	4.4796e-09	-0.00109482	3.206e-07	-3.2066e-07	0.0013584	4.2792e-09	-0.001358	3.1974e-07	-3.1984e-07	0.001577	4.095e-09	-0.001575	3.1926e-07	-3.1942e-07	0.0017532	3.9367e-09	-0.0017524	3.1926e-07	-3.1932e-07	0.0018942	3.7922e-09	-0.0018926	3.1914e-07	-3.1934e-07	0.002007	3.6847e-09	-0.0020066	3.1908e-07	-3.1922e-07	0.0020966	3.5632e-09	-0.002096	3.1914e-07	-3.1924e-07	0.0021666	3.4728e-09	-0.0021664	3.1962e-07	-3.1976e-07
0.445	-4.7316e-05	5.4775e-09	4.737e-05	3.2088e-07	-3.2084e-07	0.0004266	5.2158e-09	-0.0004271	3.207e-07	-3.2066e-07	0.0008316	4.9398e-09	-0.00083008	3.1986e-07	-3.1976e-07	0.001175	4.717e-09	-0.001175	3.2062e-07	-3.206e-07	0.0014614	4.4995e-09	-0.0014614	3.1968e-07	-3.1976e-07	0.0017002	4.3046e-09	-0.0017	3.1932e-07	-3.1928e-07	0.0018948	4.1449e-09	-0.0018944	3.1928e-07	-3.1936e-07	0.002052	3.9894e-09	-0.0020516	3.1914e-07	-3.1922e-07	0.0021788	3.8614e-09	-0.0021786	3.1916e-07	-3.1928e-07	0.0022796	3.7515e-09	-0.0022786	3.192e-07	-3.1926e-07	0.0023594	3.6491e-09	-0.0023578	3.196e-07	-3.1982e-07
0.45	-4.9972e-05	5.7518e-09	5.0146e-05	3.2078e-07	-3.2088e-07	0.0004544	5.46e-09	-0.00045366	3.2074e-07	-3.206e-07	0.00088596	5.1971e-09	-0.00088618	3.198e-07	-3.1966e-07	0.0012566	4.9426e-09	-0.0012548	3.2066e-07	-3.2066e-07	0.0015678	4.7253e-09	-0.0015662	3.1972e-07	-3.1984e-07	0.001827	4.5177e-09	-0.0018254	3.1932e-07	-3.1926e-07	0.0020414	4.3513e-09	-0.0020404	3.1926e-07	-3.193e-07	0.002214	4.1941e-09	-0.002213	3.1918e-07	-3.193e-07	0.0023548	4.0623e-09	-0.0023544	3.1906e-07	-3.1918e-07	0.0024662	3.9288e-09	-0.0024666	3.191e-07	-3.1924e-07	0.002557	3.834e-09	-0.0025574	3.1968e-07	-3.1978e-07
0.455	-5.3138e-05	6.042e-09	5.2998e-05	3.208e-07	-3.208e-07	0.0004819	5.7454e-09	-0.00048176	3.2068e-07	-3.2064e-07	0.000942	5.4568e-09	-0.00094236	3.1982e-07	-3.198e-07	0.0013398	5.2003e-09	-0.0013388	3.2056e-07	-3.2058e-07	0.0016758	4.9721e-09	-0.0016754	3.1974e-07	-3.1984e-07	0.001957	4.7542e-09	-0.0019582	3.192e-07	-3.1924e-07	0.002193	4.5696e-09	-0.0021918	3.1934e-07	-3.1936e-07	0.0023834	4.399e-09	-0.0023832	3.1912e-07	-3.1924e-07	0.00254	4.264e-09	-0.0025404	3.191e-07	-3.1916e-07	0.002666	4.12e-09	-0.0026644	3.1906e-07	-3.1912e-07	0.0027652	4.0067e-09	-0.0027644	3.1968e-07	-3.1976e-07
0.46	-5.5942e-05	6.3392e-09	5.616e-05	3.2082e-07	-3.2074e-07	0.00050854	6.0421e-09	-0.00050832	3.2068e-07	-3.2074e-07	0.00100006	5.7295e-09	-0.00099828	3.198e-07	-3.1972e-07	0.0014246	5.4618e-09	-0.0014218	3.2062e-07	-3.2064e-07	0.0017858	5.2147e-09	-0.0017842	3.1978e-07	-3.1984e-07	0.002092	4.9835e-09	-0.0020904	3.1922e-07	-3.193e-07	0.0023476	4.7978e-09	-0.0023464	3.192e-07	-3.1926e-07	0.0025574	4.6187e-09	-0.0025558	3.1916e-07	-3.1932e-07	0.0027288	4.461e-09	-0.002729	3.1924e-07	-3.1932e-07	0.0028694	4.3217e-09	-0.0028694	3.1908e-07	-3.1924e-07	0.0029822	4.2071e-09	-0.002981	3.1964e-07	-3.1972e-07
0.465	-5.886e-05	6.6553e-09	5.8936e-05	3.2078e-07	-3.2066e-07	0.0005376	6.3025e-09	-0.00053682	3.2074e-07	-3.2074e-07	0.0010562	6.0161e-09	-0.00105556	3.1926e-07	-3.199e-07	0.0015102	5.7281e-09	-0.0015092	3.2058e-07	-3.206e-07	0.0018996	5.4763e-09	-0.001898	3.1974e-07	-3.1976e-07	0.0022294	5.2296e-09	-0.0022292	3.1924e-07	-3.1922e-07	0.0025084	5.0333e-09	-0.0025074	3.1934e-07	-3.1946e-07	0.002739	4.8431e-09	-0.0027374	3.1918e-07	-3.1924e-07	0.0029288	4.6813e-09	-0.002927	3.1914e-07	-3.1928e-07	0.0030818	4.5237e-09	-0.0030812	3.1914e-07	-3.1922e-07	0.003207	4.4e-09	-0.003207	3.196e-07	-3.1978e-07
0.47	-6.1648e-05	6.9783e-09	6.1312e-05	3.2078e-07	-3.2066e-07	0.000565	6.6438e-09	-0.00056362	3.2068e-07	-3.207e-07	0.00111502	6.3059e-09	-0.00111394	3.1986e-07	-3.198e-07	0.0015966	6.0145e-09	-0.0015954	3.2086e-07	-3.2084e-07	0.002012	5.7377e-09	-0.0020114	3.1968e-07	-3.1976e-07	0.0023672	5.4849e-09	-0.0023666	3.1924e-07	-3.1924e-07	0.0026712	5.2752e-09	-0.0026696	3.193e-07	-3.194e-07	0.0029196	5.067e-09	-0.002918	3.1932e-07	-3.193e-07	0.0031288	4.8988e-09	-0.0031276	3.1926e-07	-3.1928e-07	0.0032994	4.7351e-09	-0.0032982	3.1858e-07	-3.1862e-07	0.0034392	4.5999e-09	-0.003438	3.1962e-07	-3.1972e-07
0.475	-6.4516e-05	7.3196e-09	6.4428e-05	3.2074e-07	-3.2078e-07	0.00059236	6.9473e-09	-0.000593	3.2074e-07	-3.2068e-07	0.0011724	6.6152e-09	-0.001172	3.1984e-07	-3.1998e-07	0.0016856	6.2994e-09	-0.001686	3.2048e-07	-3.2054e-07	0.0021276	6.0213e-09	-0.0021274	3.1984e-07	-3.1984e-07	0.002511	5.7476e-09	-0.00251	3.1914e-07	-3.1924e-07	0.0028366	5.5284e-09	-0.0028358	3.1932e-07	-3.1936e-07	0.0031102	5.3206e-09	-0.0031078	3.1922e-07	-3.192e-07	0.0033388	5.1358e-09	-0.0033382	3.1916e-07	-3.1928e-07	0.0035252	4.9598e-09	-0.0035252	3.1912e-07	-3.1918e-07	0.0036804	4.8233e-09	-0.0036788	3.1962e-07	-3.198e-07
0.48	-6.7156e-05	7.6538e-09	6.695e-05	3.2072e-07	-3.207e-07	0.0006205	7.2755e-09	-0.0006195	3.2074e-07	-3.2068e-07	0.0012304	6.9364e-09	-0.0012312	3.1984e-07	-3.1988e-07	0.0017716	6.6066e-09	-0.0017722	3.2058e-07	-3.2058e-07	0.0022446	6.3075e-09	-0.0022434	3.1972e-07	-3.198e-07	0.0026528	6.0252e-09	-0.002653	3.1924e-07	-3.1918e-07	0.0030032	5.7892e-09	-0.0030038	3.1948e-07	-3.194e-07	0.0032978	5.5643e-09	-0.0032974	3.1924e-07	-3.1934e-07	0.0035482	5.375e-09	-0.0035482	3.1914e-07	-3.1924e-07	0.003754	5.1888e-09	-0.0037534	3.1916e-07	-3.1924e-07	0.0039262	5.0244e-09	-0.003924	3.1962e-07	-3.1982e-07
0.485	-7.0406e-05	8.0315e-09	7.0368e-05	3.2072e-07	-3.2074e-07	0.00064816	7.6526e-09	-0.00064744	3.2062e-07	-3.207e-07	0.0012904	7.2682e-09	-0.001289	3.1918e-07	-3.1918e-07	0.0018602	6.9252e-09	-0.0018608	3.206e-07	-3.2062e-07	0.0023624	6.6093e-09	-0.0023608	3.1974e-07	-3.1986e-07	0.0027992	6.3126e-09	-0.002798	3.1926e-07	-3.1936e-07	0.0031758	6.0673e-09	-0.0031772	3.193e-07	-3.1934e-07	0.0034956	5.8284e-09	-0.0034938	3.1926e-07	-3.1934e-07	0.0037656	5.6222e-09	-0.003766	3.192e-07	-3.187e-07	0.0039928	5.4275e-09	-0.0039904	3.1908e-07	-3.1924e-07	0.0041796	5.2642e-09	-0.004178	3.1904e-07	-3.1972e-07
0.49	-7.3066e-05	8.4029e-09	7.3204e-05	3.208e-07	-3.208e-07	0.00067618	7.9642e-09	-0.00067528	3.2066e-07	-3.2074e-07	0.0013474	7.5973e-09	-0.0013464	3.1984e-07	-3.1982e-07	0.0019492	7.2394e-09	-0.0019488	3.2068e-07	-3.2064e-07	0.002479	6.9249e-09	-0.0024784	3.1918e-07	-3.1912e-07	0.002943	6.6082e-09	-0.0029424	3.1932e-07	-3.1922e-07	0.0033474	6.3457e-09	-0.0033468	3.1924e-07	-3.194e-07	0.0036904	6.0967e-09	-0.003688	3.192e-07	-3.1928e-07	0.0039838	5.884e-09	-0.0039838	3.1918e-07	-3.1858e-07	0.004229	5.6781e-09	-0.0042282	3.1918e-07	-3.1918e-07	0.0044346	5.4987e-09	-0.0044354	3.197e-07	-3.1978e-07
0.495	-7.5854e-05	8.7893e-09	7.573e-05	3.2074e-07	-3.2072e-07	0.00070358	8.3781e-09	-0.00070252	3.2064e-07	-3.2068e-07	0.0014062	7.966e-09	-0.0014064	3.1984e-07	-3.1976e-07	0.0020384	7.5937e-09	-0.0020378	3.2062e-07	-3.2058e-07	0.0025998	7.247e-09	-0.0025974	3.1978e-07	-3.1976e-07	0.0030918	6.9189e-09	-0.003091	3.1914e-07	-3.1934e-07	0.0035224	6.6381e-09	-0.0035208	3.193e-07	-3.1932e-07	0.00389	6.3719e-09	-0.0038896	3.1926e-07	-3.1924e-07	0.0042068	6.1474e-09	-0.0042078	3.1924e-07	-3.193e-07	0.004477	5.9321e-09	-0.0044756	3.1912e-07	-3.192e-07	0.0047022	5.7408e-09	-0.004701	3.1968e-07	-3.199e-07
0.5	-7.8856e-05	9.2048e-09	7.8758e-05	3.2102e-07	-3.206e-07	0.00073044	8.75e-09	-0.00072906	3.2072e-07	-3.2064e-07	0.0014634	8.3268e-09	-0.0014634	3.1978e-07	-3.1978e-07	0.0021254	7.9353e-09	-0.0021244	3.2062e-07	-3.2066e-07	0.0027154	7.5804e-09	-0.0027152	3.1978e-07	-3.1978e-07	0.0032368	7.2382e-09	-0.0032368	3.1926e-07	-3.1934e-07	0.0036936	6.9492e-09	-0.003696	3.1858e-07	-3.187e-07	0.0040894	6.6702e-09	-0.0040886	3.1918e-07	-3.1928e-07	0.0044316	6.4281e-09	-0.0044318	3.186e-07	-3.1868e-07	0.004722	6.2e-09	-0.0047192	3.1912e-07	-3.193e-07	0.0049672	6.0019e-09	-0.0049662	3.1966e-07	-3.1976e-07
0.505	-8.1436e-05	9.6255e-09	8.1566e-05	3.2074e-07	-3.2072e-07	0.00075758	9.143e-09	-0.00075706	3.2068e-07	-3.2068e-07	0.0015218	8.7216e-09	-0.0015204	3.199e-07	-3.1986e-07	0.002214	8.3076e-09	-0.0022122	3.2062e-07	-3.206e-07	0.002834	7.9365e-09	-0.0028366	3.1972e-07	-3.1988e-07	0.0033846	7.5766e-09	-0.0033848	3.1926e-07	-3.1932e-07	0.003871	7.2683e-09	-0.003872	3.1926e-07	-3.193e-07	0.0042926	6.9686e-09	-0.004293	3.1922e-07	-3.1936e-07	0.00466	6.7181e-09	-0.0046586	3.1924e-07	-3.1922e-07	0.0049722	6.4769e-09	-0.0049742	3.1908e-07	-3.1918e-07	0.0052398	6.2572e-09	-0.0052384	3.1968e-07	-3.1982e-07
0.51	-8.4136e-05	1.00568e-08	8.402e-05	3.208e-07	-3.2076e-07	0.00078314	9.5982e-09	-0.00078482	3.2064e-07	-3.2068e-07	0.0015764	9.1215e-09	-0.0015776	3.1974e-07	-3.1982e-07	0.002299	8.695e-09	-0.0022984	3.2062e-07	-3.206e-07	0.0029506	8.291e-09	-0.00295	3.1984e-07	-3.1978e-07	0.0035294	7.9129e-09	-0.0035302	3.1924e-07	-3.193e-07	0.0040456	7.5975e-09	-0.0040452	3.186e-07	-3.1868e-07	0.0044954	7.2834e-09	-0.0044916	3.1924e-07	-3.194e-07	0.0048862	7.014e-09	-0.0048886	3.192e-07	-3.1924e-07	0.0052254	6.7582e-09	-0.0052228	3.192e-07	-3.1922e-07	0.0055114	6.5304e-09	-0.0055108	3.1968e-07	-3.1984e-07
0.515	-8.6868e-05	1.05318e-08	8.6758e-05	3.208e-07	-3.2076e-07	0.00080964	9.9958e-09	-0.0008109	3.2072e-07	-3.2064e-07	0.0016342	9.538e-09	-0.0016342	3.1984e-07	-3.1982e-07	0.0023872	9.0792e-09	-0.0023864	3.2062e-07	-3.2058e-07	0.0030692	8.6787e-09	-0.0030666	3.1978e-07	-3.1918e-07	0.003678	8.2861e-09	-0.003678	3.1924e-07	-3.1924e-07	0.0042228	7.9417e-09	-0.0042208	3.1926e-07	-3.1932e-07	0.0046996	7.6105e-09	-0.0046978	3.1928e-07	-3.193e-07	0.0051178	7.3311e-09	-0.0051168	3.1924e-07	-3.1932e-07	0.005481	7.0666e-09	-0.00548	3.1914e-07	-3.1924e-07	0.0057904	6.8219e-09	-0.00579	3.1968e-07	-3.1982e-07
0.52	-8.9634e-05	1.09903e-08	8.9364e-05	3.208e-07	-3.2076e-07	0.00083688	1.04726e-08	-0.00083802	3.2072e-07	-3.2068e-07	0.001689	9.9713e-09	-0.001689	3.1978e-07	-3.1918e-07	0.0024734	9.4979e-09	-0.002471	3.2056e-07	-3.2064e-07	0.0031818	9.0592e-09	-0.0031804	3.1964e-07	-3.1972e-07	0.0038212	8.6551e-09	-0.0038214	3.1928e-07	-3.1942e-07	0.004395	8.2907e-09	-0.0043954	3.192e-07	-3.1936e-07	0.0049004	7.9473e-09	-0.0048986	3.1918e-07	-3.193e-07	0.005345	7.653e-09	-0.0053456	3.1922e-07	-3.1932e-07	0.0057342	7.3672e-09	-0.005733	3.1916e-07	-3.193e-07	0.0060688	7.1016e-09	-0.0060672	3.1972e-07	-3.197e-07
0.525	-9.2132e-05	1.15002e-08	9.2168e-05	3.2078e-07	-3.2074e-07	0.00086212	1.09462e-08	-0.00086198	3.2068e-07	-3.2074e-07	0.001745	1.04216e-08	-0.001746	3.1988e-07	-3.1982e-07	0.002558	9.9273e-09	-0.0025562	3.2056e-07	-3.2064e-07	0.0032966	9.4762e-09	-0.0032958	3.19e-07	-3.1978e-07	0.0039654	9.0403e-09	-0.003965	3.1924e-07	-3.1918e-07	0.0045694	8.6746e-09	-0.0045686	3.1912e-07	-3.192e-07	0.005104	8.3154e-09	-0.0051016	3.1926e-07	-3.193e-07	0.0055776	7.987e-09	-0.005577	3.192e-07	-3.1924e-07	0.0059906	7.6879e-09	-0.0059906	3.1906e-07	-3.1928e-07	0.00635	7.4244e-09	-0.0063494	3.1966e-07	-3.197e-07
0.53	-9.3432e-05	1.20442e-08	9.4434e-05	3.2084e-07	-3.208e-07	0.00088726	1.14153e-08	-0.00088792	3.2064e-07	-3.207e-07	0.0017992	1.08796e-08	-0.001798	3.1982e-07	-3.198e-07	0.002639	1.03657e-08	-0.0026396	3.2062e-07	-3.206e-07	0.0034086	9.8989e-09	-0.0034084	3.1906e-07	-3.1912e-07	0.004107	9.4447e-09	-0.0041104	3.193e-07	-3.1928e-07	0.0047408	9.0515e-09	-0.0047404	3.1856e-07	-3.193e-07	0.0053014	8.6775e-09	-0.0052996	3.186e-07	-3.1866e-07	0.0058036	8.337e-09	-0.0058032	3.192e-07	-3.1932e-07	0.0062446	8.0216e-09	-0.006244	3.1916e-07	-3.1922e-07	0.0066278	7.7363e-09	-0.0066298	3.1974e-07	-3.1982e-07
0.535	-9.5724e-05	1.2588e-08	9.6992e-05	3.208e-07	-3.2074e-07	0.0009131	1.19922e-08	-0.00091328	3.2074e-07	-3.2056e-07	0.0018518	1.13725e-08	-0.001851	3.198e-07	-3.198e-07	0.0027212	1.08447e-08	-0.002722	3.2058e-07	-3.2058e-07	0.003522	1.03347e-08	-0.0035214	3.1902e-07	-3.191e-07	0.0042492	9.8662e-09	-0.0042508	3.1926e-07	-3.1932e-07	0.0049124	9.4533e-09	-0.0049128	3.1924e-07	-3.192e-07	0.0055022	9.0633e-09	-0.0055044	3.192e-07	-3.193e-07	0.0060354	8.6995e-09	-0.0060338	3.1918e-07	-3.193e-07	0.006502	8.3704e-09	-0.0065006	3.191e-07	-3.1926e-07	0.006913	8.0605e-09	-0.006912	3.198e-07	-3.1982e-07
0.54	-9.794e-05	1.31392e-08	9.923e-05	3.2076e-07	-3.2082e-07	0.00093756	1.24906e-08	-0.00093612	3.207e-07	-3.207e-07	0.001904	1.19004e-08	-0.0019028	3.1968e-07	-3.1978e-07	0.002801	1.13096e-08	-0.0028024	3.2066e-07	-3.2062e-07	0.003631	1.08002e-08	-0.003631	3.1978e-07	-3.197e-07	0.0043902	1.03022e-08	-0.0043884	3.1922e-07	-3.1932e-07	0.0050806	9.8671e-09	-0.0050808	3.1918e-07	-3.1928e-07	0.005703	9.4592e-09	-0.0057028	3.193e-07	-3.1934e-07	0.0062606	9.0769e-09	-0.0062602	3.192e-07	-3.1936e-07	0.0067558	8.7256e-09	-0.0067542	3.1912e-07	-3.1926e-07	0.0071916	8.4113e-09	-0.007192	3.1976e-07	-3.1982e-07
0.545	-0.000100252	1.37332e-08	0.00010154	3.208e-07	-3.2074e-07	0.00096046	1.30536e-08	-0.00096184	3.2064e-07	-3.2068e-07	0.0019544	1.24358e-08	-0.0019544	3.1984e-07	-3.1984e-07	0.0028832	1.18452e-08	-0.0028808	3.206e-07	-3.2056e-07	0.0037414	1.12712e-08	-0.0037388	3.1968e-07	-3.1976e-07	0.0045294	1.07593e-08	-0.0045282	3.1924e-07	-3.1938e-07	0.0052492	1.03012e-08	-0.0052496	3.1916e-07	-3.1928e-07	0.005899	9.8632e-09	-0.0059016	3.192e-07	-3.1932e-07	0.0064876	9.4717e-09	-0.0064876	3.1914e-07	-3.1932e-07	0.0070104	9.1078e-09	-0.0070088	3.192e-07	-3.1924e-07	0.0074748	8.7613e-09	-0.0074726	3.1976e-07	-3.1988e-07
0.55	-0.000102616	1.4341e-08	0.000103902	3.208e-07	-3.2074e-07	0.00098414	1.36496e-08	-0.0009834	3.207e-07	-3.2076e-07	0.0020044	1.29852e-08	-0.0020056	3.1978e-07	-3.1978e-07	0.0029612	1.23604e-08	-0.0029612	3.2056e-07	-3.206e-07	0.0038484	1.17992e-08	-0.0038468	3.1978e-07	-3.1978e-07	0.0046616	1.1228e-08	-0.0046626	3.1932e-07	-3.193e-07	0.0054126	1.07442e-08	-0.0054124	3.1862e-07	-3.1924e-07	0.0060924	1.02967e-08	-0.0060934	3.1918e-07	-3.193e-07	0.0067096	9.8689e-09	-0.0067102	3.1928e-07	-3.1932e-07	0.007261	9.4983e-09	-0.007261	3.1906e-07	-3.1924e-07	0.0077528	9.1352e-09	-0.007752	3.1972e-07	-3.1982e-07
0.555	-0.000104828	1.49598e-08	0.00010565	3.2084e-07	-3.2078e-07	0.00100808	1.42344e-08	-0.00100838	3.206e-07	-3.207e-07	0.0020558	1.35546e-08	-0.0020534	3.1976e-07	-3.1982e-07	0.0030374	1.29238e-08	-0.0030362	3.2068e-07	-3.2064e-07	0.0039544	1.23208e-08	-0.0039506	3.198e-07	-3.1986e-07	0.004799	1.17692e-08	-0.0047984	3.1932e-07	-3.193e-07	0.0055776	1.12208e-08	-0.0055762	3.192e-07	-3.1926e-07	0.0062872	1.07402e-08	-0.006287	3.193e-07	-3.1926e-07	0.0069332	1.03051e-08	-0.0069316	3.192e-07	-3.1926e-07	0.0075118	9.8986e-09	-0.007512	3.1912e-07	-3.1868e-07	0.0080304	9.5253e-09	-0.0080296	3.1966e-07	-3.1922e-07
0.56	-0.00010674	1.56086e-08	0.000108188	3.208e-07	-3.2078e-07	0.00102974	1.48706e-08	-0.00102944	3.2068e-07	-3.207e-07	0.0021026	1.41402e-08	-0.0021034	3.198e-07	-3.198e-07	0.0031096	1.34692e-08	-0.003113	3.206e-07	-3.2062e-07	0.004057	1.28546e-08	-0.0040554	3.1912e-07	-3.1916e-07	0.004929	1.22644e-08	-0.0049276	3.1926e-07	-3.1946e-07	0.0057378	1.17378e-08	-0.0057368	3.1922e-07	-3.1928e-07	0.0064762	1.12023e-08	-0.0064742	3.192e-07	-3.1936e-07	0.0071512	1.07448e-08	-0.007148	3.1928e-07	-3.1936e-07	0.0077596	1.03205e-08	-0.007756	3.192e-07	-3.193e-07	0.0083056	9.9119e-09	-0.0083022	3.1972e-07	-3.1988e-07
0.565	-0.000109132	1.63094e-08	0.00011036	3.208e-07	-3.2086e-07	0.001053	1.54678e-08	-0.0010532	3.207e-07	-3.2078e-07	0.0021502	1.47686e-08	-0.0021496	3.198e-07	-3.199e-07	0.003187	1.4059e-08	-0.0031858	3.2062e-07	-3.2062e-07	0.0041574	1.34108e-08	-0.0041572	3.1974e-07	-3.1976e-07	0.0050596	1.28002e-08	-0.0050598	3.1924e-07	-3.1936e-07	0.0058964	1.22434e-08	-0.0058946	3.192e-07	-3.1922e-07	0.0066628	1.17242e-08	-0.0066614	3.1926e-07	-3.1924e-07	0.0073662	1.12019e-08	-0.0073676	3.192e-07	-3.193e-07	0.0080052	1.07548e-08	-0.0080018	3.1914e-07	-3.1872e-07	0.0085798	1.03399e-08	-0.0085784	3.1978e-07	-3.199e-07
0.57	-0.000111346	1.70012e-08	0.000112592	3.208e-07	-3.2076e-07	0.0010722	1.62156e-08	-0.00107306	3.2102e-07	-3.2098e-07	0.002198	1.53956e-08	-0.0021974	3.1974e-07	-3.1914e-07	0.0032592	1.46792e-08	-0.0032588	3.2062e-07	-3.2066e-07	0.004256	1.39934e-08	-0.004256	3.1974e-07	-3.1934e-07	0.0051854	1.33528e-08	-0.0051848	3.1934e-07	-3.194e-07	0.0060502	1.27638e-08	-0.0060516	3.1918e-07	-3.1926e-07	0.0068464	1.22178e-08	-0.006848	3.1932e-07	-3.1934e-07	0.0075816	1.17146e-08	-0.0075794	3.1924e-07	-3.1934e-07	0.0082454	1.12114e-08	-0.0082452	3.1918e-07	-3.1936e-07	0.008849	1.07685e-08	-0.0088474	3.1968e-07	-3.1984e-07
0.575	-0.000113354	1.77472e-08	0.00011481	3.2092e-07	-3.2082e-07	0.00109516	1.69124e-08	-0.00109422	3.2062e-07	-3.2072e-07	0.0022436	1.6071e-08	-0.0022422	3.1982e-07	-3.1978e-07	0.0033298	1.53126e-08	-0.00333	3.2064e-07	-3.2072e-07	0.0043534	1.46018e-08	-0.0043534	3.1982e-07	-3.1976e-07	0.0053098	1.39284e-08	-0.0053124	3.193e-07	-3.1936e-07	0.0062068	1.33194e-08	-0.0062042	3.1924e-07	-3.1916e-07	0.0070294	1.27386e-08	-0.0070302	3.1926e-07	-3.194e-07	0.0077918	1.22112e-08	-0.0077924	3.1926e-07	-3.1932e-07	0.0084892	1.1713e-08	-0.0084866	3.1924e-07	-3.1944e-07	0.0091184	1.12298e-08	-0.0091172	3.1974e-07	-3.1978e-07
0.58	-0.000115016	1.85254e-08	0.000115008	3.2084e-07	-3.2076e-07	0.00111472	1.75586e-08	-0.00111748	3.2062e-07	-3.2054e-07	0.002288	1.67698e-08	-0.0022852	3.196e-07	-3.1976e-07	0.0034	1.59622e-08	-0.0033998	3.2062e-07	-3.2058e-07	0.0044502	1.52356e-08	-0.0044486	3.1984e-07	-3.198e-07	0.0054322	1.45294e-08	-0.0054318	3.1936e-07	-3.1934e-07	0.0063522	1.38824e-08	-0.0063528	3.1912e-07	-3.193e-07	0.0072054	1.32858e-08	-0.0072056	3.1922e-07	-3.1932e-07	0.0079982	1.27172e-08	-0.0079978	3.1926e-07	-3.194e-07	0.0087222	1.21992e-08	-0.0087226	3.192e-07	-3.1938e-07	0.0093822	1.17158e-08	-0.0093826	3.1974e-07	-3.199e-07
0.585	-0.00011502	1.935e-08	0.00011908	3.2082e-07	-3.2074e-07	0.00113586	1.84184e-08	-0.00113478	3.2068e-07	-3.208e-07	0.0023308	1.74998e-08	-0.0023292	3.1972e-07	-3.1982e-07	0.0034688	1.66668e-08	-0.0034658	3.2062e-07	-3.206e-07	0.004543	1.58852e-08	-0.0045434	3.197e-07	-3.198e-07	0.005553	1.5162e-08	-0.0055532	3.1938e-07	-3.193e-07	0.0064992	1.44802e-08	-0.0065002	3.185e-07	-3.1864e-07	0.0073842	1.38534e-08	-0.0073836	3.1866e-07	-3.187e-07	0.0082016	1.3254e-08	-0.0082022	3.193e-07	-3.194e-07	0.0089594	1.27178e-08	-0.0089554	3.192e-07	-3.1928e-07	0.0096458	1.22032e-08	-0.0096448	3.1976e-07	-3.1986e-07
0.59	-0.00012294	2.0163e-08	0.0001216	3.2078e-07	-3.207e-07	0.00115008	1.92128e-08	-0.00114976	3.206e-07	-3.2084e-07	0.0023726	1.8251e-08	-0.0023726	3.1976e-07	-3.1978e-07	0.003533	1.73822e-08	-0.0035332	3.206e-07	-3.2058e-07	0.0046332	1.65578e-08	-0.0046324	3.198e-07	-3.1988e-07	0.0056702	1.58068e-08	-0.0056702	3.193e-07	-3.193e-07	0.006646	1.50964e-08	-0.006645	3.1926e-07	-3.1866e-07	0.007555	1.44312e-08	-0.007553	3.1916e-07	-3.1928e-07	0.0084038	1.38154e-08	-0.0084014	3.193e-07	-3.1932e-07	0.0091848	1.3245e-08	-0.0091818	3.1924e-07	-3.1928e-07	0.0099014	1.27056e-08	-0.0099004	3.1976e-07	-3.198e-07
0.595	-0.0001215	2.10508e-08	0.0001241	3.2084e-07	-3.2076e-07	0.0011724	2.004e-08	-0.0011746	3.2072e-07	-3.2066e-07	0.0024134	1.90494e-08	-0.002414	3.198e-07	-3.1976e-07	0.0035972	1.813e-08	-0.0036008	3.2056e-07	-3.2058e-07	0.0047242	1.728e-08	-0.0047242	3.1978e-07	-3.1978e-07	0.0057886	1.6476e-08	-0.005788	3.1926e-07	-3.193e-07	0.0067872	1.57436e-08	-0.0067866	3.192e-07	-3.1922e-07	0.0077256	1.50482e-08	-0.0077262	3.193e-07	-3.193e-07	0.0086008	1.43992e-08	-0.008599	3.193e-07	-3.1936e-07	0.0094114	1.38076e-08	-0.0094096	3.1928e-07	-3.193e-07	0.0101566	1.32408e-08	-0.0101582	3.1976e-07	-3.1986e-07
0.6	-0.00012574	2.1944e-08	0.00012594	3.208e-07	-3.2074e-07	0.0011944	2.08354e-08	-0.0011928	3.2072e-07	-3.2076e-07	0.0024536	1.98536e-08	-0.0024534	3.198e-07	-3.1978e-07	0.0036626	1.8901e-08	-0.0036626	3.2058e-07	-3.206e-07	0.0048112	1.80114e-08	-0.0048118	3.1976e-07	-3.1978e-07	0.0058992	1.71864e-08	-0.0058972	3.1926e-07	-3.193e-07	0.0069246	1.64086e-08	-0.0069248	3.1914e-07	-3.1934e-07	0.0078864	1.5684e-08	-0.0078886	3.1932e-07	-3.1938e-07	0.0087904	1.5006e-08	-0.0087928	3.1924e-07	-3.1934e-07	0.0096294	1.4378e-08	-0.009628	3.1924e-07	-3.1934e-07	0.010404	1.37824e-08	-0.0104046	3.1902e-07	-3.192e-07
0.605	-0.0001274	2.29186e-08	0.00012714	3.208e-07	-3.2082e-07	0.0012124	2.18024e-08	-0.0012102	3.2064e-07	-3.2058e-07	0.0024948	2.07166e-08	-0.002493	3.198e-07	-3.1988e-07	0.0037252	1.9727e-08	-0.0037236	3.2068e-07	-3.2064e-07	0.0048978	1.87972e-08	-0.004898	3.1978e-07	-3.1988e-07	0.006008	1.79258e-08	-0.006009	3.1924e-07	-3.193e-07	0.0070644	1.71144e-08	-0.0070604	3.192e-07	-3.1924e-07	0.0080528	1.63474e-08	-0.0080508	3.193e-07	-3.1936e-07	0.0089828	1.56414e-08	-0.0089832	3.1926e-07	-3.1944e-07	0.009848	1.49798e-08	-0.0098456	3.1924e-07	-3.1928e-07	0.0106512	1.43614e-08	-0.0106496	3.1906e-07	-3.1916e-07
0.61	-0.00012882	2.38928e-08	0.00012812	3.208e-07	-3.2082e-07	0.0012298	2.273e-08	-0.001229	3.2072e-07	-3.2082e-07	0.0025336	2.15988e-08	-0.0025306	3.198e-07	-3.1974e-07	0.0037836	2.05624e-08	-0.0037838	3.2062e-07	-3.2064e-07	0.00498	1.95954e-08	-0.0049792	3.198e-07	-3.1984e-07	0.0061166	1.86714e-08	-0.0061148	3.1928e-07	-3.193e-07	0.0071922	1.78276e-08	-0.0071944	3.1918e-07	-3.1924e-07	0.0082086	1.70326e-08	-0.0082098	3.193e-07	-3.1936e-07	0.009169	1.62856e-08	-0.009165	3.1936e-07	-3.1942e-07	0.0100592	1.5603e-08	-0.0100604	3.192e-07	-3.1928e-07	0.0108896	1.49502e-08	-0.0108898	3.1978e-07	-3.1984e-07
0.615	-0.00013088	2.49298e-08	0.00013148	3.2078e-07	-3.2076e-07	0.0012472	2.36662e-08	-0.0012468	3.2064e-07	-3.2066e-07	0.00257	2.25406e-08	-0.0025712	3.1978e-07	-3.1978e-07	0.0038436	2.1454e-08	-0.0038436	3.206e-07	-3.2062e-07	0.0050618	2.04216e-08	-0.005062	3.1924e-07	-3.1984e-07	0.006222	1.9488e-08	-0.0062232	3.1928e-07	-3.1928e-07	0.0073268	1.8585e-08	-0.0073242	3.192e-07	-3.1932e-07	0.008366	1.77656e-08	-0.0083674	3.193e-07	-3.1942e-07	0.0093492	1.69806e-08	-0.009351	3.1928e-07	-3.1942e-07	0.0102716	1.62612e-08	-0.0102694	3.1918e-07	-3.1932e-07	0.0111288	1.55724e-08	-0.0111288	3.194e-07	-3.1918e-07
0.62	-0.00013494	2.59854e-08	0.0001325	3.208e-07	-3.2082e-07	0.0012636	2.47192e-08	-0.0012632	3.2058e-07	-3.2062e-07	0.0026078	2.34974e-08	-0.002607	3.198e-07	-3.1978e-07	0.003902	2.237e-08	-0.0038988	3.206e-07	-3.2064e-07	0.0051406	2.1298e-08	-0.0051412	3.1978e-07	-3.1984e-07	0.0063236	2.03042e-08	-0.0063248	3.1928e-07	-3.193e-07	0.0074504	1.93772e-08	-0.0074502	3.1918e-07	-3.1916e-07	0.0085166	1.85088e-08	-0.0085166	3.1924e-07	-3.194e-07	0.0095268	1.76916e-08	-0.0095266	3.1926e-07	-3.194e-07	0.0104742	1.69268e-08	-0.010472	3.1916e-07	-3.1924e-07	0.0113596	1.6208e-08	-0.0113602	3.1976e-07	-3.1988e-07
0.625	-0.00013208	2.71306e-08	0.00013622	3.208e-07	-3.2082e-07	0.0012792	2.58168e-08	-0.0012784	3.2068e-07	-3.2072e-07	0.002642	2.45212e-08	-0.002642	3.1978e-07	-3.1982e-07	0.0039578	2.33264e-08	-0.0039566	3.2062e-07	-3.2058e-07	0.0052206	2.2223e-08	-0.00522	3.1978e-07	-3.1984e-07	0.0064264	2.11706e-08	-0.0064248	3.1926e-07	-3.1928e-07	0.0075758	2.02054e-08	-0.007576	3.1918e-07	-3.1926e-07	0.0086676	1.9289e-08	-0.0086666	3.1928e-07	-3.1942e-07	0.0097028	1.84322e-08	-0.0097014	3.1928e-07	-3.1932e-07	0.0106774	1.76402e-08	-0.0106758	3.1922e-07	-3.193e-07	0.01163	1.68822e-08	-0.011594	3.1976e-07	-3.1984e-07
0.63	-0.00013512	2.82984e-08	0.00013548	3.2088e-07	-3.2078e-07	0.0012948	2.68748e-08	-0.0012956	3.2062e-07	-3.2058e-07	0.0026786	2.557e-08	-0.002679	3.198e-07	-3.1982e-07	0.0040132	2.43184e-08	-0.0040106	3.2062e-07	-3.2058e-07	0.0052952	2.31712e-08	-0.0052942	3.198e-07	-3.1994e-07	0.0065204	2.20678e-08	-0.0065224	3.1936e-07	-3.1938e-07	0.0076958	2.10476e-08	-0.0076954	3.192e-07	-3.1928e-07	0.0088122	2.01028e-08	-0.00881	3.193e-07	-3.1934e-07	0.0098728	1.9203e-08	-0.0098726	3.193e-07	-3.194e-07	0.0108718	1.83706e-08	-0.0108714	3.1922e-07	-3.1938e-07	0.01185	1.75784e-08	-0.01182	3.1972e-07	-3.1924e-07
0.635	-0.00013652	2.95214e-08	0.00013738	3.208e-07	-3.2078e-07	0.0013122	2.80512e-08	-0.001312	3.2094e-07	-3.2104e-07	0.0027102	2.66728e-08	-0.0027124	3.1924e-07	-3.19e-07	0.0040654	2.53864e-08	-0.0040654	3.2062e-07	-3.2066e-07	0.00537	2.41716e-08	-0.0053694	3.1914e-07	-3.1982e-07	0.006617	2.30246e-08	-0.0066182	3.1944e-07	-3.194e-07	0.007815	2.19682e-08	-0.007815	3.192e-07	-3.1928e-07	0.0089534	2.0952e-08	-0.0089524	3.1932e-07	-3.1868e-07	0.0100432	2.00224e-08	-0.0100418	3.1926e-07	-3.1932e-07	0.0110648	1.914e-08	-0.0110632	3.1926e-07	-3.1934e-07	0.012072	1.831e-08	-0.01204	3.1914e-07	-3.1986e-07
0.64	-0.00013928	3.07896e-08	0.00013926	3.2078e-07	-3.2078e-07	0.0013274	2.92936e-08	-0.0013266	3.2066e-07	-3.2052e-07	0.0027432	2.78216e-08	-0.0027452	3.1978e-07	-3.1978e-07	0.0041166	2.64538e-08	-0.004115	3.206e-07	-3.2054e-07	0.0054416	2.51814e-08	-0.00544	3.1986e-07	-3.1978e-07	0.0067126	2.39928e-08	-0.00671	3.194e-07	-3.1934e-07	0.0079292	2.28812e-08	-0.0079304	3.1922e-07	-3.192e-07	0.0090928	2.18346e-08	-0.009093	3.1932e-07	-3.192e-07	0.0102022	2.08468e-08	-0.0102024	3.1926e-07	-3.194e-07	0.0112524	1.99362e-08	-0.01125	3.1924e-07	-3.1922e-07	0.012282	1.90688e-08	-0.012246	3.198e-07	-3.1924e-07
0.645	-0.000141	3.21428e-08	0.00014236	3.208e-07	-3.2078e-07	0.0013428	3.05338e-08	-0.0013412	3.207e-07	-3.207e-07	0.0027754	2.90354e-08	-0.0027776	3.1978e-07	-3.1982e-07	0.0041688	2.75938e-08	-0.0041654	3.206e-07	-3.2064e-07	0.0055116	2.6273e-08	-0.0055096	3.1982e-07	-3.1982e-07	0.0068018	2.50292e-08	-0.0068044	3.1932e-07	-3.194e-07	0.0080448	2.38576e-08	-0.0080426	3.1912e-07	-3.1926e-07	0.0092296	2.27536e-08	-0.0092274	3.1926e-07	-3.194e-07	0.0103628	2.17284e-08	-0.010363	3.1928e-07	-3.1936e-07	0.0114382	2.07744e-08	-0.0114356	3.1868e-07	-3.194e-07	0.012492	1.98664e-08	-0.012464	3.1978e-07	-3.1992e-07
0.65	-0.00014328	3.3518e-08	0.00014294	3.2086e-07	-3.2078e-07	0.0013552	3.18324e-08	-0.0013578	3.2074e-07	-3.2078e-07	0.0028086	3.0266e-08	-0.002807	3.1978e-07	-3.1976e-07	0.004216	2.87858e-08	-0.0042156	3.2064e-07	-3.2064e-07	0.0055806	2.73922e-08	-0.0055802	3.197e-07	-3.1976e-07	0.0068918	2.60808e-08	-0.0068912	3.1934e-07	-3.1938e-07	0.0081546	2.48558e-08	-0.0081548	3.1914e-07	-3.1918e-07	0.0093606	2.3716e-08	-0.0093606	3.1932e-07	-3.1936e-07	0.0105186	2.26406e-08	-0.0105176	3.1938e-07	-3.1936e-07	0.01165	2.16366e-08	-0.011622	3.1864e-07	-3.193e-07	0.012696	2.06848e-08	-0.012666	3.1978e-07	-3.1982e-07
0.655	-0.00014548	3.49684e-08	0.00014554	3.2078e-07	-3.208e-07	0.001371	3.32312e-08	-0.0013668	3.2068e-07	-3.2048e-07	0.0028384	3.1562e-08	-0.0028388	3.1984e-07	-3.198e-07	0.0042662	3.00126e-08	-0.0042668	3.2064e-07	-3.206e-07	0.0056448	2.85498e-08	-0.0056474	3.1984e-07	-3.198e-07	0.0069774	2.71858e-08	-0.0069768	3.193e-07	-3.1934e-07	0.0082612	2.59128e-08	-0.0082612	3.192e-07	-3.1922e-07	0.0094908	2.47148e-08	-0.0094898	3.193e-07	-3.1952e-07	0.0106696	2.35832e-08	-0.0106678	3.1932e-07	-3.1936e-07	0.011828	2.25306e-08	-0.011798	3.193e-07	-3.1942e-07	0.012896	2.1529e-08	-0.012866	3.1972e-07	-3.1996e-07
0.66	-0.00014636	3.65002e-08	0.00014526	3.2078e-07	-3.2078e-07	0.001383	3.468e-08	-0.0013828	3.2078e-07	-3.2082e-07	0.0028678	3.29468e-08	-0.0028682	3.1986e-07	-3.1976e-07	0.0043116	3.13038e-08	-0.0043136	3.206e-07	-3.2066e-07	0.0057132	2.97928e-08	-0.005712	3.1972e-07	-3.1984e-07	0.0070624	2.83536e-08	-0.007063	3.1936e-07	-3.1932e-07	0.0083638	2.70072e-08	-0.0083632	3.192e-07	-3.1928e-07	0.0096172	2.57604e-08	-0.0096158	3.193e-07	-3.1942e-07	0.0108206	2.45852e-08	-0.0108194	3.1936e-07	-3.1936e-07	0.012	2.34854e-08	-0.011972	3.1932e-07	-3.1934e-07	0.013096	2.2429e-08	-0.01306	3.1972e-07	-3.1978e-07
0.665	-0.00014662	3.8079e-08	0.00014682	3.2114e-07	-3.209e-07	0.0013966	3.61434e-08	-0.0013976	3.206e-07	-3.2068e-07	0.0028998	3.43522e-08	-0.002898	3.198e-07	-3.1978e-07	0.004359	3.26436e-08	-0.0043578	3.2064e-07	-3.2062e-07	0.0057764	3.10518e-08	-0.0057766	3.198e-07	-3.1984e-07	0.0071456	2.95628e-08	-0.007144	3.187e-07	-3.1944e-07	0.0084652	2.81486e-08	-0.0084674	3.1916e-07	-3.193e-07	0.009739	2.6846e-08	-0.0097364	3.1938e-07	-3.1936e-07	0.0109604	2.56096e-08	-0.010963	3.193e-07	-3.194e-07	0.012166	2.4461e-08	-0.012136	3.193e-07	-3.1936e-07	0.013288	2.33538e-08	-0.013252	3.1976e-07	-3.1992e-07
0.67	-0.00014742	3.97522e-08	0.00014788	3.2082e-07	-3.2078e-07	0.0014118	3.77394e-08	-0.0014094	3.2068e-07	-3.206e-07	0.0029298	3.58516e-08	-0.0029256	3.197e-07	-3.1984e-07	0.0044042	3.4071e-08	-0.0044028	3.2052e-07	-3.2054e-07	0.0058382	3.24074e-08	-0.0058386	3.1984e-07	-3.1984e-07	0.0072262	3.0839e-08	-0.0072246	3.1946e-07	-3.1942e-07	0.0085668	2.93624e-08	-0.0085664	3.1918e-07	-3.1922e-07	0.0098598	2.79886e-08	-0.0098596	3.1932e-07	-3.1942e-07	0.0111054	2.67044e-08	-0.0111062	3.1934e-07	-3.1936e-07	0.012336	2.54872e-08	-0.012302	3.1868e-07	-3.194e-07	0.013474	2.43352e-08	-0.013444	3.1914e-07	-3.199e-07
0.675	-0.00014718	4.1494e-08	0.0001503	3.2084e-07	-3.208e-07	0.0014256	3.93922e-08	-0.0014198	3.207e-07	-3.2076e-07	0.0029562	3.74066e-08	-0.0029518	3.198e-07	-3.198e-07	0.0044452	3.55162e-08	-0.0044464	3.2052e-07	-3.2058e-07	0.0058998	3.37912e-08	-0.005897	3.1976e-07	-3.1984e-07	0.0073038	3.21486e-08	-0.007305	3.1942e-07	-3.194e-07	0.0086636	3.06022e-08	-0.0086618	3.1926e-07	-3.1916e-07	0.0099774	2.9173e-08	-0.0099744	3.1942e-07	-3.194e-07	0.011245	2.78188e-08	-0.0112424	3.1932e-07	-3.1936e-07	0.012492	2.654e-08	-0.012464	3.1926e-07	-3.1938e-07	0.013654	2.53428e-08	-0.013628	3.1974e-07	-3.1984e-07
0.68	-0.0001505	4.33088e-08	0.00014956	3.2074e-07	-3.2076e-07	0.0014358	4.11022e-08	-0.0014344	3.2068e-07	-3.2052e-07	0.0029808	3.90392e-08	-0.0029816	3.1986e-07	-3.1976e-07	0.0044888	3.70752e-08	-0.0044886	3.206e-07	-3.2066e-07	0.0059568	3.52586e-08	-0.0059586	3.1974e-07	-3.1978e-07	0.0073812	3.35364e-08	-0.0073794	3.1932e-07	-3.1932e-07	0.0087604	3.19158e-08	-0.0087582	3.1924e-07	-3.193e-07	0.010094	3.04236e-08	-0.0100918	3.1926e-07	-3.1932e-07	0.0113788	2.8995e-08	-0.011378	3.1938e-07	-3.194e-07	0.012654	2.76802e-08	-0.01262	3.1926e-07	-3.1928e-07	0.013838	2.64084e-08	-0.013808	3.198e-07	-3.1988e-07
0.685	-0.00015528	4.5193e-08	0.00015178	3.208e-07	-3.208e-07	0.001447	4.2885e-08	-0.001447	3.2074e-07	-3.206e-07	0.0030092	4.07246e-08	-0.003009	3.1986e-07	-3.1982e-07	0.0045312	3.86692e-08	-0.0045322	3.206e-07	-3.2054e-07	0.0060176	3.67778e-08	-0.006016	3.1986e-07	-3.1994e-07	0.0074542	3.49756e-08	-0.007457	3.1936e-07	-3.195e-07	0.0088496	3.3277e-08	-0.0088514	3.1928e-07	-3.1934e-07	0.0102008	3.16992e-08	-0.010204	3.1932e-07	-3.1936e-07	0.0115008	3.02154e-08	-0.011518	3.1934e-07	-3.1954e-07	0.012806	2.88364e-08	-0.012772	3.1926e-07	-3.1942e-07	0.014008	2.74982e-08	-0.01398	3.1984e-07	-3.1982e-07
0.69	-0.0001553	4.72118e-08	0.00015388	3.208e-07	-3.2082e-07	0.0014584	4.48014e-08	-0.0014616	3.2068e-07	-3.2072e-07	0.0030362	4.25022e-08	-0.0030328	3.1974e-07	-3.1976e-07	0.004573	4.0369e-08	-0.0045686	3.2062e-07	-3.207e-07	0.0060736	3.83662e-08	-0.0060702	3.1984e-07	-3.1988e-07	0.0075272	3.64884e-08	-0.0075272	3.1936e-07	-3.1872e-07	0.0089436	3.471e-08	-0.0089424	3.1924e-07	-3.1922e-07	0.010314	3.30538e-08	-0.0103126	3.1936e-07	-3.1938e-07	0.01168	3.15112e-08	-0.01165	3.1938e-07	-3.1948e-07	0.012952	3.00492e-08	-0.012924	3.1932e-07	-3.1936e-07	0.01418	2.86646e-08	-0.014152	3.1974e-07	-3.199e-07
0.695	-0.000153	4.9267e-08	0.00015432	3.2078e-07	-3.2072e-07	0.0014708	4.67448e-08	-0.0014688	3.2068e-07	-3.2094e-07	0.0030574	4.43566e-08	-0.0030584	3.1984e-07	-3.1986e-07	0.00461	4.21098e-08	-0.0046116	3.2056e-07	-3.2054e-07	0.006125	4.0023e-08	-0.0061252	3.1984e-07	-3.199e-07	0.0075992	3.80528e-08	-0.0075988	3.1948e-07	-3.1942e-07	0.0090312	3.6192e-08	-0.0090292	3.1918e-07	-3.1928e-07	0.010417	3.44704e-08	-0.0104172	3.1932e-07	-3.194e-07	0.011802	3.28516e-08	-0.011768	3.1934e-07	-3.1936e-07	0.013098	3.13102e-08	-0.013066	3.1926e-07	-3.1932e-07	0.01435	2.98676e-08	-0.01432	3.1978e-07	-3.1992e-07
0.7	-0.00015498	5.1468e-08	0.0001555	3.2076e-07	-3.2086e-07	0.0014824	4.8794e-08	-0.0014824	3.2072e-07	-3.207e-07	0.003083	4.63094e-08	-0.0030818	3.1978e-07	-3.1974e-07	0.0046484	4.39652e-08	-0.0046498	3.2048e-07	-3.2062e-07	0.0061806	4.1769e-08	-0.0061814	3.194e-07	-3.1988e-07	0.007669	3.9712e-08	-0.0076692	3.1926e-07	-3.1878e-07	0.0091192	3.77584e-08	-0.0091162	3.1918e-07	-3.1924e-07	0.0105218	3.59552e-08	-0.0105232	3.1932e-07	-3.1942e-07	0.011928	3.42468e-08	-0.011898	3.1934e-07	-3.1936e-07	0.013242	3.26618e-08	-0.013208	3.1922e-07	-3.1942e-07	0.01451	3.11326e-08	-0.014476	3.1978e-07	-3.199e-07
0.705	-0.0001555	5.37372e-08	0.00015828	3.208e-07	-3.2082e-07	0.001494	5.0963e-08	-0.0014924	3.2064e-07	-3.2068e-07	0.0031072	4.83298e-08	-0.0031082	3.1974e-07	-3.1978e-07	0.004688	4.5859e-08	-0.0046872	3.2068e-07	-3.2066e-07	0.0062312	4.35702e-08	-0.0062298	3.199e-07	-3.1976e-07	0.007734	4.1408e-08	-0.0077344	3.1936e-07	-3.1942e-07	0.0091996	3.9374e-08	-0.0092014	3.192e-07	-3.1924e-07	0.0106234	3.74698e-08	-0.0106228	3.1874e-07	-3.1876e-07	0.012048	3.56974e-08	-0.012014	3.1936e-07	-3.1936e-07	0.01338	3.40292e-08	-0.01335	3.1926e-07	-3.1942e-07	0.014668	3.2422e-08	-0.014638	3.1974e-07	-3.1988e-07
0.71	-0.00015556	5.6146e-08	0.00015738	3.2082e-07	-3.2082e-07	0.0015034	5.32422e-08	-0.001503	3.2068e-07	-3.2064e-07	0.0031324	5.0473e-08	-0.0031282	3.198e-07	-3.1982e-07	0.0047242	4.7892e-08	-0.004725	3.2058e-07	-3.2058e-07	0.0062856	4.54882e-08	-0.0062834	3.1986e-07	-3.1986e-07	0.007803	4.3224e-08	-0.0078044	3.1932e-07	-3.1936e-07	0.0092826	4.10858e-08	-0.0092806	3.192e-07	-3.1924e-07	0.010724	3.9114e-08	-0.0107222	3.1938e-07	-3.1936e-07	0.012164	3.72218e-08	-0.012134	3.1934e-07	-3.1942e-07	0.013518	3.549e-08	-0.013484	3.1932e-07	-3.1948e-07	0.014826	3.38136e-08	-0.01479	3.1918e-07	-3.198e-07
0.715	-0.0001585	5.86186e-08	0.00015656	3.208e-07	-3.2076e-07	0.0015176	5.55586e-08	-0.001515	3.2072e-07	-3.2066e-07	0.0031532	5.26952e-08	-0.0031516	3.198e-07	-3.199e-07	0.0047586	4.99826e-08	-0.004759	3.206e-07	-3.2062e-07	0.006333	4.74552e-08	-0.0063324	3.198e-07	-3.1918e-07	0.0078658	4.509e-08	-0.007864	3.1934e-07	-3.1942e-07	0.009361	4.28502e-08	-0.0093622	3.1918e-07	-3.1924e-07	0.01082	4.07838e-08	-0.0108154	3.1936e-07	-3.194e-07	0.012274	3.88206e-08	-0.012244	3.193e-07	-3.1934e-07	0.013644	3.69696e-08	-0.013614	3.1932e-07	-3.194e-07	0.014978	3.52628e-08	-0.014944	3.1984e-07	-3.1996e-07
0.72	-0.0001594	6.1263e-08	0.0001594	3.2078e-07	-3.2108e-07	0.0015242	5.80432e-08	-0.001524	3.2064e-07	-3.2062e-07	0.0031746	5.50432e-08	-0.0031756	3.1984e-07	-3.1982e-07	0.0047954	5.2196e-08	-0.0047958	3.2064e-07	-3.2066e-07	0.006381	4.95658e-08	-0.0063792	3.1984e-07	-3.199e-07	0.0079286	4.70638e-08	-0.007931	3.193e-07	-3.1936e-07	0.0094404	4.47254e-08	-0.00944	3.1916e-07	-3.193e-07	0.0109122	4.25386e-08	-0.010911	3.1936e-07	-3.1936e-07	0.012386	4.04944e-08	-0.012358	3.1932e-07	-3.194e-07	0.013774	3.8549e-08	-0.013744	3.1928e-07	-3.1946e-07	0.015126	3.6752e-08	-0.01509	3.198e-07	-3.199e-07
0.725	-0.00016094	6.39906e-08	0.00016042	3.2112e-07	-3.2078e-07	0.0015374	6.06322e-08	-0.001535	3.2068e-07	-3.207e-07	0.0031982	5.74788e-08	-0.0031982	3.1984e-07	-3.1982e-07	0.0048296	5.45002e-08	-0.0048284	3.2062e-07	-3.2066e-07	0.0064248	5.17414e-08	-0.0064272	3.198e-07	-3.1986e-07	0.0079912	4.91258e-08	-0.007987	3.1932e-07	-3.1942e-07	0.0095156	4.66612e-08	-0.009517	3.1926e-07	-3.1926e-07	0.0110028	4.43726e-08	-0.0110014	3.1928e-07	-3.1934e-07	0.012492	4.22154e-08	-0.012468	3.1938e-07	-3.1936e-07	0.013898	4.01792e-08	-0.013866	3.1932e-07	-3.1942e-07	0.015268	3.82992e-08	-0.015234	3.1912e-07	-3.1994e-07
0.73	-0.00016056	6.68836e-08	0.00016064	3.2084e-07	-3.2076e-07	0.0015436	6.33492e-08	-0.0015446	3.207e-07	-3.2062e-07	0.0032184	6.005e-08	-0.0032152	3.198e-07	-3.1984e-07	0.00486	5.69414e-08	-0.0048624	3.2074e-07	-3.2066e-07	0.0064746	5.40262e-08	-0.0064746	3.1986e-07	-3.1982e-07	0.0080508	5.12962e-08	-0.0080486	3.1934e-07	-3.1942e-07	0.0095914	4.87078e-08	-0.0095916	3.1918e-07	-3.1924e-07	0.0110958	4.63144e-08	-0.0110938	3.1936e-07	-3.1936e-07	0.012602	4.40606e-08	-0.012566	3.1932e-07	-3.1884e-07	0.014024	4.19204e-08	-0.013992	3.193e-07	-3.1946e-07	0.015404	3.99576e-08	-0.015376	3.1918e-07	-3.1924e-07
0.735	-0.00016224	6.98888e-08	0.00016154	3.2074e-07	-3.208e-07	0.0015526	6.61876e-08	-0.001552	3.2062e-07	-3.2072e-07	0.0032366	6.272e-08	-0.003238	3.1972e-07	-3.1984e-07	0.0048926	5.94432e-08	-0.0048912	3.2048e-07	-3.2058e-07	0.0065186	5.6402e-08	-0.006518	3.198e-07	-3.1984e-07	0.0081072	5.35344e-08	-0.0081056	3.193e-07	-3.194e-07	0.009664	5.08264e-08	-0.0096614	3.1924e-07	-3.1924e-07	0.0111794	4.82984e-08	-0.0111772	3.1934e-07	-3.1938e-07	0.012706	4.59446e-08	-0.01267	3.1922e-07	-3.1936e-07	0.014146	4.3698e-08	-0.014116	3.1944e-07	-3.1948e-07	0.015542	4.16358e-08	-0.015516	3.1982e-07	-3.199e-07
0.74	-0.00016366	7.3092e-08	0.00016338	3.2082e-07	-3.2074e-07	0.0015636	6.91872e-08	-0.0015614	3.2068e-07	-3.2064e-07	0.0032608	6.55486e-08	-0.0032616	3.1924e-07	-3.1912e-07	0.0049268	6.2114e-08	-0.0049232	3.2064e-07	-3.2064e-07	0.0065624	5.89288e-08	-0.0065642	3.1984e-07	-3.1986e-07	0.0081652	5.59054e-08	-0.0081646	3.1932e-07	-3.1938e-07	0.0097336	5.30778e-08	-0.0097326	3.192e-07	-3.1926e-07	0.0112638	5.04296e-08	-0.0112676	3.1942e-07	-3.1936e-07	0.012804	4.79464e-08	-0.012774	3.192e-07	-3.1928e-07	0.014266	4.55884e-08	-0.014226	3.1928e-07	-3.194e-07	0.015676	4.34372e-08	-0.015652	3.1982e-07	-3.198e-07
0.745	-0.00016482	7.63644e-08	0.00016436	3.208e-07	-3.2078e-07	0.0015718	7.22894e-08	-0.0015698	3.2072e-07	-3.207e-07	0.0032796	6.84536e-08	-0.0032778	3.1984e-07	-3.1984e-07	0.0049574	6.48668e-08	-0.0049536	3.2056e-07	-3.2058e-07	0.0066072	6.15228e-08	-0.0066054	3.1982e-07	-3.1988e-07	0.0082224	5.83754e-08	-0.0082166	3.194e-07	-3.194e-07	0.0098016	5.53924e-08	-0.0098032	3.1918e-07	-3.1922e-07	0.0113492	5.2621e-08	-0.0113468	3.1936e-07	-3.1946e-07	0.012904	5.00274e-08	-0.01287	3.193e-07	-3.194e-07	0.01437	4.75526e-08	-0.014342	3.1932e-07	-3.1932e-07	0.015806	4.52866e-08	-0.015778	3.1914e-07	-3.2e-07
0.75	-0.00016562	7.98866e-08	0.00016656	3.2078e-07	-3.2074e-07	0.0015826	7.5602e-08	-0.0015806	3.2068e-07	-3.2076e-07	0.003299	7.15772e-08	-0.0032978	3.1986e-07	-3.198e-07	0.0049844	6.77892e-08	-0.0049866	3.2058e-07	-3.206e-07	0.006646	6.4281e-08	-0.0066476	3.1984e-07	-3.1984e-07	0.0082752	6.09886e-08	-0.008274	3.193e-07	-3.1954e-07	0.009869	5.78768e-08	-0.0098682	3.1918e-07	-3.1924e-07	0.0114306	5.49376e-08	-0.0114292	3.1938e-07	-3.1942e-07	0.013	5.22216e-08	-0.012964	3.193e-07	-3.1928e-07	0.014482	4.96358e-08	-0.014454	3.1936e-07	-3.1932e-07	0.015934	4.72432e-08	-0.015906	3.1916e-07	-3.1922e-07
0.755	-0.00016458	8.35088e-08	0.00016572	3.207e-07	-3.2074e-07	0.0015906	7.90152e-08	-0.001591	3.2062e-07	-3.2064e-07	0.0033152	7.48208e-08	-0.0033166	3.1906e-07	-3.1904e-07	0.0050154	7.08354e-08	-0.0050142	3.206e-07	-3.2062e-07	0.0066888	6.71488e-08	-0.0066898	3.199e-07	-3.1982e-07	0.0083254	6.36782e-08	-0.0083264	3.1864e-07	-3.1858e-07	0.0099358	6.0415e-08	-0.009937	3.1922e-07	-3.192e-07	0.0115006	5.73622e-08	-0.0115002	3.193e-07	-3.1956e-07	0.013092	5.44898e-08	-0.013058	3.193e-07	-3.1936e-07	0.014592	5.17656e-08	-0.014562	3.1928e-07	-3.1936e-07	0.01606	4.929e-08	-0.016028	3.1984e-07	-3.1992e-07
0.76	-0.00016482	8.73896e-08	0.0001688	3.2084e-07	-3.2076e-07	0.0015966	8.26364e-08	-0.0015982	3.2074e-07	-3.2074e-07	0.0033348	7.82074e-08	-0.0033344	3.1976e-07	-3.1982e-07	0.0050424	7.40494e-08	-0.005042	3.2058e-07	-3.2048e-07	0.0067258	7.01888e-08	-0.0067276	3.1986e-07	-3.1984e-07	0.0083756	6.65654e-08	-0.008378	3.1872e-07	-3.1936e-07	0.0099998	6.31098e-08	-0.0099962	3.192e-07	-3.193e-07	0.011624	5.98938e-08	-0.011592	3.1934e-07	-3.194e-07	0.01318	5.68892e-08	-0.013148	3.1934e-07	-3.194e-07	0.014698	5.40598e-08	-0.014668	3.193e-07	-3.1934e-07	0.016182	5.14326e-08	-0.016154	3.1986e-07	-3.199e-07
0.765	-0.00016658	9.14022e-08	0.00016686	3.208e-07	-3.2076e-07	0.0016058	8.63954e-08	-0.001606	3.2072e-07	-3.2076e-07	0.0033508	8.17816e-08	-0.003351	3.198e-07	-3.1984e-07	0.005071	7.73702e-08	-0.0050708	3.2052e-07	-3.206e-07	0.0067648	7.3319e-08	-0.0067656	3.1982e-07	-3.1986e-07	0.00843	6.95032e-08	-0.0084258	3.1946e-07	-3.1936e-07	0.0100606	6.58444e-08	-0.0100592	3.192e-07	-3.1926e-07	0.0117	6.25166e-08	-0.011666	3.1932e-07	-3.1942e-07	0.01327	5.93968e-08	-0.01324	3.1934e-07	-3.1936e-07	0.014802	5.63898e-08	-0.01477	3.1932e-07	-3.1932e-07	0.0163	5.36638e-08	-0.016272	3.1978e-07	-3.1988e-07
0.77	-0.0001702	9.5649e-08	0.00016882	3.2078e-07	-3.2078e-07	0.0016148	9.04164e-08	-0.0016148	3.2074e-07	-3.206e-07	0.003366	8.55498e-08	-0.0033704	3.1974e-07	-3.1982e-07	0.0051012	8.08632e-08	-0.0050982	3.2062e-07	-3.2082e-07	0.0068026	7.66706e-08	-0.006804	3.1982e-07	-3.1986e-07	0.0084794	7.26606e-08	-0.0084774	3.194e-07	-3.194e-07	0.0101212	6.88208e-08	-0.0101204	3.1926e-07	-3.1928e-07	0.01177	6.53302e-08	-0.011744	3.1932e-07	-3.1936e-07	0.013358	6.20478e-08	-0.013328	3.193e-07	-3.1932e-07	0.014906	5.88824e-08	-0.014874	3.1932e-07	-3.1946e-07	0.016416	5.60228e-08	-0.016384	3.198e-07	-3.1992e-07
0.775	-0.0001681	1.00054e-07	0.00016914	3.208e-07	-3.2072e-07	0.0016202	9.4562e-08	-0.00162	3.2072e-07	-3.207e-07	0.0033844	8.94284e-08	-0.0033872	3.1984e-07	-3.1982e-07	0.0051278	8.45186e-08	-0.0051258	3.2062e-07	-3.2066e-07	0.0068428	8.011e-08	-0.0068412	3.1982e-07	-3.1912e-07	0.0085236	7.59058e-08	-0.008526	3.1938e-07	-3.1934e-07	0.010181	7.18728e-08	-0.0101798	3.1922e-07	-3.1934e-07	0.011846	6.81966e-08	-0.01181	3.1868e-07	-3.1882e-07	0.01344	6.47558e-08	-0.013408	3.193e-07	-3.1934e-07	0.015004	6.14692e-08	-0.014974	3.1934e-07	-3.1936e-07	0.016528	5.8451e-08	-0.0165	3.1974e-07	-3.1984e-07
0.78	-0.00017102	1.047464e-07	0.00017066	3.2086e-07	-3.2106e-07	0.0016294	9.90052e-08	-0.001628	3.2074e-07	-3.2062e-07	0.0034044	9.35496e-08	-0.0034032	3.198e-07	-3.1982e-07	0.0051532	8.84488e-08	-0.0051506	3.2064e-07	-3.2058e-07	0.006875	8.37686e-08	-0.0068752	3.1986e-07	-3.1986e-07	0.0085722	7.93844e-08	-0.0085706	3.1936e-07	-3.1934e-07	0.01024	7.51224e-08	-0.010238	3.1932e-07	-3.1934e-07	0.01192	7.12816e-08	-0.011882	3.193e-07	-3.194e-07	0.013526	6.76842e-08	-0.013494	3.1932e-07	-3.1936e-07	0.015096	6.42096e-08	-0.015066	3.193e-07	-3.194e-07	0.01664	6.10464e-08	-0.016614	3.1986e-07	-3.2002e-07
0.785	-0.00016706	1.096194e-07	0.00016872	3.208e-07	-3.2076e-07	0.0016368	1.035568e-07	-0.0016354	3.2076e-07	-3.207e-07	0.0034174	9.78352e-08	-0.003418	3.1982e-07	-3.1982e-07	0.0051778	9.2471e-08	-0.0051774	3.2056e-07	-3.206e-07	0.0069122	8.75344e-08	-0.0069114	3.198e-07	-3.1988e-07	0.0086162	8.29702e-08	-0.0086146	3.1884e-07	-3.1934e-07	0.0102962	7.84938e-08	-0.0102954	3.1924e-07	-3.1934e-07	0.011984	7.44646e-08	-0.011952	3.1942e-07	-3.1944e-07	0.013604	7.06546e-08	-0.013576	3.1926e-07	-3.1926e-07	0.015188	6.70252e-08	-0.015164	3.1936e-07	-3.1942e-07	0.016748	6.36942e-08	-0.016718	3.1982e-07	-3.1996e-07
0.79	-0.00017004	1.148122e-07	0.00017108	3.2082e-07	-3.2072e-07	0.001644	1.084388e-07	-0.001642	3.2068e-07	-3.2066e-07	0.0034362	1.02425e-07	-0.0034336	3.1972e-07	-3.1984e-07	0.0052004	9.6816e-08	-0.0052028	3.2056e-07	-3.2058e-07	0.0069488	9.15704e-08	-0.0069458	3.1912e-07	-3.1982e-07	0.0086638	8.67764e-08	-0.0086604	3.1944e-07	-3.1936e-07	0.0103508	8.20732e-08	-0.0103512	3.1926e-07	-3.1938e-07	0.012052	7.78562e-08	-0.01202	3.1928e-07	-3.1938e-07	0.013686	7.38722e-08	-0.013652	3.1932e-07	-3.1934e-07	0.015286	7.00372e-08	-0.015254	3.1934e-07	-3.1942e-07	0.016854	6.65508e-08	-0.01682	3.1984e-07	-3.199e-07
0.795	-0.0001715	1.2022e-07	0.00017158	3.2084e-07	-3.2076e-07	0.0016538	1.134678e-07	-0.0016488	3.2068e-07	-3.207e-07	0.00345	1.071646e-07	-0.0034498	3.1978e-07	-3.1978e-07	0.0052262	1.012348e-07	-0.0052244	3.2062e-07	-3.2062e-07	0.0069768	9.57654e-08	-0.006979	3.192e-07	-3.192e-07	0.0087038	9.06974e-08	-0.0087024	3.1932e-07	-3.194e-07	0.0104042	8.58072e-08	-0.0104056	3.1926e-07	-3.1956e-07	0.012118	8.13328e-08	-0.012084	3.1948e-07	-3.1942e-07	0.01376	7.71424e-08	-0.01373	3.1936e-07	-3.1936e-07	0.015376	7.3142e-08	-0.015334	3.1936e-07	-3.194e-07	0.016956	6.94528e-08	-0.016922	3.1986e-07	-3.1996e-07
0.8	-0.00017314	1.2582e-07	0.0001736	3.2084e-07	-3.2066e-07	0.0016586	1.1882e-07	-0.001656	3.207e-07	-3.2068e-07	0.0034646	1.12161e-07	-0.003462	3.198e-07	-3.1984e-07	0.00525	1.05907e-07	-0.0052496	3.2056e-07	-3.2048e-07	0.0070116	1.00163e-07	-0.0070128	3.198e-07	-3.1984e-07	0.0087444	9.48322e-08	-0.0087444	3.1932e-07	-3.1936e-07	0.0104558	8.9683e-08	-0.0104562	3.1932e-07	-3.1936e-07	0.012174	8.50034e-08	-0.012144	3.1866e-07	-3.1932e-07	0.013834	8.06018e-08	-0.013804	3.1932e-07	-3.1932e-07	0.015458	7.63902e-08	-0.015424	3.1926e-07	-3.1932e-07	0.01705	7.25462e-08	-0.017022	3.1986e-07	-3.199e-07
0.805	-0.0001716	1.3188e-07	0.000173	3.2078e-07	-3.2078e-07	0.001665	1.2444e-07	-0.0016658	3.2062e-07	-3.207e-07	0.0034804	1.1752e-07	-0.003479	3.1984e-07	-3.198e-07	0.0052722	1.109184e-07	-0.0052734	3.2058e-07	-3.2066e-07	0.0070424	1.048642e-07	-0.0070452	3.1976e-07	-3.1982e-07	0.0087866	9.9232e-08	-0.0087886	3.1944e-07	-3.1944e-07	0.0105092	9.38498e-08	-0.0105076	3.194e-07	-3.194e-07	0.012238	8.89102e-08	-0.012208	3.1928e-07	-3.1944e-07	0.013906	8.4265e-08	-0.013876	3.1926e-07	-3.1936e-07	0.015544	7.98832e-08	-0.015514	3.1932e-07	-3.1888e-07	0.017156	7.57932e-08	-0.017122	3.198e-07	-3.199e-07
0.81	-0.0001731	1.3812e-07	0.00017348	3.2078e-07	-3.2072e-07	0.0016716	1.3028e-07	-0.00167	3.2068e-07	-3.2064e-07	0.003494	1.2304e-07	-0.0034926	3.1984e-07	-3.1974e-07	0.005292	1.1614e-07	-0.0052934	3.2052e-07	-3.2058e-07	0.007073	1.097102e-07	-0.007073	3.1984e-07	-3.1988e-07	0.0088288	1.038016e-07	-0.0088278	3.187e-07	-3.1884e-07	0.0105576	9.81288e-08	-0.0105606	3.1938e-07	-3.1942e-07	0.0123	9.29452e-08	-0.012272	3.1922e-07	-3.1932e-07	0.01398	8.80786e-08	-0.013946	3.1874e-07	-3.1948e-07	0.015626	8.34668e-08	-0.015596	3.1932e-07	-3.194e-07	0.017248	7.91906e-08	-0.017214	3.1984e-07	-3.199e-07
0.815	-0.0001713	1.4474e-07	0.00017398	3.2078e-07	-3.2078e-07	0.0016786	1.3656e-07	-0.0016758	3.2068e-07	-3.2068e-07	0.0035078	1.2888e-07	-0.0035108	3.1988e-07	-3.1986e-07	0.0053136	1.2164e-07	-0.0053158	3.206e-07	-3.2058e-07	0.0071042	1.148946e-07	-0.0071032	3.1982e-07	-3.1978e-07	0.0088684	1.086526e-07	-0.0088676	3.194e-07	-3.1952e-07	0.0106078	1.027216e-07	-0.0106046	3.1932e-07	-3.1946e-07	0.01236	9.72398e-08	-0.012336	3.1924e-07	-3.1934e-07	0.01405	9.21522e-08	-0.01402	3.1928e-07	-3.1942e-07	0.015704	8.7313e-08	-0.015676	3.193e-07	-3.194e-07	0.017338	8.27722e-08	-0.01731	3.1992e-07	-3.1996e-07
0.82	-0.00017378	1.5172e-07	0.00017318	3.2074e-07	-3.2076e-07	0.0016816	1.4298e-07	-0.0016842	3.207e-07	-3.2066e-07	0.0035212	1.3496e-07	-0.0035214	3.1986e-07	-3.1978e-07	0.0053358	1.273e-07	-0.005335	3.2058e-07	-3.206e-07	0.0071374	1.2032e-07	-0.0071342	3.198e-07	-3.1964e-07	0.0089068	1.136364e-07	-0.0089054	3.1932e-07	-3.1952e-07	0.0106554	1.074504e-07	-0.0106564	3.1938e-07	-3.194e-07	0.012414	1.017354e-07	-0.012388	3.193e-07	-3.1946e-07	0.01412	9.6346e-08	-0.014084	3.193e-07	-3.194e-07	0.015788	9.1239e-08	-0.015754	3.1942e-07	-3.1938e-07	0.017434	8.6521e-08	-0.017398	3.1984e-07	-3.199e-07
0.825	-0.000175	1.5908e-07	0.00017442	3.208e-07	-3.2076e-07	0.0016888	1.4994e-07	-0.0016904	3.207e-07	-3.2064e-07	0.003535	1.4144e-07	-0.0035342	3.1978e-07	-3.1972e-07	0.005358	1.334e-07	-0.0053574	3.206e-07	-3.205e-07	0.0071682	1.2598e-07	-0.0071634	3.1978e-07	-3.1978e-07	0.0089434	1.1904e-07	-0.0089426	3.1938e-07	-3.1946e-07	0.0107002	1.124812e-07	-0.010704	3.1938e-07	-3.1936e-07	0.012474	1.064622e-07	-0.012442	3.192e-07	-3.1926e-07	0.014186	1.008028e-07	-0.014152	3.1934e-07	-3.194e-07	0.015864	9.54482e-08	-0.015836	3.1934e-07	-3.1942e-07	0.01752	9.0484e-08	-0.017486	3.1986e-07	-3.1996e-07
0.83	-0.00017898	1.6674e-07	0.0001763	3.208e-07	-3.2078e-07	0.0016942	1.5706e-07	-0.0016956	3.207e-07	-3.2064e-07	0.0035488	1.4816e-07	-0.0035482	3.1978e-07	-3.1978e-07	0.00538	1.3974e-07	-0.0053774	3.2052e-07	-3.206e-07	0.0071934	1.3184e-07	-0.0071906	3.1978e-07	-3.1978e-07	0.0089816	1.2464e-07	-0.0089796	3.1944e-07	-3.1954e-07	0.0107498	1.1774e-07	-0.0107484	3.1942e-07	-3.1946e-07	0.01253	1.113258e-07	-0.012494	3.1922e-07	-3.194e-07	0.014252	1.05464e-07	-0.014218	3.1932e-07	-3.1948e-07	0.01594	9.98474e-08	-0.015908	3.1936e-07	-3.194e-07	0.017606	9.45866e-08	-0.01758	3.1984e-07	-3.2e-07
0.835	-0.00018012	1.7476e-07	0.00017782	3.208e-07	-3.2076e-07	0.0017008	1.6476e-07	-0.0017022	3.2072e-07	-3.2064e-07	0.0035614	1.5538e-07	-0.003562	3.1984e-07	-3.1978e-07	0.0053984	1.4638e-07	-0.0053978	3.2064e-07	-3.206e-07	0.007218	1.3814e-07	-0.0072182	3.1976e-07	-3.1982e-07	0.0090178	1.3052e-07	-0.0090184	3.1944e-07	-3.1942e-07	0.0107926	1.2332e-07	-0.0107932	3.1934e-07	-3.193e-07	0.012584	1.1664e-07	-0.012558	3.1912e-07	-3.1928e-07	0.014316	1.103624e-07	-0.014286	3.1936e-07	-3.194e-07	0.016018	1.04492e-07	-0.015982	3.1916e-07	-3.1938e-07	0.017688	9.89862e-08	-0.017662	3.1986e-07	-3.1998e-07
0.84	-0.00017634	1.8322e-07	0.00017662	3.2072e-07	-3.2076e-07	0.001707	1.7264e-07	-0.001708	3.2076e-07	-3.207e-07	0.0035718	1.6268e-07	-0.0035708	3.1988e-07	-3.1984e-07	0.0054184	1.5344e-07	-0.0054176	3.2064e-07	-3.2062e-07	0.0072482	1.4478e-07	-0.0072478	3.1986e-07	-3.199e-07	0.0090496	1.3672e-07	-0.0090512	3.1942e-07	-3.1948e-07	0.010834	1.2908e-07	-0.010837	3.1938e-07	-3.1936e-07	0.01263	1.2206e-07	-0.012606	3.1922e-07	-3.1928e-07	0.014378	1.155e-07	-0.014346	3.1936e-07	-3.1944e-07	0.016082	1.09303e-07	-0.016054	3.1928e-07	-3.194e-07	0.017776	1.034746e-07	-0.017742	3.198e-07	-3.1996e-07
0.845	-0.00017892	1.923e-07	0.00017996	3.209e-07	-3.2076e-07	0.0017132	1.8108e-07	-0.0017148	3.2068e-07	-3.207e-07	0.003584	1.7068e-07	-0.003584	3.1982e-07	-3.199e-07	0.005437	1.6092e-07	-0.0054382	3.2054e-07	-3.2048e-07	0.0072744	1.5174e-07	-0.007276	3.1984e-07	-3.1984e-07	0.0090876	1.4336e-07	-0.0090876	3.193e-07	-3.194e-07	0.0108794	1.3522e-07	-0.0108776	3.1936e-07	-3.193e-07	0.012684	1.2784e-07	-0.01266	3.192e-07	-3.1928e-07	0.014442	1.2094e-07	-0.014408	3.1932e-07	-3.1944e-07	0.016154	1.144102e-07	-0.016126	3.1932e-07	-3.1942e-07	0.017856	1.082806e-07	-0.017826	3.1976e-07	-3.199e-07
0.85	-0.00017846	2.0164e-07	0.0001765	3.2086e-07	-3.2076e-07	0.0017184	1.8986e-07	-0.0017208	3.2062e-07	-3.2062e-07	0.0035972	1.7894e-07	-0.0035976	3.1982e-07	-3.1978e-07	0.0054592	1.6852e-07	-0.0054586	3.206e-07	-3.2064e-07	0.0073024	1.59e-07	-0.0072994	3.1986e-07	-3.1982e-07	0.0091218	1.5008e-07	-0.0091182	3.194e-07	-3.1938e-07	0.0109166	1.4162e-07	-0.0109216	3.193e-07	-3.1932e-07	0.012738	1.3386e-07	-0.012702	3.1926e-07	-3.1926e-07	0.014496	1.2662e-07	-0.014464	3.1932e-07	-3.194e-07	0.016226	1.1974e-07	-0.016194	3.193e-07	-3.1948e-07	0.017936	1.133012e-07	-0.017906	3.198e-07	-3.1926e-07
0.855	-0.00017992	2.1172e-07	0.00017932	3.2084e-07	-3.2072e-07	0.0017266	1.993e-07	-0.0017222	3.21e-07	-3.209e-07	0.0036084	1.8772e-07	-0.0036068	3.1982e-07	-3.198e-07	0.0054744	1.768e-07	-0.0054756	3.2054e-07	-3.2066e-07	0.0073282	1.6672e-07	-0.007328	3.198e-07	-3.1984e-07	0.009153	1.5734e-07	-0.0091526	3.1942e-07	-3.1936e-07	0.010963	1.4844e-07	-0.0109608	3.1926e-07	-3.1938e-07	0.012784	1.4026e-07	-0.012752	3.1924e-07	-3.1924e-07	0.014558	1.326e-07	-0.014528	3.193e-07	-3.1918e-07	0.016292	1.254e-07	-0.01626	3.1938e-07	-3.1946e-07	0.018012	1.187e-07	-0.017978	3.1986e-07	-3.1994e-07
0.86	-0.00018144	2.2206e-07	0.00017628	3.2082e-07	-3.2078e-07	0.0017266	2.09e-07	-0.0017304	3.2064e-07	-3.2066e-07	0.0036222	1.9688e-07	-0.003619	3.1984e-07	-3.198e-07	0.0054908	1.854e-07	-0.0054926	3.2064e-07	-3.2062e-07	0.0073524	1.7472e-07	-0.0073502	3.1972e-07	-3.1982e-07	0.0091832	1.6488e-07	-0.0091838	3.1926e-07	-3.1946e-07	0.0109998	1.5546e-07	-0.010998	3.1936e-07	-3.1932e-07	0.012832	1.4696e-07	-0.012802	3.193e-07	-3.1936e-07	0.014614	1.3884e-07	-0.014578	3.1934e-07	-3.1944e-07	0.01636	1.3128e-07	-0.01633	3.1936e-07	-3.194e-07	0.018086	1.2412e-07	-0.018054	3.1966e-07	-3.1994e-07
0.865	-0.0001793	2.332e-07	0.00018094	3.2082e-07	-3.2084e-07	0.001733	2.1944e-07	-0.0017334	3.2062e-07	-3.2066e-07	0.0036316	2.0662e-07	-0.0036306	3.198e-07	-3.198e-07	0.0055106	1.9452e-07	-0.005509	3.2056e-07	-3.2064e-07	0.0073758	1.8334e-07	-0.0073756	3.1908e-07	-3.1984e-07	0.0092152	1.7284e-07	-0.0092152	3.1942e-07	-3.194e-07	0.0110406	1.6306e-07	-0.0110396	3.1924e-07	-3.1932e-07	0.012882	1.5396e-07	-0.012848	3.1928e-07	-3.1932e-07	0.014666	1.4544e-07	-0.01463	3.1942e-07	-3.1942e-07	0.016426	1.3758e-07	-0.016394	3.1938e-07	-3.1938e-07	0.01816	1.3004e-07	-0.018126	3.199e-07	-3.1994e-07
0.87	-0.00017998	2.4464e-07	0.00017972	3.2084e-07	-3.2076e-07	0.0017418	2.3014e-07	-0.0017378	3.2072e-07	-3.2058e-07	0.003641	2.1682e-07	-0.0036404	3.1988e-07	-3.1986e-07	0.0055296	2.0402e-07	-0.005528	3.2062e-07	-3.2066e-07	0.0073984	1.9222e-07	-0.0074002	3.1986e-07	-3.1982e-07	0.0092472	1.8118e-07	-0.0092472	3.194e-07	-3.1946e-07	0.0110752	1.7092e-07	-0.0110764	3.1924e-07	-3.1934e-07	0.012932	1.613e-07	-0.012894	3.192e-07	-3.1938e-07	0.01472	1.5232e-07	-0.014694	3.1932e-07	-3.1948e-07	0.01649	1.4402e-07	-0.016456	3.194e-07	-3.1936e-07	0.018232	1.3612e-07	-0.0182	3.1916e-07	-3.1936e-07
0.875	-0.00018094	2.5696e-07	0.00017954	3.2074e-07	-3.2076e-07	0.0017462	2.4174e-07	-0.0017448	3.2066e-07	-3.2066e-07	0.003652	2.2762e-07	-0.0036544	3.1978e-07	-3.1978e-07	0.0055456	2.141e-07	-0.0055432	3.2056e-07	-3.206e-07	0.0074202	2.0166e-07	-0.007422	3.1992e-07	-3.1984e-07	0.0092764	1.9014e-07	-0.009277	3.1944e-07	-3.1946e-07	0.011115	1.7912e-07	-0.0111114	3.193e-07	-3.1928e-07	0.01297	1.6914e-07	-0.01294	3.1922e-07	-3.1928e-07	0.014774	1.5972e-07	-0.014742	3.1932e-07	-3.1944e-07	0.016546	1.5086e-07	-0.016514	3.193e-07	-3.1942e-07	0.018304	1.4256e-07	-0.01827	3.1986e-07	-3.199e-07
0.88	-0.00018376	2.6968e-07	0.00018116	3.208e-07	-3.2072e-07	0.0017502	2.537e-07	-0.001749	3.2066e-07	-3.207e-07	0.0036622	2.3876e-07	-0.0036642	3.199e-07	-3.1982e-07	0.0055634	2.2464e-07	-0.0055582	3.206e-07	-3.2066e-07	0.007446	2.1154e-07	-0.0074432	3.1978e-07	-3.1972e-07	0.0093046	1.9928e-07	-0.0093074	3.1938e-07	-3.1936e-07	0.0111532	1.8778e-07	-0.011147	3.1926e-07	-3.1928e-07	0.013018	1.7728e-07	-0.012984	3.1932e-07	-3.1932e-07	0.014826	1.6736e-07	-0.01479	3.1936e-07	-3.1942e-07	0.016608	1.5812e-07	-0.016576	3.1938e-07	-3.1954e-07	0.018372	1.4928e-07	-0.01834	3.1984e-07	-3.2008e-07
0.885	-0.00018104	2.8342e-07	0.00018036	3.208e-07	-3.2078e-07	0.0017536	2.665e-07	-0.0017532	3.207e-07	-3.2064e-07	0.003676	2.5078e-07	-0.0036726	3.1982e-07	-3.1978e-07	0.0055764	2.358e-07	-0.0055744	3.2058e-07	-3.2054e-07	0.0074652	2.2206e-07	-0.0074644	3.198e-07	-3.1988e-07	0.0093328	2.0916e-07	-0.0093336	3.1934e-07	-3.1942e-07	0.0111892	1.9712e-07	-0.0111878	3.1924e-07	-3.1926e-07	0.013066	1.8592e-07	-0.013026	3.1914e-07	-3.1924e-07	0.014872	1.7558e-07	-0.014846	3.187e-07	-3.1886e-07	0.016664	1.6572e-07	-0.016634	3.1938e-07	-3.1946e-07	0.018442	1.5648e-07	-0.018408	3.1976e-07	-3.1994e-07
0.89	-0.0001803	2.9746e-07	0.00018282	3.208e-07	-3.208e-07	0.0017614	2.7978e-07	-0.0017564	3.2062e-07	-3.2062e-07	0.0036824	2.6312e-07	-0.0036816	3.1982e-07	-3.198e-07	0.0055926	2.474e-07	-0.0055916	3.2056e-07	-3.2064e-07	0.007491	2.329e-07	-0.0074858	3.1978e-07	-3.1986e-07	0.0093632	2.1936e-07	-0.0093598	3.1938e-07	-3.1938e-07	0.0112206	2.0668e-07	-0.0112208	3.192e-07	-3.1928e-07	0.013096	1.948e-07	-0.013066	3.1924e-07	-3.1928e-07	0.014924	1.839e-07	-0.014894	3.1936e-07	-3.1944e-07	0.016724	1.7364e-07	-0.016692	3.193e-07	-3.1946e-07	0.018506	1.6388e-07	-0.018474	3.1986e-07	-3.199e-07
0.895	-0.00018142	3.1276e-07	0.00018344	3.2084e-07	-3.2078e-07	0.0017656	2.9394e-07	-0.0017632	3.207e-07	-3.2066e-07	0.0036918	2.7644e-07	-0.0036916	3.1984e-07	-3.1972e-07	0.005609	2.5992e-07	-0.005604	3.2062e-07	-3.2056e-07	0.0075126	2.4458e-07	-0.0075084	3.1984e-07	-3.1978e-07	0.0093896	2.303e-07	-0.0093902	3.1942e-07	-3.1922e-07	0.0112568	2.169e-07	-0.0112558	3.1918e-07	-3.1938e-07	0.013142	2.0448e-07	-0.01311	3.1932e-07	-3.1928e-07	0.014974	1.9298e-07	-0.014944	3.193e-07	-3.1932e-07	0.016782	1.8218e-07	-0.016752	3.193e-07	-3.195e-07	0.018568	1.7188e-07	-0.018538	3.1986e-07	-3.1994e-07
0.9	-0.00018404	3.286e-07	0.00018316	3.2078e-07	-3.2078e-07	0.0017666	3.0862e-07	-0.0017686	3.2068e-07	-3.209e-07	0.0037038	2.9024e-07	-0.0037016	3.1982e-07	-3.1982e-07	0.0056216	2.728e-07	-0.0056208	3.206e-07	-3.2066e-07	0.0075284	2.5668e-07	-0.0075292	3.198e-07	-3.1978e-07	0.009417	2.4164e-07	-0.0094184	3.1916e-07	-3.1924e-07	0.0112886	2.2752e-07	-0.0112868	3.1926e-07	-3.1936e-07	0.013186	2.1438e-07	-0.013154	3.193e-07	-3.193e-07	0.015024	2.0236e-07	-0.014992	3.193e-07	-3.1942e-07	0.016834	1.9092e-07	-0.016808	3.1938e-07	-3.1938e-07	0.018634	1.8006e-07	-0.018598	3.1984e-07	-3.2002e-07
