I/V Sweep,id_vgs_P_2
RecordTime,01/13/2025 10:04:54
Device ID,
Count,2
Flag,
Remarks,
vg,vd,id,ig,is,iavdd,ignd
1.2,0.8,-8.4773E-10,1.2862000000000002E-10,-2.9950000000000004E-11,3.1263999999999997E-07,-3.1186E-07
1.195,0.8,-8.4661E-10,1.2264E-10,-3.0570000000000004E-11,3.1268E-07,-3.1184E-07
1.19,0.8,-8.5198000000000009E-10,1.1689E-10,-3.191E-11,3.1262E-07,-3.1184E-07
1.185,0.8,-8.4745000000000011E-10,1.1120000000000001E-10,-2.786E-11,3.1266E-07,-3.1186E-07
1.1800000000000002,0.8,-8.3939E-10,1.0630000000000001E-10,-2.8780000000000003E-11,3.1266E-07,-3.1184E-07
1.175,0.8,-8.4888000000000007E-10,1.0199000000000001E-10,-2.918E-11,3.126E-07,-3.1178E-07
1.1700000000000002,0.8,-8.4283000000000008E-10,9.9070000000000013E-11,-2.4680000000000002E-11,3.1256E-07,-3.1178E-07
1.165,0.8,-8.4318000000000008E-10,9.1410000000000011E-11,-2.524E-11,3.1248E-07,-3.1179999999999997E-07
1.1600000000000001,0.8,-8.3811E-10,8.977E-11,-2.3100000000000003E-11,3.1254E-07,-3.1186E-07
1.155,0.8,-8.3844000000000005E-10,8.586E-11,-2.693E-11,3.1254E-07,-3.117E-07
1.1500000000000001,0.8,-8.398E-10,8.1730000000000011E-11,-2.1150000000000003E-11,3.1254E-07,-3.1174E-07
1.145,0.8,-8.2913000000000011E-10,7.7820000000000009E-11,-2.1220000000000002E-11,3.1248E-07,-3.1179999999999997E-07
1.1400000000000001,0.8,-8.4221E-10,7.384E-11,-2.196E-11,3.1256E-07,-3.1172E-07
1.135,0.8,-8.3616E-10,7.318E-11,-1.713E-11,3.1248E-07,-3.1168E-07
1.1300000000000001,0.8,-8.3337000000000009E-10,6.6730000000000012E-11,-2.021E-11,3.1254E-07,-3.1174E-07
1.125,0.8,-8.304300000000001E-10,6.534E-11,-1.71E-11,3.1248E-07,-3.1174E-07
1.12,0.8,-8.2535E-10,6.397E-11,-2.118E-11,3.1254E-07,-3.117E-07
1.115,0.8,-8.3374000000000006E-10,5.934E-11,-1.351E-11,3.1248E-07,-3.1174E-07
1.11,0.8,-8.1937E-10,5.819E-11,-1.403E-11,3.1252E-07,-3.1174E-07
1.105,0.8,-8.3220000000000008E-10,5.2360000000000007E-11,-1.662E-11,3.1254E-07,-3.117E-07
1.1,0.8,-8.246E-10,5.3780000000000007E-11,-1.281E-11,3.1248E-07,-3.117E-07
1.095,0.8,-8.2281000000000008E-10,4.9510000000000005E-11,-1.478E-11,3.1254E-07,-3.1165999999999997E-07
1.09,0.8,-8.2789E-10,4.657E-11,-8.9900000000000011E-12,3.1249999999999997E-07,-3.117E-07
1.085,0.8,-8.2379000000000011E-10,4.593E-11,-1.393E-11,3.1252E-07,-3.1176E-07
1.08,0.8,-8.2924E-10,4.163E-11,-7.62E-12,3.1256E-07,-3.117E-07
1.075,0.8,-8.137000000000001E-10,4.305E-11,-6.7E-12,3.1252E-07,-3.1176E-07
1.07,0.8,-8.2385000000000011E-10,3.7670000000000004E-11,-1.1940000000000001E-11,3.1256E-07,-3.1179999999999997E-07
1.065,0.8,-8.1773E-10,3.8770000000000005E-11,-7.26E-12,3.1258E-07,-3.1178E-07
1.06,0.8,-8.2048E-10,3.533E-11,-8.21E-12,3.1262E-07,-3.1178E-07
1.0550000000000002,0.8,-8.2433000000000009E-10,3.122E-11,-1.6100000000000002E-12,3.1254E-07,-3.1174E-07
1.05,0.8,-8.145200000000001E-10,3.394E-11,-5.64E-12,3.1256E-07,-3.1178E-07
1.0450000000000002,0.8,-8.2288000000000006E-10,3.005E-11,-2.79E-12,3.1249999999999997E-07,-3.1165999999999997E-07
1.04,0.8,-8.1385E-10,3.0570000000000004E-11,6.400000000000001E-13,3.1254E-07,-3.1174E-07
1.0350000000000001,0.8,-8.2038E-10,2.715E-11,-3.3200000000000004E-12,3.1248E-07,-3.1174E-07
1.03,0.8,-8.1900000000000007E-10,2.6810000000000002E-11,2E-13,3.1248E-07,-3.1168E-07
1.0250000000000001,0.8,-8.1475000000000011E-10,2.6390000000000002E-11,3.0000000000000005E-14,3.1256E-07,-3.117E-07
1.02,0.8,-8.2197000000000011E-10,2.1800000000000002E-11,7.2000000000000008E-12,3.1249999999999997E-07,-3.117E-07
1.0150000000000001,0.8,-8.1228E-10,2.336E-11,4.72E-12,3.1254E-07,-3.1168E-07
1.01,0.8,-8.2758000000000005E-10,1.9800000000000002E-11,6.65E-12,3.1252E-07,-3.1168E-07
1.0050000000000001,0.8,-8.2265E-10,2.134E-11,1.1240000000000001E-11,3.1252E-07,-3.1165999999999997E-07
1,0.8,-8.2267E-10,1.852E-11,1.0310000000000001E-11,3.1252E-07,-3.117E-07
0.995,0.8,-8.2075000000000009E-10,1.7890000000000002E-11,1.3240000000000001E-11,3.1256E-07,-3.117E-07
0.9900000000000001,0.8,-8.2278E-10,1.8110000000000003E-11,1.695E-11,3.1256E-07,-3.117E-07
0.9850000000000001,0.8,-8.286100000000001E-10,1.3370000000000001E-11,2.5E-11,3.1254E-07,-3.1182E-07
0.98000000000000009,0.8,-8.295500000000001E-10,1.553E-11,2.6980000000000003E-11,3.1254E-07,-3.1172E-07
0.97500000000000009,0.8,-8.4298E-10,1.3660000000000001E-11,3.029E-11,3.1254E-07,-3.1168E-07
0.97000000000000008,0.8,-8.4378000000000006E-10,1.384E-11,3.965E-11,3.1246E-07,-3.1172E-07
0.96500000000000008,0.8,-8.4213000000000007E-10,1.2550000000000001E-11,4.5470000000000006E-11,3.1249999999999997E-07,-3.1176E-07
0.96000000000000008,0.8,-8.4645000000000011E-10,1.201E-11,5.106E-11,3.126E-07,-3.1182E-07
0.95500000000000007,0.8,-8.6263E-10,1.2320000000000001E-11,6.077E-11,3.1254E-07,-3.1179999999999997E-07
0.95000000000000007,0.8,-8.7503E-10,8.680000000000001E-12,7.4930000000000006E-11,3.1254E-07,-3.1176E-07
0.94500000000000006,0.8,-8.8651000000000007E-10,9.67E-12,8.836E-11,3.1254E-07,-3.117E-07
0.94000000000000006,0.8,-8.981800000000001E-10,8.85E-12,1.0021000000000001E-10,3.1256E-07,-3.1176E-07
0.935,0.8,-9.1276000000000006E-10,9.87E-12,1.2065000000000002E-10,3.1248E-07,-3.117E-07
0.93,0.8,-9.3150000000000014E-10,7.52E-12,1.4312000000000002E-10,3.126E-07,-3.1176E-07
0.925,0.8,-9.5707E-10,7.2400000000000007E-12,1.6537000000000002E-10,3.1252E-07,-3.117E-07
0.92,0.8,-9.9020000000000016E-10,7.43E-12,1.9401E-10,3.1248E-07,-3.116E-07
0.915,0.8,-1.0252700000000001E-09,5.7200000000000007E-12,2.3223E-10,3.1252E-07,-3.1162E-07
0.91,0.8,-1.06072E-09,4.32E-12,2.7304E-10,3.1248E-07,-3.1164E-07
0.905,0.8,-1.10833E-09,4.82E-12,3.1659000000000004E-10,3.1249999999999997E-07,-3.1165999999999997E-07
0.9,0.8,-1.1693E-09,5.54E-12,3.7118E-10,3.1246E-07,-3.1164E-07
0.895,0.8,-1.2427E-09,4.47E-12,4.4414000000000003E-10,3.1248E-07,-3.1164E-07
0.89,0.8,-1.308E-09,4.6100000000000008E-12,5.2243E-10,3.1246E-07,-3.1164E-07
0.885,0.8,-1.406E-09,2.36E-12,6.0694000000000008E-10,3.1248E-07,-3.1164E-07
0.88,0.8,-1.5114E-09,4.12E-12,7.2308E-10,3.1242E-07,-3.1168E-07
0.875,0.8,-1.6413E-09,9.5E-13,8.489800000000001E-10,3.1242E-07,-3.1172E-07
0.87,0.8,-1.7919E-09,1.21E-12,1.0020300000000001E-09,3.1249999999999997E-07,-3.1165999999999997E-07
0.865,0.8,-1.9629E-09,1.5600000000000002E-12,1.1674E-09,3.1246E-07,-3.1162E-07
0.86,0.8,-2.162E-09,2.01E-12,1.3804E-09,3.1249999999999997E-07,-3.1174E-07
0.85500000000000009,0.8,-2.4073E-09,6.8E-13,1.6296E-09,3.1248E-07,-3.1162E-07
0.85000000000000009,0.8,-2.702E-09,-1.83E-12,1.9117E-09,3.1249999999999997E-07,-3.1162E-07
0.84500000000000008,0.8,-3.0271E-09,7E-13,2.2568E-09,3.1248E-07,-3.1162E-07
0.84000000000000008,0.8,-3.4323E-09,-2.1200000000000003E-12,2.6427E-09,3.1248E-07,-3.1164E-07
0.83500000000000008,0.8,-3.8996E-09,-1.55E-12,3.1208E-09,3.124E-07,-3.1164E-07
0.83000000000000007,0.8,-4.4385E-09,-3.7E-12,3.6773E-09,3.1258E-07,-3.1172E-07
0.82500000000000007,0.8,-5.1159E-09,-1.0100000000000001E-12,4.2965E-09,3.124E-07,-3.1158E-07
0.82000000000000006,0.8,-5.8553E-09,-2.8E-12,5.0912E-09,3.1249999999999997E-07,-3.1164E-07
0.81500000000000006,0.8,-6.7717E-09,-4.9000000000000005E-12,6.0035E-09,3.1242E-07,-3.1172E-07
0.81,0.8,-7.8709E-09,-3.2900000000000003E-12,7.0249E-09,3.1246E-07,-3.1164E-07
0.805,0.8,-9.061E-09,-8.02E-12,8.3405E-09,3.1252E-07,-3.117E-07
0.8,0.8,-1.05805E-08,-6.9000000000000009E-12,9.7773E-09,3.1248E-07,-3.1168E-07
0.795,0.8,-1.2360799999999998E-08,-9.88E-12,1.1557199999999998E-08,3.124E-07,-3.1158E-07
0.79,0.8,-1.4397599999999999E-08,-1.0700000000000001E-11,1.3538399999999999E-08,3.1248E-07,-3.117E-07
0.785,0.8,-1.6761799999999997E-08,-7.9E-12,1.5985199999999998E-08,3.1244E-07,-3.1162E-07
0.78,0.8,-1.9573399999999998E-08,-1.3680000000000002E-11,1.87784E-08,3.1246E-07,-3.1168E-07
0.775,0.8,-2.29066E-08,-1.221E-11,2.21684E-08,3.1244E-07,-3.1164E-07
0.77,0.8,-2.6837799999999998E-08,-1.2140000000000001E-11,2.61178E-08,3.1244E-07,-3.1165999999999997E-07
0.765,0.8,-3.1590399999999995E-08,-1.859E-11,3.06704E-08,3.1242E-07,-3.116E-07
0.76,0.8,-3.7016399999999994E-08,-1.5980000000000003E-11,3.6148999999999995E-08,3.1248E-07,-3.117E-07
0.755,0.8,-4.34794E-08,-1.8600000000000002E-11,4.2506599999999996E-08,3.1238E-07,-3.1156E-07
0.75,0.8,-5.0899199999999996E-08,-2.2700000000000003E-11,5.0112199999999997E-08,3.1244E-07,-3.117E-07
0.745,0.8,-5.9896E-08,-2.056E-11,5.9023999999999993E-08,3.1244E-07,-3.116E-07
0.74,0.8,-7.02764E-08,-2.4900000000000003E-11,6.9676E-08,3.1242E-07,-3.1165999999999997E-07
0.735,0.8,-8.28618E-08,-2.8050000000000003E-11,8.19374E-08,3.1256E-07,-3.1176E-07
0.73,0.8,-9.75152E-08,-2.6320000000000003E-11,9.6425599999999984E-08,3.1249999999999997E-07,-3.1168E-07
0.72500000000000009,0.8,-1.1447619999999998E-07,-3.234E-11,1.1361479999999999E-07,3.1249999999999997E-07,-3.117E-07
0.72000000000000008,0.8,-1.3474E-07,-3.2610000000000004E-11,1.3388E-07,3.1248E-07,-3.117E-07
0.71500000000000008,0.8,-1.5892E-07,-3.656E-11,1.5692E-07,3.1249999999999997E-07,-3.1164E-07
0.71000000000000008,0.8,-1.8772E-07,-3.8370000000000006E-11,1.8598E-07,3.1254E-07,-3.1174E-07
0.70500000000000007,0.8,-2.1896E-07,-4.236E-11,2.1968E-07,3.1256E-07,-3.1174E-07
0.70000000000000007,0.8,-2.5942E-07,-4.6410000000000004E-11,2.5926E-07,3.1249999999999997E-07,-3.117E-07
0.69500000000000006,0.8,-3.0354E-07,-4.5910000000000006E-11,3.0382E-07,3.1244E-07,-3.1168E-07
0.69000000000000006,0.8,-3.5896E-07,-5.11E-11,3.5796E-07,3.1242E-07,-3.1158E-07
0.685,0.8,-4.2644E-07,-5.75E-11,4.2197999999999997E-07,3.1242E-07,-3.1165999999999997E-07
0.68,0.8,-4.9952E-07,-5.869E-11,4.9682E-07,3.1244E-07,-3.1162E-07
0.675,0.8,-5.8458E-07,-6.5110000000000008E-11,5.8622E-07,3.1249999999999997E-07,-3.117E-07
0.67,0.8,-6.9244E-07,-6.925E-11,6.9158E-07,3.1249999999999997E-07,-3.117E-07
0.665,0.8,-8.0992E-07,-7.094E-11,8.1394E-07,3.1244E-07,-3.1158E-07
0.66,0.8,-9.5772E-07,-7.709E-11,9.5548E-07,3.1244E-07,-3.1162E-07
0.655,0.8,-1.13184E-06,-8.155E-11,1.1251E-06,3.1249999999999997E-07,-3.1165999999999997E-07
0.65,0.8,-1.32E-06,-8.69E-11,1.3249000000000002E-06,3.124E-07,-3.1162E-07
0.645,0.8,-1.5553000000000002E-06,-9.2920000000000014E-11,1.5497000000000002E-06,3.1246E-07,-3.1156E-07
0.64,0.8,-1.8256000000000002E-06,-9.7800000000000014E-11,1.8365000000000001E-06,3.1242E-07,-3.1164E-07
0.635,0.8,-2.1543000000000003E-06,-1.0256E-10,2.1478000000000004E-06,3.1244E-07,-3.1158E-07
0.63,0.8,-2.5289E-06,-1.0791E-10,2.5269000000000003E-06,3.1248E-07,-3.1158E-07
0.625,0.8,-2.9679000000000004E-06,-1.1277000000000002E-10,2.9509000000000004E-06,3.1244E-07,-3.1158E-07
0.62,0.8,-3.4924000000000002E-06,-1.2134000000000002E-10,3.5047000000000005E-06,3.1246E-07,-3.1156E-07
0.615,0.8,-4.0879E-06,-1.2722E-10,4.0948E-06,3.1246E-07,-3.1162E-07
0.61,0.8,-4.7943000000000008E-06,-1.3202E-10,4.8167000000000008E-06,3.1248E-07,-3.1164E-07
0.605,0.8,-5.6397E-06,-1.3814E-10,5.6012000000000007E-06,3.1244E-07,-3.1165999999999997E-07
0.6,0.8,-6.6121000000000006E-06,-1.4491000000000002E-10,6.5704000000000007E-06,3.124E-07,-3.1164E-07
0.595,0.8,-7.6845E-06,-1.5228000000000002E-10,7.7224E-06,3.1242E-07,-3.1165999999999997E-07
0.59000000000000008,0.8,-8.9792E-06,-1.5922000000000002E-10,9.0649E-06,3.1246E-07,-3.117E-07
0.58500000000000008,0.8,-1.05305E-05,-1.6545E-10,1.0496900000000001E-05,3.1248E-07,-3.117E-07
0.58000000000000007,0.8,-1.225E-05,-1.7197E-10,1.224E-05,3.1248E-07,-3.1164E-07
0.57500000000000007,0.8,-1.4230000000000001E-05,-1.8074000000000001E-10,1.4326E-05,3.1242E-07,-3.1164E-07
0.57000000000000006,0.8,-1.6664000000000002E-05,-1.8857000000000003E-10,1.6746000000000002E-05,3.1248E-07,-3.1164E-07
0.56500000000000006,0.8,-1.9422E-05,-1.9316E-10,1.9432E-05,3.1235999999999997E-07,-3.116E-07
0.56,0.8,-2.2588E-05,-2.0229E-10,2.25E-05,3.1244E-07,-3.1162E-07
0.555,0.8,-2.614E-05,-2.1137000000000002E-10,2.6118E-05,3.124E-07,-3.116E-07
0.55,0.8,-3.0388E-05,-2.1493000000000003E-10,3.0236E-05,3.1246E-07,-3.1164E-07
0.545,0.8,-3.5102000000000004E-05,-2.2338E-10,3.5142E-05,3.1254E-07,-3.1174E-07
0.54,0.8,-4.0514E-05,-2.3116E-10,4.065E-05,3.1242E-07,-3.1162E-07
0.535,0.8,-4.6858000000000004E-05,-2.3655E-10,4.6962E-05,3.1244E-07,-3.1164E-07
0.53,0.8,-5.4340000000000005E-05,-2.4598E-10,5.4146E-05,3.124E-07,-3.1158E-07
0.525,0.8,-6.2532E-05,-2.5577000000000004E-10,6.2434E-05,3.124E-07,-3.1158E-07
0.52,0.8,-7.2042E-05,-2.6891E-10,7.2016E-05,3.1242E-07,-3.1164E-07
0.515,0.8,-8.2776000000000008E-05,-2.7509000000000003E-10,8.2702000000000009E-05,3.1238E-07,-3.1164E-07
0.51,0.8,-9.5008000000000009E-05,-2.8559000000000004E-10,9.509E-05,3.1242E-07,-3.1164E-07
0.505,0.8,-0.00010899,-2.9142E-10,0.00010905000000000001,3.1244E-07,-3.1164E-07
0.5,0.8,-0.00012468,-3.0464000000000005E-10,0.00012484,3.1242E-07,-3.1162E-07
0.49500000000000005,0.8,-0.00014230000000000002,-3.1508E-10,0.00014252,3.1242E-07,-3.1168E-07
0.49000000000000005,0.8,-0.00016250000000000002,-3.2573E-10,0.00016274,3.1246E-07,-3.116E-07
0.48500000000000004,0.8,-0.00018478,-3.3393E-10,0.00018500000000000002,3.1242E-07,-3.1164E-07
0.48000000000000004,0.8,-0.00021002000000000003,-3.4746E-10,0.00021030000000000002,3.1244E-07,-3.1164E-07
0.47500000000000003,0.8,-0.00023758,-3.6812E-10,0.0002378,3.1228E-07,-3.1158E-07
0.47000000000000003,0.8,-0.00026866,-3.715E-10,0.00026902,3.1242E-07,-3.1158E-07
0.465,0.8,-0.00030222,-3.8611E-10,0.00030252,3.1248E-07,-3.1165999999999997E-07
0.46,0.8,-0.00033984,-3.9838E-10,0.00034008000000000004,3.124E-07,-3.1164E-07
0.455,0.8,-0.00038018000000000004,-4.1029000000000004E-10,0.00038048000000000004,3.1238E-07,-3.1156E-07
0.45,0.8,-0.0004245,-4.3417E-10,0.00042482,3.1246E-07,-3.1164E-07
0.445,0.8,-0.00047218000000000005,-4.4934E-10,0.00047242000000000003,3.1235999999999997E-07,-3.1158E-07
0.44,0.8,-0.00052416000000000008,-4.5407E-10,0.00052434,3.1234E-07,-3.116E-07
0.435,0.8,-0.00057898,-4.7198000000000006E-10,0.00057942000000000009,3.1242E-07,-3.1168E-07
0.43,0.8,-0.00063898,-4.8742000000000006E-10,0.00063918,3.1248E-07,-3.116E-07
0.42500000000000004,0.8,-0.00070184,-4.9956000000000008E-10,0.00070204,3.1238E-07,-3.1158E-07
0.42000000000000004,0.8,-0.00076954000000000009,-5.2731E-10,0.00077020000000000007,3.1244E-07,-3.1164E-07
0.41500000000000004,0.8,-0.00084036000000000007,-5.4435000000000009E-10,0.00084068,3.1235999999999997E-07,-3.1158E-07
0.41000000000000003,0.8,-0.00091566000000000011,-5.614E-10,0.00091638000000000006,3.1238E-07,-3.1158E-07
0.405,0.8,-0.00099406000000000017,-5.7413000000000006E-10,0.00099464,3.1242E-07,-3.1164E-07
0.4,0.8,-0.00107754,-5.9221000000000007E-10,0.00107794,3.124E-07,-3.116E-07
0.395,0.8,-0.0011628,-6.1265E-10,0.0011634,3.1238E-07,-3.1158E-07
0.39,0.8,-0.0012536000000000001,-6.3102000000000006E-10,0.0012534,3.1242E-07,-3.1158E-07
0.385,0.8,-0.001346,-6.5089E-10,0.001347,3.124E-07,-3.1164E-07
0.38,0.8,-0.0014438,-6.7043E-10,0.0014432,3.1235999999999997E-07,-3.116E-07
0.375,0.8,-0.0015414,-6.9413000000000006E-10,0.0015422,3.1244E-07,-3.1168E-07
0.37,0.8,-0.0016448,-7.1838000000000006E-10,0.0016458,3.1244E-07,-3.1162E-07
0.365,0.8,-0.0017486000000000001,-7.3506E-10,0.0017496,3.1238E-07,-3.1164E-07
0.36000000000000004,0.8,-0.0018566000000000001,-7.6156000000000011E-10,0.0018578,3.1242E-07,-3.1162E-07
0.35500000000000004,0.8,-0.0019662,-7.8671000000000007E-10,0.001967,3.1235999999999997E-07,-3.1162E-07
0.35000000000000003,0.8,-0.0020796,-8.0897E-10,0.0020796,3.1244E-07,-3.1164E-07
0.34500000000000003,0.8,-0.002193,-8.3476E-10,0.0021938,3.1234E-07,-3.1151999999999997E-07
0.34,0.8,-0.0023094,-8.6052E-10,0.0023098,3.124E-07,-3.1156E-07
0.335,0.8,-0.002426,-8.8365E-10,0.0024274,3.123E-07,-3.1151999999999997E-07
0.33,0.8,-0.0025468,-9.1512E-10,0.0025458,3.1232E-07,-3.1156E-07
0.325,0.8,-0.0026656,-9.4206000000000016E-10,0.0026656,3.1232E-07,-3.116E-07
0.32,0.8,-0.0027876,-9.8319E-10,0.0027874,3.1242E-07,-3.1151999999999997E-07
0.315,0.8,-0.002907,-1.00571E-09,0.0029084000000000002,3.1238E-07,-3.1168E-07
0.31,0.8,-0.003032,-1.0327000000000002E-09,0.0030310000000000003,3.1235999999999997E-07,-3.117E-07
0.305,0.8,-0.0031516,-1.06877E-09,0.0031524,3.1235999999999997E-07,-3.1165999999999997E-07
0.3,0.8,-0.0032746,-1.0999E-09,0.0032746,3.1244E-07,-3.1174E-07
0.29500000000000004,0.8,-0.0033956,-1.1304E-09,0.0033958,3.1242E-07,-3.1162E-07
0.29000000000000004,0.8,-0.0035186,-1.166E-09,0.003519,3.1242E-07,-3.1164E-07
0.28500000000000003,0.8,-0.003638,-1.2014E-09,0.0036396,3.123E-07,-3.1156E-07
0.28,0.8,-0.0037616,-1.238E-09,0.0037612,3.1235999999999997E-07,-3.1164E-07
0.275,0.8,-0.0038814,-1.2758E-09,0.0038824000000000003,3.1235999999999997E-07,-3.1162E-07
0.27,0.8,-0.0040012,-1.318E-09,0.0040012,3.1238E-07,-3.1156E-07
0.265,0.8,-0.0041218,-1.3573E-09,0.0041222,3.1246E-07,-3.117E-07
0.26,0.8,-0.0042392,-1.3971E-09,0.0042404,3.1246E-07,-3.1168E-07
0.255,0.8,-0.004358,-1.4389E-09,0.0043588,3.1244E-07,-3.1168E-07
0.25,0.8,-0.004474,-1.4803E-09,0.004473,3.1248E-07,-3.1172E-07
0.24500000000000002,0.8,-0.0045904,-1.5257E-09,0.0045902,3.1249999999999997E-07,-3.1168E-07
0.24000000000000002,0.8,-0.0047048,-1.5772E-09,0.0047046,3.1254E-07,-3.1174E-07
0.23500000000000001,0.8,-0.0048178,-1.6235E-09,0.0048182,3.1242E-07,-3.117E-07
0.23,0.8,-0.0049286,-1.6675E-09,0.0049278,3.124E-07,-3.1165999999999997E-07
0.225,0.8,-0.0050396,-1.7149E-09,0.0050404000000000004,3.1256E-07,-3.1176E-07
0.22,0.8,-0.0051486,-1.7663E-09,0.0051492000000000005,3.1249999999999997E-07,-3.117E-07
0.215,0.8,-0.0052574,-1.8186E-09,0.0052580000000000005,3.1246E-07,-3.117E-07
0.21000000000000002,0.8,-0.0053622,-1.8699E-09,0.005363,3.124E-07,-3.1162E-07
0.20500000000000002,0.8,-0.0054678,-1.9279E-09,0.0054692000000000004,3.1244E-07,-3.1184E-07
0.2,0.8,-0.005571,-1.9836E-09,0.0055722,3.1246E-07,-3.1176E-07
0.195,0.8,-0.0056764,-2.038E-09,0.0056758,3.1246E-07,-3.1168E-07
0.19,0.8,-0.0057766,-2.0972E-09,0.0057754,3.1238E-07,-3.117E-07
0.185,0.8,-0.0058752,-2.1526E-09,0.0058758000000000005,3.1242E-07,-3.1165999999999997E-07
0.18000000000000002,0.8,-0.0059728,-2.2157E-09,0.0059718,3.1246E-07,-3.1168E-07
0.17500000000000002,0.8,-0.0060698,-2.2806E-09,0.0060714,3.1244E-07,-3.117E-07
0.17,0.8,-0.0061644000000000004,-2.3414E-09,0.0061642,3.1248E-07,-3.117E-07
0.165,0.8,-0.0062564000000000005,-2.4077E-09,0.0062586000000000004,3.1238E-07,-3.1168E-07
0.16,0.8,-0.0063502,-2.4771E-09,0.0063498,3.1235999999999997E-07,-3.1168E-07
0.155,0.8,-0.0064398,-2.5539E-09,0.0064404,3.1248E-07,-3.1176E-07
0.15,0.8,-0.00653,-2.6271E-09,0.0065296,3.1248E-07,-3.117E-07
0.14500000000000002,0.8,-0.0066170000000000005,-2.691E-09,0.0066172,3.1242E-07,-3.1164E-07
0.14,0.8,-0.006704,-2.7782E-09,0.0067032,3.1244E-07,-3.1162E-07
0.135,0.8,-0.0067872,-2.8423E-09,0.0067870000000000005,3.1249999999999997E-07,-3.1176E-07
0.13,0.8,-0.0068720000000000005,-2.9174E-09,0.0068716,3.1246E-07,-3.1172E-07
0.125,0.8,-0.006952,-2.9924E-09,0.0069542,3.1246E-07,-3.1176E-07
0.12000000000000001,0.8,-0.0070348,-3.0764E-09,0.0070356,3.1242E-07,-3.1172E-07
0.115,0.8,-0.0071122,-3.1613E-09,0.0071140000000000005,3.1248E-07,-3.1176E-07
0.11,0.8,-0.0071920000000000005,-3.2433E-09,0.0071920000000000005,3.1238E-07,-3.1174E-07
0.10500000000000001,0.8,-0.0072678000000000005,-3.3485E-09,0.0072682,3.1248E-07,-3.1179999999999997E-07
0.1,0.8,-0.0073434,-3.4244E-09,0.0073442,3.1246E-07,-3.1178E-07
0.095,0.8,-0.0074176,-3.507E-09,0.007418,3.1249999999999997E-07,-3.1178E-07
0.090000000000000011,0.8,-0.007491,-3.6026E-09,0.0074912,3.1248E-07,-3.1174E-07
0.085,0.8,-0.0075616,-3.6957E-09,0.0075626,3.1244E-07,-3.1176E-07
0.08,0.8,-0.0076328,-3.7891E-09,0.007633,3.1248E-07,-3.1176E-07
0.075,0.8,-0.0077004000000000005,-3.9023E-09,0.0077014,3.1258E-07,-3.1176E-07
0.07,0.8,-0.007771,-4.0097E-09,0.0077716,3.1262E-07,-3.1174E-07
0.065,0.8,-0.007837,-4.1141E-09,0.0078378,3.1244E-07,-3.1168E-07
0.060000000000000005,0.8,-0.007902,-4.2336E-09,0.0079022,3.1252E-07,-3.1172E-07
0.055,0.8,-0.0079678,-4.3427E-09,0.0079668,3.1256E-07,-3.1182E-07
0.05,0.8,-0.0080292,-4.4344E-09,0.0080298,3.1252E-07,-3.1172E-07
0.045000000000000005,0.8,-0.0080924,-4.5367E-09,0.008093,3.1234E-07,-3.1176E-07
0.04,0.8,-0.0081546,-4.6537E-09,0.0081534,3.1238E-07,-3.1176E-07
0.035,0.8,-0.0082132,-4.7705E-09,0.0082144,3.1235999999999997E-07,-3.1176E-07
0.030000000000000002,0.8,-0.008273,-4.8894E-09,0.0082724000000000009,3.1248E-07,-3.1176E-07
0.025,0.8,-0.008331,-5.0251E-09,0.00833,3.1248E-07,-3.117E-07
0.02,0.8,-0.0083858,-5.1578E-09,0.0083878,3.1244E-07,-3.1176E-07
0.015000000000000001,0.8,-0.0084452,-5.2961E-09,0.0084432,3.1246E-07,-3.1176E-07
0.01,0.8,-0.008497600000000001,-5.4207E-09,0.0084984,3.1249999999999997E-07,-3.1186E-07
0.005,0.8,-0.008552800000000001,-5.5927E-09,0.008554,3.1244E-07,-3.1179999999999997E-07
0,0.8,-0.008605,-5.7237E-09,0.0086066,3.1244E-07,-3.1176E-07
1.2,0.81,-7.7380000000000006E-10,1.2442000000000002E-10,-3.151E-11,3.1224E-07,-3.116E-07
1.195,0.81,-7.590400000000001E-10,1.1888E-10,-3.151E-11,3.1232E-07,-3.116E-07
1.19,0.81,-7.6211000000000007E-10,1.1330000000000001E-10,-3.186E-11,3.1232E-07,-3.116E-07
1.185,0.81,-7.603900000000001E-10,1.0987E-10,-2.5990000000000002E-11,3.1226E-07,-3.1158E-07
1.1800000000000002,0.81,-7.7089E-10,1.0159000000000001E-10,-2.7200000000000004E-11,3.123E-07,-3.1156E-07
1.175,0.81,-7.643800000000001E-10,9.7940000000000013E-11,-2.6920000000000002E-11,3.1224E-07,-3.1156E-07
1.1700000000000002,0.81,-7.571000000000001E-10,9.405E-11,-2.797E-11,3.1226E-07,-3.1151999999999997E-07
1.165,0.81,-7.4925000000000008E-10,9.0120000000000008E-11,-2.192E-11,3.123E-07,-3.1158E-07
1.1600000000000001,0.81,-7.538E-10,8.5840000000000011E-11,-2.342E-11,3.1228E-07,-3.1158E-07
1.155,0.81,-7.5191E-10,8.142E-11,-2.5190000000000002E-11,3.123E-07,-3.1154E-07
1.1500000000000001,0.81,-7.5900000000000007E-10,7.8510000000000009E-11,-2.214E-11,3.1232E-07,-3.1162E-07
1.145,0.81,-7.5105E-10,7.42E-11,-2.087E-11,3.1232E-07,-3.1158E-07
1.1400000000000001,0.81,-7.511E-10,7.153000000000001E-11,-2.118E-11,3.123E-07,-3.1156E-07
1.135,0.81,-7.4615000000000005E-10,6.84E-11,-2.192E-11,3.1226E-07,-3.1158E-07
1.1300000000000001,0.81,-7.495E-10,6.54E-11,-1.814E-11,3.1232E-07,-3.1156E-07
1.125,0.81,-7.4781E-10,6.1060000000000007E-11,-1.773E-11,3.1228E-07,-3.1156E-07
1.12,0.81,-7.4737000000000008E-10,6E-11,-1.83E-11,3.1238E-07,-3.1165999999999997E-07
1.115,0.81,-7.4412E-10,5.8130000000000004E-11,-1.826E-11,3.1232E-07,-3.1162E-07
1.11,0.81,-7.4469E-10,5.4350000000000005E-11,-1.3800000000000002E-11,3.1228E-07,-3.1158E-07
1.105,0.81,-7.350300000000001E-10,5.1230000000000007E-11,-1.221E-11,3.1232E-07,-3.1156E-07
1.1,0.81,-7.4047E-10,4.898E-11,-1.4290000000000002E-11,3.1232E-07,-3.1154E-07
1.095,0.81,-7.4020000000000009E-10,4.866E-11,-1.2770000000000002E-11,3.1232E-07,-3.1151999999999997E-07
1.09,0.81,-7.3473000000000011E-10,4.446E-11,-1.2470000000000002E-11,3.1228E-07,-3.1156E-07
1.085,0.81,-7.3780000000000008E-10,4.22E-11,-1.0420000000000001E-11,3.123E-07,-3.1158E-07
1.08,0.81,-7.2155000000000006E-10,4.181E-11,-1.047E-11,3.1226E-07,-3.1158E-07
1.075,0.81,-7.4308000000000009E-10,3.831E-11,-1.2E-11,3.1235999999999997E-07,-3.1154E-07
1.07,0.81,-7.2630000000000007E-10,3.845E-11,-4.5000000000000006E-12,3.1224E-07,-3.1154E-07
1.065,0.81,-7.3778E-10,3.471E-11,-1.0220000000000001E-11,3.1232E-07,-3.1158E-07
1.06,0.81,-7.3521000000000009E-10,3.445E-11,-7.4E-12,3.123E-07,-3.1156E-07
1.0550000000000002,0.81,-7.2244E-10,3.3700000000000004E-11,-7.29E-12,3.1232E-07,-3.115E-07
1.05,0.81,-7.308600000000001E-10,2.8520000000000002E-11,-5.08E-12,3.1226E-07,-3.1154E-07
1.0450000000000002,0.81,-7.2968E-10,2.947E-11,-6.9500000000000009E-12,3.123E-07,-3.1154E-07
1.04,0.81,-7.4112E-10,2.7190000000000002E-11,-7.22E-12,3.1238E-07,-3.1158E-07
1.0350000000000001,0.81,-7.3508E-10,2.6560000000000003E-11,-6.6E-13,3.1232E-07,-3.1156E-07
1.03,0.81,-7.2971000000000006E-10,2.3430000000000003E-11,-2.9800000000000002E-12,3.1232E-07,-3.1156E-07
1.0250000000000001,0.81,-7.2678E-10,2.436E-11,-1.4400000000000001E-12,3.1234E-07,-3.1158E-07
1.02,0.81,-7.2439E-10,2.354E-11,-4.4000000000000004E-13,3.123E-07,-3.1151999999999997E-07
1.0150000000000001,0.81,-7.381400000000001E-10,1.9970000000000003E-11,2.9E-12,3.123E-07,-3.1154E-07
1.01,0.81,-7.3451000000000008E-10,2.112E-11,7.32E-12,3.1238E-07,-3.116E-07
1.0050000000000001,0.81,-7.300400000000001E-10,1.8050000000000002E-11,3.8900000000000006E-12,3.1242E-07,-3.1162E-07
1,0.81,-7.3886000000000007E-10,1.859E-11,8.04E-12,3.1235999999999997E-07,-3.1162E-07
0.995,0.81,-7.2889000000000005E-10,1.7050000000000002E-11,1.18E-11,3.1226E-07,-3.116E-07
0.9900000000000001,0.81,-7.431300000000001E-10,1.502E-11,1.46E-11,3.1228E-07,-3.1156E-07
0.9850000000000001,0.81,-7.3746000000000006E-10,1.792E-11,1.917E-11,3.1226E-07,-3.1151999999999997E-07
0.98000000000000009,0.81,-7.5382000000000009E-10,1.3480000000000002E-11,2.2370000000000003E-11,3.1228E-07,-3.115E-07
0.97500000000000009,0.81,-7.5545E-10,1.3680000000000002E-11,3.2140000000000005E-11,3.1226E-07,-3.115E-07
0.97000000000000008,0.81,-7.4835000000000011E-10,1.137E-11,3.162E-11,3.1232E-07,-3.1148E-07
0.96500000000000008,0.81,-7.700800000000001E-10,1.2870000000000002E-11,4.4370000000000004E-11,3.1226E-07,-3.1154E-07
0.96000000000000008,0.81,-7.6425E-10,1.229E-11,5.146E-11,3.1235999999999997E-07,-3.1158E-07
0.95500000000000007,0.81,-7.8014000000000006E-10,8E-12,5.9240000000000007E-11,3.123E-07,-3.1156E-07
0.95000000000000007,0.81,-7.8993000000000008E-10,1.096E-11,7.1970000000000011E-11,3.1228E-07,-3.1154E-07
0.94500000000000006,0.81,-7.9697000000000009E-10,9.34E-12,8.1600000000000008E-11,3.1232E-07,-3.1151999999999997E-07
0.94000000000000006,0.81,-8.2154E-10,8.8000000000000013E-12,1.0082000000000001E-10,3.1226E-07,-3.115E-07
0.935,0.81,-8.2084E-10,8.02E-12,1.1875E-10,3.123E-07,-3.1151999999999997E-07
0.93,0.81,-8.509200000000001E-10,6.4700000000000005E-12,1.3517E-10,3.1228E-07,-3.1151999999999997E-07
0.925,0.81,-8.7282000000000009E-10,9.2000000000000012E-12,1.6566000000000003E-10,3.1228E-07,-3.1151999999999997E-07
0.92,0.81,-9.0706000000000007E-10,4.98E-12,1.9303E-10,3.1232E-07,-3.115E-07
0.915,0.81,-9.4685E-10,4.8500000000000005E-12,2.2866000000000002E-10,3.122E-07,-3.1151999999999997E-07
0.91,0.81,-9.7598E-10,5.4000000000000004E-12,2.6503E-10,3.1235999999999997E-07,-3.1148E-07
0.905,0.81,-1.03476E-09,4.8000000000000005E-12,3.164E-10,3.1226E-07,-3.1148E-07
0.9,0.81,-1.0734100000000001E-09,5.5700000000000007E-12,3.7460000000000003E-10,3.1226E-07,-3.1156E-07
0.895,0.81,-1.1595E-09,1.36E-12,4.4203E-10,3.1226E-07,-3.115E-07
0.89,0.81,-1.2271E-09,3.0400000000000004E-12,5.1864000000000008E-10,3.1228E-07,-3.1158E-07
0.885,0.81,-1.3178E-09,1.98E-12,6.069E-10,3.1224E-07,-3.1158E-07
0.88,0.81,-1.4241E-09,2.64E-12,7.2111E-10,3.123E-07,-3.1151999999999997E-07
0.875,0.81,-1.5479E-09,1.37E-12,8.4195000000000008E-10,3.123E-07,-3.1156E-07
0.87,0.81,-1.705E-09,-1.9000000000000002E-13,9.883E-10,3.123E-07,-3.1162E-07
0.865,0.81,-1.8833E-09,2.13E-12,1.1677E-09,3.123E-07,-3.1146E-07
0.86,0.81,-2.0776E-09,2.0000000000000003E-14,1.3792E-09,3.1228E-07,-3.1154E-07
0.85500000000000009,0.81,-2.3276E-09,-3.6000000000000003E-13,1.6301E-09,3.1228E-07,-3.1162E-07
0.85000000000000009,0.81,-2.6124E-09,-1.7200000000000001E-12,1.8949E-09,3.1235999999999997E-07,-3.1158E-07
0.84500000000000008,0.81,-2.9506E-09,-5.9E-13,2.2309E-09,3.1232E-07,-3.1156E-07
0.84000000000000008,0.81,-3.3386E-09,-2.06E-12,2.6397E-09,3.123E-07,-3.1151999999999997E-07
0.83500000000000008,0.81,-3.7851E-09,-2.9400000000000004E-12,3.1071E-09,3.123E-07,-3.1156E-07
0.83000000000000007,0.81,-4.3419E-09,-1.8100000000000002E-12,3.6415E-09,3.1232E-07,-3.1158E-07
0.82500000000000007,0.81,-4.974E-09,-3.0900000000000004E-12,4.2766E-09,3.1224E-07,-3.1158E-07
0.82000000000000006,0.81,-5.7482E-09,-4.78E-12,5.0406E-09,3.1235999999999997E-07,-3.116E-07
0.81500000000000006,0.81,-6.6186E-09,-4.7000000000000006E-12,5.957E-09,3.1232E-07,-3.1164E-07
0.81,0.81,-7.6963E-09,-5.55E-12,6.9641E-09,3.1226E-07,-3.1154E-07
0.805,0.81,-8.9287E-09,-7.62E-12,8.2372E-09,3.1232E-07,-3.1156E-07
0.8,0.81,-1.0369E-08,-8.13E-12,9.7091E-09,3.123E-07,-3.116E-07
0.795,0.81,-1.2107599999999998E-08,-8.1900000000000013E-12,1.13707E-08,3.1238E-07,-3.116E-07
0.79,0.81,-1.4119799999999999E-08,-9.25E-12,1.3452999999999998E-08,3.1232E-07,-3.1165999999999997E-07
0.785,0.81,-1.65388E-08,-1.1020000000000001E-11,1.5793599999999997E-08,3.1238E-07,-3.1165999999999997E-07
0.78,0.81,-1.92342E-08,-1.2260000000000002E-11,1.85914E-08,3.1242E-07,-3.1165999999999997E-07
0.775,0.81,-2.2528599999999998E-08,-1.394E-11,2.19874E-08,3.124E-07,-3.1168E-07
0.77,0.81,-2.6482599999999998E-08,-1.459E-11,2.5910599999999998E-08,3.1232E-07,-3.1168E-07
0.765,0.81,-3.12324E-08,-1.5890000000000003E-11,3.0610399999999996E-08,3.1242E-07,-3.1168E-07
0.76,0.81,-3.6654399999999994E-08,-1.722E-11,3.5864599999999995E-08,3.1235999999999997E-07,-3.1164E-07
0.755,0.81,-4.2877399999999996E-08,-1.8980000000000002E-11,4.2134E-08,3.123E-07,-3.1162E-07
0.75,0.81,-5.0287999999999993E-08,-2.158E-11,4.9696399999999992E-08,3.123E-07,-3.1156E-07
0.745,0.81,-5.9347799999999992E-08,-2.238E-11,5.8816199999999993E-08,3.1226E-07,-3.115E-07
0.74,0.81,-6.99604E-08,-2.5160000000000003E-11,6.91222E-08,3.1226E-07,-3.116E-07
0.735,0.81,-8.2108799999999987E-08,-2.6160000000000003E-11,8.1240399999999987E-08,3.1228E-07,-3.1158E-07
0.73,0.81,-9.6669199999999988E-08,-3.009E-11,9.5342199999999992E-08,3.1226E-07,-3.1148E-07
0.72500000000000009,0.81,-1.1310899999999998E-07,-3.139E-11,1.1241659999999999E-07,3.1234E-07,-3.116E-07
0.72000000000000008,0.81,-1.3285999999999999E-07,-3.366E-11,1.3204E-07,3.123E-07,-3.1156E-07
0.71500000000000008,0.81,-1.5672E-07,-3.482E-11,1.567E-07,3.1228E-07,-3.115E-07
0.71000000000000008,0.81,-1.8563999999999999E-07,-3.992E-11,1.8411999999999998E-07,3.1226E-07,-3.1156E-07
0.70500000000000007,0.81,-2.1864E-07,-4.446E-11,2.177E-07,3.1224E-07,-3.115E-07
0.70000000000000007,0.81,-2.5776E-07,-4.578E-11,2.5578E-07,3.1224E-07,-3.1158E-07
0.69500000000000006,0.81,-3.0068E-07,-5.1370000000000006E-11,3.0096E-07,3.123E-07,-3.1156E-07
0.69000000000000006,0.81,-3.523E-07,-5.393E-11,3.571E-07,3.123E-07,-3.1162E-07
0.685,0.81,-4.1861999999999997E-07,-5.4500000000000006E-11,4.2132E-07,3.1224E-07,-3.116E-07
0.68,0.81,-4.9254E-07,-5.9760000000000009E-11,4.9412E-07,3.1226E-07,-3.1158E-07
0.675,0.81,-5.8094E-07,-6.513E-11,5.8338E-07,3.1228E-07,-3.1158E-07
0.67,0.81,-6.8406E-07,-6.9080000000000009E-11,6.8246E-07,3.122E-07,-3.1151999999999997E-07
0.665,0.81,-8.065E-07,-7.575000000000001E-11,8.0452E-07,3.1226E-07,-3.115E-07
0.66,0.81,-9.4808E-07,-8.078E-11,9.4446E-07,3.1224E-07,-3.115E-07
0.655,0.81,-1.11098E-06,-8.084E-11,1.11868E-06,3.123E-07,-3.1158E-07
0.65,0.81,-1.3111E-06,-8.922E-11,1.3175E-06,3.1238E-07,-3.1164E-07
0.645,0.81,-1.5373E-06,-9.3310000000000012E-11,1.5482E-06,3.123E-07,-3.1156E-07
0.64,0.81,-1.8167000000000001E-06,-9.7170000000000012E-11,1.8069000000000002E-06,3.1232E-07,-3.1156E-07
0.635,0.81,-2.1373000000000003E-06,-1.0413E-10,2.1250000000000004E-06,3.1224E-07,-3.1156E-07
0.63,0.81,-2.5031000000000002E-06,-1.1036000000000001E-10,2.5038E-06,3.1224E-07,-3.1162E-07
0.625,0.81,-2.9287000000000004E-06,-1.1596E-10,2.9444E-06,3.1226E-07,-3.1154E-07
0.62,0.81,-3.4663E-06,-1.2217E-10,3.4632E-06,3.122E-07,-3.1151999999999997E-07
0.615,0.81,-4.0641000000000006E-06,-1.2570000000000002E-10,4.0482000000000005E-06,3.1226E-07,-3.116E-07
0.61,0.81,-4.7441000000000009E-06,-1.3505000000000001E-10,4.7579000000000006E-06,3.1224E-07,-3.1154E-07
0.605,0.81,-5.5420000000000005E-06,-1.415E-10,5.5924000000000009E-06,3.1216E-07,-3.115E-07
0.6,0.81,-6.5095000000000009E-06,-1.4647E-10,6.5457000000000007E-06,3.1224E-07,-3.1151999999999997E-07
0.595,0.81,-7.6442E-06,-1.5521E-10,7.6126000000000006E-06,3.1221999999999997E-07,-3.1151999999999997E-07
0.59000000000000008,0.81,-8.9058E-06,-1.5921E-10,8.9028E-06,3.1218E-07,-3.1146E-07
0.58500000000000008,0.81,-1.03667E-05,-1.6716000000000002E-10,1.0419000000000001E-05,3.1226E-07,-3.1151999999999997E-07
0.58000000000000007,0.81,-1.22E-05,-1.7263E-10,1.2136E-05,3.1224E-07,-3.1151999999999997E-07
0.57500000000000007,0.81,-1.4184E-05,-1.8109000000000002E-10,1.4112E-05,3.1235999999999997E-07,-3.116E-07
0.57000000000000006,0.81,-1.6434000000000002E-05,-1.9104000000000002E-10,1.6444E-05,3.1228E-07,-3.1154E-07
0.56500000000000006,0.81,-1.9088E-05,-1.9663000000000002E-10,1.914E-05,3.1224E-07,-3.1158E-07
0.56,0.81,-2.2144E-05,-2.0123E-10,2.2316E-05,3.123E-07,-3.1158E-07
0.555,0.81,-2.573E-05,-2.0858000000000002E-10,2.5794E-05,3.1228E-07,-3.1151999999999997E-07
0.55,0.81,-2.9918E-05,-2.1579E-10,2.9902000000000003E-05,3.1232E-07,-3.1158E-07
0.545,0.81,-3.467E-05,-2.2379E-10,3.4584E-05,3.1235999999999997E-07,-3.1158E-07
0.54,0.81,-4.0042E-05,-2.3308000000000004E-10,3.9936E-05,3.1228E-07,-3.115E-07
0.535,0.81,-4.6298E-05,-2.416E-10,4.6116000000000004E-05,3.1232E-07,-3.1158E-07
0.53,0.81,-5.3296E-05,-2.5060000000000004E-10,5.3406E-05,3.1221999999999997E-07,-3.1154E-07
0.525,0.81,-6.1438E-05,-2.5975E-10,6.138E-05,3.1232E-07,-3.116E-07
0.52,0.81,-7.0768E-05,-2.6712E-10,7.0796E-05,3.123E-07,-3.1156E-07
0.515,0.81,-8.1282E-05,-2.7767000000000003E-10,8.1346E-05,3.1226E-07,-3.1154E-07
0.51,0.81,-9.352E-05,-2.8701E-10,9.3486E-05,3.1232E-07,-3.1156E-07
0.505,0.81,-0.000107086,-2.9678000000000003E-10,0.00010698000000000001,3.1234E-07,-3.1151999999999997E-07
0.5,0.81,-0.00012218,-3.0702000000000004E-10,0.00012246000000000002,3.1232E-07,-3.1151999999999997E-07
0.49500000000000005,0.81,-0.00013962000000000002,-3.1712000000000004E-10,0.00013994000000000002,3.1226E-07,-3.1158E-07
0.49000000000000005,0.81,-0.00015942000000000002,-3.2974000000000004E-10,0.00015946000000000002,3.1232E-07,-3.1158E-07
0.48500000000000004,0.81,-0.00018116,-3.4011000000000003E-10,0.00018142,3.123E-07,-3.1164E-07
0.48000000000000004,0.81,-0.00020564000000000002,-3.5261000000000004E-10,0.00020606000000000002,3.123E-07,-3.116E-07
0.47500000000000003,0.81,-0.0002325,-3.6261000000000005E-10,0.00023292,3.123E-07,-3.1158E-07
0.47000000000000003,0.81,-0.00026286,-3.82E-10,0.00026294,3.122E-07,-3.1158E-07
0.465,0.81,-0.00029556,-3.8958E-10,0.00029574,3.1226E-07,-3.1162E-07
0.46,0.81,-0.00033184,-4.0577000000000004E-10,0.0003321,3.1226E-07,-3.1158E-07
0.455,0.81,-0.00037086000000000004,-4.1899E-10,0.00037132,3.1226E-07,-3.116E-07
0.45,0.81,-0.00041428000000000005,-4.317E-10,0.00041438,3.123E-07,-3.1154E-07
0.445,0.81,-0.00046006000000000004,-4.4530000000000005E-10,0.00046016000000000004,3.1226E-07,-3.1164E-07
0.44,0.81,-0.00051012000000000008,-4.5957000000000005E-10,0.00051046,3.1235999999999997E-07,-3.1158E-07
0.435,0.81,-0.00056354000000000007,-4.7452E-10,0.00056338,3.1224E-07,-3.1158E-07
0.43,0.81,-0.00062074,-4.9168E-10,0.00062082,3.1226E-07,-3.1156E-07
0.42500000000000004,0.81,-0.00068098000000000008,-5.1039E-10,0.00068108,3.1235999999999997E-07,-3.1164E-07
0.42000000000000004,0.81,-0.00074554,-5.2854E-10,0.00074616,3.1238E-07,-3.117E-07
0.41500000000000004,0.81,-0.00081332000000000008,-5.4444E-10,0.00081358,3.122E-07,-3.1158E-07
0.41000000000000003,0.81,-0.00088600000000000007,-5.6210000000000005E-10,0.0008857,3.1234E-07,-3.1162E-07
0.405,0.81,-0.00095970000000000007,-5.7945E-10,0.00096008000000000009,3.1226E-07,-3.1154E-07
0.4,0.81,-0.0010391600000000001,-5.9834E-10,0.00103918,3.123E-07,-3.1151999999999997E-07
0.395,0.81,-0.0011201000000000002,-6.2173000000000009E-10,0.00112048,3.1226E-07,-3.1154E-07
0.39,0.81,-0.0012058,-6.4226E-10,0.001206,3.1224E-07,-3.1151999999999997E-07
0.385,0.81,-0.001292,-6.6198E-10,0.0012932,3.1224E-07,-3.1154E-07
0.38,0.81,-0.001384,-6.8604E-10,0.0013852,3.1221999999999997E-07,-3.1162E-07
0.375,0.81,-0.0014766,-7.0519E-10,0.001477,3.1226E-07,-3.1156E-07
0.37,0.81,-0.0015736,-7.2958000000000008E-10,0.0015738,3.1228E-07,-3.1162E-07
0.365,0.81,-0.0016712,-7.5030000000000009E-10,0.0016714,3.1224E-07,-3.1162E-07
0.36000000000000004,0.81,-0.0017724,-7.7374000000000006E-10,0.0017722,3.1226E-07,-3.1156E-07
0.35500000000000004,0.81,-0.0018736,-7.9734000000000006E-10,0.0018744,3.1232E-07,-3.1156E-07
0.35000000000000003,0.81,-0.0019776,-8.2796000000000011E-10,0.0019784,3.1224E-07,-3.1156E-07
0.34500000000000003,0.81,-0.0020824,-8.491600000000001E-10,0.0020832,3.1221999999999997E-07,-3.116E-07
0.34,0.81,-0.00219,-8.8269000000000008E-10,0.0021904,3.1224E-07,-3.1156E-07
0.335,0.81,-0.0022972,-9.0779E-10,0.002297,3.1232E-07,-3.1158E-07
0.33,0.81,-0.0024066,-9.3296E-10,0.002407,3.1224E-07,-3.116E-07
0.325,0.81,-0.002515,-9.6559000000000018E-10,0.0025146,3.123E-07,-3.1158E-07
0.32,0.81,-0.002626,-9.9386000000000012E-10,0.0026262,3.123E-07,-3.1162E-07
0.315,0.81,-0.0027352,-1.0273200000000001E-09,0.0027362000000000003,3.1224E-07,-3.1156E-07
0.31,0.81,-0.0028484,-1.05887E-09,0.0028472000000000003,3.1226E-07,-3.116E-07
0.305,0.81,-0.002956,-1.0923800000000001E-09,0.0029582000000000002,3.1226E-07,-3.1158E-07
0.3,0.81,-0.0030698,-1.125E-09,0.0030702,3.1224E-07,-3.1156E-07
0.29500000000000004,0.81,-0.0031794,-1.1608E-09,0.0031786,3.1232E-07,-3.1158E-07
0.29000000000000004,0.81,-0.0032892,-1.1973E-09,0.003291,3.1226E-07,-3.1162E-07
0.28500000000000003,0.81,-0.0033996,-1.2324E-09,0.0033998,3.1228E-07,-3.1158E-07
0.28,0.81,-0.0035096,-1.2737E-09,0.0035102,3.1226E-07,-3.1156E-07
0.275,0.81,-0.0036176,-1.3081E-09,0.0036178,3.1226E-07,-3.1164E-07
0.27,0.81,-0.0037246000000000002,-1.3491E-09,0.0037262000000000003,3.1232E-07,-3.1158E-07
0.265,0.81,-0.0038334000000000003,-1.3929E-09,0.0038334000000000003,3.1232E-07,-3.1164E-07
0.26,0.81,-0.0039388,-1.4323E-09,0.0039398,3.1221999999999997E-07,-3.1151999999999997E-07
0.255,0.81,-0.0040456,-1.4742E-09,0.004045,3.1226E-07,-3.1164E-07
0.25,0.81,-0.0041502,-1.5167E-09,0.0041498,3.123E-07,-3.116E-07
0.24500000000000002,0.81,-0.004253,-1.5666E-09,0.0042536,3.1224E-07,-3.1158E-07
0.24000000000000002,0.81,-0.0043548,-1.6153E-09,0.0043552,3.1226E-07,-3.1162E-07
0.23500000000000001,0.81,-0.0044568,-1.6618E-09,0.004457,3.1226E-07,-3.1158E-07
0.23,0.81,-0.0045558000000000005,-1.7127E-09,0.0045558000000000005,3.123E-07,-3.1158E-07
0.225,0.81,-0.004655,-1.7625E-09,0.0046562,3.123E-07,-3.1162E-07
0.22,0.81,-0.0047514,-1.813E-09,0.0047524,3.1234E-07,-3.1164E-07
0.215,0.81,-0.004849,-1.8643E-09,0.0048502,3.1228E-07,-3.1156E-07
0.21000000000000002,0.81,-0.0049428,-1.9236E-09,0.0049444,3.1238E-07,-3.1164E-07
0.20500000000000002,0.81,-0.0050376,-1.9808E-09,0.0050374,3.1232E-07,-3.1162E-07
0.2,0.81,-0.0051296,-2.0323E-09,0.0051296,3.123E-07,-3.1165999999999997E-07
0.195,0.81,-0.0052214,-2.0912E-09,0.005222,3.1235999999999997E-07,-3.117E-07
0.19,0.81,-0.0053098,-2.1526E-09,0.005311,3.1234E-07,-3.1162E-07
0.185,0.81,-0.005399,-2.2142E-09,0.005399,3.1235999999999997E-07,-3.1168E-07
0.18000000000000002,0.81,-0.0054844,-2.2768E-09,0.0054836,3.1232E-07,-3.1165999999999997E-07
0.17500000000000002,0.81,-0.0055714,-2.3467E-09,0.0055722,3.123E-07,-3.1174E-07
0.17,0.81,-0.005655,-2.4046E-09,0.0056548,3.123E-07,-3.1158E-07
0.165,0.81,-0.0057372000000000005,-2.4783E-09,0.0057378,3.1228E-07,-3.1156E-07
0.16,0.81,-0.0058196,-2.547E-09,0.0058196,3.1235999999999997E-07,-3.1165999999999997E-07
0.155,0.81,-0.0058982,-2.6151E-09,0.0058980000000000005,3.1228E-07,-3.1156E-07
0.15,0.81,-0.005978,-2.69E-09,0.0059782,3.123E-07,-3.1165999999999997E-07
0.14500000000000002,0.81,-0.0060558,-2.7651E-09,0.006057,3.1226E-07,-3.1164E-07
0.14,0.81,-0.0061336,-2.8424E-09,0.0061346000000000005,3.1224E-07,-3.1168E-07
0.135,0.81,-0.0062086,-2.9116E-09,0.0062062,3.123E-07,-3.1164E-07
0.13,0.81,-0.006282,-2.9919E-09,0.0062824000000000005,3.1232E-07,-3.1172E-07
0.125,0.81,-0.0063536,-3.072E-09,0.0063544000000000005,3.1242E-07,-3.1172E-07
0.12000000000000001,0.81,-0.0064264000000000005,-3.1568E-09,0.0064264000000000005,3.1232E-07,-3.117E-07
0.115,0.81,-0.0064956,-3.2411E-09,0.0064978,3.123E-07,-3.1158E-07
0.11,0.81,-0.0065654,-3.3319E-09,0.0065658,3.1234E-07,-3.1176E-07
0.10500000000000001,0.81,-0.0066324,-3.4161E-09,0.006633,3.123E-07,-3.1168E-07
0.1,0.81,-0.006701,-3.5044E-09,0.0066996,3.1238E-07,-3.1168E-07
0.095,0.81,-0.0067654,-3.5983E-09,0.0067654,3.1234E-07,-3.1168E-07
0.090000000000000011,0.81,-0.0068294,-3.698E-09,0.0068298000000000005,3.1232E-07,-3.117E-07
0.085,0.81,-0.0068914,-3.793E-09,0.006894,3.123E-07,-3.1164E-07
0.08,0.81,-0.0069554000000000005,-3.8977E-09,0.0069568,3.1235999999999997E-07,-3.1174E-07
0.075,0.81,-0.007017,-3.9948E-09,0.0070168,3.1232E-07,-3.117E-07
0.07,0.81,-0.0070772000000000005,-4.0988E-09,0.0070778,3.124E-07,-3.1164E-07
0.065,0.81,-0.0071352,-4.2017E-09,0.0071354,3.123E-07,-3.1172E-07
0.060000000000000005,0.81,-0.0071932,-4.3192E-09,0.0071934,3.1238E-07,-3.1174E-07
0.055,0.81,-0.0072498,-4.4288E-09,0.0072506,3.1238E-07,-3.1172E-07
0.05,0.81,-0.007306,-4.5449E-09,0.0073044,3.1234E-07,-3.1168E-07
0.045000000000000005,0.81,-0.0073614000000000006,-4.6616E-09,0.0073618,3.1232E-07,-3.117E-07
0.04,0.81,-0.0074162,-4.781E-09,0.0074146,3.1232E-07,-3.1168E-07
0.035,0.81,-0.0074672,-4.8983E-09,0.0074676000000000005,3.1232E-07,-3.1162E-07
0.030000000000000002,0.81,-0.0075212000000000005,-5.0266E-09,0.0075188,3.122E-07,-3.1165999999999997E-07
0.025,0.81,-0.0075716,-5.1556E-09,0.007573,3.1218E-07,-3.1156E-07
0.02,0.81,-0.0076224000000000005,-5.2843E-09,0.0076224000000000005,3.1224E-07,-3.1164E-07
0.015000000000000001,0.81,-0.00767,-5.4266E-09,0.0076718,3.123E-07,-3.1154E-07
0.01,0.81,-0.0077192,-5.5596E-09,0.0077208,3.1224E-07,-3.1162E-07
0.005,0.81,-0.0077670000000000005,-5.7003E-09,0.0077668,3.123E-07,-3.1162E-07
0,0.81,-0.007814,-5.8386E-09,0.0078144,3.122E-07,-3.1162E-07
1.2,0.82000000000000006,-6.9953000000000006E-10,1.2169000000000002E-10,-3.6260000000000006E-11,3.122E-07,-3.1156E-07
1.195,0.82000000000000006,-6.9840000000000009E-10,1.165E-10,-3.311E-11,3.122E-07,-3.1156E-07
1.19,0.82000000000000006,-6.8498E-10,1.1072E-10,-3.0870000000000006E-11,3.122E-07,-3.1158E-07
1.185,0.82000000000000006,-6.8873000000000006E-10,1.0304000000000001E-10,-2.9620000000000003E-11,3.1224E-07,-3.1162E-07
1.1800000000000002,0.82000000000000006,-6.8144000000000008E-10,1.021E-10,-3.0350000000000004E-11,3.122E-07,-3.1156E-07
1.175,0.82000000000000006,-6.8701000000000009E-10,9.4670000000000008E-11,-3.157E-11,3.1214E-07,-3.1154E-07
1.1700000000000002,0.82000000000000006,-6.857700000000001E-10,9.178E-11,-2.3410000000000003E-11,3.1218E-07,-3.1158E-07
1.165,0.82000000000000006,-6.7467E-10,8.517E-11,-2.7810000000000002E-11,3.1218E-07,-3.1154E-07
1.1600000000000001,0.82000000000000006,-6.8479000000000007E-10,8.2970000000000012E-11,-2.4940000000000003E-11,3.1216E-07,-3.1156E-07
1.155,0.82000000000000006,-6.7558000000000006E-10,7.938E-11,-2.265E-11,3.1224E-07,-3.1151999999999997E-07
1.1500000000000001,0.82000000000000006,-6.8287E-10,7.3080000000000008E-11,-2.1460000000000003E-11,3.1218E-07,-3.1151999999999997E-07
1.145,0.82000000000000006,-6.7916000000000006E-10,7.221E-11,-2.1110000000000002E-11,3.1214E-07,-3.1148E-07
1.1400000000000001,0.82000000000000006,-6.6964000000000008E-10,6.819E-11,-2.4970000000000002E-11,3.122E-07,-3.1156E-07
1.135,0.82000000000000006,-6.8146E-10,6.391E-11,-1.8160000000000002E-11,3.1218E-07,-3.1146E-07
1.1300000000000001,0.82000000000000006,-6.6824000000000006E-10,6.225E-11,-1.7250000000000002E-11,3.122E-07,-3.1158E-07
1.125,0.82000000000000006,-6.7114E-10,5.947E-11,-1.9220000000000003E-11,3.1216E-07,-3.1148E-07
1.12,0.82000000000000006,-6.6355E-10,5.8040000000000007E-11,-1.6090000000000003E-11,3.122E-07,-3.1151999999999997E-07
1.115,0.82000000000000006,-6.6800000000000007E-10,5.309E-11,-1.5180000000000003E-11,3.1214E-07,-3.1154E-07
1.11,0.82000000000000006,-6.7218E-10,5.211E-11,-1.3950000000000001E-11,3.1226E-07,-3.1164E-07
1.105,0.82000000000000006,-6.6444E-10,4.935E-11,-1.757E-11,3.1228E-07,-3.1162E-07
1.1,0.82000000000000006,-6.6657E-10,4.7440000000000006E-11,-1.1310000000000001E-11,3.1224E-07,-3.1151999999999997E-07
1.095,0.82000000000000006,-6.4798000000000007E-10,4.41E-11,-1.1030000000000001E-11,3.1226E-07,-3.1158E-07
1.09,0.82000000000000006,-6.6030000000000009E-10,4.0920000000000006E-11,-1.2830000000000001E-11,3.122E-07,-3.116E-07
1.085,0.82000000000000006,-6.6057E-10,4.184E-11,-8.85E-12,3.1224E-07,-3.1158E-07
1.08,0.82000000000000006,-6.6521E-10,3.7460000000000006E-11,-9.4100000000000013E-12,3.1224E-07,-3.1156E-07
1.075,0.82000000000000006,-6.6455E-10,3.5850000000000004E-11,-7.5600000000000009E-12,3.1226E-07,-3.1164E-07
1.07,0.82000000000000006,-6.5139000000000006E-10,3.597E-11,-1.039E-11,3.122E-07,-3.1164E-07
1.065,0.82000000000000006,-6.5476E-10,3.4320000000000004E-11,-6.1E-12,3.1228E-07,-3.1164E-07
1.06,0.82000000000000006,-6.4843E-10,3.107E-11,-4.33E-12,3.1226E-07,-3.1158E-07
1.0550000000000002,0.82000000000000006,-6.531900000000001E-10,2.835E-11,-6.8200000000000004E-12,3.1224E-07,-3.1156E-07
1.05,0.82000000000000006,-6.568E-10,2.9340000000000005E-11,-3.7300000000000005E-12,3.1224E-07,-3.1158E-07
1.0450000000000002,0.82000000000000006,-6.5497000000000007E-10,2.6760000000000003E-11,-1.88E-12,3.122E-07,-3.1158E-07
1.04,0.82000000000000006,-6.5150000000000008E-10,2.498E-11,1.4E-13,3.1218E-07,-3.1151999999999997E-07
1.0350000000000001,0.82000000000000006,-6.436200000000001E-10,2.4630000000000003E-11,-2.6500000000000002E-12,3.122E-07,-3.1151999999999997E-07
1.03,0.82000000000000006,-6.5093E-10,2.4280000000000002E-11,2.4000000000000004E-13,3.1216E-07,-3.1151999999999997E-07
1.0250000000000001,0.82000000000000006,-6.5513000000000009E-10,2.1150000000000003E-11,4.27E-12,3.1218E-07,-3.115E-07
1.02,0.82000000000000006,-6.5091000000000008E-10,1.9490000000000002E-11,2.4000000000000003E-12,3.122E-07,-3.1158E-07
1.0150000000000001,0.82000000000000006,-6.5711E-10,1.9240000000000003E-11,4.22E-12,3.1214E-07,-3.1156E-07
1.01,0.82000000000000006,-6.4880000000000008E-10,1.859E-11,7.01E-12,3.122E-07,-3.1151999999999997E-07
1.0050000000000001,0.82000000000000006,-6.5437000000000009E-10,1.6650000000000002E-11,1.0910000000000001E-11,3.1218E-07,-3.1151999999999997E-07
1,0.82000000000000006,-6.4393000000000007E-10,1.668E-11,1.0610000000000001E-11,3.1226E-07,-3.1156E-07
0.995,0.82000000000000006,-6.5891000000000005E-10,1.631E-11,1.2250000000000001E-11,3.1218E-07,-3.1158E-07
0.9900000000000001,0.82000000000000006,-6.5925000000000008E-10,1.4170000000000001E-11,1.888E-11,3.1224E-07,-3.1151999999999997E-07
0.9850000000000001,0.82000000000000006,-6.6501000000000006E-10,1.3340000000000001E-11,2.2820000000000002E-11,3.1221999999999997E-07,-3.1154E-07
0.98000000000000009,0.82000000000000006,-6.6219000000000007E-10,1.3140000000000001E-11,2.3390000000000003E-11,3.122E-07,-3.1154E-07
0.97500000000000009,0.82000000000000006,-6.6803E-10,1.312E-11,3.0540000000000005E-11,3.1221999999999997E-07,-3.1151999999999997E-07
0.97000000000000008,0.82000000000000006,-6.6844E-10,1.168E-11,3.7270000000000004E-11,3.1214E-07,-3.1156E-07
0.96500000000000008,0.82000000000000006,-6.7836E-10,1.0630000000000001E-11,4.144E-11,3.1218E-07,-3.1158E-07
0.96000000000000008,0.82000000000000006,-6.914100000000001E-10,1.1540000000000001E-11,4.8710000000000006E-11,3.1218E-07,-3.1156E-07
0.95500000000000007,0.82000000000000006,-7.0197E-10,8.43E-12,5.926000000000001E-11,3.1218E-07,-3.115E-07
0.95000000000000007,0.82000000000000006,-7.0439000000000009E-10,7.73E-12,7.185E-11,3.1216E-07,-3.1156E-07
0.94500000000000006,0.82000000000000006,-7.1795000000000009E-10,8.2900000000000012E-12,8.1900000000000009E-11,3.1212E-07,-3.1156E-07
0.94000000000000006,0.82000000000000006,-7.3195E-10,7.93E-12,9.778000000000001E-11,3.1218E-07,-3.1154E-07
0.935,0.82000000000000006,-7.4923E-10,7.9E-12,1.1681E-10,3.1224E-07,-3.1158E-07
0.93,0.82000000000000006,-7.7293E-10,4.7600000000000007E-12,1.3481E-10,3.1224E-07,-3.1162E-07
0.925,0.82000000000000006,-8.0167000000000009E-10,7.92E-12,1.5913000000000002E-10,3.123E-07,-3.116E-07
0.92,0.82000000000000006,-8.2166E-10,5.1600000000000006E-12,1.8912000000000002E-10,3.1232E-07,-3.1158E-07
0.915,0.82000000000000006,-8.603700000000001E-10,4.28E-12,2.2374000000000002E-10,3.122E-07,-3.1154E-07
0.91,0.82000000000000006,-8.9236000000000011E-10,5.2600000000000006E-12,2.6390000000000004E-10,3.1224E-07,-3.1164E-07
0.905,0.82000000000000006,-9.4628000000000017E-10,4.3500000000000006E-12,3.0899000000000004E-10,3.1226E-07,-3.116E-07
0.9,0.82000000000000006,-1.0023500000000002E-09,4.22E-12,3.6704E-10,3.1226E-07,-3.1164E-07
0.895,0.82000000000000006,-1.06263E-09,1.12E-12,4.2893000000000004E-10,3.1224E-07,-3.1162E-07
0.89,0.82000000000000006,-1.14249E-09,4.26E-12,5.0694E-10,3.1221999999999997E-07,-3.1162E-07
0.885,0.82000000000000006,-1.2219E-09,1.8100000000000002E-12,5.9382E-10,3.1224E-07,-3.1156E-07
0.88,0.82000000000000006,-1.3387E-09,2.26E-12,7.0723E-10,3.123E-07,-3.1165999999999997E-07
0.875,0.82000000000000006,-1.4475E-09,-4.3000000000000004E-13,8.2432000000000011E-10,3.1228E-07,-3.1156E-07
0.87,0.82000000000000006,-1.6082E-09,4.3000000000000004E-13,9.7702E-10,3.1224E-07,-3.1156E-07
0.865,0.82000000000000006,-1.7614E-09,1.6200000000000002E-12,1.14545E-09,3.1224E-07,-3.1156E-07
0.86,0.82000000000000006,-1.9829E-09,-2.42E-12,1.3474E-09,3.1224E-07,-3.116E-07
0.85500000000000009,0.82000000000000006,-2.2082E-09,-2.4000000000000004E-13,1.5802E-09,3.1224E-07,-3.1162E-07
0.85000000000000009,0.82000000000000006,-2.4997E-09,-1.7700000000000001E-12,1.8599E-09,3.1226E-07,-3.116E-07
0.84500000000000008,0.82000000000000006,-2.8165E-09,4.2000000000000003E-13,2.1932E-09,3.1228E-07,-3.1164E-07
0.84000000000000008,0.82000000000000006,-3.2195E-09,-4.03E-12,2.5867E-09,3.1216E-07,-3.1156E-07
0.83500000000000008,0.82000000000000006,-3.6978E-09,-2.08E-12,3.0321E-09,3.1226E-07,-3.1162E-07
0.83000000000000007,0.82000000000000006,-4.2009E-09,-2.3200000000000002E-12,3.574E-09,3.122E-07,-3.1151999999999997E-07
0.82500000000000007,0.82000000000000006,-4.8594E-09,-5.6800000000000008E-12,4.2206E-09,3.1214E-07,-3.115E-07
0.82000000000000006,0.82000000000000006,-5.5782E-09,-4.72E-12,4.9734E-09,3.1214E-07,-3.1154E-07
0.81500000000000006,0.82000000000000006,-6.4451E-09,-5.38E-12,5.8386E-09,3.122E-07,-3.1151999999999997E-07
0.81,0.82000000000000006,-7.5199E-09,-6.05E-12,6.8616E-09,3.1212E-07,-3.1142E-07
0.805,0.82000000000000006,-8.7226E-09,-8.480000000000001E-12,8.0504E-09,3.1214E-07,-3.114E-07
0.8,0.82000000000000006,-1.01111E-08,-6.05E-12,9.5568E-09,3.122E-07,-3.1158E-07
0.795,0.82000000000000006,-1.18126E-08,-9.46E-12,1.12085E-08,3.1224E-07,-3.1156E-07
0.79,0.82000000000000006,-1.3757799999999999E-08,-1.019E-11,1.32086E-08,3.122E-07,-3.1162E-07
0.785,0.82000000000000006,-1.61152E-08,-1.027E-11,1.5528E-08,3.1228E-07,-3.1168E-07
0.78,0.82000000000000006,-1.8873999999999997E-08,-1.211E-11,1.82464E-08,3.1228E-07,-3.1165999999999997E-07
0.775,0.82000000000000006,-2.21624E-08,-1.513E-11,2.15622E-08,3.1226E-07,-3.1151999999999997E-07
0.77,0.82000000000000006,-2.5990199999999997E-08,-1.4110000000000002E-11,2.5348399999999998E-08,3.1226E-07,-3.116E-07
0.765,0.82000000000000006,-3.0504399999999995E-08,-1.648E-11,2.9768999999999997E-08,3.1224E-07,-3.1158E-07
0.76,0.82000000000000006,-3.58202E-08,-2.0310000000000002E-11,3.5056999999999994E-08,3.1224E-07,-3.1162E-07
0.755,0.82000000000000006,-4.20548E-08,-1.7560000000000002E-11,4.1599999999999995E-08,3.1218E-07,-3.1158E-07
0.75,0.82000000000000006,-4.93482E-08,-2.192E-11,4.8741999999999994E-08,3.1226E-07,-3.1158E-07
0.745,0.82000000000000006,-5.8293199999999996E-08,-2.4430000000000003E-11,5.7562799999999993E-08,3.1228E-07,-3.1156E-07
0.74,0.82000000000000006,-6.8349E-08,-2.327E-11,6.783899999999999E-08,3.1224E-07,-3.1158E-07
0.735,0.82000000000000006,-8.08426E-08,-2.7980000000000003E-11,7.9565799999999988E-08,3.1224E-07,-3.1158E-07
0.73,0.82000000000000006,-9.478459999999999E-08,-2.967E-11,9.4090399999999986E-08,3.1224E-07,-3.1156E-07
0.72500000000000009,0.82000000000000006,-1.1200939999999999E-07,-3.1410000000000004E-11,1.1095039999999999E-07,3.122E-07,-3.1162E-07
0.72000000000000008,0.82000000000000006,-1.3062E-07,-3.555E-11,1.3068E-07,3.122E-07,-3.1162E-07
0.71500000000000008,0.82000000000000006,-1.535E-07,-3.7750000000000005E-11,1.5258E-07,3.123E-07,-3.1164E-07
0.71000000000000008,0.82000000000000006,-1.7428E-07,-4.0260000000000005E-11,1.7388E-07,3.1226E-07,-3.116E-07
0.70500000000000007,0.82000000000000006,-2.0416E-07,-4.2330000000000004E-11,2.0406E-07,3.1226E-07,-3.1154E-07
0.70000000000000007,0.82000000000000006,-2.4028E-07,-4.628E-11,2.3919999999999997E-07,3.1224E-07,-3.1165999999999997E-07
0.69500000000000006,0.82000000000000006,-2.8266E-07,-5.0310000000000005E-11,2.8124E-07,3.122E-07,-3.116E-07
0.69000000000000006,0.82000000000000006,-3.3384E-07,-5.4430000000000006E-11,3.312E-07,3.1224E-07,-3.1154E-07
0.685,0.82000000000000006,-3.9366E-07,-5.758E-11,3.9116E-07,3.1212E-07,-3.1151999999999997E-07
0.68,0.82000000000000006,-4.6441999999999997E-07,-6.102E-11,4.614E-07,3.1214E-07,-3.1151999999999997E-07
0.675,0.82000000000000006,-5.4574E-07,-6.5250000000000007E-11,5.4358E-07,3.1218E-07,-3.1151999999999997E-07
0.67,0.82000000000000006,-6.434E-07,-6.9410000000000009E-11,6.3944E-07,3.1218E-07,-3.1146E-07
0.665,0.82000000000000006,-7.5645999999999993E-07,-7.544E-11,7.5344E-07,3.1214E-07,-3.1158E-07
0.66,0.82000000000000006,-8.8712E-07,-7.987E-11,8.8923999999999993E-07,3.1224E-07,-3.1154E-07
0.655,0.82000000000000006,-1.04912E-06,-8.471000000000001E-11,1.0448E-06,3.1218E-07,-3.1151999999999997E-07
0.65,0.82000000000000006,-1.2287000000000002E-06,-8.787E-11,1.2351E-06,3.1216E-07,-3.1156E-07
0.645,0.82000000000000006,-1.4391000000000001E-06,-9.461000000000001E-11,1.4483000000000002E-06,3.1218E-07,-3.1151999999999997E-07
0.64,0.82000000000000006,-1.6999000000000002E-06,-9.927000000000001E-11,1.7083000000000002E-06,3.1218E-07,-3.1154E-07
0.635,0.82000000000000006,-1.992E-06,-1.0326000000000001E-10,2.0005E-06,3.122E-07,-3.1151999999999997E-07
0.63,0.82000000000000006,-2.3425000000000004E-06,-1.0968E-10,2.3534E-06,3.1218E-07,-3.1151999999999997E-07
0.625,0.82000000000000006,-2.7512000000000004E-06,-1.1738E-10,2.7610000000000003E-06,3.1214E-07,-3.1148E-07
0.62,0.82000000000000006,-3.2419000000000003E-06,-1.2244000000000002E-10,3.2399000000000005E-06,3.122E-07,-3.1148E-07
0.615,0.82000000000000006,-3.8149000000000005E-06,-1.2758000000000001E-10,3.8027000000000005E-06,3.1218E-07,-3.1151999999999997E-07
0.61,0.82000000000000006,-4.4789000000000004E-06,-1.3296E-10,4.4576E-06,3.122E-07,-3.115E-07
0.605,0.82000000000000006,-5.2416000000000008E-06,-1.3943E-10,5.2334000000000006E-06,3.1214E-07,-3.1154E-07
0.6,0.82000000000000006,-6.1507E-06,-1.4853E-10,6.1250000000000006E-06,3.122E-07,-3.1151999999999997E-07
0.595,0.82000000000000006,-7.2073000000000004E-06,-1.555E-10,7.2009000000000008E-06,3.122E-07,-3.1156E-07
0.59000000000000008,0.82000000000000006,-8.4055000000000011E-06,-1.6110000000000002E-10,8.4391E-06,3.122E-07,-3.1154E-07
0.58500000000000008,0.82000000000000006,-9.8659000000000015E-06,-1.7030000000000002E-10,9.8622E-06,3.1218E-07,-3.1156E-07
0.58000000000000007,0.82000000000000006,-1.1482000000000001E-05,-1.7476000000000003E-10,1.1518E-05,3.1218E-07,-3.1154E-07
0.57500000000000007,0.82000000000000006,-1.3642E-05,-1.8310000000000002E-10,1.366E-05,3.122E-07,-3.1151999999999997E-07
0.57000000000000006,0.82000000000000006,-1.6078E-05,-1.8821000000000002E-10,1.6080000000000002E-05,3.1214E-07,-3.1144E-07
0.56500000000000006,0.82000000000000006,-1.8818000000000002E-05,-1.9624E-10,1.8782E-05,3.1207999999999997E-07,-3.1154E-07
0.56,0.82000000000000006,-2.182E-05,-2.0513000000000002E-10,2.1858E-05,3.1221999999999997E-07,-3.1154E-07
0.555,0.82000000000000006,-2.532E-05,-2.1177E-10,2.5336E-05,3.122E-07,-3.115E-07
0.55,0.82000000000000006,-2.936E-05,-2.2029000000000002E-10,2.9386E-05,3.1218E-07,-3.1154E-07
0.545,0.82000000000000006,-3.3936E-05,-2.2887E-10,3.3956E-05,3.122E-07,-3.1154E-07
0.54,0.82000000000000006,-3.9352E-05,-2.3592E-10,3.9324E-05,3.123E-07,-3.1162E-07
0.535,0.82000000000000006,-4.5322000000000004E-05,-2.4308E-10,4.5396000000000004E-05,3.122E-07,-3.1162E-07
0.53,0.82000000000000006,-5.225E-05,-2.539E-10,5.2394E-05,3.123E-07,-3.1162E-07
0.525,0.82000000000000006,-6.0084E-05,-2.6206E-10,6.0356E-05,3.1221999999999997E-07,-3.1158E-07
0.52,0.82000000000000006,-6.9308000000000008E-05,-2.7154000000000003E-10,6.9444000000000008E-05,3.1221999999999997E-07,-3.1162E-07
0.515,0.82000000000000006,-7.9564E-05,-2.8274E-10,7.967E-05,3.1226E-07,-3.1158E-07
0.51,0.82000000000000006,-9.1412E-05,-2.8918000000000003E-10,9.1368E-05,3.122E-07,-3.1158E-07
0.505,0.82000000000000006,-0.000104484,-2.9911E-10,0.000104554,3.1216E-07,-3.1154E-07
0.5,0.82000000000000006,-0.00011908,-3.0968E-10,0.00011928000000000001,3.1224E-07,-3.1158E-07
0.49500000000000005,0.82000000000000006,-0.00013580000000000002,-3.2305000000000004E-10,0.00013604,3.1226E-07,-3.116E-07
0.49000000000000005,0.82000000000000006,-0.00015492000000000001,-3.3098000000000003E-10,0.0001552,3.1218E-07,-3.1151999999999997E-07
0.48500000000000004,0.82000000000000006,-0.00017612000000000002,-3.4321000000000005E-10,0.00017632000000000002,3.122E-07,-3.1156E-07
0.48000000000000004,0.82000000000000006,-0.0001999,-3.5729E-10,0.00020026,3.1221999999999997E-07,-3.1151999999999997E-07
0.47500000000000003,0.82000000000000006,-0.00022596,-3.6890000000000004E-10,0.00022616000000000002,3.1226E-07,-3.1158E-07
0.47000000000000003,0.82000000000000006,-0.00025522,-3.8201E-10,0.00025546,3.1221999999999997E-07,-3.1156E-07
0.465,0.82000000000000006,-0.00028674,-3.9453000000000003E-10,0.00028688,3.122E-07,-3.116E-07
0.46,0.82000000000000006,-0.00032176000000000004,-4.0744000000000004E-10,0.00032188000000000003,3.1221999999999997E-07,-3.1154E-07
0.455,0.82000000000000006,-0.00035938,-4.2265000000000003E-10,0.00035972,3.122E-07,-3.1156E-07
0.45,0.82000000000000006,-0.00040096,-4.3894000000000004E-10,0.00040090000000000004,3.1226E-07,-3.1162E-07
0.445,0.82000000000000006,-0.00044472,-4.5177000000000003E-10,0.00044512,3.1218E-07,-3.1164E-07
0.44,0.82000000000000006,-0.00049284,-4.6993E-10,0.0004931,3.123E-07,-3.1162E-07
0.435,0.82000000000000006,-0.0005437,-4.8489000000000007E-10,0.00054394,3.1226E-07,-3.1164E-07
0.43,0.82000000000000006,-0.00059822,-4.9867E-10,0.00059842,3.1218E-07,-3.1151999999999997E-07
0.42500000000000004,0.82000000000000006,-0.00065514,-5.1752000000000009E-10,0.00065624,3.1218E-07,-3.1151999999999997E-07
0.42000000000000004,0.82000000000000006,-0.00071728,-5.3622E-10,0.00071742000000000008,3.1224E-07,-3.1158E-07
0.41500000000000004,0.82000000000000006,-0.00078032,-5.5197E-10,0.00078108000000000008,3.122E-07,-3.1151999999999997E-07
0.41000000000000003,0.82000000000000006,-0.00084858,-5.7254000000000007E-10,0.00084894000000000007,3.1224E-07,-3.1158E-07
0.405,0.82000000000000006,-0.00091838000000000011,-5.9167000000000009E-10,0.00091872,3.122E-07,-3.1162E-07
0.4,0.82000000000000006,-0.00099126,-6.1113E-10,0.0009917,3.122E-07,-3.1158E-07
0.395,0.82000000000000006,-0.0010673800000000002,-6.2996000000000007E-10,0.0010672000000000001,3.122E-07,-3.1156E-07
0.39,0.82000000000000006,-0.0011465400000000002,-6.518400000000001E-10,0.00114704,3.123E-07,-3.1164E-07
0.385,0.82000000000000006,-0.001227,-6.7248E-10,0.001228,3.1224E-07,-3.1156E-07
0.38,0.82000000000000006,-0.0013118000000000001,-6.9611000000000009E-10,0.001312,3.122E-07,-3.1164E-07
0.375,0.82000000000000006,-0.001398,-7.1899E-10,0.0013976,3.122E-07,-3.1162E-07
0.37,0.82000000000000006,-0.0014864000000000001,-7.414E-10,0.0014864000000000001,3.1221999999999997E-07,-3.1151999999999997E-07
0.365,0.82000000000000006,-0.0015754,-7.6756000000000009E-10,0.0015764,3.1224E-07,-3.1158E-07
0.36000000000000004,0.82000000000000006,-0.0016690000000000001,-7.9372E-10,0.0016690000000000001,3.1224E-07,-3.1164E-07
0.35500000000000004,0.82000000000000006,-0.0017606,-8.1751000000000011E-10,0.0017618,3.122E-07,-3.1164E-07
0.35000000000000003,0.82000000000000006,-0.0018566000000000001,-8.4236000000000008E-10,0.001856,3.122E-07,-3.1164E-07
0.34500000000000003,0.82000000000000006,-0.0019516,-8.7106000000000009E-10,0.0019522,3.1224E-07,-3.1158E-07
0.34,0.82000000000000006,-0.00205,-8.9788000000000011E-10,0.0020494,3.1226E-07,-3.1158E-07
0.335,0.82000000000000006,-0.0021464,-9.2845E-10,0.0021468,3.122E-07,-3.1164E-07
0.33,0.82000000000000006,-0.0022462,-9.5825E-10,0.0022454000000000003,3.1224E-07,-3.116E-07
0.325,0.82000000000000006,-0.0023442,-9.8819E-10,0.0023444,3.1224E-07,-3.1164E-07
0.32,0.82000000000000006,-0.0024444000000000002,-1.0186400000000001E-09,0.0024436,3.123E-07,-3.117E-07
0.315,0.82000000000000006,-0.0025422,-1.0503900000000001E-09,0.0025434,3.1224E-07,-3.1156E-07
0.31,0.82000000000000006,-0.0026426,-1.0839200000000001E-09,0.0026426,3.1218E-07,-3.1154E-07
0.305,0.82000000000000006,-0.0027406,-1.1185E-09,0.0027414,3.122E-07,-3.1156E-07
0.3,0.82000000000000006,-0.0028396,-1.1542E-09,0.0028416,3.122E-07,-3.1154E-07
0.29500000000000004,0.82000000000000006,-0.0029384,-1.19E-09,0.002939,3.1214E-07,-3.1156E-07
0.29000000000000004,0.82000000000000006,-0.0030374,-1.2281E-09,0.0030392,3.1214E-07,-3.1158E-07
0.28500000000000003,0.82000000000000006,-0.003136,-1.2668E-09,0.0031356,3.122E-07,-3.1156E-07
0.28,0.82000000000000006,-0.0032336,-1.3033E-09,0.0032344,3.1216E-07,-3.1154E-07
0.275,0.82000000000000006,-0.0033294,-1.3472E-09,0.0033298,3.1216E-07,-3.1151999999999997E-07
0.27,0.82000000000000006,-0.0034242,-1.3865E-09,0.0034248,3.1207999999999997E-07,-3.115E-07
0.265,0.82000000000000006,-0.00352,-1.4285E-09,0.0035212,3.1214E-07,-3.1146E-07
0.26,0.82000000000000006,-0.0036146,-1.4745E-09,0.0036144000000000003,3.1212E-07,-3.1156E-07
0.255,0.82000000000000006,-0.0037094000000000003,-1.5207E-09,0.0037096,3.1216E-07,-3.1156E-07
0.25,0.82000000000000006,-0.0038006,-1.5634E-09,0.0037996,3.122E-07,-3.1158E-07
0.24500000000000002,0.82000000000000006,-0.0038924000000000003,-1.6085E-09,0.0038936,3.1214E-07,-3.1156E-07
0.24000000000000002,0.82000000000000006,-0.0039822,-1.6591E-09,0.0039826,3.1218E-07,-3.1156E-07
0.23500000000000001,0.82000000000000006,-0.0040726,-1.7026E-09,0.0040732,3.1218E-07,-3.1162E-07
0.23,0.82000000000000006,-0.0041600000000000005,-1.7581E-09,0.0041608,3.1216E-07,-3.1151999999999997E-07
0.225,0.82000000000000006,-0.0042458,-1.8119E-09,0.0042472000000000005,3.1224E-07,-3.1154E-07
0.22,0.82000000000000006,-0.0043326,-1.8626E-09,0.0043322000000000005,3.1214E-07,-3.1156E-07
0.215,0.82000000000000006,-0.004417,-1.9191E-09,0.0044178,3.1218E-07,-3.1165999999999997E-07
0.21000000000000002,0.82000000000000006,-0.0044994,-1.9709E-09,0.0045006,3.1216E-07,-3.1156E-07
0.20500000000000002,0.82000000000000006,-0.0045834000000000005,-2.0281E-09,0.004584,3.1218E-07,-3.1154E-07
0.2,0.82000000000000006,-0.0046634,-2.0905E-09,0.004664,3.122E-07,-3.1156E-07
0.195,0.82000000000000006,-0.0047442000000000005,-2.1515E-09,0.0047442000000000005,3.1214E-07,-3.116E-07
0.19,0.82000000000000006,-0.0048216,-2.214E-09,0.0048228,3.122E-07,-3.1164E-07
0.185,0.82000000000000006,-0.0049002,-2.2767E-09,0.0048992,3.123E-07,-3.117E-07
0.18000000000000002,0.82000000000000006,-0.0049746,-2.3628E-09,0.0049756,3.1218E-07,-3.1158E-07
0.17500000000000002,0.82000000000000006,-0.0050492,-2.4277E-09,0.0050488,3.1214E-07,-3.116E-07
0.17,0.82000000000000006,-0.005123,-2.4964E-09,0.0051228,3.1214E-07,-3.1156E-07
0.165,0.82000000000000006,-0.0051946,-2.5699E-09,0.0051948,3.122E-07,-3.1162E-07
0.16,0.82000000000000006,-0.005267,-2.638E-09,0.005268,3.1216E-07,-3.1158E-07
0.155,0.82000000000000006,-0.0053376000000000005,-2.7111E-09,0.0053366,3.122E-07,-3.1158E-07
0.15,0.82000000000000006,-0.005407,-2.7794E-09,0.0054066,3.1218E-07,-3.1156E-07
0.14500000000000002,0.82000000000000006,-0.0054746000000000005,-2.836E-09,0.0054748,3.1218E-07,-3.116E-07
0.14,0.82000000000000006,-0.0055418,-2.9137E-09,0.005541,3.1214E-07,-3.1156E-07
0.135,0.82000000000000006,-0.005606,-2.9952E-09,0.0056054,3.1214E-07,-3.1158E-07
0.13,0.82000000000000006,-0.0056716,-3.0787E-09,0.0056716,3.1218E-07,-3.1158E-07
0.125,0.82000000000000006,-0.0057346,-3.1633E-09,0.0057344,3.122E-07,-3.1162E-07
0.12000000000000001,0.82000000000000006,-0.005798,-3.2428E-09,0.0057978000000000005,3.122E-07,-3.116E-07
0.115,0.82000000000000006,-0.0058584,-3.3334E-09,0.0058592,3.1214E-07,-3.1164E-07
0.11,0.82000000000000006,-0.00592,-3.4238E-09,0.0059198,3.1226E-07,-3.1164E-07
0.10500000000000001,0.82000000000000006,-0.005978,-3.5115E-09,0.0059784,3.1224E-07,-3.1162E-07
0.1,0.82000000000000006,-0.006036,-3.6057E-09,0.0060374,3.1221999999999997E-07,-3.1165999999999997E-07
0.095,0.82000000000000006,-0.0060932,-3.7139999999999998E-09,0.0060952,3.1221999999999997E-07,-3.1164E-07
0.090000000000000011,0.82000000000000006,-0.0061506,-3.8061E-09,0.0061498,3.1218E-07,-3.1156E-07
0.085,0.82000000000000006,-0.0062050000000000004,-3.9107E-09,0.0062048,3.1218E-07,-3.1162E-07
0.08,0.82000000000000006,-0.0062596,-4.0072E-09,0.00626,3.1214E-07,-3.1162E-07
0.075,0.82000000000000006,-0.0063124,-4.1217E-09,0.0063122000000000004,3.1221999999999997E-07,-3.1165999999999997E-07
0.07,0.82000000000000006,-0.0063648,-4.2282E-09,0.0063656,3.1218E-07,-3.1164E-07
0.065,0.82000000000000006,-0.0064142,-4.335E-09,0.0064164,3.1221999999999997E-07,-3.1162E-07
0.060000000000000005,0.82000000000000006,-0.006466,-4.4387E-09,0.0064682,3.122E-07,-3.1162E-07
0.055,0.82000000000000006,-0.0065156,-4.5537E-09,0.0065164,3.1221999999999997E-07,-3.1162E-07
0.05,0.82000000000000006,-0.0065652,-4.6691E-09,0.0065632,3.1224E-07,-3.1162E-07
0.045000000000000005,0.82000000000000006,-0.0066126,-4.7919E-09,0.0066126,3.122E-07,-3.1162E-07
0.04,0.82000000000000006,-0.0066604,-4.9134E-09,0.0066592000000000005,3.1218E-07,-3.1168E-07
0.035,0.82000000000000006,-0.0067064,-5.0396E-09,0.0067078,3.1218E-07,-3.1164E-07
0.030000000000000002,0.82000000000000006,-0.0067518000000000005,-5.1677E-09,0.0067516,3.122E-07,-3.1162E-07
0.025,0.82000000000000006,-0.0067952,-5.3054E-09,0.0067968,3.122E-07,-3.1158E-07
0.02,0.82000000000000006,-0.0068394,-5.4358E-09,0.0068390000000000005,3.1218E-07,-3.1165999999999997E-07
0.015000000000000001,0.82000000000000006,-0.0068834000000000005,-5.577E-09,0.0068824,3.1214E-07,-3.1162E-07
0.01,0.82000000000000006,-0.0069258,-5.7131E-09,0.0069262,3.122E-07,-3.1162E-07
0.005,0.82000000000000006,-0.0069666,-5.8804E-09,0.0069682,3.1224E-07,-3.1168E-07
0,0.82000000000000006,-0.0070084000000000006,-6.0053E-09,0.0070094,3.1226E-07,-3.1164E-07
1.2,0.83000000000000007,-6.1765E-10,1.1648000000000002E-10,-3.224E-11,3.121E-07,-3.1154E-07
1.195,0.83000000000000007,-6.1156E-10,1.1202E-10,-3.3890000000000005E-11,3.1207999999999997E-07,-3.1154E-07
1.19,0.83000000000000007,-6.0538E-10,1.0627000000000001E-10,-3.2140000000000005E-11,3.1206E-07,-3.1156E-07
1.185,0.83000000000000007,-6.0668E-10,1.0095000000000001E-10,-2.7140000000000003E-11,3.1214E-07,-3.116E-07
1.1800000000000002,0.83000000000000007,-5.9536E-10,9.518E-11,-3.0360000000000006E-11,3.1212E-07,-3.116E-07
1.175,0.83000000000000007,-6.0275E-10,9.201E-11,-2.8850000000000002E-11,3.121E-07,-3.1162E-07
1.1700000000000002,0.83000000000000007,-6.0049000000000006E-10,8.8290000000000013E-11,-2.52E-11,3.1214E-07,-3.1151999999999997E-07
1.165,0.83000000000000007,-6.0337000000000006E-10,8.282E-11,-2.4860000000000002E-11,3.1206E-07,-3.1151999999999997E-07
1.1600000000000001,0.83000000000000007,-6.0073000000000005E-10,7.961000000000001E-11,-2.713E-11,3.1206E-07,-3.1154E-07
1.155,0.83000000000000007,-5.9603000000000006E-10,7.6740000000000011E-11,-2.5540000000000003E-11,3.1206E-07,-3.1146E-07
1.1500000000000001,0.83000000000000007,-5.9892E-10,7.2740000000000012E-11,-2.1000000000000002E-11,3.1207999999999997E-07,-3.115E-07
1.145,0.83000000000000007,-5.9444000000000007E-10,6.783E-11,-2.2790000000000003E-11,3.1207999999999997E-07,-3.1151999999999997E-07
1.1400000000000001,0.83000000000000007,-5.9815E-10,6.5940000000000007E-11,-2.3150000000000002E-11,3.1214E-07,-3.115E-07
1.135,0.83000000000000007,-5.9436E-10,6.386E-11,-1.888E-11,3.12E-07,-3.1144E-07
1.1300000000000001,0.83000000000000007,-5.9216000000000005E-10,5.8790000000000011E-11,-1.9310000000000002E-11,3.1206E-07,-3.1151999999999997E-07
1.125,0.83000000000000007,-5.8919E-10,5.714E-11,-1.8420000000000003E-11,3.1204E-07,-3.1148E-07
1.12,0.83000000000000007,-5.8519E-10,5.5110000000000004E-11,-2.092E-11,3.1212E-07,-3.1156E-07
1.115,0.83000000000000007,-5.9734E-10,5.1880000000000006E-11,-1.4480000000000001E-11,3.1206E-07,-3.1151999999999997E-07
1.11,0.83000000000000007,-5.8624E-10,4.792E-11,-1.5830000000000002E-11,3.121E-07,-3.1151999999999997E-07
1.105,0.83000000000000007,-5.9257000000000005E-10,4.658E-11,-1.739E-11,3.1212E-07,-3.1156E-07
1.1,0.83000000000000007,-5.8892000000000007E-10,4.581E-11,-1.3500000000000002E-11,3.1204E-07,-3.115E-07
1.095,0.83000000000000007,-5.852E-10,4.122E-11,-1.332E-11,3.1202E-07,-3.115E-07
1.09,0.83000000000000007,-5.8613E-10,4.0220000000000004E-11,-1.26E-11,3.1206E-07,-3.1154E-07
1.085,0.83000000000000007,-5.7804E-10,3.868E-11,-1.4610000000000002E-11,3.1207999999999997E-07,-3.1151999999999997E-07
1.08,0.83000000000000007,-5.9209000000000007E-10,3.6830000000000004E-11,-1.0530000000000001E-11,3.1202E-07,-3.1151999999999997E-07
1.075,0.83000000000000007,-5.7799000000000009E-10,3.466E-11,-8.1900000000000013E-12,3.1206E-07,-3.1151999999999997E-07
1.07,0.83000000000000007,-5.8515000000000009E-10,3.209E-11,-1.2E-11,3.1214E-07,-3.1151999999999997E-07
1.065,0.83000000000000007,-5.8061E-10,3.3340000000000005E-11,-6.8700000000000004E-12,3.1218E-07,-3.116E-07
1.06,0.83000000000000007,-5.7557E-10,2.8670000000000003E-11,-7.92E-12,3.1212E-07,-3.1154E-07
1.0550000000000002,0.83000000000000007,-5.8548E-10,2.8160000000000003E-11,-4.47E-12,3.1218E-07,-3.1158E-07
1.05,0.83000000000000007,-5.7199E-10,2.746E-11,-7.44E-12,3.1218E-07,-3.1162E-07
1.0450000000000002,0.83000000000000007,-5.8732E-10,2.5660000000000002E-11,-3.7E-12,3.1214E-07,-3.1156E-07
1.04,0.83000000000000007,-5.7330000000000008E-10,2.4640000000000002E-11,2.7E-13,3.1214E-07,-3.1156E-07
1.0350000000000001,0.83000000000000007,-5.7732E-10,2.0600000000000002E-11,-4.6000000000000006E-12,3.1214E-07,-3.1154E-07
1.03,0.83000000000000007,-5.795E-10,2.2840000000000002E-11,-6.8E-13,3.1204E-07,-3.1158E-07
1.0250000000000001,0.83000000000000007,-5.6904E-10,2.001E-11,2.3000000000000003E-13,3.1207999999999997E-07,-3.1156E-07
1.02,0.83000000000000007,-5.8093000000000008E-10,1.9550000000000003E-11,4.42E-12,3.1212E-07,-3.1151999999999997E-07
1.0150000000000001,0.83000000000000007,-5.7338E-10,1.919E-11,2.69E-12,3.1212E-07,-3.1154E-07
1.01,0.83000000000000007,-5.8762000000000009E-10,1.6340000000000002E-11,4.4000000000000006E-12,3.1212E-07,-3.1156E-07
1.0050000000000001,0.83000000000000007,-5.7364E-10,1.7000000000000003E-11,1.1830000000000001E-11,3.1216E-07,-3.1162E-07
1,0.83000000000000007,-5.7102000000000006E-10,1.392E-11,7.63E-12,3.1218E-07,-3.1158E-07
0.995,0.83000000000000007,-5.8473E-10,1.5320000000000002E-11,1.2370000000000002E-11,3.1212E-07,-3.1156E-07
0.9900000000000001,0.83000000000000007,-5.8149E-10,1.321E-11,1.63E-11,3.1214E-07,-3.1151999999999997E-07
0.9850000000000001,0.83000000000000007,-5.971E-10,1.1120000000000001E-11,2.2390000000000003E-11,3.1216E-07,-3.116E-07
0.98000000000000009,0.83000000000000007,-5.8755E-10,1.2450000000000001E-11,2.4300000000000003E-11,3.1218E-07,-3.1162E-07
0.97500000000000009,0.83000000000000007,-5.9276E-10,1.057E-11,2.7380000000000003E-11,3.122E-07,-3.1156E-07
0.97000000000000008,0.83000000000000007,-5.9618E-10,1.1920000000000001E-11,3.8550000000000005E-11,3.121E-07,-3.1154E-07
0.96500000000000008,0.83000000000000007,-5.9669E-10,8.070000000000001E-12,3.9780000000000004E-11,3.1214E-07,-3.1156E-07
0.96000000000000008,0.83000000000000007,-6.19E-10,9.02E-12,4.6750000000000007E-11,3.1207999999999997E-07,-3.1148E-07
0.95500000000000007,0.83000000000000007,-6.1673E-10,9.1100000000000014E-12,5.7990000000000005E-11,3.1204E-07,-3.1146E-07
0.95000000000000007,0.83000000000000007,-6.3326E-10,6.0300000000000008E-12,7.011E-11,3.1204E-07,-3.1146E-07
0.94500000000000006,0.83000000000000007,-6.3116E-10,6.9800000000000006E-12,7.959E-11,3.1206E-07,-3.1146E-07
0.94000000000000006,0.83000000000000007,-6.4704000000000007E-10,6.3700000000000005E-12,9.0610000000000011E-11,3.1204E-07,-3.1146E-07
0.935,0.83000000000000007,-6.6933E-10,7.55E-12,1.1204000000000001E-10,3.1207999999999997E-07,-3.115E-07
0.93,0.83000000000000007,-6.8091000000000008E-10,4.27E-12,1.2989E-10,3.1206E-07,-3.1156E-07
0.925,0.83000000000000007,-7.1382E-10,4.6900000000000004E-12,1.5185000000000002E-10,3.1207999999999997E-07,-3.1156E-07
0.92,0.83000000000000007,-7.2871000000000006E-10,5.1500000000000005E-12,1.8083E-10,3.1207999999999997E-07,-3.115E-07
0.915,0.83000000000000007,-7.6452000000000006E-10,4.0500000000000007E-12,2.1361000000000003E-10,3.1202E-07,-3.1146E-07
0.91,0.83000000000000007,-8.0021000000000007E-10,3.7E-12,2.5077E-10,3.121E-07,-3.115E-07
0.905,0.83000000000000007,-8.3903E-10,4.13E-12,2.8966E-10,3.1207999999999997E-07,-3.1144E-07
0.9,0.83000000000000007,-9.0292E-10,4.68E-12,3.4553000000000005E-10,3.1206E-07,-3.115E-07
0.895,0.83000000000000007,-9.5145E-10,1.1600000000000001E-12,4.0327000000000005E-10,3.1212E-07,-3.1154E-07
0.89,0.83000000000000007,-1.0301E-09,1.08E-12,4.7561000000000008E-10,3.1207999999999997E-07,-3.1156E-07
0.885,0.83000000000000007,-1.10611E-09,2.4000000000000003E-12,5.5640000000000006E-10,3.1207999999999997E-07,-3.115E-07
0.88,0.83000000000000007,-1.2217E-09,2.6000000000000002E-12,6.5711E-10,3.1206E-07,-3.115E-07
0.875,0.83000000000000007,-1.3306E-09,9.000000000000001E-13,7.7093E-10,3.121E-07,-3.1154E-07
0.87,0.83000000000000007,-1.4681E-09,-3.8000000000000005E-13,9.1078E-10,3.1212E-07,-3.1156E-07
0.865,0.83000000000000007,-1.6323E-09,3.9000000000000005E-13,1.0765500000000002E-09,3.1214E-07,-3.1151999999999997E-07
0.86,0.83000000000000007,-1.8508E-09,1.8000000000000002E-13,1.3137E-09,3.1212E-07,-3.1156E-07
0.85500000000000009,0.83000000000000007,-2.0992E-09,-4.5000000000000005E-13,1.5519E-09,3.121E-07,-3.1151999999999997E-07
0.85000000000000009,0.83000000000000007,-2.3646E-09,-2.5600000000000004E-12,1.8326E-09,3.1206E-07,-3.115E-07
0.84500000000000008,0.83000000000000007,-2.6965E-09,-1.6700000000000002E-12,2.1556E-09,3.1214E-07,-3.1151999999999997E-07
0.84000000000000008,0.83000000000000007,-3.0904E-09,-1.9700000000000003E-12,2.5397E-09,3.122E-07,-3.116E-07
0.83500000000000008,0.83000000000000007,-3.5433E-09,-3.1900000000000003E-12,2.9838E-09,3.1212E-07,-3.1156E-07
0.83000000000000007,0.83000000000000007,-4.0691E-09,-3.33E-12,3.5205E-09,3.1214E-07,-3.1151999999999997E-07
0.82500000000000007,0.83000000000000007,-4.6767E-09,-2.8900000000000004E-12,4.1414E-09,3.1207999999999997E-07,-3.115E-07
0.82000000000000006,0.83000000000000007,-5.4148E-09,-5.99E-12,4.8711E-09,3.1214E-07,-3.1162E-07
0.81500000000000006,0.83000000000000007,-6.2955E-09,-5.95E-12,5.724E-09,3.1212E-07,-3.1154E-07
0.81,0.83000000000000007,-7.3162E-09,-6.2300000000000007E-12,6.7135E-09,3.1206E-07,-3.1151999999999997E-07
0.805,0.83000000000000007,-8.4591E-09,-7.5900000000000014E-12,7.9439E-09,3.1207999999999997E-07,-3.1151999999999997E-07
0.8,0.83000000000000007,-9.8327E-09,-8.96E-12,9.3615E-09,3.1212E-07,-3.1154E-07
0.795,0.83000000000000007,-1.1523399999999999E-08,-8.4900000000000012E-12,1.09938E-08,3.1212E-07,-3.1154E-07
0.79,0.83000000000000007,-1.34436E-08,-9.64E-12,1.2862399999999998E-08,3.121E-07,-3.1158E-07
0.785,0.83000000000000007,-1.5750399999999997E-08,-1.1920000000000001E-11,1.5248E-08,3.1212E-07,-3.1146E-07
0.78,0.83000000000000007,-1.84184E-08,-1.209E-11,1.78378E-08,3.1202E-07,-3.1151999999999997E-07
0.775,0.83000000000000007,-2.1617599999999997E-08,-1.493E-11,2.1057799999999998E-08,3.1207999999999997E-07,-3.1148E-07
0.77,0.83000000000000007,-2.5339799999999996E-08,-1.4630000000000002E-11,2.4800999999999998E-08,3.1207999999999997E-07,-3.1151999999999997E-07
0.765,0.83000000000000007,-2.9658799999999997E-08,-1.683E-11,2.90798E-08,3.1214E-07,-3.1156E-07
0.76,0.83000000000000007,-3.4937799999999994E-08,-1.886E-11,3.44338E-08,3.1207999999999997E-07,-3.1158E-07
0.755,0.83000000000000007,-4.1174199999999993E-08,-1.9930000000000003E-11,4.04508E-08,3.122E-07,-3.1154E-07
0.75,0.83000000000000007,-4.8173799999999994E-08,-2.1860000000000003E-11,4.7884399999999996E-08,3.1206E-07,-3.115E-07
0.745,0.83000000000000007,-5.6621399999999996E-08,-2.48E-11,5.6339599999999992E-08,3.122E-07,-3.1158E-07
0.74,0.83000000000000007,-6.69658E-08,-2.5970000000000002E-11,6.628699999999999E-08,3.121E-07,-3.1168E-07
0.735,0.83000000000000007,-7.8816399999999991E-08,-2.8650000000000003E-11,7.8425199999999987E-08,3.1218E-07,-3.1165999999999997E-07
0.73,0.83000000000000007,-9.24918E-08,-3.204E-11,9.2228799999999987E-08,3.122E-07,-3.1168E-07
0.72500000000000009,0.83000000000000007,-1.0902719999999999E-07,-3.278E-11,1.081854E-07,3.1221999999999997E-07,-3.1168E-07
0.72000000000000008,0.83000000000000007,-1.2814E-07,-3.7050000000000004E-11,1.2698E-07,3.1218E-07,-3.1158E-07
0.71500000000000008,0.83000000000000007,-1.5134E-07,-3.93E-11,1.5073999999999999E-07,3.1212E-07,-3.1156E-07
0.71000000000000008,0.83000000000000007,-1.7755999999999998E-07,-4.341E-11,1.7685999999999998E-07,3.1214E-07,-3.1158E-07
0.70500000000000007,0.83000000000000007,-2.0923999999999999E-07,-4.5800000000000006E-11,2.0853999999999999E-07,3.1221999999999997E-07,-3.1158E-07
0.70000000000000007,0.83000000000000007,-2.465E-07,-4.673E-11,2.453E-07,3.122E-07,-3.1158E-07
0.69500000000000006,0.83000000000000007,-2.908E-07,-5.1940000000000004E-11,2.9059999999999997E-07,3.1224E-07,-3.1158E-07
0.69000000000000006,0.83000000000000007,-3.4092E-07,-5.4980000000000007E-11,3.4232E-07,3.1214E-07,-3.1162E-07
0.685,0.83000000000000007,-4.0366E-07,-5.999E-11,4.0124E-07,3.122E-07,-3.1168E-07
0.68,0.83000000000000007,-4.7504E-07,-6.65E-11,4.7488E-07,3.1218E-07,-3.1162E-07
0.675,0.83000000000000007,-5.5908E-07,-6.835E-11,5.58E-07,3.1218E-07,-3.1168E-07
0.67,0.83000000000000007,-6.5375999999999995E-07,-7.122E-11,6.5238E-07,3.1218E-07,-3.1158E-07
0.665,0.83000000000000007,-7.739E-07,-7.715E-11,7.6869999999999994E-07,3.122E-07,-3.116E-07
0.66,0.83000000000000007,-9.0814E-07,-8.1E-11,9.0944E-07,3.1202E-07,-3.1154E-07
0.655,0.83000000000000007,-1.0678E-06,-8.6280000000000011E-11,1.0681E-06,3.1212E-07,-3.1158E-07
0.65,0.83000000000000007,-1.2518E-06,-9.4060000000000009E-11,1.2589000000000001E-06,3.1212E-07,-3.1151999999999997E-07
0.645,0.83000000000000007,-1.4764000000000002E-06,-9.719E-11,1.4818000000000002E-06,3.1212E-07,-3.115E-07
0.64,0.83000000000000007,-1.7385000000000002E-06,-1.0427E-10,1.7423000000000002E-06,3.1207999999999997E-07,-3.1154E-07
0.635,0.83000000000000007,-2.0235E-06,-1.1102000000000001E-10,2.0463E-06,3.121E-07,-3.1154E-07
0.63,0.83000000000000007,-2.4086E-06,-1.1443000000000001E-10,2.4002000000000003E-06,3.1206E-07,-3.1146E-07
0.625,0.83000000000000007,-2.8092E-06,-1.2040000000000002E-10,2.8161000000000004E-06,3.1207999999999997E-07,-3.1158E-07
0.62,0.83000000000000007,-3.3149000000000002E-06,-1.2674000000000002E-10,3.2937000000000003E-06,3.1206E-07,-3.1158E-07
0.615,0.83000000000000007,-3.878E-06,-1.3279000000000001E-10,3.8772000000000008E-06,3.1212E-07,-3.1154E-07
0.61,0.83000000000000007,-4.5280000000000005E-06,-1.4086000000000002E-10,4.5413E-06,3.1202E-07,-3.1151999999999997E-07
0.605,0.83000000000000007,-5.2903000000000008E-06,-1.4457000000000002E-10,5.2980000000000008E-06,3.1207999999999997E-07,-3.1151999999999997E-07
0.6,0.83000000000000007,-6.251100000000001E-06,-1.5090000000000002E-10,6.2390000000000007E-06,3.1206E-07,-3.1154E-07
0.595,0.83000000000000007,-7.291000000000001E-06,-1.5988000000000002E-10,7.2854000000000006E-06,3.121E-07,-3.1151999999999997E-07
0.59000000000000008,0.83000000000000007,-8.5291000000000011E-06,-1.6652E-10,8.5153000000000013E-06,3.1207999999999997E-07,-3.1158E-07
0.58500000000000008,0.83000000000000007,-9.9277000000000015E-06,-1.7441000000000002E-10,9.9431000000000014E-06,3.1214E-07,-3.1151999999999997E-07
0.58000000000000007,0.83000000000000007,-1.1618000000000001E-05,-1.8228000000000002E-10,1.1618000000000001E-05,3.1214E-07,-3.1151999999999997E-07
0.57500000000000007,0.83000000000000007,-1.3524000000000001E-05,-1.8531E-10,1.3520000000000001E-05,3.1212E-07,-3.116E-07
0.57000000000000006,0.83000000000000007,-1.5740000000000002E-05,-1.9070000000000002E-10,1.575E-05,3.1207999999999997E-07,-3.1156E-07
0.56500000000000006,0.83000000000000007,-1.8292E-05,-1.9860000000000002E-10,1.8302000000000002E-05,3.1216E-07,-3.115E-07
0.56,0.83000000000000007,-2.1286E-05,-2.0710000000000001E-10,2.1248E-05,3.121E-07,-3.115E-07
0.555,0.83000000000000007,-2.4580000000000002E-05,-2.1584000000000003E-10,2.4676000000000002E-05,3.122E-07,-3.1156E-07
0.55,0.83000000000000007,-2.8592E-05,-2.2441000000000003E-10,2.8592E-05,3.1212E-07,-3.1162E-07
0.545,0.83000000000000007,-3.3038000000000005E-05,-2.3269000000000003E-10,3.294E-05,3.1214E-07,-3.1154E-07
0.54,0.83000000000000007,-3.8156E-05,-2.4004000000000003E-10,3.8142E-05,3.1206E-07,-3.115E-07
0.535,0.83000000000000007,-4.4096E-05,-2.4691000000000003E-10,4.3948E-05,3.12E-07,-3.1151999999999997E-07
0.53,0.83000000000000007,-5.0866000000000004E-05,-2.5606000000000004E-10,5.0774E-05,3.1214E-07,-3.1151999999999997E-07
0.525,0.83000000000000007,-5.8332E-05,-2.6578000000000004E-10,5.8418E-05,3.121E-07,-3.115E-07
0.52,0.83000000000000007,-6.7094E-05,-2.7675E-10,6.7302E-05,3.1218E-07,-3.1151999999999997E-07
0.515,0.83000000000000007,-7.7064E-05,-2.8539000000000004E-10,7.7226000000000009E-05,3.1214E-07,-3.1151999999999997E-07
0.51,0.83000000000000007,-8.8466E-05,-2.9457E-10,8.8472E-05,3.1212E-07,-3.115E-07
0.505,0.83000000000000007,-0.00010121,-3.0533E-10,0.00010124,3.1216E-07,-3.1151999999999997E-07
0.5,0.83000000000000007,-0.00011540000000000001,-3.1519E-10,0.00011566,3.1216E-07,-3.1156E-07
0.49500000000000005,0.83000000000000007,-0.00013158,-3.2711E-10,0.00013172000000000002,3.1218E-07,-3.1158E-07
0.49000000000000005,0.83000000000000007,-0.00014998,-3.3862E-10,0.00015008,3.1214E-07,-3.1156E-07
0.48500000000000004,0.83000000000000007,-0.00017010000000000002,-3.4885000000000004E-10,0.00017024000000000002,3.1214E-07,-3.1156E-07
0.48000000000000004,0.83000000000000007,-0.00019280000000000002,-3.6133000000000003E-10,0.00019308000000000002,3.1214E-07,-3.1154E-07
0.47500000000000003,0.83000000000000007,-0.0002176,-3.7342000000000004E-10,0.0002179,3.1204E-07,-3.1148E-07
0.47000000000000003,0.83000000000000007,-0.00024548,-3.8962000000000005E-10,0.00024558,3.1207999999999997E-07,-3.1154E-07
0.465,0.83000000000000007,-0.00027526,-4.0310000000000003E-10,0.00027548000000000004,3.1207999999999997E-07,-3.1162E-07
0.46,0.83000000000000007,-0.00030852,-4.147E-10,0.00030872,3.1206E-07,-3.1151999999999997E-07
0.455,0.83000000000000007,-0.00034398,-4.3033000000000005E-10,0.00034382,3.1207999999999997E-07,-3.115E-07
0.45,0.83000000000000007,-0.00038286,-4.4407000000000005E-10,0.00038316,3.1214E-07,-3.1151999999999997E-07
0.445,0.83000000000000007,-0.00042398,-4.5820000000000003E-10,0.00042442,3.1206E-07,-3.1158E-07
0.44,0.83000000000000007,-0.00046928000000000003,-4.7773000000000007E-10,0.00046934,3.1214E-07,-3.1146E-07
0.435,0.83000000000000007,-0.0005167,-4.9344E-10,0.00051686000000000006,3.1214E-07,-3.1156E-07
0.43,0.83000000000000007,-0.00056790000000000009,-5.0977E-10,0.00056794000000000007,3.1212E-07,-3.1151999999999997E-07
0.42500000000000004,0.83000000000000007,-0.0006214,-5.2955E-10,0.00062148,3.1216E-07,-3.1158E-07
0.42000000000000004,0.83000000000000007,-0.00067810000000000006,-5.4536000000000007E-10,0.00067852000000000006,3.121E-07,-3.1151999999999997E-07
0.41500000000000004,0.83000000000000007,-0.00073736000000000006,-5.6323E-10,0.0007372,3.1212E-07,-3.1156E-07
0.41000000000000003,0.83000000000000007,-0.00080014000000000007,-5.8486000000000009E-10,0.0008003000000000001,3.1212E-07,-3.1158E-07
0.405,0.83000000000000007,-0.00086414,-6.0405E-10,0.00086460000000000009,3.1206E-07,-3.1156E-07
0.4,0.83000000000000007,-0.00093244000000000009,-6.2486000000000005E-10,0.00093208000000000006,3.1221999999999997E-07,-3.1164E-07
0.395,0.83000000000000007,-0.00100212,-6.4654E-10,0.0010018400000000002,3.1214E-07,-3.1156E-07
0.39,0.83000000000000007,-0.00107484,-6.6892E-10,0.0010749000000000002,3.1207999999999997E-07,-3.1156E-07
0.385,0.83000000000000007,-0.00114816,-6.8793E-10,0.00114812,3.1212E-07,-3.1158E-07
0.38,0.83000000000000007,-0.0012256,-7.1103000000000008E-10,0.001226,3.1218E-07,-3.116E-07
0.375,0.83000000000000007,-0.0013028,-7.3349E-10,0.0013032,3.1206E-07,-3.1158E-07
0.37,0.83000000000000007,-0.0013836,-7.5987000000000009E-10,0.0013836,3.1212E-07,-3.1162E-07
0.365,0.83000000000000007,-0.001464,-7.8333E-10,0.0014646,3.121E-07,-3.1158E-07
0.36000000000000004,0.83000000000000007,-0.0015478,-8.091200000000001E-10,0.0015486,3.1206E-07,-3.1151999999999997E-07
0.35500000000000004,0.83000000000000007,-0.0016302,-8.3552E-10,0.0016314,3.1214E-07,-3.116E-07
0.35000000000000003,0.83000000000000007,-0.001716,-8.6903E-10,0.001716,3.1221999999999997E-07,-3.1156E-07
0.34500000000000003,0.83000000000000007,-0.0018018,-8.940100000000001E-10,0.0018016,3.1207999999999997E-07,-3.116E-07
0.34,0.83000000000000007,-0.0018880000000000001,-9.3457E-10,0.0018892,3.1214E-07,-3.1158E-07
0.335,0.83000000000000007,-0.0019734,-9.6460000000000016E-10,0.0019752,3.1206E-07,-3.1156E-07
0.33,0.83000000000000007,-0.002062,-9.7716000000000017E-10,0.0020618,3.1212E-07,-3.1151999999999997E-07
0.325,0.83000000000000007,-0.0021494,-1.01569E-09,0.0021482,3.1212E-07,-3.1164E-07
0.32,0.83000000000000007,-0.0022372,-1.04912E-09,0.0022378,3.1214E-07,-3.1162E-07
0.315,0.83000000000000007,-0.0023248,-1.08073E-09,0.0023246,3.1212E-07,-3.1158E-07
0.31,0.83000000000000007,-0.0024124,-1.1165E-09,0.0024124,3.1212E-07,-3.1158E-07
0.305,0.83000000000000007,-0.0024988000000000002,-1.1539E-09,0.0024986,3.1212E-07,-3.116E-07
0.3,0.83000000000000007,-0.002587,-1.1839E-09,0.002588,3.1216E-07,-3.1162E-07
0.29500000000000004,0.83000000000000007,-0.0026728,-1.2257E-09,0.0026736,3.1212E-07,-3.1158E-07
0.29000000000000004,0.83000000000000007,-0.0027596,-1.2634E-09,0.0027596,3.1212E-07,-3.1154E-07
0.28500000000000003,0.83000000000000007,-0.002844,-1.3023E-09,0.0028452,3.1226E-07,-3.1164E-07
0.28,0.83000000000000007,-0.0029306000000000002,-1.3448E-09,0.0029312,3.1218E-07,-3.1158E-07
0.275,0.83000000000000007,-0.0030138,-1.3852E-09,0.0030148,3.1216E-07,-3.1158E-07
0.27,0.83000000000000007,-0.0030966,-1.4277E-09,0.003097,3.122E-07,-3.116E-07
0.265,0.83000000000000007,-0.0031812,-1.4728E-09,0.0031816,3.1218E-07,-3.1168E-07
0.26,0.83000000000000007,-0.0032612,-1.5145E-09,0.0032624,3.122E-07,-3.1162E-07
0.255,0.83000000000000007,-0.0033432,-1.5633E-09,0.0033444,3.1226E-07,-3.117E-07
0.25,0.83000000000000007,-0.0034232,-1.616E-09,0.0034238000000000003,3.1224E-07,-3.1158E-07
0.24500000000000002,0.83000000000000007,-0.003503,-1.6611E-09,0.003504,3.1221999999999997E-07,-3.117E-07
0.24000000000000002,0.83000000000000007,-0.0035804,-1.7113E-09,0.0035800000000000003,3.1221999999999997E-07,-3.1168E-07
0.23500000000000001,0.83000000000000007,-0.0036580000000000002,-1.7618E-09,0.0036582,3.1216E-07,-3.1164E-07
0.23,0.83000000000000007,-0.0037334,-1.8124E-09,0.0037336,3.122E-07,-3.1168E-07
0.225,0.83000000000000007,-0.003809,-1.8693E-09,0.0038108,3.1218E-07,-3.1162E-07
0.22,0.83000000000000007,-0.003883,-1.9211E-09,0.0038832000000000003,3.1214E-07,-3.1168E-07
0.215,0.83000000000000007,-0.0039576,-1.9766E-09,0.0039572,3.1224E-07,-3.1168E-07
0.21000000000000002,0.83000000000000007,-0.004028,-2.0305E-09,0.0040292,3.1216E-07,-3.1164E-07
0.20500000000000002,0.83000000000000007,-0.0040996,-2.0917E-09,0.0041012,3.1216E-07,-3.1158E-07
0.2,0.83000000000000007,-0.0041694,-2.1473E-09,0.0041708,3.1216E-07,-3.1158E-07
0.195,0.83000000000000007,-0.0042380000000000004,-2.2107E-09,0.00424,3.1214E-07,-3.1162E-07
0.19,0.83000000000000007,-0.0043066,-2.2744E-09,0.0043072,3.121E-07,-3.1156E-07
0.185,0.83000000000000007,-0.0043734,-2.3379E-09,0.004374,3.1212E-07,-3.116E-07
0.18000000000000002,0.83000000000000007,-0.004439,-2.4039E-09,0.0044396,3.1214E-07,-3.1162E-07
0.17500000000000002,0.83000000000000007,-0.004504,-2.4719E-09,0.0045048,3.1212E-07,-3.1164E-07
0.17,0.83000000000000007,-0.0045668,-2.5387E-09,0.0045668,3.1206E-07,-3.1154E-07
0.165,0.83000000000000007,-0.0046288,-2.6058E-09,0.0046284,3.1214E-07,-3.1162E-07
0.16,0.83000000000000007,-0.004692,-2.6857E-09,0.0046912,3.1212E-07,-3.1151999999999997E-07
0.155,0.83000000000000007,-0.0047514,-2.7606E-09,0.0047508,3.1206E-07,-3.116E-07
0.15,0.83000000000000007,-0.0048104,-2.8363E-09,0.004811,3.1212E-07,-3.1162E-07
0.14500000000000002,0.83000000000000007,-0.004868,-2.91E-09,0.004868,3.1216E-07,-3.1162E-07
0.14,0.83000000000000007,-0.0049272000000000005,-2.9885999999999998E-09,0.0049272000000000005,3.1218E-07,-3.1158E-07
0.135,0.83000000000000007,-0.0049834,-3.073E-09,0.0049838,3.1218E-07,-3.1165999999999997E-07
0.13,0.83000000000000007,-0.0050398000000000005,-3.1606E-09,0.00504,3.1214E-07,-3.1168E-07
0.125,0.83000000000000007,-0.0050932,-3.2381E-09,0.0050948,3.1214E-07,-3.1164E-07
0.12000000000000001,0.83000000000000007,-0.0051458,-3.3269E-09,0.0051478,3.1218E-07,-3.1168E-07
0.115,0.83000000000000007,-0.0051996,-3.4175E-09,0.0051998,3.1216E-07,-3.1164E-07
0.11,0.83000000000000007,-0.0052522,-3.5106E-09,0.005253,3.1216E-07,-3.1158E-07
0.10500000000000001,0.83000000000000007,-0.0053022,-3.6009E-09,0.0053034,3.122E-07,-3.1168E-07
0.1,0.83000000000000007,-0.0053528000000000004,-3.6997E-09,0.0053526,3.1214E-07,-3.1162E-07
0.095,0.83000000000000007,-0.0054022,-3.8E-09,0.0054022,3.1218E-07,-3.117E-07
0.090000000000000011,0.83000000000000007,-0.00545,-3.9024E-09,0.0054516,3.1221999999999997E-07,-3.117E-07
0.085,0.83000000000000007,-0.0054974,-4.0029E-09,0.0054978,3.1207999999999997E-07,-3.1156E-07
0.08,0.83000000000000007,-0.0055452,-4.107E-09,0.0055462,3.122E-07,-3.1164E-07
0.075,0.83000000000000007,-0.0055894000000000004,-4.2113E-09,0.0055896,3.122E-07,-3.1164E-07
0.07,0.83000000000000007,-0.0056346,-4.3271E-09,0.0056370000000000005,3.1221999999999997E-07,-3.1172E-07
0.065,0.83000000000000007,-0.0056788,-4.4395E-09,0.0056802,3.122E-07,-3.1168E-07
0.060000000000000005,0.83000000000000007,-0.0057220000000000005,-4.552E-09,0.0057226,3.1221999999999997E-07,-3.117E-07
0.055,0.83000000000000007,-0.0057646,-4.6706E-09,0.0057668,3.122E-07,-3.1164E-07
0.05,0.83000000000000007,-0.0058068,-4.7826E-09,0.0058062,3.1216E-07,-3.1165999999999997E-07
0.045000000000000005,0.83000000000000007,-0.0058476000000000005,-4.9052E-09,0.005849,3.1216E-07,-3.1164E-07
0.04,0.83000000000000007,-0.0058878,-5.0294E-09,0.0058882000000000006,3.1218E-07,-3.1164E-07
0.035,0.83000000000000007,-0.0059284,-5.1568E-09,0.0059282,3.1214E-07,-3.1162E-07
0.030000000000000002,0.83000000000000007,-0.005966,-5.2896E-09,0.0059686,3.1212E-07,-3.1164E-07
0.025,0.83000000000000007,-0.006005,-5.4262E-09,0.006006,3.1207999999999997E-07,-3.1154E-07
0.02,0.83000000000000007,-0.0060426,-5.5779E-09,0.0060426,3.1214E-07,-3.1158E-07
0.015000000000000001,0.83000000000000007,-0.0060792,-5.7218E-09,0.0060802,3.1214E-07,-3.1164E-07
0.01,0.83000000000000007,-0.0061168,-5.8578E-09,0.0061158,3.1212E-07,-3.116E-07
0.005,0.83000000000000007,-0.0061524,-6.004E-09,0.0061542,3.1206E-07,-3.116E-07
0,0.83000000000000007,-0.0061864,-6.1504E-09,0.0061876,3.1207999999999997E-07,-3.1156E-07
1.2,0.84000000000000008,-5.3067000000000009E-10,1.1184000000000001E-10,-2.9770000000000004E-11,3.1202E-07,-3.1154E-07
1.195,0.84000000000000008,-5.2691E-10,1.0710000000000001E-10,-3.5530000000000006E-11,3.1204E-07,-3.116E-07
1.19,0.84000000000000008,-5.4267E-10,1.0433E-10,-3.135E-11,3.1198E-07,-3.1158E-07
1.185,0.84000000000000008,-5.2319E-10,9.876E-11,-2.6920000000000002E-11,3.1204E-07,-3.1156E-07
1.1800000000000002,0.84000000000000008,-5.3434E-10,9.1790000000000013E-11,-2.9030000000000002E-11,3.1207999999999997E-07,-3.1158E-07
1.175,0.84000000000000008,-5.388E-10,8.961E-11,-2.7700000000000002E-11,3.1204E-07,-3.1156E-07
1.1700000000000002,0.84000000000000008,-5.2481000000000007E-10,8.5240000000000008E-11,-2.615E-11,3.1204E-07,-3.1158E-07
1.165,0.84000000000000008,-5.336E-10,8.043E-11,-2.1770000000000003E-11,3.1207999999999997E-07,-3.1158E-07
1.1600000000000001,0.84000000000000008,-5.1569E-10,7.6390000000000007E-11,-2.4610000000000003E-11,3.1212E-07,-3.116E-07
1.155,0.84000000000000008,-5.3277E-10,7.317E-11,-2.3350000000000002E-11,3.1212E-07,-3.1162E-07
1.1500000000000001,0.84000000000000008,-5.1315E-10,7.017E-11,-1.804E-11,3.12E-07,-3.115E-07
1.145,0.84000000000000008,-5.206E-10,6.4780000000000008E-11,-2.0220000000000002E-11,3.1202E-07,-3.1146E-07
1.1400000000000001,0.84000000000000008,-5.2174E-10,6.392000000000001E-11,-1.881E-11,3.1207999999999997E-07,-3.1162E-07
1.135,0.84000000000000008,-5.1465000000000008E-10,5.9590000000000011E-11,-1.9440000000000003E-11,3.1212E-07,-3.1156E-07
1.1300000000000001,0.84000000000000008,-5.2164000000000007E-10,5.7340000000000006E-11,-1.2780000000000002E-11,3.1202E-07,-3.1151999999999997E-07
1.125,0.84000000000000008,-5.0480000000000006E-10,5.4130000000000005E-11,-1.686E-11,3.1206E-07,-3.1156E-07
1.12,0.84000000000000008,-5.1074E-10,5.2760000000000007E-11,-1.7450000000000002E-11,3.1204E-07,-3.1154E-07
1.115,0.84000000000000008,-5.0697000000000006E-10,5.003E-11,-1.2320000000000001E-11,3.1204E-07,-3.1151999999999997E-07
1.11,0.84000000000000008,-5.0450000000000007E-10,4.5870000000000005E-11,-1.1460000000000002E-11,3.1202E-07,-3.1154E-07
1.105,0.84000000000000008,-5.0760000000000009E-10,4.5320000000000005E-11,-1.2960000000000001E-11,3.1202E-07,-3.1151999999999997E-07
1.1,0.84000000000000008,-5.0145000000000006E-10,4.3240000000000004E-11,-1.1650000000000002E-11,3.1202E-07,-3.1158E-07
1.095,0.84000000000000008,-5.1603E-10,4.0220000000000004E-11,-9.6000000000000011E-12,3.1207999999999997E-07,-3.1162E-07
1.09,0.84000000000000008,-4.979E-10,3.798E-11,-9.75E-12,3.121E-07,-3.1154E-07
1.085,0.84000000000000008,-4.9917E-10,3.7890000000000004E-11,-1.1230000000000001E-11,3.1212E-07,-3.1164E-07
1.08,0.84000000000000008,-4.9726E-10,3.532E-11,-7.970000000000001E-12,3.121E-07,-3.1162E-07
1.075,0.84000000000000008,-5.0441E-10,3.183E-11,-6.14E-12,3.1207999999999997E-07,-3.1162E-07
1.07,0.84000000000000008,-5.0056000000000008E-10,3.0720000000000005E-11,-7.64E-12,3.1214E-07,-3.1164E-07
1.065,0.84000000000000008,-5.0124E-10,2.993E-11,-6.51E-12,3.1214E-07,-3.1158E-07
1.06,0.84000000000000008,-5.0183E-10,2.8190000000000002E-11,-3.0900000000000004E-12,3.1207999999999997E-07,-3.1158E-07
1.0550000000000002,0.84000000000000008,-4.9613E-10,2.5650000000000003E-11,-4.7100000000000007E-12,3.1212E-07,-3.1158E-07
1.05,0.84000000000000008,-4.9447E-10,2.6300000000000002E-11,-5.89E-12,3.1206E-07,-3.1158E-07
1.0450000000000002,0.84000000000000008,-4.9779E-10,2.4640000000000002E-11,-4.4500000000000006E-12,3.1214E-07,-3.1158E-07
1.04,0.84000000000000008,-5.0391000000000007E-10,2.158E-11,-2.2000000000000002E-13,3.1212E-07,-3.1164E-07
1.0350000000000001,0.84000000000000008,-5.0315000000000007E-10,2.0710000000000002E-11,-2.42E-12,3.1214E-07,-3.1151999999999997E-07
1.03,0.84000000000000008,-5.0143E-10,2.067E-11,-1.6300000000000001E-12,3.1207999999999997E-07,-3.1162E-07
1.0250000000000001,0.84000000000000008,-4.9293000000000008E-10,1.952E-11,2.1500000000000003E-12,3.1193999999999997E-07,-3.1146E-07
1.02,0.84000000000000008,-4.9173E-10,1.6890000000000003E-11,2.9900000000000004E-12,3.1202E-07,-3.1151999999999997E-07
1.0150000000000001,0.84000000000000008,-5.0236E-10,1.832E-11,1.8900000000000002E-12,3.1206E-07,-3.1151999999999997E-07
1.01,0.84000000000000008,-5.1033E-10,1.6740000000000002E-11,4.63E-12,3.1207999999999997E-07,-3.1148E-07
1.0050000000000001,0.84000000000000008,-5.0775E-10,1.493E-11,8.8000000000000013E-12,3.1206E-07,-3.115E-07
1,0.84000000000000008,-4.943E-10,1.384E-11,1.0500000000000001E-11,3.1204E-07,-3.1154E-07
0.995,0.84000000000000008,-4.9959E-10,1.351E-11,9.7000000000000011E-12,3.12E-07,-3.115E-07
0.9900000000000001,0.84000000000000008,-5.0872000000000008E-10,1.3480000000000002E-11,1.75E-11,3.1202E-07,-3.1158E-07
0.9850000000000001,0.84000000000000008,-5.101E-10,1.088E-11,1.934E-11,3.1206E-07,-3.1151999999999997E-07
0.98000000000000009,0.84000000000000008,-5.2152000000000008E-10,1.2170000000000002E-11,2.2390000000000003E-11,3.12E-07,-3.1158E-07
0.97500000000000009,0.84000000000000008,-5.1743E-10,1.14E-11,2.4880000000000002E-11,3.1207999999999997E-07,-3.1158E-07
0.97000000000000008,0.84000000000000008,-5.2544E-10,9.78E-12,3.4390000000000004E-11,3.1206E-07,-3.1154E-07
0.96500000000000008,0.84000000000000008,-5.2340000000000007E-10,8.95E-12,4.06E-11,3.121E-07,-3.1151999999999997E-07
0.96000000000000008,0.84000000000000008,-5.4152E-10,8.5000000000000013E-12,4.377E-11,3.1206E-07,-3.1154E-07
0.95500000000000007,0.84000000000000008,-5.5393000000000007E-10,9.4200000000000015E-12,5.717E-11,3.1206E-07,-3.1151999999999997E-07
0.95000000000000007,0.84000000000000008,-5.5284E-10,6.2900000000000009E-12,6.611E-11,3.1206E-07,-3.1156E-07
0.94500000000000006,0.84000000000000008,-5.6969E-10,7.11E-12,7.77E-11,3.1206E-07,-3.1156E-07
0.94000000000000006,0.84000000000000008,-5.7801000000000005E-10,6.9500000000000009E-12,8.8180000000000012E-11,3.1202E-07,-3.1154E-07
0.935,0.84000000000000008,-6.0108000000000006E-10,5.94E-12,1.0973E-10,3.1207999999999997E-07,-3.1151999999999997E-07
0.93,0.84000000000000008,-6.1331E-10,5.18E-12,1.3021E-10,3.1202E-07,-3.1158E-07
0.925,0.84000000000000008,-6.4163000000000009E-10,3.91E-12,1.4855000000000002E-10,3.1207999999999997E-07,-3.1158E-07
0.92,0.84000000000000008,-6.758500000000001E-10,5.2600000000000006E-12,1.79E-10,3.1207999999999997E-07,-3.1156E-07
0.915,0.84000000000000008,-6.9239E-10,3.51E-12,2.1215E-10,3.1202E-07,-3.1156E-07
0.91,0.84000000000000008,-7.4297000000000007E-10,3E-12,2.4997E-10,3.1206E-07,-3.1158E-07
0.905,0.84000000000000008,-7.7534E-10,3.65E-12,2.9113E-10,3.1206E-07,-3.1158E-07
0.9,0.84000000000000008,-8.3496000000000008E-10,2.7000000000000002E-12,3.4441E-10,3.12E-07,-3.1151999999999997E-07
0.895,0.84000000000000008,-8.9087E-10,2.52E-12,4.1091000000000003E-10,3.1202E-07,-3.116E-07
0.89,0.84000000000000008,-9.664E-10,6.0000000000000009E-14,4.7531000000000009E-10,3.1207999999999997E-07,-3.1156E-07
0.885,0.84000000000000008,-1.05556E-09,2.6100000000000004E-12,5.6476E-10,3.1204E-07,-3.1154E-07
0.88,0.84000000000000008,-1.1579E-09,-1.2000000000000002E-13,6.7101E-10,3.1206E-07,-3.1156E-07
0.875,0.84000000000000008,-1.2637E-09,1.3900000000000001E-12,7.8079E-10,3.1204E-07,-3.1156E-07
0.87,0.84000000000000008,-1.4103E-09,9.0000000000000008E-14,9.1763000000000007E-10,3.1206E-07,-3.1154E-07
0.865,0.84000000000000008,-1.57E-09,-6.0000000000000009E-14,1.08659E-09,3.1202E-07,-3.1151999999999997E-07
0.86,0.84000000000000008,-1.758E-09,-2.4300000000000003E-12,1.278E-09,3.1206E-07,-3.1156E-07
0.85500000000000009,0.84000000000000008,-1.9741E-09,-4.5000000000000005E-13,1.5009E-09,3.1207999999999997E-07,-3.1151999999999997E-07
0.85000000000000009,0.84000000000000008,-2.2408E-09,-2.19E-12,1.7672E-09,3.1212E-07,-3.1158E-07
0.84500000000000008,0.84000000000000008,-2.5645E-09,-2.8400000000000004E-12,2.0765E-09,3.1202E-07,-3.1148E-07
0.84000000000000008,0.84000000000000008,-2.9157E-09,-3.1600000000000003E-12,2.4556E-09,3.1206E-07,-3.1151999999999997E-07
0.83500000000000008,0.84000000000000008,-3.3766E-09,-1.6E-12,2.8779E-09,3.1202E-07,-3.1158E-07
0.83000000000000007,0.84000000000000008,-3.8761E-09,-3.33E-12,3.3909E-09,3.12E-07,-3.1156E-07
0.82500000000000007,0.84000000000000008,-4.4786E-09,-5.9200000000000006E-12,3.9786E-09,3.1207999999999997E-07,-3.1162E-07
0.82000000000000006,0.84000000000000008,-5.1916E-09,-3.1900000000000003E-12,4.7204E-09,3.1204E-07,-3.1148E-07
0.81500000000000006,0.84000000000000008,-6.0063E-09,-6.8800000000000006E-12,5.5525E-09,3.1202E-07,-3.1158E-07
0.81,0.84000000000000008,-7.0285E-09,-7.62E-12,6.5043E-09,3.1206E-07,-3.1156E-07
0.805,0.84000000000000008,-8.1344E-09,-8.61E-12,7.6828E-09,3.1207999999999997E-07,-3.1162E-07
0.8,0.84000000000000008,-9.556E-09,-8.1000000000000014E-12,8.9997E-09,3.1207999999999997E-07,-3.115E-07
0.795,0.84000000000000008,-1.10483E-08,-1.198E-11,1.06405E-08,3.12E-07,-3.115E-07
0.79,0.84000000000000008,-1.29554E-08,-1.1310000000000001E-11,1.2471399999999998E-08,3.12E-07,-3.1148E-07
0.785,0.84000000000000008,-1.51886E-08,-1.1860000000000002E-11,1.4760599999999999E-08,3.1202E-07,-3.1146E-07
0.78,0.84000000000000008,-1.7814999999999998E-08,-1.382E-11,1.7319599999999997E-08,3.1193999999999997E-07,-3.1146E-07
0.775,0.84000000000000008,-2.0900399999999997E-08,-1.517E-11,2.0412799999999998E-08,3.12E-07,-3.115E-07
0.77,0.84000000000000008,-2.4457E-08,-1.59E-11,2.4024799999999998E-08,3.1206E-07,-3.1144E-07
0.765,0.84000000000000008,-2.85688E-08,-1.821E-11,2.8138999999999998E-08,3.12E-07,-3.1146E-07
0.76,0.84000000000000008,-3.3675999999999997E-08,-1.901E-11,3.3198E-08,3.1196E-07,-3.1151999999999997E-07
0.755,0.84000000000000008,-3.9543399999999994E-08,-2.0930000000000002E-11,3.9219999999999996E-08,3.1193999999999997E-07,-3.114E-07
0.75,0.84000000000000008,-4.65094E-08,-2.3770000000000002E-11,4.61988E-08,3.1188E-07,-3.1146E-07
0.745,0.84000000000000008,-5.5001799999999994E-08,-2.451E-11,5.4448999999999993E-08,3.1192E-07,-3.1144E-07
0.74,0.84000000000000008,-6.459939999999999E-08,-2.7960000000000003E-11,6.4203E-08,3.1196E-07,-3.1146E-07
0.735,0.84000000000000008,-7.61278E-08,-2.96E-11,7.5419199999999993E-08,3.1193999999999997E-07,-3.1146E-07
0.73,0.84000000000000008,-8.920339999999999E-08,-3.1440000000000003E-11,8.8576999999999986E-08,3.1192E-07,-3.1132E-07
0.72500000000000009,0.84000000000000008,-1.053286E-07,-3.54E-11,1.0491059999999998E-07,3.1193999999999997E-07,-3.1146E-07
0.72000000000000008,0.84000000000000008,-1.2302E-07,-3.7200000000000005E-11,1.2292E-07,3.1196E-07,-3.1144E-07
0.71500000000000008,0.84000000000000008,-1.4606E-07,-4.199E-11,1.451E-07,3.1193999999999997E-07,-3.1144E-07
0.71000000000000008,0.84000000000000008,-1.7226E-07,-4.392E-11,1.7102E-07,3.1193999999999997E-07,-3.1146E-07
0.70500000000000007,0.84000000000000008,-2.0192E-07,-4.5950000000000007E-11,2.0058E-07,3.12E-07,-3.1146E-07
0.70000000000000007,0.84000000000000008,-2.3858E-07,-4.9770000000000006E-11,2.3658E-07,3.1193999999999997E-07,-3.1137999999999997E-07
0.69500000000000006,0.84000000000000008,-2.7896E-07,-5.211E-11,2.8079999999999997E-07,3.1193999999999997E-07,-3.114E-07
0.69000000000000006,0.84000000000000008,-3.2796E-07,-5.7290000000000003E-11,3.2976E-07,3.1196E-07,-3.1137999999999997E-07
0.685,0.84000000000000008,-3.8738E-07,-6.2960000000000008E-11,3.8887999999999997E-07,3.1198E-07,-3.1144E-07
0.68,0.84000000000000008,-4.5745999999999997E-07,-6.5990000000000009E-11,4.553E-07,3.1188E-07,-3.114E-07
0.675,0.84000000000000008,-5.3826E-07,-7.0930000000000007E-11,5.3614E-07,3.1188E-07,-3.1146E-07
0.67,0.84000000000000008,-6.321E-07,-7.375E-11,6.3024E-07,3.1198E-07,-3.1146E-07
0.665,0.84000000000000008,-7.4776E-07,-7.805E-11,7.3914E-07,3.1198E-07,-3.114E-07
0.66,0.84000000000000008,-8.7228E-07,-8.3410000000000012E-11,8.7215999999999994E-07,3.119E-07,-3.1146E-07
0.655,0.84000000000000008,-1.02894E-06,-9.0120000000000008E-11,1.02564E-06,3.1198E-07,-3.1146E-07
0.65,0.84000000000000008,-1.2125E-06,-9.388E-11,1.2183E-06,3.119E-07,-3.1137999999999997E-07
0.645,0.84000000000000008,-1.4289000000000002E-06,-1.0035000000000001E-10,1.4323000000000003E-06,3.1188E-07,-3.1146E-07
0.64,0.84000000000000008,-1.6772000000000002E-06,-1.0669000000000001E-10,1.667E-06,3.1193999999999997E-07,-3.115E-07
0.635,0.84000000000000008,-1.9716000000000003E-06,-1.1075E-10,1.9704000000000002E-06,3.1188E-07,-3.114E-07
0.63,0.84000000000000008,-2.3114000000000004E-06,-1.1711E-10,2.3201E-06,3.119E-07,-3.114E-07
0.625,0.84000000000000008,-2.7263000000000005E-06,-1.2265E-10,2.7309000000000004E-06,3.1188E-07,-3.1142E-07
0.62,0.84000000000000008,-3.1950000000000003E-06,-1.2913E-10,3.1923000000000003E-06,3.1182E-07,-3.1142E-07
0.615,0.84000000000000008,-3.7522000000000003E-06,-1.3746E-10,3.7483E-06,3.1188E-07,-3.1142E-07
0.61,0.84000000000000008,-4.3943000000000004E-06,-1.4051000000000001E-10,4.3633E-06,3.119E-07,-3.1144E-07
0.605,0.84000000000000008,-5.1143E-06,-1.4895000000000001E-10,5.1600000000000006E-06,3.1196E-07,-3.114E-07
0.6,0.84000000000000008,-6.005800000000001E-06,-1.5620000000000001E-10,6.0089E-06,3.1188E-07,-3.114E-07
0.595,0.84000000000000008,-7.0564000000000007E-06,-1.631E-10,7.0128000000000009E-06,3.1193999999999997E-07,-3.114E-07
0.59000000000000008,0.84000000000000008,-8.2366E-06,-1.7258000000000001E-10,8.2129E-06,3.1196E-07,-3.114E-07
0.58500000000000008,0.84000000000000008,-9.5377E-06,-1.7766E-10,9.557E-06,3.119E-07,-3.1137999999999997E-07
0.58000000000000007,0.84000000000000008,-1.11571E-05,-1.8289000000000003E-10,1.11897E-05,3.1196E-07,-3.1148E-07
0.57500000000000007,0.84000000000000008,-1.3024000000000001E-05,-1.9344E-10,1.2942E-05,3.1192E-07,-3.1136E-07
0.57000000000000006,0.84000000000000008,-1.5166E-05,-1.9475000000000003E-10,1.5124000000000001E-05,3.1193999999999997E-07,-3.114E-07
0.56500000000000006,0.84000000000000008,-1.7584E-05,-2.0402E-10,1.7546E-05,3.1196E-07,-3.1137999999999997E-07
0.56,0.84000000000000008,-2.0402000000000002E-05,-2.1046000000000002E-10,2.0392E-05,3.1188E-07,-3.114E-07
0.555,0.84000000000000008,-2.366E-05,-2.1822000000000002E-10,2.3638E-05,3.119E-07,-3.1142E-07
0.55,0.84000000000000008,-2.7448000000000002E-05,-2.2896000000000003E-10,2.7458E-05,3.1192E-07,-3.114E-07
0.545,0.84000000000000008,-3.1702E-05,-2.3446000000000004E-10,3.1662E-05,3.119E-07,-3.114E-07
0.54,0.84000000000000008,-3.6522E-05,-2.4365000000000003E-10,3.6466E-05,3.1188E-07,-3.1144E-07
0.535,0.84000000000000008,-4.2256E-05,-2.5202E-10,4.222E-05,3.1192E-07,-3.1146E-07
0.53,0.84000000000000008,-4.868E-05,-2.5966E-10,4.869E-05,3.119E-07,-3.114E-07
0.525,0.84000000000000008,-5.5954E-05,-2.7013000000000003E-10,5.5984000000000005E-05,3.119E-07,-3.1144E-07
0.52,0.84000000000000008,-6.4242E-05,-2.7956E-10,6.4394000000000007E-05,3.1188E-07,-3.114E-07
0.515,0.84000000000000008,-7.3696000000000007E-05,-2.8936E-10,7.383E-05,3.1193999999999997E-07,-3.1146E-07
0.51,0.84000000000000008,-8.4458E-05,-2.9709E-10,8.4622E-05,3.119E-07,-3.1134E-07
0.505,0.84000000000000008,-9.6596000000000008E-05,-3.0891E-10,9.6624E-05,3.1193999999999997E-07,-3.1144E-07
0.5,0.84000000000000008,-0.000110504,-3.1953000000000003E-10,0.000110376,3.1196E-07,-3.114E-07
0.49500000000000005,0.84000000000000008,-0.0001253,-3.3093E-10,0.00012548,3.1193999999999997E-07,-3.114E-07
0.49000000000000005,0.84000000000000008,-0.00014276000000000002,-3.4018E-10,0.0001428,3.12E-07,-3.1151999999999997E-07
0.48500000000000004,0.84000000000000008,-0.00016164,-3.5404000000000005E-10,0.00016192000000000002,3.12E-07,-3.1142E-07
0.48000000000000004,0.84000000000000008,-0.00018306,-3.6747E-10,0.00018332,3.1196E-07,-3.1146E-07
0.47500000000000003,0.84000000000000008,-0.00020622000000000001,-3.8045E-10,0.00020638,3.1198E-07,-3.1148E-07
0.47000000000000003,0.84000000000000008,-0.00023236,-3.9458000000000005E-10,0.0002325,3.1202E-07,-3.1146E-07
0.465,0.84000000000000008,-0.00026010000000000003,-4.052E-10,0.00026034,3.1196E-07,-3.1148E-07
0.46,0.84000000000000008,-0.00029086000000000004,-4.2092000000000003E-10,0.00029116,3.12E-07,-3.115E-07
0.455,0.84000000000000008,-0.00032388,-4.3665000000000004E-10,0.00032408000000000003,3.12E-07,-3.114E-07
0.45,0.84000000000000008,-0.00036028000000000004,-4.5152000000000006E-10,0.00036018000000000004,3.1196E-07,-3.1148E-07
0.445,0.84000000000000008,-0.00039848000000000005,-4.6957000000000006E-10,0.00039862000000000003,3.12E-07,-3.115E-07
0.44,0.84000000000000008,-0.0004398,-4.8692E-10,0.00044032,3.1202E-07,-3.115E-07
0.435,0.84000000000000008,-0.00048340000000000004,-5.1077000000000009E-10,0.00048366,3.1192E-07,-3.1146E-07
0.43,0.84000000000000008,-0.00053016,-5.2758000000000005E-10,0.00053066000000000007,3.12E-07,-3.1146E-07
0.42500000000000004,0.84000000000000008,-0.0005789,-5.4769E-10,0.00057922000000000008,3.1193999999999997E-07,-3.1151999999999997E-07
0.42000000000000004,0.84000000000000008,-0.00063084,-5.6548E-10,0.00063142,3.1196E-07,-3.1144E-07
0.41500000000000004,0.84000000000000008,-0.00068466,-5.7748000000000006E-10,0.00068468,3.1196E-07,-3.115E-07
0.41000000000000003,0.84000000000000008,-0.0007412,-5.9726000000000007E-10,0.0007416800000000001,3.12E-07,-3.115E-07
0.405,0.84000000000000008,-0.0007990400000000001,-6.1573E-10,0.00079964,3.12E-07,-3.115E-07
0.4,0.84000000000000008,-0.00086106000000000008,-6.3774E-10,0.0008614400000000001,3.12E-07,-3.1151999999999997E-07
0.395,0.84000000000000008,-0.00092338,-6.5937000000000007E-10,0.00092312,3.1202E-07,-3.1156E-07
0.39,0.84000000000000008,-0.00098834,-6.8283E-10,0.0009881,3.1207999999999997E-07,-3.1156E-07
0.385,0.84000000000000008,-0.00105326,-7.0228000000000008E-10,0.0010543,3.1196E-07,-3.1151999999999997E-07
0.38,0.84000000000000008,-0.00112232,-7.2883000000000006E-10,0.0011228800000000002,3.1198E-07,-3.1151999999999997E-07
0.375,0.84000000000000008,-0.0011906,-7.5233E-10,0.0011914,3.1204E-07,-3.1156E-07
0.37,0.84000000000000008,-0.0012624000000000001,-7.787100000000001E-10,0.0012632000000000001,3.1204E-07,-3.115E-07
0.365,0.84000000000000008,-0.0013332,-8.0201000000000011E-10,0.0013338,3.1198E-07,-3.1148E-07
0.36000000000000004,0.84000000000000008,-0.001407,-8.3333000000000006E-10,0.0014074,3.12E-07,-3.115E-07
0.35500000000000004,0.84000000000000008,-0.00148,-8.5649000000000011E-10,0.0014804,3.1196E-07,-3.1156E-07
0.35000000000000003,0.84000000000000008,-0.0015542,-8.8642E-10,0.0015556,3.1202E-07,-3.115E-07
0.34500000000000003,0.84000000000000008,-0.0016296,-9.1637000000000011E-10,0.0016292000000000001,3.1198E-07,-3.1156E-07
0.34,0.84000000000000008,-0.0017048,-9.4424E-10,0.0017046000000000001,3.1196E-07,-3.1146E-07
0.335,0.84000000000000008,-0.0017794,-9.7642E-10,0.0017798,3.1206E-07,-3.1156E-07
0.33,0.84000000000000008,-0.0018558000000000001,-1.00779E-09,0.001856,3.1202E-07,-3.1156E-07
0.325,0.84000000000000008,-0.0019312,-1.0446500000000001E-09,0.0019314,3.1198E-07,-3.1154E-07
0.32,0.84000000000000008,-0.0020078,-1.0758500000000002E-09,0.0020084,3.1202E-07,-3.1148E-07
0.315,0.84000000000000008,-0.0020826,-1.11093E-09,0.002083,3.1198E-07,-3.115E-07
0.31,0.84000000000000008,-0.0021584,-1.1464E-09,0.002158,3.12E-07,-3.1148E-07
0.305,0.84000000000000008,-0.0022326,-1.183E-09,0.0022334,3.12E-07,-3.1156E-07
0.3,0.84000000000000008,-0.0023086,-1.2176E-09,0.0023084,3.1193999999999997E-07,-3.1146E-07
0.29500000000000004,0.84000000000000008,-0.0023828,-1.2565E-09,0.0023826,3.1193999999999997E-07,-3.1144E-07
0.29000000000000004,0.84000000000000008,-0.002457,-1.3036E-09,0.0024566,3.119E-07,-3.1146E-07
0.28500000000000003,0.84000000000000008,-0.002529,-1.3474E-09,0.0025294000000000002,3.1193999999999997E-07,-3.115E-07
0.28,0.84000000000000008,-0.002603,-1.3852E-09,0.0026038,3.1193999999999997E-07,-3.1148E-07
0.275,0.84000000000000008,-0.0026738,-1.4249E-09,0.002675,3.1193999999999997E-07,-3.1148E-07
0.27,0.84000000000000008,-0.0027452,-1.4697E-09,0.0027462,3.119E-07,-3.1151999999999997E-07
0.265,0.84000000000000008,-0.0028166000000000003,-1.5119E-09,0.0028164,3.1196E-07,-3.1156E-07
0.26,0.84000000000000008,-0.0028858,-1.561E-09,0.0028864,3.1204E-07,-3.1154E-07
0.255,0.84000000000000008,-0.0029554,-1.6142E-09,0.0029562,3.12E-07,-3.1154E-07
0.25,0.84000000000000008,-0.0030232,-1.661E-09,0.0030238,3.1202E-07,-3.116E-07
0.24500000000000002,0.84000000000000008,-0.0030908,-1.7108E-09,0.003091,3.12E-07,-3.1154E-07
0.24000000000000002,0.84000000000000008,-0.0031568,-1.7602E-09,0.0031568,3.1193999999999997E-07,-3.1156E-07
0.23500000000000001,0.84000000000000008,-0.0032222,-1.812E-09,0.0032234,3.1202E-07,-3.1151999999999997E-07
0.23,0.84000000000000008,-0.0032876,-1.8679E-09,0.0032872,3.1202E-07,-3.1151999999999997E-07
0.225,0.84000000000000008,-0.0033518000000000003,-1.922E-09,0.003352,3.12E-07,-3.1156E-07
0.22,0.84000000000000008,-0.0034142,-1.9773E-09,0.0034144,3.1202E-07,-3.1151999999999997E-07
0.215,0.84000000000000008,-0.0034758000000000002,-2.0371E-09,0.0034766000000000003,3.1202E-07,-3.1151999999999997E-07
0.21000000000000002,0.84000000000000008,-0.0035366,-2.0952E-09,0.0035378000000000002,3.12E-07,-3.1151999999999997E-07
0.20500000000000002,0.84000000000000008,-0.0035976000000000003,-2.1565E-09,0.0035974,3.1193999999999997E-07,-3.115E-07
0.2,0.84000000000000008,-0.003656,-2.2159E-09,0.0036574,3.1193999999999997E-07,-3.1146E-07
0.195,0.84000000000000008,-0.0037144,-2.2796E-09,0.0037158,3.1192E-07,-3.115E-07
0.19,0.84000000000000008,-0.0037714000000000003,-2.3475E-09,0.003772,3.1196E-07,-3.1158E-07
0.185,0.84000000000000008,-0.0038282,-2.4141E-09,0.0038288000000000003,3.1206E-07,-3.116E-07
0.18000000000000002,0.84000000000000008,-0.0038834,-2.4834E-09,0.003885,3.1198E-07,-3.1156E-07
0.17500000000000002,0.84000000000000008,-0.0039394,-2.5534E-09,0.003938,3.1202E-07,-3.1156E-07
0.17,0.84000000000000008,-0.003993,-2.6233E-09,0.0039926,3.1196E-07,-3.1154E-07
0.165,0.84000000000000008,-0.0040444,-2.6922E-09,0.0040446,3.119E-07,-3.1148E-07
0.16,0.84000000000000008,-0.0040966,-2.7674E-09,0.004097,3.119E-07,-3.1144E-07
0.155,0.84000000000000008,-0.004148,-2.8439E-09,0.0041486,3.1193999999999997E-07,-3.1148E-07
0.15,0.84000000000000008,-0.0041984,-2.9221E-09,0.0041988,3.1196E-07,-3.1148E-07
0.14500000000000002,0.84000000000000008,-0.0042472000000000005,-2.9989E-09,0.004247,3.1196E-07,-3.1146E-07
0.14,0.84000000000000008,-0.0042972,-3.0824E-09,0.0042958,3.119E-07,-3.1144E-07
0.135,0.84000000000000008,-0.0043424,-3.1644E-09,0.0043434,3.1196E-07,-3.1154E-07
0.13,0.84000000000000008,-0.00439,-3.2467E-09,0.0043924,3.1196E-07,-3.1151999999999997E-07
0.125,0.84000000000000008,-0.004436,-3.3348E-09,0.0044362,3.1196E-07,-3.1154E-07
0.12000000000000001,0.84000000000000008,-0.004482,-3.4272E-09,0.0044802,3.1193999999999997E-07,-3.1146E-07
0.115,0.84000000000000008,-0.0045252,-3.5137E-09,0.0045264,3.1193999999999997E-07,-3.115E-07
0.11,0.84000000000000008,-0.0045708,-3.6077E-09,0.0045702,3.1192E-07,-3.115E-07
0.10500000000000001,0.84000000000000008,-0.0046124,-3.7471E-09,0.004614,3.1196E-07,-3.115E-07
0.1,0.84000000000000008,-0.0046552,-3.8451E-09,0.004656,3.1196E-07,-3.1151999999999997E-07
0.095,0.84000000000000008,-0.0046960000000000005,-3.9447E-09,0.0046972,3.119E-07,-3.115E-07
0.090000000000000011,0.84000000000000008,-0.0047362,-4.0427E-09,0.0047388000000000005,3.1193999999999997E-07,-3.1146E-07
0.085,0.84000000000000008,-0.004777,-4.1479E-09,0.0047762,3.1196E-07,-3.1144E-07
0.08,0.84000000000000008,-0.0048172,-4.2596E-09,0.004817,3.1192E-07,-3.1148E-07
0.075,0.84000000000000008,-0.0048546,-4.3759E-09,0.0048542,3.1202E-07,-3.1151999999999997E-07
0.07,0.84000000000000008,-0.0048922,-4.4885E-09,0.0048938,3.1193999999999997E-07,-3.1151999999999997E-07
0.065,0.84000000000000008,-0.0049286,-4.5956E-09,0.0049286,3.1192E-07,-3.115E-07
0.060000000000000005,0.84000000000000008,-0.0049656,-4.7152E-09,0.0049652,3.1196E-07,-3.1158E-07
0.055,0.84000000000000008,-0.0050018,-4.8356E-09,0.0050022,3.1196E-07,-3.1146E-07
0.05,0.84000000000000008,-0.0050362,-4.9522E-09,0.0050374,3.1202E-07,-3.1156E-07
0.045000000000000005,0.84000000000000008,-0.0050726,-5.0746E-09,0.0050732,3.119E-07,-3.1148E-07
0.04,0.84000000000000008,-0.005105,-5.2062E-09,0.0051074,3.119E-07,-3.1148E-07
0.035,0.84000000000000008,-0.0051400000000000005,-5.3383E-09,0.0051396,3.1196E-07,-3.115E-07
0.030000000000000002,0.84000000000000008,-0.0051736,-5.4733E-09,0.0051730000000000005,3.1193999999999997E-07,-3.1146E-07
0.025,0.84000000000000008,-0.0052048,-5.608E-09,0.0052058,3.1192E-07,-3.1148E-07
0.02,0.84000000000000008,-0.0052358000000000005,-5.7469E-09,0.005236,3.1193999999999997E-07,-3.1144E-07
0.015000000000000001,0.84000000000000008,-0.0052668,-5.8913E-09,0.0052686,3.1188E-07,-3.115E-07
0.01,0.84000000000000008,-0.0052968,-6.0366E-09,0.0052984,3.1193999999999997E-07,-3.1146E-07
0.005,0.84000000000000008,-0.005327,-6.1911E-09,0.0053288,3.1196E-07,-3.1151999999999997E-07
0,0.84000000000000008,-0.0053566,-6.3424E-09,0.0053562,3.119E-07,-3.1148E-07
1.2,0.85000000000000009,-4.6341000000000006E-10,1.1071000000000001E-10,-3.047E-11,3.1184E-07,-3.1144E-07
1.195,0.85000000000000009,-4.5135000000000005E-10,1.0527E-10,-2.8780000000000003E-11,3.1188E-07,-3.1146E-07
1.19,0.85000000000000009,-4.5346000000000006E-10,1.0043000000000001E-10,-3.1770000000000004E-11,3.1182E-07,-3.1144E-07
1.185,0.85000000000000009,-4.5974000000000006E-10,9.6670000000000014E-11,-2.6680000000000002E-11,3.1184E-07,-3.1142E-07
1.1800000000000002,0.85000000000000009,-4.4707000000000004E-10,8.96E-11,-2.7700000000000002E-11,3.1186E-07,-3.1146E-07
1.175,0.85000000000000009,-4.4884E-10,8.5790000000000008E-11,-2.742E-11,3.119E-07,-3.1151999999999997E-07
1.1700000000000002,0.85000000000000009,-4.4519000000000004E-10,8.403E-11,-2.5810000000000003E-11,3.1188E-07,-3.1142E-07
1.165,0.85000000000000009,-4.4804000000000004E-10,7.759E-11,-2.493E-11,3.119E-07,-3.1146E-07
1.1600000000000001,0.85000000000000009,-4.4681000000000003E-10,7.45E-11,-2.176E-11,3.12E-07,-3.1148E-07
1.155,0.85000000000000009,-4.4359E-10,7.1450000000000009E-11,-2.6500000000000002E-11,3.119E-07,-3.1151999999999997E-07
1.1500000000000001,0.85000000000000009,-4.4803000000000005E-10,6.854E-11,-2.185E-11,3.1192E-07,-3.1146E-07
1.145,0.85000000000000009,-4.3351000000000004E-10,6.327E-11,-2.1700000000000003E-11,3.1193999999999997E-07,-3.1156E-07
1.1400000000000001,0.85000000000000009,-4.4194000000000003E-10,5.9930000000000007E-11,-2.2550000000000002E-11,3.1204E-07,-3.1151999999999997E-07
1.135,0.85000000000000009,-4.4055000000000005E-10,5.999E-11,-2.1170000000000003E-11,3.1196E-07,-3.1151999999999997E-07
1.1300000000000001,0.85000000000000009,-4.4119000000000006E-10,5.4530000000000005E-11,-1.899E-11,3.1188E-07,-3.1154E-07
1.125,0.85000000000000009,-4.4272000000000005E-10,5.2310000000000005E-11,-1.6270000000000002E-11,3.1198E-07,-3.1151999999999997E-07
1.12,0.85000000000000009,-4.3065000000000006E-10,5.0520000000000004E-11,-2.0240000000000003E-11,3.1202E-07,-3.1151999999999997E-07
1.115,0.85000000000000009,-4.4328000000000005E-10,4.8790000000000007E-11,-1.677E-11,3.119E-07,-3.115E-07
1.11,0.85000000000000009,-4.2899000000000004E-10,4.472E-11,-1.546E-11,3.1192E-07,-3.1158E-07
1.105,0.85000000000000009,-4.3945E-10,4.22E-11,-1.7090000000000003E-11,3.12E-07,-3.1156E-07
1.1,0.85000000000000009,-4.3847000000000004E-10,4.276E-11,-1.5450000000000002E-11,3.1196E-07,-3.1156E-07
1.095,0.85000000000000009,-4.3364E-10,3.781E-11,-1.3700000000000002E-11,3.1196E-07,-3.1148E-07
1.09,0.85000000000000009,-4.3842E-10,3.635E-11,-1.048E-11,3.1192E-07,-3.1146E-07
1.085,0.85000000000000009,-4.2359000000000003E-10,3.4870000000000005E-11,-1.5360000000000002E-11,3.12E-07,-3.1158E-07
1.08,0.85000000000000009,-4.4025000000000006E-10,3.3850000000000005E-11,-1.189E-11,3.1193999999999997E-07,-3.1151999999999997E-07
1.075,0.85000000000000009,-4.3032E-10,3.202E-11,-8.1000000000000014E-12,3.1184E-07,-3.114E-07
1.07,0.85000000000000009,-4.3569E-10,2.806E-11,-1.221E-11,3.119E-07,-3.1151999999999997E-07
1.065,0.85000000000000009,-4.3469000000000003E-10,2.94E-11,-1.005E-11,3.1182E-07,-3.1144E-07
1.06,0.85000000000000009,-4.2432000000000004E-10,2.6610000000000002E-11,-9.7000000000000011E-12,3.119E-07,-3.1144E-07
1.0550000000000002,0.85000000000000009,-4.3538000000000005E-10,2.48E-11,-5.3200000000000008E-12,3.119E-07,-3.1146E-07
1.05,0.85000000000000009,-4.2092000000000003E-10,2.382E-11,-8.65E-12,3.1184E-07,-3.1148E-07
1.0450000000000002,0.85000000000000009,-4.3763E-10,2.3150000000000002E-11,-7.35E-12,3.1182E-07,-3.1134E-07
1.04,0.85000000000000009,-4.2657000000000006E-10,2.225E-11,-1.4800000000000002E-12,3.1188E-07,-3.1144E-07
1.0350000000000001,0.85000000000000009,-4.2674E-10,1.8290000000000002E-11,-5.4500000000000004E-12,3.12E-07,-3.1154E-07
1.03,0.85000000000000009,-4.3264E-10,1.9350000000000003E-11,-2.8100000000000003E-12,3.1193999999999997E-07,-3.115E-07
1.0250000000000001,0.85000000000000009,-4.1927000000000004E-10,1.801E-11,-1.7700000000000001E-12,3.1193999999999997E-07,-3.1148E-07
1.02,0.85000000000000009,-4.3953000000000003E-10,1.6200000000000003E-11,3.1E-12,3.1193999999999997E-07,-3.1144E-07
1.0150000000000001,0.85000000000000009,-4.2119E-10,1.6050000000000002E-11,1.7100000000000002E-12,3.1196E-07,-3.115E-07
1.01,0.85000000000000009,-4.3338000000000006E-10,1.537E-11,2.09E-12,3.1193999999999997E-07,-3.115E-07
1.0050000000000001,0.85000000000000009,-4.3305E-10,1.5270000000000003E-11,9.54E-12,3.1192E-07,-3.1156E-07
1,0.85000000000000009,-4.2299000000000006E-10,1.2030000000000001E-11,1.039E-11,3.119E-07,-3.1156E-07
0.995,0.85000000000000009,-4.4064000000000004E-10,8.92E-12,9.390000000000001E-12,3.119E-07,-3.1154E-07
0.9900000000000001,0.85000000000000009,-4.7013E-10,7.5E-12,1.2570000000000002E-11,3.119E-07,-3.1146E-07
0.9850000000000001,0.85000000000000009,-4.4740000000000003E-10,9.35E-12,2.016E-11,3.119E-07,-3.1146E-07
0.98000000000000009,0.85000000000000009,-4.2236000000000003E-10,8.7000000000000013E-12,2.056E-11,3.1192E-07,-3.115E-07
0.97500000000000009,0.85000000000000009,-4.2175E-10,1.075E-11,2.4850000000000003E-11,3.1196E-07,-3.1156E-07
0.97000000000000008,0.85000000000000009,-4.7208E-10,9.8900000000000009E-12,3.213E-11,3.119E-07,-3.1154E-07
0.96500000000000008,0.85000000000000009,-4.7333000000000006E-10,6.31E-12,3.7970000000000006E-11,3.1186E-07,-3.1146E-07
0.96000000000000008,0.85000000000000009,-4.6894E-10,6.9300000000000006E-12,4.3640000000000004E-11,3.1193999999999997E-07,-3.1154E-07
0.95500000000000007,0.85000000000000009,-4.4687000000000003E-10,9.34E-12,5.3630000000000006E-11,3.1193999999999997E-07,-3.1146E-07
0.95000000000000007,0.85000000000000009,-4.7262000000000007E-10,4.98E-12,6.366E-11,3.1184E-07,-3.1146E-07
0.94500000000000006,0.85000000000000009,-4.9164000000000007E-10,5.29E-12,7.764E-11,3.1193999999999997E-07,-3.1154E-07
0.94000000000000006,0.85000000000000009,-5.1761E-10,4.89E-12,8.696E-11,3.1193999999999997E-07,-3.1148E-07
0.935,0.85000000000000009,-5.2678E-10,5.59E-12,1.0797E-10,3.1188E-07,-3.115E-07
0.93,0.85000000000000009,-5.255E-10,3.28E-12,1.26E-10,3.1192E-07,-3.115E-07
0.925,0.85000000000000009,-5.4678E-10,4.48E-12,1.4703E-10,3.1196E-07,-3.1148E-07
0.92,0.85000000000000009,-5.8124000000000005E-10,4.52E-12,1.7264E-10,3.1193999999999997E-07,-3.1146E-07
0.915,0.85000000000000009,-6.2495E-10,3.0100000000000003E-12,2.0457000000000002E-10,3.1186E-07,-3.115E-07
0.91,0.85000000000000009,-6.5508000000000008E-10,1.4300000000000002E-12,2.4196E-10,3.1196E-07,-3.115E-07
0.905,0.85000000000000009,-6.817800000000001E-10,1.6100000000000002E-12,2.8244E-10,3.1184E-07,-3.1144E-07
0.9,0.85000000000000009,-7.3753E-10,3.9E-12,3.3459000000000003E-10,3.119E-07,-3.1144E-07
0.895,0.85000000000000009,-7.8988000000000007E-10,3.5E-13,3.9146E-10,3.1188E-07,-3.1144E-07
0.89,0.85000000000000009,-8.6889000000000009E-10,1.0100000000000001E-12,4.6214E-10,3.1188E-07,-3.114E-07
0.885,0.85000000000000009,-9.5375000000000014E-10,1.36E-12,5.4103E-10,3.1186E-07,-3.1146E-07
0.88,0.85000000000000009,-1.04382E-09,5.6E-13,6.3703E-10,3.1188E-07,-3.1142E-07
0.875,0.85000000000000009,-1.1584E-09,8.5000000000000011E-13,7.4955000000000006E-10,3.1188E-07,-3.115E-07
0.87,0.85000000000000009,-1.2897E-09,-1E-12,8.7977000000000005E-10,3.1188E-07,-3.1142E-07
0.865,0.85000000000000009,-1.4462E-09,1.2000000000000002E-13,1.03324E-09,3.1188E-07,-3.1144E-07
0.86,0.85000000000000009,-1.6299E-09,-1.9000000000000002E-13,1.2203E-09,3.1188E-07,-3.114E-07
0.85500000000000009,0.85000000000000009,-1.8414E-09,-2.1200000000000003E-12,1.4248E-09,3.1179999999999997E-07,-3.1142E-07
0.85000000000000009,0.85000000000000009,-2.0942E-09,-3.51E-12,1.6855E-09,3.1182E-07,-3.1144E-07
0.84500000000000008,0.85000000000000009,-2.3819E-09,-2.69E-12,1.987E-09,3.1184E-07,-3.1142E-07
0.84000000000000008,0.85000000000000009,-2.7525E-09,-3.4400000000000003E-12,2.3397E-09,3.1184E-07,-3.1137999999999997E-07
0.83500000000000008,0.85000000000000009,-3.15E-09,-4.1000000000000007E-12,2.7422E-09,3.1184E-07,-3.114E-07
0.83000000000000007,0.85000000000000009,-3.6253E-09,-4.7600000000000007E-12,3.2263E-09,3.1186E-07,-3.114E-07
0.82500000000000007,0.85000000000000009,-4.1909E-09,-2.8800000000000002E-12,3.8102E-09,3.1182E-07,-3.1137999999999997E-07
0.82000000000000006,0.85000000000000009,-4.8759E-09,-6.0800000000000008E-12,4.4768E-09,3.1188E-07,-3.1142E-07
0.81500000000000006,0.85000000000000009,-5.664E-09,-6.97E-12,5.2767E-09,3.1188E-07,-3.1144E-07
0.81,0.85000000000000009,-6.6132E-09,-5.8200000000000006E-12,6.1491E-09,3.119E-07,-3.1144E-07
0.805,0.85000000000000009,-7.6437E-09,-8.12E-12,7.2912E-09,3.1182E-07,-3.115E-07
0.8,0.85000000000000009,-8.9626E-09,-1.0030000000000002E-11,8.6371E-09,3.1188E-07,-3.1144E-07
0.795,0.85000000000000009,-1.05022E-08,-1.068E-11,1.01344E-08,3.1188E-07,-3.1144E-07
0.79,0.85000000000000009,-1.2260799999999999E-08,-1.2030000000000001E-11,1.1823999999999999E-08,3.1184E-07,-3.1146E-07
0.785,0.85000000000000009,-1.4392199999999998E-08,-1.3890000000000002E-11,1.4062999999999998E-08,3.1182E-07,-3.114E-07
0.78,0.85000000000000009,-1.68436E-08,-1.475E-11,1.64932E-08,3.1184E-07,-3.1142E-07
0.775,0.85000000000000009,-1.9758599999999997E-08,-1.4460000000000001E-11,1.94514E-08,3.119E-07,-3.115E-07
0.77,0.85000000000000009,-2.3159E-08,-1.81E-11,2.2865199999999998E-08,3.1184E-07,-3.1146E-07
0.765,0.85000000000000009,-2.7206999999999997E-08,-1.9070000000000002E-11,2.6876999999999996E-08,3.1184E-07,-3.1144E-07
0.76,0.85000000000000009,-3.2137399999999994E-08,-2.0490000000000002E-11,3.1577E-08,3.1188E-07,-3.1144E-07
0.755,0.85000000000000009,-3.77734E-08,-2.3350000000000002E-11,3.7502999999999995E-08,3.1186E-07,-3.1146E-07
0.75,0.85000000000000009,-4.4137399999999995E-08,-2.409E-11,4.3969999999999996E-08,3.1184E-07,-3.1142E-07
0.745,0.85000000000000009,-5.20814E-08,-2.5720000000000003E-11,5.1781399999999994E-08,3.1184E-07,-3.1146E-07
0.74,0.85000000000000009,-6.1555399999999993E-08,-2.94E-11,6.10028E-08,3.1184E-07,-3.1144E-07
0.735,0.85000000000000009,-7.1931799999999988E-08,-3.007E-11,7.16894E-08,3.1192E-07,-3.1146E-07
0.73,0.85000000000000009,-8.46138E-08,-3.3300000000000004E-11,8.4295199999999986E-08,3.1188E-07,-3.1144E-07
0.72500000000000009,0.85000000000000009,-1.0014639999999998E-07,-3.649E-11,9.9707599999999987E-08,3.1184E-07,-3.1142E-07
0.72000000000000008,0.85000000000000009,-1.1706E-07,-3.783E-11,1.1762E-07,3.1188E-07,-3.114E-07
0.71500000000000008,0.85000000000000009,-1.3844E-07,-4.1540000000000006E-11,1.377E-07,3.1186E-07,-3.1137999999999997E-07
0.71000000000000008,0.85000000000000009,-1.6208E-07,-4.3830000000000005E-11,1.6196E-07,3.1184E-07,-3.1146E-07
0.70500000000000007,0.85000000000000009,-1.9277999999999998E-07,-4.7540000000000005E-11,1.9108E-07,3.1188E-07,-3.1146E-07
0.70000000000000007,0.85000000000000009,-2.2585999999999999E-07,-5.3560000000000007E-11,2.2618E-07,3.1192E-07,-3.1151999999999997E-07
0.69500000000000006,0.85000000000000009,-2.6736E-07,-5.677E-11,2.671E-07,3.1188E-07,-3.1154E-07
0.69000000000000006,0.85000000000000009,-3.1342E-07,-6.013E-11,3.1336E-07,3.1192E-07,-3.1148E-07
0.685,0.85000000000000009,-3.6823999999999997E-07,-6.3900000000000007E-11,3.6902E-07,3.1188E-07,-3.1144E-07
0.68,0.85000000000000009,-4.3411999999999997E-07,-6.5580000000000008E-11,4.3121999999999997E-07,3.1186E-07,-3.114E-07
0.675,0.85000000000000009,-5.095E-07,-7.091E-11,5.0896E-07,3.119E-07,-3.1146E-07
0.67,0.85000000000000009,-6.0038E-07,-7.679E-11,6.0428E-07,3.1186E-07,-3.1146E-07
0.665,0.85000000000000009,-7.1096E-07,-8.1900000000000009E-11,7.1028E-07,3.1188E-07,-3.114E-07
0.66,0.85000000000000009,-8.3632E-07,-8.8680000000000011E-11,8.2856E-07,3.1186E-07,-3.1146E-07
0.655,0.85000000000000009,-9.8336E-07,-9.346E-11,9.7998E-07,3.1188E-07,-3.1146E-07
0.65,0.85000000000000009,-1.1486000000000001E-06,-9.8960000000000013E-11,1.1600000000000001E-06,3.1184E-07,-3.1137999999999997E-07
0.645,0.85000000000000009,-1.3574000000000001E-06,-1.0331E-10,1.3551000000000002E-06,3.119E-07,-3.1144E-07
0.64,0.85000000000000009,-1.5947000000000002E-06,-1.0839000000000001E-10,1.5951000000000002E-06,3.1186E-07,-3.1148E-07
0.635,0.85000000000000009,-1.8686000000000002E-06,-1.1515000000000001E-10,1.8799000000000002E-06,3.119E-07,-3.114E-07
0.63,0.85000000000000009,-2.2053000000000003E-06,-1.2034000000000002E-10,2.2030000000000003E-06,3.1192E-07,-3.114E-07
0.625,0.85000000000000009,-2.5852000000000003E-06,-1.2589000000000002E-10,2.577E-06,3.1188E-07,-3.1146E-07
0.62,0.85000000000000009,-3.0432000000000004E-06,-1.3462000000000002E-10,3.0289000000000003E-06,3.1188E-07,-3.1142E-07
0.615,0.85000000000000009,-3.5550000000000003E-06,-1.4063E-10,3.5632000000000005E-06,3.1188E-07,-3.1144E-07
0.61,0.85000000000000009,-4.1604E-06,-1.4691E-10,4.2045E-06,3.119E-07,-3.1148E-07
0.605,0.85000000000000009,-4.8938000000000005E-06,-1.5196E-10,4.8920000000000008E-06,3.1184E-07,-3.1151999999999997E-07
0.6,0.85000000000000009,-5.7554000000000008E-06,-1.5946E-10,5.7120000000000005E-06,3.119E-07,-3.1151999999999997E-07
0.595,0.85000000000000009,-6.690300000000001E-06,-1.685E-10,6.6596000000000006E-06,3.1193999999999997E-07,-3.1144E-07
0.59000000000000008,0.85000000000000009,-7.7862E-06,-1.7591000000000002E-10,7.8239000000000014E-06,3.1184E-07,-3.1144E-07
0.58500000000000008,0.85000000000000009,-9.0801000000000014E-06,-1.8108E-10,9.1117000000000012E-06,3.12E-07,-3.1146E-07
0.58000000000000007,0.85000000000000009,-1.0629200000000002E-05,-1.8923E-10,1.06451E-05,3.1192E-07,-3.115E-07
0.57500000000000007,0.85000000000000009,-1.2288E-05,-1.9779000000000002E-10,1.23E-05,3.1193999999999997E-07,-3.1146E-07
0.57000000000000006,0.85000000000000009,-1.4338E-05,-2.0537E-10,1.4394E-05,3.1184E-07,-3.114E-07
0.56500000000000006,0.85000000000000009,-1.6744E-05,-2.1067E-10,1.6712000000000002E-05,3.1184E-07,-3.1137999999999997E-07
0.56,0.85000000000000009,-1.9302E-05,-2.2042000000000003E-10,1.934E-05,3.1192E-07,-3.1146E-07
0.555,0.85000000000000009,-2.2348E-05,-2.2878E-10,2.2384E-05,3.1182E-07,-3.1137999999999997E-07
0.55,0.85000000000000009,-2.595E-05,-2.3505000000000003E-10,2.5854E-05,3.1178E-07,-3.1137999999999997E-07
0.545,0.85000000000000009,-2.9962000000000002E-05,-2.4016000000000003E-10,2.9886E-05,3.1178E-07,-3.1137999999999997E-07
0.54,0.85000000000000009,-3.453E-05,-2.4761000000000004E-10,3.4482E-05,3.1186E-07,-3.1144E-07
0.535,0.85000000000000009,-3.9732E-05,-2.5531E-10,3.9672E-05,3.1184E-07,-3.1146E-07
0.53,0.85000000000000009,-4.5734E-05,-2.6496000000000003E-10,4.5848E-05,3.1186E-07,-3.1142E-07
0.525,0.85000000000000009,-5.2588E-05,-2.7554E-10,5.2560000000000005E-05,3.1186E-07,-3.114E-07
0.52,0.85000000000000009,-6.0312E-05,-2.8549E-10,6.041E-05,3.1184E-07,-3.1137999999999997E-07
0.515,0.85000000000000009,-6.9174E-05,-2.948E-10,6.9036000000000008E-05,3.1184E-07,-3.1144E-07
0.51,0.85000000000000009,-7.9210000000000009E-05,-3.0629000000000004E-10,7.9106E-05,3.1184E-07,-3.1142E-07
0.505,0.85000000000000009,-9.0318E-05,-3.1454000000000003E-10,9.0326E-05,3.1182E-07,-3.1144E-07
0.5,0.85000000000000009,-0.00010314200000000001,-3.2577E-10,0.000103134,3.119E-07,-3.1144E-07
0.49500000000000005,0.85000000000000009,-0.00011688,-3.3641000000000003E-10,0.00011712,3.1192E-07,-3.1148E-07
0.49000000000000005,0.85000000000000009,-0.0001327,-3.4843E-10,0.0001331,3.119E-07,-3.115E-07
0.48500000000000004,0.85000000000000009,-0.00015020000000000002,-3.6123E-10,0.00015036000000000002,3.1186E-07,-3.1144E-07
0.48000000000000004,0.85000000000000009,-0.00016974,-3.754E-10,0.00017018,3.1192E-07,-3.1142E-07
0.47500000000000003,0.85000000000000009,-0.00019108000000000002,-3.8965000000000005E-10,0.00019128000000000003,3.119E-07,-3.1148E-07
0.47000000000000003,0.85000000000000009,-0.00021452000000000003,-4.0329E-10,0.00021500000000000002,3.119E-07,-3.1146E-07
0.465,0.85000000000000009,-0.00024006,-4.1803000000000005E-10,0.0002403,3.1196E-07,-3.1158E-07
0.46,0.85000000000000009,-0.00026804000000000004,-4.3091E-10,0.00026838000000000003,3.1196E-07,-3.1156E-07
0.455,0.85000000000000009,-0.00029774,-4.4653000000000006E-10,0.00029822000000000003,3.1193999999999997E-07,-3.115E-07
0.45,0.85000000000000009,-0.00033034000000000004,-4.6232E-10,0.00033088000000000003,3.119E-07,-3.116E-07
0.445,0.85000000000000009,-0.00036494,-4.7739E-10,0.00036500000000000004,3.119E-07,-3.1148E-07
0.44,0.85000000000000009,-0.00040204000000000005,-4.9701E-10,0.00040246000000000005,3.1193999999999997E-07,-3.1146E-07
0.435,0.85000000000000009,-0.00044082,-5.1546E-10,0.00044126,3.119E-07,-3.115E-07
0.43,0.85000000000000009,-0.00048246000000000004,-5.3165E-10,0.00048246000000000004,3.1193999999999997E-07,-3.1146E-07
0.42500000000000004,0.85000000000000009,-0.00052552,-5.5105000000000008E-10,0.0005257,3.119E-07,-3.1148E-07
0.42000000000000004,0.85000000000000009,-0.00057144,-5.7036000000000009E-10,0.00057216,3.1192E-07,-3.115E-07
0.41500000000000004,0.85000000000000009,-0.00061872,-5.8670000000000005E-10,0.00061908,3.1193999999999997E-07,-3.1154E-07
0.41000000000000003,0.85000000000000009,-0.00066868000000000006,-6.106E-10,0.00066846000000000006,3.1193999999999997E-07,-3.115E-07
0.405,0.85000000000000009,-0.00071918,-6.3304E-10,0.00071962,3.119E-07,-3.115E-07
0.4,0.85000000000000009,-0.00077264,-6.5119E-10,0.0007728,3.1196E-07,-3.115E-07
0.395,0.85000000000000009,-0.0008268,-6.757900000000001E-10,0.0008274,3.1193999999999997E-07,-3.115E-07
0.39,0.85000000000000009,-0.00088336,-6.9792E-10,0.00088408000000000009,3.1186E-07,-3.1146E-07
0.385,0.85000000000000009,-0.00094040000000000009,-7.2197E-10,0.0009403800000000001,3.1186E-07,-3.115E-07
0.38,0.85000000000000009,-0.00099924,-7.4848000000000009E-10,0.0009997,3.1186E-07,-3.114E-07
0.375,0.85000000000000009,-0.00105888,-7.726600000000001E-10,0.0010587,3.1188E-07,-3.1137999999999997E-07
0.37,0.85000000000000009,-0.0011190800000000002,-7.9837000000000011E-10,0.00111994,3.1188E-07,-3.114E-07
0.365,0.85000000000000009,-0.0011794,-8.2385000000000011E-10,0.0011802,3.1182E-07,-3.1142E-07
0.36000000000000004,0.85000000000000009,-0.0012424,-8.5414000000000011E-10,0.0012428,3.119E-07,-3.1148E-07
0.35500000000000004,0.85000000000000009,-0.0013046,-8.8228000000000008E-10,0.0013054,3.1184E-07,-3.1137999999999997E-07
0.35000000000000003,0.85000000000000009,-0.0013678,-9.1107E-10,0.0013684,3.1182E-07,-3.1146E-07
0.34500000000000003,0.85000000000000009,-0.001431,-9.3994000000000017E-10,0.0014318,3.1184E-07,-3.1142E-07
0.34,0.85000000000000009,-0.0014942,-9.7245E-10,0.0014952000000000001,3.1188E-07,-3.1148E-07
0.335,0.85000000000000009,-0.0015584,-1.0040800000000001E-09,0.0015580000000000001,3.1184E-07,-3.1148E-07
0.33,0.85000000000000009,-0.0016226,-1.03832E-09,0.0016232,3.1182E-07,-3.1148E-07
0.325,0.85000000000000009,-0.0016854,-1.0699400000000001E-09,0.0016858,3.1188E-07,-3.1146E-07
0.32,0.85000000000000009,-0.0017492,-1.1079100000000002E-09,0.0017498000000000001,3.1188E-07,-3.115E-07
0.315,0.85000000000000009,-0.0018124,-1.1435E-09,0.0018124,3.1186E-07,-3.1148E-07
0.31,0.85000000000000009,-0.0018754,-1.182E-09,0.0018756,3.1192E-07,-3.1144E-07
0.305,0.85000000000000009,-0.0019376,-1.2333E-09,0.001939,3.1184E-07,-3.115E-07
0.3,0.85000000000000009,-0.0020016,-1.2671E-09,0.0020008,3.119E-07,-3.1146E-07
0.29500000000000004,0.85000000000000009,-0.0020616000000000002,-1.3098E-09,0.002063,3.1188E-07,-3.1144E-07
0.29000000000000004,0.85000000000000009,-0.0021248,-1.352E-09,0.0021248,3.1184E-07,-3.1144E-07
0.28500000000000003,0.85000000000000009,-0.0021838,-1.3932E-09,0.0021848,3.119E-07,-3.115E-07
0.28,0.85000000000000009,-0.0022454000000000003,-1.422E-09,0.0022454000000000003,3.1186E-07,-3.1142E-07
0.275,0.85000000000000009,-0.0023056,-1.4664E-09,0.0023052,3.119E-07,-3.115E-07
0.27,0.85000000000000009,-0.002363,-1.5088E-09,0.0023632,3.1188E-07,-3.1154E-07
0.265,0.85000000000000009,-0.0024222000000000002,-1.5605E-09,0.0024222000000000002,3.1193999999999997E-07,-3.1154E-07
0.26,0.85000000000000009,-0.00248,-1.6038E-09,0.00248,3.1193999999999997E-07,-3.1151999999999997E-07
0.255,0.85000000000000009,-0.0025372,-1.6543E-09,0.0025368,3.119E-07,-3.1151999999999997E-07
0.25,0.85000000000000009,-0.0025922000000000002,-1.706E-09,0.0025926,3.119E-07,-3.1158E-07
0.24500000000000002,0.85000000000000009,-0.002648,-1.7587E-09,0.002649,3.1193999999999997E-07,-3.115E-07
0.24000000000000002,0.85000000000000009,-0.0027032000000000002,-1.8105E-09,0.0027040000000000002,3.1184E-07,-3.1151999999999997E-07
0.23500000000000001,0.85000000000000009,-0.0027578,-1.8657E-09,0.0027574,3.119E-07,-3.1151999999999997E-07
0.23,0.85000000000000009,-0.0028106,-1.9164E-09,0.0028108,3.1184E-07,-3.115E-07
0.225,0.85000000000000009,-0.0028634,-1.9757E-09,0.0028632,3.1196E-07,-3.1154E-07
0.22,0.85000000000000009,-0.002914,-2.0332E-09,0.0029146000000000003,3.1188E-07,-3.115E-07
0.215,0.85000000000000009,-0.002966,-2.0932E-09,0.002966,3.119E-07,-3.1148E-07
0.21000000000000002,0.85000000000000009,-0.0030156000000000002,-2.1525E-09,0.0030164000000000002,3.1184E-07,-3.1146E-07
0.20500000000000002,0.85000000000000009,-0.0030658,-2.2156E-09,0.0030656,3.1196E-07,-3.1151999999999997E-07
0.2,0.85000000000000009,-0.0031148,-2.2783E-09,0.0031144000000000002,3.1182E-07,-3.1144E-07
0.195,0.85000000000000009,-0.003162,-2.3447E-09,0.003163,3.1186E-07,-3.1144E-07
0.19,0.85000000000000009,-0.0032074,-2.4072E-09,0.0032084,3.1182E-07,-3.1144E-07
0.185,0.85000000000000009,-0.0032548,-2.4772E-09,0.0032554,3.1184E-07,-3.1146E-07
0.18000000000000002,0.85000000000000009,-0.0032998,-2.545E-09,0.0033006,3.119E-07,-3.1142E-07
0.17500000000000002,0.85000000000000009,-0.0033446,-2.6194E-09,0.003346,3.1188E-07,-3.115E-07
0.17,0.85000000000000009,-0.0033892,-2.6923E-09,0.0033888,3.1188E-07,-3.1146E-07
0.165,0.85000000000000009,-0.0034322000000000003,-2.7643E-09,0.0034328,3.1182E-07,-3.1144E-07
0.16,0.85000000000000009,-0.0034744,-2.8446E-09,0.0034744,3.1188E-07,-3.1142E-07
0.155,0.85000000000000009,-0.0035162,-2.9188E-09,0.0035176,3.119E-07,-3.1146E-07
0.15,0.85000000000000009,-0.0035592,-3.0016E-09,0.0035578000000000003,3.1186E-07,-3.115E-07
0.14500000000000002,0.85000000000000009,-0.0035982,-3.0828E-09,0.0035988,3.1182E-07,-3.1146E-07
0.14,0.85000000000000009,-0.0036378,-3.1693E-09,0.0036392,3.1184E-07,-3.1144E-07
0.135,0.85000000000000009,-0.0036776,-3.2487E-09,0.0036782,3.1182E-07,-3.114E-07
0.13,0.85000000000000009,-0.0037170000000000003,-3.3437E-09,0.0037166,3.119E-07,-3.1146E-07
0.125,0.85000000000000009,-0.0037532,-3.4294999999999998E-09,0.003755,3.1182E-07,-3.1146E-07
0.12000000000000001,0.85000000000000009,-0.0037898000000000003,-3.5356E-09,0.0037914,3.1192E-07,-3.1144E-07
0.115,0.85000000000000009,-0.0038262,-3.6334E-09,0.0038276,3.1188E-07,-3.1146E-07
0.11,0.85000000000000009,-0.0038626,-3.7096E-09,0.0038626,3.119E-07,-3.1146E-07
0.10500000000000001,0.85000000000000009,-0.0038976,-3.8053E-09,0.0038978,3.1184E-07,-3.1144E-07
0.1,0.85000000000000009,-0.0039308,-3.9086E-09,0.0039332,3.119E-07,-3.1156E-07
0.095,0.85000000000000009,-0.0039656,-4.0099E-09,0.0039658,3.1184E-07,-3.115E-07
0.090000000000000011,0.85000000000000009,-0.0039988,-4.11E-09,0.004,3.119E-07,-3.1144E-07
0.085,0.85000000000000009,-0.0040338,-4.2247E-09,0.004032,3.1182E-07,-3.1142E-07
0.08,0.85000000000000009,-0.0040654,-4.3315E-09,0.0040652,3.119E-07,-3.1151999999999997E-07
0.075,0.85000000000000009,-0.0040962,-4.4426E-09,0.0040962,3.1178E-07,-3.1142E-07
0.07,0.85000000000000009,-0.0041272,-4.557E-09,0.004128,3.1188E-07,-3.114E-07
0.065,0.85000000000000009,-0.0041562000000000005,-4.6743E-09,0.004159,3.1182E-07,-3.1148E-07
0.060000000000000005,0.85000000000000009,-0.0041864,-4.7917E-09,0.0041878,3.1188E-07,-3.1144E-07
0.055,0.85000000000000009,-0.0042158000000000004,-4.9164E-09,0.0042184,3.1184E-07,-3.1151999999999997E-07
0.05,0.85000000000000009,-0.0042452,-5.0392E-09,0.0042468,3.1188E-07,-3.1146E-07
0.045000000000000005,0.85000000000000009,-0.0042744,-5.1701E-09,0.0042764000000000005,3.1184E-07,-3.1144E-07
0.04,0.85000000000000009,-0.0043028,-5.3031E-09,0.0043018,3.1182E-07,-3.1146E-07
0.035,0.85000000000000009,-0.0043276,-5.4408E-09,0.004329,3.1184E-07,-3.1146E-07
0.030000000000000002,0.85000000000000009,-0.0043542,-5.5789E-09,0.0043574,3.1186E-07,-3.1154E-07
0.025,0.85000000000000009,-0.0043828,-5.7147E-09,0.0043828,3.1188E-07,-3.1151999999999997E-07
0.02,0.85000000000000009,-0.0044094,-5.8629E-09,0.004409,3.1193999999999997E-07,-3.1146E-07
0.015000000000000001,0.85000000000000009,-0.004435,-6.0015E-09,0.0044328,3.1186E-07,-3.1146E-07
0.01,0.85000000000000009,-0.0044578000000000005,-6.1545E-09,0.0044592,3.1188E-07,-3.1144E-07
0.005,0.85000000000000009,-0.0044834,-6.3086E-09,0.0044856,3.1188E-07,-3.1148E-07
0,0.85000000000000009,-0.0045068,-6.462E-09,0.0045072,3.1192E-07,-3.115E-07
1.2,0.86,-3.7545000000000003E-10,1.0791E-10,-3.173E-11,3.1179999999999997E-07,-3.1146E-07
1.195,0.86,-3.7981E-10,1.0141E-10,-3.293E-11,3.1179999999999997E-07,-3.115E-07
1.19,0.86,-3.8688E-10,9.6510000000000011E-11,-3.435E-11,3.1184E-07,-3.115E-07
1.185,0.86,-3.818E-10,9.3560000000000011E-11,-2.7920000000000002E-11,3.1179999999999997E-07,-3.1148E-07
1.1800000000000002,0.86,-3.7413000000000003E-10,8.6250000000000012E-11,-2.8090000000000003E-11,3.1182E-07,-3.1144E-07
1.175,0.86,-3.8629E-10,8.3220000000000011E-11,-2.6960000000000003E-11,3.1186E-07,-3.1151999999999997E-07
1.1700000000000002,0.86,-3.6949000000000003E-10,7.907E-11,-2.8700000000000002E-11,3.1178E-07,-3.114E-07
1.165,0.86,-3.8221E-10,7.45E-11,-2.3210000000000003E-11,3.1172E-07,-3.114E-07
1.1600000000000001,0.86,-3.7430000000000004E-10,6.989E-11,-2.3550000000000002E-11,3.1184E-07,-3.1142E-07
1.155,0.86,-3.7181000000000003E-10,6.7540000000000007E-11,-2.5520000000000003E-11,3.1184E-07,-3.1146E-07
1.1500000000000001,0.86,-3.7629000000000005E-10,6.6350000000000009E-11,-1.9950000000000003E-11,3.1179999999999997E-07,-3.1144E-07
1.145,0.86,-3.6084E-10,5.981E-11,-2.003E-11,3.1182E-07,-3.1137999999999997E-07
1.1400000000000001,0.86,-3.7770000000000005E-10,5.7440000000000004E-11,-2.038E-11,3.1179999999999997E-07,-3.1146E-07
1.135,0.86,-3.6145000000000003E-10,5.5880000000000005E-11,-1.892E-11,3.1174E-07,-3.114E-07
1.1300000000000001,0.86,-3.7382E-10,5.252E-11,-1.7420000000000003E-11,3.1176E-07,-3.1142E-07
1.125,0.86,-3.6197000000000004E-10,4.8380000000000005E-11,-1.4290000000000002E-11,3.1174E-07,-3.114E-07
1.12,0.86,-3.5348E-10,4.69E-11,-1.8530000000000003E-11,3.1182E-07,-3.1144E-07
1.115,0.86,-3.6502000000000005E-10,4.6640000000000006E-11,-1.453E-11,3.1174E-07,-3.1146E-07
1.11,0.86,-3.5674000000000005E-10,4.2960000000000006E-11,-1.2540000000000001E-11,3.117E-07,-3.114E-07
1.105,0.86,-3.6386E-10,3.976E-11,-1.231E-11,3.1182E-07,-3.1144E-07
1.1,0.86,-3.5296000000000004E-10,4.024E-11,-1.3640000000000001E-11,3.1182E-07,-3.1146E-07
1.095,0.86,-3.5725000000000003E-10,3.7010000000000003E-11,-1.037E-11,3.1182E-07,-3.1144E-07
1.09,0.86,-3.5369000000000005E-10,3.3560000000000005E-11,-7.41E-12,3.1184E-07,-3.1144E-07
1.085,0.86,-3.4855000000000005E-10,3.262E-11,-1.0630000000000001E-11,3.1186E-07,-3.1146E-07
1.08,0.86,-3.5764E-10,3.256E-11,-9.75E-12,3.1178E-07,-3.114E-07
1.075,0.86,-3.5100000000000003E-10,2.914E-11,-6.7300000000000006E-12,3.1184E-07,-3.1144E-07
1.07,0.86,-3.4991000000000004E-10,2.7430000000000002E-11,-6.7200000000000004E-12,3.1179999999999997E-07,-3.1144E-07
1.065,0.86,-3.4921000000000003E-10,2.7120000000000002E-11,-8.11E-12,3.1179999999999997E-07,-3.115E-07
1.06,0.86,-3.5132000000000003E-10,2.5960000000000003E-11,-6.9900000000000007E-12,3.1179999999999997E-07,-3.1144E-07
1.0550000000000002,0.86,-3.5403E-10,2.418E-11,-2.92E-12,3.1184E-07,-3.1146E-07
1.05,0.86,-3.4394E-10,2.1600000000000002E-11,-4.1500000000000007E-12,3.1182E-07,-3.114E-07
1.0450000000000002,0.86,-3.548E-10,2.225E-11,-4.97E-12,3.1179999999999997E-07,-3.1146E-07
1.04,0.86,-3.4584E-10,2.1080000000000003E-11,-8.7E-13,3.1172E-07,-3.1137999999999997E-07
1.0350000000000001,0.86,-3.533E-10,1.837E-11,3.6000000000000003E-13,3.1178E-07,-3.1146E-07
1.03,0.86,-3.4933E-10,1.757E-11,-2.2200000000000002E-12,3.1176E-07,-3.114E-07
1.0250000000000001,0.86,-3.5013E-10,1.8400000000000002E-11,-8.2E-13,3.1178E-07,-3.1144E-07
1.02,0.86,-3.4589000000000003E-10,1.529E-11,3.2100000000000003E-12,3.1178E-07,-3.1146E-07
1.0150000000000001,0.86,-3.5050000000000003E-10,1.452E-11,4.6500000000000006E-12,3.1182E-07,-3.1146E-07
1.01,0.86,-3.5365E-10,1.486E-11,2.92E-12,3.1178E-07,-3.1146E-07
1.0050000000000001,0.86,-3.5432E-10,1.382E-11,6.8700000000000004E-12,3.1178E-07,-3.1144E-07
1,0.86,-3.5342E-10,1.228E-11,1.1970000000000002E-11,3.1182E-07,-3.114E-07
0.995,0.86,-3.5034E-10,1.13E-11,8.93E-12,3.1184E-07,-3.1146E-07
0.9900000000000001,0.86,-3.5862000000000005E-10,1.261E-11,1.2230000000000001E-11,3.1178E-07,-3.1146E-07
0.9850000000000001,0.86,-3.5911E-10,1.0330000000000001E-11,1.708E-11,3.1178E-07,-3.1144E-07
0.98000000000000009,0.86,-3.7010000000000005E-10,7.83E-12,2.0890000000000002E-11,3.1178E-07,-3.1144E-07
0.97500000000000009,0.86,-3.6782000000000003E-10,1.004E-11,2.2330000000000002E-11,3.1186E-07,-3.1146E-07
0.97000000000000008,0.86,-3.7155E-10,8.53E-12,2.8630000000000002E-11,3.1176E-07,-3.1142E-07
0.96500000000000008,0.86,-3.7792E-10,8.4700000000000009E-12,3.776E-11,3.1178E-07,-3.1146E-07
0.96000000000000008,0.86,-3.7835000000000004E-10,6.0200000000000006E-12,4.0070000000000004E-11,3.1179999999999997E-07,-3.1142E-07
0.95500000000000007,0.86,-3.9672000000000005E-10,7.74E-12,4.7100000000000004E-11,3.1182E-07,-3.1142E-07
0.95000000000000007,0.86,-3.9853E-10,6.8300000000000006E-12,6.027E-11,3.1176E-07,-3.1137999999999997E-07
0.94500000000000006,0.86,-4.1859000000000005E-10,3.2E-12,7.022E-11,3.1178E-07,-3.1144E-07
0.94000000000000006,0.86,-4.2564000000000004E-10,5.24E-12,8.197E-11,3.1178E-07,-3.1137999999999997E-07
0.935,0.86,-4.3564000000000006E-10,4.2400000000000005E-12,9.468E-11,3.1179999999999997E-07,-3.115E-07
0.93,0.86,-4.6135E-10,4.38E-12,1.1818E-10,3.1184E-07,-3.1146E-07
0.925,0.86,-4.7016000000000006E-10,2.8800000000000002E-12,1.3468000000000002E-10,3.119E-07,-3.1154E-07
0.92,0.86,-5.0763E-10,4.53E-12,1.5834000000000002E-10,3.1186E-07,-3.1148E-07
0.915,0.86,-5.2945000000000007E-10,5.13E-12,1.8991000000000002E-10,3.1182E-07,-3.115E-07
0.91,0.86,-5.6963E-10,-1.5000000000000002E-13,2.2375000000000003E-10,3.1188E-07,-3.1154E-07
0.905,0.86,-6.0529000000000009E-10,2.21E-12,2.6233E-10,3.1188E-07,-3.1151999999999997E-07
0.9,0.86,-6.432100000000001E-10,2.18E-12,3.0643000000000005E-10,3.1184E-07,-3.115E-07
0.895,0.86,-7.0911E-10,2.4000000000000003E-12,3.67E-10,3.1179999999999997E-07,-3.1151999999999997E-07
0.89,0.86,-7.6164000000000007E-10,5.6E-13,4.3004000000000005E-10,3.1182E-07,-3.1151999999999997E-07
0.885,0.86,-8.4977000000000005E-10,-5.9E-13,5.0057000000000006E-10,3.1184E-07,-3.1151999999999997E-07
0.88,0.86,-9.3871000000000016E-10,1.7200000000000001E-12,5.9395E-10,3.1186E-07,-3.1146E-07
0.875,0.86,-1.04105E-09,-1.6100000000000002E-12,7.0144E-10,3.1184E-07,-3.1151999999999997E-07
0.87,0.86,-1.1619E-09,-1.2000000000000002E-13,8.3153E-10,3.1182E-07,-3.1148E-07
0.865,0.86,-1.2956E-09,-3.33E-12,9.702E-10,3.1184E-07,-3.1151999999999997E-07
0.86,0.86,-1.4803E-09,-4.6000000000000006E-13,1.1487400000000001E-09,3.119E-07,-3.1148E-07
0.85500000000000009,0.86,-1.6795E-09,-1.65E-12,1.3382E-09,3.1192E-07,-3.1148E-07
0.85000000000000009,0.86,-1.927E-09,-1.45E-12,1.5846E-09,3.1188E-07,-3.1151999999999997E-07
0.84500000000000008,0.86,-2.1835E-09,-4.43E-12,1.8638E-09,3.1192E-07,-3.1154E-07
0.84000000000000008,0.86,-2.5362E-09,-3.8E-12,2.1917E-09,3.1178E-07,-3.114E-07
0.83500000000000008,0.86,-2.9156E-09,-3.3600000000000002E-12,2.5769E-09,3.1176E-07,-3.1144E-07
0.83000000000000007,0.86,-3.3635E-09,-7.2400000000000007E-12,3.0379E-09,3.1178E-07,-3.115E-07
0.82500000000000007,0.86,-3.9084E-09,-5.58E-12,3.5565E-09,3.1182E-07,-3.114E-07
0.82000000000000006,0.86,-4.5444E-09,-5.94E-12,4.2038E-09,3.1178E-07,-3.1142E-07
0.81500000000000006,0.86,-5.3003E-09,-6.8500000000000009E-12,4.9298E-09,3.1182E-07,-3.114E-07
0.81,0.86,-6.1401E-09,-9.290000000000001E-12,5.8107E-09,3.1184E-07,-3.1144E-07
0.805,0.86,-7.1348E-09,-7.7E-12,6.879E-09,3.1178E-07,-3.1137999999999997E-07
0.8,0.86,-8.3907E-09,-1.008E-11,8.1044E-09,3.1178E-07,-3.115E-07
0.795,0.86,-9.8437E-09,-1.2230000000000001E-11,9.5038E-09,3.1178E-07,-3.1144E-07
0.79,0.86,-1.14704E-08,-1.208E-11,1.11414E-08,3.1178E-07,-3.1144E-07
0.785,0.86,-1.3488799999999998E-08,-1.3660000000000001E-11,1.3147999999999998E-08,3.1178E-07,-3.1144E-07
0.78,0.86,-1.5774999999999997E-08,-1.5250000000000002E-11,1.5424E-08,3.1176E-07,-3.1142E-07
0.775,0.86,-1.8616199999999997E-08,-1.671E-11,1.8272799999999997E-08,3.1182E-07,-3.1142E-07
0.77,0.86,-2.17386E-08,-1.748E-11,2.1431599999999998E-08,3.1174E-07,-3.1144E-07
0.765,0.86,-2.5635399999999996E-08,-2.023E-11,2.5278799999999997E-08,3.1182E-07,-3.1144E-07
0.76,0.86,-3.00558E-08,-2.085E-11,2.9672199999999997E-08,3.1182E-07,-3.1142E-07
0.755,0.86,-3.53586E-08,-2.316E-11,3.5043E-08,3.1182E-07,-3.1134E-07
0.75,0.86,-4.1504E-08,-2.602E-11,4.1223399999999993E-08,3.1182E-07,-3.1144E-07
0.745,0.86,-4.8793799999999996E-08,-2.7390000000000002E-11,4.8455999999999994E-08,3.1178E-07,-3.115E-07
0.74,0.86,-5.7487999999999992E-08,-3.0390000000000004E-11,5.6952999999999994E-08,3.1179999999999997E-07,-3.114E-07
0.735,0.86,-6.79382E-08,-3.292E-11,6.746159999999999E-08,3.1182E-07,-3.1151999999999997E-07
0.73,0.86,-7.9570199999999988E-08,-3.464E-11,7.9416799999999992E-08,3.1176E-07,-3.114E-07
0.72500000000000009,0.86,-9.3964E-08,-3.7680000000000006E-11,9.32988E-08,3.1178E-07,-3.115E-07
0.72000000000000008,0.86,-1.0999179999999999E-07,-4.1270000000000003E-11,1.097788E-07,3.1188E-07,-3.115E-07
0.71500000000000008,0.86,-1.2986E-07,-4.2620000000000004E-11,1.2948E-07,3.1176E-07,-3.1146E-07
0.71000000000000008,0.86,-1.5304E-07,-4.625E-11,1.5134E-07,3.1184E-07,-3.1137999999999997E-07
0.70500000000000007,0.86,-1.8002E-07,-5.0940000000000007E-11,1.784E-07,3.1182E-07,-3.1146E-07
0.70000000000000007,0.86,-2.1224E-07,-5.4780000000000004E-11,2.1202E-07,3.1179999999999997E-07,-3.1146E-07
0.69500000000000006,0.86,-2.4804E-07,-5.842E-11,2.51E-07,3.1176E-07,-3.115E-07
0.69000000000000006,0.86,-2.9278E-07,-6.209E-11,2.9288E-07,3.1182E-07,-3.114E-07
0.685,0.86,-3.464E-07,-6.498E-11,3.4552E-07,3.1182E-07,-3.1146E-07
0.68,0.86,-4.0822E-07,-7.0020000000000007E-11,4.063E-07,3.1182E-07,-3.114E-07
0.675,0.86,-4.7898E-07,-7.4070000000000009E-11,4.8162E-07,3.1178E-07,-3.115E-07
0.67,0.86,-5.6268E-07,-8.0020000000000012E-11,5.6194E-07,3.1176E-07,-3.114E-07
0.665,0.86,-6.6226E-07,-8.6670000000000009E-11,6.6414E-07,3.1182E-07,-3.1144E-07
0.66,0.86,-7.7765999999999994E-07,-9.082E-11,7.802E-07,3.1172E-07,-3.1144E-07
0.655,0.86,-9.203E-07,-9.6010000000000013E-11,9.1458E-07,3.1188E-07,-3.1156E-07
0.65,0.86,-1.0813599999999999E-06,-1.0073000000000001E-10,1.08214E-06,3.1172E-07,-3.1144E-07
0.645,0.86,-1.2604E-06,-1.0702000000000001E-10,1.2713000000000002E-06,3.1184E-07,-3.115E-07
0.64,0.86,-1.4949E-06,-1.1140000000000001E-10,1.4932000000000002E-06,3.1184E-07,-3.1142E-07
0.635,0.86,-1.7474000000000002E-06,-1.1851E-10,1.7553000000000002E-06,3.1184E-07,-3.1144E-07
0.63,0.86,-2.0623E-06,-1.243E-10,2.0477000000000003E-06,3.1184E-07,-3.1146E-07
0.625,0.86,-2.4182000000000004E-06,-1.3342000000000002E-10,2.4111E-06,3.1179999999999997E-07,-3.1148E-07
0.62,0.86,-2.8369000000000003E-06,-1.3854000000000002E-10,2.8271000000000004E-06,3.1182E-07,-3.1146E-07
0.615,0.86,-3.3300000000000003E-06,-1.4278000000000002E-10,3.3305E-06,3.1178E-07,-3.114E-07
0.61,0.86,-3.8891000000000006E-06,-1.5192E-10,3.9000000000000008E-06,3.1174E-07,-3.1137999999999997E-07
0.605,0.86,-4.5573E-06,-1.5949E-10,4.5465000000000004E-06,3.1182E-07,-3.1144E-07
0.6,0.86,-5.3415000000000004E-06,-1.6201000000000002E-10,5.3306E-06,3.1188E-07,-3.115E-07
0.595,0.86,-6.2145E-06,-1.6877E-10,6.2101000000000009E-06,3.1172E-07,-3.1134E-07
0.59000000000000008,0.86,-7.2587000000000005E-06,-1.7444000000000002E-10,7.2205000000000006E-06,3.1178E-07,-3.1137999999999997E-07
0.58500000000000008,0.86,-8.4452E-06,-1.819E-10,8.4649000000000009E-06,3.1172E-07,-3.114E-07
0.58000000000000007,0.86,-9.8327000000000016E-06,-1.9094000000000002E-10,9.8539E-06,3.1172E-07,-3.1142E-07
0.57500000000000007,0.86,-1.145E-05,-1.9703000000000002E-10,1.1433500000000002E-05,3.1182E-07,-3.1146E-07
0.57000000000000006,0.86,-1.3308E-05,-2.0862000000000003E-10,1.3344000000000001E-05,3.1182E-07,-3.1137999999999997E-07
0.56500000000000006,0.86,-1.5406E-05,-2.1897000000000002E-10,1.542E-05,3.1184E-07,-3.1148E-07
0.56,0.86,-1.7814E-05,-2.274E-10,1.785E-05,3.1176E-07,-3.1148E-07
0.555,0.86,-2.0606000000000002E-05,-2.3457E-10,2.0562E-05,3.1182E-07,-3.1146E-07
0.55,0.86,-2.3862E-05,-2.3432E-10,2.381E-05,3.1176E-07,-3.1136E-07
0.545,0.86,-2.7514E-05,-2.4387E-10,2.748E-05,3.1178E-07,-3.114E-07
0.54,0.86,-3.169E-05,-2.5460000000000003E-10,3.1654E-05,3.1184E-07,-3.1136E-07
0.535,0.86,-3.6404E-05,-2.6101E-10,3.6416E-05,3.117E-07,-3.1137999999999997E-07
0.53,0.86,-4.177E-05,-2.7248E-10,4.189E-05,3.1178E-07,-3.1146E-07
0.525,0.86,-4.7952000000000004E-05,-2.8089E-10,4.8004E-05,3.1178E-07,-3.1137999999999997E-07
0.52,0.86,-5.4984E-05,-2.8915000000000003E-10,5.4966E-05,3.1182E-07,-3.1137999999999997E-07
0.515,0.86,-6.2924E-05,-2.9899E-10,6.2842E-05,3.1178E-07,-3.114E-07
0.51,0.86,-7.1868E-05,-3.1099000000000003E-10,7.1816E-05,3.1172E-07,-3.1137999999999997E-07
0.505,0.86,-8.1816E-05,-3.2181000000000005E-10,8.1844E-05,3.1176E-07,-3.1144E-07
0.5,0.86,-9.3214E-05,-3.3523000000000004E-10,9.327E-05,3.1179999999999997E-07,-3.1142E-07
0.49500000000000005,0.86,-0.00010572600000000001,-3.4606000000000004E-10,0.000105672,3.1182E-07,-3.1146E-07
0.49000000000000005,0.86,-0.00011944000000000001,-3.5795000000000004E-10,0.00011976,3.1178E-07,-3.114E-07
0.48500000000000004,0.86,-0.000135,-3.6988E-10,0.00013508000000000002,3.1184E-07,-3.1144E-07
0.48000000000000004,0.86,-0.00015216,-3.8485E-10,0.00015250000000000002,3.1178E-07,-3.114E-07
0.47500000000000003,0.86,-0.00017094,-3.9503000000000003E-10,0.00017102,3.1178E-07,-3.1146E-07
0.47000000000000003,0.86,-0.00019166000000000002,-4.0921000000000003E-10,0.00019156000000000002,3.1182E-07,-3.1142E-07
0.465,0.86,-0.00021354000000000002,-4.2520000000000004E-10,0.00021400000000000003,3.1172E-07,-3.114E-07
0.46,0.86,-0.00023816,-4.4129000000000003E-10,0.00023842,3.1174E-07,-3.1137999999999997E-07
0.455,0.86,-0.00026408000000000003,-4.5731000000000005E-10,0.00026438000000000004,3.1179999999999997E-07,-3.1142E-07
0.45,0.86,-0.00029204000000000003,-4.7627000000000005E-10,0.00029226,3.1172E-07,-3.114E-07
0.445,0.86,-0.0003216,-4.9238E-10,0.00032208000000000003,3.1176E-07,-3.114E-07
0.44,0.86,-0.00035348000000000004,-5.098E-10,0.00035356,3.1172E-07,-3.1132E-07
0.435,0.86,-0.00038672,-5.2916000000000006E-10,0.0003867,3.1178E-07,-3.1137999999999997E-07
0.43,0.86,-0.00042196000000000003,-5.4783000000000006E-10,0.0004226,3.1179999999999997E-07,-3.1137999999999997E-07
0.42500000000000004,0.86,-0.00045918,-5.6337000000000009E-10,0.00045892000000000003,3.1176E-07,-3.1137999999999997E-07
0.42000000000000004,0.86,-0.00049754,-5.850900000000001E-10,0.00049778000000000008,3.1182E-07,-3.1151999999999997E-07
0.41500000000000004,0.86,-0.00053754,-6.0670000000000009E-10,0.00053718000000000006,3.1178E-07,-3.1142E-07
0.41000000000000003,0.86,-0.00057932,-6.261E-10,0.00057954,3.1179999999999997E-07,-3.1144E-07
0.405,0.86,-0.00062186,-6.4704000000000007E-10,0.00062228,3.1179999999999997E-07,-3.1142E-07
0.4,0.86,-0.00066678000000000006,-6.7094000000000006E-10,0.00066726,3.1178E-07,-3.1137999999999997E-07
0.395,0.86,-0.00071138000000000006,-6.9591E-10,0.00071234,3.1179999999999997E-07,-3.1136E-07
0.39,0.86,-0.0007586,-7.1827E-10,0.00075830000000000005,3.1179999999999997E-07,-3.1142E-07
0.385,0.86,-0.00080462,-7.4505E-10,0.00080568,3.1172E-07,-3.114E-07
0.38,0.86,-0.00085366,-7.6879000000000009E-10,0.0008541200000000001,3.1178E-07,-3.1142E-07
0.375,0.86,-0.00090204,-7.9543E-10,0.00090210000000000008,3.1178E-07,-3.115E-07
0.37,0.86,-0.00095258000000000007,-8.3492E-10,0.00095296000000000009,3.1178E-07,-3.1144E-07
0.365,0.86,-0.0010024600000000002,-8.6075000000000005E-10,0.00100196,3.117E-07,-3.1134E-07
0.36000000000000004,0.86,-0.00105364,-8.793900000000001E-10,0.0010532,3.1176E-07,-3.1144E-07
0.35500000000000004,0.86,-0.0011035,-9.0944000000000012E-10,0.00110376,3.1172E-07,-3.1144E-07
0.35000000000000003,0.86,-0.0011548,-9.4122E-10,0.0011554,3.1176E-07,-3.1146E-07
0.34500000000000003,0.86,-0.0012054,-9.7088E-10,0.0012064,3.1179999999999997E-07,-3.1151999999999997E-07
0.34,0.86,-0.0012572,-1.0050700000000001E-09,0.0012574,3.1176E-07,-3.1148E-07
0.335,0.86,-0.0013084,-1.0368900000000001E-09,0.001309,3.1178E-07,-3.1144E-07
0.33,0.86,-0.0013602,-1.06925E-09,0.0013612000000000001,3.1176E-07,-3.1144E-07
0.325,0.86,-0.0014116,-1.10823E-09,0.001412,3.1174E-07,-3.1137999999999997E-07
0.32,0.86,-0.001462,-1.141E-09,0.0014628,3.1176E-07,-3.114E-07
0.315,0.86,-0.0015126,-1.1793E-09,0.001513,3.1174E-07,-3.1144E-07
0.31,0.86,-0.0015636,-1.2192E-09,0.0015638,3.1178E-07,-3.114E-07
0.305,0.86,-0.001613,-1.2578E-09,0.0016136,3.1176E-07,-3.1144E-07
0.3,0.86,-0.0016636,-1.2982E-09,0.0016638,3.1176E-07,-3.114E-07
0.29500000000000004,0.86,-0.0017130000000000001,-1.3368E-09,0.0017134000000000001,3.1178E-07,-3.114E-07
0.29000000000000004,0.86,-0.0017622,-1.3805E-09,0.0017632000000000001,3.1184E-07,-3.1146E-07
0.28500000000000003,0.86,-0.0018104,-1.4221E-09,0.0018108,3.1176E-07,-3.1151999999999997E-07
0.28,0.86,-0.0018588,-1.468E-09,0.0018596,3.1179999999999997E-07,-3.1144E-07
0.275,0.86,-0.0019060000000000001,-1.5142E-09,0.0019066,3.1178E-07,-3.1144E-07
0.27,0.86,-0.0019532,-1.5615E-09,0.0019536,3.1178E-07,-3.1142E-07
0.265,0.86,-0.0019986,-1.6105E-09,0.0019996000000000002,3.1178E-07,-3.114E-07
0.26,0.86,-0.0020456,-1.6548E-09,0.0020448,3.1179999999999997E-07,-3.114E-07
0.255,0.86,-0.002091,-1.7068E-09,0.0020922000000000002,3.1178E-07,-3.1144E-07
0.25,0.86,-0.0021344,-1.7562E-09,0.0021354,3.1176E-07,-3.1144E-07
0.24500000000000002,0.86,-0.0021788,-1.8125E-09,0.0021794,3.1178E-07,-3.1144E-07
0.24000000000000002,0.86,-0.0022224000000000002,-1.8657E-09,0.0022228,3.1182E-07,-3.1144E-07
0.23500000000000001,0.86,-0.0022654,-1.9195E-09,0.0022656,3.1184E-07,-3.1148E-07
0.23,0.86,-0.0023066000000000002,-1.9763E-09,0.0023064,3.1184E-07,-3.1144E-07
0.225,0.86,-0.0023482,-2.0177E-09,0.00235,3.1174E-07,-3.1142E-07
0.22,0.86,-0.002389,-2.0798E-09,0.0023888,3.1178E-07,-3.1144E-07
0.215,0.86,-0.0024304,-2.144E-09,0.002431,3.1182E-07,-3.1144E-07
0.21000000000000002,0.86,-0.0024682000000000003,-2.2047E-09,0.0024698,3.1176E-07,-3.1144E-07
0.20500000000000002,0.86,-0.0025088000000000003,-2.2758E-09,0.0025096,3.1182E-07,-3.115E-07
0.2,0.86,-0.0025474,-2.3368E-09,0.0025464,3.1178E-07,-3.114E-07
0.195,0.86,-0.002585,-2.4002E-09,0.0025848,3.1176E-07,-3.1144E-07
0.19,0.86,-0.002621,-2.472E-09,0.002622,3.1178E-07,-3.115E-07
0.185,0.86,-0.0026572,-2.5414E-09,0.0026582,3.1178E-07,-3.1144E-07
0.18000000000000002,0.86,-0.0026934,-2.6146E-09,0.002694,3.1178E-07,-3.1146E-07
0.17500000000000002,0.86,-0.0027292,-2.6871E-09,0.0027302,3.1184E-07,-3.1148E-07
0.17,0.86,-0.0027638,-2.7643E-09,0.002765,3.1174E-07,-3.115E-07
0.165,0.86,-0.0027962,-2.8356E-09,0.0027976,3.1176E-07,-3.115E-07
0.16,0.86,-0.0028322,-2.916E-09,0.0028326000000000002,3.1172E-07,-3.115E-07
0.155,0.86,-0.0028644,-2.9935E-09,0.0028656000000000003,3.1174E-07,-3.114E-07
0.15,0.86,-0.0028972,-3.0746E-09,0.0028974,3.1182E-07,-3.115E-07
0.14500000000000002,0.86,-0.0029286,-3.166E-09,0.002929,3.1176E-07,-3.1146E-07
0.14,0.86,-0.0029606,-3.2447E-09,0.0029602,3.1176E-07,-3.1144E-07
0.135,0.86,-0.0029908,-3.3259E-09,0.002991,3.1178E-07,-3.1146E-07
0.13,0.86,-0.0030208,-3.4228E-09,0.0030214,3.1184E-07,-3.1158E-07
0.125,0.86,-0.0030522,-3.532E-09,0.0030508,3.1193999999999997E-07,-3.1158E-07
0.12000000000000001,0.86,-0.0030808,-3.602E-09,0.0030808,3.1188E-07,-3.1151999999999997E-07
0.115,0.86,-0.0031072,-3.7078E-09,0.0031092,3.1184E-07,-3.1151999999999997E-07
0.11,0.86,-0.003136,-3.8045E-09,0.0031374000000000003,3.1182E-07,-3.116E-07
0.10500000000000001,0.86,-0.0031648,-3.8971E-09,0.0031658,3.1184E-07,-3.115E-07
0.1,0.86,-0.0031910000000000003,-4.0043E-09,0.0031928,3.1182E-07,-3.1146E-07
0.095,0.86,-0.0032174,-4.1103E-09,0.0032186000000000003,3.1182E-07,-3.1148E-07
0.090000000000000011,0.86,-0.003244,-4.2146E-09,0.003245,3.1184E-07,-3.1151999999999997E-07
0.085,0.86,-0.0032702,-4.3228E-09,0.003271,3.1186E-07,-3.1144E-07
0.08,0.86,-0.003296,-4.4381E-09,0.0032966000000000002,3.1186E-07,-3.1146E-07
0.075,0.86,-0.0033198,-4.5765E-09,0.0033204000000000003,3.1186E-07,-3.1144E-07
0.07,0.86,-0.0033448,-4.6988E-09,0.003346,3.1182E-07,-3.1151999999999997E-07
0.065,0.86,-0.0033688,-4.8215E-09,0.0033692,3.1178E-07,-3.114E-07
0.060000000000000005,0.86,-0.0033916000000000003,-4.9426E-09,0.0033928,3.1178E-07,-3.1137999999999997E-07
0.055,0.86,-0.0034146000000000003,-5.0674E-09,0.0034148,3.1174E-07,-3.1142E-07
0.05,0.86,-0.0034362,-5.2112E-09,0.003437,3.1172E-07,-3.1146E-07
0.045000000000000005,0.86,-0.0034602,-5.3367E-09,0.003461,3.1178E-07,-3.115E-07
0.04,0.86,-0.0034824,-5.4821E-09,0.0034832,3.1178E-07,-3.115E-07
0.035,0.86,-0.0035016,-5.6071E-09,0.003504,3.1178E-07,-3.1146E-07
0.030000000000000002,0.86,-0.0035228,-5.7492E-09,0.0035248000000000002,3.1178E-07,-3.1142E-07
0.025,0.86,-0.0035452,-5.8927E-09,0.0035466,3.1172E-07,-3.1146E-07
0.02,0.86,-0.0035652,-6.0388E-09,0.003566,3.117E-07,-3.115E-07
0.015000000000000001,0.86,-0.0035858,-6.1886E-09,0.0035862,3.1178E-07,-3.1144E-07
0.01,0.86,-0.0036058,-6.3361E-09,0.0036056,3.1176E-07,-3.1146E-07
0.005,0.86,-0.0036254,-6.5039E-09,0.0036254,3.1182E-07,-3.1148E-07
0,0.86,-0.0036420000000000003,-6.6688999999999996E-09,0.0036436,3.1174E-07,-3.1142E-07
1.2,0.87,-3.0854E-10,1.0437000000000001E-10,-3.066E-11,3.117E-07,-3.1144E-07
1.195,0.87,-2.9788E-10,9.89E-11,-2.979E-11,3.1174E-07,-3.1146E-07
1.19,0.87,-2.9996E-10,9.4580000000000011E-11,-3.191E-11,3.117E-07,-3.1142E-07
1.185,0.87,-3.0855000000000004E-10,8.994E-11,-2.7340000000000003E-11,3.1172E-07,-3.1146E-07
1.1800000000000002,0.87,-2.9703E-10,8.347000000000001E-11,-2.5060000000000002E-11,3.1168E-07,-3.115E-07
1.175,0.87,-2.9489E-10,7.9920000000000007E-11,-2.642E-11,3.1176E-07,-3.114E-07
1.1700000000000002,0.87,-2.8918000000000003E-10,7.824E-11,-2.5940000000000003E-11,3.1172E-07,-3.1148E-07
1.165,0.87,-2.9135000000000003E-10,7.3380000000000009E-11,-2.225E-11,3.1172E-07,-3.1142E-07
1.1600000000000001,0.87,-2.9506E-10,6.8800000000000011E-11,-2.025E-11,3.117E-07,-3.1146E-07
1.155,0.87,-2.9440000000000004E-10,6.5160000000000011E-11,-2.4590000000000002E-11,3.1172E-07,-3.1148E-07
1.1500000000000001,0.87,-2.9622000000000004E-10,6.3540000000000008E-11,-1.976E-11,3.1168E-07,-3.114E-07
1.145,0.87,-2.832E-10,5.7820000000000007E-11,-1.7620000000000003E-11,3.1172E-07,-3.114E-07
1.1400000000000001,0.87,-2.8312E-10,5.626E-11,-1.828E-11,3.1164E-07,-3.1137999999999997E-07
1.135,0.87,-2.8281000000000003E-10,5.4580000000000007E-11,-1.8000000000000002E-11,3.1165999999999997E-07,-3.1146E-07
1.1300000000000001,0.87,-2.8899E-10,5.04E-11,-1.655E-11,3.1165999999999997E-07,-3.1146E-07
1.125,0.87,-2.8801E-10,4.775E-11,-1.3040000000000001E-11,3.117E-07,-3.1148E-07
1.12,0.87,-2.6553E-10,4.497E-11,-2.074E-11,3.1176E-07,-3.1148E-07
1.115,0.87,-2.9128E-10,4.5760000000000005E-11,-1.89E-11,3.1176E-07,-3.1148E-07
1.11,0.87,-2.7874E-10,4.3540000000000006E-11,-1.007E-11,3.1174E-07,-3.1154E-07
1.105,0.87,-2.7714000000000004E-10,3.719E-11,-1.3E-11,3.1174E-07,-3.1148E-07
1.1,0.87,-3.0174000000000004E-10,3.423E-11,-1.311E-11,3.1178E-07,-3.1151999999999997E-07
1.095,0.87,-2.6573E-10,3.6180000000000005E-11,-8.9900000000000011E-12,3.1179999999999997E-07,-3.1146E-07
1.09,0.87,-2.8163000000000004E-10,3.4980000000000005E-11,-7.8600000000000008E-12,3.1179999999999997E-07,-3.115E-07
1.085,0.87,-2.6274E-10,3.031E-11,-1.191E-11,3.1178E-07,-3.1154E-07
1.08,0.87,-2.9464000000000003E-10,3.0020000000000003E-11,-8.72E-12,3.1179999999999997E-07,-3.1146E-07
1.075,0.87,-2.549E-10,3.3260000000000003E-11,-1.1500000000000002E-12,3.1178E-07,-3.1146E-07
1.07,0.87,-2.8324000000000005E-10,2.531E-11,-1.3030000000000001E-11,3.1176E-07,-3.1144E-07
1.065,0.87,-2.7566E-10,2.5410000000000003E-11,-5.1100000000000006E-12,3.1178E-07,-3.1144E-07
1.06,0.87,-2.6402000000000004E-10,2.562E-11,-1.1410000000000001E-11,3.1182E-07,-3.1151999999999997E-07
1.0550000000000002,0.87,-2.9029000000000004E-10,2.127E-11,-4.0900000000000005E-12,3.1172E-07,-3.114E-07
1.05,0.87,-2.5621000000000004E-10,2.2510000000000002E-11,-5.9200000000000006E-12,3.1178E-07,-3.1144E-07
1.0450000000000002,0.87,-2.9029000000000004E-10,1.9930000000000003E-11,-8.780000000000001E-12,3.1174E-07,-3.1144E-07
1.04,0.87,-2.6517000000000003E-10,2.1480000000000003E-11,-1.85E-12,3.117E-07,-3.1146E-07
1.0350000000000001,0.87,-2.8506000000000005E-10,1.724E-11,-6.7900000000000008E-12,3.1178E-07,-3.1154E-07
1.03,0.87,-2.7244000000000004E-10,1.666E-11,-1.4E-12,3.1182E-07,-3.115E-07
1.0250000000000001,0.87,-2.8059E-10,1.7200000000000003E-11,-3.66E-12,3.1172E-07,-3.1146E-07
1.02,0.87,-2.7592E-10,1.413E-11,3.2700000000000004E-12,3.1176E-07,-3.1156E-07
1.0150000000000001,0.87,-2.7302E-10,1.361E-11,-1.17E-12,3.1172E-07,-3.1146E-07
1.01,0.87,-2.7174000000000004E-10,1.219E-11,-1.45E-12,3.1179999999999997E-07,-3.1151999999999997E-07
1.0050000000000001,0.87,-2.813E-10,1.599E-11,6.0300000000000008E-12,3.1176E-07,-3.1151999999999997E-07
1,0.87,-2.8162E-10,1.0010000000000001E-11,5.7600000000000005E-12,3.1178E-07,-3.1146E-07
0.995,0.87,-2.8672E-10,1.008E-11,6.2900000000000009E-12,3.1178E-07,-3.115E-07
0.9900000000000001,0.87,-2.8026E-10,1.1040000000000001E-11,6.3900000000000008E-12,3.1174E-07,-3.1148E-07
0.9850000000000001,0.87,-2.882E-10,9.54E-12,1.3550000000000001E-11,3.1178E-07,-3.1146E-07
0.98000000000000009,0.87,-2.7668E-10,1.229E-11,1.89E-11,3.1179999999999997E-07,-3.1151999999999997E-07
0.97500000000000009,0.87,-2.8519E-10,7.44E-12,2.081E-11,3.1178E-07,-3.115E-07
0.97000000000000008,0.87,-3.0179E-10,9.45E-12,2.6940000000000003E-11,3.1176E-07,-3.1148E-07
0.96500000000000008,0.87,-2.9930000000000004E-10,4.47E-12,3.194E-11,3.1178E-07,-3.1148E-07
0.96000000000000008,0.87,-3.0609E-10,5.9E-12,3.667E-11,3.1182E-07,-3.1146E-07
0.95500000000000007,0.87,-3.0541000000000003E-10,6.4400000000000008E-12,4.163E-11,3.1176E-07,-3.1154E-07
0.95000000000000007,0.87,-3.2564E-10,4.7000000000000006E-12,5.0900000000000006E-11,3.1176E-07,-3.1144E-07
0.94500000000000006,0.87,-3.3280000000000003E-10,5.59E-12,6.255E-11,3.1186E-07,-3.1156E-07
0.94000000000000006,0.87,-3.3857000000000005E-10,4.27E-12,7.098000000000001E-11,3.1178E-07,-3.1154E-07
0.935,0.87,-3.6096E-10,5.48E-12,8.679E-11,3.1182E-07,-3.115E-07
0.93,0.87,-3.5914E-10,2.08E-12,1.0524E-10,3.117E-07,-3.115E-07
0.925,0.87,-3.8783000000000005E-10,2.79E-12,1.2161E-10,3.1179999999999997E-07,-3.115E-07
0.92,0.87,-4.0785000000000004E-10,2.7600000000000004E-12,1.4289E-10,3.1176E-07,-3.1151999999999997E-07
0.915,0.87,-4.3662000000000004E-10,2.0200000000000003E-12,1.6928E-10,3.1179999999999997E-07,-3.1144E-07
0.91,0.87,-4.6582000000000005E-10,5.6E-13,2.0107E-10,3.1165999999999997E-07,-3.1137999999999997E-07
0.905,0.87,-4.9382000000000006E-10,1.13E-12,2.3227000000000002E-10,3.1174E-07,-3.1148E-07
0.9,0.87,-5.3872000000000008E-10,1.4900000000000001E-12,2.7576000000000004E-10,3.1172E-07,-3.1144E-07
0.895,0.87,-5.7509E-10,-1.0000000000000002E-14,3.2582E-10,3.1174E-07,-3.114E-07
0.89,0.87,-6.4102E-10,-5.1E-13,3.8413000000000005E-10,3.1172E-07,-3.115E-07
0.885,0.87,-7.1234E-10,-7.6000000000000009E-13,4.4530000000000005E-10,3.117E-07,-3.1146E-07
0.88,0.87,-7.9335000000000006E-10,7.100000000000001E-13,5.3149E-10,3.1168E-07,-3.1136E-07
0.875,0.87,-8.7664000000000009E-10,-1.6E-12,6.2550000000000006E-10,3.1172E-07,-3.1151999999999997E-07
0.87,0.87,-9.8055E-10,-1.5600000000000002E-12,7.3417000000000006E-10,3.1172E-07,-3.1146E-07
0.865,0.87,-1.1198700000000002E-09,-7.8000000000000011E-13,8.6216E-10,3.1165999999999997E-07,-3.1142E-07
0.86,0.87,-1.2767E-09,-1.23E-12,1.00988E-09,3.1176E-07,-3.1148E-07
0.85500000000000009,0.87,-1.4524999999999999E-09,-2.82E-12,1.1899E-09,3.1172E-07,-3.115E-07
0.85000000000000009,0.87,-1.6560999999999999E-09,-4.01E-12,1.4037E-09,3.1172E-07,-3.1144E-07
0.84500000000000008,0.87,-1.9082E-09,-3.4000000000000005E-12,1.6461E-09,3.1172E-07,-3.1146E-07
0.84000000000000008,0.87,-2.1912E-09,-4.2900000000000005E-12,1.9391E-09,3.1165999999999997E-07,-3.1146E-07
0.83500000000000008,0.87,-2.5283E-09,-4.3900000000000005E-12,2.2844E-09,3.1164E-07,-3.115E-07
0.83000000000000007,0.87,-2.9207E-09,-7.01E-12,2.6779E-09,3.1172E-07,-3.1146E-07
0.82500000000000007,0.87,-3.4058E-09,-6.04E-12,3.1512E-09,3.117E-07,-3.1144E-07
0.82000000000000006,0.87,-3.9596E-09,-7.11E-12,3.7026E-09,3.117E-07,-3.1144E-07
0.81500000000000006,0.87,-4.6263E-09,-8.9000000000000013E-12,4.3406E-09,3.1176E-07,-3.1144E-07
0.81,0.87,-5.3944E-09,-8.35E-12,5.1367E-09,3.1172E-07,-3.1148E-07
0.805,0.87,-6.3098E-09,-9.54E-12,6.0458E-09,3.1165999999999997E-07,-3.1137999999999997E-07
0.8,0.87,-7.3443E-09,-1.0220000000000001E-11,7.1068E-09,3.1176E-07,-3.114E-07
0.795,0.87,-8.588E-09,-1.252E-11,8.379E-09,3.1165999999999997E-07,-3.1144E-07
0.79,0.87,-1.00774E-08,-1.1450000000000002E-11,9.792E-09,3.1165999999999997E-07,-3.1142E-07
0.785,0.87,-1.1788199999999999E-08,-1.4290000000000002E-11,1.15836E-08,3.117E-07,-3.1142E-07
0.78,0.87,-1.3857999999999999E-08,-1.601E-11,1.3593799999999998E-08,3.1165999999999997E-07,-3.1136E-07
0.775,0.87,-1.62966E-08,-1.697E-11,1.60294E-08,3.1164E-07,-3.1134E-07
0.77,0.87,-1.90084E-08,-1.901E-11,1.8886599999999997E-08,3.1176E-07,-3.115E-07
0.765,0.87,-2.24312E-08,-2.019E-11,2.2161999999999997E-08,3.1179999999999997E-07,-3.115E-07
0.76,0.87,-2.63882E-08,-2.26E-11,2.6241399999999998E-08,3.1178E-07,-3.1144E-07
0.755,0.87,-3.10658E-08,-2.4460000000000002E-11,3.0958E-08,3.1182E-07,-3.1158E-07
0.75,0.87,-3.64436E-08,-2.715E-11,3.61672E-08,3.117E-07,-3.1146E-07
0.745,0.87,-4.3126399999999994E-08,-2.942E-11,4.2788E-08,3.1176E-07,-3.1151999999999997E-07
0.74,0.87,-5.0411599999999993E-08,-3.1480000000000004E-11,5.01942E-08,3.1174E-07,-3.1148E-07
0.735,0.87,-5.9631E-08,-3.39E-11,5.9353199999999993E-08,3.1176E-07,-3.1156E-07
0.73,0.87,-6.98792E-08,-3.623E-11,6.9734599999999987E-08,3.1182E-07,-3.1154E-07
0.72500000000000009,0.87,-8.2520999999999988E-08,-3.889E-11,8.22632E-08,3.1182E-07,-3.115E-07
0.72000000000000008,0.87,-9.7379799999999992E-08,-4.2400000000000004E-11,9.6728199999999989E-08,3.117E-07,-3.115E-07
0.71500000000000008,0.87,-1.1395259999999999E-07,-4.5830000000000005E-11,1.1380339999999999E-07,3.1182E-07,-3.115E-07
0.71000000000000008,0.87,-1.3368E-07,-4.8560000000000005E-11,1.3332E-07,3.117E-07,-3.1146E-07
0.70500000000000007,0.87,-1.5911999999999999E-07,-5.1810000000000006E-11,1.5768E-07,3.1178E-07,-3.115E-07
0.70000000000000007,0.87,-1.8703999999999999E-07,-5.836E-11,1.8568E-07,3.1182E-07,-3.115E-07
0.69500000000000006,0.87,-2.1984E-07,-5.906E-11,2.1693999999999998E-07,3.1184E-07,-3.115E-07
0.69000000000000006,0.87,-2.578E-07,-6.3670000000000011E-11,2.5623999999999997E-07,3.1176E-07,-3.1154E-07
0.685,0.87,-3.0494E-07,-6.9460000000000011E-11,3.0278E-07,3.1178E-07,-3.115E-07
0.68,0.87,-3.567E-07,-7.213E-11,3.592E-07,3.1172E-07,-3.1142E-07
0.675,0.87,-4.1992E-07,-7.937E-11,4.1837999999999997E-07,3.1176E-07,-3.1146E-07
0.67,0.87,-4.9165999999999994E-07,-8.4870000000000013E-11,4.9254E-07,3.117E-07,-3.1144E-07
0.665,0.87,-5.809E-07,-8.815E-11,5.7783999999999994E-07,3.117E-07,-3.1137999999999997E-07
0.66,0.87,-6.8292E-07,-9.4170000000000009E-11,6.794E-07,3.1176E-07,-3.1142E-07
0.655,0.87,-8.0028E-07,-9.683E-11,8.0032E-07,3.117E-07,-3.114E-07
0.65,0.87,-9.411E-07,-1.0134000000000001E-10,9.4466E-07,3.1182E-07,-3.1146E-07
0.645,0.87,-1.1019E-06,-1.0826000000000001E-10,1.10042E-06,3.1176E-07,-3.1146E-07
0.64,0.87,-1.297E-06,-1.1582000000000001E-10,1.3015000000000002E-06,3.1168E-07,-3.114E-07
0.635,0.87,-1.5240000000000002E-06,-1.2002000000000002E-10,1.5195000000000002E-06,3.1165999999999997E-07,-3.1144E-07
0.63,0.87,-1.7906000000000003E-06,-1.2690000000000002E-10,1.7944000000000001E-06,3.117E-07,-3.1144E-07
0.625,0.87,-2.1031000000000002E-06,-1.3304000000000001E-10,2.1121E-06,3.1174E-07,-3.114E-07
0.62,0.87,-2.4679E-06,-1.3824E-10,2.4566000000000003E-06,3.1176E-07,-3.1136E-07
0.615,0.87,-2.8932E-06,-1.4523E-10,2.8856000000000004E-06,3.1172E-07,-3.1146E-07
0.61,0.87,-3.3820000000000004E-06,-1.5202E-10,3.3887000000000003E-06,3.117E-07,-3.1142E-07
0.605,0.87,-3.9674E-06,-1.6066000000000002E-10,3.9553E-06,3.117E-07,-3.114E-07
0.6,0.87,-4.6543000000000005E-06,-1.6750000000000002E-10,4.6370000000000007E-06,3.1172E-07,-3.1144E-07
0.595,0.87,-5.426E-06,-1.7355E-10,5.414E-06,3.1168E-07,-3.1144E-07
0.59000000000000008,0.87,-6.3306000000000008E-06,-1.8076E-10,6.3117000000000009E-06,3.1178E-07,-3.1137999999999997E-07
0.58500000000000008,0.87,-7.369400000000001E-06,-1.8786E-10,7.3718000000000011E-06,3.1165999999999997E-07,-3.1144E-07
0.58000000000000007,0.87,-8.5533000000000016E-06,-1.9608E-10,8.5564000000000016E-06,3.1172E-07,-3.1146E-07
0.57500000000000007,0.87,-9.9200000000000016E-06,-2.0426000000000003E-10,9.9698E-06,3.1174E-07,-3.1142E-07
0.57000000000000006,0.87,-1.1624000000000001E-05,-2.1118000000000001E-10,1.1614000000000001E-05,3.117E-07,-3.1142E-07
0.56500000000000006,0.87,-1.3446E-05,-2.1677000000000002E-10,1.3452000000000001E-05,3.1165999999999997E-07,-3.1144E-07
0.56,0.87,-1.5578E-05,-2.2511E-10,1.5652000000000002E-05,3.117E-07,-3.1148E-07
0.555,0.87,-1.8038E-05,-2.3327E-10,1.8076E-05,3.1172E-07,-3.1144E-07
0.55,0.87,-2.0796000000000002E-05,-2.426E-10,2.086E-05,3.1165999999999997E-07,-3.1142E-07
0.545,0.87,-2.3922000000000002E-05,-2.5113000000000004E-10,2.4022E-05,3.1165999999999997E-07,-3.114E-07
0.54,0.87,-2.7578000000000003E-05,-2.5977E-10,2.749E-05,3.1165999999999997E-07,-3.1137999999999997E-07
0.535,0.87,-3.1608E-05,-2.6797E-10,3.154E-05,3.117E-07,-3.1142E-07
0.53,0.87,-3.6246E-05,-2.7749000000000004E-10,3.621E-05,3.1164E-07,-3.114E-07
0.525,0.87,-4.144E-05,-2.8632E-10,4.1338E-05,3.1172E-07,-3.1137999999999997E-07
0.52,0.87,-4.737E-05,-2.9569000000000004E-10,4.7364E-05,3.1168E-07,-3.114E-07
0.515,0.87,-5.4006000000000004E-05,-3.0817000000000003E-10,5.4058E-05,3.1164E-07,-3.1142E-07
0.51,0.87,-6.1596E-05,-3.1992E-10,6.1612E-05,3.1165999999999997E-07,-3.1144E-07
0.505,0.87,-7.0054E-05,-3.2846E-10,7.001E-05,3.1172E-07,-3.1137999999999997E-07
0.5,0.87,-7.9474E-05,-3.4024E-10,7.966E-05,3.1176E-07,-3.114E-07
0.49500000000000005,0.87,-9.0004E-05,-3.5286E-10,9.0066E-05,3.1178E-07,-3.1146E-07
0.49000000000000005,0.87,-0.000101908,-3.7206E-10,0.00010181,3.1164E-07,-3.114E-07
0.48500000000000004,0.87,-0.00011467400000000001,-3.8824000000000005E-10,0.00011470000000000001,3.1174E-07,-3.1144E-07
0.48000000000000004,0.87,-0.00012866,-3.9281E-10,0.00012902,3.117E-07,-3.1137999999999997E-07
0.47500000000000003,0.87,-0.0001442,-4.0550000000000005E-10,0.0001442,3.117E-07,-3.1137999999999997E-07
0.47000000000000003,0.87,-0.00016124000000000002,-4.1937E-10,0.00016132,3.1172E-07,-3.1134E-07
0.465,0.87,-0.00017930000000000002,-4.3852000000000005E-10,0.00017940000000000002,3.1172E-07,-3.114E-07
0.46,0.87,-0.00019932,-4.5426000000000004E-10,0.00019948,3.117E-07,-3.1144E-07
0.455,0.87,-0.00022030000000000002,-4.6708E-10,0.00022050000000000002,3.1176E-07,-3.1146E-07
0.45,0.87,-0.00024292,-4.8460000000000006E-10,0.00024308,3.117E-07,-3.1144E-07
0.445,0.87,-0.00026658000000000004,-5.0322E-10,0.00026712000000000003,3.1165999999999997E-07,-3.1144E-07
0.44,0.87,-0.00029242,-5.2072E-10,0.00029252,3.1164E-07,-3.114E-07
0.435,0.87,-0.0003188,-5.4094E-10,0.00031934000000000004,3.117E-07,-3.1148E-07
0.43,0.87,-0.00034718000000000005,-5.6063000000000006E-10,0.00034760000000000005,3.1172E-07,-3.1146E-07
0.42500000000000004,0.87,-0.00037686,-5.7815E-10,0.00037674000000000003,3.1172E-07,-3.114E-07
0.42000000000000004,0.87,-0.00040720000000000003,-6.0049000000000006E-10,0.00040786,3.1165999999999997E-07,-3.114E-07
0.41500000000000004,0.87,-0.00043862,-6.1807E-10,0.00043910000000000005,3.1172E-07,-3.1137999999999997E-07
0.41000000000000003,0.87,-0.00047180000000000003,-6.4036E-10,0.00047212,3.1162E-07,-3.1137999999999997E-07
0.405,0.87,-0.00050502,-6.6572000000000005E-10,0.00050544,3.1164E-07,-3.1144E-07
0.4,0.87,-0.00053976,-6.861E-10,0.00054008000000000007,3.1165999999999997E-07,-3.114E-07
0.395,0.87,-0.00057424000000000006,-7.109600000000001E-10,0.0005754,3.117E-07,-3.1146E-07
0.39,0.87,-0.0006109,-7.3771E-10,0.00061164,3.1168E-07,-3.1146E-07
0.385,0.87,-0.00064724,-7.6361E-10,0.00064764,3.1158E-07,-3.1137999999999997E-07
0.38,0.87,-0.00068484,-7.8664000000000009E-10,0.00068476000000000008,3.1165999999999997E-07,-3.1144E-07
0.375,0.87,-0.00072244000000000008,-8.1288000000000009E-10,0.00072238,3.1164E-07,-3.1144E-07
0.37,0.87,-0.00076008,-8.4043000000000006E-10,0.0007604,3.1164E-07,-3.1137999999999997E-07
0.365,0.87,-0.00079828000000000006,-8.7203E-10,0.0007992600000000001,3.1164E-07,-3.1144E-07
0.36000000000000004,0.87,-0.00083760000000000008,-9.0500000000000008E-10,0.00083808,3.1172E-07,-3.1142E-07
0.35500000000000004,0.87,-0.00087582,-9.3308E-10,0.0008761000000000001,3.1162E-07,-3.1137999999999997E-07
0.35000000000000003,0.87,-0.000915,-9.6285E-10,0.00091562,3.1165999999999997E-07,-3.1132E-07
0.34500000000000003,0.87,-0.0009539,-9.9645E-10,0.0009540000000000001,3.117E-07,-3.114E-07
0.34,0.87,-0.00099364,-1.02683E-09,0.00099282000000000016,3.1165999999999997E-07,-3.1132E-07
0.335,0.87,-0.0010314,-1.0592100000000001E-09,0.00103168,3.1176E-07,-3.1134E-07
0.33,0.87,-0.00107108,-1.1000000000000001E-09,0.0010703800000000001,3.1172E-07,-3.1144E-07
0.325,0.87,-0.0011086400000000002,-1.1324E-09,0.0011088,3.1164E-07,-3.114E-07
0.32,0.87,-0.0011480400000000001,-1.1713E-09,0.0011476000000000001,3.117E-07,-3.1142E-07
0.315,0.87,-0.0011852,-1.2079E-09,0.0011856,3.1165999999999997E-07,-3.1136E-07
0.31,0.87,-0.001224,-1.2485E-09,0.001224,3.117E-07,-3.114E-07
0.305,0.87,-0.0012612,-1.2892E-09,0.0012616,3.1165999999999997E-07,-3.1137999999999997E-07
0.3,0.87,-0.0012986,-1.326E-09,0.0012998,3.117E-07,-3.114E-07
0.29500000000000004,0.87,-0.0013356,-1.3718E-09,0.0013364,3.1165999999999997E-07,-3.1137999999999997E-07
0.29000000000000004,0.87,-0.0013724,-1.4154E-09,0.0013726,3.1168E-07,-3.1142E-07
0.28500000000000003,0.87,-0.001409,-1.4617E-09,0.00141,3.1162E-07,-3.1144E-07
0.28,0.87,-0.0014454000000000001,-1.5035E-09,0.0014454000000000001,3.117E-07,-3.1146E-07
0.275,0.87,-0.0014794,-1.5525E-09,0.00148,3.1172E-07,-3.1142E-07
0.27,0.87,-0.001514,-1.5993E-09,0.0015144,3.117E-07,-3.1144E-07
0.265,0.87,-0.0015496,-1.6465E-09,0.0015496,3.116E-07,-3.1142E-07
0.26,0.87,-0.0015834,-1.698E-09,0.0015828,3.1176E-07,-3.1142E-07
0.255,0.87,-0.0016174,-1.7515E-09,0.001617,3.1165999999999997E-07,-3.1137999999999997E-07
0.25,0.87,-0.0016512,-1.8052E-09,0.0016516,3.117E-07,-3.114E-07
0.24500000000000002,0.87,-0.0016836,-1.8596999999999999E-09,0.0016834,3.1172E-07,-3.1142E-07
0.24000000000000002,0.87,-0.0017158,-1.9166E-09,0.0017164,3.1172E-07,-3.1142E-07
0.23500000000000001,0.87,-0.0017478,-1.9689E-09,0.0017474,3.1174E-07,-3.1144E-07
0.23,0.87,-0.0017784,-2.0295E-09,0.0017788,3.1165999999999997E-07,-3.1144E-07
0.225,0.87,-0.00181,-2.0904E-09,0.0018108,3.1174E-07,-3.115E-07
0.22,0.87,-0.0018398,-2.1473E-09,0.0018404,3.1162E-07,-3.1146E-07
0.215,0.87,-0.0018698,-2.2108E-09,0.001871,3.117E-07,-3.1142E-07
0.21000000000000002,0.87,-0.001898,-2.2758E-09,0.0018996,3.1164E-07,-3.1144E-07
0.20500000000000002,0.87,-0.0019276,-2.34E-09,0.001928,3.1172E-07,-3.1144E-07
0.2,0.87,-0.001956,-2.4069E-09,0.0019556,3.1172E-07,-3.1146E-07
0.195,0.87,-0.0019846,-2.4937E-09,0.0019850000000000002,3.1178E-07,-3.114E-07
0.19,0.87,-0.0020112,-2.5585E-09,0.0020114,3.1165999999999997E-07,-3.1142E-07
0.185,0.87,-0.002038,-2.6123E-09,0.002039,3.1165999999999997E-07,-3.114E-07
0.18000000000000002,0.87,-0.0020654000000000002,-2.6864E-09,0.0020662000000000002,3.1164E-07,-3.1144E-07
0.17500000000000002,0.87,-0.0020918,-2.7624E-09,0.002092,3.117E-07,-3.1146E-07
0.17,0.87,-0.0021166,-2.8393E-09,0.0021178,3.1168E-07,-3.114E-07
0.165,0.87,-0.0021408,-2.9138E-09,0.002143,3.1168E-07,-3.114E-07
0.16,0.87,-0.0021680000000000002,-2.9932E-09,0.0021684,3.117E-07,-3.114E-07
0.155,0.87,-0.0021922,-3.0784E-09,0.0021932,3.117E-07,-3.1146E-07
0.15,0.87,-0.0022154,-3.1632E-09,0.002216,3.1164E-07,-3.115E-07
0.14500000000000002,0.87,-0.0022402,-3.2527E-09,0.0022392000000000002,3.117E-07,-3.1137999999999997E-07
0.14,0.87,-0.0022616,-3.3374E-09,0.0022630000000000003,3.1165999999999997E-07,-3.1137999999999997E-07
0.135,0.87,-0.0022866,-3.4316E-09,0.002284,3.1168E-07,-3.114E-07
0.13,0.87,-0.0023076,-3.5198E-09,0.0023072,3.1165999999999997E-07,-3.1146E-07
0.125,0.87,-0.0023296000000000002,-3.6173E-09,0.002329,3.1164E-07,-3.1144E-07
0.12000000000000001,0.87,-0.0023498,-3.7097E-09,0.0023518000000000002,3.1165999999999997E-07,-3.114E-07
0.115,0.87,-0.0023726,-3.8007E-09,0.0023722,3.1164E-07,-3.114E-07
0.11,0.87,-0.0023936,-3.9325E-09,0.0023934,3.1172E-07,-3.1146E-07
0.10500000000000001,0.87,-0.0024134,-4.0373E-09,0.0024152,3.117E-07,-3.114E-07
0.1,0.87,-0.0024332,-4.1434E-09,0.0024338,3.1164E-07,-3.1144E-07
0.095,0.87,-0.0024536000000000002,-4.2522E-09,0.0024534,3.1172E-07,-3.1144E-07
0.090000000000000011,0.87,-0.0024724,-4.3554E-09,0.0024732,3.1165999999999997E-07,-3.1146E-07
0.085,0.87,-0.002492,-4.4686E-09,0.002493,3.1165999999999997E-07,-3.1144E-07
0.08,0.87,-0.0025106,-4.5852E-09,0.002511,3.1164E-07,-3.1142E-07
0.075,0.87,-0.0025278,-4.7059E-09,0.0025306,3.1172E-07,-3.1142E-07
0.07,0.87,-0.0025464,-4.8246E-09,0.0025474,3.1176E-07,-3.115E-07
0.065,0.87,-0.0025646,-4.9209E-09,0.0025646,3.117E-07,-3.1151999999999997E-07
0.060000000000000005,0.87,-0.0025834,-5.0463E-09,0.0025830000000000002,3.1172E-07,-3.1151999999999997E-07
0.055,0.87,-0.0025992,-5.1782E-09,0.0025996,3.1176E-07,-3.1156E-07
0.05,0.87,-0.0026154,-5.3117E-09,0.002617,3.1178E-07,-3.1148E-07
0.045000000000000005,0.87,-0.0026332,-5.4443E-09,0.0026332,3.1182E-07,-3.115E-07
0.04,0.87,-0.0026492,-5.5738E-09,0.0026488,3.1176E-07,-3.1146E-07
0.035,0.87,-0.0026662,-5.7174E-09,0.0026642000000000002,3.1174E-07,-3.1151999999999997E-07
0.030000000000000002,0.87,-0.00268,-5.8612E-09,0.0026798,3.117E-07,-3.1144E-07
0.025,0.87,-0.0026948000000000002,-6.0129E-09,0.0026956000000000003,3.1168E-07,-3.1137999999999997E-07
0.02,0.87,-0.0027106,-6.1573E-09,0.002711,3.117E-07,-3.1146E-07
0.015000000000000001,0.87,-0.0027252,-6.3413E-09,0.0027256,3.1165999999999997E-07,-3.114E-07
0.01,0.87,-0.0027398,-6.4932E-09,0.0027396,3.1172E-07,-3.1144E-07
0.005,0.87,-0.0027538000000000003,-6.6674E-09,0.0027544,3.117E-07,-3.1146E-07
0,0.87,-0.0027666,-6.8365E-09,0.0027678,3.117E-07,-3.1144E-07
1.2,0.88,-2.2236000000000002E-10,1.0105E-10,-3.055E-11,3.116E-07,-3.1134E-07
1.195,0.88,-2.1447E-10,9.4810000000000007E-11,-2.602E-11,3.116E-07,-3.1146E-07
1.19,0.88,-2.1352000000000003E-10,9.082E-11,-3.077E-11,3.116E-07,-3.1146E-07
1.185,0.88,-2.1948000000000003E-10,8.8190000000000008E-11,-2.8620000000000004E-11,3.1158E-07,-3.1137999999999997E-07
1.1800000000000002,0.88,-2.1270000000000003E-10,8.125E-11,-2.593E-11,3.1164E-07,-3.114E-07
1.175,0.88,-2.1592000000000002E-10,7.7190000000000007E-11,-2.418E-11,3.1164E-07,-3.1146E-07
1.1700000000000002,0.88,-2.1005000000000001E-10,7.353E-11,-2.5990000000000002E-11,3.1158E-07,-3.1137999999999997E-07
1.165,0.88,-2.096E-10,7.1180000000000006E-11,-2.243E-11,3.1162E-07,-3.1144E-07
1.1600000000000001,0.88,-2.0854E-10,6.626E-11,-1.9350000000000003E-11,3.116E-07,-3.1142E-07
1.155,0.88,-2.0791E-10,6.324E-11,-2.1750000000000002E-11,3.1164E-07,-3.1144E-07
1.1500000000000001,0.88,-2.1110000000000003E-10,6.127E-11,-2.1990000000000003E-11,3.116E-07,-3.114E-07
1.145,0.88,-2.0231000000000002E-10,5.7340000000000006E-11,-1.8800000000000002E-11,3.1162E-07,-3.1142E-07
1.1400000000000001,0.88,-2.0457000000000002E-10,5.4020000000000004E-11,-1.7450000000000002E-11,3.1164E-07,-3.115E-07
1.135,0.88,-2.0187000000000002E-10,5.1620000000000005E-11,-2.0640000000000003E-11,3.116E-07,-3.1144E-07
1.1300000000000001,0.88,-2.0403000000000002E-10,4.956E-11,-1.6890000000000003E-11,3.1165999999999997E-07,-3.114E-07
1.125,0.88,-2.0310000000000003E-10,4.5220000000000006E-11,-1.4560000000000003E-11,3.1154E-07,-3.114E-07
1.12,0.88,-2.0258E-10,4.337E-11,-1.6850000000000002E-11,3.1158E-07,-3.1142E-07
1.115,0.88,-1.9926000000000002E-10,4.2510000000000004E-11,-1.717E-11,3.116E-07,-3.1146E-07
1.11,0.88,-1.9752E-10,4.005E-11,-1.3440000000000001E-11,3.116E-07,-3.1134E-07
1.105,0.88,-1.9714E-10,3.715E-11,-1.311E-11,3.1154E-07,-3.1142E-07
1.1,0.88,-1.9786000000000003E-10,3.5450000000000004E-11,-1.642E-11,3.1158E-07,-3.1137999999999997E-07
1.095,0.88,-2.0351E-10,3.455E-11,-1.3070000000000002E-11,3.1165999999999997E-07,-3.114E-07
1.09,0.88,-2.0275000000000002E-10,3.1450000000000005E-11,-1.098E-11,3.1158E-07,-3.1142E-07
1.085,0.88,-1.9974000000000003E-10,2.953E-11,-1.14E-11,3.1162E-07,-3.1142E-07
1.08,0.88,-1.9154000000000002E-10,2.975E-11,-1.2950000000000001E-11,3.1158E-07,-3.1137999999999997E-07
1.075,0.88,-1.9257000000000001E-10,2.7670000000000003E-11,-1.0320000000000001E-11,3.1164E-07,-3.1146E-07
1.07,0.88,-1.9856E-10,2.52E-11,-8.4000000000000014E-12,3.1162E-07,-3.114E-07
1.065,0.88,-1.9574000000000001E-10,2.278E-11,-1.18E-11,3.1165999999999997E-07,-3.1144E-07
1.06,0.88,-2.0599E-10,2.3500000000000003E-11,-9.35E-12,3.1158E-07,-3.114E-07
1.0550000000000002,0.88,-1.9642E-10,2.09E-11,-6.3400000000000009E-12,3.1165999999999997E-07,-3.1146E-07
1.05,0.88,-1.9870000000000002E-10,1.896E-11,-8.480000000000001E-12,3.1164E-07,-3.1142E-07
1.0450000000000002,0.88,-1.9566000000000003E-10,1.8510000000000003E-11,-8.23E-12,3.1162E-07,-3.1148E-07
1.04,0.88,-1.8536000000000002E-10,1.9310000000000002E-11,-6.14E-12,3.1158E-07,-3.1137999999999997E-07
1.0350000000000001,0.88,-1.9314000000000002E-10,1.812E-11,-3.0400000000000004E-12,3.116E-07,-3.1146E-07
1.03,0.88,-1.9826000000000002E-10,1.3370000000000001E-11,-7.3700000000000011E-12,3.1162E-07,-3.1148E-07
1.0250000000000001,0.88,-2.1262E-10,1.5340000000000002E-11,-3.4200000000000004E-12,3.1164E-07,-3.1151999999999997E-07
1.02,0.88,-1.9456000000000002E-10,1.5630000000000002E-11,-1.5000000000000002E-13,3.1158E-07,-3.114E-07
1.0150000000000001,0.88,-1.9007000000000002E-10,1.149E-11,-2.57E-12,3.1162E-07,-3.1137999999999997E-07
1.01,0.88,-1.8978000000000002E-10,1.3050000000000001E-11,-4.8000000000000008E-13,3.1164E-07,-3.1142E-07
1.0050000000000001,0.88,-1.9664E-10,1.16E-11,-1.26E-12,3.1156E-07,-3.1137999999999997E-07
1,0.88,-2.144E-10,1.0850000000000002E-11,5.75E-12,3.116E-07,-3.114E-07
0.995,0.88,-2.0014000000000002E-10,8.8800000000000009E-12,4.31E-12,3.1164E-07,-3.1142E-07
0.9900000000000001,0.88,-2.0396E-10,9.7900000000000009E-12,7.1300000000000005E-12,3.1165999999999997E-07,-3.115E-07
0.9850000000000001,0.88,-1.9396000000000002E-10,1.0940000000000001E-11,1.14E-11,3.116E-07,-3.114E-07
0.98000000000000009,0.88,-2.0219000000000003E-10,6.4400000000000008E-12,1.5650000000000002E-11,3.116E-07,-3.1144E-07
0.97500000000000009,0.88,-2.1258E-10,8.54E-12,1.7110000000000003E-11,3.1165999999999997E-07,-3.1136E-07
0.97000000000000008,0.88,-2.1803000000000002E-10,6.41E-12,1.967E-11,3.1164E-07,-3.1144E-07
0.96500000000000008,0.88,-2.2428000000000003E-10,5.7800000000000008E-12,2.92E-11,3.1164E-07,-3.114E-07
0.96000000000000008,0.88,-2.0745000000000002E-10,3.91E-12,3.0350000000000004E-11,3.1164E-07,-3.1144E-07
0.95500000000000007,0.88,-2.2137E-10,5.3600000000000006E-12,3.423E-11,3.1165999999999997E-07,-3.1144E-07
0.95000000000000007,0.88,-2.3478000000000004E-10,6.45E-12,4.731E-11,3.1158E-07,-3.114E-07
0.94500000000000006,0.88,-2.4055E-10,3.1E-12,5.4780000000000004E-11,3.116E-07,-3.1142E-07
0.94000000000000006,0.88,-2.5226E-10,4.31E-12,5.9430000000000008E-11,3.116E-07,-3.1144E-07
0.935,0.88,-2.6857000000000004E-10,3.7E-12,7.135E-11,3.1158E-07,-3.114E-07
0.93,0.88,-2.5356E-10,4.57E-12,9.018E-11,3.1158E-07,-3.114E-07
0.925,0.88,-2.8497E-10,8E-13,1.0028E-10,3.1164E-07,-3.114E-07
0.92,0.88,-2.9608000000000003E-10,1.02E-12,1.1773000000000002E-10,3.1164E-07,-3.1137999999999997E-07
0.915,0.88,-3.3948000000000005E-10,3.65E-12,1.4033000000000002E-10,3.1164E-07,-3.114E-07
0.91,0.88,-3.3418000000000003E-10,7E-14,1.6656000000000002E-10,3.1165999999999997E-07,-3.1144E-07
0.905,0.88,-3.8888E-10,9.9E-13,1.935E-10,3.116E-07,-3.114E-07
0.9,0.88,-4.0026E-10,1.7000000000000002E-12,2.3038E-10,3.1164E-07,-3.1148E-07
0.895,0.88,-4.5316E-10,-6.9000000000000009E-13,2.7457E-10,3.1164E-07,-3.114E-07
0.89,0.88,-4.938E-10,-4E-13,3.245E-10,3.1164E-07,-3.1144E-07
0.885,0.88,-5.5407E-10,-1.41E-12,3.7363000000000003E-10,3.1158E-07,-3.1137999999999997E-07
0.88,0.88,-6.2341E-10,7.5E-13,4.4112E-10,3.1162E-07,-3.1144E-07
0.875,0.88,-6.8704E-10,-2.24E-12,5.1842000000000006E-10,3.1162E-07,-3.1146E-07
0.87,0.88,-7.8334000000000011E-10,-1.5700000000000002E-12,6.086E-10,3.1164E-07,-3.1144E-07
0.865,0.88,-8.8601E-10,-1.4300000000000002E-12,7.0502E-10,3.1156E-07,-3.1137999999999997E-07
0.86,0.88,-1.0065700000000002E-09,-1.86E-12,8.3289000000000011E-10,3.1158E-07,-3.1137999999999997E-07
0.85500000000000009,0.88,-1.1565E-09,-2.8300000000000003E-12,9.7534E-10,3.117E-07,-3.1148E-07
0.85000000000000009,0.88,-1.326E-09,-4.52E-12,1.14671E-09,3.117E-07,-3.1151999999999997E-07
0.84500000000000008,0.88,-1.5451E-09,-2.92E-12,1.3586E-09,3.117E-07,-3.1144E-07
0.84000000000000008,0.88,-1.7821E-09,-4.03E-12,1.6009E-09,3.1158E-07,-3.1137999999999997E-07
0.83500000000000008,0.88,-2.0444E-09,-5.14E-12,1.8866E-09,3.116E-07,-3.1146E-07
0.83000000000000007,0.88,-2.3792E-09,-7.0000000000000009E-12,2.2191E-09,3.1165999999999997E-07,-3.1146E-07
0.82500000000000007,0.88,-2.7844E-09,-5.8700000000000006E-12,2.584E-09,3.1164E-07,-3.1144E-07
0.82000000000000006,0.88,-3.206E-09,-7.0800000000000005E-12,3.0389E-09,3.1165999999999997E-07,-3.1144E-07
0.81500000000000006,0.88,-3.7385E-09,-9.37E-12,3.566E-09,3.1165999999999997E-07,-3.1144E-07
0.81,0.88,-4.4285E-09,-9.3200000000000015E-12,4.2046E-09,3.1165999999999997E-07,-3.1146E-07
0.805,0.88,-5.1121E-09,-8.04E-12,4.9723E-09,3.1165999999999997E-07,-3.1151999999999997E-07
0.8,0.88,-6.0234E-09,-1.2270000000000002E-11,5.8627E-09,3.1168E-07,-3.115E-07
0.795,0.88,-7.0331E-09,-1.27E-11,6.8461E-09,3.1168E-07,-3.1151999999999997E-07
0.79,0.88,-8.2065E-09,-1.238E-11,8.0189E-09,3.1172E-07,-3.1148E-07
0.785,0.88,-9.6351E-09,-1.63E-11,9.535E-09,3.1168E-07,-3.1146E-07
0.78,0.88,-1.13528E-08,-1.8290000000000002E-11,1.12538E-08,3.117E-07,-3.1151999999999997E-07
0.775,0.88,-1.3375399999999999E-08,-1.7110000000000003E-11,1.3200199999999998E-08,3.1172E-07,-3.115E-07
0.77,0.88,-1.57262E-08,-2.136E-11,1.5525599999999998E-08,3.1178E-07,-3.115E-07
0.765,0.88,-1.8386999999999998E-08,-2.056E-11,1.83276E-08,3.117E-07,-3.1146E-07
0.76,0.88,-2.1794799999999997E-08,-2.5470000000000004E-11,2.1495599999999998E-08,3.1172E-07,-3.1144E-07
0.755,0.88,-2.5565799999999998E-08,-2.591E-11,2.5349399999999996E-08,3.1168E-07,-3.1144E-07
0.75,0.88,-3.00612E-08,-2.7030000000000003E-11,3.00338E-08,3.116E-07,-3.1146E-07
0.745,0.88,-3.5415599999999996E-08,-3.201E-11,3.52438E-08,3.1174E-07,-3.1151999999999997E-07
0.74,0.88,-4.16408E-08,-3.2060000000000004E-11,4.1597799999999995E-08,3.116E-07,-3.115E-07
0.735,0.88,-4.9188399999999992E-08,-3.5380000000000005E-11,4.8991999999999993E-08,3.1162E-07,-3.1137999999999997E-07
0.73,0.88,-5.7937799999999995E-08,-3.936E-11,5.7234599999999994E-08,3.1165999999999997E-07,-3.1142E-07
0.72500000000000009,0.88,-6.7984599999999988E-08,-3.987E-11,6.7817999999999992E-08,3.116E-07,-3.1137999999999997E-07
0.72000000000000008,0.88,-8.01754E-08,-4.5360000000000005E-11,7.9285999999999986E-08,3.1165999999999997E-07,-3.114E-07
0.71500000000000008,0.88,-9.40086E-08,-4.952E-11,9.37222E-08,3.116E-07,-3.114E-07
0.71000000000000008,0.88,-1.0992179999999999E-07,-5.047E-11,1.1064139999999999E-07,3.116E-07,-3.1137999999999997E-07
0.70500000000000007,0.88,-1.3172E-07,-5.5270000000000007E-11,1.305E-07,3.1168E-07,-3.1142E-07
0.70000000000000007,0.88,-1.5346E-07,-5.9480000000000011E-11,1.5376E-07,3.1168E-07,-3.1142E-07
0.69500000000000006,0.88,-1.7924E-07,-6.290000000000001E-11,1.805E-07,3.1162E-07,-3.1134E-07
0.69000000000000006,0.88,-2.1203999999999999E-07,-6.6020000000000008E-11,2.1264E-07,3.1158E-07,-3.1132E-07
0.685,0.88,-2.492E-07,-7.089E-11,2.461E-07,3.116E-07,-3.1132E-07
0.68,0.88,-2.9062E-07,-7.77E-11,2.9134E-07,3.1156E-07,-3.1136E-07
0.675,0.88,-3.4614E-07,-8.288E-11,3.4601999999999997E-07,3.116E-07,-3.1137999999999997E-07
0.67,0.88,-4.0748E-07,-8.755000000000001E-11,4.0356E-07,3.1165999999999997E-07,-3.1144E-07
0.665,0.88,-4.7494E-07,-9.2740000000000008E-11,4.8014E-07,3.1158E-07,-3.1137999999999997E-07
0.66,0.88,-5.6404E-07,-9.675E-11,5.5932E-07,3.1164E-07,-3.1144E-07
0.655,0.88,-6.5874E-07,-1.0214000000000001E-10,6.6084E-07,3.1158E-07,-3.1142E-07
0.65,0.88,-7.7518E-07,-1.1032000000000001E-10,7.7042E-07,3.1158E-07,-3.114E-07
0.645,0.88,-9.0648E-07,-1.1583000000000002E-10,9.0952E-07,3.116E-07,-3.1137999999999997E-07
0.64,0.88,-1.06462E-06,-1.2283E-10,1.0683799999999999E-06,3.116E-07,-3.1134E-07
0.635,0.88,-1.2545000000000002E-06,-1.2494E-10,1.2489000000000002E-06,3.1156E-07,-3.1137999999999997E-07
0.63,0.88,-1.4792000000000002E-06,-1.3246E-10,1.4688000000000002E-06,3.116E-07,-3.114E-07
0.625,0.88,-1.7225000000000002E-06,-1.3862E-10,1.7145000000000003E-06,3.1162E-07,-3.1148E-07
0.62,0.88,-2.0290000000000004E-06,-1.4525000000000002E-10,2.0319000000000004E-06,3.1162E-07,-3.1142E-07
0.615,0.88,-2.3641000000000004E-06,-1.5121000000000001E-10,2.3667E-06,3.116E-07,-3.114E-07
0.61,0.88,-2.8031000000000003E-06,-1.5958E-10,2.7782000000000004E-06,3.1165999999999997E-07,-3.1146E-07
0.605,0.88,-3.2329000000000004E-06,-1.6585E-10,3.2540000000000005E-06,3.1162E-07,-3.1144E-07
0.6,0.88,-3.7922000000000003E-06,-1.7153E-10,3.7950000000000005E-06,3.116E-07,-3.1134E-07
0.595,0.88,-4.4267E-06,-1.7834E-10,4.4321E-06,3.116E-07,-3.1134E-07
0.59000000000000008,0.88,-5.1584000000000005E-06,-1.8558000000000002E-10,5.1593000000000007E-06,3.1158E-07,-3.1144E-07
0.58500000000000008,0.88,-5.9686000000000008E-06,-1.9368000000000002E-10,5.9971000000000006E-06,3.1158E-07,-3.114E-07
0.58000000000000007,0.88,-6.971900000000001E-06,-2.0201E-10,6.9539000000000005E-06,3.1158E-07,-3.1144E-07
0.57500000000000007,0.88,-8.0572000000000014E-06,-2.0720000000000002E-10,8.037700000000001E-06,3.1156E-07,-3.1137999999999997E-07
0.57000000000000006,0.88,-9.3286E-06,-2.1464000000000002E-10,9.3102000000000011E-06,3.1165999999999997E-07,-3.1144E-07
0.56500000000000006,0.88,-1.07779E-05,-2.2502000000000002E-10,1.0752700000000001E-05,3.1164E-07,-3.1146E-07
0.56,0.88,-1.2472E-05,-2.3855E-10,1.2458E-05,3.1154E-07,-3.1137999999999997E-07
0.555,0.88,-1.4342000000000001E-05,-2.4547000000000003E-10,1.4364E-05,3.1164E-07,-3.114E-07
0.55,0.88,-1.645E-05,-2.5456E-10,1.6556000000000002E-05,3.116E-07,-3.1137999999999997E-07
0.545,0.88,-1.8904E-05,-2.6509E-10,1.8926E-05,3.1158E-07,-3.1142E-07
0.54,0.88,-2.1736E-05,-2.7262000000000004E-10,2.1728E-05,3.1156E-07,-3.114E-07
0.535,0.88,-2.4764000000000002E-05,-2.753E-10,2.4814E-05,3.1154E-07,-3.1137999999999997E-07
0.53,0.88,-2.8440000000000002E-05,-2.8472000000000003E-10,2.8322E-05,3.116E-07,-3.1137999999999997E-07
0.525,0.88,-3.2398000000000004E-05,-2.9357E-10,3.2352E-05,3.1158E-07,-3.1137999999999997E-07
0.52,0.88,-3.6966E-05,-3.0378E-10,3.6944000000000004E-05,3.1156E-07,-3.1134E-07
0.515,0.88,-4.2064E-05,-3.1575E-10,4.2008E-05,3.1156E-07,-3.1137999999999997E-07
0.51,0.88,-4.773E-05,-3.2754000000000004E-10,4.7796E-05,3.1151999999999997E-07,-3.114E-07
0.505,0.88,-5.4120000000000004E-05,-3.3909E-10,5.4152E-05,3.116E-07,-3.1146E-07
0.5,0.88,-6.1316000000000007E-05,-3.508E-10,6.1196E-05,3.1162E-07,-3.1132E-07
0.49500000000000005,0.88,-6.9214E-05,-3.6303000000000004E-10,6.9078E-05,3.1154E-07,-3.1136E-07
0.49000000000000005,0.88,-7.7948E-05,-3.762E-10,7.7974000000000009E-05,3.116E-07,-3.1134E-07
0.48500000000000004,0.88,-8.7358E-05,-3.8832E-10,8.7534E-05,3.1158E-07,-3.1144E-07
0.48000000000000004,0.88,-9.8246000000000008E-05,-4.0240000000000003E-10,9.808000000000001E-05,3.1156E-07,-3.1136E-07
0.47500000000000003,0.88,-0.000109456,-4.1657000000000004E-10,0.00010949000000000001,3.116E-07,-3.1144E-07
0.47000000000000003,0.88,-0.0001217,-4.3204000000000004E-10,0.00012212,3.1164E-07,-3.114E-07
0.465,0.88,-0.00013502000000000002,-4.4715000000000005E-10,0.00013514,3.1154E-07,-3.1134E-07
0.46,0.88,-0.00014974,-4.6414E-10,0.00014978000000000002,3.1154E-07,-3.1134E-07
0.455,0.88,-0.00016488,-4.8248000000000008E-10,0.00016516,3.1164E-07,-3.115E-07
0.45,0.88,-0.00018136,-5.0087E-10,0.00018148,3.116E-07,-3.114E-07
0.445,0.88,-0.0001987,-5.1808E-10,0.00019874,3.1162E-07,-3.114E-07
0.44,0.88,-0.00021672000000000003,-5.3528E-10,0.00021710000000000002,3.1158E-07,-3.114E-07
0.435,0.88,-0.00023634,-5.5419E-10,0.00023592,3.1165999999999997E-07,-3.1144E-07
0.43,0.88,-0.0002563,-5.7391E-10,0.00025648,3.1158E-07,-3.1142E-07
0.42500000000000004,0.88,-0.0002764,-5.9664E-10,0.0002766,3.1165999999999997E-07,-3.114E-07
0.42000000000000004,0.88,-0.00029858,-6.1854E-10,0.00029840000000000004,3.1156E-07,-3.1137999999999997E-07
0.41500000000000004,0.88,-0.00032080000000000005,-6.4115E-10,0.00032108,3.1162E-07,-3.1136E-07
0.41000000000000003,0.88,-0.00034310000000000005,-6.6048000000000008E-10,0.00034376000000000003,3.1158E-07,-3.114E-07
0.405,0.88,-0.00036690000000000003,-6.8426000000000008E-10,0.00036708000000000004,3.1158E-07,-3.114E-07
0.4,0.88,-0.00039088,-7.0721000000000008E-10,0.00039118000000000003,3.116E-07,-3.1144E-07
0.395,0.88,-0.00041488,-7.3096E-10,0.00041556000000000004,3.1158E-07,-3.1142E-07
0.39,0.88,-0.0004404,-7.6357000000000008E-10,0.00044072,3.116E-07,-3.1136E-07
0.385,0.88,-0.00046522,-7.8908E-10,0.00046516000000000005,3.1158E-07,-3.1142E-07
0.38,0.88,-0.00049128000000000008,-8.1445E-10,0.0004912,3.1165999999999997E-07,-3.1146E-07
0.375,0.88,-0.00051646,-8.399400000000001E-10,0.00051678,3.1165999999999997E-07,-3.114E-07
0.37,0.88,-0.00054304000000000006,-8.705E-10,0.00054278000000000009,3.1158E-07,-3.1134E-07
0.365,0.88,-0.00056898000000000007,-8.9823000000000011E-10,0.00056908,3.1156E-07,-3.1134E-07
0.36000000000000004,0.88,-0.00059538000000000006,-9.3028000000000012E-10,0.00059602000000000006,3.116E-07,-3.1137999999999997E-07
0.35500000000000004,0.88,-0.000622,-9.6134000000000012E-10,0.00062164,3.1154E-07,-3.1142E-07
0.35000000000000003,0.88,-0.00064826,-9.9637000000000015E-10,0.00064794000000000006,3.1162E-07,-3.1132E-07
0.34500000000000003,0.88,-0.00067438,-1.0341200000000002E-09,0.00067432000000000006,3.1156E-07,-3.1144E-07
0.34,0.88,-0.00070042,-1.0627100000000002E-09,0.00070074,3.116E-07,-3.1146E-07
0.335,0.88,-0.00072706000000000008,-1.0978E-09,0.00072662000000000009,3.1164E-07,-3.1144E-07
0.33,0.88,-0.0007529,-1.1355E-09,0.00075264000000000006,3.1156E-07,-3.1137999999999997E-07
0.325,0.88,-0.00077862,-1.1722E-09,0.00077946,3.1158E-07,-3.1137999999999997E-07
0.32,0.88,-0.00080454000000000007,-1.2093E-09,0.00080474000000000008,3.1164E-07,-3.1137999999999997E-07
0.315,0.88,-0.0008300400000000001,-1.2507E-09,0.00083078,3.1158E-07,-3.1148E-07
0.31,0.88,-0.00085582000000000008,-1.2896E-09,0.00085628000000000006,3.1158E-07,-3.1144E-07
0.305,0.88,-0.00088044,-1.3356E-09,0.00088068,3.1164E-07,-3.1142E-07
0.3,0.88,-0.00090676,-1.3747E-09,0.00090672000000000007,3.1164E-07,-3.1144E-07
0.29500000000000004,0.88,-0.00093172,-1.4162E-09,0.00093124000000000006,3.116E-07,-3.1144E-07
0.29000000000000004,0.88,-0.0009556,-1.4629E-09,0.00095578,3.116E-07,-3.1137999999999997E-07
0.28500000000000003,0.88,-0.0009793,-1.507E-09,0.00098034000000000012,3.1158E-07,-3.1142E-07
0.28,0.88,-0.0010035200000000002,-1.554E-09,0.00100278,3.1158E-07,-3.1137999999999997E-07
0.275,0.88,-0.00102676,-1.6036E-09,0.00102728,3.116E-07,-3.1146E-07
0.27,0.88,-0.0010493800000000002,-1.6493E-09,0.0010502600000000001,3.1164E-07,-3.1151999999999997E-07
0.265,0.88,-0.00107354,-1.6988E-09,0.0010737400000000001,3.1162E-07,-3.1146E-07
0.26,0.88,-0.0010953,-1.7505E-09,0.00109706,3.116E-07,-3.1144E-07
0.255,0.88,-0.0011190800000000002,-1.8046E-09,0.0011189400000000001,3.1154E-07,-3.114E-07
0.25,0.88,-0.0011408400000000002,-1.8535E-09,0.00114028,3.116E-07,-3.1142E-07
0.24500000000000002,0.88,-0.0011622,-1.9145E-09,0.0011622,3.1156E-07,-3.1134E-07
0.24000000000000002,0.88,-0.0011834,-1.9705999999999998E-09,0.0011832,3.1158E-07,-3.114E-07
0.23500000000000001,0.88,-0.0012046000000000001,-2.0276E-09,0.0012050000000000001,3.1158E-07,-3.1144E-07
0.23,0.88,-0.0012256,-2.0857E-09,0.0012252,3.1158E-07,-3.1142E-07
0.225,0.88,-0.0012454,-2.1474E-09,0.001246,3.1154E-07,-3.1136E-07
0.22,0.88,-0.0012654,-2.2076E-09,0.0012664,3.1148E-07,-3.114E-07
0.215,0.88,-0.0012852,-2.2754E-09,0.0012854000000000001,3.1151999999999997E-07,-3.1137999999999997E-07
0.21000000000000002,0.88,-0.0013058,-2.3394E-09,0.001306,3.1158E-07,-3.1134E-07
0.20500000000000002,0.88,-0.0013238,-2.408E-09,0.0013248000000000001,3.1162E-07,-3.1146E-07
0.2,0.88,-0.001343,-2.4744E-09,0.0013436000000000001,3.1165999999999997E-07,-3.1146E-07
0.195,0.88,-0.0013624,-2.542E-09,0.001362,3.117E-07,-3.1142E-07
0.19,0.88,-0.0013796,-2.6118E-09,0.0013804,3.116E-07,-3.1144E-07
0.185,0.88,-0.0013986,-2.6858E-09,0.0013982,3.1164E-07,-3.1146E-07
0.18000000000000002,0.88,-0.001415,-2.761E-09,0.001416,3.1164E-07,-3.1146E-07
0.17500000000000002,0.88,-0.0014322,-2.8385E-09,0.001433,3.116E-07,-3.1137999999999997E-07
0.17,0.88,-0.0014500000000000001,-2.9265E-09,0.0014500000000000001,3.117E-07,-3.1146E-07
0.165,0.88,-0.0014654,-3.0209E-09,0.0014680000000000001,3.1164E-07,-3.1144E-07
0.16,0.88,-0.0014824,-3.0822E-09,0.001485,3.1162E-07,-3.1146E-07
0.155,0.88,-0.0014990000000000001,-3.1683E-09,0.0014992,3.116E-07,-3.1148E-07
0.15,0.88,-0.0015158,-3.2627E-09,0.001515,3.117E-07,-3.115E-07
0.14500000000000002,0.88,-0.0015308000000000001,-3.3431E-09,0.001531,3.1164E-07,-3.1148E-07
0.14,0.88,-0.0015464,-3.4311E-09,0.0015466,3.1168E-07,-3.1151999999999997E-07
0.135,0.88,-0.0015602,-3.5208E-09,0.0015616,3.1168E-07,-3.115E-07
0.13,0.88,-0.0015758,-3.614E-09,0.001575,3.117E-07,-3.1146E-07
0.125,0.88,-0.0015908,-3.7132E-09,0.0015902,3.1165999999999997E-07,-3.1146E-07
0.12000000000000001,0.88,-0.0016036,-3.8154E-09,0.0016048,3.1165999999999997E-07,-3.115E-07
0.115,0.88,-0.0016184,-3.9118E-09,0.0016200000000000001,3.1168E-07,-3.115E-07
0.11,0.88,-0.0016318,-4.021E-09,0.0016344,3.117E-07,-3.1146E-07
0.10500000000000001,0.88,-0.0016460000000000001,-4.1252E-09,0.0016464000000000001,3.117E-07,-3.1151999999999997E-07
0.1,0.88,-0.0016606000000000001,-4.2322E-09,0.0016596,3.1164E-07,-3.1144E-07
0.095,0.88,-0.0016724,-4.3402E-09,0.0016736000000000001,3.1165999999999997E-07,-3.1146E-07
0.090000000000000011,0.88,-0.0016848,-4.4682E-09,0.0016866000000000001,3.1164E-07,-3.1144E-07
0.085,0.88,-0.0016976,-4.5844E-09,0.0016966,3.1165999999999997E-07,-3.1144E-07
0.08,0.88,-0.00171,-4.6994E-09,0.0017106,3.116E-07,-3.1146E-07
0.075,0.88,-0.0017226000000000001,-4.8221E-09,0.0017224,3.117E-07,-3.1151999999999997E-07
0.07,0.88,-0.0017346,-4.945E-09,0.0017346,3.1165999999999997E-07,-3.1146E-07
0.065,0.88,-0.0017458,-5.0654E-09,0.0017462,3.117E-07,-3.1146E-07
0.060000000000000005,0.88,-0.0017578000000000001,-5.2021E-09,0.0017568,3.1164E-07,-3.1146E-07
0.055,0.88,-0.0017684,-5.3307E-09,0.0017686,3.1164E-07,-3.115E-07
0.05,0.88,-0.0017802,-5.4667E-09,0.0017806,3.1165999999999997E-07,-3.1158E-07
0.045000000000000005,0.88,-0.001791,-5.6041E-09,0.0017916,3.1168E-07,-3.1151999999999997E-07
0.04,0.88,-0.0018016,-5.7438E-09,0.0018012,3.1165999999999997E-07,-3.1148E-07
0.035,0.88,-0.0018106,-5.8905E-09,0.0018118000000000001,3.1162E-07,-3.1146E-07
0.030000000000000002,0.88,-0.0018228,-6.0331E-09,0.0018222,3.1165999999999997E-07,-3.114E-07
0.025,0.88,-0.0018326,-6.176E-09,0.0018328,3.117E-07,-3.115E-07
0.02,0.88,-0.0018428000000000001,-6.332E-09,0.0018422,3.1165999999999997E-07,-3.1148E-07
0.015000000000000001,0.88,-0.0018522,-6.4964E-09,0.001853,3.1165999999999997E-07,-3.1142E-07
0.01,0.88,-0.0018612000000000001,-6.6544E-09,0.001862,3.1172E-07,-3.1146E-07
0.005,0.88,-0.0018704000000000001,-6.8164E-09,0.0018712,3.1164E-07,-3.1148E-07
0,0.88,-0.0018802,-6.982E-09,0.00188,3.1164E-07,-3.1151999999999997E-07
1.2,0.89,-1.2929E-10,9.881E-11,-3.4290000000000005E-11,3.1158E-07,-3.1146E-07
1.195,0.89,-1.2589000000000002E-10,9.399E-11,-3.1770000000000004E-11,3.1158E-07,-3.1156E-07
1.19,0.89,-1.4192E-10,8.7270000000000012E-11,-3.194E-11,3.1164E-07,-3.1151999999999997E-07
1.185,0.89,-1.2696000000000002E-10,8.453E-11,-3.1660000000000004E-11,3.1162E-07,-3.114E-07
1.1800000000000002,0.89,-1.3402000000000002E-10,7.971E-11,-3.1550000000000003E-11,3.1154E-07,-3.1148E-07
1.175,0.89,-1.3449000000000002E-10,7.608000000000001E-11,-2.449E-11,3.1154E-07,-3.1144E-07
1.1700000000000002,0.89,-1.1701000000000002E-10,7.011E-11,-3.001E-11,3.1158E-07,-3.1142E-07
1.165,0.89,-1.3525E-10,6.945E-11,-2.7140000000000003E-11,3.115E-07,-3.1142E-07
1.1600000000000001,0.89,-1.2184000000000002E-10,6.6130000000000008E-11,-2.4260000000000002E-11,3.115E-07,-3.1137999999999997E-07
1.155,0.89,-1.3466E-10,5.9240000000000007E-11,-2.4E-11,3.1148E-07,-3.1144E-07
1.1500000000000001,0.89,-1.2191000000000002E-10,5.826E-11,-2.3390000000000003E-11,3.1146E-07,-3.1137999999999997E-07
1.145,0.89,-1.2013E-10,5.4900000000000006E-11,-2.5680000000000002E-11,3.1144E-07,-3.1137999999999997E-07
1.1400000000000001,0.89,-1.3082000000000002E-10,5.2390000000000006E-11,-1.826E-11,3.1146E-07,-3.1144E-07
1.135,0.89,-1.1312E-10,4.7730000000000006E-11,-2.0600000000000002E-11,3.1146E-07,-3.114E-07
1.1300000000000001,0.89,-1.2788E-10,4.7400000000000006E-11,-2.161E-11,3.1151999999999997E-07,-3.1142E-07
1.125,0.89,-1.1765E-10,4.6780000000000005E-11,-1.857E-11,3.1154E-07,-3.1144E-07
1.12,0.89,-1.245E-10,4.0180000000000004E-11,-1.8950000000000003E-11,3.1154E-07,-3.114E-07
1.115,0.89,-1.1957E-10,4.016E-11,-1.6470000000000002E-11,3.1151999999999997E-07,-3.114E-07
1.11,0.89,-1.1434E-10,3.8370000000000006E-11,-1.9950000000000003E-11,3.1151999999999997E-07,-3.1137999999999997E-07
1.105,0.89,-1.2455E-10,3.696E-11,-1.3650000000000001E-11,3.1151999999999997E-07,-3.1142E-07
1.1,0.89,-1.1105000000000001E-10,3.35E-11,-1.3660000000000001E-11,3.1148E-07,-3.1134E-07
1.095,0.89,-1.1899000000000002E-10,3.0830000000000005E-11,-1.7310000000000003E-11,3.115E-07,-3.1144E-07
1.09,0.89,-1.2260000000000002E-10,3.1670000000000005E-11,-1.282E-11,3.1151999999999997E-07,-3.1137999999999997E-07
1.085,0.89,-1.1140000000000001E-10,2.8000000000000003E-11,-1.2980000000000002E-11,3.1154E-07,-3.1142E-07
1.08,0.89,-1.2071000000000002E-10,2.6050000000000003E-11,-1.0830000000000001E-11,3.115E-07,-3.1146E-07
1.075,0.89,-1.0366000000000001E-10,2.5210000000000003E-11,-1.455E-11,3.1154E-07,-3.1144E-07
1.07,0.89,-1.2428E-10,2.476E-11,-1.014E-11,3.1154E-07,-3.1142E-07
1.065,0.89,-1.0824E-10,2.2300000000000003E-11,-7.9E-12,3.1151999999999997E-07,-3.1137999999999997E-07
1.06,0.89,-1.1827000000000002E-10,2.1110000000000002E-11,-1.1970000000000002E-11,3.1154E-07,-3.1146E-07
1.0550000000000002,0.89,-1.1365E-10,2.1900000000000003E-11,-9.77E-12,3.1151999999999997E-07,-3.114E-07
1.05,0.89,-1.0571E-10,1.9800000000000002E-11,-8.5000000000000013E-12,3.1148E-07,-3.1142E-07
1.0450000000000002,0.89,-1.1145000000000001E-10,1.706E-11,-5.2700000000000008E-12,3.1156E-07,-3.1146E-07
1.04,0.89,-1.0476000000000001E-10,1.6980000000000002E-11,-7.74E-12,3.1151999999999997E-07,-3.1146E-07
1.0350000000000001,0.89,-1.1719E-10,1.7340000000000002E-11,-8.26E-12,3.1151999999999997E-07,-3.1146E-07
1.03,0.89,-1.1667E-10,1.5160000000000002E-11,-3.65E-12,3.116E-07,-3.1151999999999997E-07
1.0250000000000001,0.89,-1.0840000000000001E-10,1.2570000000000002E-11,-3.9E-12,3.116E-07,-3.1146E-07
1.02,0.89,-1.0760000000000001E-10,1.2530000000000001E-11,-5.0100000000000007E-12,3.1165999999999997E-07,-3.1146E-07
1.0150000000000001,0.89,-1.0443000000000001E-10,1.3370000000000001E-11,-3.9300000000000004E-12,3.1165999999999997E-07,-3.1151999999999997E-07
1.01,0.89,-1.1483E-10,1.159E-11,9.2000000000000012E-13,3.116E-07,-3.1146E-07
1.0050000000000001,0.89,-1.1143000000000001E-10,9.3800000000000008E-12,-1.2900000000000002E-12,3.1158E-07,-3.115E-07
1,0.89,-1.1427000000000001E-10,1.0500000000000001E-11,-1.4E-12,3.116E-07,-3.1144E-07
0.995,0.89,-1.1174000000000001E-10,1.1050000000000002E-11,2.14E-12,3.1151999999999997E-07,-3.1142E-07
0.9900000000000001,0.89,-1.1108E-10,7.45E-12,5.4200000000000007E-12,3.1158E-07,-3.1142E-07
0.9850000000000001,0.89,-1.1209000000000001E-10,6.46E-12,4.2500000000000007E-12,3.1164E-07,-3.115E-07
0.98000000000000009,0.89,-1.1660000000000002E-10,7.91E-12,5.75E-12,3.1154E-07,-3.1137999999999997E-07
0.97500000000000009,0.89,-1.2327E-10,6.5300000000000007E-12,1.2560000000000001E-11,3.1158E-07,-3.1144E-07
0.97000000000000008,0.89,-1.2266000000000002E-10,4.6600000000000007E-12,1.3180000000000002E-11,3.1158E-07,-3.1142E-07
0.96500000000000008,0.89,-1.1945E-10,6.6200000000000005E-12,1.513E-11,3.1156E-07,-3.1144E-07
0.96000000000000008,0.89,-1.2248E-10,6.4900000000000008E-12,1.7820000000000003E-11,3.1148E-07,-3.1144E-07
0.95500000000000007,0.89,-1.2782E-10,4.93E-12,2.6050000000000003E-11,3.116E-07,-3.1146E-07
0.95000000000000007,0.89,-1.2763E-10,4.1000000000000007E-12,2.8050000000000003E-11,3.1162E-07,-3.115E-07
0.94500000000000006,0.89,-1.4043E-10,3.58E-12,3.2360000000000005E-11,3.1158E-07,-3.1146E-07
0.94000000000000006,0.89,-1.4885E-10,4.4900000000000005E-12,4.3930000000000004E-11,3.116E-07,-3.1144E-07
0.935,0.89,-1.4589E-10,1.32E-12,5.095E-11,3.1162E-07,-3.1151999999999997E-07
0.93,0.89,-1.6224E-10,2.0200000000000003E-12,5.707E-11,3.1158E-07,-3.1142E-07
0.925,0.89,-1.6504E-10,3.23E-12,6.568E-11,3.1151999999999997E-07,-3.1146E-07
0.92,0.89,-1.8443E-10,1.98E-12,8.2400000000000008E-11,3.1154E-07,-3.1144E-07
0.915,0.89,-1.9597000000000002E-10,1.9900000000000002E-12,9.825000000000001E-11,3.1151999999999997E-07,-3.1142E-07
0.91,0.89,-2.0793000000000003E-10,1.4400000000000001E-12,1.0836000000000001E-10,3.1154E-07,-3.115E-07
0.905,0.89,-2.3682E-10,1.1500000000000002E-12,1.2684E-10,3.116E-07,-3.1146E-07
0.9,0.89,-2.5577000000000004E-10,2.2000000000000003E-12,1.5504000000000002E-10,3.1165999999999997E-07,-3.1146E-07
0.895,0.89,-2.9058000000000004E-10,1.5000000000000002E-13,1.8281E-10,3.115E-07,-3.1148E-07
0.89,0.89,-3.1894000000000004E-10,-1.3400000000000002E-12,2.1389000000000002E-10,3.1158E-07,-3.1148E-07
0.885,0.89,-3.4345000000000004E-10,-1.17E-12,2.4804E-10,3.1151999999999997E-07,-3.114E-07
0.88,0.89,-3.9622000000000005E-10,-1.1000000000000001E-13,2.9636E-10,3.1151999999999997E-07,-3.1151999999999997E-07
0.875,0.89,-4.3625E-10,-5.8000000000000005E-13,3.4915000000000003E-10,3.1151999999999997E-07,-3.1137999999999997E-07
0.87,0.89,-5.0534E-10,-4.21E-12,4.0639000000000003E-10,3.1151999999999997E-07,-3.114E-07
0.865,0.89,-5.8436E-10,-9.3E-13,4.754E-10,3.1154E-07,-3.1146E-07
0.86,0.89,-6.5990000000000007E-10,-2.19E-12,5.6582E-10,3.116E-07,-3.1137999999999997E-07
0.85500000000000009,0.89,-7.7196000000000009E-10,-2.52E-12,6.7336E-10,3.1156E-07,-3.115E-07
0.85000000000000009,0.89,-8.6388E-10,-3.51E-12,7.8831E-10,3.1156E-07,-3.1146E-07
0.84500000000000008,0.89,-1.01829E-09,-5.75E-12,9.1938000000000009E-10,3.1151999999999997E-07,-3.1137999999999997E-07
0.84000000000000008,0.89,-1.1806E-09,-3.71E-12,1.08634E-09,3.1154E-07,-3.1144E-07
0.83500000000000008,0.89,-1.3764E-09,-7.870000000000001E-12,1.2837E-09,3.1148E-07,-3.1146E-07
0.83000000000000007,0.89,-1.5895E-09,-7.27E-12,1.4986E-09,3.1156E-07,-3.1144E-07
0.82500000000000007,0.89,-1.8896999999999998E-09,-9.63E-12,1.7688E-09,3.1158E-07,-3.1142E-07
0.82000000000000006,0.89,-2.202E-09,-5.55E-12,2.1044E-09,3.1158E-07,-3.1148E-07
0.81500000000000006,0.89,-2.5718E-09,-9.7200000000000014E-12,2.4769E-09,3.1151999999999997E-07,-3.1148E-07
0.81,0.89,-3.0008E-09,-1.014E-11,2.8954E-09,3.1164E-07,-3.115E-07
0.805,0.89,-3.5186E-09,-1.1450000000000002E-11,3.3965E-09,3.1164E-07,-3.1156E-07
0.8,0.89,-4.1334E-09,-1.2220000000000001E-11,4.0766E-09,3.1164E-07,-3.1156E-07
0.795,0.89,-4.7771E-09,-1.4410000000000002E-11,4.7207E-09,3.1164E-07,-3.1151999999999997E-07
0.79,0.89,-5.6306E-09,-1.6380000000000003E-11,5.5437E-09,3.117E-07,-3.115E-07
0.785,0.89,-6.664E-09,-1.588E-11,6.5337E-09,3.1165999999999997E-07,-3.1151999999999997E-07
0.78,0.89,-7.8254E-09,-1.961E-11,7.7065E-09,3.1156E-07,-3.1144E-07
0.775,0.89,-9.177E-09,-1.894E-11,9.1779E-09,3.116E-07,-3.1142E-07
0.77,0.89,-1.07095E-08,-2.205E-11,1.07253E-08,3.1151999999999997E-07,-3.1146E-07
0.765,0.89,-1.2653599999999999E-08,-2.3940000000000003E-11,1.2618199999999999E-08,3.1164E-07,-3.1144E-07
0.76,0.89,-1.4812799999999999E-08,-2.6050000000000003E-11,1.4811199999999999E-08,3.1154E-07,-3.1136E-07
0.755,0.89,-1.7402E-08,-2.8500000000000002E-11,1.73996E-08,3.1148E-07,-3.1144E-07
0.75,0.89,-2.0624199999999997E-08,-2.9120000000000005E-11,2.0490999999999998E-08,3.115E-07,-3.1146E-07
0.745,0.89,-2.4275199999999998E-08,-3.4620000000000006E-11,2.43766E-08,3.1158E-07,-3.1146E-07
0.74,0.89,-2.8690599999999997E-08,-3.364E-11,2.8717399999999997E-08,3.1156E-07,-3.114E-07
0.735,0.89,-3.3617199999999993E-08,-3.845E-11,3.3777E-08,3.1151999999999997E-07,-3.114E-07
0.73,0.89,-3.98264E-08,-4.174E-11,3.9688E-08,3.1158E-07,-3.1144E-07
0.72500000000000009,0.89,-4.6627199999999995E-08,-4.541E-11,4.6854E-08,3.1154E-07,-3.1137999999999997E-07
0.72000000000000008,0.89,-5.4459999999999993E-08,-4.6640000000000006E-11,5.4159799999999992E-08,3.1156E-07,-3.1142E-07
0.71500000000000008,0.89,-6.39472E-08,-5.2680000000000006E-11,6.4415E-08,3.116E-07,-3.1144E-07
0.71000000000000008,0.89,-7.5221199999999993E-08,-5.3840000000000005E-11,7.51816E-08,3.1158E-07,-3.1144E-07
0.70500000000000007,0.89,-8.83956E-08,-5.862E-11,8.9076399999999992E-08,3.1158E-07,-3.114E-07
0.70000000000000007,0.89,-1.0497559999999999E-07,-6.46E-11,1.0444179999999999E-07,3.1158E-07,-3.1146E-07
0.69500000000000006,0.89,-1.231E-07,-6.4560000000000008E-11,1.238E-07,3.1154E-07,-3.1146E-07
0.69000000000000006,0.89,-1.4434E-07,-7.1120000000000009E-11,1.4354E-07,3.1148E-07,-3.1132E-07
0.685,0.89,-1.6996E-07,-7.811E-11,1.6724E-07,3.1156E-07,-3.1144E-07
0.68,0.89,-1.9832E-07,-8.222E-11,1.9639999999999999E-07,3.1151999999999997E-07,-3.1142E-07
0.675,0.89,-2.33E-07,-8.4660000000000008E-11,2.3294E-07,3.1154E-07,-3.1144E-07
0.67,0.89,-2.7386E-07,-8.9450000000000012E-11,2.6918E-07,3.1151999999999997E-07,-3.1137999999999997E-07
0.665,0.89,-3.234E-07,-9.3370000000000009E-11,3.1977999999999997E-07,3.1164E-07,-3.114E-07
0.66,0.89,-3.811E-07,-9.971000000000001E-11,3.7566E-07,3.1148E-07,-3.1144E-07
0.655,0.89,-4.4912E-07,-1.0698000000000002E-10,4.4737999999999997E-07,3.1158E-07,-3.1146E-07
0.65,0.89,-5.1606E-07,-1.1349000000000001E-10,5.2108E-07,3.1151999999999997E-07,-3.1142E-07
0.645,0.89,-6.1074E-07,-1.2028E-10,6.068E-07,3.1156E-07,-3.1148E-07
0.64,0.89,-7.1248E-07,-1.2482000000000002E-10,7.1406E-07,3.116E-07,-3.1146E-07
0.635,0.89,-8.2998E-07,-1.3135000000000002E-10,8.3738E-07,3.1154E-07,-3.1148E-07
0.63,0.89,-9.7296E-07,-1.3802E-10,9.8516E-07,3.1154E-07,-3.1144E-07
0.625,0.89,-1.13488E-06,-1.4348E-10,1.1500799999999999E-06,3.1154E-07,-3.1134E-07
0.62,0.89,-1.3389000000000002E-06,-1.5294000000000002E-10,1.3551000000000002E-06,3.1158E-07,-3.1144E-07
0.615,0.89,-1.5670000000000002E-06,-1.5601E-10,1.5854E-06,3.116E-07,-3.1146E-07
0.61,0.89,-1.8378000000000002E-06,-1.6370000000000001E-10,1.8441000000000003E-06,3.116E-07,-3.1144E-07
0.605,0.89,-2.1564000000000002E-06,-1.7277000000000001E-10,2.1313000000000002E-06,3.116E-07,-3.1142E-07
0.6,0.89,-2.4876E-06,-1.7792000000000002E-10,2.5025E-06,3.1156E-07,-3.1156E-07
0.595,0.89,-2.922E-06,-1.8448000000000002E-10,2.9031E-06,3.1158E-07,-3.1137999999999997E-07
0.59000000000000008,0.89,-3.3654000000000004E-06,-1.9248000000000002E-10,3.3681000000000004E-06,3.1154E-07,-3.1144E-07
0.58500000000000008,0.89,-3.9198E-06,-1.9944E-10,3.8795000000000007E-06,3.1156E-07,-3.1148E-07
0.58000000000000007,0.89,-4.5179E-06,-2.0838E-10,4.4664E-06,3.1151999999999997E-07,-3.1137999999999997E-07
0.57500000000000007,0.89,-5.2458000000000007E-06,-2.1506E-10,5.2165000000000008E-06,3.1158E-07,-3.1146E-07
0.57000000000000006,0.89,-5.9370000000000009E-06,-2.2170000000000002E-10,5.9444E-06,3.1154E-07,-3.114E-07
0.56500000000000006,0.89,-6.8903000000000008E-06,-2.3725000000000003E-10,6.8550000000000004E-06,3.1156E-07,-3.114E-07
0.56,0.89,-7.9186E-06,-2.4523000000000004E-10,7.8903000000000013E-06,3.115E-07,-3.1137999999999997E-07
0.555,0.89,-9.0129000000000014E-06,-2.5557000000000003E-10,9.0667E-06,3.115E-07,-3.114E-07
0.55,0.89,-1.0297000000000002E-05,-2.6316E-10,1.04033E-05,3.1158E-07,-3.115E-07
0.545,0.89,-1.1918E-05,-2.7403000000000003E-10,1.1816E-05,3.1165999999999997E-07,-3.115E-07
0.54,0.89,-1.3522E-05,-2.8139E-10,1.3522E-05,3.1164E-07,-3.1148E-07
0.535,0.89,-1.5246000000000001E-05,-2.8124E-10,1.5344E-05,3.1151999999999997E-07,-3.114E-07
0.53,0.89,-1.7412000000000002E-05,-2.9219E-10,1.7466000000000002E-05,3.1154E-07,-3.114E-07
0.525,0.89,-1.9790000000000002E-05,-3.031E-10,1.9758E-05,3.1154E-07,-3.1148E-07
0.52,0.89,-2.2528000000000002E-05,-3.1269000000000003E-10,2.2522000000000002E-05,3.1154E-07,-3.1146E-07
0.515,0.89,-2.5432E-05,-3.2547E-10,2.538E-05,3.1156E-07,-3.1144E-07
0.51,0.89,-2.864E-05,-3.3983E-10,2.8800000000000002E-05,3.1158E-07,-3.1146E-07
0.505,0.89,-3.2408E-05,-3.4855000000000005E-10,3.2398000000000004E-05,3.1158E-07,-3.1148E-07
0.5,0.89,-3.6526E-05,-3.6193E-10,3.637E-05,3.1151999999999997E-07,-3.1137999999999997E-07
0.49500000000000005,0.89,-4.099E-05,-3.7583000000000003E-10,4.1084E-05,3.1156E-07,-3.114E-07
0.49000000000000005,0.89,-4.6098000000000005E-05,-3.8609E-10,4.6076000000000004E-05,3.1158E-07,-3.1134E-07
0.48500000000000004,0.89,-5.1452E-05,-4.1109E-10,5.146E-05,3.1156E-07,-3.1136E-07
0.48000000000000004,0.89,-5.7468E-05,-4.2903E-10,5.7466E-05,3.1154E-07,-3.1137999999999997E-07
0.47500000000000003,0.89,-6.4030000000000009E-05,-4.4164000000000004E-10,6.3982E-05,3.1151999999999997E-07,-3.1137999999999997E-07
0.47000000000000003,0.89,-7.1054E-05,-4.5714000000000004E-10,7.111E-05,3.1154E-07,-3.1146E-07
0.465,0.89,-7.846E-05,-4.7253E-10,7.8442E-05,3.1144E-07,-3.114E-07
0.46,0.89,-8.6594E-05,-4.7942000000000009E-10,8.6428E-05,3.1148E-07,-3.114E-07
0.455,0.89,-9.4994E-05,-4.9817E-10,9.5106000000000007E-05,3.115E-07,-3.1137999999999997E-07
0.45,0.89,-0.00010411800000000001,-5.1912000000000006E-10,0.00010414200000000001,3.1151999999999997E-07,-3.1142E-07
0.445,0.89,-0.00011355600000000001,-5.3479000000000007E-10,0.000113666,3.1146E-07,-3.1137999999999997E-07
0.44,0.89,-0.00012342,-5.5503E-10,0.00012374,3.1154E-07,-3.1137999999999997E-07
0.435,0.89,-0.00013368,-5.7286E-10,0.00013398000000000002,3.1148E-07,-3.1137999999999997E-07
0.43,0.89,-0.00014472,-5.9590000000000008E-10,0.00014502000000000002,3.115E-07,-3.1137999999999997E-07
0.42500000000000004,0.89,-0.00015598,-6.1256E-10,0.00015602000000000001,3.1151999999999997E-07,-3.1144E-07
0.42000000000000004,0.89,-0.00016728,-6.3784E-10,0.0001678,3.1156E-07,-3.114E-07
0.41500000000000004,0.89,-0.00017956000000000002,-6.5883000000000009E-10,0.00017944,3.1146E-07,-3.1134E-07
0.41000000000000003,0.89,-0.00019216,-6.8168000000000007E-10,0.00019172000000000001,3.1146E-07,-3.1137999999999997E-07
0.405,0.89,-0.0002042,-7.073200000000001E-10,0.00020456,3.1148E-07,-3.114E-07
0.4,0.89,-0.00021636000000000002,-7.3410000000000008E-10,0.00021704000000000002,3.1148E-07,-3.114E-07
0.395,0.89,-0.00022984,-7.5973E-10,0.00023012000000000003,3.1148E-07,-3.1137999999999997E-07
0.39,0.89,-0.00024324,-7.8667E-10,0.00024292,3.1156E-07,-3.114E-07
0.385,0.89,-0.00025582000000000003,-8.1136000000000008E-10,0.00025654000000000003,3.115E-07,-3.1137999999999997E-07
0.38,0.89,-0.00026984000000000003,-8.411E-10,0.00026996,3.115E-07,-3.1142E-07
0.375,0.89,-0.00028314000000000003,-8.7121E-10,0.00028318,3.1154E-07,-3.114E-07
0.37,0.89,-0.0002966,-8.9981E-10,0.00029692,3.1156E-07,-3.114E-07
0.365,0.89,-0.00031048,-9.3154E-10,0.00031058,3.1154E-07,-3.114E-07
0.36000000000000004,0.89,-0.0003237,-9.6215E-10,0.00032396000000000004,3.1151999999999997E-07,-3.1134E-07
0.35500000000000004,0.89,-0.00033768000000000003,-9.9578E-10,0.00033806,3.1154E-07,-3.1134E-07
0.35000000000000003,0.89,-0.00035124,-1.0299700000000001E-09,0.00035118000000000004,3.115E-07,-3.114E-07
0.34500000000000003,0.89,-0.00036452,-1.06209E-09,0.00036522000000000003,3.1151999999999997E-07,-3.114E-07
0.34,0.89,-0.00037830000000000003,-1.10298E-09,0.00037886,3.1154E-07,-3.1134E-07
0.335,0.89,-0.00039232000000000004,-1.1347E-09,0.0003925,3.1146E-07,-3.114E-07
0.33,0.89,-0.00040632,-1.1742E-09,0.00040546,3.1151999999999997E-07,-3.1148E-07
0.325,0.89,-0.00041904,-1.2123E-09,0.00041954000000000004,3.115E-07,-3.1144E-07
0.32,0.89,-0.00043234,-1.2507E-09,0.00043284000000000004,3.1154E-07,-3.1146E-07
0.315,0.89,-0.00044504,-1.2911E-09,0.00044602000000000004,3.115E-07,-3.114E-07
0.31,0.89,-0.00045904,-1.3327E-09,0.00045908,3.1151999999999997E-07,-3.114E-07
0.305,0.89,-0.00047146000000000004,-1.375E-09,0.00047178000000000004,3.1151999999999997E-07,-3.1146E-07
0.3,0.89,-0.00048374000000000003,-1.4201E-09,0.00048456000000000004,3.1158E-07,-3.1144E-07
0.29500000000000004,0.89,-0.00049772,-1.4661E-09,0.00049706,3.1151999999999997E-07,-3.1142E-07
0.29000000000000004,0.89,-0.00050964,-1.5118E-09,0.00051018,3.115E-07,-3.1146E-07
0.28500000000000003,0.89,-0.000522,-1.5554E-09,0.00052192,3.1156E-07,-3.1146E-07
0.28,0.89,-0.00053432,-1.6007E-09,0.00053380000000000007,3.1158E-07,-3.114E-07
0.275,0.89,-0.00054576000000000006,-1.653E-09,0.00054648,3.1158E-07,-3.1142E-07
0.27,0.89,-0.000558,-1.7041E-09,0.00055810000000000007,3.1151999999999997E-07,-3.1136E-07
0.265,0.89,-0.00056982000000000007,-1.7562E-09,0.0005707,3.115E-07,-3.114E-07
0.26,0.89,-0.00058132000000000008,-1.8094E-09,0.00058248,3.1151999999999997E-07,-3.114E-07
0.255,0.89,-0.00059298,-1.8626E-09,0.00059394,3.1151999999999997E-07,-3.1144E-07
0.25,0.89,-0.00060458000000000007,-1.9144E-09,0.00060350000000000009,3.116E-07,-3.1137999999999997E-07
0.24500000000000002,0.89,-0.0006154,-1.9729E-09,0.0006149,3.1154E-07,-3.1144E-07
0.24000000000000002,0.89,-0.0006256,-2.0312E-09,0.0006265,3.1154E-07,-3.1142E-07
0.23500000000000001,0.89,-0.00063700000000000009,-2.0921E-09,0.00063754,3.1162E-07,-3.1148E-07
0.23,0.89,-0.0006472,-2.1518E-09,0.00064722,3.1162E-07,-3.1154E-07
0.225,0.89,-0.00065704,-2.2138E-09,0.00065826,3.1164E-07,-3.1156E-07
0.22,0.89,-0.00066854,-2.2746E-09,0.00066802000000000007,3.1156E-07,-3.1151999999999997E-07
0.215,0.89,-0.00067754,-2.342E-09,0.00067848000000000008,3.1154E-07,-3.1148E-07
0.21000000000000002,0.89,-0.00068792000000000007,-2.4077E-09,0.00068744,3.1158E-07,-3.115E-07
0.20500000000000002,0.89,-0.00069864,-2.4816E-09,0.00069862000000000006,3.1158E-07,-3.1146E-07
0.2,0.89,-0.00070768,-2.5525E-09,0.00070786,3.1156E-07,-3.115E-07
0.195,0.89,-0.00071582,-2.6264E-09,0.00071658000000000008,3.1165999999999997E-07,-3.115E-07
0.19,0.89,-0.00072628,-2.6972E-09,0.00072444,3.1164E-07,-3.115E-07
0.185,0.89,-0.0007349,-2.7702E-09,0.00073554,3.1162E-07,-3.115E-07
0.18000000000000002,0.89,-0.00074384000000000006,-2.8439E-09,0.0007447,3.1162E-07,-3.1151999999999997E-07
0.17500000000000002,0.89,-0.00075182,-2.9255E-09,0.00075320000000000009,3.1165999999999997E-07,-3.115E-07
0.17,0.89,-0.00076100000000000007,-2.9984E-09,0.00076146,3.1162E-07,-3.115E-07
0.165,0.89,-0.00077098,-3.0814E-09,0.00076904,3.1164E-07,-3.1148E-07
0.16,0.89,-0.00077904,-3.1713E-09,0.00077896000000000009,3.1164E-07,-3.1148E-07
0.155,0.89,-0.00078742,-3.2543E-09,0.00078618,3.1158E-07,-3.1146E-07
0.15,0.89,-0.00079456,-3.3482E-09,0.00079554000000000007,3.1151999999999997E-07,-3.1144E-07
0.14500000000000002,0.89,-0.00080206000000000006,-3.4393E-09,0.0008015,3.116E-07,-3.1144E-07
0.14,0.89,-0.0008099400000000001,-3.5302E-09,0.00081000000000000006,3.1162E-07,-3.1156E-07
0.135,0.89,-0.00081822,-3.6265E-09,0.00081868,3.1164E-07,-3.1148E-07
0.13,0.89,-0.00082512,-3.723E-09,0.00082504000000000008,3.1154E-07,-3.1146E-07
0.125,0.89,-0.0008329,-3.8159E-09,0.00083372,3.116E-07,-3.115E-07
0.12000000000000001,0.89,-0.00083918,-3.9204E-09,0.00084024,3.1154E-07,-3.1144E-07
0.115,0.89,-0.00084794,-4.0245E-09,0.00084620000000000008,3.1156E-07,-3.1148E-07
0.11,0.89,-0.00085414000000000009,-4.1305E-09,0.00085388,3.116E-07,-3.1148E-07
0.10500000000000001,0.89,-0.0008612,-4.2393E-09,0.00086110000000000006,3.1162E-07,-3.1144E-07
0.1,0.89,-0.00086802000000000005,-4.3705E-09,0.00086774000000000009,3.1154E-07,-3.1144E-07
0.095,0.89,-0.00087490000000000007,-4.4578E-09,0.00087548000000000009,3.1156E-07,-3.115E-07
0.090000000000000011,0.89,-0.00088194,-4.5788E-09,0.00088172,3.1158E-07,-3.1146E-07
0.085,0.89,-0.00088582,-4.6911E-09,0.0008871,3.1156E-07,-3.1151999999999997E-07
0.08,0.89,-0.00089372000000000008,-4.8139E-09,0.00089354000000000007,3.1158E-07,-3.1151999999999997E-07
0.075,0.89,-0.00089874000000000009,-4.9391E-09,0.0008999,3.1162E-07,-3.115E-07
0.07,0.89,-0.00090482000000000008,-5.0582E-09,0.00090650000000000008,3.1162E-07,-3.1151999999999997E-07
0.065,0.89,-0.00091186,-5.1929E-09,0.00091286,3.1162E-07,-3.1151999999999997E-07
0.060000000000000005,0.89,-0.0009173400000000001,-5.3214E-09,0.00091668,3.1148E-07,-3.1142E-07
0.055,0.89,-0.00092374,-5.464E-09,0.00092316,3.115E-07,-3.1144E-07
0.05,0.89,-0.00092762000000000009,-5.5942E-09,0.00092842,3.115E-07,-3.1142E-07
0.045000000000000005,0.89,-0.00093568,-5.7387E-09,0.00093562000000000007,3.1151999999999997E-07,-3.1146E-07
0.04,0.89,-0.0009401800000000001,-5.8781E-09,0.00094052,3.1165999999999997E-07,-3.1148E-07
0.035,0.89,-0.00094428,-6.0316E-09,0.00094574,3.1156E-07,-3.1151999999999997E-07
0.030000000000000002,0.89,-0.00094996,-6.1777E-09,0.00095088000000000008,3.1158E-07,-3.1142E-07
0.025,0.89,-0.00095542,-6.3425E-09,0.00095584,3.1154E-07,-3.1144E-07
0.02,0.89,-0.00096110000000000011,-6.4949E-09,0.00096008000000000009,3.1151999999999997E-07,-3.1144E-07
0.015000000000000001,0.89,-0.00096608,-6.6615E-09,0.00096628,3.1162E-07,-3.1154E-07
0.01,0.89,-0.00096994000000000008,-6.8219E-09,0.00096950000000000009,3.1164E-07,-3.1151999999999997E-07
0.005,0.89,-0.00097488,-7.0017E-09,0.00097444,3.116E-07,-3.115E-07
0,0.89,-0.00097994,-7.1702E-09,0.00098046,3.116E-07,-3.1151999999999997E-07
1.2,0.9,-3.5560000000000004E-11,9.6740000000000007E-11,-2.927E-11,3.115E-07,-3.1151999999999997E-07
1.195,0.9,-3.4910000000000005E-11,9.013E-11,-3.096E-11,3.1144E-07,-3.1144E-07
1.19,0.9,-3.6730000000000005E-11,8.7470000000000009E-11,-2.957E-11,3.1148E-07,-3.1144E-07
1.185,0.9,-3.315E-11,8.197E-11,-2.6050000000000003E-11,3.1148E-07,-3.114E-07
1.1800000000000002,0.9,-3.07E-11,7.626E-11,-2.631E-11,3.115E-07,-3.1146E-07
1.175,0.9,-2.855E-11,7.3630000000000008E-11,-2.8830000000000002E-11,3.115E-07,-3.115E-07
1.1700000000000002,0.9,-3.55E-11,7.0950000000000011E-11,-2.387E-11,3.1154E-07,-3.1151999999999997E-07
1.165,0.9,-2.8780000000000003E-11,6.4580000000000011E-11,-2.2900000000000003E-11,3.1144E-07,-3.1142E-07
1.1600000000000001,0.9,-2.982E-11,6.166000000000001E-11,-2.1880000000000003E-11,3.1146E-07,-3.1144E-07
1.155,0.9,-2.5980000000000004E-11,5.9590000000000011E-11,-2.409E-11,3.116E-07,-3.1146E-07
1.1500000000000001,0.9,-3.0610000000000005E-11,5.6800000000000007E-11,-1.872E-11,3.1148E-07,-3.1148E-07
1.145,0.9,-2.096E-11,5.2420000000000005E-11,-1.9000000000000002E-11,3.1144E-07,-3.1142E-07
1.1400000000000001,0.9,-2.5160000000000003E-11,5.0500000000000007E-11,-2.092E-11,3.1158E-07,-3.1156E-07
1.135,0.9,-2.582E-11,4.818E-11,-2.045E-11,3.1151999999999997E-07,-3.1148E-07
1.1300000000000001,0.9,-2.562E-11,4.4490000000000006E-11,-1.6870000000000002E-11,3.1148E-07,-3.1144E-07
1.125,0.9,-1.6470000000000002E-11,4.2810000000000005E-11,-1.3900000000000002E-11,3.1144E-07,-3.1144E-07
1.12,0.9,-2.451E-11,4.0330000000000004E-11,-2.0150000000000003E-11,3.1148E-07,-3.114E-07
1.115,0.9,-2.5190000000000002E-11,3.948E-11,-1.3900000000000002E-11,3.1142E-07,-3.1136E-07
1.11,0.9,-1.828E-11,3.682E-11,-1.4370000000000001E-11,3.1142E-07,-3.114E-07
1.105,0.9,-1.571E-11,3.3560000000000005E-11,-1.7340000000000002E-11,3.1146E-07,-3.115E-07
1.1,0.9,-2.24E-11,3.43E-11,-1.4450000000000001E-11,3.1148E-07,-3.1151999999999997E-07
1.095,0.9,-1.626E-11,2.979E-11,-1.3740000000000001E-11,3.1148E-07,-3.1154E-07
1.09,0.9,-2.4440000000000002E-11,2.8070000000000003E-11,-1.199E-11,3.1158E-07,-3.1148E-07
1.085,0.9,-1.29E-11,2.704E-11,-1.5430000000000002E-11,3.1146E-07,-3.1144E-07
1.08,0.9,-2.271E-11,2.642E-11,-1.147E-11,3.1137999999999997E-07,-3.1137999999999997E-07
1.075,0.9,-1.1930000000000001E-11,2.5470000000000004E-11,-8.06E-12,3.114E-07,-3.1137999999999997E-07
1.07,0.9,-1.3340000000000001E-11,2.147E-11,-1.3680000000000002E-11,3.114E-07,-3.114E-07
1.065,0.9,-2.56E-11,2.2990000000000003E-11,-1.016E-11,3.1148E-07,-3.1134E-07
1.06,0.9,-1.4200000000000002E-11,2.023E-11,-1.0320000000000001E-11,3.114E-07,-3.1134E-07
1.0550000000000002,0.9,-2.5520000000000003E-11,1.7890000000000002E-11,-6.2E-12,3.1146E-07,-3.1148E-07
1.05,0.9,-6.36E-12,1.855E-11,-9.490000000000001E-12,3.1144E-07,-3.1144E-07
1.0450000000000002,0.9,-1.7930000000000003E-11,1.699E-11,-1.078E-11,3.1137999999999997E-07,-3.114E-07
1.04,0.9,-1.9180000000000002E-11,1.6670000000000002E-11,-4.36E-12,3.1136E-07,-3.114E-07
1.0350000000000001,0.9,-1.0820000000000001E-11,1.403E-11,-1.019E-11,3.114E-07,-3.1144E-07
1.03,0.9,-2.3700000000000003E-11,1.559E-11,-8.53E-12,3.1151999999999997E-07,-3.1142E-07
1.0250000000000001,0.9,-6.76E-12,1.4210000000000002E-11,-6.4E-12,3.114E-07,-3.1142E-07
1.02,0.9,-2.3300000000000003E-11,1.1030000000000001E-11,-3.7400000000000006E-12,3.1144E-07,-3.1136E-07
1.0150000000000001,0.9,-3.51E-12,1.2250000000000001E-11,-5.18E-12,3.1137999999999997E-07,-3.1137999999999997E-07
1.01,0.9,-1.661E-11,1.1130000000000001E-11,-7.6E-12,3.1142E-07,-3.1148E-07
1.0050000000000001,0.9,-2.041E-11,1.087E-11,-1.2500000000000001E-12,3.114E-07,-3.1137999999999997E-07
1,0.9,-9.75E-12,7.3700000000000011E-12,-4.48E-12,3.1148E-07,-3.1134E-07
0.995,0.9,-1.8640000000000003E-11,9.4000000000000011E-12,-5.1500000000000005E-12,3.1146E-07,-3.1148E-07
0.9900000000000001,0.9,-1.0120000000000001E-11,9.15E-12,-2.4300000000000003E-12,3.115E-07,-3.1142E-07
0.9850000000000001,0.9,-1.8050000000000002E-11,6.3E-12,-3.1000000000000004E-13,3.1148E-07,-3.1154E-07
0.98000000000000009,0.9,-1.775E-11,6.5200000000000005E-12,4.1E-13,3.1148E-07,-3.1146E-07
0.97500000000000009,0.9,-9.6200000000000014E-12,6.8900000000000007E-12,-3.75E-12,3.1151999999999997E-07,-3.1142E-07
0.97000000000000008,0.9,-2.591E-11,7.6900000000000014E-12,2.77E-12,3.114E-07,-3.114E-07
0.96500000000000008,0.9,-7.2300000000000005E-12,4.4000000000000006E-12,3.0600000000000003E-12,3.1148E-07,-3.1146E-07
0.96000000000000008,0.9,-2.3590000000000003E-11,4.37E-12,2.47E-12,3.1151999999999997E-07,-3.1137999999999997E-07
0.95500000000000007,0.9,-1.3440000000000001E-11,5.53E-12,4.84E-12,3.1142E-07,-3.1137999999999997E-07
0.95000000000000007,0.9,-2.4E-11,3.0100000000000003E-12,8.1900000000000013E-12,3.1142E-07,-3.1146E-07
0.94500000000000006,0.9,-2.5430000000000003E-11,2.82E-12,1.2470000000000002E-11,3.1148E-07,-3.1146E-07
0.94000000000000006,0.9,-1.7650000000000002E-11,3.3200000000000004E-12,9.2000000000000012E-12,3.1148E-07,-3.1142E-07
0.935,0.9,-3.3380000000000005E-11,3.9E-12,1.502E-11,3.1148E-07,-3.1148E-07
0.93,0.9,-1.9950000000000003E-11,1.78E-12,1.967E-11,3.1148E-07,-3.114E-07
0.925,0.9,-2.788E-11,7.2000000000000006E-13,1.99E-11,3.115E-07,-3.1148E-07
0.92,0.9,-3.306E-11,2.19E-12,2.509E-11,3.1142E-07,-3.1137999999999997E-07
0.915,0.9,-3.762E-11,5E-13,3.161E-11,3.1146E-07,-3.1144E-07
0.91,0.9,-4.815E-11,-9.0000000000000008E-14,4.043E-11,3.114E-07,-3.114E-07
0.905,0.9,-4.031E-11,2.1000000000000001E-13,4.3540000000000006E-11,3.115E-07,-3.1134E-07
0.9,0.9,-5.736E-11,9.1000000000000016E-13,5.077E-11,3.114E-07,-3.1142E-07
0.895,0.9,-6.002E-11,-1.04E-12,6.421E-11,3.114E-07,-3.1142E-07
0.89,0.9,-7.336E-11,-1.6700000000000002E-12,6.79E-11,3.114E-07,-3.1148E-07
0.885,0.9,-8.8880000000000007E-11,-9.7000000000000011E-13,8.122E-11,3.1142E-07,-3.1146E-07
0.88,0.9,-9.887E-11,-1.3400000000000002E-12,1.0252000000000001E-10,3.114E-07,-3.1137999999999997E-07
0.875,0.9,-1.1683E-10,-2.97E-12,1.1574E-10,3.1144E-07,-3.1142E-07
0.87,0.9,-1.3033E-10,-2.5300000000000003E-12,1.3626E-10,3.1142E-07,-3.114E-07
0.865,0.9,-1.5426000000000002E-10,-1.23E-12,1.5872000000000002E-10,3.114E-07,-3.114E-07
0.86,0.9,-1.9397E-10,-3.5500000000000004E-12,1.9244E-10,3.115E-07,-3.1137999999999997E-07
0.85500000000000009,0.9,-2.2524000000000002E-10,-5.0100000000000007E-12,2.1331E-10,3.114E-07,-3.1142E-07
0.85000000000000009,0.9,-2.5569E-10,-5.3000000000000004E-12,2.5724000000000003E-10,3.114E-07,-3.114E-07
0.84500000000000008,0.9,-2.9308000000000004E-10,-4.93E-12,3.1244E-10,3.1142E-07,-3.1137999999999997E-07
0.84000000000000008,0.9,-3.6301E-10,-6.4800000000000007E-12,3.6813000000000005E-10,3.114E-07,-3.1146E-07
0.83500000000000008,0.9,-4.1366000000000005E-10,-8.04E-12,4.0475E-10,3.1144E-07,-3.114E-07
0.83000000000000007,0.9,-4.7597000000000006E-10,-6.3300000000000007E-12,4.9796E-10,3.1148E-07,-3.1146E-07
0.82500000000000007,0.9,-5.6774E-10,-8.11E-12,5.7677000000000007E-10,3.114E-07,-3.114E-07
0.82000000000000006,0.9,-6.8076E-10,-1.1050000000000002E-11,6.9192E-10,3.1142E-07,-3.1146E-07
0.81500000000000006,0.9,-7.9796000000000011E-10,-1.025E-11,8.1469000000000011E-10,3.1142E-07,-3.114E-07
0.81,0.9,-9.3620000000000014E-10,-1.0900000000000001E-11,9.2318000000000011E-10,3.1136E-07,-3.1134E-07
0.805,0.9,-1.1055000000000002E-09,-1.2540000000000001E-11,1.14955E-09,3.114E-07,-3.114E-07
0.8,0.9,-1.2753E-09,-1.539E-11,1.2858E-09,3.1144E-07,-3.114E-07
0.795,0.9,-1.5702E-09,-1.5850000000000002E-11,1.5315E-09,3.1148E-07,-3.1144E-07
0.79,0.9,-1.7947E-09,-1.632E-11,1.8344E-09,3.1146E-07,-3.1137999999999997E-07
0.785,0.9,-2.0654E-09,-1.7270000000000002E-11,2.1134E-09,3.1146E-07,-3.114E-07
0.78,0.9,-2.4465E-09,-2.0260000000000003E-11,2.4035E-09,3.114E-07,-3.1142E-07
0.775,0.9,-2.9092E-09,-2.1730000000000002E-11,2.9327E-09,3.1137999999999997E-07,-3.1134E-07
0.77,0.9,-3.3643E-09,-2.216E-11,3.4278E-09,3.114E-07,-3.1134E-07
0.765,0.9,-3.9755E-09,-2.755E-11,3.9694E-09,3.1146E-07,-3.1136E-07
0.76,0.9,-4.753E-09,-2.7050000000000003E-11,4.7079E-09,3.114E-07,-3.1146E-07
0.755,0.9,-5.5903E-09,-2.9730000000000004E-11,5.511E-09,3.1148E-07,-3.1144E-07
0.75,0.9,-6.6916E-09,-3.284E-11,6.6131E-09,3.1142E-07,-3.1144E-07
0.745,0.9,-7.8913E-09,-3.606E-11,7.7622E-09,3.1144E-07,-3.1154E-07
0.74,0.9,-9.0856E-09,-3.703E-11,9.2122E-09,3.1142E-07,-3.1144E-07
0.735,0.9,-1.07468E-08,-3.9600000000000004E-11,1.05669E-08,3.1142E-07,-3.1134E-07
0.73,0.9,-1.27964E-08,-4.4040000000000004E-11,1.2984199999999998E-08,3.114E-07,-3.114E-07
0.72500000000000009,0.9,-1.4879999999999998E-08,-4.683E-11,1.50104E-08,3.1142E-07,-3.1144E-07
0.72000000000000008,0.9,-1.77998E-08,-4.9790000000000003E-11,1.75798E-08,3.1137999999999997E-07,-3.114E-07
0.71500000000000008,0.9,-2.0465399999999997E-08,-5.685E-11,2.1248999999999997E-08,3.1142E-07,-3.1142E-07
0.71000000000000008,0.9,-2.4277399999999998E-08,-5.6970000000000005E-11,2.4506599999999997E-08,3.114E-07,-3.1137999999999997E-07
0.70500000000000007,0.9,-2.9355599999999997E-08,-6.2710000000000009E-11,2.8907999999999997E-08,3.1146E-07,-3.1146E-07
0.70000000000000007,0.9,-3.3713E-08,-6.7590000000000009E-11,3.35408E-08,3.1146E-07,-3.1136E-07
0.69500000000000006,0.9,-3.9801399999999995E-08,-7.045E-11,3.97508E-08,3.1137999999999997E-07,-3.1142E-07
0.69000000000000006,0.9,-4.5641399999999993E-08,-7.684E-11,4.6099599999999994E-08,3.1142E-07,-3.1142E-07
0.685,0.9,-5.4090399999999992E-08,-8.197E-11,5.4580799999999993E-08,3.115E-07,-3.1148E-07
0.68,0.9,-6.40796E-08,-8.5380000000000007E-11,6.4628799999999992E-08,3.1148E-07,-3.1142E-07
0.675,0.9,-7.59932E-08,-9.2840000000000012E-11,7.52252E-08,3.1146E-07,-3.1142E-07
0.67,0.9,-8.736599999999999E-08,-9.755E-11,8.82108E-08,3.1146E-07,-3.1142E-07
0.665,0.9,-1.0501699999999999E-07,-1.0321000000000001E-10,1.0471539999999999E-07,3.1144E-07,-3.114E-07
0.66,0.9,-1.192E-07,-1.0961000000000001E-10,1.2554E-07,3.1144E-07,-3.114E-07
0.655,0.9,-1.4571999999999998E-07,-1.1518000000000001E-10,1.4424E-07,3.1151999999999997E-07,-3.114E-07
0.65,0.9,-1.691E-07,-1.2239E-10,1.6486E-07,3.1136E-07,-3.1144E-07
0.645,0.9,-1.9652E-07,-1.2674000000000002E-10,1.9036E-07,3.1142E-07,-3.114E-07
0.64,0.9,-2.3002E-07,-1.3425E-10,2.2592E-07,3.1148E-07,-3.1142E-07
0.635,0.9,-2.6346E-07,-1.3735000000000002E-10,2.5546E-07,3.114E-07,-3.114E-07
0.63,0.9,-3.0832E-07,-1.4426E-10,2.9937999999999997E-07,3.114E-07,-3.114E-07
0.625,0.9,-3.5413999999999997E-07,-1.5171E-10,3.4782E-07,3.1142E-07,-3.114E-07
0.62,0.9,-4.155E-07,-1.5791E-10,4.039E-07,3.1146E-07,-3.1134E-07
0.615,0.9,-4.775E-07,-1.6332E-10,4.6123999999999997E-07,3.1146E-07,-3.1146E-07
0.61,0.9,-5.496E-07,-1.7044E-10,5.4148E-07,3.1146E-07,-3.114E-07
0.605,0.9,-6.0316E-07,-1.7861000000000002E-10,6.2158E-07,3.114E-07,-3.1136E-07
0.6,0.9,-6.9854E-07,-1.8479000000000002E-10,7.0043999999999994E-07,3.114E-07,-3.1146E-07
0.595,0.9,-8.0875999999999994E-07,-1.9385E-10,8.0994E-07,3.1151999999999997E-07,-3.1144E-07
0.59000000000000008,0.9,-9.3484E-07,-2.0076000000000001E-10,9.2264E-07,3.1151999999999997E-07,-3.1144E-07
0.58500000000000008,0.9,-1.03476E-06,-2.0646E-10,1.03778E-06,3.1154E-07,-3.1151999999999997E-07
0.58000000000000007,0.9,-1.1912000000000001E-06,-2.1587000000000003E-10,1.1595E-06,3.1158E-07,-3.1151999999999997E-07
0.57500000000000007,0.9,-1.3264000000000001E-06,-2.2421000000000002E-10,1.2924000000000001E-06,3.1165999999999997E-07,-3.1165999999999997E-07
0.57000000000000006,0.9,-1.4635E-06,-2.3146000000000002E-10,1.4346000000000002E-06,3.116E-07,-3.1165999999999997E-07
0.56500000000000006,0.9,-1.6307000000000001E-06,-2.3783E-10,1.6285000000000002E-06,3.1162E-07,-3.1151999999999997E-07
0.56,0.9,-1.7503000000000002E-06,-2.4563E-10,1.7897000000000002E-06,3.1162E-07,-3.1151999999999997E-07
0.555,0.9,-1.9555E-06,-2.5473E-10,1.951E-06,3.1162E-07,-3.1162E-07
0.55,0.9,-2.0536E-06,-2.6515E-10,2.0878E-06,3.1165999999999997E-07,-3.1158E-07
0.545,0.9,-2.2366000000000003E-06,-2.7377000000000003E-10,2.3299000000000003E-06,3.1165999999999997E-07,-3.1164E-07
0.54,0.9,-2.5071E-06,-2.8966E-10,2.4209000000000004E-06,3.1158E-07,-3.1156E-07
0.535,0.9,-2.6667000000000002E-06,-2.9201E-10,2.6344E-06,3.1158E-07,-3.115E-07
0.53,0.9,-2.8695000000000002E-06,-3.0359000000000003E-10,2.8289E-06,3.1158E-07,-3.1154E-07
0.525,0.9,-2.9882000000000005E-06,-3.1554000000000003E-10,3.0863000000000004E-06,3.1154E-07,-3.1154E-07
0.52,0.9,-3.1084E-06,-3.2574E-10,3.2204E-06,3.1156E-07,-3.1158E-07
0.515,0.9,-3.4784000000000004E-06,-3.3520000000000004E-10,3.4931000000000005E-06,3.1154E-07,-3.1154E-07
0.51,0.9,-3.6908000000000003E-06,-3.4866E-10,3.7130000000000003E-06,3.1154E-07,-3.1154E-07
0.505,0.9,-3.8384E-06,-3.6168000000000004E-10,3.8713000000000005E-06,3.1154E-07,-3.1151999999999997E-07
0.5,0.9,-4.1323E-06,-3.7442000000000004E-10,4.1098E-06,3.1164E-07,-3.1158E-07
0.49500000000000005,0.9,-4.4470000000000008E-06,-3.8764E-10,4.4840000000000006E-06,3.116E-07,-3.1164E-07
0.49000000000000005,0.9,-4.8431E-06,-4.0123E-10,4.6623E-06,3.1164E-07,-3.1164E-07
0.48500000000000004,0.9,-5.0893000000000006E-06,-4.1474E-10,5.0507000000000006E-06,3.116E-07,-3.1158E-07
0.48000000000000004,0.9,-5.4834000000000007E-06,-4.3138E-10,5.5919000000000006E-06,3.1164E-07,-3.1162E-07
0.47500000000000003,0.9,-5.9114000000000007E-06,-4.4746E-10,5.9473000000000006E-06,3.1162E-07,-3.1162E-07
0.47000000000000003,0.9,-6.3820000000000009E-06,-4.617E-10,6.4914000000000011E-06,3.116E-07,-3.116E-07
0.465,0.9,-7.0119000000000006E-06,-4.7871E-10,6.946400000000001E-06,3.117E-07,-3.1156E-07
0.46,0.9,-7.5411000000000005E-06,-4.9643E-10,7.4422000000000005E-06,3.1165999999999997E-07,-3.1158E-07
0.455,0.9,-8.0226E-06,-5.1698E-10,7.8360000000000009E-06,3.1164E-07,-3.1158E-07
0.45,0.9,-8.7195E-06,-5.3612E-10,8.5535E-06,3.1158E-07,-3.1162E-07
0.445,0.9,-9.3528000000000013E-06,-5.5319E-10,9.1952000000000013E-06,3.1146E-07,-3.1144E-07
0.44,0.9,-9.955E-06,-5.8253000000000006E-10,9.9636E-06,3.1154E-07,-3.1151999999999997E-07
0.435,0.9,-1.05916E-05,-6.0292E-10,1.07191E-05,3.1146E-07,-3.1144E-07
0.43,0.9,-1.1413200000000001E-05,-6.2869E-10,1.1500100000000002E-05,3.1148E-07,-3.1146E-07
0.42500000000000004,0.9,-1.1498E-05,-6.390400000000001E-10,1.0842E-05,3.1142E-07,-3.115E-07
0.42000000000000004,0.9,-1.3000000000000001E-05,-6.7203E-10,1.2914E-05,3.1146E-07,-3.1146E-07
0.41500000000000004,0.9,-1.383E-05,-6.9437000000000005E-10,1.3886E-05,3.1148E-07,-3.1137999999999997E-07
0.41000000000000003,0.9,-1.4848E-05,-7.1955000000000006E-10,1.4676E-05,3.1142E-07,-3.114E-07
0.405,0.9,-1.5474E-05,-7.3558000000000006E-10,1.5682E-05,3.1142E-07,-3.1142E-07
0.4,0.9,-1.6396E-05,-7.6030000000000005E-10,1.648E-05,3.1142E-07,-3.115E-07
0.395,0.9,-1.7222000000000002E-05,-7.8938E-10,1.7322E-05,3.114E-07,-3.1144E-07
0.39,0.9,-1.8276E-05,-8.1456E-10,1.8142E-05,3.1151999999999997E-07,-3.1146E-07
0.385,0.9,-1.9194E-05,-8.4189000000000008E-10,1.9052E-05,3.114E-07,-3.114E-07
0.38,0.9,-2.0184000000000002E-05,-8.7333E-10,1.9902E-05,3.1146E-07,-3.114E-07
0.375,0.9,-2.0968E-05,-9.0105000000000011E-10,2.0944E-05,3.1146E-07,-3.114E-07
0.37,0.9,-2.1984E-05,-9.353E-10,2.2056E-05,3.1146E-07,-3.1146E-07
0.365,0.9,-2.3014E-05,-9.6364E-10,2.3074E-05,3.1154E-07,-3.1156E-07
0.36000000000000004,0.9,-2.3668E-05,-1.00115E-09,2.368E-05,3.1148E-07,-3.114E-07
0.35500000000000004,0.9,-2.4722E-05,-1.0318E-09,2.4616E-05,3.1146E-07,-3.1146E-07
0.35000000000000003,0.9,-2.5674000000000002E-05,-1.0652900000000002E-09,2.5654000000000002E-05,3.1148E-07,-3.114E-07
0.34500000000000003,0.9,-2.6566E-05,-1.10423E-09,2.6546E-05,3.114E-07,-3.1137999999999997E-07
0.34,0.9,-2.7092E-05,-1.1376E-09,2.7508E-05,3.1146E-07,-3.114E-07
0.335,0.9,-2.8454000000000002E-05,-1.1747E-09,2.8438E-05,3.1142E-07,-3.1142E-07
0.33,0.9,-2.9464E-05,-1.2155E-09,2.9536E-05,3.1144E-07,-3.1146E-07
0.325,0.9,-3.0108E-05,-1.2528E-09,3.014E-05,3.114E-07,-3.1146E-07
0.32,0.9,-3.1078E-05,-1.2972E-09,3.1294E-05,3.1142E-07,-3.1146E-07
0.315,0.9,-3.201E-05,-1.3377E-09,3.1814000000000004E-05,3.1146E-07,-3.114E-07
0.31,0.9,-3.289E-05,-1.3752E-09,3.286E-05,3.1146E-07,-3.1144E-07
0.305,0.9,-3.3824E-05,-1.4199E-09,3.3712E-05,3.1142E-07,-3.1148E-07
0.3,0.9,-3.4718E-05,-1.4669E-09,3.4904E-05,3.1148E-07,-3.115E-07
0.29500000000000004,0.9,-3.576E-05,-1.529E-09,3.5616E-05,3.1146E-07,-3.1144E-07
0.29000000000000004,0.9,-3.6448E-05,-1.5636E-09,3.6442E-05,3.1146E-07,-3.1148E-07
0.28500000000000003,0.9,-3.727E-05,-1.6104E-09,3.7238E-05,3.1144E-07,-3.1144E-07
0.28,0.9,-3.8136E-05,-1.6707E-09,3.7994E-05,3.1142E-07,-3.1146E-07
0.275,0.9,-3.8656000000000004E-05,-1.707E-09,3.8546E-05,3.1148E-07,-3.1144E-07
0.27,0.9,-3.9580000000000004E-05,-1.7592E-09,3.9496E-05,3.1146E-07,-3.115E-07
0.265,0.9,-4.0244E-05,-1.8128E-09,4.0084000000000004E-05,3.1154E-07,-3.1151999999999997E-07
0.26,0.9,-4.1164E-05,-1.8645E-09,4.1456000000000004E-05,3.1154E-07,-3.1148E-07
0.255,0.9,-4.1896E-05,-1.9243E-09,4.2306000000000005E-05,3.1158E-07,-3.115E-07
0.25,0.9,-4.2716E-05,-1.979E-09,4.2838E-05,3.1154E-07,-3.1154E-07
0.24500000000000002,0.9,-4.345E-05,-2.0361E-09,4.3584E-05,3.1154E-07,-3.115E-07
0.24000000000000002,0.9,-4.4160000000000004E-05,-2.0997E-09,4.4344E-05,3.115E-07,-3.1151999999999997E-07
0.23500000000000001,0.9,-4.4896E-05,-2.1602E-09,4.493E-05,3.1151999999999997E-07,-3.1146E-07
0.23,0.9,-4.5572000000000003E-05,-2.2253E-09,4.553E-05,3.1154E-07,-3.1146E-07
0.225,0.9,-4.66E-05,-2.2853E-09,4.6402E-05,3.1151999999999997E-07,-3.1151999999999997E-07
0.22,0.9,-4.7186E-05,-2.3496E-09,4.7132E-05,3.1154E-07,-3.1151999999999997E-07
0.215,0.9,-4.7816000000000004E-05,-2.419E-09,4.7744E-05,3.1156E-07,-3.1154E-07
0.21000000000000002,0.9,-4.8396E-05,-2.4868E-09,4.8426E-05,3.115E-07,-3.1142E-07
0.20500000000000002,0.9,-4.8918E-05,-2.5571E-09,4.9086000000000004E-05,3.115E-07,-3.115E-07
0.2,0.9,-4.9572E-05,-2.6264E-09,4.9706E-05,3.1151999999999997E-07,-3.115E-07
0.195,0.9,-5.0248000000000004E-05,-2.7019E-09,5.0456E-05,3.1148E-07,-3.1136E-07
0.19,0.9,-5.1E-05,-2.7942E-09,5.0996000000000004E-05,3.1146E-07,-3.1146E-07
0.185,0.9,-5.1554E-05,-2.8723E-09,5.1514E-05,3.1137999999999997E-07,-3.114E-07
0.18000000000000002,0.9,-5.2234E-05,-2.927E-09,5.2134E-05,3.1146E-07,-3.1151999999999997E-07
0.17500000000000002,0.9,-5.2766E-05,-3.0137E-09,5.2642E-05,3.1148E-07,-3.1148E-07
0.17,0.9,-5.3564000000000004E-05,-3.0957E-09,5.3612E-05,3.1148E-07,-3.1144E-07
0.165,0.9,-5.3936E-05,-3.1781E-09,5.3962E-05,3.1148E-07,-3.1146E-07
0.16,0.9,-5.4672E-05,-3.2729E-09,5.4454000000000004E-05,3.1148E-07,-3.1144E-07
0.155,0.9,-5.5298000000000005E-05,-3.3497E-09,5.5522E-05,3.1148E-07,-3.1148E-07
0.15,0.9,-5.5558E-05,-3.4351E-09,5.5644000000000005E-05,3.116E-07,-3.1156E-07
0.14500000000000002,0.9,-5.5988E-05,-3.5323E-09,5.5886E-05,3.1154E-07,-3.1151999999999997E-07
0.14,0.9,-5.6936000000000005E-05,-3.6272E-09,5.6872E-05,3.1151999999999997E-07,-3.1151999999999997E-07
0.135,0.9,-5.6962E-05,-3.7234E-09,5.6854E-05,3.115E-07,-3.1154E-07
0.13,0.9,-5.7982E-05,-3.8211E-09,5.795E-05,3.1154E-07,-3.115E-07
0.125,0.9,-5.823E-05,-3.9248E-09,5.8442E-05,3.1154E-07,-3.115E-07
0.12000000000000001,0.9,-5.8724E-05,-4.0324E-09,5.8806E-05,3.1148E-07,-3.115E-07
0.115,0.9,-5.8984E-05,-4.1387E-09,5.8808000000000003E-05,3.1154E-07,-3.1148E-07
0.11,0.9,-5.9714000000000005E-05,-4.2435E-09,5.9504000000000005E-05,3.115E-07,-3.1148E-07
0.10500000000000001,0.9,-5.983E-05,-4.3554E-09,5.9972E-05,3.1148E-07,-3.1151999999999997E-07
0.1,0.9,-6.0334E-05,-4.4727E-09,6.0328E-05,3.1146E-07,-3.1151999999999997E-07
0.095,0.9,-6.1100000000000008E-05,-4.5859E-09,6.111E-05,3.1148E-07,-3.1144E-07
0.090000000000000011,0.9,-6.1278E-05,-4.7110999999999996E-09,6.1232E-05,3.1146E-07,-3.1134E-07
0.085,0.9,-6.183E-05,-4.83E-09,6.1996000000000007E-05,3.1144E-07,-3.1144E-07
0.08,0.9,-6.223E-05,-4.9576E-09,6.2116E-05,3.1146E-07,-3.1144E-07
0.075,0.9,-6.2818000000000007E-05,-5.0831E-09,6.2772E-05,3.1146E-07,-3.1144E-07
0.07,0.9,-6.3078000000000008E-05,-5.2165E-09,6.3106E-05,3.1148E-07,-3.114E-07
0.065,0.9,-6.3536E-05,-5.3481E-09,6.3876E-05,3.1144E-07,-3.114E-07
0.060000000000000005,0.9,-6.3696000000000008E-05,-5.478E-09,6.4062E-05,3.1146E-07,-3.1148E-07
0.055,0.9,-6.4272E-05,-5.6175E-09,6.4334E-05,3.1142E-07,-3.1137999999999997E-07
0.05,0.9,-6.441E-05,-5.7662E-09,6.434E-05,3.1148E-07,-3.1137999999999997E-07
0.045000000000000005,0.9,-6.48E-05,-5.9079E-09,6.475E-05,3.1146E-07,-3.1137999999999997E-07
0.04,0.9,-6.5222E-05,-6.0592E-09,6.5214E-05,3.1144E-07,-3.1137999999999997E-07
0.035,0.9,-6.5376E-05,-6.2137E-09,6.5414000000000008E-05,3.115E-07,-3.114E-07
0.030000000000000002,0.9,-6.5482000000000008E-05,-6.3524E-09,6.5752E-05,3.114E-07,-3.1136E-07
0.025,0.9,-6.6438E-05,-6.5479E-09,6.6578E-05,3.1142E-07,-3.114E-07
0.02,0.9,-6.6426E-05,-6.7124E-09,6.6236000000000008E-05,3.1136E-07,-3.1136E-07
0.015000000000000001,0.9,-6.6888E-05,-6.8748E-09,6.6742E-05,3.114E-07,-3.1137999999999997E-07
0.01,0.9,-6.7182000000000008E-05,-7.0444E-09,6.7224E-05,3.114E-07,-3.114E-07
0.005,0.9,-6.7552E-05,-7.2157E-09,6.7476E-05,3.1146E-07,-3.1148E-07
0,0.9,-6.7672E-05,-7.3884E-09,6.7558E-05,3.1146E-07,-3.1148E-07
