vg	id_vd = 0V	ig_vd = 0V	is_vd = 0V	iavdd_vd = 0V	ignd_vd = 0V	id_vd = 0.01V	ig_vd = 0.01V	is_vd = 0.01V	iavdd_vd = 0.01V	ignd_vd = 0.01V	id_vd = 0.02V	ig_vd = 0.02V	is_vd = 0.02V	iavdd_vd = 0.02V	ignd_vd = 0.02V	id_vd = 0.03V	ig_vd = 0.03V	is_vd = 0.03V	iavdd_vd = 0.03V	ignd_vd = 0.03V	id_vd = 0.04V	ig_vd = 0.04V	is_vd = 0.04V	iavdd_vd = 0.04V	ignd_vd = 0.04V	id_vd = 0.05V	ig_vd = 0.05V	is_vd = 0.05V	iavdd_vd = 0.05V	ignd_vd = 0.05V	id_vd = 0.06V	ig_vd = 0.06V	is_vd = 0.06V	iavdd_vd = 0.06V	ignd_vd = 0.06V	id_vd = 0.07V	ig_vd = 0.07V	is_vd = 0.07V	iavdd_vd = 0.07V	ignd_vd = 0.07V	id_vd = 0.08V	ig_vd = 0.08V	is_vd = 0.08V	iavdd_vd = 0.08V	ignd_vd = 0.08V	id_vd = 0.09V	ig_vd = 0.09V	is_vd = 0.09V	iavdd_vd = 0.09V	ignd_vd = 0.09V	id_vd = 0.1V	ig_vd = 0.1V	is_vd = 0.1V	iavdd_vd = 0.1V	ignd_vd = 0.1V
1.2	-8.4773e-10	1.2862e-10	-2.995e-11	3.1264e-07	-3.1186e-07	-7.738e-10	1.2442e-10	-3.151e-11	3.1224e-07	-3.116e-07	-6.9953e-10	1.2169e-10	-3.626e-11	3.122e-07	-3.1156e-07	-6.1765e-10	1.1648e-10	-3.224e-11	3.121e-07	-3.1154e-07	-5.3067e-10	1.1184e-10	-2.977e-11	3.1202e-07	-3.1154e-07	-4.6341e-10	1.1071e-10	-3.047e-11	3.1184e-07	-3.1144e-07	-3.7545e-10	1.0791e-10	-3.173e-11	3.118e-07	-3.1146e-07	-3.0854e-10	1.0437e-10	-3.066e-11	3.117e-07	-3.1144e-07	-2.2236e-10	1.0105e-10	-3.055e-11	3.116e-07	-3.1134e-07	-1.2929e-10	9.881e-11	-3.429e-11	3.1158e-07	-3.1146e-07	-3.556e-11	9.674e-11	-2.927e-11	3.115e-07	-3.1152e-07
1.195	-8.4661e-10	1.2264e-10	-3.057e-11	3.1268e-07	-3.1184e-07	-7.5904e-10	1.1888e-10	-3.151e-11	3.1232e-07	-3.116e-07	-6.984e-10	1.165e-10	-3.311e-11	3.122e-07	-3.1156e-07	-6.1156e-10	1.1202e-10	-3.389e-11	3.1208e-07	-3.1154e-07	-5.2691e-10	1.071e-10	-3.553e-11	3.1204e-07	-3.116e-07	-4.5135e-10	1.0527e-10	-2.878e-11	3.1188e-07	-3.1146e-07	-3.7981e-10	1.0141e-10	-3.293e-11	3.118e-07	-3.115e-07	-2.9788e-10	9.89e-11	-2.979e-11	3.1174e-07	-3.1146e-07	-2.1447e-10	9.481e-11	-2.602e-11	3.116e-07	-3.1146e-07	-1.2589e-10	9.399e-11	-3.177e-11	3.1158e-07	-3.1156e-07	-3.491e-11	9.013e-11	-3.096e-11	3.1144e-07	-3.1144e-07
1.19	-8.5198e-10	1.1689e-10	-3.191e-11	3.1262e-07	-3.1184e-07	-7.6211e-10	1.133e-10	-3.186e-11	3.1232e-07	-3.116e-07	-6.8498e-10	1.1072e-10	-3.087e-11	3.122e-07	-3.1158e-07	-6.0538e-10	1.0627e-10	-3.214e-11	3.1206e-07	-3.1156e-07	-5.4267e-10	1.0433e-10	-3.135e-11	3.1198e-07	-3.1158e-07	-4.5346e-10	1.0043e-10	-3.177e-11	3.1182e-07	-3.1144e-07	-3.8688e-10	9.651e-11	-3.435e-11	3.1184e-07	-3.115e-07	-2.9996e-10	9.458e-11	-3.191e-11	3.117e-07	-3.1142e-07	-2.1352e-10	9.082e-11	-3.077e-11	3.116e-07	-3.1146e-07	-1.4192e-10	8.727e-11	-3.194e-11	3.1164e-07	-3.1152e-07	-3.673e-11	8.747e-11	-2.957e-11	3.1148e-07	-3.1144e-07
1.185	-8.4745e-10	1.112e-10	-2.786e-11	3.1266e-07	-3.1186e-07	-7.6039e-10	1.0987e-10	-2.599e-11	3.1226e-07	-3.1158e-07	-6.8873e-10	1.0304e-10	-2.962e-11	3.1224e-07	-3.1162e-07	-6.0668e-10	1.0095e-10	-2.714e-11	3.1214e-07	-3.116e-07	-5.2319e-10	9.876e-11	-2.692e-11	3.1204e-07	-3.1156e-07	-4.5974e-10	9.667e-11	-2.668e-11	3.1184e-07	-3.1142e-07	-3.818e-10	9.356e-11	-2.792e-11	3.118e-07	-3.1148e-07	-3.0855e-10	8.994e-11	-2.734e-11	3.1172e-07	-3.1146e-07	-2.1948e-10	8.819e-11	-2.862e-11	3.1158e-07	-3.1138e-07	-1.2696e-10	8.453e-11	-3.166e-11	3.1162e-07	-3.114e-07	-3.315e-11	8.197e-11	-2.605e-11	3.1148e-07	-3.114e-07
1.18	-8.3939e-10	1.063e-10	-2.878e-11	3.1266e-07	-3.1184e-07	-7.7089e-10	1.0159e-10	-2.72e-11	3.123e-07	-3.1156e-07	-6.8144e-10	1.021e-10	-3.035e-11	3.122e-07	-3.1156e-07	-5.9536e-10	9.518e-11	-3.036e-11	3.1212e-07	-3.116e-07	-5.3434e-10	9.179e-11	-2.903e-11	3.1208e-07	-3.1158e-07	-4.4707e-10	8.96e-11	-2.77e-11	3.1186e-07	-3.1146e-07	-3.7413e-10	8.625e-11	-2.809e-11	3.1182e-07	-3.1144e-07	-2.9703e-10	8.347e-11	-2.506e-11	3.1168e-07	-3.115e-07	-2.127e-10	8.125e-11	-2.593e-11	3.1164e-07	-3.114e-07	-1.3402e-10	7.971e-11	-3.155e-11	3.1154e-07	-3.1148e-07	-3.07e-11	7.626e-11	-2.631e-11	3.115e-07	-3.1146e-07
1.175	-8.4888e-10	1.0199e-10	-2.918e-11	3.126e-07	-3.1178e-07	-7.6438e-10	9.794e-11	-2.692e-11	3.1224e-07	-3.1156e-07	-6.8701e-10	9.467e-11	-3.157e-11	3.1214e-07	-3.1154e-07	-6.0275e-10	9.201e-11	-2.885e-11	3.121e-07	-3.1162e-07	-5.388e-10	8.961e-11	-2.77e-11	3.1204e-07	-3.1156e-07	-4.4884e-10	8.579e-11	-2.742e-11	3.119e-07	-3.1152e-07	-3.8629e-10	8.322e-11	-2.696e-11	3.1186e-07	-3.1152e-07	-2.9489e-10	7.992e-11	-2.642e-11	3.1176e-07	-3.114e-07	-2.1592e-10	7.719e-11	-2.418e-11	3.1164e-07	-3.1146e-07	-1.3449e-10	7.608e-11	-2.449e-11	3.1154e-07	-3.1144e-07	-2.855e-11	7.363e-11	-2.883e-11	3.115e-07	-3.115e-07
1.17	-8.4283e-10	9.907e-11	-2.468e-11	3.1256e-07	-3.1178e-07	-7.571e-10	9.405e-11	-2.797e-11	3.1226e-07	-3.1152e-07	-6.8577e-10	9.178e-11	-2.341e-11	3.1218e-07	-3.1158e-07	-6.0049e-10	8.829e-11	-2.52e-11	3.1214e-07	-3.1152e-07	-5.2481e-10	8.524e-11	-2.615e-11	3.1204e-07	-3.1158e-07	-4.4519e-10	8.403e-11	-2.581e-11	3.1188e-07	-3.1142e-07	-3.6949e-10	7.907e-11	-2.87e-11	3.1178e-07	-3.114e-07	-2.8918e-10	7.824e-11	-2.594e-11	3.1172e-07	-3.1148e-07	-2.1005e-10	7.353e-11	-2.599e-11	3.1158e-07	-3.1138e-07	-1.1701e-10	7.011e-11	-3.001e-11	3.1158e-07	-3.1142e-07	-3.55e-11	7.095e-11	-2.387e-11	3.1154e-07	-3.1152e-07
1.165	-8.4318e-10	9.141e-11	-2.524e-11	3.1248e-07	-3.118e-07	-7.4925e-10	9.012e-11	-2.192e-11	3.123e-07	-3.1158e-07	-6.7467e-10	8.517e-11	-2.781e-11	3.1218e-07	-3.1154e-07	-6.0337e-10	8.282e-11	-2.486e-11	3.1206e-07	-3.1152e-07	-5.336e-10	8.043e-11	-2.177e-11	3.1208e-07	-3.1158e-07	-4.4804e-10	7.759e-11	-2.493e-11	3.119e-07	-3.1146e-07	-3.8221e-10	7.45e-11	-2.321e-11	3.1172e-07	-3.114e-07	-2.9135e-10	7.338e-11	-2.225e-11	3.1172e-07	-3.1142e-07	-2.096e-10	7.118e-11	-2.243e-11	3.1162e-07	-3.1144e-07	-1.3525e-10	6.945e-11	-2.714e-11	3.115e-07	-3.1142e-07	-2.878e-11	6.458e-11	-2.29e-11	3.1144e-07	-3.1142e-07
1.16	-8.3811e-10	8.977e-11	-2.31e-11	3.1254e-07	-3.1186e-07	-7.538e-10	8.584e-11	-2.342e-11	3.1228e-07	-3.1158e-07	-6.8479e-10	8.297e-11	-2.494e-11	3.1216e-07	-3.1156e-07	-6.0073e-10	7.961e-11	-2.713e-11	3.1206e-07	-3.1154e-07	-5.1569e-10	7.639e-11	-2.461e-11	3.1212e-07	-3.116e-07	-4.4681e-10	7.45e-11	-2.176e-11	3.12e-07	-3.1148e-07	-3.743e-10	6.989e-11	-2.355e-11	3.1184e-07	-3.1142e-07	-2.9506e-10	6.88e-11	-2.025e-11	3.117e-07	-3.1146e-07	-2.0854e-10	6.626e-11	-1.935e-11	3.116e-07	-3.1142e-07	-1.2184e-10	6.613e-11	-2.426e-11	3.115e-07	-3.1138e-07	-2.982e-11	6.166e-11	-2.188e-11	3.1146e-07	-3.1144e-07
1.155	-8.3844e-10	8.586e-11	-2.693e-11	3.1254e-07	-3.117e-07	-7.5191e-10	8.142e-11	-2.519e-11	3.123e-07	-3.1154e-07	-6.7558e-10	7.938e-11	-2.265e-11	3.1224e-07	-3.1152e-07	-5.9603e-10	7.674e-11	-2.554e-11	3.1206e-07	-3.1146e-07	-5.3277e-10	7.317e-11	-2.335e-11	3.1212e-07	-3.1162e-07	-4.4359e-10	7.145e-11	-2.65e-11	3.119e-07	-3.1152e-07	-3.7181e-10	6.754e-11	-2.552e-11	3.1184e-07	-3.1146e-07	-2.944e-10	6.516e-11	-2.459e-11	3.1172e-07	-3.1148e-07	-2.0791e-10	6.324e-11	-2.175e-11	3.1164e-07	-3.1144e-07	-1.3466e-10	5.924e-11	-2.4e-11	3.1148e-07	-3.1144e-07	-2.598e-11	5.959e-11	-2.409e-11	3.116e-07	-3.1146e-07
1.15	-8.398e-10	8.173e-11	-2.115e-11	3.1254e-07	-3.1174e-07	-7.59e-10	7.851e-11	-2.214e-11	3.1232e-07	-3.1162e-07	-6.8287e-10	7.308e-11	-2.146e-11	3.1218e-07	-3.1152e-07	-5.9892e-10	7.274e-11	-2.1e-11	3.1208e-07	-3.115e-07	-5.1315e-10	7.017e-11	-1.804e-11	3.12e-07	-3.115e-07	-4.4803e-10	6.854e-11	-2.185e-11	3.1192e-07	-3.1146e-07	-3.7629e-10	6.635e-11	-1.995e-11	3.118e-07	-3.1144e-07	-2.9622e-10	6.354e-11	-1.976e-11	3.1168e-07	-3.114e-07	-2.111e-10	6.127e-11	-2.199e-11	3.116e-07	-3.114e-07	-1.2191e-10	5.826e-11	-2.339e-11	3.1146e-07	-3.1138e-07	-3.061e-11	5.68e-11	-1.872e-11	3.1148e-07	-3.1148e-07
1.145	-8.2913e-10	7.782e-11	-2.122e-11	3.1248e-07	-3.118e-07	-7.5105e-10	7.42e-11	-2.087e-11	3.1232e-07	-3.1158e-07	-6.7916e-10	7.221e-11	-2.111e-11	3.1214e-07	-3.1148e-07	-5.9444e-10	6.783e-11	-2.279e-11	3.1208e-07	-3.1152e-07	-5.206e-10	6.478e-11	-2.022e-11	3.1202e-07	-3.1146e-07	-4.3351e-10	6.327e-11	-2.17e-11	3.1194e-07	-3.1156e-07	-3.6084e-10	5.981e-11	-2.003e-11	3.1182e-07	-3.1138e-07	-2.832e-10	5.782e-11	-1.762e-11	3.1172e-07	-3.114e-07	-2.0231e-10	5.734e-11	-1.88e-11	3.1162e-07	-3.1142e-07	-1.2013e-10	5.49e-11	-2.568e-11	3.1144e-07	-3.1138e-07	-2.096e-11	5.242e-11	-1.9e-11	3.1144e-07	-3.1142e-07
1.14	-8.4221e-10	7.384e-11	-2.196e-11	3.1256e-07	-3.1172e-07	-7.511e-10	7.153e-11	-2.118e-11	3.123e-07	-3.1156e-07	-6.6964e-10	6.819e-11	-2.497e-11	3.122e-07	-3.1156e-07	-5.9815e-10	6.594e-11	-2.315e-11	3.1214e-07	-3.115e-07	-5.2174e-10	6.392e-11	-1.881e-11	3.1208e-07	-3.1162e-07	-4.4194e-10	5.993e-11	-2.255e-11	3.1204e-07	-3.1152e-07	-3.777e-10	5.744e-11	-2.038e-11	3.118e-07	-3.1146e-07	-2.8312e-10	5.626e-11	-1.828e-11	3.1164e-07	-3.1138e-07	-2.0457e-10	5.402e-11	-1.745e-11	3.1164e-07	-3.115e-07	-1.3082e-10	5.239e-11	-1.826e-11	3.1146e-07	-3.1144e-07	-2.516e-11	5.05e-11	-2.092e-11	3.1158e-07	-3.1156e-07
1.135	-8.3616e-10	7.318e-11	-1.713e-11	3.1248e-07	-3.1168e-07	-7.4615e-10	6.84e-11	-2.192e-11	3.1226e-07	-3.1158e-07	-6.8146e-10	6.391e-11	-1.816e-11	3.1218e-07	-3.1146e-07	-5.9436e-10	6.386e-11	-1.888e-11	3.12e-07	-3.1144e-07	-5.1465e-10	5.959e-11	-1.944e-11	3.1212e-07	-3.1156e-07	-4.4055e-10	5.999e-11	-2.117e-11	3.1196e-07	-3.1152e-07	-3.6145e-10	5.588e-11	-1.892e-11	3.1174e-07	-3.114e-07	-2.8281e-10	5.458e-11	-1.8e-11	3.1166e-07	-3.1146e-07	-2.0187e-10	5.162e-11	-2.064e-11	3.116e-07	-3.1144e-07	-1.1312e-10	4.773e-11	-2.06e-11	3.1146e-07	-3.114e-07	-2.582e-11	4.818e-11	-2.045e-11	3.1152e-07	-3.1148e-07
1.13	-8.3337e-10	6.673e-11	-2.021e-11	3.1254e-07	-3.1174e-07	-7.495e-10	6.54e-11	-1.814e-11	3.1232e-07	-3.1156e-07	-6.6824e-10	6.225e-11	-1.725e-11	3.122e-07	-3.1158e-07	-5.9216e-10	5.879e-11	-1.931e-11	3.1206e-07	-3.1152e-07	-5.2164e-10	5.734e-11	-1.278e-11	3.1202e-07	-3.1152e-07	-4.4119e-10	5.453e-11	-1.899e-11	3.1188e-07	-3.1154e-07	-3.7382e-10	5.252e-11	-1.742e-11	3.1176e-07	-3.1142e-07	-2.8899e-10	5.04e-11	-1.655e-11	3.1166e-07	-3.1146e-07	-2.0403e-10	4.956e-11	-1.689e-11	3.1166e-07	-3.114e-07	-1.2788e-10	4.74e-11	-2.161e-11	3.1152e-07	-3.1142e-07	-2.562e-11	4.449e-11	-1.687e-11	3.1148e-07	-3.1144e-07
1.125	-8.3043e-10	6.534e-11	-1.71e-11	3.1248e-07	-3.1174e-07	-7.4781e-10	6.106e-11	-1.773e-11	3.1228e-07	-3.1156e-07	-6.7114e-10	5.947e-11	-1.922e-11	3.1216e-07	-3.1148e-07	-5.8919e-10	5.714e-11	-1.842e-11	3.1204e-07	-3.1148e-07	-5.048e-10	5.413e-11	-1.686e-11	3.1206e-07	-3.1156e-07	-4.4272e-10	5.231e-11	-1.627e-11	3.1198e-07	-3.1152e-07	-3.6197e-10	4.838e-11	-1.429e-11	3.1174e-07	-3.114e-07	-2.8801e-10	4.775e-11	-1.304e-11	3.117e-07	-3.1148e-07	-2.031e-10	4.522e-11	-1.456e-11	3.1154e-07	-3.114e-07	-1.1765e-10	4.678e-11	-1.857e-11	3.1154e-07	-3.1144e-07	-1.647e-11	4.281e-11	-1.39e-11	3.1144e-07	-3.1144e-07
1.12	-8.2535e-10	6.397e-11	-2.118e-11	3.1254e-07	-3.117e-07	-7.4737e-10	6e-11	-1.83e-11	3.1238e-07	-3.1166e-07	-6.6355e-10	5.804e-11	-1.609e-11	3.122e-07	-3.1152e-07	-5.8519e-10	5.511e-11	-2.092e-11	3.1212e-07	-3.1156e-07	-5.1074e-10	5.276e-11	-1.745e-11	3.1204e-07	-3.1154e-07	-4.3065e-10	5.052e-11	-2.024e-11	3.1202e-07	-3.1152e-07	-3.5348e-10	4.69e-11	-1.853e-11	3.1182e-07	-3.1144e-07	-2.6553e-10	4.497e-11	-2.074e-11	3.1176e-07	-3.1148e-07	-2.0258e-10	4.337e-11	-1.685e-11	3.1158e-07	-3.1142e-07	-1.245e-10	4.018e-11	-1.895e-11	3.1154e-07	-3.114e-07	-2.451e-11	4.033e-11	-2.015e-11	3.1148e-07	-3.114e-07
1.115	-8.3374e-10	5.934e-11	-1.351e-11	3.1248e-07	-3.1174e-07	-7.4412e-10	5.813e-11	-1.826e-11	3.1232e-07	-3.1162e-07	-6.68e-10	5.309e-11	-1.518e-11	3.1214e-07	-3.1154e-07	-5.9734e-10	5.188e-11	-1.448e-11	3.1206e-07	-3.1152e-07	-5.0697e-10	5.003e-11	-1.232e-11	3.1204e-07	-3.1152e-07	-4.4328e-10	4.879e-11	-1.677e-11	3.119e-07	-3.115e-07	-3.6502e-10	4.664e-11	-1.453e-11	3.1174e-07	-3.1146e-07	-2.9128e-10	4.576e-11	-1.89e-11	3.1176e-07	-3.1148e-07	-1.9926e-10	4.251e-11	-1.717e-11	3.116e-07	-3.1146e-07	-1.1957e-10	4.016e-11	-1.647e-11	3.1152e-07	-3.114e-07	-2.519e-11	3.948e-11	-1.39e-11	3.1142e-07	-3.1136e-07
1.11	-8.1937e-10	5.819e-11	-1.403e-11	3.1252e-07	-3.1174e-07	-7.4469e-10	5.435e-11	-1.38e-11	3.1228e-07	-3.1158e-07	-6.7218e-10	5.211e-11	-1.395e-11	3.1226e-07	-3.1164e-07	-5.8624e-10	4.792e-11	-1.583e-11	3.121e-07	-3.1152e-07	-5.045e-10	4.587e-11	-1.146e-11	3.1202e-07	-3.1154e-07	-4.2899e-10	4.472e-11	-1.546e-11	3.1192e-07	-3.1158e-07	-3.5674e-10	4.296e-11	-1.254e-11	3.117e-07	-3.114e-07	-2.7874e-10	4.354e-11	-1.007e-11	3.1174e-07	-3.1154e-07	-1.9752e-10	4.005e-11	-1.344e-11	3.116e-07	-3.1134e-07	-1.1434e-10	3.837e-11	-1.995e-11	3.1152e-07	-3.1138e-07	-1.828e-11	3.682e-11	-1.437e-11	3.1142e-07	-3.114e-07
1.105	-8.322e-10	5.236e-11	-1.662e-11	3.1254e-07	-3.117e-07	-7.3503e-10	5.123e-11	-1.221e-11	3.1232e-07	-3.1156e-07	-6.6444e-10	4.935e-11	-1.757e-11	3.1228e-07	-3.1162e-07	-5.9257e-10	4.658e-11	-1.739e-11	3.1212e-07	-3.1156e-07	-5.076e-10	4.532e-11	-1.296e-11	3.1202e-07	-3.1152e-07	-4.3945e-10	4.22e-11	-1.709e-11	3.12e-07	-3.1156e-07	-3.6386e-10	3.976e-11	-1.231e-11	3.1182e-07	-3.1144e-07	-2.7714e-10	3.719e-11	-1.3e-11	3.1174e-07	-3.1148e-07	-1.9714e-10	3.715e-11	-1.311e-11	3.1154e-07	-3.1142e-07	-1.2455e-10	3.696e-11	-1.365e-11	3.1152e-07	-3.1142e-07	-1.571e-11	3.356e-11	-1.734e-11	3.1146e-07	-3.115e-07
1.1	-8.246e-10	5.378e-11	-1.281e-11	3.1248e-07	-3.117e-07	-7.4047e-10	4.898e-11	-1.429e-11	3.1232e-07	-3.1154e-07	-6.6657e-10	4.744e-11	-1.131e-11	3.1224e-07	-3.1152e-07	-5.8892e-10	4.581e-11	-1.35e-11	3.1204e-07	-3.115e-07	-5.0145e-10	4.324e-11	-1.165e-11	3.1202e-07	-3.1158e-07	-4.3847e-10	4.276e-11	-1.545e-11	3.1196e-07	-3.1156e-07	-3.5296e-10	4.024e-11	-1.364e-11	3.1182e-07	-3.1146e-07	-3.0174e-10	3.423e-11	-1.311e-11	3.1178e-07	-3.1152e-07	-1.9786e-10	3.545e-11	-1.642e-11	3.1158e-07	-3.1138e-07	-1.1105e-10	3.35e-11	-1.366e-11	3.1148e-07	-3.1134e-07	-2.24e-11	3.43e-11	-1.445e-11	3.1148e-07	-3.1152e-07
1.095	-8.2281e-10	4.951e-11	-1.478e-11	3.1254e-07	-3.1166e-07	-7.402e-10	4.866e-11	-1.277e-11	3.1232e-07	-3.1152e-07	-6.4798e-10	4.41e-11	-1.103e-11	3.1226e-07	-3.1158e-07	-5.852e-10	4.122e-11	-1.332e-11	3.1202e-07	-3.115e-07	-5.1603e-10	4.022e-11	-9.6e-12	3.1208e-07	-3.1162e-07	-4.3364e-10	3.781e-11	-1.37e-11	3.1196e-07	-3.1148e-07	-3.5725e-10	3.701e-11	-1.037e-11	3.1182e-07	-3.1144e-07	-2.6573e-10	3.618e-11	-8.99e-12	3.118e-07	-3.1146e-07	-2.0351e-10	3.455e-11	-1.307e-11	3.1166e-07	-3.114e-07	-1.1899e-10	3.083e-11	-1.731e-11	3.115e-07	-3.1144e-07	-1.626e-11	2.979e-11	-1.374e-11	3.1148e-07	-3.1154e-07
1.09	-8.2789e-10	4.657e-11	-8.99e-12	3.125e-07	-3.117e-07	-7.3473e-10	4.446e-11	-1.247e-11	3.1228e-07	-3.1156e-07	-6.603e-10	4.092e-11	-1.283e-11	3.122e-07	-3.116e-07	-5.8613e-10	4.022e-11	-1.26e-11	3.1206e-07	-3.1154e-07	-4.979e-10	3.798e-11	-9.75e-12	3.121e-07	-3.1154e-07	-4.3842e-10	3.635e-11	-1.048e-11	3.1192e-07	-3.1146e-07	-3.5369e-10	3.356e-11	-7.41e-12	3.1184e-07	-3.1144e-07	-2.8163e-10	3.498e-11	-7.86e-12	3.118e-07	-3.115e-07	-2.0275e-10	3.145e-11	-1.098e-11	3.1158e-07	-3.1142e-07	-1.226e-10	3.167e-11	-1.282e-11	3.1152e-07	-3.1138e-07	-2.444e-11	2.807e-11	-1.199e-11	3.1158e-07	-3.1148e-07
1.085	-8.2379e-10	4.593e-11	-1.393e-11	3.1252e-07	-3.1176e-07	-7.378e-10	4.22e-11	-1.042e-11	3.123e-07	-3.1158e-07	-6.6057e-10	4.184e-11	-8.85e-12	3.1224e-07	-3.1158e-07	-5.7804e-10	3.868e-11	-1.461e-11	3.1208e-07	-3.1152e-07	-4.9917e-10	3.789e-11	-1.123e-11	3.1212e-07	-3.1164e-07	-4.2359e-10	3.487e-11	-1.536e-11	3.12e-07	-3.1158e-07	-3.4855e-10	3.262e-11	-1.063e-11	3.1186e-07	-3.1146e-07	-2.6274e-10	3.031e-11	-1.191e-11	3.1178e-07	-3.1154e-07	-1.9974e-10	2.953e-11	-1.14e-11	3.1162e-07	-3.1142e-07	-1.114e-10	2.8e-11	-1.298e-11	3.1154e-07	-3.1142e-07	-1.29e-11	2.704e-11	-1.543e-11	3.1146e-07	-3.1144e-07
1.08	-8.2924e-10	4.163e-11	-7.62e-12	3.1256e-07	-3.117e-07	-7.2155e-10	4.181e-11	-1.047e-11	3.1226e-07	-3.1158e-07	-6.6521e-10	3.746e-11	-9.41e-12	3.1224e-07	-3.1156e-07	-5.9209e-10	3.683e-11	-1.053e-11	3.1202e-07	-3.1152e-07	-4.9726e-10	3.532e-11	-7.97e-12	3.121e-07	-3.1162e-07	-4.4025e-10	3.385e-11	-1.189e-11	3.1194e-07	-3.1152e-07	-3.5764e-10	3.256e-11	-9.75e-12	3.1178e-07	-3.114e-07	-2.9464e-10	3.002e-11	-8.72e-12	3.118e-07	-3.1146e-07	-1.9154e-10	2.975e-11	-1.295e-11	3.1158e-07	-3.1138e-07	-1.2071e-10	2.605e-11	-1.083e-11	3.115e-07	-3.1146e-07	-2.271e-11	2.642e-11	-1.147e-11	3.1138e-07	-3.1138e-07
1.075	-8.137e-10	4.305e-11	-6.7e-12	3.1252e-07	-3.1176e-07	-7.4308e-10	3.831e-11	-1.2e-11	3.1236e-07	-3.1154e-07	-6.6455e-10	3.585e-11	-7.56e-12	3.1226e-07	-3.1164e-07	-5.7799e-10	3.466e-11	-8.19e-12	3.1206e-07	-3.1152e-07	-5.0441e-10	3.183e-11	-6.14e-12	3.1208e-07	-3.1162e-07	-4.3032e-10	3.202e-11	-8.1e-12	3.1184e-07	-3.114e-07	-3.51e-10	2.914e-11	-6.73e-12	3.1184e-07	-3.1144e-07	-2.549e-10	3.326e-11	-1.15e-12	3.1178e-07	-3.1146e-07	-1.9257e-10	2.767e-11	-1.032e-11	3.1164e-07	-3.1146e-07	-1.0366e-10	2.521e-11	-1.455e-11	3.1154e-07	-3.1144e-07	-1.193e-11	2.547e-11	-8.06e-12	3.114e-07	-3.1138e-07
1.07	-8.2385e-10	3.767e-11	-1.194e-11	3.1256e-07	-3.118e-07	-7.263e-10	3.845e-11	-4.5e-12	3.1224e-07	-3.1154e-07	-6.5139e-10	3.597e-11	-1.039e-11	3.122e-07	-3.1164e-07	-5.8515e-10	3.209e-11	-1.2e-11	3.1214e-07	-3.1152e-07	-5.0056e-10	3.072e-11	-7.64e-12	3.1214e-07	-3.1164e-07	-4.3569e-10	2.806e-11	-1.221e-11	3.119e-07	-3.1152e-07	-3.4991e-10	2.743e-11	-6.72e-12	3.118e-07	-3.1144e-07	-2.8324e-10	2.531e-11	-1.303e-11	3.1176e-07	-3.1144e-07	-1.9856e-10	2.52e-11	-8.4e-12	3.1162e-07	-3.114e-07	-1.2428e-10	2.476e-11	-1.014e-11	3.1154e-07	-3.1142e-07	-1.334e-11	2.147e-11	-1.368e-11	3.114e-07	-3.114e-07
1.065	-8.1773e-10	3.877e-11	-7.26e-12	3.1258e-07	-3.1178e-07	-7.3778e-10	3.471e-11	-1.022e-11	3.1232e-07	-3.1158e-07	-6.5476e-10	3.432e-11	-6.1e-12	3.1228e-07	-3.1164e-07	-5.8061e-10	3.334e-11	-6.87e-12	3.1218e-07	-3.116e-07	-5.0124e-10	2.993e-11	-6.51e-12	3.1214e-07	-3.1158e-07	-4.3469e-10	2.94e-11	-1.005e-11	3.1182e-07	-3.1144e-07	-3.4921e-10	2.712e-11	-8.11e-12	3.118e-07	-3.115e-07	-2.7566e-10	2.541e-11	-5.11e-12	3.1178e-07	-3.1144e-07	-1.9574e-10	2.278e-11	-1.18e-11	3.1166e-07	-3.1144e-07	-1.0824e-10	2.23e-11	-7.9e-12	3.1152e-07	-3.1138e-07	-2.56e-11	2.299e-11	-1.016e-11	3.1148e-07	-3.1134e-07
1.06	-8.2048e-10	3.533e-11	-8.21e-12	3.1262e-07	-3.1178e-07	-7.3521e-10	3.445e-11	-7.4e-12	3.123e-07	-3.1156e-07	-6.4843e-10	3.107e-11	-4.33e-12	3.1226e-07	-3.1158e-07	-5.7557e-10	2.867e-11	-7.92e-12	3.1212e-07	-3.1154e-07	-5.0183e-10	2.819e-11	-3.09e-12	3.1208e-07	-3.1158e-07	-4.2432e-10	2.661e-11	-9.7e-12	3.119e-07	-3.1144e-07	-3.5132e-10	2.596e-11	-6.99e-12	3.118e-07	-3.1144e-07	-2.6402e-10	2.562e-11	-1.141e-11	3.1182e-07	-3.1152e-07	-2.0599e-10	2.35e-11	-9.35e-12	3.1158e-07	-3.114e-07	-1.1827e-10	2.111e-11	-1.197e-11	3.1154e-07	-3.1146e-07	-1.42e-11	2.023e-11	-1.032e-11	3.114e-07	-3.1134e-07
1.055	-8.2433e-10	3.122e-11	-1.61e-12	3.1254e-07	-3.1174e-07	-7.2244e-10	3.37e-11	-7.29e-12	3.1232e-07	-3.115e-07	-6.5319e-10	2.835e-11	-6.82e-12	3.1224e-07	-3.1156e-07	-5.8548e-10	2.816e-11	-4.47e-12	3.1218e-07	-3.1158e-07	-4.9613e-10	2.565e-11	-4.71e-12	3.1212e-07	-3.1158e-07	-4.3538e-10	2.48e-11	-5.32e-12	3.119e-07	-3.1146e-07	-3.5403e-10	2.418e-11	-2.92e-12	3.1184e-07	-3.1146e-07	-2.9029e-10	2.127e-11	-4.09e-12	3.1172e-07	-3.114e-07	-1.9642e-10	2.09e-11	-6.34e-12	3.1166e-07	-3.1146e-07	-1.1365e-10	2.19e-11	-9.77e-12	3.1152e-07	-3.114e-07	-2.552e-11	1.789e-11	-6.2e-12	3.1146e-07	-3.1148e-07
1.05	-8.1452e-10	3.394e-11	-5.64e-12	3.1256e-07	-3.1178e-07	-7.3086e-10	2.852e-11	-5.08e-12	3.1226e-07	-3.1154e-07	-6.568e-10	2.934e-11	-3.73e-12	3.1224e-07	-3.1158e-07	-5.7199e-10	2.746e-11	-7.44e-12	3.1218e-07	-3.1162e-07	-4.9447e-10	2.63e-11	-5.89e-12	3.1206e-07	-3.1158e-07	-4.2092e-10	2.382e-11	-8.65e-12	3.1184e-07	-3.1148e-07	-3.4394e-10	2.16e-11	-4.15e-12	3.1182e-07	-3.114e-07	-2.5621e-10	2.251e-11	-5.92e-12	3.1178e-07	-3.1144e-07	-1.987e-10	1.896e-11	-8.48e-12	3.1164e-07	-3.1142e-07	-1.0571e-10	1.98e-11	-8.5e-12	3.1148e-07	-3.1142e-07	-6.36e-12	1.855e-11	-9.49e-12	3.1144e-07	-3.1144e-07
1.045	-8.2288e-10	3.005e-11	-2.79e-12	3.125e-07	-3.1166e-07	-7.2968e-10	2.947e-11	-6.95e-12	3.123e-07	-3.1154e-07	-6.5497e-10	2.676e-11	-1.88e-12	3.122e-07	-3.1158e-07	-5.8732e-10	2.566e-11	-3.7e-12	3.1214e-07	-3.1156e-07	-4.9779e-10	2.464e-11	-4.45e-12	3.1214e-07	-3.1158e-07	-4.3763e-10	2.315e-11	-7.35e-12	3.1182e-07	-3.1134e-07	-3.548e-10	2.225e-11	-4.97e-12	3.118e-07	-3.1146e-07	-2.9029e-10	1.993e-11	-8.78e-12	3.1174e-07	-3.1144e-07	-1.9566e-10	1.851e-11	-8.23e-12	3.1162e-07	-3.1148e-07	-1.1145e-10	1.706e-11	-5.27e-12	3.1156e-07	-3.1146e-07	-1.793e-11	1.699e-11	-1.078e-11	3.1138e-07	-3.114e-07
1.04	-8.1385e-10	3.057e-11	6.4e-13	3.1254e-07	-3.1174e-07	-7.4112e-10	2.719e-11	-7.22e-12	3.1238e-07	-3.1158e-07	-6.515e-10	2.498e-11	1.4e-13	3.1218e-07	-3.1152e-07	-5.733e-10	2.464e-11	2.7e-13	3.1214e-07	-3.1156e-07	-5.0391e-10	2.158e-11	-2.2e-13	3.1212e-07	-3.1164e-07	-4.2657e-10	2.225e-11	-1.48e-12	3.1188e-07	-3.1144e-07	-3.4584e-10	2.108e-11	-8.7e-13	3.1172e-07	-3.1138e-07	-2.6517e-10	2.148e-11	-1.85e-12	3.117e-07	-3.1146e-07	-1.8536e-10	1.931e-11	-6.14e-12	3.1158e-07	-3.1138e-07	-1.0476e-10	1.698e-11	-7.74e-12	3.1152e-07	-3.1146e-07	-1.918e-11	1.667e-11	-4.36e-12	3.1136e-07	-3.114e-07
1.035	-8.2038e-10	2.715e-11	-3.32e-12	3.1248e-07	-3.1174e-07	-7.3508e-10	2.656e-11	-6.6e-13	3.1232e-07	-3.1156e-07	-6.4362e-10	2.463e-11	-2.65e-12	3.122e-07	-3.1152e-07	-5.7732e-10	2.06e-11	-4.6e-12	3.1214e-07	-3.1154e-07	-5.0315e-10	2.071e-11	-2.42e-12	3.1214e-07	-3.1152e-07	-4.2674e-10	1.829e-11	-5.45e-12	3.12e-07	-3.1154e-07	-3.533e-10	1.837e-11	3.6e-13	3.1178e-07	-3.1146e-07	-2.8506e-10	1.724e-11	-6.79e-12	3.1178e-07	-3.1154e-07	-1.9314e-10	1.812e-11	-3.04e-12	3.116e-07	-3.1146e-07	-1.1719e-10	1.734e-11	-8.26e-12	3.1152e-07	-3.1146e-07	-1.082e-11	1.403e-11	-1.019e-11	3.114e-07	-3.1144e-07
1.03	-8.19e-10	2.681e-11	2e-13	3.1248e-07	-3.1168e-07	-7.2971e-10	2.343e-11	-2.98e-12	3.1232e-07	-3.1156e-07	-6.5093e-10	2.428e-11	2.4e-13	3.1216e-07	-3.1152e-07	-5.795e-10	2.284e-11	-6.8e-13	3.1204e-07	-3.1158e-07	-5.0143e-10	2.067e-11	-1.63e-12	3.1208e-07	-3.1162e-07	-4.3264e-10	1.935e-11	-2.81e-12	3.1194e-07	-3.115e-07	-3.4933e-10	1.757e-11	-2.22e-12	3.1176e-07	-3.114e-07	-2.7244e-10	1.666e-11	-1.4e-12	3.1182e-07	-3.115e-07	-1.9826e-10	1.337e-11	-7.37e-12	3.1162e-07	-3.1148e-07	-1.1667e-10	1.516e-11	-3.65e-12	3.116e-07	-3.1152e-07	-2.37e-11	1.559e-11	-8.53e-12	3.1152e-07	-3.1142e-07
1.025	-8.1475e-10	2.639e-11	3e-14	3.1256e-07	-3.117e-07	-7.2678e-10	2.436e-11	-1.44e-12	3.1234e-07	-3.1158e-07	-6.5513e-10	2.115e-11	4.27e-12	3.1218e-07	-3.115e-07	-5.6904e-10	2.001e-11	2.3e-13	3.1208e-07	-3.1156e-07	-4.9293e-10	1.952e-11	2.15e-12	3.1194e-07	-3.1146e-07	-4.1927e-10	1.801e-11	-1.77e-12	3.1194e-07	-3.1148e-07	-3.5013e-10	1.84e-11	-8.2e-13	3.1178e-07	-3.1144e-07	-2.8059e-10	1.72e-11	-3.66e-12	3.1172e-07	-3.1146e-07	-2.1262e-10	1.534e-11	-3.42e-12	3.1164e-07	-3.1152e-07	-1.084e-10	1.257e-11	-3.9e-12	3.116e-07	-3.1146e-07	-6.76e-12	1.421e-11	-6.4e-12	3.114e-07	-3.1142e-07
1.02	-8.2197e-10	2.18e-11	7.2e-12	3.125e-07	-3.117e-07	-7.2439e-10	2.354e-11	-4.4e-13	3.123e-07	-3.1152e-07	-6.5091e-10	1.949e-11	2.4e-12	3.122e-07	-3.1158e-07	-5.8093e-10	1.955e-11	4.42e-12	3.1212e-07	-3.1152e-07	-4.9173e-10	1.689e-11	2.99e-12	3.1202e-07	-3.1152e-07	-4.3953e-10	1.62e-11	3.1e-12	3.1194e-07	-3.1144e-07	-3.4589e-10	1.529e-11	3.21e-12	3.1178e-07	-3.1146e-07	-2.7592e-10	1.413e-11	3.27e-12	3.1176e-07	-3.1156e-07	-1.9456e-10	1.563e-11	-1.5e-13	3.1158e-07	-3.114e-07	-1.076e-10	1.253e-11	-5.01e-12	3.1166e-07	-3.1146e-07	-2.33e-11	1.103e-11	-3.74e-12	3.1144e-07	-3.1136e-07
1.015	-8.1228e-10	2.336e-11	4.72e-12	3.1254e-07	-3.1168e-07	-7.3814e-10	1.997e-11	2.9e-12	3.123e-07	-3.1154e-07	-6.5711e-10	1.924e-11	4.22e-12	3.1214e-07	-3.1156e-07	-5.7338e-10	1.919e-11	2.69e-12	3.1212e-07	-3.1154e-07	-5.0236e-10	1.832e-11	1.89e-12	3.1206e-07	-3.1152e-07	-4.2119e-10	1.605e-11	1.71e-12	3.1196e-07	-3.115e-07	-3.505e-10	1.452e-11	4.65e-12	3.1182e-07	-3.1146e-07	-2.7302e-10	1.361e-11	-1.17e-12	3.1172e-07	-3.1146e-07	-1.9007e-10	1.149e-11	-2.57e-12	3.1162e-07	-3.1138e-07	-1.0443e-10	1.337e-11	-3.93e-12	3.1166e-07	-3.1152e-07	-3.51e-12	1.225e-11	-5.18e-12	3.1138e-07	-3.1138e-07
1.01	-8.2758e-10	1.98e-11	6.65e-12	3.1252e-07	-3.1168e-07	-7.3451e-10	2.112e-11	7.32e-12	3.1238e-07	-3.116e-07	-6.488e-10	1.859e-11	7.01e-12	3.122e-07	-3.1152e-07	-5.8762e-10	1.634e-11	4.4e-12	3.1212e-07	-3.1156e-07	-5.1033e-10	1.674e-11	4.63e-12	3.1208e-07	-3.1148e-07	-4.3338e-10	1.537e-11	2.09e-12	3.1194e-07	-3.115e-07	-3.5365e-10	1.486e-11	2.92e-12	3.1178e-07	-3.1146e-07	-2.7174e-10	1.219e-11	-1.45e-12	3.118e-07	-3.1152e-07	-1.8978e-10	1.305e-11	-4.8e-13	3.1164e-07	-3.1142e-07	-1.1483e-10	1.159e-11	9.2e-13	3.116e-07	-3.1146e-07	-1.661e-11	1.113e-11	-7.6e-12	3.1142e-07	-3.1148e-07
1.005	-8.2265e-10	2.134e-11	1.124e-11	3.1252e-07	-3.1166e-07	-7.3004e-10	1.805e-11	3.89e-12	3.1242e-07	-3.1162e-07	-6.5437e-10	1.665e-11	1.091e-11	3.1218e-07	-3.1152e-07	-5.7364e-10	1.7e-11	1.183e-11	3.1216e-07	-3.1162e-07	-5.0775e-10	1.493e-11	8.8e-12	3.1206e-07	-3.115e-07	-4.3305e-10	1.527e-11	9.54e-12	3.1192e-07	-3.1156e-07	-3.5432e-10	1.382e-11	6.87e-12	3.1178e-07	-3.1144e-07	-2.813e-10	1.599e-11	6.03e-12	3.1176e-07	-3.1152e-07	-1.9664e-10	1.16e-11	-1.26e-12	3.1156e-07	-3.1138e-07	-1.1143e-10	9.38e-12	-1.29e-12	3.1158e-07	-3.115e-07	-2.041e-11	1.087e-11	-1.25e-12	3.114e-07	-3.1138e-07
1	-8.2267e-10	1.852e-11	1.031e-11	3.1252e-07	-3.117e-07	-7.3886e-10	1.859e-11	8.04e-12	3.1236e-07	-3.1162e-07	-6.4393e-10	1.668e-11	1.061e-11	3.1226e-07	-3.1156e-07	-5.7102e-10	1.392e-11	7.63e-12	3.1218e-07	-3.1158e-07	-4.943e-10	1.384e-11	1.05e-11	3.1204e-07	-3.1154e-07	-4.2299e-10	1.203e-11	1.039e-11	3.119e-07	-3.1156e-07	-3.5342e-10	1.228e-11	1.197e-11	3.1182e-07	-3.114e-07	-2.8162e-10	1.001e-11	5.76e-12	3.1178e-07	-3.1146e-07	-2.144e-10	1.085e-11	5.75e-12	3.116e-07	-3.114e-07	-1.1427e-10	1.05e-11	-1.4e-12	3.116e-07	-3.1144e-07	-9.75e-12	7.37e-12	-4.48e-12	3.1148e-07	-3.1134e-07
0.995	-8.2075e-10	1.789e-11	1.324e-11	3.1256e-07	-3.117e-07	-7.2889e-10	1.705e-11	1.18e-11	3.1226e-07	-3.116e-07	-6.5891e-10	1.631e-11	1.225e-11	3.1218e-07	-3.1158e-07	-5.8473e-10	1.532e-11	1.237e-11	3.1212e-07	-3.1156e-07	-4.9959e-10	1.351e-11	9.7e-12	3.12e-07	-3.115e-07	-4.4064e-10	8.92e-12	9.39e-12	3.119e-07	-3.1154e-07	-3.5034e-10	1.13e-11	8.93e-12	3.1184e-07	-3.1146e-07	-2.8672e-10	1.008e-11	6.29e-12	3.1178e-07	-3.115e-07	-2.0014e-10	8.88e-12	4.31e-12	3.1164e-07	-3.1142e-07	-1.1174e-10	1.105e-11	2.14e-12	3.1152e-07	-3.1142e-07	-1.864e-11	9.4e-12	-5.15e-12	3.1146e-07	-3.1148e-07
0.99	-8.2278e-10	1.811e-11	1.695e-11	3.1256e-07	-3.117e-07	-7.4313e-10	1.502e-11	1.46e-11	3.1228e-07	-3.1156e-07	-6.5925e-10	1.417e-11	1.888e-11	3.1224e-07	-3.1152e-07	-5.8149e-10	1.321e-11	1.63e-11	3.1214e-07	-3.1152e-07	-5.0872e-10	1.348e-11	1.75e-11	3.1202e-07	-3.1158e-07	-4.7013e-10	7.5e-12	1.257e-11	3.119e-07	-3.1146e-07	-3.5862e-10	1.261e-11	1.223e-11	3.1178e-07	-3.1146e-07	-2.8026e-10	1.104e-11	6.39e-12	3.1174e-07	-3.1148e-07	-2.0396e-10	9.79e-12	7.13e-12	3.1166e-07	-3.115e-07	-1.1108e-10	7.45e-12	5.42e-12	3.1158e-07	-3.1142e-07	-1.012e-11	9.15e-12	-2.43e-12	3.115e-07	-3.1142e-07
0.985	-8.2861e-10	1.337e-11	2.5e-11	3.1254e-07	-3.1182e-07	-7.3746e-10	1.792e-11	1.917e-11	3.1226e-07	-3.1152e-07	-6.6501e-10	1.334e-11	2.282e-11	3.1222e-07	-3.1154e-07	-5.971e-10	1.112e-11	2.239e-11	3.1216e-07	-3.116e-07	-5.101e-10	1.088e-11	1.934e-11	3.1206e-07	-3.1152e-07	-4.474e-10	9.35e-12	2.016e-11	3.119e-07	-3.1146e-07	-3.5911e-10	1.033e-11	1.708e-11	3.1178e-07	-3.1144e-07	-2.882e-10	9.54e-12	1.355e-11	3.1178e-07	-3.1146e-07	-1.9396e-10	1.094e-11	1.14e-11	3.116e-07	-3.114e-07	-1.1209e-10	6.46e-12	4.25e-12	3.1164e-07	-3.115e-07	-1.805e-11	6.3e-12	-3.1e-13	3.1148e-07	-3.1154e-07
0.98	-8.2955e-10	1.553e-11	2.698e-11	3.1254e-07	-3.1172e-07	-7.5382e-10	1.348e-11	2.237e-11	3.1228e-07	-3.115e-07	-6.6219e-10	1.314e-11	2.339e-11	3.122e-07	-3.1154e-07	-5.8755e-10	1.245e-11	2.43e-11	3.1218e-07	-3.1162e-07	-5.2152e-10	1.217e-11	2.239e-11	3.12e-07	-3.1158e-07	-4.2236e-10	8.7e-12	2.056e-11	3.1192e-07	-3.115e-07	-3.701e-10	7.83e-12	2.089e-11	3.1178e-07	-3.1144e-07	-2.7668e-10	1.229e-11	1.89e-11	3.118e-07	-3.1152e-07	-2.0219e-10	6.44e-12	1.565e-11	3.116e-07	-3.1144e-07	-1.166e-10	7.91e-12	5.75e-12	3.1154e-07	-3.1138e-07	-1.775e-11	6.52e-12	4.1e-13	3.1148e-07	-3.1146e-07
0.975	-8.4298e-10	1.366e-11	3.029e-11	3.1254e-07	-3.1168e-07	-7.5545e-10	1.368e-11	3.214e-11	3.1226e-07	-3.115e-07	-6.6803e-10	1.312e-11	3.054e-11	3.1222e-07	-3.1152e-07	-5.9276e-10	1.057e-11	2.738e-11	3.122e-07	-3.1156e-07	-5.1743e-10	1.14e-11	2.488e-11	3.1208e-07	-3.1158e-07	-4.2175e-10	1.075e-11	2.485e-11	3.1196e-07	-3.1156e-07	-3.6782e-10	1.004e-11	2.233e-11	3.1186e-07	-3.1146e-07	-2.8519e-10	7.44e-12	2.081e-11	3.1178e-07	-3.115e-07	-2.1258e-10	8.54e-12	1.711e-11	3.1166e-07	-3.1136e-07	-1.2327e-10	6.53e-12	1.256e-11	3.1158e-07	-3.1144e-07	-9.62e-12	6.89e-12	-3.75e-12	3.1152e-07	-3.1142e-07
0.97	-8.4378e-10	1.384e-11	3.965e-11	3.1246e-07	-3.1172e-07	-7.4835e-10	1.137e-11	3.162e-11	3.1232e-07	-3.1148e-07	-6.6844e-10	1.168e-11	3.727e-11	3.1214e-07	-3.1156e-07	-5.9618e-10	1.192e-11	3.855e-11	3.121e-07	-3.1154e-07	-5.2544e-10	9.78e-12	3.439e-11	3.1206e-07	-3.1154e-07	-4.7208e-10	9.89e-12	3.213e-11	3.119e-07	-3.1154e-07	-3.7155e-10	8.53e-12	2.863e-11	3.1176e-07	-3.1142e-07	-3.0179e-10	9.45e-12	2.694e-11	3.1176e-07	-3.1148e-07	-2.1803e-10	6.41e-12	1.967e-11	3.1164e-07	-3.1144e-07	-1.2266e-10	4.66e-12	1.318e-11	3.1158e-07	-3.1142e-07	-2.591e-11	7.69e-12	2.77e-12	3.114e-07	-3.114e-07
0.965	-8.4213e-10	1.255e-11	4.547e-11	3.125e-07	-3.1176e-07	-7.7008e-10	1.287e-11	4.437e-11	3.1226e-07	-3.1154e-07	-6.7836e-10	1.063e-11	4.144e-11	3.1218e-07	-3.1158e-07	-5.9669e-10	8.07e-12	3.978e-11	3.1214e-07	-3.1156e-07	-5.234e-10	8.95e-12	4.06e-11	3.121e-07	-3.1152e-07	-4.7333e-10	6.31e-12	3.797e-11	3.1186e-07	-3.1146e-07	-3.7792e-10	8.47e-12	3.776e-11	3.1178e-07	-3.1146e-07	-2.993e-10	4.47e-12	3.194e-11	3.1178e-07	-3.1148e-07	-2.2428e-10	5.78e-12	2.92e-11	3.1164e-07	-3.114e-07	-1.1945e-10	6.62e-12	1.513e-11	3.1156e-07	-3.1144e-07	-7.23e-12	4.4e-12	3.06e-12	3.1148e-07	-3.1146e-07
0.96	-8.4645e-10	1.201e-11	5.106e-11	3.126e-07	-3.1182e-07	-7.6425e-10	1.229e-11	5.146e-11	3.1236e-07	-3.1158e-07	-6.9141e-10	1.154e-11	4.871e-11	3.1218e-07	-3.1156e-07	-6.19e-10	9.02e-12	4.675e-11	3.1208e-07	-3.1148e-07	-5.4152e-10	8.5e-12	4.377e-11	3.1206e-07	-3.1154e-07	-4.6894e-10	6.93e-12	4.364e-11	3.1194e-07	-3.1154e-07	-3.7835e-10	6.02e-12	4.007e-11	3.118e-07	-3.1142e-07	-3.0609e-10	5.9e-12	3.667e-11	3.1182e-07	-3.1146e-07	-2.0745e-10	3.91e-12	3.035e-11	3.1164e-07	-3.1144e-07	-1.2248e-10	6.49e-12	1.782e-11	3.1148e-07	-3.1144e-07	-2.359e-11	4.37e-12	2.47e-12	3.1152e-07	-3.1138e-07
0.955	-8.6263e-10	1.232e-11	6.077e-11	3.1254e-07	-3.118e-07	-7.8014e-10	8e-12	5.924e-11	3.123e-07	-3.1156e-07	-7.0197e-10	8.43e-12	5.926e-11	3.1218e-07	-3.115e-07	-6.1673e-10	9.11e-12	5.799e-11	3.1204e-07	-3.1146e-07	-5.5393e-10	9.42e-12	5.717e-11	3.1206e-07	-3.1152e-07	-4.4687e-10	9.34e-12	5.363e-11	3.1194e-07	-3.1146e-07	-3.9672e-10	7.74e-12	4.71e-11	3.1182e-07	-3.1142e-07	-3.0541e-10	6.44e-12	4.163e-11	3.1176e-07	-3.1154e-07	-2.2137e-10	5.36e-12	3.423e-11	3.1166e-07	-3.1144e-07	-1.2782e-10	4.93e-12	2.605e-11	3.116e-07	-3.1146e-07	-1.344e-11	5.53e-12	4.84e-12	3.1142e-07	-3.1138e-07
0.95	-8.7503e-10	8.68e-12	7.493e-11	3.1254e-07	-3.1176e-07	-7.8993e-10	1.096e-11	7.197e-11	3.1228e-07	-3.1154e-07	-7.0439e-10	7.73e-12	7.185e-11	3.1216e-07	-3.1156e-07	-6.3326e-10	6.03e-12	7.011e-11	3.1204e-07	-3.1146e-07	-5.5284e-10	6.29e-12	6.611e-11	3.1206e-07	-3.1156e-07	-4.7262e-10	4.98e-12	6.366e-11	3.1184e-07	-3.1146e-07	-3.9853e-10	6.83e-12	6.027e-11	3.1176e-07	-3.1138e-07	-3.2564e-10	4.7e-12	5.09e-11	3.1176e-07	-3.1144e-07	-2.3478e-10	6.45e-12	4.731e-11	3.1158e-07	-3.114e-07	-1.2763e-10	4.1e-12	2.805e-11	3.1162e-07	-3.115e-07	-2.4e-11	3.01e-12	8.19e-12	3.1142e-07	-3.1146e-07
0.945	-8.8651e-10	9.67e-12	8.836e-11	3.1254e-07	-3.117e-07	-7.9697e-10	9.34e-12	8.16e-11	3.1232e-07	-3.1152e-07	-7.1795e-10	8.29e-12	8.19e-11	3.1212e-07	-3.1156e-07	-6.3116e-10	6.98e-12	7.959e-11	3.1206e-07	-3.1146e-07	-5.6969e-10	7.11e-12	7.77e-11	3.1206e-07	-3.1156e-07	-4.9164e-10	5.29e-12	7.764e-11	3.1194e-07	-3.1154e-07	-4.1859e-10	3.2e-12	7.022e-11	3.1178e-07	-3.1144e-07	-3.328e-10	5.59e-12	6.255e-11	3.1186e-07	-3.1156e-07	-2.4055e-10	3.1e-12	5.478e-11	3.116e-07	-3.1142e-07	-1.4043e-10	3.58e-12	3.236e-11	3.1158e-07	-3.1146e-07	-2.543e-11	2.82e-12	1.247e-11	3.1148e-07	-3.1146e-07
0.94	-8.9818e-10	8.85e-12	1.0021e-10	3.1256e-07	-3.1176e-07	-8.2154e-10	8.8e-12	1.0082e-10	3.1226e-07	-3.115e-07	-7.3195e-10	7.93e-12	9.778e-11	3.1218e-07	-3.1154e-07	-6.4704e-10	6.37e-12	9.061e-11	3.1204e-07	-3.1146e-07	-5.7801e-10	6.95e-12	8.818e-11	3.1202e-07	-3.1154e-07	-5.1761e-10	4.89e-12	8.696e-11	3.1194e-07	-3.1148e-07	-4.2564e-10	5.24e-12	8.197e-11	3.1178e-07	-3.1138e-07	-3.3857e-10	4.27e-12	7.098e-11	3.1178e-07	-3.1154e-07	-2.5226e-10	4.31e-12	5.943e-11	3.116e-07	-3.1144e-07	-1.4885e-10	4.49e-12	4.393e-11	3.116e-07	-3.1144e-07	-1.765e-11	3.32e-12	9.2e-12	3.1148e-07	-3.1142e-07
0.935	-9.1276e-10	9.87e-12	1.2065e-10	3.1248e-07	-3.117e-07	-8.2084e-10	8.02e-12	1.1875e-10	3.123e-07	-3.1152e-07	-7.4923e-10	7.9e-12	1.1681e-10	3.1224e-07	-3.1158e-07	-6.6933e-10	7.55e-12	1.1204e-10	3.1208e-07	-3.115e-07	-6.0108e-10	5.94e-12	1.0973e-10	3.1208e-07	-3.1152e-07	-5.2678e-10	5.59e-12	1.0797e-10	3.1188e-07	-3.115e-07	-4.3564e-10	4.24e-12	9.468e-11	3.118e-07	-3.115e-07	-3.6096e-10	5.48e-12	8.679e-11	3.1182e-07	-3.115e-07	-2.6857e-10	3.7e-12	7.135e-11	3.1158e-07	-3.114e-07	-1.4589e-10	1.32e-12	5.095e-11	3.1162e-07	-3.1152e-07	-3.338e-11	3.9e-12	1.502e-11	3.1148e-07	-3.1148e-07
0.93	-9.315e-10	7.52e-12	1.4312e-10	3.126e-07	-3.1176e-07	-8.5092e-10	6.47e-12	1.3517e-10	3.1228e-07	-3.1152e-07	-7.7293e-10	4.76e-12	1.3481e-10	3.1224e-07	-3.1162e-07	-6.8091e-10	4.27e-12	1.2989e-10	3.1206e-07	-3.1156e-07	-6.1331e-10	5.18e-12	1.3021e-10	3.1202e-07	-3.1158e-07	-5.255e-10	3.28e-12	1.26e-10	3.1192e-07	-3.115e-07	-4.6135e-10	4.38e-12	1.1818e-10	3.1184e-07	-3.1146e-07	-3.5914e-10	2.08e-12	1.0524e-10	3.117e-07	-3.115e-07	-2.5356e-10	4.57e-12	9.018e-11	3.1158e-07	-3.114e-07	-1.6224e-10	2.02e-12	5.707e-11	3.1158e-07	-3.1142e-07	-1.995e-11	1.78e-12	1.967e-11	3.1148e-07	-3.114e-07
0.925	-9.5707e-10	7.24e-12	1.6537e-10	3.1252e-07	-3.117e-07	-8.7282e-10	9.2e-12	1.6566e-10	3.1228e-07	-3.1152e-07	-8.0167e-10	7.92e-12	1.5913e-10	3.123e-07	-3.116e-07	-7.1382e-10	4.69e-12	1.5185e-10	3.1208e-07	-3.1156e-07	-6.4163e-10	3.91e-12	1.4855e-10	3.1208e-07	-3.1158e-07	-5.4678e-10	4.48e-12	1.4703e-10	3.1196e-07	-3.1148e-07	-4.7016e-10	2.88e-12	1.3468e-10	3.119e-07	-3.1154e-07	-3.8783e-10	2.79e-12	1.2161e-10	3.118e-07	-3.115e-07	-2.8497e-10	8e-13	1.0028e-10	3.1164e-07	-3.114e-07	-1.6504e-10	3.23e-12	6.568e-11	3.1152e-07	-3.1146e-07	-2.788e-11	7.2e-13	1.99e-11	3.115e-07	-3.1148e-07
0.92	-9.902e-10	7.43e-12	1.9401e-10	3.1248e-07	-3.116e-07	-9.0706e-10	4.98e-12	1.9303e-10	3.1232e-07	-3.115e-07	-8.2166e-10	5.16e-12	1.8912e-10	3.1232e-07	-3.1158e-07	-7.2871e-10	5.15e-12	1.8083e-10	3.1208e-07	-3.115e-07	-6.7585e-10	5.26e-12	1.79e-10	3.1208e-07	-3.1156e-07	-5.8124e-10	4.52e-12	1.7264e-10	3.1194e-07	-3.1146e-07	-5.0763e-10	4.53e-12	1.5834e-10	3.1186e-07	-3.1148e-07	-4.0785e-10	2.76e-12	1.4289e-10	3.1176e-07	-3.1152e-07	-2.9608e-10	1.02e-12	1.1773e-10	3.1164e-07	-3.1138e-07	-1.8443e-10	1.98e-12	8.24e-11	3.1154e-07	-3.1144e-07	-3.306e-11	2.19e-12	2.509e-11	3.1142e-07	-3.1138e-07
0.915	-1.02527e-09	5.72e-12	2.3223e-10	3.1252e-07	-3.1162e-07	-9.4685e-10	4.85e-12	2.2866e-10	3.122e-07	-3.1152e-07	-8.6037e-10	4.28e-12	2.2374e-10	3.122e-07	-3.1154e-07	-7.6452e-10	4.05e-12	2.1361e-10	3.1202e-07	-3.1146e-07	-6.9239e-10	3.51e-12	2.1215e-10	3.1202e-07	-3.1156e-07	-6.2495e-10	3.01e-12	2.0457e-10	3.1186e-07	-3.115e-07	-5.2945e-10	5.13e-12	1.8991e-10	3.1182e-07	-3.115e-07	-4.3662e-10	2.02e-12	1.6928e-10	3.118e-07	-3.1144e-07	-3.3948e-10	3.65e-12	1.4033e-10	3.1164e-07	-3.114e-07	-1.9597e-10	1.99e-12	9.825e-11	3.1152e-07	-3.1142e-07	-3.762e-11	5e-13	3.161e-11	3.1146e-07	-3.1144e-07
0.91	-1.06072e-09	4.32e-12	2.7304e-10	3.1248e-07	-3.1164e-07	-9.7598e-10	5.4e-12	2.6503e-10	3.1236e-07	-3.1148e-07	-8.9236e-10	5.26e-12	2.639e-10	3.1224e-07	-3.1164e-07	-8.0021e-10	3.7e-12	2.5077e-10	3.121e-07	-3.115e-07	-7.4297e-10	3e-12	2.4997e-10	3.1206e-07	-3.1158e-07	-6.5508e-10	1.43e-12	2.4196e-10	3.1196e-07	-3.115e-07	-5.6963e-10	-1.5e-13	2.2375e-10	3.1188e-07	-3.1154e-07	-4.6582e-10	5.6e-13	2.0107e-10	3.1166e-07	-3.1138e-07	-3.3418e-10	7e-14	1.6656e-10	3.1166e-07	-3.1144e-07	-2.0793e-10	1.44e-12	1.0836e-10	3.1154e-07	-3.115e-07	-4.815e-11	-9e-14	4.043e-11	3.114e-07	-3.114e-07
0.905	-1.10833e-09	4.82e-12	3.1659e-10	3.125e-07	-3.1166e-07	-1.03476e-09	4.8e-12	3.164e-10	3.1226e-07	-3.1148e-07	-9.4628e-10	4.35e-12	3.0899e-10	3.1226e-07	-3.116e-07	-8.3903e-10	4.13e-12	2.8966e-10	3.1208e-07	-3.1144e-07	-7.7534e-10	3.65e-12	2.9113e-10	3.1206e-07	-3.1158e-07	-6.8178e-10	1.61e-12	2.8244e-10	3.1184e-07	-3.1144e-07	-6.0529e-10	2.21e-12	2.6233e-10	3.1188e-07	-3.1152e-07	-4.9382e-10	1.13e-12	2.3227e-10	3.1174e-07	-3.1148e-07	-3.8888e-10	9.9e-13	1.935e-10	3.116e-07	-3.114e-07	-2.3682e-10	1.15e-12	1.2684e-10	3.116e-07	-3.1146e-07	-4.031e-11	2.1e-13	4.354e-11	3.115e-07	-3.1134e-07
0.9	-1.1693e-09	5.54e-12	3.7118e-10	3.1246e-07	-3.1164e-07	-1.07341e-09	5.57e-12	3.746e-10	3.1226e-07	-3.1156e-07	-1.00235e-09	4.22e-12	3.6704e-10	3.1226e-07	-3.1164e-07	-9.0292e-10	4.68e-12	3.4553e-10	3.1206e-07	-3.115e-07	-8.3496e-10	2.7e-12	3.4441e-10	3.12e-07	-3.1152e-07	-7.3753e-10	3.9e-12	3.3459e-10	3.119e-07	-3.1144e-07	-6.4321e-10	2.18e-12	3.0643e-10	3.1184e-07	-3.115e-07	-5.3872e-10	1.49e-12	2.7576e-10	3.1172e-07	-3.1144e-07	-4.0026e-10	1.7e-12	2.3038e-10	3.1164e-07	-3.1148e-07	-2.5577e-10	2.2e-12	1.5504e-10	3.1166e-07	-3.1146e-07	-5.736e-11	9.1e-13	5.077e-11	3.114e-07	-3.1142e-07
0.895	-1.2427e-09	4.47e-12	4.4414e-10	3.1248e-07	-3.1164e-07	-1.1595e-09	1.36e-12	4.4203e-10	3.1226e-07	-3.115e-07	-1.06263e-09	1.12e-12	4.2893e-10	3.1224e-07	-3.1162e-07	-9.5145e-10	1.16e-12	4.0327e-10	3.1212e-07	-3.1154e-07	-8.9087e-10	2.52e-12	4.1091e-10	3.1202e-07	-3.116e-07	-7.8988e-10	3.5e-13	3.9146e-10	3.1188e-07	-3.1144e-07	-7.0911e-10	2.4e-12	3.67e-10	3.118e-07	-3.1152e-07	-5.7509e-10	-1e-14	3.2582e-10	3.1174e-07	-3.114e-07	-4.5316e-10	-6.9e-13	2.7457e-10	3.1164e-07	-3.114e-07	-2.9058e-10	1.5e-13	1.8281e-10	3.115e-07	-3.1148e-07	-6.002e-11	-1.04e-12	6.421e-11	3.114e-07	-3.1142e-07
0.89	-1.308e-09	4.61e-12	5.2243e-10	3.1246e-07	-3.1164e-07	-1.2271e-09	3.04e-12	5.1864e-10	3.1228e-07	-3.1158e-07	-1.14249e-09	4.26e-12	5.0694e-10	3.1222e-07	-3.1162e-07	-1.0301e-09	1.08e-12	4.7561e-10	3.1208e-07	-3.1156e-07	-9.664e-10	6e-14	4.7531e-10	3.1208e-07	-3.1156e-07	-8.6889e-10	1.01e-12	4.6214e-10	3.1188e-07	-3.114e-07	-7.6164e-10	5.6e-13	4.3004e-10	3.1182e-07	-3.1152e-07	-6.4102e-10	-5.1e-13	3.8413e-10	3.1172e-07	-3.115e-07	-4.938e-10	-4e-13	3.245e-10	3.1164e-07	-3.1144e-07	-3.1894e-10	-1.34e-12	2.1389e-10	3.1158e-07	-3.1148e-07	-7.336e-11	-1.67e-12	6.79e-11	3.114e-07	-3.1148e-07
0.885	-1.406e-09	2.36e-12	6.0694e-10	3.1248e-07	-3.1164e-07	-1.3178e-09	1.98e-12	6.069e-10	3.1224e-07	-3.1158e-07	-1.2219e-09	1.81e-12	5.9382e-10	3.1224e-07	-3.1156e-07	-1.10611e-09	2.4e-12	5.564e-10	3.1208e-07	-3.115e-07	-1.05556e-09	2.61e-12	5.6476e-10	3.1204e-07	-3.1154e-07	-9.5375e-10	1.36e-12	5.4103e-10	3.1186e-07	-3.1146e-07	-8.4977e-10	-5.9e-13	5.0057e-10	3.1184e-07	-3.1152e-07	-7.1234e-10	-7.6e-13	4.453e-10	3.117e-07	-3.1146e-07	-5.5407e-10	-1.41e-12	3.7363e-10	3.1158e-07	-3.1138e-07	-3.4345e-10	-1.17e-12	2.4804e-10	3.1152e-07	-3.114e-07	-8.888e-11	-9.7e-13	8.122e-11	3.1142e-07	-3.1146e-07
0.88	-1.5114e-09	4.12e-12	7.2308e-10	3.1242e-07	-3.1168e-07	-1.4241e-09	2.64e-12	7.2111e-10	3.123e-07	-3.1152e-07	-1.3387e-09	2.26e-12	7.0723e-10	3.123e-07	-3.1166e-07	-1.2217e-09	2.6e-12	6.5711e-10	3.1206e-07	-3.115e-07	-1.1579e-09	-1.2e-13	6.7101e-10	3.1206e-07	-3.1156e-07	-1.04382e-09	5.6e-13	6.3703e-10	3.1188e-07	-3.1142e-07	-9.3871e-10	1.72e-12	5.9395e-10	3.1186e-07	-3.1146e-07	-7.9335e-10	7.1e-13	5.3149e-10	3.1168e-07	-3.1136e-07	-6.2341e-10	7.5e-13	4.4112e-10	3.1162e-07	-3.1144e-07	-3.9622e-10	-1.1e-13	2.9636e-10	3.1152e-07	-3.1152e-07	-9.887e-11	-1.34e-12	1.0252e-10	3.114e-07	-3.1138e-07
0.875	-1.6413e-09	9.5e-13	8.4898e-10	3.1242e-07	-3.1172e-07	-1.5479e-09	1.37e-12	8.4195e-10	3.123e-07	-3.1156e-07	-1.4475e-09	-4.3e-13	8.2432e-10	3.1228e-07	-3.1156e-07	-1.3306e-09	9e-13	7.7093e-10	3.121e-07	-3.1154e-07	-1.2637e-09	1.39e-12	7.8079e-10	3.1204e-07	-3.1156e-07	-1.1584e-09	8.5e-13	7.4955e-10	3.1188e-07	-3.115e-07	-1.04105e-09	-1.61e-12	7.0144e-10	3.1184e-07	-3.1152e-07	-8.7664e-10	-1.6e-12	6.255e-10	3.1172e-07	-3.1152e-07	-6.8704e-10	-2.24e-12	5.1842e-10	3.1162e-07	-3.1146e-07	-4.3625e-10	-5.8e-13	3.4915e-10	3.1152e-07	-3.1138e-07	-1.1683e-10	-2.97e-12	1.1574e-10	3.1144e-07	-3.1142e-07
0.87	-1.7919e-09	1.21e-12	1.00203e-09	3.125e-07	-3.1166e-07	-1.705e-09	-1.9e-13	9.883e-10	3.123e-07	-3.1162e-07	-1.6082e-09	4.3e-13	9.7702e-10	3.1224e-07	-3.1156e-07	-1.4681e-09	-3.8e-13	9.1078e-10	3.1212e-07	-3.1156e-07	-1.4103e-09	9e-14	9.1763e-10	3.1206e-07	-3.1154e-07	-1.2897e-09	-1e-12	8.7977e-10	3.1188e-07	-3.1142e-07	-1.1619e-09	-1.2e-13	8.3153e-10	3.1182e-07	-3.1148e-07	-9.8055e-10	-1.56e-12	7.3417e-10	3.1172e-07	-3.1146e-07	-7.8334e-10	-1.57e-12	6.086e-10	3.1164e-07	-3.1144e-07	-5.0534e-10	-4.21e-12	4.0639e-10	3.1152e-07	-3.114e-07	-1.3033e-10	-2.53e-12	1.3626e-10	3.1142e-07	-3.114e-07
0.865	-1.9629e-09	1.56e-12	1.1674e-09	3.1246e-07	-3.1162e-07	-1.8833e-09	2.13e-12	1.1677e-09	3.123e-07	-3.1146e-07	-1.7614e-09	1.62e-12	1.14545e-09	3.1224e-07	-3.1156e-07	-1.6323e-09	3.9e-13	1.07655e-09	3.1214e-07	-3.1152e-07	-1.57e-09	-6e-14	1.08659e-09	3.1202e-07	-3.1152e-07	-1.4462e-09	1.2e-13	1.03324e-09	3.1188e-07	-3.1144e-07	-1.2956e-09	-3.33e-12	9.702e-10	3.1184e-07	-3.1152e-07	-1.11987e-09	-7.8e-13	8.6216e-10	3.1166e-07	-3.1142e-07	-8.8601e-10	-1.43e-12	7.0502e-10	3.1156e-07	-3.1138e-07	-5.8436e-10	-9.3e-13	4.754e-10	3.1154e-07	-3.1146e-07	-1.5426e-10	-1.23e-12	1.5872e-10	3.114e-07	-3.114e-07
0.86	-2.162e-09	2.01e-12	1.3804e-09	3.125e-07	-3.1174e-07	-2.0776e-09	2e-14	1.3792e-09	3.1228e-07	-3.1154e-07	-1.9829e-09	-2.42e-12	1.3474e-09	3.1224e-07	-3.116e-07	-1.8508e-09	1.8e-13	1.3137e-09	3.1212e-07	-3.1156e-07	-1.758e-09	-2.43e-12	1.278e-09	3.1206e-07	-3.1156e-07	-1.6299e-09	-1.9e-13	1.2203e-09	3.1188e-07	-3.114e-07	-1.4803e-09	-4.6e-13	1.14874e-09	3.119e-07	-3.1148e-07	-1.2767e-09	-1.23e-12	1.00988e-09	3.1176e-07	-3.1148e-07	-1.00657e-09	-1.86e-12	8.3289e-10	3.1158e-07	-3.1138e-07	-6.599e-10	-2.19e-12	5.6582e-10	3.116e-07	-3.1138e-07	-1.9397e-10	-3.55e-12	1.9244e-10	3.115e-07	-3.1138e-07
0.855	-2.4073e-09	6.8e-13	1.6296e-09	3.1248e-07	-3.1162e-07	-2.3276e-09	-3.6e-13	1.6301e-09	3.1228e-07	-3.1162e-07	-2.2082e-09	-2.4e-13	1.5802e-09	3.1224e-07	-3.1162e-07	-2.0992e-09	-4.5e-13	1.5519e-09	3.121e-07	-3.1152e-07	-1.9741e-09	-4.5e-13	1.5009e-09	3.1208e-07	-3.1152e-07	-1.8414e-09	-2.12e-12	1.4248e-09	3.118e-07	-3.1142e-07	-1.6795e-09	-1.65e-12	1.3382e-09	3.1192e-07	-3.1148e-07	-1.4525e-09	-2.82e-12	1.1899e-09	3.1172e-07	-3.115e-07	-1.1565e-09	-2.83e-12	9.7534e-10	3.117e-07	-3.1148e-07	-7.7196e-10	-2.52e-12	6.7336e-10	3.1156e-07	-3.115e-07	-2.2524e-10	-5.01e-12	2.1331e-10	3.114e-07	-3.1142e-07
0.85	-2.702e-09	-1.83e-12	1.9117e-09	3.125e-07	-3.1162e-07	-2.6124e-09	-1.72e-12	1.8949e-09	3.1236e-07	-3.1158e-07	-2.4997e-09	-1.77e-12	1.8599e-09	3.1226e-07	-3.116e-07	-2.3646e-09	-2.56e-12	1.8326e-09	3.1206e-07	-3.115e-07	-2.2408e-09	-2.19e-12	1.7672e-09	3.1212e-07	-3.1158e-07	-2.0942e-09	-3.51e-12	1.6855e-09	3.1182e-07	-3.1144e-07	-1.927e-09	-1.45e-12	1.5846e-09	3.1188e-07	-3.1152e-07	-1.6561e-09	-4.01e-12	1.4037e-09	3.1172e-07	-3.1144e-07	-1.326e-09	-4.52e-12	1.14671e-09	3.117e-07	-3.1152e-07	-8.6388e-10	-3.51e-12	7.8831e-10	3.1156e-07	-3.1146e-07	-2.5569e-10	-5.3e-12	2.5724e-10	3.114e-07	-3.114e-07
0.845	-3.0271e-09	7e-13	2.2568e-09	3.1248e-07	-3.1162e-07	-2.9506e-09	-5.9e-13	2.2309e-09	3.1232e-07	-3.1156e-07	-2.8165e-09	4.2e-13	2.1932e-09	3.1228e-07	-3.1164e-07	-2.6965e-09	-1.67e-12	2.1556e-09	3.1214e-07	-3.1152e-07	-2.5645e-09	-2.84e-12	2.0765e-09	3.1202e-07	-3.1148e-07	-2.3819e-09	-2.69e-12	1.987e-09	3.1184e-07	-3.1142e-07	-2.1835e-09	-4.43e-12	1.8638e-09	3.1192e-07	-3.1154e-07	-1.9082e-09	-3.4e-12	1.6461e-09	3.1172e-07	-3.1146e-07	-1.5451e-09	-2.92e-12	1.3586e-09	3.117e-07	-3.1144e-07	-1.01829e-09	-5.75e-12	9.1938e-10	3.1152e-07	-3.1138e-07	-2.9308e-10	-4.93e-12	3.1244e-10	3.1142e-07	-3.1138e-07
0.84	-3.4323e-09	-2.12e-12	2.6427e-09	3.1248e-07	-3.1164e-07	-3.3386e-09	-2.06e-12	2.6397e-09	3.123e-07	-3.1152e-07	-3.2195e-09	-4.03e-12	2.5867e-09	3.1216e-07	-3.1156e-07	-3.0904e-09	-1.97e-12	2.5397e-09	3.122e-07	-3.116e-07	-2.9157e-09	-3.16e-12	2.4556e-09	3.1206e-07	-3.1152e-07	-2.7525e-09	-3.44e-12	2.3397e-09	3.1184e-07	-3.1138e-07	-2.5362e-09	-3.8e-12	2.1917e-09	3.1178e-07	-3.114e-07	-2.1912e-09	-4.29e-12	1.9391e-09	3.1166e-07	-3.1146e-07	-1.7821e-09	-4.03e-12	1.6009e-09	3.1158e-07	-3.1138e-07	-1.1806e-09	-3.71e-12	1.08634e-09	3.1154e-07	-3.1144e-07	-3.6301e-10	-6.48e-12	3.6813e-10	3.114e-07	-3.1146e-07
0.835	-3.8996e-09	-1.55e-12	3.1208e-09	3.124e-07	-3.1164e-07	-3.7851e-09	-2.94e-12	3.1071e-09	3.123e-07	-3.1156e-07	-3.6978e-09	-2.08e-12	3.0321e-09	3.1226e-07	-3.1162e-07	-3.5433e-09	-3.19e-12	2.9838e-09	3.1212e-07	-3.1156e-07	-3.3766e-09	-1.6e-12	2.8779e-09	3.1202e-07	-3.1158e-07	-3.15e-09	-4.1e-12	2.7422e-09	3.1184e-07	-3.114e-07	-2.9156e-09	-3.36e-12	2.5769e-09	3.1176e-07	-3.1144e-07	-2.5283e-09	-4.39e-12	2.2844e-09	3.1164e-07	-3.115e-07	-2.0444e-09	-5.14e-12	1.8866e-09	3.116e-07	-3.1146e-07	-1.3764e-09	-7.87e-12	1.2837e-09	3.1148e-07	-3.1146e-07	-4.1366e-10	-8.04e-12	4.0475e-10	3.1144e-07	-3.114e-07
0.83	-4.4385e-09	-3.7e-12	3.6773e-09	3.1258e-07	-3.1172e-07	-4.3419e-09	-1.81e-12	3.6415e-09	3.1232e-07	-3.1158e-07	-4.2009e-09	-2.32e-12	3.574e-09	3.122e-07	-3.1152e-07	-4.0691e-09	-3.33e-12	3.5205e-09	3.1214e-07	-3.1152e-07	-3.8761e-09	-3.33e-12	3.3909e-09	3.12e-07	-3.1156e-07	-3.6253e-09	-4.76e-12	3.2263e-09	3.1186e-07	-3.114e-07	-3.3635e-09	-7.24e-12	3.0379e-09	3.1178e-07	-3.115e-07	-2.9207e-09	-7.01e-12	2.6779e-09	3.1172e-07	-3.1146e-07	-2.3792e-09	-7e-12	2.2191e-09	3.1166e-07	-3.1146e-07	-1.5895e-09	-7.27e-12	1.4986e-09	3.1156e-07	-3.1144e-07	-4.7597e-10	-6.33e-12	4.9796e-10	3.1148e-07	-3.1146e-07
0.825	-5.1159e-09	-1.01e-12	4.2965e-09	3.124e-07	-3.1158e-07	-4.974e-09	-3.09e-12	4.2766e-09	3.1224e-07	-3.1158e-07	-4.8594e-09	-5.68e-12	4.2206e-09	3.1214e-07	-3.115e-07	-4.6767e-09	-2.89e-12	4.1414e-09	3.1208e-07	-3.115e-07	-4.4786e-09	-5.92e-12	3.9786e-09	3.1208e-07	-3.1162e-07	-4.1909e-09	-2.88e-12	3.8102e-09	3.1182e-07	-3.1138e-07	-3.9084e-09	-5.58e-12	3.5565e-09	3.1182e-07	-3.114e-07	-3.4058e-09	-6.04e-12	3.1512e-09	3.117e-07	-3.1144e-07	-2.7844e-09	-5.87e-12	2.584e-09	3.1164e-07	-3.1144e-07	-1.8897e-09	-9.63e-12	1.7688e-09	3.1158e-07	-3.1142e-07	-5.6774e-10	-8.11e-12	5.7677e-10	3.114e-07	-3.114e-07
0.82	-5.8553e-09	-2.8e-12	5.0912e-09	3.125e-07	-3.1164e-07	-5.7482e-09	-4.78e-12	5.0406e-09	3.1236e-07	-3.116e-07	-5.5782e-09	-4.72e-12	4.9734e-09	3.1214e-07	-3.1154e-07	-5.4148e-09	-5.99e-12	4.8711e-09	3.1214e-07	-3.1162e-07	-5.1916e-09	-3.19e-12	4.7204e-09	3.1204e-07	-3.1148e-07	-4.8759e-09	-6.08e-12	4.4768e-09	3.1188e-07	-3.1142e-07	-4.5444e-09	-5.94e-12	4.2038e-09	3.1178e-07	-3.1142e-07	-3.9596e-09	-7.11e-12	3.7026e-09	3.117e-07	-3.1144e-07	-3.206e-09	-7.08e-12	3.0389e-09	3.1166e-07	-3.1144e-07	-2.202e-09	-5.55e-12	2.1044e-09	3.1158e-07	-3.1148e-07	-6.8076e-10	-1.105e-11	6.9192e-10	3.1142e-07	-3.1146e-07
0.815	-6.7717e-09	-4.9e-12	6.0035e-09	3.1242e-07	-3.1172e-07	-6.6186e-09	-4.7e-12	5.957e-09	3.1232e-07	-3.1164e-07	-6.4451e-09	-5.38e-12	5.8386e-09	3.122e-07	-3.1152e-07	-6.2955e-09	-5.95e-12	5.724e-09	3.1212e-07	-3.1154e-07	-6.0063e-09	-6.88e-12	5.5525e-09	3.1202e-07	-3.1158e-07	-5.664e-09	-6.97e-12	5.2767e-09	3.1188e-07	-3.1144e-07	-5.3003e-09	-6.85e-12	4.9298e-09	3.1182e-07	-3.114e-07	-4.6263e-09	-8.9e-12	4.3406e-09	3.1176e-07	-3.1144e-07	-3.7385e-09	-9.37e-12	3.566e-09	3.1166e-07	-3.1144e-07	-2.5718e-09	-9.72e-12	2.4769e-09	3.1152e-07	-3.1148e-07	-7.9796e-10	-1.025e-11	8.1469e-10	3.1142e-07	-3.114e-07
0.81	-7.8709e-09	-3.29e-12	7.0249e-09	3.1246e-07	-3.1164e-07	-7.6963e-09	-5.55e-12	6.9641e-09	3.1226e-07	-3.1154e-07	-7.5199e-09	-6.05e-12	6.8616e-09	3.1212e-07	-3.1142e-07	-7.3162e-09	-6.23e-12	6.7135e-09	3.1206e-07	-3.1152e-07	-7.0285e-09	-7.62e-12	6.5043e-09	3.1206e-07	-3.1156e-07	-6.6132e-09	-5.82e-12	6.1491e-09	3.119e-07	-3.1144e-07	-6.1401e-09	-9.29e-12	5.8107e-09	3.1184e-07	-3.1144e-07	-5.3944e-09	-8.35e-12	5.1367e-09	3.1172e-07	-3.1148e-07	-4.4285e-09	-9.32e-12	4.2046e-09	3.1166e-07	-3.1146e-07	-3.0008e-09	-1.014e-11	2.8954e-09	3.1164e-07	-3.115e-07	-9.362e-10	-1.09e-11	9.2318e-10	3.1136e-07	-3.1134e-07
0.805	-9.061e-09	-8.02e-12	8.3405e-09	3.1252e-07	-3.117e-07	-8.9287e-09	-7.62e-12	8.2372e-09	3.1232e-07	-3.1156e-07	-8.7226e-09	-8.48e-12	8.0504e-09	3.1214e-07	-3.114e-07	-8.4591e-09	-7.59e-12	7.9439e-09	3.1208e-07	-3.1152e-07	-8.1344e-09	-8.61e-12	7.6828e-09	3.1208e-07	-3.1162e-07	-7.6437e-09	-8.12e-12	7.2912e-09	3.1182e-07	-3.115e-07	-7.1348e-09	-7.7e-12	6.879e-09	3.1178e-07	-3.1138e-07	-6.3098e-09	-9.54e-12	6.0458e-09	3.1166e-07	-3.1138e-07	-5.1121e-09	-8.04e-12	4.9723e-09	3.1166e-07	-3.1152e-07	-3.5186e-09	-1.145e-11	3.3965e-09	3.1164e-07	-3.1156e-07	-1.1055e-09	-1.254e-11	1.14955e-09	3.114e-07	-3.114e-07
0.8	-1.05805e-08	-6.9e-12	9.7773e-09	3.1248e-07	-3.1168e-07	-1.0369e-08	-8.13e-12	9.7091e-09	3.123e-07	-3.116e-07	-1.01111e-08	-6.05e-12	9.5568e-09	3.122e-07	-3.1158e-07	-9.8327e-09	-8.96e-12	9.3615e-09	3.1212e-07	-3.1154e-07	-9.556e-09	-8.1e-12	8.9997e-09	3.1208e-07	-3.115e-07	-8.9626e-09	-1.003e-11	8.6371e-09	3.1188e-07	-3.1144e-07	-8.3907e-09	-1.008e-11	8.1044e-09	3.1178e-07	-3.115e-07	-7.3443e-09	-1.022e-11	7.1068e-09	3.1176e-07	-3.114e-07	-6.0234e-09	-1.227e-11	5.8627e-09	3.1168e-07	-3.115e-07	-4.1334e-09	-1.222e-11	4.0766e-09	3.1164e-07	-3.1156e-07	-1.2753e-09	-1.539e-11	1.2858e-09	3.1144e-07	-3.114e-07
0.795	-1.23608e-08	-9.88e-12	1.15572e-08	3.124e-07	-3.1158e-07	-1.21076e-08	-8.19e-12	1.13707e-08	3.1238e-07	-3.116e-07	-1.18126e-08	-9.46e-12	1.12085e-08	3.1224e-07	-3.1156e-07	-1.15234e-08	-8.49e-12	1.09938e-08	3.1212e-07	-3.1154e-07	-1.10483e-08	-1.198e-11	1.06405e-08	3.12e-07	-3.115e-07	-1.05022e-08	-1.068e-11	1.01344e-08	3.1188e-07	-3.1144e-07	-9.8437e-09	-1.223e-11	9.5038e-09	3.1178e-07	-3.1144e-07	-8.588e-09	-1.252e-11	8.379e-09	3.1166e-07	-3.1144e-07	-7.0331e-09	-1.27e-11	6.8461e-09	3.1168e-07	-3.1152e-07	-4.7771e-09	-1.441e-11	4.7207e-09	3.1164e-07	-3.1152e-07	-1.5702e-09	-1.585e-11	1.5315e-09	3.1148e-07	-3.1144e-07
0.79	-1.43976e-08	-1.07e-11	1.35384e-08	3.1248e-07	-3.117e-07	-1.41198e-08	-9.25e-12	1.3453e-08	3.1232e-07	-3.1166e-07	-1.37578e-08	-1.019e-11	1.32086e-08	3.122e-07	-3.1162e-07	-1.34436e-08	-9.64e-12	1.28624e-08	3.121e-07	-3.1158e-07	-1.29554e-08	-1.131e-11	1.24714e-08	3.12e-07	-3.1148e-07	-1.22608e-08	-1.203e-11	1.1824e-08	3.1184e-07	-3.1146e-07	-1.14704e-08	-1.208e-11	1.11414e-08	3.1178e-07	-3.1144e-07	-1.00774e-08	-1.145e-11	9.792e-09	3.1166e-07	-3.1142e-07	-8.2065e-09	-1.238e-11	8.0189e-09	3.1172e-07	-3.1148e-07	-5.6306e-09	-1.638e-11	5.5437e-09	3.117e-07	-3.115e-07	-1.7947e-09	-1.632e-11	1.8344e-09	3.1146e-07	-3.1138e-07
0.785	-1.67618e-08	-7.9e-12	1.59852e-08	3.1244e-07	-3.1162e-07	-1.65388e-08	-1.102e-11	1.57936e-08	3.1238e-07	-3.1166e-07	-1.61152e-08	-1.027e-11	1.5528e-08	3.1228e-07	-3.1168e-07	-1.57504e-08	-1.192e-11	1.5248e-08	3.1212e-07	-3.1146e-07	-1.51886e-08	-1.186e-11	1.47606e-08	3.1202e-07	-3.1146e-07	-1.43922e-08	-1.389e-11	1.4063e-08	3.1182e-07	-3.114e-07	-1.34888e-08	-1.366e-11	1.3148e-08	3.1178e-07	-3.1144e-07	-1.17882e-08	-1.429e-11	1.15836e-08	3.117e-07	-3.1142e-07	-9.6351e-09	-1.63e-11	9.535e-09	3.1168e-07	-3.1146e-07	-6.664e-09	-1.588e-11	6.5337e-09	3.1166e-07	-3.1152e-07	-2.0654e-09	-1.727e-11	2.1134e-09	3.1146e-07	-3.114e-07
0.78	-1.95734e-08	-1.368e-11	1.87784e-08	3.1246e-07	-3.1168e-07	-1.92342e-08	-1.226e-11	1.85914e-08	3.1242e-07	-3.1166e-07	-1.8874e-08	-1.211e-11	1.82464e-08	3.1228e-07	-3.1166e-07	-1.84184e-08	-1.209e-11	1.78378e-08	3.1202e-07	-3.1152e-07	-1.7815e-08	-1.382e-11	1.73196e-08	3.1194e-07	-3.1146e-07	-1.68436e-08	-1.475e-11	1.64932e-08	3.1184e-07	-3.1142e-07	-1.5775e-08	-1.525e-11	1.5424e-08	3.1176e-07	-3.1142e-07	-1.3858e-08	-1.601e-11	1.35938e-08	3.1166e-07	-3.1136e-07	-1.13528e-08	-1.829e-11	1.12538e-08	3.117e-07	-3.1152e-07	-7.8254e-09	-1.961e-11	7.7065e-09	3.1156e-07	-3.1144e-07	-2.4465e-09	-2.026e-11	2.4035e-09	3.114e-07	-3.1142e-07
0.775	-2.29066e-08	-1.221e-11	2.21684e-08	3.1244e-07	-3.1164e-07	-2.25286e-08	-1.394e-11	2.19874e-08	3.124e-07	-3.1168e-07	-2.21624e-08	-1.513e-11	2.15622e-08	3.1226e-07	-3.1152e-07	-2.16176e-08	-1.493e-11	2.10578e-08	3.1208e-07	-3.1148e-07	-2.09004e-08	-1.517e-11	2.04128e-08	3.12e-07	-3.115e-07	-1.97586e-08	-1.446e-11	1.94514e-08	3.119e-07	-3.115e-07	-1.86162e-08	-1.671e-11	1.82728e-08	3.1182e-07	-3.1142e-07	-1.62966e-08	-1.697e-11	1.60294e-08	3.1164e-07	-3.1134e-07	-1.33754e-08	-1.711e-11	1.32002e-08	3.1172e-07	-3.115e-07	-9.177e-09	-1.894e-11	9.1779e-09	3.116e-07	-3.1142e-07	-2.9092e-09	-2.173e-11	2.9327e-09	3.1138e-07	-3.1134e-07
0.77	-2.68378e-08	-1.214e-11	2.61178e-08	3.1244e-07	-3.1166e-07	-2.64826e-08	-1.459e-11	2.59106e-08	3.1232e-07	-3.1168e-07	-2.59902e-08	-1.411e-11	2.53484e-08	3.1226e-07	-3.116e-07	-2.53398e-08	-1.463e-11	2.4801e-08	3.1208e-07	-3.1152e-07	-2.4457e-08	-1.59e-11	2.40248e-08	3.1206e-07	-3.1144e-07	-2.3159e-08	-1.81e-11	2.28652e-08	3.1184e-07	-3.1146e-07	-2.17386e-08	-1.748e-11	2.14316e-08	3.1174e-07	-3.1144e-07	-1.90084e-08	-1.901e-11	1.88866e-08	3.1176e-07	-3.115e-07	-1.57262e-08	-2.136e-11	1.55256e-08	3.1178e-07	-3.115e-07	-1.07095e-08	-2.205e-11	1.07253e-08	3.1152e-07	-3.1146e-07	-3.3643e-09	-2.216e-11	3.4278e-09	3.114e-07	-3.1134e-07
0.765	-3.15904e-08	-1.859e-11	3.06704e-08	3.1242e-07	-3.116e-07	-3.12324e-08	-1.589e-11	3.06104e-08	3.1242e-07	-3.1168e-07	-3.05044e-08	-1.648e-11	2.9769e-08	3.1224e-07	-3.1158e-07	-2.96588e-08	-1.683e-11	2.90798e-08	3.1214e-07	-3.1156e-07	-2.85688e-08	-1.821e-11	2.8139e-08	3.12e-07	-3.1146e-07	-2.7207e-08	-1.907e-11	2.6877e-08	3.1184e-07	-3.1144e-07	-2.56354e-08	-2.023e-11	2.52788e-08	3.1182e-07	-3.1144e-07	-2.24312e-08	-2.019e-11	2.2162e-08	3.118e-07	-3.115e-07	-1.8387e-08	-2.056e-11	1.83276e-08	3.117e-07	-3.1146e-07	-1.26536e-08	-2.394e-11	1.26182e-08	3.1164e-07	-3.1144e-07	-3.9755e-09	-2.755e-11	3.9694e-09	3.1146e-07	-3.1136e-07
0.76	-3.70164e-08	-1.598e-11	3.6149e-08	3.1248e-07	-3.117e-07	-3.66544e-08	-1.722e-11	3.58646e-08	3.1236e-07	-3.1164e-07	-3.58202e-08	-2.031e-11	3.5057e-08	3.1224e-07	-3.1162e-07	-3.49378e-08	-1.886e-11	3.44338e-08	3.1208e-07	-3.1158e-07	-3.3676e-08	-1.901e-11	3.3198e-08	3.1196e-07	-3.1152e-07	-3.21374e-08	-2.049e-11	3.1577e-08	3.1188e-07	-3.1144e-07	-3.00558e-08	-2.085e-11	2.96722e-08	3.1182e-07	-3.1142e-07	-2.63882e-08	-2.26e-11	2.62414e-08	3.1178e-07	-3.1144e-07	-2.17948e-08	-2.547e-11	2.14956e-08	3.1172e-07	-3.1144e-07	-1.48128e-08	-2.605e-11	1.48112e-08	3.1154e-07	-3.1136e-07	-4.753e-09	-2.705e-11	4.7079e-09	3.114e-07	-3.1146e-07
0.755	-4.34794e-08	-1.86e-11	4.25066e-08	3.1238e-07	-3.1156e-07	-4.28774e-08	-1.898e-11	4.2134e-08	3.123e-07	-3.1162e-07	-4.20548e-08	-1.756e-11	4.16e-08	3.1218e-07	-3.1158e-07	-4.11742e-08	-1.993e-11	4.04508e-08	3.122e-07	-3.1154e-07	-3.95434e-08	-2.093e-11	3.922e-08	3.1194e-07	-3.114e-07	-3.77734e-08	-2.335e-11	3.7503e-08	3.1186e-07	-3.1146e-07	-3.53586e-08	-2.316e-11	3.5043e-08	3.1182e-07	-3.1134e-07	-3.10658e-08	-2.446e-11	3.0958e-08	3.1182e-07	-3.1158e-07	-2.55658e-08	-2.591e-11	2.53494e-08	3.1168e-07	-3.1144e-07	-1.7402e-08	-2.85e-11	1.73996e-08	3.1148e-07	-3.1144e-07	-5.5903e-09	-2.973e-11	5.511e-09	3.1148e-07	-3.1144e-07
0.75	-5.08992e-08	-2.27e-11	5.01122e-08	3.1244e-07	-3.117e-07	-5.0288e-08	-2.158e-11	4.96964e-08	3.123e-07	-3.1156e-07	-4.93482e-08	-2.192e-11	4.8742e-08	3.1226e-07	-3.1158e-07	-4.81738e-08	-2.186e-11	4.78844e-08	3.1206e-07	-3.115e-07	-4.65094e-08	-2.377e-11	4.61988e-08	3.1188e-07	-3.1146e-07	-4.41374e-08	-2.409e-11	4.397e-08	3.1184e-07	-3.1142e-07	-4.1504e-08	-2.602e-11	4.12234e-08	3.1182e-07	-3.1144e-07	-3.64436e-08	-2.715e-11	3.61672e-08	3.117e-07	-3.1146e-07	-3.00612e-08	-2.703e-11	3.00338e-08	3.116e-07	-3.1146e-07	-2.06242e-08	-2.912e-11	2.0491e-08	3.115e-07	-3.1146e-07	-6.6916e-09	-3.284e-11	6.6131e-09	3.1142e-07	-3.1144e-07
0.745	-5.9896e-08	-2.056e-11	5.9024e-08	3.1244e-07	-3.116e-07	-5.93478e-08	-2.238e-11	5.88162e-08	3.1226e-07	-3.115e-07	-5.82932e-08	-2.443e-11	5.75628e-08	3.1228e-07	-3.1156e-07	-5.66214e-08	-2.48e-11	5.63396e-08	3.122e-07	-3.1158e-07	-5.50018e-08	-2.451e-11	5.4449e-08	3.1192e-07	-3.1144e-07	-5.20814e-08	-2.572e-11	5.17814e-08	3.1184e-07	-3.1146e-07	-4.87938e-08	-2.739e-11	4.8456e-08	3.1178e-07	-3.115e-07	-4.31264e-08	-2.942e-11	4.2788e-08	3.1176e-07	-3.1152e-07	-3.54156e-08	-3.201e-11	3.52438e-08	3.1174e-07	-3.1152e-07	-2.42752e-08	-3.462e-11	2.43766e-08	3.1158e-07	-3.1146e-07	-7.8913e-09	-3.606e-11	7.7622e-09	3.1144e-07	-3.1154e-07
0.74	-7.02764e-08	-2.49e-11	6.9676e-08	3.1242e-07	-3.1166e-07	-6.99604e-08	-2.516e-11	6.91222e-08	3.1226e-07	-3.116e-07	-6.8349e-08	-2.327e-11	6.7839e-08	3.1224e-07	-3.1158e-07	-6.69658e-08	-2.597e-11	6.6287e-08	3.121e-07	-3.1168e-07	-6.45994e-08	-2.796e-11	6.4203e-08	3.1196e-07	-3.1146e-07	-6.15554e-08	-2.94e-11	6.10028e-08	3.1184e-07	-3.1144e-07	-5.7488e-08	-3.039e-11	5.6953e-08	3.118e-07	-3.114e-07	-5.04116e-08	-3.148e-11	5.01942e-08	3.1174e-07	-3.1148e-07	-4.16408e-08	-3.206e-11	4.15978e-08	3.116e-07	-3.115e-07	-2.86906e-08	-3.364e-11	2.87174e-08	3.1156e-07	-3.114e-07	-9.0856e-09	-3.703e-11	9.2122e-09	3.1142e-07	-3.1144e-07
0.735	-8.28618e-08	-2.805e-11	8.19374e-08	3.1256e-07	-3.1176e-07	-8.21088e-08	-2.616e-11	8.12404e-08	3.1228e-07	-3.1158e-07	-8.08426e-08	-2.798e-11	7.95658e-08	3.1224e-07	-3.1158e-07	-7.88164e-08	-2.865e-11	7.84252e-08	3.1218e-07	-3.1166e-07	-7.61278e-08	-2.96e-11	7.54192e-08	3.1194e-07	-3.1146e-07	-7.19318e-08	-3.007e-11	7.16894e-08	3.1192e-07	-3.1146e-07	-6.79382e-08	-3.292e-11	6.74616e-08	3.1182e-07	-3.1152e-07	-5.9631e-08	-3.39e-11	5.93532e-08	3.1176e-07	-3.1156e-07	-4.91884e-08	-3.538e-11	4.8992e-08	3.1162e-07	-3.1138e-07	-3.36172e-08	-3.845e-11	3.3777e-08	3.1152e-07	-3.114e-07	-1.07468e-08	-3.96e-11	1.05669e-08	3.1142e-07	-3.1134e-07
0.73	-9.75152e-08	-2.632e-11	9.64256e-08	3.125e-07	-3.1168e-07	-9.66692e-08	-3.009e-11	9.53422e-08	3.1226e-07	-3.1148e-07	-9.47846e-08	-2.967e-11	9.40904e-08	3.1224e-07	-3.1156e-07	-9.24918e-08	-3.204e-11	9.22288e-08	3.122e-07	-3.1168e-07	-8.92034e-08	-3.144e-11	8.8577e-08	3.1192e-07	-3.1132e-07	-8.46138e-08	-3.33e-11	8.42952e-08	3.1188e-07	-3.1144e-07	-7.95702e-08	-3.464e-11	7.94168e-08	3.1176e-07	-3.114e-07	-6.98792e-08	-3.623e-11	6.97346e-08	3.1182e-07	-3.1154e-07	-5.79378e-08	-3.936e-11	5.72346e-08	3.1166e-07	-3.1142e-07	-3.98264e-08	-4.174e-11	3.9688e-08	3.1158e-07	-3.1144e-07	-1.27964e-08	-4.404e-11	1.29842e-08	3.114e-07	-3.114e-07
0.725	-1.144762e-07	-3.234e-11	1.136148e-07	3.125e-07	-3.117e-07	-1.13109e-07	-3.139e-11	1.124166e-07	3.1234e-07	-3.116e-07	-1.120094e-07	-3.141e-11	1.109504e-07	3.122e-07	-3.1162e-07	-1.090272e-07	-3.278e-11	1.081854e-07	3.1222e-07	-3.1168e-07	-1.053286e-07	-3.54e-11	1.049106e-07	3.1194e-07	-3.1146e-07	-1.001464e-07	-3.649e-11	9.97076e-08	3.1184e-07	-3.1142e-07	-9.3964e-08	-3.768e-11	9.32988e-08	3.1178e-07	-3.115e-07	-8.2521e-08	-3.889e-11	8.22632e-08	3.1182e-07	-3.115e-07	-6.79846e-08	-3.987e-11	6.7818e-08	3.116e-07	-3.1138e-07	-4.66272e-08	-4.541e-11	4.6854e-08	3.1154e-07	-3.1138e-07	-1.488e-08	-4.683e-11	1.50104e-08	3.1142e-07	-3.1144e-07
0.72	-1.3474e-07	-3.261e-11	1.3388e-07	3.1248e-07	-3.117e-07	-1.3286e-07	-3.366e-11	1.3204e-07	3.123e-07	-3.1156e-07	-1.3062e-07	-3.555e-11	1.3068e-07	3.122e-07	-3.1162e-07	-1.2814e-07	-3.705e-11	1.2698e-07	3.1218e-07	-3.1158e-07	-1.2302e-07	-3.72e-11	1.2292e-07	3.1196e-07	-3.1144e-07	-1.1706e-07	-3.783e-11	1.1762e-07	3.1188e-07	-3.114e-07	-1.099918e-07	-4.127e-11	1.097788e-07	3.1188e-07	-3.115e-07	-9.73798e-08	-4.24e-11	9.67282e-08	3.117e-07	-3.115e-07	-8.01754e-08	-4.536e-11	7.9286e-08	3.1166e-07	-3.114e-07	-5.446e-08	-4.664e-11	5.41598e-08	3.1156e-07	-3.1142e-07	-1.77998e-08	-4.979e-11	1.75798e-08	3.1138e-07	-3.114e-07
0.715	-1.5892e-07	-3.656e-11	1.5692e-07	3.125e-07	-3.1164e-07	-1.5672e-07	-3.482e-11	1.567e-07	3.1228e-07	-3.115e-07	-1.535e-07	-3.775e-11	1.5258e-07	3.123e-07	-3.1164e-07	-1.5134e-07	-3.93e-11	1.5074e-07	3.1212e-07	-3.1156e-07	-1.4606e-07	-4.199e-11	1.451e-07	3.1194e-07	-3.1144e-07	-1.3844e-07	-4.154e-11	1.377e-07	3.1186e-07	-3.1138e-07	-1.2986e-07	-4.262e-11	1.2948e-07	3.1176e-07	-3.1146e-07	-1.139526e-07	-4.583e-11	1.138034e-07	3.1182e-07	-3.115e-07	-9.40086e-08	-4.952e-11	9.37222e-08	3.116e-07	-3.114e-07	-6.39472e-08	-5.268e-11	6.4415e-08	3.116e-07	-3.1144e-07	-2.04654e-08	-5.685e-11	2.1249e-08	3.1142e-07	-3.1142e-07
0.71	-1.8772e-07	-3.837e-11	1.8598e-07	3.1254e-07	-3.1174e-07	-1.8564e-07	-3.992e-11	1.8412e-07	3.1226e-07	-3.1156e-07	-1.7428e-07	-4.026e-11	1.7388e-07	3.1226e-07	-3.116e-07	-1.7756e-07	-4.341e-11	1.7686e-07	3.1214e-07	-3.1158e-07	-1.7226e-07	-4.392e-11	1.7102e-07	3.1194e-07	-3.1146e-07	-1.6208e-07	-4.383e-11	1.6196e-07	3.1184e-07	-3.1146e-07	-1.5304e-07	-4.625e-11	1.5134e-07	3.1184e-07	-3.1138e-07	-1.3368e-07	-4.856e-11	1.3332e-07	3.117e-07	-3.1146e-07	-1.099218e-07	-5.047e-11	1.106414e-07	3.116e-07	-3.1138e-07	-7.52212e-08	-5.384e-11	7.51816e-08	3.1158e-07	-3.1144e-07	-2.42774e-08	-5.697e-11	2.45066e-08	3.114e-07	-3.1138e-07
0.705	-2.1896e-07	-4.236e-11	2.1968e-07	3.1256e-07	-3.1174e-07	-2.1864e-07	-4.446e-11	2.177e-07	3.1224e-07	-3.115e-07	-2.0416e-07	-4.233e-11	2.0406e-07	3.1226e-07	-3.1154e-07	-2.0924e-07	-4.58e-11	2.0854e-07	3.1222e-07	-3.1158e-07	-2.0192e-07	-4.595e-11	2.0058e-07	3.12e-07	-3.1146e-07	-1.9278e-07	-4.754e-11	1.9108e-07	3.1188e-07	-3.1146e-07	-1.8002e-07	-5.094e-11	1.784e-07	3.1182e-07	-3.1146e-07	-1.5912e-07	-5.181e-11	1.5768e-07	3.1178e-07	-3.115e-07	-1.3172e-07	-5.527e-11	1.305e-07	3.1168e-07	-3.1142e-07	-8.83956e-08	-5.862e-11	8.90764e-08	3.1158e-07	-3.114e-07	-2.93556e-08	-6.271e-11	2.8908e-08	3.1146e-07	-3.1146e-07
0.7	-2.5942e-07	-4.641e-11	2.5926e-07	3.125e-07	-3.117e-07	-2.5776e-07	-4.578e-11	2.5578e-07	3.1224e-07	-3.1158e-07	-2.4028e-07	-4.628e-11	2.392e-07	3.1224e-07	-3.1166e-07	-2.465e-07	-4.673e-11	2.453e-07	3.122e-07	-3.1158e-07	-2.3858e-07	-4.977e-11	2.3658e-07	3.1194e-07	-3.1138e-07	-2.2586e-07	-5.356e-11	2.2618e-07	3.1192e-07	-3.1152e-07	-2.1224e-07	-5.478e-11	2.1202e-07	3.118e-07	-3.1146e-07	-1.8704e-07	-5.836e-11	1.8568e-07	3.1182e-07	-3.115e-07	-1.5346e-07	-5.948e-11	1.5376e-07	3.1168e-07	-3.1142e-07	-1.049756e-07	-6.46e-11	1.044418e-07	3.1158e-07	-3.1146e-07	-3.3713e-08	-6.759e-11	3.35408e-08	3.1146e-07	-3.1136e-07
0.695	-3.0354e-07	-4.591e-11	3.0382e-07	3.1244e-07	-3.1168e-07	-3.0068e-07	-5.137e-11	3.0096e-07	3.123e-07	-3.1156e-07	-2.8266e-07	-5.031e-11	2.8124e-07	3.122e-07	-3.116e-07	-2.908e-07	-5.194e-11	2.906e-07	3.1224e-07	-3.1158e-07	-2.7896e-07	-5.211e-11	2.808e-07	3.1194e-07	-3.114e-07	-2.6736e-07	-5.677e-11	2.671e-07	3.1188e-07	-3.1154e-07	-2.4804e-07	-5.842e-11	2.51e-07	3.1176e-07	-3.115e-07	-2.1984e-07	-5.906e-11	2.1694e-07	3.1184e-07	-3.115e-07	-1.7924e-07	-6.29e-11	1.805e-07	3.1162e-07	-3.1134e-07	-1.231e-07	-6.456e-11	1.238e-07	3.1154e-07	-3.1146e-07	-3.98014e-08	-7.045e-11	3.97508e-08	3.1138e-07	-3.1142e-07
0.69	-3.5896e-07	-5.11e-11	3.5796e-07	3.1242e-07	-3.1158e-07	-3.523e-07	-5.393e-11	3.571e-07	3.123e-07	-3.1162e-07	-3.3384e-07	-5.443e-11	3.312e-07	3.1224e-07	-3.1154e-07	-3.4092e-07	-5.498e-11	3.4232e-07	3.1214e-07	-3.1162e-07	-3.2796e-07	-5.729e-11	3.2976e-07	3.1196e-07	-3.1138e-07	-3.1342e-07	-6.013e-11	3.1336e-07	3.1192e-07	-3.1148e-07	-2.9278e-07	-6.209e-11	2.9288e-07	3.1182e-07	-3.114e-07	-2.578e-07	-6.367e-11	2.5624e-07	3.1176e-07	-3.1154e-07	-2.1204e-07	-6.602e-11	2.1264e-07	3.1158e-07	-3.1132e-07	-1.4434e-07	-7.112e-11	1.4354e-07	3.1148e-07	-3.1132e-07	-4.56414e-08	-7.684e-11	4.60996e-08	3.1142e-07	-3.1142e-07
0.685	-4.2644e-07	-5.75e-11	4.2198e-07	3.1242e-07	-3.1166e-07	-4.1862e-07	-5.45e-11	4.2132e-07	3.1224e-07	-3.116e-07	-3.9366e-07	-5.758e-11	3.9116e-07	3.1212e-07	-3.1152e-07	-4.0366e-07	-5.999e-11	4.0124e-07	3.122e-07	-3.1168e-07	-3.8738e-07	-6.296e-11	3.8888e-07	3.1198e-07	-3.1144e-07	-3.6824e-07	-6.39e-11	3.6902e-07	3.1188e-07	-3.1144e-07	-3.464e-07	-6.498e-11	3.4552e-07	3.1182e-07	-3.1146e-07	-3.0494e-07	-6.946e-11	3.0278e-07	3.1178e-07	-3.115e-07	-2.492e-07	-7.089e-11	2.461e-07	3.116e-07	-3.1132e-07	-1.6996e-07	-7.811e-11	1.6724e-07	3.1156e-07	-3.1144e-07	-5.40904e-08	-8.197e-11	5.45808e-08	3.115e-07	-3.1148e-07
0.68	-4.9952e-07	-5.869e-11	4.9682e-07	3.1244e-07	-3.1162e-07	-4.9254e-07	-5.976e-11	4.9412e-07	3.1226e-07	-3.1158e-07	-4.6442e-07	-6.102e-11	4.614e-07	3.1214e-07	-3.1152e-07	-4.7504e-07	-6.65e-11	4.7488e-07	3.1218e-07	-3.1162e-07	-4.5746e-07	-6.599e-11	4.553e-07	3.1188e-07	-3.114e-07	-4.3412e-07	-6.558e-11	4.3122e-07	3.1186e-07	-3.114e-07	-4.0822e-07	-7.002e-11	4.063e-07	3.1182e-07	-3.114e-07	-3.567e-07	-7.213e-11	3.592e-07	3.1172e-07	-3.1142e-07	-2.9062e-07	-7.77e-11	2.9134e-07	3.1156e-07	-3.1136e-07	-1.9832e-07	-8.222e-11	1.964e-07	3.1152e-07	-3.1142e-07	-6.40796e-08	-8.538e-11	6.46288e-08	3.1148e-07	-3.1142e-07
0.675	-5.8458e-07	-6.511e-11	5.8622e-07	3.125e-07	-3.117e-07	-5.8094e-07	-6.513e-11	5.8338e-07	3.1228e-07	-3.1158e-07	-5.4574e-07	-6.525e-11	5.4358e-07	3.1218e-07	-3.1152e-07	-5.5908e-07	-6.835e-11	5.58e-07	3.1218e-07	-3.1168e-07	-5.3826e-07	-7.093e-11	5.3614e-07	3.1188e-07	-3.1146e-07	-5.095e-07	-7.091e-11	5.0896e-07	3.119e-07	-3.1146e-07	-4.7898e-07	-7.407e-11	4.8162e-07	3.1178e-07	-3.115e-07	-4.1992e-07	-7.937e-11	4.1838e-07	3.1176e-07	-3.1146e-07	-3.4614e-07	-8.288e-11	3.4602e-07	3.116e-07	-3.1138e-07	-2.33e-07	-8.466e-11	2.3294e-07	3.1154e-07	-3.1144e-07	-7.59932e-08	-9.284e-11	7.52252e-08	3.1146e-07	-3.1142e-07
0.67	-6.9244e-07	-6.925e-11	6.9158e-07	3.125e-07	-3.117e-07	-6.8406e-07	-6.908e-11	6.8246e-07	3.122e-07	-3.1152e-07	-6.434e-07	-6.941e-11	6.3944e-07	3.1218e-07	-3.1146e-07	-6.5376e-07	-7.122e-11	6.5238e-07	3.1218e-07	-3.1158e-07	-6.321e-07	-7.375e-11	6.3024e-07	3.1198e-07	-3.1146e-07	-6.0038e-07	-7.679e-11	6.0428e-07	3.1186e-07	-3.1146e-07	-5.6268e-07	-8.002e-11	5.6194e-07	3.1176e-07	-3.114e-07	-4.9166e-07	-8.487e-11	4.9254e-07	3.117e-07	-3.1144e-07	-4.0748e-07	-8.755e-11	4.0356e-07	3.1166e-07	-3.1144e-07	-2.7386e-07	-8.945e-11	2.6918e-07	3.1152e-07	-3.1138e-07	-8.7366e-08	-9.755e-11	8.82108e-08	3.1146e-07	-3.1142e-07
0.665	-8.0992e-07	-7.094e-11	8.1394e-07	3.1244e-07	-3.1158e-07	-8.065e-07	-7.575e-11	8.0452e-07	3.1226e-07	-3.115e-07	-7.5646e-07	-7.544e-11	7.5344e-07	3.1214e-07	-3.1158e-07	-7.739e-07	-7.715e-11	7.687e-07	3.122e-07	-3.116e-07	-7.4776e-07	-7.805e-11	7.3914e-07	3.1198e-07	-3.114e-07	-7.1096e-07	-8.19e-11	7.1028e-07	3.1188e-07	-3.114e-07	-6.6226e-07	-8.667e-11	6.6414e-07	3.1182e-07	-3.1144e-07	-5.809e-07	-8.815e-11	5.7784e-07	3.117e-07	-3.1138e-07	-4.7494e-07	-9.274e-11	4.8014e-07	3.1158e-07	-3.1138e-07	-3.234e-07	-9.337e-11	3.1978e-07	3.1164e-07	-3.114e-07	-1.05017e-07	-1.0321e-10	1.047154e-07	3.1144e-07	-3.114e-07
0.66	-9.5772e-07	-7.709e-11	9.5548e-07	3.1244e-07	-3.1162e-07	-9.4808e-07	-8.078e-11	9.4446e-07	3.1224e-07	-3.115e-07	-8.8712e-07	-7.987e-11	8.8924e-07	3.1224e-07	-3.1154e-07	-9.0814e-07	-8.1e-11	9.0944e-07	3.1202e-07	-3.1154e-07	-8.7228e-07	-8.341e-11	8.7216e-07	3.119e-07	-3.1146e-07	-8.3632e-07	-8.868e-11	8.2856e-07	3.1186e-07	-3.1146e-07	-7.7766e-07	-9.082e-11	7.802e-07	3.1172e-07	-3.1144e-07	-6.8292e-07	-9.417e-11	6.794e-07	3.1176e-07	-3.1142e-07	-5.6404e-07	-9.675e-11	5.5932e-07	3.1164e-07	-3.1144e-07	-3.811e-07	-9.971e-11	3.7566e-07	3.1148e-07	-3.1144e-07	-1.192e-07	-1.0961e-10	1.2554e-07	3.1144e-07	-3.114e-07
0.655	-1.13184e-06	-8.155e-11	1.1251e-06	3.125e-07	-3.1166e-07	-1.11098e-06	-8.084e-11	1.11868e-06	3.123e-07	-3.1158e-07	-1.04912e-06	-8.471e-11	1.0448e-06	3.1218e-07	-3.1152e-07	-1.0678e-06	-8.628e-11	1.0681e-06	3.1212e-07	-3.1158e-07	-1.02894e-06	-9.012e-11	1.02564e-06	3.1198e-07	-3.1146e-07	-9.8336e-07	-9.346e-11	9.7998e-07	3.1188e-07	-3.1146e-07	-9.203e-07	-9.601e-11	9.1458e-07	3.1188e-07	-3.1156e-07	-8.0028e-07	-9.683e-11	8.0032e-07	3.117e-07	-3.114e-07	-6.5874e-07	-1.0214e-10	6.6084e-07	3.1158e-07	-3.1142e-07	-4.4912e-07	-1.0698e-10	4.4738e-07	3.1158e-07	-3.1146e-07	-1.4572e-07	-1.1518e-10	1.4424e-07	3.1152e-07	-3.114e-07
0.65	-1.32e-06	-8.69e-11	1.3249e-06	3.124e-07	-3.1162e-07	-1.3111e-06	-8.922e-11	1.3175e-06	3.1238e-07	-3.1164e-07	-1.2287e-06	-8.787e-11	1.2351e-06	3.1216e-07	-3.1156e-07	-1.2518e-06	-9.406e-11	1.2589e-06	3.1212e-07	-3.1152e-07	-1.2125e-06	-9.388e-11	1.2183e-06	3.119e-07	-3.1138e-07	-1.1486e-06	-9.896e-11	1.16e-06	3.1184e-07	-3.1138e-07	-1.08136e-06	-1.0073e-10	1.08214e-06	3.1172e-07	-3.1144e-07	-9.411e-07	-1.0134e-10	9.4466e-07	3.1182e-07	-3.1146e-07	-7.7518e-07	-1.1032e-10	7.7042e-07	3.1158e-07	-3.114e-07	-5.1606e-07	-1.1349e-10	5.2108e-07	3.1152e-07	-3.1142e-07	-1.691e-07	-1.2239e-10	1.6486e-07	3.1136e-07	-3.1144e-07
0.645	-1.5553e-06	-9.292e-11	1.5497e-06	3.1246e-07	-3.1156e-07	-1.5373e-06	-9.331e-11	1.5482e-06	3.123e-07	-3.1156e-07	-1.4391e-06	-9.461e-11	1.4483e-06	3.1218e-07	-3.1152e-07	-1.4764e-06	-9.719e-11	1.4818e-06	3.1212e-07	-3.115e-07	-1.4289e-06	-1.0035e-10	1.4323e-06	3.1188e-07	-3.1146e-07	-1.3574e-06	-1.0331e-10	1.3551e-06	3.119e-07	-3.1144e-07	-1.2604e-06	-1.0702e-10	1.2713e-06	3.1184e-07	-3.115e-07	-1.1019e-06	-1.0826e-10	1.10042e-06	3.1176e-07	-3.1146e-07	-9.0648e-07	-1.1583e-10	9.0952e-07	3.116e-07	-3.1138e-07	-6.1074e-07	-1.2028e-10	6.068e-07	3.1156e-07	-3.1148e-07	-1.9652e-07	-1.2674e-10	1.9036e-07	3.1142e-07	-3.114e-07
0.64	-1.8256e-06	-9.78e-11	1.8365e-06	3.1242e-07	-3.1164e-07	-1.8167e-06	-9.717e-11	1.8069e-06	3.1232e-07	-3.1156e-07	-1.6999e-06	-9.927e-11	1.7083e-06	3.1218e-07	-3.1154e-07	-1.7385e-06	-1.0427e-10	1.7423e-06	3.1208e-07	-3.1154e-07	-1.6772e-06	-1.0669e-10	1.667e-06	3.1194e-07	-3.115e-07	-1.5947e-06	-1.0839e-10	1.5951e-06	3.1186e-07	-3.1148e-07	-1.4949e-06	-1.114e-10	1.4932e-06	3.1184e-07	-3.1142e-07	-1.297e-06	-1.1582e-10	1.3015e-06	3.1168e-07	-3.114e-07	-1.06462e-06	-1.2283e-10	1.06838e-06	3.116e-07	-3.1134e-07	-7.1248e-07	-1.2482e-10	7.1406e-07	3.116e-07	-3.1146e-07	-2.3002e-07	-1.3425e-10	2.2592e-07	3.1148e-07	-3.1142e-07
0.635	-2.1543e-06	-1.0256e-10	2.1478e-06	3.1244e-07	-3.1158e-07	-2.1373e-06	-1.0413e-10	2.125e-06	3.1224e-07	-3.1156e-07	-1.992e-06	-1.0326e-10	2.0005e-06	3.122e-07	-3.1152e-07	-2.0235e-06	-1.1102e-10	2.0463e-06	3.121e-07	-3.1154e-07	-1.9716e-06	-1.1075e-10	1.9704e-06	3.1188e-07	-3.114e-07	-1.8686e-06	-1.1515e-10	1.8799e-06	3.119e-07	-3.114e-07	-1.7474e-06	-1.1851e-10	1.7553e-06	3.1184e-07	-3.1144e-07	-1.524e-06	-1.2002e-10	1.5195e-06	3.1166e-07	-3.1144e-07	-1.2545e-06	-1.2494e-10	1.2489e-06	3.1156e-07	-3.1138e-07	-8.2998e-07	-1.3135e-10	8.3738e-07	3.1154e-07	-3.1148e-07	-2.6346e-07	-1.3735e-10	2.5546e-07	3.114e-07	-3.114e-07
0.63	-2.5289e-06	-1.0791e-10	2.5269e-06	3.1248e-07	-3.1158e-07	-2.5031e-06	-1.1036e-10	2.5038e-06	3.1224e-07	-3.1162e-07	-2.3425e-06	-1.0968e-10	2.3534e-06	3.1218e-07	-3.1152e-07	-2.4086e-06	-1.1443e-10	2.4002e-06	3.1206e-07	-3.1146e-07	-2.3114e-06	-1.1711e-10	2.3201e-06	3.119e-07	-3.114e-07	-2.2053e-06	-1.2034e-10	2.203e-06	3.1192e-07	-3.114e-07	-2.0623e-06	-1.243e-10	2.0477e-06	3.1184e-07	-3.1146e-07	-1.7906e-06	-1.269e-10	1.7944e-06	3.117e-07	-3.1144e-07	-1.4792e-06	-1.3246e-10	1.4688e-06	3.116e-07	-3.114e-07	-9.7296e-07	-1.3802e-10	9.8516e-07	3.1154e-07	-3.1144e-07	-3.0832e-07	-1.4426e-10	2.9938e-07	3.114e-07	-3.114e-07
0.625	-2.9679e-06	-1.1277e-10	2.9509e-06	3.1244e-07	-3.1158e-07	-2.9287e-06	-1.1596e-10	2.9444e-06	3.1226e-07	-3.1154e-07	-2.7512e-06	-1.1738e-10	2.761e-06	3.1214e-07	-3.1148e-07	-2.8092e-06	-1.204e-10	2.8161e-06	3.1208e-07	-3.1158e-07	-2.7263e-06	-1.2265e-10	2.7309e-06	3.1188e-07	-3.1142e-07	-2.5852e-06	-1.2589e-10	2.577e-06	3.1188e-07	-3.1146e-07	-2.4182e-06	-1.3342e-10	2.4111e-06	3.118e-07	-3.1148e-07	-2.1031e-06	-1.3304e-10	2.1121e-06	3.1174e-07	-3.114e-07	-1.7225e-06	-1.3862e-10	1.7145e-06	3.1162e-07	-3.1148e-07	-1.13488e-06	-1.4348e-10	1.15008e-06	3.1154e-07	-3.1134e-07	-3.5414e-07	-1.5171e-10	3.4782e-07	3.1142e-07	-3.114e-07
0.62	-3.4924e-06	-1.2134e-10	3.5047e-06	3.1246e-07	-3.1156e-07	-3.4663e-06	-1.2217e-10	3.4632e-06	3.122e-07	-3.1152e-07	-3.2419e-06	-1.2244e-10	3.2399e-06	3.122e-07	-3.1148e-07	-3.3149e-06	-1.2674e-10	3.2937e-06	3.1206e-07	-3.1158e-07	-3.195e-06	-1.2913e-10	3.1923e-06	3.1182e-07	-3.1142e-07	-3.0432e-06	-1.3462e-10	3.0289e-06	3.1188e-07	-3.1142e-07	-2.8369e-06	-1.3854e-10	2.8271e-06	3.1182e-07	-3.1146e-07	-2.4679e-06	-1.3824e-10	2.4566e-06	3.1176e-07	-3.1136e-07	-2.029e-06	-1.4525e-10	2.0319e-06	3.1162e-07	-3.1142e-07	-1.3389e-06	-1.5294e-10	1.3551e-06	3.1158e-07	-3.1144e-07	-4.155e-07	-1.5791e-10	4.039e-07	3.1146e-07	-3.1134e-07
0.615	-4.0879e-06	-1.2722e-10	4.0948e-06	3.1246e-07	-3.1162e-07	-4.0641e-06	-1.257e-10	4.0482e-06	3.1226e-07	-3.116e-07	-3.8149e-06	-1.2758e-10	3.8027e-06	3.1218e-07	-3.1152e-07	-3.878e-06	-1.3279e-10	3.8772e-06	3.1212e-07	-3.1154e-07	-3.7522e-06	-1.3746e-10	3.7483e-06	3.1188e-07	-3.1142e-07	-3.555e-06	-1.4063e-10	3.5632e-06	3.1188e-07	-3.1144e-07	-3.33e-06	-1.4278e-10	3.3305e-06	3.1178e-07	-3.114e-07	-2.8932e-06	-1.4523e-10	2.8856e-06	3.1172e-07	-3.1146e-07	-2.3641e-06	-1.5121e-10	2.3667e-06	3.116e-07	-3.114e-07	-1.567e-06	-1.5601e-10	1.5854e-06	3.116e-07	-3.1146e-07	-4.775e-07	-1.6332e-10	4.6124e-07	3.1146e-07	-3.1146e-07
0.61	-4.7943e-06	-1.3202e-10	4.8167e-06	3.1248e-07	-3.1164e-07	-4.7441e-06	-1.3505e-10	4.7579e-06	3.1224e-07	-3.1154e-07	-4.4789e-06	-1.3296e-10	4.4576e-06	3.122e-07	-3.115e-07	-4.528e-06	-1.4086e-10	4.5413e-06	3.1202e-07	-3.1152e-07	-4.3943e-06	-1.4051e-10	4.3633e-06	3.119e-07	-3.1144e-07	-4.1604e-06	-1.4691e-10	4.2045e-06	3.119e-07	-3.1148e-07	-3.8891e-06	-1.5192e-10	3.9e-06	3.1174e-07	-3.1138e-07	-3.382e-06	-1.5202e-10	3.3887e-06	3.117e-07	-3.1142e-07	-2.8031e-06	-1.5958e-10	2.7782e-06	3.1166e-07	-3.1146e-07	-1.8378e-06	-1.637e-10	1.8441e-06	3.116e-07	-3.1144e-07	-5.496e-07	-1.7044e-10	5.4148e-07	3.1146e-07	-3.114e-07
0.605	-5.6397e-06	-1.3814e-10	5.6012e-06	3.1244e-07	-3.1166e-07	-5.542e-06	-1.415e-10	5.5924e-06	3.1216e-07	-3.115e-07	-5.2416e-06	-1.3943e-10	5.2334e-06	3.1214e-07	-3.1154e-07	-5.2903e-06	-1.4457e-10	5.298e-06	3.1208e-07	-3.1152e-07	-5.1143e-06	-1.4895e-10	5.16e-06	3.1196e-07	-3.114e-07	-4.8938e-06	-1.5196e-10	4.892e-06	3.1184e-07	-3.1152e-07	-4.5573e-06	-1.5949e-10	4.5465e-06	3.1182e-07	-3.1144e-07	-3.9674e-06	-1.6066e-10	3.9553e-06	3.117e-07	-3.114e-07	-3.2329e-06	-1.6585e-10	3.254e-06	3.1162e-07	-3.1144e-07	-2.1564e-06	-1.7277e-10	2.1313e-06	3.116e-07	-3.1142e-07	-6.0316e-07	-1.7861e-10	6.2158e-07	3.114e-07	-3.1136e-07
0.6	-6.6121e-06	-1.4491e-10	6.5704e-06	3.124e-07	-3.1164e-07	-6.5095e-06	-1.4647e-10	6.5457e-06	3.1224e-07	-3.1152e-07	-6.1507e-06	-1.4853e-10	6.125e-06	3.122e-07	-3.1152e-07	-6.2511e-06	-1.509e-10	6.239e-06	3.1206e-07	-3.1154e-07	-6.0058e-06	-1.562e-10	6.0089e-06	3.1188e-07	-3.114e-07	-5.7554e-06	-1.5946e-10	5.712e-06	3.119e-07	-3.1152e-07	-5.3415e-06	-1.6201e-10	5.3306e-06	3.1188e-07	-3.115e-07	-4.6543e-06	-1.675e-10	4.637e-06	3.1172e-07	-3.1144e-07	-3.7922e-06	-1.7153e-10	3.795e-06	3.116e-07	-3.1134e-07	-2.4876e-06	-1.7792e-10	2.5025e-06	3.1156e-07	-3.1156e-07	-6.9854e-07	-1.8479e-10	7.0044e-07	3.114e-07	-3.1146e-07
0.595	-7.6845e-06	-1.5228e-10	7.7224e-06	3.1242e-07	-3.1166e-07	-7.6442e-06	-1.5521e-10	7.6126e-06	3.1222e-07	-3.1152e-07	-7.2073e-06	-1.555e-10	7.2009e-06	3.122e-07	-3.1156e-07	-7.291e-06	-1.5988e-10	7.2854e-06	3.121e-07	-3.1152e-07	-7.0564e-06	-1.631e-10	7.0128e-06	3.1194e-07	-3.114e-07	-6.6903e-06	-1.685e-10	6.6596e-06	3.1194e-07	-3.1144e-07	-6.2145e-06	-1.6877e-10	6.2101e-06	3.1172e-07	-3.1134e-07	-5.426e-06	-1.7355e-10	5.414e-06	3.1168e-07	-3.1144e-07	-4.4267e-06	-1.7834e-10	4.4321e-06	3.116e-07	-3.1134e-07	-2.922e-06	-1.8448e-10	2.9031e-06	3.1158e-07	-3.1138e-07	-8.0876e-07	-1.9385e-10	8.0994e-07	3.1152e-07	-3.1144e-07
0.59	-8.9792e-06	-1.5922e-10	9.0649e-06	3.1246e-07	-3.117e-07	-8.9058e-06	-1.5921e-10	8.9028e-06	3.1218e-07	-3.1146e-07	-8.4055e-06	-1.611e-10	8.4391e-06	3.122e-07	-3.1154e-07	-8.5291e-06	-1.6652e-10	8.5153e-06	3.1208e-07	-3.1158e-07	-8.2366e-06	-1.7258e-10	8.2129e-06	3.1196e-07	-3.114e-07	-7.7862e-06	-1.7591e-10	7.8239e-06	3.1184e-07	-3.1144e-07	-7.2587e-06	-1.7444e-10	7.2205e-06	3.1178e-07	-3.1138e-07	-6.3306e-06	-1.8076e-10	6.3117e-06	3.1178e-07	-3.1138e-07	-5.1584e-06	-1.8558e-10	5.1593e-06	3.1158e-07	-3.1144e-07	-3.3654e-06	-1.9248e-10	3.3681e-06	3.1154e-07	-3.1144e-07	-9.3484e-07	-2.0076e-10	9.2264e-07	3.1152e-07	-3.1144e-07
0.585	-1.05305e-05	-1.6545e-10	1.04969e-05	3.1248e-07	-3.117e-07	-1.03667e-05	-1.6716e-10	1.0419e-05	3.1226e-07	-3.1152e-07	-9.8659e-06	-1.703e-10	9.8622e-06	3.1218e-07	-3.1156e-07	-9.9277e-06	-1.7441e-10	9.9431e-06	3.1214e-07	-3.1152e-07	-9.5377e-06	-1.7766e-10	9.557e-06	3.119e-07	-3.1138e-07	-9.0801e-06	-1.8108e-10	9.1117e-06	3.12e-07	-3.1146e-07	-8.4452e-06	-1.819e-10	8.4649e-06	3.1172e-07	-3.114e-07	-7.3694e-06	-1.8786e-10	7.3718e-06	3.1166e-07	-3.1144e-07	-5.9686e-06	-1.9368e-10	5.9971e-06	3.1158e-07	-3.114e-07	-3.9198e-06	-1.9944e-10	3.8795e-06	3.1156e-07	-3.1148e-07	-1.03476e-06	-2.0646e-10	1.03778e-06	3.1154e-07	-3.1152e-07
0.58	-1.225e-05	-1.7197e-10	1.224e-05	3.1248e-07	-3.1164e-07	-1.22e-05	-1.7263e-10	1.2136e-05	3.1224e-07	-3.1152e-07	-1.1482e-05	-1.7476e-10	1.1518e-05	3.1218e-07	-3.1154e-07	-1.1618e-05	-1.8228e-10	1.1618e-05	3.1214e-07	-3.1152e-07	-1.11571e-05	-1.8289e-10	1.11897e-05	3.1196e-07	-3.1148e-07	-1.06292e-05	-1.8923e-10	1.06451e-05	3.1192e-07	-3.115e-07	-9.8327e-06	-1.9094e-10	9.8539e-06	3.1172e-07	-3.1142e-07	-8.5533e-06	-1.9608e-10	8.5564e-06	3.1172e-07	-3.1146e-07	-6.9719e-06	-2.0201e-10	6.9539e-06	3.1158e-07	-3.1144e-07	-4.5179e-06	-2.0838e-10	4.4664e-06	3.1152e-07	-3.1138e-07	-1.1912e-06	-2.1587e-10	1.1595e-06	3.1158e-07	-3.1152e-07
0.575	-1.423e-05	-1.8074e-10	1.4326e-05	3.1242e-07	-3.1164e-07	-1.4184e-05	-1.8109e-10	1.4112e-05	3.1236e-07	-3.116e-07	-1.3642e-05	-1.831e-10	1.366e-05	3.122e-07	-3.1152e-07	-1.3524e-05	-1.8531e-10	1.352e-05	3.1212e-07	-3.116e-07	-1.3024e-05	-1.9344e-10	1.2942e-05	3.1192e-07	-3.1136e-07	-1.2288e-05	-1.9779e-10	1.23e-05	3.1194e-07	-3.1146e-07	-1.145e-05	-1.9703e-10	1.14335e-05	3.1182e-07	-3.1146e-07	-9.92e-06	-2.0426e-10	9.9698e-06	3.1174e-07	-3.1142e-07	-8.0572e-06	-2.072e-10	8.0377e-06	3.1156e-07	-3.1138e-07	-5.2458e-06	-2.1506e-10	5.2165e-06	3.1158e-07	-3.1146e-07	-1.3264e-06	-2.2421e-10	1.2924e-06	3.1166e-07	-3.1166e-07
0.57	-1.6664e-05	-1.8857e-10	1.6746e-05	3.1248e-07	-3.1164e-07	-1.6434e-05	-1.9104e-10	1.6444e-05	3.1228e-07	-3.1154e-07	-1.6078e-05	-1.8821e-10	1.608e-05	3.1214e-07	-3.1144e-07	-1.574e-05	-1.907e-10	1.575e-05	3.1208e-07	-3.1156e-07	-1.5166e-05	-1.9475e-10	1.5124e-05	3.1194e-07	-3.114e-07	-1.4338e-05	-2.0537e-10	1.4394e-05	3.1184e-07	-3.114e-07	-1.3308e-05	-2.0862e-10	1.3344e-05	3.1182e-07	-3.1138e-07	-1.1624e-05	-2.1118e-10	1.1614e-05	3.117e-07	-3.1142e-07	-9.3286e-06	-2.1464e-10	9.3102e-06	3.1166e-07	-3.1144e-07	-5.937e-06	-2.217e-10	5.9444e-06	3.1154e-07	-3.114e-07	-1.4635e-06	-2.3146e-10	1.4346e-06	3.116e-07	-3.1166e-07
0.565	-1.9422e-05	-1.9316e-10	1.9432e-05	3.1236e-07	-3.116e-07	-1.9088e-05	-1.9663e-10	1.914e-05	3.1224e-07	-3.1158e-07	-1.8818e-05	-1.9624e-10	1.8782e-05	3.1208e-07	-3.1154e-07	-1.8292e-05	-1.986e-10	1.8302e-05	3.1216e-07	-3.115e-07	-1.7584e-05	-2.0402e-10	1.7546e-05	3.1196e-07	-3.1138e-07	-1.6744e-05	-2.1067e-10	1.6712e-05	3.1184e-07	-3.1138e-07	-1.5406e-05	-2.1897e-10	1.542e-05	3.1184e-07	-3.1148e-07	-1.3446e-05	-2.1677e-10	1.3452e-05	3.1166e-07	-3.1144e-07	-1.07779e-05	-2.2502e-10	1.07527e-05	3.1164e-07	-3.1146e-07	-6.8903e-06	-2.3725e-10	6.855e-06	3.1156e-07	-3.114e-07	-1.6307e-06	-2.3783e-10	1.6285e-06	3.1162e-07	-3.1152e-07
0.56	-2.2588e-05	-2.0229e-10	2.25e-05	3.1244e-07	-3.1162e-07	-2.2144e-05	-2.0123e-10	2.2316e-05	3.123e-07	-3.1158e-07	-2.182e-05	-2.0513e-10	2.1858e-05	3.1222e-07	-3.1154e-07	-2.1286e-05	-2.071e-10	2.1248e-05	3.121e-07	-3.115e-07	-2.0402e-05	-2.1046e-10	2.0392e-05	3.1188e-07	-3.114e-07	-1.9302e-05	-2.2042e-10	1.934e-05	3.1192e-07	-3.1146e-07	-1.7814e-05	-2.274e-10	1.785e-05	3.1176e-07	-3.1148e-07	-1.5578e-05	-2.2511e-10	1.5652e-05	3.117e-07	-3.1148e-07	-1.2472e-05	-2.3855e-10	1.2458e-05	3.1154e-07	-3.1138e-07	-7.9186e-06	-2.4523e-10	7.8903e-06	3.115e-07	-3.1138e-07	-1.7503e-06	-2.4563e-10	1.7897e-06	3.1162e-07	-3.1152e-07
0.555	-2.614e-05	-2.1137e-10	2.6118e-05	3.124e-07	-3.116e-07	-2.573e-05	-2.0858e-10	2.5794e-05	3.1228e-07	-3.1152e-07	-2.532e-05	-2.1177e-10	2.5336e-05	3.122e-07	-3.115e-07	-2.458e-05	-2.1584e-10	2.4676e-05	3.122e-07	-3.1156e-07	-2.366e-05	-2.1822e-10	2.3638e-05	3.119e-07	-3.1142e-07	-2.2348e-05	-2.2878e-10	2.2384e-05	3.1182e-07	-3.1138e-07	-2.0606e-05	-2.3457e-10	2.0562e-05	3.1182e-07	-3.1146e-07	-1.8038e-05	-2.3327e-10	1.8076e-05	3.1172e-07	-3.1144e-07	-1.4342e-05	-2.4547e-10	1.4364e-05	3.1164e-07	-3.114e-07	-9.0129e-06	-2.5557e-10	9.0667e-06	3.115e-07	-3.114e-07	-1.9555e-06	-2.5473e-10	1.951e-06	3.1162e-07	-3.1162e-07
0.55	-3.0388e-05	-2.1493e-10	3.0236e-05	3.1246e-07	-3.1164e-07	-2.9918e-05	-2.1579e-10	2.9902e-05	3.1232e-07	-3.1158e-07	-2.936e-05	-2.2029e-10	2.9386e-05	3.1218e-07	-3.1154e-07	-2.8592e-05	-2.2441e-10	2.8592e-05	3.1212e-07	-3.1162e-07	-2.7448e-05	-2.2896e-10	2.7458e-05	3.1192e-07	-3.114e-07	-2.595e-05	-2.3505e-10	2.5854e-05	3.1178e-07	-3.1138e-07	-2.3862e-05	-2.3432e-10	2.381e-05	3.1176e-07	-3.1136e-07	-2.0796e-05	-2.426e-10	2.086e-05	3.1166e-07	-3.1142e-07	-1.645e-05	-2.5456e-10	1.6556e-05	3.116e-07	-3.1138e-07	-1.0297e-05	-2.6316e-10	1.04033e-05	3.1158e-07	-3.115e-07	-2.0536e-06	-2.6515e-10	2.0878e-06	3.1166e-07	-3.1158e-07
0.545	-3.5102e-05	-2.2338e-10	3.5142e-05	3.1254e-07	-3.1174e-07	-3.467e-05	-2.2379e-10	3.4584e-05	3.1236e-07	-3.1158e-07	-3.3936e-05	-2.2887e-10	3.3956e-05	3.122e-07	-3.1154e-07	-3.3038e-05	-2.3269e-10	3.294e-05	3.1214e-07	-3.1154e-07	-3.1702e-05	-2.3446e-10	3.1662e-05	3.119e-07	-3.114e-07	-2.9962e-05	-2.4016e-10	2.9886e-05	3.1178e-07	-3.1138e-07	-2.7514e-05	-2.4387e-10	2.748e-05	3.1178e-07	-3.114e-07	-2.3922e-05	-2.5113e-10	2.4022e-05	3.1166e-07	-3.114e-07	-1.8904e-05	-2.6509e-10	1.8926e-05	3.1158e-07	-3.1142e-07	-1.1918e-05	-2.7403e-10	1.1816e-05	3.1166e-07	-3.115e-07	-2.2366e-06	-2.7377e-10	2.3299e-06	3.1166e-07	-3.1164e-07
0.54	-4.0514e-05	-2.3116e-10	4.065e-05	3.1242e-07	-3.1162e-07	-4.0042e-05	-2.3308e-10	3.9936e-05	3.1228e-07	-3.115e-07	-3.9352e-05	-2.3592e-10	3.9324e-05	3.123e-07	-3.1162e-07	-3.8156e-05	-2.4004e-10	3.8142e-05	3.1206e-07	-3.115e-07	-3.6522e-05	-2.4365e-10	3.6466e-05	3.1188e-07	-3.1144e-07	-3.453e-05	-2.4761e-10	3.4482e-05	3.1186e-07	-3.1144e-07	-3.169e-05	-2.546e-10	3.1654e-05	3.1184e-07	-3.1136e-07	-2.7578e-05	-2.5977e-10	2.749e-05	3.1166e-07	-3.1138e-07	-2.1736e-05	-2.7262e-10	2.1728e-05	3.1156e-07	-3.114e-07	-1.3522e-05	-2.8139e-10	1.3522e-05	3.1164e-07	-3.1148e-07	-2.5071e-06	-2.8966e-10	2.4209e-06	3.1158e-07	-3.1156e-07
0.535	-4.6858e-05	-2.3655e-10	4.6962e-05	3.1244e-07	-3.1164e-07	-4.6298e-05	-2.416e-10	4.6116e-05	3.1232e-07	-3.1158e-07	-4.5322e-05	-2.4308e-10	4.5396e-05	3.122e-07	-3.1162e-07	-4.4096e-05	-2.4691e-10	4.3948e-05	3.12e-07	-3.1152e-07	-4.2256e-05	-2.5202e-10	4.222e-05	3.1192e-07	-3.1146e-07	-3.9732e-05	-2.5531e-10	3.9672e-05	3.1184e-07	-3.1146e-07	-3.6404e-05	-2.6101e-10	3.6416e-05	3.117e-07	-3.1138e-07	-3.1608e-05	-2.6797e-10	3.154e-05	3.117e-07	-3.1142e-07	-2.4764e-05	-2.753e-10	2.4814e-05	3.1154e-07	-3.1138e-07	-1.5246e-05	-2.8124e-10	1.5344e-05	3.1152e-07	-3.114e-07	-2.6667e-06	-2.9201e-10	2.6344e-06	3.1158e-07	-3.115e-07
0.53	-5.434e-05	-2.4598e-10	5.4146e-05	3.124e-07	-3.1158e-07	-5.3296e-05	-2.506e-10	5.3406e-05	3.1222e-07	-3.1154e-07	-5.225e-05	-2.539e-10	5.2394e-05	3.123e-07	-3.1162e-07	-5.0866e-05	-2.5606e-10	5.0774e-05	3.1214e-07	-3.1152e-07	-4.868e-05	-2.5966e-10	4.869e-05	3.119e-07	-3.114e-07	-4.5734e-05	-2.6496e-10	4.5848e-05	3.1186e-07	-3.1142e-07	-4.177e-05	-2.7248e-10	4.189e-05	3.1178e-07	-3.1146e-07	-3.6246e-05	-2.7749e-10	3.621e-05	3.1164e-07	-3.114e-07	-2.844e-05	-2.8472e-10	2.8322e-05	3.116e-07	-3.1138e-07	-1.7412e-05	-2.9219e-10	1.7466e-05	3.1154e-07	-3.114e-07	-2.8695e-06	-3.0359e-10	2.8289e-06	3.1158e-07	-3.1154e-07
0.525	-6.2532e-05	-2.5577e-10	6.2434e-05	3.124e-07	-3.1158e-07	-6.1438e-05	-2.5975e-10	6.138e-05	3.1232e-07	-3.116e-07	-6.0084e-05	-2.6206e-10	6.0356e-05	3.1222e-07	-3.1158e-07	-5.8332e-05	-2.6578e-10	5.8418e-05	3.121e-07	-3.115e-07	-5.5954e-05	-2.7013e-10	5.5984e-05	3.119e-07	-3.1144e-07	-5.2588e-05	-2.7554e-10	5.256e-05	3.1186e-07	-3.114e-07	-4.7952e-05	-2.8089e-10	4.8004e-05	3.1178e-07	-3.1138e-07	-4.144e-05	-2.8632e-10	4.1338e-05	3.1172e-07	-3.1138e-07	-3.2398e-05	-2.9357e-10	3.2352e-05	3.1158e-07	-3.1138e-07	-1.979e-05	-3.031e-10	1.9758e-05	3.1154e-07	-3.1148e-07	-2.9882e-06	-3.1554e-10	3.0863e-06	3.1154e-07	-3.1154e-07
0.52	-7.2042e-05	-2.6891e-10	7.2016e-05	3.1242e-07	-3.1164e-07	-7.0768e-05	-2.6712e-10	7.0796e-05	3.123e-07	-3.1156e-07	-6.9308e-05	-2.7154e-10	6.9444e-05	3.1222e-07	-3.1162e-07	-6.7094e-05	-2.7675e-10	6.7302e-05	3.1218e-07	-3.1152e-07	-6.4242e-05	-2.7956e-10	6.4394e-05	3.1188e-07	-3.114e-07	-6.0312e-05	-2.8549e-10	6.041e-05	3.1184e-07	-3.1138e-07	-5.4984e-05	-2.8915e-10	5.4966e-05	3.1182e-07	-3.1138e-07	-4.737e-05	-2.9569e-10	4.7364e-05	3.1168e-07	-3.114e-07	-3.6966e-05	-3.0378e-10	3.6944e-05	3.1156e-07	-3.1134e-07	-2.2528e-05	-3.1269e-10	2.2522e-05	3.1154e-07	-3.1146e-07	-3.1084e-06	-3.2574e-10	3.2204e-06	3.1156e-07	-3.1158e-07
0.515	-8.2776e-05	-2.7509e-10	8.2702e-05	3.1238e-07	-3.1164e-07	-8.1282e-05	-2.7767e-10	8.1346e-05	3.1226e-07	-3.1154e-07	-7.9564e-05	-2.8274e-10	7.967e-05	3.1226e-07	-3.1158e-07	-7.7064e-05	-2.8539e-10	7.7226e-05	3.1214e-07	-3.1152e-07	-7.3696e-05	-2.8936e-10	7.383e-05	3.1194e-07	-3.1146e-07	-6.9174e-05	-2.948e-10	6.9036e-05	3.1184e-07	-3.1144e-07	-6.2924e-05	-2.9899e-10	6.2842e-05	3.1178e-07	-3.114e-07	-5.4006e-05	-3.0817e-10	5.4058e-05	3.1164e-07	-3.1142e-07	-4.2064e-05	-3.1575e-10	4.2008e-05	3.1156e-07	-3.1138e-07	-2.5432e-05	-3.2547e-10	2.538e-05	3.1156e-07	-3.1144e-07	-3.4784e-06	-3.352e-10	3.4931e-06	3.1154e-07	-3.1154e-07
0.51	-9.5008e-05	-2.8559e-10	9.509e-05	3.1242e-07	-3.1164e-07	-9.352e-05	-2.8701e-10	9.3486e-05	3.1232e-07	-3.1156e-07	-9.1412e-05	-2.8918e-10	9.1368e-05	3.122e-07	-3.1158e-07	-8.8466e-05	-2.9457e-10	8.8472e-05	3.1212e-07	-3.115e-07	-8.4458e-05	-2.9709e-10	8.4622e-05	3.119e-07	-3.1134e-07	-7.921e-05	-3.0629e-10	7.9106e-05	3.1184e-07	-3.1142e-07	-7.1868e-05	-3.1099e-10	7.1816e-05	3.1172e-07	-3.1138e-07	-6.1596e-05	-3.1992e-10	6.1612e-05	3.1166e-07	-3.1144e-07	-4.773e-05	-3.2754e-10	4.7796e-05	3.1152e-07	-3.114e-07	-2.864e-05	-3.3983e-10	2.88e-05	3.1158e-07	-3.1146e-07	-3.6908e-06	-3.4866e-10	3.713e-06	3.1154e-07	-3.1154e-07
0.505	-0.00010899	-2.9142e-10	0.00010905	3.1244e-07	-3.1164e-07	-0.000107086	-2.9678e-10	0.00010698	3.1234e-07	-3.1152e-07	-0.000104484	-2.9911e-10	0.000104554	3.1216e-07	-3.1154e-07	-0.00010121	-3.0533e-10	0.00010124	3.1216e-07	-3.1152e-07	-9.6596e-05	-3.0891e-10	9.6624e-05	3.1194e-07	-3.1144e-07	-9.0318e-05	-3.1454e-10	9.0326e-05	3.1182e-07	-3.1144e-07	-8.1816e-05	-3.2181e-10	8.1844e-05	3.1176e-07	-3.1144e-07	-7.0054e-05	-3.2846e-10	7.001e-05	3.1172e-07	-3.1138e-07	-5.412e-05	-3.3909e-10	5.4152e-05	3.116e-07	-3.1146e-07	-3.2408e-05	-3.4855e-10	3.2398e-05	3.1158e-07	-3.1148e-07	-3.8384e-06	-3.6168e-10	3.8713e-06	3.1154e-07	-3.1152e-07
0.5	-0.00012468	-3.0464e-10	0.00012484	3.1242e-07	-3.1162e-07	-0.00012218	-3.0702e-10	0.00012246	3.1232e-07	-3.1152e-07	-0.00011908	-3.0968e-10	0.00011928	3.1224e-07	-3.1158e-07	-0.0001154	-3.1519e-10	0.00011566	3.1216e-07	-3.1156e-07	-0.000110504	-3.1953e-10	0.000110376	3.1196e-07	-3.114e-07	-0.000103142	-3.2577e-10	0.000103134	3.119e-07	-3.1144e-07	-9.3214e-05	-3.3523e-10	9.327e-05	3.118e-07	-3.1142e-07	-7.9474e-05	-3.4024e-10	7.966e-05	3.1176e-07	-3.114e-07	-6.1316e-05	-3.508e-10	6.1196e-05	3.1162e-07	-3.1132e-07	-3.6526e-05	-3.6193e-10	3.637e-05	3.1152e-07	-3.1138e-07	-4.1323e-06	-3.7442e-10	4.1098e-06	3.1164e-07	-3.1158e-07
0.495	-0.0001423	-3.1508e-10	0.00014252	3.1242e-07	-3.1168e-07	-0.00013962	-3.1712e-10	0.00013994	3.1226e-07	-3.1158e-07	-0.0001358	-3.2305e-10	0.00013604	3.1226e-07	-3.116e-07	-0.00013158	-3.2711e-10	0.00013172	3.1218e-07	-3.1158e-07	-0.0001253	-3.3093e-10	0.00012548	3.1194e-07	-3.114e-07	-0.00011688	-3.3641e-10	0.00011712	3.1192e-07	-3.1148e-07	-0.000105726	-3.4606e-10	0.000105672	3.1182e-07	-3.1146e-07	-9.0004e-05	-3.5286e-10	9.0066e-05	3.1178e-07	-3.1146e-07	-6.9214e-05	-3.6303e-10	6.9078e-05	3.1154e-07	-3.1136e-07	-4.099e-05	-3.7583e-10	4.1084e-05	3.1156e-07	-3.114e-07	-4.447e-06	-3.8764e-10	4.484e-06	3.116e-07	-3.1164e-07
0.49	-0.0001625	-3.2573e-10	0.00016274	3.1246e-07	-3.116e-07	-0.00015942	-3.2974e-10	0.00015946	3.1232e-07	-3.1158e-07	-0.00015492	-3.3098e-10	0.0001552	3.1218e-07	-3.1152e-07	-0.00014998	-3.3862e-10	0.00015008	3.1214e-07	-3.1156e-07	-0.00014276	-3.4018e-10	0.0001428	3.12e-07	-3.1152e-07	-0.0001327	-3.4843e-10	0.0001331	3.119e-07	-3.115e-07	-0.00011944	-3.5795e-10	0.00011976	3.1178e-07	-3.114e-07	-0.000101908	-3.7206e-10	0.00010181	3.1164e-07	-3.114e-07	-7.7948e-05	-3.762e-10	7.7974e-05	3.116e-07	-3.1134e-07	-4.6098e-05	-3.8609e-10	4.6076e-05	3.1158e-07	-3.1134e-07	-4.8431e-06	-4.0123e-10	4.6623e-06	3.1164e-07	-3.1164e-07
0.485	-0.00018478	-3.3393e-10	0.000185	3.1242e-07	-3.1164e-07	-0.00018116	-3.4011e-10	0.00018142	3.123e-07	-3.1164e-07	-0.00017612	-3.4321e-10	0.00017632	3.122e-07	-3.1156e-07	-0.0001701	-3.4885e-10	0.00017024	3.1214e-07	-3.1156e-07	-0.00016164	-3.5404e-10	0.00016192	3.12e-07	-3.1142e-07	-0.0001502	-3.6123e-10	0.00015036	3.1186e-07	-3.1144e-07	-0.000135	-3.6988e-10	0.00013508	3.1184e-07	-3.1144e-07	-0.000114674	-3.8824e-10	0.0001147	3.1174e-07	-3.1144e-07	-8.7358e-05	-3.8832e-10	8.7534e-05	3.1158e-07	-3.1144e-07	-5.1452e-05	-4.1109e-10	5.146e-05	3.1156e-07	-3.1136e-07	-5.0893e-06	-4.1474e-10	5.0507e-06	3.116e-07	-3.1158e-07
0.48	-0.00021002	-3.4746e-10	0.0002103	3.1244e-07	-3.1164e-07	-0.00020564	-3.5261e-10	0.00020606	3.123e-07	-3.116e-07	-0.0001999	-3.5729e-10	0.00020026	3.1222e-07	-3.1152e-07	-0.0001928	-3.6133e-10	0.00019308	3.1214e-07	-3.1154e-07	-0.00018306	-3.6747e-10	0.00018332	3.1196e-07	-3.1146e-07	-0.00016974	-3.754e-10	0.00017018	3.1192e-07	-3.1142e-07	-0.00015216	-3.8485e-10	0.0001525	3.1178e-07	-3.114e-07	-0.00012866	-3.9281e-10	0.00012902	3.117e-07	-3.1138e-07	-9.8246e-05	-4.024e-10	9.808e-05	3.1156e-07	-3.1136e-07	-5.7468e-05	-4.2903e-10	5.7466e-05	3.1154e-07	-3.1138e-07	-5.4834e-06	-4.3138e-10	5.5919e-06	3.1164e-07	-3.1162e-07
0.475	-0.00023758	-3.6812e-10	0.0002378	3.1228e-07	-3.1158e-07	-0.0002325	-3.6261e-10	0.00023292	3.123e-07	-3.1158e-07	-0.00022596	-3.689e-10	0.00022616	3.1226e-07	-3.1158e-07	-0.0002176	-3.7342e-10	0.0002179	3.1204e-07	-3.1148e-07	-0.00020622	-3.8045e-10	0.00020638	3.1198e-07	-3.1148e-07	-0.00019108	-3.8965e-10	0.00019128	3.119e-07	-3.1148e-07	-0.00017094	-3.9503e-10	0.00017102	3.1178e-07	-3.1146e-07	-0.0001442	-4.055e-10	0.0001442	3.117e-07	-3.1138e-07	-0.000109456	-4.1657e-10	0.00010949	3.116e-07	-3.1144e-07	-6.403e-05	-4.4164e-10	6.3982e-05	3.1152e-07	-3.1138e-07	-5.9114e-06	-4.4746e-10	5.9473e-06	3.1162e-07	-3.1162e-07
0.47	-0.00026866	-3.715e-10	0.00026902	3.1242e-07	-3.1158e-07	-0.00026286	-3.82e-10	0.00026294	3.122e-07	-3.1158e-07	-0.00025522	-3.8201e-10	0.00025546	3.1222e-07	-3.1156e-07	-0.00024548	-3.8962e-10	0.00024558	3.1208e-07	-3.1154e-07	-0.00023236	-3.9458e-10	0.0002325	3.1202e-07	-3.1146e-07	-0.00021452	-4.0329e-10	0.000215	3.119e-07	-3.1146e-07	-0.00019166	-4.0921e-10	0.00019156	3.1182e-07	-3.1142e-07	-0.00016124	-4.1937e-10	0.00016132	3.1172e-07	-3.1134e-07	-0.0001217	-4.3204e-10	0.00012212	3.1164e-07	-3.114e-07	-7.1054e-05	-4.5714e-10	7.111e-05	3.1154e-07	-3.1146e-07	-6.382e-06	-4.617e-10	6.4914e-06	3.116e-07	-3.116e-07
0.465	-0.00030222	-3.8611e-10	0.00030252	3.1248e-07	-3.1166e-07	-0.00029556	-3.8958e-10	0.00029574	3.1226e-07	-3.1162e-07	-0.00028674	-3.9453e-10	0.00028688	3.122e-07	-3.116e-07	-0.00027526	-4.031e-10	0.00027548	3.1208e-07	-3.1162e-07	-0.0002601	-4.052e-10	0.00026034	3.1196e-07	-3.1148e-07	-0.00024006	-4.1803e-10	0.0002403	3.1196e-07	-3.1158e-07	-0.00021354	-4.252e-10	0.000214	3.1172e-07	-3.114e-07	-0.0001793	-4.3852e-10	0.0001794	3.1172e-07	-3.114e-07	-0.00013502	-4.4715e-10	0.00013514	3.1154e-07	-3.1134e-07	-7.846e-05	-4.7253e-10	7.8442e-05	3.1144e-07	-3.114e-07	-7.0119e-06	-4.7871e-10	6.9464e-06	3.117e-07	-3.1156e-07
0.46	-0.00033984	-3.9838e-10	0.00034008	3.124e-07	-3.1164e-07	-0.00033184	-4.0577e-10	0.0003321	3.1226e-07	-3.1158e-07	-0.00032176	-4.0744e-10	0.00032188	3.1222e-07	-3.1154e-07	-0.00030852	-4.147e-10	0.00030872	3.1206e-07	-3.1152e-07	-0.00029086	-4.2092e-10	0.00029116	3.12e-07	-3.115e-07	-0.00026804	-4.3091e-10	0.00026838	3.1196e-07	-3.1156e-07	-0.00023816	-4.4129e-10	0.00023842	3.1174e-07	-3.1138e-07	-0.00019932	-4.5426e-10	0.00019948	3.117e-07	-3.1144e-07	-0.00014974	-4.6414e-10	0.00014978	3.1154e-07	-3.1134e-07	-8.6594e-05	-4.7942e-10	8.6428e-05	3.1148e-07	-3.114e-07	-7.5411e-06	-4.9643e-10	7.4422e-06	3.1166e-07	-3.1158e-07
0.455	-0.00038018	-4.1029e-10	0.00038048	3.1238e-07	-3.1156e-07	-0.00037086	-4.1899e-10	0.00037132	3.1226e-07	-3.116e-07	-0.00035938	-4.2265e-10	0.00035972	3.122e-07	-3.1156e-07	-0.00034398	-4.3033e-10	0.00034382	3.1208e-07	-3.115e-07	-0.00032388	-4.3665e-10	0.00032408	3.12e-07	-3.114e-07	-0.00029774	-4.4653e-10	0.00029822	3.1194e-07	-3.115e-07	-0.00026408	-4.5731e-10	0.00026438	3.118e-07	-3.1142e-07	-0.0002203	-4.6708e-10	0.0002205	3.1176e-07	-3.1146e-07	-0.00016488	-4.8248e-10	0.00016516	3.1164e-07	-3.115e-07	-9.4994e-05	-4.9817e-10	9.5106e-05	3.115e-07	-3.1138e-07	-8.0226e-06	-5.1698e-10	7.836e-06	3.1164e-07	-3.1158e-07
0.45	-0.0004245	-4.3417e-10	0.00042482	3.1246e-07	-3.1164e-07	-0.00041428	-4.317e-10	0.00041438	3.123e-07	-3.1154e-07	-0.00040096	-4.3894e-10	0.0004009	3.1226e-07	-3.1162e-07	-0.00038286	-4.4407e-10	0.00038316	3.1214e-07	-3.1152e-07	-0.00036028	-4.5152e-10	0.00036018	3.1196e-07	-3.1148e-07	-0.00033034	-4.6232e-10	0.00033088	3.119e-07	-3.116e-07	-0.00029204	-4.7627e-10	0.00029226	3.1172e-07	-3.114e-07	-0.00024292	-4.846e-10	0.00024308	3.117e-07	-3.1144e-07	-0.00018136	-5.0087e-10	0.00018148	3.116e-07	-3.114e-07	-0.000104118	-5.1912e-10	0.000104142	3.1152e-07	-3.1142e-07	-8.7195e-06	-5.3612e-10	8.5535e-06	3.1158e-07	-3.1162e-07
0.445	-0.00047218	-4.4934e-10	0.00047242	3.1236e-07	-3.1158e-07	-0.00046006	-4.453e-10	0.00046016	3.1226e-07	-3.1164e-07	-0.00044472	-4.5177e-10	0.00044512	3.1218e-07	-3.1164e-07	-0.00042398	-4.582e-10	0.00042442	3.1206e-07	-3.1158e-07	-0.00039848	-4.6957e-10	0.00039862	3.12e-07	-3.115e-07	-0.00036494	-4.7739e-10	0.000365	3.119e-07	-3.1148e-07	-0.0003216	-4.9238e-10	0.00032208	3.1176e-07	-3.114e-07	-0.00026658	-5.0322e-10	0.00026712	3.1166e-07	-3.1144e-07	-0.0001987	-5.1808e-10	0.00019874	3.1162e-07	-3.114e-07	-0.000113556	-5.3479e-10	0.000113666	3.1146e-07	-3.1138e-07	-9.3528e-06	-5.5319e-10	9.1952e-06	3.1146e-07	-3.1144e-07
0.44	-0.00052416	-4.5407e-10	0.00052434	3.1234e-07	-3.116e-07	-0.00051012	-4.5957e-10	0.00051046	3.1236e-07	-3.1158e-07	-0.00049284	-4.6993e-10	0.0004931	3.123e-07	-3.1162e-07	-0.00046928	-4.7773e-10	0.00046934	3.1214e-07	-3.1146e-07	-0.0004398	-4.8692e-10	0.00044032	3.1202e-07	-3.115e-07	-0.00040204	-4.9701e-10	0.00040246	3.1194e-07	-3.1146e-07	-0.00035348	-5.098e-10	0.00035356	3.1172e-07	-3.1132e-07	-0.00029242	-5.2072e-10	0.00029252	3.1164e-07	-3.114e-07	-0.00021672	-5.3528e-10	0.0002171	3.1158e-07	-3.114e-07	-0.00012342	-5.5503e-10	0.00012374	3.1154e-07	-3.1138e-07	-9.955e-06	-5.8253e-10	9.9636e-06	3.1154e-07	-3.1152e-07
0.435	-0.00057898	-4.7198e-10	0.00057942	3.1242e-07	-3.1168e-07	-0.00056354	-4.7452e-10	0.00056338	3.1224e-07	-3.1158e-07	-0.0005437	-4.8489e-10	0.00054394	3.1226e-07	-3.1164e-07	-0.0005167	-4.9344e-10	0.00051686	3.1214e-07	-3.1156e-07	-0.0004834	-5.1077e-10	0.00048366	3.1192e-07	-3.1146e-07	-0.00044082	-5.1546e-10	0.00044126	3.119e-07	-3.115e-07	-0.00038672	-5.2916e-10	0.0003867	3.1178e-07	-3.1138e-07	-0.0003188	-5.4094e-10	0.00031934	3.117e-07	-3.1148e-07	-0.00023634	-5.5419e-10	0.00023592	3.1166e-07	-3.1144e-07	-0.00013368	-5.7286e-10	0.00013398	3.1148e-07	-3.1138e-07	-1.05916e-05	-6.0292e-10	1.07191e-05	3.1146e-07	-3.1144e-07
0.43	-0.00063898	-4.8742e-10	0.00063918	3.1248e-07	-3.116e-07	-0.00062074	-4.9168e-10	0.00062082	3.1226e-07	-3.1156e-07	-0.00059822	-4.9867e-10	0.00059842	3.1218e-07	-3.1152e-07	-0.0005679	-5.0977e-10	0.00056794	3.1212e-07	-3.1152e-07	-0.00053016	-5.2758e-10	0.00053066	3.12e-07	-3.1146e-07	-0.00048246	-5.3165e-10	0.00048246	3.1194e-07	-3.1146e-07	-0.00042196	-5.4783e-10	0.0004226	3.118e-07	-3.1138e-07	-0.00034718	-5.6063e-10	0.0003476	3.1172e-07	-3.1146e-07	-0.0002563	-5.7391e-10	0.00025648	3.1158e-07	-3.1142e-07	-0.00014472	-5.959e-10	0.00014502	3.115e-07	-3.1138e-07	-1.14132e-05	-6.2869e-10	1.15001e-05	3.1148e-07	-3.1146e-07
0.425	-0.00070184	-4.9956e-10	0.00070204	3.1238e-07	-3.1158e-07	-0.00068098	-5.1039e-10	0.00068108	3.1236e-07	-3.1164e-07	-0.00065514	-5.1752e-10	0.00065624	3.1218e-07	-3.1152e-07	-0.0006214	-5.2955e-10	0.00062148	3.1216e-07	-3.1158e-07	-0.0005789	-5.4769e-10	0.00057922	3.1194e-07	-3.1152e-07	-0.00052552	-5.5105e-10	0.0005257	3.119e-07	-3.1148e-07	-0.00045918	-5.6337e-10	0.00045892	3.1176e-07	-3.1138e-07	-0.00037686	-5.7815e-10	0.00037674	3.1172e-07	-3.114e-07	-0.0002764	-5.9664e-10	0.0002766	3.1166e-07	-3.114e-07	-0.00015598	-6.1256e-10	0.00015602	3.1152e-07	-3.1144e-07	-1.1498e-05	-6.3904e-10	1.0842e-05	3.1142e-07	-3.115e-07
0.42	-0.00076954	-5.2731e-10	0.0007702	3.1244e-07	-3.1164e-07	-0.00074554	-5.2854e-10	0.00074616	3.1238e-07	-3.117e-07	-0.00071728	-5.3622e-10	0.00071742	3.1224e-07	-3.1158e-07	-0.0006781	-5.4536e-10	0.00067852	3.121e-07	-3.1152e-07	-0.00063084	-5.6548e-10	0.00063142	3.1196e-07	-3.1144e-07	-0.00057144	-5.7036e-10	0.00057216	3.1192e-07	-3.115e-07	-0.00049754	-5.8509e-10	0.00049778	3.1182e-07	-3.1152e-07	-0.0004072	-6.0049e-10	0.00040786	3.1166e-07	-3.114e-07	-0.00029858	-6.1854e-10	0.0002984	3.1156e-07	-3.1138e-07	-0.00016728	-6.3784e-10	0.0001678	3.1156e-07	-3.114e-07	-1.3e-05	-6.7203e-10	1.2914e-05	3.1146e-07	-3.1146e-07
0.415	-0.00084036	-5.4435e-10	0.00084068	3.1236e-07	-3.1158e-07	-0.00081332	-5.4444e-10	0.00081358	3.122e-07	-3.1158e-07	-0.00078032	-5.5197e-10	0.00078108	3.122e-07	-3.1152e-07	-0.00073736	-5.6323e-10	0.0007372	3.1212e-07	-3.1156e-07	-0.00068466	-5.7748e-10	0.00068468	3.1196e-07	-3.115e-07	-0.00061872	-5.867e-10	0.00061908	3.1194e-07	-3.1154e-07	-0.00053754	-6.067e-10	0.00053718	3.1178e-07	-3.1142e-07	-0.00043862	-6.1807e-10	0.0004391	3.1172e-07	-3.1138e-07	-0.0003208	-6.4115e-10	0.00032108	3.1162e-07	-3.1136e-07	-0.00017956	-6.5883e-10	0.00017944	3.1146e-07	-3.1134e-07	-1.383e-05	-6.9437e-10	1.3886e-05	3.1148e-07	-3.1138e-07
0.41	-0.00091566	-5.614e-10	0.00091638	3.1238e-07	-3.1158e-07	-0.000886	-5.621e-10	0.0008857	3.1234e-07	-3.1162e-07	-0.00084858	-5.7254e-10	0.00084894	3.1224e-07	-3.1158e-07	-0.00080014	-5.8486e-10	0.0008003	3.1212e-07	-3.1158e-07	-0.0007412	-5.9726e-10	0.00074168	3.12e-07	-3.115e-07	-0.00066868	-6.106e-10	0.00066846	3.1194e-07	-3.115e-07	-0.00057932	-6.261e-10	0.00057954	3.118e-07	-3.1144e-07	-0.0004718	-6.4036e-10	0.00047212	3.1162e-07	-3.1138e-07	-0.0003431	-6.6048e-10	0.00034376	3.1158e-07	-3.114e-07	-0.00019216	-6.8168e-10	0.00019172	3.1146e-07	-3.1138e-07	-1.4848e-05	-7.1955e-10	1.4676e-05	3.1142e-07	-3.114e-07
0.405	-0.00099406	-5.7413e-10	0.00099464	3.1242e-07	-3.1164e-07	-0.0009597	-5.7945e-10	0.00096008	3.1226e-07	-3.1154e-07	-0.00091838	-5.9167e-10	0.00091872	3.122e-07	-3.1162e-07	-0.00086414	-6.0405e-10	0.0008646	3.1206e-07	-3.1156e-07	-0.00079904	-6.1573e-10	0.00079964	3.12e-07	-3.115e-07	-0.00071918	-6.3304e-10	0.00071962	3.119e-07	-3.115e-07	-0.00062186	-6.4704e-10	0.00062228	3.118e-07	-3.1142e-07	-0.00050502	-6.6572e-10	0.00050544	3.1164e-07	-3.1144e-07	-0.0003669	-6.8426e-10	0.00036708	3.1158e-07	-3.114e-07	-0.0002042	-7.0732e-10	0.00020456	3.1148e-07	-3.114e-07	-1.5474e-05	-7.3558e-10	1.5682e-05	3.1142e-07	-3.1142e-07
0.4	-0.00107754	-5.9221e-10	0.00107794	3.124e-07	-3.116e-07	-0.00103916	-5.9834e-10	0.00103918	3.123e-07	-3.1152e-07	-0.00099126	-6.1113e-10	0.0009917	3.122e-07	-3.1158e-07	-0.00093244	-6.2486e-10	0.00093208	3.1222e-07	-3.1164e-07	-0.00086106	-6.3774e-10	0.00086144	3.12e-07	-3.1152e-07	-0.00077264	-6.5119e-10	0.0007728	3.1196e-07	-3.115e-07	-0.00066678	-6.7094e-10	0.00066726	3.1178e-07	-3.1138e-07	-0.00053976	-6.861e-10	0.00054008	3.1166e-07	-3.114e-07	-0.00039088	-7.0721e-10	0.00039118	3.116e-07	-3.1144e-07	-0.00021636	-7.341e-10	0.00021704	3.1148e-07	-3.114e-07	-1.6396e-05	-7.603e-10	1.648e-05	3.1142e-07	-3.115e-07
0.395	-0.0011628	-6.1265e-10	0.0011634	3.1238e-07	-3.1158e-07	-0.0011201	-6.2173e-10	0.00112048	3.1226e-07	-3.1154e-07	-0.00106738	-6.2996e-10	0.0010672	3.122e-07	-3.1156e-07	-0.00100212	-6.4654e-10	0.00100184	3.1214e-07	-3.1156e-07	-0.00092338	-6.5937e-10	0.00092312	3.1202e-07	-3.1156e-07	-0.0008268	-6.7579e-10	0.0008274	3.1194e-07	-3.115e-07	-0.00071138	-6.9591e-10	0.00071234	3.118e-07	-3.1136e-07	-0.00057424	-7.1096e-10	0.0005754	3.117e-07	-3.1146e-07	-0.00041488	-7.3096e-10	0.00041556	3.1158e-07	-3.1142e-07	-0.00022984	-7.5973e-10	0.00023012	3.1148e-07	-3.1138e-07	-1.7222e-05	-7.8938e-10	1.7322e-05	3.114e-07	-3.1144e-07
0.39	-0.0012536	-6.3102e-10	0.0012534	3.1242e-07	-3.1158e-07	-0.0012058	-6.4226e-10	0.001206	3.1224e-07	-3.1152e-07	-0.00114654	-6.5184e-10	0.00114704	3.123e-07	-3.1164e-07	-0.00107484	-6.6892e-10	0.0010749	3.1208e-07	-3.1156e-07	-0.00098834	-6.8283e-10	0.0009881	3.1208e-07	-3.1156e-07	-0.00088336	-6.9792e-10	0.00088408	3.1186e-07	-3.1146e-07	-0.0007586	-7.1827e-10	0.0007583	3.118e-07	-3.1142e-07	-0.0006109	-7.3771e-10	0.00061164	3.1168e-07	-3.1146e-07	-0.0004404	-7.6357e-10	0.00044072	3.116e-07	-3.1136e-07	-0.00024324	-7.8667e-10	0.00024292	3.1156e-07	-3.114e-07	-1.8276e-05	-8.1456e-10	1.8142e-05	3.1152e-07	-3.1146e-07
0.385	-0.001346	-6.5089e-10	0.001347	3.124e-07	-3.1164e-07	-0.001292	-6.6198e-10	0.0012932	3.1224e-07	-3.1154e-07	-0.001227	-6.7248e-10	0.001228	3.1224e-07	-3.1156e-07	-0.00114816	-6.8793e-10	0.00114812	3.1212e-07	-3.1158e-07	-0.00105326	-7.0228e-10	0.0010543	3.1196e-07	-3.1152e-07	-0.0009404	-7.2197e-10	0.00094038	3.1186e-07	-3.115e-07	-0.00080462	-7.4505e-10	0.00080568	3.1172e-07	-3.114e-07	-0.00064724	-7.6361e-10	0.00064764	3.1158e-07	-3.1138e-07	-0.00046522	-7.8908e-10	0.00046516	3.1158e-07	-3.1142e-07	-0.00025582	-8.1136e-10	0.00025654	3.115e-07	-3.1138e-07	-1.9194e-05	-8.4189e-10	1.9052e-05	3.114e-07	-3.114e-07
0.38	-0.0014438	-6.7043e-10	0.0014432	3.1236e-07	-3.116e-07	-0.001384	-6.8604e-10	0.0013852	3.1222e-07	-3.1162e-07	-0.0013118	-6.9611e-10	0.001312	3.122e-07	-3.1164e-07	-0.0012256	-7.1103e-10	0.001226	3.1218e-07	-3.116e-07	-0.00112232	-7.2883e-10	0.00112288	3.1198e-07	-3.1152e-07	-0.00099924	-7.4848e-10	0.0009997	3.1186e-07	-3.114e-07	-0.00085366	-7.6879e-10	0.00085412	3.1178e-07	-3.1142e-07	-0.00068484	-7.8664e-10	0.00068476	3.1166e-07	-3.1144e-07	-0.00049128	-8.1445e-10	0.0004912	3.1166e-07	-3.1146e-07	-0.00026984	-8.411e-10	0.00026996	3.115e-07	-3.1142e-07	-2.0184e-05	-8.7333e-10	1.9902e-05	3.1146e-07	-3.114e-07
0.375	-0.0015414	-6.9413e-10	0.0015422	3.1244e-07	-3.1168e-07	-0.0014766	-7.0519e-10	0.001477	3.1226e-07	-3.1156e-07	-0.001398	-7.1899e-10	0.0013976	3.122e-07	-3.1162e-07	-0.0013028	-7.3349e-10	0.0013032	3.1206e-07	-3.1158e-07	-0.0011906	-7.5233e-10	0.0011914	3.1204e-07	-3.1156e-07	-0.00105888	-7.7266e-10	0.0010587	3.1188e-07	-3.1138e-07	-0.00090204	-7.9543e-10	0.0009021	3.1178e-07	-3.115e-07	-0.00072244	-8.1288e-10	0.00072238	3.1164e-07	-3.1144e-07	-0.00051646	-8.3994e-10	0.00051678	3.1166e-07	-3.114e-07	-0.00028314	-8.7121e-10	0.00028318	3.1154e-07	-3.114e-07	-2.0968e-05	-9.0105e-10	2.0944e-05	3.1146e-07	-3.114e-07
0.37	-0.0016448	-7.1838e-10	0.0016458	3.1244e-07	-3.1162e-07	-0.0015736	-7.2958e-10	0.0015738	3.1228e-07	-3.1162e-07	-0.0014864	-7.414e-10	0.0014864	3.1222e-07	-3.1152e-07	-0.0013836	-7.5987e-10	0.0013836	3.1212e-07	-3.1162e-07	-0.0012624	-7.7871e-10	0.0012632	3.1204e-07	-3.115e-07	-0.00111908	-7.9837e-10	0.00111994	3.1188e-07	-3.114e-07	-0.00095258	-8.3492e-10	0.00095296	3.1178e-07	-3.1144e-07	-0.00076008	-8.4043e-10	0.0007604	3.1164e-07	-3.1138e-07	-0.00054304	-8.705e-10	0.00054278	3.1158e-07	-3.1134e-07	-0.0002966	-8.9981e-10	0.00029692	3.1156e-07	-3.114e-07	-2.1984e-05	-9.353e-10	2.2056e-05	3.1146e-07	-3.1146e-07
0.365	-0.0017486	-7.3506e-10	0.0017496	3.1238e-07	-3.1164e-07	-0.0016712	-7.503e-10	0.0016714	3.1224e-07	-3.1162e-07	-0.0015754	-7.6756e-10	0.0015764	3.1224e-07	-3.1158e-07	-0.001464	-7.8333e-10	0.0014646	3.121e-07	-3.1158e-07	-0.0013332	-8.0201e-10	0.0013338	3.1198e-07	-3.1148e-07	-0.0011794	-8.2385e-10	0.0011802	3.1182e-07	-3.1142e-07	-0.00100246	-8.6075e-10	0.00100196	3.117e-07	-3.1134e-07	-0.00079828	-8.7203e-10	0.00079926	3.1164e-07	-3.1144e-07	-0.00056898	-8.9823e-10	0.00056908	3.1156e-07	-3.1134e-07	-0.00031048	-9.3154e-10	0.00031058	3.1154e-07	-3.114e-07	-2.3014e-05	-9.6364e-10	2.3074e-05	3.1154e-07	-3.1156e-07
0.36	-0.0018566	-7.6156e-10	0.0018578	3.1242e-07	-3.1162e-07	-0.0017724	-7.7374e-10	0.0017722	3.1226e-07	-3.1156e-07	-0.001669	-7.9372e-10	0.001669	3.1224e-07	-3.1164e-07	-0.0015478	-8.0912e-10	0.0015486	3.1206e-07	-3.1152e-07	-0.001407	-8.3333e-10	0.0014074	3.12e-07	-3.115e-07	-0.0012424	-8.5414e-10	0.0012428	3.119e-07	-3.1148e-07	-0.00105364	-8.7939e-10	0.0010532	3.1176e-07	-3.1144e-07	-0.0008376	-9.05e-10	0.00083808	3.1172e-07	-3.1142e-07	-0.00059538	-9.3028e-10	0.00059602	3.116e-07	-3.1138e-07	-0.0003237	-9.6215e-10	0.00032396	3.1152e-07	-3.1134e-07	-2.3668e-05	-1.00115e-09	2.368e-05	3.1148e-07	-3.114e-07
0.355	-0.0019662	-7.8671e-10	0.001967	3.1236e-07	-3.1162e-07	-0.0018736	-7.9734e-10	0.0018744	3.1232e-07	-3.1156e-07	-0.0017606	-8.1751e-10	0.0017618	3.122e-07	-3.1164e-07	-0.0016302	-8.3552e-10	0.0016314	3.1214e-07	-3.116e-07	-0.00148	-8.5649e-10	0.0014804	3.1196e-07	-3.1156e-07	-0.0013046	-8.8228e-10	0.0013054	3.1184e-07	-3.1138e-07	-0.0011035	-9.0944e-10	0.00110376	3.1172e-07	-3.1144e-07	-0.00087582	-9.3308e-10	0.0008761	3.1162e-07	-3.1138e-07	-0.000622	-9.6134e-10	0.00062164	3.1154e-07	-3.1142e-07	-0.00033768	-9.9578e-10	0.00033806	3.1154e-07	-3.1134e-07	-2.4722e-05	-1.0318e-09	2.4616e-05	3.1146e-07	-3.1146e-07
0.35	-0.0020796	-8.0897e-10	0.0020796	3.1244e-07	-3.1164e-07	-0.0019776	-8.2796e-10	0.0019784	3.1224e-07	-3.1156e-07	-0.0018566	-8.4236e-10	0.001856	3.122e-07	-3.1164e-07	-0.001716	-8.6903e-10	0.001716	3.1222e-07	-3.1156e-07	-0.0015542	-8.8642e-10	0.0015556	3.1202e-07	-3.115e-07	-0.0013678	-9.1107e-10	0.0013684	3.1182e-07	-3.1146e-07	-0.0011548	-9.4122e-10	0.0011554	3.1176e-07	-3.1146e-07	-0.000915	-9.6285e-10	0.00091562	3.1166e-07	-3.1132e-07	-0.00064826	-9.9637e-10	0.00064794	3.1162e-07	-3.1132e-07	-0.00035124	-1.02997e-09	0.00035118	3.115e-07	-3.114e-07	-2.5674e-05	-1.06529e-09	2.5654e-05	3.1148e-07	-3.114e-07
0.345	-0.002193	-8.3476e-10	0.0021938	3.1234e-07	-3.1152e-07	-0.0020824	-8.4916e-10	0.0020832	3.1222e-07	-3.116e-07	-0.0019516	-8.7106e-10	0.0019522	3.1224e-07	-3.1158e-07	-0.0018018	-8.9401e-10	0.0018016	3.1208e-07	-3.116e-07	-0.0016296	-9.1637e-10	0.0016292	3.1198e-07	-3.1156e-07	-0.001431	-9.3994e-10	0.0014318	3.1184e-07	-3.1142e-07	-0.0012054	-9.7088e-10	0.0012064	3.118e-07	-3.1152e-07	-0.0009539	-9.9645e-10	0.000954	3.117e-07	-3.114e-07	-0.00067438	-1.03412e-09	0.00067432	3.1156e-07	-3.1144e-07	-0.00036452	-1.06209e-09	0.00036522	3.1152e-07	-3.114e-07	-2.6566e-05	-1.10423e-09	2.6546e-05	3.114e-07	-3.1138e-07
0.34	-0.0023094	-8.6052e-10	0.0023098	3.124e-07	-3.1156e-07	-0.00219	-8.8269e-10	0.0021904	3.1224e-07	-3.1156e-07	-0.00205	-8.9788e-10	0.0020494	3.1226e-07	-3.1158e-07	-0.001888	-9.3457e-10	0.0018892	3.1214e-07	-3.1158e-07	-0.0017048	-9.4424e-10	0.0017046	3.1196e-07	-3.1146e-07	-0.0014942	-9.7245e-10	0.0014952	3.1188e-07	-3.1148e-07	-0.0012572	-1.00507e-09	0.0012574	3.1176e-07	-3.1148e-07	-0.00099364	-1.02683e-09	0.00099282	3.1166e-07	-3.1132e-07	-0.00070042	-1.06271e-09	0.00070074	3.116e-07	-3.1146e-07	-0.0003783	-1.10298e-09	0.00037886	3.1154e-07	-3.1134e-07	-2.7092e-05	-1.1376e-09	2.7508e-05	3.1146e-07	-3.114e-07
0.335	-0.002426	-8.8365e-10	0.0024274	3.123e-07	-3.1152e-07	-0.0022972	-9.0779e-10	0.002297	3.1232e-07	-3.1158e-07	-0.0021464	-9.2845e-10	0.0021468	3.122e-07	-3.1164e-07	-0.0019734	-9.646e-10	0.0019752	3.1206e-07	-3.1156e-07	-0.0017794	-9.7642e-10	0.0017798	3.1206e-07	-3.1156e-07	-0.0015584	-1.00408e-09	0.001558	3.1184e-07	-3.1148e-07	-0.0013084	-1.03689e-09	0.001309	3.1178e-07	-3.1144e-07	-0.0010314	-1.05921e-09	0.00103168	3.1176e-07	-3.1134e-07	-0.00072706	-1.0978e-09	0.00072662	3.1164e-07	-3.1144e-07	-0.00039232	-1.1347e-09	0.0003925	3.1146e-07	-3.114e-07	-2.8454e-05	-1.1747e-09	2.8438e-05	3.1142e-07	-3.1142e-07
0.33	-0.0025468	-9.1512e-10	0.0025458	3.1232e-07	-3.1156e-07	-0.0024066	-9.3296e-10	0.002407	3.1224e-07	-3.116e-07	-0.0022462	-9.5825e-10	0.0022454	3.1224e-07	-3.116e-07	-0.002062	-9.7716e-10	0.0020618	3.1212e-07	-3.1152e-07	-0.0018558	-1.00779e-09	0.001856	3.1202e-07	-3.1156e-07	-0.0016226	-1.03832e-09	0.0016232	3.1182e-07	-3.1148e-07	-0.0013602	-1.06925e-09	0.0013612	3.1176e-07	-3.1144e-07	-0.00107108	-1.1e-09	0.00107038	3.1172e-07	-3.1144e-07	-0.0007529	-1.1355e-09	0.00075264	3.1156e-07	-3.1138e-07	-0.00040632	-1.1742e-09	0.00040546	3.1152e-07	-3.1148e-07	-2.9464e-05	-1.2155e-09	2.9536e-05	3.1144e-07	-3.1146e-07
0.325	-0.0026656	-9.4206e-10	0.0026656	3.1232e-07	-3.116e-07	-0.002515	-9.6559e-10	0.0025146	3.123e-07	-3.1158e-07	-0.0023442	-9.8819e-10	0.0023444	3.1224e-07	-3.1164e-07	-0.0021494	-1.01569e-09	0.0021482	3.1212e-07	-3.1164e-07	-0.0019312	-1.04465e-09	0.0019314	3.1198e-07	-3.1154e-07	-0.0016854	-1.06994e-09	0.0016858	3.1188e-07	-3.1146e-07	-0.0014116	-1.10823e-09	0.001412	3.1174e-07	-3.1138e-07	-0.00110864	-1.1324e-09	0.0011088	3.1164e-07	-3.114e-07	-0.00077862	-1.1722e-09	0.00077946	3.1158e-07	-3.1138e-07	-0.00041904	-1.2123e-09	0.00041954	3.115e-07	-3.1144e-07	-3.0108e-05	-1.2528e-09	3.014e-05	3.114e-07	-3.1146e-07
0.32	-0.0027876	-9.8319e-10	0.0027874	3.1242e-07	-3.1152e-07	-0.002626	-9.9386e-10	0.0026262	3.123e-07	-3.1162e-07	-0.0024444	-1.01864e-09	0.0024436	3.123e-07	-3.117e-07	-0.0022372	-1.04912e-09	0.0022378	3.1214e-07	-3.1162e-07	-0.0020078	-1.07585e-09	0.0020084	3.1202e-07	-3.1148e-07	-0.0017492	-1.10791e-09	0.0017498	3.1188e-07	-3.115e-07	-0.001462	-1.141e-09	0.0014628	3.1176e-07	-3.114e-07	-0.00114804	-1.1713e-09	0.0011476	3.117e-07	-3.1142e-07	-0.00080454	-1.2093e-09	0.00080474	3.1164e-07	-3.1138e-07	-0.00043234	-1.2507e-09	0.00043284	3.1154e-07	-3.1146e-07	-3.1078e-05	-1.2972e-09	3.1294e-05	3.1142e-07	-3.1146e-07
0.315	-0.002907	-1.00571e-09	0.0029084	3.1238e-07	-3.1168e-07	-0.0027352	-1.02732e-09	0.0027362	3.1224e-07	-3.1156e-07	-0.0025422	-1.05039e-09	0.0025434	3.1224e-07	-3.1156e-07	-0.0023248	-1.08073e-09	0.0023246	3.1212e-07	-3.1158e-07	-0.0020826	-1.11093e-09	0.002083	3.1198e-07	-3.115e-07	-0.0018124	-1.1435e-09	0.0018124	3.1186e-07	-3.1148e-07	-0.0015126	-1.1793e-09	0.001513	3.1174e-07	-3.1144e-07	-0.0011852	-1.2079e-09	0.0011856	3.1166e-07	-3.1136e-07	-0.00083004	-1.2507e-09	0.00083078	3.1158e-07	-3.1148e-07	-0.00044504	-1.2911e-09	0.00044602	3.115e-07	-3.114e-07	-3.201e-05	-1.3377e-09	3.1814e-05	3.1146e-07	-3.114e-07
0.31	-0.003032	-1.0327e-09	0.003031	3.1236e-07	-3.117e-07	-0.0028484	-1.05887e-09	0.0028472	3.1226e-07	-3.116e-07	-0.0026426	-1.08392e-09	0.0026426	3.1218e-07	-3.1154e-07	-0.0024124	-1.1165e-09	0.0024124	3.1212e-07	-3.1158e-07	-0.0021584	-1.1464e-09	0.002158	3.12e-07	-3.1148e-07	-0.0018754	-1.182e-09	0.0018756	3.1192e-07	-3.1144e-07	-0.0015636	-1.2192e-09	0.0015638	3.1178e-07	-3.114e-07	-0.001224	-1.2485e-09	0.001224	3.117e-07	-3.114e-07	-0.00085582	-1.2896e-09	0.00085628	3.1158e-07	-3.1144e-07	-0.00045904	-1.3327e-09	0.00045908	3.1152e-07	-3.114e-07	-3.289e-05	-1.3752e-09	3.286e-05	3.1146e-07	-3.1144e-07
0.305	-0.0031516	-1.06877e-09	0.0031524	3.1236e-07	-3.1166e-07	-0.002956	-1.09238e-09	0.0029582	3.1226e-07	-3.1158e-07	-0.0027406	-1.1185e-09	0.0027414	3.122e-07	-3.1156e-07	-0.0024988	-1.1539e-09	0.0024986	3.1212e-07	-3.116e-07	-0.0022326	-1.183e-09	0.0022334	3.12e-07	-3.1156e-07	-0.0019376	-1.2333e-09	0.001939	3.1184e-07	-3.115e-07	-0.001613	-1.2578e-09	0.0016136	3.1176e-07	-3.1144e-07	-0.0012612	-1.2892e-09	0.0012616	3.1166e-07	-3.1138e-07	-0.00088044	-1.3356e-09	0.00088068	3.1164e-07	-3.1142e-07	-0.00047146	-1.375e-09	0.00047178	3.1152e-07	-3.1146e-07	-3.3824e-05	-1.4199e-09	3.3712e-05	3.1142e-07	-3.1148e-07
0.3	-0.0032746	-1.0999e-09	0.0032746	3.1244e-07	-3.1174e-07	-0.0030698	-1.125e-09	0.0030702	3.1224e-07	-3.1156e-07	-0.0028396	-1.1542e-09	0.0028416	3.122e-07	-3.1154e-07	-0.002587	-1.1839e-09	0.002588	3.1216e-07	-3.1162e-07	-0.0023086	-1.2176e-09	0.0023084	3.1194e-07	-3.1146e-07	-0.0020016	-1.2671e-09	0.0020008	3.119e-07	-3.1146e-07	-0.0016636	-1.2982e-09	0.0016638	3.1176e-07	-3.114e-07	-0.0012986	-1.326e-09	0.0012998	3.117e-07	-3.114e-07	-0.00090676	-1.3747e-09	0.00090672	3.1164e-07	-3.1144e-07	-0.00048374	-1.4201e-09	0.00048456	3.1158e-07	-3.1144e-07	-3.4718e-05	-1.4669e-09	3.4904e-05	3.1148e-07	-3.115e-07
0.295	-0.0033956	-1.1304e-09	0.0033958	3.1242e-07	-3.1162e-07	-0.0031794	-1.1608e-09	0.0031786	3.1232e-07	-3.1158e-07	-0.0029384	-1.19e-09	0.002939	3.1214e-07	-3.1156e-07	-0.0026728	-1.2257e-09	0.0026736	3.1212e-07	-3.1158e-07	-0.0023828	-1.2565e-09	0.0023826	3.1194e-07	-3.1144e-07	-0.0020616	-1.3098e-09	0.002063	3.1188e-07	-3.1144e-07	-0.001713	-1.3368e-09	0.0017134	3.1178e-07	-3.114e-07	-0.0013356	-1.3718e-09	0.0013364	3.1166e-07	-3.1138e-07	-0.00093172	-1.4162e-09	0.00093124	3.116e-07	-3.1144e-07	-0.00049772	-1.4661e-09	0.00049706	3.1152e-07	-3.1142e-07	-3.576e-05	-1.529e-09	3.5616e-05	3.1146e-07	-3.1144e-07
0.29	-0.0035186	-1.166e-09	0.003519	3.1242e-07	-3.1164e-07	-0.0032892	-1.1973e-09	0.003291	3.1226e-07	-3.1162e-07	-0.0030374	-1.2281e-09	0.0030392	3.1214e-07	-3.1158e-07	-0.0027596	-1.2634e-09	0.0027596	3.1212e-07	-3.1154e-07	-0.002457	-1.3036e-09	0.0024566	3.119e-07	-3.1146e-07	-0.0021248	-1.352e-09	0.0021248	3.1184e-07	-3.1144e-07	-0.0017622	-1.3805e-09	0.0017632	3.1184e-07	-3.1146e-07	-0.0013724	-1.4154e-09	0.0013726	3.1168e-07	-3.1142e-07	-0.0009556	-1.4629e-09	0.00095578	3.116e-07	-3.1138e-07	-0.00050964	-1.5118e-09	0.00051018	3.115e-07	-3.1146e-07	-3.6448e-05	-1.5636e-09	3.6442e-05	3.1146e-07	-3.1148e-07
0.285	-0.003638	-1.2014e-09	0.0036396	3.123e-07	-3.1156e-07	-0.0033996	-1.2324e-09	0.0033998	3.1228e-07	-3.1158e-07	-0.003136	-1.2668e-09	0.0031356	3.122e-07	-3.1156e-07	-0.002844	-1.3023e-09	0.0028452	3.1226e-07	-3.1164e-07	-0.002529	-1.3474e-09	0.0025294	3.1194e-07	-3.115e-07	-0.0021838	-1.3932e-09	0.0021848	3.119e-07	-3.115e-07	-0.0018104	-1.4221e-09	0.0018108	3.1176e-07	-3.1152e-07	-0.001409	-1.4617e-09	0.00141	3.1162e-07	-3.1144e-07	-0.0009793	-1.507e-09	0.00098034	3.1158e-07	-3.1142e-07	-0.000522	-1.5554e-09	0.00052192	3.1156e-07	-3.1146e-07	-3.727e-05	-1.6104e-09	3.7238e-05	3.1144e-07	-3.1144e-07
0.28	-0.0037616	-1.238e-09	0.0037612	3.1236e-07	-3.1164e-07	-0.0035096	-1.2737e-09	0.0035102	3.1226e-07	-3.1156e-07	-0.0032336	-1.3033e-09	0.0032344	3.1216e-07	-3.1154e-07	-0.0029306	-1.3448e-09	0.0029312	3.1218e-07	-3.1158e-07	-0.002603	-1.3852e-09	0.0026038	3.1194e-07	-3.1148e-07	-0.0022454	-1.422e-09	0.0022454	3.1186e-07	-3.1142e-07	-0.0018588	-1.468e-09	0.0018596	3.118e-07	-3.1144e-07	-0.0014454	-1.5035e-09	0.0014454	3.117e-07	-3.1146e-07	-0.00100352	-1.554e-09	0.00100278	3.1158e-07	-3.1138e-07	-0.00053432	-1.6007e-09	0.0005338	3.1158e-07	-3.114e-07	-3.8136e-05	-1.6707e-09	3.7994e-05	3.1142e-07	-3.1146e-07
0.275	-0.0038814	-1.2758e-09	0.0038824	3.1236e-07	-3.1162e-07	-0.0036176	-1.3081e-09	0.0036178	3.1226e-07	-3.1164e-07	-0.0033294	-1.3472e-09	0.0033298	3.1216e-07	-3.1152e-07	-0.0030138	-1.3852e-09	0.0030148	3.1216e-07	-3.1158e-07	-0.0026738	-1.4249e-09	0.002675	3.1194e-07	-3.1148e-07	-0.0023056	-1.4664e-09	0.0023052	3.119e-07	-3.115e-07	-0.001906	-1.5142e-09	0.0019066	3.1178e-07	-3.1144e-07	-0.0014794	-1.5525e-09	0.00148	3.1172e-07	-3.1142e-07	-0.00102676	-1.6036e-09	0.00102728	3.116e-07	-3.1146e-07	-0.00054576	-1.653e-09	0.00054648	3.1158e-07	-3.1142e-07	-3.8656e-05	-1.707e-09	3.8546e-05	3.1148e-07	-3.1144e-07
0.27	-0.0040012	-1.318e-09	0.0040012	3.1238e-07	-3.1156e-07	-0.0037246	-1.3491e-09	0.0037262	3.1232e-07	-3.1158e-07	-0.0034242	-1.3865e-09	0.0034248	3.1208e-07	-3.115e-07	-0.0030966	-1.4277e-09	0.003097	3.122e-07	-3.116e-07	-0.0027452	-1.4697e-09	0.0027462	3.119e-07	-3.1152e-07	-0.002363	-1.5088e-09	0.0023632	3.1188e-07	-3.1154e-07	-0.0019532	-1.5615e-09	0.0019536	3.1178e-07	-3.1142e-07	-0.001514	-1.5993e-09	0.0015144	3.117e-07	-3.1144e-07	-0.00104938	-1.6493e-09	0.00105026	3.1164e-07	-3.1152e-07	-0.000558	-1.7041e-09	0.0005581	3.1152e-07	-3.1136e-07	-3.958e-05	-1.7592e-09	3.9496e-05	3.1146e-07	-3.115e-07
0.265	-0.0041218	-1.3573e-09	0.0041222	3.1246e-07	-3.117e-07	-0.0038334	-1.3929e-09	0.0038334	3.1232e-07	-3.1164e-07	-0.00352	-1.4285e-09	0.0035212	3.1214e-07	-3.1146e-07	-0.0031812	-1.4728e-09	0.0031816	3.1218e-07	-3.1168e-07	-0.0028166	-1.5119e-09	0.0028164	3.1196e-07	-3.1156e-07	-0.0024222	-1.5605e-09	0.0024222	3.1194e-07	-3.1154e-07	-0.0019986	-1.6105e-09	0.0019996	3.1178e-07	-3.114e-07	-0.0015496	-1.6465e-09	0.0015496	3.116e-07	-3.1142e-07	-0.00107354	-1.6988e-09	0.00107374	3.1162e-07	-3.1146e-07	-0.00056982	-1.7562e-09	0.0005707	3.115e-07	-3.114e-07	-4.0244e-05	-1.8128e-09	4.0084e-05	3.1154e-07	-3.1152e-07
0.26	-0.0042392	-1.3971e-09	0.0042404	3.1246e-07	-3.1168e-07	-0.0039388	-1.4323e-09	0.0039398	3.1222e-07	-3.1152e-07	-0.0036146	-1.4745e-09	0.0036144	3.1212e-07	-3.1156e-07	-0.0032612	-1.5145e-09	0.0032624	3.122e-07	-3.1162e-07	-0.0028858	-1.561e-09	0.0028864	3.1204e-07	-3.1154e-07	-0.00248	-1.6038e-09	0.00248	3.1194e-07	-3.1152e-07	-0.0020456	-1.6548e-09	0.0020448	3.118e-07	-3.114e-07	-0.0015834	-1.698e-09	0.0015828	3.1176e-07	-3.1142e-07	-0.0010953	-1.7505e-09	0.00109706	3.116e-07	-3.1144e-07	-0.00058132	-1.8094e-09	0.00058248	3.1152e-07	-3.114e-07	-4.1164e-05	-1.8645e-09	4.1456e-05	3.1154e-07	-3.1148e-07
0.255	-0.004358	-1.4389e-09	0.0043588	3.1244e-07	-3.1168e-07	-0.0040456	-1.4742e-09	0.004045	3.1226e-07	-3.1164e-07	-0.0037094	-1.5207e-09	0.0037096	3.1216e-07	-3.1156e-07	-0.0033432	-1.5633e-09	0.0033444	3.1226e-07	-3.117e-07	-0.0029554	-1.6142e-09	0.0029562	3.12e-07	-3.1154e-07	-0.0025372	-1.6543e-09	0.0025368	3.119e-07	-3.1152e-07	-0.002091	-1.7068e-09	0.0020922	3.1178e-07	-3.1144e-07	-0.0016174	-1.7515e-09	0.001617	3.1166e-07	-3.1138e-07	-0.00111908	-1.8046e-09	0.00111894	3.1154e-07	-3.114e-07	-0.00059298	-1.8626e-09	0.00059394	3.1152e-07	-3.1144e-07	-4.1896e-05	-1.9243e-09	4.2306e-05	3.1158e-07	-3.115e-07
0.25	-0.004474	-1.4803e-09	0.004473	3.1248e-07	-3.1172e-07	-0.0041502	-1.5167e-09	0.0041498	3.123e-07	-3.116e-07	-0.0038006	-1.5634e-09	0.0037996	3.122e-07	-3.1158e-07	-0.0034232	-1.616e-09	0.0034238	3.1224e-07	-3.1158e-07	-0.0030232	-1.661e-09	0.0030238	3.1202e-07	-3.116e-07	-0.0025922	-1.706e-09	0.0025926	3.119e-07	-3.1158e-07	-0.0021344	-1.7562e-09	0.0021354	3.1176e-07	-3.1144e-07	-0.0016512	-1.8052e-09	0.0016516	3.117e-07	-3.114e-07	-0.00114084	-1.8535e-09	0.00114028	3.116e-07	-3.1142e-07	-0.00060458	-1.9144e-09	0.0006035	3.116e-07	-3.1138e-07	-4.2716e-05	-1.979e-09	4.2838e-05	3.1154e-07	-3.1154e-07
0.245	-0.0045904	-1.5257e-09	0.0045902	3.125e-07	-3.1168e-07	-0.004253	-1.5666e-09	0.0042536	3.1224e-07	-3.1158e-07	-0.0038924	-1.6085e-09	0.0038936	3.1214e-07	-3.1156e-07	-0.003503	-1.6611e-09	0.003504	3.1222e-07	-3.117e-07	-0.0030908	-1.7108e-09	0.003091	3.12e-07	-3.1154e-07	-0.002648	-1.7587e-09	0.002649	3.1194e-07	-3.115e-07	-0.0021788	-1.8125e-09	0.0021794	3.1178e-07	-3.1144e-07	-0.0016836	-1.8597e-09	0.0016834	3.1172e-07	-3.1142e-07	-0.0011622	-1.9145e-09	0.0011622	3.1156e-07	-3.1134e-07	-0.0006154	-1.9729e-09	0.0006149	3.1154e-07	-3.1144e-07	-4.345e-05	-2.0361e-09	4.3584e-05	3.1154e-07	-3.115e-07
0.24	-0.0047048	-1.5772e-09	0.0047046	3.1254e-07	-3.1174e-07	-0.0043548	-1.6153e-09	0.0043552	3.1226e-07	-3.1162e-07	-0.0039822	-1.6591e-09	0.0039826	3.1218e-07	-3.1156e-07	-0.0035804	-1.7113e-09	0.00358	3.1222e-07	-3.1168e-07	-0.0031568	-1.7602e-09	0.0031568	3.1194e-07	-3.1156e-07	-0.0027032	-1.8105e-09	0.002704	3.1184e-07	-3.1152e-07	-0.0022224	-1.8657e-09	0.0022228	3.1182e-07	-3.1144e-07	-0.0017158	-1.9166e-09	0.0017164	3.1172e-07	-3.1142e-07	-0.0011834	-1.9706e-09	0.0011832	3.1158e-07	-3.114e-07	-0.0006256	-2.0312e-09	0.0006265	3.1154e-07	-3.1142e-07	-4.416e-05	-2.0997e-09	4.4344e-05	3.115e-07	-3.1152e-07
0.235	-0.0048178	-1.6235e-09	0.0048182	3.1242e-07	-3.117e-07	-0.0044568	-1.6618e-09	0.004457	3.1226e-07	-3.1158e-07	-0.0040726	-1.7026e-09	0.0040732	3.1218e-07	-3.1162e-07	-0.003658	-1.7618e-09	0.0036582	3.1216e-07	-3.1164e-07	-0.0032222	-1.812e-09	0.0032234	3.1202e-07	-3.1152e-07	-0.0027578	-1.8657e-09	0.0027574	3.119e-07	-3.1152e-07	-0.0022654	-1.9195e-09	0.0022656	3.1184e-07	-3.1148e-07	-0.0017478	-1.9689e-09	0.0017474	3.1174e-07	-3.1144e-07	-0.0012046	-2.0276e-09	0.001205	3.1158e-07	-3.1144e-07	-0.000637	-2.0921e-09	0.00063754	3.1162e-07	-3.1148e-07	-4.4896e-05	-2.1602e-09	4.493e-05	3.1152e-07	-3.1146e-07
0.23	-0.0049286	-1.6675e-09	0.0049278	3.124e-07	-3.1166e-07	-0.0045558	-1.7127e-09	0.0045558	3.123e-07	-3.1158e-07	-0.00416	-1.7581e-09	0.0041608	3.1216e-07	-3.1152e-07	-0.0037334	-1.8124e-09	0.0037336	3.122e-07	-3.1168e-07	-0.0032876	-1.8679e-09	0.0032872	3.1202e-07	-3.1152e-07	-0.0028106	-1.9164e-09	0.0028108	3.1184e-07	-3.115e-07	-0.0023066	-1.9763e-09	0.0023064	3.1184e-07	-3.1144e-07	-0.0017784	-2.0295e-09	0.0017788	3.1166e-07	-3.1144e-07	-0.0012256	-2.0857e-09	0.0012252	3.1158e-07	-3.1142e-07	-0.0006472	-2.1518e-09	0.00064722	3.1162e-07	-3.1154e-07	-4.5572e-05	-2.2253e-09	4.553e-05	3.1154e-07	-3.1146e-07
0.225	-0.0050396	-1.7149e-09	0.0050404	3.1256e-07	-3.1176e-07	-0.004655	-1.7625e-09	0.0046562	3.123e-07	-3.1162e-07	-0.0042458	-1.8119e-09	0.0042472	3.1224e-07	-3.1154e-07	-0.003809	-1.8693e-09	0.0038108	3.1218e-07	-3.1162e-07	-0.0033518	-1.922e-09	0.003352	3.12e-07	-3.1156e-07	-0.0028634	-1.9757e-09	0.0028632	3.1196e-07	-3.1154e-07	-0.0023482	-2.0177e-09	0.00235	3.1174e-07	-3.1142e-07	-0.00181	-2.0904e-09	0.0018108	3.1174e-07	-3.115e-07	-0.0012454	-2.1474e-09	0.001246	3.1154e-07	-3.1136e-07	-0.00065704	-2.2138e-09	0.00065826	3.1164e-07	-3.1156e-07	-4.66e-05	-2.2853e-09	4.6402e-05	3.1152e-07	-3.1152e-07
0.22	-0.0051486	-1.7663e-09	0.0051492	3.125e-07	-3.117e-07	-0.0047514	-1.813e-09	0.0047524	3.1234e-07	-3.1164e-07	-0.0043326	-1.8626e-09	0.0043322	3.1214e-07	-3.1156e-07	-0.003883	-1.9211e-09	0.0038832	3.1214e-07	-3.1168e-07	-0.0034142	-1.9773e-09	0.0034144	3.1202e-07	-3.1152e-07	-0.002914	-2.0332e-09	0.0029146	3.1188e-07	-3.115e-07	-0.002389	-2.0798e-09	0.0023888	3.1178e-07	-3.1144e-07	-0.0018398	-2.1473e-09	0.0018404	3.1162e-07	-3.1146e-07	-0.0012654	-2.2076e-09	0.0012664	3.1148e-07	-3.114e-07	-0.00066854	-2.2746e-09	0.00066802	3.1156e-07	-3.1152e-07	-4.7186e-05	-2.3496e-09	4.7132e-05	3.1154e-07	-3.1152e-07
0.215	-0.0052574	-1.8186e-09	0.005258	3.1246e-07	-3.117e-07	-0.004849	-1.8643e-09	0.0048502	3.1228e-07	-3.1156e-07	-0.004417	-1.9191e-09	0.0044178	3.1218e-07	-3.1166e-07	-0.0039576	-1.9766e-09	0.0039572	3.1224e-07	-3.1168e-07	-0.0034758	-2.0371e-09	0.0034766	3.1202e-07	-3.1152e-07	-0.002966	-2.0932e-09	0.002966	3.119e-07	-3.1148e-07	-0.0024304	-2.144e-09	0.002431	3.1182e-07	-3.1144e-07	-0.0018698	-2.2108e-09	0.001871	3.117e-07	-3.1142e-07	-0.0012852	-2.2754e-09	0.0012854	3.1152e-07	-3.1138e-07	-0.00067754	-2.342e-09	0.00067848	3.1154e-07	-3.1148e-07	-4.7816e-05	-2.419e-09	4.7744e-05	3.1156e-07	-3.1154e-07
0.21	-0.0053622	-1.8699e-09	0.005363	3.124e-07	-3.1162e-07	-0.0049428	-1.9236e-09	0.0049444	3.1238e-07	-3.1164e-07	-0.0044994	-1.9709e-09	0.0045006	3.1216e-07	-3.1156e-07	-0.004028	-2.0305e-09	0.0040292	3.1216e-07	-3.1164e-07	-0.0035366	-2.0952e-09	0.0035378	3.12e-07	-3.1152e-07	-0.0030156	-2.1525e-09	0.0030164	3.1184e-07	-3.1146e-07	-0.0024682	-2.2047e-09	0.0024698	3.1176e-07	-3.1144e-07	-0.001898	-2.2758e-09	0.0018996	3.1164e-07	-3.1144e-07	-0.0013058	-2.3394e-09	0.001306	3.1158e-07	-3.1134e-07	-0.00068792	-2.4077e-09	0.00068744	3.1158e-07	-3.115e-07	-4.8396e-05	-2.4868e-09	4.8426e-05	3.115e-07	-3.1142e-07
0.205	-0.0054678	-1.9279e-09	0.0054692	3.1244e-07	-3.1184e-07	-0.0050376	-1.9808e-09	0.0050374	3.1232e-07	-3.1162e-07	-0.0045834	-2.0281e-09	0.004584	3.1218e-07	-3.1154e-07	-0.0040996	-2.0917e-09	0.0041012	3.1216e-07	-3.1158e-07	-0.0035976	-2.1565e-09	0.0035974	3.1194e-07	-3.115e-07	-0.0030658	-2.2156e-09	0.0030656	3.1196e-07	-3.1152e-07	-0.0025088	-2.2758e-09	0.0025096	3.1182e-07	-3.115e-07	-0.0019276	-2.34e-09	0.001928	3.1172e-07	-3.1144e-07	-0.0013238	-2.408e-09	0.0013248	3.1162e-07	-3.1146e-07	-0.00069864	-2.4816e-09	0.00069862	3.1158e-07	-3.1146e-07	-4.8918e-05	-2.5571e-09	4.9086e-05	3.115e-07	-3.115e-07
0.2	-0.005571	-1.9836e-09	0.0055722	3.1246e-07	-3.1176e-07	-0.0051296	-2.0323e-09	0.0051296	3.123e-07	-3.1166e-07	-0.0046634	-2.0905e-09	0.004664	3.122e-07	-3.1156e-07	-0.0041694	-2.1473e-09	0.0041708	3.1216e-07	-3.1158e-07	-0.003656	-2.2159e-09	0.0036574	3.1194e-07	-3.1146e-07	-0.0031148	-2.2783e-09	0.0031144	3.1182e-07	-3.1144e-07	-0.0025474	-2.3368e-09	0.0025464	3.1178e-07	-3.114e-07	-0.001956	-2.4069e-09	0.0019556	3.1172e-07	-3.1146e-07	-0.001343	-2.4744e-09	0.0013436	3.1166e-07	-3.1146e-07	-0.00070768	-2.5525e-09	0.00070786	3.1156e-07	-3.115e-07	-4.9572e-05	-2.6264e-09	4.9706e-05	3.1152e-07	-3.115e-07
0.195	-0.0056764	-2.038e-09	0.0056758	3.1246e-07	-3.1168e-07	-0.0052214	-2.0912e-09	0.005222	3.1236e-07	-3.117e-07	-0.0047442	-2.1515e-09	0.0047442	3.1214e-07	-3.116e-07	-0.004238	-2.2107e-09	0.00424	3.1214e-07	-3.1162e-07	-0.0037144	-2.2796e-09	0.0037158	3.1192e-07	-3.115e-07	-0.003162	-2.3447e-09	0.003163	3.1186e-07	-3.1144e-07	-0.002585	-2.4002e-09	0.0025848	3.1176e-07	-3.1144e-07	-0.0019846	-2.4937e-09	0.001985	3.1178e-07	-3.114e-07	-0.0013624	-2.542e-09	0.001362	3.117e-07	-3.1142e-07	-0.00071582	-2.6264e-09	0.00071658	3.1166e-07	-3.115e-07	-5.0248e-05	-2.7019e-09	5.0456e-05	3.1148e-07	-3.1136e-07
0.19	-0.0057766	-2.0972e-09	0.0057754	3.1238e-07	-3.117e-07	-0.0053098	-2.1526e-09	0.005311	3.1234e-07	-3.1162e-07	-0.0048216	-2.214e-09	0.0048228	3.122e-07	-3.1164e-07	-0.0043066	-2.2744e-09	0.0043072	3.121e-07	-3.1156e-07	-0.0037714	-2.3475e-09	0.003772	3.1196e-07	-3.1158e-07	-0.0032074	-2.4072e-09	0.0032084	3.1182e-07	-3.1144e-07	-0.002621	-2.472e-09	0.002622	3.1178e-07	-3.115e-07	-0.0020112	-2.5585e-09	0.0020114	3.1166e-07	-3.1142e-07	-0.0013796	-2.6118e-09	0.0013804	3.116e-07	-3.1144e-07	-0.00072628	-2.6972e-09	0.00072444	3.1164e-07	-3.115e-07	-5.1e-05	-2.7942e-09	5.0996e-05	3.1146e-07	-3.1146e-07
0.185	-0.0058752	-2.1526e-09	0.0058758	3.1242e-07	-3.1166e-07	-0.005399	-2.2142e-09	0.005399	3.1236e-07	-3.1168e-07	-0.0049002	-2.2767e-09	0.0048992	3.123e-07	-3.117e-07	-0.0043734	-2.3379e-09	0.004374	3.1212e-07	-3.116e-07	-0.0038282	-2.4141e-09	0.0038288	3.1206e-07	-3.116e-07	-0.0032548	-2.4772e-09	0.0032554	3.1184e-07	-3.1146e-07	-0.0026572	-2.5414e-09	0.0026582	3.1178e-07	-3.1144e-07	-0.002038	-2.6123e-09	0.002039	3.1166e-07	-3.114e-07	-0.0013986	-2.6858e-09	0.0013982	3.1164e-07	-3.1146e-07	-0.0007349	-2.7702e-09	0.00073554	3.1162e-07	-3.115e-07	-5.1554e-05	-2.8723e-09	5.1514e-05	3.1138e-07	-3.114e-07
0.18	-0.0059728	-2.2157e-09	0.0059718	3.1246e-07	-3.1168e-07	-0.0054844	-2.2768e-09	0.0054836	3.1232e-07	-3.1166e-07	-0.0049746	-2.3628e-09	0.0049756	3.1218e-07	-3.1158e-07	-0.004439	-2.4039e-09	0.0044396	3.1214e-07	-3.1162e-07	-0.0038834	-2.4834e-09	0.003885	3.1198e-07	-3.1156e-07	-0.0032998	-2.545e-09	0.0033006	3.119e-07	-3.1142e-07	-0.0026934	-2.6146e-09	0.002694	3.1178e-07	-3.1146e-07	-0.0020654	-2.6864e-09	0.0020662	3.1164e-07	-3.1144e-07	-0.001415	-2.761e-09	0.001416	3.1164e-07	-3.1146e-07	-0.00074384	-2.8439e-09	0.0007447	3.1162e-07	-3.1152e-07	-5.2234e-05	-2.927e-09	5.2134e-05	3.1146e-07	-3.1152e-07
0.175	-0.0060698	-2.2806e-09	0.0060714	3.1244e-07	-3.117e-07	-0.0055714	-2.3467e-09	0.0055722	3.123e-07	-3.1174e-07	-0.0050492	-2.4277e-09	0.0050488	3.1214e-07	-3.116e-07	-0.004504	-2.4719e-09	0.0045048	3.1212e-07	-3.1164e-07	-0.0039394	-2.5534e-09	0.003938	3.1202e-07	-3.1156e-07	-0.0033446	-2.6194e-09	0.003346	3.1188e-07	-3.115e-07	-0.0027292	-2.6871e-09	0.0027302	3.1184e-07	-3.1148e-07	-0.0020918	-2.7624e-09	0.002092	3.117e-07	-3.1146e-07	-0.0014322	-2.8385e-09	0.001433	3.116e-07	-3.1138e-07	-0.00075182	-2.9255e-09	0.0007532	3.1166e-07	-3.115e-07	-5.2766e-05	-3.0137e-09	5.2642e-05	3.1148e-07	-3.1148e-07
0.17	-0.0061644	-2.3414e-09	0.0061642	3.1248e-07	-3.117e-07	-0.005655	-2.4046e-09	0.0056548	3.123e-07	-3.1158e-07	-0.005123	-2.4964e-09	0.0051228	3.1214e-07	-3.1156e-07	-0.0045668	-2.5387e-09	0.0045668	3.1206e-07	-3.1154e-07	-0.003993	-2.6233e-09	0.0039926	3.1196e-07	-3.1154e-07	-0.0033892	-2.6923e-09	0.0033888	3.1188e-07	-3.1146e-07	-0.0027638	-2.7643e-09	0.002765	3.1174e-07	-3.115e-07	-0.0021166	-2.8393e-09	0.0021178	3.1168e-07	-3.114e-07	-0.00145	-2.9265e-09	0.00145	3.117e-07	-3.1146e-07	-0.000761	-2.9984e-09	0.00076146	3.1162e-07	-3.115e-07	-5.3564e-05	-3.0957e-09	5.3612e-05	3.1148e-07	-3.1144e-07
0.165	-0.0062564	-2.4077e-09	0.0062586	3.1238e-07	-3.1168e-07	-0.0057372	-2.4783e-09	0.0057378	3.1228e-07	-3.1156e-07	-0.0051946	-2.5699e-09	0.0051948	3.122e-07	-3.1162e-07	-0.0046288	-2.6058e-09	0.0046284	3.1214e-07	-3.1162e-07	-0.0040444	-2.6922e-09	0.0040446	3.119e-07	-3.1148e-07	-0.0034322	-2.7643e-09	0.0034328	3.1182e-07	-3.1144e-07	-0.0027962	-2.8356e-09	0.0027976	3.1176e-07	-3.115e-07	-0.0021408	-2.9138e-09	0.002143	3.1168e-07	-3.114e-07	-0.0014654	-3.0209e-09	0.001468	3.1164e-07	-3.1144e-07	-0.00077098	-3.0814e-09	0.00076904	3.1164e-07	-3.1148e-07	-5.3936e-05	-3.1781e-09	5.3962e-05	3.1148e-07	-3.1146e-07
0.16	-0.0063502	-2.4771e-09	0.0063498	3.1236e-07	-3.1168e-07	-0.0058196	-2.547e-09	0.0058196	3.1236e-07	-3.1166e-07	-0.005267	-2.638e-09	0.005268	3.1216e-07	-3.1158e-07	-0.004692	-2.6857e-09	0.0046912	3.1212e-07	-3.1152e-07	-0.0040966	-2.7674e-09	0.004097	3.119e-07	-3.1144e-07	-0.0034744	-2.8446e-09	0.0034744	3.1188e-07	-3.1142e-07	-0.0028322	-2.916e-09	0.0028326	3.1172e-07	-3.115e-07	-0.002168	-2.9932e-09	0.0021684	3.117e-07	-3.114e-07	-0.0014824	-3.0822e-09	0.001485	3.1162e-07	-3.1146e-07	-0.00077904	-3.1713e-09	0.00077896	3.1164e-07	-3.1148e-07	-5.4672e-05	-3.2729e-09	5.4454e-05	3.1148e-07	-3.1144e-07
0.155	-0.0064398	-2.5539e-09	0.0064404	3.1248e-07	-3.1176e-07	-0.0058982	-2.6151e-09	0.005898	3.1228e-07	-3.1156e-07	-0.0053376	-2.7111e-09	0.0053366	3.122e-07	-3.1158e-07	-0.0047514	-2.7606e-09	0.0047508	3.1206e-07	-3.116e-07	-0.004148	-2.8439e-09	0.0041486	3.1194e-07	-3.1148e-07	-0.0035162	-2.9188e-09	0.0035176	3.119e-07	-3.1146e-07	-0.0028644	-2.9935e-09	0.0028656	3.1174e-07	-3.114e-07	-0.0021922	-3.0784e-09	0.0021932	3.117e-07	-3.1146e-07	-0.001499	-3.1683e-09	0.0014992	3.116e-07	-3.1148e-07	-0.00078742	-3.2543e-09	0.00078618	3.1158e-07	-3.1146e-07	-5.5298e-05	-3.3497e-09	5.5522e-05	3.1148e-07	-3.1148e-07
0.15	-0.00653	-2.6271e-09	0.0065296	3.1248e-07	-3.117e-07	-0.005978	-2.69e-09	0.0059782	3.123e-07	-3.1166e-07	-0.005407	-2.7794e-09	0.0054066	3.1218e-07	-3.1156e-07	-0.0048104	-2.8363e-09	0.004811	3.1212e-07	-3.1162e-07	-0.0041984	-2.9221e-09	0.0041988	3.1196e-07	-3.1148e-07	-0.0035592	-3.0016e-09	0.0035578	3.1186e-07	-3.115e-07	-0.0028972	-3.0746e-09	0.0028974	3.1182e-07	-3.115e-07	-0.0022154	-3.1632e-09	0.002216	3.1164e-07	-3.115e-07	-0.0015158	-3.2627e-09	0.001515	3.117e-07	-3.115e-07	-0.00079456	-3.3482e-09	0.00079554	3.1152e-07	-3.1144e-07	-5.5558e-05	-3.4351e-09	5.5644e-05	3.116e-07	-3.1156e-07
0.145	-0.006617	-2.691e-09	0.0066172	3.1242e-07	-3.1164e-07	-0.0060558	-2.7651e-09	0.006057	3.1226e-07	-3.1164e-07	-0.0054746	-2.836e-09	0.0054748	3.1218e-07	-3.116e-07	-0.004868	-2.91e-09	0.004868	3.1216e-07	-3.1162e-07	-0.0042472	-2.9989e-09	0.004247	3.1196e-07	-3.1146e-07	-0.0035982	-3.0828e-09	0.0035988	3.1182e-07	-3.1146e-07	-0.0029286	-3.166e-09	0.002929	3.1176e-07	-3.1146e-07	-0.0022402	-3.2527e-09	0.0022392	3.117e-07	-3.1138e-07	-0.0015308	-3.3431e-09	0.001531	3.1164e-07	-3.1148e-07	-0.00080206	-3.4393e-09	0.0008015	3.116e-07	-3.1144e-07	-5.5988e-05	-3.5323e-09	5.5886e-05	3.1154e-07	-3.1152e-07
0.14	-0.006704	-2.7782e-09	0.0067032	3.1244e-07	-3.1162e-07	-0.0061336	-2.8424e-09	0.0061346	3.1224e-07	-3.1168e-07	-0.0055418	-2.9137e-09	0.005541	3.1214e-07	-3.1156e-07	-0.0049272	-2.9886e-09	0.0049272	3.1218e-07	-3.1158e-07	-0.0042972	-3.0824e-09	0.0042958	3.119e-07	-3.1144e-07	-0.0036378	-3.1693e-09	0.0036392	3.1184e-07	-3.1144e-07	-0.0029606	-3.2447e-09	0.0029602	3.1176e-07	-3.1144e-07	-0.0022616	-3.3374e-09	0.002263	3.1166e-07	-3.1138e-07	-0.0015464	-3.4311e-09	0.0015466	3.1168e-07	-3.1152e-07	-0.00080994	-3.5302e-09	0.00081	3.1162e-07	-3.1156e-07	-5.6936e-05	-3.6272e-09	5.6872e-05	3.1152e-07	-3.1152e-07
0.135	-0.0067872	-2.8423e-09	0.006787	3.125e-07	-3.1176e-07	-0.0062086	-2.9116e-09	0.0062062	3.123e-07	-3.1164e-07	-0.005606	-2.9952e-09	0.0056054	3.1214e-07	-3.1158e-07	-0.0049834	-3.073e-09	0.0049838	3.1218e-07	-3.1166e-07	-0.0043424	-3.1644e-09	0.0043434	3.1196e-07	-3.1154e-07	-0.0036776	-3.2487e-09	0.0036782	3.1182e-07	-3.114e-07	-0.0029908	-3.3259e-09	0.002991	3.1178e-07	-3.1146e-07	-0.0022866	-3.4316e-09	0.002284	3.1168e-07	-3.114e-07	-0.0015602	-3.5208e-09	0.0015616	3.1168e-07	-3.115e-07	-0.00081822	-3.6265e-09	0.00081868	3.1164e-07	-3.1148e-07	-5.6962e-05	-3.7234e-09	5.6854e-05	3.115e-07	-3.1154e-07
0.13	-0.006872	-2.9174e-09	0.0068716	3.1246e-07	-3.1172e-07	-0.006282	-2.9919e-09	0.0062824	3.1232e-07	-3.1172e-07	-0.0056716	-3.0787e-09	0.0056716	3.1218e-07	-3.1158e-07	-0.0050398	-3.1606e-09	0.00504	3.1214e-07	-3.1168e-07	-0.00439	-3.2467e-09	0.0043924	3.1196e-07	-3.1152e-07	-0.003717	-3.3437e-09	0.0037166	3.119e-07	-3.1146e-07	-0.0030208	-3.4228e-09	0.0030214	3.1184e-07	-3.1158e-07	-0.0023076	-3.5198e-09	0.0023072	3.1166e-07	-3.1146e-07	-0.0015758	-3.614e-09	0.001575	3.117e-07	-3.1146e-07	-0.00082512	-3.723e-09	0.00082504	3.1154e-07	-3.1146e-07	-5.7982e-05	-3.8211e-09	5.795e-05	3.1154e-07	-3.115e-07
0.125	-0.006952	-2.9924e-09	0.0069542	3.1246e-07	-3.1176e-07	-0.0063536	-3.072e-09	0.0063544	3.1242e-07	-3.1172e-07	-0.0057346	-3.1633e-09	0.0057344	3.122e-07	-3.1162e-07	-0.0050932	-3.2381e-09	0.0050948	3.1214e-07	-3.1164e-07	-0.004436	-3.3348e-09	0.0044362	3.1196e-07	-3.1154e-07	-0.0037532	-3.4295e-09	0.003755	3.1182e-07	-3.1146e-07	-0.0030522	-3.532e-09	0.0030508	3.1194e-07	-3.1158e-07	-0.0023296	-3.6173e-09	0.002329	3.1164e-07	-3.1144e-07	-0.0015908	-3.7132e-09	0.0015902	3.1166e-07	-3.1146e-07	-0.0008329	-3.8159e-09	0.00083372	3.116e-07	-3.115e-07	-5.823e-05	-3.9248e-09	5.8442e-05	3.1154e-07	-3.115e-07
0.12	-0.0070348	-3.0764e-09	0.0070356	3.1242e-07	-3.1172e-07	-0.0064264	-3.1568e-09	0.0064264	3.1232e-07	-3.117e-07	-0.005798	-3.2428e-09	0.0057978	3.122e-07	-3.116e-07	-0.0051458	-3.3269e-09	0.0051478	3.1218e-07	-3.1168e-07	-0.004482	-3.4272e-09	0.0044802	3.1194e-07	-3.1146e-07	-0.0037898	-3.5356e-09	0.0037914	3.1192e-07	-3.1144e-07	-0.0030808	-3.602e-09	0.0030808	3.1188e-07	-3.1152e-07	-0.0023498	-3.7097e-09	0.0023518	3.1166e-07	-3.114e-07	-0.0016036	-3.8154e-09	0.0016048	3.1166e-07	-3.115e-07	-0.00083918	-3.9204e-09	0.00084024	3.1154e-07	-3.1144e-07	-5.8724e-05	-4.0324e-09	5.8806e-05	3.1148e-07	-3.115e-07
0.115	-0.0071122	-3.1613e-09	0.007114	3.1248e-07	-3.1176e-07	-0.0064956	-3.2411e-09	0.0064978	3.123e-07	-3.1158e-07	-0.0058584	-3.3334e-09	0.0058592	3.1214e-07	-3.1164e-07	-0.0051996	-3.4175e-09	0.0051998	3.1216e-07	-3.1164e-07	-0.0045252	-3.5137e-09	0.0045264	3.1194e-07	-3.115e-07	-0.0038262	-3.6334e-09	0.0038276	3.1188e-07	-3.1146e-07	-0.0031072	-3.7078e-09	0.0031092	3.1184e-07	-3.1152e-07	-0.0023726	-3.8007e-09	0.0023722	3.1164e-07	-3.114e-07	-0.0016184	-3.9118e-09	0.00162	3.1168e-07	-3.115e-07	-0.00084794	-4.0245e-09	0.0008462	3.1156e-07	-3.1148e-07	-5.8984e-05	-4.1387e-09	5.8808e-05	3.1154e-07	-3.1148e-07
0.11	-0.007192	-3.2433e-09	0.007192	3.1238e-07	-3.1174e-07	-0.0065654	-3.3319e-09	0.0065658	3.1234e-07	-3.1176e-07	-0.00592	-3.4238e-09	0.0059198	3.1226e-07	-3.1164e-07	-0.0052522	-3.5106e-09	0.005253	3.1216e-07	-3.1158e-07	-0.0045708	-3.6077e-09	0.0045702	3.1192e-07	-3.115e-07	-0.0038626	-3.7096e-09	0.0038626	3.119e-07	-3.1146e-07	-0.003136	-3.8045e-09	0.0031374	3.1182e-07	-3.116e-07	-0.0023936	-3.9325e-09	0.0023934	3.1172e-07	-3.1146e-07	-0.0016318	-4.021e-09	0.0016344	3.117e-07	-3.1146e-07	-0.00085414	-4.1305e-09	0.00085388	3.116e-07	-3.1148e-07	-5.9714e-05	-4.2435e-09	5.9504e-05	3.115e-07	-3.1148e-07
0.105	-0.0072678	-3.3485e-09	0.0072682	3.1248e-07	-3.118e-07	-0.0066324	-3.4161e-09	0.006633	3.123e-07	-3.1168e-07	-0.005978	-3.5115e-09	0.0059784	3.1224e-07	-3.1162e-07	-0.0053022	-3.6009e-09	0.0053034	3.122e-07	-3.1168e-07	-0.0046124	-3.7471e-09	0.004614	3.1196e-07	-3.115e-07	-0.0038976	-3.8053e-09	0.0038978	3.1184e-07	-3.1144e-07	-0.0031648	-3.8971e-09	0.0031658	3.1184e-07	-3.115e-07	-0.0024134	-4.0373e-09	0.0024152	3.117e-07	-3.114e-07	-0.001646	-4.1252e-09	0.0016464	3.117e-07	-3.1152e-07	-0.0008612	-4.2393e-09	0.0008611	3.1162e-07	-3.1144e-07	-5.983e-05	-4.3554e-09	5.9972e-05	3.1148e-07	-3.1152e-07
0.1	-0.0073434	-3.4244e-09	0.0073442	3.1246e-07	-3.1178e-07	-0.006701	-3.5044e-09	0.0066996	3.1238e-07	-3.1168e-07	-0.006036	-3.6057e-09	0.0060374	3.1222e-07	-3.1166e-07	-0.0053528	-3.6997e-09	0.0053526	3.1214e-07	-3.1162e-07	-0.0046552	-3.8451e-09	0.004656	3.1196e-07	-3.1152e-07	-0.0039308	-3.9086e-09	0.0039332	3.119e-07	-3.1156e-07	-0.003191	-4.0043e-09	0.0031928	3.1182e-07	-3.1146e-07	-0.0024332	-4.1434e-09	0.0024338	3.1164e-07	-3.1144e-07	-0.0016606	-4.2322e-09	0.0016596	3.1164e-07	-3.1144e-07	-0.00086802	-4.3705e-09	0.00086774	3.1154e-07	-3.1144e-07	-6.0334e-05	-4.4727e-09	6.0328e-05	3.1146e-07	-3.1152e-07
0.095	-0.0074176	-3.507e-09	0.007418	3.125e-07	-3.1178e-07	-0.0067654	-3.5983e-09	0.0067654	3.1234e-07	-3.1168e-07	-0.0060932	-3.714e-09	0.0060952	3.1222e-07	-3.1164e-07	-0.0054022	-3.8e-09	0.0054022	3.1218e-07	-3.117e-07	-0.004696	-3.9447e-09	0.0046972	3.119e-07	-3.115e-07	-0.0039656	-4.0099e-09	0.0039658	3.1184e-07	-3.115e-07	-0.0032174	-4.1103e-09	0.0032186	3.1182e-07	-3.1148e-07	-0.0024536	-4.2522e-09	0.0024534	3.1172e-07	-3.1144e-07	-0.0016724	-4.3402e-09	0.0016736	3.1166e-07	-3.1146e-07	-0.0008749	-4.4578e-09	0.00087548	3.1156e-07	-3.115e-07	-6.11e-05	-4.5859e-09	6.111e-05	3.1148e-07	-3.1144e-07
0.09	-0.007491	-3.6026e-09	0.0074912	3.1248e-07	-3.1174e-07	-0.0068294	-3.698e-09	0.0068298	3.1232e-07	-3.117e-07	-0.0061506	-3.8061e-09	0.0061498	3.1218e-07	-3.1156e-07	-0.00545	-3.9024e-09	0.0054516	3.1222e-07	-3.117e-07	-0.0047362	-4.0427e-09	0.0047388	3.1194e-07	-3.1146e-07	-0.0039988	-4.11e-09	0.004	3.119e-07	-3.1144e-07	-0.003244	-4.2146e-09	0.003245	3.1184e-07	-3.1152e-07	-0.0024724	-4.3554e-09	0.0024732	3.1166e-07	-3.1146e-07	-0.0016848	-4.4682e-09	0.0016866	3.1164e-07	-3.1144e-07	-0.00088194	-4.5788e-09	0.00088172	3.1158e-07	-3.1146e-07	-6.1278e-05	-4.7111e-09	6.1232e-05	3.1146e-07	-3.1134e-07
0.085	-0.0075616	-3.6957e-09	0.0075626	3.1244e-07	-3.1176e-07	-0.0068914	-3.793e-09	0.006894	3.123e-07	-3.1164e-07	-0.006205	-3.9107e-09	0.0062048	3.1218e-07	-3.1162e-07	-0.0054974	-4.0029e-09	0.0054978	3.1208e-07	-3.1156e-07	-0.004777	-4.1479e-09	0.0047762	3.1196e-07	-3.1144e-07	-0.0040338	-4.2247e-09	0.004032	3.1182e-07	-3.1142e-07	-0.0032702	-4.3228e-09	0.003271	3.1186e-07	-3.1144e-07	-0.002492	-4.4686e-09	0.002493	3.1166e-07	-3.1144e-07	-0.0016976	-4.5844e-09	0.0016966	3.1166e-07	-3.1144e-07	-0.00088582	-4.6911e-09	0.0008871	3.1156e-07	-3.1152e-07	-6.183e-05	-4.83e-09	6.1996e-05	3.1144e-07	-3.1144e-07
0.08	-0.0076328	-3.7891e-09	0.007633	3.1248e-07	-3.1176e-07	-0.0069554	-3.8977e-09	0.0069568	3.1236e-07	-3.1174e-07	-0.0062596	-4.0072e-09	0.00626	3.1214e-07	-3.1162e-07	-0.0055452	-4.107e-09	0.0055462	3.122e-07	-3.1164e-07	-0.0048172	-4.2596e-09	0.004817	3.1192e-07	-3.1148e-07	-0.0040654	-4.3315e-09	0.0040652	3.119e-07	-3.1152e-07	-0.003296	-4.4381e-09	0.0032966	3.1186e-07	-3.1146e-07	-0.0025106	-4.5852e-09	0.002511	3.1164e-07	-3.1142e-07	-0.00171	-4.6994e-09	0.0017106	3.116e-07	-3.1146e-07	-0.00089372	-4.8139e-09	0.00089354	3.1158e-07	-3.1152e-07	-6.223e-05	-4.9576e-09	6.2116e-05	3.1146e-07	-3.1144e-07
0.075	-0.0077004	-3.9023e-09	0.0077014	3.1258e-07	-3.1176e-07	-0.007017	-3.9948e-09	0.0070168	3.1232e-07	-3.117e-07	-0.0063124	-4.1217e-09	0.0063122	3.1222e-07	-3.1166e-07	-0.0055894	-4.2113e-09	0.0055896	3.122e-07	-3.1164e-07	-0.0048546	-4.3759e-09	0.0048542	3.1202e-07	-3.1152e-07	-0.0040962	-4.4426e-09	0.0040962	3.1178e-07	-3.1142e-07	-0.0033198	-4.5765e-09	0.0033204	3.1186e-07	-3.1144e-07	-0.0025278	-4.7059e-09	0.0025306	3.1172e-07	-3.1142e-07	-0.0017226	-4.8221e-09	0.0017224	3.117e-07	-3.1152e-07	-0.00089874	-4.9391e-09	0.0008999	3.1162e-07	-3.115e-07	-6.2818e-05	-5.0831e-09	6.2772e-05	3.1146e-07	-3.1144e-07
0.07	-0.007771	-4.0097e-09	0.0077716	3.1262e-07	-3.1174e-07	-0.0070772	-4.0988e-09	0.0070778	3.124e-07	-3.1164e-07	-0.0063648	-4.2282e-09	0.0063656	3.1218e-07	-3.1164e-07	-0.0056346	-4.3271e-09	0.005637	3.1222e-07	-3.1172e-07	-0.0048922	-4.4885e-09	0.0048938	3.1194e-07	-3.1152e-07	-0.0041272	-4.557e-09	0.004128	3.1188e-07	-3.114e-07	-0.0033448	-4.6988e-09	0.003346	3.1182e-07	-3.1152e-07	-0.0025464	-4.8246e-09	0.0025474	3.1176e-07	-3.115e-07	-0.0017346	-4.945e-09	0.0017346	3.1166e-07	-3.1146e-07	-0.00090482	-5.0582e-09	0.0009065	3.1162e-07	-3.1152e-07	-6.3078e-05	-5.2165e-09	6.3106e-05	3.1148e-07	-3.114e-07
0.065	-0.007837	-4.1141e-09	0.0078378	3.1244e-07	-3.1168e-07	-0.0071352	-4.2017e-09	0.0071354	3.123e-07	-3.1172e-07	-0.0064142	-4.335e-09	0.0064164	3.1222e-07	-3.1162e-07	-0.0056788	-4.4395e-09	0.0056802	3.122e-07	-3.1168e-07	-0.0049286	-4.5956e-09	0.0049286	3.1192e-07	-3.115e-07	-0.0041562	-4.6743e-09	0.004159	3.1182e-07	-3.1148e-07	-0.0033688	-4.8215e-09	0.0033692	3.1178e-07	-3.114e-07	-0.0025646	-4.9209e-09	0.0025646	3.117e-07	-3.1152e-07	-0.0017458	-5.0654e-09	0.0017462	3.117e-07	-3.1146e-07	-0.00091186	-5.1929e-09	0.00091286	3.1162e-07	-3.1152e-07	-6.3536e-05	-5.3481e-09	6.3876e-05	3.1144e-07	-3.114e-07
0.06	-0.007902	-4.2336e-09	0.0079022	3.1252e-07	-3.1172e-07	-0.0071932	-4.3192e-09	0.0071934	3.1238e-07	-3.1174e-07	-0.006466	-4.4387e-09	0.0064682	3.122e-07	-3.1162e-07	-0.005722	-4.552e-09	0.0057226	3.1222e-07	-3.117e-07	-0.0049656	-4.7152e-09	0.0049652	3.1196e-07	-3.1158e-07	-0.0041864	-4.7917e-09	0.0041878	3.1188e-07	-3.1144e-07	-0.0033916	-4.9426e-09	0.0033928	3.1178e-07	-3.1138e-07	-0.0025834	-5.0463e-09	0.002583	3.1172e-07	-3.1152e-07	-0.0017578	-5.2021e-09	0.0017568	3.1164e-07	-3.1146e-07	-0.00091734	-5.3214e-09	0.00091668	3.1148e-07	-3.1142e-07	-6.3696e-05	-5.478e-09	6.4062e-05	3.1146e-07	-3.1148e-07
0.055	-0.0079678	-4.3427e-09	0.0079668	3.1256e-07	-3.1182e-07	-0.0072498	-4.4288e-09	0.0072506	3.1238e-07	-3.1172e-07	-0.0065156	-4.5537e-09	0.0065164	3.1222e-07	-3.1162e-07	-0.0057646	-4.6706e-09	0.0057668	3.122e-07	-3.1164e-07	-0.0050018	-4.8356e-09	0.0050022	3.1196e-07	-3.1146e-07	-0.0042158	-4.9164e-09	0.0042184	3.1184e-07	-3.1152e-07	-0.0034146	-5.0674e-09	0.0034148	3.1174e-07	-3.1142e-07	-0.0025992	-5.1782e-09	0.0025996	3.1176e-07	-3.1156e-07	-0.0017684	-5.3307e-09	0.0017686	3.1164e-07	-3.115e-07	-0.00092374	-5.464e-09	0.00092316	3.115e-07	-3.1144e-07	-6.4272e-05	-5.6175e-09	6.4334e-05	3.1142e-07	-3.1138e-07
0.05	-0.0080292	-4.4344e-09	0.0080298	3.1252e-07	-3.1172e-07	-0.007306	-4.5449e-09	0.0073044	3.1234e-07	-3.1168e-07	-0.0065652	-4.6691e-09	0.0065632	3.1224e-07	-3.1162e-07	-0.0058068	-4.7826e-09	0.0058062	3.1216e-07	-3.1166e-07	-0.0050362	-4.9522e-09	0.0050374	3.1202e-07	-3.1156e-07	-0.0042452	-5.0392e-09	0.0042468	3.1188e-07	-3.1146e-07	-0.0034362	-5.2112e-09	0.003437	3.1172e-07	-3.1146e-07	-0.0026154	-5.3117e-09	0.002617	3.1178e-07	-3.1148e-07	-0.0017802	-5.4667e-09	0.0017806	3.1166e-07	-3.1158e-07	-0.00092762	-5.5942e-09	0.00092842	3.115e-07	-3.1142e-07	-6.441e-05	-5.7662e-09	6.434e-05	3.1148e-07	-3.1138e-07
0.045	-0.0080924	-4.5367e-09	0.008093	3.1234e-07	-3.1176e-07	-0.0073614	-4.6616e-09	0.0073618	3.1232e-07	-3.117e-07	-0.0066126	-4.7919e-09	0.0066126	3.122e-07	-3.1162e-07	-0.0058476	-4.9052e-09	0.005849	3.1216e-07	-3.1164e-07	-0.0050726	-5.0746e-09	0.0050732	3.119e-07	-3.1148e-07	-0.0042744	-5.1701e-09	0.0042764	3.1184e-07	-3.1144e-07	-0.0034602	-5.3367e-09	0.003461	3.1178e-07	-3.115e-07	-0.0026332	-5.4443e-09	0.0026332	3.1182e-07	-3.115e-07	-0.001791	-5.6041e-09	0.0017916	3.1168e-07	-3.1152e-07	-0.00093568	-5.7387e-09	0.00093562	3.1152e-07	-3.1146e-07	-6.48e-05	-5.9079e-09	6.475e-05	3.1146e-07	-3.1138e-07
0.04	-0.0081546	-4.6537e-09	0.0081534	3.1238e-07	-3.1176e-07	-0.0074162	-4.781e-09	0.0074146	3.1232e-07	-3.1168e-07	-0.0066604	-4.9134e-09	0.0066592	3.1218e-07	-3.1168e-07	-0.0058878	-5.0294e-09	0.0058882	3.1218e-07	-3.1164e-07	-0.005105	-5.2062e-09	0.0051074	3.119e-07	-3.1148e-07	-0.0043028	-5.3031e-09	0.0043018	3.1182e-07	-3.1146e-07	-0.0034824	-5.4821e-09	0.0034832	3.1178e-07	-3.115e-07	-0.0026492	-5.5738e-09	0.0026488	3.1176e-07	-3.1146e-07	-0.0018016	-5.7438e-09	0.0018012	3.1166e-07	-3.1148e-07	-0.00094018	-5.8781e-09	0.00094052	3.1166e-07	-3.1148e-07	-6.5222e-05	-6.0592e-09	6.5214e-05	3.1144e-07	-3.1138e-07
0.035	-0.0082132	-4.7705e-09	0.0082144	3.1236e-07	-3.1176e-07	-0.0074672	-4.8983e-09	0.0074676	3.1232e-07	-3.1162e-07	-0.0067064	-5.0396e-09	0.0067078	3.1218e-07	-3.1164e-07	-0.0059284	-5.1568e-09	0.0059282	3.1214e-07	-3.1162e-07	-0.00514	-5.3383e-09	0.0051396	3.1196e-07	-3.115e-07	-0.0043276	-5.4408e-09	0.004329	3.1184e-07	-3.1146e-07	-0.0035016	-5.6071e-09	0.003504	3.1178e-07	-3.1146e-07	-0.0026662	-5.7174e-09	0.0026642	3.1174e-07	-3.1152e-07	-0.0018106	-5.8905e-09	0.0018118	3.1162e-07	-3.1146e-07	-0.00094428	-6.0316e-09	0.00094574	3.1156e-07	-3.1152e-07	-6.5376e-05	-6.2137e-09	6.5414e-05	3.115e-07	-3.114e-07
0.03	-0.008273	-4.8894e-09	0.0082724	3.1248e-07	-3.1176e-07	-0.0075212	-5.0266e-09	0.0075188	3.122e-07	-3.1166e-07	-0.0067518	-5.1677e-09	0.0067516	3.122e-07	-3.1162e-07	-0.005966	-5.2896e-09	0.0059686	3.1212e-07	-3.1164e-07	-0.0051736	-5.4733e-09	0.005173	3.1194e-07	-3.1146e-07	-0.0043542	-5.5789e-09	0.0043574	3.1186e-07	-3.1154e-07	-0.0035228	-5.7492e-09	0.0035248	3.1178e-07	-3.1142e-07	-0.00268	-5.8612e-09	0.0026798	3.117e-07	-3.1144e-07	-0.0018228	-6.0331e-09	0.0018222	3.1166e-07	-3.114e-07	-0.00094996	-6.1777e-09	0.00095088	3.1158e-07	-3.1142e-07	-6.5482e-05	-6.3524e-09	6.5752e-05	3.114e-07	-3.1136e-07
0.025	-0.008331	-5.0251e-09	0.00833	3.1248e-07	-3.117e-07	-0.0075716	-5.1556e-09	0.007573	3.1218e-07	-3.1156e-07	-0.0067952	-5.3054e-09	0.0067968	3.122e-07	-3.1158e-07	-0.006005	-5.4262e-09	0.006006	3.1208e-07	-3.1154e-07	-0.0052048	-5.608e-09	0.0052058	3.1192e-07	-3.1148e-07	-0.0043828	-5.7147e-09	0.0043828	3.1188e-07	-3.1152e-07	-0.0035452	-5.8927e-09	0.0035466	3.1172e-07	-3.1146e-07	-0.0026948	-6.0129e-09	0.0026956	3.1168e-07	-3.1138e-07	-0.0018326	-6.176e-09	0.0018328	3.117e-07	-3.115e-07	-0.00095542	-6.3425e-09	0.00095584	3.1154e-07	-3.1144e-07	-6.6438e-05	-6.5479e-09	6.6578e-05	3.1142e-07	-3.114e-07
0.02	-0.0083858	-5.1578e-09	0.0083878	3.1244e-07	-3.1176e-07	-0.0076224	-5.2843e-09	0.0076224	3.1224e-07	-3.1164e-07	-0.0068394	-5.4358e-09	0.006839	3.1218e-07	-3.1166e-07	-0.0060426	-5.5779e-09	0.0060426	3.1214e-07	-3.1158e-07	-0.0052358	-5.7469e-09	0.005236	3.1194e-07	-3.1144e-07	-0.0044094	-5.8629e-09	0.004409	3.1194e-07	-3.1146e-07	-0.0035652	-6.0388e-09	0.003566	3.117e-07	-3.115e-07	-0.0027106	-6.1573e-09	0.002711	3.117e-07	-3.1146e-07	-0.0018428	-6.332e-09	0.0018422	3.1166e-07	-3.1148e-07	-0.0009611	-6.4949e-09	0.00096008	3.1152e-07	-3.1144e-07	-6.6426e-05	-6.7124e-09	6.6236e-05	3.1136e-07	-3.1136e-07
0.015	-0.0084452	-5.2961e-09	0.0084432	3.1246e-07	-3.1176e-07	-0.00767	-5.4266e-09	0.0076718	3.123e-07	-3.1154e-07	-0.0068834	-5.577e-09	0.0068824	3.1214e-07	-3.1162e-07	-0.0060792	-5.7218e-09	0.0060802	3.1214e-07	-3.1164e-07	-0.0052668	-5.8913e-09	0.0052686	3.1188e-07	-3.115e-07	-0.004435	-6.0015e-09	0.0044328	3.1186e-07	-3.1146e-07	-0.0035858	-6.1886e-09	0.0035862	3.1178e-07	-3.1144e-07	-0.0027252	-6.3413e-09	0.0027256	3.1166e-07	-3.114e-07	-0.0018522	-6.4964e-09	0.001853	3.1166e-07	-3.1142e-07	-0.00096608	-6.6615e-09	0.00096628	3.1162e-07	-3.1154e-07	-6.6888e-05	-6.8748e-09	6.6742e-05	3.114e-07	-3.1138e-07
0.01	-0.0084976	-5.4207e-09	0.0084984	3.125e-07	-3.1186e-07	-0.0077192	-5.5596e-09	0.0077208	3.1224e-07	-3.1162e-07	-0.0069258	-5.7131e-09	0.0069262	3.122e-07	-3.1162e-07	-0.0061168	-5.8578e-09	0.0061158	3.1212e-07	-3.116e-07	-0.0052968	-6.0366e-09	0.0052984	3.1194e-07	-3.1146e-07	-0.0044578	-6.1545e-09	0.0044592	3.1188e-07	-3.1144e-07	-0.0036058	-6.3361e-09	0.0036056	3.1176e-07	-3.1146e-07	-0.0027398	-6.4932e-09	0.0027396	3.1172e-07	-3.1144e-07	-0.0018612	-6.6544e-09	0.001862	3.1172e-07	-3.1146e-07	-0.00096994	-6.8219e-09	0.0009695	3.1164e-07	-3.1152e-07	-6.7182e-05	-7.0444e-09	6.7224e-05	3.114e-07	-3.114e-07
0.005	-0.0085528	-5.5927e-09	0.008554	3.1244e-07	-3.118e-07	-0.007767	-5.7003e-09	0.0077668	3.123e-07	-3.1162e-07	-0.0069666	-5.8804e-09	0.0069682	3.1224e-07	-3.1168e-07	-0.0061524	-6.004e-09	0.0061542	3.1206e-07	-3.116e-07	-0.005327	-6.1911e-09	0.0053288	3.1196e-07	-3.1152e-07	-0.0044834	-6.3086e-09	0.0044856	3.1188e-07	-3.1148e-07	-0.0036254	-6.5039e-09	0.0036254	3.1182e-07	-3.1148e-07	-0.0027538	-6.6674e-09	0.0027544	3.117e-07	-3.1146e-07	-0.0018704	-6.8164e-09	0.0018712	3.1164e-07	-3.1148e-07	-0.00097488	-7.0017e-09	0.00097444	3.116e-07	-3.115e-07	-6.7552e-05	-7.2157e-09	6.7476e-05	3.1146e-07	-3.1148e-07
0	-0.008605	-5.7237e-09	0.0086066	3.1244e-07	-3.1176e-07	-0.007814	-5.8386e-09	0.0078144	3.122e-07	-3.1162e-07	-0.0070084	-6.0053e-09	0.0070094	3.1226e-07	-3.1164e-07	-0.0061864	-6.1504e-09	0.0061876	3.1208e-07	-3.1156e-07	-0.0053566	-6.3424e-09	0.0053562	3.119e-07	-3.1148e-07	-0.0045068	-6.462e-09	0.0045072	3.1192e-07	-3.115e-07	-0.003642	-6.6689e-09	0.0036436	3.1174e-07	-3.1142e-07	-0.0027666	-6.8365e-09	0.0027678	3.117e-07	-3.1144e-07	-0.0018802	-6.982e-09	0.00188	3.1164e-07	-3.1152e-07	-0.00097994	-7.1702e-09	0.00098046	3.116e-07	-3.1152e-07	-6.7672e-05	-7.3884e-09	6.7558e-05	3.1146e-07	-3.1148e-07
