I/V Sweep,id_vgs
RecordTime,04/14/2025 15:13:58
Device ID,
Count,1
Flag,
Remarks,
vg,vd,id,ig,is,iavdd,ignd
-0.3,0,9.642E-11,-3.6968E-09,-1.46E-12,3.2586E-07,-3.2222E-07
-0.29500000000000004,0,8.4320000000000012E-11,-3.3351E-09,-6.1E-13,3.2578E-07,-3.2252E-07
-0.29000000000000004,0,8.644E-11,-2.9937E-09,-1.46E-12,3.2578E-07,-3.2284E-07
-0.28500000000000003,0,7.939000000000001E-11,-2.6954E-09,-6.5000000000000006E-13,3.2584E-07,-3.2316E-07
-0.28,0,6.11E-11,-2.4226E-09,-8.9E-13,3.2576E-07,-3.2341999999999997E-07
-0.275,0,5.1400000000000005E-11,-2.1835E-09,-2.5E-13,3.2578E-07,-3.2358E-07
-0.27,0,5.0570000000000006E-11,-1.9608E-09,-4.4000000000000004E-13,3.257E-07,-3.2384E-07
-0.265,0,3.9900000000000006E-11,-1.7645E-09,2.7E-13,3.2572E-07,-3.2394E-07
-0.26,0,2.6390000000000002E-11,-1.5905E-09,8.6000000000000007E-13,3.2572E-07,-3.2418E-07
-0.255,0,2.837E-11,-1.4293E-09,-1.08E-12,3.2572E-07,-3.2436E-07
-0.25,0,2.5010000000000003E-11,-1.2862E-09,-2.5E-13,3.2572E-07,-3.2446E-07
-0.24500000000000002,0,1.1860000000000002E-11,-1.1596E-09,2.0000000000000003E-14,3.2578E-07,-3.2474E-07
-0.24000000000000002,0,2.9600000000000003E-12,-1.0455E-09,3.0000000000000003E-13,3.2572E-07,-3.2466E-07
-0.23500000000000001,0,5E-13,-9.3919000000000015E-10,-4.1E-13,3.257E-07,-3.2478E-07
-0.23,0,-7.7800000000000012E-12,-8.4671000000000007E-10,-4.5000000000000005E-13,3.2574E-07,-3.2486E-07
-0.225,0,-1.888E-11,-7.6505000000000006E-10,-1.0500000000000002E-12,3.257E-07,-3.2488E-07
-0.22,0,-1.9090000000000002E-11,-6.8757E-10,-2.06E-12,3.2564E-07,-3.2498E-07
-0.215,0,-2.382E-11,-6.204E-10,1.6000000000000003E-13,3.2572E-07,-3.2506E-07
-0.21000000000000002,0,-3.263E-11,-5.6176E-10,-8.4000000000000006E-13,3.2566E-07,-3.2506E-07
-0.20500000000000002,0,-3.347E-11,-5.0597000000000006E-10,-1.17E-12,3.2568E-07,-3.2508E-07
-0.2,0,-3.78E-11,-4.5470000000000004E-10,-1E-12,3.2566E-07,-3.2512E-07
-0.195,0,-4.8300000000000004E-11,-4.1194000000000003E-10,3.4E-13,3.2566E-07,-3.2524E-07
-0.19,0,-5.1810000000000006E-11,-3.7333000000000004E-10,-6.9000000000000009E-13,3.2562E-07,-3.2524E-07
-0.185,0,-4.986E-11,-3.356E-10,-3.1000000000000004E-13,3.2564E-07,-3.2526E-07
-0.18000000000000002,0,-5.973000000000001E-11,-3.0432000000000004E-10,6.2000000000000008E-13,3.2566E-07,-3.253E-07
-0.17500000000000002,0,-6.705E-11,-2.7605000000000004E-10,-1.2000000000000002E-13,3.2566E-07,-3.2534E-07
-0.17,0,-6.473E-11,-2.4854E-10,2.0000000000000003E-14,3.2566E-07,-3.2532E-07
-0.165,0,-6.812E-11,-2.2497000000000003E-10,-2E-13,3.2566E-07,-3.2534E-07
-0.16,0,-7.5420000000000009E-11,-2.0506000000000001E-10,6.5000000000000006E-13,3.256E-07,-3.2534E-07
-0.155,0,-7.566E-11,-1.8596000000000002E-10,-5.5000000000000008E-13,3.2564E-07,-3.2536E-07
-0.15,0,-7.425E-11,-1.6643000000000001E-10,-1.7E-13,3.256E-07,-3.2536E-07
-0.14500000000000002,0,-8.577E-11,-1.5139E-10,1.7E-13,3.2566E-07,-3.2542E-07
-0.14,0,-8.815E-11,-1.3826000000000002E-10,7.7000000000000005E-13,3.257E-07,-3.254E-07
-0.135,0,-8.563E-11,-1.2483E-10,-4.7E-13,3.2564E-07,-3.2538E-07
-0.13,0,-9.366E-11,-1.1351E-10,3.1000000000000004E-13,3.256E-07,-3.254E-07
-0.125,0,-9.658E-11,-1.0193E-10,-3.1000000000000004E-13,3.256E-07,-3.2534E-07
-0.12000000000000001,0,-9.3540000000000007E-11,-9.4800000000000011E-11,-1.88E-12,3.2564E-07,-3.2546E-07
-0.115,0,-9.7370000000000009E-11,-8.23E-11,-3.1000000000000004E-13,3.2554E-07,-3.2542E-07
-0.11,0,-1.0559000000000001E-10,-7.78E-11,9.000000000000001E-13,3.2564E-07,-3.2548E-07
-0.10500000000000001,0,-1.0356E-10,-6.9580000000000007E-11,-2.8E-13,3.2566E-07,-3.2546E-07
-0.1,0,-9.6900000000000009E-11,-6.44E-11,-2.7E-13,3.256E-07,-3.2548E-07
-0.095,0,-1.0429000000000001E-10,-5.674E-11,-3.5E-13,3.256E-07,-3.2538E-07
-0.090000000000000011,0,-1.1041000000000001E-10,-5.3580000000000004E-11,-5E-14,3.2566E-07,-3.2548E-07
-0.085,0,-1.0668000000000001E-10,-4.7610000000000004E-11,-1.7100000000000002E-12,3.2562E-07,-3.2548E-07
-0.08,0,-1.0827E-10,-4.1250000000000006E-11,-1.9000000000000002E-13,3.2564E-07,-3.254E-07
-0.075,0,-1.2315E-10,-4.104E-11,-8.0000000000000013E-14,3.256E-07,-3.2542E-07
-0.07,0,-1.1898E-10,-3.557E-11,-1.2400000000000002E-12,3.2564E-07,-3.2548E-07
-0.065,0,-1.1112000000000001E-10,-3.2430000000000005E-11,-3.5E-13,3.256E-07,-3.2542E-07
-0.060000000000000005,0,-1.184E-10,-2.8050000000000003E-11,-2E-13,3.256E-07,-3.254E-07
-0.055,0,-1.2202E-10,-2.8270000000000003E-11,-9.6000000000000015E-13,3.2558E-07,-3.2546E-07
-0.05,0,-1.1414E-10,-2.3220000000000002E-11,-8.8000000000000009E-13,3.256E-07,-3.2542E-07
-0.045000000000000005,0,-1.1520000000000001E-10,-2.087E-11,-1.6300000000000001E-12,3.2564E-07,-3.2544E-07
-0.04,0,-1.2633000000000002E-10,-2.0680000000000003E-11,-1.3300000000000002E-12,3.2558E-07,-3.2546E-07
-0.035,0,-1.2266000000000002E-10,-1.6800000000000003E-11,-1.3900000000000001E-12,3.2558E-07,-3.2546E-07
-0.030000000000000002,0,-1.2083E-10,-1.562E-11,-8.5000000000000011E-13,3.256E-07,-3.255E-07
-0.025,0,-1.2716E-10,-1.352E-11,-5.6E-13,3.2562E-07,-3.2546E-07
-0.02,0,-1.326E-10,-1.382E-11,-1.1100000000000001E-12,3.2564E-07,-3.2538E-07
-0.015000000000000001,0,-1.2266000000000002E-10,-9.77E-12,-1.17E-12,3.2556E-07,-3.2548E-07
-0.01,0,-1.2526000000000002E-10,-8.5700000000000008E-12,-1.32E-12,3.2554E-07,-3.2548E-07
-0.005,0,-1.3279000000000001E-10,-9.5100000000000013E-12,-1.27E-12,3.2554E-07,-3.254E-07
0,0,-1.2439000000000002E-10,-5.9200000000000006E-12,-1.7700000000000001E-12,3.2558E-07,-3.2548E-07
0.005,0,-1.2299E-10,-5.02E-12,-3.9000000000000005E-13,3.2558E-07,-3.2542E-07
0.01,0,-1.3569E-10,-4.07E-12,-5.7E-13,3.2562E-07,-3.2542E-07
0.015000000000000001,0,-1.3402000000000002E-10,-4.5000000000000006E-12,-7.100000000000001E-13,3.2552E-07,-3.2546E-07
0.02,0,-1.2943E-10,-8.6000000000000007E-13,-1.14E-12,3.2558E-07,-3.254E-07
0.025,0,-1.3063000000000002E-10,4.2000000000000003E-13,9.0000000000000008E-14,3.2554E-07,-3.2536E-07
0.030000000000000002,0,-1.3926000000000002E-10,-1.02E-12,-9.1000000000000016E-13,3.2566E-07,-3.2546E-07
0.035,0,-1.3217000000000002E-10,2.18E-12,-1.27E-12,3.2556E-07,-3.2538E-07
0.04,0,-1.3098000000000002E-10,2.87E-12,1.4E-13,3.256E-07,-3.255E-07
0.045000000000000005,0,-1.3912E-10,3.8E-12,-2.8E-13,3.256E-07,-3.2546E-07
0.05,0,-1.3563E-10,3.7400000000000006E-12,-5.1E-13,3.2564E-07,-3.2548E-07
0.055,0,-1.3419E-10,8.1000000000000014E-12,-1.27E-12,3.2564E-07,-3.2546E-07
0.060000000000000005,0,-1.3859E-10,7.6800000000000012E-12,-8.300000000000001E-13,3.2566E-07,-3.2552E-07
0.065,0,-1.4180000000000002E-10,8.83E-12,-7.3E-13,3.256E-07,-3.2544E-07
0.07,0,-1.3923000000000002E-10,1.1350000000000002E-11,-1.31E-12,3.2566E-07,-3.255E-07
0.075,0,-1.4179E-10,1.28E-11,4.3000000000000004E-13,3.257E-07,-3.255E-07
0.08,0,-1.4859E-10,1.3590000000000002E-11,-5.3000000000000006E-13,3.2564E-07,-3.255E-07
0.085,0,-1.4408E-10,1.508E-11,-9.000000000000001E-13,3.2564E-07,-3.2544E-07
0.090000000000000011,0,-1.4737E-10,1.9550000000000003E-11,1.1000000000000001E-13,3.2554E-07,-3.2546E-07
0.095,0,-1.5375E-10,1.932E-11,4.4000000000000004E-13,3.255E-07,-3.254E-07
0.1,0,-1.4895000000000001E-10,2.172E-11,-7.6000000000000009E-13,3.2552E-07,-3.2536E-07
0.10500000000000001,0,-1.4716E-10,2.518E-11,-9.0000000000000008E-14,3.2554E-07,-3.254E-07
0.11,0,-1.588E-10,2.7500000000000002E-11,6.1E-13,3.2564E-07,-3.255E-07
0.115,0,-1.6152E-10,2.8900000000000002E-11,-4E-13,3.255E-07,-3.2546E-07
0.12000000000000001,0,-1.5343E-10,3.342E-11,-1.4E-13,3.2556E-07,-3.254E-07
0.125,0,-1.6116000000000002E-10,3.7640000000000005E-11,2.6E-13,3.2564E-07,-3.2548E-07
0.13,0,-1.7485000000000002E-10,4.0230000000000006E-11,3.0000000000000005E-14,3.2558E-07,-3.2546E-07
0.135,0,-1.7195E-10,4.4590000000000004E-11,-2.1000000000000001E-13,3.256E-07,-3.2546E-07
0.14,0,-1.7313E-10,4.953E-11,2.4000000000000004E-13,3.2564E-07,-3.2556E-07
0.14500000000000002,0,-1.8518000000000003E-10,5.35E-11,8.4000000000000006E-13,3.2564E-07,-3.2554E-07
0.15,0,-1.8654E-10,5.779E-11,-2E-13,3.256E-07,-3.2546E-07
0.155,0,-1.8812000000000002E-10,6.292E-11,-3.9000000000000005E-13,3.2562E-07,-3.2552E-07
0.16,0,-1.9393000000000002E-10,6.909E-11,1.8000000000000002E-13,3.2558E-07,-3.2538E-07
0.165,0,-2.0534E-10,7.4130000000000007E-11,-2.6E-13,3.256E-07,-3.2544E-07
0.17,0,-2.0641000000000001E-10,8.0910000000000008E-11,-1.1500000000000002E-12,3.2558E-07,-3.2546E-07
0.17500000000000002,0,-2.0841E-10,8.878E-11,-4E-13,3.2558E-07,-3.254E-07
0.18000000000000002,0,-2.2245000000000002E-10,9.3290000000000008E-11,-3.7000000000000004E-13,3.2552E-07,-3.2546E-07
0.185,0,-2.2829000000000002E-10,1.0035000000000001E-10,-1.04E-12,3.255E-07,-3.2542E-07
0.19,0,-2.3159000000000002E-10,1.1009E-10,-6.1E-13,3.2548E-07,-3.254E-07
0.195,0,-2.4964000000000003E-10,1.1736000000000002E-10,-3.3E-13,3.2554E-07,-3.2538E-07
0.2,0,-2.5814E-10,1.254E-10,-1.0500000000000002E-12,3.2558E-07,-3.2536E-07
0.20500000000000002,0,-2.5725E-10,1.3325E-10,-1.74E-12,3.2558E-07,-3.2544E-07
0.21000000000000002,0,-2.6867E-10,1.4157E-10,-1.1100000000000001E-12,3.2562E-07,-3.2542E-07
0.215,0,-2.8142000000000005E-10,1.5019E-10,-4.4000000000000004E-13,3.256E-07,-3.2542E-07
0.22,0,-2.8151000000000004E-10,1.5786E-10,-8.1000000000000008E-13,3.2556E-07,-3.255E-07
0.225,0,-2.8584E-10,1.6992000000000002E-10,-7.7000000000000005E-13,3.2556E-07,-3.2548E-07
0.23,0,-3.002E-10,1.7758000000000002E-10,-8.300000000000001E-13,3.2564E-07,-3.2556E-07
0.23500000000000001,0,-3.1494E-10,1.8782E-10,-2.7100000000000004E-12,3.2558E-07,-3.2548E-07
0.24000000000000002,0,-3.2144000000000003E-10,1.9955000000000002E-10,-1.27E-12,3.256E-07,-3.2546E-07
0.24500000000000002,0,-3.3804E-10,2.0657000000000002E-10,-2.9000000000000003E-13,3.2558E-07,-3.2542E-07
0.25,0,-3.4703000000000004E-10,2.2211000000000002E-10,-1.1900000000000002E-12,3.256E-07,-3.2546E-07
0.255,0,-3.4659000000000004E-10,2.2659000000000002E-10,-9.3E-13,3.2558E-07,-3.2558E-07
0.26,0,-3.6192000000000003E-10,2.4595E-10,-1.14E-12,3.2558E-07,-3.2548E-07
0.265,0,-3.8766000000000003E-10,2.5176E-10,9.2000000000000012E-13,3.2562E-07,-3.2554E-07
0.27,0,-3.9154E-10,2.7018000000000004E-10,-7.8000000000000011E-13,3.2558E-07,-3.2546E-07
0.275,0,-4.0080000000000005E-10,2.8145000000000005E-10,-1.04E-12,3.2558E-07,-3.2548E-07
0.28,0,-4.2636E-10,2.9502000000000003E-10,-6.9000000000000009E-13,3.2548E-07,-3.254E-07
0.28500000000000003,0,-4.4061000000000004E-10,3.1077E-10,-1.41E-12,3.2558E-07,-3.2546E-07
0.29000000000000004,0,-4.4174E-10,3.2582E-10,-5E-13,3.2556E-07,-3.2546E-07
0.29500000000000004,0,-4.6291000000000006E-10,3.4477000000000004E-10,-9.4E-13,3.2558E-07,-3.2548E-07
0.3,0,-4.8696E-10,3.5751000000000004E-10,-2.7E-13,3.2564E-07,-3.2546E-07
0.305,0,-5.0059E-10,3.7634E-10,-6.400000000000001E-13,3.2562E-07,-3.255E-07
0.31,0,-5.1408E-10,3.9671E-10,-8E-13,3.2568E-07,-3.2552E-07
0.315,0,-5.4116E-10,4.1675000000000003E-10,-7.4000000000000008E-13,3.2562E-07,-3.255E-07
0.32,0,-5.6381E-10,4.3396E-10,-2.13E-12,3.2564E-07,-3.255E-07
0.325,0,-5.755E-10,4.5938E-10,-1.7E-13,3.2558E-07,-3.255E-07
0.33,0,-6.0009E-10,4.7908000000000007E-10,1.8200000000000003E-12,3.2566E-07,-3.2552E-07
0.335,0,-6.2767000000000007E-10,5.0490000000000009E-10,-5.4E-13,3.2568E-07,-3.2552E-07
0.34,0,-6.4537E-10,5.2611000000000006E-10,-5.5000000000000008E-13,3.2562E-07,-3.255E-07
0.34500000000000003,0,-6.7797000000000009E-10,5.5529000000000005E-10,-2.9000000000000003E-13,3.2562E-07,-3.2548E-07
0.35000000000000003,0,-7.0739000000000008E-10,5.8186E-10,5.5000000000000008E-13,3.2566E-07,-3.2548E-07
0.35500000000000004,0,-7.3151000000000009E-10,6.1085E-10,6.5000000000000006E-13,3.2564E-07,-3.255E-07
0.36000000000000004,0,-7.626800000000001E-10,6.4426E-10,2.0000000000000003E-14,3.2556E-07,-3.254E-07
0.365,0,-7.9549E-10,6.7140000000000008E-10,-1.0000000000000002E-14,3.2558E-07,-3.255E-07
0.37,0,-8.304900000000001E-10,7.0525E-10,7.2000000000000006E-13,3.2558E-07,-3.2544E-07
0.375,0,-8.5957000000000006E-10,7.4098000000000006E-10,-3.5E-13,3.2558E-07,-3.2554E-07
0.38,0,-9.0510000000000011E-10,7.8068E-10,-6.2000000000000008E-13,3.2558E-07,-3.2546E-07
0.385,0,-9.3849000000000014E-10,8.1461E-10,9.0000000000000008E-14,3.2558E-07,-3.2548E-07
0.39,0,-9.6945E-10,8.5645000000000008E-10,2.7E-13,3.2562E-07,-3.255E-07
0.395,0,-1.0201E-09,8.9645E-10,-4.5000000000000005E-13,3.2554E-07,-3.2542E-07
0.4,0,-1.06969E-09,9.431E-10,-2.9000000000000003E-13,3.2562E-07,-3.2542E-07
0.405,0,-1.10433E-09,9.8963E-10,-5.1E-13,3.2554E-07,-3.2538E-07
0.41000000000000003,0,-1.1643E-09,1.0331300000000001E-09,1.1000000000000001E-13,3.2552E-07,-3.254E-07
0.41500000000000004,0,-1.2037E-09,1.0851800000000002E-09,-5.8000000000000005E-13,3.2552E-07,-3.2542E-07
0.42000000000000004,0,-1.2526E-09,1.1358E-09,-9.3E-13,3.2552E-07,-3.2542E-07
0.42500000000000004,0,-1.3082E-09,1.1876E-09,-9.2000000000000012E-13,3.255E-07,-3.2534E-07
0.43,0,-1.373E-09,1.2471E-09,-8.7E-13,3.2546E-07,-3.2546E-07
0.435,0,-1.4301E-09,1.306E-09,-1.8100000000000002E-12,3.2552E-07,-3.2544E-07
0.44,0,-1.4834E-09,1.3675E-09,-1.8000000000000002E-12,3.2558E-07,-3.2546E-07
0.445,0,-1.5501E-09,1.4301E-09,-8.9E-13,3.2554E-07,-3.254E-07
0.45,0,-1.6246E-09,1.4973E-09,3.0000000000000005E-14,3.2556E-07,-3.254E-07
0.455,0,-1.6884E-09,1.5676E-09,-8.6000000000000007E-13,3.2546E-07,-3.2536E-07
0.46,0,-1.7543E-09,1.6399E-09,-4.9E-13,3.256E-07,-3.254E-07
0.465,0,-1.8374E-09,1.7135E-09,4.2000000000000003E-13,3.2558E-07,-3.2546E-07
0.47000000000000003,0,-1.9197E-09,1.7969E-09,4E-13,3.2556E-07,-3.2546E-07
0.47500000000000003,0,-1.9936E-09,1.8793E-09,-6.3E-13,3.2556E-07,-3.2536E-07
0.48000000000000004,0,-2.0727E-09,1.958E-09,-3.4E-13,3.2546E-07,-3.2538E-07
0.48500000000000004,0,-2.1659E-09,2.0443E-09,1.02E-12,3.2552E-07,-3.2534E-07
0.49000000000000005,0,-2.259E-09,2.1341E-09,-5.5000000000000008E-13,3.2554E-07,-3.2542E-07
0.49500000000000005,0,-2.3536E-09,2.2375E-09,-1E-12,3.2554E-07,-3.2538E-07
0.5,0,-2.4576E-09,2.3391E-09,-4.6000000000000006E-13,3.2546E-07,-3.2544E-07
0.505,0,-2.5664E-09,2.4397E-09,-2.2000000000000002E-13,3.2574E-07,-3.256E-07
0.51,0,-2.6635E-09,2.5395E-09,-3.7000000000000004E-13,3.2576E-07,-3.2562E-07
0.515,0,-2.7673E-09,2.6512E-09,-1.1100000000000001E-12,3.2576E-07,-3.2566E-07
0.52,0,-2.8884E-09,2.7695E-09,-2E-13,3.258E-07,-3.2558E-07
0.525,0,-3.0099E-09,2.8881E-09,-1.1000000000000001E-13,3.2578E-07,-3.257E-07
0.53,0,-3.1282E-09,3.0128E-09,-3.5E-13,3.2584E-07,-3.2568E-07
0.535,0,-3.2707E-09,3.1502E-09,-8.4000000000000006E-13,3.258E-07,-3.2566E-07
0.54,0,-3.3992E-09,3.2771E-09,-1.0500000000000002E-12,3.2576E-07,-3.2562E-07
0.545,0,-3.5377E-09,3.4129E-09,-1.7100000000000002E-12,3.2568E-07,-3.2554E-07
0.55,0,-3.6745E-09,3.5618E-09,-1.2500000000000001E-12,3.2578E-07,-3.2564E-07
0.555,0,-3.842E-09,3.7254E-09,-9.9E-13,3.2568E-07,-3.256E-07
0.56,0,-4.0016E-09,3.8834E-09,-3.3E-13,3.2572E-07,-3.2558E-07
0.56500000000000006,0,-4.1653E-09,4.0431E-09,-6.5000000000000006E-13,3.2586E-07,-3.256E-07
0.57000000000000006,0,-4.3188E-09,4.2022E-09,-4.3000000000000004E-13,3.2578E-07,-3.2564E-07
0.57500000000000007,0,-4.5105E-09,4.391E-09,1.04E-12,3.2631999999999997E-07,-3.2608E-07
0.58000000000000007,0,-4.6933E-09,4.5561E-09,-1.7E-13,3.2576E-07,-3.2562E-07
0.58500000000000008,0,-4.8605E-09,4.7467E-09,-1.5000000000000002E-13,3.2576E-07,-3.2564E-07
0.59000000000000008,0,-5.0797E-09,4.9721E-09,3.2000000000000005E-13,3.2576E-07,-3.2566E-07
0.595,0,-5.2723E-09,5.1482E-09,-2.2000000000000002E-13,3.2566E-07,-3.255E-07
0.6,0,-5.4821E-09,5.3615E-09,-1.3300000000000002E-12,3.2566E-07,-3.2546E-07
0.605,0,-5.7233E-09,5.6118E-09,-1.65E-12,3.2562E-07,-3.2546E-07
0.61,0,-5.9561E-09,5.8151E-09,-1.3500000000000001E-12,3.257E-07,-3.2554E-07
0.615,0,-6.172E-09,6.0728E-09,-8.5000000000000011E-13,3.2562E-07,-3.255E-07
0.62,0,-6.4418E-09,6.3282E-09,-1.45E-12,3.2606E-07,-3.26E-07
0.625,0,-6.698E-09,6.5859E-09,-2.9000000000000003E-13,3.255E-07,-3.254E-07
0.63,0,-6.9701E-09,6.8554E-09,3.9000000000000005E-13,3.2548E-07,-3.2538E-07
0.635,0,-7.2265E-09,7.123E-09,-1.0500000000000002E-12,3.2548E-07,-3.2536E-07
0.64,0,-7.5354E-09,7.4267E-09,-7.100000000000001E-13,3.2542E-07,-3.2538E-07
0.645,0,-7.8334E-09,7.7383E-09,2.6E-13,3.2552E-07,-3.2538E-07
0.65,0,-8.1755E-09,8.0254E-09,-2.9000000000000003E-13,3.255E-07,-3.2536E-07
0.655,0,-8.501E-09,8.3815E-09,3.0000000000000005E-14,3.2552E-07,-3.2536E-07
0.66,0,-8.8035E-09,8.6985E-09,7E-14,3.2548E-07,-3.2542E-07
0.665,0,-9.1622E-09,9.0515E-09,-7E-14,3.2546E-07,-3.2534E-07
0.67,0,-9.5422E-09,9.4172E-09,-5.2E-13,3.2554E-07,-3.2538E-07
0.675,0,-9.9519E-09,9.8315E-09,-6.1E-13,3.2546E-07,-3.2536E-07
0.68,0,-1.03514E-08,1.02475E-08,-8.4000000000000006E-13,3.255E-07,-3.2538E-07
0.685,0,-1.07513E-08,1.06367E-08,-5.8000000000000005E-13,3.2542E-07,-3.2536E-07
0.69000000000000006,0,-1.12277E-08,1.10979E-08,-1.2400000000000002E-12,3.2544E-07,-3.254E-07
0.69500000000000006,0,-1.1637799999999999E-08,1.1570999999999998E-08,3.3E-13,3.2548E-07,-3.2532E-07
0.70000000000000007,0,-1.2160199999999999E-08,1.2055999999999999E-08,2.1000000000000001E-13,3.2548E-07,-3.2538E-07
0.70500000000000007,0,-1.2617199999999999E-08,1.2511799999999999E-08,-5.5000000000000008E-13,3.256E-07,-3.255E-07
0.71000000000000008,0,-1.3142599999999999E-08,1.3039799999999999E-08,-1.4E-13,3.255E-07,-3.2546E-07
0.71500000000000008,0,-1.3698199999999999E-08,1.3563199999999998E-08,-5.8000000000000005E-13,3.2556E-07,-3.2548E-07
0.72000000000000008,0,-1.4262399999999999E-08,1.4169999999999999E-08,1.1100000000000001E-12,3.2556E-07,-3.2542E-07
0.72500000000000009,0,-1.4841399999999999E-08,1.47164E-08,5.8000000000000005E-13,3.2556E-07,-3.2548E-07
0.73,0,-1.54844E-08,1.535E-08,-4.3000000000000004E-13,3.2548E-07,-3.253E-07
0.735,0,-1.6137799999999998E-08,1.59944E-08,-6.8E-13,3.2544E-07,-3.2536E-07
0.74,0,-1.67584E-08,1.66536E-08,-7.9000000000000007E-13,3.2554E-07,-3.2528E-07
0.745,0,-1.7487E-08,1.7367E-08,-2.4000000000000004E-13,3.2552E-07,-3.2536E-07
0.75,0,-1.82518E-08,1.8146E-08,-8.9E-13,3.2552E-07,-3.2542E-07
0.755,0,-1.8997799999999998E-08,1.8864999999999997E-08,5.8000000000000005E-13,3.2554E-07,-3.2546E-07
0.76,0,-1.9804799999999997E-08,1.9713399999999998E-08,-5.3000000000000006E-13,3.2554E-07,-3.2546E-07
0.765,0,-2.0645799999999998E-08,2.05448E-08,-2.2000000000000002E-13,3.2548E-07,-3.2546E-07
0.77,0,-2.1467999999999997E-08,2.13672E-08,-5.9E-13,3.2552E-07,-3.2536E-07
0.775,0,-2.24158E-08,2.2295399999999997E-08,4.0000000000000006E-14,3.2554E-07,-3.2542E-07
0.78,0,-2.3341799999999997E-08,2.3273999999999997E-08,-5.2E-13,3.2556E-07,-3.2536E-07
0.785,0,-2.43468E-08,2.43156E-08,-8.300000000000001E-13,3.2556E-07,-3.2546E-07
0.79,0,-2.5391599999999998E-08,2.5299599999999996E-08,-1E-12,3.255E-07,-3.2538E-07
0.795,0,-2.6506999999999997E-08,2.6432799999999998E-08,-6.400000000000001E-13,3.2552E-07,-3.2546E-07
0.8,0,-2.7683199999999998E-08,2.75306E-08,-9.3E-13,3.2554E-07,-3.2546E-07
0.805,0,-2.8886199999999996E-08,2.8804799999999998E-08,-9.9E-13,3.2554E-07,-3.2544E-07
0.81,0,-3.0117799999999995E-08,3.0047E-08,-9.8E-13,3.2556E-07,-3.2542E-07
0.81500000000000006,0,-3.1494599999999997E-08,3.14194E-08,-1.1600000000000001E-12,3.2554E-07,-3.2546E-07
0.82000000000000006,0,-3.29364E-08,3.28194E-08,-1.3500000000000001E-12,3.2548E-07,-3.2536E-07
0.82500000000000007,0,-3.4451599999999995E-08,3.43216E-08,-1.7100000000000002E-12,3.255E-07,-3.2538E-07
0.83000000000000007,0,-3.59174E-08,3.575E-08,-8.6000000000000007E-13,3.2546E-07,-3.2542E-07
0.83500000000000008,0,-3.7456399999999997E-08,3.73386E-08,1.6000000000000003E-13,3.2552E-07,-3.2534E-07
0.84000000000000008,0,-3.9099799999999995E-08,3.904E-08,-5.9E-13,3.2548E-07,-3.2532E-07
0.84500000000000008,0,-4.0942E-08,4.0785799999999995E-08,1.5000000000000002E-13,3.2546E-07,-3.2532E-07
0.85000000000000009,0,-4.2787E-08,4.26596E-08,-8.2E-13,3.2548E-07,-3.2536E-07
0.85500000000000009,0,-4.46616E-08,4.4549199999999995E-08,-6.1E-13,3.2546E-07,-3.2536E-07
0.86,0,-4.6762799999999996E-08,4.6652999999999994E-08,-1.8000000000000002E-13,3.2552E-07,-3.2542E-07
0.865,0,-4.8803199999999995E-08,4.88134E-08,-3.7000000000000004E-13,3.2548E-07,-3.2538E-07
0.87,0,-5.1139199999999996E-08,5.1029599999999993E-08,-2.2000000000000002E-13,3.2552E-07,-3.2534E-07
0.875,0,-5.3485999999999993E-08,5.33746E-08,-7.9000000000000007E-13,3.2546E-07,-3.2536E-07
0.88,0,-5.5972599999999993E-08,5.5848399999999993E-08,-7.100000000000001E-13,3.2554E-07,-3.2532E-07
0.885,0,-5.8556999999999993E-08,5.84418E-08,5E-14,3.2548E-07,-3.254E-07
0.89,0,-6.1274399999999992E-08,6.112E-08,1.1000000000000001E-13,3.2552E-07,-3.2542E-07
0.895,0,-6.41164E-08,6.3898199999999992E-08,-1.5000000000000002E-13,3.2546E-07,-3.2536E-07
0.9,0,-6.71014E-08,6.6989999999999993E-08,-5.7E-13,3.2546E-07,-3.253E-07
-0.3,0.15,2.2353E-09,-4.0296E-09,-8.9E-13,3.2544E-07,-3.2344E-07
-0.29500000000000004,0.15,1.9208E-09,-3.6543E-09,-5.5000000000000008E-13,3.2542E-07,-3.2366E-07
-0.29000000000000004,0.15,1.8149E-09,-3.3112E-09,-3.1000000000000004E-13,3.2544E-07,-3.24E-07
-0.28500000000000003,0.15,1.7215E-09,-3.0089E-09,1E-13,3.2548E-07,-3.2416E-07
-0.28,0.15,1.6536E-09,-2.7283E-09,-1.1500000000000002E-12,3.2542E-07,-3.243E-07
-0.275,0.15,1.5916E-09,-2.4791E-09,-1E-12,3.2542E-07,-3.246E-07
-0.27,0.15,1.529E-09,-2.2492E-09,5.3000000000000006E-13,3.2542E-07,-3.2466E-07
-0.265,0.15,1.4771E-09,-2.0529E-09,-6.2000000000000008E-13,3.2544E-07,-3.2488E-07
-0.26,0.15,1.4398E-09,-1.8715E-09,-1.26E-12,3.2536E-07,-3.2496E-07
-0.255,0.15,1.3994E-09,-1.7048E-09,-6.1E-13,3.2548E-07,-3.2512E-07
-0.25,0.15,1.3551E-09,-1.5602E-09,3.8000000000000005E-13,3.2552E-07,-3.253E-07
-0.24500000000000002,0.15,1.3168E-09,-1.4272E-09,-1.08E-12,3.2546E-07,-3.2538E-07
-0.24000000000000002,0.15,1.2898E-09,-1.3063E-09,-7.9000000000000007E-13,3.2544E-07,-3.254E-07
-0.23500000000000001,0.15,1.253E-09,-1.196E-09,-5.7E-13,3.2542E-07,-3.2554E-07
-0.23,0.15,1.2216E-09,-1.1005E-09,-7.6000000000000009E-13,3.254E-07,-3.256E-07
-0.225,0.15,1.1959E-09,-1.0106E-09,-1.7700000000000001E-12,3.2542E-07,-3.2562E-07
-0.22,0.15,1.1798E-09,-9.3022000000000012E-10,1.1000000000000001E-13,3.2542E-07,-3.2566E-07
-0.215,0.15,1.1379E-09,-8.5656000000000009E-10,9.0000000000000008E-14,3.2542E-07,-3.2572E-07
-0.21000000000000002,0.15,1.1203E-09,-7.9224E-10,-1.12E-12,3.2538E-07,-3.2566E-07
-0.20500000000000002,0.15,1.1024E-09,-7.296E-10,-1.2400000000000002E-12,3.2546E-07,-3.2576E-07
-0.2,0.15,1.0694E-09,-6.7643E-10,-3.2000000000000005E-13,3.2542E-07,-3.2584E-07
-0.195,0.15,1.0483E-09,-6.2812E-10,-1.6100000000000002E-12,3.2542E-07,-3.258E-07
-0.19,0.15,1.04E-09,-5.8139E-10,-1.1000000000000002E-12,3.2542E-07,-3.2584E-07
-0.185,0.15,1.013E-09,-5.3939E-10,-6.8E-13,3.254E-07,-3.2588E-07
-0.18000000000000002,0.15,9.955E-10,-5.0382E-10,-5.1E-13,3.2544E-07,-3.2588E-07
-0.17500000000000002,0.15,9.7432E-10,-4.6925E-10,-7.2000000000000006E-13,3.2546E-07,-3.2596E-07
-0.17,0.15,9.6278E-10,-4.3534E-10,-9.1000000000000016E-13,3.2548E-07,-3.2602E-07
-0.165,0.15,9.4239E-10,-4.0906000000000003E-10,-5.4E-13,3.254E-07,-3.26E-07
-0.16,0.15,9.254200000000001E-10,-3.8155000000000004E-10,-1.55E-12,3.2536E-07,-3.2596E-07
-0.155,0.15,9.1734000000000006E-10,-3.5708E-10,-5.7E-13,3.2542E-07,-3.2596E-07
-0.15,0.15,9.0128000000000012E-10,-3.3368000000000003E-10,-9.0000000000000008E-14,3.2542E-07,-3.26E-07
-0.14500000000000002,0.15,8.6539E-10,-3.1567E-10,-4.9E-13,3.2546E-07,-3.26E-07
-0.14,0.15,8.563800000000001E-10,-2.9362E-10,-1.17E-12,3.254E-07,-3.2596E-07
-0.135,0.15,8.5554E-10,-2.7454E-10,-4.8000000000000008E-13,3.2542E-07,-3.2598E-07
-0.13,0.15,8.3412000000000011E-10,-2.5958E-10,-7.9000000000000007E-13,3.2542E-07,-3.2602E-07
-0.125,0.15,8.2654E-10,-2.4344000000000004E-10,-1.51E-12,3.2542E-07,-3.26E-07
-0.12000000000000001,0.15,8.1615E-10,-2.2851000000000002E-10,-1.36E-12,3.2546E-07,-3.2602E-07
-0.115,0.15,7.9899E-10,-2.1505000000000002E-10,7E-14,3.2546E-07,-3.2596E-07
-0.11,0.15,7.9114E-10,-2.0390000000000001E-10,-9.6000000000000015E-13,3.254E-07,-3.26E-07
-0.10500000000000001,0.15,7.855E-10,-1.8995000000000003E-10,-1.3400000000000002E-12,3.254E-07,-3.2603999999999997E-07
-0.1,0.15,7.6953E-10,-1.7888E-10,-1.17E-12,3.2542E-07,-3.2608E-07
-0.095,0.15,7.5423000000000009E-10,-1.6851000000000002E-10,-1.4700000000000002E-12,3.2548E-07,-3.2603999999999997E-07
-0.090000000000000011,0.15,7.4228E-10,-1.5842E-10,-2.26E-12,3.2542E-07,-3.26E-07
-0.085,0.15,7.327400000000001E-10,-1.4732000000000001E-10,8.0000000000000013E-14,3.2546E-07,-3.2602E-07
-0.08,0.15,7.218E-10,-1.4085E-10,1.1000000000000001E-13,3.254E-07,-3.2596E-07
-0.075,0.15,7.167100000000001E-10,-1.3337E-10,-1.3400000000000002E-12,3.2538E-07,-3.2602E-07
-0.07,0.15,6.9232E-10,-1.2428E-10,-7.8000000000000011E-13,3.254E-07,-3.26E-07
-0.065,0.15,6.8257000000000005E-10,-1.1748000000000002E-10,-3.5E-13,3.2548E-07,-3.2606E-07
-0.060000000000000005,0.15,6.7000000000000006E-10,-1.0991000000000001E-10,-1.0500000000000002E-12,3.2548E-07,-3.2602E-07
-0.055,0.15,6.6657E-10,-1.0309E-10,-1.74E-12,3.2542E-07,-3.2596E-07
-0.05,0.15,6.6198E-10,-9.647E-11,-5.4E-13,3.2542E-07,-3.2598E-07
-0.045000000000000005,0.15,6.4218E-10,-9.3100000000000007E-11,8.0000000000000013E-14,3.2544E-07,-3.26E-07
-0.04,0.15,6.3855E-10,-8.6670000000000009E-11,-5.9E-13,3.2542E-07,-3.2608E-07
-0.035,0.15,6.3721E-10,-8.026E-11,3.3E-13,3.2544E-07,-3.26E-07
-0.030000000000000002,0.15,6.2232000000000008E-10,-7.695E-11,6.2000000000000008E-13,3.2546E-07,-3.2602E-07
-0.025,0.15,6.1967000000000009E-10,-7.373E-11,-4.9E-13,3.2548E-07,-3.2596E-07
-0.02,0.15,6.190800000000001E-10,-6.644E-11,-9.2000000000000012E-13,3.2548E-07,-3.2602E-07
-0.015000000000000001,0.15,6.0537E-10,-6.317E-11,3.1000000000000004E-13,3.2552E-07,-3.2594E-07
-0.01,0.15,5.9677E-10,-5.986E-11,-1.9000000000000002E-13,3.255E-07,-3.2602E-07
-0.005,0.15,5.9863E-10,-5.604E-11,0,3.2538E-07,-3.2603999999999997E-07
0,0.15,5.8923E-10,-5.0610000000000007E-11,3.0000000000000005E-14,3.2548E-07,-3.26E-07
0.005,0.15,5.8069000000000009E-10,-5.0450000000000004E-11,6.0000000000000009E-14,3.2548E-07,-3.2596E-07
0.01,0.15,5.8044E-10,-4.643E-11,-4.8000000000000008E-13,3.2544E-07,-3.2596E-07
0.015000000000000001,0.15,5.7653000000000008E-10,-4.1720000000000006E-11,-5.5000000000000008E-13,3.254E-07,-3.2596E-07
0.02,0.15,5.6518E-10,-3.947E-11,4.2000000000000003E-13,3.254E-07,-3.2594E-07
0.025,0.15,5.5833000000000008E-10,-3.874E-11,1.9000000000000002E-13,3.2538E-07,-3.2594E-07
0.030000000000000002,0.15,5.6373000000000008E-10,-3.2970000000000004E-11,-9.9E-13,3.2552E-07,-3.26E-07
0.035,0.15,5.5225E-10,-3.205E-11,8.2E-13,3.2544E-07,-3.2602E-07
0.04,0.15,5.4502E-10,-2.943E-11,-1.7E-13,3.2534E-07,-3.2588E-07
0.045000000000000005,0.15,5.4584E-10,-2.9220000000000004E-11,-3.4E-13,3.2538E-07,-3.2592E-07
0.05,0.15,5.4642000000000006E-10,-2.3970000000000002E-11,-4.3000000000000004E-13,3.2542E-07,-3.2592E-07
0.055,0.15,5.3533000000000005E-10,-2.502E-11,-2.3000000000000003E-13,3.254E-07,-3.2594E-07
0.060000000000000005,0.15,5.3250000000000007E-10,-2.2330000000000002E-11,-1.7200000000000001E-12,3.2542E-07,-3.2588E-07
0.065,0.15,5.3509000000000006E-10,-2.014E-11,-1.04E-12,3.2538E-07,-3.2596E-07
0.07,0.15,5.2048E-10,-1.839E-11,1.1500000000000002E-12,3.2538E-07,-3.2592E-07
0.075,0.15,5.2026E-10,-1.8000000000000002E-11,-4.8000000000000008E-13,3.2548E-07,-3.2602E-07
0.08,0.15,5.1937E-10,-1.462E-11,-1.2400000000000002E-12,3.2546E-07,-3.2589999999999997E-07
0.085,0.15,5.1999000000000008E-10,-1.3280000000000002E-11,-1.1500000000000002E-12,3.2554E-07,-3.2602E-07
0.090000000000000011,0.15,5.073E-10,-1.2760000000000001E-11,-3.1000000000000004E-13,3.254E-07,-3.26E-07
0.095,0.15,5.1119000000000007E-10,-1.23E-11,-9.1000000000000016E-13,3.2548E-07,-3.2598E-07
0.1,0.15,5.1064E-10,-8.52E-12,-1.0500000000000002E-12,3.2546E-07,-3.2603999999999997E-07
0.10500000000000001,0.15,5.0408000000000008E-10,-9.37E-12,-4E-13,3.255E-07,-3.2598E-07
0.11,0.15,4.9910000000000007E-10,-8.54E-12,-1.03E-12,3.254E-07,-3.2594E-07
0.115,0.15,5.0224E-10,-6.0300000000000008E-12,-6.9000000000000009E-13,3.254E-07,-3.2594E-07
0.12000000000000001,0.15,4.9580000000000009E-10,-4.52E-12,-5.1E-13,3.255E-07,-3.2602E-07
0.125,0.15,4.857E-10,-5.7200000000000007E-12,-9.000000000000001E-13,3.2546E-07,-3.2594E-07
0.13,0.15,4.8837E-10,-2.77E-12,-2.06E-12,3.2546E-07,-3.2594E-07
0.135,0.15,4.8821E-10,-1.5400000000000001E-12,-7E-14,3.2546E-07,-3.2596E-07
0.14,0.15,4.7658E-10,-2.1700000000000002E-12,2.7E-13,3.2552E-07,-3.2596E-07
0.14500000000000002,0.15,4.7669E-10,-2.8100000000000003E-12,-1.4900000000000001E-12,3.2548E-07,-3.2589999999999997E-07
0.15,0.15,4.8176E-10,1.2800000000000002E-12,-1.3900000000000001E-12,3.2546E-07,-3.2594E-07
0.155,0.15,4.7882E-10,1.45E-12,-1.1500000000000002E-12,3.2538E-07,-3.2589999999999997E-07
0.16,0.15,4.741E-10,1.7100000000000002E-12,-1.22E-12,3.2542E-07,-3.2594E-07
0.165,0.15,4.783E-10,3.3900000000000003E-12,-1.3000000000000001E-12,3.2554E-07,-3.2589999999999997E-07
0.17,0.15,4.7242E-10,4.72E-12,-6.1E-13,3.2556E-07,-3.2596E-07
0.17500000000000002,0.15,4.6131000000000003E-10,3.75E-12,-7.4000000000000008E-13,3.2548E-07,-3.2596E-07
0.18000000000000002,0.15,4.5944E-10,4.7000000000000006E-12,-1.4800000000000002E-12,3.2548E-07,-3.2592E-07
0.185,0.15,4.6247000000000006E-10,6.7800000000000006E-12,-6.9000000000000009E-13,3.2542E-07,-3.26E-07
0.19,0.15,4.5632000000000003E-10,7.39E-12,-1E-12,3.2544E-07,-3.2594E-07
0.195,0.15,4.5150000000000004E-10,7.85E-12,-1.21E-12,3.2542E-07,-3.2594E-07
0.2,0.15,4.5834000000000004E-10,9.96E-12,-9.8E-13,3.2542E-07,-3.2596E-07
0.20500000000000002,0.15,4.5212000000000004E-10,1.1720000000000001E-11,-3.2000000000000005E-13,3.2544E-07,-3.2584E-07
0.21000000000000002,0.15,4.4658E-10,1.1150000000000002E-11,2.0000000000000003E-14,3.2542E-07,-3.2586E-07
0.215,0.15,4.5019E-10,1.209E-11,-6.400000000000001E-13,3.254E-07,-3.2586E-07
0.22,0.15,4.4821000000000005E-10,1.5380000000000003E-11,-2.2000000000000002E-13,3.2536E-07,-3.2594E-07
0.225,0.15,4.4448000000000005E-10,1.5360000000000002E-11,5.7E-13,3.2536E-07,-3.2586E-07
0.23,0.15,4.4232000000000003E-10,1.639E-11,-1.1100000000000001E-12,3.254E-07,-3.2589999999999997E-07
0.23500000000000001,0.15,4.401E-10,1.879E-11,-9.9E-13,3.254E-07,-3.2589999999999997E-07
0.24000000000000002,0.15,4.3916E-10,2.265E-11,7.5E-13,3.2542E-07,-3.2592E-07
0.24500000000000002,0.15,4.2895000000000005E-10,2.1240000000000002E-11,-2.3000000000000003E-13,3.255E-07,-3.2594E-07
0.25,0.15,4.3362000000000005E-10,2.5920000000000003E-11,5.1E-13,3.254E-07,-3.2589999999999997E-07
0.255,0.15,4.2884000000000004E-10,2.826E-11,4.7E-13,3.2548E-07,-3.2588E-07
0.26,0.15,4.2321000000000003E-10,2.914E-11,6.7000000000000007E-13,3.2546E-07,-3.2594E-07
0.265,0.15,4.1786000000000004E-10,3.135E-11,-5.9E-13,3.255E-07,-3.2589999999999997E-07
0.27,0.15,4.2114000000000006E-10,3.6980000000000004E-11,-3.7000000000000004E-13,3.2544E-07,-3.2588E-07
0.275,0.15,4.0986E-10,3.828E-11,5.9E-13,3.2542E-07,-3.2586E-07
0.28,0.15,4.0479000000000006E-10,4.1060000000000005E-11,-3.1000000000000004E-13,3.2546E-07,-3.2589999999999997E-07
0.28500000000000003,0.15,4.1074E-10,4.5860000000000004E-11,0,3.2542E-07,-3.2589999999999997E-07
0.29000000000000004,0.15,4.0123E-10,4.989E-11,-5E-14,3.2536E-07,-3.2576E-07
0.29500000000000004,0.15,3.9249E-10,5.3290000000000004E-11,1.1000000000000001E-13,3.2544E-07,-3.2582E-07
0.3,0.15,3.8781000000000003E-10,5.758E-11,-6.8E-13,3.2542E-07,-3.2582E-07
0.305,0.15,3.8401000000000005E-10,6.4250000000000011E-11,-4.2000000000000003E-13,3.2542E-07,-3.2588E-07
0.31,0.15,3.7052000000000003E-10,6.841E-11,-4.1E-13,3.2538E-07,-3.2578E-07
0.315,0.15,3.6696000000000004E-10,7.337E-11,-8.9E-13,3.254E-07,-3.2584E-07
0.32,0.15,3.6552000000000005E-10,8.134E-11,-4E-13,3.2542E-07,-3.258E-07
0.325,0.15,3.5762000000000005E-10,8.7850000000000012E-11,7E-13,3.2542E-07,-3.2584E-07
0.33,0.15,3.4555E-10,9.2160000000000008E-11,2.0000000000000003E-14,3.2538E-07,-3.2588E-07
0.335,0.15,3.4336000000000004E-10,9.9960000000000009E-11,-8.9E-13,3.254E-07,-3.2582E-07
0.34,0.15,3.3590000000000005E-10,1.0795000000000001E-10,-1.02E-12,3.2546E-07,-3.2589999999999997E-07
0.34500000000000003,0.15,3.1853000000000004E-10,1.1577E-10,-3.3E-13,3.254E-07,-3.2588E-07
0.35000000000000003,0.15,3.1303E-10,1.2224E-10,-1.6600000000000002E-12,3.254E-07,-3.2584E-07
0.35500000000000004,0.15,3.0961000000000003E-10,1.3315E-10,-1.2400000000000002E-12,3.254E-07,-3.2584E-07
0.36000000000000004,0.15,2.9002E-10,1.4076000000000001E-10,2E-13,3.254E-07,-3.2578E-07
0.365,0.15,2.8165E-10,1.4880000000000002E-10,-1.27E-12,3.2538E-07,-3.2584E-07
0.37,0.15,2.798E-10,1.5855E-10,-7.6000000000000009E-13,3.254E-07,-3.2586E-07
0.375,0.15,2.7479000000000004E-10,1.6804000000000002E-10,-5.8000000000000005E-13,3.254E-07,-3.2584E-07
0.38,0.15,2.5196000000000003E-10,1.7543E-10,-1.0600000000000001E-12,3.2542E-07,-3.2589999999999997E-07
0.385,0.15,2.463E-10,1.8565000000000003E-10,-1.8900000000000002E-12,3.2546E-07,-3.2594E-07
0.39,0.15,2.3295E-10,2.0061000000000002E-10,-1.3500000000000001E-12,3.2546E-07,-3.2589999999999997E-07
0.395,0.15,2.1784000000000002E-10,2.0851E-10,-1.4E-12,3.2546E-07,-3.2588E-07
0.4,0.15,2.0777000000000002E-10,2.1949E-10,-1.2400000000000002E-12,3.2548E-07,-3.2586E-07
0.405,0.15,1.9965E-10,2.3156000000000003E-10,-9.8E-13,3.2546E-07,-3.2588E-07
0.41000000000000003,0.15,1.8589000000000002E-10,2.4486E-10,1.8000000000000002E-13,3.2544E-07,-3.2588E-07
0.41500000000000004,0.15,1.6522000000000003E-10,2.564E-10,-5.3000000000000006E-13,3.2552E-07,-3.2592E-07
0.42000000000000004,0.15,1.6170000000000002E-10,2.6760000000000004E-10,-1.12E-12,3.2544E-07,-3.2584E-07
0.42500000000000004,0.15,1.4652E-10,2.8484E-10,-7.3E-13,3.2544E-07,-3.2588E-07
0.43,0.15,1.2272000000000002E-10,2.9303E-10,1.9000000000000002E-13,3.2552E-07,-3.2588E-07
0.435,0.15,1.1203000000000001E-10,3.088E-10,-5.2E-13,3.2546E-07,-3.2584E-07
0.44,0.15,1.005E-10,3.2340000000000004E-10,3.4E-13,3.2546E-07,-3.2586E-07
0.445,0.15,8.1710000000000008E-11,3.3907000000000005E-10,-5.2E-13,3.2544E-07,-3.2588E-07
0.45,0.15,6.264E-11,3.5432E-10,1.0000000000000002E-14,3.2542E-07,-3.2589999999999997E-07
0.455,0.15,5.1320000000000003E-11,3.7314E-10,-1.1000000000000002E-12,3.2544E-07,-3.2589999999999997E-07
0.46,0.15,3.442E-11,3.9203000000000004E-10,-3.0000000000000005E-14,3.2544E-07,-3.2588E-07
0.465,0.15,7.0500000000000009E-12,4.0776000000000005E-10,5.7E-13,3.2548E-07,-3.2589999999999997E-07
0.47000000000000003,0.15,-9.0800000000000009E-12,4.2878000000000004E-10,8.0000000000000013E-14,3.255E-07,-3.2588E-07
0.47500000000000003,0.15,-2.7800000000000004E-11,4.5086000000000003E-10,9.1000000000000016E-13,3.2542E-07,-3.2584E-07
0.48000000000000004,0.15,-5.5120000000000006E-11,4.7138000000000008E-10,-2.0000000000000003E-14,3.2542E-07,-3.2586E-07
0.48500000000000004,0.15,-8.111E-11,4.9372E-10,-6.6E-13,3.255E-07,-3.2594E-07
0.49000000000000005,0.15,-9.789000000000001E-11,5.1895000000000005E-10,-5.2E-13,3.2542E-07,-3.2588E-07
0.49500000000000005,0.15,-1.244E-10,5.4497E-10,2.3000000000000003E-13,3.2544E-07,-3.2594E-07
0.5,0.15,-1.5592000000000002E-10,5.701E-10,2.2000000000000002E-13,3.2548E-07,-3.258E-07
0.505,0.15,-1.8038E-10,5.9866000000000008E-10,-5.6E-13,3.2544E-07,-3.2584E-07
0.51,0.15,-2.0777000000000002E-10,6.2861000000000007E-10,6.400000000000001E-13,3.2548E-07,-3.2584E-07
0.515,0.15,-2.4808000000000004E-10,6.5785000000000006E-10,7.6000000000000009E-13,3.2542E-07,-3.2596E-07
0.52,0.15,-2.8197E-10,6.9019000000000007E-10,-1.23E-12,3.254E-07,-3.2578E-07
0.525,0.15,-3.0729000000000003E-10,7.2522000000000011E-10,0,3.2528E-07,-3.2578E-07
0.53,0.15,-3.4446E-10,7.6061E-10,6.5000000000000006E-13,3.2536E-07,-3.2578E-07
0.535,0.15,-3.8567E-10,7.9694E-10,4.0000000000000006E-14,3.2538E-07,-3.258E-07
0.54,0.15,-4.1949E-10,8.3734E-10,-2.6E-13,3.2536E-07,-3.2572E-07
0.545,0.15,-4.6274000000000005E-10,8.7742000000000006E-10,-4.2000000000000003E-13,3.254E-07,-3.2584E-07
0.55,0.15,-5.1613000000000006E-10,9.1976E-10,8.1000000000000008E-13,3.2538E-07,-3.2584E-07
0.555,0.15,-5.5751000000000007E-10,9.6353E-10,-7.5E-13,3.2536E-07,-3.2584E-07
0.56,0.15,-5.9847E-10,1.0128E-09,-8.300000000000001E-13,3.2542E-07,-3.2584E-07
0.56500000000000006,0.15,-6.5355000000000009E-10,1.0583200000000001E-09,-1.7E-13,3.2546E-07,-3.2576E-07
0.57000000000000006,0.15,-7.0437E-10,1.10958E-09,-8.6000000000000007E-13,3.254E-07,-3.2588E-07
0.57500000000000007,0.15,-7.5037000000000007E-10,1.1622E-09,-1.7100000000000002E-12,3.2542E-07,-3.2588E-07
0.58000000000000007,0.15,-8.064200000000001E-10,1.2203E-09,-1.4800000000000002E-12,3.2548E-07,-3.2588E-07
0.58500000000000008,0.15,-8.6582000000000012E-10,1.2767E-09,-5.5000000000000008E-13,3.2542E-07,-3.2594E-07
0.59000000000000008,0.15,-9.3652E-10,1.3365E-09,-1.3E-13,3.2548E-07,-3.2588E-07
0.595,0.15,-9.8977E-10,1.4001E-09,-1.21E-12,3.2548E-07,-3.2588E-07
0.6,0.15,-1.05739E-09,1.4663E-09,-1.1000000000000001E-13,3.2546E-07,-3.2589999999999997E-07
0.605,0.15,-1.1314E-09,1.5311E-09,-8.4000000000000006E-13,3.2548E-07,-3.2592E-07
0.61,0.15,-1.2125E-09,1.6121E-09,-2.7E-13,3.2548E-07,-3.2588E-07
0.615,0.15,-1.2735E-09,1.6776E-09,-9.000000000000001E-13,3.254E-07,-3.2588E-07
0.62,0.15,-1.3493E-09,1.7565E-09,-8.9E-13,3.2542E-07,-3.2582E-07
0.625,0.15,-1.4333E-09,1.8360999999999999E-09,6.1E-13,3.2538E-07,-3.258E-07
0.63,0.15,-1.5228E-09,1.9264E-09,-3.9000000000000005E-13,3.2542E-07,-3.2578E-07
0.635,0.15,-1.6095E-09,2.0118E-09,-9.3E-13,3.254E-07,-3.2584E-07
0.64,0.15,-1.6959E-09,2.1054E-09,-8E-13,3.2548E-07,-3.2589999999999997E-07
0.645,0.15,-1.7893E-09,2.1901E-09,-2.8E-13,3.2542E-07,-3.2582E-07
0.65,0.15,-1.8925E-09,2.2884E-09,-1.12E-12,3.2536E-07,-3.2582E-07
0.655,0.15,-1.9847E-09,2.3901E-09,-6.400000000000001E-13,3.2532E-07,-3.2578E-07
0.66,0.15,-2.1015E-09,2.5075E-09,-7.2000000000000006E-13,3.2532E-07,-3.2568E-07
0.665,0.15,-2.2201E-09,2.6142E-09,-8E-13,3.2548E-07,-3.2578E-07
0.67,0.15,-2.3176E-09,2.7181E-09,-1.27E-12,3.2536E-07,-3.2578E-07
0.675,0.15,-2.4303E-09,2.8397E-09,-9.2000000000000012E-13,3.2546E-07,-3.2578E-07
0.68,0.15,-2.5638E-09,2.9609E-09,-3.0000000000000005E-14,3.2536E-07,-3.258E-07
0.685,0.15,-2.7061E-09,3.1029E-09,8.0000000000000013E-14,3.2532E-07,-3.2574E-07
0.69000000000000006,0.15,-2.8198E-09,3.2226E-09,-4.6000000000000006E-13,3.254E-07,-3.258E-07
0.69500000000000006,0.15,-2.9687E-09,3.3819E-09,-1.0000000000000002E-14,3.2536E-07,-3.2576E-07
0.70000000000000007,0.15,-3.1075E-09,3.506E-09,2.1000000000000001E-13,3.254E-07,-3.2578E-07
0.70500000000000007,0.15,-3.2581E-09,3.6541E-09,-1.7E-13,3.2542E-07,-3.2586E-07
0.71000000000000008,0.15,-3.4218E-09,3.8273E-09,-9.6000000000000015E-13,3.254E-07,-3.258E-07
0.71500000000000008,0.15,-3.5743E-09,3.9687E-09,-8E-13,3.254E-07,-3.2582E-07
0.72000000000000008,0.15,-3.7481E-09,4.1453E-09,-8.8000000000000009E-13,3.2542E-07,-3.2588E-07
0.72500000000000009,0.15,-3.9161E-09,4.31E-09,-1.1500000000000002E-12,3.2538E-07,-3.2578E-07
0.73,0.15,-4.0933E-09,4.504E-09,-1.8700000000000003E-12,3.2534E-07,-3.257E-07
0.735,0.15,-4.3097E-09,4.7017E-09,-6.6E-13,3.2532E-07,-3.2574E-07
0.74,0.15,-4.5027E-09,4.8943E-09,-6.6E-13,3.2542E-07,-3.2574E-07
0.745,0.15,-4.6817E-09,5.0789E-09,-1.13E-12,3.254E-07,-3.258E-07
0.75,0.15,-4.8964E-09,5.2948E-09,-3.3E-13,3.2534E-07,-3.2574E-07
0.755,0.15,-5.116E-09,5.5125E-09,9.8E-13,3.2538E-07,-3.2578E-07
0.76,0.15,-5.3687E-09,5.7629E-09,1.4E-13,3.2542E-07,-3.2588E-07
0.765,0.15,-5.6061E-09,5.9959E-09,-4.0000000000000006E-14,3.2538E-07,-3.2582E-07
0.77,0.15,-5.8274E-09,6.2255E-09,-1.0000000000000002E-14,3.2544E-07,-3.258E-07
0.775,0.15,-6.0901E-09,6.4885E-09,6.1E-13,3.2542E-07,-3.2578E-07
0.78,0.15,-6.3845E-09,6.7736E-09,-8.2E-13,3.254E-07,-3.2576E-07
0.785,0.15,-6.669E-09,7.0592E-09,-4.1E-13,3.2528E-07,-3.2572E-07
0.79,0.15,-6.9434E-09,7.324E-09,2.4000000000000004E-13,3.2532E-07,-3.2572E-07
0.795,0.15,-7.2405E-09,7.6675E-09,-9.000000000000001E-13,3.253E-07,-3.2576E-07
0.8,0.15,-7.574E-09,7.9697E-09,-6.8E-13,3.2548E-07,-3.2578E-07
0.805,0.15,-7.8974E-09,8.2667E-09,-1.1900000000000002E-12,3.2544E-07,-3.2582E-07
0.81,0.15,-8.2073E-09,8.6041E-09,-4E-13,3.255E-07,-3.2586E-07
0.81500000000000006,0.15,-8.5695E-09,8.9544E-09,-6.1E-13,3.2546E-07,-3.2584E-07
0.82000000000000006,0.15,-8.941E-09,9.3335E-09,-7.9000000000000007E-13,3.2546E-07,-3.258E-07
0.82500000000000007,0.15,-9.3294E-09,9.7224E-09,-4E-13,3.2542E-07,-3.2588E-07
0.83000000000000007,0.15,-9.7673999999999992E-09,1.01637E-08,-3.3E-13,3.2538E-07,-3.2576E-07
0.83500000000000008,0.15,-1.0176E-08,1.05586E-08,-7E-13,3.254E-07,-3.2578E-07
0.84000000000000008,0.15,-1.05935E-08,1.09978E-08,-7.100000000000001E-13,3.2546E-07,-3.258E-07
0.84500000000000008,0.15,-1.10313E-08,1.14211E-08,1.03E-12,3.2546E-07,-3.258E-07
0.85000000000000009,0.15,-1.1505E-08,1.1953199999999999E-08,-1.0500000000000002E-12,3.2544E-07,-3.2584E-07
0.85500000000000009,0.15,-1.2037599999999998E-08,1.2450599999999998E-08,-4E-13,3.2542E-07,-3.258E-07
0.86,0.15,-1.2554199999999999E-08,1.2958E-08,4E-13,3.2546E-07,-3.258E-07
0.865,0.15,-1.3048799999999999E-08,1.3493599999999998E-08,-5.8000000000000005E-13,3.2542E-07,-3.2588E-07
0.87,0.15,-1.3646799999999999E-08,1.4062799999999999E-08,-9.6000000000000015E-13,3.2548E-07,-3.258E-07
0.875,0.15,-1.4245599999999999E-08,1.4655999999999999E-08,-1.2000000000000001E-12,3.254E-07,-3.2584E-07
0.88,0.15,-1.4868599999999999E-08,1.5281399999999998E-08,-6.3E-13,3.2548E-07,-3.2584E-07
0.885,0.15,-1.5477199999999998E-08,1.5917199999999997E-08,1.9000000000000002E-13,3.254E-07,-3.2582E-07
0.89,0.15,-1.61828E-08,1.6597199999999997E-08,1.9000000000000002E-13,3.2546E-07,-3.258E-07
0.895,0.15,-1.68798E-08,1.7291999999999997E-08,-8E-13,3.2542E-07,-3.2584E-07
0.9,0.15,-1.7603999999999997E-08,1.8009399999999998E-08,-1.5E-12,3.254E-07,-3.258E-07
-0.3,0.3,3.4946E-09,-4.6198E-09,-5E-13,3.2542E-07,-3.2404E-07
-0.29500000000000004,0.3,3.1778E-09,-4.2314E-09,-4.6000000000000006E-13,3.2536E-07,-3.2424E-07
-0.29000000000000004,0.3,3.0574E-09,-3.8773E-09,5.1E-13,3.2528E-07,-3.2444E-07
-0.28500000000000003,0.3,2.9502E-09,-3.5617E-09,2.0000000000000003E-14,3.2528E-07,-3.247E-07
-0.28,0.3,2.8729E-09,-3.272E-09,3.0000000000000003E-13,3.2536E-07,-3.2496E-07
-0.275,0.3,2.7954E-09,-3.012E-09,-2.3000000000000003E-13,3.2534E-07,-3.2512E-07
-0.27,0.3,2.7256E-09,-2.775E-09,2.4000000000000004E-13,3.2536E-07,-3.2532E-07
-0.265,0.3,2.6514E-09,-2.5508E-09,-7E-13,3.2546E-07,-3.2546E-07
-0.26,0.3,2.5964E-09,-2.359E-09,-2.26E-12,3.2534E-07,-3.256E-07
-0.255,0.3,2.5502E-09,-2.1922E-09,-1.5E-12,3.2534E-07,-3.257E-07
-0.25,0.3,2.5002E-09,-2.0349E-09,-7.5E-13,3.2536E-07,-3.2584E-07
-0.24500000000000002,0.3,2.4553E-09,-1.8917E-09,-1.8900000000000002E-12,3.2542E-07,-3.2594E-07
-0.24000000000000002,0.3,2.4154E-09,-1.7605E-09,-1.6600000000000002E-12,3.2538E-07,-3.2602E-07
-0.23500000000000001,0.3,2.3783E-09,-1.6406E-09,1.0000000000000002E-14,3.254E-07,-3.2614E-07
-0.23,0.3,2.3261E-09,-1.535E-09,-1.4E-13,3.254E-07,-3.2617999999999997E-07
-0.225,0.3,2.3005E-09,-1.4356E-09,-6.0000000000000007E-13,3.2536E-07,-3.2626E-07
-0.22,0.3,2.2598E-09,-1.3444E-09,-1.4200000000000002E-12,3.2538E-07,-3.2626E-07
-0.215,0.3,2.218E-09,-1.2622E-09,3.8000000000000005E-13,3.253E-07,-3.2626E-07
-0.21000000000000002,0.3,2.1837E-09,-1.1888E-09,5.6E-13,3.254E-07,-3.2642E-07
-0.20500000000000002,0.3,2.156E-09,-1.1174E-09,-8.6000000000000007E-13,3.2536E-07,-3.2636E-07
-0.2,0.3,2.1294E-09,-1.0542E-09,-1.1000000000000001E-13,3.2536E-07,-3.2642E-07
-0.195,0.3,2.088E-09,-9.961E-10,-9.6000000000000015E-13,3.253E-07,-3.2648E-07
-0.19,0.3,2.0647E-09,-9.4389000000000014E-10,-6.5000000000000006E-13,3.2536E-07,-3.2638E-07
-0.185,0.3,2.0345E-09,-8.9380000000000006E-10,-9.000000000000001E-13,3.2544E-07,-3.2648E-07
-0.18000000000000002,0.3,2.0088E-09,-8.476300000000001E-10,4.7E-13,3.2536E-07,-3.2654E-07
-0.17500000000000002,0.3,1.9763E-09,-8.0742000000000009E-10,-3.7000000000000004E-13,3.2532E-07,-3.2648E-07
-0.17,0.3,1.9577E-09,-7.6775000000000006E-10,-1.13E-12,3.2542E-07,-3.2659999999999997E-07
-0.165,0.3,1.9389E-09,-7.3108E-10,-3.3E-13,3.2544E-07,-3.2664E-07
-0.16,0.3,1.9115E-09,-6.9793000000000009E-10,-4.8000000000000008E-13,3.2542E-07,-3.2664E-07
-0.155,0.3,1.8838E-09,-6.6711000000000009E-10,-7E-13,3.2546E-07,-3.2666E-07
-0.15,0.3,1.8744E-09,-6.3700000000000008E-10,-9.9E-13,3.254E-07,-3.2662E-07
-0.14500000000000002,0.3,1.8458E-09,-6.023500000000001E-10,-8E-13,3.254E-07,-3.2668E-07
-0.14,0.3,1.817E-09,-5.7896E-10,-4.8000000000000008E-13,3.2542E-07,-3.2662E-07
-0.135,0.3,1.8076E-09,-5.6072E-10,-1.4800000000000002E-12,3.2536E-07,-3.2662E-07
-0.13,0.3,1.7962E-09,-5.363E-10,-1.3400000000000002E-12,3.254E-07,-3.2664E-07
-0.125,0.3,1.7678E-09,-5.1621E-10,-3.3E-13,3.254E-07,-3.2666E-07
-0.12000000000000001,0.3,1.7539E-09,-4.965E-10,-3.5E-13,3.254E-07,-3.2668E-07
-0.115,0.3,1.7367E-09,-4.7614000000000007E-10,-1.37E-12,3.2542E-07,-3.267E-07
-0.11,0.3,1.7228E-09,-4.5764000000000003E-10,-7.4000000000000008E-13,3.2542E-07,-3.267E-07
-0.10500000000000001,0.3,1.7017E-09,-4.4104E-10,1.7E-13,3.2538E-07,-3.2676E-07
-0.1,0.3,1.6832E-09,-4.2483E-10,-9.5E-13,3.2544E-07,-3.2668E-07
-0.095,0.3,1.6735E-09,-4.0915000000000003E-10,-6.6E-13,3.2542E-07,-3.2672E-07
-0.090000000000000011,0.3,1.6612E-09,-3.9416E-10,-4.4000000000000004E-13,3.2536E-07,-3.2659999999999997E-07
-0.085,0.3,1.64E-09,-3.8101E-10,1.6000000000000003E-13,3.2534E-07,-3.2668E-07
-0.08,0.3,1.6346E-09,-3.6716000000000005E-10,-1.12E-12,3.2546E-07,-3.2668E-07
-0.075,0.3,1.6188E-09,-3.5294E-10,-7E-14,3.2544E-07,-3.2666E-07
-0.07,0.3,1.5972E-09,-3.4132E-10,2.3000000000000003E-13,3.2534E-07,-3.2656E-07
-0.065,0.3,1.593E-09,-3.312E-10,-5E-13,3.2542E-07,-3.2662E-07
-0.060000000000000005,0.3,1.5905E-09,-3.1666E-10,-6.400000000000001E-13,3.254E-07,-3.2668E-07
-0.055,0.3,1.5684E-09,-3.0691000000000003E-10,-1.18E-12,3.2532E-07,-3.2656E-07
-0.05,0.3,1.5483E-09,-2.9703E-10,-1.22E-12,3.2542E-07,-3.2664E-07
-0.045000000000000005,0.3,1.5462E-09,-2.8593E-10,-1.5E-12,3.254E-07,-3.2668E-07
-0.04,0.3,1.5332E-09,-2.7469E-10,-9.1000000000000016E-13,3.2536E-07,-3.2666E-07
-0.035,0.3,1.5189E-09,-2.6679E-10,-1.45E-12,3.254E-07,-3.2668E-07
-0.030000000000000002,0.3,1.5157E-09,-2.5754E-10,-7.5E-13,3.254E-07,-3.2668E-07
-0.025,0.3,1.5127E-09,-2.4733E-10,-1.7100000000000002E-12,3.2544E-07,-3.2659999999999997E-07
-0.02,0.3,1.4888E-09,-2.3779E-10,-4.9E-13,3.2542E-07,-3.2672E-07
-0.015000000000000001,0.3,1.4732E-09,-2.3217E-10,2.9000000000000003E-13,3.2542E-07,-3.267E-07
-0.01,0.3,1.4772E-09,-2.2187E-10,-1.2900000000000002E-12,3.2536E-07,-3.2666E-07
-0.005,0.3,1.4672E-09,-2.1353E-10,-9.9E-13,3.2534E-07,-3.2656E-07
0,0.3,1.4528E-09,-2.0574E-10,-5.3000000000000006E-13,3.2536E-07,-3.2664E-07
0.005,0.3,1.442E-09,-1.9835000000000002E-10,-2.7E-13,3.2534E-07,-3.2656E-07
0.01,0.3,1.4478E-09,-1.8893000000000001E-10,-1.4400000000000001E-12,3.2534E-07,-3.2659999999999997E-07
0.015000000000000001,0.3,1.4307E-09,-1.8224E-10,2.9000000000000003E-13,3.2538E-07,-3.2659999999999997E-07
0.02,0.3,1.4195E-09,-1.7595000000000002E-10,7E-14,3.2534E-07,-3.2658E-07
0.025,0.3,1.4139E-09,-1.6947E-10,-5.3000000000000006E-13,3.2536E-07,-3.2662E-07
0.030000000000000002,0.3,1.4056E-09,-1.6054000000000002E-10,1.6000000000000003E-13,3.254E-07,-3.2662E-07
0.035,0.3,1.3911E-09,-1.5452E-10,6.1E-13,3.254E-07,-3.2658E-07
0.04,0.3,1.3828E-09,-1.4981000000000002E-10,-4.7E-13,3.2534E-07,-3.2659999999999997E-07
0.045000000000000005,0.3,1.3851E-09,-1.4161000000000002E-10,-1.27E-12,3.2536E-07,-3.2658E-07
0.05,0.3,1.3717E-09,-1.3456E-10,-5E-13,3.2538E-07,-3.2666E-07
0.055,0.3,1.3573E-09,-1.2917E-10,-9.000000000000001E-13,3.2534E-07,-3.2664E-07
0.060000000000000005,0.3,1.3565E-09,-1.2403E-10,-7.4000000000000008E-13,3.2532E-07,-3.2659999999999997E-07
0.065,0.3,1.3517E-09,-1.1707000000000002E-10,-1.14E-12,3.2534E-07,-3.2656E-07
0.07,0.3,1.3363E-09,-1.1085000000000001E-10,-2.3000000000000003E-13,3.2536E-07,-3.2662E-07
0.075,0.3,1.3246E-09,-1.0871E-10,1E-13,3.253E-07,-3.2659999999999997E-07
0.08,0.3,1.3288E-09,-1.0088E-10,-6.8E-13,3.2528E-07,-3.2656E-07
0.085,0.3,1.3185E-09,-9.5570000000000012E-11,-1.12E-12,3.2542E-07,-3.2668E-07
0.090000000000000011,0.3,1.3074E-09,-9.068E-11,-1.13E-12,3.2536E-07,-3.2654E-07
0.095,0.3,1.3053E-09,-8.682E-11,-8.7E-13,3.2532E-07,-3.2662E-07
0.1,0.3,1.3026E-09,-8.0900000000000013E-11,-1.45E-12,3.2536E-07,-3.2656E-07
0.10500000000000001,0.3,1.2905E-09,-7.618E-11,-4.5000000000000005E-13,3.2542E-07,-3.2668E-07
0.11,0.3,1.2761E-09,-7.360000000000001E-11,1.7E-13,3.2538E-07,-3.2656E-07
0.115,0.3,1.2791E-09,-6.906E-11,-8.8000000000000009E-13,3.2538E-07,-3.2666E-07
0.12000000000000001,0.3,1.2798E-09,-6.3730000000000009E-11,3.7000000000000004E-13,3.254E-07,-3.2656E-07
0.125,0.3,1.2677E-09,-6.157E-11,7.4000000000000008E-13,3.2544E-07,-3.2672E-07
0.13,0.3,1.2583E-09,-5.769E-11,-8.2E-13,3.2544E-07,-3.2656E-07
0.135,0.3,1.2598E-09,-5.3620000000000005E-11,-6.3E-13,3.2542E-07,-3.2668E-07
0.14,0.3,1.2581E-09,-4.9030000000000004E-11,-3.0000000000000003E-13,3.254E-07,-3.2662E-07
0.14500000000000002,0.3,1.2498E-09,-4.855E-11,4.9E-13,3.2542E-07,-3.2659999999999997E-07
0.15,0.3,1.2487E-09,-4.3140000000000006E-11,-1.5400000000000001E-12,3.2536E-07,-3.2656E-07
0.155,0.3,1.238E-09,-4.032E-11,-8.6000000000000007E-13,3.2534E-07,-3.2659999999999997E-07
0.16,0.3,1.2302E-09,-3.806E-11,-2E-13,3.254E-07,-3.2652E-07
0.165,0.3,1.2207E-09,-3.7020000000000005E-11,-5E-13,3.2534E-07,-3.2656E-07
0.17,0.3,1.2269E-09,-3.213E-11,-1.03E-12,3.2532E-07,-3.2656E-07
0.17500000000000002,0.3,1.2176E-09,-2.99E-11,5E-14,3.253E-07,-3.2656E-07
0.18000000000000002,0.3,1.2096E-09,-3.0060000000000004E-11,-8.300000000000001E-13,3.2532E-07,-3.2645999999999997E-07
0.185,0.3,1.2084E-09,-2.6630000000000003E-11,-2.31E-12,3.2536E-07,-3.2652E-07
0.19,0.3,1.21E-09,-2.3300000000000003E-11,-1.2400000000000002E-12,3.2532E-07,-3.2638E-07
0.195,0.3,1.2046E-09,-2.1660000000000003E-11,-4.5000000000000005E-13,3.2536E-07,-3.2652E-07
0.2,0.3,1.1996E-09,-2.0480000000000003E-11,-1.8000000000000002E-12,3.2536E-07,-3.2654E-07
0.20500000000000002,0.3,1.1985E-09,-1.8110000000000003E-11,-1.17E-12,3.2536E-07,-3.265E-07
0.21000000000000002,0.3,1.1919E-09,-1.478E-11,2E-13,3.2534E-07,-3.265E-07
0.215,0.3,1.1873E-09,-1.6050000000000002E-11,3.7000000000000004E-13,3.2536E-07,-3.2654E-07
0.22,0.3,1.1879E-09,-1.3780000000000002E-11,-6.2000000000000008E-13,3.254E-07,-3.2654E-07
0.225,0.3,1.1854E-09,-1.16E-11,-8.9E-13,3.2524E-07,-3.264E-07
0.23,0.3,1.1828E-09,-1.0030000000000002E-11,6.5000000000000006E-13,3.2534E-07,-3.2648E-07
0.23500000000000001,0.3,1.1768E-09,-1.096E-11,-9.6000000000000015E-13,3.2536E-07,-3.2652E-07
0.24000000000000002,0.3,1.1831E-09,-8.01E-12,-8.7E-13,3.2532E-07,-3.2648E-07
0.24500000000000002,0.3,1.167E-09,-6.4200000000000005E-12,2.2000000000000002E-13,3.2528E-07,-3.2648E-07
0.25,0.3,1.1621E-09,-6.05E-12,3.8000000000000005E-13,3.2536E-07,-3.2652E-07
0.255,0.3,1.1658E-09,-5.75E-12,4.1E-13,3.2534E-07,-3.2648E-07
0.26,0.3,1.1709E-09,-2.74E-12,-6.1E-13,3.2534E-07,-3.2659999999999997E-07
0.265,0.3,1.1636E-09,-2.72E-12,7.7000000000000005E-13,3.2532E-07,-3.265E-07
0.27,0.3,1.1569E-09,-2.2700000000000002E-12,3.6000000000000003E-13,3.2536E-07,-3.2644E-07
0.275,0.3,1.1603E-09,-6.9000000000000009E-13,-3.2000000000000005E-13,3.2534E-07,-3.2644E-07
0.28,0.3,1.1574E-09,1.18E-12,-1E-13,3.253E-07,-3.2654E-07
0.28500000000000003,0.3,1.1486E-09,5.9E-13,-2.1000000000000001E-13,3.2534E-07,-3.2644E-07
0.29000000000000004,0.3,1.1446E-09,1.17E-12,-1.18E-12,3.253E-07,-3.2645999999999997E-07
0.29500000000000004,0.3,1.151E-09,4.13E-12,-1.0500000000000002E-12,3.2536E-07,-3.2644E-07
0.3,0.3,1.1476E-09,4.5900000000000004E-12,-4.4000000000000004E-13,3.253E-07,-3.2648E-07
0.305,0.3,1.1398E-09,4.1000000000000007E-12,-1.3300000000000002E-12,3.2536E-07,-3.2648E-07
0.31,0.3,1.1445E-09,4.58E-12,-8.8000000000000009E-13,3.2536E-07,-3.2652E-07
0.315,0.3,1.1416E-09,7.21E-12,-1.09E-12,3.254E-07,-3.2648E-07
0.32,0.3,1.1352E-09,6.7500000000000009E-12,6.400000000000001E-13,3.2536E-07,-3.2648E-07
0.325,0.3,1.1355E-09,6.8200000000000004E-12,-1.0600000000000001E-12,3.2534E-07,-3.264E-07
0.33,0.3,1.1444E-09,8.8100000000000014E-12,-9.3E-13,3.253E-07,-3.2654E-07
0.335,0.3,1.1369E-09,1.0830000000000001E-11,-3.0000000000000003E-13,3.2534E-07,-3.2652E-07
0.34,0.3,1.1219E-09,1.0020000000000001E-11,-1E-12,3.253E-07,-3.2645999999999997E-07
0.34500000000000003,0.3,1.1249E-09,1.1560000000000002E-11,-1.21E-12,3.2542E-07,-3.2654E-07
0.35000000000000003,0.3,1.1339E-09,1.343E-11,-5.4E-13,3.2528E-07,-3.2644E-07
0.35500000000000004,0.3,1.1236E-09,1.362E-11,3.5E-13,3.2534E-07,-3.2645999999999997E-07
0.36000000000000004,0.3,1.1176E-09,1.341E-11,-5.8000000000000005E-13,3.2536E-07,-3.265E-07
0.365,0.3,1.1246E-09,1.641E-11,2.8E-13,3.254E-07,-3.2652E-07
0.37,0.3,1.1213E-09,1.779E-11,-3.0000000000000005E-14,3.2542E-07,-3.265E-07
0.375,0.3,1.1099E-09,1.7910000000000003E-11,4.1E-13,3.2538E-07,-3.265E-07
0.38,0.3,1.1107E-09,1.852E-11,-3.1000000000000004E-13,3.254E-07,-3.2648E-07
0.385,0.3,1.1138E-09,2.263E-11,-7.2000000000000006E-13,3.2538E-07,-3.2648E-07
0.39,0.3,1.1056E-09,2.3150000000000002E-11,-5.6E-13,3.254E-07,-3.2659999999999997E-07
0.395,0.3,1.0983E-09,2.498E-11,-5.4E-13,3.2536E-07,-3.2654E-07
0.4,0.3,1.0994E-09,2.713E-11,-8.5000000000000011E-13,3.2538E-07,-3.2642E-07
0.405,0.3,1.1009E-09,3.114E-11,-1.6000000000000003E-13,3.253E-07,-3.2644E-07
0.41000000000000003,0.3,1.092E-09,3.129E-11,3.0000000000000005E-14,3.253E-07,-3.2636E-07
0.41500000000000004,0.3,1.09E-09,3.3200000000000006E-11,-7.6000000000000009E-13,3.2538E-07,-3.2652E-07
0.42000000000000004,0.3,1.0918E-09,3.715E-11,-1.02E-12,3.2536E-07,-3.2654E-07
0.42500000000000004,0.3,1.0798E-09,3.951E-11,-3.0000000000000003E-13,3.2536E-07,-3.2648E-07
0.43,0.3,1.0696E-09,4.162E-11,-2.0500000000000004E-12,3.2538E-07,-3.2654E-07
0.435,0.3,1.0787E-09,4.6340000000000005E-11,-1.8200000000000003E-12,3.254E-07,-3.265E-07
0.44,0.3,1.0719E-09,5.1880000000000006E-11,-1.55E-12,3.254E-07,-3.2644E-07
0.445,0.3,1.0613E-09,5.433E-11,-9.3E-13,3.2534E-07,-3.2648E-07
0.45,0.3,1.0593E-09,5.8060000000000004E-11,-7.5E-13,3.2536E-07,-3.2644E-07
0.455,0.3,1.0579E-09,6.437E-11,-1.0500000000000002E-12,3.2536E-07,-3.265E-07
0.46,0.3,1.0463E-09,6.8640000000000008E-11,7.100000000000001E-13,3.2538E-07,-3.265E-07
0.465,0.3,1.0444E-09,7.3740000000000009E-11,-8.0000000000000013E-14,3.2536E-07,-3.2644E-07
0.47000000000000003,0.3,1.037E-09,7.8980000000000008E-11,-1.3400000000000002E-12,3.2538E-07,-3.2645999999999997E-07
0.47500000000000003,0.3,1.0306E-09,8.712E-11,-1.3E-13,3.2536E-07,-3.265E-07
0.48000000000000004,0.3,1.0174E-09,9.290000000000001E-11,3.0000000000000005E-14,3.2534E-07,-3.265E-07
0.48500000000000004,0.3,1.0032E-09,9.743E-11,-5.6E-13,3.253E-07,-3.2636E-07
0.49000000000000005,0.3,1.0086E-09,1.0665000000000001E-10,-8.4000000000000006E-13,3.253E-07,-3.2638E-07
0.49500000000000005,0.3,9.984E-10,1.1564000000000001E-10,-7E-13,3.2528E-07,-3.2642E-07
0.5,0.3,9.961E-10,1.2321E-10,-4.5000000000000005E-13,3.2534E-07,-3.2644E-07
0.505,0.3,9.7851000000000017E-10,1.3160000000000002E-10,4E-13,3.2524E-07,-3.2644E-07
0.51,0.3,9.6571000000000017E-10,1.3810000000000002E-10,-5.3000000000000006E-13,3.253E-07,-3.2642E-07
0.515,0.3,9.5644E-10,1.4596E-10,-1.14E-12,3.2536E-07,-3.2638E-07
0.52,0.3,9.5991E-10,1.5862000000000002E-10,-4E-13,3.2528E-07,-3.2638E-07
0.525,0.3,9.3909000000000011E-10,1.6485E-10,6.0000000000000009E-14,3.253E-07,-3.2631999999999997E-07
0.53,0.3,9.3104E-10,1.7265000000000002E-10,6.3E-13,3.2534E-07,-3.264E-07
0.535,0.3,9.226000000000001E-10,1.861E-10,-1.0500000000000002E-12,3.2526E-07,-3.2642E-07
0.54,0.3,9.092E-10,1.9833000000000003E-10,-1.4E-13,3.2524E-07,-3.2644E-07
0.545,0.3,8.8780000000000008E-10,2.0421E-10,0,3.253E-07,-3.2636E-07
0.55,0.3,8.8421000000000009E-10,2.1841000000000002E-10,-1.6800000000000001E-12,3.2534E-07,-3.2631999999999997E-07
0.555,0.3,8.7053000000000009E-10,2.3056000000000003E-10,-3.2000000000000005E-13,3.2536E-07,-3.2642E-07
0.56,0.3,8.5473000000000011E-10,2.399E-10,-3.0000000000000005E-14,3.2534E-07,-3.2638E-07
0.56500000000000006,0.3,8.472E-10,2.5063000000000004E-10,-1.0000000000000002E-14,3.2536E-07,-3.2645999999999997E-07
0.57000000000000006,0.3,8.4064000000000011E-10,2.6604000000000004E-10,-2.4000000000000004E-13,3.2534E-07,-3.2644E-07
0.57500000000000007,0.3,8.1970000000000007E-10,2.7741000000000003E-10,6.0000000000000009E-14,3.2536E-07,-3.2644E-07
0.58000000000000007,0.3,7.9715000000000009E-10,2.9479E-10,-5.3000000000000006E-13,3.2524E-07,-3.2642E-07
0.58500000000000008,0.3,7.8846000000000009E-10,3.0791E-10,-2.2000000000000003E-12,3.2534E-07,-3.2648E-07
0.59000000000000008,0.3,7.7408000000000008E-10,3.2508000000000003E-10,-1.13E-12,3.2534E-07,-3.265E-07
0.595,0.3,7.5369E-10,3.3719E-10,-3.4E-13,3.2536E-07,-3.2644E-07
0.6,0.3,7.4089E-10,3.5109E-10,-2.01E-12,3.2534E-07,-3.2644E-07
0.605,0.3,7.2921E-10,3.6876000000000003E-10,-3.7000000000000004E-13,3.2526E-07,-3.2644E-07
0.61,0.3,7.063E-10,3.8687000000000003E-10,-9.0000000000000008E-14,3.2524E-07,-3.2638E-07
0.615,0.3,6.8273000000000008E-10,4.0280000000000005E-10,-8.8000000000000009E-13,3.2528E-07,-3.2636E-07
0.62,0.3,6.7089E-10,4.2422E-10,-1.6700000000000002E-12,3.2534E-07,-3.2638E-07
0.625,0.3,6.4665E-10,4.4579E-10,-3.8000000000000005E-13,3.253E-07,-3.2644E-07
0.63,0.3,6.2033000000000007E-10,4.6491000000000005E-10,-1.0100000000000001E-12,3.2536E-07,-3.264E-07
0.635,0.3,6.0036000000000009E-10,4.8735000000000008E-10,-9.1000000000000016E-13,3.2526E-07,-3.2636E-07
0.64,0.3,5.8151000000000009E-10,5.1164E-10,-6.5000000000000006E-13,3.2528E-07,-3.2636E-07
0.645,0.3,5.491E-10,5.3583E-10,-2E-13,3.2524E-07,-3.2638E-07
0.65,0.3,5.2482000000000006E-10,5.6034000000000005E-10,-2.4000000000000004E-13,3.253E-07,-3.2636E-07
0.655,0.3,5.0649000000000008E-10,5.893E-10,-1.0600000000000001E-12,3.253E-07,-3.2636E-07
0.66,0.3,4.7152E-10,6.176E-10,1.2000000000000002E-13,3.2528E-07,-3.2636E-07
0.665,0.3,4.3053E-10,6.4473E-10,-9.1000000000000016E-13,3.253E-07,-3.2638E-07
0.67,0.3,4.0777000000000003E-10,6.7854E-10,-1.4300000000000002E-12,3.2528E-07,-3.2634E-07
0.675,0.3,3.7765000000000003E-10,7.1126000000000009E-10,-5E-13,3.2522E-07,-3.2634E-07
0.68,0.3,3.3241000000000004E-10,7.4599E-10,7.4000000000000008E-13,3.2536E-07,-3.2636E-07
0.685,0.3,2.9715E-10,7.8134E-10,-1E-13,3.2524E-07,-3.2638E-07
0.69000000000000006,0.3,2.6807000000000004E-10,8.1999000000000008E-10,-8.2E-13,3.253E-07,-3.263E-07
0.69500000000000006,0.3,2.1945000000000003E-10,8.603E-10,-3.0000000000000005E-14,3.253E-07,-3.2634E-07
0.70000000000000007,0.3,1.7057E-10,9.0005000000000011E-10,-2.1000000000000001E-13,3.2532E-07,-3.2631999999999997E-07
0.70500000000000007,0.3,1.3393000000000002E-10,9.4809E-10,-9.9E-13,3.2532E-07,-3.264E-07
0.71000000000000008,0.3,8.8190000000000008E-11,9.9447E-10,8E-13,3.254E-07,-3.2648E-07
0.71500000000000008,0.3,3.489E-11,1.0465300000000001E-09,2.6E-13,3.253E-07,-3.2644E-07
0.72000000000000008,0.3,-7.83E-12,1.0872300000000002E-09,-1E-12,3.2536E-07,-3.2644E-07
0.72500000000000009,0.3,-5.7010000000000005E-11,1.1397E-09,-5.2E-13,3.253E-07,-3.2644E-07
0.73,0.3,-1.0841E-10,1.1959E-09,-4.0000000000000006E-14,3.2534E-07,-3.264E-07
0.735,0.3,-1.7664000000000002E-10,1.251E-09,8.7E-13,3.2532E-07,-3.2631999999999997E-07
0.74,0.3,-2.3632E-10,1.3098E-09,-7.100000000000001E-13,3.253E-07,-3.264E-07
0.745,0.3,-2.9120000000000004E-10,1.3718E-09,-1E-12,3.253E-07,-3.2642E-07
0.75,0.3,-3.5942000000000004E-10,1.4385E-09,-4.2000000000000003E-13,3.2534E-07,-3.2642E-07
0.755,0.3,-4.3318000000000005E-10,1.5031E-09,-4.6000000000000006E-13,3.2524E-07,-3.2642E-07
0.76,0.3,-5.0031E-10,1.5742E-09,-1.5700000000000002E-12,3.2534E-07,-3.264E-07
0.765,0.3,-5.6550000000000006E-10,1.6472E-09,-2.1000000000000001E-13,3.253E-07,-3.264E-07
0.77,0.3,-6.5434E-10,1.7232E-09,-1.18E-12,3.2526E-07,-3.2636E-07
0.775,0.3,-7.3129000000000007E-10,1.8006E-09,-9.2000000000000012E-13,3.254E-07,-3.2636E-07
0.78,0.3,-8.058300000000001E-10,1.8866E-09,-1.8000000000000002E-12,3.253E-07,-3.2638E-07
0.785,0.3,-8.9708000000000007E-10,1.9714E-09,-3.0000000000000003E-13,3.2532E-07,-3.2636E-07
0.79,0.3,-9.965E-10,2.0668E-09,-1.1100000000000001E-12,3.253E-07,-3.263E-07
0.795,0.3,-1.07919E-09,2.1523E-09,-1.5400000000000001E-12,3.252E-07,-3.2636E-07
0.8,0.3,-1.1886E-09,2.2572E-09,-4.9E-13,3.2528E-07,-3.264E-07
0.805,0.3,-1.2772E-09,2.3511E-09,-8E-13,3.2524E-07,-3.2626E-07
0.81,0.3,-1.3886E-09,2.4638E-09,1.3300000000000002E-12,3.2534E-07,-3.2631999999999997E-07
0.81500000000000006,0.3,-1.4946E-09,2.5618E-09,-2.9000000000000003E-13,3.2528E-07,-3.2631999999999997E-07
0.82000000000000006,0.3,-1.6034E-09,2.6765E-09,-1.04E-12,3.2522E-07,-3.2634E-07
0.82500000000000007,0.3,-1.7218E-09,2.8058E-09,-6.9000000000000009E-13,3.252E-07,-3.263E-07
0.83000000000000007,0.3,-1.8623999999999999E-09,2.9302E-09,-6.8E-13,3.2524E-07,-3.2631999999999997E-07
0.83500000000000008,0.3,-1.9893E-09,3.0574E-09,-8.5000000000000011E-13,3.2522E-07,-3.2624E-07
0.84000000000000008,0.3,-2.1165E-09,3.1887E-09,-1.8900000000000002E-12,3.253E-07,-3.2638E-07
0.84500000000000008,0.3,-2.2553E-09,3.3286E-09,-1.3800000000000002E-12,3.2528E-07,-3.2634E-07
0.85000000000000009,0.3,-2.4054E-09,3.4742E-09,-6.0000000000000007E-13,3.253E-07,-3.2638E-07
0.85500000000000009,0.3,-2.5342E-09,3.6041E-09,-1.32E-12,3.253E-07,-3.2631999999999997E-07
0.86,0.3,-2.6879E-09,3.7631E-09,-1.26E-12,3.2528E-07,-3.264E-07
0.865,0.3,-2.8513E-09,3.9217E-09,1.13E-12,3.2528E-07,-3.263E-07
0.87,0.3,-3.0387E-09,4.1031E-09,8.5000000000000011E-13,3.2534E-07,-3.2638E-07
0.875,0.3,-3.1864E-09,4.2583E-09,3.0000000000000003E-13,3.2536E-07,-3.263E-07
0.88,0.3,-3.3696E-09,4.4395E-09,2.4000000000000004E-13,3.2536E-07,-3.2644E-07
0.885,0.3,-3.5641E-09,4.6341E-09,6.5000000000000006E-13,3.2526E-07,-3.2631999999999997E-07
0.89,0.3,-3.7753E-09,4.8369E-09,-4.6000000000000006E-13,3.2528E-07,-3.2628E-07
0.895,0.3,-3.9532E-09,5.0241E-09,-7.3E-13,3.2524E-07,-3.2638E-07
0.9,0.3,-4.1681E-09,5.2337E-09,-8.4000000000000006E-13,3.2524E-07,-3.2636E-07
-0.3,0.45,5.6793E-09,-5.6001E-09,9.0000000000000008E-14,3.2528E-07,-3.2512E-07
-0.29500000000000004,0.45,5.3253E-09,-5.1973E-09,5.2E-13,3.2524E-07,-3.2528E-07
-0.29000000000000004,0.45,5.2078E-09,-4.826E-09,-6.5000000000000006E-13,3.2522E-07,-3.2558E-07
-0.28500000000000003,0.45,5.0822E-09,-4.4955E-09,-1.9000000000000002E-13,3.2528E-07,-3.2578E-07
-0.28,0.45,4.9718E-09,-4.1893E-09,-6.400000000000001E-13,3.2524E-07,-3.2602E-07
-0.275,0.45,4.8856E-09,-3.9168E-09,-6.5000000000000006E-13,3.252E-07,-3.2614E-07
-0.27,0.45,4.8089E-09,-3.662E-09,-1.3800000000000002E-12,3.2528E-07,-3.264E-07
-0.265,0.45,4.7397E-09,-3.4331E-09,-1.3000000000000001E-12,3.2516E-07,-3.265E-07
-0.26,0.45,4.6466E-09,-3.2279E-09,-1.1500000000000002E-12,3.2522E-07,-3.2672E-07
-0.255,0.45,4.5764E-09,-3.0374E-09,-2.06E-12,3.2524E-07,-3.2684E-07
-0.25,0.45,4.5463E-09,-2.8646E-09,-1.9700000000000003E-12,3.2516E-07,-3.2678E-07
-0.24500000000000002,0.45,4.4497E-09,-2.7013E-09,-6.0000000000000007E-13,3.2528E-07,-3.2706E-07
-0.24000000000000002,0.45,4.3767E-09,-2.5458E-09,1.5000000000000002E-13,3.2528E-07,-3.271E-07
-0.23500000000000001,0.45,4.3146E-09,-2.4128E-09,-7.3E-13,3.253E-07,-3.2718E-07
-0.23,0.45,4.2784E-09,-2.2894E-09,9.0000000000000008E-14,3.2522E-07,-3.2726E-07
-0.225,0.45,4.2237E-09,-2.1902E-09,1.0500000000000002E-12,3.2526E-07,-3.272E-07
-0.22,0.45,4.1855E-09,-2.0887E-09,2.2000000000000002E-13,3.2512E-07,-3.2728E-07
-0.215,0.45,4.1457E-09,-1.9908E-09,1.8000000000000002E-13,3.2522E-07,-3.2736E-07
-0.21000000000000002,0.45,4.0907E-09,-1.9025E-09,-3.1000000000000004E-13,3.2522E-07,-3.2746E-07
-0.20500000000000002,0.45,4.0318E-09,-1.8217E-09,2.2000000000000002E-13,3.2522E-07,-3.2743999999999997E-07
-0.2,0.45,3.9943E-09,-1.7464E-09,-1.6700000000000002E-12,3.2528E-07,-3.2746E-07
-0.195,0.45,3.9583E-09,-1.6734E-09,-1.1900000000000002E-12,3.2522E-07,-3.2752E-07
-0.19,0.45,3.911E-09,-1.6071E-09,-1.5400000000000001E-12,3.253E-07,-3.2756E-07
-0.185,0.45,3.8718E-09,-1.5462E-09,-1.07E-12,3.2524E-07,-3.2756E-07
-0.18000000000000002,0.45,3.8357E-09,-1.4887E-09,-2.16E-12,3.252E-07,-3.2757999999999997E-07
-0.17500000000000002,0.45,3.7868E-09,-1.4327E-09,-1.09E-12,3.2526E-07,-3.2768E-07
-0.17,0.45,3.7424E-09,-1.3818E-09,-5.2E-13,3.253E-07,-3.2764E-07
-0.165,0.45,3.731E-09,-1.3355E-09,-1.2000000000000002E-13,3.2528E-07,-3.2768E-07
-0.16,0.45,3.6904E-09,-1.2898E-09,-2.0000000000000003E-14,3.2522E-07,-3.2757999999999997E-07
-0.155,0.45,3.6311E-09,-1.2365E-09,1E-13,3.2528E-07,-3.2764E-07
-0.15,0.45,3.5904E-09,-1.1977E-09,5.9E-13,3.2524E-07,-3.2768E-07
-0.14500000000000002,0.45,3.5716E-09,-1.1684E-09,-2.8E-13,3.2524E-07,-3.277E-07
-0.14,0.45,3.5449E-09,-1.1305E-09,-8.9E-13,3.2522E-07,-3.2764E-07
-0.135,0.45,3.5132E-09,-1.0942E-09,4.2000000000000003E-13,3.2524E-07,-3.2764E-07
-0.13,0.45,3.4742E-09,-1.062E-09,-2.6E-13,3.2528E-07,-3.2768E-07
-0.125,0.45,3.4481E-09,-1.0276E-09,-5.9E-13,3.2524E-07,-3.2768E-07
-0.12000000000000001,0.45,3.4182E-09,-9.96E-10,3.1000000000000004E-13,3.2524E-07,-3.2768E-07
-0.115,0.45,3.3903E-09,-9.6854E-10,-6.400000000000001E-13,3.253E-07,-3.2766E-07
-0.11,0.45,3.3727E-09,-9.3838E-10,-1.6800000000000001E-12,3.2528E-07,-3.2768E-07
-0.10500000000000001,0.45,3.3394E-09,-9.099200000000001E-10,-6.3E-13,3.2524E-07,-3.2764E-07
-0.1,0.45,3.3257E-09,-8.8384E-10,6.5000000000000006E-13,3.2522E-07,-3.277E-07
-0.095,0.45,3.2858E-09,-8.591400000000001E-10,1.1000000000000001E-13,3.2522E-07,-3.277E-07
-0.090000000000000011,0.45,3.2809E-09,-8.3350000000000007E-10,-2.1000000000000001E-13,3.2524E-07,-3.277E-07
-0.085,0.45,3.2258999999999998E-09,-8.081800000000001E-10,1.3E-13,3.2522E-07,-3.2766E-07
-0.08,0.45,3.2203E-09,-7.8699000000000009E-10,6.3E-13,3.2518E-07,-3.2764E-07
-0.075,0.45,3.1867999999999998E-09,-7.6435000000000005E-10,7E-14,3.252E-07,-3.2764E-07
-0.07,0.45,3.1623E-09,-7.4051000000000006E-10,-1.8000000000000002E-13,3.2522E-07,-3.277E-07
-0.065,0.45,3.1471E-09,-7.1917E-10,-1.9000000000000002E-13,3.2528E-07,-3.2766E-07
-0.060000000000000005,0.45,3.1045E-09,-7.0047000000000006E-10,-4.9E-13,3.2524E-07,-3.2766E-07
-0.055,0.45,3.0929E-09,-6.7899E-10,-1.6700000000000002E-12,3.2524E-07,-3.2764E-07
-0.05,0.45,3.0711E-09,-6.5751E-10,-1.1600000000000001E-12,3.252E-07,-3.2762E-07
-0.045000000000000005,0.45,3.0452E-09,-6.4155E-10,-2.2000000000000002E-13,3.253E-07,-3.2762E-07
-0.04,0.45,3.0483E-09,-6.2268000000000007E-10,-1.6E-12,3.2524E-07,-3.2764E-07
-0.035,0.45,3.0287E-09,-6.032300000000001E-10,-2.6E-13,3.252E-07,-3.2768E-07
-0.030000000000000002,0.45,2.998E-09,-5.8608E-10,-4.2000000000000003E-13,3.2524E-07,-3.2776E-07
-0.025,0.45,2.9655E-09,-5.7101000000000008E-10,-9.3E-13,3.2532E-07,-3.2774E-07
-0.02,0.45,2.9576E-09,-5.5251000000000009E-10,-9.3E-13,3.2516E-07,-3.2756E-07
-0.015000000000000001,0.45,2.9538E-09,-5.364E-10,-8.2E-13,3.2522E-07,-3.2762E-07
-0.01,0.45,2.9123E-09,-5.2225E-10,-5.5000000000000008E-13,3.2524E-07,-3.2764E-07
-0.005,0.45,2.9087E-09,-5.0637000000000008E-10,-1.1900000000000002E-12,3.2528E-07,-3.277E-07
0,0.45,2.8965E-09,-4.9094000000000006E-10,-6.7000000000000007E-13,3.253E-07,-3.2771999999999997E-07
0.005,0.45,2.8741E-09,-4.7517E-10,1E-13,3.253E-07,-3.2774E-07
0.01,0.45,2.8556E-09,-4.6381E-10,5.9E-13,3.2528E-07,-3.2762E-07
0.015000000000000001,0.45,2.8492E-09,-4.479E-10,1.9000000000000002E-13,3.2524E-07,-3.2766E-07
0.02,0.45,2.8308E-09,-4.3526000000000006E-10,9.8E-13,3.2526E-07,-3.277E-07
0.025,0.45,2.8277E-09,-4.2255000000000006E-10,8.5000000000000011E-13,3.2526E-07,-3.2762E-07
0.030000000000000002,0.45,2.8053E-09,-4.1055000000000005E-10,-4.8000000000000008E-13,3.2528E-07,-3.2764E-07
0.035,0.45,2.8028E-09,-3.9669000000000005E-10,-3.9000000000000005E-13,3.253E-07,-3.2771999999999997E-07
0.04,0.45,2.786E-09,-3.8342E-10,-5.3000000000000006E-13,3.2524E-07,-3.276E-07
0.045000000000000005,0.45,2.7642E-09,-3.7409000000000005E-10,-6.2000000000000008E-13,3.2526E-07,-3.2766E-07
0.05,0.45,2.764E-09,-3.6141000000000005E-10,-1.41E-12,3.2528E-07,-3.2771999999999997E-07
0.055,0.45,2.7497E-09,-3.4894000000000004E-10,-6.3E-13,3.2524E-07,-3.2766E-07
0.060000000000000005,0.45,2.733E-09,-3.3876000000000003E-10,-2.0000000000000003E-14,3.253E-07,-3.2762E-07
0.065,0.45,2.7151E-09,-3.2903E-10,-6.0000000000000007E-13,3.252E-07,-3.2757999999999997E-07
0.07,0.45,2.7139E-09,-3.1821000000000003E-10,-9.6000000000000015E-13,3.2528E-07,-3.2768E-07
0.075,0.45,2.7084E-09,-3.0678E-10,-1.07E-12,3.2526E-07,-3.2762E-07
0.08,0.45,2.6797E-09,-2.9962000000000005E-10,-9.1000000000000016E-13,3.2528E-07,-3.2768E-07
0.085,0.45,2.674E-09,-2.8889E-10,-1.5800000000000001E-12,3.2534E-07,-3.2774E-07
0.090000000000000011,0.45,2.6857E-09,-2.7806E-10,-1.1900000000000002E-12,3.253E-07,-3.2776E-07
0.095,0.45,2.6564E-09,-2.7028E-10,-1.08E-12,3.2528E-07,-3.2771999999999997E-07
0.1,0.45,2.6461E-09,-2.6239E-10,-1.3000000000000001E-12,3.2524E-07,-3.2768E-07
0.10500000000000001,0.45,2.655E-09,-2.5306E-10,-1.03E-12,3.2528E-07,-3.277E-07
0.11,0.45,2.6507E-09,-2.4344000000000004E-10,-9.8E-13,3.2524E-07,-3.2764E-07
0.115,0.45,2.6261E-09,-2.3725000000000003E-10,2.1000000000000001E-13,3.2518E-07,-3.2757999999999997E-07
0.12000000000000001,0.45,2.6203E-09,-2.2886000000000002E-10,-4.0000000000000006E-14,3.2518E-07,-3.2768E-07
0.125,0.45,2.6221E-09,-2.1978000000000002E-10,-1.0600000000000001E-12,3.2524E-07,-3.2766E-07
0.13,0.45,2.6257E-09,-2.1224E-10,-1.1000000000000001E-13,3.2528E-07,-3.277E-07
0.135,0.45,2.6072E-09,-2.0696000000000003E-10,-7E-14,3.2534E-07,-3.277E-07
0.14,0.45,2.6518E-09,-1.9794000000000002E-10,-4.2000000000000003E-13,3.253E-07,-3.277E-07
0.14500000000000002,0.45,2.6015E-09,-1.9023000000000002E-10,-2.8E-13,3.2532E-07,-3.2774E-07
0.15,0.45,2.586E-09,-1.8516E-10,4.0000000000000006E-14,3.2528E-07,-3.2768E-07
0.155,0.45,2.5756E-09,-1.7801000000000001E-10,-1.4E-13,3.253E-07,-3.2764E-07
0.16,0.45,2.581E-09,-1.7014000000000002E-10,-7.2000000000000006E-13,3.2528E-07,-3.2764E-07
0.165,0.45,2.5693E-09,-1.6415000000000002E-10,9.7000000000000011E-13,3.2536E-07,-3.2771999999999997E-07
0.17,0.45,2.5613E-09,-1.5895E-10,-4.2000000000000003E-13,3.253E-07,-3.2774E-07
0.17500000000000002,0.45,2.5631E-09,-1.5199E-10,-1.1000000000000002E-12,3.253E-07,-3.2771999999999997E-07
0.18000000000000002,0.45,2.5606E-09,-1.4446E-10,-4.7E-13,3.254E-07,-3.2776E-07
0.185,0.45,2.5535E-09,-1.4080000000000002E-10,-6.1E-13,3.254E-07,-3.278E-07
0.19,0.45,2.5411E-09,-1.3445E-10,-1.86E-12,3.254E-07,-3.278E-07
0.195,0.45,2.5399E-09,-1.2857E-10,-1.31E-12,3.2536E-07,-3.278E-07
0.2,0.45,2.5222E-09,-1.2205E-10,-8.9E-13,3.2538E-07,-3.277E-07
0.20500000000000002,0.45,2.5077E-09,-1.1843E-10,3.0000000000000005E-14,3.2534E-07,-3.2782E-07
0.21000000000000002,0.45,2.5107E-09,-1.1197000000000002E-10,-2.0500000000000004E-12,3.2526E-07,-3.2762E-07
0.215,0.45,2.507E-09,-1.0654000000000001E-10,-5.1E-13,3.253E-07,-3.277E-07
0.22,0.45,2.4925E-09,-1.0166000000000001E-10,-6.400000000000001E-13,3.2534E-07,-3.2774E-07
0.225,0.45,2.5688E-09,-9.7810000000000009E-11,-9.2000000000000012E-13,3.2534E-07,-3.2778E-07
0.23,0.45,2.5711E-09,-9.148E-11,-1.17E-12,3.2534E-07,-3.278E-07
0.23500000000000001,0.45,2.5602E-09,-8.709E-11,-4.7E-13,3.2526E-07,-3.2774E-07
0.24000000000000002,0.45,2.5501E-09,-8.39E-11,-4.7E-13,3.2528E-07,-3.2778E-07
0.24500000000000002,0.45,2.5426E-09,-7.813E-11,-6.1E-13,3.2526E-07,-3.2782E-07
0.25,0.45,2.5513E-09,-7.414E-11,5E-13,3.2528E-07,-3.2774E-07
0.255,0.45,2.5326E-09,-7.025E-11,4.2000000000000003E-13,3.2524E-07,-3.2771999999999997E-07
0.26,0.45,2.5311E-09,-6.8090000000000007E-11,6.8E-13,3.2534E-07,-3.277E-07
0.265,0.45,2.5302E-09,-6.211E-11,0,3.253E-07,-3.2776E-07
0.27,0.45,2.5248E-09,-5.8440000000000007E-11,4.5000000000000005E-13,3.2532E-07,-3.2778E-07
0.275,0.45,2.5235E-09,-5.6380000000000003E-11,-1.8000000000000002E-13,3.2534E-07,-3.279E-07
0.28,0.45,2.5163E-09,-5.175E-11,-9.1000000000000016E-13,3.2538E-07,-3.2794E-07
0.28500000000000003,0.45,2.5052E-09,-4.738E-11,-7.6000000000000009E-13,3.2536E-07,-3.2788E-07
0.29000000000000004,0.45,2.5157E-09,-4.4820000000000007E-11,-5.1E-13,3.2534E-07,-3.278E-07
0.29500000000000004,0.45,2.5031E-09,-4.3290000000000006E-11,3.3E-13,3.2528E-07,-3.2774E-07
0.3,0.45,2.5018E-09,-3.8620000000000005E-11,-8.4000000000000006E-13,3.2534E-07,-3.2782E-07
0.305,0.45,2.4832E-09,-3.5010000000000004E-11,-1E-13,3.2534E-07,-3.278E-07
0.31,0.45,2.4841E-09,-3.4100000000000004E-11,-2.7E-13,3.2536E-07,-3.2788E-07
0.315,0.45,2.4828E-09,-3.154E-11,-1.5200000000000002E-12,3.2536E-07,-3.278E-07
0.32,0.45,2.4871E-09,-2.7870000000000003E-11,-9.3E-13,3.2534E-07,-3.2778E-07
0.325,0.45,2.4783E-09,-2.6050000000000003E-11,-1.1500000000000002E-12,3.2534E-07,-3.2776E-07
0.33,0.45,2.4807E-09,-2.522E-11,-1E-12,3.2528E-07,-3.277E-07
0.335,0.45,2.48E-09,-2.2170000000000003E-11,-1.8700000000000003E-12,3.2524E-07,-3.2778E-07
0.34,0.45,2.4749E-09,-1.8800000000000002E-11,-3.1000000000000004E-13,3.253E-07,-3.2776E-07
0.34500000000000003,0.45,2.4576E-09,-1.828E-11,2.2000000000000002E-13,3.2536E-07,-3.277E-07
0.35000000000000003,0.45,2.4539E-09,-1.728E-11,-9.9E-13,3.253E-07,-3.2774E-07
0.35500000000000004,0.45,2.473E-09,-1.3240000000000001E-11,-2.6E-13,3.2534E-07,-3.2778E-07
0.36000000000000004,0.45,2.3928E-09,-1.242E-11,3.7000000000000004E-13,3.253E-07,-3.2762E-07
0.365,0.45,2.3794E-09,-1.2990000000000002E-11,2.7E-13,3.253E-07,-3.2762E-07
0.37,0.45,2.388E-09,-1.025E-11,-5.9E-13,3.2528E-07,-3.2764E-07
0.375,0.45,2.3809E-09,-7.5900000000000014E-12,-7.5E-13,3.2528E-07,-3.2768E-07
0.38,0.45,2.3671E-09,-7.5700000000000011E-12,-2.2000000000000002E-13,3.2534E-07,-3.2762E-07
0.385,0.45,2.3647E-09,-6.5800000000000006E-12,-7.3E-13,3.2528E-07,-3.2762E-07
0.39,0.45,2.3609E-09,-3.61E-12,-6.8E-13,3.2532E-07,-3.2768E-07
0.395,0.45,2.3707E-09,-3.0300000000000002E-12,4.5000000000000005E-13,3.253E-07,-3.2757999999999997E-07
0.4,0.45,2.3623E-09,-2.8600000000000003E-12,2.8E-13,3.2526E-07,-3.2756E-07
0.405,0.45,2.3653E-09,-1.6100000000000002E-12,-4.8000000000000008E-13,3.2528E-07,-3.2762E-07
0.41000000000000003,0.45,2.3639E-09,7.9000000000000007E-13,-1.0000000000000002E-14,3.2528E-07,-3.276E-07
0.41500000000000004,0.45,2.3474E-09,9.2000000000000012E-13,-2.3000000000000003E-13,3.2528E-07,-3.2768E-07
0.42000000000000004,0.45,2.354E-09,7.2000000000000006E-13,-1.0600000000000001E-12,3.2534E-07,-3.277E-07
0.42500000000000004,0.45,2.3519E-09,2.97E-12,-1.02E-12,3.2528E-07,-3.2762E-07
0.43,0.45,2.3385E-09,4.6500000000000006E-12,-1.2000000000000001E-12,3.2522E-07,-3.2757999999999997E-07
0.435,0.45,2.338E-09,2.95E-12,-5.3000000000000006E-13,3.2528E-07,-3.2768E-07
0.44,0.45,2.3395E-09,5.53E-12,-1.3300000000000002E-12,3.2528E-07,-3.2764E-07
0.445,0.45,2.3436E-09,6.7800000000000006E-12,-7.3E-13,3.253E-07,-3.2764E-07
0.45,0.45,2.3379E-09,7.2800000000000013E-12,1.2000000000000002E-13,3.253E-07,-3.276E-07
0.455,0.45,2.3427E-09,6.25E-12,-2.7E-13,3.253E-07,-3.2768E-07
0.46,0.45,2.3392E-09,9.1800000000000009E-12,-1.1900000000000002E-12,3.2534E-07,-3.2764E-07
0.465,0.45,2.3353E-09,9.53E-12,-2.1000000000000001E-13,3.2528E-07,-3.2757999999999997E-07
0.47000000000000003,0.45,2.3221E-09,9.8100000000000012E-12,0,3.2534E-07,-3.2764E-07
0.47500000000000003,0.45,2.3259E-09,9.9100000000000012E-12,-8.9E-13,3.2534E-07,-3.2768E-07
0.48000000000000004,0.45,2.3303E-09,1.2440000000000001E-11,-6.400000000000001E-13,3.2536E-07,-3.2764E-07
0.48500000000000004,0.45,2.3348E-09,1.22E-11,8.0000000000000013E-14,3.2526E-07,-3.2756E-07
0.49000000000000005,0.45,2.3145E-09,1.2550000000000001E-11,2.6E-13,3.2528E-07,-3.2752E-07
0.49500000000000005,0.45,2.3249E-09,1.443E-11,-2.6E-13,3.2524E-07,-3.2756E-07
0.5,0.45,2.3119E-09,1.6160000000000002E-11,5.6E-13,3.252E-07,-3.276E-07
0.505,0.45,2.3036E-09,1.539E-11,-1.2000000000000002E-13,3.2524E-07,-3.2762E-07
0.51,0.45,2.2986E-09,1.6560000000000002E-11,-2.7E-13,3.2528E-07,-3.2762E-07
0.515,0.45,2.3136E-09,1.945E-11,-7.9000000000000007E-13,3.2522E-07,-3.2754E-07
0.52,0.45,2.3081E-09,2.008E-11,-3.8000000000000005E-13,3.2532E-07,-3.2762E-07
0.525,0.45,2.2887E-09,1.9910000000000002E-11,-5.4E-13,3.2528E-07,-3.2762E-07
0.53,0.45,2.2994E-09,2.296E-11,-1.5300000000000001E-12,3.2532E-07,-3.2764E-07
0.535,0.45,2.3009E-09,2.3660000000000002E-11,-9.6000000000000015E-13,3.2524E-07,-3.2764E-07
0.54,0.45,2.2975E-09,2.573E-11,-1.12E-12,3.2528E-07,-3.276E-07
0.545,0.45,2.2832E-09,2.5E-11,-8.1000000000000008E-13,3.2524E-07,-3.2757999999999997E-07
0.55,0.45,2.3027E-09,3.019E-11,-1.3000000000000001E-12,3.2534E-07,-3.2764E-07
0.555,0.45,2.2813E-09,3.034E-11,-2E-13,3.253E-07,-3.2754E-07
0.56,0.45,2.2688E-09,3.2970000000000004E-11,-8.4000000000000006E-13,3.2528E-07,-3.2762E-07
0.56500000000000006,0.45,2.2766E-09,3.481E-11,-7.3E-13,3.2534E-07,-3.2764E-07
0.57000000000000006,0.45,2.2832E-09,3.925E-11,-6.8E-13,3.2522E-07,-3.2748E-07
0.57500000000000007,0.45,2.2693E-09,4.028E-11,-8.300000000000001E-13,3.2516E-07,-3.2756E-07
0.58000000000000007,0.45,2.2666E-09,4.3750000000000004E-11,-1.45E-12,3.2516E-07,-3.2756E-07
0.58500000000000008,0.45,2.2683E-09,4.793E-11,-5.2E-13,3.252E-07,-3.2752E-07
0.59000000000000008,0.45,2.2536E-09,5.1300000000000006E-11,1.4E-13,3.2518E-07,-3.276E-07
0.595,0.45,2.2529E-09,5.3690000000000004E-11,2.6E-13,3.2524E-07,-3.2768E-07
0.6,0.45,2.254E-09,5.7640000000000007E-11,-7E-14,3.2522E-07,-3.2752E-07
0.605,0.45,2.2502E-09,6.418E-11,6.0000000000000009E-14,3.2514E-07,-3.2748E-07
0.61,0.45,2.2339E-09,6.7730000000000008E-11,5.1E-13,3.2522E-07,-3.2743999999999997E-07
0.615,0.45,2.2238E-09,7.329E-11,-3.0000000000000005E-14,3.2522E-07,-3.2752E-07
0.62,0.45,2.2152E-09,7.881000000000001E-11,-1.1900000000000002E-12,3.2524E-07,-3.2756E-07
0.625,0.45,2.2121E-09,8.596E-11,1.0000000000000002E-14,3.2518E-07,-3.275E-07
0.63,0.45,2.2058E-09,9.0260000000000007E-11,-1.8000000000000002E-13,3.2528E-07,-3.2752E-07
0.635,0.45,2.1944E-09,9.609E-11,-4.9E-13,3.2526E-07,-3.2752E-07
0.64,0.45,2.1885E-09,1.0539000000000001E-10,-7.9000000000000007E-13,3.253E-07,-3.2754E-07
0.645,0.45,2.1819E-09,1.1274E-10,1E-13,3.253E-07,-3.2754E-07
0.65,0.45,2.1641E-09,1.1963E-10,-8.1000000000000008E-13,3.2528E-07,-3.275E-07
0.655,0.45,2.1632E-09,1.2833E-10,-1.08E-12,3.2528E-07,-3.2756E-07
0.66,0.45,2.1504E-09,1.3881E-10,-1.22E-12,3.2534E-07,-3.276E-07
0.665,0.45,2.1197E-09,1.4519000000000002E-10,-1.1100000000000001E-12,3.2526E-07,-3.2756E-07
0.67,0.45,2.1323999999999998E-09,1.5511000000000002E-10,-1.5200000000000002E-12,3.2524E-07,-3.2756E-07
0.675,0.45,2.1256E-09,1.6543000000000002E-10,-8.6000000000000007E-13,3.2528E-07,-3.276E-07
0.68,0.45,2.1151E-09,1.7305E-10,4.3000000000000004E-13,3.2528E-07,-3.2754E-07
0.685,0.45,2.0902E-09,1.8179000000000003E-10,-5.2E-13,3.2526E-07,-3.276E-07
0.69000000000000006,0.45,2.087E-09,1.9458000000000002E-10,-9.000000000000001E-13,3.2538E-07,-3.2771999999999997E-07
0.69500000000000006,0.45,2.0803E-09,2.0539000000000003E-10,-2.7E-13,3.2536E-07,-3.276E-07
0.70000000000000007,0.45,2.0652E-09,2.1483000000000002E-10,2.1000000000000001E-13,3.254E-07,-3.2766E-07
0.70500000000000007,0.45,2.0479E-09,2.2697000000000002E-10,-5E-13,3.2534E-07,-3.2764E-07
0.71000000000000008,0.45,2.0501E-09,2.3987E-10,-2.5E-13,3.2546E-07,-3.2764E-07
0.71500000000000008,0.45,2.0149E-09,2.5046000000000003E-10,-3.5E-13,3.2536E-07,-3.2756E-07
0.72000000000000008,0.45,2.0154E-09,2.6155000000000004E-10,-9.0000000000000008E-14,3.2532E-07,-3.2764E-07
0.72500000000000009,0.45,2.0022E-09,2.7567000000000004E-10,-8.2E-13,3.2536E-07,-3.277E-07
0.73,0.45,1.9861E-09,2.8968000000000003E-10,2.1000000000000001E-13,3.2528E-07,-3.2754E-07
0.735,0.45,1.9783E-09,3.0313E-10,5.3000000000000006E-13,3.2528E-07,-3.2764E-07
0.74,0.45,1.9539E-09,3.1601000000000003E-10,-8.9E-13,3.2528E-07,-3.2752E-07
0.745,0.45,1.9401E-09,3.3709E-10,-1.4E-13,3.2524E-07,-3.2757999999999997E-07
0.75,0.45,1.9195E-09,3.5140000000000005E-10,7.2000000000000006E-13,3.253E-07,-3.2756E-07
0.755,0.45,1.9086E-09,3.6804E-10,-6.6E-13,3.2528E-07,-3.2752E-07
0.76,0.45,1.8863E-09,3.8124E-10,-1.45E-12,3.253E-07,-3.2757999999999997E-07
0.765,0.45,1.8694E-09,4.0195000000000004E-10,-7.8000000000000011E-13,3.2536E-07,-3.2752E-07
0.77,0.45,1.8331E-09,4.1989000000000004E-10,-9.1000000000000016E-13,3.2528E-07,-3.2752E-07
0.775,0.45,1.8174E-09,4.3963E-10,-1.2000000000000001E-12,3.2528E-07,-3.2754E-07
0.78,0.45,1.8071E-09,4.6142000000000005E-10,-1.14E-12,3.253E-07,-3.2754E-07
0.785,0.45,1.7896E-09,4.8160000000000007E-10,0,3.2526E-07,-3.2756E-07
0.79,0.45,1.7475E-09,5.0343000000000009E-10,-1.17E-12,3.2528E-07,-3.2762E-07
0.795,0.45,1.7301E-09,5.2738E-10,-1.31E-12,3.253E-07,-3.275E-07
0.8,0.45,1.7102E-09,5.5574000000000009E-10,-6.9000000000000009E-13,3.2528E-07,-3.2754E-07
0.805,0.45,1.6931E-09,5.7991E-10,-8.300000000000001E-13,3.2532E-07,-3.2756E-07
0.81,0.45,1.6402E-09,6.0664000000000009E-10,-7.2000000000000006E-13,3.2524E-07,-3.2748E-07
0.81500000000000006,0.45,1.6251E-09,6.3909E-10,-8.1000000000000008E-13,3.2526E-07,-3.2752E-07
0.82000000000000006,0.45,1.5878E-09,6.6809E-10,1.4E-13,3.2522E-07,-3.2752E-07
0.82500000000000007,0.45,1.5531E-09,7.0021E-10,5E-14,3.2524E-07,-3.275E-07
0.83000000000000007,0.45,1.5194E-09,7.3296E-10,-3.5E-13,3.2524E-07,-3.2756E-07
0.83500000000000008,0.45,1.4987E-09,7.7113000000000011E-10,-1.8000000000000002E-13,3.2522E-07,-3.2754E-07
0.84000000000000008,0.45,1.4475E-09,8.0614000000000007E-10,6.2000000000000008E-13,3.2524E-07,-3.2756E-07
0.84500000000000008,0.45,1.4074E-09,8.4445E-10,-1.9000000000000002E-13,3.2528E-07,-3.2756E-07
0.85000000000000009,0.45,1.3784E-09,8.8703000000000009E-10,-1.13E-12,3.2528E-07,-3.2756E-07
0.85500000000000009,0.45,1.3408E-09,9.3027E-10,-2.8E-13,3.2524E-07,-3.2754E-07
0.86,0.45,1.2676E-09,9.7402000000000012E-10,-1.9000000000000002E-13,3.253E-07,-3.2752E-07
0.865,0.45,1.2393E-09,1.02041E-09,-8.6000000000000007E-13,3.2534E-07,-3.2756E-07
0.87,0.45,1.177E-09,1.0718200000000001E-09,-5.2E-13,3.2528E-07,-3.2757999999999997E-07
0.875,0.45,1.1266E-09,1.1220100000000001E-09,8.0000000000000013E-14,3.2528E-07,-3.2754E-07
0.88,0.45,1.067E-09,1.1761E-09,-4.0000000000000006E-14,3.2526E-07,-3.2748E-07
0.885,0.45,1.0211E-09,1.2301E-09,-8.6000000000000007E-13,3.253E-07,-3.2752E-07
0.89,0.45,9.6462000000000013E-10,1.2904E-09,-1.13E-12,3.2518E-07,-3.2746E-07
0.895,0.45,9.1455000000000011E-10,1.3513E-09,1.9000000000000002E-13,3.2534E-07,-3.2754E-07
0.9,0.45,8.4246000000000011E-10,1.4128E-09,-8E-13,3.2524E-07,-3.275E-07
-0.3,0.6,9.3941E-09,-7.1005E-09,-9.8E-13,3.253E-07,-3.274E-07
-0.29500000000000004,0.6,8.9419E-09,-6.6793E-09,-4.7E-13,3.253E-07,-3.2738E-07
-0.29000000000000004,0.6,8.7921E-09,-6.2906E-09,2.2000000000000002E-13,3.2524E-07,-3.2774E-07
-0.28500000000000003,0.6,8.6811E-09,-5.9368E-09,-8.6000000000000007E-13,3.253E-07,-3.2799999999999997E-07
-0.28,0.6,8.5548E-09,-5.6207E-09,-6.9000000000000009E-13,3.2528E-07,-3.2818E-07
-0.275,0.6,8.4597E-09,-5.3163E-09,6.0000000000000007E-13,3.2522E-07,-3.2836E-07
-0.27,0.6,8.3017E-09,-5.0438E-09,3.7000000000000004E-13,3.2526E-07,-3.2848E-07
-0.265,0.6,8.314E-09,-4.7969E-09,1.5000000000000002E-13,3.2528E-07,-3.286E-07
-0.26,0.6,8.1329E-09,-4.5689E-09,-3.4E-13,3.2532E-07,-3.2883999999999997E-07
-0.255,0.6,8.0836E-09,-4.3604E-09,-2.1000000000000001E-13,3.2528E-07,-3.2902E-07
-0.25,0.6,7.9596E-09,-4.1685E-09,-3.2000000000000005E-13,3.2522E-07,-3.2904E-07
-0.24500000000000002,0.6,7.9091E-09,-3.9911E-09,-5E-13,3.2526E-07,-3.2911999999999997E-07
-0.24000000000000002,0.6,7.7788E-09,-3.813E-09,-1E-12,3.2528E-07,-3.2928E-07
-0.23500000000000001,0.6,7.6799E-09,-3.6615E-09,-3.1000000000000004E-13,3.2536E-07,-3.293E-07
-0.23,0.6,7.6978E-09,-3.5362E-09,-1.03E-12,3.2524E-07,-3.2942E-07
-0.225,0.6,7.5219E-09,-3.4037E-09,-9.3E-13,3.2528E-07,-3.2938E-07
-0.22,0.6,7.4326E-09,-3.2817E-09,9.0000000000000008E-14,3.253E-07,-3.2939999999999997E-07
-0.215,0.6,7.4277E-09,-3.1698E-09,-6.3E-13,3.2522E-07,-3.2939999999999997E-07
-0.21000000000000002,0.6,7.2882E-09,-3.0612E-09,-1.4200000000000002E-12,3.2524E-07,-3.2948E-07
-0.20500000000000002,0.6,7.2455E-09,-2.9608E-09,-1.13E-12,3.2524E-07,-3.295E-07
-0.2,0.6,7.2175E-09,-2.8693E-09,5.1E-13,3.2522E-07,-3.2964E-07
-0.195,0.6,7.1236E-09,-2.7797E-09,-2.4000000000000004E-13,3.2522E-07,-3.2953999999999997E-07
-0.19,0.6,7.1089E-09,-2.6972E-09,-1.03E-12,3.2532E-07,-3.297E-07
-0.185,0.6,6.9623E-09,-2.6168E-09,-4.9E-13,3.2522E-07,-3.297E-07
-0.18000000000000002,0.6,6.9338E-09,-2.5439E-09,3.5E-13,3.2522E-07,-3.2958E-07
-0.17500000000000002,0.6,6.9185E-09,-2.4719E-09,-4.7E-13,3.2522E-07,-3.2974E-07
-0.17,0.6,6.7789E-09,-2.4072E-09,-9.1000000000000016E-13,3.2526E-07,-3.297E-07
-0.165,0.6,6.8018E-09,-2.3381E-09,-8.0000000000000013E-14,3.2522E-07,-3.2974E-07
-0.16,0.6,6.7144E-09,-2.2789E-09,2.8E-13,3.2528E-07,-3.298E-07
-0.155,0.6,6.7442E-09,-2.2185E-09,-5.3000000000000006E-13,3.253E-07,-3.2978E-07
-0.15,0.6,6.7119E-09,-2.1616E-09,2.0000000000000003E-14,3.254E-07,-3.2988E-07
-0.14500000000000002,0.6,6.5307E-09,-2.1069E-09,-5E-13,3.2534E-07,-3.2972E-07
-0.14,0.6,6.5891E-09,-2.0562E-09,-1.04E-12,3.2522E-07,-3.2988E-07
-0.135,0.6,6.4811E-09,-2.0021E-09,-1.17E-12,3.2522E-07,-3.2974E-07
-0.13,0.6,6.4019E-09,-1.9553E-09,-1.23E-12,3.2528E-07,-3.2966E-07
-0.125,0.6,6.3112E-09,-1.9075E-09,-1.08E-12,3.2534E-07,-3.297E-07
-0.12000000000000001,0.6,6.2937E-09,-1.863E-09,-1.46E-12,3.2524E-07,-3.2972E-07
-0.115,0.6,6.2293E-09,-1.8152E-09,-8.300000000000001E-13,3.253E-07,-3.297E-07
-0.11,0.6,6.2542E-09,-1.7739E-09,-1.2000000000000002E-13,3.2528E-07,-3.296E-07
-0.10500000000000001,0.6,6.1183E-09,-1.7332E-09,4E-13,3.2528E-07,-3.297E-07
-0.1,0.6,6.1424E-09,-1.6899E-09,-7.3E-13,3.2522E-07,-3.2962E-07
-0.095,0.6,6.115E-09,-1.6501E-09,-2.3000000000000003E-13,3.253E-07,-3.2974E-07
-0.090000000000000011,0.6,6.0349E-09,-1.6128E-09,1.5000000000000002E-13,3.2532E-07,-3.297E-07
-0.085,0.6,6.0247E-09,-1.5758E-09,-5.1E-13,3.2524E-07,-3.2964E-07
-0.08,0.6,5.9068E-09,-1.5382E-09,-3.9000000000000005E-13,3.2528E-07,-3.2966E-07
-0.075,0.6,5.8771E-09,-1.4928E-09,6.6E-13,3.2524E-07,-3.2966E-07
-0.07,0.6,5.8385E-09,-1.4676E-09,2.6E-13,3.2532E-07,-3.2981999999999997E-07
-0.065,0.6,5.9121E-09,-1.4335E-09,-1.1600000000000001E-12,3.2528E-07,-3.2976E-07
-0.060000000000000005,0.6,5.8958E-09,-1.3976E-09,-9.000000000000001E-13,3.2532E-07,-3.298E-07
-0.055,0.6,5.9283E-09,-1.3657E-09,-4.3000000000000004E-13,3.2528E-07,-3.2981999999999997E-07
-0.05,0.6,5.8717E-09,-1.3341E-09,-1.5200000000000002E-12,3.2524E-07,-3.2984E-07
-0.045000000000000005,0.6,5.8073E-09,-1.3012E-09,-6.5000000000000006E-13,3.253E-07,-3.297E-07
-0.04,0.6,5.7628E-09,-1.2706E-09,-8.7E-13,3.2522E-07,-3.2981999999999997E-07
-0.035,0.6,5.7865E-09,-1.241E-09,-2.2000000000000002E-13,3.2522E-07,-3.2984E-07
-0.030000000000000002,0.6,5.7212E-09,-1.2127E-09,-1.5E-12,3.2522E-07,-3.2967999999999997E-07
-0.025,0.6,5.7106E-09,-1.1819E-09,-1.4400000000000001E-12,3.253E-07,-3.2976E-07
-0.02,0.6,5.663E-09,-1.1521E-09,-2.3000000000000003E-13,3.2528E-07,-3.297E-07
-0.015000000000000001,0.6,5.587E-09,-1.1254E-09,-3.5E-13,3.2524E-07,-3.2966E-07
-0.01,0.6,5.6008E-09,-1.0988E-09,-1.21E-12,3.2522E-07,-3.2972E-07
-0.005,0.6,5.5733E-09,-1.0709E-09,-9.3E-13,3.2524E-07,-3.297E-07
0,0.6,5.4971E-09,-1.0458E-09,2.7E-13,3.2522E-07,-3.297E-07
0.005,0.6,5.5071E-09,-1.0213E-09,-3.8000000000000005E-13,3.2528E-07,-3.2976E-07
0.01,0.6,5.4627E-09,-9.9591000000000013E-10,-6.0000000000000007E-13,3.2524E-07,-3.2976E-07
0.015000000000000001,0.6,5.4498E-09,-9.6848000000000015E-10,-1.64E-12,3.2518E-07,-3.2964E-07
0.02,0.6,5.4556E-09,-9.4469E-10,1E-13,3.2526E-07,-3.2972E-07
0.025,0.6,5.356E-09,-9.2143000000000009E-10,-7.9000000000000007E-13,3.2522E-07,-3.297E-07
0.030000000000000002,0.6,5.347E-09,-8.9711000000000012E-10,-5.1E-13,3.253E-07,-3.2966E-07
0.035,0.6,5.3796E-09,-8.735200000000001E-10,-1.03E-12,3.2522E-07,-3.2967999999999997E-07
0.04,0.6,5.3292E-09,-8.5204000000000009E-10,4.0000000000000006E-14,3.2522E-07,-3.2984E-07
0.045000000000000005,0.6,5.2669E-09,-8.3142000000000011E-10,-6.5000000000000006E-13,3.2522E-07,-3.2962E-07
0.05,0.6,5.2619E-09,-7.9928000000000006E-10,-1.6200000000000002E-12,3.2524E-07,-3.298E-07
0.055,0.6,5.2523E-09,-7.8579E-10,-9.6000000000000015E-13,3.253E-07,-3.2972E-07
0.060000000000000005,0.6,5.2002E-09,-7.6722000000000007E-10,-1.08E-12,3.2526E-07,-3.296E-07
0.065,0.6,5.1644E-09,-7.4618000000000011E-10,-2.2700000000000002E-12,3.252E-07,-3.2964E-07
0.07,0.6,5.2148E-09,-7.2414E-10,-1.7000000000000002E-12,3.2518E-07,-3.2966E-07
0.075,0.6,5.1323E-09,-7.0587000000000007E-10,-9.9E-13,3.2522E-07,-3.2956E-07
0.08,0.6,5.0325E-09,-6.8801000000000009E-10,-8.5000000000000011E-13,3.2528E-07,-3.295E-07
0.085,0.6,4.9745E-09,-6.6708E-10,3.0000000000000005E-14,3.2522E-07,-3.2953999999999997E-07
0.090000000000000011,0.6,5.0087E-09,-6.4824E-10,9.8E-13,3.2534E-07,-3.2964E-07
0.095,0.6,4.9598E-09,-6.3224000000000008E-10,3.1000000000000004E-13,3.2528E-07,-3.2964E-07
0.1,0.6,4.9282E-09,-6.1416000000000008E-10,-1.03E-12,3.2522E-07,-3.2956E-07
0.10500000000000001,0.6,5.071E-09,-5.9519000000000009E-10,-2.7E-13,3.252E-07,-3.297E-07
0.11,0.6,5.0634E-09,-5.7942000000000005E-10,-5.4E-13,3.2528E-07,-3.2974E-07
0.115,0.6,4.9787E-09,-5.6449000000000008E-10,-1.9000000000000002E-13,3.2534E-07,-3.297E-07
0.12000000000000001,0.6,4.954E-09,-5.4599E-10,-1.6200000000000002E-12,3.2524E-07,-3.2964E-07
0.125,0.6,4.9355E-09,-5.3063000000000006E-10,-4.0000000000000006E-14,3.2528E-07,-3.2978E-07
0.13,0.6,4.9328E-09,-5.1605E-10,4.0000000000000006E-14,3.2524E-07,-3.2966E-07
0.135,0.6,4.9253E-09,-5.0252E-10,1.9000000000000002E-13,3.2524E-07,-3.2964E-07
0.14,0.6,4.96E-09,-4.8449E-10,3.1000000000000004E-13,3.2524E-07,-3.296E-07
0.14500000000000002,0.6,4.9058E-09,-4.7212E-10,-1.9000000000000002E-13,3.2524E-07,-3.2964E-07
0.15,0.6,4.9361E-09,-4.5899000000000004E-10,-1.2400000000000002E-12,3.2522E-07,-3.2967999999999997E-07
0.155,0.6,4.8599E-09,-4.4447E-10,-1.21E-12,3.2524E-07,-3.2976E-07
0.16,0.6,4.8694E-09,-4.2958000000000003E-10,-1.13E-12,3.2528E-07,-3.2976E-07
0.165,0.6,4.8379E-09,-4.1773E-10,-1.1900000000000002E-12,3.253E-07,-3.2964E-07
0.17,0.6,4.7262E-09,-4.0562000000000004E-10,-1.32E-12,3.253E-07,-3.2958E-07
0.17500000000000002,0.6,4.7548E-09,-3.9186000000000003E-10,-6.9000000000000009E-13,3.2528E-07,-3.2958E-07
0.18000000000000002,0.6,4.6815E-09,-3.7943000000000005E-10,-3.9000000000000005E-13,3.2528E-07,-3.296E-07
0.185,0.6,4.7032E-09,-3.6912E-10,-4.1E-13,3.2518E-07,-3.2953999999999997E-07
0.19,0.6,4.6615E-09,-3.5668E-10,-1.32E-12,3.2524E-07,-3.295E-07
0.195,0.6,4.6715E-09,-3.447E-10,-2.9000000000000003E-13,3.2518E-07,-3.2958E-07
0.2,0.6,4.6481E-09,-3.3503000000000003E-10,-3.7000000000000004E-13,3.2518E-07,-3.2956E-07
0.20500000000000002,0.6,4.6276E-09,-3.2612E-10,-1.12E-12,3.2522E-07,-3.2958E-07
0.21000000000000002,0.6,4.637E-09,-3.1294E-10,-9.1000000000000016E-13,3.2528E-07,-3.296E-07
0.215,0.6,4.6257E-09,-3.0383E-10,8.0000000000000013E-14,3.2522E-07,-3.2953999999999997E-07
0.22,0.6,4.636E-09,-2.9386E-10,2.2000000000000002E-13,3.2526E-07,-3.2964E-07
0.225,0.6,4.6451E-09,-2.8475E-10,1E-13,3.2528E-07,-3.2953999999999997E-07
0.23,0.6,4.6709E-09,-2.7377000000000003E-10,3.6000000000000003E-13,3.2524E-07,-3.2962E-07
0.23500000000000001,0.6,4.615E-09,-2.6677E-10,7.5E-13,3.2524E-07,-3.2952E-07
0.24000000000000002,0.6,4.5701E-09,-2.5769E-10,-1.0000000000000002E-14,3.2522E-07,-3.2958E-07
0.24500000000000002,0.6,4.5959E-09,-2.4746000000000004E-10,-5.9E-13,3.2524E-07,-3.2958E-07
0.25,0.6,4.6194E-09,-2.3895000000000004E-10,-5.8000000000000005E-13,3.2522E-07,-3.2956E-07
0.255,0.6,4.5835E-09,-2.3301E-10,-1.36E-12,3.2524E-07,-3.2958E-07
0.26,0.6,4.5456E-09,-2.2353000000000003E-10,-1.8000000000000002E-12,3.2528E-07,-3.2964E-07
0.265,0.6,4.5944E-09,-2.1444E-10,-1.5E-12,3.253E-07,-3.2958E-07
0.27,0.6,4.5421E-09,-2.0856000000000003E-10,-8.1000000000000008E-13,3.2536E-07,-3.296E-07
0.275,0.6,4.5665E-09,-2.0271000000000002E-10,-8.2E-13,3.2528E-07,-3.2962E-07
0.28,0.6,4.5428E-09,-1.9326000000000001E-10,-7.6000000000000009E-13,3.2522E-07,-3.2966E-07
0.28500000000000003,0.6,4.5688E-09,-1.8594E-10,-8.9E-13,3.2526E-07,-3.2967999999999997E-07
0.29000000000000004,0.6,4.5193E-09,-1.8067E-10,-3.3E-13,3.253E-07,-3.2967999999999997E-07
0.29500000000000004,0.6,4.5203E-09,-1.7487E-10,-1.1000000000000002E-12,3.2534E-07,-3.2964E-07
0.3,0.6,4.5193E-09,-1.6587000000000002E-10,-1.4E-12,3.253E-07,-3.2958E-07
0.305,0.6,4.5661E-09,-1.6098000000000002E-10,-4.2000000000000003E-13,3.2526E-07,-3.297E-07
0.31,0.6,4.5666E-09,-1.5538E-10,-1.22E-12,3.2536E-07,-3.2966E-07
0.315,0.6,4.5059E-09,-1.4767000000000002E-10,-1.7100000000000002E-12,3.2528E-07,-3.2966E-07
0.32,0.6,4.5379E-09,-1.4087E-10,7E-14,3.2522E-07,-3.296E-07
0.325,0.6,4.5378E-09,-1.3852E-10,4.3000000000000004E-13,3.252E-07,-3.296E-07
0.33,0.6,4.5162E-09,-1.3169E-10,-3.2000000000000005E-13,3.2522E-07,-3.2964E-07
0.335,0.6,4.5111E-09,-1.2581E-10,-2.5E-13,3.253E-07,-3.2967999999999997E-07
0.34,0.6,4.5049E-09,-1.2099000000000001E-10,8.6000000000000007E-13,3.2524E-07,-3.2966E-07
0.34500000000000003,0.6,4.5219E-09,-1.1692000000000002E-10,-9.2000000000000012E-13,3.2528E-07,-3.2962E-07
0.35000000000000003,0.6,4.5279E-09,-1.1142000000000001E-10,-1E-13,3.2524E-07,-3.2966E-07
0.35500000000000004,0.6,4.4793E-09,-1.0318000000000001E-10,-2.4000000000000004E-13,3.252E-07,-3.2964E-07
0.36000000000000004,0.6,4.4829E-09,-1.0251E-10,-3.5E-13,3.2524E-07,-3.2958E-07
0.365,0.6,4.5262E-09,-9.699E-11,-9.7000000000000011E-13,3.2526E-07,-3.2964E-07
0.37,0.6,4.5072E-09,-9.221000000000001E-11,-6.0000000000000009E-14,3.2522E-07,-3.2952E-07
0.375,0.6,4.4632E-09,-8.787E-11,-9.7000000000000011E-13,3.2524E-07,-3.2966E-07
0.38,0.6,4.4733E-09,-8.472E-11,-1.8000000000000002E-13,3.2524E-07,-3.2962E-07
0.385,0.6,4.5194E-09,-7.959E-11,-1.8000000000000002E-13,3.2528E-07,-3.2964E-07
0.39,0.6,4.4478E-09,-7.426000000000001E-11,-4.3000000000000004E-13,3.2522E-07,-3.2966E-07
0.395,0.6,4.4829E-09,-7.204E-11,-1.04E-12,3.253E-07,-3.2962E-07
0.4,0.6,4.4481E-09,-6.807E-11,-1.8900000000000002E-12,3.2524E-07,-3.296E-07
0.405,0.6,4.4915E-09,-6.341E-11,-1.1900000000000002E-12,3.2522E-07,-3.296E-07
0.41000000000000003,0.6,4.4331E-09,-5.984000000000001E-11,-8.4000000000000006E-13,3.2524E-07,-3.297E-07
0.41500000000000004,0.6,4.4548E-09,-5.6910000000000007E-11,-2.4000000000000004E-13,3.2516E-07,-3.2958E-07
0.42000000000000004,0.6,4.4624E-09,-5.3580000000000004E-11,-1.3300000000000002E-12,3.2528E-07,-3.2966E-07
0.42500000000000004,0.6,4.4345E-09,-4.8530000000000006E-11,6.0000000000000009E-14,3.2532E-07,-3.2966E-07
0.43,0.6,4.4758E-09,-4.723E-11,-4.0000000000000006E-14,3.2526E-07,-3.2966E-07
0.435,0.6,4.4308E-09,-4.436E-11,-3.8000000000000005E-13,3.2522E-07,-3.2966E-07
0.44,0.6,4.4542E-09,-4.0190000000000005E-11,-8.2E-13,3.2518E-07,-3.2966E-07
0.445,0.6,4.4441E-09,-3.6840000000000005E-11,0,3.2526E-07,-3.2974E-07
0.45,0.6,4.4151E-09,-3.6070000000000004E-11,-8.7E-13,3.2524E-07,-3.296E-07
0.455,0.6,4.45E-09,-3.226E-11,-7.4000000000000008E-13,3.252E-07,-3.2967999999999997E-07
0.46,0.6,4.4096E-09,-2.8670000000000003E-11,-1.09E-12,3.2528E-07,-3.296E-07
0.465,0.6,4.4229E-09,-2.7500000000000002E-11,1.23E-12,3.2518E-07,-3.2958E-07
0.47000000000000003,0.6,4.3861E-09,-2.6650000000000003E-11,-1.4E-13,3.2522E-07,-3.2952E-07
0.47500000000000003,0.6,4.3985E-09,-2.2860000000000002E-11,-1.7E-13,3.2528E-07,-3.2964E-07
0.48000000000000004,0.6,4.4305E-09,-2.0020000000000002E-11,6.1E-13,3.2528E-07,-3.297E-07
0.48500000000000004,0.6,4.3946E-09,-1.8980000000000002E-11,1.9000000000000002E-13,3.2528E-07,-3.2966E-07
0.49000000000000005,0.6,4.397E-09,-1.7200000000000003E-11,-3.2000000000000005E-13,3.2524E-07,-3.296E-07
0.49500000000000005,0.6,4.3802E-09,-1.3170000000000001E-11,-1.17E-12,3.2524E-07,-3.296E-07
0.5,0.6,4.3992E-09,-1.322E-11,-1.0000000000000002E-14,3.253E-07,-3.2964E-07
0.505,0.6,4.4398E-09,-1.219E-11,-1.27E-12,3.2522E-07,-3.2953999999999997E-07
0.51,0.6,4.3573E-09,-8.74E-12,-9.7000000000000011E-13,3.253E-07,-3.296E-07
0.515,0.6,4.353E-09,-7.01E-12,-5.4E-13,3.2526E-07,-3.2967999999999997E-07
0.52,0.6,4.347E-09,-7.1400000000000007E-12,-3.0000000000000005E-14,3.2524E-07,-3.296E-07
0.525,0.6,4.3571E-09,-5.75E-12,-1.09E-12,3.2524E-07,-3.2962E-07
0.53,0.6,4.3784E-09,-2.34E-12,-1.4E-12,3.2524E-07,-3.2967999999999997E-07
0.535,0.6,4.3424E-09,-2.23E-12,-6.8E-13,3.2526E-07,-3.2956E-07
0.54,0.6,4.3536E-09,-1.74E-12,-6.1E-13,3.2526E-07,-3.2958E-07
0.545,0.6,4.3471E-09,-3.1000000000000004E-13,-2.01E-12,3.2528E-07,-3.2964E-07
0.55,0.6,4.3165E-09,1.8900000000000002E-12,-7.4000000000000008E-13,3.2528E-07,-3.2966E-07
0.555,0.6,4.3271E-09,1.31E-12,5.7E-13,3.2532E-07,-3.2964E-07
0.56,0.6,4.3488E-09,1.7100000000000002E-12,-7.8000000000000011E-13,3.2526E-07,-3.2962E-07
0.56500000000000006,0.6,4.38E-09,4.88E-12,-5.3000000000000006E-13,3.253E-07,-3.2956E-07
0.57000000000000006,0.6,4.3185E-09,4.22E-12,5.2E-13,3.252E-07,-3.296E-07
0.57500000000000007,0.6,4.3046E-09,4.03E-12,8.0000000000000013E-14,3.2528E-07,-3.296E-07
0.58000000000000007,0.6,4.2979E-09,6.14E-12,-4.8000000000000008E-13,3.2526E-07,-3.2966E-07
0.58500000000000008,0.6,4.3338E-09,7.84E-12,2.5E-13,3.2532E-07,-3.2948E-07
0.59000000000000008,0.6,4.3134E-09,7.11E-12,-9.0000000000000008E-14,3.2528E-07,-3.2956E-07
0.595,0.6,4.3535E-09,7.870000000000001E-12,-3.5E-13,3.2526E-07,-3.296E-07
0.6,0.6,4.3139E-09,1.038E-11,-5E-14,3.2524E-07,-3.2958E-07
0.605,0.6,4.2845E-09,1.096E-11,1.0000000000000002E-14,3.2526E-07,-3.2952E-07
0.61,0.6,4.3272E-09,1.004E-11,-5.1E-13,3.253E-07,-3.296E-07
0.615,0.6,4.3016E-09,1.2030000000000001E-11,-9.3E-13,3.2532E-07,-3.2964E-07
0.62,0.6,4.303E-09,1.291E-11,-5.8000000000000005E-13,3.253E-07,-3.2966E-07
0.625,0.6,4.2882E-09,1.2680000000000002E-11,-2.9000000000000003E-13,3.253E-07,-3.2962E-07
0.63,0.6,4.3175E-09,1.3340000000000001E-11,-1.5600000000000002E-12,3.2534E-07,-3.2964E-07
0.635,0.6,4.2873E-09,1.5520000000000002E-11,-1.74E-12,3.2528E-07,-3.2958E-07
0.64,0.6,4.3006E-09,1.677E-11,-8.300000000000001E-13,3.253E-07,-3.2958E-07
0.645,0.6,4.2985E-09,1.5180000000000003E-11,-1.04E-12,3.2528E-07,-3.2964E-07
0.65,0.6,4.2948E-09,1.739E-11,-2.2000000000000003E-12,3.253E-07,-3.2964E-07
0.655,0.6,4.2665E-09,1.9310000000000002E-11,-3.1000000000000004E-13,3.2536E-07,-3.297E-07
0.66,0.6,4.2599E-09,1.899E-11,1.4E-13,3.2524E-07,-3.2956E-07
0.665,0.6,4.2774E-09,2.0020000000000002E-11,-4.2000000000000003E-13,3.2536E-07,-3.2952E-07
0.67,0.6,4.2966E-09,2.249E-11,-4E-13,3.2522E-07,-3.296E-07
0.675,0.6,4.2516E-09,2.376E-11,2.2000000000000002E-13,3.2534E-07,-3.2964E-07
0.68,0.6,4.2578E-09,2.3130000000000002E-11,-1.5000000000000002E-13,3.2532E-07,-3.2964E-07
0.685,0.6,4.2392E-09,2.5650000000000003E-11,-6.400000000000001E-13,3.2534E-07,-3.2958E-07
0.69000000000000006,0.6,4.256E-09,2.864E-11,-2.2000000000000002E-13,3.2524E-07,-3.2958E-07
0.69500000000000006,0.6,4.2318E-09,2.884E-11,1.5000000000000002E-13,3.2528E-07,-3.296E-07
0.70000000000000007,0.6,4.2622E-09,2.993E-11,-3.4E-13,3.2524E-07,-3.2952E-07
0.70500000000000007,0.6,4.2572E-09,3.3E-11,-2.4000000000000004E-13,3.2524E-07,-3.295E-07
0.71000000000000008,0.6,4.2641E-09,3.503E-11,6.9000000000000009E-13,3.2524E-07,-3.2953999999999997E-07
0.71500000000000008,0.6,4.2435E-09,3.5820000000000005E-11,6.0000000000000009E-14,3.2524E-07,-3.296E-07
0.72000000000000008,0.6,4.3432E-09,3.907E-11,-5.8000000000000005E-13,3.2516E-07,-3.2966E-07
0.72500000000000009,0.6,4.3458E-09,4.2740000000000006E-11,-1.04E-12,3.2522E-07,-3.296E-07
0.73,0.6,4.3334E-09,4.5280000000000004E-11,-6.1E-13,3.252E-07,-3.2962E-07
0.735,0.6,4.3133E-09,4.796E-11,-1.22E-12,3.2524E-07,-3.2962E-07
0.74,0.6,4.3281E-09,5.1720000000000003E-11,-1.31E-12,3.2524E-07,-3.2956E-07
0.745,0.6,4.371E-09,5.717E-11,-3.9000000000000005E-13,3.2524E-07,-3.2964E-07
0.75,0.6,4.3122E-09,5.837E-11,-3.0000000000000003E-13,3.2516E-07,-3.2964E-07
0.755,0.6,4.3259E-09,6.419E-11,-1.17E-12,3.2522E-07,-3.296E-07
0.76,0.6,4.316E-09,6.873E-11,-1.0500000000000002E-12,3.2518E-07,-3.2962E-07
0.765,0.6,4.1941E-09,7.383E-11,-4E-13,3.2528E-07,-3.2952E-07
0.77,0.6,4.1622E-09,7.6970000000000007E-11,-8.5000000000000011E-13,3.2534E-07,-3.296E-07
0.775,0.6,4.1902E-09,8.522E-11,-1.6800000000000001E-12,3.252E-07,-3.2946E-07
0.78,0.6,4.1499E-09,9.2240000000000009E-11,-5.2E-13,3.252E-07,-3.2946E-07
0.785,0.6,4.1389E-09,9.6510000000000011E-11,-4.3000000000000004E-13,3.2528E-07,-3.2948E-07
0.79,0.6,4.1479E-09,1.0365000000000001E-10,-4.2000000000000003E-13,3.2522E-07,-3.2956E-07
0.795,0.6,4.1379E-09,1.1317000000000001E-10,-4.5000000000000005E-13,3.2516E-07,-3.295E-07
0.8,0.6,4.1201E-09,1.2018000000000002E-10,3.3E-13,3.2524E-07,-3.2946E-07
0.805,0.6,4.1046E-09,1.2688E-10,7E-14,3.2522E-07,-3.2946E-07
0.81,0.6,4.1079E-09,1.3566E-10,-6.0000000000000007E-13,3.252E-07,-3.2942E-07
0.81500000000000006,0.6,4.0792E-09,1.4555E-10,8.2E-13,3.252E-07,-3.2946E-07
0.82000000000000006,0.6,4.0669E-09,1.5342000000000002E-10,-3.2000000000000005E-13,3.252E-07,-3.2948E-07
0.82500000000000007,0.6,4.0716E-09,1.6347E-10,-5.3000000000000006E-13,3.2524E-07,-3.2946E-07
0.83000000000000007,0.6,4.0601E-09,1.748E-10,-1.2900000000000002E-12,3.2522E-07,-3.2946E-07
0.83500000000000008,0.6,4.0322E-09,1.8369000000000001E-10,-8.0000000000000013E-14,3.2524E-07,-3.2944E-07
0.84000000000000008,0.6,4.0207E-09,1.9117000000000002E-10,-1.2000000000000002E-13,3.2516E-07,-3.2938E-07
0.84500000000000008,0.6,4.0396E-09,2.0383E-10,-3.3E-13,3.2516E-07,-3.2944E-07
0.85000000000000009,0.6,4.0326E-09,2.1536000000000002E-10,-2.1000000000000001E-13,3.2518E-07,-3.2948E-07
0.85500000000000009,0.6,4.0229E-09,2.252E-10,-1.3E-13,3.2518E-07,-3.2944E-07
0.86,0.6,4.0037E-09,2.3611E-10,-7.5E-13,3.2524E-07,-3.2944E-07
0.865,0.6,3.9667E-09,2.4923000000000003E-10,-1.4E-12,3.2522E-07,-3.2953999999999997E-07
0.87,0.6,3.9598E-09,2.6353E-10,-3.6000000000000003E-13,3.2528E-07,-3.295E-07
0.875,0.6,3.9594E-09,2.7377000000000003E-10,-1.2900000000000002E-12,3.2524E-07,-3.2948E-07
0.88,0.6,3.9196E-09,2.8839E-10,-2.08E-12,3.2518E-07,-3.295E-07
0.885,0.6,3.9245E-09,3.0335000000000004E-10,-1.2400000000000002E-12,3.2518E-07,-3.2938E-07
0.89,0.6,3.9139E-09,3.1672E-10,-6.1E-13,3.252E-07,-3.2946E-07
0.895,0.6,3.8777E-09,3.3148000000000003E-10,-1.1100000000000001E-12,3.2524E-07,-3.2946E-07
0.9,0.6,3.8919E-09,3.4863E-10,-8.6000000000000007E-13,3.2522E-07,-3.2946E-07
-0.3,0.75,1.53992E-08,-9.2551E-09,-1.18E-12,3.2524E-07,-3.3114E-07
-0.29500000000000004,0.75,1.50024E-08,-8.8058E-09,6.7000000000000007E-13,3.2518E-07,-3.3134E-07
-0.29000000000000004,0.75,1.4807199999999999E-08,-8.3908E-09,7.4000000000000008E-13,3.2526E-07,-3.3148E-07
-0.28500000000000003,0.75,1.4508399999999998E-08,-8.0149E-09,-1.2400000000000002E-12,3.2528E-07,-3.3168E-07
-0.28,0.75,1.4477199999999999E-08,-7.6618E-09,-1.36E-12,3.2522E-07,-3.3214E-07
-0.275,0.75,1.4208799999999999E-08,-7.3416E-09,-2.8E-13,3.2522E-07,-3.323E-07
-0.27,0.75,1.4205599999999998E-08,-7.0462E-09,-6.7000000000000007E-13,3.2522E-07,-3.3216E-07
-0.265,0.75,1.3948799999999999E-08,-6.7683E-09,-1.6700000000000002E-12,3.2528E-07,-3.323E-07
-0.26,0.75,1.3873599999999999E-08,-6.5173E-09,-1.7E-13,3.2524E-07,-3.327E-07
-0.255,0.75,1.3739599999999999E-08,-6.2833E-09,1E-12,3.2524E-07,-3.3275999999999997E-07
-0.25,0.75,1.3593199999999999E-08,-6.0749E-09,0,3.2522E-07,-3.328E-07
-0.24500000000000002,0.75,1.3492599999999999E-08,-5.8681E-09,-1.8700000000000003E-12,3.2524E-07,-3.3264E-07
-0.24000000000000002,0.75,1.32444E-08,-5.6818999999999996E-09,-8.6000000000000007E-13,3.2526E-07,-3.327E-07
-0.23500000000000001,0.75,1.3246399999999998E-08,-5.5039E-09,-1.3E-13,3.2526E-07,-3.3278E-07
-0.23,0.75,1.3024799999999998E-08,-5.3465E-09,-8.1000000000000008E-13,3.252E-07,-3.3302E-07
-0.225,0.75,1.2999999999999999E-08,-5.189E-09,-1E-13,3.2518E-07,-3.3292E-07
-0.22,0.75,1.2798399999999998E-08,-5.0461E-09,3.6000000000000003E-13,3.2518E-07,-3.3294E-07
-0.215,0.75,1.27234E-08,-4.9087E-09,1.4E-13,3.2518E-07,-3.33E-07
-0.21000000000000002,0.75,1.2613999999999998E-08,-4.7902E-09,-1.1500000000000002E-12,3.2516E-07,-3.3322E-07
-0.20500000000000002,0.75,1.2624199999999999E-08,-4.6581E-09,-1.5700000000000002E-12,3.2518E-07,-3.3326E-07
-0.2,0.75,1.24598E-08,-4.542E-09,-1.2000000000000002E-13,3.2522E-07,-3.3303999999999997E-07
-0.195,0.75,1.2282999999999998E-08,-4.4184E-09,-4E-13,3.2524E-07,-3.3324E-07
-0.19,0.75,1.2241999999999998E-08,-4.3282E-09,-1.3900000000000001E-12,3.2522E-07,-3.3312E-07
-0.185,0.75,1.2110599999999998E-08,-4.2289E-09,-3.9000000000000005E-13,3.2518E-07,-3.3298E-07
-0.18000000000000002,0.75,1.2084E-08,-4.1353E-09,-6.0000000000000007E-13,3.2518E-07,-3.3294E-07
-0.17500000000000002,0.75,1.1991399999999998E-08,-4.038E-09,-1.5700000000000002E-12,3.2522E-07,-3.3312E-07
-0.17,0.75,1.1960999999999999E-08,-3.9504E-09,-1.4800000000000002E-12,3.2528E-07,-3.3303999999999997E-07
-0.165,0.75,1.19072E-08,-3.8649E-09,7.6000000000000009E-13,3.2522E-07,-3.331E-07
-0.16,0.75,1.1692799999999998E-08,-3.7838E-09,4.4000000000000004E-13,3.253E-07,-3.3312E-07
-0.155,0.75,1.1670799999999998E-08,-3.7035E-09,-1E-12,3.2524E-07,-3.3316E-07
-0.15,0.75,1.14666E-08,-3.6277E-09,-1.8000000000000002E-13,3.2524E-07,-3.3308E-07
-0.14500000000000002,0.75,1.1427399999999999E-08,-3.5546E-09,-3.5E-13,3.2524E-07,-3.331E-07
-0.14,0.75,1.1455999999999999E-08,-3.4793E-09,-5E-13,3.2528E-07,-3.3306E-07
-0.135,0.75,1.1268399999999999E-08,-3.4099E-09,-9.8E-13,3.2524E-07,-3.3306E-07
-0.13,0.75,1.1244E-08,-3.3419E-09,-6.3E-13,3.2518E-07,-3.3317999999999997E-07
-0.125,0.75,1.1189799999999999E-08,-3.2761E-09,6.6E-13,3.2516E-07,-3.3292E-07
-0.12000000000000001,0.75,1.1081799999999999E-08,-3.1975E-09,-4.0000000000000006E-14,3.2518E-07,-3.3308E-07
-0.115,0.75,1.0968999999999999E-08,-3.1458E-09,-1.5300000000000001E-12,3.252E-07,-3.33E-07
-0.11,0.75,1.09532E-08,-3.0828E-09,-9.4E-13,3.2528E-07,-3.333E-07
-0.10500000000000001,0.75,1.0873599999999999E-08,-3.0205E-09,4.0000000000000006E-14,3.251E-07,-3.3312E-07
-0.1,0.75,1.08076E-08,-2.9603E-09,-2.0000000000000003E-14,3.2522E-07,-3.3286E-07
-0.095,0.75,1.07048E-08,-2.9018E-09,-4.6000000000000006E-13,3.2518E-07,-3.3298E-07
-0.090000000000000011,0.75,1.0649199999999999E-08,-2.8494E-09,1.5000000000000002E-13,3.252E-07,-3.3303999999999997E-07
-0.085,0.75,1.0655799999999999E-08,-2.7932E-09,-9.0000000000000008E-14,3.2526E-07,-3.3294E-07
-0.08,0.75,1.05502E-08,-2.7399E-09,-1.0600000000000001E-12,3.2534E-07,-3.3331999999999997E-07
-0.075,0.75,1.06068E-08,-2.6819E-09,-1.4700000000000002E-12,3.2524E-07,-3.3322E-07
-0.07,0.75,1.03924E-08,-2.6306E-09,-2.0000000000000003E-14,3.2526E-07,-3.3302E-07
-0.065,0.75,1.04418E-08,-2.5779E-09,4E-13,3.2518E-07,-3.3306E-07
-0.060000000000000005,0.75,1.0252399999999998E-08,-2.5159E-09,-1.09E-12,3.252E-07,-3.328E-07
-0.055,0.75,1.0205199999999999E-08,-2.4788E-09,-2.9000000000000003E-13,3.2514E-07,-3.3292E-07
-0.05,0.75,1.0203799999999999E-08,-2.4306E-09,-4.7E-13,3.2522E-07,-3.331E-07
-0.045000000000000005,0.75,1.00836E-08,-2.3798E-09,-8.1000000000000008E-13,3.2518E-07,-3.3303999999999997E-07
-0.04,0.75,1.00668E-08,-2.3314E-09,-6.0000000000000007E-13,3.2516E-07,-3.3294E-07
-0.035,0.75,1.00874E-08,-2.2851E-09,1.5000000000000002E-13,3.2516E-07,-3.3288E-07
-0.030000000000000002,0.75,9.9321999999999984E-09,-2.2409E-09,6.0000000000000007E-13,3.2514E-07,-3.3288E-07
-0.025,0.75,9.8581999999999989E-09,-2.1941E-09,3.9000000000000005E-13,3.2524E-07,-3.3284E-07
-0.02,0.75,9.8703999999999985E-09,-2.1513E-09,3.3E-13,3.252E-07,-3.328E-07
-0.015000000000000001,0.75,9.7161999999999984E-09,-2.1074E-09,-4.4000000000000004E-13,3.2514E-07,-3.3298E-07
-0.01,0.75,9.807199999999999E-09,-2.0625E-09,-9.000000000000001E-13,3.2522E-07,-3.3292E-07
-0.005,0.75,9.6602E-09,-2.0221E-09,-7.4000000000000008E-13,3.2524E-07,-3.3274E-07
0,0.75,9.7054E-09,-1.9808E-09,-3.5E-13,3.252E-07,-3.3282E-07
0.005,0.75,9.674E-09,-1.9373E-09,-1.86E-12,3.2522E-07,-3.3282E-07
0.01,0.75,9.4796E-09,-1.8979E-09,-5.8000000000000005E-13,3.2516E-07,-3.3274E-07
0.015000000000000001,0.75,9.4178E-09,-1.8577E-09,-2.7E-13,3.2516E-07,-3.3268E-07
0.02,0.75,9.3325E-09,-1.8197E-09,-6.0000000000000007E-13,3.2512E-07,-3.3275999999999997E-07
0.025,0.75,9.4163E-09,-1.7795E-09,-1.21E-12,3.2518E-07,-3.3288E-07
0.030000000000000002,0.75,9.3862E-09,-1.7414E-09,-4.0000000000000006E-14,3.2518E-07,-3.328E-07
0.035,0.75,9.3179E-09,-1.7063E-09,4.9E-13,3.252E-07,-3.3284E-07
0.04,0.75,9.1834E-09,-1.6671E-09,-3.2000000000000005E-13,3.2522E-07,-3.3288E-07
0.045000000000000005,0.75,9.1929E-09,-1.6322E-09,-1.9000000000000002E-13,3.2516E-07,-3.3268E-07
0.05,0.75,9.1672E-09,-1.5962E-09,2E-13,3.2522E-07,-3.3298E-07
0.055,0.75,9.1514E-09,-1.5635E-09,3.7000000000000004E-13,3.2526E-07,-3.3272E-07
0.060000000000000005,0.75,9.1373E-09,-1.5268E-09,-1.1000000000000002E-12,3.252E-07,-3.3298E-07
0.065,0.75,9.1917E-09,-1.493E-09,-7.6000000000000009E-13,3.253E-07,-3.3272E-07
0.07,0.75,9.055E-09,-1.4609E-09,-5.3000000000000006E-13,3.252E-07,-3.3272E-07
0.075,0.75,8.8396E-09,-1.4278E-09,-1.09E-12,3.2526E-07,-3.3264E-07
0.08,0.75,8.8474E-09,-1.3948E-09,-1.5300000000000001E-12,3.2528E-07,-3.3298E-07
0.085,0.75,8.9785E-09,-1.3628E-09,-9.9E-13,3.253E-07,-3.3266E-07
0.090000000000000011,0.75,8.8246E-09,-1.3335E-09,-1.0100000000000001E-12,3.2522E-07,-3.3289999999999997E-07
0.095,0.75,8.7805E-09,-1.3006E-09,-1.5200000000000002E-12,3.2522E-07,-3.326E-07
0.1,0.75,8.7009E-09,-1.2717E-09,-6.1E-13,3.2524E-07,-3.3278E-07
0.10500000000000001,0.75,8.6994E-09,-1.2425E-09,-1.9000000000000002E-13,3.2526E-07,-3.3284E-07
0.11,0.75,8.7429E-09,-1.2136E-09,-7.100000000000001E-13,3.2526E-07,-3.3261999999999997E-07
0.115,0.75,8.7635E-09,-1.1736E-09,-7.6000000000000009E-13,3.2522E-07,-3.3284E-07
0.12000000000000001,0.75,8.6202E-09,-1.1445E-09,4.9E-13,3.2526E-07,-3.328E-07
0.125,0.75,8.5337E-09,-1.1299E-09,4.7E-13,3.2524E-07,-3.3256E-07
0.13,0.75,8.6393E-09,-1.1027E-09,-2.3000000000000003E-13,3.2524E-07,-3.3258E-07
0.135,0.75,8.4789E-09,-1.0748E-09,-7.4000000000000008E-13,3.2516E-07,-3.326E-07
0.14,0.75,8.4628E-09,-1.0492E-09,1.2000000000000002E-13,3.2528E-07,-3.3274E-07
0.14500000000000002,0.75,8.5041E-09,-1.025E-09,3.9000000000000005E-13,3.2526E-07,-3.3282E-07
0.15,0.75,8.6004E-09,-1E-09,-8.8000000000000009E-13,3.2524E-07,-3.3284E-07
0.155,0.75,8.4999E-09,-9.7316E-10,6.0000000000000009E-14,3.2518E-07,-3.326E-07
0.16,0.75,8.3039E-09,-9.4932E-10,-1.4E-13,3.252E-07,-3.326E-07
0.165,0.75,8.2787E-09,-9.2772000000000008E-10,6.0000000000000009E-14,3.2514E-07,-3.3258E-07
0.17,0.75,8.2496E-09,-9.0212000000000009E-10,-1.5000000000000002E-13,3.2522E-07,-3.3275999999999997E-07
0.17500000000000002,0.75,8.4401E-09,-8.792E-10,6.0000000000000009E-14,3.2518E-07,-3.326E-07
0.18000000000000002,0.75,8.2952E-09,-8.5810000000000007E-10,-1.4E-13,3.2518E-07,-3.3258E-07
0.185,0.75,8.2271E-09,-8.3479000000000007E-10,-9.000000000000001E-13,3.2518E-07,-3.3252E-07
0.19,0.75,8.2851E-09,-8.1251E-10,-9.5E-13,3.2516E-07,-3.3266E-07
0.195,0.75,8.2903E-09,-7.916800000000001E-10,-1.03E-12,3.252E-07,-3.3264E-07
0.2,0.75,8.143E-09,-7.7247E-10,-1.04E-12,3.2518E-07,-3.3252E-07
0.20500000000000002,0.75,8.0765E-09,-7.5128E-10,-1.2500000000000001E-12,3.2516E-07,-3.3268E-07
0.21000000000000002,0.75,8.1072E-09,-7.3028000000000009E-10,-3.8000000000000005E-13,3.2516E-07,-3.3274E-07
0.215,0.75,8.2074E-09,-7.112500000000001E-10,-2.5E-13,3.2514E-07,-3.3274E-07
0.22,0.75,8.1811E-09,-6.921E-10,-1.09E-12,3.2512E-07,-3.3254E-07
0.225,0.75,8.016E-09,-6.7209E-10,-1.04E-12,3.2522E-07,-3.3278E-07
0.23,0.75,8.0806E-09,-6.531900000000001E-10,-2.5E-13,3.2516E-07,-3.3258E-07
0.23500000000000001,0.75,8.0338E-09,-6.3016E-10,-1E-12,3.251E-07,-3.3252E-07
0.24000000000000002,0.75,8.1165E-09,-6.1807E-10,-1.6800000000000001E-12,3.252E-07,-3.3266E-07
0.24500000000000002,0.75,8.0815E-09,-5.9957E-10,-1.04E-12,3.2512E-07,-3.3266E-07
0.25,0.75,8.034E-09,-5.8358000000000007E-10,-3.0000000000000005E-14,3.251E-07,-3.3247999999999997E-07
0.255,0.75,7.9E-09,-5.6813000000000008E-10,-5.5000000000000008E-13,3.2516E-07,-3.3264E-07
0.26,0.75,7.8975E-09,-5.4959000000000006E-10,-1.2000000000000002E-13,3.2522E-07,-3.3268E-07
0.265,0.75,7.8648E-09,-5.3461000000000008E-10,3.3E-13,3.2514E-07,-3.3264E-07
0.27,0.75,7.9745E-09,-5.199E-10,7.9000000000000007E-13,3.2526E-07,-3.325E-07
0.275,0.75,7.8471E-09,-5.031E-10,-5.6E-13,3.2528E-07,-3.3275999999999997E-07
0.28,0.75,7.8365E-09,-4.8146E-10,-3.4E-13,3.253E-07,-3.3274E-07
0.28500000000000003,0.75,7.8126E-09,-4.7425E-10,-1.7E-13,3.2524E-07,-3.3274E-07
0.29000000000000004,0.75,7.7907E-09,-4.6036000000000005E-10,-3.2000000000000005E-13,3.252E-07,-3.3246E-07
0.29500000000000004,0.75,7.8294E-09,-4.4572000000000004E-10,-9.4E-13,3.2518E-07,-3.3246E-07
0.3,0.75,7.772E-09,-4.317E-10,2.8E-13,3.2516E-07,-3.3261999999999997E-07
0.305,0.75,7.7668E-09,-4.1952E-10,-2.6E-13,3.2522E-07,-3.3247999999999997E-07
0.31,0.75,7.847E-09,-4.0652E-10,-1.6200000000000002E-12,3.252E-07,-3.326E-07
0.315,0.75,7.7973E-09,-3.9261000000000005E-10,-7.9000000000000007E-13,3.2516E-07,-3.3252E-07
0.32,0.75,7.7006E-09,-3.8079000000000004E-10,2.0000000000000003E-14,3.2518E-07,-3.3247999999999997E-07
0.325,0.75,7.8687E-09,-3.6981000000000004E-10,-1.04E-12,3.2518E-07,-3.325E-07
0.33,0.75,7.7843E-09,-3.5633000000000005E-10,-1.32E-12,3.2518E-07,-3.3258E-07
0.335,0.75,7.8048E-09,-3.4518000000000004E-10,-9.9E-13,3.2514E-07,-3.3264E-07
0.34,0.75,7.7738E-09,-3.3529000000000004E-10,-1.3300000000000002E-12,3.252E-07,-3.327E-07
0.34500000000000003,0.75,7.704E-09,-3.2397E-10,-1.59E-12,3.252E-07,-3.328E-07
0.35000000000000003,0.75,7.7583E-09,-3.1201000000000004E-10,-5.5000000000000008E-13,3.252E-07,-3.3261999999999997E-07
0.35500000000000004,0.75,7.7561E-09,-3.0236000000000003E-10,-7E-14,3.2518E-07,-3.3256E-07
0.36000000000000004,0.75,7.6418E-09,-2.9428000000000004E-10,-9.000000000000001E-13,3.2516E-07,-3.3258E-07
0.365,0.75,7.7976E-09,-2.8243000000000003E-10,-8.4000000000000006E-13,3.2522E-07,-3.3278E-07
0.37,0.75,7.7328E-09,-2.7268000000000003E-10,-3.1000000000000004E-13,3.2524E-07,-3.328E-07
0.375,0.75,7.62E-09,-2.6562E-10,-3.0000000000000005E-14,3.2512E-07,-3.3268E-07
0.38,0.75,7.6944E-09,-2.5606000000000004E-10,-1.6800000000000001E-12,3.2518E-07,-3.3264E-07
0.385,0.75,7.7297E-09,-2.4447000000000004E-10,-5.1E-13,3.2522E-07,-3.3264E-07
0.39,0.75,7.7579E-09,-2.3784000000000003E-10,2.2000000000000002E-13,3.2512E-07,-3.3274E-07
0.395,0.75,7.7449E-09,-2.306E-10,-8.2E-13,3.2514E-07,-3.3268E-07
0.4,0.75,7.6116E-09,-2.2149000000000003E-10,-9.000000000000001E-13,3.2516E-07,-3.326E-07
0.405,0.75,7.7116E-09,-2.1262E-10,1E-12,3.2522E-07,-3.325E-07
0.41000000000000003,0.75,7.7236E-09,-2.0613000000000002E-10,-1.3E-13,3.2518E-07,-3.3268E-07
0.41500000000000004,0.75,7.7002E-09,-1.9972E-10,-7.100000000000001E-13,3.2516E-07,-3.327E-07
0.42000000000000004,0.75,7.6829E-09,-1.9052E-10,-7.3E-13,3.2516E-07,-3.3258E-07
0.42500000000000004,0.75,7.6037E-09,-1.8444E-10,-4.1E-13,3.2524E-07,-3.3268E-07
0.43,0.75,7.6098E-09,-1.7819E-10,-9.4E-13,3.2524E-07,-3.3264E-07
0.435,0.75,7.6561E-09,-1.7011000000000002E-10,-1.2400000000000002E-12,3.2524E-07,-3.326E-07
0.44,0.75,7.669E-09,-1.6296000000000003E-10,-1E-13,3.2524E-07,-3.3282E-07
0.445,0.75,7.572E-09,-1.5836E-10,-4.1E-13,3.2512E-07,-3.326E-07
0.45,0.75,7.7001E-09,-1.5305E-10,-1.3000000000000001E-12,3.2518E-07,-3.3261999999999997E-07
0.455,0.75,7.7542E-09,-1.4461E-10,-8.1000000000000008E-13,3.2518E-07,-3.326E-07
0.46,0.75,7.6692E-09,-1.4062E-10,-1.5000000000000002E-13,3.2522E-07,-3.328E-07
0.465,0.75,7.6547E-09,-1.3533E-10,-8.2E-13,3.2524E-07,-3.3261999999999997E-07
0.47000000000000003,0.75,7.5633E-09,-1.2908E-10,-1.64E-12,3.2518E-07,-3.3272E-07
0.47500000000000003,0.75,7.5681E-09,-1.2276E-10,-9.5E-13,3.2524E-07,-3.3268E-07
0.48000000000000004,0.75,7.5615E-09,-1.1952000000000002E-10,-1.2400000000000002E-12,3.2524E-07,-3.326E-07
0.48500000000000004,0.75,7.5867E-09,-1.1490000000000001E-10,-1.1100000000000001E-12,3.2516E-07,-3.3278E-07
0.49000000000000005,0.75,7.6122E-09,-1.0845000000000001E-10,-1.2500000000000001E-12,3.2516E-07,-3.3261999999999997E-07
0.49500000000000005,0.75,7.5788E-09,-1.0420000000000001E-10,-4.0000000000000006E-14,3.2518E-07,-3.3275999999999997E-07
0.5,0.75,7.6424E-09,-1.0107E-10,4.1E-13,3.2518E-07,-3.3272E-07
0.505,0.75,7.7021E-09,-9.647E-11,-1.0500000000000002E-12,3.252E-07,-3.326E-07
0.51,0.75,7.6045E-09,-9.093E-11,8.4000000000000006E-13,3.2514E-07,-3.3268E-07
0.515,0.75,7.6426E-09,-8.768E-11,-2.2000000000000002E-13,3.2516E-07,-3.3261999999999997E-07
0.52,0.75,7.586E-09,-8.4660000000000008E-11,-3.2000000000000005E-13,3.251E-07,-3.326E-07
0.525,0.75,7.7083E-09,-7.8E-11,-6.8E-13,3.2522E-07,-3.328E-07
0.53,0.75,7.647E-09,-7.471E-11,5.6E-13,3.2512E-07,-3.327E-07
0.535,0.75,7.7297E-09,-7.16E-11,5.1E-13,3.2516E-07,-3.328E-07
0.54,0.75,7.8047E-09,-6.907E-11,-6.5000000000000006E-13,3.2518E-07,-3.3294E-07
0.545,0.75,7.8348E-09,-6.268000000000001E-11,-1.3E-13,3.2516E-07,-3.33E-07
0.55,0.75,7.8174E-09,-6.2160000000000008E-11,7.8000000000000011E-13,3.2518E-07,-3.33E-07
0.555,0.75,7.9068E-09,-5.854E-11,-7.100000000000001E-13,3.2522E-07,-3.3284E-07
0.56,0.75,7.7514E-09,-5.3440000000000005E-11,-1.69E-12,3.2506E-07,-3.3284E-07
0.56500000000000006,0.75,7.8259E-09,-5.0830000000000007E-11,-1.17E-12,3.251E-07,-3.3289999999999997E-07
0.57000000000000006,0.75,7.7796E-09,-4.7830000000000004E-11,-1.3000000000000001E-12,3.251E-07,-3.3288E-07
0.57500000000000007,0.75,7.8593E-09,-4.494E-11,-2.06E-12,3.2504E-07,-3.3282E-07
0.58000000000000007,0.75,7.8311E-09,-3.966E-11,-1.32E-12,3.2518E-07,-3.3286E-07
0.58500000000000008,0.75,7.7421E-09,-3.907E-11,-1.14E-12,3.2518E-07,-3.3284E-07
0.59000000000000008,0.75,7.8352E-09,-3.6610000000000003E-11,-5.6E-13,3.2516E-07,-3.33E-07
0.595,0.75,7.7895E-09,-3.3190000000000004E-11,-9.2000000000000012E-13,3.2516E-07,-3.3292E-07
0.6,0.75,7.7372E-09,-3.026E-11,4.3000000000000004E-13,3.2522E-07,-3.3303999999999997E-07
0.605,0.75,7.8233E-09,-2.775E-11,-4.4000000000000004E-13,3.2512E-07,-3.3288E-07
0.61,0.75,7.7908E-09,-2.7410000000000002E-11,-1.3900000000000001E-12,3.2518E-07,-3.3294E-07
0.615,0.75,7.7858E-09,-2.1190000000000003E-11,-1.13E-12,3.2512E-07,-3.3298E-07
0.62,0.75,7.7109E-09,-2.1990000000000003E-11,-7.5E-13,3.2516E-07,-3.3296E-07
0.625,0.75,7.7084E-09,-1.9400000000000002E-11,-2.8E-13,3.2512E-07,-3.3286E-07
0.63,0.75,7.7252E-09,-1.683E-11,-4.9E-13,3.2514E-07,-3.3286E-07
0.635,0.75,7.7775E-09,-1.3760000000000001E-11,6.8E-13,3.2518E-07,-3.3284E-07
0.64,0.75,7.8035E-09,-1.4630000000000002E-11,4.8000000000000008E-13,3.2516E-07,-3.3288E-07
0.645,0.75,7.7196E-09,-1.3250000000000001E-11,-2.5E-13,3.2518E-07,-3.328E-07
0.65,0.75,7.7034E-09,-8.83E-12,8.2E-13,3.2514E-07,-3.3284E-07
0.655,0.75,7.7213E-09,-8.3000000000000014E-12,3.7000000000000004E-13,3.252E-07,-3.3296E-07
0.66,0.75,7.8092E-09,-7.44E-12,-7.8000000000000011E-13,3.2514E-07,-3.3284E-07
0.665,0.75,7.7546E-09,-4.26E-12,-7.8000000000000011E-13,3.2518E-07,-3.3296E-07
0.67,0.75,7.7995E-09,-3.2200000000000004E-12,-7.9000000000000007E-13,3.2518E-07,-3.3292E-07
0.675,0.75,7.7754E-09,-1.7000000000000002E-12,-5.6E-13,3.252E-07,-3.3289999999999997E-07
0.68,0.75,7.7002E-09,-2.6100000000000004E-12,-1.0600000000000001E-12,3.2518E-07,-3.3286E-07
0.685,0.75,7.7376E-09,9.6000000000000015E-13,-1E-12,3.251E-07,-3.3286E-07
0.69000000000000006,0.75,7.6849E-09,4.5000000000000005E-13,-2.9000000000000003E-13,3.2514E-07,-3.3284E-07
0.69500000000000006,0.75,7.7641E-09,1.79E-12,-4.2000000000000003E-13,3.252E-07,-3.3282E-07
0.70000000000000007,0.75,7.7162E-09,2.04E-12,-5.5000000000000008E-13,3.2516E-07,-3.3303999999999997E-07
0.70500000000000007,0.75,7.6851E-09,5.58E-12,-8.8000000000000009E-13,3.2522E-07,-3.3306E-07
0.71000000000000008,0.75,7.6813E-09,4.92E-12,-2.3000000000000003E-13,3.2524E-07,-3.3296E-07
0.71500000000000008,0.75,7.6733E-09,6.0600000000000004E-12,-1.4200000000000002E-12,3.252E-07,-3.3298E-07
0.72000000000000008,0.75,7.6875E-09,8.62E-12,-1.5300000000000001E-12,3.2524E-07,-3.3294E-07
0.72500000000000009,0.75,7.6986E-09,8.43E-12,-3.7000000000000004E-13,3.2524E-07,-3.3298E-07
0.73,0.75,7.6686E-09,8.35E-12,-2.3000000000000003E-13,3.2524E-07,-3.33E-07
0.735,0.75,7.6101E-09,8.380000000000001E-12,-3.1000000000000004E-13,3.2518E-07,-3.3284E-07
0.74,0.75,7.6729E-09,1.169E-11,2.4000000000000004E-13,3.2526E-07,-3.3288E-07
0.745,0.75,7.705E-09,1.1410000000000001E-11,4.5000000000000005E-13,3.2524E-07,-3.3294E-07
0.75,0.75,7.6113E-09,9.8100000000000012E-12,1.5000000000000002E-13,3.252E-07,-3.328E-07
0.755,0.75,7.6625E-09,1.3050000000000001E-11,-8E-13,3.2516E-07,-3.328E-07
0.76,0.75,7.6303E-09,1.3590000000000002E-11,2.7E-13,3.2514E-07,-3.3289999999999997E-07
0.765,0.75,7.6094E-09,1.4150000000000001E-11,-1.5E-12,3.2514E-07,-3.328E-07
0.77,0.75,7.6173E-09,1.4280000000000001E-11,-8.6000000000000007E-13,3.2514E-07,-3.3286E-07
0.775,0.75,7.7088E-09,1.6070000000000002E-11,-3.7000000000000004E-13,3.2514E-07,-3.328E-07
0.78,0.75,7.4583E-09,1.65E-11,-1E-13,3.251E-07,-3.3274E-07
0.785,0.75,7.4521E-09,1.5760000000000002E-11,-4.6000000000000006E-13,3.2516E-07,-3.3264E-07
0.79,0.75,7.4191E-09,1.8840000000000003E-11,-6.400000000000001E-13,3.2518E-07,-3.326E-07
0.795,0.75,7.3856E-09,1.932E-11,1.5000000000000002E-13,3.2512E-07,-3.3256E-07
0.8,0.75,7.3854E-09,1.923E-11,-2.1000000000000001E-13,3.2506E-07,-3.3261999999999997E-07
0.805,0.75,7.4643E-09,1.943E-11,-1.07E-12,3.2514E-07,-3.3268E-07
0.81,0.75,7.4155E-09,2.223E-11,-1.1600000000000001E-12,3.2516E-07,-3.3246E-07
0.81500000000000006,0.75,7.3821E-09,2.3170000000000002E-11,-7.4000000000000008E-13,3.2516E-07,-3.3264E-07
0.82000000000000006,0.75,7.4228E-09,2.316E-11,-1.7100000000000002E-12,3.2522E-07,-3.326E-07
0.82500000000000007,0.75,7.3736E-09,2.731E-11,-1.55E-12,3.2516E-07,-3.3258E-07
0.83000000000000007,0.75,7.3568E-09,2.7490000000000003E-11,-6.0000000000000007E-13,3.2514E-07,-3.326E-07
0.83500000000000008,0.75,7.4002E-09,2.8010000000000002E-11,2.1000000000000001E-13,3.2514E-07,-3.3258E-07
0.84000000000000008,0.75,7.426E-09,2.7720000000000002E-11,-3.7000000000000004E-13,3.2524E-07,-3.3256E-07
0.84500000000000008,0.75,7.4414E-09,3.2580000000000005E-11,-1.2400000000000002E-12,3.2526E-07,-3.327E-07
0.85000000000000009,0.75,7.3951E-09,3.284E-11,5.8000000000000005E-13,3.2512E-07,-3.3252E-07
0.85500000000000009,0.75,7.3946E-09,3.321E-11,-4.3000000000000004E-13,3.2516E-07,-3.3256E-07
0.86,0.75,7.395E-09,3.617E-11,-2.5E-13,3.2522E-07,-3.3254E-07
0.865,0.75,7.4241E-09,3.8880000000000006E-11,-2.2000000000000002E-13,3.2522E-07,-3.3252E-07
0.87,0.75,7.3775E-09,4.0660000000000005E-11,2.1000000000000001E-13,3.252E-07,-3.3256E-07
0.875,0.75,7.3133E-09,4.362E-11,-5E-14,3.2522E-07,-3.3258E-07
0.88,0.75,7.3491E-09,4.734E-11,-4.5000000000000005E-13,3.2512E-07,-3.3258E-07
0.885,0.75,7.3796E-09,5.0740000000000004E-11,3.3E-13,3.251E-07,-3.3254E-07
0.89,0.75,7.3621E-09,5.2060000000000006E-11,-7E-14,3.2512E-07,-3.3254E-07
0.895,0.75,7.3167E-09,5.601E-11,-2.9000000000000003E-13,3.2518E-07,-3.325E-07
0.9,0.75,7.2828E-09,6.1000000000000009E-11,-4.3000000000000004E-13,3.2516E-07,-3.3258E-07
-0.3,0.9,2.6852399999999996E-08,-1.2222999999999998E-08,-7.6000000000000009E-13,3.2516E-07,-3.398E-07
-0.29500000000000004,0.9,2.6590599999999998E-08,-1.1743999999999999E-08,-1.0500000000000002E-12,3.2516E-07,-3.3976E-07
-0.29000000000000004,0.9,2.6090399999999996E-08,-1.1287399999999999E-08,-5.6E-13,3.2516E-07,-3.4008E-07
-0.28500000000000003,0.9,2.5591599999999997E-08,-1.0883399999999999E-08,-1.65E-12,3.2518E-07,-3.3996E-07
-0.28,0.9,2.5570799999999997E-08,-1.0498599999999999E-08,-3.2000000000000005E-13,3.2518E-07,-3.3996E-07
-0.275,0.9,2.4609E-08,-1.0146399999999999E-08,-1.1900000000000002E-12,3.2514E-07,-3.401E-07
-0.27,0.9,2.4752199999999996E-08,-9.817999999999999E-09,2.2000000000000002E-13,3.2518E-07,-3.3984E-07
-0.265,0.9,2.4035799999999997E-08,-9.5277E-09,-4.7E-13,3.2512E-07,-3.3984E-07
-0.26,0.9,2.3859999999999997E-08,-9.243E-09,-5.6E-13,3.2514E-07,-3.3996E-07
-0.255,0.9,2.3624799999999997E-08,-8.9759E-09,-3.6000000000000003E-13,3.2512E-07,-3.3974E-07
-0.25,0.9,2.3552799999999998E-08,-8.7336E-09,2.4000000000000004E-13,3.2518E-07,-3.3956E-07
-0.24500000000000002,0.9,2.3207199999999998E-08,-8.5002E-09,-1.8900000000000002E-12,3.251E-07,-3.3946E-07
-0.24000000000000002,0.9,2.29922E-08,-8.2813E-09,-1.8700000000000003E-12,3.251E-07,-3.3984E-07
-0.23500000000000001,0.9,2.24708E-08,-8.0756E-09,4.7E-13,3.2506E-07,-3.3966E-07
-0.23,0.9,2.2240999999999997E-08,-7.8828E-09,1.14E-12,3.2518E-07,-3.399E-07
-0.225,0.9,2.2200599999999996E-08,-7.6963E-09,-1.7E-13,3.2512E-07,-3.3978E-07
-0.22,0.9,2.18854E-08,-7.5279E-09,-1.2500000000000001E-12,3.2518E-07,-3.394E-07
-0.215,0.9,2.1801599999999997E-08,-7.3611E-09,-5E-13,3.2516E-07,-3.393E-07
-0.21000000000000002,0.9,2.1385199999999997E-08,-7.2056E-09,-9.9E-13,3.2518E-07,-3.3926E-07
-0.20500000000000002,0.9,2.1259599999999998E-08,-7.054E-09,-1.3300000000000002E-12,3.2512E-07,-3.3976E-07
-0.2,0.9,2.1040599999999998E-08,-6.9148E-09,-7.4000000000000008E-13,3.2512E-07,-3.3962E-07
-0.195,0.9,2.0796999999999998E-08,-6.7763E-09,4.4000000000000004E-13,3.2518E-07,-3.3912E-07
-0.19,0.9,2.10132E-08,-6.6447E-09,-6.2000000000000008E-13,3.251E-07,-3.393E-07
-0.185,0.9,2.0869799999999997E-08,-6.5173E-09,-1.08E-12,3.2506E-07,-3.3916E-07
-0.18000000000000002,0.9,2.0492E-08,-6.3934E-09,-1.13E-12,3.251E-07,-3.3896E-07
-0.17500000000000002,0.9,2.03132E-08,-6.2741E-09,-3.5E-13,3.2516E-07,-3.395E-07
-0.17,0.9,2.01844E-08,-6.1617E-09,1.3E-13,3.2512E-07,-3.3944E-07
-0.165,0.9,1.9853199999999997E-08,-6.0482E-09,1.5000000000000002E-13,3.2512E-07,-3.3942E-07
-0.16,0.9,1.9937E-08,-5.9439E-09,-9.1000000000000016E-13,3.251E-07,-3.3908E-07
-0.155,0.9,1.9739399999999997E-08,-5.8353E-09,-8.6000000000000007E-13,3.2514E-07,-3.3916E-07
-0.15,0.9,1.9745E-08,-5.7326E-09,-1.0600000000000001E-12,3.251E-07,-3.3877999999999997E-07
-0.14500000000000002,0.9,1.96006E-08,-5.6327E-09,2.7E-13,3.2506E-07,-3.393E-07
-0.14,0.9,1.9392999999999997E-08,-5.5343E-09,-1.0600000000000001E-12,3.251E-07,-3.388E-07
-0.135,0.9,1.9330599999999998E-08,-5.4316E-09,-7.4000000000000008E-13,3.2518E-07,-3.391E-07
-0.13,0.9,1.91142E-08,-5.3394E-09,4.4000000000000004E-13,3.2506E-07,-3.39E-07
-0.125,0.9,1.9039999999999997E-08,-5.2481E-09,-9.7000000000000011E-13,3.2506E-07,-3.3856E-07
-0.12000000000000001,0.9,1.8827999999999998E-08,-5.1667E-09,-1.7700000000000001E-12,3.2512E-07,-3.3902E-07
-0.115,0.9,1.88156E-08,-5.0769E-09,-4.0000000000000006E-14,3.2512E-07,-3.3863999999999997E-07
-0.11,0.9,1.8617599999999997E-08,-4.9927E-09,-6.7000000000000007E-13,3.2516E-07,-3.3858E-07
-0.10500000000000001,0.9,1.85756E-08,-4.9084E-09,3.1000000000000004E-13,3.251E-07,-3.3876E-07
-0.1,0.9,1.83814E-08,-4.825E-09,-3.3E-13,3.2516E-07,-3.3884E-07
-0.095,0.9,1.81386E-08,-4.7482E-09,-5.9E-13,3.2516E-07,-3.3856E-07
-0.090000000000000011,0.9,1.8061599999999998E-08,-4.6653E-09,-1.83E-12,3.2518E-07,-3.3842E-07
-0.085,0.9,1.7988399999999997E-08,-4.5855E-09,-2.0700000000000003E-12,3.2516E-07,-3.3868E-07
-0.08,0.9,1.78296E-08,-4.5089E-09,1.0000000000000002E-14,3.2524E-07,-3.3882E-07
-0.075,0.9,1.78958E-08,-4.4308E-09,9.0000000000000008E-14,3.2514E-07,-3.3838E-07
-0.07,0.9,1.7718199999999998E-08,-4.3578E-09,2.1000000000000001E-13,3.2516E-07,-3.3844E-07
-0.065,0.9,1.7574999999999997E-08,-4.282E-09,-7.6000000000000009E-13,3.251E-07,-3.3824E-07
-0.060000000000000005,0.9,1.75972E-08,-4.1994E-09,-9.6000000000000015E-13,3.2514E-07,-3.3835999999999997E-07
-0.055,0.9,1.7484199999999997E-08,-4.1246E-09,-1.3000000000000001E-12,3.2526E-07,-3.3872E-07
-0.05,0.9,1.7425599999999998E-08,-4.0675E-09,-3.7000000000000004E-13,3.2528E-07,-3.3868E-07
-0.045000000000000005,0.9,1.71926E-08,-3.9975E-09,2E-13,3.2524E-07,-3.386E-07
-0.04,0.9,1.70752E-08,-3.9285E-09,3.2000000000000005E-13,3.2522E-07,-3.3858E-07
-0.035,0.9,1.713E-08,-3.8627E-09,2.1000000000000001E-13,3.2518E-07,-3.382E-07
-0.030000000000000002,0.9,1.6807999999999997E-08,-3.7974E-09,-9.2000000000000012E-13,3.2522E-07,-3.3848E-07
-0.025,0.9,1.68112E-08,-3.7315E-09,-1.2000000000000001E-12,3.2518E-07,-3.3848E-07
-0.02,0.9,1.67748E-08,-3.6668E-09,-1.2000000000000001E-12,3.2518E-07,-3.3838E-07
-0.015000000000000001,0.9,1.6661399999999998E-08,-3.5917E-09,-5.4E-13,3.2518E-07,-3.3842E-07
-0.01,0.9,1.6422399999999998E-08,-3.5368E-09,-8.1000000000000008E-13,3.2514E-07,-3.3792E-07
-0.005,0.9,1.6526E-08,-3.4783E-09,-1.3E-13,3.2508E-07,-3.3796E-07
0,0.9,1.65432E-08,-3.4169E-09,-3.1000000000000004E-13,3.2508E-07,-3.3793999999999997E-07
0.005,0.9,1.6195199999999998E-08,-3.356E-09,-9.6000000000000015E-13,3.2514E-07,-3.384E-07
0.01,0.9,1.6238399999999998E-08,-3.2956E-09,-7.6000000000000009E-13,3.2516E-07,-3.3786E-07
0.015000000000000001,0.9,1.6416199999999997E-08,-3.2349E-09,-9.2000000000000012E-13,3.251E-07,-3.3814E-07
0.02,0.9,1.6268199999999998E-08,-3.1785E-09,-7.2000000000000006E-13,3.2514E-07,-3.3784E-07
0.025,0.9,1.6129E-08,-3.1196E-09,-7E-13,3.251E-07,-3.3782E-07
0.030000000000000002,0.9,1.57462E-08,-3.0672E-09,-4E-13,3.2518E-07,-3.3792E-07
0.035,0.9,1.5901599999999997E-08,-3.0106E-09,-4.8000000000000008E-13,3.2514E-07,-3.3816E-07
0.04,0.9,1.59468E-08,-2.9546E-09,-1.46E-12,3.2518E-07,-3.3782E-07
0.045000000000000005,0.9,1.5804199999999998E-08,-2.8989E-09,-1.03E-12,3.2512E-07,-3.3784E-07
0.05,0.9,1.54284E-08,-2.8445E-09,2.0000000000000003E-14,3.251E-07,-3.381E-07
0.055,0.9,1.5692399999999998E-08,-2.7905E-09,-4.3000000000000004E-13,3.2516E-07,-3.3812E-07
0.060000000000000005,0.9,1.5781599999999997E-08,-2.7401E-09,-5.6E-13,3.2512E-07,-3.3832E-07
0.065,0.9,1.56922E-08,-2.6896E-09,-4.4000000000000004E-13,3.251E-07,-3.3838E-07
0.07,0.9,1.5637999999999997E-08,-2.6399E-09,-1.6000000000000003E-13,3.251E-07,-3.3812E-07
0.075,0.9,1.5526399999999998E-08,-2.5882E-09,-8.4000000000000006E-13,3.2512E-07,-3.3804E-07
0.08,0.9,1.5319399999999998E-08,-2.5378E-09,-1.8700000000000003E-12,3.2508E-07,-3.384E-07
0.085,0.9,1.5445999999999998E-08,-2.4973E-09,1.5000000000000002E-13,3.2512E-07,-3.382E-07
0.090000000000000011,0.9,1.5139799999999998E-08,-2.4391E-09,6.400000000000001E-13,3.2514E-07,-3.3818E-07
0.095,0.9,1.53278E-08,-2.3951E-09,1.7E-13,3.2516E-07,-3.382E-07
0.1,0.9,1.53158E-08,-2.3475E-09,-6.7000000000000007E-13,3.251E-07,-3.3812E-07
0.10500000000000001,0.9,1.5129199999999997E-08,-2.3025E-09,-1.55E-12,3.251E-07,-3.3796E-07
0.11,0.9,1.5114599999999998E-08,-2.2558E-09,-4.4000000000000004E-13,3.2518E-07,-3.3782E-07
0.115,0.9,1.50778E-08,-2.198E-09,-1.26E-12,3.2512E-07,-3.3821999999999997E-07
0.12000000000000001,0.9,1.5027E-08,-2.1664E-09,-8.5000000000000011E-13,3.2522E-07,-3.3784E-07
0.125,0.9,1.50804E-08,-2.111E-09,1.03E-12,3.2512E-07,-3.3772E-07
0.13,0.9,1.4836399999999998E-08,-2.0694E-09,1.7E-13,3.2504E-07,-3.381E-07
0.135,0.9,1.4633E-08,-2.0405E-09,-1.0600000000000001E-12,3.251E-07,-3.3765999999999997E-07
0.14,0.9,1.4722599999999999E-08,-1.9986E-09,-7E-13,3.251E-07,-3.3802E-07
0.14500000000000002,0.9,1.46438E-08,-1.9551E-09,-1.2800000000000002E-12,3.2506E-07,-3.3772E-07
0.15,0.9,1.4697E-08,-1.9148E-09,-1.36E-12,3.2506E-07,-3.377E-07
0.155,0.9,1.4771399999999999E-08,-1.8709E-09,-3.9000000000000005E-13,3.2516E-07,-3.3816E-07
0.16,0.9,1.4545799999999999E-08,-1.8256E-09,1.4E-13,3.2514E-07,-3.3776E-07
0.165,0.9,1.4724999999999998E-08,-1.7994E-09,-2.4000000000000004E-13,3.2512E-07,-3.3776E-07
0.17,0.9,1.4347399999999998E-08,-1.7624E-09,-1.3500000000000001E-12,3.2516E-07,-3.3764E-07
0.17500000000000002,0.9,1.4439799999999998E-08,-1.7105E-09,-9.9E-13,3.2516E-07,-3.3772E-07
0.18000000000000002,0.9,1.44278E-08,-1.685E-09,2.9000000000000003E-13,3.252E-07,-3.3776E-07
0.185,0.9,1.4372399999999998E-08,-1.6494E-09,-1.2000000000000002E-13,3.2522E-07,-3.3778E-07
0.19,0.9,1.4479799999999999E-08,-1.6133E-09,-9.000000000000001E-13,3.2522E-07,-3.38E-07
0.195,0.9,1.42736E-08,-1.5801E-09,-2.2000000000000002E-13,3.2512E-07,-3.381E-07
0.2,0.9,1.4118999999999999E-08,-1.5447E-09,-6.0000000000000007E-13,3.2512E-07,-3.3802E-07
0.20500000000000002,0.9,1.41262E-08,-1.5105E-09,-1.27E-12,3.2516E-07,-3.3765999999999997E-07
0.21000000000000002,0.9,1.4193799999999999E-08,-1.4761E-09,-1.3300000000000002E-12,3.2514E-07,-3.3788E-07
0.215,0.9,1.4140599999999999E-08,-1.4441E-09,2.1000000000000001E-13,3.252E-07,-3.3772E-07
0.22,0.9,1.4085799999999999E-08,-1.4115E-09,4.6000000000000006E-13,3.2518E-07,-3.3764E-07
0.225,0.9,1.4049199999999998E-08,-1.3807E-09,-7.5E-13,3.2522E-07,-3.376E-07
0.23,0.9,1.4084599999999998E-08,-1.3502E-09,-8.300000000000001E-13,3.2528E-07,-3.38E-07
0.23500000000000001,0.9,1.39348E-08,-1.3198E-09,-4.4000000000000004E-13,3.2524E-07,-3.3764E-07
0.24000000000000002,0.9,1.39016E-08,-1.2765E-09,-3.3E-13,3.2516E-07,-3.3756E-07
0.24500000000000002,0.9,1.3800199999999999E-08,-1.246E-09,-8.9E-13,3.2518E-07,-3.3802E-07
0.25,0.9,1.3833599999999998E-08,-1.2287E-09,-2.8E-13,3.2522E-07,-3.38E-07
0.255,0.9,1.3868999999999998E-08,-1.1996E-09,5.2E-13,3.2522E-07,-3.3764E-07
0.26,0.9,1.3857799999999998E-08,-1.1725E-09,-2.8E-13,3.2512E-07,-3.3762E-07
0.265,0.9,1.3740999999999999E-08,-1.1451E-09,-1.3500000000000001E-12,3.2518E-07,-3.3758E-07
0.27,0.9,1.3835399999999998E-08,-1.1171E-09,-8.1000000000000008E-13,3.2522E-07,-3.3756E-07
0.275,0.9,1.3679599999999999E-08,-1.0891E-09,-1.4E-13,3.2518E-07,-3.3758E-07
0.28,0.9,1.3712199999999998E-08,-1.0625E-09,-1E-12,3.252E-07,-3.3758E-07
0.28500000000000003,0.9,1.3460399999999998E-08,-1.0377E-09,-1E-12,3.251E-07,-3.3776E-07
0.29000000000000004,0.9,1.35654E-08,-1.0124E-09,3.2000000000000005E-13,3.2524E-07,-3.3751999999999997E-07
0.29500000000000004,0.9,1.3410399999999999E-08,-9.8863000000000013E-10,-8.1000000000000008E-13,3.2518E-07,-3.3765999999999997E-07
0.3,0.9,1.3481799999999999E-08,-9.6305E-10,-2.2000000000000002E-13,3.2516E-07,-3.3751999999999997E-07
0.305,0.9,1.3421799999999999E-08,-9.3764E-10,-1.8000000000000002E-13,3.2518E-07,-3.375E-07
0.31,0.9,1.3476199999999999E-08,-9.1370000000000006E-10,-8.9E-13,3.252E-07,-3.3762E-07
0.315,0.9,1.3393399999999998E-08,-8.9127000000000007E-10,1.3E-13,3.2518E-07,-3.3784E-07
0.32,0.9,1.3361399999999998E-08,-8.6945E-10,3.1000000000000004E-13,3.2516E-07,-3.3758E-07
0.325,0.9,1.3490399999999999E-08,-8.4812000000000007E-10,-3.9000000000000005E-13,3.2516E-07,-3.379E-07
0.33,0.9,1.3294599999999999E-08,-8.2416000000000008E-10,-1.6300000000000001E-12,3.2522E-07,-3.3788E-07
0.335,0.9,1.3365999999999999E-08,-8.0380000000000006E-10,-1.5E-12,3.252E-07,-3.3744E-07
0.34,0.9,1.3358599999999999E-08,-7.808200000000001E-10,-6.0000000000000009E-14,3.2518E-07,-3.3772E-07
0.34500000000000003,0.9,1.312E-08,-7.6191E-10,4.0000000000000006E-14,3.2508E-07,-3.3736E-07
0.35000000000000003,0.9,1.3173399999999998E-08,-7.4133000000000007E-10,-1.12E-12,3.2512E-07,-3.374E-07
0.35500000000000004,0.9,1.312E-08,-7.2131000000000007E-10,-3.7000000000000004E-13,3.251E-07,-3.377E-07
0.36000000000000004,0.9,1.3072599999999999E-08,-7.022E-10,-4.5000000000000005E-13,3.2516E-07,-3.3748E-07
0.365,0.9,1.30466E-08,-6.814300000000001E-10,-5.3000000000000006E-13,3.2516E-07,-3.3751999999999997E-07
0.37,0.9,1.2976199999999999E-08,-6.6293E-10,-1.2400000000000002E-12,3.2514E-07,-3.3736E-07
0.375,0.9,1.31796E-08,-6.4269000000000008E-10,-9.8E-13,3.251E-07,-3.374E-07
0.38,0.9,1.3040399999999998E-08,-6.2704E-10,1.2500000000000001E-12,3.2506E-07,-3.3742E-07
0.385,0.9,1.30396E-08,-6.0874E-10,-3.1000000000000004E-13,3.251E-07,-3.3746E-07
0.39,0.9,1.2995199999999999E-08,-5.9247E-10,-2.03E-12,3.2514E-07,-3.3764E-07
0.395,0.9,1.2959999999999998E-08,-5.731E-10,-7.2000000000000006E-13,3.2518E-07,-3.3746E-07
0.4,0.9,1.2893399999999999E-08,-5.5677E-10,-6.5000000000000006E-13,3.251E-07,-3.3734E-07
0.405,0.9,1.2977E-08,-5.4097E-10,9.2000000000000012E-13,3.2508E-07,-3.3736E-07
0.41000000000000003,0.9,1.29286E-08,-5.2468E-10,-3.5E-13,3.251E-07,-3.3764E-07
0.41500000000000004,0.9,1.2976399999999998E-08,-5.1136000000000008E-10,-5.5000000000000008E-13,3.2514E-07,-3.3751999999999997E-07
0.42000000000000004,0.9,1.2756399999999999E-08,-4.9582000000000005E-10,2.7E-13,3.2512E-07,-3.3716E-07
0.42500000000000004,0.9,1.25614E-08,-4.8089000000000008E-10,-4.9E-13,3.2508E-07,-3.3718E-07
0.43,0.9,1.27346E-08,-4.6412000000000005E-10,-1.4E-12,3.251E-07,-3.3718E-07
0.435,0.9,1.2586199999999999E-08,-4.5036000000000004E-10,-9.8E-13,3.2508E-07,-3.3746E-07
0.44,0.9,1.2673399999999999E-08,-4.3638000000000005E-10,5.1E-13,3.2512E-07,-3.3708E-07
0.445,0.9,1.2662799999999998E-08,-4.2543000000000005E-10,-8.7E-13,3.2512E-07,-3.3718E-07
0.45,0.9,1.2578399999999999E-08,-4.1093000000000005E-10,-7.9000000000000007E-13,3.2506E-07,-3.3712E-07
0.455,0.9,1.2638799999999999E-08,-3.9943000000000004E-10,-1.4200000000000002E-12,3.2512E-07,-3.3704E-07
0.46,0.9,1.2537799999999999E-08,-3.8473E-10,1.7E-13,3.2508E-07,-3.3737999999999997E-07
0.465,0.9,1.2599599999999999E-08,-3.7271000000000005E-10,-5.1E-13,3.2504E-07,-3.374E-07
0.47000000000000003,0.9,1.2462E-08,-3.6014E-10,-3.0000000000000003E-13,3.25E-07,-3.3714E-07
0.47500000000000003,0.9,1.2500999999999999E-08,-3.5013E-10,3.8000000000000005E-13,3.2506E-07,-3.37E-07
0.48000000000000004,0.9,1.25298E-08,-3.4033E-10,2.5E-13,3.2512E-07,-3.3716E-07
0.48500000000000004,0.9,1.2422999999999998E-08,-3.2709E-10,-1.55E-12,3.2506E-07,-3.3712E-07
0.49000000000000005,0.9,1.2466399999999999E-08,-3.1165E-10,-7.6000000000000009E-13,3.2508E-07,-3.377E-07
0.49500000000000005,0.9,1.23708E-08,-3.0409000000000003E-10,-6.0000000000000007E-13,3.2506E-07,-3.3714E-07
0.5,0.9,1.24628E-08,-2.9471E-10,-2.7E-13,3.2506E-07,-3.3737999999999997E-07
0.505,0.9,1.2545E-08,-2.8639000000000003E-10,-2.2000000000000002E-13,3.2502E-07,-3.3734E-07
0.51,0.9,1.24974E-08,-2.7615E-10,-3.0000000000000005E-14,3.2498E-07,-3.3723999999999997E-07
0.515,0.9,1.24628E-08,-2.6709E-10,1.7E-13,3.2506E-07,-3.3732E-07
0.52,0.9,1.23756E-08,-2.5664E-10,-1.23E-12,3.251E-07,-3.3712E-07
0.525,0.9,1.2407199999999999E-08,-2.4612E-10,-3.8000000000000005E-13,3.2504E-07,-3.3712E-07
0.53,0.9,1.2434199999999998E-08,-2.3860000000000003E-10,-3.2000000000000005E-13,3.2504E-07,-3.3728E-07
0.535,0.9,1.2274599999999999E-08,-2.3085E-10,5.6E-13,3.2506E-07,-3.3742E-07
0.54,0.9,1.2308799999999999E-08,-2.2274000000000002E-10,-7.7000000000000005E-13,3.2514E-07,-3.3722E-07
0.545,0.9,1.2509399999999998E-08,-2.1609000000000003E-10,-5.4E-13,3.2508E-07,-3.3706E-07
0.55,0.9,1.24374E-08,-2.0608000000000003E-10,-1.07E-12,3.2504E-07,-3.3718E-07
0.555,0.9,1.2373999999999999E-08,-1.9941E-10,-2.9000000000000003E-13,3.251E-07,-3.3728E-07
0.56,0.9,1.2444799999999999E-08,-1.9047000000000002E-10,-6.8E-13,3.2504E-07,-3.374E-07
0.56500000000000006,0.9,1.2352799999999999E-08,-1.8444E-10,-4.9E-13,3.2506E-07,-3.3734E-07
0.57000000000000006,0.9,1.23306E-08,-1.7879E-10,-4.0000000000000006E-14,3.2506E-07,-3.3734E-07
0.57500000000000007,0.9,1.2406999999999998E-08,-1.7175E-10,-3.1000000000000004E-13,3.2498E-07,-3.3737999999999997E-07
0.58000000000000007,0.9,1.2362799999999999E-08,-1.6506000000000002E-10,-1.5400000000000001E-12,3.2504E-07,-3.373E-07
0.58500000000000008,0.9,1.2496399999999998E-08,-1.5699000000000002E-10,-1.31E-12,3.2496E-07,-3.3737999999999997E-07
0.59000000000000008,0.9,1.2377399999999999E-08,-1.4824000000000002E-10,6.3E-13,3.2508E-07,-3.3718E-07
0.595,0.9,1.24762E-08,-1.4301E-10,1.0000000000000002E-14,3.2498E-07,-3.3712E-07
0.6,0.9,1.2526999999999999E-08,-1.3781000000000001E-10,-4E-13,3.2502E-07,-3.3744E-07
0.605,0.9,1.24378E-08,-1.3513E-10,-9.7000000000000011E-13,3.2504E-07,-3.3742E-07
0.61,0.9,1.2417199999999999E-08,-1.2941000000000002E-10,-5.2E-13,3.25E-07,-3.3718E-07
0.615,0.9,1.23812E-08,-1.2241000000000002E-10,-7.7000000000000005E-13,3.2504E-07,-3.3718E-07
0.62,0.9,1.24348E-08,-1.1683E-10,-1.31E-12,3.2494E-07,-3.374E-07
0.625,0.9,1.2309999999999999E-08,-1.1246E-10,-5.8000000000000005E-13,3.2498E-07,-3.3716E-07
0.63,0.9,1.2389199999999999E-08,-1.0889000000000001E-10,6.3E-13,3.2504E-07,-3.3736E-07
0.635,0.9,1.23268E-08,-1.0550000000000001E-10,-5.5000000000000008E-13,3.2504E-07,-3.3748E-07
0.64,0.9,1.2419399999999999E-08,-9.926E-11,-1.6700000000000002E-12,3.2504E-07,-3.3746E-07
0.645,0.9,1.2315199999999999E-08,-9.4580000000000011E-11,-1.08E-12,3.2504E-07,-3.3723999999999997E-07
0.65,0.9,1.2420799999999998E-08,-8.988E-11,-2.9000000000000003E-13,3.2504E-07,-3.3734E-07
0.655,0.9,1.2422599999999998E-08,-8.531E-11,-3.0000000000000005E-14,3.2506E-07,-3.3754E-07
0.66,0.9,1.2438799999999999E-08,-8.176000000000001E-11,-1.0500000000000002E-12,3.251E-07,-3.3751999999999997E-07
0.665,0.9,1.23428E-08,-7.8860000000000013E-11,-7.6000000000000009E-13,3.2518E-07,-3.3754E-07
0.67,0.9,1.2495599999999998E-08,-7.56E-11,-1.0000000000000002E-14,3.2512E-07,-3.3746E-07
0.675,0.9,1.2358999999999998E-08,-7.0350000000000008E-11,-6.8E-13,3.2508E-07,-3.3748E-07
0.68,0.9,1.2346999999999998E-08,-6.632000000000001E-11,-1.4700000000000002E-12,3.2516E-07,-3.3751999999999997E-07
0.685,0.9,1.2368799999999999E-08,-6.3E-11,-9.000000000000001E-13,3.251E-07,-3.3734E-07
0.69000000000000006,0.9,1.2432799999999999E-08,-6.096E-11,2E-13,3.2508E-07,-3.3728E-07
0.69500000000000006,0.9,1.2459999999999999E-08,-5.8150000000000007E-11,-4.8000000000000008E-13,3.2514E-07,-3.3758E-07
0.70000000000000007,0.9,1.2352999999999998E-08,-5.437E-11,-6.6E-13,3.25E-07,-3.3728E-07
0.70500000000000007,0.9,1.2538399999999998E-08,-5.1400000000000005E-11,-1.18E-12,3.251E-07,-3.376E-07
0.71000000000000008,0.9,1.2492399999999999E-08,-4.7610000000000004E-11,-2E-13,3.251E-07,-3.3746E-07
0.71500000000000008,0.9,1.2453599999999998E-08,-4.4310000000000006E-11,1.4E-13,3.251E-07,-3.3756E-07
0.72000000000000008,0.9,1.2444999999999998E-08,-4.21E-11,-1.2000000000000001E-12,3.2512E-07,-3.3746E-07
0.72500000000000009,0.9,1.2369399999999998E-08,-3.9930000000000005E-11,-2.6E-13,3.2512E-07,-3.376E-07
0.73,0.9,1.2389599999999999E-08,-3.8040000000000005E-11,2.9000000000000003E-13,3.251E-07,-3.3736E-07
0.735,0.9,1.2347599999999999E-08,-3.4320000000000004E-11,-4.7E-13,3.2506E-07,-3.3732E-07
0.74,0.9,1.23834E-08,-3.1370000000000004E-11,-2.14E-12,3.2508E-07,-3.3742E-07
0.745,0.9,1.2450399999999999E-08,-2.8180000000000003E-11,-7.7000000000000005E-13,3.2506E-07,-3.3765999999999997E-07
0.75,0.9,1.2409799999999999E-08,-2.6450000000000003E-11,8.0000000000000013E-14,3.251E-07,-3.3751999999999997E-07
0.755,0.9,1.2435999999999998E-08,-2.4480000000000002E-11,-2.4000000000000004E-13,3.2512E-07,-3.3748E-07
0.76,0.9,1.2321799999999999E-08,-2.2610000000000003E-11,-1.17E-12,3.251E-07,-3.3754E-07
0.765,0.9,1.2444999999999998E-08,-2.0690000000000002E-11,-7E-13,3.2512E-07,-3.374E-07
0.77,0.9,1.2481599999999999E-08,-1.728E-11,-2.7E-13,3.2506E-07,-3.374E-07
0.775,0.9,1.24866E-08,-1.4170000000000001E-11,-2.4000000000000004E-13,3.2504E-07,-3.3734E-07
0.78,0.9,1.2434599999999998E-08,-1.2650000000000001E-11,-5.1E-13,3.2506E-07,-3.3736E-07
0.785,0.9,1.24736E-08,-1.262E-11,-2.2000000000000002E-13,3.2506E-07,-3.373E-07
0.79,0.9,1.2342199999999998E-08,-1.168E-11,-6.3E-13,3.2512E-07,-3.3751999999999997E-07
0.795,0.9,1.2450999999999999E-08,-9.46E-12,-4.5000000000000005E-13,3.2504E-07,-3.373E-07
0.8,0.9,1.2432799999999999E-08,-6.6E-12,-1.37E-12,3.251E-07,-3.375E-07
0.805,0.9,1.2443999999999999E-08,-5.13E-12,-1.0100000000000001E-12,3.2506E-07,-3.3758E-07
0.81,0.9,1.2372799999999999E-08,-2.87E-12,0,3.2504E-07,-3.3723999999999997E-07
0.81500000000000006,0.9,1.2354199999999999E-08,-2.5800000000000003E-12,5.8000000000000005E-13,3.2508E-07,-3.3754E-07
0.82000000000000006,0.9,1.2398599999999999E-08,-1.31E-12,-1.03E-12,3.251E-07,-3.3736E-07
0.82500000000000007,0.9,1.2512199999999999E-08,-8.7E-13,-6.2000000000000008E-13,3.2502E-07,-3.3723999999999997E-07
0.83000000000000007,0.9,1.2380399999999999E-08,1.6600000000000002E-12,-9.5E-13,3.25E-07,-3.374E-07
0.83500000000000008,0.9,1.2419799999999999E-08,3.4500000000000004E-12,-1.2400000000000002E-12,3.2506E-07,-3.3737999999999997E-07
0.84000000000000008,0.9,1.2344199999999999E-08,4.87E-12,1E-13,3.2502E-07,-3.3754E-07
0.84500000000000008,0.9,1.2581799999999999E-08,5.8200000000000006E-12,-2.9000000000000003E-13,3.2496E-07,-3.3774E-07
0.85000000000000009,0.9,1.26344E-08,4.8000000000000005E-12,1.4E-13,3.2504E-07,-3.3774E-07
0.85500000000000009,0.9,1.2647399999999999E-08,5.7200000000000007E-12,-8.2E-13,3.2498E-07,-3.3744E-07
0.86,0.9,1.2563799999999998E-08,7.94E-12,-9.3E-13,3.251E-07,-3.3751999999999997E-07
0.865,0.9,1.2649799999999998E-08,9.190000000000001E-12,-1.1100000000000001E-12,3.2506E-07,-3.3754E-07
0.87,0.9,1.2549599999999998E-08,1.0440000000000002E-11,-2.7E-13,3.2508E-07,-3.3776E-07
0.875,0.9,1.2546999999999998E-08,1.169E-11,-1.3E-13,3.2506E-07,-3.377E-07
0.88,0.9,1.2545999999999999E-08,1.097E-11,-2.5E-13,3.25E-07,-3.3762E-07
0.885,0.9,1.2578799999999999E-08,1.181E-11,-1E-13,3.2504E-07,-3.3746E-07
0.89,0.9,1.2484199999999999E-08,1.2460000000000001E-11,-9.3E-13,3.2496E-07,-3.3742E-07
0.895,0.9,1.2569399999999998E-08,1.4110000000000002E-11,-9.6000000000000015E-13,3.2496E-07,-3.376E-07
0.9,0.9,1.2581599999999998E-08,1.728E-11,-1E-13,3.2492E-07,-3.374E-07
