vg	id_vd = 0.0V	ig_vd = 0.0V	is_vd = 0.0V	iavdd_vd = 0.0V	ignd_vd = 0.0V	id_vd = 0.010000000000000009V	ig_vd = 0.010000000000000009V	is_vd = 0.010000000000000009V	iavdd_vd = 0.010000000000000009V	ignd_vd = 0.010000000000000009V	id_vd = 0.020000000000000018V	ig_vd = 0.020000000000000018V	is_vd = 0.020000000000000018V	iavdd_vd = 0.020000000000000018V	ignd_vd = 0.020000000000000018V	id_vd = 0.030000000000000027V	ig_vd = 0.030000000000000027V	is_vd = 0.030000000000000027V	iavdd_vd = 0.030000000000000027V	ignd_vd = 0.030000000000000027V	id_vd = 0.040000000000000036V	ig_vd = 0.040000000000000036V	is_vd = 0.040000000000000036V	iavdd_vd = 0.040000000000000036V	ignd_vd = 0.040000000000000036V	id_vd = 0.050000000000000044V	ig_vd = 0.050000000000000044V	is_vd = 0.050000000000000044V	iavdd_vd = 0.050000000000000044V	ignd_vd = 0.050000000000000044V	id_vd = 0.06000000000000005V	ig_vd = 0.06000000000000005V	is_vd = 0.06000000000000005V	iavdd_vd = 0.06000000000000005V	ignd_vd = 0.06000000000000005V	id_vd = 0.07000000000000006V	ig_vd = 0.07000000000000006V	is_vd = 0.07000000000000006V	iavdd_vd = 0.07000000000000006V	ignd_vd = 0.07000000000000006V	id_vd = 0.08000000000000007V	ig_vd = 0.08000000000000007V	is_vd = 0.08000000000000007V	iavdd_vd = 0.08000000000000007V	ignd_vd = 0.08000000000000007V	id_vd = 0.08999999999999997V	ig_vd = 0.08999999999999997V	is_vd = 0.08999999999999997V	iavdd_vd = 0.08999999999999997V	ignd_vd = 0.08999999999999997V	id_vd = 0.09999999999999998V	ig_vd = 0.09999999999999998V	is_vd = 0.09999999999999998V	iavdd_vd = 0.09999999999999998V	ignd_vd = 0.09999999999999998V
1.2	-1.3088999999999999e-09	7.144300000000001e-10	-1.0287e-10	3.25e-07	-3.243e-07	-1.1848e-09	7.0174e-10	-1.0503e-10	3.2404e-07	-3.2338e-07	-1.0517e-09	6.8816e-10	-1.0654e-10	3.2386e-07	-3.234e-07	-9.185499999999999e-10	6.760500000000001e-10	-1.0475e-10	3.2374e-07	-3.2332e-07	-7.9524e-10	6.6872e-10	-1.0549e-10	3.236e-07	-3.2332e-07	-6.797300000000001e-10	6.666400000000001e-10	-1.0642e-10	3.2344e-07	-3.2326e-07	-5.452300000000001e-10	6.506200000000001e-10	-1.051e-10	3.2392e-07	-3.2396e-07	-4.2297e-10	6.432300000000001e-10	-1.0909e-10	3.232e-07	-3.2324e-07	-2.8938000000000004e-10	6.3193e-10	-1.0538e-10	3.2306e-07	-3.2326e-07	-1.5507e-10	6.249700000000001e-10	-1.0476e-10	3.2286e-07	-3.2318e-07	-4.18e-12	6.158100000000001e-10	-1.0391e-10	3.227e-07	-3.2322e-07
1.195	-1.3117e-09	6.6338e-10	-1.0152e-10	3.2504e-07	-3.2412e-07	-1.1748e-09	6.4923e-10	-1.0394e-10	3.241e-07	-3.2334e-07	-1.0501e-09	6.3931e-10	-1.0005e-10	3.2324e-07	-3.2272e-07	-9.2204e-10	6.2951e-10	-1.0078e-10	3.2376e-07	-3.2338e-07	-7.8688e-10	6.1659e-10	-1.0082e-10	3.2308e-07	-3.2338e-07	-6.7362e-10	6.098e-10	-1.0268e-10	3.2342e-07	-3.2332e-07	-5.4035e-10	5.9945e-10	-1.048e-10	3.2392e-07	-3.2392e-07	-4.1982000000000006e-10	5.9064e-10	-1.0456e-10	3.2254e-07	-3.2314e-07	-2.8207000000000004e-10	5.905500000000001e-10	-9.938e-11	3.2252e-07	-3.232e-07	-1.4602e-10	5.834700000000001e-10	-1.0295e-10	3.2214e-07	-3.2248e-07	3.53e-12	5.765400000000001e-10	-9.885e-11	3.2218e-07	-3.2314e-07
1.19	-1.3054e-09	6.155700000000001e-10	-9.691e-11	3.2504e-07	-3.2414e-07	-1.176e-09	6.016700000000001e-10	-9.84e-11	3.241e-07	-3.2332e-07	-1.0399e-09	5.950300000000001e-10	-9.753e-11	3.2342e-07	-3.2286e-07	-9.1313e-10	5.8004e-10	-9.756e-11	3.2378e-07	-3.234e-07	-7.928500000000001e-10	5.740000000000001e-10	-9.9e-11	3.2368e-07	-3.2338e-07	-6.6446e-10	5.667900000000001e-10	-9.981e-11	3.2296e-07	-3.2332e-07	-5.3636e-10	5.568100000000001e-10	-9.823e-11	3.2408e-07	-3.2408e-07	-4.1801e-10	5.4797e-10	-1.018e-10	3.232e-07	-3.2324e-07	-2.8185e-10	5.464100000000001e-10	-9.682e-11	3.2316e-07	-3.233e-07	-1.4699e-10	5.3278e-10	-9.778e-11	3.2248e-07	-3.232e-07	-1.04e-12	5.286300000000001e-10	-9.514e-11	3.2278e-07	-3.2316e-07
1.185	-1.3041e-09	5.7397e-10	-9.234e-11	3.2502e-07	-3.2424e-07	-1.1678e-09	5.601400000000001e-10	-9.698e-11	3.2408e-07	-3.2336e-07	-1.0355e-09	5.536e-10	-9.24e-11	3.2344e-07	-3.2284e-07	-9.034599999999999e-10	5.427700000000001e-10	-9.512e-11	3.2348e-07	-3.2264e-07	-7.8319e-10	5.302200000000001e-10	-9.628e-11	3.2312e-07	-3.2336e-07	-6.5763e-10	5.269e-10	-9.371e-11	3.235e-07	-3.2336e-07	-5.3424e-10	5.170000000000001e-10	-9.643e-11	3.241e-07	-3.2396e-07	-4.0248e-10	5.0639e-10	-9.707e-11	3.2314e-07	-3.232e-07	-2.8533000000000004e-10	4.998600000000001e-10	-9.21e-11	3.2318e-07	-3.2324e-07	-1.4472000000000002e-10	4.9465e-10	-9.203e-11	3.2236e-07	-3.2264e-07	3.2400000000000007e-12	4.883000000000001e-10	-9.237e-11	3.2282e-07	-3.2324e-07
1.1800000000000002	-1.2942e-09	5.3476e-10	-8.909000000000001e-11	3.2504e-07	-3.2426e-07	-1.1576e-09	5.2101e-10	-9.301e-11	3.2418e-07	-3.234e-07	-1.0349e-09	5.1451e-10	-9.117e-11	3.2406e-07	-3.2326e-07	-9.0925e-10	5.0365e-10	-9.189e-11	3.2382e-07	-3.233e-07	-7.7423e-10	4.979300000000001e-10	-9.393e-11	3.2372e-07	-3.2336e-07	-6.509200000000001e-10	4.878900000000001e-10	-9.145e-11	3.2352e-07	-3.2336e-07	-5.3494e-10	4.803100000000001e-10	-9.058e-11	3.241e-07	-3.2394e-07	-4.0639e-10	4.7295e-10	-9.195e-11	3.2326e-07	-3.232e-07	-2.7289000000000003e-10	4.6536e-10	-9.105e-11	3.2318e-07	-3.2328e-07	-1.3219e-10	4.5605e-10	-9.056e-11	3.2296e-07	-3.2312e-07	1.065e-11	4.5111000000000006e-10	-9.404e-11	3.2288e-07	-3.2324e-07
1.175	-1.2912e-09	4.9882e-10	-8.457000000000001e-11	3.2508e-07	-3.242e-07	-1.1573e-09	4.8845e-10	-8.964000000000001e-11	3.242e-07	-3.2336e-07	-1.0252e-09	4.7903e-10	-8.573000000000001e-11	3.2408e-07	-3.2344e-07	-9.0508e-10	4.719700000000001e-10	-8.714000000000001e-11	3.2384e-07	-3.2336e-07	-7.6997e-10	4.5822000000000005e-10	-8.701e-11	3.2378e-07	-3.233e-07	-6.5786e-10	4.4987e-10	-8.677e-11	3.237e-07	-3.2334e-07	-5.2274e-10	4.4552e-10	-8.982e-11	3.2412e-07	-3.2388e-07	-4.0371000000000005e-10	4.3805000000000005e-10	-8.641e-11	3.2338e-07	-3.2318e-07	-2.7080000000000004e-10	4.2977000000000006e-10	-8.680000000000001e-11	3.2314e-07	-3.2326e-07	-1.3454e-10	4.2581000000000005e-10	-8.739e-11	3.2302e-07	-3.2318e-07	1.212e-11	4.1509e-10	-8.879000000000001e-11	3.2288e-07	-3.233e-07
1.1700000000000002	-1.2914e-09	4.6448e-10	-8.181000000000001e-11	3.2516e-07	-3.2422e-07	-1.1568e-09	4.5503e-10	-8.476000000000001e-11	3.242e-07	-3.2282e-07	-1.0148e-09	4.4888000000000006e-10	-8.510000000000001e-11	3.2402e-07	-3.234e-07	-8.9398e-10	4.3677e-10	-8.587000000000001e-11	3.232e-07	-3.2272e-07	-7.7315e-10	4.3045000000000005e-10	-8.31e-11	3.238e-07	-3.2332e-07	-6.4783e-10	4.1967e-10	-8.524e-11	3.2372e-07	-3.2324e-07	-5.215200000000001e-10	4.106e-10	-8.373e-11	3.241e-07	-3.238e-07	-4.006e-10	4.0923e-10	-8.478e-11	3.2332e-07	-3.232e-07	-2.7126e-10	4.0113e-10	-8.436e-11	3.2318e-07	-3.232e-07	-1.3640000000000001e-10	3.9344e-10	-8.513e-11	3.2296e-07	-3.2318e-07	1.244e-11	3.8409e-10	-8.854000000000001e-11	3.2294e-07	-3.2322e-07
1.165	-1.2887e-09	4.3701e-10	-7.81e-11	3.2516e-07	-3.2424e-07	-1.1544e-09	4.268e-10	-8.127e-11	3.2418e-07	-3.2338e-07	-1.0237e-09	4.1561e-10	-7.93e-11	3.2354e-07	-3.2282e-07	-8.9624e-10	4.0775e-10	-7.907e-11	3.2396e-07	-3.233e-07	-7.61e-10	4.0065e-10	-7.729000000000001e-11	3.2378e-07	-3.2318e-07	-6.3948e-10	3.9066e-10	-7.846e-11	3.2358e-07	-3.233e-07	-5.1721e-10	3.8269000000000005e-10	-8.242000000000001e-11	3.2408e-07	-3.239e-07	-3.8897000000000005e-10	3.7693e-10	-7.922000000000001e-11	3.2342e-07	-3.233e-07	-2.653e-10	3.714e-10	-8.203e-11	3.2272e-07	-3.227e-07	-1.2465e-10	3.66e-10	-8.186e-11	3.2298e-07	-3.2318e-07	2.298e-11	3.5678000000000003e-10	-8.268e-11	3.23e-07	-3.2322e-07
1.16	-1.2756e-09	4.0898e-10	-7.551e-11	3.2514e-07	-3.2426e-07	-1.1358e-09	3.9958e-10	-7.729000000000001e-11	3.2372e-07	-3.2338e-07	-1.0125e-09	3.8976e-10	-7.837000000000001e-11	3.241e-07	-3.2334e-07	-8.9187e-10	3.7863e-10	-7.601e-11	3.2392e-07	-3.233e-07	-7.634400000000001e-10	3.7759e-10	-7.444e-11	3.2324e-07	-3.2326e-07	-6.405e-10	3.6677e-10	-7.832e-11	3.2374e-07	-3.2334e-07	-5.1896e-10	3.5605000000000003e-10	-7.608000000000001e-11	3.2418e-07	-3.2384e-07	-3.988e-10	3.5170000000000004e-10	-7.724000000000001e-11	3.2336e-07	-3.2326e-07	-2.5505e-10	3.4500000000000005e-10	-7.808e-11	3.2336e-07	-3.2318e-07	-1.217e-10	3.3734000000000005e-10	-7.813e-11	3.2306e-07	-3.2318e-07	2.6140000000000003e-11	3.329e-10	-8.155e-11	3.229e-07	-3.2322e-07
1.155	-1.2691e-09	3.8611e-10	-7.206e-11	3.2516e-07	-3.2418e-07	-1.1439e-09	3.7383e-10	-7.061e-11	3.2418e-07	-3.2334e-07	-1.0063e-09	3.645e-10	-7.439e-11	3.2402e-07	-3.2292e-07	-8.8252e-10	3.5817e-10	-7.193e-11	3.2394e-07	-3.2334e-07	-7.637400000000001e-10	3.4968000000000003e-10	-6.964e-11	3.2368e-07	-3.233e-07	-6.374600000000001e-10	3.4144e-10	-7.18e-11	3.2372e-07	-3.2276e-07	-5.0777e-10	3.3688000000000003e-10	-7.447e-11	3.2424e-07	-3.2406e-07	-3.8693e-10	3.2544e-10	-7.486e-11	3.234e-07	-3.2318e-07	-2.6204e-10	3.1929000000000004e-10	-7.393000000000001e-11	3.2328e-07	-3.2324e-07	-1.2562e-10	3.1458e-10	-7.209e-11	3.2312e-07	-3.2318e-07	2.185e-11	3.0581e-10	-7.329e-11	3.2296e-07	-3.2316e-07
1.15	-1.2759e-09	3.5784000000000003e-10	-6.851e-11	3.251e-07	-3.241e-07	-1.1385e-09	3.4924000000000003e-10	-7.104000000000001e-11	3.2424e-07	-3.2344e-07	-1.0027e-09	3.4029e-10	-7.368000000000001e-11	3.241e-07	-3.2342e-07	-8.7331e-10	3.3396e-10	-6.984e-11	3.2392e-07	-3.2332e-07	-7.5557e-10	3.2868000000000005e-10	-7.014e-11	3.239e-07	-3.2338e-07	-6.293800000000001e-10	3.1939e-10	-7.195000000000001e-11	3.2314e-07	-3.2276e-07	-5.112000000000001e-10	3.1372000000000003e-10	-7.029000000000001e-11	3.2418e-07	-3.2396e-07	-3.8238e-10	3.0764000000000004e-10	-7.222000000000001e-11	3.2354e-07	-3.2324e-07	-2.5981e-10	2.9790000000000003e-10	-6.989e-11	3.2328e-07	-3.2326e-07	-1.1827000000000002e-10	2.9453e-10	-7.012e-11	3.227e-07	-3.2324e-07	3.029e-11	2.8880000000000003e-10	-7.488e-11	3.2298e-07	-3.2324e-07
1.145	-1.2646e-09	3.3845e-10	-6.656e-11	3.2522e-07	-3.2422e-07	-1.1288e-09	3.2699e-10	-6.773000000000001e-11	3.237e-07	-3.2276e-07	-1.0038e-09	3.1592000000000003e-10	-6.657000000000001e-11	3.2406e-07	-3.2338e-07	-8.812200000000001e-10	3.1164e-10	-6.703e-11	3.2396e-07	-3.233e-07	-7.4668e-10	3.0102e-10	-6.824e-11	3.239e-07	-3.2336e-07	-6.2705e-10	2.9498e-10	-6.718000000000001e-11	3.2384e-07	-3.2332e-07	-5.0804e-10	2.9297e-10	-6.712000000000001e-11	3.242e-07	-3.2386e-07	-3.8087000000000005e-10	2.8361e-10	-6.935000000000001e-11	3.2274e-07	-3.2292e-07	-2.4942e-10	2.8109e-10	-7.049000000000001e-11	3.2318e-07	-3.2326e-07	-1.1143e-10	2.7712e-10	-6.826e-11	3.2312e-07	-3.2322e-07	3.4940000000000004e-11	2.6555000000000003e-10	-6.637e-11	3.2304e-07	-3.2318e-07
1.14	-1.2635e-09	3.1359e-10	-6.455e-11	3.2528e-07	-3.2412e-07	-1.1251e-09	3.0813e-10	-6.623e-11	3.2422e-07	-3.2338e-07	-9.973e-10	2.9892000000000004e-10	-6.756000000000001e-11	3.2416e-07	-3.2338e-07	-8.7033e-10	2.8795e-10	-6.717e-11	3.2396e-07	-3.2332e-07	-7.531e-10	2.8156e-10	-6.729000000000001e-11	3.2388e-07	-3.2336e-07	-6.2763e-10	2.7679000000000003e-10	-6.431000000000001e-11	3.2376e-07	-3.233e-07	-5.0066e-10	2.6993e-10	-6.551e-11	3.2418e-07	-3.238e-07	-3.8357000000000005e-10	2.6293000000000004e-10	-6.663000000000001e-11	3.2348e-07	-3.2328e-07	-2.4694000000000003e-10	2.5916e-10	-6.466e-11	3.2332e-07	-3.2336e-07	-1.1137e-10	2.5307000000000004e-10	-6.344e-11	3.232e-07	-3.2322e-07	3.2030000000000005e-11	2.52e-10	-6.6e-11	3.2302e-07	-3.2314e-07
1.135	-1.2574e-09	2.9834000000000003e-10	-6.098e-11	3.2516e-07	-3.2404e-07	-1.1245e-09	2.8474000000000004e-10	-6.107e-11	3.2428e-07	-3.233e-07	-9.926e-10	2.7820000000000003e-10	-6.199000000000001e-11	3.241e-07	-3.234e-07	-8.650600000000001e-10	2.7319e-10	-6.418e-11	3.2402e-07	-3.233e-07	-7.5e-10	2.6229000000000003e-10	-6.383e-11	3.2386e-07	-3.233e-07	-6.223e-10	2.5901e-10	-6.04e-11	3.2378e-07	-3.234e-07	-4.9765e-10	2.5043000000000003e-10	-6.46e-11	3.2414e-07	-3.2372e-07	-3.7405e-10	2.4436e-10	-6.521e-11	3.2294e-07	-3.2326e-07	-2.4744000000000003e-10	2.4151000000000003e-10	-6.522000000000001e-11	3.2332e-07	-3.232e-07	-1.1819e-10	2.3697e-10	-6.156e-11	3.2314e-07	-3.2258e-07	3.734e-11	2.3076e-10	-6.061000000000001e-11	3.225e-07	-3.2272e-07
1.13	-1.2605e-09	2.7763e-10	-5.784e-11	3.2544e-07	-3.2442e-07	-1.1238e-09	2.7277000000000003e-10	-6.193e-11	3.2428e-07	-3.2336e-07	-9.8969e-10	2.6289e-10	-5.955e-11	3.2414e-07	-3.2342e-07	-8.648e-10	2.5442000000000004e-10	-6.044e-11	3.2394e-07	-3.2328e-07	-7.393800000000001e-10	2.5096000000000003e-10	-5.958e-11	3.2396e-07	-3.2334e-07	-6.151000000000001e-10	2.4551e-10	-6.083e-11	3.2376e-07	-3.2326e-07	-5.004400000000001e-10	2.3291000000000003e-10	-5.947e-11	3.242e-07	-3.2386e-07	-3.6797e-10	2.289e-10	-6.049e-11	3.235e-07	-3.2284e-07	-2.437e-10	2.2128e-10	-6.018e-11	3.233e-07	-3.2326e-07	-1.0242e-10	2.2099000000000003e-10	-6.098e-11	3.2314e-07	-3.227e-07	3.9930000000000005e-11	2.2132e-10	-6.081000000000001e-11	3.2302e-07	-3.2322e-07
1.125	-1.248e-09	2.6533e-10	-5.648e-11	3.2544e-07	-3.2438e-07	-1.1094e-09	2.5509e-10	-5.6940000000000006e-11	3.2426e-07	-3.2332e-07	-9.8018e-10	2.4595e-10	-5.715e-11	3.2418e-07	-3.2344e-07	-8.631200000000001e-10	2.4162000000000004e-10	-5.913000000000001e-11	3.2394e-07	-3.2324e-07	-7.4365e-10	2.3462e-10	-5.67e-11	3.2338e-07	-3.2276e-07	-6.2059e-10	2.2703e-10	-5.6610000000000005e-11	3.238e-07	-3.2326e-07	-4.8995e-10	2.2348e-10	-5.849000000000001e-11	3.2444e-07	-3.238e-07	-3.725e-10	2.1526e-10	-5.784e-11	3.2352e-07	-3.232e-07	-2.3710000000000004e-10	2.1078e-10	-6.123e-11	3.2336e-07	-3.2326e-07	-1.0479e-10	2.0886e-10	-5.6940000000000006e-11	3.2316e-07	-3.2318e-07	4.243e-11	2.0102e-10	-5.445e-11	3.2302e-07	-3.2324e-07
1.12	-1.2372e-09	2.4747e-10	-5.219e-11	3.252e-07	-3.2412e-07	-1.1135e-09	2.4329e-10	-5.71e-11	3.243e-07	-3.2344e-07	-9.8311e-10	2.3029e-10	-5.5270000000000007e-11	3.2418e-07	-3.2338e-07	-8.4954e-10	2.2576000000000003e-10	-5.36e-11	3.2408e-07	-3.2342e-07	-7.365600000000001e-10	2.2180000000000003e-10	-5.3080000000000006e-11	3.2398e-07	-3.2332e-07	-6.139800000000001e-10	2.1173000000000003e-10	-5.653e-11	3.2378e-07	-3.2284e-07	-4.8937e-10	2.0927e-10	-5.3810000000000006e-11	3.2424e-07	-3.2394e-07	-3.6607e-10	2.0438e-10	-5.3590000000000006e-11	3.2348e-07	-3.232e-07	-2.3960000000000003e-10	1.9531e-10	-5.245e-11	3.2336e-07	-3.2324e-07	-1.068e-10	1.9047e-10	-5.4130000000000005e-11	3.2312e-07	-3.23e-07	3.905e-11	1.9053e-10	-5.640000000000001e-11	3.2312e-07	-3.2318e-07
1.115	-1.2416e-09	2.357e-10	-5.0530000000000005e-11	3.2526e-07	-3.2412e-07	-1.1082e-09	2.2207e-10	-5.018e-11	3.2434e-07	-3.2338e-07	-9.8052e-10	2.2015e-10	-4.985e-11	3.2426e-07	-3.2348e-07	-8.523200000000001e-10	2.1335e-10	-5.2030000000000007e-11	3.2404e-07	-3.233e-07	-7.2689e-10	2.0580000000000003e-10	-5.088e-11	3.2354e-07	-3.2336e-07	-6.0792e-10	1.9602e-10	-5.3040000000000005e-11	3.2326e-07	-3.2332e-07	-4.8715e-10	1.9734e-10	-5.273e-11	3.2424e-07	-3.2394e-07	-3.5844e-10	1.9335e-10	-5.2280000000000006e-11	3.2348e-07	-3.2318e-07	-2.3985e-10	1.8796e-10	-5.4900000000000006e-11	3.2342e-07	-3.2326e-07	-1.0029e-10	1.8044000000000003e-10	-5.387e-11	3.2254e-07	-3.2258e-07	4.625e-11	1.7216e-10	-5.255e-11	3.2306e-07	-3.2326e-07
1.11	-1.2366e-09	2.1996e-10	-4.727e-11	3.2526e-07	-3.2424e-07	-1.1051e-09	2.1591e-10	-5.0310000000000005e-11	3.2438e-07	-3.2338e-07	-9.7145e-10	2.1052e-10	-5.0680000000000006e-11	3.2426e-07	-3.2336e-07	-8.5146e-10	1.9815e-10	-4.673e-11	3.24e-07	-3.2334e-07	-7.2264e-10	1.9231e-10	-4.815e-11	3.2398e-07	-3.2332e-07	-6.0639e-10	1.8691e-10	-5.1920000000000007e-11	3.2386e-07	-3.2334e-07	-4.8833e-10	1.7968000000000002e-10	-4.748000000000001e-11	3.2426e-07	-3.2382e-07	-3.6508000000000005e-10	1.7940000000000002e-10	-4.71e-11	3.2342e-07	-3.2324e-07	-2.3056000000000003e-10	1.7274000000000002e-10	-4.666e-11	3.229e-07	-3.2274e-07	-9.433e-11	1.6531000000000002e-10	-4.956e-11	3.232e-07	-3.2312e-07	5.332e-11	1.6627e-10	-5.131e-11	3.2312e-07	-3.2326e-07
1.105	-1.2316e-09	2.1001e-10	-4.615e-11	3.2516e-07	-3.2414e-07	-1.0949e-09	1.9857e-10	-4.276e-11	3.2438e-07	-3.2344e-07	-9.716e-10	1.9736e-10	-4.443e-11	3.242e-07	-3.2336e-07	-8.4826e-10	1.9002e-10	-4.567e-11	3.2404e-07	-3.234e-07	-7.239400000000001e-10	1.7986e-10	-4.575e-11	3.239e-07	-3.2324e-07	-6.044800000000001e-10	1.758e-10	-4.7140000000000005e-11	3.238e-07	-3.2336e-07	-4.7648e-10	1.7162000000000002e-10	-4.7030000000000005e-11	3.243e-07	-3.239e-07	-3.629e-10	1.6700000000000002e-10	-4.622e-11	3.2296e-07	-3.2266e-07	-2.2871000000000003e-10	1.6283000000000002e-10	-4.932e-11	3.229e-07	-3.2272e-07	-9.853e-11	1.5665000000000002e-10	-4.8600000000000005e-11	3.2314e-07	-3.2318e-07	4.581e-11	1.5134000000000002e-10	-4.705e-11	3.2308e-07	-3.232e-07
1.1	-1.2278e-09	1.9556e-10	-4.175e-11	3.2528e-07	-3.2414e-07	-1.1003e-09	1.9463e-10	-4.373e-11	3.2438e-07	-3.2338e-07	-9.6865e-10	1.832e-10	-4.373e-11	3.2422e-07	-3.233e-07	-8.3968e-10	1.7976e-10	-4.109e-11	3.2396e-07	-3.233e-07	-7.2308e-10	1.7172e-10	-4.351e-11	3.2342e-07	-3.233e-07	-6.002400000000001e-10	1.6853e-10	-4.439e-11	3.238e-07	-3.2334e-07	-4.7634e-10	1.5901e-10	-4.271e-11	3.2422e-07	-3.239e-07	-3.5575000000000004e-10	1.5525e-10	-4.2080000000000005e-11	3.2348e-07	-3.2324e-07	-2.3149e-10	1.4668e-10	-4.3690000000000006e-11	3.2344e-07	-3.2334e-07	-9.707e-11	1.4555e-10	-4.5540000000000005e-11	3.2314e-07	-3.231e-07	5.4170000000000005e-11	1.4529000000000002e-10	-4.757e-11	3.2302e-07	-3.2314e-07
1.095	-1.2342e-09	1.8736e-10	-4.0590000000000005e-11	3.2522e-07	-3.2416e-07	-1.0978e-09	1.7896000000000002e-10	-3.699e-11	3.2444e-07	-3.2338e-07	-9.5926e-10	1.6868e-10	-4.113e-11	3.2418e-07	-3.2326e-07	-8.4177e-10	1.6926000000000002e-10	-4.232e-11	3.2402e-07	-3.2332e-07	-7.1617e-10	1.6392e-10	-4.162e-11	3.2396e-07	-3.233e-07	-5.9258e-10	1.5725e-10	-4.1360000000000006e-11	3.2378e-07	-3.2326e-07	-4.787e-10	1.5361e-10	-4.156e-11	3.2428e-07	-3.2384e-07	-3.5057e-10	1.4670000000000002e-10	-4.163e-11	3.2354e-07	-3.228e-07	-2.2139e-10	1.4206e-10	-4.5510000000000006e-11	3.2338e-07	-3.232e-07	-8.834e-11	1.3998000000000002e-10	-4.6020000000000006e-11	3.2314e-07	-3.232e-07	5.584e-11	1.3234e-10	-4.265e-11	3.2308e-07	-3.2268e-07
1.09	-1.2253e-09	1.7612e-10	-3.663e-11	3.2528e-07	-3.2418e-07	-1.0855e-09	1.7425000000000002e-10	-4.02e-11	3.2442e-07	-3.2294e-07	-9.5848e-10	1.6249000000000003e-10	-4.1430000000000006e-11	3.2422e-07	-3.2332e-07	-8.3797e-10	1.5538e-10	-3.809e-11	3.2402e-07	-3.2326e-07	-7.186700000000001e-10	1.5651e-10	-3.743e-11	3.2398e-07	-3.2324e-07	-5.9927e-10	1.4755000000000002e-10	-3.767e-11	3.238e-07	-3.2326e-07	-4.752700000000001e-10	1.4190000000000002e-10	-3.8260000000000005e-11	3.2426e-07	-3.2384e-07	-3.5804000000000004e-10	1.3867000000000002e-10	-3.7350000000000005e-11	3.2348e-07	-3.2306e-07	-2.2311e-10	1.3216e-10	-3.929e-11	3.2342e-07	-3.2324e-07	-8.816000000000001e-11	1.2672e-10	-4.01e-11	3.2254e-07	-3.231e-07	5.656e-11	1.2704e-10	-4.0960000000000006e-11	3.2312e-07	-3.232e-07
1.085	-1.2194e-09	1.6989000000000002e-10	-3.6660000000000006e-11	3.2518e-07	-3.242e-07	-1.0884e-09	1.5728000000000002e-10	-3.426e-11	3.2436e-07	-3.2278e-07	-9.6148e-10	1.5155e-10	-3.532e-11	3.2428e-07	-3.2338e-07	-8.3555e-10	1.4791e-10	-3.777e-11	3.2328e-07	-3.2258e-07	-7.156800000000001e-10	1.4499e-10	-3.525e-11	3.2394e-07	-3.2324e-07	-5.951400000000001e-10	1.382e-10	-3.537e-11	3.2384e-07	-3.233e-07	-4.704400000000001e-10	1.3563e-10	-3.781e-11	3.2422e-07	-3.238e-07	-3.4945e-10	1.3282e-10	-3.809e-11	3.2352e-07	-3.2326e-07	-2.2178e-10	1.293e-10	-3.955e-11	3.234e-07	-3.2336e-07	-9.346e-11	1.2027000000000001e-10	-4.0550000000000005e-11	3.2322e-07	-3.232e-07	5.655e-11	1.1457e-10	-4.021e-11	3.2314e-07	-3.2324e-07
1.08	-1.2195e-09	1.5831000000000002e-10	-3.22e-11	3.2526e-07	-3.2412e-07	-1.0899e-09	1.5228000000000002e-10	-3.518e-11	3.2374e-07	-3.229e-07	-9.5688e-10	1.4863e-10	-3.648e-11	3.2426e-07	-3.2332e-07	-8.2997e-10	1.3873000000000002e-10	-3.264e-11	3.2406e-07	-3.2332e-07	-7.093400000000001e-10	1.3515000000000002e-10	-3.293e-11	3.2394e-07	-3.2336e-07	-5.847400000000001e-10	1.2968e-10	-3.358e-11	3.2382e-07	-3.2326e-07	-4.7205e-10	1.2348000000000002e-10	-3.2470000000000005e-11	3.2454e-07	-3.2408e-07	-3.4633000000000003e-10	1.2305e-10	-3.346e-11	3.2296e-07	-3.2312e-07	-2.2665e-10	1.1685000000000002e-10	-3.4360000000000005e-11	3.2348e-07	-3.2326e-07	-8.719000000000001e-11	1.1252e-10	-3.4030000000000004e-11	3.2316e-07	-3.227e-07	6.119000000000001e-11	1.1048e-10	-3.891e-11	3.2314e-07	-3.2318e-07
1.075	-1.2204e-09	1.4741e-10	-3.198e-11	3.2528e-07	-3.2418e-07	-1.0847e-09	1.4005000000000002e-10	-3.107e-11	3.2438e-07	-3.2342e-07	-9.4841e-10	1.3917000000000002e-10	-2.953e-11	3.2404e-07	-3.2284e-07	-8.3775e-10	1.3427000000000002e-10	-3.102e-11	3.2394e-07	-3.2324e-07	-7.014000000000001e-10	1.2387e-10	-3.2140000000000005e-11	3.2388e-07	-3.2328e-07	-5.9277e-10	1.2186e-10	-3.1370000000000004e-11	3.238e-07	-3.2326e-07	-4.6902e-10	1.2048e-10	-3.302e-11	3.243e-07	-3.2388e-07	-3.4680000000000003e-10	1.1094e-10	-3.5160000000000004e-11	3.2352e-07	-3.2324e-07	-2.1573e-10	1.1205e-10	-3.4000000000000005e-11	3.235e-07	-3.233e-07	-8.035000000000001e-11	1.0964e-10	-3.3630000000000004e-11	3.2264e-07	-3.226e-07	6.485e-11	1.0115e-10	-3.5410000000000004e-11	3.2314e-07	-3.233e-07
1.07	-1.2139e-09	1.3587000000000002e-10	-2.98e-11	3.2532e-07	-3.2418e-07	-1.0769e-09	1.3723e-10	-3.187e-11	3.2378e-07	-3.2282e-07	-9.5461e-10	1.3309e-10	-2.8270000000000003e-11	3.2432e-07	-3.2342e-07	-8.2834e-10	1.2573000000000001e-10	-2.672e-11	3.2408e-07	-3.233e-07	-7.0876e-10	1.1858000000000002e-10	-2.788e-11	3.2386e-07	-3.2318e-07	-5.8685e-10	1.1511e-10	-2.8360000000000003e-11	3.2362e-07	-3.2326e-07	-4.5927000000000006e-10	1.0861e-10	-2.8450000000000003e-11	3.2448e-07	-3.2404e-07	-3.4893e-10	1.0286e-10	-3.1850000000000005e-11	3.2338e-07	-3.2324e-07	-2.1725000000000003e-10	1.0162e-10	-2.9440000000000004e-11	3.234e-07	-3.23e-07	-8.716000000000001e-11	1.0059e-10	-2.905e-11	3.2318e-07	-3.2312e-07	5.791e-11	9.770000000000001e-11	-3.397e-11	3.2314e-07	-3.2312e-07
1.065	-1.2081e-09	1.308e-10	-2.735e-11	3.2526e-07	-3.2424e-07	-1.0818e-09	1.2735e-10	-2.36e-11	3.2386e-07	-3.2288e-07	-9.5388e-10	1.2136e-10	-2.466e-11	3.241e-07	-3.2336e-07	-8.2384e-10	1.2044e-10	-2.611e-11	3.2406e-07	-3.2334e-07	-7.047500000000001e-10	1.1235e-10	-2.839e-11	3.2392e-07	-3.2326e-07	-5.8283e-10	1.1175000000000001e-10	-2.762e-11	3.238e-07	-3.2334e-07	-4.6635e-10	1.0642e-10	-2.855e-11	3.2428e-07	-3.2384e-07	-3.3927e-10	9.726e-11	-3.026e-11	3.2344e-07	-3.2318e-07	-2.1616e-10	9.682e-11	-2.613e-11	3.2346e-07	-3.2326e-07	-8.246e-11	9.635e-11	-3.02e-11	3.2314e-07	-3.2318e-07	6.487e-11	8.981000000000001e-11	-3.092e-11	3.2316e-07	-3.2268e-07
1.06	-1.2126e-09	1.2506e-10	-2.273e-11	3.2522e-07	-3.241e-07	-1.0785e-09	1.2542000000000002e-10	-2.138e-11	3.238e-07	-3.2336e-07	-9.4249e-10	1.1667e-10	-2.3430000000000003e-11	3.2372e-07	-3.2286e-07	-8.2695e-10	1.0671e-10	-2.306e-11	3.2414e-07	-3.2336e-07	-7.062e-10	1.0848e-10	-2.464e-11	3.239e-07	-3.2332e-07	-5.8008e-10	1.0059e-10	-2.4030000000000003e-11	3.2378e-07	-3.2324e-07	-4.6526000000000006e-10	9.65e-11	-2.315e-11	3.2422e-07	-3.238e-07	-3.3978000000000004e-10	9.285e-11	-2.706e-11	3.235e-07	-3.231e-07	-2.1604e-10	9.507e-11	-2.3430000000000003e-11	3.2344e-07	-3.2332e-07	-8.019000000000001e-11	8.696e-11	-2.553e-11	3.232e-07	-3.2318e-07	6.873e-11	8.650000000000001e-11	-2.9190000000000005e-11	3.2312e-07	-3.2318e-07
1.0550000000000002	-1.2054e-09	1.2371e-10	-2.05e-11	3.2522e-07	-3.2418e-07	-1.0704e-09	1.1641000000000001e-10	-1.761e-11	3.2438e-07	-3.2338e-07	-9.4456e-10	1.0754e-10	-1.7980000000000002e-11	3.2424e-07	-3.233e-07	-8.3373e-10	1.0338e-10	-2.145e-11	3.2404e-07	-3.2332e-07	-7.0013e-10	1.0141e-10	-2.226e-11	3.2394e-07	-3.233e-07	-5.8567e-10	9.652e-11	-2.107e-11	3.2382e-07	-3.234e-07	-4.6272e-10	9.548e-11	-2.4010000000000003e-11	3.2428e-07	-3.2396e-07	-3.4377000000000004e-10	8.948000000000001e-11	-2.2590000000000003e-11	3.2348e-07	-3.2332e-07	-2.083e-10	9.062e-11	-2.1e-11	3.2276e-07	-3.2266e-07	-7.797e-11	8.273e-11	-2.4740000000000003e-11	3.2326e-07	-3.2314e-07	6.616000000000001e-11	7.942000000000001e-11	-2.7380000000000003e-11	3.2268e-07	-3.2306e-07
1.05	-1.2005e-09	1.1838e-10	-1.4100000000000002e-11	3.2534e-07	-3.2412e-07	-1.068e-09	1.1087e-10	-1.675e-11	3.2432e-07	-3.2338e-07	-9.4683e-10	1.0471e-10	-1.774e-11	3.2432e-07	-3.228e-07	-8.1782e-10	9.679000000000001e-11	-2.043e-11	3.2404e-07	-3.2328e-07	-7.015800000000001e-10	9.573e-11	-1.735e-11	3.239e-07	-3.2336e-07	-5.819800000000001e-10	8.951000000000001e-11	-1.571e-11	3.2322e-07	-3.227e-07	-4.58e-10	8.617000000000001e-11	-1.826e-11	3.2428e-07	-3.2394e-07	-3.3740000000000004e-10	8.744000000000001e-11	-1.7910000000000003e-11	3.2356e-07	-3.2324e-07	-2.1917e-10	8.144e-11	-2.07e-11	3.235e-07	-3.2336e-07	-8.322000000000001e-11	7.648e-11	-2.334e-11	3.2322e-07	-3.2318e-07	6.435e-11	7.360000000000001e-11	-2.473e-11	3.231e-07	-3.232e-07
1.0450000000000002	-1.1971e-09	1.0963e-10	-1.289e-11	3.252e-07	-3.2408e-07	-1.0723e-09	9.901e-11	-1.292e-11	3.2438e-07	-3.2332e-07	-9.4256e-10	9.807e-11	-1.6050000000000002e-11	3.2366e-07	-3.2344e-07	-8.2362e-10	9.467e-11	-1.6800000000000003e-11	3.2408e-07	-3.2334e-07	-6.9263e-10	8.985e-11	-1.546e-11	3.2386e-07	-3.2332e-07	-5.7797e-10	8.889e-11	-1.575e-11	3.2386e-07	-3.2326e-07	-4.6439e-10	8.564e-11	-1.651e-11	3.2428e-07	-3.2394e-07	-3.3372e-10	8.114e-11	-1.502e-11	3.2354e-07	-3.2306e-07	-2.1119e-10	7.228e-11	-1.7930000000000003e-11	3.2344e-07	-3.2318e-07	-7.787000000000001e-11	7.453e-11	-2.176e-11	3.2318e-07	-3.2312e-07	6.973e-11	6.888e-11	-2.428e-11	3.2312e-07	-3.2324e-07
1.04	-1.2033e-09	9.832e-11	-8.95e-12	3.2518e-07	-3.2414e-07	-1.071e-09	9.515e-11	-1.351e-11	3.2438e-07	-3.2332e-07	-9.3872e-10	9.371e-11	-1.204e-11	3.2426e-07	-3.2332e-07	-8.208e-10	8.548000000000001e-11	-1.294e-11	3.2378e-07	-3.233e-07	-6.9326e-10	8.454000000000001e-11	-1.223e-11	3.2392e-07	-3.2326e-07	-5.806e-10	7.962e-11	-9.93e-12	3.2386e-07	-3.2326e-07	-4.5798000000000006e-10	7.535e-11	-1.219e-11	3.2426e-07	-3.2386e-07	-3.4008000000000003e-10	7.495000000000001e-11	-1.365e-11	3.2354e-07	-3.2326e-07	-2.1044000000000003e-10	6.942e-11	-1.775e-11	3.2348e-07	-3.232e-07	-7.593e-11	6.849e-11	-1.972e-11	3.2322e-07	-3.2318e-07	6.945e-11	6.553e-11	-2.327e-11	3.2308e-07	-3.2318e-07
1.035	-1.1973e-09	9.352e-11	-7.21e-12	3.252e-07	-3.2408e-07	-1.0648e-09	8.87e-11	-1.029e-11	3.244e-07	-3.2334e-07	-9.4453e-10	8.256000000000001e-11	-1.023e-11	3.2426e-07	-3.233e-07	-8.214e-10	8.434e-11	-9.47e-12	3.241e-07	-3.234e-07	-7.038100000000001e-10	7.901e-11	-6.7200000000000004e-12	3.2392e-07	-3.2328e-07	-5.8142e-10	7.756e-11	-1.141e-11	3.2386e-07	-3.2336e-07	-4.5568e-10	7.581e-11	-1.116e-11	3.2416e-07	-3.2386e-07	-3.3839e-10	6.824e-11	-9.24e-12	3.235e-07	-3.2314e-07	-2.0728e-10	6.504e-11	-1.546e-11	3.2342e-07	-3.2316e-07	-7.545e-11	6.174000000000001e-11	-1.737e-11	3.2264e-07	-3.226e-07	6.832e-11	6.072000000000001e-11	-2.1880000000000003e-11	3.2312e-07	-3.2314e-07
1.03	-1.1929e-09	8.993e-11	-3.61e-12	3.252e-07	-3.2404e-07	-1.0702e-09	8.730000000000001e-11	-5.34e-12	3.2384e-07	-3.233e-07	-9.4448e-10	7.795e-11	-5.710000000000001e-12	3.2418e-07	-3.2332e-07	-8.1365e-10	7.442e-11	-6.81e-12	3.242e-07	-3.2336e-07	-7.0344e-10	7.56e-11	-6.91e-12	3.24e-07	-3.2272e-07	-5.7766e-10	6.775000000000001e-11	-5.84e-12	3.2384e-07	-3.233e-07	-4.6105e-10	6.547000000000001e-11	-5.720000000000001e-12	3.245e-07	-3.241e-07	-3.3613e-10	6.627000000000001e-11	-9.31e-12	3.2358e-07	-3.232e-07	-2.1629e-10	6.296000000000001e-11	-1.373e-11	3.2342e-07	-3.2326e-07	-7.601e-11	5.7080000000000005e-11	-1.539e-11	3.2326e-07	-3.2314e-07	7.174e-11	5.419e-11	-2.1060000000000003e-11	3.2312e-07	-3.232e-07
1.025	-1.2003e-09	8.767e-11	-3.4e-13	3.2522e-07	-3.2408e-07	-1.0748e-09	8.328000000000001e-11	-6.900000000000001e-13	3.2442e-07	-3.2336e-07	-9.3728e-10	7.515e-11	-3.1600000000000007e-12	3.2428e-07	-3.2336e-07	-8.2088e-10	7.252000000000001e-11	-9.700000000000001e-13	3.2414e-07	-3.2348e-07	-6.9123e-10	7.026000000000001e-11	-1.8400000000000002e-12	3.2404e-07	-3.233e-07	-5.816400000000001e-10	6.610000000000001e-11	-4.33e-12	3.2386e-07	-3.2336e-07	-4.6596e-10	6.529e-11	-4.5900000000000004e-12	3.2444e-07	-3.2386e-07	-3.3259000000000004e-10	6.032e-11	-3.790000000000001e-12	3.235e-07	-3.2266e-07	-2.0397e-10	5.739e-11	-9.23e-12	3.2294e-07	-3.228e-07	-7.064e-11	5.544e-11	-1.087e-11	3.2316e-07	-3.2304e-07	7.75e-11	5.157e-11	-2.01e-11	3.2308e-07	-3.2322e-07
1.02	-1.2027e-09	8.23e-11	4.12e-12	3.253e-07	-3.2428e-07	-1.0652e-09	7.932e-11	3.71e-12	3.2434e-07	-3.2336e-07	-9.4097e-10	7.457e-11	3.790000000000001e-12	3.2432e-07	-3.2326e-07	-8.1983e-10	6.747e-11	2.8400000000000004e-12	3.241e-07	-3.2332e-07	-7.0495e-10	6.482e-11	2.82e-12	3.2398e-07	-3.2332e-07	-5.856e-10	6.257000000000001e-11	3.780000000000001e-12	3.2392e-07	-3.2336e-07	-4.5764e-10	5.591e-11	5e-13	3.243e-07	-3.2394e-07	-3.4749e-10	6.146e-11	-2.39e-12	3.2354e-07	-3.2324e-07	-2.0817e-10	5.525e-11	-6.170000000000001e-12	3.2342e-07	-3.2258e-07	-7.335000000000001e-11	5.241e-11	-1.259e-11	3.232e-07	-3.2314e-07	7.192000000000001e-11	5.023e-11	-1.4200000000000002e-11	3.2312e-07	-3.2324e-07
1.015	-1.1945e-09	7.72e-11	8.100000000000001e-12	3.2526e-07	-3.2412e-07	-1.0718e-09	7.188e-11	9.600000000000001e-12	3.2438e-07	-3.233e-07	-9.4862e-10	6.807e-11	4.36e-12	3.2424e-07	-3.2338e-07	-8.1884e-10	6.917e-11	7.06e-12	3.2408e-07	-3.233e-07	-6.972900000000001e-10	6.108000000000001e-11	2.6000000000000002e-12	3.2396e-07	-3.2336e-07	-5.8303e-10	6.433e-11	6.290000000000001e-12	3.239e-07	-3.233e-07	-4.6359000000000005e-10	5.777e-11	2.4500000000000007e-12	3.2434e-07	-3.239e-07	-3.3709e-10	5.4060000000000005e-11	4.63e-12	3.2306e-07	-3.232e-07	-2.1257e-10	4.901e-11	-6.000000000000001e-14	3.2346e-07	-3.233e-07	-7.608000000000001e-11	4.778e-11	-6.41e-12	3.232e-07	-3.232e-07	7.415000000000001e-11	5.189e-11	-1.2670000000000002e-11	3.2312e-07	-3.232e-07
1.01	-1.2019e-09	6.83e-11	1.4410000000000002e-11	3.2522e-07	-3.2408e-07	-1.0713e-09	6.659e-11	1.4290000000000002e-11	3.238e-07	-3.2326e-07	-9.444e-10	6.617e-11	1.582e-11	3.2426e-07	-3.2334e-07	-8.2557e-10	6.011e-11	1.388e-11	3.241e-07	-3.2334e-07	-7.053e-10	5.782000000000001e-11	1.269e-11	3.2396e-07	-3.2336e-07	-5.8107e-10	5.843e-11	1.484e-11	3.2382e-07	-3.2336e-07	-4.6488000000000005e-10	5.014e-11	1.011e-11	3.237e-07	-3.2328e-07	-3.3770000000000003e-10	5.386e-11	3.95e-12	3.2352e-07	-3.232e-07	-2.1253e-10	5.047e-11	3.680000000000001e-12	3.2344e-07	-3.2326e-07	-7.499e-11	4.4670000000000006e-11	-5.210000000000001e-12	3.2324e-07	-3.2314e-07	7.871e-11	4.9580000000000005e-11	-1.062e-11	3.2258e-07	-3.2272e-07
1.005	-1.2105e-09	6.7e-11	2.109e-11	3.2526e-07	-3.241e-07	-1.0797e-09	6.202000000000001e-11	1.936e-11	3.2408e-07	-3.2336e-07	-9.4648e-10	6.212e-11	1.9530000000000003e-11	3.242e-07	-3.2342e-07	-8.276e-10	5.918000000000001e-11	1.7710000000000003e-11	3.2354e-07	-3.2274e-07	-7.002e-10	5.3620000000000005e-11	1.6450000000000002e-11	3.2406e-07	-3.2336e-07	-5.9011e-10	5.5550000000000005e-11	1.847e-11	3.2384e-07	-3.233e-07	-4.676300000000001e-10	5.3150000000000005e-11	1.1960000000000002e-11	3.237e-07	-3.2328e-07	-3.4382e-10	4.294e-11	1.375e-11	3.2354e-07	-3.2248e-07	-2.092e-10	4.702e-11	6.86e-12	3.2334e-07	-3.2268e-07	-7.124e-11	4.294e-11	-1.69e-12	3.2318e-07	-3.2316e-07	7.956e-11	4.455e-11	-1.042e-11	3.2312e-07	-3.2316e-07
1.0	-1.2034e-09	6.52e-11	2.8400000000000003e-11	3.2526e-07	-3.2406e-07	-1.0745e-09	6.201e-11	2.682e-11	3.2378e-07	-3.2278e-07	-9.5548e-10	5.974e-11	3.0350000000000004e-11	3.2428e-07	-3.2336e-07	-8.2828e-10	5.28e-11	2.6050000000000003e-11	3.2408e-07	-3.2326e-07	-7.1523e-10	5.3450000000000007e-11	2.517e-11	3.2398e-07	-3.2334e-07	-5.939800000000001e-10	4.8780000000000005e-11	2.507e-11	3.2384e-07	-3.233e-07	-4.6297000000000006e-10	4.3980000000000006e-11	2.1260000000000003e-11	3.2368e-07	-3.233e-07	-3.4543e-10	4.615e-11	1.497e-11	3.236e-07	-3.2326e-07	-2.2018e-10	4.322e-11	1.164e-11	3.2284e-07	-3.2258e-07	-7.846e-11	4.082e-11	2.0700000000000007e-12	3.2318e-07	-3.2322e-07	7.321000000000001e-11	3.658e-11	-7.07e-12	3.2302e-07	-3.232e-07
0.995	-1.2101e-09	6.566000000000001e-11	3.511e-11	3.2526e-07	-3.2408e-07	-1.0857e-09	6.168e-11	3.539e-11	3.2438e-07	-3.233e-07	-9.5948e-10	5.919e-11	3.607e-11	3.2426e-07	-3.2332e-07	-8.2974e-10	5.331e-11	3.1560000000000005e-11	3.2342e-07	-3.2264e-07	-7.1247e-10	4.92e-11	3.3700000000000004e-11	3.2398e-07	-3.2334e-07	-5.9593e-10	4.848e-11	3.03e-11	3.2326e-07	-3.2278e-07	-4.786700000000001e-10	4.611e-11	2.571e-11	3.2302e-07	-3.2254e-07	-3.4559000000000004e-10	3.973e-11	2.469e-11	3.2344e-07	-3.2324e-07	-2.1917e-10	3.756e-11	1.54e-11	3.2346e-07	-3.232e-07	-7.803e-11	4.257e-11	9.25e-12	3.232e-07	-3.2314e-07	7.959e-11	3.4330000000000006e-11	-8.75e-12	3.2308e-07	-3.2318e-07
0.99	-1.2248e-09	5.728e-11	4.4410000000000005e-11	3.2532e-07	-3.2408e-07	-1.0956e-09	5.492e-11	4.257e-11	3.238e-07	-3.2272e-07	-9.626e-10	5.518e-11	4.641e-11	3.2422e-07	-3.2284e-07	-8.4088e-10	4.6340000000000005e-11	4.229e-11	3.2404e-07	-3.2332e-07	-7.205500000000001e-10	4.9400000000000005e-11	4.156e-11	3.2408e-07	-3.2274e-07	-6.0367e-10	4.0850000000000006e-11	3.6550000000000006e-11	3.2326e-07	-3.227e-07	-4.8112e-10	3.7820000000000005e-11	3.506e-11	3.2368e-07	-3.2326e-07	-3.555e-10	4.4710000000000006e-11	2.803e-11	3.2352e-07	-3.2318e-07	-2.2073e-10	3.772e-11	2.03e-11	3.2336e-07	-3.2324e-07	-7.339e-11	3.966e-11	1.043e-11	3.2318e-07	-3.2316e-07	7.92e-11	3.379e-11	-6.270000000000001e-12	3.231e-07	-3.2318e-07
0.985	-1.2286e-09	5.506e-11	5.520000000000001e-11	3.2524e-07	-3.2422e-07	-1.0987e-09	5.073e-11	5.2430000000000007e-11	3.2438e-07	-3.233e-07	-9.6844e-10	4.9730000000000006e-11	5.0710000000000005e-11	3.2428e-07	-3.2336e-07	-8.5376e-10	4.821e-11	4.9040000000000006e-11	3.2422e-07	-3.2334e-07	-7.2285e-10	4.181e-11	5.0200000000000005e-11	3.2412e-07	-3.2338e-07	-6.1208e-10	3.9020000000000005e-11	4.4820000000000007e-11	3.2374e-07	-3.2324e-07	-4.8373e-10	4.129e-11	4.08e-11	3.237e-07	-3.2332e-07	-3.6213e-10	3.657e-11	4.039e-11	3.236e-07	-3.2324e-07	-2.2346e-10	3.353e-11	2.522e-11	3.235e-07	-3.2326e-07	-8.459e-11	3.627e-11	1.548e-11	3.233e-07	-3.232e-07	7.766e-11	3.4580000000000005e-11	-5.9e-12	3.2306e-07	-3.2314e-07
0.98	-1.2321e-09	4.7940000000000005e-11	6.663000000000001e-11	3.2526e-07	-3.2416e-07	-1.0975e-09	4.6130000000000006e-11	6.538000000000001e-11	3.2432e-07	-3.226e-07	-9.8723e-10	3.856e-11	6.474e-11	3.2432e-07	-3.2332e-07	-8.52e-10	4.043e-11	6.145e-11	3.241e-07	-3.2324e-07	-7.3867e-10	4.206e-11	5.985e-11	3.2402e-07	-3.2334e-07	-6.1466e-10	3.625e-11	5.469000000000001e-11	3.2354e-07	-3.232e-07	-4.883600000000001e-10	3.4320000000000004e-11	5.405e-11	3.2308e-07	-3.2276e-07	-3.6627e-10	3.981e-11	4.306e-11	3.235e-07	-3.2318e-07	-2.3792000000000004e-10	3.324e-11	3.387e-11	3.2344e-07	-3.2268e-07	-8.825e-11	3.1160000000000005e-11	2.1060000000000003e-11	3.232e-07	-3.2318e-07	7.938e-11	2.8160000000000003e-11	-4.550000000000001e-12	3.2312e-07	-3.232e-07
0.975	-1.2419e-09	4.9990000000000007e-11	8.067e-11	3.2528e-07	-3.2414e-07	-1.1189e-09	4.539e-11	7.849e-11	3.2434e-07	-3.2338e-07	-9.8399e-10	4.1360000000000006e-11	7.306e-11	3.2418e-07	-3.2308e-07	-8.6951e-10	3.944e-11	7.194e-11	3.2354e-07	-3.2272e-07	-7.3754e-10	3.659e-11	7.623e-11	3.2398e-07	-3.2336e-07	-6.215500000000001e-10	3.5640000000000006e-11	6.899e-11	3.238e-07	-3.2328e-07	-5.029e-10	3.698e-11	6.271000000000001e-11	3.2368e-07	-3.2324e-07	-3.7117e-10	2.8710000000000003e-11	5.6650000000000006e-11	3.2348e-07	-3.2318e-07	-2.3561000000000003e-10	2.9260000000000004e-11	3.852e-11	3.2346e-07	-3.232e-07	-8.908e-11	3.07e-11	2.393e-11	3.232e-07	-3.2318e-07	8.421000000000001e-11	2.786e-11	-4.78e-12	3.2308e-07	-3.2314e-07
0.97	-1.2597e-09	4.5980000000000006e-11	9.867e-11	3.2522e-07	-3.2412e-07	-1.1253e-09	4.408e-11	9.639e-11	3.2432e-07	-3.2334e-07	-1.00284e-09	3.7060000000000006e-11	8.878e-11	3.2426e-07	-3.233e-07	-8.7899e-10	3.1950000000000003e-11	8.999e-11	3.2404e-07	-3.2324e-07	-7.5722e-10	3.944e-11	8.568e-11	3.2404e-07	-3.2278e-07	-6.4033e-10	3.503e-11	8.435000000000001e-11	3.2378e-07	-3.2326e-07	-5.115500000000001e-10	3.14e-11	7.75e-11	3.2372e-07	-3.2326e-07	-3.8633000000000005e-10	3.052e-11	6.437e-11	3.2354e-07	-3.2316e-07	-2.4046e-10	2.7450000000000003e-11	4.899e-11	3.2342e-07	-3.232e-07	-8.574e-11	2.5850000000000003e-11	3.0130000000000003e-11	3.232e-07	-3.2318e-07	8.481e-11	2.236e-11	-8e-13	3.2308e-07	-3.2314e-07
0.965	-1.2708e-09	4.65e-11	1.1443e-10	3.252e-07	-3.241e-07	-1.1435e-09	4.4920000000000005e-11	1.1328e-10	3.2444e-07	-3.234e-07	-1.01795e-09	3.752e-11	1.065e-10	3.2418e-07	-3.2334e-07	-8.9226e-10	3.66e-11	1.0586e-10	3.2354e-07	-3.2338e-07	-7.7544e-10	3.197e-11	1.0544e-10	3.2396e-07	-3.2332e-07	-6.479200000000001e-10	3.634e-11	1.0083e-10	3.2376e-07	-3.233e-07	-5.2284e-10	3.391e-11	8.999e-11	3.2372e-07	-3.233e-07	-3.9436e-10	2.4900000000000003e-11	7.926e-11	3.2356e-07	-3.2318e-07	-2.5671000000000004e-10	2.065e-11	6.048000000000001e-11	3.234e-07	-3.2324e-07	-1.0309e-10	2.7490000000000003e-11	3.518e-11	3.2314e-07	-3.2314e-07	7.742e-11	2.364e-11	-2.300000000000001e-13	3.2238e-07	-3.2252e-07
0.96	-1.286e-09	3.967e-11	1.3550000000000002e-10	3.252e-07	-3.2412e-07	-1.1609e-09	3.883e-11	1.3529e-10	3.2432e-07	-3.2332e-07	-1.0383400000000002e-09	3.3050000000000005e-11	1.3065e-10	3.243e-07	-3.2336e-07	-9.0755e-10	3.202e-11	1.2902e-10	3.235e-07	-3.233e-07	-7.8999e-10	3.2e-11	1.2476000000000002e-10	3.2404e-07	-3.2332e-07	-6.6879e-10	3.2720000000000004e-11	1.1805000000000002e-10	3.2384e-07	-3.2336e-07	-5.461700000000001e-10	2.7340000000000003e-11	1.1033e-10	3.237e-07	-3.2322e-07	-4.0116e-10	2.939e-11	9.201e-11	3.235e-07	-3.2324e-07	-2.6645e-10	2.462e-11	7.218e-11	3.2282e-07	-3.227e-07	-1.0136e-10	1.9150000000000003e-11	4.308e-11	3.2312e-07	-3.2312e-07	8.562000000000001e-11	2.212e-11	9.5e-13	3.2252e-07	-3.2258e-07
0.955	-1.318e-09	3.698e-11	1.5906000000000002e-10	3.2522e-07	-3.2414e-07	-1.188e-09	3.613e-11	1.5975000000000002e-10	3.2436e-07	-3.2338e-07	-1.05087e-09	3.5090000000000005e-11	1.5285000000000002e-10	3.2424e-07	-3.2332e-07	-9.41e-10	3.415e-11	1.5017e-10	3.2408e-07	-3.2328e-07	-7.9971e-10	2.535e-11	1.4275e-10	3.2402e-07	-3.2334e-07	-6.8959e-10	2.584e-11	1.3987e-10	3.238e-07	-3.2332e-07	-5.6475e-10	2.775e-11	1.2668000000000002e-10	3.2372e-07	-3.2328e-07	-4.2854000000000005e-10	2.4700000000000003e-11	1.1271e-10	3.2292e-07	-3.2256e-07	-2.7107000000000003e-10	2.458e-11	8.85e-11	3.2344e-07	-3.2316e-07	-1.087e-10	2.058e-11	4.7180000000000005e-11	3.2314e-07	-3.2312e-07	8.237000000000001e-11	2.447e-11	1.8200000000000003e-12	3.2252e-07	-3.229e-07
0.95	-1.3473e-09	3.1950000000000003e-11	1.8915e-10	3.252e-07	-3.2404e-07	-1.2164e-09	3.0830000000000005e-11	1.8857000000000003e-10	3.2378e-07	-3.2342e-07	-1.08358e-09	2.9220000000000004e-11	1.8689e-10	3.2426e-07	-3.2288e-07	-9.5438e-10	2.874e-11	1.7965000000000002e-10	3.2408e-07	-3.2336e-07	-8.370000000000001e-10	2.664e-11	1.6949e-10	3.2398e-07	-3.2334e-07	-7.148600000000001e-10	2.282e-11	1.6227000000000002e-10	3.2382e-07	-3.2334e-07	-5.7297e-10	2.042e-11	1.5078000000000002e-10	3.2316e-07	-3.2278e-07	-4.4485e-10	2.524e-11	1.3121e-10	3.2344e-07	-3.2318e-07	-2.9492e-10	2.59e-11	1.0408e-10	3.2338e-07	-3.2318e-07	-1.1616e-10	1.4740000000000002e-11	6.307000000000001e-11	3.2384e-07	-3.2378e-07	7.954e-11	1.6780000000000002e-11	2.9600000000000007e-12	3.2312e-07	-3.2278e-07
0.945	-1.3723e-09	3.364e-11	2.1917e-10	3.2534e-07	-3.241e-07	-1.2387e-09	3.444e-11	2.1943e-10	3.2434e-07	-3.2278e-07	-1.12003e-09	3.2690000000000006e-11	2.1761e-10	3.2432e-07	-3.2338e-07	-9.8866e-10	2.9740000000000005e-11	2.1072e-10	3.2414e-07	-3.2338e-07	-8.655e-10	2.085e-11	2.0173e-10	3.2392e-07	-3.233e-07	-7.3388e-10	2.193e-11	1.9276e-10	3.2386e-07	-3.2326e-07	-6.0869e-10	2.368e-11	1.7839000000000002e-10	3.2364e-07	-3.2324e-07	-4.6551e-10	2.053e-11	1.5668000000000002e-10	3.2342e-07	-3.2318e-07	-3.122e-10	2.074e-11	1.2448000000000002e-10	3.2338e-07	-3.2324e-07	-1.3625000000000002e-10	2.012e-11	7.249e-11	3.2414e-07	-3.2404e-07	8.143000000000001e-11	1.47e-11	2.72e-12	3.2312e-07	-3.2312e-07
0.94	-1.4077e-09	2.904e-11	2.6094000000000003e-10	3.2524e-07	-3.2408e-07	-1.2796e-09	3.092e-11	2.6032000000000004e-10	3.238e-07	-3.2334e-07	-1.1505e-09	2.938e-11	2.518e-10	3.2422e-07	-3.2332e-07	-1.02833e-09	2.373e-11	2.4877e-10	3.2414e-07	-3.233e-07	-8.989300000000001e-10	2.229e-11	2.3589e-10	3.2398e-07	-3.2336e-07	-7.702500000000001e-10	2.467e-11	2.2679000000000003e-10	3.2382e-07	-3.2326e-07	-6.3351e-10	1.9750000000000003e-11	2.0908e-10	3.2314e-07	-3.2272e-07	-4.867600000000001e-10	2.009e-11	1.8332e-10	3.2292e-07	-3.232e-07	-3.2882e-10	1.7400000000000003e-11	1.4303000000000002e-10	3.2342e-07	-3.232e-07	-1.3466e-10	1.631e-11	9.025e-11	3.2382e-07	-3.238e-07	8.272000000000001e-11	1.314e-11	6.240000000000001e-12	3.2308e-07	-3.232e-07
0.935	-1.4599e-09	3.107e-11	3.0734000000000005e-10	3.2532e-07	-3.2422e-07	-1.3311e-09	3.038e-11	3.0541000000000003e-10	3.244e-07	-3.2338e-07	-1.2016e-09	2.134e-11	2.9985e-10	3.242e-07	-3.2334e-07	-1.07542e-09	2.518e-11	2.9165e-10	3.2418e-07	-3.2338e-07	-9.3952e-10	2.078e-11	2.7947e-10	3.2396e-07	-3.233e-07	-8.1148e-10	2.4190000000000003e-11	2.6896e-10	3.238e-07	-3.2322e-07	-6.767e-10	2.194e-11	2.4533e-10	3.2362e-07	-3.2324e-07	-5.2326e-10	1.7820000000000003e-11	2.1701e-10	3.2294e-07	-3.2266e-07	-3.5442e-10	1.294e-11	1.7214e-10	3.2332e-07	-3.232e-07	-1.5365e-10	2.047e-11	1.0488e-10	3.2384e-07	-3.2374e-07	8.456e-11	1.7780000000000002e-11	9.71e-12	3.2314e-07	-3.2308e-07
0.93	-1.5032e-09	2.653e-11	3.6395e-10	3.2528e-07	-3.2404e-07	-1.3731e-09	2.575e-11	3.5853e-10	3.2436e-07	-3.2338e-07	-1.2403e-09	2.4100000000000003e-11	3.4676e-10	3.243e-07	-3.2336e-07	-1.11089e-09	2.0680000000000003e-11	3.4107000000000004e-10	3.2412e-07	-3.233e-07	-9.9262e-10	2.0370000000000003e-11	3.3214e-10	3.2396e-07	-3.2324e-07	-8.5391e-10	2.1770000000000003e-11	3.1368000000000005e-10	3.2374e-07	-3.2322e-07	-7.0813e-10	1.4870000000000003e-11	2.8743e-10	3.237e-07	-3.2326e-07	-5.5731e-10	1.8220000000000003e-11	2.5314e-10	3.2288e-07	-3.225e-07	-3.8535e-10	1.444e-11	1.9812e-10	3.2342e-07	-3.232e-07	-1.7656e-10	1.21e-11	1.2906000000000002e-10	3.2382e-07	-3.2384e-07	7.608000000000001e-11	1.701e-11	1.123e-11	3.2312e-07	-3.232e-07
0.925	-1.567e-09	2.8220000000000004e-11	4.2726e-10	3.2524e-07	-3.2414e-07	-1.4372e-09	2.449e-11	4.2049e-10	3.2388e-07	-3.2326e-07	-1.305e-09	1.9970000000000003e-11	4.1244e-10	3.2432e-07	-3.2286e-07	-1.1725e-09	2.038e-11	4.0507e-10	3.2344e-07	-3.2264e-07	-1.0430900000000002e-09	1.889e-11	3.8889e-10	3.2392e-07	-3.2332e-07	-9.025799999999999e-10	1.6200000000000003e-11	3.7080000000000005e-10	3.237e-07	-3.2326e-07	-7.713e-10	1.491e-11	3.3893000000000004e-10	3.2372e-07	-3.2328e-07	-6.000100000000001e-10	1.6890000000000003e-11	2.9823e-10	3.234e-07	-3.2314e-07	-4.2197e-10	1.333e-11	2.3617e-10	3.2284e-07	-3.226e-07	-1.9558e-10	1.561e-11	1.4455e-10	3.2382e-07	-3.2378e-07	8.002000000000001e-11	1.357e-11	1.3280000000000002e-11	3.2312e-07	-3.232e-07
0.92	-1.6337e-09	2.322e-11	5.0281e-10	3.2522e-07	-3.2408e-07	-1.5104e-09	1.919e-11	4.9619e-10	3.2438e-07	-3.2336e-07	-1.3751e-09	2.059e-11	4.8356e-10	3.2424e-07	-3.233e-07	-1.2471e-09	2.365e-11	4.752100000000001e-10	3.2414e-07	-3.2332e-07	-1.10686e-09	2.0460000000000003e-11	4.5891e-10	3.2336e-07	-3.2278e-07	-9.7788e-10	1.5070000000000003e-11	4.3509000000000005e-10	3.2378e-07	-3.2276e-07	-8.1931e-10	1.011e-11	3.9690000000000005e-10	3.2314e-07	-3.2264e-07	-6.5424e-10	1.325e-11	3.5032000000000004e-10	3.2348e-07	-3.2316e-07	-4.5294e-10	1.639e-11	2.7458e-10	3.2338e-07	-3.2318e-07	-2.1671e-10	1.046e-11	1.7221000000000002e-10	3.2382e-07	-3.2378e-07	7.731e-11	7.000000000000001e-12	1.323e-11	3.2254e-07	-3.2296e-07
0.915	-1.734e-09	2.297e-11	5.8573e-10	3.2526e-07	-3.2414e-07	-1.5927e-09	1.9550000000000003e-11	5.7891e-10	3.2442e-07	-3.2332e-07	-1.4614e-09	1.6560000000000002e-11	5.696600000000001e-10	3.2374e-07	-3.2276e-07	-1.3277e-09	1.6160000000000002e-11	5.569800000000001e-10	3.2408e-07	-3.2336e-07	-1.1913e-09	1.773e-11	5.3692e-10	3.2392e-07	-3.2332e-07	-1.04536e-09	1.4670000000000003e-11	5.110200000000001e-10	3.2378e-07	-3.2324e-07	-8.8815e-10	1.488e-11	4.682100000000001e-10	3.2372e-07	-3.2326e-07	-7.141400000000001e-10	1.313e-11	4.0971e-10	3.2302e-07	-3.2266e-07	-5.0223e-10	9.700000000000001e-12	3.2739000000000005e-10	3.229e-07	-3.232e-07	-2.5122000000000004e-10	1.3490000000000002e-11	1.9967e-10	3.2382e-07	-3.2384e-07	7.321000000000001e-11	2.77e-12	1.761e-11	3.2306e-07	-3.2318e-07
0.91	-1.8261e-09	1.564e-11	6.9021e-10	3.2546e-07	-3.2434e-07	-1.6883e-09	1.815e-11	6.823e-10	3.2436e-07	-3.2336e-07	-1.5534e-09	1.86e-11	6.6844e-10	3.242e-07	-3.2336e-07	-1.4182e-09	1.693e-11	6.5469e-10	3.2348e-07	-3.2276e-07	-1.2806e-09	1.303e-11	6.296100000000001e-10	3.2396e-07	-3.2326e-07	-1.13201e-09	1.7360000000000002e-11	6.0009e-10	3.234e-07	-3.2272e-07	-9.688e-10	1.356e-11	5.498700000000001e-10	3.2366e-07	-3.2322e-07	-7.7514e-10	9.13e-12	4.8199e-10	3.228e-07	-3.2244e-07	-5.639700000000001e-10	1.117e-11	3.7953e-10	3.2336e-07	-3.2322e-07	-2.8402e-10	6.92e-12	2.3518e-10	3.2384e-07	-3.238e-07	7.478000000000001e-11	7.790000000000001e-12	1.855e-11	3.2306e-07	-3.2312e-07
0.905	-1.9397e-09	1.866e-11	8.087000000000001e-10	3.2538e-07	-3.2414e-07	-1.8072e-09	1.832e-11	7.9975e-10	3.238e-07	-3.2276e-07	-1.6649e-09	1.511e-11	7.8841e-10	3.2428e-07	-3.2334e-07	-1.5253e-09	1.208e-11	7.6698e-10	3.241e-07	-3.2334e-07	-1.3908e-09	1.18e-11	7.404e-10	3.2392e-07	-3.233e-07	-1.2375e-09	1.182e-11	7.0309e-10	3.232e-07	-3.2322e-07	-1.07023e-09	1.5070000000000003e-11	6.470900000000001e-10	3.2368e-07	-3.2328e-07	-8.6244e-10	9.49e-12	5.633300000000001e-10	3.2342e-07	-3.2318e-07	-6.2096e-10	6.92e-12	4.5139e-10	3.2208e-07	-3.2194e-07	-3.2055000000000005e-10	9.690000000000003e-12	2.7400000000000004e-10	3.2392e-07	-3.2376e-07	7.345e-11	1.025e-11	2.502e-11	3.2308e-07	-3.2318e-07
0.9	-2.0887e-09	1.759e-11	9.5326e-10	3.2524e-07	-3.2416e-07	-1.9541e-09	1.632e-11	9.4327e-10	3.2416e-07	-3.229e-07	-1.8142e-09	1.56e-11	9.242500000000001e-10	3.2428e-07	-3.2338e-07	-1.6664e-09	1.388e-11	9.0124e-10	3.2332e-07	-3.2266e-07	-1.5164e-09	1.122e-11	8.7076e-10	3.2396e-07	-3.2324e-07	-1.3544e-09	7.74e-12	8.2501e-10	3.2378e-07	-3.2326e-07	-1.1829e-09	1.083e-11	7.603e-10	3.2368e-07	-3.2324e-07	-9.6432e-10	6.8700000000000004e-12	6.6546e-10	3.2354e-07	-3.2308e-07	-7.023400000000001e-10	1.235e-11	5.260500000000001e-10	3.2334e-07	-3.2318e-07	-3.6461000000000005e-10	3.66e-12	3.2484000000000004e-10	3.2384e-07	-3.2374e-07	6.517e-11	1.055e-11	2.8980000000000003e-11	3.2312e-07	-3.2324e-07
0.895	-2.2516e-09	2.084e-11	1.1172400000000002e-09	3.2512e-07	-3.2408e-07	-2.1089e-09	1.885e-11	1.1039800000000002e-09	3.244e-07	-3.2278e-07	-1.969e-09	1.323e-11	1.08531e-09	3.2368e-07	-3.2318e-07	-1.8232e-09	1.033e-11	1.05841e-09	3.2402e-07	-3.2326e-07	-1.6658e-09	1.091e-11	1.0207900000000002e-09	3.2336e-07	-3.2332e-07	-1.5037e-09	1.081e-11	9.6946e-10	3.2386e-07	-3.2326e-07	-1.3027e-09	6.7200000000000004e-12	8.9329e-10	3.2364e-07	-3.2328e-07	-1.0752000000000002e-09	1.098e-11	7.7944e-10	3.2352e-07	-3.232e-07	-7.9742e-10	5.720000000000001e-12	6.192200000000001e-10	3.2336e-07	-3.2326e-07	-4.3121000000000005e-10	6.8700000000000004e-12	3.7986e-10	3.239e-07	-3.2372e-07	6.531e-11	4.550000000000001e-12	3.47e-11	3.2312e-07	-3.2324e-07
0.89	-2.444e-09	1.743e-11	1.3153e-09	3.252e-07	-3.2412e-07	-2.3056e-09	1.4190000000000002e-11	1.2978e-09	3.2374e-07	-3.2278e-07	-2.1567e-09	1.238e-11	1.2765e-09	3.2422e-07	-3.2258e-07	-2.0112e-09	1.305e-11	1.246e-09	3.2404e-07	-3.2324e-07	-1.8497e-09	9.83e-12	1.2057e-09	3.2358e-07	-3.233e-07	-1.6699e-09	7.570000000000003e-12	1.1391e-09	3.2374e-07	-3.2324e-07	-1.4619e-09	1.323e-11	1.0488500000000002e-09	3.2372e-07	-3.2324e-07	-1.2103e-09	7.050000000000001e-12	9.1711e-10	3.2348e-07	-3.2314e-07	-8.9984e-10	8.82e-12	7.2399e-10	3.2336e-07	-3.2322e-07	-4.863600000000001e-10	5.010000000000001e-12	4.4621000000000005e-10	3.2388e-07	-3.2378e-07	5.957000000000001e-11	2.21e-12	3.81e-11	3.2314e-07	-3.2316e-07
0.885	-2.6706e-09	1.108e-11	1.542e-09	3.252e-07	-3.241e-07	-2.5244e-09	9.71e-12	1.5215e-09	3.2432e-07	-3.2338e-07	-2.3695e-09	9.990000000000002e-12	1.4962e-09	3.2422e-07	-3.2332e-07	-2.2221e-09	1.345e-11	1.4615e-09	3.24e-07	-3.232e-07	-2.0522e-09	1.023e-11	1.4119e-09	3.2396e-07	-3.2332e-07	-1.8685e-09	9.67e-12	1.337e-09	3.2384e-07	-3.233e-07	-1.6445e-09	5.760000000000001e-12	1.2281e-09	3.2306e-07	-3.2272e-07	-1.3646e-09	2.24e-12	1.07624e-09	3.2348e-07	-3.2312e-07	-1.02339e-09	2.3200000000000002e-12	8.523900000000001e-10	3.2332e-07	-3.2316e-07	-5.6087e-10	7.21e-12	5.2501e-10	3.2384e-07	-3.2378e-07	5.5990000000000005e-11	-1.5000000000000004e-13	4.658e-11	3.2312e-07	-3.2318e-07
0.88	-2.9392e-09	1.168e-11	1.8141e-09	3.252e-07	-3.2402e-07	-2.7872e-09	9.800000000000001e-12	1.7903e-09	3.2442e-07	-3.2332e-07	-2.6376e-09	9.300000000000001e-12	1.7604e-09	3.2432e-07	-3.2336e-07	-2.4698e-09	7.370000000000001e-12	1.7176e-09	3.2404e-07	-3.2332e-07	-2.3043e-09	9.66e-12	1.6592e-09	3.2398e-07	-3.2326e-07	-2.0931e-09	8.32e-12	1.5712e-09	3.2384e-07	-3.233e-07	-1.8584e-09	1.09e-12	1.4466e-09	3.237e-07	-3.2318e-07	-1.5631e-09	4.500000000000001e-12	1.2651e-09	3.235e-07	-3.232e-07	-1.1692e-09	4.79e-12	9.9915e-10	3.2338e-07	-3.2318e-07	-6.575500000000001e-10	2.3200000000000002e-12	6.158600000000001e-10	3.2378e-07	-3.237e-07	4.327e-11	2.01e-12	5.2240000000000005e-11	3.2246e-07	-3.226e-07
0.875	-3.2569e-09	1.036e-11	2.127e-09	3.2462e-07	-3.2346e-07	-3.107e-09	8.290000000000001e-12	2.1015e-09	3.2438e-07	-3.233e-07	-2.9434e-09	7.7e-12	2.0675e-09	3.242e-07	-3.2332e-07	-2.7798e-09	8.42e-12	2.0148e-09	3.2352e-07	-3.2328e-07	-2.5857e-09	6.670000000000001e-12	1.944e-09	3.2392e-07	-3.2324e-07	-2.3684e-09	3.7e-12	1.8457e-09	3.2386e-07	-3.2336e-07	-2.1132e-09	5.210000000000001e-12	1.6959e-09	3.2366e-07	-3.2324e-07	-1.7793e-09	7.2300000000000005e-12	1.4864e-09	3.2356e-07	-3.2326e-07	-1.3408e-09	3.07e-12	1.1739e-09	3.234e-07	-3.232e-07	-7.6315e-10	3.680000000000001e-12	7.2363e-10	3.238e-07	-3.2374e-07	4.264e-11	1.2400000000000002e-12	6.132e-11	3.2308e-07	-3.2316e-07
0.87	-3.6384e-09	1.045e-11	2.5026e-09	3.2438e-07	-3.2344e-07	-3.4725e-09	7.7e-12	2.4709e-09	3.2438e-07	-3.2344e-07	-3.3017e-09	7.3e-12	2.4292e-09	3.2424e-07	-3.234e-07	-3.1251e-09	2.7800000000000007e-12	2.3696e-09	3.2402e-07	-3.2326e-07	-2.9301e-09	4.03e-12	2.2874e-09	3.2402e-07	-3.2334e-07	-2.6976e-09	5.000000000000001e-12	2.1643e-09	3.2384e-07	-3.2328e-07	-2.3975e-09	9.3e-13	1.9952e-09	3.2366e-07	-3.232e-07	-2.0365e-09	2.6000000000000002e-12	1.7449e-09	3.2354e-07	-3.233e-07	-1.539e-09	-8.100000000000001e-13	1.3808e-09	3.2338e-07	-3.232e-07	-8.8049e-10	1.1000000000000002e-12	8.4624e-10	3.2392e-07	-3.2376e-07	3.723e-11	2.36e-12	7.016e-11	3.231e-07	-3.232e-07
0.865	-4.0596e-09	9.63e-12	2.9355e-09	3.2466e-07	-3.2348e-07	-3.8935e-09	9.21e-12	2.8999e-09	3.2442e-07	-3.2336e-07	-3.7227e-09	6.2e-12	2.8494e-09	3.2428e-07	-3.2336e-07	-3.5355e-09	7.39e-12	2.7795e-09	3.2408e-07	-3.2328e-07	-3.3279e-09	2.9300000000000002e-12	2.6809e-09	3.2392e-07	-3.2322e-07	-3.0618e-09	8.100000000000001e-13	2.5425e-09	3.2392e-07	-3.2276e-07	-2.7499e-09	5.120000000000001e-12	2.3381e-09	3.2302e-07	-3.2252e-07	-2.3345e-09	3.900000000000001e-13	2.0471e-09	3.2346e-07	-3.232e-07	-1.7901e-09	1.6100000000000002e-12	1.6165e-09	3.2342e-07	-3.2324e-07	-1.02741e-09	-1.5300000000000001e-12	9.938e-10	3.2404e-07	-3.2396e-07	2.133e-11	-6.3e-12	8.259000000000001e-11	3.2314e-07	-3.2318e-07
0.86	-4.5789e-09	5.830000000000001e-12	3.4591e-09	3.2468e-07	-3.2346e-07	-4.4074e-09	5.74e-12	3.4123e-09	3.2436e-07	-3.2342e-07	-4.2234e-09	2.6000000000000002e-12	3.3515e-09	3.2428e-07	-3.2342e-07	-4.0213e-09	1.8100000000000002e-12	3.2675e-09	3.2354e-07	-3.228e-07	-3.7924e-09	2.1000000000000001e-13	3.1561e-09	3.2384e-07	-3.2336e-07	-3.5085e-09	-7e-14	2.9878e-09	3.2382e-07	-3.233e-07	-3.1571e-09	-2.39e-12	2.7517e-09	3.2374e-07	-3.2324e-07	-2.6855e-09	-1.5700000000000002e-12	2.4009e-09	3.2298e-07	-3.232e-07	-2.0636e-09	-4.87e-12	1.9019e-09	3.2342e-07	-3.2326e-07	-1.2095e-09	-3.3100000000000002e-12	1.1644e-09	3.239e-07	-3.2374e-07	1.104e-11	-3.95e-12	9.392e-11	3.2306e-07	-3.231e-07
0.855	-5.1827e-09	4.28e-12	4.057e-09	3.2466e-07	-3.2344e-07	-5.0065e-09	4.16e-12	4.0048e-09	3.2396e-07	-3.2338e-07	-4.8048e-09	4.800000000000001e-13	3.9353e-09	3.243e-07	-3.2288e-07	-4.5954e-09	3.690000000000001e-12	3.8371e-09	3.2404e-07	-3.2336e-07	-4.3303e-09	2.5300000000000003e-12	3.7006e-09	3.233e-07	-3.2264e-07	-4.0291e-09	-3.4900000000000007e-12	3.5082e-09	3.238e-07	-3.2324e-07	-3.6346e-09	2.11e-12	3.2276e-09	3.2368e-07	-3.232e-07	-3.1129e-09	-6.55e-12	2.8221e-09	3.2348e-07	-3.2318e-07	-2.3901e-09	-1.23e-12	2.2279e-09	3.2334e-07	-3.232e-07	-1.4009e-09	-5.44e-12	1.3677e-09	3.2384e-07	-3.2378e-07	-2.42e-12	-7.34e-12	1.1327e-10	3.2308e-07	-3.23e-07
0.85	-5.8906e-09	1.59e-12	4.7765e-09	3.2458e-07	-3.2346e-07	-5.6961e-09	2.3000000000000003e-12	4.7112e-09	3.244e-07	-3.2334e-07	-5.493e-09	-1.21e-12	4.6235e-09	3.243e-07	-3.234e-07	-5.2574e-09	-2.3300000000000004e-12	4.5137e-09	3.2404e-07	-3.2272e-07	-4.9881e-09	-3.0000000000000005e-14	4.3558e-09	3.2396e-07	-3.2332e-07	-4.6478e-09	-3.0000000000000005e-14	4.1256e-09	3.2388e-07	-3.233e-07	-4.1905e-09	-5.48e-12	3.7944e-09	3.2316e-07	-3.2278e-07	-3.6068e-09	-4.62e-12	3.3144e-09	3.2352e-07	-3.2318e-07	-2.7801e-09	-1.075e-11	2.62e-09	3.2342e-07	-3.2318e-07	-1.6407e-09	-5.7e-12	1.6071e-09	3.238e-07	-3.2378e-07	-2.215e-11	-4.6000000000000006e-12	1.298e-10	3.2314e-07	-3.2316e-07
0.845	-6.7131e-09	2.7600000000000004e-12	5.6018e-09	3.2466e-07	-3.2346e-07	-6.5135e-09	2.52e-12	5.5288e-09	3.238e-07	-3.2282e-07	-6.301e-09	-2.0000000000000003e-14	5.4294e-09	3.2428e-07	-3.2332e-07	-6.0456e-09	-1.4800000000000004e-12	5.2939e-09	3.2402e-07	-3.2326e-07	-5.7436e-09	1.5700000000000002e-12	5.112e-09	3.2326e-07	-3.2254e-07	-5.3522e-09	-1.6000000000000005e-13	4.8417e-09	3.2392e-07	-3.2328e-07	-4.8555e-09	-2.5000000000000007e-12	4.4532e-09	3.2366e-07	-3.2324e-07	-4.1749e-09	-6.7200000000000004e-12	3.8926e-09	3.2298e-07	-3.2314e-07	-3.2394e-09	-8.34e-12	3.0721999999999998e-09	3.2344e-07	-3.2318e-07	-1.9155e-09	-8.26e-12	1.888e-09	3.2378e-07	-3.238e-07	-3.9460000000000005e-11	-8.93e-12	1.5630000000000002e-10	3.2302e-07	-3.2308e-07
0.84	-7.7e-09	6.6e-13	6.5948e-09	3.246e-07	-3.235e-07	-7.4911e-09	-1.0100000000000001e-12	6.5049e-09	3.2432e-07	-3.2306e-07	-7.2601e-09	-3.85e-12	6.3879e-09	3.2426e-07	-3.2336e-07	-6.9849e-09	-5.07e-12	6.2344e-09	3.24e-07	-3.2322e-07	-6.6445e-09	-5.100000000000001e-12	6.0141e-09	3.2396e-07	-3.233e-07	-6.2091e-09	-1.3300000000000002e-12	5.6989e-09	3.238e-07	-3.2336e-07	-5.6425e-09	-8.61e-12	5.2427e-09	3.2368e-07	-3.232e-07	-4.8574e-09	-5.880000000000001e-12	4.5746e-09	3.2354e-07	-3.2314e-07	-3.7693e-09	-1.14e-11	3.6173e-09	3.2338e-07	-3.232e-07	-2.2399e-09	-6.26e-12	2.2169e-09	3.2374e-07	-3.2378e-07	-6.178e-11	-7.54e-12	1.7684e-10	3.2296e-07	-3.2312e-07
0.835	-8.8537e-09	2.01e-12	7.7387e-09	3.246e-07	-3.235e-07	-8.6175e-09	5e-14	7.6312e-09	3.244e-07	-3.2338e-07	-8.3717e-09	-3.690000000000001e-12	7.5033e-09	3.2426e-07	-3.2336e-07	-8.0652e-09	-2.11e-12	7.3143e-09	3.2402e-07	-3.2326e-07	-7.6824e-09	-1.7000000000000002e-12	7.0539e-09	3.2396e-07	-3.2326e-07	-7.2021e-09	-5.9e-12	6.6889e-09	3.238e-07	-3.233e-07	-6.5519e-09	-4.98e-12	6.149e-09	3.237e-07	-3.2328e-07	-5.6513e-09	-1.149e-11	5.3701e-09	3.2356e-07	-3.2322e-07	-4.4005e-09	-7.02e-12	4.2414e-09	3.229e-07	-3.2318e-07	-2.6282e-09	-1.147e-11	2.6058e-09	3.238e-07	-3.2374e-07	-8.959000000000001e-11	-1.435e-11	2.0738e-10	3.2308e-07	-3.2314e-07
0.83	-1.02117e-08	-2.62e-12	9.1058e-09	3.2458e-07	-3.2346e-07	-9.9666e-09	-3.4200000000000004e-12	8.9808e-09	3.2442e-07	-3.2286e-07	-9.6817e-09	-4.02e-12	8.8263e-09	3.2436e-07	-3.2336e-07	-9.3511e-09	-3.690000000000001e-12	8.6093e-09	3.2362e-07	-3.2324e-07	-8.9251e-09	-7.44e-12	8.3016e-09	3.2394e-07	-3.233e-07	-8.3823e-09	-7.74e-12	7.8678e-09	3.2384e-07	-3.2328e-07	-7.6237e-09	-1.15e-11	7.238e-09	3.2364e-07	-3.233e-07	-6.5929e-09	-9.37e-12	6.3109e-09	3.235e-07	-3.232e-07	-5.1488e-09	-1.361e-11	4.9935e-09	3.2344e-07	-3.2318e-07	-3.0901e-09	-1.275e-11	3.0616e-09	3.238e-07	-3.2378e-07	-1.2932e-10	-1.4290000000000002e-11	2.4457e-10	3.2304e-07	-3.2306e-07
0.825	-1.17808e-08	-2.39e-12	1.06822e-08	3.2404e-07	-3.2346e-07	-1.15082e-08	-5.520000000000001e-12	1.05407e-08	3.2448e-07	-3.2344e-07	-1.12268e-08	-4.08e-12	1.03615e-08	3.2428e-07	-3.2332e-07	-1.08403e-08	-5.270000000000001e-12	1.00978e-08	3.2412e-07	-3.2328e-07	-1.03786e-08	-4.84e-12	9.743e-09	3.2394e-07	-3.2322e-07	-9.737e-09	-1.101e-11	9.237e-09	3.2326e-07	-3.233e-07	-8.8851e-09	-9.51e-12	8.4841e-09	3.232e-07	-3.2274e-07	-7.6873e-09	-1.557e-11	7.4132e-09	3.235e-07	-3.2316e-07	-6.0187e-09	-1.185e-11	5.861e-09	3.2342e-07	-3.2326e-07	-3.6115e-09	-1.555e-11	3.5866e-09	3.238e-07	-3.2374e-07	-1.6254000000000001e-10	-1.923e-11	2.8491e-10	3.2304e-07	-3.231e-07
0.82	-1.3681999999999998e-08	-5.79e-12	1.25922e-08	3.2416e-07	-3.2298e-07	-1.33862e-08	-7.370000000000001e-12	1.24224e-08	3.2428e-07	-3.233e-07	-1.3056399999999998e-08	-8.890000000000003e-12	1.2204e-08	3.2418e-07	-3.2346e-07	-1.26374e-08	-8.86e-12	1.1902799999999998e-08	3.2412e-07	-3.2322e-07	-1.20654e-08	-1.269e-11	1.14599e-08	3.2342e-07	-3.227e-07	-1.13734e-08	-1.13e-11	1.08619e-08	3.2336e-07	-3.2344e-07	-1.03888e-08	-1.6030000000000002e-11	9.9934e-09	3.2368e-07	-3.2316e-07	-8.9939e-09	-1.0950000000000002e-11	8.717e-09	3.229e-07	-3.2262e-07	-7.0477e-09	-1.635e-11	6.8923e-09	3.2346e-07	-3.2322e-07	-4.2301e-09	-1.752e-11	4.2178e-09	3.2402e-07	-3.2392e-07	-2.0455e-10	-1.657e-11	3.2739000000000005e-10	3.23e-07	-3.2314e-07
0.815	-1.5880199999999998e-08	-7.570000000000003e-12	1.47836e-08	3.2456e-07	-3.2346e-07	-1.55512e-08	-1.045e-11	1.45946e-08	3.2448e-07	-3.2342e-07	-1.5178e-08	-1.397e-11	1.43284e-08	3.243e-07	-3.2336e-07	-1.4691e-08	-1.363e-11	1.39642e-08	3.241e-07	-3.2322e-07	-1.4094e-08	-9.57e-12	1.3476799999999998e-08	3.2398e-07	-3.2326e-07	-1.3273199999999998e-08	-1.361e-11	1.2766399999999998e-08	3.233e-07	-3.2272e-07	-1.212e-08	-1.4210000000000002e-11	1.17432e-08	3.2374e-07	-3.2326e-07	-1.05103e-08	-1.54e-11	1.02351e-08	3.235e-07	-3.2318e-07	-8.2378e-09	-1.541e-11	8.087e-09	3.2346e-07	-3.232e-07	-4.9667e-09	-2.336e-11	4.9569e-09	3.2386e-07	-3.2378e-07	-2.5936e-10	-2.537e-11	3.8399e-10	3.2302e-07	-3.2314e-07
0.81	-1.85e-08	-8.56e-12	1.7406199999999998e-08	3.245e-07	-3.2342e-07	-1.81396e-08	-6.540000000000001e-12	1.7164799999999998e-08	3.241e-07	-3.2284e-07	-1.77156e-08	-1.611e-11	1.6863799999999997e-08	3.2426e-07	-3.2344e-07	-1.71578e-08	-1.4500000000000002e-11	1.64428e-08	3.2412e-07	-3.2286e-07	-1.6465399999999997e-08	-1.432e-11	1.5856399999999998e-08	3.239e-07	-3.233e-07	-1.5521199999999998e-08	-2.07e-11	1.50292e-08	3.2384e-07	-3.2328e-07	-1.41916e-08	-1.417e-11	1.3817e-08	3.2368e-07	-3.2324e-07	-1.23166e-08	-2.032e-11	1.20572e-08	3.2288e-07	-3.226e-07	-9.6715e-09	-2.192e-11	9.5161e-09	3.2338e-07	-3.226e-07	-5.841e-09	-2.325e-11	5.8149e-09	3.2406e-07	-3.24e-07	-3.2588e-10	-2.8270000000000003e-11	4.4882000000000006e-10	3.2308e-07	-3.2308e-07
0.805	-2.15298e-08	-1.128e-11	2.0437e-08	3.2462e-07	-3.229e-07	-2.11228e-08	-1.314e-11	2.01616e-08	3.2442e-07	-3.2336e-07	-2.06536e-08	-1.615e-11	1.98084e-08	3.2376e-07	-3.2284e-07	-2.0042e-08	-1.641e-11	1.93204e-08	3.241e-07	-3.2324e-07	-1.92326e-08	-1.713e-11	1.86142e-08	3.2402e-07	-3.2332e-07	-1.81414e-08	-2.247e-11	1.76372e-08	3.2388e-07	-3.2326e-07	-1.6608e-08	-2.069e-11	1.62306e-08	3.2312e-07	-3.227e-07	-1.44228e-08	-2.4810000000000003e-11	1.4167199999999998e-08	3.236e-07	-3.232e-07	-1.13166e-08	-2.24e-11	1.11657e-08	3.2338e-07	-3.2322e-07	-6.8355e-09	-2.6180000000000004e-11	6.8316e-09	3.2386e-07	-3.238e-07	-3.888e-10	-3.3370000000000003e-11	5.3352e-10	3.2312e-07	-3.2308e-07
0.8	-2.50936e-08	-1.334e-11	2.39956e-08	3.246e-07	-3.234e-07	-2.46354e-08	-1.219e-11	2.36642e-08	3.2438e-07	-3.2338e-07	-2.41088e-08	-2.164e-11	2.32716e-08	3.243e-07	-3.2342e-07	-2.3398e-08	-1.908e-11	2.26766e-08	3.241e-07	-3.2326e-07	-2.24748e-08	-1.77e-11	2.18714e-08	3.2384e-07	-3.2276e-07	-2.1201e-08	-2.464e-11	2.0707e-08	3.2384e-07	-3.2324e-07	-1.94306e-08	-1.722e-11	1.90492e-08	3.2368e-07	-3.233e-07	-1.6885e-08	-3.015e-11	1.6631399999999997e-08	3.2358e-07	-3.2318e-07	-1.3263799999999998e-08	-2.455e-11	1.31392e-08	3.2344e-07	-3.2266e-07	-8.0274e-09	-2.866e-11	8.0242e-09	3.2384e-07	-3.238e-07	-4.8075e-10	-3.102e-11	6.205700000000001e-10	3.2306e-07	-3.2314e-07
0.795	-2.93446e-08	-1.905e-11	2.8243e-08	3.246e-07	-3.2344e-07	-2.88288e-08	-1.657e-11	2.78582e-08	3.2438e-07	-3.2332e-07	-2.8215e-08	-1.892e-11	2.73878e-08	3.2428e-07	-3.2336e-07	-2.74092e-08	-2.089e-11	2.66946e-08	3.2364e-07	-3.2328e-07	-2.63362e-08	-2.212e-11	2.5731e-08	3.239e-07	-3.2324e-07	-2.48618e-08	-2.748e-11	2.4388e-08	3.2386e-07	-3.233e-07	-2.27936e-08	-2.686e-11	2.24168e-08	3.2368e-07	-3.232e-07	-1.98422e-08	-2.721e-11	1.95814e-08	3.2302e-07	-3.227e-07	-1.5592599999999998e-08	-3.0170000000000004e-11	1.54528e-08	3.2334e-07	-3.2318e-07	-9.4455e-09	-3.5780000000000005e-11	9.4424e-09	3.2382e-07	-3.2368e-07	-5.8682e-10	-3.4620000000000006e-11	7.336e-10	3.2312e-07	-3.231e-07
0.79	-3.42518e-08	-2.0570000000000003e-11	3.31634e-08	3.242e-07	-3.2342e-07	-3.3693e-08	-2.063e-11	3.27302e-08	3.2388e-07	-3.2336e-07	-3.29852e-08	-2.5430000000000003e-11	3.2149399999999994e-08	3.2432e-07	-3.2344e-07	-3.2049e-08	-2.324e-11	3.1324e-08	3.24e-07	-3.2328e-07	-3.0825e-08	-2.072e-11	3.0212399999999995e-08	3.2436e-07	-3.2368e-07	-2.91272e-08	-2.684e-11	2.86298e-08	3.2382e-07	-3.233e-07	-2.6688e-08	-2.506e-11	2.62928e-08	3.2372e-07	-3.2326e-07	-2.32368e-08	-3.2170000000000004e-11	2.29942e-08	3.2344e-07	-3.2324e-07	-1.82636e-08	-3.136e-11	1.81482e-08	3.234e-07	-3.2322e-07	-1.10783e-08	-3.85e-11	1.1076e-08	3.238e-07	-3.2372e-07	-7.0543e-10	-3.4000000000000005e-11	8.590700000000001e-10	3.2302e-07	-3.2318e-07
0.785	-4.01422e-08	-2.7140000000000003e-11	3.90456e-08	3.2462e-07	-3.2344e-07	-3.94824e-08	-2.078e-11	3.8528e-08	3.2444e-07	-3.2346e-07	-3.86898e-08	-2.531e-11	3.78556e-08	3.2422e-07	-3.2338e-07	-3.76196e-08	-2.6940000000000003e-11	3.68984e-08	3.2344e-07	-3.2336e-07	-3.61834e-08	-2.87e-11	3.55848e-08	3.2396e-07	-3.2326e-07	-3.4184e-08	-3.129e-11	3.3699e-08	3.2378e-07	-3.2326e-07	-3.13338e-08	-3.2460000000000003e-11	3.09842e-08	3.2366e-07	-3.2324e-07	-2.72872e-08	-3.201e-11	2.70592e-08	3.2342e-07	-3.232e-07	-2.14946e-08	-3.518e-11	2.13852e-08	3.2338e-07	-3.2322e-07	-1.3048599999999998e-08	-3.944e-11	1.3081399999999998e-08	3.238e-07	-3.2374e-07	-8.5313e-10	-4.399e-11	1.00075e-09	3.2308e-07	-3.2314e-07
0.78	-4.6934e-08	-2.819e-11	4.58562e-08	3.2386e-07	-3.2272e-07	-4.6219e-08	-2.7360000000000003e-11	4.52518e-08	3.2406e-07	-3.234e-07	-4.53032e-08	-2.8960000000000003e-11	4.446899999999999e-08	3.2418e-07	-3.2278e-07	-4.40552e-08	-2.631e-11	4.33494e-08	3.2406e-07	-3.2322e-07	-4.23982e-08	-2.9260000000000004e-11	4.17822e-08	3.2348e-07	-3.2274e-07	-4.00784e-08	-3.1990000000000004e-11	3.95848e-08	3.239e-07	-3.2332e-07	-3.67442e-08	-3.621e-11	3.63766e-08	3.2368e-07	-3.2322e-07	-3.20182e-08	-3.5810000000000004e-11	3.1764399999999994e-08	3.235e-07	-3.2312e-07	-2.51976e-08	-3.683e-11	2.50834e-08	3.2332e-07	-3.232e-07	-1.53404e-08	-4.494e-11	1.53642e-08	3.2374e-07	-3.2374e-07	-1.00155e-09	-5.001e-11	1.15003e-09	3.2308e-07	-3.232e-07
0.775	-5.50914e-08	-3.395e-11	5.4031199999999993e-08	3.2398e-07	-3.2344e-07	-5.423139999999999e-08	-2.606e-11	5.32992e-08	3.2442e-07	-3.2288e-07	-5.31824e-08	-3.23e-11	5.23392e-08	3.2428e-07	-3.2338e-07	-5.1724e-08	-3.497e-11	5.10358e-08	3.241e-07	-3.2328e-07	-4.97732e-08	-3.372e-11	4.9162e-08	3.2336e-07	-3.2328e-07	-4.70894e-08	-3.7020000000000005e-11	4.6566e-08	3.2378e-07	-3.2332e-07	-4.3177e-08	-4.094e-11	4.281859999999999e-08	3.2322e-07	-3.227e-07	-3.76378e-08	-4.1320000000000006e-11	3.74148e-08	3.2292e-07	-3.2258e-07	-2.96362e-08	-4.537e-11	2.9516e-08	3.234e-07	-3.2318e-07	-1.80512e-08	-4.964e-11	1.808e-08	3.2402e-07	-3.2396e-07	-1.3105e-09	-5.147e-11	1.3718e-09	3.2306e-07	-3.2314e-07
0.77	-6.449019999999999e-08	-3.661e-11	6.3435e-08	3.2462e-07	-3.2342e-07	-6.349999999999999e-08	-3.5300000000000003e-11	6.25502e-08	3.2444e-07	-3.2344e-07	-6.2278e-08	-3.353e-11	6.14576e-08	3.2418e-07	-3.2338e-07	-6.06366e-08	-3.413e-11	5.9897e-08	3.2398e-07	-3.2284e-07	-5.83264e-08	-4.0370000000000005e-11	5.77558e-08	3.2402e-07	-3.2332e-07	-5.51504e-08	-4.079e-11	5.46838e-08	3.2378e-07	-3.2324e-07	-5.063919999999999e-08	-4.7360000000000005e-11	5.029079999999999e-08	3.2366e-07	-3.2326e-07	-4.41242e-08	-4.433e-11	4.39196e-08	3.2352e-07	-3.2316e-07	-3.47724e-08	-4.475e-11	3.46816e-08	3.2326e-07	-3.2318e-07	-2.11828e-08	-5.5150000000000005e-11	2.12028e-08	3.2378e-07	-3.2374e-07	-1.4334e-09	-5.885000000000001e-11	1.6009e-09	3.231e-07	-3.2314e-07
0.765	-7.5784e-08	-4.016e-11	7.468339999999999e-08	3.2456e-07	-3.2336e-07	-7.463219999999999e-08	-3.754e-11	7.368259999999999e-08	3.2438e-07	-3.2342e-07	-7.320359999999999e-08	-3.9500000000000006e-11	7.23648e-08	3.2374e-07	-3.2332e-07	-7.122479999999999e-08	-4.098e-11	7.054719999999999e-08	3.2402e-07	-3.2328e-07	-6.86182e-08	-4.0960000000000006e-11	6.801199999999999e-08	3.2338e-07	-3.2332e-07	-6.48548e-08	-4.451e-11	6.440559999999999e-08	3.2386e-07	-3.232e-07	-5.9559e-08	-4.9910000000000005e-11	5.919459999999999e-08	3.2362e-07	-3.2324e-07	-5.192699999999999e-08	-5.161e-11	5.1668e-08	3.2352e-07	-3.232e-07	-4.09356e-08	-5.58e-11	4.08278e-08	3.234e-07	-3.2324e-07	-2.4964e-08	-5.991e-11	2.49822e-08	3.2384e-07	-3.2376e-07	-1.7013e-09	-6.753000000000001e-11	1.8837e-09	3.2298e-07	-3.2316e-07
0.76	-8.883299999999999e-08	-4.4300000000000005e-11	8.7757e-08	3.2398e-07	-3.2344e-07	-8.7475e-08	-4.7000000000000006e-11	8.65518e-08	3.2382e-07	-3.233e-07	-8.581859999999999e-08	-4.054e-11	8.500719999999999e-08	3.2428e-07	-3.2332e-07	-8.356519999999999e-08	-4.403e-11	8.2865e-08	3.2402e-07	-3.2332e-07	-8.046459999999999e-08	-4.981000000000001e-11	7.987619999999999e-08	3.2402e-07	-3.2326e-07	-7.61198e-08	-5.1120000000000007e-11	7.56048e-08	3.238e-07	-3.2318e-07	-6.99036e-08	-5.573e-11	6.95392e-08	3.2368e-07	-3.226e-07	-6.09472e-08	-5.481e-11	6.074079999999999e-08	3.2348e-07	-3.2302e-07	-4.80764e-08	-5.667e-11	4.7962e-08	3.2278e-07	-3.2314e-07	-2.93104e-08	-6.553e-11	2.93538e-08	3.2384e-07	-3.2374e-07	-2.0027e-09	-7.113e-11	2.2035e-09	3.2308e-07	-3.2318e-07
0.755	-1.04374e-07	-4.5100000000000005e-11	1.033e-07	3.2452e-07	-3.2342e-07	-1.02878e-07	-5.011e-11	1.0195e-07	3.2384e-07	-3.2334e-07	-1.009528e-07	-4.647e-11	1.00092e-07	3.2418e-07	-3.2332e-07	-9.829579999999998e-08	-4.8380000000000005e-11	9.75424e-08	3.2402e-07	-3.2322e-07	-9.46354e-08	-5.1010000000000007e-11	9.408279999999999e-08	3.239e-07	-3.2322e-07	-8.954599999999999e-08	-5.42e-11	8.910739999999999e-08	3.239e-07	-3.2326e-07	-8.2215e-08	-5.634e-11	8.192239999999998e-08	3.2368e-07	-3.2326e-07	-7.17308e-08	-6.292e-11	7.15232e-08	3.235e-07	-3.2316e-07	-5.656699999999999e-08	-6.523e-11	5.646919999999999e-08	3.2338e-07	-3.2318e-07	-3.44628e-08	-7.012e-11	3.45198e-08	3.2386e-07	-3.2378e-07	-2.3949e-09	-7.760000000000001e-11	2.6139e-09	3.2314e-07	-3.2316e-07
0.75	-1.2242e-07	-5.176e-11	1.2144e-07	3.2458e-07	-3.2344e-07	-1.2068e-07	-5.481e-11	1.1972e-07	3.2454e-07	-3.2338e-07	-1.1838e-07	-5.265000000000001e-11	1.1762e-07	3.2432e-07	-3.2332e-07	-1.1533860000000002e-07	-5.75e-11	1.146174e-07	3.2346e-07	-3.2272e-07	-1.111308e-07	-5.594e-11	1.104878e-07	3.2388e-07	-3.2272e-07	-1.051166e-07	-6.32e-11	1.0463700000000001e-07	3.2384e-07	-3.2314e-07	-9.65528e-08	-6.641e-11	9.61798e-08	3.2318e-07	-3.2324e-07	-8.420279999999998e-08	-6.929e-11	8.395059999999999e-08	3.2348e-07	-3.232e-07	-6.6398e-08	-7.115000000000001e-11	6.63038e-08	3.234e-07	-3.2316e-07	-4.04966e-08	-7.807e-11	4.05416e-08	3.2376e-07	-3.2374e-07	-2.8338e-09	-8.054e-11	3.0489e-09	3.2302e-07	-3.2316e-07
0.745	-1.4402e-07	-5.171e-11	1.4322e-07	3.2456e-07	-3.2348e-07	-1.4192e-07	-5.699e-11	1.4102e-07	3.2448e-07	-3.2328e-07	-1.3942e-07	-5.575e-11	1.3858e-07	3.2428e-07	-3.2338e-07	-1.357e-07	-5.652e-11	1.3514e-07	3.2362e-07	-3.2274e-07	-1.3074e-07	-6.351000000000001e-11	1.3012e-07	3.2386e-07	-3.2318e-07	-1.236e-07	-6.54e-11	1.2322e-07	3.238e-07	-3.233e-07	-1.136004e-07	-6.756000000000001e-11	1.1324540000000001e-07	3.2326e-07	-3.2276e-07	-9.91218e-08	-7.515e-11	9.888959999999999e-08	3.2352e-07	-3.2318e-07	-7.816459999999999e-08	-7.722e-11	7.80302e-08	3.233e-07	-3.2256e-07	-4.76926e-08	-8.192000000000001e-11	4.77914e-08	3.238e-07	-3.2378e-07	-3.3826e-09	-8.866e-11	3.5842e-09	3.2308e-07	-3.2316e-07
0.74	-1.6917999999999998e-07	-5.975e-11	1.6816e-07	3.245e-07	-3.2344e-07	-1.6662e-07	-6.11e-11	1.658e-07	3.244e-07	-3.2332e-07	-1.6354e-07	-6.196e-11	1.6286e-07	3.2372e-07	-3.229e-07	-1.5936e-07	-6.942e-11	1.5884e-07	3.2404e-07	-3.2336e-07	-1.5339999999999998e-07	-6.690000000000001e-11	1.528e-07	3.2396e-07	-3.2332e-07	-1.4532e-07	-7.009e-11	1.4473999999999998e-07	3.233e-07	-3.2326e-07	-1.335e-07	-7.765000000000001e-11	1.3308e-07	3.2378e-07	-3.2326e-07	-1.1632e-07	-8.237000000000001e-11	1.163e-07	3.229e-07	-3.226e-07	-9.16892e-08	-8.927e-11	9.17136e-08	3.228e-07	-3.2258e-07	-5.60012e-08	-9.052e-11	5.60838e-08	3.2378e-07	-3.238e-07	-3.9715e-09	-9.921e-11	4.1834e-09	3.2308e-07	-3.2314e-07
0.735	-1.9886e-07	-6.575e-11	1.9786e-07	3.2454e-07	-3.2344e-07	-1.961e-07	-6.450000000000001e-11	1.952e-07	3.244e-07	-3.2338e-07	-1.925e-07	-7.111e-11	1.9164e-07	3.2428e-07	-3.2334e-07	-1.8752e-07	-6.89e-11	1.8698e-07	3.2398e-07	-3.233e-07	-1.8044e-07	-7.415000000000001e-11	1.8012e-07	3.2342e-07	-3.2278e-07	-1.7096e-07	-7.630000000000001e-11	1.7056e-07	3.2336e-07	-3.2326e-07	-1.5704e-07	-7.89e-11	1.5678e-07	3.2366e-07	-3.2324e-07	-1.3702e-07	-8.365e-11	1.3662e-07	3.2358e-07	-3.232e-07	-1.0804180000000001e-07	-9.332e-11	1.0798040000000001e-07	3.2336e-07	-3.232e-07	-6.5918e-08	-9.667e-11	6.597979999999999e-08	3.2378e-07	-3.2372e-07	-4.6457e-09	-1.1058e-10	4.8756e-09	3.2312e-07	-3.2306e-07
0.73	-2.3364e-07	-7.306e-11	2.3264e-07	3.246e-07	-3.2344e-07	-2.3024e-07	-7.722e-11	2.2928e-07	3.2382e-07	-3.2288e-07	-2.2606e-07	-7.603e-11	2.251e-07	3.2468e-07	-3.2378e-07	-2.2016e-07	-8.031e-11	2.1968e-07	3.2404e-07	-3.2332e-07	-2.1206e-07	-8.118000000000001e-11	2.1164e-07	3.2408e-07	-3.2326e-07	-2.008e-07	-8.983e-11	2.0026e-07	3.2378e-07	-3.2316e-07	-1.8446e-07	-9.014e-11	1.8416e-07	3.2368e-07	-3.2326e-07	-1.61e-07	-9.146e-11	1.6074e-07	3.2346e-07	-3.2318e-07	-1.2694e-07	-1.0358e-10	1.2688e-07	3.2336e-07	-3.2312e-07	-7.74254e-08	-1.0557e-10	7.749559999999999e-08	3.2378e-07	-3.2378e-07	-5.4838e-09	-1.1878e-10	5.7495e-09	3.224e-07	-3.2244e-07
0.725	-2.749e-07	-7.837000000000001e-11	2.7388e-07	3.2456e-07	-3.2344e-07	-2.7104e-07	-8.293e-11	2.7008e-07	3.2436e-07	-3.234e-07	-2.6612e-07	-8.612000000000001e-11	2.6534e-07	3.2422e-07	-3.2332e-07	-2.592e-07	-8.489e-11	2.5854e-07	3.2328e-07	-3.2258e-07	-2.4986e-07	-8.787e-11	2.4914e-07	3.2398e-07	-3.2332e-07	-2.365e-07	-8.96e-11	2.3602e-07	3.2378e-07	-3.2326e-07	-2.1696e-07	-9.4e-11	2.1702e-07	3.2374e-07	-3.233e-07	-1.894e-07	-9.967e-11	1.8944e-07	3.235e-07	-3.2314e-07	-1.4934e-07	-1.0785e-10	1.4938e-07	3.2288e-07	-3.2258e-07	-9.12002e-08	-1.1467e-10	9.13034e-08	3.2384e-07	-3.24e-07	-6.4611e-09	-1.2717e-10	6.6994e-09	3.2306e-07	-3.2318e-07
0.72	-3.2332e-07	-8.358000000000001e-11	3.2204e-07	3.2452e-07	-3.2342e-07	-3.1872e-07	-8.844e-11	3.1774e-07	3.2436e-07	-3.2338e-07	-3.1262e-07	-8.931000000000001e-11	3.1198e-07	3.2426e-07	-3.2338e-07	-3.046e-07	-9.444e-11	3.0388e-07	3.2404e-07	-3.2332e-07	-2.9352e-07	-9.848e-11	2.9314e-07	3.2402e-07	-3.2326e-07	-2.7788e-07	-9.883000000000001e-11	2.7728e-07	3.238e-07	-3.2324e-07	-2.5508e-07	-1.074e-10	2.548e-07	3.232e-07	-3.2332e-07	-2.2242e-07	-1.1772e-10	2.2234e-07	3.2354e-07	-3.2314e-07	-1.752e-07	-1.1820000000000002e-10	1.7576e-07	3.2328e-07	-3.232e-07	-1.0704659999999998e-07	-1.2196e-10	1.071948e-07	3.2384e-07	-3.2378e-07	-7.5901e-09	-1.3583e-10	7.8344e-09	3.231e-07	-3.2318e-07
0.715	-3.8066e-07	-9.504e-11	3.7924e-07	3.245e-07	-3.2294e-07	-3.7502e-07	-9.284e-11	3.7418e-07	3.244e-07	-3.2332e-07	-3.6784e-07	-9.884e-11	3.6706e-07	3.242e-07	-3.2338e-07	-3.583e-07	-1.0108e-10	3.5786e-07	3.2406e-07	-3.2324e-07	-3.453e-07	-1.03e-10	3.4496e-07	3.2398e-07	-3.233e-07	-3.2692e-07	-1.0357e-10	3.2658e-07	3.238e-07	-3.2266e-07	-3.0026e-07	-1.0893e-10	2.9996e-07	3.2376e-07	-3.2332e-07	-2.618e-07	-1.1956e-10	2.6184e-07	3.2348e-07	-3.2318e-07	-2.0652e-07	-1.2672e-10	2.064e-07	3.2336e-07	-3.2318e-07	-1.2592e-07	-1.3579e-10	1.2628e-07	3.2384e-07	-3.2368e-07	-8.8823e-09	-1.4753e-10	9.1595e-09	3.2248e-07	-3.226e-07
0.71	-4.4664e-07	-1.0196e-10	4.4568e-07	3.2454e-07	-3.235e-07	-4.4022e-07	-1.0139e-10	4.394e-07	3.2442e-07	-3.2342e-07	-4.323e-07	-1.0432e-10	4.3168e-07	3.2428e-07	-3.2338e-07	-4.2132e-07	-1.0582e-10	4.2064e-07	3.235e-07	-3.2278e-07	-4.0578e-07	-1.1357000000000001e-10	4.053e-07	3.2392e-07	-3.2338e-07	-3.8422e-07	-1.2112000000000002e-10	3.8366e-07	3.2384e-07	-3.232e-07	-3.5294e-07	-1.1918000000000002e-10	3.527e-07	3.2374e-07	-3.2324e-07	-3.0758e-07	-1.2749000000000002e-10	3.0734e-07	3.236e-07	-3.2324e-07	-2.4296e-07	-1.4073e-10	2.4294e-07	3.2336e-07	-3.2324e-07	-1.4816e-07	-1.4502e-10	1.482e-07	3.2382e-07	-3.238e-07	-1.0407e-08	-1.5736e-10	1.0767e-08	3.23e-07	-3.2308e-07
0.705	-5.2636e-07	-1.1292e-10	5.2494e-07	3.2456e-07	-3.2344e-07	-5.1852e-07	-1.1369e-10	5.1766e-07	3.2436e-07	-3.234e-07	-5.092e-07	-1.1516e-10	5.0834e-07	3.2428e-07	-3.2348e-07	-4.9594e-07	-1.1986e-10	4.9578e-07	3.2406e-07	-3.2328e-07	-4.7816e-07	-1.2109000000000002e-10	4.7742e-07	3.2398e-07	-3.2328e-07	-4.5246e-07	-1.2667e-10	4.5194e-07	3.238e-07	-3.2328e-07	-4.1546e-07	-1.3244e-10	4.1524e-07	3.2372e-07	-3.2326e-07	-3.6284e-07	-1.3613e-10	3.6226e-07	3.2346e-07	-3.233e-07	-2.8606e-07	-1.4757e-10	2.8578e-07	3.2332e-07	-3.2318e-07	-1.7454e-07	-1.6027e-10	1.7462e-07	3.238e-07	-3.2366e-07	-1.33434e-08	-1.7075e-10	1.3372e-08	3.2316e-07	-3.2324e-07
0.7	-6.1842e-07	-1.1699e-10	6.175e-07	3.2456e-07	-3.234e-07	-6.0928e-07	-1.2191000000000002e-10	6.0824e-07	3.244e-07	-3.2332e-07	-5.9822e-07	-1.1914000000000001e-10	5.9748e-07	3.242e-07	-3.2338e-07	-5.8318e-07	-1.2699000000000002e-10	5.819e-07	3.2404e-07	-3.2336e-07	-5.6118e-07	-1.3465000000000002e-10	5.6082e-07	3.2402e-07	-3.2332e-07	-5.3144e-07	-1.3652e-10	5.3114e-07	3.2378e-07	-3.232e-07	-4.8796e-07	-1.4564e-10	4.8782e-07	3.2372e-07	-3.2318e-07	-4.2626e-07	-1.5094000000000002e-10	4.2608e-07	3.2358e-07	-3.232e-07	-3.3592e-07	-1.5762000000000002e-10	3.3614e-07	3.2338e-07	-3.2318e-07	-2.0468e-07	-1.7196000000000002e-10	2.0516e-07	3.2388e-07	-3.2376e-07	-1.54246e-08	-1.8564e-10	1.58486e-08	3.2308e-07	-3.2326e-07
0.695	-7.2826e-07	-1.3004e-10	7.2678e-07	3.2454e-07	-3.234e-07	-7.1746e-07	-1.3015e-10	7.1646e-07	3.2434e-07	-3.2342e-07	-7.046e-07	-1.3407e-10	7.0402e-07	3.2424e-07	-3.234e-07	-6.8664e-07	-1.4213e-10	6.8586e-07	3.2402e-07	-3.2332e-07	-6.6106e-07	-1.4080000000000002e-10	6.6136e-07	3.2328e-07	-3.2262e-07	-6.2598e-07	-1.4245e-10	6.2522e-07	3.2382e-07	-3.2334e-07	-5.7438e-07	-1.5764e-10	5.7428e-07	3.2316e-07	-3.2278e-07	-5.0186e-07	-1.6448e-10	5.0162e-07	3.2358e-07	-3.2326e-07	-3.9568e-07	-1.7073e-10	3.9572e-07	3.2336e-07	-3.2308e-07	-2.4148e-07	-1.7999000000000002e-10	2.4174e-07	3.2378e-07	-3.2378e-07	-1.82492e-08	-1.9789000000000003e-10	1.84346e-08	3.2302e-07	-3.2308e-07
0.69	-8.5566e-07	-1.3813000000000002e-10	8.5512e-07	3.2456e-07	-3.2336e-07	-8.4326e-07	-1.3817e-10	8.4226e-07	3.2438e-07	-3.2286e-07	-8.2794e-07	-1.4191e-10	8.2756e-07	3.2422e-07	-3.233e-07	-8.065199999999999e-07	-1.4706e-10	8.062e-07	3.241e-07	-3.2332e-07	-7.773799999999999e-07	-1.5246e-10	7.768199999999999e-07	3.2354e-07	-3.2332e-07	-7.3486e-07	-1.6074e-10	7.353e-07	3.2372e-07	-3.232e-07	-6.7536e-07	-1.6421000000000002e-10	6.751e-07	3.2374e-07	-3.233e-07	-5.894e-07	-1.743e-10	5.8948e-07	3.2352e-07	-3.233e-07	-4.647e-07	-1.8464e-10	4.6516e-07	3.2278e-07	-3.2312e-07	-2.8376e-07	-1.9496e-10	2.8376e-07	3.2392e-07	-3.2378e-07	-2.1332e-08	-2.1328e-10	2.20534e-08	3.2304e-07	-3.2308e-07
0.685	-1.00576e-06	-1.5410000000000002e-10	1.00482e-06	3.2454e-07	-3.2344e-07	-9.9192e-07	-1.5361e-10	9.8984e-07	3.2446e-07	-3.2336e-07	-9.7278e-07	-1.6064e-10	9.725e-07	3.2426e-07	-3.2342e-07	-9.4792e-07	-1.5843000000000002e-10	9.4792e-07	3.2404e-07	-3.2336e-07	-9.1362e-07	-1.6205000000000002e-10	9.1272e-07	3.2398e-07	-3.2332e-07	-8.6452e-07	-1.7201e-10	8.6334e-07	3.2378e-07	-3.2324e-07	-7.9358e-07	-1.7881000000000003e-10	7.9426e-07	3.2308e-07	-3.2328e-07	-6.9312e-07	-1.8513e-10	6.9236e-07	3.2356e-07	-3.2326e-07	-5.457e-07	-2.0061e-10	5.456e-07	3.2344e-07	-3.2312e-07	-3.3422e-07	-2.087e-10	3.3388e-07	3.2404e-07	-3.2396e-07	-2.52944e-08	-2.258e-10	2.54814e-08	3.2302e-07	-3.2314e-07
0.68	-1.1817e-06	-1.6151000000000002e-10	1.1815e-06	3.2458e-07	-3.2344e-07	-1.1635000000000002e-06	-1.6561e-10	1.1639000000000002e-06	3.2434e-07	-3.2332e-07	-1.14584e-06	-1.6664e-10	1.14524e-06	3.2364e-07	-3.2326e-07	-1.11652e-06	-1.6770000000000003e-10	1.11592e-06	3.2404e-07	-3.2338e-07	-1.07614e-06	-1.7941e-10	1.07492e-06	3.2344e-07	-3.2276e-07	-1.0181e-06	-1.8585e-10	1.01776e-06	3.2326e-07	-3.2276e-07	-9.3524e-07	-1.9026e-10	9.3492e-07	3.2366e-07	-3.2326e-07	-8.1674e-07	-1.9805e-10	8.1662e-07	3.2356e-07	-3.2326e-07	-6.4302e-07	-2.0826e-10	6.4292e-07	3.2344e-07	-3.2316e-07	-3.9336e-07	-2.2809e-10	3.9352e-07	3.2376e-07	-3.2378e-07	-2.96926e-08	-2.4377000000000003e-10	3.00436e-08	3.2246e-07	-3.2316e-07
0.675	-1.3872000000000005e-06	-1.7468e-10	1.3878e-06	3.2452e-07	-3.2344e-07	-1.3675e-06	-1.7598000000000002e-10	1.3690000000000001e-06	3.2438e-07	-3.2332e-07	-1.3437000000000002e-06	-1.7894e-10	1.3445000000000002e-06	3.2426e-07	-3.2336e-07	-1.3091e-06	-1.8171e-10	1.3089e-06	3.2402e-07	-3.2324e-07	-1.2605e-06	-1.9215e-10	1.261e-06	3.2396e-07	-3.2328e-07	-1.1923000000000002e-06	-1.9763e-10	1.1941e-06	3.2382e-07	-3.2326e-07	-1.09724e-06	-2.0778e-10	1.09784e-06	3.2316e-07	-3.2276e-07	-9.59e-07	-2.1565000000000003e-10	9.5982e-07	3.2302e-07	-3.2314e-07	-7.5524e-07	-2.262e-10	7.5518e-07	3.2326e-07	-3.2314e-07	-4.6086e-07	-2.3603e-10	4.622e-07	3.2382e-07	-3.2388e-07	-3.51944e-08	-2.5653000000000004e-10	3.5909999999999995e-08	3.2306e-07	-3.2316e-07
0.67	-1.636e-06	-1.8232e-10	1.6356e-06	3.245e-07	-3.2344e-07	-1.6109e-06	-1.8829e-10	1.6131e-06	3.2366e-07	-3.227e-07	-1.5805000000000002e-06	-1.9097e-10	1.5832000000000001e-06	3.2366e-07	-3.2302e-07	-1.5419000000000002e-06	-1.9584e-10	1.5432e-06	3.2406e-07	-3.2294e-07	-1.4836e-06	-2.0328e-10	1.4868e-06	3.2392e-07	-3.2336e-07	-1.4061000000000002e-06	-2.116e-10	1.4049e-06	3.2374e-07	-3.2336e-07	-1.2910000000000002e-06	-2.1988e-10	1.2918e-06	3.2368e-07	-3.2272e-07	-1.12886e-06	-2.3295e-10	1.12936e-06	3.2296e-07	-3.2266e-07	-8.908e-07	-2.4284e-10	8.8998e-07	3.2282e-07	-3.2272e-07	-5.4388e-07	-2.5419000000000003e-10	5.4396e-07	3.2384e-07	-3.238e-07	-4.1471e-08	-2.7466e-10	4.2184199999999993e-08	3.2304e-07	-3.2312e-07
0.665	-1.9234e-06	-1.9824e-10	1.9242e-06	3.2456e-07	-3.2342e-07	-1.894e-06	-2.055e-10	1.8944e-06	3.2442e-07	-3.2332e-07	-1.8584000000000005e-06	-2.104e-10	1.8596e-06	3.2422e-07	-3.2336e-07	-1.8115e-06	-2.1047e-10	1.8126e-06	3.2408e-07	-3.2324e-07	-1.7445000000000002e-06	-2.1478e-10	1.7449000000000002e-06	3.2398e-07	-3.233e-07	-1.6513000000000002e-06	-2.2659e-10	1.6538000000000002e-06	3.2384e-07	-3.2326e-07	-1.5144e-06	-2.3798000000000004e-10	1.5173e-06	3.2378e-07	-3.2324e-07	-1.3231e-06	-2.4605000000000004e-10	1.3236e-06	3.2354e-07	-3.2318e-07	-1.04566e-06	-2.6014000000000004e-10	1.04592e-06	3.2336e-07	-3.2314e-07	-6.4012e-07	-2.7027000000000004e-10	6.392e-07	3.2384e-07	-3.2376e-07	-4.8891e-08	-2.8819e-10	4.932779999999999e-08	3.2304e-07	-3.2312e-07
0.66	-2.2656000000000004e-06	-2.0827e-10	2.2654000000000004e-06	3.2456e-07	-3.233e-07	-2.2329000000000003e-06	-2.1445e-10	2.2345000000000004e-06	3.243e-07	-3.2332e-07	-2.1904e-06	-2.2263e-10	2.1917e-06	3.2416e-07	-3.2332e-07	-2.1333000000000004e-06	-2.2569e-10	2.1359e-06	3.2408e-07	-3.2332e-07	-2.0555e-06	-2.3465e-10	2.0572000000000004e-06	3.2388e-07	-3.233e-07	-1.9454e-06	-2.4422e-10	1.948e-06	3.2386e-07	-3.2326e-07	-1.7851000000000005e-06	-2.4912e-10	1.7891000000000002e-06	3.2368e-07	-3.233e-07	-1.5569e-06	-2.6152000000000004e-10	1.5584000000000002e-06	3.235e-07	-3.2318e-07	-1.2289000000000002e-06	-2.7809e-10	1.2272e-06	3.2336e-07	-3.226e-07	-7.5272e-07	-2.9382e-10	7.521e-07	3.2386e-07	-3.238e-07	-5.70088e-08	-3.0578e-10	5.7709e-08	3.2306e-07	-3.2312e-07
0.655	-2.6628e-06	-2.297e-10	2.6647e-06	3.2456e-07	-3.2348e-07	-2.6237000000000004e-06	-2.286e-10	2.6256000000000003e-06	3.2436e-07	-3.2336e-07	-2.5748000000000003e-06	-2.3825000000000003e-10	2.5788e-06	3.2426e-07	-3.2334e-07	-2.5096e-06	-2.4497000000000003e-10	2.5104e-06	3.2406e-07	-3.2328e-07	-2.4163e-06	-2.4603000000000003e-10	2.4187e-06	3.2394e-07	-3.233e-07	-2.2876000000000003e-06	-2.5697000000000004e-10	2.2872000000000003e-06	3.2384e-07	-3.2332e-07	-2.0982e-06	-2.6685e-10	2.1e-06	3.2378e-07	-3.2276e-07	-1.8308e-06	-2.7652000000000004e-10	1.8307e-06	3.235e-07	-3.2324e-07	-1.4417e-06	-2.8854e-10	1.4449e-06	3.2338e-07	-3.232e-07	-8.8362e-07	-3.0729000000000003e-10	8.8414e-07	3.2388e-07	-3.2372e-07	-6.689419999999999e-08	-3.2528000000000004e-10	6.790259999999999e-08	3.2308e-07	-3.231e-07
0.65	-3.136e-06	-2.4305e-10	3.1385000000000005e-06	3.2454e-07	-3.2336e-07	-3.0919000000000004e-06	-2.4273e-10	3.0912e-06	3.244e-07	-3.2342e-07	-3.0354e-06	-2.503e-10	3.0361000000000005e-06	3.2372e-07	-3.233e-07	-2.9549000000000003e-06	-2.6085000000000003e-10	2.9578000000000003e-06	3.2408e-07	-3.2326e-07	-2.8463e-06	-2.6362e-10	2.849e-06	3.2392e-07	-3.2332e-07	-2.6937e-06	-2.7346e-10	2.6943e-06	3.2384e-07	-3.2332e-07	-2.4727e-06	-2.8082e-10	2.4733e-06	3.2368e-07	-3.2332e-07	-2.1557000000000004e-06	-2.9364000000000003e-10	2.1563000000000004e-06	3.2296e-07	-3.227e-07	-1.6963000000000002e-06	-3.1116000000000004e-10	1.6986e-06	3.2284e-07	-3.227e-07	-1.04192e-06	-3.2305000000000004e-10	1.04122e-06	3.2384e-07	-3.2372e-07	-7.92026e-08	-3.4179e-10	7.9188e-08	3.2302e-07	-3.2314e-07
0.645	-3.6883e-06	-2.6079000000000004e-10	3.6892e-06	3.2458e-07	-3.2342e-07	-3.6332e-06	-2.6633e-10	3.6375e-06	3.2446e-07	-3.234e-07	-3.5686000000000004e-06	-2.6421e-10	3.5679e-06	3.242e-07	-3.2338e-07	-3.4743000000000003e-06	-2.7835000000000003e-10	3.4769000000000005e-06	3.241e-07	-3.2326e-07	-3.345e-06	-2.8256e-10	3.3478000000000004e-06	3.2398e-07	-3.2334e-07	-3.1656e-06	-2.9282000000000003e-10	3.1687000000000003e-06	3.2384e-07	-3.233e-07	-2.9059000000000004e-06	-3.017e-10	2.9059000000000004e-06	3.237e-07	-3.232e-07	-2.5308000000000004e-06	-3.1323e-10	2.5354000000000003e-06	3.2356e-07	-3.2308e-07	-1.9935e-06	-3.248e-10	1.9954000000000004e-06	3.2338e-07	-3.232e-07	-1.2158e-06	-3.4316000000000003e-10	1.2198000000000002e-06	3.2384e-07	-3.238e-07	-9.315299999999999e-08	-3.652e-10	9.33168e-08	3.2254e-07	-3.226e-07
0.64	-4.3474e-06	-2.7473000000000004e-10	4.345000000000001e-06	3.246e-07	-3.2336e-07	-4.284300000000001e-06	-2.8338e-10	4.2834e-06	3.2392e-07	-3.2284e-07	-4.204000000000001e-06	-2.8631e-10	4.2023e-06	3.2368e-07	-3.2338e-07	-4.0938000000000005e-06	-2.909e-10	4.0941e-06	3.241e-07	-3.2324e-07	-3.941300000000001e-06	-3.0153000000000004e-10	3.943e-06	3.2392e-07	-3.2332e-07	-3.7252e-06	-3.0856e-10	3.7321e-06	3.2382e-07	-3.233e-07	-3.4236e-06	-3.2041000000000003e-10	3.4259000000000005e-06	3.2368e-07	-3.233e-07	-2.9842e-06	-3.331e-10	2.9830000000000005e-06	3.2358e-07	-3.233e-07	-2.3478e-06	-3.4741000000000004e-10	2.3476e-06	3.2338e-07	-3.2322e-07	-1.4332e-06	-3.661e-10	1.4339000000000002e-06	3.238e-07	-3.238e-07	-1.073478e-07	-3.8188e-10	1.0856340000000001e-07	3.2302e-07	-3.2316e-07
0.635	-5.112200000000001e-06	-2.9399000000000004e-10	5.1097e-06	3.2456e-07	-3.2338e-07	-5.030700000000001e-06	-2.9827000000000005e-10	5.031100000000001e-06	3.2444e-07	-3.2332e-07	-4.9392e-06	-3.0493e-10	4.9386000000000005e-06	3.2426e-07	-3.2336e-07	-4.8071e-06	-3.0694000000000003e-10	4.8073000000000005e-06	3.2408e-07	-3.2324e-07	-4.6323000000000005e-06	-3.1954e-10	4.6299e-06	3.2402e-07	-3.233e-07	-4.3788e-06	-3.2885e-10	4.385500000000001e-06	3.2382e-07	-3.2332e-07	-4.020100000000001e-06	-3.3898e-10	4.0200000000000005e-06	3.2366e-07	-3.2324e-07	-3.5059e-06	-3.5289e-10	3.5061e-06	3.2354e-07	-3.233e-07	-2.7584e-06	-3.6408000000000005e-10	2.7602000000000003e-06	3.2342e-07	-3.2318e-07	-1.681e-06	-3.8513e-10	1.6872e-06	3.2406e-07	-3.24e-07	-1.172436e-07	-4.0577e-10	1.2716e-07	3.2246e-07	-3.226e-07
0.63	-6.0218000000000005e-06	-3.0926000000000003e-10	6.0206e-06	3.2456e-07	-3.2338e-07	-5.926600000000001e-06	-3.1363000000000003e-10	5.930400000000001e-06	3.2444e-07	-3.2346e-07	-5.8181e-06	-3.2225000000000005e-10	5.8167000000000006e-06	3.2426e-07	-3.2336e-07	-5.6641000000000005e-06	-3.3041e-10	5.6678e-06	3.24e-07	-3.233e-07	-5.4588e-06	-3.3742e-10	5.457900000000001e-06	3.2396e-07	-3.2332e-07	-5.160900000000001e-06	-3.4735000000000005e-10	5.164700000000001e-06	3.2326e-07	-3.2272e-07	-4.7279e-06	-3.6116e-10	4.736700000000001e-06	3.2372e-07	-3.2324e-07	-4.121300000000001e-06	-3.7213e-10	4.124000000000001e-06	3.236e-07	-3.2322e-07	-3.2499000000000004e-06	-3.8861e-10	3.2474000000000005e-06	3.2332e-07	-3.2326e-07	-1.9791e-06	-4.0111e-10	1.9830000000000003e-06	3.2384e-07	-3.238e-07	-1.5094e-07	-4.2588e-10	1.4982e-07	3.225e-07	-3.2312e-07
0.625	-7.072700000000001e-06	-3.2994e-10	7.071200000000001e-06	3.2454e-07	-3.2342e-07	-6.967100000000001e-06	-3.3362000000000003e-10	6.967700000000001e-06	3.244e-07	-3.2342e-07	-6.832900000000001e-06	-3.3647000000000003e-10	6.8345e-06	3.2426e-07	-3.2284e-07	-6.6533e-06	-3.5084e-10	6.6537e-06	3.2408e-07	-3.2332e-07	-6.4103e-06	-3.5482e-10	6.4138e-06	3.2388e-07	-3.2326e-07	-6.062400000000001e-06	-3.6436e-10	6.065600000000001e-06	3.2386e-07	-3.233e-07	-5.5608e-06	-3.7796e-10	5.5562e-06	3.2368e-07	-3.2284e-07	-4.8434e-06	-3.9172e-10	4.8446e-06	3.2302e-07	-3.2274e-07	-3.818500000000001e-06	-4.0773000000000005e-10	3.816e-06	3.2338e-07	-3.2316e-07	-2.3243000000000003e-06	-4.2709e-10	2.3270000000000003e-06	3.2392e-07	-3.2374e-07	-1.7578e-07	-4.5501e-10	1.7542e-07	3.2306e-07	-3.224e-07
0.62	-8.3324e-06	-3.4745e-10	8.326900000000002e-06	3.2458e-07	-3.234e-07	-8.2073e-06	-3.5745000000000004e-10	8.2037e-06	3.2384e-07	-3.2278e-07	-8.050000000000001e-06	-3.5895000000000004e-10	8.046300000000001e-06	3.2428e-07	-3.2284e-07	-7.8351e-06	-3.6771e-10	7.8341e-06	3.2404e-07	-3.2326e-07	-7.548700000000002e-06	-3.7497000000000005e-10	7.546000000000002e-06	3.2392e-07	-3.2328e-07	-7.136400000000001e-06	-3.8645000000000005e-10	7.139800000000001e-06	3.2384e-07	-3.2324e-07	-6.5487000000000005e-06	-4.0127000000000005e-10	6.551600000000001e-06	3.2372e-07	-3.2326e-07	-5.7061e-06	-4.1325000000000005e-10	5.7058000000000005e-06	3.2356e-07	-3.2324e-07	-4.4863000000000006e-06	-4.3498e-10	4.4944000000000005e-06	3.234e-07	-3.2306e-07	-2.7353000000000003e-06	-4.4947000000000005e-10	2.7412e-06	3.2392e-07	-3.238e-07	-2.077e-07	-4.6982e-10	2.0536e-07	3.2324e-07	-3.2318e-07
0.615	-9.7852e-06	-3.6868e-10	9.7864e-06	3.2454e-07	-3.234e-07	-9.6401e-06	-3.7855000000000005e-10	9.6425e-06	3.2432e-07	-3.2318e-07	-9.4557e-06	-3.7940000000000005e-10	9.4589e-06	3.2428e-07	-3.2342e-07	-9.2094e-06	-3.8749e-10	9.2046e-06	3.2402e-07	-3.233e-07	-8.8671e-06	-3.987e-10	8.8656e-06	3.2394e-07	-3.2324e-07	-8.376e-06	-4.0887000000000006e-10	8.3803e-06	3.2358e-07	-3.233e-07	-7.690800000000001e-06	-4.1951e-10	7.6907e-06	3.2368e-07	-3.2324e-07	-6.696500000000001e-06	-4.3492e-10	6.701400000000001e-06	3.2356e-07	-3.2324e-07	-5.2742e-06	-4.5112e-10	5.279500000000001e-06	3.2338e-07	-3.2324e-07	-3.2129e-06	-4.771400000000001e-10	3.2138000000000005e-06	3.239e-07	-3.2374e-07	-2.445e-07	-4.9677e-10	2.4412e-07	3.232e-07	-3.2318e-07
0.61	-1.1532e-05	-3.8897000000000005e-10	1.1526e-05	3.2452e-07	-3.2338e-07	-1.13503e-05	-3.989e-10	1.1353200000000002e-05	3.2442e-07	-3.2336e-07	-1.1135400000000002e-05	-4.0497000000000005e-10	1.11367e-05	3.2422e-07	-3.2338e-07	-1.08383e-05	-4.0632000000000005e-10	1.0834900000000002e-05	3.2398e-07	-3.2332e-07	-1.04425e-05	-4.2015e-10	1.04402e-05	3.2392e-07	-3.2324e-07	-9.8586e-06	-4.3200000000000006e-10	9.869e-06	3.239e-07	-3.233e-07	-9.0506e-06	-4.4471000000000006e-10	9.0449e-06	3.2326e-07	-3.233e-07	-7.8775e-06	-4.5715e-10	7.881900000000002e-06	3.2354e-07	-3.232e-07	-6.197800000000001e-06	-4.7318e-10	6.212000000000001e-06	3.2334e-07	-3.232e-07	-3.7787e-06	-4.9319e-10	3.780100000000001e-06	3.2386e-07	-3.239e-07	-2.8566e-07	-5.123100000000001e-10	2.8488e-07	3.2314e-07	-3.2324e-07
0.605	-1.3528e-05	-4.1081000000000005e-10	1.354e-05	3.2514e-07	-3.2402e-07	-1.3336e-05	-4.1171e-10	1.333e-05	3.2438e-07	-3.2324e-07	-1.3082e-05	-4.2414000000000005e-10	1.3088e-05	3.2366e-07	-3.233e-07	-1.2734e-05	-4.3307e-10	1.273e-05	3.2404e-07	-3.2318e-07	-1.2264e-05	-4.4105e-10	1.2262e-05	3.2394e-07	-3.2332e-07	-1.1586e-05	-4.5255000000000006e-10	1.1584e-05	3.238e-07	-3.2322e-07	-1.0622400000000002e-05	-4.6219e-10	1.06209e-05	3.2374e-07	-3.2332e-07	-9.2566e-06	-4.8346e-10	9.2587e-06	3.2356e-07	-3.2322e-07	-7.280600000000002e-06	-4.9655e-10	7.2804e-06	3.233e-07	-3.2316e-07	-4.425000000000001e-06	-5.1985e-10	4.4316e-06	3.2394e-07	-3.2382e-07	-3.3334e-07	-5.4486e-10	3.308e-07	3.2318e-07	-3.2314e-07
0.6	-1.5922e-05	-4.2760000000000005e-10	1.5944000000000002e-05	3.252e-07	-3.241e-07	-1.5686000000000002e-05	-4.4255e-10	1.5686000000000002e-05	3.2428e-07	-3.2338e-07	-1.5378e-05	-4.4693e-10	1.537e-05	3.2428e-07	-3.2336e-07	-1.4964e-05	-4.4866e-10	1.4984e-05	3.2402e-07	-3.2322e-07	-1.4402e-05	-4.6648e-10	1.4424e-05	3.2398e-07	-3.2332e-07	-1.3626e-05	-4.757800000000001e-10	1.3622e-05	3.2382e-07	-3.2326e-07	-1.2506e-05	-4.8617e-10	1.2502e-05	3.2364e-07	-3.2318e-07	-1.0874100000000001e-05	-5.027e-10	1.0879500000000001e-05	3.2354e-07	-3.2324e-07	-8.557900000000002e-06	-5.198100000000001e-10	8.550800000000001e-06	3.2338e-07	-3.2318e-07	-5.206100000000001e-06	-5.417700000000001e-10	5.2071000000000005e-06	3.2384e-07	-3.2386e-07	-3.9072e-07	-5.6512e-10	3.9358e-07	3.2312e-07	-3.2324e-07
0.595	-1.8698e-05	-4.5206e-10	1.8694e-05	3.2504e-07	-3.2396e-07	-1.841e-05	-4.5825000000000005e-10	1.8418e-05	3.2442e-07	-3.2338e-07	-1.805e-05	-4.6906e-10	1.8066e-05	3.243e-07	-3.2334e-07	-1.756e-05	-4.8086e-10	1.7556e-05	3.241e-07	-3.233e-07	-1.6916000000000002e-05	-4.8316e-10	1.6918e-05	3.2398e-07	-3.2334e-07	-1.599e-05	-4.9697e-10	1.597e-05	3.239e-07	-3.2334e-07	-1.465e-05	-5.1281e-10	1.4654e-05	3.237e-07	-3.2278e-07	-1.2762e-05	-5.2513e-10	1.2748e-05	3.2356e-07	-3.2324e-07	-1.00309e-05	-5.487000000000001e-10	1.00453e-05	3.2344e-07	-3.231e-07	-6.1037000000000005e-06	-5.712000000000001e-10	6.1036e-06	3.2378e-07	-3.238e-07	-4.5306e-07	-5.9236e-10	4.5286e-07	3.2312e-07	-3.2324e-07
0.59	-2.1992e-05	-4.7534e-10	2.1976e-05	3.2512e-07	-3.2398e-07	-2.165e-05	-4.8169e-10	2.164e-05	3.2442e-07	-3.2342e-07	-2.1214e-05	-4.8514e-10	2.1226e-05	3.2426e-07	-3.2332e-07	-2.0672e-05	-5.0137e-10	2.0664e-05	3.241e-07	-3.2336e-07	-1.9884e-05	-5.1463e-10	1.9902e-05	3.2398e-07	-3.2282e-07	-1.8798e-05	-5.206e-10	1.8792e-05	3.2372e-07	-3.2332e-07	-1.7224e-05	-5.366700000000001e-10	1.7222000000000002e-05	3.2366e-07	-3.232e-07	-1.498e-05	-5.5148e-10	1.4998e-05	3.2362e-07	-3.2326e-07	-1.179e-05	-5.7179e-10	1.179e-05	3.2338e-07	-3.2314e-07	-7.155000000000001e-06	-5.934900000000001e-10	7.1633000000000005e-06	3.238e-07	-3.2376e-07	-5.3214e-07	-6.2065e-10	5.361e-07	3.232e-07	-3.2324e-07
0.585	-2.579e-05	-4.9919e-10	2.5798e-05	3.252e-07	-3.2402e-07	-2.542e-05	-5.0322e-10	2.5406e-05	3.2436e-07	-3.2342e-07	-2.4892e-05	-5.1234e-10	2.49e-05	3.242e-07	-3.2274e-07	-2.4234e-05	-5.217100000000001e-10	2.4238e-05	3.2416e-07	-3.233e-07	-2.3282e-05	-5.3554e-10	2.3322e-05	3.2344e-07	-3.227e-07	-2.202e-05	-5.4951e-10	2.2034e-05	3.239e-07	-3.233e-07	-2.0178e-05	-5.617300000000001e-10	2.0178e-05	3.2366e-07	-3.233e-07	-1.757e-05	-5.801000000000001e-10	1.7568000000000002e-05	3.2354e-07	-3.2322e-07	-1.3804e-05	-5.976100000000001e-10	1.381e-05	3.2276e-07	-3.2314e-07	-8.398700000000001e-06	-6.2013e-10	8.392300000000001e-06	3.2378e-07	-3.2378e-07	-6.177e-07	-6.4625e-10	6.207e-07	3.232e-07	-3.2324e-07
0.58	-3.0324e-05	-5.2438e-10	3.0332e-05	3.2514e-07	-3.2406e-07	-2.982e-05	-5.3237e-10	2.9824e-05	3.2432e-07	-3.2326e-07	-2.9256e-05	-5.387800000000001e-10	2.9258e-05	3.2414e-07	-3.2336e-07	-2.848e-05	-5.452500000000001e-10	2.846e-05	3.2408e-07	-3.233e-07	-2.7392e-05	-5.6078e-10	2.7374000000000003e-05	3.2384e-07	-3.2336e-07	-2.587e-05	-5.708900000000001e-10	2.588e-05	3.2384e-07	-3.2324e-07	-2.3684e-05	-5.871500000000001e-10	2.3692e-05	3.2366e-07	-3.2324e-07	-2.061e-05	-6.036600000000001e-10	2.0602e-05	3.2356e-07	-3.2324e-07	-1.6176e-05	-6.206200000000001e-10	1.618e-05	3.2338e-07	-3.2318e-07	-9.8296e-06	-6.449e-10	9.8164e-06	3.2384e-07	-3.2372e-07	-7.1928e-07	-6.7518e-10	7.226599999999999e-07	3.2312e-07	-3.2318e-07
0.575	-3.5518e-05	-5.4492e-10	3.5522e-05	3.2518e-07	-3.2402e-07	-3.4968e-05	-5.5473e-10	3.495e-05	3.238e-07	-3.2288e-07	-3.429e-05	-5.6722e-10	3.4274000000000004e-05	3.2428e-07	-3.2304e-07	-3.3354e-05	-5.7082e-10	3.3342e-05	3.2398e-07	-3.2332e-07	-3.207e-05	-5.8133e-10	3.2054e-05	3.2396e-07	-3.233e-07	-3.0284e-05	-5.9647e-10	3.0288e-05	3.2384e-07	-3.2332e-07	-2.774e-05	-6.146800000000001e-10	2.7742e-05	3.2308e-07	-3.2276e-07	-2.4106e-05	-6.287900000000001e-10	2.412e-05	3.2354e-07	-3.232e-07	-1.8898e-05	-6.498100000000001e-10	1.8926e-05	3.229e-07	-3.2302e-07	-1.14855e-05	-6.7126e-10	1.14851e-05	3.2374e-07	-3.2372e-07	-8.302e-07	-6.988100000000001e-10	8.3432e-07	3.23e-07	-3.2264e-07
0.57	-4.171e-05	-5.739500000000001e-10	4.1714e-05	3.252e-07	-3.2402e-07	-4.102e-05	-5.812300000000001e-10	4.1046e-05	3.2428e-07	-3.2326e-07	-4.0232e-05	-5.8729e-10	4.0188e-05	3.2424e-07	-3.233e-07	-3.912600000000001e-05	-6.0092e-10	3.916000000000001e-05	3.2408e-07	-3.2328e-07	-3.7634e-05	-6.0546e-10	3.7622e-05	3.2404e-07	-3.233e-07	-3.5504000000000004e-05	-6.165700000000001e-10	3.5532e-05	3.2376e-07	-3.233e-07	-3.2514e-05	-6.3702e-10	3.2536e-05	3.2374e-07	-3.233e-07	-2.8266e-05	-6.5906e-10	2.828e-05	3.2356e-07	-3.232e-07	-2.2156e-05	-6.7989e-10	2.2152e-05	3.2338e-07	-3.2324e-07	-1.3452e-05	-7.0284e-10	1.344e-05	3.2386e-07	-3.2366e-07	-9.6e-07	-7.3123e-10	9.715e-07	3.2298e-07	-3.232e-07
0.565	-4.88e-05	-5.9635e-10	4.878e-05	3.252e-07	-3.24e-07	-4.803e-05	-6.0562e-10	4.8006e-05	3.2434e-07	-3.2332e-07	-4.7084e-05	-6.0631e-10	4.7106e-05	3.2426e-07	-3.233e-07	-4.5768e-05	-6.240300000000001e-10	4.5802e-05	3.2408e-07	-3.2366e-07	-4.4008e-05	-6.334100000000001e-10	4.4028e-05	3.2394e-07	-3.2276e-07	-4.1532e-05	-6.510200000000001e-10	4.1522e-05	3.2378e-07	-3.2326e-07	-3.7992e-05	-6.6766e-10	3.8016e-05	3.2362e-07	-3.2276e-07	-3.2992e-05	-6.8248e-10	3.2988e-05	3.2352e-07	-3.2318e-07	-2.5872e-05	-7.048000000000001e-10	2.5866e-05	3.234e-07	-3.2318e-07	-1.5644e-05	-7.2912e-10	1.5666000000000002e-05	3.2384e-07	-3.2386e-07	-1.1188e-06	-7.5916e-10	1.12644e-06	3.2304e-07	-3.2314e-07
0.56	-5.7172e-05	-6.2505e-10	5.7216e-05	3.251e-07	-3.2412e-07	-5.6278e-05	-6.314e-10	5.6282e-05	3.2432e-07	-3.233e-07	-5.5168e-05	-6.389900000000001e-10	5.5172e-05	3.2428e-07	-3.2326e-07	-5.3644e-05	-6.5036e-10	5.3652e-05	3.235e-07	-3.2326e-07	-5.156e-05	-6.587700000000001e-10	5.1542e-05	3.2388e-07	-3.229e-07	-4.8632000000000005e-05	-6.7412e-10	4.8606e-05	3.2382e-07	-3.2332e-07	-4.45e-05	-6.9021e-10	4.4468e-05	3.2322e-07	-3.227e-07	-3.862e-05	-7.1407e-10	3.8608e-05	3.2356e-07	-3.2316e-07	-3.023e-05	-7.3414e-10	3.0218e-05	3.2342e-07	-3.2314e-07	-1.8316e-05	-7.651e-10	1.83e-05	3.238e-07	-3.2378e-07	-1.3232e-06	-7.9264e-10	1.3127000000000002e-06	3.2298e-07	-3.2308e-07
0.555	-6.6834e-05	-6.4561e-10	6.6866e-05	3.252e-07	-3.2404e-07	-6.575400000000001e-05	-6.5647e-10	6.577e-05	3.2442e-07	-3.2336e-07	-6.4424e-05	-6.658200000000001e-10	6.4478e-05	3.2414e-07	-3.2336e-07	-6.267000000000001e-05	-6.7448e-10	6.2654e-05	3.2408e-07	-3.2326e-07	-6.0128e-05	-6.921900000000001e-10	6.018e-05	3.24e-07	-3.2282e-07	-5.6762e-05	-7.071600000000001e-10	5.6754e-05	3.2386e-07	-3.2338e-07	-5.1922e-05	-7.2581e-10	5.1894e-05	3.2372e-07	-3.233e-07	-4.4982e-05	-7.3672e-10	4.5018e-05	3.2288e-07	-3.2276e-07	-3.5208e-05	-7.6091e-10	3.5238000000000004e-05	3.234e-07	-3.232e-07	-2.1262e-05	-7.9276e-10	2.1288e-05	3.2386e-07	-3.238e-07	-1.5488e-06	-8.235e-10	1.5449000000000002e-06	3.2308e-07	-3.231e-07
0.55	-7.8188e-05	-6.7414e-10	7.8244e-05	3.2512e-07	-3.2392e-07	-7.6966e-05	-6.8187e-10	7.6934e-05	3.2434e-07	-3.2342e-07	-7.5342e-05	-6.9745e-10	7.538400000000002e-05	3.2418e-07	-3.2328e-07	-7.326e-05	-7.052100000000001e-10	7.3246e-05	3.2402e-07	-3.2324e-07	-7.0374e-05	-7.1846e-10	7.035e-05	3.2398e-07	-3.233e-07	-6.631000000000001e-05	-7.3107e-10	6.6312e-05	3.2384e-07	-3.2334e-07	-6.0614e-05	-7.4869e-10	6.0662e-05	3.2368e-07	-3.233e-07	-5.2526000000000005e-05	-7.7205e-10	5.2478e-05	3.23e-07	-3.2266e-07	-4.1052e-05	-7.9695e-10	4.1054e-05	3.2282e-07	-3.2322e-07	-2.4784e-05	-8.2323e-10	2.4746e-05	3.2402e-07	-3.239e-07	-1.7794000000000005e-06	-8.5851e-10	1.8244000000000005e-06	3.2308e-07	-3.2312e-07
0.545	-9.115e-05	-7.0107e-10	9.1162e-05	3.2516e-07	-3.2402e-07	-8.9654e-05	-7.0935e-10	8.9694e-05	3.2438e-07	-3.2334e-07	-8.7892e-05	-7.166700000000001e-10	8.7842e-05	3.2424e-07	-3.2334e-07	-8.5404e-05	-7.319800000000001e-10	8.537e-05	3.2404e-07	-3.2328e-07	-8.1974e-05	-7.5038e-10	8.1918e-05	3.2392e-07	-3.2326e-07	-7.7228e-05	-7.638000000000001e-10	7.722600000000002e-05	3.238e-07	-3.2326e-07	-7.0522e-05	-7.779500000000001e-10	7.0516e-05	3.2372e-07	-3.233e-07	-6.1074e-05	-7.9724e-10	6.1074e-05	3.2352e-07	-3.2332e-07	-4.7672e-05	-8.224400000000001e-10	4.7706e-05	3.233e-07	-3.2318e-07	-2.87e-05	-8.5553e-10	2.8742e-05	3.2384e-07	-3.2378e-07	-2.0413000000000003e-06	-8.892500000000001e-10	2.0081000000000003e-06	3.231e-07	-3.2314e-07
0.54	-0.000106414	-7.3394e-10	0.000106386	3.2512e-07	-3.2406e-07	-0.000104614	-7.3717e-10	0.000104652	3.2432e-07	-3.2334e-07	-0.000102538	-7.4678e-10	0.000102546	3.2422e-07	-3.2326e-07	-9.962e-05	-7.6368e-10	9.9626e-05	3.2396e-07	-3.2264e-07	-9.554e-05	-7.7366e-10	9.5526e-05	3.2392e-07	-3.2322e-07	-8.9962e-05	-7.9252e-10	9.0042e-05	3.2384e-07	-3.2326e-07	-8.214600000000001e-05	-8.0576e-10	8.216e-05	3.2372e-07	-3.2284e-07	-7.102000000000001e-05	-8.3483e-10	7.0976e-05	3.235e-07	-3.2318e-07	-5.543e-05	-8.592000000000001e-10	5.5464e-05	3.2278e-07	-3.2308e-07	-3.3292e-05	-8.897300000000001e-10	3.3294000000000003e-05	3.238e-07	-3.2378e-07	-2.3822e-06	-9.2473e-10	2.3743000000000003e-06	3.2314e-07	-3.232e-07
0.535	-0.0001235	-7.5911e-10	0.00012362	3.2508e-07	-3.2408e-07	-0.00012144	-7.6496e-10	0.0001216	3.244e-07	-3.2332e-07	-0.00011892	-7.812400000000001e-10	0.00011906	3.2414e-07	-3.2336e-07	-0.0001155	-7.915100000000001e-10	0.00011572	3.2404e-07	-3.2332e-07	-0.000110974	-8.0218e-10	0.000110988	3.2392e-07	-3.2326e-07	-0.000104474	-8.205700000000001e-10	0.000104474	3.2384e-07	-3.233e-07	-9.5302e-05	-8.4084e-10	9.5266e-05	3.2372e-07	-3.233e-07	-8.232e-05	-8.622e-10	8.2328e-05	3.2354e-07	-3.232e-07	-6.4074e-05	-8.9111e-10	6.411600000000001e-05	3.2332e-07	-3.232e-07	-3.85e-05	-9.2524e-10	3.8438e-05	3.238e-07	-3.2384e-07	-2.68e-06	-9.6064e-10	2.7079000000000004e-06	3.2252e-07	-3.232e-07
0.53	-0.00014366	-7.8538e-10	0.00014386	3.2518e-07	-3.2402e-07	-0.0001413	-7.982e-10	0.00014156	3.2436e-07	-3.2336e-07	-0.00013834	-8.065400000000001e-10	0.00013848	3.2422e-07	-3.2332e-07	-0.00013436	-8.1871e-10	0.00013452	3.2404e-07	-3.2332e-07	-0.0001288	-8.3482e-10	0.0001289	3.2396e-07	-3.2334e-07	-0.00012114	-8.4966e-10	0.00012124	3.2384e-07	-3.2328e-07	-0.000110562	-8.781e-10	0.00011062	3.2374e-07	-3.2324e-07	-9.5374e-05	-8.9922e-10	9.5424e-05	3.236e-07	-3.2324e-07	-7.4174e-05	-9.3107e-10	7.414800000000002e-05	3.2342e-07	-3.2318e-07	-4.437e-05	-9.536e-10	4.4398e-05	3.2372e-07	-3.2384e-07	-3.1131000000000003e-06	-9.9751e-10	3.1358e-06	3.227e-07	-3.2304e-07
0.525	-0.0001667	-8.187500000000001e-10	0.0001668	3.2512e-07	-3.24e-07	-0.00016376	-8.224e-10	0.00016406	3.243e-07	-3.2336e-07	-0.00016028	-8.3988e-10	0.00016056	3.2418e-07	-3.2336e-07	-0.00015566	-8.5142e-10	0.00015582	3.2404e-07	-3.2326e-07	-0.0001491	-8.634200000000001e-10	0.00014928	3.2402e-07	-3.233e-07	-0.00013996	-8.8359e-10	0.00014032	3.238e-07	-3.2312e-07	-0.00012754	-9.034700000000001e-10	0.0001277	3.2366e-07	-3.2314e-07	-0.000110092	-9.3055e-10	0.000110172	3.2354e-07	-3.2326e-07	-8.546e-05	-9.6319e-10	8.547e-05	3.2338e-07	-3.2322e-07	-5.0982e-05	-9.939e-10	5.1026e-05	3.241e-07	-3.2396e-07	-3.5441000000000005e-06	-1.0363900000000002e-09	3.5719000000000005e-06	3.2312e-07	-3.2312e-07
0.52	-0.00019332	-8.4647e-10	0.00019346	3.2512e-07	-3.2418e-07	-0.0001899	-8.587300000000001e-10	0.00019028	3.2438e-07	-3.2328e-07	-0.00018568	-8.679500000000001e-10	0.00018608	3.2424e-07	-3.2278e-07	-0.00018038	-8.848000000000001e-10	0.00018048	3.2402e-07	-3.2334e-07	-0.00017248	-8.9774e-10	0.00017288	3.2348e-07	-3.2326e-07	-0.00016206	-9.152100000000001e-10	0.00016226	3.2334e-07	-3.2276e-07	-0.00014728	-9.3411e-10	0.00014758	3.2372e-07	-3.2326e-07	-0.00012676	-9.6516e-10	0.00012686	3.2356e-07	-3.2262e-07	-9.835800000000001e-05	-9.9233e-10	9.8402e-05	3.2284e-07	-3.2318e-07	-5.8554e-05	-1.03138e-09	5.856e-05	3.2384e-07	-3.2374e-07	-4.069900000000001e-06	-1.07104e-09	4.1261e-06	3.2308e-07	-3.2308e-07
0.515	-0.00022336	-8.7972e-10	0.00022344	3.2516e-07	-3.2406e-07	-0.0002194	-8.8475e-10	0.00021952	3.2438e-07	-3.229e-07	-0.00021446	-9.021200000000001e-10	0.00021458	3.237e-07	-3.2336e-07	-0.00020798	-9.1916e-10	0.00020826	3.24e-07	-3.233e-07	-0.00019898	-9.3127e-10	0.0001992	3.2342e-07	-3.233e-07	-0.00018672	-9.5184e-10	0.00018682	3.2366e-07	-3.2324e-07	-0.0001694	-9.748e-10	0.00016974	3.2318e-07	-3.2268e-07	-0.00014562	-1.00084e-09	0.00014582	3.2352e-07	-3.2324e-07	-0.000112758	-1.0328e-09	0.000112712	3.2336e-07	-3.2316e-07	-6.699600000000001e-05	-1.07582e-09	6.6932e-05	3.2404e-07	-3.2404e-07	-4.677600000000001e-06	-1.11031e-09	4.5824e-06	3.2314e-07	-3.226e-07
0.51	-0.0002578	-9.083400000000001e-10	0.00025814	3.2514e-07	-3.2402e-07	-0.00025336	-9.250099999999999e-10	0.00025344	3.2432e-07	-3.2332e-07	-0.0002475	-9.3363e-10	0.00024776	3.242e-07	-3.2334e-07	-0.00024018	-9.467e-10	0.0002401	3.241e-07	-3.2332e-07	-0.00022948	-9.6432e-10	0.00022964	3.2384e-07	-3.2326e-07	-0.00021502	-9.8315e-10	0.0002154	3.2336e-07	-3.2278e-07	-0.00019484	-1.01003e-09	0.00019514	3.2366e-07	-3.233e-07	-0.00016696	-1.03489e-09	0.00016734	3.2348e-07	-3.232e-07	-0.0001288	-1.0684e-09	0.00012902	3.2342e-07	-3.2312e-07	-7.64e-05	-1.10775e-09	7.6376e-05	3.2384e-07	-3.238e-07	-5.259700000000001e-06	-1.1558e-09	5.254300000000001e-06	3.225e-07	-3.2312e-07
0.505	-0.0002963	-9.4377e-10	0.00029648	3.251e-07	-3.2396e-07	-0.00029106	-9.521e-10	0.00029132	3.2384e-07	-3.2272e-07	-0.00028444	-9.6651e-10	0.00028448	3.2422e-07	-3.2336e-07	-0.00027542	-9.8195e-10	0.00027552	3.2338e-07	-3.2256e-07	-0.00026316	-1.0022e-09	0.00026336	3.2398e-07	-3.2334e-07	-0.00024626	-1.02532e-09	0.00024658	3.234e-07	-3.2276e-07	-0.00022312	-1.0524200000000002e-09	0.0002232	3.2368e-07	-3.232e-07	-0.00019092	-1.07658e-09	0.00019104	3.2348e-07	-3.232e-07	-0.00014682	-1.1118e-09	0.00014684	3.2338e-07	-3.2316e-07	-8.6744e-05	-1.1514e-09	8.6814e-05	3.2374e-07	-3.2388e-07	-6.051600000000001e-06	-1.197e-09	5.926600000000001e-06	3.2314e-07	-3.2322e-07
0.5	-0.0003409	-9.743e-10	0.0003408	3.2514e-07	-3.2406e-07	-0.00033428	-9.9176e-10	0.00033454	3.2438e-07	-3.2334e-07	-0.00032664	-1.00043e-09	0.00032678	3.2418e-07	-3.2336e-07	-0.00031596	-1.01488e-09	0.0003162	3.2404e-07	-3.2332e-07	-0.0003017	-1.0382e-09	0.00030174	3.2392e-07	-3.233e-07	-0.00028174	-1.0595e-09	0.0002822	3.2384e-07	-3.2278e-07	-0.00025504	-1.08345e-09	0.00025512	3.2368e-07	-3.232e-07	-0.00021774	-1.11557e-09	0.0002179	3.2354e-07	-3.232e-07	-0.00016686	-1.149e-09	0.00016698	3.2338e-07	-3.2314e-07	-9.8452e-05	-1.1949e-09	9.8512e-05	3.2394e-07	-3.2378e-07	-6.691300000000001e-06	-1.2394e-09	6.7901e-06	3.2308e-07	-3.2312e-07
0.495	-0.00038964	-1.00964e-09	0.00038978	3.2516e-07	-3.2402e-07	-0.0003826	-1.02156e-09	0.00038254	3.244e-07	-3.23e-07	-0.00037306	-1.03502e-09	0.00037318	3.2422e-07	-3.234e-07	-0.00036098	-1.05407e-09	0.0003611	3.2416e-07	-3.2344e-07	-0.00034404	-1.0726e-09	0.00034426	3.2396e-07	-3.2336e-07	-0.00032148	-1.09999e-09	0.0003218	3.2388e-07	-3.2332e-07	-0.00028986	-1.1263e-09	0.00029034	3.2368e-07	-3.232e-07	-0.000247	-1.159e-09	0.00024738	3.2348e-07	-3.2324e-07	-0.00018888	-1.1954e-09	0.00018938	3.2338e-07	-3.2318e-07	-0.000111006	-1.2355e-09	0.000110956	3.2406e-07	-3.238e-07	-7.427800000000002e-06	-1.2811e-09	7.527100000000002e-06	3.2246e-07	-3.2258e-07
0.49	-0.00044522	-1.0427500000000001e-09	0.00044522	3.253e-07	-3.2418e-07	-0.00043666	-1.05467e-09	0.00043708	3.2438e-07	-3.2342e-07	-0.00042582	-1.07394e-09	0.00042618	3.2422e-07	-3.234e-07	-0.00041182	-1.09093e-09	0.00041206	3.2408e-07	-3.2336e-07	-0.0003921	-1.10634e-09	0.00039246	3.2394e-07	-3.2274e-07	-0.00036564	-1.1375e-09	0.0003661	3.2374e-07	-3.2324e-07	-0.00032924	-1.1666e-09	0.00032954	3.2366e-07	-3.2322e-07	-0.00027988	-1.1959e-09	0.00028028	3.2348e-07	-3.2324e-07	-0.00021328	-1.2365e-09	0.00021374	3.233e-07	-3.231e-07	-0.00012462	-1.2817e-09	0.0001251	3.238e-07	-3.2372e-07	-8.393300000000001e-06	-1.3306e-09	8.486000000000001e-06	3.2308e-07	-3.2316e-07
0.485	-0.00050638	-1.07784e-09	0.00050668	3.2514e-07	-3.2396e-07	-0.00049646	-1.08896e-09	0.0004969	3.2442e-07	-3.2334e-07	-0.00048404	-1.10651e-09	0.00048444	3.2418e-07	-3.2336e-07	-0.00046698	-1.1299e-09	0.0004675	3.241e-07	-3.2332e-07	-0.00044416	-1.1527e-09	0.00044464	3.2394e-07	-3.233e-07	-0.0004139	-1.177e-09	0.00041394	3.2386e-07	-3.2326e-07	-0.00037196	-1.2063e-09	0.00037184	3.2366e-07	-3.232e-07	-0.00031534	-1.2406e-09	0.00031572	3.2352e-07	-3.232e-07	-0.00023966	-1.2833e-09	0.0002399	3.233e-07	-3.2314e-07	-0.0001395	-1.3245e-09	0.00013982	3.239e-07	-3.2374e-07	-9.3615e-06	-1.3749e-09	9.3729e-06	3.2312e-07	-3.2318e-07
0.48	-0.000575	-1.1176e-09	0.00057558	3.2508e-07	-3.2394e-07	-0.00056392	-1.1361e-09	0.000564	3.2446e-07	-3.2288e-07	-0.00054884	-1.1429e-09	0.00054922	3.243e-07	-3.2342e-07	-0.0005299	-1.1678e-09	0.00052974	3.2406e-07	-3.233e-07	-0.00050352	-1.1858e-09	0.00050372	3.2392e-07	-3.2272e-07	-0.0004678	-1.2176e-09	0.00046778	3.238e-07	-3.2316e-07	-0.00041978	-1.2435e-09	0.00041972	3.2362e-07	-3.2328e-07	-0.00035474	-1.2817e-09	0.00035494	3.2348e-07	-3.2324e-07	-0.0002688	-1.322e-09	0.0002691	3.2338e-07	-3.2318e-07	-0.0001558	-1.3749e-09	0.00015604	3.2398e-07	-3.2386e-07	-1.03629e-05	-1.4244e-09	1.04062e-05	3.2316e-07	-3.232e-07
0.475	-0.00065032	-1.1529e-09	0.00065046	3.25e-07	-3.24e-07	-0.0006372	-1.1638e-09	0.00063728	3.2436e-07	-3.2336e-07	-0.00061988	-1.1843e-09	0.00062014	3.2376e-07	-3.2338e-07	-0.00059736	-1.203e-09	0.0005974	3.2344e-07	-3.2326e-07	-0.00056676	-1.2289e-09	0.0005672	3.239e-07	-3.233e-07	-0.00052572	-1.2564e-09	0.0005258	3.2384e-07	-3.2324e-07	-0.00047054	-1.2937e-09	0.00047076	3.2318e-07	-3.2326e-07	-0.00039662	-1.3314e-09	0.00039716	3.2356e-07	-3.2328e-07	-0.0003	-1.371e-09	0.00029966	3.2336e-07	-3.2326e-07	-0.00017326	-1.4228e-09	0.00017314	3.2388e-07	-3.2386e-07	-1.14604e-05	-1.4778e-09	1.14217e-05	3.231e-07	-3.2312e-07
0.47	-0.00073422	-1.1897e-09	0.00073446	3.251e-07	-3.2392e-07	-0.0007189	-1.2065e-09	0.00071916	3.2438e-07	-3.2338e-07	-0.00069844	-1.2242e-09	0.00069872	3.243e-07	-3.2338e-07	-0.00067234	-1.2428e-09	0.0006729	3.2408e-07	-3.2332e-07	-0.00063748	-1.2704e-09	0.00063736	3.24e-07	-3.2336e-07	-0.0005894	-1.2988e-09	0.00059044	3.2326e-07	-3.2264e-07	-0.0005266	-1.3334e-09	0.00052678	3.2368e-07	-3.2322e-07	-0.00044272	-1.3767e-09	0.0004434	3.2356e-07	-3.2326e-07	-0.00033314	-1.4192e-09	0.00033314	3.2336e-07	-3.232e-07	-0.00019136	-1.4709e-09	0.00019202	3.2384e-07	-3.2378e-07	-1.17174e-05	-1.5232e-09	1.2664e-05	3.2314e-07	-3.2318e-07
0.465	-0.00082476	-1.2298e-09	0.00082436	3.251e-07	-3.239e-07	-0.00080636	-1.2426e-09	0.0008066	3.2436e-07	-3.2338e-07	-0.00078346	-1.2613e-09	0.00078334	3.2422e-07	-3.2342e-07	-0.00075304	-1.2836e-09	0.00075346	3.2354e-07	-3.2276e-07	-0.00071242	-1.3188e-09	0.00071284	3.2398e-07	-3.2336e-07	-0.00065826	-1.3471e-09	0.0006585	3.2326e-07	-3.232e-07	-0.00058596	-1.3833e-09	0.00058672	3.236e-07	-3.2316e-07	-0.00049152	-1.4216e-09	0.00049206	3.2356e-07	-3.2326e-07	-0.0003684	-1.4758e-09	0.00036878	3.2332e-07	-3.2312e-07	-0.00021126	-1.5221e-09	0.0002113	3.2382e-07	-3.2382e-07	-1.3662e-05	-1.5838e-09	1.3904e-05	3.2306e-07	-3.2314e-07
0.46	-0.00092462	-1.2665e-09	0.00092528	3.251e-07	-3.2402e-07	-0.0009039	-1.2861e-09	0.00090376	3.2438e-07	-3.2342e-07	-0.00087752	-1.3053e-09	0.0008771	3.2418e-07	-3.233e-07	-0.00084198	-1.3352e-09	0.00084232	3.241e-07	-3.234e-07	-0.00079552	-1.3577e-09	0.00079542	3.2388e-07	-3.233e-07	-0.00073316	-1.3922e-09	0.00073364	3.2384e-07	-3.2326e-07	-0.00065096	-1.4267e-09	0.0006514	3.237e-07	-3.232e-07	-0.00054374	-1.4726e-09	0.00054416	3.23e-07	-3.2272e-07	-0.00040614	-1.5252e-09	0.00040648	3.2336e-07	-3.2314e-07	-0.00023154	-1.5803e-09	0.00023216	3.2376e-07	-3.2376e-07	-1.5222e-05	-1.6369e-09	1.525e-05	3.2312e-07	-3.2326e-07
0.455	-0.00103152	-1.3045e-09	0.00103184	3.2522e-07	-3.2398e-07	-0.00100744	-1.327e-09	0.001008	3.2368e-07	-3.227e-07	-0.0009768	-1.3497e-09	0.000977	3.243e-07	-3.2334e-07	-0.00093638	-1.3756e-09	0.00093666	3.2402e-07	-3.2336e-07	-0.00088272	-1.4053e-09	0.0008831	3.2366e-07	-3.2324e-07	-0.00081234	-1.4415e-09	0.00081256	3.2376e-07	-3.2324e-07	-0.00071946	-1.485e-09	0.00071968	3.2368e-07	-3.2324e-07	-0.0005991	-1.5239e-09	0.00059914	3.2358e-07	-3.232e-07	-0.00044612	-1.5767e-09	0.00044642	3.2282e-07	-3.232e-07	-0.00025384	-1.6311e-09	0.0002534	3.2386e-07	-3.238e-07	-1.6378e-05	-1.6932e-09	1.6538e-05	3.2308e-07	-3.2314e-07
0.45	-0.00114924	-1.3448e-09	0.00114972	3.2506e-07	-3.2406e-07	-0.00112168	-1.3708e-09	0.0011218	3.2442e-07	-3.2338e-07	-0.00108594	-1.3971e-09	0.00108632	3.2414e-07	-3.234e-07	-0.00103988	-1.4226e-09	0.00103944	3.2404e-07	-3.2338e-07	-0.00097796	-1.4491e-09	0.0009784	3.2394e-07	-3.2334e-07	-0.00089716	-1.4874e-09	0.0008977	3.2378e-07	-3.2326e-07	-0.00079292	-1.5328e-09	0.00079286	3.2368e-07	-3.232e-07	-0.000658	-1.5792e-09	0.00065804	3.2352e-07	-3.2322e-07	-0.00048764	-1.6317e-09	0.00048818	3.2342e-07	-3.2324e-07	-0.00027658	-1.6917e-09	0.00027662	3.2378e-07	-3.2372e-07	-1.779e-05	-1.7565e-09	1.797e-05	3.2306e-07	-3.2308e-07
0.445	-0.0012732	-1.3912e-09	0.0012746	3.2496e-07	-3.2404e-07	-0.0012412	-1.4129e-09	0.0012424	3.2378e-07	-3.2288e-07	-0.0012006	-1.4381e-09	0.0012014	3.2368e-07	-3.2284e-07	-0.00114784	-1.4687e-09	0.00114738	3.2408e-07	-3.2334e-07	-0.00107794	-1.5036e-09	0.00107766	3.2384e-07	-3.2332e-07	-0.00098672	-1.5417e-09	0.00098706	3.2378e-07	-3.2332e-07	-0.00086898	-1.5851e-09	0.00086904	3.2314e-07	-3.2322e-07	-0.00071892	-1.6314e-09	0.0007194	3.2342e-07	-3.232e-07	-0.00053112	-1.6878e-09	0.00053184	3.233e-07	-3.2322e-07	-0.0002999	-1.7479e-09	0.00029948	3.2384e-07	-3.2378e-07	-1.9124e-05	-1.8101e-09	1.9188e-05	3.2308e-07	-3.2318e-07
0.44	-0.0014094	-1.4381e-09	0.0014106	3.2514e-07	-3.2398e-07	-0.001373	-1.4608e-09	0.001373	3.2438e-07	-3.2342e-07	-0.001325	-1.4855e-09	0.0013262	3.2364e-07	-3.2336e-07	-0.0012642	-1.5154e-09	0.0012658	3.2402e-07	-3.2276e-07	-0.0011844	-1.5528e-09	0.0011852	3.2386e-07	-3.2332e-07	-0.00108248	-1.5906e-09	0.0010817	3.2378e-07	-3.2326e-07	-0.00095002	-1.6378e-09	0.00095082	3.2372e-07	-3.2328e-07	-0.00078374	-1.687e-09	0.00078408	3.2346e-07	-3.2314e-07	-0.00057724	-1.7443e-09	0.00057712	3.233e-07	-3.2318e-07	-0.00032446	-1.8068e-09	0.0003247	3.2384e-07	-3.2374e-07	-2.0724e-05	-1.8744e-09	2.0814e-05	3.2304e-07	-3.2306e-07
0.435	-0.0015514	-1.4821e-09	0.001552	3.2506e-07	-3.2402e-07	-0.001509	-1.502e-09	0.0015102	3.2438e-07	-3.2342e-07	-0.0014558	-1.5323e-09	0.0014564	3.2422e-07	-3.2338e-07	-0.0013868	-1.5631e-09	0.0013866	3.2416e-07	-3.2332e-07	-0.0012966	-1.6066e-09	0.0012972	3.2342e-07	-3.2278e-07	-0.0011818	-1.6493e-09	0.0011816	3.2324e-07	-3.227e-07	-0.0010345	-1.6918e-09	0.00103392	3.2366e-07	-3.2326e-07	-0.00085022	-1.7492e-09	0.0008503	3.2346e-07	-3.2324e-07	-0.00062336	-1.8024e-09	0.0006237	3.2332e-07	-3.2312e-07	-0.0003489	-1.8716e-09	0.0003493	3.2382e-07	-3.2374e-07	-2.2062e-05	-1.94e-09	2.2122e-05	3.2302e-07	-3.2314e-07
0.43	-0.0017062	-1.5329e-09	0.0017062	3.2514e-07	-3.2408e-07	-0.001657	-1.5535e-09	0.0016582	3.2438e-07	-3.2338e-07	-0.0015952	-1.5818e-09	0.0015962	3.2354e-07	-3.227e-07	-0.001517	-1.6203e-09	0.0015174	3.241e-07	-3.2336e-07	-0.001415	-1.659e-09	0.001416	3.2392e-07	-3.233e-07	-0.0012852	-1.7056e-09	0.0012866	3.2372e-07	-3.2326e-07	-0.00112232	-1.7569e-09	0.00112262	3.2312e-07	-3.2278e-07	-0.00091938	-1.8134e-09	0.0009202	3.2346e-07	-3.2318e-07	-0.00067202	-1.8686e-09	0.00067252	3.2334e-07	-3.2318e-07	-0.00037494	-1.9385e-09	0.00037538	3.2382e-07	-3.2376e-07	-2.3582e-05	-2.0142e-09	2.3838e-05	3.2308e-07	-3.2308e-07
0.425	-0.0018654	-1.5768e-09	0.001867	3.2514e-07	-3.2406e-07	-0.00181	-1.6026e-09	0.0018118	3.2432e-07	-3.2336e-07	-0.0017406	-1.6342e-09	0.0017406	3.2424e-07	-3.2338e-07	-0.0016522	-1.6745e-09	0.001653	3.2352e-07	-3.2318e-07	-0.0015372	-1.7135e-09	0.0015384	3.2324e-07	-3.2258e-07	-0.001393	-1.7614e-09	0.0013938	3.2372e-07	-3.2326e-07	-0.001212	-1.8125e-09	0.0012128	3.2366e-07	-3.2326e-07	-0.00099082	-1.8705e-09	0.00099028	3.2294e-07	-3.2266e-07	-0.00072134	-1.9345e-09	0.00072198	3.2274e-07	-3.2262e-07	-0.00040028	-2.0005e-09	0.000401	3.2384e-07	-3.2378e-07	-2.5416e-05	-2.0783e-09	2.5286e-05	3.2304e-07	-3.2314e-07
0.42	-0.0020368	-1.6262e-09	0.0020382	3.2512e-07	-3.2402e-07	-0.0019744	-1.6587e-09	0.0019748	3.2436e-07	-3.2338e-07	-0.0018956	-1.6891e-09	0.0018952	3.2422e-07	-3.2336e-07	-0.001795	-1.7319e-09	0.0017954	3.2356e-07	-3.2276e-07	-0.0016674	-1.7654e-09	0.001667	3.2324e-07	-3.2272e-07	-0.0015062	-1.8213e-09	0.0015064	3.231e-07	-3.2272e-07	-0.001307	-1.8699e-09	0.0013066	3.2366e-07	-3.2326e-07	-0.00106376	-1.9338e-09	0.00106392	3.235e-07	-3.2318e-07	-0.00077286	-2.0037e-09	0.00077234	3.2336e-07	-3.2314e-07	-0.00042716	-2.0714e-09	0.000428	3.241e-07	-3.2402e-07	-2.6778e-05	-2.1539e-09	2.6758e-05	3.2312e-07	-3.2314e-07
0.415	-0.002214	-1.6752e-09	0.0022156	3.2502e-07	-3.2398e-07	-0.0021434	-1.7073e-09	0.0021438	3.2432e-07	-3.2336e-07	-0.0020532	-1.7435e-09	0.0020534	3.2366e-07	-3.2286e-07	-0.0019416	-1.7792e-09	0.0019412	3.2402e-07	-3.2332e-07	-0.0017982	-1.8293e-09	0.0017978	3.2398e-07	-3.233e-07	-0.0016206	-1.8829e-09	0.0016218	3.2368e-07	-3.2324e-07	-0.001402	-1.9384e-09	0.0014028	3.236e-07	-3.2332e-07	-0.00113734	-1.9969e-09	0.00113854	3.2354e-07	-3.2326e-07	-0.00082316	-2.0709e-09	0.00082318	3.2326e-07	-3.2304e-07	-0.00045404	-2.1445e-09	0.00045532	3.2384e-07	-3.2372e-07	-2.8292e-05	-2.2231e-09	2.8286e-05	3.2308e-07	-3.2318e-07
0.41	-0.0024026	-1.7307e-09	0.0024044	3.2508e-07	-3.2408e-07	-0.0023222	-1.7642e-09	0.002324	3.2368e-07	-3.2284e-07	-0.0022214	-1.8034e-09	0.0022212	3.2432e-07	-3.2342e-07	-0.0020944	-1.8375e-09	0.0020956	3.2344e-07	-3.2278e-07	-0.0019356	-1.8878e-09	0.0019372	3.2392e-07	-3.2332e-07	-0.00174	-1.9507e-09	0.0017406	3.2314e-07	-3.2266e-07	-0.0015012	-2.0033e-09	0.0015008	3.2366e-07	-3.2326e-07	-0.001214	-2.0689e-09	0.0012148	3.2354e-07	-3.2322e-07	-0.00087568	-2.1429e-09	0.00087648	3.233e-07	-3.2318e-07	-0.0004818	-2.2197e-09	0.00048238	3.2392e-07	-3.2374e-07	-3.0076e-05	-2.303e-09	3.0016e-05	3.2316e-07	-3.2316e-07
0.405	-0.0025964	-1.7861e-09	0.0025964	3.2516e-07	-3.2404e-07	-0.0025046	-1.8205e-09	0.0025068	3.2432e-07	-3.2326e-07	-0.0023916	-1.8551e-09	0.002392	3.2422e-07	-3.2336e-07	-0.0022506	-1.894e-09	0.0022516	3.2406e-07	-3.2334e-07	-0.0020752	-1.9542e-09	0.0020758	3.2312e-07	-3.2256e-07	-0.0018594	-2.0104e-09	0.0018608	3.2438e-07	-3.238e-07	-0.0016004	-2.0696e-09	0.0016004	3.2368e-07	-3.2336e-07	-0.0012904	-2.1331e-09	0.0012902	3.2352e-07	-3.2318e-07	-0.00092848	-2.2175e-09	0.00092848	3.2336e-07	-3.2322e-07	-0.00050852	-2.2965e-09	0.00050916	3.2378e-07	-3.2374e-07	-3.1634e-05	-2.3835e-09	3.1638000000000004e-05	3.2302e-07	-3.232e-07
0.4	-0.0028002	-1.8413e-09	0.0028008	3.2514e-07	-3.2402e-07	-0.002697	-1.874e-09	0.0026974	3.2432e-07	-3.2342e-07	-0.0025712	-1.9174e-09	0.0025706	3.242e-07	-3.2342e-07	-0.0024138	-1.9647e-09	0.002414	3.2404e-07	-3.2334e-07	-0.0022198	-2.0176e-09	0.0022204	3.239e-07	-3.2338e-07	-0.001984	-2.0852e-09	0.0019842	3.243e-07	-3.2384e-07	-0.0017018	-2.1358e-09	0.0017028	3.2364e-07	-3.2332e-07	-0.0013686	-2.2144e-09	0.00137	3.2352e-07	-3.2324e-07	-0.0009814	-2.2923e-09	0.00098144	3.2338e-07	-3.2312e-07	-0.00053624	-2.3693e-09	0.00053718	3.2382e-07	-3.2378e-07	-3.3162e-05	-2.4608e-09	3.3188e-05	3.2312e-07	-3.2308e-07
0.395	-0.0030078	-1.9002e-09	0.0030074	3.2516e-07	-3.2402e-07	-0.002892	-1.9321e-09	0.0028938	3.2436e-07	-3.2344e-07	-0.0027512	-1.9776e-09	0.002751	3.236e-07	-3.2284e-07	-0.0025782	-2.0279e-09	0.002578	3.2408e-07	-3.2332e-07	-0.0023652	-2.0807e-09	0.002365	3.2332e-07	-3.2332e-07	-0.0021084	-2.1492e-09	0.002109	3.2436e-07	-3.2392e-07	-0.001804	-2.2132999999999998e-09	0.0018046	3.2368e-07	-3.233e-07	-0.0014474	-2.2832e-09	0.0014478	3.2348e-07	-3.2318e-07	-0.00103478	-2.3594e-09	0.00103496	3.2332e-07	-3.2274e-07	-0.00056412	-2.4576e-09	0.00056464	3.2388e-07	-3.239e-07	-3.4812e-05	-2.5326e-09	3.4646e-05	3.2308e-07	-3.2314e-07
0.39	-0.0032238	-1.9605e-09	0.0032244	3.251e-07	-3.2402e-07	-0.003095	-2.0001e-09	0.0030964	3.2374e-07	-3.2314e-07	-0.0029372	-2.0483e-09	0.0029386	3.2422e-07	-3.2332e-07	-0.002748	-2.0959e-09	0.0027478	3.2404e-07	-3.2336e-07	-0.0025138	-2.1525e-09	0.0025148	3.2392e-07	-3.2326e-07	-0.0022358	-2.2246e-09	0.0022364	3.2434e-07	-3.2384e-07	-0.0019076	-2.2943e-09	0.0019092	3.2358e-07	-3.2322e-07	-0.0015256	-2.374e-09	0.0015254	3.2354e-07	-3.232e-07	-0.00108842	-2.4431e-09	0.00108876	3.2334e-07	-3.2314e-07	-0.00059176	-2.5329e-09	0.00059208	3.2378e-07	-3.238e-07	-3.662e-05	-2.6238e-09	3.6502e-05	3.231e-07	-3.2316e-07
0.385	-0.003443	-2.0248e-09	0.003444	3.2508e-07	-3.2412e-07	-0.003301	-2.0599e-09	0.0033008	3.2432e-07	-3.2342e-07	-0.0031282	-2.111e-09	0.0031274	3.2344e-07	-3.2268e-07	-0.0029168	-2.1673e-09	0.0029166	3.2398e-07	-3.233e-07	-0.0026642	-2.2228e-09	0.0026632	3.2386e-07	-3.2328e-07	-0.002362	-2.2939e-09	0.002363	3.2436e-07	-3.2386e-07	-0.0020094	-2.3721e-09	0.00201	3.2362e-07	-3.2328e-07	-0.001604	-2.4466e-09	0.0016048	3.235e-07	-3.2314e-07	-0.00114002	-2.527e-09	0.00114076	3.234e-07	-3.232e-07	-0.00061818	-2.6268e-09	0.00061874	3.239e-07	-3.238e-07	-3.823600000000001e-05	-2.7151e-09	3.8102e-05	3.2308e-07	-3.2312e-07
0.38	-0.0036708	-2.0868e-09	0.0036722	3.254e-07	-3.2432e-07	-0.0035136	-2.1278e-09	0.0035136	3.2438e-07	-3.2338e-07	-0.0033212	-2.1826e-09	0.0033216	3.242e-07	-3.2288e-07	-0.003092	-2.2406e-09	0.0030926	3.2402e-07	-3.2332e-07	-0.0028168	-2.3001e-09	0.0028172	3.2384e-07	-3.233e-07	-0.0024918	-2.3687e-09	0.0024928	3.2436e-07	-3.2388e-07	-0.0021148	-2.4503e-09	0.002116	3.2318e-07	-3.2326e-07	-0.0016832	-2.5365e-09	0.0016838	3.235e-07	-3.2312e-07	-0.001194	-2.6104e-09	0.0011936	3.2334e-07	-3.2318e-07	-0.00064556	-2.7107e-09	0.00064576	3.2384e-07	-3.2382e-07	-3.973e-05	-2.8047e-09	3.9644e-05	3.231e-07	-3.2316e-07
0.375	-0.0038996	-2.1429e-09	0.0039008	3.251e-07	-3.2406e-07	-0.0037258	-2.1924e-09	0.0037264	3.2438e-07	-3.2342e-07	-0.0035164	-2.2484e-09	0.0035158	3.242e-07	-3.233e-07	-0.0032642	-2.312e-09	0.0032662	3.2398e-07	-3.2324e-07	-0.002969	-2.3776e-09	0.002969	3.2332e-07	-3.2278e-07	-0.0026204	-2.4551e-09	0.0026212	3.2428e-07	-3.238e-07	-0.0022188	-2.5294e-09	0.002219	3.2362e-07	-3.2326e-07	-0.0017612	-2.6184e-09	0.0017616	3.2288e-07	-3.227e-07	-0.0012454	-2.7036e-09	0.0012474	3.233e-07	-3.2312e-07	-0.00067302	-2.809e-09	0.0006727	3.2382e-07	-3.238e-07	-4.086e-05	-2.8991e-09	4.102e-05	3.2248e-07	-3.2264e-07
0.37	-0.0041382	-2.2209e-09	0.0041374	3.2514e-07	-3.2408e-07	-0.003945	-2.2619e-09	0.0039464	3.2432e-07	-3.235e-07	-0.0037146	-2.3259e-09	0.0037164	3.242e-07	-3.234e-07	-0.0034414	-2.3833e-09	0.0034446	3.24e-07	-3.2328e-07	-0.0031224	-2.4505e-09	0.0031238	3.2384e-07	-3.2322e-07	-0.0027502	-2.5351e-09	0.0027512	3.2452e-07	-3.239e-07	-0.0023228	-2.6198e-09	0.0023238	3.2368e-07	-3.2326e-07	-0.0018398	-2.7099e-09	0.001839	3.2344e-07	-3.2318e-07	-0.001298	-2.7969e-09	0.0012992	3.2332e-07	-3.2312e-07	-0.00069866	-2.9036e-09	0.0006986	3.2378e-07	-3.2384e-07	-4.256e-05	-3.0061e-09	4.2396e-05	3.2312e-07	-3.232e-07
0.365	-0.0043722	-2.2887e-09	0.0043748	3.2506e-07	-3.2412e-07	-0.0041626	-2.3301e-09	0.0041628	3.2384e-07	-3.2306e-07	-0.0039124	-2.4056e-09	0.003912	3.2418e-07	-3.2324e-07	-0.0036208	-2.4579e-09	0.0036208	3.2344e-07	-3.2274e-07	-0.0032748	-2.5324e-09	0.003275	3.2336e-07	-3.2274e-07	-0.0028762	-2.6157e-09	0.0028782	3.2432e-07	-3.238e-07	-0.0024248	-2.6947e-09	0.0024258	3.2362e-07	-3.2276e-07	-0.0019162	-2.7977e-09	0.001916	3.2282e-07	-3.2316e-07	-0.0013496	-2.8951e-09	0.0013506	3.2336e-07	-3.2312e-07	-0.00072556	-2.9991e-09	0.00072626	3.2386e-07	-3.2378e-07	-4.4334e-05	-3.1048e-09	4.405e-05	3.2304e-07	-3.2326e-07
0.36	-0.0046176	-2.351e-09	0.0046178	3.2506e-07	-3.241e-07	-0.0043864	-2.4188e-09	0.0043874	3.2438e-07	-3.2342e-07	-0.0041146	-2.4879e-09	0.0041142	3.2422e-07	-3.2342e-07	-0.0037978	-2.5375e-09	0.0037974	3.235e-07	-3.2272e-07	-0.0034286	-2.6162e-09	0.0034292	3.2386e-07	-3.227e-07	-0.003005	-2.7087e-09	0.0030082	3.2438e-07	-3.2386e-07	-0.0025286	-2.7874e-09	0.0025288	3.236e-07	-3.2326e-07	-0.001992	-2.8915e-09	0.0019952	3.2346e-07	-3.2316e-07	-0.0014014	-2.9845e-09	0.0014024	3.2332e-07	-3.2318e-07	-0.00075168	-3.0963e-09	0.00075082	3.2374e-07	-3.2378e-07	-4.561e-05	-3.2148e-09	4.5264e-05	3.2312e-07	-3.232e-07
0.355	-0.0048574	-2.429e-09	0.0048586	3.25e-07	-3.2412e-07	-0.0046064	-2.4973e-09	0.0046068	3.2444e-07	-3.2348e-07	-0.0043132	-2.5604e-09	0.0043126	3.242e-07	-3.2328e-07	-0.0039728	-2.6226e-09	0.0039748	3.2402e-07	-3.2336e-07	-0.0035796	-2.71e-09	0.0035806	3.2334e-07	-3.2278e-07	-0.0031318	-2.7978e-09	0.0031328	3.2446e-07	-3.238e-07	-0.002628	-2.8795e-09	0.0026292	3.2366e-07	-3.227e-07	-0.0020676	-2.9853e-09	0.0020698	3.2296e-07	-3.2276e-07	-0.0014508	-3.0772e-09	0.0014524	3.233e-07	-3.2314e-07	-0.00077656	-3.2002e-09	0.00077748	3.2374e-07	-3.2372e-07	-4.7082e-05	-3.3157e-09	4.7084e-05	3.2302e-07	-3.2308e-07
0.35	-0.0051032	-2.5064e-09	0.005103	3.2508e-07	-3.2418e-07	-0.004832	-2.5766e-09	0.0048326	3.2438e-07	-3.235e-07	-0.0045126	-2.6306e-09	0.0045154	3.2414e-07	-3.2332e-07	-0.0041504	-2.7136e-09	0.0041504	3.2406e-07	-3.2334e-07	-0.0037318	-2.794e-09	0.0037328	3.2394e-07	-3.233e-07	-0.0032588	-2.898e-09	0.0032606	3.2428e-07	-3.2388e-07	-0.00273	-2.9825e-09	0.002729	3.2306e-07	-3.2278e-07	-0.0021442	-3.0763e-09	0.002143	3.2354e-07	-3.2324e-07	-0.0015012	-3.1966e-09	0.0015026	3.2332e-07	-3.2312e-07	-0.00080248	-3.3108e-09	0.0008019	3.2386e-07	-3.238e-07	-4.8438e-05	-3.4156e-09	4.8398e-05	3.2302e-07	-3.2314e-07
0.345	-0.0053482	-2.583e-09	0.0053484	3.2514e-07	-3.2404e-07	-0.0050538	-2.6572e-09	0.0050546	3.2438e-07	-3.2342e-07	-0.0047128	-2.7143e-09	0.0047142	3.2356e-07	-3.2342e-07	-0.0043246	-2.7975e-09	0.0043256	3.2394e-07	-3.233e-07	-0.003881	-2.878e-09	0.0038812	3.2386e-07	-3.2328e-07	-0.0033826	-2.9865e-09	0.0033828	3.2456e-07	-3.2382e-07	-0.0028278	-3.0873e-09	0.0028286	3.2362e-07	-3.2324e-07	-0.0022162	-3.1843e-09	0.0022168	3.235e-07	-3.2322e-07	-0.0015504	-3.2984e-09	0.001551	3.2342e-07	-3.232e-07	-0.00082686	-3.4184e-09	0.00082644	3.2314e-07	-3.2266e-07	-4.9902e-05	-3.5141e-09	4.9722e-05	3.2296e-07	-3.2306e-07
0.34	-0.005594	-2.6627e-09	0.0055958	3.2508e-07	-3.2404e-07	-0.005277	-2.7371e-09	0.0052786	3.2436e-07	-3.2346e-07	-0.004914	-2.807e-09	0.0049128	3.2416e-07	-3.2334e-07	-0.0045008	-2.8906e-09	0.0045012	3.2348e-07	-3.2334e-07	-0.0040326	-2.97e-09	0.0040308	3.2392e-07	-3.2326e-07	-0.0035076	-3.0871e-09	0.0035082	3.2442e-07	-3.2388e-07	-0.0029262	-3.1785e-09	0.002927	3.2366e-07	-3.2304e-07	-0.0022906	-3.2855e-09	0.0022902	3.2284e-07	-3.2248e-07	-0.0015958	-3.4118e-09	0.0015982	3.2336e-07	-3.232e-07	-0.00085174	-3.5284e-09	0.0008501	3.2272e-07	-3.232e-07	-5.1314e-05	-3.6541e-09	5.11e-05	3.2242e-07	-3.2252e-07
0.335	-0.0058384	-2.7495e-09	0.0058404	3.251e-07	-3.241e-07	-0.005499	-2.8274e-09	0.0054982	3.244e-07	-3.2352e-07	-0.0051094	-2.8991e-09	0.0051106	3.237e-07	-3.2338e-07	-0.0046726	-2.9836e-09	0.0046718	3.2406e-07	-3.233e-07	-0.0041768	-3.0759e-09	0.0041772	3.2384e-07	-3.2328e-07	-0.0036282	-3.1835e-09	0.0036284	3.2438e-07	-3.239e-07	-0.0030216	-3.2837e-09	0.0030232	3.2338e-07	-3.2324e-07	-0.00236	-3.4082e-09	0.002361	3.235e-07	-3.2322e-07	-0.0016446	-3.5216e-09	0.0016448	3.2338e-07	-3.2306e-07	-0.00087504	-3.6414e-09	0.00087362	3.2316e-07	-3.2318e-07	-5.2534e-05	-3.7749e-09	5.2692e-05	3.2304e-07	-3.231e-07
0.33	-0.0060852	-2.8356e-09	0.006085	3.2508e-07	-3.2398e-07	-0.0057204	-2.9257e-09	0.0057194	3.2432e-07	-3.235e-07	-0.005308	-2.9888e-09	0.0053064	3.2416e-07	-3.2336e-07	-0.0048432	-3.0762e-09	0.0048442	3.2404e-07	-3.2324e-07	-0.0043228	-3.1832e-09	0.0043242	3.2392e-07	-3.232e-07	-0.003749	-3.2962e-09	0.0037486	3.2438e-07	-3.2392e-07	-0.0031172	-3.3837e-09	0.0031176	3.2302e-07	-3.2326e-07	-0.0024328	-3.5168e-09	0.0024324	3.235e-07	-3.2326e-07	-0.0016926	-3.6394e-09	0.0016928	3.2342e-07	-3.2318e-07	-0.00089768	-3.7698e-09	0.0008973	3.226e-07	-3.2314e-07	-5.3692e-05	-3.8974e-09	5.3972e-05	3.2306e-07	-3.2252e-07
0.325	-0.0063282	-2.9373e-09	0.0063268	3.2514e-07	-3.2418e-07	-0.005938	-3.0167e-09	0.0059386	3.2436e-07	-3.2326e-07	-0.0054996	-3.0864e-09	0.0055002	3.2418e-07	-3.2336e-07	-0.0050114	-3.1794e-09	0.0050118	3.2402e-07	-3.2282e-07	-0.0044656	-3.2805e-09	0.0044666	3.2384e-07	-3.2328e-07	-0.0038652	-3.4031e-09	0.003865	3.2432e-07	-3.2394e-07	-0.0032088	-3.5091e-09	0.0032094	3.2356e-07	-3.232e-07	-0.0024978	-3.6377e-09	0.0024984	3.2354e-07	-3.232e-07	-0.001736	-3.7582e-09	0.0017372	3.2342e-07	-3.2324e-07	-0.00092002	-3.8861e-09	0.00092112	3.2318e-07	-3.2322e-07	-5.5182e-05	-4.0209e-09	5.5226e-05	3.2302e-07	-3.2312e-07
0.32	-0.00657	-3.03e-09	0.0065718	3.2508e-07	-3.2408e-07	-0.0061566	-3.1158e-09	0.0061564	3.2442e-07	-3.2352e-07	-0.0056924	-3.1873e-09	0.0056924	3.2418e-07	-3.234e-07	-0.0051794	-3.3009e-09	0.00518	3.2334e-07	-3.2266e-07	-0.0046082	-3.3846e-09	0.0046092	3.2386e-07	-3.2342e-07	-0.0039816	-3.5111e-09	0.0039822	3.2428e-07	-3.2378e-07	-0.003301	-3.6264e-09	0.0033016	3.2366e-07	-3.2326e-07	-0.0025678	-3.7554e-09	0.002567	3.2346e-07	-3.2336e-07	-0.0017796	-3.8649e-09	0.0017828	3.2332e-07	-3.2322e-07	-0.00094098	-4.0145e-09	0.00094536	3.2316e-07	-3.226e-07	-5.6406e-05	-4.1553e-09	5.627e-05	3.2306e-07	-3.2318e-07
0.315	-0.0068076	-3.1196e-09	0.0068076	3.251e-07	-3.2418e-07	-0.0063694	-3.2121e-09	0.0063704	3.2442e-07	-3.2348e-07	-0.0058786	-3.2924e-09	0.0058804	3.2414e-07	-3.2336e-07	-0.0053416	-3.4035e-09	0.005343	3.233e-07	-3.2264e-07	-0.004745	-3.4917e-09	0.0047464	3.239e-07	-3.2284e-07	-0.004096	-3.6198e-09	0.0040956	3.2438e-07	-3.239e-07	-0.0033904	-3.7522e-09	0.0033906	3.2356e-07	-3.2324e-07	-0.002634	-3.8793e-09	0.0026334	3.2314e-07	-3.2276e-07	-0.0018244	-3.9855e-09	0.001825	3.233e-07	-3.2326e-07	-0.00096352	-4.1372e-09	0.00096416	3.2322e-07	-3.232e-07	-5.762800000000001e-05	-4.2912e-09	5.7636e-05	3.2304e-07	-3.232e-07
0.31	-0.0070448	-3.2217e-09	0.0070468	3.2508e-07	-3.242e-07	-0.0065814	-3.316e-09	0.0065816	3.2432e-07	-3.235e-07	-0.0060658	-3.3997e-09	0.006069	3.2418e-07	-3.2344e-07	-0.005504	-3.516e-09	0.0055038	3.2398e-07	-3.232e-07	-0.0048836	-3.6135e-09	0.0048828	3.2392e-07	-3.2336e-07	-0.0042068	-3.7432e-09	0.0042078	3.2432e-07	-3.2384e-07	-0.00348	-3.8678e-09	0.0034804	3.2362e-07	-3.2326e-07	-0.002698	-4.0026e-09	0.002699	3.232e-07	-3.2294e-07	-0.0018676	-4.1337e-09	0.0018682	3.234e-07	-3.232e-07	-0.0009868	-4.2793e-09	0.00098518	3.2318e-07	-3.232e-07	-5.8868e-05	-4.4362e-09	5.8960000000000005e-05	3.2306e-07	-3.2318e-07
0.305	-0.0072778	-3.3216e-09	0.0072798	3.2516e-07	-3.2418e-07	-0.006789	-3.4229e-09	0.0067902	3.2438e-07	-3.2342e-07	-0.0062504	-3.504e-09	0.0062502	3.2418e-07	-3.2348e-07	-0.0056618	-3.6239e-09	0.0056628	3.2338e-07	-3.227e-07	-0.0050156	-3.7257e-09	0.0050152	3.2386e-07	-3.233e-07	-0.0043156	-3.8671e-09	0.0043156	3.2442e-07	-3.2382e-07	-0.0035628	-3.9937e-09	0.003566	3.2354e-07	-3.2322e-07	-0.0027612	-4.135e-09	0.002763	3.2348e-07	-3.2328e-07	-0.001908	-4.2619e-09	0.0019092	3.2324e-07	-3.232e-07	-0.00100786	-4.4182e-09	0.00100718	3.232e-07	-3.2322e-07	-5.971400000000001e-05	-4.5719e-09	5.9794e-05	3.2298e-07	-3.2312e-07
0.3	-0.007511	-3.428e-09	0.0075128	3.251e-07	-3.2418e-07	-0.0069964	-3.5265e-09	0.006997	3.2432e-07	-3.2344e-07	-0.0064324	-3.6135e-09	0.0064324	3.2412e-07	-3.2342e-07	-0.0058176	-3.7458e-09	0.005818	3.2392e-07	-3.233e-07	-0.0051482	-3.8479e-09	0.005148	3.2394e-07	-3.2336e-07	-0.004424	-3.9774e-09	0.0044256	3.2434e-07	-3.2388e-07	-0.003649	-4.1216e-09	0.0036486	3.2358e-07	-3.232e-07	-0.0028224	-4.2505e-09	0.0028218	3.2348e-07	-3.2318e-07	-0.0019506	-4.3818e-09	0.0019476	3.2308e-07	-3.226e-07	-0.00102882	-4.5663e-09	0.0010281	3.2318e-07	-3.2314e-07	-6.0746e-05	-4.7141e-09	6.0746e-05	3.2256e-07	-3.2312e-07
0.295	-0.007737	-3.5337e-09	0.0077392	3.2514e-07	-3.2426e-07	-0.0071976	-3.6447e-09	0.0072002	3.2394e-07	-3.2344e-07	-0.0066078	-3.7304e-09	0.0066082	3.236e-07	-3.2278e-07	-0.0059694	-3.8664e-09	0.0059704	3.2388e-07	-3.2326e-07	-0.0052754	-3.9659e-09	0.0052754	3.239e-07	-3.2336e-07	-0.004528	-4.1029e-09	0.0045294	3.244e-07	-3.2398e-07	-0.0037302	-4.2562e-09	0.0037314	3.2354e-07	-3.2308e-07	-0.002884	-4.3837e-09	0.002883	3.2344e-07	-3.2324e-07	-0.001988	-4.5231e-09	0.0019904	3.2324e-07	-3.2318e-07	-0.00104846	-4.7032e-09	0.00104634	3.226e-07	-3.231e-07	-6.2414e-05	-4.8656e-09	6.2218e-05	3.2264e-07	-3.2312e-07
0.29	-0.007966	-3.653e-09	0.0079652	3.2514e-07	-3.2414e-07	-0.0073982	-3.7588e-09	0.0073988	3.2424e-07	-3.235e-07	-0.0067824	-3.8536e-09	0.0067818	3.2362e-07	-3.2292e-07	-0.0061198	-3.989e-09	0.0061214	3.2346e-07	-3.2274e-07	-0.0054018	-4.1191e-09	0.0054032	3.2386e-07	-3.2332e-07	-0.0046326	-4.2287e-09	0.0046314	3.2438e-07	-3.239e-07	-0.0038104	-4.3985e-09	0.003811	3.2354e-07	-3.227e-07	-0.0029428	-4.5202e-09	0.0029426	3.2344e-07	-3.232e-07	-0.0020288	-4.6885e-09	0.0020294	3.232e-07	-3.2316e-07	-0.00106812	-4.8542e-09	0.00106734	3.2312e-07	-3.2312e-07	-6.3448e-05	-5.0222e-09	6.318e-05	3.2306e-07	-3.2314e-07
0.285	-0.0081822	-3.7648e-09	0.008182	3.2516e-07	-3.2422e-07	-0.0075946	-3.8768e-09	0.0075924	3.2436e-07	-3.235e-07	-0.0069524	-3.9741e-09	0.006954	3.2366e-07	-3.229e-07	-0.006267	-4.1172e-09	0.0062674	3.2396e-07	-3.2324e-07	-0.0055238	-4.2545e-09	0.0055248	3.2388e-07	-3.2332e-07	-0.0047308	-4.3704e-09	0.0047324	3.2434e-07	-3.2394e-07	-0.0038896	-4.5359e-09	0.0038894	3.236e-07	-3.232e-07	-0.002999	-4.6676e-09	0.002999	3.2354e-07	-3.2322e-07	-0.0020648	-4.8426e-09	0.0020658	3.232e-07	-3.2312e-07	-0.00108564	-4.9775e-09	0.00108636	3.232e-07	-3.2318e-07	-6.4334e-05	-5.182e-09	6.4496e-05	3.2268e-07	-3.232e-07
0.28	-0.0084008	-3.8849e-09	0.0084006	3.2522e-07	-3.2416e-07	-0.0077866	-3.9995e-09	0.007785	3.2376e-07	-3.2344e-07	-0.007121	-4.0963e-09	0.0071204	3.2426e-07	-3.2344e-07	-0.0064112	-4.2537e-09	0.0064106	3.2398e-07	-3.2336e-07	-0.0056464	-4.3647e-09	0.005644	3.2398e-07	-3.234e-07	-0.0048328	-4.5045e-09	0.0048322	3.2426e-07	-3.238e-07	-0.0039668	-4.6811e-09	0.0039664	3.2364e-07	-3.2272e-07	-0.0030558	-4.8471e-09	0.003057	3.2342e-07	-3.2324e-07	-0.0021024	-4.9975e-09	0.002104	3.2332e-07	-3.2318e-07	-0.00110502	-5.1377e-09	0.00110374	3.232e-07	-3.2318e-07	-6.5634e-05	-5.3415e-09	6.539600000000001e-05	3.231e-07	-3.2312e-07
0.275	-0.008612	-4.006e-09	0.0086108	3.2504e-07	-3.2416e-07	-0.0079718	-4.1089e-09	0.0079726	3.2386e-07	-3.2288e-07	-0.0072832	-4.224e-09	0.0072848	3.242e-07	-3.2348e-07	-0.00655	-4.3702e-09	0.0065526	3.2398e-07	-3.2338e-07	-0.0057626	-4.5259e-09	0.0057612	3.2386e-07	-3.2338e-07	-0.0049248	-4.6773e-09	0.0049256	3.2434e-07	-3.2388e-07	-0.0040396	-4.8189e-09	0.0040418	3.2366e-07	-3.2302e-07	-0.0031118	-4.9734e-09	0.0031112	3.2344e-07	-3.2314e-07	-0.002138	-5.1568e-09	0.0021398	3.2326e-07	-3.2314e-07	-0.001121	-5.3316e-09	0.00112066	3.2322e-07	-3.2314e-07	-6.6448e-05	-5.5091e-09	6.642200000000001e-05	3.2306e-07	-3.232e-07
0.27	-0.0088216	-4.1376e-09	0.0088212	3.251e-07	-3.2412e-07	-0.0081572	-4.2421e-09	0.0081578	3.2428e-07	-3.2348e-07	-0.0074452	-4.3877e-09	0.0074458	3.2408e-07	-3.2344e-07	-0.0066886	-4.5016e-09	0.0066892	3.2346e-07	-3.2332e-07	-0.0058792	-4.6418e-09	0.0058778	3.2392e-07	-3.2336e-07	-0.0050184	-4.8235e-09	0.0050206	3.243e-07	-3.2396e-07	-0.0041142	-4.9798e-09	0.0041144	3.2368e-07	-3.233e-07	-0.0031674	-5.1236e-09	0.0031652	3.2338e-07	-3.2322e-07	-0.0021728	-5.3163e-09	0.0021722	3.2326e-07	-3.2312e-07	-0.00113898	-5.4979e-09	0.00113796	3.2324e-07	-3.2316e-07	-6.7274e-05	-5.6856e-09	6.7492e-05	3.2302e-07	-3.2314e-07
0.265	-0.0090246	-4.2636e-09	0.009025	3.251e-07	-3.2418e-07	-0.0083352	-4.3767e-09	0.0083368	3.2434e-07	-3.2346e-07	-0.0075998	-4.5306e-09	0.0075996	3.2416e-07	-3.2332e-07	-0.0068218	-4.6399e-09	0.0068216	3.2396e-07	-3.2338e-07	-0.00599	-4.7907e-09	0.0059886	3.238e-07	-3.233e-07	-0.0051098	-4.975e-09	0.0051092	3.246e-07	-3.2404e-07	-0.0041852	-5.1355e-09	0.0041858	3.2364e-07	-3.2326e-07	-0.0032176	-5.2802e-09	0.0032166	3.2348e-07	-3.233e-07	-0.0022086	-5.4809999999999996e-09	0.0022084	3.233e-07	-3.2304e-07	-0.001157	-5.628e-09	0.0011558	3.2318e-07	-3.2312e-07	-6.8278e-05	-5.8253e-09	6.861600000000001e-05	3.2306e-07	-3.2308e-07
0.26	-0.0092238	-4.402e-09	0.009225	3.2512e-07	-3.2418e-07	-0.0085138	-4.5297e-09	0.0085138	3.2372e-07	-3.2342e-07	-0.007755	-4.6649e-09	0.0077558	3.2418e-07	-3.2344e-07	-0.0069524	-4.7879e-09	0.0069542	3.2396e-07	-3.2336e-07	-0.0061	-4.9419e-09	0.0060996	3.2322e-07	-3.2278e-07	-0.0051992	-5.1329e-09	0.0052012	3.2436e-07	-3.2396e-07	-0.0042546	-5.3035e-09	0.0042548	3.2356e-07	-3.2324e-07	-0.0032686	-5.4498e-09	0.0032688	3.229e-07	-3.2264e-07	-0.0022408	-5.6563e-09	0.0022414	3.2332e-07	-3.2314e-07	-0.0011736	-5.8073e-09	0.0011738	3.232e-07	-3.231e-07	-6.9038e-05	-6.0407e-09	6.9472e-05	3.2306e-07	-3.2312e-07
0.255	-0.0094198	-4.5101e-09	0.0094206	3.2502e-07	-3.2414e-07	-0.008685	-4.6759e-09	0.0086848	3.2428e-07	-3.2344e-07	-0.0079042	-4.8074e-09	0.0079052	3.242e-07	-3.2346e-07	-0.007081	-4.9407e-09	0.0070808	3.235e-07	-3.2328e-07	-0.0062058	-5.0893e-09	0.0062082	3.2392e-07	-3.2338e-07	-0.0052844	-5.2963e-09	0.0052878	3.2438e-07	-3.2388e-07	-0.0043216	-5.462e-09	0.0043226	3.236e-07	-3.2326e-07	-0.0033192	-5.6227e-09	0.0033172	3.2348e-07	-3.2326e-07	-0.0022722	-5.8315e-09	0.002273	3.2326e-07	-3.2318e-07	-0.0011908	-6.0199e-09	0.0011894	3.231e-07	-3.2312e-07	-7.0188e-05	-6.2195e-09	7.0564e-05	3.2304e-07	-3.2312e-07
0.25	-0.0096108	-4.6512e-09	0.0096134	3.2508e-07	-3.2414e-07	-0.0088552	-4.8214e-09	0.0088546	3.2408e-07	-3.2302e-07	-0.0080498	-4.9634e-09	0.0080518	3.2414e-07	-3.2346e-07	-0.007206	-5.1244e-09	0.0072066	3.2384e-07	-3.2334e-07	-0.0063116	-5.2535e-09	0.0063118	3.2384e-07	-3.2332e-07	-0.0053698	-5.4574e-09	0.005372	3.2436e-07	-3.2392e-07	-0.0043886	-5.6388e-09	0.0043906	3.2364e-07	-3.2326e-07	-0.003365	-5.8319e-09	0.0033656	3.2348e-07	-3.2272e-07	-0.002305	-6.0131e-09	0.0023054	3.2338e-07	-3.2306e-07	-0.0012054	-6.2103e-09	0.001208	3.2324e-07	-3.2318e-07	-7.1332e-05	-6.4156e-09	7.134800000000001e-05	3.2308e-07	-3.2318e-07
0.245	-0.0097966	-4.7963e-09	0.0097986	3.2504e-07	-3.2408e-07	-0.0090168	-4.974e-09	0.0090156	3.2378e-07	-3.2298e-07	-0.0081922	-5.1188e-09	0.0081916	3.2418e-07	-3.2284e-07	-0.0073252	-5.2522e-09	0.0073276	3.2402e-07	-3.2336e-07	-0.0064122	-5.4249e-09	0.0064124	3.2336e-07	-3.2326e-07	-0.0054516	-5.6321e-09	0.0054542	3.2436e-07	-3.2386e-07	-0.0044532	-5.7922e-09	0.004453	3.2364e-07	-3.2326e-07	-0.0034134	-5.9667e-09	0.003414	3.2296e-07	-3.2266e-07	-0.0023352	-6.1943e-09	0.0023372	3.2334e-07	-3.2316e-07	-0.0012202	-6.4009e-09	0.0012196	3.2268e-07	-3.2312e-07	-7.2474e-05	-6.613e-09	7.2366e-05	3.2306e-07	-3.2312e-07
0.24	-0.0099794	-4.9696e-09	0.0099794	3.2504e-07	-3.2414e-07	-0.0091754	-5.1154e-09	0.0091758	3.243e-07	-3.2348e-07	-0.0083298	-5.282e-09	0.0083288	3.2414e-07	-3.2338e-07	-0.007443	-5.4464e-09	0.0074438	3.2394e-07	-3.2338e-07	-0.006512	-5.6219e-09	0.0065112	3.2392e-07	-3.2328e-07	-0.0055332	-5.797e-09	0.0055344	3.2432e-07	-3.239e-07	-0.004515	-5.9502e-09	0.004515	3.236e-07	-3.2336e-07	-0.0034592	-6.1479e-09	0.003459	3.2344e-07	-3.2324e-07	-0.0023666	-6.3853e-09	0.002365	3.2336e-07	-3.2318e-07	-0.0012346	-6.5945e-09	0.0012344	3.2312e-07	-3.2312e-07	-7.291800000000002e-05	-6.8084e-09	7.3118e-05	3.2312e-07	-3.2318e-07
0.235	-0.0101596	-5.1317e-09	0.0101604	3.251e-07	-3.2412e-07	-0.0093342	-5.2461e-09	0.0093334	3.2434e-07	-3.2344e-07	-0.0084676	-5.4008e-09	0.0084664	3.242e-07	-3.235e-07	-0.0075614	-5.6177e-09	0.0075618	3.2392e-07	-3.2338e-07	-0.0066096	-5.7966e-09	0.0066092	3.2382e-07	-3.233e-07	-0.0056102	-5.9807e-09	0.0056106	3.2434e-07	-3.2398e-07	-0.0045758	-6.1335999999999996e-09	0.0045772	3.2308e-07	-3.227e-07	-0.003503	-6.3881e-09	0.0035034	3.2348e-07	-3.2326e-07	-0.0023948	-6.5271e-09	0.0023966	3.233e-07	-3.2308e-07	-0.0012482	-6.7904e-09	0.0012502	3.2314e-07	-3.232e-07	-7.3958e-05	-7.0127e-09	7.4064e-05	3.2304e-07	-3.2322e-07
0.23	-0.0103306	-5.2819e-09	0.0103324	3.2504e-07	-3.2414e-07	-0.009485	-5.4144e-09	0.0094868	3.2378e-07	-3.2334e-07	-0.0085988	-5.5721e-09	0.0085984	3.2364e-07	-3.2292e-07	-0.007675	-5.7896e-09	0.007674	3.2398e-07	-3.2274e-07	-0.006702	-5.9689e-09	0.0067022	3.2382e-07	-3.2336e-07	-0.0056892	-6.1635e-09	0.0056864	3.2438e-07	-3.2396e-07	-0.0046346	-6.3262e-09	0.0046342	3.2294e-07	-3.2254e-07	-0.003548	-6.5787e-09	0.0035476	3.2344e-07	-3.2324e-07	-0.0024216	-6.73e-09	0.0024242	3.2342e-07	-3.2326e-07	-0.0012642	-6.9444e-09	0.001267	3.2324e-07	-3.2314e-07	-7.4398e-05	-7.2188e-09	7.4274e-05	3.231e-07	-3.232e-07
0.225	-0.0105026	-5.4497e-09	0.0105042	3.2514e-07	-3.2438e-07	-0.0096364	-5.6092e-09	0.0096364	3.2374e-07	-3.2344e-07	-0.008727	-5.74e-09	0.0087294	3.2422e-07	-3.2348e-07	-0.0077842	-5.9663999999999996e-09	0.0077864	3.2398e-07	-3.2334e-07	-0.0067944	-6.1616e-09	0.0067944	3.2392e-07	-3.233e-07	-0.0057604	-6.352e-09	0.0057638	3.2444e-07	-3.2386e-07	-0.0046946	-6.5111e-09	0.0046944	3.2356e-07	-3.2324e-07	-0.0035906	-6.7754e-09	0.0035898	3.2352e-07	-3.2252e-07	-0.0024498	-6.9231e-09	0.0024494	3.2334e-07	-3.2318e-07	-0.0012792	-7.153e-09	0.0012786	3.2312e-07	-3.2254e-07	-7.576e-05	-7.4394e-09	7.5554e-05	3.2308e-07	-3.232e-07
0.22	-0.0106692	-5.6105e-09	0.0106672	3.253e-07	-3.2438e-07	-0.0097802	-5.7829e-09	0.0097806	3.2428e-07	-3.2348e-07	-0.0088542	-5.9254e-09	0.0088548	3.241e-07	-3.2346e-07	-0.0078932	-6.1538e-09	0.0078922	3.239e-07	-3.2336e-07	-0.0068824	-6.3464e-09	0.0068844	3.2388e-07	-3.2338e-07	-0.005835	-6.5428e-09	0.0058348	3.2432e-07	-3.2398e-07	-0.0047498	-6.7054e-09	0.0047512	3.2356e-07	-3.232e-07	-0.0036312	-6.9783e-09	0.00363	3.2338e-07	-3.2324e-07	-0.0024774	-7.1391e-09	0.0024794	3.2328e-07	-3.2322e-07	-0.0012912	-7.4229e-09	0.001292	3.2318e-07	-3.2314e-07	-7.6226e-05	-7.6579e-09	7.624e-05	3.2306e-07	-3.2318e-07
0.215	-0.0108322	-5.7897e-09	0.0108324	3.2502e-07	-3.2414e-07	-0.0099256	-5.9601e-09	0.009923	3.2424e-07	-3.2332e-07	-0.0089768	-6.1075e-09	0.008979	3.242e-07	-3.2336e-07	-0.0079968	-6.338e-09	0.0079954	3.2398e-07	-3.2342e-07	-0.0069712	-6.5441e-09	0.0069732	3.2322e-07	-3.227e-07	-0.0059062	-6.7422e-09	0.0059092	3.2426e-07	-3.2396e-07	-0.004805	-6.9085e-09	0.0048084	3.2364e-07	-3.2326e-07	-0.0036712	-7.1888e-09	0.0036716	3.2338e-07	-3.2318e-07	-0.0025044	-7.3468e-09	0.0025058	3.227e-07	-3.2254e-07	-0.001305	-7.6461e-09	0.0013064	3.232e-07	-3.226e-07	-7.6792e-05	-7.8867e-09	7.698e-05	3.2308e-07	-3.2314e-07
0.21	-0.010991	-5.9575e-09	0.0109894	3.2498e-07	-3.242e-07	-0.0100612	-6.1353e-09	0.0100614	3.2436e-07	-3.2348e-07	-0.0090974	-6.2884e-09	0.0090968	3.236e-07	-3.2288e-07	-0.0080992	-6.5323e-09	0.0081014	3.2346e-07	-3.2278e-07	-0.0070568	-6.7405e-09	0.0070552	3.2384e-07	-3.2324e-07	-0.0059742	-6.8928e-09	0.005975	3.2434e-07	-3.2394e-07	-0.0048588	-7.1649e-09	0.0048598	3.231e-07	-3.2276e-07	-0.0037116	-7.4043e-09	0.0037118	3.2294e-07	-3.2268e-07	-0.0025314	-7.5632e-09	0.0025298	3.2328e-07	-3.2316e-07	-0.0013176	-7.8658e-09	0.0013186	3.232e-07	-3.2324e-07	-7.79e-05	-8.1146e-09	7.7902e-05	3.2254e-07	-3.2312e-07
0.205	-0.0111428	-6.1467e-09	0.011145	3.2502e-07	-3.2414e-07	-0.0101986	-6.3202e-09	0.0101988	3.2428e-07	-3.2292e-07	-0.009213	-6.4705e-09	0.0092146	3.2408e-07	-3.2344e-07	-0.0081974	-6.7313e-09	0.0081988	3.2396e-07	-3.2332e-07	-0.0071392	-6.9338e-09	0.007139	3.2334e-07	-3.234e-07	-0.0060444	-7.1582e-09	0.0060442	3.2438e-07	-3.2398e-07	-0.0049114	-7.3815e-09	0.0049128	3.2356e-07	-3.2328e-07	-0.0037502	-7.6289e-09	0.0037514	3.2344e-07	-3.232e-07	-0.0025574	-7.7868e-09	0.0025536	3.233e-07	-3.2318e-07	-0.0013306	-8.0992e-09	0.0013322	3.2318e-07	-3.232e-07	-7.8228e-05	-8.3532e-09	7.8242e-05	3.2312e-07	-3.2302e-07
0.2	-0.0112908	-6.3253e-09	0.0112936	3.2502e-07	-3.241e-07	-0.0103294	-6.5166e-09	0.0103272	3.2426e-07	-3.2346e-07	-0.0093272	-6.6674e-09	0.0093274	3.2418e-07	-3.2344e-07	-0.0082948	-6.9214e-09	0.0082956	3.2398e-07	-3.234e-07	-0.007217	-7.138e-09	0.0072198	3.2384e-07	-3.2326e-07	-0.006108	-7.3662e-09	0.0061096	3.2444e-07	-3.239e-07	-0.004964	-7.5952e-09	0.0049634	3.2356e-07	-3.2332e-07	-0.0037862	-7.8456e-09	0.0037862	3.2344e-07	-3.2318e-07	-0.0025808	-8.0068e-09	0.0025788	3.2324e-07	-3.2312e-07	-0.0013422	-8.3301e-09	0.0013436	3.227e-07	-3.226e-07	-7.8848e-05	-8.526e-09	7.8872e-05	3.2308e-07	-3.2316e-07
0.195	-0.0114392	-6.4692e-09	0.011442	3.2504e-07	-3.2406e-07	-0.0104572	-6.7113e-09	0.0104578	3.2378e-07	-3.2344e-07	-0.0094392	-6.9196999999999996e-09	0.0094394	3.242e-07	-3.2346e-07	-0.0083908	-7.1334e-09	0.0083914	3.2402e-07	-3.233e-07	-0.0072998	-7.3669e-09	0.0073004	3.239e-07	-3.2324e-07	-0.0061732	-7.5329e-09	0.0061738	3.2426e-07	-3.2386e-07	-0.0050116	-7.8197e-09	0.0050132	3.2358e-07	-3.233e-07	-0.0038228	-8.0816e-09	0.0038248	3.2344e-07	-3.2324e-07	-0.0026042	-8.2527e-09	0.0026034	3.2324e-07	-3.2312e-07	-0.0013558	-8.5791e-09	0.0013556	3.232e-07	-3.2318e-07	-7.9494e-05	-8.7803e-09	7.978e-05	3.2306e-07	-3.2318e-07
0.19	-0.01156	-6.7047e-09	0.011578	3.2506e-07	-3.2422e-07	-0.0105828	-6.9159e-09	0.0105806	3.2432e-07	-3.2348e-07	-0.0095448	-7.1236e-09	0.0095458	3.2358e-07	-3.2294e-07	-0.0084818	-7.3451e-09	0.0084826	3.2398e-07	-3.2338e-07	-0.0073764	-7.5796e-09	0.0073742	3.2386e-07	-3.2332e-07	-0.0062364	-7.8118e-09	0.0062348	3.2428e-07	-3.2394e-07	-0.005061	-8.0487e-09	0.0050628	3.2354e-07	-3.2328e-07	-0.0038596	-8.3125e-09	0.0038588	3.2278e-07	-3.2256e-07	-0.0026254	-8.4854e-09	0.0026292	3.2324e-07	-3.2314e-07	-0.001366	-8.8291e-09	0.0013678	3.2322e-07	-3.2312e-07	-8.0392e-05	-9.0997e-09	8.0226e-05	3.2306e-07	-3.2316e-07
0.185	-0.011702	-6.9086e-09	0.011714	3.251e-07	-3.241e-07	-0.0107036	-7.1286e-09	0.0107036	3.2434e-07	-3.2348e-07	-0.0096508	-7.3355e-09	0.0096514	3.2416e-07	-3.2336e-07	-0.008574	-7.5564e-09	0.0085726	3.24e-07	-3.2284e-07	-0.0074504	-7.8063e-09	0.0074514	3.2382e-07	-3.233e-07	-0.0062952	-8.0463e-09	0.006296	3.2428e-07	-3.2394e-07	-0.0051092	-8.293e-09	0.0051102	3.2356e-07	-3.2334e-07	-0.0038942	-8.5451e-09	0.003894	3.2348e-07	-3.2328e-07	-0.0026496	-8.7301e-09	0.0026496	3.2328e-07	-3.2306e-07	-0.0013766	-9.0867e-09	0.0013752	3.2318e-07	-3.2318e-07	-8.0942e-05	-9.3672e-09	8.0914e-05	3.2312e-07	-3.2318e-07
0.18	-0.011834	-7.12e-09	0.011852	3.2508e-07	-3.242e-07	-0.0108232	-7.332e-09	0.0108222	3.2428e-07	-3.2348e-07	-0.0097554	-7.5463e-09	0.0097544	3.2414e-07	-3.2344e-07	-0.008659	-7.7817e-09	0.008659	3.2398e-07	-3.2338e-07	-0.0075216	-7.9702e-09	0.0075206	3.2362e-07	-3.2278e-07	-0.0063558	-8.2731e-09	0.006353	3.2434e-07	-3.2396e-07	-0.0051548	-8.5242e-09	0.0051552	3.2294e-07	-3.2282e-07	-0.0039282	-8.8003e-09	0.0039258	3.235e-07	-3.232e-07	-0.0026716	-9.0566e-09	0.0026728	3.2324e-07	-3.2318e-07	-0.001389	-9.3475e-09	0.0013892	3.2316e-07	-3.2316e-07	-8.14e-05	-9.5457e-09	8.1666e-05	3.2306e-07	-3.232e-07
0.175	-0.011968	-7.3189e-09	0.011986	3.2508e-07	-3.242e-07	-0.0109394	-7.5592e-09	0.01094	3.2428e-07	-3.2352e-07	-0.0098526	-7.769e-09	0.0098534	3.2414e-07	-3.2344e-07	-0.0087446	-8.0197e-09	0.0087448	3.2396e-07	-3.2336e-07	-0.0075948	-8.2076e-09	0.007595	3.2378e-07	-3.2336e-07	-0.006412	-8.5108e-09	0.0064108	3.2424e-07	-3.2384e-07	-0.0052	-8.7096e-09	0.0052	3.2356e-07	-3.2324e-07	-0.0039584	-9.0557e-09	0.0039608	3.23e-07	-3.2264e-07	-0.0026924	-9.3228e-09	0.002694	3.2324e-07	-3.2318e-07	-0.001399	-9.5234e-09	0.0013982	3.232e-07	-3.2314e-07	-8.1804e-05	-9.8148e-09	8.1956e-05	3.2304e-07	-3.2262e-07
0.17	-0.012096	-7.539e-09	0.012114	3.2506e-07	-3.2418e-07	-0.0110518	-7.7682e-09	0.0110524	3.2428e-07	-3.235e-07	-0.009951	-7.9975e-09	0.0099534	3.241e-07	-3.234e-07	-0.008828	-8.2477e-09	0.0088264	3.2338e-07	-3.2334e-07	-0.0076638	-8.4426e-09	0.0076644	3.2382e-07	-3.2334e-07	-0.006467	-8.7565e-09	0.0064692	3.2456e-07	-3.2388e-07	-0.0052422	-8.957e-09	0.0052428	3.236e-07	-3.2334e-07	-0.0039902	-9.3121e-09	0.0039926	3.235e-07	-3.2326e-07	-0.0027138	-9.5033e-09	0.002715	3.2326e-07	-3.2312e-07	-0.0014098	-9.7858e-09	0.0014098	3.232e-07	-3.232e-07	-8.2678e-05	-1.0088e-08	8.281e-05	3.2302e-07	-3.2314e-07
0.165	-0.01222	-7.7079e-09	0.012242	3.2504e-07	-3.2414e-07	-0.011163	-8.0079e-09	0.0111628	3.242e-07	-3.235e-07	-0.0100484	-8.2359e-09	0.0100476	3.2416e-07	-3.2326e-07	-0.008909	-8.4875e-09	0.0089106	3.2336e-07	-3.2288e-07	-0.007732	-8.7484e-09	0.0077314	3.2378e-07	-3.233e-07	-0.0065214	-9.0065e-09	0.0065228	3.2438e-07	-3.2396e-07	-0.0052852	-9.2166e-09	0.0052874	3.236e-07	-3.2326e-07	-0.004024	-9.5842e-09	0.0040216	3.235e-07	-3.2328e-07	-0.0027332	-9.8554e-09	0.0027328	3.227e-07	-3.2254e-07	-0.0014214	-1.00674e-08	0.0014212	3.2324e-07	-3.2316e-07	-8.278e-05	-1.04646e-08	8.296800000000001e-05	3.225e-07	-3.2246e-07
0.16	-0.012348	-7.9385e-09	0.012362	3.251e-07	-3.2418e-07	-0.0112658	-8.2308e-09	0.0112712	3.2366e-07	-3.2292e-07	-0.0101406	-8.4679e-09	0.010141	3.2404e-07	-3.2346e-07	-0.0089872	-8.7322e-09	0.0089858	3.2398e-07	-3.233e-07	-0.0077964	-8.9951e-09	0.0077968	3.2344e-07	-3.2322e-07	-0.0065744	-9.2712e-09	0.0065752	3.2432e-07	-3.2386e-07	-0.0053286	-9.5492e-09	0.0053272	3.2356e-07	-3.233e-07	-0.004055	-9.8575e-09	0.0040524	3.2358e-07	-3.227e-07	-0.0027538	-1.01287e-08	0.0027506	3.233e-07	-3.2312e-07	-0.0014272	-1.04431e-08	0.001428	3.226e-07	-3.2316e-07	-8.344400000000001e-05	-1.07487e-08	8.3848e-05	3.2302e-07	-3.2308e-07
0.155	-0.012462	-8.1677e-09	0.012482	3.2504e-07	-3.2414e-07	-0.0113738	-8.4774e-09	0.0113742	3.2426e-07	-3.2344e-07	-0.0102306	-8.7198e-09	0.0102316	3.2416e-07	-3.2342e-07	-0.009064	-8.9945e-09	0.0090638	3.2322e-07	-3.228e-07	-0.0078614	-9.2578e-09	0.0078608	3.238e-07	-3.2324e-07	-0.0066266	-9.5449e-09	0.0066294	3.2436e-07	-3.2386e-07	-0.0053674	-9.7415e-09	0.005369	3.2366e-07	-3.2332e-07	-0.004083	-1.01361e-08	0.004083	3.235e-07	-3.2326e-07	-0.002772	-1.03263e-08	0.002773	3.233e-07	-3.224e-07	-0.001439	-1.0738e-08	0.0014408	3.2326e-07	-3.2326e-07	-8.3542e-05	-1.10509e-08	8.3904e-05	3.2242e-07	-3.2306e-07
0.15	-0.012578	-8.3966e-09	0.012598	3.2504e-07	-3.2418e-07	-0.0114734	-8.721e-09	0.011475	3.2422e-07	-3.2346e-07	-0.0103156	-8.9564e-09	0.0103186	3.2414e-07	-3.2348e-07	-0.009141	-9.2461e-09	0.0091396	3.2394e-07	-3.2334e-07	-0.0079238	-9.5146e-09	0.007925	3.2376e-07	-3.233e-07	-0.0066778	-9.8121e-09	0.0066774	3.2432e-07	-3.239e-07	-0.0054056	-1.00184e-08	0.0054084	3.2362e-07	-3.2336e-07	-0.0041134	-1.04172e-08	0.0041118	3.235e-07	-3.232e-07	-0.0027922	-1.07111e-08	0.0027924	3.2324e-07	-3.2302e-07	-0.0014494	-1.10348e-08	0.001449	3.2326e-07	-3.2324e-07	-8.5132e-05	-1.13552e-08	8.515000000000001e-05	3.2302e-07	-3.2288e-07
0.145	-0.012694	-8.7069e-09	0.012714	3.2506e-07	-3.2424e-07	-0.01155	-8.9603e-09	0.011568	3.2378e-07	-3.2298e-07	-0.0104036	-9.2323e-09	0.0104044	3.2414e-07	-3.235e-07	-0.009212	-9.5011e-09	0.009212	3.2394e-07	-3.2332e-07	-0.0079842	-9.7075e-09	0.0079848	3.2384e-07	-3.2324e-07	-0.0067268	-1.00784e-08	0.006727	3.2426e-07	-3.239e-07	-0.0054442	-1.03016e-08	0.0054448	3.2354e-07	-3.2324e-07	-0.0041408	-1.07082e-08	0.0041394	3.229e-07	-3.2266e-07	-0.0028088	-1.09933e-08	0.0028108	3.2324e-07	-3.2312e-07	-0.0014582	-1.13379e-08	0.0014584	3.2332e-07	-3.232e-07	-8.4886e-05	-1.16572e-08	8.508e-05	3.23e-07	-3.2314e-07
0.14	-0.012802	-8.9644e-09	0.012822	3.2504e-07	-3.2408e-07	-0.01165	-9.1472e-09	0.011664	3.2424e-07	-3.235e-07	-0.0104868	-9.4962e-09	0.0104874	3.2408e-07	-3.234e-07	-0.0092826	-9.7795e-09	0.0092844	3.239e-07	-3.233e-07	-0.008045	-1.00488e-08	0.0080446	3.2382e-07	-3.2332e-07	-0.0067748	-1.03742e-08	0.0067772	3.2436e-07	-3.2392e-07	-0.0054818	-1.0675e-08	0.0054836	3.236e-07	-3.2328e-07	-0.0041658	-1.1013e-08	0.0041692	3.2354e-07	-3.2326e-07	-0.0028286	-1.12144e-08	0.0028284	3.2262e-07	-3.2252e-07	-0.001466	-1.16304e-08	0.001467	3.2324e-07	-3.232e-07	-8.4998e-05	-1.19742e-08	8.5426e-05	3.2296e-07	-3.2312e-07
0.135	-0.01291	-9.2187e-09	0.012932	3.2498e-07	-3.2426e-07	-0.011744	-9.4114e-09	0.011758	3.2428e-07	-3.2348e-07	-0.0105702	-9.765e-09	0.010568	3.2412e-07	-3.2342e-07	-0.009352	-1.00486e-08	0.009352	3.24e-07	-3.2336e-07	-0.0081016	-1.0355e-08	0.0081006	3.238e-07	-3.2334e-07	-0.0068222	-1.06599e-08	0.006822	3.2436e-07	-3.2388e-07	-0.0055196	-1.09598e-08	0.005518	3.236e-07	-3.233e-07	-0.0041938	-1.13062e-08	0.0041952	3.2344e-07	-3.2324e-07	-0.0028462	-1.15076e-08	0.0028444	3.2318e-07	-3.2316e-07	-0.0014758	-1.1958999999999998e-08	0.0014754	3.233e-07	-3.2314e-07	-8.5116e-05	-1.2301599999999998e-08	8.570600000000002e-05	3.2296e-07	-3.2306e-07
0.13	-0.013018	-9.4811e-09	0.013034	3.249e-07	-3.2414e-07	-0.01184	-9.7645e-09	0.011852	3.2422e-07	-3.2352e-07	-0.0106486	-1.00394e-08	0.0106494	3.241e-07	-3.2346e-07	-0.0094188	-1.03373e-08	0.0094206	3.24e-07	-3.233e-07	-0.0081558	-1.06436e-08	0.0081584	3.2386e-07	-3.2276e-07	-0.0068682	-1.0963e-08	0.0068706	3.2442e-07	-3.24e-07	-0.0055554	-1.1262e-08	0.0055548	3.235e-07	-3.2326e-07	-0.0042188	-1.16156e-08	0.0042206	3.2282e-07	-3.2254e-07	-0.0028634	-1.1813799999999998e-08	0.0028646	3.233e-07	-3.2314e-07	-0.0014838	-1.22844e-08	0.001486	3.2314e-07	-3.2314e-07	-8.6062e-05	-1.26404e-08	8.5992e-05	3.2304e-07	-3.2312e-07
0.125	-0.013118	-9.7469e-09	0.013136	3.2508e-07	-3.2428e-07	-0.011926	-9.9372e-09	0.011942	3.2422e-07	-3.235e-07	-0.0107248	-1.03173e-08	0.0107244	3.2408e-07	-3.2342e-07	-0.0094852	-1.06292e-08	0.0094866	3.233e-07	-3.2278e-07	-0.0082126	-1.09456e-08	0.0082122	3.2386e-07	-3.2338e-07	-0.0069124	-1.12534e-08	0.0069142	3.2432e-07	-3.2384e-07	-0.0055916	-1.15752e-08	0.005591	3.236e-07	-3.232e-07	-0.004246	-1.19276e-08	0.0042454	3.2344e-07	-3.2324e-07	-0.0028802	-1.22642e-08	0.0028782	3.2266e-07	-3.2308e-07	-0.0014918	-1.2606599999999998e-08	0.0014946	3.232e-07	-3.2322e-07	-8.6456e-05	-1.29784e-08	8.6924e-05	3.2306e-07	-3.2312e-07
0.12	-0.013218	-1.0027e-08	0.013236	3.2504e-07	-3.2414e-07	-0.012014	-1.02326e-08	0.01203	3.242e-07	-3.235e-07	-0.010802	-1.06182e-08	0.0108038	3.2414e-07	-3.2336e-07	-0.0095506	-1.0925e-08	0.0095526	3.2394e-07	-3.2276e-07	-0.0082654	-1.12463e-08	0.0082658	3.238e-07	-3.2334e-07	-0.006956	-1.15544e-08	0.0069574	3.2432e-07	-3.239e-07	-0.005626	-1.1885999999999998e-08	0.005624	3.2356e-07	-3.2266e-07	-0.004269	-1.22518e-08	0.0042712	3.2348e-07	-3.233e-07	-0.0028964	-1.25922e-08	0.0028936	3.2266e-07	-3.2312e-07	-0.0015008	-1.29646e-08	0.0015016	3.2324e-07	-3.2328e-07	-8.7062e-05	-1.33356e-08	8.73e-05	3.23e-07	-3.2308e-07
0.115	-0.013318	-1.02183e-08	0.013334	3.2498e-07	-3.2422e-07	-0.012096	-1.0515e-08	0.012112	3.2424e-07	-3.2354e-07	-0.0108736	-1.09109e-08	0.0108742	3.2418e-07	-3.235e-07	-0.009614	-1.12395e-08	0.009614	3.2396e-07	-3.2332e-07	-0.0083194	-1.15426e-08	0.008319	3.239e-07	-3.2338e-07	-0.0069978	-1.1868e-08	0.0069994	3.244e-07	-3.2388e-07	-0.0056564	-1.2218e-08	0.0056582	3.2306e-07	-3.2328e-07	-0.0042946	-1.2587e-08	0.004294	3.2344e-07	-3.2322e-07	-0.0029122	-1.2934e-08	0.0029104	3.2266e-07	-3.2258e-07	-0.0015116	-1.32954e-08	0.001509	3.233e-07	-3.2318e-07	-8.7716e-05	-1.36814e-08	8.783200000000002e-05	3.2252e-07	-3.2252e-07
0.11	-0.013414	-1.05012e-08	0.01343	3.2508e-07	-3.2418e-07	-0.01218	-1.08009e-08	0.012202	3.2436e-07	-3.2352e-07	-0.0109468	-1.12098e-08	0.0109466	3.237e-07	-3.233e-07	-0.0096766	-1.1525599999999998e-08	0.0096752	3.2394e-07	-3.234e-07	-0.0083704	-1.18636e-08	0.0083698	3.238e-07	-3.2332e-07	-0.00704	-1.2198799999999998e-08	0.0070422	3.2438e-07	-3.2384e-07	-0.005689	-1.2548e-08	0.0056904	3.2356e-07	-3.2324e-07	-0.004319	-1.29346e-08	0.0043174	3.2352e-07	-3.2326e-07	-0.0029256	-1.3289599999999998e-08	0.0029274	3.2328e-07	-3.2302e-07	-0.0015168	-1.36566e-08	0.0015184	3.2324e-07	-3.2324e-07	-8.7874e-05	-1.4052599999999998e-08	8.8154e-05	3.2308e-07	-3.2308e-07
0.105	-0.013504	-1.07917e-08	0.01352	3.2512e-07	-3.2412e-07	-0.012264	-1.12019e-08	0.012276	3.2432e-07	-3.2354e-07	-0.0110168	-1.1489799999999998e-08	0.0110168	3.2414e-07	-3.235e-07	-0.0097342	-1.18482e-08	0.0097362	3.2396e-07	-3.2328e-07	-0.0084214	-1.21838e-08	0.0084198	3.2326e-07	-3.2278e-07	-0.0070796	-1.2527999999999998e-08	0.0070798	3.2432e-07	-3.2396e-07	-0.0057216	-1.28668e-08	0.0057218	3.2348e-07	-3.232e-07	-0.0043418	-1.32778e-08	0.0043422	3.2342e-07	-3.2322e-07	-0.0029416	-1.36356e-08	0.002943	3.233e-07	-3.2312e-07	-0.001525	-1.40124e-08	0.0015232	3.2276e-07	-3.2268e-07	-8.8222e-05	-1.44222e-08	8.8354e-05	3.2306e-07	-3.2308e-07
0.1	-0.013598	-1.11916e-08	0.013616	3.2436e-07	-3.2292e-07	-0.01234	-1.15034e-08	0.01236	3.2372e-07	-3.23e-07	-0.0110874	-1.18098e-08	0.0110874	3.2416e-07	-3.2348e-07	-0.0097924	-1.21722e-08	0.0097962	3.2392e-07	-3.2344e-07	-0.0084704	-1.25162e-08	0.0084688	3.2388e-07	-3.2332e-07	-0.0071194	-1.28834e-08	0.007122	3.243e-07	-3.2388e-07	-0.0057512	-1.32414e-08	0.005751	3.2356e-07	-3.2332e-07	-0.0043656	-1.3503e-08	0.0043658	3.2348e-07	-3.2324e-07	-0.0029586	-1.4001199999999998e-08	0.0029578	3.233e-07	-3.2318e-07	-0.0015298	-1.43846e-08	0.0015332	3.2272e-07	-3.2324e-07	-8.817800000000002e-05	-1.47848e-08	8.843e-05	3.2242e-07	-3.231e-07
0.095	-0.013684	-1.1479399999999998e-08	0.013704	3.2438e-07	-3.2352e-07	-0.012416	-1.1816399999999998e-08	0.012436	3.2374e-07	-3.2294e-07	-0.0111514	-1.2139599999999998e-08	0.0111518	3.2362e-07	-3.2288e-07	-0.0098492	-1.2503399999999998e-08	0.0098508	3.2402e-07	-3.2336e-07	-0.008515	-1.28436e-08	0.0085158	3.2384e-07	-3.233e-07	-0.0071584	-1.3212799999999998e-08	0.0071592	3.2432e-07	-3.2396e-07	-0.0057844	-1.3593399999999998e-08	0.0057834	3.2362e-07	-3.2326e-07	-0.0043866	-1.38558e-08	0.0043868	3.235e-07	-3.2328e-07	-0.002972	-1.4373e-08	0.0029716	3.233e-07	-3.232e-07	-0.0015394	-1.4783199999999998e-08	0.0015378	3.2322e-07	-3.2326e-07	-8.9076e-05	-1.51842e-08	8.9428e-05	3.2246e-07	-3.2308e-07
0.09	-0.013768	-1.18072e-08	0.01379	3.2444e-07	-3.2358e-07	-0.012496	-1.21386e-08	0.01251	3.2428e-07	-3.2354e-07	-0.0112178	-1.2480399999999998e-08	0.0112196	3.2356e-07	-3.2282e-07	-0.0099048	-1.2844599999999998e-08	0.0099062	3.2398e-07	-3.2334e-07	-0.0085628	-1.32062e-08	0.0085638	3.2378e-07	-3.2332e-07	-0.0071954	-1.35702e-08	0.007197	3.2442e-07	-3.2392e-07	-0.0058134	-1.39678e-08	0.005813	3.2348e-07	-3.2324e-07	-0.0044096	-1.42254e-08	0.004409	3.2346e-07	-3.2324e-07	-0.002986	-1.4757399999999998e-08	0.0029874	3.233e-07	-3.2314e-07	-0.0015438	-1.5170999999999997e-08	0.001548	3.2324e-07	-3.2326e-07	-8.9588e-05	-1.5576999999999998e-08	8.966e-05	3.2298e-07	-3.2318e-07
0.085	-0.013854	-1.2122e-08	0.013876	3.2438e-07	-3.2354e-07	-0.012566	-1.24664e-08	0.012586	3.237e-07	-3.2292e-07	-0.0112816	-1.2812e-08	0.0112812	3.2412e-07	-3.2344e-07	-0.0099568	-1.3194e-08	0.0099586	3.2394e-07	-3.2344e-07	-0.0086086	-1.35452e-08	0.0086066	3.2384e-07	-3.2332e-07	-0.0072332	-1.3933399999999998e-08	0.0072338	3.2434e-07	-3.2396e-07	-0.0058408	-1.43328e-08	0.005841	3.2354e-07	-3.2322e-07	-0.0044292	-1.46006e-08	0.004429	3.2344e-07	-3.2314e-07	-0.002999	-1.5115999999999998e-08	0.0029994	3.2324e-07	-3.2316e-07	-0.0015512	-1.55648e-08	0.001551	3.232e-07	-3.2314e-07	-9.0022e-05	-1.59772e-08	9.0374e-05	3.2302e-07	-3.2312e-07
0.08	-0.013938	-1.24616e-08	0.013952	3.2386e-07	-3.2296e-07	-0.012638	-1.27996e-08	0.012656	3.2426e-07	-3.235e-07	-0.0113444	-1.3155799999999998e-08	0.011341	3.2408e-07	-3.235e-07	-0.0100154	-1.35534e-08	0.0100138	3.239e-07	-3.2338e-07	-0.0086536	-1.3905e-08	0.0086536	3.2372e-07	-3.2334e-07	-0.007269	-1.43064e-08	0.0072712	3.2436e-07	-3.239e-07	-0.0058692	-1.47148e-08	0.0058676	3.235e-07	-3.2326e-07	-0.0044474	-1.4987799999999997e-08	0.0044508	3.2332e-07	-3.232e-07	-0.0030128	-1.5524199999999998e-08	0.0030136	3.2326e-07	-3.2312e-07	-0.001561	-1.5968599999999997e-08	0.0015612	3.2326e-07	-3.232e-07	-9.035e-05	-1.64042e-08	9.0654e-05	3.231e-07	-3.2312e-07
0.075	-0.014022	-1.27948e-08	0.014034	3.244e-07	-3.2362e-07	-0.012706	-1.31392e-08	0.012728	3.243e-07	-3.2358e-07	-0.0114022	-1.33898e-08	0.011403	3.2408e-07	-3.2338e-07	-0.0100644	-1.38916e-08	0.0100666	3.239e-07	-3.2342e-07	-0.0086934	-1.42878e-08	0.0086956	3.238e-07	-3.2336e-07	-0.007306	-1.46906e-08	0.0073072	3.2436e-07	-3.239e-07	-0.0058986	-1.5106199999999997e-08	0.0058964	3.2354e-07	-3.232e-07	-0.0044718	-1.53964e-08	0.0044726	3.2344e-07	-3.232e-07	-0.0030264	-1.59274e-08	0.003028	3.233e-07	-3.226e-07	-0.0015632	-1.63846e-08	0.0015682	3.2316e-07	-3.2314e-07	-9.0736e-05	-1.68204e-08	9.076800000000002e-05	3.229e-07	-3.2312e-07
0.07	-0.014096	-1.31364e-08	0.014114	3.2448e-07	-3.2356e-07	-0.012778	-1.34896e-08	0.0128	3.243e-07	-3.2348e-07	-0.0114636	-1.3751e-08	0.0114642	3.2334e-07	-3.2272e-07	-0.0101154	-1.42668e-08	0.010117	3.2398e-07	-3.2336e-07	-0.0087382	-1.4656599999999998e-08	0.0087392	3.2378e-07	-3.2336e-07	-0.0073386	-1.5074199999999997e-08	0.0073416	3.2438e-07	-3.2404e-07	-0.0059222	-1.5500399999999998e-08	0.0059236	3.2354e-07	-3.2324e-07	-0.0044868	-1.5946e-08	0.0044882	3.2342e-07	-3.2318e-07	-0.0030396	-1.63316e-08	0.0030382	3.2276e-07	-3.2258e-07	-0.001572	-1.68114e-08	0.0015726	3.2322e-07	-3.232e-07	-9.0848e-05	-1.72544e-08	9.1574e-05	3.2306e-07	-3.231e-07
0.065	-0.014172	-1.3499599999999998e-08	0.014192	3.244e-07	-3.2362e-07	-0.01285	-1.38616e-08	0.012866	3.2426e-07	-3.2346e-07	-0.0115	-1.4227199999999998e-08	0.01152	3.241e-07	-3.2338e-07	-0.010167	-1.4640199999999998e-08	0.010165	3.239e-07	-3.2336e-07	-0.008779	-1.50388e-08	0.008782	3.2324e-07	-3.2274e-07	-0.0073718	-1.54762e-08	0.0073722	3.2442e-07	-3.239e-07	-0.005947	-1.5900199999999998e-08	0.0059478	3.2352e-07	-3.232e-07	-0.0045074	-1.6365599999999997e-08	0.0045074	3.235e-07	-3.232e-07	-0.0030516	-1.6757399999999998e-08	0.0030498	3.233e-07	-3.2308e-07	-0.0015794	-1.7240799999999998e-08	0.0015798	3.2326e-07	-3.2316e-07	-9.159000000000002e-05	-1.7688399999999998e-08	9.1694e-05	3.2306e-07	-3.2314e-07
0.06	-0.014248	-1.3851e-08	0.014264	3.242e-07	-3.236e-07	-0.012912	-1.42356e-08	0.012926	3.2432e-07	-3.2354e-07	-0.011556	-1.4615599999999998e-08	0.011574	3.2406e-07	-3.2306e-07	-0.010213	-1.50434e-08	0.0102146	3.2354e-07	-3.234e-07	-0.0088208	-1.5444399999999998e-08	0.0088198	3.2384e-07	-3.2336e-07	-0.0074066	-1.5892799999999998e-08	0.0074036	3.244e-07	-3.2394e-07	-0.0059738	-1.6325e-08	0.0059754	3.2298e-07	-3.2324e-07	-0.004527	-1.67884e-08	0.0045278	3.234e-07	-3.2326e-07	-0.0030638	-1.7192199999999997e-08	0.003065	3.2328e-07	-3.2316e-07	-0.0015842	-1.76796e-08	0.0015846	3.2324e-07	-3.2318e-07	-9.1442e-05	-1.81544e-08	9.1818e-05	3.23e-07	-3.2312e-07
0.055	-0.01432	-1.42176e-08	0.01434	3.2448e-07	-3.2356e-07	-0.012976	-1.4612e-08	0.012988	3.2372e-07	-3.2342e-07	-0.011616	-1.50032e-08	0.011626	3.2404e-07	-3.2342e-07	-0.0102618	-1.54396e-08	0.0102608	3.2392e-07	-3.2322e-07	-0.0088586	-1.5836199999999998e-08	0.0088608	3.2392e-07	-3.2332e-07	-0.0074356	-1.6291999999999998e-08	0.007437	3.2428e-07	-3.24e-07	-0.005999	-1.67438e-08	0.0059992	3.2356e-07	-3.2324e-07	-0.0045442	-1.7217599999999997e-08	0.0045476	3.2288e-07	-3.2264e-07	-0.0030738	-1.7630999999999998e-08	0.0030766	3.2264e-07	-3.226e-07	-0.0015906	-1.813e-08	0.0015928	3.2322e-07	-3.2318e-07	-9.1742e-05	-1.86068e-08	9.2032e-05	3.2302e-07	-3.2314e-07
0.05	-0.014388	-1.45852e-08	0.014408	3.2444e-07	-3.2362e-07	-0.01304	-1.4998e-08	0.013052	3.2378e-07	-3.2352e-07	-0.011662	-1.5392399999999998e-08	0.011682	3.2408e-07	-3.2346e-07	-0.0103044	-1.5793599999999997e-08	0.0103042	3.2384e-07	-3.234e-07	-0.0088966	-1.6235e-08	0.0088972	3.2386e-07	-3.2336e-07	-0.0074678	-1.67152e-08	0.0074688	3.2434e-07	-3.239e-07	-0.006022	-1.7154199999999997e-08	0.0060256	3.2356e-07	-3.2324e-07	-0.0045644	-1.7655599999999998e-08	0.0045614	3.2344e-07	-3.2318e-07	-0.0030862	-1.80778e-08	0.0030892	3.2276e-07	-3.231e-07	-0.0016006	-1.8582e-08	0.0015974	3.2318e-07	-3.232e-07	-9.2018e-05	-1.9058e-08	9.215e-05	3.2308e-07	-3.2316e-07
0.045	-0.014462	-1.4988599999999998e-08	0.014478	3.2442e-07	-3.2362e-07	-0.013096	-1.5390799999999998e-08	0.013118	3.2428e-07	-3.235e-07	-0.01172	-1.5789e-08	0.01174	3.241e-07	-3.2338e-07	-0.0103504	-1.6199399999999997e-08	0.0103526	3.2396e-07	-3.234e-07	-0.0089336	-1.6667399999999998e-08	0.0089356	3.2392e-07	-3.2332e-07	-0.0074994	-1.71482e-08	0.0075012	3.2432e-07	-3.2394e-07	-0.006047	-1.7606599999999998e-08	0.0060464	3.2312e-07	-3.2324e-07	-0.0045786	-1.80942e-08	0.0045802	3.2348e-07	-3.2324e-07	-0.0030984	-1.85294e-08	0.0031006	3.2322e-07	-3.2324e-07	-0.0016046	-1.90676e-08	0.0016054	3.2276e-07	-3.2324e-07	-9.1996e-05	-1.95594e-08	9.2234e-05	3.23e-07	-3.2254e-07
0.04	-0.014526	-1.5377199999999997e-08	0.014544	3.2444e-07	-3.236e-07	-0.013162	-1.5787799999999998e-08	0.013174	3.2432e-07	-3.2354e-07	-0.011768	-1.61964e-08	0.011786	3.2404e-07	-3.234e-07	-0.0103944	-1.6635e-08	0.010393	3.2398e-07	-3.2338e-07	-0.0089688	-1.7093399999999998e-08	0.0089718	3.2378e-07	-3.2332e-07	-0.0075286	-1.75636e-08	0.0075296	3.243e-07	-3.2394e-07	-0.0060716	-1.80498e-08	0.006072	3.2354e-07	-3.2318e-07	-0.0045978	-1.8553e-08	0.0045994	3.2344e-07	-3.2324e-07	-0.0031096	-1.9024e-08	0.0031092	3.228e-07	-3.2316e-07	-0.0016088	-1.93226e-08	0.001608	3.2326e-07	-3.232e-07	-9.2462e-05	-2.00384e-08	9.2654e-05	3.2306e-07	-3.2314e-07
0.035	-0.014592	-1.5768399999999998e-08	0.014614	3.2448e-07	-3.236e-07	-0.013216	-1.62038e-08	0.013234	3.2374e-07	-3.235e-07	-0.011818	-1.6621999999999998e-08	0.011838	3.2414e-07	-3.234e-07	-0.0104372	-1.7085199999999998e-08	0.010439	3.2338e-07	-3.228e-07	-0.0090064	-1.7539e-08	0.0090072	3.2384e-07	-3.2338e-07	-0.0075576	-1.80338e-08	0.0075582	3.2432e-07	-3.2398e-07	-0.006094	-1.85306e-08	0.006093	3.2354e-07	-3.2328e-07	-0.0046152	-1.903e-08	0.0046162	3.2348e-07	-3.2326e-07	-0.0031194	-1.95118e-08	0.0031196	3.2338e-07	-3.2318e-07	-0.0016166	-1.98054e-08	0.0016156	3.232e-07	-3.2318e-07	-9.2742e-05	-2.05514e-08	9.3042e-05	3.2308e-07	-3.2252e-07
0.03	-0.01466	-1.61962e-08	0.014678	3.2428e-07	-3.237e-07	-0.013276	-1.6453599999999998e-08	0.013288	3.237e-07	-3.23e-07	-0.01187	-1.69974e-08	0.011886	3.2348e-07	-3.2338e-07	-0.010479	-1.75382e-08	0.0104806	3.233e-07	-3.2338e-07	-0.0090416	-1.7988e-08	0.0090432	3.2384e-07	-3.234e-07	-0.0075836	-1.84738e-08	0.007589	3.2458e-07	-3.2408e-07	-0.0061158	-1.89788e-08	0.0061138	3.2346e-07	-3.232e-07	-0.0046316	-1.9496e-08	0.0046298	3.2278e-07	-3.2252e-07	-0.0031312	-1.99988e-08	0.0031344	3.233e-07	-3.2306e-07	-0.001621	-2.0515e-08	0.0016196	3.232e-07	-3.2312e-07	-9.337000000000002e-05	-2.10432e-08	9.3474e-05	3.2296e-07	-3.2314e-07
0.025	-0.014722	-1.6612799999999997e-08	0.01474	3.2436e-07	-3.2362e-07	-0.01333	-1.68472e-08	0.013344	3.2424e-07	-3.2352e-07	-0.011918	-1.7461999999999998e-08	0.011934	3.2408e-07	-3.2336e-07	-0.0105228	-1.7966999999999998e-08	0.0105216	3.2396e-07	-3.2338e-07	-0.0090716	-1.84422e-08	0.009075	3.2388e-07	-3.229e-07	-0.007613	-1.8956e-08	0.0076126	3.2424e-07	-3.2394e-07	-0.006139	-1.94432e-08	0.0061372	3.2354e-07	-3.2326e-07	-0.0046468	-1.99822e-08	0.0046472	3.2352e-07	-3.2328e-07	-0.003142	-2.0502e-08	0.0031436	3.233e-07	-3.2312e-07	-0.0016246	-2.10324e-08	0.0016238	3.2326e-07	-3.2316e-07	-9.359e-05	-2.15518e-08	9.3768e-05	3.231e-07	-3.2262e-07
0.02	-0.014782	-1.7024799999999998e-08	0.014804	3.2444e-07	-3.236e-07	-0.013382	-1.74594e-08	0.013398	3.2436e-07	-3.2356e-07	-0.011968	-1.7893999999999998e-08	0.011978	3.235e-07	-3.2284e-07	-0.010561	-1.84204e-08	0.0105588	3.2388e-07	-3.2326e-07	-0.0091088	-1.8907e-08	0.0091076	3.239e-07	-3.2344e-07	-0.0076426	-1.94226e-08	0.0076408	3.2432e-07	-3.2396e-07	-0.006158	-1.99318e-08	0.006159	3.236e-07	-3.232e-07	-0.0046608	-2.04762e-08	0.0046632	3.2344e-07	-3.2324e-07	-0.0031512	-2.09992e-08	0.0031528	3.233e-07	-3.2302e-07	-0.0016286	-2.15212e-08	0.0016286	3.232e-07	-3.2318e-07	-9.3714e-05	-2.20814e-08	9.3926e-05	3.2306e-07	-3.2312e-07
0.015	-0.014844	-1.7472199999999997e-08	0.014864	3.2436e-07	-3.2356e-07	-0.013432	-1.79224e-08	0.01345	3.242e-07	-3.2348e-07	-0.01201	-1.83606e-08	0.012028	3.2414e-07	-3.234e-07	-0.0105988	-1.89006e-08	0.0105972	3.2396e-07	-3.2344e-07	-0.009142	-1.9406e-08	0.0091434	3.2384e-07	-3.2338e-07	-0.0076678	-1.99118e-08	0.0076674	3.2432e-07	-3.24e-07	-0.0061824	-2.04142e-08	0.0061804	3.235e-07	-3.2324e-07	-0.0046762	-2.09954e-08	0.004676	3.2348e-07	-3.2326e-07	-0.0031648	-2.1534e-08	0.0031632	3.2264e-07	-3.2312e-07	-0.0016346	-2.208e-08	0.0016356	3.2322e-07	-3.2314e-07	-9.4202e-05	-2.26202e-08	9.3616e-05	3.2306e-07	-3.2312e-07
0.01	-0.014906	-1.7892999999999997e-08	0.01492	3.2448e-07	-3.236e-07	-0.013486	-1.8366e-08	0.013504	3.2372e-07	-3.2294e-07	-0.012054	-1.88352e-08	0.012068	3.2332e-07	-3.2278e-07	-0.0106388	-1.93664e-08	0.0106374	3.239e-07	-3.2332e-07	-0.0091738	-1.98784e-08	0.0091738	3.2382e-07	-3.233e-07	-0.0076936	-2.04186e-08	0.0076924	3.2434e-07	-3.239e-07	-0.0062	-2.09412e-08	0.0061994	3.2356e-07	-3.233e-07	-0.0046924	-2.1494e-08	0.0046954	3.235e-07	-3.2328e-07	-0.003173	-2.20366e-08	0.0031738	3.232e-07	-3.2318e-07	-0.0016398	-2.2597e-08	0.0016408	3.2328e-07	-3.2314e-07	-9.4026e-05	-2.3201e-08	9.4282e-05	3.2308e-07	-3.2314e-07
0.005	-0.014962	-1.83562e-08	0.01498	3.2444e-07	-3.236e-07	-0.013538	-1.86508e-08	0.013552	3.2426e-07	-3.2348e-07	-0.012094	-1.92978e-08	0.012112	3.2336e-07	-3.2274e-07	-0.0106764	-1.98634e-08	0.0106754	3.2396e-07	-3.2282e-07	-0.0092054	-2.03894e-08	0.009206	3.2374e-07	-3.2336e-07	-0.0077156	-2.0924e-08	0.0077182	3.243e-07	-3.2396e-07	-0.0062194	-2.14584e-08	0.006218	3.23e-07	-3.2324e-07	-0.0047076	-2.20284e-08	0.0047066	3.235e-07	-3.2324e-07	-0.0031804	-2.25904e-08	0.0031836	3.2324e-07	-3.2312e-07	-0.0016434	-2.31344e-08	0.001646	3.2274e-07	-3.226e-07	-9.4502e-05	-2.37704e-08	9.4488e-05	3.2304e-07	-3.225e-07
0.0	-0.015018	-1.88442e-08	0.015038	3.244e-07	-3.2366e-07	-0.013586	-1.91162e-08	0.013606	3.2372e-07	-3.2348e-07	-0.01214	-1.97848e-08	0.012158	3.239e-07	-3.229e-07	-0.0107128	-2.03554e-08	0.010712	3.24e-07	-3.2278e-07	-0.0092366	-2.08848e-08	0.0092382	3.2384e-07	-3.2342e-07	-0.007742	-2.14404e-08	0.0077442	3.2438e-07	-3.2396e-07	-0.0062378	-2.20016e-08	0.0062396	3.2358e-07	-3.2328e-07	-0.0047206	-2.25618e-08	0.0047214	3.235e-07	-3.2326e-07	-0.0031898	-2.31216e-08	0.0031916	3.2322e-07	-3.2312e-07	-0.001649	-2.36964e-08	0.0016524	3.2306e-07	-3.2324e-07	-9.4502e-05	-2.43366e-08	9.4796e-05	3.2296e-07	-3.2312e-07
