vg	id_vd = 0.0V	ig_vd = 0.0V	is_vd = 0.0V	iavdd_vd = 0.0V	ignd_vd = 0.0V	id_vd = 0.010000000000000009V	ig_vd = 0.010000000000000009V	is_vd = 0.010000000000000009V	iavdd_vd = 0.010000000000000009V	ignd_vd = 0.010000000000000009V	id_vd = 0.020000000000000018V	ig_vd = 0.020000000000000018V	is_vd = 0.020000000000000018V	iavdd_vd = 0.020000000000000018V	ignd_vd = 0.020000000000000018V	id_vd = 0.030000000000000027V	ig_vd = 0.030000000000000027V	is_vd = 0.030000000000000027V	iavdd_vd = 0.030000000000000027V	ignd_vd = 0.030000000000000027V	id_vd = 0.040000000000000036V	ig_vd = 0.040000000000000036V	is_vd = 0.040000000000000036V	iavdd_vd = 0.040000000000000036V	ignd_vd = 0.040000000000000036V	id_vd = 0.050000000000000044V	ig_vd = 0.050000000000000044V	is_vd = 0.050000000000000044V	iavdd_vd = 0.050000000000000044V	ignd_vd = 0.050000000000000044V	id_vd = 0.06000000000000005V	ig_vd = 0.06000000000000005V	is_vd = 0.06000000000000005V	iavdd_vd = 0.06000000000000005V	ignd_vd = 0.06000000000000005V	id_vd = 0.07000000000000006V	ig_vd = 0.07000000000000006V	is_vd = 0.07000000000000006V	iavdd_vd = 0.07000000000000006V	ignd_vd = 0.07000000000000006V	id_vd = 0.08000000000000007V	ig_vd = 0.08000000000000007V	is_vd = 0.08000000000000007V	iavdd_vd = 0.08000000000000007V	ignd_vd = 0.08000000000000007V	id_vd = 0.08999999999999997V	ig_vd = 0.08999999999999997V	is_vd = 0.08999999999999997V	iavdd_vd = 0.08999999999999997V	ignd_vd = 0.08999999999999997V	id_vd = 0.09999999999999998V	ig_vd = 0.09999999999999998V	is_vd = 0.09999999999999998V	iavdd_vd = 0.09999999999999998V	ignd_vd = 0.09999999999999998V
1.2	-3.0036e-09	2.5821e-09	3.499e-11	3.275e-07	-3.2714e-07	-3.4534e-09	3.992e-09	-7.935e-11	3.2462e-07	-3.2482e-07	-3.495e-09	4.0855e-09	-4.3e-11	3.2396e-07	-3.2468e-07	-3.2532e-09	4.0709e-09	-8.184000000000001e-11	3.2356e-07	-3.2446e-07	-3.0991e-09	4.1085e-09	-7.428e-11	3.2324e-07	-3.244e-07	-3.1104e-09	4.1012e-09	-2.174e-11	3.2304e-07	-3.2436e-07	-2.7465e-09	3.9817e-09	-8.097e-11	3.2274e-07	-3.2426e-07	-2.4179e-09	3.9739e-09	-2.384e-11	3.2202e-07	-3.2362e-07	-2.5089e-09	4.0382e-09	-5.573e-11	3.224e-07	-3.238e-07	-2.1011e-09	3.949e-09	-7.971e-11	3.2122e-07	-3.2326e-07	-1.9902e-09	3.765e-09	-7.535e-11	3.2206e-07	-3.2378e-07
1.195	-2.5134e-09	2.2556e-09	-1.8840000000000003e-11	3.273e-07	-3.2698e-07	-3.3115e-09	3.6035e-09	-6.484e-11	3.2462e-07	-3.2484e-07	-2.987e-09	3.701e-09	-5.442e-11	3.2398e-07	-3.247e-07	-2.8146e-09	3.6825e-09	-7.747e-11	3.2306e-07	-3.2386e-07	-2.6689e-09	3.7098e-09	-8.725000000000001e-11	3.2338e-07	-3.2432e-07	-2.5693e-09	3.7108e-09	-3.328e-11	3.232e-07	-3.2438e-07	-2.2818e-09	3.641e-09	-7.567000000000001e-11	3.2288e-07	-3.2424e-07	-2.1968e-09	3.6574e-09	-2.1390000000000003e-11	3.2274e-07	-3.243e-07	-2.2991e-09	3.6391e-09	-4.169e-11	3.2264e-07	-3.2388e-07	-1.7084e-09	3.6012e-09	-8.965e-11	3.2214e-07	-3.2402e-07	-1.6443e-09	3.4142e-09	-6.645e-11	3.213e-07	-3.2352e-07
1.19	-2.4966e-09	2.1248e-09	-9.57e-12	3.2742e-07	-3.27e-07	-3.2743e-09	3.4266e-09	-5.3010000000000006e-11	3.239e-07	-3.24e-07	-2.9086e-09	3.5152e-09	-5.2390000000000006e-11	3.2408e-07	-3.2478e-07	-2.7607e-09	3.498e-09	-8.29e-11	3.2374e-07	-3.244e-07	-2.5947e-09	3.5202e-09	-7.914000000000001e-11	3.2356e-07	-3.2426e-07	-2.4497e-09	3.531e-09	-3.8410000000000006e-11	3.233e-07	-3.2436e-07	-2.1923e-09	3.4562e-09	-8.614000000000001e-11	3.2244e-07	-3.2352e-07	-2.0898e-09	3.4793999999999998e-09	-3.23e-11	3.2286e-07	-3.2436e-07	-2.2245e-09	3.4627e-09	-3.5300000000000003e-11	3.2274e-07	-3.2388e-07	-1.6516e-09	3.4171e-09	-8.330000000000001e-11	3.2228e-07	-3.2398e-07	-1.6214e-09	3.2511e-09	-5.135e-11	3.2226e-07	-3.237e-07
1.185	-2.4752e-09	2.0071e-09	-1.73e-12	3.2742e-07	-3.2686e-07	-3.233e-09	3.2605e-09	-3.3e-11	3.2478e-07	-3.2482e-07	-2.8397e-09	3.3402e-09	-6.296000000000001e-11	3.241e-07	-3.2468e-07	-2.7519e-09	3.3253e-09	-6.977000000000001e-11	3.2384e-07	-3.2432e-07	-2.5627e-09	3.349e-09	-7.368000000000001e-11	3.2364e-07	-3.243e-07	-2.3439e-09	3.3638e-09	-4.7030000000000005e-11	3.233e-07	-3.2436e-07	-2.1465e-09	3.2876e-09	-8.119e-11	3.2312e-07	-3.2414e-07	-1.9853e-09	3.3159e-09	-4.443e-11	3.2296e-07	-3.2426e-07	-2.1269e-09	3.3016e-09	-2.507e-11	3.2278e-07	-3.2388e-07	-1.6405e-09	3.2484e-09	-7.615e-11	3.2242e-07	-3.238e-07	-1.6212e-09	3.1043e-09	-4.345e-11	3.2236e-07	-3.2374e-07
1.1800000000000002	-2.4643e-09	1.9011e-09	2.318e-11	3.275e-07	-3.269e-07	-3.16e-09	3.1092e-09	-3.475e-11	3.2416e-07	-3.2398e-07	-2.7401e-09	3.1795e-09	-6.197000000000001e-11	3.2416e-07	-3.2466e-07	-2.7499e-09	3.1675e-09	-6.635000000000001e-11	3.2396e-07	-3.2434e-07	-2.5673e-09	3.1893e-09	-7.028e-11	3.2374e-07	-3.2418e-07	-2.2755e-09	3.2056e-09	-5.368e-11	3.2336e-07	-3.2444e-07	-2.1516e-09	3.1286e-09	-7.241000000000001e-11	3.2324e-07	-3.2406e-07	-1.8981e-09	3.1627e-09	-4.952e-11	3.2294e-07	-3.2424e-07	-2.033e-09	3.1559e-09	-1.397e-11	3.228e-07	-3.2352e-07	-1.6571e-09	3.0918e-09	-7.267e-11	3.225e-07	-3.2386e-07	-1.5888e-09	2.968e-09	-2.7760000000000003e-11	3.2246e-07	-3.2376e-07
1.175	-2.4529e-09	1.8008e-09	2.6340000000000003e-11	3.2754e-07	-3.268e-07	-3.1277e-09	2.9708e-09	-1.5160000000000002e-11	3.2494e-07	-3.2478e-07	-2.6722e-09	3.0303e-09	-6.266e-11	3.2422e-07	-3.2462e-07	-2.7304e-09	3.0222e-09	-5.437e-11	3.2414e-07	-3.2422e-07	-2.5678e-09	3.0383e-09	-5.6870000000000006e-11	3.2384e-07	-3.2428e-07	-2.2172e-09	3.0543e-09	-4.993e-11	3.2344e-07	-3.2372e-07	-2.1607e-09	2.9809e-09	-6.208000000000001e-11	3.2334e-07	-3.2404e-07	-1.8485e-09	3.0149e-09	-5.041e-11	3.2304e-07	-3.2428e-07	-1.9353e-09	3.0189e-09	-5.520000000000001e-12	3.2302e-07	-3.2342e-07	-1.6537e-09	2.9458e-09	-5.8140000000000006e-11	3.2254e-07	-3.2386e-07	-1.5044e-09	2.8408e-09	-2.2390000000000003e-11	3.2244e-07	-3.2374e-07
1.1700000000000002	-2.4073e-09	1.7138e-09	3.885e-11	3.2742e-07	-3.2678e-07	-3.073e-09	2.8419e-09	-7.240000000000001e-12	3.2498e-07	-3.2476e-07	-2.6639e-09	2.8965e-09	-6.024e-11	3.2438e-07	-3.2462e-07	-2.7042e-09	2.8926e-09	-4.59e-11	3.2416e-07	-3.2426e-07	-2.5412e-09	2.9075e-09	-4.6020000000000006e-11	3.2388e-07	-3.2428e-07	-2.1308e-09	2.9134e-09	-6.277000000000001e-11	3.2308e-07	-3.2434e-07	-2.1489e-09	2.8487e-09	-4.81e-11	3.235e-07	-3.2408e-07	-1.7746e-09	2.8752e-09	-6.038e-11	3.2306e-07	-3.2416e-07	-1.8296e-09	2.8897e-09	-6.15e-12	3.2302e-07	-3.2406e-07	-1.6362e-09	2.8198e-09	-4.996e-11	3.2272e-07	-3.238e-07	-1.4236e-09	2.7268e-09	-1.265e-11	3.218e-07	-3.2298e-07
1.165	-2.3324e-09	1.6326e-09	4.5610000000000005e-11	3.2742e-07	-3.2676e-07	-2.9872e-09	2.7276e-09	1.0100000000000001e-12	3.251e-07	-3.247e-07	-2.6626e-09	2.7661e-09	-4.8890000000000005e-11	3.2446e-07	-3.2452e-07	-2.6904e-09	2.7734e-09	-2.957e-11	3.2356e-07	-3.2368e-07	-2.5245e-09	2.7849999999999998e-09	-2.9190000000000005e-11	3.2398e-07	-3.2418e-07	-2.0617e-09	2.7857e-09	-6.19e-11	3.2366e-07	-3.2362e-07	-2.1387e-09	2.73e-09	-4.102e-11	3.2354e-07	-3.2398e-07	-1.7027e-09	2.7472e-09	-6.685000000000001e-11	3.231e-07	-3.241e-07	-1.7304e-09	2.7718e-09	-3.7000000000000004e-13	3.2308e-07	-3.2412e-07	-1.6259e-09	2.6998e-09	-3.3090000000000005e-11	3.2278e-07	-3.238e-07	-1.3369e-09	2.6131e-09	-4.1e-13	3.2266e-07	-3.2378e-07
1.16	-2.2839e-09	1.562e-09	5.7230000000000006e-11	3.2746e-07	-3.2678e-07	-2.919e-09	2.6202e-09	1.821e-11	3.2514e-07	-3.2476e-07	-2.6669e-09	2.6492e-09	-4.5400000000000006e-11	3.2458e-07	-3.2446e-07	-2.6726e-09	2.6578e-09	-9.35e-12	3.2426e-07	-3.2418e-07	-2.5196e-09	2.6753e-09	-2.209e-11	3.2404e-07	-3.2422e-07	-2.0489e-09	2.6676e-09	-6.202000000000001e-11	3.236e-07	-3.2416e-07	-2.136e-09	2.6198e-09	-2.193e-11	3.2358e-07	-3.24e-07	-1.6798e-09	2.6288e-09	-6.419e-11	3.2326e-07	-3.2402e-07	-1.6236e-09	2.6611e-09	7.680000000000001e-12	3.2316e-07	-3.241e-07	-1.6313e-09	2.5918e-09	-2.422e-11	3.2282e-07	-3.2372e-07	-1.2439e-09	2.5134e-09	2.26e-12	3.2264e-07	-3.2382e-07
1.155	-2.2144e-09	1.4921e-09	6.597e-11	3.2756e-07	-3.2686e-07	-2.8464e-09	2.5203e-09	2.3190000000000003e-11	3.2522e-07	-3.2486e-07	-2.6523e-09	2.5401e-09	-3.038e-11	3.2464e-07	-3.2444e-07	-2.6288e-09	2.5579e-09	-3.640000000000001e-12	3.2432e-07	-3.2424e-07	-2.4933e-09	2.5712e-09	-2.0200000000000007e-12	3.2414e-07	-3.2418e-07	-2.0626e-09	2.5543e-09	-4.834e-11	3.2372e-07	-3.2422e-07	-2.1271e-09	2.5189e-09	-1.099e-11	3.2358e-07	-3.2396e-07	-1.691e-09	2.5164e-09	-5.321e-11	3.2322e-07	-3.2402e-07	-1.5382e-09	2.5568e-09	5.48e-12	3.2304e-07	-3.2414e-07	-1.601e-09	2.4921e-09	-8.280000000000003e-12	3.229e-07	-3.2384e-07	-1.1464e-09	2.4134e-09	1.0950000000000002e-11	3.2272e-07	-3.2392e-07
1.15	-2.1364e-09	1.424e-09	6.070000000000001e-11	3.275e-07	-3.268e-07	-2.7509e-09	2.4226e-09	2.9590000000000005e-11	3.2518e-07	-3.2496e-07	-2.6368e-09	2.4429e-09	-2.358e-11	3.2468e-07	-3.2446e-07	-2.5523e-09	2.4647e-09	1.075e-11	3.2436e-07	-3.2428e-07	-2.4214e-09	2.4765e-09	2.2700000000000002e-12	3.2418e-07	-3.2418e-07	-2.0815e-09	2.4472e-09	-4.272e-11	3.2386e-07	-3.2422e-07	-2.0803e-09	2.4263e-09	-1.6600000000000002e-12	3.237e-07	-3.2398e-07	-1.714e-09	2.4107e-09	-4.672e-11	3.2336e-07	-3.24e-07	-1.4655e-09	2.4535e-09	2.4300000000000003e-12	3.2304e-07	-3.2382e-07	-1.527e-09	2.3978e-09	-4.22e-12	3.2296e-07	-3.231e-07	-1.0514e-09	2.3251e-09	1.009e-11	3.2266e-07	-3.2396e-07
1.145	-2.0263e-09	1.3632e-09	7.297e-11	3.2744e-07	-3.2688e-07	-2.6436e-09	2.3332999999999998e-09	2.518e-11	3.253e-07	-3.25e-07	-2.6301e-09	2.3495e-09	-3.0800000000000002e-12	3.2478e-07	-3.2436e-07	-2.4957e-09	2.378e-09	1.5250000000000002e-11	3.2438e-07	-3.2426e-07	-2.3582e-09	2.3882e-09	1.365e-11	3.2422e-07	-3.2428e-07	-2.0797e-09	2.3515e-09	-3.0170000000000004e-11	3.2394e-07	-3.2418e-07	-2.0056e-09	2.3386e-09	5.810000000000001e-12	3.2382e-07	-3.2404e-07	-1.7217e-09	2.3148e-09	-3.3630000000000004e-11	3.234e-07	-3.2398e-07	-1.3839e-09	2.3642e-09	-7.42e-12	3.2308e-07	-3.2418e-07	-1.4638e-09	2.3112e-09	3.53e-12	3.2292e-07	-3.2376e-07	-9.728e-10	2.2355e-09	1.77e-11	3.2268e-07	-3.239e-07
1.14	-1.9259e-09	1.3066e-09	7.846e-11	3.2738e-07	-3.2684e-07	-2.5227e-09	2.2491e-09	3.951e-11	3.253e-07	-3.2494e-07	-2.6098e-09	2.2646e-09	9.02e-12	3.2482e-07	-3.2442e-07	-2.4255e-09	2.2954e-09	3.2060000000000004e-11	3.245e-07	-3.2434e-07	-2.2764e-09	2.3034e-09	2.491e-11	3.2426e-07	-3.2424e-07	-2.0725e-09	2.2654e-09	-1.4300000000000002e-11	3.2396e-07	-3.2412e-07	-1.9275e-09	2.2582e-09	2.0480000000000003e-11	3.238e-07	-3.24e-07	-1.7151e-09	2.2287e-09	-2.011e-11	3.2346e-07	-3.2396e-07	-1.3051e-09	2.2749e-09	-1.2260000000000001e-11	3.2246e-07	-3.242e-07	-1.3829e-09	2.2279e-09	1.849e-11	3.2314e-07	-3.2386e-07	-1.084e-09	2.1065e-09	-2.679e-11	3.2284e-07	-3.2378e-07
1.135	-1.863e-09	1.2465e-09	7.705e-11	3.2732e-07	-3.2684e-07	-2.437e-09	2.1676e-09	4.477e-11	3.2522e-07	-3.2506e-07	-2.5643e-09	2.1874e-09	1.914e-11	3.248e-07	-3.244e-07	-2.3402e-09	2.214e-09	2.9730000000000004e-11	3.245e-07	-3.2438e-07	-2.1848e-09	2.2234e-09	3.034e-11	3.2422e-07	-3.2426e-07	-2.083e-09	2.1846e-09	-6.900000000000001e-13	3.2396e-07	-3.2414e-07	-1.8431e-09	2.1796e-09	2.4810000000000003e-11	3.2392e-07	-3.241e-07	-1.7206e-09	2.1479e-09	-7.0900000000000015e-12	3.2352e-07	-3.2394e-07	-1.2581e-09	2.1859e-09	-2.242e-11	3.2314e-07	-3.2416e-07	-1.2954e-09	2.1497e-09	2.0750000000000003e-11	3.2314e-07	-3.2394e-07	-1.0917e-09	2.0282e-09	-9.910000000000001e-12	3.229e-07	-3.2378e-07
1.13	-1.7914e-09	1.1933e-09	6.976e-11	3.2738e-07	-3.2682e-07	-2.3675e-09	2.0892e-09	3.963e-11	3.2524e-07	-3.2506e-07	-2.5004999999999998e-09	2.1156e-09	3.069e-11	3.2482e-07	-3.2442e-07	-2.2317e-09	2.1398e-09	3.3740000000000004e-11	3.2446e-07	-3.2442e-07	-2.0868e-09	2.1462e-09	3.628e-11	3.2428e-07	-3.243e-07	-2.0734e-09	2.1087e-09	1.3190000000000002e-11	3.2404e-07	-3.2346e-07	-1.7521e-09	2.1066e-09	2.6230000000000003e-11	3.2382e-07	-3.2418e-07	-1.7267e-09	2.074e-09	4.89e-12	3.2362e-07	-3.239e-07	-1.2277e-09	2.1001e-09	-2.4940000000000003e-11	3.2314e-07	-3.2412e-07	-1.2071e-09	2.0761e-09	2.5740000000000003e-11	3.2322e-07	-3.24e-07	-1.1049e-09	1.9602e-09	-1.1000000000000001e-13	3.229e-07	-3.2376e-07
1.125	-1.7259e-09	1.1436e-09	6.716e-11	3.2726e-07	-3.2684e-07	-2.2918e-09	2.0141e-09	3.481e-11	3.2458e-07	-3.2496e-07	-2.4447e-09	2.0491e-09	4.104e-11	3.2484e-07	-3.2448e-07	-2.1153e-09	2.0683e-09	4.5510000000000006e-11	3.2448e-07	-3.2448e-07	-1.9938e-09	2.0763e-09	3.5930000000000005e-11	3.2426e-07	-3.2446e-07	-2.0275e-09	2.0394e-09	1.94e-11	3.2412e-07	-3.241e-07	-1.6329e-09	2.0342e-09	3.598e-11	3.2378e-07	-3.2424e-07	-1.6924e-09	2.0062e-09	1.34e-11	3.2364e-07	-3.2382e-07	-1.1619e-09	2.0152e-09	-2.932e-11	3.2314e-07	-3.2404e-07	-1.1089e-09	2.0061e-09	2.5010000000000003e-11	3.2308e-07	-3.24e-07	-1.0765e-09	1.8942e-09	1.2570000000000002e-11	3.2296e-07	-3.2364e-07
1.12	-1.6784e-09	1.0941e-09	5.859e-11	3.2712e-07	-3.2674e-07	-2.2107e-09	1.9465e-09	2.151e-11	3.251e-07	-3.2494e-07	-2.3745e-09	1.9807e-09	5.393e-11	3.2486e-07	-3.2458e-07	-2.0428e-09	2.0002e-09	4.53e-11	3.2436e-07	-3.2448e-07	-1.9126e-09	2.007e-09	4.981000000000001e-11	3.2432e-07	-3.2444e-07	-1.9607e-09	1.9745e-09	3.7020000000000005e-11	3.2416e-07	-3.2414e-07	-1.5566e-09	1.9669e-09	4.231e-11	3.2378e-07	-3.243e-07	-1.6197e-09	1.9404e-09	3.06e-11	3.2364e-07	-3.2398e-07	-1.1207e-09	1.9383e-09	-3.831e-11	3.2324e-07	-3.24e-07	-1.0335e-09	1.9381e-09	3.6800000000000005e-11	3.2308e-07	-3.2402e-07	-1.0109e-09	1.8367e-09	1.388e-11	3.223e-07	-3.2374e-07
1.115	-1.6595e-09	1.0451e-09	5.263e-11	3.2714e-07	-3.2678e-07	-2.1545e-09	1.8759e-09	2.222e-11	3.2446e-07	-3.25e-07	-2.2937e-09	1.9179e-09	4.6340000000000005e-11	3.2486e-07	-3.2454e-07	-1.9728e-09	1.929e-09	4.295e-11	3.2438e-07	-3.2454e-07	-1.8456e-09	1.9386e-09	4.198e-11	3.2428e-07	-3.2442e-07	-1.8921e-09	1.9127e-09	4.386e-11	3.2414e-07	-3.2416e-07	-1.4905e-09	1.8988e-09	3.3820000000000006e-11	3.2376e-07	-3.2432e-07	-1.5486e-09	1.8806e-09	3.4540000000000004e-11	3.2372e-07	-3.2394e-07	-1.1349e-09	1.8659e-09	-2.548e-11	3.2326e-07	-3.2396e-07	-1.1259e-09	1.8246e-09	-1.364e-11	3.2322e-07	-3.2392e-07	-9.983e-10	1.7547e-09	9.05e-12	3.2302e-07	-3.2374e-07
1.11	-1.6212e-09	9.913e-10	4.9510000000000005e-11	3.272e-07	-3.2664e-07	-2.1327e-09	1.8046e-09	1.462e-11	3.2512e-07	-3.2492e-07	-2.191e-09	1.8568e-09	6.261e-11	3.2484e-07	-3.245e-07	-1.9043e-09	1.8692e-09	2.9260000000000004e-11	3.2444e-07	-3.2446e-07	-1.7786e-09	1.8757e-09	3.6370000000000006e-11	3.2428e-07	-3.2442e-07	-1.812e-09	1.8538e-09	5.043000000000001e-11	3.2426e-07	-3.2428e-07	-1.421e-09	1.839e-09	2.475e-11	3.2374e-07	-3.2422e-07	-1.4747e-09	1.8214e-09	4.5800000000000006e-11	3.2374e-07	-3.2408e-07	-1.1659e-09	1.7962e-09	-2.416e-11	3.2272e-07	-3.2328e-07	-1.1337e-09	1.7632e-09	5.13e-12	3.2322e-07	-3.2386e-07	-8.935e-10	1.681e-09	-4.28e-12	3.2292e-07	-3.2376e-07
1.105	-1.5704e-09	9.3137e-10	4.36e-11	3.2712e-07	-3.2656e-07	-2.0705e-09	1.7352e-09	1.885e-11	3.2526e-07	-3.2488e-07	-2.0945e-09	1.7986e-09	6.977000000000001e-11	3.2484e-07	-3.2452e-07	-1.8362e-09	1.8085e-09	3.056e-11	3.2444e-07	-3.2452e-07	-1.7019e-09	1.8154e-09	2.426e-11	3.2428e-07	-3.2446e-07	-1.7323e-09	1.7953e-09	5.237e-11	3.242e-07	-3.2422e-07	-1.3548e-09	1.7791e-09	1.861e-11	3.2378e-07	-3.243e-07	-1.3959e-09	1.7633e-09	4.67e-11	3.237e-07	-3.2406e-07	-1.1971e-09	1.7298e-09	-5.79e-12	3.234e-07	-3.2402e-07	-1.1534e-09	1.7078e-09	1.225e-11	3.2258e-07	-3.2314e-07	-6.6464e-10	1.6472e-09	4.432e-11	3.2298e-07	-3.24e-07
1.1	-1.6622e-09	8.889e-10	5.109e-11	3.272e-07	-3.2652e-07	-2.0221e-09	1.6719e-09	1.471e-11	3.2518e-07	-3.249e-07	-2.0241e-09	1.7406e-09	7.397e-11	3.2486e-07	-3.2464e-07	-1.7941e-09	1.747e-09	2.102e-11	3.2432e-07	-3.245e-07	-1.6531e-09	1.755e-09	2.4230000000000003e-11	3.2412e-07	-3.244e-07	-1.6527e-09	1.7409e-09	6.123e-11	3.2412e-07	-3.2424e-07	-1.3138e-09	1.7175e-09	1.722e-11	3.2374e-07	-3.2422e-07	-1.3125e-09	1.7101e-09	5.5480000000000005e-11	3.2346e-07	-3.2416e-07	-1.2051e-09	1.6718e-09	-2.8900000000000004e-12	3.235e-07	-3.2394e-07	-1.1431e-09	1.6548e-09	2.85e-11	3.2332e-07	-3.2386e-07	-6.117100000000001e-10	1.594e-09	3.619e-11	3.2302e-07	-3.2404e-07
1.095	-1.692e-09	8.4597e-10	6.078000000000001e-11	3.2736e-07	-3.265e-07	-2.0135e-09	1.6119e-09	1.872e-11	3.2524e-07	-3.249e-07	-1.9543e-09	1.6847e-09	6.199000000000001e-11	3.248e-07	-3.2472e-07	-1.7723e-09	1.6834e-09	2.373e-11	3.2446e-07	-3.2448e-07	-1.6308e-09	1.6908e-09	2.416e-11	3.2432e-07	-3.2452e-07	-1.5704e-09	1.6884e-09	6.918e-11	3.2406e-07	-3.2432e-07	-1.2913e-09	1.6534e-09	1.098e-11	3.2372e-07	-3.2424e-07	-1.2295e-09	1.6575e-09	6.254000000000001e-11	3.2372e-07	-3.242e-07	-1.211e-09	1.6192e-09	1.398e-11	3.2352e-07	-3.238e-07	-1.0889e-09	1.6051e-09	3.041e-11	3.2328e-07	-3.2376e-07	-5.656600000000001e-10	1.5402e-09	3.315e-11	3.2294e-07	-3.2398e-07
1.09	-1.718e-09	8.0589e-10	7.158e-11	3.273e-07	-3.2648e-07	-2.0497e-09	1.5526e-09	3.026e-11	3.2524e-07	-3.2482e-07	-1.8848e-09	1.6351999999999999e-09	5.431e-11	3.2486e-07	-3.2478e-07	-1.7176e-09	1.6205e-09	2.224e-11	3.2446e-07	-3.2442e-07	-1.5858e-09	1.6304e-09	1.52e-11	3.2434e-07	-3.2444e-07	-1.5082e-09	1.6357e-09	6.770000000000001e-11	3.2406e-07	-3.243e-07	-1.2386e-09	1.5933e-09	7.180000000000001e-12	3.238e-07	-3.242e-07	-1.172e-09	1.6061e-09	5.806e-11	3.2366e-07	-3.2422e-07	-1.2302e-09	1.5686e-09	3.2500000000000004e-11	3.2356e-07	-3.2388e-07	-1.031e-09	1.5611e-09	4.775e-11	3.2266e-07	-3.2326e-07	-5.120600000000001e-10	1.492e-09	2.704e-11	3.23e-07	-3.2408e-07
1.085	-1.7227e-09	7.751900000000001e-10	8.465000000000001e-11	3.2724e-07	-3.2638e-07	-2.0942e-09	1.4949e-09	4.199e-11	3.2522e-07	-3.247e-07	-1.8324e-09	1.5831e-09	5.608e-11	3.2482e-07	-3.2464e-07	-1.6792e-09	1.5635e-09	2.416e-11	3.2386e-07	-3.2384e-07	-1.5365e-09	1.5692e-09	1.808e-11	3.2432e-07	-3.2436e-07	-1.4488e-09	1.5836e-09	6.482e-11	3.2402e-07	-3.2438e-07	-1.1997e-09	1.536e-09	9.98e-12	3.2386e-07	-3.2412e-07	-1.1117e-09	1.5546e-09	5.951000000000001e-11	3.2368e-07	-3.2426e-07	-1.2422e-09	1.5227e-09	4.235e-11	3.2364e-07	-3.2398e-07	-1.0347e-09	1.4939e-09	4.182e-11	3.2338e-07	-3.2386e-07	-4.541e-10	1.4479e-09	1.921e-11	3.229e-07	-3.2396e-07
1.08	-1.7366e-09	7.4576e-10	1.0255e-10	3.2738e-07	-3.2644e-07	-2.1069e-09	1.4442e-09	5.440000000000001e-11	3.253e-07	-3.247e-07	-1.8143e-09	1.5293e-09	5.19e-11	3.2474e-07	-3.247e-07	-1.704e-09	1.509e-09	3.3820000000000006e-11	3.245e-07	-3.2432e-07	-1.54e-09	1.5158e-09	2.422e-11	3.2434e-07	-3.2434e-07	-1.3841e-09	1.5371e-09	5.955e-11	3.2328e-07	-3.2362e-07	-1.2227e-09	1.4821e-09	1.391e-11	3.2382e-07	-3.2406e-07	-1.051e-09	1.5095e-09	4.5580000000000006e-11	3.2362e-07	-3.2418e-07	-1.2043e-09	1.4787e-09	5.5050000000000006e-11	3.2364e-07	-3.2388e-07	-9.777e-10	1.4507e-09	4.847e-11	3.227e-07	-3.2316e-07	-3.9735e-10	1.4017e-09	1.138e-11	3.2288e-07	-3.2406e-07
1.075	-1.7659e-09	7.1387e-10	1.2129e-10	3.2724e-07	-3.2632e-07	-2.1188e-09	1.4001e-09	7.085e-11	3.254e-07	-3.2464e-07	-1.7832e-09	1.4727e-09	5.7450000000000006e-11	3.248e-07	-3.2466e-07	-1.7343e-09	1.4554e-09	4.1720000000000006e-11	3.2452e-07	-3.2434e-07	-1.5788e-09	1.4611e-09	3.956e-11	3.2434e-07	-3.243e-07	-1.3339e-09	1.4884e-09	5.5040000000000005e-11	3.2406e-07	-3.243e-07	-1.2624e-09	1.4282e-09	2.925e-11	3.2388e-07	-3.2404e-07	-9.977e-10	1.4611e-09	4.6670000000000005e-11	3.2362e-07	-3.2412e-07	-1.1538e-09	1.4377e-09	6.180000000000001e-11	3.2352e-07	-3.2386e-07	-6.2887e-10	1.4217e-09	3.041e-11	3.232e-07	-3.241e-07	-3.6157e-10	1.357e-09	3.66e-12	3.2294e-07	-3.2396e-07
1.07	-1.7713e-09	6.877900000000001e-10	1.4007e-10	3.2736e-07	-3.2634e-07	-2.1388e-09	1.3557e-09	9.72e-11	3.2542e-07	-3.2472e-07	-1.7378e-09	1.4204e-09	6.021e-11	3.2488e-07	-3.2462e-07	-1.7763e-09	1.4057e-09	6.173e-11	3.2458e-07	-3.242e-07	-1.6301e-09	1.4096e-09	5.0390000000000006e-11	3.2444e-07	-3.2424e-07	-1.319e-09	1.4346e-09	5.764000000000001e-11	3.2344e-07	-3.237e-07	-1.3112e-09	1.3779e-09	4.0080000000000005e-11	3.2398e-07	-3.2412e-07	-1.165e-09	1.3706e-09	3.413e-11	3.2372e-07	-3.2396e-07	-1.0888e-09	1.3989e-09	8.406e-11	3.2362e-07	-3.2386e-07	-5.8842e-10	1.3769e-09	2.8690000000000003e-11	3.2322e-07	-3.2418e-07	-3.4292000000000004e-10	1.3063e-09	8.710000000000001e-12	3.2294e-07	-3.24e-07
1.065	-1.7519e-09	6.600200000000001e-10	1.5581e-10	3.273e-07	-3.2638e-07	-2.1519e-09	1.3148e-09	1.1998e-10	3.254e-07	-3.2466e-07	-1.7225e-09	1.369e-09	6.967e-11	3.248e-07	-3.2452e-07	-1.7966e-09	1.3596e-09	7.204e-11	3.2462e-07	-3.2428e-07	-1.652e-09	1.3638e-09	7.269000000000001e-11	3.2446e-07	-3.242e-07	-1.2839e-09	1.3828e-09	6.158000000000001e-11	3.2416e-07	-3.243e-07	-1.3283e-09	1.3336e-09	6.4e-11	3.2394e-07	-3.2406e-07	-1.1832e-09	1.3284e-09	6.208000000000001e-11	3.2374e-07	-3.2386e-07	-1.029e-09	1.3591e-09	8.443000000000001e-11	3.2362e-07	-3.2404e-07	-5.680100000000001e-10	1.3307e-09	2.422e-11	3.2316e-07	-3.2422e-07	-3.1894000000000004e-10	1.2611e-09	-1.6700000000000004e-12	3.2292e-07	-3.2392e-07
1.06	-1.7248e-09	6.372900000000001e-10	1.7327e-10	3.2726e-07	-3.2634e-07	-2.1384e-09	1.2773e-09	1.3891000000000001e-10	3.2552e-07	-3.2466e-07	-1.7547e-09	1.3232e-09	8.102e-11	3.2486e-07	-3.2452e-07	-1.8145e-09	1.3206e-09	9.608e-11	3.2462e-07	-3.2422e-07	-1.6695e-09	1.3246e-09	9.388e-11	3.2452e-07	-3.2424e-07	-1.2412e-09	1.3336e-09	6.061000000000001e-11	3.241e-07	-3.243e-07	-1.3474e-09	1.2954e-09	7.896e-11	3.2402e-07	-3.2406e-07	-1.2096e-09	1.2892e-09	7.333e-11	3.2374e-07	-3.2398e-07	-9.602e-10	1.3219e-09	9.497000000000001e-11	3.2362e-07	-3.2404e-07	-5.517500000000001e-10	1.2818e-09	3.296e-11	3.2254e-07	-3.2336e-07	-2.7333000000000003e-10	1.2154e-09	-4.300000000000001e-12	3.2272e-07	-3.2402e-07
1.0550000000000002	-1.7067e-09	6.166800000000001e-10	1.9816e-10	3.2724e-07	-3.2636e-07	-2.1052e-09	1.2429e-09	1.5721000000000002e-10	3.2548e-07	-3.2404e-07	-1.8027e-09	1.2758e-09	1.0094e-10	3.2494e-07	-3.2448e-07	-1.8422e-09	1.282e-09	1.2206000000000002e-10	3.2468e-07	-3.2418e-07	-1.7033e-09	1.2859e-09	1.1349e-10	3.244e-07	-3.2422e-07	-1.2508e-09	1.2868e-09	7.257e-11	3.2414e-07	-3.2422e-07	-1.3889e-09	1.2585e-09	1.0281e-10	3.2404e-07	-3.2394e-07	-1.2394e-09	1.2532e-09	9.802e-11	3.2378e-07	-3.2388e-07	-1.0845e-09	1.2548e-09	8.938e-11	3.2362e-07	-3.2386e-07	-5.120800000000001e-10	1.2354e-09	2.511e-11	3.2314e-07	-3.2398e-07	-2.3897e-10	1.1723e-09	-1.162e-11	3.229e-07	-3.2398e-07
1.05	-1.6863e-09	5.933e-10	2.1828e-10	3.272e-07	-3.2634e-07	-2.0812e-09	1.2133e-09	1.852e-10	3.2548e-07	-3.246e-07	-1.8439e-09	1.2322e-09	1.227e-10	3.249e-07	-3.2442e-07	-1.8654e-09	1.2444e-09	1.5255e-10	3.2464e-07	-3.2414e-07	-1.7355e-09	1.2503e-09	1.409e-10	3.2456e-07	-3.2348e-07	-1.3078e-09	1.2425e-09	9.191000000000001e-11	3.242e-07	-3.2424e-07	-1.4063e-09	1.2236e-09	1.2879e-10	3.241e-07	-3.2398e-07	-1.2424e-09	1.2203e-09	1.1087e-10	3.2392e-07	-3.2398e-07	-1.0344e-09	1.221e-09	1.0053e-10	3.2368e-07	-3.2388e-07	-4.7352e-10	1.1909e-09	2.853e-11	3.232e-07	-3.2398e-07	-2.2727e-10	1.1325e-09	-1.049e-11	3.2316e-07	-3.2392e-07
1.0450000000000002	-1.6632e-09	5.7235e-10	2.4089000000000003e-10	3.273e-07	-3.2632e-07	-2.0484e-09	1.178e-09	2.1017e-10	3.2538e-07	-3.247e-07	-1.8748e-09	1.1933e-09	1.4683e-10	3.25e-07	-3.2436e-07	-1.8498e-09	1.2115e-09	1.7533e-10	3.247e-07	-3.2416e-07	-1.7265e-09	1.2179e-09	1.6616000000000002e-10	3.2462e-07	-3.2416e-07	-1.3661e-09	1.1969e-09	1.1868e-10	3.242e-07	-3.2412e-07	-1.3808e-09	1.1935e-09	1.4701000000000002e-10	3.2408e-07	-3.24e-07	-1.1965e-09	1.188e-09	1.3364000000000002e-10	3.2382e-07	-3.2386e-07	-1.0006e-09	1.1904e-09	1.2045e-10	3.235e-07	-3.2386e-07	-4.535e-10	1.1493e-09	2.975e-11	3.2326e-07	-3.2392e-07	-2.444e-10	1.0919e-09	-7.29e-12	3.2306e-07	-3.2388e-07
1.04	-1.6112e-09	5.5089e-10	2.6695000000000004e-10	3.2722e-07	-3.2632e-07	-1.9997e-09	1.1448e-09	2.3038e-10	3.254e-07	-3.2472e-07	-1.9078e-09	1.159e-09	1.7911000000000002e-10	3.243e-07	-3.2374e-07	-1.8238e-09	1.1828e-09	2.0075e-10	3.2474e-07	-3.2424e-07	-1.6886e-09	1.1859e-09	1.9337000000000003e-10	3.2454e-07	-3.2422e-07	-1.4019e-09	1.1577e-09	1.3852e-10	3.2426e-07	-3.2416e-07	-1.3458e-09	1.1624e-09	1.7387000000000002e-10	3.2404e-07	-3.2402e-07	-1.1564e-09	1.158e-09	1.5595000000000001e-10	3.2378e-07	-3.2352e-07	-1.0185e-09	1.1405e-09	1.2168e-10	3.2368e-07	-3.2384e-07	-4.6771e-10	1.1117e-09	4.2590000000000005e-11	3.233e-07	-3.2392e-07	-2.7027000000000004e-10	1.055e-09	-3.0900000000000004e-12	3.2298e-07	-3.2386e-07
1.035	-1.5681e-09	5.279700000000001e-10	2.889e-10	3.2714e-07	-3.2646e-07	-1.9426e-09	1.1131e-09	2.5556e-10	3.2554e-07	-3.2478e-07	-1.9561e-09	1.1251e-09	2.2101e-10	3.2502e-07	-3.244e-07	-1.8072e-09	1.1537e-09	2.3434000000000004e-10	3.2478e-07	-3.2416e-07	-1.6639e-09	1.1563e-09	2.2211e-10	3.2462e-07	-3.2416e-07	-1.4354e-09	1.1254e-09	1.7222e-10	3.2426e-07	-3.2414e-07	-1.3004e-09	1.1329e-09	1.944e-10	3.241e-07	-3.2402e-07	-1.1145e-09	1.1286e-09	1.7642000000000002e-10	3.2386e-07	-3.2394e-07	-9.746e-10	1.1102e-09	1.4323e-10	3.2368e-07	-3.2394e-07	-4.9039e-10	1.0725e-09	5.4030000000000006e-11	3.2306e-07	-3.2322e-07	-2.9523e-10	1.0154e-09	9.52e-12	3.2322e-07	-3.2388e-07
1.03	-1.5224e-09	5.116500000000001e-10	3.2089e-10	3.2714e-07	-3.264e-07	-1.8731e-09	1.0818e-09	2.9468e-10	3.2542e-07	-3.2478e-07	-1.9825e-09	1.0931e-09	2.5800000000000004e-10	3.2506e-07	-3.2446e-07	-1.781e-09	1.1235e-09	2.6664e-10	3.247e-07	-3.2428e-07	-1.6233e-09	1.1269e-09	2.5599e-10	3.245e-07	-3.2432e-07	-1.4681e-09	1.0913e-09	2.0475e-10	3.2418e-07	-3.2406e-07	-1.2497e-09	1.1029e-09	2.2849000000000003e-10	3.2408e-07	-3.2412e-07	-1.0584e-09	1.0969e-09	2.0107e-10	3.2384e-07	-3.2398e-07	-9.918e-10	1.0639e-09	1.5064e-10	3.2372e-07	-3.2386e-07	-5.1939e-10	1.0369e-09	5.977e-11	3.2336e-07	-3.2388e-07	-3.1553000000000005e-10	1.0093e-09	6.636e-11	3.2328e-07	-3.2384e-07
1.025	-1.5023e-09	4.8884e-10	3.5995000000000003e-10	3.2714e-07	-3.2656e-07	-1.8497e-09	1.049e-09	3.2784000000000003e-10	3.2528e-07	-3.2492e-07	-1.9855e-09	1.0659e-09	2.9606e-10	3.2502e-07	-3.244e-07	-1.7396e-09	1.0928e-09	2.9696000000000003e-10	3.2472e-07	-3.2434e-07	-1.5756e-09	1.0949e-09	2.8684e-10	3.2458e-07	-3.2438e-07	-1.5279e-09	1.0627e-09	2.4556000000000003e-10	3.2426e-07	-3.2406e-07	-1.2089e-09	1.0736e-09	2.4638000000000003e-10	3.2412e-07	-3.242e-07	-1.0137e-09	1.0687e-09	2.2016e-10	3.2386e-07	-3.2406e-07	-9.633e-10	1.0386e-09	1.7374e-10	3.2374e-07	-3.2394e-07	-5.4851e-10	9.998e-10	8.380000000000001e-11	3.2336e-07	-3.2388e-07	-3.4606000000000004e-10	9.846e-10	2.144e-11	3.2304e-07	-3.2402e-07
1.02	-1.5029e-09	4.662800000000001e-10	3.9964e-10	3.2702e-07	-3.265e-07	-1.8365e-09	1.0153e-09	3.5899e-10	3.2522e-07	-3.2486e-07	-1.9741e-09	1.0412e-09	3.4345000000000004e-10	3.2498e-07	-3.2442e-07	-1.6921e-09	1.0635e-09	3.3712e-10	3.247e-07	-3.241e-07	-1.5362e-09	1.0672e-09	3.2375000000000005e-10	3.2444e-07	-3.243e-07	-1.5515e-09	1.0337e-09	2.8602e-10	3.2432e-07	-3.2406e-07	-1.1574e-09	1.0466e-09	2.8330000000000005e-10	3.2406e-07	-3.2434e-07	-9.529e-10	1.0407e-09	2.5828e-10	3.2378e-07	-3.2406e-07	-9.735e-10	1.0109e-09	2.0893e-10	3.2376e-07	-3.2392e-07	-5.682000000000001e-10	1.0072e-09	1.5608000000000002e-10	3.2332e-07	-3.2404e-07	-1.0134e-10	9.3549e-10	-4.9e-13	3.2314e-07	-3.2396e-07
1.015	-1.5056e-09	4.4543e-10	4.4021e-10	3.2702e-07	-3.2644e-07	-1.819e-09	9.4403e-10	3.5481000000000004e-10	3.2526e-07	-3.247e-07	-1.9791e-09	1.0152e-09	3.9956e-10	3.25e-07	-3.2436e-07	-1.6474e-09	1.0356e-09	3.8885e-10	3.2464e-07	-3.2442e-07	-1.4987e-09	1.0386e-09	3.6801e-10	3.2444e-07	-3.2436e-07	-1.5481e-09	1.009e-09	3.2859e-10	3.2436e-07	-3.2404e-07	-1.1281e-09	1.0158e-09	3.2170000000000004e-10	3.2402e-07	-3.2426e-07	-1.088e-09	1.0058e-09	2.808e-10	3.2366e-07	-3.2414e-07	-6.1585e-10	9.87e-10	2.2785e-10	3.235e-07	-3.2412e-07	-4.7401e-10	9.4581e-10	1.0122e-10	3.2328e-07	-3.2396e-07	-7.443e-11	9.0121e-10	4.38e-12	3.2304e-07	-3.2392e-07
1.01	-1.5105e-09	4.2288e-10	4.8533e-10	3.2706e-07	-3.265e-07	-1.9978e-09	9.0933e-10	4.1171e-10	3.2536e-07	-3.247e-07	-1.9712e-09	9.938e-10	4.0951e-10	3.2476e-07	-3.2452e-07	-1.6416e-09	1.0047e-09	4.3505e-10	3.2458e-07	-3.2436e-07	-1.4871e-09	1.008e-09	4.1626e-10	3.2448e-07	-3.2438e-07	-1.5481e-09	9.996e-10	3.8258e-10	3.2418e-07	-3.2434e-07	-1.1175e-09	9.5193e-10	2.9552000000000003e-10	3.239e-07	-3.2422e-07	-1.097e-09	9.3892e-10	2.9206e-10	3.239e-07	-3.2388e-07	-6.6467e-10	9.5604e-10	2.266e-10	3.2352e-07	-3.2412e-07	-3.9895000000000005e-10	9.151500000000001e-10	1.1251e-10	3.2332e-07	-3.2396e-07	-1.0359e-10	8.6822e-10	7.81e-12	3.2398e-07	-3.2478e-07
1.005	-1.5321e-09	4.0533e-10	5.3839e-10	3.2706e-07	-3.2648e-07	-2.0684e-09	8.7771e-10	4.8416e-10	3.2532e-07	-3.2472e-07	-1.751e-09	9.4019e-10	4.5043e-10	3.2482e-07	-3.2454e-07	-1.6515e-09	9.3808e-10	4.3319e-10	3.2462e-07	-3.236e-07	-1.4893e-09	9.4001e-10	4.0869e-10	3.2378e-07	-3.2404e-07	-1.2989e-09	9.7017e-10	4.0507e-10	3.241e-07	-3.2428e-07	-1.1861e-09	9.1536e-10	3.5221e-10	3.2394e-07	-3.2414e-07	-1.2132e-09	9.1078e-10	3.4841000000000004e-10	3.2382e-07	-3.2392e-07	-6.2993e-10	9.227699999999999e-10	2.5228000000000003e-10	3.234e-07	-3.2412e-07	-4.2818e-10	8.8141e-10	1.4152000000000002e-10	3.2334e-07	-3.239e-07	-1.0873e-10	8.3685e-10	1.4400000000000002e-11	3.2406e-07	-3.2478e-07
1.0	-1.573e-09	3.8474e-10	6.1096e-10	3.2698e-07	-3.2654e-07	-2.1493e-09	8.515100000000001e-10	5.5878e-10	3.2538e-07	-3.2462e-07	-1.8059e-09	9.0648e-10	5.221700000000001e-10	3.2484e-07	-3.2448e-07	-1.7893e-09	9.0479e-10	5.0276e-10	3.2464e-07	-3.243e-07	-1.6326e-09	9.0584e-10	4.8022e-10	3.2444e-07	-3.24e-07	-1.3058e-09	9.3535e-10	4.6111e-10	3.2334e-07	-3.235e-07	-1.2678e-09	8.818500000000001e-10	4.0406000000000005e-10	3.2406e-07	-3.2412e-07	-1.2108e-09	8.873100000000001e-10	3.9193e-10	3.2382e-07	-3.2388e-07	-6.483400000000001e-10	8.903200000000001e-10	2.9112e-10	3.2338e-07	-3.241e-07	-4.6972e-10	8.5066e-10	1.6364000000000002e-10	3.2332e-07	-3.2384e-07	-1.2236e-10	8.0715e-10	1.5520000000000002e-11	3.2404e-07	-3.2472e-07
0.995	-1.6595e-09	3.5798000000000004e-10	6.8827e-10	3.2694e-07	-3.265e-07	-2.2517e-09	8.2229e-10	6.6075e-10	3.2542e-07	-3.2464e-07	-1.9147e-09	8.7336e-10	6.093500000000001e-10	3.2492e-07	-3.2446e-07	-1.8818e-09	8.7154e-10	5.902000000000001e-10	3.2468e-07	-3.2422e-07	-1.7227e-09	8.7301e-10	5.6041e-10	3.245e-07	-3.2412e-07	-1.3381e-09	8.974700000000001e-10	5.2437e-10	3.2414e-07	-3.2428e-07	-1.3474e-09	8.5123e-10	4.8592e-10	3.2408e-07	-3.2416e-07	-1.2266e-09	8.6382e-10	4.6095000000000005e-10	3.2386e-07	-3.2386e-07	-6.605500000000001e-10	8.5683e-10	3.2329000000000003e-10	3.234e-07	-3.2406e-07	-5.080100000000001e-10	8.1912e-10	1.981e-10	3.2334e-07	-3.239e-07	-1.4331000000000002e-10	7.7691e-10	2.172e-11	3.2408e-07	-3.247e-07
0.99	-1.7342e-09	3.3703e-10	7.8443e-10	3.2696e-07	-3.2648e-07	-2.3536e-09	7.9604e-10	7.688400000000001e-10	3.2548e-07	-3.2464e-07	-2.047e-09	8.411200000000001e-10	7.0995e-10	3.2492e-07	-3.2446e-07	-1.9787e-09	8.4367e-10	6.8539e-10	3.248e-07	-3.2414e-07	-1.8228e-09	8.4687e-10	6.6115e-10	3.2454e-07	-3.2414e-07	-1.3806e-09	8.6304e-10	5.988400000000001e-10	3.2416e-07	-3.2428e-07	-1.4331e-09	8.2553e-10	5.63e-10	3.2402e-07	-3.2404e-07	-1.2358e-09	8.419e-10	5.2742e-10	3.2392e-07	-3.239e-07	-6.7582e-10	8.260200000000001e-10	3.7197e-10	3.235e-07	-3.2408e-07	-5.416500000000001e-10	7.888000000000001e-10	2.2723000000000003e-10	3.2256e-07	-3.2324e-07	-1.5123e-10	7.4692e-10	2.9590000000000005e-11	3.2398e-07	-3.2476e-07
0.985	-1.8174e-09	3.0736e-10	8.957e-10	3.2698e-07	-3.2636e-07	-2.4544e-09	7.734900000000001e-10	8.9229e-10	3.2546e-07	-3.2464e-07	-2.1831e-09	8.0817e-10	8.2066e-10	3.249e-07	-3.2436e-07	-2.1007e-09	8.1725e-10	8.047800000000001e-10	3.247e-07	-3.2376e-07	-1.9455e-09	8.193e-10	7.7475e-10	3.2458e-07	-3.2412e-07	-1.4604e-09	8.301900000000001e-10	6.9456e-10	3.242e-07	-3.2416e-07	-1.5428e-09	8.016100000000001e-10	6.6088e-10	3.2414e-07	-3.24e-07	-1.251e-09	8.188100000000001e-10	6.1501e-10	3.2322e-07	-3.2398e-07	-6.9973e-10	7.9375e-10	4.2973e-10	3.2342e-07	-3.2406e-07	-5.777100000000001e-10	7.6181e-10	2.6597e-10	3.2338e-07	-3.2392e-07	-1.5912000000000002e-10	7.2058e-10	3.047e-11	3.241e-07	-3.2472e-07
0.98	-1.9285e-09	2.8657e-10	1.0219500000000002e-09	3.2696e-07	-3.2638e-07	-2.5478e-09	7.5072e-10	1.03236e-09	3.2546e-07	-3.2458e-07	-2.3295e-09	7.814e-10	9.5391e-10	3.25e-07	-3.2446e-07	-2.2449e-09	7.915100000000001e-10	9.4202e-10	3.2478e-07	-3.2418e-07	-2.0972e-09	7.9706e-10	9.014099999999999e-10	3.2446e-07	-3.2418e-07	-1.6063e-09	7.9999e-10	8.0144e-10	3.2414e-07	-3.2422e-07	-1.6608e-09	7.7945e-10	7.6869e-10	3.2414e-07	-3.2396e-07	-1.2777e-09	7.9446e-10	6.971800000000001e-10	3.2388e-07	-3.24e-07	-7.447200000000001e-10	7.6593e-10	4.887700000000001e-10	3.234e-07	-3.2392e-07	-6.1418e-10	7.3472e-10	3.1466000000000003e-10	3.2338e-07	-3.2382e-07	-1.529e-10	6.983000000000001e-10	4.2120000000000006e-11	3.241e-07	-3.2466e-07
0.975	-2.1033e-09	2.6193000000000005e-10	1.2482e-09	3.2708e-07	-3.2636e-07	-2.3669e-09	7.5531e-10	1.1895e-09	3.2548e-07	-3.2454e-07	-2.4823e-09	7.543400000000001e-10	1.1473e-09	3.2492e-07	-3.2464e-07	-2.3954e-09	7.6814e-10	1.10108e-09	3.2482e-07	-3.2422e-07	-2.2309e-09	7.7382e-10	1.05133e-09	3.245e-07	-3.2408e-07	-1.7631e-09	7.6855e-10	9.4457e-10	3.2418e-07	-3.235e-07	-1.7759e-09	7.5724e-10	8.9313e-10	3.2414e-07	-3.24e-07	-1.3267e-09	7.7282e-10	7.9732e-10	3.2398e-07	-3.2406e-07	-1.1021e-09	7.1986e-10	5.9935e-10	3.2368e-07	-3.2378e-07	-6.5922e-10	7.1042e-10	3.6454e-10	3.2342e-07	-3.2382e-07	-1.4919e-10	6.776300000000001e-10	5.0240000000000006e-11	3.2408e-07	-3.2466e-07
0.97	-2.3961e-09	2.7307e-10	1.4315999999999999e-09	3.27e-07	-3.2636e-07	-2.8337e-09	6.985200000000001e-10	1.3685e-09	3.2546e-07	-3.2458e-07	-2.3921e-09	7.7031e-10	1.3102e-09	3.2482e-07	-3.2464e-07	-2.5403e-09	7.4718e-10	1.2404e-09	3.2458e-07	-3.2444e-07	-2.3601e-09	7.5461e-10	1.1724e-09	3.242e-07	-3.243e-07	-1.9686e-09	7.3423e-10	1.1556e-09	3.2414e-07	-3.2424e-07	-1.8753e-09	7.3612e-10	1.04149e-09	3.2416e-07	-3.24e-07	-1.3715999999999999e-09	7.501800000000001e-10	9.2481e-10	3.2338e-07	-3.2392e-07	-1.2142e-09	6.977700000000001e-10	7.0589e-10	3.2372e-07	-3.2338e-07	-7.114900000000001e-10	6.8729e-10	4.2791e-10	3.2322e-07	-3.2382e-07	-1.5147000000000002e-10	6.553300000000001e-10	5.7270000000000006e-11	3.2404e-07	-3.2464e-07
0.965	-2.5534e-09	2.5517e-10	1.6565e-09	3.2692e-07	-3.2624e-07	-3.0149e-09	6.822700000000001e-10	1.5968e-09	3.2548e-07	-3.2462e-07	-2.5686e-09	7.430200000000001e-10	1.5091e-09	3.2488e-07	-3.2462e-07	-2.3698e-09	7.3627e-10	1.4274e-09	3.2456e-07	-3.2442e-07	-2.1695e-09	7.3693e-10	1.3591e-09	3.244e-07	-3.2434e-07	-2.0022e-09	7.4959e-10	1.3171e-09	3.2396e-07	-3.2426e-07	-1.9953e-09	7.1941e-10	1.1511e-09	3.2392e-07	-3.2426e-07	-1.4598e-09	7.3038e-10	1.05824e-09	3.2366e-07	-3.24e-07	-1.3278e-09	6.762700000000001e-10	8.1495e-10	3.234e-07	-3.2382e-07	-7.8405e-10	6.6399e-10	4.9819e-10	3.2344e-07	-3.2382e-07	-1.6160000000000002e-10	6.330700000000001e-10	6.632000000000001e-11	3.2402e-07	-3.247e-07
0.96	-2.7642e-09	2.3658e-10	1.8955e-09	3.2694e-07	-3.264e-07	-3.2117e-09	6.6299e-10	1.846e-09	3.2536e-07	-3.2476e-07	-2.8012e-09	7.111600000000001e-10	1.7369999999999999e-09	3.2482e-07	-3.246e-07	-2.5726e-09	7.029200000000001e-10	1.6513e-09	3.2462e-07	-3.2436e-07	-2.3822e-09	7.057400000000001e-10	1.5687e-09	3.2438e-07	-3.2428e-07	-2.1394e-09	7.253500000000001e-10	1.5066e-09	3.242e-07	-3.2434e-07	-1.8382e-09	6.864300000000001e-10	1.3345e-09	3.2396e-07	-3.2418e-07	-1.5701e-09	7.0409e-10	1.1876e-09	3.2386e-07	-3.2382e-07	-1.4274e-09	6.581400000000001e-10	9.5007e-10	3.2374e-07	-3.2394e-07	-8.7172e-10	6.4342e-10	5.7956e-10	3.235e-07	-3.2378e-07	-1.6842000000000002e-10	6.136e-10	8.004e-11	3.2412e-07	-3.2464e-07
0.955	-2.9954e-09	2.2263e-10	2.182e-09	3.269e-07	-3.2638e-07	-3.4277e-09	6.4419e-10	2.1289e-09	3.2542e-07	-3.2482e-07	-3.0373e-09	6.7667e-10	2.0167e-09	3.2486e-07	-3.2462e-07	-2.8886e-09	6.736300000000001e-10	1.9214e-09	3.2458e-07	-3.2434e-07	-2.6892e-09	6.7467e-10	1.8353e-09	3.2446e-07	-3.2424e-07	-2.3456e-09	7.0242e-10	1.7366e-09	3.241e-07	-3.2422e-07	-2.1136e-09	6.575600000000001e-10	1.5525e-09	3.2398e-07	-3.2408e-07	-2.0136e-09	6.4694e-10	1.3801e-09	3.2392e-07	-3.239e-07	-1.5253e-09	6.3827e-10	1.10197e-09	3.2372e-07	-3.238e-07	-9.6761e-10	6.234500000000001e-10	6.6686e-10	3.2348e-07	-3.2386e-07	-1.5717e-10	5.927300000000001e-10	8.604e-11	3.244e-07	-3.2496e-07
0.95	-3.2906e-09	2.0681e-10	2.5002e-09	3.2684e-07	-3.2632e-07	-3.6671e-09	6.236800000000001e-10	2.4626e-09	3.2546e-07	-3.2482e-07	-3.3308e-09	6.471000000000001e-10	2.3262e-09	3.2484e-07	-3.2442e-07	-3.2559e-09	6.429e-10	2.2442e-09	3.2468e-07	-3.238e-07	-3.0423e-09	6.432900000000001e-10	2.1364e-09	3.2452e-07	-3.242e-07	-2.6134e-09	6.7009e-10	2.0123e-09	3.2342e-07	-3.2346e-07	-2.4283e-09	6.2683e-10	1.8213e-09	3.2408e-07	-3.2408e-07	-2.2126e-09	6.2786e-10	1.6108e-09	3.239e-07	-3.2392e-07	-1.6481e-09	6.224400000000001e-10	1.2164e-09	3.2344e-07	-3.2398e-07	-1.05687e-09	6.038400000000001e-10	7.7495e-10	3.235e-07	-3.2386e-07	-1.4118000000000002e-10	5.742300000000001e-10	9.47e-11	3.2414e-07	-3.2474e-07
0.945	-3.687e-09	1.8605e-10	2.8978e-09	3.2686e-07	-3.2636e-07	-3.9834e-09	6.055900000000001e-10	2.8605e-09	3.253e-07	-3.2482e-07	-3.7448e-09	6.1811e-10	2.7179e-09	3.2426e-07	-3.241e-07	-3.6588e-09	6.145700000000001e-10	2.6052e-09	3.241e-07	-3.2432e-07	-3.4219e-09	6.1677e-10	2.4919e-09	3.2382e-07	-3.2352e-07	-2.901e-09	6.3849e-10	2.3213e-09	3.2414e-07	-3.242e-07	-2.7575e-09	5.9959e-10	2.1155e-09	3.241e-07	-3.24e-07	-2.4179e-09	6.1119e-10	1.8685e-09	3.2396e-07	-3.2394e-07	-1.5449e-09	5.8835e-10	1.414e-09	3.235e-07	-3.2394e-07	-1.14886e-09	5.8396e-10	8.9963e-10	3.2344e-07	-3.2386e-07	-1.0498e-10	5.5544e-10	1.0124e-10	3.242e-07	-3.246e-07
0.94	-4.1161e-09	1.5917e-10	3.3537e-09	3.272e-07	-3.263e-07	-4.3831e-09	5.8139e-10	3.3075e-09	3.253e-07	-3.2494e-07	-4.2417e-09	5.897e-10	3.1495e-09	3.2502e-07	-3.244e-07	-4.116e-09	5.9199e-10	3.0444e-09	3.2472e-07	-3.2424e-07	-3.8512e-09	5.960800000000001e-10	2.9044e-09	3.2448e-07	-3.234e-07	-3.2421e-09	6.065900000000001e-10	2.6926e-09	3.2344e-07	-3.241e-07	-3.1258e-09	5.8179e-10	2.4658e-09	3.2406e-07	-3.24e-07	-2.6562e-09	5.9674e-10	2.1749e-09	3.2386e-07	-3.2392e-07	-1.8363e-09	5.6053e-10	1.6502e-09	3.2366e-07	-3.2388e-07	-8.986e-10	5.677900000000001e-10	9.8635e-10	3.233e-07	-3.2406e-07	-7.092e-11	5.373700000000001e-10	1.1678e-10	3.242e-07	-3.2468e-07
0.935	-4.6368e-09	1.3301e-10	3.8902e-09	3.2688e-07	-3.2632e-07	-4.8577e-09	5.608000000000001e-10	3.8178e-09	3.2532e-07	-3.2492e-07	-4.8153e-09	5.620400000000001e-10	3.6715e-09	3.25e-07	-3.2442e-07	-4.6344e-09	5.715400000000001e-10	3.5567e-09	3.2476e-07	-3.2426e-07	-4.3661e-09	5.764e-10	3.3846e-09	3.2448e-07	-3.2418e-07	-3.7329e-09	5.7849e-10	3.1318e-09	3.2416e-07	-3.2416e-07	-3.5657e-09	5.617900000000001e-10	2.8813e-09	3.2414e-07	-3.2398e-07	-2.9344e-09	5.783600000000001e-10	2.5181e-09	3.2392e-07	-3.24e-07	-2.1676e-09	5.295000000000001e-10	1.9316e-09	3.2364e-07	-3.2388e-07	-1.0885e-09	5.4187e-10	1.2103e-09	3.2352e-07	-3.2424e-07	-4.346e-11	5.1969e-10	1.2655000000000002e-10	3.2418e-07	-3.247e-07
0.93	-5.3097e-09	1.0997e-10	4.519e-09	3.2694e-07	-3.2612e-07	-5.4147e-09	5.4104e-10	4.4194e-09	3.2452e-07	-3.2422e-07	-5.4269e-09	5.393700000000001e-10	4.2707e-09	3.2498e-07	-3.244e-07	-5.234e-09	5.5409e-10	4.1368e-09	3.247e-07	-3.2428e-07	-4.9196e-09	5.5978e-10	3.9473e-09	3.2454e-07	-3.242e-07	-4.2966e-09	5.503500000000001e-10	3.6524e-09	3.2422e-07	-3.241e-07	-4.0366e-09	5.477000000000001e-10	3.3514e-09	3.2422e-07	-3.2404e-07	-3.2621e-09	5.624300000000001e-10	2.9105e-09	3.2316e-07	-3.2386e-07	-2.5015e-09	5.0823e-10	2.2467e-09	3.2358e-07	-3.2388e-07	-1.3391e-09	5.4655e-10	1.4008e-09	3.235e-07	-3.2404e-07	-2.153e-11	5.0219e-10	1.3505e-10	3.2412e-07	-3.2462e-07
0.925	-6.1078e-09	8.903e-11	5.2564e-09	3.2694e-07	-3.2608e-07	-6.1177e-09	5.1598e-10	5.12e-09	3.2524e-07	-3.2484e-07	-6.1513e-09	5.2168e-10	4.9779e-09	3.2506e-07	-3.2422e-07	-5.8799e-09	5.3798e-10	4.8185e-09	3.248e-07	-3.242e-07	-5.5171e-09	5.4646e-10	4.5842e-09	3.2462e-07	-3.2412e-07	-4.9443e-09	5.225300000000001e-10	4.2595e-09	3.2428e-07	-3.2398e-07	-4.5348e-09	5.302200000000001e-10	3.9029e-09	3.242e-07	-3.2396e-07	-3.6494e-09	5.449400000000001e-10	3.39e-09	3.238e-07	-3.2418e-07	-2.9086e-09	4.900500000000001e-10	2.6238e-09	3.2368e-07	-3.2386e-07	-1.505e-09	5.2849e-10	1.6099e-09	3.2338e-07	-3.24e-07	6.66e-12	4.834800000000001e-10	1.5159000000000002e-10	3.2416e-07	-3.2462e-07
0.92	-7.0185e-09	6.63e-11	6.1191e-09	3.269e-07	-3.2612e-07	-6.9194e-09	4.8632e-10	5.9511e-09	3.252e-07	-3.2484e-07	-6.9864e-09	5.0102e-10	5.8004e-09	3.2506e-07	-3.2434e-07	-6.62e-09	5.266e-10	5.5943e-09	3.2474e-07	-3.2428e-07	-6.2236e-09	5.3212e-10	5.3417e-09	3.2412e-07	-3.2416e-07	-5.6642e-09	5.0622e-10	4.9554e-09	3.2426e-07	-3.2402e-07	-5.1209e-09	5.1869e-10	4.5345e-09	3.2414e-07	-3.24e-07	-4.1236e-09	5.2876e-10	3.9224e-09	3.2374e-07	-3.2418e-07	-3.3692e-09	4.754300000000001e-10	3.0506e-09	3.2368e-07	-3.2386e-07	-1.7111e-09	5.0477e-10	1.8508e-09	3.2342e-07	-3.2428e-07	3.2570000000000004e-11	4.664600000000001e-10	1.6494e-10	3.2414e-07	-3.248e-07
0.915	-8.0534e-09	5.287000000000001e-11	7.1196e-09	3.2694e-07	-3.2604e-07	-7.8511e-09	4.5444e-10	6.9105e-09	3.253e-07	-3.2476e-07	-7.9261e-09	4.8626e-10	6.756e-09	3.2504e-07	-3.2432e-07	-7.4887e-09	5.1269e-10	6.5293e-09	3.2488e-07	-3.2418e-07	-7.0343e-09	5.1714e-10	6.2123e-09	3.2452e-07	-3.2418e-07	-6.5204e-09	4.868300000000001e-10	5.7872e-09	3.2422e-07	-3.2396e-07	-5.7818e-09	5.026800000000001e-10	5.2861e-09	3.2416e-07	-3.2416e-07	-4.7139e-09	5.0505e-10	4.5492999999999996e-09	3.2372e-07	-3.2424e-07	-3.841e-09	4.6039000000000005e-10	3.5482e-09	3.2368e-07	-3.2376e-07	-1.942e-09	4.8745e-10	2.1281e-09	3.2334e-07	-3.2418e-07	5.746000000000001e-11	4.4699e-10	1.8308e-10	3.2416e-07	-3.2478e-07
0.91	-9.2313e-09	4.1720000000000006e-11	8.2971e-09	3.2702e-07	-3.2604e-07	-9.0046e-09	4.2932e-10	8.0375e-09	3.2524e-07	-3.2464e-07	-8.9745e-09	4.729700000000001e-10	7.8561e-09	3.2498e-07	-3.2436e-07	-8.4857e-09	4.986900000000001e-10	7.5718e-09	3.2482e-07	-3.2438e-07	-7.9608e-09	5.0106e-10	7.211e-09	3.2462e-07	-3.2426e-07	-7.4799e-09	4.7394e-10	6.7196e-09	3.2434e-07	-3.24e-07	-6.5638e-09	4.8708e-10	6.114e-09	3.2404e-07	-3.2406e-07	-5.3835e-09	4.884e-10	5.2595e-09	3.2372e-07	-3.2416e-07	-4.354e-09	4.4630000000000005e-10	4.1257e-09	3.2366e-07	-3.2388e-07	-2.2347e-09	4.6773e-10	2.4565e-09	3.2332e-07	-3.2406e-07	7.474e-11	4.2911e-10	1.957e-10	3.241e-07	-3.2478e-07
0.905	-1.06292e-08	2.661e-11	9.6573e-09	3.2698e-07	-3.2608e-07	-1.03884e-08	4.0318000000000005e-10	9.3683e-09	3.2528e-07	-3.2472e-07	-1.02198e-08	4.6119e-10	9.1422e-09	3.2506e-07	-3.2434e-07	-9.6259e-09	4.8203e-10	8.8067e-09	3.248e-07	-3.244e-07	-9.0535e-09	4.8504e-10	8.3858e-09	3.244e-07	-3.242e-07	-8.5441e-09	4.58e-10	7.828e-09	3.2352e-07	-3.2322e-07	-7.4745e-09	4.7172e-10	7.1365e-09	3.2404e-07	-3.2422e-07	-6.2036e-09	4.6842e-10	6.1113e-09	3.2372e-07	-3.2418e-07	-4.9737e-09	4.3447000000000005e-10	4.8083e-09	3.2376e-07	-3.2388e-07	-2.6271e-09	4.4076e-10	2.8469e-09	3.2332e-07	-3.2404e-07	9.667e-11	4.1287e-10	2.2544000000000002e-10	3.2408e-07	-3.2484e-07
0.9	-1.18688e-08	4.9190000000000007e-11	1.12303e-08	3.2674e-07	-3.2622e-07	-1.19578e-08	4.1757e-10	1.09705e-08	3.2534e-07	-3.2482e-07	-1.14e-08	4.3064e-10	1.05638e-08	3.2482e-07	-3.244e-07	-1.09647e-08	4.6607e-10	1.02299e-08	3.2466e-07	-3.2378e-07	-1.03502e-08	4.7047e-10	9.7363e-09	3.238e-07	-3.2368e-07	-9.77e-09	4.4455e-10	9.0923e-09	3.2428e-07	-3.24e-07	-8.5592e-09	4.5683e-10	8.2724e-09	3.2404e-07	-3.2418e-07	-7.2003e-09	4.4195e-10	7.0978e-09	3.2366e-07	-3.2412e-07	-5.6668e-09	4.1992e-10	5.5709e-09	3.2372e-07	-3.239e-07	-3.0553e-09	4.123e-10	3.3016e-09	3.2262e-07	-3.2338e-07	1.2444e-10	3.9535e-10	2.5243000000000003e-10	3.241e-07	-3.2494e-07
0.895	-1.37268e-08	6.540000000000001e-12	1.3112999999999998e-08	3.2602e-07	-3.253e-07	-1.362e-08	3.9918e-10	1.2733199999999998e-08	3.2542e-07	-3.2466e-07	-1.33344e-08	4.0077000000000005e-10	1.23752e-08	3.2486e-07	-3.2462e-07	-1.25814e-08	4.5243000000000006e-10	1.1891599999999998e-08	3.2482e-07	-3.243e-07	-1.2021999999999998e-08	4.1331e-10	1.13078e-08	3.2454e-07	-3.2414e-07	-1.12068e-08	4.3154e-10	1.06025e-08	3.2372e-07	-3.2406e-07	-9.8767e-09	4.3739e-10	9.6198e-09	3.2394e-07	-3.2428e-07	-8.328e-09	4.1134000000000005e-10	8.2495e-09	3.2372e-07	-3.2412e-07	-6.5308e-09	4.0361e-10	6.4752e-09	3.2368e-07	-3.2404e-07	-3.5501e-09	3.8524e-10	3.8306e-09	3.2334e-07	-3.2398e-07	1.3166e-10	3.7964000000000005e-10	2.7904e-10	3.2402e-07	-3.2488e-07
0.89	-1.5853999999999998e-08	2.7140000000000003e-11	1.5199399999999998e-08	3.2518e-07	-3.2462e-07	-1.5885399999999998e-08	3.7401e-10	1.48176e-08	3.253e-07	-3.2494e-07	-1.51154e-08	4.0329e-10	1.4335e-08	3.2496e-07	-3.2436e-07	-1.4723e-08	4.2182000000000005e-10	1.38374e-08	3.2466e-07	-3.2446e-07	-1.3984399999999998e-08	4.1213000000000005e-10	1.31366e-08	3.2436e-07	-3.2432e-07	-1.2811399999999998e-08	4.2835e-10	1.2272e-08	3.2356e-07	-3.2404e-07	-1.14184e-08	4.1897000000000005e-10	1.11504e-08	3.2396e-07	-3.2414e-07	-9.6611e-09	3.856e-10	9.6125e-09	3.2378e-07	-3.2404e-07	-7.4702e-09	3.9114e-10	7.5107e-09	3.2298e-07	-3.241e-07	-4.2143e-09	3.6085000000000005e-10	4.4656e-09	3.2342e-07	-3.2392e-07	1.4463000000000002e-10	3.6148e-10	3.2115e-10	3.241e-07	-3.2478e-07
0.885	-1.84002e-08	-3.0030000000000005e-11	1.7719599999999997e-08	3.2602e-07	-3.2512e-07	-1.80732e-08	3.5127e-10	1.7227e-08	3.2462e-07	-3.2466e-07	-1.7747999999999998e-08	3.6514e-10	1.6754399999999997e-08	3.251e-07	-3.2426e-07	-1.67222e-08	4.0673000000000005e-10	1.60668e-08	3.2472e-07	-3.2438e-07	-1.5913599999999998e-08	3.7323e-10	1.5323799999999998e-08	3.2456e-07	-3.241e-07	-1.4953599999999998e-08	3.8155e-10	1.4367999999999998e-08	3.2432e-07	-3.241e-07	-1.3175e-08	3.8283e-10	1.30254e-08	3.242e-07	-3.2398e-07	-1.12472e-08	3.8985000000000005e-10	1.11882e-08	3.2372e-07	-3.2418e-07	-8.6458e-09	3.7363e-10	8.7436e-09	3.2356e-07	-3.2406e-07	-4.9992e-09	3.3586e-10	5.2135e-09	3.2344e-07	-3.2394e-07	1.3975e-10	3.4437e-10	3.3441000000000004e-10	3.24e-07	-3.2488e-07
0.88	-2.152e-08	-1.81e-11	2.06638e-08	3.26e-07	-3.253e-07	-2.1099e-08	3.0626000000000004e-10	2.00918e-08	3.2552e-07	-3.246e-07	-2.03824e-08	3.8298e-10	1.95154e-08	3.248e-07	-3.2464e-07	-1.9498e-08	3.5381000000000004e-10	1.87544e-08	3.2492e-07	-3.2418e-07	-1.85996e-08	3.8345e-10	1.7856599999999997e-08	3.2444e-07	-3.2436e-07	-1.71054e-08	3.9047000000000005e-10	1.66788e-08	3.2406e-07	-3.2424e-07	-1.54084e-08	3.8412e-10	1.51132e-08	3.239e-07	-3.2354e-07	-1.3072399999999998e-08	3.4241e-10	1.30686e-08	3.2376e-07	-3.2406e-07	-1.00028e-08	3.5490000000000004e-10	1.01376e-08	3.2352e-07	-3.2422e-07	-5.8999e-09	3.0994e-10	6.0749e-09	3.2278e-07	-3.2384e-07	1.2296e-10	3.2615e-10	3.6837e-10	3.2402e-07	-3.2488e-07
0.875	-2.46356e-08	-1.316e-11	2.40218e-08	3.258e-07	-3.2524e-07	-2.43762e-08	3.2045e-10	2.33624e-08	3.254e-07	-3.2488e-07	-2.33932e-08	3.4514e-10	2.26458e-08	3.2504e-07	-3.2444e-07	-2.26734e-08	3.6774e-10	2.18678e-08	3.2466e-07	-3.2448e-07	-2.12536e-08	3.8065e-10	2.07586e-08	3.2376e-07	-3.244e-07	-1.97128e-08	3.4238e-10	1.9369e-08	3.2362e-07	-3.2338e-07	-1.7736799999999998e-08	3.3936e-10	1.7571399999999997e-08	3.2404e-07	-3.2392e-07	-1.5244199999999998e-08	3.5843e-10	1.5187399999999997e-08	3.2374e-07	-3.2406e-07	-1.16162e-08	3.1606000000000004e-10	1.18374e-08	3.2372e-07	-3.2394e-07	-6.9322e-09	2.9193000000000005e-10	7.07e-09	3.235e-07	-3.2386e-07	1.1748000000000002e-10	3.0653000000000003e-10	3.8867e-10	3.24e-07	-3.249e-07
0.87	-2.8627e-08	-7.245e-11	2.79338e-08	3.2604e-07	-3.2508e-07	-2.7958e-08	2.9451e-10	2.71284e-08	3.246e-07	-3.2398e-07	-2.7375e-08	3.115e-10	2.64074e-08	3.2504e-07	-3.2432e-07	-2.5952e-08	3.4741000000000004e-10	2.53334e-08	3.2456e-07	-3.2432e-07	-2.46836e-08	3.1668000000000004e-10	2.41566e-08	3.2458e-07	-3.2412e-07	-2.31456e-08	3.2930000000000004e-10	2.25706e-08	3.2432e-07	-3.241e-07	-2.08896e-08	3.1885000000000004e-10	2.05014e-08	3.2416e-07	-3.2408e-07	-1.7725599999999998e-08	2.9713000000000004e-10	1.7672599999999997e-08	3.2378e-07	-3.2394e-07	-1.3627999999999998e-08	3.2108000000000004e-10	1.3712e-08	3.2352e-07	-3.2412e-07	-8.1093e-09	2.7794e-10	8.2256e-09	3.2346e-07	-3.2386e-07	7.943e-11	2.9048e-10	4.5846e-10	3.2396e-07	-3.249e-07
0.865	-3.33504e-08	-5.522e-11	3.25264e-08	3.2594e-07	-3.2528e-07	-3.26184e-08	2.5367e-10	3.1619999999999995e-08	3.254e-07	-3.247e-07	-3.1514e-08	3.3032e-10	3.0721999999999995e-08	3.2482e-07	-3.2456e-07	-3.0253e-08	3.0085e-10	2.9504e-08	3.248e-07	-3.2416e-07	-2.8777e-08	3.3200000000000004e-10	2.8127e-08	3.2446e-07	-3.2442e-07	-2.65884e-08	3.3558000000000004e-10	2.62258e-08	3.241e-07	-3.242e-07	-2.40326e-08	3.3036000000000004e-10	2.37848e-08	3.2384e-07	-3.2418e-07	-2.08146e-08	3.0613e-10	2.05948e-08	3.2386e-07	-3.2406e-07	-1.57814e-08	2.7371000000000003e-10	1.59094e-08	3.236e-07	-3.2372e-07	-9.4847e-09	2.6677e-10	9.5859e-09	3.235e-07	-3.2388e-07	8.77e-11	2.7562000000000003e-10	4.769600000000001e-10	3.2398e-07	-3.2496e-07
0.86	-3.84588e-08	-5.3630000000000006e-11	3.78892e-08	3.2588e-07	-3.2538e-07	-3.7769e-08	2.6977000000000004e-10	3.6821e-08	3.252e-07	-3.249e-07	-3.642639999999999e-08	2.8989e-10	3.5721999999999994e-08	3.2498e-07	-3.244e-07	-3.51694e-08	3.1584e-10	3.43956e-08	3.2468e-07	-3.2448e-07	-3.31576e-08	3.2538e-10	3.27314e-08	3.2436e-07	-3.242e-07	-3.08706e-08	2.8549e-10	3.0573e-08	3.2424e-07	-3.2398e-07	-2.78928e-08	2.8389000000000004e-10	2.77524e-08	3.2398e-07	-3.2412e-07	-2.39318e-08	3.0592e-10	2.3909e-08	3.2364e-07	-3.241e-07	-1.86812e-08	2.6353e-10	1.86098e-08	3.2358e-07	-3.24e-07	-1.10548e-08	2.5466000000000003e-10	1.11594e-08	3.2346e-07	-3.2378e-07	-2.349e-11	2.5947000000000004e-10	5.842700000000001e-10	3.2396e-07	-3.249e-07
0.855	-4.4713e-08	-1.1126e-10	4.40458e-08	3.2608e-07	-3.2512e-07	-4.3603e-08	2.3718e-10	4.28748e-08	3.253e-07	-3.24e-07	-4.25868e-08	2.5923000000000004e-10	4.1657e-08	3.2512e-07	-3.2434e-07	-4.055239999999999e-08	2.8911e-10	3.99448e-08	3.2458e-07	-3.243e-07	-3.86044e-08	2.6425000000000004e-10	3.80584e-08	3.2458e-07	-3.2412e-07	-3.61132e-08	2.7904e-10	3.56074e-08	3.2426e-07	-3.242e-07	-3.2714199999999995e-08	2.694e-10	3.23064e-08	3.24e-07	-3.2406e-07	-2.7846e-08	2.4350000000000004e-10	2.78336e-08	3.2398e-07	-3.2394e-07	-2.1437e-08	2.7056000000000005e-10	2.16e-08	3.2346e-07	-3.2398e-07	-1.2784199999999998e-08	2.5898e-10	1.29532e-08	3.2338e-07	-3.2394e-07	-9.196e-11	2.4331e-10	6.6872e-10	3.2396e-07	-3.2496e-07
0.85	-5.21912e-08	-9.214e-11	5.14368e-08	3.2586e-07	-3.246e-07	-5.097759999999999e-08	2.0310000000000003e-10	5.002779999999999e-08	3.2534e-07	-3.246e-07	-4.92598e-08	2.7859e-10	4.8474e-08	3.2482e-07	-3.2456e-07	-4.74574e-08	2.4897e-10	4.66786e-08	3.2474e-07	-3.2422e-07	-4.5046e-08	2.7959e-10	4.4373e-08	3.2442e-07	-3.2436e-07	-4.17428e-08	2.8532e-10	4.14452e-08	3.2344e-07	-3.2422e-07	-3.77654e-08	2.7751e-10	3.75762e-08	3.2386e-07	-3.2422e-07	-3.2644199999999995e-08	2.5803000000000004e-10	3.2486e-08	3.238e-07	-3.241e-07	-2.49894e-08	2.1756e-10	2.5165e-08	3.2368e-07	-3.2382e-07	-1.49272e-08	2.1299e-10	1.51068e-08	3.2338e-07	-3.2376e-07	-1.3336000000000002e-10	2.248e-10	7.201300000000001e-10	3.2392e-07	-3.2486e-07
0.845	-6.02764e-08	-9.558e-11	5.97744e-08	3.2594e-07	-3.246e-07	-5.904039999999999e-08	2.2006e-10	5.81296e-08	3.2524e-07	-3.2478e-07	-5.706e-08	2.3446000000000004e-10	5.641279999999999e-08	3.2498e-07	-3.2434e-07	-5.49384e-08	2.6540000000000003e-10	5.423579999999999e-08	3.2462e-07	-3.2448e-07	-5.196799999999999e-08	2.7153000000000004e-10	5.159939999999999e-08	3.2452e-07	-3.244e-07	-4.85022e-08	2.3149e-10	4.82382e-08	3.2428e-07	-3.2394e-07	-4.38114e-08	2.3022e-10	4.36996e-08	3.241e-07	-3.2392e-07	-3.76282e-08	2.5290000000000003e-10	3.76456e-08	3.2374e-07	-3.2404e-07	-2.93332e-08	2.1611e-10	2.93338e-08	3.2364e-07	-3.2398e-07	-1.7271999999999997e-08	2.2986e-10	1.7583999999999997e-08	3.2326e-07	-3.241e-07	-3.1081000000000004e-10	2.0564000000000003e-10	9.1007e-10	3.2386e-07	-3.249e-07
0.84	-7.023079999999999e-08	-1.4748000000000002e-10	6.958539999999999e-08	3.2606e-07	-3.2516e-07	-6.852259999999999e-08	1.8379e-10	6.77366e-08	3.2524e-07	-3.246e-07	-6.66594e-08	2.0958e-10	6.58466e-08	3.2504e-07	-3.2436e-07	-6.36966e-08	2.3368e-10	6.316339999999999e-08	3.2468e-07	-3.2428e-07	-6.06484e-08	2.144e-10	6.01934e-08	3.2472e-07	-3.2422e-07	-5.66828e-08	2.3257000000000003e-10	5.62618e-08	3.242e-07	-3.2412e-07	-5.13226e-08	2.2072e-10	5.099899999999999e-08	3.2416e-07	-3.2412e-07	-4.39816e-08	1.9259e-10	4.39468e-08	3.2386e-07	-3.2392e-07	-3.3912399999999995e-08	2.2105000000000003e-10	3.4144199999999995e-08	3.2346e-07	-3.2404e-07	-1.99722e-08	1.9268000000000003e-10	2.0457e-08	3.2344e-07	-3.238e-07	-3.6811e-10	1.8319e-10	9.6759e-10	3.2398e-07	-3.2488e-07
0.835	-8.175079999999999e-08	-1.2823e-10	8.101239999999998e-08	3.2586e-07	-3.2518e-07	-7.98188e-08	1.5256e-10	7.88912e-08	3.254e-07	-3.2466e-07	-7.722379999999998e-08	2.2692000000000003e-10	7.65532e-08	3.249e-07	-3.2456e-07	-7.43192e-08	1.9903e-10	7.36142e-08	3.248e-07	-3.2424e-07	-7.0692e-08	2.2948e-10	7.002319999999999e-08	3.2454e-07	-3.2448e-07	-6.56312e-08	2.3617e-10	6.540539999999999e-08	3.2412e-07	-3.243e-07	-5.9349e-08	2.2643e-10	5.925319999999999e-08	3.239e-07	-3.2418e-07	-5.12028e-08	2.0903000000000003e-10	5.11366e-08	3.2382e-07	-3.2424e-07	-3.9381e-08	1.6252000000000002e-10	3.96384e-08	3.2366e-07	-3.2386e-07	-2.35586e-08	1.6463e-10	2.38228e-08	3.2282e-07	-3.2386e-07	-4.3767000000000005e-10	1.653e-10	1.12213e-09	3.2392e-07	-3.2478e-07
0.83	-9.48916e-08	-1.3695e-10	9.4463e-08	3.2516e-07	-3.2518e-07	-9.28472e-08	1.7121000000000002e-10	9.20052e-08	3.2522e-07	-3.248e-07	-8.98372e-08	1.818e-10	8.91352e-08	3.2486e-07	-3.243e-07	-8.64316e-08	2.1712e-10	8.581859999999999e-08	3.2456e-07	-3.2446e-07	-8.185359999999999e-08	2.1669000000000003e-10	8.15678e-08	3.245e-07	-3.2432e-07	-7.63834e-08	1.7747e-10	7.628979999999998e-08	3.2428e-07	-3.2396e-07	-6.908999999999999e-08	1.7466000000000002e-10	6.901599999999999e-08	3.2408e-07	-3.2388e-07	-5.94286e-08	1.9895e-10	5.95476e-08	3.2374e-07	-3.2406e-07	-4.61988e-08	1.6942000000000002e-10	4.6380199999999993e-08	3.2362e-07	-3.24e-07	-2.73616e-08	1.8178e-10	2.77378e-08	3.2328e-07	-3.2338e-07	-1.1248e-09	1.4028e-10	1.3793e-09	3.2394e-07	-3.2488e-07
0.825	-1.105194e-07	-1.8423e-10	1.099704e-07	3.26e-07	-3.2512e-07	-1.076924e-07	1.3506000000000002e-10	1.072252e-07	3.2534e-07	-3.2466e-07	-1.0474320000000001e-07	1.6394e-10	1.0391419999999998e-07	3.2432e-07	-3.2368e-07	-1.0010360000000001e-07	1.8015e-10	9.969999999999999e-08	3.2464e-07	-3.2426e-07	-9.54264e-08	1.6743e-10	9.482539999999999e-08	3.2468e-07	-3.235e-07	-8.909759999999999e-08	1.871e-10	8.862839999999999e-08	3.242e-07	-3.2422e-07	-8.060279999999999e-08	1.7387000000000002e-10	8.02686e-08	3.2406e-07	-3.242e-07	-6.92808e-08	1.4454e-10	6.92746e-08	3.2396e-07	-3.2392e-07	-5.35404e-08	1.7127000000000002e-10	5.3779e-08	3.2346e-07	-3.24e-07	-3.17586e-08	1.4134e-10	3.22474e-08	3.2344e-07	-3.2384e-07	-1.0985e-09	1.1408e-10	1.6202e-09	3.241e-07	-3.2462e-07
0.82	-1.2898e-07	-1.6369e-10	1.2832e-07	3.26e-07	-3.2502e-07	-1.2582e-07	1.0404e-10	1.2502e-07	3.2536e-07	-3.2466e-07	-1.2148e-07	1.7634e-10	1.2104e-07	3.248e-07	-3.2444e-07	-1.1706e-07	1.4788e-10	1.1646e-07	3.247e-07	-3.2426e-07	-1.110782e-07	1.8274e-10	1.10513e-07	3.2444e-07	-3.244e-07	-1.041444e-07	1.8761e-10	1.0323939999999998e-07	3.241e-07	-3.2424e-07	-9.36144e-08	1.7790000000000003e-10	9.35714e-08	3.2392e-07	-3.2416e-07	-8.075339999999999e-08	1.609e-10	8.07966e-08	3.2374e-07	-3.2422e-07	-6.244e-08	1.1071e-10	6.265819999999999e-08	3.2374e-07	-3.2376e-07	-3.730519999999999e-08	1.1770000000000002e-10	3.75754e-08	3.2364e-07	-3.2386e-07	-1.4131e-09	1.0007e-10	1.8987e-09	3.241e-07	-3.2464e-07
0.815	-1.496e-07	-1.8759e-10	1.4886e-07	3.2598e-07	-3.2506e-07	-1.4614e-07	8.522e-11	1.452e-07	3.2538e-07	-3.246e-07	-1.415e-07	1.5876e-10	1.4092e-07	3.2502e-07	-3.2438e-07	-1.3584e-07	1.426e-10	1.3552e-07	3.246e-07	-3.2444e-07	-1.2878e-07	1.6671e-10	1.2894e-07	3.243e-07	-3.2434e-07	-1.2044e-07	1.2671000000000002e-10	1.2034e-07	3.2424e-07	-3.241e-07	-1.0881060000000001e-07	1.2100000000000002e-10	1.0879940000000002e-07	3.2412e-07	-3.2398e-07	-9.38616e-08	1.4623000000000002e-10	9.38412e-08	3.2372e-07	-3.2398e-07	-7.275299999999999e-08	1.2295e-10	7.28126e-08	3.2372e-07	-3.2404e-07	-4.32006e-08	1.3359e-10	4.37294e-08	3.2322e-07	-3.2408e-07	-1.8085e-09	8.731e-11	2.3422e-09	3.2418e-07	-3.2462e-07
0.81	-1.7456e-07	-2.1431e-10	1.7388e-07	3.2602e-07	-3.2442e-07	-1.699e-07	6.743000000000001e-11	1.6912e-07	3.252e-07	-3.2456e-07	-1.6464e-07	1.3481e-10	1.6384e-07	3.2442e-07	-3.236e-07	-1.5816e-07	1.3719000000000002e-10	1.5776e-07	3.2454e-07	-3.2448e-07	-1.5034e-07	1.6086e-10	1.4992e-07	3.2436e-07	-3.2438e-07	-1.4024e-07	1.2053000000000002e-10	1.4006e-07	3.241e-07	-3.241e-07	-1.2696e-07	1.3343e-10	1.27e-07	3.2344e-07	-3.2398e-07	-1.094354e-07	9.814e-11	1.094366e-07	3.2392e-07	-3.2388e-07	-8.459979999999998e-08	1.2439000000000002e-10	8.48676e-08	3.2344e-07	-3.2406e-07	-5.04164e-08	9.081e-11	5.0799e-08	3.2348e-07	-3.2384e-07	-2.2543e-09	7.451000000000001e-11	2.8106e-09	3.2408e-07	-3.247e-07
0.805	-2.0316e-07	-2.3544e-10	2.0236e-07	3.2582e-07	-3.2504e-07	-1.9768e-07	6.226e-11	1.968e-07	3.2518e-07	-3.2476e-07	-1.9174e-07	1.1229e-10	1.906e-07	3.25e-07	-3.2428e-07	-1.8376e-07	1.3650000000000002e-10	1.8354e-07	3.2462e-07	-3.2452e-07	-1.744e-07	1.3996e-10	1.7436e-07	3.2438e-07	-3.243e-07	-1.6328e-07	1.1315e-10	1.627e-07	3.2412e-07	-3.2422e-07	-1.4784e-07	9.954e-11	1.4746e-07	3.242e-07	-3.24e-07	-1.2712e-07	1.1113e-10	1.2736e-07	3.239e-07	-3.2398e-07	-9.83606e-08	6.078000000000001e-11	9.87258e-08	3.236e-07	-3.2388e-07	-5.879599999999999e-08	7.009e-11	5.918699999999999e-08	3.2344e-07	-3.2388e-07	-2.7024e-09	6.450000000000001e-11	3.3907e-09	3.2422e-07	-3.247e-07
0.8	-2.3634e-07	-2.5321e-10	2.3566e-07	3.2588e-07	-3.251e-07	-2.304e-07	5.633000000000001e-11	2.2972e-07	3.2516e-07	-3.247e-07	-2.2372e-07	7.808e-11	2.225e-07	3.2486e-07	-3.2426e-07	-2.1426e-07	1.1931e-10	2.1362e-07	3.2456e-07	-3.2454e-07	-2.0348e-07	1.2027000000000001e-10	2.0344e-07	3.245e-07	-3.2424e-07	-1.8992e-07	1.1149e-10	1.8984e-07	3.2418e-07	-3.2428e-07	-1.721e-07	7.13e-11	1.7176e-07	3.241e-07	-3.2402e-07	-1.4848e-07	8.192000000000001e-11	1.4838e-07	3.2396e-07	-3.2394e-07	-1.1479640000000001e-07	7.693e-11	1.149292e-07	3.2366e-07	-3.2406e-07	-6.853359999999999e-08	8.443000000000001e-11	6.893939999999999e-08	3.232e-07	-3.2404e-07	-3.3373e-09	5.211e-11	3.8209e-09	3.241e-07	-3.2472e-07
0.795	-2.752e-07	-2.5983e-10	2.7424e-07	3.252e-07	-3.2512e-07	-2.6684e-07	5.571000000000001e-11	2.6658e-07	3.252e-07	-3.2482e-07	-2.602e-07	5.604e-11	2.5928e-07	3.2486e-07	-3.242e-07	-2.4912e-07	1.0065e-10	2.489e-07	3.2406e-07	-3.2436e-07	-2.3742e-07	9.582e-11	2.3676e-07	3.2468e-07	-3.2418e-07	-2.209e-07	1.0087e-10	2.2094e-07	3.2422e-07	-3.243e-07	-2.003e-07	5.236000000000001e-11	2.0044e-07	3.2392e-07	-3.2402e-07	-1.7254e-07	5.477e-11	1.7276e-07	3.2396e-07	-3.239e-07	-1.3306e-07	7.43e-11	1.3362e-07	3.235e-07	-3.241e-07	-7.951559999999999e-08	3.901e-11	8.02566e-08	3.2344e-07	-3.2376e-07	-3.5054e-09	3.805e-11	4.3149e-09	3.2414e-07	-3.2478e-07
0.79	-3.2042e-07	-2.6489e-10	3.1992e-07	3.2582e-07	-3.2524e-07	-3.117e-07	4.3250000000000006e-11	3.113e-07	3.2446e-07	-3.2402e-07	-3.026e-07	3.683e-11	3.0176e-07	3.2484e-07	-3.244e-07	-2.9036e-07	7.84e-11	2.897e-07	3.2474e-07	-3.243e-07	-2.7676e-07	6.876e-11	2.7572e-07	3.2454e-07	-3.2404e-07	-2.579e-07	8.442e-11	2.574e-07	3.2426e-07	-3.2418e-07	-2.3314e-07	4.701e-11	2.3296e-07	3.2332e-07	-3.2358e-07	-2.0082e-07	2.697e-11	2.0094e-07	3.2382e-07	-3.2394e-07	-1.5544e-07	5.528e-11	1.5582e-07	3.2358e-07	-3.241e-07	-9.31066e-08	2.517e-11	9.34e-08	3.2346e-07	-3.2384e-07	-4.5259e-09	2.692e-11	5.1814e-09	3.2408e-07	-3.248e-07
0.785	-3.7266e-07	-2.6352000000000004e-10	3.7276e-07	3.2572e-07	-3.2524e-07	-3.6272e-07	2.595e-11	3.6268e-07	3.2528e-07	-3.247e-07	-3.516e-07	2.8420000000000004e-11	3.5104e-07	3.2474e-07	-3.244e-07	-3.3778e-07	5.547e-11	3.3714e-07	3.2476e-07	-3.2428e-07	-3.2166e-07	4.235e-11	3.201e-07	3.2444e-07	-3.241e-07	-2.9994e-07	6.707000000000001e-11	3.0006e-07	3.2426e-07	-3.241e-07	-2.7094e-07	4.1100000000000005e-11	2.7114e-07	3.239e-07	-3.2418e-07	-2.3382e-07	1.025e-11	2.3382e-07	3.238e-07	-3.24e-07	-1.8104e-07	3.482e-11	1.8124e-07	3.2374e-07	-3.2404e-07	-1.079462e-07	3.415e-11	1.0850779999999998e-07	3.2244e-07	-3.2326e-07	-5.2115e-09	9.93e-12	6.0482e-09	3.2402e-07	-3.2494e-07
0.78	-4.3418e-07	-2.6814e-10	4.3458e-07	3.2582e-07	-3.2528e-07	-4.2336e-07	4.16e-12	4.2196e-07	3.2544e-07	-3.2466e-07	-4.0966e-07	2.192e-11	4.0998e-07	3.248e-07	-3.2464e-07	-3.9362e-07	2.5100000000000003e-11	3.9308e-07	3.2482e-07	-3.2422e-07	-3.7482e-07	1.684e-11	3.7422e-07	3.245e-07	-3.2418e-07	-3.4894e-07	4.2450000000000006e-11	3.4896e-07	3.2432e-07	-3.2406e-07	-3.1588e-07	4.017e-11	3.1566e-07	3.239e-07	-3.242e-07	-2.7218e-07	3.8900000000000006e-12	2.7246e-07	3.237e-07	-3.2404e-07	-2.1118e-07	1.158e-11	2.1146e-07	3.2376e-07	-3.2374e-07	-1.2598e-07	-1.5320000000000002e-11	1.2614e-07	3.2328e-07	-3.2394e-07	-5.8595e-09	-6.980000000000001e-12	6.6048e-09	3.2398e-07	-3.249e-07
0.775	-5.0532e-07	-2.8419000000000003e-10	5.052e-07	3.2584e-07	-3.2522e-07	-4.92e-07	-1.779e-11	4.9176e-07	3.2546e-07	-3.2458e-07	-4.7702e-07	2.282e-11	4.7658e-07	3.2474e-07	-3.2458e-07	-4.5776e-07	1.4e-13	4.5708e-07	3.2474e-07	-3.2414e-07	-4.3538e-07	-2.0200000000000007e-12	4.352e-07	3.245e-07	-3.2414e-07	-4.06e-07	1.7780000000000002e-11	4.0624e-07	3.2428e-07	-3.239e-07	-3.6708e-07	2.6890000000000004e-11	3.667e-07	3.239e-07	-3.2352e-07	-3.1658e-07	-3.1600000000000007e-12	3.1654e-07	3.2364e-07	-3.2414e-07	-2.4534e-07	-1.116e-11	2.458e-07	3.23e-07	-3.2316e-07	-1.459e-07	-2.266e-11	1.4664e-07	3.2336e-07	-3.241e-07	-6.956e-09	-1.947e-11	7.7945e-09	3.2378e-07	-3.2488e-07
0.77	-5.8806e-07	-2.9686000000000005e-10	5.8774e-07	3.2534e-07	-3.252e-07	-5.7292e-07	-4.611e-11	5.7236e-07	3.254e-07	-3.2452e-07	-5.5382e-07	1.49e-11	5.5462e-07	3.2496e-07	-3.246e-07	-5.3318e-07	-2.078e-11	5.3232e-07	3.2474e-07	-3.2418e-07	-5.0696e-07	-9.23e-12	5.0632e-07	3.2446e-07	-3.243e-07	-4.7294e-07	-1.303e-11	4.7294e-07	3.2428e-07	-3.2332e-07	-4.2796e-07	9.94e-12	4.2758e-07	3.2392e-07	-3.2424e-07	-3.6832e-07	-1.3500000000000001e-12	3.689e-07	3.2364e-07	-3.2408e-07	-2.8568e-07	-4.317e-11	2.8586e-07	3.237e-07	-3.2382e-07	-1.7056e-07	-2.726e-11	1.713e-07	3.2326e-07	-3.2404e-07	-8.1104e-09	-3.8590000000000006e-11	9.0587e-09	3.239e-07	-3.249e-07
0.765	-6.8474e-07	-3.1846e-10	6.8514e-07	3.2596e-07	-3.2502e-07	-6.6696e-07	-7.369e-11	6.662e-07	3.2488e-07	-3.2386e-07	-6.4436e-07	-3.4100000000000002e-12	6.451e-07	3.2482e-07	-3.2444e-07	-6.214e-07	-3.525e-11	6.207e-07	3.2464e-07	-3.2358e-07	-5.8968e-07	-8.85e-12	5.8922e-07	3.2438e-07	-3.2452e-07	-5.4992e-07	-3.868e-11	5.5008e-07	3.2414e-07	-3.2404e-07	-4.9718e-07	-6.380000000000001e-12	4.9762e-07	3.2402e-07	-3.2418e-07	-4.2852e-07	-1.446e-11	4.2946e-07	3.2372e-07	-3.2418e-07	-3.3236e-07	-6.822000000000001e-11	3.3264e-07	3.2368e-07	-3.2388e-07	-1.9884e-07	-3.3120000000000004e-11	1.9918e-07	3.233e-07	-3.24e-07	-9.6252e-09	-6.517e-11	1.04887e-08	3.2382e-07	-3.248e-07
0.76	-8.002599999999999e-07	-3.3768e-10	7.9846e-07	3.2592e-07	-3.249e-07	-7.779e-07	-9.534e-11	7.765399999999999e-07	3.253e-07	-3.2448e-07	-7.5252e-07	-2.2210000000000003e-11	7.530999999999999e-07	3.2498e-07	-3.2446e-07	-7.2384e-07	-4.1540000000000006e-11	7.2296e-07	3.2388e-07	-3.2442e-07	-6.8686e-07	-1.069e-11	6.8724e-07	3.244e-07	-3.244e-07	-6.4062e-07	-6.183000000000001e-11	6.4126e-07	3.2422e-07	-3.2408e-07	-5.8028e-07	-3.052e-11	5.8106e-07	3.2406e-07	-3.2402e-07	-4.9974e-07	-3.4280000000000003e-11	5.0056e-07	3.2376e-07	-3.2404e-07	-3.8756e-07	-9.301e-11	3.8712e-07	3.2356e-07	-3.239e-07	-2.3188e-07	-5.4530000000000005e-11	2.3246e-07	3.2338e-07	-3.2402e-07	-1.04534e-08	-9.479e-11	1.15005e-08	3.2396e-07	-3.2478e-07
0.755	-9.3092e-07	-3.7068e-10	9.2758e-07	3.2588e-07	-3.2496e-07	-9.0298e-07	-1.1243e-10	9.0426e-07	3.2528e-07	-3.2462e-07	-8.7556e-07	-4.709e-11	8.7576e-07	3.2498e-07	-3.2428e-07	-8.397e-07	-4.417e-11	8.4002e-07	3.2446e-07	-3.2444e-07	-7.998e-07	-2.8780000000000003e-11	7.9804e-07	3.2438e-07	-3.244e-07	-7.458199999999999e-07	-6.767000000000001e-11	7.4506e-07	3.2412e-07	-3.241e-07	-6.7442e-07	-5.342e-11	6.751e-07	3.2408e-07	-3.2404e-07	-5.8104e-07	-5.521e-11	5.8092e-07	3.2382e-07	-3.2394e-07	-4.5062e-07	-1.0234e-10	4.4988e-07	3.2354e-07	-3.2398e-07	-2.6946e-07	-7.362e-11	2.7048e-07	3.2344e-07	-3.24e-07	-1.3944599999999998e-08	-8.142e-11	1.5502599999999998e-08	3.241e-07	-3.246e-07
0.75	-1.08454e-06	-3.8972e-10	1.08276e-06	3.259e-07	-3.25e-07	-1.05352e-06	-1.1545e-10	1.0549e-06	3.2512e-07	-3.2476e-07	-1.01974e-06	-7.202e-11	1.0192e-06	3.2436e-07	-3.2428e-07	-9.808e-07	-4.658e-11	9.7948e-07	3.2452e-07	-3.2444e-07	-9.3228e-07	-4.335e-11	9.302e-07	3.2456e-07	-3.243e-07	-8.6916e-07	-7.470000000000001e-11	8.673999999999999e-07	3.241e-07	-3.2424e-07	-7.8566e-07	-8.465000000000001e-11	7.865e-07	3.2414e-07	-3.2404e-07	-6.7716e-07	-7.984e-11	6.7714e-07	3.2388e-07	-3.2394e-07	-5.2406e-07	-1.0889e-10	5.2556e-07	3.2356e-07	-3.241e-07	-3.1308e-07	-9.778e-11	3.1596e-07	3.2352e-07	-3.238e-07	-1.72768e-08	-1.0959999999999999e-10	1.7546199999999998e-08	3.2404e-07	-3.2482e-07
0.745	-1.2575e-06	-3.7952000000000005e-10	1.2565000000000002e-06	3.2592e-07	-3.2504e-07	-1.2218e-06	-8.987000000000001e-11	1.2201000000000002e-06	3.2516e-07	-3.2468e-07	-1.1830000000000002e-06	-9.729e-11	1.1829e-06	3.2504e-07	-3.2434e-07	-1.13818e-06	-6.363e-11	1.13774e-06	3.2462e-07	-3.2436e-07	-1.08332e-06	-6.713e-11	1.08184e-06	3.2456e-07	-3.2418e-07	-1.01054e-06	-7.619000000000001e-11	1.00924e-06	3.2406e-07	-3.2428e-07	-9.1376e-07	-1.1237e-10	9.1376e-07	3.2404e-07	-3.24e-07	-7.8704e-07	-1.0854e-10	7.877399999999999e-07	3.2386e-07	-3.2386e-07	-6.0916e-07	-1.1156e-10	6.1054e-07	3.234e-07	-3.241e-07	-3.6532e-07	-1.2375e-10	3.665e-07	3.2352e-07	-3.238e-07	-2.006e-08	-1.0986e-10	2.16358e-08	3.239e-07	-3.2478e-07
0.74	-1.4671e-06	-3.9185000000000005e-10	1.4631000000000002e-06	3.258e-07	-3.2492e-07	-1.4239e-06	-1.389e-10	1.4231000000000002e-06	3.2518e-07	-3.2464e-07	-1.3809000000000002e-06	-8.329e-11	1.377e-06	3.2498e-07	-3.2436e-07	-1.3263e-06	-7.814e-11	1.3253e-06	3.2458e-07	-3.2444e-07	-1.2616e-06	-1.0034e-10	1.2588e-06	3.2444e-07	-3.242e-07	-1.174e-06	-7.397e-11	1.1745000000000001e-06	3.234e-07	-3.2406e-07	-1.06468e-06	-1.3555e-10	1.06564e-06	3.24e-07	-3.24e-07	-9.1774e-07	-1.3588e-10	9.1698e-07	3.2386e-07	-3.2386e-07	-7.1046e-07	-1.1633e-10	7.1204e-07	3.2352e-07	-3.241e-07	-4.2516e-07	-1.5473000000000002e-10	4.254e-07	3.234e-07	-3.2378e-07	-2.48706e-08	-1.744e-10	2.4681e-08	3.2412e-07	-3.2464e-07
0.735	-1.7055000000000002e-06	-4.0911000000000005e-10	1.7029000000000005e-06	3.2584e-07	-3.249e-07	-1.6597000000000002e-06	-1.5127e-10	1.6581000000000005e-06	3.2518e-07	-3.2464e-07	-1.6018e-06	-9.717e-11	1.6039000000000002e-06	3.25e-07	-3.244e-07	-1.5411000000000002e-06	-8.048e-11	1.5398e-06	3.2458e-07	-3.2446e-07	-1.4652000000000002e-06	-8.566e-11	1.4622000000000002e-06	3.24e-07	-3.2432e-07	-1.3645000000000002e-06	-1.1709e-10	1.3637000000000002e-06	3.2338e-07	-3.2342e-07	-1.2356e-06	-1.2168e-10	1.2342000000000002e-06	3.2404e-07	-3.2392e-07	-1.06546e-06	-1.6096e-10	1.06528e-06	3.2378e-07	-3.2394e-07	-8.2494e-07	-1.3737e-10	8.2632e-07	3.229e-07	-3.2346e-07	-4.9286e-07	-1.8071e-10	4.929e-07	3.2346e-07	-3.2378e-07	-2.78876e-08	-1.6105e-10	2.86874e-08	3.2404e-07	-3.2494e-07
0.73	-1.9882000000000003e-06	-4.2693e-10	1.9877e-06	3.2588e-07	-3.2496e-07	-1.9334e-06	-1.6508e-10	1.9311e-06	3.2512e-07	-3.247e-07	-1.8715e-06	-1.1983e-10	1.8673e-06	3.2498e-07	-3.2428e-07	-1.7943e-06	-1.0194e-10	1.7956000000000002e-06	3.2448e-07	-3.244e-07	-1.7076000000000002e-06	-1.0995e-10	1.7093e-06	3.2456e-07	-3.2424e-07	-1.5917000000000002e-06	-1.2947000000000002e-10	1.5904000000000005e-06	3.241e-07	-3.2412e-07	-1.4402000000000002e-06	-1.5473000000000002e-10	1.4389e-06	3.2402e-07	-3.239e-07	-1.2393000000000001e-06	-1.5215e-10	1.239e-06	3.2388e-07	-3.239e-07	-9.6226e-07	-1.5462e-10	9.6428e-07	3.237e-07	-3.2406e-07	-5.755e-07	-2.0403e-10	5.7622e-07	3.234e-07	-3.2392e-07	-3.31838e-08	-1.6512000000000002e-10	3.4509599999999994e-08	3.2402e-07	-3.2476e-07
0.725	-2.3144e-06	-4.4696e-10	2.3133000000000004e-06	3.2588e-07	-3.2494e-07	-2.2506e-06	-1.7598000000000002e-10	2.2467e-06	3.2512e-07	-3.2484e-07	-2.1714e-06	-1.3993e-10	2.1751e-06	3.2494e-07	-3.2428e-07	-2.0874e-06	-1.1959e-10	2.0847e-06	3.2456e-07	-3.2434e-07	-1.9845e-06	-1.2947000000000002e-10	1.9848e-06	3.245e-07	-3.2404e-07	-1.8527000000000005e-06	-1.3714e-10	1.8519e-06	3.241e-07	-3.2426e-07	-1.6766000000000002e-06	-1.7518e-10	1.6727e-06	3.2322e-07	-3.2336e-07	-1.4393e-06	-1.7834e-10	1.4387e-06	3.2378e-07	-3.2392e-07	-1.11824e-06	-1.8177e-10	1.11866e-06	3.231e-07	-3.2394e-07	-6.667e-07	-2.1452000000000003e-10	6.6896e-07	3.2338e-07	-3.2394e-07	-3.72884e-08	-2.2683e-10	3.90984e-08	3.241e-07	-3.2466e-07
0.72	-2.6892000000000004e-06	-4.6413e-10	2.6888000000000004e-06	3.2582e-07	-3.2506e-07	-2.6146000000000003e-06	-1.8138e-10	2.6122e-06	3.2458e-07	-3.2482e-07	-2.5248000000000004e-06	-1.6406e-10	2.5260000000000005e-06	3.2502e-07	-3.2422e-07	-2.4292000000000004e-06	-1.3663000000000002e-10	2.4289e-06	3.2464e-07	-3.2436e-07	-2.3064e-06	-1.5100000000000002e-10	2.3078e-06	3.2454e-07	-3.2414e-07	-2.1511e-06	-1.4902000000000002e-10	2.1520000000000003e-06	3.2404e-07	-3.2418e-07	-1.9444000000000004e-06	-1.9636e-10	1.9491e-06	3.2402e-07	-3.2404e-07	-1.6738000000000002e-06	-2.0193e-10	1.6761e-06	3.2322e-07	-3.2386e-07	-1.3006e-06	-2.1207e-10	1.3015000000000002e-06	3.2362e-07	-3.2406e-07	-7.745799999999999e-07	-2.1911e-10	7.743999999999999e-07	3.2336e-07	-3.2398e-07	-4.13252e-08	-2.1069e-10	4.345019999999999e-08	3.2398e-07	-3.2484e-07
0.715	-3.1329e-06	-4.779000000000001e-10	3.1339e-06	3.2568e-07	-3.2506e-07	-3.0452000000000005e-06	-1.9456e-10	3.0452000000000005e-06	3.2522e-07	-3.248e-07	-2.9499000000000003e-06	-1.9053e-10	2.9459000000000005e-06	3.2498e-07	-3.2424e-07	-2.8323000000000004e-06	-1.5717e-10	2.8298000000000004e-06	3.247e-07	-3.2434e-07	-2.6889e-06	-1.7438000000000002e-10	2.6861000000000004e-06	3.2448e-07	-3.2402e-07	-2.5105000000000004e-06	-1.5874e-10	2.5073e-06	3.2418e-07	-3.2434e-07	-2.2656000000000004e-06	-2.1038000000000003e-10	2.2692e-06	3.2396e-07	-3.2402e-07	-1.9481e-06	-2.2372000000000003e-10	1.9506e-06	3.239e-07	-3.2398e-07	-1.5097e-06	-1.9937e-10	1.5093e-06	3.2374e-07	-3.2396e-07	-9.0394e-07	-2.2253e-10	9.0338e-07	3.232e-07	-3.2394e-07	-4.977839999999999e-08	-2.2197e-10	5.12734e-08	3.2398e-07	-3.2474e-07
0.71	-3.640300000000001e-06	-4.884800000000001e-10	3.6409e-06	3.2586e-07	-3.2506e-07	-3.5357000000000003e-06	-2.0864e-10	3.5400000000000004e-06	3.2514e-07	-3.2482e-07	-3.4255000000000005e-06	-2.1312e-10	3.4259000000000005e-06	3.2504e-07	-3.2432e-07	-3.2867e-06	-1.7849000000000002e-10	3.2853e-06	3.2468e-07	-3.243e-07	-3.1237000000000003e-06	-1.979e-10	3.1264000000000003e-06	3.2452e-07	-3.241e-07	-2.9138000000000004e-06	-1.785e-10	2.9114e-06	3.2412e-07	-3.2434e-07	-2.6348e-06	-2.2355e-10	2.6354e-06	3.2384e-07	-3.2404e-07	-2.2663e-06	-2.4179e-10	2.2698000000000003e-06	3.2314e-07	-3.2328e-07	-1.7512000000000005e-06	-2.2299e-10	1.7555000000000002e-06	3.2374e-07	-3.24e-07	-1.0492e-06	-2.3058e-10	1.05078e-06	3.232e-07	-3.24e-07	-6.0361e-08	-2.7857e-10	5.93356e-08	3.2416e-07	-3.2464e-07
0.705	-4.2468000000000006e-06	-4.9831e-10	4.247e-06	3.2568e-07	-3.25e-07	-4.1272e-06	-2.3226e-10	4.1282000000000006e-06	3.2524e-07	-3.2474e-07	-3.9862e-06	-2.3507e-10	3.9898e-06	3.2492e-07	-3.2428e-07	-3.831200000000001e-06	-2.0163e-10	3.8295e-06	3.248e-07	-3.2426e-07	-3.645900000000001e-06	-2.2327e-10	3.6352e-06	3.2456e-07	-3.2412e-07	-3.3993e-06	-1.9969e-10	3.3874000000000004e-06	3.2412e-07	-3.2428e-07	-3.0672000000000005e-06	-2.3749e-10	3.0706000000000003e-06	3.2392e-07	-3.2414e-07	-2.6370000000000003e-06	-2.5758e-10	2.6403000000000004e-06	3.2376e-07	-3.2402e-07	-2.0429000000000004e-06	-2.4059e-10	2.0447e-06	3.2372e-07	-3.2394e-07	-1.2238e-06	-2.3946e-10	1.2168000000000001e-06	3.2324e-07	-3.24e-07	-6.08122e-08	-2.652e-10	6.330679999999999e-08	3.2392e-07	-3.2484e-07
0.7	-4.9323e-06	-5.096100000000001e-10	4.934800000000001e-06	3.2568e-07	-3.2514e-07	-4.805400000000001e-06	-2.4807e-10	4.800400000000001e-06	3.252e-07	-3.2398e-07	-4.636e-06	-2.5530000000000004e-10	4.6292000000000005e-06	3.2498e-07	-3.2428e-07	-4.4544e-06	-2.241e-10	4.4645e-06	3.2482e-07	-3.2424e-07	-4.239e-06	-2.4696000000000004e-10	4.2335e-06	3.2446e-07	-3.241e-07	-3.9465e-06	-2.1972e-10	3.952500000000001e-06	3.2416e-07	-3.243e-07	-3.5640000000000005e-06	-2.495e-10	3.5684000000000004e-06	3.238e-07	-3.2416e-07	-3.0693000000000004e-06	-2.6902e-10	3.058e-06	3.2378e-07	-3.24e-07	-2.3762e-06	-2.6202000000000004e-10	2.3739000000000003e-06	3.2376e-07	-3.2384e-07	-1.4178000000000002e-06	-2.7048000000000003e-10	1.4173000000000002e-06	3.2328e-07	-3.2398e-07	-7.68384e-08	-2.8239000000000005e-10	7.39754e-08	3.2394e-07	-3.2468e-07
0.695	-5.7474e-06	-5.1943e-10	5.746100000000001e-06	3.2564e-07	-3.2514e-07	-5.591500000000001e-06	-2.662e-10	5.6007e-06	3.2522e-07	-3.2472e-07	-5.4076000000000005e-06	-2.7534e-10	5.403000000000001e-06	3.2414e-07	-3.2358e-07	-5.196400000000001e-06	-2.4537e-10	5.188e-06	3.248e-07	-3.2414e-07	-4.9257e-06	-2.6911e-10	4.928300000000001e-06	3.2374e-07	-3.2332e-07	-4.5906000000000006e-06	-2.3948000000000004e-10	4.5936e-06	3.2426e-07	-3.2422e-07	-4.156900000000001e-06	-2.6548e-10	4.1527e-06	3.2392e-07	-3.241e-07	-3.5720000000000003e-06	-2.8415000000000005e-10	3.5720000000000003e-06	3.237e-07	-3.24e-07	-2.7635000000000003e-06	-2.8333000000000004e-10	2.7631000000000003e-06	3.2368e-07	-3.2394e-07	-1.645e-06	-2.8434e-10	1.6486000000000002e-06	3.232e-07	-3.24e-07	-8.47504e-08	-3.3311e-10	8.64516e-08	3.2418e-07	-3.2464e-07
0.69	-6.688300000000001e-06	-5.2924e-10	6.683000000000001e-06	3.257e-07	-3.2528e-07	-6.502500000000001e-06	-2.9001e-10	6.502100000000001e-06	3.2524e-07	-3.247e-07	-6.2841000000000005e-06	-2.9489e-10	6.2716e-06	3.2486e-07	-3.2432e-07	-6.034000000000001e-06	-2.7231e-10	6.036600000000001e-06	3.247e-07	-3.241e-07	-5.730200000000001e-06	-2.9147000000000003e-10	5.7211e-06	3.245e-07	-3.2412e-07	-5.3356e-06	-2.5763e-10	5.336600000000001e-06	3.2414e-07	-3.2418e-07	-4.828600000000001e-06	-2.7533e-10	4.832500000000001e-06	3.2364e-07	-3.2422e-07	-4.148300000000001e-06	-2.9872000000000003e-10	4.1521e-06	3.237e-07	-3.24e-07	-3.2066000000000004e-06	-3.0031e-10	3.21e-06	3.2376e-07	-3.2376e-07	-1.9107e-06	-2.9481000000000004e-10	1.9128e-06	3.2316e-07	-3.2412e-07	-1.0009719999999998e-07	-3.1656000000000004e-10	1.0219800000000001e-07	3.2394e-07	-3.2488e-07
0.685	-7.765800000000001e-06	-5.3877e-10	7.7818e-06	3.2564e-07	-3.2516e-07	-7.562200000000002e-06	-3.115e-10	7.569e-06	3.2526e-07	-3.2458e-07	-7.3202e-06	-3.1114e-10	7.315300000000002e-06	3.2474e-07	-3.2418e-07	-7.026800000000001e-06	-2.9661e-10	7.032900000000001e-06	3.247e-07	-3.2422e-07	-6.6622e-06	-3.1064e-10	6.6692000000000005e-06	3.2446e-07	-3.2412e-07	-6.2111000000000006e-06	-2.7978000000000004e-10	6.218600000000001e-06	3.2426e-07	-3.2416e-07	-5.623600000000001e-06	-2.867e-10	5.622800000000001e-06	3.2382e-07	-3.2426e-07	-4.8335e-06	-3.0959e-10	4.828200000000001e-06	3.2374e-07	-3.2344e-07	-3.7319e-06	-3.2547e-10	3.7331e-06	3.236e-07	-3.2382e-07	-2.2235000000000004e-06	-3.1284000000000003e-10	2.2212000000000004e-06	3.2322e-07	-3.241e-07	-1.137756e-07	-3.4389000000000004e-10	1.150014e-07	3.241e-07	-3.2466e-07
0.68	-9.044e-06	-5.5174e-10	9.0494e-06	3.2562e-07	-3.2514e-07	-8.7945e-06	-3.3414000000000005e-10	8.781100000000001e-06	3.2536e-07	-3.2444e-07	-8.501200000000001e-06	-3.252e-10	8.496700000000001e-06	3.2486e-07	-3.2434e-07	-8.1712e-06	-3.1957e-10	8.1589e-06	3.2468e-07	-3.2416e-07	-7.747400000000001e-06	-3.2649000000000003e-10	7.7409e-06	3.2434e-07	-3.2414e-07	-7.209900000000002e-06	-3.0373000000000005e-10	7.221400000000002e-06	3.2444e-07	-3.2422e-07	-6.519600000000001e-06	-3.0188000000000005e-10	6.5309e-06	3.24e-07	-3.2422e-07	-5.606700000000001e-06	-3.2147000000000003e-10	5.6034e-06	3.2372e-07	-3.2412e-07	-4.3406e-06	-3.5211000000000004e-10	4.3401e-06	3.2362e-07	-3.2376e-07	-2.5849000000000004e-06	-3.3407e-10	2.5918000000000003e-06	3.2334e-07	-3.2422e-07	-1.2466e-07	-3.6326000000000005e-10	1.2808e-07	3.2406e-07	-3.246e-07
0.675	-1.0535700000000001e-05	-5.7156e-10	1.0549800000000002e-05	3.2572e-07	-3.2512e-07	-1.02473e-05	-3.5715e-10	1.02542e-05	3.2522e-07	-3.2442e-07	-9.916600000000001e-06	-3.3742e-10	9.8947e-06	3.2484e-07	-3.243e-07	-9.5239e-06	-3.4360000000000003e-10	9.5119e-06	3.2464e-07	-3.2422e-07	-9.0188e-06	-3.3927e-10	9.0144e-06	3.2438e-07	-3.241e-07	-8.4068e-06	-3.2439e-10	8.398700000000001e-06	3.244e-07	-3.241e-07	-7.6069e-06	-3.1995e-10	7.603200000000002e-06	3.2396e-07	-3.2434e-07	-6.5428e-06	-3.3337e-10	6.521400000000001e-06	3.236e-07	-3.2414e-07	-5.041100000000001e-06	-3.7645e-10	5.0494e-06	3.2368e-07	-3.2386e-07	-3.0044000000000004e-06	-3.5573e-10	3.0071000000000004e-06	3.2324e-07	-3.24e-07	-1.4828e-07	-3.966e-10	1.4252e-07	3.2404e-07	-3.2468e-07
0.67	-1.2238e-05	-5.754700000000001e-10	1.2256e-05	3.2558e-07	-3.2514e-07	-1.191e-05	-3.565e-10	1.1896e-05	3.2518e-07	-3.2452e-07	-1.1522400000000002e-05	-3.2958e-10	1.15e-05	3.2476e-07	-3.2428e-07	-1.1051e-05	-3.638e-10	1.10431e-05	3.2468e-07	-3.2418e-07	-1.04744e-05	-3.5318e-10	1.04792e-05	3.2356e-07	-3.2342e-07	-9.7741e-06	-3.4843e-10	9.7694e-06	3.2438e-07	-3.2416e-07	-8.8178e-06	-3.4257000000000004e-10	8.8295e-06	3.2392e-07	-3.2418e-07	-7.5754e-06	-3.5099000000000005e-10	7.572e-06	3.2366e-07	-3.2406e-07	-5.8669000000000005e-06	-4.0084e-10	5.862100000000001e-06	3.2364e-07	-3.2386e-07	-3.4969000000000003e-06	-3.7528e-10	3.4936000000000003e-06	3.2328e-07	-3.2398e-07	-1.7318e-07	-4.2810000000000005e-10	1.7304e-07	3.2392e-07	-3.2474e-07
0.665	-1.426e-05	-5.8514e-10	1.426e-05	3.257e-07	-3.2526e-07	-1.387e-05	-3.8132e-10	1.3866e-05	3.2532e-07	-3.2388e-07	-1.3406e-05	-3.6453e-10	1.3396e-05	3.2492e-07	-3.2426e-07	-1.2844e-05	-3.6921e-10	1.2842e-05	3.2464e-07	-3.2416e-07	-1.22e-05	-3.7541000000000005e-10	1.2204e-05	3.2436e-07	-3.2422e-07	-1.1354100000000002e-05	-3.7596e-10	1.13753e-05	3.2444e-07	-3.2406e-07	-1.02636e-05	-3.6377e-10	1.02594e-05	3.2398e-07	-3.2422e-07	-8.8231e-06	-3.7202e-10	8.820300000000001e-06	3.2366e-07	-3.2414e-07	-6.834700000000001e-06	-4.2469e-10	6.8175e-06	3.236e-07	-3.2376e-07	-4.065300000000001e-06	-3.9594e-10	4.0636e-06	3.2338e-07	-3.2396e-07	-1.9694e-07	-4.5482e-10	2.07e-07	3.2404e-07	-3.247e-07
0.66	-1.6566e-05	-6.062300000000001e-10	1.6566e-05	3.2574e-07	-3.2512e-07	-1.6072e-05	-4.0969e-10	1.6122e-05	3.2468e-07	-3.238e-07	-1.5554e-05	-3.9148e-10	1.5536e-05	3.2482e-07	-3.2428e-07	-1.4916e-05	-3.8945e-10	1.4898e-05	3.2468e-07	-3.2418e-07	-1.4178e-05	-3.8388e-10	1.4174e-05	3.2436e-07	-3.2432e-07	-1.3206e-05	-3.7596e-10	1.3184e-05	3.244e-07	-3.2412e-07	-1.1924e-05	-3.7024e-10	1.1904e-05	3.2392e-07	-3.2422e-07	-1.02233e-05	-3.9464000000000005e-10	1.0223600000000002e-05	3.237e-07	-3.2408e-07	-7.8985e-06	-4.4734e-10	7.9054e-06	3.236e-07	-3.2384e-07	-4.7211e-06	-4.2112e-10	4.7183e-06	3.2346e-07	-3.2394e-07	-2.4894e-07	-4.6253000000000006e-10	2.5056e-07	3.2406e-07	-3.2476e-07
0.655	-1.926e-05	-6.274200000000001e-10	1.9242e-05	3.2586e-07	-3.2502e-07	-1.8696e-05	-4.4426e-10	1.873e-05	3.245e-07	-3.2368e-07	-1.8096e-05	-4.1622e-10	1.8078e-05	3.2484e-07	-3.2434e-07	-1.7366e-05	-4.1221e-10	1.7358000000000002e-05	3.2456e-07	-3.2416e-07	-1.648e-05	-3.9357e-10	1.646e-05	3.2434e-07	-3.2428e-07	-1.5348e-05	-3.9971e-10	1.533e-05	3.2428e-07	-3.2412e-07	-1.3842e-05	-3.9079000000000005e-10	1.3838e-05	3.2396e-07	-3.2418e-07	-1.1896e-05	-4.0015e-10	1.1884e-05	3.2378e-07	-3.2416e-07	-9.1773e-06	-4.7124e-10	9.1905e-06	3.2356e-07	-3.2382e-07	-5.471800000000001e-06	-4.4606000000000006e-10	5.4639e-06	3.2342e-07	-3.2388e-07	-2.7198e-07	-4.7311e-10	2.7264e-07	3.2394e-07	-3.2488e-07
0.65	-2.2376e-05	-6.5184e-10	2.2366e-05	3.259e-07	-3.2494e-07	-2.1722e-05	-4.678600000000001e-10	2.1704e-05	3.2522e-07	-3.2448e-07	-2.1034e-05	-4.2563e-10	2.0996e-05	3.248e-07	-3.2436e-07	-2.0138e-05	-4.2376e-10	2.0146e-05	3.244e-07	-3.2368e-07	-1.909e-05	-3.9859e-10	1.9112e-05	3.2432e-07	-3.2442e-07	-1.778e-05	-4.2969e-10	1.7804e-05	3.2428e-07	-3.2398e-07	-1.6080000000000002e-05	-4.0966e-10	1.6076e-05	3.2398e-07	-3.2412e-07	-1.3818e-05	-4.1929e-10	1.3814e-05	3.238e-07	-3.2416e-07	-1.06623e-05	-4.919e-10	1.0682700000000002e-05	3.2348e-07	-3.2388e-07	-6.345200000000001e-06	-4.680400000000001e-10	6.3547e-06	3.2352e-07	-3.2382e-07	-3.1206e-07	-4.744300000000001e-10	3.1812e-07	3.2408e-07	-3.2484e-07
0.645	-2.6066e-05	-6.802200000000001e-10	2.6052e-05	3.259e-07	-3.2488e-07	-2.5276e-05	-4.890500000000001e-10	2.5258e-05	3.2516e-07	-3.2448e-07	-2.4446e-05	-4.358e-10	2.4466000000000003e-05	3.2484e-07	-3.2436e-07	-2.3424e-05	-4.3356000000000005e-10	2.342e-05	3.2454e-07	-3.244e-07	-2.2246e-05	-4.1311e-10	2.2248e-05	3.2444e-07	-3.2444e-07	-2.0714e-05	-4.6223e-10	2.07e-05	3.2346e-07	-3.2314e-07	-1.8692e-05	-4.3796000000000006e-10	1.8694e-05	3.2404e-07	-3.241e-07	-1.604e-05	-4.4335e-10	1.607e-05	3.238e-07	-3.2418e-07	-1.2408e-05	-5.009100000000001e-10	1.238e-05	3.231e-07	-3.2386e-07	-7.3676e-06	-4.9298e-10	7.3819e-06	3.234e-07	-3.2376e-07	-3.6108e-07	-4.889e-10	3.6014e-07	3.2392e-07	-3.2492e-07
0.64	-3.0216e-05	-7.1659e-10	3.0188e-05	3.2582e-07	-3.249e-07	-2.9318e-05	-4.9947e-10	2.9338000000000003e-05	3.2506e-07	-3.2466e-07	-2.834e-05	-4.4207000000000006e-10	2.8364e-05	3.2406e-07	-3.2374e-07	-2.72e-05	-4.3674e-10	2.7234e-05	3.2458e-07	-3.2442e-07	-2.5802e-05	-4.3722e-10	2.5764e-05	3.2446e-07	-3.2446e-07	-2.4026e-05	-4.884700000000001e-10	2.4e-05	3.2416e-07	-3.2404e-07	-2.167e-05	-4.672e-10	2.1654e-05	3.2362e-07	-3.2404e-07	-1.8612e-05	-4.6756e-10	1.858e-05	3.2396e-07	-3.2394e-07	-1.4354e-05	-5.203600000000001e-10	1.435e-05	3.2352e-07	-3.2382e-07	-8.5335e-06	-5.187600000000001e-10	8.555400000000001e-06	3.2348e-07	-3.2374e-07	-4.2576e-07	-5.1499e-10	4.2562e-07	3.2398e-07	-3.2478e-07
0.635	-3.5154e-05	-7.4027e-10	3.5118e-05	3.257e-07	-3.2488e-07	-3.4098000000000005e-05	-5.091e-10	3.4102e-05	3.2498e-07	-3.247e-07	-3.2970000000000005e-05	-4.5422000000000006e-10	3.2988e-05	3.248e-07	-3.237e-07	-3.1664e-05	-4.5555000000000005e-10	3.1626e-05	3.2458e-07	-3.2436e-07	-2.9972e-05	-4.6080000000000005e-10	2.994e-05	3.2454e-07	-3.2422e-07	-2.789e-05	-4.9755e-10	2.7896e-05	3.2406e-07	-3.2412e-07	-2.518e-05	-4.995700000000001e-10	2.516e-05	3.2416e-07	-3.2396e-07	-2.1616e-05	-4.959900000000001e-10	2.1586e-05	3.2394e-07	-3.24e-07	-1.6688e-05	-5.329600000000001e-10	1.6698000000000002e-05	3.2296e-07	-3.2322e-07	-9.8869e-06	-5.4573e-10	9.9227e-06	3.2352e-07	-3.2376e-07	-4.8432e-07	-5.393600000000001e-10	4.8718e-07	3.2442e-07	-3.2508e-07
0.63	-4.0716e-05	-7.6317e-10	4.0730000000000005e-05	3.2576e-07	-3.2496e-07	-3.954e-05	-5.1287e-10	3.9556e-05	3.2504e-07	-3.2472e-07	-3.8186e-05	-4.789500000000001e-10	3.8238e-05	3.248e-07	-3.2448e-07	-3.6664e-05	-4.7513e-10	3.664e-05	3.2458e-07	-3.2424e-07	-3.4772e-05	-4.8743e-10	3.4804e-05	3.2452e-07	-3.2418e-07	-3.2326e-05	-5.1012e-10	3.2332e-05	3.2416e-07	-3.2422e-07	-2.9198e-05	-5.309e-10	2.9174e-05	3.2408e-07	-3.2394e-07	-2.5044e-05	-5.2795e-10	2.5036e-05	3.24e-07	-3.2394e-07	-1.9316e-05	-5.4439e-10	1.9324e-05	3.2342e-07	-3.2328e-07	-1.14641e-05	-5.7093e-10	1.1500900000000002e-05	3.235e-07	-3.2386e-07	-5.7058e-07	-5.6976e-10	5.6246e-07	3.2418e-07	-3.2458e-07
0.625	-4.7328000000000005e-05	-7.7308e-10	4.7288e-05	3.2564e-07	-3.2498e-07	-4.5904e-05	-5.3137e-10	4.5918e-05	3.2516e-07	-3.2454e-07	-4.4442e-05	-5.0471e-10	4.4438e-05	3.2494e-07	-3.243e-07	-4.252e-05	-5.029700000000001e-10	4.2528e-05	3.2474e-07	-3.2424e-07	-4.028800000000001e-05	-5.2044e-10	4.029e-05	3.2458e-07	-3.241e-07	-3.7556e-05	-5.144300000000001e-10	3.7564e-05	3.2406e-07	-3.2426e-07	-3.3942e-05	-5.614400000000001e-10	3.3918e-05	3.234e-07	-3.2338e-07	-2.9018e-05	-5.6237e-10	2.903e-05	3.239e-07	-3.2398e-07	-2.2412e-05	-5.507700000000001e-10	2.24e-05	3.2342e-07	-3.24e-07	-1.3308e-05	-5.721300000000001e-10	1.3308e-05	3.2344e-07	-3.2384e-07	-6.4862e-07	-5.975400000000001e-10	6.5032e-07	3.2412e-07	-3.2452e-07
0.62	-5.4736e-05	-7.8198e-10	5.4866e-05	3.2572e-07	-3.2498e-07	-5.326e-05	-5.525200000000001e-10	5.3236e-05	3.2528e-07	-3.2466e-07	-5.1474e-05	-5.3083e-10	5.1486e-05	3.2498e-07	-3.243e-07	-4.9262e-05	-5.309e-10	4.928e-05	3.2466e-07	-3.2416e-07	-4.6768e-05	-5.5232e-10	4.6676000000000005e-05	3.2444e-07	-3.2414e-07	-4.3486e-05	-5.2526e-10	4.343e-05	3.2418e-07	-3.2428e-07	-3.9226e-05	-5.770700000000001e-10	3.9236e-05	3.2406e-07	-3.241e-07	-3.3648e-05	-5.911000000000001e-10	3.3642e-05	3.2386e-07	-3.2398e-07	-2.5894e-05	-5.6253e-10	2.5974e-05	3.235e-07	-3.2404e-07	-1.5386e-05	-5.971400000000001e-10	1.5342e-05	3.2346e-07	-3.2376e-07	-7.224799999999999e-07	-6.2909e-10	7.317199999999999e-07	3.241e-07	-3.246e-07
0.615	-6.3602e-05	-7.8667e-10	6.3606e-05	3.2558e-07	-3.2496e-07	-6.179800000000001e-05	-5.7916e-10	6.179e-05	3.2538e-07	-3.246e-07	-5.9656e-05	-5.6118e-10	5.9686e-05	3.2504e-07	-3.2428e-07	-5.732e-05	-5.6307e-10	5.7258e-05	3.247e-07	-3.241e-07	-5.4284e-05	-5.8268e-10	5.4236e-05	3.2444e-07	-3.2412e-07	-5.0440000000000005e-05	-5.5125e-10	5.0404e-05	3.2438e-07	-3.2372e-07	-4.547e-05	-5.8678e-10	4.5514000000000005e-05	3.239e-07	-3.2416e-07	-3.903e-05	-6.1503e-10	3.9002e-05	3.2374e-07	-3.2398e-07	-3.0016e-05	-5.8817e-10	3.0048e-05	3.2348e-07	-3.2404e-07	-1.7812e-05	-6.300800000000001e-10	1.7798e-05	3.2338e-07	-3.238e-07	-8.4724e-07	-6.627100000000001e-10	8.4764e-07	3.241e-07	-3.2464e-07
0.61	-7.374000000000002e-05	-7.9686e-10	7.3714e-05	3.2564e-07	-3.2518e-07	-7.1594e-05	-6.0949e-10	7.163e-05	3.2534e-07	-3.2448e-07	-6.9248e-05	-5.9739e-10	6.9176e-05	3.2492e-07	-3.2424e-07	-6.6216e-05	-5.9353e-10	6.6234e-05	3.2474e-07	-3.2422e-07	-6.2836e-05	-6.0733e-10	6.2782e-05	3.244e-07	-3.242e-07	-5.8336000000000005e-05	-5.7456e-10	5.8356e-05	3.242e-07	-3.2408e-07	-5.2732e-05	-5.955400000000001e-10	5.266e-05	3.2326e-07	-3.2422e-07	-4.5102e-05	-6.2595e-10	4.5104e-05	3.2372e-07	-3.2402e-07	-3.4718e-05	-6.0909e-10	3.4774e-05	3.2364e-07	-3.2398e-07	-2.057e-05	-6.607300000000001e-10	2.0514e-05	3.2342e-07	-3.2394e-07	-9.343e-07	-6.901400000000001e-10	9.5114e-07	3.2408e-07	-3.246e-07
0.605	-8.5442e-05	-8.2193e-10	8.5484e-05	3.257e-07	-3.2508e-07	-8.2896e-05	-6.4343e-10	8.2922e-05	3.2536e-07	-3.2448e-07	-8.0122e-05	-6.2206e-10	8.0274e-05	3.2488e-07	-3.2424e-07	-7.6814e-05	-6.243900000000001e-10	7.6798e-05	3.2462e-07	-3.241e-07	-7.2822e-05	-6.166800000000001e-10	7.2754e-05	3.2386e-07	-3.2418e-07	-6.766400000000001e-05	-6.028900000000001e-10	6.7656e-05	3.2434e-07	-3.24e-07	-6.0918e-05	-6.011200000000001e-10	6.0902e-05	3.2392e-07	-3.243e-07	-5.2142e-05	-6.3457e-10	5.2214000000000005e-05	3.2372e-07	-3.2404e-07	-4.0198e-05	-6.4013e-10	4.0234e-05	3.2362e-07	-3.2378e-07	-2.385e-05	-6.7526e-10	2.385e-05	3.2332e-07	-3.2392e-07	-1.1114e-06	-7.0559e-10	1.13024e-06	3.2388e-07	-3.2468e-07
0.6	-9.8652e-05	-8.3951e-10	9.8738e-05	3.2582e-07	-3.25e-07	-9.5906e-05	-6.7302e-10	9.5914e-05	3.2522e-07	-3.2446e-07	-9.2732e-05	-6.466800000000001e-10	9.2732e-05	3.248e-07	-3.2432e-07	-8.8878e-05	-6.448700000000001e-10	8.8916e-05	3.2456e-07	-3.2418e-07	-8.4042e-05	-6.285400000000001e-10	8.414e-05	3.243e-07	-3.2428e-07	-7.8224e-05	-6.331800000000001e-10	7.8294e-05	3.2438e-07	-3.24e-07	-7.0342e-05	-6.2705e-10	7.0424e-05	3.2398e-07	-3.2424e-07	-6.0328e-05	-6.4048e-10	6.0162e-05	3.236e-07	-3.2426e-07	-4.641000000000001e-05	-6.697500000000001e-10	4.64e-05	3.2372e-07	-3.2374e-07	-2.7524e-05	-6.872000000000001e-10	2.7442000000000003e-05	3.2328e-07	-3.2392e-07	-1.3958e-06	-7.0254e-10	1.3247000000000002e-06	3.241e-07	-3.2482e-07
0.595	-0.000114408	-8.6867e-10	0.000114506	3.2584e-07	-3.2488e-07	-0.000111106	-6.9775e-10	0.000111084	3.2458e-07	-3.2386e-07	-0.00010728	-6.5917e-10	0.000107304	3.2474e-07	-3.2378e-07	-0.000103	-6.550200000000001e-10	0.000103002	3.2456e-07	-3.2432e-07	-9.7318e-05	-6.341e-10	9.7322e-05	3.2426e-07	-3.2434e-07	-9.051e-05	-6.6463e-10	9.0468e-05	3.243e-07	-3.2394e-07	-8.1646e-05	-6.483e-10	8.1486e-05	3.2408e-07	-3.242e-07	-6.9706e-05	-6.576600000000001e-10	6.9656e-05	3.2372e-07	-3.2416e-07	-5.3662e-05	-7.0591e-10	5.359200000000001e-05	3.2364e-07	-3.238e-07	-3.1696e-05	-6.954800000000001e-10	3.1748e-05	3.2256e-07	-3.2334e-07	-1.4716000000000002e-06	-6.9464e-10	1.5293e-06	3.2404e-07	-3.247e-07
0.59	-0.00013202	-8.703400000000001e-10	0.00013216	3.257e-07	-3.2502e-07	-0.0001282	-6.546e-10	0.00012816	3.253e-07	-3.2442e-07	-0.00012374	-6.365e-10	0.00012378	3.2492e-07	-3.2418e-07	-0.0001188	-6.393600000000001e-10	0.00011864	3.2466e-07	-3.2422e-07	-0.000112434	-6.475100000000001e-10	0.000112446	3.2374e-07	-3.2438e-07	-0.000104348	-6.9657e-10	0.000104318	3.242e-07	-3.2396e-07	-9.3966e-05	-6.7706e-10	9.3958e-05	3.2408e-07	-3.2406e-07	-8.0314e-05	-6.8143e-10	8.0262e-05	3.2386e-07	-3.2404e-07	-6.174e-05	-7.370200000000001e-10	6.168e-05	3.2354e-07	-3.2376e-07	-3.6454e-05	-7.0327e-10	3.652e-05	3.2326e-07	-3.2408e-07	-1.6479e-06	-7.2243e-10	1.6834000000000005e-06	3.2416e-07	-3.2468e-07
0.585	-0.0001528	-8.6393e-10	0.00015256	3.2576e-07	-3.25e-07	-0.00014806	-7.116200000000001e-10	0.00014834	3.2522e-07	-3.2446e-07	-0.00014312	-6.8856e-10	0.00014322	3.2482e-07	-3.2432e-07	-0.00013712	-6.963600000000001e-10	0.00013724	3.2466e-07	-3.2418e-07	-0.00012974	-6.9568e-10	0.00012998	3.2436e-07	-3.2416e-07	-0.00012052	-6.702400000000001e-10	0.00012048	3.2434e-07	-3.24e-07	-0.000108668	-7.0635e-10	0.000108558	3.2406e-07	-3.239e-07	-9.2732e-05	-7.102800000000001e-10	9.2742e-05	3.2364e-07	-3.241e-07	-7.1264e-05	-7.6566e-10	7.132e-05	3.235e-07	-3.2386e-07	-4.209e-05	-7.316e-10	4.2066e-05	3.2334e-07	-3.2404e-07	-2.009e-06	-7.4755e-10	1.9366e-06	3.241e-07	-3.2472e-07
0.58	-0.00017626	-8.9357e-10	0.00017616	3.2578e-07	-3.2488e-07	-0.00017072	-7.3824e-10	0.00017082	3.2526e-07	-3.2448e-07	-0.00016506	-7.0418e-10	0.00016514	3.248e-07	-3.2434e-07	-0.00015804	-7.2264e-10	0.00015816	3.2468e-07	-3.2418e-07	-0.00014948	-7.029300000000001e-10	0.00014954	3.2428e-07	-3.2424e-07	-0.0001387	-7.0488e-10	0.00013884	3.2428e-07	-3.24e-07	-0.0001249	-7.3119e-10	0.00012482	3.24e-07	-3.2424e-07	-0.000106702	-7.3864e-10	0.000106756	3.2386e-07	-3.2388e-07	-8.1972e-05	-7.7844e-10	8.1866e-05	3.2354e-07	-3.2388e-07	-4.825800000000001e-05	-7.5432e-10	4.8318e-05	3.2346e-07	-3.2392e-07	-2.4071e-06	-7.751900000000001e-10	2.1892e-06	3.2416e-07	-3.2466e-07
0.575	-0.00020322	-9.2274e-10	0.00020322	3.2578e-07	-3.2472e-07	-0.00019714	-7.6353e-10	0.00019728	3.2506e-07	-3.2442e-07	-0.00019042	-7.161400000000001e-10	0.0001904	3.2476e-07	-3.2446e-07	-0.00018228	-7.3912e-10	0.00018266	3.2458e-07	-3.2422e-07	-0.00017218	-7.1049e-10	0.0001726	3.2424e-07	-3.244e-07	-0.00015996	-7.3847e-10	0.00016008	3.2428e-07	-3.2408e-07	-0.00014386	-7.2427e-10	0.00014392	3.24e-07	-3.241e-07	-0.00012272	-7.7269e-10	0.00012286	3.2376e-07	-3.2422e-07	-9.4204e-05	-7.9042e-10	9.4116e-05	3.2344e-07	-3.2406e-07	-5.5482e-05	-7.8404e-10	5.5488e-05	3.2344e-07	-3.2378e-07	-2.814e-06	-8.0367e-10	2.8015e-06	3.2416e-07	-3.247e-07
0.57	-0.00023406	-9.5916e-10	0.00023398	3.258e-07	-3.2484e-07	-0.00022688	-7.770000000000001e-10	0.00022682	3.251e-07	-3.2456e-07	-0.00021902	-7.2263e-10	0.00021908	3.2472e-07	-3.244e-07	-0.00020994	-7.507700000000001e-10	0.00021008	3.2456e-07	-3.2436e-07	-0.00019848	-7.261700000000001e-10	0.00019846	3.2432e-07	-3.2432e-07	-0.00018394	-7.714900000000001e-10	0.000184	3.2424e-07	-3.24e-07	-0.00016544	-7.5332e-10	0.00016534	3.2406e-07	-3.2406e-07	-0.00014078	-7.6225e-10	0.00014086	3.238e-07	-3.2412e-07	-0.000107996	-8.004e-10	0.000107908	3.2336e-07	-3.2392e-07	-6.354800000000001e-05	-8.1594e-10	6.3588e-05	3.2346e-07	-3.2376e-07	-3.0032000000000003e-06	-8.306600000000001e-10	2.9977e-06	3.2412e-07	-3.246e-07
0.565	-0.00026964	-9.8953e-10	0.00026952	3.2572e-07	-3.2484e-07	-0.00026136	-7.884600000000001e-10	0.0002614	3.25e-07	-3.2458e-07	-0.0002521	-7.3753e-10	0.00025232	3.2482e-07	-3.2446e-07	-0.00024152	-7.579200000000001e-10	0.00024176	3.2382e-07	-3.2396e-07	-0.00022834	-7.5189e-10	0.00022842	3.2374e-07	-3.2356e-07	-0.0002117	-8.020100000000001e-10	0.00021172	3.242e-07	-3.2402e-07	-0.00019006	-7.8444e-10	0.0001901	3.2404e-07	-3.2392e-07	-0.00016172	-7.8653e-10	0.00016202	3.2392e-07	-3.2406e-07	-0.00012458	-8.1803e-10	0.00012366	3.2362e-07	-3.2388e-07	-7.2772e-05	-8.515700000000001e-10	7.2728e-05	3.2348e-07	-3.2382e-07	-3.4526e-06	-8.6311e-10	3.4699000000000004e-06	3.2416e-07	-3.2474e-07
0.56	-0.00030938	-1.01455e-09	0.00030934	3.2502e-07	-3.2422e-07	-0.00029978	-7.9812e-10	0.00029992	3.2504e-07	-3.2464e-07	-0.00028948	-7.6422e-10	0.00028944	3.2484e-07	-3.244e-07	-0.00027702	-7.6915e-10	0.00027734	3.2458e-07	-3.2446e-07	-0.00026178	-7.783500000000001e-10	0.0002619	3.244e-07	-3.2418e-07	-0.00024246	-8.2452e-10	0.0002428	3.2414e-07	-3.2406e-07	-0.00021786	-8.1924e-10	0.0002179	3.2412e-07	-3.2398e-07	-0.00018532	-8.155100000000001e-10	0.00018514	3.2398e-07	-3.2384e-07	-0.00014128	-8.642e-10	0.0001414	3.228e-07	-3.2392e-07	-8.303600000000001e-05	-8.831e-10	8.3028e-05	3.234e-07	-3.2376e-07	-4.0633000000000006e-06	-8.924200000000001e-10	3.9546e-06	3.2414e-07	-3.2464e-07
0.555	-0.00035496	-1.02958e-09	0.00035544	3.2558e-07	-3.2496e-07	-0.00034462	-8.1203e-10	0.00034452	3.2512e-07	-3.2472e-07	-0.0003324	-7.8762e-10	0.00033238	3.2494e-07	-3.2444e-07	-0.00031828	-7.9628e-10	0.00031854	3.2454e-07	-3.2446e-07	-0.00030058	-8.0791e-10	0.00030048	3.245e-07	-3.2414e-07	-0.0002784	-8.3703e-10	0.00027828	3.2348e-07	-3.241e-07	-0.0002497	-8.5391e-10	0.00024988	3.2396e-07	-3.2398e-07	-0.00021218	-8.515700000000001e-10	0.00021216	3.239e-07	-3.238e-07	-0.00016176	-8.7695e-10	0.00016188	3.2346e-07	-3.2394e-07	-9.4636e-05	-9.1533e-10	9.4854e-05	3.2336e-07	-3.2384e-07	-4.460900000000001e-06	-9.2088e-10	4.451600000000001e-06	3.2414e-07	-3.2454e-07
0.55	-0.00040666	-1.0426e-09	0.000407	3.2558e-07	-3.25e-07	-0.00039462	-8.3884e-10	0.00039452	3.25e-07	-3.2456e-07	-0.00038048	-8.188600000000001e-10	0.00038064	3.2498e-07	-3.2426e-07	-0.00036412	-8.1762e-10	0.0003641	3.2474e-07	-3.2436e-07	-0.0003438	-8.409900000000001e-10	0.0003439	3.2452e-07	-3.2408e-07	-0.00031798	-8.4989e-10	0.0003181	3.2406e-07	-3.2426e-07	-0.00028524	-8.829100000000001e-10	0.00028516	3.2396e-07	-3.2392e-07	-0.00024182	-8.847900000000001e-10	0.00024206	3.2392e-07	-3.2386e-07	-0.00018422	-8.8975e-10	0.00018458	3.2284e-07	-3.2404e-07	-0.000107772	-9.3056e-10	0.000107668	3.233e-07	-3.2394e-07	-5.0441000000000005e-06	-9.5102e-10	4.930700000000001e-06	3.241e-07	-3.2458e-07
0.545	-0.00046584	-1.0499100000000002e-09	0.00046568	3.2552e-07	-3.2502e-07	-0.00045128	-8.6503e-10	0.00045126	3.2524e-07	-3.246e-07	-0.00043542	-8.4882e-10	0.00043552	3.2498e-07	-3.2412e-07	-0.00041672	-8.5218e-10	0.00041628	3.2398e-07	-3.2358e-07	-0.00039324	-8.774000000000001e-10	0.00039346	3.2458e-07	-3.2352e-07	-0.00036376	-8.551e-10	0.0003633	3.2414e-07	-3.2424e-07	-0.00032544	-9.0802e-10	0.00032546	3.239e-07	-3.2394e-07	-0.00027578	-9.208399999999999e-10	0.0002761	3.238e-07	-3.2394e-07	-0.00020972	-8.9827e-10	0.00021004	3.2338e-07	-3.2404e-07	-0.00012248	-9.0884e-10	0.00012252	3.2344e-07	-3.2374e-07	-5.751100000000001e-06	-9.7471e-10	5.5917e-06	3.2404e-07	-3.2466e-07
0.54	-0.00053082	-1.0569e-09	0.00053096	3.2554e-07	-3.2506e-07	-0.0005151	-8.9403e-10	0.0005146	3.2516e-07	-3.2436e-07	-0.00049632	-8.8774e-10	0.0004967	3.2492e-07	-3.2422e-07	-0.00047472	-8.8007e-10	0.0004748	3.2474e-07	-3.241e-07	-0.0004478	-9.0688e-10	0.00044782	3.2434e-07	-3.241e-07	-0.000414	-8.7603e-10	0.00041408	3.2414e-07	-3.2418e-07	-0.00037042	-9.1847e-10	0.0003703	3.2392e-07	-3.241e-07	-0.0003135	-9.471e-10	0.0003136	3.2378e-07	-3.24e-07	-0.00023798	-9.199499999999999e-10	0.00023796	3.235e-07	-3.2412e-07	-0.00013864	-9.607e-10	0.00013844	3.2346e-07	-3.2376e-07	-6.2643e-06	-1.00401e-09	6.1547000000000006e-06	3.2402e-07	-3.2464e-07
0.535	-0.0006053	-1.1139e-09	0.0006061	3.256e-07	-3.2488e-07	-0.00058742	-9.2951e-10	0.00058708	3.2526e-07	-3.2446e-07	-0.00056646	-9.1799e-10	0.00056648	3.249e-07	-3.2424e-07	-0.00054132	-9.1607e-10	0.00054146	3.2466e-07	-3.2418e-07	-0.00051038	-9.3425e-10	0.0005105	3.2438e-07	-3.241e-07	-0.00047116	-9.0068e-10	0.0004712	3.242e-07	-3.2416e-07	-0.00042128	-9.3101e-10	0.00042114	3.2372e-07	-3.2418e-07	-0.00035588	-9.6072e-10	0.00035628	3.2368e-07	-3.2404e-07	-0.00027034	-9.472e-10	0.00027046	3.2358e-07	-3.2398e-07	-0.00015674	-9.9793e-10	0.00015676	3.2338e-07	-3.238e-07	-7.225000000000002e-06	-1.0297100000000002e-09	7.099700000000001e-06	3.2406e-07	-3.2466e-07
0.53	-0.0006886	-1.1343e-09	0.00068846	3.2554e-07	-3.2494e-07	-0.00066756	-9.6506e-10	0.00066798	3.2518e-07	-3.245e-07	-0.00064338	-9.4616e-10	0.00064364	3.2484e-07	-3.2424e-07	-0.00061484	-9.5068e-10	0.00061486	3.247e-07	-3.2418e-07	-0.00057906	-9.4757e-10	0.00057902	3.2438e-07	-3.2418e-07	-0.00053444	-9.3237e-10	0.00053422	3.2428e-07	-3.2412e-07	-0.00047692	-9.3958e-10	0.00047738	3.2386e-07	-3.2418e-07	-0.00040266	-9.7514e-10	0.00040252	3.238e-07	-3.2404e-07	-0.00030478	-9.783e-10	0.00030488	3.2308e-07	-3.2328e-07	-0.00017662	-1.02721e-09	0.00017652	3.2338e-07	-3.2368e-07	-8.176900000000001e-06	-1.0479600000000002e-09	8.076e-06	3.2394e-07	-3.2458e-07
0.525	-0.00078212	-1.1465e-09	0.00078258	3.256e-07	-3.2504e-07	-0.00075804	-9.9537e-10	0.00075844	3.2508e-07	-3.244e-07	-0.00072998	-9.6171e-10	0.0007307	3.2476e-07	-3.2434e-07	-0.00069754	-9.7706e-10	0.00069752	3.247e-07	-3.2416e-07	-0.00065726	-9.5925e-10	0.00065678	3.2432e-07	-3.2428e-07	-0.00060544	-9.6362e-10	0.00060572	3.236e-07	-3.2364e-07	-0.00054022	-9.6262e-10	0.00053988	3.2392e-07	-3.2392e-07	-0.00045466	-9.8358e-10	0.00045512	3.2368e-07	-3.241e-07	-0.00034382	-1.01024e-09	0.00034366	3.2358e-07	-3.2306e-07	-0.0001982	-1.04026e-09	0.00019886	3.2332e-07	-3.2384e-07	-9.2752e-06	-1.0704500000000002e-09	9.4276e-06	3.2406e-07	-3.248e-07
0.52	-0.0008851	-1.1616e-09	0.00088514	3.2554e-07	-3.2512e-07	-0.0008575	-1.02012e-09	0.00085786	3.2516e-07	-3.2442e-07	-0.00082614	-9.7733e-10	0.00082624	3.2474e-07	-3.2432e-07	-0.00078794	-9.9479e-10	0.00078894	3.247e-07	-3.2428e-07	-0.00074218	-9.6985e-10	0.0007418	3.2424e-07	-3.2432e-07	-0.00068284	-9.9908e-10	0.00068302	3.242e-07	-3.2388e-07	-0.00060862	-9.8749e-10	0.0006082	3.2398e-07	-3.2416e-07	-0.00051164	-1.00385e-09	0.00051188	3.2316e-07	-3.2422e-07	-0.00038592	-1.0497e-09	0.00038608	3.237e-07	-3.2386e-07	-0.00022224	-1.05838e-09	0.00022222	3.2322e-07	-3.2396e-07	-1.03853e-05	-1.09074e-09	1.03599e-05	3.239e-07	-3.2474e-07
0.515	-0.0010004	-1.1653e-09	0.0010003	3.2474e-07	-3.243e-07	-0.00096912	-1.03612e-09	0.0009697	3.251e-07	-3.2462e-07	-0.0009331	-9.8534e-10	0.00093324	3.247e-07	-3.2448e-07	-0.00089004	-1.00827e-09	0.0008903	3.2456e-07	-3.244e-07	-0.00083724	-9.8736e-10	0.00083712	3.2426e-07	-3.2436e-07	-0.00077054	-1.03461e-09	0.0007709	3.2358e-07	-3.2334e-07	-0.0006848	-1.01974e-09	0.00068534	3.2398e-07	-3.24e-07	-0.00057506	-1.0295400000000001e-09	0.0005746	3.2378e-07	-3.241e-07	-0.00043216	-1.08416e-09	0.00043278	3.236e-07	-3.238e-07	-0.00024768	-1.06801e-09	0.0002484	3.2324e-07	-3.2394e-07	-1.1388100000000002e-05	-1.11134e-09	1.14431e-05	3.2404e-07	-3.2482e-07
0.51	-0.00112624	-1.1865e-09	0.00112646	3.2558e-07	-3.2514e-07	-0.00109164	-1.04929e-09	0.00109124	3.2498e-07	-3.246e-07	-0.00104934	-9.9887e-10	0.00104972	3.2478e-07	-3.2446e-07	-0.00100092	-1.01769e-09	0.0010007	3.244e-07	-3.2438e-07	-0.00093994	-1.0137300000000002e-09	0.00094058	3.2436e-07	-3.2428e-07	-0.00086386	-1.06659e-09	0.0008643	3.242e-07	-3.2398e-07	-0.000767	-1.05456e-09	0.00076694	3.2334e-07	-3.2386e-07	-0.0006424	-1.06029e-09	0.00064242	3.2386e-07	-3.2406e-07	-0.0004825	-1.11699e-09	0.00048212	3.2354e-07	-3.2376e-07	-0.00027568	-1.1174e-09	0.00027578	3.2336e-07	-3.237e-07	-1.17221e-05	-1.1211e-09	1.1500700000000002e-05	3.2406e-07	-3.2458e-07
0.505	-0.0012666	-1.1979e-09	0.0012672	3.256e-07	-3.2488e-07	-0.0012262	-1.0739e-09	0.0012266	3.2524e-07	-3.2448e-07	-0.0011792	-1.0475e-09	0.0011804	3.2494e-07	-3.2428e-07	-0.00112456	-1.0299500000000002e-09	0.00112398	3.2452e-07	-3.2442e-07	-0.00105506	-1.0438e-09	0.00105522	3.2452e-07	-3.2424e-07	-0.0009686	-1.0925300000000002e-09	0.0009683	3.2412e-07	-3.2404e-07	-0.00085888	-1.08879e-09	0.00085814	3.2328e-07	-3.2332e-07	-0.0007175	-1.1051e-09	0.0007176	3.2376e-07	-3.241e-07	-0.00053674	-1.099e-09	0.00053638	3.2356e-07	-3.2394e-07	-0.00030616	-1.1523e-09	0.0003059	3.2338e-07	-3.2384e-07	-1.17222e-05	-1.1332e-09	1.15006e-05	3.2394e-07	-3.2488e-07
0.5	-0.0014184	-1.2615e-09	0.0014186	3.2558e-07	-3.2486e-07	-0.0013736	-1.0677e-09	0.0013738	3.2522e-07	-3.2452e-07	-0.0013206	-1.0488e-09	0.0013206	3.25e-07	-3.242e-07	-0.0012566	-1.0615e-09	0.001257	3.2402e-07	-3.2442e-07	-0.0011776	-1.0865e-09	0.0011782	3.2444e-07	-3.2422e-07	-0.00108026	-1.10476e-09	0.00108004	3.2402e-07	-3.2422e-07	-0.00095518	-1.0809e-09	0.00095578	3.2482e-07	-3.2508e-07	-0.00079584	-1.1242e-09	0.00079666	3.2372e-07	-3.2404e-07	-0.00059476	-1.1325e-09	0.00059472	3.2362e-07	-3.2386e-07	-0.00033862	-1.1877e-09	0.00033798	3.2268e-07	-3.2316e-07	-1.1362e-05	-1.155e-09	1.5188e-05	3.2404e-07	-3.2466e-07
0.495	-0.001587	-1.2786e-09	0.0015874	3.2548e-07	-3.249e-07	-0.0015354	-1.1063e-09	0.0015356	3.2522e-07	-3.2442e-07	-0.0014758	-1.0898e-09	0.0014766	3.2492e-07	-3.2428e-07	-0.0014042	-1.0637e-09	0.0014036	3.2462e-07	-3.2434e-07	-0.0013138	-1.079e-09	0.001314	3.2458e-07	-3.2406e-07	-0.001203	-1.0852e-09	0.0012034	3.2406e-07	-3.242e-07	-0.0010618	-1.1129e-09	0.00106262	3.248e-07	-3.2498e-07	-0.0008837	-1.1408e-09	0.00088342	3.2364e-07	-3.2404e-07	-0.00065726	-1.1792e-09	0.00065642	3.235e-07	-3.2376e-07	-0.00037198	-1.1975e-09	0.00037196	3.2326e-07	-3.2398e-07	-1.69e-05	-1.1767e-09	1.6542000000000002e-05	3.2396e-07	-3.2478e-07
0.49	-0.0017672	-1.2931e-09	0.0017672	3.255e-07	-3.2502e-07	-0.001709	-1.146e-09	0.0017092	3.252e-07	-3.244e-07	-0.0016418	-1.1236e-09	0.0016416	3.2488e-07	-3.2422e-07	-0.001559	-1.0899e-09	0.00156	3.2406e-07	-3.2428e-07	-0.0014586	-1.1143e-09	0.0014582	3.2382e-07	-3.2404e-07	-0.0013336	-1.1294e-09	0.0013336	3.2396e-07	-3.241e-07	-0.0011748	-1.1292e-09	0.001175	3.2486e-07	-3.2484e-07	-0.00097418	-1.157e-09	0.00097482	3.2368e-07	-3.2422e-07	-0.00072254	-1.2199e-09	0.00072266	3.2356e-07	-3.2376e-07	-0.00040782	-1.2297e-09	0.00040788	3.2258e-07	-3.2396e-07	-1.8394e-05	-1.1988e-09	1.861e-05	3.2398e-07	-3.2482e-07
0.485	-0.0019652	-1.3052e-09	0.001965	3.2552e-07	-3.2508e-07	-0.0018994	-1.178e-09	0.0018998	3.2518e-07	-3.2442e-07	-0.0018222	-1.1541e-09	0.001823	3.249e-07	-3.2432e-07	-0.0017302	-1.1273e-09	0.0017308	3.247e-07	-3.2418e-07	-0.0016164	-1.1529e-09	0.0016164	3.2448e-07	-3.2396e-07	-0.0014744	-1.1425e-09	0.0014736	3.2396e-07	-3.2424e-07	-0.0012968	-1.1988e-09	0.0012966	3.248e-07	-3.2484e-07	-0.00107222	-1.1863e-09	0.00107294	3.238e-07	-3.2414e-07	-0.00079234	-1.2581e-09	0.0007924	3.2358e-07	-3.2388e-07	-0.00044596	-1.2447e-09	0.000446	3.2316e-07	-3.2326e-07	-2.0516e-05	-1.2159e-09	2.0722e-05	3.2376e-07	-3.2476e-07
0.48	-0.0021748	-1.3202e-09	0.0021746	3.2558e-07	-3.2514e-07	-0.0021008	-1.2044e-09	0.002101	3.2446e-07	-3.2388e-07	-0.002014	-1.1799e-09	0.0020152	3.2478e-07	-3.2436e-07	-0.0019104	-1.1594e-09	0.0019108	3.2464e-07	-3.2414e-07	-0.0017816	-1.1888e-09	0.001782	3.239e-07	-3.2402e-07	-0.0016234	-1.1637e-09	0.001622	3.2342e-07	-3.2352e-07	-0.0014224	-1.226e-09	0.0014224	3.2476e-07	-3.2496e-07	-0.001174	-1.2048e-09	0.0011742	3.2372e-07	-3.2394e-07	-0.00086564	-1.2819e-09	0.00086584	3.2356e-07	-3.2386e-07	-0.00048478	-1.2548e-09	0.00048524	3.2322e-07	-3.2408e-07	-2.2196e-05	-1.2364e-09	2.2184e-05	3.24e-07	-3.2494e-07
0.475	-0.002402	-1.3527e-09	0.0024036	3.2564e-07	-3.2506e-07	-0.0023202	-1.2235e-09	0.00232	3.2514e-07	-3.2454e-07	-0.0022224	-1.1979e-09	0.0022238	3.241e-07	-3.2442e-07	-0.0021052	-1.2055e-09	0.0021058	3.2466e-07	-3.2422e-07	-0.0019604	-1.2247e-09	0.0019616	3.244e-07	-3.2418e-07	-0.0017822	-1.1973e-09	0.0017816	3.2408e-07	-3.2422e-07	-0.0015592	-1.2365e-09	0.0015592	3.246e-07	-3.2504e-07	-0.0012822	-1.2831e-09	0.0012834	3.2376e-07	-3.2392e-07	-0.00094122	-1.3099e-09	0.0009415	3.2352e-07	-3.239e-07	-0.000525	-1.2887e-09	0.0005264	3.2332e-07	-3.2392e-07	-2.4202e-05	-1.2758e-09	2.3966e-05	3.24e-07	-3.2482e-07
0.47	-0.0026438	-1.373e-09	0.0026424	3.2562e-07	-3.2508e-07	-0.0025506	-1.2452e-09	0.0025506	3.251e-07	-3.2476e-07	-0.0024418	-1.215e-09	0.0024414	3.2476e-07	-3.2378e-07	-0.0023082	-1.2465e-09	0.0023094	3.24e-07	-3.2412e-07	-0.0021464	-1.2525e-09	0.0021472	3.2434e-07	-3.2414e-07	-0.0019468	-1.2269e-09	0.0019476	3.2416e-07	-3.241e-07	-0.0016994	-1.2523e-09	0.0016988	3.2462e-07	-3.2506e-07	-0.0013938	-1.3026e-09	0.0013944	3.2368e-07	-3.2402e-07	-0.00101884	-1.3281e-09	0.00101976	3.2338e-07	-3.24e-07	-0.00056734	-1.3193e-09	0.00056698	3.2344e-07	-3.2394e-07	-2.5812e-05	-1.3061e-09	2.5920000000000003e-05	3.2402e-07	-3.2476e-07
0.465	-0.0029016	-1.4057e-09	0.0029026	3.2566e-07	-3.2494e-07	-0.0027982	-1.2606e-09	0.0027988	3.2502e-07	-3.2472e-07	-0.0026752	-1.2272e-09	0.0026754	3.248e-07	-3.2464e-07	-0.002527	-1.281e-09	0.002528	3.2464e-07	-3.242e-07	-0.0023466	-1.2709e-09	0.0023464	3.2424e-07	-3.2428e-07	-0.0021228	-1.2786e-09	0.0021234	3.2422e-07	-3.2394e-07	-0.0018478	-1.2751e-09	0.0018486	3.248e-07	-3.2502e-07	-0.0015108	-1.3249e-09	0.0015102	3.2354e-07	-3.2406e-07	-0.00110136	-1.3492e-09	0.00110148	3.234e-07	-3.2406e-07	-0.00060974	-1.3613e-09	0.00061062	3.234e-07	-3.235e-07	-2.7666e-05	-1.3492e-09	2.7776e-05	3.2418e-07	-3.2474e-07
0.46	-0.0031714	-1.4394e-09	0.0031712	3.2576e-07	-3.249e-07	-0.0030566	-1.2769e-09	0.0030568	3.2522e-07	-3.2474e-07	-0.0029188	-1.2522e-09	0.0029184	3.2482e-07	-3.2464e-07	-0.002753	-1.3018e-09	0.002753	3.245e-07	-3.2424e-07	-0.0025514	-1.2905e-09	0.00255	3.242e-07	-3.2428e-07	-0.0023046	-1.3006e-09	0.002303	3.2424e-07	-3.2386e-07	-0.0019988	-1.3096e-09	0.0019984	3.248e-07	-3.2494e-07	-0.0016292	-1.3436e-09	0.0016302	3.2364e-07	-3.241e-07	-0.0011846	-1.3848e-09	0.0011844	3.2362e-07	-3.2376e-07	-0.00065368	-1.3998e-09	0.00065302	3.2344e-07	-3.2376e-07	-2.975e-05	-1.3897999999999999e-09	2.9676e-05	3.2406e-07	-3.2458e-07
0.455	-0.0034598	-1.4771e-09	0.0034602	3.253e-07	-3.2478e-07	-0.0033324	-1.3026e-09	0.0033298	3.2514e-07	-3.247e-07	-0.0031778	-1.2842e-09	0.0031764	3.248e-07	-3.2458e-07	-0.0029944	-1.3216e-09	0.0029924	3.2452e-07	-3.2426e-07	-0.0027676	-1.3081e-09	0.0027676	3.2418e-07	-3.2424e-07	-0.0024924	-1.3453e-09	0.0024916	3.241e-07	-3.2398e-07	-0.0021572	-1.345e-09	0.002158	3.2488e-07	-3.2496e-07	-0.0017546	-1.3747e-09	0.0017534	3.2368e-07	-3.2412e-07	-0.0012688	-1.417e-09	0.0012694	3.2364e-07	-3.238e-07	-0.00069834	-1.4636e-09	0.00069848	3.2344e-07	-3.2382e-07	-3.1334e-05	-1.4549e-09	3.1534e-05	3.2408e-07	-3.2456e-07
0.45	-0.0037586	-1.5163e-09	0.003759	3.2564e-07	-3.2482e-07	-0.003615	-1.332e-09	0.0036152	3.2518e-07	-3.2466e-07	-0.0034428	-1.3165e-09	0.0034444	3.2498e-07	-3.2442e-07	-0.0032392	-1.3451e-09	0.003238	3.2446e-07	-3.2432e-07	-0.0029892	-1.3297e-09	0.0029886	3.2424e-07	-3.2436e-07	-0.0026846	-1.3854e-09	0.0026856	3.2414e-07	-3.2392e-07	-0.0023182	-1.3815e-09	0.002319	3.2496e-07	-3.2472e-07	-0.0018774	-1.4166e-09	0.0018762	3.2376e-07	-3.2408e-07	-0.001354	-1.4595e-09	0.0013538	3.2362e-07	-3.238e-07	-0.0007412	-1.4999e-09	0.00074308	3.2344e-07	-3.2374e-07	-3.3684e-05	-1.5033e-09	3.3654e-05	3.2406e-07	-3.2458e-07
0.445	-0.0040758	-1.5474e-09	0.0040758	3.2566e-07	-3.249e-07	-0.0039156	-1.3659e-09	0.0039152	3.2528e-07	-3.2454e-07	-0.0037256	-1.3546e-09	0.0037268	3.2502e-07	-3.2442e-07	-0.003497	-1.3614e-09	0.0034964	3.245e-07	-3.2444e-07	-0.0032204	-1.3662e-09	0.0032204	3.2432e-07	-3.243e-07	-0.002885	-1.4233e-09	0.002885	3.241e-07	-3.24e-07	-0.0024834	-1.4236e-09	0.0024846	3.2486e-07	-3.2478e-07	-0.0020062	-1.4289e-09	0.0020048	3.237e-07	-3.2346e-07	-0.0014422	-1.5008e-09	0.001442	3.2358e-07	-3.2376e-07	-0.0007863	-1.5289e-09	0.00078492	3.233e-07	-3.238e-07	-3.5232000000000004e-05	-1.5268e-09	3.515e-05	3.2404e-07	-3.2466e-07
0.44	-0.0043994	-1.579e-09	0.0043998	3.2548e-07	-3.2492e-07	-0.0042238	-1.4031e-09	0.0042216	3.2524e-07	-3.2448e-07	-0.0040102	-1.3908e-09	0.0040118	3.249e-07	-3.243e-07	-0.0037568	-1.3818e-09	0.003757	3.2456e-07	-3.2442e-07	-0.0034522	-1.3963e-09	0.0034534	3.244e-07	-3.2424e-07	-0.0030862	-1.4564e-09	0.0030874	3.2404e-07	-3.2406e-07	-0.002649	-1.4664e-09	0.0026484	3.2492e-07	-3.2484e-07	-0.0021312	-1.4713e-09	0.002131	3.2382e-07	-3.2398e-07	-0.0015268	-1.5302e-09	0.0015276	3.2346e-07	-3.2386e-07	-0.00083008	-1.562e-09	0.00082918	3.2332e-07	-3.2384e-07	-3.7344e-05	-1.567e-09	3.7266e-05	3.2402e-07	-3.247e-07
0.435	-0.004741	-1.6009e-09	0.0047432	3.2552e-07	-3.2494e-07	-0.0045448	-1.4447e-09	0.0045428	3.2522e-07	-3.2448e-07	-0.004311	-1.4371e-09	0.0043096	3.2496e-07	-3.2428e-07	-0.0040292	-1.4176e-09	0.0040306	3.2456e-07	-3.2436e-07	-0.003695	-1.4376e-09	0.003694	3.2444e-07	-3.2418e-07	-0.0032926	-1.4977e-09	0.0032934	3.2406e-07	-3.2406e-07	-0.0028184	-1.5105e-09	0.002818	3.2482e-07	-3.2482e-07	-0.00226	-1.5114e-09	0.0022622	3.2306e-07	-3.2312e-07	-0.0016138	-1.5557e-09	0.0016158	3.2328e-07	-3.24e-07	-0.00087524	-1.5893e-09	0.00087458	3.2328e-07	-3.239e-07	-3.91e-05	-1.5952e-09	3.9142e-05	3.2396e-07	-3.2468e-07
0.43	-0.0050876	-1.6199e-09	0.0050874	3.2544e-07	-3.2512e-07	-0.0048692	-1.4902e-09	0.0048706	3.2516e-07	-3.2442e-07	-0.0046114	-1.4756e-09	0.004611	3.2482e-07	-3.2428e-07	-0.004303	-1.4485e-09	0.0043038	3.247e-07	-3.2434e-07	-0.0039344	-1.4778e-09	0.0039364	3.245e-07	-3.2402e-07	-0.0034988	-1.5315e-09	0.0034986	3.2402e-07	-3.241e-07	-0.0029862	-1.5505e-09	0.0029864	3.2514e-07	-3.2522e-07	-0.0023892	-1.5565e-09	0.0023894	3.2382e-07	-3.2386e-07	-0.0017002	-1.5815e-09	0.0017016	3.2338e-07	-3.2406e-07	-0.00091856	-1.6367e-09	0.00091802	3.2258e-07	-3.2396e-07	-4.0634e-05	-1.6216e-09	4.0552e-05	3.2392e-07	-3.2488e-07
0.425	-0.0054494	-1.6399e-09	0.005449	3.2542e-07	-3.2516e-07	-0.0052096	-1.5278e-09	0.0052084	3.2514e-07	-3.2448e-07	-0.0049236	-1.5117e-09	0.0049234	3.248e-07	-3.2432e-07	-0.0045866	-1.4893e-09	0.004584	3.2472e-07	-3.2428e-07	-0.0041824	-1.5235e-09	0.0041828	3.2438e-07	-3.2412e-07	-0.0037084	-1.5589e-09	0.0037074	3.239e-07	-3.2412e-07	-0.0031564	-1.5859e-09	0.0031566	3.2382e-07	-3.233e-07	-0.0025166	-1.6058e-09	0.0025168	3.2378e-07	-3.238e-07	-0.0017866	-1.6023e-09	0.0017866	3.2344e-07	-3.2404e-07	-0.00095858	-1.6616e-09	0.00096086	3.2318e-07	-3.2402e-07	-4.2234e-05	-1.6469e-09	4.2694e-05	3.2382e-07	-3.249e-07
0.42	-0.005813	-1.6548e-09	0.0058142	3.2558e-07	-3.252e-07	-0.0055486	-1.56e-09	0.005549	3.2506e-07	-3.2448e-07	-0.005235	-1.5459e-09	0.0052356	3.247e-07	-3.2438e-07	-0.0048648	-1.5282e-09	0.0048646	3.247e-07	-3.2424e-07	-0.0044288	-1.5675e-09	0.0044282	3.2424e-07	-3.2408e-07	-0.0039172	-1.5775e-09	0.0039176	3.2328e-07	-3.2368e-07	-0.0033226	-1.6102e-09	0.0033238	3.2378e-07	-3.2412e-07	-0.002642	-1.6442e-09	0.0026428	3.2374e-07	-3.2392e-07	-0.00187	-1.6373e-09	0.00187	3.2334e-07	-3.2408e-07	-0.00100328	-1.6691e-09	0.00100268	3.2326e-07	-3.2408e-07	-4.4232e-05	-1.6727e-09	4.4366e-05	3.2396e-07	-3.2496e-07
0.415	-0.006191	-1.6885e-09	0.006191	3.255e-07	-3.2512e-07	-0.0058972	-1.5858e-09	0.0058982	3.2438e-07	-3.2394e-07	-0.0055548	-1.5701e-09	0.0055562	3.2476e-07	-3.2448e-07	-0.0051526	-1.5745e-09	0.005152	3.2468e-07	-3.2422e-07	-0.0046772	-1.6092e-09	0.004678	3.2434e-07	-3.2412e-07	-0.004126	-1.6079e-09	0.0041244	3.2406e-07	-3.2434e-07	-0.0034918	-1.6395e-09	0.0034922	3.2372e-07	-3.2412e-07	-0.002768	-1.6885e-09	0.0027674	3.2374e-07	-3.2398e-07	-0.0019516	-1.6761e-09	0.001954	3.2352e-07	-3.24e-07	-0.0010443	-1.7088e-09	0.00104418	3.2328e-07	-3.2388e-07	-4.5826000000000005e-05	-1.7144e-09	4.6038e-05	3.24e-07	-3.2476e-07
0.41	-0.0065688	-1.7183e-09	0.006568	3.2558e-07	-3.247e-07	-0.0062472	-1.6303e-09	0.0062488	3.2504e-07	-3.2476e-07	-0.0058726	-1.5944e-09	0.0058736	3.2468e-07	-3.2452e-07	-0.005434	-1.621e-09	0.0054356	3.2464e-07	-3.2418e-07	-0.0049236	-1.6467e-09	0.0049224	3.2426e-07	-3.2416e-07	-0.0043306	-1.628e-09	0.0043296	3.241e-07	-3.2422e-07	-0.0036552	-1.6587e-09	0.0036536	3.2382e-07	-3.2422e-07	-0.0028888	-1.7173e-09	0.0028882	3.2364e-07	-3.2398e-07	-0.0020316	-1.714e-09	0.0020326	3.236e-07	-3.2394e-07	-0.0010848	-1.7447e-09	0.00108402	3.2336e-07	-3.2398e-07	-4.7198e-05	-1.7546e-09	4.713e-05	3.2404e-07	-3.2476e-07
0.405	-0.0069562	-1.7551e-09	0.0069522	3.2566e-07	-3.2498e-07	-0.0066058	-1.6569e-09	0.0066028	3.2494e-07	-3.2476e-07	-0.0061964	-1.6141e-09	0.0061948	3.248e-07	-3.2456e-07	-0.0057196	-1.6633e-09	0.0057202	3.2452e-07	-3.2418e-07	-0.0051688	-1.6716e-09	0.0051676	3.2422e-07	-3.242e-07	-0.0045372	-1.6653e-09	0.0045362	3.2416e-07	-3.2414e-07	-0.0038168	-1.691e-09	0.0038198	3.2386e-07	-3.2424e-07	-0.0030106	-1.7472e-09	0.0030102	3.2362e-07	-3.241e-07	-0.0021104	-1.7618e-09	0.002111	3.2368e-07	-3.2384e-07	-0.00112376	-1.7923e-09	0.0011222	3.2342e-07	-3.2384e-07	-4.8562e-05	-1.8014e-09	4.8700000000000005e-05	3.2418e-07	-3.2472e-07
0.4	-0.007338	-1.7955e-09	0.0073392	3.256e-07	-3.2494e-07	-0.0069582	-1.6606e-09	0.0069578	3.2498e-07	-3.2478e-07	-0.0065134	-1.6417e-09	0.0065126	3.2478e-07	-3.2458e-07	-0.0060006	-1.7016e-09	0.0060004	3.245e-07	-3.2422e-07	-0.0054086	-1.6995e-09	0.0054084	3.241e-07	-3.2426e-07	-0.0047382	-1.7103e-09	0.004736	3.2414e-07	-3.24e-07	-0.0039748	-1.7294e-09	0.0039758	3.2398e-07	-3.2412e-07	-0.003126	-1.7754e-09	0.0031254	3.235e-07	-3.2412e-07	-0.0021872	-1.8055e-09	0.0021862	3.2362e-07	-3.238e-07	-0.0011624	-1.8214e-09	0.0011606	3.2334e-07	-3.2372e-07	-5.0328e-05	-1.8551e-09	5.0382e-05	3.2402e-07	-3.2466e-07
0.395	-0.007732	-1.8398e-09	0.0077314	3.256e-07	-3.2484e-07	-0.0073164	-1.6947e-09	0.0073146	3.2506e-07	-3.247e-07	-0.0068362	-1.7031e-09	0.0068378	3.2472e-07	-3.2444e-07	-0.0062816	-1.7286e-09	0.0062822	3.2446e-07	-3.2442e-07	-0.0056492	-1.7246e-09	0.0056518	3.2412e-07	-3.2428e-07	-0.0049332	-1.7574e-09	0.0049344	3.2404e-07	-3.2392e-07	-0.0041322	-1.7726e-09	0.0041332	3.2396e-07	-3.2412e-07	-0.0032394	-1.7994e-09	0.0032416	3.2336e-07	-3.2408e-07	-0.002263	-1.8577e-09	0.0022628	3.2364e-07	-3.2388e-07	-0.001199	-1.8961e-09	0.0011976	3.2328e-07	-3.2374e-07	-5.1634e-05	-1.9185e-09	5.1716e-05	3.241e-07	-3.2456e-07
0.39	-0.008118	-1.8857e-09	0.0081214	3.2554e-07	-3.2492e-07	-0.0076658	-1.7268e-09	0.007666	3.2512e-07	-3.2468e-07	-0.0071502	-1.7189e-09	0.0071488	3.248e-07	-3.2446e-07	-0.0065542	-1.7575e-09	0.0065562	3.2438e-07	-3.2446e-07	-0.0058826	-1.7536e-09	0.0058826	3.2426e-07	-3.2434e-07	-0.0051268	-1.8059e-09	0.0051254	3.2414e-07	-3.2398e-07	-0.0042828	-1.8178e-09	0.0042816	3.2406e-07	-3.2392e-07	-0.0033502	-1.8394e-09	0.0033522	3.2362e-07	-3.241e-07	-0.0023328	-1.9065e-09	0.002334	3.2358e-07	-3.2378e-07	-0.0012322	-1.9543e-09	0.0012338	3.2322e-07	-3.2382e-07	-5.344e-05	-1.9538e-09	5.3624e-05	3.2406e-07	-3.2458e-07
0.385	-0.0085082	-1.9267e-09	0.008507	3.2558e-07	-3.249e-07	-0.0080216	-1.7674e-09	0.0080206	3.2518e-07	-3.246e-07	-0.0074626	-1.7627e-09	0.007465	3.2488e-07	-3.2436e-07	-0.006831	-1.7817e-09	0.0068296	3.2414e-07	-3.238e-07	-0.0061156	-1.7941e-09	0.0061154	3.2434e-07	-3.2434e-07	-0.005314	-1.8561e-09	0.005316	3.2422e-07	-3.2398e-07	-0.0044322	-1.8673e-09	0.0044312	3.2396e-07	-3.238e-07	-0.003459	-1.8788e-09	0.0034574	3.2364e-07	-3.24e-07	-0.002405	-1.9543e-09	0.0024046	3.2284e-07	-3.2366e-07	-0.0012674	-1.9703e-09	0.0012672	3.2322e-07	-3.2384e-07	-5.4746e-05	-2.0037e-09	5.4724e-05	3.2404e-07	-3.2454e-07
0.38	-0.0088894	-1.9838e-09	0.008889	3.2546e-07	-3.2494e-07	-0.0083674	-1.8098e-09	0.0083656	3.2518e-07	-3.2462e-07	-0.0077682	-1.8078e-09	0.007769	3.2472e-07	-3.2432e-07	-0.0070964	-1.8268e-09	0.0070956	3.244e-07	-3.2442e-07	-0.0063376	-1.8311e-09	0.00634	3.2438e-07	-3.2428e-07	-0.0054952	-1.9006e-09	0.0054978	3.2408e-07	-3.24e-07	-0.0045738	-1.9177e-09	0.0045738	3.2394e-07	-3.2392e-07	-0.0035624	-1.9248e-09	0.0035644	3.2382e-07	-3.2398e-07	-0.0024724	-1.9965e-09	0.0024718	3.235e-07	-3.2392e-07	-0.001301	-2.0004e-09	0.0013	3.225e-07	-3.239e-07	-5.6174e-05	-2.0508e-09	5.623e-05	3.2402e-07	-3.2464e-07
0.375	-0.009274	-2.014e-09	0.0092758	3.2476e-07	-3.2432e-07	-0.0087116	-1.8602e-09	0.0087094	3.2518e-07	-3.2454e-07	-0.0080746	-1.8779e-09	0.0080746	3.2474e-07	-3.2434e-07	-0.0073604	-1.8697e-09	0.0073582	3.2442e-07	-3.245e-07	-0.006561	-1.8798e-09	0.0065604	3.244e-07	-3.242e-07	-0.005678	-1.9394e-09	0.0056764	3.24e-07	-3.2406e-07	-0.0047118	-1.965e-09	0.0047116	3.2398e-07	-3.2406e-07	-0.0036666	-1.9744e-09	0.0036644	3.2376e-07	-3.2386e-07	-0.002538	-2.0275e-09	0.0025368	3.234e-07	-3.2394e-07	-0.0013338	-2.0289e-09	0.0013334	3.2248e-07	-3.2326e-07	-5.7358e-05	-2.0862e-09	5.7332e-05	3.2396e-07	-3.2466e-07
0.37	-0.009647	-2.0208e-09	0.009645	3.2546e-07	-3.2516e-07	-0.0090452	-1.9144e-09	0.0090456	3.251e-07	-3.2462e-07	-0.0083688	-1.9243e-09	0.0083682	3.2476e-07	-3.2426e-07	-0.0076114	-1.9086e-09	0.0076102	3.2446e-07	-3.2438e-07	-0.0067732	-1.9242e-09	0.0067738	3.244e-07	-3.2416e-07	-0.0058492	-1.9675e-09	0.0058492	3.2388e-07	-3.2418e-07	-0.004845	-2.0137e-09	0.0048474	3.2384e-07	-3.2404e-07	-0.0037632	-2.0248e-09	0.003761	3.2384e-07	-3.2392e-07	-0.0026004	-2.0599e-09	0.0026012	3.2346e-07	-3.24e-07	-0.0013646	-2.0627e-09	0.0013628	3.2314e-07	-3.2404e-07	-5.8916e-05	-2.1188e-09	5.8702e-05	3.2388e-07	-3.248e-07
0.365	-0.0100168	-2.0466e-09	0.0100176	3.2536e-07	-3.251e-07	-0.0093746	-1.9579e-09	0.009378	3.2516e-07	-3.2464e-07	-0.0086588	-1.9504e-09	0.0086588	3.248e-07	-3.2434e-07	-0.007861	-1.9532e-09	0.007861	3.246e-07	-3.2428e-07	-0.0069802	-1.978e-09	0.0069802	3.2442e-07	-3.2424e-07	-0.006018	-2.002e-09	0.0060164	3.239e-07	-3.242e-07	-0.0049776	-2.0537e-09	0.0049756	3.239e-07	-3.24e-07	-0.0038562	-2.0796e-09	0.0038548	3.2374e-07	-3.2378e-07	-0.0026608	-2.0904e-09	0.0026594	3.233e-07	-3.24e-07	-0.001395	-2.1133e-09	0.0013912	3.2322e-07	-3.2344e-07	-6.0248e-05	-2.1522e-09	6.0320000000000005e-05	3.2384e-07	-3.2488e-07
0.36	-0.0103798	-2.07e-09	0.0103784	3.2542e-07	-3.2522e-07	-0.0096958	-1.9998e-09	0.009697	3.2508e-07	-3.2464e-07	-0.0089374	-1.9917e-09	0.0089376	3.24e-07	-3.2428e-07	-0.0080994	-1.9991e-09	0.0080982	3.2458e-07	-3.2418e-07	-0.007181	-2.0304e-09	0.0071794	3.2434e-07	-3.241e-07	-0.0061782	-2.0266e-09	0.0061782	3.2386e-07	-3.242e-07	-0.0050984	-2.0849e-09	0.005101	3.238e-07	-3.2412e-07	-0.0039444	-2.1299e-09	0.0039442	3.2374e-07	-3.2382e-07	-0.0027176	-2.1345e-09	0.0027174	3.234e-07	-3.2406e-07	-0.0014214	-2.1564e-09	0.0014212	3.2334e-07	-3.2386e-07	-6.1124e-05	-2.181e-09	6.1102e-05	3.239e-07	-3.249e-07
0.355	-0.010738	-2.1095e-09	0.0107384	3.2548e-07	-3.2514e-07	-0.0100142	-2.0339e-09	0.010013	3.25e-07	-3.2466e-07	-0.009214	-2.023e-09	0.0092148	3.2458e-07	-3.2446e-07	-0.0083348	-2.0483e-09	0.0083344	3.2458e-07	-3.2418e-07	-0.007375	-2.0761e-09	0.0073744	3.2434e-07	-3.2422e-07	-0.0063348	-2.0652e-09	0.0063368	3.2398e-07	-3.2424e-07	-0.0052204	-2.1214e-09	0.0052182	3.2364e-07	-3.2414e-07	-0.0040332	-2.1834e-09	0.0040308	3.2366e-07	-3.2394e-07	-0.0027728	-2.1838e-09	0.0027734	3.2334e-07	-3.2392e-07	-0.0014482	-2.2073e-09	0.0014458	3.2336e-07	-3.238e-07	-6.1966e-05	-2.2292e-09	6.1942e-05	3.2396e-07	-3.2488e-07
0.35	-0.0110812	-2.1492e-09	0.0110804	3.2486e-07	-3.2446e-07	-0.0103204	-2.063e-09	0.0103188	3.2418e-07	-3.2474e-07	-0.0094762	-2.057e-09	0.0094758	3.246e-07	-3.2458e-07	-0.0085576	-2.1002e-09	0.0085566	3.2458e-07	-3.2428e-07	-0.0075608	-2.1225e-09	0.007563	3.2426e-07	-3.2434e-07	-0.0064838	-2.1102e-09	0.0064862	3.24e-07	-3.241e-07	-0.0053336	-2.1493e-09	0.0053374	3.2372e-07	-3.2422e-07	-0.0041154	-2.2274e-09	0.004113	3.2362e-07	-3.24e-07	-0.0028276	-2.226e-09	0.0028262	3.2346e-07	-3.2394e-07	-0.0014742	-2.2683e-09	0.0014744	3.2334e-07	-3.2374e-07	-6.3194e-05	-2.279e-09	6.34e-05	3.2404e-07	-3.2482e-07
0.345	-0.0114238	-2.1914e-09	0.0114226	3.256e-07	-3.2496e-07	-0.01062	-2.0944e-09	0.0106182	3.2494e-07	-3.2482e-07	-0.0097354	-2.0828e-09	0.0097364	3.2456e-07	-3.245e-07	-0.0087762	-2.1524e-09	0.008778	3.2452e-07	-3.2372e-07	-0.007743	-2.1557e-09	0.0077418	3.2426e-07	-3.2418e-07	-0.0066308	-2.1545e-09	0.0066298	3.2414e-07	-3.2414e-07	-0.005448	-2.1877e-09	0.0054462	3.2382e-07	-3.2424e-07	-0.004196	-2.2612e-09	0.004194	3.2348e-07	-3.2402e-07	-0.0028772	-2.2785e-09	0.002877	3.2356e-07	-3.2388e-07	-0.001497	-2.3151e-09	0.0015	3.2334e-07	-3.2356e-07	-6.394e-05	-2.3262e-09	6.408e-05	3.2416e-07	-3.2476e-07
0.34	-0.011738	-2.2284e-09	0.01174	3.2528e-07	-3.2514e-07	-0.0109054	-2.1213e-09	0.0109056	3.2494e-07	-3.2476e-07	-0.0099826	-2.1151e-09	0.00998	3.2458e-07	-3.2456e-07	-0.0089872	-2.1836e-09	0.0089888	3.244e-07	-3.2428e-07	-0.007914	-2.1888e-09	0.0079142	3.2356e-07	-3.2428e-07	-0.006769	-2.2059e-09	0.0067676	3.2408e-07	-3.2398e-07	-0.005555	-2.2336e-09	0.0055526	3.238e-07	-3.2416e-07	-0.0042718	-2.2961e-09	0.0042706	3.2358e-07	-3.2416e-07	-0.0029264	-2.3195e-09	0.0029264	3.2352e-07	-3.2374e-07	-0.0015224	-2.3707e-09	0.0015238	3.234e-07	-3.2372e-07	-6.516e-05	-2.3811e-09	6.5232e-05	3.2448e-07	-3.249e-07
0.335	-0.01206	-2.2609e-09	0.01206	3.2542e-07	-3.2516e-07	-0.0111884	-2.1622e-09	0.0111864	3.2502e-07	-3.2488e-07	-0.010227	-2.164e-09	0.0102254	3.2468e-07	-3.2464e-07	-0.0091888	-2.2197e-09	0.0091904	3.244e-07	-3.2438e-07	-0.008082	-2.2213e-09	0.0080834	3.2416e-07	-3.2428e-07	-0.006905	-2.2589e-09	0.006902	3.2402e-07	-3.2392e-07	-0.0056558	-2.279e-09	0.0056564	3.2402e-07	-3.2418e-07	-0.004347	-2.3265e-09	0.0043442	3.2356e-07	-3.2414e-07	-0.002974	-2.378e-09	0.0029736	3.2356e-07	-3.2316e-07	-0.001545	-2.4292e-09	0.0015472	3.2334e-07	-3.237e-07	-6.5874e-05	-2.4384e-09	6.6196e-05	3.2404e-07	-3.2458e-07
0.33	-0.012364	-2.3074e-09	0.012368	3.2546e-07	-3.251e-07	-0.0114542	-2.2065e-09	0.0114524	3.2502e-07	-3.247e-07	-0.0104562	-2.2034e-09	0.010458	3.2474e-07	-3.2452e-07	-0.0093846	-2.2556e-09	0.0093846	3.2372e-07	-3.2376e-07	-0.0082414	-2.2527e-09	0.0082418	3.2432e-07	-3.2458e-07	-0.0070302	-2.3149e-09	0.0070298	3.2414e-07	-3.2394e-07	-0.0057528	-2.3328e-09	0.005753	3.2404e-07	-3.2398e-07	-0.0044134	-2.3742e-09	0.0044146	3.2366e-07	-3.2418e-07	-0.0030184	-2.435e-09	0.0030188	3.2352e-07	-3.238e-07	-0.0015678	-2.4819e-09	0.0015658	3.2316e-07	-3.2378e-07	-6.707e-05	-2.4974e-09	6.6878e-05	3.2406e-07	-3.2458e-07
0.325	-0.01267	-2.3506e-09	0.012674	3.2552e-07	-3.2508e-07	-0.011708	-2.272e-09	0.011708	3.2428e-07	-3.2484e-07	-0.0106808	-2.2564e-09	0.010681	3.2484e-07	-3.245e-07	-0.009573	-2.2857e-09	0.0095724	3.2434e-07	-3.2448e-07	-0.0083992	-2.3134e-09	0.0083978	3.2428e-07	-3.2436e-07	-0.0071542	-2.3699e-09	0.0071516	3.2404e-07	-3.24e-07	-0.0058496	-2.3863e-09	0.0058466	3.2402e-07	-3.24e-07	-0.0044794	-2.4108e-09	0.0044846	3.2366e-07	-3.2406e-07	-0.0030616	-2.4932e-09	0.003064	3.235e-07	-3.2372e-07	-0.0015904	-2.5213e-09	0.0015898	3.2328e-07	-3.2386e-07	-6.7966e-05	-2.5609e-09	6.7896e-05	3.241e-07	-3.2464e-07
0.32	-0.012952	-2.4013e-09	0.012958	3.2554e-07	-3.2494e-07	-0.011958	-2.3016e-09	0.011958	3.2504e-07	-3.2482e-07	-0.0108954	-2.3095e-09	0.0108928	3.2476e-07	-3.2434e-07	-0.0097516	-2.3172e-09	0.0097524	3.2436e-07	-3.2444e-07	-0.0085436	-2.3497e-09	0.0085438	3.2434e-07	-3.2442e-07	-0.0072686	-2.4231e-09	0.007273	3.2402e-07	-3.2396e-07	-0.0059394	-2.4469e-09	0.0059366	3.2392e-07	-3.2398e-07	-0.0045466	-2.4651e-09	0.0045476	3.2374e-07	-3.24e-07	-0.0031052	-2.5445e-09	0.0031052	3.234e-07	-3.232e-07	-0.00161	-2.5703e-09	0.0016066	3.2318e-07	-3.2398e-07	-6.8576e-05	-2.6189e-09	6.8336e-05	3.2406e-07	-3.2458e-07
0.315	-0.013238	-2.4578e-09	0.013238	3.25e-07	-3.2494e-07	-0.0122	-2.3346e-09	0.0122	3.2488e-07	-3.2482e-07	-0.011103	-2.3651e-09	0.0111026	3.248e-07	-3.244e-07	-0.0099256	-2.365e-09	0.0099262	3.244e-07	-3.245e-07	-0.0086878	-2.4012e-09	0.0086866	3.2438e-07	-3.242e-07	-0.0073854	-2.4709e-09	0.0073834	3.24e-07	-3.2398e-07	-0.0060242	-2.5143e-09	0.0060232	3.24e-07	-3.2394e-07	-0.0046082	-2.5208e-09	0.0046096	3.238e-07	-3.2386e-07	-0.0031448	-2.5859e-09	0.0031424	3.2338e-07	-3.2382e-07	-0.0016278	-2.6002e-09	0.0016296	3.2308e-07	-3.2396e-07	-6.8668e-05	-2.6753e-09	6.8694e-05	3.24e-07	-3.2466e-07
0.31	-0.013506	-2.5115e-09	0.013506	3.2552e-07	-3.249e-07	-0.012432	-2.3794e-09	0.012434	3.2504e-07	-3.2476e-07	-0.0112972	-2.4216e-09	0.0112986	3.2474e-07	-3.2436e-07	-0.01009	-2.4132e-09	0.0100914	3.2386e-07	-3.2376e-07	-0.008822	-2.4539e-09	0.0088232	3.2428e-07	-3.2408e-07	-0.0074904	-2.5087e-09	0.007493	3.2402e-07	-3.2418e-07	-0.0061074	-2.5613e-09	0.0061064	3.2382e-07	-3.2404e-07	-0.0046668	-2.5781e-09	0.0046684	3.2372e-07	-3.2384e-07	-0.0031806	-2.6291e-09	0.0031822	3.2332e-07	-3.2392e-07	-0.0016428	-2.6386e-09	0.001646	3.2326e-07	-3.2398e-07	-6.970400000000001e-05	-2.7172e-09	6.9742e-05	3.2408e-07	-3.2484e-07
0.305	-0.013762	-2.5718e-09	0.013768	3.2548e-07	-3.2496e-07	-0.012658	-2.4302e-09	0.01266	3.2504e-07	-3.2476e-07	-0.0114894	-2.4734e-09	0.0114916	3.2472e-07	-3.244e-07	-0.010251	-2.4769e-09	0.0102508	3.2454e-07	-3.2428e-07	-0.0089528	-2.5141e-09	0.0089538	3.2444e-07	-3.234e-07	-0.0075946	-2.5514e-09	0.0075964	3.2324e-07	-3.2416e-07	-0.0061868	-2.6098e-09	0.0061872	3.2382e-07	-3.2336e-07	-0.0047266	-2.6394e-09	0.0047236	3.2374e-07	-3.2396e-07	-0.0032182	-2.6643e-09	0.0032168	3.2328e-07	-3.24e-07	-0.0016636	-2.702e-09	0.0016656	3.2328e-07	-3.2396e-07	-7.0484e-05	-2.7606e-09	7.0304e-05	3.2396e-07	-3.2484e-07
0.3	-0.01401	-2.6166e-09	0.014016	3.254e-07	-3.25e-07	-0.012872	-2.4856e-09	0.012872	3.251e-07	-3.2458e-07	-0.011664	-2.4869e-09	0.011662	3.248e-07	-3.2434e-07	-0.0104048	-2.5188e-09	0.010406	3.246e-07	-3.2428e-07	-0.0090804	-2.572e-09	0.0090782	3.244e-07	-3.2412e-07	-0.0076948	-2.594e-09	0.0076946	3.2386e-07	-3.2418e-07	-0.0062628	-2.6502e-09	0.0062636	3.2372e-07	-3.2338e-07	-0.0047786	-2.7028e-09	0.004778	3.2372e-07	-3.2394e-07	-0.0032518	-2.7051e-09	0.0032518	3.2336e-07	-3.2398e-07	-0.0016786	-2.7569e-09	0.0016782	3.233e-07	-3.2386e-07	-7.0862e-05	-2.8003e-09	7.081000000000001e-05	3.239e-07	-3.2494e-07
0.295	-0.014252	-2.6505e-09	0.014258	3.2536e-07	-3.2508e-07	-0.013076	-2.5445e-09	0.01308	3.251e-07	-3.2466e-07	-0.011838	-2.5412e-09	0.011842	3.2478e-07	-3.243e-07	-0.0105536	-2.5817e-09	0.0105524	3.2462e-07	-3.2428e-07	-0.0092002	-2.6399e-09	0.0091996	3.2428e-07	-3.2424e-07	-0.0077902	-2.6307e-09	0.0077896	3.2392e-07	-3.2432e-07	-0.0063342	-2.6955e-09	0.0063348	3.2372e-07	-3.2412e-07	-0.0048308	-2.7636e-09	0.0048322	3.2364e-07	-3.2386e-07	-0.003286	-2.7655e-09	0.0032858	3.2338e-07	-3.2396e-07	-0.001697	-2.8181e-09	0.0016952	3.234e-07	-3.2378e-07	-7.1996e-05	-2.8472e-09	7.1946e-05	3.2392e-07	-3.248e-07
0.29	-0.014484	-2.685e-09	0.014484	3.2462e-07	-3.2516e-07	-0.013276	-2.6156e-09	0.013276	3.2506e-07	-3.2466e-07	-0.012004	-2.606e-09	0.012006	3.247e-07	-3.2422e-07	-0.0106912	-2.633e-09	0.0106894	3.246e-07	-3.2432e-07	-0.0093126	-2.6952e-09	0.0093142	3.2406e-07	-3.2418e-07	-0.0078844	-2.6839e-09	0.0078818	3.2396e-07	-3.2428e-07	-0.0064076	-2.7346e-09	0.0064048	3.2374e-07	-3.2418e-07	-0.004882	-2.819e-09	0.0048808	3.2358e-07	-3.2404e-07	-0.0033158	-2.8201e-09	0.003313	3.2346e-07	-3.2404e-07	-0.001713	-2.8815e-09	0.001713	3.2328e-07	-3.2376e-07	-7.2514e-05	-2.9112e-09	7.2588e-05	3.24e-07	-3.2484e-07
0.285	-0.014702	-2.7073e-09	0.014708	3.2534e-07	-3.2526e-07	-0.013468	-2.6693e-09	0.01347	3.25e-07	-3.2458e-07	-0.012174	-2.6739e-09	0.01217	3.247e-07	-3.2428e-07	-0.0108242	-2.6952e-09	0.0108258	3.2458e-07	-3.2422e-07	-0.0094252	-2.7311e-09	0.0094258	3.2416e-07	-3.2428e-07	-0.0079694	-2.7368e-09	0.0079716	3.241e-07	-3.2404e-07	-0.006473	-2.7809e-09	0.006473	3.2378e-07	-3.2424e-07	-0.0049282	-2.8563e-09	0.004929	3.2268e-07	-3.2328e-07	-0.0033468	-2.883e-09	0.0033488	3.2356e-07	-3.2386e-07	-0.0017276	-2.9478e-09	0.0017258	3.2332e-07	-3.2304e-07	-7.3052e-05	-2.971e-09	7.2974e-05	3.241e-07	-3.2482e-07
0.28	-0.014914	-2.7559e-09	0.01492	3.247e-07	-3.2452e-07	-0.01365	-2.7082e-09	0.01365	3.2492e-07	-3.2454e-07	-0.012324	-2.7288e-09	0.012326	3.2458e-07	-3.2434e-07	-0.0109552	-2.749e-09	0.0109556	3.2446e-07	-3.2432e-07	-0.0095298	-2.7745e-09	0.0095296	3.2418e-07	-3.2436e-07	-0.008056	-2.7997e-09	0.008053	3.2404e-07	-3.2412e-07	-0.0065348	-2.8387e-09	0.006534	3.238e-07	-3.2414e-07	-0.0049776	-2.9016e-09	0.0049718	3.2354e-07	-3.2416e-07	-0.0033772	-2.9462e-09	0.0033774	3.2346e-07	-3.2368e-07	-0.0017398	-3.0176e-09	0.0017396	3.2272e-07	-3.234e-07	-7.3702e-05	-3.036e-09	7.3728e-05	3.2416e-07	-3.247e-07
0.275	-0.015118	-2.8127e-09	0.01512	3.2546e-07	-3.2512e-07	-0.01382	-2.7509e-09	0.013824	3.2488e-07	-3.247e-07	-0.012474	-2.773e-09	0.012476	3.2458e-07	-3.2446e-07	-0.0110806	-2.8075e-09	0.0110782	3.244e-07	-3.2436e-07	-0.0096304	-2.8157e-09	0.0096306	3.241e-07	-3.2434e-07	-0.0081336	-2.8618e-09	0.0081372	3.2406e-07	-3.2396e-07	-0.0065966	-2.8918e-09	0.0065968	3.2392e-07	-3.2404e-07	-0.005019	-2.9483e-09	0.0050208	3.236e-07	-3.235e-07	-0.003405	-3.0134e-09	0.0034062	3.2346e-07	-3.2374e-07	-0.001754	-3.0833e-09	0.001754	3.2332e-07	-3.2376e-07	-7.4842e-05	-3.1048e-09	7.4784e-05	3.2414e-07	-3.2462e-07
0.27	-0.015314	-2.872e-09	0.015314	3.2552e-07	-3.25e-07	-0.01399	-2.7894e-09	0.01399	3.249e-07	-3.2486e-07	-0.012614	-2.8136e-09	0.012614	3.2458e-07	-3.2464e-07	-0.0111996	-2.8507e-09	0.0111982	3.2438e-07	-3.2438e-07	-0.0097274	-2.8566e-09	0.0097278	3.2414e-07	-3.2436e-07	-0.008213	-2.9249e-09	0.0082102	3.2406e-07	-3.2398e-07	-0.0066576	-2.9578e-09	0.0066554	3.2382e-07	-3.24e-07	-0.0050632	-3.0123e-09	0.0050606	3.2358e-07	-3.2414e-07	-0.0034314	-3.0841e-09	0.0034314	3.2286e-07	-3.237e-07	-0.0017684	-3.1497e-09	0.0017706	3.2316e-07	-3.2374e-07	-7.45e-05	-3.1763e-09	7.4672e-05	3.241e-07	-3.2462e-07
0.265	-0.0155	-2.9223e-09	0.01551	3.2552e-07	-3.25e-07	-0.01415	-2.8272e-09	0.014156	3.2426e-07	-3.242e-07	-0.012752	-2.8456e-09	0.01275	3.2454e-07	-3.2452e-07	-0.011313	-2.898e-09	0.0113104	3.244e-07	-3.2444e-07	-0.009822	-2.9148e-09	0.0098216	3.2408e-07	-3.2438e-07	-0.0082856	-2.9933e-09	0.0082874	3.2404e-07	-3.2402e-07	-0.0067132	-3.0212e-09	0.006713	3.2424e-07	-3.2432e-07	-0.005101	-3.0667999999999998e-09	0.005101	3.2366e-07	-3.2398e-07	-0.0034568	-3.1544e-09	0.0034566	3.2342e-07	-3.238e-07	-0.0017808	-3.2023e-09	0.0017806	3.2316e-07	-3.2376e-07	-7.536e-05	-3.2502e-09	7.5746e-05	3.2414e-07	-3.2454e-07
0.26	-0.01568	-2.9912e-09	0.015684	3.2548e-07	-3.2498e-07	-0.014306	-2.8834e-09	0.014308	3.2494e-07	-3.2494e-07	-0.012884	-2.8899e-09	0.012882	3.2462e-07	-3.2458e-07	-0.0114242	-2.9409e-09	0.0114208	3.2424e-07	-3.2442e-07	-0.0099098	-2.9739e-09	0.0099114	3.2364e-07	-3.2368e-07	-0.0083576	-3.0573e-09	0.0083552	3.2408e-07	-3.2402e-07	-0.0067664	-3.0941e-09	0.0067662	3.2392e-07	-3.233e-07	-0.005143	-3.1328e-09	0.0051396	3.2372e-07	-3.2406e-07	-0.0034808	-3.2217e-09	0.0034816	3.2338e-07	-3.2382e-07	-0.0017902	-3.2572e-09	0.001794	3.2322e-07	-3.2388e-07	-7.6428e-05	-3.3244e-09	7.6512e-05	3.241e-07	-3.2464e-07
0.255	-0.015856	-3.0505e-09	0.015854	3.2554e-07	-3.2496e-07	-0.014452	-2.9345e-09	0.014452	3.2502e-07	-3.2472e-07	-0.013008	-2.9506e-09	0.013006	3.2464e-07	-3.2454e-07	-0.011514	-3.0083e-09	0.011518	3.2458e-07	-3.2426e-07	-0.0099984	-3.035e-09	0.0099966	3.244e-07	-3.2362e-07	-0.008425	-3.1225e-09	0.0084236	3.2398e-07	-3.2338e-07	-0.0068166	-3.1697e-09	0.0068168	3.2382e-07	-3.2386e-07	-0.005177	-3.1987e-09	0.0051788	3.2372e-07	-3.2392e-07	-0.0035046	-3.2779e-09	0.0035054	3.2338e-07	-3.2384e-07	-0.0018054	-3.3154e-09	0.0018024	3.2308e-07	-3.24e-07	-7.7054e-05	-3.3987e-09	7.7274e-05	3.2406e-07	-3.247e-07
0.25	-0.016024	-3.1084e-09	0.016018	3.2546e-07	-3.25e-07	-0.014594	-2.9988e-09	0.014596	3.2514e-07	-3.246e-07	-0.013128	-3.0126e-09	0.013132	3.2474e-07	-3.2448e-07	-0.011622	-3.0808e-09	0.011622	3.2452e-07	-3.2418e-07	-0.010078	-3.1018e-09	0.010079	3.244e-07	-3.241e-07	-0.0084894	-3.174e-09	0.0084914	3.2396e-07	-3.2418e-07	-0.0068682	-3.233e-09	0.0068692	3.2382e-07	-3.24e-07	-0.0052146	-3.2682e-09	0.0052132	3.237e-07	-3.2382e-07	-0.00353	-3.3357e-09	0.0035274	3.2328e-07	-3.2392e-07	-0.0018132	-3.3617e-09	0.0018156	3.2316e-07	-3.2392e-07	-7.741e-05	-3.4636e-09	7.761e-05	3.24e-07	-3.2472e-07
0.245	-0.016174	-3.1542e-09	0.01618	3.2534e-07	-3.2502e-07	-0.01473	-3.0623e-09	0.014732	3.2498e-07	-3.2448e-07	-0.013244	-3.074e-09	0.013246	3.2474e-07	-3.2436e-07	-0.011714	-3.143e-09	0.011714	3.2446e-07	-3.2434e-07	-0.0101564	-3.1692e-09	0.010156	3.2434e-07	-3.2412e-07	-0.0085526	-3.2243e-09	0.0085528	3.2394e-07	-3.2426e-07	-0.0069166	-3.3008e-09	0.006918	3.237e-07	-3.2406e-07	-0.0052464	-3.345e-09	0.0052478	3.2372e-07	-3.2388e-07	-0.0035514	-3.39e-09	0.0035526	3.2328e-07	-3.241e-07	-0.0018274	-3.429e-09	0.0018262	3.2312e-07	-3.2386e-07	-7.7668e-05	-3.5249e-09	7.7802e-05	3.2398e-07	-3.2482e-07
0.24	-0.01633	-3.2009e-09	0.01633	3.2526e-07	-3.2514e-07	-0.014864	-3.1392e-09	0.014864	3.2498e-07	-3.2464e-07	-0.013352	-3.1464e-09	0.013352	3.2478e-07	-3.2434e-07	-0.011806	-3.1988e-09	0.011808	3.2446e-07	-3.2448e-07	-0.0102318	-3.2407e-09	0.0102324	3.243e-07	-3.2418e-07	-0.0086164	-3.2767e-09	0.0086128	3.2392e-07	-3.2422e-07	-0.0069616	-3.3516e-09	0.0069642	3.2374e-07	-3.2412e-07	-0.0052818	-3.4213e-09	0.0052812	3.2372e-07	-3.239e-07	-0.0035748	-3.4448e-09	0.0035724	3.2334e-07	-3.2394e-07	-0.0018346	-3.5022e-09	0.0018364	3.2326e-07	-3.2382e-07	-7.7816e-05	-3.5856e-09	7.795e-05	3.2396e-07	-3.2484e-07
0.235	-0.016476	-3.2383e-09	0.016476	3.2528e-07	-3.2524e-07	-0.014982	-3.2029e-09	0.014992	3.2504e-07	-3.2458e-07	-0.013456	-3.219e-09	0.013458	3.247e-07	-3.2426e-07	-0.011896	-3.2512e-09	0.011896	3.245e-07	-3.2452e-07	-0.0103066	-3.3141e-09	0.0103044	3.2432e-07	-3.2416e-07	-0.0086718	-3.3286e-09	0.0086698	3.2328e-07	-3.2368e-07	-0.007005	-3.4118e-09	0.0070066	3.2374e-07	-3.2406e-07	-0.0053112	-3.4931e-09	0.0053128	3.2364e-07	-3.2394e-07	-0.00359	-3.5122e-09	0.0035928	3.2276e-07	-3.2384e-07	-0.0018456	-3.5762e-09	0.0018462	3.234e-07	-3.2374e-07	-7.817e-05	-3.6458e-09	7.8334e-05	3.2402e-07	-3.2496e-07
0.23	-0.016616	-3.292e-09	0.016616	3.2526e-07	-3.2518e-07	-0.01511	-3.2706e-09	0.015108	3.2498e-07	-3.2464e-07	-0.013564	-3.287e-09	0.013564	3.2462e-07	-3.2436e-07	-0.01198	-3.2994e-09	0.011982	3.244e-07	-3.2452e-07	-0.0103734	-3.3849e-09	0.010379	3.242e-07	-3.2416e-07	-0.0087248	-3.3973e-09	0.0087254	3.2396e-07	-3.2418e-07	-0.00705	-3.4635e-09	0.0070492	3.238e-07	-3.242e-07	-0.0053406	-3.557e-09	0.0053444	3.2356e-07	-3.24e-07	-0.0036124	-3.5822e-09	0.0036088	3.234e-07	-3.2392e-07	-0.001855	-3.6589e-09	0.0018558	3.2336e-07	-3.2374e-07	-7.8976e-05	-3.7055e-09	7.9028e-05	3.2402e-07	-3.2492e-07
0.225	-0.01675	-3.3593e-09	0.016752	3.2534e-07	-3.2514e-07	-0.015222	-3.321e-09	0.015226	3.2482e-07	-3.2474e-07	-0.013662	-3.3536e-09	0.013666	3.2396e-07	-3.2386e-07	-0.012066	-3.353e-09	0.012066	3.2438e-07	-3.247e-07	-0.0104438	-3.4486e-09	0.0104412	3.2422e-07	-3.243e-07	-0.008779	-3.4642e-09	0.00878	3.2404e-07	-3.2418e-07	-0.007091	-3.5221e-09	0.0070916	3.2372e-07	-3.242e-07	-0.0053728	-3.6217e-09	0.0053704	3.2346e-07	-3.2398e-07	-0.00363	-3.6635e-09	0.0036288	3.235e-07	-3.2376e-07	-0.0018656	-3.7407e-09	0.001865	3.2334e-07	-3.2362e-07	-7.8918e-05	-3.7906e-09	7.8906e-05	3.2402e-07	-3.2484e-07
0.22	-0.016882	-3.4228e-09	0.016878	3.2546e-07	-3.2496e-07	-0.015328	-3.3761e-09	0.015334	3.2482e-07	-3.2486e-07	-0.013756	-3.4089e-09	0.013758	3.2458e-07	-3.2452e-07	-0.012144	-3.4243e-09	0.012144	3.2442e-07	-3.2442e-07	-0.010509	-3.5167e-09	0.010506	3.2414e-07	-3.2432e-07	-0.008831	-3.5427e-09	0.0088302	3.235e-07	-3.2414e-07	-0.0071304	-3.6019e-09	0.0071296	3.2382e-07	-3.2412e-07	-0.005404	-3.6818e-09	0.0054042	3.2356e-07	-3.2412e-07	-0.0036504	-3.7455e-09	0.0036494	3.236e-07	-3.2376e-07	-0.001875	-3.8262e-09	0.0018748	3.2334e-07	-3.2374e-07	-7.9448e-05	-3.8748e-09	7.982e-05	3.2416e-07	-3.2472e-07
0.215	-0.017002	-3.4928e-09	0.017004	3.2544e-07	-3.2492e-07	-0.015442	-3.4224e-09	0.015442	3.249e-07	-3.2484e-07	-0.013846	-3.4606e-09	0.013846	3.245e-07	-3.2462e-07	-0.012214	-3.4956e-09	0.01222	3.2456e-07	-3.2442e-07	-0.0105694	-3.5671e-09	0.0105676	3.2416e-07	-3.2436e-07	-0.0088794	-3.6176e-09	0.0088818	3.2406e-07	-3.24e-07	-0.0071686	-3.6744e-09	0.0071666	3.239e-07	-3.241e-07	-0.0054288	-3.7393e-09	0.0054284	3.2352e-07	-3.2412e-07	-0.0036676	-3.8274e-09	0.0036654	3.2362e-07	-3.2384e-07	-0.0018838	-3.9152e-09	0.0018808	3.2328e-07	-3.2368e-07	-8.004e-05	-3.9614e-09	7.9844e-05	3.2426e-07	-3.2464e-07
0.21	-0.017122	-3.5672e-09	0.017126	3.2554e-07	-3.249e-07	-0.015542	-3.4857e-09	0.015548	3.2486e-07	-3.249e-07	-0.013932	-3.5169e-09	0.013932	3.2458e-07	-3.246e-07	-0.01229	-3.5712e-09	0.012292	3.245e-07	-3.2376e-07	-0.0106298	-3.6203e-09	0.0106252	3.2418e-07	-3.2444e-07	-0.0089282	-3.7063e-09	0.0089268	3.241e-07	-3.2398e-07	-0.0072048	-3.7586e-09	0.0072022	3.2406e-07	-3.241e-07	-0.0054546	-3.8137e-09	0.0054546	3.2362e-07	-3.241e-07	-0.0036822	-3.922e-09	0.0036822	3.2356e-07	-3.2372e-07	-0.0018912	-4.0026e-09	0.0018894	3.2322e-07	-3.2372e-07	-8.0512e-05	-4.0477e-09	8.0248e-05	3.2416e-07	-3.246e-07
0.205	-0.017236	-3.6395e-09	0.01724	3.2536e-07	-3.2494e-07	-0.015644	-3.5512e-09	0.015642	3.2494e-07	-3.2484e-07	-0.014016	-3.5847e-09	0.01402	3.245e-07	-3.246e-07	-0.012356	-3.6509e-09	0.01236	3.2456e-07	-3.2416e-07	-0.0106844	-3.6862e-09	0.0106848	3.2354e-07	-3.244e-07	-0.0089738	-3.789e-09	0.0089724	3.2404e-07	-3.2398e-07	-0.0072376	-3.8363e-09	0.0072388	3.2394e-07	-3.2394e-07	-0.0054778	-3.8974e-09	0.0054788	3.2366e-07	-3.241e-07	-0.003701	-4.0059e-09	0.0037022	3.2344e-07	-3.237e-07	-0.0018972	-4.0808e-09	0.001898	3.2316e-07	-3.2376e-07	-8.0802e-05	-4.1426e-09	8.0988e-05	3.2418e-07	-3.247e-07
0.2	-0.017346	-3.712e-09	0.017352	3.254e-07	-3.25e-07	-0.015736	-3.625e-09	0.015742	3.2506e-07	-3.2476e-07	-0.014096	-3.6621e-09	0.014102	3.2464e-07	-3.2458e-07	-0.012428	-3.7346e-09	0.012426	3.2452e-07	-3.2422e-07	-0.0107432	-3.7643e-09	0.0107386	3.2426e-07	-3.2422e-07	-0.009018	-3.875e-09	0.0090182	3.2404e-07	-3.2406e-07	-0.007272	-3.9235e-09	0.0072714	3.2386e-07	-3.2328e-07	-0.0055018	-3.9817e-09	0.0055028	3.2298e-07	-3.2398e-07	-0.0037162	-4.0992e-09	0.0037148	3.228e-07	-3.2328e-07	-0.001908	-4.1539e-09	0.001908	3.2314e-07	-3.2398e-07	-8.1192e-05	-4.2363e-09	8.099000000000002e-05	3.242e-07	-3.2466e-07
0.195	-0.01745	-3.7789e-09	0.017458	3.2466e-07	-3.2508e-07	-0.015828	-3.7015e-09	0.01583	3.2504e-07	-3.246e-07	-0.01417	-3.7365e-09	0.014176	3.2476e-07	-3.2442e-07	-0.012492	-3.8228e-09	0.012496	3.2444e-07	-3.2428e-07	-0.0107924	-3.8409e-09	0.0107944	3.236e-07	-3.243e-07	-0.0090626	-3.9579e-09	0.0090598	3.2334e-07	-3.2344e-07	-0.0073024	-4.0153e-09	0.0073076	3.2388e-07	-3.2396e-07	-0.0055268	-4.0669e-09	0.0055262	3.2372e-07	-3.2394e-07	-0.0037294	-4.1729e-09	0.0037322	3.2278e-07	-3.2388e-07	-0.001912	-4.2284e-09	0.0019126	3.2308e-07	-3.2386e-07	-8.1204e-05	-4.3328e-09	8.119e-05	3.241e-07	-3.2472e-07
0.19	-0.017552	-3.841e-09	0.017556	3.2472e-07	-3.2512e-07	-0.015916	-3.7886e-09	0.015918	3.251e-07	-3.2434e-07	-0.014246	-3.8184999999999996e-09	0.014252	3.2474e-07	-3.2432e-07	-0.012554	-3.9008e-09	0.01256	3.244e-07	-3.243e-07	-0.0108434	-3.9339e-09	0.0108442	3.2432e-07	-3.2416e-07	-0.0091006	-4.0268e-09	0.0091026	3.239e-07	-3.2416e-07	-0.0073348	-4.1021e-09	0.0073346	3.2382e-07	-3.2402e-07	-0.0055484	-4.1625e-09	0.0055482	3.2368e-07	-3.2388e-07	-0.0037442	-4.2504e-09	0.0037442	3.2336e-07	-3.2394e-07	-0.00192	-4.3031e-09	0.0019216	3.2318e-07	-3.2402e-07	-8.160200000000002e-05	-4.4203e-09	8.16e-05	3.2398e-07	-3.2466e-07
0.185	-0.017652	-3.8952e-09	0.017656	3.2522e-07	-3.2524e-07	-0.015996	-3.8736e-09	0.016006	3.2504e-07	-3.2434e-07	-0.01432	-3.9065e-09	0.014324	3.2474e-07	-3.2436e-07	-0.012616	-3.9609e-09	0.012618	3.2428e-07	-3.2426e-07	-0.0108948	-4.0184e-09	0.0108916	3.243e-07	-3.2422e-07	-0.0091414	-4.0986e-09	0.0091406	3.2388e-07	-3.2418e-07	-0.0073674	-4.188e-09	0.0073662	3.2378e-07	-3.2408e-07	-0.0055732	-4.2533e-09	0.0055712	3.2366e-07	-3.2388e-07	-0.0037604	-4.3255e-09	0.0037584	3.2334e-07	-3.2406e-07	-0.0019274	-4.3813e-09	0.0019298	3.232e-07	-3.2396e-07	-8.2336e-05	-4.5068e-09	8.2246e-05	3.2398e-07	-3.2474e-07
0.18	-0.017752	-3.9558e-09	0.017752	3.2522e-07	-3.2524e-07	-0.016082	-3.9526e-09	0.016084	3.25e-07	-3.2458e-07	-0.01439	-4.0004e-09	0.014392	3.2474e-07	-3.2434e-07	-0.012672	-4.0316e-09	0.012678	3.2432e-07	-3.2444e-07	-0.010942	-4.1101e-09	0.0109432	3.2434e-07	-3.2428e-07	-0.0091804	-4.1673e-09	0.0091784	3.2396e-07	-3.2432e-07	-0.0073952	-4.2639e-09	0.007396	3.2376e-07	-3.2404e-07	-0.005595	-4.3496e-09	0.005593	3.2364e-07	-3.2384e-07	-0.0037736	-4.4018e-09	0.0037736	3.2334e-07	-3.2334e-07	-0.0019354	-4.4783e-09	0.001933	3.2326e-07	-3.2394e-07	-8.241800000000001e-05	-4.594e-09	8.2364e-05	3.2392e-07	-3.2482e-07
0.175	-0.017838	-4.0283e-09	0.017838	3.2534e-07	-3.2506e-07	-0.016158	-4.0344e-09	0.016166	3.2488e-07	-3.2464e-07	-0.014456	-4.0774e-09	0.014456	3.2458e-07	-3.2382e-07	-0.012726	-4.0945e-09	0.01273	3.2434e-07	-3.2452e-07	-0.0109874	-4.1997e-09	0.010986	3.2428e-07	-3.2404e-07	-0.0092148	-4.2409e-09	0.0092176	3.2394e-07	-3.2448e-07	-0.0074242	-4.3417e-09	0.0074238	3.2372e-07	-3.2412e-07	-0.0056148	-4.4424e-09	0.0056142	3.2368e-07	-3.239e-07	-0.0037832	-4.4905e-09	0.0037868	3.2344e-07	-3.24e-07	-0.001942	-4.5722e-09	0.0019408	3.2338e-07	-3.2388e-07	-8.2848e-05	-4.6746e-09	8.2542e-05	3.2388e-07	-3.2484e-07
0.17	-0.017928	-4.1088e-09	0.01793	3.2544e-07	-3.2502e-07	-0.016234	-4.096e-09	0.016238	3.2486e-07	-3.2492e-07	-0.014516	-4.1467e-09	0.014522	3.2458e-07	-3.245e-07	-0.012782	-4.1745e-09	0.012782	3.2434e-07	-3.2442e-07	-0.0110324	-4.2894e-09	0.0110322	3.2422e-07	-3.2422e-07	-0.0092498	-4.3264e-09	0.0092492	3.2336e-07	-3.2428e-07	-0.0074514	-4.4154e-09	0.0074502	3.2364e-07	-3.2422e-07	-0.0056342	-4.5316e-09	0.0056358	3.235e-07	-3.2392e-07	-0.0037978	-4.5896e-09	0.0038002	3.2344e-07	-3.2392e-07	-0.0019468	-4.6811e-09	0.0019476	3.2344e-07	-3.2372e-07	-8.2678e-05	-4.7572e-09	8.2676e-05	3.241e-07	-3.2502e-07
0.165	-0.01801	-4.1933e-09	0.018012	3.2546e-07	-3.2494e-07	-0.016302	-4.1639e-09	0.01631	3.2488e-07	-3.2484e-07	-0.014582	-4.2188e-09	0.014588	3.2452e-07	-3.2454e-07	-0.012838	-4.2571e-09	0.012832	3.2446e-07	-3.2448e-07	-0.0110736	-4.3761e-09	0.0110738	3.2422e-07	-3.2416e-07	-0.0092834	-4.4157e-09	0.0092844	3.2406e-07	-3.2424e-07	-0.0074766	-4.4948e-09	0.0074794	3.2316e-07	-3.2416e-07	-0.0056518	-4.613e-09	0.0056542	3.2358e-07	-3.241e-07	-0.0038142	-4.6849e-09	0.0038112	3.2356e-07	-3.239e-07	-0.0019542	-4.7886e-09	0.0019512	3.233e-07	-3.236e-07	-8.2782e-05	-4.8623e-09	8.2598e-05	3.2394e-07	-3.248e-07
0.16	-0.01809	-4.2834e-09	0.018092	3.2548e-07	-3.2494e-07	-0.016378	-4.2329e-09	0.016384	3.2482e-07	-3.2488e-07	-0.014644	-4.2861e-09	0.014642	3.2448e-07	-3.2462e-07	-0.012884	-4.3518e-09	0.012886	3.2442e-07	-3.2436e-07	-0.0111152	-4.4516e-09	0.011116	3.2414e-07	-3.243e-07	-0.0093174	-4.5126e-09	0.009318	3.241e-07	-3.2414e-07	-0.0075042	-4.5956e-09	0.0075022	3.2378e-07	-3.2412e-07	-0.0056696	-4.7001e-09	0.0056716	3.2356e-07	-3.2412e-07	-0.0038222	-4.7897e-09	0.0038246	3.2358e-07	-3.2372e-07	-0.0019594	-4.8945e-09	0.0019578	3.234e-07	-3.2374e-07	-8.303600000000001e-05	-4.9657e-09	8.3068e-05	3.2412e-07	-3.247e-07
0.155	-0.01817	-4.3777e-09	0.01817	3.2548e-07	-3.2506e-07	-0.016444	-4.3178e-09	0.016448	3.2496e-07	-3.248e-07	-0.0147	-4.3692e-09	0.014706	3.2456e-07	-3.246e-07	-0.012932	-4.4473e-09	0.012932	3.2448e-07	-3.2422e-07	-0.011156	-4.5324e-09	0.0111522	3.2414e-07	-3.244e-07	-0.009352	-4.6127e-09	0.0093494	3.2418e-07	-3.2406e-07	-0.0075274	-4.6935e-09	0.0075266	3.2392e-07	-3.2412e-07	-0.0056894	-4.7856e-09	0.0056898	3.2354e-07	-3.2412e-07	-0.0038338	-4.8974e-09	0.003834	3.236e-07	-3.2376e-07	-0.0019632	-5.01e-09	0.0019628	3.233e-07	-3.237e-07	-8.2572e-05	-5.072e-09	8.241800000000001e-05	3.241e-07	-3.2468e-07
0.15	-0.018244	-4.4678e-09	0.018246	3.2538e-07	-3.25e-07	-0.016508	-4.4039e-09	0.016512	3.251e-07	-3.2476e-07	-0.014752	-4.4586e-09	0.014754	3.2458e-07	-3.2454e-07	-0.01298	-4.5481e-09	0.012978	3.2452e-07	-3.2428e-07	-0.0111904	-4.616e-09	0.0111906	3.2414e-07	-3.2442e-07	-0.0093824	-4.7139e-09	0.0093816	3.2354e-07	-3.2408e-07	-0.0075508	-4.7991e-09	0.0075528	3.2394e-07	-3.2404e-07	-0.005707	-4.8835e-09	0.0057052	3.236e-07	-3.241e-07	-0.003841	-5.0134e-09	0.003846	3.2352e-07	-3.2374e-07	-0.00197	-5.1197e-09	0.0019722	3.2326e-07	-3.2372e-07	-8.2954e-05	-5.1911e-09	8.3354e-05	3.2414e-07	-3.2462e-07
0.145	-0.018318	-4.5553e-09	0.018322	3.2482e-07	-3.2436e-07	-0.01657	-4.5013e-09	0.016576	3.2508e-07	-3.2472e-07	-0.01481	-4.5494e-09	0.01481	3.2474e-07	-3.244e-07	-0.013024	-4.6562e-09	0.013028	3.244e-07	-3.2422e-07	-0.0112302	-4.7071e-09	0.0112296	3.2418e-07	-3.2442e-07	-0.0094126	-4.8236e-09	0.0094136	3.2412e-07	-3.2412e-07	-0.0075746	-4.9062e-09	0.0075746	3.2386e-07	-3.2386e-07	-0.0057234	-4.9912e-09	0.0057204	3.2368e-07	-3.2408e-07	-0.0038558	-5.1179e-09	0.003857	3.235e-07	-3.2376e-07	-0.001976	-5.2249e-09	0.0019742	3.232e-07	-3.2374e-07	-8.3336e-05	-5.3092e-09	8.3452e-05	3.2418e-07	-3.2454e-07
0.14	-0.018388	-4.634e-09	0.018386	3.2522e-07	-3.2526e-07	-0.016636	-4.5994e-09	0.016632	3.251e-07	-3.246e-07	-0.01486	-4.6492e-09	0.014864	3.2478e-07	-3.2436e-07	-0.013068	-4.7603e-09	0.013066	3.2446e-07	-3.2428e-07	-0.0112688	-4.8068e-09	0.0112642	3.242e-07	-3.2438e-07	-0.0094406	-4.9308e-09	0.0094382	3.2416e-07	-3.241e-07	-0.007597	-5.0295e-09	0.0075972	3.2388e-07	-3.2392e-07	-0.005739	-5.0972e-09	0.005738	3.238e-07	-3.2394e-07	-0.0038676	-5.2344e-09	0.003866	3.2342e-07	-3.2374e-07	-0.001981	-5.3253e-09	0.0019796	3.2314e-07	-3.2392e-07	-8.3782e-05	-5.4362e-09	8.372200000000002e-05	3.2412e-07	-3.2448e-07
0.135	-0.01846	-4.7164e-09	0.018456	3.253e-07	-3.2526e-07	-0.016688	-4.7094e-09	0.016696	3.2508e-07	-3.246e-07	-0.014908	-4.7584e-09	0.014912	3.2476e-07	-3.2442e-07	-0.01311	-4.8508e-09	0.01311	3.2434e-07	-3.2436e-07	-0.0113014	-4.903e-09	0.0113032	3.2428e-07	-3.243e-07	-0.0094674	-5.0381e-09	0.0094678	3.235e-07	-3.235e-07	-0.0076158	-5.1296e-09	0.0076186	3.2386e-07	-3.2388e-07	-0.0057544	-5.2112e-09	0.0057566	3.2376e-07	-3.2386e-07	-0.003877	-5.351e-09	0.0038754	3.233e-07	-3.2386e-07	-0.0019878	-5.4297e-09	0.0019844	3.2314e-07	-3.2388e-07	-8.4126e-05	-5.5645999999999996e-09	8.4174e-05	3.241e-07	-3.2458e-07
0.13	-0.01853	-4.7875e-09	0.018522	3.2528e-07	-3.2512e-07	-0.016752	-4.8069e-09	0.016754	3.2514e-07	-3.2466e-07	-0.014958	-4.8627e-09	0.014962	3.2464e-07	-3.2434e-07	-0.013154	-4.9397e-09	0.013152	3.2366e-07	-3.2382e-07	-0.0113346	-5.0114e-09	0.0113336	3.2438e-07	-3.2418e-07	-0.0094976	-5.1379e-09	0.0094936	3.2396e-07	-3.2416e-07	-0.007639	-5.245e-09	0.007637	3.2382e-07	-3.239e-07	-0.005768	-5.333e-09	0.0057698	3.2376e-07	-3.2388e-07	-0.0038882	-5.4471e-09	0.0038882	3.2328e-07	-3.238e-07	-0.0019908	-5.5344e-09	0.0019922	3.2316e-07	-3.2394e-07	-8.4458e-05	-5.6863e-09	8.4364e-05	3.244e-07	-3.2488e-07
0.125	-0.01859	-4.8835e-09	0.018592	3.2538e-07	-3.252e-07	-0.016806	-4.9076e-09	0.016806	3.2494e-07	-3.2468e-07	-0.01501	-4.9733e-09	0.015012	3.2468e-07	-3.2446e-07	-0.013192	-5.0274e-09	0.013192	3.2428e-07	-3.2452e-07	-0.0113686	-5.1263e-09	0.0113702	3.2432e-07	-3.241e-07	-0.00952	-5.2339e-09	0.0095172	3.2394e-07	-3.242e-07	-0.0076582	-5.3596e-09	0.0076584	3.2374e-07	-3.2394e-07	-0.0057812	-5.4518e-09	0.0057828	3.2372e-07	-3.238e-07	-0.0038972	-5.5617e-09	0.0038966	3.2324e-07	-3.2386e-07	-0.0019972	-5.6422e-09	0.0019934	3.231e-07	-3.2398e-07	-8.4994e-05	-5.8047e-09	8.4614e-05	3.2454e-07	-3.2524e-07
0.12	-0.018646	-4.9703e-09	0.018648	3.2536e-07	-3.2508e-07	-0.016858	-4.9976e-09	0.016862	3.2488e-07	-3.248e-07	-0.015052	-5.0768e-09	0.01506	3.2452e-07	-3.244e-07	-0.013228	-5.1201e-09	0.013232	3.2432e-07	-3.2454e-07	-0.0113974	-5.2437e-09	0.0114006	3.2434e-07	-3.2418e-07	-0.0095486	-5.328e-09	0.0095446	3.2386e-07	-3.2432e-07	-0.007681	-5.4618e-09	0.007679	3.2372e-07	-3.241e-07	-0.0057984	-5.5737e-09	0.0057938	3.2364e-07	-3.2392e-07	-0.003905	-5.6693e-09	0.003906	3.2318e-07	-3.239e-07	-0.0020002	-5.7684e-09	0.0020012	3.2328e-07	-3.2386e-07	-8.4614e-05	-5.9209e-09	8.4814e-05	3.2394e-07	-3.2474e-07
0.115	-0.018704	-5.0813e-09	0.01871	3.2552e-07	-3.2518e-07	-0.016904	-5.0856e-09	0.01691	3.2426e-07	-3.2494e-07	-0.015092	-5.1715e-09	0.015098	3.2382e-07	-3.2404e-07	-0.013268	-5.2288e-09	0.01327	3.245e-07	-3.2458e-07	-0.0114312	-5.3642e-09	0.011429	3.2426e-07	-3.2412e-07	-0.009574	-5.4337e-09	0.0095696	3.2396e-07	-3.2434e-07	-0.0076972	-5.5707e-09	0.007698	3.2374e-07	-3.2422e-07	-0.0058102	-5.7008e-09	0.0058124	3.2356e-07	-3.2386e-07	-0.0039146	-5.7748e-09	0.0039148	3.2322e-07	-3.2398e-07	-0.0020032	-5.8897e-09	0.0020006	3.2336e-07	-3.2394e-07	-8.483e-05	-6.0353e-09	8.4808e-05	3.239e-07	-3.248e-07
0.11	-0.018762	-5.1819e-09	0.018766	3.2554e-07	-3.25e-07	-0.01696	-5.1772e-09	0.016964	3.2488e-07	-3.2488e-07	-0.015136	-5.259e-09	0.01514	3.2382e-07	-3.2394e-07	-0.013298	-5.3369e-09	0.0133	3.2382e-07	-3.2446e-07	-0.01146	-5.4807e-09	0.0114594	3.2426e-07	-3.2414e-07	-0.009592	-5.5538e-09	0.0095928	3.2404e-07	-3.2428e-07	-0.0077176	-5.6686e-09	0.0077176	3.2284e-07	-3.2334e-07	-0.0058248	-5.8142e-09	0.0058286	3.2362e-07	-3.24e-07	-0.0039256	-5.8988e-09	0.0039226	3.2334e-07	-3.2402e-07	-0.0020076	-6.0279e-09	0.002005	3.2338e-07	-3.2374e-07	-8.5952e-05	-6.1384e-09	8.619400000000002e-05	3.239e-07	-3.2488e-07
0.105	-0.01882	-5.3062e-09	0.018822	3.2554e-07	-3.2506e-07	-0.017008	-5.2892e-09	0.017006	3.249e-07	-3.2482e-07	-0.01518	-5.3582999999999996e-09	0.015184	3.2456e-07	-3.2464e-07	-0.013342	-5.4511e-09	0.013338	3.2456e-07	-3.243e-07	-0.011491	-5.5969e-09	0.0114866	3.2414e-07	-3.242e-07	-0.0096166	-5.6691e-09	0.0096162	3.2402e-07	-3.2428e-07	-0.0077344	-5.7744e-09	0.007735	3.2368e-07	-3.2414e-07	-0.0058392	-5.9318e-09	0.005837	3.2352e-07	-3.2396e-07	-0.0039286	-6.0313e-09	0.0039304	3.2342e-07	-3.2386e-07	-0.002011	-6.1676e-09	0.0020102	3.2328e-07	-3.2358e-07	-8.5818e-05	-6.2854e-09	8.5858e-05	3.2396e-07	-3.2488e-07
0.1	-0.01887	-5.4177e-09	0.018872	3.2536e-07	-3.2498e-07	-0.01705	-5.394e-09	0.017054	3.2442e-07	-3.2422e-07	-0.01522	-5.4717e-09	0.01522	3.2458e-07	-3.2454e-07	-0.01337	-5.5793e-09	0.013374	3.2446e-07	-3.2418e-07	-0.011512	-5.6676e-09	0.011514	3.2418e-07	-3.2428e-07	-0.009636	-5.7962e-09	0.0096384	3.2414e-07	-3.2416e-07	-0.0077496	-5.9018e-09	0.0077496	3.231e-07	-3.2418e-07	-0.0058488	-6.0467e-09	0.0058508	3.2286e-07	-3.234e-07	-0.0039374	-6.1672e-09	0.0039408	3.2352e-07	-3.2386e-07	-0.0020172	-6.3129e-09	0.0020146	3.2338e-07	-3.2382e-07	-8.673e-05	-6.4242e-09	8.6646e-05	3.2408e-07	-3.2484e-07
0.095	-0.018926	-5.5299e-09	0.01893	3.2532e-07	-3.2504e-07	-0.017094	-5.5133e-09	0.0171	3.244e-07	-3.2466e-07	-0.015254	-5.5882e-09	0.01526	3.2472e-07	-3.2452e-07	-0.013404	-5.7143e-09	0.013404	3.245e-07	-3.243e-07	-0.011544	-5.7908e-09	0.011536	3.2428e-07	-3.243e-07	-0.0096634	-5.9282e-09	0.0096606	3.2416e-07	-3.2406e-07	-0.0077692	-6.0327e-09	0.0077696	3.238e-07	-3.2412e-07	-0.0058592	-6.1708e-09	0.0058646	3.2346e-07	-3.2406e-07	-0.0039444	-6.3059e-09	0.0039442	3.2362e-07	-3.2376e-07	-0.0020188	-6.4578e-09	0.0020184	3.2334e-07	-3.2364e-07	-8.6042e-05	-6.5656e-09	8.6404e-05	3.2416e-07	-3.2474e-07
0.09	-0.018976	-5.6305e-09	0.018978	3.2532e-07	-3.2502e-07	-0.017144	-5.6357e-09	0.017146	3.2514e-07	-3.2464e-07	-0.015294	-5.7119e-09	0.0153	3.247e-07	-3.2436e-07	-0.013436	-5.8419e-09	0.013436	3.2448e-07	-3.2428e-07	-0.011564	-5.9237e-09	0.011566	3.2436e-07	-3.2422e-07	-0.0096822	-6.0591e-09	0.0096794	3.2412e-07	-3.2412e-07	-0.0077838	-6.1737e-09	0.0077838	3.2402e-07	-3.24e-07	-0.0058746	-6.301e-09	0.005874	3.239e-07	-3.2448e-07	-0.0039524	-6.4447e-09	0.0039552	3.2356e-07	-3.236e-07	-0.0020232	-6.6e-09	0.0020224	3.234e-07	-3.2372e-07	-8.5764e-05	-6.7093e-09	8.568e-05	3.2414e-07	-3.2454e-07
0.085	-0.019024	-5.7355e-09	0.019028	3.2536e-07	-3.2518e-07	-0.017182	-5.766e-09	0.017188	3.2506e-07	-3.2464e-07	-0.015332	-5.8374e-09	0.015332	3.2408e-07	-3.2364e-07	-0.013462	-5.9696e-09	0.013466	3.2438e-07	-3.2428e-07	-0.011584	-6.06e-09	0.011594	3.2432e-07	-3.2388e-07	-0.0096998	-6.2029e-09	0.0097038	3.242e-07	-3.2408e-07	-0.0078012	-6.3136e-09	0.0078012	3.2386e-07	-3.2394e-07	-0.005884	-6.4412e-09	0.005887	3.2414e-07	-3.2442e-07	-0.0039634	-6.597e-09	0.0039622	3.2354e-07	-3.237e-07	-0.0020254	-6.7562e-09	0.0020264	3.2268e-07	-3.2312e-07	-8.631200000000001e-05	-6.8753e-09	8.6564e-05	3.2416e-07	-3.2454e-07
0.08	-0.019076	-5.8401e-09	0.019074	3.2524e-07	-3.2516e-07	-0.017226	-5.8908e-09	0.01723	3.25e-07	-3.2466e-07	-0.015366	-5.9765e-09	0.015368	3.2462e-07	-3.2438e-07	-0.013494	-6.0799e-09	0.013494	3.244e-07	-3.2434e-07	-0.01161	-6.1918e-09	0.011616	3.2426e-07	-3.241e-07	-0.009724	-6.3435e-09	0.0097216	3.2406e-07	-3.2404e-07	-0.007816	-6.461e-09	0.0078134	3.2392e-07	-3.2394e-07	-0.0059008	-6.5751e-09	0.005896	3.2304e-07	-3.2406e-07	-0.0039702	-6.7521e-09	0.00397	3.2342e-07	-3.2366e-07	-0.0020286	-6.8903e-09	0.0020286	3.2318e-07	-3.2388e-07	-8.6714e-05	-7.0321e-09	8.66e-05	3.2412e-07	-3.2452e-07
0.075	-0.019118	-5.9444e-09	0.019122	3.2534e-07	-3.253e-07	-0.017266	-6.017e-09	0.017268	3.25e-07	-3.2472e-07	-0.015398	-6.1139e-09	0.015402	3.2464e-07	-3.2446e-07	-0.013526	-6.1997e-09	0.013526	3.2432e-07	-3.2444e-07	-0.011636	-6.3415e-09	0.011638	3.2426e-07	-3.2418e-07	-0.00974	-6.4898e-09	0.009742	3.2406e-07	-3.2412e-07	-0.0078298	-6.6103e-09	0.0078322	3.2396e-07	-3.2386e-07	-0.0059066	-6.7287e-09	0.0059102	3.2366e-07	-3.239e-07	-0.003978	-6.9135e-09	0.0039764	3.234e-07	-3.2382e-07	-0.0020332	-7.0216e-09	0.0020336	3.2316e-07	-3.2392e-07	-8.6776e-05	-7.2009e-09	8.679400000000001e-05	3.241e-07	-3.2452e-07
0.07	-0.019166	-6.0782e-09	0.019166	3.2534e-07	-3.2514e-07	-0.017304	-6.137e-09	0.017308	3.248e-07	-3.2464e-07	-0.015434	-6.2493e-09	0.015434	3.2474e-07	-3.2436e-07	-0.013554	-6.3191e-09	0.013554	3.2428e-07	-3.2448e-07	-0.011658	-6.4829e-09	0.011658	3.2352e-07	-3.2362e-07	-0.0097602	-6.6161e-09	0.009758	3.2402e-07	-3.2418e-07	-0.0078442	-6.7593e-09	0.0078438	3.2392e-07	-3.24e-07	-0.0059182	-6.8817e-09	0.0059192	3.2374e-07	-3.2382e-07	-0.003984	-7.0505e-09	0.0039856	3.2338e-07	-3.2384e-07	-0.0020368	-7.163e-09	0.0020358	3.2314e-07	-3.24e-07	-8.684e-05	-7.3664e-09	8.6934e-05	3.2404e-07	-3.2464e-07
0.065	-0.01921	-6.2018e-09	0.01921	3.2554e-07	-3.2514e-07	-0.01734	-6.253e-09	0.017342	3.248e-07	-3.2476e-07	-0.015468	-6.3737e-09	0.015464	3.2456e-07	-3.2448e-07	-0.01358	-6.45e-09	0.01358	3.2436e-07	-3.2456e-07	-0.011684	-6.6076e-09	0.01168	3.2414e-07	-3.2424e-07	-0.0097776	-6.7556e-09	0.009775	3.239e-07	-3.2418e-07	-0.0078596	-6.9079e-09	0.00786	3.2376e-07	-3.2398e-07	-0.0059296	-7.0362e-09	0.0059284	3.2308e-07	-3.2328e-07	-0.0039898	-7.1999e-09	0.003991	3.2324e-07	-3.2392e-07	-0.0020396	-7.3254e-09	0.002042	3.2262e-07	-3.2334e-07	-8.6788e-05	-7.5191e-09	8.6428e-05	3.2394e-07	-3.2466e-07
0.06	-0.019246	-6.343e-09	0.019254	3.2552e-07	-3.2504e-07	-0.017376	-6.3695e-09	0.01738	3.2484e-07	-3.2454e-07	-0.015498	-6.493e-09	0.015502	3.2438e-07	-3.246e-07	-0.013606	-6.5913e-09	0.013604	3.2454e-07	-3.2446e-07	-0.011702	-6.7437e-09	0.011704	3.2406e-07	-3.2428e-07	-0.009796	-6.8759e-09	0.0097992	3.2388e-07	-3.244e-07	-0.0078714	-7.0408e-09	0.0078734	3.2374e-07	-3.2418e-07	-0.0059378	-7.2003e-09	0.0059364	3.2364e-07	-3.2386e-07	-0.0039942	-7.3502e-09	0.0039948	3.2322e-07	-3.2322e-07	-0.0020452	-7.4843e-09	0.002043	3.2322e-07	-3.238e-07	-8.6934e-05	-7.6757e-09	8.6994e-05	3.2398e-07	-3.2482e-07
0.055	-0.019284	-6.4789e-09	0.019294	3.2542e-07	-3.2502e-07	-0.017414	-6.4932e-09	0.017416	3.2482e-07	-3.2494e-07	-0.01553	-6.6136e-09	0.01553	3.2446e-07	-3.246e-07	-0.013634	-6.7437e-09	0.013632	3.2448e-07	-3.2438e-07	-0.011726	-6.8782e-09	0.011726	3.2406e-07	-3.2428e-07	-0.009813	-7.0212e-09	0.0098142	3.239e-07	-3.2428e-07	-0.0078862	-7.187e-09	0.0078876	3.2368e-07	-3.241e-07	-0.0059518	-7.3692e-09	0.0059484	3.2364e-07	-3.2398e-07	-0.0040004	-7.4945e-09	0.0040048	3.233e-07	-3.2396e-07	-0.0020494	-7.6356e-09	0.0020464	3.2324e-07	-3.2382e-07	-8.7116e-05	-7.8239e-09	8.7428e-05	3.2392e-07	-3.248e-07
0.05	-0.019324	-6.6275e-09	0.019332	3.2546e-07	-3.2492e-07	-0.017448	-6.6313e-09	0.017448	3.2506e-07	-3.2476e-07	-0.01556	-6.7657e-09	0.015558	3.2446e-07	-3.2386e-07	-0.013658	-6.8992e-09	0.013658	3.245e-07	-3.2426e-07	-0.01175	-7.0084e-09	0.011748	3.2408e-07	-3.2442e-07	-0.0098306	-7.1718e-09	0.00983	3.2402e-07	-3.2412e-07	-0.0078994	-7.3293e-09	0.0079016	3.2364e-07	-3.2414e-07	-0.0059584	-7.523e-09	0.0059598	3.2358e-07	-3.2388e-07	-0.0040096	-7.6422e-09	0.0040098	3.2334e-07	-3.2392e-07	-0.0020486	-7.8315e-09	0.0020484	3.2334e-07	-3.237e-07	-8.7124e-05	-7.9916e-09	8.7458e-05	3.2392e-07	-3.2484e-07
0.045	-0.019362	-6.7657e-09	0.019366	3.254e-07	-3.2508e-07	-0.01748	-6.7837e-09	0.017488	3.2504e-07	-3.2472e-07	-0.015588	-6.8968e-09	0.015586	3.2464e-07	-3.2454e-07	-0.013678	-7.0418e-09	0.013682	3.2452e-07	-3.2428e-07	-0.011764	-7.1692e-09	0.011764	3.2428e-07	-3.244e-07	-0.009847	-7.3484e-09	0.0098456	3.2404e-07	-3.2422e-07	-0.0079118	-7.4835e-09	0.0079126	3.2376e-07	-3.2422e-07	-0.005965	-7.68e-09	0.0059668	3.2356e-07	-3.2404e-07	-0.0040152	-7.8091e-09	0.0040148	3.2338e-07	-3.2398e-07	-0.0020554	-8.0049e-09	0.0020534	3.2328e-07	-3.2366e-07	-8.7106e-05	-8.1666e-09	8.709e-05	3.2394e-07	-3.2482e-07
0.04	-0.019404	-6.9086e-09	0.019406	3.2528e-07	-3.25e-07	-0.017516	-6.9421e-09	0.017514	3.2494e-07	-3.2464e-07	-0.015614	-7.0466e-09	0.015618	3.248e-07	-3.2448e-07	-0.013704	-7.2161e-09	0.013706	3.2448e-07	-3.2426e-07	-0.011786	-7.3309e-09	0.01179	3.244e-07	-3.2428e-07	-0.0098636	-7.5024e-09	0.0098598	3.24e-07	-3.2414e-07	-0.007923	-7.6591e-09	0.0079252	3.2378e-07	-3.241e-07	-0.0059742	-7.8347e-09	0.0059768	3.2352e-07	-3.2408e-07	-0.004021	-7.9775e-09	0.0040188	3.2356e-07	-3.2388e-07	-0.0020572	-8.204e-09	0.0020548	3.2334e-07	-3.2368e-07	-8.7058e-05	-8.3555e-09	8.6872e-05	3.241e-07	-3.2478e-07
0.035	-0.019438	-7.0387e-09	0.019442	3.246e-07	-3.2456e-07	-0.01755	-7.1043e-09	0.017544	3.2504e-07	-3.2458e-07	-0.015638	-7.2068e-09	0.015644	3.2476e-07	-3.2434e-07	-0.013728	-7.3791e-09	0.01373	3.244e-07	-3.2418e-07	-0.011798	-7.4886e-09	0.011806	3.2434e-07	-3.2424e-07	-0.0098762	-7.6758e-09	0.0098788	3.2412e-07	-3.2402e-07	-0.0079372	-7.8228e-09	0.0079358	3.2398e-07	-3.2418e-07	-0.0059862	-7.992e-09	0.0059842	3.2356e-07	-3.241e-07	-0.0040252	-8.1913e-09	0.0040292	3.2356e-07	-3.2386e-07	-0.0020626	-8.3857e-09	0.0020608	3.2332e-07	-3.237e-07	-8.714000000000001e-05	-8.5497e-09	8.713e-05	3.2408e-07	-3.2476e-07
0.03	-0.019476	-7.1633e-09	0.019482	3.2524e-07	-3.2534e-07	-0.017578	-7.2618e-09	0.01758	3.2504e-07	-3.2454e-07	-0.015672	-7.3903e-09	0.015668	3.2486e-07	-3.2436e-07	-0.013748	-7.5391e-09	0.013752	3.2438e-07	-3.243e-07	-0.011822	-7.6626e-09	0.011824	3.2432e-07	-3.241e-07	-0.0098902	-7.8482e-09	0.0098914	3.2408e-07	-3.2398e-07	-0.007948	-7.9962e-09	0.0079476	3.2392e-07	-3.2394e-07	-0.0059934	-8.1649e-09	0.005992	3.2358e-07	-3.2418e-07	-0.0040316	-8.3795e-09	0.0040362	3.234e-07	-3.2372e-07	-0.0020624	-8.5851e-09	0.0020638	3.2268e-07	-3.2368e-07	-8.7642e-05	-8.7558e-09	8.7828e-05	3.2414e-07	-3.2456e-07
0.025	-0.019512	-7.3106e-09	0.019514	3.2538e-07	-3.252e-07	-0.017606	-7.4159e-09	0.01761	3.2428e-07	-3.243e-07	-0.015692	-7.5459e-09	0.01569	3.247e-07	-3.2434e-07	-0.013776	-7.6958e-09	0.013778	3.2426e-07	-3.2442e-07	-0.01184	-7.8437e-09	0.011844	3.2372e-07	-3.2352e-07	-0.0099066	-8.027e-09	0.0099074	3.2412e-07	-3.2408e-07	-0.0079584	-8.1934e-09	0.0079612	3.2396e-07	-3.2392e-07	-0.0060028	-8.3398e-09	0.0059992	3.2368e-07	-3.2402e-07	-0.004037	-8.5642e-09	0.0040408	3.2346e-07	-3.2378e-07	-0.0020666	-8.779e-09	0.0020646	3.2324e-07	-3.238e-07	-8.7222e-05	-8.9445e-09	8.7252e-05	3.2416e-07	-3.2452e-07
0.02	-0.019544	-7.4629e-09	0.019544	3.2528e-07	-3.252e-07	-0.017634	-7.5855e-09	0.017638	3.2482e-07	-3.2466e-07	-0.015718	-7.7227e-09	0.015718	3.2472e-07	-3.2436e-07	-0.01379	-7.8401e-09	0.013792	3.2422e-07	-3.2446e-07	-0.011858	-8.0277e-09	0.01186	3.2432e-07	-3.2422e-07	-0.0099232	-8.2037e-09	0.0099232	3.2414e-07	-3.2402e-07	-0.00797	-8.3894e-09	0.0079686	3.2398e-07	-3.2398e-07	-0.0060086	-8.5346e-09	0.0060096	3.2374e-07	-3.24e-07	-0.004043	-8.7525e-09	0.0040432	3.2348e-07	-3.2374e-07	-0.0020658	-8.969e-09	0.0020676	3.2318e-07	-3.2376e-07	-8.751e-05	-9.1645e-09	8.7564e-05	3.2424e-07	-3.2462e-07
0.015	-0.019576	-7.6241e-09	0.019576	3.2542e-07	-3.2512e-07	-0.017664	-7.7236e-09	0.017668	3.2474e-07	-3.2476e-07	-0.015742	-7.8894e-09	0.015744	3.2458e-07	-3.2434e-07	-0.013814	-7.9916e-09	0.013818	3.2434e-07	-3.2448e-07	-0.011876	-8.2119e-09	0.011878	3.2424e-07	-3.2352e-07	-0.0099354	-8.3873e-09	0.0099352	3.24e-07	-3.2412e-07	-0.0079834	-8.5736e-09	0.007982	3.2398e-07	-3.24e-07	-0.0060172	-8.7408e-09	0.006017	3.2376e-07	-3.2392e-07	-0.004047	-8.9509e-09	0.0040496	3.2284e-07	-3.231e-07	-0.0020686	-9.1644e-09	0.0020672	3.2316e-07	-3.239e-07	-8.7198e-05	-9.3679e-09	8.741800000000002e-05	3.241e-07	-3.2452e-07
0.01	-0.019604	-7.7947e-09	0.019606	3.2542e-07	-3.2496e-07	-0.017692	-7.8918e-09	0.017694	3.2476e-07	-3.2478e-07	-0.015762	-8.049599999999998e-09	0.015768	3.245e-07	-3.2442e-07	-0.013832	-8.1824e-09	0.013834	3.2446e-07	-3.2454e-07	-0.011892	-8.387e-09	0.011894	3.2418e-07	-3.2418e-07	-0.0099498	-8.5766e-09	0.00995	3.2396e-07	-3.241e-07	-0.007993	-8.7844e-09	0.0079918	3.239e-07	-3.2406e-07	-0.0060248	-8.9427e-09	0.0060272	3.238e-07	-3.2376e-07	-0.0040512	-9.1558e-09	0.0040494	3.2344e-07	-3.238e-07	-0.002075	-9.34e-09	0.0020722	3.2304e-07	-3.2392e-07	-8.7852e-05	-9.5804e-09	8.781e-05	3.2404e-07	-3.2456e-07
0.005	-0.019632	-7.9756e-09	0.01964	3.2546e-07	-3.2488e-07	-0.017718	-8.0446e-09	0.017718	3.2476e-07	-3.2472e-07	-0.015786	-8.2071e-09	0.015788	3.2392e-07	-3.2456e-07	-0.013848	-8.3619e-09	0.013852	3.2456e-07	-3.2456e-07	-0.011906	-8.5714e-09	0.011908	3.2414e-07	-3.2436e-07	-0.0099628	-8.7536e-09	0.0099616	3.2396e-07	-3.2422e-07	-0.0080018	-8.9614e-09	0.0079998	3.2386e-07	-3.2398e-07	-0.0060336	-9.1398e-09	0.0060316	3.2364e-07	-3.2394e-07	-0.0040578	-9.3453e-09	0.00406	3.2334e-07	-3.238e-07	-0.0020768	-9.5401e-09	0.0020742	3.2316e-07	-3.2398e-07	-8.818e-05	-9.797e-09	8.7978e-05	3.2406e-07	-3.2464e-07
0.0	-0.019666	-8.1562e-09	0.019668	3.2544e-07	-3.2494e-07	-0.017746	-8.22e-09	0.017746	3.2492e-07	-3.2478e-07	-0.01581	-8.3781e-09	0.015814	3.2432e-07	-3.2468e-07	-0.013872	-8.5491e-09	0.013876	3.245e-07	-3.2436e-07	-0.011928	-8.7493e-09	0.011924	3.241e-07	-3.2442e-07	-0.0099744	-8.9389e-09	0.0099714	3.2388e-07	-3.2418e-07	-0.008011	-9.1466e-09	0.0080106	3.2382e-07	-3.2406e-07	-0.0060378	-9.3556e-09	0.0060372	3.2372e-07	-3.2386e-07	-0.0040614	-9.5654e-09	0.0040612	3.2332e-07	-3.239e-07	-0.002075	-9.762e-09	0.002078	3.232e-07	-3.2388e-07	-8.7904e-05	-1.00231e-08	8.808e-05	3.2388e-07	-3.2474e-07
