I/V Sweep,id_vds
RecordTime,04/14/2025 14:44:28
Device ID,
Count,1
Flag,
Remarks,
vd,vg,id,ig,is,iavdd,ignd
0,0,-1.566E-10,-2.7500000000000002E-11,5.5000000000000008E-13,3.262E-07,-3.2608E-07
0.005,0,-1.2684E-10,-3.015E-11,-5E-13,3.2626E-07,-3.2606E-07
0.01,0,-1.0348000000000001E-10,-3.424E-11,7E-14,3.2628E-07,-3.2606E-07
0.015000000000000001,0,-8.351E-11,-3.741E-11,-1.2000000000000002E-13,3.2616E-07,-3.2606E-07
0.02,0,-5.4200000000000004E-11,-3.871E-11,-3.2000000000000005E-13,3.2617999999999997E-07,-3.2603999999999997E-07
0.025,0,-3.9060000000000005E-11,-4.294E-11,-7.5E-13,3.2617999999999997E-07,-3.2612E-07
0.030000000000000002,0,-1.9020000000000003E-11,-4.585E-11,-4E-13,3.2612E-07,-3.2612E-07
0.035,0,5.9E-12,-4.8170000000000007E-11,-5.5000000000000008E-13,3.2612E-07,-3.2608E-07
0.04,0,2.5010000000000003E-11,-5.0700000000000003E-11,-1.12E-12,3.2614E-07,-3.2602E-07
0.045000000000000005,0,3.9490000000000004E-11,-5.5590000000000005E-11,-4.3000000000000004E-13,3.2617999999999997E-07,-3.2612E-07
0.05,0,6.4530000000000009E-11,-5.8300000000000008E-11,-3.8000000000000005E-13,3.264E-07,-3.2648E-07
0.055,0,8.387E-11,-6.143E-11,-3.6000000000000003E-13,3.2612E-07,-3.2624E-07
0.060000000000000005,0,9.643000000000001E-11,-6.429E-11,-8.1000000000000008E-13,3.2614E-07,-3.2612E-07
0.065,0,1.1807E-10,-6.774E-11,-8.300000000000001E-13,3.2612E-07,-3.2622E-07
0.07,0,1.4397000000000002E-10,-7.067E-11,-3.5E-13,3.2614E-07,-3.2626E-07
0.075,0,1.5762000000000002E-10,-7.53E-11,-6.5000000000000006E-13,3.2612E-07,-3.2616E-07
0.08,0,1.6902E-10,-7.897E-11,-2.2000000000000002E-13,3.2617999999999997E-07,-3.2626E-07
0.085,0,1.9324000000000002E-10,-8.263E-11,8.4000000000000006E-13,3.2617999999999997E-07,-3.2624E-07
0.090000000000000011,0,2.1322000000000001E-10,-8.5370000000000011E-11,4E-13,3.2612E-07,-3.2626E-07
0.095,0,2.2516000000000003E-10,-9.0220000000000013E-11,-5.5000000000000008E-13,3.2617999999999997E-07,-3.264E-07
0.1,0,2.4909E-10,-9.407E-11,-1.6000000000000003E-13,3.2617999999999997E-07,-3.2624E-07
0.10500000000000001,0,2.7362000000000003E-10,-9.63E-11,-8.9E-13,3.2612E-07,-3.2631999999999997E-07
0.11,0,2.9055000000000005E-10,-1.0193E-10,-9.9E-13,3.2614E-07,-3.263E-07
0.115,0,3.1140000000000003E-10,-1.0652000000000001E-10,-1.6000000000000003E-13,3.2644E-07,-3.2638E-07
0.12000000000000001,0,3.3826000000000003E-10,-1.0946E-10,1E-13,3.2608E-07,-3.2634E-07
0.125,0,3.5454000000000005E-10,-1.1460000000000001E-10,-8.8000000000000009E-13,3.261E-07,-3.2631999999999997E-07
0.13,0,3.7298000000000004E-10,-1.2008000000000001E-10,-7E-13,3.2614E-07,-3.2631999999999997E-07
0.135,0,3.9782000000000003E-10,-1.2420000000000002E-10,1.3E-13,3.2617999999999997E-07,-3.2642E-07
0.14,0,4.285E-10,-1.2808E-10,-5.7E-13,3.261E-07,-3.2644E-07
0.14500000000000002,0,4.3786000000000003E-10,-1.3269E-10,5.5000000000000008E-13,3.2614E-07,-3.2645999999999997E-07
0.15,0,4.6610000000000008E-10,-1.3904000000000002E-10,-2.3000000000000003E-13,3.2612E-07,-3.2642E-07
0.155,0,4.8822E-10,-1.4274000000000002E-10,-4.5000000000000005E-13,3.2616E-07,-3.265E-07
0.16,0,4.9818E-10,-1.4876E-10,-5.5000000000000008E-13,3.2612E-07,-3.2645999999999997E-07
0.165,0,5.3467000000000008E-10,-1.5508000000000002E-10,-4.8000000000000008E-13,3.2612E-07,-3.2654E-07
0.17,0,5.6446E-10,-1.5912000000000002E-10,-2.8E-13,3.2608E-07,-3.2645999999999997E-07
0.17500000000000002,0,5.8999E-10,-1.6423E-10,-6.6E-13,3.2606E-07,-3.2654E-07
0.18000000000000002,0,6.0543E-10,-1.7117000000000002E-10,-4.1E-13,3.261E-07,-3.265E-07
0.185,0,6.3281E-10,-1.7701000000000002E-10,-3.6000000000000003E-13,3.2614E-07,-3.2654E-07
0.19,0,6.675E-10,-1.8143000000000001E-10,8.4000000000000006E-13,3.2612E-07,-3.2654E-07
0.195,0,6.8973000000000006E-10,-1.8782E-10,2.6E-13,3.2614E-07,-3.2664E-07
0.2,0,7.190000000000001E-10,-1.9603000000000002E-10,-1.8000000000000002E-13,3.2606E-07,-3.2662E-07
0.20500000000000002,0,7.7080000000000007E-10,-2.0101E-10,-3.0000000000000005E-14,3.261E-07,-3.2673999999999997E-07
0.21000000000000002,0,7.7216E-10,-2.0668E-10,-1.55E-12,3.2603999999999997E-07,-3.2662E-07
0.215,0,7.9424E-10,-2.1526000000000002E-10,4.0000000000000006E-14,3.2603999999999997E-07,-3.2672E-07
0.22,0,8.2434000000000007E-10,-2.2240000000000003E-10,-3.1000000000000004E-13,3.2603999999999997E-07,-3.2662E-07
0.225,0,8.5565E-10,-2.2847000000000001E-10,-5.6E-13,3.2608E-07,-3.2668E-07
0.23,0,8.8354E-10,-2.3567E-10,-1.02E-12,3.2602E-07,-3.2678E-07
0.23500000000000001,0,9.0865000000000006E-10,-2.4476000000000004E-10,2.4000000000000004E-13,3.2608E-07,-3.268E-07
0.24000000000000002,0,9.4959E-10,-2.4983E-10,-5.6E-13,3.2603999999999997E-07,-3.267E-07
0.24500000000000002,0,9.7399E-10,-2.5861E-10,-1.7100000000000002E-12,3.2612E-07,-3.2682E-07
0.25,0,1.0262E-09,-2.6495E-10,-3.4E-13,3.2603999999999997E-07,-3.2672E-07
0.255,0,1.0376E-09,-2.7308E-10,-9.4E-13,3.2606E-07,-3.2676E-07
0.26,0,1.0765E-09,-2.8054000000000005E-10,1.7E-13,3.2606E-07,-3.2678E-07
0.265,0,1.1166E-09,-2.8707E-10,-1.17E-12,3.2602E-07,-3.2684E-07
0.27,0,1.1364E-09,-2.9627E-10,-6.2000000000000008E-13,3.2602E-07,-3.2694E-07
0.275,0,1.1697E-09,-3.0426000000000004E-10,-7.2000000000000006E-13,3.2612E-07,-3.2692E-07
0.28,0,1.2141E-09,-3.1179E-10,-7.8000000000000011E-13,3.2612E-07,-3.2696E-07
0.28500000000000003,0,1.2429E-09,-3.1951E-10,-1.08E-12,3.2603999999999997E-07,-3.27E-07
0.29000000000000004,0,1.2507E-09,-3.3009000000000005E-10,-8.8000000000000009E-13,3.261E-07,-3.2708E-07
0.29500000000000004,0,1.3091E-09,-3.3729000000000003E-10,4E-13,3.2606E-07,-3.2701999999999997E-07
0.3,0,1.3426E-09,-3.4591000000000005E-10,-2.5E-13,3.2612E-07,-3.27E-07
0.305,0,1.3806E-09,-3.538E-10,-3.7000000000000004E-13,3.2612E-07,-3.2708E-07
0.31,0,1.4178E-09,-3.6332000000000004E-10,2.7E-13,3.2606E-07,-3.271E-07
0.315,0,1.478E-09,-3.6989000000000005E-10,-6.2000000000000008E-13,3.2606E-07,-3.2714E-07
0.32,0,1.4773E-09,-3.7986E-10,-6.5000000000000006E-13,3.2596E-07,-3.2715999999999997E-07
0.325,0,1.5237E-09,-3.8913000000000003E-10,-6.1E-13,3.2602E-07,-3.2714E-07
0.33,0,1.5822E-09,-3.9952000000000003E-10,-6.1E-13,3.2606E-07,-3.2734E-07
0.335,0,1.621E-09,-4.0626000000000005E-10,-4.9E-13,3.2612E-07,-3.2728E-07
0.34,0,1.6501E-09,-4.1728000000000003E-10,6.0000000000000009E-14,3.2608E-07,-3.2732E-07
0.34500000000000003,0,1.7463E-09,-4.2598E-10,2.1000000000000001E-13,3.26E-07,-3.2732E-07
0.35000000000000003,0,1.7428E-09,-4.3576000000000005E-10,-3.0000000000000005E-14,3.26E-07,-3.2732E-07
0.35500000000000004,0,1.7845E-09,-4.4365E-10,-9.6000000000000015E-13,3.2606E-07,-3.2743999999999997E-07
0.36000000000000004,0,1.8158E-09,-4.5605000000000004E-10,-3.9000000000000005E-13,3.2606E-07,-3.2746E-07
0.365,0,1.846E-09,-4.6553000000000005E-10,-7.4000000000000008E-13,3.261E-07,-3.275E-07
0.37,0,1.8858E-09,-4.7491000000000007E-10,-8.4000000000000006E-13,3.2602E-07,-3.274E-07
0.375,0,1.9679E-09,-4.8694000000000008E-10,-5.9E-13,3.2606E-07,-3.2756E-07
0.38,0,2.0074E-09,-4.9766E-10,3.0000000000000003E-13,3.2606E-07,-3.2752E-07
0.385,0,2.06E-09,-5.0760000000000009E-10,-3.1000000000000004E-13,3.2598E-07,-3.2743999999999997E-07
0.39,0,2.1091E-09,-5.1821E-10,-1.0500000000000002E-12,3.2608E-07,-3.275E-07
0.395,0,2.1424E-09,-5.3178E-10,-6.9000000000000009E-13,3.2603999999999997E-07,-3.2764E-07
0.4,0,2.198E-09,-5.4132E-10,-4.0000000000000006E-14,3.2608E-07,-3.2764E-07
0.405,0,2.2497E-09,-5.5249E-10,-5.9E-13,3.2596E-07,-3.2774E-07
0.41000000000000003,0,2.2994E-09,-5.6578000000000009E-10,-9.6000000000000015E-13,3.2602E-07,-3.277E-07
0.41500000000000004,0,2.3453E-09,-5.7879E-10,-6.6E-13,3.26E-07,-3.2776E-07
0.42000000000000004,0,2.4076E-09,-5.9044000000000008E-10,5.8000000000000005E-13,3.2606E-07,-3.2796E-07
0.42500000000000004,0,2.476E-09,-6.0192E-10,-8.2E-13,3.2598E-07,-3.2798E-07
0.43,0,2.5294E-09,-6.1633000000000008E-10,-3.7000000000000004E-13,3.2592E-07,-3.2798E-07
0.435,0,2.5405E-09,-6.2835E-10,-3.5E-13,3.2594E-07,-3.2785999999999997E-07
0.44,0,2.6462E-09,-6.4101E-10,-1.1000000000000001E-13,3.26E-07,-3.2794E-07
0.445,0,2.7076E-09,-6.5335E-10,-8.2E-13,3.2596E-07,-3.2794E-07
0.45,0,2.7648E-09,-6.6967E-10,-8.7E-13,3.2596E-07,-3.2804E-07
0.455,0,2.8125E-09,-6.8329E-10,-5.8000000000000005E-13,3.26E-07,-3.281E-07
0.46,0,2.8684E-09,-6.9819E-10,-7.3E-13,3.2594E-07,-3.2808E-07
0.465,0,2.9324E-09,-7.1363E-10,-5E-13,3.26E-07,-3.2824E-07
0.47000000000000003,0,3.0108E-09,-7.2836000000000006E-10,2.6E-13,3.2592E-07,-3.2824E-07
0.47500000000000003,0,3.0876E-09,-7.4267000000000008E-10,3.0000000000000005E-14,3.2594E-07,-3.2826E-07
0.48000000000000004,0,3.1478E-09,-7.5978E-10,-1.12E-12,3.2594E-07,-3.2841999999999997E-07
0.48500000000000004,0,3.1641E-09,-7.755400000000001E-10,-6.1E-13,3.2594E-07,-3.283E-07
0.49000000000000005,0,3.2935E-09,-7.9094000000000006E-10,4.2000000000000003E-13,3.2588E-07,-3.2838E-07
0.49500000000000005,0,3.3583E-09,-8.0735000000000011E-10,-1.09E-12,3.2596E-07,-3.285E-07
0.5,0,3.4281E-09,-8.2584E-10,1.4E-13,3.2592E-07,-3.2854E-07
0.505,0,3.505E-09,-8.417600000000001E-10,-7.2000000000000006E-13,3.26E-07,-3.2862E-07
0.51,0,3.6028E-09,-8.581400000000001E-10,-4.0000000000000006E-14,3.2589999999999997E-07,-3.2868E-07
0.515,0,3.6711E-09,-8.7691E-10,-5.8000000000000005E-13,3.2594E-07,-3.2869999999999997E-07
0.52,0,3.8062E-09,-8.9528E-10,-4.9E-13,3.2584E-07,-3.2878E-07
0.525,0,3.8424E-09,-9.1287000000000007E-10,-9.3E-13,3.2594E-07,-3.2888E-07
0.53,0,3.8982E-09,-9.3162000000000014E-10,-1.14E-12,3.2586E-07,-3.2897999999999997E-07
0.535,0,3.9905E-09,-9.5283000000000011E-10,-2.2000000000000002E-13,3.26E-07,-3.2892E-07
0.54,0,4.1087E-09,-9.7118000000000016E-10,-2.6E-13,3.2594E-07,-3.2892E-07
0.545,0,4.1918E-09,-9.8909000000000015E-10,-6.1E-13,3.26E-07,-3.2914E-07
0.55,0,4.2498E-09,-1.0109E-09,-3.2000000000000005E-13,3.2589999999999997E-07,-3.292E-07
0.555,0,4.3388E-09,-1.0310600000000002E-09,-3.9000000000000005E-13,3.2592E-07,-3.2922E-07
0.56,0,4.4691E-09,-1.05108E-09,-6.1E-13,3.2588E-07,-3.2925999999999997E-07
0.56500000000000006,0,4.5136E-09,-1.0732700000000002E-09,-1.0600000000000001E-12,3.2594E-07,-3.2939999999999997E-07
0.57000000000000006,0,4.5914E-09,-1.09505E-09,-1.2000000000000002E-13,3.2596E-07,-3.2952E-07
0.57500000000000007,0,4.7531E-09,-1.11614E-09,-1.22E-12,3.2589999999999997E-07,-3.2958E-07
0.58000000000000007,0,4.8595E-09,-1.13783E-09,-4.2000000000000003E-13,3.2588E-07,-3.296E-07
0.58500000000000008,0,4.9184E-09,-1.1599E-09,-2.5E-13,3.2588E-07,-3.2958E-07
0.59000000000000008,0,4.9421E-09,-1.1845E-09,-5.7E-13,3.2598E-07,-3.2974E-07
0.595,0,5.1258E-09,-1.2069E-09,-5.1E-13,3.2594E-07,-3.2986E-07
0.6,0,5.2434E-09,-1.2302E-09,4.0000000000000006E-14,3.2589999999999997E-07,-3.299E-07
0.605,0,5.2794E-09,-1.2554E-09,-9.7000000000000011E-13,3.2586E-07,-3.3E-07
0.61,0,5.4411E-09,-1.2797E-09,-6.1E-13,3.2586E-07,-3.3008E-07
0.615,0,5.7043E-09,-1.3061E-09,-4.3000000000000004E-13,3.2592E-07,-3.3026E-07
0.62,0,5.6989E-09,-1.33E-09,-5.8000000000000005E-13,3.2596E-07,-3.3023999999999997E-07
0.625,0,5.7972E-09,-1.3573E-09,-3.6000000000000003E-13,3.2589999999999997E-07,-3.3032E-07
0.63,0,5.9179E-09,-1.3837E-09,-6.2000000000000008E-13,3.2589999999999997E-07,-3.3072E-07
0.635,0,6.0596E-09,-1.4098E-09,4E-13,3.2594E-07,-3.3056E-07
0.64,0,6.1558E-09,-1.4358E-09,-6.5000000000000006E-13,3.2596E-07,-3.3058E-07
0.645,0,6.2802E-09,-1.4656E-09,-1E-13,3.2592E-07,-3.3074E-07
0.65,0,6.4575E-09,-1.492E-09,-5E-14,3.2588E-07,-3.3092E-07
0.655,0,6.551E-09,-1.5209E-09,-4.2000000000000003E-13,3.2589999999999997E-07,-3.3106E-07
0.66,0,6.6408E-09,-1.5499E-09,-7E-13,3.2594E-07,-3.3104E-07
0.665,0,6.7634E-09,-1.5801E-09,-6.7000000000000007E-13,3.2594E-07,-3.3116E-07
0.67,0,6.8886E-09,-1.6101E-09,-1.9000000000000002E-13,3.2594E-07,-3.3124E-07
0.675,0,7.059E-09,-1.6404E-09,-9.2000000000000012E-13,3.2588E-07,-3.3134E-07
0.68,0,7.1043E-09,-1.6714E-09,-8.300000000000001E-13,3.2588E-07,-3.3144E-07
0.685,0,7.3311E-09,-1.7039E-09,-5.5000000000000008E-13,3.26E-07,-3.3162E-07
0.69000000000000006,0,7.4817E-09,-1.7345E-09,-5E-14,3.2582E-07,-3.3163999999999997E-07
0.69500000000000006,0,7.624E-09,-1.7667E-09,-2.7E-13,3.26E-07,-3.3177999999999997E-07
0.70000000000000007,0,7.7497E-09,-1.7992E-09,-8E-13,3.2588E-07,-3.3202E-07
0.70500000000000007,0,7.9376E-09,-1.8339E-09,8.0000000000000013E-14,3.2586E-07,-3.3218E-07
0.71000000000000008,0,8.0801E-09,-1.866E-09,-8.0000000000000013E-14,3.2594E-07,-3.3216E-07
0.71500000000000008,0,8.2144E-09,-1.9004E-09,-1.03E-12,3.2584E-07,-3.3224E-07
0.72000000000000008,0,8.3755E-09,-1.9367E-09,-1.4200000000000002E-12,3.2584E-07,-3.3233999999999997E-07
0.72500000000000009,0,8.5599E-09,-1.9708E-09,-6.5000000000000006E-13,3.2589999999999997E-07,-3.326E-07
0.73,0,8.7888E-09,-2.0069E-09,-9.6000000000000015E-13,3.2584E-07,-3.326E-07
0.735,0,8.9318E-09,-2.0425E-09,-1.4200000000000002E-12,3.2584E-07,-3.3272E-07
0.74,0,9.1011E-09,-2.082E-09,-6.5000000000000006E-13,3.2584E-07,-3.3286E-07
0.745,0,9.2519E-09,-2.1165E-09,2.3000000000000003E-13,3.258E-07,-3.3308E-07
0.75,0,9.4195E-09,-2.1557E-09,-3.6000000000000003E-13,3.2589999999999997E-07,-3.3316E-07
0.755,0,9.6123E-09,-2.1948E-09,-5.6E-13,3.2598E-07,-3.333E-07
0.76,0,9.8066E-09,-2.2324E-09,2.9000000000000003E-13,3.258E-07,-3.3334E-07
0.765,0,9.9929E-09,-2.2722E-09,-1.7E-13,3.2626E-07,-3.3372E-07
0.77,0,1.01132E-08,-2.3132E-09,-2.2000000000000002E-13,3.2592E-07,-3.3368E-07
0.775,0,1.03213E-08,-2.3542E-09,-4.4000000000000004E-13,3.2596E-07,-3.3386E-07
0.78,0,1.0559E-08,-2.3942E-09,-2.1000000000000001E-13,3.2594E-07,-3.3412E-07
0.785,0,1.06323E-08,-2.4357E-09,-5E-13,3.2596E-07,-3.342E-07
0.79,0,1.09108E-08,-2.4773E-09,-1.18E-12,3.2586E-07,-3.3434E-07
0.795,0,1.11338E-08,-2.5216E-09,-3.2000000000000005E-13,3.2589999999999997E-07,-3.3448E-07
0.8,0,1.13641E-08,-2.5654E-09,2E-13,3.2588E-07,-3.3466E-07
0.805,0,1.15884E-08,-2.6069E-09,-5.3000000000000006E-13,3.2588E-07,-3.3485999999999997E-07
0.81,0,1.1795599999999998E-08,-2.6511E-09,-3.0000000000000005E-14,3.2598E-07,-3.351E-07
0.81500000000000006,0,1.2040199999999998E-08,-2.6977E-09,-5.5000000000000008E-13,3.2594E-07,-3.3522E-07
0.82000000000000006,0,1.2228999999999998E-08,-2.742E-09,-7E-13,3.258E-07,-3.3532E-07
0.82500000000000007,0,1.2420599999999999E-08,-2.7904E-09,-7E-13,3.2589999999999997E-07,-3.3552E-07
0.83000000000000007,0,1.2689399999999999E-08,-2.8393E-09,-2.0000000000000003E-14,3.2584E-07,-3.3578E-07
0.83500000000000008,0,1.29096E-08,-2.8881E-09,-5.3000000000000006E-13,3.26E-07,-3.3586E-07
0.84000000000000008,0,1.3087399999999999E-08,-2.9365E-09,-1.4400000000000001E-12,3.258E-07,-3.3611999999999997E-07
0.84500000000000008,0,1.3324199999999998E-08,-2.9893E-09,-4E-13,3.2594E-07,-3.3638E-07
0.85000000000000009,0,1.3624799999999999E-08,-3.04E-09,-4.6000000000000006E-13,3.2584E-07,-3.3646E-07
0.85500000000000009,0,1.3811599999999998E-08,-3.0908E-09,-2.8E-13,3.2584E-07,-3.3674E-07
0.86,0,1.40558E-08,-3.1424E-09,-2.2000000000000002E-13,3.2584E-07,-3.3704E-07
0.865,0,1.4386999999999998E-08,-3.1948999999999998E-09,-3.9000000000000005E-13,3.2589999999999997E-07,-3.37E-07
0.87,0,1.4660399999999999E-08,-3.248E-09,-2.1000000000000001E-13,3.2589999999999997E-07,-3.3734E-07
0.875,0,1.4889999999999998E-08,-3.2995E-09,-6.8E-13,3.2576E-07,-3.376E-07
0.88,0,1.5223999999999998E-08,-3.3546E-09,-3.7000000000000004E-13,3.2582E-07,-3.381E-07
0.885,0,1.5476999999999997E-08,-3.4106E-09,-7.8000000000000011E-13,3.2588E-07,-3.3796E-07
0.89,0,1.5767599999999998E-08,-3.4677E-09,-6.0000000000000009E-14,3.2588E-07,-3.3828E-07
0.895,0,1.6075999999999998E-08,-3.524E-09,-6.2000000000000008E-13,3.2588E-07,-3.383E-07
0.9,0,1.6355199999999997E-08,-3.5822E-09,-9.000000000000001E-13,3.2603999999999997E-07,-3.3854E-07
0,0.15,-5.2697E-10,3.3566E-10,-1.5000000000000002E-13,3.2596E-07,-3.257E-07
0.005,0.15,-4.7113E-10,3.2072E-10,-1.4E-13,3.2606E-07,-3.2584E-07
0.01,0.15,-4.3160000000000004E-10,3.0789E-10,-1.04E-12,3.26E-07,-3.2588E-07
0.015000000000000001,0.15,-4.0151000000000004E-10,2.9301E-10,-6.8E-13,3.2598E-07,-3.2586E-07
0.02,0.15,-3.6836E-10,2.8007000000000005E-10,-5E-13,3.2596E-07,-3.2588E-07
0.025,0.15,-3.3315000000000003E-10,2.7161E-10,-4.0000000000000006E-14,3.2596E-07,-3.2589999999999997E-07
0.030000000000000002,0.15,-3.0922000000000004E-10,2.6015000000000003E-10,3.0000000000000005E-14,3.26E-07,-3.2594E-07
0.035,0.15,-2.8466000000000003E-10,2.5029E-10,-6.3E-13,3.26E-07,-3.2598E-07
0.04,0.15,-2.5099000000000003E-10,2.4075E-10,8E-13,3.2598E-07,-3.2608E-07
0.045000000000000005,0.15,-2.2644000000000002E-10,2.3396000000000004E-10,-7E-13,3.2594E-07,-3.2602E-07
0.05,0.15,-1.9792000000000003E-10,2.2336000000000002E-10,-4.5000000000000005E-13,3.2608E-07,-3.2603999999999997E-07
0.055,0.15,-1.7153E-10,2.1692E-10,-1.9000000000000002E-13,3.2594E-07,-3.2594E-07
0.060000000000000005,0.15,-1.5533000000000002E-10,2.0956000000000002E-10,-2.0000000000000003E-14,3.2594E-07,-3.2596E-07
0.065,0.15,-1.3512000000000002E-10,2.0283E-10,-5.5000000000000008E-13,3.2589999999999997E-07,-3.2603999999999997E-07
0.07,0.15,-1.1617000000000001E-10,1.9429E-10,6.9000000000000009E-13,3.26E-07,-3.2602E-07
0.075,0.15,-9.176E-11,1.8948000000000003E-10,6.0000000000000009E-14,3.2596E-07,-3.2602E-07
0.08,0.15,-6.363E-11,1.8399E-10,-2.1000000000000001E-13,3.2596E-07,-3.2612E-07
0.085,0.15,-4.8670000000000005E-11,1.7679000000000002E-10,-3.6000000000000003E-13,3.2598E-07,-3.2606E-07
0.090000000000000011,0.15,-2.8900000000000002E-11,1.7016E-10,9.0000000000000008E-14,3.2589999999999997E-07,-3.2608E-07
0.095,0.15,-3.38E-12,1.6711E-10,-2.0000000000000003E-14,3.2596E-07,-3.2612E-07
0.1,0.15,1.1110000000000001E-11,1.5946E-10,-5.3000000000000006E-13,3.2602E-07,-3.2617999999999997E-07
0.10500000000000001,0.15,3.2870000000000005E-11,1.5536000000000002E-10,-3.3E-13,3.2596E-07,-3.262E-07
0.11,0.15,6.179E-11,1.5002000000000002E-10,8E-13,3.2596E-07,-3.2614E-07
0.115,0.15,8.048E-11,1.4722E-10,-1.0600000000000001E-12,3.2596E-07,-3.2612E-07
0.12000000000000001,0.15,1.0344000000000001E-10,1.3984E-10,-3.0000000000000005E-14,3.2592E-07,-3.262E-07
0.125,0.15,1.2221E-10,1.3784E-10,-1.0100000000000001E-12,3.2596E-07,-3.2624E-07
0.13,0.15,1.4725E-10,1.3217000000000002E-10,-5.3000000000000006E-13,3.2596E-07,-3.2616E-07
0.135,0.15,1.6881E-10,1.2764E-10,-9.6000000000000015E-13,3.2594E-07,-3.2624E-07
0.14,0.15,1.8055E-10,1.2292E-10,2.5E-13,3.26E-07,-3.2624E-07
0.14500000000000002,0.15,2.1292000000000003E-10,1.2027000000000002E-10,-1.1000000000000001E-13,3.2589999999999997E-07,-3.263E-07
0.15,0.15,2.2374000000000002E-10,1.1541E-10,-6.3E-13,3.2596E-07,-3.2626E-07
0.155,0.15,2.4515000000000003E-10,1.1078E-10,-8.1000000000000008E-13,3.26E-07,-3.263E-07
0.16,0.15,2.6605000000000003E-10,1.0796000000000001E-10,-1.0600000000000001E-12,3.2594E-07,-3.2628E-07
0.165,0.15,2.9785E-10,1.0362000000000001E-10,-4.0000000000000006E-14,3.2594E-07,-3.2636E-07
0.17,0.15,3.1563E-10,9.95E-11,-1.23E-12,3.26E-07,-3.2648E-07
0.17500000000000002,0.15,3.4452E-10,9.5800000000000008E-11,3.8000000000000005E-13,3.2589999999999997E-07,-3.264E-07
0.18000000000000002,0.15,3.7048000000000005E-10,9.1790000000000013E-11,-5.7E-13,3.2594E-07,-3.2648E-07
0.185,0.15,3.9264000000000005E-10,8.7580000000000009E-11,-1.04E-12,3.2589999999999997E-07,-3.2636E-07
0.19,0.15,3.9655000000000004E-10,8.3200000000000007E-11,-5.4E-13,3.2589999999999997E-07,-3.2648E-07
0.195,0.15,4.3835000000000004E-10,8.096000000000001E-11,-1.3000000000000001E-12,3.2596E-07,-3.2648E-07
0.2,0.15,4.6551000000000003E-10,7.602E-11,-8.6000000000000007E-13,3.2602E-07,-3.2642E-07
0.20500000000000002,0.15,4.7995000000000008E-10,7.1750000000000011E-11,-8.300000000000001E-13,3.2588E-07,-3.2644E-07
0.21000000000000002,0.15,5.1132E-10,6.7650000000000007E-11,1.3E-13,3.2594E-07,-3.2662E-07
0.215,0.15,5.5637E-10,6.531E-11,-7.7000000000000005E-13,3.2588E-07,-3.2644E-07
0.22,0.15,5.5734000000000006E-10,6.0230000000000008E-11,-3.6000000000000003E-13,3.2594E-07,-3.2659999999999997E-07
0.225,0.15,5.9837000000000008E-10,5.6400000000000007E-11,-4.8000000000000008E-13,3.2584E-07,-3.2662E-07
0.23,0.15,6.2280000000000006E-10,5.3410000000000006E-11,-6.6E-13,3.2588E-07,-3.2656E-07
0.23500000000000001,0.15,6.2834E-10,4.815E-11,-4.0000000000000006E-14,3.2582E-07,-3.2659999999999997E-07
0.24000000000000002,0.15,6.7610000000000007E-10,4.3030000000000005E-11,-6.1E-13,3.2589999999999997E-07,-3.2656E-07
0.24500000000000002,0.15,7.1884000000000007E-10,3.9830000000000006E-11,2.9000000000000003E-13,3.2596E-07,-3.2672E-07
0.25,0.15,7.455400000000001E-10,3.566E-11,-5.5000000000000008E-13,3.2598E-07,-3.2662E-07
0.255,0.15,7.6171E-10,3.008E-11,-2.8E-13,3.2589999999999997E-07,-3.2668E-07
0.26,0.15,8.034800000000001E-10,2.5170000000000002E-11,4.3000000000000004E-13,3.2588E-07,-3.2672E-07
0.265,0.15,8.2834000000000006E-10,2.227E-11,-6.6E-13,3.2584E-07,-3.2673999999999997E-07
0.27,0.15,8.5553E-10,1.5250000000000002E-11,-2.5E-13,3.2594E-07,-3.2684E-07
0.275,0.15,8.8465E-10,1.1320000000000001E-11,-3.1000000000000004E-13,3.2588E-07,-3.2678E-07
0.28,0.15,9.2229E-10,5.65E-12,1.7E-13,3.2586E-07,-3.269E-07
0.28500000000000003,0.15,9.5843000000000017E-10,1.96E-12,2.1000000000000001E-13,3.2589999999999997E-07,-3.2676E-07
0.29000000000000004,0.15,9.9298E-10,-4.63E-12,5.9E-13,3.2592E-07,-3.2692E-07
0.29500000000000004,0.15,1.0303E-09,-9.55E-12,3.0000000000000005E-14,3.2586E-07,-3.2696E-07
0.3,0.15,1.0611E-09,-1.444E-11,-1E-13,3.2589999999999997E-07,-3.2698E-07
0.305,0.15,1.098E-09,-1.875E-11,-9.0000000000000008E-14,3.2598E-07,-3.2701999999999997E-07
0.31,0.15,1.1293E-09,-2.706E-11,3.0000000000000003E-13,3.2594E-07,-3.2698E-07
0.315,0.15,1.184E-09,-3.109E-11,2.6E-13,3.2588E-07,-3.2704E-07
0.32,0.15,1.2053E-09,-3.6360000000000004E-11,-1.5600000000000002E-12,3.2589999999999997E-07,-3.2706E-07
0.325,0.15,1.2529E-09,-4.2150000000000004E-11,-5.5000000000000008E-13,3.2588E-07,-3.271E-07
0.33,0.15,1.2791E-09,-4.9870000000000005E-11,-3.3E-13,3.2589999999999997E-07,-3.2714E-07
0.335,0.15,1.3156E-09,-5.437E-11,-1.8000000000000002E-13,3.2589999999999997E-07,-3.2704E-07
0.34,0.15,1.3747E-09,-6.053000000000001E-11,-6.5000000000000006E-13,3.2588E-07,-3.272E-07
0.34500000000000003,0.15,1.4112E-09,-6.9130000000000011E-11,-4E-13,3.2582E-07,-3.272E-07
0.35000000000000003,0.15,1.4478E-09,-7.409E-11,3.5E-13,3.2584E-07,-3.2722E-07
0.35500000000000004,0.15,1.4853E-09,-7.9640000000000009E-11,-3.7000000000000004E-13,3.2584E-07,-3.2722E-07
0.36000000000000004,0.15,1.5315E-09,-8.713E-11,-7.100000000000001E-13,3.2588E-07,-3.2728E-07
0.365,0.15,1.5922E-09,-9.418E-11,-6.7000000000000007E-13,3.258E-07,-3.2729999999999997E-07
0.37,0.15,1.6198E-09,-1.0100000000000001E-10,-1.04E-12,3.26E-07,-3.2743999999999997E-07
0.375,0.15,1.6591E-09,-1.0678E-10,-1.14E-12,3.2589999999999997E-07,-3.2738E-07
0.38,0.15,1.6987E-09,-1.1598000000000001E-10,-3.7000000000000004E-13,3.2589999999999997E-07,-3.2752E-07
0.385,0.15,1.7477E-09,-1.2199E-10,4.5000000000000005E-13,3.2596E-07,-3.2757999999999997E-07
0.39,0.15,1.7956E-09,-1.2932E-10,-1.3E-13,3.2584E-07,-3.2756E-07
0.395,0.15,1.8527E-09,-1.3649E-10,5E-14,3.2589999999999997E-07,-3.2768E-07
0.4,0.15,1.8626E-09,-1.4494000000000002E-10,-7E-14,3.258E-07,-3.276E-07
0.405,0.15,1.9609E-09,-1.5131000000000002E-10,-6.5000000000000006E-13,3.2584E-07,-3.2774E-07
0.41000000000000003,0.15,1.9957E-09,-1.5837000000000002E-10,-1.4700000000000002E-12,3.2589999999999997E-07,-3.2774E-07
0.41500000000000004,0.15,2.0303E-09,-1.6795000000000003E-10,-3.2000000000000005E-13,3.2589999999999997E-07,-3.277E-07
0.42000000000000004,0.15,2.043E-09,-1.7479000000000002E-10,-4.0000000000000006E-14,3.2584E-07,-3.2782E-07
0.42500000000000004,0.15,2.1478E-09,-1.8261E-10,1.5000000000000002E-13,3.2589999999999997E-07,-3.2785999999999997E-07
0.43,0.15,2.2042E-09,-1.8997000000000002E-10,6.5000000000000006E-13,3.2592E-07,-3.2785999999999997E-07
0.435,0.15,2.2522E-09,-1.9936000000000002E-10,-6.0000000000000009E-14,3.2588E-07,-3.2796E-07
0.44,0.15,2.32E-09,-2.0608000000000003E-10,3.9000000000000005E-13,3.2598E-07,-3.2788E-07
0.445,0.15,2.3542E-09,-2.1375E-10,-9.7000000000000011E-13,3.2588E-07,-3.2799999999999997E-07
0.45,0.15,2.3685E-09,-2.2329E-10,2.3000000000000003E-13,3.2592E-07,-3.2799999999999997E-07
0.455,0.15,2.4651E-09,-2.3113E-10,-1.09E-12,3.2596E-07,-3.2824E-07
0.46,0.15,2.5234E-09,-2.3897E-10,-2.7E-13,3.2588E-07,-3.2813999999999997E-07
0.465,0.15,2.5747E-09,-2.4809E-10,-5.1E-13,3.2586E-07,-3.2813999999999997E-07
0.47000000000000003,0.15,2.6303E-09,-2.5737E-10,3.0000000000000005E-14,3.2589999999999997E-07,-3.282E-07
0.47500000000000003,0.15,2.7E-09,-2.6526E-10,4.0000000000000006E-14,3.2582E-07,-3.2832E-07
0.48000000000000004,0.15,2.7558E-09,-2.7352E-10,-1.08E-12,3.2588E-07,-3.2841999999999997E-07
0.48500000000000004,0.15,2.8533E-09,-2.8442000000000004E-10,4.0000000000000006E-14,3.2582E-07,-3.2846E-07
0.49000000000000005,0.15,2.8914E-09,-2.9405000000000003E-10,-4.7E-13,3.2588E-07,-3.2848E-07
0.49500000000000005,0.15,2.9707E-09,-3.0191000000000005E-10,-5.7E-13,3.2584E-07,-3.2848E-07
0.5,0.15,3.0058E-09,-3.1245000000000004E-10,-1.03E-12,3.2586E-07,-3.2855999999999997E-07
0.505,0.15,3.0919E-09,-3.2227E-10,-2.9000000000000003E-13,3.2592E-07,-3.286E-07
0.51,0.15,3.1516E-09,-3.3197000000000004E-10,3.5E-13,3.2592E-07,-3.2864E-07
0.515,0.15,3.2166E-09,-3.4182E-10,-1.12E-12,3.2586E-07,-3.2866E-07
0.52,0.15,3.283E-09,-3.5428000000000004E-10,4.9E-13,3.2584E-07,-3.2882E-07
0.525,0.15,3.3316E-09,-3.6325E-10,-2.7E-13,3.2582E-07,-3.2886E-07
0.53,0.15,3.441E-09,-3.7348000000000004E-10,-1.6000000000000003E-13,3.2582E-07,-3.2888E-07
0.535,0.15,3.5052E-09,-3.8421E-10,-8.2E-13,3.2576E-07,-3.2902E-07
0.54,0.15,3.5722E-09,-3.9701E-10,-5.9E-13,3.2592E-07,-3.29E-07
0.545,0.15,3.6441E-09,-4.0838000000000004E-10,-7.8000000000000011E-13,3.2588E-07,-3.2908E-07
0.55,0.15,3.7516E-09,-4.1947000000000005E-10,-9.2000000000000012E-13,3.2584E-07,-3.2922E-07
0.555,0.15,3.8046E-09,-4.3152E-10,4.6000000000000006E-13,3.2589999999999997E-07,-3.2925999999999997E-07
0.56,0.15,3.9418E-09,-4.4359E-10,-2.0000000000000003E-14,3.2582E-07,-3.2953999999999997E-07
0.56500000000000006,0.15,3.9853E-09,-4.5570000000000004E-10,-1.7E-13,3.258E-07,-3.2936E-07
0.57000000000000006,0.15,3.9896E-09,-4.6829E-10,-2.1000000000000001E-13,3.2582E-07,-3.2932E-07
0.57500000000000007,0.15,4.1574E-09,-4.8185E-10,-1.4E-13,3.2584E-07,-3.2948E-07
0.58000000000000007,0.15,4.2321E-09,-4.938E-10,-2.8E-13,3.2582E-07,-3.2953999999999997E-07
0.58500000000000008,0.15,4.3325E-09,-5.0679000000000007E-10,-9.5E-13,3.2582E-07,-3.2966E-07
0.59000000000000008,0.15,4.3923E-09,-5.2162E-10,-2.6E-13,3.2612E-07,-3.299E-07
0.595,0.15,4.5154E-09,-5.3569E-10,1.0000000000000002E-14,3.2589999999999997E-07,-3.2988E-07
0.6,0.15,4.6112E-09,-5.4951E-10,-2.5E-13,3.2578E-07,-3.299E-07
0.605,0.15,4.7132E-09,-5.6327000000000006E-10,-4.1E-13,3.2588E-07,-3.3004E-07
0.61,0.15,4.7952E-09,-5.7861E-10,-9.7000000000000011E-13,3.2582E-07,-3.2998E-07
0.615,0.15,4.9028E-09,-5.9222E-10,-4.0000000000000006E-14,3.2586E-07,-3.3008E-07
0.62,0.15,5.0024E-09,-6.0767E-10,-7.9000000000000007E-13,3.2582E-07,-3.302E-07
0.625,0.15,5.1157E-09,-6.2304000000000005E-10,-3.5E-13,3.2582E-07,-3.3032E-07
0.63,0.15,5.2303E-09,-6.3993000000000008E-10,-6.1E-13,3.2582E-07,-3.305E-07
0.635,0.15,5.3419E-09,-6.5424E-10,-5.1E-13,3.2584E-07,-3.305E-07
0.64,0.15,5.4694E-09,-6.7237E-10,3.0000000000000005E-14,3.2588E-07,-3.3058E-07
0.645,0.15,5.5697E-09,-6.882400000000001E-10,4.5000000000000005E-13,3.2578E-07,-3.3084E-07
0.65,0.15,5.6658E-09,-7.0481000000000007E-10,3.7000000000000004E-13,3.2586E-07,-3.3072E-07
0.655,0.15,5.7864E-09,-7.2159000000000009E-10,-3.3E-13,3.2576E-07,-3.3084E-07
0.66,0.15,5.9067E-09,-7.3950000000000008E-10,-9.4E-13,3.2617999999999997E-07,-3.312E-07
0.665,0.15,6.0742E-09,-7.5811000000000008E-10,-7.3E-13,3.2578E-07,-3.311E-07
0.67,0.15,6.1331E-09,-7.7423E-10,-7.4000000000000008E-13,3.2578E-07,-3.311E-07
0.675,0.15,6.2534E-09,-7.9461000000000011E-10,-2.3000000000000003E-13,3.2572E-07,-3.3116E-07
0.68,0.15,6.356E-09,-8.1257E-10,-1.4E-13,3.2576E-07,-3.3128E-07
0.685,0.15,6.5168E-09,-8.3147E-10,2.0000000000000003E-14,3.2586E-07,-3.3156E-07
0.69000000000000006,0.15,6.6348E-09,-8.4962000000000011E-10,-3.0000000000000003E-13,3.2592E-07,-3.3152E-07
0.69500000000000006,0.15,6.7408E-09,-8.7245E-10,-7.6000000000000009E-13,3.2578E-07,-3.317E-07
0.70000000000000007,0.15,6.8601E-09,-8.9029E-10,-1.8000000000000002E-13,3.258E-07,-3.3182E-07
0.70500000000000007,0.15,7.0346E-09,-9.1031E-10,-1.1000000000000001E-13,3.2584E-07,-3.3194E-07
0.71000000000000008,0.15,7.1842E-09,-9.3328000000000011E-10,-5.8000000000000005E-13,3.2588E-07,-3.3208E-07
0.71500000000000008,0.15,7.2955E-09,-9.5362E-10,-3.0000000000000003E-13,3.2578E-07,-3.321E-07
0.72000000000000008,0.15,7.4399E-09,-9.7416E-10,-4.1E-13,3.2578E-07,-3.3224E-07
0.72500000000000009,0.15,7.6148E-09,-9.9612E-10,9.0000000000000008E-14,3.2578E-07,-3.3224E-07
0.73,0.15,7.8147E-09,-1.02037E-09,1.04E-12,3.2578E-07,-3.3256E-07
0.735,0.15,7.8572E-09,-1.0410600000000001E-09,5.8000000000000005E-13,3.2584E-07,-3.3256E-07
0.74,0.15,7.9823E-09,-1.06436E-09,-7.4000000000000008E-13,3.2576E-07,-3.3266E-07
0.745,0.15,8.2344E-09,-1.0883800000000001E-09,-1E-12,3.2572E-07,-3.3284E-07
0.75,0.15,8.3446E-09,-1.11096E-09,1.4E-13,3.2582E-07,-3.3306E-07
0.755,0.15,8.5035E-09,-1.13576E-09,-1.04E-12,3.2578E-07,-3.3316E-07
0.76,0.15,8.7152E-09,-1.1598E-09,2.8E-13,3.2582E-07,-3.333E-07
0.765,0.15,8.8313E-09,-1.1845E-09,-1.0100000000000001E-12,3.257E-07,-3.3348E-07
0.77,0.15,9.0311E-09,-1.2111E-09,-2.1000000000000001E-13,3.2574E-07,-3.3359999999999997E-07
0.775,0.15,9.2436E-09,-1.237E-09,1.5000000000000002E-13,3.2566E-07,-3.3366E-07
0.78,0.15,9.3199E-09,-1.2611E-09,-7.2000000000000006E-13,3.2582E-07,-3.3382E-07
0.785,0.15,9.5373E-09,-1.2883E-09,-6.5000000000000006E-13,3.2572E-07,-3.341E-07
0.79,0.15,9.6358E-09,-1.3146E-09,-7.6000000000000009E-13,3.2578E-07,-3.3418E-07
0.795,0.15,9.834E-09,-1.3422E-09,-7E-13,3.257E-07,-3.344E-07
0.8,0.15,9.9969E-09,-1.3702E-09,-7.4000000000000008E-13,3.2574E-07,-3.3443999999999997E-07
0.805,0.15,1.0242E-08,-1.4004E-09,-2.7E-13,3.2568E-07,-3.3442E-07
0.81,0.15,1.03641E-08,-1.4293E-09,-1.6000000000000003E-13,3.2578E-07,-3.3478E-07
0.81500000000000006,0.15,1.05959E-08,-1.4573E-09,-5.1E-13,3.2578E-07,-3.3485999999999997E-07
0.82000000000000006,0.15,1.08231E-08,-1.4882E-09,-2.5E-13,3.2568E-07,-3.351E-07
0.82500000000000007,0.15,1.10087E-08,-1.5196E-09,-7E-13,3.2574E-07,-3.3504E-07
0.83000000000000007,0.15,1.1214799999999999E-08,-1.5493E-09,-1.04E-12,3.2582E-07,-3.3538E-07
0.83500000000000008,0.15,1.1472399999999999E-08,-1.5807E-09,-8.2E-13,3.2578E-07,-3.3555999999999997E-07
0.84000000000000008,0.15,1.1630799999999999E-08,-1.6127E-09,-1.4E-13,3.2572E-07,-3.3576E-07
0.84500000000000008,0.15,1.1858599999999999E-08,-1.6452E-09,-2.2000000000000002E-13,3.2578E-07,-3.3602E-07
0.85000000000000009,0.15,1.2017999999999999E-08,-1.6789E-09,-9.9E-13,3.2572E-07,-3.3602E-07
0.85500000000000009,0.15,1.2256599999999998E-08,-1.7119E-09,3.3E-13,3.2576E-07,-3.3664E-07
0.86,0.15,1.2507999999999999E-08,-1.7455E-09,0,3.2578E-07,-3.3646E-07
0.865,0.15,1.2703599999999999E-08,-1.7804E-09,-2.6E-13,3.2574E-07,-3.367E-07
0.87,0.15,1.2954199999999999E-08,-1.8154E-09,-1.14E-12,3.2572E-07,-3.3676E-07
0.875,0.15,1.3162999999999999E-08,-1.8514E-09,-4.1E-13,3.2574E-07,-3.3712E-07
0.88,0.15,1.3382799999999999E-08,-1.8896E-09,-2.0000000000000003E-14,3.2578E-07,-3.3746E-07
0.885,0.15,1.3566599999999998E-08,-1.9248E-09,-8.1000000000000008E-13,3.2576E-07,-3.3756E-07
0.89,0.15,1.38666E-08,-1.9636E-09,-6.5000000000000006E-13,3.2576E-07,-3.377E-07
0.895,0.15,1.4134599999999999E-08,-2.0006E-09,-6.0000000000000007E-13,3.2572E-07,-3.3786E-07
0.9,0.15,1.4387799999999999E-08,-2.0395E-09,1.6000000000000003E-13,3.2572E-07,-3.3806E-07
0,0.3,-8.4705000000000009E-10,6.7041000000000007E-10,-1.7E-13,3.2588E-07,-3.2572E-07
0.005,0.3,-7.7275E-10,6.4214E-10,3.8000000000000005E-13,3.2588E-07,-3.2572E-07
0.01,0.3,-7.191200000000001E-10,6.1614E-10,-6.1E-13,3.2588E-07,-3.2578E-07
0.015000000000000001,0.3,-6.8025E-10,5.8897000000000009E-10,-8.9E-13,3.2589999999999997E-07,-3.258E-07
0.02,0.3,-6.3256E-10,5.6678000000000008E-10,-5.7E-13,3.2589999999999997E-07,-3.2578E-07
0.025,0.3,-5.8634000000000007E-10,5.4390000000000006E-10,-4.8000000000000008E-13,3.2592E-07,-3.2586E-07
0.030000000000000002,0.3,-5.5512E-10,5.2448E-10,-3.0000000000000005E-14,3.2582E-07,-3.2582E-07
0.035,0.3,-5.1703E-10,5.0238000000000008E-10,-1.0000000000000002E-14,3.2584E-07,-3.2582E-07
0.04,0.3,-4.7812E-10,4.8599E-10,6.0000000000000009E-14,3.2586E-07,-3.2594E-07
0.045000000000000005,0.3,-4.4413000000000005E-10,4.6872E-10,-8.9E-13,3.2589999999999997E-07,-3.2586E-07
0.05,0.3,-4.1759000000000005E-10,4.5038000000000005E-10,-2.5E-13,3.2586E-07,-3.2589999999999997E-07
0.055,0.3,-3.7889E-10,4.3657E-10,-3.4E-13,3.2578E-07,-3.2588E-07
0.060000000000000005,0.3,-3.4641000000000005E-10,4.2270000000000005E-10,-7.6000000000000009E-13,3.2588E-07,-3.2592E-07
0.065,0.3,-3.2602000000000003E-10,4.0786000000000003E-10,-6.2000000000000008E-13,3.2576E-07,-3.2596E-07
0.07,0.3,-2.9698000000000004E-10,3.9478E-10,5.2E-13,3.2586E-07,-3.2598E-07
0.075,0.3,-2.6236E-10,3.8389E-10,-1E-13,3.2584E-07,-3.2602E-07
0.08,0.3,-2.3131000000000003E-10,3.7123E-10,-1.1600000000000001E-12,3.2588E-07,-3.2602E-07
0.085,0.3,-2.0812000000000003E-10,3.5935E-10,-2.6E-13,3.2588E-07,-3.2602E-07
0.090000000000000011,0.3,-1.7761000000000002E-10,3.5023000000000004E-10,-8.1000000000000008E-13,3.2588E-07,-3.2602E-07
0.095,0.3,-1.5987E-10,3.3926E-10,-1.02E-12,3.258E-07,-3.2603999999999997E-07
0.1,0.3,-1.3706000000000002E-10,3.2892000000000004E-10,-5E-13,3.2586E-07,-3.2606E-07
0.10500000000000001,0.3,-1.1181000000000001E-10,3.1897000000000004E-10,1E-13,3.2584E-07,-3.261E-07
0.11,0.3,-7.6160000000000012E-11,3.1267E-10,1E-13,3.2589999999999997E-07,-3.2617999999999997E-07
0.115,0.3,-6.295E-11,3.0226E-10,-7.2000000000000006E-13,3.2589999999999997E-07,-3.2617999999999997E-07
0.12000000000000001,0.3,-3.7350000000000005E-11,2.9457E-10,-1.2000000000000002E-13,3.2588E-07,-3.2617999999999997E-07
0.125,0.3,-9.44E-12,2.8817E-10,-9.5E-13,3.2588E-07,-3.2616E-07
0.13,0.3,1.363E-11,2.8064E-10,-1.0500000000000002E-12,3.2584E-07,-3.262E-07
0.135,0.3,3.408E-11,2.7166E-10,2.9000000000000003E-13,3.2584E-07,-3.2624E-07
0.14,0.3,8.635E-11,2.66E-10,5.5000000000000008E-13,3.2588E-07,-3.2624E-07
0.14500000000000002,0.3,8.906E-11,2.6009000000000003E-10,-2.5E-13,3.2589999999999997E-07,-3.2612E-07
0.15,0.3,1.0539000000000001E-10,2.5197E-10,-1.0600000000000001E-12,3.2582E-07,-3.262E-07
0.155,0.3,1.465E-10,2.4654E-10,6.0000000000000009E-14,3.2578E-07,-3.262E-07
0.16,0.3,1.6961000000000002E-10,2.4131E-10,-8.7E-13,3.2584E-07,-3.2626E-07
0.165,0.3,1.7812E-10,2.3528000000000004E-10,-3.2000000000000005E-13,3.261E-07,-3.2659999999999997E-07
0.17,0.3,2.0006E-10,2.2785000000000002E-10,2.2000000000000002E-13,3.2589999999999997E-07,-3.263E-07
0.17500000000000002,0.3,2.3207E-10,2.2439000000000001E-10,2.6E-13,3.258E-07,-3.2626E-07
0.18000000000000002,0.3,2.4182E-10,2.1897000000000002E-10,4.7E-13,3.2582E-07,-3.2628E-07
0.185,0.3,2.7467000000000005E-10,2.1301000000000002E-10,-5.6E-13,3.258E-07,-3.263E-07
0.19,0.3,3.0482000000000004E-10,2.0924000000000002E-10,2.7E-13,3.2584E-07,-3.2642E-07
0.195,0.3,3.2608E-10,2.0454000000000003E-10,-9.5E-13,3.2584E-07,-3.2631999999999997E-07
0.2,0.3,3.6247000000000004E-10,2.0014000000000002E-10,-5.1E-13,3.258E-07,-3.2634E-07
0.20500000000000002,0.3,3.7888000000000004E-10,1.9452000000000002E-10,-9.0000000000000008E-14,3.2582E-07,-3.263E-07
0.21000000000000002,0.3,4.1782E-10,1.9084E-10,2.5E-13,3.2572E-07,-3.2636E-07
0.215,0.3,4.3384E-10,1.8621000000000002E-10,-2.3000000000000003E-13,3.2572E-07,-3.2644E-07
0.22,0.3,4.6376000000000006E-10,1.8167E-10,5E-14,3.2576E-07,-3.265E-07
0.225,0.3,4.8939E-10,1.7871000000000002E-10,-2.0000000000000003E-14,3.2578E-07,-3.2648E-07
0.23,0.3,5.1735000000000008E-10,1.7508E-10,-1.32E-12,3.2578E-07,-3.265E-07
0.23500000000000001,0.3,5.3741E-10,1.7046000000000002E-10,-4.6000000000000006E-13,3.2582E-07,-3.2662E-07
0.24000000000000002,0.3,5.7855E-10,1.6553000000000002E-10,-5.3000000000000006E-13,3.2588E-07,-3.2662E-07
0.24500000000000002,0.3,6.0594000000000008E-10,1.6315E-10,-4.5000000000000005E-13,3.2578E-07,-3.2662E-07
0.25,0.3,6.2655000000000007E-10,1.5950000000000002E-10,2.2000000000000002E-13,3.257E-07,-3.2666E-07
0.255,0.3,6.5820000000000006E-10,1.5470000000000002E-10,-6.2000000000000008E-13,3.2586E-07,-3.2664E-07
0.26,0.3,6.8754000000000009E-10,1.5300000000000001E-10,-8.300000000000001E-13,3.258E-07,-3.2664E-07
0.265,0.3,7.1782E-10,1.4868000000000002E-10,-9.9E-13,3.2578E-07,-3.2676E-07
0.27,0.3,7.2504E-10,1.4503000000000002E-10,-6.5000000000000006E-13,3.258E-07,-3.2666E-07
0.275,0.3,7.8424000000000008E-10,1.4101E-10,-5.6E-13,3.2578E-07,-3.2673999999999997E-07
0.28,0.3,8.1456E-10,1.3967000000000002E-10,-7.5E-13,3.2576E-07,-3.2672E-07
0.28500000000000003,0.3,8.4265000000000008E-10,1.3514E-10,-3.3E-13,3.2586E-07,-3.2684E-07
0.29000000000000004,0.3,8.6999000000000012E-10,1.3002E-10,-3.0000000000000003E-13,3.2582E-07,-3.2684E-07
0.29500000000000004,0.3,8.9978000000000007E-10,1.2908E-10,-5E-14,3.2578E-07,-3.268E-07
0.3,0.3,9.424E-10,1.2383E-10,-9.7000000000000011E-13,3.258E-07,-3.2682E-07
0.305,0.3,9.7582E-10,1.2159000000000002E-10,-1.12E-12,3.2582E-07,-3.268E-07
0.31,0.3,9.748E-10,1.1864000000000002E-10,-2.4000000000000004E-13,3.258E-07,-3.2694E-07
0.315,0.3,1.056E-09,1.1427000000000001E-10,8.0000000000000013E-14,3.258E-07,-3.2692E-07
0.32,0.3,1.0801E-09,1.1291000000000001E-10,-6.6E-13,3.2578E-07,-3.2698E-07
0.325,0.3,1.1131E-09,1.0653E-10,-7.4000000000000008E-13,3.2576E-07,-3.2701999999999997E-07
0.33,0.3,1.1544E-09,1.0411E-10,1.7E-13,3.2578E-07,-3.2694E-07
0.335,0.3,1.1798E-09,1.0147000000000001E-10,-1.0600000000000001E-12,3.2586E-07,-3.2715999999999997E-07
0.34,0.3,1.2236E-09,9.672E-11,-2.5E-13,3.258E-07,-3.2712E-07
0.34500000000000003,0.3,1.2506E-09,9.333E-11,-7E-14,3.2584E-07,-3.271E-07
0.35000000000000003,0.3,1.2972E-09,8.8770000000000007E-11,1.2000000000000002E-13,3.2588E-07,-3.2724E-07
0.35500000000000004,0.3,1.3441E-09,8.7420000000000007E-11,-2.3000000000000003E-13,3.2582E-07,-3.272E-07
0.36000000000000004,0.3,1.3889E-09,8.1840000000000012E-11,-3.3E-13,3.258E-07,-3.2724E-07
0.365,0.3,1.4149E-09,7.904E-11,-1.5000000000000002E-13,3.2578E-07,-3.2726E-07
0.37,0.3,1.4626E-09,7.637E-11,-8.8000000000000009E-13,3.258E-07,-3.2734E-07
0.375,0.3,1.5057E-09,7.103E-11,-1.21E-12,3.2576E-07,-3.2728E-07
0.38,0.3,1.536E-09,6.677E-11,-3.5E-13,3.2578E-07,-3.2743999999999997E-07
0.385,0.3,1.5589E-09,6.289E-11,2.1000000000000001E-13,3.2576E-07,-3.274E-07
0.39,0.3,1.6401E-09,6.0780000000000009E-11,-3.5E-13,3.2582E-07,-3.2743999999999997E-07
0.395,0.3,1.6734E-09,5.4090000000000004E-11,2.6E-13,3.257E-07,-3.2746E-07
0.4,0.3,1.7107E-09,5.229E-11,-9.3E-13,3.2572E-07,-3.2757999999999997E-07
0.405,0.3,1.7776E-09,4.8160000000000005E-11,-7.3E-13,3.2576E-07,-3.2762E-07
0.41000000000000003,0.3,1.7925E-09,4.3E-11,-1.14E-12,3.2582E-07,-3.2762E-07
0.41500000000000004,0.3,1.8698E-09,3.8690000000000004E-11,-1.02E-12,3.257E-07,-3.2771999999999997E-07
0.42000000000000004,0.3,1.9263E-09,3.4430000000000004E-11,5E-14,3.2578E-07,-3.2771999999999997E-07
0.42500000000000004,0.3,1.9717E-09,3.001E-11,-6.1E-13,3.2578E-07,-3.2776E-07
0.43,0.3,2.0138E-09,2.4410000000000003E-11,-7E-14,3.2578E-07,-3.278E-07
0.435,0.3,2.0868E-09,2.016E-11,2.3000000000000003E-13,3.2576E-07,-3.278E-07
0.44,0.3,2.1285E-09,1.702E-11,-6.0000000000000009E-14,3.2578E-07,-3.2798E-07
0.445,0.3,2.1808E-09,9.88E-12,-7.7000000000000005E-13,3.2582E-07,-3.2798E-07
0.45,0.3,2.2353E-09,6.7500000000000009E-12,-4.5000000000000005E-13,3.2574E-07,-3.2792E-07
0.455,0.3,2.3121E-09,9.7000000000000011E-13,-1.8000000000000002E-13,3.2576E-07,-3.2806E-07
0.46,0.3,2.3159E-09,-3.4700000000000004E-12,-1.2900000000000002E-12,3.2576E-07,-3.281E-07
0.465,0.3,2.4133E-09,-1.016E-11,1.4E-13,3.2576E-07,-3.2818E-07
0.47000000000000003,0.3,2.4582E-09,-1.5270000000000003E-11,6.1E-13,3.2576E-07,-3.2824E-07
0.47500000000000003,0.3,2.5327E-09,-1.8330000000000003E-11,-3.5E-13,3.2572E-07,-3.2824E-07
0.48000000000000004,0.3,2.6038E-09,-2.7070000000000003E-11,6.5000000000000006E-13,3.2576E-07,-3.2836E-07
0.48500000000000004,0.3,2.6444E-09,-3.082E-11,-4.6000000000000006E-13,3.2574E-07,-3.2841999999999997E-07
0.49000000000000005,0.3,2.7262E-09,-3.7640000000000005E-11,-7E-14,3.258E-07,-3.2852E-07
0.49500000000000005,0.3,2.7881E-09,-4.1640000000000004E-11,-1.6700000000000002E-12,3.2576E-07,-3.2854E-07
0.5,0.3,2.8492E-09,-5.0520000000000004E-11,-3.6000000000000003E-13,3.2578E-07,-3.286E-07
0.505,0.3,2.9248E-09,-5.6140000000000006E-11,-1.2000000000000002E-13,3.2582E-07,-3.2866E-07
0.51,0.3,2.9864E-09,-6.083E-11,-3.6000000000000003E-13,3.2574E-07,-3.2882E-07
0.515,0.3,3.0518E-09,-6.954E-11,-1.1000000000000001E-13,3.257E-07,-3.2883999999999997E-07
0.52,0.3,3.1313E-09,-7.4340000000000012E-11,-7.100000000000001E-13,3.2582E-07,-3.289E-07
0.525,0.3,3.1828E-09,-8.2200000000000011E-11,-9.0000000000000008E-14,3.258E-07,-3.289E-07
0.53,0.3,3.2497E-09,-8.605E-11,-7.5E-13,3.2576E-07,-3.289E-07
0.535,0.3,3.326E-09,-9.5880000000000009E-11,-3.0000000000000005E-14,3.2578E-07,-3.2922E-07
0.54,0.3,3.4188E-09,-1.0072E-10,-8.7E-13,3.2572E-07,-3.2906E-07
0.545,0.3,3.4761E-09,-1.0625000000000001E-10,-1.03E-12,3.2582E-07,-3.2911999999999997E-07
0.55,0.3,3.5699E-09,-1.1588E-10,-3.7000000000000004E-13,3.2578E-07,-3.2911999999999997E-07
0.555,0.3,3.6532E-09,-1.2238000000000002E-10,-7E-13,3.2576E-07,-3.2932E-07
0.56,0.3,3.7579E-09,-1.2794E-10,1.2000000000000002E-13,3.2576E-07,-3.2934E-07
0.56500000000000006,0.3,3.7983E-09,-1.3586E-10,-1.32E-12,3.2566E-07,-3.2942E-07
0.57000000000000006,0.3,3.8468E-09,-1.4333E-10,-3.4E-13,3.2578E-07,-3.295E-07
0.57500000000000007,0.3,3.9288E-09,-1.4990000000000002E-10,8.0000000000000013E-14,3.258E-07,-3.2953999999999997E-07
0.58000000000000007,0.3,4.0357E-09,-1.5665000000000002E-10,-1.02E-12,3.2574E-07,-3.2964E-07
0.58500000000000008,0.3,4.1151E-09,-1.6572000000000002E-10,-6.7000000000000007E-13,3.257E-07,-3.2972E-07
0.59000000000000008,0.3,4.174E-09,-1.7213E-10,-7.5E-13,3.2586E-07,-3.2981999999999997E-07
0.595,0.3,4.3037E-09,-1.8121000000000001E-10,-2.8E-13,3.2578E-07,-3.2986E-07
0.6,0.3,4.3628E-09,-1.8729E-10,-7.8000000000000011E-13,3.2578E-07,-3.3002E-07
0.605,0.3,4.5168E-09,-1.9784E-10,8.8000000000000009E-13,3.2572E-07,-3.3006E-07
0.61,0.3,4.5529E-09,-2.0413000000000002E-10,-5.7E-13,3.2578E-07,-3.3012E-07
0.615,0.3,4.6257E-09,-2.1153000000000002E-10,-6.9000000000000009E-13,3.2576E-07,-3.3012E-07
0.62,0.3,4.6969E-09,-2.2134E-10,-1.7E-13,3.2572E-07,-3.3018E-07
0.625,0.3,4.7942E-09,-2.3051000000000001E-10,-1.8000000000000002E-13,3.2578E-07,-3.3037999999999997E-07
0.63,0.3,4.8996E-09,-2.3805E-10,1.1000000000000001E-13,3.2576E-07,-3.3042E-07
0.635,0.3,4.9354E-09,-2.4688000000000003E-10,-3.1000000000000004E-13,3.2572E-07,-3.3051999999999997E-07
0.64,0.3,5.0516E-09,-2.571E-10,-1.2000000000000002E-13,3.261E-07,-3.3096E-07
0.645,0.3,5.2156E-09,-2.6587000000000003E-10,1.6000000000000003E-13,3.2576E-07,-3.3065999999999997E-07
0.65,0.3,5.2876E-09,-2.7385000000000004E-10,2.5E-13,3.2578E-07,-3.3068E-07
0.655,0.3,5.4476E-09,-2.854E-10,-9.4E-13,3.2576E-07,-3.3093999999999997E-07
0.66,0.3,5.4886E-09,-2.9562E-10,2.0000000000000003E-14,3.2572E-07,-3.309E-07
0.665,0.3,5.5799E-09,-3.0466E-10,-8.5000000000000011E-13,3.2602E-07,-3.3121999999999997E-07
0.67,0.3,5.762E-09,-3.1509000000000005E-10,-6.1E-13,3.2568E-07,-3.3116E-07
0.675,0.3,5.7653E-09,-3.2612E-10,-4.1E-13,3.26E-07,-3.3121999999999997E-07
0.68,0.3,5.8953E-09,-3.3688000000000003E-10,-4E-13,3.258E-07,-3.3134E-07
0.685,0.3,6.0551E-09,-3.4684E-10,2.2000000000000002E-13,3.2584E-07,-3.3146E-07
0.69000000000000006,0.3,6.1493E-09,-3.5954000000000003E-10,3.9000000000000005E-13,3.2582E-07,-3.3158E-07
0.69500000000000006,0.3,6.2908E-09,-3.7062E-10,2.9000000000000003E-13,3.2582E-07,-3.3163999999999997E-07
0.70000000000000007,0.3,6.4077E-09,-3.8154E-10,-1.0000000000000002E-14,3.2578E-07,-3.3186E-07
0.70500000000000007,0.3,6.5297E-09,-3.9248E-10,-1.4200000000000002E-12,3.2578E-07,-3.3184E-07
0.71000000000000008,0.3,6.6719E-09,-4.071E-10,-3.2000000000000005E-13,3.2576E-07,-3.3222E-07
0.71500000000000008,0.3,6.7809E-09,-4.1633000000000005E-10,-4.5000000000000005E-13,3.2578E-07,-3.3218E-07
0.72000000000000008,0.3,6.8959E-09,-4.3057000000000004E-10,6.0000000000000009E-14,3.2572E-07,-3.3228E-07
0.72500000000000009,0.3,6.9351E-09,-4.4150000000000003E-10,-9.4E-13,3.2572E-07,-3.3232E-07
0.73,0.3,7.2033E-09,-4.5644000000000003E-10,1E-12,3.2572E-07,-3.3244E-07
0.735,0.3,7.3143E-09,-4.682E-10,3.3E-13,3.2576E-07,-3.3258E-07
0.74,0.3,7.4425E-09,-4.8152E-10,6.0000000000000009E-14,3.2578E-07,-3.3275999999999997E-07
0.745,0.3,7.6195E-09,-4.9589E-10,-6.0000000000000009E-14,3.2578E-07,-3.3274E-07
0.75,0.3,7.7087E-09,-5.0881E-10,-6.400000000000001E-13,3.2578E-07,-3.3292E-07
0.755,0.3,7.8419E-09,-5.2229000000000006E-10,-3.9000000000000005E-13,3.2578E-07,-3.3317999999999997E-07
0.76,0.3,7.9544E-09,-5.3743000000000008E-10,-3.5E-13,3.2578E-07,-3.332E-07
0.765,0.3,8.1411E-09,-5.5263000000000009E-10,-6.0000000000000009E-14,3.257E-07,-3.3342E-07
0.77,0.3,8.3501E-09,-5.6651E-10,-1.7E-13,3.2578E-07,-3.3345999999999997E-07
0.775,0.3,8.4505E-09,-5.8158000000000007E-10,-1E-13,3.258E-07,-3.3372E-07
0.78,0.3,8.6562E-09,-5.9909E-10,-2.0000000000000003E-14,3.2582E-07,-3.337E-07
0.785,0.3,8.7593E-09,-6.1211000000000007E-10,1.3E-13,3.2568E-07,-3.3387999999999997E-07
0.79,0.3,8.9154E-09,-6.2859E-10,-3.7000000000000004E-13,3.2574E-07,-3.3398E-07
0.795,0.3,9.084E-09,-6.4477E-10,-8.6000000000000007E-13,3.2564E-07,-3.3412E-07
0.8,0.3,9.2232E-09,-6.6212000000000009E-10,-1.9000000000000002E-13,3.2576E-07,-3.3424E-07
0.805,0.3,9.3737E-09,-6.776100000000001E-10,-3.9000000000000005E-13,3.2578E-07,-3.345E-07
0.81,0.3,9.6444E-09,-6.9492E-10,1.1000000000000001E-13,3.257E-07,-3.346E-07
0.81500000000000006,0.3,9.8644E-09,-7.1444000000000007E-10,-4.9E-13,3.257E-07,-3.3466E-07
0.82000000000000006,0.3,9.8507E-09,-7.3010000000000009E-10,3.0000000000000003E-13,3.257E-07,-3.3485999999999997E-07
0.82500000000000007,0.3,1.00745E-08,-7.5072000000000007E-10,-8.5000000000000011E-13,3.2594E-07,-3.354E-07
0.83000000000000007,0.3,1.03437E-08,-7.6810000000000007E-10,-1.4E-13,3.2562E-07,-3.3532E-07
0.83500000000000008,0.3,1.05026E-08,-7.8776000000000008E-10,2.2000000000000002E-13,3.2572E-07,-3.3558E-07
0.84000000000000008,0.3,1.06761E-08,-8.0481E-10,-2.7E-13,3.2572E-07,-3.3554E-07
0.84500000000000008,0.3,1.08027E-08,-8.257900000000001E-10,-2E-13,3.2572E-07,-3.358E-07
0.85000000000000009,0.3,1.11362E-08,-8.4686000000000011E-10,-2.6E-13,3.2572E-07,-3.3594E-07
0.85500000000000009,0.3,1.1218E-08,-8.6416E-10,2.5E-13,3.257E-07,-3.361E-07
0.86,0.3,1.1452999999999998E-08,-8.8616000000000007E-10,-3.2000000000000005E-13,3.2566E-07,-3.3625999999999997E-07
0.865,0.3,1.16748E-08,-9.0527000000000012E-10,-7.2000000000000006E-13,3.2576E-07,-3.365E-07
0.87,0.3,1.1909999999999999E-08,-9.2650000000000006E-10,2.2000000000000002E-13,3.257E-07,-3.3674E-07
0.875,0.3,1.2112199999999999E-08,-9.5055E-10,-4.9E-13,3.2578E-07,-3.3678E-07
0.88,0.3,1.22974E-08,-9.731E-10,-1.45E-12,3.2572E-07,-3.3702E-07
0.885,0.3,1.2477199999999999E-08,-9.9616E-10,-1.08E-12,3.2576E-07,-3.374E-07
0.89,0.3,1.2842799999999999E-08,-1.02107E-09,-9.9E-13,3.2572E-07,-3.3748E-07
0.895,0.3,1.2971199999999998E-08,-1.0443600000000001E-09,-5.9E-13,3.2578E-07,-3.376E-07
0.9,0.3,1.3104199999999999E-08,-1.06908E-09,-1.03E-12,3.2572E-07,-3.3782E-07
0,0.45,-2.0457E-09,1.8801E-09,-3.3E-13,3.2588E-07,-3.2578E-07
0.005,0.45,-1.9165E-09,1.7938E-09,-2.4000000000000004E-13,3.2582E-07,-3.2566E-07
0.01,0.45,-1.8083E-09,1.7154E-09,-3.2000000000000005E-13,3.2589999999999997E-07,-3.2572E-07
0.015000000000000001,0.45,-1.7112E-09,1.637E-09,-7.9000000000000007E-13,3.2588E-07,-3.2574E-07
0.02,0.45,-1.6218E-09,1.5673E-09,-6.3E-13,3.2588E-07,-3.2582E-07
0.025,0.45,-1.5276E-09,1.495E-09,-6.5000000000000006E-13,3.2589999999999997E-07,-3.2588E-07
0.030000000000000002,0.45,-1.4379E-09,1.4301E-09,-2.5E-13,3.2588E-07,-3.2582E-07
0.035,0.45,-1.3591E-09,1.3651E-09,-7.9000000000000007E-13,3.2578E-07,-3.2584E-07
0.04,0.45,-1.2847E-09,1.3056E-09,-7E-14,3.2589999999999997E-07,-3.2588E-07
0.045000000000000005,0.45,-1.2073E-09,1.249E-09,-1.5000000000000002E-13,3.2584E-07,-3.2589999999999997E-07
0.05,0.45,-1.1385E-09,1.1964E-09,1.0000000000000002E-14,3.2586E-07,-3.2588E-07
0.055,0.45,-1.0741E-09,1.1422E-09,1.6000000000000003E-13,3.2589999999999997E-07,-3.2596E-07
0.060000000000000005,0.45,-1.0086E-09,1.0936E-09,-9.2000000000000012E-13,3.2578E-07,-3.2596E-07
0.065,0.45,-9.3924000000000016E-10,1.0445E-09,3.0000000000000005E-14,3.2576E-07,-3.2594E-07
0.07,0.45,-8.8480000000000009E-10,1.0017E-09,-5.1E-13,3.2582E-07,-3.26E-07
0.075,0.45,-8.2865E-10,9.5732000000000016E-10,-3.4E-13,3.2589999999999997E-07,-3.2603999999999997E-07
0.08,0.45,-7.639700000000001E-10,9.1601E-10,-3.1000000000000004E-13,3.2588E-07,-3.26E-07
0.085,0.45,-7.1220000000000008E-10,8.7931E-10,-6.5000000000000006E-13,3.2586E-07,-3.2606E-07
0.090000000000000011,0.45,-6.6355E-10,8.3985000000000005E-10,4E-13,3.2586E-07,-3.26E-07
0.095,0.45,-6.1029000000000007E-10,8.0768E-10,-6.7000000000000007E-13,3.2588E-07,-3.2598E-07
0.1,0.45,-5.6182E-10,7.7180000000000006E-10,-5.5000000000000008E-13,3.2576E-07,-3.2602E-07
0.10500000000000001,0.45,-5.1532E-10,7.4252E-10,-6.3E-13,3.2586E-07,-3.2608E-07
0.11,0.45,-4.6496E-10,7.1094E-10,-1.3E-13,3.2574E-07,-3.2608E-07
0.115,0.45,-4.2047000000000005E-10,6.8757E-10,-7.3E-13,3.2582E-07,-3.2603999999999997E-07
0.12000000000000001,0.45,-3.7997000000000003E-10,6.5638000000000006E-10,-9.1000000000000016E-13,3.2584E-07,-3.2614E-07
0.125,0.45,-3.311E-10,6.3292E-10,7E-14,3.2578E-07,-3.2617999999999997E-07
0.13,0.45,-2.8669E-10,6.0852000000000009E-10,-5.4E-13,3.2584E-07,-3.2617999999999997E-07
0.135,0.45,-2.5933E-10,5.86E-10,-2.6E-13,3.258E-07,-3.2617999999999997E-07
0.14,0.45,-2.193E-10,5.6305E-10,-7.7000000000000005E-13,3.2586E-07,-3.2617999999999997E-07
0.14500000000000002,0.45,-1.8118000000000001E-10,5.4403E-10,-6.2000000000000008E-13,3.2584E-07,-3.2624E-07
0.15,0.45,-1.3583E-10,5.2403E-10,-1.2000000000000002E-13,3.2576E-07,-3.2614E-07
0.155,0.45,-1.0956000000000001E-10,5.0616E-10,-8E-13,3.2582E-07,-3.262E-07
0.16,0.45,-7.507E-11,4.8649E-10,-4.5000000000000005E-13,3.2586E-07,-3.2626E-07
0.165,0.45,-3.296E-11,4.7319E-10,-4.8000000000000008E-13,3.2578E-07,-3.262E-07
0.17,0.45,-1.9980000000000002E-11,4.541E-10,3.2000000000000005E-13,3.2588E-07,-3.263E-07
0.17500000000000002,0.45,3.908E-11,4.4110000000000006E-10,-5.6E-13,3.2584E-07,-3.2626E-07
0.18000000000000002,0.45,8.112E-11,4.2687000000000005E-10,-3.9000000000000005E-13,3.258E-07,-3.2631999999999997E-07
0.185,0.45,1.0337000000000001E-10,4.1440000000000004E-10,-1.3500000000000001E-12,3.258E-07,-3.263E-07
0.19,0.45,1.3243E-10,3.9914000000000003E-10,-1.08E-12,3.2578E-07,-3.2628E-07
0.195,0.45,1.6654E-10,3.8852E-10,2E-13,3.2582E-07,-3.2638E-07
0.2,0.45,2.0190000000000002E-10,3.7782000000000005E-10,-5.1E-13,3.2576E-07,-3.263E-07
0.20500000000000002,0.45,2.2211000000000002E-10,3.6526000000000004E-10,-4.0000000000000006E-14,3.2582E-07,-3.263E-07
0.21000000000000002,0.45,2.7032E-10,3.5496000000000003E-10,2.0000000000000003E-14,3.2584E-07,-3.2638E-07
0.215,0.45,2.9252000000000004E-10,3.4676000000000005E-10,-1.31E-12,3.2576E-07,-3.2644E-07
0.22,0.45,3.3458000000000005E-10,3.3638000000000003E-10,-4.0000000000000006E-14,3.2584E-07,-3.2642E-07
0.225,0.45,3.469E-10,3.2660000000000004E-10,-7.100000000000001E-13,3.2572E-07,-3.265E-07
0.23,0.45,3.9189000000000003E-10,3.1828E-10,4E-13,3.2578E-07,-3.2656E-07
0.23500000000000001,0.45,4.1211000000000004E-10,3.1054000000000005E-10,-4E-13,3.2582E-07,-3.265E-07
0.24000000000000002,0.45,4.6159000000000006E-10,3.0148000000000003E-10,-6.2000000000000008E-13,3.2576E-07,-3.2654E-07
0.24500000000000002,0.45,4.8131000000000007E-10,2.9424E-10,2.3000000000000003E-13,3.2572E-07,-3.2656E-07
0.25,0.45,5.1460000000000006E-10,2.8917000000000005E-10,-9.9E-13,3.2576E-07,-3.2664E-07
0.255,0.45,5.4849E-10,2.7990000000000004E-10,-4.7E-13,3.2588E-07,-3.2666E-07
0.26,0.45,5.6098000000000006E-10,2.7303000000000004E-10,-2E-13,3.2582E-07,-3.2664E-07
0.265,0.45,6.0955E-10,2.6804000000000004E-10,3.2000000000000005E-13,3.2576E-07,-3.2672E-07
0.27,0.45,6.426800000000001E-10,2.6143E-10,-1.2000000000000002E-13,3.2584E-07,-3.2668E-07
0.275,0.45,6.7111000000000007E-10,2.5473E-10,-6.6E-13,3.258E-07,-3.268E-07
0.28,0.45,7.1169000000000005E-10,2.4993000000000004E-10,-7E-14,3.2578E-07,-3.267E-07
0.28500000000000003,0.45,7.4106E-10,2.4524E-10,-1.5E-12,3.2578E-07,-3.2673999999999997E-07
0.29000000000000004,0.45,7.8451E-10,2.3775000000000003E-10,-1.0000000000000002E-14,3.2576E-07,-3.267E-07
0.29500000000000004,0.45,7.8777000000000006E-10,2.3398E-10,-4.6000000000000006E-13,3.257E-07,-3.2673999999999997E-07
0.3,0.45,8.475E-10,2.2832000000000002E-10,-2.8E-13,3.2582E-07,-3.2682E-07
0.305,0.45,8.8515000000000009E-10,2.2387000000000002E-10,3.0000000000000005E-14,3.2582E-07,-3.268E-07
0.31,0.45,9.2146E-10,2.1837000000000002E-10,-6.0000000000000007E-13,3.2572E-07,-3.2692E-07
0.315,0.45,9.6057000000000013E-10,2.1445000000000002E-10,3.3E-13,3.2588E-07,-3.27E-07
0.32,0.45,9.9327E-10,2.1072000000000002E-10,-5.7E-13,3.2578E-07,-3.2701999999999997E-07
0.325,0.45,1.0284E-09,2.0560000000000002E-10,3.2000000000000005E-13,3.2588E-07,-3.271E-07
0.33,0.45,1.0624E-09,2.0022E-10,-2.8E-13,3.2582E-07,-3.2712E-07
0.335,0.45,1.1057E-09,1.9685000000000002E-10,-1.2000000000000002E-13,3.2588E-07,-3.272E-07
0.34,0.45,1.141E-09,1.9324000000000002E-10,-5.7E-13,3.2588E-07,-3.2718E-07
0.34500000000000003,0.45,1.1888999999999999E-09,1.8813000000000003E-10,-4.0000000000000006E-14,3.2578E-07,-3.272E-07
0.35000000000000003,0.45,1.213E-09,1.8447E-10,-5.2E-13,3.2582E-07,-3.2724E-07
0.35500000000000004,0.45,1.2274E-09,1.8032E-10,6.0000000000000009E-14,3.2576E-07,-3.2732E-07
0.36000000000000004,0.45,1.3079E-09,1.7834E-10,-1.6000000000000003E-13,3.2584E-07,-3.2728E-07
0.365,0.45,1.3295E-09,1.7319000000000002E-10,-2.1000000000000001E-13,3.2584E-07,-3.2734E-07
0.37,0.45,1.3769E-09,1.7090000000000003E-10,-2.4000000000000004E-13,3.2574E-07,-3.2742E-07
0.375,0.45,1.4252E-09,1.6692E-10,-2.3000000000000003E-13,3.258E-07,-3.274E-07
0.38,0.45,1.4628E-09,1.6227000000000003E-10,-4.1E-13,3.2578E-07,-3.2743999999999997E-07
0.385,0.45,1.5556E-09,1.5972000000000002E-10,-4.1E-13,3.2582E-07,-3.2752E-07
0.39,0.45,1.5454E-09,1.5688E-10,-1E-13,3.258E-07,-3.2746E-07
0.395,0.45,1.6006E-09,1.5473000000000002E-10,-1.6200000000000002E-12,3.2586E-07,-3.2757999999999997E-07
0.4,0.45,1.639E-09,1.4849000000000002E-10,-4.2000000000000003E-13,3.258E-07,-3.2756E-07
0.405,0.45,1.683E-09,1.4735000000000001E-10,1.3E-13,3.258E-07,-3.2757999999999997E-07
0.41000000000000003,0.45,1.7338E-09,1.4359000000000002E-10,-7.5E-13,3.2576E-07,-3.276E-07
0.41500000000000004,0.45,1.7696E-09,1.3996E-10,1.9000000000000002E-13,3.2576E-07,-3.2766E-07
0.42000000000000004,0.45,1.8339E-09,1.3715E-10,-1.5000000000000002E-13,3.2578E-07,-3.2776E-07
0.42500000000000004,0.45,1.8827E-09,1.3418000000000002E-10,1.6000000000000003E-13,3.2576E-07,-3.2782E-07
0.43,0.45,1.9266E-09,1.3182000000000002E-10,-9.3E-13,3.2574E-07,-3.2778E-07
0.435,0.45,1.9924E-09,1.2722E-10,-3.0000000000000005E-14,3.2582E-07,-3.2788E-07
0.44,0.45,2.0382E-09,1.2559E-10,-3.4E-13,3.2574E-07,-3.2794E-07
0.445,0.45,2.0823E-09,1.2163E-10,-8E-13,3.2564E-07,-3.2798E-07
0.45,0.45,2.1384E-09,1.1797E-10,-2.8E-13,3.2576E-07,-3.2799999999999997E-07
0.455,0.45,2.1928E-09,1.1480000000000001E-10,-4.0000000000000006E-14,3.2572E-07,-3.2804E-07
0.46,0.45,2.249E-09,1.1220000000000001E-10,4.5000000000000005E-13,3.2584E-07,-3.281E-07
0.465,0.45,2.2994E-09,1.0959E-10,-2.2000000000000002E-13,3.2564E-07,-3.2816E-07
0.47000000000000003,0.45,2.3563E-09,1.04E-10,-1.9000000000000002E-13,3.2576E-07,-3.2822E-07
0.47500000000000003,0.45,2.4359E-09,1.0278E-10,-3.7000000000000004E-13,3.257E-07,-3.2827999999999997E-07
0.48000000000000004,0.45,2.495E-09,9.898E-11,-4.2000000000000003E-13,3.2576E-07,-3.2836E-07
0.48500000000000004,0.45,2.5596E-09,9.541000000000001E-11,-7.100000000000001E-13,3.2588E-07,-3.2836E-07
0.49000000000000005,0.45,2.6034E-09,9.178E-11,-3.2000000000000005E-13,3.2582E-07,-3.2848E-07
0.49500000000000005,0.45,2.6836E-09,8.8990000000000008E-11,3.5E-13,3.2574E-07,-3.2852E-07
0.5,0.45,2.7119E-09,8.6150000000000008E-11,-5.9E-13,3.2578E-07,-3.2862E-07
0.505,0.45,2.7705E-09,8.084E-11,1.3E-13,3.2578E-07,-3.2866E-07
0.51,0.45,2.9092E-09,7.9560000000000008E-11,-5.2E-13,3.2576E-07,-3.2869999999999997E-07
0.515,0.45,2.9696E-09,7.574E-11,-5.6E-13,3.2578E-07,-3.288E-07
0.52,0.45,2.9967E-09,7.165E-11,-2.9000000000000003E-13,3.2572E-07,-3.289E-07
0.525,0.45,3.0061E-09,6.819E-11,-7.100000000000001E-13,3.2578E-07,-3.2882E-07
0.53,0.45,3.1447E-09,6.551E-11,-6.0000000000000007E-13,3.2578E-07,-3.289E-07
0.535,0.45,3.1896E-09,6.155000000000001E-11,-1.18E-12,3.2576E-07,-3.2906E-07
0.54,0.45,3.2658E-09,5.626E-11,4.7E-13,3.2588E-07,-3.2924E-07
0.545,0.45,3.3468E-09,5.4470000000000007E-11,-4E-13,3.2584E-07,-3.2924E-07
0.55,0.45,3.4234E-09,4.9730000000000006E-11,-3.0000000000000003E-13,3.2582E-07,-3.293E-07
0.555,0.45,3.5301E-09,4.5100000000000005E-11,-6.0000000000000009E-14,3.2576E-07,-3.2939999999999997E-07
0.56,0.45,3.6002E-09,4.107E-11,-1.09E-12,3.2584E-07,-3.2942E-07
0.56500000000000006,0.45,3.6528E-09,3.751E-11,-3.7000000000000004E-13,3.2572E-07,-3.2946E-07
0.57000000000000006,0.45,3.7262E-09,3.271E-11,-5.8000000000000005E-13,3.2568E-07,-3.2952E-07
0.57500000000000007,0.45,3.8301E-09,2.6990000000000002E-11,-1.0000000000000002E-14,3.257E-07,-3.2964E-07
0.58000000000000007,0.45,3.8957E-09,2.4080000000000002E-11,-6.8E-13,3.2566E-07,-3.297E-07
0.58500000000000008,0.45,3.9818E-09,1.9620000000000002E-11,-2.5E-13,3.2574E-07,-3.2967999999999997E-07
0.59000000000000008,0.45,4.0624E-09,1.3140000000000001E-11,-2.0000000000000003E-14,3.257E-07,-3.298E-07
0.595,0.45,4.1507E-09,1.0640000000000002E-11,-7E-14,3.2566E-07,-3.2988E-07
0.6,0.45,4.2342E-09,4.89E-12,-6.5000000000000006E-13,3.2566E-07,-3.299E-07
0.605,0.45,4.3392E-09,2.1000000000000001E-13,-1.4300000000000002E-12,3.2574E-07,-3.3002E-07
0.61,0.45,4.4143E-09,-6.4300000000000007E-12,-4.1E-13,3.2578E-07,-3.3022E-07
0.615,0.45,4.5148E-09,-1.027E-11,-9.6000000000000015E-13,3.2572E-07,-3.3036E-07
0.62,0.45,4.6038E-09,-1.6430000000000002E-11,-1.1000000000000001E-13,3.2572E-07,-3.3037999999999997E-07
0.625,0.45,4.7431E-09,-2.156E-11,4.0000000000000006E-14,3.2576E-07,-3.3048E-07
0.63,0.45,4.8274E-09,-2.8310000000000004E-11,-2.7E-13,3.2568E-07,-3.3048E-07
0.635,0.45,4.8912E-09,-3.1840000000000003E-11,-4.9E-13,3.2572E-07,-3.3054E-07
0.64,0.45,5.0406E-09,-3.8810000000000006E-11,-1.85E-12,3.257E-07,-3.3065999999999997E-07
0.645,0.45,5.1489E-09,-4.4630000000000005E-11,-6.0000000000000007E-13,3.2566E-07,-3.3074E-07
0.65,0.45,5.2016E-09,-4.927E-11,-8.8000000000000009E-13,3.2574E-07,-3.309E-07
0.655,0.45,5.3132E-09,-5.5550000000000005E-11,-1.08E-12,3.2576E-07,-3.3104E-07
0.66,0.45,5.3886E-09,-6.181E-11,-4.8000000000000008E-13,3.2572E-07,-3.311E-07
0.665,0.45,5.5851E-09,-6.7890000000000011E-11,-4.2000000000000003E-13,3.2574E-07,-3.3124E-07
0.67,0.45,5.6641E-09,-7.328E-11,-5.5000000000000008E-13,3.2568E-07,-3.3128E-07
0.675,0.45,5.7752E-09,-8.001E-11,-5.8000000000000005E-13,3.2572E-07,-3.3142E-07
0.68,0.45,5.8153E-09,-8.723E-11,-3.0000000000000003E-13,3.2576E-07,-3.3146E-07
0.685,0.45,5.9689E-09,-9.1160000000000011E-11,-4.0000000000000006E-14,3.2568E-07,-3.3158E-07
0.69000000000000006,0.45,6.2115E-09,-9.8000000000000011E-11,-3.5E-13,3.2576E-07,-3.316E-07
0.69500000000000006,0.45,6.1856E-09,-1.0496E-10,-1.12E-12,3.2574E-07,-3.318E-07
0.70000000000000007,0.45,6.3055E-09,-1.1223000000000001E-10,-2.2000000000000002E-13,3.2574E-07,-3.3196E-07
0.70500000000000007,0.45,6.371E-09,-1.1756E-10,-1.7E-13,3.2572E-07,-3.3198E-07
0.71000000000000008,0.45,6.4975E-09,-1.2448000000000002E-10,-1.1000000000000002E-12,3.258E-07,-3.3204E-07
0.71500000000000008,0.45,6.5729E-09,-1.3269E-10,4.6000000000000006E-13,3.2568E-07,-3.3214E-07
0.72000000000000008,0.45,6.7564E-09,-1.3819000000000002E-10,-4.2000000000000003E-13,3.2572E-07,-3.3236E-07
0.72500000000000009,0.45,6.9023E-09,-1.4495E-10,-7E-14,3.2566E-07,-3.3252E-07
0.73,0.45,6.9561E-09,-1.5252E-10,-2.1000000000000001E-13,3.2566E-07,-3.3258E-07
0.735,0.45,7.0593E-09,-1.6035000000000002E-10,-4E-13,3.2566E-07,-3.3274E-07
0.74,0.45,7.2085E-09,-1.6608E-10,-9.3E-13,3.2574E-07,-3.3282E-07
0.745,0.45,7.3521E-09,-1.7538000000000002E-10,-4.9E-13,3.2564E-07,-3.3289999999999997E-07
0.75,0.45,7.533E-09,-1.8326000000000002E-10,-1.04E-12,3.2568E-07,-3.3312E-07
0.755,0.45,7.6523E-09,-1.9082000000000002E-10,2.6E-13,3.2566E-07,-3.3345999999999997E-07
0.76,0.45,7.7681E-09,-1.9793E-10,-1.18E-12,3.257E-07,-3.3342E-07
0.765,0.45,7.9038E-09,-2.0703E-10,-1.4E-13,3.257E-07,-3.3352E-07
0.77,0.45,8.1808E-09,-2.161E-10,4.5000000000000005E-13,3.256E-07,-3.3362E-07
0.775,0.45,8.2109E-09,-2.2232000000000001E-10,-5.3000000000000006E-13,3.2572E-07,-3.337E-07
0.78,0.45,8.3731E-09,-2.3223E-10,-1.2900000000000002E-12,3.2566E-07,-3.3398E-07
0.785,0.45,8.5375E-09,-2.4145000000000003E-10,2.0000000000000003E-14,3.256E-07,-3.3392E-07
0.79,0.45,8.645E-09,-2.4994E-10,-6.7000000000000007E-13,3.2568E-07,-3.3401999999999997E-07
0.795,0.45,8.8355E-09,-2.5867E-10,-2.8E-13,3.257E-07,-3.342E-07
0.8,0.45,8.9157E-09,-2.6876E-10,-5E-13,3.2564E-07,-3.3426E-07
0.805,0.45,9.1072E-09,-2.7995E-10,6.5000000000000006E-13,3.2572E-07,-3.3448E-07
0.81,0.45,9.2667E-09,-2.8628E-10,-1.4E-12,3.2566E-07,-3.3468E-07
0.81500000000000006,0.45,9.4591E-09,-2.9734000000000003E-10,2.7E-13,3.2566E-07,-3.3482E-07
0.82000000000000006,0.45,9.6291E-09,-3.0854E-10,-4.5000000000000005E-13,3.257E-07,-3.3485999999999997E-07
0.82500000000000007,0.45,9.7417E-09,-3.1711E-10,-1.3E-13,3.2566E-07,-3.352E-07
0.83000000000000007,0.45,9.953E-09,-3.2676E-10,-1.6E-12,3.2566E-07,-3.3527999999999997E-07
0.83500000000000008,0.45,1.00944E-08,-3.4055000000000003E-10,-7.9000000000000007E-13,3.2568E-07,-3.354E-07
0.84000000000000008,0.45,1.02573E-08,-3.4954E-10,-5.6E-13,3.2564E-07,-3.3552E-07
0.84500000000000008,0.45,1.04443E-08,-3.6029E-10,-2.7E-13,3.2594E-07,-3.3597999999999997E-07
0.85000000000000009,0.45,1.06305E-08,-3.7157000000000004E-10,-3.4E-13,3.2576E-07,-3.3586E-07
0.85500000000000009,0.45,1.07466E-08,-3.8475000000000004E-10,-1.4E-13,3.2564E-07,-3.3616E-07
0.86,0.45,1.09969E-08,-3.9466E-10,4.3000000000000004E-13,3.2572E-07,-3.3632E-07
0.865,0.45,1.11449E-08,-4.0662000000000004E-10,-1.1600000000000001E-12,3.2574E-07,-3.3646E-07
0.87,0.45,1.13204E-08,-4.1911E-10,-7E-13,3.2572E-07,-3.3662E-07
0.875,0.45,1.1562799999999998E-08,-4.3004000000000005E-10,1.6000000000000003E-13,3.2574E-07,-3.368E-07
0.88,0.45,1.1741199999999998E-08,-4.4287000000000004E-10,-3.0000000000000003E-13,3.2568E-07,-3.3681999999999997E-07
0.885,0.45,1.1931599999999999E-08,-4.5567000000000004E-10,-2.7E-13,3.2564E-07,-3.3712E-07
0.89,0.45,1.2142399999999999E-08,-4.7066E-10,2.0000000000000003E-14,3.2572E-07,-3.3726E-07
0.895,0.45,1.23432E-08,-4.8421E-10,4.6000000000000006E-13,3.2572E-07,-3.3748E-07
0.9,0.45,1.2592199999999999E-08,-4.973E-10,-9.5E-13,3.2588E-07,-3.379E-07
0,0.6,-5.9307E-09,5.787E-09,-1.09E-12,3.2582E-07,-3.2564E-07
0.005,0.6,-5.6532E-09,5.5469E-09,-3.2000000000000005E-13,3.2578E-07,-3.2574E-07
0.01,0.6,-5.4092E-09,5.3308E-09,-7.2000000000000006E-13,3.2592E-07,-3.2572E-07
0.015000000000000001,0.6,-5.1737E-09,5.117E-09,-1.9000000000000002E-13,3.258E-07,-3.2576E-07
0.02,0.6,-4.952E-09,4.9145E-09,-9.8E-13,3.258E-07,-3.258E-07
0.025,0.6,-4.7378E-09,4.7127E-09,-1.4E-13,3.2582E-07,-3.2578E-07
0.030000000000000002,0.6,-4.5243E-09,4.5307E-09,2.5E-13,3.2578E-07,-3.2584E-07
0.035,0.6,-4.3277E-09,4.3442E-09,-2.7E-13,3.2578E-07,-3.2578E-07
0.04,0.6,-4.1428E-09,4.1759E-09,-6.1E-13,3.2578E-07,-3.2588E-07
0.045000000000000005,0.6,-3.9544E-09,4.0063E-09,-4E-13,3.2578E-07,-3.2596E-07
0.05,0.6,-3.7686E-09,3.8468E-09,-9.000000000000001E-13,3.2572E-07,-3.2596E-07
0.055,0.6,-3.6069E-09,3.6951E-09,-8.5000000000000011E-13,3.2582E-07,-3.2592E-07
0.060000000000000005,0.6,-3.4485E-09,3.5474E-09,-1.3900000000000001E-12,3.2578E-07,-3.258E-07
0.065,0.6,-3.2846E-09,3.404E-09,3.0000000000000003E-13,3.2576E-07,-3.2589999999999997E-07
0.07,0.6,-3.1309E-09,3.2689E-09,-1.04E-12,3.2584E-07,-3.2596E-07
0.075,0.6,-2.9881E-09,3.136E-09,-6.1E-13,3.2574E-07,-3.2589999999999997E-07
0.08,0.6,-2.8422E-09,3.0068E-09,-5E-13,3.257E-07,-3.2589999999999997E-07
0.085,0.6,-2.7038E-09,2.8872E-09,-1.1000000000000001E-13,3.2576E-07,-3.2602E-07
0.090000000000000011,0.6,-2.5694E-09,2.7684E-09,-4E-13,3.2578E-07,-3.2589999999999997E-07
0.095,0.6,-2.4457E-09,2.6557E-09,-3.5E-13,3.2578E-07,-3.26E-07
0.1,0.6,-2.3184E-09,2.5432E-09,-5.1E-13,3.2582E-07,-3.2603999999999997E-07
0.10500000000000001,0.6,-2.1882E-09,2.4387E-09,-4.4000000000000004E-13,3.2578E-07,-3.2596E-07
0.11,0.6,-2.0768E-09,2.3358E-09,-4.5000000000000005E-13,3.257E-07,-3.26E-07
0.115,0.6,-1.9698E-09,2.2385E-09,-7.100000000000001E-13,3.2578E-07,-3.26E-07
0.12000000000000001,0.6,-1.8535E-09,2.1434E-09,2.0000000000000003E-14,3.2578E-07,-3.2602E-07
0.125,0.6,-1.7458E-09,2.0584E-09,-5.5000000000000008E-13,3.2572E-07,-3.2608E-07
0.13,0.6,-1.6457E-09,1.9676E-09,-7.6000000000000009E-13,3.258E-07,-3.2614E-07
0.135,0.6,-1.542E-09,1.8856E-09,6.7000000000000007E-13,3.2582E-07,-3.2616E-07
0.14,0.6,-1.4442E-09,1.8059E-09,1.1000000000000001E-13,3.2582E-07,-3.2616E-07
0.14500000000000002,0.6,-1.3496E-09,1.7273E-09,-5E-14,3.2582E-07,-3.262E-07
0.15,0.6,-1.2622E-09,1.6528E-09,-1.2800000000000002E-12,3.2584E-07,-3.2622E-07
0.155,0.6,-1.1674E-09,1.5798E-09,4.1E-13,3.2578E-07,-3.2622E-07
0.16,0.6,-1.0813E-09,1.516E-09,-6.2000000000000008E-13,3.2576E-07,-3.2614E-07
0.165,0.6,-9.969E-10,1.4476E-09,-4.4000000000000004E-13,3.2582E-07,-3.2617999999999997E-07
0.17,0.6,-9.1675000000000007E-10,1.3845E-09,-1.3E-13,3.2578E-07,-3.2624E-07
0.17500000000000002,0.6,-8.3010000000000006E-10,1.3257E-09,-2E-13,3.2576E-07,-3.2617999999999997E-07
0.18000000000000002,0.6,-7.5328E-10,1.2675E-09,-1.22E-12,3.2576E-07,-3.2624E-07
0.185,0.6,-6.8316E-10,1.2118E-09,-2.9000000000000003E-13,3.2572E-07,-3.2631999999999997E-07
0.19,0.6,-6.095E-10,1.1597E-09,-2.9000000000000003E-13,3.2572E-07,-3.2631999999999997E-07
0.195,0.6,-5.3977000000000009E-10,1.1096E-09,-5.8000000000000005E-13,3.2578E-07,-3.2631999999999997E-07
0.2,0.6,-4.7878000000000008E-10,1.0601E-09,-4.8000000000000008E-13,3.2578E-07,-3.2636E-07
0.20500000000000002,0.6,-4.0691000000000005E-10,1.0156E-09,2.9000000000000003E-13,3.2578E-07,-3.2634E-07
0.21000000000000002,0.6,-3.5508000000000003E-10,9.7060000000000014E-10,-7E-14,3.2578E-07,-3.2631999999999997E-07
0.215,0.6,-2.7211E-10,9.2970000000000011E-10,-5.7E-13,3.2582E-07,-3.2638E-07
0.22,0.6,-2.1738000000000003E-10,8.9012E-10,8.0000000000000013E-14,3.2584E-07,-3.2648E-07
0.225,0.6,-1.5250000000000002E-10,8.5204000000000009E-10,-3.3E-13,3.2568E-07,-3.2648E-07
0.23,0.6,-1.0156000000000001E-10,8.1732E-10,-5.6E-13,3.2572E-07,-3.265E-07
0.23500000000000001,0.6,-4.8300000000000004E-11,7.8247000000000009E-10,7.4000000000000008E-13,3.2576E-07,-3.2644E-07
0.24000000000000002,0.6,1.331E-11,7.5091E-10,-6.0000000000000009E-14,3.2576E-07,-3.2652E-07
0.24500000000000002,0.6,6.4170000000000009E-11,7.2038E-10,-3.7000000000000004E-13,3.2576E-07,-3.2656E-07
0.25,0.6,1.1985E-10,6.9001000000000008E-10,-9.5E-13,3.2576E-07,-3.2658E-07
0.255,0.6,1.9791000000000002E-10,6.6284000000000006E-10,5.7E-13,3.2584E-07,-3.2676E-07
0.26,0.6,2.1848E-10,6.3671000000000007E-10,-1.2000000000000002E-13,3.2572E-07,-3.2668E-07
0.265,0.6,2.8228000000000003E-10,6.1126E-10,-4.7E-13,3.2572E-07,-3.2666E-07
0.27,0.6,3.4293E-10,5.866E-10,4.4000000000000004E-13,3.2576E-07,-3.2673999999999997E-07
0.275,0.6,3.8462E-10,5.6491000000000007E-10,-9.2000000000000012E-13,3.2572E-07,-3.2672E-07
0.28,0.6,4.2179000000000005E-10,5.4366000000000006E-10,-7.5E-13,3.2572E-07,-3.2673999999999997E-07
0.28500000000000003,0.6,4.7248E-10,5.2372E-10,-7.6000000000000009E-13,3.2578E-07,-3.2673999999999997E-07
0.29000000000000004,0.6,5.1389000000000007E-10,5.0414000000000008E-10,-5.9E-13,3.2576E-07,-3.2673999999999997E-07
0.29500000000000004,0.6,5.721E-10,4.8769E-10,-1.07E-12,3.2572E-07,-3.2686E-07
0.3,0.6,6.1200000000000006E-10,4.6883E-10,-6.2000000000000008E-13,3.2574E-07,-3.2684E-07
0.305,0.6,6.6190000000000006E-10,4.5266E-10,2.6E-13,3.2572E-07,-3.2692E-07
0.31,0.6,7.1374000000000006E-10,4.3906000000000003E-10,-7.9000000000000007E-13,3.2576E-07,-3.2686E-07
0.315,0.6,7.5339E-10,4.2344000000000004E-10,-2.3000000000000003E-13,3.2576E-07,-3.2684E-07
0.32,0.6,7.9469000000000008E-10,4.0919E-10,-7.4000000000000008E-13,3.2578E-07,-3.2698E-07
0.325,0.6,8.5040000000000008E-10,3.9691000000000003E-10,-9.0000000000000008E-14,3.2574E-07,-3.2696E-07
0.33,0.6,8.8715000000000008E-10,3.8448000000000005E-10,-2E-13,3.2568E-07,-3.2701999999999997E-07
0.335,0.6,9.295300000000001E-10,3.7123E-10,-8.7E-13,3.2576E-07,-3.2701999999999997E-07
0.34,0.6,9.691E-10,3.6165000000000004E-10,-4.9E-13,3.2582E-07,-3.2708E-07
0.34500000000000003,0.6,1.023E-09,3.5055000000000005E-10,4.0000000000000006E-14,3.2582E-07,-3.2712E-07
0.35000000000000003,0.6,1.0776E-09,3.4196000000000003E-10,-5.1E-13,3.2574E-07,-3.2714E-07
0.35500000000000004,0.6,1.1211E-09,3.309E-10,-2.1000000000000001E-13,3.2578E-07,-3.2722E-07
0.36000000000000004,0.6,1.1646E-09,3.2153000000000003E-10,-5.2E-13,3.2574E-07,-3.2724E-07
0.365,0.6,1.2048E-09,3.1349E-10,2.5E-13,3.257E-07,-3.2726E-07
0.37,0.6,1.2375E-09,3.0548E-10,-7E-14,3.2578E-07,-3.2729999999999997E-07
0.375,0.6,1.2956E-09,2.9573E-10,-8.9E-13,3.2572E-07,-3.2729999999999997E-07
0.38,0.6,1.4485E-09,2.8914000000000005E-10,6.7000000000000007E-13,3.2574E-07,-3.2738E-07
0.385,0.6,1.3956E-09,2.825E-10,-6.8E-13,3.2574E-07,-3.2734E-07
0.39,0.6,1.4406E-09,2.7461E-10,-1.7600000000000002E-12,3.257E-07,-3.2754E-07
0.395,0.6,1.4788E-09,2.6795000000000004E-10,-4.2000000000000003E-13,3.2572E-07,-3.2738E-07
0.4,0.6,1.5384E-09,2.6118E-10,-6.0000000000000009E-14,3.2582E-07,-3.2752E-07
0.405,0.6,1.5955E-09,2.5679E-10,-3.2000000000000005E-13,3.2572E-07,-3.2752E-07
0.41000000000000003,0.6,1.63E-09,2.4781E-10,-8.5000000000000011E-13,3.2584E-07,-3.2762E-07
0.41500000000000004,0.6,1.6794E-09,2.4382000000000004E-10,4.7E-13,3.2572E-07,-3.2768E-07
0.42000000000000004,0.6,1.7631E-09,2.3835E-10,-5E-13,3.2574E-07,-3.2774E-07
0.42500000000000004,0.6,1.8005E-09,2.3229E-10,-5.7E-13,3.2578E-07,-3.2782E-07
0.43,0.6,1.8747E-09,2.2651000000000003E-10,-1.7E-13,3.2578E-07,-3.2785999999999997E-07
0.435,0.6,1.9276E-09,2.2240000000000003E-10,-9.0000000000000008E-14,3.2576E-07,-3.2788E-07
0.44,0.6,1.9377E-09,2.1780000000000001E-10,-7.8000000000000011E-13,3.2578E-07,-3.2794E-07
0.445,0.6,1.9897E-09,2.1191000000000002E-10,-9.9E-13,3.2572E-07,-3.2792E-07
0.45,0.6,2.0686E-09,2.0738E-10,2.7E-13,3.2578E-07,-3.281E-07
0.455,0.6,2.0904E-09,2.0418E-10,-8.6000000000000007E-13,3.2576E-07,-3.281E-07
0.46,0.6,2.1768E-09,1.9930000000000003E-10,-2.3000000000000003E-13,3.2572E-07,-3.281E-07
0.465,0.6,2.217E-09,1.9471000000000002E-10,-1.09E-12,3.2576E-07,-3.2822E-07
0.47000000000000003,0.6,2.2835E-09,1.9108000000000003E-10,-1.4E-13,3.2578E-07,-3.2822E-07
0.47500000000000003,0.6,2.344E-09,1.8729E-10,-5.3000000000000006E-13,3.2572E-07,-3.2827999999999997E-07
0.48000000000000004,0.6,2.3993E-09,1.8175000000000002E-10,-7.9000000000000007E-13,3.2578E-07,-3.283E-07
0.48500000000000004,0.6,2.4675E-09,1.786E-10,-1E-13,3.257E-07,-3.2846E-07
0.49000000000000005,0.6,2.5386E-09,1.7568E-10,-8.1000000000000008E-13,3.258E-07,-3.2852E-07
0.49500000000000005,0.6,2.583E-09,1.7128E-10,-2.8E-13,3.2576E-07,-3.2846E-07
0.5,0.6,2.6432E-09,1.6827E-10,-3.8000000000000005E-13,3.257E-07,-3.2858E-07
0.505,0.6,2.7167E-09,1.6528000000000002E-10,-2.5E-13,3.2576E-07,-3.2854E-07
0.51,0.6,2.7828E-09,1.6165E-10,-1.0600000000000001E-12,3.2574E-07,-3.2866E-07
0.515,0.6,2.8421E-09,1.5672E-10,-1.36E-12,3.257E-07,-3.2876E-07
0.52,0.6,2.9062E-09,1.5448000000000002E-10,3.5E-13,3.257E-07,-3.2874E-07
0.525,0.6,2.9743E-09,1.5186E-10,-8.5000000000000011E-13,3.257E-07,-3.2882E-07
0.53,0.6,3.0688E-09,1.4701000000000002E-10,-1E-13,3.2574E-07,-3.29E-07
0.535,0.6,3.1254E-09,1.4381000000000002E-10,-3.1000000000000004E-13,3.2426E-07,-3.2752E-07
0.54,0.6,3.1827E-09,1.4215000000000002E-10,2.9000000000000003E-13,3.2428E-07,-3.2764E-07
0.545,0.6,3.2622E-09,1.3822000000000002E-10,-1.7E-13,3.242E-07,-3.2764E-07
0.55,0.6,3.3195E-09,1.3380000000000002E-10,-8.300000000000001E-13,3.2434E-07,-3.2774E-07
0.555,0.6,3.3915E-09,1.3172E-10,9.6000000000000015E-13,3.2418E-07,-3.277E-07
0.56,0.6,3.4885E-09,1.3003000000000002E-10,-9.3E-13,3.2428E-07,-3.2782E-07
0.56500000000000006,0.6,3.5819E-09,1.2643000000000002E-10,-4.8000000000000008E-13,3.2426E-07,-3.2788E-07
0.57000000000000006,0.6,3.6593E-09,1.2214E-10,-4E-13,3.2428E-07,-3.2799999999999997E-07
0.57500000000000007,0.6,3.7031E-09,1.1937E-10,-2.4000000000000004E-13,3.2422E-07,-3.2799999999999997E-07
0.58000000000000007,0.6,3.7742E-09,1.1717000000000002E-10,-1.07E-12,3.2416E-07,-3.2818E-07
0.58500000000000008,0.6,3.8603E-09,1.1306000000000001E-10,0,3.2416E-07,-3.2816E-07
0.59000000000000008,0.6,3.9677E-09,1.1008000000000001E-10,4.3000000000000004E-13,3.2412E-07,-3.2841999999999997E-07
0.595,0.6,4.0833E-09,1.0793000000000001E-10,-7.8000000000000011E-13,3.2422E-07,-3.2844E-07
0.6,0.6,4.139E-09,1.0451000000000001E-10,-8.4000000000000006E-13,3.2426E-07,-3.2844E-07
0.605,0.6,4.2378E-09,1.0049000000000001E-10,-1.7E-13,3.2426E-07,-3.2855999999999997E-07
0.61,0.6,4.2887E-09,9.84E-11,-1.26E-12,3.2416E-07,-3.2866E-07
0.615,0.6,4.41E-09,9.505000000000001E-11,-3.0000000000000003E-13,3.2422E-07,-3.2878E-07
0.62,0.6,4.4978E-09,9.112E-11,2.1000000000000001E-13,3.2426E-07,-3.2882E-07
0.625,0.6,4.5937999999999996E-09,8.7970000000000007E-11,1.2000000000000002E-13,3.2428E-07,-3.2902E-07
0.63,0.6,4.6906E-09,8.6780000000000009E-11,-7.8000000000000011E-13,3.2426E-07,-3.291E-07
0.635,0.6,4.739E-09,8.155E-11,-5E-14,3.2428E-07,-3.2916E-07
0.64,0.6,4.8748E-09,7.801000000000001E-11,-6.5000000000000006E-13,3.2374E-07,-3.2869999999999997E-07
0.645,0.6,5.1034E-09,7.538E-11,-7.6000000000000009E-13,3.2422E-07,-3.2936E-07
0.65,0.6,5.0882E-09,7.223E-11,-1.31E-12,3.2414E-07,-3.2936E-07
0.655,0.6,5.1824E-09,6.6630000000000007E-11,-3.2000000000000005E-13,3.2426E-07,-3.295E-07
0.66,0.6,5.3193E-09,6.5110000000000008E-11,2.0000000000000003E-14,3.2424E-07,-3.2966E-07
0.665,0.6,5.4022E-09,6.03E-11,-4.0000000000000006E-14,3.2434E-07,-3.2976E-07
0.67,0.6,5.4943E-09,5.7550000000000004E-11,-4.7E-13,3.2382E-07,-3.2986E-07
0.675,0.6,5.6457E-09,5.2860000000000005E-11,8.0000000000000013E-14,3.2426E-07,-3.2994E-07
0.68,0.6,5.7425E-09,5.1000000000000005E-11,-4.3000000000000004E-13,3.2432E-07,-3.3008E-07
0.685,0.6,5.8383E-09,4.6270000000000005E-11,-4.4000000000000004E-13,3.242E-07,-3.3023999999999997E-07
0.69000000000000006,0.6,5.9638E-09,4.13E-11,-6.9000000000000009E-13,3.2422E-07,-3.3023999999999997E-07
0.69500000000000006,0.6,6.0953E-09,3.722E-11,-9.0000000000000008E-14,3.2424E-07,-3.3056E-07
0.70000000000000007,0.6,6.2029E-09,3.444E-11,-2.7E-13,3.2426E-07,-3.3054E-07
0.70500000000000007,0.6,6.3359E-09,2.8500000000000002E-11,-8.8000000000000009E-13,3.2428E-07,-3.3074E-07
0.71000000000000008,0.6,6.4639E-09,2.4210000000000003E-11,-4.0000000000000006E-14,3.2432E-07,-3.3076E-07
0.71500000000000008,0.6,6.6905E-09,2.036E-11,-1.6000000000000003E-13,3.2434E-07,-3.309E-07
0.72000000000000008,0.6,6.7797E-09,1.688E-11,-1.07E-12,3.2436E-07,-3.3114E-07
0.72500000000000009,0.6,6.7824E-09,1.1110000000000001E-11,5E-14,3.2436E-07,-3.312E-07
0.73,0.6,6.908E-09,8.72E-12,-4.1E-13,3.2442E-07,-3.3121999999999997E-07
0.735,0.6,7.2039E-09,3.1700000000000004E-12,-5.7E-13,3.2428E-07,-3.3152E-07
0.74,0.6,7.3231E-09,-1.4700000000000002E-12,-8.6000000000000007E-13,3.243E-07,-3.3162E-07
0.745,0.6,7.3936E-09,-8.0800000000000011E-12,-2.4000000000000004E-13,3.2438E-07,-3.3156E-07
0.75,0.6,7.5286E-09,-1.059E-11,1.0000000000000002E-14,3.242E-07,-3.3118E-07
0.755,0.6,7.6747E-09,-1.653E-11,-1.13E-12,3.2426E-07,-3.32E-07
0.76,0.6,7.8363E-09,-2.2550000000000002E-11,3.1000000000000004E-13,3.2422E-07,-3.3194E-07
0.765,0.6,7.8638E-09,-2.6050000000000003E-11,-8.4000000000000006E-13,3.2422E-07,-3.3219999999999997E-07
0.77,0.6,8.1157E-09,-3.069E-11,8.0000000000000013E-14,3.2422E-07,-3.3246E-07
0.775,0.6,8.2759E-09,-3.7230000000000004E-11,-1.2000000000000001E-12,3.2426E-07,-3.326E-07
0.78,0.6,8.3428E-09,-4.1320000000000006E-11,-1.5000000000000002E-13,3.243E-07,-3.3256E-07
0.785,0.6,8.5335E-09,-4.785E-11,-8.7E-13,3.2374E-07,-3.3222E-07
0.79,0.6,8.574E-09,-5.157E-11,-4.5000000000000005E-13,3.2428E-07,-3.3284E-07
0.795,0.6,8.7466E-09,-5.9070000000000009E-11,5.9E-13,3.2422E-07,-3.3286E-07
0.8,0.6,8.9526E-09,-6.257000000000001E-11,-9.6000000000000015E-13,3.2426E-07,-3.3317999999999997E-07
0.805,0.6,9.1471E-09,-6.918E-11,-2.6E-13,3.2436E-07,-3.3334E-07
0.81,0.6,9.2023E-09,-7.4120000000000011E-11,-5.5000000000000008E-13,3.2426E-07,-3.3345999999999997E-07
0.81500000000000006,0.6,9.4214E-09,-8.199E-11,-1.8000000000000002E-13,3.2428E-07,-3.3359999999999997E-07
0.82000000000000006,0.6,9.6073E-09,-8.58E-11,-1.7E-13,3.2422E-07,-3.338E-07
0.82500000000000007,0.6,9.724E-09,-9.225E-11,-8E-13,3.2426E-07,-3.339E-07
0.83000000000000007,0.6,9.9052E-09,-9.8990000000000012E-11,1.1000000000000001E-13,3.2424E-07,-3.3408E-07
0.83500000000000008,0.6,1.00816E-08,-1.0476000000000001E-10,-3.0000000000000005E-14,3.2426E-07,-3.3418E-07
0.84000000000000008,0.6,1.02092E-08,-1.1026E-10,3.4E-13,3.2424E-07,-3.3434E-07
0.84500000000000008,0.6,1.06816E-08,-1.1732000000000002E-10,-5.6E-13,3.2422E-07,-3.3446E-07
0.85000000000000009,0.6,1.05891E-08,-1.2337E-10,-3.7000000000000004E-13,3.2428E-07,-3.3468E-07
0.85500000000000009,0.6,1.07048E-08,-1.2895E-10,-8.2E-13,3.2422E-07,-3.3508E-07
0.86,0.6,1.09411E-08,-1.3544E-10,-1.0500000000000002E-12,3.242E-07,-3.3508E-07
0.865,0.6,1.1111E-08,-1.4354E-10,-2.9000000000000003E-13,3.2438E-07,-3.3513999999999997E-07
0.87,0.6,1.13882E-08,-1.4843000000000002E-10,-3.0000000000000003E-13,3.2432E-07,-3.3536E-07
0.875,0.6,1.1513399999999999E-08,-1.5582E-10,7E-14,3.2426E-07,-3.3564E-07
0.88,0.6,1.1791199999999999E-08,-1.6330000000000002E-10,7E-14,3.2422E-07,-3.3574E-07
0.885,0.6,1.1951399999999999E-08,-1.6993E-10,-5.6E-13,3.2426E-07,-3.3574E-07
0.89,0.6,1.2096999999999999E-08,-1.7802000000000002E-10,-3.1000000000000004E-13,3.2428E-07,-3.3616E-07
0.895,0.6,1.2286799999999999E-08,-1.8572E-10,-6.5000000000000006E-13,3.2422E-07,-3.3636E-07
0.9,0.6,1.2420199999999999E-08,-1.9522000000000003E-10,-4.8000000000000008E-13,3.2426E-07,-3.3625999999999997E-07
0,0.75,-1.8726E-08,1.86158E-08,-1.6000000000000003E-13,3.2428E-07,-3.2418E-07
0.005,0.75,-1.79152E-08,1.7850599999999997E-08,-2.8E-13,3.2436E-07,-3.2422E-07
0.01,0.75,-1.71786E-08,1.7129599999999997E-08,-2.3000000000000003E-13,3.2424E-07,-3.2418E-07
0.015000000000000001,0.75,-1.6447599999999998E-08,1.64382E-08,-1.3E-13,3.2428E-07,-3.242E-07
0.02,0.75,-1.57814E-08,1.57814E-08,6.6E-13,3.2422E-07,-3.2434E-07
0.025,0.75,-1.51276E-08,1.51482E-08,-2.5E-13,3.2426E-07,-3.243E-07
0.030000000000000002,0.75,-1.4505199999999999E-08,1.4530999999999998E-08,-7.8000000000000011E-13,3.2428E-07,-3.2434E-07
0.035,0.75,-1.39024E-08,1.3949199999999999E-08,-8E-13,3.2426E-07,-3.2428E-07
0.04,0.75,-1.3326199999999999E-08,1.33982E-08,-1.13E-12,3.2426E-07,-3.2434E-07
0.045000000000000005,0.75,-1.2771199999999998E-08,1.2860999999999999E-08,-1.27E-12,3.2436E-07,-3.2436E-07
0.05,0.75,-1.22438E-08,1.23492E-08,-4.1E-13,3.2418E-07,-3.2442E-07
0.055,0.75,-1.1734999999999999E-08,1.1856399999999999E-08,-7E-13,3.2432E-07,-3.2436E-07
0.060000000000000005,0.75,-1.1255199999999998E-08,1.1387599999999999E-08,-4.6000000000000006E-13,3.2426E-07,-3.2446E-07
0.065,0.75,-1.0797199999999998E-08,1.0947999999999998E-08,-8.8000000000000009E-13,3.2422E-07,-3.244E-07
0.07,0.75,-1.0338799999999998E-08,1.05082E-08,-8.7E-13,3.2428E-07,-3.2438E-07
0.075,0.75,-9.9113999999999987E-09,1.0101399999999999E-08,-5.1E-13,3.2428E-07,-3.245E-07
0.08,0.75,-9.5073E-09,9.6836E-09,-2.0000000000000003E-14,3.2426E-07,-3.2448E-07
0.085,0.75,-9.1055E-09,9.2977E-09,-8.9E-13,3.242E-07,-3.2438E-07
0.090000000000000011,0.75,-8.7254E-09,8.9312E-09,-6.8E-13,3.2432E-07,-3.2446E-07
0.095,0.75,-8.3609E-09,8.5811E-09,-2.1000000000000001E-13,3.243E-07,-3.2442E-07
0.1,0.75,-7.9925E-09,8.2405E-09,4.0000000000000006E-14,3.2428E-07,-3.2458E-07
0.10500000000000001,0.75,-7.6572E-09,7.9123E-09,-1E-13,3.2424E-07,-3.2448E-07
0.11,0.75,-7.3378E-09,7.6032E-09,-1.3E-13,3.2432E-07,-3.246E-07
0.115,0.75,-7.0091E-09,7.3049E-09,1E-13,3.2426E-07,-3.2454E-07
0.12000000000000001,0.75,-6.7102E-09,7.0218E-09,-5.3000000000000006E-13,3.2434E-07,-3.2472E-07
0.125,0.75,-6.4214E-09,6.7413E-09,-6.5000000000000006E-13,3.243E-07,-3.246E-07
0.13,0.75,-6.1326E-09,6.478E-09,-6.6E-13,3.2428E-07,-3.2464E-07
0.135,0.75,-5.8565E-09,6.2228E-09,-6.0000000000000009E-14,3.2424E-07,-3.246E-07
0.14,0.75,-5.5847E-09,5.9829E-09,-8.7E-13,3.2422E-07,-3.2464E-07
0.14500000000000002,0.75,-5.3599E-09,5.7455E-09,1.0000000000000002E-14,3.242E-07,-3.2458E-07
0.15,0.75,-5.107E-09,5.5206E-09,3.3E-13,3.243E-07,-3.2466E-07
0.155,0.75,-4.8714E-09,5.3015E-09,-1.1000000000000001E-13,3.2426E-07,-3.2468E-07
0.16,0.75,-4.6511E-09,5.0948E-09,-4.5000000000000005E-13,3.2426E-07,-3.247E-07
0.165,0.75,-4.4246E-09,4.8936E-09,-1.0600000000000001E-12,3.2432E-07,-3.2476E-07
0.17,0.75,-4.2077E-09,4.6963E-09,-6.9000000000000009E-13,3.2424E-07,-3.2478E-07
0.17500000000000002,0.75,-4.0141E-09,4.5122E-09,-1.6300000000000001E-12,3.2426E-07,-3.2478E-07
0.18000000000000002,0.75,-3.8178E-09,4.3339E-09,-6.8E-13,3.2428E-07,-3.2468E-07
0.185,0.75,-3.6301E-09,4.1558E-09,-1.7E-13,3.2424E-07,-3.2484E-07
0.19,0.75,-3.4306E-09,3.9948E-09,-3.8000000000000005E-13,3.242E-07,-3.2482E-07
0.195,0.75,-3.253E-09,3.8377E-09,-1.6000000000000003E-13,3.2438E-07,-3.2488E-07
0.2,0.75,-3.0799E-09,3.6806E-09,9.0000000000000008E-14,3.242E-07,-3.2476E-07
0.20500000000000002,0.75,-2.9136E-09,3.5363E-09,-3.9000000000000005E-13,3.2422E-07,-3.2482E-07
0.21000000000000002,0.75,-2.7525E-09,3.3933E-09,0,3.2424E-07,-3.2478E-07
0.215,0.75,-2.5899E-09,3.2552E-09,3.0000000000000005E-14,3.2424E-07,-3.249E-07
0.22,0.75,-2.4333E-09,3.122E-09,-3.1000000000000004E-13,3.2428E-07,-3.2492E-07
0.225,0.75,-2.2761E-09,2.9956E-09,-5.8000000000000005E-13,3.2426E-07,-3.2498E-07
0.23,0.75,-2.1419E-09,2.87E-09,-1.1500000000000002E-12,3.2428E-07,-3.2502E-07
0.23500000000000001,0.75,-2.0037E-09,2.7533E-09,-4.6000000000000006E-13,3.2426E-07,-3.2506E-07
0.24000000000000002,0.75,-1.8651E-09,2.6396E-09,-7E-13,3.2426E-07,-3.2506E-07
0.24500000000000002,0.75,-1.7242E-09,2.5316E-09,-2E-13,3.2428E-07,-3.2508E-07
0.25,0.75,-1.5903E-09,2.4203E-09,-1.12E-12,3.2424E-07,-3.2512E-07
0.255,0.75,-1.4789E-09,2.3242E-09,1.6000000000000003E-13,3.2432E-07,-3.2506E-07
0.26,0.75,-1.3368E-09,2.2227E-09,-3.7000000000000004E-13,3.2434E-07,-3.2526E-07
0.265,0.75,-1.2217E-09,2.1339E-09,-5.3000000000000006E-13,3.243E-07,-3.2518E-07
0.27,0.75,-1.1043E-09,2.0431E-09,2.6E-13,3.2434E-07,-3.2532E-07
0.275,0.75,-9.927E-10,1.9536E-09,-4.7E-13,3.2436E-07,-3.253E-07
0.28,0.75,-8.9256000000000007E-10,1.8679E-09,7.4000000000000008E-13,3.2444E-07,-3.2536E-07
0.28500000000000003,0.75,-7.662600000000001E-10,1.7918E-09,-7.8000000000000011E-13,3.2434E-07,-3.2532E-07
0.29000000000000004,0.75,-6.6456E-10,1.7141E-09,-3.9000000000000005E-13,3.2432E-07,-3.2538E-07
0.29500000000000004,0.75,-5.7503E-10,1.6368E-09,-8.2E-13,3.2434E-07,-3.2538E-07
0.3,0.75,-4.5879E-10,1.5681E-09,-1.04E-12,3.2434E-07,-3.2542E-07
0.305,0.75,-3.8271E-10,1.4995E-09,-6.3E-13,3.2436E-07,-3.2546E-07
0.31,0.75,-2.7030000000000004E-10,1.4345E-09,-8.2E-13,3.2436E-07,-3.2554E-07
0.315,0.75,-1.9158000000000003E-10,1.3697E-09,-2.4000000000000004E-13,3.2432E-07,-3.2546E-07
0.32,0.75,-7.394E-11,1.3163E-09,-3.6000000000000003E-13,3.2438E-07,-3.2554E-07
0.325,0.75,1.9930000000000003E-11,1.2549E-09,-7.100000000000001E-13,3.2444E-07,-3.255E-07
0.33,0.75,8.3420000000000008E-11,1.2006E-09,-7.4000000000000008E-13,3.2438E-07,-3.2568E-07
0.335,0.75,1.6562000000000002E-10,1.1432E-09,3.1000000000000004E-13,3.2432E-07,-3.2572E-07
0.34,0.75,2.5633000000000003E-10,1.097E-09,-7.3E-13,3.2438E-07,-3.2574E-07
0.34500000000000003,0.75,3.5282000000000003E-10,1.0512E-09,-1.5200000000000002E-12,3.2426E-07,-3.2566E-07
0.35000000000000003,0.75,4.1459E-10,1.0002E-09,1.0000000000000002E-14,3.238E-07,-3.2576E-07
0.35500000000000004,0.75,4.9814E-10,9.5868E-10,-5.6E-13,3.2428E-07,-3.2584E-07
0.36000000000000004,0.75,5.6476E-10,9.1941E-10,-1.6100000000000002E-12,3.2434E-07,-3.2578E-07
0.365,0.75,6.4023000000000007E-10,8.7671000000000007E-10,-1.07E-12,3.2426E-07,-3.2588E-07
0.37,0.75,7.3997000000000008E-10,8.4306000000000009E-10,-2.5E-13,3.2426E-07,-3.2589999999999997E-07
0.375,0.75,8.085E-10,8.0453E-10,-3.0000000000000003E-13,3.2436E-07,-3.2596E-07
0.38,0.75,8.732E-10,7.7364E-10,-1.2500000000000001E-12,3.2434E-07,-3.2594E-07
0.385,0.75,9.5430000000000011E-10,7.3998000000000006E-10,4.4000000000000004E-13,3.2438E-07,-3.2606E-07
0.39,0.75,1.0056E-09,7.0858E-10,-1.3E-13,3.2422E-07,-3.2596E-07
0.395,0.75,1.0852E-09,6.8135E-10,-6.7000000000000007E-13,3.2422E-07,-3.2592E-07
0.4,0.75,1.1551E-09,6.5409000000000006E-10,-1.1600000000000001E-12,3.2422E-07,-3.261E-07
0.405,0.75,1.225E-09,6.2596000000000008E-10,-1.5000000000000002E-13,3.2412E-07,-3.2616E-07
0.41000000000000003,0.75,1.3096E-09,6.0168E-10,4.4000000000000004E-13,3.2418E-07,-3.261E-07
0.41500000000000004,0.75,1.3561E-09,5.8042E-10,-2.3000000000000003E-13,3.2416E-07,-3.2614E-07
0.42000000000000004,0.75,1.3796E-09,5.5883E-10,-3.2000000000000005E-13,3.2428E-07,-3.2622E-07
0.42500000000000004,0.75,1.494E-09,5.3467000000000008E-10,-5.8000000000000005E-13,3.2424E-07,-3.2626E-07
0.43,0.75,1.5582E-09,5.1678E-10,-3.0000000000000003E-13,3.2428E-07,-3.2631999999999997E-07
0.435,0.75,1.6247E-09,4.9756000000000009E-10,-9.4E-13,3.2424E-07,-3.263E-07
0.44,0.75,1.6806E-09,4.7882E-10,-3.0000000000000003E-13,3.2428E-07,-3.2644E-07
0.445,0.75,1.7521E-09,4.6354000000000004E-10,-1.09E-12,3.2424E-07,-3.2644E-07
0.45,0.75,1.8208E-09,4.4557000000000004E-10,2.6E-13,3.242E-07,-3.2644E-07
0.455,0.75,1.892E-09,4.3266000000000003E-10,-5.2E-13,3.2418E-07,-3.264E-07
0.46,0.75,1.9516E-09,4.1530000000000005E-10,-1.6000000000000003E-13,3.2414E-07,-3.2662E-07
0.465,0.75,2.0247E-09,4.0538000000000005E-10,-7E-13,3.2428E-07,-3.2662E-07
0.47000000000000003,0.75,2.0828E-09,3.8907000000000003E-10,-3.4E-13,3.2424E-07,-3.2666E-07
0.47500000000000003,0.75,2.1827E-09,3.7822E-10,-4E-13,3.2422E-07,-3.2673999999999997E-07
0.48000000000000004,0.75,2.2431E-09,3.6699000000000004E-10,-3.7000000000000004E-13,3.2432E-07,-3.2692E-07
0.48500000000000004,0.75,2.3127E-09,3.5627000000000005E-10,-1.9000000000000002E-13,3.2432E-07,-3.269E-07
0.49000000000000005,0.75,2.3514E-09,3.4504000000000003E-10,-8.7E-13,3.2366E-07,-3.265E-07
0.49500000000000005,0.75,2.4237E-09,3.3517000000000004E-10,6.7000000000000007E-13,3.2416E-07,-3.2696E-07
0.5,0.75,2.5176E-09,3.2691E-10,-5.6E-13,3.241E-07,-3.2698E-07
0.505,0.75,2.5604E-09,3.1633000000000003E-10,-9.000000000000001E-13,3.2414E-07,-3.2704E-07
0.51,0.75,2.5816E-09,3.0769E-10,-1E-13,3.2422E-07,-3.2708E-07
0.515,0.75,2.7074E-09,3.0051000000000003E-10,-4.5000000000000005E-13,3.242E-07,-3.2715999999999997E-07
0.52,0.75,2.7896E-09,2.9218E-10,-5.9E-13,3.242E-07,-3.2728E-07
0.525,0.75,2.8344E-09,2.8583000000000004E-10,-1.3800000000000002E-12,3.242E-07,-3.2734E-07
0.53,0.75,2.9361E-09,2.7542E-10,8.7E-13,3.2458E-07,-3.277E-07
0.535,0.75,2.9871E-09,2.7285000000000005E-10,-1.1000000000000001E-13,3.2458E-07,-3.2771999999999997E-07
0.54,0.75,3.0689E-09,2.6325E-10,-9.1000000000000016E-13,3.2414E-07,-3.2756E-07
0.545,0.75,3.1395E-09,2.5859000000000003E-10,8.0000000000000013E-14,3.242E-07,-3.2757999999999997E-07
0.55,0.75,3.2308E-09,2.5067E-10,-8.2E-13,3.2424E-07,-3.2762E-07
0.555,0.75,3.3357E-09,2.4737E-10,-9.2000000000000012E-13,3.2422E-07,-3.2785999999999997E-07
0.56,0.75,3.4044E-09,2.3855E-10,-1.3400000000000002E-12,3.2426E-07,-3.2785999999999997E-07
0.56500000000000006,0.75,3.4581E-09,2.3465E-10,-3.4E-13,3.2406E-07,-3.2792E-07
0.57000000000000006,0.75,3.5621E-09,2.305E-10,-4.2000000000000003E-13,3.2418E-07,-3.2806E-07
0.57500000000000007,0.75,3.6016E-09,2.2504E-10,-5.9E-13,3.2422E-07,-3.2806E-07
0.58000000000000007,0.75,3.7224E-09,2.1931000000000002E-10,5E-14,3.242E-07,-3.2802E-07
0.58500000000000008,0.75,3.7965E-09,2.1552000000000002E-10,-6.3E-13,3.2412E-07,-3.2808E-07
0.59000000000000008,0.75,3.858E-09,2.0975000000000003E-10,-8.0000000000000013E-14,3.2416E-07,-3.282E-07
0.595,0.75,3.9361E-09,2.0328000000000002E-10,-1.2000000000000002E-13,3.2416E-07,-3.2838E-07
0.6,0.75,4.0353E-09,2.0264E-10,-1.09E-12,3.2422E-07,-3.2834E-07
0.605,0.75,4.1249E-09,1.9794000000000002E-10,-7.7000000000000005E-13,3.2412E-07,-3.2844E-07
0.61,0.75,4.238E-09,1.9103E-10,2.1000000000000001E-13,3.2416E-07,-3.2866E-07
0.615,0.75,4.3184E-09,1.8735E-10,8.1000000000000008E-13,3.2416E-07,-3.286E-07
0.62,0.75,4.4211E-09,1.8509E-10,-5.9E-13,3.2412E-07,-3.2878E-07
0.625,0.75,4.4857E-09,1.8303000000000001E-10,-9.5E-13,3.2416E-07,-3.2886E-07
0.63,0.75,4.5665E-09,1.7446E-10,-3.4E-13,3.2416E-07,-3.2906E-07
0.635,0.75,4.6783E-09,1.7186000000000001E-10,-1.7E-13,3.2416E-07,-3.2894E-07
0.64,0.75,4.7997E-09,1.7008000000000002E-10,-8.9E-13,3.2418E-07,-3.2916E-07
0.645,0.75,4.8766E-09,1.6573E-10,-1.0600000000000001E-12,3.2422E-07,-3.293E-07
0.65,0.75,4.9746E-09,1.6091000000000002E-10,-2.8E-13,3.2416E-07,-3.2883999999999997E-07
0.655,0.75,5.1176E-09,1.5682E-10,0,3.2414E-07,-3.2934E-07
0.66,0.75,5.2413E-09,1.5567000000000002E-10,-2E-13,3.242E-07,-3.296E-07
0.665,0.75,5.2884E-09,1.5115000000000002E-10,-3.2000000000000005E-13,3.2416E-07,-3.2953999999999997E-07
0.67,0.75,5.4188E-09,1.4867000000000002E-10,-3.0000000000000003E-13,3.2408E-07,-3.2964E-07
0.675,0.75,5.5286E-09,1.4403000000000002E-10,-5.7E-13,3.2418E-07,-3.2988E-07
0.68,0.75,5.6383E-09,1.4081E-10,-9.5E-13,3.2414E-07,-3.2995999999999997E-07
0.685,0.75,5.7608E-09,1.3787E-10,-7.6000000000000009E-13,3.2416E-07,-3.3E-07
0.69000000000000006,0.75,5.8917E-09,1.3552000000000001E-10,-3.3E-13,3.2418E-07,-3.3026E-07
0.69500000000000006,0.75,5.9843E-09,1.3199E-10,-8.300000000000001E-13,3.241E-07,-3.3036E-07
0.70000000000000007,0.75,6.0882E-09,1.2584E-10,1.8000000000000002E-13,3.2428E-07,-3.3048E-07
0.70500000000000007,0.75,6.2362E-09,1.2576000000000001E-10,-1.0000000000000002E-14,3.2422E-07,-3.3054E-07
0.71000000000000008,0.75,6.3398999999999996E-09,1.2206000000000002E-10,-4.5000000000000005E-13,3.2412E-07,-3.3051999999999997E-07
0.71500000000000008,0.75,6.4688E-09,1.1748000000000002E-10,-9.2000000000000012E-13,3.242E-07,-3.3068E-07
0.72000000000000008,0.75,6.5833E-09,1.1369000000000001E-10,-1.1000000000000001E-13,3.2422E-07,-3.3086E-07
0.72500000000000009,0.75,6.7025999999999996E-09,1.1285E-10,-2.4000000000000004E-13,3.242E-07,-3.309E-07
0.73,0.75,6.8366E-09,1.1019000000000001E-10,-1.2000000000000001E-12,3.2426E-07,-3.3098E-07
0.735,0.75,6.9712E-09,1.0341000000000001E-10,1.8000000000000002E-13,3.2414E-07,-3.3114E-07
0.74,0.75,7.1349E-09,1.0176E-10,1.0500000000000002E-12,3.2414E-07,-3.3144E-07
0.745,0.75,7.2676E-09,9.8820000000000014E-11,-1.0000000000000002E-14,3.2416E-07,-3.3148E-07
0.75,0.75,7.3658E-09,9.608E-11,2E-13,3.2416E-07,-3.3163999999999997E-07
0.755,0.75,7.5101E-09,9.2070000000000011E-11,-7.3E-13,3.2412E-07,-3.318E-07
0.76,0.75,7.6968E-09,8.867E-11,1.4E-13,3.2412E-07,-3.3182E-07
0.765,0.75,7.7855E-09,8.4650000000000013E-11,-1.14E-12,3.241E-07,-3.32E-07
0.77,0.75,7.9598E-09,8.1960000000000007E-11,-8.7E-13,3.2422E-07,-3.3218E-07
0.775,0.75,8.0946E-09,7.939000000000001E-11,-1.7E-13,3.242E-07,-3.3238E-07
0.78,0.75,8.227E-09,7.4460000000000007E-11,-2.9000000000000003E-13,3.2416E-07,-3.3246E-07
0.785,0.75,8.344E-09,7.056E-11,-3.0000000000000003E-13,3.2412E-07,-3.3256E-07
0.79,0.75,8.5416E-09,6.8660000000000012E-11,-6.0000000000000007E-13,3.2416E-07,-3.327E-07
0.795,0.75,8.7357E-09,6.556E-11,-7.100000000000001E-13,3.2412E-07,-3.3294E-07
0.8,0.75,8.7633E-09,6.06E-11,-8.9E-13,3.2416E-07,-3.3306E-07
0.805,0.75,9.0295E-09,5.6840000000000007E-11,-1.4E-13,3.2414E-07,-3.3334E-07
0.81,0.75,9.213E-09,5.473E-11,-1E-12,3.241E-07,-3.3348E-07
0.81500000000000006,0.75,9.3529E-09,5.1230000000000007E-11,-1.6600000000000002E-12,3.2422E-07,-3.3352E-07
0.82000000000000006,0.75,9.5509E-09,4.509E-11,-7E-14,3.2416E-07,-3.3372E-07
0.82500000000000007,0.75,9.689E-09,4.163E-11,-7E-14,3.2424E-07,-3.3382E-07
0.83000000000000007,0.75,9.9005E-09,3.8940000000000003E-11,-6.0000000000000009E-14,3.2414E-07,-3.3429999999999997E-07
0.83500000000000008,0.75,1.00222E-08,3.511E-11,-3.3E-13,3.2412E-07,-3.3414E-07
0.84000000000000008,0.75,1.01769E-08,2.9920000000000005E-11,-5.1E-13,3.2418E-07,-3.3432E-07
0.84500000000000008,0.75,1.03417E-08,2.6270000000000003E-11,-1.17E-12,3.2414E-07,-3.3448E-07
0.85000000000000009,0.75,1.04824E-08,2.32E-11,-8E-13,3.2418E-07,-3.3478E-07
0.85500000000000009,0.75,1.06457E-08,1.846E-11,-6.9000000000000009E-13,3.2404E-07,-3.348E-07
0.86,0.75,1.09349E-08,1.3660000000000001E-11,-2.4000000000000004E-13,3.242E-07,-3.3508E-07
0.865,0.75,1.11617E-08,1.0130000000000002E-11,2.0000000000000003E-14,3.2426E-07,-3.352E-07
0.87,0.75,1.13028E-08,4.28E-12,-6.7000000000000007E-13,3.241E-07,-3.3546E-07
0.875,0.75,1.1569199999999999E-08,1.8000000000000002E-12,-3.2000000000000005E-13,3.242E-07,-3.3558E-07
0.88,0.75,1.1635E-08,-3.7300000000000005E-12,-7E-14,3.2422E-07,-3.3588E-07
0.885,0.75,1.1858599999999999E-08,-9.8900000000000009E-12,-4.8000000000000008E-13,3.2422E-07,-3.361E-07
0.89,0.75,1.20818E-08,-1.466E-11,-1.9000000000000002E-13,3.2414E-07,-3.3625999999999997E-07
0.895,0.75,1.2453199999999998E-08,-2.0400000000000002E-11,1.2000000000000002E-13,3.2416E-07,-3.3592E-07
0.9,0.75,1.2541999999999999E-08,-2.5320000000000003E-11,-3.8000000000000005E-13,3.2422E-07,-3.3664E-07
0,0.9,-6.7696E-08,6.7647E-08,3.0000000000000005E-14,3.2434E-07,-3.2414E-07
0.005,0.9,-6.46646E-08,6.45976E-08,-1.1000000000000001E-13,3.2428E-07,-3.2422E-07
0.01,0.9,-6.175E-08,6.1741E-08,-4.7E-13,3.2426E-07,-3.2418E-07
0.015000000000000001,0.9,-5.8994799999999996E-08,5.9009399999999991E-08,-5.8000000000000005E-13,3.243E-07,-3.243E-07
0.02,0.9,-5.6376399999999997E-08,5.6376799999999992E-08,-1.3E-13,3.2428E-07,-3.243E-07
0.025,0.9,-5.38384E-08,5.3867999999999996E-08,-3.9000000000000005E-13,3.2428E-07,-3.2436E-07
0.030000000000000002,0.9,-5.1463599999999995E-08,5.1514599999999993E-08,-2.2000000000000002E-13,3.2416E-07,-3.243E-07
0.035,0.9,-4.9180399999999996E-08,4.9247799999999994E-08,-2.0000000000000003E-14,3.2426E-07,-3.243E-07
0.04,0.9,-4.7023799999999994E-08,4.7118999999999993E-08,-2.3000000000000003E-13,3.2428E-07,-3.2436E-07
0.045000000000000005,0.9,-4.49252E-08,4.50504E-08,-6.7000000000000007E-13,3.243E-07,-3.2436E-07
0.05,0.9,-4.2981999999999994E-08,4.3108E-08,-8.1000000000000008E-13,3.2432E-07,-3.244E-07
0.055,0.9,-4.1090799999999996E-08,4.12306E-08,-5.3000000000000006E-13,3.2426E-07,-3.244E-07
0.060000000000000005,0.9,-3.92964E-08,3.94562E-08,-1.02E-12,3.2416E-07,-3.244E-07
0.065,0.9,-3.7590999999999996E-08,3.7773E-08,-1.5400000000000001E-12,3.2422E-07,-3.244E-07
0.07,0.9,-3.5970799999999994E-08,3.61472E-08,-1.27E-12,3.242E-07,-3.2448E-07
0.075,0.9,-3.4402799999999996E-08,3.4612999999999994E-08,-1.03E-12,3.2426E-07,-3.2446E-07
0.08,0.9,-3.29134E-08,3.3143599999999994E-08,1E-13,3.2372E-07,-3.2384E-07
0.085,0.9,-3.14982E-08,3.17486E-08,7E-14,3.2426E-07,-3.2446E-07
0.090000000000000011,0.9,-3.0124E-08,3.03866E-08,-5E-14,3.2426E-07,-3.2448E-07
0.095,0.9,-2.8844799999999997E-08,2.9111599999999998E-08,-4.2000000000000003E-13,3.2422E-07,-3.246E-07
0.1,0.9,-2.7605399999999997E-08,2.7889799999999996E-08,-7.6000000000000009E-13,3.242E-07,-3.246E-07
0.10500000000000001,0.9,-2.64024E-08,2.6707399999999997E-08,-8.5000000000000011E-13,3.2424E-07,-3.245E-07
0.11,0.9,-2.5273199999999998E-08,2.5593399999999998E-08,-2.7E-13,3.2426E-07,-3.2454E-07
0.115,0.9,-2.41986E-08,2.4540999999999998E-08,-3.8000000000000005E-13,3.2422E-07,-3.245E-07
0.12000000000000001,0.9,-2.3150199999999996E-08,2.3510599999999996E-08,-4.1E-13,3.2418E-07,-3.2452E-07
0.125,0.9,-2.2193399999999997E-08,2.2548599999999997E-08,-1.14E-12,3.242E-07,-3.2454E-07
0.13,0.9,-2.1235399999999996E-08,2.1622999999999998E-08,-1.08E-12,3.2422E-07,-3.2466E-07
0.135,0.9,-2.0305199999999996E-08,2.07236E-08,-7.2000000000000006E-13,3.243E-07,-3.2466E-07
0.14,0.9,-1.94612E-08,1.9879399999999997E-08,-3.4E-13,3.2422E-07,-3.247E-07
0.14500000000000002,0.9,-1.8617799999999997E-08,1.9061799999999998E-08,-4.1E-13,3.2404E-07,-3.2464E-07
0.15,0.9,-1.78318E-08,1.8290799999999997E-08,-1E-13,3.2426E-07,-3.2462E-07
0.155,0.9,-1.70676E-08,1.7539199999999997E-08,-3.2000000000000005E-13,3.2422E-07,-3.2466E-07
0.16,0.9,-1.63422E-08,1.6836199999999997E-08,7E-14,3.2426E-07,-3.2468E-07
0.165,0.9,-1.56266E-08,1.6146799999999998E-08,-8.300000000000001E-13,3.243E-07,-3.2482E-07
0.17,0.9,-1.4975E-08,1.5504799999999998E-08,-2E-13,3.2406E-07,-3.2424E-07
0.17500000000000002,0.9,-1.43228E-08,1.4867799999999999E-08,1.9000000000000002E-13,3.2434E-07,-3.2476E-07
0.18000000000000002,0.9,-1.3719199999999998E-08,1.42844E-08,-3.3E-13,3.2426E-07,-3.247E-07
0.185,0.9,-1.3120999999999999E-08,1.3708E-08,-8.8000000000000009E-13,3.2424E-07,-3.2476E-07
0.19,0.9,-1.2552599999999998E-08,1.3152199999999999E-08,-2.2000000000000002E-13,3.243E-07,-3.2482E-07
0.195,0.9,-1.1994799999999998E-08,1.2625399999999999E-08,-1.4E-13,3.2426E-07,-3.2496E-07
0.2,0.9,-1.1481399999999999E-08,1.2123599999999998E-08,-3.8000000000000005E-13,3.2422E-07,-3.2486E-07
0.20500000000000002,0.9,-1.0976799999999999E-08,1.1640799999999999E-08,-9.5E-13,3.2424E-07,-3.2502E-07
0.21000000000000002,0.9,-1.0498599999999999E-08,1.11832E-08,-1.17E-12,3.243E-07,-3.2494E-07
0.215,0.9,-1.00308E-08,1.0739199999999999E-08,-1.21E-12,3.2428E-07,-3.2494E-07
0.22,0.9,-9.5931E-09,1.0313199999999999E-08,-7E-14,3.2438E-07,-3.25E-07
0.225,0.9,-9.1529E-09,9.9013999999999989E-09,-1.4E-13,3.2434E-07,-3.2506E-07
0.23,0.9,-8.7394E-09,9.4938E-09,-6.3E-13,3.2422E-07,-3.25E-07
0.23500000000000001,0.9,-8.3472E-09,9.1227E-09,-8.7E-13,3.2416E-07,-3.251E-07
0.24000000000000002,0.9,-7.9644E-09,8.7626E-09,-4.5000000000000005E-13,3.2422E-07,-3.2514E-07
0.24500000000000002,0.9,-7.5941E-09,8.4118E-09,2.3000000000000003E-13,3.242E-07,-3.2508E-07
0.25,0.9,-7.251E-09,8.082E-09,-1.08E-12,3.2424E-07,-3.2508E-07
0.255,0.9,-6.8917E-09,7.7656E-09,-5.4E-13,3.2426E-07,-3.2516E-07
0.26,0.9,-6.5503E-09,7.4541E-09,-2.0000000000000003E-14,3.242E-07,-3.2518E-07
0.265,0.9,-6.2333E-09,7.167E-09,3.6000000000000003E-13,3.2422E-07,-3.2518E-07
0.27,0.9,-5.9346E-09,6.88E-09,1.2000000000000002E-13,3.2432E-07,-3.2522E-07
0.275,0.9,-5.6344E-09,6.6144E-09,-3.4E-13,3.2422E-07,-3.2514E-07
0.28,0.9,-5.3346E-09,6.3524E-09,1.4E-13,3.2426E-07,-3.2536E-07
0.28500000000000003,0.9,-5.0707E-09,6.1016E-09,-8E-13,3.2418E-07,-3.2524E-07
0.29000000000000004,0.9,-4.7948E-09,5.8583E-09,-7.3E-13,3.2426E-07,-3.253E-07
0.29500000000000004,0.9,-4.5492E-09,5.628E-09,-7.6000000000000009E-13,3.2426E-07,-3.2538E-07
0.3,0.9,-4.3053E-09,5.4095E-09,3.9000000000000005E-13,3.2434E-07,-3.2536E-07
0.305,0.9,-4.0432E-09,5.1953E-09,-8.2E-13,3.2426E-07,-3.2534E-07
0.31,0.9,-3.8311E-09,4.9884E-09,-1.0000000000000002E-14,3.2426E-07,-3.2546E-07
0.315,0.9,-3.5812E-09,4.791E-09,-7.2000000000000006E-13,3.2432E-07,-3.2544E-07
0.32,0.9,-3.353E-09,4.6023E-09,-3.4E-13,3.242E-07,-3.2544E-07
0.325,0.9,-3.1343E-09,4.4186E-09,-5.2E-13,3.2422E-07,-3.255E-07
0.33,0.9,-2.9394E-09,4.2395E-09,-8.6000000000000007E-13,3.2416E-07,-3.2554E-07
0.335,0.9,-2.7222E-09,4.0698E-09,4.5000000000000005E-13,3.2422E-07,-3.256E-07
0.34,0.9,-2.5288E-09,3.9108E-09,-1.8000000000000002E-13,3.2422E-07,-3.2566E-07
0.34500000000000003,0.9,-2.3397E-09,3.7538E-09,-2.7E-13,3.2426E-07,-3.2564E-07
0.35000000000000003,0.9,-2.1635E-09,3.6022E-09,6.0000000000000009E-14,3.2424E-07,-3.2576E-07
0.35500000000000004,0.9,-1.9801E-09,3.4585E-09,1.8000000000000002E-13,3.2422E-07,-3.2576E-07
0.36000000000000004,0.9,-1.8073E-09,3.319E-09,-3.7000000000000004E-13,3.2374E-07,-3.2578E-07
0.365,0.9,-1.6342E-09,3.179E-09,-6.2000000000000008E-13,3.2422E-07,-3.257E-07
0.37,0.9,-1.4703E-09,3.0544E-09,-2.0000000000000003E-14,3.242E-07,-3.2584E-07
0.375,0.9,-1.3225E-09,2.9265E-09,-4E-13,3.2416E-07,-3.2578E-07
0.38,0.9,-1.1438E-09,2.8079E-09,-6.0000000000000007E-13,3.2422E-07,-3.2586E-07
0.385,0.9,-9.975E-10,2.6929E-09,-7.6000000000000009E-13,3.2416E-07,-3.2594E-07
0.39,0.9,-8.2735E-10,2.5807E-09,-8.5000000000000011E-13,3.2404E-07,-3.2542E-07
0.395,0.9,-6.8861000000000007E-10,2.4762E-09,-9.4E-13,3.2416E-07,-3.2602E-07
0.4,0.9,-5.4471000000000008E-10,2.3672E-09,-9.6000000000000015E-13,3.2424E-07,-3.26E-07
0.405,0.9,-4.0535000000000005E-10,2.2692E-09,4.1E-13,3.2418E-07,-3.2603999999999997E-07
0.41000000000000003,0.9,-2.3449000000000004E-10,2.177E-09,-3.5E-13,3.2422E-07,-3.2606E-07
0.41500000000000004,0.9,-1.178E-10,2.0837E-09,-6.3E-13,3.2416E-07,-3.2622E-07
0.42000000000000004,0.9,1.6800000000000003E-11,1.9936E-09,-4.0000000000000006E-14,3.2426E-07,-3.2624E-07
0.42500000000000004,0.9,1.3801000000000002E-10,1.9082E-09,4.7E-13,3.242E-07,-3.263E-07
0.43,0.9,2.5546E-10,1.8298E-09,-5.3000000000000006E-13,3.2426E-07,-3.2634E-07
0.435,0.9,3.9163E-10,1.75E-09,-7.3E-13,3.242E-07,-3.2638E-07
0.44,0.9,5.1062E-10,1.6737E-09,-4.6000000000000006E-13,3.2416E-07,-3.2636E-07
0.445,0.9,6.4246000000000007E-10,1.6012E-09,-1.18E-12,3.241E-07,-3.2636E-07
0.45,0.9,7.5515E-10,1.5338E-09,-7.3E-13,3.2422E-07,-3.2638E-07
0.455,0.9,8.7430000000000007E-10,1.4654E-09,-6.3E-13,3.2366E-07,-3.2658E-07
0.46,0.9,1.0160200000000002E-09,1.4019E-09,-1.0000000000000002E-14,3.2418E-07,-3.2656E-07
0.465,0.9,1.1027E-09,1.3446E-09,-4.8000000000000008E-13,3.2414E-07,-3.2666E-07
0.47000000000000003,0.9,1.2358E-09,1.2839E-09,-7.7000000000000005E-13,3.2414E-07,-3.2662E-07
0.47500000000000003,0.9,1.3228E-09,1.2291E-09,-7.4000000000000008E-13,3.2426E-07,-3.2673999999999997E-07
0.48000000000000004,0.9,1.4246E-09,1.1729E-09,3.6000000000000003E-13,3.242E-07,-3.2673999999999997E-07
0.48500000000000004,0.9,1.5422E-09,1.1245E-09,-9.0000000000000008E-14,3.2416E-07,-3.2684E-07
0.49000000000000005,0.9,1.6704E-09,1.0759E-09,8.0000000000000013E-14,3.242E-07,-3.2684E-07
0.49500000000000005,0.9,1.746E-09,1.0272E-09,-5E-13,3.242E-07,-3.2698E-07
0.5,0.9,1.8602E-09,9.8596E-10,-1E-13,3.2428E-07,-3.2698E-07
0.505,0.9,1.9633E-09,9.4349E-10,-1.18E-12,3.2422E-07,-3.2708E-07
0.51,0.9,2.0696E-09,9.026400000000001E-10,-5.3000000000000006E-13,3.2416E-07,-3.2715999999999997E-07
0.515,0.9,2.1597E-09,8.6435E-10,1.6000000000000003E-13,3.2422E-07,-3.272E-07
0.52,0.9,2.2585E-09,8.2934000000000005E-10,-1.1000000000000001E-13,3.2424E-07,-3.2734E-07
0.525,0.9,2.3642E-09,7.9457000000000008E-10,-9.6000000000000015E-13,3.2364E-07,-3.2728E-07
0.53,0.9,2.4694E-09,7.6084E-10,6.1E-13,3.2426E-07,-3.2742E-07
0.535,0.9,2.5518E-09,7.3158000000000007E-10,-1.37E-12,3.241E-07,-3.2746E-07
0.54,0.9,2.6624E-09,7.0161E-10,-8.300000000000001E-13,3.2422E-07,-3.276E-07
0.545,0.9,2.7511E-09,6.7399000000000007E-10,-1.0500000000000002E-12,3.242E-07,-3.2757999999999997E-07
0.55,0.9,2.8467E-09,6.4676E-10,-1.6000000000000003E-13,3.2422E-07,-3.277E-07
0.555,0.9,2.9316E-09,6.2371E-10,-3.0000000000000003E-13,3.2416E-07,-3.2776E-07
0.56,0.9,3.0494E-09,5.9768E-10,-4.5000000000000005E-13,3.2416E-07,-3.2784E-07
0.56500000000000006,0.9,3.1611E-09,5.7643E-10,1.8000000000000002E-13,3.2418E-07,-3.2785999999999997E-07
0.57000000000000006,0.9,3.2341E-09,5.552E-10,6.0000000000000007E-13,3.2422E-07,-3.2782E-07
0.57500000000000007,0.9,3.3091E-09,5.3547E-10,-8.0000000000000013E-14,3.2414E-07,-3.2799999999999997E-07
0.58000000000000007,0.9,3.4414E-09,5.1464E-10,-5.7E-13,3.2406E-07,-3.2806E-07
0.58500000000000008,0.9,3.5046E-09,4.9766E-10,-1.1000000000000001E-13,3.2416E-07,-3.2827999999999997E-07
0.59000000000000008,0.9,3.6151E-09,4.8048000000000008E-10,-3.4E-13,3.2414E-07,-3.2827999999999997E-07
0.595,0.9,3.7104E-09,4.6427000000000004E-10,-1.0100000000000001E-12,3.2418E-07,-3.2838E-07
0.6,0.9,3.8003E-09,4.4863000000000003E-10,3.0000000000000005E-14,3.2358E-07,-3.2774E-07
0.605,0.9,3.9464E-09,4.3506000000000005E-10,-7.5E-13,3.242E-07,-3.2844E-07
0.61,0.9,4.0183E-09,4.2084E-10,-7.4000000000000008E-13,3.2414E-07,-3.2848E-07
0.615,0.9,4.0999E-09,4.0681E-10,-2.7E-13,3.2416E-07,-3.2876E-07
0.62,0.9,4.2562E-09,3.9467000000000004E-10,1.2000000000000002E-13,3.242E-07,-3.2883999999999997E-07
0.625,0.9,4.3126E-09,3.8451000000000005E-10,-6.7000000000000007E-13,3.2412E-07,-3.289E-07
0.63,0.9,4.4641E-09,3.7246E-10,-1.3500000000000001E-12,3.2418E-07,-3.2896E-07
0.635,0.9,4.5424E-09,3.6142000000000003E-10,-1.6000000000000003E-13,3.242E-07,-3.2908E-07
0.64,0.9,4.6537E-09,3.5279000000000003E-10,-6.5000000000000006E-13,3.242E-07,-3.2918E-07
0.645,0.9,4.7691E-09,3.4211E-10,-4.8000000000000008E-13,3.2428E-07,-3.2932E-07
0.65,0.9,4.855E-09,3.3308E-10,-3.4E-13,3.2416E-07,-3.2934E-07
0.655,0.9,4.9554E-09,3.2368E-10,2.5E-13,3.2416E-07,-3.2956E-07
0.66,0.9,5.0871E-09,3.1717E-10,-2.2000000000000002E-13,3.2408E-07,-3.2952E-07
0.665,0.9,5.2399E-09,3.0676000000000003E-10,-4.4000000000000004E-13,3.242E-07,-3.2958E-07
0.67,0.9,5.2495E-09,2.9986000000000004E-10,-4.6000000000000006E-13,3.2424E-07,-3.2972E-07
0.675,0.9,5.4108E-09,2.9403E-10,-1.1500000000000002E-12,3.2418E-07,-3.2984E-07
0.68,0.9,5.5012E-09,2.8705E-10,-4.1E-13,3.242E-07,-3.3006E-07
0.685,0.9,5.6087E-09,2.7785000000000003E-10,-4.3000000000000004E-13,3.2408E-07,-3.3006E-07
0.69000000000000006,0.9,5.6948E-09,2.7268000000000003E-10,4.1E-13,3.2416E-07,-3.302E-07
0.69500000000000006,0.9,5.8306E-09,2.6664E-10,-2.2000000000000002E-13,3.241E-07,-3.303E-07
0.70000000000000007,0.9,6.0117E-09,2.6000000000000003E-10,-3.7000000000000004E-13,3.2414E-07,-3.3044E-07
0.70500000000000007,0.9,6.0738E-09,2.5335E-10,-2E-13,3.2412E-07,-3.3051999999999997E-07
0.71000000000000008,0.9,6.2031E-09,2.4976E-10,-3.7000000000000004E-13,3.2406E-07,-3.3054E-07
0.71500000000000008,0.9,6.3986E-09,2.4322E-10,-4E-13,3.242E-07,-3.307E-07
0.72000000000000008,0.9,6.4406E-09,2.3689E-10,-1.4E-12,3.2416E-07,-3.3084E-07
0.72500000000000009,0.9,6.6183E-09,2.328E-10,1.4E-13,3.2416E-07,-3.3096E-07
0.73,0.9,6.7204E-09,2.2839000000000003E-10,-6.6E-13,3.2416E-07,-3.3104E-07
0.735,0.9,6.803E-09,2.2191E-10,-8.4000000000000006E-13,3.2408E-07,-3.3121999999999997E-07
0.74,0.9,7.0087E-09,2.1719000000000003E-10,4.1E-13,3.241E-07,-3.3144E-07
0.745,0.9,7.1097999999999996E-09,2.1214E-10,-5E-14,3.2406E-07,-3.3152E-07
0.75,0.9,7.2189E-09,2.0775E-10,-1.4700000000000002E-12,3.2404E-07,-3.3148E-07
0.755,0.9,7.3591E-09,2.0283E-10,-5.6E-13,3.241E-07,-3.319E-07
0.76,0.9,7.4942E-09,1.9925E-10,-4.8000000000000008E-13,3.2418E-07,-3.3182E-07
0.765,0.9,7.676E-09,1.9476E-10,-4.7E-13,3.2414E-07,-3.3194E-07
0.77,0.9,7.8172E-09,1.8978000000000002E-10,4.8000000000000008E-13,3.2414E-07,-3.3212E-07
0.775,0.9,7.9472E-09,1.8545000000000002E-10,-3.6000000000000003E-13,3.241E-07,-3.323E-07
0.78,0.9,8.0797E-09,1.8246E-10,-2.6E-13,3.2406E-07,-3.3236E-07
0.785,0.9,8.2313E-09,1.7870000000000001E-10,-5E-13,3.241E-07,-3.3252E-07
0.79,0.9,8.3539E-09,1.7375000000000002E-10,-2E-13,3.2406E-07,-3.3264E-07
0.795,0.9,8.4731E-09,1.7072E-10,1.5000000000000002E-13,3.24E-07,-3.3274E-07
0.8,0.9,8.7015E-09,1.6825000000000001E-10,-1.02E-12,3.2426E-07,-3.3289999999999997E-07
0.805,0.9,8.8662E-09,1.6110000000000002E-10,-1.9000000000000002E-13,3.2412E-07,-3.3312E-07
0.81,0.9,8.9584E-09,1.5891000000000002E-10,-9.2000000000000012E-13,3.2404E-07,-3.3334E-07
0.81500000000000006,0.9,9.1696E-09,1.5566E-10,2.0000000000000003E-14,3.241E-07,-3.3336E-07
0.82000000000000006,0.9,9.2955E-09,1.5219000000000002E-10,-3.2000000000000005E-13,3.241E-07,-3.3373999999999997E-07
0.82500000000000007,0.9,9.5322E-09,1.4699E-10,4.6000000000000006E-13,3.2414E-07,-3.3382E-07
0.83000000000000007,0.9,9.7305E-09,1.4475000000000002E-10,3.1000000000000004E-13,3.2414E-07,-3.3396E-07
0.83500000000000008,0.9,9.8742E-09,1.4252000000000002E-10,-9.3E-13,3.2422E-07,-3.3432E-07
0.84000000000000008,0.9,1.01063E-08,1.3711E-10,-2.0000000000000003E-14,3.2426E-07,-3.3456E-07
0.84500000000000008,0.9,1.01752E-08,1.3481E-10,-5.5000000000000008E-13,3.2422E-07,-3.3456E-07
0.85000000000000009,0.9,1.03936E-08,1.3125E-10,-1.3E-13,3.2414E-07,-3.3462E-07
0.85500000000000009,0.9,1.0573E-08,1.2712000000000002E-10,-9.5E-13,3.241E-07,-3.3474E-07
0.86,0.9,1.07694E-08,1.2343E-10,-5.7E-13,3.2406E-07,-3.3508E-07
0.865,0.9,1.0919E-08,1.2049000000000002E-10,6.6E-13,3.2416E-07,-3.3526E-07
0.87,0.9,1.11228E-08,1.1826000000000001E-10,-1.9000000000000002E-13,3.241E-07,-3.3538E-07
0.875,0.9,1.1321999999999999E-08,1.1536E-10,-3.0000000000000005E-14,3.2398E-07,-3.355E-07
0.88,0.9,1.1546999999999999E-08,1.1108E-10,-2.0000000000000003E-14,3.2406E-07,-3.3574E-07
0.885,0.9,1.1737199999999999E-08,1.0663000000000001E-10,-6.1E-13,3.2404E-07,-3.358E-07
0.89,0.9,1.1861799999999998E-08,1.0198E-10,-1.46E-12,3.241E-07,-3.3608E-07
0.895,0.9,1.2134999999999999E-08,9.859E-11,-7.6000000000000009E-13,3.2414E-07,-3.3636E-07
0.9,0.9,1.2308399999999999E-08,9.450000000000001E-11,-1.9000000000000002E-13,3.241E-07,-3.365E-07
