I/V Sweep,id_vds_P
RecordTime,04/14/2025 15:47:52
Device ID,
Count,1
Flag,
Remarks,
vd,vg,id,ig,is,iavdd,ignd
0,0,-9.3092399999999993E-08,-1.5650000000000002E-11,2.8600000000000003E-12,4.201E-07,-3.2554E-07
0.005,0,-9.325779999999999E-08,-1.8310000000000003E-11,3.72E-12,4.1882E-07,-3.255E-07
0.01,0,-9.1770399999999989E-08,-1.537E-11,-8.9E-13,4.1734E-07,-3.2556E-07
0.015000000000000001,0,-9.0366199999999988E-08,-1.509E-11,-2E-13,4.1582E-07,-3.2552E-07
0.02,0,-8.897E-08,-1.697E-11,4.4000000000000004E-13,4.1442E-07,-3.2556E-07
0.025,0,-8.74848E-08,-2.0000000000000002E-11,2.0000000000000003E-14,4.1154E-07,-3.2542E-07
0.030000000000000002,0,-8.4630399999999993E-08,-1.9730000000000003E-11,-7.6000000000000009E-13,4.102E-07,-3.2554E-07
0.035,0,-8.3328199999999988E-08,-2.027E-11,2.4000000000000004E-13,4.0888E-07,-3.255E-07
0.04,0,-8.2002599999999988E-08,-2.4030000000000003E-11,6.1E-13,4.0752E-07,-3.2552E-07
0.045000000000000005,0,-8.068999999999999E-08,-2.2410000000000003E-11,-4.3000000000000004E-13,4.0626E-07,-3.256E-07
0.05,0,-7.9394999999999991E-08,-2.1260000000000003E-11,1.85E-12,4.0496E-07,-3.255E-07
0.055,0,-7.81356E-08,-2.267E-11,2.1500000000000003E-12,4.0364E-07,-3.255E-07
0.060000000000000005,0,-7.6844799999999987E-08,-2.3730000000000002E-11,8.5000000000000011E-13,4.0227999999999997E-07,-3.2556E-07
0.065,0,-7.5538799999999988E-08,-2.331E-11,1.7100000000000002E-12,4.0124E-07,-3.255E-07
0.07,0,-7.42576E-08,-2.3080000000000003E-11,5.8000000000000005E-13,4E-07,-3.255E-07
0.075,0,-7.3181799999999989E-08,-2.5030000000000003E-11,-1.4800000000000002E-12,3.987E-07,-3.255E-07
0.08,0,-7.188679999999999E-08,-2.666E-11,5E-13,3.9748E-07,-3.2556E-07
0.085,0,-7.05672E-08,-2.908E-11,-5.7E-13,3.9612E-07,-3.255E-07
0.090000000000000011,0,-6.9378799999999991E-08,-2.877E-11,-7.8000000000000011E-13,3.9494E-07,-3.2548E-07
0.095,0,-6.8183399999999991E-08,-3.1660000000000004E-11,6.400000000000001E-13,3.936E-07,-3.2548E-07
0.1,0,-6.6971799999999988E-08,-3.5630000000000004E-11,5.8000000000000005E-13,3.9251999999999997E-07,-3.2548E-07
0.10500000000000001,0,-6.58084E-08,-3.2350000000000003E-11,1.9000000000000002E-13,3.9136E-07,-3.2556E-07
0.11,0,-6.46908E-08,-3.3600000000000005E-11,8.7E-13,3.9018E-07,-3.255E-07
0.115,0,-6.3443199999999992E-08,-3.5920000000000004E-11,4E-13,3.89E-07,-3.2556E-07
0.12000000000000001,0,-6.22476E-08,-3.832E-11,-5.2E-13,3.8784E-07,-3.2548E-07
0.125,0,-6.1099399999999992E-08,-3.9210000000000006E-11,-9.0000000000000008E-14,3.8674E-07,-3.255E-07
0.13,0,-6.0048E-08,-4.101E-11,-9.7000000000000011E-13,3.8541999999999997E-07,-3.2546E-07
0.135,0,-5.8878399999999995E-08,-4.6370000000000004E-11,-9.7000000000000011E-13,3.8434E-07,-3.2546E-07
0.14,0,-5.77796E-08,-4.8820000000000006E-11,9.7000000000000011E-13,3.8328E-07,-3.2548E-07
0.14500000000000002,0,-5.667E-08,-5.218E-11,-2.9000000000000003E-13,3.8232E-07,-3.2554E-07
0.15,0,-5.5564999999999995E-08,-5.138E-11,-4.8000000000000008E-13,3.812E-07,-3.255E-07
0.155,0,-5.4533799999999993E-08,-5.601E-11,2.19E-12,3.8008E-07,-3.2552E-07
0.16,0,-5.3455999999999992E-08,-5.999E-11,-5.3000000000000006E-13,3.7897999999999997E-07,-3.2552E-07
0.165,0,-5.2363799999999994E-08,-5.884E-11,7E-13,3.7794E-07,-3.2552E-07
0.17,0,-5.1351599999999994E-08,-6.391E-11,-1.5000000000000002E-13,3.77E-07,-3.2562E-07
0.17500000000000002,0,-5.0338399999999992E-08,-7.0100000000000009E-11,-6.6E-13,3.7598E-07,-3.255E-07
0.18000000000000002,0,-4.9373599999999994E-08,-7.5010000000000008E-11,-8.2E-13,3.7498E-07,-3.255E-07
0.185,0,-4.8384799999999995E-08,-7.8340000000000011E-11,-2.2000000000000002E-13,3.7393999999999997E-07,-3.255E-07
0.19,0,-4.7406999999999996E-08,-8.2260000000000009E-11,5.6E-13,3.73E-07,-3.2552E-07
0.195,0,-4.64668E-08,-9.0090000000000009E-11,-2.08E-12,3.7206E-07,-3.2552E-07
0.2,0,-4.5541199999999995E-08,-9.28E-11,1.86E-12,3.711E-07,-3.2554E-07
0.20500000000000002,0,-4.45752E-08,-9.6920000000000013E-11,1.1900000000000002E-12,3.701E-07,-3.255E-07
0.21000000000000002,0,-4.36936E-08,-1.0027E-10,-2.7E-13,3.6926E-07,-3.255E-07
0.215,0,-4.2782E-08,-1.0628000000000001E-10,1.8400000000000002E-12,3.6842E-07,-3.2552E-07
0.22,0,-4.1933199999999993E-08,-1.1520000000000001E-10,-2E-13,3.6752E-07,-3.2552E-07
0.225,0,-4.10458E-08,-1.1932E-10,-7E-13,3.6668E-07,-3.255E-07
0.23,0,-4.0158599999999994E-08,-1.2791E-10,-4.8000000000000008E-13,3.6576E-07,-3.2558E-07
0.23500000000000001,0,-3.9297399999999993E-08,-1.3609000000000002E-10,-3.4E-13,3.6498E-07,-3.2552E-07
0.24000000000000002,0,-3.8549799999999994E-08,-1.4459000000000002E-10,1.2000000000000002E-13,3.642E-07,-3.2542E-07
0.24500000000000002,0,-3.7691599999999996E-08,-1.5392000000000002E-10,1.6000000000000003E-13,3.633E-07,-3.255E-07
0.25,0,-3.6888999999999994E-08,-1.6110000000000002E-10,-2.8E-13,3.6258E-07,-3.2548E-07
0.255,0,-3.6134799999999995E-08,-1.6884E-10,-4.6000000000000006E-13,3.6184E-07,-3.2546E-07
0.26,0,-3.53646E-08,-1.7797E-10,2.3500000000000003E-12,3.6104E-07,-3.255E-07
0.265,0,-3.4554E-08,-1.8707E-10,-2.7E-13,3.6038E-07,-3.2544E-07
0.27,0,-3.3892599999999996E-08,-1.9614E-10,-1.55E-12,3.596E-07,-3.2556E-07
0.275,0,-3.3149399999999996E-08,-2.0677000000000003E-10,-7E-14,3.5882E-07,-3.255E-07
0.28,0,-3.2394399999999994E-08,-2.2143E-10,-1.0500000000000002E-12,3.5818E-07,-3.2552E-07
0.28500000000000003,0,-3.17122E-08,-2.338E-10,-1.5700000000000002E-12,3.5742E-07,-3.2548E-07
0.29000000000000004,0,-3.1016E-08,-2.4585000000000004E-10,1.4E-12,3.5674E-07,-3.2554E-07
0.29500000000000004,0,-3.0309799999999994E-08,-2.593E-10,5.8000000000000005E-13,3.5602E-07,-3.2554E-07
0.3,0,-2.9633799999999998E-08,-2.7139000000000003E-10,-8E-13,3.5552E-07,-3.2548E-07
0.305,0,-2.8986399999999997E-08,-2.8633000000000003E-10,8.1000000000000008E-13,3.5486E-07,-3.2556E-07
0.31,0,-2.8321999999999997E-08,-2.9763000000000004E-10,5.3000000000000006E-13,3.541E-07,-3.2552E-07
0.315,0,-2.7700199999999997E-08,-3.1122000000000004E-10,-1E-12,3.5357999999999997E-07,-3.2554E-07
0.32,0,-2.7064799999999997E-08,-3.2831000000000003E-10,6.8E-13,3.53E-07,-3.2552E-07
0.325,0,-2.6467599999999997E-08,-3.454E-10,-1E-12,3.523E-07,-3.2558E-07
0.33,0,-2.5839599999999997E-08,-3.5836000000000004E-10,-2.2000000000000003E-12,3.517E-07,-3.255E-07
0.335,0,-2.5242999999999996E-08,-3.7412000000000005E-10,8.6000000000000007E-13,3.511E-07,-3.2556E-07
0.34,0,-2.4684399999999996E-08,-3.9488000000000004E-10,-1.1000000000000001E-13,3.5062E-07,-3.2554E-07
0.34500000000000003,0,-2.40728E-08,-4.0836E-10,-7.4000000000000008E-13,3.4996E-07,-3.255E-07
0.35000000000000003,0,-2.34948E-08,-4.229E-10,2.37E-12,3.4942E-07,-3.2554E-07
0.35500000000000004,0,-2.2914E-08,-4.3908000000000005E-10,-1.4E-13,3.4892E-07,-3.2554E-07
0.36000000000000004,0,-2.2376599999999997E-08,-4.5577E-10,-1.3E-13,3.4834E-07,-3.2554E-07
0.365,0,-2.1878199999999997E-08,-4.7469E-10,-1.03E-12,3.478E-07,-3.255E-07
0.37,0,-2.1338399999999997E-08,-4.9058000000000008E-10,-1.5000000000000002E-13,3.474E-07,-3.2558E-07
0.375,0,-2.0814999999999998E-08,-5.078E-10,-1.3500000000000001E-12,3.468E-07,-3.2556E-07
0.38,0,-2.0302999999999997E-08,-5.2897000000000009E-10,1.0100000000000001E-12,3.4634E-07,-3.2554E-07
0.385,0,-1.9801199999999997E-08,-5.468E-10,1.0100000000000001E-12,3.4582E-07,-3.2548E-07
0.39,0,-1.9284199999999997E-08,-5.6287E-10,-4.9E-13,3.4534E-07,-3.2544E-07
0.395,0,-1.88438E-08,-5.7969000000000009E-10,2.3800000000000004E-12,3.4482E-07,-3.2554E-07
0.4,0,-1.8294599999999998E-08,-6.025E-10,-1.1000000000000001E-13,3.4446E-07,-3.255E-07
0.405,0,-1.78548E-08,-6.1652000000000006E-10,-1.1900000000000002E-12,3.4396E-07,-3.2562E-07
0.41000000000000003,0,-1.7321999999999998E-08,-6.3519000000000006E-10,-1.0000000000000002E-14,3.4354E-07,-3.2558E-07
0.41500000000000004,0,-1.69292E-08,-6.5647E-10,-1.4200000000000002E-12,3.433E-07,-3.2556E-07
0.42000000000000004,0,-1.65308E-08,-6.7728000000000006E-10,-1.7200000000000001E-12,3.4272E-07,-3.255E-07
0.42500000000000004,0,-1.6092E-08,-6.9883000000000006E-10,6.400000000000001E-13,3.424E-07,-3.2558E-07
0.43,0,-1.56608E-08,-7.1821E-10,6.1E-13,3.4186E-07,-3.2548E-07
0.435,0,-1.5249999999999998E-08,-7.4109000000000007E-10,-7.8000000000000011E-13,3.4156E-07,-3.255E-07
0.44,0,-1.4841199999999998E-08,-7.6270000000000006E-10,1.18E-12,3.412E-07,-3.2556E-07
0.445,0,-1.4410799999999998E-08,-7.8406000000000008E-10,-1.4E-13,3.4076E-07,-3.2554E-07
0.45,0,-1.4025199999999999E-08,-8.0424000000000011E-10,-5.7E-13,3.4032E-07,-3.2554E-07
0.455,0,-1.3612799999999998E-08,-8.2828000000000006E-10,5E-13,3.4006E-07,-3.2548E-07
0.46,0,-1.3256399999999998E-08,-8.5261E-10,-4.0000000000000006E-14,3.3964E-07,-3.2554E-07
0.465,0,-1.28802E-08,-8.7797E-10,-2.8900000000000004E-12,3.393E-07,-3.256E-07
0.47000000000000003,0,-1.2497599999999999E-08,-9.0051E-10,-2.2000000000000002E-13,3.3891999999999997E-07,-3.256E-07
0.47500000000000003,0,-1.2155799999999999E-08,-9.2792E-10,-1E-13,3.3868E-07,-3.2556E-07
0.48000000000000004,0,-1.17478E-08,-9.5623000000000012E-10,-1.45E-12,3.3832E-07,-3.256E-07
0.48500000000000004,0,-1.1405799999999999E-08,-9.8200000000000012E-10,3.8000000000000005E-13,3.3796E-07,-3.256E-07
0.49000000000000005,0,-1.1029599999999998E-08,-1.00684E-09,3.8000000000000005E-13,3.3768E-07,-3.2558E-07
0.49500000000000005,0,-1.0721599999999998E-08,-1.0340000000000002E-09,7.6000000000000009E-13,3.3736E-07,-3.2556E-07
0.5,0,-1.0394399999999999E-08,-1.0638400000000001E-09,4.8000000000000008E-13,3.3706E-07,-3.2556E-07
0.505,0,-1.0072599999999999E-08,-1.09141E-09,-1E-13,3.3676E-07,-3.2554E-07
0.51,0,-9.7552E-09,-1.12275E-09,3.0000000000000005E-14,3.3638E-07,-3.2556E-07
0.515,0,-9.4635E-09,-1.1547E-09,2.13E-12,3.3614E-07,-3.2548E-07
0.52,0,-9.0862E-09,-1.184E-09,-1.0000000000000002E-14,3.3578E-07,-3.256E-07
0.525,0,-8.7729E-09,-1.2169E-09,-1.1500000000000002E-12,3.3558E-07,-3.2556E-07
0.53,0,-8.466E-09,-1.254E-09,6.7000000000000007E-13,3.3536E-07,-3.2558E-07
0.535,0,-8.1985E-09,-1.2855E-09,-5E-14,3.3506E-07,-3.256E-07
0.54,0,-7.8573E-09,-1.3206E-09,-4.4000000000000004E-13,3.347E-07,-3.2556E-07
0.545,0,-7.5723E-09,-1.359E-09,4.5000000000000005E-13,3.3454E-07,-3.2554E-07
0.55,0,-7.2959E-09,-1.3979E-09,-3.1000000000000004E-13,3.3428E-07,-3.2554E-07
0.555,0,-7.0159E-09,-1.4338E-09,1.7E-13,3.3406E-07,-3.256E-07
0.56,0,-6.7234E-09,-1.4737E-09,1.7E-13,3.3373999999999997E-07,-3.2556E-07
0.56500000000000006,0,-6.428E-09,-1.5171E-09,-1.0100000000000001E-12,3.3352E-07,-3.2562E-07
0.57000000000000006,0,-6.1556E-09,-1.5611E-09,1.4300000000000002E-12,3.3334E-07,-3.257E-07
0.57500000000000007,0,-5.9231E-09,-1.6086E-09,-7E-13,3.3316E-07,-3.2564E-07
0.58000000000000007,0,-5.6418E-09,-1.6544E-09,-1.5800000000000001E-12,3.3289999999999997E-07,-3.2562E-07
0.58500000000000008,0,-5.3653E-09,-1.7009E-09,1.2000000000000001E-12,3.327E-07,-3.2566E-07
0.59000000000000008,0,-5.092E-09,-1.7481E-09,-8.4000000000000006E-13,3.3247999999999997E-07,-3.2562E-07
0.595,0,-4.8601E-09,-1.7931E-09,-8.6000000000000007E-13,3.3228E-07,-3.2562E-07
0.6,0,-4.5961E-09,-1.8484E-09,1.5800000000000001E-12,3.3208E-07,-3.256E-07
0.605,0,-4.3287E-09,-1.8984E-09,-1.5000000000000002E-13,3.3191999999999997E-07,-3.2566E-07
0.61,0,-4.099E-09,-1.9501E-09,-2.8E-13,3.3168E-07,-3.2572E-07
0.615,0,-3.8498E-09,-2.0024E-09,-8.1000000000000008E-13,3.3146E-07,-3.2562E-07
0.62,0,-3.5984E-09,-2.061E-09,-1.4800000000000002E-12,3.3126E-07,-3.2566E-07
0.625,0,-3.35E-09,-2.1142E-09,5.3000000000000006E-13,3.3112E-07,-3.2566E-07
0.63,0,-3.1026E-09,-2.1688E-09,-4.4000000000000004E-13,3.3088E-07,-3.2562E-07
0.635,0,-2.8427E-09,-2.2332E-09,-1.02E-12,3.3076E-07,-3.2562E-07
0.64,0,-2.6375E-09,-2.2951E-09,1.1500000000000002E-12,3.3058E-07,-3.2566E-07
0.645,0,-2.3924E-09,-2.3572E-09,1.3400000000000002E-12,3.305E-07,-3.2576E-07
0.65,0,-2.1774E-09,-2.4165E-09,1.0000000000000002E-14,3.3036E-07,-3.2572E-07
0.655,0,-1.925E-09,-2.4876E-09,-4.7E-13,3.3016E-07,-3.2578E-07
0.66,0,-1.7151E-09,-2.5528E-09,4.0000000000000006E-14,3.3002E-07,-3.2578E-07
0.665,0,-1.4993E-09,-2.6214E-09,-3.3E-13,3.2986E-07,-3.2574E-07
0.67,0,-1.2594E-09,-2.6906E-09,-3.8000000000000005E-13,3.2974E-07,-3.2572E-07
0.675,0,-1.0752E-09,-2.7678E-09,-6.1E-13,3.2956E-07,-3.2578E-07
0.68,0,-8.4168E-10,-2.8396E-09,8.0000000000000013E-14,3.2942E-07,-3.2578E-07
0.685,0,-6.4172E-10,-2.9155E-09,-5.4E-13,3.2934E-07,-3.2578E-07
0.69000000000000006,0,-4.0469000000000003E-10,-2.9956E-09,-7.8000000000000011E-13,3.2911999999999997E-07,-3.2576E-07
0.69500000000000006,0,-1.8314000000000003E-10,-3.0776E-09,1.7500000000000002E-12,3.2897999999999997E-07,-3.257E-07
0.70000000000000007,0,3.275E-11,-3.1561E-09,-2.4000000000000004E-13,3.2882E-07,-3.2576E-07
0.70500000000000007,0,2.5968000000000003E-10,-3.247E-09,-5.9E-13,3.2876E-07,-3.2576E-07
0.71000000000000008,0,4.4838000000000006E-10,-3.333E-09,-3.1000000000000004E-13,3.2864E-07,-3.258E-07
0.71500000000000008,0,6.9184000000000006E-10,-3.4232E-09,-1.8000000000000002E-13,3.2852E-07,-3.258E-07
0.72000000000000008,0,9.3462E-10,-3.5198E-09,-2.1000000000000003E-12,3.2844E-07,-3.2584E-07
0.72500000000000009,0,1.1518E-09,-3.6072E-09,-1.86E-12,3.2824E-07,-3.2582E-07
0.73,0,1.3591E-09,-3.7077E-09,9.6000000000000015E-13,3.2813999999999997E-07,-3.2586E-07
0.735,0,1.5701E-09,-3.8033E-09,-1.7E-13,3.2806E-07,-3.2578E-07
0.74,0,1.7857E-09,-3.9053E-09,-1.4400000000000001E-12,3.2799999999999997E-07,-3.2584E-07
0.745,0,2.0085E-09,-4.0067E-09,-5.4E-13,3.278E-07,-3.2584E-07
0.75,0,2.2257E-09,-4.1151E-09,1.2000000000000002E-13,3.277E-07,-3.2576E-07
0.755,0,2.4358E-09,-4.2253E-09,3.4E-13,3.2762E-07,-3.2582E-07
0.76,0,2.6598E-09,-4.3415E-09,-4.4000000000000004E-13,3.2748E-07,-3.2576E-07
0.765,0,2.878E-09,-4.4541E-09,-4E-13,3.2742E-07,-3.2578E-07
0.77,0,3.106E-09,-4.5766E-09,1.2000000000000002E-13,3.2728E-07,-3.2582E-07
0.775,0,3.3061E-09,-4.6879E-09,2.3000000000000003E-13,3.2732E-07,-3.2589999999999997E-07
0.78,0,3.5184E-09,-4.8168E-09,-1.5700000000000002E-12,3.2724E-07,-3.2588E-07
0.785,0,3.7445E-09,-4.9443E-09,3.5E-13,3.2704E-07,-3.2589999999999997E-07
0.79,0,3.9496E-09,-5.0734E-09,-9.2000000000000012E-13,3.27E-07,-3.2584E-07
0.795,0,4.1896E-09,-5.2074E-09,-7.9000000000000007E-13,3.2692E-07,-3.2589999999999997E-07
0.8,0,4.4061E-09,-5.3435E-09,-6.1E-13,3.2673999999999997E-07,-3.2588E-07
0.805,0,4.6363E-09,-5.4856E-09,-8.2E-13,3.2678E-07,-3.2596E-07
0.81,0,4.8617E-09,-5.6231E-09,1E-13,3.2664E-07,-3.2584E-07
0.81500000000000006,0,5.0832E-09,-5.7717E-09,-1.1100000000000001E-12,3.2656E-07,-3.2589999999999997E-07
0.82000000000000006,0,5.3283E-09,-5.9155E-09,3.0000000000000005E-14,3.2642E-07,-3.2588E-07
0.82500000000000007,0,5.5543E-09,-6.0723E-09,2.9000000000000003E-13,3.265E-07,-3.2592E-07
0.83000000000000007,0,5.7935E-09,-6.2218E-09,7.7000000000000005E-13,3.2642E-07,-3.2596E-07
0.83500000000000008,0,6.033E-09,-6.3865E-09,-1.74E-12,3.262E-07,-3.2589999999999997E-07
0.84000000000000008,0,6.2927E-09,-6.5457E-09,3.5E-13,3.2626E-07,-3.2598E-07
0.84500000000000008,0,6.5142E-09,-6.7042E-09,5.7E-13,3.2617999999999997E-07,-3.2602E-07
0.85000000000000009,0,6.7559E-09,-6.8703E-09,-6.3E-13,3.26E-07,-3.2588E-07
0.85500000000000009,0,7.0191E-09,-7.0454E-09,-2.1000000000000001E-13,3.2602E-07,-3.2588E-07
0.86,0,7.2976E-09,-7.231E-09,3.4E-13,3.2594E-07,-3.26E-07
0.865,0,7.5753E-09,-7.4171E-09,-3.6000000000000003E-13,3.2586E-07,-3.2596E-07
0.87,0,7.8489E-09,-7.5971E-09,-2.5600000000000004E-12,3.2576E-07,-3.2602E-07
0.875,0,8.1169999999999992E-09,-7.779E-09,-5.9E-13,3.2564E-07,-3.26E-07
0.88,0,8.3785E-09,-7.9785E-09,-8E-13,3.2558E-07,-3.26E-07
0.885,0,8.6734E-09,-8.1642E-09,-5E-13,3.2552E-07,-3.26E-07
0.89,0,8.9669E-09,-8.3696E-09,-8.2E-13,3.2544E-07,-3.2608E-07
0.895,0,9.2526E-09,-8.5733E-09,7.8000000000000011E-13,3.2528E-07,-3.2598E-07
0.9,0,9.5605E-09,-8.774E-09,8.6000000000000007E-13,3.2522E-07,-3.26E-07
0,0.15,-9.1222599999999987E-08,2.4340000000000003E-11,-1.0100000000000001E-12,4.1638E-07,-3.2524E-07
0.005,0.15,-8.98866E-08,2.176E-11,8.0000000000000013E-14,4.1508E-07,-3.2524E-07
0.01,0.15,-8.844439999999999E-08,1.7580000000000002E-11,1.45E-12,4.1347999999999997E-07,-3.2526E-07
0.015000000000000001,0.15,-8.6976E-08,1.912E-11,2.6E-13,4.1216E-07,-3.2522E-07
0.02,0.15,-8.55082E-08,1.939E-11,6.0000000000000007E-13,4.1072E-07,-3.2522E-07
0.025,0.15,-8.4139E-08,1.719E-11,-5.4E-13,4.0924E-07,-3.2522E-07
0.030000000000000002,0.15,-8.2759199999999991E-08,1.4500000000000002E-11,-4.1E-13,4.0815999999999997E-07,-3.2526E-07
0.035,0.15,-8.1569E-08,1.3040000000000001E-11,-8.5000000000000011E-13,4.0674E-07,-3.2518E-07
0.04,0.15,-8.0168599999999986E-08,1.3340000000000001E-11,2.9000000000000003E-13,4.0524E-07,-3.252E-07
0.045000000000000005,0.15,-7.877379999999999E-08,1.0220000000000001E-11,-1.04E-12,4.0402E-07,-3.2518E-07
0.05,0.15,-7.7447999999999993E-08,7.2400000000000007E-12,-3.0000000000000005E-14,4.0278E-07,-3.2526E-07
0.055,0.15,-7.6173199999999988E-08,6.46E-12,1.1000000000000001E-13,4.0144E-07,-3.2524E-07
0.060000000000000005,0.15,-7.5012399999999992E-08,7.1900000000000007E-12,0,4.002E-07,-3.2526E-07
0.065,0.15,-7.37618E-08,6.3900000000000008E-12,1.09E-12,3.9898E-07,-3.2528E-07
0.07,0.15,-7.25226E-08,3.58E-12,1.9000000000000002E-13,3.9774E-07,-3.2524E-07
0.075,0.15,-7.1334599999999988E-08,5.8800000000000008E-12,-4E-13,3.9657999999999997E-07,-3.252E-07
0.08,0.15,-7.006E-08,6.14E-12,-7.3E-13,3.9524E-07,-3.252E-07
0.085,0.15,-6.89002E-08,3.2100000000000003E-12,-3.5E-13,3.9422E-07,-3.2518E-07
0.090000000000000011,0.15,-6.7746199999999988E-08,3.5E-13,-9.4E-13,3.9302E-07,-3.2526E-07
0.095,0.15,-6.6574399999999993E-08,-6.8E-13,-4.5000000000000005E-13,3.9186E-07,-3.2526E-07
0.1,0.15,-6.5402399999999987E-08,5.9E-13,6.0000000000000009E-14,3.9066E-07,-3.253E-07
0.10500000000000001,0.15,-6.43626E-08,-1.8400000000000002E-12,-2.0000000000000003E-14,3.8956E-07,-3.2528E-07
0.11,0.15,-6.3152E-08,-4.16E-12,4.8000000000000008E-13,3.8845999999999997E-07,-3.2522E-07
0.115,0.15,-6.21262E-08,-1.27E-12,4.4000000000000004E-13,3.8732E-07,-3.2524E-07
0.12000000000000001,0.15,-6.1039199999999992E-08,-6.7000000000000007E-13,-6.9000000000000009E-13,3.8624E-07,-3.2524E-07
0.125,0.15,-6.00426E-08,-1.88E-12,-1.8000000000000002E-13,3.8534E-07,-3.2524E-07
0.13,0.15,-5.9051799999999994E-08,-4.3000000000000007E-12,3.8000000000000005E-13,3.8424E-07,-3.2532E-07
0.135,0.15,-5.8012399999999992E-08,-4.38E-12,-2.77E-12,3.8328E-07,-3.252E-07
0.14,0.15,-5.7043599999999996E-08,-2.3500000000000003E-12,-6.0000000000000007E-13,3.8233999999999997E-07,-3.253E-07
0.14500000000000002,0.15,-5.6023199999999996E-08,-7.43E-12,-3.4E-13,3.8134E-07,-3.253E-07
0.15,0.15,-5.5064599999999995E-08,-8.2800000000000011E-12,-4.8000000000000008E-13,3.8034E-07,-3.253E-07
0.155,0.15,-5.4089999999999997E-08,-8.26E-12,-3.6000000000000003E-13,3.7934E-07,-3.2528E-07
0.16,0.15,-5.3127599999999996E-08,-6.35E-12,1.1600000000000001E-12,3.7834E-07,-3.2524E-07
0.165,0.15,-5.21164E-08,-8.36E-12,8.4000000000000006E-13,3.774E-07,-3.2528E-07
0.17,0.15,-5.12178E-08,-8.65E-12,-6.8E-13,3.7654E-07,-3.253E-07
0.17500000000000002,0.15,-5.0342999999999996E-08,-6.2300000000000007E-12,2.6E-13,3.7552E-07,-3.2532E-07
0.18000000000000002,0.15,-4.9405199999999996E-08,-7.4E-12,-1.18E-12,3.7474E-07,-3.253E-07
0.185,0.15,-4.85274E-08,-8.9900000000000011E-12,-8E-13,3.7384E-07,-3.253E-07
0.19,0.15,-4.76594E-08,-1.2140000000000001E-11,-1.0100000000000001E-12,3.729E-07,-3.2528E-07
0.195,0.15,-4.67774E-08,-1.2650000000000001E-11,-1.3300000000000002E-12,3.7206E-07,-3.253E-07
0.2,0.15,-4.5928999999999994E-08,-1.218E-11,-1.7E-13,3.7114E-07,-3.253E-07
0.20500000000000002,0.15,-4.5143799999999993E-08,-1.537E-11,-6.400000000000001E-13,3.705E-07,-3.2526E-07
0.21000000000000002,0.15,-4.42898E-08,-1.469E-11,7.5E-13,3.6952E-07,-3.252E-07
0.215,0.15,-4.33694E-08,-1.4490000000000002E-11,-5.4E-13,3.6862E-07,-3.2524E-07
0.22,0.15,-4.25448E-08,-1.4670000000000003E-11,1E-12,3.6778E-07,-3.2532E-07
0.225,0.15,-4.1712199999999994E-08,-1.5210000000000002E-11,-8.1000000000000008E-13,3.6694E-07,-3.2524E-07
0.23,0.15,-4.0920799999999995E-08,-1.8290000000000002E-11,-6.0000000000000007E-13,3.662E-07,-3.253E-07
0.23500000000000001,0.15,-4.0138399999999994E-08,-1.806E-11,-1.22E-12,3.6546E-07,-3.2534E-07
0.24000000000000002,0.15,-3.9297799999999995E-08,-2.101E-11,-1.0100000000000001E-12,3.6468E-07,-3.2532E-07
0.24500000000000002,0.15,-3.85078E-08,-2.418E-11,-6.2000000000000008E-13,3.6382E-07,-3.2526E-07
0.25,0.15,-3.76674E-08,-2.6500000000000002E-11,3.0000000000000003E-13,3.6291999999999997E-07,-3.2534E-07
0.255,0.15,-3.69018E-08,-2.6770000000000002E-11,-4.1E-13,3.623E-07,-3.2524E-07
0.26,0.15,-3.6146799999999995E-08,-2.5870000000000003E-11,8.0000000000000013E-14,3.6151999999999997E-07,-3.2526E-07
0.265,0.15,-3.5382799999999996E-08,-2.9340000000000005E-11,1.4E-13,3.608E-07,-3.2524E-07
0.27,0.15,-3.4705399999999994E-08,-3.009E-11,-1.32E-12,3.6002E-07,-3.2536E-07
0.275,0.15,-3.39636E-08,-3.22E-11,1.9000000000000002E-13,3.5927999999999997E-07,-3.253E-07
0.28,0.15,-3.3250599999999996E-08,-3.5160000000000004E-11,-5.4E-13,3.586E-07,-3.2538E-07
0.28500000000000003,0.15,-3.24636E-08,-3.8110000000000005E-11,-1.4800000000000002E-12,3.5786E-07,-3.2524E-07
0.29000000000000004,0.15,-3.1770799999999996E-08,-4.334E-11,-1.32E-12,3.5717999999999997E-07,-3.253E-07
0.29500000000000004,0.15,-3.11416E-08,-4.389E-11,-1.1000000000000001E-13,3.565E-07,-3.253E-07
0.3,0.15,-3.0407599999999995E-08,-4.822E-11,6.0000000000000009E-14,3.5588E-07,-3.2536E-07
0.305,0.15,-2.9800399999999997E-08,-5.095E-11,2.1000000000000001E-13,3.5514E-07,-3.2532E-07
0.31,0.15,-2.9084399999999996E-08,-5.331E-11,1.4400000000000001E-12,3.5454E-07,-3.2536E-07
0.315,0.15,-2.8445799999999998E-08,-5.615E-11,-1.8200000000000003E-12,3.5382E-07,-3.253E-07
0.32,0.15,-2.7874999999999996E-08,-5.8520000000000008E-11,1.3300000000000002E-12,3.5324E-07,-3.2528E-07
0.325,0.15,-2.7258599999999998E-08,-6.41E-11,-1.2000000000000002E-13,3.5262E-07,-3.2536E-07
0.33,0.15,-2.66042E-08,-6.745000000000001E-11,-1.88E-12,3.52E-07,-3.2536E-07
0.335,0.15,-2.6001199999999997E-08,-7.3850000000000009E-11,-1.3E-13,3.5144E-07,-3.2532E-07
0.34,0.15,-2.5429399999999997E-08,-7.855E-11,-1.1000000000000002E-12,3.508E-07,-3.253E-07
0.34500000000000003,0.15,-2.4766399999999997E-08,-8.307E-11,2.2000000000000002E-13,3.5024E-07,-3.2518E-07
0.35000000000000003,0.15,-2.4224399999999998E-08,-8.8160000000000009E-11,-9.0000000000000008E-14,3.496E-07,-3.2528E-07
0.35500000000000004,0.15,-2.36914E-08,-9.355E-11,1.0100000000000001E-12,3.4902E-07,-3.2528E-07
0.36000000000000004,0.15,-2.31322E-08,-9.796E-11,-4.9E-13,3.4848E-07,-3.2534E-07
0.365,0.15,-2.2608999999999998E-08,-1.0295E-10,7.7000000000000005E-13,3.4797999999999997E-07,-3.2524E-07
0.37,0.15,-2.2080399999999998E-08,-1.0875000000000001E-10,-9.0000000000000008E-14,3.4746E-07,-3.253E-07
0.375,0.15,-2.1548999999999997E-08,-1.1715E-10,-1.5200000000000002E-12,3.4696E-07,-3.253E-07
0.38,0.15,-2.1073E-08,-1.2401000000000002E-10,-5.6E-13,3.4646E-07,-3.2532E-07
0.385,0.15,-2.0569599999999996E-08,-1.3153E-10,-1.7500000000000002E-12,3.4598E-07,-3.2536E-07
0.39,0.15,-2.00512E-08,-1.4039000000000002E-10,-8.300000000000001E-13,3.4562E-07,-3.2536E-07
0.395,0.15,-1.9568999999999998E-08,-1.5002000000000002E-10,3.8000000000000005E-13,3.4512E-07,-3.2532E-07
0.4,0.15,-1.91066E-08,-1.5856000000000002E-10,-7.100000000000001E-13,3.4458E-07,-3.2536E-07
0.405,0.15,-1.8666999999999998E-08,-1.6679000000000003E-10,7.9000000000000007E-13,3.4422E-07,-3.2532E-07
0.41000000000000003,0.15,-1.82108E-08,-1.7583E-10,1.2400000000000002E-12,3.438E-07,-3.2534E-07
0.41500000000000004,0.15,-1.7776799999999997E-08,-1.8727000000000002E-10,1E-13,3.4328E-07,-3.253E-07
0.42000000000000004,0.15,-1.7304199999999998E-08,-1.9633E-10,-5.8000000000000005E-13,3.4288E-07,-3.2532E-07
0.42500000000000004,0.15,-1.6864599999999997E-08,-2.0692000000000002E-10,1.5000000000000002E-13,3.4242E-07,-3.2526E-07
0.43,0.15,-1.64798E-08,-2.1884000000000002E-10,-1.17E-12,3.4204E-07,-3.253E-07
0.435,0.15,-1.60024E-08,-2.336E-10,-1.4400000000000001E-12,3.4164E-07,-3.254E-07
0.44,0.15,-1.55682E-08,-2.4653000000000003E-10,-6.6E-13,3.4124E-07,-3.2544E-07
0.445,0.15,-1.52058E-08,-2.5856000000000004E-10,7.2000000000000006E-13,3.4094E-07,-3.2538E-07
0.45,0.15,-1.4811599999999999E-08,-2.7395E-10,-1.04E-12,3.4042E-07,-3.2548E-07
0.455,0.15,-1.4404199999999999E-08,-2.8649E-10,1.2000000000000002E-13,3.401E-07,-3.255E-07
0.46,0.15,-1.4049999999999998E-08,-3.0008E-10,1.5400000000000001E-12,3.3974E-07,-3.2548E-07
0.465,0.15,-1.3665599999999998E-08,-3.1362E-10,-7.2000000000000006E-13,3.3942E-07,-3.2548E-07
0.47000000000000003,0.15,-1.3301E-08,-3.2933000000000004E-10,9.1000000000000016E-13,3.3904E-07,-3.2542E-07
0.47500000000000003,0.15,-1.2936199999999998E-08,-3.4534E-10,-7.9000000000000007E-13,3.3932E-07,-3.2542E-07
0.48000000000000004,0.15,-1.3193E-08,-3.6033000000000004E-10,-7.7000000000000005E-13,3.3904E-07,-3.2542E-07
0.48500000000000004,0.15,-1.2835199999999998E-08,-3.7770000000000005E-10,-4.5000000000000005E-13,3.3863999999999997E-07,-3.2542E-07
0.49000000000000005,0.15,-1.2497199999999999E-08,-3.948E-10,-2.1000000000000001E-13,3.3838E-07,-3.2548E-07
0.49500000000000005,0.15,-1.2156599999999999E-08,-4.1263000000000005E-10,-7E-13,3.3748E-07,-3.2552E-07
0.5,0.15,-1.1200999999999999E-08,-4.2797E-10,5.9E-13,3.3716E-07,-3.2548E-07
0.505,0.15,-1.0858399999999999E-08,-4.4279000000000003E-10,9.0000000000000008E-14,3.3678E-07,-3.2548E-07
0.51,0.15,-1.0582399999999999E-08,-4.6046000000000003E-10,-6.5000000000000006E-13,3.3653999999999997E-07,-3.2546E-07
0.515,0.15,-1.02288E-08,-4.7749000000000007E-10,1.9000000000000002E-13,3.3618E-07,-3.2552E-07
0.52,0.15,-9.9217999999999986E-09,-4.9347000000000005E-10,-1.0600000000000001E-12,3.359E-07,-3.2546E-07
0.525,0.15,-9.6269999999999991E-09,-5.1501000000000007E-10,3.8000000000000005E-13,3.3562E-07,-3.2546E-07
0.53,0.15,-9.3467E-09,-5.3012E-10,5E-13,3.353E-07,-3.2544E-07
0.535,0.15,-9.0269E-09,-5.4783000000000006E-10,-2.4000000000000004E-13,3.3512E-07,-3.2546E-07
0.54,0.15,-8.7345E-09,-5.6572000000000009E-10,-1.59E-12,3.3474E-07,-3.2546E-07
0.545,0.15,-8.4841E-09,-5.8626E-10,6.0000000000000009E-14,3.3452E-07,-3.2542E-07
0.55,0.15,-8.2512E-09,-6.0121E-10,4E-13,3.3426E-07,-3.2546E-07
0.555,0.15,-7.9505E-09,-6.21E-10,-1.4400000000000001E-12,3.3401999999999997E-07,-3.2542E-07
0.56,0.15,-7.6578E-09,-6.4175000000000008E-10,-6.0000000000000007E-13,3.3373999999999997E-07,-3.2542E-07
0.56500000000000006,0.15,-7.4213E-09,-6.6016E-10,-1E-13,3.335E-07,-3.2542E-07
0.57000000000000006,0.15,-7.1801E-09,-6.809600000000001E-10,6.3E-13,3.3336E-07,-3.2548E-07
0.57500000000000007,0.15,-6.9055E-09,-7.0157000000000009E-10,8.0000000000000013E-14,3.3303999999999997E-07,-3.255E-07
0.58000000000000007,0.15,-6.6558E-09,-7.2663000000000011E-10,3.6000000000000003E-13,3.3286E-07,-3.2546E-07
0.58500000000000008,0.15,-6.4002E-09,-7.4254000000000011E-10,1.04E-12,3.3252E-07,-3.2544E-07
0.59000000000000008,0.15,-6.17E-09,-7.659100000000001E-10,-6.5000000000000006E-13,3.3233999999999997E-07,-3.2544E-07
0.595,0.15,-5.9101E-09,-7.9150000000000011E-10,-4.0000000000000006E-14,3.3226E-07,-3.2548E-07
0.6,0.15,-5.715E-09,-8.1239E-10,8E-13,3.3191999999999997E-07,-3.2546E-07
0.605,0.15,-5.4531E-09,-8.3755000000000007E-10,-7.3E-13,3.3177999999999997E-07,-3.2554E-07
0.61,0.15,-5.2562E-09,-8.5882E-10,-1.4E-13,3.3163999999999997E-07,-3.2552E-07
0.615,0.15,-5.0443E-09,-8.8699000000000006E-10,1.51E-12,3.3138E-07,-3.2552E-07
0.62,0.15,-4.8211E-09,-9.0785E-10,2.2000000000000002E-13,3.3126E-07,-3.2552E-07
0.625,0.15,-4.5989E-09,-9.3480000000000012E-10,-4.1E-13,3.3104E-07,-3.2548E-07
0.63,0.15,-4.3898E-09,-9.6167E-10,-4.0000000000000006E-14,3.3084E-07,-3.255E-07
0.635,0.15,-4.2071E-09,-9.8574000000000016E-10,-4.8000000000000008E-13,3.3072E-07,-3.2552E-07
0.64,0.15,-4.0039E-09,-1.014E-09,-1.31E-12,3.3058E-07,-3.2552E-07
0.645,0.15,-3.7892E-09,-1.04233E-09,-1.4200000000000002E-12,3.3036E-07,-3.2558E-07
0.65,0.15,-3.5974E-09,-1.0735600000000002E-09,2.7E-13,3.3023999999999997E-07,-3.256E-07
0.655,0.15,-3.4057E-09,-1.0993800000000002E-09,1E-12,3.3006E-07,-3.2552E-07
0.66,0.15,-3.2021E-09,-1.12952E-09,-1.6100000000000002E-12,3.2984E-07,-3.256E-07
0.665,0.15,-2.9918E-09,-1.1613E-09,-1.0100000000000001E-12,3.2974E-07,-3.2556E-07
0.67,0.15,-2.8381E-09,-1.1963E-09,-1.4400000000000001E-12,3.2962E-07,-3.256E-07
0.675,0.15,-2.6629E-09,-1.2299E-09,6.7000000000000007E-13,3.2956E-07,-3.257E-07
0.68,0.15,-2.4656E-09,-1.2615E-09,5.9E-13,3.2925999999999997E-07,-3.256E-07
0.685,0.15,-2.2582E-09,-1.2978E-09,-2.39E-12,3.292E-07,-3.2554E-07
0.69000000000000006,0.15,-2.0921E-09,-1.3342E-09,-4.7E-13,3.2897999999999997E-07,-3.2566E-07
0.69500000000000006,0.15,-1.9261E-09,-1.375E-09,1.31E-12,3.289E-07,-3.256E-07
0.70000000000000007,0.15,-1.7501E-09,-1.4111E-09,-7.100000000000001E-13,3.2876E-07,-3.2562E-07
0.70500000000000007,0.15,-1.5893E-09,-1.4523E-09,-1.8000000000000002E-13,3.2862E-07,-3.2556E-07
0.71000000000000008,0.15,-1.4213E-09,-1.4922E-09,2.1000000000000001E-13,3.285E-07,-3.2566E-07
0.71500000000000008,0.15,-1.2388E-09,-1.5338E-09,5E-14,3.2838E-07,-3.2562E-07
0.72000000000000008,0.15,-1.0647E-09,-1.5751999999999999E-09,7E-14,3.2818E-07,-3.2562E-07
0.72500000000000009,0.15,-9.0633000000000012E-10,-1.621E-09,2.5E-13,3.2813999999999997E-07,-3.2556E-07
0.73,0.15,-7.4694E-10,-1.6663E-09,-8.5000000000000011E-13,3.2798E-07,-3.2562E-07
0.735,0.15,-8.1395000000000007E-10,-1.7113E-09,-7.100000000000001E-13,3.282E-07,-3.257E-07
0.74,0.15,-6.5253E-10,-1.7636E-09,-3.6000000000000003E-13,3.2784E-07,-3.2572E-07
0.745,0.15,-2.7248E-10,-1.8116E-09,7.6000000000000009E-13,3.277E-07,-3.2564E-07
0.75,0.15,-1.1086E-10,-1.86E-09,-4.7E-13,3.2756E-07,-3.2556E-07
0.755,0.15,4.724E-11,-1.9111E-09,-1.7200000000000001E-12,3.2752E-07,-3.2572E-07
0.76,0.15,2.0636000000000003E-10,-1.9686E-09,4.4000000000000004E-13,3.2742E-07,-3.2568E-07
0.765,0.15,3.55E-10,-2.021E-09,-4.8000000000000008E-13,3.2734E-07,-3.2566E-07
0.77,0.15,5.1424000000000008E-10,-2.0738E-09,-1.4300000000000002E-12,3.2724E-07,-3.257E-07
0.775,0.15,6.7064000000000007E-10,-2.1341E-09,-1.2500000000000001E-12,3.2718E-07,-3.2568E-07
0.78,0.15,8.1893000000000009E-10,-2.1912E-09,1.0100000000000001E-12,3.2712E-07,-3.257E-07
0.785,0.15,9.7268E-10,-2.2508E-09,7.2000000000000006E-13,3.27E-07,-3.2574E-07
0.79,0.15,1.117E-09,-2.3091E-09,-1.1600000000000001E-12,3.2694E-07,-3.2576E-07
0.795,0.15,1.281E-09,-2.3772E-09,-1.13E-12,3.2678E-07,-3.2572E-07
0.8,0.15,1.4344E-09,-2.4442E-09,1.1100000000000001E-12,3.2682E-07,-3.2574E-07
0.805,0.15,1.586E-09,-2.5079E-09,1E-13,3.2662E-07,-3.258E-07
0.81,0.15,1.7391E-09,-2.5731E-09,-1.5000000000000002E-13,3.2654E-07,-3.2574E-07
0.81500000000000006,0.15,1.8873E-09,-2.6429E-09,3.0000000000000003E-13,3.2644E-07,-3.2572E-07
0.82000000000000006,0.15,2.0683E-09,-2.7184E-09,-1.9000000000000002E-13,3.2654E-07,-3.2574E-07
0.82500000000000007,0.15,2.2147E-09,-2.7896E-09,9.0000000000000008E-14,3.2631999999999997E-07,-3.2572E-07
0.83000000000000007,0.15,2.3781E-09,-2.8634E-09,-8.6000000000000007E-13,3.2626E-07,-3.2588E-07
0.83500000000000008,0.15,2.525E-09,-2.9411E-09,-6.7000000000000007E-13,3.262E-07,-3.258E-07
0.84000000000000008,0.15,2.6769E-09,-3.0207E-09,8.9E-13,3.2603999999999997E-07,-3.257E-07
0.84500000000000008,0.15,2.8399E-09,-3.1005E-09,-3.0000000000000003E-13,3.2588E-07,-3.2572E-07
0.85000000000000009,0.15,3.0022E-09,-3.1843E-09,-1.9700000000000003E-12,3.2582E-07,-3.2576E-07
0.85500000000000009,0.15,3.1767E-09,-3.2752E-09,3.2000000000000005E-13,3.2582E-07,-3.2572E-07
0.86,0.15,3.3405E-09,-3.3565E-09,-4.6000000000000006E-13,3.257E-07,-3.2572E-07
0.865,0.15,3.5188E-09,-3.4485E-09,-5.2E-13,3.2572E-07,-3.258E-07
0.87,0.15,3.6932E-09,-3.5391E-09,-1.5000000000000002E-13,3.2564E-07,-3.2588E-07
0.875,0.15,3.8855E-09,-3.6357E-09,1.5000000000000002E-13,3.2562E-07,-3.2578E-07
0.88,0.15,4.0763E-09,-3.7285E-09,3.7000000000000004E-13,3.2558E-07,-3.2584E-07
0.885,0.15,4.2757E-09,-3.8273E-09,5.1E-13,3.2546E-07,-3.2589999999999997E-07
0.89,0.15,4.4764999999999996E-09,-3.9336E-09,-5.7E-13,3.2536E-07,-3.258E-07
0.895,0.15,4.6813E-09,-4.0375E-09,1.0500000000000002E-12,3.2516E-07,-3.2584E-07
0.9,0.15,4.8989E-09,-4.1436E-09,4.8000000000000008E-13,3.2516E-07,-3.2584E-07
0,0.3,-9.05854E-08,1.0949000000000001E-10,-1.6300000000000001E-12,4.1578E-07,-3.2514E-07
0.005,0.3,-8.9221199999999986E-08,1.0435000000000001E-10,3.0000000000000005E-14,4.1414E-07,-3.2512E-07
0.01,0.3,-8.7776399999999987E-08,9.8990000000000012E-11,-2.4000000000000004E-13,4.1284E-07,-3.2512E-07
0.015000000000000001,0.3,-8.6266599999999992E-08,9.5790000000000012E-11,-1.93E-12,4.1134E-07,-3.2522E-07
0.02,0.3,-8.48042E-08,9.2850000000000008E-11,-1.0600000000000001E-12,4.099E-07,-3.252E-07
0.025,0.3,-8.3418599999999992E-08,8.917E-11,9.3E-13,4.0843999999999997E-07,-3.2516E-07
0.030000000000000002,0.3,-8.204179999999999E-08,8.381E-11,-1E-13,4.07E-07,-3.2514E-07
0.035,0.3,-8.05002E-08,8.13E-11,7.2000000000000006E-13,4.0549999999999997E-07,-3.2518E-07
0.04,0.3,-7.9182599999999993E-08,8.026E-11,1.2900000000000002E-12,4.0426E-07,-3.2514E-07
0.045000000000000005,0.3,-7.77954E-08,7.775E-11,-5E-14,4.0292E-07,-3.2514E-07
0.05,0.3,-7.6549399999999988E-08,7.5E-11,6.5000000000000006E-13,4.0156E-07,-3.2516E-07
0.055,0.3,-7.51838E-08,7.1510000000000007E-11,-6.7000000000000007E-13,4.0026E-07,-3.2516E-07
0.060000000000000005,0.3,-7.39434E-08,7.249E-11,-1.02E-12,3.9886E-07,-3.2506E-07
0.065,0.3,-7.264579999999999E-08,6.752E-11,-1.8000000000000002E-13,3.9762E-07,-3.2512E-07
0.07,0.3,-7.1386799999999992E-08,6.2540000000000011E-11,-1.3300000000000002E-12,3.9648E-07,-3.2518E-07
0.075,0.3,-7.0096199999999992E-08,6.017000000000001E-11,-1.32E-12,3.9512E-07,-3.2514E-07
0.08,0.3,-6.8881199999999991E-08,5.7450000000000006E-11,-4E-13,3.94E-07,-3.2518E-07
0.085,0.3,-6.77302E-08,5.6180000000000007E-11,3.6000000000000003E-13,3.9279999999999997E-07,-3.2518E-07
0.090000000000000011,0.3,-6.65086E-08,5.2640000000000005E-11,-2.9000000000000003E-13,3.9153999999999997E-07,-3.2516E-07
0.095,0.3,-6.53412E-08,5.1180000000000004E-11,-8.0000000000000013E-14,3.9048E-07,-3.2514E-07
0.1,0.3,-6.4228599999999991E-08,5.1480000000000006E-11,6.400000000000001E-13,3.8924E-07,-3.2514E-07
0.10500000000000001,0.3,-6.3092E-08,4.891E-11,-9.6000000000000015E-13,3.8828E-07,-3.2512E-07
0.11,0.3,-6.1964799999999989E-08,4.6010000000000004E-11,9.6000000000000015E-13,3.8712E-07,-3.252E-07
0.115,0.3,-6.0914799999999989E-08,4.2910000000000004E-11,-1.4200000000000002E-12,3.8583999999999997E-07,-3.2512E-07
0.12000000000000001,0.3,-5.9744E-08,4.209E-11,-7.8000000000000011E-13,3.8478E-07,-3.252E-07
0.125,0.3,-5.8721399999999995E-08,3.8870000000000004E-11,2.7E-13,3.8376E-07,-3.2524E-07
0.13,0.3,-5.7569799999999994E-08,3.482E-11,1.9700000000000003E-12,3.828E-07,-3.252E-07
0.135,0.3,-5.6568999999999995E-08,3.452E-11,-5.2E-13,3.8177999999999997E-07,-3.252E-07
0.14,0.3,-5.5593599999999993E-08,3.255E-11,2.52E-12,3.8076E-07,-3.2522E-07
0.14500000000000002,0.3,-5.4527599999999995E-08,3.273E-11,5E-14,3.7981999999999997E-07,-3.252E-07
0.15,0.3,-5.36196E-08,2.997E-11,3.0000000000000003E-13,3.788E-07,-3.2522E-07
0.155,0.3,-5.2550799999999994E-08,2.8540000000000002E-11,1.4E-13,3.7776E-07,-3.252E-07
0.16,0.3,-5.1642599999999993E-08,2.7920000000000002E-11,-7.6000000000000009E-13,3.7682E-07,-3.2524E-07
0.165,0.3,-5.0734199999999994E-08,2.5060000000000002E-11,-2.26E-12,3.7586E-07,-3.2524E-07
0.17,0.3,-4.9787999999999996E-08,2.28E-11,4.7E-13,3.7496E-07,-3.2516E-07
0.17500000000000002,0.3,-4.8883599999999994E-08,1.9090000000000002E-11,6.0000000000000009E-14,3.7406E-07,-3.2518E-07
0.18000000000000002,0.3,-4.79532E-08,1.97E-11,-1.12E-12,3.7306E-07,-3.2518E-07
0.185,0.3,-4.7096999999999995E-08,1.897E-11,2.0200000000000003E-12,3.723E-07,-3.2514E-07
0.19,0.3,-4.6300199999999995E-08,1.723E-11,5.1E-13,3.7148E-07,-3.2524E-07
0.195,0.3,-4.5434599999999994E-08,1.843E-11,-4.4000000000000004E-13,3.7064E-07,-3.2524E-07
0.2,0.3,-4.4570399999999997E-08,1.6380000000000003E-11,1.5000000000000002E-13,3.6984E-07,-3.252E-07
0.20500000000000002,0.3,-4.3775999999999994E-08,1.582E-11,-5.6E-13,3.6902E-07,-3.252E-07
0.21000000000000002,0.3,-4.29516E-08,1.3580000000000002E-11,-8.8000000000000009E-13,3.682E-07,-3.2522E-07
0.215,0.3,-4.21668E-08,1.117E-11,-1.5800000000000001E-12,3.6739999999999997E-07,-3.2514E-07
0.22,0.3,-4.13494E-08,1.065E-11,9.4E-13,3.6658E-07,-3.2518E-07
0.225,0.3,-4.05964E-08,8.82E-12,-1.6E-12,3.6588E-07,-3.2518E-07
0.23,0.3,-3.9845199999999995E-08,8.31E-12,1.7100000000000002E-12,3.6504E-07,-3.2518E-07
0.23500000000000001,0.3,-3.9123399999999994E-08,6.9400000000000007E-12,-4.9E-13,3.6442E-07,-3.2524E-07
0.24000000000000002,0.3,-3.8400799999999997E-08,8.33E-12,-1.6000000000000003E-13,3.6361999999999997E-07,-3.252E-07
0.24500000000000002,0.3,-3.76652E-08,7.42E-12,1.4400000000000001E-12,3.6296E-07,-3.2524E-07
0.25,0.3,-3.6916E-08,7.0900000000000007E-12,-9.7000000000000011E-13,3.6218E-07,-3.2524E-07
0.255,0.3,-3.62182E-08,7.0400000000000007E-12,-1.12E-12,3.6156E-07,-3.253E-07
0.26,0.3,-3.54964E-08,4.3900000000000005E-12,-9.000000000000001E-13,3.6067999999999997E-07,-3.252E-07
0.265,0.3,-3.4830999999999996E-08,4.03E-12,3.9000000000000005E-13,3.6014E-07,-3.2522E-07
0.27,0.3,-3.4180799999999996E-08,3.2E-12,-1.4900000000000001E-12,3.5944E-07,-3.2526E-07
0.275,0.3,-3.35244E-08,1.18E-12,6.400000000000001E-13,3.5876E-07,-3.253E-07
0.28,0.3,-3.28644E-08,1.32E-12,6.0000000000000007E-13,3.5808E-07,-3.2526E-07
0.28500000000000003,0.3,-3.21982E-08,1.1100000000000001E-12,2.0000000000000003E-14,3.5744E-07,-3.2526E-07
0.29000000000000004,0.3,-3.1573999999999995E-08,2.47E-12,-4.4000000000000004E-13,3.5688E-07,-3.2526E-07
0.29500000000000004,0.3,-3.0935199999999996E-08,1.0500000000000002E-12,-4.8000000000000008E-13,3.5622E-07,-3.253E-07
0.3,0.3,-3.0328399999999994E-08,4.2000000000000003E-13,-1.0600000000000001E-12,3.5574E-07,-3.2524E-07
0.305,0.3,-2.9710799999999996E-08,1.26E-12,1.1000000000000001E-13,3.55E-07,-3.2526E-07
0.31,0.3,-2.9092799999999997E-08,-8.6000000000000007E-13,-1.6300000000000001E-12,3.5434E-07,-3.253E-07
0.315,0.3,-2.8489999999999996E-08,-2.9300000000000002E-12,-1.3500000000000001E-12,3.5378E-07,-3.2526E-07
0.32,0.3,-2.7882599999999997E-08,-4.47E-12,3.2000000000000005E-13,3.5324E-07,-3.2526E-07
0.325,0.3,-2.7318999999999998E-08,-4.57E-12,-1.6000000000000003E-13,3.5259999999999997E-07,-3.253E-07
0.33,0.3,-2.6775999999999998E-08,-3.87E-12,1.2000000000000002E-13,3.5196E-07,-3.2526E-07
0.335,0.3,-2.6237399999999997E-08,-6.3200000000000005E-12,1.7E-13,3.516E-07,-3.2532E-07
0.34,0.3,-2.5647399999999996E-08,-5.1700000000000008E-12,-6.7000000000000007E-13,3.51E-07,-3.253E-07
0.34500000000000003,0.3,-2.5120999999999997E-08,-4E-12,3.8000000000000005E-13,3.504E-07,-3.2534E-07
0.35000000000000003,0.3,-2.45696E-08,-5.54E-12,-6.7000000000000007E-13,3.4982E-07,-3.253E-07
0.35500000000000004,0.3,-2.4002399999999997E-08,-8.15E-12,-1.02E-12,3.493E-07,-3.2524E-07
0.36000000000000004,0.3,-2.3495999999999997E-08,-1.079E-11,-2.54E-12,3.4881999999999997E-07,-3.2526E-07
0.365,0.3,-2.3028199999999997E-08,-9.8200000000000014E-12,3.4E-13,3.4824E-07,-3.2532E-07
0.37,0.3,-2.2457599999999997E-08,-1.22E-11,-5E-13,3.4769999999999997E-07,-3.253E-07
0.375,0.3,-2.19338E-08,-1.4510000000000002E-11,-4.9E-13,3.472E-07,-3.253E-07
0.38,0.3,-2.1441999999999998E-08,-1.677E-11,1.8000000000000002E-13,3.468E-07,-3.2532E-07
0.385,0.3,-2.0971799999999997E-08,-1.6430000000000002E-11,2.1000000000000001E-13,3.4634E-07,-3.2526E-07
0.39,0.3,-2.04988E-08,-1.478E-11,-6.2000000000000008E-13,3.458E-07,-3.2522E-07
0.395,0.3,-2.0011E-08,-1.863E-11,-6.1E-13,3.4538E-07,-3.2528E-07
0.4,0.3,-1.94934E-08,-2.059E-11,-6.6E-13,3.4482E-07,-3.252E-07
0.405,0.3,-1.9071999999999997E-08,-1.9780000000000002E-11,-1.0600000000000001E-12,3.4442E-07,-3.2528E-07
0.41000000000000003,0.3,-1.8611999999999998E-08,-2.229E-11,-9.7000000000000011E-13,3.4394E-07,-3.2524E-07
0.41500000000000004,0.3,-1.8177599999999997E-08,-2.795E-11,-1.0000000000000002E-14,3.4348E-07,-3.253E-07
0.42000000000000004,0.3,-1.7742599999999997E-08,-3.1150000000000004E-11,-1E-12,3.4306E-07,-3.2522E-07
0.42500000000000004,0.3,-1.73336E-08,-3.153E-11,2.9000000000000003E-13,3.4265999999999997E-07,-3.253E-07
0.43,0.3,-1.69326E-08,-3.2800000000000006E-11,8.7E-13,3.4222E-07,-3.2532E-07
0.435,0.3,-1.6468399999999997E-08,-3.6910000000000005E-11,9.0000000000000008E-14,3.4184E-07,-3.2528E-07
0.44,0.3,-1.6080399999999998E-08,-3.791E-11,-1.12E-12,3.4153999999999997E-07,-3.253E-07
0.445,0.3,-1.5705799999999998E-08,-3.976E-11,5.9E-13,3.4106E-07,-3.2534E-07
0.45,0.3,-1.5265799999999998E-08,-4.181E-11,-2.14E-12,3.4066E-07,-3.2536E-07
0.455,0.3,-1.4900799999999998E-08,-5.003E-11,-7E-13,3.4032E-07,-3.253E-07
0.46,0.3,-1.4548599999999998E-08,-5.1590000000000006E-11,-6.2000000000000008E-13,3.3988E-07,-3.2532E-07
0.465,0.3,-1.41638E-08,-5.5230000000000006E-11,-1.08E-12,3.3964E-07,-3.2532E-07
0.47000000000000003,0.3,-1.38342E-08,-5.941E-11,-1.8000000000000002E-13,3.3916E-07,-3.2538E-07
0.47500000000000003,0.3,-1.3449399999999999E-08,-6.509E-11,1.2900000000000002E-12,3.3891999999999997E-07,-3.2538E-07
0.48000000000000004,0.3,-1.3092599999999998E-08,-6.5770000000000009E-11,-2.0000000000000003E-14,3.384E-07,-3.2536E-07
0.48500000000000004,0.3,-1.2759799999999999E-08,-6.785E-11,5.7E-13,3.3816E-07,-3.2538E-07
0.49000000000000005,0.3,-1.2412399999999999E-08,-7.5940000000000011E-11,-2.5E-13,3.3792E-07,-3.2538E-07
0.49500000000000005,0.3,-1.20822E-08,-8.155E-11,-7.100000000000001E-13,3.3751999999999997E-07,-3.2534E-07
0.5,0.3,-1.1788199999999999E-08,-8.674E-11,-1.6300000000000001E-12,3.3716E-07,-3.2532E-07
0.505,0.3,-1.1451999999999999E-08,-9.115E-11,9.5E-13,3.3695999999999997E-07,-3.2542E-07
0.51,0.3,-1.11386E-08,-9.9110000000000007E-11,-8.4000000000000006E-13,3.3666E-07,-3.2544E-07
0.515,0.3,-1.08384E-08,-1.0765000000000001E-10,-6.7000000000000007E-13,3.3634E-07,-3.254E-07
0.52,0.3,-1.05164E-08,-1.0974000000000001E-10,1.4400000000000001E-12,3.3604E-07,-3.2546E-07
0.525,0.3,-1.0228399999999999E-08,-1.1732000000000002E-10,-1.3E-13,3.3576E-07,-3.2546E-07
0.53,0.3,-9.9258E-09,-1.2444E-10,-6.0000000000000009E-14,3.3548E-07,-3.2544E-07
0.535,0.3,-9.6674E-09,-1.3301000000000001E-10,-1.8900000000000002E-12,3.352E-07,-3.2542E-07
0.54,0.3,-9.3646E-09,-1.4302000000000001E-10,-2.3000000000000003E-13,3.3498E-07,-3.2542E-07
0.545,0.3,-9.0991E-09,-1.5133E-10,-1.3E-13,3.3466E-07,-3.255E-07
0.55,0.3,-8.8273E-09,-1.5960000000000002E-10,-5E-13,3.344E-07,-3.2544E-07
0.555,0.3,-8.5419E-09,-1.6724E-10,7.2000000000000006E-13,3.3415999999999997E-07,-3.255E-07
0.56,0.3,-8.2951E-09,-1.8173E-10,-8E-13,3.3392E-07,-3.2548E-07
0.56500000000000006,0.3,-8.0208E-09,-1.8893000000000001E-10,1.31E-12,3.3368E-07,-3.2538E-07
0.57000000000000006,0.3,-7.7766E-09,-1.9921E-10,-1.3E-13,3.334E-07,-3.2548E-07
0.57500000000000007,0.3,-7.5159E-09,-2.1298000000000002E-10,-2.09E-12,3.3317999999999997E-07,-3.2544E-07
0.58000000000000007,0.3,-7.279E-09,-2.2545E-10,7.8000000000000011E-13,3.3294E-07,-3.2548E-07
0.58500000000000008,0.3,-7.0274E-09,-2.3679E-10,9.0000000000000008E-14,3.3275999999999997E-07,-3.255E-07
0.59000000000000008,0.3,-6.8028E-09,-2.4847E-10,-2.11E-12,3.3247999999999997E-07,-3.2548E-07
0.595,0.3,-6.5842E-09,-2.6601000000000005E-10,3.1000000000000004E-13,3.3226E-07,-3.2548E-07
0.6,0.3,-6.3196E-09,-2.766E-10,1.1000000000000001E-13,3.3205999999999997E-07,-3.2544E-07
0.605,0.3,-6.1309E-09,-2.8900000000000004E-10,-2.5E-13,3.3174E-07,-3.2536E-07
0.61,0.3,-5.8955E-09,-3.0585000000000003E-10,-4.0000000000000006E-14,3.3156E-07,-3.2538E-07
0.615,0.3,-5.6779E-09,-3.2134000000000005E-10,-9.1000000000000016E-13,3.3144E-07,-3.2548E-07
0.62,0.3,-5.4717E-09,-3.3520000000000004E-10,6.9000000000000009E-13,3.3128E-07,-3.2548E-07
0.625,0.3,-5.2523E-09,-3.5064000000000004E-10,-1.09E-12,3.3112E-07,-3.2552E-07
0.63,0.3,-5.0696E-09,-3.6794E-10,-3.0000000000000005E-14,3.3093999999999997E-07,-3.255E-07
0.635,0.3,-4.8898E-09,-3.8182000000000003E-10,1.88E-12,3.3076E-07,-3.255E-07
0.64,0.3,-4.6748E-09,-3.9799000000000004E-10,-2.3000000000000003E-13,3.305E-07,-3.254E-07
0.645,0.3,-4.4757E-09,-4.1618000000000006E-10,-8.2E-13,3.3036E-07,-3.255E-07
0.65,0.3,-4.2931E-09,-4.3351000000000004E-10,8.4000000000000006E-13,3.3018E-07,-3.2546E-07
0.655,0.3,-4.1013E-09,-4.4630000000000005E-10,-9.5E-13,3.3004E-07,-3.255E-07
0.66,0.3,-3.9399E-09,-4.6433000000000004E-10,-1.3900000000000001E-12,3.2988E-07,-3.2548E-07
0.665,0.3,-3.7643E-09,-4.8319000000000007E-10,-3.0000000000000003E-13,3.2976E-07,-3.2548E-07
0.67,0.3,-3.5725E-09,-4.9786000000000008E-10,-2.9000000000000003E-13,3.2964E-07,-3.2552E-07
0.675,0.3,-3.417E-09,-5.1467E-10,4.2000000000000003E-13,3.2946E-07,-3.255E-07
0.68,0.3,-3.2358E-09,-5.3415000000000006E-10,-4.4000000000000004E-13,3.293E-07,-3.2548E-07
0.685,0.3,-3.076E-09,-5.5287000000000008E-10,6.400000000000001E-13,3.2918E-07,-3.2556E-07
0.69000000000000006,0.3,-2.9189E-09,-5.6719000000000009E-10,-2.1000000000000001E-13,3.2897999999999997E-07,-3.255E-07
0.69500000000000006,0.3,-2.7794E-09,-5.864400000000001E-10,-2.9300000000000002E-12,3.2888E-07,-3.2548E-07
0.70000000000000007,0.3,-2.623E-09,-6.0609E-10,-4.9E-13,3.2869999999999997E-07,-3.255E-07
0.70500000000000007,0.3,-2.454E-09,-6.2318E-10,-1.7E-13,3.2862E-07,-3.2556E-07
0.71000000000000008,0.3,-2.3248E-09,-6.4243E-10,-1.13E-12,3.2854E-07,-3.2554E-07
0.71500000000000008,0.3,-2.1821E-09,-6.6451E-10,7E-13,3.2838E-07,-3.2546E-07
0.72000000000000008,0.3,-2.0155E-09,-6.857E-10,1.4800000000000002E-12,3.2822E-07,-3.2556E-07
0.72500000000000009,0.3,-1.8755E-09,-7.035600000000001E-10,-6.5000000000000006E-13,3.281E-07,-3.2562E-07
0.73,0.3,-1.7444E-09,-7.276E-10,-7.6000000000000009E-13,3.2802E-07,-3.2558E-07
0.735,0.3,-1.6037E-09,-7.494100000000001E-10,-2.5E-13,3.2784E-07,-3.2556E-07
0.74,0.3,-1.4585E-09,-7.7053E-10,7.100000000000001E-13,3.2774E-07,-3.2554E-07
0.745,0.3,-1.3254E-09,-7.9135000000000006E-10,-8.2E-13,3.2766E-07,-3.2558E-07
0.75,0.3,-1.1931E-09,-8.1644E-10,-5.1E-13,3.2752E-07,-3.2552E-07
0.755,0.3,-1.0619E-09,-8.4083000000000008E-10,1.4200000000000002E-12,3.2746E-07,-3.256E-07
0.76,0.3,-9.2517E-10,-8.6209000000000007E-10,-7.100000000000001E-13,3.2736E-07,-3.2562E-07
0.765,0.3,-8.0607000000000009E-10,-8.8812E-10,-6.400000000000001E-13,3.2724E-07,-3.2558E-07
0.77,0.3,-6.7154E-10,-9.1408000000000012E-10,6.400000000000001E-13,3.2714E-07,-3.256E-07
0.775,0.3,-5.4185E-10,-9.3677E-10,6.6E-13,3.2706E-07,-3.2562E-07
0.78,0.3,-4.1590000000000003E-10,-9.6653000000000018E-10,2.7E-13,3.27E-07,-3.2562E-07
0.785,0.3,-2.9324E-10,-9.9244000000000014E-10,1.6E-12,3.2686E-07,-3.2554E-07
0.79,0.3,-1.7890000000000002E-10,-1.0180400000000001E-09,4.4000000000000004E-13,3.2678E-07,-3.2558E-07
0.795,0.3,-5.8880000000000008E-11,-1.04664E-09,-1.8000000000000002E-12,3.2676E-07,-3.256E-07
0.8,0.3,4.818E-11,-1.0761E-09,-3.5E-13,3.2666E-07,-3.2562E-07
0.805,0.3,1.6403E-10,-1.10891E-09,5.3000000000000006E-13,3.2658E-07,-3.2564E-07
0.81,0.3,2.7794E-10,-1.1332200000000002E-09,-6.1E-13,3.2645999999999997E-07,-3.2562E-07
0.81500000000000006,0.3,4.0332E-10,-1.1689E-09,-3.8000000000000005E-13,3.2631999999999997E-07,-3.2558E-07
0.82000000000000006,0.3,5.0661000000000007E-10,-1.2019E-09,-1.2000000000000001E-12,3.2634E-07,-3.2568E-07
0.82500000000000007,0.3,6.2257000000000005E-10,-1.2395E-09,-8.1000000000000008E-13,3.2628E-07,-3.2558E-07
0.83000000000000007,0.3,7.419000000000001E-10,-1.2697E-09,-2.9000000000000003E-13,3.2617999999999997E-07,-3.2564E-07
0.83500000000000008,0.3,8.7040000000000012E-10,-1.3058E-09,-1.85E-12,3.2602E-07,-3.2564E-07
0.84000000000000008,0.3,9.8986000000000014E-10,-1.3456E-09,-7E-14,3.2603999999999997E-07,-3.2562E-07
0.84500000000000008,0.3,1.0994E-09,-1.383E-09,-5E-13,3.2594E-07,-3.2566E-07
0.85000000000000009,0.3,1.2145E-09,-1.4225E-09,1E-13,3.2598E-07,-3.2574E-07
0.85500000000000009,0.3,1.3444E-09,-1.4613E-09,-1.6000000000000003E-13,3.257E-07,-3.2562E-07
0.86,0.3,1.4646E-09,-1.5059E-09,-1.12E-12,3.2566E-07,-3.256E-07
0.865,0.3,1.5932E-09,-1.5479E-09,-4.2000000000000003E-13,3.2562E-07,-3.2568E-07
0.87,0.3,1.726E-09,-1.5911E-09,-6.3E-13,3.256E-07,-3.257E-07
0.875,0.3,1.8608E-09,-1.6342E-09,-2.6E-13,3.2554E-07,-3.2572E-07
0.88,0.3,1.9985E-09,-1.6821E-09,-1.17E-12,3.253E-07,-3.2578E-07
0.885,0.3,2.1354E-09,-1.7302E-09,3.7000000000000004E-13,3.2528E-07,-3.2574E-07
0.89,0.3,2.2763E-09,-1.7763E-09,-3.5E-13,3.2518E-07,-3.2566E-07
0.895,0.3,2.4311E-09,-1.8287E-09,-6.3E-13,3.2514E-07,-3.2568E-07
0.9,0.3,2.583E-09,-1.8779E-09,-6.6E-13,3.25E-07,-3.257E-07
0,0.45,-9.0959199999999985E-08,2.5611E-10,-2E-13,4.1604E-07,-3.2506E-07
0.005,0.45,-8.96252E-08,2.4903E-10,-3.0000000000000003E-13,4.1444E-07,-3.2506E-07
0.01,0.45,-8.7969599999999991E-08,2.4264E-10,4.3000000000000004E-13,4.1288E-07,-3.2508E-07
0.015000000000000001,0.45,-8.64688E-08,2.3877E-10,1.6800000000000001E-12,4.1123999999999997E-07,-3.2506E-07
0.02,0.45,-8.5030199999999985E-08,2.3141E-10,1.2800000000000002E-12,4.0986E-07,-3.2508E-07
0.025,0.45,-8.35692E-08,2.2637000000000002E-10,-3.8000000000000005E-13,4.0854E-07,-3.2512E-07
0.030000000000000002,0.45,-8.21004E-08,2.2287000000000003E-10,2.01E-12,4.0692E-07,-3.2508E-07
0.035,0.45,-8.0686E-08,2.171E-10,-4.0000000000000006E-14,4.0566E-07,-3.2514E-07
0.04,0.45,-7.9295399999999992E-08,2.1052000000000001E-10,-5E-14,4.0412E-07,-3.251E-07
0.045000000000000005,0.45,-7.786819999999999E-08,2.0285000000000003E-10,-1.4200000000000002E-12,4.028E-07,-3.2512E-07
0.05,0.45,-7.6552E-08,1.9797000000000002E-10,-1.3E-13,4.0146E-07,-3.2512E-07
0.055,0.45,-7.52624E-08,1.9256E-10,1.8000000000000002E-13,3.9996E-07,-3.25E-07
0.060000000000000005,0.45,-7.3809599999999989E-08,1.8647E-10,1.65E-12,3.9886E-07,-3.2508E-07
0.065,0.45,-7.259439999999999E-08,1.8338000000000002E-10,-1.4E-13,3.9754E-07,-3.2512E-07
0.07,0.45,-7.1281799999999992E-08,1.7927000000000002E-10,-2.6E-13,3.962E-07,-3.2514E-07
0.075,0.45,-6.99962E-08,1.7575000000000001E-10,1.04E-12,3.9496E-07,-3.2516E-07
0.08,0.45,-6.8664799999999989E-08,1.7015E-10,-1.4200000000000002E-12,3.9368E-07,-3.2512E-07
0.085,0.45,-6.7493E-08,1.6433000000000002E-10,-3.6000000000000003E-13,3.924E-07,-3.2514E-07
0.090000000000000011,0.45,-6.62308E-08,1.6083E-10,-9.3E-13,3.913E-07,-3.2514E-07
0.095,0.45,-6.5117999999999988E-08,1.5498000000000002E-10,-1.2500000000000001E-12,3.9006E-07,-3.2514E-07
0.1,0.45,-6.3959E-08,1.497E-10,1.2000000000000002E-13,3.8901999999999997E-07,-3.2512E-07
0.10500000000000001,0.45,-6.28228E-08,1.4494000000000002E-10,1.9000000000000002E-13,3.8786E-07,-3.2512E-07
0.11,0.45,-6.16634E-08,1.4312000000000002E-10,8.5000000000000011E-13,3.8666E-07,-3.2514E-07
0.115,0.45,-6.04698E-08,1.3921E-10,-4.2000000000000003E-13,3.8558E-07,-3.2522E-07
0.12000000000000001,0.45,-5.9460799999999995E-08,1.3478E-10,2.7E-13,3.8446E-07,-3.2516E-07
0.125,0.45,-5.8324999999999995E-08,1.3317000000000002E-10,-1.2500000000000001E-12,3.8338E-07,-3.2518E-07
0.13,0.45,-5.7255999999999993E-08,1.2767E-10,-3.0000000000000003E-13,3.8226E-07,-3.2518E-07
0.135,0.45,-5.6185399999999992E-08,1.2473000000000002E-10,-3.0000000000000003E-13,3.8114E-07,-3.2514E-07
0.14,0.45,-5.5079999999999994E-08,1.2034000000000002E-10,-4.9E-13,3.8009999999999997E-07,-3.2512E-07
0.14500000000000002,0.45,-5.4185999999999993E-08,1.1415000000000001E-10,-6.0000000000000007E-13,3.7922E-07,-3.2512E-07
0.15,0.45,-5.3060999999999995E-08,1.1139E-10,1.4E-12,3.7808E-07,-3.2512E-07
0.155,0.45,-5.2110399999999997E-08,1.0729000000000001E-10,7E-14,3.7712E-07,-3.2514E-07
0.16,0.45,-5.1238799999999996E-08,1.0665000000000001E-10,9.2000000000000012E-13,3.7636E-07,-3.2516E-07
0.165,0.45,-5.02472E-08,1.0105E-10,1.08E-12,3.7526E-07,-3.2518E-07
0.17,0.45,-4.9270199999999995E-08,1.008E-10,-1.0600000000000001E-12,3.7428E-07,-3.2512E-07
0.17500000000000002,0.45,-4.8300799999999993E-08,9.8330000000000011E-11,4.8000000000000008E-13,3.7334E-07,-3.2512E-07
0.18000000000000002,0.45,-4.7468E-08,9.3530000000000012E-11,-1.27E-12,3.7242E-07,-3.2514E-07
0.185,0.45,-4.6504E-08,8.973000000000001E-11,-1.0100000000000001E-12,3.716E-07,-3.2514E-07
0.19,0.45,-4.5639599999999995E-08,8.519E-11,-3.4E-13,3.7072E-07,-3.2512E-07
0.195,0.45,-4.47492E-08,8.3740000000000013E-11,2.5E-13,3.6984E-07,-3.2524E-07
0.2,0.45,-4.3923799999999993E-08,7.984E-11,-1.6000000000000003E-13,3.689E-07,-3.252E-07
0.20500000000000002,0.45,-4.3004799999999996E-08,7.6220000000000009E-11,9.0000000000000008E-14,3.6818E-07,-3.2516E-07
0.21000000000000002,0.45,-4.2216999999999993E-08,7.507E-11,1.41E-12,3.6746E-07,-3.2524E-07
0.215,0.45,-4.1416799999999995E-08,7.3650000000000012E-11,-1.3000000000000001E-12,3.6648E-07,-3.252E-07
0.22,0.45,-4.0596999999999996E-08,7.2520000000000012E-11,6.1E-13,3.657E-07,-3.2522E-07
0.225,0.45,-3.9809599999999995E-08,6.7510000000000008E-11,-6.0000000000000007E-13,3.6492E-07,-3.2524E-07
0.23,0.45,-3.91034E-08,6.531E-11,-1.91E-12,3.642E-07,-3.2522E-07
0.23500000000000001,0.45,-3.8416199999999996E-08,6.328E-11,-7.4000000000000008E-13,3.635E-07,-3.2522E-07
0.24000000000000002,0.45,-3.76226E-08,5.9210000000000008E-11,-2.0000000000000003E-14,3.6282E-07,-3.2516E-07
0.24500000000000002,0.45,-3.6887E-08,5.648E-11,-1.3000000000000001E-12,3.6202E-07,-3.2522E-07
0.25,0.45,-3.61762E-08,5.306E-11,6.7000000000000007E-13,3.6128E-07,-3.2518E-07
0.255,0.45,-3.5474799999999994E-08,5.434E-11,1E-12,3.6064E-07,-3.2514E-07
0.26,0.45,-3.4762199999999995E-08,5.2120000000000003E-11,-6.3E-13,3.5997999999999997E-07,-3.2524E-07
0.265,0.45,-3.40604E-08,4.7800000000000006E-11,2E-13,3.5926E-07,-3.2518E-07
0.27,0.45,-3.33952E-08,4.7950000000000006E-11,9.0000000000000008E-14,3.5854E-07,-3.252E-07
0.275,0.45,-3.26586E-08,4.684E-11,-1.91E-12,3.5792E-07,-3.2518E-07
0.28,0.45,-3.20764E-08,4.4550000000000004E-11,-1.3300000000000002E-12,3.5722E-07,-3.2524E-07
0.28500000000000003,0.45,-3.1405599999999995E-08,3.9200000000000004E-11,-4E-13,3.5661999999999997E-07,-3.2516E-07
0.29000000000000004,0.45,-3.0788199999999995E-08,3.6830000000000004E-11,-1.5700000000000002E-12,3.5596E-07,-3.252E-07
0.29500000000000004,0.45,-3.0142799999999996E-08,3.791E-11,2.3000000000000003E-13,3.5525999999999997E-07,-3.2518E-07
0.3,0.45,-2.9554999999999996E-08,3.441E-11,1.88E-12,3.5474E-07,-3.252E-07
0.305,0.45,-2.8939599999999998E-08,3.303E-11,-3.9000000000000005E-13,3.5418E-07,-3.2518E-07
0.31,0.45,-2.83306E-08,3.1700000000000004E-11,1.2000000000000002E-13,3.5343999999999997E-07,-3.252E-07
0.315,0.45,-2.776E-08,3.379E-11,-1.1500000000000002E-12,3.5287999999999997E-07,-3.252E-07
0.32,0.45,-2.7206599999999998E-08,3.1560000000000005E-11,-2.3000000000000003E-13,3.5245999999999997E-07,-3.2518E-07
0.325,0.45,-2.6597199999999997E-08,2.6580000000000003E-11,-2.7100000000000004E-12,3.5186E-07,-3.2526E-07
0.33,0.45,-2.6056E-08,2.695E-11,1.9000000000000002E-13,3.5126E-07,-3.253E-07
0.335,0.45,-2.5507399999999997E-08,2.469E-11,-1.3900000000000001E-12,3.5068E-07,-3.2526E-07
0.34,0.45,-2.4941399999999997E-08,2.289E-11,-7.8000000000000011E-13,3.5028E-07,-3.2532E-07
0.34500000000000003,0.45,-2.4454599999999998E-08,1.899E-11,-4.6000000000000006E-13,3.497E-07,-3.2526E-07
0.35000000000000003,0.45,-2.3958399999999997E-08,1.972E-11,1.5000000000000002E-13,3.492E-07,-3.2522E-07
0.35500000000000004,0.45,-2.3427E-08,2.2150000000000002E-11,2.06E-12,3.4862E-07,-3.2522E-07
0.36000000000000004,0.45,-2.29734E-08,1.95E-11,8.0000000000000013E-14,3.4825999999999997E-07,-3.253E-07
0.365,0.45,-2.24514E-08,1.832E-11,-1.18E-12,3.4776E-07,-3.2526E-07
0.37,0.45,-2.2013799999999997E-08,1.657E-11,-3.1000000000000004E-13,3.4722E-07,-3.2522E-07
0.375,0.45,-2.1517199999999998E-08,1.803E-11,-9.3E-13,3.4682E-07,-3.2526E-07
0.38,0.45,-2.1071199999999998E-08,1.582E-11,-4.1E-13,3.4624E-07,-3.2526E-07
0.385,0.45,-2.0638E-08,1.1820000000000001E-11,-6.3E-13,3.4587999999999997E-07,-3.252E-07
0.39,0.45,-2.0243799999999998E-08,1.1140000000000001E-11,7.100000000000001E-13,3.4544E-07,-3.2526E-07
0.395,0.45,-1.97546E-08,1.2830000000000001E-11,-1.1000000000000002E-12,3.4494E-07,-3.2528E-07
0.4,0.45,-1.9329199999999998E-08,1.208E-11,9.6000000000000015E-13,3.446E-07,-3.253E-07
0.405,0.45,-1.8884E-08,9.15E-12,8.9E-13,3.4422E-07,-3.253E-07
0.41000000000000003,0.45,-1.8466599999999997E-08,1.0500000000000001E-11,-5.5000000000000008E-13,3.4372E-07,-3.2524E-07
0.41500000000000004,0.45,-1.81148E-08,1.341E-11,-7.5E-13,3.4328E-07,-3.252E-07
0.42000000000000004,0.45,-1.7686199999999998E-08,8.53E-12,-1.4300000000000002E-12,3.4298E-07,-3.2524E-07
0.42500000000000004,0.45,-1.73044E-08,7.8600000000000008E-12,-1.6700000000000002E-12,3.425E-07,-3.253E-07
0.43,0.45,-1.69268E-08,7.33E-12,-1.22E-12,3.4216E-07,-3.2524E-07
0.435,0.45,-1.6548799999999997E-08,6.71E-12,-5E-14,3.418E-07,-3.2528E-07
0.44,0.45,-1.61582E-08,5.7300000000000008E-12,0,3.4144E-07,-3.2536E-07
0.445,0.45,-1.5771199999999997E-08,1.83E-12,1.2000000000000002E-13,3.41E-07,-3.253E-07
0.45,0.45,-1.5393599999999997E-08,4.48E-12,1.5000000000000002E-13,3.4066E-07,-3.2526E-07
0.455,0.45,-1.5043599999999997E-08,5.5E-12,2.0000000000000003E-14,3.403E-07,-3.253E-07
0.46,0.45,-1.4673399999999999E-08,4.57E-12,2.2000000000000002E-13,3.3998E-07,-3.253E-07
0.465,0.45,-1.4323999999999998E-08,2.82E-12,-7E-13,3.3958E-07,-3.2532E-07
0.47000000000000003,0.45,-1.3964999999999998E-08,2.6600000000000004E-12,-1.04E-12,3.3916E-07,-3.2522E-07
0.47500000000000003,0.45,-1.3630599999999998E-08,1.85E-12,-2.5800000000000003E-12,3.3894E-07,-3.2524E-07
0.48000000000000004,0.45,-1.3291599999999999E-08,-7.7000000000000005E-13,-5.3000000000000006E-13,3.386E-07,-3.2536E-07
0.48500000000000004,0.45,-1.2972399999999999E-08,-2.7600000000000004E-12,-6.3E-13,3.3834E-07,-3.253E-07
0.49000000000000005,0.45,-1.2647399999999999E-08,-3.91E-12,-1.2000000000000002E-13,3.3793999999999997E-07,-3.2528E-07
0.49500000000000005,0.45,-1.2317599999999998E-08,-2.1700000000000002E-12,8.0000000000000013E-14,3.377E-07,-3.2534E-07
0.5,0.45,-1.19772E-08,-3.4200000000000004E-12,1.4800000000000002E-12,3.3734E-07,-3.2526E-07
0.505,0.45,-1.1670999999999999E-08,-4.99E-12,-1.2400000000000002E-12,3.3702E-07,-3.253E-07
0.51,0.45,-1.1344999999999998E-08,-4.7100000000000007E-12,-1.7E-13,3.3666E-07,-3.253E-07
0.515,0.45,-1.1053599999999999E-08,-5.6200000000000007E-12,3.9000000000000005E-13,3.3632E-07,-3.2538E-07
0.52,0.45,-1.0721999999999998E-08,-7.73E-12,-2.6100000000000004E-12,3.3608E-07,-3.2536E-07
0.525,0.45,-1.0422999999999998E-08,-1.086E-11,2.8E-13,3.3576E-07,-3.253E-07
0.53,0.45,-1.01596E-08,-1.228E-11,-1.7700000000000001E-12,3.3552E-07,-3.2534E-07
0.535,0.45,-9.8875999999999988E-09,-1.2840000000000001E-11,-1.18E-12,3.352E-07,-3.2532E-07
0.54,0.45,-9.608E-09,-1.568E-11,-3.0000000000000003E-13,3.3496E-07,-3.2532E-07
0.545,0.45,-9.3481E-09,-1.586E-11,-1.8000000000000002E-13,3.3466E-07,-3.253E-07
0.55,0.45,-9.0505E-09,-1.6760000000000002E-11,-7.6000000000000009E-13,3.345E-07,-3.2542E-07
0.555,0.45,-8.8425E-09,-1.9110000000000002E-11,-7.6000000000000009E-13,3.3415999999999997E-07,-3.2536E-07
0.56,0.45,-8.5515E-09,-2.4120000000000003E-11,-3.4E-13,3.3401999999999997E-07,-3.2546E-07
0.56500000000000006,0.45,-8.3187E-09,-2.2480000000000003E-11,2.36E-12,3.3376E-07,-3.2538E-07
0.57000000000000006,0.45,-8.064E-09,-2.615E-11,-1.3E-13,3.3352E-07,-3.2542E-07
0.57500000000000007,0.45,-7.8215E-09,-2.925E-11,1.18E-12,3.3322E-07,-3.2544E-07
0.58000000000000007,0.45,-7.6024E-09,-3.209E-11,9.7000000000000011E-13,3.3308E-07,-3.254E-07
0.58500000000000008,0.45,-7.3548E-09,-3.227E-11,1.2000000000000002E-13,3.3275999999999997E-07,-3.2536E-07
0.59000000000000008,0.45,-7.103E-09,-3.7130000000000005E-11,-1.6800000000000001E-12,3.326E-07,-3.2542E-07
0.595,0.45,-6.9078E-09,-4.1060000000000005E-11,-6.0000000000000009E-14,3.3233999999999997E-07,-3.2548E-07
0.6,0.45,-6.7053E-09,-4.1890000000000003E-11,1.5000000000000002E-13,3.3222E-07,-3.2546E-07
0.605,0.45,-6.4816E-09,-4.5840000000000007E-11,-1.31E-12,3.3194E-07,-3.2546E-07
0.61,0.45,-6.2585E-09,-5.099E-11,4.6000000000000006E-13,3.3174E-07,-3.2538E-07
0.615,0.45,-6.0303E-09,-5.474E-11,1.4E-12,3.3166E-07,-3.2548E-07
0.62,0.45,-5.8286E-09,-5.7200000000000007E-11,7.100000000000001E-13,3.314E-07,-3.2548E-07
0.625,0.45,-5.6281E-09,-6.302E-11,-2.4000000000000004E-13,3.3114E-07,-3.2552E-07
0.63,0.45,-5.4606E-09,-6.837E-11,3.6000000000000003E-13,3.3102E-07,-3.2542E-07
0.635,0.45,-5.2763E-09,-7.074E-11,-1.2500000000000001E-12,3.3079999999999997E-07,-3.2548E-07
0.64,0.45,-5.0752E-09,-7.5500000000000011E-11,-1.79E-12,3.3064E-07,-3.2544E-07
0.645,0.45,-4.8966E-09,-8.139E-11,-4.8000000000000008E-13,3.304E-07,-3.2542E-07
0.65,0.45,-4.6986E-09,-8.7770000000000011E-11,-4.4000000000000004E-13,3.3026E-07,-3.2544E-07
0.655,0.45,-4.5594E-09,-9.0330000000000013E-11,-3.8000000000000005E-13,3.3006E-07,-3.2542E-07
0.66,0.45,-4.3712E-09,-1.0004000000000001E-10,-7.8000000000000011E-13,3.2992E-07,-3.2546E-07
0.665,0.45,-4.1975E-09,-1.0626E-10,1.6000000000000003E-13,3.2974E-07,-3.2536E-07
0.67,0.45,-4.0555E-09,-1.1143000000000001E-10,-3.0000000000000005E-14,3.296E-07,-3.2546E-07
0.675,0.45,-3.8643E-09,-1.1918000000000002E-10,-6.0000000000000007E-13,3.2936E-07,-3.2542E-07
0.68,0.45,-3.7009E-09,-1.2787000000000002E-10,-1.14E-12,3.2922E-07,-3.2546E-07
0.685,0.45,-3.5442E-09,-1.3682E-10,7E-13,3.2906E-07,-3.2544E-07
0.69000000000000006,0.45,-3.3862E-09,-1.4105000000000002E-10,-1.04E-12,3.2894E-07,-3.2538E-07
0.69500000000000006,0.45,-3.255E-09,-1.5370000000000002E-10,-4.3000000000000004E-13,3.2876E-07,-3.2544E-07
0.70000000000000007,0.45,-3.1025E-09,-1.6459000000000002E-10,1.6800000000000001E-12,3.2872E-07,-3.2542E-07
0.70500000000000007,0.45,-2.9414E-09,-1.7108000000000002E-10,-8.1000000000000008E-13,3.2858E-07,-3.2546E-07
0.71000000000000008,0.45,-2.8075E-09,-1.8361000000000003E-10,-1.13E-12,3.2852E-07,-3.2542E-07
0.71500000000000008,0.45,-2.6761E-09,-1.9351E-10,4.3000000000000004E-13,3.2827999999999997E-07,-3.2546E-07
0.72000000000000008,0.45,-2.5264E-09,-2.0666000000000001E-10,-4.6000000000000006E-13,3.2822E-07,-3.2554E-07
0.72500000000000009,0.45,-2.4002E-09,-2.1391000000000001E-10,3.5E-13,3.281E-07,-3.2546E-07
0.73,0.45,-2.2562E-09,-2.3104E-10,4E-13,3.2799999999999997E-07,-3.2548E-07
0.735,0.45,-2.1414E-09,-2.4239000000000003E-10,6.8E-13,3.2784E-07,-3.2546E-07
0.74,0.45,-2.0184E-09,-2.5441E-10,6.0000000000000007E-13,3.2774E-07,-3.2546E-07
0.745,0.45,-1.8858E-09,-2.6851000000000004E-10,-3.5E-13,3.2762E-07,-3.2544E-07
0.75,0.45,-1.7535E-09,-2.8374000000000005E-10,1.2000000000000002E-13,3.2756E-07,-3.255E-07
0.755,0.45,-1.6455E-09,-2.9901000000000004E-10,1.41E-12,3.2743999999999997E-07,-3.2562E-07
0.76,0.45,-1.5129E-09,-3.0908000000000003E-10,-4.0000000000000006E-14,3.2728E-07,-3.255E-07
0.765,0.45,-1.3937E-09,-3.2762E-10,-1.8700000000000003E-12,3.2718E-07,-3.2552E-07
0.77,0.45,-1.2819E-09,-3.4165E-10,1.17E-12,3.2718E-07,-3.2546E-07
0.775,0.45,-1.1664E-09,-3.5506E-10,-5.6E-13,3.2701999999999997E-07,-3.2556E-07
0.78,0.45,-1.0496E-09,-3.7125000000000004E-10,-1.32E-12,3.2694E-07,-3.2554E-07
0.785,0.45,-9.3944E-10,-3.8591E-10,-4.9E-13,3.2687999999999997E-07,-3.2554E-07
0.79,0.45,-8.331300000000001E-10,-4.0041E-10,-2.9000000000000003E-13,3.2676E-07,-3.2548E-07
0.795,0.45,-7.2463E-10,-4.1742000000000004E-10,-1.26E-12,3.267E-07,-3.255E-07
0.8,0.45,-6.1667E-10,-4.3395000000000004E-10,-8.5000000000000011E-13,3.2666E-07,-3.2558E-07
0.805,0.45,-5.1979E-10,-4.5100000000000005E-10,7.7000000000000005E-13,3.2656E-07,-3.256E-07
0.81,0.45,-4.1382E-10,-4.6361E-10,-7.2000000000000006E-13,3.2638E-07,-3.256E-07
0.81500000000000006,0.45,-3.1254000000000004E-10,-4.8368E-10,8.0000000000000013E-14,3.2638E-07,-3.2556E-07
0.82000000000000006,0.45,-2.1177E-10,-4.9813E-10,4.6000000000000006E-13,3.263E-07,-3.2562E-07
0.82500000000000007,0.45,-1.0980000000000001E-10,-5.1486E-10,-8E-13,3.261E-07,-3.2548E-07
0.83000000000000007,0.45,-3.6900000000000006E-12,-5.3228E-10,-8.9E-13,3.2603999999999997E-07,-3.2556E-07
0.83500000000000008,0.45,8.527E-11,-5.5088000000000007E-10,1.6000000000000003E-13,3.2603999999999997E-07,-3.2548E-07
0.84000000000000008,0.45,1.856E-10,-5.6815E-10,8.8000000000000009E-13,3.2584E-07,-3.2546E-07
0.84500000000000008,0.45,2.8413000000000003E-10,-5.8581000000000007E-10,-4.1E-13,3.2578E-07,-3.2548E-07
0.85000000000000009,0.45,4.0926000000000004E-10,-6.0711000000000009E-10,-1.26E-12,3.2572E-07,-3.255E-07
0.85500000000000009,0.45,4.8278000000000006E-10,-6.2426000000000008E-10,1.3000000000000001E-12,3.2568E-07,-3.2552E-07
0.86,0.45,5.8615000000000009E-10,-6.4437E-10,-6.6E-13,3.2554E-07,-3.2548E-07
0.865,0.45,6.9771000000000006E-10,-6.6639E-10,-1.31E-12,3.2554E-07,-3.2556E-07
0.87,0.45,8.0092000000000006E-10,-6.8659E-10,-4E-13,3.2552E-07,-3.2566E-07
0.875,0.45,9.1974000000000007E-10,-7.0549E-10,-5.8000000000000005E-13,3.2546E-07,-3.2568E-07
0.88,0.45,1.0269E-09,-7.2522000000000011E-10,-5.9E-13,3.2536E-07,-3.256E-07
0.885,0.45,1.1465E-09,-7.4891000000000005E-10,-2.11E-12,3.2528E-07,-3.2572E-07
0.89,0.45,1.2591E-09,-7.699000000000001E-10,-9.6000000000000015E-13,3.2512E-07,-3.2566E-07
0.895,0.45,1.3824E-09,-7.9322000000000008E-10,5.6E-13,3.2506E-07,-3.2566E-07
0.9,0.45,1.5122E-09,-8.1240000000000011E-10,3.0000000000000003E-13,3.25E-07,-3.257E-07
0,0.6,-9.2071399999999986E-08,5.1044E-10,-2.7E-13,4.1676E-07,-3.2508E-07
0.005,0.6,-9.0562999999999988E-08,4.9938000000000009E-10,3.0000000000000003E-13,4.1515999999999997E-07,-3.2508E-07
0.01,0.6,-8.89918E-08,4.8784E-10,4.7E-13,4.1358E-07,-3.2508E-07
0.015000000000000001,0.6,-8.7488199999999993E-08,4.7882E-10,4.2000000000000003E-13,4.1192E-07,-3.2506E-07
0.02,0.6,-8.5974999999999987E-08,4.7244000000000008E-10,8.9E-13,4.1056E-07,-3.2506E-07
0.025,0.6,-8.4448199999999987E-08,4.6457000000000003E-10,-4.9E-13,4.0908E-07,-3.2506E-07
0.030000000000000002,0.6,-8.2984E-08,4.5336E-10,3.8000000000000005E-13,4.0748E-07,-3.2508E-07
0.035,0.6,-8.14148E-08,4.4437000000000004E-10,-1.45E-12,4.0604E-07,-3.2502E-07
0.04,0.6,-7.992659999999999E-08,4.3569E-10,-1.55E-12,4.0456E-07,-3.2506E-07
0.045000000000000005,0.6,-7.85622E-08,4.2663000000000006E-10,-4.3000000000000004E-13,4.0324E-07,-3.2502E-07
0.05,0.6,-7.7339799999999992E-08,4.1629E-10,3.3E-13,4.0192E-07,-3.2502E-07
0.055,0.6,-7.5924E-08,4.0533000000000004E-10,-2.6E-13,4.0062E-07,-3.2514E-07
0.060000000000000005,0.6,-7.4540999999999992E-08,4.0059E-10,1.08E-12,3.9916E-07,-3.2514E-07
0.065,0.6,-7.3212199999999992E-08,3.9105E-10,1.9000000000000002E-13,3.9786E-07,-3.251E-07
0.07,0.6,-7.1965399999999991E-08,3.8375000000000004E-10,7E-14,3.9666E-07,-3.251E-07
0.075,0.6,-7.06724E-08,3.7578E-10,2.1000000000000001E-13,3.9534E-07,-3.2508E-07
0.08,0.6,-6.93158E-08,3.6863000000000005E-10,5E-13,3.9398E-07,-3.2504E-07
0.085,0.6,-6.80318E-08,3.6184E-10,3.3E-13,3.9274E-07,-3.2508E-07
0.090000000000000011,0.6,-6.6864E-08,3.5108000000000004E-10,-9.6000000000000015E-13,3.9152E-07,-3.2512E-07
0.095,0.6,-6.5565999999999993E-08,3.4345000000000004E-10,-1.6000000000000003E-13,3.903E-07,-3.252E-07
0.1,0.6,-6.44192E-08,3.3429000000000004E-10,-8.4000000000000006E-13,3.8901999999999997E-07,-3.2514E-07
0.10500000000000001,0.6,-6.32086E-08,3.2867E-10,2.2000000000000002E-13,3.8792E-07,-3.2508E-07
0.11,0.6,-6.20296E-08,3.1907E-10,4.9E-13,3.8688E-07,-3.2514E-07
0.115,0.6,-6.0813999999999991E-08,3.1301000000000004E-10,-8.7E-13,3.8569999999999997E-07,-3.2512E-07
0.12000000000000001,0.6,-5.97166E-08,3.0890000000000004E-10,8.6000000000000007E-13,3.8438E-07,-3.2508E-07
0.125,0.6,-5.86212E-08,3.0151000000000003E-10,-5.5000000000000008E-13,3.8336E-07,-3.2502E-07
0.13,0.6,-5.7554999999999995E-08,2.9389E-10,3.7000000000000004E-13,3.8226E-07,-3.2512E-07
0.135,0.6,-5.6397599999999991E-08,2.8711E-10,-1.4400000000000001E-12,3.8121999999999997E-07,-3.2518E-07
0.14,0.6,-5.5339799999999994E-08,2.8042E-10,-9.6000000000000015E-13,3.8023999999999997E-07,-3.2514E-07
0.14500000000000002,0.6,-5.4361799999999996E-08,2.734E-10,1.4E-13,3.7922E-07,-3.2508E-07
0.15,0.6,-5.3329999999999995E-08,2.6336E-10,3.3E-13,3.7818E-07,-3.2506E-07
0.155,0.6,-5.2311399999999993E-08,2.5864E-10,-3.6000000000000003E-13,3.7706E-07,-3.2512E-07
0.16,0.6,-5.1352999999999997E-08,2.5454000000000003E-10,6.0000000000000007E-13,3.7617999999999997E-07,-3.2512E-07
0.165,0.6,-5.03828E-08,2.4919E-10,8.6000000000000007E-13,3.7514E-07,-3.251E-07
0.17,0.6,-4.9366999999999995E-08,2.4259000000000004E-10,-5.6E-13,3.7421999999999997E-07,-3.2512E-07
0.17500000000000002,0.6,-4.8459399999999993E-08,2.3645E-10,-8E-13,3.7336E-07,-3.2512E-07
0.18000000000000002,0.6,-4.7458399999999996E-08,2.3281000000000002E-10,-7.2000000000000006E-13,3.723E-07,-3.2506E-07
0.185,0.6,-4.6529399999999994E-08,2.2242000000000002E-10,-9.6000000000000015E-13,3.7141999999999997E-07,-3.2516E-07
0.19,0.6,-4.5573599999999993E-08,2.1633000000000002E-10,-1.6000000000000003E-13,3.7052E-07,-3.251E-07
0.195,0.6,-4.46862E-08,2.1182000000000002E-10,6.3E-13,3.6956E-07,-3.2508E-07
0.2,0.6,-4.3806599999999995E-08,2.0908000000000002E-10,-3.4E-13,3.6876E-07,-3.2518E-07
0.20500000000000002,0.6,-4.3011999999999995E-08,2.0178000000000003E-10,1.02E-12,3.6794E-07,-3.251E-07
0.21000000000000002,0.6,-4.2112399999999995E-08,1.9665000000000001E-10,2.5E-13,3.67E-07,-3.2516E-07
0.215,0.6,-4.1320999999999997E-08,1.9529E-10,-4.0000000000000006E-14,3.6627999999999997E-07,-3.252E-07
0.22,0.6,-4.0496399999999996E-08,1.9020000000000003E-10,-1.32E-12,3.6546E-07,-3.2516E-07
0.225,0.6,-3.9686599999999995E-08,1.8271E-10,-4.1E-13,3.6472E-07,-3.2512E-07
0.23,0.6,-3.8935E-08,1.7569000000000002E-10,-1.18E-12,3.6388E-07,-3.2516E-07
0.23500000000000001,0.6,-3.8138399999999996E-08,1.7280000000000001E-10,-1.14E-12,3.6308E-07,-3.2514E-07
0.24000000000000002,0.6,-3.7410599999999995E-08,1.6913000000000002E-10,-1.2000000000000002E-13,3.6235999999999997E-07,-3.2514E-07
0.24500000000000002,0.6,-3.6606E-08,1.6166000000000001E-10,4E-13,3.6164E-07,-3.2508E-07
0.25,0.6,-3.5919399999999994E-08,1.5833E-10,3.9000000000000005E-13,3.6088E-07,-3.251E-07
0.255,0.6,-3.5134999999999997E-08,1.5554000000000001E-10,-1.6000000000000003E-13,3.6008E-07,-3.2506E-07
0.26,0.6,-3.4459799999999995E-08,1.5425E-10,-8.24E-12,3.5936E-07,-3.2512E-07
0.265,0.6,-3.3763199999999994E-08,1.4768E-10,1.2070000000000002E-11,3.5882E-07,-3.2524E-07
0.27,0.6,-3.3037E-08,1.4043E-10,-1.0600000000000001E-11,3.581E-07,-3.2514E-07
0.275,0.6,-3.2348399999999995E-08,1.4067000000000002E-10,-5.6E-13,3.574E-07,-3.2518E-07
0.28,0.6,-3.16726E-08,1.3603000000000002E-10,7.970000000000001E-12,3.5678E-07,-3.2514E-07
0.28500000000000003,0.6,-3.1057E-08,1.3430000000000002E-10,-1.008E-11,3.5602E-07,-3.2514E-07
0.29000000000000004,0.6,-3.03804E-08,1.2181000000000002E-10,4.83E-12,3.5544E-07,-3.252E-07
0.29500000000000004,0.6,-2.9767399999999996E-08,1.238E-10,-8.6000000000000007E-13,3.5474E-07,-3.252E-07
0.3,0.6,-2.91386E-08,1.1855000000000002E-10,-5.6E-13,3.5426E-07,-3.2526E-07
0.305,0.6,-2.8525199999999997E-08,1.2121000000000001E-10,2.5500000000000002E-12,3.5366E-07,-3.2512E-07
0.31,0.6,-2.7947399999999997E-08,1.1492000000000002E-10,-3.3E-12,3.53E-07,-3.2524E-07
0.315,0.6,-2.7328199999999996E-08,1.07E-10,4.1400000000000005E-12,3.5244E-07,-3.2512E-07
0.32,0.6,-2.6740799999999997E-08,1.0929E-10,-5.74E-12,3.5284E-07,-3.252E-07
0.325,0.6,-2.7152599999999997E-08,1.0272000000000001E-10,4.36E-12,3.5228E-07,-3.2518E-07
0.33,0.6,-2.5625799999999996E-08,1.0361E-10,-4.5000000000000006E-12,3.5076E-07,-3.252E-07
0.335,0.6,-2.5036799999999997E-08,9.46E-11,-1.07E-12,3.5007999999999997E-07,-3.2516E-07
0.34,0.6,-2.4516799999999996E-08,9.4990000000000013E-11,1.3800000000000002E-12,3.4972E-07,-3.252E-07
0.34500000000000003,0.6,-2.3994399999999998E-08,9.2260000000000013E-11,-3.1600000000000003E-12,3.4904E-07,-3.2516E-07
0.35000000000000003,0.6,-2.3465399999999997E-08,8.392E-11,1.1500000000000002E-12,3.4867999999999997E-07,-3.252E-07
0.35500000000000004,0.6,-2.2971399999999996E-08,8.442E-11,3.4E-13,3.4818E-07,-3.252E-07
0.36000000000000004,0.6,-2.24826E-08,8.1960000000000007E-11,-7.6000000000000009E-13,3.476E-07,-3.252E-07
0.365,0.6,-2.19666E-08,8.53E-11,2.3200000000000002E-12,3.4716E-07,-3.2526E-07
0.37,0.6,-2.1474799999999998E-08,7.692E-11,-1.21E-12,3.4674E-07,-3.2522E-07
0.375,0.6,-2.09924E-08,7.2750000000000007E-11,-5.1E-13,3.4626E-07,-3.2528E-07
0.38,0.6,-2.05672E-08,7.566E-11,-2.1200000000000003E-12,3.4578E-07,-3.252E-07
0.385,0.6,-2.0077599999999998E-08,6.926E-11,1.41E-12,3.4531999999999997E-07,-3.253E-07
0.39,0.6,-1.9686599999999998E-08,6.766E-11,-6.5000000000000006E-13,3.4489999999999997E-07,-3.2532E-07
0.395,0.6,-1.9227799999999998E-08,5.951000000000001E-11,-2.5500000000000002E-12,3.4446E-07,-3.253E-07
0.4,0.6,-1.8791999999999997E-08,6.051E-11,5.2100000000000006E-12,3.441E-07,-3.2538E-07
0.405,0.6,-1.83606E-08,6.301000000000001E-11,-2.9E-12,3.437E-07,-3.2526E-07
0.41000000000000003,0.6,-1.7953399999999997E-08,5.834E-11,1.3800000000000002E-12,3.4316E-07,-3.2536E-07
0.41500000000000004,0.6,-1.75174E-08,5.5230000000000006E-11,1.37E-12,3.4279999999999997E-07,-3.253E-07
0.42000000000000004,0.6,-1.7163199999999997E-08,5.4280000000000005E-11,-3.4700000000000004E-12,3.424E-07,-3.2532E-07
0.42500000000000004,0.6,-1.67964E-08,5.492E-11,1.0600000000000001E-12,3.4202E-07,-3.2536E-07
0.43,0.6,-1.63974E-08,4.9300000000000007E-11,-1.64E-12,3.4174E-07,-3.2526E-07
0.435,0.6,-1.59996E-08,4.345E-11,-1.0000000000000002E-14,3.4122E-07,-3.2532E-07
0.44,0.6,-1.56688E-08,4.6480000000000004E-11,-1.4400000000000001E-12,3.41E-07,-3.2528E-07
0.445,0.6,-1.52944E-08,4.173E-11,1.5700000000000002E-12,3.4046E-07,-3.2532E-07
0.45,0.6,-1.49218E-08,4.1760000000000006E-11,1.2500000000000001E-12,3.4026E-07,-3.2532E-07
0.455,0.6,-1.4564199999999998E-08,4.076E-11,-1.64E-12,3.3978E-07,-3.2524E-07
0.46,0.6,-1.4220799999999998E-08,3.812E-11,3.4700000000000004E-12,3.3942E-07,-3.2524E-07
0.465,0.6,-1.39206E-08,3.919E-11,-2.4300000000000003E-12,3.3916E-07,-3.253E-07
0.47000000000000003,0.6,-1.3569399999999999E-08,3.657E-11,-1.5E-12,3.3882E-07,-3.2534E-07
0.47500000000000003,0.6,-1.32094E-08,3.3780000000000005E-11,2.0000000000000003E-14,3.3849999999999997E-07,-3.2538E-07
0.48000000000000004,0.6,-1.2919199999999999E-08,3.106E-11,-2.0500000000000004E-12,3.3816E-07,-3.253E-07
0.48500000000000004,0.6,-1.26084E-08,3.0900000000000004E-11,-1.6000000000000003E-13,3.3792E-07,-3.253E-07
0.49000000000000005,0.6,-1.2358999999999998E-08,2.8630000000000002E-11,-6.2000000000000008E-13,3.376E-07,-3.2536E-07
0.49500000000000005,0.6,-1.20248E-08,2.5170000000000002E-11,2.1000000000000001E-13,3.3726E-07,-3.253E-07
0.5,0.6,-1.1727199999999999E-08,2.938E-11,-1.2400000000000002E-12,3.3704E-07,-3.253E-07
0.505,0.6,-1.1453399999999999E-08,2.569E-11,1.31E-12,3.367E-07,-3.2526E-07
0.51,0.6,-1.1143E-08,2.504E-11,6.1E-13,3.3642E-07,-3.2528E-07
0.515,0.6,-1.0891599999999999E-08,2.737E-11,-2.7300000000000003E-12,3.3611999999999997E-07,-3.2522E-07
0.52,0.6,-1.0618E-08,2.2130000000000002E-11,2.62E-12,3.3583999999999997E-07,-3.2526E-07
0.525,0.6,-1.03242E-08,2.252E-11,-2.9800000000000002E-12,3.3558E-07,-3.253E-07
0.53,0.6,-1.00344E-08,2.0910000000000002E-11,-2.49E-12,3.3532E-07,-3.2536E-07
0.535,0.6,-9.8038E-09,1.657E-11,-1.02E-12,3.351E-07,-3.253E-07
0.54,0.6,-9.5687E-09,1.7310000000000003E-11,2.8100000000000003E-12,3.3482E-07,-3.2532E-07
0.545,0.6,-9.314E-09,2.1480000000000003E-11,-1.1900000000000002E-12,3.346E-07,-3.253E-07
0.55,0.6,-9.0401E-09,1.3680000000000002E-11,-1.23E-12,3.3434E-07,-3.2532E-07
0.555,0.6,-8.7841E-09,1.55E-11,2.1000000000000001E-13,3.341E-07,-3.2534E-07
0.56,0.6,-8.558E-09,1.659E-11,-1.4E-13,3.3382E-07,-3.2536E-07
0.56500000000000006,0.6,-8.3769E-09,1.7290000000000002E-11,6.400000000000001E-13,3.3362E-07,-3.2534E-07
0.57000000000000006,0.6,-8.1279E-09,1.332E-11,-6.3E-13,3.3348E-07,-3.2536E-07
0.57500000000000007,0.6,-7.8701E-09,1.2260000000000002E-11,9.3E-13,3.3314E-07,-3.2538E-07
0.58000000000000007,0.6,-7.6654E-09,1.068E-11,1.46E-12,3.3302E-07,-3.2544E-07
0.58500000000000008,0.6,-7.4597E-09,1.3760000000000001E-11,-1.95E-12,3.3272E-07,-3.2526E-07
0.59000000000000008,0.6,-7.2152E-09,9.290000000000001E-12,-1E-12,3.3254E-07,-3.253E-07
0.595,0.6,-7.0067E-09,9.86E-12,8.300000000000001E-13,3.3242E-07,-3.2538E-07
0.6,0.6,-6.8256E-09,1.128E-11,-6.6E-13,3.3222E-07,-3.2542E-07
0.605,0.6,-6.5895E-09,3.2200000000000004E-12,3.5E-13,3.32E-07,-3.2536E-07
0.61,0.6,-6.3934E-09,1.007E-11,2.06E-12,3.3184E-07,-3.2542E-07
0.615,0.6,-6.205E-09,6.2E-12,-1.8000000000000002E-12,3.3172E-07,-3.2548E-07
0.62,0.6,-5.9843E-09,4.62E-12,2.4000000000000004E-13,3.3144E-07,-3.2548E-07
0.625,0.6,-5.7681E-09,2.62E-12,-2.2000000000000002E-13,3.3118E-07,-3.2542E-07
0.63,0.6,-5.5967E-09,1.18E-12,1.5000000000000002E-13,3.3102E-07,-3.2548E-07
0.635,0.6,-5.4184E-09,5.0100000000000007E-12,-1.4E-12,3.3082E-07,-3.254E-07
0.64,0.6,-5.2234E-09,-1.96E-12,-1.3000000000000001E-12,3.3062E-07,-3.2546E-07
0.645,0.6,-5.0642E-09,8E-13,-4E-13,3.3042E-07,-3.2546E-07
0.65,0.6,-4.8689E-09,-2.9E-12,-1.1000000000000001E-13,3.3023999999999997E-07,-3.2542E-07
0.655,0.6,-4.6706E-09,-5.6E-13,-1.2400000000000002E-12,3.3004E-07,-3.253E-07
0.66,0.6,-4.5145E-09,-6.8700000000000004E-12,2.7E-13,3.2981999999999997E-07,-3.2538E-07
0.665,0.6,-4.3585E-09,-1.9E-12,3.0000000000000005E-14,3.2981999999999997E-07,-3.2542E-07
0.67,0.6,-4.1836E-09,-7.0500000000000009E-12,-2.4300000000000003E-12,3.2958E-07,-3.2536E-07
0.675,0.6,-4.0459E-09,-1.049E-11,-5E-14,3.2948E-07,-3.254E-07
0.68,0.6,-3.8788E-09,-9.56E-12,-4.4000000000000004E-13,3.2936E-07,-3.2542E-07
0.685,0.6,-3.7434E-09,-9.35E-12,-1.83E-12,3.2918E-07,-3.2548E-07
0.69000000000000006,0.6,-3.5845E-09,-1.3890000000000002E-11,4.6000000000000006E-13,3.2906E-07,-3.2544E-07
0.69500000000000006,0.6,-3.4474E-09,-1.4920000000000002E-11,7.9000000000000007E-13,3.2888E-07,-3.2542E-07
0.70000000000000007,0.6,-3.2898E-09,-1.744E-11,4.2000000000000003E-13,3.288E-07,-3.2546E-07
0.70500000000000007,0.6,-3.1457E-09,-1.635E-11,-1.21E-12,3.2864E-07,-3.2548E-07
0.71000000000000008,0.6,-3.0138E-09,-2.1280000000000003E-11,2.5E-13,3.2848E-07,-3.2546E-07
0.71500000000000008,0.6,-2.8803E-09,-2.15E-11,6.7000000000000007E-13,3.284E-07,-3.2554E-07
0.72000000000000008,0.6,-2.7378E-09,-2.2970000000000002E-11,-9.5E-13,3.2827999999999997E-07,-3.256E-07
0.72500000000000009,0.6,-2.6224E-09,-2.8620000000000004E-11,1.07E-12,3.2818E-07,-3.2554E-07
0.73,0.6,-2.5087E-09,-2.997E-11,4.3000000000000004E-13,3.2804E-07,-3.2556E-07
0.735,0.6,-2.38E-09,-3.074E-11,9.0000000000000008E-14,3.2798E-07,-3.2554E-07
0.74,0.6,-2.2692E-09,-3.452E-11,-8E-13,3.2784E-07,-3.2562E-07
0.745,0.6,-2.139E-09,-4.1610000000000005E-11,5.1E-13,3.2768E-07,-3.255E-07
0.75,0.6,-2.021E-09,-4.1750000000000004E-11,6.8E-13,3.276E-07,-3.2548E-07
0.755,0.6,-1.9151E-09,-4.4260000000000004E-11,-3.9000000000000005E-13,3.275E-07,-3.2558E-07
0.76,0.6,-1.8065E-09,-5.025E-11,-4.4000000000000004E-13,3.2748E-07,-3.2552E-07
0.765,0.6,-1.6997E-09,-5.306E-11,-2.2000000000000002E-13,3.2726E-07,-3.255E-07
0.77,0.6,-1.5915E-09,-5.8850000000000009E-11,1.9000000000000002E-13,3.2724E-07,-3.2556E-07
0.775,0.6,-1.4868E-09,-5.961E-11,-1.5300000000000001E-12,3.2714E-07,-3.256E-07
0.78,0.6,-1.3815E-09,-6.9470000000000007E-11,-7.5E-13,3.2704E-07,-3.256E-07
0.785,0.6,-1.2934E-09,-6.942E-11,6.8E-13,3.2684E-07,-3.2554E-07
0.79,0.6,-1.1881E-09,-7.604E-11,-1.55E-12,3.2676E-07,-3.2548E-07
0.795,0.6,-1.0872E-09,-8.233E-11,-2.7E-13,3.2676E-07,-3.255E-07
0.8,0.6,-9.942E-10,-8.8440000000000007E-11,-3.8000000000000005E-13,3.2662E-07,-3.2556E-07
0.805,0.6,-9.1073000000000012E-10,-9.336E-11,1.7600000000000002E-12,3.2662E-07,-3.2556E-07
0.81,0.6,-8.1137000000000006E-10,-9.859E-11,1.1000000000000001E-13,3.2648E-07,-3.2562E-07
0.81500000000000006,0.6,-7.2392E-10,-1.0669000000000001E-10,-1.4E-13,3.2636E-07,-3.2552E-07
0.82000000000000006,0.6,-6.2249000000000009E-10,-1.1555E-10,4.0000000000000006E-14,3.262E-07,-3.255E-07
0.82500000000000007,0.6,-5.2084E-10,-1.2132E-10,1.0100000000000001E-12,3.2617999999999997E-07,-3.2556E-07
0.83000000000000007,0.6,-4.4284000000000004E-10,-1.287E-10,-7.5E-13,3.261E-07,-3.256E-07
0.83500000000000008,0.6,-3.3540000000000005E-10,-1.4031E-10,1.0000000000000002E-14,3.2602E-07,-3.255E-07
0.84000000000000008,0.6,-2.3848000000000004E-10,-1.4739000000000002E-10,1.12E-12,3.26E-07,-3.256E-07
0.84500000000000008,0.6,-1.4831E-10,-1.5663E-10,-1.1000000000000001E-13,3.2589999999999997E-07,-3.2562E-07
0.85000000000000009,0.6,-6.383E-11,-1.6555E-10,-1.55E-12,3.2582E-07,-3.2562E-07
0.85500000000000009,0.6,3.1520000000000005E-11,-1.7947E-10,7.5E-13,3.2584E-07,-3.2566E-07
0.86,0.6,1.4446E-10,-1.8671000000000002E-10,-8.5000000000000011E-13,3.2562E-07,-3.2554E-07
0.865,0.6,2.2770000000000003E-10,-1.9978E-10,-8.4000000000000006E-13,3.256E-07,-3.256E-07
0.87,0.6,3.1936E-10,-2.1245000000000003E-10,-3.1000000000000004E-13,3.2556E-07,-3.2566E-07
0.875,0.6,4.2742E-10,-2.2341E-10,9.3E-13,3.2548E-07,-3.257E-07
0.88,0.6,5.2947E-10,-2.3564000000000003E-10,1.2000000000000002E-13,3.2544E-07,-3.257E-07
0.885,0.6,6.3048000000000008E-10,-2.4940000000000004E-10,-1.5000000000000002E-13,3.2536E-07,-3.2566E-07
0.89,0.6,7.4854000000000008E-10,-2.6407E-10,3.4E-13,3.2516E-07,-3.2574E-07
0.895,0.6,8.6227000000000006E-10,-2.7437E-10,-1.7E-13,3.251E-07,-3.2566E-07
0.9,0.6,9.8696E-10,-2.8982000000000004E-10,-9.9E-13,3.2498E-07,-3.257E-07
0,0.75,-9.3953E-08,8.9441000000000012E-10,1.5000000000000002E-13,4.1819999999999997E-07,-3.2508E-07
0.005,0.75,-9.2443999999999991E-08,8.7968000000000011E-10,-6.2000000000000008E-13,4.1669999999999997E-07,-3.2514E-07
0.01,0.75,-9.0803799999999986E-08,8.6296000000000009E-10,4.7E-13,4.1504E-07,-3.2508E-07
0.015000000000000001,0.75,-8.9205E-08,8.518000000000001E-10,1.3500000000000001E-12,4.1352E-07,-3.2516E-07
0.02,0.75,-8.7618399999999993E-08,8.3751E-10,8.7E-13,4.1192E-07,-3.2514E-07
0.025,0.75,-8.605899999999999E-08,8.2648E-10,5.7E-13,4.1038E-07,-3.2508E-07
0.030000000000000002,0.75,-8.4525E-08,8.0965000000000009E-10,2E-13,4.0888E-07,-3.2508E-07
0.035,0.75,-8.3055599999999991E-08,7.9833000000000008E-10,-7.2000000000000006E-13,4.072E-07,-3.2508E-07
0.04,0.75,-8.1475599999999986E-08,7.8549E-10,-8.8000000000000009E-13,4.0572E-07,-3.2502E-07
0.045000000000000005,0.75,-8.00792E-08,7.6964E-10,-1.2500000000000001E-12,4.0436E-07,-3.2502E-07
0.05,0.75,-7.85876E-08,7.5492E-10,-1.0600000000000001E-12,4.0297999999999997E-07,-3.2502E-07
0.055,0.75,-7.7254E-08,7.4053E-10,-6.9000000000000009E-13,4.0142E-07,-3.25E-07
0.060000000000000005,0.75,-7.5854599999999992E-08,7.313E-10,1.59E-12,4.0007999999999997E-07,-3.2506E-07
0.065,0.75,-7.44028E-08,7.1763E-10,5.6E-13,3.988E-07,-3.2502E-07
0.07,0.75,-7.299139999999999E-08,7.044400000000001E-10,9.0000000000000008E-14,3.9736E-07,-3.251E-07
0.075,0.75,-7.1741199999999991E-08,6.9442000000000007E-10,-3.4E-13,3.9614E-07,-3.2512E-07
0.08,0.75,-7.0403799999999989E-08,6.8212E-10,-3.6000000000000003E-13,3.9484E-07,-3.2514E-07
0.085,0.75,-6.91324E-08,6.7087000000000008E-10,-3.5E-13,3.9356E-07,-3.2508E-07
0.090000000000000011,0.75,-6.7790599999999993E-08,6.546000000000001E-10,-6.400000000000001E-13,3.922E-07,-3.2514E-07
0.095,0.75,-6.65678E-08,6.44E-10,-9.9E-13,3.9102E-07,-3.2518E-07
0.1,0.75,-6.5287399999999989E-08,6.3457E-10,-6.3E-13,3.8974E-07,-3.2508E-07
0.10500000000000001,0.75,-6.40858E-08,6.1964E-10,4.2000000000000003E-13,3.8866E-07,-3.2518E-07
0.11,0.75,-6.2899599999999992E-08,6.0857E-10,5.9E-13,3.8724E-07,-3.2514E-07
0.115,0.75,-6.16558E-08,5.9942000000000009E-10,8.0000000000000013E-14,3.8614E-07,-3.2518E-07
0.12000000000000001,0.75,-6.0487999999999992E-08,5.9126000000000009E-10,-2.7E-13,3.851E-07,-3.252E-07
0.125,0.75,-5.9358999999999996E-08,5.7903E-10,-1E-13,3.8406E-07,-3.2512E-07
0.13,0.75,-5.8254599999999993E-08,5.6716E-10,3.7000000000000004E-13,3.8282E-07,-3.251E-07
0.135,0.75,-5.7172E-08,5.5645000000000008E-10,-1.41E-12,3.8163999999999997E-07,-3.2518E-07
0.14,0.75,-5.6000199999999996E-08,5.4627E-10,1.2000000000000002E-13,3.8064E-07,-3.2514E-07
0.14500000000000002,0.75,-5.4943799999999995E-08,5.3537000000000009E-10,-1.7E-13,3.7953999999999997E-07,-3.252E-07
0.15,0.75,-5.3890199999999992E-08,5.2305000000000007E-10,1.3500000000000001E-12,3.7855999999999997E-07,-3.2526E-07
0.155,0.75,-5.2854999999999993E-08,5.1361E-10,-1.18E-12,3.7742E-07,-3.251E-07
0.16,0.75,-5.1861E-08,5.0677E-10,1.64E-12,3.7648E-07,-3.2516E-07
0.165,0.75,-5.08788E-08,4.9467E-10,6.9000000000000009E-13,3.7558E-07,-3.2524E-07
0.17,0.75,-4.9942799999999995E-08,4.8695000000000006E-10,-7.8000000000000011E-13,3.7456E-07,-3.2516E-07
0.17500000000000002,0.75,-4.8947399999999997E-08,4.7785000000000006E-10,1.27E-12,3.7351999999999997E-07,-3.2514E-07
0.18000000000000002,0.75,-4.79406E-08,4.7019E-10,-1.3300000000000002E-12,3.727E-07,-3.2518E-07
0.185,0.75,-4.6952599999999995E-08,4.5937000000000004E-10,4.0000000000000006E-14,3.7169999999999997E-07,-3.2518E-07
0.19,0.75,-4.6000199999999993E-08,4.4819000000000003E-10,-1.5E-12,3.7074E-07,-3.252E-07
0.195,0.75,-4.5118599999999993E-08,4.3996000000000005E-10,2.2000000000000002E-13,3.6977999999999997E-07,-3.2518E-07
0.2,0.75,-4.4309199999999994E-08,4.3133000000000005E-10,2.2000000000000002E-13,3.6898E-07,-3.2518E-07
0.20500000000000002,0.75,-4.33552E-08,4.2267000000000005E-10,6.2000000000000008E-13,3.6812E-07,-3.2516E-07
0.21000000000000002,0.75,-4.2471199999999995E-08,4.1398000000000005E-10,3.5E-13,3.673E-07,-3.2518E-07
0.215,0.75,-4.16272E-08,4.0659000000000004E-10,-2.2000000000000002E-13,3.664E-07,-3.2514E-07
0.22,0.75,-4.0850199999999996E-08,3.995E-10,3.8000000000000005E-13,3.6564E-07,-3.2512E-07
0.225,0.75,-4.0060799999999993E-08,3.9004000000000003E-10,-1.3800000000000002E-12,3.6484E-07,-3.2518E-07
0.23,0.75,-3.9200399999999995E-08,3.8158000000000004E-10,-1.31E-12,3.6388E-07,-3.2512E-07
0.23500000000000001,0.75,-3.8401399999999996E-08,3.7444000000000005E-10,-1.03E-12,3.6316E-07,-3.2516E-07
0.24000000000000002,0.75,-3.7623399999999994E-08,3.6394000000000004E-10,-1.08E-12,3.6252E-07,-3.2518E-07
0.24500000000000002,0.75,-3.68154E-08,3.5589000000000005E-10,6.6E-13,3.617E-07,-3.2516E-07
0.25,0.75,-3.6105E-08,3.4799E-10,-3.5E-13,3.6088E-07,-3.2514E-07
0.255,0.75,-3.53586E-08,3.4168E-10,-8.2E-13,3.6018E-07,-3.2506E-07
0.26,0.75,-3.46406E-08,3.3509000000000003E-10,1.3000000000000001E-12,3.5948E-07,-3.2518E-07
0.265,0.75,-3.39296E-08,3.2853E-10,1.4E-13,3.5868E-07,-3.2518E-07
0.27,0.75,-3.3223799999999996E-08,3.2072E-10,-8.6000000000000007E-13,3.5812E-07,-3.2522E-07
0.275,0.75,-3.2515199999999995E-08,3.1432E-10,-1.5200000000000002E-12,3.5728E-07,-3.2514E-07
0.28,0.75,-3.1766399999999997E-08,3.0834000000000004E-10,-1.09E-12,3.5668E-07,-3.2512E-07
0.28500000000000003,0.75,-3.11258E-08,2.9743000000000003E-10,-1.12E-12,3.56E-07,-3.2506E-07
0.29000000000000004,0.75,-3.0410399999999994E-08,2.9024E-10,9.0000000000000008E-14,3.5525999999999997E-07,-3.2508E-07
0.29500000000000004,0.75,-2.9770999999999996E-08,2.8567E-10,3.4E-13,3.5468E-07,-3.2514E-07
0.3,0.75,-2.9189399999999996E-08,2.7798E-10,-1.12E-12,3.5412E-07,-3.2518E-07
0.305,0.75,-2.8544599999999997E-08,2.7216E-10,2.08E-12,3.5342E-07,-3.2514E-07
0.31,0.75,-2.7960599999999996E-08,2.6711E-10,-1.88E-12,3.5278E-07,-3.2506E-07
0.315,0.75,-2.7338799999999997E-08,2.6168E-10,-1.31E-12,3.5224E-07,-3.2514E-07
0.32,0.75,-2.67658E-08,2.5596E-10,3.6000000000000003E-13,3.516E-07,-3.2516E-07
0.325,0.75,-2.6150799999999996E-08,2.4826000000000003E-10,-1.4E-12,3.5104E-07,-3.2512E-07
0.33,0.75,-2.5538599999999996E-08,2.4136000000000003E-10,-9.3E-13,3.5056E-07,-3.2518E-07
0.335,0.75,-2.50066E-08,2.3436E-10,-8.7E-13,3.4996E-07,-3.2518E-07
0.34,0.75,-2.4465399999999996E-08,2.2973000000000002E-10,1.5200000000000002E-12,3.4942E-07,-3.2516E-07
0.34500000000000003,0.75,-2.3908399999999997E-08,2.2292000000000002E-10,-1.36E-12,3.4888E-07,-3.252E-07
0.35000000000000003,0.75,-2.3381799999999996E-08,2.1872000000000002E-10,2.2000000000000003E-12,3.4834E-07,-3.252E-07
0.35500000000000004,0.75,-2.2852999999999996E-08,2.1602000000000002E-10,2.3000000000000003E-13,3.478E-07,-3.2518E-07
0.36000000000000004,0.75,-2.2351199999999997E-08,2.0994000000000003E-10,9.9E-13,3.4736E-07,-3.2514E-07
0.365,0.75,-2.18436E-08,2.0654000000000002E-10,-9.1000000000000016E-13,3.4685999999999997E-07,-3.2518E-07
0.37,0.75,-2.1364999999999996E-08,1.9719000000000002E-10,-1.41E-12,3.4634E-07,-3.252E-07
0.375,0.75,-2.0858799999999997E-08,1.9292000000000002E-10,-9.1000000000000016E-13,3.4584E-07,-3.252E-07
0.38,0.75,-2.04182E-08,1.8927E-10,1.8000000000000002E-13,3.4548E-07,-3.2518E-07
0.385,0.75,-1.9929E-08,1.8359E-10,-6.2000000000000008E-13,3.4494E-07,-3.251E-07
0.39,0.75,-1.94896E-08,1.7777000000000002E-10,-4.8000000000000008E-13,3.4446E-07,-3.252E-07
0.395,0.75,-1.9071399999999998E-08,1.7311E-10,1.6300000000000001E-12,3.4405999999999997E-07,-3.252E-07
0.4,0.75,-1.8635599999999997E-08,1.7274000000000002E-10,-2.9000000000000003E-13,3.4363999999999997E-07,-3.2518E-07
0.405,0.75,-1.81952E-08,1.6811E-10,-3.2000000000000005E-13,3.4316E-07,-3.252E-07
0.41000000000000003,0.75,-1.7780599999999997E-08,1.6295000000000002E-10,-1.1900000000000002E-12,3.4279999999999997E-07,-3.2516E-07
0.41500000000000004,0.75,-1.7375E-08,1.5707E-10,-4E-13,3.425E-07,-3.2514E-07
0.42000000000000004,0.75,-1.70094E-08,1.5322000000000002E-10,-1.4400000000000001E-12,3.4195999999999997E-07,-3.2518E-07
0.42500000000000004,0.75,-1.6581799999999998E-08,1.5066E-10,6.0000000000000007E-13,3.4156E-07,-3.252E-07
0.43,0.75,-1.6160799999999997E-08,1.4328000000000002E-10,-1.93E-12,3.4122E-07,-3.252E-07
0.435,0.75,-1.5773E-08,1.3841000000000002E-10,1.5000000000000002E-13,3.4084E-07,-3.2528E-07
0.44,0.75,-1.5388399999999997E-08,1.3744000000000002E-10,-3.3E-13,3.4048E-07,-3.2516E-07
0.445,0.75,-1.50412E-08,1.3305000000000002E-10,9.0000000000000008E-14,3.4026E-07,-3.253E-07
0.45,0.75,-1.4687999999999999E-08,1.3113000000000002E-10,-4.3000000000000004E-13,3.398E-07,-3.253E-07
0.455,0.75,-1.4329199999999998E-08,1.2519E-10,5E-13,3.3947999999999997E-07,-3.2528E-07
0.46,0.75,-1.4018399999999999E-08,1.2508000000000002E-10,-8.6000000000000007E-13,3.3905999999999997E-07,-3.2522E-07
0.465,0.75,-1.3644399999999998E-08,1.2248E-10,-7.7000000000000005E-13,3.3874E-07,-3.2524E-07
0.47000000000000003,0.75,-1.33114E-08,1.1668E-10,-1.69E-12,3.3842E-07,-3.2526E-07
0.47500000000000003,0.75,-1.2991399999999999E-08,1.1006E-10,-1.1900000000000002E-12,3.3816E-07,-3.2526E-07
0.48000000000000004,0.75,-1.2662199999999999E-08,1.0791E-10,-1.5700000000000002E-12,3.3786E-07,-3.2526E-07
0.48500000000000004,0.75,-1.2390399999999999E-08,1.075E-10,2.4000000000000004E-13,3.3748E-07,-3.2526E-07
0.49000000000000005,0.75,-1.20688E-08,1.0155000000000001E-10,4.9E-13,3.3722E-07,-3.2522E-07
0.49500000000000005,0.75,-1.1745399999999999E-08,9.7420000000000011E-11,7.9000000000000007E-13,3.3698E-07,-3.2528E-07
0.5,0.75,-1.14692E-08,9.8280000000000009E-11,7.4000000000000008E-13,3.3664E-07,-3.2526E-07
0.505,0.75,-1.1164399999999998E-08,9.7150000000000008E-11,-4.2000000000000003E-13,3.3642E-07,-3.2534E-07
0.51,0.75,-1.0883599999999998E-08,9.222E-11,3.7000000000000004E-13,3.3616E-07,-3.2526E-07
0.515,0.75,-1.0573399999999998E-08,8.7200000000000006E-11,-1.4300000000000002E-12,3.3588E-07,-3.2526E-07
0.52,0.75,-1.0320999999999999E-08,8.5710000000000007E-11,-7E-13,3.3548E-07,-3.2524E-07
0.525,0.75,-1.0044799999999999E-08,8.495E-11,-1.08E-12,3.352E-07,-3.2526E-07
0.53,0.75,-9.7794E-09,7.772E-11,3.0000000000000003E-13,3.3496E-07,-3.2522E-07
0.535,0.75,-9.5558E-09,7.655000000000001E-11,1.21E-12,3.347E-07,-3.2524E-07
0.54,0.75,-9.2591E-09,7.541E-11,-1.9000000000000002E-13,3.3446E-07,-3.2532E-07
0.545,0.75,-9.0366E-09,7.3160000000000009E-11,-6.3E-13,3.3412E-07,-3.2524E-07
0.55,0.75,-8.7767E-09,6.752E-11,3.4E-13,3.3404E-07,-3.2536E-07
0.555,0.75,-8.5573E-09,6.967E-11,7.100000000000001E-13,3.338E-07,-3.253E-07
0.56,0.75,-8.3236E-09,6.608E-11,-7.5E-13,3.3358E-07,-3.2532E-07
0.56500000000000006,0.75,-8.0815E-09,6.3150000000000009E-11,-2.5E-13,3.3331999999999997E-07,-3.2528E-07
0.57000000000000006,0.75,-7.8616E-09,6.1580000000000009E-11,4.3000000000000004E-13,3.3316E-07,-3.2534E-07
0.57500000000000007,0.75,-7.6607E-09,5.9930000000000007E-11,-3.1000000000000004E-13,3.3292E-07,-3.253E-07
0.58000000000000007,0.75,-7.4481E-09,5.828E-11,-1.0000000000000002E-14,3.327E-07,-3.253E-07
0.58500000000000008,0.75,-7.1984E-09,5.197E-11,9.5E-13,3.3244E-07,-3.2534E-07
0.59000000000000008,0.75,-6.9957E-09,5.503E-11,8.8000000000000009E-13,3.3238E-07,-3.2536E-07
0.595,0.75,-6.8128E-09,5.215E-11,-1.13E-12,3.321E-07,-3.2536E-07
0.6,0.75,-6.5959E-09,4.81E-11,4.6000000000000006E-13,3.3191999999999997E-07,-3.2538E-07
0.605,0.75,-6.4067E-09,4.785E-11,1.5000000000000002E-13,3.3174E-07,-3.2542E-07
0.61,0.75,-6.2415E-09,4.665E-11,-7E-14,3.3156E-07,-3.2542E-07
0.615,0.75,-6.0219E-09,4.384E-11,-6.2000000000000008E-13,3.3126E-07,-3.253E-07
0.62,0.75,-5.8367E-09,4.027E-11,7.8000000000000011E-13,3.3112E-07,-3.253E-07
0.625,0.75,-5.6805E-09,4.191E-11,8.8000000000000009E-13,3.3092E-07,-3.2534E-07
0.63,0.75,-5.4809999999999996E-09,3.9560000000000003E-11,-1.27E-12,3.3072E-07,-3.2526E-07
0.635,0.75,-5.3109E-09,3.663E-11,-5.1E-13,3.306E-07,-3.2538E-07
0.64,0.75,-5.1551E-09,3.6000000000000005E-11,4.6000000000000006E-13,3.3042E-07,-3.2532E-07
0.645,0.75,-4.9802E-09,3.5820000000000005E-11,-1.31E-12,3.3032E-07,-3.2532E-07
0.65,0.75,-4.8273E-09,3.365E-11,-1.6E-12,3.3009999999999997E-07,-3.2536E-07
0.655,0.75,-4.657E-09,2.92E-11,2E-13,3.3E-07,-3.2536E-07
0.66,0.75,-4.5038E-09,3.091E-11,9.1000000000000016E-13,3.2981999999999997E-07,-3.253E-07
0.665,0.75,-4.3609E-09,2.9730000000000004E-11,-1.2900000000000002E-12,3.2974E-07,-3.2528E-07
0.67,0.75,-4.206E-09,2.6770000000000002E-11,7.8000000000000011E-13,3.295E-07,-3.2536E-07
0.675,0.75,-4.0641E-09,2.7210000000000002E-11,-4.1E-13,3.2939999999999997E-07,-3.2536E-07
0.68,0.75,-3.9124E-09,2.7280000000000002E-11,-9.4E-13,3.2922E-07,-3.254E-07
0.685,0.75,-3.7555E-09,2.3970000000000002E-11,-1.27E-12,3.2904E-07,-3.2532E-07
0.69000000000000006,0.75,-3.6255E-09,2.205E-11,2.0000000000000003E-14,3.2904E-07,-3.2534E-07
0.69500000000000006,0.75,-3.5114E-09,2.411E-11,2E-13,3.288E-07,-3.2532E-07
0.70000000000000007,0.75,-3.3573E-09,2.13E-11,-1.7500000000000002E-12,3.2866E-07,-3.2536E-07
0.70500000000000007,0.75,-3.2194E-09,1.985E-11,3.3E-13,3.2866E-07,-3.254E-07
0.71000000000000008,0.75,-3.0968E-09,1.957E-11,3.5E-13,3.2844E-07,-3.2534E-07
0.71500000000000008,0.75,-2.9719E-09,2.061E-11,-3.0000000000000003E-13,3.2836E-07,-3.2538E-07
0.72000000000000008,0.75,-2.8388E-09,1.766E-11,-4.6000000000000006E-13,3.2816E-07,-3.254E-07
0.72500000000000009,0.75,-2.7085E-09,1.551E-11,-6.5000000000000006E-13,3.2808E-07,-3.2538E-07
0.73,0.75,-2.5917E-09,1.7140000000000002E-11,-6.1E-13,3.2794E-07,-3.2532E-07
0.735,0.75,-2.4616E-09,1.517E-11,-1.2800000000000002E-12,3.2778E-07,-3.2536E-07
0.74,0.75,-2.3258E-09,1.3340000000000001E-11,-1.7E-13,3.2774E-07,-3.2542E-07
0.745,0.75,-2.2188E-09,1.2130000000000001E-11,1.73E-12,3.2766E-07,-3.2532E-07
0.75,0.75,-2.1126E-09,1.423E-11,1.4700000000000002E-12,3.2754E-07,-3.2548E-07
0.755,0.75,-1.9986E-09,8.97E-12,-1.1000000000000002E-12,3.2748E-07,-3.255E-07
0.76,0.75,-1.8931E-09,9.5100000000000013E-12,-1.4E-13,3.2732E-07,-3.2546E-07
0.765,0.75,-1.7729E-09,8.87E-12,2E-13,3.272E-07,-3.2542E-07
0.77,0.75,-1.6814E-09,8.77E-12,-1.27E-12,3.271E-07,-3.2548E-07
0.775,0.75,-1.5668E-09,5.7700000000000007E-12,-9.000000000000001E-13,3.2704E-07,-3.2554E-07
0.78,0.75,-1.4771E-09,4.2500000000000007E-12,1E-12,3.2701999999999997E-07,-3.255E-07
0.785,0.75,-1.3843E-09,5.6700000000000007E-12,-8.5000000000000011E-13,3.2687999999999997E-07,-3.2554E-07
0.79,0.75,-1.2767E-09,1.8900000000000002E-12,6.0000000000000009E-14,3.2682E-07,-3.2556E-07
0.795,0.75,-1.1882E-09,9.8E-13,5.4E-13,3.2666E-07,-3.2556E-07
0.8,0.75,-1.0874E-09,-1.02E-12,3.1000000000000004E-13,3.2662E-07,-3.2552E-07
0.805,0.75,-1.0042E-09,1.6E-12,-7.6000000000000009E-13,3.2656E-07,-3.2554E-07
0.81,0.75,-9.1357000000000008E-10,-2.5000000000000003E-12,-2E-13,3.2644E-07,-3.255E-07
0.81500000000000006,0.75,-8.2207E-10,-3.5400000000000003E-12,5.9E-13,3.2644E-07,-3.256E-07
0.82000000000000006,0.75,-7.2591E-10,-2.19E-12,-9.4E-13,3.263E-07,-3.256E-07
0.82500000000000007,0.75,-6.4906E-10,-6.7300000000000006E-12,-8.7E-13,3.2617999999999997E-07,-3.2564E-07
0.83000000000000007,0.75,-5.5892000000000007E-10,-9.3800000000000008E-12,4.4000000000000004E-13,3.2617999999999997E-07,-3.2562E-07
0.83500000000000008,0.75,-4.7452E-10,-6.7E-12,-1.6300000000000001E-12,3.2603999999999997E-07,-3.2556E-07
0.84000000000000008,0.75,-3.7048000000000005E-10,-1.3550000000000001E-11,-1.02E-12,3.2602E-07,-3.2556E-07
0.84500000000000008,0.75,-2.8487E-10,-1.231E-11,-8.8000000000000009E-13,3.2582E-07,-3.2556E-07
0.85000000000000009,0.75,-2.2189000000000002E-10,-1.588E-11,4.3000000000000004E-13,3.2582E-07,-3.2562E-07
0.85500000000000009,0.75,-1.3247E-10,-1.5160000000000002E-11,-6.2000000000000008E-13,3.2574E-07,-3.2558E-07
0.86,0.75,-2.942E-11,-2.2E-11,-9.9E-13,3.257E-07,-3.2556E-07
0.865,0.75,4.418E-11,-2.2300000000000003E-11,8.5000000000000011E-13,3.2564E-07,-3.2556E-07
0.87,0.75,1.2075E-10,-2.3100000000000003E-11,-1.41E-12,3.2548E-07,-3.2556E-07
0.875,0.75,2.2555E-10,-2.8100000000000002E-11,-7.9000000000000007E-13,3.2546E-07,-3.256E-07
0.88,0.75,3.0933E-10,-3.0650000000000005E-11,5.3000000000000006E-13,3.2536E-07,-3.2568E-07
0.885,0.75,4.1162E-10,-3.187E-11,-1.7600000000000002E-12,3.2528E-07,-3.2572E-07
0.89,0.75,5.1482000000000009E-10,-3.497E-11,-1.4E-13,3.2516E-07,-3.2566E-07
0.895,0.75,6.2153E-10,-4.0300000000000006E-11,1.2000000000000002E-13,3.2504E-07,-3.2564E-07
0.9,0.75,7.3242E-10,-4.2880000000000005E-11,-7E-13,3.2498E-07,-3.2564E-07
0,0.9,-9.7080199999999991E-08,1.4425E-09,-5.6E-13,4.2062E-07,-3.25E-07
0.005,0.9,-9.52818E-08,1.422E-09,-6.1E-13,4.1889999999999997E-07,-3.2502E-07
0.01,0.9,-9.3538799999999991E-08,1.4008E-09,-1.03E-12,4.1718E-07,-3.2508E-07
0.015000000000000001,0.9,-9.187859999999999E-08,1.3824E-09,-1.7100000000000002E-12,4.156E-07,-3.2502E-07
0.02,0.9,-9.02834E-08,1.3632E-09,3.0000000000000003E-13,4.1389999999999997E-07,-3.25E-07
0.025,0.9,-8.869699999999999E-08,1.3418E-09,-9.0000000000000008E-14,4.1232E-07,-3.2506E-07
0.030000000000000002,0.9,-8.706079999999999E-08,1.3226E-09,-1.1600000000000001E-12,4.1086E-07,-3.2502E-07
0.035,0.9,-8.5402999999999987E-08,1.305E-09,7E-13,4.0908E-07,-3.2506E-07
0.04,0.9,-8.37978E-08,1.2877E-09,1.08E-12,4.0754E-07,-3.2498E-07
0.045000000000000005,0.9,-8.23324E-08,1.2706E-09,8.9E-13,4.061E-07,-3.2506E-07
0.05,0.9,-8.0833599999999986E-08,1.2503E-09,-5.5000000000000008E-13,4.0448E-07,-3.25E-07
0.055,0.9,-7.9332E-08,1.2356E-09,-1E-13,4.0306E-07,-3.2498E-07
0.060000000000000005,0.9,-7.78264E-08,1.2168E-09,1.8000000000000002E-13,4.0158E-07,-3.2504E-07
0.065,0.9,-7.6445199999999992E-08,1.1982E-09,-1.27E-12,4.0035999999999997E-07,-3.2506E-07
0.07,0.9,-7.49802E-08,1.1797E-09,-7.3E-13,3.9881999999999997E-07,-3.2508E-07
0.075,0.9,-7.3589399999999993E-08,1.1613E-09,-8E-13,3.9736E-07,-3.2506E-07
0.08,0.9,-7.22296E-08,1.1448E-09,-8.1000000000000008E-13,3.9618E-07,-3.2512E-07
0.085,0.9,-7.0895799999999991E-08,1.1275E-09,1.2400000000000002E-12,3.9496E-07,-3.2512E-07
0.090000000000000011,0.9,-6.9581399999999988E-08,1.1111E-09,-4.6000000000000006E-13,3.9352E-07,-3.25E-07
0.095,0.9,-6.8271199999999987E-08,1.0953E-09,3.3E-13,3.9222E-07,-3.251E-07
0.1,0.9,-6.703E-08,1.0803E-09,-6.0000000000000009E-14,3.9092E-07,-3.2506E-07
0.10500000000000001,0.9,-6.57166E-08,1.0643E-09,7.3E-13,3.8976E-07,-3.2504E-07
0.11,0.9,-6.4476799999999991E-08,1.049E-09,-7.4000000000000008E-13,3.8836E-07,-3.251E-07
0.115,0.9,-6.31904E-08,1.0319E-09,-1.17E-12,3.8722E-07,-3.2514E-07
0.12000000000000001,0.9,-6.19738E-08,1.0158E-09,-1.9000000000000002E-13,3.86E-07,-3.2508E-07
0.125,0.9,-6.08496E-08,1.0003E-09,-9.5E-13,3.8485999999999997E-07,-3.2512E-07
0.13,0.9,-5.96512E-08,9.8314E-10,-1.5000000000000002E-13,3.8372E-07,-3.2508E-07
0.135,0.9,-5.8543E-08,9.6707E-10,-9.0000000000000008E-14,3.8268E-07,-3.2504E-07
0.14,0.9,-5.7313399999999994E-08,9.5439E-10,1.78E-12,3.816E-07,-3.2508E-07
0.14500000000000002,0.9,-5.6290599999999996E-08,9.3964E-10,5.2E-13,3.8046E-07,-3.2512E-07
0.15,0.9,-5.51404E-08,9.2492E-10,-7.3E-13,3.7934E-07,-3.2506E-07
0.155,0.9,-5.4091199999999995E-08,9.1155E-10,-2.5E-13,3.7826E-07,-3.2502E-07
0.16,0.9,-5.3074799999999993E-08,8.958900000000001E-10,-1.9000000000000002E-13,3.7722E-07,-3.2508E-07
0.165,0.9,-5.2011199999999993E-08,8.8106000000000006E-10,-1.5700000000000002E-12,3.7624E-07,-3.2508E-07
0.17,0.9,-5.1010799999999995E-08,8.6480000000000005E-10,4.0000000000000006E-14,3.7516E-07,-3.2508E-07
0.17500000000000002,0.9,-5.00416E-08,8.5110000000000009E-10,2.2000000000000002E-13,3.7426E-07,-3.2508E-07
0.18000000000000002,0.9,-4.8987999999999995E-08,8.3789000000000009E-10,-9.0000000000000008E-14,3.733E-07,-3.2514E-07
0.185,0.9,-4.79898E-08,8.2178E-10,5.6E-13,3.7234E-07,-3.2516E-07
0.19,0.9,-4.70952E-08,8.1158000000000011E-10,1.41E-12,3.714E-07,-3.2512E-07
0.195,0.9,-4.61102E-08,7.968500000000001E-10,-7.100000000000001E-13,3.704E-07,-3.2508E-07
0.2,0.9,-4.5263399999999995E-08,7.8619000000000005E-10,4.3000000000000004E-13,3.6956E-07,-3.2514E-07
0.20500000000000002,0.9,-4.42838E-08,7.7211E-10,9.0000000000000008E-14,3.6872E-07,-3.2512E-07
0.21000000000000002,0.9,-4.3465999999999994E-08,7.5605000000000009E-10,-2.14E-12,3.6774E-07,-3.2514E-07
0.215,0.9,-4.25246E-08,7.4334E-10,9.4E-13,3.6692E-07,-3.2512E-07
0.22,0.9,-4.1667199999999996E-08,7.2958000000000008E-10,-5.7E-13,3.6599999999999997E-07,-3.2512E-07
0.225,0.9,-4.0858599999999994E-08,7.1836000000000009E-10,-3.5E-13,3.6522E-07,-3.2514E-07
0.23,0.9,-4.0025799999999993E-08,7.0345000000000009E-10,1.2000000000000002E-13,3.6442E-07,-3.252E-07
0.23500000000000001,0.9,-3.9206599999999993E-08,6.9324000000000008E-10,8.7E-13,3.6356E-07,-3.251E-07
0.24000000000000002,0.9,-3.83384E-08,6.8391000000000007E-10,-6.400000000000001E-13,3.6276E-07,-3.2514E-07
0.24500000000000002,0.9,-3.7556199999999993E-08,6.7083E-10,1.9000000000000002E-13,3.6202E-07,-3.2512E-07
0.25,0.9,-3.68076E-08,6.5882E-10,5.4E-13,3.6126E-07,-3.2512E-07
0.255,0.9,-3.6013399999999995E-08,6.4594E-10,-1.1500000000000002E-12,3.6046E-07,-3.2518E-07
0.26,0.9,-3.526E-08,6.373400000000001E-10,1.32E-12,3.5966E-07,-3.251E-07
0.265,0.9,-3.4453199999999995E-08,6.2377E-10,-7.100000000000001E-13,3.5894E-07,-3.2508E-07
0.27,0.9,-3.37602E-08,6.0931E-10,-3.3E-13,3.5834E-07,-3.2508E-07
0.275,0.9,-3.30482E-08,6.0088E-10,5.7E-13,3.5754E-07,-3.251E-07
0.28,0.9,-3.2324E-08,5.8999E-10,6.0000000000000009E-14,3.5682E-07,-3.2512E-07
0.28500000000000003,0.9,-3.1631399999999996E-08,5.7933E-10,4E-13,3.5616E-07,-3.2512E-07
0.29000000000000004,0.9,-3.09488E-08,5.681E-10,1.64E-12,3.5556E-07,-3.2512E-07
0.29500000000000004,0.9,-3.02864E-08,5.5763000000000007E-10,-9.1000000000000016E-13,3.5486E-07,-3.2506E-07
0.3,0.9,-2.9677599999999998E-08,5.5116000000000009E-10,-5.9E-13,3.5418E-07,-3.2508E-07
0.305,0.9,-2.9014399999999996E-08,5.4048000000000008E-10,-2.0000000000000003E-14,3.5357999999999997E-07,-3.251E-07
0.31,0.9,-2.84102E-08,5.2752000000000006E-10,-1.6200000000000002E-12,3.5304E-07,-3.2512E-07
0.315,0.9,-2.7713399999999997E-08,5.1764000000000009E-10,-9.4E-13,3.5245999999999997E-07,-3.2514E-07
0.32,0.9,-2.7126599999999997E-08,5.0743000000000008E-10,9.2000000000000012E-13,3.518E-07,-3.2518E-07
0.325,0.9,-2.6543999999999996E-08,4.9833000000000008E-10,-1.2500000000000001E-12,3.5122E-07,-3.2514E-07
0.33,0.9,-2.5953599999999997E-08,4.8717000000000009E-10,5.3000000000000006E-13,3.5068E-07,-3.2518E-07
0.335,0.9,-2.53724E-08,4.7852E-10,8.8000000000000009E-13,3.5014E-07,-3.2514E-07
0.34,0.9,-2.4838799999999997E-08,4.7066E-10,-1.23E-12,3.4962E-07,-3.2512E-07
0.34500000000000003,0.9,-2.4252399999999996E-08,4.6205E-10,3.3E-13,3.49E-07,-3.2518E-07
0.35000000000000003,0.9,-2.3707E-08,4.5379000000000004E-10,-7.8000000000000011E-13,3.4846E-07,-3.252E-07
0.35500000000000004,0.9,-2.31664E-08,4.4264000000000003E-10,-1.9E-12,3.4797999999999997E-07,-3.252E-07
0.36000000000000004,0.9,-2.26576E-08,4.3702000000000006E-10,-1.6300000000000001E-12,3.4746E-07,-3.2518E-07
0.365,0.9,-2.2173399999999998E-08,4.2604E-10,-5.4E-13,3.4694E-07,-3.252E-07
0.37,0.9,-2.1661399999999996E-08,4.1580000000000005E-10,-2.11E-12,3.4643999999999997E-07,-3.2528E-07
0.375,0.9,-2.1171599999999997E-08,4.0671000000000004E-10,1.6E-12,3.4598E-07,-3.2524E-07
0.38,0.9,-2.07088E-08,4.007E-10,-6.5000000000000006E-13,3.4554E-07,-3.252E-07
0.385,0.9,-2.0246599999999997E-08,3.9322E-10,5.4E-13,3.45E-07,-3.2526E-07
0.39,0.9,-1.97852E-08,3.8505000000000003E-10,1.3E-13,3.4456E-07,-3.2522E-07
0.395,0.9,-1.9313399999999997E-08,3.7651000000000003E-10,-8.1000000000000008E-13,3.4418E-07,-3.2514E-07
0.4,0.9,-1.88654E-08,3.7078000000000004E-10,-4.3000000000000004E-13,3.437E-07,-3.2522E-07
0.405,0.9,-1.8415399999999998E-08,3.6233000000000003E-10,-4.7E-13,3.433E-07,-3.2524E-07
0.41000000000000003,0.9,-1.7939999999999997E-08,3.5333E-10,-4.8000000000000008E-13,3.429E-07,-3.253E-07
0.41500000000000004,0.9,-1.75362E-08,3.4331000000000003E-10,-1.93E-12,3.4246E-07,-3.2528E-07
0.42000000000000004,0.9,-1.7113999999999997E-08,3.3823000000000003E-10,1.65E-12,3.4192E-07,-3.2514E-07
0.42500000000000004,0.9,-1.66966E-08,3.3007000000000003E-10,-4.4000000000000004E-13,3.4162E-07,-3.2518E-07
0.43,0.9,-1.6285799999999997E-08,3.2158000000000004E-10,-1.5000000000000002E-13,3.4124E-07,-3.253E-07
0.435,0.9,-1.5932799999999997E-08,3.1808E-10,1.51E-12,3.4088E-07,-3.2524E-07
0.44,0.9,-1.5538999999999998E-08,3.1115E-10,-1.08E-12,3.4048E-07,-3.2526E-07
0.445,0.9,-1.5165199999999998E-08,3.0479000000000004E-10,-1.83E-12,3.4018E-07,-3.2526E-07
0.45,0.9,-1.4782799999999998E-08,2.9714E-10,7.6000000000000009E-13,3.3984E-07,-3.2534E-07
0.455,0.9,-1.4431599999999998E-08,2.8920000000000005E-10,-2.11E-12,3.394E-07,-3.253E-07
0.46,0.9,-1.4046599999999998E-08,2.8256E-10,-2.11E-12,3.3902E-07,-3.2526E-07
0.465,0.9,-1.3719999999999998E-08,2.7646000000000005E-10,1.14E-12,3.387E-07,-3.253E-07
0.47000000000000003,0.9,-1.3374999999999999E-08,2.6937E-10,-9.6000000000000015E-13,3.3838E-07,-3.2528E-07
0.47500000000000003,0.9,-1.3060999999999999E-08,2.6117000000000004E-10,-6.3E-13,3.3804E-07,-3.2532E-07
0.48000000000000004,0.9,-1.2720599999999998E-08,2.5912000000000003E-10,2.11E-12,3.3768E-07,-3.252E-07
0.48500000000000004,0.9,-1.2381399999999999E-08,2.5505E-10,-3.0000000000000005E-14,3.3734E-07,-3.2518E-07
0.49000000000000005,0.9,-1.2053199999999998E-08,2.4595E-10,-2.5500000000000002E-12,3.3714E-07,-3.2526E-07
0.49500000000000005,0.9,-1.17768E-08,2.4108E-10,1.6800000000000001E-12,3.369E-07,-3.2526E-07
0.5,0.9,-1.14544E-08,2.3782E-10,-1.93E-12,3.365E-07,-3.2526E-07
0.505,0.9,-1.1149599999999999E-08,2.3099000000000002E-10,-2.75E-12,3.363E-07,-3.2532E-07
0.51,0.9,-1.0860999999999999E-08,2.2273000000000002E-10,1E-12,3.3594E-07,-3.253E-07
0.515,0.9,-1.0576799999999999E-08,2.1696000000000002E-10,-1.23E-12,3.356E-07,-3.253E-07
0.52,0.9,-1.0306599999999999E-08,2.1408000000000003E-10,-1.08E-12,3.3541999999999997E-07,-3.253E-07
0.525,0.9,-1.00132E-08,2.0974000000000002E-10,2.06E-12,3.3518E-07,-3.253E-07
0.53,0.9,-9.7414E-09,2.0316000000000003E-10,-1.85E-12,3.3482E-07,-3.253E-07
0.535,0.9,-9.5145E-09,1.9919E-10,8.2E-13,3.3457999999999997E-07,-3.2528E-07
0.54,0.9,-9.2647E-09,1.9370000000000001E-10,7.9000000000000007E-13,3.3436E-07,-3.2528E-07
0.545,0.9,-8.9822E-09,1.9096E-10,-2.49E-12,3.341E-07,-3.253E-07
0.55,0.9,-8.7307E-09,1.8552000000000002E-10,1.6000000000000003E-13,3.3386E-07,-3.253E-07
0.555,0.9,-8.4668E-09,1.7881000000000003E-10,-6.9000000000000009E-13,3.3356E-07,-3.2532E-07
0.56,0.9,-8.2307E-09,1.7602E-10,-1.2000000000000002E-13,3.3328E-07,-3.2524E-07
0.56500000000000006,0.9,-8.0184E-09,1.7334000000000002E-10,2.4000000000000004E-13,3.331E-07,-3.2532E-07
0.57000000000000006,0.9,-7.7624E-09,1.6422E-10,-1.0100000000000001E-12,3.3289999999999997E-07,-3.253E-07
0.57500000000000007,0.9,-7.5601E-09,1.6396000000000002E-10,1.6700000000000002E-12,3.3268E-07,-3.2526E-07
0.58000000000000007,0.9,-7.3265E-09,1.5973E-10,3.1000000000000004E-13,3.3246E-07,-3.2536E-07
0.58500000000000008,0.9,-7.1058E-09,1.5573000000000001E-10,-1.7000000000000002E-12,3.323E-07,-3.2538E-07
0.59000000000000008,0.9,-6.9156E-09,1.4982E-10,1.7E-13,3.3205999999999997E-07,-3.2526E-07
0.595,0.9,-6.7002E-09,1.4889000000000002E-10,-5.5000000000000008E-13,3.3191999999999997E-07,-3.2532E-07
0.6,0.9,-6.4925E-09,1.4418E-10,-1.79E-12,3.3168E-07,-3.2532E-07
0.605,0.9,-6.3066E-09,1.3835000000000002E-10,1.83E-12,3.3152E-07,-3.2532E-07
0.61,0.9,-6.1128E-09,1.3635E-10,-3.3E-13,3.3134E-07,-3.253E-07
0.615,0.9,-5.9211E-09,1.3316E-10,1E-13,3.3112E-07,-3.2536E-07
0.62,0.9,-5.7235E-09,1.2986E-10,2.24E-12,3.3098E-07,-3.2532E-07
0.625,0.9,-5.5502E-09,1.2449E-10,-1.12E-12,3.3072E-07,-3.2532E-07
0.63,0.9,-5.3563E-09,1.2484E-10,8.5000000000000011E-13,3.3065999999999997E-07,-3.2538E-07
0.635,0.9,-5.1905E-09,1.2021000000000002E-10,-1.5200000000000002E-12,3.3028E-07,-3.2524E-07
0.64,0.9,-5.0256E-09,1.1516E-10,-6.5000000000000006E-13,3.302E-07,-3.2532E-07
0.645,0.9,-4.8535E-09,1.1462000000000001E-10,1.69E-12,3.3002E-07,-3.253E-07
0.65,0.9,-4.6869E-09,1.1090000000000001E-10,-9.000000000000001E-13,3.3E-07,-3.2546E-07
0.655,0.9,-4.5634E-09,1.0609E-10,-4.9E-13,3.2981999999999997E-07,-3.2536E-07
0.66,0.9,-4.3856E-09,1.0236000000000001E-10,1.98E-12,3.2956E-07,-3.2528E-07
0.665,0.9,-4.2297E-09,1.0373000000000001E-10,-2.3000000000000003E-13,3.2939999999999997E-07,-3.2532E-07
0.67,0.9,-4.0776E-09,9.7250000000000013E-11,-1.1500000000000002E-12,3.2934E-07,-3.253E-07
0.675,0.9,-3.9419E-09,9.655E-11,9.8E-13,3.2922E-07,-3.2534E-07
0.68,0.9,-3.8157E-09,9.1800000000000009E-11,-9.9E-13,3.291E-07,-3.2536E-07
0.685,0.9,-3.6672E-09,9.2850000000000008E-11,1.9000000000000002E-13,3.2896E-07,-3.2536E-07
0.69000000000000006,0.9,-3.517E-09,8.722000000000001E-11,-5.8000000000000005E-13,3.2886E-07,-3.2538E-07
0.69500000000000006,0.9,-3.3835E-09,8.323E-11,-3.0000000000000003E-13,3.2868E-07,-3.2532E-07
0.70000000000000007,0.9,-3.259E-09,8.3660000000000011E-11,4.5000000000000005E-13,3.285E-07,-3.2532E-07
0.70500000000000007,0.9,-3.1243E-09,7.959E-11,-2.31E-12,3.284E-07,-3.2532E-07
0.71000000000000008,0.9,-3.0218E-09,7.5920000000000008E-11,-9.000000000000001E-13,3.2834E-07,-3.2538E-07
0.71500000000000008,0.9,-2.8876E-09,7.528000000000001E-11,8.4000000000000006E-13,3.2816E-07,-3.2536E-07
0.72000000000000008,0.9,-2.7699E-09,7.3680000000000011E-11,-1.14E-12,3.281E-07,-3.254E-07
0.72500000000000009,0.9,-2.6672E-09,7.019E-11,-9.2000000000000012E-13,3.2796E-07,-3.254E-07
0.73,0.9,-2.5141E-09,6.63E-11,1.09E-12,3.2788E-07,-3.2538E-07
0.735,0.9,-2.4327E-09,6.7810000000000009E-11,-8.1000000000000008E-13,3.2771999999999997E-07,-3.2544E-07
0.74,0.9,-2.3053E-09,6.262E-11,-1.4700000000000002E-12,3.2766E-07,-3.2538E-07
0.745,0.9,-2.203E-09,6.123E-11,9.0000000000000008E-14,3.2754E-07,-3.2542E-07
0.75,0.9,-2.1026E-09,5.728E-11,-6.2000000000000008E-13,3.2748E-07,-3.2542E-07
0.755,0.9,-2.0122E-09,5.931E-11,-8.0000000000000013E-14,3.2736E-07,-3.2538E-07
0.76,0.9,-1.9036E-09,5.5300000000000005E-11,-4.9E-13,3.2729999999999997E-07,-3.2552E-07
0.765,0.9,-1.7936E-09,5.2790000000000006E-11,-2.3000000000000003E-13,3.2714E-07,-3.2544E-07
0.77,0.9,-1.7057E-09,5.4780000000000004E-11,-1.4E-13,3.2704E-07,-3.254E-07
0.775,0.9,-1.5937E-09,4.985E-11,-2.1000000000000003E-12,3.2712E-07,-3.2548E-07
0.78,0.9,-1.5063E-09,4.7900000000000004E-11,-5.6E-13,3.269E-07,-3.2554E-07
0.785,0.9,-1.4041E-09,4.7430000000000004E-11,2.2000000000000002E-13,3.2678E-07,-3.2546E-07
0.79,0.9,-1.3078E-09,4.6440000000000003E-11,-5.8000000000000005E-13,3.267E-07,-3.255E-07
0.795,0.9,-1.2306999999999999E-09,4.1930000000000004E-11,-1.13E-12,3.2666E-07,-3.255E-07
0.8,0.9,-1.128E-09,4.1820000000000004E-11,9.7000000000000011E-13,3.2658E-07,-3.2546E-07
0.805,0.9,-1.0452999999999999E-09,4.181E-11,-8.1000000000000008E-13,3.2642E-07,-3.255E-07
0.81,0.9,-9.5917000000000011E-10,3.526E-11,-1.4E-12,3.2638E-07,-3.255E-07
0.81500000000000006,0.9,-8.5413E-10,3.485E-11,5E-14,3.2634E-07,-3.255E-07
0.82000000000000006,0.9,-7.8267E-10,3.6840000000000005E-11,-1.3E-13,3.2626E-07,-3.2554E-07
0.82500000000000007,0.9,-6.6531000000000005E-10,3.098E-11,-1.23E-12,3.2617999999999997E-07,-3.2552E-07
0.83000000000000007,0.9,-6.0474E-10,3.062E-11,9.7000000000000011E-13,3.2608E-07,-3.255E-07
0.83500000000000008,0.9,-5.1426E-10,3.0500000000000005E-11,-7.3E-13,3.2594E-07,-3.2556E-07
0.84000000000000008,0.9,-5.1512000000000008E-10,2.929E-11,-1.85E-12,3.2603999999999997E-07,-3.256E-07
0.84500000000000008,0.9,-4.3006E-10,2.7050000000000003E-11,-1.22E-12,3.2586E-07,-3.2554E-07
0.85000000000000009,0.9,-3.2678000000000003E-10,2.5050000000000003E-11,-5.2E-13,3.2592E-07,-3.2556E-07
0.85500000000000009,0.9,-2.4364E-10,2.664E-11,-1.32E-12,3.2576E-07,-3.256E-07
0.86,0.9,-1.4368000000000002E-10,2.1170000000000003E-11,8.7E-13,3.2566E-07,-3.2556E-07
0.865,0.9,1.792E-11,2.1770000000000003E-11,2.9000000000000003E-13,3.255E-07,-3.256E-07
0.87,0.9,8.787E-11,2.107E-11,7.7000000000000005E-13,3.2536E-07,-3.2554E-07
0.875,0.9,1.8825000000000002E-10,1.996E-11,-1.5E-12,3.2534E-07,-3.2558E-07
0.88,0.9,2.8190000000000003E-10,1.651E-11,-1.2500000000000001E-12,3.2526E-07,-3.2556E-07
0.885,0.9,3.8691E-10,1.874E-11,6.400000000000001E-13,3.2518E-07,-3.2558E-07
0.89,0.9,4.8159E-10,1.748E-11,-1.5200000000000002E-12,3.251E-07,-3.2562E-07
0.895,0.9,5.8769000000000007E-10,1.4310000000000002E-11,-2.7E-13,3.25E-07,-3.256E-07
0.9,0.9,7.0197E-10,1.4400000000000002E-11,1.78E-12,3.2492E-07,-3.2558E-07
