I/V Sweep,id_vgs
RecordTime,03/11/2025 14:16:50
Device ID,
Count,1
Flag,
Remarks,
vg,vd,id,ig,is,iavdd,ignd
-0.3,0,7.4553E-10,-3.2198E-09,8.0385000000000007E-10,3.2206E-07,-3.2024E-07
-0.29500000000000004,0,7.166500000000001E-10,-2.9951E-09,7.7281E-10,3.2201999999999997E-07,-3.2044E-07
-0.29000000000000004,0,6.8902000000000007E-10,-2.7897E-09,7.4343000000000009E-10,3.2194E-07,-3.206E-07
-0.28500000000000003,0,6.5794E-10,-2.5939E-09,7.1218E-10,3.2204E-07,-3.2068E-07
-0.28,0,6.2833E-10,-2.4203E-09,6.8552E-10,3.2196E-07,-3.2092E-07
-0.275,0,6.0146E-10,-2.255E-09,6.5723E-10,3.22E-07,-3.2094E-07
-0.27,0,5.7624000000000007E-10,-2.1082E-09,6.3035E-10,3.2198E-07,-3.2106E-07
-0.265,0,5.4846000000000009E-10,-1.9673E-09,6.032300000000001E-10,3.2206E-07,-3.2116E-07
-0.26,0,5.2698000000000008E-10,-1.8406E-09,5.7966E-10,3.2201999999999997E-07,-3.2124E-07
-0.255,0,5.0420000000000008E-10,-1.7187999999999999E-09,5.5246000000000008E-10,3.219E-07,-3.2124E-07
-0.25,0,4.7997E-10,-1.6089E-09,5.2932000000000009E-10,3.2196E-07,-3.2142E-07
-0.24500000000000002,0,4.5412000000000003E-10,-1.5032E-09,5.0608000000000008E-10,3.2192E-07,-3.2134E-07
-0.24000000000000002,0,4.3298000000000004E-10,-1.4077E-09,4.8417E-10,3.2192E-07,-3.2142E-07
-0.23500000000000001,0,4.0945E-10,-1.3169E-09,4.6178000000000003E-10,3.2198E-07,-3.2148E-07
-0.23,0,3.8414000000000003E-10,-1.2325E-09,4.4067000000000004E-10,3.2194E-07,-3.214E-07
-0.225,0,3.6459000000000003E-10,-1.1533E-09,4.1991000000000005E-10,3.219E-07,-3.2142E-07
-0.22,0,3.4542000000000003E-10,-1.0798E-09,3.9922000000000004E-10,3.2184E-07,-3.2145999999999997E-07
-0.215,0,3.2574E-10,-1.0155E-09,3.7974E-10,3.2194E-07,-3.2154E-07
-0.21000000000000002,0,3.0478E-10,-9.5072E-10,3.6107000000000003E-10,3.219E-07,-3.2156E-07
-0.20500000000000002,0,2.9218E-10,-8.894900000000001E-10,3.4173E-10,3.2187999999999997E-07,-3.2166E-07
-0.2,0,2.7101000000000003E-10,-8.3252E-10,3.2472000000000004E-10,3.2184E-07,-3.2159999999999997E-07
-0.195,0,2.5375000000000003E-10,-7.8216E-10,3.0841E-10,3.2182E-07,-3.2166E-07
-0.19,0,2.3821E-10,-7.3211000000000007E-10,2.9165E-10,3.219E-07,-3.2166E-07
-0.185,0,2.2731000000000001E-10,-6.8306E-10,2.7543E-10,3.2194E-07,-3.2173999999999997E-07
-0.18000000000000002,0,2.1038000000000003E-10,-6.3915E-10,2.6013E-10,3.2192E-07,-3.2172E-07
-0.17500000000000002,0,1.9578000000000002E-10,-5.9906E-10,2.4654E-10,3.2187999999999997E-07,-3.2178E-07
-0.17,0,1.8403E-10,-5.5941E-10,2.3293000000000004E-10,3.2187999999999997E-07,-3.2166E-07
-0.165,0,1.6754000000000002E-10,-5.2463000000000008E-10,2.1943E-10,3.219E-07,-3.218E-07
-0.16,0,1.5431E-10,-4.8989000000000005E-10,2.064E-10,3.219E-07,-3.2173999999999997E-07
-0.155,0,1.4156E-10,-4.5556000000000003E-10,1.9375E-10,3.2182E-07,-3.2178E-07
-0.15,0,1.3000000000000002E-10,-4.2372E-10,1.8188000000000002E-10,3.2186E-07,-3.2173999999999997E-07
-0.14500000000000002,0,1.1475E-10,-3.9553000000000003E-10,1.706E-10,3.2194E-07,-3.2182E-07
-0.14,0,1.0649000000000001E-10,-3.707E-10,1.6129000000000002E-10,3.2194E-07,-3.2184E-07
-0.135,0,9.79E-11,-3.4067E-10,1.4974000000000002E-10,3.2184E-07,-3.2173999999999997E-07
-0.13,0,8.812E-11,-3.1965000000000003E-10,1.4E-10,3.2184E-07,-3.2178E-07
-0.125,0,7.6280000000000007E-11,-2.9566000000000004E-10,1.3072000000000002E-10,3.2192E-07,-3.2182E-07
-0.12000000000000001,0,7.1E-11,-2.7515000000000003E-10,1.224E-10,3.2182E-07,-3.218E-07
-0.115,0,6.116E-11,-2.5178000000000003E-10,1.1232E-10,3.2186E-07,-3.2173999999999997E-07
-0.11,0,4.9920000000000007E-11,-2.36E-10,1.0617000000000001E-10,3.2182E-07,-3.217E-07
-0.10500000000000001,0,4.374E-11,-2.1448000000000002E-10,9.8280000000000009E-11,3.2194E-07,-3.2172E-07
-0.1,0,3.605E-11,-1.969E-10,9.0610000000000011E-11,3.218E-07,-3.217E-07
-0.095,0,2.6010000000000002E-11,-1.8015000000000002E-10,8.3670000000000007E-11,3.2186E-07,-3.218E-07
-0.090000000000000011,0,1.7450000000000002E-11,-1.6607E-10,7.715E-11,3.2178E-07,-3.2173999999999997E-07
-0.085,0,1.2540000000000001E-11,-1.5024000000000002E-10,7.174E-11,3.2206E-07,-3.2196E-07
-0.08,0,5.94E-12,-1.3872000000000001E-10,6.585000000000001E-11,3.2187999999999997E-07,-3.2184E-07
-0.075,0,-2.6100000000000004E-12,-1.2580000000000002E-10,6.214E-11,3.2182E-07,-3.2176E-07
-0.07,0,-6.4700000000000005E-12,-1.1346000000000002E-10,5.865E-11,3.219E-07,-3.2184E-07
-0.065,0,-1.2050000000000001E-11,-1.0183000000000001E-10,5.4460000000000005E-11,3.2182E-07,-3.2176E-07
-0.060000000000000005,0,-2.134E-11,-9.2350000000000009E-11,5.1080000000000006E-11,3.2187999999999997E-07,-3.2176E-07
-0.055,0,-2.8620000000000004E-11,-8.227E-11,4.917E-11,3.2184E-07,-3.218E-07
-0.05,0,-3.18E-11,-7.4210000000000008E-11,4.68E-11,3.2184E-07,-3.2182E-07
-0.045000000000000005,0,-4.1390000000000005E-11,-6.389E-11,4.4700000000000005E-11,3.2184E-07,-3.2178E-07
-0.04,0,-5.0120000000000004E-11,-5.6980000000000006E-11,4.7610000000000004E-11,3.2182E-07,-3.2173999999999997E-07
-0.035,0,-5.678E-11,-4.5210000000000005E-11,4.5900000000000004E-11,3.2178E-07,-3.2176E-07
-0.030000000000000002,0,-6.374E-11,-4.0440000000000005E-11,4.8300000000000004E-11,3.2186E-07,-3.2178E-07
-0.025,0,-7.8210000000000007E-11,-3.102E-11,5.1510000000000005E-11,3.2187999999999997E-07,-3.2182E-07
-0.02,0,-8.5700000000000012E-11,-2.92E-11,5.8660000000000007E-11,3.2187999999999997E-07,-3.217E-07
-0.015000000000000001,0,-9.6820000000000008E-11,-1.8070000000000002E-11,6.108000000000001E-11,3.2187999999999997E-07,-3.2178E-07
-0.01,0,-1.1119E-10,-1.571E-11,6.9410000000000009E-11,3.2201999999999997E-07,-3.2184E-07
-0.005,0,-1.2639000000000002E-10,-5.4100000000000006E-12,7.870000000000001E-11,3.2187999999999997E-07,-3.2173999999999997E-07
0,0,-1.4216E-10,-5.23E-12,9.3870000000000008E-11,3.2182E-07,-3.2182E-07
0.005,0,-1.6496000000000002E-10,5.6800000000000008E-12,1.0341000000000001E-10,3.2186E-07,-3.217E-07
0.01,0,-1.8773E-10,6.2300000000000007E-12,1.2346E-10,3.2186E-07,-3.2187999999999997E-07
0.015000000000000001,0,-2.1556000000000003E-10,1.3590000000000002E-11,1.4107E-10,3.2206E-07,-3.2178E-07
0.02,0,-2.4130000000000004E-10,1.5780000000000003E-11,1.7068000000000003E-10,3.2184E-07,-3.2176E-07
0.025,0,-2.8006E-10,2.4520000000000003E-11,1.9449000000000002E-10,3.2182E-07,-3.2178E-07
0.030000000000000002,0,-3.2008000000000005E-10,2.4630000000000003E-11,2.3827E-10,3.2186E-07,-3.2182E-07
0.035,0,-3.6484E-10,3.306E-11,2.7884000000000004E-10,3.2184E-07,-3.2173999999999997E-07
0.04,0,-4.2859E-10,3.557E-11,3.3540000000000005E-10,3.2187999999999997E-07,-3.2173999999999997E-07
0.045000000000000005,0,-4.9411000000000006E-10,4.247E-11,3.9485000000000004E-10,3.219E-07,-3.218E-07
0.05,0,-5.7559000000000008E-10,4.454E-11,4.7762000000000005E-10,3.2206E-07,-3.2196E-07
0.055,0,-6.6132E-10,5.273E-11,5.5905E-10,3.2184E-07,-3.2178E-07
0.060000000000000005,0,-7.7850000000000005E-10,5.3440000000000005E-11,6.6046E-10,3.2186E-07,-3.2176E-07
0.065,0,-8.9332000000000008E-10,5.88E-11,7.8502E-10,3.2182E-07,-3.2176E-07
0.07,0,-1.0483400000000001E-09,6.0610000000000011E-11,9.2983000000000009E-10,3.2206E-07,-3.22E-07
0.075,0,-1.2158E-09,6.8610000000000009E-11,1.1113E-09,3.2187999999999997E-07,-3.218E-07
0.08,0,-1.425E-09,7.040000000000001E-11,1.3137E-09,3.2194E-07,-3.2182E-07
0.085,0,-1.6769999999999999E-09,8.1510000000000011E-11,1.5463E-09,3.2178E-07,-3.218E-07
0.090000000000000011,0,-1.9856E-09,8.29E-11,1.8584E-09,3.2194E-07,-3.2173999999999997E-07
0.095,0,-2.3378E-09,9.2380000000000008E-11,2.173E-09,3.219E-07,-3.2178E-07
0.1,0,-2.748E-09,9.5250000000000007E-11,2.5729E-09,3.2194E-07,-3.2184E-07
0.10500000000000001,0,-3.2148E-09,1.0585000000000001E-10,3.0672E-09,3.2194E-07,-3.2182E-07
0.11,0,-3.8046E-09,1.0788E-10,3.6304E-09,3.219E-07,-3.2178E-07
0.115,0,-4.4486E-09,1.1568000000000001E-10,4.2655E-09,3.2178E-07,-3.2164E-07
0.12000000000000001,0,-5.21E-09,1.2238000000000002E-10,5.0533E-09,3.2187999999999997E-07,-3.2178E-07
0.125,0,-6.162E-09,1.3105E-10,5.9895E-09,3.2178E-07,-3.2168E-07
0.13,0,-7.2294E-09,1.3634000000000002E-10,7.1003E-09,3.2187999999999997E-07,-3.217E-07
0.135,0,-8.4913E-09,1.4393000000000001E-10,8.3354E-09,3.2178E-07,-3.217E-07
0.14,0,-9.9145E-09,1.5150000000000002E-10,9.8024E-09,3.2173999999999997E-07,-3.2176E-07
0.14500000000000002,0,-1.15098E-08,1.6099E-10,1.12972E-08,3.2184E-07,-3.2172E-07
0.15,0,-1.3994599999999999E-08,1.7165000000000002E-10,1.3660199999999999E-08,3.2178E-07,-3.2178E-07
0.155,0,-1.62096E-08,1.818E-10,1.61886E-08,3.2184E-07,-3.2178E-07
0.16,0,-1.9453599999999998E-08,1.9151000000000002E-10,1.9010399999999998E-08,3.219E-07,-3.2186E-07
0.165,0,-2.2798199999999998E-08,2.0095000000000001E-10,2.2736399999999998E-08,3.2187999999999997E-07,-3.2178E-07
0.17,0,-2.6831599999999997E-08,2.1672000000000003E-10,2.67136E-08,3.2186E-07,-3.2178E-07
0.17500000000000002,0,-3.18882E-08,2.268E-10,3.1505199999999994E-08,3.2178E-07,-3.2172E-07
0.18000000000000002,0,-3.77954E-08,2.4443E-10,3.7254E-08,3.2172E-07,-3.2176E-07
0.185,0,-4.4271999999999994E-08,2.5639000000000003E-10,4.4256799999999993E-08,3.218E-07,-3.2176E-07
0.19,0,-5.27316E-08,2.6977000000000004E-10,5.1792999999999993E-08,3.2176E-07,-3.2164E-07
0.195,0,-6.15538E-08,2.9240000000000004E-10,6.1703399999999989E-08,3.2204E-07,-3.2176E-07
0.2,0,-7.28956E-08,3.0343E-10,7.32524E-08,3.2173999999999997E-07,-3.2173999999999997E-07
0.20500000000000002,0,-8.58046E-08,3.2751000000000004E-10,8.59216E-08,3.2178E-07,-3.2176E-07
0.21000000000000002,0,-1.021392E-07,3.4383000000000004E-10,1.0217379999999999E-07,3.218E-07,-3.217E-07
0.215,0,-8.182E-08,3.6734000000000005E-10,1.1627999999999999E-07,3.2176E-07,-3.2172E-07
0.22,0,-1.4067999999999999E-07,3.9039000000000003E-10,1.408E-07,3.217E-07,-3.2172E-07
0.225,0,-1.679E-07,4.1447E-10,1.6552E-07,3.2176E-07,-3.2172E-07
0.23,0,-1.9546E-07,4.4056000000000003E-10,1.9728E-07,3.218E-07,-3.217E-07
0.23500000000000001,0,-2.3032E-07,4.6752000000000006E-10,2.3046E-07,3.2176E-07,-3.2178E-07
0.24000000000000002,0,-2.703E-07,4.9665E-10,2.7068E-07,3.2184E-07,-3.2176E-07
0.24500000000000002,0,-3.1674E-07,5.2788E-10,3.177E-07,3.2176E-07,-3.2173999999999997E-07
0.25,0,-3.7252E-07,5.5915000000000008E-10,3.728E-07,3.2184E-07,-3.2194E-07
0.255,0,-4.3688E-07,5.9605E-10,4.3698E-07,3.2176E-07,-3.2173999999999997E-07
0.26,0,-5.1122E-07,6.3357E-10,5.099E-07,3.2182E-07,-3.217E-07
0.265,0,-5.9748E-07,6.7182000000000006E-10,5.9802E-07,3.2186E-07,-3.2178E-07
0.27,0,-6.9376E-07,7.1756000000000005E-10,6.9382E-07,3.2178E-07,-3.2173999999999997E-07
0.275,0,-8.0239999999999993E-07,7.579E-10,8.0511999999999995E-07,3.2176E-07,-3.2168E-07
0.28,0,-9.3124E-07,8.0615000000000005E-10,9.3524E-07,3.2201999999999997E-07,-3.2198E-07
0.28500000000000003,0,-1.07748E-06,8.5704000000000007E-10,1.08652E-06,3.2178E-07,-3.2172E-07
0.29000000000000004,0,-1.3035E-06,9.1119E-10,1.3179000000000001E-06,3.22E-07,-3.22E-07
0.29500000000000004,0,-1.5175E-06,9.6725000000000015E-10,1.5377000000000001E-06,3.2187999999999997E-07,-3.2198E-07
0.3,0,-1.7745000000000001E-06,1.03105E-09,1.7599E-06,3.2176E-07,-3.2164E-07
0.305,0,-2.0192E-06,1.0906700000000001E-09,2.0426E-06,3.2172E-07,-3.2172E-07
0.31,0,-2.2931E-06,1.1568E-09,2.3280000000000004E-06,3.218E-07,-3.2176E-07
0.315,0,-2.6993E-06,1.2357E-09,2.7034000000000002E-06,3.2178E-07,-3.2176E-07
0.32,0,-3.0899000000000003E-06,1.3099E-09,3.0892000000000004E-06,3.2184E-07,-3.2176E-07
0.325,0,-3.6006000000000003E-06,1.3948E-09,3.5919000000000003E-06,3.2187999999999997E-07,-3.2176E-07
0.33,0,-4.0199E-06,1.4794E-09,4.0159000000000008E-06,3.2182E-07,-3.2173999999999997E-07
0.335,0,-4.607E-06,1.5735E-09,4.5283E-06,3.2182E-07,-3.2176E-07
0.34,0,-5.1778000000000006E-06,1.6722E-09,5.2331000000000008E-06,3.2178E-07,-3.2166E-07
0.34500000000000003,0,-5.8740000000000008E-06,1.7785E-09,5.8500000000000007E-06,3.218E-07,-3.2164E-07
0.35000000000000003,0,-6.6337000000000005E-06,1.8898E-09,6.5928000000000006E-06,3.2178E-07,-3.2173999999999997E-07
0.35500000000000004,0,-7.4457000000000006E-06,2.009E-09,7.4672000000000011E-06,3.2173999999999997E-07,-3.2173999999999997E-07
0.36000000000000004,0,-8.3242E-06,2.1342E-09,8.3649E-06,3.2182E-07,-3.2168E-07
0.365,0,-9.3473000000000011E-06,2.2676E-09,9.3217000000000009E-06,3.2187999999999997E-07,-3.2173999999999997E-07
0.37,0,-1.0412000000000001E-05,2.4057E-09,1.0464700000000002E-05,3.218E-07,-3.2196E-07
0.375,0,-1.1501600000000002E-05,2.5529E-09,1.1500600000000001E-05,3.2182E-07,-3.2176E-07
0.38,0,-1.1368E-05,2.7038E-09,1.1500700000000002E-05,3.2178E-07,-3.2172E-07
0.385,0,-1.4022E-05,2.8699E-09,1.189E-05,3.2186E-07,-3.2172E-07
0.39,0,-1.5408000000000002E-05,3.0399E-09,1.5444E-05,3.2178E-07,-3.2172E-07
0.395,0,-1.6776E-05,3.2159E-09,1.6772E-05,3.2173999999999997E-07,-3.217E-07
0.4,0,-1.8408E-05,3.3975E-09,1.8298E-05,3.2173999999999997E-07,-3.2178E-07
0.405,0,-1.986E-05,3.593E-09,2.0024E-05,3.2178E-07,-3.2176E-07
0.41000000000000003,0,-2.1658E-05,3.7964E-09,2.1712E-05,3.218E-07,-3.2178E-07
0.41500000000000004,0,-2.3296000000000002E-05,4.0048E-09,2.3304000000000003E-05,3.2184E-07,-3.2176E-07
0.42000000000000004,0,-2.5026E-05,4.223E-09,2.5158000000000002E-05,3.2187999999999997E-07,-3.2178E-07
0.42500000000000004,0,-2.703E-05,4.4522E-09,2.6758E-05,3.217E-07,-3.2173999999999997E-07
0.43,0,-2.8718000000000002E-05,4.6905E-09,2.8768E-05,3.2182E-07,-3.217E-07
0.435,0,-3.0652000000000004E-05,4.9401E-09,3.0508E-05,3.219E-07,-3.2176E-07
0.44,0,-3.2368E-05,5.1913E-09,3.2402E-05,3.218E-07,-3.2176E-07
0.445,0,-3.4522E-05,5.463E-09,3.4576E-05,3.2173999999999997E-07,-3.2168E-07
0.45,0,-3.6516E-05,5.7388E-09,3.6646E-05,3.2178E-07,-3.2176E-07
0.455,0,-3.843E-05,6.0245E-09,3.8734E-05,3.218E-07,-3.2172E-07
0.46,0,-4.0598E-05,6.3206E-09,4.0386E-05,3.2184E-07,-3.2176E-07
0.465,0,-4.2556000000000004E-05,6.6351999999999996E-09,4.2438E-05,3.218E-07,-3.2173999999999997E-07
0.47000000000000003,0,-4.4424E-05,6.9536E-09,4.4840000000000004E-05,3.219E-07,-3.218E-07
0.47500000000000003,0,-4.6884E-05,7.2926E-09,4.6644E-05,3.2184E-07,-3.2172E-07
0.48000000000000004,0,-4.8588E-05,7.6345E-09,4.8870000000000005E-05,3.2182E-07,-3.217E-07
0.48500000000000004,0,-5.0584E-05,7.9949E-09,5.066E-05,3.218E-07,-3.217E-07
0.49000000000000005,0,-5.2726E-05,8.3739E-09,5.2582E-05,3.218E-07,-3.2173999999999997E-07
0.49500000000000005,0,-5.4612000000000005E-05,8.7662E-09,5.4448000000000005E-05,3.217E-07,-3.218E-07
0.5,0,-5.6370000000000004E-05,9.1713E-09,5.6674E-05,3.2187999999999997E-07,-3.2173999999999997E-07
0.505,0,-5.8446E-05,9.5964E-09,5.8608000000000005E-05,3.2182E-07,-3.2178E-07
0.51,0,-6.0228E-05,1.00327E-08,6.0372000000000004E-05,3.2184E-07,-3.217E-07
0.515,0,-6.2466000000000008E-05,1.04931E-08,6.244E-05,3.2182E-07,-3.2178E-07
0.52,0,-6.3772E-05,1.09536E-08,6.3914E-05,3.218E-07,-3.2173999999999997E-07
0.525,0,-6.5970000000000007E-05,1.14564E-08,6.5958000000000008E-05,3.2184E-07,-3.2173999999999997E-07
0.53,0,-6.6902E-05,1.1988599999999999E-08,6.7584000000000009E-05,3.2187999999999997E-07,-3.2176E-07
0.535,0,-6.8312E-05,1.2530399999999999E-08,6.8712E-05,3.2182E-07,-3.2178E-07
0.54,0,-6.9618E-05,1.3086599999999998E-08,7.0482000000000007E-05,3.2176E-07,-3.217E-07
0.545,0,-7.1672E-05,1.3671999999999998E-08,7.2258E-05,3.2186E-07,-3.2173999999999997E-07
0.55,0,-7.3318E-05,1.4266999999999998E-08,7.3726E-05,3.2184E-07,-3.2176E-07
0.555,0,-7.481E-05,1.4895599999999998E-08,7.5716E-05,3.218E-07,-3.2178E-07
0.56,0,-7.6524E-05,1.5547799999999997E-08,7.6934E-05,3.2176E-07,-3.2176E-07
0.56500000000000006,0,-7.822E-05,1.6230999999999998E-08,7.8666000000000009E-05,3.2178E-07,-3.2176E-07
0.57000000000000006,0,-7.9708E-05,1.69372E-08,8.033E-05,3.2176E-07,-3.2182E-07
0.57500000000000007,0,-8.1148E-05,1.7675599999999997E-08,8.1902E-05,3.2184E-07,-3.2162E-07
0.58000000000000007,0,-8.273E-05,1.8441999999999997E-08,8.2900000000000009E-05,3.2186E-07,-3.2178E-07
0.58500000000000008,0,-8.3786E-05,1.92402E-08,8.451E-05,3.2182E-07,-3.217E-07
0.59000000000000008,0,-8.507E-05,2.0070199999999998E-08,8.6052000000000009E-05,3.2178E-07,-3.217E-07
0.595,0,-8.6368E-05,2.0933199999999997E-08,8.7132E-05,3.2187999999999997E-07,-3.2176E-07
0.6,0,-8.7766E-05,2.1838999999999998E-08,8.8344E-05,3.2184E-07,-3.2176E-07
0.605,0,-8.8668E-05,2.27962E-08,8.9738E-05,3.2184E-07,-3.2172E-07
0.61,0,-9.0650000000000008E-05,2.3770799999999997E-08,9.123800000000001E-05,3.2184E-07,-3.2178E-07
0.615,0,-9.1376E-05,2.4807199999999996E-08,9.1844E-05,3.2201999999999997E-07,-3.2187999999999997E-07
0.62,0,-9.2374000000000007E-05,2.5864999999999997E-08,9.294400000000001E-05,3.2184E-07,-3.2166E-07
0.625,0,-9.3298E-05,2.6993E-08,9.4304E-05,3.2182E-07,-3.217E-07
0.63,0,-9.5372000000000008E-05,2.8151599999999998E-08,9.5716E-05,3.218E-07,-3.2172E-07
0.635,0,-9.6008E-05,2.9383399999999998E-08,9.664000000000001E-05,3.2184E-07,-3.2172E-07
0.64,0,-9.6824E-05,3.0642799999999994E-08,9.7118E-05,3.2182E-07,-3.217E-07
0.645,0,-9.7806E-05,3.19844E-08,9.8474E-05,3.2182E-07,-3.2164E-07
0.65,0,-9.88E-05,3.3354999999999997E-08,9.9496E-05,3.2182E-07,-3.2182E-07
0.655,0,-0.000100202,3.4814199999999994E-08,0.000100732,3.2182E-07,-3.2172E-07
0.66,0,-0.00010107,3.6316799999999996E-08,0.000101478,3.2178E-07,-3.2176E-07
0.665,0,-0.000102114,3.79134E-08,0.00010222600000000001,3.2201999999999997E-07,-3.22E-07
0.67,0,-0.000102806,3.95398E-08,0.00010302,3.217E-07,-3.2166E-07
0.675,0,-0.000103644,4.1309199999999994E-08,0.00010382800000000001,3.2176E-07,-3.2172E-07
0.68,0,-0.000104472,4.3073399999999993E-08,0.00010472,3.2178E-07,-3.2173999999999997E-07
0.685,0,-0.000104924,4.49772E-08,0.000105514,3.2184E-07,-3.217E-07
0.69000000000000006,0,-0.000106012,4.6937799999999996E-08,0.000106202,3.2187999999999997E-07,-3.2166E-07
0.69500000000000006,0,-0.000107148,4.90042E-08,0.000107534,3.2173999999999997E-07,-3.2166E-07
0.70000000000000007,0,-0.000108206,5.1166799999999993E-08,0.000108468,3.2186E-07,-3.2178E-07
0.70500000000000007,0,-0.000109084,5.3412799999999992E-08,0.000109294,3.218E-07,-3.2166E-07
0.71000000000000008,0,-0.000109968,5.5801E-08,0.000110302,3.219E-07,-3.2173999999999997E-07
0.71500000000000008,0,-0.000110772,5.8264399999999993E-08,0.00011069400000000001,3.217E-07,-3.2176E-07
0.72000000000000008,0,-0.000110926,6.088739999999999E-08,0.000111166,3.2176E-07,-3.2172E-07
0.72500000000000009,0,-0.000111432,6.3595599999999987E-08,0.00011152,3.2182E-07,-3.2164E-07
0.73,0,-0.00011197,6.6479E-08,0.000112656,3.2178E-07,-3.2166E-07
0.735,0,-0.00011315400000000001,6.9453199999999991E-08,0.000113392,3.218E-07,-3.2173999999999997E-07
0.74,0,-0.00011404,7.2618199999999993E-08,0.000114072,3.2178E-07,-3.2159999999999997E-07
0.745,0,-0.00011413,7.5883999999999993E-08,0.00011447000000000001,3.218E-07,-3.2166E-07
0.75,0,-0.000114906,7.9360999999999992E-08,0.000115004,3.219E-07,-3.2173999999999997E-07
0.755,0,-0.000115084,8.29624E-08,0.000115004,3.2176E-07,-3.2178E-07
0.76,0,-0.000115086,8.67968E-08,0.000115004,3.2182E-07,-3.2176E-07
0.765,0,-0.00011509,9.07616E-08,0.000115004,3.2176E-07,-3.2172E-07
0.77,0,-0.00011509600000000001,9.4979199999999991E-08,0.000115004,3.2184E-07,-3.2164E-07
0.775,0,-0.00012134000000000001,9.934639999999999E-08,0.0001231,3.218E-07,-3.2173999999999997E-07
0.78,0,-0.00011836000000000001,1.0401959999999999E-07,0.0001178,3.2172E-07,-3.217E-07
0.785,0,-0.00011992,1.0884059999999999E-07,0.00012008,3.2173999999999997E-07,-3.2166E-07
0.79,0,-0.00011958,1.1398039999999999E-07,0.0001225,3.218E-07,-3.2164E-07
0.795,0,-0.00012024,1.1938E-07,0.00012076,3.2176E-07,-3.217E-07
0.8,0,-0.00012200000000000001,1.25E-07,0.00012208,3.2192E-07,-3.2187999999999997E-07
0.805,0,-0.00011960000000000001,1.3088E-07,0.00012292,3.2172E-07,-3.2168E-07
0.81,0,-0.0001236,1.3708E-07,0.0001243,3.2178E-07,-3.218E-07
0.81500000000000006,0,-0.00012506,1.437E-07,0.00012432,3.2176E-07,-3.2173999999999997E-07
0.82000000000000006,0,-0.00012582,1.5054E-07,0.0001236,3.2182E-07,-3.2168E-07
0.82500000000000007,0,-0.00012634,1.5778E-07,0.00012486000000000002,3.22E-07,-3.2168E-07
0.83000000000000007,0,-0.00012552,1.6534E-07,0.00012634,3.218E-07,-3.2176E-07
0.83500000000000008,0,-0.00012464,1.7344E-07,0.00012512,3.2172E-07,-3.217E-07
0.84000000000000008,0,-0.00012948000000000001,1.8186E-07,0.00012346000000000001,3.2178E-07,-3.2166E-07
0.84500000000000008,0,-0.00012836,1.9084E-07,0.0001263,3.2178E-07,-3.2166E-07
0.85000000000000009,0,-0.00012518000000000002,2.0006E-07,0.00012534000000000002,3.2178E-07,-3.2164E-07
0.85500000000000009,0,-0.00012782,2.1002E-07,0.00012592000000000001,3.2168E-07,-3.2172E-07
0.86,0,-0.0001271,2.203E-07,0.00012748000000000002,3.219E-07,-3.2173999999999997E-07
0.865,0,-0.00012418000000000002,2.3131999999999998E-07,0.00012658,3.218E-07,-3.2172E-07
0.87,0,-0.00013014,2.4269999999999997E-07,0.0001296,3.2186E-07,-3.2173999999999997E-07
0.875,0,-0.00012724,2.5482E-07,0.00012708,3.2182E-07,-3.2166E-07
0.88,0,-0.00013118,2.6758E-07,0.00012822000000000002,3.2178E-07,-3.2176E-07
0.885,0,-0.00012806000000000002,2.8098E-07,0.00012838000000000001,3.2184E-07,-3.2173999999999997E-07
0.89,0,-0.00012782,2.9524E-07,0.00013026000000000002,3.2176E-07,-3.217E-07
0.895,0,-0.00012676,3.101E-07,0.00013114,3.2178E-07,-3.2182E-07
0.9,0,-0.00012928,3.258E-07,0.00012892,3.2176E-07,-3.217E-07
-0.3,0.15,2.3764E-09,-4.5266E-09,7.950300000000001E-10,3.2172E-07,-3.2038E-07
-0.29500000000000004,0.15,2.2927E-09,-4.2747E-09,7.6483E-10,3.2172E-07,-3.2052E-07
-0.29000000000000004,0.15,2.239E-09,-4.0409E-09,7.3305000000000007E-10,3.2173999999999997E-07,-3.2056E-07
-0.28500000000000003,0.15,2.1858E-09,-3.8246E-09,7.0471E-10,3.217E-07,-3.208E-07
-0.28,0.15,2.1347E-09,-3.6175E-09,6.7514E-10,3.2172E-07,-3.2084E-07
-0.275,0.15,2.0784E-09,-3.4284E-09,6.4782E-10,3.219E-07,-3.2116E-07
-0.27,0.15,2.0275E-09,-3.2506E-09,6.2061000000000009E-10,3.2178E-07,-3.2106E-07
-0.265,0.15,1.9729E-09,-3.0847E-09,5.9431000000000009E-10,3.2182E-07,-3.2124E-07
-0.26,0.15,1.9227E-09,-2.9295E-09,5.6797000000000006E-10,3.2176E-07,-3.2128E-07
-0.255,0.15,1.8709E-09,-2.7857E-09,5.4486E-10,3.2164E-07,-3.2122E-07
-0.25,0.15,1.8311E-09,-2.6469E-09,5.1978E-10,3.2178E-07,-3.2142E-07
-0.24500000000000002,0.15,1.7717E-09,-2.5214E-09,4.963E-10,3.2178E-07,-3.2154E-07
-0.24000000000000002,0.15,1.7257E-09,-2.3999E-09,4.7325E-10,3.2176E-07,-3.2148E-07
-0.23500000000000001,0.15,1.6728E-09,-2.2895E-09,4.5133000000000003E-10,3.2172E-07,-3.2154E-07
-0.23,0.15,1.6333E-09,-2.1796E-09,4.2891E-10,3.2178E-07,-3.2156E-07
-0.225,0.15,1.589E-09,-2.0775E-09,4.0884E-10,3.2166E-07,-3.2156E-07
-0.22,0.15,1.5541E-09,-1.98E-09,3.8772000000000003E-10,3.2176E-07,-3.2168E-07
-0.215,0.15,1.5124E-09,-1.889E-09,3.6709E-10,3.2198E-07,-3.2194E-07
-0.21000000000000002,0.15,1.4637E-09,-1.8002E-09,3.4645000000000003E-10,3.2176E-07,-3.217E-07
-0.20500000000000002,0.15,1.4266E-09,-1.7189E-09,3.2787000000000003E-10,3.2176E-07,-3.2178E-07
-0.2,0.15,1.3863E-09,-1.6409E-09,3.1026E-10,3.217E-07,-3.218E-07
-0.195,0.15,1.3486E-09,-1.5671E-09,2.926E-10,3.2166E-07,-3.218E-07
-0.19,0.15,1.3098E-09,-1.4956E-09,2.7473000000000004E-10,3.2172E-07,-3.219E-07
-0.185,0.15,1.276E-09,-1.4269E-09,2.5780000000000003E-10,3.2172E-07,-3.2173999999999997E-07
-0.18000000000000002,0.15,1.2393E-09,-1.3621E-09,2.4209000000000004E-10,3.2186E-07,-3.2204E-07
-0.17500000000000002,0.15,1.2123E-09,-1.2969E-09,2.2553000000000002E-10,3.2172E-07,-3.219E-07
-0.17,0.15,1.1697E-09,-1.2401E-09,2.1040000000000002E-10,3.2164E-07,-3.2182E-07
-0.165,0.15,1.1583E-09,-1.182E-09,1.9425000000000003E-10,3.2172E-07,-3.2194E-07
-0.16,0.15,1.1207E-09,-1.1301E-09,1.7871000000000002E-10,3.2178E-07,-3.2187999999999997E-07
-0.155,0.15,1.0884E-09,-1.0772E-09,1.6136000000000003E-10,3.2168E-07,-3.2182E-07
-0.15,0.15,1.0644E-09,-1.0286E-09,1.4679000000000002E-10,3.2178E-07,-3.2178E-07
-0.14500000000000002,0.15,1.0312E-09,-9.7953E-10,1.3127E-10,3.217E-07,-3.2184E-07
-0.14,0.15,1.0083E-09,-9.3168E-10,1.1364000000000001E-10,3.2168E-07,-3.2182E-07
-0.135,0.15,1.0015800000000002E-09,-8.9154000000000011E-10,9.606E-11,3.2173999999999997E-07,-3.2187999999999997E-07
-0.13,0.15,9.7025E-10,-8.4416000000000011E-10,7.734E-11,3.2168E-07,-3.219E-07
-0.125,0.15,9.4691E-10,-8.077700000000001E-10,6.035E-11,3.2166E-07,-3.2192E-07
-0.12000000000000001,0.15,9.386E-10,-7.6466E-10,4.0230000000000006E-11,3.2178E-07,-3.2192E-07
-0.115,0.15,9.2142000000000011E-10,-7.3135000000000006E-10,2.185E-11,3.2164E-07,-3.2187999999999997E-07
-0.11,0.15,9.1284E-10,-6.9120000000000005E-10,-2.49E-12,3.217E-07,-3.2186E-07
-0.10500000000000001,0.15,9.2527000000000005E-10,-6.624E-10,-2.5470000000000004E-11,3.2173999999999997E-07,-3.2196E-07
-0.1,0.15,8.954E-10,-6.2452E-10,-5.5000000000000004E-11,3.2176E-07,-3.2187999999999997E-07
-0.095,0.15,8.9447000000000012E-10,-5.9461000000000008E-10,-8.3850000000000013E-11,3.2176E-07,-3.2192E-07
-0.090000000000000011,0.15,9.0357000000000012E-10,-5.5977E-10,-1.2002000000000002E-10,3.2184E-07,-3.2194E-07
-0.085,0.15,9.1016000000000009E-10,-5.3251000000000006E-10,-1.5869000000000002E-10,3.218E-07,-3.2187999999999997E-07
-0.08,0.15,9.2974E-10,-5.0323E-10,-2.0285000000000003E-10,3.2173999999999997E-07,-3.2192E-07
-0.075,0.15,9.6067000000000016E-10,-4.7797000000000006E-10,-2.5247E-10,3.217E-07,-3.2184E-07
-0.07,0.15,9.8626E-10,-4.5333E-10,-3.1142000000000005E-10,3.2176E-07,-3.2198E-07
-0.065,0.15,1.0395900000000001E-09,-4.2623000000000004E-10,-3.8136E-10,3.2178E-07,-3.2192E-07
-0.060000000000000005,0.15,1.09409E-09,-4.0282E-10,-4.6051000000000005E-10,3.2166E-07,-3.2194E-07
-0.055,0.15,1.1638E-09,-3.8157E-10,-5.5303E-10,3.2166E-07,-3.2198E-07
-0.05,0.15,1.2463E-09,-3.5765000000000005E-10,-6.6412000000000008E-10,3.2194E-07,-3.221E-07
-0.045000000000000005,0.15,1.3695E-09,-3.3992E-10,-7.8949E-10,3.217E-07,-3.2192E-07
-0.04,0.15,1.4875E-09,-3.1732000000000005E-10,-9.404E-10,3.2172E-07,-3.2194E-07
-0.035,0.15,1.6546E-09,-2.9892000000000004E-10,-1.1163900000000001E-09,3.2178E-07,-3.2187999999999997E-07
-0.030000000000000002,0.15,1.8365E-09,-2.7869E-10,-1.3217E-09,3.2176E-07,-3.2192E-07
-0.025,0.15,2.0829E-09,-2.5874000000000003E-10,-1.5638E-09,3.2172E-07,-3.2196E-07
-0.02,0.15,2.33E-09,-2.4144E-10,-1.852E-09,3.2172E-07,-3.2201999999999997E-07
-0.015000000000000001,0.15,2.6492E-09,-2.2604000000000003E-10,-2.1897E-09,3.2178E-07,-3.2194E-07
-0.01,0.15,3.0321E-09,-2.0966000000000003E-10,-2.5922E-09,3.2172E-07,-3.2206E-07
-0.005,0.15,3.4844E-09,-1.9667E-10,-3.0598E-09,3.2172E-07,-3.2184E-07
0,0.15,4.0361E-09,-1.8052000000000001E-10,-3.6225E-09,3.2172E-07,-3.2192E-07
0.005,0.15,4.6788E-09,-1.6747000000000002E-10,-4.275E-09,3.2159999999999997E-07,-3.2187999999999997E-07
0.01,0.15,5.4423E-09,-1.5213000000000002E-10,-5.056E-09,3.2194E-07,-3.2218E-07
0.015000000000000001,0.15,6.3465E-09,-1.4374E-10,-5.9679E-09,3.217E-07,-3.2194E-07
0.02,0.15,7.4264E-09,-1.2763E-10,-7.0614E-09,3.2162E-07,-3.2187999999999997E-07
0.025,0.15,8.6941E-09,-1.1884E-10,-8.3338E-09,3.2173999999999997E-07,-3.2194E-07
0.030000000000000002,0.15,1.02102E-08,-1.0486000000000001E-10,-9.8635E-09,3.217E-07,-3.2192E-07
0.035,0.15,1.202E-08,-9.3400000000000008E-11,-1.1676199999999999E-08,3.2184E-07,-3.2218E-07
0.04,0.15,1.4154599999999998E-08,-8.4880000000000008E-11,-1.3816999999999999E-08,3.2172E-07,-3.2194E-07
0.045000000000000005,0.15,1.66288E-08,-7.419E-11,-1.63118E-08,3.2172E-07,-3.2186E-07
0.05,0.15,1.9631199999999996E-08,-6.517E-11,-1.93108E-08,3.2176E-07,-3.2187999999999997E-07
0.055,0.15,2.3116199999999998E-08,-5.821E-11,-2.2798199999999998E-08,3.2168E-07,-3.219E-07
0.060000000000000005,0.15,2.7222799999999997E-08,-4.6120000000000005E-11,-2.6923399999999997E-08,3.217E-07,-3.219E-07
0.065,0.15,3.21814E-08,-4.0850000000000006E-11,-3.1864999999999994E-08,3.2168E-07,-3.2184E-07
0.07,0.15,3.7933399999999995E-08,-3.1040000000000003E-11,-3.76596E-08,3.2172E-07,-3.2194E-07
0.075,0.15,4.4846E-08,-2.172E-11,-4.4570599999999994E-08,3.2172E-07,-3.2198E-07
0.08,0.15,5.2935399999999992E-08,-1.6760000000000002E-11,-5.2656199999999996E-08,3.2176E-07,-3.2198E-07
0.085,0.15,6.2616599999999989E-08,-1.7700000000000001E-12,-6.2359E-08,3.2184E-07,-3.22E-07
0.090000000000000011,0.15,7.3952599999999992E-08,-2.21E-12,-7.3663199999999987E-08,3.2184E-07,-3.2201999999999997E-07
0.095,0.15,8.7500799999999986E-08,1.2220000000000001E-11,-8.7279399999999992E-08,3.2182E-07,-3.2192E-07
0.1,0.15,1.0330779999999999E-07,1.3550000000000001E-11,-1.0311559999999999E-07,3.2168E-07,-3.2187999999999997E-07
0.10500000000000001,0.15,1.2238E-07,2.453E-11,-1.2211999999999998E-07,3.217E-07,-3.2214E-07
0.11,0.15,1.4466E-07,2.7700000000000002E-11,-1.4428E-07,3.2172E-07,-3.2198E-07
0.115,0.15,1.713E-07,4.0330000000000004E-11,-1.7102E-07,3.2176E-07,-3.2201999999999997E-07
0.12000000000000001,0.15,2.0224E-07,4.0770000000000005E-11,-2.0228E-07,3.2173999999999997E-07,-3.2187999999999997E-07
0.125,0.15,2.3986E-07,5.382E-11,-2.3926E-07,3.2168E-07,-3.2196E-07
0.13,0.15,2.8316E-07,5.6470000000000006E-11,-2.8314E-07,3.217E-07,-3.2192E-07
0.135,0.15,3.3558E-07,6.8440000000000011E-11,-3.3518E-07,3.217E-07,-3.2192E-07
0.14,0.15,3.9626E-07,7.486E-11,-3.9643999999999997E-07,3.2178E-07,-3.22E-07
0.14500000000000002,0.15,4.6996E-07,8.1820000000000008E-11,-4.6954E-07,3.2166E-07,-3.22E-07
0.15,0.15,5.5496E-07,8.8490000000000009E-11,-5.5472E-07,3.2166E-07,-3.2194E-07
0.155,0.15,6.5652E-07,9.212E-11,-6.5588E-07,3.2172E-07,-3.2198E-07
0.16,0.15,7.766E-07,1.0397E-10,-7.7653999999999994E-07,3.2172E-07,-3.2206E-07
0.165,0.15,9.1714E-07,1.0956000000000001E-10,-9.1708E-07,3.2173999999999997E-07,-3.2208E-07
0.17,0.15,1.08736E-06,1.2405E-10,-1.08694E-06,3.2184E-07,-3.2206E-07
0.17500000000000002,0.15,1.2881000000000002E-06,1.3087E-10,-1.2832E-06,3.2198E-07,-3.2215999999999997E-07
0.18000000000000002,0.15,1.5231E-06,1.3811E-10,-1.52E-06,3.2168E-07,-3.2196E-07
0.185,0.15,1.7971000000000001E-06,1.4586E-10,-1.7960000000000003E-06,3.2172E-07,-3.2198E-07
0.19,0.15,2.1285E-06,1.556E-10,-2.126E-06,3.2172E-07,-3.2198E-07
0.195,0.15,2.5131E-06,1.6739E-10,-2.5097000000000003E-06,3.219E-07,-3.2218E-07
0.2,0.15,2.978E-06,1.7875E-10,-2.9728E-06,3.2168E-07,-3.2192E-07
0.20500000000000002,0.15,3.5110000000000004E-06,1.9239000000000002E-10,-3.5078000000000005E-06,3.2176E-07,-3.2192E-07
0.21000000000000002,0.15,4.1555E-06,2.0436E-10,-4.152E-06,3.2172E-07,-3.2187999999999997E-07
0.215,0.15,4.9013000000000008E-06,2.172E-10,-4.8986000000000008E-06,3.2176E-07,-3.2198E-07
0.22,0.15,5.7916000000000006E-06,2.3150000000000003E-10,-5.7955000000000007E-06,3.217E-07,-3.22E-07
0.225,0.15,6.829000000000001E-06,2.4537E-10,-6.8289000000000008E-06,3.217E-07,-3.2196E-07
0.23,0.15,8.0786000000000009E-06,2.6206E-10,-8.0703000000000013E-06,3.2173999999999997E-07,-3.22E-07
0.23500000000000001,0.15,9.5146E-06,2.7764000000000004E-10,-9.5085E-06,3.2166E-07,-3.2194E-07
0.24000000000000002,0.15,1.1238000000000002E-05,2.9958E-10,-1.1236200000000001E-05,3.2176E-07,-3.2192E-07
0.24500000000000002,0.15,1.3238000000000001E-05,3.1851E-10,-1.3224E-05,3.2162E-07,-3.2196E-07
0.25,0.15,1.5558E-05,3.3557E-10,-1.5548E-05,3.217E-07,-3.2196E-07
0.255,0.15,1.8336000000000002E-05,3.5989000000000004E-10,-1.8328E-05,3.217E-07,-3.2186E-07
0.26,0.15,2.1530000000000002E-05,3.7975E-10,-2.1526E-05,3.2194E-07,-3.221E-07
0.265,0.15,2.533E-05,4.0989E-10,-2.5324E-05,3.217E-07,-3.2192E-07
0.27,0.15,2.9686E-05,4.3047E-10,-2.9686E-05,3.2173999999999997E-07,-3.2218E-07
0.275,0.15,3.4882E-05,4.6229E-10,-3.487E-05,3.2164E-07,-3.2192E-07
0.28,0.15,4.0836E-05,4.8868E-10,-4.0844000000000004E-05,3.2168E-07,-3.2187999999999997E-07
0.28500000000000003,0.15,4.7854E-05,5.2634000000000007E-10,-4.7854E-05,3.2164E-07,-3.2196E-07
0.29000000000000004,0.15,5.5914E-05,5.5572E-10,-5.592E-05,3.2176E-07,-3.2192E-07
0.29500000000000004,0.15,6.5346000000000008E-05,5.9434E-10,-6.5404E-05,3.2172E-07,-3.2187999999999997E-07
0.3,0.15,7.6162000000000007E-05,6.3041E-10,-7.6204E-05,3.217E-07,-3.2182E-07
0.305,0.15,8.8874E-05,6.7333000000000009E-10,-8.886E-05,3.2173999999999997E-07,-3.219E-07
0.31,0.15,0.000103344,7.1328E-10,-0.00010331400000000001,3.2176E-07,-3.2194E-07
0.315,0.15,0.00012042,7.6251000000000009E-10,-0.00012012000000000001,3.2168E-07,-3.2184E-07
0.32,0.15,0.00013934,8.1483000000000007E-10,-0.00013922,3.217E-07,-3.2194E-07
0.325,0.15,0.00016150000000000002,8.6226000000000008E-10,-0.00016138,3.217E-07,-3.2192E-07
0.33,0.15,0.00018642000000000002,9.2538000000000007E-10,-0.00018624,3.2159999999999997E-07,-3.2186E-07
0.335,0.15,0.00021532000000000002,9.7751E-10,-0.00021486,3.2173999999999997E-07,-3.2194E-07
0.34,0.15,0.00024746,1.04647E-09,-0.00024724,3.2173999999999997E-07,-3.2192E-07
0.34500000000000003,0.15,0.00028462,1.10894E-09,-0.00028442,3.2182E-07,-3.2186E-07
0.35000000000000003,0.15,0.00032588,1.1804E-09,-0.0003255,3.2164E-07,-3.2198E-07
0.35500000000000004,0.15,0.0003729,1.2563E-09,-0.00037292,3.2176E-07,-3.2187999999999997E-07
0.36000000000000004,0.15,0.00042500000000000003,1.3287E-09,-0.00042494,3.2162E-07,-3.2184E-07
0.365,0.15,0.0004844,1.42E-09,-0.00048442000000000005,3.217E-07,-3.2196E-07
0.37,0.15,0.00054974000000000006,1.4995E-09,-0.00054922,3.217E-07,-3.2194E-07
0.375,0.15,0.00062306,1.5993E-09,-0.00062252,3.2172E-07,-3.2194E-07
0.38,0.15,0.0007031,1.6875E-09,-0.00070256000000000008,3.2172E-07,-3.2194E-07
0.385,0.15,0.00079268,1.7931E-09,-0.00079204,3.2166E-07,-3.2192E-07
0.39,0.15,0.00088926,1.8962E-09,-0.00088922,3.2173999999999997E-07,-3.2187999999999997E-07
0.395,0.15,0.00099722,2.0058E-09,-0.0009969,3.2173999999999997E-07,-3.2192E-07
0.4,0.15,0.00111348,2.1205E-09,-0.00111246,3.2178E-07,-3.2187999999999997E-07
0.405,0.15,0.0012408,2.239E-09,-0.0012406000000000001,3.2172E-07,-3.2187999999999997E-07
0.41000000000000003,0.15,0.0013772,2.3563E-09,-0.0013774,3.2173999999999997E-07,-3.2184E-07
0.41500000000000004,0.15,0.0015268,2.4887E-09,-0.0015262000000000001,3.2172E-07,-3.2196E-07
0.42000000000000004,0.15,0.0016858,2.6133E-09,-0.0016856,3.2178E-07,-3.2194E-07
0.42500000000000004,0.15,0.0018588,2.7588E-09,-0.0018574,3.2172E-07,-3.2194E-07
0.43,0.15,0.0020394000000000002,2.8839E-09,-0.0020382,3.22E-07,-3.2198E-07
0.435,0.15,0.0022354000000000002,3.0276999999999998E-09,-0.0022352,3.2178E-07,-3.2201999999999997E-07
0.44,0.15,0.0024402,3.1715E-09,-0.00244,3.2178E-07,-3.22E-07
0.445,0.15,0.0026616,3.3257E-09,-0.0026608,3.2178E-07,-3.2194E-07
0.45,0.15,0.0028904,3.4818E-09,-0.002889,3.2173999999999997E-07,-3.22E-07
0.455,0.15,0.0031354,3.6382E-09,-0.0031332,3.2208E-07,-3.222E-07
0.46,0.15,0.0033866,3.8037E-09,-0.0033876,3.2176E-07,-3.2198E-07
0.465,0.15,0.0036544,3.9667E-09,-0.0036534000000000002,3.2187999999999997E-07,-3.2201999999999997E-07
0.47000000000000003,0.15,0.0039296,4.1428E-09,-0.0039278,3.2184E-07,-3.221E-07
0.47500000000000003,0.15,0.0042194,4.3221E-09,-0.0042196,3.2173999999999997E-07,-3.2206E-07
0.48000000000000004,0.15,0.0045172,4.5033E-09,-0.0045148,3.2194E-07,-3.221E-07
0.48500000000000004,0.15,0.004828,4.6959E-09,-0.0048272,3.2184E-07,-3.2212E-07
0.49000000000000005,0.15,0.0051438000000000005,4.8938E-09,-0.0051442,3.218E-07,-3.2206E-07
0.49500000000000005,0.15,0.005478,5.0957E-09,-0.0054756,3.219E-07,-3.2208E-07
0.5,0.15,0.0058114,5.295E-09,-0.0058118,3.2184E-07,-3.2201999999999997E-07
0.505,0.15,0.0061616,5.5167E-09,-0.0061618,3.2194E-07,-3.2212E-07
0.51,0.15,0.0065126,5.732E-09,-0.0065118,3.219E-07,-3.2208E-07
0.515,0.15,0.0068762,5.9693E-09,-0.006876,3.2196E-07,-3.2212E-07
0.52,0.15,0.007241,6.2049E-09,-0.0072418000000000005,3.2198E-07,-3.2224E-07
0.525,0.15,0.0076166,6.4517999999999996E-09,-0.0076162,3.2215999999999997E-07,-3.2242E-07
0.53,0.15,0.0079938,6.7014E-09,-0.0079934,3.2196E-07,-3.2226E-07
0.535,0.15,0.0083804,6.9705E-09,-0.0083796000000000009,3.2196E-07,-3.2218E-07
0.54,0.15,0.008766,7.2397E-09,-0.0087632,3.2206E-07,-3.2222E-07
0.545,0.15,0.0091598000000000009,7.5249E-09,-0.0091586,3.22E-07,-3.2226E-07
0.55,0.15,0.0095484,7.8129E-09,-0.0095478,3.2201999999999997E-07,-3.2218E-07
0.555,0.15,0.009947000000000001,8.1255E-09,-0.0099472,3.22E-07,-3.2226E-07
0.56,0.15,0.010342200000000001,8.4431E-09,-0.0103426,3.2212E-07,-3.2224E-07
0.56500000000000006,0.15,0.010742400000000001,8.7736E-09,-0.010742,3.2201999999999997E-07,-3.2222E-07
0.57000000000000006,0.15,0.0111366,9.1099E-09,-0.011137000000000001,3.2212E-07,-3.2228E-07
0.57500000000000007,0.15,0.01156,9.4655E-09,-0.011542,3.2206E-07,-3.2228E-07
0.58000000000000007,0.15,0.011954000000000001,9.8339E-09,-0.011934000000000002,3.221E-07,-3.2226E-07
0.58500000000000008,0.15,0.012354,1.02177E-08,-0.01233,3.2214E-07,-3.2229999999999997E-07
0.59000000000000008,0.15,0.012738000000000001,1.06067E-08,-0.01272,3.221E-07,-3.2229999999999997E-07
0.595,0.15,0.013132000000000001,1.10326E-08,-0.013110000000000002,3.2212E-07,-3.2232E-07
0.6,0.15,0.013514000000000002,1.14522E-08,-0.013492,3.2206E-07,-3.2228E-07
0.605,0.15,0.013904000000000001,1.1940199999999999E-08,-0.013880000000000002,3.2206E-07,-3.2228E-07
0.61,0.15,0.014276,1.23924E-08,-0.014260000000000002,3.2214E-07,-3.2232E-07
0.615,0.15,0.014656,1.28802E-08,-0.014636000000000001,3.2224E-07,-3.2243999999999997E-07
0.62,0.15,0.015022,1.33758E-08,-0.015004000000000002,3.2212E-07,-3.2236E-07
0.625,0.15,0.015392000000000001,1.3907399999999999E-08,-0.015372000000000002,3.222E-07,-3.2234E-07
0.63,0.15,0.015746000000000003,1.4451199999999999E-08,-0.015728000000000002,3.2215999999999997E-07,-3.2226E-07
0.635,0.15,0.016108,1.5021399999999998E-08,-0.016086000000000003,3.222E-07,-3.2234E-07
0.64,0.15,0.016452,1.55988E-08,-0.01643,3.2218E-07,-3.2246E-07
0.645,0.15,0.016798,1.62194E-08,-0.016778,3.222E-07,-3.2232E-07
0.65,0.15,0.017134,1.6858799999999998E-08,-0.017112000000000002,3.222E-07,-3.2242E-07
0.655,0.15,0.017470000000000003,1.7529799999999998E-08,-0.01745,3.2218E-07,-3.2238E-07
0.66,0.15,0.017794,1.82184E-08,-0.017772000000000003,3.2229999999999997E-07,-3.2246E-07
0.665,0.15,0.018114,1.8945599999999998E-08,-0.018094000000000002,3.2222E-07,-3.224E-07
0.67,0.15,0.018424000000000003,1.9697599999999997E-08,-0.018408,3.2222E-07,-3.224E-07
0.675,0.15,0.018736000000000003,2.04876E-08,-0.01872,3.2226E-07,-3.225E-07
0.68,0.15,0.019036,2.1303999999999997E-08,-0.019018,3.222E-07,-3.2242E-07
0.685,0.15,0.019334,2.21632E-08,-0.019316000000000003,3.2224E-07,-3.224E-07
0.69000000000000006,0.15,0.019620000000000002,2.3051399999999998E-08,-0.019600000000000003,3.2229999999999997E-07,-3.2243999999999997E-07
0.69500000000000006,0.15,0.019906,2.3969599999999997E-08,-0.019884000000000002,3.222E-07,-3.2243999999999997E-07
0.70000000000000007,0.15,0.020182000000000002,2.4942799999999996E-08,-0.020166000000000003,3.2226E-07,-3.2246E-07
0.70500000000000007,0.15,0.020452,2.5935799999999997E-08,-0.020428,3.2234E-07,-3.2246E-07
0.71000000000000008,0.15,0.020718,2.7000599999999996E-08,-0.020706000000000002,3.2228E-07,-3.224E-07
0.71500000000000008,0.15,0.020976,2.8096599999999998E-08,-0.020960000000000003,3.2229999999999997E-07,-3.224E-07
0.72000000000000008,0.15,0.021230000000000002,2.9247999999999998E-08,-0.021212,3.2234E-07,-3.2252E-07
0.72500000000000009,0.15,0.021478,3.04352E-08,-0.021460000000000003,3.2224E-07,-3.2243999999999997E-07
0.73,0.15,0.021722,3.1689999999999995E-08,-0.021704,3.2228E-07,-3.2243999999999997E-07
0.735,0.15,0.02196,3.2985399999999996E-08,-0.021938000000000003,3.2232E-07,-3.2252E-07
0.74,0.15,0.022192000000000003,3.4357999999999996E-08,-0.022174000000000003,3.2226E-07,-3.2246E-07
0.745,0.15,0.022416000000000002,3.5771599999999996E-08,-0.022402000000000002,3.2232E-07,-3.2246E-07
0.75,0.15,0.02264,3.72928E-08,-0.022624000000000002,3.2232E-07,-3.2248E-07
0.755,0.15,0.022854000000000003,3.8825799999999996E-08,-0.022838,3.2229999999999997E-07,-3.2242E-07
0.76,0.15,0.023066000000000003,4.04542E-08,-0.023048000000000003,3.2236E-07,-3.225E-07
0.765,0.15,0.023270000000000002,4.2145199999999995E-08,-0.023250000000000003,3.224E-07,-3.2254E-07
0.77,0.15,0.023472000000000003,4.3931399999999993E-08,-0.023456,3.2229999999999997E-07,-3.225E-07
0.775,0.15,0.023668,4.5765999999999994E-08,-0.023654,3.2236E-07,-3.2242E-07
0.78,0.15,0.023866000000000002,4.7712199999999995E-08,-0.023846000000000003,3.224E-07,-3.2254E-07
0.785,0.15,0.024046,4.9729199999999992E-08,-0.024028,3.2236E-07,-3.2252E-07
0.79,0.15,0.024232000000000004,5.1872599999999996E-08,-0.024216,3.2234E-07,-3.2248E-07
0.795,0.15,0.024408000000000003,5.40976E-08,-0.024390000000000002,3.2234E-07,-3.2254E-07
0.8,0.15,0.024584,5.6420199999999996E-08,-0.024568000000000003,3.2236E-07,-3.2256E-07
0.805,0.15,0.024754,5.8835799999999994E-08,-0.024736,3.2246E-07,-3.2254E-07
0.81,0.15,0.024922000000000003,6.13526E-08,-0.024904000000000003,3.2242E-07,-3.226E-07
0.81500000000000006,0.15,0.025082000000000004,6.4033799999999992E-08,-0.025062,3.2234E-07,-3.2256E-07
0.82000000000000006,0.15,0.025240000000000002,6.6841599999999989E-08,-0.025222,3.224E-07,-3.2256E-07
0.82500000000000007,0.15,0.025394000000000003,6.98004E-08,-0.025378,3.224E-07,-3.2252E-07
0.83000000000000007,0.15,0.025548,7.2840199999999993E-08,-0.025528000000000002,3.2238E-07,-3.2254E-07
0.83500000000000008,0.15,0.025698000000000002,7.60764E-08,-0.02568,3.224E-07,-3.2254E-07
0.84000000000000008,0.15,0.025836,7.94406E-08,-0.025820000000000003,3.2242E-07,-3.2256E-07
0.84500000000000008,0.15,0.025982,8.3003399999999987E-08,-0.025964,3.2229999999999997E-07,-3.2257999999999997E-07
0.85000000000000009,0.15,0.026114000000000002,8.6683799999999986E-08,-0.0261,3.2236E-07,-3.225E-07
0.85500000000000009,0.15,0.026256,9.0606799999999988E-08,-0.026238,3.2242E-07,-3.2254E-07
0.86,0.15,0.026384,9.4686199999999989E-08,-0.026368000000000003,3.2246E-07,-3.225E-07
0.865,0.15,0.026518000000000003,9.9031199999999993E-08,-0.026494000000000004,3.2246E-07,-3.2257999999999997E-07
0.87,0.15,0.026634,1.034932E-07,-0.026618000000000003,3.2236E-07,-3.2256E-07
0.875,0.15,0.026766,1.0825699999999999E-07,-0.026738,3.2229999999999997E-07,-3.2254E-07
0.88,0.15,0.026882000000000003,1.1318419999999999E-07,-0.026864000000000002,3.224E-07,-3.2248E-07
0.885,0.15,0.027004000000000004,1.1851999999999999E-07,-0.026982000000000003,3.2236E-07,-3.2254E-07
0.89,0.15,0.027112,1.2398E-07,-0.027098000000000004,3.2234E-07,-3.2252E-07
0.895,0.15,0.027224,1.2982E-07,-0.02721,3.2238E-07,-3.2248E-07
0.9,0.15,0.027338,1.3576E-07,-0.027320000000000004,3.2236E-07,-3.2256E-07
-0.3,0.3,5.0774E-09,-6.7426E-09,7.9385000000000011E-10,3.2124E-07,-3.2024E-07
-0.29500000000000004,0.3,5.0161E-09,-6.4546E-09,7.6112000000000006E-10,3.2122E-07,-3.2044E-07
-0.29000000000000004,0.3,4.9129E-09,-6.1886E-09,7.330900000000001E-10,3.2117999999999997E-07,-3.2061999999999997E-07
-0.28500000000000003,0.3,4.804E-09,-5.9316E-09,7.0429000000000006E-10,3.2114E-07,-3.2078E-07
-0.28,0.3,4.7184E-09,-5.6984E-09,6.7569000000000007E-10,3.2116E-07,-3.2054E-07
-0.275,0.3,4.627E-09,-5.472E-09,6.4742E-10,3.2117999999999997E-07,-3.2094E-07
-0.27,0.3,4.5308E-09,-5.2611E-09,6.2144000000000008E-10,3.2112E-07,-3.2096E-07
-0.265,0.3,4.4565E-09,-5.0594E-09,5.9322E-10,3.2116E-07,-3.2044E-07
-0.26,0.3,4.3682E-09,-4.873E-09,5.6718E-10,3.2117999999999997E-07,-3.2126E-07
-0.255,0.3,4.2807E-09,-4.6962E-09,5.4313000000000007E-10,3.2114E-07,-3.2126E-07
-0.25,0.3,4.2255E-09,-4.5252E-09,5.1832E-10,3.2122E-07,-3.2122E-07
-0.24500000000000002,0.3,4.1282E-09,-4.365E-09,4.9374E-10,3.2114E-07,-3.2136E-07
-0.24000000000000002,0.3,4.0487E-09,-4.2119E-09,4.6951000000000007E-10,3.2046E-07,-3.2116E-07
-0.23500000000000001,0.3,3.9626E-09,-4.0695E-09,4.4835000000000006E-10,3.2102E-07,-3.2074E-07
-0.23,0.3,3.8884E-09,-3.9307E-09,4.2707000000000006E-10,3.2112E-07,-3.215E-07
-0.225,0.3,3.8169E-09,-3.7997E-09,4.0717000000000005E-10,3.2112E-07,-3.2142E-07
-0.22,0.3,3.7405E-09,-3.6682E-09,3.8474E-10,3.2108E-07,-3.2145999999999997E-07
-0.215,0.3,3.6664E-09,-3.5472E-09,3.6694000000000003E-10,3.2116E-07,-3.2164E-07
-0.21000000000000002,0.3,3.5983E-09,-3.4258E-09,3.4617E-10,3.2116E-07,-3.2159999999999997E-07
-0.20500000000000002,0.3,3.5325E-09,-3.3165E-09,3.2677E-10,3.2103999999999997E-07,-3.2159999999999997E-07
-0.2,0.3,3.453E-09,-3.2059E-09,3.0832000000000003E-10,3.2103999999999997E-07,-3.2164E-07
-0.195,0.3,3.3817E-09,-3.1032E-09,2.9217000000000004E-10,3.211E-07,-3.2166E-07
-0.19,0.3,3.3268E-09,-3.0009E-09,2.754E-10,3.2047999999999997E-07,-3.2106E-07
-0.185,0.3,3.2616E-09,-2.9038E-09,2.5651000000000003E-10,3.2112E-07,-3.217E-07
-0.18000000000000002,0.3,3.1872E-09,-2.8102E-09,2.3907000000000003E-10,3.2038E-07,-3.2112E-07
-0.17500000000000002,0.3,3.1248E-09,-2.7213E-09,2.2270000000000002E-10,3.2033999999999997E-07,-3.21E-07
-0.17,0.3,3.053E-09,-2.6342E-09,2.0678E-10,3.211E-07,-3.217E-07
-0.165,0.3,3.0145E-09,-2.546E-09,1.9010000000000002E-10,3.2112E-07,-3.217E-07
-0.16,0.3,2.9583E-09,-2.4681E-09,1.748E-10,3.2106E-07,-3.2176E-07
-0.155,0.3,2.8967E-09,-2.3849E-09,1.5824000000000001E-10,3.2112E-07,-3.2172E-07
-0.15,0.3,2.8496E-09,-2.309E-09,1.4324000000000001E-10,3.2112E-07,-3.2173999999999997E-07
-0.14500000000000002,0.3,2.8038E-09,-2.2321E-09,1.2596E-10,3.2116E-07,-3.218E-07
-0.14,0.3,2.7392E-09,-2.1617E-09,1.1109000000000001E-10,3.211E-07,-3.2176E-07
-0.135,0.3,2.7017E-09,-2.0878E-09,9.3100000000000007E-11,3.2112E-07,-3.217E-07
-0.13,0.3,2.6465E-09,-2.0202E-09,7.585E-11,3.2054E-07,-3.2106E-07
-0.125,0.3,2.6009E-09,-1.9537E-09,5.7380000000000006E-11,3.2117999999999997E-07,-3.218E-07
-0.12000000000000001,0.3,2.5607E-09,-1.8923E-09,3.94E-11,3.2114E-07,-3.218E-07
-0.115,0.3,2.6006E-09,-1.8257E-09,1.6780000000000002E-11,3.2103999999999997E-07,-3.2182E-07
-0.11,0.3,2.4871E-09,-1.7647E-09,-7.970000000000001E-12,3.2064E-07,-3.2116E-07
-0.10500000000000001,0.3,2.4557E-09,-1.7073E-09,-3.095E-11,3.2106E-07,-3.2182E-07
-0.1,0.3,2.4302E-09,-1.6454E-09,-6.03E-11,3.2108E-07,-3.2182E-07
-0.095,0.3,2.4176E-09,-1.5916E-09,-9.2240000000000009E-11,3.2112E-07,-3.2173999999999997E-07
-0.090000000000000011,0.3,2.3831E-09,-1.5363E-09,-1.2772E-10,3.211E-07,-3.2172E-07
-0.085,0.3,2.3777E-09,-1.486E-09,-1.6679000000000003E-10,3.2047999999999997E-07,-3.2122E-07
-0.08,0.3,2.3612E-09,-1.431E-09,-2.1486000000000002E-10,3.2106E-07,-3.2178E-07
-0.075,0.3,2.3692E-09,-1.3836E-09,-2.6609E-10,3.2108E-07,-3.2131999999999997E-07
-0.07,0.3,2.3955E-09,-1.3335E-09,-3.2846E-10,3.211E-07,-3.2176E-07
-0.065,0.3,2.4028E-09,-1.2864E-09,-3.9788000000000003E-10,3.2114E-07,-3.2178E-07
-0.060000000000000005,0.3,2.4386E-09,-1.2391E-09,-4.8025000000000007E-10,3.2112E-07,-3.218E-07
-0.055,0.3,2.4988E-09,-1.1946E-09,-5.7635000000000008E-10,3.211E-07,-3.2173999999999997E-07
-0.05,0.3,2.5677E-09,-1.15E-09,-6.8790000000000008E-10,3.2112E-07,-3.2182E-07
-0.045000000000000005,0.3,2.6656E-09,-1.1052E-09,-8.1823000000000008E-10,3.2112E-07,-3.2184E-07
-0.04,0.3,2.7719E-09,-1.066E-09,-9.7515E-10,3.2116E-07,-3.2182E-07
-0.035,0.3,2.9116E-09,-1.024E-09,-1.1555E-09,3.2112E-07,-3.219E-07
-0.030000000000000002,0.3,3.0669E-09,-9.8349E-10,-1.3698E-09,3.2106E-07,-3.2178E-07
-0.025,0.3,3.2949E-09,-9.4886000000000017E-10,-1.6199E-09,3.2042E-07,-3.2112E-07
-0.02,0.3,3.5686E-09,-9.0937E-10,-1.9178E-09,3.211E-07,-3.2178E-07
-0.015000000000000001,0.3,3.8691E-09,-8.7639000000000011E-10,-2.2655E-09,3.2114E-07,-3.2158E-07
-0.01,0.3,4.2479E-09,-8.367E-10,-2.6841E-09,3.2106E-07,-3.2176E-07
-0.005,0.3,4.7041E-09,-8.0781E-10,-3.1671E-09,3.21E-07,-3.2182E-07
0,0.3,5.2468E-09,-7.7016000000000006E-10,-3.7476E-09,3.21E-07,-3.2172E-07
0.005,0.3,5.8948E-09,-7.4279000000000008E-10,-4.4202E-09,3.2103999999999997E-07,-3.2176E-07
0.01,0.3,6.6729E-09,-7.071400000000001E-10,-5.2329E-09,3.2103999999999997E-07,-3.2168E-07
0.015000000000000001,0.3,7.5961E-09,-6.8128E-10,-6.1782E-09,3.2102E-07,-3.2173999999999997E-07
0.02,0.3,8.6522E-09,-6.4598000000000008E-10,-7.3132E-09,3.2112E-07,-3.2172E-07
0.025,0.3,9.9762E-09,-6.2116000000000006E-10,-8.6278E-09,3.2102E-07,-3.2176E-07
0.030000000000000002,0.3,1.1572999999999999E-08,-5.8850000000000009E-10,-1.02052E-08,3.2112E-07,-3.2173999999999997E-07
0.035,0.3,1.33978E-08,-5.6669E-10,-1.2082399999999999E-08,3.205E-07,-3.2117999999999997E-07
0.04,0.3,1.5591199999999998E-08,-5.3469E-10,-1.4296999999999999E-08,3.211E-07,-3.2176E-07
0.045000000000000005,0.3,1.8141999999999998E-08,-5.0973000000000006E-10,-1.68836E-08,3.203E-07,-3.2106E-07
0.05,0.3,2.1219999999999997E-08,-4.8335E-10,-1.9993999999999997E-08,3.2112E-07,-3.2176E-07
0.055,0.3,2.4816999999999997E-08,-4.5880000000000006E-10,-2.3606799999999997E-08,3.2061999999999997E-07,-3.2176E-07
0.060000000000000005,0.3,2.9056599999999998E-08,-4.3673000000000005E-10,-2.7876799999999998E-08,3.2103999999999997E-07,-3.218E-07
0.065,0.3,3.4160199999999994E-08,-4.1234000000000005E-10,-3.3005799999999994E-08,3.211E-07,-3.2176E-07
0.07,0.3,4.01386E-08,-3.9239000000000003E-10,-3.89934E-08,3.2114E-07,-3.217E-07
0.075,0.3,4.7296599999999995E-08,-3.6829000000000003E-10,-4.6172799999999995E-08,3.2108E-07,-3.2182E-07
0.08,0.3,5.5645599999999992E-08,-3.4738000000000005E-10,-5.4548599999999993E-08,3.2112E-07,-3.2184E-07
0.085,0.3,6.5718199999999991E-08,-3.2377E-10,-6.4603E-08,3.2103999999999997E-07,-3.2178E-07
0.090000000000000011,0.3,7.74064E-08,-3.0381E-10,-7.6318599999999988E-08,3.2106E-07,-3.218E-07
0.095,0.3,9.14854E-08,-2.8238E-10,-9.0407999999999985E-08,3.2108E-07,-3.2176E-07
0.1,0.3,1.07902E-07,-2.6734000000000003E-10,-1.0684159999999999E-07,3.2047999999999997E-07,-3.2172E-07
0.10500000000000001,0.3,1.276E-07,-2.4597000000000003E-10,-1.2654E-07,3.2106E-07,-3.2176E-07
0.11,0.3,1.5066E-07,-2.2910000000000002E-10,-1.4964E-07,3.2032E-07,-3.2106E-07
0.115,0.3,1.782E-07,-2.0537E-10,-1.7713999999999998E-07,3.2103999999999997E-07,-3.2172E-07
0.12000000000000001,0.3,2.1049999999999999E-07,-1.9257000000000001E-10,-2.0958E-07,3.2106E-07,-3.2178E-07
0.125,0.3,2.4928E-07,-1.6936000000000002E-10,-2.4818E-07,3.2108E-07,-3.2176E-07
0.13,0.3,2.946E-07,-1.5706000000000002E-10,-2.933E-07,3.2075999999999997E-07,-3.2178E-07
0.135,0.3,3.4848E-07,-1.3496000000000002E-10,-3.4802E-07,3.2103999999999997E-07,-3.2178E-07
0.14,0.3,4.1182E-07,-1.2084000000000002E-10,-4.1136E-07,3.211E-07,-3.2182E-07
0.14500000000000002,0.3,4.877E-07,-1.0436E-10,-4.8689999999999995E-07,3.2106E-07,-3.2178E-07
0.15,0.3,5.7681999999999995E-07,-8.8950000000000013E-11,-5.7562E-07,3.2102E-07,-3.2176E-07
0.155,0.3,6.8152E-07,-6.972E-11,-6.8084E-07,3.2108E-07,-3.2173999999999997E-07
0.16,0.3,8.0688E-07,-5.2930000000000005E-11,-8.0585999999999994E-07,3.2106E-07,-3.2172E-07
0.165,0.3,9.5376E-07,-3.966E-11,-9.5352E-07,3.2112E-07,-3.2173999999999997E-07
0.17,0.3,1.1297199999999999E-06,-2.3920000000000003E-11,-1.1291E-06,3.2106E-07,-3.2178E-07
0.17500000000000002,0.3,1.3368E-06,-6.9300000000000006E-12,-1.3336E-06,3.211E-07,-3.2178E-07
0.18000000000000002,0.3,1.5824E-06,7.43E-12,-1.5793E-06,3.2103999999999997E-07,-3.2176E-07
0.185,0.3,1.8691000000000002E-06,2.212E-11,-1.8667000000000003E-06,3.2106E-07,-3.2176E-07
0.19,0.3,2.2137E-06,3.77E-11,-2.2103000000000003E-06,3.2106E-07,-3.2176E-07
0.195,0.3,2.6153E-06,5.7520000000000005E-11,-2.6098000000000004E-06,3.2108E-07,-3.2173999999999997E-07
0.2,0.3,3.0935E-06,7.009E-11,-3.0888000000000004E-06,3.2102E-07,-3.2124E-07
0.20500000000000002,0.3,3.6513000000000005E-06,9.1580000000000008E-11,-3.6470000000000004E-06,3.215E-07,-3.2218E-07
0.21000000000000002,0.3,4.3181E-06,1.0545000000000001E-10,-4.3182000000000004E-06,3.2112E-07,-3.2187999999999997E-07
0.215,0.3,5.1003E-06,1.2253000000000002E-10,-5.0970000000000005E-06,3.2103999999999997E-07,-3.2182E-07
0.22,0.3,6.0243000000000009E-06,1.3926000000000002E-10,-6.0217E-06,3.211E-07,-3.2178E-07
0.225,0.3,7.1064000000000011E-06,1.5882E-10,-7.1081000000000006E-06,3.21E-07,-3.218E-07
0.23,0.3,8.3969000000000009E-06,1.7585000000000002E-10,-8.3938000000000008E-06,3.2047999999999997E-07,-3.2178E-07
0.23500000000000001,0.3,9.8995E-06,1.9639E-10,-9.8956E-06,3.2102E-07,-3.2178E-07
0.24000000000000002,0.3,1.1676E-05,2.1316000000000002E-10,-1.16771E-05,3.2106E-07,-3.213E-07
0.24500000000000002,0.3,1.3762E-05,2.3626E-10,-1.3756E-05,3.211E-07,-3.2176E-07
0.25,0.3,1.618E-05,2.5853000000000004E-10,-1.6172E-05,3.2103999999999997E-07,-3.2182E-07
0.255,0.3,1.9076E-05,2.8280000000000005E-10,-1.9064E-05,3.2112E-07,-3.2176E-07
0.26,0.3,2.2404E-05,3.0415000000000003E-10,-2.2384E-05,3.211E-07,-3.2178E-07
0.265,0.3,2.6340000000000002E-05,3.2978E-10,-2.6344E-05,3.2106E-07,-3.2173999999999997E-07
0.27,0.3,3.0926E-05,3.5681000000000003E-10,-3.091E-05,3.2112E-07,-3.2178E-07
0.275,0.3,3.63E-05,3.8502000000000003E-10,-3.6276E-05,3.211E-07,-3.2187999999999997E-07
0.28,0.3,4.2492E-05,4.1621000000000005E-10,-4.2484E-05,3.2052E-07,-3.218E-07
0.28500000000000003,0.3,4.9802E-05,4.4684000000000003E-10,-4.9804E-05,3.2106E-07,-3.217E-07
0.29000000000000004,0.3,5.8214E-05,4.8068E-10,-5.8184000000000004E-05,3.2052E-07,-3.217E-07
0.29500000000000004,0.3,6.8042E-05,5.1253000000000009E-10,-6.8044E-05,3.2106E-07,-3.2178E-07
0.3,0.3,7.9298E-05,5.5112000000000006E-10,-7.9286E-05,3.2108E-07,-3.2173999999999997E-07
0.305,0.3,9.2476E-05,5.873800000000001E-10,-9.2462E-05,3.211E-07,-3.2173999999999997E-07
0.31,0.3,0.000107562,6.3296000000000006E-10,-0.00010751,3.2106E-07,-3.217E-07
0.315,0.3,0.0001253,6.7631E-10,-0.00012504,3.211E-07,-3.2182E-07
0.32,0.3,0.00014494,7.2197E-10,-0.00014474,3.2114E-07,-3.2178E-07
0.325,0.3,0.00016812,7.7337000000000009E-10,-0.00016778000000000002,3.2108E-07,-3.2178E-07
0.33,0.3,0.00019396000000000002,8.2650000000000009E-10,-0.00019358,3.2116E-07,-3.2178E-07
0.335,0.3,0.00022384000000000003,8.8386000000000009E-10,-0.00022370000000000002,3.211E-07,-3.218E-07
0.34,0.3,0.00025734,9.4038E-10,-0.00025726000000000004,3.2108E-07,-3.2176E-07
0.34500000000000003,0.3,0.00029604,1.00178E-09,-0.00029580000000000003,3.2103999999999997E-07,-3.2182E-07
0.35000000000000003,0.3,0.00033918,1.0662800000000002E-09,-0.00033892000000000004,3.2106E-07,-3.218E-07
0.35500000000000004,0.3,0.00038846000000000003,1.1376E-09,-0.00038786,3.211E-07,-3.217E-07
0.36000000000000004,0.3,0.0004425,1.2078E-09,-0.00044222,3.2112E-07,-3.2182E-07
0.365,0.3,0.00050402,1.2855E-09,-0.00050372,3.2106E-07,-3.2184E-07
0.37,0.3,0.00057208,1.3659E-09,-0.00057174,3.2103999999999997E-07,-3.2178E-07
0.375,0.3,0.0006487,1.4517E-09,-0.00064854000000000008,3.2042E-07,-3.2114E-07
0.38,0.3,0.00073214,1.5366E-09,-0.00073172,3.2114E-07,-3.2173999999999997E-07
0.385,0.3,0.00082578,1.6327E-09,-0.00082582,3.2108E-07,-3.2184E-07
0.39,0.3,0.00092688,1.7245E-09,-0.00092692,3.2102E-07,-3.2176E-07
0.395,0.3,0.00104004,1.829E-09,-0.00103964,3.2056E-07,-3.2173999999999997E-07
0.4,0.3,0.001161,1.9256E-09,-0.0011604200000000001,3.2116E-07,-3.2184E-07
0.405,0.3,0.0012954,2.0377E-09,-0.0012948,3.2112E-07,-3.2182E-07
0.41000000000000003,0.3,0.0014388,2.1467E-09,-0.0014378,3.2114E-07,-3.2186E-07
0.41500000000000004,0.3,0.0015966,2.2622E-09,-0.0015954,3.2117999999999997E-07,-3.2182E-07
0.42000000000000004,0.3,0.0017632000000000001,2.376E-09,-0.001763,3.2117999999999997E-07,-3.2184E-07
0.42500000000000004,0.3,0.0019450000000000001,2.4979E-09,-0.0019444,3.2061999999999997E-07,-3.2194E-07
0.43,0.3,0.0021364,2.6184E-09,-0.0021364,3.2112E-07,-3.2192E-07
0.435,0.3,0.002346,2.7436E-09,-0.0023446,3.2116E-07,-3.2192E-07
0.44,0.3,0.0025638,2.8741E-09,-0.002562,3.2122E-07,-3.2187999999999997E-07
0.445,0.3,0.002798,3.0056E-09,-0.0027974000000000002,3.2068E-07,-3.2192E-07
0.45,0.3,0.0030432000000000002,3.1438E-09,-0.0030434,3.213E-07,-3.2198E-07
0.455,0.3,0.0033054,3.2759E-09,-0.0033052,3.2122E-07,-3.218E-07
0.46,0.3,0.0035778,3.4134E-09,-0.0035772,3.2134E-07,-3.2194E-07
0.465,0.3,0.003868,3.5618E-09,-0.0038682,3.2136E-07,-3.2198E-07
0.47000000000000003,0.3,0.0041676000000000005,3.7074E-09,-0.0041662,3.2124E-07,-3.2198E-07
0.47500000000000003,0.3,0.0044856,3.8547E-09,-0.0044858,3.2136E-07,-3.22E-07
0.48000000000000004,0.3,0.0048112,4.0074E-09,-0.0048118,3.214E-07,-3.22E-07
0.48500000000000004,0.3,0.005157,4.1624E-09,-0.0051568000000000004,3.213E-07,-3.2206E-07
0.49000000000000005,0.3,0.0055112,4.3165E-09,-0.0055130000000000005,3.2089999999999997E-07,-3.2194E-07
0.49500000000000005,0.3,0.0058864,4.4831E-09,-0.005884,3.2148E-07,-3.2206E-07
0.5,0.3,0.0062658,4.6448E-09,-0.0062652,3.215E-07,-3.2212E-07
0.505,0.3,0.0066676,4.8096E-09,-0.0066648,3.2142E-07,-3.2212E-07
0.51,0.3,0.0070718000000000005,4.9852E-09,-0.0070708,3.2152E-07,-3.2212E-07
0.515,0.3,0.0074968000000000005,5.1632E-09,-0.0074948,3.2094E-07,-3.2162E-07
0.52,0.3,0.0079282,5.3332E-09,-0.0079284,3.2158E-07,-3.2215999999999997E-07
0.525,0.3,0.008378,5.5276E-09,-0.0083782,3.2102E-07,-3.2224E-07
0.53,0.3,0.008833,5.7026E-09,-0.0088322,3.2158E-07,-3.2234E-07
0.535,0.3,0.009307000000000001,5.9078E-09,-0.0093084,3.2162E-07,-3.22E-07
0.54,0.3,0.0097844,6.0905E-09,-0.0097844,3.2172E-07,-3.2236E-07
0.545,0.3,0.0102822,6.2973E-09,-0.0102812,3.2178E-07,-3.2229999999999997E-07
0.55,0.3,0.010782400000000001,6.4878E-09,-0.0107808,3.217E-07,-3.2238E-07
0.555,0.3,0.0113026,6.7069E-09,-0.011300600000000001,3.217E-07,-3.2243999999999997E-07
0.56,0.3,0.011846,6.9144E-09,-0.011826000000000001,3.212E-07,-3.2178E-07
0.56500000000000006,0.3,0.012386000000000001,7.1328E-09,-0.012366,3.2172E-07,-3.2246E-07
0.57000000000000006,0.3,0.012926000000000002,7.3494E-09,-0.012904,3.2184E-07,-3.2242E-07
0.57500000000000007,0.3,0.01348,7.5827E-09,-0.013464000000000002,3.2176E-07,-3.2246E-07
0.58000000000000007,0.3,0.014038000000000002,7.8084E-09,-0.014022000000000002,3.2182E-07,-3.2252E-07
0.58500000000000008,0.3,0.014612000000000002,8.0615E-09,-0.014592,3.2196E-07,-3.2248E-07
0.59000000000000008,0.3,0.015188000000000002,8.3058E-09,-0.015166,3.2198E-07,-3.2257999999999997E-07
0.595,0.3,0.015776000000000002,8.5538E-09,-0.01576,3.2194E-07,-3.2266E-07
0.6,0.3,0.016370000000000003,8.8021E-09,-0.01635,3.2196E-07,-3.2264E-07
0.605,0.3,0.016966000000000002,9.0685E-09,-0.01695,3.2201999999999997E-07,-3.2266E-07
0.61,0.3,0.017572,9.3359E-09,-0.017554,3.2208E-07,-3.2266E-07
0.615,0.3,0.01819,9.6171E-09,-0.018170000000000002,3.2214E-07,-3.2276E-07
0.62,0.3,0.018806000000000003,9.9056E-09,-0.01878,3.2218E-07,-3.2276E-07
0.625,0.3,0.019426000000000002,1.01943E-08,-0.01941,3.2224E-07,-3.2282E-07
0.63,0.3,0.020052,1.05036E-08,-0.020034000000000003,3.2226E-07,-3.2292E-07
0.635,0.3,0.020692000000000002,1.08062E-08,-0.02067,3.2226E-07,-3.229E-07
0.64,0.3,0.021320000000000002,1.11332E-08,-0.021300000000000003,3.2228E-07,-3.229E-07
0.645,0.3,0.021962000000000002,1.14623E-08,-0.021942000000000003,3.2236E-07,-3.2292E-07
0.65,0.3,0.022598000000000004,1.1835599999999999E-08,-0.022580000000000003,3.2234E-07,-3.2296E-07
0.655,0.3,0.023248,1.2181799999999999E-08,-0.02323,3.2234E-07,-3.2302E-07
0.66,0.3,0.023886,1.25428E-08,-0.023870000000000002,3.2248E-07,-3.2296E-07
0.665,0.3,0.024536000000000002,1.2921599999999998E-08,-0.024522000000000002,3.2254E-07,-3.231E-07
0.67,0.3,0.025176,1.33066E-08,-0.025160000000000002,3.2224E-07,-3.2252E-07
0.675,0.3,0.025826,1.3709999999999998E-08,-0.025810000000000003,3.2243999999999997E-07,-3.2308E-07
0.68,0.3,0.026466000000000003,1.4117799999999999E-08,-0.02645,3.2256E-07,-3.2308E-07
0.685,0.3,0.027116,1.45548E-08,-0.027098000000000004,3.2252E-07,-3.2313999999999997E-07
0.69000000000000006,0.3,0.027752000000000002,1.5001999999999998E-08,-0.027732000000000003,3.226E-07,-3.2324E-07
0.69500000000000006,0.3,0.028392000000000004,1.5461399999999997E-08,-0.028362000000000002,3.2256E-07,-3.2318E-07
0.70000000000000007,0.3,0.029028,1.59402E-08,-0.029014,3.2266E-07,-3.2318E-07
0.70500000000000007,0.3,0.029660000000000002,1.6442199999999997E-08,-0.029640000000000003,3.2266E-07,-3.2326E-07
0.71000000000000008,0.3,0.030292000000000003,1.6953399999999998E-08,-0.030274000000000002,3.2271999999999997E-07,-3.2296E-07
0.71500000000000008,0.3,0.030910000000000003,1.7487399999999998E-08,-0.030894,3.2271999999999997E-07,-3.233E-07
0.72000000000000008,0.3,0.031538000000000004,1.8053399999999998E-08,-0.031522,3.2282E-07,-3.2338E-07
0.72500000000000009,0.3,0.032148,1.8630399999999997E-08,-0.032132,3.2282E-07,-3.2341999999999997E-07
0.73,0.3,0.032764,1.92364E-08,-0.032748000000000006,3.2278E-07,-3.2336E-07
0.735,0.3,0.033364000000000005,1.9855399999999997E-08,-0.033344000000000006,3.224E-07,-3.2348E-07
0.74,0.3,0.033968000000000005,2.0505199999999998E-08,-0.033942,3.2292E-07,-3.2346E-07
0.745,0.3,0.034552000000000006,2.11824E-08,-0.034530000000000005,3.2228E-07,-3.2344E-07
0.75,0.3,0.035142,2.19048E-08,-0.035124,3.2234E-07,-3.2296E-07
0.755,0.3,0.035714,2.2628199999999997E-08,-0.035694000000000004,3.2302E-07,-3.2352E-07
0.76,0.3,0.036294,2.3399799999999997E-08,-0.036268,3.224E-07,-3.2326E-07
0.765,0.3,0.036848000000000006,2.4181199999999998E-08,-0.036828000000000007,3.2306E-07,-3.2355999999999997E-07
0.77,0.3,0.037406,2.5024999999999997E-08,-0.037386,3.2308E-07,-3.2352E-07
0.775,0.3,0.037942000000000004,2.5884599999999998E-08,-0.037924000000000006,3.2318E-07,-3.2374E-07
0.78,0.3,0.038484000000000004,2.6792199999999997E-08,-0.038470000000000004,3.231E-07,-3.2372E-07
0.785,0.3,0.039012000000000005,2.7719599999999998E-08,-0.038994,3.2313999999999997E-07,-3.2378E-07
0.79,0.3,0.039540000000000006,2.8710599999999996E-08,-0.039520000000000007,3.2312E-07,-3.2374E-07
0.795,0.3,0.040046000000000005,2.9726399999999996E-08,-0.040024000000000004,3.225E-07,-3.2299999999999997E-07
0.8,0.3,0.040554000000000007,3.0806E-08,-0.040532000000000006,3.2322E-07,-3.2382E-07
0.805,0.3,0.041042,3.1912599999999994E-08,-0.041026000000000007,3.227E-07,-3.2324E-07
0.81,0.3,0.041530000000000004,3.3060399999999995E-08,-0.041504000000000006,3.233E-07,-3.2384E-07
0.81500000000000006,0.3,0.042008000000000004,3.4290799999999995E-08,-0.041986,3.2276E-07,-3.233E-07
0.82000000000000006,0.3,0.042472,3.5545E-08,-0.042452000000000004,3.2338E-07,-3.2394E-07
0.82500000000000007,0.3,0.04293,3.68652E-08,-0.042916,3.2341999999999997E-07,-3.2384E-07
0.83000000000000007,0.3,0.043382000000000004,3.82404E-08,-0.043362000000000005,3.2341999999999997E-07,-3.239E-07
0.83500000000000008,0.3,0.043828000000000006,3.9689999999999993E-08,-0.043808000000000007,3.234E-07,-3.2402E-07
0.84000000000000008,0.3,0.044256000000000004,4.1181599999999996E-08,-0.04424,3.2341999999999997E-07,-3.2396E-07
0.84500000000000008,0.3,0.044688000000000005,4.2773599999999995E-08,-0.044666000000000004,3.2348E-07,-3.24E-07
0.85000000000000009,0.3,0.0451,4.44078E-08,-0.045086,3.2344E-07,-3.2408E-07
0.85500000000000009,0.3,0.045514000000000006,4.6120399999999994E-08,-0.04549,3.2341999999999997E-07,-3.2404E-07
0.86,0.3,0.045910000000000006,4.7905199999999995E-08,-0.045890000000000007,3.2355999999999997E-07,-3.2402E-07
0.865,0.3,0.046302,4.9782599999999995E-08,-0.046286,3.2352E-07,-3.2404E-07
0.87,0.3,0.046688000000000007,5.1733E-08,-0.046666000000000006,3.2348E-07,-3.241E-07
0.875,0.3,0.047064,5.3802599999999994E-08,-0.047044,3.236E-07,-3.2416E-07
0.88,0.3,0.047428000000000005,5.5928799999999993E-08,-0.047412,3.2358E-07,-3.2422E-07
0.885,0.3,0.047794,5.8216399999999992E-08,-0.047772,3.2362E-07,-3.2412E-07
0.89,0.3,0.048142000000000004,6.0551799999999988E-08,-0.048124000000000007,3.2364E-07,-3.242E-07
0.895,0.3,0.048488,6.3016E-08,-0.048472,3.2355999999999997E-07,-3.2414E-07
0.9,0.3,0.048822000000000004,6.55656E-08,-0.048802000000000005,3.236E-07,-3.2418E-07
-0.3,0.45,9.3751E-09,-1.0058E-08,7.9255E-10,3.2156E-07,-3.2162E-07
-0.29500000000000004,0.45,9.218E-09,-9.7172E-09,7.6155E-10,3.2159999999999997E-07,-3.218E-07
-0.29000000000000004,0.45,9.0778E-09,-9.4225E-09,7.3217000000000007E-10,3.2158E-07,-3.2192E-07
-0.28500000000000003,0.45,8.9561E-09,-9.1261E-09,7.0146000000000008E-10,3.214E-07,-3.2201999999999997E-07
-0.28,0.45,8.8272E-09,-8.8457E-09,6.7291E-10,3.2145999999999997E-07,-3.2212E-07
-0.275,0.45,8.6891E-09,-8.5836E-09,6.4367E-10,3.2148E-07,-3.2218E-07
-0.27,0.45,8.5797E-09,-8.3236E-09,6.1784E-10,3.2144E-07,-3.2229999999999997E-07
-0.265,0.45,8.4353E-09,-8.089E-09,5.9068000000000007E-10,3.2142E-07,-3.2234E-07
-0.26,0.45,8.2774E-09,-7.8564E-09,5.6432000000000007E-10,3.2145999999999997E-07,-3.2242E-07
-0.255,0.45,8.21E-09,-7.6426E-09,5.3996000000000007E-10,3.214E-07,-3.2246E-07
-0.25,0.45,8.081E-09,-7.4316E-09,5.1498E-10,3.2134E-07,-3.2248E-07
-0.24500000000000002,0.45,7.9782E-09,-7.2353E-09,4.9122000000000009E-10,3.2124E-07,-3.226E-07
-0.24000000000000002,0.45,7.8322E-09,-7.0429E-09,4.6971E-10,3.2136E-07,-3.2271999999999997E-07
-0.23500000000000001,0.45,7.7286E-09,-6.8562E-09,4.4751000000000004E-10,3.2131999999999997E-07,-3.2271999999999997E-07
-0.23,0.45,7.6223E-09,-6.6765E-09,4.2527E-10,3.2131999999999997E-07,-3.226E-07
-0.225,0.45,7.5183E-09,-6.507E-09,4.0572E-10,3.213E-07,-3.227E-07
-0.22,0.45,7.3701E-09,-6.3377E-09,3.84E-10,3.2124E-07,-3.2264E-07
-0.215,0.45,7.268E-09,-6.1807E-09,3.6452000000000005E-10,3.2122E-07,-3.227E-07
-0.21000000000000002,0.45,7.1732E-09,-6.0233E-09,3.4502E-10,3.2126E-07,-3.226E-07
-0.20500000000000002,0.45,7.0648E-09,-5.8758E-09,3.2587000000000003E-10,3.2128E-07,-3.2266E-07
-0.2,0.45,6.9645E-09,-5.7294E-09,3.0623000000000004E-10,3.2117999999999997E-07,-3.2264E-07
-0.195,0.45,6.8461E-09,-5.5938E-09,2.8826000000000005E-10,3.2128E-07,-3.227E-07
-0.19,0.45,6.7483E-09,-5.4535E-09,2.7034E-10,3.2128E-07,-3.2284E-07
-0.185,0.45,6.6326E-09,-5.3214E-09,2.5271E-10,3.2066E-07,-3.229E-07
-0.18000000000000002,0.45,6.5197E-09,-5.1914E-09,2.3719000000000004E-10,3.213E-07,-3.2282E-07
-0.17500000000000002,0.45,6.446E-09,-5.0656E-09,2.2045000000000003E-10,3.2122E-07,-3.228E-07
-0.17,0.45,6.3423E-09,-4.9439E-09,2.044E-10,3.2122E-07,-3.2285999999999997E-07
-0.165,0.45,6.2428E-09,-4.8202E-09,1.8816000000000003E-10,3.2124E-07,-3.2266E-07
-0.16,0.45,6.1339E-09,-4.7058E-09,1.7252000000000002E-10,3.2122E-07,-3.2282E-07
-0.155,0.45,6.0474E-09,-4.5907E-09,1.5767E-10,3.212E-07,-3.2278E-07
-0.15,0.45,5.9541E-09,-4.4809E-09,1.4187000000000002E-10,3.2117999999999997E-07,-3.2276E-07
-0.14500000000000002,0.45,5.8613E-09,-4.3699E-09,1.2489000000000002E-10,3.2116E-07,-3.2284E-07
-0.14,0.45,5.8018E-09,-4.2619E-09,1.0900000000000001E-10,3.212E-07,-3.2282E-07
-0.135,0.45,5.7077E-09,-4.1574E-09,9.0830000000000011E-11,3.2116E-07,-3.2271999999999997E-07
-0.13,0.45,5.6144E-09,-4.0564E-09,7.124E-11,3.212E-07,-3.2288E-07
-0.125,0.45,5.539E-09,-3.9576E-09,5.4290000000000007E-11,3.2116E-07,-3.2278E-07
-0.12000000000000001,0.45,5.4614E-09,-3.8614E-09,3.383E-11,3.2114E-07,-3.2282E-07
-0.115,0.45,5.3905E-09,-3.7693E-09,1.1240000000000001E-11,3.2114E-07,-3.2282E-07
-0.11,0.45,5.3303E-09,-3.6721E-09,-1.13E-11,3.2117999999999997E-07,-3.2282E-07
-0.10500000000000001,0.45,5.2557E-09,-3.583E-09,-3.7740000000000004E-11,3.2114E-07,-3.228E-07
-0.1,0.45,5.1758E-09,-3.4921E-09,-6.6820000000000008E-11,3.2117999999999997E-07,-3.2278E-07
-0.095,0.45,5.1558E-09,-3.4033E-09,-9.8000000000000011E-11,3.2122E-07,-3.2282E-07
-0.090000000000000011,0.45,5.1026E-09,-3.3179E-09,-1.3423E-10,3.207E-07,-3.2236E-07
-0.085,0.45,5.0595E-09,-3.2344E-09,-1.7473000000000003E-10,3.2068E-07,-3.228E-07
-0.08,0.45,5.0298E-09,-3.1508E-09,-2.2205000000000002E-10,3.2126E-07,-3.2285999999999997E-07
-0.075,0.45,5.0004E-09,-3.068E-09,-2.7645E-10,3.2131999999999997E-07,-3.2288E-07
-0.07,0.45,4.9887E-09,-2.9892E-09,-3.3870000000000003E-10,3.2075999999999997E-07,-3.2294E-07
-0.065,0.45,4.9777E-09,-2.9137E-09,-4.0917000000000005E-10,3.2128E-07,-3.2285999999999997E-07
-0.060000000000000005,0.45,5.004E-09,-2.8367E-09,-4.9561E-10,3.2116E-07,-3.2222E-07
-0.055,0.45,5.014E-09,-2.7644E-09,-5.9318E-10,3.211E-07,-3.2274E-07
-0.05,0.45,5.0142E-09,-2.6902E-09,-7.0881000000000006E-10,3.2047999999999997E-07,-3.2218E-07
-0.045000000000000005,0.45,5.1167E-09,-2.6211E-09,-8.4296000000000005E-10,3.2058E-07,-3.224E-07
-0.04,0.45,5.202E-09,-2.5471E-09,-1.00506E-09,3.2124E-07,-3.2282E-07
-0.035,0.45,5.3183E-09,-2.4798E-09,-1.1875E-09,3.2116E-07,-3.2284E-07
-0.030000000000000002,0.45,5.4743E-09,-2.4105E-09,-1.4091E-09,3.212E-07,-3.2271999999999997E-07
-0.025,0.45,5.651E-09,-2.3446E-09,-1.667E-09,3.211E-07,-3.2274E-07
-0.02,0.45,5.9499E-09,-2.2799E-09,-1.9709E-09,3.212E-07,-3.228E-07
-0.015000000000000001,0.45,6.2268E-09,-2.2164E-09,-2.3301E-09,3.206E-07,-3.2282E-07
-0.01,0.45,6.5677E-09,-2.1544E-09,-2.7585E-09,3.2112E-07,-3.2284E-07
-0.005,0.45,7.0187E-09,-2.0936E-09,-3.2567E-09,3.2108E-07,-3.2271999999999997E-07
0,0.45,7.5444E-09,-2.035E-09,-3.8552E-09,3.211E-07,-3.2276E-07
0.005,0.45,8.207E-09,-1.9749E-09,-4.5484E-09,3.2112E-07,-3.2282E-07
0.01,0.45,8.9724E-09,-1.9149E-09,-5.3795E-09,3.211E-07,-3.2284E-07
0.015000000000000001,0.45,9.8895E-09,-1.859E-09,-6.3531E-09,3.2108E-07,-3.2288E-07
0.02,0.45,1.10308E-08,-1.8021E-09,-7.5145E-09,3.2124E-07,-3.2285999999999997E-07
0.025,0.45,1.23276E-08,-1.7481E-09,-8.875E-09,3.212E-07,-3.2276E-07
0.030000000000000002,0.45,1.3863599999999999E-08,-1.6964E-09,-1.0499E-08,3.2122E-07,-3.2288E-07
0.035,0.45,1.57518E-08,-1.6424E-09,-1.24248E-08,3.212E-07,-3.228E-07
0.04,0.45,1.7991399999999997E-08,-1.5925E-09,-1.47108E-08,3.2117999999999997E-07,-3.2282E-07
0.045000000000000005,0.45,2.05948E-08,-1.5389E-09,-1.7372599999999998E-08,3.2122E-07,-3.2278E-07
0.05,0.45,2.3733399999999997E-08,-1.4927E-09,-2.05524E-08,3.2044E-07,-3.2218E-07
0.055,0.45,2.7426799999999997E-08,-1.4417E-09,-2.4271199999999997E-08,3.2116E-07,-3.2276E-07
0.060000000000000005,0.45,3.1789999999999995E-08,-1.3971E-09,-2.8664399999999996E-08,3.211E-07,-3.2274E-07
0.065,0.45,3.6945199999999995E-08,-1.3488E-09,-3.39486E-08,3.211E-07,-3.2226E-07
0.07,0.45,4.3089599999999996E-08,-1.3022E-09,-4.01172E-08,3.2117999999999997E-07,-3.2271999999999997E-07
0.075,0.45,5.0439399999999994E-08,-1.2573E-09,-4.74784E-08,3.2086E-07,-3.2278E-07
0.08,0.45,5.8987799999999994E-08,-1.2122E-09,-5.6125599999999994E-08,3.2064E-07,-3.2222E-07
0.085,0.45,6.93096E-08,-1.1708E-09,-6.64474E-08,3.2178E-07,-3.2324E-07
0.090000000000000011,0.45,8.1351E-08,-1.1274E-09,-7.85218E-08,3.2164E-07,-3.2338E-07
0.095,0.45,9.5812599999999991E-08,-1.0865E-09,-9.302E-08,3.2182E-07,-3.234E-07
0.1,0.45,1.1268679999999998E-07,-1.0455E-09,-1.0992499999999999E-07,3.2164E-07,-3.234E-07
0.10500000000000001,0.45,1.3306E-07,-1.0072E-09,-1.3016E-07,3.2173999999999997E-07,-3.2341999999999997E-07
0.11,0.45,1.5676E-07,-9.6443000000000015E-10,-1.5398E-07,3.217E-07,-3.233E-07
0.115,0.45,1.8523999999999998E-07,-9.2639E-10,-1.8252E-07,3.217E-07,-3.2338E-07
0.12000000000000001,0.45,2.1848E-07,-8.8671E-10,-2.1556E-07,3.217E-07,-3.2334E-07
0.125,0.45,2.5844E-07,-8.4937E-10,-2.5556E-07,3.2176E-07,-3.2324E-07
0.13,0.45,3.0486E-07,-8.1256E-10,-3.0226E-07,3.2178E-07,-3.2332E-07
0.135,0.45,3.6072E-07,-7.7138000000000008E-10,-3.5832E-07,3.218E-07,-3.2324E-07
0.14,0.45,4.2631999999999997E-07,-7.3854E-10,-4.2337999999999997E-07,3.2166E-07,-3.2341999999999997E-07
0.14500000000000002,0.45,5.0428E-07,-7.0341000000000006E-10,-5.0188E-07,3.2176E-07,-3.2332E-07
0.15,0.45,5.9582E-07,-6.7116000000000009E-10,-5.9394E-07,3.2166E-07,-3.2327999999999997E-07
0.155,0.45,7.0351999999999994E-07,-6.346400000000001E-10,-7.0155999999999994E-07,3.2173999999999997E-07,-3.2334E-07
0.16,0.45,8.3293999999999994E-07,-6.0128E-10,-8.3072E-07,3.2098E-07,-3.2266E-07
0.165,0.45,9.8387999999999989E-07,-5.6876E-10,-9.8166E-07,3.2112E-07,-3.2276E-07
0.17,0.45,1.1682E-06,-5.3891000000000005E-10,-1.16334E-06,3.21E-07,-3.2222E-07
0.17500000000000002,0.45,1.3803000000000002E-06,-5.024E-10,-1.3752000000000002E-06,3.2114E-07,-3.2285999999999997E-07
0.18000000000000002,0.45,1.6320000000000002E-06,-4.7062000000000008E-10,-1.6276E-06,3.206E-07,-3.2276E-07
0.185,0.45,1.9285000000000003E-06,-4.3649E-10,-1.924E-06,3.2098E-07,-3.2271999999999997E-07
0.19,0.45,2.2827E-06,-4.0671000000000004E-10,-2.2764000000000003E-06,3.2112E-07,-3.2271999999999997E-07
0.195,0.45,2.6943E-06,-3.7211E-10,-2.6919000000000004E-06,3.211E-07,-3.2278E-07
0.2,0.45,3.1907000000000002E-06,-3.4324000000000005E-10,-3.1856000000000005E-06,3.2148E-07,-3.2302E-07
0.20500000000000002,0.45,3.7645000000000005E-06,-3.1E-10,-3.7625000000000004E-06,3.2154E-07,-3.2306E-07
0.21000000000000002,0.45,4.4550000000000005E-06,-2.786E-10,-4.4528000000000008E-06,3.2114E-07,-3.2276E-07
0.215,0.45,5.2541E-06,-2.4759E-10,-5.2531000000000006E-06,3.211E-07,-3.2274E-07
0.22,0.45,6.2181000000000007E-06,-2.1580000000000002E-10,-6.2122000000000004E-06,3.211E-07,-3.2276E-07
0.225,0.45,7.3287000000000007E-06,-1.8412E-10,-7.3240000000000005E-06,3.2106E-07,-3.2271999999999997E-07
0.23,0.45,8.6634E-06,-1.5215E-10,-8.6618E-06,3.2114E-07,-3.2271999999999997E-07
0.23500000000000001,0.45,1.0202700000000001E-05,-1.1735000000000001E-10,-1.01976E-05,3.211E-07,-3.2266E-07
0.24000000000000002,0.45,1.2056000000000001E-05,-8.5650000000000009E-11,-1.2042000000000001E-05,3.2106E-07,-3.2222E-07
0.24500000000000002,0.45,1.4178E-05,-5.4800000000000007E-11,-1.417E-05,3.2103999999999997E-07,-3.2271999999999997E-07
0.25,0.45,1.6696E-05,-1.7670000000000002E-11,-1.6686E-05,3.2108E-07,-3.2274E-07
0.255,0.45,1.9644E-05,1.675E-11,-1.9652E-05,3.2112E-07,-3.2268E-07
0.26,0.45,2.308E-05,5.2970000000000006E-11,-2.3072000000000002E-05,3.2103999999999997E-07,-3.2276E-07
0.265,0.45,2.7162000000000002E-05,8.6010000000000009E-11,-2.7158E-05,3.2106E-07,-3.227E-07
0.27,0.45,3.1864E-05,1.2683000000000002E-10,-3.1864E-05,3.211E-07,-3.2246E-07
0.275,0.45,3.7404E-05,1.5984000000000001E-10,-3.7398000000000003E-05,3.211E-07,-3.227E-07
0.28,0.45,4.3826000000000004E-05,2.0663000000000001E-10,-4.3772E-05,3.2066E-07,-3.2257999999999997E-07
0.28500000000000003,0.45,5.1316E-05,2.4239000000000003E-10,-5.1304E-05,3.2058E-07,-3.2215999999999997E-07
0.29000000000000004,0.45,5.9924000000000004E-05,2.8928E-10,-5.9932E-05,3.2112E-07,-3.2257999999999997E-07
0.29500000000000004,0.45,7.0108E-05,3.2966000000000003E-10,-7.0102E-05,3.2106E-07,-3.2212E-07
0.3,0.45,8.1706000000000007E-05,3.7987000000000005E-10,-8.1682000000000008E-05,3.2112E-07,-3.227E-07
0.305,0.45,9.5276E-05,4.2200000000000004E-10,-9.5256E-05,3.211E-07,-3.2266E-07
0.31,0.45,0.000110702,4.7551E-10,-0.000110684,3.211E-07,-3.2266E-07
0.315,0.45,0.00012914,5.2036000000000005E-10,-0.0001287,3.211E-07,-3.2229999999999997E-07
0.32,0.45,0.00014936000000000002,5.7889000000000006E-10,-0.00014896,3.2047999999999997E-07,-3.2268E-07
0.325,0.45,0.00017286000000000002,6.3082E-10,-0.00017278,3.2106E-07,-3.2271999999999997E-07
0.33,0.45,0.0001996,6.9297E-10,-0.00019940000000000002,3.211E-07,-3.2271999999999997E-07
0.335,0.45,0.00023060000000000002,7.5257E-10,-0.00023028000000000003,3.2033999999999997E-07,-3.2222E-07
0.34,0.45,0.00026478,8.1927000000000011E-10,-0.00026482000000000003,3.2122E-07,-3.2274E-07
0.34500000000000003,0.45,0.00030432,8.8255E-10,-0.00030434,3.2116E-07,-3.2274E-07
0.35000000000000003,0.45,0.00034858,9.5334000000000014E-10,-0.00034854000000000005,3.2116E-07,-3.2278E-07
0.35500000000000004,0.45,0.00039916,1.02579E-09,-0.00039884,3.2106E-07,-3.2278E-07
0.36000000000000004,0.45,0.00045494000000000003,1.1004E-09,-0.00045472000000000004,3.2075999999999997E-07,-3.222E-07
0.365,0.45,0.0005182,1.1831E-09,-0.00051772,3.2078E-07,-3.2284E-07
0.37,0.45,0.00058756,1.2612E-09,-0.00058738000000000009,3.2112E-07,-3.2271999999999997E-07
0.375,0.45,0.00066658000000000006,1.3525E-09,-0.00066548000000000009,3.2122E-07,-3.2284E-07
0.38,0.45,0.00075148,1.4383E-09,-0.00075144,3.2122E-07,-3.2278E-07
0.385,0.45,0.00084732,1.5343E-09,-0.00084714,3.2117999999999997E-07,-3.2224E-07
0.39,0.45,0.0009512600000000001,1.6256E-09,-0.000951,3.2122E-07,-3.2284E-07
0.395,0.45,0.0010667,1.7362E-09,-0.00106668,3.2116E-07,-3.2284E-07
0.4,0.45,0.0011918,1.829E-09,-0.0011906,3.2116E-07,-3.2278E-07
0.405,0.45,0.0013286,1.9427E-09,-0.001328,3.2122E-07,-3.228E-07
0.41000000000000003,0.45,0.001475,2.0473E-09,-0.0014748,3.206E-07,-3.2215999999999997E-07
0.41500000000000004,0.45,0.0016366,2.1664E-09,-0.0016348,3.2117999999999997E-07,-3.2282E-07
0.42000000000000004,0.45,0.0018068000000000001,2.2745E-09,-0.0018056,3.2136E-07,-3.2294E-07
0.42500000000000004,0.45,0.0019932,2.3971E-09,-0.0019924,3.211E-07,-3.2288E-07
0.43,0.45,0.0021892,2.5149E-09,-0.00219,3.2128E-07,-3.2292E-07
0.435,0.45,0.0024024,2.6434E-09,-0.0024016000000000003,3.2134E-07,-3.2282E-07
0.44,0.45,0.0026244000000000003,2.7618E-09,-0.002625,3.2136E-07,-3.2288E-07
0.445,0.45,0.0028654,2.8996E-09,-0.0028644,3.2128E-07,-3.2288E-07
0.45,0.45,0.0031136000000000002,3.0229E-09,-0.0031148,3.2136E-07,-3.2296E-07
0.455,0.45,0.0033834,3.1616E-09,-0.0033836,3.214E-07,-3.2299999999999997E-07
0.46,0.45,0.0036618,3.2885E-09,-0.0036606,3.2134E-07,-3.229E-07
0.465,0.45,0.0039576,3.4309E-09,-0.0039570000000000004,3.214E-07,-3.2299999999999997E-07
0.47000000000000003,0.45,0.0042636,3.5666E-09,-0.0042626,3.2145999999999997E-07,-3.2298E-07
0.47500000000000003,0.45,0.0045888000000000005,3.7148E-09,-0.0045868,3.2152E-07,-3.2302E-07
0.48000000000000004,0.45,0.0049232,3.8588E-09,-0.0049228,3.213E-07,-3.229E-07
0.48500000000000004,0.45,0.0052764000000000005,4.0065E-09,-0.0052742,3.2156E-07,-3.2299999999999997E-07
0.49000000000000005,0.45,0.0056374,4.1571E-09,-0.0056364,3.2098E-07,-3.2313999999999997E-07
0.49500000000000005,0.45,0.0060178,4.308E-09,-0.0060172,3.2159999999999997E-07,-3.2313999999999997E-07
0.5,0.45,0.0064076,4.4684E-09,-0.0064080000000000005,3.2168E-07,-3.2318E-07
0.505,0.45,0.0068158,4.6232E-09,-0.006817,3.2098E-07,-3.2264E-07
0.51,0.45,0.0072298,4.7894E-09,-0.0072308,3.217E-07,-3.2324E-07
0.515,0.45,0.0076666,4.9519E-09,-0.0076684000000000006,3.2117999999999997E-07,-3.227E-07
0.52,0.45,0.008106,5.1257E-09,-0.0081082,3.218E-07,-3.2338E-07
0.525,0.45,0.0085664,5.2908E-09,-0.008567,3.2184E-07,-3.2336E-07
0.53,0.45,0.0090322,5.4722E-09,-0.0090318,3.219E-07,-3.2336E-07
0.535,0.45,0.009518,5.6513E-09,-0.0095178,3.2187999999999997E-07,-3.235E-07
0.54,0.45,0.0100074,5.84E-09,-0.0100074,3.2187999999999997E-07,-3.2348E-07
0.545,0.45,0.0105178,6.0122E-09,-0.0105164,3.2206E-07,-3.235E-07
0.55,0.45,0.01103,6.2065E-09,-0.011029800000000001,3.2201999999999997E-07,-3.2355999999999997E-07
0.555,0.45,0.011590000000000001,6.4027E-09,-0.0115602,3.2218E-07,-3.236E-07
0.56,0.45,0.012124000000000001,6.5951E-09,-0.012102000000000002,3.2215999999999997E-07,-3.2372E-07
0.56500000000000006,0.45,0.012674000000000001,6.7912E-09,-0.012658,3.2226E-07,-3.2362E-07
0.57000000000000006,0.45,0.013234000000000001,6.9957E-09,-0.013212000000000002,3.2229999999999997E-07,-3.238E-07
0.57500000000000007,0.45,0.013808,7.2045E-09,-0.013786000000000001,3.2178E-07,-3.233E-07
0.58000000000000007,0.45,0.014386000000000001,7.4102E-09,-0.014368,3.2182E-07,-3.2332E-07
0.58500000000000008,0.45,0.014974000000000001,7.635E-09,-0.014958,3.2182E-07,-3.2394E-07
0.59000000000000008,0.45,0.015572,7.8428E-09,-0.015554000000000002,3.2243999999999997E-07,-3.2396E-07
0.595,0.45,0.016190000000000003,8.0673E-09,-0.016168000000000002,3.2248E-07,-3.24E-07
0.6,0.45,0.016800000000000002,8.2928E-09,-0.016782000000000002,3.2254E-07,-3.2408E-07
0.605,0.45,0.017434,8.5291E-09,-0.017414000000000002,3.226E-07,-3.2406E-07
0.61,0.45,0.018060000000000003,8.7564E-09,-0.018046000000000003,3.2266E-07,-3.2418E-07
0.615,0.45,0.018712000000000003,9.0048E-09,-0.018688000000000003,3.2278E-07,-3.2422E-07
0.62,0.45,0.019356,9.2505E-09,-0.019340000000000003,3.2222E-07,-3.2372E-07
0.625,0.45,0.020028,9.5018E-09,-0.020008,3.2284E-07,-3.2424E-07
0.63,0.45,0.020684,9.7542E-09,-0.020662000000000003,3.2302E-07,-3.2438E-07
0.635,0.45,0.021366000000000003,1.00226E-08,-0.021348000000000002,3.2298E-07,-3.2434E-07
0.64,0.45,0.02204,1.02823E-08,-0.022024000000000002,3.2318E-07,-3.245E-07
0.645,0.45,0.022734,1.05606E-08,-0.022714,3.2312E-07,-3.2456E-07
0.65,0.45,0.023426000000000002,1.08323E-08,-0.023408,3.232E-07,-3.2454E-07
0.655,0.45,0.024134000000000003,1.11233E-08,-0.024114000000000003,3.2334E-07,-3.2472E-07
0.66,0.45,0.024842000000000003,1.14046E-08,-0.024820000000000002,3.2334E-07,-3.2478E-07
0.665,0.45,0.025562,1.17292E-08,-0.025540000000000004,3.2334E-07,-3.2428E-07
0.67,0.45,0.026274000000000002,1.2022399999999999E-08,-0.026258000000000004,3.2322E-07,-3.2486E-07
0.675,0.45,0.027008,1.2336399999999999E-08,-0.026990000000000004,3.235E-07,-3.2498E-07
0.68,0.45,0.027732000000000003,1.2646199999999999E-08,-0.027714000000000003,3.2355999999999997E-07,-3.2496E-07
0.685,0.45,0.028476,1.2979399999999998E-08,-0.028462,3.2358E-07,-3.25E-07
0.69000000000000006,0.45,0.029218,1.3296199999999998E-08,-0.029198,3.2368E-07,-3.251E-07
0.69500000000000006,0.45,0.029956000000000003,1.3630999999999998E-08,-0.029948000000000002,3.2372E-07,-3.251E-07
0.70000000000000007,0.45,0.030716000000000004,1.39694E-08,-0.030702000000000004,3.2374E-07,-3.251E-07
0.70500000000000007,0.45,0.031466,1.4325799999999998E-08,-0.031452,3.239E-07,-3.252E-07
0.71000000000000008,0.45,0.032236,1.4686399999999998E-08,-0.032214,3.2382E-07,-3.252E-07
0.71500000000000008,0.45,0.032992,1.5050399999999998E-08,-0.032978,3.2338E-07,-3.2536E-07
0.72000000000000008,0.45,0.033766000000000004,1.54298E-08,-0.033744,3.2398E-07,-3.254E-07
0.72500000000000009,0.45,0.034534,1.5816799999999998E-08,-0.034512,3.2402E-07,-3.2536E-07
0.73,0.45,0.035312,1.62232E-08,-0.035294000000000006,3.2414E-07,-3.2548E-07
0.735,0.45,0.036086,1.66216E-08,-0.036066,3.2418E-07,-3.2552E-07
0.74,0.45,0.03687,1.7038199999999998E-08,-0.03685,3.2424E-07,-3.2556E-07
0.745,0.45,0.037644000000000004,1.7465599999999997E-08,-0.037624000000000005,3.243E-07,-3.2564E-07
0.75,0.45,0.038436000000000005,1.7905199999999998E-08,-0.038416000000000006,3.2378E-07,-3.2514E-07
0.755,0.45,0.039214000000000006,1.8357199999999998E-08,-0.039194000000000007,3.2434E-07,-3.2574E-07
0.76,0.45,0.040006000000000007,1.8814399999999997E-08,-0.039986,3.2448E-07,-3.2582E-07
0.765,0.45,0.040786,1.9293199999999997E-08,-0.040766000000000004,3.246E-07,-3.2582E-07
0.77,0.45,0.041582,1.9786E-08,-0.041566000000000006,3.2466E-07,-3.2592E-07
0.775,0.45,0.042364000000000006,2.0289599999999997E-08,-0.042342000000000005,3.2464E-07,-3.26E-07
0.78,0.45,0.043158,2.0812599999999997E-08,-0.043140000000000005,3.2472E-07,-3.26E-07
0.785,0.45,0.043936,2.1354599999999997E-08,-0.043918000000000006,3.2468E-07,-3.261E-07
0.79,0.45,0.044728000000000004,2.1914599999999996E-08,-0.044708000000000005,3.248E-07,-3.2616E-07
0.795,0.45,0.045504,2.24752E-08,-0.045488,3.243E-07,-3.2564E-07
0.8,0.45,0.046298000000000006,2.3074E-08,-0.046278000000000007,3.2498E-07,-3.262E-07
0.805,0.45,0.047074000000000005,2.3677799999999998E-08,-0.047052000000000004,3.2508E-07,-3.2634E-07
0.81,0.45,0.047844000000000005,2.4295999999999998E-08,-0.047826000000000007,3.2506E-07,-3.2594E-07
0.81500000000000006,0.45,0.048628000000000005,2.4957999999999998E-08,-0.048606,3.252E-07,-3.264E-07
0.82000000000000006,0.45,0.049394000000000007,2.56204E-08,-0.049374,3.2516E-07,-3.2648E-07
0.82500000000000007,0.45,0.050164000000000007,2.6325799999999996E-08,-0.050144,3.2526E-07,-3.2658E-07
0.83000000000000007,0.45,0.050922,2.7042999999999996E-08,-0.050908,3.2526E-07,-3.2659999999999997E-07
0.83500000000000008,0.45,0.051694000000000004,2.7806599999999997E-08,-0.051670000000000008,3.2494E-07,-3.2616E-07
0.84000000000000008,0.45,0.052434,2.8573799999999997E-08,-0.052422,3.2544E-07,-3.2672E-07
0.84500000000000008,0.45,0.053192,2.9385399999999997E-08,-0.053174000000000006,3.2498E-07,-3.2631999999999997E-07
0.85000000000000009,0.45,0.053930000000000006,3.0217199999999996E-08,-0.053906,3.2554E-07,-3.2682E-07
0.85500000000000009,0.45,0.054672000000000005,3.10984E-08,-0.054654000000000008,3.2562E-07,-3.2686E-07
0.86,0.45,0.055402000000000007,3.19926E-08,-0.055382000000000008,3.2572E-07,-3.269E-07
0.865,0.45,0.056138000000000007,3.2935799999999994E-08,-0.056112,3.2574E-07,-3.2692E-07
0.87,0.45,0.056842000000000004,3.39044E-08,-0.05682,3.258E-07,-3.2704E-07
0.875,0.45,0.057554000000000008,3.4933999999999994E-08,-0.057538000000000006,3.2544E-07,-3.2701999999999997E-07
0.88,0.45,0.058256,3.59814E-08,-0.058236,3.2592E-07,-3.2706E-07
0.885,0.45,0.058954000000000006,3.7078799999999993E-08,-0.058934000000000007,3.2526E-07,-3.2645999999999997E-07
0.89,0.45,0.059634000000000006,3.8232999999999996E-08,-0.059618000000000004,3.2598E-07,-3.2724E-07
0.895,0.45,0.060312000000000004,3.9431E-08,-0.060294000000000007,3.2603999999999997E-07,-3.2728E-07
0.9,0.45,0.060984000000000003,4.0668199999999995E-08,-0.060966000000000006,3.2596E-07,-3.2682E-07
-0.3,0.6,1.5844399999999998E-08,-1.4708999999999998E-08,7.9007E-10,3.2166E-07,-3.2336E-07
-0.29500000000000004,0.6,1.5640199999999997E-08,-1.4319999999999999E-08,7.6007E-10,3.2204E-07,-3.2404E-07
-0.29000000000000004,0.6,1.5436999999999998E-08,-1.3962199999999999E-08,7.3143E-10,3.2208E-07,-3.2412E-07
-0.28500000000000003,0.6,1.5245599999999998E-08,-1.36082E-08,6.9993000000000008E-10,3.2198E-07,-3.2426E-07
-0.28,0.6,1.5038E-08,-1.3278199999999999E-08,6.718000000000001E-10,3.2128E-07,-3.2352E-07
-0.275,0.6,1.48918E-08,-1.2964999999999999E-08,6.4523000000000006E-10,3.2187999999999997E-07,-3.2438E-07
-0.27,0.6,1.4728199999999999E-08,-1.2662999999999999E-08,6.1641E-10,3.2186E-07,-3.2442E-07
-0.265,0.6,1.4531599999999999E-08,-1.23704E-08,5.8934000000000006E-10,3.2184E-07,-3.2448E-07
-0.26,0.6,1.4393799999999999E-08,-1.21004E-08,5.6642E-10,3.2178E-07,-3.2452E-07
-0.255,0.6,1.4188799999999998E-08,-1.18342E-08,5.407E-10,3.2178E-07,-3.2454E-07
-0.25,0.6,1.4018799999999999E-08,-1.15724E-08,5.1399E-10,3.2176E-07,-3.2402E-07
-0.24500000000000002,0.6,1.3852199999999998E-08,-1.1325799999999999E-08,4.9049E-10,3.217E-07,-3.2466E-07
-0.24000000000000002,0.6,1.3676599999999999E-08,-1.1092199999999999E-08,4.6877E-10,3.2102E-07,-3.2476E-07
-0.23500000000000001,0.6,1.3522999999999998E-08,-1.0856599999999999E-08,4.4543000000000003E-10,3.2164E-07,-3.2466E-07
-0.23,0.6,1.3364399999999998E-08,-1.0633799999999999E-08,4.2434000000000006E-10,3.2168E-07,-3.2468E-07
-0.225,0.6,1.3195799999999999E-08,-1.04166E-08,4.0345000000000004E-10,3.2154E-07,-3.2474E-07
-0.22,0.6,1.3018599999999999E-08,-1.02028E-08,3.8134000000000005E-10,3.2158E-07,-3.2486E-07
-0.215,0.6,1.29282E-08,-9.9942E-09,3.6255E-10,3.2159999999999997E-07,-3.2474E-07
-0.21000000000000002,0.6,1.2782399999999998E-08,-9.7988E-09,3.4503000000000005E-10,3.21E-07,-3.2414E-07
-0.20500000000000002,0.6,1.2595799999999998E-08,-9.6142E-09,3.2237000000000005E-10,3.2158E-07,-3.2478E-07
-0.2,0.6,1.2443599999999999E-08,-9.4276E-09,3.0647000000000003E-10,3.215E-07,-3.2474E-07
-0.195,0.6,1.2301199999999998E-08,-9.2415E-09,2.8801E-10,3.2145999999999997E-07,-3.2472E-07
-0.19,0.6,1.21142E-08,-9.0601E-09,2.6952E-10,3.2154E-07,-3.2468E-07
-0.185,0.6,1.1988999999999999E-08,-8.888E-09,2.5393E-10,3.2142E-07,-3.2472E-07
-0.18000000000000002,0.6,1.1816599999999999E-08,-8.7085E-09,2.3596000000000003E-10,3.2136E-07,-3.2484E-07
-0.17500000000000002,0.6,1.1642E-08,-8.5445E-09,2.2067000000000003E-10,3.2142E-07,-3.2472E-07
-0.17,0.6,1.1544399999999999E-08,-8.3746E-09,2.0151E-10,3.214E-07,-3.2472E-07
-0.165,0.6,1.1392399999999999E-08,-8.2141E-09,1.8864E-10,3.2148E-07,-3.2464E-07
-0.16,0.6,1.1268799999999999E-08,-8.0543E-09,1.7181000000000003E-10,3.2142E-07,-3.2474E-07
-0.155,0.6,1.1129199999999999E-08,-7.8991E-09,1.5388000000000002E-10,3.2136E-07,-3.2468E-07
-0.15,0.6,1.09542E-08,-7.7451E-09,1.3813000000000002E-10,3.214E-07,-3.2468E-07
-0.14500000000000002,0.6,1.08462E-08,-7.59E-09,1.2199E-10,3.2136E-07,-3.2468E-07
-0.14,0.6,1.07524E-08,-7.4495E-09,1.0681E-10,3.2131999999999997E-07,-3.2462E-07
-0.135,0.6,1.0601799999999999E-08,-7.2979E-09,8.624E-11,3.2134E-07,-3.247E-07
-0.13,0.6,1.0438399999999999E-08,-7.156E-09,7.0490000000000007E-11,3.2128E-07,-3.2466E-07
-0.125,0.6,1.03692E-08,-7.0138E-09,5.0210000000000007E-11,3.2128E-07,-3.2462E-07
-0.12000000000000001,0.6,1.0270799999999999E-08,-6.8806E-09,3.062E-11,3.2131999999999997E-07,-3.2466E-07
-0.115,0.6,1.0151199999999999E-08,-6.7409E-09,7.17E-12,3.213E-07,-3.247E-07
-0.11,0.6,1.00836E-08,-6.6108E-09,-1.4070000000000001E-11,3.2138E-07,-3.2466E-07
-0.10500000000000001,0.6,9.9432E-09,-6.4816E-09,-4.122E-11,3.2128E-07,-3.2454E-07
-0.1,0.6,9.81E-09,-6.3467E-09,-7.237E-11,3.2131999999999997E-07,-3.2444E-07
-0.095,0.6,9.6959E-09,-6.2266E-09,-1.027E-10,3.2124E-07,-3.2458E-07
-0.090000000000000011,0.6,9.6182E-09,-6.0957E-09,-1.4131E-10,3.2072E-07,-3.2396E-07
-0.085,0.6,9.5425E-09,-5.9818E-09,-1.8143000000000001E-10,3.2122E-07,-3.2462E-07
-0.08,0.6,9.4592E-09,-5.8556E-09,-2.3016E-10,3.2128E-07,-3.2462E-07
-0.075,0.6,9.3928E-09,-5.7413E-09,-2.8482E-10,3.2124E-07,-3.2456E-07
-0.07,0.6,9.441E-09,-5.6221E-09,-3.5047000000000003E-10,3.2128E-07,-3.2476E-07
-0.065,0.6,9.4516E-09,-5.5097E-09,-4.2327000000000003E-10,3.2128E-07,-3.2416E-07
-0.060000000000000005,0.6,9.2795E-09,-5.3919E-09,-5.1101000000000008E-10,3.2122E-07,-3.2456E-07
-0.055,0.6,9.2631E-09,-5.286E-09,-6.1174E-10,3.2128E-07,-3.2454E-07
-0.05,0.6,9.2461E-09,-5.1742E-09,-7.316800000000001E-10,3.212E-07,-3.2456E-07
-0.045000000000000005,0.6,9.3052E-09,-5.0692E-09,-8.6866000000000008E-10,3.2116E-07,-3.246E-07
-0.04,0.6,9.3391E-09,-4.9634E-09,-1.0314900000000001E-09,3.2128E-07,-3.2408E-07
-0.035,0.6,9.4612E-09,-4.8587E-09,-1.2229E-09,3.2122E-07,-3.245E-07
-0.030000000000000002,0.6,9.5965E-09,-4.7533E-09,-1.4478E-09,3.2131999999999997E-07,-3.2456E-07
-0.025,0.6,9.7542E-09,-4.6528E-09,-1.7116E-09,3.212E-07,-3.2448E-07
-0.02,0.6,9.9368E-09,-4.5511E-09,-2.0276E-09,3.2068E-07,-3.24E-07
-0.015000000000000001,0.6,1.02291E-08,-4.4541E-09,-2.3957E-09,3.2126E-07,-3.245E-07
-0.01,0.6,1.0541E-08,-4.3588E-09,-2.8338E-09,3.2116E-07,-3.244E-07
-0.005,0.6,1.09807E-08,-4.2659E-09,-3.3455E-09,3.2116E-07,-3.246E-07
0,0.6,1.14669E-08,-4.1716E-09,-3.959E-09,3.212E-07,-3.245E-07
0.005,0.6,1.2126999999999998E-08,-4.0766E-09,-4.6733E-09,3.2122E-07,-3.2454E-07
0.01,0.6,1.2883799999999999E-08,-3.9855E-09,-5.5276E-09,3.2116E-07,-3.244E-07
0.015000000000000001,0.6,1.3793199999999999E-08,-3.8966E-09,-6.5184E-09,3.2122E-07,-3.2454E-07
0.02,0.6,1.4890999999999999E-08,-3.8081E-09,-7.7241E-09,3.2116E-07,-3.2448E-07
0.025,0.6,1.6212399999999998E-08,-3.7219E-09,-9.1131E-09,3.2072E-07,-3.2402E-07
0.030000000000000002,0.6,1.77884E-08,-3.6334E-09,-1.07888E-08,3.2124E-07,-3.2456E-07
0.035,0.6,1.9690999999999997E-08,-3.5526E-09,-1.2772799999999999E-08,3.2112E-07,-3.2394E-07
0.04,0.6,2.1957399999999998E-08,-3.4665E-09,-1.51298E-08,3.211E-07,-3.2442E-07
0.045000000000000005,0.6,2.4577199999999997E-08,-3.3875E-09,-1.78398E-08,3.2117999999999997E-07,-3.2448E-07
0.05,0.6,2.7780999999999996E-08,-3.3047E-09,-2.11376E-08,3.2122E-07,-3.2454E-07
0.055,0.6,3.1542799999999996E-08,-3.226E-09,-2.4959399999999997E-08,3.2103999999999997E-07,-3.2448E-07
0.060000000000000005,0.6,3.5987799999999994E-08,-3.1473E-09,-2.9480599999999996E-08,3.2116E-07,-3.2446E-07
0.065,0.6,4.1359999999999994E-08,-3.0696E-09,-3.4921399999999994E-08,3.2122E-07,-3.2444E-07
0.07,0.6,4.7609399999999995E-08,-2.9979E-09,-4.1244599999999995E-08,3.2122E-07,-3.2448E-07
0.075,0.6,5.5115399999999996E-08,-2.9228E-09,-4.8858399999999995E-08,3.2117999999999997E-07,-3.2446E-07
0.08,0.6,6.3946399999999991E-08,-2.8455E-09,-5.7776599999999993E-08,3.2116E-07,-3.2456E-07
0.085,0.6,7.4509599999999988E-08,-2.7764E-09,-6.8396799999999989E-08,3.2064E-07,-3.2394E-07
0.090000000000000011,0.6,8.6892799999999985E-08,-2.7008E-09,-8.08402E-08,3.211E-07,-3.245E-07
0.095,0.6,1.017402E-07,-2.6329E-09,-9.5772599999999985E-08,3.2112E-07,-3.2452E-07
0.1,0.6,1.192E-07,-2.5628E-09,-1.1315939999999998E-07,3.2117999999999997E-07,-3.245E-07
0.10500000000000001,0.6,1.3994E-07,-2.4939E-09,-1.3404E-07,3.2122E-07,-3.2448E-07
0.11,0.6,1.6436E-07,-2.4211E-09,-1.5852E-07,3.2116E-07,-3.2448E-07
0.115,0.6,1.937E-07,-2.359E-09,-1.8772E-07,3.2117999999999997E-07,-3.2448E-07
0.12000000000000001,0.6,2.2766E-07,-2.2877E-09,-2.2186E-07,3.2052E-07,-3.2402E-07
0.125,0.6,2.686E-07,-2.226E-09,-2.631E-07,3.2112E-07,-3.2438E-07
0.13,0.6,3.1646E-07,-2.1559E-09,-3.1116E-07,3.211E-07,-3.2448E-07
0.135,0.6,3.7416E-07,-2.0971E-09,-3.6879999999999997E-07,3.2103999999999997E-07,-3.2434E-07
0.14,0.6,4.4116E-07,-2.0322E-09,-4.3579999999999997E-07,3.2116E-07,-3.2444E-07
0.14500000000000002,0.6,5.2192E-07,-1.9705E-09,-5.1646E-07,3.208E-07,-3.2442E-07
0.15,0.6,6.1602E-07,-1.9114E-09,-6.1048E-07,3.2112E-07,-3.2442E-07
0.155,0.6,7.273E-07,-1.8492E-09,-7.2153999999999993E-07,3.2116E-07,-3.2438E-07
0.16,0.6,8.6028E-07,-1.79E-09,-8.5546E-07,3.2117999999999997E-07,-3.2448E-07
0.165,0.6,1.01608E-06,-1.731E-09,-1.011E-06,3.2103999999999997E-07,-3.2438E-07
0.17,0.6,1.2054000000000001E-06,-1.6724E-09,-1.1964E-06,3.2112E-07,-3.2438E-07
0.17500000000000002,0.6,1.4218E-06,-1.6177E-09,-1.4148000000000002E-06,3.2116E-07,-3.245E-07
0.18000000000000002,0.6,1.6825000000000002E-06,-1.5579E-09,-1.6756E-06,3.2102E-07,-3.2438E-07
0.185,0.6,1.9869000000000004E-06,-1.5012E-09,-1.9797000000000003E-06,3.2112E-07,-3.2436E-07
0.19,0.6,2.3534E-06,-1.4441E-09,-2.3444000000000004E-06,3.2122E-07,-3.2448E-07
0.195,0.6,2.7751000000000003E-06,-1.3877E-09,-2.77E-06,3.2102E-07,-3.2378E-07
0.2,0.6,3.2854000000000003E-06,-1.3329E-09,-3.2798000000000003E-06,3.2108E-07,-3.2434E-07
0.20500000000000002,0.6,3.8772000000000008E-06,-1.2779E-09,-3.8738E-06,3.21E-07,-3.2436E-07
0.21000000000000002,0.6,4.5911000000000008E-06,-1.2222E-09,-4.5835E-06,3.2116E-07,-3.2442E-07
0.215,0.6,5.4185000000000007E-06,-1.1722E-09,-5.4048E-06,3.211E-07,-3.2442E-07
0.22,0.6,6.4044000000000009E-06,-1.1146E-09,-6.3977000000000006E-06,3.2106E-07,-3.2432E-07
0.225,0.6,7.550600000000001E-06,-1.0612E-09,-7.5407000000000005E-06,3.205E-07,-3.2432E-07
0.23,0.6,8.9256000000000014E-06,-1.0061E-09,-8.9194000000000014E-06,3.2044E-07,-3.2424E-07
0.23500000000000001,0.6,1.0509600000000002E-05,-9.5247000000000012E-10,-1.05035E-05,3.2112E-07,-3.244E-07
0.24000000000000002,0.6,1.241E-05,-8.9813000000000008E-10,-1.239E-05,3.2114E-07,-3.245E-07
0.24500000000000002,0.6,1.4612E-05,-8.4111000000000011E-10,-1.4578E-05,3.2028E-07,-3.2358E-07
0.25,0.6,1.7162E-05,-7.8737E-10,-1.7144E-05,3.21E-07,-3.2422E-07
0.255,0.6,2.0208E-05,-7.3219E-10,-2.0196E-05,3.211E-07,-3.2438E-07
0.26,0.6,2.3746E-05,-6.7764E-10,-2.3732000000000002E-05,3.2103999999999997E-07,-3.2436E-07
0.265,0.6,2.7954E-05,-6.195500000000001E-10,-2.7922E-05,3.2108E-07,-3.2436E-07
0.27,0.6,3.278E-05,-5.6185000000000008E-10,-3.2736E-05,3.2116E-07,-3.2432E-07
0.275,0.6,3.8464E-05,-5.0631000000000008E-10,-3.845E-05,3.2114E-07,-3.2432E-07
0.28,0.6,4.5022000000000004E-05,-4.4446000000000003E-10,-4.5022000000000004E-05,3.205E-07,-3.2396E-07
0.28500000000000003,0.6,5.2784E-05,-3.9111E-10,-5.2728E-05,3.2114E-07,-3.2426E-07
0.29000000000000004,0.6,6.1628E-05,-3.233E-10,-6.1614E-05,3.2122E-07,-3.2444E-07
0.29500000000000004,0.6,7.205E-05,-2.6648000000000005E-10,-7.2078E-05,3.2122E-07,-3.239E-07
0.3,0.6,8.3906E-05,-1.9654000000000003E-10,-8.3926000000000009E-05,3.211E-07,-3.2426E-07
0.305,0.6,9.7842E-05,-1.3440000000000002E-10,-9.7842E-05,3.2112E-07,-3.2442E-07
0.31,0.6,0.000113694,-6.7200000000000011E-11,-0.000113666,3.2108E-07,-3.2386E-07
0.315,0.6,0.00013254,-2.6500000000000002E-12,-0.0001321,3.211E-07,-3.2426E-07
0.32,0.6,0.00015338,7.3520000000000008E-11,-0.00015304,3.2054E-07,-3.2434E-07
0.325,0.6,0.00017764000000000001,1.4488000000000002E-10,-0.00017734,3.2114E-07,-3.2436E-07
0.33,0.6,0.00020486000000000001,2.2096E-10,-0.00020448000000000002,3.2056E-07,-3.238E-07
0.335,0.6,0.00023630000000000003,2.9602000000000003E-10,-0.00023616000000000002,3.2114E-07,-3.2438E-07
0.34,0.6,0.00027160000000000004,3.7445000000000004E-10,-0.00027138,3.2046E-07,-3.2366E-07
0.34500000000000003,0.6,0.00031216,4.5704000000000006E-10,-0.00031204000000000003,3.2116E-07,-3.2442E-07
0.35000000000000003,0.6,0.00035736000000000003,5.4572000000000006E-10,-0.00035726000000000003,3.2112E-07,-3.2432E-07
0.35500000000000004,0.6,0.00040908000000000003,6.3184000000000006E-10,-0.00040868,3.212E-07,-3.244E-07
0.36000000000000004,0.6,0.00046598,7.2189000000000008E-10,-0.00046576,3.2116E-07,-3.2444E-07
0.365,0.6,0.00053072,8.168E-10,-0.00053066000000000007,3.2117999999999997E-07,-3.2446E-07
0.37,0.6,0.00060184000000000008,9.1008E-10,-0.00060138,3.2116E-07,-3.2446E-07
0.375,0.6,0.00068212,1.0121100000000001E-09,-0.00068206000000000007,3.2064E-07,-3.2402E-07
0.38,0.6,0.00076978000000000007,1.1135000000000001E-09,-0.00076942,3.2066E-07,-3.2392E-07
0.385,0.6,0.00086750000000000011,1.2187E-09,-0.00086696000000000006,3.2122E-07,-3.245E-07
0.39,0.6,0.00097328000000000009,1.3293E-09,-0.00097294,3.2126E-07,-3.2432E-07
0.395,0.6,0.0010912600000000002,1.4393E-09,-0.0010911200000000001,3.2122E-07,-3.245E-07
0.4,0.6,0.0012184000000000001,1.5466E-09,-0.0012180000000000001,3.2128E-07,-3.2454E-07
0.405,0.6,0.0013582,1.6704E-09,-0.001358,3.2128E-07,-3.245E-07
0.41000000000000003,0.6,0.0015076,1.7892E-09,-0.001507,3.2136E-07,-3.2442E-07
0.41500000000000004,0.6,0.0016714,1.9146E-09,-0.0016712,3.2126E-07,-3.2442E-07
0.42000000000000004,0.6,0.001845,2.0379E-09,-0.0018454,3.2136E-07,-3.2454E-07
0.42500000000000004,0.6,0.0020352,2.1684E-09,-0.0020346,3.2144E-07,-3.245E-07
0.43,0.6,0.002235,2.2918E-09,-0.0022348,3.208E-07,-3.2402E-07
0.435,0.6,0.0024512,2.424E-09,-0.0024518,3.2144E-07,-3.2468E-07
0.44,0.6,0.0026786,2.5564E-09,-0.0026780000000000003,3.2142E-07,-3.2462E-07
0.445,0.6,0.0029234,2.6969E-09,-0.0029226,3.2145999999999997E-07,-3.246E-07
0.45,0.6,0.0031780000000000003,2.8295E-09,-0.003177,3.2156E-07,-3.2462E-07
0.455,0.6,0.0034502,2.9711E-09,-0.0034496,3.2094E-07,-3.2418E-07
0.46,0.6,0.0037332,3.1147E-09,-0.0037322,3.2154E-07,-3.2466E-07
0.465,0.6,0.0040354,3.259E-09,-0.0040348,3.2159999999999997E-07,-3.2474E-07
0.47000000000000003,0.6,0.0043454,3.4039E-09,-0.0043466,3.2112E-07,-3.2476E-07
0.47500000000000003,0.6,0.0046756,3.5521999999999998E-09,-0.0046758,3.2172E-07,-3.248E-07
0.48000000000000004,0.6,0.0050166,3.6972E-09,-0.005015,3.2172E-07,-3.2486E-07
0.48500000000000004,0.6,0.0053750000000000004,3.8549E-09,-0.0053748,3.2176E-07,-3.248E-07
0.49000000000000005,0.6,0.0057426000000000005,4.0084E-09,-0.0057416,3.2182E-07,-3.2496E-07
0.49500000000000005,0.6,0.00613,4.1667E-09,-0.0061292000000000004,3.2178E-07,-3.25E-07
0.5,0.6,0.0065248,4.3221E-09,-0.0065264,3.219E-07,-3.2502E-07
0.505,0.6,0.0069384,4.4812E-09,-0.0069384,3.2194E-07,-3.251E-07
0.51,0.6,0.0073618,4.6455E-09,-0.0073606,3.2166E-07,-3.2516E-07
0.515,0.6,0.0078026,4.8129E-09,-0.0078028,3.2192E-07,-3.2466E-07
0.52,0.6,0.0082504,4.9806E-09,-0.0082498,3.2152E-07,-3.2516E-07
0.525,0.6,0.008717,5.1525E-09,-0.0087164000000000009,3.2158E-07,-3.2464E-07
0.53,0.6,0.009191,5.3265E-09,-0.0091908,3.222E-07,-3.2532E-07
0.535,0.6,0.0096822,5.5046E-09,-0.0096808,3.2226E-07,-3.2536E-07
0.54,0.6,0.0101796,5.6845E-09,-0.0101786,3.2226E-07,-3.254E-07
0.545,0.6,0.010694200000000001,5.8661E-09,-0.0106948,3.2242E-07,-3.2552E-07
0.55,0.6,0.011218200000000001,6.0494E-09,-0.011216,3.2248E-07,-3.2554E-07
0.555,0.6,0.011782,6.2425E-09,-0.011762000000000002,3.2246E-07,-3.2556E-07
0.56,0.6,0.012326000000000002,6.4323E-09,-0.012306000000000001,3.2256E-07,-3.2552E-07
0.56500000000000006,0.6,0.01289,6.6264E-09,-0.012864,3.2268E-07,-3.2582E-07
0.57000000000000006,0.6,0.013448000000000002,6.8249E-09,-0.013432000000000001,3.2282E-07,-3.2592E-07
0.57500000000000007,0.6,0.014034000000000001,7.0289E-09,-0.014016,3.2288E-07,-3.2596E-07
0.58000000000000007,0.6,0.014616,7.2278E-09,-0.014598000000000002,3.2288E-07,-3.2589999999999997E-07
0.58500000000000008,0.6,0.015222000000000001,7.4419E-09,-0.015198000000000001,3.2298E-07,-3.2598E-07
0.59000000000000008,0.6,0.015818000000000002,7.651E-09,-0.015806,3.2302E-07,-3.2612E-07
0.595,0.6,0.016446000000000002,7.8668E-09,-0.01643,3.231E-07,-3.2566E-07
0.6,0.6,0.017066,8.0866E-09,-0.017046000000000002,3.232E-07,-3.2624E-07
0.605,0.6,0.017708,8.3177E-09,-0.017688000000000002,3.233E-07,-3.2636E-07
0.61,0.6,0.018348000000000003,8.5343E-09,-0.018328,3.2341999999999997E-07,-3.2634E-07
0.615,0.6,0.019008,8.7745E-09,-0.018984,3.2292E-07,-3.2616E-07
0.62,0.6,0.019662000000000002,9.0058E-09,-0.01964,3.2354E-07,-3.2656E-07
0.625,0.6,0.020336000000000003,9.2506E-09,-0.020318000000000003,3.2368E-07,-3.267E-07
0.63,0.6,0.02101,9.4933E-09,-0.020986,3.2313999999999997E-07,-3.2672E-07
0.635,0.6,0.021698000000000002,9.7469E-09,-0.021678000000000003,3.2376E-07,-3.2686E-07
0.64,0.6,0.022388,1.00106E-08,-0.022364000000000002,3.2386E-07,-3.2687999999999997E-07
0.645,0.6,0.023090000000000003,1.02688E-08,-0.023074,3.2346E-07,-3.2644E-07
0.65,0.6,0.023794000000000003,1.05221E-08,-0.023774000000000003,3.2408E-07,-3.27E-07
0.655,0.6,0.024514,1.07908E-08,-0.024496,3.236E-07,-3.2656E-07
0.66,0.6,0.025228000000000004,1.10645E-08,-0.025206000000000003,3.2368E-07,-3.2712E-07
0.665,0.6,0.025960000000000004,1.13465E-08,-0.025946000000000004,3.243E-07,-3.2732E-07
0.67,0.6,0.026686,1.1647799999999999E-08,-0.026674000000000003,3.2446E-07,-3.2736E-07
0.675,0.6,0.027434000000000004,1.1937199999999999E-08,-0.027414,3.2454E-07,-3.274E-07
0.68,0.6,0.028178,1.22378E-08,-0.028152000000000003,3.2454E-07,-3.2752E-07
0.685,0.6,0.028934,1.2544399999999998E-08,-0.028916000000000004,3.2468E-07,-3.2754E-07
0.69000000000000006,0.6,0.029686000000000004,1.28456E-08,-0.029666,3.2474E-07,-3.277E-07
0.69500000000000006,0.6,0.030440000000000002,1.3151799999999998E-08,-0.030424000000000003,3.2482E-07,-3.2715999999999997E-07
0.70000000000000007,0.6,0.031212000000000004,1.34764E-08,-0.031200000000000002,3.249E-07,-3.2782E-07
0.70500000000000007,0.6,0.031982000000000003,1.38052E-08,-0.031968,3.2496E-07,-3.2782E-07
0.71000000000000008,0.6,0.032766,1.4139399999999999E-08,-0.03275,3.251E-07,-3.2799999999999997E-07
0.71500000000000008,0.6,0.033544000000000004,1.4471399999999998E-08,-0.033528,3.2508E-07,-3.279E-07
0.72000000000000008,0.6,0.034338,1.4811399999999998E-08,-0.034318,3.2526E-07,-3.2806E-07
0.72500000000000009,0.6,0.03513,1.51676E-08,-0.03511,3.2538E-07,-3.2813999999999997E-07
0.73,0.6,0.035928,1.55356E-08,-0.035914,3.254E-07,-3.2818E-07
0.735,0.6,0.036726,1.58998E-08,-0.036706,3.2546E-07,-3.2834E-07
0.74,0.6,0.037538,1.62736E-08,-0.037524,3.2554E-07,-3.2841999999999997E-07
0.745,0.6,0.038346000000000005,1.66528E-08,-0.038328,3.2562E-07,-3.2836E-07
0.75,0.6,0.039168,1.70534E-08,-0.039142,3.2576E-07,-3.2858E-07
0.755,0.6,0.039976000000000005,1.7447599999999997E-08,-0.039958,3.2576E-07,-3.2869999999999997E-07
0.76,0.6,0.040806,1.7857999999999997E-08,-0.040792,3.2594E-07,-3.2872E-07
0.765,0.6,0.041626,1.8271E-08,-0.041606000000000004,3.2596E-07,-3.2882E-07
0.77,0.6,0.042460000000000005,1.8703E-08,-0.042448000000000007,3.2612E-07,-3.2894E-07
0.775,0.6,0.043288000000000007,1.91366E-08,-0.04327,3.257E-07,-3.29E-07
0.78,0.6,0.044128,1.9580199999999998E-08,-0.044112000000000005,3.263E-07,-3.2902E-07
0.785,0.6,0.044964000000000004,2.00316E-08,-0.044950000000000004,3.2631999999999997E-07,-3.2911999999999997E-07
0.79,0.6,0.045806000000000006,2.0494399999999997E-08,-0.045794,3.2654E-07,-3.2916E-07
0.795,0.6,0.046646000000000007,2.09686E-08,-0.046630000000000005,3.2664E-07,-3.2925999999999997E-07
0.8,0.6,0.047506000000000007,2.14528E-08,-0.047486000000000007,3.2666E-07,-3.2938E-07
0.805,0.6,0.048350000000000004,2.1939399999999997E-08,-0.048326,3.2628E-07,-3.289E-07
0.81,0.6,0.049192000000000007,2.24424E-08,-0.049174,3.2687999999999997E-07,-3.297E-07
0.81500000000000006,0.6,0.050054,2.2970199999999997E-08,-0.050038000000000006,3.2708E-07,-3.297E-07
0.82000000000000006,0.6,0.050906000000000007,2.3494999999999996E-08,-0.050886000000000008,3.2712E-07,-3.298E-07
0.82500000000000007,0.6,0.051768,2.40408E-08,-0.051756,3.2718E-07,-3.2986E-07
0.83000000000000007,0.6,0.052628,2.4593599999999997E-08,-0.052604000000000005,3.2729999999999997E-07,-3.2994E-07
0.83500000000000008,0.6,0.053492000000000005,2.51728E-08,-0.053470000000000004,3.2678E-07,-3.2944E-07
0.84000000000000008,0.6,0.054354000000000006,2.5735999999999996E-08,-0.054336,3.274E-07,-3.3009999999999997E-07
0.84500000000000008,0.6,0.055224,2.6332599999999997E-08,-0.055204,3.276E-07,-3.3022E-07
0.85000000000000009,0.6,0.056086000000000004,2.6945199999999998E-08,-0.056066000000000005,3.277E-07,-3.3032E-07
0.85500000000000009,0.6,0.056960000000000004,2.7573199999999996E-08,-0.056940000000000004,3.2778E-07,-3.3042E-07
0.86,0.6,0.057818000000000008,2.8213999999999997E-08,-0.057800000000000004,3.2784E-07,-3.305E-07
0.865,0.6,0.058694,2.8873199999999997E-08,-0.058676000000000006,3.2784E-07,-3.3051999999999997E-07
0.87,0.6,0.05956,2.9537E-08,-0.05954,3.2812E-07,-3.307E-07
0.875,0.6,0.060438000000000006,3.02378E-08,-0.060420000000000008,3.2822E-07,-3.3076E-07
0.88,0.6,0.061296,3.0941199999999997E-08,-0.061280000000000008,3.2827999999999997E-07,-3.3086E-07
0.885,0.6,0.062172000000000005,3.17056E-08,-0.062158000000000005,3.285E-07,-3.309E-07
0.89,0.6,0.063038000000000011,3.2425399999999996E-08,-0.063014,3.2844E-07,-3.3102E-07
0.895,0.6,0.063906,3.3212E-08,-0.063888,3.2862E-07,-3.3107999999999997E-07
0.9,0.6,0.064768,3.3995399999999996E-08,-0.06474400000000001,3.2858E-07,-3.3112E-07
-0.3,0.75,2.5165799999999998E-08,-2.0877E-08,7.9225E-10,3.2254E-07,-3.274E-07
-0.29500000000000004,0.75,2.48272E-08,-2.0411799999999997E-08,7.589800000000001E-10,3.2252E-07,-3.2768E-07
-0.29000000000000004,0.75,2.4613199999999998E-08,-1.999E-08,7.276E-10,3.2242E-07,-3.2771999999999997E-07
-0.28500000000000003,0.75,2.4373399999999998E-08,-1.9585799999999997E-08,7.0010000000000009E-10,3.224E-07,-3.2774E-07
-0.28,0.75,2.4135599999999997E-08,-1.9206199999999998E-08,6.736E-10,3.2224E-07,-3.2778E-07
-0.275,0.75,2.3862E-08,-1.8824999999999998E-08,6.4271E-10,3.2229999999999997E-07,-3.279E-07
-0.27,0.75,2.3629999999999997E-08,-1.8468799999999997E-08,6.1538E-10,3.2228E-07,-3.2788E-07
-0.265,0.75,2.34054E-08,-1.81304E-08,5.8889E-10,3.221E-07,-3.2799999999999997E-07
-0.26,0.75,2.31702E-08,-1.7799199999999997E-08,5.6304000000000005E-10,3.2208E-07,-3.2804E-07
-0.255,0.75,2.2900799999999997E-08,-1.74734E-08,5.3820000000000006E-10,3.2212E-07,-3.2813999999999997E-07
-0.25,0.75,2.2664999999999998E-08,-1.7165E-08,5.1492E-10,3.221E-07,-3.2802E-07
-0.24500000000000002,0.75,2.2501599999999997E-08,-1.6868999999999997E-08,4.9071000000000006E-10,3.2142E-07,-3.2752E-07
-0.24000000000000002,0.75,2.2225599999999998E-08,-1.6570599999999998E-08,4.6561000000000006E-10,3.22E-07,-3.2802E-07
-0.23500000000000001,0.75,2.2014599999999997E-08,-1.6290599999999998E-08,4.4304000000000005E-10,3.2194E-07,-3.2806E-07
-0.23,0.75,2.17624E-08,-1.60176E-08,4.2326000000000005E-10,3.2198E-07,-3.2802E-07
-0.225,0.75,2.1594399999999996E-08,-1.5748999999999998E-08,4.0203E-10,3.2131999999999997E-07,-3.2788E-07
-0.22,0.75,2.1387399999999997E-08,-1.5483199999999998E-08,3.8139E-10,3.214E-07,-3.2748E-07
-0.215,0.75,2.1163199999999997E-08,-1.52256E-08,3.6162000000000004E-10,3.219E-07,-3.2802E-07
-0.21000000000000002,0.75,2.0944E-08,-1.49724E-08,3.4057000000000005E-10,3.2187999999999997E-07,-3.2799999999999997E-07
-0.20500000000000002,0.75,2.0756599999999997E-08,-1.4725999999999999E-08,3.2109E-10,3.2122E-07,-3.2732E-07
-0.2,0.75,2.0543199999999998E-08,-1.4484799999999998E-08,3.0452E-10,3.212E-07,-3.2748E-07
-0.195,0.75,2.0341999999999998E-08,-1.4248599999999999E-08,2.8686000000000003E-10,3.2176E-07,-3.2796E-07
-0.19,0.75,2.0128799999999997E-08,-1.4016199999999999E-08,2.6825000000000003E-10,3.2176E-07,-3.2812E-07
-0.185,0.75,1.9950799999999997E-08,-1.3797399999999998E-08,2.5219000000000004E-10,3.2173999999999997E-07,-3.2746E-07
-0.18000000000000002,0.75,1.97382E-08,-1.3566799999999999E-08,2.3344E-10,3.211E-07,-3.2754E-07
-0.17500000000000002,0.75,1.9572399999999997E-08,-1.3345599999999999E-08,2.1764E-10,3.217E-07,-3.2738E-07
-0.17,0.75,1.93584E-08,-1.3130599999999999E-08,2.0217E-10,3.2168E-07,-3.2806E-07
-0.165,0.75,1.9180999999999998E-08,-1.2921999999999998E-08,1.8612000000000003E-10,3.2159999999999997E-07,-3.2802E-07
-0.16,0.75,1.9007E-08,-1.27074E-08,1.6935000000000002E-10,3.2159999999999997E-07,-3.2804E-07
-0.155,0.75,1.88514E-08,-1.2504199999999998E-08,1.5366000000000002E-10,3.217E-07,-3.2794E-07
-0.15,0.75,1.87046E-08,-1.2307199999999998E-08,1.3725000000000002E-10,3.2162E-07,-3.2799999999999997E-07
-0.14500000000000002,0.75,1.8519399999999997E-08,-1.21008E-08,1.1930000000000002E-10,3.2162E-07,-3.2806E-07
-0.14,0.75,1.82504E-08,-1.1909E-08,1.0349000000000001E-10,3.2156E-07,-3.2806E-07
-0.135,0.75,1.8079399999999998E-08,-1.17202E-08,8.652E-11,3.2159999999999997E-07,-3.279E-07
-0.13,0.75,1.7910199999999997E-08,-1.1527999999999999E-08,6.741E-11,3.2159999999999997E-07,-3.2794E-07
-0.125,0.75,1.7716599999999997E-08,-1.1341799999999999E-08,4.5870000000000005E-11,3.2086E-07,-3.2715999999999997E-07
-0.12000000000000001,0.75,1.75526E-08,-1.1155799999999998E-08,2.6560000000000003E-11,3.2116E-07,-3.2788E-07
-0.115,0.75,1.74138E-08,-1.0974999999999999E-08,3.4200000000000004E-12,3.2148E-07,-3.2796E-07
-0.11,0.75,1.72442E-08,-1.0785799999999999E-08,-1.941E-11,3.2136E-07,-3.2778E-07
-0.10500000000000001,0.75,1.7079799999999997E-08,-1.0616599999999998E-08,-4.516E-11,3.2148E-07,-3.279E-07
-0.1,0.75,1.69784E-08,-1.0437E-08,-7.577E-11,3.2154E-07,-3.2788E-07
-0.095,0.75,1.6827E-08,-1.0262E-08,-1.1111E-10,3.2152E-07,-3.2784E-07
-0.090000000000000011,0.75,1.6637599999999998E-08,-1.0096799999999999E-08,-1.4921000000000002E-10,3.2145999999999997E-07,-3.2788E-07
-0.085,0.75,1.6556E-08,-9.9351999999999985E-09,-1.9010000000000002E-10,3.2142E-07,-3.278E-07
-0.08,0.75,1.6392599999999998E-08,-9.7549999999999987E-09,-2.4242000000000003E-10,3.2088E-07,-3.2732E-07
-0.075,0.75,1.63414E-08,-9.6181E-09,-2.9657000000000004E-10,3.2088E-07,-3.2715999999999997E-07
-0.07,0.75,1.62028E-08,-9.4452E-09,-3.6402000000000005E-10,3.2148E-07,-3.277E-07
-0.065,0.75,1.6081799999999997E-08,-9.2921E-09,-4.3691000000000005E-10,3.2145999999999997E-07,-3.2757999999999997E-07
-0.060000000000000005,0.75,1.60526E-08,-9.1322E-09,-5.2706E-10,3.2148E-07,-3.2778E-07
-0.055,0.75,1.5996999999999998E-08,-8.9799E-09,-6.3015E-10,3.2082E-07,-3.2714E-07
-0.05,0.75,1.5921799999999998E-08,-8.8224E-09,-7.5308E-10,3.2142E-07,-3.2762E-07
-0.045000000000000005,0.75,1.5923999999999998E-08,-8.6721E-09,-8.9533E-10,3.2088E-07,-3.2712E-07
-0.04,0.75,1.5908999999999997E-08,-8.5238E-09,-1.0618700000000002E-09,3.2142E-07,-3.2782E-07
-0.035,0.75,1.6028399999999998E-08,-8.3746E-09,-1.259E-09,3.2144E-07,-3.276E-07
-0.030000000000000002,0.75,1.6142999999999998E-08,-8.23E-09,-1.4909E-09,3.2089999999999997E-07,-3.2701999999999997E-07
-0.025,0.75,1.6151799999999997E-08,-8.0867E-09,-1.7624E-09,3.2144E-07,-3.2764E-07
-0.02,0.75,1.6342E-08,-7.9406E-09,-2.0868E-09,3.2086E-07,-3.2704E-07
-0.015000000000000001,0.75,1.65924E-08,-7.8041E-09,-2.4641E-09,3.2134E-07,-3.2764E-07
-0.01,0.75,1.69336E-08,-7.6608E-09,-2.9173E-09,3.213E-07,-3.2764E-07
-0.005,0.75,1.72264E-08,-7.5297E-09,-3.4396E-09,3.2134E-07,-3.2743999999999997E-07
0,0.75,1.7780799999999998E-08,-7.3894E-09,-4.071E-09,3.2145999999999997E-07,-3.2766E-07
0.005,0.75,1.8411399999999997E-08,-7.2593E-09,-4.8053E-09,3.2134E-07,-3.2766E-07
0.01,0.75,1.91746E-08,-7.1251E-09,-5.683E-09,3.2142E-07,-3.2762E-07
0.015000000000000001,0.75,2.0035599999999996E-08,-6.9969E-09,-6.7067E-09,3.2136E-07,-3.276E-07
0.02,0.75,2.1108999999999997E-08,-6.8706E-09,-7.9311E-09,3.2136E-07,-3.276E-07
0.025,0.75,2.24686E-08,-6.7416999999999996E-09,-9.374E-09,3.213E-07,-3.2757999999999997E-07
0.030000000000000002,0.75,2.39812E-08,-6.6158E-09,-1.10934E-08,3.2126E-07,-3.2752E-07
0.035,0.75,2.5940999999999997E-08,-6.4924E-09,-1.3139E-08,3.213E-07,-3.2757999999999997E-07
0.04,0.75,2.8147999999999998E-08,-6.3678E-09,-1.55402E-08,3.2126E-07,-3.2757999999999997E-07
0.045000000000000005,0.75,3.08974E-08,-6.2518E-09,-1.83524E-08,3.2134E-07,-3.2748E-07
0.05,0.75,3.4116799999999996E-08,-6.127E-09,-2.1729E-08,3.2131999999999997E-07,-3.2742E-07
0.055,0.75,3.7922599999999993E-08,-6.013E-09,-2.5671999999999997E-08,3.2166E-07,-3.278E-07
0.060000000000000005,0.75,4.2475599999999994E-08,-5.8967E-09,-3.03302E-08,3.213E-07,-3.2757999999999997E-07
0.065,0.75,4.8007999999999996E-08,-5.7805E-09,-3.5894199999999995E-08,3.2131999999999997E-07,-3.2756E-07
0.07,0.75,5.4306E-08,-5.6726E-09,-4.24168E-08,3.2124E-07,-3.275E-07
0.075,0.75,6.2067399999999991E-08,-5.5552E-09,-5.02346E-08,3.2064E-07,-3.2694E-07
0.08,0.75,7.1016999999999993E-08,-5.451E-09,-5.9332799999999995E-08,3.2124E-07,-3.274E-07
0.085,0.75,8.18378E-08,-5.3333E-09,-7.0276599999999993E-08,3.2124E-07,-3.2748E-07
0.090000000000000011,0.75,9.4583E-08,-5.2288E-09,-8.30608E-08,3.2128E-07,-3.2684E-07
0.095,0.75,1.0979279999999999E-07,-5.1206E-09,-9.8366199999999993E-08,3.2126E-07,-3.274E-07
0.1,0.75,1.2755999999999999E-07,-5.0166E-09,-1.1632E-07,3.213E-07,-3.2754E-07
0.10500000000000001,0.75,1.4884E-07,-4.9106E-09,-1.3775999999999998E-07,3.208E-07,-3.2696E-07
0.11,0.75,1.739E-07,-4.8063E-09,-1.6286E-07,3.2075999999999997E-07,-3.2752E-07
0.115,0.75,2.0388E-07,-4.7047E-09,-1.9298E-07,3.2117999999999997E-07,-3.2742E-07
0.12000000000000001,0.75,2.3891999999999997E-07,-4.6042E-09,-2.282E-07,3.2126E-07,-3.2676E-07
0.125,0.75,2.8134E-07,-4.5028E-09,-2.7024E-07,3.213E-07,-3.2746E-07
0.13,0.75,3.3028E-07,-4.4064E-09,-3.1949999999999997E-07,3.2117999999999997E-07,-3.2724E-07
0.135,0.75,3.8924E-07,-4.3069E-09,-3.7852E-07,3.2124E-07,-3.2742E-07
0.14,0.75,4.5812E-07,-4.2137E-09,-4.4772E-07,3.213E-07,-3.2682E-07
0.14500000000000002,0.75,5.4082E-07,-4.1154E-09,-5.307E-07,3.213E-07,-3.2736E-07
0.15,0.75,6.3782E-07,-4.0211E-09,-6.275E-07,3.213E-07,-3.274E-07
0.155,0.75,7.5194E-07,-3.9268E-09,-7.4176E-07,3.2124E-07,-3.2742E-07
0.16,0.75,8.8926E-07,-3.8332E-09,-8.7858E-07,3.2122E-07,-3.2736E-07
0.165,0.75,1.04916E-06,-3.7457E-09,-1.03882E-06,3.2124E-07,-3.274E-07
0.17,0.75,1.2423000000000002E-06,-3.6552E-09,-1.2301E-06,3.2131999999999997E-07,-3.274E-07
0.17500000000000002,0.75,1.4651000000000002E-06,-3.564E-09,-1.4538000000000002E-06,3.2061999999999997E-07,-3.2728E-07
0.18000000000000002,0.75,1.7358000000000002E-06,-3.4735E-09,-1.7220000000000002E-06,3.2061999999999997E-07,-3.2684E-07
0.185,0.75,2.0485000000000004E-06,-3.385E-09,-2.0332000000000003E-06,3.2122E-07,-3.2726E-07
0.19,0.75,2.4209000000000004E-06,-3.2962E-09,-2.4085000000000003E-06,3.2117999999999997E-07,-3.2718E-07
0.195,0.75,2.8594E-06,-3.2087E-09,-2.8451E-06,3.212E-07,-3.2736E-07
0.2,0.75,3.3807000000000005E-06,-3.1265E-09,-3.3709E-06,3.2117999999999997E-07,-3.2738E-07
0.20500000000000002,0.75,3.9930000000000006E-06,-3.0393E-09,-3.9806000000000005E-06,3.2122E-07,-3.2736E-07
0.21000000000000002,0.75,4.7172E-06,-2.9551E-09,-4.7109E-06,3.2126E-07,-3.2734E-07
0.215,0.75,5.5656000000000006E-06,-2.8687E-09,-5.5538000000000009E-06,3.2122E-07,-3.2729999999999997E-07
0.22,0.75,6.5824000000000007E-06,-2.7856E-09,-6.5678000000000009E-06,3.212E-07,-3.2728E-07
0.225,0.75,7.7592E-06,-2.6999E-09,-7.7425E-06,3.2122E-07,-3.2729999999999997E-07
0.23,0.75,9.1619000000000012E-06,-2.6165E-09,-9.1534000000000012E-06,3.2124E-07,-3.2728E-07
0.23500000000000001,0.75,1.07956E-05,-2.5321E-09,-1.07818E-05,3.2117999999999997E-07,-3.2718E-07
0.24000000000000002,0.75,1.2752000000000001E-05,-2.4531E-09,-1.2728E-05,3.212E-07,-3.2728E-07
0.24500000000000002,0.75,1.4976E-05,-2.3665E-09,-1.4976E-05,3.2064E-07,-3.2686E-07
0.25,0.75,1.7642E-05,-2.2847E-09,-1.762E-05,3.212E-07,-3.2742E-07
0.255,0.75,2.0766E-05,-2.2011E-09,-2.076E-05,3.2112E-07,-3.2666E-07
0.26,0.75,2.4392E-05,-2.1182E-09,-2.4386E-05,3.2066E-07,-3.2738E-07
0.265,0.75,2.8668E-05,-2.0318E-09,-2.8642E-05,3.2122E-07,-3.2724E-07
0.27,0.75,3.365E-05,-1.9487E-09,-3.3614E-05,3.2116E-07,-3.2712E-07
0.275,0.75,3.9494E-05,-1.8623E-09,-3.9464E-05,3.2126E-07,-3.2726E-07
0.28,0.75,4.6222E-05,-1.7775E-09,-4.6174E-05,3.2117999999999997E-07,-3.2726E-07
0.28500000000000003,0.75,5.4126E-05,-1.6878E-09,-5.4130000000000005E-05,3.2124E-07,-3.2734E-07
0.29000000000000004,0.75,6.3176E-05,-1.6039E-09,-6.3178E-05,3.2117999999999997E-07,-3.267E-07
0.29500000000000004,0.75,7.3914E-05,-1.5127E-09,-7.3820000000000008E-05,3.2074E-07,-3.2673999999999997E-07
0.3,0.75,8.605E-05,-1.4249E-09,-8.604000000000001E-05,3.2117999999999997E-07,-3.2729999999999997E-07
0.305,0.75,0.00010032,-1.3328E-09,-0.00010039,3.212E-07,-3.2734E-07
0.31,0.75,0.0001168,-1.2447E-09,-0.00011655,3.2112E-07,-3.2743999999999997E-07
0.315,0.75,0.00013574,-1.1459E-09,-0.00013558,3.2124E-07,-3.2732E-07
0.32,0.75,0.00015714,-1.0521E-09,-0.00015686,3.205E-07,-3.2676E-07
0.325,0.75,0.00018192000000000002,-9.5267E-10,-0.00018158,3.2116E-07,-3.2732E-07
0.33,0.75,0.00020978000000000001,-8.5319E-10,-0.00020962000000000002,3.2061999999999997E-07,-3.269E-07
0.335,0.75,0.00024206000000000002,-7.5344E-10,-0.00024192000000000002,3.2128E-07,-3.2734E-07
0.34,0.75,0.00027832000000000003,-6.4845000000000007E-10,-0.00027788000000000004,3.2114E-07,-3.2722E-07
0.34500000000000003,0.75,0.00031962,-5.4691E-10,-0.00031954,3.2117999999999997E-07,-3.2724E-07
0.35000000000000003,0.75,0.00036586,-4.3550000000000005E-10,-0.00036552000000000004,3.2126E-07,-3.2726E-07
0.35500000000000004,0.75,0.00041856,-3.2751000000000004E-10,-0.00041830000000000003,3.2122E-07,-3.2724E-07
0.36000000000000004,0.75,0.00047668000000000005,-2.1272000000000002E-10,-0.00047642,3.2128E-07,-3.2724E-07
0.365,0.75,0.0005431,-9.4750000000000009E-11,-0.00054278000000000009,3.2128E-07,-3.274E-07
0.37,0.75,0.00061548000000000006,2.101E-11,-0.00061532,3.2117999999999997E-07,-3.267E-07
0.375,0.75,0.00069696,1.4686000000000002E-10,-0.0006972,3.207E-07,-3.272E-07
0.38,0.75,0.0007864800000000001,2.6518E-10,-0.00078632000000000007,3.2128E-07,-3.2726E-07
0.385,0.75,0.00088652,3.9897E-10,-0.00088588,3.2126E-07,-3.2734E-07
0.39,0.75,0.0009947,5.2000000000000007E-10,-0.00099386,3.2131999999999997E-07,-3.2728E-07
0.395,0.75,0.00111482,6.5946E-10,-0.0011147800000000001,3.2082E-07,-3.2682E-07
0.4,0.75,0.0012444,7.8964000000000008E-10,-0.0012436,3.2134E-07,-3.2738E-07
0.405,0.75,0.0013866,9.3046000000000011E-10,-0.0013866,3.2138E-07,-3.2742E-07
0.41000000000000003,0.75,0.0015382,1.0691500000000002E-09,-0.0015376,3.2134E-07,-3.2748E-07
0.41500000000000004,0.75,0.0017062,1.2109E-09,-0.0017048,3.2144E-07,-3.2728E-07
0.42000000000000004,0.75,0.0018828,1.3536E-09,-0.0018816,3.2148E-07,-3.2746E-07
0.42500000000000004,0.75,0.0020762,1.5011E-09,-0.0020746000000000002,3.2145999999999997E-07,-3.2746E-07
0.43,0.75,0.0022782,1.65E-09,-0.0022782,3.2152E-07,-3.2748E-07
0.435,0.75,0.0024996000000000003,1.8013E-09,-0.0024980000000000002,3.2152E-07,-3.2762E-07
0.44,0.75,0.0027294,1.9532E-09,-0.0027292,3.2154E-07,-3.269E-07
0.445,0.75,0.002977,2.1029E-09,-0.0029774000000000003,3.2168E-07,-3.2756E-07
0.45,0.75,0.0032362000000000003,2.2579E-09,-0.0032368,3.2159999999999997E-07,-3.2764E-07
0.455,0.75,0.0035138,2.4187E-09,-0.0035136,3.2168E-07,-3.276E-07
0.46,0.75,0.003801,2.5734E-09,-0.0038008,3.217E-07,-3.2771999999999997E-07
0.465,0.75,0.004106,2.7357E-09,-0.004107,3.2182E-07,-3.2778E-07
0.47000000000000003,0.75,0.0044226000000000005,2.8973E-09,-0.0044214,3.2194E-07,-3.279E-07
0.47500000000000003,0.75,0.0047568,3.0557E-09,-0.0047556000000000005,3.2196E-07,-3.278E-07
0.48000000000000004,0.75,0.0051016,3.2291E-09,-0.0051012,3.2201999999999997E-07,-3.2794E-07
0.48500000000000004,0.75,0.0054676,3.3898E-09,-0.0054652,3.2152E-07,-3.2748E-07
0.49000000000000005,0.75,0.0058384000000000005,3.564E-09,-0.0058372,3.2208E-07,-3.2799999999999997E-07
0.49500000000000005,0.75,0.0062322,3.7333E-09,-0.0062322,3.2187999999999997E-07,-3.2806E-07
0.5,0.75,0.0066318,3.9109E-09,-0.0066300000000000005,3.2215999999999997E-07,-3.2813999999999997E-07
0.505,0.75,0.0070538,4.0834E-09,-0.0070508,3.2226E-07,-3.2813999999999997E-07
0.51,0.75,0.0074804,4.2594E-09,-0.0074776,3.2234E-07,-3.2818E-07
0.515,0.75,0.007925,4.4359E-09,-0.0079268,3.224E-07,-3.283E-07
0.52,0.75,0.0083788,4.6185E-09,-0.00838,3.2248E-07,-3.283E-07
0.525,0.75,0.0088526,4.7969E-09,-0.0088532,3.2254E-07,-3.283E-07
0.53,0.75,0.0093308,4.9828E-09,-0.00933,3.2264E-07,-3.2848E-07
0.535,0.75,0.0098296,5.1677E-09,-0.0098278,3.2271999999999997E-07,-3.2858E-07
0.54,0.75,0.0103338,5.3601E-09,-0.0103326,3.2282E-07,-3.2858E-07
0.545,0.75,0.0108546,5.5546E-09,-0.0108554,3.229E-07,-3.2872E-07
0.55,0.75,0.0113808,5.7489E-09,-0.0113804,3.2294E-07,-3.2869999999999997E-07
0.555,0.75,0.011956000000000001,5.9387E-09,-0.011932000000000002,3.2292E-07,-3.2866E-07
0.56,0.75,0.012506000000000002,6.1467E-09,-0.012488,3.2312E-07,-3.2883999999999997E-07
0.56500000000000006,0.75,0.013068000000000002,6.3484E-09,-0.013048,3.2313999999999997E-07,-3.2892E-07
0.57000000000000006,0.75,0.013642000000000001,6.5566E-09,-0.013620000000000002,3.233E-07,-3.2902E-07
0.57500000000000007,0.75,0.014230000000000001,6.7604E-09,-0.014206000000000002,3.2338E-07,-3.2932E-07
0.58000000000000007,0.75,0.014818000000000001,6.9734E-09,-0.014804000000000001,3.2348E-07,-3.2924E-07
0.58500000000000008,0.75,0.015432000000000001,7.1921E-09,-0.015412000000000002,3.2299999999999997E-07,-3.2852E-07
0.59000000000000008,0.75,0.016040000000000002,7.4007E-09,-0.016022,3.2364E-07,-3.2944E-07
0.595,0.75,0.01667,7.6293E-09,-0.016646,3.2341999999999997E-07,-3.2967999999999997E-07
0.6,0.75,0.017300000000000003,7.8484E-09,-0.017278,3.2386E-07,-3.2956E-07
0.605,0.75,0.017944,8.0765E-09,-0.017924000000000002,3.2398E-07,-3.2966E-07
0.61,0.75,0.018594000000000003,8.3062E-09,-0.018572,3.2408E-07,-3.2978E-07
0.615,0.75,0.019258,8.5502E-09,-0.019236000000000003,3.242E-07,-3.2972E-07
0.62,0.75,0.019922000000000002,8.7889E-09,-0.0199,3.2368E-07,-3.2924E-07
0.625,0.75,0.020598,9.0258E-09,-0.020578000000000003,3.2442E-07,-3.3006E-07
0.63,0.75,0.021276000000000003,9.2704E-09,-0.021258000000000003,3.2388E-07,-3.2938E-07
0.635,0.75,0.021980000000000003,9.525E-09,-0.021954,3.2468E-07,-3.3026E-07
0.64,0.75,0.022670000000000003,9.774E-09,-0.022650000000000003,3.2474E-07,-3.2978E-07
0.645,0.75,0.023384000000000002,1.00295E-08,-0.023362,3.2478E-07,-3.3037999999999997E-07
0.65,0.75,0.024094,1.02955E-08,-0.024074,3.2498E-07,-3.305E-07
0.655,0.75,0.024816,1.0569E-08,-0.024798,3.2508E-07,-3.3058E-07
0.66,0.75,0.025542000000000002,1.08313E-08,-0.025522000000000003,3.2524E-07,-3.3072E-07
0.665,0.75,0.02628,1.11199E-08,-0.026260000000000002,3.2534E-07,-3.3076E-07
0.67,0.75,0.027010000000000003,1.13977E-08,-0.026996000000000003,3.2544E-07,-3.3096E-07
0.675,0.75,0.027766000000000002,1.1704799999999999E-08,-0.027750000000000004,3.2558E-07,-3.311E-07
0.68,0.75,0.028516000000000003,1.1994799999999998E-08,-0.0285,3.2558E-07,-3.312E-07
0.685,0.75,0.029276000000000003,1.2295999999999998E-08,-0.029262000000000003,3.2582E-07,-3.3104E-07
0.69000000000000006,0.75,0.030042000000000003,1.2591399999999999E-08,-0.030022000000000004,3.2568E-07,-3.314E-07
0.69500000000000006,0.75,0.030802000000000003,1.2890799999999999E-08,-0.030786000000000004,3.2598E-07,-3.3149999999999997E-07
0.70000000000000007,0.75,0.031582000000000006,1.3217999999999998E-08,-0.031566000000000004,3.2592E-07,-3.3149999999999997E-07
0.70500000000000007,0.75,0.032364000000000004,1.35382E-08,-0.032344000000000005,3.261E-07,-3.3146E-07
0.71000000000000008,0.75,0.033152,1.3853799999999999E-08,-0.033128000000000005,3.262E-07,-3.3163999999999997E-07
0.71500000000000008,0.75,0.033940000000000005,1.4186999999999998E-08,-0.033916,3.264E-07,-3.3174E-07
0.72000000000000008,0.75,0.03474,1.4521199999999999E-08,-0.034722,3.2642E-07,-3.3186E-07
0.72500000000000009,0.75,0.035534,1.4867599999999998E-08,-0.035516000000000006,3.2662E-07,-3.3198E-07
0.73,0.75,0.036346,1.5229999999999998E-08,-0.036324,3.267E-07,-3.3196E-07
0.735,0.75,0.037154000000000006,1.5587999999999997E-08,-0.03713,3.268E-07,-3.3205999999999997E-07
0.74,0.75,0.037974,1.5944199999999998E-08,-0.037954,3.264E-07,-3.318E-07
0.745,0.75,0.038786,1.6314E-08,-0.038768000000000004,3.2652E-07,-3.3177999999999997E-07
0.75,0.75,0.039614,1.66976E-08,-0.039596000000000006,3.2715999999999997E-07,-3.3252E-07
0.755,0.75,0.040440000000000004,1.70742E-08,-0.040418,3.2724E-07,-3.3264E-07
0.76,0.75,0.041272,1.7465599999999997E-08,-0.041254000000000006,3.2746E-07,-3.3282E-07
0.765,0.75,0.042102,1.78676E-08,-0.042084,3.2754E-07,-3.3282E-07
0.77,0.75,0.042944,1.82844E-08,-0.042926000000000006,3.277E-07,-3.3224E-07
0.775,0.75,0.043780000000000006,1.8696799999999998E-08,-0.043762,3.2778E-07,-3.33E-07
0.78,0.75,0.04463,1.91254E-08,-0.044614,3.2732E-07,-3.3292E-07
0.785,0.75,0.045476,1.9571199999999998E-08,-0.045458000000000005,3.281E-07,-3.333E-07
0.79,0.75,0.046336,2.00122E-08,-0.046316,3.2766E-07,-3.3261999999999997E-07
0.795,0.75,0.047184000000000004,2.0464199999999998E-08,-0.047162,3.2822E-07,-3.334E-07
0.8,0.75,0.048048000000000007,2.0926399999999997E-08,-0.04803,3.285E-07,-3.3312E-07
0.805,0.75,0.048902,2.1395599999999997E-08,-0.048884000000000004,3.281E-07,-3.3324E-07
0.81,0.75,0.049762000000000008,2.1884399999999998E-08,-0.04975,3.2874E-07,-3.3382E-07
0.81500000000000006,0.75,0.050640000000000004,2.2368199999999996E-08,-0.050618,3.2894E-07,-3.3408E-07
0.82000000000000006,0.75,0.051504,2.2870599999999998E-08,-0.051480000000000005,3.2902E-07,-3.3415999999999997E-07
0.82500000000000007,0.75,0.052386,2.33794E-08,-0.052364000000000008,3.2922E-07,-3.3422E-07
0.83000000000000007,0.75,0.053250000000000006,2.39052E-08,-0.053230000000000006,3.2928E-07,-3.3436E-07
0.83500000000000008,0.75,0.054138000000000006,2.44482E-08,-0.054116000000000004,3.2918E-07,-3.3452E-07
0.84000000000000008,0.75,0.055006000000000006,2.4996599999999997E-08,-0.054992000000000006,3.2897999999999997E-07,-3.3404E-07
0.84500000000000008,0.75,0.055902000000000007,2.5558199999999997E-08,-0.055878000000000004,3.297E-07,-3.348E-07
0.85000000000000009,0.75,0.056782000000000006,2.6126E-08,-0.056758,3.2984E-07,-3.349E-07
0.85500000000000009,0.75,0.057672000000000008,2.6712599999999997E-08,-0.057654000000000004,3.2995999999999997E-07,-3.3504E-07
0.86,0.75,0.058554,2.7305999999999996E-08,-0.058536000000000005,3.3018E-07,-3.351E-07
0.865,0.75,0.05945,2.7908799999999998E-08,-0.059432000000000006,3.2976E-07,-3.3462E-07
0.87,0.75,0.060338,2.8521599999999997E-08,-0.060318000000000004,3.3044E-07,-3.3534E-07
0.875,0.75,0.061244000000000007,2.9165199999999998E-08,-0.061222000000000006,3.305E-07,-3.355E-07
0.88,0.75,0.062134000000000009,2.9808E-08,-0.062114,3.3072E-07,-3.3558E-07
0.885,0.75,0.063038000000000011,3.04854E-08,-0.063018,3.3084E-07,-3.3576E-07
0.89,0.75,0.063932,3.1150199999999995E-08,-0.06391200000000001,3.3092E-07,-3.3586E-07
0.895,0.75,0.064840000000000009,3.1851799999999995E-08,-0.064818,3.3112E-07,-3.3596E-07
0.9,0.75,0.06574,3.25538E-08,-0.065712,3.3114E-07,-3.3602E-07
-0.3,0.9,3.85216E-08,-2.8678399999999996E-08,7.8975000000000009E-10,3.2278E-07,-3.3312E-07
-0.29500000000000004,0.9,3.80682E-08,-2.8166799999999996E-08,7.5866E-10,3.2215999999999997E-07,-3.332E-07
-0.29000000000000004,0.9,3.7738599999999996E-08,-2.76834E-08,7.265E-10,3.2268E-07,-3.3322E-07
-0.28500000000000003,0.9,3.7460799999999996E-08,-2.72134E-08,6.9746000000000009E-10,3.2262E-07,-3.3345999999999997E-07
-0.28,0.9,3.7036999999999996E-08,-2.6766399999999998E-08,6.7079E-10,3.2252E-07,-3.3331999999999997E-07
-0.275,0.9,3.67558E-08,-2.6334399999999998E-08,6.4198000000000009E-10,3.2242E-07,-3.334E-07
-0.27,0.9,3.6414E-08,-2.5911799999999996E-08,6.1283E-10,3.2242E-07,-3.3338E-07
-0.265,0.9,3.59766E-08,-2.5510999999999996E-08,5.8636E-10,3.2228E-07,-3.3352E-07
-0.26,0.9,3.5688999999999996E-08,-2.51192E-08,5.6272E-10,3.2246E-07,-3.3352E-07
-0.255,0.9,3.5434799999999995E-08,-2.4732199999999997E-08,5.3557E-10,3.2224E-07,-3.3348E-07
-0.25,0.9,3.5172E-08,-2.4359799999999997E-08,5.1331000000000006E-10,3.2228E-07,-3.335E-07
-0.24500000000000002,0.9,3.4804799999999995E-08,-2.4001599999999997E-08,4.899E-10,3.2226E-07,-3.3352E-07
-0.24000000000000002,0.9,3.45044E-08,-2.3657799999999998E-08,4.6607E-10,3.2222E-07,-3.3336E-07
-0.23500000000000001,0.9,3.4279E-08,-2.3307399999999997E-08,4.4268E-10,3.2208E-07,-3.3344E-07
-0.23,0.9,3.3989399999999996E-08,-2.2983799999999998E-08,4.2127000000000004E-10,3.2215999999999997E-07,-3.3342E-07
-0.225,0.9,3.3655999999999994E-08,-2.26362E-08,4.0031000000000004E-10,3.2215999999999997E-07,-3.3358E-07
-0.22,0.9,3.3308199999999994E-08,-2.2312399999999997E-08,3.8001E-10,3.2212E-07,-3.3331999999999997E-07
-0.215,0.9,3.30436E-08,-2.2000399999999997E-08,3.6049E-10,3.2144E-07,-3.3272E-07
-0.21000000000000002,0.9,3.28228E-08,-2.1685999999999996E-08,3.4022000000000004E-10,3.2206E-07,-3.3331999999999997E-07
-0.20500000000000002,0.9,3.2456599999999996E-08,-2.1383799999999997E-08,3.2066E-10,3.2204E-07,-3.328E-07
-0.2,0.9,3.22032E-08,-2.1083599999999997E-08,3.0330000000000003E-10,3.2196E-07,-3.3344E-07
-0.195,0.9,3.18904E-08,-2.0793999999999997E-08,2.8452E-10,3.2196E-07,-3.333E-07
-0.19,0.9,3.1644599999999995E-08,-2.0499599999999996E-08,2.6624E-10,3.2186E-07,-3.3252E-07
-0.185,0.9,3.13434E-08,-2.02246E-08,2.5135E-10,3.2194E-07,-3.333E-07
-0.18000000000000002,0.9,3.1077999999999995E-08,-1.99372E-08,2.3372E-10,3.2194E-07,-3.3328E-07
-0.17500000000000002,0.9,3.09044E-08,-1.9660999999999997E-08,2.1448000000000002E-10,3.2194E-07,-3.331E-07
-0.17,0.9,3.0610399999999996E-08,-1.9389999999999997E-08,1.9966E-10,3.2186E-07,-3.3317999999999997E-07
-0.165,0.9,3.0428399999999995E-08,-1.91262E-08,1.8441E-10,3.2184E-07,-3.3324E-07
-0.16,0.9,3.0083199999999996E-08,-1.88572E-08,1.6736E-10,3.2184E-07,-3.3247999999999997E-07
-0.155,0.9,2.9841599999999995E-08,-1.8593399999999998E-08,1.5132E-10,3.219E-07,-3.3306E-07
-0.15,0.9,2.9668399999999997E-08,-1.8344E-08,1.3527000000000002E-10,3.218E-07,-3.3272E-07
-0.14500000000000002,0.9,2.9349599999999996E-08,-1.8087399999999997E-08,1.1723000000000002E-10,3.2182E-07,-3.3292E-07
-0.14,0.9,2.9054799999999997E-08,-1.7834199999999997E-08,1.0015000000000001E-10,3.2124E-07,-3.3246E-07
-0.135,0.9,2.8798599999999997E-08,-1.7597E-08,8.4300000000000009E-11,3.2176E-07,-3.3286E-07
-0.13,0.9,2.86448E-08,-1.73498E-08,6.5440000000000009E-11,3.2176E-07,-3.33E-07
-0.125,0.9,2.8491799999999997E-08,-1.7102E-08,4.4520000000000005E-11,3.2173999999999997E-07,-3.33E-07
-0.12000000000000001,0.9,2.8180399999999997E-08,-1.6861799999999998E-08,2.358E-11,3.2168E-07,-3.3302E-07
-0.115,0.9,2.7933999999999997E-08,-1.6632999999999997E-08,8.0000000000000013E-14,3.2176E-07,-3.3289999999999997E-07
-0.11,0.9,2.7700599999999996E-08,-1.63988E-08,-2.4770000000000002E-11,3.217E-07,-3.3292E-07
-0.10500000000000001,0.9,2.7519599999999996E-08,-1.61666E-08,-5.0740000000000004E-11,3.2166E-07,-3.3282E-07
-0.1,0.9,2.7245799999999997E-08,-1.5941199999999998E-08,-8.05E-11,3.2166E-07,-3.3284E-07
-0.095,0.9,2.7104999999999997E-08,-1.5719199999999998E-08,-1.1642E-10,3.2166E-07,-3.3288E-07
-0.090000000000000011,0.9,2.6965599999999996E-08,-1.5491999999999997E-08,-1.5614000000000002E-10,3.2162E-07,-3.3274E-07
-0.085,0.9,2.6750399999999996E-08,-1.5276799999999998E-08,-1.9883000000000003E-10,3.2164E-07,-3.3278E-07
-0.08,0.9,2.6450199999999996E-08,-1.50552E-08,-2.4993000000000004E-10,3.2159999999999997E-07,-3.3275999999999997E-07
-0.075,0.9,2.6352999999999998E-08,-1.4838399999999999E-08,-3.08E-10,3.2098E-07,-3.3222E-07
-0.07,0.9,2.6193399999999997E-08,-1.4631599999999998E-08,-3.747E-10,3.2158E-07,-3.3261999999999997E-07
-0.065,0.9,2.6126E-08,-1.4423399999999998E-08,-4.5265000000000003E-10,3.2158E-07,-3.3268E-07
-0.060000000000000005,0.9,2.5865199999999998E-08,-1.4219399999999998E-08,-5.4600000000000008E-10,3.2162E-07,-3.3261999999999997E-07
-0.055,0.9,2.5850799999999997E-08,-1.4013199999999999E-08,-6.5123E-10,3.2092E-07,-3.3205999999999997E-07
-0.05,0.9,2.5772599999999997E-08,-1.3811199999999998E-08,-7.762400000000001E-10,3.2154E-07,-3.325E-07
-0.045000000000000005,0.9,2.56702E-08,-1.3606399999999998E-08,-9.2047E-10,3.2156E-07,-3.3261999999999997E-07
-0.04,0.9,2.5665999999999996E-08,-1.3415199999999999E-08,-1.09382E-09,3.215E-07,-3.3264E-07
-0.035,0.9,2.5711599999999997E-08,-1.32172E-08,-1.2924E-09,3.2148E-07,-3.3264E-07
-0.030000000000000002,0.9,2.5636199999999996E-08,-1.3018199999999999E-08,-1.5335E-09,3.2142E-07,-3.3247999999999997E-07
-0.025,0.9,2.5758399999999997E-08,-1.2824199999999999E-08,-1.8127E-09,3.2148E-07,-3.325E-07
-0.02,0.9,2.57834E-08,-1.2644599999999998E-08,-2.1452E-09,3.2148E-07,-3.3233999999999997E-07
-0.015000000000000001,0.9,2.5986999999999996E-08,-1.2449999999999999E-08,-2.5316E-09,3.2144E-07,-3.3244E-07
-0.01,0.9,2.6349999999999998E-08,-1.2262E-08,-2.9948E-09,3.2152E-07,-3.3264E-07
-0.005,0.9,2.6611799999999996E-08,-1.20732E-08,-3.5359E-09,3.208E-07,-3.3222E-07
0,0.9,2.7154799999999996E-08,-1.1890599999999999E-08,-4.1837E-09,3.2142E-07,-3.3252E-07
0.005,0.9,2.7725999999999996E-08,-1.17064E-08,-4.9407E-09,3.2145999999999997E-07,-3.3233999999999997E-07
0.01,0.9,2.8397799999999996E-08,-1.15292E-08,-5.8436999999999996E-09,3.2154E-07,-3.326E-07
0.015000000000000001,0.9,2.9284999999999997E-08,-1.1359599999999999E-08,-6.9015E-09,3.207E-07,-3.3168E-07
0.02,0.9,3.04014E-08,-1.1175599999999999E-08,-8.1722E-09,3.2116E-07,-3.3228E-07
0.025,0.9,3.1665399999999994E-08,-1.0999799999999998E-08,-9.6387E-09,3.2145999999999997E-07,-3.3224E-07
0.030000000000000002,0.9,3.3315199999999995E-08,-1.0834999999999999E-08,-1.14053E-08,3.2074E-07,-3.3166E-07
0.035,0.9,3.52192E-08,-1.06582E-08,-1.3471999999999998E-08,3.2148E-07,-3.3247999999999997E-07
0.04,0.9,3.7533199999999994E-08,-1.0494199999999999E-08,-1.5944199999999998E-08,3.214E-07,-3.3214E-07
0.045000000000000005,0.9,4.0232799999999996E-08,-1.03238E-08,-1.88328E-08,3.2142E-07,-3.3242E-07
0.05,0.9,4.3517999999999993E-08,-1.01558E-08,-2.22802E-08,3.2131999999999997E-07,-3.3232E-07
0.055,0.9,4.7427799999999995E-08,-1.00036E-08,-2.6306399999999996E-08,3.214E-07,-3.3236E-07
0.060000000000000005,0.9,5.1880799999999996E-08,-9.8342E-09,-3.10816E-08,3.214E-07,-3.324E-07
0.065,0.9,5.7535199999999996E-08,-9.6807999999999983E-09,-3.6806199999999996E-08,3.2134E-07,-3.3176E-07
0.07,0.9,6.4064799999999987E-08,-9.5294E-09,-4.3541999999999994E-08,3.2144E-07,-3.3233999999999997E-07
0.075,0.9,7.1928399999999989E-08,-9.3786E-09,-5.1579799999999992E-08,3.2136E-07,-3.3228E-07
0.08,0.9,8.11436E-08,-9.2215E-09,-6.09242E-08,3.2142E-07,-3.3228E-07
0.085,0.9,9.21352E-08,-9.0662E-09,-7.21704E-08,3.2134E-07,-3.3228E-07
0.090000000000000011,0.9,1.0517399999999999E-07,-8.9175E-09,-8.5325999999999993E-08,3.2072E-07,-3.3146E-07
0.095,0.9,1.2074E-07,-8.7639E-09,-1.0104419999999999E-07,3.2061999999999997E-07,-3.3152E-07
0.1,0.9,1.39E-07,-8.6162E-09,-1.1936E-07,3.214E-07,-3.3236E-07
0.10500000000000001,0.9,1.6098E-07,-8.4634E-09,-1.415E-07,3.2128E-07,-3.3238E-07
0.11,0.9,1.8624E-07,-8.3207E-09,-1.6714E-07,3.2138E-07,-3.3224E-07
0.115,0.9,2.1732E-07,-8.1738E-09,-1.9806E-07,3.2131999999999997E-07,-3.316E-07
0.12000000000000001,0.9,2.5342E-07,-8.0306E-09,-2.344E-07,3.2131999999999997E-07,-3.321E-07
0.125,0.9,2.9657999999999997E-07,-7.8903E-09,-2.7764E-07,3.2138E-07,-3.3216E-07
0.13,0.9,3.4688E-07,-7.7486E-09,-3.2813999999999997E-07,3.2068E-07,-3.3138E-07
0.135,0.9,4.0764E-07,-7.6114E-09,-3.89E-07,3.2075999999999997E-07,-3.3212E-07
0.14,0.9,4.7806E-07,-7.4697999999999992E-09,-4.5932E-07,3.2134E-07,-3.3222E-07
0.14500000000000002,0.9,5.6278E-07,-7.3331E-09,-5.4464E-07,3.2136E-07,-3.3216E-07
0.15,0.9,6.6232E-07,-7.1996E-09,-6.439E-07,3.2134E-07,-3.3216E-07
0.155,0.9,7.7926E-07,-7.0697E-09,-7.6172E-07,3.2134E-07,-3.3216E-07
0.16,0.9,9.1998E-07,-6.9332E-09,-9.0214E-07,3.2106E-07,-3.3204E-07
0.165,0.9,1.08342E-06,-6.8007E-09,-1.0659E-06,3.214E-07,-3.3218E-07
0.17,0.9,1.283E-06,-6.6767E-09,-1.2614000000000001E-06,3.2136E-07,-3.3224E-07
0.17500000000000002,0.9,1.5109000000000002E-06,-6.5428E-09,-1.4915000000000003E-06,3.2136E-07,-3.3228E-07
0.18000000000000002,0.9,1.7858000000000001E-06,-6.4166E-09,-1.7659000000000001E-06,3.2126E-07,-3.321E-07
0.185,0.9,2.1049000000000004E-06,-6.2856E-09,-2.0846000000000003E-06,3.2072E-07,-3.3154E-07
0.19,0.9,2.4897E-06,-6.1651E-09,-2.4706E-06,3.208E-07,-3.3202E-07
0.195,0.9,2.9381000000000003E-06,-6.0384E-09,-2.9186000000000003E-06,3.2138E-07,-3.323E-07
0.2,0.9,3.4743000000000003E-06,-5.9142E-09,-3.4557000000000002E-06,3.2138E-07,-3.321E-07
0.20500000000000002,0.9,4.0981000000000006E-06,-5.7887E-09,-4.0795000000000005E-06,3.2128E-07,-3.3138E-07
0.21000000000000002,0.9,4.8478E-06,-5.6638E-09,-4.8305000000000006E-06,3.2134E-07,-3.3218E-07
0.215,0.9,5.7125000000000008E-06,-5.5474E-09,-5.6962000000000006E-06,3.2136E-07,-3.3214E-07
0.22,0.9,6.7573000000000005E-06,-5.4213E-09,-6.7398000000000011E-06,3.214E-07,-3.3205999999999997E-07
0.225,0.9,7.9572E-06,-5.3045E-09,-7.9446E-06,3.2092E-07,-3.3149999999999997E-07
0.23,0.9,9.4060000000000011E-06,-5.1807E-09,-9.385100000000001E-06,3.2134E-07,-3.3205999999999997E-07
0.23500000000000001,0.9,1.1071000000000001E-05,-5.0668E-09,-1.1054200000000002E-05,3.211E-07,-3.3146E-07
0.24000000000000002,0.9,1.3078E-05,-4.9534E-09,-1.3044E-05,3.2131999999999997E-07,-3.3205999999999997E-07
0.24500000000000002,0.9,1.5376E-05,-4.8287E-09,-1.5362E-05,3.2134E-07,-3.318E-07
0.25,0.9,1.8082E-05,-4.7127E-09,-1.8064000000000002E-05,3.2078E-07,-3.3212E-07
0.255,0.9,2.1324E-05,-4.5862E-09,-2.1268E-05,3.2131999999999997E-07,-3.3186E-07
0.26,0.9,2.5006E-05,-4.472E-09,-2.5E-05,3.213E-07,-3.3202E-07
0.265,0.9,2.9406000000000003E-05,-4.349E-09,-2.9374E-05,3.2142E-07,-3.3172E-07
0.27,0.9,3.4482E-05,-4.2372E-09,-3.4458E-05,3.208E-07,-3.317E-07
0.275,0.9,4.046E-05,-4.1134E-09,-4.045E-05,3.2136E-07,-3.3198E-07
0.28,0.9,4.7338E-05,-3.9975E-09,-4.7306000000000004E-05,3.2136E-07,-3.3194E-07
0.28500000000000003,0.9,5.5462000000000005E-05,-3.8738E-09,-5.5458E-05,3.213E-07,-3.3216E-07
0.29000000000000004,0.9,6.4724E-05,-3.7563E-09,-6.4776E-05,3.2134E-07,-3.319E-07
0.29500000000000004,0.9,7.5668000000000008E-05,-3.6304E-09,-7.563E-05,3.2134E-07,-3.3194E-07
0.3,0.9,8.8104000000000009E-05,-3.5103999999999998E-09,-8.81E-05,3.2131999999999997E-07,-3.3208E-07
0.305,0.9,0.000102656,-3.3838E-09,-0.000102732,3.2136E-07,-3.3188E-07
0.31,0.9,0.00011966,-3.2599E-09,-0.00011930000000000001,3.2128E-07,-3.3158E-07
0.315,0.9,0.00013894000000000002,-3.137E-09,-0.0001386,3.2066E-07,-3.317E-07
0.32,0.9,0.00016064,-3.0052E-09,-0.00016038,3.2138E-07,-3.319E-07
0.325,0.9,0.00018616000000000002,-2.881E-09,-0.00018578,3.2128E-07,-3.3191999999999997E-07
0.33,0.9,0.0002143,-2.7471E-09,-0.00021448000000000002,3.2128E-07,-3.3191999999999997E-07
0.335,0.9,0.00024736,-2.6186E-09,-0.00024712000000000003,3.2136E-07,-3.3177999999999997E-07
0.34,0.9,0.00028438000000000004,-2.4804E-09,-0.00028424,3.2134E-07,-3.3191999999999997E-07
0.34500000000000003,0.9,0.00032676,-2.3453E-09,-0.00032638000000000003,3.2138E-07,-3.3184E-07
0.35000000000000003,0.9,0.00037398000000000005,-2.2067E-09,-0.00037374,3.2134E-07,-3.3191999999999997E-07
0.35500000000000004,0.9,0.00042756,-2.0653E-09,-0.00042730000000000003,3.2142E-07,-3.3204E-07
0.36000000000000004,0.9,0.0004869,-1.9254E-09,-0.00048656000000000003,3.214E-07,-3.3186E-07
0.365,0.9,0.00055422,-1.7749E-09,-0.00055412000000000007,3.2082E-07,-3.3121999999999997E-07
0.37,0.9,0.00062822000000000008,-1.6335E-09,-0.00062792,3.2142E-07,-3.32E-07
0.375,0.9,0.00071142,-1.4772E-09,-0.00071122,3.214E-07,-3.3194E-07
0.38,0.9,0.0008030200000000001,-1.3288E-09,-0.00080220000000000009,3.2078E-07,-3.3124E-07
0.385,0.9,0.00090442000000000007,-1.1691E-09,-0.00090400000000000007,3.2136E-07,-3.3216E-07
0.39,0.9,0.00101408,-1.0161E-09,-0.0010139600000000002,3.2152E-07,-3.3186E-07
0.395,0.9,0.00113666,-8.5054E-10,-0.00113608,3.2144E-07,-3.3202E-07
0.4,0.9,0.0012686,-6.9432E-10,-0.0012672,3.2078E-07,-3.3154E-07
0.405,0.9,0.001413,-5.2127E-10,-0.0014122,3.2152E-07,-3.3198E-07
0.41000000000000003,0.9,0.0015672,-3.6043E-10,-0.0015674,3.2154E-07,-3.3198E-07
0.41500000000000004,0.9,0.0017374,-1.8442000000000002E-10,-0.0017372,3.2159999999999997E-07,-3.3214E-07
0.42000000000000004,0.9,0.0019166,-1.916E-11,-0.0019174,3.2164E-07,-3.3205999999999997E-07
0.42500000000000004,0.9,0.0021144000000000002,1.5933E-10,-0.0021128,3.2164E-07,-3.3149999999999997E-07
0.43,0.9,0.0023206,3.287E-10,-0.0023194,3.217E-07,-3.3205999999999997E-07
0.435,0.9,0.0025438,5.0585000000000007E-10,-0.0025428,3.2116E-07,-3.32E-07
0.44,0.9,0.0027768000000000003,6.8903E-10,-0.0027760000000000003,3.2098E-07,-3.3154E-07
0.445,0.9,0.0030282,8.6998E-10,-0.0030284,3.2182E-07,-3.3218E-07
0.45,0.9,0.0032920000000000002,1.05571E-09,-0.0032920000000000002,3.2184E-07,-3.3236E-07
0.455,0.9,0.0035752,1.2419E-09,-0.0035722,3.213E-07,-3.3166E-07
0.46,0.9,0.0038642,1.4176E-09,-0.0038644,3.2204E-07,-3.3275999999999997E-07
0.465,0.9,0.0041746,1.6085E-09,-0.0041746,3.2201999999999997E-07,-3.323E-07
0.47000000000000003,0.9,0.0044954,1.7909E-09,-0.0044934,3.2208E-07,-3.3244E-07
0.47500000000000003,0.9,0.0048336,1.981E-09,-0.0048308,3.2218E-07,-3.3246E-07
0.48000000000000004,0.9,0.0051822000000000005,2.1703E-09,-0.0051808,3.2208E-07,-3.3258E-07
0.48500000000000004,0.9,0.0055516,2.3628E-09,-0.0055516,3.2229999999999997E-07,-3.3264E-07
0.49000000000000005,0.9,0.0059294000000000005,2.5538E-09,-0.005929,3.2229999999999997E-07,-3.3254E-07
0.49500000000000005,0.9,0.0063252000000000004,2.7447E-09,-0.0063242,3.2236E-07,-3.3244E-07
0.5,0.9,0.0067316,2.9471E-09,-0.0067304,3.2242E-07,-3.3278E-07
0.505,0.9,0.0071564,3.1436E-09,-0.007156,3.2256E-07,-3.3282E-07
0.51,0.9,0.0075892,3.3444E-09,-0.0075874,3.2264E-07,-3.3275999999999997E-07
0.515,0.9,0.0080396000000000009,3.5395E-09,-0.0080396000000000009,3.2271999999999997E-07,-3.3238E-07
0.52,0.9,0.0084996,3.7459E-09,-0.0084992,3.2288E-07,-3.3246E-07
0.525,0.9,0.008978,3.9512E-09,-0.0089764,3.2294E-07,-3.3292E-07
0.53,0.9,0.0094636,4.1587E-09,-0.0094634,3.2299999999999997E-07,-3.3317999999999997E-07
0.535,0.9,0.0099660000000000009,4.366E-09,-0.0099644,3.231E-07,-3.333E-07
0.54,0.9,0.0104748,4.5825E-09,-0.0104734,3.2326E-07,-3.3345999999999997E-07
0.545,0.9,0.0110046,4.7925E-09,-0.0110042,3.2326E-07,-3.3328E-07
0.55,0.9,0.011564000000000001,5.0036E-09,-0.011534,3.2341999999999997E-07,-3.3352E-07
0.555,0.9,0.012114000000000002,5.2211E-09,-0.012090000000000002,3.2355999999999997E-07,-3.337E-07
0.56,0.9,0.01267,5.4451E-09,-0.012650000000000002,3.2366E-07,-3.3316E-07
0.56500000000000006,0.9,0.013242,5.6683E-09,-0.013224000000000001,3.2374E-07,-3.338E-07
0.57000000000000006,0.9,0.013818,5.8885E-09,-0.013796000000000001,3.2394E-07,-3.3387999999999997E-07
0.57500000000000007,0.9,0.014412000000000001,6.114E-09,-0.014392000000000002,3.2402E-07,-3.34E-07
0.58000000000000007,0.9,0.015008,6.3442E-09,-0.014988000000000001,3.2408E-07,-3.3408E-07
0.58500000000000008,0.9,0.015624,6.5786E-09,-0.015606000000000002,3.2424E-07,-3.3414E-07
0.59000000000000008,0.9,0.016242000000000003,6.8113E-09,-0.016220000000000002,3.2438E-07,-3.3442E-07
0.595,0.9,0.016878,7.0486E-09,-0.016852000000000002,3.245E-07,-3.3452E-07
0.6,0.9,0.017508000000000003,7.2878E-09,-0.017492,3.246E-07,-3.347E-07
0.605,0.9,0.018162,7.5374E-09,-0.01814,3.248E-07,-3.3476E-07
0.61,0.9,0.018812000000000002,7.7816E-09,-0.018794,3.249E-07,-3.348E-07
0.615,0.9,0.01948,8.032E-09,-0.019462,3.2492E-07,-3.348E-07
0.62,0.9,0.020152000000000003,8.2847E-09,-0.020132,3.2506E-07,-3.3454E-07
0.625,0.9,0.020836,8.5407E-09,-0.020822,3.252E-07,-3.3516E-07
0.63,0.9,0.021524,8.7996E-09,-0.021506,3.2534E-07,-3.3518E-07
0.635,0.9,0.022226000000000003,9.0646E-09,-0.02221,3.2556E-07,-3.353E-07
0.64,0.9,0.022930000000000002,9.3297E-09,-0.022910000000000003,3.2568E-07,-3.3544E-07
0.645,0.9,0.023644000000000002,9.6009E-09,-0.023628000000000003,3.2586E-07,-3.3484E-07
0.65,0.9,0.024362,9.8749E-09,-0.024342000000000003,3.2588E-07,-3.3576E-07
0.655,0.9,0.025088000000000003,1.01602E-08,-0.025072,3.2608E-07,-3.3586E-07
0.66,0.9,0.025820000000000003,1.04338E-08,-0.025798,3.2622E-07,-3.3578E-07
0.665,0.9,0.026564,1.0735E-08,-0.026542000000000003,3.2631999999999997E-07,-3.3596E-07
0.67,0.9,0.027302000000000003,1.10175E-08,-0.027288000000000003,3.265E-07,-3.3622E-07
0.675,0.9,0.028064000000000002,1.13157E-08,-0.028046,3.2668E-07,-3.3634E-07
0.68,0.9,0.028818000000000003,1.16324E-08,-0.028798000000000004,3.2642E-07,-3.3586E-07
0.685,0.9,0.029588000000000003,1.1941999999999999E-08,-0.029568000000000004,3.2638E-07,-3.3597999999999997E-07
0.69000000000000006,0.9,0.030352000000000004,1.2255399999999998E-08,-0.030332,3.2706E-07,-3.3667999999999997E-07
0.69500000000000006,0.9,0.031124000000000002,1.2565399999999999E-08,-0.031104000000000003,3.2726E-07,-3.3676E-07
0.70000000000000007,0.9,0.031908000000000006,1.2884599999999999E-08,-0.03189,3.2708E-07,-3.368E-07
0.70500000000000007,0.9,0.032690000000000004,1.3207599999999998E-08,-0.032672,3.2686E-07,-3.3692E-07
0.71000000000000008,0.9,0.033486,1.3543E-08,-0.033472,3.2762E-07,-3.3708E-07
0.71500000000000008,0.9,0.034278,1.3878799999999999E-08,-0.034258000000000004,3.2766E-07,-3.3716E-07
0.72000000000000008,0.9,0.035086000000000006,1.4217999999999999E-08,-0.035070000000000004,3.2792E-07,-3.3737999999999997E-07
0.72500000000000009,0.9,0.035886,1.4564399999999999E-08,-0.035870000000000006,3.2806E-07,-3.3754E-07
0.73,0.9,0.036704,1.4924E-08,-0.036684,3.2822E-07,-3.3756E-07
0.735,0.9,0.037514000000000006,1.5288599999999997E-08,-0.037492000000000004,3.282E-07,-3.3779999999999997E-07
0.74,0.9,0.038338000000000004,1.56504E-08,-0.038324000000000004,3.2844E-07,-3.3788E-07
0.745,0.9,0.039158000000000005,1.60174E-08,-0.039136000000000004,3.2852E-07,-3.3782E-07
0.75,0.9,0.039992000000000007,1.6403599999999997E-08,-0.039976000000000005,3.2876E-07,-3.3798E-07
0.755,0.9,0.040816000000000005,1.67832E-08,-0.040798,3.2872E-07,-3.3824E-07
0.76,0.9,0.041664000000000007,1.71868E-08,-0.041642000000000005,3.285E-07,-3.3779999999999997E-07
0.765,0.9,0.042494000000000004,1.7580199999999997E-08,-0.042476000000000007,3.2924E-07,-3.3862E-07
0.77,0.9,0.043342000000000006,1.7989999999999998E-08,-0.04333,3.2902E-07,-3.3858E-07
0.775,0.9,0.044184,1.8404199999999998E-08,-0.044164,3.296E-07,-3.387E-07
0.78,0.9,0.045042000000000006,1.8835E-08,-0.045024,3.2908E-07,-3.383E-07
0.785,0.9,0.045890000000000007,1.92638E-08,-0.045872,3.2986E-07,-3.391E-07
0.79,0.9,0.046756000000000006,1.9720599999999997E-08,-0.046734000000000005,3.3006E-07,-3.3919999999999997E-07
0.795,0.9,0.047612,2.0160199999999997E-08,-0.047590000000000007,3.2972E-07,-3.386E-07
0.8,0.9,0.048486,2.0628799999999998E-08,-0.048462000000000005,3.3042E-07,-3.3964E-07
0.805,0.9,0.049342000000000004,2.1095599999999997E-08,-0.049324000000000007,3.2994E-07,-3.3904E-07
0.81,0.9,0.050206000000000008,2.15578E-08,-0.050188,3.3065999999999997E-07,-3.397E-07
0.81500000000000006,0.9,0.051086000000000006,2.2044199999999996E-08,-0.051068,3.3088E-07,-3.399E-07
0.82000000000000006,0.9,0.051954000000000007,2.2538799999999997E-08,-0.051936,3.31E-07,-3.4006E-07
0.82500000000000007,0.9,0.052838,2.3048999999999997E-08,-0.052820000000000006,3.3118E-07,-3.4018E-07
0.83000000000000007,0.9,0.053712,2.3559199999999997E-08,-0.053692000000000004,3.3138E-07,-3.4044E-07
0.83500000000000008,0.9,0.054606,2.4093999999999997E-08,-0.054580000000000004,3.316E-07,-3.4044E-07
0.84000000000000008,0.9,0.05548,2.4642199999999997E-08,-0.055470000000000005,3.3172E-07,-3.4056E-07
0.84500000000000008,0.9,0.056376,2.5182799999999997E-08,-0.056356,3.319E-07,-3.4092E-07
0.85000000000000009,0.9,0.057260000000000005,2.5739799999999997E-08,-0.057244,3.319E-07,-3.4108E-07
0.85500000000000009,0.9,0.058162000000000005,2.6307999999999996E-08,-0.058138,3.3232E-07,-3.411E-07
0.86,0.9,0.059052000000000007,2.6896399999999997E-08,-0.059030000000000006,3.324E-07,-3.4122E-07
0.865,0.9,0.059954000000000007,2.7504799999999996E-08,-0.059940000000000007,3.3258E-07,-3.4139999999999997E-07
0.87,0.9,0.060844,2.8101399999999996E-08,-0.060824,3.3275999999999997E-07,-3.4172E-07
0.875,0.9,0.061754,2.8731399999999996E-08,-0.06174,3.3296E-07,-3.4166E-07
0.88,0.9,0.062650000000000011,2.93702E-08,-0.062636000000000011,3.3314E-07,-3.4184E-07
0.885,0.9,0.06357,3.002E-08,-0.063550000000000009,3.328E-07,-3.4158E-07
0.89,0.9,0.064472,3.0687599999999995E-08,-0.064452000000000009,3.3345999999999997E-07,-3.4237999999999997E-07
0.895,0.9,0.065378,3.1366E-08,-0.06536,3.331E-07,-3.424E-07
0.9,0.9,0.06628400000000001,3.20418E-08,-0.066262,3.3384E-07,-3.424E-07
