vg	id_vd = 0.0V	ig_vd = 0.0V	is_vd = 0.0V	iavdd_vd = 0.0V	ignd_vd = 0.0V	id_vd = 0.01V	ig_vd = 0.01V	is_vd = 0.01V	iavdd_vd = 0.01V	ignd_vd = 0.01V	id_vd = 0.02V	ig_vd = 0.02V	is_vd = 0.02V	iavdd_vd = 0.02V	ignd_vd = 0.02V	id_vd = 0.03V	ig_vd = 0.03V	is_vd = 0.03V	iavdd_vd = 0.03V	ignd_vd = 0.03V	id_vd = 0.04V	ig_vd = 0.04V	is_vd = 0.04V	iavdd_vd = 0.04V	ignd_vd = 0.04V	id_vd = 0.05V	ig_vd = 0.05V	is_vd = 0.05V	iavdd_vd = 0.05V	ignd_vd = 0.05V	id_vd = 0.06V	ig_vd = 0.06V	is_vd = 0.06V	iavdd_vd = 0.06V	ignd_vd = 0.06V	id_vd = 0.07V	ig_vd = 0.07V	is_vd = 0.07V	iavdd_vd = 0.07V	ignd_vd = 0.07V	id_vd = 0.08V	ig_vd = 0.08V	is_vd = 0.08V	iavdd_vd = 0.08V	ignd_vd = 0.08V	id_vd = 0.09V	ig_vd = 0.09V	is_vd = 0.09V	iavdd_vd = 0.09V	ignd_vd = 0.09V	id_vd = 0.1V	ig_vd = 0.1V	is_vd = 0.1V	iavdd_vd = 0.1V	ignd_vd = 0.1V
-0.3	1.0127e-10	-2.0615e-09	1.5254e-10	3.1838e-07	-3.1654e-07	1.5065e-10	-2.0685e-09	1.4467e-10	3.1816e-07	-3.1646e-07	1.9623e-10	-2.0822e-09	1.4173e-10	3.1804e-07	-3.1624e-07	2.3106e-10	-2.0968e-09	1.3463e-10	3.182e-07	-3.1636e-07	2.6897e-10	-2.1079e-09	1.2853e-10	3.181e-07	-3.1632e-07	3.0449e-10	-2.1217e-09	1.2435e-10	3.1798e-07	-3.1632e-07	3.3841e-10	-2.1403e-09	1.2202e-10	3.1804e-07	-3.163e-07	3.7732e-10	-2.1573e-09	1.2402e-10	3.1804e-07	-3.1642e-07	4.2036e-10	-2.1776e-09	1.2007e-10	3.181e-07	-3.1634e-07	4.5873e-10	-2.1897e-09	1.194e-10	3.1802e-07	-3.164e-07	4.9298e-10	-2.2126e-09	1.1943e-10	3.1808e-07	-3.1652e-07
-0.295	9.376e-11	-1.8716e-09	1.4586e-10	3.1834e-07	-3.1672e-07	1.3804e-10	-1.8831e-09	1.3533e-10	3.1822e-07	-3.166e-07	1.8342e-10	-1.8916e-09	1.3255e-10	3.1804e-07	-3.1646e-07	2.2397e-10	-1.9037e-09	1.2453e-10	3.1816e-07	-3.1652e-07	2.5779e-10	-1.9131e-09	1.2203e-10	3.1804e-07	-3.1648e-07	2.9555e-10	-1.9342e-09	1.1547e-10	3.1802e-07	-3.1652e-07	3.364e-10	-1.9486e-09	1.1483e-10	3.1798e-07	-3.1642e-07	3.6874e-10	-1.9661e-09	1.1346e-10	3.1802e-07	-3.1658e-07	4.06e-10	-1.9819e-09	1.087e-10	3.1808e-07	-3.1658e-07	4.4653e-10	-1.9995e-09	1.1158e-10	3.18e-07	-3.1652e-07	4.8984e-10	-2.0174e-09	1.1028e-10	3.1812e-07	-3.1672e-07
-0.29	9.184e-11	-1.6982e-09	1.409e-10	3.1842e-07	-3.1684e-07	1.2858e-10	-1.711e-09	1.2827e-10	3.1818e-07	-3.167e-07	1.7472e-10	-1.7138e-09	1.251e-10	3.1808e-07	-3.1664e-07	2.1877e-10	-1.7268e-09	1.178e-10	3.181e-07	-3.1676e-07	2.5513e-10	-1.7455e-09	1.1453e-10	3.18e-07	-3.1666e-07	2.8559e-10	-1.7574e-09	1.0832e-10	3.1798e-07	-3.1658e-07	3.3224e-10	-1.77e-09	1.0737e-10	3.18e-07	-3.167e-07	3.625e-10	-1.7878e-09	1.0471e-10	3.1802e-07	-3.1672e-07	3.9593e-10	-1.8072e-09	1.0012e-10	3.181e-07	-3.1678e-07	4.3936e-10	-1.8243e-09	1.0337e-10	3.1804e-07	-3.1672e-07	4.7594e-10	-1.8462e-09	9.968e-11	3.1808e-07	-3.1678e-07
-0.285	8.833e-11	-1.5379e-09	1.3314e-10	3.184e-07	-3.1708e-07	1.2955e-10	-1.5463e-09	1.2303e-10	3.1822e-07	-3.1686e-07	1.7025e-10	-1.5572e-09	1.1839e-10	3.1804e-07	-3.168e-07	2.1196e-10	-1.57e-09	1.1064e-10	3.1812e-07	-3.1684e-07	2.4657e-10	-1.5824e-09	1.0407e-10	3.1804e-07	-3.1682e-07	2.8112e-10	-1.5964e-09	9.959e-11	3.1806e-07	-3.1684e-07	3.1736e-10	-1.6169e-09	9.885e-11	3.1804e-07	-3.1674e-07	3.5864e-10	-1.6239e-09	9.631e-11	3.1808e-07	-3.1688e-07	3.9529e-10	-1.64e-09	9.308e-11	3.1802e-07	-3.1678e-07	4.2932e-10	-1.6673e-09	9.323e-11	3.18e-07	-3.168e-07	4.6182e-10	-1.6858e-09	9.061e-11	3.1798e-07	-3.1688e-07
-0.28	8.414e-11	-1.3987e-09	1.2643e-10	3.184e-07	-3.1714e-07	1.2824e-10	-1.4103e-09	1.1695e-10	3.1814e-07	-3.1692e-07	1.6609e-10	-1.4163e-09	1.0942e-10	3.1808e-07	-3.1688e-07	2.0344e-10	-1.4318e-09	1.0154e-10	3.1804e-07	-3.1702e-07	2.4872e-10	-1.4373e-09	9.896e-11	3.1802e-07	-3.1688e-07	2.7321e-10	-1.4595e-09	9.249e-11	3.1808e-07	-3.1696e-07	3.0934e-10	-1.4739e-09	8.956e-11	3.1798e-07	-3.1694e-07	3.4901e-10	-1.4856e-09	8.545e-11	3.1804e-07	-3.1698e-07	3.9312e-10	-1.5024e-09	8.526e-11	3.1802e-07	-3.17e-07	4.2161e-10	-1.5205e-09	8.426e-11	3.1808e-07	-3.1698e-07	4.5978e-10	-1.5388e-09	8.229e-11	3.1806e-07	-3.17e-07
-0.275	8.183e-11	-1.2646e-09	1.2369e-10	3.1834e-07	-3.1718e-07	1.237e-10	-1.2797e-09	1.1039e-10	3.1814e-07	-3.1706e-07	1.5963e-10	-1.2898e-09	1.0235e-10	3.1808e-07	-3.1708e-07	1.9533e-10	-1.2997e-09	9.367e-11	3.1808e-07	-3.1706e-07	2.4293e-10	-1.3106e-09	8.842e-11	3.1796e-07	-3.17e-07	2.6781e-10	-1.3281e-09	8.4e-11	3.1806e-07	-3.1706e-07	3.0187e-10	-1.3389e-09	8.122e-11	3.1806e-07	-3.1708e-07	3.4281e-10	-1.3551e-09	7.707e-11	3.18e-07	-3.1702e-07	3.8256e-10	-1.373e-09	7.534e-11	3.1804e-07	-3.1712e-07	4.1895e-10	-1.3858e-09	7.504e-11	3.1798e-07	-3.1712e-07	4.5601e-10	-1.4059e-09	7.275e-11	3.1804e-07	-3.1714e-07
-0.27	7.601e-11	-1.1488e-09	1.1851e-10	3.1832e-07	-3.1738e-07	1.2334e-10	-1.161e-09	1.0527e-10	3.1814e-07	-3.1724e-07	1.5764e-10	-1.1696e-09	9.787e-11	3.1808e-07	-3.1714e-07	2.0107e-10	-1.1791e-09	8.546e-11	3.1804e-07	-3.1716e-07	2.3406e-10	-1.1978e-09	7.879e-11	3.1796e-07	-3.1714e-07	2.689e-10	-1.2086e-09	7.685e-11	3.1802e-07	-3.1712e-07	3.0553e-10	-1.2214e-09	7.107e-11	3.181e-07	-3.1718e-07	3.3887e-10	-1.2329e-09	6.866e-11	3.1804e-07	-3.1718e-07	3.764e-10	-1.2521e-09	6.705e-11	3.1798e-07	-3.1718e-07	4.1189e-10	-1.2699e-09	6.486e-11	3.181e-07	-3.1724e-07	4.4798e-10	-1.2908e-09	6.224e-11	3.1798e-07	-3.1724e-07
-0.265	6.504e-11	-1.0461e-09	1.1176e-10	3.183e-07	-3.175e-07	1.2032e-10	-1.0489e-09	9.957e-11	3.1804e-07	-3.173e-07	1.5447e-10	-1.0634e-09	8.813e-11	3.18e-07	-3.1722e-07	1.9653e-10	-1.0771e-09	7.798e-11	3.1812e-07	-3.1726e-07	2.2752e-10	-1.0868e-09	6.977e-11	3.1798e-07	-3.1724e-07	2.6734e-10	-1.0982e-09	6.91e-11	3.1808e-07	-3.173e-07	2.9686e-10	-1.116e-09	6.16e-11	3.1798e-07	-3.1724e-07	3.3232e-10	-1.1267e-09	6.14e-11	3.1802e-07	-3.1732e-07	3.6985e-10	-1.1407e-09	5.804e-11	3.1802e-07	-3.173e-07	4.0575e-10	-1.1596e-09	5.386e-11	3.1802e-07	-3.1724e-07	4.4426e-10	-1.1789e-09	5.346e-11	3.1802e-07	-3.1732e-07
-0.26	5.511e-11	-9.4882e-10	1.0503e-10	3.183e-07	-3.175e-07	1.1113e-10	-9.5992e-10	8.667e-11	3.1812e-07	-3.1732e-07	1.5101e-10	-9.7153e-10	7.773e-11	3.1808e-07	-3.1732e-07	1.9152e-10	-9.8069e-10	6.89e-11	3.1804e-07	-3.173e-07	2.2762e-10	-9.914e-10	6.762e-11	3.1804e-07	-3.173e-07	2.6325e-10	-1.0069e-09	5.765e-11	3.1798e-07	-3.1726e-07	2.9984e-10	-1.0183e-09	5.252e-11	3.1812e-07	-3.1742e-07	3.2579e-10	-1.0326e-09	4.943e-11	3.1804e-07	-3.1736e-07	3.6056e-10	-1.0481e-09	4.666e-11	3.1802e-07	-3.174e-07	4.0659e-10	-1.0586e-09	4.396e-11	3.18e-07	-3.1738e-07	4.4403e-10	-1.0744e-09	4.543e-11	3.1796e-07	-3.1732e-07
-0.255	6.016e-11	-8.6343e-10	1.0083e-10	3.1832e-07	-3.176e-07	1.0282e-10	-8.7259e-10	8.175e-11	3.181e-07	-3.1742e-07	1.4915e-10	-8.8121e-10	7.232e-11	3.181e-07	-3.1744e-07	1.9097e-10	-8.8932e-10	6.143e-11	3.181e-07	-3.1746e-07	2.2938e-10	-9.0479e-10	5.601e-11	3.1804e-07	-3.1742e-07	2.5982e-10	-9.1275e-10	4.928e-11	3.1808e-07	-3.1736e-07	3.0137e-10	-9.2756e-10	4.261e-11	3.1802e-07	-3.1742e-07	3.2576e-10	-9.403e-10	3.98e-11	3.18e-07	-3.1746e-07	3.5981e-10	-9.5417e-10	3.748e-11	3.181e-07	-3.175e-07	4.0278e-10	-9.7206e-10	3.459e-11	3.1798e-07	-3.1752e-07	4.3699e-10	-9.921e-10	2.742e-11	3.1804e-07	-3.1742e-07
-0.25	4.905e-11	-7.8825e-10	9.465e-11	3.1834e-07	-3.1766e-07	1.0345e-10	-7.9041e-10	7.566e-11	3.181e-07	-3.1746e-07	1.4938e-10	-8.0346e-10	6.544e-11	3.1804e-07	-3.1746e-07	1.8868e-10	-8.1151e-10	5.139e-11	3.181e-07	-3.175e-07	2.2714e-10	-8.2491e-10	4.524e-11	3.1804e-07	-3.1748e-07	2.6131e-10	-8.3612e-10	3.759e-11	3.1802e-07	-3.1746e-07	2.871e-10	-8.493e-10	2.948e-11	3.1808e-07	-3.1744e-07	3.3307e-10	-8.5915e-10	2.915e-11	3.1796e-07	-3.1748e-07	3.6506e-10	-8.7364e-10	2.76e-11	3.1802e-07	-3.1748e-07	3.9639e-10	-8.9313e-10	2.097e-11	3.18e-07	-3.1754e-07	4.2872e-10	-9.1076e-10	1.548e-11	3.1798e-07	-3.1754e-07
-0.245	4.51e-11	-7.1448e-10	9.099e-11	3.1838e-07	-3.1774e-07	1.0012e-10	-7.2524e-10	6.766e-11	3.1804e-07	-3.175e-07	1.4935e-10	-7.3637e-10	5.544e-11	3.1804e-07	-3.175e-07	1.8648e-10	-7.4222e-10	4.191e-11	3.1808e-07	-3.175e-07	2.2737e-10	-7.4923e-10	3.492e-11	3.1808e-07	-3.1748e-07	2.5683e-10	-7.6538e-10	2.516e-11	3.1798e-07	-3.1748e-07	2.9228e-10	-7.7508e-10	2.028e-11	3.1808e-07	-3.1756e-07	3.3116e-10	-7.8967e-10	1.738e-11	3.1798e-07	-3.1754e-07	3.5994e-10	-8.0253e-10	1.287e-11	3.1808e-07	-3.1756e-07	3.9909e-10	-8.1487e-10	1.111e-11	3.1804e-07	-3.176e-07	4.3239e-10	-8.3237e-10	5.71e-12	3.18e-07	-3.176e-07
-0.24	3.887e-11	-6.4917e-10	8.69e-11	3.183e-07	-3.1772e-07	9.443e-11	-6.5797e-10	6.287e-11	3.1804e-07	-3.1752e-07	1.5147e-10	-6.6825e-10	4.712e-11	3.1804e-07	-3.176e-07	1.8442e-10	-6.7232e-10	3.516e-11	3.1808e-07	-3.1762e-07	2.2446e-10	-6.8983e-10	2.29e-11	3.1802e-07	-3.1754e-07	2.5917e-10	-6.9697e-10	1.252e-11	3.1798e-07	-3.1752e-07	2.9987e-10	-7.0629e-10	8.54e-12	3.1806e-07	-3.1766e-07	3.3019e-10	-7.1832e-10	3.72e-12	3.1806e-07	-3.1758e-07	3.556e-10	-7.3357e-10	5.6e-13	3.1802e-07	-3.1764e-07	4.0435e-10	-7.4854e-10	-3.12e-12	3.1802e-07	-3.1766e-07	4.2964e-10	-7.6777e-10	-9.12e-12	3.1806e-07	-3.1764e-07
-0.235	3.165e-11	-5.9268e-10	8.053e-11	3.1832e-07	-3.1784e-07	9.42e-11	-5.9831e-10	5.636e-11	3.1816e-07	-3.1764e-07	1.5148e-10	-6.042e-10	3.739e-11	3.1806e-07	-3.1768e-07	1.8993e-10	-6.1404e-10	2.254e-11	3.1808e-07	-3.177e-07	2.2311e-10	-6.2903e-10	8.34e-12	3.18e-07	-3.1764e-07	2.6425e-10	-6.3403e-10	6.9e-13	3.1804e-07	-3.1764e-07	3.0256e-10	-6.4938e-10	-5.77e-12	3.1806e-07	-3.1776e-07	3.3717e-10	-6.5757e-10	-9.64e-12	3.1796e-07	-3.1764e-07	3.6283e-10	-6.7067e-10	-1.377e-11	3.1798e-07	-3.1762e-07	4.0235e-10	-6.901e-10	-1.887e-11	3.1798e-07	-3.1766e-07	4.3462e-10	-7.0745e-10	-2.429e-11	3.1804e-07	-3.1772e-07
-0.23	2.428e-11	-5.3968e-10	7.417e-11	3.184e-07	-3.179e-07	8.997e-11	-5.4526e-10	4.912e-11	3.1804e-07	-3.1766e-07	1.4154e-10	-5.5848e-10	2.543e-11	3.1804e-07	-3.1768e-07	1.8805e-10	-5.6486e-10	1.017e-11	3.1812e-07	-3.1772e-07	2.3197e-10	-5.7261e-10	-3.67e-12	3.1808e-07	-3.1768e-07	2.6947e-10	-5.847e-10	-1.419e-11	3.1806e-07	-3.1772e-07	3.026e-10	-5.9465e-10	-2.211e-11	3.1804e-07	-3.1772e-07	3.3758e-10	-6.0437e-10	-2.603e-11	3.1798e-07	-3.1766e-07	3.7091e-10	-6.2197e-10	-3.197e-11	3.18e-07	-3.1768e-07	4.0619e-10	-6.322e-10	-3.493e-11	3.1798e-07	-3.1782e-07	4.4443e-10	-6.4593e-10	-3.867e-11	3.1804e-07	-3.1774e-07
-0.225	2.717e-11	-4.8733e-10	7.086e-11	3.1834e-07	-3.1786e-07	9.013e-11	-5.0015e-10	3.851e-11	3.1808e-07	-3.177e-07	1.3782e-10	-5.0443e-10	1.217e-11	3.1804e-07	-3.1772e-07	1.9643e-10	-5.1253e-10	-5.36e-12	3.181e-07	-3.1776e-07	2.3925e-10	-5.2186e-10	-1.947e-11	3.1808e-07	-3.1776e-07	2.7163e-10	-5.3265e-10	-3.098e-11	3.1798e-07	-3.1768e-07	3.081e-10	-5.404e-10	-3.765e-11	3.18e-07	-3.1776e-07	3.4496e-10	-5.5493e-10	-4.418e-11	3.1802e-07	-3.1778e-07	3.7482e-10	-5.7073e-10	-5.193e-11	3.18e-07	-3.178e-07	4.1345e-10	-5.7737e-10	-5.229e-11	3.18e-07	-3.1774e-07	4.5551e-10	-5.9502e-10	-5.78e-11	3.1802e-07	-3.1782e-07
-0.22	2.408e-11	-4.4676e-10	6.9e-11	3.1838e-07	-3.1802e-07	9.018e-11	-4.5191e-10	3.133e-11	3.1818e-07	-3.1776e-07	1.4736e-10	-4.5699e-10	1.39e-12	3.1814e-07	-3.178e-07	2.013e-10	-4.6666e-10	-1.917e-11	3.1808e-07	-3.1778e-07	2.4285e-10	-4.8173e-10	-3.727e-11	3.1812e-07	-3.1778e-07	2.8146e-10	-4.8626e-10	-4.508e-11	3.18e-07	-3.1776e-07	3.116e-10	-4.9678e-10	-5.614e-11	3.1796e-07	-3.1784e-07	3.5328e-10	-5.0579e-10	-6.121e-11	3.18e-07	-3.1782e-07	3.8762e-10	-5.2197e-10	-7.042e-11	3.1802e-07	-3.1778e-07	4.1647e-10	-5.3655e-10	-7.4e-11	3.18e-07	-3.1776e-07	4.5954e-10	-5.499e-10	-7.91e-11	3.1798e-07	-3.1784e-07
-0.215	2.034e-11	-4.0872e-10	6.453e-11	3.1834e-07	-3.18e-07	9.235e-11	-4.1362e-10	2.035e-11	3.1816e-07	-3.178e-07	1.5762e-10	-4.2277e-10	-1.038e-11	3.1804e-07	-3.1778e-07	2.0671e-10	-4.2994e-10	-3.611e-11	3.1806e-07	-3.1778e-07	2.5346e-10	-4.3473e-10	-5.509e-11	3.1806e-07	-3.1786e-07	2.9341e-10	-4.4597e-10	-6.427e-11	3.1796e-07	-3.1774e-07	3.1816e-10	-4.5921e-10	-7.852e-11	3.1808e-07	-3.179e-07	3.6375e-10	-4.7006e-10	-8.381e-11	3.1802e-07	-3.1782e-07	3.9974e-10	-4.7945e-10	-9.257e-11	3.1808e-07	-3.179e-07	4.2656e-10	-4.9257e-10	-9.824e-11	3.1804e-07	-3.1782e-07	4.7237e-10	-5.033e-10	-1.0129e-10	3.1804e-07	-3.1794e-07
-0.21	1.825e-11	-3.683e-10	6.274e-11	3.1828e-07	-3.18e-07	9.189e-11	-3.7991e-10	8.82e-12	3.1814e-07	-3.1782e-07	1.6253e-10	-3.8893e-10	-2.366e-11	3.1816e-07	-3.1786e-07	2.1049e-10	-3.9405e-10	-5.399e-11	3.181e-07	-3.1784e-07	2.6501e-10	-3.9682e-10	-7.304e-11	3.18e-07	-3.1786e-07	3.0245e-10	-4.1032e-10	-8.755e-11	3.1804e-07	-3.1784e-07	3.3532e-10	-4.1843e-10	-1.0009e-10	3.1802e-07	-3.179e-07	3.7298e-10	-4.3171e-10	-1.0814e-10	3.1804e-07	-3.1786e-07	4.1253e-10	-4.4149e-10	-1.1922e-10	3.181e-07	-3.1796e-07	4.4605e-10	-4.5294e-10	-1.2374e-10	3.1796e-07	-3.1782e-07	4.873e-10	-4.6436e-10	-1.2694e-10	3.1802e-07	-3.1796e-07
-0.205	1.727e-11	-3.355e-10	6.049e-11	3.1826e-07	-3.18e-07	9.628e-11	-3.4354e-10	-1.15e-12	3.1812e-07	-3.1784e-07	1.7572e-10	-3.4837e-10	-3.971e-11	3.1808e-07	-3.1778e-07	2.2777e-10	-3.5674e-10	-7.371e-11	3.1808e-07	-3.178e-07	2.7428e-10	-3.6412e-10	-9.666e-11	3.1808e-07	-3.1782e-07	3.1797e-10	-3.7629e-10	-1.1034e-10	3.1814e-07	-3.179e-07	3.6026e-10	-3.8256e-10	-1.2519e-10	3.1808e-07	-3.1788e-07	3.9443e-10	-3.9251e-10	-1.3442e-10	3.1802e-07	-3.1792e-07	4.2991e-10	-4.0437e-10	-1.4492e-10	3.1808e-07	-3.1796e-07	4.6804e-10	-4.1945e-10	-1.5109e-10	3.1796e-07	-3.1784e-07	5.0146e-10	-4.3059e-10	-1.5757e-10	3.1804e-07	-3.1788e-07
-0.2	6.52e-12	-3.0912e-10	5.593e-11	3.1828e-07	-3.1808e-07	1.0635e-10	-3.1079e-10	-1.08e-11	3.181e-07	-3.1784e-07	1.8686e-10	-3.191e-10	-5.579e-11	3.1804e-07	-3.1782e-07	2.4429e-10	-3.2672e-10	-9.482e-11	3.1808e-07	-3.1786e-07	2.8854e-10	-3.3666e-10	-1.216e-10	3.1802e-07	-3.179e-07	3.386e-10	-3.4059e-10	-1.3959e-10	3.1812e-07	-3.1796e-07	3.8285e-10	-3.5534e-10	-1.547e-10	3.1808e-07	-3.1788e-07	4.1774e-10	-3.6299e-10	-1.6623e-10	3.1808e-07	-3.1788e-07	4.5761e-10	-3.6966e-10	-1.7689e-10	3.1808e-07	-3.1794e-07	4.9468e-10	-3.8769e-10	-1.8557e-10	3.1798e-07	-3.1788e-07	5.2092e-10	-3.9778e-10	-1.9165e-10	3.1798e-07	-3.1792e-07
-0.195	2.51e-12	-2.7817e-10	5.327e-11	3.1828e-07	-3.1802e-07	1.0678e-10	-2.8815e-10	-2.289e-11	3.1808e-07	-3.1786e-07	1.9323e-10	-2.9344e-10	-7.74e-11	3.1808e-07	-3.179e-07	2.6001e-10	-3.0217e-10	-1.2032e-10	3.1808e-07	-3.1786e-07	3.1628e-10	-3.0314e-10	-1.4887e-10	3.1808e-07	-3.1788e-07	3.6122e-10	-3.1863e-10	-1.7259e-10	3.1806e-07	-3.1792e-07	4.0933e-10	-3.259e-10	-1.8766e-10	3.181e-07	-3.1794e-07	4.4777e-10	-3.3651e-10	-2.0363e-10	3.1806e-07	-3.1786e-07	4.831e-10	-3.453e-10	-2.129e-10	3.1812e-07	-3.18e-07	5.2574e-10	-3.5346e-10	-2.2201e-10	3.1798e-07	-3.1794e-07	5.5196e-10	-3.6592e-10	-2.2943e-10	3.1802e-07	-3.1794e-07
-0.19	1.92e-12	-2.5181e-10	5.212e-11	3.1832e-07	-3.1806e-07	1.1558e-10	-2.6235e-10	-3.823e-11	3.181e-07	-3.1788e-07	2.0747e-10	-2.6666e-10	-1.0135e-10	3.1808e-07	-3.179e-07	2.838e-10	-2.7298e-10	-1.4859e-10	3.1808e-07	-3.1786e-07	3.405e-10	-2.8491e-10	-1.8161e-10	3.1804e-07	-3.1796e-07	3.8946e-10	-2.9271e-10	-2.0876e-10	3.1808e-07	-3.179e-07	4.4135e-10	-2.981e-10	-2.2531e-10	3.1808e-07	-3.1794e-07	4.7969e-10	-3.0947e-10	-2.4266e-10	3.1802e-07	-3.1786e-07	5.1797e-10	-3.1855e-10	-2.562e-10	3.1798e-07	-3.18e-07	5.6174e-10	-3.275e-10	-2.6384e-10	3.1792e-07	-3.1792e-07	5.8975e-10	-3.4127e-10	-2.7408e-10	3.1802e-07	-3.1802e-07
-0.185	-2.22e-12	-2.3191e-10	4.901e-11	3.1828e-07	-3.1808e-07	1.2727e-10	-2.368e-10	-5.206e-11	3.1808e-07	-3.1788e-07	2.3198e-10	-2.429e-10	-1.2644e-10	3.181e-07	-3.1794e-07	3.1535e-10	-2.4897e-10	-1.8014e-10	3.1812e-07	-3.1798e-07	3.69e-10	-2.5876e-10	-2.2061e-10	3.1808e-07	-3.1788e-07	4.2753e-10	-2.6513e-10	-2.4848e-10	3.181e-07	-3.1796e-07	4.7389e-10	-2.7472e-10	-2.698e-10	3.1796e-07	-3.1786e-07	5.2162e-10	-2.81e-10	-2.887e-10	3.18e-07	-3.1792e-07	5.5797e-10	-2.9095e-10	-3.0284e-10	3.1802e-07	-3.1806e-07	5.959e-10	-3.0565e-10	-3.1545e-10	3.1796e-07	-3.1788e-07	6.3092e-10	-3.1942e-10	-3.2691e-10	3.1804e-07	-3.18e-07
-0.18	-7.8e-12	-2.1403e-10	4.822e-11	3.1832e-07	-3.1812e-07	1.4157e-10	-2.1827e-10	-7.048e-11	3.1804e-07	-3.179e-07	2.5198e-10	-2.2508e-10	-1.5731e-10	3.1806e-07	-3.179e-07	3.4223e-10	-2.3212e-10	-2.1943e-10	3.18e-07	-3.1794e-07	4.0738e-10	-2.3617e-10	-2.6378e-10	3.1802e-07	-3.1794e-07	4.7206e-10	-2.4734e-10	-2.9661e-10	3.181e-07	-3.1806e-07	5.1368e-10	-2.555e-10	-3.2394e-10	3.1804e-07	-3.179e-07	5.6561e-10	-2.616e-10	-3.4209e-10	3.1802e-07	-3.1796e-07	6.0596e-10	-2.7101e-10	-3.6171e-10	3.1806e-07	-3.1808e-07	6.4655e-10	-2.7863e-10	-3.7438e-10	3.1802e-07	-3.18e-07	6.873e-10	-2.917e-10	-3.8374e-10	3.1804e-07	-3.1796e-07
-0.175	-1.018e-11	-1.9297e-10	4.768e-11	3.1826e-07	-3.1812e-07	1.533e-10	-2.0341e-10	-9.177e-11	3.1808e-07	-3.18e-07	2.8005e-10	-2.0747e-10	-1.9162e-10	3.1808e-07	-3.1796e-07	3.7333e-10	-2.0997e-10	-2.6245e-10	3.1812e-07	-3.18e-07	4.5283e-10	-2.1569e-10	-3.1482e-10	3.1804e-07	-3.1792e-07	5.1383e-10	-2.2685e-10	-3.5156e-10	3.1802e-07	-3.1792e-07	5.6548e-10	-2.309e-10	-3.8225e-10	3.1798e-07	-3.179e-07	6.1412e-10	-2.3957e-10	-4.0519e-10	3.1792e-07	-3.18e-07	6.5435e-10	-2.548e-10	-4.2688e-10	3.1806e-07	-3.1804e-07	7.0881e-10	-2.5618e-10	-4.3984e-10	3.1792e-07	-3.18e-07	7.5267e-10	-2.6796e-10	-4.5196e-10	3.1808e-07	-3.1804e-07
-0.17	-1.186e-11	-1.7549e-10	4.744e-11	3.1842e-07	-3.1826e-07	1.757e-10	-1.8036e-10	-1.148e-10	3.1804e-07	-3.179e-07	3.1652e-10	-1.8416e-10	-2.3074e-10	3.1804e-07	-3.1796e-07	4.2159e-10	-1.9156e-10	-3.1124e-10	3.181e-07	-3.18e-07	5.0186e-10	-2.0313e-10	-3.7416e-10	3.181e-07	-3.1796e-07	5.7473e-10	-2.0503e-10	-4.1514e-10	3.18e-07	-3.1796e-07	6.3366e-10	-2.1362e-10	-4.5091e-10	3.18e-07	-3.1796e-07	6.8121e-10	-2.2076e-10	-4.7565e-10	3.1798e-07	-3.1796e-07	7.2593e-10	-2.3116e-10	-5.0172e-10	3.181e-07	-3.1808e-07	7.7848e-10	-2.406e-10	-5.1988e-10	3.1802e-07	-3.1794e-07	8.2126e-10	-2.5232e-10	-5.3077e-10	3.1804e-07	-3.1808e-07
-0.165	-2.196e-11	-1.6358e-10	4.398e-11	3.1834e-07	-3.1812e-07	2.0002e-10	-1.6388e-10	-1.4015e-10	3.181e-07	-3.1796e-07	3.558e-10	-1.7324e-10	-2.7382e-10	3.181e-07	-3.1796e-07	4.7026e-10	-1.7629e-10	-3.6842e-10	3.1808e-07	-3.1806e-07	5.6545e-10	-1.8481e-10	-4.4015e-10	3.1802e-07	-3.179e-07	6.4126e-10	-1.8716e-10	-4.8912e-10	3.1808e-07	-3.18e-07	7.0593e-10	-1.9937e-10	-5.323e-10	3.1808e-07	-3.18e-07	7.5694e-10	-2.0594e-10	-5.5868e-10	3.1804e-07	-3.1808e-07	8.0907e-10	-2.1338e-10	-5.8625e-10	3.1812e-07	-3.18e-07	8.5628e-10	-2.2353e-10	-6.1e-10	3.1798e-07	-3.1804e-07	9.0415e-10	-2.3223e-10	-6.2219e-10	3.18e-07	-3.1802e-07
-0.16	-2.491e-11	-1.4762e-10	4.371e-11	3.183e-07	-3.1812e-07	2.2219e-10	-1.5252e-10	-1.7094e-10	3.1808e-07	-3.1794e-07	3.9448e-10	-1.6003e-10	-3.2869e-10	3.1808e-07	-3.1796e-07	5.3233e-10	-1.6268e-10	-4.3571e-10	3.1804e-07	-3.18e-07	6.4205e-10	-1.6776e-10	-5.1619e-10	3.1806e-07	-3.1802e-07	7.223e-10	-1.7527e-10	-5.7629e-10	3.1802e-07	-3.1792e-07	7.8999e-10	-1.8335e-10	-6.2365e-10	3.181e-07	-3.18e-07	8.4463e-10	-1.944e-10	-6.588e-10	3.181e-07	-3.1806e-07	9.0615e-10	-1.9911e-10	-6.8869e-10	3.1792e-07	-3.1796e-07	9.5652e-10	-2.044e-10	-7.1364e-10	3.1796e-07	-3.1798e-07	1.00755e-09	-2.141e-10	-7.2912e-10	3.1808e-07	-3.18e-07
-0.155	-2.705e-11	-1.3037e-10	4.646e-11	3.1834e-07	-3.182e-07	2.4949e-10	-1.3911e-10	-2.0684e-10	3.181e-07	-3.1802e-07	4.5219e-10	-1.4539e-10	-3.8681e-10	3.1804e-07	-3.1794e-07	6.0521e-10	-1.4798e-10	-5.1241e-10	3.1808e-07	-3.1802e-07	7.2881e-10	-1.5518e-10	-6.0635e-10	3.1816e-07	-3.1804e-07	8.1415e-10	-1.6239e-10	-6.7524e-10	3.1802e-07	-3.1802e-07	8.957e-10	-1.6748e-10	-7.275e-10	3.1804e-07	-3.18e-07	9.5206e-10	-1.7814e-10	-7.6763e-10	3.1808e-07	-3.1804e-07	1.01549e-09	-1.845e-10	-8.0402e-10	3.1796e-07	-3.18e-07	1.06727e-09	-1.8838e-10	-8.3256e-10	3.18e-07	-3.1802e-07	1.12234e-09	-1.9946e-10	-8.5349e-10	3.18e-07	-3.181e-07
-0.15	-3.372e-11	-1.2348e-10	4.648e-11	3.1832e-07	-3.1814e-07	2.8815e-10	-1.2547e-10	-2.4606e-10	3.181e-07	-3.1804e-07	5.2299e-10	-1.2835e-10	-4.5722e-10	3.181e-07	-3.1796e-07	6.9271e-10	-1.3562e-10	-6.0215e-10	3.181e-07	-3.1802e-07	8.2638e-10	-1.4585e-10	-7.121e-10	3.181e-07	-3.1808e-07	9.3112e-10	-1.4514e-10	-7.9278e-10	3.18e-07	-3.18e-07	1.01126e-09	-1.5625e-10	-8.5161e-10	3.1804e-07	-3.1802e-07	1.08703e-09	-1.5382e-10	-9.0181e-10	3.181e-07	-3.1808e-07	1.1516e-09	-1.6624e-10	-9.4253e-10	3.1802e-07	-3.1806e-07	1.204e-09	-1.7748e-10	-9.7358e-10	3.1798e-07	-3.18e-07	1.256e-09	-1.8755e-10	-9.9995e-10	3.1804e-07	-3.1808e-07
-0.145	-4.504e-11	-1.112e-10	4.817e-11	3.1832e-07	-3.1818e-07	3.2847e-10	-1.1604e-10	-2.9357e-10	3.1816e-07	-3.1804e-07	6.0026e-10	-1.252e-10	-5.376e-10	3.181e-07	-3.1806e-07	7.8777e-10	-1.2758e-10	-7.0901e-10	3.1814e-07	-3.181e-07	9.4297e-10	-1.2978e-10	-8.3294e-10	3.1804e-07	-3.18e-07	1.05285e-09	-1.414e-10	-9.2524e-10	3.1804e-07	-3.1802e-07	1.14559e-09	-1.4367e-10	-9.9331e-10	3.1798e-07	-3.1796e-07	1.2369e-09	-1.4279e-10	-1.04746e-09	3.1808e-07	-3.1812e-07	1.3047e-09	-1.5576e-10	-1.09755e-09	3.1798e-07	-3.1802e-07	1.3572e-09	-1.6811e-10	-1.13439e-09	3.1798e-07	-3.1802e-07	1.4151e-09	-1.7473e-10	-1.1654e-09	3.1798e-07	-3.1806e-07
-0.14	-4.641e-11	-9.856e-11	5.185e-11	3.183e-07	-3.1822e-07	3.7475e-10	-1.0705e-10	-3.5096e-10	3.1814e-07	-3.1804e-07	6.8911e-10	-1.1117e-10	-6.3293e-10	3.1808e-07	-3.1794e-07	9.0502e-10	-1.1416e-10	-8.2962e-10	3.1812e-07	-3.1804e-07	1.07727e-09	-1.2117e-10	-9.7697e-10	3.1798e-07	-3.1796e-07	1.2149e-09	-1.2827e-10	-1.08651e-09	3.1798e-07	-3.18e-07	1.309e-09	-1.3247e-10	-1.1644e-09	3.1802e-07	-3.1802e-07	1.4082e-09	-1.3885e-10	-1.229e-09	3.1804e-07	-3.1802e-07	1.4761e-09	-1.4662e-10	-1.2827e-09	3.1808e-07	-3.1806e-07	1.5473e-09	-1.5148e-10	-1.3272e-09	3.1796e-07	-3.1806e-07	1.6073e-09	-1.6088e-10	-1.3634e-09	3.1802e-07	-3.1806e-07
-0.135	-5.408e-11	-9.034e-11	5.766e-11	3.1832e-07	-3.182e-07	4.3436e-10	-9.447e-11	-4.1074e-10	3.182e-07	-3.1812e-07	7.9497e-10	-1.0017e-10	-7.3645e-10	3.1804e-07	-3.1798e-07	1.04543e-09	-1.0268e-10	-9.6896e-10	3.181e-07	-3.1802e-07	1.2438e-09	-1.1077e-10	-1.1409e-09	3.1804e-07	-3.1808e-07	1.3893e-09	-1.1451e-10	-1.2653e-09	3.1796e-07	-3.1794e-07	1.4999e-09	-1.2429e-10	-1.3614e-09	3.1808e-07	-3.18e-07	1.5953e-09	-1.2417e-10	-1.4351e-09	3.1804e-07	-3.18e-07	1.6806e-09	-1.3687e-10	-1.4941e-09	3.1798e-07	-3.1808e-07	1.7585e-09	-1.4176e-10	-1.548e-09	3.1802e-07	-3.1806e-07	1.8261e-09	-1.492e-10	-1.5865e-09	3.1798e-07	-3.1808e-07
-0.13	-6.838e-11	-8.878e-11	5.843e-11	3.1828e-07	-3.1822e-07	5.0692e-10	-8.508e-11	-4.8365e-10	3.182e-07	-3.1806e-07	9.1349e-10	-9.186e-11	-8.6408e-10	3.1804e-07	-3.18e-07	1.2119e-09	-9.625e-11	-1.1344e-09	3.181e-07	-3.1806e-07	1.4324e-09	-1.0378e-10	-1.335e-09	3.1798e-07	-3.18e-07	1.5899e-09	-1.1036e-10	-1.4785e-09	3.1802e-07	-3.1804e-07	1.7317e-09	-1.1098e-10	-1.5899e-09	3.1792e-07	-3.1796e-07	1.8337e-09	-1.2341e-10	-1.6775e-09	3.1802e-07	-3.1802e-07	1.9344e-09	-1.2641e-10	-1.7455e-09	3.1808e-07	-3.1806e-07	2.0145e-09	-1.2814e-10	-1.8071e-09	3.1798e-07	-3.1798e-07	2.0869e-09	-1.3801e-10	-1.8548e-09	3.1798e-07	-3.1808e-07
-0.125	-7.131e-11	-7.533e-11	6.434e-11	3.1834e-07	-3.1824e-07	5.8445e-10	-8.285e-11	-5.6768e-10	3.181e-07	-3.1808e-07	1.0504e-09	-8.637e-11	-1.0127e-09	3.1808e-07	-3.1802e-07	1.3947e-09	-8.872e-11	-1.3266e-09	3.1808e-07	-3.1812e-07	1.6433e-09	-9.63e-11	-1.559e-09	3.1812e-07	-3.1812e-07	1.8327e-09	-9.791e-11	-1.7236e-09	3.1806e-07	-3.1798e-07	1.9959e-09	-1.0423e-10	-1.8549e-09	3.1802e-07	-3.18e-07	2.1106e-09	-1.0187e-10	-1.9539e-09	3.1804e-07	-3.1802e-07	2.2231e-09	-1.1192e-10	-2.0358e-09	3.1802e-07	-3.1802e-07	2.3086e-09	-1.2142e-10	-2.1062e-09	3.179e-07	-3.1804e-07	2.3868e-09	-1.3043e-10	-2.1619e-09	3.1802e-07	-3.181e-07
-0.12	-7.857e-11	-7.155e-11	7.291e-11	3.1832e-07	-3.1824e-07	6.7571e-10	-7.438e-11	-6.6506e-10	3.1814e-07	-3.181e-07	1.2252e-09	-7.796e-11	-1.1829e-09	3.1808e-07	-3.18e-07	1.6112e-09	-8.413e-11	-1.5514e-09	3.1804e-07	-3.1796e-07	1.8987e-09	-8.974e-11	-1.8214e-09	3.181e-07	-3.1808e-07	2.1257e-09	-9.247e-11	-2.0137e-09	3.1814e-07	-3.1812e-07	2.2955e-09	-9.843e-11	-2.1702e-09	3.181e-07	-3.1812e-07	2.4392e-09	-9.992e-11	-2.2845e-09	3.1804e-07	-3.1818e-07	2.5632e-09	-1.057e-10	-2.3802e-09	3.18e-07	-3.1804e-07	2.6523e-09	-1.1386e-10	-2.4626e-09	3.1802e-07	-3.18e-07	2.7418e-09	-1.2183e-10	-2.5272e-09	3.1802e-07	-3.1806e-07
-0.115	-8.709e-11	-6.509e-11	7.59e-11	3.1828e-07	-3.1824e-07	7.915e-10	-6.484e-11	-7.7544e-10	3.1816e-07	-3.1812e-07	1.4165e-09	-7.114e-11	-1.3816e-09	3.1814e-07	-3.1808e-07	1.8698e-09	-7.551e-11	-1.8127e-09	3.1816e-07	-3.181e-07	2.2012e-09	-7.654e-11	-2.1242e-09	3.1808e-07	-3.181e-07	2.4577e-09	-8.539e-11	-2.3492e-09	3.1806e-07	-3.1808e-07	2.6445e-09	-8.92e-11	-2.5306e-09	3.1804e-07	-3.1806e-07	2.8109e-09	-9.756e-11	-2.6605e-09	3.181e-07	-3.1806e-07	2.9426e-09	-1.0113e-10	-2.7754e-09	3.1804e-07	-3.1812e-07	3.0544e-09	-1.0341e-10	-2.8661e-09	3.1802e-07	-3.1806e-07	3.1561e-09	-1.1093e-10	-2.9438e-09	3.1798e-07	-3.1804e-07
-0.11	-1.0001e-10	-6.029e-11	8.443e-11	3.1834e-07	-3.1824e-07	9.2079e-10	-6.381e-11	-9.0699e-10	3.1812e-07	-3.1806e-07	1.6502e-09	-6.151e-11	-1.6131e-09	3.1812e-07	-3.1802e-07	2.1763e-09	-6.686e-11	-2.1155e-09	3.1816e-07	-3.1812e-07	2.5563e-09	-7.458e-11	-2.479e-09	3.181e-07	-3.1802e-07	2.8504e-09	-8.135e-11	-2.7451e-09	3.181e-07	-3.1802e-07	3.0647e-09	-7.816e-11	-2.9566e-09	3.1798e-07	-3.181e-07	3.256e-09	-8.579e-11	-3.1075e-09	3.1806e-07	-3.1806e-07	3.4037e-09	-9.12e-11	-3.2422e-09	3.1802e-07	-3.1808e-07	3.5326e-09	-9.504e-11	-3.344e-09	3.1804e-07	-3.1808e-07	3.6512e-09	-1.0115e-10	-3.4411e-09	3.1806e-07	-3.1808e-07
-0.105	-1.067e-10	-5.081e-11	9.59e-11	3.1826e-07	-3.1818e-07	1.06973e-09	-5.824e-11	-1.06187e-09	3.1812e-07	-3.1802e-07	1.9184e-09	-6.115e-11	-1.8788e-09	3.1808e-07	-3.1804e-07	2.5283e-09	-6.305e-11	-2.4657e-09	3.1818e-07	-3.1812e-07	2.9618e-09	-6.791e-11	-2.8926e-09	3.1808e-07	-3.1798e-07	3.3053e-09	-6.701e-11	-3.2028e-09	3.181e-07	-3.1804e-07	3.5477e-09	-7.528e-11	-3.4388e-09	3.1798e-07	-3.1802e-07	3.7635e-09	-7.458e-11	-3.6226e-09	3.1808e-07	-3.182e-07	3.9359e-09	-8.263e-11	-3.7802e-09	3.18e-07	-3.1808e-07	4.0826e-09	-9.199e-11	-3.8986e-09	3.1808e-07	-3.1808e-07	4.208e-09	-9.913e-11	-4.0074e-09	3.1804e-07	-3.1808e-07
-0.1	-1.2881e-10	-5.024e-11	1.0606e-10	3.1826e-07	-3.182e-07	1.249e-09	-5.129e-11	-1.2452e-09	3.1808e-07	-3.1796e-07	2.2268e-09	-5.864e-11	-2.1988e-09	3.181e-07	-3.1812e-07	2.9378e-09	-6.015e-11	-2.8837e-09	3.1816e-07	-3.1814e-07	3.4514e-09	-6.034e-11	-3.3789e-09	3.1804e-07	-3.1802e-07	3.8397e-09	-6.26e-11	-3.741e-09	3.1812e-07	-3.1808e-07	4.1234e-09	-7.177e-11	-4.0221e-09	3.1798e-07	-3.1802e-07	4.3657e-09	-7.524e-11	-4.23e-09	3.1808e-07	-3.1814e-07	4.5651e-09	-8.063e-11	-4.4124e-09	3.18e-07	-3.1802e-07	4.7316e-09	-8.694e-11	-4.554e-09	3.1802e-07	-3.1812e-07	4.8784e-09	-9.133e-11	-4.6815e-09	3.1796e-07	-3.1802e-07
-0.095	-1.4803e-10	-4.436e-11	1.2011e-10	3.1828e-07	-3.1816e-07	1.454e-09	-4.663e-11	-1.4507e-09	3.1814e-07	-3.1808e-07	2.5896e-09	-5.091e-11	-2.5635e-09	3.1808e-07	-3.18e-07	3.413e-09	-5.386e-11	-3.3623e-09	3.1806e-07	-3.1812e-07	4.0106e-09	-5.281e-11	-3.9366e-09	3.1804e-07	-3.1806e-07	4.4516e-09	-6.313e-11	-4.3561e-09	3.1804e-07	-3.1812e-07	4.7884e-09	-6.337e-11	-4.6844e-09	3.18e-07	-3.1802e-07	5.0604e-09	-6.552e-11	-4.9324e-09	3.181e-07	-3.1812e-07	5.2968e-09	-7.569e-11	-5.1447e-09	3.1802e-07	-3.1802e-07	5.4854e-09	-7.718e-11	-5.3032e-09	3.1802e-07	-3.1812e-07	5.6531e-09	-8.141e-11	-5.453e-09	3.1798e-07	-3.1812e-07
-0.09	-1.6829e-10	-4.04e-11	1.442e-10	3.1832e-07	-3.182e-07	1.699e-09	-4.157e-11	-1.6953e-09	3.1816e-07	-3.1798e-07	3.0266e-09	-4.341e-11	-2.9955e-09	3.181e-07	-3.1802e-07	3.9773e-09	-4.583e-11	-3.9251e-09	3.1812e-07	-3.1812e-07	4.6703e-09	-5.361e-11	-4.5951e-09	3.18e-07	-3.18e-07	5.1866e-09	-5.715e-11	-5.0946e-09	3.1816e-07	-3.1808e-07	5.5775e-09	-5.689e-11	-5.4697e-09	3.18e-07	-3.181e-07	5.8884e-09	-6.39e-11	-5.7641e-09	3.181e-07	-3.1804e-07	6.1626e-09	-6.464e-11	-6.0134e-09	3.1798e-07	-3.1802e-07	6.3723e-09	-6.944e-11	-6.1994e-09	3.1802e-07	-3.1812e-07	6.5655e-09	-7.673e-11	-6.3686e-09	3.1806e-07	-3.1804e-07
-0.085	-1.907e-10	-3.477e-11	1.5991e-10	3.1826e-07	-3.183e-07	1.9847e-09	-3.552e-11	-1.9807e-09	3.1808e-07	-3.1804e-07	3.5228e-09	-4.174e-11	-3.4939e-09	3.1814e-07	-3.1808e-07	4.6193e-09	-4.349e-11	-4.5735e-09	3.1814e-07	-3.1808e-07	5.4283e-09	-4.885e-11	-5.3632e-09	3.1802e-07	-3.1802e-07	6.0357e-09	-4.823e-11	-5.9336e-09	3.1804e-07	-3.18e-07	6.4819e-09	-5.534e-11	-6.3697e-09	3.1798e-07	-3.18e-07	6.8488e-09	-5.594e-11	-6.7199e-09	3.1806e-07	-3.1806e-07	7.1495e-09	-6.304e-11	-6.9998e-09	3.1808e-07	-3.1808e-07	7.4042e-09	-6.748e-11	-7.2315e-09	3.1804e-07	-3.1806e-07	7.6083e-09	-7.561e-11	-7.4209e-09	3.1802e-07	-3.181e-07
-0.08	-2.2066e-10	-3.607e-11	1.8326e-10	3.1832e-07	-3.1812e-07	2.3124e-09	-3.691e-11	-2.3194e-09	3.1816e-07	-3.1804e-07	4.1053e-09	-4.006e-11	-4.0865e-09	3.1814e-07	-3.1806e-07	5.3834e-09	-4.174e-11	-5.3486e-09	3.181e-07	-3.1812e-07	6.3276e-09	-4.173e-11	-6.269e-09	3.1802e-07	-3.1802e-07	7.0261e-09	-5.015e-11	-6.933e-09	3.1792e-07	-3.1804e-07	7.5449e-09	-5.213e-11	-7.4502e-09	3.1804e-07	-3.1806e-07	7.976e-09	-5.241e-11	-7.8519e-09	3.18e-07	-3.1806e-07	8.3188e-09	-5.851e-11	-8.1764e-09	3.1798e-07	-3.18e-07	8.6076e-09	-6.161e-11	-8.4421e-09	3.1796e-07	-3.1802e-07	8.8569e-09	-6.658e-11	-8.6703e-09	3.1798e-07	-3.181e-07
-0.075	-2.4823e-10	-2.767e-11	2.1025e-10	3.1834e-07	-3.1824e-07	2.6922e-09	-2.897e-11	-2.6979e-09	3.1808e-07	-3.1804e-07	4.7837e-09	-3.037e-11	-4.7664e-09	3.1808e-07	-3.1806e-07	6.2686e-09	-3.28e-11	-6.238e-09	3.1814e-07	-3.1812e-07	7.3703e-09	-3.693e-11	-7.3101e-09	3.1802e-07	-3.1808e-07	8.1744e-09	-4.134e-11	-8.0896e-09	3.1814e-07	-3.1802e-07	8.7884e-09	-4.334e-11	-8.6835e-09	3.1798e-07	-3.1808e-07	9.2724e-09	-5.329e-11	-9.1487e-09	3.1798e-07	-3.1804e-07	9.6648e-09	-5.507e-11	-9.5329e-09	3.1798e-07	-3.18e-07	1.00044e-08	-5.472e-11	-9.8398e-09	3.1792e-07	-3.18e-07	1.03019e-08	-6.016e-11	-1.01141e-08	3.1802e-07	-3.1812e-07
-0.07	-2.759e-10	-2.499e-11	2.4902e-10	3.1832e-07	-3.1824e-07	3.1451e-09	-2.655e-11	-3.1534e-09	3.1808e-07	-3.1796e-07	5.5831e-09	-2.96e-11	-5.5685e-09	3.1808e-07	-3.1808e-07	7.3219e-09	-3.119e-11	-7.2873e-09	3.181e-07	-3.1816e-07	8.5941e-09	-3.634e-11	-8.5323e-09	3.1802e-07	-3.1802e-07	9.5277e-09	-3.96e-11	-9.4516e-09	3.1802e-07	-3.1802e-07	1.02425e-08	-3.957e-11	-1.01369e-08	3.1798e-07	-3.1796e-07	1.08148e-08	-4.266e-11	-1.06928e-08	3.1796e-07	-3.1806e-07	1.1275e-08	-4.743e-11	-1.11332e-08	3.1798e-07	-3.1814e-07	1.17056e-08	-5.441e-11	-1.15256e-08	3.1792e-07	-3.1806e-07	1.20466e-08	-6.079e-11	-1.18442e-08	3.1798e-07	-3.1816e-07
-0.065	-3.2424e-10	-2.614e-11	2.8251e-10	3.183e-07	-3.182e-07	3.666e-09	-2.675e-11	-3.6821e-09	3.181e-07	-3.1808e-07	6.5026e-09	-2.828e-11	-6.5011e-09	3.1814e-07	-3.1812e-07	8.5353e-09	-3.355e-11	-8.5006e-09	3.1814e-07	-3.1814e-07	1.00031e-08	-3.451e-11	-9.952e-09	3.1802e-07	-3.1814e-07	1.10902e-08	-2.896e-11	-1.1028e-08	3.1798e-07	-3.1804e-07	1.19588e-08	-4.203e-11	-1.1847e-08	3.1792e-07	-3.18e-07	1.26304e-08	-3.944e-11	-1.24968e-08	3.1798e-07	-3.1804e-07	1.31736e-08	-4.514e-11	-1.30152e-08	3.1796e-07	-3.1798e-07	1.36054e-08	-4.801e-11	-1.34362e-08	3.1796e-07	-3.1804e-07	1.40078e-08	-5.169e-11	-1.38096e-08	3.1806e-07	-3.1808e-07
-0.06	-3.7335e-10	-2.086e-11	3.3304e-10	3.1826e-07	-3.1816e-07	4.2899e-09	-2.697e-11	-4.3006e-09	3.1816e-07	-3.1812e-07	7.6004e-09	-2.764e-11	-7.593e-09	3.1806e-07	-3.1808e-07	9.9692e-09	-2.985e-11	-9.9314e-09	3.181e-07	-3.181e-07	1.1738e-08	-2.719e-11	-1.16598e-08	3.181e-07	-3.1802e-07	1.30172e-08	-3.383e-11	-1.2903e-08	3.1804e-07	-3.1794e-07	1.39604e-08	-3.365e-11	-1.38422e-08	3.18e-07	-3.18e-07	1.47362e-08	-3.675e-11	-1.46036e-08	3.1796e-07	-3.1806e-07	1.53668e-08	-4.117e-11	-1.5202e-08	3.1792e-07	-3.18e-07	1.58728e-08	-4.488e-11	-1.57038e-08	3.1798e-07	-3.1808e-07	1.63306e-08	-4.462e-11	-1.61404e-08	3.1802e-07	-3.1808e-07
-0.055	-4.2134e-10	-1.785e-11	3.8631e-10	3.183e-07	-3.1824e-07	5.0064e-09	-1.972e-11	-5.016e-09	3.1814e-07	-3.181e-07	8.8563e-09	-1.794e-11	-8.8459e-09	3.1816e-07	-3.1818e-07	1.16576e-08	-2.311e-11	-1.16078e-08	3.181e-07	-3.1802e-07	1.36704e-08	-2.888e-11	-1.3597e-08	3.1798e-07	-3.1808e-07	1.51372e-08	-3.331e-11	-1.50426e-08	3.18e-07	-3.1812e-07	1.62684e-08	-3.147e-11	-1.61532e-08	3.1792e-07	-3.1804e-07	1.71588e-08	-3.023e-11	-1.70278e-08	3.1802e-07	-3.1802e-07	1.7884e-08	-3.611e-11	-1.77296e-08	3.1802e-07	-3.1806e-07	1.84742e-08	-3.89e-11	-1.83028e-08	3.1802e-07	-3.1808e-07	1.90102e-08	-4.49e-11	-1.88104e-08	3.1802e-07	-3.1812e-07
-0.05	-4.9055e-10	-1.823e-11	4.6031e-10	3.183e-07	-3.182e-07	5.8471e-09	-1.816e-11	-5.8659e-09	3.182e-07	-3.1812e-07	1.03454e-08	-2.367e-11	-1.03329e-08	3.181e-07	-3.1806e-07	1.36082e-08	-2.544e-11	-1.35566e-08	3.1804e-07	-3.1808e-07	1.5953e-08	-2.758e-11	-1.58854e-08	3.18e-07	-3.18e-07	1.76824e-08	-2.37e-11	-1.75804e-08	3.1812e-07	-3.1808e-07	1.89814e-08	-2.887e-11	-1.88756e-08	3.1792e-07	-3.1802e-07	2.0033e-08	-3.262e-11	-1.98992e-08	3.1802e-07	-3.1804e-07	2.08604e-08	-3.412e-11	-2.07172e-08	3.1794e-07	-3.1802e-07	2.15606e-08	-3.597e-11	-2.13978e-08	3.1798e-07	-3.1812e-07	2.21876e-08	-3.822e-11	-2.19976e-08	3.1802e-07	-3.1808e-07
-0.045	-5.6735e-10	-1.586e-11	5.3033e-10	3.182e-07	-3.1824e-07	6.8248e-09	-1.896e-11	-6.8377e-09	3.1814e-07	-3.1808e-07	1.21064e-08	-1.96e-11	-1.20898e-08	3.1808e-07	-3.1806e-07	1.58566e-08	-2.189e-11	-1.5815e-08	3.181e-07	-3.1806e-07	1.859e-08	-2.247e-11	-1.85274e-08	3.1802e-07	-3.1804e-07	2.05872e-08	-2.753e-11	-2.04954e-08	3.1812e-07	-3.1808e-07	2.21084e-08	-2.603e-11	-2.20034e-08	3.1798e-07	-3.1808e-07	2.33188e-08	-2.711e-11	-2.31884e-08	3.1798e-07	-3.1806e-07	2.4315e-08	-3.12e-11	-2.4162e-08	3.18e-07	-3.1812e-07	2.51046e-08	-3.214e-11	-2.49426e-08	3.18e-07	-3.181e-07	2.58374e-08	-3.669e-11	-2.56468e-08	3.181e-07	-3.1818e-07
-0.04	-6.5812e-10	-1.127e-11	6.2823e-10	3.1826e-07	-3.1814e-07	7.9648e-09	-1.604e-11	-7.9881e-09	3.1808e-07	-3.18e-07	1.41554e-08	-1.284e-11	-1.4129e-08	3.181e-07	-3.1806e-07	1.85214e-08	-2.09e-11	-1.84798e-08	3.1798e-07	-3.1804e-07	2.17192e-08	-2.33e-11	-2.16578e-08	3.1802e-07	-3.1804e-07	2.40626e-08	-2.033e-11	-2.39566e-08	3.18e-07	-3.1802e-07	2.58298e-08	-2.709e-11	-2.57288e-08	3.1798e-07	-3.1802e-07	2.72642e-08	-2.299e-11	-2.7146e-08	3.1802e-07	-3.1812e-07	2.83874e-08	-2.815e-11	-2.82262e-08	3.1798e-07	-3.1808e-07	2.93272e-08	-3.053e-11	-2.91616e-08	3.1798e-07	-3.1806e-07	3.01552e-08	-3.445e-11	-2.99688e-08	3.1808e-07	-3.1818e-07
-0.035	-7.6865e-10	-1.255e-11	7.2851e-10	3.1828e-07	-3.1818e-07	9.2986e-09	-1.048e-11	-9.3171e-09	3.1806e-07	-3.1802e-07	1.64898e-08	-1.538e-11	-1.6474e-08	3.1804e-07	-3.1796e-07	2.16e-08	-1.779e-11	-2.155e-08	3.1802e-07	-3.1804e-07	2.53204e-08	-1.631e-11	-2.52526e-08	3.1802e-07	-3.1806e-07	2.80434e-08	-2.268e-11	-2.79388e-08	3.18e-07	-3.1804e-07	3.01168e-08	-2.127e-11	-2.99964e-08	3.1798e-07	-3.1794e-07	3.17588e-08	-1.999e-11	-3.16424e-08	3.1798e-07	-3.1808e-07	3.30938e-08	-2.626e-11	-3.29408e-08	3.1798e-07	-3.1804e-07	3.41726e-08	-2.764e-11	-3.40172e-08	3.18e-07	-3.1812e-07	3.51516e-08	-3.203e-11	-3.49786e-08	3.1804e-07	-3.1814e-07
-0.03	-9.0899e-10	-1.152e-11	8.3211e-10	3.1832e-07	-3.182e-07	1.08613e-08	-1.027e-11	-1.08848e-08	3.1806e-07	-3.18e-07	1.92688e-08	-1.202e-11	-1.92592e-08	3.1802e-07	-3.1806e-07	2.52236e-08	-1.712e-11	-2.51884e-08	3.181e-07	-3.1806e-07	2.95448e-08	-1.518e-11	-2.94954e-08	3.1806e-07	-3.1808e-07	3.27416e-08	-1.75e-11	-3.26538e-08	3.1798e-07	-3.1804e-07	3.51656e-08	-2.196e-11	-3.50494e-08	3.1802e-07	-3.1802e-07	3.71084e-08	-2.095e-11	-3.69714e-08	3.1804e-07	-3.1806e-07	3.86458e-08	-2.429e-11	-3.84996e-08	3.1796e-07	-3.1806e-07	3.993e-08	-2.399e-11	-3.97524e-08	3.1802e-07	-3.1808e-07	4.10518e-08	-3.026e-11	-4.08582e-08	3.1812e-07	-3.1818e-07
-0.025	-1.02858e-09	-8.67e-12	9.8368e-10	3.1826e-07	-3.1818e-07	1.2735e-08	-1.358e-11	-1.27382e-08	3.182e-07	-3.1808e-07	2.24846e-08	-1.44e-11	-2.24604e-08	3.1808e-07	-3.1804e-07	2.9415e-08	-1.345e-11	-2.93762e-08	3.1808e-07	-3.1806e-07	3.4461e-08	-1.354e-11	-3.44116e-08	3.1814e-07	-3.181e-07	3.81688e-08	-1.552e-11	-3.80854e-08	3.18e-07	-3.1806e-07	4.0988e-08	-1.7e-11	-4.08966e-08	3.1796e-07	-3.1798e-07	4.32484e-08	-1.518e-11	-4.3147e-08	3.1802e-07	-3.1802e-07	4.50518e-08	-2.18e-11	-4.49168e-08	3.1802e-07	-3.181e-07	4.65406e-08	-2.314e-11	-4.63734e-08	3.1804e-07	-3.1814e-07	4.78538e-08	-2.913e-11	-4.76848e-08	3.1802e-07	-3.1812e-07
-0.02	-1.19e-09	-1.08e-11	1.1365e-09	3.1822e-07	-3.1814e-07	1.48756e-08	-6.53e-12	-1.4891e-08	3.1814e-07	-3.1812e-07	2.62598e-08	-1.078e-11	-2.62512e-08	3.1814e-07	-3.1806e-07	3.43716e-08	-1.226e-11	-3.4318e-08	3.1816e-07	-3.1812e-07	4.02946e-08	-1.091e-11	-4.02476e-08	3.1802e-07	-3.1812e-07	4.46088e-08	-1.808e-11	-4.45274e-08	3.18e-07	-3.1802e-07	4.79082e-08	-1.847e-11	-4.78242e-08	3.1798e-07	-3.1808e-07	5.05612e-08	-1.369e-11	-5.04408e-08	3.1806e-07	-3.181e-07	5.26782e-08	-2.043e-11	-5.25168e-08	3.1796e-07	-3.1806e-07	5.43754e-08	-2.167e-11	-5.42382e-08	3.1806e-07	-3.1808e-07	5.59282e-08	-2.7e-11	-5.57472e-08	3.1792e-07	-3.1802e-07
-0.015	-1.3663e-09	-5.03e-12	1.337e-09	3.1822e-07	-3.1808e-07	1.73626e-08	-5.97e-12	-1.7361e-08	3.1814e-07	-3.1812e-07	3.06266e-08	-9.12e-12	-3.06058e-08	3.181e-07	-3.1802e-07	4.00744e-08	-8.16e-12	-4.00382e-08	3.1804e-07	-3.1808e-07	4.70048e-08	-1.116e-11	-4.69678e-08	3.1808e-07	-3.1812e-07	5.20226e-08	-1.51e-11	-5.19412e-08	3.1804e-07	-3.1808e-07	5.58898e-08	-1.454e-11	-5.57636e-08	3.1796e-07	-3.1806e-07	5.89502e-08	-2.106e-11	-5.88298e-08	3.1804e-07	-3.1802e-07	6.14112e-08	-1.711e-11	-6.128e-08	3.1798e-07	-3.1804e-07	6.34046e-08	-2.007e-11	-6.32756e-08	3.1802e-07	-3.1806e-07	6.52272e-08	-2.725e-11	-6.50524e-08	3.1786e-07	-3.1806e-07
-0.01	-1.6067e-09	-3.22e-12	1.5646e-09	3.182e-07	-3.1812e-07	2.02852e-08	-7.18e-12	-2.02972e-08	3.1816e-07	-3.1808e-07	3.5803e-08	-8.77e-12	-3.57846e-08	3.1808e-07	-3.18e-07	4.68308e-08	-6.93e-12	-4.67798e-08	3.1806e-07	-3.1804e-07	5.49e-08	-8.82e-12	-5.48362e-08	3.1816e-07	-3.1808e-07	6.07922e-08	-1.499e-11	-6.0729e-08	3.1796e-07	-3.1808e-07	6.53104e-08	-1.488e-11	-6.52228e-08	3.1796e-07	-3.1794e-07	6.88874e-08	-8.78e-12	-6.87872e-08	3.18e-07	-3.1796e-07	7.17618e-08	-1.679e-11	-7.15806e-08	3.1796e-07	-3.181e-07	7.41282e-08	-1.808e-11	-7.3943e-08	3.1804e-07	-3.1814e-07	7.62044e-08	-2.536e-11	-7.60358e-08	3.1802e-07	-3.181e-07
-0.005	-1.8587e-09	-5.46e-12	1.8354e-09	3.1818e-07	-3.1814e-07	2.3651e-08	-3.95e-12	-2.3648e-08	3.1812e-07	-3.1814e-07	4.1739e-08	-9.42e-12	-4.175e-08	3.1812e-07	-3.1802e-07	5.46188e-08	-5.34e-12	-5.4572e-08	3.1812e-07	-3.18e-07	6.40442e-08	-5.9e-12	-6.39676e-08	3.181e-07	-3.1814e-07	7.08868e-08	-1.509e-11	-7.08544e-08	3.1802e-07	-3.1804e-07	7.61914e-08	-1.321e-11	-7.60706e-08	3.1794e-07	-3.1802e-07	8.03654e-08	-1.597e-11	-8.02278e-08	3.1798e-07	-3.1802e-07	8.37144e-08	-1.435e-11	-8.3558e-08	3.1796e-07	-3.1798e-07	8.6465e-08	-1.815e-11	-8.62946e-08	3.1798e-07	-3.1808e-07	8.8892e-08	-2.355e-11	-8.87214e-08	3.1808e-07	-3.182e-07
0	-2.1747e-09	-3.4e-12	2.1507e-09	3.182e-07	-3.1816e-07	2.76372e-08	-4.89e-12	-2.76624e-08	3.1816e-07	-3.1808e-07	4.8848e-08	-5.92e-12	-4.88228e-08	3.1802e-07	-3.1806e-07	6.38392e-08	-4.86e-12	-6.37982e-08	3.1808e-07	-3.1812e-07	7.486e-08	-5.73e-12	-7.479e-08	3.181e-07	-3.1812e-07	8.28882e-08	-8.9e-12	-8.28478e-08	3.1802e-07	-3.1806e-07	8.90652e-08	-1.084e-11	-8.89632e-08	3.1802e-07	-3.1802e-07	9.39594e-08	-1.081e-11	-9.3835e-08	3.1798e-07	-3.1802e-07	9.78462e-08	-1.282e-11	-9.77338e-08	3.1798e-07	-3.18e-07	1.011028e-07	-1.696e-11	-1.009256e-07	3.1808e-07	-3.1816e-07	1.039168e-07	-2.044e-11	-1.037358e-07	3.1804e-07	-3.1818e-07
0.005	-2.5257e-09	-3e-13	2.4894e-09	3.1822e-07	-3.1812e-07	3.22238e-08	-2.95e-12	-3.22602e-08	3.1816e-07	-3.1808e-07	5.6934e-08	-6.7e-12	-5.68882e-08	3.181e-07	-3.18e-07	7.44934e-08	-8.6e-13	-7.44614e-08	3.1804e-07	-3.1814e-07	8.73258e-08	-1.61e-12	-8.72146e-08	3.181e-07	-3.1812e-07	9.67338e-08	-1.082e-11	-9.66064e-08	3.18e-07	-3.18e-07	1.03932e-07	-1.13e-11	-1.038126e-07	3.1798e-07	-3.1798e-07	1.096342e-07	-1.148e-11	-1.094874e-07	3.1798e-07	-3.1796e-07	1.141718e-07	-1.193e-11	-1.140794e-07	3.1792e-07	-3.1796e-07	1.1792e-07	-1.388e-11	-1.1778e-07	3.181e-07	-3.1818e-07	1.2122e-07	-1.94e-11	-1.2106e-07	3.1808e-07	-3.1818e-07
0.01	-2.9481e-09	-1.33e-12	2.9142e-09	3.1822e-07	-3.1816e-07	3.77084e-08	-1.63e-12	-3.76762e-08	3.1814e-07	-3.1806e-07	6.65754e-08	-3.63e-12	-6.6546e-08	3.1804e-07	-3.1806e-07	8.7101e-08	1.5e-13	-8.70298e-08	3.1816e-07	-3.1812e-07	1.02062e-07	-4.52e-12	-1.020274e-07	3.181e-07	-3.1814e-07	1.131858e-07	-5.74e-12	-1.130284e-07	3.18e-07	-3.1806e-07	1.215e-07	-6.49e-12	-1.2138e-07	3.179e-07	-3.1794e-07	1.282e-07	-6.8e-12	-1.2796e-07	3.1798e-07	-3.1802e-07	1.3356e-07	-1.053e-11	-1.3332e-07	3.1782e-07	-3.1802e-07	1.3788e-07	-1.352e-11	-1.3768e-07	3.1804e-07	-3.1818e-07	1.4188e-07	-1.302e-11	-1.416e-07	3.1804e-07	-3.1816e-07
0.015	-3.4236e-09	-4.04e-12	3.3859e-09	3.1822e-07	-3.1814e-07	4.39754e-08	2.4e-13	-4.39564e-08	3.1822e-07	-3.181e-07	7.76238e-08	-3.93e-12	-7.7667e-08	3.18e-07	-3.1802e-07	1.016008e-07	1.74e-12	-1.015894e-07	3.181e-07	-3.181e-07	1.1904e-07	-9.3e-13	-1.1896e-07	3.1806e-07	-3.1808e-07	1.3192e-07	-8.71e-12	-1.3176e-07	3.1792e-07	-3.1794e-07	1.4176e-07	-4.75e-12	-1.4166e-07	3.1786e-07	-3.1802e-07	1.4952e-07	-1.103e-11	-1.4936e-07	3.1804e-07	-3.181e-07	1.5564e-07	-1.057e-11	-1.5562e-07	3.179e-07	-3.1802e-07	1.6092e-07	-8.67e-12	-1.608e-07	3.1804e-07	-3.1816e-07	1.655e-07	-9.79e-12	-1.6518e-07	3.1798e-07	-3.1806e-07
0.02	-4.0033e-09	6.3e-13	3.9806e-09	3.182e-07	-3.1812e-07	5.1409e-08	-6.5e-13	-5.14424e-08	3.1818e-07	-3.1808e-07	9.07418e-08	-8.7e-13	-9.06978e-08	3.1804e-07	-3.18e-07	1.1874e-07	1.65e-12	-1.1874e-07	3.1814e-07	-3.1812e-07	1.3936e-07	-4.6e-12	-1.394e-07	3.1808e-07	-3.1808e-07	1.5428e-07	-1.32e-12	-1.5408e-07	3.1798e-07	-3.1808e-07	1.6554e-07	-6.28e-12	-1.6542e-07	3.179e-07	-3.1794e-07	1.7488e-07	-1.93e-12	-1.7474e-07	3.1808e-07	-3.181e-07	1.8206e-07	-5.22e-12	-1.8202e-07	3.1802e-07	-3.1808e-07	1.882e-07	-1.072e-11	-1.8792e-07	3.1804e-07	-3.1812e-07	1.9328e-07	-1.359e-11	-1.933e-07	3.1798e-07	-3.1808e-07
0.025	-4.6339e-09	2.22e-12	4.587e-09	3.182e-07	-3.1814e-07	5.99642e-08	5.3e-13	-5.99502e-08	3.1816e-07	-3.1812e-07	1.058272e-07	-1.32e-12	-1.057786e-07	3.1802e-07	-3.18e-07	1.3856e-07	-5.3e-13	-1.3846e-07	3.1814e-07	-3.182e-07	1.6246e-07	-7.8e-13	-1.625e-07	3.1806e-07	-3.181e-07	1.8e-07	-3.72e-12	-1.7984e-07	3.1796e-07	-3.1802e-07	1.932e-07	-7.27e-12	-1.9324e-07	3.1798e-07	-3.1806e-07	2.0398e-07	-6.32e-12	-2.0384e-07	3.1798e-07	-3.181e-07	2.1246e-07	-8.42e-12	-2.1238e-07	3.1794e-07	-3.1806e-07	2.1952e-07	-6.22e-12	-2.1926e-07	3.1802e-07	-3.1816e-07	2.2566e-07	-6.71e-12	-2.2544e-07	3.1796e-07	-3.1806e-07
0.03	-5.4092e-09	1.66e-12	5.3757e-09	3.1818e-07	-3.1812e-07	7.00614e-08	-7.8e-13	-7.00698e-08	3.182e-07	-3.1812e-07	1.2366e-07	1.25e-12	-1.2372e-07	3.1806e-07	-3.1806e-07	1.6198e-07	-1.75e-12	-1.6186e-07	3.181e-07	-3.1808e-07	1.899e-07	3.61e-12	-1.899e-07	3.181e-07	-3.1808e-07	2.1022e-07	6.8e-13	-2.1026e-07	3.1798e-07	-3.1796e-07	2.2606e-07	-1.74e-12	-2.26e-07	3.1798e-07	-3.1802e-07	2.3848e-07	-2.78e-12	-2.3838e-07	3.1808e-07	-3.1812e-07	2.484e-07	-3.04e-12	-2.482e-07	3.1798e-07	-3.1806e-07	2.5662e-07	-6.3e-12	-2.5648e-07	3.1802e-07	-3.1814e-07	2.6388e-07	-9.19e-12	-2.6388e-07	3.1804e-07	-3.1808e-07
0.035	-6.2537e-09	2.92e-12	6.2575e-09	3.1818e-07	-3.1806e-07	8.1651e-08	1.32e-12	-8.17098e-08	3.1814e-07	-3.1806e-07	1.4428e-07	6.65e-12	-1.444e-07	3.1804e-07	-3.1794e-07	1.8912e-07	3.49e-12	-1.8892e-07	3.1812e-07	-3.1814e-07	2.2154e-07	4.9e-13	-2.2152e-07	3.1816e-07	-3.1814e-07	2.453e-07	1.36e-12	-2.4532e-07	3.1798e-07	-3.1808e-07	2.639e-07	-2.14e-12	-2.635e-07	3.1806e-07	-3.1802e-07	2.7804e-07	-1.62e-12	-2.7826e-07	3.1806e-07	-3.1812e-07	2.8994e-07	-5.67e-12	-2.8956e-07	3.1796e-07	-3.1812e-07	2.9958e-07	-4.68e-12	-2.9928e-07	3.181e-07	-3.1814e-07	3.0818e-07	-6.31e-12	-3.0774e-07	3.1798e-07	-3.1808e-07
0.04	-7.3758e-09	8.12e-12	7.3248e-09	3.1814e-07	-3.1804e-07	9.56192e-08	2.54e-12	-9.5548e-08	3.1822e-07	-3.1812e-07	1.6868e-07	2.81e-12	-1.6868e-07	3.181e-07	-3.18e-07	2.2074e-07	-2.94e-12	-2.2098e-07	3.181e-07	-3.1814e-07	2.5928e-07	4.06e-12	-2.5906e-07	3.1814e-07	-3.1814e-07	2.871e-07	2.7e-13	-2.8688e-07	3.181e-07	-3.1808e-07	3.0844e-07	5e-13	-3.0836e-07	3.1808e-07	-3.1818e-07	3.2532e-07	-4.36e-12	-3.2548e-07	3.1806e-07	-3.1802e-07	3.3914e-07	-5.2e-12	-3.3846e-07	3.1792e-07	-3.1804e-07	3.5046e-07	-9.9e-13	-3.5006e-07	3.181e-07	-3.182e-07	3.6014e-07	-1.46e-12	-3.5988e-07	3.1802e-07	-3.1818e-07
0.045	-8.4645e-09	1.151e-11	8.4573e-09	3.1814e-07	-3.1806e-07	1.113726e-07	4.27e-12	-1.113624e-07	3.1818e-07	-3.1806e-07	1.9678e-07	5.42e-12	-1.968e-07	3.181e-07	-3.181e-07	2.5768e-07	8.38e-12	-2.5756e-07	3.1814e-07	-3.181e-07	3.0222e-07	2.3e-12	-3.0214e-07	3.1812e-07	-3.1812e-07	3.344e-07	-3e-14	-3.3474e-07	3.1796e-07	-3.1804e-07	3.5984e-07	4.01e-12	-3.5976e-07	3.181e-07	-3.1808e-07	3.7942e-07	2.1e-12	-3.7934e-07	3.1802e-07	-3.1806e-07	3.9554e-07	1.42e-12	-3.9524e-07	3.1796e-07	-3.1806e-07	4.0874e-07	-2.06e-12	-4.0858e-07	3.1792e-07	-3.1808e-07	4.2018e-07	-7.45e-12	-4.1984e-07	3.1792e-07	-3.1806e-07
0.05	-9.7957e-09	6.27e-12	9.8134e-09	3.1814e-07	-3.1808e-07	1.3038e-07	4.2e-12	-1.3026e-07	3.182e-07	-3.1806e-07	2.303e-07	9.45e-12	-2.3008e-07	3.1802e-07	-3.18e-07	3.0144e-07	3.51e-12	-3.0116e-07	3.1816e-07	-3.1814e-07	3.5336e-07	3.09e-12	-3.5318e-07	3.1804e-07	-3.1812e-07	3.914e-07	5.26e-12	-3.9122e-07	3.1798e-07	-3.1802e-07	4.2112e-07	-6.4e-13	-4.2086e-07	3.1804e-07	-3.1808e-07	4.4398e-07	8.4e-13	-4.4376e-07	3.1798e-07	-3.1802e-07	4.6254e-07	-2.68e-12	-4.6234e-07	3.1796e-07	-3.18e-07	4.7822e-07	-2e-12	-4.7812e-07	3.1796e-07	-3.1808e-07	4.9146e-07	-3.5e-13	-4.9144e-07	3.179e-07	-3.1808e-07
0.055	-1.12954e-08	8.96e-12	1.13317e-08	3.1816e-07	-3.1806e-07	1.521e-07	9.69e-12	-1.519e-07	3.182e-07	-3.1812e-07	2.6846e-07	2.24e-12	-2.6844e-07	3.1802e-07	-3.18e-07	3.5138e-07	5.66e-12	-3.515e-07	3.1822e-07	-3.1818e-07	4.1222e-07	9.65e-12	-4.1208e-07	3.1804e-07	-3.181e-07	4.5668e-07	6.9e-13	-4.5662e-07	3.1798e-07	-3.1806e-07	4.9144e-07	5.66e-12	-4.9122e-07	3.181e-07	-3.1814e-07	5.1782e-07	2.45e-12	-5.1772e-07	3.1806e-07	-3.1808e-07	5.3956e-07	2.02e-12	-5.3976e-07	3.1796e-07	-3.18e-07	5.576e-07	2.5e-12	-5.5748e-07	3.1794e-07	-3.18e-07	5.7364e-07	-3.44e-12	-5.7336e-07	3.179e-07	-3.1806e-07
0.06	-1.3081e-08	9.33e-12	1.29218e-08	3.1812e-07	-3.181e-07	1.7728e-07	8.09e-12	-1.772e-07	3.1812e-07	-3.181e-07	3.1282e-07	9.09e-12	-3.1286e-07	3.1802e-07	-3.1802e-07	4.0988e-07	9.12e-12	-4.102e-07	3.1812e-07	-3.1814e-07	4.81e-07	3.64e-12	-4.8072e-07	3.1808e-07	-3.1806e-07	5.3282e-07	1.065e-11	-5.323e-07	3.1798e-07	-3.1798e-07	5.7306e-07	2.3e-12	-5.7242e-07	3.1804e-07	-3.1794e-07	6.0428e-07	4.74e-12	-6.0384e-07	3.1798e-07	-3.1808e-07	6.3002e-07	4.11e-12	-6.2948e-07	3.1798e-07	-3.1794e-07	6.5052e-07	-1.71e-12	-6.5006e-07	3.1798e-07	-3.18e-07	6.6926e-07	1.7e-13	-6.689e-07	3.1786e-07	-3.1806e-07
0.065	-1.57196e-08	1.133e-11	1.56434e-08	3.1824e-07	-3.1812e-07	2.074e-07	1.134e-11	-2.0736e-07	3.1814e-07	-3.1814e-07	3.66e-07	7.26e-12	-3.66e-07	3.181e-07	-3.1814e-07	4.7936e-07	4.61e-12	-4.7908e-07	3.181e-07	-3.1814e-07	5.6202e-07	8.59e-12	-5.618e-07	3.1808e-07	-3.1806e-07	6.2292e-07	3.71e-12	-6.2296e-07	3.1796e-07	-3.1804e-07	6.6988e-07	4.25e-12	-6.6964e-07	3.1802e-07	-3.1794e-07	7.0614e-07	3.76e-12	-7.0618e-07	3.1806e-07	-3.1812e-07	7.3608e-07	2.68e-12	-7.3602e-07	3.1798e-07	-3.1808e-07	7.6092e-07	4.18e-12	-7.6092e-07	3.18e-07	-3.1804e-07	7.8278e-07	6.88e-12	-7.8224e-07	3.1798e-07	-3.1806e-07
0.07	-1.82398e-08	1.568e-11	1.81806e-08	3.1824e-07	-3.1812e-07	2.4154e-07	1.17e-11	-2.4182e-07	3.181e-07	-3.1816e-07	4.2682e-07	9.44e-12	-4.265e-07	3.1814e-07	-3.1806e-07	5.5884e-07	1.077e-11	-5.5882e-07	3.1814e-07	-3.1806e-07	6.5574e-07	7.76e-12	-6.5574e-07	3.1804e-07	-3.181e-07	7.2666e-07	9.87e-12	-7.2644e-07	3.1798e-07	-3.1804e-07	7.82e-07	7.57e-12	-7.8198e-07	3.1802e-07	-3.1798e-07	8.2466e-07	6.2e-12	-8.2388e-07	3.1798e-07	-3.1808e-07	8.5934e-07	6.7e-12	-8.584e-07	3.1798e-07	-3.181e-07	8.8806e-07	1.08e-12	-8.8812e-07	3.1792e-07	-3.1806e-07	9.128e-07	1.05e-12	-9.1262e-07	3.1794e-07	-3.1804e-07
0.075	-2.12698e-08	1.481e-11	2.11676e-08	3.1828e-07	-3.1814e-07	2.8258e-07	1.198e-11	-2.8254e-07	3.1814e-07	-3.1812e-07	4.9852e-07	1.394e-11	-4.9848e-07	3.1814e-07	-3.1808e-07	6.535e-07	9.12e-12	-6.5344e-07	3.181e-07	-3.181e-07	7.664e-07	8.93e-12	-7.6666e-07	3.1808e-07	-3.181e-07	8.4978e-07	9.02e-12	-8.4962e-07	3.1798e-07	-3.1802e-07	9.1418e-07	3.76e-12	-9.136e-07	3.1796e-07	-3.1806e-07	9.6466e-07	5.57e-12	-9.6366e-07	3.1798e-07	-3.1802e-07	1.00508e-06	5.11e-12	-1.00462e-06	3.1792e-07	-3.1804e-07	1.0379e-06	3.86e-12	-1.03846e-06	3.1798e-07	-3.1806e-07	1.06774e-06	5.06e-12	-1.06782e-06	3.179e-07	-3.1806e-07
0.08	-2.48946e-08	1.687e-11	2.46776e-08	3.182e-07	-3.1818e-07	3.293e-07	1.514e-11	-3.2908e-07	3.181e-07	-3.1808e-07	5.8208e-07	1.231e-11	-5.8204e-07	3.181e-07	-3.181e-07	7.6234e-07	1.183e-11	-7.6198e-07	3.1808e-07	-3.1808e-07	8.9378e-07	1.406e-11	-8.9342e-07	3.181e-07	-3.1816e-07	9.914e-07	8.3e-12	-9.9154e-07	3.1794e-07	-3.1802e-07	1.066e-06	1.404e-11	-1.06668e-06	3.1802e-07	-3.1812e-07	1.12462e-06	6.02e-12	-1.12418e-06	3.1804e-07	-3.1806e-07	1.1754e-06	5.59e-12	-1.1714e-06	3.1802e-07	-3.1806e-07	1.2138e-06	5.57e-12	-1.2113e-06	3.18e-07	-3.1814e-07	1.2487e-06	4.36e-12	-1.2449e-06	3.1798e-07	-3.1804e-07
0.085	-2.92844e-08	2.164e-11	2.8917e-08	3.1816e-07	-3.1812e-07	3.8468e-07	1.608e-11	-3.8488e-07	3.1808e-07	-3.1804e-07	6.797e-07	1.595e-11	-6.7966e-07	3.181e-07	-3.1812e-07	8.9046e-07	1.574e-11	-8.9038e-07	3.1808e-07	-3.181e-07	1.04514e-06	1.102e-11	-1.0458e-06	3.1814e-07	-3.1814e-07	1.1616e-06	9.81e-12	-1.1572e-06	3.18e-07	-3.1804e-07	1.25e-06	1.15e-11	-1.2451e-06	3.1796e-07	-3.18e-07	1.3179e-06	9.22e-12	-1.3136e-06	3.1804e-07	-3.1806e-07	1.3718e-06	6.65e-12	-1.369e-06	3.1802e-07	-3.1808e-07	1.4176e-06	1.103e-11	-1.416e-06	3.1798e-07	-3.1812e-07	1.4575e-06	9.2e-12	-1.4559e-06	3.1798e-07	-3.181e-07
0.09	-3.4183e-08	2.053e-11	3.41286e-08	3.1818e-07	-3.1814e-07	4.4852e-07	1.489e-11	-4.4828e-07	3.1814e-07	-3.1812e-07	7.9208e-07	1.528e-11	-7.9314e-07	3.1816e-07	-3.1818e-07	1.03918e-06	1.445e-11	-1.03882e-06	3.1812e-07	-3.1814e-07	1.2223e-06	1.329e-11	-1.2178e-06	3.1808e-07	-3.1806e-07	1.3534e-06	1.25e-11	-1.3509e-06	3.18e-07	-3.1802e-07	1.4556e-06	1.681e-11	-1.4539e-06	3.1792e-07	-3.18e-07	1.5351e-06	1.464e-11	-1.5319e-06	3.1802e-07	-3.1806e-07	1.599e-06	1.151e-11	-1.5976e-06	3.1802e-07	-3.1808e-07	1.6526e-06	7.75e-12	-1.6509e-06	3.1798e-07	-3.1806e-07	1.7018e-06	5.65e-12	-1.6997e-06	3.1804e-07	-3.1804e-07
0.095	-3.94976e-08	2.512e-11	3.9996e-08	3.1826e-07	-3.1814e-07	5.2426e-07	1.998e-11	-5.2438e-07	3.181e-07	-3.1806e-07	9.2586e-07	1.387e-11	-9.2668e-07	3.181e-07	-3.181e-07	1.217e-06	1.572e-11	-1.2121e-06	3.181e-07	-3.1814e-07	1.428e-06	1.439e-11	-1.4238e-06	3.1814e-07	-3.1808e-07	1.5805e-06	1.13e-11	-1.5793e-06	3.1798e-07	-3.1806e-07	1.7004e-06	9.84e-12	-1.6977e-06	3.1796e-07	-3.1802e-07	1.7941e-06	9.23e-12	-1.792e-06	3.1796e-07	-3.1802e-07	1.8693e-06	1.02e-11	-1.8678e-06	3.181e-07	-3.182e-07	1.9317e-06	1.102e-11	-1.931e-06	3.1792e-07	-3.1806e-07	1.9889e-06	7.78e-12	-1.9866e-06	3.1798e-07	-3.1818e-07
0.1	-4.6551e-08	2.212e-11	4.62696e-08	3.1816e-07	-3.1806e-07	6.1024e-07	1.907e-11	-6.1072e-07	3.1812e-07	-3.1808e-07	1.07906e-06	2.301e-11	-1.07936e-06	3.1812e-07	-3.1814e-07	1.4172e-06	1.693e-11	-1.4153e-06	3.1818e-07	-3.1812e-07	1.6628e-06	1.776e-11	-1.6618e-06	3.1814e-07	-3.1806e-07	1.8442e-06	1.316e-11	-1.8423e-06	3.1802e-07	-3.1802e-07	1.9838e-06	1.498e-11	-1.9808e-06	3.1798e-07	-3.18e-07	2.0903e-06	1.569e-11	-2.0905e-06	3.1796e-07	-3.1804e-07	2.1802e-06	1.077e-11	-2.1773e-06	3.1802e-07	-3.181e-07	2.2524e-06	1.402e-11	-2.251e-06	3.18e-07	-3.18e-07	2.3203e-06	1.216e-11	-2.3153e-06	3.1802e-07	-3.1814e-07
0.105	-5.4369e-08	2.549e-11	5.41058e-08	3.1816e-07	-3.181e-07	7.1356e-07	2.226e-11	-7.1318e-07	3.1812e-07	-3.1814e-07	1.2638e-06	2.262e-11	-1.261e-06	3.1808e-07	-3.18e-07	1.6547e-06	2.077e-11	-1.6525e-06	3.1812e-07	-3.181e-07	1.9423e-06	1.843e-11	-1.9415e-06	3.1798e-07	-3.1802e-07	2.1539e-06	1.398e-11	-2.1528e-06	3.1804e-07	-3.1798e-07	2.3164e-06	1.266e-11	-2.3156e-06	3.1792e-07	-3.1802e-07	2.4446e-06	1.843e-11	-2.4425e-06	3.1802e-07	-3.1812e-07	2.5501e-06	1.614e-11	-2.5456e-06	3.1798e-07	-3.1806e-07	2.6353e-06	1.083e-11	-2.6326e-06	3.1796e-07	-3.1806e-07	2.7123e-06	1.007e-11	-2.7078e-06	3.1796e-07	-3.1814e-07
0.11	-6.3247e-08	2.77e-11	6.2808e-08	3.182e-07	-3.1814e-07	8.3206e-07	2.492e-11	-8.319e-07	3.181e-07	-3.1806e-07	1.4721e-06	2.318e-11	-1.4684e-06	3.1804e-07	-3.1802e-07	1.9291e-06	2.172e-11	-1.9274e-06	3.1814e-07	-3.1812e-07	2.2647e-06	2.144e-11	-2.2628e-06	3.1804e-07	-3.1804e-07	2.5117e-06	2.363e-11	-2.5102e-06	3.18e-07	-3.18e-07	2.701e-06	1.354e-11	-2.6996e-06	3.1794e-07	-3.1804e-07	2.8494e-06	1.804e-11	-2.8478e-06	3.1804e-07	-3.18e-07	2.9713e-06	1.535e-11	-2.9702e-06	3.1798e-07	-3.18e-07	3.072e-06	1.257e-11	-3.0689e-06	3.1796e-07	-3.18e-07	3.163e-06	1.476e-11	-3.1602e-06	3.1792e-07	-3.1808e-07
0.115	-7.34638e-08	2.931e-11	7.42872e-08	3.1818e-07	-3.1808e-07	9.704e-07	2.172e-11	-9.7102e-07	3.1814e-07	-3.1808e-07	1.7187e-06	2.352e-11	-1.7164e-06	3.1804e-07	-3.1806e-07	2.2528e-06	2.102e-11	-2.2513e-06	3.181e-07	-3.1812e-07	2.6497e-06	2.508e-11	-2.6465e-06	3.1806e-07	-3.1806e-07	2.935e-06	1.79e-11	-2.9329e-06	3.1804e-07	-3.1802e-07	3.1607e-06	2.007e-11	-3.1552e-06	3.1798e-07	-3.1806e-07	3.3297e-06	1.552e-11	-3.3287e-06	3.1804e-07	-3.1804e-07	3.4746e-06	1.426e-11	-3.4682e-06	3.1796e-07	-3.1808e-07	3.5912e-06	1.561e-11	-3.5893e-06	3.1802e-07	-3.1802e-07	3.6962e-06	1.661e-11	-3.6939e-06	3.1798e-07	-3.1814e-07
0.12	-8.6254e-08	3.421e-11	8.60802e-08	3.1822e-07	-3.1808e-07	1.13114e-06	2.963e-11	-1.1307e-06	3.1816e-07	-3.1814e-07	2.0023e-06	2.97e-11	-1.9996e-06	3.1814e-07	-3.1802e-07	2.624e-06	2.572e-11	-2.6251e-06	3.1808e-07	-3.1806e-07	3.0831e-06	2.081e-11	-3.0841e-06	3.1796e-07	-3.18e-07	3.4229e-06	2.411e-11	-3.4173e-06	3.1802e-07	-3.1804e-07	3.6849e-06	2.199e-11	-3.6816e-06	3.1804e-07	-3.1806e-07	3.8831e-06	2.042e-11	-3.8829e-06	3.1798e-07	-3.1806e-07	4.0507e-06	2.025e-11	-4.0482e-06	3.1796e-07	-3.18e-07	4.1885e-06	1.279e-11	-4.1839e-06	3.1798e-07	-3.1808e-07	4.3075e-06	1.686e-11	-4.3061e-06	3.1804e-07	-3.182e-07
0.125	-1.000636e-07	3.636e-11	1.012486e-07	3.1822e-07	-3.1814e-07	1.3263e-06	3.228e-11	-1.3194e-06	3.181e-07	-3.1802e-07	2.3389e-06	2.863e-11	-2.3346e-06	3.1806e-07	-3.1808e-07	3.0668e-06	2.517e-11	-3.0631e-06	3.1808e-07	-3.1808e-07	3.6022e-06	2.837e-11	-3.5977e-06	3.1796e-07	-3.18e-07	3.9978e-06	2.346e-11	-3.9976e-06	3.1802e-07	-3.1804e-07	4.3032e-06	2.151e-11	-4.2975e-06	3.1786e-07	-3.1794e-07	4.5381e-06	1.968e-11	-4.535e-06	3.1798e-07	-3.1802e-07	4.7326e-06	1.718e-11	-4.7348e-06	3.1798e-07	-3.1802e-07	4.8954e-06	2.189e-11	-4.8906e-06	3.1808e-07	-3.1812e-07	5.0381e-06	1.858e-11	-5.037e-06	3.179e-07	-3.1806e-07
0.13	-1.15084e-07	3.659e-11	1.150036e-07	3.182e-07	-3.181e-07	1.5388e-06	3.466e-11	-1.5362e-06	3.1814e-07	-3.1814e-07	2.7239e-06	2.988e-11	-2.7215e-06	3.1802e-07	-3.181e-07	3.5757e-06	2.85e-11	-3.5707e-06	3.1812e-07	-3.1814e-07	4.1949e-06	2.761e-11	-4.1994e-06	3.1804e-07	-3.1806e-07	4.6619e-06	2.362e-11	-4.6596e-06	3.1804e-07	-3.1802e-07	5.0097e-06	3.146e-11	-5.0091e-06	3.18e-07	-3.18e-07	5.2901e-06	1.866e-11	-5.2883e-06	3.1798e-07	-3.1798e-07	5.5188e-06	1.996e-11	-5.5184e-06	3.1788e-07	-3.1806e-07	5.7064e-06	2.256e-11	-5.7051e-06	3.1802e-07	-3.1812e-07	5.8736e-06	2.344e-11	-5.8726e-06	3.1798e-07	-3.1808e-07
0.135	-1.3936e-07	4.097e-11	1.2878e-07	3.182e-07	-3.181e-07	1.7949e-06	3.244e-11	-1.7954e-06	3.1812e-07	-3.1808e-07	3.1792e-06	3.299e-11	-3.174e-06	3.181e-07	-3.1798e-07	4.1723e-06	3.379e-11	-4.1705e-06	3.182e-07	-3.1808e-07	4.9059e-06	2.565e-11	-4.8995e-06	3.1806e-07	-3.1806e-07	5.4382e-06	2.676e-11	-5.4395e-06	3.1804e-07	-3.1806e-07	5.8549e-06	2.732e-11	-5.8565e-06	3.1798e-07	-3.1804e-07	6.1751e-06	2.987e-11	-6.1791e-06	3.1798e-07	-3.1808e-07	6.4453e-06	2.564e-11	-6.4448e-06	3.1796e-07	-3.1806e-07	6.6681e-06	2.178e-11	-6.667e-06	3.1792e-07	-3.1808e-07	6.8612e-06	2.155e-11	-6.8634e-06	3.1796e-07	-3.1804e-07
0.14	-1.5988e-07	4.003e-11	1.5848e-07	3.1816e-07	-3.1808e-07	2.0886e-06	4.058e-11	-2.0864e-06	3.181e-07	-3.181e-07	3.7018e-06	3.478e-11	-3.6982e-06	3.1808e-07	-3.1806e-07	4.8616e-06	3.288e-11	-4.8559e-06	3.181e-07	-3.1812e-07	5.7102e-06	3.447e-11	-5.7057e-06	3.1808e-07	-3.18e-07	6.3387e-06	3.258e-11	-6.3347e-06	3.1802e-07	-3.1806e-07	6.8223e-06	2.969e-11	-6.8162e-06	3.1792e-07	-3.18e-07	7.201e-06	3.3e-11	-7.1981e-06	3.1802e-07	-3.1806e-07	7.511e-06	2.612e-11	-7.5074e-06	3.18e-07	-3.1802e-07	7.7694e-06	2.557e-11	-7.7641e-06	3.1808e-07	-3.182e-07	7.9968e-06	2.616e-11	-7.9931e-06	3.1796e-07	-3.181e-07
0.145	-1.8546e-07	4.11e-11	1.8506e-07	3.1814e-07	-3.1812e-07	2.4367e-06	3.965e-11	-2.436e-06	3.182e-07	-3.181e-07	4.3184e-06	3.662e-11	-4.316e-06	3.1808e-07	-3.1806e-07	5.6732e-06	3.571e-11	-5.6714e-06	3.182e-07	-3.1818e-07	6.6638e-06	3.47e-11	-6.6655e-06	3.1798e-07	-3.1802e-07	7.3976e-06	2.933e-11	-7.409e-06	3.1802e-07	-3.1794e-07	7.9703e-06	3.422e-11	-7.963e-06	3.1796e-07	-3.1802e-07	8.4058e-06	4.463e-11	-8.4054e-06	3.1792e-07	-3.1802e-07	8.7738e-06	2.942e-11	-8.7673e-06	3.1802e-07	-3.1808e-07	9.0726e-06	3.156e-11	-9.0676e-06	3.1804e-07	-3.181e-07	9.3489e-06	2.838e-11	-9.3365e-06	3.1796e-07	-3.1812e-07
0.15	-2.1456e-07	4.711e-11	2.1428e-07	3.182e-07	-3.1812e-07	2.839e-06	4.209e-11	-2.84e-06	3.1814e-07	-3.1812e-07	5.0259e-06	4.584e-11	-5.0188e-06	3.1798e-07	-3.1806e-07	6.6034e-06	4.242e-11	-6.6052e-06	3.1816e-07	-3.1814e-07	7.7577e-06	3.619e-11	-7.7576e-06	3.1802e-07	-3.1802e-07	8.6157e-06	4.058e-11	-8.6136e-06	3.1804e-07	-3.1796e-07	9.2768e-06	3.402e-11	-9.2724e-06	3.1792e-07	-3.1798e-07	9.791e-06	3.054e-11	-9.7908e-06	3.1792e-07	-3.1808e-07	1.0226e-05	3.362e-11	-1.02187e-05	3.1796e-07	-3.1806e-07	1.05686e-05	2.717e-11	-1.05686e-05	3.1802e-07	-3.1812e-07	1.0885e-05	2.457e-11	-1.08799e-05	3.18e-07	-3.1808e-07
0.155	-2.5302e-07	5.204e-11	2.5426e-07	3.1826e-07	-3.181e-07	3.2995e-06	5.139e-11	-3.3005e-06	3.1826e-07	-3.1814e-07	5.851e-06	4.249e-11	-5.8461e-06	3.1808e-07	-3.1808e-07	7.6937e-06	4.181e-11	-7.6825e-06	3.1816e-07	-3.1814e-07	9.0288e-06	4.498e-11	-9.0326e-06	3.1802e-07	-3.1808e-07	1.00393e-05	3.93e-11	-1.00293e-05	3.1798e-07	-3.181e-07	1.08006e-05	3.573e-11	-1.08038e-05	3.1802e-07	-3.18e-07	1.14141e-05	3.434e-11	-1.14067e-05	3.18e-07	-3.1806e-07	1.1928e-05	3.386e-11	-1.1912e-05	3.1798e-07	-3.1802e-07	1.2332e-05	3.319e-11	-1.2316e-05	3.1804e-07	-3.1812e-07	1.2682e-05	3.311e-11	-1.2678e-05	3.1802e-07	-3.1812e-07
0.16	-2.948e-07	5.311e-11	2.9388e-07	3.1816e-07	-3.1812e-07	3.8487e-06	5.172e-11	-3.8443e-06	3.182e-07	-3.1802e-07	6.8195e-06	4.815e-11	-6.8121e-06	3.1802e-07	-3.18e-07	8.9675e-06	4.73e-11	-8.9602e-06	3.181e-07	-3.1814e-07	1.05422e-05	4.419e-11	-1.05385e-05	3.1804e-07	-3.1804e-07	1.1722e-05	4.208e-11	-1.1706e-05	3.1804e-07	-3.1808e-07	1.262e-05	4.095e-11	-1.2614e-05	3.1796e-07	-3.18e-07	1.3328e-05	3.638e-11	-1.3318e-05	3.1804e-07	-3.1802e-07	1.39e-05	3.946e-11	-1.3882e-05	3.1794e-07	-3.1802e-07	1.4374e-05	3.567e-11	-1.4356e-05	3.1802e-07	-3.1816e-07	1.4816e-05	3.432e-11	-1.4784e-05	3.179e-07	-3.1806e-07
0.165	-3.3868e-07	6.223e-11	3.409e-07	3.1816e-07	-3.1814e-07	4.4705e-06	5.373e-11	-4.4709e-06	3.1808e-07	-3.1798e-07	7.9304e-06	5.341e-11	-7.9196e-06	3.1804e-07	-3.1802e-07	1.04279e-05	5.506e-11	-1.04165e-05	3.1816e-07	-3.1812e-07	1.2282e-05	4.509e-11	-1.2254e-05	3.1804e-07	-3.1804e-07	1.3616e-05	4.407e-11	-1.3626e-05	3.1798e-07	-3.18e-07	1.4664e-05	4.277e-11	-1.4668e-05	3.1802e-07	-3.1802e-07	1.5508e-05	4.027e-11	-1.5502e-05	3.1798e-07	-3.1808e-07	1.6188e-05	3.986e-11	-1.6186e-05	3.1792e-07	-3.1806e-07	1.6734e-05	4.183e-11	-1.6718e-05	3.1806e-07	-3.181e-07	1.7222e-05	4.158e-11	-1.7226e-05	3.1802e-07	-3.1824e-07
0.17	-3.9842e-07	5.868e-11	3.9732e-07	3.1816e-07	-3.1808e-07	5.218e-06	6.207e-11	-5.2097e-06	3.181e-07	-3.181e-07	9.2499e-06	5.244e-11	-9.2404e-06	3.1802e-07	-3.1808e-07	1.2178e-05	5.4e-11	-1.214e-05	3.1808e-07	-3.1808e-07	1.43e-05	5.183e-11	-1.4292e-05	3.1814e-07	-3.1814e-07	1.5898e-05	4.739e-11	-1.59e-05	3.1798e-07	-3.1804e-07	1.7108e-05	4.639e-11	-1.7106e-05	3.1798e-07	-3.18e-07	1.8078e-05	4.211e-11	-1.8072e-05	3.18e-07	-3.1806e-07	1.8864e-05	4.739e-11	-1.8856e-05	3.1802e-07	-3.1808e-07	1.9518e-05	4.076e-11	-1.952e-05	3.1802e-07	-3.1818e-07	2.0096e-05	3.997e-11	-2.01e-05	3.1798e-07	-3.1808e-07
0.175	-4.5704e-07	6.935e-11	4.5862e-07	3.1812e-07	-3.18e-07	6.0512e-06	6.591e-11	-6.0563e-06	3.1814e-07	-3.1812e-07	1.07499e-05	5.798e-11	-1.07358e-05	3.1802e-07	-3.1802e-07	1.4126e-05	5.861e-11	-1.4134e-05	3.1808e-07	-3.1806e-07	1.662e-05	5.676e-11	-1.6622e-05	3.1802e-07	-3.1806e-07	1.8482e-05	5.647e-11	-1.8472e-05	3.1802e-07	-3.1802e-07	1.9912e-05	4.785e-11	-1.9908e-05	3.1804e-07	-3.1802e-07	2.1044e-05	4.706e-11	-2.1024e-05	3.1802e-07	-3.1806e-07	2.1944e-05	4.391e-11	-2.1956e-05	3.1802e-07	-3.1802e-07	2.2728e-05	4.462e-11	-2.2716e-05	3.1808e-07	-3.1812e-07	2.3376e-05	4.305e-11	-2.3374e-05	3.1794e-07	-3.1808e-07
0.18	-5.3184e-07	6.92e-11	5.3594e-07	3.1804e-07	-3.1806e-07	7.0462e-06	6.988e-11	-7.0418e-06	3.1812e-07	-3.1812e-07	1.2536e-05	6.367e-11	-1.2504e-05	3.1804e-07	-3.18e-07	1.6456e-05	6.33e-11	-1.6466e-05	3.1806e-07	-3.1802e-07	1.9372e-05	6.185e-11	-1.937e-05	3.1808e-07	-3.1806e-07	2.1552e-05	5.353e-11	-2.1532e-05	3.1794e-07	-3.1804e-07	2.3196e-05	5.851e-11	-2.3212e-05	3.18e-07	-3.1802e-07	2.4504e-05	5.137e-11	-2.4518e-05	3.18e-07	-3.1808e-07	2.5626e-05	4.998e-11	-2.5586e-05	3.1798e-07	-3.18e-07	2.6476e-05	4.947e-11	-2.6464e-05	3.1806e-07	-3.181e-07	2.7268e-05	4.991e-11	-2.7256e-05	3.1796e-07	-3.1806e-07
0.185	-6.1804e-07	7.775e-11	6.2216e-07	3.181e-07	-3.18e-07	8.1686e-06	7.435e-11	-8.1742e-06	3.1818e-07	-3.1806e-07	1.4524e-05	6.937e-11	-1.4524e-05	3.1808e-07	-3.18e-07	1.9146e-05	6.679e-11	-1.9108e-05	3.181e-07	-3.1804e-07	2.2508e-05	5.921e-11	-2.2498e-05	3.1806e-07	-3.1806e-07	2.5042e-05	6.228e-11	-2.503e-05	3.1802e-07	-3.1812e-07	2.6966e-05	5.865e-11	-2.6974e-05	3.1798e-07	-3.18e-07	2.8498e-05	5.925e-11	-2.849e-05	3.1802e-07	-3.1804e-07	2.9744e-05	5.308e-11	-2.9728e-05	3.1802e-07	-3.1812e-07	3.0802e-05	5.112e-11	-3.0794e-05	3.1806e-07	-3.1814e-07	3.1712e-05	4.97e-11	-3.1722e-05	3.18e-07	-3.1812e-07
0.19	-7.152e-07	8.417e-11	7.1924e-07	3.181e-07	-3.1804e-07	9.5153e-06	7.692e-11	-9.5099e-06	3.182e-07	-3.181e-07	1.6916e-05	7.366e-11	-1.6884e-05	3.1798e-07	-3.18e-07	2.2274e-05	7.092e-11	-2.2256e-05	3.181e-07	-3.1804e-07	2.6182e-05	7.113e-11	-2.619e-05	3.18e-07	-3.1806e-07	2.9148e-05	6.615e-11	-2.914e-05	3.1802e-07	-3.1802e-07	3.1448e-05	6.166e-11	-3.1402e-05	3.1794e-07	-3.1798e-07	3.32e-05	6.07e-11	-3.3196e-05	3.1802e-07	-3.18e-07	3.4664e-05	5.778e-11	-3.4662e-05	3.18e-07	-3.18e-07	3.5888e-05	5.938e-11	-3.5872e-05	3.1802e-07	-3.1822e-07	3.6952e-05	5.937e-11	-3.6966e-05	3.1802e-07	-3.1818e-07
0.195	-8.284e-07	8.666e-11	8.3474e-07	3.1812e-07	-3.1808e-07	1.10296e-05	8.471e-11	-1.10221e-05	3.1822e-07	-3.1808e-07	1.9594e-05	7.785e-11	-1.9598e-05	3.1804e-07	-3.1806e-07	2.5848e-05	7.195e-11	-2.5846e-05	3.1806e-07	-3.1802e-07	3.0404e-05	7.166e-11	-3.0412e-05	3.1808e-07	-3.1808e-07	3.3858e-05	6.785e-11	-3.3862e-05	3.1798e-07	-3.1802e-07	3.6486e-05	6.962e-11	-3.6478e-05	3.1798e-07	-3.1798e-07	3.8608e-05	6.631e-11	-3.8588e-05	3.1798e-07	-3.1806e-07	4.0254e-05	6.537e-11	-4.0294e-05	3.1796e-07	-3.1806e-07	4.1718e-05	5.909e-11	-4.1684e-05	3.181e-07	-3.1824e-07	4.2938e-05	6.016e-11	-4.2922e-05	3.1802e-07	-3.1814e-07
0.2	-9.4818e-07	9.692e-11	9.543e-07	3.1816e-07	-3.181e-07	1.2806e-05	9.153e-11	-1.278e-05	3.1816e-07	-3.1804e-07	2.2774e-05	8.787e-11	-2.2768e-05	3.1804e-07	-3.1808e-07	3.0036e-05	8.439e-11	-3.0036e-05	3.1808e-07	-3.1806e-07	3.5372e-05	8.255e-11	-3.537e-05	3.1806e-07	-3.1808e-07	3.9396e-05	8e-11	-3.9384e-05	3.1806e-07	-3.1808e-07	4.2448e-05	6.857e-11	-4.2432e-05	3.1796e-07	-3.18e-07	4.4892e-05	7.052e-11	-4.4898e-05	3.1798e-07	-3.1808e-07	4.686e-05	6.841e-11	-4.6862e-05	3.1792e-07	-3.1804e-07	4.8544e-05	6.465e-11	-4.8482e-05	3.18e-07	-3.1812e-07	4.9968e-05	6.414e-11	-4.9986e-05	3.1804e-07	-3.1816e-07
0.205	-1.0946e-06	1.0373e-10	1.10128e-06	3.1816e-07	-3.181e-07	1.4846e-05	1.0123e-10	-1.4836e-05	3.182e-07	-3.1812e-07	2.6396e-05	9.312e-11	-2.6374e-05	3.1806e-07	-3.1806e-07	3.4828e-05	8.506e-11	-3.4792e-05	3.181e-07	-3.1812e-07	4.101e-05	8.886e-11	-4.1e-05	3.18e-07	-3.181e-07	4.567e-05	8.117e-11	-4.5652e-05	3.1806e-07	-3.1808e-07	4.9268e-05	8.086e-11	-4.925e-05	3.1792e-07	-3.18e-07	5.211e-05	7.404e-11	-5.2068e-05	3.1802e-07	-3.181e-07	5.4374e-05	7.236e-11	-5.4386e-05	3.179e-07	-3.1802e-07	5.6338e-05	7.227e-11	-5.6326e-05	3.1814e-07	-3.1814e-07	5.7996e-05	7.156e-11	-5.7998e-05	3.1808e-07	-3.1818e-07
0.21	-1.3377e-06	1.1072e-10	1.3508e-06	3.1818e-07	-3.1812e-07	1.7204e-05	1.07e-10	-1.7166e-05	3.181e-07	-3.1812e-07	3.061e-05	1.003e-10	-3.0596e-05	3.1802e-07	-3.18e-07	4.0414e-05	9.738e-11	-4.044e-05	3.1808e-07	-3.1808e-07	4.7644e-05	9.07e-11	-4.7606e-05	3.1804e-07	-3.182e-07	5.3102e-05	8.694e-11	-5.31e-05	3.1804e-07	-3.1808e-07	5.7274e-05	8.387e-11	-5.7266e-05	3.1794e-07	-3.18e-07	6.0558e-05	8.345e-11	-6.0536e-05	3.1806e-07	-3.1814e-07	6.3286e-05	8.028e-11	-6.3264e-05	3.1792e-07	-3.1796e-07	6.5468e-05	7.469e-11	-6.5506e-05	3.181e-07	-3.1808e-07	6.7444e-05	7.23e-11	-6.745e-05	3.1808e-07	-3.1816e-07
0.215	-1.5489e-06	1.1977e-10	1.5396e-06	3.1818e-07	-3.1812e-07	1.9868e-05	1.0955e-10	-1.9818e-05	3.1816e-07	-3.1814e-07	3.543e-05	1.083e-10	-3.541e-05	3.181e-07	-3.1802e-07	4.6788e-05	1.0118e-10	-4.6756e-05	3.1806e-07	-3.1802e-07	5.514e-05	9.707e-11	-5.517e-05	3.1804e-07	-3.1806e-07	6.1504e-05	9.475e-11	-6.1456e-05	3.1796e-07	-3.1802e-07	6.633e-05	9.174e-11	-6.635e-05	3.1796e-07	-3.1808e-07	7.0192e-05	8.219e-11	-7.0198e-05	3.1802e-07	-3.1806e-07	7.3338e-05	8.165e-11	-7.3298e-05	3.179e-07	-3.1796e-07	7.5904e-05	8.482e-11	-7.589e-05	3.1806e-07	-3.182e-07	7.8212e-05	8.112e-11	-7.8168e-05	3.1804e-07	-3.1812e-07
0.22	-1.789e-06	1.2293e-10	1.7665e-06	3.1816e-07	-3.1812e-07	2.2962e-05	1.2093e-10	-2.2976e-05	3.181e-07	-3.1808e-07	4.102e-05	1.0986e-10	-4.1038e-05	3.1804e-07	-3.1798e-07	5.4242e-05	1.0868e-10	-5.421e-05	3.1806e-07	-3.1806e-07	6.3972e-05	1.0277e-10	-6.403e-05	3.181e-07	-3.1806e-07	7.1312e-05	9.765e-11	-7.1326e-05	3.18e-07	-3.1806e-07	7.6984e-05	9.911e-11	-7.6974e-05	3.1796e-07	-3.1808e-07	8.148e-05	9.551e-11	-8.145e-05	3.1802e-07	-3.18e-07	8.5134e-05	9.272e-11	-8.5026e-05	3.1802e-07	-3.1802e-07	8.8114e-05	9.1e-11	-8.8134e-05	3.1802e-07	-3.1818e-07	9.075e-05	8.822e-11	-9.0754e-05	3.1804e-07	-3.1814e-07
0.225	-2.0689e-06	1.3873e-10	2.0602e-06	3.1816e-07	-3.1814e-07	2.6528e-05	1.2591e-10	-2.6568e-05	3.181e-07	-3.1808e-07	4.739e-05	1.2499e-10	-4.7342e-05	3.1804e-07	-3.18e-07	6.2668e-05	1.1928e-10	-6.2632e-05	3.1808e-07	-3.1808e-07	7.4002e-05	1.1006e-10	-7.3966e-05	3.181e-07	-3.1818e-07	8.2494e-05	1.1028e-10	-8.253e-05	3.18e-07	-3.1806e-07	8.9024e-05	1.0202e-10	-8.9076e-05	3.1798e-07	-3.18e-07	9.4218e-05	1.0173e-10	-9.4214e-05	3.1802e-07	-3.1806e-07	9.8478e-05	9.649e-11	-9.8414e-05	3.179e-07	-3.1796e-07	0.000101952	9.594e-11	-0.000102044	3.1796e-07	-3.1808e-07	0.000105144	9.265e-11	-0.000105122	3.1808e-07	-3.182e-07
0.23	-2.3582e-06	1.4514e-10	2.374e-06	3.1812e-07	-3.1812e-07	3.0626e-05	1.3615e-10	-3.0646e-05	3.1816e-07	-3.1812e-07	5.4772e-05	1.2994e-10	-5.4734e-05	3.1804e-07	-3.18e-07	7.2524e-05	1.2227e-10	-7.2478e-05	3.1808e-07	-3.1812e-07	8.5624e-05	1.2369e-10	-8.5624e-05	3.1814e-07	-3.1812e-07	9.5548e-05	1.1433e-10	-9.5566e-05	3.18e-07	-3.1802e-07	0.00010316	1.1251e-10	-0.00010319	3.1796e-07	-3.1802e-07	0.000109258	1.0865e-10	-0.000109196	3.1796e-07	-3.1806e-07	0.000114164	1.0623e-10	-0.000114134	3.1792e-07	-3.1806e-07	0.00011856	1.0174e-10	-0.00011832	3.1808e-07	-3.1814e-07	0.00012212	9.87e-11	-0.00012184	3.1804e-07	-3.182e-07
0.235	-2.7592e-06	1.5162e-10	2.7084e-06	3.1824e-07	-3.1812e-07	3.5252e-05	1.4977e-10	-3.5232e-05	3.1814e-07	-3.181e-07	6.3094e-05	1.426e-10	-6.3128e-05	3.1802e-07	-3.1802e-07	8.3552e-05	1.3442e-10	-8.3616e-05	3.181e-07	-3.1802e-07	9.8824e-05	1.2867e-10	-9.8742e-05	3.1806e-07	-3.1814e-07	0.00011028	1.2344e-10	-0.000110258	3.1802e-07	-3.1802e-07	0.00011946	1.2163e-10	-0.00011922	3.1802e-07	-3.1802e-07	0.00012658	1.1493e-10	-0.00012622	3.1798e-07	-3.1806e-07	0.00013222	1.1374e-10	-0.00013184	3.18e-07	-3.1802e-07	0.00013704	1.1013e-10	-0.0001367	3.1804e-07	-3.182e-07	0.00014102	1.0658e-10	-0.00014074	3.1808e-07	-3.182e-07
0.24	-3.1024e-06	1.6654e-10	3.0994e-06	3.1826e-07	-3.1814e-07	4.059e-05	1.5454e-10	-4.061e-05	3.181e-07	-3.1808e-07	7.2816e-05	1.5079e-10	-7.282e-05	3.1804e-07	-3.18e-07	9.6462e-05	1.439e-10	-9.6502e-05	3.1806e-07	-3.1802e-07	0.000114084	1.3849e-10	-0.00011414	3.181e-07	-3.181e-07	0.00012782	1.3413e-10	-0.00012764	3.1796e-07	-3.1806e-07	0.000138	1.2892e-10	-0.00013776	3.1792e-07	-3.1806e-07	0.00014612	1.2263e-10	-0.00014594	3.1798e-07	-3.18e-07	0.00015276	1.2109e-10	-0.00015254	3.1796e-07	-3.1808e-07	0.00015848	1.209e-10	-0.00015812	3.1802e-07	-3.1814e-07	0.00016312	1.1737e-10	-0.00016302	3.1804e-07	-3.1818e-07
0.245	-3.6029e-06	1.7919e-10	3.5998e-06	3.1816e-07	-3.1808e-07	4.6574e-05	1.7359e-10	-4.6644e-05	3.1818e-07	-3.1808e-07	8.3624e-05	1.5938e-10	-8.365e-05	3.1802e-07	-3.1796e-07	0.000111012	1.5241e-10	-0.000110904	3.1808e-07	-3.181e-07	0.00013166	1.4897e-10	-0.00013138	3.181e-07	-3.1808e-07	0.0001471	1.4002e-10	-0.00014688	3.1798e-07	-3.18e-07	0.00015892	1.3918e-10	-0.0001587	3.179e-07	-3.1806e-07	0.00016832	1.3493e-10	-0.00016828	3.1798e-07	-3.1804e-07	0.00017612	1.3154e-10	-0.00017594	3.179e-07	-3.18e-07	0.0001825	1.2522e-10	-0.00018226	3.1798e-07	-3.1806e-07	0.00018818	1.249e-10	-0.00018786	3.181e-07	-3.1812e-07
0.25	-4.1089e-06	1.9153e-10	4.1063e-06	3.1816e-07	-3.1806e-07	5.345e-05	1.7845e-10	-5.3336e-05	3.1816e-07	-3.1812e-07	9.5988e-05	1.7462e-10	-9.6006e-05	3.1808e-07	-3.18e-07	0.00012778	1.6123e-10	-0.0001277	3.1802e-07	-3.1804e-07	0.0001513	1.5585e-10	-0.00015106	3.1814e-07	-3.1812e-07	0.00016916	1.536e-10	-0.00016892	3.1802e-07	-3.1796e-07	0.000183	1.4837e-10	-0.00018272	3.1798e-07	-3.1802e-07	0.00019388	1.4299e-10	-0.0001935	3.1798e-07	-3.1804e-07	0.00020276	1.404e-10	-0.00020236	3.1794e-07	-3.1802e-07	0.0002102	1.3264e-10	-0.00021002	3.1794e-07	-3.1806e-07	0.00021652	1.3104e-10	-0.00021628	3.1808e-07	-3.1824e-07
0.255	-4.7117e-06	2.0839e-10	4.7486e-06	3.1812e-07	-3.1808e-07	6.1264e-05	1.9388e-10	-6.1282e-05	3.181e-07	-3.1808e-07	0.00011019	1.8495e-10	-0.00011011	3.1806e-07	-3.18e-07	0.00014688	1.732e-10	-0.00014664	3.1804e-07	-3.1802e-07	0.00017402	1.7166e-10	-0.00017392	3.1812e-07	-3.1806e-07	0.0001946	1.6318e-10	-0.00019436	3.1798e-07	-3.1804e-07	0.00021058	1.5395e-10	-0.0002103	3.1796e-07	-3.18e-07	0.00022328	1.5193e-10	-0.00022312	3.1808e-07	-3.182e-07	0.0002335	1.5004e-10	-0.00023316	3.18e-07	-3.1804e-07	0.0002422	1.4847e-10	-0.00024192	3.1798e-07	-3.1804e-07	0.00024956	1.4637e-10	-0.00024938	3.1798e-07	-3.1818e-07
0.26	-5.3387e-06	2.2036e-10	5.368e-06	3.1816e-07	-3.1802e-07	6.997e-05	2.0728e-10	-6.994e-05	3.1814e-07	-3.1808e-07	0.00012634	1.9652e-10	-0.00012606	3.1798e-07	-3.1798e-07	0.00016812	1.8839e-10	-0.00016798	3.1808e-07	-3.1802e-07	0.00019934	1.7847e-10	-0.00019912	3.1816e-07	-3.1808e-07	0.00022322	1.7258e-10	-0.00022302	3.1798e-07	-3.18e-07	0.00024168	1.7247e-10	-0.00024146	3.18e-07	-3.1808e-07	0.0002562	1.6557e-10	-0.00025606	3.1806e-07	-3.1806e-07	0.00026802	1.6127e-10	-0.0002679	3.1796e-07	-3.1806e-07	0.0002778	1.5587e-10	-0.0002778	3.1798e-07	-3.1802e-07	0.00028662	1.5144e-10	-0.00028622	3.1808e-07	-3.1822e-07
0.265	-6.2307e-06	2.344e-10	6.0884e-06	3.1814e-07	-3.1808e-07	7.993e-05	2.1913e-10	-7.9894e-05	3.182e-07	-3.1808e-07	0.00014454	2.1407e-10	-0.00014416	3.1804e-07	-3.18e-07	0.00019254	2.0047e-10	-0.00019226	3.1816e-07	-3.1808e-07	0.00022858	1.9155e-10	-0.00022838	3.1804e-07	-3.1806e-07	0.00025624	1.8761e-10	-0.00025588	3.1804e-07	-3.1804e-07	0.0002773	1.7688e-10	-0.00027724	3.181e-07	-3.1818e-07	0.00029436	1.7232e-10	-0.00029422	3.1808e-07	-3.1812e-07	0.0003081	1.6927e-10	-0.0003078	3.1792e-07	-3.18e-07	0.00031948	1.6849e-10	-0.00031944	3.1802e-07	-3.181e-07	0.0003294	1.6695e-10	-0.00032918	3.1804e-07	-3.1814e-07
0.27	-7.0329e-06	2.5108e-10	6.8936e-06	3.1812e-07	-3.1802e-07	9.0872e-05	2.3647e-10	-9.0866e-05	3.1816e-07	-3.182e-07	0.00016446	2.2628e-10	-0.0001642	3.1814e-07	-3.1804e-07	0.00021964	2.1348e-10	-0.0002195	3.1806e-07	-3.1806e-07	0.00026106	2.0682e-10	-0.0002609	3.1802e-07	-3.1806e-07	0.00029284	1.9914e-10	-0.0002926	3.18e-07	-3.1806e-07	0.0003172	1.9524e-10	-0.00031686	3.1802e-07	-3.1808e-07	0.00033708	1.8706e-10	-0.00033668	3.1806e-07	-3.1812e-07	0.00035256	1.8442e-10	-0.00035224	3.1796e-07	-3.1806e-07	0.0003659	1.7905e-10	-0.00036572	3.1802e-07	-3.1808e-07	0.00037708	1.7473e-10	-0.00037702	3.1804e-07	-3.1816e-07
0.275	-7.9159e-06	2.715e-10	7.8084e-06	3.1818e-07	-3.1812e-07	0.000103324	2.5538e-10	-0.000103362	3.1814e-07	-3.181e-07	0.00018762	2.4246e-10	-0.00018726	3.1806e-07	-3.1808e-07	0.00025082	2.3444e-10	-0.0002504	3.1806e-07	-3.1802e-07	0.00029836	2.185e-10	-0.00029834	3.1804e-07	-3.1806e-07	0.00033468	2.1572e-10	-0.0003343	3.1798e-07	-3.1802e-07	0.0003632	2.0484e-10	-0.00036278	3.1808e-07	-3.181e-07	0.0003856	2.0003e-10	-0.0003855	3.181e-07	-3.1812e-07	0.00040364	1.9524e-10	-0.00040344	3.1798e-07	-3.1802e-07	0.00041906	1.8696e-10	-0.00041892	3.18e-07	-3.1812e-07	0.00043216	1.823e-10	-0.00043202	3.181e-07	-3.182e-07
0.28	-8.8941e-06	2.8805e-10	8.8663e-06	3.1816e-07	-3.1802e-07	0.00011732	2.7567e-10	-0.0001174	3.182e-07	-3.1816e-07	0.00021248	2.5782e-10	-0.00021246	3.181e-07	-3.1802e-07	0.00028488	2.4472e-10	-0.00028468	3.1804e-07	-3.1806e-07	0.00033954	2.3902e-10	-0.00033922	3.1808e-07	-3.1802e-07	0.00038112	2.3217e-10	-0.00038082	3.1802e-07	-3.18e-07	0.00041372	2.1909e-10	-0.00041336	3.1804e-07	-3.182e-07	0.00043952	2.1386e-10	-0.00043926	3.1802e-07	-3.182e-07	0.0004606	2.0791e-10	-0.00046008	3.1796e-07	-3.1806e-07	0.00047796	2.0431e-10	-0.00047776	3.1796e-07	-3.1808e-07	0.0004927	2.0003e-10	-0.00049266	3.181e-07	-3.1816e-07
0.285	-1.01412e-05	3.1231e-10	1.00866e-05	3.1814e-07	-3.1808e-07	0.00013268	2.9263e-10	-0.00013252	3.1814e-07	-3.1806e-07	0.00024108	2.7232e-10	-0.00024098	3.1806e-07	-3.1806e-07	0.00032382	2.6545e-10	-0.00032346	3.1814e-07	-3.1812e-07	0.00038596	2.5372e-10	-0.0003858	3.181e-07	-3.1808e-07	0.00043396	2.3977e-10	-0.00043386	3.1798e-07	-3.1806e-07	0.00047154	2.3645e-10	-0.00047096	3.1804e-07	-3.181e-07	0.00050106	2.2992e-10	-0.00050094	3.1804e-07	-3.1812e-07	0.00052482	2.254e-10	-0.000525	3.1798e-07	-3.1804e-07	0.00054538	2.1772e-10	-0.00054508	3.1804e-07	-3.1816e-07	0.00056232	2.1086e-10	-0.00056234	3.1808e-07	-3.1818e-07
0.29	-1.1281e-05	3.3055e-10	1.13713e-05	3.1822e-07	-3.18e-07	0.0001493	3.1177e-10	-0.00014932	3.1808e-07	-3.1806e-07	0.00027224	2.9609e-10	-0.00027214	3.1804e-07	-3.1802e-07	0.00036608	2.8036e-10	-0.00036582	3.1812e-07	-3.1814e-07	0.00043726	2.6992e-10	-0.00043686	3.1802e-07	-3.1812e-07	0.00049212	2.6202e-10	-0.0004918	3.1798e-07	-3.1798e-07	0.00053486	2.5278e-10	-0.00053488	3.1804e-07	-3.1814e-07	0.0005692	2.4492e-10	-0.00056874	3.1804e-07	-3.181e-07	0.00059688	2.3717e-10	-0.0005964	3.1796e-07	-3.1812e-07	0.00061982	2.3312e-10	-0.00061936	3.18e-07	-3.181e-07	0.00063932	2.2747e-10	-0.00063936	3.1806e-07	-3.1816e-07
0.295	-1.17176e-05	3.5226e-10	1.2748e-05	3.1818e-07	-3.1812e-07	0.00016826	3.3186e-10	-0.000168	3.1812e-07	-3.1806e-07	0.00030712	3.1282e-10	-0.00030694	3.1804e-07	-3.18e-07	0.0004132	2.9916e-10	-0.0004136	3.182e-07	-3.1808e-07	0.0004952	2.9248e-10	-0.00049436	3.1804e-07	-3.181e-07	0.00055804	2.763e-10	-0.00055758	3.1806e-07	-3.1808e-07	0.00060696	2.6853e-10	-0.000607	3.1808e-07	-3.1812e-07	0.00064598	2.5978e-10	-0.00064556	3.1808e-07	-3.1806e-07	0.0006779	2.5179e-10	-0.0006777	3.1794e-07	-3.1802e-07	0.0007038	2.512e-10	-0.00070358	3.1804e-07	-3.1812e-07	0.00072608	2.4508e-10	-0.00072602	3.1808e-07	-3.1818e-07
0.3	-1.4162e-05	3.7781e-10	1.421e-05	3.181e-07	-3.181e-07	0.00018836	3.6206e-10	-0.00018816	3.1812e-07	-3.1806e-07	0.00034508	3.3934e-10	-0.00034456	3.1804e-07	-3.1804e-07	0.00046552	3.2309e-10	-0.0004651	3.1816e-07	-3.1814e-07	0.00055804	3.0567e-10	-0.00055768	3.181e-07	-3.1812e-07	0.00062964	2.9741e-10	-0.0006293	3.1808e-07	-3.1802e-07	0.00068572	2.8679e-10	-0.00068544	3.1808e-07	-3.181e-07	0.00072962	2.7899e-10	-0.00072994	3.1808e-07	-3.1812e-07	0.00076594	2.7161e-10	-0.00076576	3.1796e-07	-3.1802e-07	0.0007964	2.6336e-10	-0.00079586	3.1802e-07	-3.1818e-07	0.00082138	2.5925e-10	-0.0008218	3.1804e-07	-3.1816e-07
0.305	-1.565e-05	4.0505e-10	1.5702e-05	3.1808e-07	-3.1808e-07	0.00021106	3.8247e-10	-0.00021064	3.181e-07	-3.1806e-07	0.00038688	3.6253e-10	-0.00038672	3.1798e-07	-3.1802e-07	0.0005238	3.4177e-10	-0.00052304	3.1816e-07	-3.1816e-07	0.00062812	3.3256e-10	-0.00062818	3.1808e-07	-3.1812e-07	0.00070972	3.1741e-10	-0.0007096	3.1802e-07	-3.1802e-07	0.0007739	2.9957e-10	-0.0007735	3.1808e-07	-3.1816e-07	0.00082482	2.9436e-10	-0.00082408	3.1804e-07	-3.1812e-07	0.00086648	2.8628e-10	-0.00086636	3.1796e-07	-3.1802e-07	0.00090034	2.8398e-10	-0.0008999	3.1804e-07	-3.1814e-07	0.0009288	2.782e-10	-0.00092918	3.1808e-07	-3.1816e-07
0.31	-1.7656e-05	4.3225e-10	1.7416e-05	3.1808e-07	-3.181e-07	0.00023516	4.0894e-10	-0.00023482	3.1808e-07	-3.1804e-07	0.00043232	3.8525e-10	-0.00043164	3.1804e-07	-3.1808e-07	0.00058596	3.6829e-10	-0.00058526	3.1816e-07	-3.1808e-07	0.00070428	3.5052e-10	-0.00070384	3.1806e-07	-3.1806e-07	0.0007966	3.4084e-10	-0.00079658	3.1804e-07	-3.1802e-07	0.00086926	3.2755e-10	-0.00086932	3.1804e-07	-3.1806e-07	0.00092706	3.1913e-10	-0.00092762	3.1804e-07	-3.1814e-07	0.00097396	3.108e-10	-0.00097458	3.179e-07	-3.18e-07	0.0010128	2.9911e-10	-0.0010135	3.1808e-07	-3.1818e-07	0.00104618	2.9275e-10	-0.0010458	3.1804e-07	-3.1826e-07
0.315	-1.919e-05	4.6322e-10	1.9422e-05	3.1812e-07	-3.1806e-07	0.00026056	4.3617e-10	-0.0002609	3.1806e-07	-3.1802e-07	0.00048146	4.122e-10	-0.00048164	3.1808e-07	-3.18e-07	0.00065408	3.9548e-10	-0.00065376	3.1812e-07	-3.182e-07	0.00078774	3.7153e-10	-0.00078834	3.1798e-07	-3.1808e-07	0.00089308	3.6206e-10	-0.00089336	3.1798e-07	-3.1806e-07	0.00097576	3.4551e-10	-0.00097534	3.1806e-07	-3.1806e-07	0.00104196	3.3879e-10	-0.00104202	3.1804e-07	-3.1814e-07	0.00109582	3.2646e-10	-0.0010954	3.1794e-07	-3.18e-07	0.00114024	3.1819e-10	-0.00113932	3.1812e-07	-3.1812e-07	0.001177	3.1317e-10	-0.001177	3.1808e-07	-3.1824e-07
0.32	-2.154e-05	4.9534e-10	2.1352e-05	3.1822e-07	-3.181e-07	0.00028926	4.6296e-10	-0.00028848	3.1816e-07	-3.1808e-07	0.0005341	4.3948e-10	-0.00053398	3.18e-07	-3.1794e-07	0.00072776	4.198e-10	-0.00072718	3.182e-07	-3.182e-07	0.0008786	4.0253e-10	-0.00087834	3.1806e-07	-3.1812e-07	0.00099772	3.8372e-10	-0.00099726	3.1798e-07	-3.1806e-07	0.00109088	3.7431e-10	-0.00109	3.1798e-07	-3.1804e-07	0.0011654	3.6001e-10	-0.00116444	3.1796e-07	-3.1806e-07	0.0012266	3.4998e-10	-0.0012258	3.1796e-07	-3.18e-07	0.0012758	3.4244e-10	-0.001275	3.1802e-07	-3.1818e-07	0.0013186	3.3278e-10	-0.0013182	3.1804e-07	-3.181e-07
0.325	-2.3524e-05	5.2776e-10	2.3542e-05	3.181e-07	-3.1808e-07	0.00031898	4.9941e-10	-0.00031882	3.1808e-07	-3.1804e-07	0.00059196	4.6774e-10	-0.00059092	3.1798e-07	-3.18e-07	0.00080764	4.4523e-10	-0.00080806	3.1816e-07	-3.1814e-07	0.00097752	4.2505e-10	-0.00097702	3.1808e-07	-3.1812e-07	0.00111124	4.0677e-10	-0.00111062	3.1806e-07	-3.1812e-07	0.0012168	3.926e-10	-0.0012162	3.1798e-07	-3.1802e-07	0.0013014	3.812e-10	-0.0013024	3.1814e-07	-3.1808e-07	0.0013708	3.7327e-10	-0.0013702	3.1796e-07	-3.1806e-07	0.0014278	3.6486e-10	-0.0014266	3.1802e-07	-3.181e-07	0.0014762	3.5557e-10	-0.0014748	3.1802e-07	-3.1818e-07
0.33	-2.5726e-05	5.6645e-10	2.5758e-05	3.182e-07	-3.181e-07	0.00034972	5.2919e-10	-0.00035048	3.181e-07	-3.1802e-07	0.00065272	5.0225e-10	-0.00065196	3.18e-07	-3.1794e-07	0.00089252	4.7639e-10	-0.00089184	3.1818e-07	-3.1812e-07	0.00108282	4.5613e-10	-0.00108232	3.1812e-07	-3.1808e-07	0.0012316	4.3787e-10	-0.001232	3.1804e-07	-3.1804e-07	0.001352	4.1572e-10	-0.0013516	3.1804e-07	-3.18e-07	0.0014478	4.0704e-10	-0.0014464	3.181e-07	-3.1814e-07	0.0015252	3.9515e-10	-0.0015252	3.1802e-07	-3.1804e-07	0.0015898	3.8232e-10	-0.0015886	3.1808e-07	-3.1812e-07	0.0016438	3.7233e-10	-0.0016434	3.1814e-07	-3.1816e-07
0.335	-2.807e-05	6.0121e-10	2.8148e-05	3.1822e-07	-3.1818e-07	0.00038394	5.6313e-10	-0.00038342	3.1806e-07	-3.1804e-07	0.00071662	5.3226e-10	-0.00071688	3.1804e-07	-3.1798e-07	0.00098482	5.033e-10	-0.00098416	3.1816e-07	-3.1816e-07	0.001196	4.8534e-10	-0.0011962	3.181e-07	-3.1814e-07	0.0013648	4.6431e-10	-0.0013648	3.1802e-07	-3.1804e-07	0.0014998	4.441e-10	-0.0014992	3.1806e-07	-3.1812e-07	0.0016076	4.3781e-10	-0.0016076	3.1804e-07	-3.1816e-07	0.0016954	4.1932e-10	-0.0016948	3.1796e-07	-3.1796e-07	0.0017672	4.098e-10	-0.0017666	3.1804e-07	-3.1818e-07	0.0018284	4.0194e-10	-0.001827	3.1804e-07	-3.1824e-07
0.34	-3.0438e-05	6.4024e-10	3.0564e-05	3.1822e-07	-3.1818e-07	0.00041856	6.0494e-10	-0.0004192	3.1802e-07	-3.18e-07	0.00078494	5.7624e-10	-0.00078466	3.1804e-07	-3.1804e-07	0.00108032	5.407e-10	-0.0010796	3.1818e-07	-3.1816e-07	0.0013166	5.1073e-10	-0.0013156	3.1812e-07	-3.1808e-07	0.0015044	4.9175e-10	-0.0015046	3.1798e-07	-3.1804e-07	0.0016554	4.7725e-10	-0.0016544	3.1808e-07	-3.1812e-07	0.0017772	4.5746e-10	-0.0017762	3.181e-07	-3.1818e-07	0.0018748	4.4702e-10	-0.0018744	3.18e-07	-3.1802e-07	0.0019572	4.3312e-10	-0.0019566	3.181e-07	-3.1814e-07	0.0020252	4.2556e-10	-0.0020248	3.1808e-07	-3.1818e-07
0.345	-3.3156e-05	6.8508e-10	3.2982e-05	3.182e-07	-3.1814e-07	0.00045644	6.4034e-10	-0.00045572	3.1814e-07	-3.1806e-07	0.00085642	6.0177e-10	-0.00085766	3.1804e-07	-3.1802e-07	0.0011836	5.7212e-10	-0.0011832	3.1814e-07	-3.1814e-07	0.001446	5.5165e-10	-0.001445	3.1802e-07	-3.1806e-07	0.0016558	5.2555e-10	-0.0016558	3.1808e-07	-3.18e-07	0.0018254	5.0348e-10	-0.0018238	3.1808e-07	-3.1812e-07	0.00196	4.8634e-10	-0.0019602	3.1806e-07	-3.1808e-07	0.0020718	4.7187e-10	-0.0020708	3.1796e-07	-3.18e-07	0.0021628	4.6254e-10	-0.002163	3.1814e-07	-3.1818e-07	0.0022406	4.4874e-10	-0.0022382	3.1804e-07	-3.1808e-07
0.35	-3.5694e-05	7.3127e-10	3.5768e-05	3.1816e-07	-3.1808e-07	0.00049422	6.8857e-10	-0.00049354	3.1806e-07	-3.1804e-07	0.00093174	6.4921e-10	-0.00093082	3.1806e-07	-3.18e-07	0.0012898	6.0869e-10	-0.00129	3.1818e-07	-3.1818e-07	0.0015794	5.7754e-10	-0.0015792	3.181e-07	-3.181e-07	0.0018132	5.5644e-10	-0.0018124	3.1802e-07	-3.1808e-07	0.0020008	5.3767e-10	-0.0020008	3.1808e-07	-3.1816e-07	0.0021536	5.1204e-10	-0.002154	3.1808e-07	-3.1808e-07	0.002278	4.9808e-10	-0.0022768	3.1802e-07	-3.1814e-07	0.0023802	4.8907e-10	-0.002381	3.1806e-07	-3.1816e-07	0.002466	4.7788e-10	-0.0024648	3.1804e-07	-3.1818e-07
0.355	-3.8354e-05	7.8053e-10	3.8402e-05	3.1812e-07	-3.1808e-07	0.0005348	7.3073e-10	-0.00053294	3.1814e-07	-3.1802e-07	0.00101036	6.8608e-10	-0.0010101	3.1804e-07	-3.1802e-07	0.0014044	6.5132e-10	-0.0014022	3.1814e-07	-3.1816e-07	0.001722	6.2318e-10	-0.001722	3.1808e-07	-3.181e-07	0.0019816	5.9197e-10	-0.00198	3.1792e-07	-3.1798e-07	0.0021918	5.7242e-10	-0.0021908	3.1802e-07	-3.1816e-07	0.0023622	5.4536e-10	-0.0023624	3.1808e-07	-3.1814e-07	0.0025004	5.293e-10	-0.002501	3.1802e-07	-3.1812e-07	0.0026158	5.1194e-10	-0.0026146	3.1802e-07	-3.1826e-07	0.0027112	5.0001e-10	-0.0027108	3.1804e-07	-3.1816e-07
0.36	-4.1366e-05	8.3451e-10	4.113e-05	3.1814e-07	-3.1808e-07	0.00057446	7.7687e-10	-0.00057366	3.1808e-07	-3.18e-07	0.00109036	7.2758e-10	-0.00108978	3.181e-07	-3.1802e-07	0.0015178	6.9191e-10	-0.0015178	3.1812e-07	-3.1818e-07	0.001869	6.5877e-10	-0.001869	3.18e-07	-3.1814e-07	0.0021558	6.2969e-10	-0.0021558	3.1812e-07	-3.1802e-07	0.0023888	6.0043e-10	-0.0023882	3.1806e-07	-3.1814e-07	0.0025766	5.8395e-10	-0.0025776	3.1808e-07	-3.182e-07	0.0027348	5.5758e-10	-0.0027324	3.1798e-07	-3.1806e-07	0.0028606	5.4615e-10	-0.0028592	3.1804e-07	-3.1812e-07	0.0029678	5.3275e-10	-0.0029678	3.1808e-07	-3.1824e-07
0.365	-4.3604e-05	8.8598e-10	4.3972e-05	3.1814e-07	-3.1808e-07	0.00061666	8.3111e-10	-0.00061672	3.1808e-07	-3.1804e-07	0.0011746	7.8251e-10	-0.0011742	3.181e-07	-3.1808e-07	0.00164	7.3575e-10	-0.0016406	3.1816e-07	-3.1818e-07	0.0020248	7.0219e-10	-0.0020244	3.1808e-07	-3.1808e-07	0.0023388	6.6725e-10	-0.0023398	3.1804e-07	-3.1808e-07	0.002599	6.381e-10	-0.0025978	3.1808e-07	-3.1812e-07	0.0028092	6.1405e-10	-0.002809	3.1798e-07	-3.1812e-07	0.0029818	5.9569e-10	-0.0029814	3.1796e-07	-3.1804e-07	0.003124	5.7498e-10	-0.0031238	3.1808e-07	-3.1816e-07	0.0032434	5.6428e-10	-0.0032436	3.1802e-07	-3.1814e-07
0.37	-4.6836e-05	9.5062e-10	4.684e-05	3.1814e-07	-3.1806e-07	0.0006586	8.8089e-10	-0.00065874	3.1814e-07	-3.1806e-07	0.00126	8.3949e-10	-0.0012588	3.1808e-07	-3.1808e-07	0.0017646	7.8508e-10	-0.001765	3.1814e-07	-3.181e-07	0.0021842	7.4496e-10	-0.0021828	3.1808e-07	-3.1806e-07	0.0025294	7.0732e-10	-0.0025284	3.1798e-07	-3.1808e-07	0.0028136	6.7217e-10	-0.0028124	3.1804e-07	-3.182e-07	0.0030478	6.5329e-10	-0.0030464	3.1806e-07	-3.1818e-07	0.0032388	6.3058e-10	-0.0032378	3.1804e-07	-3.1806e-07	0.0033974	6.0974e-10	-0.0033972	3.1814e-07	-3.1824e-07	0.0035308	5.9531e-10	-0.0035288	3.1808e-07	-3.182e-07
0.375	-4.9428e-05	1.00592e-09	4.9544e-05	3.1814e-07	-3.1804e-07	0.00070368	9.4349e-10	-0.00070214	3.181e-07	-3.1804e-07	0.0013474	8.7989e-10	-0.0013478	3.181e-07	-3.1806e-07	0.0018926	8.3315e-10	-0.001894	3.1814e-07	-3.1806e-07	0.0023494	7.8977e-10	-0.0023494	3.1814e-07	-3.1808e-07	0.0027302	7.4845e-10	-0.002727	3.1804e-07	-3.1806e-07	0.0030416	7.1686e-10	-0.0030408	3.181e-07	-3.1814e-07	0.0032988	6.9067e-10	-0.0032996	3.1806e-07	-3.182e-07	0.0035108	6.6601e-10	-0.003511	3.1802e-07	-3.1806e-07	0.0036886	6.4723e-10	-0.0036882	3.1814e-07	-3.1818e-07	0.0038364	6.294e-10	-0.0038352	3.181e-07	-3.182e-07
0.38	-5.2584e-05	1.07554e-09	5.2492e-05	3.1812e-07	-3.1802e-07	0.00074542	1.00182e-09	-0.0007452	3.1804e-07	-3.1796e-07	0.0014358	9.42e-10	-0.0014354	3.1814e-07	-3.1808e-07	0.002022	8.8767e-10	-0.0020224	3.1816e-07	-3.1808e-07	0.0025178	8.3581e-10	-0.002517	3.1808e-07	-3.1808e-07	0.002929	7.9815e-10	-0.0029292	3.1804e-07	-3.1806e-07	0.003272	7.6271e-10	-0.0032726	3.1798e-07	-3.1814e-07	0.0035582	7.2803e-10	-0.003556	3.18e-07	-3.1814e-07	0.0037924	7.0464e-10	-0.0037936	3.1798e-07	-3.1808e-07	0.0039854	6.7841e-10	-0.003986	3.1804e-07	-3.1824e-07	0.0041504	6.5928e-10	-0.0041486	3.1808e-07	-3.1818e-07
0.385	-5.558e-05	1.146e-09	5.577e-05	3.1816e-07	-3.1808e-07	0.00078924	1.06626e-09	-0.00078948	3.1804e-07	-3.1798e-07	0.001525	1.00142e-09	-0.0015256	3.1808e-07	-3.1812e-07	0.002156	9.417e-10	-0.002156	3.1816e-07	-3.1818e-07	0.0026904	8.9345e-10	-0.0026906	3.181e-07	-3.181e-07	0.0031388	8.4737e-10	-0.0031384	3.1806e-07	-3.1812e-07	0.0035144	8.0667e-10	-0.0035154	3.181e-07	-3.1816e-07	0.003827	7.7436e-10	-0.003828	3.1806e-07	-3.1808e-07	0.0040866	7.4028e-10	-0.0040864	3.18e-07	-3.1802e-07	0.0043026	7.2078e-10	-0.0043016	3.181e-07	-3.1814e-07	0.0044824	7.0051e-10	-0.0044818	3.1816e-07	-3.1828e-07
0.39	-5.8148e-05	1.2128e-09	5.8272e-05	3.1816e-07	-3.1808e-07	0.0008334	1.1376e-09	-0.00083468	3.1806e-07	-3.1804e-07	0.0016142	1.06448e-09	-0.0016136	3.1814e-07	-3.1802e-07	0.002289	9.9545e-10	-0.0022898	3.1808e-07	-3.1808e-07	0.0028652	9.4417e-10	-0.002865	3.1804e-07	-3.1812e-07	0.0033504	8.9574e-10	-0.0033496	3.1802e-07	-3.1806e-07	0.0037612	8.5681e-10	-0.0037592	3.1804e-07	-3.1814e-07	0.0041016	8.1405e-10	-0.0041004	3.1806e-07	-3.1812e-07	0.0043844	7.8569e-10	-0.0043874	3.1802e-07	-3.1806e-07	0.004623	7.5822e-10	-0.0046238	3.181e-07	-3.1814e-07	0.0048212	7.3591e-10	-0.0048228	3.1816e-07	-3.1824e-07
0.395	-6.1336e-05	1.2955e-09	6.1306e-05	3.1822e-07	-3.1818e-07	0.00087778	1.2088e-09	-0.0008779	3.1808e-07	-3.1802e-07	0.0017056	1.14074e-09	-0.0017052	3.1808e-07	-3.18e-07	0.0024272	1.0647e-09	-0.0024252	3.1808e-07	-3.1812e-07	0.0030436	1.00893e-09	-0.0030432	3.1812e-07	-3.1814e-07	0.0035682	9.506e-10	-0.0035696	3.18e-07	-3.1806e-07	0.004013	9.0108e-10	-0.0040144	3.1808e-07	-3.1808e-07	0.004387	8.6624e-10	-0.0043866	3.1808e-07	-3.1814e-07	0.0046994	8.314e-10	-0.0047	3.1808e-07	-3.1814e-07	0.0049618	7.9771e-10	-0.0049608	3.181e-07	-3.1818e-07	0.0051808	7.7418e-10	-0.0051794	3.181e-07	-3.182e-07
0.4	-6.3982e-05	1.3772e-09	6.3752e-05	3.1822e-07	-3.1808e-07	0.00092258	1.2811e-09	-0.00092182	3.1804e-07	-3.1802e-07	0.0017948	1.2063e-09	-0.0017952	3.1798e-07	-3.18e-07	0.0025604	1.12934e-09	-0.002562	3.1814e-07	-3.1816e-07	0.0032224	1.06054e-09	-0.0032216	3.1806e-07	-3.1812e-07	0.0037872	1.0081e-09	-0.0037846	3.181e-07	-3.1808e-07	0.0042688	9.52e-10	-0.0042674	3.1812e-07	-3.1812e-07	0.0046748	9.1483e-10	-0.0046736	3.1802e-07	-3.1808e-07	0.005016	8.7432e-10	-0.0050148	3.18e-07	-3.1812e-07	0.0053028	8.4621e-10	-0.0053004	3.1808e-07	-3.182e-07	0.0055426	8.2017e-10	-0.0055434	3.1812e-07	-3.1822e-07
0.405	-6.7122e-05	1.4594e-09	6.7028e-05	3.1824e-07	-3.1812e-07	0.00096492	1.3652e-09	-0.0009654	3.181e-07	-3.1802e-07	0.0018856	1.2781e-09	-0.0018862	3.1802e-07	-3.18e-07	0.0026976	1.1976e-09	-0.002698	3.1816e-07	-3.1818e-07	0.0034038	1.13275e-09	-0.0034026	3.1808e-07	-3.1806e-07	0.0040098	1.06927e-09	-0.0040086	3.1804e-07	-3.1814e-07	0.0045284	1.01156e-09	-0.0045296	3.1804e-07	-3.1816e-07	0.0049732	9.65e-10	-0.0049704	3.1802e-07	-3.1806e-07	0.0053448	9.2668e-10	-0.0053422	3.1802e-07	-3.1812e-07	0.0056572	8.906e-10	-0.005657	3.1812e-07	-3.1822e-07	0.00592	8.5923e-10	-0.0059198	3.181e-07	-3.182e-07
0.41	-6.9404e-05	1.5537e-09	6.9362e-05	3.182e-07	-3.1812e-07	0.00100822	1.4466e-09	-0.00100814	3.18e-07	-3.1804e-07	0.0019734	1.3631e-09	-0.001974	3.1808e-07	-3.1806e-07	0.002832	1.2745e-09	-0.0028322	3.1808e-07	-3.1802e-07	0.0035816	1.1971e-09	-0.0035812	3.181e-07	-3.181e-07	0.004233	1.1323e-09	-0.0042306	3.1806e-07	-3.1814e-07	0.00479	1.07149e-09	-0.0047896	3.1814e-07	-3.1814e-07	0.0052686	1.02592e-09	-0.0052672	3.182e-07	-3.1824e-07	0.0056738	9.8055e-10	-0.0056744	3.1804e-07	-3.1812e-07	0.0060128	9.4005e-10	-0.0060144	3.1808e-07	-3.182e-07	0.0063038	9.0731e-10	-0.0063028	3.1806e-07	-3.1824e-07
0.415	-7.1948e-05	1.642e-09	7.1912e-05	3.1818e-07	-3.1816e-07	0.0010523	1.5381e-09	-0.00105148	3.1802e-07	-3.1804e-07	0.002063	1.442e-09	-0.0020642	3.179e-07	-3.1794e-07	0.0029672	1.3524e-09	-0.0029666	3.1814e-07	-3.1812e-07	0.0037638	1.2795e-09	-0.0037614	3.1808e-07	-3.181e-07	0.0044566	1.2017e-09	-0.004456	3.1804e-07	-3.1806e-07	0.005056	1.1354e-09	-0.0050558	3.1804e-07	-3.1814e-07	0.0055724	1.07792e-09	-0.0055712	3.1808e-07	-3.1816e-07	0.0060102	1.03382e-09	-0.00601	3.1806e-07	-3.1812e-07	0.0063846	9.9498e-10	-0.0063844	3.181e-07	-3.182e-07	0.0066978	9.5732e-10	-0.0066996	3.181e-07	-3.1826e-07
0.42	-7.4586e-05	1.7389e-09	7.4726e-05	3.1818e-07	-3.1812e-07	0.0010936	1.6303e-09	-0.00109204	3.1808e-07	-3.18e-07	0.0021526	1.526e-09	-0.0021506	3.1806e-07	-3.1798e-07	0.003101	1.43e-09	-0.0031	3.1808e-07	-3.1812e-07	0.0039408	1.3432e-09	-0.0039418	3.1816e-07	-3.181e-07	0.0046774	1.269e-09	-0.0046776	3.1804e-07	-3.1806e-07	0.0053188	1.2049e-09	-0.0053186	3.1806e-07	-3.181e-07	0.005874	1.1385e-09	-0.0058732	3.1814e-07	-3.1822e-07	0.0063488	1.09717e-09	-0.0063498	3.1802e-07	-3.1812e-07	0.0067512	1.04346e-09	-0.0067522	3.1808e-07	-3.1824e-07	0.0070974	1.00597e-09	-0.0070944	3.1816e-07	-3.1824e-07
0.425	-7.7634e-05	1.8418e-09	7.7652e-05	3.1814e-07	-3.1808e-07	0.0011352	1.7177e-09	-0.00113598	3.181e-07	-3.1804e-07	0.002239	1.618e-09	-0.002235	3.1802e-07	-3.1802e-07	0.0032334	1.5191e-09	-0.0032332	3.1808e-07	-3.1806e-07	0.0041198	1.4344e-09	-0.004118	3.1806e-07	-3.1808e-07	0.0049006	1.3493e-09	-0.0049022	3.1798e-07	-3.1806e-07	0.005585	1.2702e-09	-0.0055846	3.18e-07	-3.1806e-07	0.0061818	1.2116e-09	-0.006179	3.1814e-07	-3.182e-07	0.0066954	1.1517e-09	-0.006694	3.1802e-07	-3.1804e-07	0.0071318	1.10729e-09	-0.0071316	3.1804e-07	-3.1814e-07	0.0075042	1.0604e-09	-0.0075054	3.1816e-07	-3.182e-07
0.43	-7.9674e-05	1.9384e-09	7.9762e-05	3.182e-07	-3.1812e-07	0.001173	1.8203e-09	-0.0011738	3.1804e-07	-3.18e-07	0.0023218	1.708e-09	-0.0023214	3.1802e-07	-3.18e-07	0.0033622	1.6027e-09	-0.003363	3.181e-07	-3.181e-07	0.0042938	1.506e-09	-0.0042924	3.1808e-07	-3.182e-07	0.0051186	1.4226e-09	-0.0051192	3.1798e-07	-3.1806e-07	0.005849	1.3462e-09	-0.0058472	3.18e-07	-3.1808e-07	0.006483	1.2793e-09	-0.006486	3.1814e-07	-3.1818e-07	0.0070342	1.2136e-09	-0.0070316	3.1804e-07	-3.1818e-07	0.0075076	1.1638e-09	-0.0075074	3.1806e-07	-3.182e-07	0.007908	1.11844e-09	-0.0079092	3.1814e-07	-3.1828e-07
0.435	-8.2494e-05	2.0472e-09	8.2398e-05	3.1808e-07	-3.1802e-07	0.0012124	1.9242e-09	-0.0012142	3.1798e-07	-3.1798e-07	0.002404	1.8105e-09	-0.0024036	3.1806e-07	-3.18e-07	0.0034924	1.6974e-09	-0.0034898	3.1816e-07	-3.1812e-07	0.0044682	1.6014e-09	-0.004468	3.1802e-07	-3.1812e-07	0.00534	1.5101e-09	-0.0053406	3.1798e-07	-3.1802e-07	0.0061126	1.4282e-09	-0.0061136	3.181e-07	-3.1812e-07	0.0067908	1.349e-09	-0.00679	3.1816e-07	-3.1814e-07	0.0073814	1.288e-09	-0.0073784	3.1808e-07	-3.1814e-07	0.0078906	1.2268e-09	-0.0078886	3.181e-07	-3.1814e-07	0.0083282	1.176e-09	-0.008327	3.181e-07	-3.183e-07
0.44	-8.5078e-05	2.1596e-09	8.5118e-05	3.1812e-07	-3.1802e-07	0.001251	2.029e-09	-0.00125	3.1808e-07	-3.1802e-07	0.0024858	1.9084e-09	-0.0024862	3.1808e-07	-3.18e-07	0.0036156	1.795e-09	-0.0036134	3.1806e-07	-3.1806e-07	0.0046372	1.6907e-09	-0.004638	3.1804e-07	-3.1806e-07	0.0055542	1.5928e-09	-0.0055526	3.1804e-07	-3.18e-07	0.00637	1.5047e-09	-0.0063686	3.1814e-07	-3.1818e-07	0.0070904	1.4305e-09	-0.0070912	3.1812e-07	-3.1824e-07	0.0077206	1.3562e-09	-0.0077206	3.1806e-07	-3.181e-07	0.008269	1.2976e-09	-0.0082668	3.1804e-07	-3.182e-07	0.00874	1.2396e-09	-0.0087392	3.1814e-07	-3.1824e-07
0.445	-8.669e-05	2.2715e-09	8.684e-05	3.1816e-07	-3.1802e-07	0.0012886	2.1359e-09	-0.0012886	3.1808e-07	-3.1804e-07	0.0025666	2.0118e-09	-0.0025642	3.1802e-07	-3.18e-07	0.0037396	1.8922e-09	-0.003738	3.1814e-07	-3.1806e-07	0.004806	1.7862e-09	-0.0048076	3.1808e-07	-3.1806e-07	0.0057676	1.6807e-09	-0.005768	3.1796e-07	-3.1802e-07	0.0066304	1.5933e-09	-0.006627	3.1804e-07	-3.1812e-07	0.0073934	1.5038e-09	-0.0073938	3.1814e-07	-3.1816e-07	0.0080666	1.4327e-09	-0.008067	3.1804e-07	-3.181e-07	0.008653	1.3627e-09	-0.0086532	3.1806e-07	-3.1814e-07	0.0091594	1.3057e-09	-0.0091604	3.1814e-07	-3.1824e-07
0.45	-8.9356e-05	2.3777e-09	8.9372e-05	3.1812e-07	-3.1804e-07	0.0013256	2.2528e-09	-0.0013256	3.1812e-07	-3.1804e-07	0.0026418	2.1266e-09	-0.0026412	3.1798e-07	-3.1796e-07	0.0038568	2.0012e-09	-0.0038576	3.1812e-07	-3.1806e-07	0.0049686	1.8829e-09	-0.004969	3.179e-07	-3.1796e-07	0.0059758	1.7772e-09	-0.0059752	3.1806e-07	-3.1808e-07	0.0068818	1.6782e-09	-0.0068796	3.181e-07	-3.1818e-07	0.0076896	1.5906e-09	-0.0076878	3.181e-07	-3.1822e-07	0.0084042	1.5102e-09	-0.008403	3.1804e-07	-3.1816e-07	0.0090308	1.4359e-09	-0.0090284	3.1808e-07	-3.1818e-07	0.0095734	1.3759e-09	-0.0095728	3.1818e-07	-3.1824e-07
0.455	-9.113e-05	2.514e-09	9.1362e-05	3.1816e-07	-3.1804e-07	0.00136	2.3675e-09	-0.0013618	3.1816e-07	-3.1808e-07	0.0027148	2.2362e-09	-0.0027154	3.1798e-07	-3.1796e-07	0.0039742	2.1048e-09	-0.0039754	3.1804e-07	-3.181e-07	0.0051316	1.9907e-09	-0.005129	3.1796e-07	-3.18e-07	0.0061818	1.8727e-09	-0.0061814	3.18e-07	-3.1808e-07	0.0071334	1.7714e-09	-0.0071326	3.1808e-07	-3.181e-07	0.0079852	1.6779e-09	-0.0079848	3.181e-07	-3.1824e-07	0.008743	1.5873e-09	-0.00874	3.1804e-07	-3.1814e-07	0.0094106	1.518e-09	-0.0094086	3.1808e-07	-3.1824e-07	0.0099926	1.4495e-09	-0.0099958	3.1816e-07	-3.1826e-07
0.46	-9.331e-05	2.6377e-09	9.3602e-05	3.1812e-07	-3.1806e-07	0.0013928	2.4832e-09	-0.0013922	3.1804e-07	-3.1804e-07	0.00279	2.349e-09	-0.0027866	3.1802e-07	-3.1802e-07	0.004089	2.2159e-09	-0.0040886	3.1808e-07	-3.1806e-07	0.0052882	2.0902e-09	-0.0052848	3.1808e-07	-3.18e-07	0.00638	1.9715e-09	-0.0063818	3.1804e-07	-3.1812e-07	0.0073768	1.8683e-09	-0.007374	3.181e-07	-3.181e-07	0.0082716	1.7627e-09	-0.008272	3.1818e-07	-3.1818e-07	0.0090728	1.6787e-09	-0.0090726	3.1802e-07	-3.1806e-07	0.0097814	1.5974e-09	-0.0097792	3.1818e-07	-3.1822e-07	0.0104022	1.524e-09	-0.0104032	3.1816e-07	-3.182e-07
0.465	-9.5898e-05	2.7681e-09	9.5966e-05	3.1808e-07	-3.1804e-07	0.0014286	2.6141e-09	-0.0014258	3.1808e-07	-3.1802e-07	0.0028602	2.4675e-09	-0.0028604	3.181e-07	-3.18e-07	0.0041966	2.3322e-09	-0.0041992	3.18e-07	-3.1806e-07	0.0054416	2.204e-09	-0.0054384	3.1804e-07	-3.1806e-07	0.0065784	2.0814e-09	-0.0065768	3.1804e-07	-3.1812e-07	0.0076176	1.9664e-09	-0.007618	3.181e-07	-3.1814e-07	0.0085584	1.8646e-09	-0.0085578	3.1816e-07	-3.182e-07	0.0094016	1.7637e-09	-0.0094004	3.1808e-07	-3.1812e-07	0.0101516	1.6779e-09	-0.0101542	3.1814e-07	-3.1822e-07	0.0108174	1.6021e-09	-0.0108178	3.182e-07	-3.1836e-07
0.47	-9.7774e-05	2.894e-09	9.8086e-05	3.182e-07	-3.1808e-07	0.0014608	2.7361e-09	-0.001459	3.181e-07	-3.18e-07	0.002929	2.5841e-09	-0.002929	3.1802e-07	-3.18e-07	0.0043092	2.4449e-09	-0.004306	3.1806e-07	-3.1806e-07	0.005587	2.311e-09	-0.0055836	3.1802e-07	-3.1812e-07	0.006766	2.1861e-09	-0.006767	3.1802e-07	-3.1804e-07	0.0078496	2.0697e-09	-0.0078488	3.181e-07	-3.1816e-07	0.0088346	1.9593e-09	-0.0088352	3.182e-07	-3.1824e-07	0.009725	1.8568e-09	-0.0097206	3.181e-07	-3.1818e-07	0.0105156	1.7679e-09	-0.0105146	3.1818e-07	-3.1822e-07	0.0112202	1.6864e-09	-0.0112216	3.1824e-07	-3.184e-07
0.475	-9.9868e-05	3.0404e-09	9.9834e-05	3.182e-07	-3.1804e-07	0.0014924	2.8724e-09	-0.0014928	3.1814e-07	-3.1812e-07	0.0029942	2.7187e-09	-0.0029938	3.1808e-07	-3.18e-07	0.0044082	2.567e-09	-0.00441	3.1816e-07	-3.1814e-07	0.0057318	2.4291e-09	-0.0057318	3.1808e-07	-3.1808e-07	0.0069554	2.2992e-09	-0.0069532	3.1802e-07	-3.1808e-07	0.00808	2.1764e-09	-0.008079	3.1808e-07	-3.1812e-07	0.0091106	2.0607e-09	-0.0091094	3.1816e-07	-3.1814e-07	0.010042	1.9574e-09	-0.0100438	3.1808e-07	-3.181e-07	0.0108776	1.8554e-09	-0.0108764	3.1814e-07	-3.1824e-07	0.011648	1.7747e-09	-0.01163	3.1832e-07	-3.1842e-07
0.48	-0.000101414	3.1767e-09	0.000101802	3.1814e-07	-3.1806e-07	0.0015212	3.0104e-09	-0.0015238	3.1814e-07	-3.1808e-07	0.0030566	2.845e-09	-0.003056	3.18e-07	-3.1806e-07	0.0045124	2.6912e-09	-0.0045116	3.181e-07	-3.1802e-07	0.005873	2.5501e-09	-0.0058692	3.1804e-07	-3.1802e-07	0.0071346	2.4099e-09	-0.0071344	3.1802e-07	-3.1802e-07	0.0083018	2.2772e-09	-0.0083008	3.1812e-07	-3.1814e-07	0.0093754	2.1656e-09	-0.0093756	3.1812e-07	-3.182e-07	0.0103512	2.0531e-09	-0.0103504	3.1812e-07	-3.1818e-07	0.0112296	1.9547e-09	-0.011229	3.181e-07	-3.1822e-07	0.012044	1.8577e-09	-0.012026	3.1832e-07	-3.1838e-07
0.485	-0.000103108	3.3279e-09	0.000103244	3.1816e-07	-3.181e-07	0.001548	3.1454e-09	-0.0015486	3.1814e-07	-3.1806e-07	0.0031194	2.9801e-09	-0.0031174	3.1804e-07	-3.1802e-07	0.004609	2.8061e-09	-0.0046096	3.1808e-07	-3.1806e-07	0.0060072	2.6724e-09	-0.0060064	3.1804e-07	-3.1798e-07	0.0073106	2.5276e-09	-0.007309	3.1802e-07	-3.181e-07	0.0085214	2.3985e-09	-0.0085202	3.1808e-07	-3.1814e-07	0.0096384	2.2721e-09	-0.0096388	3.1814e-07	-3.182e-07	0.010658	2.1563e-09	-0.0106562	3.1808e-07	-3.1814e-07	0.011604	2.0531e-09	-0.011582	3.1814e-07	-3.182e-07	0.012436	1.9593e-09	-0.012418	3.1822e-07	-3.1836e-07
0.49	-0.000104884	3.4866e-09	0.00010485	3.1808e-07	-3.1806e-07	0.0015754	3.2979e-09	-0.0015766	3.1818e-07	-3.1806e-07	0.003176	3.1244e-09	-0.003177	3.1804e-07	-3.1802e-07	0.0047018	2.9594e-09	-0.0047024	3.181e-07	-3.1808e-07	0.006136	2.7974e-09	-0.006137	3.1804e-07	-3.1804e-07	0.0074796	2.6529e-09	-0.0074806	3.1804e-07	-3.181e-07	0.0087314	2.5148e-09	-0.0087302	3.1808e-07	-3.1818e-07	0.009892	2.3856e-09	-0.009886	3.1822e-07	-3.1826e-07	0.0109524	2.2635e-09	-0.0109498	3.181e-07	-3.1816e-07	0.011944	2.1506e-09	-0.011924	3.1808e-07	-3.1818e-07	0.012818	2.0497e-09	-0.0128	3.1826e-07	-3.1828e-07
0.495	-0.000106836	3.6384e-09	0.00010702	3.1816e-07	-3.1802e-07	0.001605	3.444e-09	-0.0016028	3.1806e-07	-3.1804e-07	0.0032362	3.2617e-09	-0.0032366	3.1804e-07	-3.1802e-07	0.0047978	3.0846e-09	-0.0047944	3.1808e-07	-3.181e-07	0.0062642	2.9363e-09	-0.006264	3.1808e-07	-3.1802e-07	0.0076488	2.7749e-09	-0.0076486	3.1808e-07	-3.1806e-07	0.0089364	2.635e-09	-0.008937	3.1808e-07	-3.1806e-07	0.010138	2.4994e-09	-0.010137	3.1818e-07	-3.1824e-07	0.011243	2.3714e-09	-0.0112442	3.1812e-07	-3.1818e-07	0.012278	2.2575e-09	-0.01226	3.1812e-07	-3.182e-07	0.013196	2.1526e-09	-0.013176	3.1828e-07	-3.1836e-07
0.5	-0.00010821	3.8055e-09	0.000108182	3.1816e-07	-3.1808e-07	0.0016304	3.5999e-09	-0.001626	3.1804e-07	-3.1802e-07	0.0032938	3.4139e-09	-0.0032918	3.1804e-07	-3.1802e-07	0.0048838	3.2295e-09	-0.0048822	3.1818e-07	-3.1814e-07	0.0063872	3.0639e-09	-0.0063844	3.1804e-07	-3.1806e-07	0.007803	2.9051e-09	-0.0078052	3.1808e-07	-3.1806e-07	0.0091358	2.7607e-09	-0.009135	3.1804e-07	-3.1808e-07	0.0103768	2.6118e-09	-0.0103766	3.1818e-07	-3.1822e-07	0.01155	2.4851e-09	-0.01153	3.181e-07	-3.1822e-07	0.012598	2.3659e-09	-0.012584	3.182e-07	-3.1824e-07	0.013562	2.2569e-09	-0.013544	3.183e-07	-3.1838e-07
0.505	-0.000109388	3.9701e-09	0.000109802	3.1806e-07	-3.1804e-07	0.0016548	3.7679e-09	-0.001655	3.1808e-07	-3.1808e-07	0.0033458	3.57e-09	-0.003348	3.18e-07	-3.1802e-07	0.0049678	3.3876e-09	-0.0049688	3.1808e-07	-3.1806e-07	0.006504	3.2129e-09	-0.0065062	3.1804e-07	-3.1802e-07	0.0079628	3.0407e-09	-0.0079624	3.1808e-07	-3.181e-07	0.0093322	2.8864e-09	-0.0093302	3.1804e-07	-3.1812e-07	0.0106108	2.7413e-09	-0.0106092	3.1816e-07	-3.182e-07	0.011826	2.6069e-09	-0.011808	3.181e-07	-3.1818e-07	0.012922	2.4716e-09	-0.0129	3.1814e-07	-3.1824e-07	0.013922	2.3624e-09	-0.013906	3.182e-07	-3.1836e-07
0.51	-0.000111344	4.1429e-09	0.000111564	3.1814e-07	-3.1806e-07	0.0016776	3.9275e-09	-0.0016768	3.1798e-07	-3.1804e-07	0.0033954	3.6766e-09	-0.0033962	3.1796e-07	-3.18e-07	0.0050504	3.5349e-09	-0.0050512	3.181e-07	-3.1808e-07	0.0066192	3.3561e-09	-0.0066204	3.1798e-07	-3.1802e-07	0.0081086	3.177e-09	-0.0081126	3.1806e-07	-3.1812e-07	0.009517	3.0221e-09	-0.009516	3.1802e-07	-3.1812e-07	0.010837	2.8703e-09	-0.0108326	3.1814e-07	-3.1818e-07	0.012088	2.7247e-09	-0.01207	3.182e-07	-3.1828e-07	0.013224	2.5964e-09	-0.013206	3.1816e-07	-3.182e-07	0.01427	2.4737e-09	-0.014252	3.1828e-07	-3.1832e-07
0.515	-0.00011278	4.331e-09	0.000112792	3.1814e-07	-3.18e-07	0.001703	4.1085e-09	-0.0017034	3.1804e-07	-3.18e-07	0.0034504	3.9021e-09	-0.0034458	3.1802e-07	-3.1804e-07	0.0051296	3.6989e-09	-0.0051286	3.1816e-07	-3.1814e-07	0.0067342	3.5109e-09	-0.006733	3.1808e-07	-3.1808e-07	0.008257	3.3289e-09	-0.0082566	3.1814e-07	-3.1814e-07	0.0096972	3.1576e-09	-0.0096972	3.181e-07	-3.1814e-07	0.0110574	3.0032e-09	-0.0110572	3.1816e-07	-3.1824e-07	0.01235	2.8561e-09	-0.012332	3.1814e-07	-3.1824e-07	0.013528	2.7147e-09	-0.013512	3.1814e-07	-3.1826e-07	0.01462	2.5865e-09	-0.014598	3.1828e-07	-3.184e-07
0.52	-0.00011373	4.5147e-09	0.000113802	3.182e-07	-3.1806e-07	0.0017222	4.2796e-09	-0.001718	3.1812e-07	-3.1802e-07	0.0034926	4.0692e-09	-0.003496	3.1808e-07	-3.181e-07	0.0052074	3.8625e-09	-0.0052062	3.1816e-07	-3.1814e-07	0.0068354	3.6657e-09	-0.0068416	3.1812e-07	-3.1808e-07	0.0083966	3.4754e-09	-0.008396	3.1808e-07	-3.1824e-07	0.0098712	3.3038e-09	-0.0098704	3.1812e-07	-3.1814e-07	0.0112702	3.1401e-09	-0.0112674	3.1818e-07	-3.182e-07	0.012598	2.9873e-09	-0.012584	3.1816e-07	-3.1818e-07	0.01382	2.8391e-09	-0.0138	3.1816e-07	-3.1822e-07	0.014948	2.7071e-09	-0.01493	3.1822e-07	-3.1832e-07
0.525	-0.000115008	4.7217e-09	0.000114962	3.1804e-07	-3.181e-07	0.0017432	4.4759e-09	-0.0017436	3.1808e-07	-3.1802e-07	0.0035424	4.2458e-09	-0.0035424	3.1806e-07	-3.1796e-07	0.00528	4.0296e-09	-0.005278	3.1816e-07	-3.1812e-07	0.0069426	3.8268e-09	-0.0069396	3.1808e-07	-3.18e-07	0.0085318	3.6283e-09	-0.0085316	3.1812e-07	-3.1812e-07	0.0100422	3.4297e-09	-0.0100416	3.1808e-07	-3.1812e-07	0.011476	3.2775e-09	-0.0114758	3.1816e-07	-3.1822e-07	0.012846	3.1212e-09	-0.012824	3.1816e-07	-3.1828e-07	0.014102	2.9686e-09	-0.014092	3.182e-07	-3.1828e-07	0.015278	2.8298e-09	-0.015258	3.1828e-07	-3.1832e-07
0.53	-0.000115006	4.9251e-09	0.000115004	3.1816e-07	-3.1804e-07	0.0017646	4.6734e-09	-0.0017634	3.1804e-07	-3.1806e-07	0.0035886	4.4356e-09	-0.0035898	3.1804e-07	-3.1802e-07	0.0053518	4.2079e-09	-0.0053504	3.1812e-07	-3.181e-07	0.0070428	3.9948e-09	-0.0070422	3.1804e-07	-3.1806e-07	0.0086626	3.7919e-09	-0.0086612	3.181e-07	-3.1814e-07	0.0102064	3.6033e-09	-0.0102026	3.181e-07	-3.1812e-07	0.011694	3.4219e-09	-0.011678	3.1812e-07	-3.1824e-07	0.013086	3.2611e-09	-0.013062	3.1814e-07	-3.1826e-07	0.014376	3.0957e-09	-0.014358	3.1824e-07	-3.182e-07	0.015588	2.9552e-09	-0.015574	3.182e-07	-3.1832e-07
0.535	-0.00011864	5.1344e-09	0.00012142	3.1812e-07	-3.1804e-07	0.0017834	4.8585e-09	-0.0017832	3.1804e-07	-3.1806e-07	0.0036314	4.628e-09	-0.0036298	3.1802e-07	-3.1802e-07	0.00542	4.3889e-09	-0.0054188	3.182e-07	-3.1814e-07	0.0071378	4.1725e-09	-0.0071366	3.1814e-07	-3.1808e-07	0.0087866	3.9545e-09	-0.0087888	3.1812e-07	-3.1818e-07	0.0103626	3.7671e-09	-0.010362	3.181e-07	-3.1818e-07	0.011892	3.5779e-09	-0.011868	3.182e-07	-3.1826e-07	0.013314	3.4032e-09	-0.013292	3.1818e-07	-3.182e-07	0.014644	3.2403e-09	-0.014626	3.1812e-07	-3.1814e-07	0.0159	3.0923e-09	-0.015878	3.1826e-07	-3.1832e-07
0.54	-0.00012006	5.3632e-09	0.00011746	3.1814e-07	-3.181e-07	0.0018048	5.0825e-09	-0.0018026	3.1808e-07	-3.1802e-07	0.0036704	4.8248e-09	-0.003672	3.1802e-07	-3.1798e-07	0.0054832	4.5826e-09	-0.005482	3.1824e-07	-3.1814e-07	0.007231	4.3468e-09	-0.0072282	3.1808e-07	-3.1808e-07	0.0089086	4.1389e-09	-0.008904	3.181e-07	-3.1816e-07	0.010517	3.9222e-09	-0.0105142	3.1802e-07	-3.1806e-07	0.012076	3.7244e-09	-0.012056	3.1818e-07	-3.1818e-07	0.01353	3.5513e-09	-0.01351	3.182e-07	-3.1828e-07	0.0149	3.3793e-09	-0.014884	3.1816e-07	-3.1826e-07	0.016194	3.2218e-09	-0.016174	3.1826e-07	-3.183e-07
0.545	-0.00012348	5.5468e-09	0.00011816	3.1808e-07	-3.1806e-07	0.0018196	5.2412e-09	-0.0018224	3.181e-07	-3.1812e-07	0.00371	5.0336e-09	-0.0037112	3.18e-07	-3.1798e-07	0.00555	4.7812e-09	-0.0055512	3.182e-07	-3.182e-07	0.0073172	4.5448e-09	-0.00732	3.1808e-07	-3.1806e-07	0.0090274	4.3111e-09	-0.0090256	3.1808e-07	-3.1818e-07	0.010663	4.1013e-09	-0.010661	3.1808e-07	-3.1816e-07	0.012258	3.893e-09	-0.012238	3.1816e-07	-3.1822e-07	0.013744	3.7094e-09	-0.01373	3.1812e-07	-3.1824e-07	0.015152	3.5245e-09	-0.015136	3.1812e-07	-3.1824e-07	0.01648	3.3641e-09	-0.016468	3.182e-07	-3.1834e-07
0.55	-0.00012108	5.8291e-09	0.00012326	3.1806e-07	-3.1808e-07	0.0018408	5.5238e-09	-0.0018394	3.1808e-07	-3.1812e-07	0.00375	5.2498e-09	-0.0037502	3.1802e-07	-3.1802e-07	0.005612	4.9825e-09	-0.0056108	3.1812e-07	-3.1808e-07	0.0074058	4.7362e-09	-0.007405	3.1802e-07	-3.1802e-07	0.0091376	4.4597e-09	-0.0091366	3.1808e-07	-3.1812e-07	0.0108008	4.2745e-09	-0.0108006	3.1812e-07	-3.182e-07	0.01243	4.064e-09	-0.012408	3.182e-07	-3.1824e-07	0.013948	3.8693e-09	-0.013932	3.1816e-07	-3.1822e-07	0.015396	3.682e-09	-0.015376	3.1816e-07	-3.1826e-07	0.01676	3.5069e-09	-0.016742	3.1844e-07	-3.1844e-07
0.555	-0.00012444	6.0273e-09	0.00012268	3.1814e-07	-3.1804e-07	0.0018592	5.7665e-09	-0.001854	3.1806e-07	-3.1802e-07	0.0037866	5.4775e-09	-0.0037864	3.1794e-07	-3.1794e-07	0.0056682	5.1975e-09	-0.0056672	3.181e-07	-3.1806e-07	0.0074892	4.931e-09	-0.007487	3.1804e-07	-3.1808e-07	0.0092462	4.6885e-09	-0.009248	3.1808e-07	-3.181e-07	0.0109408	4.4567e-09	-0.0109402	3.1816e-07	-3.1812e-07	0.012596	4.2373e-09	-0.012578	3.1816e-07	-3.1822e-07	0.014152	4.0343e-09	-0.01413	3.182e-07	-3.1826e-07	0.015628	3.8365e-09	-0.015608	3.1814e-07	-3.1824e-07	0.017028	3.658e-09	-0.017012	3.1826e-07	-3.184e-07
0.56	-0.0001243	6.3316e-09	0.00012304	3.1814e-07	-3.1802e-07	0.0018736	6.0037e-09	-0.00187	3.181e-07	-3.181e-07	0.0038242	5.7103e-09	-0.0038244	3.1808e-07	-3.1806e-07	0.0057272	5.4134e-09	-0.005727	3.181e-07	-3.1802e-07	0.007568	5.147e-09	-0.0075674	3.1808e-07	-3.1814e-07	0.0093516	4.8877e-09	-0.0093538	3.1812e-07	-3.1818e-07	0.0110758	4.6467e-09	-0.0110734	3.1814e-07	-3.1818e-07	0.012752	4.4219e-09	-0.01274	3.1816e-07	-3.1824e-07	0.01434	4.212e-09	-0.014324	3.1814e-07	-3.1822e-07	0.015852	4.0041e-09	-0.015836	3.1826e-07	-3.1828e-07	0.017288	3.8159e-09	-0.01727	3.1834e-07	-3.1846e-07
0.565	-0.00012572	6.5988e-09	0.00012528	3.1812e-07	-3.1804e-07	0.0018916	6.212e-09	-0.0018886	3.1812e-07	-3.1806e-07	0.003856	5.9512e-09	-0.0038598	3.1806e-07	-3.1802e-07	0.0057798	5.6513e-09	-0.0057784	3.1808e-07	-3.1802e-07	0.0076434	5.3643e-09	-0.0076444	3.181e-07	-3.1812e-07	0.0094534	5.1006e-09	-0.0094532	3.1812e-07	-3.1814e-07	0.0112012	4.8417e-09	-0.0111994	3.1816e-07	-3.1826e-07	0.01291	4.6096e-09	-0.012896	3.1816e-07	-3.1822e-07	0.014522	4.3848e-09	-0.014512	3.182e-07	-3.1818e-07	0.016074	4.1784e-09	-0.016054	3.1826e-07	-3.1826e-07	0.017544	3.9768e-09	-0.017526	3.1832e-07	-3.184e-07
0.57	-0.00012694	6.8758e-09	0.00012776	3.1808e-07	-3.1802e-07	0.001903	6.5312e-09	-0.0019038	3.1804e-07	-3.1814e-07	0.0038904	6.1962e-09	-0.003887	3.1806e-07	-3.1802e-07	0.005831	5.8869e-09	-0.0058322	3.1808e-07	-3.18e-07	0.0077192	5.5831e-09	-0.0077166	3.1804e-07	-3.1806e-07	0.0095488	5.3149e-09	-0.0095514	3.1816e-07	-3.1818e-07	0.011322	5.0497e-09	-0.0113206	3.1814e-07	-3.1818e-07	0.013064	4.7994e-09	-0.013046	3.1822e-07	-3.1832e-07	0.014706	4.5769e-09	-0.014684	3.1816e-07	-3.1832e-07	0.016282	4.3456e-09	-0.01626	3.1826e-07	-3.1832e-07	0.017786	4.1457e-09	-0.017772	3.1832e-07	-3.1848e-07
0.575	-0.00012832	7.1725e-09	0.00012928	3.1816e-07	-3.1812e-07	0.0019152	6.7999e-09	-0.0019172	3.182e-07	-3.1814e-07	0.0039212	6.4566e-09	-0.0039224	3.1802e-07	-3.1802e-07	0.0058848	6.1337e-09	-0.0058838	3.1808e-07	-3.1812e-07	0.0077916	5.8294e-09	-0.0077898	3.1806e-07	-3.1806e-07	0.0096442	5.5303e-09	-0.0096426	3.1814e-07	-3.1812e-07	0.0114422	5.2632e-09	-0.0114414	3.181e-07	-3.1814e-07	0.013206	5.0042e-09	-0.013186	3.1816e-07	-3.1824e-07	0.01488	4.7637e-09	-0.014866	3.1816e-07	-3.1832e-07	0.016484	4.5405e-09	-0.016472	3.1818e-07	-3.183e-07	0.018028	4.3248e-09	-0.018008	3.1834e-07	-3.1842e-07
0.58	-0.00013114	7.4297e-09	0.00012904	3.1812e-07	-3.1808e-07	0.0019328	7.0782e-09	-0.0019338	3.1808e-07	-3.1806e-07	0.003955	6.6592e-09	-0.003954	3.1804e-07	-3.1804e-07	0.005931	6.2855e-09	-0.0059314	3.1814e-07	-3.1816e-07	0.0078612	6.0711e-09	-0.0078598	3.1808e-07	-3.1806e-07	0.0097346	5.7691e-09	-0.0097322	3.1812e-07	-3.1818e-07	0.011578	5.4857e-09	-0.01156	3.181e-07	-3.1814e-07	0.013348	5.1618e-09	-0.013328	3.1826e-07	-3.183e-07	0.015048	4.9653e-09	-0.015028	3.182e-07	-3.1826e-07	0.01668	4.7275e-09	-0.016664	3.1818e-07	-3.183e-07	0.018248	4.4976e-09	-0.01823	3.1828e-07	-3.185e-07
0.585	-0.0001297	7.7855e-09	0.00013078	3.1816e-07	-3.1812e-07	0.0019456	7.3823e-09	-0.0019444	3.1814e-07	-3.1812e-07	0.0039828	7.0143e-09	-0.0039822	3.1812e-07	-3.1804e-07	0.0059816	6.6557e-09	-0.0059762	3.1816e-07	-3.1812e-07	0.007927	6.3361e-09	-0.007926	3.181e-07	-3.1812e-07	0.00982	6.0106e-09	-0.0098256	3.1814e-07	-3.1818e-07	0.011694	5.7204e-09	-0.011672	3.1802e-07	-3.1814e-07	0.01348	5.4363e-09	-0.013466	3.1828e-07	-3.1826e-07	0.015206	5.1749e-09	-0.015192	3.1816e-07	-3.1826e-07	0.016876	4.9244e-09	-0.016854	3.1826e-07	-3.1832e-07	0.018472	4.6937e-09	-0.018456	3.1834e-07	-3.1842e-07
0.59	-0.0001306	8.0901e-09	0.00012948	3.181e-07	-3.1808e-07	0.0019608	7.6928e-09	-0.0019576	3.1814e-07	-3.1808e-07	0.004014	7.3038e-09	-0.0040114	3.1804e-07	-3.18e-07	0.0060214	6.9426e-09	-0.0060256	3.1814e-07	-3.1814e-07	0.0079916	6.5949e-09	-0.0079922	3.1806e-07	-3.1802e-07	0.0099066	6.2658e-09	-0.009909	3.181e-07	-3.1816e-07	0.011794	5.9585e-09	-0.011778	3.1812e-07	-3.1814e-07	0.013612	5.6625e-09	-0.013592	3.182e-07	-3.182e-07	0.015364	5.3934e-09	-0.015348	3.1826e-07	-3.1822e-07	0.017058	5.1346e-09	-0.017036	3.1824e-07	-3.182e-07	0.01868	4.8892e-09	-0.018666	3.1838e-07	-3.1844e-07
0.595	-0.00013196	8.3459e-09	0.00013144	3.1816e-07	-3.181e-07	0.0019744	8.0208e-09	-0.0019728	3.181e-07	-3.181e-07	0.0040398	7.6195e-09	-0.0040402	3.1798e-07	-3.1796e-07	0.0060706	7.2224e-09	-0.0060698	3.1822e-07	-3.1814e-07	0.008053	6.8737e-09	-0.0080512	3.1806e-07	-3.1808e-07	0.0099874	6.5394e-09	-0.0099864	3.1814e-07	-3.182e-07	0.011902	6.2091e-09	-0.011878	3.181e-07	-3.1816e-07	0.01374	5.9065e-09	-0.013716	3.1822e-07	-3.1832e-07	0.015512	5.6246e-09	-0.015498	3.1822e-07	-3.183e-07	0.017232	5.3482e-09	-0.017214	3.182e-07	-3.1826e-07	0.018894	5.0797e-09	-0.018874	3.1836e-07	-3.1844e-07
0.6	-0.00012802	8.8039e-09	0.00013222	3.1808e-07	-3.1812e-07	0.001984	8.3552e-09	-0.0019842	3.1816e-07	-3.1802e-07	0.0040678	7.9328e-09	-0.004066	3.1804e-07	-3.1806e-07	0.0061118	7.5388e-09	-0.006111	3.1818e-07	-3.1818e-07	0.0081106	7.1625e-09	-0.008113	3.181e-07	-3.1808e-07	0.0100664	6.8018e-09	-0.0100668	3.1816e-07	-3.1816e-07	0.011996	6.4384e-09	-0.011978	3.1816e-07	-3.1816e-07	0.013852	6.147e-09	-0.013834	3.1828e-07	-3.183e-07	0.015662	5.7503e-09	-0.01564	3.182e-07	-3.1828e-07	0.0174	5.5692e-09	-0.017386	3.1826e-07	-3.1832e-07	0.019088	5.3057e-09	-0.019066	3.1828e-07	-3.1842e-07
0.605	-0.00013016	9.1724e-09	0.00013118	3.1814e-07	-3.1802e-07	0.0019966	8.7097e-09	-0.0019958	3.181e-07	-3.18e-07	0.0040906	8.2719e-09	-0.0040926	3.1806e-07	-3.1802e-07	0.0061518	7.8526e-09	-0.006151	3.1814e-07	-3.1814e-07	0.0081706	7.4554e-09	-0.0081674	3.1808e-07	-3.1808e-07	0.01014	7.0899e-09	-0.0101384	3.181e-07	-3.1816e-07	0.012094	6.7329e-09	-0.012074	3.1804e-07	-3.1806e-07	0.013972	6.4051e-09	-0.013958	3.1822e-07	-3.1826e-07	0.015804	6.0961e-09	-0.015784	3.1816e-07	-3.1828e-07	0.017566	5.7829e-09	-0.01755	3.182e-07	-3.183e-07	0.01928	5.5264e-09	-0.019262	3.183e-07	-3.1844e-07
0.61	-0.0001319	9.5554e-09	0.0001353	3.181e-07	-3.1812e-07	0.0020082	9.071e-09	-0.0020096	3.1814e-07	-3.1812e-07	0.0041158	8.6151e-09	-0.0041152	3.1796e-07	-3.1798e-07	0.0061924	8.1829e-09	-0.0061916	3.1812e-07	-3.1814e-07	0.0082238	7.7674e-09	-0.008221	3.1812e-07	-3.1802e-07	0.0102138	7.3809e-09	-0.0102118	3.1814e-07	-3.1814e-07	0.01218	7.023e-09	-0.012164	3.181e-07	-3.181e-07	0.014086	6.6531e-09	-0.014068	3.1822e-07	-3.183e-07	0.015932	6.3501e-09	-0.015918	3.182e-07	-3.183e-07	0.017726	6.0411e-09	-0.017706	3.1822e-07	-3.183e-07	0.019464	5.7529e-09	-0.019442	3.1836e-07	-3.185e-07
0.615	-0.0001341	9.7225e-09	0.00013384	3.1822e-07	-3.1812e-07	0.00202	9.4565e-09	-0.002016	3.1816e-07	-3.1808e-07	0.0041424	8.9757e-09	-0.004139	3.1802e-07	-3.18e-07	0.0062298	8.5168e-09	-0.0062292	3.1816e-07	-3.1816e-07	0.0082778	8.0972e-09	-0.0082764	3.1806e-07	-3.1812e-07	0.0102862	7.6954e-09	-0.010283	3.1816e-07	-3.1812e-07	0.012272	7.3068e-09	-0.012256	3.1804e-07	-3.1806e-07	0.0142	6.9544e-09	-0.014176	3.1828e-07	-3.183e-07	0.016066	6.6111e-09	-0.016044	3.1824e-07	-3.182e-07	0.017882	6.2945e-09	-0.017866	3.1822e-07	-3.183e-07	0.019644	5.9924e-09	-0.019624	3.1834e-07	-3.1844e-07
0.62	-0.0001326	1.03148e-08	0.00013626	3.1822e-07	-3.1808e-07	0.0020278	9.8422e-09	-0.00203	3.1816e-07	-3.1814e-07	0.0041634	9.3372e-09	-0.0041616	3.1798e-07	-3.179e-07	0.0062668	8.8746e-09	-0.0062668	3.1812e-07	-3.1808e-07	0.0083326	8.3975e-09	-0.0083266	3.1808e-07	-3.1812e-07	0.0103522	8.0155e-09	-0.0103496	3.181e-07	-3.1814e-07	0.01236	7.6082e-09	-0.012342	3.1808e-07	-3.1812e-07	0.014302	7.2388e-09	-0.014278	3.1816e-07	-3.1822e-07	0.016192	6.8911e-09	-0.016172	3.1824e-07	-3.183e-07	0.01803	6.5497e-09	-0.018008	3.183e-07	-3.1828e-07	0.019816	6.2373e-09	-0.0198	3.1834e-07	-3.185e-07
0.625	-0.00013634	1.08135e-08	0.00013676	3.182e-07	-3.1812e-07	0.002037	1.02517e-08	-0.002039	3.1816e-07	-3.1806e-07	0.004188	9.7206e-09	-0.0041872	3.1798e-07	-3.1806e-07	0.006303	9.2463e-09	-0.0063042	3.1812e-07	-3.1808e-07	0.008379	8.8028e-09	-0.0083778	3.1802e-07	-3.181e-07	0.01042	8.3393e-09	-0.0104166	3.1808e-07	-3.1812e-07	0.01244	7.9131e-09	-0.01242	3.1802e-07	-3.1814e-07	0.014402	7.5514e-09	-0.01438	3.1816e-07	-3.183e-07	0.01631	7.17e-09	-0.016296	3.182e-07	-3.183e-07	0.01817	6.8098e-09	-0.018154	3.1826e-07	-3.1832e-07	0.01998	6.4842e-09	-0.019964	3.1842e-07	-3.1846e-07
0.63	-0.00013524	1.12016e-08	0.00013718	3.182e-07	-3.181e-07	0.0020502	1.06685e-08	-0.0020486	3.1816e-07	-3.181e-07	0.0042088	1.00439e-08	-0.0042078	3.1802e-07	-3.18e-07	0.0063372	9.5553e-09	-0.0063374	3.1808e-07	-3.1804e-07	0.0084272	9.1192e-09	-0.0084276	3.1802e-07	-3.1806e-07	0.0104832	8.6815e-09	-0.0104818	3.1806e-07	-3.1808e-07	0.012518	8.2538e-09	-0.0125	3.1798e-07	-3.181e-07	0.0145	7.8535e-09	-0.014482	3.1822e-07	-3.1822e-07	0.016428	7.4542e-09	-0.01641	3.1826e-07	-3.1826e-07	0.01831	7.1144e-09	-0.018284	3.1816e-07	-3.1832e-07	0.02014	6.76e-09	-0.020122	3.1834e-07	-3.1838e-07
0.635	-0.00013702	1.1751e-08	0.00013442	3.182e-07	-3.1814e-07	0.0020592	1.11345e-08	-0.0020586	3.1816e-07	-3.1812e-07	0.0042294	1.05738e-08	-0.0042282	3.1806e-07	-3.18e-07	0.0063714	1.0041e-08	-0.0063726	3.1814e-07	-3.1814e-07	0.0084774	9.5272e-09	-0.008472	3.1808e-07	-3.181e-07	0.0105446	9.0667e-09	-0.0105408	3.1812e-07	-3.1816e-07	0.012594	8.6051e-09	-0.012582	3.1806e-07	-3.1812e-07	0.014592	8.1912e-09	-0.014578	3.1826e-07	-3.183e-07	0.016544	7.7767e-09	-0.016524	3.1826e-07	-3.1832e-07	0.018444	7.4047e-09	-0.018424	3.1822e-07	-3.1832e-07	0.020294	7.0399e-09	-0.020282	3.1828e-07	-3.184e-07
0.64	-0.00013506	1.2235e-08	0.00013602	3.1818e-07	-3.1812e-07	0.0020696	1.16078e-08	-0.0020676	3.1814e-07	-3.1808e-07	0.0042462	1.09579e-08	-0.0042486	3.1804e-07	-3.18e-07	0.0064038	1.04556e-08	-0.0064016	3.1808e-07	-3.1818e-07	0.0085206	9.7924e-09	-0.0085168	3.1812e-07	-3.1808e-07	0.0106018	9.4208e-09	-0.0106012	3.1808e-07	-3.1808e-07	0.012674	8.9588e-09	-0.012656	3.1814e-07	-3.1814e-07	0.014684	8.4783e-09	-0.014668	3.1822e-07	-3.183e-07	0.016652	8.0958e-09	-0.016634	3.1816e-07	-3.1826e-07	0.018568	7.7016e-09	-0.01855	3.1822e-07	-3.1836e-07	0.02045	7.3402e-09	-0.020426	3.1826e-07	-3.1842e-07
0.645	-0.00013948	1.26212e-08	0.00013788	3.1814e-07	-3.1808e-07	0.0020778	1.2112e-08	-0.0020778	3.1808e-07	-3.1806e-07	0.0042674	1.12162e-08	-0.0042688	3.1804e-07	-3.18e-07	0.006433	1.08991e-08	-0.0064334	3.1812e-07	-3.1814e-07	0.00856	1.02921e-08	-0.008566	3.1804e-07	-3.1806e-07	0.0106594	9.6299e-09	-0.01066	3.1802e-07	-3.1806e-07	0.012744	9.3311e-09	-0.012726	3.181e-07	-3.1818e-07	0.014772	8.8618e-09	-0.014756	3.1824e-07	-3.1826e-07	0.016758	8.4283e-09	-0.016732	3.1822e-07	-3.1828e-07	0.018696	8.0141e-09	-0.018674	3.1822e-07	-3.1832e-07	0.020588	7.6389e-09	-0.020576	3.1838e-07	-3.1848e-07
0.65	-0.00013792	1.32464e-08	0.00013724	3.181e-07	-3.1816e-07	0.0020886	1.2604e-08	-0.0020886	3.1812e-07	-3.1814e-07	0.0042882	1.19382e-08	-0.0042886	3.1804e-07	-3.18e-07	0.0064638	1.13453e-08	-0.0064658	3.181e-07	-3.1812e-07	0.0086046	1.07434e-08	-0.0086046	3.1804e-07	-3.1808e-07	0.0107136	1.02302e-08	-0.0107154	3.181e-07	-3.1812e-07	0.012816	9.7096e-09	-0.012798	3.1816e-07	-3.1818e-07	0.014856	9.2521e-09	-0.01484	3.1822e-07	-3.183e-07	0.016858	8.7889e-09	-0.016836	3.181e-07	-3.1824e-07	0.018818	8.3588e-09	-0.018792	3.1832e-07	-3.1834e-07	0.020728	7.9541e-09	-0.02071	3.1828e-07	-3.1842e-07
0.655	-0.00013672	1.38436e-08	0.00013792	3.1826e-07	-3.1812e-07	0.0020952	1.31264e-08	-0.002097	3.1814e-07	-3.1806e-07	0.0043082	1.2452e-08	-0.0043094	3.1804e-07	-3.1798e-07	0.0064938	1.1848e-08	-0.0064952	3.1812e-07	-3.1806e-07	0.0086474	1.1213e-08	-0.0086452	3.1806e-07	-3.1812e-07	0.010765	1.06644e-08	-0.0107702	3.1816e-07	-3.1812e-07	0.01288	1.01266e-08	-0.012864	3.1814e-07	-3.182e-07	0.01494	9.6255e-09	-0.01492	3.1814e-07	-3.1824e-07	0.016956	9.1544e-09	-0.01694	3.1812e-07	-3.1824e-07	0.01893	8.7061e-09	-0.018914	3.1826e-07	-3.1836e-07	0.020862	8.2765e-09	-0.02084	3.1826e-07	-3.1832e-07
0.66	-0.0001382	1.43644e-08	0.00013962	3.1822e-07	-3.181e-07	0.0021028	1.36718e-08	-0.002103	3.181e-07	-3.1798e-07	0.0043268	1.29342e-08	-0.0043268	3.1806e-07	-3.18e-07	0.0065188	1.21582e-08	-0.0065196	3.181e-07	-3.1806e-07	0.0086852	1.1707e-08	-0.008682	3.1806e-07	-3.1806e-07	0.0108186	1.10507e-08	-0.010822	3.181e-07	-3.1802e-07	0.012942	1.05515e-08	-0.012926	3.182e-07	-3.1814e-07	0.015018	1.00222e-08	-0.014998	3.1818e-07	-3.1832e-07	0.017054	9.5357e-09	-0.017038	3.1818e-07	-3.1826e-07	0.019042	9.0541e-09	-0.019026	3.1828e-07	-3.1838e-07	0.020996	8.5292e-09	-0.020974	3.1832e-07	-3.1844e-07
0.665	-0.00013922	1.49712e-08	0.00013694	3.1814e-07	-3.1806e-07	0.0021146	1.41986e-08	-0.0021146	3.18e-07	-3.18e-07	0.0043424	1.3507e-08	-0.0043412	3.1798e-07	-3.1798e-07	0.0065526	1.28614e-08	-0.0065496	3.181e-07	-3.1806e-07	0.0087224	1.21512e-08	-0.0087222	3.1808e-07	-3.1808e-07	0.0108712	1.1587e-08	-0.0108716	3.1804e-07	-3.18e-07	0.013008	1.0987e-08	-0.012988	3.1808e-07	-3.1818e-07	0.0151	1.04453e-08	-0.01508	3.1828e-07	-3.1836e-07	0.017144	9.9238e-09	-0.017126	3.182e-07	-3.1826e-07	0.01915	9.4115e-09	-0.01913	3.183e-07	-3.1836e-07	0.02112	8.9556e-09	-0.0211	3.183e-07	-3.1842e-07
0.67	-0.0001421	1.5492e-08	0.0001381	3.1814e-07	-3.1802e-07	0.0021198	1.48316e-08	-0.0021196	3.1806e-07	-3.1804e-07	0.00436	1.40742e-08	-0.0043562	3.1798e-07	-3.18e-07	0.0065748	1.3312e-08	-0.0065778	3.1804e-07	-3.1814e-07	0.0087622	1.2628e-08	-0.0087556	3.1804e-07	-3.181e-07	0.0109178	1.20606e-08	-0.0109172	3.1806e-07	-3.181e-07	0.01307	1.14295e-08	-0.013048	3.1818e-07	-3.1814e-07	0.015174	1.07079e-08	-0.015152	3.1824e-07	-3.1826e-07	0.01723	1.03388e-08	-0.017212	3.1816e-07	-3.1828e-07	0.01926	9.7633e-09	-0.019242	3.1832e-07	-3.1838e-07	0.021242	9.344e-09	-0.02123	3.1832e-07	-3.1848e-07
0.675	-0.00014222	1.62538e-08	0.0001415	3.1814e-07	-3.1802e-07	0.0021256	1.54392e-08	-0.0021266	3.1808e-07	-3.1806e-07	0.0043764	1.46754e-08	-0.0043758	3.1804e-07	-3.1802e-07	0.0066002	1.39524e-08	-0.0065984	3.1814e-07	-3.1814e-07	0.008796	1.31396e-08	-0.0087956	3.1806e-07	-3.1806e-07	0.0109634	1.25614e-08	-0.0109656	3.1808e-07	-3.1808e-07	0.013128	1.19418e-08	-0.013116	3.181e-07	-3.1818e-07	0.015246	1.12609e-08	-0.015224	3.182e-07	-3.1824e-07	0.017316	1.0765e-08	-0.017306	3.1816e-07	-3.182e-07	0.019358	1.02319e-08	-0.019338	3.1828e-07	-3.1838e-07	0.02136	9.7282e-09	-0.02134	3.1834e-07	-3.1844e-07
0.68	-0.0001398	1.695e-08	0.00014354	3.1814e-07	-3.1802e-07	0.0021328	1.59706e-08	-0.0021362	3.1804e-07	-3.18e-07	0.0043918	1.51718e-08	-0.0043904	3.1802e-07	-3.1798e-07	0.0066228	1.43772e-08	-0.006624	3.1804e-07	-3.1804e-07	0.0088282	1.36924e-08	-0.0088278	3.1806e-07	-3.1802e-07	0.0110064	1.30068e-08	-0.0110088	3.1804e-07	-3.181e-07	0.013184	1.23592e-08	-0.013164	3.1814e-07	-3.1814e-07	0.015312	1.18128e-08	-0.015294	3.183e-07	-3.1832e-07	0.017408	1.12116e-08	-0.017386	3.1816e-07	-3.182e-07	0.019456	1.05528e-08	-0.019438	3.1828e-07	-3.183e-07	0.021478	1.01229e-08	-0.021462	3.183e-07	-3.1846e-07
0.685	-0.00014672	1.75346e-08	0.00014326	3.1814e-07	-3.1798e-07	0.002143	1.6829e-08	-0.0021418	3.1808e-07	-3.1796e-07	0.0044028	1.5961e-08	-0.004404	3.1806e-07	-3.18e-07	0.0066486	1.50368e-08	-0.0066486	3.1804e-07	-3.1808e-07	0.0088634	1.43064e-08	-0.0088652	3.181e-07	-3.1808e-07	0.0110534	1.3555e-08	-0.0110514	3.1802e-07	-3.1808e-07	0.013236	1.2851e-08	-0.01322	3.1816e-07	-3.1818e-07	0.015378	1.22674e-08	-0.015358	3.1826e-07	-3.1834e-07	0.017482	1.16926e-08	-0.017468	3.1814e-07	-3.1824e-07	0.019554	1.1091e-08	-0.019536	3.183e-07	-3.1834e-07	0.021584	1.05169e-08	-0.021568	3.1832e-07	-3.1842e-07
0.69	-0.00013896	1.82564e-08	0.00014492	3.181e-07	-3.18e-07	0.00215	1.74646e-08	-0.002148	3.1804e-07	-3.1796e-07	0.00442	1.66076e-08	-0.004418	3.1804e-07	-3.1796e-07	0.0066724	1.57246e-08	-0.0066726	3.181e-07	-3.1802e-07	0.0088966	1.49658e-08	-0.0088966	3.181e-07	-3.1814e-07	0.011095	1.40026e-08	-0.0110938	3.1804e-07	-3.1806e-07	0.013298	1.33724e-08	-0.013276	3.1814e-07	-3.1818e-07	0.015446	1.28114e-08	-0.015426	3.1826e-07	-3.1826e-07	0.017558	1.21442e-08	-0.017544	3.1816e-07	-3.1812e-07	0.01964	1.15786e-08	-0.019626	3.1828e-07	-3.1834e-07	0.021696	1.09762e-08	-0.021672	3.1828e-07	-3.184e-07
0.695	-0.00014182	1.90694e-08	0.00014478	3.1816e-07	-3.1806e-07	0.0021508	1.81554e-08	-0.0021584	3.18e-07	-3.1804e-07	0.0044322	1.7267e-08	-0.0044378	3.1806e-07	-3.1796e-07	0.0066934	1.61972e-08	-0.006695	3.1814e-07	-3.181e-07	0.0089276	1.5583e-08	-0.0089282	3.1806e-07	-3.1808e-07	0.011137	1.47792e-08	-0.0111364	3.1814e-07	-3.1816e-07	0.013346	1.4014e-08	-0.013324	3.1814e-07	-3.1814e-07	0.015514	1.32942e-08	-0.015486	3.1822e-07	-3.1828e-07	0.017636	1.26456e-08	-0.017618	3.1814e-07	-3.1818e-07	0.019732	1.20248e-08	-0.019714	3.1826e-07	-3.1842e-07	0.021792	1.14192e-08	-0.021778	3.183e-07	-3.1846e-07
0.7	-0.00014306	1.99654e-08	0.00014148	3.1804e-07	-3.1802e-07	0.0021616	1.9038e-08	-0.0021644	3.1812e-07	-3.1806e-07	0.0044448	1.79634e-08	-0.0044482	3.1796e-07	-3.1806e-07	0.0067176	1.69944e-08	-0.006718	3.1806e-07	-3.1806e-07	0.0089594	1.62418e-08	-0.0089582	3.1804e-07	-3.1806e-07	0.0111758	1.53764e-08	-0.0111764	3.1808e-07	-3.1812e-07	0.013398	1.46002e-08	-0.013378	3.1812e-07	-3.1808e-07	0.015574	1.38676e-08	-0.015554	3.183e-07	-3.1832e-07	0.017714	1.31844e-08	-0.017688	3.1814e-07	-3.1812e-07	0.019818	1.25248e-08	-0.019798	3.1834e-07	-3.1838e-07	0.021892	1.19292e-08	-0.02187	3.1834e-07	-3.184e-07
0.705	-0.00014472	2.08628e-08	0.0001442	3.1814e-07	-3.1802e-07	0.0021692	1.97054e-08	-0.0021698	3.1802e-07	-3.1802e-07	0.0044642	1.87552e-08	-0.0044614	3.1806e-07	-3.1808e-07	0.006737	1.77912e-08	-0.0067352	3.1808e-07	-3.1808e-07	0.008988	1.68672e-08	-0.0089874	3.1808e-07	-3.1806e-07	0.011215	1.60548e-08	-0.0112126	3.181e-07	-3.182e-07	0.013444	1.52278e-08	-0.013426	3.1812e-07	-3.182e-07	0.015628	1.44312e-08	-0.015614	3.1824e-07	-3.1826e-07	0.01778	1.37096e-08	-0.017762	3.1816e-07	-3.1824e-07	0.0199	1.3069e-08	-0.01988	3.1826e-07	-3.1836e-07	0.02199	1.24064e-08	-0.021972	3.1838e-07	-3.1848e-07
0.71	-0.00014114	2.15904e-08	0.00014436	3.1816e-07	-3.1806e-07	0.0021752	2.04704e-08	-0.0021768	3.181e-07	-3.18e-07	0.0044758	1.96016e-08	-0.0044728	3.181e-07	-3.181e-07	0.0067592	1.8473e-08	-0.0067604	3.1804e-07	-3.181e-07	0.0090138	1.75366e-08	-0.0090164	3.1804e-07	-3.1802e-07	0.0112516	1.6677e-08	-0.0112524	3.1816e-07	-3.1818e-07	0.0135	1.58482e-08	-0.013476	3.1814e-07	-3.1812e-07	0.015688	1.50886e-08	-0.015668	3.1822e-07	-3.1838e-07	0.01785	1.42956e-08	-0.01783	3.182e-07	-3.1826e-07	0.019982	1.356e-08	-0.019964	3.1828e-07	-3.1838e-07	0.022086	1.2795e-08	-0.02207	3.1836e-07	-3.185e-07
0.715	-0.00014662	2.2388e-08	0.00014698	3.1816e-07	-3.18e-07	0.0021844	2.1391e-08	-0.0021838	3.181e-07	-3.18e-07	0.0044872	2.00926e-08	-0.0044862	3.181e-07	-3.1806e-07	0.0067766	1.93752e-08	-0.00678	3.1804e-07	-3.18e-07	0.0090462	1.8238e-08	-0.0090432	3.181e-07	-3.1808e-07	0.0112918	1.73428e-08	-0.011288	3.1814e-07	-3.1812e-07	0.01354	1.65412e-08	-0.013518	3.181e-07	-3.1808e-07	0.015742	1.5644e-08	-0.015726	3.1828e-07	-3.183e-07	0.01792	1.47502e-08	-0.017902	3.1822e-07	-3.182e-07	0.02006	1.41744e-08	-0.02004	3.1824e-07	-3.183e-07	0.022176	1.33926e-08	-0.022156	3.1842e-07	-3.185e-07
0.72	-0.00014418	2.3493e-08	0.0001466	3.1816e-07	-3.1808e-07	0.002188	2.23754e-08	-0.002187	3.1808e-07	-3.1802e-07	0.0044966	2.10594e-08	-0.0044998	3.1812e-07	-3.1812e-07	0.0067968	2.0154e-08	-0.006795	3.1812e-07	-3.1808e-07	0.0090686	1.90658e-08	-0.009073	3.1804e-07	-3.1806e-07	0.011326	1.8044e-08	-0.011327	3.1812e-07	-3.1812e-07	0.01358	1.7205e-08	-0.013568	3.181e-07	-3.1808e-07	0.015794	1.62688e-08	-0.015778	3.183e-07	-3.1824e-07	0.017974	1.55294e-08	-0.017962	3.1816e-07	-3.1824e-07	0.020134	1.47276e-08	-0.020114	3.182e-07	-3.1826e-07	0.022264	1.40284e-08	-0.022246	3.1834e-07	-3.1848e-07
0.725	-0.00014406	2.46354e-08	0.00014496	3.1814e-07	-3.1802e-07	0.0021932	2.31942e-08	-0.002192	3.1802e-07	-3.1798e-07	0.0045104	2.20768e-08	-0.0045088	3.1822e-07	-3.181e-07	0.0068154	2.10178e-08	-0.006817	3.1806e-07	-3.1808e-07	0.009098	1.98142e-08	-0.0090984	3.181e-07	-3.1808e-07	0.0113578	1.87774e-08	-0.0113556	3.1822e-07	-3.182e-07	0.013624	1.78636e-08	-0.01361	3.181e-07	-3.1814e-07	0.015846	1.69658e-08	-0.01583	3.1828e-07	-3.1834e-07	0.018044	1.61652e-08	-0.018024	3.1814e-07	-3.1824e-07	0.020204	1.5379e-08	-0.020192	3.1826e-07	-3.1832e-07	0.022346	1.46112e-08	-0.02233	3.1834e-07	-3.1844e-07
0.73	-0.00014062	2.5687e-08	0.00014652	3.181e-07	-3.1802e-07	0.0021978	2.43498e-08	-0.0022004	3.1808e-07	-3.1806e-07	0.0045196	2.30564e-08	-0.004524	3.1818e-07	-3.1812e-07	0.0068318	2.19162e-08	-0.0068364	3.1808e-07	-3.1806e-07	0.0091258	2.06622e-08	-0.0091234	3.1796e-07	-3.1808e-07	0.0113938	1.96508e-08	-0.011393	3.1808e-07	-3.1818e-07	0.013672	1.86636e-08	-0.013652	3.1812e-07	-3.1818e-07	0.015902	1.7741e-08	-0.015888	3.1824e-07	-3.1832e-07	0.018108	1.67556e-08	-0.018088	3.1818e-07	-3.1824e-07	0.020282	1.60242e-08	-0.02026	3.1822e-07	-3.1834e-07	0.022428	1.52288e-08	-0.022416	3.184e-07	-3.1846e-07
0.735	-0.00014266	2.68084e-08	0.00014636	3.181e-07	-3.1806e-07	0.0021996	2.53e-08	-0.0022034	3.181e-07	-3.1802e-07	0.0045344	2.38548e-08	-0.004538	3.182e-07	-3.181e-07	0.0068498	2.28232e-08	-0.006852	3.1802e-07	-3.1806e-07	0.0091482	2.14782e-08	-0.0091486	3.1804e-07	-3.181e-07	0.0114246	2.046e-08	-0.0114232	3.182e-07	-3.1814e-07	0.013708	1.94038e-08	-0.013686	3.1816e-07	-3.1816e-07	0.015948	1.83392e-08	-0.015928	3.1816e-07	-3.1818e-07	0.018164	1.74952e-08	-0.018138	3.1818e-07	-3.183e-07	0.020346	1.6664e-08	-0.020326	3.1822e-07	-3.1832e-07	0.022512	1.58544e-08	-0.022494	3.1834e-07	-3.185e-07
0.74	-0.00014582	2.7788e-08	0.00014412	3.1816e-07	-3.1802e-07	0.0022044	2.63524e-08	-0.0022052	3.181e-07	-3.1802e-07	0.0045472	2.49764e-08	-0.0045436	3.1818e-07	-3.1816e-07	0.006867	2.36586e-08	-0.0068726	3.18e-07	-3.1806e-07	0.0091718	2.26128e-08	-0.009176	3.18e-07	-3.1806e-07	0.011456	2.12056e-08	-0.0114548	3.1816e-07	-3.1812e-07	0.013748	2.0088e-08	-0.013732	3.1816e-07	-3.1818e-07	0.015996	1.92084e-08	-0.015976	3.1826e-07	-3.1824e-07	0.01822	1.82408e-08	-0.018198	3.1824e-07	-3.1834e-07	0.020412	1.73742e-08	-0.020396	3.1826e-07	-3.1838e-07	0.02259	1.6396e-08	-0.022574	3.183e-07	-3.1848e-07
0.745	-0.0001472	2.92246e-08	0.00014516	3.1808e-07	-3.18e-07	0.00221	2.75006e-08	-0.0022134	3.1812e-07	-3.1812e-07	0.0045542	2.59642e-08	-0.0045582	3.1814e-07	-3.181e-07	0.0068856	2.47626e-08	-0.0068856	3.1804e-07	-3.1806e-07	0.0091984	2.33328e-08	-0.009196	3.1804e-07	-3.1802e-07	0.0114842	2.2345e-08	-0.0114852	3.182e-07	-3.1818e-07	0.013786	2.10288e-08	-0.01377	3.1814e-07	-3.1818e-07	0.016046	1.99334e-08	-0.016024	3.1822e-07	-3.1824e-07	0.018278	1.89494e-08	-0.018256	3.1822e-07	-3.183e-07	0.020476	1.80324e-08	-0.020464	3.1832e-07	-3.1832e-07	0.02266	1.71644e-08	-0.022648	3.1836e-07	-3.1844e-07
0.75	-0.00014364	3.01146e-08	0.0001511	3.1808e-07	-3.1802e-07	0.0022144	2.87156e-08	-0.0022144	3.181e-07	-3.1808e-07	0.0045668	2.7086e-08	-0.0045646	3.1814e-07	-3.181e-07	0.0069032	2.58228e-08	-0.0069016	3.1804e-07	-3.1804e-07	0.009216	2.45642e-08	-0.0092174	3.1798e-07	-3.1808e-07	0.0115006	2.3147e-08	-0.011526	3.1814e-07	-3.1824e-07	0.013824	2.20052e-08	-0.013808	3.181e-07	-3.1818e-07	0.016088	2.07854e-08	-0.016072	3.1822e-07	-3.1822e-07	0.01833	1.98718e-08	-0.018312	3.1816e-07	-3.183e-07	0.020544	1.86246e-08	-0.020524	3.183e-07	-3.1832e-07	0.02274	1.7891e-08	-0.022722	3.184e-07	-3.185e-07
0.755	-0.00015042	3.1693e-08	0.00015068	3.1808e-07	-3.18e-07	0.0022228	2.98416e-08	-0.002221	3.1812e-07	-3.1808e-07	0.0045752	2.84318e-08	-0.0045766	3.1812e-07	-3.1808e-07	0.0069198	2.67464e-08	-0.00692	3.1814e-07	-3.1814e-07	0.0092416	2.53578e-08	-0.009236	3.1808e-07	-3.1808e-07	0.011576	2.39984e-08	-0.01156	3.1816e-07	-3.1818e-07	0.013858	2.27276e-08	-0.01384	3.181e-07	-3.1818e-07	0.01613	2.17638e-08	-0.016112	3.182e-07	-3.183e-07	0.018378	2.07086e-08	-0.018358	3.182e-07	-3.1828e-07	0.020604	1.959e-08	-0.020588	3.1832e-07	-3.1834e-07	0.02281	1.8591e-08	-0.022792	3.1832e-07	-3.185e-07
0.76	-0.0001478	3.31632e-08	0.00014838	3.181e-07	-3.1806e-07	0.0022298	3.13816e-08	-0.0022284	3.1818e-07	-3.1814e-07	0.0045856	2.93726e-08	-0.0045902	3.181e-07	-3.1808e-07	0.0069296	2.80442e-08	-0.006937	3.1808e-07	-3.1814e-07	0.0092636	2.65498e-08	-0.0092648	3.1804e-07	-3.1804e-07	0.011604	2.5203e-08	-0.01158	3.182e-07	-3.1814e-07	0.013892	2.38598e-08	-0.013878	3.181e-07	-3.1818e-07	0.016174	2.26948e-08	-0.016158	3.1822e-07	-3.1826e-07	0.018434	2.14316e-08	-0.018416	3.1828e-07	-3.183e-07	0.020662	2.03146e-08	-0.020644	3.1828e-07	-3.1832e-07	0.022876	1.94024e-08	-0.02286	3.1838e-07	-3.1848e-07
0.765	-0.00014856	3.44866e-08	0.00014706	3.1804e-07	-3.1806e-07	0.0022302	3.23938e-08	-0.0022302	3.181e-07	-3.1806e-07	0.004599	3.10592e-08	-0.0045964	3.1798e-07	-3.1804e-07	0.006949	2.92264e-08	-0.0069456	3.1814e-07	-3.1814e-07	0.0092846	2.75602e-08	-0.009284	3.1804e-07	-3.1806e-07	0.011628	2.62142e-08	-0.011604	3.1822e-07	-3.182e-07	0.01393	2.46492e-08	-0.013912	3.1816e-07	-3.1812e-07	0.016216	2.37244e-08	-0.016196	3.1826e-07	-3.1834e-07	0.018482	2.25128e-08	-0.01846	3.1818e-07	-3.1826e-07	0.02072	2.13594e-08	-0.0207	3.1826e-07	-3.1832e-07	0.022946	2.02098e-08	-0.022926	3.1836e-07	-3.1846e-07
0.77	-0.00014944	3.5755e-08	0.00015026	3.1808e-07	-3.1806e-07	0.0022352	3.42514e-08	-0.0022362	3.1816e-07	-3.1808e-07	0.004604	3.21396e-08	-0.0046044	3.1808e-07	-3.1802e-07	0.0069664	3.02372e-08	-0.0069642	3.1802e-07	-3.181e-07	0.009301	2.89696e-08	-0.0093072	3.1806e-07	-3.1808e-07	0.01166	2.73686e-08	-0.011636	3.1818e-07	-3.182e-07	0.01396	2.59022e-08	-0.013944	3.181e-07	-3.1814e-07	0.016258	2.47118e-08	-0.016234	3.182e-07	-3.1832e-07	0.018524	2.34224e-08	-0.018508	3.1816e-07	-3.1836e-07	0.020776	2.21028e-08	-0.020758	3.1828e-07	-3.1834e-07	0.023012	2.09998e-08	-0.02299	3.1834e-07	-3.1844e-07
0.775	-0.00015228	3.77942e-08	0.00014968	3.181e-07	-3.1802e-07	0.0022372	3.57374e-08	-0.002241	3.1808e-07	-3.1808e-07	0.004613	3.36396e-08	-0.0046134	3.181e-07	-3.1806e-07	0.006978	3.18686e-08	-0.0069764	3.1814e-07	-3.1808e-07	0.0093226	2.99278e-08	-0.0093194	3.181e-07	-3.1812e-07	0.011682	2.86878e-08	-0.011662	3.1816e-07	-3.182e-07	0.013994	2.72154e-08	-0.013974	3.1808e-07	-3.1814e-07	0.016294	2.5786e-08	-0.016272	3.1818e-07	-3.1826e-07	0.018572	2.43042e-08	-0.018548	3.1818e-07	-3.1826e-07	0.020828	2.30988e-08	-0.020806	3.1826e-07	-3.1836e-07	0.023072	2.1915e-08	-0.023056	3.1846e-07	-3.1842e-07
0.78	-0.00014768	3.9051e-08	0.00014674	3.1798e-07	-3.1802e-07	0.0022424	3.70556e-08	-0.0022462	3.181e-07	-3.1808e-07	0.0046238	3.49302e-08	-0.004624	3.181e-07	-3.1812e-07	0.0069908	3.32916e-08	-0.0069932	3.181e-07	-3.1804e-07	0.0093434	3.15908e-08	-0.0093434	3.1804e-07	-3.1806e-07	0.011704	2.97272e-08	-0.011684	3.1816e-07	-3.1818e-07	0.01403	2.8158e-08	-0.014006	3.1808e-07	-3.1808e-07	0.016334	2.65242e-08	-0.016316	3.1826e-07	-3.1826e-07	0.018616	2.5361e-08	-0.018604	3.1822e-07	-3.182e-07	0.020884	2.40304e-08	-0.020868	3.1822e-07	-3.1826e-07	0.023134	2.29556e-08	-0.023114	3.1838e-07	-3.1854e-07
0.785	-0.00014842	4.06026e-08	0.0001485	3.1808e-07	-3.1806e-07	0.0022476	3.88298e-08	-0.0022456	3.1808e-07	-3.1798e-07	0.004631	3.63292e-08	-0.0046326	3.1808e-07	-3.18e-07	0.0070014	3.46016e-08	-0.0070018	3.1798e-07	-3.18e-07	0.0093618	3.28798e-08	-0.0093648	3.1808e-07	-3.1806e-07	0.01173	3.11108e-08	-0.011704	3.1814e-07	-3.1816e-07	0.014056	2.94972e-08	-0.014038	3.181e-07	-3.1818e-07	0.016374	2.7747e-08	-0.016354	3.1832e-07	-3.1826e-07	0.018662	2.64084e-08	-0.018642	3.1814e-07	-3.1816e-07	0.020936	2.51236e-08	-0.020918	3.1828e-07	-3.184e-07	0.023192	2.38534e-08	-0.023174	3.1842e-07	-3.1846e-07
0.79	-0.00014544	4.27846e-08	0.0001468	3.1814e-07	-3.1804e-07	0.0022502	4.04362e-08	-0.002252	3.181e-07	-3.18e-07	0.0046438	3.81154e-08	-0.004637	3.1808e-07	-3.181e-07	0.0070186	3.64234e-08	-0.007018	3.1802e-07	-3.1808e-07	0.009381	3.40934e-08	-0.0093776	3.1804e-07	-3.1808e-07	0.011752	3.251e-08	-0.01173	3.182e-07	-3.1822e-07	0.01408	3.07596e-08	-0.014066	3.181e-07	-3.1814e-07	0.016402	2.91996e-08	-0.016392	3.1828e-07	-3.1836e-07	0.018704	2.75728e-08	-0.018688	3.1816e-07	-3.1822e-07	0.020986	2.62544e-08	-0.020972	3.1814e-07	-3.1832e-07	0.023246	2.48416e-08	-0.023232	3.1836e-07	-3.1856e-07
0.795	-0.00014858	4.47986e-08	0.00015194	3.1808e-07	-3.1806e-07	0.0022538	4.21786e-08	-0.0022548	3.1808e-07	-3.1802e-07	0.0046484	3.98068e-08	-0.0046466	3.1808e-07	-3.1808e-07	0.0070338	3.76578e-08	-0.0070286	3.1816e-07	-3.181e-07	0.0093984	3.56294e-08	-0.0093966	3.1804e-07	-3.1812e-07	0.011782	3.38094e-08	-0.011756	3.1816e-07	-3.1816e-07	0.014112	3.20126e-08	-0.014098	3.1808e-07	-3.1812e-07	0.016436	3.05372e-08	-0.016424	3.1816e-07	-3.1832e-07	0.018748	2.87748e-08	-0.018734	3.182e-07	-3.183e-07	0.021032	2.70338e-08	-0.021012	3.1826e-07	-3.1832e-07	0.023308	2.574e-08	-0.02329	3.1842e-07	-3.185e-07
0.8	-0.00014716	4.66164e-08	0.0001456	3.1804e-07	-3.1808e-07	0.0022564	4.39836e-08	-0.0022586	3.1806e-07	-3.1802e-07	0.0046574	4.17114e-08	-0.0046526	3.1808e-07	-3.18e-07	0.0070442	3.95848e-08	-0.0070464	3.1812e-07	-3.1812e-07	0.0094186	3.73784e-08	-0.009414	3.181e-07	-3.1816e-07	0.011802	3.53264e-08	-0.01178	3.181e-07	-3.1818e-07	0.01414	3.34136e-08	-0.014122	3.181e-07	-3.1814e-07	0.016474	3.17388e-08	-0.016454	3.1828e-07	-3.1826e-07	0.01879	3.00758e-08	-0.01877	3.1814e-07	-3.1828e-07	0.021086	2.83056e-08	-0.021062	3.1822e-07	-3.184e-07	0.023354	2.68824e-08	-0.023342	3.1842e-07	-3.185e-07
0.805	-0.00014574	4.87588e-08	0.00014864	3.1814e-07	-3.1802e-07	0.0022626	4.62026e-08	-0.0022622	3.181e-07	-3.18e-07	0.0046622	4.34084e-08	-0.004659	3.1808e-07	-3.1802e-07	0.0070546	4.10604e-08	-0.0070566	3.181e-07	-3.1804e-07	0.009433	3.89412e-08	-0.0094336	3.181e-07	-3.181e-07	0.011822	3.65148e-08	-0.0118	3.1812e-07	-3.1812e-07	0.014166	3.48898e-08	-0.014152	3.1812e-07	-3.1818e-07	0.01651	3.31296e-08	-0.01649	3.1822e-07	-3.1828e-07	0.018824	3.12656e-08	-0.018812	3.1822e-07	-3.1828e-07	0.021128	2.97106e-08	-0.021112	3.1834e-07	-3.1838e-07	0.023418	2.81662e-08	-0.023396	3.1848e-07	-3.185e-07
0.81	-0.00014976	5.10138e-08	0.00015122	3.1812e-07	-3.1806e-07	0.0022652	4.77918e-08	-0.002264	3.181e-07	-3.18e-07	0.0046682	4.52672e-08	-0.0046714	3.1806e-07	-3.181e-07	0.0070674	4.28904e-08	-0.0070674	3.181e-07	-3.181e-07	0.0094458	4.0659e-08	-0.009451	3.181e-07	-3.1814e-07	0.01184	3.87086e-08	-0.01182	3.1808e-07	-3.1808e-07	0.014194	3.64324e-08	-0.014176	3.181e-07	-3.1814e-07	0.016536	3.43944e-08	-0.016516	3.1824e-07	-3.1826e-07	0.018864	3.24962e-08	-0.018846	3.1816e-07	-3.1824e-07	0.021174	3.07506e-08	-0.021152	3.1822e-07	-3.1838e-07	0.023466	2.92706e-08	-0.023446	3.184e-07	-3.1848e-07
0.815	-0.00015008	5.3142e-08	0.0001497	3.1808e-07	-3.181e-07	0.002267	5.02512e-08	-0.0022678	3.181e-07	-3.1802e-07	0.0046828	4.74726e-08	-0.004675	3.1806e-07	-3.181e-07	0.0070778	4.49082e-08	-0.0070768	3.1804e-07	-3.1806e-07	0.0094616	4.22478e-08	-0.009462	3.1808e-07	-3.1808e-07	0.011866	4.01952e-08	-0.01184	3.181e-07	-3.1812e-07	0.014216	3.80136e-08	-0.0142	3.1812e-07	-3.1818e-07	0.01657	3.57284e-08	-0.016554	3.1828e-07	-3.1824e-07	0.018904	3.4049e-08	-0.018888	3.182e-07	-3.1824e-07	0.021222	3.2358e-08	-0.021196	3.182e-07	-3.182e-07	0.023516	3.05728e-08	-0.023506	3.1836e-07	-3.1846e-07
0.82	-0.00014756	5.53144e-08	0.00015	3.1802e-07	-3.1798e-07	0.0022726	5.21826e-08	-0.0022712	3.181e-07	-3.1806e-07	0.0046872	4.94662e-08	-0.0046856	3.1806e-07	-3.1802e-07	0.0070914	4.6906e-08	-0.0070906	3.1804e-07	-3.1814e-07	0.0094766	4.42514e-08	-0.009479	3.1808e-07	-3.1802e-07	0.011886	4.18142e-08	-0.01186	3.181e-07	-3.1812e-07	0.014248	3.95042e-08	-0.01423	3.1804e-07	-3.1808e-07	0.016602	3.76412e-08	-0.016588	3.1822e-07	-3.1826e-07	0.018934	3.54678e-08	-0.018924	3.182e-07	-3.1828e-07	0.021256	3.36768e-08	-0.021238	3.182e-07	-3.1832e-07	0.023566	3.19446e-08	-0.023548	3.1838e-07	-3.185e-07
0.825	-0.00015478	5.827e-08	0.00014846	3.181e-07	-3.1798e-07	0.0022754	5.47652e-08	-0.0022728	3.1804e-07	-3.1808e-07	0.0046912	5.16444e-08	-0.0046964	3.181e-07	-3.1802e-07	0.007103	4.86904e-08	-0.0070998	3.181e-07	-3.1808e-07	0.009493	4.58724e-08	-0.009492	3.1812e-07	-3.1804e-07	0.011896	4.37946e-08	-0.011882	3.181e-07	-3.1812e-07	0.014272	4.1488e-08	-0.014256	3.1808e-07	-3.1818e-07	0.016632	3.89702e-08	-0.016616	3.182e-07	-3.1826e-07	0.018976	3.69712e-08	-0.018958	3.1816e-07	-3.1826e-07	0.021306	3.49426e-08	-0.02127	3.183e-07	-3.1832e-07	0.023616	3.33404e-08	-0.023596	3.1842e-07	-3.1854e-07
0.83	-0.0001518	6.07778e-08	0.00014628	3.1808e-07	-3.1806e-07	0.0022806	5.71618e-08	-0.0022788	3.1808e-07	-3.1798e-07	0.0046988	5.39688e-08	-0.0046938	3.1802e-07	-3.1794e-07	0.007113	5.12842e-08	-0.007117	3.1808e-07	-3.1808e-07	0.0095096	4.79614e-08	-0.0095104	3.1804e-07	-3.1814e-07	0.011924	4.55366e-08	-0.011898	3.1814e-07	-3.1814e-07	0.014296	4.30698e-08	-0.014274	3.1814e-07	-3.1812e-07	0.016656	4.0828e-08	-0.016644	3.1822e-07	-3.183e-07	0.019008	3.85686e-08	-0.018992	3.1826e-07	-3.1824e-07	0.021342	3.63514e-08	-0.021322	3.183e-07	-3.1836e-07	0.02366	3.45566e-08	-0.023642	3.1828e-07	-3.1844e-07
0.835	-0.0001507	6.32098e-08	0.0001492	3.181e-07	-3.1798e-07	0.0022822	5.9686e-08	-0.002284	3.1808e-07	-3.1796e-07	0.0047082	5.64382e-08	-0.0047062	3.1806e-07	-3.1808e-07	0.007124	5.32608e-08	-0.0071204	3.1798e-07	-3.18e-07	0.009525	5.06476e-08	-0.0095238	3.1814e-07	-3.1808e-07	0.011938	4.79638e-08	-0.011918	3.181e-07	-3.181e-07	0.014316	4.50568e-08	-0.014298	3.181e-07	-3.1812e-07	0.016688	4.28154e-08	-0.01667	3.1822e-07	-3.1832e-07	0.019044	4.04098e-08	-0.019026	3.1826e-07	-3.1828e-07	0.021376	3.8203e-08	-0.021366	3.1822e-07	-3.1828e-07	0.023706	3.64794e-08	-0.023688	3.1844e-07	-3.1846e-07
0.84	-0.00015158	6.6213e-08	0.00014986	3.1814e-07	-3.1802e-07	0.002286	6.2847e-08	-0.002284	3.181e-07	-3.1808e-07	0.0047086	5.90904e-08	-0.0047112	3.1816e-07	-3.1808e-07	0.0071314	5.6192e-08	-0.007132	3.1804e-07	-3.18e-07	0.0095404	5.28538e-08	-0.0095382	3.1806e-07	-3.1814e-07	0.011956	5.00734e-08	-0.01194	3.182e-07	-3.1818e-07	0.014342	4.71928e-08	-0.01432	3.181e-07	-3.181e-07	0.016712	4.4256e-08	-0.016698	3.1826e-07	-3.1828e-07	0.019074	4.20642e-08	-0.019056	3.1816e-07	-3.1822e-07	0.021414	4.00098e-08	-0.021398	3.182e-07	-3.1832e-07	0.023746	3.73076e-08	-0.023732	3.1838e-07	-3.1848e-07
0.845	-0.00015152	6.9964e-08	0.0001522	3.1818e-07	-3.1802e-07	0.0022878	6.6064e-08	-0.0022866	3.1812e-07	-3.1806e-07	0.004719	6.21592e-08	-0.004716	3.181e-07	-3.1808e-07	0.0071418	5.83376e-08	-0.0071396	3.1804e-07	-3.1804e-07	0.00955	5.49614e-08	-0.0095508	3.1804e-07	-3.181e-07	0.011978	5.20928e-08	-0.011952	3.1804e-07	-3.1802e-07	0.01436	4.87586e-08	-0.014346	3.1812e-07	-3.1812e-07	0.016746	4.66836e-08	-0.016722	3.1828e-07	-3.183e-07	0.019108	4.37578e-08	-0.01909	3.1822e-07	-3.183e-07	0.021452	4.1787e-08	-0.021438	3.1826e-07	-3.1836e-07	0.023794	3.90914e-08	-0.023768	3.1842e-07	-3.1856e-07
0.85	-0.00015268	7.3092e-08	0.00014852	3.1812e-07	-3.1806e-07	0.0022896	6.87758e-08	-0.0022912	3.181e-07	-3.18e-07	0.0047268	6.52342e-08	-0.004723	3.1804e-07	-3.18e-07	0.0071498	6.11804e-08	-0.0071526	3.181e-07	-3.1812e-07	0.0095682	5.75338e-08	-0.0095672	3.1802e-07	-3.1812e-07	0.01199	5.4715e-08	-0.01197	3.1806e-07	-3.1808e-07	0.01438	5.13266e-08	-0.01437	3.1812e-07	-3.1816e-07	0.016772	4.84714e-08	-0.016752	3.182e-07	-3.1828e-07	0.01914	4.59966e-08	-0.019116	3.1826e-07	-3.1826e-07	0.021486	4.3416e-08	-0.02147	3.1828e-07	-3.1834e-07	0.023836	4.12574e-08	-0.02382	3.1834e-07	-3.1846e-07
0.855	-0.00015134	7.58012e-08	0.00015126	3.181e-07	-3.1806e-07	0.0022934	7.18974e-08	-0.0022924	3.1804e-07	-3.18e-07	0.0047294	6.71382e-08	-0.0047288	3.181e-07	-3.1808e-07	0.0071622	6.37154e-08	-0.0071638	3.1812e-07	-3.1812e-07	0.0095768	6.02162e-08	-0.0095786	3.1804e-07	-3.1808e-07	0.012012	5.70182e-08	-0.01199	3.1804e-07	-3.1808e-07	0.014406	5.36456e-08	-0.01439	3.1814e-07	-3.1812e-07	0.016794	5.09296e-08	-0.016778	3.1826e-07	-3.1832e-07	0.019164	4.80092e-08	-0.019152	3.182e-07	-3.1828e-07	0.021528	4.55192e-08	-0.021508	3.1828e-07	-3.1832e-07	0.023872	4.29812e-08	-0.023858	3.1842e-07	-3.185e-07
0.86	-0.00015042	7.94736e-08	0.00015074	3.1808e-07	-3.1798e-07	0.0022992	7.55956e-08	-0.0022978	3.1806e-07	-3.18e-07	0.0047342	7.11326e-08	-0.0047374	3.1816e-07	-3.1808e-07	0.007171	6.6916e-08	-0.007168	3.1814e-07	-3.1814e-07	0.0095934	6.2669e-08	-0.0095906	3.1804e-07	-3.1806e-07	0.012026	5.91672e-08	-0.012002	3.181e-07	-3.1808e-07	0.014426	5.60508e-08	-0.0144	3.181e-07	-3.1812e-07	0.016822	5.3179e-08	-0.016802	3.182e-07	-3.1822e-07	0.0192	5.01082e-08	-0.01918	3.1814e-07	-3.1826e-07	0.021558	4.75656e-08	-0.021546	3.183e-07	-3.1836e-07	0.023916	4.49592e-08	-0.023898	3.1844e-07	-3.1854e-07
0.865	-0.00015278	8.34772e-08	0.00015052	3.1814e-07	-3.1806e-07	0.0023006	7.89746e-08	-0.002298	3.1804e-07	-3.1806e-07	0.004743	7.39976e-08	-0.0047396	3.1808e-07	-3.181e-07	0.00718	6.95714e-08	-0.0071752	3.1814e-07	-3.1812e-07	0.0096028	6.61968e-08	-0.0096022	3.1808e-07	-3.1812e-07	0.012046	6.22126e-08	-0.012024	3.1808e-07	-3.1806e-07	0.01444	5.89196e-08	-0.014428	3.1812e-07	-3.1818e-07	0.016846	5.5371e-08	-0.016828	3.1814e-07	-3.1818e-07	0.019222	5.23892e-08	-0.019212	3.1822e-07	-3.1824e-07	0.02159	4.9325e-08	-0.021578	3.1824e-07	-3.183e-07	0.023954	4.68356e-08	-0.023936	3.1842e-07	-3.1846e-07
0.87	-0.0001518	8.70372e-08	0.00015372	3.1812e-07	-3.1808e-07	0.0022992	8.24624e-08	-0.0023008	3.1808e-07	-3.1798e-07	0.0047438	7.76436e-08	-0.0047454	3.1812e-07	-3.1808e-07	0.0071838	7.34674e-08	-0.0071882	3.1816e-07	-3.1814e-07	0.009617	6.85262e-08	-0.0096122	3.1808e-07	-3.1818e-07	0.012056	6.49424e-08	-0.012038	3.181e-07	-3.181e-07	0.014458	6.18968e-08	-0.01445	3.181e-07	-3.1814e-07	0.016866	5.79292e-08	-0.016856	3.1826e-07	-3.182e-07	0.019252	5.493e-08	-0.01923	3.1818e-07	-3.183e-07	0.021626	5.20836e-08	-0.02161	3.1826e-07	-3.1836e-07	0.02399	4.91922e-08	-0.023976	3.1846e-07	-3.1848e-07
0.875	-0.00015028	9.15826e-08	0.00015156	3.1812e-07	-3.1808e-07	0.002305	8.59944e-08	-0.0023014	3.181e-07	-3.1802e-07	0.0047522	8.10924e-08	-0.0047516	3.181e-07	-3.1804e-07	0.0071952	7.67862e-08	-0.0071944	3.1808e-07	-3.1808e-07	0.0096248	7.23812e-08	-0.0096248	3.1806e-07	-3.1812e-07	0.012076	6.81298e-08	-0.012054	3.181e-07	-3.181e-07	0.01448	6.4176e-08	-0.014468	3.1814e-07	-3.1812e-07	0.016888	6.06616e-08	-0.016874	3.1814e-07	-3.1824e-07	0.019284	5.72112e-08	-0.019266	3.1824e-07	-3.1826e-07	0.02166	5.39986e-08	-0.02164	3.1826e-07	-3.1836e-07	0.024026	5.1129e-08	-0.024012	3.1836e-07	-3.1844e-07
0.88	-0.00015212	9.56332e-08	0.000153	3.181e-07	-3.18e-07	0.0023058	9.01126e-08	-0.0023076	3.181e-07	-3.1802e-07	0.0047582	8.5111e-08	-0.0047576	3.1814e-07	-3.1806e-07	0.0072094	7.99882e-08	-0.0072088	3.1804e-07	-3.1804e-07	0.0096364	7.5787e-08	-0.0096354	3.181e-07	-3.1818e-07	0.01209	7.1249e-08	-0.012074	3.181e-07	-3.1814e-07	0.014506	6.74014e-08	-0.014486	3.1812e-07	-3.1818e-07	0.016916	6.3276e-08	-0.016894	3.1814e-07	-3.1828e-07	0.019306	6.00342e-08	-0.019288	3.182e-07	-3.183e-07	0.021692	5.66266e-08	-0.021674	3.1826e-07	-3.183e-07	0.02406	5.35e-08	-0.024052	3.1842e-07	-3.1854e-07
0.885	-0.00014832	1.006112e-07	0.00015116	3.1804e-07	-3.1802e-07	0.0023092	9.42328e-08	-0.0023088	3.1812e-07	-3.1806e-07	0.0047652	8.90528e-08	-0.0047612	3.1804e-07	-3.1812e-07	0.0072122	8.34806e-08	-0.0072122	3.1808e-07	-3.1808e-07	0.0096496	7.93148e-08	-0.0096488	3.1802e-07	-3.1808e-07	0.012102	7.45104e-08	-0.012082	3.1808e-07	-3.1806e-07	0.014518	7.00894e-08	-0.014506	3.1814e-07	-3.1818e-07	0.016932	6.65462e-08	-0.016918	3.1822e-07	-3.1816e-07	0.019332	6.2948e-08	-0.019314	3.182e-07	-3.1828e-07	0.021722	5.94568e-08	-0.02171	3.182e-07	-3.1826e-07	0.024094	5.6036e-08	-0.024078	3.1842e-07	-3.1848e-07
0.89	-0.00015048	1.049762e-07	0.00015516	3.181e-07	-3.1806e-07	0.0023108	9.91718e-08	-0.0023106	3.181e-07	-3.1812e-07	0.00477	9.32064e-08	-0.0047694	3.1814e-07	-3.181e-07	0.0072224	8.74594e-08	-0.0072194	3.1816e-07	-3.1804e-07	0.0096602	8.23354e-08	-0.0096624	3.1816e-07	-3.1814e-07	0.01212	7.82456e-08	-0.0121	3.181e-07	-3.1812e-07	0.014538	7.3167e-08	-0.014518	3.181e-07	-3.1812e-07	0.016956	6.95168e-08	-0.016938	3.182e-07	-3.183e-07	0.019362	6.60626e-08	-0.019344	3.1816e-07	-3.1826e-07	0.021748	6.21242e-08	-0.021732	3.1832e-07	-3.1832e-07	0.024136	5.8431e-08	-0.024112	3.1842e-07	-3.185e-07
0.895	-0.0001527	1.10232e-07	0.00015386	3.1816e-07	-3.1802e-07	0.0023122	1.04083e-07	-0.0023136	3.1804e-07	-3.1804e-07	0.0047734	9.81216e-08	-0.0047738	3.182e-07	-3.1812e-07	0.00723	9.1663e-08	-0.0072304	3.1802e-07	-3.1806e-07	0.0096728	8.66526e-08	-0.009669	3.1808e-07	-3.1808e-07	0.012128	8.16148e-08	-0.012114	3.181e-07	-3.1808e-07	0.014558	7.7281e-08	-0.014538	3.1814e-07	-3.1812e-07	0.016976	7.26006e-08	-0.01696	3.1816e-07	-3.182e-07	0.019382	6.88848e-08	-0.019368	3.182e-07	-3.1824e-07	0.02178	6.49696e-08	-0.021762	3.1822e-07	-3.183e-07	0.024166	6.12996e-08	-0.024152	3.1844e-07	-3.1856e-07
0.9	-0.00015364	1.1544e-07	0.00015152	3.1806e-07	-3.1804e-07	0.0023156	1.087778e-07	-0.002316	3.1808e-07	-3.1802e-07	0.0047772	1.020658e-07	-0.0047784	3.1812e-07	-3.1812e-07	0.0072324	9.63832e-08	-0.0072366	3.181e-07	-3.1806e-07	0.0096824	9.00994e-08	-0.0096798	3.1808e-07	-3.1814e-07	0.012146	8.50148e-08	-0.012124	3.1808e-07	-3.1806e-07	0.014566	8.06018e-08	-0.014556	3.1804e-07	-3.181e-07	0.016998	7.5879e-08	-0.01698	3.1816e-07	-3.1824e-07	0.019406	7.2123e-08	-0.01939	3.182e-07	-3.1824e-07	0.021804	6.79198e-08	-0.021784	3.1826e-07	-3.1828e-07	0.0242	6.34964e-08	-0.024178	3.1836e-07	-3.1844e-07
