vg	id_vd = 0.0V	ig_vd = 0.0V	is_vd = 0.0V	iavdd_vd = 0.0V	ignd_vd = 0.0V	id_vd = 0.010000000000000009V	ig_vd = 0.010000000000000009V	is_vd = 0.010000000000000009V	iavdd_vd = 0.010000000000000009V	ignd_vd = 0.010000000000000009V	id_vd = 0.020000000000000018V	ig_vd = 0.020000000000000018V	is_vd = 0.020000000000000018V	iavdd_vd = 0.020000000000000018V	ignd_vd = 0.020000000000000018V	id_vd = 0.030000000000000027V	ig_vd = 0.030000000000000027V	is_vd = 0.030000000000000027V	iavdd_vd = 0.030000000000000027V	ignd_vd = 0.030000000000000027V	id_vd = 0.040000000000000036V	ig_vd = 0.040000000000000036V	is_vd = 0.040000000000000036V	iavdd_vd = 0.040000000000000036V	ignd_vd = 0.040000000000000036V	id_vd = 0.050000000000000044V	ig_vd = 0.050000000000000044V	is_vd = 0.050000000000000044V	iavdd_vd = 0.050000000000000044V	ignd_vd = 0.050000000000000044V	id_vd = 0.06000000000000005V	ig_vd = 0.06000000000000005V	is_vd = 0.06000000000000005V	iavdd_vd = 0.06000000000000005V	ignd_vd = 0.06000000000000005V	id_vd = 0.07000000000000006V	ig_vd = 0.07000000000000006V	is_vd = 0.07000000000000006V	iavdd_vd = 0.07000000000000006V	ignd_vd = 0.07000000000000006V	id_vd = 0.08000000000000007V	ig_vd = 0.08000000000000007V	is_vd = 0.08000000000000007V	iavdd_vd = 0.08000000000000007V	ignd_vd = 0.08000000000000007V	id_vd = 0.08999999999999997V	ig_vd = 0.08999999999999997V	is_vd = 0.08999999999999997V	iavdd_vd = 0.08999999999999997V	ignd_vd = 0.08999999999999997V	id_vd = 0.09999999999999998V	ig_vd = 0.09999999999999998V	is_vd = 0.09999999999999998V	iavdd_vd = 0.09999999999999998V	ignd_vd = 0.09999999999999998V
1.2	-1.9964e-09	1.5563e-09	3.1271e-10	3.2642e-07	-3.2638e-07	-1.6929e-09	2.3224e-09	7.967e-11	3.247e-07	-3.2542e-07	-1.5295e-09	2.4305e-09	5.726e-11	3.2438e-07	-3.2538e-07	-1.375e-09	2.4759e-09	4.858e-11	3.242e-07	-3.2536e-07	-1.2028e-09	2.4856e-09	5.3480000000000006e-11	3.2402e-07	-3.2536e-07	-1.027e-09	2.4845e-09	4.6520000000000005e-11	3.2296e-07	-3.2442e-07	-8.563100000000001e-10	2.4711e-09	4.892e-11	3.235e-07	-3.253e-07	-6.824300000000001e-10	2.4612e-09	4.301e-11	3.2348e-07	-3.253e-07	-5.1021e-10	2.4761e-09	4.107e-11	3.233e-07	-3.2524e-07	-3.0334e-10	2.464e-09	4.83e-11	3.2308e-07	-3.2516e-07	-6.787000000000001e-11	2.3681e-09	5.6650000000000006e-11	3.2202e-07	-3.2434e-07
1.195	-1.9233e-09	1.414e-09	3.225e-10	3.2654e-07	-3.2644e-07	-1.6492e-09	2.1589e-09	8.644e-11	3.2496e-07	-3.2546e-07	-1.4979e-09	2.2624e-09	6.932e-11	3.2458e-07	-3.2538e-07	-1.3379e-09	2.307e-09	6.361e-11	3.2428e-07	-3.2538e-07	-1.1654e-09	2.3091e-09	7.032000000000001e-11	3.241e-07	-3.253e-07	-1.0053e-09	2.3106e-09	5.105e-11	3.2312e-07	-3.2444e-07	-8.2881e-10	2.3025e-09	5.0600000000000005e-11	3.2378e-07	-3.2534e-07	-6.5418e-10	2.3013e-09	5.1880000000000006e-11	3.2356e-07	-3.2528e-07	-4.7416e-10	2.314e-09	5.182e-11	3.234e-07	-3.252e-07	-2.8435e-10	2.2926e-09	5.31e-11	3.231e-07	-3.2526e-07	-6.034000000000001e-11	2.2103e-09	5.931e-11	3.221e-07	-3.2426e-07
1.19	-1.8989e-09	1.3171e-09	3.3217e-10	3.2656e-07	-3.2632e-07	-1.6405e-09	2.0311e-09	1.0262e-10	3.2494e-07	-3.2546e-07	-1.4879e-09	2.1291e-09	7.642e-11	3.247e-07	-3.2534e-07	-1.3253e-09	2.1692e-09	6.765000000000001e-11	3.2446e-07	-3.2538e-07	-1.1470999999999999e-09	2.1774e-09	7.311e-11	3.2422e-07	-3.2532e-07	-9.8435e-10	2.1622e-09	6.154e-11	3.232e-07	-3.244e-07	-8.1471e-10	2.1717e-09	5.978e-11	3.2398e-07	-3.252e-07	-6.4619e-10	2.1671e-09	6.36e-11	3.237e-07	-3.2556e-07	-4.6835e-10	2.1807e-09	6.064000000000001e-11	3.2352e-07	-3.253e-07	-2.6109000000000003e-10	2.1651e-09	5.346e-11	3.2326e-07	-3.252e-07	-4.324e-11	2.0891e-09	6.689e-11	3.2218e-07	-3.2428e-07
1.185	-1.874e-09	1.234e-09	3.3431e-10	3.2656e-07	-3.2624e-07	-1.6267e-09	1.9097e-09	1.0813e-10	3.2494e-07	-3.2546e-07	-1.4727e-09	2.0074e-09	8.397e-11	3.2478e-07	-3.2538e-07	-1.3142e-09	2.0477e-09	7.266000000000001e-11	3.2452e-07	-3.2526e-07	-1.1403e-09	2.0592e-09	6.311e-11	3.2444e-07	-3.2536e-07	-9.7627e-10	2.0451e-09	7.162000000000001e-11	3.2322e-07	-3.2434e-07	-8.0381e-10	2.0534e-09	6.808e-11	3.2408e-07	-3.2532e-07	-6.2616e-10	2.0481e-09	6.386e-11	3.2374e-07	-3.2524e-07	-4.5319e-10	2.0575e-09	6.251e-11	3.2358e-07	-3.2524e-07	-2.5784e-10	2.0482e-09	6.75e-11	3.2336e-07	-3.2516e-07	-3.2790000000000004e-11	1.9764e-09	7.189000000000001e-11	3.2226e-07	-3.2434e-07
1.1800000000000002	-1.872e-09	1.1566e-09	3.4182e-10	3.2692e-07	-3.2654e-07	-1.6087e-09	1.804e-09	1.1509e-10	3.252e-07	-3.2548e-07	-1.4623e-09	1.9002e-09	9.08e-11	3.2488e-07	-3.2534e-07	-1.3037e-09	1.9391e-09	8.197e-11	3.2494e-07	-3.2556e-07	-1.1368e-09	1.9535e-09	7.544e-11	3.244e-07	-3.2532e-07	-9.682e-10	1.9338e-09	8.039e-11	3.2334e-07	-3.2442e-07	-7.973700000000001e-10	1.9426e-09	7.686e-11	3.2402e-07	-3.253e-07	-6.1858e-10	1.944e-09	7.441e-11	3.239e-07	-3.2524e-07	-4.3875e-10	1.9527e-09	7.023e-11	3.2368e-07	-3.2526e-07	-2.5495000000000003e-10	1.9355e-09	7.090000000000001e-11	3.2342e-07	-3.252e-07	-2.854e-11	1.8741e-09	7.878000000000001e-11	3.2242e-07	-3.2432e-07
1.175	-1.8596999999999999e-09	1.0809e-09	3.4829000000000005e-10	3.2656e-07	-3.2618e-07	-1.6046e-09	1.7067e-09	1.2474e-10	3.2506e-07	-3.255e-07	-1.4569e-09	1.7977e-09	1.0242e-10	3.249e-07	-3.2534e-07	-1.2956e-09	1.8362e-09	9.232e-11	3.2468e-07	-3.2538e-07	-1.116e-09	1.847e-09	8.444e-11	3.2446e-07	-3.2532e-07	-9.5209e-10	1.8341e-09	8.366000000000001e-11	3.2344e-07	-3.2448e-07	-7.8483e-10	1.8422e-09	8.061e-11	3.241e-07	-3.2524e-07	-6.1596e-10	1.8395e-09	8.331e-11	3.239e-07	-3.2524e-07	-4.3516e-10	1.8508e-09	7.989e-11	3.2372e-07	-3.2528e-07	-2.3835e-10	1.8371e-09	7.822e-11	3.235e-07	-3.2524e-07	-2.396e-11	1.7754e-09	8.267000000000001e-11	3.2242e-07	-3.2418e-07
1.1700000000000002	-1.8323e-09	1.0167e-09	3.4846e-10	3.2666e-07	-3.2624e-07	-1.5976e-09	1.6149e-09	1.3255000000000002e-10	3.253e-07	-3.2548e-07	-1.4426e-09	1.7057e-09	1.0884e-10	3.2494e-07	-3.2534e-07	-1.2846e-09	1.744e-09	9.746e-11	3.2482e-07	-3.2536e-07	-1.1106e-09	1.7587e-09	9.151e-11	3.2452e-07	-3.2532e-07	-9.4353e-10	1.7446e-09	9.179e-11	3.2346e-07	-3.244e-07	-7.7517e-10	1.7524e-09	8.906e-11	3.2432e-07	-3.2532e-07	-6.026500000000001e-10	1.7465e-09	8.93e-11	3.2438e-07	-3.255e-07	-4.2788e-10	1.7558e-09	8.79e-11	3.2378e-07	-3.2524e-07	-2.3068e-10	1.7479e-09	8.228000000000001e-11	3.2364e-07	-3.2524e-07	-5.74e-12	1.6887e-09	8.628000000000001e-11	3.2244e-07	-3.2422e-07
1.165	-1.8195e-09	9.5862e-10	3.5725000000000003e-10	3.2666e-07	-3.2624e-07	-1.5826e-09	1.5313e-09	1.3642e-10	3.2534e-07	-3.2542e-07	-1.4334e-09	1.6198e-09	1.1085e-10	3.251e-07	-3.2542e-07	-1.2755e-09	1.6574e-09	9.99e-11	3.2488e-07	-3.2538e-07	-1.1194e-09	1.6707e-09	1.0627e-10	3.2456e-07	-3.2536e-07	-9.3703e-10	1.6589e-09	1.017e-10	3.2356e-07	-3.2434e-07	-7.710700000000001e-10	1.6665e-09	9.918e-11	3.2434e-07	-3.2526e-07	-5.8952e-10	1.6632e-09	9.053000000000001e-11	3.2416e-07	-3.253e-07	-4.1310000000000005e-10	1.6698e-09	8.715e-11	3.2392e-07	-3.2524e-07	-2.2676000000000003e-10	1.6629e-09	9.422e-11	3.2372e-07	-3.252e-07	-5.55e-12	1.6108e-09	1.0262e-10	3.2248e-07	-3.2422e-07
1.16	-1.8141e-09	8.9943e-10	3.5910000000000003e-10	3.2672e-07	-3.2624e-07	-1.5747e-09	1.4583e-09	1.4467e-10	3.254e-07	-3.2544e-07	-1.4223e-09	1.544e-09	1.2153000000000002e-10	3.2514e-07	-3.2548e-07	-1.2662e-09	1.5807e-09	1.1375e-10	3.2492e-07	-3.2524e-07	-1.1045e-09	1.5876e-09	1.1118e-10	3.2502e-07	-3.2556e-07	-9.2422e-10	1.5785e-09	1.0278e-10	3.2358e-07	-3.244e-07	-7.6073e-10	1.5858e-09	1.0202e-10	3.2444e-07	-3.2532e-07	-5.884500000000001e-10	1.5868e-09	9.993e-11	3.244e-07	-3.2548e-07	-4.0664000000000006e-10	1.5957e-09	9.791e-11	3.2396e-07	-3.2524e-07	-2.2224000000000003e-10	1.582e-09	9.514e-11	3.2382e-07	-3.252e-07	-3.4700000000000004e-12	1.5305e-09	1.0491e-10	3.225e-07	-3.2418e-07
1.155	-1.7904e-09	8.4994e-10	3.653e-10	3.267e-07	-3.2614e-07	-1.5699e-09	1.3864e-09	1.5729e-10	3.2554e-07	-3.2554e-07	-1.4162e-09	1.4718e-09	1.2946e-10	3.2514e-07	-3.2534e-07	-1.2553e-09	1.5049e-09	1.1811000000000002e-10	3.2506e-07	-3.2536e-07	-1.0855e-09	1.5169e-09	1.1109e-10	3.2474e-07	-3.2524e-07	-9.156800000000001e-10	1.5097e-09	1.0948999999999999e-10	3.2372e-07	-3.244e-07	-7.4885e-10	1.516e-09	1.0897e-10	3.245e-07	-3.2538e-07	-5.8601e-10	1.512e-09	1.0961e-10	3.242e-07	-3.2524e-07	-4.0714000000000005e-10	1.5202e-09	1.0614e-10	3.2406e-07	-3.2526e-07	-2.0074e-10	1.5093e-09	1.0022e-10	3.2378e-07	-3.2518e-07	9.93e-12	1.4616e-09	1.1256e-10	3.2266e-07	-3.2416e-07
1.15	-1.7756e-09	8.0844e-10	3.6473e-10	3.268e-07	-3.261e-07	-1.5577e-09	1.3174e-09	1.6304e-10	3.2554e-07	-3.2544e-07	-1.4062e-09	1.4029e-09	1.3540000000000002e-10	3.252e-07	-3.2532e-07	-1.2507e-09	1.439e-09	1.2522e-10	3.25e-07	-3.2536e-07	-1.0835e-09	1.4541e-09	1.2198e-10	3.2478e-07	-3.2532e-07	-9.1047e-10	1.4425e-09	1.1736000000000002e-10	3.2374e-07	-3.2426e-07	-7.4486e-10	1.4498e-09	1.1553e-10	3.2458e-07	-3.2532e-07	-5.6587e-10	1.4462e-09	1.0903e-10	3.2426e-07	-3.2526e-07	-3.9193e-10	1.4508e-09	1.0797e-10	3.2402e-07	-3.2524e-07	-1.9866e-10	1.4472e-09	1.1183e-10	3.2392e-07	-3.2514e-07	1.653e-11	1.3997e-09	1.1303e-10	3.2266e-07	-3.2418e-07
1.145	-1.7747e-09	7.6417e-10	3.7543e-10	3.2678e-07	-3.2612e-07	-1.5471e-09	1.2592e-09	1.6858e-10	3.2552e-07	-3.2538e-07	-1.4018e-09	1.3424e-09	1.3906e-10	3.2528e-07	-3.2534e-07	-1.2393e-09	1.3751e-09	1.2813e-10	3.2504e-07	-3.254e-07	-1.078e-09	1.3865e-09	1.3109e-10	3.248e-07	-3.2556e-07	-9.076899999999999e-10	1.3773e-09	1.2641e-10	3.2382e-07	-3.244e-07	-7.3789e-10	1.3855e-09	1.2654e-10	3.2458e-07	-3.2532e-07	-5.6143e-10	1.3872e-09	1.2127e-10	3.2434e-07	-3.252e-07	-3.8282e-10	1.3936e-09	1.1401000000000002e-10	3.2406e-07	-3.2518e-07	-1.9774e-10	1.3806e-09	1.1392e-10	3.2382e-07	-3.2528e-07	1.963e-11	1.3406e-09	1.2473000000000002e-10	3.2274e-07	-3.2424e-07
1.14	-1.7603e-09	7.2309e-10	3.7981e-10	3.2672e-07	-3.2616e-07	-1.5349e-09	1.2046e-09	1.7537e-10	3.2554e-07	-3.254e-07	-1.3952e-09	1.2873e-09	1.5148e-10	3.253e-07	-3.2536e-07	-1.2306e-09	1.3188e-09	1.4115e-10	3.251e-07	-3.2532e-07	-1.0664e-09	1.3266e-09	1.3111e-10	3.2498e-07	-3.253e-07	-8.984e-10	1.3202e-09	1.2937e-10	3.2384e-07	-3.2436e-07	-7.3153e-10	1.326e-09	1.2507e-10	3.2456e-07	-3.2542e-07	-5.6049e-10	1.3266e-09	1.2656e-10	3.2432e-07	-3.2514e-07	-3.8139e-10	1.3329e-09	1.2129e-10	3.2416e-07	-3.2524e-07	-1.8276e-10	1.3241e-09	1.2057e-10	3.2432e-07	-3.2554e-07	2.218e-11	1.2822e-09	1.2693000000000002e-10	3.2278e-07	-3.2426e-07
1.135	-1.7393e-09	6.8794e-10	3.8347e-10	3.2682e-07	-3.2614e-07	-1.5342e-09	1.1519e-09	1.8538e-10	3.2564e-07	-3.2538e-07	-1.3879e-09	1.2308e-09	1.5624000000000002e-10	3.2534e-07	-3.2538e-07	-1.2257e-09	1.2615e-09	1.4361e-10	3.2522e-07	-3.2532e-07	-1.0492e-09	1.2735e-09	1.3157000000000002e-10	3.2498e-07	-3.2536e-07	-8.868400000000001e-10	1.2689e-09	1.3818e-10	3.2382e-07	-3.2442e-07	-7.1847e-10	1.2744e-09	1.3274e-10	3.2462e-07	-3.254e-07	-5.5025e-10	1.2702e-09	1.3267000000000002e-10	3.2436e-07	-3.2526e-07	-3.7506000000000005e-10	1.2765e-09	1.2998e-10	3.242e-07	-3.2528e-07	-1.7783000000000002e-10	1.2715e-09	1.2437e-10	3.2402e-07	-3.2526e-07	4.0850000000000006e-11	1.2306999999999999e-09	1.3144e-10	3.228e-07	-3.2416e-07
1.13	-1.7342e-09	6.5717e-10	3.8923e-10	3.2684e-07	-3.2606e-07	-1.5235e-09	1.1025e-09	1.8758e-10	3.2562e-07	-3.2542e-07	-1.3769e-09	1.18e-09	1.6369e-10	3.2536e-07	-3.2534e-07	-1.2184e-09	1.2116e-09	1.4915000000000002e-10	3.2518e-07	-3.2538e-07	-1.0475e-09	1.2275e-09	1.4511e-10	3.2496e-07	-3.252e-07	-8.899500000000001e-10	1.2186e-09	1.4782e-10	3.2394e-07	-3.244e-07	-7.1765e-10	1.2235e-09	1.4240000000000002e-10	3.2468e-07	-3.2526e-07	-5.394200000000001e-10	1.2229e-09	1.3425e-10	3.2442e-07	-3.2524e-07	-3.6174e-10	1.2271e-09	1.2756000000000002e-10	3.243e-07	-3.253e-07	-1.7561e-10	1.2216e-09	1.3426e-10	3.2404e-07	-3.252e-07	3.7310000000000005e-11	1.1868e-09	1.3709000000000001e-10	3.2292e-07	-3.2426e-07
1.125	-1.7361e-09	6.2112e-10	3.9296e-10	3.2678e-07	-3.262e-07	-1.5091e-09	1.0592e-09	1.9523e-10	3.256e-07	-3.2538e-07	-1.3751e-09	1.1342e-09	1.6945000000000002e-10	3.254e-07	-3.2536e-07	-1.2109e-09	1.1671e-09	1.6012e-10	3.2528e-07	-3.253e-07	-1.0479e-09	1.1754e-09	1.5515e-10	3.251e-07	-3.2534e-07	-8.7819e-10	1.1688e-09	1.4832e-10	3.239e-07	-3.2438e-07	-7.123900000000001e-10	1.173e-09	1.4598000000000002e-10	3.2464e-07	-3.2528e-07	-5.381300000000001e-10	1.1768e-09	1.453e-10	3.2442e-07	-3.252e-07	-3.5839000000000004e-10	1.1824e-09	1.3909e-10	3.2428e-07	-3.2524e-07	-1.7463000000000002e-10	1.1707e-09	1.3858e-10	3.241e-07	-3.252e-07	4.142e-11	1.1344e-09	1.4618e-10	3.229e-07	-3.243e-07
1.12	-1.7183e-09	5.934400000000001e-10	3.9625000000000005e-10	3.2688e-07	-3.2602e-07	-1.5041e-09	1.0185e-09	2.0448000000000003e-10	3.257e-07	-3.2542e-07	-1.3603e-09	1.0914e-09	1.8016e-10	3.2542e-07	-3.253e-07	-1.2061e-09	1.12e-09	1.6595e-10	3.2516e-07	-3.2526e-07	-1.0335e-09	1.1292e-09	1.5901e-10	3.251e-07	-3.2522e-07	-8.670700000000001e-10	1.128e-09	1.5419e-10	3.2392e-07	-3.2432e-07	-7.0266e-10	1.1308e-09	1.5074e-10	3.2472e-07	-3.2526e-07	-5.3915e-10	1.1298e-09	1.4958000000000001e-10	3.245e-07	-3.253e-07	-3.6201e-10	1.1351e-09	1.4557000000000002e-10	3.244e-07	-3.2526e-07	-1.5507e-10	1.1267e-09	1.4223e-10	3.2418e-07	-3.252e-07	5.491000000000001e-11	1.0939e-09	1.5023e-10	3.2298e-07	-3.2424e-07
1.115	-1.6972e-09	5.7075e-10	3.9323000000000005e-10	3.2682e-07	-3.261e-07	-1.4989e-09	9.6942e-10	2.1084e-10	3.2572e-07	-3.2538e-07	-1.3506e-09	1.0482e-09	1.8259e-10	3.2548e-07	-3.2538e-07	-1.1962e-09	1.0785e-09	1.7318000000000002e-10	3.253e-07	-3.2532e-07	-1.0256e-09	1.0902e-09	1.6614e-10	3.2506e-07	-3.2534e-07	-8.6335e-10	1.0864e-09	1.6232e-10	3.2406e-07	-3.2432e-07	-6.9374e-10	1.0892e-09	1.5762000000000002e-10	3.247e-07	-3.253e-07	-5.197700000000001e-10	1.0881e-09	1.5183e-10	3.2454e-07	-3.2528e-07	-3.4338e-10	1.0902e-09	1.5058e-10	3.2428e-07	-3.2526e-07	-1.5723e-10	1.0897e-09	1.5284e-10	3.2414e-07	-3.2522e-07	5.872e-11	1.0556e-09	1.5391e-10	3.2302e-07	-3.243e-07
1.11	-1.7046e-09	5.4499e-10	4.0645e-10	3.2682e-07	-3.2604e-07	-1.4842e-09	9.364e-10	2.1934e-10	3.2578e-07	-3.2536e-07	-1.3445e-09	1.0106e-09	1.866e-10	3.2552e-07	-3.2542e-07	-1.1906e-09	1.0381e-09	1.7544000000000002e-10	3.2528e-07	-3.2536e-07	-1.0236e-09	1.0521e-09	1.7176e-10	3.242e-07	-3.2444e-07	-8.593800000000001e-10	1.0459e-09	1.7141e-10	3.2398e-07	-3.2392e-07	-6.901900000000001e-10	1.0507e-09	1.6673e-10	3.2476e-07	-3.2524e-07	-5.1739e-10	1.0525e-09	1.6292000000000002e-10	3.2448e-07	-3.2524e-07	-3.3920000000000003e-10	1.0561e-09	1.5507e-10	3.2434e-07	-3.253e-07	-1.5622e-10	1.0458e-09	1.5449e-10	3.241e-07	-3.2522e-07	6e-11	1.0176e-09	1.646e-10	3.2298e-07	-3.2428e-07
1.105	-1.6896e-09	5.168200000000001e-10	4.0866e-10	3.2682e-07	-3.261e-07	-1.4832e-09	9.0184e-10	2.2627e-10	3.2576e-07	-3.2542e-07	-1.34e-09	9.7067e-10	2.0151e-10	3.256e-07	-3.2542e-07	-1.1817e-09	1.0045e-09	1.8577e-10	3.2538e-07	-3.253e-07	-1.0261e-09	1.0138e-09	1.7528e-10	3.2418e-07	-3.2436e-07	-8.496300000000001e-10	1.008e-09	1.7215000000000002e-10	3.2404e-07	-3.2438e-07	-6.840300000000001e-10	1.011e-09	1.6390000000000002e-10	3.2372e-07	-3.2424e-07	-5.1915e-10	1.0128e-09	1.6834e-10	3.2462e-07	-3.2516e-07	-3.3675e-10	1.0175e-09	1.6095000000000002e-10	3.2438e-07	-3.2516e-07	-1.3856e-10	1.0101e-09	1.6077e-10	3.2416e-07	-3.2514e-07	6.295e-11	9.7691e-10	1.6792e-10	3.231e-07	-3.242e-07
1.1	-1.6707e-09	4.9696e-10	4.1065e-10	3.2686e-07	-3.261e-07	-1.4769e-09	8.6757e-10	2.3635e-10	3.2584e-07	-3.2536e-07	-1.3371e-09	9.3552e-10	2.023e-10	3.2548e-07	-3.253e-07	-1.1757e-09	9.6407e-10	1.915e-10	3.2534e-07	-3.2532e-07	-1.0114e-09	9.7586e-10	1.8323e-10	3.242e-07	-3.2434e-07	-8.4397e-10	9.7183e-10	1.801e-10	3.2404e-07	-3.2438e-07	-6.730600000000001e-10	9.7551e-10	1.7671e-10	3.239e-07	-3.2434e-07	-5.076600000000001e-10	9.7405e-10	1.7240000000000002e-10	3.2464e-07	-3.2528e-07	-3.3351e-10	9.7572e-10	1.7015e-10	3.2438e-07	-3.2512e-07	-1.3704e-10	9.7518e-10	1.7105000000000002e-10	3.242e-07	-3.2518e-07	7.701e-11	9.4492e-10	1.7226e-10	3.2302e-07	-3.242e-07
1.095	-1.6645e-09	4.8003e-10	4.1569e-10	3.269e-07	-3.2606e-07	-1.4698e-09	8.3621e-10	2.3768e-10	3.2586e-07	-3.2544e-07	-1.3296e-09	9.0432e-10	2.0784000000000003e-10	3.2556e-07	-3.2534e-07	-1.1701e-09	9.2986e-10	1.9418e-10	3.2542e-07	-3.253e-07	-1.0056e-09	9.4325e-10	1.8792e-10	3.2424e-07	-3.2434e-07	-8.3822e-10	9.3732e-10	1.8955e-10	3.2346e-07	-3.2374e-07	-6.762200000000001e-10	9.427e-10	1.8557e-10	3.239e-07	-3.2438e-07	-4.998500000000001e-10	9.441e-10	1.8075e-10	3.2468e-07	-3.2526e-07	-3.2044000000000003e-10	9.4683e-10	1.7282e-10	3.2438e-07	-3.252e-07	-1.3760000000000002e-10	9.3623e-10	1.7333e-10	3.2414e-07	-3.2518e-07	7.898e-11	9.1316e-10	1.8237e-10	3.2308e-07	-3.2426e-07
1.09	-1.6671e-09	4.5553e-10	4.2294e-10	3.2672e-07	-3.2582e-07	-1.4601e-09	8.1032e-10	2.4323e-10	3.2582e-07	-3.2546e-07	-1.3224e-09	8.768600000000001e-10	2.1883e-10	3.2558e-07	-3.2534e-07	-1.164e-09	9.020000000000001e-10	2.0803e-10	3.254e-07	-3.2532e-07	-1.0052e-09	9.1025e-10	1.9561e-10	3.2438e-07	-3.2446e-07	-8.3081e-10	9.062199999999999e-10	1.8808e-10	3.2418e-07	-3.2442e-07	-6.679300000000001e-10	9.1036e-10	1.8483e-10	3.2322e-07	-3.2364e-07	-5.0012e-10	9.1013e-10	1.8611e-10	3.2464e-07	-3.2526e-07	-3.1843e-10	9.148399999999999e-10	1.808e-10	3.2446e-07	-3.2524e-07	-1.232e-10	9.075599999999999e-10	1.7797e-10	3.2422e-07	-3.2526e-07	7.879e-11	8.8071e-10	1.8328e-10	3.2306e-07	-3.2428e-07
1.085	-1.6522e-09	4.3671e-10	4.2706e-10	3.2678e-07	-3.26e-07	-1.4594e-09	7.8174e-10	2.5532e-10	3.2618e-07	-3.2576e-07	-1.3188e-09	8.4314e-10	2.2238e-10	3.2558e-07	-3.2536e-07	-1.156e-09	8.7026e-10	2.1216e-10	3.2544e-07	-3.253e-07	-9.972e-10	8.7932e-10	2.0137e-10	3.2438e-07	-3.2444e-07	-8.2213e-10	8.8111e-10	1.9738e-10	3.2414e-07	-3.2438e-07	-6.565600000000001e-10	8.8265e-10	1.9356000000000003e-10	3.2386e-07	-3.243e-07	-4.9069e-10	8.8073e-10	1.9291e-10	3.2468e-07	-3.2526e-07	-3.1852e-10	8.834500000000001e-10	1.8897e-10	3.2446e-07	-3.2528e-07	-1.1841e-10	8.810300000000001e-10	1.8175e-10	3.2432e-07	-3.2518e-07	9.636e-11	8.5447e-10	1.8856e-10	3.2314e-07	-3.2424e-07
1.08	-1.6347e-09	4.221e-10	4.2323000000000005e-10	3.2682e-07	-3.2606e-07	-1.4519e-09	7.5301e-10	2.5627000000000004e-10	3.2594e-07	-3.255e-07	-1.3112e-09	8.1806e-10	2.2943000000000003e-10	3.2564e-07	-3.2536e-07	-1.1449e-09	8.418e-10	2.1578000000000003e-10	3.2544e-07	-3.2542e-07	-9.9151e-10	8.474500000000001e-10	2.0580000000000003e-10	3.2434e-07	-3.2436e-07	-8.2558e-10	8.5227e-10	2.0573e-10	3.2376e-07	-3.2442e-07	-6.5777e-10	8.556800000000001e-10	2.0243e-10	3.2398e-07	-3.2428e-07	-4.8363e-10	8.546800000000001e-10	1.9099e-10	3.2474e-07	-3.2524e-07	-3.0448e-10	8.5563e-10	1.8829e-10	3.2444e-07	-3.2514e-07	-1.1721e-10	8.5183e-10	1.9321e-10	3.2426e-07	-3.2522e-07	9.322e-11	8.2915e-10	1.9576e-10	3.2314e-07	-3.2424e-07
1.075	-1.6367e-09	4.0670000000000005e-10	4.2994e-10	3.271e-07	-3.2626e-07	-1.4352e-09	7.3053e-10	2.6546000000000003e-10	3.2596e-07	-3.2552e-07	-1.3068e-09	7.9243e-10	2.3352000000000004e-10	3.257e-07	-3.2538e-07	-1.1483e-09	8.1803e-10	2.185e-10	3.2542e-07	-3.2534e-07	-9.8019e-10	8.2272e-10	2.0882e-10	3.2434e-07	-3.2416e-07	-8.1854e-10	8.2276e-10	2.0676e-10	3.2414e-07	-3.2444e-07	-6.493800000000001e-10	8.257400000000001e-10	2.0459e-10	3.2402e-07	-3.2438e-07	-4.819600000000001e-10	8.2987e-10	2.0491e-10	3.2468e-07	-3.2526e-07	-2.9899e-10	8.3293e-10	1.9923e-10	3.2448e-07	-3.252e-07	-1.1461e-10	8.2236e-10	1.9511e-10	3.2436e-07	-3.2518e-07	9.354e-11	7.9933e-10	2.0124e-10	3.2314e-07	-3.2422e-07
1.07	-1.6333e-09	3.8667e-10	4.3244e-10	3.2682e-07	-3.2596e-07	-1.4383e-09	7.080500000000001e-10	2.6954000000000003e-10	3.2592e-07	-3.2546e-07	-1.3008e-09	7.6871e-10	2.4581e-10	3.2566e-07	-3.2536e-07	-1.1337e-09	7.9274e-10	2.2826e-10	3.254e-07	-3.2532e-07	-9.7689e-10	8.0094e-10	2.2465e-10	3.2432e-07	-3.2438e-07	-8.101e-10	8.0199e-10	2.1639e-10	3.2424e-07	-3.2442e-07	-6.4384e-10	8.036e-10	2.1164e-10	3.2398e-07	-3.2434e-07	-4.8275e-10	8.009e-10	2.069e-10	3.2476e-07	-3.2526e-07	-3.0375e-10	8.039000000000001e-10	2.0431e-10	3.2448e-07	-3.2522e-07	-9.751e-11	7.9976e-10	1.9984e-10	3.2428e-07	-3.2526e-07	1.0967e-10	7.7642e-10	2.0634e-10	3.225e-07	-3.236e-07
1.065	-1.6146e-09	3.7355e-10	4.4119000000000006e-10	3.2678e-07	-3.259e-07	-1.431e-09	6.830900000000001e-10	2.8140000000000003e-10	3.2588e-07	-3.2546e-07	-1.2964e-09	7.430200000000001e-10	2.4553000000000003e-10	3.2566e-07	-3.252e-07	-1.134e-09	7.689100000000001e-10	2.3414000000000003e-10	3.2546e-07	-3.253e-07	-9.7469e-10	7.7111e-10	2.2982e-10	3.2436e-07	-3.2434e-07	-8.066000000000001e-10	7.7581e-10	2.2191e-10	3.2422e-07	-3.2434e-07	-6.4344e-10	7.7951e-10	2.1849e-10	3.2398e-07	-3.2428e-07	-4.6257e-10	7.7759e-10	2.1411e-10	3.2468e-07	-3.2528e-07	-2.8920000000000005e-10	7.7675e-10	2.0716e-10	3.2456e-07	-3.253e-07	-1.001e-10	7.774100000000001e-10	2.0925000000000003e-10	3.2434e-07	-3.2526e-07	1.1178e-10	7.5453e-10	2.1071e-10	3.2316e-07	-3.2412e-07
1.06	-1.6138e-09	3.6308000000000005e-10	4.3337e-10	3.2678e-07	-3.2596e-07	-1.4266e-09	6.6111e-10	2.8093000000000003e-10	3.2592e-07	-3.2552e-07	-1.2889e-09	7.216e-10	2.5292000000000004e-10	3.256e-07	-3.2564e-07	-1.1279e-09	7.4333e-10	2.3628000000000004e-10	3.2546e-07	-3.2532e-07	-9.5937e-10	7.492400000000001e-10	2.3239e-10	3.2446e-07	-3.2448e-07	-7.9814e-10	7.511700000000001e-10	2.2849000000000003e-10	3.241e-07	-3.2438e-07	-6.4045e-10	7.5473e-10	2.2638e-10	3.2402e-07	-3.2432e-07	-4.6086000000000005e-10	7.5816e-10	2.2333e-10	3.2482e-07	-3.2532e-07	-2.8240000000000003e-10	7.5966e-10	2.1365e-10	3.2458e-07	-3.2524e-07	-9.956e-11	7.4927e-10	2.1334e-10	3.2434e-07	-3.2524e-07	1.1193e-10	7.312200000000001e-10	2.1907000000000003e-10	3.231e-07	-3.2424e-07
1.0550000000000002	-1.6139e-09	3.4611e-10	4.4863e-10	3.2678e-07	-3.2596e-07	-1.4211e-09	6.4297e-10	2.8766e-10	3.259e-07	-3.2548e-07	-1.2824e-09	7.011200000000001e-10	2.6441e-10	3.2572e-07	-3.253e-07	-1.1194e-09	7.2412e-10	2.5011000000000003e-10	3.2546e-07	-3.253e-07	-9.6085e-10	7.2998e-10	2.3502000000000003e-10	3.2442e-07	-3.2442e-07	-7.9495e-10	7.3039e-10	2.3035e-10	3.2422e-07	-3.2436e-07	-6.341800000000001e-10	7.3211e-10	2.257e-10	3.2404e-07	-3.244e-07	-4.6375e-10	7.3032e-10	2.2624e-10	3.2464e-07	-3.2518e-07	-2.8458e-10	7.348600000000001e-10	2.1985e-10	3.245e-07	-3.2524e-07	-8.347000000000001e-11	7.2866e-10	2.1666e-10	3.2434e-07	-3.2526e-07	1.1978e-10	7.0778e-10	2.2055000000000003e-10	3.2314e-07	-3.2418e-07
1.05	-1.5974e-09	3.302e-10	4.4982000000000006e-10	3.2684e-07	-3.2596e-07	-1.4169e-09	6.2451e-10	2.9608000000000003e-10	3.2592e-07	-3.2544e-07	-1.279e-09	6.783300000000001e-10	2.6577e-10	3.2568e-07	-3.2538e-07	-1.1147e-09	7.004100000000001e-10	2.5192e-10	3.2548e-07	-3.2538e-07	-9.6233e-10	7.0801e-10	2.4383e-10	3.2376e-07	-3.2444e-07	-7.89e-10	7.111500000000001e-10	2.3933000000000004e-10	3.2424e-07	-3.2448e-07	-6.225500000000001e-10	7.134500000000001e-10	2.3301e-10	3.2332e-07	-3.239e-07	-4.5139e-10	7.110300000000001e-10	2.3061e-10	3.247e-07	-3.2518e-07	-2.7879000000000003e-10	7.123800000000001e-10	2.2692000000000003e-10	3.2456e-07	-3.2524e-07	-8.426e-11	7.115600000000001e-10	2.2099000000000003e-10	3.2428e-07	-3.2516e-07	1.3237e-10	6.9123e-10	2.2744e-10	3.231e-07	-3.242e-07
1.0450000000000002	-1.5795e-09	3.2070000000000004e-10	4.5005e-10	3.2684e-07	-3.2596e-07	-1.4112e-09	6.0111e-10	2.9842000000000004e-10	3.2588e-07	-3.2546e-07	-1.2685e-09	6.589000000000001e-10	2.7084e-10	3.2566e-07	-3.2538e-07	-1.1092e-09	6.801600000000001e-10	2.5588e-10	3.254e-07	-3.2532e-07	-9.5421e-10	6.8733e-10	2.4947e-10	3.245e-07	-3.2438e-07	-7.8955e-10	6.894800000000001e-10	2.4673000000000004e-10	3.2416e-07	-3.2434e-07	-6.225600000000001e-10	6.9268e-10	2.4252e-10	3.2404e-07	-3.2436e-07	-4.4702e-10	6.9292e-10	2.3191000000000003e-10	3.2472e-07	-3.2514e-07	-2.6699000000000003e-10	6.9246e-10	2.2548e-10	3.2462e-07	-3.2528e-07	-8.291e-11	6.883100000000001e-10	2.3018000000000003e-10	3.244e-07	-3.252e-07	1.265e-10	6.706400000000001e-10	2.3341e-10	3.2324e-07	-3.2416e-07
1.04	-1.5828e-09	3.0968e-10	4.54e-10	3.2678e-07	-3.2604e-07	-1.412e-09	5.8725e-10	3.0506000000000003e-10	3.2592e-07	-3.2542e-07	-1.2654e-09	6.409e-10	2.7367e-10	3.2572e-07	-3.2536e-07	-1.1099e-09	6.6281e-10	2.5781e-10	3.2548e-07	-3.2534e-07	-9.4208e-10	6.6891e-10	2.5134000000000003e-10	3.2442e-07	-3.2448e-07	-7.7868e-10	6.682900000000001e-10	2.4556000000000003e-10	3.2424e-07	-3.2434e-07	-6.1309e-10	6.708800000000001e-10	2.4366e-10	3.2396e-07	-3.2424e-07	-4.4732e-10	6.7303e-10	2.4557e-10	3.2486e-07	-3.253e-07	-2.6543000000000003e-10	6.7626e-10	2.3809e-10	3.2464e-07	-3.252e-07	-7.655000000000001e-11	6.676000000000001e-10	2.3357e-10	3.2454e-07	-3.2526e-07	1.3124e-10	6.478100000000001e-10	2.3841e-10	3.231e-07	-3.2416e-07
1.035	-1.5751999999999999e-09	2.9374e-10	4.5478000000000006e-10	3.2676e-07	-3.2596e-07	-1.4063e-09	5.697800000000001e-10	3.1076e-10	3.2594e-07	-3.2538e-07	-1.2583e-09	6.2347e-10	2.8444e-10	3.2572e-07	-3.2538e-07	-1.0976e-09	6.450400000000001e-10	2.6755e-10	3.2552e-07	-3.254e-07	-9.4632e-10	6.4966e-10	2.6488e-10	3.2444e-07	-3.244e-07	-7.7241e-10	6.5416e-10	2.567e-10	3.2434e-07	-3.2438e-07	-6.0416e-10	6.5483e-10	2.5102000000000003e-10	3.2396e-07	-3.2432e-07	-4.4413000000000005e-10	6.51e-10	2.4523000000000004e-10	3.2472e-07	-3.2522e-07	-2.7171000000000004e-10	6.5429e-10	2.4215000000000004e-10	3.2462e-07	-3.2526e-07	-6.501e-11	6.5072e-10	2.3852e-10	3.2434e-07	-3.2516e-07	1.4593e-10	6.330700000000001e-10	2.4161e-10	3.232e-07	-3.2426e-07
1.03	-1.5582e-09	2.8527000000000004e-10	4.5763000000000005e-10	3.2676e-07	-3.2604e-07	-1.4028e-09	5.5336e-10	3.2329000000000003e-10	3.2594e-07	-3.254e-07	-1.2618e-09	6.0445e-10	2.8491e-10	3.2566e-07	-3.2534e-07	-1.0943e-09	6.2629e-10	2.7468000000000003e-10	3.2558e-07	-3.2544e-07	-9.417e-10	6.290800000000001e-10	2.6791e-10	3.245e-07	-3.2444e-07	-7.7473e-10	6.337600000000001e-10	2.6237e-10	3.2428e-07	-3.2442e-07	-6.037200000000001e-10	6.3598e-10	2.5713e-10	3.2396e-07	-3.2424e-07	-4.2914e-10	6.361300000000001e-10	2.508e-10	3.2474e-07	-3.2522e-07	-2.5246e-10	6.347600000000001e-10	2.4629000000000004e-10	3.2462e-07	-3.2526e-07	-6.736e-11	6.338300000000001e-10	2.4719e-10	3.2438e-07	-3.2526e-07	1.4421e-10	6.1641e-10	2.4924e-10	3.2316e-07	-3.2422e-07
1.025	-1.5509e-09	2.7662e-10	4.6130000000000005e-10	3.2668e-07	-3.2594e-07	-1.398e-09	5.3406e-10	3.2335000000000003e-10	3.2596e-07	-3.2532e-07	-1.2546e-09	5.886800000000001e-10	2.9316e-10	3.2576e-07	-3.2544e-07	-1.0914e-09	6.0721e-10	2.7685000000000003e-10	3.2554e-07	-3.2532e-07	-9.233700000000001e-10	6.1414e-10	2.7081e-10	3.2444e-07	-3.243e-07	-7.6625e-10	6.1479e-10	2.6943e-10	3.2424e-07	-3.2442e-07	-5.9768e-10	6.178700000000001e-10	2.6401e-10	3.2392e-07	-3.2368e-07	-4.3149e-10	6.192100000000001e-10	2.6117000000000004e-10	3.248e-07	-3.2524e-07	-2.4934000000000004e-10	6.223800000000001e-10	2.5445000000000004e-10	3.2456e-07	-3.2524e-07	-6.393e-11	6.1254e-10	2.5097e-10	3.2432e-07	-3.2516e-07	1.4681e-10	5.9564e-10	2.5548000000000003e-10	3.232e-07	-3.2426e-07
1.02	-1.5552e-09	2.6287000000000004e-10	4.69e-10	3.267e-07	-3.2592e-07	-1.3851e-09	5.197000000000001e-10	3.3125e-10	3.2598e-07	-3.2536e-07	-1.251e-09	5.729500000000001e-10	3.0126e-10	3.257e-07	-3.2534e-07	-1.086e-09	5.9357e-10	2.8763e-10	3.256e-07	-3.2532e-07	-9.2464e-10	5.998400000000001e-10	2.7628e-10	3.2444e-07	-3.2444e-07	-7.5906e-10	6e-10	2.7156000000000004e-10	3.2414e-07	-3.2436e-07	-5.960900000000001e-10	6.005400000000001e-10	2.6369e-10	3.2396e-07	-3.2436e-07	-4.287e-10	5.986100000000001e-10	2.6287000000000004e-10	3.2482e-07	-3.2526e-07	-2.508e-10	6.002000000000001e-10	2.5897000000000004e-10	3.2464e-07	-3.2532e-07	-4.7580000000000005e-11	5.9746e-10	2.5545000000000003e-10	3.2438e-07	-3.2518e-07	1.5740000000000002e-10	5.795200000000001e-10	2.5562000000000004e-10	3.2322e-07	-3.2418e-07
1.015	-1.549e-09	2.515e-10	4.6771e-10	3.2678e-07	-3.26e-07	-1.3864e-09	5.070300000000001e-10	3.3713e-10	3.26e-07	-3.255e-07	-1.2441e-09	5.5465e-10	3.0438000000000004e-10	3.257e-07	-3.2534e-07	-1.0845e-09	5.755900000000001e-10	2.9097000000000003e-10	3.2558e-07	-3.2536e-07	-9.2604e-10	5.804600000000001e-10	2.8182e-10	3.245e-07	-3.243e-07	-7.548200000000001e-10	5.848800000000001e-10	2.7853e-10	3.2424e-07	-3.2442e-07	-5.875700000000001e-10	5.866900000000001e-10	2.7151000000000003e-10	3.2396e-07	-3.243e-07	-4.1228000000000005e-10	5.853400000000001e-10	2.6917e-10	3.2486e-07	-3.2522e-07	-2.4202e-10	5.842800000000001e-10	2.6177e-10	3.2458e-07	-3.2528e-07	-4.854e-11	5.8365e-10	2.6104e-10	3.2464e-07	-3.2522e-07	1.6493000000000002e-10	5.674800000000001e-10	2.6259e-10	3.2326e-07	-3.2434e-07
1.01	-1.5325e-09	2.4526000000000004e-10	4.6932e-10	3.267e-07	-3.2588e-07	-1.3832e-09	4.8973e-10	3.3607e-10	3.2594e-07	-3.255e-07	-1.2386e-09	5.3982e-10	3.0839e-10	3.257e-07	-3.2524e-07	-1.0768e-09	5.5983e-10	2.9451e-10	3.2554e-07	-3.253e-07	-9.1512e-10	5.652000000000001e-10	2.8743e-10	3.2442e-07	-3.2434e-07	-7.5234e-10	5.6833e-10	2.8578e-10	3.2424e-07	-3.2438e-07	-5.8882e-10	5.7017e-10	2.7882e-10	3.2402e-07	-3.2422e-07	-4.1488e-10	5.7028e-10	2.7261e-10	3.2486e-07	-3.2532e-07	-2.358e-10	5.7158e-10	2.6233e-10	3.2478e-07	-3.2532e-07	-4.851e-11	5.6416e-10	2.6994e-10	3.244e-07	-3.252e-07	1.6104000000000002e-10	5.4973e-10	2.6985e-10	3.2256e-07	-3.2352e-07
1.005	-1.5377e-09	2.3684000000000003e-10	4.743800000000001e-10	3.2672e-07	-3.259e-07	-1.3784e-09	4.7728e-10	3.4576e-10	3.2596e-07	-3.2542e-07	-1.2315e-09	5.2624e-10	3.1136000000000005e-10	3.257e-07	-3.2536e-07	-1.0776e-09	5.447600000000001e-10	2.9882e-10	3.256e-07	-3.2566e-07	-9.091499999999999e-10	5.5168e-10	2.8892e-10	3.2442e-07	-3.2436e-07	-7.429500000000001e-10	5.5098e-10	2.866e-10	3.2364e-07	-3.238e-07	-5.7878e-10	5.520600000000001e-10	2.7957e-10	3.24e-07	-3.2434e-07	-4.1504000000000005e-10	5.534500000000001e-10	2.8203e-10	3.248e-07	-3.2524e-07	-2.3422e-10	5.561500000000001e-10	2.7837000000000004e-10	3.2466e-07	-3.2522e-07	-3.887e-11	5.4915e-10	2.6974000000000004e-10	3.2442e-07	-3.252e-07	1.6853e-10	5.314400000000001e-10	2.7062000000000004e-10	3.233e-07	-3.2418e-07
1.0	-1.5355e-09	2.2191e-10	4.7877e-10	3.2678e-07	-3.259e-07	-1.3765e-09	4.6368000000000005e-10	3.4831e-10	3.2594e-07	-3.2536e-07	-1.2251e-09	5.130600000000001e-10	3.2410000000000005e-10	3.2572e-07	-3.2536e-07	-1.0701e-09	5.3177e-10	3.0789e-10	3.2558e-07	-3.2532e-07	-9.094399999999999e-10	5.367e-10	3.0200000000000004e-10	3.2444e-07	-3.2444e-07	-7.4084e-10	5.4005e-10	2.9494e-10	3.2432e-07	-3.244e-07	-5.7033e-10	5.397900000000001e-10	2.8878e-10	3.241e-07	-3.2426e-07	-4.0683e-10	5.374800000000001e-10	2.8026e-10	3.2486e-07	-3.2526e-07	-2.3659e-10	5.3811e-10	2.8283000000000005e-10	3.2464e-07	-3.252e-07	-3.074e-11	5.3648e-10	2.7512000000000003e-10	3.244e-07	-3.2514e-07	1.8048e-10	5.2125e-10	2.7498e-10	3.2316e-07	-3.242e-07
0.995	-1.5159e-09	2.1295000000000002e-10	4.871800000000001e-10	3.2674e-07	-3.2588e-07	-1.3702e-09	4.5012e-10	3.5973e-10	3.2596e-07	-3.2534e-07	-1.222e-09	4.9541e-10	3.2546000000000003e-10	3.2578e-07	-3.2538e-07	-1.0682e-09	5.1526e-10	3.1297e-10	3.2558e-07	-3.254e-07	-9.0501e-10	5.179500000000001e-10	3.0253000000000004e-10	3.2448e-07	-3.2428e-07	-7.4139e-10	5.2296e-10	2.9913000000000003e-10	3.2422e-07	-3.243e-07	-5.706500000000001e-10	5.252200000000001e-10	2.936e-10	3.241e-07	-3.2432e-07	-3.9696e-10	5.2573e-10	2.8747000000000004e-10	3.2482e-07	-3.2526e-07	-2.1973000000000003e-10	5.2336e-10	2.8373e-10	3.2462e-07	-3.2516e-07	-3.2860000000000003e-11	5.2142e-10	2.8576e-10	3.2444e-07	-3.252e-07	1.7877000000000002e-10	5.0787e-10	2.8258e-10	3.2262e-07	-3.2426e-07
0.99	-1.5102e-09	2.07e-10	4.8356e-10	3.2672e-07	-3.259e-07	-1.3581e-09	4.3529000000000006e-10	3.5948000000000003e-10	3.2592e-07	-3.255e-07	-1.2145e-09	4.836500000000001e-10	3.3149e-10	3.258e-07	-3.2528e-07	-1.0641e-09	5.009700000000001e-10	3.1435e-10	3.256e-07	-3.2526e-07	-8.898900000000001e-10	5.0687e-10	3.1028000000000004e-10	3.2444e-07	-3.2442e-07	-7.2836e-10	5.0888e-10	3.0373000000000005e-10	3.2428e-07	-3.2436e-07	-5.633e-10	5.0988e-10	2.9693000000000003e-10	3.241e-07	-3.243e-07	-4.0219e-10	5.112400000000001e-10	2.9804000000000004e-10	3.2482e-07	-3.2518e-07	-2.1568e-10	5.133600000000001e-10	2.8963e-10	3.2462e-07	-3.2516e-07	-2.7360000000000003e-11	5.039800000000001e-10	2.8823000000000005e-10	3.244e-07	-3.2516e-07	1.8292000000000003e-10	4.9061e-10	2.9441e-10	3.2326e-07	-3.2426e-07
0.985	-1.5153e-09	1.957e-10	4.9109e-10	3.2668e-07	-3.2584e-07	-1.3527e-09	4.2484000000000005e-10	3.6603e-10	3.259e-07	-3.254e-07	-1.2089e-09	4.7188e-10	3.3606000000000003e-10	3.2572e-07	-3.2528e-07	-1.0556e-09	4.9022e-10	3.265e-10	3.2562e-07	-3.253e-07	-8.9152e-10	4.9601e-10	3.1587e-10	3.2444e-07	-3.244e-07	-7.306300000000001e-10	4.977e-10	3.0699000000000004e-10	3.2434e-07	-3.238e-07	-5.6025e-10	4.974000000000001e-10	2.9951000000000003e-10	3.241e-07	-3.2422e-07	-3.9561e-10	4.935700000000001e-10	2.9738e-10	3.248e-07	-3.253e-07	-2.1898000000000003e-10	4.9606e-10	2.9706e-10	3.2476e-07	-3.2526e-07	-1.4610000000000002e-11	4.934700000000001e-10	2.9095e-10	3.2446e-07	-3.251e-07	1.9972e-10	4.757300000000001e-10	3.0134e-10	3.2322e-07	-3.2422e-07
0.98	-1.5064e-09	1.83e-10	4.962e-10	3.267e-07	-3.2584e-07	-1.3538e-09	4.1329e-10	3.7505e-10	3.2602e-07	-3.2542e-07	-1.2061e-09	4.5787e-10	3.4190000000000003e-10	3.257e-07	-3.2536e-07	-1.0532e-09	4.7475e-10	3.2799e-10	3.257e-07	-3.2554e-07	-8.9135e-10	4.793100000000001e-10	3.1822e-10	3.2446e-07	-3.2434e-07	-7.2656e-10	4.847100000000001e-10	3.1693e-10	3.242e-07	-3.2442e-07	-5.5536e-10	4.853600000000001e-10	3.085e-10	3.2396e-07	-3.2428e-07	-3.8045e-10	4.842400000000001e-10	3.0624e-10	3.2474e-07	-3.2524e-07	-2.1046e-10	4.8245e-10	2.9929e-10	3.247e-07	-3.2526e-07	-1.7200000000000003e-11	4.8174e-10	2.9834000000000003e-10	3.2442e-07	-3.2524e-07	2.0886e-10	4.6519e-10	3.0383e-10	3.2328e-07	-3.2416e-07
0.975	-1.4901e-09	1.7828e-10	4.942200000000001e-10	3.2672e-07	-3.2596e-07	-1.347e-09	3.9834e-10	3.7414e-10	3.26e-07	-3.2542e-07	-1.2032e-09	4.4483000000000006e-10	3.4489000000000004e-10	3.2584e-07	-3.2538e-07	-1.0472e-09	4.6296e-10	3.3275e-10	3.256e-07	-3.2532e-07	-8.807900000000001e-10	4.6838e-10	3.2114000000000004e-10	3.245e-07	-3.2436e-07	-7.2257e-10	4.682200000000001e-10	3.1922e-10	3.2364e-07	-3.237e-07	-5.573900000000001e-10	4.716300000000001e-10	3.1386000000000004e-10	3.2408e-07	-3.243e-07	-3.7986e-10	4.7148e-10	3.0949000000000003e-10	3.2488e-07	-3.2526e-07	-2.0218e-10	4.7202e-10	3.0094000000000005e-10	3.2464e-07	-3.252e-07	-1.4290000000000002e-11	4.6539e-10	3.0102e-10	3.244e-07	-3.2548e-07	1.9912e-10	4.5092e-10	2.9748000000000004e-10	3.232e-07	-3.2428e-07
0.97	-1.4945e-09	1.7156000000000003e-10	4.9941e-10	3.2664e-07	-3.258e-07	-1.3359e-09	3.8885e-10	3.7494000000000005e-10	3.2602e-07	-3.2576e-07	-1.2e-09	4.3329e-10	3.5116e-10	3.2584e-07	-3.2532e-07	-1.0481e-09	4.5114000000000006e-10	3.3188000000000005e-10	3.2564e-07	-3.254e-07	-8.778000000000001e-10	4.5739e-10	3.2510000000000005e-10	3.243e-07	-3.244e-07	-7.142700000000001e-10	4.575e-10	3.1993e-10	3.2436e-07	-3.2438e-07	-5.5196e-10	4.575e-10	3.135e-10	3.2408e-07	-3.2422e-07	-3.7925e-10	4.5682e-10	3.1523e-10	3.2488e-07	-3.253e-07	-1.9867e-10	4.6033000000000005e-10	3.103e-10	3.2472e-07	-3.2524e-07	-1.6600000000000002e-12	4.5408000000000005e-10	3.0318000000000003e-10	3.2474e-07	-3.2554e-07	2.0621e-10	4.4033e-10	3.0027000000000004e-10	3.2322e-07	-3.2416e-07
0.965	-1.4969e-09	1.5963000000000002e-10	5.0651e-10	3.2654e-07	-3.2586e-07	-1.3397e-09	3.7794e-10	3.818e-10	3.2602e-07	-3.2538e-07	-1.1935e-09	4.2274e-10	3.6066e-10	3.258e-07	-3.2538e-07	-1.0384e-09	4.398e-10	3.471e-10	3.2566e-07	-3.2532e-07	-8.7885e-10	4.4438e-10	3.4143000000000003e-10	3.244e-07	-3.244e-07	-7.0767e-10	4.4703000000000006e-10	3.3054000000000003e-10	3.244e-07	-3.2448e-07	-5.4227e-10	4.4748e-10	3.2227e-10	3.2406e-07	-3.2424e-07	-3.6779e-10	4.4477000000000006e-10	3.1500000000000005e-10	3.2492e-07	-3.2518e-07	-2.0098e-10	4.4506e-10	3.1489000000000004e-10	3.2468e-07	-3.2522e-07	1.41e-12	4.4391e-10	3.0996000000000003e-10	3.2444e-07	-3.2524e-07	2.1376e-10	4.324e-10	3.0705000000000004e-10	3.2326e-07	-3.243e-07
0.96	-1.4804e-09	1.4855000000000002e-10	5.0688e-10	3.2662e-07	-3.2576e-07	-1.3371e-09	3.6571e-10	3.899e-10	3.2596e-07	-3.254e-07	-1.1911e-09	4.0826000000000005e-10	3.6124e-10	3.2578e-07	-3.2536e-07	-1.0426e-09	4.2705e-10	3.4491e-10	3.2556e-07	-3.2538e-07	-8.7221e-10	4.2918e-10	3.3925000000000004e-10	3.2446e-07	-3.2434e-07	-7.114e-10	4.3232e-10	3.3574e-10	3.244e-07	-3.2436e-07	-5.406000000000001e-10	4.3494000000000005e-10	3.2697e-10	3.24e-07	-3.2424e-07	-3.6497e-10	4.3537e-10	3.2270000000000003e-10	3.2488e-07	-3.2524e-07	-1.8419e-10	4.3300000000000006e-10	3.1752e-10	3.2468e-07	-3.2518e-07	-2.2000000000000002e-13	4.2943e-10	3.1809000000000004e-10	3.2438e-07	-3.2524e-07	2.0618e-10	4.1947000000000005e-10	3.1198000000000004e-10	3.2328e-07	-3.2422e-07
0.955	-1.4716e-09	1.4389e-10	5.0799e-10	3.2658e-07	-3.2584e-07	-1.3301e-09	3.5339e-10	3.8743e-10	3.2594e-07	-3.254e-07	-1.1849e-09	3.9796e-10	3.6572e-10	3.2578e-07	-3.2528e-07	-1.0346e-09	4.1375e-10	3.4952e-10	3.2554e-07	-3.2534e-07	-8.6404e-10	4.1955e-10	3.4443e-10	3.2446e-07	-3.2442e-07	-6.999e-10	4.2044000000000005e-10	3.3522e-10	3.2426e-07	-3.2442e-07	-5.320900000000001e-10	4.2162e-10	3.3436e-10	3.2408e-07	-3.2428e-07	-3.684e-10	4.2152e-10	3.3082e-10	3.2474e-07	-3.253e-07	-1.8146e-10	4.24e-10	3.2490000000000004e-10	3.2468e-07	-3.2526e-07	8.990000000000003e-12	4.1686000000000005e-10	3.1938000000000004e-10	3.2446e-07	-3.2526e-07	2.12e-10	4.0447000000000005e-10	3.1728e-10	3.2334e-07	-3.2424e-07
0.95	-1.4744e-09	1.3602e-10	5.1655e-10	3.266e-07	-3.2578e-07	-1.3237e-09	3.4526e-10	3.9590000000000005e-10	3.2596e-07	-3.2542e-07	-1.1798e-09	3.8748e-10	3.7165e-10	3.2578e-07	-3.2542e-07	-1.0284e-09	4.0493e-10	3.5812e-10	3.2556e-07	-3.253e-07	-8.6818e-10	4.1125000000000005e-10	3.4626e-10	3.2442e-07	-3.2434e-07	-6.9831e-10	4.1249e-10	3.4125000000000004e-10	3.2426e-07	-3.2446e-07	-5.273e-10	4.1145e-10	3.3258e-10	3.2406e-07	-3.2428e-07	-3.5924000000000004e-10	4.0845e-10	3.2899e-10	3.2488e-07	-3.2526e-07	-1.8529e-10	4.0973e-10	3.2999e-10	3.2464e-07	-3.2528e-07	2.021e-11	4.0755000000000006e-10	3.2527e-10	3.2446e-07	-3.2522e-07	2.313e-10	3.9534000000000005e-10	3.2392e-10	3.2332e-07	-3.2428e-07
0.945	-1.4767e-09	1.2397e-10	5.1808e-10	3.2666e-07	-3.2578e-07	-1.3246e-09	3.3558000000000004e-10	4.0174000000000005e-10	3.2592e-07	-3.2548e-07	-1.1763e-09	3.7578e-10	3.7555e-10	3.2582e-07	-3.2546e-07	-1.0248e-09	3.9248e-10	3.6408000000000005e-10	3.2556e-07	-3.2534e-07	-8.6687e-10	3.9669000000000005e-10	3.5142e-10	3.2446e-07	-3.2438e-07	-6.970000000000001e-10	3.9966e-10	3.4888000000000004e-10	3.2434e-07	-3.2438e-07	-5.225200000000001e-10	4.0124000000000005e-10	3.4436000000000004e-10	3.2406e-07	-3.2428e-07	-3.4855e-10	4.009e-10	3.3677e-10	3.2482e-07	-3.252e-07	-1.7141e-10	3.9666000000000006e-10	3.3176e-10	3.247e-07	-3.2524e-07	1.6430000000000002e-11	3.9649e-10	3.2889000000000004e-10	3.2446e-07	-3.2518e-07	2.3321e-10	3.8659e-10	3.3541000000000003e-10	3.2332e-07	-3.2428e-07
0.94	-1.4616e-09	1.1642e-10	5.1702e-10	3.2662e-07	-3.2576e-07	-1.3211e-09	3.2240000000000004e-10	4.0571e-10	3.2602e-07	-3.2536e-07	-1.1719e-09	3.6484e-10	3.7708e-10	3.2578e-07	-3.2536e-07	-1.0204e-09	3.8113e-10	3.6504e-10	3.2558e-07	-3.2538e-07	-8.5258e-10	3.8746e-10	3.5907000000000003e-10	3.2456e-07	-3.2442e-07	-6.887300000000001e-10	3.8649e-10	3.523e-10	3.2436e-07	-3.2446e-07	-5.2177e-10	3.8916e-10	3.4692000000000003e-10	3.2404e-07	-3.243e-07	-3.5372000000000005e-10	3.8907e-10	3.3992e-10	3.2488e-07	-3.2522e-07	-1.6600000000000002e-10	3.9017e-10	3.3308e-10	3.2468e-07	-3.2518e-07	1.926e-11	3.8329e-10	3.3282000000000005e-10	3.244e-07	-3.2524e-07	2.3432e-10	3.7037e-10	3.3777e-10	3.2334e-07	-3.2428e-07
0.935	-1.4608e-09	1.1096e-10	5.156000000000001e-10	3.266e-07	-3.2574e-07	-1.3112e-09	3.1407000000000003e-10	4.0865e-10	3.2598e-07	-3.2546e-07	-1.1689e-09	3.5516000000000004e-10	3.8195e-10	3.2578e-07	-3.2526e-07	-1.0179e-09	3.7129e-10	3.647e-10	3.2568e-07	-3.253e-07	-8.489e-10	3.7832e-10	3.626e-10	3.2444e-07	-3.2442e-07	-6.850300000000001e-10	3.7822e-10	3.5340000000000004e-10	3.244e-07	-3.2436e-07	-5.1704e-10	3.7774e-10	3.4774000000000003e-10	3.2416e-07	-3.2422e-07	-3.4566e-10	3.7568e-10	3.4505e-10	3.249e-07	-3.2522e-07	-1.6794000000000002e-10	3.7856e-10	3.4447e-10	3.246e-07	-3.2522e-07	3.3740000000000004e-11	3.7319e-10	3.3592e-10	3.2446e-07	-3.252e-07	2.4624e-10	3.6045e-10	3.3151000000000003e-10	3.2332e-07	-3.243e-07
0.93	-1.4644e-09	1.0095e-10	5.288500000000001e-10	3.2654e-07	-3.2576e-07	-1.309e-09	3.0455000000000005e-10	4.1227e-10	3.2602e-07	-3.2538e-07	-1.1636e-09	3.4544e-10	3.8785e-10	3.2582e-07	-3.2536e-07	-1.0109e-09	3.6226000000000005e-10	3.7449e-10	3.2554e-07	-3.2534e-07	-8.4836e-10	3.6586e-10	3.6999e-10	3.2446e-07	-3.2436e-07	-6.797300000000001e-10	3.6932e-10	3.6398e-10	3.2434e-07	-3.244e-07	-5.1282e-10	3.6919000000000005e-10	3.5528000000000004e-10	3.241e-07	-3.2424e-07	-3.3442e-10	3.6653e-10	3.445e-10	3.2484e-07	-3.2524e-07	-1.6340000000000003e-10	3.6466e-10	3.4061000000000003e-10	3.2462e-07	-3.2526e-07	3.296e-11	3.6552000000000005e-10	3.4182e-10	3.245e-07	-3.2526e-07	2.4621e-10	3.5503e-10	3.4052000000000003e-10	3.2332e-07	-3.2424e-07
0.925	-1.4503e-09	9.004e-11	5.302100000000001e-10	3.2654e-07	-3.257e-07	-1.3053e-09	2.9469000000000004e-10	4.1891000000000006e-10	3.2596e-07	-3.2542e-07	-1.1626e-09	3.3424000000000003e-10	3.889e-10	3.2578e-07	-3.253e-07	-1.0116e-09	3.5020000000000004e-10	3.7852000000000005e-10	3.2564e-07	-3.2532e-07	-8.4095e-10	3.5311000000000003e-10	3.6749e-10	3.2446e-07	-3.2434e-07	-6.7912e-10	3.5582e-10	3.639e-10	3.2436e-07	-3.2448e-07	-5.1274e-10	3.582e-10	3.5821000000000005e-10	3.2392e-07	-3.2362e-07	-3.3635000000000003e-10	3.5728000000000003e-10	3.5117000000000004e-10	3.249e-07	-3.2524e-07	-1.5294000000000002e-10	3.5785e-10	3.5042e-10	3.2464e-07	-3.2524e-07	3.098e-11	3.5061000000000004e-10	3.4800000000000004e-10	3.245e-07	-3.252e-07	2.4726000000000003e-10	3.4185e-10	3.4879000000000004e-10	3.2428e-07	-3.252e-07
0.92	-1.4367e-09	8.567000000000001e-11	5.299800000000001e-10	3.2664e-07	-3.2582e-07	-1.3015e-09	2.8325000000000003e-10	4.1811e-10	3.2596e-07	-3.2538e-07	-1.1542e-09	3.2489e-10	3.9835e-10	3.2582e-07	-3.2542e-07	-1.0035e-09	3.3936e-10	3.7833e-10	3.256e-07	-3.253e-07	-8.334300000000001e-10	3.4643e-10	3.726e-10	3.245e-07	-3.2438e-07	-6.6986e-10	3.4597000000000005e-10	3.6487e-10	3.2438e-07	-3.2436e-07	-5.055500000000001e-10	3.4587e-10	3.6104e-10	3.2406e-07	-3.2428e-07	-3.3789e-10	3.4475e-10	3.5731000000000003e-10	3.2486e-07	-3.2532e-07	-1.5476000000000002e-10	3.4733000000000003e-10	3.5275000000000005e-10	3.2468e-07	-3.2532e-07	4.261e-11	3.4072000000000004e-10	3.4902e-10	3.2448e-07	-3.2526e-07	2.5442000000000004e-10	3.2988e-10	3.5293000000000004e-10	3.2424e-07	-3.2518e-07
0.915	-1.4412e-09	7.745e-11	5.3752e-10	3.2654e-07	-3.257e-07	-1.296e-09	2.7684e-10	4.2602e-10	3.2602e-07	-3.2544e-07	-1.152e-09	3.1633000000000003e-10	3.9980000000000006e-10	3.2584e-07	-3.2542e-07	-1.0013e-09	3.3100000000000005e-10	3.8288e-10	3.2566e-07	-3.2538e-07	-8.419400000000001e-10	3.3686e-10	3.8171e-10	3.2452e-07	-3.244e-07	-6.7186e-10	3.3745e-10	3.7014e-10	3.2422e-07	-3.244e-07	-5.0134e-10	3.3886e-10	3.6546000000000005e-10	3.241e-07	-3.2424e-07	-3.2576e-10	3.3339e-10	3.5728000000000003e-10	3.249e-07	-3.252e-07	-1.5582e-10	3.3471000000000003e-10	3.5868000000000005e-10	3.2464e-07	-3.252e-07	4.96e-11	3.3469e-10	3.5340000000000004e-10	3.2448e-07	-3.252e-07	2.6005e-10	3.2185000000000003e-10	3.4717e-10	3.2426e-07	-3.2522e-07
0.91	-1.4438e-09	6.695e-11	5.4568e-10	3.2658e-07	-3.2576e-07	-1.2963e-09	2.6748000000000004e-10	4.3085e-10	3.2598e-07	-3.2546e-07	-1.1433e-09	3.0466e-10	4.064e-10	3.2582e-07	-3.2538e-07	-9.957e-10	3.2088000000000003e-10	3.936e-10	3.2554e-07	-3.253e-07	-8.3549e-10	3.2337000000000004e-10	3.816e-10	3.245e-07	-3.2442e-07	-6.699300000000001e-10	3.2636000000000005e-10	3.7672e-10	3.2438e-07	-3.2442e-07	-4.9318e-10	3.2808e-10	3.7366e-10	3.2414e-07	-3.2436e-07	-3.1888000000000004e-10	3.2889000000000004e-10	3.6486e-10	3.2492e-07	-3.2518e-07	-1.4248e-10	3.2613000000000004e-10	3.5824000000000005e-10	3.2464e-07	-3.252e-07	4.7250000000000005e-11	3.2252000000000004e-10	3.5930000000000004e-10	3.2442e-07	-3.2518e-07	2.5908e-10	3.1586000000000003e-10	3.6003000000000005e-10	3.2422e-07	-3.2514e-07
0.905	-1.4259e-09	5.918000000000001e-11	5.458300000000001e-10	3.2648e-07	-3.2572e-07	-1.2895e-09	2.5618000000000004e-10	4.3609e-10	3.2592e-07	-3.2538e-07	-1.1429e-09	2.9536e-10	4.0384e-10	3.2576e-07	-3.2536e-07	-9.922e-10	3.1185e-10	3.994e-10	3.2552e-07	-3.2528e-07	-8.2119e-10	3.1682000000000005e-10	3.8479e-10	3.2454e-07	-3.244e-07	-6.618900000000001e-10	3.1585e-10	3.7794e-10	3.2436e-07	-3.2436e-07	-4.919e-10	3.1772e-10	3.7148e-10	3.2414e-07	-3.2422e-07	-3.2389e-10	3.1678e-10	3.6968e-10	3.249e-07	-3.2524e-07	-1.35e-10	3.1909000000000003e-10	3.6851000000000005e-10	3.2458e-07	-3.2518e-07	5.2320000000000006e-11	3.1176e-10	3.6099e-10	3.245e-07	-3.253e-07	2.6303e-10	3.0194000000000005e-10	3.6276000000000005e-10	3.2416e-07	-3.252e-07
0.9	-1.4194e-09	5.4360000000000007e-11	5.464700000000001e-10	3.2654e-07	-3.2576e-07	-1.2806e-09	2.4705000000000004e-10	4.3794e-10	3.2596e-07	-3.2546e-07	-1.1382e-09	2.8702e-10	4.0847e-10	3.2588e-07	-3.2538e-07	-9.9043e-10	3.0088e-10	3.9552000000000005e-10	3.256e-07	-3.2526e-07	-8.2363e-10	3.0872000000000005e-10	3.8992e-10	3.2446e-07	-3.2444e-07	-6.5647e-10	3.0923000000000003e-10	3.8205e-10	3.2438e-07	-3.2444e-07	-4.8699e-10	3.078e-10	3.759e-10	3.2414e-07	-3.2434e-07	-3.1406e-10	3.0608000000000004e-10	3.7355e-10	3.2488e-07	-3.2528e-07	-1.374e-10	3.0563e-10	3.7059e-10	3.247e-07	-3.2532e-07	6.504e-11	3.0317e-10	3.6065e-10	3.245e-07	-3.2532e-07	2.7477e-10	2.9306e-10	3.6076e-10	3.242e-07	-3.2512e-07
0.895	-1.4297e-09	4.5140000000000005e-11	5.606300000000001e-10	3.2686e-07	-3.2602e-07	-1.2774e-09	2.4008e-10	4.4072000000000006e-10	3.2594e-07	-3.2538e-07	-1.1343e-09	2.7795e-10	4.1379e-10	3.2572e-07	-3.2532e-07	-9.8386e-10	2.9336e-10	3.9933e-10	3.2554e-07	-3.2534e-07	-8.2369e-10	2.9707000000000004e-10	3.9711e-10	3.2452e-07	-3.2444e-07	-6.5492e-10	2.9867e-10	3.8973e-10	3.2428e-07	-3.2436e-07	-4.8179e-10	3.0032e-10	3.8439000000000006e-10	3.241e-07	-3.2424e-07	-3.0265000000000004e-10	2.9874000000000005e-10	3.7418000000000005e-10	3.249e-07	-3.2524e-07	-1.2921e-10	2.9565e-10	3.6947e-10	3.2458e-07	-3.2518e-07	6.621000000000001e-11	2.9638e-10	3.7299e-10	3.2446e-07	-3.2516e-07	2.711e-10	2.8711e-10	3.6896e-10	3.2416e-07	-3.251e-07
0.89	-1.4207e-09	3.4870000000000005e-11	5.5608e-10	3.2662e-07	-3.2572e-07	-1.2757e-09	2.3133e-10	4.4994000000000005e-10	3.259e-07	-3.254e-07	-1.1335e-09	2.6849e-10	4.1795e-10	3.2576e-07	-3.2536e-07	-9.7866e-10	2.8441e-10	4.0529000000000006e-10	3.2558e-07	-3.253e-07	-8.1074e-10	2.8701e-10	3.9475e-10	3.2458e-07	-3.2442e-07	-6.488000000000001e-10	2.8742000000000003e-10	3.8959000000000005e-10	3.2434e-07	-3.238e-07	-4.794900000000001e-10	2.8977e-10	3.8725e-10	3.2402e-07	-3.2432e-07	-3.0755000000000004e-10	2.9111000000000004e-10	3.8341e-10	3.249e-07	-3.2526e-07	-1.2216000000000002e-10	2.9075e-10	3.7449e-10	3.2494e-07	-3.2558e-07	6.327e-11	2.837e-10	3.7626000000000005e-10	3.236e-07	-3.2428e-07	2.7796000000000004e-10	2.7395e-10	3.7235e-10	3.242e-07	-3.251e-07
0.885	-1.4075e-09	2.9520000000000005e-11	5.7901e-10	3.2656e-07	-3.2572e-07	-1.2703e-09	2.2238e-10	4.4349e-10	3.2608e-07	-3.2544e-07	-1.1261e-09	2.5885000000000004e-10	4.1831e-10	3.2574e-07	-3.2526e-07	-9.7742e-10	2.7287e-10	4.0738e-10	3.2552e-07	-3.2524e-07	-8.062500000000001e-10	2.815e-10	4.0317e-10	3.245e-07	-3.2436e-07	-6.4191e-10	2.7940000000000004e-10	3.9519e-10	3.2438e-07	-3.2452e-07	-4.7464e-10	2.7934000000000004e-10	3.8981e-10	3.2408e-07	-3.243e-07	-3.0497000000000003e-10	2.7823000000000003e-10	3.8479e-10	3.2488e-07	-3.2536e-07	-1.2232e-10	2.8066000000000004e-10	3.7734e-10	3.247e-07	-3.252e-07	7.624e-11	2.7315000000000003e-10	3.7579000000000005e-10	3.2352e-07	-3.2422e-07	2.9086e-10	2.6527e-10	3.8221e-10	3.2416e-07	-3.2516e-07
0.88	-1.4109e-09	2.196e-11	5.6665e-10	3.2654e-07	-3.2572e-07	-1.2707e-09	2.1443000000000003e-10	4.4972e-10	3.2594e-07	-3.2528e-07	-1.1238e-09	2.5194e-10	4.2559e-10	3.2572e-07	-3.2534e-07	-9.7133e-10	2.6445e-10	4.1e-10	3.2558e-07	-3.2534e-07	-8.101200000000001e-10	2.7083000000000004e-10	4.0857e-10	3.2428e-07	-3.2434e-07	-6.418200000000001e-10	2.7262000000000004e-10	3.9794e-10	3.2436e-07	-3.2446e-07	-4.7026e-10	2.7229e-10	3.9067e-10	3.2346e-07	-3.243e-07	-2.9199000000000004e-10	2.7067e-10	3.865e-10	3.2496e-07	-3.2526e-07	-1.2233e-10	2.6930000000000004e-10	3.8015e-10	3.2466e-07	-3.2528e-07	7.903000000000001e-11	2.6962e-10	3.8462e-10	3.2344e-07	-3.2426e-07	2.9076000000000004e-10	2.5562000000000004e-10	3.8034000000000005e-10	3.2438e-07	-3.2542e-07
0.875	-1.4167e-09	1.067e-11	5.718400000000001e-10	3.2656e-07	-3.2578e-07	-1.2694e-09	2.0455e-10	4.5315e-10	3.2602e-07	-3.2542e-07	-1.1196e-09	2.4284e-10	4.3141e-10	3.2578e-07	-3.2532e-07	-9.685e-10	2.5759000000000004e-10	4.1778e-10	3.256e-07	-3.253e-07	-8.0141e-10	2.5909000000000003e-10	4.0813e-10	3.2452e-07	-3.244e-07	-6.4061e-10	2.6209e-10	4.0428e-10	3.2362e-07	-3.244e-07	-4.6854e-10	2.6452000000000003e-10	4.0172e-10	3.241e-07	-3.2428e-07	-2.9021e-10	2.6475000000000004e-10	3.9301e-10	3.2496e-07	-3.2536e-07	-1.1186000000000001e-10	2.6126000000000004e-10	3.8369000000000005e-10	3.2466e-07	-3.255e-07	7.578000000000001e-11	2.5713e-10	3.8244e-10	3.2358e-07	-3.2434e-07	2.8806000000000004e-10	2.4881000000000004e-10	3.8285e-10	3.2424e-07	-3.2518e-07
0.87	-1.3988e-09	1.7600000000000002e-12	5.751200000000001e-10	3.2656e-07	-3.2578e-07	-1.2665e-09	1.9617e-10	4.5298e-10	3.2594e-07	-3.2538e-07	-1.1196e-09	2.3248e-10	4.3063e-10	3.2578e-07	-3.2524e-07	-9.6289e-10	2.4732000000000003e-10	4.1984e-10	3.256e-07	-3.2532e-07	-7.9408e-10	2.5376e-10	4.0874e-10	3.2454e-07	-3.238e-07	-6.3168e-10	2.5219000000000004e-10	4.0461e-10	3.238e-07	-3.2436e-07	-4.6528e-10	2.5396e-10	3.9844e-10	3.2406e-07	-3.243e-07	-2.9384000000000004e-10	2.5238e-10	4.0604e-10	3.2486e-07	-3.2524e-07	-1.0715e-10	2.555e-10	3.9328e-10	3.246e-07	-3.2526e-07	8.582e-11	2.4771e-10	3.8785e-10	3.2346e-07	-3.2416e-07	2.9402000000000004e-10	2.3938e-10	3.9232000000000005e-10	3.2426e-07	-3.2514e-07
0.865	-1.3908e-09	-1.7600000000000002e-12	5.740000000000001e-10	3.2652e-07	-3.2578e-07	-1.259e-09	1.8973000000000003e-10	4.5946e-10	3.2596e-07	-3.2536e-07	-1.114e-09	2.2461e-10	4.3576000000000005e-10	3.2576e-07	-3.2528e-07	-9.5946e-10	2.3977000000000004e-10	4.2332e-10	3.257e-07	-3.2524e-07	-7.9836e-10	2.4541000000000003e-10	4.1538e-10	3.2452e-07	-3.2436e-07	-6.2365e-10	2.4726000000000003e-10	4.0905000000000005e-10	3.243e-07	-3.2436e-07	-4.5851000000000005e-10	2.4603000000000003e-10	4.0258e-10	3.2416e-07	-3.2434e-07	-2.8517e-10	2.4346e-10	3.9775000000000005e-10	3.248e-07	-3.2528e-07	-1.1027e-10	2.4368000000000003e-10	3.97e-10	3.2462e-07	-3.2522e-07	9.189e-11	2.4159000000000004e-10	3.8837e-10	3.2352e-07	-3.243e-07	3.0690000000000005e-10	2.3228e-10	3.8566e-10	3.2434e-07	-3.252e-07
0.86	-1.3995e-09	-9.42e-12	5.789300000000001e-10	3.2656e-07	-3.257e-07	-1.2508e-09	1.8157000000000003e-10	4.6696e-10	3.26e-07	-3.2542e-07	-1.1106e-09	2.1714e-10	4.41e-10	3.2572e-07	-3.254e-07	-9.5601e-10	2.3189e-10	4.2604e-10	3.2564e-07	-3.2538e-07	-7.9318e-10	2.3414000000000003e-10	4.2621e-10	3.2452e-07	-3.2442e-07	-6.264400000000001e-10	2.3667e-10	4.15e-10	3.2432e-07	-3.2442e-07	-4.5417000000000005e-10	2.3826e-10	4.0904e-10	3.2402e-07	-3.2426e-07	-2.7406000000000003e-10	2.3766000000000004e-10	3.9944e-10	3.2488e-07	-3.2526e-07	-9.767e-11	2.3155e-10	3.943e-10	3.2474e-07	-3.2524e-07	9.117e-11	2.3316e-10	3.9652e-10	3.2352e-07	-3.2422e-07	3.0009000000000005e-10	2.2391e-10	4.0141e-10	3.2422e-07	-3.252e-07
0.855	-1.4004e-09	-2.1700000000000003e-11	5.9064e-10	3.2652e-07	-3.2572e-07	-1.2566e-09	1.7148e-10	4.7499e-10	3.26e-07	-3.2544e-07	-1.1042e-09	2.083e-10	4.4251000000000006e-10	3.2578e-07	-3.2528e-07	-9.5447e-10	2.2309000000000003e-10	4.3076e-10	3.256e-07	-3.253e-07	-7.7939e-10	2.265e-10	4.2461000000000005e-10	3.2452e-07	-3.244e-07	-6.1779e-10	2.2744e-10	4.1442000000000005e-10	3.2434e-07	-3.2434e-07	-4.5039e-10	2.286e-10	4.1157e-10	3.241e-07	-3.2424e-07	-2.7895e-10	2.2894e-10	4.093e-10	3.2498e-07	-3.2532e-07	-8.936e-11	2.2904e-10	3.9942000000000005e-10	3.2464e-07	-3.2526e-07	9.36e-11	2.2235e-10	3.963e-10	3.2338e-07	-3.2422e-07	3.0496e-10	2.105e-10	3.9551e-10	3.2426e-07	-3.252e-07
0.85	-1.3826e-09	-2.9700000000000005e-11	5.915000000000001e-10	3.266e-07	-3.257e-07	-1.2488999999999999e-09	1.6242000000000002e-10	4.7172e-10	3.2594e-07	-3.2538e-07	-1.1005e-09	1.9930000000000003e-10	4.4452e-10	3.2578e-07	-3.2528e-07	-9.4984e-10	2.1336000000000003e-10	4.3211e-10	3.2564e-07	-3.2532e-07	-7.8175e-10	2.2133000000000003e-10	4.3283e-10	3.2454e-07	-3.2436e-07	-6.108700000000001e-10	2.2057e-10	4.1593e-10	3.2434e-07	-3.2436e-07	-4.4363000000000005e-10	2.1978e-10	4.1413000000000005e-10	3.2416e-07	-3.2424e-07	-2.741e-10	2.1714e-10	4.0773000000000005e-10	3.2486e-07	-3.2524e-07	-9.55e-11	2.1882000000000003e-10	4.0495e-10	3.2464e-07	-3.2516e-07	1.0832e-10	2.1472e-10	3.9988e-10	3.2358e-07	-3.2424e-07	3.2262e-10	2.0725e-10	3.9848000000000005e-10	3.2424e-07	-3.252e-07
0.845	-1.3797e-09	-3.2690000000000006e-11	5.909200000000001e-10	3.2656e-07	-3.2578e-07	-1.2346e-09	1.5535e-10	4.7639e-10	3.2596e-07	-3.2536e-07	-1.0991e-09	1.9356000000000003e-10	4.541e-10	3.2576e-07	-3.2526e-07	-9.4468e-10	2.0583000000000003e-10	4.3647e-10	3.256e-07	-3.2528e-07	-7.8056e-10	2.1022000000000002e-10	4.2989000000000005e-10	3.2454e-07	-3.2436e-07	-6.1002e-10	2.1241e-10	4.2214000000000005e-10	3.2402e-07	-3.2376e-07	-4.3749000000000006e-10	2.1233e-10	4.2754000000000006e-10	3.241e-07	-3.235e-07	-2.6413e-10	2.1002e-10	4.0725e-10	3.2494e-07	-3.2518e-07	-8.642000000000001e-11	2.0798e-10	4.0679000000000005e-10	3.247e-07	-3.2526e-07	1.0813e-10	2.0903000000000003e-10	4.0545e-10	3.2356e-07	-3.2428e-07	3.1928e-10	2.0019e-10	4.0245e-10	3.2422e-07	-3.2524e-07
0.84	-1.3878e-09	-4.472e-11	6.018300000000001e-10	3.2654e-07	-3.2574e-07	-1.2388e-09	1.4843000000000002e-10	4.736100000000001e-10	3.26e-07	-3.253e-07	-1.0936e-09	1.8457e-10	4.5531000000000005e-10	3.2568e-07	-3.2526e-07	-9.3673e-10	1.994e-10	4.4357000000000005e-10	3.256e-07	-3.2556e-07	-7.7166e-10	2.0171e-10	4.3085e-10	3.2446e-07	-3.2434e-07	-6.0573e-10	2.0255e-10	4.2461000000000005e-10	3.2438e-07	-3.2436e-07	-4.3870000000000005e-10	2.0397e-10	4.2264000000000005e-10	3.2404e-07	-3.2424e-07	-2.6639e-10	2.0627000000000003e-10	4.1839e-10	3.2504e-07	-3.2538e-07	-8.007e-11	2.0229e-10	4.1161e-10	3.2466e-07	-3.2516e-07	1.0552e-10	1.968e-10	4.0620000000000006e-10	3.2346e-07	-3.2416e-07	3.2275000000000005e-10	1.8728e-10	4.0875e-10	3.243e-07	-3.2528e-07
0.835	-1.3781e-09	-5.544e-11	6.0943e-10	3.2654e-07	-3.2568e-07	-1.2402e-09	1.3846e-10	4.7734e-10	3.2592e-07	-3.2532e-07	-1.0931e-09	1.7423e-10	4.5755e-10	3.2584e-07	-3.253e-07	-9.3858e-10	1.8825e-10	4.4155e-10	3.2564e-07	-3.2534e-07	-7.670300000000001e-10	1.9663e-10	4.3809e-10	3.2454e-07	-3.2438e-07	-5.9841e-10	1.9436e-10	4.2831e-10	3.2438e-07	-3.2436e-07	-4.3021000000000006e-10	1.9471e-10	4.2101e-10	3.2402e-07	-3.242e-07	-2.6318e-10	1.9316e-10	4.2118e-10	3.2498e-07	-3.2528e-07	-7.798000000000001e-11	1.9535e-10	4.209e-10	3.2458e-07	-3.2516e-07	1.2041e-10	1.8873e-10	4.103e-10	3.2354e-07	-3.2424e-07	3.2752e-10	1.8056e-10	4.0753e-10	3.2426e-07	-3.2518e-07
0.83	-1.367e-09	-5.854e-11	6.055400000000001e-10	3.2658e-07	-3.2572e-07	-1.2348e-09	1.3204000000000002e-10	4.749000000000001e-10	3.2596e-07	-3.2536e-07	-1.089e-09	1.6836e-10	4.6197000000000006e-10	3.2576e-07	-3.2534e-07	-9.298300000000001e-10	1.8153e-10	4.4713e-10	3.2562e-07	-3.2526e-07	-7.6875e-10	1.8639e-10	4.4116000000000006e-10	3.2452e-07	-3.2438e-07	-5.9434e-10	1.8946e-10	4.3466e-10	3.244e-07	-3.2434e-07	-4.2463e-10	1.8881e-10	4.3289e-10	3.2402e-07	-3.2424e-07	-2.5155e-10	1.862e-10	4.2659e-10	3.2492e-07	-3.2526e-07	-8.105e-11	1.8444e-10	4.2003000000000005e-10	3.2466e-07	-3.2518e-07	1.2193e-10	1.8191e-10	4.1388e-10	3.2352e-07	-3.2424e-07	3.3403000000000003e-10	1.7457000000000002e-10	4.1104e-10	3.2426e-07	-3.2518e-07
0.825	-1.3738e-09	-6.676000000000001e-11	6.138800000000001e-10	3.2658e-07	-3.2578e-07	-1.2369e-09	1.2318e-10	4.856000000000001e-10	3.2596e-07	-3.2542e-07	-1.083e-09	1.6051000000000002e-10	4.6300000000000006e-10	3.2584e-07	-3.2532e-07	-9.276499999999999e-10	1.7433e-10	4.5206e-10	3.2562e-07	-3.253e-07	-7.6165e-10	1.776e-10	4.4459e-10	3.245e-07	-3.2442e-07	-5.9624e-10	1.792e-10	4.3711000000000005e-10	3.2428e-07	-3.2436e-07	-4.2660000000000006e-10	1.8062e-10	4.3213e-10	3.2414e-07	-3.2436e-07	-2.4912e-10	1.8027e-10	4.2474e-10	3.249e-07	-3.2518e-07	-6.571000000000001e-11	1.7582000000000002e-10	4.1648e-10	3.247e-07	-3.2518e-07	1.2267e-10	1.7382000000000003e-10	4.1803000000000005e-10	3.2356e-07	-3.2386e-07	3.3116e-10	1.6522000000000003e-10	4.2178e-10	3.2434e-07	-3.252e-07
0.82	-1.3744e-09	-7.983000000000001e-11	6.202100000000001e-10	3.2652e-07	-3.2576e-07	-1.231e-09	1.149e-10	4.9525e-10	3.2594e-07	-3.2538e-07	-1.0795e-09	1.523e-10	4.7099e-10	3.2582e-07	-3.2534e-07	-9.1906e-10	1.6439e-10	4.5723e-10	3.2554e-07	-3.2532e-07	-7.5034e-10	1.7e-10	4.4168e-10	3.2452e-07	-3.2446e-07	-5.8884e-10	1.701e-10	4.3662e-10	3.2432e-07	-3.2436e-07	-4.208e-10	1.7064000000000002e-10	4.3550000000000005e-10	3.241e-07	-3.2428e-07	-2.5106e-10	1.7052000000000002e-10	4.316e-10	3.2484e-07	-3.2524e-07	-6.115e-11	1.7176e-10	4.2687000000000005e-10	3.248e-07	-3.253e-07	1.2462e-10	1.6341e-10	4.2588e-10	3.2354e-07	-3.2424e-07	3.343e-10	1.5307000000000002e-10	4.1867e-10	3.2422e-07	-3.2524e-07
0.815	-1.3538e-09	-8.562000000000001e-11	6.167400000000001e-10	3.2652e-07	-3.2572e-07	-1.222e-09	1.0578e-10	4.9022e-10	3.26e-07	-3.2538e-07	-1.0734e-09	1.4246000000000002e-10	4.684600000000001e-10	3.2576e-07	-3.2526e-07	-9.1929e-10	1.5723e-10	4.6079e-10	3.2566e-07	-3.253e-07	-7.5321e-10	1.6432e-10	4.5425000000000006e-10	3.2462e-07	-3.2436e-07	-5.8084e-10	1.6467e-10	4.4453e-10	3.2374e-07	-3.2376e-07	-4.15e-10	1.6372e-10	4.3649e-10	3.2412e-07	-3.2446e-07	-2.4404e-10	1.5999e-10	4.2958e-10	3.2488e-07	-3.253e-07	-6.888e-11	1.5973e-10	4.2562e-10	3.2472e-07	-3.252e-07	1.3875e-10	1.5696000000000002e-10	4.1896e-10	3.2352e-07	-3.2418e-07	3.5064000000000004e-10	1.4904e-10	4.2212e-10	3.2426e-07	-3.2518e-07
0.81	-1.352e-09	-9.039e-11	6.180900000000001e-10	3.2654e-07	-3.2562e-07	-1.2205e-09	9.924e-11	4.963900000000001e-10	3.2604e-07	-3.2536e-07	-1.0668e-09	1.3641000000000002e-10	4.7322e-10	3.2576e-07	-3.2536e-07	-9.1741e-10	1.4919e-10	4.5943e-10	3.2556e-07	-3.253e-07	-7.5271e-10	1.5197000000000002e-10	4.5141000000000005e-10	3.2456e-07	-3.2442e-07	-5.825700000000001e-10	1.5568000000000002e-10	4.4821000000000005e-10	3.2434e-07	-3.244e-07	-4.0983e-10	1.565e-10	4.4306e-10	3.2402e-07	-3.243e-07	-2.3096e-10	1.5493e-10	4.3413e-10	3.2488e-07	-3.2518e-07	-5.1910000000000005e-11	1.5041e-10	4.2752e-10	3.2468e-07	-3.252e-07	1.3552e-10	1.4985e-10	4.2975e-10	3.2346e-07	-3.243e-07	3.4772e-10	1.3946e-10	4.2621e-10	3.2424e-07	-3.2524e-07
0.805	-1.357e-09	-1.0033e-10	6.2847e-10	3.2654e-07	-3.257e-07	-1.2115e-09	9.319e-11	5.002800000000001e-10	3.2594e-07	-3.2542e-07	-1.0648e-09	1.2743000000000002e-10	4.783e-10	3.2576e-07	-3.2534e-07	-9.086899999999999e-10	1.438e-10	4.7023e-10	3.2558e-07	-3.2528e-07	-7.4054e-10	1.4664000000000002e-10	4.5175e-10	3.2456e-07	-3.2442e-07	-5.7408e-10	1.4652e-10	4.4859000000000005e-10	3.2378e-07	-3.2376e-07	-4.0877e-10	1.4731e-10	4.4317e-10	3.2408e-07	-3.2428e-07	-2.3839000000000004e-10	1.4778e-10	4.4268e-10	3.2488e-07	-3.2524e-07	-4.873e-11	1.4516000000000002e-10	4.2997e-10	3.2474e-07	-3.253e-07	1.362e-10	1.374e-10	4.2827e-10	3.2354e-07	-3.2422e-07	3.5568e-10	1.2861e-10	4.3483e-10	3.2424e-07	-3.2524e-07
0.8	-1.3492e-09	-1.1251e-10	6.3198e-10	3.2652e-07	-3.257e-07	-1.2115e-09	8.223000000000001e-11	5.0969e-10	3.2594e-07	-3.2538e-07	-1.061e-09	1.1937e-10	4.9102e-10	3.2578e-07	-3.253e-07	-9.116799999999999e-10	1.3229000000000002e-10	4.6929e-10	3.256e-07	-3.2528e-07	-7.397900000000001e-10	1.3992000000000002e-10	4.5691e-10	3.2398e-07	-3.2372e-07	-5.699000000000001e-10	1.3954000000000002e-10	4.4905e-10	3.2434e-07	-3.2442e-07	-4.0284e-10	1.3846e-10	4.4696e-10	3.2414e-07	-3.243e-07	-2.3421e-10	1.351e-10	4.4229e-10	3.249e-07	-3.253e-07	-5.081e-11	1.3624e-10	4.3521e-10	3.247e-07	-3.2526e-07	1.5373000000000002e-10	1.3149e-10	4.3169e-10	3.2356e-07	-3.2416e-07	3.6428e-10	1.217e-10	4.3205e-10	3.2416e-07	-3.252e-07
0.795	-1.3346e-09	-1.1621e-10	6.3907e-10	3.265e-07	-3.257e-07	-1.2072e-09	7.474e-11	5.1326e-10	3.2598e-07	-3.2538e-07	-1.0594e-09	1.1194e-10	4.8216e-10	3.2582e-07	-3.254e-07	-9.031699999999999e-10	1.2531e-10	4.693300000000001e-10	3.256e-07	-3.253e-07	-7.406600000000001e-10	1.2929e-10	4.6083000000000005e-10	3.2456e-07	-3.2436e-07	-5.643300000000001e-10	1.3243e-10	4.5522000000000006e-10	3.2432e-07	-3.2438e-07	-3.9425e-10	1.3304e-10	4.4757e-10	3.2418e-07	-3.2426e-07	-2.1753e-10	1.309e-10	4.4628e-10	3.2492e-07	-3.2532e-07	-4.6560000000000005e-11	1.2613e-10	4.3938e-10	3.2464e-07	-3.2524e-07	1.5370000000000002e-10	1.2526000000000002e-10	4.3799000000000006e-10	3.235e-07	-3.2428e-07	3.6627e-10	1.1584e-10	4.3523000000000006e-10	3.2426e-07	-3.252e-07
0.79	-1.3403e-09	-1.2333e-10	6.4127e-10	3.265e-07	-3.257e-07	-1.2084e-09	6.559e-11	5.179e-10	3.259e-07	-3.2538e-07	-1.0512e-09	1.0439e-10	4.8403e-10	3.2576e-07	-3.2532e-07	-8.9716e-10	1.1932e-10	4.7817e-10	3.257e-07	-3.2534e-07	-7.3327e-10	1.2119e-10	4.6731e-10	3.245e-07	-3.2438e-07	-5.6764e-10	1.2253000000000002e-10	4.5744e-10	3.2432e-07	-3.2436e-07	-3.9514e-10	1.2405e-10	4.5393000000000005e-10	3.2406e-07	-3.2428e-07	-2.1884e-10	1.2267e-10	4.4663e-10	3.2492e-07	-3.2522e-07	-3.4320000000000004e-11	1.1872e-10	4.381e-10	3.2468e-07	-3.2526e-07	1.551e-10	1.1359e-10	4.4e-10	3.2352e-07	-3.2418e-07	3.6342e-10	1.0521e-10	4.3954e-10	3.2424e-07	-3.2518e-07
0.785	-1.3427e-09	-1.3484000000000002e-10	6.519800000000001e-10	3.2646e-07	-3.2572e-07	-1.1992e-09	5.768e-11	5.3389e-10	3.2602e-07	-3.2546e-07	-1.0504e-09	9.624e-11	4.8516e-10	3.2572e-07	-3.2538e-07	-8.895400000000001e-10	1.0921e-10	4.786100000000001e-10	3.2566e-07	-3.253e-07	-7.224e-10	1.1427e-10	4.6508e-10	3.245e-07	-3.244e-07	-5.546400000000001e-10	1.144e-10	4.6507e-10	3.2436e-07	-3.244e-07	-3.8735e-10	1.132e-10	4.5227e-10	3.2406e-07	-3.2422e-07	-2.1815e-10	1.1254e-10	4.5592e-10	3.2492e-07	-3.2526e-07	-3.1450000000000005e-11	1.1319e-10	4.4753000000000006e-10	3.248e-07	-3.2536e-07	1.6023000000000002e-10	1.0562e-10	4.4181000000000005e-10	3.2346e-07	-3.2428e-07	3.6918e-10	9.344e-11	4.4133e-10	3.2432e-07	-3.2526e-07
0.78	-1.3307e-09	-1.437e-10	6.546100000000001e-10	3.2644e-07	-3.2576e-07	-1.1858e-09	4.537e-11	5.1967e-10	3.2602e-07	-3.254e-07	-1.044e-09	8.592000000000001e-11	4.8843e-10	3.2584e-07	-3.2526e-07	-8.8688e-10	1.0113e-10	4.808e-10	3.2558e-07	-3.2532e-07	-7.207700000000001e-10	1.0901e-10	4.720900000000001e-10	3.2452e-07	-3.2434e-07	-5.5262e-10	1.0943e-10	4.6848e-10	3.2432e-07	-3.2434e-07	-3.8186e-10	1.0762e-10	4.6022e-10	3.2394e-07	-3.2418e-07	-2.1174e-10	1.0364e-10	4.5215e-10	3.2488e-07	-3.2528e-07	-3.616e-11	1.003e-10	4.4704e-10	3.2468e-07	-3.2526e-07	1.7223e-10	9.841e-11	4.4213000000000005e-10	3.2354e-07	-3.2428e-07	3.8294e-10	8.772e-11	4.456e-10	3.2428e-07	-3.2518e-07
0.775	-1.3202e-09	-1.476e-10	6.561e-10	3.2648e-07	-3.2566e-07	-1.1952e-09	4.37e-11	5.202300000000001e-10	3.2598e-07	-3.2536e-07	-1.0334e-09	8.193e-11	5.0041e-10	3.259e-07	-3.2538e-07	-8.814e-10	9.326000000000001e-11	4.861200000000001e-10	3.2558e-07	-3.253e-07	-7.2239e-10	9.583e-11	4.7265e-10	3.2452e-07	-3.2434e-07	-5.5374e-10	9.711e-11	4.7288e-10	3.2432e-07	-3.2434e-07	-3.7808000000000005e-10	9.815e-11	4.6977e-10	3.2416e-07	-3.2428e-07	-2.0077e-10	9.729e-11	4.5677e-10	3.2492e-07	-3.2526e-07	-1.9550000000000003e-11	9.303e-11	4.4982000000000006e-10	3.247e-07	-3.252e-07	1.6709e-10	9.144000000000001e-11	4.5440000000000005e-10	3.235e-07	-3.2424e-07	3.79e-10	7.993e-11	4.4968e-10	3.2432e-07	-3.2524e-07
0.77	-1.332e-09	-1.5643000000000002e-10	6.6798e-10	3.2656e-07	-3.2566e-07	-1.1885e-09	3.5230000000000004e-11	5.297e-10	3.2596e-07	-3.2532e-07	-1.0363e-09	7.195000000000001e-11	5.0529e-10	3.2568e-07	-3.2528e-07	-8.792100000000001e-10	8.662e-11	4.891700000000001e-10	3.2552e-07	-3.2532e-07	-7.047400000000001e-10	9.113e-11	4.7463e-10	3.2458e-07	-3.2436e-07	-5.427e-10	8.973000000000001e-11	4.7325e-10	3.2428e-07	-3.244e-07	-3.7328e-10	8.993e-11	4.669200000000001e-10	3.2412e-07	-3.2428e-07	-2.0529e-10	9.011e-11	4.6574e-10	3.249e-07	-3.2524e-07	-1.67e-11	8.779e-11	4.5927000000000006e-10	3.2468e-07	-3.2514e-07	1.7035e-10	7.788e-11	4.5304e-10	3.2358e-07	-3.2428e-07	3.887e-10	6.783e-11	4.4985000000000005e-10	3.243e-07	-3.2516e-07
0.765	-1.326e-09	-1.6924e-10	6.662900000000001e-10	3.2652e-07	-3.2566e-07	-1.1839e-09	2.7360000000000003e-11	5.3419e-10	3.259e-07	-3.2536e-07	-1.0327e-09	6.315000000000001e-11	5.0281e-10	3.258e-07	-3.2532e-07	-8.7738e-10	7.645e-11	4.8927e-10	3.257e-07	-3.2538e-07	-7.0884e-10	8.434e-11	4.845e-10	3.2456e-07	-3.2442e-07	-5.393200000000001e-10	8.282e-11	4.7366e-10	3.243e-07	-3.2432e-07	-3.7189000000000005e-10	8.054e-11	4.6563e-10	3.2516e-07	-3.2528e-07	-2.0183e-10	7.64e-11	4.6383e-10	3.2488e-07	-3.2534e-07	-1.744e-11	7.559e-11	4.5775000000000005e-10	3.2466e-07	-3.2522e-07	1.8742e-10	7.092e-11	4.5493000000000005e-10	3.2302e-07	-3.2346e-07	3.989e-10	5.971e-11	4.5438e-10	3.2422e-07	-3.2516e-07
0.76	-1.3118e-09	-1.732e-10	6.785700000000001e-10	3.265e-07	-3.2562e-07	-1.1848e-09	1.746e-11	5.263e-10	3.26e-07	-3.2538e-07	-1.0356e-09	5.584e-11	5.039600000000001e-10	3.2584e-07	-3.2536e-07	-8.7389e-10	6.905000000000001e-11	4.938100000000001e-10	3.2558e-07	-3.2538e-07	-7.0479e-10	7.162000000000001e-11	4.8632e-10	3.2448e-07	-3.2436e-07	-5.3423e-10	7.521e-11	4.7975e-10	3.2426e-07	-3.2442e-07	-3.6228e-10	7.483e-11	4.7023e-10	3.251e-07	-3.2524e-07	-1.8391e-10	7.105e-11	4.677e-10	3.2492e-07	-3.2522e-07	-1.1460000000000002e-11	6.694e-11	4.6113e-10	3.247e-07	-3.252e-07	1.8312e-10	6.422e-11	4.5811e-10	3.2358e-07	-3.243e-07	4.0079e-10	5.269e-11	4.5729e-10	3.2454e-07	-3.2524e-07
0.755	-1.3196e-09	-1.8209e-10	6.7145e-10	3.2644e-07	-3.2562e-07	-1.1766e-09	1.049e-11	5.4087e-10	3.2606e-07	-3.253e-07	-1.0283e-09	4.899e-11	5.148e-10	3.2582e-07	-3.253e-07	-8.7083e-10	6.16e-11	5.0067e-10	3.2564e-07	-3.2532e-07	-6.959400000000001e-10	6.379000000000001e-11	4.9107e-10	3.2448e-07	-3.2434e-07	-5.3354e-10	6.527000000000001e-11	4.824900000000001e-10	3.2432e-07	-3.243e-07	-3.6672000000000005e-10	6.52e-11	4.7477e-10	3.2506e-07	-3.2516e-07	-1.8999e-10	6.326000000000001e-11	4.6829e-10	3.2484e-07	-3.2512e-07	-2.29e-12	5.941e-11	4.6033000000000005e-10	3.2476e-07	-3.2516e-07	1.9026e-10	5.284e-11	4.6087e-10	3.2352e-07	-3.2416e-07	4.0072e-10	4.09e-11	4.5871e-10	3.242e-07	-3.2514e-07
0.75	-1.3191e-09	-1.9256e-10	6.8758e-10	3.2642e-07	-3.2566e-07	-1.1703e-09	3.63e-12	5.478300000000001e-10	3.26e-07	-3.2538e-07	-1.0254e-09	3.898e-11	5.1898e-10	3.2574e-07	-3.2534e-07	-8.6223e-10	5.157e-11	4.9965e-10	3.257e-07	-3.2538e-07	-6.897e-10	5.830000000000001e-11	4.869e-10	3.2454e-07	-3.2434e-07	-5.2348e-10	5.652e-11	4.8127e-10	3.2426e-07	-3.243e-07	-3.5493000000000003e-10	5.484e-11	4.743300000000001e-10	3.2516e-07	-3.2526e-07	-1.8661e-10	5.1520000000000007e-11	4.774400000000001e-10	3.2486e-07	-3.252e-07	-9.100000000000002e-13	5.19e-11	4.7178e-10	3.247e-07	-3.252e-07	1.9879e-10	4.311e-11	4.636e-10	3.229e-07	-3.2366e-07	4.0972e-10	3.071e-11	4.6095000000000005e-10	3.2424e-07	-3.2512e-07
0.745	-1.3062e-09	-2.0298e-10	6.840200000000001e-10	3.2636e-07	-3.2552e-07	-1.1688e-09	-9.31e-12	5.537000000000001e-10	3.2602e-07	-3.2538e-07	-1.0233e-09	2.8910000000000003e-11	5.148e-10	3.2582e-07	-3.2532e-07	-8.553300000000001e-10	4.497e-11	5.019800000000001e-10	3.2558e-07	-3.2528e-07	-6.9121e-10	4.938e-11	4.968100000000001e-10	3.2452e-07	-3.2434e-07	-5.2113e-10	5.16e-11	4.915200000000001e-10	3.244e-07	-3.2428e-07	-3.4915000000000003e-10	4.927e-11	4.8247e-10	3.2506e-07	-3.2536e-07	-1.7445e-10	4.322e-11	4.7848e-10	3.2488e-07	-3.2526e-07	9.4e-13	3.958e-11	4.7489e-10	3.2472e-07	-3.252e-07	2.0565e-10	3.5380000000000005e-11	4.6419e-10	3.2356e-07	-3.2422e-07	4.2022e-10	2.4410000000000003e-11	4.6457e-10	3.2428e-07	-3.252e-07
0.74	-1.2948e-09	-2.0812000000000003e-10	6.864400000000001e-10	3.2648e-07	-3.2566e-07	-1.1647e-09	-1.804e-11	5.5936e-10	3.2602e-07	-3.2542e-07	-1.0158e-09	2.376e-11	5.272700000000001e-10	3.258e-07	-3.253e-07	-8.531400000000001e-10	3.5700000000000003e-11	5.0886e-10	3.2566e-07	-3.2514e-07	-6.884300000000001e-10	3.7860000000000005e-11	4.9433e-10	3.245e-07	-3.2378e-07	-5.191100000000001e-10	3.966e-11	4.9279e-10	3.2434e-07	-3.2428e-07	-3.4767e-10	3.886e-11	4.868800000000001e-10	3.251e-07	-3.2526e-07	-1.6941e-10	3.63e-11	4.785400000000001e-10	3.2486e-07	-3.2522e-07	1.9220000000000003e-11	3.084e-11	4.7647e-10	3.2468e-07	-3.2518e-07	2.0578e-10	2.6070000000000003e-11	4.7553e-10	3.2352e-07	-3.243e-07	4.1644e-10	1.245e-11	4.6843e-10	3.2422e-07	-3.2514e-07
0.735	-1.2992e-09	-2.1412e-10	6.992e-10	3.2652e-07	-3.2564e-07	-1.1603e-09	-2.427e-11	5.585200000000001e-10	3.26e-07	-3.2544e-07	-1.0166e-09	1.464e-11	5.2883e-10	3.2584e-07	-3.253e-07	-8.4668e-10	2.802e-11	5.1796e-10	3.2556e-07	-3.253e-07	-6.734700000000001e-10	3.1890000000000006e-11	4.9979e-10	3.246e-07	-3.2436e-07	-5.0695e-10	2.9810000000000005e-11	4.9473e-10	3.2436e-07	-3.243e-07	-3.3887000000000004e-10	2.8620000000000004e-11	4.912800000000001e-10	3.2508e-07	-3.2526e-07	-1.7087000000000003e-10	2.702e-11	4.874200000000001e-10	3.2482e-07	-3.2526e-07	1.8220000000000003e-11	2.4830000000000003e-11	4.8023e-10	3.2466e-07	-3.2518e-07	2.1279e-10	1.392e-11	4.747e-10	3.2356e-07	-3.243e-07	4.2638e-10	4.4000000000000004e-13	4.7213e-10	3.2416e-07	-3.2506e-07
0.73	-1.2958e-09	-2.2827000000000003e-10	6.973500000000001e-10	3.2644e-07	-3.2566e-07	-1.1619e-09	-3.3090000000000005e-11	5.6365e-10	3.2596e-07	-3.2544e-07	-1.0071e-09	4.93e-12	5.339200000000001e-10	3.2582e-07	-3.2536e-07	-8.4607e-10	1.7850000000000002e-11	5.1117e-10	3.2568e-07	-3.2536e-07	-6.7777e-10	2.466e-11	5.077900000000001e-10	3.2456e-07	-3.2446e-07	-5.0674e-10	2.388e-11	4.992800000000001e-10	3.2426e-07	-3.244e-07	-3.3770000000000003e-10	2.087e-11	4.886e-10	3.251e-07	-3.2522e-07	-1.6186000000000002e-10	1.4510000000000002e-11	4.8239e-10	3.2492e-07	-3.2522e-07	1.918e-11	1.172e-11	4.844100000000001e-10	3.247e-07	-3.252e-07	2.269e-10	6.0600000000000004e-12	4.7648e-10	3.2368e-07	-3.242e-07	4.3985e-10	-7.61e-12	4.831e-10	3.2422e-07	-3.2514e-07
0.725	-1.2818e-09	-2.338e-10	7.1322e-10	3.2642e-07	-3.2564e-07	-1.1549e-09	-4.301e-11	5.613800000000001e-10	3.2598e-07	-3.2546e-07	-1.0064e-09	-3.15e-12	5.345000000000001e-10	3.2582e-07	-3.2532e-07	-8.3546e-10	9.71e-12	5.160600000000001e-10	3.2566e-07	-3.252e-07	-6.7612e-10	1.244e-11	5.096600000000001e-10	3.2446e-07	-3.2434e-07	-5.0225e-10	1.498e-11	5.053100000000001e-10	3.2434e-07	-3.2436e-07	-3.2873e-10	1.25e-11	4.975600000000001e-10	3.25e-07	-3.2556e-07	-1.4793e-10	1.0240000000000002e-11	4.8752e-10	3.2492e-07	-3.2522e-07	3.335e-11	2.6000000000000002e-12	4.8622e-10	3.2474e-07	-3.2526e-07	2.2158000000000002e-10	-2.37e-12	4.8175e-10	3.2354e-07	-3.242e-07	4.4056e-10	-1.6380000000000003e-11	4.800700000000001e-10	3.2428e-07	-3.2516e-07
0.72	-1.284e-09	-2.4021000000000004e-10	7.093400000000001e-10	3.2644e-07	-3.257e-07	-1.1527e-09	-5.0100000000000007e-11	5.6829e-10	3.2598e-07	-3.2542e-07	-1.003e-09	-1.246e-11	5.354400000000001e-10	3.2582e-07	-3.2532e-07	-8.3667e-10	1.5800000000000001e-12	5.2671e-10	3.2564e-07	-3.2536e-07	-6.618900000000001e-10	6.19e-12	5.119500000000001e-10	3.2454e-07	-3.2422e-07	-5.015700000000001e-10	4.38e-12	5.0963e-10	3.2434e-07	-3.2442e-07	-3.2696000000000003e-10	2.79e-12	5.0701e-10	3.2514e-07	-3.2524e-07	-1.5616e-10	-5.500000000000001e-13	4.935100000000001e-10	3.2488e-07	-3.2528e-07	3.607e-11	-5.980000000000001e-12	4.8816e-10	3.247e-07	-3.2524e-07	2.2766e-10	-1.681e-11	4.854800000000001e-10	3.2352e-07	-3.2428e-07	4.4305e-10	-3.015e-11	4.813700000000001e-10	3.2422e-07	-3.251e-07
0.715	-1.2882e-09	-2.5139e-10	7.2191e-10	3.2642e-07	-3.257e-07	-1.1482e-09	-5.865e-11	5.7356e-10	3.2598e-07	-3.2544e-07	-1.0016e-09	-1.965e-11	5.4802e-10	3.258e-07	-3.2536e-07	-8.3239e-10	-9.82e-12	5.234500000000001e-10	3.2564e-07	-3.253e-07	-6.6287e-10	-3.4400000000000007e-12	5.218800000000001e-10	3.2452e-07	-3.2434e-07	-4.9101e-10	-5.84e-12	5.0535e-10	3.245e-07	-3.2446e-07	-3.1797000000000004e-10	-8.910000000000001e-12	4.9749e-10	3.251e-07	-3.253e-07	-1.4461e-10	-1.4490000000000001e-11	4.9744e-10	3.2482e-07	-3.2512e-07	3.9680000000000005e-11	-1.628e-11	4.9931e-10	3.2468e-07	-3.253e-07	2.4375e-10	-2.4540000000000003e-11	4.9185e-10	3.2358e-07	-3.2424e-07	4.5553e-10	-4.04e-11	4.7974e-10	3.2428e-07	-3.2516e-07
0.71	-1.2761e-09	-2.6392e-10	7.1922e-10	3.2642e-07	-3.2564e-07	-1.1408e-09	-6.984e-11	5.787500000000001e-10	3.26e-07	-3.2536e-07	-9.9288e-10	-2.94e-11	5.474800000000001e-10	3.2612e-07	-3.2566e-07	-8.2454e-10	-1.675e-11	5.3389e-10	3.2562e-07	-3.2526e-07	-6.5899e-10	-1.3680000000000001e-11	5.302000000000001e-10	3.2446e-07	-3.243e-07	-4.8693e-10	-1.201e-11	5.166600000000001e-10	3.2484e-07	-3.2476e-07	-3.1106e-10	-1.464e-11	5.1039e-10	3.251e-07	-3.2526e-07	-1.3324000000000002e-10	-2.245e-11	5.008000000000001e-10	3.2494e-07	-3.253e-07	4.3140000000000006e-11	-2.9300000000000005e-11	4.958200000000001e-10	3.2474e-07	-3.252e-07	2.4896000000000004e-10	-3.3e-11	4.9174e-10	3.2356e-07	-3.2422e-07	4.6579e-10	-4.785e-11	4.9474e-10	3.2428e-07	-3.2516e-07
0.705	-1.2663e-09	-2.6893e-10	7.2445e-10	3.2642e-07	-3.2566e-07	-1.1366e-09	-8.04e-11	5.8208e-10	3.2598e-07	-3.253e-07	-9.8669e-10	-3.8770000000000005e-11	5.529300000000001e-10	3.2582e-07	-3.2534e-07	-8.2321e-10	-2.6380000000000004e-11	5.366100000000001e-10	3.2564e-07	-3.2536e-07	-6.523200000000001e-10	-2.5340000000000003e-11	5.1949e-10	3.2458e-07	-3.243e-07	-4.8368e-10	-2.477e-11	5.1549e-10	3.2442e-07	-3.2444e-07	-3.1232e-10	-2.802e-11	5.1628e-10	3.2506e-07	-3.253e-07	-1.2745e-10	-3.0760000000000005e-11	5.029800000000001e-10	3.2486e-07	-3.2516e-07	6.018e-11	-3.858e-11	4.9301e-10	3.2464e-07	-3.2514e-07	2.4832000000000003e-10	-4.852e-11	4.923500000000001e-10	3.2346e-07	-3.2416e-07	4.6307e-10	-6.147000000000001e-11	4.9456e-10	3.2428e-07	-3.253e-07
0.7	-1.2713e-09	-2.7662e-10	7.342700000000001e-10	3.2644e-07	-3.2556e-07	-1.1296e-09	-8.682e-11	5.954300000000001e-10	3.2594e-07	-3.2538e-07	-9.8543e-10	-4.71e-11	5.552800000000001e-10	3.258e-07	-3.254e-07	-8.1631e-10	-3.511e-11	5.4503e-10	3.2558e-07	-3.252e-07	-6.4055e-10	-3.106e-11	5.2791e-10	3.2444e-07	-3.2428e-07	-4.726800000000001e-10	-3.475e-11	5.183500000000001e-10	3.244e-07	-3.2442e-07	-3.0283000000000003e-10	-3.734e-11	5.1321e-10	3.2506e-07	-3.2528e-07	-1.2838e-10	-4.2340000000000006e-11	5.1217e-10	3.2492e-07	-3.2524e-07	6.047e-11	-4.5290000000000006e-11	5.0856e-10	3.2468e-07	-3.2522e-07	2.5916e-10	-6.031000000000001e-11	5.0106e-10	3.2338e-07	-3.2426e-07	4.7612e-10	-7.432e-11	4.9659e-10	3.2426e-07	-3.252e-07
0.695	-1.2744e-09	-2.8969e-10	7.3407e-10	3.2638e-07	-3.2562e-07	-1.1305e-09	-9.817e-11	5.964900000000001e-10	3.26e-07	-3.2542e-07	-9.7832e-10	-5.652e-11	5.612000000000001e-10	3.2574e-07	-3.2536e-07	-8.1367e-10	-4.63e-11	5.439000000000001e-10	3.2558e-07	-3.2534e-07	-6.393000000000001e-10	-3.92e-11	5.311600000000001e-10	3.245e-07	-3.243e-07	-4.6724e-10	-4.202e-11	5.385000000000001e-10	3.2454e-07	-3.2448e-07	-2.9751000000000004e-10	-4.564e-11	5.2074e-10	3.2506e-07	-3.2522e-07	-1.1929e-10	-5.5300000000000005e-11	5.1197e-10	3.2488e-07	-3.2526e-07	6.183000000000001e-11	-6.143e-11	5.047300000000001e-10	3.2474e-07	-3.252e-07	2.7411e-10	-6.716e-11	5.0029e-10	3.2362e-07	-3.2428e-07	4.885e-10	-8.376e-11	5.0084e-10	3.2432e-07	-3.2524e-07
0.69	-1.2545e-09	-2.9746e-10	7.4096e-10	3.2646e-07	-3.2566e-07	-1.1207e-09	-1.0679e-10	5.985500000000001e-10	3.2606e-07	-3.2538e-07	-9.7362e-10	-6.867000000000001e-11	5.582e-10	3.2582e-07	-3.2534e-07	-8.023e-10	-5.521e-11	5.4719e-10	3.2564e-07	-3.2532e-07	-6.356500000000001e-10	-5.2820000000000005e-11	5.3522e-10	3.2446e-07	-3.2434e-07	-4.6548e-10	-5.498000000000001e-11	5.2918e-10	3.2354e-07	-3.2364e-07	-2.8971000000000003e-10	-5.732e-11	5.248800000000001e-10	3.2536e-07	-3.256e-07	-1.0311e-10	-6.108000000000001e-11	5.179400000000001e-10	3.2488e-07	-3.2524e-07	7.934e-11	-7.092e-11	5.081900000000001e-10	3.247e-07	-3.251e-07	2.6792000000000004e-10	-7.852e-11	5.065500000000001e-10	3.2352e-07	-3.243e-07	4.9167e-10	-9.411e-11	5.123000000000001e-10	3.2424e-07	-3.2526e-07
0.685	-1.2536e-09	-3.0389e-10	7.4045e-10	3.2654e-07	-3.2568e-07	-1.1199e-09	-1.1505999999999999e-10	6.0446e-10	3.2606e-07	-3.2538e-07	-9.6864e-10	-7.669000000000001e-11	5.6451e-10	3.2578e-07	-3.2526e-07	-7.9815e-10	-6.245e-11	5.5661e-10	3.2554e-07	-3.2538e-07	-6.265000000000001e-10	-6.157e-11	5.3915e-10	3.2446e-07	-3.2434e-07	-4.5788e-10	-6.488e-11	5.3224e-10	3.2438e-07	-3.2436e-07	-2.8584e-10	-6.769e-11	5.2724e-10	3.2506e-07	-3.2524e-07	-1.0985e-10	-7.405e-11	5.2043e-10	3.2492e-07	-3.2528e-07	8.254e-11	-8.038000000000001e-11	5.2115e-10	3.2464e-07	-3.2516e-07	2.7768e-10	-9.384000000000001e-11	5.116500000000001e-10	3.2354e-07	-3.2416e-07	4.956400000000001e-10	-1.1014e-10	5.0846e-10	3.2434e-07	-3.2522e-07
0.68	-1.2575e-09	-3.1498000000000003e-10	7.6939e-10	3.2636e-07	-3.2564e-07	-1.1122e-09	-1.2592000000000002e-10	6.090600000000001e-10	3.2602e-07	-3.2538e-07	-9.6592e-10	-8.481e-11	5.7914e-10	3.258e-07	-3.253e-07	-7.9557e-10	-7.604e-11	5.5983e-10	3.2566e-07	-3.253e-07	-6.2453e-10	-7.029000000000001e-11	5.4309e-10	3.2446e-07	-3.244e-07	-4.5006000000000005e-10	-7.473000000000001e-11	5.364400000000001e-10	3.242e-07	-3.2438e-07	-2.7613e-10	-7.988000000000001e-11	5.2474e-10	3.2508e-07	-3.252e-07	-1.0014e-10	-8.836e-11	5.436600000000001e-10	3.2492e-07	-3.2522e-07	8.532000000000001e-11	-9.364e-11	5.2455e-10	3.2464e-07	-3.252e-07	2.9357e-10	-1.0537e-10	5.1385e-10	3.2352e-07	-3.2414e-07	5.108400000000001e-10	-1.2259e-10	5.0622e-10	3.2432e-07	-3.2524e-07
0.675	-1.2524e-09	-3.2749e-10	7.5892e-10	3.2644e-07	-3.2562e-07	-1.1066e-09	-1.3691000000000002e-10	6.150900000000001e-10	3.2602e-07	-3.2532e-07	-9.5917e-10	-9.809e-11	5.7543e-10	3.2576e-07	-3.2528e-07	-7.8858e-10	-8.473e-11	5.619200000000001e-10	3.256e-07	-3.2528e-07	-6.1724e-10	-8.274e-11	5.603e-10	3.2452e-07	-3.2436e-07	-4.4846e-10	-8.541e-11	5.5324e-10	3.2438e-07	-3.2442e-07	-2.6757000000000004e-10	-8.82e-11	5.3463e-10	3.253e-07	-3.256e-07	-8.481e-11	-9.718e-11	5.2643e-10	3.2494e-07	-3.2524e-07	9.509e-11	-1.0711e-10	5.2332e-10	3.2472e-07	-3.2524e-07	2.9742000000000004e-10	-1.1441e-10	5.1851e-10	3.2352e-07	-3.2424e-07	5.1826e-10	-1.3268e-10	5.241000000000001e-10	3.2428e-07	-3.2516e-07
0.67	-1.233e-09	-3.3242000000000003e-10	7.7906e-10	3.2644e-07	-3.2554e-07	-1.1048e-09	-1.4734e-10	6.1491e-10	3.26e-07	-3.2532e-07	-9.5382e-10	-1.0638e-10	5.8706e-10	3.2582e-07	-3.2532e-07	-7.857000000000001e-10	-9.535e-11	5.6794e-10	3.2552e-07	-3.2538e-07	-6.108e-10	-9.486000000000001e-11	5.4873e-10	3.246e-07	-3.244e-07	-4.434e-10	-9.875e-11	5.4532e-10	3.2438e-07	-3.244e-07	-2.6421e-10	-1.0142e-10	5.370300000000001e-10	3.2504e-07	-3.2524e-07	-8.304e-11	-1.0789000000000001e-10	5.415300000000001e-10	3.2492e-07	-3.2518e-07	1.0941e-10	-1.1629e-10	5.2671e-10	3.2468e-07	-3.2522e-07	3.0303000000000004e-10	-1.2959000000000001e-10	5.2232e-10	3.2356e-07	-3.2428e-07	5.2113e-10	-1.4673000000000002e-10	5.1722e-10	3.2422e-07	-3.2514e-07
0.665	-1.2374e-09	-3.4054000000000005e-10	7.699e-10	3.2638e-07	-3.256e-07	-1.0934e-09	-1.5489000000000002e-10	6.2429e-10	3.2606e-07	-3.2532e-07	-9.4701e-10	-1.1677e-10	5.8588e-10	3.2572e-07	-3.2534e-07	-7.772e-10	-1.0654e-10	5.7346e-10	3.256e-07	-3.2532e-07	-5.9593e-10	-1.0232e-10	5.562200000000001e-10	3.245e-07	-3.2432e-07	-4.2947e-10	-1.0819e-10	5.456000000000001e-10	3.2366e-07	-3.2432e-07	-2.5394e-10	-1.1336e-10	5.4546e-10	3.2506e-07	-3.253e-07	-8.093000000000001e-11	-1.2201e-10	5.373200000000001e-10	3.2488e-07	-3.252e-07	1.0779e-10	-1.2867e-10	5.3064e-10	3.247e-07	-3.2524e-07	3.1622e-10	-1.4362000000000002e-10	5.222200000000001e-10	3.2356e-07	-3.2424e-07	5.330900000000001e-10	-1.6152e-10	5.2126e-10	3.2426e-07	-3.2514e-07
0.66	-1.2388e-09	-3.5467000000000003e-10	7.739000000000001e-10	3.2634e-07	-3.2554e-07	-1.0951e-09	-1.6866000000000002e-10	6.235000000000001e-10	3.2594e-07	-3.2534e-07	-9.3877e-10	-1.2852e-10	5.9711e-10	3.258e-07	-3.2536e-07	-7.741e-10	-1.1683e-10	5.7458e-10	3.257e-07	-3.2526e-07	-6.0649e-10	-1.1395e-10	5.561000000000001e-10	3.2446e-07	-3.2436e-07	-4.2872000000000005e-10	-1.1711e-10	5.501700000000001e-10	3.237e-07	-3.2368e-07	-2.5189e-10	-1.2312e-10	5.4956e-10	3.2512e-07	-3.2524e-07	-6.697e-11	-1.3508e-10	5.3817e-10	3.2494e-07	-3.2528e-07	1.1551e-10	-1.4443e-10	5.4193e-10	3.2464e-07	-3.2522e-07	3.2923e-10	-1.5397e-10	5.3312e-10	3.2356e-07	-3.243e-07	5.4719e-10	-1.7297000000000002e-10	5.251000000000001e-10	3.2424e-07	-3.2518e-07
0.655	-1.221e-09	-3.6357e-10	7.7824e-10	3.2642e-07	-3.257e-07	-1.0817e-09	-1.7935e-10	6.369500000000001e-10	3.2596e-07	-3.2536e-07	-9.3892e-10	-1.4022e-10	5.904400000000001e-10	3.2584e-07	-3.2538e-07	-7.6583e-10	-1.2790000000000002e-10	5.7733e-10	3.2556e-07	-3.2538e-07	-5.9481e-10	-1.2834000000000002e-10	5.6688e-10	3.2456e-07	-3.245e-07	-4.1975e-10	-1.3039e-10	5.585600000000001e-10	3.2434e-07	-3.244e-07	-2.4209000000000004e-10	-1.3676e-10	5.530600000000001e-10	3.2512e-07	-3.253e-07	-5.528e-11	-1.4350000000000002e-10	5.6377e-10	3.2482e-07	-3.2518e-07	1.3232000000000001e-10	-1.5698e-10	5.394900000000001e-10	3.2462e-07	-3.252e-07	3.2640000000000003e-10	-1.6836e-10	5.349700000000001e-10	3.235e-07	-3.242e-07	5.4961e-10	-1.8658e-10	5.3312e-10	3.2426e-07	-3.252e-07
0.65	-1.2154e-09	-3.7085e-10	7.8891e-10	3.2638e-07	-3.2568e-07	-1.0822e-09	-1.8826e-10	6.5435e-10	3.2604e-07	-3.2536e-07	-9.3415e-10	-1.5261e-10	6.0868e-10	3.2594e-07	-3.2534e-07	-7.596800000000001e-10	-1.3761e-10	5.8391e-10	3.2588e-07	-3.2558e-07	-5.8103e-10	-1.3797000000000002e-10	5.755300000000001e-10	3.245e-07	-3.244e-07	-4.1023e-10	-1.4349e-10	5.625500000000001e-10	3.2416e-07	-3.2428e-07	-2.3721e-10	-1.4961e-10	5.5327e-10	3.2504e-07	-3.2524e-07	-5.731000000000001e-11	-1.5745e-10	5.5196e-10	3.2492e-07	-3.2526e-07	1.4029e-10	-1.6749e-10	5.4745e-10	3.2472e-07	-3.2522e-07	3.3767000000000003e-10	-1.8419e-10	5.367300000000001e-10	3.2356e-07	-3.2424e-07	5.582200000000001e-10	-2.0483e-10	5.357400000000001e-10	3.2424e-07	-3.252e-07
0.645	-1.2241e-09	-3.8247e-10	7.9945e-10	3.2642e-07	-3.2556e-07	-1.0756e-09	-1.991e-10	6.4462e-10	3.26e-07	-3.2532e-07	-9.233700000000001e-10	-1.5934000000000002e-10	6.0505e-10	3.2578e-07	-3.2532e-07	-7.5289e-10	-1.508e-10	5.8636e-10	3.2564e-07	-3.2532e-07	-5.8049e-10	-1.4784e-10	5.7673e-10	3.2446e-07	-3.2436e-07	-4.002e-10	-1.5318e-10	5.614500000000001e-10	3.2426e-07	-3.2428e-07	-2.2734e-10	-1.6138000000000002e-10	5.5765e-10	3.251e-07	-3.2554e-07	-4.4230000000000005e-11	-1.743e-10	5.4868e-10	3.2484e-07	-3.2514e-07	1.4376e-10	-1.8285e-10	5.467600000000001e-10	3.2462e-07	-3.252e-07	3.5249000000000004e-10	-1.9702e-10	5.3536e-10	3.2352e-07	-3.2422e-07	5.7745e-10	-2.173e-10	5.396000000000001e-10	3.2422e-07	-3.2514e-07
0.64	-1.2207e-09	-3.973e-10	7.9358e-10	3.2642e-07	-3.2562e-07	-1.0743e-09	-2.125e-10	6.4337e-10	3.2602e-07	-3.2538e-07	-9.1605e-10	-1.7265000000000002e-10	6.1408e-10	3.258e-07	-3.2528e-07	-7.448e-10	-1.6236000000000002e-10	5.9371e-10	3.256e-07	-3.253e-07	-5.728900000000001e-10	-1.6330000000000002e-10	5.821200000000001e-10	3.2446e-07	-3.2442e-07	-3.9760000000000005e-10	-1.6898000000000002e-10	5.8567e-10	3.2432e-07	-3.2428e-07	-2.2047e-10	-1.7373e-10	5.8372e-10	3.251e-07	-3.252e-07	-3.114e-11	-1.8487e-10	5.5348e-10	3.2486e-07	-3.2518e-07	1.5382000000000002e-10	-1.9931e-10	5.4985e-10	3.2474e-07	-3.2516e-07	3.5841e-10	-2.0936e-10	5.4744e-10	3.2346e-07	-3.2422e-07	5.836400000000001e-10	-2.3016e-10	5.4546e-10	3.2428e-07	-3.2518e-07
0.635	-1.1983e-09	-4.0297000000000006e-10	7.987200000000001e-10	3.2642e-07	-3.256e-07	-1.0604e-09	-2.2287000000000003e-10	6.472100000000001e-10	3.2606e-07	-3.2536e-07	-9.1379e-10	-1.8437e-10	6.1208e-10	3.2576e-07	-3.2526e-07	-7.424800000000001e-10	-1.7307e-10	5.971500000000001e-10	3.2552e-07	-3.2526e-07	-5.6354e-10	-1.7618e-10	5.8232e-10	3.2444e-07	-3.2438e-07	-3.9137e-10	-1.822e-10	5.758900000000001e-10	3.2426e-07	-3.2436e-07	-2.1563e-10	-1.8937e-10	5.609700000000001e-10	3.251e-07	-3.2522e-07	-2.9550000000000004e-11	-1.9683e-10	5.6278e-10	3.2488e-07	-3.2526e-07	1.7309000000000002e-10	-2.0886e-10	5.565200000000001e-10	3.2464e-07	-3.2522e-07	3.65e-10	-2.2676000000000003e-10	5.469500000000001e-10	3.2348e-07	-3.2424e-07	5.903400000000001e-10	-2.5052000000000003e-10	5.484700000000001e-10	3.2426e-07	-3.2512e-07
0.63	-1.2049e-09	-4.1428e-10	8.082300000000001e-10	3.264e-07	-3.2562e-07	-1.0527e-09	-2.3236e-10	6.5763e-10	3.2596e-07	-3.2534e-07	-8.9948e-10	-1.9553e-10	6.155e-10	3.2578e-07	-3.2526e-07	-7.302200000000001e-10	-1.8543000000000003e-10	6.0398e-10	3.2556e-07	-3.2534e-07	-5.489900000000001e-10	-1.8374e-10	5.887300000000001e-10	3.245e-07	-3.2434e-07	-3.7696e-10	-1.9406000000000003e-10	5.8218e-10	3.2428e-07	-3.2428e-07	-2.0199e-10	-2.0471e-10	5.805900000000001e-10	3.251e-07	-3.2538e-07	-2.05e-11	-2.1552e-10	5.637900000000001e-10	3.2496e-07	-3.2522e-07	1.7450000000000002e-10	-2.2294e-10	5.6036e-10	3.247e-07	-3.252e-07	3.8605e-10	-2.4252e-10	5.5227e-10	3.2356e-07	-3.2422e-07	6.073500000000001e-10	-2.6488e-10	5.529300000000001e-10	3.2432e-07	-3.2518e-07
0.625	-1.1989e-09	-4.2811e-10	8.2425e-10	3.2642e-07	-3.258e-07	-1.0523e-09	-2.4566e-10	6.684600000000001e-10	3.2598e-07	-3.2538e-07	-8.8786e-10	-2.0805e-10	6.2782e-10	3.258e-07	-3.253e-07	-7.2594e-10	-1.9925e-10	6.020000000000001e-10	3.2556e-07	-3.2532e-07	-5.526300000000001e-10	-1.979e-10	5.9364e-10	3.2452e-07	-3.2392e-07	-3.7522e-10	-2.0336e-10	5.812800000000001e-10	3.2428e-07	-3.2434e-07	-1.9457e-10	-2.1562000000000003e-10	5.8447e-10	3.2512e-07	-3.2526e-07	-5.810000000000001e-12	-2.2687e-10	5.657400000000001e-10	3.2482e-07	-3.2526e-07	1.816e-10	-2.427e-10	5.6912e-10	3.2466e-07	-3.2516e-07	3.9469e-10	-2.5413000000000003e-10	5.590400000000001e-10	3.235e-07	-3.2428e-07	6.2035e-10	-2.7897e-10	5.590400000000001e-10	3.2432e-07	-3.2516e-07
0.62	-1.187e-09	-4.3899000000000005e-10	8.2478e-10	3.2638e-07	-3.256e-07	-1.0402e-09	-2.5781e-10	6.628900000000001e-10	3.2594e-07	-3.2536e-07	-8.8436e-10	-2.2052e-10	6.2324e-10	3.259e-07	-3.2536e-07	-7.1676e-10	-2.1039e-10	6.183900000000001e-10	3.2558e-07	-3.2532e-07	-5.4251e-10	-2.1298e-10	6.065e-10	3.2392e-07	-3.2436e-07	-3.6823e-10	-2.2013e-10	5.908000000000001e-10	3.2374e-07	-3.2368e-07	-1.8327e-10	-2.28e-10	5.8344e-10	3.251e-07	-3.253e-07	4.18e-12	-2.3779e-10	5.7698e-10	3.248e-07	-3.2528e-07	2.0028e-10	-2.5498000000000003e-10	5.624900000000001e-10	3.247e-07	-3.2518e-07	4.0095000000000005e-10	-2.7447000000000004e-10	5.6357e-10	3.235e-07	-3.2428e-07	6.2507e-10	-2.9551000000000005e-10	5.642100000000001e-10	3.2436e-07	-3.2518e-07
0.615	-1.1824e-09	-4.4705e-10	8.2135e-10	3.2638e-07	-3.2558e-07	-1.0391e-09	-2.6909e-10	6.735100000000001e-10	3.26e-07	-3.2534e-07	-8.743400000000001e-10	-2.323e-10	6.331e-10	3.2576e-07	-3.2526e-07	-7.0942e-10	-2.2366e-10	6.1348e-10	3.256e-07	-3.253e-07	-5.270500000000001e-10	-2.2337000000000003e-10	6.1442e-10	3.2452e-07	-3.2434e-07	-3.5508000000000003e-10	-2.3354e-10	5.8942e-10	3.2422e-07	-3.2428e-07	-1.7926e-10	-2.4768e-10	5.874500000000001e-10	3.2512e-07	-3.2526e-07	5.84e-12	-2.5700000000000004e-10	5.8248e-10	3.2488e-07	-3.252e-07	2.0685e-10	-2.6862e-10	5.7315e-10	3.2468e-07	-3.2522e-07	4.1727000000000005e-10	-2.9063e-10	5.779300000000001e-10	3.2346e-07	-3.2426e-07	6.360600000000001e-10	-3.1700000000000004e-10	5.6589e-10	3.2422e-07	-3.2512e-07
0.61	-1.178e-09	-4.5697e-10	8.3023e-10	3.2638e-07	-3.255e-07	-1.0304e-09	-2.8021e-10	6.792100000000001e-10	3.26e-07	-3.253e-07	-8.6732e-10	-2.4413e-10	6.4033e-10	3.258e-07	-3.2532e-07	-7.023900000000001e-10	-2.3745000000000004e-10	6.142200000000001e-10	3.2562e-07	-3.2522e-07	-5.2659e-10	-2.3747e-10	6.1773e-10	3.245e-07	-3.2436e-07	-3.4694000000000004e-10	-2.4589e-10	5.934e-10	3.2432e-07	-3.243e-07	-1.6527000000000001e-10	-2.5787e-10	5.892100000000001e-10	3.2506e-07	-3.2528e-07	2.326e-11	-2.727e-10	5.842100000000001e-10	3.249e-07	-3.2524e-07	2.1256e-10	-2.8808e-10	5.760100000000001e-10	3.2472e-07	-3.2524e-07	4.3007000000000005e-10	-3.0585000000000003e-10	5.6899e-10	3.2348e-07	-3.2426e-07	6.613600000000001e-10	-3.3301e-10	5.6916e-10	3.2426e-07	-3.2514e-07
0.605	-1.1762e-09	-4.718600000000001e-10	8.3382e-10	3.2644e-07	-3.256e-07	-1.0244e-09	-2.948e-10	6.7965e-10	3.2592e-07	-3.2534e-07	-8.629500000000001e-10	-2.5944000000000004e-10	6.396400000000001e-10	3.2588e-07	-3.2534e-07	-6.8816e-10	-2.4843000000000004e-10	6.3045e-10	3.2556e-07	-3.2532e-07	-5.1755e-10	-2.5431e-10	6.1337e-10	3.2448e-07	-3.2436e-07	-3.3654e-10	-2.6043e-10	6.045300000000001e-10	3.2422e-07	-3.2428e-07	-1.5586000000000002e-10	-2.7182e-10	6.0762e-10	3.251e-07	-3.2532e-07	3.908e-11	-2.8598000000000003e-10	5.901400000000001e-10	3.249e-07	-3.2514e-07	2.3106000000000003e-10	-3.0575e-10	5.807700000000001e-10	3.2468e-07	-3.2526e-07	4.3562e-10	-3.2241000000000003e-10	5.7744e-10	3.235e-07	-3.2422e-07	6.680100000000001e-10	-3.4936e-10	5.753600000000001e-10	3.2418e-07	-3.2514e-07
0.6	-1.1622e-09	-4.8221e-10	8.365900000000001e-10	3.2636e-07	-3.2558e-07	-1.0193e-09	-3.0825000000000005e-10	6.853100000000001e-10	3.2602e-07	-3.254e-07	-8.530400000000001e-10	-2.7066e-10	6.4876e-10	3.2576e-07	-3.2518e-07	-6.870300000000001e-10	-2.6314000000000003e-10	6.3267e-10	3.256e-07	-3.2528e-07	-5.011500000000001e-10	-2.6738e-10	6.2383e-10	3.2458e-07	-3.244e-07	-3.2547e-10	-2.7683e-10	6.1155e-10	3.2364e-07	-3.2372e-07	-1.4952000000000002e-10	-2.8889e-10	5.95e-10	3.2514e-07	-3.2532e-07	4.0410000000000006e-11	-3.0192000000000003e-10	5.916100000000001e-10	3.2514e-07	-3.2538e-07	2.4487e-10	-3.1884e-10	5.8137e-10	3.2468e-07	-3.2526e-07	4.4541e-10	-3.4405e-10	5.812900000000001e-10	3.2352e-07	-3.2424e-07	6.791500000000001e-10	-3.7345e-10	5.7739e-10	3.2422e-07	-3.2504e-07
0.595	-1.1568e-09	-4.9268e-10	8.446e-10	3.2646e-07	-3.255e-07	-1.0079e-09	-3.1877000000000003e-10	6.9285e-10	3.2598e-07	-3.254e-07	-8.4372e-10	-2.8411e-10	6.594200000000001e-10	3.2576e-07	-3.253e-07	-6.7255e-10	-2.7878000000000004e-10	6.3285e-10	3.255e-07	-3.2532e-07	-4.931700000000001e-10	-2.7899000000000004e-10	6.199800000000001e-10	3.2458e-07	-3.2442e-07	-3.1090000000000003e-10	-2.9046e-10	6.1718e-10	3.2428e-07	-3.243e-07	-1.3372e-10	-3.0424000000000003e-10	5.987800000000001e-10	3.2514e-07	-3.2526e-07	5.4430000000000006e-11	-3.2174e-10	5.9845e-10	3.2494e-07	-3.252e-07	2.5188e-10	-3.3890000000000004e-10	5.9222e-10	3.2474e-07	-3.253e-07	4.6867e-10	-3.6097000000000005e-10	5.815800000000001e-10	3.2356e-07	-3.2428e-07	6.9798e-10	-3.9143e-10	5.8174e-10	3.242e-07	-3.2512e-07
0.59	-1.152e-09	-5.084800000000001e-10	8.5763e-10	3.2638e-07	-3.2564e-07	-1.0036e-09	-3.3329000000000005e-10	6.988100000000001e-10	3.2596e-07	-3.2532e-07	-8.3599e-10	-3.0006000000000005e-10	6.676000000000001e-10	3.2578e-07	-3.2526e-07	-6.678300000000001e-10	-2.9238000000000003e-10	6.3626e-10	3.2564e-07	-3.253e-07	-4.875300000000001e-10	-2.9616000000000004e-10	6.265600000000001e-10	3.2458e-07	-3.243e-07	-3.0384e-10	-3.0493e-10	6.206300000000001e-10	3.2362e-07	-3.244e-07	-1.2404000000000002e-10	-3.1901e-10	6.0962e-10	3.251e-07	-3.2528e-07	7.086e-11	-3.3650000000000003e-10	5.9589e-10	3.2486e-07	-3.2518e-07	2.6664e-10	-3.59e-10	5.9241e-10	3.247e-07	-3.2518e-07	4.804800000000001e-10	-3.7707e-10	6.0122e-10	3.2356e-07	-3.243e-07	7.1539e-10	-4.1066e-10	5.855600000000001e-10	3.2426e-07	-3.251e-07
0.585	-1.1388e-09	-5.213e-10	8.509700000000001e-10	3.2636e-07	-3.255e-07	-9.913e-10	-3.4571000000000004e-10	7.0189e-10	3.2602e-07	-3.253e-07	-8.2587e-10	-3.1243000000000003e-10	6.6262e-10	3.2578e-07	-3.253e-07	-6.5728e-10	-3.0526000000000004e-10	6.476200000000001e-10	3.2566e-07	-3.253e-07	-4.7366e-10	-3.1368000000000005e-10	6.293800000000001e-10	3.2454e-07	-3.237e-07	-2.9333e-10	-3.2327e-10	6.212600000000001e-10	3.244e-07	-3.2422e-07	-1.1286e-10	-3.3713e-10	6.133300000000001e-10	3.251e-07	-3.253e-07	7.994000000000001e-11	-3.5270000000000003e-10	6.067100000000001e-10	3.249e-07	-3.2516e-07	2.8612000000000004e-10	-3.73e-10	5.995e-10	3.2468e-07	-3.2518e-07	4.913500000000001e-10	-4.0206000000000006e-10	5.943e-10	3.235e-07	-3.2424e-07	7.2872e-10	-4.3169e-10	5.9416e-10	3.2428e-07	-3.2514e-07
0.58	-1.1334e-09	-5.284400000000001e-10	8.6998e-10	3.2638e-07	-3.2558e-07	-9.8756e-10	-3.5854000000000004e-10	7.057600000000001e-10	3.2596e-07	-3.2538e-07	-8.177400000000001e-10	-3.2672000000000004e-10	6.6813e-10	3.258e-07	-3.2528e-07	-6.4824e-10	-3.2203e-10	6.459200000000001e-10	3.2564e-07	-3.253e-07	-4.6069e-10	-3.2387000000000004e-10	6.3386e-10	3.2458e-07	-3.2434e-07	-2.7898e-10	-3.3891e-10	6.218000000000001e-10	3.2432e-07	-3.243e-07	-9.786e-11	-3.5524e-10	6.204400000000001e-10	3.251e-07	-3.2526e-07	8.726e-11	-3.7296e-10	6.2493e-10	3.2492e-07	-3.253e-07	2.9437000000000004e-10	-3.9283e-10	6.021300000000001e-10	3.2468e-07	-3.2518e-07	5.155300000000001e-10	-4.2149e-10	6.0276e-10	3.2352e-07	-3.2422e-07	7.393200000000001e-10	-4.5710000000000006e-10	5.955500000000001e-10	3.243e-07	-3.2518e-07
0.575	-1.1323e-09	-5.4339e-10	8.6798e-10	3.2638e-07	-3.2558e-07	-9.7724e-10	-3.7084e-10	7.2058e-10	3.2604e-07	-3.253e-07	-8.1051e-10	-3.4172000000000004e-10	6.7544e-10	3.2572e-07	-3.253e-07	-6.354800000000001e-10	-3.376e-10	6.585000000000001e-10	3.256e-07	-3.253e-07	-4.5856e-10	-3.3993000000000003e-10	6.466300000000001e-10	3.244e-07	-3.2432e-07	-2.721e-10	-3.5353e-10	6.3169e-10	3.2428e-07	-3.2434e-07	-8.948000000000001e-11	-3.709e-10	6.2212e-10	3.2514e-07	-3.2528e-07	1.089e-10	-3.9288e-10	6.144000000000001e-10	3.2494e-07	-3.2524e-07	3.039e-10	-4.1545000000000005e-10	6.088900000000001e-10	3.2464e-07	-3.2524e-07	5.3083e-10	-4.398e-10	6.010600000000001e-10	3.2354e-07	-3.2426e-07	7.696700000000001e-10	-4.778500000000001e-10	5.957900000000001e-10	3.2428e-07	-3.2512e-07
0.57	-1.12e-09	-5.585200000000001e-10	8.7437e-10	3.2648e-07	-3.256e-07	-9.6708e-10	-3.8657e-10	7.221200000000001e-10	3.2594e-07	-3.2528e-07	-8.0052e-10	-3.5781000000000003e-10	6.7723e-10	3.258e-07	-3.2526e-07	-6.2635e-10	-3.5173000000000004e-10	6.646000000000001e-10	3.2564e-07	-3.254e-07	-4.4644e-10	-3.6218e-10	6.442200000000001e-10	3.2384e-07	-3.2442e-07	-2.6324e-10	-3.725e-10	6.415900000000001e-10	3.244e-07	-3.2442e-07	-7.485e-11	-3.8869e-10	6.321200000000001e-10	3.25e-07	-3.2514e-07	1.2585e-10	-4.0977e-10	6.1706e-10	3.2486e-07	-3.2524e-07	3.2929e-10	-4.3581e-10	6.108200000000001e-10	3.2464e-07	-3.252e-07	5.4091e-10	-4.6353000000000005e-10	6.117100000000001e-10	3.2352e-07	-3.2418e-07	7.8082e-10	-4.976300000000001e-10	6.068900000000001e-10	3.2422e-07	-3.2518e-07
0.565	-1.1081e-09	-5.711400000000001e-10	8.8084e-10	3.2638e-07	-3.256e-07	-9.5993e-10	-3.9965e-10	7.2331e-10	3.263e-07	-3.2556e-07	-7.9125e-10	-3.7247e-10	6.8721e-10	3.2574e-07	-3.2532e-07	-6.151700000000001e-10	-3.6901000000000005e-10	6.644100000000001e-10	3.2552e-07	-3.2524e-07	-4.3200000000000006e-10	-3.7616e-10	6.540900000000001e-10	3.2444e-07	-3.244e-07	-2.471e-10	-3.9128e-10	6.428e-10	3.2428e-07	-3.2428e-07	-6.056000000000001e-11	-4.0903e-10	6.2929e-10	3.251e-07	-3.252e-07	1.3033e-10	-4.3002e-10	6.307100000000001e-10	3.2488e-07	-3.2512e-07	3.4317e-10	-4.5286e-10	6.2498e-10	3.2468e-07	-3.2524e-07	5.5779e-10	-4.884600000000001e-10	6.111800000000001e-10	3.2356e-07	-3.2422e-07	7.9523e-10	-5.267400000000001e-10	6.0815e-10	3.2422e-07	-3.2518e-07
0.56	-1.1004e-09	-5.824500000000001e-10	8.8048e-10	3.2642e-07	-3.2564e-07	-9.49e-10	-4.1482e-10	7.324e-10	3.26e-07	-3.253e-07	-7.7893e-10	-3.8623e-10	6.992e-10	3.2582e-07	-3.2516e-07	-6.0156e-10	-3.8552e-10	6.7572e-10	3.2562e-07	-3.2532e-07	-4.2162e-10	-3.9017e-10	6.5528e-10	3.2448e-07	-3.2432e-07	-2.3252e-10	-4.0629000000000005e-10	6.527900000000001e-10	3.2426e-07	-3.242e-07	-4.8060000000000006e-11	-4.2812e-10	6.364e-10	3.251e-07	-3.2526e-07	1.5035e-10	-4.5265e-10	6.304300000000001e-10	3.2492e-07	-3.2526e-07	3.5212e-10	-4.7851e-10	6.193300000000001e-10	3.2468e-07	-3.2524e-07	5.858100000000001e-10	-5.0999e-10	6.1397e-10	3.235e-07	-3.2416e-07	8.2353e-10	-5.4951e-10	6.149900000000001e-10	3.2428e-07	-3.2512e-07
0.555	-1.1034e-09	-5.999500000000001e-10	8.851e-10	3.267e-07	-3.2586e-07	-9.4659e-10	-4.3383e-10	7.3986e-10	3.2608e-07	-3.254e-07	-7.691e-10	-4.0505e-10	7.0049e-10	3.258e-07	-3.2526e-07	-5.9272e-10	-4.0272e-10	6.7618e-10	3.256e-07	-3.2534e-07	-4.1291e-10	-4.1267e-10	6.6438e-10	3.2438e-07	-3.243e-07	-2.2066e-10	-4.2674e-10	6.5447e-10	3.2428e-07	-3.243e-07	-3.333e-11	-4.4747000000000006e-10	6.4244e-10	3.2498e-07	-3.252e-07	1.7228000000000002e-10	-4.716300000000001e-10	6.311800000000001e-10	3.2492e-07	-3.2524e-07	3.7884e-10	-5.0177e-10	6.266100000000001e-10	3.247e-07	-3.2524e-07	5.946200000000001e-10	-5.3196e-10	6.2687e-10	3.2354e-07	-3.242e-07	8.3886e-10	-5.7702e-10	6.082400000000001e-10	3.2428e-07	-3.252e-07
0.55	-1.0886e-09	-6.1442e-10	8.9276e-10	3.2634e-07	-3.2556e-07	-9.3321e-10	-4.4694e-10	7.409e-10	3.26e-07	-3.2542e-07	-7.6212e-10	-4.1958e-10	7.0144e-10	3.2576e-07	-3.2532e-07	-5.8389e-10	-4.1751e-10	6.8358e-10	3.257e-07	-3.2536e-07	-3.9585e-10	-4.3057e-10	6.6063e-10	3.2452e-07	-3.2438e-07	-2.0938e-10	-4.4736000000000005e-10	6.634800000000001e-10	3.2426e-07	-3.243e-07	-2.3210000000000003e-11	-4.676e-10	6.4384e-10	3.25e-07	-3.2522e-07	1.7997000000000003e-10	-4.9143e-10	6.415700000000001e-10	3.2492e-07	-3.2528e-07	3.9623e-10	-5.218800000000001e-10	6.292600000000001e-10	3.2472e-07	-3.252e-07	6.1177e-10	-5.6195e-10	6.224e-10	3.2344e-07	-3.2428e-07	8.596600000000001e-10	-6.011200000000001e-10	6.300800000000001e-10	3.2418e-07	-3.2514e-07
0.545	-1.0723e-09	-6.263800000000001e-10	8.961e-10	3.2638e-07	-3.256e-07	-9.2234e-10	-4.6198e-10	7.5364e-10	3.2596e-07	-3.2536e-07	-7.4776e-10	-4.368e-10	7.1111e-10	3.2578e-07	-3.2532e-07	-5.7015e-10	-4.3782000000000005e-10	6.8446e-10	3.2552e-07	-3.2526e-07	-3.8198e-10	-4.4498000000000005e-10	6.6919e-10	3.2452e-07	-3.2434e-07	-1.9156e-10	-4.6823e-10	6.5692e-10	3.243e-07	-3.243e-07	-9.000000000000001e-13	-4.8939e-10	6.5312e-10	3.2506e-07	-3.2518e-07	1.976e-10	-5.1979e-10	6.495700000000001e-10	3.2486e-07	-3.2526e-07	4.1099000000000005e-10	-5.4708e-10	6.381700000000001e-10	3.247e-07	-3.253e-07	6.4283e-10	-5.8354e-10	6.2911e-10	3.2354e-07	-3.243e-07	8.787400000000001e-10	-6.3232e-10	6.2505e-10	3.2428e-07	-3.2516e-07
0.54	-1.071e-09	-6.4027e-10	9.1118e-10	3.262e-07	-3.2554e-07	-9.1493e-10	-4.802000000000001e-10	7.5593e-10	3.2596e-07	-3.2542e-07	-7.365600000000001e-10	-4.5465e-10	7.1757e-10	3.2564e-07	-3.253e-07	-5.5544e-10	-4.5387000000000006e-10	6.8581e-10	3.256e-07	-3.253e-07	-3.7124000000000005e-10	-4.6555e-10	6.771600000000001e-10	3.245e-07	-3.2434e-07	-1.7598000000000002e-10	-4.8404e-10	6.656000000000001e-10	3.2432e-07	-3.2428e-07	1.657e-11	-5.102600000000001e-10	6.562000000000001e-10	3.2502e-07	-3.2524e-07	2.2127000000000003e-10	-5.3976e-10	6.4913e-10	3.2494e-07	-3.2526e-07	4.2424e-10	-5.7274e-10	6.4043e-10	3.2476e-07	-3.2528e-07	6.584400000000001e-10	-6.087100000000001e-10	6.3399e-10	3.2346e-07	-3.242e-07	9.1388e-10	-6.5736e-10	6.2988e-10	3.2428e-07	-3.2512e-07
0.535	-1.0653e-09	-6.5811e-10	9.0778e-10	3.2636e-07	-3.2554e-07	-9.013399999999999e-10	-4.982700000000001e-10	7.6739e-10	3.26e-07	-3.253e-07	-7.2409e-10	-4.739600000000001e-10	7.2322e-10	3.257e-07	-3.2532e-07	-5.4228e-10	-4.7201e-10	6.964700000000001e-10	3.2558e-07	-3.253e-07	-3.5618e-10	-4.8844e-10	6.8011e-10	3.244e-07	-3.2438e-07	-1.6513e-10	-5.083800000000001e-10	6.7143e-10	3.2428e-07	-3.2432e-07	2.886e-11	-5.329200000000001e-10	6.631800000000001e-10	3.2504e-07	-3.253e-07	2.3696000000000003e-10	-5.625600000000001e-10	6.5282e-10	3.2498e-07	-3.2524e-07	4.5697e-10	-5.9857e-10	6.4919e-10	3.2474e-07	-3.2522e-07	6.8064e-10	-6.3973e-10	6.4201e-10	3.235e-07	-3.2418e-07	9.2719e-10	-6.853200000000001e-10	6.369e-10	3.2432e-07	-3.2514e-07
0.53	-1.0442e-09	-6.7326e-10	9.2144e-10	3.2644e-07	-3.2554e-07	-8.885000000000001e-10	-5.1344e-10	7.7399e-10	3.2602e-07	-3.2536e-07	-7.106200000000001e-10	-4.894600000000001e-10	7.302800000000001e-10	3.2582e-07	-3.2526e-07	-5.2895e-10	-4.943900000000001e-10	7.069900000000001e-10	3.2562e-07	-3.2534e-07	-3.3455000000000005e-10	-5.082500000000001e-10	6.775700000000001e-10	3.2444e-07	-3.243e-07	-1.4879e-10	-5.298500000000001e-10	6.8135e-10	3.2424e-07	-3.2434e-07	5.03e-11	-5.576300000000001e-10	6.662400000000001e-10	3.25e-07	-3.252e-07	2.5323e-10	-5.901500000000001e-10	6.6063e-10	3.249e-07	-3.253e-07	4.7324e-10	-6.2129e-10	6.577800000000001e-10	3.247e-07	-3.252e-07	7.027500000000001e-10	-6.6913e-10	6.4095e-10	3.2356e-07	-3.2418e-07	9.5284e-10	-7.2083e-10	6.4042e-10	3.2418e-07	-3.2522e-07
0.525	-1.0381e-09	-6.854300000000001e-10	9.2491e-10	3.2632e-07	-3.255e-07	-8.7917e-10	-5.314500000000001e-10	7.751300000000001e-10	3.2602e-07	-3.2542e-07	-6.967700000000001e-10	-5.097300000000001e-10	7.2992e-10	3.2572e-07	-3.2532e-07	-5.1652e-10	-5.134300000000001e-10	7.136800000000001e-10	3.256e-07	-3.2526e-07	-3.2632e-10	-5.279800000000001e-10	6.9534e-10	3.2376e-07	-3.2368e-07	-1.3401e-10	-5.5042e-10	6.819200000000001e-10	3.243e-07	-3.2432e-07	6.917e-11	-5.7962e-10	6.7051e-10	3.2506e-07	-3.2524e-07	2.7515000000000003e-10	-6.1582e-10	6.617e-10	3.2494e-07	-3.2524e-07	4.887600000000001e-10	-6.543e-10	6.567e-10	3.2468e-07	-3.252e-07	7.347300000000001e-10	-6.954700000000001e-10	6.518000000000001e-10	3.2352e-07	-3.2424e-07	9.8752e-10	-7.4894e-10	6.459800000000001e-10	3.2432e-07	-3.2514e-07
0.52	-1.0346e-09	-7.050400000000001e-10	9.2841e-10	3.263e-07	-3.2548e-07	-8.6516e-10	-5.5136e-10	7.824000000000001e-10	3.2604e-07	-3.2536e-07	-6.83e-10	-5.2896e-10	7.3904e-10	3.2584e-07	-3.2534e-07	-5.0002e-10	-5.3341e-10	7.1072e-10	3.2562e-07	-3.2524e-07	-3.1083e-10	-5.536e-10	7.0066e-10	3.2452e-07	-3.2436e-07	-1.1766e-10	-5.751300000000001e-10	6.9173e-10	3.2426e-07	-3.2434e-07	8.469e-11	-6.0532e-10	6.798100000000001e-10	3.2506e-07	-3.252e-07	3.0217e-10	-6.385200000000001e-10	6.670100000000001e-10	3.2492e-07	-3.2522e-07	5.215300000000001e-10	-6.8158e-10	6.655900000000001e-10	3.248e-07	-3.2528e-07	7.5072e-10	-7.2487e-10	6.692400000000001e-10	3.2362e-07	-3.236e-07	1.00834e-09	-7.7908e-10	6.583000000000001e-10	3.2428e-07	-3.2512e-07
0.515	-1.023e-09	-7.2592e-10	9.4205e-10	3.264e-07	-3.2548e-07	-8.574300000000001e-10	-5.6997e-10	7.7985e-10	3.26e-07	-3.2544e-07	-6.732900000000001e-10	-5.5279e-10	7.4316e-10	3.2582e-07	-3.2524e-07	-4.839500000000001e-10	-5.525900000000001e-10	7.2644e-10	3.2562e-07	-3.2526e-07	-2.8671000000000004e-10	-5.7345e-10	7.0236e-10	3.2452e-07	-3.2428e-07	-9.621e-11	-6.0047e-10	6.9188e-10	3.2426e-07	-3.2428e-07	1.049e-10	-6.324700000000001e-10	6.8143e-10	3.2502e-07	-3.2524e-07	3.1418000000000005e-10	-6.678e-10	6.807e-10	3.249e-07	-3.2526e-07	5.4421e-10	-7.090900000000001e-10	6.7923e-10	3.2484e-07	-3.2526e-07	7.720700000000001e-10	-7.6101e-10	6.6526e-10	3.2356e-07	-3.2426e-07	1.03469e-09	-8.1509e-10	6.5862e-10	3.2426e-07	-3.2512e-07
0.51	-1.0006e-09	-7.3836e-10	9.3023e-10	3.2632e-07	-3.2554e-07	-8.3989e-10	-5.873400000000001e-10	7.8889e-10	3.2602e-07	-3.2536e-07	-6.559600000000001e-10	-5.669700000000001e-10	7.4872e-10	3.2578e-07	-3.2536e-07	-4.7135e-10	-5.7684e-10	7.186000000000001e-10	3.2558e-07	-3.2526e-07	-2.7414e-10	-5.93e-10	7.114e-10	3.2458e-07	-3.2448e-07	-7.33e-11	-6.2381e-10	6.9772e-10	3.2438e-07	-3.243e-07	1.2861e-10	-6.5757e-10	6.828400000000001e-10	3.251e-07	-3.252e-07	3.4334000000000003e-10	-6.998100000000001e-10	6.8847e-10	3.2486e-07	-3.2526e-07	5.6628e-10	-7.407e-10	6.753300000000001e-10	3.2468e-07	-3.2528e-07	8.1225e-10	-7.9049e-10	6.6734e-10	3.2352e-07	-3.243e-07	1.06155e-09	-8.4992e-10	6.620600000000001e-10	3.2426e-07	-3.2512e-07
0.505	-9.964e-10	-7.5501e-10	9.3398e-10	3.2636e-07	-3.255e-07	-8.270900000000001e-10	-6.0948e-10	7.9048e-10	3.2608e-07	-3.2542e-07	-6.4079e-10	-5.9123e-10	7.501e-10	3.258e-07	-3.2526e-07	-4.5411000000000005e-10	-5.9888e-10	7.2903e-10	3.2564e-07	-3.2528e-07	-2.5970000000000004e-10	-6.2042e-10	7.142500000000001e-10	3.2454e-07	-3.2434e-07	-5.449e-11	-6.483e-10	6.997700000000001e-10	3.2434e-07	-3.2434e-07	1.4864000000000002e-10	-6.823e-10	6.897e-10	3.2506e-07	-3.2526e-07	3.7080000000000005e-10	-7.2697e-10	6.858400000000001e-10	3.2494e-07	-3.2526e-07	5.89e-10	-7.7288e-10	6.802800000000001e-10	3.2468e-07	-3.2522e-07	8.3038e-10	-8.2175e-10	6.8141e-10	3.2356e-07	-3.2428e-07	1.10059e-09	-8.8272e-10	6.7089e-10	3.242e-07	-3.2514e-07
0.5	-9.8728e-10	-7.719500000000001e-10	9.603e-10	3.2628e-07	-3.2548e-07	-8.070100000000001e-10	-6.3093e-10	7.9993e-10	3.2606e-07	-3.2538e-07	-6.2393e-10	-6.1308e-10	7.453100000000001e-10	3.2576e-07	-3.2532e-07	-4.4028000000000006e-10	-6.202600000000001e-10	7.3745e-10	3.2556e-07	-3.2524e-07	-2.3944e-10	-6.4614e-10	7.2495e-10	3.2458e-07	-3.244e-07	-3.875e-11	-6.7578e-10	7.084500000000001e-10	3.2436e-07	-3.2436e-07	1.7001000000000002e-10	-7.130900000000001e-10	6.999900000000001e-10	3.2504e-07	-3.2526e-07	3.8616e-10	-7.560500000000001e-10	6.9333e-10	3.2474e-07	-3.2514e-07	6.2372e-10	-8.0304e-10	6.848000000000001e-10	3.2478e-07	-3.253e-07	8.579000000000001e-10	-8.6043e-10	6.811000000000001e-10	3.2352e-07	-3.2426e-07	1.11963e-09	-9.1922e-10	6.7601e-10	3.2446e-07	-3.252e-07
0.495	-9.6971e-10	-7.933200000000001e-10	9.4817e-10	3.2626e-07	-3.2548e-07	-7.929800000000001e-10	-6.4836e-10	8.0986e-10	3.2606e-07	-3.2546e-07	-6.0868e-10	-6.331200000000001e-10	7.616300000000001e-10	3.2578e-07	-3.2534e-07	-4.1536000000000005e-10	-6.465600000000001e-10	7.4338e-10	3.2564e-07	-3.2528e-07	-2.1271e-10	-6.697000000000001e-10	7.4279e-10	3.245e-07	-3.2448e-07	-9.24e-12	-7.0443e-10	7.1488e-10	3.2422e-07	-3.243e-07	1.9604e-10	-7.4335e-10	7.0271e-10	3.2516e-07	-3.2534e-07	4.1332e-10	-7.9143e-10	6.9768e-10	3.248e-07	-3.252e-07	6.4424e-10	-8.341e-10	6.8909e-10	3.2466e-07	-3.2528e-07	8.9031e-10	-8.9344e-10	6.8142e-10	3.2352e-07	-3.2422e-07	1.1589e-09	-9.5181e-10	6.7971e-10	3.2424e-07	-3.2514e-07
0.49	-9.45e-10	-8.0961e-10	9.6445e-10	3.2636e-07	-3.255e-07	-7.7453e-10	-6.714000000000001e-10	8.0972e-10	3.26e-07	-3.254e-07	-5.8732e-10	-6.5794e-10	7.6496e-10	3.2576e-07	-3.2536e-07	-3.9699e-10	-6.701700000000001e-10	7.5221e-10	3.256e-07	-3.253e-07	-1.9957e-10	-6.9415e-10	7.3213e-10	3.245e-07	-3.2436e-07	1.04e-11	-7.2907e-10	7.266e-10	3.2362e-07	-3.243e-07	2.1992000000000003e-10	-7.7071e-10	7.1512e-10	3.2502e-07	-3.2518e-07	4.4380000000000006e-10	-8.1916e-10	7.001200000000001e-10	3.2482e-07	-3.2524e-07	6.6904e-10	-8.7207e-10	6.9649e-10	3.2464e-07	-3.253e-07	9.237200000000001e-10	-9.2778e-10	6.8188e-10	3.2354e-07	-3.2416e-07	1.1809e-09	-9.9211e-10	6.785700000000001e-10	3.2424e-07	-3.2518e-07
0.485	-9.4492e-10	-8.315400000000001e-10	9.6784e-10	3.2632e-07	-3.2548e-07	-7.6242e-10	-6.9575e-10	8.092300000000001e-10	3.2602e-07	-3.2542e-07	-5.733500000000001e-10	-6.811400000000001e-10	7.8114e-10	3.258e-07	-3.2528e-07	-3.7863e-10	-6.968200000000001e-10	7.516400000000001e-10	3.2558e-07	-3.252e-07	-1.7635000000000002e-10	-7.242e-10	7.4115e-10	3.245e-07	-3.2434e-07	2.9440000000000004e-11	-7.6237e-10	7.2723e-10	3.2428e-07	-3.2418e-07	2.4839e-10	-8.0504e-10	7.194200000000001e-10	3.251e-07	-3.2526e-07	4.7423e-10	-8.516e-10	7.0695e-10	3.249e-07	-3.2522e-07	7.093300000000001e-10	-9.0591e-10	6.9767e-10	3.247e-07	-3.252e-07	9.494e-10	-9.6494e-10	6.9766e-10	3.2354e-07	-3.2422e-07	1.2219e-09	-1.03225e-09	6.8277e-10	3.2426e-07	-3.2508e-07
0.48	-9.2796e-10	-8.5559e-10	9.6014e-10	3.2632e-07	-3.255e-07	-7.4442e-10	-7.1747e-10	8.2264e-10	3.2606e-07	-3.2536e-07	-5.549800000000001e-10	-7.049e-10	7.7561e-10	3.2588e-07	-3.2542e-07	-3.5593000000000003e-10	-7.2093e-10	7.6058e-10	3.2568e-07	-3.2534e-07	-1.4492e-10	-7.520600000000001e-10	7.2783e-10	3.2456e-07	-3.2428e-07	5.75e-11	-7.9142e-10	7.2471e-10	3.243e-07	-3.2428e-07	2.7324000000000003e-10	-8.371300000000001e-10	7.179600000000001e-10	3.251e-07	-3.252e-07	4.910000000000001e-10	-8.871e-10	7.1141e-10	3.2492e-07	-3.2516e-07	7.3275e-10	-9.3928e-10	7.0513e-10	3.246e-07	-3.2516e-07	9.7928e-10	-1.00649e-09	6.993500000000001e-10	3.2362e-07	-3.2424e-07	1.2582e-09	-1.06841e-09	6.898900000000001e-10	3.2422e-07	-3.252e-07
0.475	-9.0503e-10	-8.7465e-10	9.6941e-10	3.2632e-07	-3.2546e-07	-7.304e-10	-7.402500000000001e-10	8.3023e-10	3.26e-07	-3.2542e-07	-5.3288e-10	-7.2914e-10	7.8768e-10	3.259e-07	-3.2532e-07	-3.3685000000000003e-10	-7.510000000000001e-10	7.5577e-10	3.256e-07	-3.2528e-07	-1.2919000000000002e-10	-7.7797e-10	7.4872e-10	3.2446e-07	-3.243e-07	8.216e-11	-8.2199e-10	7.452400000000001e-10	3.242e-07	-3.2424e-07	3.0223e-10	-8.691800000000001e-10	7.2859e-10	3.2518e-07	-3.2526e-07	5.2531e-10	-9.2549e-10	7.177e-10	3.2488e-07	-3.2524e-07	7.596e-10	-9.7956e-10	7.083400000000001e-10	3.2472e-07	-3.2518e-07	1.02398e-09	-1.04108e-09	7.071000000000001e-10	3.2352e-07	-3.2424e-07	1.2838e-09	-1.11024e-09	7.0309e-10	3.2434e-07	-3.252e-07
0.47	-8.9286e-10	-8.948e-10	9.7122e-10	3.263e-07	-3.2542e-07	-7.110800000000001e-10	-7.6781e-10	8.298e-10	3.2606e-07	-3.2546e-07	-5.1393e-10	-7.5809e-10	7.9387e-10	3.2586e-07	-3.2564e-07	-3.1145000000000005e-10	-7.7769e-10	7.6953e-10	3.256e-07	-3.2524e-07	-1.0626e-10	-8.131e-10	7.474700000000001e-10	3.2446e-07	-3.243e-07	1.0792e-10	-8.5306e-10	7.519400000000001e-10	3.242e-07	-3.2424e-07	3.3456000000000003e-10	-9.012799999999999e-10	7.360300000000001e-10	3.2504e-07	-3.2522e-07	5.632600000000001e-10	-9.5803e-10	7.3078e-10	3.2486e-07	-3.2524e-07	7.932600000000001e-10	-1.01682e-09	7.1676e-10	3.2474e-07	-3.2528e-07	1.0485600000000002e-09	-1.07894e-09	7.150200000000001e-10	3.2356e-07	-3.2422e-07	1.3236e-09	-1.149e-09	7.0919e-10	3.2426e-07	-3.251e-07
0.465	-8.8231e-10	-9.2039e-10	9.8598e-10	3.2626e-07	-3.2548e-07	-6.9122e-10	-7.912200000000001e-10	8.394e-10	3.2606e-07	-3.2536e-07	-4.9237e-10	-7.8562e-10	8.0402e-10	3.2578e-07	-3.2538e-07	-2.8965000000000003e-10	-8.0363e-10	7.7732e-10	3.2558e-07	-3.2526e-07	-7.297e-11	-8.412400000000001e-10	7.657400000000001e-10	3.2448e-07	-3.2436e-07	1.3239000000000002e-10	-8.8906e-10	7.4988e-10	3.2426e-07	-3.2428e-07	3.5724e-10	-9.3878e-10	7.3606e-10	3.2536e-07	-3.2538e-07	5.838800000000001e-10	-9.9456e-10	7.2715e-10	3.2486e-07	-3.2524e-07	8.347e-10	-1.05738e-09	7.181900000000001e-10	3.2474e-07	-3.252e-07	1.08244e-09	-1.1187e-09	7.137300000000001e-10	3.2346e-07	-3.2418e-07	1.359e-09	-1.1962e-09	7.1305e-10	3.242e-07	-3.2516e-07
0.46	-8.5974e-10	-9.4549e-10	9.851e-10	3.2634e-07	-3.2548e-07	-6.7167e-10	-8.165800000000001e-10	8.3886e-10	3.2602e-07	-3.253e-07	-4.7306e-10	-8.0998e-10	8.0357e-10	3.2574e-07	-3.2522e-07	-2.6238000000000003e-10	-8.3812e-10	7.7949e-10	3.2566e-07	-3.253e-07	-4.7110000000000006e-11	-8.732800000000001e-10	7.603e-10	3.2444e-07	-3.243e-07	1.6506000000000002e-10	-9.2363e-10	7.5603e-10	3.2428e-07	-3.242e-07	3.9121e-10	-9.7318e-10	7.3936e-10	3.2506e-07	-3.2524e-07	6.1894e-10	-1.03431e-09	7.3851e-10	3.2486e-07	-3.2524e-07	8.613600000000001e-10	-1.09211e-09	7.2556e-10	3.247e-07	-3.252e-07	1.1166e-09	-1.1636e-09	7.2197e-10	3.2356e-07	-3.243e-07	1.4092e-09	-1.2392e-09	7.075200000000001e-10	3.2424e-07	-3.2514e-07
0.455	-8.3353e-10	-9.6561e-10	9.9004e-10	3.266e-07	-3.2578e-07	-6.5112e-10	-8.4431e-10	8.559600000000001e-10	3.2602e-07	-3.254e-07	-4.4792e-10	-8.4326e-10	8.0131e-10	3.2582e-07	-3.2532e-07	-2.4045000000000003e-10	-8.6793e-10	7.8904e-10	3.256e-07	-3.2532e-07	-2.9440000000000004e-11	-9.056e-10	7.7498e-10	3.2448e-07	-3.243e-07	1.9418e-10	-9.5397e-10	7.548e-10	3.2422e-07	-3.2422e-07	4.2156e-10	-1.00835e-09	7.566400000000001e-10	3.251e-07	-3.252e-07	6.545600000000001e-10	-1.07237e-09	7.3605e-10	3.2486e-07	-3.252e-07	8.9468e-10	-1.1316e-09	7.2773e-10	3.2466e-07	-3.252e-07	1.1470999999999999e-09	-1.2038e-09	7.2618e-10	3.2358e-07	-3.242e-07	1.4418e-09	-1.2822e-09	7.1407e-10	3.2426e-07	-3.2514e-07
0.45	-8.2516e-10	-9.9017e-10	1.00284e-09	3.263e-07	-3.2546e-07	-6.316000000000001e-10	-8.729e-10	8.6164e-10	3.2602e-07	-3.2536e-07	-4.2063e-10	-8.7145e-10	8.1549e-10	3.2584e-07	-3.2532e-07	-2.1629e-10	-9.0103e-10	7.919200000000001e-10	3.2556e-07	-3.252e-07	4.2000000000000003e-13	-9.4358e-10	7.7272e-10	3.2452e-07	-3.2434e-07	2.2127000000000003e-10	-9.9372e-10	7.646700000000001e-10	3.2422e-07	-3.2424e-07	4.4758e-10	-1.04946e-09	7.5156e-10	3.2504e-07	-3.2524e-07	6.8952e-10	-1.1086e-09	7.4323e-10	3.2486e-07	-3.2522e-07	9.2925e-10	-1.1759e-09	7.379100000000001e-10	3.2468e-07	-3.252e-07	1.1953e-09	-1.2479e-09	7.2912e-10	3.236e-07	-3.242e-07	1.4805e-09	-1.3335e-09	7.2232e-10	3.2428e-07	-3.2512e-07
0.445	-8.0322e-10	-1.02159e-09	1.0082e-09	3.2636e-07	-3.255e-07	-6.065200000000001e-10	-9.007000000000001e-10	8.5923e-10	3.2602e-07	-3.2534e-07	-4.0013e-10	-9.0268e-10	8.119900000000001e-10	3.2576e-07	-3.2532e-07	-1.8859e-10	-9.3244e-10	8.1767e-10	3.2552e-07	-3.2524e-07	4.013e-11	-9.7601e-10	7.766000000000001e-10	3.245e-07	-3.2436e-07	2.5521000000000004e-10	-1.03288e-09	7.584000000000001e-10	3.2428e-07	-3.243e-07	4.8432e-10	-1.08775e-09	7.6576e-10	3.252e-07	-3.2524e-07	7.2224e-10	-1.1459e-09	7.5454e-10	3.2494e-07	-3.2524e-07	9.7136e-10	-1.217e-09	7.453e-10	3.2466e-07	-3.2514e-07	1.2424e-09	-1.293e-09	7.3036e-10	3.2356e-07	-3.2422e-07	1.5248e-09	-1.3832e-09	7.2909e-10	3.243e-07	-3.2522e-07
0.44	-7.6913e-10	-1.04614e-09	1.0079e-09	3.2636e-07	-3.255e-07	-5.819e-10	-9.2957e-10	8.751700000000001e-10	3.2592e-07	-3.253e-07	-3.7122e-10	-9.3313e-10	8.2634e-10	3.2588e-07	-3.2532e-07	-1.6368000000000002e-10	-9.6851e-10	8.0685e-10	3.2552e-07	-3.2524e-07	5.616e-11	-1.007e-09	7.9099e-10	3.2452e-07	-3.2436e-07	2.8345000000000004e-10	-1.06668e-09	7.7272e-10	3.2426e-07	-3.2434e-07	5.152e-10	-1.1241e-09	7.6219e-10	3.2514e-07	-3.2532e-07	7.5201e-10	-1.1937e-09	7.5624e-10	3.248e-07	-3.2518e-07	1.00837e-09	-1.2601e-09	7.492400000000001e-10	3.247e-07	-3.252e-07	1.2747e-09	-1.341e-09	7.4204e-10	3.235e-07	-3.2424e-07	1.574e-09	-1.4306e-09	7.3522e-10	3.2428e-07	-3.2514e-07
0.435	-7.5272e-10	-1.07333e-09	1.0173700000000002e-09	3.2628e-07	-3.2548e-07	-5.582800000000001e-10	-9.641e-10	8.6932e-10	3.26e-07	-3.2538e-07	-3.4958000000000005e-10	-9.7257e-10	8.2717e-10	3.258e-07	-3.253e-07	-1.3377000000000002e-10	-1.00414e-09	8.0763e-10	3.256e-07	-3.2526e-07	8.977e-11	-1.0510700000000002e-09	7.952600000000001e-10	3.245e-07	-3.2444e-07	3.2145e-10	-1.10581e-09	7.8016e-10	3.2434e-07	-3.2424e-07	5.552300000000001e-10	-1.1657e-09	7.7138e-10	3.2516e-07	-3.252e-07	8.012000000000001e-10	-1.2341e-09	7.6258e-10	3.249e-07	-3.2524e-07	1.04305e-09	-1.3097e-09	7.5462e-10	3.2474e-07	-3.252e-07	1.3184e-09	-1.3927e-09	7.4422e-10	3.2274e-07	-3.2344e-07	1.6163e-09	-1.4832e-09	7.4424e-10	3.2422e-07	-3.2518e-07
0.43	-7.3072e-10	-1.10474e-09	1.0216100000000002e-09	3.2632e-07	-3.2548e-07	-5.2912e-10	-9.9354e-10	8.7999e-10	3.2594e-07	-3.2538e-07	-3.1514e-10	-1.00397e-09	8.418100000000001e-10	3.2588e-07	-3.2536e-07	-1.0232e-10	-1.03626e-09	8.1432e-10	3.2558e-07	-3.253e-07	1.2507e-10	-1.0863600000000002e-09	7.9456e-10	3.2396e-07	-3.2436e-07	3.5359e-10	-1.1409e-09	7.8372e-10	3.2422e-07	-3.2428e-07	5.833300000000001e-10	-1.2045e-09	7.728400000000001e-10	3.2504e-07	-3.2512e-07	8.3109e-10	-1.2753e-09	7.6504e-10	3.2496e-07	-3.2528e-07	1.0954700000000001e-09	-1.3569e-09	7.5945e-10	3.2462e-07	-3.2514e-07	1.3709e-09	-1.4403e-09	7.4896e-10	3.2354e-07	-3.2418e-07	1.6594e-09	-1.5394e-09	7.4562e-10	3.2426e-07	-3.2508e-07
0.425	-6.9862e-10	-1.1313e-09	1.03098e-09	3.2626e-07	-3.2552e-07	-5.0835e-10	-1.02671e-09	8.8704e-10	3.2596e-07	-3.2536e-07	-2.908e-10	-1.03411e-09	8.399e-10	3.2578e-07	-3.2524e-07	-7.187e-11	-1.07576e-09	8.1882e-10	3.2566e-07	-3.2522e-07	1.565e-10	-1.1226e-09	7.9599e-10	3.2456e-07	-3.2428e-07	3.8902e-10	-1.1855e-09	7.855700000000001e-10	3.243e-07	-3.2426e-07	6.2411e-10	-1.2514e-09	7.8149e-10	3.2514e-07	-3.2526e-07	8.6878e-10	-1.325e-09	7.7364e-10	3.249e-07	-3.2526e-07	1.1381e-09	-1.4014e-09	7.6415e-10	3.2468e-07	-3.2514e-07	1.4148e-09	-1.4925e-09	7.5618e-10	3.2356e-07	-3.243e-07	1.72e-09	-1.5964e-09	7.529300000000001e-10	3.242e-07	-3.251e-07
0.42	-6.718800000000001e-10	-1.1621e-09	1.02064e-09	3.2632e-07	-3.255e-07	-4.722000000000001e-10	-1.06183e-09	8.8384e-10	3.2602e-07	-3.2536e-07	-2.547e-10	-1.07227e-09	8.448800000000001e-10	3.2576e-07	-3.2524e-07	-3.824e-11	-1.11212e-09	8.4135e-10	3.2558e-07	-3.252e-07	1.9087e-10	-1.1577e-09	8.082900000000001e-10	3.238e-07	-3.2434e-07	4.2467e-10	-1.2248e-09	7.938000000000001e-10	3.244e-07	-3.2424e-07	6.608300000000001e-10	-1.2929e-09	7.883400000000001e-10	3.2506e-07	-3.2522e-07	9.117999999999999e-10	-1.3737e-09	7.8301e-10	3.2484e-07	-3.2514e-07	1.1742e-09	-1.4493e-09	7.7182e-10	3.247e-07	-3.2516e-07	1.4585e-09	-1.5481e-09	7.6141e-10	3.235e-07	-3.2428e-07	1.7695e-09	-1.6488e-09	7.5588e-10	3.2426e-07	-3.2518e-07
0.415	-6.493300000000001e-10	-1.1871e-09	1.03129e-09	3.2632e-07	-3.2546e-07	-4.427e-10	-1.09526e-09	8.9192e-10	3.2594e-07	-3.2546e-07	-2.2636e-10	-1.10824e-09	8.5706e-10	3.259e-07	-3.2536e-07	-7.35e-12	-1.149e-09	8.2007e-10	3.2606e-07	-3.258e-07	2.1667e-10	-1.2038e-09	8.3291e-10	3.2444e-07	-3.2424e-07	4.5694e-10	-1.2685e-09	8.0325e-10	3.2428e-07	-3.2422e-07	7.0273e-10	-1.3399e-09	7.8775e-10	3.2518e-07	-3.2526e-07	9.6462e-10	-1.421e-09	7.821200000000001e-10	3.2488e-07	-3.2512e-07	1.2177e-09	-1.5008e-09	7.7866e-10	3.2464e-07	-3.2518e-07	1.5096e-09	-1.606e-09	7.6101e-10	3.2352e-07	-3.2424e-07	1.8178e-09	-1.7077e-09	7.5865e-10	3.2422e-07	-3.2514e-07
0.41	-6.294300000000001e-10	-1.2227e-09	1.03803e-09	3.2628e-07	-3.2544e-07	-4.1800000000000006e-10	-1.1288e-09	9.0073e-10	3.2596e-07	-3.2528e-07	-2.0174e-10	-1.1424e-09	8.6886e-10	3.2584e-07	-3.2536e-07	2.508e-11	-1.1872e-09	8.4115e-10	3.2562e-07	-3.253e-07	2.6127e-10	-1.2451e-09	8.2676e-10	3.2452e-07	-3.2428e-07	5.0177e-10	-1.3165e-09	8.077600000000001e-10	3.2426e-07	-3.2434e-07	7.4617e-10	-1.3876e-09	8.0769e-10	3.2522e-07	-3.2528e-07	1.00084e-09	-1.4684e-09	8.0163e-10	3.2488e-07	-3.252e-07	1.2635e-09	-1.5595e-09	7.7159e-10	3.2474e-07	-3.2518e-07	1.5672e-09	-1.6594e-09	7.6768e-10	3.2356e-07	-3.2424e-07	1.8701e-09	-1.7701e-09	7.6679e-10	3.2424e-07	-3.2508e-07
0.405	-5.9571e-10	-1.2606e-09	1.04028e-09	3.2634e-07	-3.2546e-07	-3.8617e-10	-1.1632e-09	9.102699999999999e-10	3.26e-07	-3.2532e-07	-1.6571000000000002e-10	-1.1785e-09	8.6892e-10	3.2576e-07	-3.2524e-07	5.600000000000001e-11	-1.2288e-09	8.407000000000001e-10	3.256e-07	-3.2536e-07	3.0164e-10	-1.2851e-09	8.2781e-10	3.2452e-07	-3.2432e-07	5.3986e-10	-1.3641e-09	8.087600000000001e-10	3.2428e-07	-3.242e-07	7.8348e-10	-1.4376e-09	7.9598e-10	3.2518e-07	-3.2528e-07	1.0436200000000002e-09	-1.526e-09	7.9525e-10	3.249e-07	-3.2524e-07	1.329e-09	-1.6157e-09	7.8075e-10	3.247e-07	-3.2518e-07	1.6125e-09	-1.7162e-09	7.7415e-10	3.2352e-07	-3.2424e-07	1.9332e-09	-1.8321e-09	7.6372e-10	3.242e-07	-3.2514e-07
0.4	-5.677e-10	-1.2919e-09	1.0416900000000002e-09	3.2636e-07	-3.2548e-07	-3.5341e-10	-1.2025e-09	9.1137e-10	3.2594e-07	-3.253e-07	-1.3692e-10	-1.22e-09	8.668200000000001e-10	3.2582e-07	-3.2538e-07	9.486000000000001e-11	-1.272e-09	8.5955e-10	3.257e-07	-3.2534e-07	3.3267e-10	-1.3307e-09	8.372e-10	3.2434e-07	-3.2434e-07	5.7814e-10	-1.4057e-09	8.2052e-10	3.243e-07	-3.243e-07	8.3608e-10	-1.4861e-09	8.057e-10	3.254e-07	-3.2524e-07	1.1002e-09	-1.5763e-09	7.973e-10	3.2488e-07	-3.2514e-07	1.3707e-09	-1.6694e-09	7.9225e-10	3.2474e-07	-3.2518e-07	1.6651e-09	-1.7823e-09	7.8419e-10	3.2348e-07	-3.2416e-07	1.9882e-09	-1.8928e-09	7.8032e-10	3.242e-07	-3.2512e-07
0.395	-5.3888e-10	-1.3251e-09	1.06566e-09	3.2624e-07	-3.2542e-07	-3.1824000000000003e-10	-1.2413e-09	9.1739e-10	3.2594e-07	-3.2532e-07	-9.392e-11	-1.2638e-09	8.7782e-10	3.258e-07	-3.253e-07	1.2975000000000002e-10	-1.3135e-09	8.5583e-10	3.2562e-07	-3.2532e-07	3.7174000000000005e-10	-1.3794e-09	8.3178e-10	3.2442e-07	-3.2436e-07	6.1713e-10	-1.4524e-09	8.2971e-10	3.237e-07	-3.2424e-07	8.767e-10	-1.5381e-09	8.1225e-10	3.2518e-07	-3.253e-07	1.1443e-09	-1.6309e-09	8.1549e-10	3.2488e-07	-3.2518e-07	1.422e-09	-1.7318e-09	7.9739e-10	3.2474e-07	-3.2518e-07	1.7283e-09	-1.8423e-09	7.8498e-10	3.2352e-07	-3.2424e-07	2.0375e-09	-1.9593e-09	7.8041e-10	3.2428e-07	-3.2506e-07
0.39	-5.1773e-10	-1.3678e-09	1.06019e-09	3.2614e-07	-3.2558e-07	-2.9028e-10	-1.2799e-09	9.2386e-10	3.2592e-07	-3.2532e-07	-6.543e-11	-1.3031e-09	8.8591e-10	3.2584e-07	-3.2534e-07	1.7178000000000003e-10	-1.3578e-09	8.5895e-10	3.2558e-07	-3.2528e-07	4.1721000000000005e-10	-1.4247e-09	8.3805e-10	3.2446e-07	-3.2442e-07	6.6697e-10	-1.5046e-09	8.2949e-10	3.2432e-07	-3.2428e-07	9.264e-10	-1.5935e-09	8.232000000000001e-10	3.2516e-07	-3.253e-07	1.1989e-09	-1.6841e-09	8.0718e-10	3.2486e-07	-3.2514e-07	1.4789e-09	-1.7901e-09	8.033600000000001e-10	3.2468e-07	-3.2518e-07	1.7839e-09	-1.9003e-09	7.8909e-10	3.2352e-07	-3.2418e-07	2.1055e-09	-2.0273e-09	7.8072e-10	3.2432e-07	-3.25e-07
0.385	-4.6518e-10	-1.4031e-09	1.0659e-09	3.2622e-07	-3.2576e-07	-2.5305e-10	-1.3198e-09	9.4083e-10	3.259e-07	-3.2536e-07	-2.522e-11	-1.3466e-09	8.896000000000001e-10	3.2578e-07	-3.2524e-07	2.1405000000000003e-10	-1.4057e-09	8.712e-10	3.2564e-07	-3.2522e-07	4.6426000000000006e-10	-1.4701e-09	8.5107e-10	3.2452e-07	-3.2428e-07	7.134900000000001e-10	-1.5549e-09	8.4048e-10	3.2362e-07	-3.2428e-07	9.7483e-10	-1.6499e-09	8.2079e-10	3.2518e-07	-3.2554e-07	1.2402e-09	-1.7436e-09	8.1271e-10	3.2492e-07	-3.2522e-07	1.5392e-09	-1.8514e-09	7.9671e-10	3.2478e-07	-3.2524e-07	1.8399e-09	-1.9676e-09	7.9684e-10	3.235e-07	-3.2422e-07	2.1682e-09	-2.0925e-09	7.883300000000001e-10	3.2422e-07	-3.2508e-07
0.38	-4.4182e-10	-1.4385e-09	1.0702800000000002e-09	3.262e-07	-3.2538e-07	-2.1747000000000003e-10	-1.3634e-09	9.4266e-10	3.2602e-07	-3.2534e-07	1.106e-11	-1.3908e-09	8.9605e-10	3.258e-07	-3.2536e-07	2.5031000000000004e-10	-1.4511e-09	8.6298e-10	3.256e-07	-3.2528e-07	4.990400000000001e-10	-1.5239e-09	8.5133e-10	3.2452e-07	-3.2436e-07	7.5365e-10	-1.6074e-09	8.388900000000001e-10	3.2374e-07	-3.2368e-07	1.0272e-09	-1.7035e-09	8.2466e-10	3.252e-07	-3.253e-07	1.3045e-09	-1.8072e-09	8.2544e-10	3.249e-07	-3.252e-07	1.5903e-09	-1.912e-09	8.1185e-10	3.247e-07	-3.2524e-07	1.8962e-09	-2.0359e-09	8.0312e-10	3.235e-07	-3.242e-07	2.2271e-09	-2.1596e-09	8.0043e-10	3.2424e-07	-3.251e-07
0.375	-4.1275000000000005e-10	-1.4832e-09	1.08415e-09	3.2618e-07	-3.2534e-07	-1.7969e-10	-1.4065e-09	9.5148e-10	3.26e-07	-3.2532e-07	4.9980000000000005e-11	-1.4379e-09	8.959400000000001e-10	3.2576e-07	-3.2536e-07	2.9186e-10	-1.5001e-09	8.9103e-10	3.2558e-07	-3.2528e-07	5.505300000000001e-10	-1.5743e-09	8.5605e-10	3.245e-07	-3.2434e-07	8.0831e-10	-1.664e-09	8.4991e-10	3.243e-07	-3.2434e-07	1.07857e-09	-1.762e-09	8.4108e-10	3.2512e-07	-3.253e-07	1.3588e-09	-1.8661e-09	8.2252e-10	3.248e-07	-3.2518e-07	1.6428e-09	-1.9817e-09	8.2548e-10	3.2464e-07	-3.252e-07	1.9665e-09	-2.1028e-09	8.008e-10	3.2356e-07	-3.2424e-07	2.2892e-09	-2.2333e-09	8.0598e-10	3.2424e-07	-3.2502e-07
0.37	-3.6689e-10	-1.521e-09	1.0776600000000002e-09	3.2632e-07	-3.2542e-07	-1.4421e-10	-1.4477e-09	9.5825e-10	3.2592e-07	-3.2532e-07	9.385e-11	-1.4809e-09	9.1242e-10	3.2578e-07	-3.253e-07	3.3309000000000004e-10	-1.5521e-09	8.7559e-10	3.2568e-07	-3.2534e-07	5.9658e-10	-1.6247e-09	8.6691e-10	3.2448e-07	-3.2434e-07	8.5765e-10	-1.7206e-09	8.549e-10	3.2424e-07	-3.2422e-07	1.1275800000000002e-09	-1.8217e-09	8.3577e-10	3.2514e-07	-3.253e-07	1.4175e-09	-1.9287999999999998e-09	8.3177e-10	3.2484e-07	-3.2524e-07	1.7129e-09	-2.0449e-09	8.188000000000001e-10	3.2464e-07	-3.252e-07	2.0249e-09	-2.1645e-09	8.1161e-10	3.2352e-07	-3.2424e-07	2.3608e-09	-2.3009e-09	8.0955e-10	3.242e-07	-3.2508e-07
0.365	-3.3419e-10	-1.5617e-09	1.08608e-09	3.2624e-07	-3.2542e-07	-1.0439e-10	-1.4964e-09	9.5504e-10	3.2596e-07	-3.253e-07	1.3322e-10	-1.534e-09	9.111600000000001e-10	3.2572e-07	-3.2528e-07	3.8241e-10	-1.6013e-09	8.8706e-10	3.2562e-07	-3.2526e-07	6.3996e-10	-1.6829e-09	8.7314e-10	3.2456e-07	-3.2434e-07	9.1645e-10	-1.7774e-09	8.6826e-10	3.243e-07	-3.243e-07	1.1861e-09	-1.8803e-09	8.4459e-10	3.2506e-07	-3.252e-07	1.4663e-09	-1.9944e-09	8.3988e-10	3.2488e-07	-3.2518e-07	1.7727e-09	-2.1089e-09	8.224500000000001e-10	3.2474e-07	-3.252e-07	2.0837e-09	-2.2398e-09	8.281e-10	3.2362e-07	-3.2422e-07	2.4268e-09	-2.3719e-09	8.3152e-10	3.2424e-07	-3.2506e-07
0.36	-3.0073e-10	-1.6039e-09	1.09712e-09	3.2632e-07	-3.2544e-07	-6.544000000000001e-11	-1.5429e-09	9.6571e-10	3.2602e-07	-3.2536e-07	1.8021e-10	-1.584e-09	9.1336e-10	3.2578e-07	-3.2528e-07	4.2583e-10	-1.6538e-09	8.8768e-10	3.2566e-07	-3.2536e-07	6.9003e-10	-1.7389e-09	8.8416e-10	3.2446e-07	-3.2434e-07	9.6434e-10	-1.8397e-09	8.6718e-10	3.2432e-07	-3.2428e-07	1.2406e-09	-1.9424e-09	8.5862e-10	3.2506e-07	-3.2524e-07	1.5324e-09	-2.0621e-09	8.4224e-10	3.2484e-07	-3.2526e-07	1.8279e-09	-2.1819e-09	8.295400000000001e-10	3.247e-07	-3.2514e-07	2.1518e-09	-2.3105e-09	8.258e-10	3.2362e-07	-3.242e-07	2.4865e-09	-2.4419e-09	8.2452e-10	3.2422e-07	-3.251e-07
0.355	-2.6371e-10	-1.6543e-09	1.0945800000000002e-09	3.263e-07	-3.2556e-07	-2.3940000000000003e-11	-1.5895e-09	9.6556e-10	3.2598e-07	-3.2534e-07	2.2159e-10	-1.6319e-09	9.2464e-10	3.2574e-07	-3.254e-07	4.780900000000001e-10	-1.7085e-09	9.0156e-10	3.256e-07	-3.2532e-07	7.5139e-10	-1.7977e-09	8.7317e-10	3.2452e-07	-3.2434e-07	1.02466e-09	-1.9033e-09	8.6892e-10	3.2434e-07	-3.2422e-07	1.3008e-09	-2.0095e-09	8.6018e-10	3.2506e-07	-3.252e-07	1.6002e-09	-2.1258e-09	8.5236e-10	3.2484e-07	-3.252e-07	1.8935e-09	-2.2516e-09	8.420500000000001e-10	3.2462e-07	-3.2516e-07	2.2199e-09	-2.3825e-09	8.3016e-10	3.2362e-07	-3.243e-07	2.5559e-09	-2.5217e-09	8.4444e-10	3.242e-07	-3.251e-07
0.35	-2.0889e-10	-1.6986e-09	1.1032600000000002e-09	3.2626e-07	-3.254e-07	2.073e-11	-1.6376e-09	9.8405e-10	3.2584e-07	-3.253e-07	2.6833000000000004e-10	-1.689e-09	9.2944e-10	3.257e-07	-3.2536e-07	5.255100000000001e-10	-1.7641e-09	9.065800000000001e-10	3.2566e-07	-3.252e-07	8.0106e-10	-1.8536e-09	8.8937e-10	3.2452e-07	-3.2438e-07	1.07837e-09	-1.9606e-09	8.7255e-10	3.2428e-07	-3.2436e-07	1.3573e-09	-2.0759e-09	8.6992e-10	3.2506e-07	-3.2526e-07	1.6494e-09	-2.1947e-09	8.528000000000001e-10	3.2492e-07	-3.2522e-07	1.9659e-09	-2.321e-09	8.3633e-10	3.247e-07	-3.2522e-07	2.2816e-09	-2.4501e-09	8.3257e-10	3.235e-07	-3.2424e-07	2.6289e-09	-2.5916e-09	8.3887e-10	3.2424e-07	-3.2512e-07
0.345	-1.7341000000000002e-10	-1.741e-09	1.12152e-09	3.2628e-07	-3.2548e-07	6.181e-11	-1.6923e-09	9.7859e-10	3.259e-07	-3.2532e-07	3.2077e-10	-1.7416e-09	9.4413e-10	3.2576e-07	-3.2528e-07	5.7456e-10	-1.8235e-09	9.066899999999999e-10	3.2564e-07	-3.2528e-07	8.5108e-10	-1.9213e-09	8.9591e-10	3.2388e-07	-3.2434e-07	1.13321e-09	-2.0285e-09	8.902500000000001e-10	3.2428e-07	-3.2428e-07	1.4228e-09	-2.1425e-09	8.660600000000001e-10	3.2514e-07	-3.2526e-07	1.7177e-09	-2.2674e-09	8.6726e-10	3.2492e-07	-3.2522e-07	2.0263e-09	-2.3896e-09	8.497e-10	3.2464e-07	-3.253e-07	2.3457e-09	-2.5288e-09	8.3702e-10	3.236e-07	-3.2422e-07	2.694e-09	-2.6644e-09	8.462300000000001e-10	3.2426e-07	-3.2512e-07
0.34	-1.4052000000000002e-10	-1.7928e-09	1.10799e-09	3.262e-07	-3.2546e-07	1.1745000000000002e-10	-1.7437e-09	9.8294e-10	3.2586e-07	-3.2522e-07	3.6819000000000005e-10	-1.7999e-09	9.3886e-10	3.2586e-07	-3.2538e-07	6.375200000000001e-10	-1.8807e-09	9.263499999999999e-10	3.2592e-07	-3.2556e-07	9.1702e-10	-1.9832e-09	8.978300000000001e-10	3.245e-07	-3.2428e-07	1.1905e-09	-2.0878e-09	8.818e-10	3.2432e-07	-3.2428e-07	1.4831e-09	-2.2059e-09	8.7324e-10	3.2506e-07	-3.2516e-07	1.7851e-09	-2.3354e-09	8.5962e-10	3.2488e-07	-3.252e-07	2.0862e-09	-2.4651e-09	8.556700000000001e-10	3.248e-07	-3.2524e-07	2.4195999999999998e-09	-2.6037e-09	8.486200000000001e-10	3.2362e-07	-3.2428e-07	2.7573e-09	-2.743e-09	8.4506e-10	3.2416e-07	-3.2508e-07
0.335	-8.688e-11	-1.8438e-09	1.12148e-09	3.2658e-07	-3.2532e-07	1.5944000000000002e-10	-1.7973e-09	9.9605e-10	3.2596e-07	-3.2532e-07	4.2089e-10	-1.855e-09	9.5086e-10	3.2576e-07	-3.2532e-07	6.8809e-10	-1.9454e-09	9.277599999999999e-10	3.2558e-07	-3.2532e-07	9.6993e-10	-2.0433e-09	9.030399999999999e-10	3.2448e-07	-3.2432e-07	1.2559e-09	-2.1586e-09	8.9922e-10	3.2434e-07	-3.2428e-07	1.5484e-09	-2.2819e-09	8.786800000000001e-10	3.2508e-07	-3.2526e-07	1.8526e-09	-2.4057e-09	8.6556e-10	3.2494e-07	-3.2518e-07	2.1624e-09	-2.5397e-09	8.6615e-10	3.2474e-07	-3.2522e-07	2.4929e-09	-2.6769e-09	8.6143e-10	3.2352e-07	-3.2424e-07	2.8331e-09	-2.8215e-09	8.4702e-10	3.242e-07	-3.2506e-07
0.33	-3.776e-11	-1.896e-09	1.1237000000000002e-09	3.2628e-07	-3.2542e-07	2.1034e-10	-1.8565e-09	1.01558e-09	3.2594e-07	-3.2538e-07	4.6565e-10	-1.9087e-09	9.5548e-10	3.2578e-07	-3.2528e-07	7.402000000000001e-10	-2.0096e-09	9.3491e-10	3.2558e-07	-3.2532e-07	1.03057e-09	-2.1107e-09	9.0832e-10	3.2448e-07	-3.2432e-07	1.3211e-09	-2.2274e-09	8.9843e-10	3.2428e-07	-3.2424e-07	1.6133e-09	-2.3498e-09	8.8991e-10	3.251e-07	-3.2518e-07	1.9087e-09	-2.4773e-09	8.8112e-10	3.2486e-07	-3.2526e-07	2.2338e-09	-2.6112e-09	8.6451e-10	3.2464e-07	-3.2518e-07	2.5515e-09	-2.7534e-09	8.619500000000001e-10	3.2294e-07	-3.2422e-07	2.9124e-09	-2.8968e-09	8.4789e-10	3.2426e-07	-3.2508e-07
0.325	9.49e-12	-1.9467e-09	1.14934e-09	3.2656e-07	-3.257e-07	2.5695000000000003e-10	-1.9126e-09	1.00254e-09	3.26e-07	-3.2534e-07	5.267000000000001e-10	-1.9792e-09	9.5509e-10	3.2578e-07	-3.2534e-07	8.0227e-10	-2.0681e-09	9.338e-10	3.2556e-07	-3.2534e-07	1.08638e-09	-2.182e-09	9.1645e-10	3.2454e-07	-3.2436e-07	1.381e-09	-2.2978e-09	9.1426e-10	3.242e-07	-3.243e-07	1.6772e-09	-2.4221e-09	8.954700000000001e-10	3.2508e-07	-3.2518e-07	1.9809e-09	-2.5575e-09	8.8284e-10	3.249e-07	-3.2526e-07	2.2987e-09	-2.6855e-09	8.786200000000001e-10	3.2474e-07	-3.253e-07	2.6272e-09	-2.8331e-09	8.6194e-10	3.2352e-07	-3.2412e-07	2.9769e-09	-2.9732e-09	8.5917e-10	3.242e-07	-3.2504e-07
0.32	5.983e-11	-2.0076e-09	1.1274e-09	3.2626e-07	-3.255e-07	3.1418000000000005e-10	-1.9703e-09	1.01506e-09	3.26e-07	-3.253e-07	5.806900000000001e-10	-2.0374e-09	9.8549e-10	3.2582e-07	-3.2524e-07	8.6536e-10	-2.1354e-09	9.393e-10	3.2536e-07	-3.2496e-07	1.1462e-09	-2.2453e-09	9.3026e-10	3.2452e-07	-3.2442e-07	1.4451e-09	-2.3673e-09	9.0914e-10	3.2432e-07	-3.2428e-07	1.748e-09	-2.4933e-09	9.0177e-10	3.2506e-07	-3.2518e-07	2.0548e-09	-2.6278e-09	8.863100000000001e-10	3.2492e-07	-3.2524e-07	2.3639e-09	-2.7673e-09	8.7641e-10	3.2474e-07	-3.2522e-07	2.7024e-09	-2.9088e-09	8.6119e-10	3.2358e-07	-3.2416e-07	3.0462e-09	-3.0548e-09	8.6615e-10	3.2426e-07	-3.2514e-07
0.315	1.1245e-10	-2.0547e-09	1.133e-09	3.2624e-07	-3.2542e-07	3.7037e-10	-2.034e-09	1.02139e-09	3.26e-07	-3.253e-07	6.425300000000001e-10	-2.1058e-09	9.7699e-10	3.257e-07	-3.2536e-07	9.218399999999999e-10	-2.2084e-09	9.459e-10	3.2564e-07	-3.2534e-07	1.2167e-09	-2.3167e-09	9.2904e-10	3.2468e-07	-3.2434e-07	1.5108e-09	-2.4381e-09	9.308199999999999e-10	3.2432e-07	-3.242e-07	1.8117e-09	-2.5712e-09	9.0149e-10	3.2504e-07	-3.2526e-07	2.118e-09	-2.7036e-09	8.9998e-10	3.2494e-07	-3.2518e-07	2.439e-09	-2.8467e-09	8.7368e-10	3.248e-07	-3.252e-07	2.7633e-09	-2.9763e-09	8.7641e-10	3.2358e-07	-3.2424e-07	3.1256e-09	-3.1333e-09	8.6961e-10	3.2422e-07	-3.2512e-07
0.31	1.5482e-10	-2.1147e-09	1.1517e-09	3.263e-07	-3.2542e-07	4.2112e-10	-2.0978e-09	1.02372e-09	3.2596e-07	-3.253e-07	7.0256e-10	-2.1719e-09	9.773e-10	3.2578e-07	-3.253e-07	9.8515e-10	-2.2736e-09	9.469e-10	3.2562e-07	-3.2526e-07	1.282e-09	-2.3839e-09	9.5526e-10	3.2446e-07	-3.243e-07	1.5774e-09	-2.5098e-09	9.2004e-10	3.2422e-07	-3.2424e-07	1.8792e-09	-2.6451e-09	9.2606e-10	3.251e-07	-3.252e-07	2.1858e-09	-2.7811e-09	8.9595e-10	3.2488e-07	-3.2524e-07	2.5142e-09	-2.9179e-09	8.9165e-10	3.2474e-07	-3.2512e-07	2.8408e-09	-3.0649e-09	8.978900000000001e-10	3.2354e-07	-3.2408e-07	3.203e-09	-3.2145e-09	8.7634e-10	3.2426e-07	-3.251e-07
0.305	2.114e-10	-2.1761e-09	1.1513e-09	3.263e-07	-3.2548e-07	4.8121e-10	-2.1581e-09	1.03625e-09	3.26e-07	-3.2532e-07	7.619800000000001e-10	-2.2406e-09	9.7787e-10	3.2572e-07	-3.2538e-07	1.05405e-09	-2.3444e-09	9.5734e-10	3.2554e-07	-3.2526e-07	1.3413e-09	-2.4624e-09	9.2798e-10	3.2452e-07	-3.243e-07	1.6442e-09	-2.5846e-09	9.2247e-10	3.2428e-07	-3.2428e-07	1.9487e-09	-2.7187e-09	9.1206e-10	3.2512e-07	-3.2516e-07	2.2641e-09	-2.8589e-09	9.043899999999999e-10	3.2486e-07	-3.2524e-07	2.5769e-09	-2.9959e-09	9.0683e-10	3.2464e-07	-3.2514e-07	2.9174e-09	-3.1493e-09	8.836e-10	3.2356e-07	-3.2418e-07	3.2705e-09	-3.2967e-09	8.8869e-10	3.2424e-07	-3.2508e-07
0.3	2.7783e-10	-2.2367e-09	1.1587e-09	3.2626e-07	-3.2546e-07	5.4592e-10	-2.2226e-09	1.03425e-09	3.2596e-07	-3.2528e-07	8.2559e-10	-2.306e-09	9.9248e-10	3.2582e-07	-3.2528e-07	1.11693e-09	-2.4113e-09	9.6778e-10	3.2572e-07	-3.2534e-07	1.4089e-09	-2.5306e-09	9.4667e-10	3.2448e-07	-3.2432e-07	1.7085e-09	-2.6625e-09	9.4186e-10	3.2426e-07	-3.2426e-07	2.0173e-09	-2.7969e-09	9.217e-10	3.2516e-07	-3.2522e-07	2.3373e-09	-2.9346e-09	9.0318e-10	3.249e-07	-3.2518e-07	2.6535e-09	-3.0807e-09	8.952e-10	3.247e-07	-3.252e-07	3.0016e-09	-3.2246e-09	8.9037e-10	3.2354e-07	-3.2416e-07	3.3473e-09	-3.3827e-09	9.078100000000001e-10	3.2416e-07	-3.2506e-07
0.295	3.2939000000000004e-10	-2.2986e-09	1.1553e-09	3.2624e-07	-3.2546e-07	6.0205e-10	-2.2928e-09	1.0393e-09	3.2596e-07	-3.2534e-07	8.9091e-10	-2.3779e-09	9.9279e-10	3.2568e-07	-3.253e-07	1.1812e-09	-2.4829e-09	9.7053e-10	3.2558e-07	-3.2536e-07	1.4838e-09	-2.6045e-09	9.5171e-10	3.245e-07	-3.2434e-07	1.7826e-09	-2.7386e-09	9.4603e-10	3.2428e-07	-3.2436e-07	2.0897e-09	-2.8749e-09	9.261699999999999e-10	3.2508e-07	-3.252e-07	2.4006e-09	-3.0139e-09	9.118599999999999e-10	3.2494e-07	-3.2514e-07	2.7364e-09	-3.1584e-09	9.089699999999999e-10	3.2464e-07	-3.2514e-07	3.0656e-09	-3.3067e-09	9.0289e-10	3.235e-07	-3.2418e-07	3.4373e-09	-3.4666e-09	8.9422e-10	3.242e-07	-3.2506e-07
0.29	3.8258e-10	-2.3659e-09	1.1781e-09	3.262e-07	-3.2534e-07	6.7713e-10	-2.3695e-09	1.0511e-09	3.2602e-07	-3.2534e-07	9.5518e-10	-2.4477e-09	9.9896e-10	3.258e-07	-3.2526e-07	1.2549e-09	-2.557e-09	9.764e-10	3.256e-07	-3.2526e-07	1.5472e-09	-2.675e-09	9.7392e-10	3.2452e-07	-3.2436e-07	1.8555e-09	-2.8122e-09	9.6979e-10	3.2424e-07	-3.2432e-07	2.1625e-09	-2.9529e-09	9.2939e-10	3.2494e-07	-3.2514e-07	2.4747e-09	-3.0946e-09	9.309e-10	3.2492e-07	-3.2526e-07	2.802e-09	-3.2357e-09	9.141e-10	3.2482e-07	-3.2518e-07	3.1444e-09	-3.394e-09	9.0961e-10	3.2352e-07	-3.2416e-07	3.5087e-09	-3.5496e-09	9.0227e-10	3.2426e-07	-3.2508e-07
0.285	4.4585e-10	-2.4384e-09	1.1693e-09	3.2632e-07	-3.2544e-07	7.2577e-10	-2.4311e-09	1.05746e-09	3.2598e-07	-3.2536e-07	1.01574e-09	-2.5185e-09	1.01104e-09	3.2576e-07	-3.2522e-07	1.3177e-09	-2.6286e-09	9.9442e-10	3.2578e-07	-3.2526e-07	1.6176e-09	-2.754e-09	9.6736e-10	3.245e-07	-3.244e-07	1.924e-09	-2.8889e-09	9.4905e-10	3.2422e-07	-3.2424e-07	2.2371e-09	-3.0289e-09	9.4025e-10	3.2508e-07	-3.2518e-07	2.5585e-09	-3.1749e-09	9.3015e-10	3.2488e-07	-3.2514e-07	2.8744e-09	-3.321e-09	9.2385e-10	3.2496e-07	-3.2548e-07	3.2285e-09	-3.489e-09	9.1594e-10	3.2352e-07	-3.2418e-07	3.5853e-09	-3.6363e-09	9.0048e-10	3.2432e-07	-3.252e-07
0.28	5.1092e-10	-2.4982e-09	1.1794e-09	3.2632e-07	-3.2538e-07	7.9886e-10	-2.5003e-09	1.06455e-09	3.2596e-07	-3.2528e-07	1.0931e-09	-2.5996e-09	1.01072e-09	3.2576e-07	-3.2536e-07	1.3791e-09	-2.7022e-09	9.8185e-10	3.2554e-07	-3.2522e-07	1.6873e-09	-2.832e-09	9.6264e-10	3.2456e-07	-3.2434e-07	1.9908e-09	-2.9686e-09	9.453e-10	3.2364e-07	-3.2364e-07	2.309e-09	-3.113e-09	9.467e-10	3.2518e-07	-3.2518e-07	2.631e-09	-3.2531e-09	9.4441e-10	3.2492e-07	-3.2518e-07	2.9578e-09	-3.4043e-09	9.1759e-10	3.2474e-07	-3.2518e-07	3.3051e-09	-3.563e-09	9.1129e-10	3.2356e-07	-3.242e-07	3.6695e-09	-3.7233e-09	9.0608e-10	3.243e-07	-3.2516e-07
0.275	5.736600000000001e-10	-2.5635e-09	1.1811e-09	3.2654e-07	-3.2572e-07	8.5746e-10	-2.5741e-09	1.06017e-09	3.2604e-07	-3.2536e-07	1.1478e-09	-2.666e-09	1.02504e-09	3.2578e-07	-3.2528e-07	1.4516e-09	-2.7751e-09	9.902e-10	3.2562e-07	-3.2526e-07	1.7602e-09	-2.9066e-09	9.7863e-10	3.2458e-07	-3.2434e-07	2.0678e-09	-3.0465e-09	9.5438e-10	3.243e-07	-3.2424e-07	2.3843e-09	-3.1925e-09	9.5477e-10	3.2504e-07	-3.2514e-07	2.7007e-09	-3.3371e-09	9.3884e-10	3.2518e-07	-3.255e-07	3.0434e-09	-3.4863e-09	9.2915e-10	3.2468e-07	-3.2524e-07	3.3816e-09	-3.6456e-09	9.2785e-10	3.236e-07	-3.2358e-07	3.7556e-09	-3.8102e-09	9.1183e-10	3.2432e-07	-3.2518e-07
0.27	6.2828e-10	-2.6378e-09	1.1868e-09	3.262e-07	-3.2546e-07	9.2841e-10	-2.6456e-09	1.07671e-09	3.2596e-07	-3.2538e-07	1.2169e-09	-2.7374e-09	1.02758e-09	3.2572e-07	-3.2524e-07	1.5199e-09	-2.8588e-09	9.9804e-10	3.2558e-07	-3.253e-07	1.8313e-09	-2.9855e-09	9.7875e-10	3.2454e-07	-3.244e-07	2.1421e-09	-3.1238e-09	9.6079e-10	3.2428e-07	-3.2426e-07	2.4586999999999998e-09	-3.2721e-09	9.542e-10	3.2512e-07	-3.2518e-07	2.7822999999999998e-09	-3.422e-09	9.5168e-10	3.2488e-07	-3.2522e-07	3.1122e-09	-3.5701e-09	9.3108e-10	3.2464e-07	-3.2518e-07	3.4636e-09	-3.734e-09	9.3016e-10	3.2354e-07	-3.2426e-07	3.8323e-09	-3.8942e-09	9.2498e-10	3.2426e-07	-3.2514e-07
0.265	7.0207e-10	-2.7103e-09	1.1876e-09	3.2622e-07	-3.2544e-07	9.9691e-10	-2.7179e-09	1.08126e-09	3.26e-07	-3.253e-07	1.2889e-09	-2.8144e-09	1.02587e-09	3.2574e-07	-3.2526e-07	1.5927e-09	-2.9304e-09	1.00642e-09	3.2558e-07	-3.2524e-07	1.8979e-09	-3.0663e-09	9.8919e-10	3.2456e-07	-3.2432e-07	2.2183e-09	-3.2054e-09	9.7906e-10	3.2426e-07	-3.2428e-07	2.5353e-09	-3.3551e-09	9.6442e-10	3.2504e-07	-3.253e-07	2.8628e-09	-3.5022e-09	9.4874e-10	3.2492e-07	-3.2512e-07	3.1936e-09	-3.6602e-09	9.3733e-10	3.2474e-07	-3.2518e-07	3.5542e-09	-3.8184e-09	9.3468e-10	3.2288e-07	-3.2356e-07	3.9094e-09	-3.9913e-09	9.3074e-10	3.2442e-07	-3.2542e-07
0.26	7.6999e-10	-2.7806e-09	1.2e-09	3.263e-07	-3.2538e-07	1.06463e-09	-2.7978e-09	1.08505e-09	3.2594e-07	-3.2536e-07	1.3559e-09	-2.8868e-09	1.03245e-09	3.258e-07	-3.253e-07	1.6645e-09	-3.0136e-09	1.0085200000000002e-09	3.2558e-07	-3.2534e-07	1.9792e-09	-3.1438e-09	9.8771e-10	3.2458e-07	-3.2442e-07	2.2906e-09	-3.2936e-09	9.7433e-10	3.2424e-07	-3.2426e-07	2.6101e-09	-3.4384e-09	9.6935e-10	3.2506e-07	-3.2522e-07	2.9371e-09	-3.5866e-09	9.6072e-10	3.2492e-07	-3.2522e-07	3.2797e-09	-3.7417e-09	9.4372e-10	3.2468e-07	-3.2524e-07	3.6245e-09	-3.9073e-09	9.4132e-10	3.2358e-07	-3.2422e-07	4.0081e-09	-4.0803e-09	9.2493e-10	3.2428e-07	-3.2512e-07
0.255	8.313e-10	-2.8501e-09	1.2057e-09	3.2622e-07	-3.2542e-07	1.13319e-09	-2.8715e-09	1.0868e-09	3.2596e-07	-3.2528e-07	1.4269e-09	-2.9717e-09	1.06371e-09	3.2572e-07	-3.2524e-07	1.7355e-09	-3.092e-09	1.01604e-09	3.256e-07	-3.2528e-07	2.052e-09	-3.2212e-09	9.9799e-10	3.2448e-07	-3.2432e-07	2.3725e-09	-3.3812e-09	9.8413e-10	3.2438e-07	-3.2424e-07	2.6855e-09	-3.5234e-09	9.7621e-10	3.2508e-07	-3.2522e-07	3.0086e-09	-3.6635e-09	9.6314e-10	3.2488e-07	-3.2522e-07	3.3565e-09	-3.8306e-09	9.4814e-10	3.2472e-07	-3.252e-07	3.7087e-09	-3.998e-09	9.4853e-10	3.236e-07	-3.2434e-07	4.0836e-09	-4.1645e-09	9.364e-10	3.2426e-07	-3.2516e-07
0.25	8.9909e-10	-2.929e-09	1.2347e-09	3.2616e-07	-3.2542e-07	1.1979e-09	-2.9428e-09	1.09045e-09	3.259e-07	-3.2538e-07	1.4973e-09	-3.0443e-09	1.04951e-09	3.2578e-07	-3.2526e-07	1.8139e-09	-3.1721e-09	1.02691e-09	3.2566e-07	-3.2518e-07	2.1204e-09	-3.3045e-09	1.0059400000000001e-09	3.2454e-07	-3.2434e-07	2.444e-09	-3.4531e-09	9.9768e-10	3.2428e-07	-3.243e-07	2.7655e-09	-3.608e-09	9.6661e-10	3.2506e-07	-3.2524e-07	3.0967e-09	-3.7618e-09	9.7129e-10	3.2486e-07	-3.2522e-07	3.4375999999999998e-09	-3.9209e-09	9.7081e-10	3.2478e-07	-3.2532e-07	3.7944e-09	-4.0918e-09	9.4611e-10	3.236e-07	-3.2428e-07	4.1695e-09	-4.2643e-09	9.5102e-10	3.2418e-07	-3.2506e-07
0.245	9.7522e-10	-3.0045e-09	1.2239e-09	3.2622e-07	-3.2542e-07	1.2711e-09	-3.0191e-09	1.1022200000000001e-09	3.2608e-07	-3.2532e-07	1.5803e-09	-3.1227e-09	1.05122e-09	3.2572e-07	-3.253e-07	1.8849e-09	-3.2489e-09	1.0289e-09	3.2564e-07	-3.2528e-07	2.2e-09	-3.3901e-09	1.0166200000000002e-09	3.2452e-07	-3.2436e-07	2.5168e-09	-3.5403e-09	1.00948e-09	3.2436e-07	-3.2428e-07	2.8442e-09	-3.6883e-09	9.8601e-10	3.2528e-07	-3.2532e-07	3.1817e-09	-3.8457e-09	9.7653e-10	3.249e-07	-3.2518e-07	3.5191e-09	-4.0149e-09	9.6477e-10	3.248e-07	-3.2526e-07	3.8866e-09	-4.1797e-09	9.5496e-10	3.2366e-07	-3.243e-07	4.2629e-09	-4.3635e-09	9.4741e-10	3.2422e-07	-3.2516e-07
0.24	1.05308e-09	-3.0773e-09	1.2137e-09	3.2624e-07	-3.2546e-07	1.3442e-09	-3.0964e-09	1.1043900000000002e-09	3.2602e-07	-3.2536e-07	1.6461e-09	-3.2042e-09	1.06429e-09	3.2578e-07	-3.2532e-07	1.9604e-09	-3.3315e-09	1.04999e-09	3.2564e-07	-3.252e-07	2.2817e-09	-3.4704e-09	1.029e-09	3.245e-07	-3.2426e-07	2.591e-09	-3.6174e-09	9.9683e-10	3.243e-07	-3.243e-07	2.9239e-09	-3.7801e-09	9.8605e-10	3.2506e-07	-3.2518e-07	3.2559e-09	-3.939e-09	9.7843e-10	3.2488e-07	-3.2512e-07	3.613e-09	-4.0997e-09	9.7236e-10	3.248e-07	-3.252e-07	3.9647e-09	-4.2738e-09	9.6443e-10	3.2366e-07	-3.244e-07	4.3591e-09	-4.456e-09	9.5761e-10	3.2424e-07	-3.2512e-07
0.235	1.1109700000000001e-09	-3.1553e-09	1.2194e-09	3.2614e-07	-3.2546e-07	1.4173e-09	-3.1681e-09	1.10824e-09	3.2594e-07	-3.2532e-07	1.7203e-09	-3.281e-09	1.06742e-09	3.2602e-07	-3.2538e-07	2.0375e-09	-3.4182e-09	1.03256e-09	3.2566e-07	-3.2526e-07	2.357e-09	-3.5543e-09	1.02035e-09	3.2454e-07	-3.2428e-07	2.695e-09	-3.7198e-09	1.01105e-09	3.2436e-07	-3.2424e-07	3.0092e-09	-3.8676e-09	9.903e-10	3.2502e-07	-3.2512e-07	3.3416e-09	-4.0284e-09	9.843e-10	3.2494e-07	-3.2524e-07	3.6879e-09	-4.1902e-09	9.7933e-10	3.2468e-07	-3.2514e-07	4.0503e-09	-4.3709e-09	9.6105e-10	3.2366e-07	-3.2436e-07	4.4425e-09	-4.5469e-09	9.6818e-10	3.2414e-07	-3.2512e-07
0.23	1.1827e-09	-3.2227e-09	1.2338e-09	3.2618e-07	-3.2542e-07	1.4867e-09	-3.2551e-09	1.10976e-09	3.2596e-07	-3.2534e-07	1.8012e-09	-3.3668e-09	1.07051e-09	3.2572e-07	-3.2526e-07	2.1161e-09	-3.4969e-09	1.04363e-09	3.2564e-07	-3.253e-07	2.43e-09	-3.6418e-09	1.02561e-09	3.245e-07	-3.2438e-07	2.761e-09	-3.7958e-09	1.02155e-09	3.2426e-07	-3.2424e-07	3.0902e-09	-3.9533e-09	1.00139e-09	3.2504e-07	-3.252e-07	3.4357e-09	-4.1198e-09	9.8695e-10	3.2488e-07	-3.2524e-07	3.7761e-09	-4.2904e-09	9.8342e-10	3.247e-07	-3.252e-07	4.1571e-09	-4.4667e-09	9.7189e-10	3.2362e-07	-3.2428e-07	4.5289e-09	-4.6528e-09	9.6756e-10	3.2426e-07	-3.2506e-07
0.225	1.2551e-09	-3.3059e-09	1.2455e-09	3.2618e-07	-3.2542e-07	1.5586e-09	-3.3353e-09	1.1293e-09	3.2588e-07	-3.2524e-07	1.8754e-09	-3.4498e-09	1.07771e-09	3.2578e-07	-3.2526e-07	2.1951e-09	-3.5831e-09	1.06127e-09	3.2564e-07	-3.253e-07	2.5144e-09	-3.7279e-09	1.0419800000000002e-09	3.245e-07	-3.2434e-07	2.8403e-09	-3.887e-09	1.02757e-09	3.2434e-07	-3.2416e-07	3.1763e-09	-4.0445e-09	1.01076e-09	3.2512e-07	-3.2522e-07	3.5309e-09	-4.2241e-09	1.00608e-09	3.2482e-07	-3.2512e-07	3.8659e-09	-4.3802e-09	9.9365e-10	3.2478e-07	-3.2518e-07	4.2387e-09	-4.5633e-09	9.77e-10	3.235e-07	-3.2418e-07	4.6374e-09	-4.7519e-09	9.8086e-10	3.2422e-07	-3.2508e-07
0.22	1.3378e-09	-3.3818e-09	1.2341e-09	3.2612e-07	-3.2546e-07	1.6277e-09	-3.42e-09	1.13341e-09	3.2604e-07	-3.2526e-07	1.952e-09	-3.5319e-09	1.08462e-09	3.2576e-07	-3.2528e-07	2.2723e-09	-3.6721e-09	1.0598e-09	3.2564e-07	-3.253e-07	2.6e-09	-3.812e-09	1.0392800000000002e-09	3.2452e-07	-3.2436e-07	2.9273e-09	-3.9732e-09	1.02644e-09	3.242e-07	-3.243e-07	3.2593e-09	-4.1373e-09	1.01636e-09	3.251e-07	-3.2524e-07	3.5941e-09	-4.3074e-09	1.00492e-09	3.2486e-07	-3.2514e-07	3.96e-09	-4.4788e-09	9.8595e-10	3.247e-07	-3.2514e-07	4.33e-09	-4.6622e-09	9.859e-10	3.2356e-07	-3.243e-07	4.7362e-09	-4.8529e-09	9.7946e-10	3.2428e-07	-3.251e-07
0.215	1.4158e-09	-3.4768e-09	1.2449e-09	3.2614e-07	-3.2536e-07	1.7045e-09	-3.5019e-09	1.14018e-09	3.2598e-07	-3.2528e-07	2.029e-09	-3.6167e-09	1.09452e-09	3.2578e-07	-3.2526e-07	2.3505e-09	-3.7455e-09	1.0624700000000002e-09	3.2564e-07	-3.2524e-07	2.6739e-09	-3.9001e-09	1.04441e-09	3.245e-07	-3.2424e-07	3.0122e-09	-4.0638e-09	1.02972e-09	3.2418e-07	-3.2424e-07	3.345e-09	-4.2322e-09	1.02253e-09	3.2514e-07	-3.2528e-07	3.6915e-09	-4.4e-09	1.00931e-09	3.249e-07	-3.2514e-07	4.0495e-09	-4.5749e-09	1.00327e-09	3.2472e-07	-3.2514e-07	4.4224e-09	-4.7617e-09	9.9649e-10	3.2362e-07	-3.2426e-07	4.8242e-09	-4.9578e-09	9.857e-10	3.242e-07	-3.2506e-07
0.21	1.4785e-09	-3.5452e-09	1.2475e-09	3.2614e-07	-3.253e-07	1.7904e-09	-3.5838e-09	1.1426700000000001e-09	3.26e-07	-3.2536e-07	2.1122e-09	-3.7042e-09	1.1001000000000002e-09	3.258e-07	-3.2534e-07	2.4344e-09	-3.8446e-09	1.07211e-09	3.256e-07	-3.2524e-07	2.7563e-09	-3.9947e-09	1.0501e-09	3.2446e-07	-3.2362e-07	3.0903e-09	-4.1418e-09	1.0403e-09	3.243e-07	-3.2424e-07	3.4326e-09	-4.3216e-09	1.02965e-09	3.2504e-07	-3.2524e-07	3.7836e-09	-4.4964e-09	1.01954e-09	3.2488e-07	-3.252e-07	4.1399e-09	-4.6801e-09	9.9846e-10	3.2474e-07	-3.2524e-07	4.5253e-09	-4.8633e-09	9.8902e-10	3.2352e-07	-3.2416e-07	4.9188e-09	-5.0622e-09	9.8993e-10	3.2422e-07	-3.251e-07
0.205	1.558e-09	-3.63e-09	1.2586e-09	3.2618e-07	-3.2538e-07	1.8614e-09	-3.6668e-09	1.1385e-09	3.2594e-07	-3.253e-07	2.187e-09	-3.7857e-09	1.10277e-09	3.2572e-07	-3.253e-07	2.5147e-09	-3.9304e-09	1.075e-09	3.2562e-07	-3.2532e-07	2.8481e-09	-4.0834e-09	1.06198e-09	3.245e-07	-3.2426e-07	3.1738e-09	-4.2506e-09	1.04355e-09	3.2436e-07	-3.243e-07	3.5188e-09	-4.4183e-09	1.03353e-09	3.2504e-07	-3.2524e-07	3.867e-09	-4.5934e-09	1.02292e-09	3.2496e-07	-3.2522e-07	4.248e-09	-4.7789e-09	1.0096300000000002e-09	3.2474e-07	-3.2526e-07	4.6072e-09	-4.963e-09	9.9896e-10	3.2352e-07	-3.2412e-07	5.0298e-09	-5.1698e-09	9.9107e-10	3.2416e-07	-3.2514e-07
0.2	1.6372e-09	-3.7095e-09	1.2525e-09	3.2616e-07	-3.254e-07	1.9465e-09	-3.7501e-09	1.1407e-09	3.2584e-07	-3.2528e-07	2.2637e-09	-3.8719e-09	1.11691e-09	3.2576e-07	-3.2528e-07	2.5953e-09	-4.0232e-09	1.07948e-09	3.2596e-07	-3.254e-07	2.9305e-09	-4.1711e-09	1.07066e-09	3.2448e-07	-3.244e-07	3.2669e-09	-4.3403e-09	1.06249e-09	3.2432e-07	-3.2422e-07	3.6099e-09	-4.5158e-09	1.03732e-09	3.2498e-07	-3.2514e-07	3.9603e-09	-4.6943e-09	1.03222e-09	3.2492e-07	-3.2532e-07	4.3378e-09	-4.8779e-09	1.0159700000000002e-09	3.2476e-07	-3.2522e-07	4.7083e-09	-5.073e-09	1.00526e-09	3.234e-07	-3.2416e-07	5.1248e-09	-5.2751e-09	1.00344e-09	3.2428e-07	-3.2512e-07
0.195	1.7148e-09	-3.7907e-09	1.2719e-09	3.262e-07	-3.2538e-07	2.0287e-09	-3.8313e-09	1.1574e-09	3.259e-07	-3.2532e-07	2.346e-09	-3.9624e-09	1.11703e-09	3.2582e-07	-3.2528e-07	2.6785e-09	-4.1076e-09	1.09515e-09	3.2564e-07	-3.2528e-07	3.008e-09	-4.264e-09	1.07017e-09	3.245e-07	-3.2434e-07	3.3499e-09	-4.4342e-09	1.05838e-09	3.243e-07	-3.2424e-07	3.7026e-09	-4.6117e-09	1.04295e-09	3.2506e-07	-3.2518e-07	4.06e-09	-4.7917e-09	1.03366e-09	3.25e-07	-3.2516e-07	4.4319999999999996e-09	-4.9825e-09	1.02775e-09	3.2474e-07	-3.2522e-07	4.823e-09	-5.1747e-09	1.02005e-09	3.2356e-07	-3.2416e-07	5.2201e-09	-5.3908e-09	1.0008800000000002e-09	3.2426e-07	-3.2506e-07
0.19	1.7872e-09	-3.8759e-09	1.2819e-09	3.262e-07	-3.2538e-07	2.1052e-09	-3.9209e-09	1.16e-09	3.259e-07	-3.2528e-07	2.43e-09	-4.0506e-09	1.1221800000000002e-09	3.258e-07	-3.253e-07	2.7629e-09	-4.2045e-09	1.09749e-09	3.2558e-07	-3.2526e-07	3.1011e-09	-4.3633e-09	1.08504e-09	3.2446e-07	-3.2434e-07	3.4441e-09	-4.534e-09	1.06668e-09	3.2426e-07	-3.2424e-07	3.8158e-09	-4.7301e-09	1.05108e-09	3.2512e-07	-3.2524e-07	4.156e-09	-4.8983e-09	1.03809e-09	3.2492e-07	-3.252e-07	4.5266e-09	-5.0886e-09	1.02541e-09	3.2464e-07	-3.2518e-07	4.9156e-09	-5.2831e-09	1.02004e-09	3.2352e-07	-3.242e-07	5.3368e-09	-5.499e-09	1.02274e-09	3.2422e-07	-3.2506e-07
0.185	1.8649e-09	-3.9671e-09	1.2808e-09	3.2626e-07	-3.2544e-07	2.1831e-09	-4.0106e-09	1.1664e-09	3.2598e-07	-3.2538e-07	2.5093e-09	-4.1407e-09	1.13297e-09	3.2576e-07	-3.2528e-07	2.8517e-09	-4.294e-09	1.10679e-09	3.2564e-07	-3.2532e-07	3.1908e-09	-4.4534e-09	1.09345e-09	3.2446e-07	-3.2428e-07	3.5347e-09	-4.6305e-09	1.08283e-09	3.2428e-07	-3.2428e-07	3.8907e-09	-4.8101e-09	1.06284e-09	3.2502e-07	-3.2524e-07	4.244e-09	-5.0015e-09	1.0496200000000001e-09	3.2488e-07	-3.2526e-07	4.6313e-09	-5.192e-09	1.03383e-09	3.2468e-07	-3.252e-07	5.0174e-09	-5.3981e-09	1.02587e-09	3.2352e-07	-3.2422e-07	5.4424e-09	-5.6092e-09	1.0162600000000002e-09	3.2422e-07	-3.2508e-07
0.18	1.9497e-09	-4.051e-09	1.2855e-09	3.263e-07	-3.2546e-07	2.273e-09	-4.1031e-09	1.171e-09	3.2596e-07	-3.2534e-07	2.5981e-09	-4.2327e-09	1.13967e-09	3.2582e-07	-3.2532e-07	2.9421e-09	-4.389e-09	1.11202e-09	3.2562e-07	-3.2532e-07	3.2802e-09	-4.5537e-09	1.0931e-09	3.2446e-07	-3.2438e-07	3.629e-09	-4.7299e-09	1.06875e-09	3.2428e-07	-3.2418e-07	3.9895e-09	-4.9172e-09	1.0547100000000002e-09	3.2506e-07	-3.252e-07	4.3543e-09	-5.112e-09	1.0549000000000002e-09	3.2492e-07	-3.2526e-07	4.7327e-09	-5.3024e-09	1.04355e-09	3.2464e-07	-3.252e-07	5.1274e-09	-5.5098e-09	1.0198e-09	3.235e-07	-3.2412e-07	5.5483e-09	-5.7263999999999996e-09	1.0356e-09	3.2426e-07	-3.2506e-07
0.175	2.0301e-09	-4.1349e-09	1.2966e-09	3.2626e-07	-3.2544e-07	2.3507e-09	-4.1872e-09	1.1855e-09	3.2594e-07	-3.253e-07	2.6845e-09	-4.3266e-09	1.1424e-09	3.2572e-07	-3.2524e-07	3.024e-09	-4.4827e-09	1.1143700000000002e-09	3.2566e-07	-3.2526e-07	3.3731e-09	-4.6504e-09	1.0941200000000001e-09	3.2454e-07	-3.2442e-07	3.7222e-09	-4.8312e-09	1.09565e-09	3.2424e-07	-3.2416e-07	4.0799e-09	-5.0123e-09	1.07247e-09	3.2502e-07	-3.2508e-07	4.4537e-09	-5.2088e-09	1.05944e-09	3.2484e-07	-3.2518e-07	4.8315e-09	-5.4159e-09	1.04896e-09	3.2472e-07	-3.2522e-07	5.2452e-09	-5.6192e-09	1.03003e-09	3.2334e-07	-3.2356e-07	5.6538e-09	-5.8464e-09	1.03334e-09	3.2426e-07	-3.251e-07
0.17	2.1088e-09	-4.2265e-09	1.2964e-09	3.2624e-07	-3.2552e-07	2.4345e-09	-4.2844e-09	1.1864e-09	3.2598e-07	-3.2532e-07	2.7679e-09	-4.4192e-09	1.135e-09	3.2578e-07	-3.2524e-07	3.1172e-09	-4.5807e-09	1.13482e-09	3.2554e-07	-3.2522e-07	3.4655e-09	-4.7513e-09	1.0996900000000002e-09	3.2388e-07	-3.2368e-07	3.8128e-09	-4.9366e-09	1.08451e-09	3.2432e-07	-3.2424e-07	4.1837e-09	-5.1308e-09	1.0691000000000002e-09	3.2516e-07	-3.2522e-07	4.5497e-09	-5.3248e-09	1.08276e-09	3.2492e-07	-3.2526e-07	4.9439e-09	-5.524e-09	1.05457e-09	3.2472e-07	-3.2514e-07	5.3434e-09	-5.7383e-09	1.05218e-09	3.2354e-07	-3.2424e-07	5.7809e-09	-5.9685e-09	1.04013e-09	3.2428e-07	-3.2508e-07
0.165	2.1937e-09	-4.3191e-09	1.3053e-09	3.262e-07	-3.2548e-07	2.5224e-09	-4.3754e-09	1.204e-09	3.2608e-07	-3.253e-07	2.862e-09	-4.512e-09	1.1519e-09	3.2578e-07	-3.2526e-07	3.2098e-09	-4.6798e-09	1.13292e-09	3.2564e-07	-3.253e-07	3.5668e-09	-4.8503e-09	1.1067300000000002e-09	3.2452e-07	-3.2436e-07	3.9165e-09	-5.0357e-09	1.09303e-09	3.2434e-07	-3.236e-07	4.2828e-09	-5.2324e-09	1.0814e-09	3.2502e-07	-3.252e-07	4.669e-09	-5.4395e-09	1.07355e-09	3.249e-07	-3.2526e-07	5.0471e-09	-5.637e-09	1.06275e-09	3.2466e-07	-3.2518e-07	5.4513e-09	-5.858e-09	1.0489000000000002e-09	3.2362e-07	-3.242e-07	5.8889e-09	-6.0803e-09	1.0430900000000002e-09	3.2426e-07	-3.2506e-07
0.16	2.2872e-09	-4.4094e-09	1.2963e-09	3.263e-07	-3.2566e-07	2.6036e-09	-4.4739e-09	1.1998e-09	3.2596e-07	-3.254e-07	2.9454e-09	-4.6099e-09	1.1532e-09	3.2576e-07	-3.2522e-07	3.3036e-09	-4.772e-09	1.1302e-09	3.255e-07	-3.253e-07	3.6529e-09	-4.9523e-09	1.12279e-09	3.245e-07	-3.2428e-07	4.009e-09	-5.14e-09	1.10299e-09	3.2374e-07	-3.2432e-07	4.401e-09	-5.3567e-09	1.0881200000000002e-09	3.251e-07	-3.2514e-07	4.7642e-09	-5.5443e-09	1.07301e-09	3.249e-07	-3.2512e-07	5.1622e-09	-5.76e-09	1.0712e-09	3.2474e-07	-3.2526e-07	5.5723e-09	-5.9764e-09	1.06533e-09	3.2294e-07	-3.2352e-07	6.0014e-09	-6.2103e-09	1.05241e-09	3.2428e-07	-3.2518e-07
0.155	2.3703e-09	-4.4937e-09	1.3118e-09	3.2624e-07	-3.2544e-07	2.6977e-09	-4.5633e-09	1.2023e-09	3.2594e-07	-3.253e-07	3.0487e-09	-4.706e-09	1.1621e-09	3.2576e-07	-3.254e-07	3.3898e-09	-4.8659e-09	1.1265e-09	3.2566e-07	-3.253e-07	3.7498e-09	-5.0616e-09	1.1277500000000002e-09	3.245e-07	-3.2436e-07	4.1115e-09	-5.2496e-09	1.11194e-09	3.242e-07	-3.243e-07	4.4911e-09	-5.4475e-09	1.09064e-09	3.2508e-07	-3.252e-07	4.8705e-09	-5.6526e-09	1.0904600000000002e-09	3.2488e-07	-3.2522e-07	5.265e-09	-5.8779e-09	1.06335e-09	3.247e-07	-3.2518e-07	5.6794e-09	-6.093e-09	1.07158e-09	3.235e-07	-3.2428e-07	6.1244e-09	-6.3387e-09	1.06098e-09	3.2422e-07	-3.2512e-07
0.15	2.4545e-09	-4.5937e-09	1.3236e-09	3.2626e-07	-3.2542e-07	2.7843e-09	-4.6579e-09	1.2111e-09	3.26e-07	-3.2538e-07	3.1331e-09	-4.8016e-09	1.1739e-09	3.2584e-07	-3.2526e-07	3.4809e-09	-4.9674e-09	1.1387e-09	3.2552e-07	-3.2516e-07	3.8574e-09	-5.1619e-09	1.12308e-09	3.2446e-07	-3.2434e-07	4.219e-09	-5.3608e-09	1.10843e-09	3.2428e-07	-3.2418e-07	4.5889e-09	-5.5604e-09	1.10101e-09	3.2516e-07	-3.2524e-07	4.9699e-09	-5.7704e-09	1.0876600000000002e-09	3.2486e-07	-3.252e-07	5.3909e-09	-5.9885e-09	1.09101e-09	3.2474e-07	-3.2514e-07	5.7959e-09	-6.2162e-09	1.07273e-09	3.2358e-07	-3.2416e-07	6.2492e-09	-6.4619e-09	1.05908e-09	3.2418e-07	-3.2512e-07
0.145	2.5467e-09	-4.6921e-09	1.3202e-09	3.2618e-07	-3.2532e-07	2.8812e-09	-4.7767e-09	1.2251e-09	3.2588e-07	-3.2524e-07	3.2244e-09	-4.9068e-09	1.1737e-09	3.258e-07	-3.2526e-07	3.5826e-09	-5.073e-09	1.1446e-09	3.256e-07	-3.2528e-07	3.9515e-09	-5.2692e-09	1.1340400000000001e-09	3.245e-07	-3.2434e-07	4.3237e-09	-5.4672e-09	1.1175800000000002e-09	3.243e-07	-3.2426e-07	4.7039e-09	-5.6762e-09	1.1039100000000002e-09	3.251e-07	-3.252e-07	5.0908e-09	-5.8951e-09	1.10476e-09	3.2496e-07	-3.2524e-07	5.5024e-09	-6.1125e-09	1.08461e-09	3.247e-07	-3.2518e-07	5.9153e-09	-6.3473e-09	1.07803e-09	3.2362e-07	-3.2416e-07	6.3672e-09	-6.5888e-09	1.0817300000000002e-09	3.2426e-07	-3.2512e-07
0.14	2.6368e-09	-4.7849e-09	1.3384e-09	3.2618e-07	-3.2542e-07	2.9854e-09	-4.8722e-09	1.2367e-09	3.2592e-07	-3.2528e-07	3.3207e-09	-5.0057e-09	1.1816e-09	3.2576e-07	-3.2526e-07	3.6866e-09	-5.1769e-09	1.1474e-09	3.2554e-07	-3.2526e-07	4.0492e-09	-5.3782e-09	1.1440000000000002e-09	3.2456e-07	-3.243e-07	4.4206e-09	-5.5777e-09	1.10988e-09	3.2428e-07	-3.2424e-07	4.8073e-09	-5.7873e-09	1.11738e-09	3.2504e-07	-3.2512e-07	5.2058e-09	-6.0073e-09	1.09471e-09	3.2492e-07	-3.2518e-07	5.6089e-09	-6.2368e-09	1.08802e-09	3.2472e-07	-3.252e-07	6.0455e-09	-6.4688e-09	1.0776e-09	3.2356e-07	-3.2416e-07	6.4907e-09	-6.7234e-09	1.07892e-09	3.2432e-07	-3.2508e-07
0.135	2.7213e-09	-4.8786e-09	1.333e-09	3.2626e-07	-3.2552e-07	3.0683e-09	-4.9576e-09	1.2328e-09	3.2606e-07	-3.2532e-07	3.4176e-09	-5.112e-09	1.1891e-09	3.2584e-07	-3.2526e-07	3.78e-09	-5.2824e-09	1.1499e-09	3.2566e-07	-3.2524e-07	4.1546e-09	-5.4896e-09	1.1503e-09	3.2456e-07	-3.2434e-07	4.5428e-09	-5.6961e-09	1.1343e-09	3.2434e-07	-3.2424e-07	4.9229e-09	-5.9065e-09	1.12166e-09	3.25e-07	-3.2514e-07	5.3178e-09	-6.1256e-09	1.10166e-09	3.249e-07	-3.2518e-07	5.7332e-09	-6.3635e-09	1.09285e-09	3.2476e-07	-3.252e-07	6.1594e-09	-6.6015e-09	1.08404e-09	3.2346e-07	-3.2406e-07	6.6299e-09	-6.8635e-09	1.07611e-09	3.2424e-07	-3.2498e-07
0.13	2.8171e-09	-4.9798e-09	1.3574e-09	3.2628e-07	-3.2544e-07	3.1636e-09	-5.0585e-09	1.2357e-09	3.26e-07	-3.2534e-07	3.518e-09	-5.2172e-09	1.1955e-09	3.2574e-07	-3.2524e-07	3.8844e-09	-5.3893e-09	1.1623e-09	3.2558e-07	-3.2518e-07	4.2532e-09	-5.5904e-09	1.1584e-09	3.2458e-07	-3.2434e-07	4.6321e-09	-5.8009e-09	1.1442e-09	3.2432e-07	-3.2426e-07	5.0256e-09	-6.0273e-09	1.1169e-09	3.2502e-07	-3.2512e-07	5.4299e-09	-6.2489e-09	1.1143700000000002e-09	3.249e-07	-3.2522e-07	5.8556e-09	-6.4885e-09	1.1081500000000001e-09	3.247e-07	-3.2514e-07	6.2833e-09	-6.7354e-09	1.09035e-09	3.2278e-07	-3.2344e-07	6.7622e-09	-6.9993e-09	1.08773e-09	3.2416e-07	-3.2504e-07
0.125	2.9158e-09	-5.0805e-09	1.3564e-09	3.2626e-07	-3.2546e-07	3.2592e-09	-5.1642e-09	1.2568e-09	3.2596e-07	-3.2524e-07	3.6195e-09	-5.3261e-09	1.1955e-09	3.2576e-07	-3.2532e-07	3.9884e-09	-5.5036e-09	1.1676e-09	3.256e-07	-3.2524e-07	4.3655e-09	-5.7159e-09	1.1441e-09	3.245e-07	-3.2428e-07	4.7449e-09	-5.9232e-09	1.1499e-09	3.242e-07	-3.2422e-07	5.1388e-09	-6.1368e-09	1.1293e-09	3.2506e-07	-3.2518e-07	5.5576e-09	-6.3833e-09	1.1215300000000002e-09	3.2492e-07	-3.2516e-07	5.9768e-09	-6.6128e-09	1.1100300000000001e-09	3.2468e-07	-3.253e-07	6.4149e-09	-6.8677e-09	1.0926500000000002e-09	3.2362e-07	-3.2428e-07	6.8852e-09	-7.1365e-09	1.09613e-09	3.2426e-07	-3.2502e-07
0.12	3.0094e-09	-5.1783e-09	1.3607e-09	3.2626e-07	-3.2546e-07	3.3588e-09	-5.2684e-09	1.2652e-09	3.2594e-07	-3.2528e-07	3.7261e-09	-5.431e-09	1.2105e-09	3.2584e-07	-3.2524e-07	4.0971e-09	-5.6227e-09	1.1802e-09	3.2554e-07	-3.2516e-07	4.4802e-09	-5.8225e-09	1.1565e-09	3.245e-07	-3.2438e-07	4.8658e-09	-6.0431e-09	1.1536e-09	3.2428e-07	-3.2434e-07	5.2501e-09	-6.2606e-09	1.1366e-09	3.2506e-07	-3.2514e-07	5.6781e-09	-6.505e-09	1.12911e-09	3.2486e-07	-3.2514e-07	6.0934e-09	-6.7499e-09	1.11318e-09	3.2474e-07	-3.2518e-07	6.5475e-09	-7.0033e-09	1.10093e-09	3.2358e-07	-3.2422e-07	7.0217e-09	-7.2742e-09	1.09874e-09	3.2428e-07	-3.2512e-07
0.115	3.1005e-09	-5.2819e-09	1.3594e-09	3.262e-07	-3.2544e-07	3.454e-09	-5.3678e-09	1.2597e-09	3.2596e-07	-3.2534e-07	3.8211e-09	-5.5429e-09	1.221e-09	3.2584e-07	-3.2526e-07	4.2003e-09	-5.7324e-09	1.1791e-09	3.2562e-07	-3.2554e-07	4.5837e-09	-5.9378e-09	1.1723e-09	3.2452e-07	-3.243e-07	4.9842e-09	-6.1594e-09	1.1643e-09	3.2432e-07	-3.2426e-07	5.376e-09	-6.3907e-09	1.1424e-09	3.2498e-07	-3.2518e-07	5.792e-09	-6.631e-09	1.1367200000000002e-09	3.2492e-07	-3.2526e-07	6.2298e-09	-6.8852e-09	1.1163000000000002e-09	3.2474e-07	-3.252e-07	6.6713e-09	-7.139e-09	1.1108e-09	3.2352e-07	-3.2416e-07	7.1692e-09	-7.4265e-09	1.1023900000000002e-09	3.2426e-07	-3.2508e-07
0.11	3.1945e-09	-5.3888e-09	1.3679e-09	3.2624e-07	-3.2546e-07	3.5532e-09	-5.4849e-09	1.2608e-09	3.259e-07	-3.2566e-07	3.928e-09	-5.6538e-09	1.2197e-09	3.2578e-07	-3.2536e-07	4.3106e-09	-5.8477e-09	1.1894e-09	3.2564e-07	-3.2524e-07	4.6997e-09	-6.0638e-09	1.1801e-09	3.245e-07	-3.2434e-07	5.0891e-09	-6.2828e-09	1.1573e-09	3.243e-07	-3.2428e-07	5.5003e-09	-6.5287e-09	1.1597e-09	3.2504e-07	-3.2512e-07	5.9218e-09	-6.7665e-09	1.1434e-09	3.2492e-07	-3.2522e-07	6.3597e-09	-7.0168e-09	1.12412e-09	3.248e-07	-3.2518e-07	6.8015e-09	-7.2804e-09	1.1187e-09	3.2352e-07	-3.2424e-07	7.3043e-09	-7.5655e-09	1.11286e-09	3.2422e-07	-3.2516e-07
0.105	3.3029e-09	-5.498e-09	1.3746e-09	3.2624e-07	-3.2534e-07	3.658e-09	-5.5947e-09	1.2716e-09	3.2596e-07	-3.2522e-07	4.0301e-09	-5.7705e-09	1.2249e-09	3.2576e-07	-3.2526e-07	4.4237e-09	-5.9622e-09	1.1984e-09	3.256e-07	-3.2534e-07	4.8139e-09	-6.1839e-09	1.1728e-09	3.2444e-07	-3.2432e-07	5.2058e-09	-6.4126999999999996e-09	1.1792e-09	3.2426e-07	-3.2422e-07	5.6435e-09	-6.6628e-09	1.1754e-09	3.2508e-07	-3.2516e-07	6.0416e-09	-6.8946e-09	1.1355e-09	3.2492e-07	-3.2518e-07	6.4841e-09	-7.1514e-09	1.13912e-09	3.247e-07	-3.2514e-07	6.9734e-09	-7.4505e-09	1.12154e-09	3.2352e-07	-3.2414e-07	7.4371e-09	-7.7201e-09	1.12663e-09	3.242e-07	-3.2506e-07
0.1	3.4026e-09	-5.6008e-09	1.4006e-09	3.2622e-07	-3.2538e-07	3.7644e-09	-5.7054e-09	1.2768e-09	3.2596e-07	-3.252e-07	4.1394e-09	-5.8852e-09	1.2284e-09	3.2578e-07	-3.2532e-07	4.5265e-09	-6.0789e-09	1.2004e-09	3.2558e-07	-3.252e-07	4.9361e-09	-6.3058e-09	1.1797e-09	3.245e-07	-3.238e-07	5.3335e-09	-6.5466e-09	1.1714e-09	3.2528e-07	-3.2518e-07	5.7577e-09	-6.7803e-09	1.1441e-09	3.2506e-07	-3.2508e-07	6.182e-09	-7.0309e-09	1.1481e-09	3.2492e-07	-3.2522e-07	6.6175e-09	-7.3006e-09	1.1391e-09	3.2468e-07	-3.2524e-07	7.0882e-09	-7.5703e-09	1.1221e-09	3.235e-07	-3.242e-07	7.5846e-09	-7.875e-09	1.12911e-09	3.242e-07	-3.2504e-07
0.095	3.5044e-09	-5.7113e-09	1.3823e-09	3.2626e-07	-3.2546e-07	3.8751e-09	-5.8211e-09	1.2873e-09	3.2598e-07	-3.253e-07	4.2591e-09	-6.0027e-09	1.2415e-09	3.2582e-07	-3.2534e-07	4.6483e-09	-6.2056e-09	1.2117e-09	3.2564e-07	-3.2532e-07	5.2892e-09	-6.4273e-09	1.2023e-09	3.239e-07	-3.2432e-07	5.4536e-09	-6.6652e-09	1.1806e-09	3.2528e-07	-3.253e-07	6.142e-09	-6.9624e-09	1.1595e-09	3.25e-07	-3.2512e-07	6.5751e-09	-7.42e-09	1.1678e-09	3.2486e-07	-3.2518e-07	6.7629e-09	-7.6958e-09	1.1432e-09	3.2474e-07	-3.2516e-07	7.2369e-09	-7.7173e-09	1.1297e-09	3.2362e-07	-3.242e-07	7.7605e-09	-8.0176e-09	1.12278e-09	3.2422e-07	-3.2512e-07
0.09	3.61e-09	-5.8227e-09	1.3936e-09	3.2636e-07	-3.255e-07	3.9838e-09	-5.9375e-09	1.2857e-09	3.2592e-07	-3.2524e-07	4.3652e-09	-6.1207e-09	1.2421e-09	3.2586e-07	-3.253e-07	4.7608e-09	-6.3268e-09	1.219e-09	3.256e-07	-3.2528e-07	5.1716e-09	-6.5606e-09	1.2147e-09	3.2452e-07	-3.2434e-07	5.5806e-09	-6.7969e-09	1.1883e-09	3.2522e-07	-3.2524e-07	6.0123e-09	-7.044e-09	1.1864e-09	3.2502e-07	-3.2518e-07	6.4422e-09	-7.3137e-09	1.1582e-09	3.2488e-07	-3.252e-07	6.8995e-09	-7.5865e-09	1.1453e-09	3.2468e-07	-3.2524e-07	7.3661e-09	-7.8684e-09	1.1601e-09	3.2356e-07	-3.2416e-07	7.8837e-09	-8.1786e-09	1.12907e-09	3.2414e-07	-3.2506e-07
0.085	3.7227e-09	-5.9374e-09	1.3866e-09	3.2626e-07	-3.2544e-07	4.1011e-09	-6.0531e-09	1.2911e-09	3.2594e-07	-3.2526e-07	4.484e-09	-6.2447e-09	1.2487e-09	3.258e-07	-3.2528e-07	4.8848e-09	-6.4551e-09	1.2259e-09	3.2566e-07	-3.2524e-07	5.2967e-09	-6.6929e-09	1.2019e-09	3.2452e-07	-3.2434e-07	5.7068e-09	-6.9362e-09	1.1935e-09	3.252e-07	-3.2528e-07	6.1432e-09	-7.1948e-09	1.1808e-09	3.2506e-07	-3.2522e-07	6.5872e-09	-7.4618e-09	1.1652e-09	3.2492e-07	-3.2516e-07	7.0496e-09	-7.7357e-09	1.15e-09	3.2478e-07	-3.2516e-07	7.5343e-09	-8.048e-09	1.1376e-09	3.2364e-07	-3.2428e-07	8.0372e-09	-8.3448e-09	1.14527e-09	3.2428e-07	-3.2506e-07
0.08	3.8283e-09	-6.047e-09	1.3931e-09	3.2622e-07	-3.2546e-07	4.2081e-09	-6.1716e-09	1.286e-09	3.263e-07	-3.2558e-07	4.5967e-09	-6.3646e-09	1.2563e-09	3.2578e-07	-3.2532e-07	5.0003e-09	-6.5815e-09	1.2401e-09	3.2558e-07	-3.2524e-07	5.4252e-09	-6.8207e-09	1.2176e-09	3.2454e-07	-3.2436e-07	5.8421e-09	-7.0682e-09	1.1922e-09	3.2528e-07	-3.2518e-07	6.2703e-09	-7.3445e-09	1.1824e-09	3.2506e-07	-3.2514e-07	6.7322e-09	-7.6083e-09	1.1639e-09	3.2498e-07	-3.2522e-07	7.1905e-09	-7.8883e-09	1.1553e-09	3.247e-07	-3.252e-07	7.6806e-09	-8.1781e-09	1.1458e-09	3.2358e-07	-3.2422e-07	8.2079e-09	-8.4927e-09	1.1431e-09	3.2422e-07	-3.2508e-07
0.075	3.9305e-09	-6.1699e-09	1.4058e-09	3.2644e-07	-3.2546e-07	4.3263e-09	-6.2957e-09	1.3225e-09	3.2596e-07	-3.2526e-07	4.7169e-09	-6.4893e-09	1.2631e-09	3.258e-07	-3.2536e-07	5.128e-09	-6.7068e-09	1.2583e-09	3.256e-07	-3.2514e-07	5.5464e-09	-6.9535e-09	1.2334e-09	3.2446e-07	-3.2424e-07	5.9759e-09	-7.2163e-09	1.2174e-09	3.2536e-07	-3.2526e-07	6.4154e-09	-7.4788e-09	1.1884e-09	3.2506e-07	-3.2514e-07	6.8693e-09	-7.755e-09	1.1833e-09	3.2496e-07	-3.2528e-07	7.3285e-09	-8.0396e-09	1.1749e-09	3.2462e-07	-3.252e-07	7.8391e-09	-8.3484e-09	1.1621e-09	3.2364e-07	-3.242e-07	8.35e-09	-8.8626e-09	1.1425e-09	3.2438e-07	-3.2514e-07
0.07	4.055e-09	-6.2938e-09	1.4186e-09	3.2618e-07	-3.254e-07	4.4374e-09	-6.4203e-09	1.3129e-09	3.2594e-07	-3.2536e-07	4.8265e-09	-6.6148e-09	1.2758e-09	3.2586e-07	-3.2534e-07	5.25e-09	-6.8392e-09	1.2557e-09	3.256e-07	-3.2526e-07	5.6717e-09	-7.1212e-09	1.2398e-09	3.2448e-07	-3.243e-07	6.1095e-09	-7.3506e-09	1.2107e-09	3.2528e-07	-3.2528e-07	6.5476e-09	-7.6211e-09	1.1906e-09	3.2506e-07	-3.2518e-07	7.0053e-09	-7.9104e-09	1.187e-09	3.2488e-07	-3.2524e-07	7.4836e-09	-8.2021e-09	1.1781e-09	3.2464e-07	-3.2514e-07	7.9757e-09	-8.5029e-09	1.1587e-09	3.2362e-07	-3.2426e-07	8.5168e-09	-8.8257e-09	1.1456e-09	3.2424e-07	-3.2508e-07
0.065	4.1682e-09	-6.4088e-09	1.4146e-09	3.2632e-07	-3.2542e-07	4.5644e-09	-6.5427e-09	1.3261e-09	3.26e-07	-3.2532e-07	4.952e-09	-6.7479e-09	1.2766e-09	3.2582e-07	-3.2556e-07	5.3777e-09	-6.978e-09	1.2515e-09	3.256e-07	-3.253e-07	5.8194e-09	-7.2377e-09	1.2299e-09	3.245e-07	-3.2428e-07	6.2388e-09	-7.4962e-09	1.2176e-09	3.253e-07	-3.2524e-07	6.6891e-09	-7.7756e-09	1.1997e-09	3.2506e-07	-3.2514e-07	7.1631e-09	-8.071e-09	1.1981e-09	3.2492e-07	-3.2502e-07	7.6458e-09	-8.359e-09	1.1785e-09	3.2466e-07	-3.252e-07	8.1413e-09	-8.675e-09	1.1712e-09	3.2366e-07	-3.2418e-07	8.6822e-09	-8.9925e-09	1.1556e-09	3.2432e-07	-3.2512e-07
0.06	4.2802e-09	-6.53e-09	1.4355e-09	3.263e-07	-3.254e-07	4.6784e-09	-6.669e-09	1.3312e-09	3.2592e-07	-3.2532e-07	5.0753e-09	-6.8812e-09	1.2918e-09	3.2574e-07	-3.2536e-07	5.5083e-09	-7.1116e-09	1.2528e-09	3.2554e-07	-3.2524e-07	5.9443e-09	-7.368e-09	1.2384e-09	3.2448e-07	-3.2434e-07	6.3843e-09	-7.636999999999998e-09	1.2279999999999999e-09	3.2532e-07	-3.2526e-07	6.839e-09	-7.9276e-09	1.2155e-09	3.2504e-07	-3.252e-07	7.3131e-09	-8.2228e-09	1.1989e-09	3.2496e-07	-3.2512e-07	7.8034e-09	-8.5195e-09	1.1914e-09	3.2458e-07	-3.2516e-07	8.3167e-09	-8.8458e-09	1.1632e-09	3.2356e-07	-3.2424e-07	8.8467e-09	-9.1688e-09	1.1697e-09	3.2428e-07	-3.2512e-07
0.055	4.3947e-09	-6.652e-09	1.4546e-09	3.2624e-07	-3.2546e-07	4.8002e-09	-6.8e-09	1.3371e-09	3.2608e-07	-3.253e-07	5.2086e-09	-7.0141e-09	1.2912e-09	3.2588e-07	-3.2524e-07	5.6413e-09	-7.251e-09	1.2639e-09	3.2558e-07	-3.2518e-07	6.0794e-09	-7.5176e-09	1.2481e-09	3.2444e-07	-3.2436e-07	6.5266e-09	-7.7905e-09	1.2245e-09	3.2528e-07	-3.2518e-07	7.0006e-09	-8.0784e-09	1.2207e-09	3.2506e-07	-3.2506e-07	7.4619e-09	-8.3766e-09	1.2102e-09	3.2506e-07	-3.2538e-07	7.9513e-09	-8.6905e-09	1.1925e-09	3.2466e-07	-3.2518e-07	8.4785e-09	-9.0162e-09	1.2006e-09	3.2364e-07	-3.2432e-07	9.0168e-09	-9.355e-09	1.1697e-09	3.2426e-07	-3.2526e-07
0.05	4.5215e-09	-6.7856e-09	1.4418e-09	3.262e-07	-3.2542e-07	4.9209e-09	-6.9302e-09	1.3437e-09	3.2604e-07	-3.2566e-07	5.3385e-09	-7.1527e-09	1.2973e-09	3.2602e-07	-3.254e-07	5.7764e-09	-7.396e-09	1.2684e-09	3.2556e-07	-3.2526e-07	6.2213e-09	-7.6669e-09	1.2646e-09	3.245e-07	-3.2438e-07	6.6708e-09	-7.9451e-09	1.2371e-09	3.2522e-07	-3.2516e-07	7.1477e-09	-8.237e-09	1.2229e-09	3.2504e-07	-3.2512e-07	7.6164e-09	-8.5436e-09	1.2157e-09	3.2482e-07	-3.2524e-07	8.119e-09	-8.859e-09	1.1978e-09	3.2486e-07	-3.252e-07	8.6386e-09	-9.1903e-09	1.1844e-09	3.2358e-07	-3.2418e-07	9.2025e-09	-9.5493e-09	1.1775e-09	3.2432e-07	-3.2508e-07
0.045	4.6422e-09	-6.9076e-09	1.4415e-09	3.2628e-07	-3.2536e-07	5.0556e-09	-7.0674e-09	1.3504e-09	3.2596e-07	-3.2526e-07	5.4621e-09	-7.2884e-09	1.3053e-09	3.2608e-07	-3.256e-07	5.9104e-09	-7.5422e-09	1.2711e-09	3.2566e-07	-3.253e-07	6.3729e-09	-7.8133e-09	1.2616e-09	3.2446e-07	-3.2428e-07	6.8104e-09	-8.0979e-09	1.2375e-09	3.2528e-07	-3.2526e-07	7.2869e-09	-8.407e-09	1.2292e-09	3.251e-07	-3.2522e-07	7.7932e-09	-8.7151e-09	1.222e-09	3.2486e-07	-3.2514e-07	8.2843e-09	-9.0302e-09	1.2047e-09	3.2468e-07	-3.2512e-07	8.8014e-09	-9.3677e-09	1.1942e-09	3.2366e-07	-3.2424e-07	9.378e-09	-9.7255e-09	1.1841e-09	3.2424e-07	-3.2508e-07
0.04	4.7614e-09	-7.0431e-09	1.4502e-09	3.2622e-07	-3.254e-07	5.1884e-09	-7.2092e-09	1.3657e-09	3.2596e-07	-3.2532e-07	5.6069e-09	-7.431e-09	1.3072e-09	3.2584e-07	-3.253e-07	6.0567e-09	-7.6908e-09	1.2866e-09	3.2558e-07	-3.2524e-07	6.5062e-09	-7.9626e-09	1.2553e-09	3.245e-07	-3.2436e-07	6.9684e-09	-8.2584e-09	1.2444e-09	3.2526e-07	-3.2522e-07	7.4827e-09	-8.5871e-09	1.2346e-09	3.25e-07	-3.2518e-07	7.9551e-09	-8.8777e-09	1.2217e-09	3.2482e-07	-3.2514e-07	8.4601e-09	-9.2092e-09	1.2134e-09	3.247e-07	-3.2512e-07	8.9847e-09	-9.5491e-09	1.1983e-09	3.2364e-07	-3.2418e-07	9.5626e-09	-1.00712e-08	1.1852e-09	3.2452e-07	-3.2518e-07
0.035	4.8931e-09	-7.1788e-09	1.4601e-09	3.2624e-07	-3.2542e-07	5.3136e-09	-7.3511e-09	1.3675e-09	3.2588e-07	-3.253e-07	5.7407e-09	-7.5748e-09	1.3182e-09	3.2578e-07	-3.2526e-07	6.1929e-09	-7.8365e-09	1.3e-09	3.2552e-07	-3.253e-07	6.6551e-09	-8.1282e-09	1.2673e-09	3.2456e-07	-3.243e-07	7.1293e-09	-8.4155e-09	1.2617e-09	3.2524e-07	-3.2522e-07	7.6151e-09	-8.729e-09	1.2362e-09	3.2504e-07	-3.2516e-07	8.1028e-09	-9.0486e-09	1.2335e-09	3.249e-07	-3.252e-07	8.6176e-09	-9.3884e-09	1.2239e-09	3.2468e-07	-3.2512e-07	9.1727e-09	-9.7402e-09	1.2051e-09	3.235e-07	-3.2422e-07	1.00274e-08	-1.01008e-08	1.1915e-09	3.2432e-07	-3.2514e-07
0.03	5.0335e-09	-7.3171e-09	1.4614e-09	3.2624e-07	-3.2536e-07	5.4501e-09	-7.4892e-09	1.3612e-09	3.2626e-07	-3.2524e-07	5.8833e-09	-7.7247e-09	1.3183e-09	3.2588e-07	-3.2528e-07	6.3468e-09	-7.9928e-09	1.2959e-09	3.2562e-07	-3.2532e-07	6.8108e-09	-8.2824e-09	1.2769e-09	3.2454e-07	-3.243e-07	7.2825e-09	-8.5854e-09	1.2621e-09	3.2528e-07	-3.2522e-07	7.7679e-09	-8.8999e-09	1.241e-09	3.2504e-07	-3.2542e-07	8.2733e-09	-9.2295e-09	1.2356e-09	3.2486e-07	-3.2516e-07	8.8603e-09	-9.566e-09	1.2222e-09	3.25e-07	-3.254e-07	9.3399e-09	-9.9281e-09	1.2208e-09	3.2364e-07	-3.2422e-07	9.9363e-09	-1.02969e-08	1.2046e-09	3.2426e-07	-3.2512e-07
0.025	5.158e-09	-7.4493e-09	1.4605e-09	3.262e-07	-3.2536e-07	5.5903e-09	-7.6336e-09	1.3678e-09	3.259e-07	-3.2514e-07	6.0238e-09	-7.8726e-09	1.3408e-09	3.2578e-07	-3.252e-07	6.4884e-09	-8.1437e-09	1.3007e-09	3.2564e-07	-3.2528e-07	6.9616e-09	-8.4357e-09	1.2843e-09	3.2452e-07	-3.2432e-07	7.4378e-09	-8.7537e-09	1.2654e-09	3.2534e-07	-3.2526e-07	7.9301e-09	-9.0711e-09	1.2581e-09	3.2506e-07	-3.2522e-07	8.7334e-09	-9.6794e-09	1.235e-09	3.2486e-07	-3.2514e-07	8.9954e-09	-9.7564e-09	1.2234e-09	3.2466e-07	-3.252e-07	9.5343e-09	-1.01135e-08	1.2128e-09	3.235e-07	-3.2416e-07	1.0383e-08	-1.07822e-08	1.2138e-09	3.2422e-07	-3.251e-07
0.02	5.2852e-09	-7.591e-09	1.4742e-09	3.263e-07	-3.2546e-07	5.7342e-09	-7.7782e-09	1.3874e-09	3.2582e-07	-3.2526e-07	6.1771e-09	-8.0214e-09	1.3491e-09	3.2578e-07	-3.2534e-07	6.6414e-09	-8.299e-09	1.3085e-09	3.2572e-07	-3.2536e-07	7.1162e-09	-8.5985e-09	1.2938e-09	3.2456e-07	-3.243e-07	7.608699999999998e-09	-8.9239e-09	1.2719e-09	3.253e-07	-3.2524e-07	8.1076e-09	-9.2472e-09	1.2571e-09	3.2498e-07	-3.2514e-07	8.6227e-09	-9.5815e-09	1.2538e-09	3.2484e-07	-3.252e-07	9.1521e-09	-9.9449e-09	1.2349e-09	3.2476e-07	-3.2514e-07	9.7299e-09	-1.03075e-08	1.2256e-09	3.2356e-07	-3.2418e-07	1.03215e-08	-1.07119e-08	1.2101e-09	3.242e-07	-3.25e-07
0.015	5.4307e-09	-7.7401e-09	1.4738e-09	3.2618e-07	-3.2538e-07	5.8734e-09	-7.9309e-09	1.3909e-09	3.2596e-07	-3.253e-07	6.3152e-09	-8.1757e-09	1.3398e-09	3.2576e-07	-3.2526e-07	6.7959e-09	-8.4666e-09	1.3098e-09	3.256e-07	-3.253e-07	7.279e-09	-8.7792e-09	1.3069e-09	3.2372e-07	-3.2354e-07	7.7754e-09	-9.0937e-09	1.2814e-09	3.2524e-07	-3.252e-07	8.3026e-09	-9.4217e-09	1.2642e-09	3.251e-07	-3.2518e-07	8.7953e-09	-9.7662e-09	1.2591e-09	3.2488e-07	-3.2516e-07	9.3395e-09	-1.01362e-08	1.2493e-09	3.2476e-07	-3.2516e-07	9.9054e-09	-1.05111e-08	1.2381e-09	3.2298e-07	-3.2422e-07	1.0788e-08	-1.12002e-08	1.2211e-09	3.2426e-07	-3.2508e-07
0.01	5.5952e-09	-7.9084e-09	1.4795e-09	3.2624e-07	-3.2538e-07	6.0463e-09	-8.0847e-09	1.3864e-09	3.2594e-07	-3.2524e-07	6.4681e-09	-8.3364e-09	1.3552e-09	3.2576e-07	-3.2524e-07	6.954e-09	-8.6272e-09	1.3175e-09	3.2562e-07	-3.252e-07	7.4425e-09	-8.9411e-09	1.3007e-09	3.245e-07	-3.2416e-07	7.9281e-09	-9.2641e-09	1.2926e-09	3.2536e-07	-3.2528e-07	8.4549e-09	-9.607e-09	1.2707e-09	3.251e-07	-3.2522e-07	8.9783e-09	-9.9631e-09	1.2601e-09	3.2492e-07	-3.2524e-07	9.5461e-09	-1.03322e-08	1.2572e-09	3.2474e-07	-3.2516e-07	1.00995e-08	-1.07102e-08	1.2433e-09	3.2362e-07	-3.242e-07	1.07251e-08	-1.11223e-08	1.2274e-09	3.2424e-07	-3.251e-07
0.005	5.708e-09	-8.0228e-09	1.4936e-09	3.262e-07	-3.253e-07	6.1508e-09	-8.2332e-09	1.3897e-09	3.259e-07	-3.253e-07	6.6295e-09	-8.4963e-09	1.3589e-09	3.2582e-07	-3.252e-07	7.0962e-09	-8.7941e-09	1.3301e-09	3.2558e-07	-3.2526e-07	7.6017e-09	-9.1036e-09	1.3086e-09	3.2444e-07	-3.2428e-07	8.1341e-09	-9.4514e-09	1.2942e-09	3.253e-07	-3.2524e-07	8.6507e-09	-9.7971e-09	1.2824e-09	3.25e-07	-3.2522e-07	9.1649e-09	-1.01475e-08	1.2647e-09	3.2488e-07	-3.252e-07	9.7296e-09	-1.05357e-08	1.2518e-09	3.2474e-07	-3.2524e-07	1.03023e-08	-1.09294e-08	1.2524e-09	3.2358e-07	-3.2416e-07	1.09216e-08	-1.1339e-08	1.2285e-09	3.2426e-07	-3.2506e-07
0.0	5.8548e-09	-8.1797e-09	1.5133e-09	3.2614e-07	-3.2532e-07	6.3186e-09	-8.3984e-09	1.4065e-09	3.2588e-07	-3.253e-07	6.7874e-09	-8.661e-09	1.3693e-09	3.2576e-07	-3.2528e-07	7.2691e-09	-8.9672e-09	1.3319e-09	3.2558e-07	-3.251e-07	7.7706e-09	-9.2835e-09	1.3182e-09	3.2456e-07	-3.2436e-07	8.2971e-09	-9.632e-09	1.2997e-09	3.2522e-07	-3.2526e-07	8.8192e-09	-9.986e-09	1.2859e-09	3.2502e-07	-3.252e-07	9.3534e-09	-1.03343e-08	1.274e-09	3.2492e-07	-3.2524e-07	9.9239e-09	-1.07354e-08	1.2684e-09	3.2476e-07	-3.2524e-07	1.05201e-08	-1.11246e-08	1.2539e-09	3.2358e-07	-3.2416e-07	1.11373e-08	-1.15436e-08	1.2382e-09	3.2426e-07	-3.2512e-07
