vg	id_vd = 0.0V	ig_vd = 0.0V	is_vd = 0.0V	iavdd_vd = 0.0V	ignd_vd = 0.0V	id_vd = 0.15000000000000002V	ig_vd = 0.15000000000000002V	is_vd = 0.15000000000000002V	iavdd_vd = 0.15000000000000002V	ignd_vd = 0.15000000000000002V	id_vd = 0.30000000000000004V	ig_vd = 0.30000000000000004V	is_vd = 0.30000000000000004V	iavdd_vd = 0.30000000000000004V	ignd_vd = 0.30000000000000004V	id_vd = 0.45V	ig_vd = 0.45V	is_vd = 0.45V	iavdd_vd = 0.45V	ignd_vd = 0.45V	id_vd = 0.6000000000000001V	ig_vd = 0.6000000000000001V	is_vd = 0.6000000000000001V	iavdd_vd = 0.6000000000000001V	ignd_vd = 0.6000000000000001V	id_vd = 0.75V	ig_vd = 0.75V	is_vd = 0.75V	iavdd_vd = 0.75V	ignd_vd = 0.75V	id_vd = 0.9V	ig_vd = 0.9V	is_vd = 0.9V	iavdd_vd = 0.9V	ignd_vd = 0.9V
1.2	-1.0162e-07	3.3078e-09	5.9997e-10	4.2368e-07	-3.2624e-07	-5.55782e-08	3.1263e-09	1.7761000000000002e-10	3.778e-07	-3.2534e-07	-2.969e-08	2.8231e-09	1.1407e-10	3.5208e-07	-3.2526e-07	-1.48782e-08	2.6091e-09	7.820000000000001e-11	3.365e-07	-3.243e-07	-6.7842e-09	2.473e-09	5.7480000000000005e-11	3.2864e-07	-3.2428e-07	-2.3664e-09	2.3826e-09	4.364e-11	3.2426e-07	-3.243e-07	4.2199e-10	2.227e-09	4.608e-11	3.226e-07	-3.2514e-07
1.195	-1.0092e-07	3.082e-09	6.132300000000001e-10	4.2338e-07	-3.2634e-07	-5.54976e-08	2.9603e-09	1.8952e-10	3.7772e-07	-3.2538e-07	-2.97036e-08	2.6603e-09	1.2952e-10	3.5224e-07	-3.2534e-07	-1.48932e-08	2.4456e-09	9.058e-11	3.3656e-07	-3.2432e-07	-6.7981e-09	2.3111e-09	6.509e-11	3.288e-07	-3.2436e-07	-2.3625e-09	2.2175e-09	4.956e-11	3.2438e-07	-3.2426e-07	4.1276e-10	2.0769e-09	4.527e-11	3.2268e-07	-3.252e-07
1.19	-1.007e-07	2.9648e-09	6.2981e-10	4.2326e-07	-3.2626e-07	-5.54746e-08	2.8321e-09	2.0182e-10	3.7784e-07	-3.2542e-07	-2.9747e-08	2.5281e-09	1.4080000000000002e-10	3.5228e-07	-3.2532e-07	-1.4897e-08	2.3182e-09	1.0215e-10	3.3678e-07	-3.2436e-07	-6.7969e-09	2.176e-09	7.124e-11	3.2888e-07	-3.2436e-07	-2.3606e-09	2.0936e-09	5.467e-11	3.2448e-07	-3.243e-07	4.0996000000000005e-10	1.9602e-09	5.779e-11	3.2274e-07	-3.2518e-07
1.185	-1.0048e-07	2.8579e-09	6.2523e-10	4.2312e-07	-3.2616e-07	-5.53566e-08	2.7127e-09	2.1678000000000003e-10	3.7784e-07	-3.253e-07	-2.97468e-08	2.4063e-09	1.4946000000000002e-10	3.5248e-07	-3.253e-07	-1.48884e-08	2.1948e-09	1.0892e-10	3.3684e-07	-3.2434e-07	-6.7804e-09	2.0608e-09	8.034e-11	3.2904e-07	-3.244e-07	-2.3718e-09	1.9721e-09	6.448e-11	3.2462e-07	-3.2424e-07	3.9771e-10	1.8449e-09	6.043e-11	3.2296e-07	-3.2528e-07
1.1800000000000002	-1.0022e-07	2.7638e-09	6.3417e-10	4.2302e-07	-3.2618e-07	-5.5286e-08	2.6034e-09	2.2913e-10	3.778e-07	-3.2538e-07	-2.96752e-08	2.297e-09	1.538e-10	3.5254e-07	-3.253e-07	-1.4908199999999998e-08	2.0857e-09	1.2178000000000002e-10	3.3698e-07	-3.2426e-07	-6.7892e-09	1.9553e-09	8.649e-11	3.2908e-07	-3.2432e-07	-2.3734e-09	1.864e-09	7.119e-11	3.2466e-07	-3.2424e-07	4.0787e-10	1.7426e-09	6.729000000000001e-11	3.2292e-07	-3.2524e-07
1.175	-9.99678e-08	2.6666e-09	6.415300000000001e-10	4.2282e-07	-3.2612e-07	-5.5287e-08	2.5007e-09	2.4339e-10	3.7796e-07	-3.2538e-07	-2.9659e-08	2.2e-09	1.7142e-10	3.5256e-07	-3.2532e-07	-1.4893799999999998e-08	1.9836e-09	1.2511000000000002e-10	3.3702e-07	-3.2432e-07	-6.8018e-09	1.8556e-09	1.0002e-10	3.2922e-07	-3.2434e-07	-2.3566e-09	1.7627e-09	7.577e-11	3.2484e-07	-3.2432e-07	4.073e-10	1.654e-09	7.293e-11	3.2302e-07	-3.2516e-07
1.1700000000000002	-9.9867e-08	2.5898e-09	6.4466e-10	4.229e-07	-3.2608e-07	-5.52304e-08	2.406e-09	2.5367e-10	3.779e-07	-3.2532e-07	-2.96136e-08	2.1094e-09	1.7723000000000002e-10	3.5252e-07	-3.2526e-07	-1.48828e-08	1.8951e-09	1.3523e-10	3.3652e-07	-3.2368e-07	-6.7897e-09	1.7611e-09	1.0066e-10	3.2924e-07	-3.2432e-07	-2.3647e-09	1.6761e-09	8.696e-11	3.2492e-07	-3.2432e-07	4.0523e-10	1.5674e-09	7.405e-11	3.2314e-07	-3.2516e-07
1.165	-9.97398e-08	2.5079e-09	6.5306e-10	4.227e-07	-3.2614e-07	-5.530659999999999e-08	2.3204e-09	2.625e-10	3.781e-07	-3.2536e-07	-2.96284e-08	2.027e-09	1.8798e-10	3.527e-07	-3.253e-07	-1.4894e-08	1.8104e-09	1.3842e-10	3.3726e-07	-3.2438e-07	-6.7824e-09	1.6811e-09	1.1007e-10	3.2932e-07	-3.2426e-07	-2.3644e-09	1.5873e-09	9.128e-11	3.2494e-07	-3.2432e-07	4.0679000000000005e-10	1.4849e-09	8.495e-11	3.231e-07	-3.2518e-07
1.16	-9.95018e-08	2.4331e-09	6.570100000000001e-10	4.2246e-07	-3.2608e-07	-5.51986e-08	2.2434e-09	2.7147000000000005e-10	3.7804e-07	-3.2538e-07	-2.96338e-08	1.9475e-09	1.9831e-10	3.5278e-07	-3.2534e-07	-1.48802e-08	1.7366e-09	1.5507e-10	3.3736e-07	-3.243e-07	-6.7965e-09	1.6057e-09	1.1859e-10	3.2942e-07	-3.2436e-07	-2.353e-09	1.5099e-09	9.486000000000001e-11	3.2508e-07	-3.2436e-07	4.1322000000000005e-10	1.4116e-09	8.716000000000001e-11	3.2328e-07	-3.2518e-07
1.155	-9.92566e-08	2.3639e-09	6.6581e-10	4.2238e-07	-3.261e-07	-5.52044e-08	2.1723e-09	2.8088e-10	3.7818e-07	-3.254e-07	-2.96662e-08	1.8735e-09	2.1056e-10	3.5288e-07	-3.2524e-07	-1.4879e-08	1.6621e-09	1.5967e-10	3.3742e-07	-3.2434e-07	-6.7927e-09	1.5291e-09	1.2366000000000002e-10	3.2942e-07	-3.2436e-07	-2.3512e-09	1.4421e-09	9.84e-11	3.2522e-07	-3.2434e-07	4.1286e-10	1.3461e-09	9.647e-11	3.233e-07	-3.2508e-07
1.15	-9.915539999999999e-08	2.3006e-09	6.6739e-10	4.2208e-07	-3.2584e-07	-5.51482e-08	2.106e-09	2.9626e-10	3.7818e-07	-3.253e-07	-2.96134e-08	1.8058e-09	2.1586e-10	3.5282e-07	-3.2524e-07	-1.4879999999999998e-08	1.5965e-09	1.6891e-10	3.3748e-07	-3.2432e-07	-6.791e-09	1.4642e-09	1.2879e-10	3.2946e-07	-3.2428e-07	-2.3577e-09	1.3772e-09	1.1073000000000001e-10	3.2458e-07	-3.2368e-07	4.0477e-10	1.2802e-09	1.0073e-10	3.2342e-07	-3.2518e-07
1.145	-9.90064e-08	2.2411e-09	6.707600000000001e-10	4.2216e-07	-3.2606e-07	-5.51506e-08	2.0408e-09	3.076e-10	3.7814e-07	-3.2536e-07	-2.96032e-08	1.7435e-09	2.2044e-10	3.5296e-07	-3.253e-07	-1.4859799999999998e-08	1.5303e-09	1.747e-10	3.3752e-07	-3.2428e-07	-6.786e-09	1.4048e-09	1.3546000000000002e-10	3.295e-07	-3.237e-07	-2.3564e-09	1.3107e-09	1.1567e-10	3.2524e-07	-3.2434e-07	4.1392000000000006e-10	1.2197e-09	1.0325e-10	3.2338e-07	-3.2518e-07
1.14	-9.88682e-08	2.187e-09	6.8834e-10	4.2188e-07	-3.2604e-07	-5.51088e-08	1.9812e-09	3.1907e-10	3.7806e-07	-3.253e-07	-2.95796e-08	1.6891e-09	2.3192e-10	3.5306e-07	-3.2534e-07	-1.48728e-08	1.4739e-09	1.8093e-10	3.3746e-07	-3.2432e-07	-6.801e-09	1.3487e-09	1.4599e-10	3.296e-07	-3.2436e-07	-2.3382e-09	1.2539e-09	1.1935e-10	3.2528e-07	-3.243e-07	4.1437e-10	1.171e-09	1.0895e-10	3.2356e-07	-3.2524e-07
1.135	-9.86662e-08	2.1349e-09	6.8847e-10	4.2174e-07	-3.2596e-07	-5.511459999999999e-08	1.9219e-09	3.2146000000000005e-10	3.7818e-07	-3.2536e-07	-2.96068e-08	1.6341e-09	2.414e-10	3.5312e-07	-3.2532e-07	-1.48738e-08	1.4217e-09	1.887e-10	3.3762e-07	-3.2436e-07	-6.786e-09	1.2892e-09	1.5066e-10	3.297e-07	-3.243e-07	-2.3299e-09	1.2044e-09	1.2867e-10	3.2528e-07	-3.2436e-07	4.1173e-10	1.1159e-09	1.1935e-10	3.2358e-07	-3.2524e-07
1.13	-9.84866e-08	2.0833e-09	6.903600000000001e-10	4.2178e-07	-3.2604e-07	-5.50354e-08	1.8714e-09	3.3234e-10	3.7826e-07	-3.2544e-07	-2.95628e-08	1.5865e-09	2.5261e-10	3.5312e-07	-3.2538e-07	-1.4861399999999998e-08	1.3732e-09	1.9469000000000003e-10	3.3752e-07	-3.2428e-07	-6.784e-09	1.2432e-09	1.5427e-10	3.2974e-07	-3.2424e-07	-2.341e-09	1.1523e-09	1.3634000000000002e-10	3.2536e-07	-3.2438e-07	4.1416000000000005e-10	1.0664e-09	1.2196e-10	3.2368e-07	-3.2524e-07
1.125	-9.83184e-08	2.0343e-09	6.9591e-10	4.2164e-07	-3.2596e-07	-5.4975e-08	1.8229e-09	3.3992e-10	3.782e-07	-3.2534e-07	-2.96074e-08	1.5358e-09	2.5831e-10	3.5312e-07	-3.2536e-07	-1.48552e-08	1.3276e-09	2.0676e-10	3.3764e-07	-3.2422e-07	-6.7756e-09	1.1992e-09	1.6187e-10	3.2974e-07	-3.2434e-07	-2.3298e-09	1.1032e-09	1.3729e-10	3.2542e-07	-3.2434e-07	4.2356e-10	1.0232e-09	1.2492000000000002e-10	3.2364e-07	-3.2524e-07
1.12	-9.81936e-08	1.9883e-09	6.993500000000001e-10	4.2144e-07	-3.2586e-07	-5.4935e-08	1.7785e-09	3.5178e-10	3.7824e-07	-3.2536e-07	-2.9589e-08	1.4914e-09	2.6946e-10	3.5318e-07	-3.2538e-07	-1.48568e-08	1.2811e-09	2.1295000000000002e-10	3.3768e-07	-3.2436e-07	-6.7821e-09	1.1538e-09	1.7168000000000002e-10	3.2968e-07	-3.2434e-07	-2.3233e-09	1.0629e-09	1.3851000000000002e-10	3.2542e-07	-3.2434e-07	4.2398e-10	9.7908e-10	1.3371000000000002e-10	3.237e-07	-3.252e-07
1.115	-9.79036e-08	1.9459e-09	7.032200000000001e-10	4.212e-07	-3.2588e-07	-5.49058e-08	1.7369999999999999e-09	3.6155e-10	3.7824e-07	-3.2536e-07	-2.95844e-08	1.4468e-09	2.7403000000000003e-10	3.5324e-07	-3.2534e-07	-1.4881399999999998e-08	1.2392e-09	2.2208e-10	3.3774e-07	-3.2434e-07	-6.7801e-09	1.1104e-09	1.7361e-10	3.2978e-07	-3.2432e-07	-2.3242e-09	1.0245e-09	1.5074e-10	3.2546e-07	-3.2424e-07	4.1757e-10	9.3617e-10	1.3573e-10	3.2374e-07	-3.2522e-07
1.11	-9.78706e-08	1.9062e-09	7.079900000000001e-10	4.2122e-07	-3.2592e-07	-5.492319999999999e-08	1.6935e-09	3.7374000000000005e-10	3.7822e-07	-3.2532e-07	-2.95368e-08	1.4096e-09	2.8110000000000004e-10	3.5322e-07	-3.2542e-07	-1.4860999999999998e-08	1.1971e-09	2.2393e-10	3.377e-07	-3.2432e-07	-6.7799e-09	1.0741e-09	1.8072e-10	3.2982e-07	-3.2446e-07	-2.3322e-09	9.7724e-10	1.5530000000000002e-10	3.2546e-07	-3.243e-07	4.2913000000000005e-10	9.013999999999999e-10	1.3968e-10	3.2386e-07	-3.2524e-07
1.105	-9.76988e-08	1.8687e-09	7.157400000000001e-10	4.2108e-07	-3.2594e-07	-5.483899999999999e-08	1.6533e-09	3.788e-10	3.7816e-07	-3.2542e-07	-2.9571e-08	1.3727e-09	2.8609000000000004e-10	3.5324e-07	-3.2532e-07	-1.4862399999999998e-08	1.164e-09	2.3443000000000004e-10	3.3774e-07	-3.2428e-07	-6.777e-09	1.0399e-09	1.9004e-10	3.2988e-07	-3.244e-07	-2.3158e-09	9.438e-10	1.5850000000000002e-10	3.255e-07	-3.2438e-07	4.3005e-10	8.6874e-10	1.4895e-10	3.238e-07	-3.252e-07
1.1	-9.755759999999998e-08	1.8303e-09	7.218e-10	4.21e-07	-3.259e-07	-5.483239999999999e-08	1.6126e-09	3.8301e-10	3.7826e-07	-3.2538e-07	-2.95618e-08	1.3387e-09	3.0066e-10	3.5326e-07	-3.2538e-07	-1.48716e-08	1.1288e-09	2.3862e-10	3.3782e-07	-3.2436e-07	-6.7803e-09	1.0019e-09	1.9739e-10	3.2992e-07	-3.2434e-07	-2.3152e-09	9.1153e-10	1.6796e-10	3.247e-07	-3.235e-07	4.2514e-10	8.333000000000001e-10	1.5246e-10	3.2386e-07	-3.2528e-07
1.095	-9.7456e-08	1.7928e-09	7.2796e-10	4.208e-07	-3.259e-07	-5.483079999999999e-08	1.5798e-09	3.8817e-10	3.7826e-07	-3.2526e-07	-2.95744e-08	1.3026e-09	3.0840000000000004e-10	3.536e-07	-3.256e-07	-1.48862e-08	1.0996e-09	2.4787000000000004e-10	3.3788e-07	-3.2436e-07	-6.7744e-09	9.6757e-10	2.0039e-10	3.299e-07	-3.2406e-07	-2.3182e-09	8.7656e-10	1.7319000000000002e-10	3.2554e-07	-3.2432e-07	4.3602e-10	8.0093e-10	1.5395000000000002e-10	3.239e-07	-3.2528e-07
1.09	-9.73566e-08	1.7562e-09	7.2942e-10	4.2074e-07	-3.2584e-07	-5.48624e-08	1.5473e-09	3.9484000000000006e-10	3.783e-07	-3.2536e-07	-2.95712e-08	1.2701e-09	3.1330000000000005e-10	3.5336e-07	-3.253e-07	-1.4892599999999998e-08	1.0664e-09	2.5655e-10	3.3794e-07	-3.2436e-07	-6.778e-09	9.3881e-10	2.0827e-10	3.2988e-07	-3.2424e-07	-2.3075e-09	8.4494e-10	1.7742000000000002e-10	3.256e-07	-3.2426e-07	4.3681e-10	7.7554e-10	1.5893e-10	3.2386e-07	-3.2524e-07
1.085	-9.72114e-08	1.7245e-09	7.3657e-10	4.2072e-07	-3.2584e-07	-5.48114e-08	1.5168e-09	4.0907e-10	3.782e-07	-3.2538e-07	-2.95454e-08	1.2381e-09	3.2262e-10	3.5332e-07	-3.2526e-07	-1.48888e-08	1.0364e-09	2.6394e-10	3.3794e-07	-3.2436e-07	-6.7721e-09	9.076799999999999e-10	2.1652e-10	3.2998e-07	-3.2426e-07	-2.3062e-09	8.198100000000001e-10	1.8476e-10	3.255e-07	-3.2434e-07	4.319e-10	7.4692e-10	1.6811e-10	3.239e-07	-3.2508e-07
1.08	-9.70636e-08	1.6922e-09	7.425400000000001e-10	4.2046e-07	-3.2586e-07	-5.48092e-08	1.4832e-09	4.1776e-10	3.782e-07	-3.2532e-07	-2.95796e-08	1.2074e-09	3.2274e-10	3.5348e-07	-3.253e-07	-1.4883999999999998e-08	1.005e-09	2.717e-10	3.3792e-07	-3.2428e-07	-6.771e-09	8.7858e-10	2.1873000000000003e-10	3.2932e-07	-3.2364e-07	-2.308e-09	7.9152e-10	1.9216e-10	3.2562e-07	-3.243e-07	4.3394000000000005e-10	7.179600000000001e-10	1.6869e-10	3.239e-07	-3.2518e-07
1.075	-9.694619999999998e-08	1.6643e-09	7.515e-10	4.2026e-07	-3.258e-07	-5.47478e-08	1.4519e-09	4.2302000000000006e-10	3.7826e-07	-3.253e-07	-2.95096e-08	1.1824e-09	3.3248e-10	3.5334e-07	-3.2526e-07	-1.4876599999999998e-08	9.7799e-10	2.7618e-10	3.3796e-07	-3.2426e-07	-6.7643e-09	8.5605e-10	2.2634e-10	3.299e-07	-3.236e-07	-2.3094e-09	7.632700000000001e-10	1.9425000000000003e-10	3.2558e-07	-3.2426e-07	4.434e-10	6.9587e-10	1.7422000000000002e-10	3.239e-07	-3.252e-07
1.07	-9.6882e-08	1.6339e-09	7.6901e-10	4.2018e-07	-3.2584e-07	-5.4663e-08	1.4216e-09	4.2797e-10	3.7814e-07	-3.2524e-07	-2.95998e-08	1.1553e-09	3.3794e-10	3.534e-07	-3.2534e-07	-1.4885199999999998e-08	9.524e-10	2.8266000000000004e-10	3.3794e-07	-3.2426e-07	-6.7709e-09	8.310800000000001e-10	2.3564000000000003e-10	3.3004e-07	-3.2424e-07	-2.2971e-09	7.401e-10	1.9846e-10	3.2562e-07	-3.242e-07	4.4142e-10	6.725900000000001e-10	1.8368e-10	3.2386e-07	-3.252e-07
1.065	-9.683899999999998e-08	1.6016e-09	7.6078e-10	4.2034e-07	-3.2576e-07	-5.47016e-08	1.3972e-09	4.3603e-10	3.7822e-07	-3.2534e-07	-2.95634e-08	1.1319e-09	3.5548000000000005e-10	3.5346e-07	-3.2536e-07	-1.4892999999999998e-08	9.300499999999999e-10	2.9201e-10	3.38e-07	-3.244e-07	-6.7743e-09	8.034e-10	2.3834000000000003e-10	3.2994e-07	-3.2426e-07	-2.2959e-09	7.180800000000001e-10	2.0902e-10	3.2562e-07	-3.2428e-07	4.4051e-10	6.4618e-10	1.8446e-10	3.2382e-07	-3.2512e-07
1.06	-9.674159999999999e-08	1.5738e-09	7.7139e-10	4.201e-07	-3.2578e-07	-5.46992e-08	1.3712e-09	4.3612e-10	3.7818e-07	-3.2526e-07	-2.9569e-08	1.1049e-09	3.5321e-10	3.5342e-07	-3.2532e-07	-1.49094e-08	9.0518e-10	2.9659e-10	3.3808e-07	-3.2426e-07	-6.7642e-09	7.828800000000001e-10	2.4459000000000003e-10	3.3008e-07	-3.2432e-07	-2.2937e-09	6.936500000000001e-10	2.1537000000000003e-10	3.256e-07	-3.2428e-07	4.5035000000000005e-10	6.2682e-10	1.8953e-10	3.2398e-07	-3.2514e-07
1.0550000000000002	-9.657199999999999e-08	1.5444e-09	7.7053e-10	4.201e-07	-3.2584e-07	-5.46548e-08	1.3469e-09	4.4554000000000005e-10	3.7814e-07	-3.2536e-07	-2.95636e-08	1.0783e-09	3.6236e-10	3.5342e-07	-3.2526e-07	-1.4922999999999997e-08	8.808e-10	3.0376000000000004e-10	3.38e-07	-3.243e-07	-6.7621e-09	7.6368e-10	2.5221e-10	3.3e-07	-3.2424e-07	-2.297e-09	6.7084e-10	2.193e-10	3.2504e-07	-3.2374e-07	4.5501e-10	6.077100000000001e-10	1.9489e-10	3.2394e-07	-3.2518e-07
1.05	-9.659939999999999e-08	1.5178e-09	7.7204e-10	4.2018e-07	-3.2578e-07	-5.46332e-08	1.3213e-09	4.573e-10	3.7816e-07	-3.2536e-07	-2.95242e-08	1.0527e-09	3.648e-10	3.5354e-07	-3.2536e-07	-1.4911799999999997e-08	8.5629e-10	3.0931000000000004e-10	3.3798e-07	-3.2416e-07	-6.7618e-09	7.407900000000001e-10	2.6244000000000003e-10	3.3004e-07	-3.2436e-07	-2.2891e-09	6.5301e-10	2.2382e-10	3.2578e-07	-3.2432e-07	4.4801e-10	5.851000000000001e-10	2.0291000000000003e-10	3.2402e-07	-3.2524e-07
1.0450000000000002	-9.65322e-08	1.4938e-09	7.805e-10	4.201e-07	-3.2586e-07	-5.46358e-08	1.2933e-09	4.6046e-10	3.7812e-07	-3.2534e-07	-2.95324e-08	1.0332e-09	3.7088e-10	3.5346e-07	-3.252e-07	-1.49204e-08	8.374200000000001e-10	3.1088e-10	3.3808e-07	-3.2436e-07	-6.759e-09	7.1758e-10	2.6095e-10	3.3004e-07	-3.243e-07	-2.2965e-09	6.3238e-10	2.3261e-10	3.257e-07	-3.2422e-07	4.5473e-10	5.639600000000001e-10	2.0154e-10	3.2398e-07	-3.252e-07
1.04	-9.63572e-08	1.4686e-09	7.865800000000001e-10	4.2004e-07	-3.2584e-07	-5.4632e-08	1.2694e-09	4.669e-10	3.7812e-07	-3.2532e-07	-2.95892e-08	1.013e-09	3.7969e-10	3.5346e-07	-3.2526e-07	-1.49218e-08	8.1901e-10	3.2117000000000004e-10	3.3806e-07	-3.2422e-07	-6.7524999999999996e-09	7.0327e-10	2.6761e-10	3.3002e-07	-3.2428e-07	-2.2939e-09	6.118800000000001e-10	2.3414000000000003e-10	3.2572e-07	-3.243e-07	4.6277000000000005e-10	5.4901e-10	2.0824e-10	3.2404e-07	-3.2518e-07
1.035	-9.631939999999999e-08	1.4442e-09	7.8996e-10	4.1996e-07	-3.258e-07	-5.46216e-08	1.2449e-09	4.7152e-10	3.7832e-07	-3.2536e-07	-2.95516e-08	9.8989e-10	3.8458e-10	3.5348e-07	-3.2524e-07	-1.49308e-08	8.0106e-10	3.2822000000000003e-10	3.3808e-07	-3.2426e-07	-6.763e-09	6.8324e-10	2.7573000000000004e-10	3.3006e-07	-3.2426e-07	-2.2819e-09	5.9506e-10	2.3835e-10	3.2572e-07	-3.2422e-07	4.5626e-10	5.312600000000001e-10	2.1711e-10	3.24e-07	-3.2508e-07
1.03	-9.626919999999998e-08	1.4175e-09	7.9808e-10	4.1978e-07	-3.2574e-07	-5.460599999999999e-08	1.2267e-09	4.8e-10	3.7822e-07	-3.254e-07	-2.9558e-08	9.7062e-10	3.9142e-10	3.5344e-07	-3.2536e-07	-1.4919199999999997e-08	7.798300000000001e-10	3.3788000000000003e-10	3.3816e-07	-3.243e-07	-6.7684e-09	6.6276e-10	2.8075000000000004e-10	3.2942e-07	-3.2352e-07	-2.2829e-09	5.794000000000001e-10	2.4546e-10	3.2572e-07	-3.2428e-07	4.6073e-10	5.1046e-10	2.1841e-10	3.2396e-07	-3.252e-07
1.025	-9.621559999999998e-08	1.392e-09	8.0588e-10	4.1984e-07	-3.258e-07	-5.46626e-08	1.205e-09	4.841200000000001e-10	3.7838e-07	-3.2542e-07	-2.95434e-08	9.501e-10	3.9949e-10	3.5384e-07	-3.2556e-07	-1.49256e-08	7.6117e-10	3.3822000000000005e-10	3.3808e-07	-3.236e-07	-6.7621e-09	6.459800000000001e-10	2.8375000000000003e-10	3.3012e-07	-3.2426e-07	-2.283e-09	5.600400000000001e-10	2.512e-10	3.2566e-07	-3.2422e-07	4.683400000000001e-10	4.9738e-10	2.2363e-10	3.2396e-07	-3.2524e-07
1.02	-9.61174e-08	1.3672e-09	8.1267e-10	4.1978e-07	-3.258e-07	-5.46406e-08	1.1857e-09	4.8833e-10	3.783e-07	-3.2538e-07	-2.95664e-08	9.284599999999999e-10	4.0343e-10	3.536e-07	-3.2524e-07	-1.4934199999999998e-08	7.41e-10	3.4279e-10	3.3802e-07	-3.2418e-07	-6.7523e-09	6.3239e-10	2.9226000000000003e-10	3.3006e-07	-3.243e-07	-2.2792e-09	5.421400000000001e-10	2.5638e-10	3.257e-07	-3.2422e-07	4.7101e-10	4.8174e-10	2.2968000000000003e-10	3.2398e-07	-3.2512e-07
1.015	-9.6087e-08	1.345e-09	8.1503e-10	4.1974e-07	-3.2574e-07	-5.4645e-08	1.1615e-09	4.930400000000001e-10	3.783e-07	-3.2532e-07	-2.95676e-08	9.084499999999999e-10	4.0972e-10	3.5358e-07	-3.2536e-07	-1.4928e-08	7.2462e-10	3.4703000000000004e-10	3.381e-07	-3.236e-07	-6.752e-09	6.142100000000001e-10	3.0145000000000003e-10	3.302e-07	-3.2428e-07	-2.2714e-09	5.266800000000001e-10	2.5889e-10	3.2582e-07	-3.2424e-07	4.6966e-10	4.6475e-10	2.358e-10	3.2428e-07	-3.2514e-07
1.01	-9.598679999999999e-08	1.3253e-09	8.2404e-10	4.1978e-07	-3.258e-07	-5.457259999999999e-08	1.1411e-09	4.982200000000001e-10	3.7816e-07	-3.253e-07	-2.96014e-08	8.9062e-10	4.1469e-10	3.536e-07	-3.253e-07	-1.4933599999999998e-08	7.105000000000001e-10	3.5270000000000003e-10	3.3814e-07	-3.2356e-07	-6.7647e-09	5.948500000000001e-10	3.0055e-10	3.3016e-07	-3.2424e-07	-2.2782e-09	5.1504e-10	2.6810000000000004e-10	3.2586e-07	-3.2432e-07	4.7611e-10	4.4888000000000006e-10	2.3434000000000004e-10	3.2408e-07	-3.2514e-07
1.005	-9.58854e-08	1.302e-09	8.307e-10	4.1944e-07	-3.2572e-07	-5.46034e-08	1.1185e-09	5.0287e-10	3.782e-07	-3.2528e-07	-2.95926e-08	8.7397e-10	4.1809000000000005e-10	3.5368e-07	-3.2536e-07	-1.4954199999999997e-08	6.9579e-10	3.6015000000000004e-10	3.3816e-07	-3.2422e-07	-6.7613e-09	5.850400000000001e-10	3.0402e-10	3.3022e-07	-3.2428e-07	-2.2756e-09	4.9594e-10	2.6839000000000004e-10	3.2576e-07	-3.2428e-07	4.842500000000001e-10	4.3725e-10	2.4117e-10	3.2402e-07	-3.252e-07
1.0	-9.59612e-08	1.2791e-09	8.3614e-10	4.1954e-07	-3.257e-07	-5.45868e-08	1.1015e-09	5.0888e-10	3.7828e-07	-3.2526e-07	-2.95804e-08	8.5886e-10	4.2361000000000005e-10	3.5366e-07	-3.2536e-07	-1.4948999999999997e-08	6.795000000000001e-10	3.6429e-10	3.381e-07	-3.2428e-07	-6.7596e-09	5.701300000000001e-10	3.1327000000000005e-10	3.3012e-07	-3.242e-07	-2.2625e-09	4.839400000000001e-10	2.7415000000000003e-10	3.2578e-07	-3.2434e-07	4.7554e-10	4.2309e-10	2.5072000000000004e-10	3.239e-07	-3.2522e-07
0.995	-9.58628e-08	1.2535e-09	8.3819e-10	4.1952e-07	-3.257e-07	-5.44766e-08	1.0835e-09	5.105e-10	3.7828e-07	-3.2528e-07	-2.95978e-08	8.3955e-10	4.3132e-10	3.5366e-07	-3.2532e-07	-1.49242e-08	6.623600000000001e-10	3.738e-10	3.3808e-07	-3.2422e-07	-6.7573e-09	5.5144e-10	3.1989e-10	3.3016e-07	-3.2424e-07	-2.2663e-09	4.7078e-10	2.8292000000000004e-10	3.2582e-07	-3.2428e-07	4.854100000000001e-10	4.0521e-10	2.4998e-10	3.2402e-07	-3.2522e-07
0.99	-9.58744e-08	1.2344e-09	8.4796e-10	4.1956e-07	-3.2572e-07	-5.45126e-08	1.0659e-09	5.1739e-10	3.7818e-07	-3.253e-07	-2.9556e-08	8.2256e-10	4.3651e-10	3.5368e-07	-3.2534e-07	-1.49426e-08	6.444100000000001e-10	3.7386e-10	3.3828e-07	-3.2426e-07	-6.7617e-09	5.386600000000001e-10	3.1974e-10	3.3016e-07	-3.2422e-07	-2.2679e-09	4.5478000000000006e-10	2.8594e-10	3.2582e-07	-3.2428e-07	4.9062e-10	3.9699e-10	2.5759000000000004e-10	3.2398e-07	-3.2508e-07
0.985	-9.59418e-08	1.2092e-09	8.4744e-10	4.1956e-07	-3.2576e-07	-5.45198e-08	1.0452e-09	5.2843e-10	3.7826e-07	-3.2536e-07	-2.95926e-08	8.0399e-10	4.4655e-10	3.5358e-07	-3.2528e-07	-1.4943799999999997e-08	6.306600000000001e-10	3.7586e-10	3.3816e-07	-3.2432e-07	-6.742e-09	5.2707e-10	3.3011e-10	3.2958e-07	-3.2362e-07	-2.2634e-09	4.4225000000000005e-10	2.9097000000000003e-10	3.2576e-07	-3.2428e-07	4.9072e-10	3.8183e-10	2.6100000000000003e-10	3.2402e-07	-3.2518e-07
0.98	-9.58178e-08	1.1919e-09	8.528000000000001e-10	4.1942e-07	-3.2588e-07	-5.4539e-08	1.0257e-09	5.3254e-10	3.7836e-07	-3.2534e-07	-2.95548e-08	7.8844e-10	4.3966e-10	3.5358e-07	-3.2524e-07	-1.4949999999999998e-08	6.169e-10	3.8272000000000005e-10	3.3826e-07	-3.2424e-07	-6.7601e-09	5.114e-10	3.3814000000000003e-10	3.3014e-07	-3.2416e-07	-2.2513e-09	4.3045000000000005e-10	2.936e-10	3.2578e-07	-3.2426e-07	4.9233e-10	3.6896e-10	2.6510000000000005e-10	3.2402e-07	-3.2518e-07
0.975	-9.56846e-08	1.1717e-09	8.6827e-10	4.1932e-07	-3.2562e-07	-5.446219999999999e-08	1.0068e-09	5.375400000000001e-10	3.7822e-07	-3.253e-07	-2.95846e-08	7.7405e-10	4.4576e-10	3.5366e-07	-3.2532e-07	-1.49674e-08	6.0608e-10	3.9224e-10	3.3822e-07	-3.244e-07	-6.7524999999999996e-09	4.9496e-10	3.3428e-10	3.302e-07	-3.2362e-07	-2.2552e-09	4.208e-10	3.0518e-10	3.258e-07	-3.243e-07	4.988100000000001e-10	3.5754000000000004e-10	2.6634000000000003e-10	3.2404e-07	-3.2518e-07
0.97	-9.56274e-08	1.1513e-09	8.7689e-10	4.1934e-07	-3.2562e-07	-5.446439999999999e-08	9.8935e-10	5.3869e-10	3.7832e-07	-3.2532e-07	-2.95846e-08	7.6051e-10	4.511e-10	3.5376e-07	-3.253e-07	-1.4963e-08	5.9195e-10	3.9444e-10	3.3818e-07	-3.2428e-07	-6.75e-09	4.874100000000001e-10	3.3960000000000005e-10	3.3028e-07	-3.243e-07	-2.2573e-09	4.0343e-10	3.0287e-10	3.2584e-07	-3.2428e-07	5.063200000000001e-10	3.4732000000000005e-10	2.7373000000000005e-10	3.2404e-07	-3.252e-07
0.965	-9.552419999999999e-08	1.1267e-09	8.773300000000001e-10	4.1918e-07	-3.2566e-07	-5.445779999999999e-08	9.735e-10	5.435e-10	3.7826e-07	-3.2528e-07	-2.96162e-08	7.4418e-10	4.6825e-10	3.5368e-07	-3.253e-07	-1.4969999999999998e-08	5.7657e-10	4.016e-10	3.3826e-07	-3.2424e-07	-6.7556e-09	4.742000000000001e-10	3.4697000000000004e-10	3.3018e-07	-3.2422e-07	-2.2454e-09	3.9392e-10	3.1009e-10	3.2588e-07	-3.2434e-07	4.9661e-10	3.3509000000000003e-10	2.8187000000000003e-10	3.24e-07	-3.2522e-07
0.96	-9.55074e-08	1.1067e-09	8.8666e-10	4.1914e-07	-3.258e-07	-5.444859999999999e-08	9.5568e-10	5.5043e-10	3.7828e-07	-3.254e-07	-2.96014e-08	7.2765e-10	4.6132e-10	3.5366e-07	-3.253e-07	-1.49858e-08	5.6181e-10	4.0143e-10	3.382e-07	-3.2416e-07	-6.7516e-09	4.6123e-10	3.5265e-10	3.303e-07	-3.2428e-07	-2.2411e-09	3.8425e-10	3.1747000000000004e-10	3.2586e-07	-3.243e-07	5.0992e-10	3.1933e-10	2.7903e-10	3.2402e-07	-3.252e-07
0.955	-9.54646e-08	1.0867e-09	8.9147e-10	4.192e-07	-3.2572e-07	-5.4483999999999993e-08	9.4151e-10	5.4357e-10	3.7848e-07	-3.2532e-07	-2.95642e-08	7.1193e-10	4.665e-10	3.5364e-07	-3.2524e-07	-1.49732e-08	5.4856e-10	4.0870000000000005e-10	3.383e-07	-3.2428e-07	-6.7629e-09	4.4732e-10	3.5589e-10	3.3032e-07	-3.2434e-07	-2.2495e-09	3.7144e-10	3.2383e-10	3.259e-07	-3.2428e-07	5.1476e-10	3.1448000000000003e-10	2.8692000000000003e-10	3.2438e-07	-3.2546e-07
0.95	-9.54404e-08	1.0682e-09	8.9247e-10	4.1924e-07	-3.257e-07	-5.44636e-08	9.230699999999999e-10	5.6381e-10	3.7826e-07	-3.2536e-07	-2.95978e-08	6.9743e-10	4.7107e-10	3.5362e-07	-3.2518e-07	-1.4992399999999998e-08	5.371900000000001e-10	4.1339e-10	3.383e-07	-3.2422e-07	-6.7492e-09	4.3936e-10	3.6285e-10	3.303e-07	-3.243e-07	-2.2465e-09	3.5893e-10	3.2404e-10	3.2586e-07	-3.2426e-07	5.087800000000001e-10	3.0151000000000003e-10	2.9014000000000004e-10	3.2398e-07	-3.2518e-07
0.945	-9.53928e-08	1.0494e-09	8.980500000000001e-10	4.1914e-07	-3.2568e-07	-5.44548e-08	9.0207e-10	5.7561e-10	3.7828e-07	-3.253e-07	-2.95892e-08	6.8471e-10	4.763700000000001e-10	3.5378e-07	-3.2526e-07	-1.4972999999999998e-08	5.2596e-10	4.1546e-10	3.383e-07	-3.2422e-07	-6.759e-09	4.2698e-10	3.7071e-10	3.3038e-07	-3.2434e-07	-2.236e-09	3.4917000000000005e-10	3.2664e-10	3.2592e-07	-3.2428e-07	5.180000000000001e-10	2.8907e-10	2.9494e-10	3.2406e-07	-3.2524e-07
0.94	-9.53758e-08	1.0313e-09	8.998e-10	4.191e-07	-3.2564e-07	-5.44416e-08	8.8471e-10	5.716700000000001e-10	3.7828e-07	-3.2532e-07	-2.95882e-08	6.7192e-10	4.758500000000001e-10	3.5372e-07	-3.2532e-07	-1.50092e-08	5.1598e-10	4.1991000000000005e-10	3.3828e-07	-3.2418e-07	-6.7505e-09	4.1262e-10	3.6804e-10	3.3034e-07	-3.243e-07	-2.2436e-09	3.4183000000000005e-10	3.3653000000000003e-10	3.2586e-07	-3.2434e-07	5.2186e-10	2.8147e-10	2.9536e-10	3.2414e-07	-3.2514e-07
0.935	-9.54176e-08	1.0114e-09	9.1541e-10	4.191e-07	-3.2572e-07	-5.438679999999999e-08	8.7197e-10	5.786400000000001e-10	3.783e-07	-3.2534e-07	-2.9576e-08	6.5934e-10	4.915800000000001e-10	3.537e-07	-3.2518e-07	-1.50144e-08	5.0096e-10	4.3385000000000006e-10	3.384e-07	-3.2424e-07	-6.7485e-09	4.0522e-10	3.7431e-10	3.303e-07	-3.2426e-07	-2.2444e-09	3.2619000000000004e-10	3.3784000000000005e-10	3.2578e-07	-3.2428e-07	5.275700000000001e-10	2.7127000000000004e-10	3.0222e-10	3.2408e-07	-3.2522e-07
0.93	-9.53768e-08	9.9156e-10	9.2185e-10	4.1912e-07	-3.256e-07	-5.440799999999999e-08	8.57e-10	5.7398e-10	3.7826e-07	-3.2524e-07	-2.96304e-08	6.4408e-10	4.970500000000001e-10	3.5382e-07	-3.2532e-07	-1.4995e-08	4.888300000000001e-10	4.3364e-10	3.3772e-07	-3.2356e-07	-6.7482e-09	3.941e-10	3.7637e-10	3.3028e-07	-3.2432e-07	-2.236e-09	3.1816e-10	3.4364e-10	3.2588e-07	-3.2434e-07	5.201700000000001e-10	2.6129000000000004e-10	3.0819000000000005e-10	3.2404e-07	-3.2514e-07
0.925	-9.53344e-08	9.7139e-10	9.2238e-10	4.1914e-07	-3.2572e-07	-5.4434e-08	8.4057e-10	5.8096e-10	3.784e-07	-3.2538e-07	-2.96272e-08	6.2845e-10	4.954600000000001e-10	3.537e-07	-3.2532e-07	-1.5016199999999998e-08	4.7478e-10	4.3085e-10	3.3838e-07	-3.243e-07	-6.7578e-09	3.8273e-10	3.9653e-10	3.3018e-07	-3.243e-07	-2.2317e-09	3.1052000000000003e-10	3.4521000000000004e-10	3.2586e-07	-3.2426e-07	5.324400000000001e-10	2.4812e-10	3.0627e-10	3.241e-07	-3.2532e-07
0.92	-9.52178e-08	9.4993e-10	9.2486e-10	4.1904e-07	-3.2566e-07	-5.44674e-08	8.2189e-10	5.9329e-10	3.7828e-07	-3.2524e-07	-2.96346e-08	6.143400000000001e-10	4.979800000000001e-10	3.5376e-07	-3.253e-07	-1.5030999999999997e-08	4.662e-10	4.3982e-10	3.3838e-07	-3.2422e-07	-6.7483e-09	3.7021e-10	3.8854e-10	3.3028e-07	-3.2432e-07	-2.2334e-09	2.9941e-10	3.5365e-10	3.2584e-07	-3.2438e-07	5.3629e-10	2.4445e-10	3.1380000000000004e-10	3.2412e-07	-3.252e-07
0.915	-9.522559999999999e-08	9.3338e-10	9.2997e-10	4.19e-07	-3.2552e-07	-5.44438e-08	8.032400000000001e-10	6.061e-10	3.7838e-07	-3.2518e-07	-2.9694e-08	6.020600000000001e-10	5.0311e-10	3.5376e-07	-3.2524e-07	-1.50076e-08	4.5533e-10	4.4054e-10	3.383e-07	-3.2424e-07	-6.7462e-09	3.6363e-10	3.9821e-10	3.297e-07	-3.237e-07	-2.2333e-09	2.8772e-10	3.5316e-10	3.2596e-07	-3.2442e-07	5.293800000000001e-10	2.3157e-10	3.1909000000000003e-10	3.2412e-07	-3.2512e-07
0.91	-9.51784e-08	9.1627e-10	9.6386e-10	4.19e-07	-3.2562e-07	-5.4438e-08	7.9464e-10	5.8894e-10	3.7832e-07	-3.253e-07	-2.96174e-08	5.911600000000001e-10	5.018500000000001e-10	3.537e-07	-3.252e-07	-1.5038599999999998e-08	4.469e-10	4.5597e-10	3.385e-07	-3.2422e-07	-6.7515e-09	3.5287000000000004e-10	4.0057e-10	3.3034e-07	-3.243e-07	-2.218e-09	2.7899000000000004e-10	3.5687000000000003e-10	3.2596e-07	-3.2428e-07	5.423600000000001e-10	2.2051e-10	3.2298e-10	3.2402e-07	-3.2524e-07
0.905	-9.51406e-08	8.9973e-10	9.4851e-10	4.1894e-07	-3.2564e-07	-5.440759999999999e-08	7.760100000000001e-10	6.1353e-10	3.7836e-07	-3.2532e-07	-2.95138e-08	5.780100000000001e-10	5.1176e-10	3.5384e-07	-3.2524e-07	-1.5033399999999998e-08	4.3246e-10	4.5636e-10	3.3836e-07	-3.2424e-07	-6.7504e-09	3.3895e-10	3.985e-10	3.3032e-07	-3.2424e-07	-2.2355e-09	2.7324000000000003e-10	3.6403e-10	3.2586e-07	-3.2424e-07	5.4432e-10	2.1503e-10	3.2438e-10	3.2408e-07	-3.252e-07
0.9	-9.5119e-08	8.801500000000001e-10	9.634e-10	4.1888e-07	-3.257e-07	-5.43946e-08	7.5425e-10	6.247e-10	3.7832e-07	-3.2526e-07	-2.96744e-08	5.654300000000001e-10	5.1351e-10	3.5386e-07	-3.2522e-07	-1.5033999999999998e-08	4.228e-10	4.5507e-10	3.3842e-07	-3.2358e-07	-6.7447e-09	3.3283000000000003e-10	4.0525e-10	3.304e-07	-3.2432e-07	-2.2289e-09	2.5928e-10	3.6663e-10	3.2588e-07	-3.2432e-07	5.4674e-10	2.0605000000000003e-10	3.2898000000000004e-10	3.241e-07	-3.252e-07
0.895	-9.507899999999999e-08	8.5581e-10	9.7294e-10	4.1888e-07	-3.2564e-07	-5.438399999999999e-08	7.4458e-10	6.1092e-10	3.7828e-07	-3.2532e-07	-2.96946e-08	5.521100000000001e-10	5.1828e-10	3.5386e-07	-3.2518e-07	-1.50476e-08	4.0837e-10	4.5761e-10	3.3836e-07	-3.2418e-07	-6.7473e-09	3.2345e-10	4.1109e-10	3.3034e-07	-3.2424e-07	-2.2232e-09	2.5246e-10	3.7299e-10	3.259e-07	-3.2432e-07	5.438400000000001e-10	1.9587e-10	3.356e-10	3.2398e-07	-3.2508e-07
0.89	-9.50932e-08	8.3799e-10	9.6973e-10	4.1876e-07	-3.257e-07	-5.43688e-08	7.3125e-10	6.2123e-10	3.7836e-07	-3.2532e-07	-2.97298e-08	5.372600000000001e-10	5.2115e-10	3.539e-07	-3.2516e-07	-1.50582e-08	3.9927e-10	4.5927000000000006e-10	3.3846e-07	-3.2422e-07	-6.7564e-09	3.1280000000000005e-10	4.1592000000000005e-10	3.303e-07	-3.243e-07	-2.22e-09	2.4562000000000003e-10	3.7159e-10	3.2594e-07	-3.2432e-07	5.5325e-10	1.8623e-10	3.3321000000000003e-10	3.241e-07	-3.2518e-07
0.885	-9.50056e-08	8.228600000000001e-10	9.7674e-10	4.1882e-07	-3.2558e-07	-5.4387e-08	7.124400000000001e-10	6.425900000000001e-10	3.7836e-07	-3.2536e-07	-2.97004e-08	5.2467e-10	5.2737e-10	3.5392e-07	-3.2522e-07	-1.5045e-08	3.9118e-10	4.6672e-10	3.3846e-07	-3.2418e-07	-6.7552e-09	3.0052e-10	4.1466e-10	3.303e-07	-3.2426e-07	-2.2238e-09	2.3627e-10	3.8186e-10	3.2592e-07	-3.243e-07	5.574600000000001e-10	1.8065e-10	3.4146000000000003e-10	3.2404e-07	-3.251e-07
0.88	-9.4978e-08	8.0751e-10	9.8465e-10	4.188e-07	-3.2556e-07	-5.43934e-08	6.961100000000001e-10	6.3744e-10	3.7842e-07	-3.2532e-07	-2.97186e-08	5.152300000000001e-10	5.3061e-10	3.5424e-07	-3.255e-07	-1.5066799999999998e-08	3.81e-10	4.6513e-10	3.3846e-07	-3.2426e-07	-6.7478e-09	2.9577e-10	4.2678000000000005e-10	3.3034e-07	-3.243e-07	-2.223e-09	2.2494000000000003e-10	3.8238e-10	3.258e-07	-3.2418e-07	5.4985e-10	1.7092000000000002e-10	3.4665000000000004e-10	3.2402e-07	-3.252e-07
0.875	-9.50176e-08	7.9005e-10	9.8504e-10	4.1866e-07	-3.2548e-07	-5.437039999999999e-08	6.8371e-10	6.397600000000001e-10	3.7838e-07	-3.2526e-07	-2.97448e-08	5.0323e-10	5.360900000000001e-10	3.5394e-07	-3.2522e-07	-1.5071399999999998e-08	3.6996e-10	4.805e-10	3.3852e-07	-3.2426e-07	-6.7706e-09	2.8612000000000004e-10	4.2563e-10	3.304e-07	-3.2438e-07	-2.2127e-09	2.1686e-10	3.9151e-10	3.26e-07	-3.2424e-07	5.629600000000001e-10	1.6015e-10	3.4802e-10	3.241e-07	-3.2514e-07
0.87	-9.50108e-08	7.7191e-10	9.9947e-10	4.1912e-07	-3.259e-07	-5.436379999999999e-08	6.694700000000001e-10	6.399900000000001e-10	3.7842e-07	-3.254e-07	-2.973e-08	4.8985e-10	5.422500000000001e-10	3.5394e-07	-3.2512e-07	-1.50908e-08	3.5794e-10	4.7845e-10	3.3852e-07	-3.2424e-07	-6.7598e-09	2.7318000000000003e-10	4.2775000000000005e-10	3.3038e-07	-3.2426e-07	-2.2206e-09	2.1193e-10	3.8996e-10	3.2582e-07	-3.2428e-07	5.6812e-10	1.5641e-10	3.4924000000000003e-10	3.2416e-07	-3.2508e-07
0.865	-9.488879999999999e-08	7.5207e-10	1.01531e-09	4.187e-07	-3.256e-07	-5.43886e-08	6.543800000000001e-10	6.527e-10	3.785e-07	-3.253e-07	-2.97544e-08	4.7806e-10	5.521200000000001e-10	3.5396e-07	-3.2524e-07	-1.50814e-08	3.4936e-10	4.8226e-10	3.385e-07	-3.2422e-07	-6.7501e-09	2.6769000000000003e-10	4.3149e-10	3.303e-07	-3.2386e-07	-2.2203e-09	1.9968000000000003e-10	3.9252e-10	3.2584e-07	-3.2428e-07	5.661400000000001e-10	1.4694e-10	3.5510000000000005e-10	3.2418e-07	-3.2522e-07
0.86	-9.49258e-08	7.3471e-10	1.0102e-09	4.187e-07	-3.2564e-07	-5.44204e-08	6.342e-10	6.6223e-10	3.785e-07	-3.253e-07	-2.97686e-08	4.6392e-10	5.5344e-10	3.5396e-07	-3.2526e-07	-1.50938e-08	3.3724e-10	4.837100000000001e-10	3.3854e-07	-3.243e-07	-6.7508e-09	2.5953000000000003e-10	4.2994e-10	3.303e-07	-3.2434e-07	-2.2195e-09	1.9222e-10	4.0216e-10	3.2586e-07	-3.2424e-07	5.684300000000001e-10	1.3675000000000002e-10	3.6069e-10	3.2404e-07	-3.2514e-07
0.855	-9.4842e-08	7.161900000000001e-10	1.00668e-09	4.1866e-07	-3.256e-07	-5.443379999999999e-08	6.2005e-10	6.700500000000001e-10	3.7836e-07	-3.2528e-07	-2.9806e-08	4.5219e-10	5.536400000000001e-10	3.541e-07	-3.252e-07	-1.5091e-08	3.3058e-10	4.9089e-10	3.3786e-07	-3.2428e-07	-6.7493e-09	2.4892e-10	4.4103e-10	3.303e-07	-3.2436e-07	-2.2146e-09	1.8664e-10	3.9544e-10	3.259e-07	-3.2434e-07	5.772e-10	1.2911e-10	3.567e-10	3.2402e-07	-3.2514e-07
0.85	-9.48026e-08	7.0138e-10	1.01628e-09	4.1866e-07	-3.2564e-07	-5.443759999999999e-08	6.0503e-10	6.7644e-10	3.7844e-07	-3.2526e-07	-2.98156e-08	4.3790000000000006e-10	5.649000000000001e-10	3.5412e-07	-3.2512e-07	-1.5112e-08	3.198e-10	4.9701e-10	3.3868e-07	-3.2364e-07	-6.7553e-09	2.3792000000000004e-10	4.401e-10	3.3034e-07	-3.2428e-07	-2.2211e-09	1.7964e-10	4.0529000000000006e-10	3.2588e-07	-3.2432e-07	5.795300000000001e-10	1.2328e-10	3.6639e-10	3.2404e-07	-3.2524e-07
0.845	-9.4886e-08	6.8674e-10	1.0255e-09	4.1882e-07	-3.2558e-07	-5.44454e-08	5.941400000000001e-10	6.785600000000001e-10	3.785e-07	-3.253e-07	-2.9819799999999994e-08	4.3089000000000005e-10	5.705e-10	3.5408e-07	-3.252e-07	-1.5103399999999998e-08	3.1280000000000005e-10	5.047900000000001e-10	3.3856e-07	-3.2418e-07	-6.7393e-09	2.3376000000000003e-10	4.4307000000000005e-10	3.304e-07	-3.2426e-07	-2.2206e-09	1.6894e-10	4.0629000000000005e-10	3.2592e-07	-3.243e-07	5.7182e-10	1.1289e-10	3.6955e-10	3.241e-07	-3.2518e-07
0.84	-9.49922e-08	6.6966e-10	1.03396e-09	4.1884e-07	-3.2562e-07	-5.4415e-08	5.7851e-10	6.7309e-10	3.785e-07	-3.2528e-07	-2.9839999999999995e-08	4.159e-10	5.731300000000001e-10	3.5406e-07	-3.2526e-07	-1.5113799999999998e-08	2.9966000000000003e-10	5.007500000000001e-10	3.3856e-07	-3.2422e-07	-6.7545e-09	2.2479e-10	4.5185000000000005e-10	3.303e-07	-3.2428e-07	-2.1996e-09	1.6231e-10	4.0996000000000005e-10	3.2594e-07	-3.2428e-07	5.8537e-10	1.0354e-10	3.6783e-10	3.2414e-07	-3.2518e-07
0.835	-9.49372e-08	6.496200000000001e-10	1.04136e-09	4.1884e-07	-3.256e-07	-5.43664e-08	5.673800000000001e-10	6.819e-10	3.7842e-07	-3.2528e-07	-2.9837799999999995e-08	4.0699e-10	5.722400000000001e-10	3.541e-07	-3.2524e-07	-1.51096e-08	2.8908e-10	5.075600000000001e-10	3.3864e-07	-3.2426e-07	-6.7504e-09	2.1357e-10	4.4805e-10	3.304e-07	-3.2434e-07	-2.212e-09	1.5797000000000002e-10	4.1611e-10	3.2596e-07	-3.2432e-07	5.872100000000001e-10	1.0063e-10	3.7479e-10	3.2416e-07	-3.2518e-07
0.83	-9.48814e-08	6.324900000000001e-10	1.0489000000000002e-09	4.1876e-07	-3.256e-07	-5.436319999999999e-08	5.483400000000001e-10	7.046400000000001e-10	3.7836e-07	-3.2526e-07	-2.98546e-08	3.9126000000000005e-10	5.7948e-10	3.5406e-07	-3.2526e-07	-1.5109199999999997e-08	2.7845e-10	5.0545e-10	3.3858e-07	-3.2424e-07	-6.7528e-09	2.0713e-10	4.5162e-10	3.3048e-07	-3.2438e-07	-2.2097e-09	1.4563000000000002e-10	4.1945e-10	3.259e-07	-3.2428e-07	5.8607e-10	9.019e-11	3.7820000000000005e-10	3.2406e-07	-3.2514e-07
0.825	-9.49232e-08	6.145100000000001e-10	1.05288e-09	4.1866e-07	-3.2546e-07	-5.43502e-08	5.337400000000001e-10	6.985200000000001e-10	3.7844e-07	-3.2532e-07	-2.98118e-08	3.8026e-10	5.8072e-10	3.5398e-07	-3.2524e-07	-1.5106399999999998e-08	2.7153000000000004e-10	5.2547e-10	3.3864e-07	-3.242e-07	-6.762e-09	2.0088e-10	4.6478e-10	3.3046e-07	-3.2438e-07	-2.2045e-09	1.4e-10	4.2531000000000005e-10	3.2588e-07	-3.243e-07	5.902200000000001e-10	8.047e-11	3.8138e-10	3.2414e-07	-3.2524e-07
0.82	-9.486919999999999e-08	5.9993e-10	1.04995e-09	4.1888e-07	-3.2556e-07	-5.436979999999999e-08	5.1781e-10	6.987700000000001e-10	3.7828e-07	-3.2528e-07	-2.98322e-08	3.7009e-10	5.8553e-10	3.5412e-07	-3.2518e-07	-1.51186e-08	2.6334000000000004e-10	5.214600000000001e-10	3.3854e-07	-3.2416e-07	-6.7712e-09	1.9014e-10	4.6278e-10	3.3046e-07	-3.2438e-07	-2.1986e-09	1.3456e-10	4.2481000000000006e-10	3.2594e-07	-3.2426e-07	5.9851e-10	7.356e-11	3.8118e-10	3.2406e-07	-3.252e-07
0.815	-9.48974e-08	5.8471e-10	1.05872e-09	4.1872e-07	-3.2548e-07	-5.43886e-08	5.0647e-10	7.1448e-10	3.7854e-07	-3.2536e-07	-2.98374e-08	3.6e-10	5.9012e-10	3.5418e-07	-3.2522e-07	-1.51274e-08	2.5164e-10	5.283400000000001e-10	3.3858e-07	-3.2422e-07	-6.7627e-09	1.8163e-10	4.6251e-10	3.3048e-07	-3.243e-07	-2.2084e-09	1.272e-10	4.2953e-10	3.2592e-07	-3.2424e-07	6.0098e-10	6.847000000000001e-11	3.8956000000000005e-10	3.2414e-07	-3.2514e-07
0.81	-9.482419999999999e-08	5.6688e-10	1.0685200000000002e-09	4.1884e-07	-3.255e-07	-5.43874e-08	4.918e-10	7.153800000000001e-10	3.7854e-07	-3.2532e-07	-2.98014e-08	3.4943e-10	6.034800000000001e-10	3.5412e-07	-3.2524e-07	-1.51432e-08	2.4247000000000004e-10	5.2977e-10	3.386e-07	-3.2418e-07	-6.7685e-09	1.7625e-10	4.727e-10	3.3052e-07	-3.2428e-07	-2.2053e-09	1.1587e-10	4.3202e-10	3.2594e-07	-3.2428e-07	5.988500000000001e-10	5.633000000000001e-11	3.9125e-10	3.242e-07	-3.253e-07
0.805	-9.47902e-08	5.4979e-10	1.08095e-09	4.1866e-07	-3.255e-07	-5.4394e-08	4.796600000000001e-10	7.2316e-10	3.7854e-07	-3.2532e-07	-2.98328e-08	3.3321000000000003e-10	6.0673e-10	3.5418e-07	-3.2524e-07	-1.51424e-08	2.3100000000000003e-10	5.301500000000001e-10	3.3862e-07	-3.2428e-07	-6.7642e-09	1.678e-10	4.831800000000001e-10	3.3044e-07	-3.2424e-07	-2.1952e-09	1.1053e-10	4.3714000000000005e-10	3.259e-07	-3.2434e-07	6.115300000000001e-10	4.9040000000000006e-11	3.8973e-10	3.241e-07	-3.252e-07
0.8	-9.47758e-08	5.320300000000001e-10	1.08623e-09	4.1884e-07	-3.2556e-07	-5.4423e-08	4.6477e-10	7.3083e-10	3.7844e-07	-3.2528e-07	-2.98474e-08	3.2503e-10	6.1139e-10	3.5414e-07	-3.2518e-07	-1.5145599999999997e-08	2.2219e-10	5.3554e-10	3.3868e-07	-3.2428e-07	-6.7714e-09	1.5666e-10	4.8047e-10	3.3044e-07	-3.2434e-07	-2.1985e-09	1.0389e-10	4.4573e-10	3.2588e-07	-3.243e-07	6.125300000000001e-10	4.3940000000000005e-11	3.9873e-10	3.2416e-07	-3.252e-07
0.795	-9.47388e-08	5.160000000000001e-10	1.08728e-09	4.187e-07	-3.2556e-07	-5.43686e-08	4.4787e-10	7.329700000000001e-10	3.7848e-07	-3.2548e-07	-2.9828999999999995e-08	3.1048000000000005e-10	6.1177e-10	3.5412e-07	-3.2518e-07	-1.51626e-08	2.1345e-10	5.346800000000001e-10	3.3874e-07	-3.2434e-07	-6.7623e-09	1.4925e-10	4.7506e-10	3.3038e-07	-3.2422e-07	-2.207e-09	9.508000000000001e-11	4.4176e-10	3.2588e-07	-3.243e-07	6.113500000000001e-10	3.354e-11	4.0307e-10	3.2412e-07	-3.252e-07
0.79	-9.45218e-08	5.0047e-10	1.09252e-09	4.1858e-07	-3.2542e-07	-5.4352e-08	4.3417e-10	7.4135e-10	3.784e-07	-3.2518e-07	-2.98704e-08	3.0104000000000003e-10	6.3151e-10	3.5418e-07	-3.2506e-07	-1.5179199999999997e-08	2.0713e-10	5.423600000000001e-10	3.3878e-07	-3.2428e-07	-6.7733e-09	1.4379e-10	4.855e-10	3.304e-07	-3.2438e-07	-2.2028e-09	8.85e-11	4.4045e-10	3.2596e-07	-3.2422e-07	6.1854e-10	2.314e-11	4.0338e-10	3.2412e-07	-3.2518e-07
0.785	-9.4726e-08	4.8702e-10	1.09961e-09	4.1864e-07	-3.2554e-07	-5.43412e-08	4.1925e-10	7.373800000000001e-10	3.785e-07	-3.2562e-07	-2.9880999999999995e-08	2.9018e-10	6.1742e-10	3.5418e-07	-3.252e-07	-1.5188199999999998e-08	1.9696e-10	5.4943e-10	3.3876e-07	-3.243e-07	-6.7775e-09	1.3513e-10	4.9548e-10	3.3038e-07	-3.2422e-07	-2.1993e-09	8.302e-11	4.4446e-10	3.2602e-07	-3.243e-07	6.2463e-10	1.803e-11	4.1584e-10	3.2416e-07	-3.2518e-07
0.78	-9.47298e-08	4.7293e-10	1.12396e-09	4.186e-07	-3.2546e-07	-5.43658e-08	4.1033e-10	7.5888e-10	3.7848e-07	-3.2534e-07	-2.9907199999999995e-08	2.8346e-10	6.289000000000001e-10	3.5418e-07	-3.2526e-07	-1.5196399999999998e-08	1.8819e-10	5.5054e-10	3.3874e-07	-3.2434e-07	-6.7815e-09	1.2469e-10	4.916400000000001e-10	3.3046e-07	-3.2428e-07	-2.1995e-09	7.509000000000001e-11	4.5772000000000005e-10	3.2592e-07	-3.2426e-07	6.233300000000001e-10	1.027e-11	4.1031000000000005e-10	3.2416e-07	-3.2526e-07
0.775	-9.4643e-08	4.5517e-10	1.1157000000000002e-09	4.1864e-07	-3.256e-07	-5.43508e-08	3.9527e-10	7.6096e-10	3.7864e-07	-3.253e-07	-2.9888599999999995e-08	2.6858e-10	6.4032e-10	3.5426e-07	-3.2528e-07	-1.5194999999999998e-08	1.7566000000000002e-10	5.5772e-10	3.387e-07	-3.2428e-07	-6.7643e-09	1.1983e-10	4.9418e-10	3.305e-07	-3.2428e-07	-2.1961e-09	6.641e-11	4.6016e-10	3.2514e-07	-3.235e-07	6.2459e-10	-4.3000000000000004e-13	4.1249e-10	3.2426e-07	-3.2528e-07
0.77	-9.471279999999999e-08	4.3753e-10	1.12602e-09	4.1898e-07	-3.2582e-07	-5.44014e-08	3.82e-10	7.652700000000001e-10	3.785e-07	-3.2536e-07	-2.9881599999999994e-08	2.5700000000000004e-10	6.4115e-10	3.5416e-07	-3.2526e-07	-1.5176399999999998e-08	1.6563e-10	5.650200000000001e-10	3.3874e-07	-3.2428e-07	-6.7774e-09	1.129e-10	5.0135e-10	3.3046e-07	-3.243e-07	-2.1839e-09	5.922e-11	4.5875e-10	3.2528e-07	-3.243e-07	6.392300000000001e-10	-8.87e-12	4.1612000000000006e-10	3.2416e-07	-3.2522e-07
0.765	-9.466139999999998e-08	4.2088000000000005e-10	1.1199e-09	4.1862e-07	-3.2556e-07	-5.4371e-08	3.6453e-10	7.7369e-10	3.786e-07	-3.2516e-07	-2.99068e-08	2.4385000000000004e-10	6.4095e-10	3.5428e-07	-3.2522e-07	-1.51936e-08	1.5736e-10	5.6205e-10	3.388e-07	-3.2428e-07	-6.7627e-09	1.0181e-10	5.067300000000001e-10	3.3044e-07	-3.2428e-07	-2.187e-09	5.4540000000000006e-11	4.6361e-10	3.259e-07	-3.237e-07	6.402200000000001e-10	-1.5010000000000002e-11	4.1647e-10	3.2418e-07	-3.2522e-07
0.76	-9.457599999999999e-08	4.1711e-10	1.1287e-09	4.1866e-07	-3.2554e-07	-5.43974e-08	3.5306e-10	7.7665e-10	3.7862e-07	-3.253e-07	-2.98446e-08	2.3189e-10	6.562500000000001e-10	3.543e-07	-3.2522e-07	-1.5179999999999998e-08	1.5073e-10	5.789300000000001e-10	3.3872e-07	-3.2424e-07	-6.7661e-09	9.35e-11	5.042700000000001e-10	3.3042e-07	-3.2428e-07	-2.19e-09	4.345e-11	4.6519e-10	3.2576e-07	-3.2436e-07	6.404700000000001e-10	-2.6360000000000003e-11	4.2333e-10	3.242e-07	-3.252e-07
0.755	-9.46184e-08	3.9716000000000005e-10	1.1331e-09	4.1862e-07	-3.2556e-07	-5.43864e-08	3.3872000000000005e-10	7.8079e-10	3.7856e-07	-3.253e-07	-2.9908399999999994e-08	2.2492e-10	6.5489e-10	3.5436e-07	-3.2522e-07	-1.51884e-08	1.4154e-10	5.749400000000001e-10	3.3878e-07	-3.2434e-07	-6.7662e-09	8.889e-11	5.1251e-10	3.3046e-07	-3.2424e-07	-2.1892e-09	3.741e-11	4.698600000000001e-10	3.2602e-07	-3.2418e-07	6.5037e-10	-3.608e-11	4.2144000000000005e-10	3.2418e-07	-3.2522e-07
0.75	-9.45882e-08	3.7720000000000005e-10	1.1272e-09	4.1866e-07	-3.2546e-07	-5.442119999999999e-08	3.2898000000000004e-10	7.968e-10	3.7862e-07	-3.2532e-07	-2.9961399999999995e-08	2.1449000000000003e-10	6.614800000000001e-10	3.5432e-07	-3.2526e-07	-1.52028e-08	1.3136e-10	5.941400000000001e-10	3.388e-07	-3.2422e-07	-6.7792e-09	7.881000000000001e-11	5.2166e-10	3.3046e-07	-3.2426e-07	-2.1783e-09	3.3160000000000005e-11	4.7e-10	3.2604e-07	-3.2358e-07	6.5704e-10	-4.215e-11	4.2511e-10	3.2416e-07	-3.2524e-07
0.745	-9.45736e-08	3.6559e-10	1.1511e-09	4.186e-07	-3.258e-07	-5.441359999999999e-08	3.1471000000000004e-10	7.939800000000001e-10	3.7862e-07	-3.253e-07	-2.99664e-08	2.0392e-10	6.6807e-10	3.5438e-07	-3.2528e-07	-1.5227799999999998e-08	1.1995e-10	5.815200000000001e-10	3.3872e-07	-3.2426e-07	-6.7733e-09	6.952000000000001e-11	5.190000000000001e-10	3.2974e-07	-3.2364e-07	-2.186e-09	2.6380000000000004e-11	4.8029e-10	3.259e-07	-3.2428e-07	6.528500000000001e-10	-5.208e-11	4.3025e-10	3.2416e-07	-3.2522e-07
0.74	-9.4531e-08	3.5343000000000004e-10	1.1555e-09	4.1862e-07	-3.255e-07	-5.43986e-08	3.0167e-10	8.0441e-10	3.786e-07	-3.2532e-07	-2.99978e-08	1.9123e-10	6.7935e-10	3.5438e-07	-3.2526e-07	-1.5221599999999997e-08	1.1035e-10	5.8818e-10	3.3886e-07	-3.2434e-07	-6.7683e-09	6.466e-11	5.2167e-10	3.3046e-07	-3.2426e-07	-2.1846e-09	1.524e-11	4.820100000000001e-10	3.2592e-07	-3.2426e-07	6.601800000000001e-10	-6.408e-11	4.2473e-10	3.2412e-07	-3.2518e-07
0.735	-9.451799999999999e-08	3.3839e-10	1.1499e-09	4.185e-07	-3.2548e-07	-5.44052e-08	2.8724000000000003e-10	8.1642e-10	3.7864e-07	-3.2528e-07	-3.0002999999999994e-08	1.7830000000000002e-10	6.748600000000001e-10	3.5442e-07	-3.252e-07	-1.5223999999999998e-08	1.0148e-10	5.896200000000001e-10	3.3876e-07	-3.2426e-07	-6.7717e-09	5.768e-11	5.305000000000001e-10	3.3044e-07	-3.2392e-07	-2.1758e-09	8.15e-12	4.7941e-10	3.253e-07	-3.2422e-07	6.722e-10	-7.072e-11	4.3648e-10	3.2416e-07	-3.2522e-07
0.73	-9.45238e-08	3.2545000000000005e-10	1.1709e-09	4.187e-07	-3.2552e-07	-5.44356e-08	2.7162000000000004e-10	8.173300000000001e-10	3.7862e-07	-3.2528e-07	-3.00236e-08	1.6713000000000002e-10	6.777400000000001e-10	3.5478e-07	-3.2556e-07	-1.5222599999999998e-08	9.404e-11	5.9658e-10	3.3882e-07	-3.243e-07	-6.7819e-09	4.6020000000000006e-11	5.3593e-10	3.3052e-07	-3.2436e-07	-2.1706e-09	5.33e-12	4.892400000000001e-10	3.26e-07	-3.2438e-07	6.736900000000001e-10	-8.045e-11	4.4207000000000006e-10	3.2424e-07	-3.2532e-07
0.725	-9.46134e-08	3.0804e-10	1.1784e-09	4.1864e-07	-3.2544e-07	-5.441239999999999e-08	2.5858e-10	8.4571e-10	3.786e-07	-3.252e-07	-3.0035199999999995e-08	1.583e-10	6.950600000000001e-10	3.5454e-07	-3.2524e-07	-1.52242e-08	8.552e-11	6.0868e-10	3.388e-07	-3.2422e-07	-6.7712e-09	3.955e-11	5.3576e-10	3.305e-07	-3.2354e-07	-2.1817e-09	-4.810000000000001e-12	4.897100000000001e-10	3.2596e-07	-3.2374e-07	6.752700000000001e-10	-9.259e-11	4.4361e-10	3.242e-07	-3.253e-07
0.72	-9.45446e-08	2.8981e-10	1.1865e-09	4.1864e-07	-3.256e-07	-5.44444e-08	2.4766e-10	8.3955e-10	3.7858e-07	-3.2524e-07	-3.00364e-08	1.4958000000000001e-10	6.966600000000001e-10	3.544e-07	-3.2514e-07	-1.5226199999999998e-08	7.734e-11	6.119900000000001e-10	3.388e-07	-3.2422e-07	-6.7758e-09	3.3880000000000003e-11	5.423000000000001e-10	3.3042e-07	-3.2424e-07	-2.1728e-09	-1.342e-11	4.899300000000001e-10	3.26e-07	-3.2356e-07	6.8681e-10	-1.0266e-10	4.4194e-10	3.2414e-07	-3.2514e-07
0.715	-9.45514e-08	2.7631e-10	1.1902e-09	4.1852e-07	-3.256e-07	-5.44894e-08	2.3827e-10	8.3316e-10	3.7874e-07	-3.253e-07	-3.0058799999999994e-08	1.3916e-10	7.006e-10	3.5444e-07	-3.2528e-07	-1.52458e-08	6.608e-11	6.1465e-10	3.3876e-07	-3.2426e-07	-6.7894e-09	2.56e-11	5.497700000000001e-10	3.3046e-07	-3.243e-07	-2.1635e-09	-1.931e-11	4.9764e-10	3.2586e-07	-3.243e-07	6.9639e-10	-1.0944e-10	4.4694e-10	3.2416e-07	-3.2518e-07
0.71	-9.4567e-08	2.6176000000000003e-10	1.1896e-09	4.1868e-07	-3.254e-07	-5.446879999999999e-08	2.2208e-10	8.3719e-10	3.7866e-07	-3.2524e-07	-3.0087199999999994e-08	1.2580000000000002e-10	7.1366e-10	3.5454e-07	-3.252e-07	-1.52542e-08	5.5660000000000005e-11	6.241500000000001e-10	3.3884e-07	-3.2428e-07	-6.783e-09	1.58e-11	5.4644e-10	3.3048e-07	-3.2434e-07	-2.1664e-09	-2.3740000000000003e-11	5.120700000000001e-10	3.2594e-07	-3.2436e-07	6.886100000000001e-10	-1.2056000000000002e-10	4.4824000000000005e-10	3.2404e-07	-3.2516e-07
0.705	-9.45756e-08	2.4394000000000004e-10	1.2159e-09	4.186e-07	-3.2538e-07	-5.44624e-08	2.1045e-10	8.5874e-10	3.7866e-07	-3.2532e-07	-3.0077e-08	1.132e-10	7.1733e-10	3.5352e-07	-3.2434e-07	-1.5258e-08	4.658e-11	6.2008e-10	3.3888e-07	-3.2422e-07	-6.7635e-09	9.71e-12	5.510500000000001e-10	3.3048e-07	-3.2426e-07	-2.1716e-09	-3.579e-11	5.0886e-10	3.2596e-07	-3.243e-07	7.0171e-10	-1.3461e-10	4.521e-10	3.242e-07	-3.252e-07
0.7	-9.44964e-08	2.3373000000000003e-10	1.2154e-09	4.1856e-07	-3.255e-07	-5.447199999999999e-08	1.9418e-10	8.6358e-10	3.7864e-07	-3.2524e-07	-3.00898e-08	1.017e-10	7.2487e-10	3.5346e-07	-3.2428e-07	-1.5251e-08	3.945e-11	6.299000000000001e-10	3.3884e-07	-3.2412e-07	-6.7849e-09	3.4900000000000007e-12	5.634400000000001e-10	3.306e-07	-3.2418e-07	-2.165e-09	-4.2670000000000006e-11	5.1091e-10	3.2588e-07	-3.2418e-07	7.114500000000001e-10	-1.4312000000000002e-10	4.609e-10	3.2408e-07	-3.2514e-07
0.695	-9.44552e-08	2.2184e-10	1.2109e-09	4.1854e-07	-3.2554e-07	-5.444519999999999e-08	1.8326e-10	8.59e-10	3.787e-07	-3.2524e-07	-3.00906e-08	9.379e-11	7.2081e-10	3.5364e-07	-3.2364e-07	-1.52534e-08	3.151e-11	6.307100000000001e-10	3.3882e-07	-3.2426e-07	-6.7969999999999996e-09	-7.980000000000001e-12	5.657900000000001e-10	3.3052e-07	-3.243e-07	-2.154e-09	-4.8020000000000006e-11	5.1417e-10	3.2596e-07	-3.2418e-07	7.1406e-10	-1.5521e-10	4.6747e-10	3.2402e-07	-3.2524e-07
0.69	-9.43712e-08	2.0438e-10	1.2219e-09	4.1842e-07	-3.2552e-07	-5.452079999999999e-08	1.6537000000000002e-10	8.824e-10	3.7876e-07	-3.253e-07	-3.0107e-08	8.368e-11	7.3604e-10	3.5366e-07	-3.243e-07	-1.5272399999999998e-08	2.415e-11	6.3854e-10	3.388e-07	-3.2418e-07	-6.7824e-09	-1.566e-11	5.643100000000001e-10	3.305e-07	-3.2432e-07	-2.1607e-09	-5.518e-11	5.1643e-10	3.26e-07	-3.2442e-07	7.2178e-10	-1.6931e-10	4.6254e-10	3.2414e-07	-3.2516e-07
0.685	-9.44586e-08	1.889e-10	1.2313e-09	4.1844e-07	-3.2548e-07	-5.44924e-08	1.6002e-10	8.7901e-10	3.7874e-07	-3.2536e-07	-3.01206e-08	7.382000000000001e-11	7.403200000000001e-10	3.5292e-07	-3.243e-07	-1.52632e-08	1.242e-11	6.5617e-10	3.3892e-07	-3.2416e-07	-6.7971e-09	-2.0660000000000003e-11	5.7502e-10	3.305e-07	-3.2416e-07	-2.153e-09	-6.535e-11	5.161800000000001e-10	3.2596e-07	-3.2424e-07	7.3517e-10	-1.7949000000000002e-10	4.6518e-10	3.2406e-07	-3.2518e-07
0.68	-9.44226e-08	1.753e-10	1.2355e-09	4.1846e-07	-3.2542e-07	-5.450479999999999e-08	1.4723000000000002e-10	8.854300000000001e-10	3.788e-07	-3.2528e-07	-3.0148e-08	6.399e-11	7.4459e-10	3.5366e-07	-3.2426e-07	-1.5269e-08	1e-12	6.5259e-10	3.3882e-07	-3.2424e-07	-6.8014e-09	-3.1780000000000006e-11	5.752900000000001e-10	3.3058e-07	-3.243e-07	-2.1436e-09	-7.235e-11	5.275000000000001e-10	3.2598e-07	-3.243e-07	7.4465e-10	-1.8953e-10	4.658000000000001e-10	3.242e-07	-3.252e-07
0.675	-9.44004e-08	1.6419e-10	1.2316e-09	4.1836e-07	-3.255e-07	-5.443819999999999e-08	1.3475e-10	8.943000000000001e-10	3.7878e-07	-3.253e-07	-3.01214e-08	4.9550000000000006e-11	7.560500000000001e-10	3.5362e-07	-3.2438e-07	-1.5269999999999997e-08	-8.190000000000001e-12	6.4943e-10	3.3816e-07	-3.2424e-07	-6.8019e-09	-3.874e-11	5.8982e-10	3.3058e-07	-3.2422e-07	-2.1459e-09	-7.832e-11	5.3569e-10	3.259e-07	-3.2424e-07	7.4446e-10	-2.0102e-10	4.7687e-10	3.241e-07	-3.252e-07
0.67	-9.440439999999998e-08	1.4957e-10	1.246e-09	4.1854e-07	-3.2548e-07	-5.45084e-08	1.2031000000000002e-10	8.953500000000001e-10	3.7872e-07	-3.2526e-07	-3.0092e-08	4.011e-11	7.6106e-10	3.5288e-07	-3.2358e-07	-1.5258999999999998e-08	-1.5010000000000002e-11	6.6549e-10	3.3886e-07	-3.2422e-07	-6.8007e-09	-4.5620000000000006e-11	5.884500000000001e-10	3.3056e-07	-3.2424e-07	-2.1454e-09	-9.063e-11	5.353200000000001e-10	3.2594e-07	-3.2432e-07	7.5612e-10	-2.1755e-10	4.717e-10	3.2414e-07	-3.2514e-07
0.665	-9.43238e-08	1.3789e-10	1.2606e-09	4.184e-07	-3.2546e-07	-5.45296e-08	1.0542e-10	9.015e-10	3.788e-07	-3.2532e-07	-3.0121e-08	3.0280000000000004e-11	7.6449e-10	3.5368e-07	-3.2428e-07	-1.5269e-08	-2.3410000000000003e-11	6.675400000000001e-10	3.3882e-07	-3.243e-07	-6.8049e-09	-5.1040000000000005e-11	6.0086e-10	3.305e-07	-3.2414e-07	-2.1362e-09	-9.849e-11	5.3506e-10	3.2602e-07	-3.2436e-07	7.6667e-10	-2.2615e-10	4.807300000000001e-10	3.2414e-07	-3.2524e-07
0.66	-9.432339999999999e-08	1.2447e-10	1.2693e-09	4.184e-07	-3.2548e-07	-5.45128e-08	9.474e-11	9.1182e-10	3.7874e-07	-3.253e-07	-3.01478e-08	2.0950000000000003e-11	7.6189e-10	3.537e-07	-3.2424e-07	-1.5285799999999998e-08	-3.124e-11	6.7137e-10	3.3892e-07	-3.243e-07	-6.8112e-09	-6.303e-11	6.009500000000001e-10	3.3048e-07	-3.2426e-07	-2.1357e-09	-1.0313e-10	5.3541e-10	3.2596e-07	-3.2426e-07	7.661500000000001e-10	-2.4043e-10	4.8534e-10	3.2406e-07	-3.2518e-07
0.655	-9.4359e-08	1.062e-10	1.2629e-09	4.183e-07	-3.2546e-07	-5.45446e-08	8.537000000000001e-11	9.1798e-10	3.7886e-07	-3.2532e-07	-3.0140199999999995e-08	1.225e-11	7.7474e-10	3.537e-07	-3.2434e-07	-1.52778e-08	-4.013e-11	6.8595e-10	3.3894e-07	-3.2428e-07	-6.8029e-09	-7.22e-11	6.075400000000001e-10	3.306e-07	-3.2428e-07	-2.144e-09	-1.1099e-10	5.4879e-10	3.2596e-07	-3.2428e-07	7.820500000000001e-10	-2.5614e-10	4.914700000000001e-10	3.2416e-07	-3.2506e-07
0.65	-9.431559999999999e-08	9.271000000000001e-11	1.2763e-09	4.1836e-07	-3.2558e-07	-5.45314e-08	7.580000000000001e-11	9.2555e-10	3.7888e-07	-3.2532e-07	-3.01722e-08	6.400000000000001e-13	7.8599e-10	3.537e-07	-3.243e-07	-1.52942e-08	-5.302e-11	6.8189e-10	3.3894e-07	-3.2434e-07	-6.807e-09	-7.504e-11	6.103500000000001e-10	3.2968e-07	-3.2358e-07	-2.1338e-09	-1.2339e-10	5.4738e-10	3.2594e-07	-3.2428e-07	7.9049e-10	-2.6914e-10	4.8803e-10	3.2414e-07	-3.2518e-07
0.645	-9.42812e-08	7.719e-11	1.2691e-09	4.1836e-07	-3.2546e-07	-5.452839999999999e-08	6.046e-11	9.3165e-10	3.7886e-07	-3.2534e-07	-3.0177399999999995e-08	-1.33e-11	7.901000000000001e-10	3.5366e-07	-3.2424e-07	-1.52942e-08	-6.414000000000001e-11	7.0145e-10	3.39e-07	-3.2436e-07	-6.8115e-09	-8.582e-11	6.1595e-10	3.3056e-07	-3.241e-07	-2.1245e-09	-1.2784000000000002e-10	5.509400000000001e-10	3.2592e-07	-3.2424e-07	7.983700000000001e-10	-2.8322000000000003e-10	4.934000000000001e-10	3.2418e-07	-3.2514e-07
0.64	-9.4302e-08	7.113e-11	1.2812e-09	4.1844e-07	-3.2548e-07	-5.45682e-08	4.342e-11	9.63e-10	3.7884e-07	-3.2532e-07	-3.01962e-08	-2.207e-11	7.9761e-10	3.5376e-07	-3.243e-07	-1.5279799999999998e-08	-7.116e-11	7.0144e-10	3.3894e-07	-3.2434e-07	-6.817e-09	-9.453000000000001e-11	6.2242e-10	3.3056e-07	-3.2426e-07	-2.1185e-09	-1.3687e-10	5.5702e-10	3.26e-07	-3.243e-07	8.071e-10	-2.9712e-10	5.023900000000001e-10	3.2428e-07	-3.2516e-07
0.635	-9.42628e-08	5.59e-11	1.2842e-09	4.1854e-07	-3.255e-07	-5.457699999999999e-08	3.532e-11	9.421e-10	3.7896e-07	-3.253e-07	-3.01956e-08	-3.1480000000000004e-11	8.0497e-10	3.5364e-07	-3.2426e-07	-1.52942e-08	-7.536000000000001e-11	6.989500000000001e-10	3.3904e-07	-3.2426e-07	-6.8157e-09	-1.0348e-10	6.186e-10	3.3064e-07	-3.2428e-07	-2.1181e-09	-1.4885e-10	5.6918e-10	3.2604e-07	-3.2434e-07	8.265600000000001e-10	-3.1354000000000004e-10	5.016300000000001e-10	3.2416e-07	-3.2524e-07
0.63	-9.43396e-08	4.559e-11	1.2948e-09	4.1856e-07	-3.255e-07	-5.45576e-08	2.4210000000000003e-11	9.5366e-10	3.7886e-07	-3.2532e-07	-3.02022e-08	-3.9570000000000005e-11	8.1061e-10	3.5364e-07	-3.2428e-07	-1.52944e-08	-8.504000000000001e-11	7.0865e-10	3.3832e-07	-3.2356e-07	-6.8276e-09	-1.0844e-10	6.291900000000001e-10	3.306e-07	-3.2428e-07	-2.1085e-09	-1.5675e-10	5.607e-10	3.2596e-07	-3.243e-07	8.3427e-10	-3.2730000000000005e-10	5.0939e-10	3.2418e-07	-3.2518e-07
0.625	-9.429599999999999e-08	2.801e-11	1.3059e-09	4.184e-07	-3.2546e-07	-5.4567e-08	1.4210000000000002e-11	9.5251e-10	3.7892e-07	-3.2524e-07	-3.0211e-08	-4.884e-11	8.1588e-10	3.5372e-07	-3.243e-07	-1.5316199999999997e-08	-9.294e-11	7.2023e-10	3.3886e-07	-3.2436e-07	-6.8337e-09	-1.1938e-10	6.3051e-10	3.306e-07	-3.2424e-07	-2.1012e-09	-1.6304e-10	5.664900000000001e-10	3.2594e-07	-3.2428e-07	8.363500000000001e-10	-3.4502e-10	5.1385e-10	3.2418e-07	-3.2518e-07
0.62	-9.42758e-08	1.418e-11	1.3223e-09	4.1836e-07	-3.2546e-07	-5.4549e-08	3.5400000000000007e-12	9.6712e-10	3.7894e-07	-3.2532e-07	-3.0204e-08	-6.181e-11	8.169900000000001e-10	3.537e-07	-3.243e-07	-1.53128e-08	-1.057e-10	7.2038e-10	3.3916e-07	-3.2428e-07	-6.815e-09	-1.2818000000000002e-10	6.350100000000001e-10	3.306e-07	-3.2426e-07	-2.1119e-09	-1.7253000000000002e-10	5.7608e-10	3.2536e-07	-3.2368e-07	8.574300000000001e-10	-3.6305e-10	5.0904e-10	3.241e-07	-3.2514e-07
0.615	-9.42944e-08	2.08e-12	1.3123e-09	4.1834e-07	-3.2542e-07	-5.45392e-08	-8.04e-12	9.7175e-10	3.7874e-07	-3.2532e-07	-3.02424e-08	-7.225000000000001e-11	8.2671e-10	3.5378e-07	-3.2428e-07	-1.53018e-08	-1.1457e-10	7.2844e-10	3.3858e-07	-3.2388e-07	-6.8387e-09	-1.3153e-10	6.4207e-10	3.3058e-07	-3.2426e-07	-2.1014e-09	-1.8453e-10	5.845200000000001e-10	3.2594e-07	-3.2402e-07	8.6791e-10	-3.7605e-10	5.1904e-10	3.2416e-07	-3.2518e-07
0.61	-9.419219999999998e-08	-1.048e-11	1.3202e-09	4.1832e-07	-3.2542e-07	-5.45408e-08	-1.96e-11	9.8113e-10	3.7896e-07	-3.2532e-07	-3.0251199999999995e-08	-8.28e-11	8.277800000000001e-10	3.537e-07	-3.2424e-07	-1.5312e-08	-1.2612e-10	7.3271e-10	3.3902e-07	-3.2426e-07	-6.839e-09	-1.4478000000000002e-10	6.5277e-10	3.3062e-07	-3.2426e-07	-2.0939e-09	-1.9099e-10	5.859300000000001e-10	3.2598e-07	-3.2432e-07	8.7385e-10	-3.952e-10	5.246400000000001e-10	3.2414e-07	-3.2512e-07
0.605	-9.425119999999999e-08	-1.962e-11	1.3192e-09	4.1842e-07	-3.2546e-07	-5.45548e-08	-3.46e-11	9.8289e-10	3.7886e-07	-3.253e-07	-3.0253399999999995e-08	-9.234e-11	8.3461e-10	3.5384e-07	-3.2428e-07	-1.5318e-08	-1.2979e-10	7.2501e-10	3.39e-07	-3.2436e-07	-6.8409e-09	-1.5165e-10	6.559700000000001e-10	3.3056e-07	-3.2428e-07	-2.094e-09	-1.9992e-10	5.8877e-10	3.259e-07	-3.2424e-07	8.8823e-10	-4.1477000000000006e-10	5.330900000000001e-10	3.242e-07	-3.2514e-07
0.6	-9.4258e-08	-3.4070000000000005e-11	1.3258e-09	4.1846e-07	-3.2548e-07	-5.456279999999999e-08	-4.464e-11	9.8635e-10	3.7874e-07	-3.2528e-07	-3.02394e-08	-1.0013e-10	8.6052e-10	3.5388e-07	-3.243e-07	-1.5313399999999998e-08	-1.3672000000000002e-10	7.4087e-10	3.39e-07	-3.2432e-07	-6.8368e-09	-1.5887000000000002e-10	6.5686e-10	3.2992e-07	-3.2424e-07	-2.0973e-09	-2.1072e-10	5.9718e-10	3.2606e-07	-3.2426e-07	9.0823e-10	-4.3171000000000005e-10	5.252200000000001e-10	3.2414e-07	-3.2514e-07
0.595	-9.41808e-08	-4.407e-11	1.3374e-09	4.1834e-07	-3.255e-07	-5.456719999999999e-08	-5.5480000000000005e-11	1.00087e-09	3.7898e-07	-3.2518e-07	-3.0263799999999995e-08	-1.1044e-10	8.5265e-10	3.5384e-07	-3.2422e-07	-1.5331199999999998e-08	-1.4730000000000002e-10	7.497600000000001e-10	3.3902e-07	-3.2422e-07	-6.841e-09	-1.6285e-10	6.6678e-10	3.3056e-07	-3.2422e-07	-2.0883e-09	-2.221e-10	6.103500000000001e-10	3.2596e-07	-3.2428e-07	9.2117e-10	-4.4845e-10	5.4141e-10	3.2414e-07	-3.2516e-07
0.59	-9.41688e-08	-5.921000000000001e-11	1.3582e-09	4.1828e-07	-3.2542e-07	-5.4561e-08	-6.449e-11	1.00087e-09	3.789e-07	-3.2526e-07	-3.02838e-08	-1.1882e-10	8.6579e-10	3.5384e-07	-3.243e-07	-1.53114e-08	-1.5602000000000002e-10	7.5455e-10	3.3898e-07	-3.244e-07	-6.8561e-09	-1.7418e-10	6.7553e-10	3.3066e-07	-3.2422e-07	-2.0747e-09	-2.2798e-10	6.0856e-10	3.2594e-07	-3.236e-07	9.2604e-10	-4.71e-10	5.406000000000001e-10	3.2422e-07	-3.2518e-07
0.585	-9.41776e-08	-7.211000000000001e-11	1.3523e-09	4.1836e-07	-3.2544e-07	-5.462619999999999e-08	-7.523e-11	1.01628e-09	3.7886e-07	-3.2524e-07	-3.03068e-08	-1.3109e-10	8.6598e-10	3.5384e-07	-3.243e-07	-1.5334799999999997e-08	-1.6750000000000002e-10	7.575e-10	3.391e-07	-3.2434e-07	-6.8429e-09	-1.8693e-10	6.8364e-10	3.3064e-07	-3.243e-07	-2.0872e-09	-2.4266e-10	6.1538e-10	3.2596e-07	-3.2424e-07	9.5537e-10	-4.941600000000001e-10	5.4622e-10	3.2412e-07	-3.2514e-07
0.58	-9.41882e-08	-8.637e-11	1.3504e-09	4.1848e-07	-3.2542e-07	-5.4601e-08	-8.704e-11	1.0252500000000002e-09	3.7886e-07	-3.2526e-07	-3.03106e-08	-1.4158000000000002e-10	8.7227e-10	3.5394e-07	-3.243e-07	-1.5325999999999998e-08	-1.7542000000000003e-10	7.626e-10	3.3904e-07	-3.2432e-07	-6.848e-09	-1.8905e-10	6.773800000000001e-10	3.3058e-07	-3.2428e-07	-2.0751e-09	-2.5569e-10	6.1531e-10	3.2594e-07	-3.243e-07	9.6865e-10	-5.1069e-10	5.5086e-10	3.2414e-07	-3.2514e-07
0.575	-9.41464e-08	-9.684e-11	1.3549e-09	4.1834e-07	-3.2542e-07	-5.4637e-08	-1.0125e-10	1.03496e-09	3.7896e-07	-3.2528e-07	-3.03238e-08	-1.5292e-10	8.7608e-10	3.5394e-07	-3.2428e-07	-1.5334199999999998e-08	-1.8395e-10	7.676200000000001e-10	3.3898e-07	-3.2418e-07	-6.8454e-09	-1.9758e-10	6.9657e-10	3.306e-07	-3.243e-07	-2.0659e-09	-2.6289e-10	6.159800000000001e-10	3.2594e-07	-3.2426e-07	9.7996e-10	-5.3481e-10	5.5695e-10	3.2416e-07	-3.2512e-07
0.57	-9.41312e-08	-1.0657e-10	1.3761e-09	4.183e-07	-3.2542e-07	-5.46398e-08	-1.1272e-10	1.03553e-09	3.7892e-07	-3.2536e-07	-3.03296e-08	-1.5733e-10	8.8225e-10	3.5386e-07	-3.2428e-07	-1.535e-08	-1.8804e-10	7.791e-10	3.3902e-07	-3.241e-07	-6.8571e-09	-2.0855e-10	6.9892e-10	3.3066e-07	-3.2432e-07	-2.0627e-09	-2.7041e-10	6.2111e-10	3.26e-07	-3.2428e-07	9.9624e-10	-5.5914e-10	5.580900000000001e-10	3.2412e-07	-3.2516e-07
0.565	-9.418239999999998e-08	-1.1623e-10	1.3686e-09	4.184e-07	-3.2552e-07	-5.46412e-08	-1.2175000000000002e-10	1.0413e-09	3.7898e-07	-3.2522e-07	-3.0317999999999994e-08	-1.6777e-10	8.893e-10	3.539e-07	-3.2418e-07	-1.5354999999999998e-08	-1.9769e-10	7.8655e-10	3.3902e-07	-3.2418e-07	-6.8484e-09	-2.1669000000000003e-10	7.0003e-10	3.306e-07	-3.2428e-07	-2.0568e-09	-2.8369000000000003e-10	6.228400000000001e-10	3.2594e-07	-3.2424e-07	1.0214e-09	-5.807700000000001e-10	5.5759e-10	3.2422e-07	-3.2514e-07
0.56	-9.41602e-08	-1.2995e-10	1.3841e-09	4.183e-07	-3.2556e-07	-5.469459999999999e-08	-1.3064e-10	1.03987e-09	3.7908e-07	-3.2526e-07	-3.03476e-08	-1.7675e-10	8.9332e-10	3.5386e-07	-3.2426e-07	-1.53732e-08	-2.0641e-10	7.8877e-10	3.3828e-07	-3.2418e-07	-6.8521e-09	-2.209e-10	7.104500000000001e-10	3.3062e-07	-3.2418e-07	-2.0485e-09	-2.9544e-10	6.332e-10	3.2602e-07	-3.2422e-07	1.0404e-09	-6.043100000000001e-10	5.6853e-10	3.241e-07	-3.2516e-07
0.555	-9.414179999999999e-08	-1.4418e-10	1.3872e-09	4.1842e-07	-3.2538e-07	-5.47084e-08	-1.3926000000000002e-10	1.05405e-09	3.7906e-07	-3.2518e-07	-3.0374199999999995e-08	-1.9019e-10	9.008099999999999e-10	3.5402e-07	-3.2428e-07	-1.5388599999999998e-08	-2.1827e-10	7.9525e-10	3.383e-07	-3.2356e-07	-6.8571e-09	-2.3221e-10	7.1393e-10	3.2994e-07	-3.2424e-07	-2.0369e-09	-3.0506000000000003e-10	6.361100000000001e-10	3.2596e-07	-3.2418e-07	1.05026e-09	-6.3322e-10	5.8432e-10	3.2412e-07	-3.2512e-07
0.55	-9.41304e-08	-1.5946e-10	1.3985e-09	4.1836e-07	-3.2544e-07	-5.46876e-08	-1.5392000000000002e-10	1.05963e-09	3.7906e-07	-3.2524e-07	-3.03876e-08	-1.9907e-10	9.018799999999999e-10	3.5394e-07	-3.243e-07	-1.5388599999999998e-08	-2.2586e-10	7.9759e-10	3.39e-07	-3.2422e-07	-6.854e-09	-2.4291000000000004e-10	7.176600000000001e-10	3.3064e-07	-3.2422e-07	-2.0384e-09	-3.1718000000000004e-10	6.483900000000001e-10	3.2592e-07	-3.2424e-07	1.08136e-09	-6.5806e-10	5.6975e-10	3.2404e-07	-3.2512e-07
0.545	-9.4071e-08	-1.6691000000000002e-10	1.3968e-09	4.1834e-07	-3.2538e-07	-5.47262e-08	-1.6679000000000003e-10	1.06916e-09	3.791e-07	-3.2528e-07	-3.04004e-08	-2.0951e-10	9.1416e-10	3.5392e-07	-3.2418e-07	-1.5392399999999998e-08	-2.3423000000000003e-10	8.0588e-10	3.3906e-07	-3.2418e-07	-6.8508e-09	-2.4858000000000003e-10	7.2039e-10	3.3058e-07	-3.2424e-07	-2.0318e-09	-3.3209000000000004e-10	6.4374e-10	3.2594e-07	-3.2422e-07	1.1009200000000002e-09	-6.8078e-10	5.7643e-10	3.2412e-07	-3.2514e-07
0.54	-9.41344e-08	-1.7561e-10	1.4136e-09	4.1848e-07	-3.2546e-07	-5.47486e-08	-1.765e-10	1.07111e-09	3.7902e-07	-3.2526e-07	-3.04096e-08	-2.1626e-10	9.1477e-10	3.54e-07	-3.2428e-07	-1.5399799999999998e-08	-2.3933000000000004e-10	8.0664e-10	3.391e-07	-3.2394e-07	-6.863e-09	-2.5584e-10	7.2695e-10	3.3062e-07	-3.2418e-07	-2.0202e-09	-3.4024e-10	6.4896e-10	3.259e-07	-3.242e-07	1.11598e-09	-7.152100000000001e-10	5.935600000000001e-10	3.2414e-07	-3.2514e-07
0.535	-9.41912e-08	-1.8866e-10	1.4018e-09	4.1836e-07	-3.2546e-07	-5.47572e-08	-1.8603e-10	1.0696e-09	3.7906e-07	-3.2526e-07	-3.0370399999999995e-08	-2.2577e-10	9.234300000000001e-10	3.5396e-07	-3.2416e-07	-1.54046e-08	-2.4831e-10	8.2114e-10	3.3906e-07	-3.2418e-07	-6.8784e-09	-2.6944e-10	7.3017e-10	3.3076e-07	-3.243e-07	-2.0189e-09	-3.5124e-10	6.5358e-10	3.2594e-07	-3.2422e-07	1.142e-09	-7.3935e-10	5.8999e-10	3.241e-07	-3.251e-07
0.53	-9.42116e-08	-2.0125e-10	1.4178e-09	4.1846e-07	-3.2542e-07	-5.4777e-08	-1.9345e-10	1.0817100000000002e-09	3.7914e-07	-3.252e-07	-3.04308e-08	-2.3362e-10	9.3524e-10	3.5326e-07	-3.236e-07	-1.5421399999999998e-08	-2.5782e-10	8.2328e-10	3.3846e-07	-3.2422e-07	-6.8738e-09	-2.7689e-10	7.4623e-10	3.3068e-07	-3.2424e-07	-2.0189e-09	-3.658e-10	6.707600000000001e-10	3.26e-07	-3.242e-07	1.1709e-09	-7.6601e-10	5.9013e-10	3.2414e-07	-3.2508e-07
0.525	-9.416259999999999e-08	-2.141e-10	1.4495e-09	4.1836e-07	-3.2538e-07	-5.4780399999999993e-08	-2.0366e-10	1.10592e-09	3.7934e-07	-3.2556e-07	-3.04484e-08	-2.4522e-10	9.4179e-10	3.5396e-07	-3.243e-07	-1.54084e-08	-2.6769000000000003e-10	8.365e-10	3.3858e-07	-3.242e-07	-6.8612e-09	-2.7992e-10	7.4317e-10	3.3072e-07	-3.2424e-07	-1.9971e-09	-3.8121e-10	6.6869e-10	3.2602e-07	-3.2428e-07	1.1948e-09	-7.9631e-10	5.947400000000001e-10	3.241e-07	-3.2508e-07
0.52	-9.42362e-08	-2.2588000000000003e-10	1.425e-09	4.1836e-07	-3.2564e-07	-5.4780399999999993e-08	-2.1426e-10	1.10176e-09	3.7932e-07	-3.253e-07	-3.04206e-08	-2.5421000000000005e-10	9.4779e-10	3.5388e-07	-3.2422e-07	-1.5463799999999998e-08	-2.7788000000000003e-10	8.346e-10	3.3918e-07	-3.2426e-07	-6.8647e-09	-2.9143000000000005e-10	7.54e-10	3.3058e-07	-3.2424e-07	-1.9801e-09	-3.9117e-10	6.768100000000001e-10	3.259e-07	-3.243e-07	1.2151e-09	-8.317e-10	6.0074e-10	3.2412e-07	-3.2506e-07
0.515	-9.41842e-08	-2.3699000000000003e-10	1.4337e-09	4.1838e-07	-3.255e-07	-5.479e-08	-2.2801e-10	1.11034e-09	3.7908e-07	-3.2528e-07	-3.0397199999999995e-08	-2.7034e-10	9.3676e-10	3.539e-07	-3.2424e-07	-1.5426e-08	-2.8424000000000004e-10	8.4225e-10	3.391e-07	-3.2418e-07	-6.87e-09	-3.0189000000000003e-10	7.5574e-10	3.3072e-07	-3.2436e-07	-1.9864e-09	-4.0595e-10	6.8183e-10	3.2596e-07	-3.2434e-07	1.2488e-09	-8.6464e-10	6.0257e-10	3.2414e-07	-3.2514e-07
0.51	-9.41404e-08	-2.4523000000000004e-10	1.4402e-09	4.184e-07	-3.2538e-07	-5.482319999999999e-08	-2.3782e-10	1.11358e-09	3.791e-07	-3.2518e-07	-3.04644e-08	-2.7266e-10	9.587e-10	3.5396e-07	-3.2422e-07	-1.54306e-08	-2.9191000000000003e-10	8.4297e-10	3.3906e-07	-3.2418e-07	-6.8614e-09	-3.0892e-10	7.5201e-10	3.3074e-07	-3.2432e-07	-1.9793e-09	-4.1908e-10	6.773300000000001e-10	3.26e-07	-3.2416e-07	1.2815e-09	-8.9501e-10	6.086e-10	3.2418e-07	-3.251e-07
0.505	-9.40756e-08	-2.5384e-10	1.4471e-09	4.1844e-07	-3.2546e-07	-5.484779999999999e-08	-2.4813e-10	1.13955e-09	3.7924e-07	-3.2526e-07	-3.046e-08	-2.7870000000000003e-10	9.6672e-10	3.5408e-07	-3.2364e-07	-1.54382e-08	-2.9914e-10	8.5481e-10	3.3912e-07	-3.2428e-07	-6.8603e-09	-3.1555e-10	7.6769e-10	3.307e-07	-3.2428e-07	-1.9659e-09	-4.3243e-10	6.9062e-10	3.26e-07	-3.2424e-07	1.2973e-09	-9.295799999999999e-10	6.121100000000001e-10	3.2416e-07	-3.2508e-07
0.5	-9.4186e-08	-2.6575000000000004e-10	1.4492e-09	4.183e-07	-3.2544e-07	-5.48156e-08	-2.5854e-10	1.1194600000000002e-09	3.7926e-07	-3.2522e-07	-3.04654e-08	-2.8849e-10	9.7666e-10	3.5404e-07	-3.236e-07	-1.545e-08	-3.0741000000000003e-10	8.6751e-10	3.3916e-07	-3.2426e-07	-6.8704e-09	-3.2778000000000003e-10	7.7998e-10	3.3072e-07	-3.2434e-07	-1.9517e-09	-4.4432e-10	6.936600000000001e-10	3.2606e-07	-3.2424e-07	1.3297999999999999e-09	-9.6679e-10	6.186800000000001e-10	3.2416e-07	-3.2514e-07
0.495	-9.412979999999999e-08	-2.7823000000000003e-10	1.4549e-09	4.1834e-07	-3.2546e-07	-5.48432e-08	-2.6473e-10	1.13835e-09	3.7922e-07	-3.2526e-07	-3.04994e-08	-2.9781000000000003e-10	9.8963e-10	3.5384e-07	-3.2424e-07	-1.54506e-08	-3.1646e-10	8.6996e-10	3.3918e-07	-3.2428e-07	-6.8567e-09	-3.3603000000000003e-10	7.7723e-10	3.3066e-07	-3.2428e-07	-1.955e-09	-4.6266e-10	7.0409e-10	3.2592e-07	-3.2426e-07	1.3667e-09	-1.00286e-09	6.194400000000001e-10	3.2416e-07	-3.251e-07
0.49	-9.419099999999999e-08	-2.9174e-10	1.4721e-09	4.1842e-07	-3.2534e-07	-5.48706e-08	-2.7616e-10	1.1662e-09	3.793e-07	-3.2518e-07	-3.04702e-08	-3.0882e-10	9.8822e-10	3.5392e-07	-3.242e-07	-1.5461399999999997e-08	-3.2798000000000004e-10	8.769200000000001e-10	3.391e-07	-3.2424e-07	-6.843e-09	-3.4212e-10	7.8959e-10	3.307e-07	-3.242e-07	-1.9386e-09	-4.787300000000001e-10	6.991100000000001e-10	3.2594e-07	-3.2428e-07	1.3999e-09	-1.03668e-09	6.334200000000001e-10	3.2412e-07	-3.2518e-07
0.485	-9.42318e-08	-3.0069e-10	1.4584e-09	4.1846e-07	-3.2542e-07	-5.488159999999999e-08	-2.812e-10	1.1503e-09	3.7924e-07	-3.252e-07	-3.0520799999999995e-08	-3.1854e-10	9.9566e-10	3.5402e-07	-3.2412e-07	-1.5465999999999998e-08	-3.3761000000000004e-10	8.9192e-10	3.3924e-07	-3.2424e-07	-6.8548e-09	-3.5326000000000003e-10	7.9667e-10	3.3068e-07	-3.243e-07	-1.9252e-09	-4.9154e-10	6.987100000000001e-10	3.2594e-07	-3.2428e-07	1.4244e-09	-1.07581e-09	6.3974e-10	3.2416e-07	-3.2518e-07
0.48	-9.41862e-08	-3.0967000000000003e-10	1.4861e-09	4.1842e-07	-3.2546e-07	-5.48452e-08	-2.9221e-10	1.1527e-09	3.7928e-07	-3.2524e-07	-3.049e-08	-3.3042000000000003e-10	9.8855e-10	3.5408e-07	-3.2422e-07	-1.5474e-08	-3.4211e-10	8.796800000000001e-10	3.3926e-07	-3.243e-07	-6.8499e-09	-3.6423e-10	7.9693e-10	3.3008e-07	-3.243e-07	-1.9183e-09	-5.043900000000001e-10	7.1747e-10	3.259e-07	-3.2422e-07	1.4654e-09	-1.1151e-09	6.361300000000001e-10	3.2414e-07	-3.2512e-07
0.475	-9.414059999999999e-08	-3.1921000000000003e-10	1.4866e-09	4.1842e-07	-3.2542e-07	-5.490359999999999e-08	-3.0233000000000003e-10	1.155e-09	3.7932e-07	-3.2536e-07	-3.05286e-08	-3.3337e-10	1.00715e-09	3.5404e-07	-3.238e-07	-1.54736e-08	-3.4813e-10	8.9473e-10	3.3928e-07	-3.2422e-07	-6.8409e-09	-3.716e-10	8.0281e-10	3.3066e-07	-3.241e-07	-1.9086e-09	-5.2413e-10	7.2061e-10	3.2578e-07	-3.242e-07	1.4968e-09	-1.157e-09	6.4125e-10	3.2412e-07	-3.2516e-07
0.47	-9.41526e-08	-3.2933000000000004e-10	1.475e-09	4.184e-07	-3.2538e-07	-5.490899999999999e-08	-3.1666e-10	1.1638e-09	3.7934e-07	-3.252e-07	-3.05194e-08	-3.4244e-10	1.00913e-09	3.5402e-07	-3.2418e-07	-1.5459e-08	-3.5723e-10	9.0219e-10	3.3916e-07	-3.2422e-07	-6.8394e-09	-3.7959e-10	8.1035e-10	3.307e-07	-3.243e-07	-1.8886e-09	-5.394200000000001e-10	7.2682e-10	3.2604e-07	-3.2424e-07	1.5338e-09	-1.1953e-09	6.4849e-10	3.2416e-07	-3.2514e-07
0.465	-9.41482e-08	-3.4028000000000004e-10	1.501e-09	4.1836e-07	-3.2548e-07	-5.49048e-08	-3.2573e-10	1.1647e-09	3.7934e-07	-3.2528e-07	-3.0567e-08	-3.4970000000000004e-10	1.0178000000000001e-09	3.5406e-07	-3.242e-07	-1.5471799999999997e-08	-3.6606e-10	9.0839e-10	3.3916e-07	-3.2438e-07	-6.8498e-09	-3.9342e-10	8.1249e-10	3.307e-07	-3.2432e-07	-1.8848e-09	-5.535e-10	7.3149e-10	3.26e-07	-3.2432e-07	1.5643e-09	-1.238e-09	6.5459e-10	3.242e-07	-3.2514e-07
0.46	-9.412659999999998e-08	-3.5087e-10	1.496e-09	4.1836e-07	-3.2536e-07	-5.489919999999999e-08	-3.3376000000000004e-10	1.1767e-09	3.7926e-07	-3.2532e-07	-3.05762e-08	-3.6317000000000005e-10	1.03712e-09	3.5414e-07	-3.2416e-07	-1.55006e-08	-3.7736e-10	9.1172e-10	3.3918e-07	-3.2364e-07	-6.8384e-09	-4.0278e-10	8.1655e-10	3.307e-07	-3.2428e-07	-1.8863e-09	-5.7474e-10	7.33e-10	3.2602e-07	-3.2436e-07	1.6014e-09	-1.286e-09	6.539600000000001e-10	3.2406e-07	-3.2514e-07
0.455	-9.41682e-08	-3.6349e-10	1.4944e-09	4.1838e-07	-3.2532e-07	-5.48998e-08	-3.4287000000000003e-10	1.18e-09	3.794e-07	-3.2514e-07	-3.05582e-08	-3.7209e-10	1.02679e-09	3.5418e-07	-3.2416e-07	-1.5492199999999998e-08	-3.8435e-10	9.119200000000001e-10	3.392e-07	-3.2416e-07	-6.8299e-09	-4.0918e-10	8.2194e-10	3.3072e-07	-3.2432e-07	-1.8626e-09	-5.944400000000001e-10	7.411900000000001e-10	3.2602e-07	-3.2428e-07	1.6488e-09	-1.3322e-09	6.6615e-10	3.2416e-07	-3.252e-07
0.45	-9.411779999999999e-08	-3.7207e-10	1.5065e-09	4.1844e-07	-3.2566e-07	-5.4925e-08	-3.5052000000000005e-10	1.1921e-09	3.794e-07	-3.253e-07	-3.05718e-08	-3.7919e-10	1.0365800000000002e-09	3.5416e-07	-3.242e-07	-1.5505399999999997e-08	-3.9165e-10	9.230200000000001e-10	3.3924e-07	-3.2418e-07	-6.8384e-09	-4.1814e-10	8.3078e-10	3.307e-07	-3.243e-07	-1.852e-09	-6.085900000000001e-10	7.4543e-10	3.26e-07	-3.2428e-07	1.6896e-09	-1.3745e-09	6.754500000000001e-10	3.2412e-07	-3.2514e-07
0.445	-9.4129e-08	-3.8308e-10	1.5027e-09	4.1842e-07	-3.2534e-07	-5.493959999999999e-08	-3.6015000000000004e-10	1.1909e-09	3.7944e-07	-3.253e-07	-3.05872e-08	-3.8668000000000005e-10	1.04405e-09	3.5356e-07	-3.2426e-07	-1.55236e-08	-3.9925e-10	9.2144e-10	3.3922e-07	-3.2422e-07	-6.8319e-09	-4.3200000000000006e-10	8.353100000000001e-10	3.3064e-07	-3.2436e-07	-1.8405e-09	-6.2389e-10	7.521200000000001e-10	3.2596e-07	-3.2428e-07	1.7268e-09	-1.4227e-09	6.766200000000001e-10	3.244e-07	-3.2508e-07
0.44	-9.41106e-08	-3.8903000000000005e-10	1.5098e-09	4.1834e-07	-3.2538e-07	-5.494119999999999e-08	-3.6896e-10	1.207e-09	3.7932e-07	-3.2524e-07	-3.06014e-08	-3.9376e-10	1.0479600000000002e-09	3.5418e-07	-3.242e-07	-1.5519599999999998e-08	-4.0697e-10	9.3621e-10	3.3922e-07	-3.2428e-07	-6.8132e-09	-4.3984000000000005e-10	8.5886e-10	3.3066e-07	-3.243e-07	-1.8366e-09	-6.486e-10	7.6296e-10	3.2614e-07	-3.2438e-07	1.7721e-09	-1.479e-09	6.742e-10	3.242e-07	-3.2518e-07
0.435	-9.41558e-08	-4.0015e-10	1.5289e-09	4.1846e-07	-3.254e-07	-5.4961399999999993e-08	-3.8303e-10	1.2113e-09	3.7928e-07	-3.253e-07	-3.0603399999999995e-08	-4.0427e-10	1.0570700000000002e-09	3.5412e-07	-3.2428e-07	-1.5535399999999998e-08	-4.1472e-10	9.5073e-10	3.392e-07	-3.2428e-07	-6.8219e-09	-4.4919e-10	8.5065e-10	3.3066e-07	-3.2416e-07	-1.8103e-09	-6.687000000000001e-10	7.689700000000001e-10	3.2602e-07	-3.2428e-07	1.8263e-09	-1.5264e-09	6.787500000000001e-10	3.2418e-07	-3.2516e-07
0.43	-9.4162e-08	-4.0964000000000005e-10	1.5281e-09	4.1852e-07	-3.2542e-07	-5.49876e-08	-3.9209e-10	1.2254e-09	3.794e-07	-3.2532e-07	-3.0623e-08	-4.1344e-10	1.08748e-09	3.5418e-07	-3.2412e-07	-1.5512199999999998e-08	-4.2598e-10	9.5262e-10	3.393e-07	-3.2424e-07	-6.8115e-09	-4.6105e-10	8.8666e-10	3.307e-07	-3.242e-07	-1.7945e-09	-6.8752e-10	7.6619e-10	3.2602e-07	-3.2418e-07	1.8658e-09	-1.5779e-09	6.8845e-10	3.2418e-07	-3.2514e-07
0.425	-9.41296e-08	-4.2183e-10	1.5302e-09	4.1828e-07	-3.2538e-07	-5.4982e-08	-4.0156e-10	1.2289e-09	3.794e-07	-3.2528e-07	-3.06064e-08	-4.2366e-10	1.06929e-09	3.5414e-07	-3.2416e-07	-1.55318e-08	-4.3342e-10	9.5346e-10	3.3926e-07	-3.243e-07	-6.8131e-09	-4.729200000000001e-10	8.587e-10	3.3076e-07	-3.2426e-07	-1.789e-09	-7.095000000000001e-10	7.7003e-10	3.2596e-07	-3.243e-07	1.9188e-09	-1.6425e-09	6.9417e-10	3.2406e-07	-3.2516e-07
0.42	-9.41274e-08	-4.3158e-10	1.5463e-09	4.1852e-07	-3.2548e-07	-5.49698e-08	-4.1064e-10	1.2313e-09	3.7932e-07	-3.2526e-07	-3.06416e-08	-4.3173e-10	1.07526e-09	3.541e-07	-3.242e-07	-1.5536599999999997e-08	-4.4140000000000005e-10	9.6004e-10	3.3922e-07	-3.2422e-07	-6.7971e-09	-4.8228e-10	8.615500000000001e-10	3.3066e-07	-3.2422e-07	-1.7681e-09	-7.3206e-10	7.7497e-10	3.2594e-07	-3.2434e-07	1.9736e-09	-1.6962e-09	7.043300000000001e-10	3.2414e-07	-3.2518e-07
0.415	-9.414059999999999e-08	-4.4086e-10	1.5443e-09	4.1842e-07	-3.2534e-07	-5.49742e-08	-4.1756000000000006e-10	1.2406e-09	3.7956e-07	-3.2532e-07	-3.06654e-08	-4.3923e-10	1.07519e-09	3.5426e-07	-3.2426e-07	-1.55452e-08	-4.4691e-10	9.7259e-10	3.3934e-07	-3.2426e-07	-6.8125e-09	-4.908200000000001e-10	8.7614e-10	3.3066e-07	-3.2428e-07	-1.7477e-09	-7.5486e-10	7.7082e-10	3.2614e-07	-3.2428e-07	2.0274e-09	-1.7498e-09	6.9602e-10	3.242e-07	-3.2518e-07
0.41	-9.41272e-08	-4.4865000000000005e-10	1.5374e-09	4.1846e-07	-3.2536e-07	-5.49988e-08	-4.2679e-10	1.2379e-09	3.7932e-07	-3.2526e-07	-3.06774e-08	-4.4587e-10	1.09056e-09	3.5426e-07	-3.2424e-07	-1.55522e-08	-4.5494e-10	9.7174e-10	3.3858e-07	-3.2356e-07	-6.808e-09	-5.0664e-10	8.9235e-10	3.3064e-07	-3.2426e-07	-1.7279e-09	-7.7347e-10	7.9158e-10	3.2602e-07	-3.2366e-07	2.068e-09	-1.8066e-09	7.058600000000001e-10	3.2418e-07	-3.2514e-07
0.405	-9.409479999999999e-08	-4.5448e-10	1.5578e-09	4.1854e-07	-3.2542e-07	-5.49622e-08	-4.3676000000000005e-10	1.2474e-09	3.7964e-07	-3.2528e-07	-3.0677e-08	-4.5331000000000006e-10	1.09019e-09	3.5422e-07	-3.2416e-07	-1.5570199999999997e-08	-4.632e-10	9.9049e-10	3.3918e-07	-3.2428e-07	-6.7908e-09	-5.1585e-10	8.862500000000001e-10	3.3064e-07	-3.2422e-07	-1.7225e-09	-8.0577e-10	7.9269e-10	3.2682e-07	-3.2516e-07	2.1247e-09	-1.8747e-09	7.058100000000001e-10	3.2406e-07	-3.2518e-07
0.4	-9.411219999999999e-08	-4.725100000000001e-10	1.5616e-09	4.183e-07	-3.2542e-07	-5.50432e-08	-4.4846e-10	1.2563e-09	3.7942e-07	-3.252e-07	-3.06784e-08	-4.6292e-10	1.10055e-09	3.5428e-07	-3.2418e-07	-1.5567199999999997e-08	-4.7572e-10	9.8755e-10	3.3928e-07	-3.2418e-07	-6.7958e-09	-5.267500000000001e-10	8.895e-10	3.3076e-07	-3.2428e-07	-1.688e-09	-8.2865e-10	8.026100000000001e-10	3.2694e-07	-3.252e-07	2.1882e-09	-1.933e-09	7.1862e-10	3.2414e-07	-3.2514e-07
0.395	-9.41348e-08	-4.757900000000001e-10	1.5687e-09	4.1854e-07	-3.2536e-07	-5.5031399999999993e-08	-4.5862e-10	1.2591e-09	3.7946e-07	-3.2518e-07	-3.0723e-08	-4.7437e-10	1.10652e-09	3.5432e-07	-3.2424e-07	-1.55772e-08	-4.8633e-10	9.9098e-10	3.393e-07	-3.2422e-07	-6.7913e-09	-5.4016e-10	9.015900000000001e-10	3.3072e-07	-3.2424e-07	-1.6695e-09	-8.5165e-10	8.007e-10	3.2682e-07	-3.252e-07	2.2436e-09	-1.9968e-09	7.2891e-10	3.2416e-07	-3.2508e-07
0.39	-9.41488e-08	-4.896400000000001e-10	1.5714e-09	4.1846e-07	-3.2534e-07	-5.507419999999999e-08	-4.668600000000001e-10	1.2743e-09	3.7954e-07	-3.2518e-07	-3.07354e-08	-4.8257e-10	1.1170700000000002e-09	3.5426e-07	-3.2416e-07	-1.557e-08	-4.9544e-10	1.00465e-09	3.3934e-07	-3.2428e-07	-6.7868e-09	-5.5726e-10	9.1108e-10	3.3064e-07	-3.2428e-07	-1.6535e-09	-8.776e-10	8.136e-10	3.2678e-07	-3.2518e-07	2.301e-09	-2.064e-09	7.3215e-10	3.2422e-07	-3.251e-07
0.385	-9.418019999999998e-08	-4.9906e-10	1.5833e-09	4.184e-07	-3.2534e-07	-5.50762e-08	-4.703e-10	1.2811e-09	3.7946e-07	-3.252e-07	-3.07224e-08	-4.9045e-10	1.11771e-09	3.543e-07	-3.2418e-07	-1.5579e-08	-4.9596e-10	1.00205e-09	3.394e-07	-3.2424e-07	-6.7678e-09	-5.6377e-10	9.132599999999999e-10	3.3072e-07	-3.2416e-07	-1.6408e-09	-9.107999999999999e-10	8.2301e-10	3.268e-07	-3.2514e-07	2.3601e-09	-2.1356e-09	7.338000000000001e-10	3.2424e-07	-3.2518e-07
0.38	-9.4217e-08	-5.0605e-10	1.5849e-09	4.1854e-07	-3.254e-07	-5.50688e-08	-4.810800000000001e-10	1.2865e-09	3.7946e-07	-3.2516e-07	-3.07506e-08	-4.9624e-10	1.12467e-09	3.5444e-07	-3.2424e-07	-1.5587e-08	-5.045600000000001e-10	1.01395e-09	3.394e-07	-3.2424e-07	-6.7614e-09	-5.7375e-10	9.2514e-10	3.307e-07	-3.2422e-07	-1.61e-09	-9.3726e-10	8.1314e-10	3.2688e-07	-3.2512e-07	2.4337e-09	-2.1955e-09	7.4094e-10	3.2428e-07	-3.2512e-07
0.375	-9.41808e-08	-5.1288e-10	1.5798e-09	4.1852e-07	-3.253e-07	-5.508999999999999e-08	-4.9086e-10	1.314e-09	3.7952e-07	-3.253e-07	-3.07474e-08	-5.0316e-10	1.13311e-09	3.5432e-07	-3.2414e-07	-1.5599999999999997e-08	-5.133100000000001e-10	1.01846e-09	3.3936e-07	-3.2428e-07	-6.7612e-09	-5.9093e-10	9.229600000000001e-10	3.3066e-07	-3.2422e-07	-1.5813e-09	-9.6661e-10	8.3656e-10	3.2684e-07	-3.2512e-07	2.487e-09	-2.2635e-09	7.4453e-10	3.2412e-07	-3.2512e-07
0.37	-9.42592e-08	-5.216e-10	1.6023e-09	4.1858e-07	-3.2538e-07	-5.51134e-08	-5.006e-10	1.2917e-09	3.7952e-07	-3.253e-07	-3.0777799999999995e-08	-5.113000000000001e-10	1.1309e-09	3.5436e-07	-3.2418e-07	-1.5585199999999998e-08	-5.235100000000001e-10	1.02693e-09	3.394e-07	-3.242e-07	-6.7567e-09	-6.0327e-10	9.4411e-10	3.3068e-07	-3.241e-07	-1.5681e-09	-9.9822e-10	8.2886e-10	3.2684e-07	-3.2512e-07	2.5518e-09	-2.3383e-09	7.430800000000001e-10	3.2418e-07	-3.2514e-07
0.365	-9.42068e-08	-5.3194e-10	1.5988e-09	4.1846e-07	-3.254e-07	-5.5138e-08	-5.1181e-10	1.3022e-09	3.796e-07	-3.2524e-07	-3.07748e-08	-5.1573e-10	1.14e-09	3.5442e-07	-3.2412e-07	-1.5596999999999997e-08	-5.3435e-10	1.03439e-09	3.394e-07	-3.2436e-07	-6.7553e-09	-6.163400000000001e-10	9.4684e-10	3.3066e-07	-3.2428e-07	-1.5326e-09	-1.02921e-09	8.413400000000001e-10	3.2688e-07	-3.251e-07	2.6227e-09	-2.4068e-09	7.497100000000001e-10	3.2426e-07	-3.252e-07
0.36	-9.41864e-08	-5.4116e-10	1.5909e-09	4.184e-07	-3.2536e-07	-5.51404e-08	-5.2015e-10	1.3075e-09	3.796e-07	-3.2524e-07	-3.0782e-08	-5.235100000000001e-10	1.1642e-09	3.5432e-07	-3.2422e-07	-1.5592599999999998e-08	-5.401300000000001e-10	1.0347000000000002e-09	3.394e-07	-3.2428e-07	-6.7564e-09	-6.2982e-10	9.4295e-10	3.3054e-07	-3.2418e-07	-1.5082e-09	-1.05808e-09	8.4477e-10	3.2684e-07	-3.2514e-07	2.6872e-09	-2.4785e-09	7.539400000000001e-10	3.2416e-07	-3.252e-07
0.355	-9.4211e-08	-5.5371e-10	1.607e-09	4.1852e-07	-3.2538e-07	-5.515779999999999e-08	-5.2877e-10	1.3144e-09	3.7958e-07	-3.2524e-07	-3.07736e-08	-5.3412e-10	1.1503e-09	3.5442e-07	-3.2422e-07	-1.56064e-08	-5.4696e-10	1.03874e-09	3.3938e-07	-3.2424e-07	-6.7416e-09	-6.4432e-10	9.3867e-10	3.3058e-07	-3.2416e-07	-1.4787e-09	-1.09455e-09	8.6087e-10	3.2684e-07	-3.2514e-07	2.749e-09	-2.5507e-09	7.6648e-10	3.241e-07	-3.2516e-07
0.35	-9.41392e-08	-5.590300000000001e-10	1.6274e-09	4.1848e-07	-3.2532e-07	-5.5115e-08	-5.350200000000001e-10	1.3256e-09	3.795e-07	-3.2524e-07	-3.07706e-08	-5.449500000000001e-10	1.161e-09	3.5434e-07	-3.2418e-07	-1.5634e-08	-5.535800000000001e-10	1.0459800000000001e-09	3.3942e-07	-3.2426e-07	-6.7239e-09	-6.5642e-10	9.476e-10	3.3054e-07	-3.2414e-07	-1.4505e-09	-1.1237e-09	8.6391e-10	3.2688e-07	-3.2516e-07	2.8146e-09	-2.6281e-09	7.6581e-10	3.2422e-07	-3.2518e-07
0.345	-9.415379999999999e-08	-5.694400000000001e-10	1.6156e-09	4.184e-07	-3.2536e-07	-5.51834e-08	-5.427700000000001e-10	1.329e-09	3.7962e-07	-3.2524e-07	-3.08412e-08	-5.551000000000001e-10	1.1687e-09	3.5444e-07	-3.2422e-07	-1.56316e-08	-5.659600000000001e-10	1.05506e-09	3.3936e-07	-3.2424e-07	-6.7397e-09	-6.684100000000001e-10	9.6146e-10	3.3074e-07	-3.242e-07	-1.4174e-09	-1.1632e-09	8.5845e-10	3.2688e-07	-3.2508e-07	2.8948e-09	-2.7007e-09	7.7048e-10	3.2422e-07	-3.2512e-07
0.34	-9.415e-08	-5.7732e-10	1.6164e-09	4.1844e-07	-3.253e-07	-5.5191e-08	-5.5337e-10	1.3291e-09	3.7966e-07	-3.2514e-07	-3.0848999999999994e-08	-5.6158e-10	1.1818e-09	3.5438e-07	-3.2418e-07	-1.5629799999999997e-08	-5.7451e-10	1.0603500000000002e-09	3.3936e-07	-3.2426e-07	-6.7124e-09	-6.8964e-10	9.6592e-10	3.3068e-07	-3.243e-07	-1.3924999999999999e-09	-1.1966e-09	8.6727e-10	3.2678e-07	-3.2502e-07	2.9542e-09	-2.7708e-09	7.835e-10	3.2416e-07	-3.2506e-07
0.335	-9.41518e-08	-5.8472e-10	1.625e-09	4.1852e-07	-3.2532e-07	-5.52188e-08	-5.645000000000001e-10	1.3453e-09	3.7968e-07	-3.2522e-07	-3.0887e-08	-5.7035e-10	1.1815e-09	3.5452e-07	-3.2424e-07	-1.56452e-08	-5.8683e-10	1.08056e-09	3.3954e-07	-3.243e-07	-6.7012e-09	-6.9837e-10	9.7239e-10	3.307e-07	-3.2424e-07	-1.3676e-09	-1.2365e-09	8.739e-10	3.2682e-07	-3.2506e-07	3.0258e-09	-2.8526e-09	7.84e-10	3.2418e-07	-3.252e-07
0.33	-9.417559999999999e-08	-5.914e-10	1.6353e-09	4.1852e-07	-3.2534e-07	-5.52236e-08	-5.7104e-10	1.351e-09	3.797e-07	-3.2532e-07	-3.08356e-08	-5.762900000000001e-10	1.1802e-09	3.5452e-07	-3.2418e-07	-1.56548e-08	-5.9335e-10	1.0779700000000002e-09	3.3938e-07	-3.2436e-07	-6.7065e-09	-7.166100000000001e-10	9.7417e-10	3.3072e-07	-3.2432e-07	-1.3279e-09	-1.2765e-09	8.697100000000001e-10	3.269e-07	-3.2506e-07	3.0963e-09	-2.9323e-09	7.798300000000001e-10	3.2418e-07	-3.2512e-07
0.325	-9.41754e-08	-6.0537e-10	1.6378999999999999e-09	4.1882e-07	-3.2538e-07	-5.5194e-08	-5.8067e-10	1.3555e-09	3.7964e-07	-3.2528e-07	-3.0884999999999995e-08	-5.819200000000001e-10	1.1973e-09	3.5454e-07	-3.2424e-07	-1.5642e-08	-6.0085e-10	1.06936e-09	3.3942e-07	-3.2434e-07	-6.7008e-09	-7.311000000000001e-10	9.8149e-10	3.306e-07	-3.2424e-07	-1.2962e-09	-1.3128e-09	8.8347e-10	3.2682e-07	-3.2514e-07	3.1755e-09	-3.0054e-09	7.9719e-10	3.2426e-07	-3.2518e-07
0.32	-9.418559999999999e-08	-6.135800000000001e-10	1.6607e-09	4.1856e-07	-3.253e-07	-5.521959999999999e-08	-5.854600000000001e-10	1.3527e-09	3.7968e-07	-3.252e-07	-3.08716e-08	-5.949700000000001e-10	1.1947e-09	3.545e-07	-3.2424e-07	-1.56494e-08	-6.0985e-10	1.08144e-09	3.3942e-07	-3.243e-07	-6.6915e-09	-7.4824e-10	9.8839e-10	3.3068e-07	-3.2432e-07	-1.2557e-09	-1.3552e-09	8.8318e-10	3.2682e-07	-3.2514e-07	3.2408e-09	-3.0839e-09	8.0802e-10	3.2418e-07	-3.2514e-07
0.315	-9.42054e-08	-6.249700000000001e-10	1.6406e-09	4.1876e-07	-3.256e-07	-5.52752e-08	-5.944400000000001e-10	1.3587e-09	3.7978e-07	-3.2518e-07	-3.08994e-08	-6.0182e-10	1.2062e-09	3.545e-07	-3.242e-07	-1.5631999999999997e-08	-6.1855e-10	1.09522e-09	3.3946e-07	-3.243e-07	-6.6703e-09	-7.6223e-10	9.9892e-10	3.3076e-07	-3.242e-07	-1.2331e-09	-1.3959e-09	8.9537e-10	3.2682e-07	-3.2514e-07	3.3114e-09	-3.1698e-09	8.2077e-10	3.2426e-07	-3.252e-07
0.31	-9.42114e-08	-6.2944e-10	1.665e-09	4.1856e-07	-3.253e-07	-5.5305e-08	-6.0403e-10	1.3986e-09	3.797e-07	-3.2524e-07	-3.0917e-08	-6.1389e-10	1.2043e-09	3.5454e-07	-3.243e-07	-1.5652e-08	-6.2911e-10	1.09988e-09	3.3932e-07	-3.2424e-07	-6.6815e-09	-7.79e-10	1.0129800000000002e-09	3.3072e-07	-3.2426e-07	-1.1885e-09	-1.4413e-09	8.9632e-10	3.2686e-07	-3.2518e-07	3.396e-09	-3.2452e-09	8.1502e-10	3.2428e-07	-3.2522e-07
0.305	-9.41992e-08	-6.3949e-10	1.6675e-09	4.1852e-07	-3.253e-07	-5.527919999999999e-08	-6.117500000000001e-10	1.3803e-09	3.7964e-07	-3.252e-07	-3.09284e-08	-6.182e-10	1.211e-09	3.5458e-07	-3.2412e-07	-1.5616e-08	-6.3989e-10	1.10712e-09	3.3938e-07	-3.2404e-07	-6.6575e-09	-8.0395e-10	1.01511e-09	3.3062e-07	-3.243e-07	-1.1489e-09	-1.4832e-09	9.2444e-10	3.2684e-07	-3.2514e-07	3.4645e-09	-3.3265e-09	8.1724e-10	3.2414e-07	-3.2514e-07
0.3	-9.42572e-08	-6.4408e-10	1.6688e-09	4.1846e-07	-3.2536e-07	-5.53452e-08	-6.234e-10	1.3797e-09	3.7982e-07	-3.2522e-07	-3.0938599999999995e-08	-6.257300000000001e-10	1.2172e-09	3.5462e-07	-3.242e-07	-1.55862e-08	-6.4917e-10	1.10053e-09	3.3944e-07	-3.2436e-07	-6.6414e-09	-8.1518e-10	1.01182e-09	3.307e-07	-3.2428e-07	-1.1094e-09	-1.5289e-09	9.072e-10	3.2686e-07	-3.2516e-07	3.5399e-09	-3.4105e-09	8.2278e-10	3.242e-07	-3.2516e-07
0.295	-9.42344e-08	-6.535100000000001e-10	1.6624e-09	4.1854e-07	-3.253e-07	-5.52964e-08	-6.327200000000001e-10	1.3995e-09	3.7986e-07	-3.2524e-07	-3.0933e-08	-6.3092e-10	1.2287e-09	3.5462e-07	-3.2424e-07	-1.5596199999999997e-08	-6.5824e-10	1.13658e-09	3.3942e-07	-3.2418e-07	-6.6461e-09	-8.3244e-10	1.00839e-09	3.3066e-07	-3.2424e-07	-1.0693e-09	-1.5777e-09	9.1093e-10	3.2688e-07	-3.2514e-07	3.6147e-09	-3.4918e-09	8.3052e-10	3.242e-07	-3.2518e-07
0.29	-9.42476e-08	-6.653100000000001e-10	1.6733e-09	4.1854e-07	-3.2532e-07	-5.531419999999999e-08	-6.3951e-10	1.3965e-09	3.798e-07	-3.252e-07	-3.08986e-08	-6.395800000000001e-10	1.2324e-09	3.5454e-07	-3.243e-07	-1.56102e-08	-6.6651e-10	1.12061e-09	3.394e-07	-3.243e-07	-6.6375e-09	-8.5108e-10	1.03108e-09	3.307e-07	-3.242e-07	-1.0262e-09	-1.6278e-09	9.2741e-10	3.2688e-07	-3.2512e-07	3.7061e-09	-3.5769e-09	8.3144e-10	3.2422e-07	-3.2518e-07
0.285	-9.42934e-08	-6.751000000000001e-10	1.6877e-09	4.1856e-07	-3.2536e-07	-5.53852e-08	-6.4584e-10	1.4069e-09	3.799e-07	-3.2516e-07	-3.09466e-08	-6.5e-10	1.2432e-09	3.5456e-07	-3.2428e-07	-1.56078e-08	-6.737500000000001e-10	1.13272e-09	3.3946e-07	-3.2428e-07	-6.6161e-09	-8.7374e-10	1.03059e-09	3.3078e-07	-3.242e-07	-9.8607e-10	-1.6718e-09	9.3973e-10	3.2682e-07	-3.251e-07	3.7877e-09	-3.6731e-09	8.3474e-10	3.242e-07	-3.2514e-07
0.28	-9.42868e-08	-6.843200000000001e-10	1.6769e-09	4.1858e-07	-3.253e-07	-5.53868e-08	-6.5494e-10	1.405e-09	3.7986e-07	-3.2526e-07	-3.09694e-08	-6.5957e-10	1.2465e-09	3.5454e-07	-3.2428e-07	-1.56272e-08	-6.889000000000001e-10	1.14039e-09	3.3962e-07	-3.2422e-07	-6.6027e-09	-8.8982e-10	1.0385e-09	3.3064e-07	-3.2422e-07	-9.4287e-10	-1.7239e-09	9.3758e-10	3.2684e-07	-3.2508e-07	3.8507e-09	-3.7479e-09	8.3855e-10	3.2424e-07	-3.2518e-07
0.275	-9.42546e-08	-6.879000000000001e-10	1.6772e-09	4.1862e-07	-3.2532e-07	-5.53778e-08	-6.628e-10	1.4064e-09	3.7986e-07	-3.252e-07	-3.09814e-08	-6.7084e-10	1.2672e-09	3.5466e-07	-3.2418e-07	-1.5599399999999998e-08	-6.9552e-10	1.1387e-09	3.3944e-07	-3.2426e-07	-6.5919e-09	-9.0931e-10	1.04723e-09	3.3064e-07	-3.2418e-07	-8.947700000000001e-10	-1.7816e-09	9.3439e-10	3.269e-07	-3.2512e-07	3.9432e-09	-3.8364e-09	8.466400000000001e-10	3.2422e-07	-3.252e-07
0.27	-9.4268e-08	-6.9387e-10	1.6946e-09	4.1864e-07	-3.2538e-07	-5.54284e-08	-6.708e-10	1.4243e-09	3.7984e-07	-3.252e-07	-3.0973e-08	-6.752900000000001e-10	1.2677e-09	3.547e-07	-3.2434e-07	-1.5602199999999997e-08	-7.0109e-10	1.1381e-09	3.3882e-07	-3.2368e-07	-6.5937e-09	-9.335e-10	1.0551e-09	3.3074e-07	-3.2424e-07	-8.4004e-10	-1.834e-09	9.4083e-10	3.2688e-07	-3.2512e-07	4.0169e-09	-3.9222e-09	8.6206e-10	3.242e-07	-3.2516e-07
0.265	-9.42762e-08	-7.0327e-10	1.705e-09	4.1864e-07	-3.2532e-07	-5.542799999999999e-08	-6.826200000000001e-10	1.4203e-09	3.7992e-07	-3.2524e-07	-3.10238e-08	-6.842700000000001e-10	1.2774e-09	3.5472e-07	-3.2428e-07	-1.56226e-08	-7.174200000000001e-10	1.1647e-09	3.3948e-07	-3.243e-07	-6.5611e-09	-9.5427e-10	1.07084e-09	3.3064e-07	-3.2422e-07	-7.9419e-10	-1.8894e-09	9.504e-10	3.269e-07	-3.2514e-07	4.0996e-09	-4.0122e-09	8.6069e-10	3.2422e-07	-3.2518e-07
0.26	-9.427959999999999e-08	-7.1458e-10	1.7113e-09	4.185e-07	-3.2532e-07	-5.54572e-08	-6.8969e-10	1.4372e-09	3.7992e-07	-3.252e-07	-3.10324e-08	-6.8815e-10	1.2809e-09	3.5488e-07	-3.2424e-07	-1.5621599999999997e-08	-7.2369e-10	1.1654e-09	3.394e-07	-3.2418e-07	-6.5427e-09	-9.7504e-10	1.05869e-09	3.307e-07	-3.2416e-07	-7.413e-10	-1.9563e-09	9.5425e-10	3.2696e-07	-3.2512e-07	4.1783e-09	-4.1025e-09	8.668800000000001e-10	3.2416e-07	-3.252e-07
0.255	-9.42778e-08	-7.2145e-10	1.7056e-09	4.1848e-07	-3.253e-07	-5.55008e-08	-6.979900000000001e-10	1.4391e-09	3.8e-07	-3.2524e-07	-3.10224e-08	-6.9731e-10	1.2825e-09	3.547e-07	-3.2426e-07	-1.56144e-08	-7.375600000000001e-10	1.1673e-09	3.3942e-07	-3.243e-07	-6.5238e-09	-9.9779e-10	1.0786000000000002e-09	3.3066e-07	-3.2426e-07	-6.815100000000001e-10	-2.0087e-09	9.5401e-10	3.2686e-07	-3.2514e-07	4.2778e-09	-4.1959e-09	8.6495e-10	3.242e-07	-3.2514e-07
0.25	-9.41814e-08	-7.3139e-10	1.7114e-09	4.1848e-07	-3.2532e-07	-5.549959999999999e-08	-7.034100000000001e-10	1.4431e-09	3.7996e-07	-3.2526e-07	-3.10224e-08	-7.0691e-10	1.2879e-09	3.5472e-07	-3.2424e-07	-1.56034e-08	-7.4729e-10	1.1696e-09	3.3948e-07	-3.2432e-07	-6.5206e-09	-1.02656e-09	1.06796e-09	3.299e-07	-3.2358e-07	-6.295e-10	-2.0682e-09	9.6896e-10	3.2684e-07	-3.251e-07	4.3567e-09	-4.2823e-09	8.7289e-10	3.2416e-07	-3.2514e-07
0.245	-9.41794e-08	-7.3726e-10	1.7189e-09	4.1872e-07	-3.2554e-07	-5.55086e-08	-7.099e-10	1.4488e-09	3.8004e-07	-3.2518e-07	-3.10498e-08	-7.171900000000001e-10	1.2973e-09	3.5476e-07	-3.242e-07	-1.5603799999999998e-08	-7.5902e-10	1.1754e-09	3.3946e-07	-3.2426e-07	-6.4866e-09	-1.04563e-09	1.08324e-09	3.3064e-07	-3.242e-07	-5.813400000000001e-10	-2.1348e-09	9.716e-10	3.2686e-07	-3.2506e-07	4.4423e-09	-4.381e-09	8.8407e-10	3.2416e-07	-3.252e-07
0.24	-9.424899999999999e-08	-7.428e-10	1.733e-09	4.186e-07	-3.253e-07	-5.55672e-08	-7.2135e-10	1.4643e-09	3.8008e-07	-3.2518e-07	-3.10564e-08	-7.2503e-10	1.2995e-09	3.5472e-07	-3.2424e-07	-1.5595599999999998e-08	-7.6802e-10	1.1944e-09	3.3926e-07	-3.2356e-07	-6.478e-09	-1.06942e-09	1.09073e-09	3.3068e-07	-3.2426e-07	-5.1335e-10	-2.1988e-09	9.7302e-10	3.2682e-07	-3.2514e-07	4.5363e-09	-4.4797e-09	8.924e-10	3.2422e-07	-3.2518e-07
0.235	-9.42136e-08	-7.502e-10	1.7391e-09	4.1856e-07	-3.2536e-07	-5.55862e-08	-7.3043e-10	1.4634e-09	3.8006e-07	-3.252e-07	-3.1093399999999994e-08	-7.323900000000001e-10	1.2972e-09	3.5468e-07	-3.2418e-07	-1.5602199999999997e-08	-7.8075e-10	1.1899e-09	3.3948e-07	-3.243e-07	-6.4582e-09	-1.09972e-09	1.0977600000000001e-09	3.307e-07	-3.2424e-07	-4.4766e-10	-2.2684e-09	9.8894e-10	3.271e-07	-3.2536e-07	4.6299e-09	-4.5747e-09	8.896000000000001e-10	3.242e-07	-3.2514e-07
0.23	-9.41978e-08	-7.6211e-10	1.7492e-09	4.1862e-07	-3.2534e-07	-5.56118e-08	-7.3999e-10	1.4589e-09	3.8008e-07	-3.2526e-07	-3.11066e-08	-7.3888e-10	1.3176e-09	3.5472e-07	-3.243e-07	-1.5597799999999998e-08	-7.9296e-10	1.1953e-09	3.3946e-07	-3.2428e-07	-6.4419e-09	-1.1226e-09	1.09893e-09	3.3066e-07	-3.2424e-07	-3.9158e-10	-2.3329e-09	9.9753e-10	3.268e-07	-3.2506e-07	4.7216e-09	-4.6703e-09	8.9618e-10	3.2426e-07	-3.2512e-07
0.225	-9.42246e-08	-7.7299e-10	1.7384e-09	4.186e-07	-3.2544e-07	-5.56184e-08	-7.470000000000001e-10	1.4694e-09	3.8004e-07	-3.2518e-07	-3.11168e-08	-7.4694e-10	1.3173e-09	3.5474e-07	-3.2414e-07	-1.55966e-08	-8.077600000000001e-10	1.2158e-09	3.3952e-07	-3.2426e-07	-6.4195e-09	-1.153e-09	1.1107300000000002e-09	3.3072e-07	-3.2424e-07	-3.2135000000000003e-10	-2.404e-09	9.9292e-10	3.2676e-07	-3.2502e-07	4.8062e-09	-4.7746e-09	9.0462e-10	3.2414e-07	-3.2514e-07
0.22	-9.4186e-08	-7.8235e-10	1.7523e-09	4.1864e-07	-3.253e-07	-5.564399999999999e-08	-7.5597e-10	1.4793e-09	3.8012e-07	-3.2516e-07	-3.11378e-08	-7.5685e-10	1.3281e-09	3.5402e-07	-3.2422e-07	-1.5587e-08	-8.2152e-10	1.2077e-09	3.3946e-07	-3.2424e-07	-6.4033e-09	-1.1778e-09	1.11181e-09	3.3066e-07	-3.2424e-07	-2.5011000000000003e-10	-2.4726e-09	1.0136300000000001e-09	3.2684e-07	-3.2514e-07	4.9139e-09	-4.8771e-09	9.029899999999999e-10	3.2428e-07	-3.2526e-07
0.215	-9.41796e-08	-7.8549e-10	1.7581e-09	4.186e-07	-3.2526e-07	-5.5663e-08	-7.5991e-10	1.4858e-09	3.8006e-07	-3.2504e-07	-3.11352e-08	-7.675000000000001e-10	1.3334e-09	3.5482e-07	-3.2412e-07	-1.5568599999999997e-08	-8.3468e-10	1.2149e-09	3.3952e-07	-3.2432e-07	-6.3804e-09	-1.2102e-09	1.11848e-09	3.3078e-07	-3.2422e-07	-1.9094e-10	-2.5476e-09	1.00443e-09	3.2684e-07	-3.2506e-07	5.0083e-09	-4.9765e-09	9.098599999999999e-10	3.2416e-07	-3.2516e-07
0.21	-9.417139999999999e-08	-7.9354e-10	1.7623e-09	4.1864e-07	-3.2524e-07	-5.56952e-08	-7.6882e-10	1.4964e-09	3.802e-07	-3.2514e-07	-3.1151e-08	-7.7669e-10	1.3402e-09	3.5478e-07	-3.2416e-07	-1.5566599999999998e-08	-8.4583e-10	1.2266e-09	3.3954e-07	-3.2414e-07	-6.3535e-09	-1.2429e-09	1.11861e-09	3.3066e-07	-3.2428e-07	-1.3606000000000002e-10	-2.615e-09	1.0229e-09	3.2676e-07	-3.2506e-07	5.0989e-09	-5.08e-09	9.188999999999999e-10	3.2412e-07	-3.2508e-07
0.205	-9.417339999999999e-08	-8e-10	1.7699e-09	4.1866e-07	-3.253e-07	-5.57612e-08	-7.7628e-10	1.502e-09	3.8024e-07	-3.2532e-07	-3.1156199999999995e-08	-7.8348e-10	1.3504e-09	3.5476e-07	-3.2416e-07	-1.5550799999999997e-08	-8.588400000000001e-10	1.2279e-09	3.3946e-07	-3.2432e-07	-6.3235e-09	-1.2728e-09	1.1299900000000001e-09	3.3072e-07	-3.2428e-07	-6.355e-11	-2.6902e-09	1.01928e-09	3.2682e-07	-3.251e-07	5.2023e-09	-5.1891e-09	9.3103e-10	3.2414e-07	-3.2512e-07
0.2	-9.426419999999999e-08	-8.108e-10	1.7671e-09	4.1862e-07	-3.2536e-07	-5.57236e-08	-7.8819e-10	1.5148e-09	3.8018e-07	-3.2518e-07	-3.11542e-08	-7.9006e-10	1.3615e-09	3.548e-07	-3.2428e-07	-1.55656e-08	-8.7251e-10	1.2334e-09	3.3948e-07	-3.2428e-07	-6.2922e-09	-1.3067e-09	1.1291e-09	3.3064e-07	-3.242e-07	1.0540000000000002e-11	-2.7611e-09	1.0287000000000002e-09	3.268e-07	-3.2508e-07	5.3099e-09	-5.2962e-09	9.3017e-10	3.2414e-07	-3.2518e-07
0.195	-9.429719999999998e-08	-8.195e-10	1.7699e-09	4.1868e-07	-3.2538e-07	-5.56958e-08	-7.9677e-10	1.5164e-09	3.8028e-07	-3.253e-07	-3.11354e-08	-7.9559e-10	1.3574e-09	3.5414e-07	-3.236e-07	-1.55632e-08	-8.8601e-10	1.2419e-09	3.3946e-07	-3.2422e-07	-6.2615e-09	-1.3378e-09	1.1415e-09	3.3074e-07	-3.2416e-07	6.992e-11	-2.839e-09	1.03274e-09	3.2672e-07	-3.2506e-07	5.4085e-09	-5.4023e-09	9.274200000000001e-10	3.2418e-07	-3.2518e-07
0.19	-9.43248e-08	-8.3038e-10	1.7833e-09	4.1872e-07	-3.2532e-07	-5.5777e-08	-8.042400000000001e-10	1.5273e-09	3.8036e-07	-3.2522e-07	-3.1143199999999994e-08	-8.0693e-10	1.3582e-09	3.5484e-07	-3.242e-07	-1.55684e-08	-9.0234e-10	1.253e-09	3.3948e-07	-3.2428e-07	-6.2327e-09	-1.3703e-09	1.1407e-09	3.3012e-07	-3.2362e-07	1.4346e-10	-2.9167e-09	1.0374000000000002e-09	3.2682e-07	-3.251e-07	5.5068e-09	-5.5168e-09	9.492e-10	3.2406e-07	-3.2506e-07
0.185	-9.44212e-08	-8.3515e-10	1.7799e-09	4.1876e-07	-3.2526e-07	-5.57552e-08	-8.1031e-10	1.5248e-09	3.8022e-07	-3.2518e-07	-3.1189599999999995e-08	-8.1714e-10	1.3766e-09	3.548e-07	-3.242e-07	-1.55596e-08	-9.195399999999999e-10	1.2586e-09	3.3948e-07	-3.2428e-07	-6.2241e-09	-1.4102e-09	1.1542e-09	3.3072e-07	-3.2422e-07	2.1925e-10	-2.9928e-09	1.04266e-09	3.2686e-07	-3.2502e-07	5.6174e-09	-5.6313e-09	9.37e-10	3.2418e-07	-3.2512e-07
0.18	-9.42918e-08	-8.429e-10	1.7885e-09	4.1876e-07	-3.2536e-07	-5.5799e-08	-8.178000000000001e-10	1.5297e-09	3.8034e-07	-3.2518e-07	-3.11838e-08	-8.292500000000001e-10	1.3759e-09	3.542e-07	-3.2418e-07	-1.5556799999999997e-08	-9.3238e-10	1.256e-09	3.395e-07	-3.2426e-07	-6.1787e-09	-1.4498e-09	1.161e-09	3.307e-07	-3.242e-07	3.0282000000000005e-10	-3.0694999999999998e-09	1.0542500000000002e-09	3.2678e-07	-3.2504e-07	5.7317999999999996e-09	-5.7426e-09	9.5009e-10	3.2426e-07	-3.2512e-07
0.175	-9.43282e-08	-8.487400000000001e-10	1.7865e-09	4.1882e-07	-3.2538e-07	-5.582659999999999e-08	-8.2678e-10	1.5503e-09	3.8018e-07	-3.2512e-07	-3.11824e-08	-8.3589e-10	1.3824e-09	3.5482e-07	-3.2414e-07	-1.5555399999999998e-08	-9.4596e-10	1.2599e-09	3.3952e-07	-3.243e-07	-6.1335999999999996e-09	-1.4861e-09	1.1823e-09	3.3066e-07	-3.2424e-07	3.6113e-10	-3.1513e-09	1.05116e-09	3.2688e-07	-3.2506e-07	5.8328e-09	-5.8569e-09	9.6132e-10	3.2412e-07	-3.2502e-07
0.17	-9.429819999999999e-08	-8.5604e-10	1.8045e-09	4.1872e-07	-3.256e-07	-5.5836e-08	-8.3285e-10	1.5418e-09	3.803e-07	-3.252e-07	-3.1151e-08	-8.478000000000001e-10	1.3897999999999999e-09	3.5484e-07	-3.2354e-07	-1.55474e-08	-9.6212e-10	1.2664e-09	3.3946e-07	-3.2426e-07	-6.0988e-09	-1.5253e-09	1.1682e-09	3.3072e-07	-3.2424e-07	4.3366e-10	-3.2337e-09	1.0567e-09	3.2676e-07	-3.25e-07	5.9433e-09	-5.9808e-09	9.6436e-10	3.2414e-07	-3.2504e-07
0.165	-9.43356e-08	-8.6661e-10	1.8077e-09	4.1872e-07	-3.253e-07	-5.589439999999999e-08	-8.4533e-10	1.5494e-09	3.8038e-07	-3.2526e-07	-3.11882e-08	-8.5119e-10	1.4019e-09	3.549e-07	-3.2424e-07	-1.5515199999999998e-08	-9.754e-10	1.2787e-09	3.3942e-07	-3.2426e-07	-6.0919e-09	-1.5644e-09	1.149e-09	3.307e-07	-3.2424e-07	5.1175e-10	-3.3076e-09	1.06381e-09	3.2678e-07	-3.2508e-07	6.0657e-09	-6.0985e-09	9.662e-10	3.2414e-07	-3.2508e-07
0.16	-9.43644e-08	-8.7871e-10	1.8164e-09	4.188e-07	-3.2538e-07	-5.59668e-08	-8.533800000000001e-10	1.5766e-09	3.8042e-07	-3.2528e-07	-3.11488e-08	-8.588500000000001e-10	1.4144e-09	3.5488e-07	-3.2418e-07	-1.54864e-08	-9.9269e-10	1.2894e-09	3.3954e-07	-3.2428e-07	-6.0743e-09	-1.6036e-09	1.1519e-09	3.3066e-07	-3.2426e-07	5.8048e-10	-3.393e-09	1.0727900000000002e-09	3.2672e-07	-3.2504e-07	6.183e-09	-6.2231e-09	9.6902e-10	3.242e-07	-3.2506e-07
0.155	-9.44018e-08	-8.8512e-10	1.8202e-09	4.187e-07	-3.2532e-07	-5.594359999999999e-08	-8.6311e-10	1.5633e-09	3.8038e-07	-3.2514e-07	-3.11914e-08	-8.7102e-10	1.4138e-09	3.5486e-07	-3.2414e-07	-1.55206e-08	-1.00996e-09	1.305e-09	3.3954e-07	-3.2428e-07	-6.0224e-09	-1.6447e-09	1.1904e-09	3.3042e-07	-3.2398e-07	6.557400000000001e-10	-3.4808e-09	1.0885800000000002e-09	3.2682e-07	-3.2502e-07	6.297e-09	-6.3455e-09	9.8239e-10	3.2406e-07	-3.2518e-07
0.15	-9.43406e-08	-8.896000000000001e-10	1.8256e-09	4.1866e-07	-3.2536e-07	-5.59014e-08	-8.659e-10	1.5746e-09	3.8052e-07	-3.2516e-07	-3.1174799999999995e-08	-8.7961e-10	1.4226e-09	3.5478e-07	-3.2424e-07	-1.5514e-08	-1.03043e-09	1.3024e-09	3.3948e-07	-3.2424e-07	-5.9779e-09	-1.7042e-09	1.2108e-09	3.305e-07	-3.2406e-07	7.4058e-10	-3.5575999999999998e-09	1.0851300000000002e-09	3.2682e-07	-3.2506e-07	6.4168e-09	-6.4776e-09	9.8425e-10	3.2412e-07	-3.2506e-07
0.145	-9.42832e-08	-8.987100000000001e-10	1.8296e-09	4.1882e-07	-3.2524e-07	-5.6015e-08	-8.7413e-10	1.5697e-09	3.805e-07	-3.2522e-07	-3.1159599999999994e-08	-8.9323e-10	1.4251e-09	3.5476e-07	-3.2422e-07	-1.5485199999999997e-08	-1.04524e-09	1.3098e-09	3.3948e-07	-3.2418e-07	-5.927e-09	-1.7485e-09	1.1982e-09	3.2992e-07	-3.2362e-07	8.1215e-10	-3.64e-09	1.08808e-09	3.268e-07	-3.25e-07	6.5407e-09	-6.5961e-09	9.9047e-10	3.242e-07	-3.2506e-07
0.14	-9.442519999999998e-08	-9.0262e-10	1.835e-09	4.189e-07	-3.2538e-07	-5.603379999999999e-08	-8.8084e-10	1.5965e-09	3.8054e-07	-3.2514e-07	-3.11468e-08	-9.0218e-10	1.4342999999999999e-09	3.5482e-07	-3.2352e-07	-1.54768e-08	-1.06307e-09	1.3006e-09	3.3886e-07	-3.2424e-07	-5.8754e-09	-1.7946e-09	1.2448e-09	3.3076e-07	-3.2422e-07	8.835e-10	-3.7296e-09	1.09669e-09	3.2676e-07	-3.2506e-07	6.6681e-09	-6.7352e-09	9.9505e-10	3.2426e-07	-3.2508e-07
0.135	-9.44584e-08	-9.136699999999999e-10	1.8389e-09	4.188e-07	-3.2532e-07	-5.60358e-08	-8.9206e-10	1.5932e-09	3.8042e-07	-3.2548e-07	-3.11756e-08	-9.1429e-10	1.4444e-09	3.5486e-07	-3.2424e-07	-1.54732e-08	-1.0791e-09	1.3231e-09	3.3942e-07	-3.2428e-07	-5.8264e-09	-1.8449e-09	1.2168e-09	3.3072e-07	-3.2426e-07	9.8708e-10	-3.8162e-09	1.10066e-09	3.2676e-07	-3.2506e-07	6.7921e-09	-6.869e-09	1.00263e-09	3.241e-07	-3.2502e-07
0.13	-9.44608e-08	-9.2151e-10	1.8494e-09	4.1878e-07	-3.253e-07	-5.600599999999999e-08	-9.0049e-10	1.5977e-09	3.8054e-07	-3.2518e-07	-3.11576e-08	-9.1586e-10	1.44e-09	3.5486e-07	-3.2416e-07	-1.54714e-08	-1.09864e-09	1.3271e-09	3.3948e-07	-3.2418e-07	-5.8136e-09	-1.89e-09	1.2245e-09	3.3066e-07	-3.2432e-07	1.05488e-09	-3.898e-09	1.11381e-09	3.2682e-07	-3.2512e-07	6.9252e-09	-7.0077e-09	1.00398e-09	3.2416e-07	-3.2508e-07
0.125	-9.4433e-08	-9.3302e-10	1.8528e-09	4.1884e-07	-3.253e-07	-5.60658e-08	-9.104399999999999e-10	1.615e-09	3.8048e-07	-3.2518e-07	-3.11528e-08	-9.2828e-10	1.449e-09	3.548e-07	-3.2418e-07	-1.54626e-08	-1.1117e-09	1.325e-09	3.394e-07	-3.2424e-07	-5.7659e-09	-1.9465e-09	1.2292e-09	3.307e-07	-3.2422e-07	1.131e-09	-3.9889e-09	1.1136700000000001e-09	3.2682e-07	-3.2508e-07	7.0595e-09	-7.1458e-09	1.03401e-09	3.241e-07	-3.2512e-07
0.12	-9.44944e-08	-9.3955e-10	1.8551e-09	4.1894e-07	-3.253e-07	-5.60586e-08	-9.1843e-10	1.623e-09	3.8052e-07	-3.252e-07	-3.12078e-08	-9.3873e-10	1.4698e-09	3.5492e-07	-3.242e-07	-1.5440799999999998e-08	-1.1323e-09	1.3396e-09	3.387e-07	-3.2362e-07	-5.7195e-09	-1.9991e-09	1.2386e-09	3.307e-07	-3.242e-07	1.2102e-09	-4.0712e-09	1.11955e-09	3.2678e-07	-3.25e-07	7.1898e-09	-7.2816e-09	1.02273e-09	3.242e-07	-3.2512e-07
0.115	-9.44344e-08	-9.4455e-10	1.8566e-09	4.1894e-07	-3.2538e-07	-5.605579999999999e-08	-9.233100000000001e-10	1.6219e-09	3.8064e-07	-3.252e-07	-3.12266e-08	-9.5143e-10	1.4684e-09	3.548e-07	-3.2416e-07	-1.54342e-08	-1.1548e-09	1.3485e-09	3.394e-07	-3.2426e-07	-5.6784e-09	-2.056e-09	1.2396e-09	3.307e-07	-3.2422e-07	1.2946e-09	-4.1677e-09	1.1232200000000002e-09	3.2676e-07	-3.2508e-07	7.3246e-09	-7.4341e-09	1.02526e-09	3.2416e-07	-3.2506e-07
0.11	-9.44424e-08	-9.4966e-10	1.8792e-09	4.1882e-07	-3.2524e-07	-5.60884e-08	-9.3239e-10	1.6387e-09	3.8066e-07	-3.2526e-07	-3.12166e-08	-9.6402e-10	1.4656e-09	3.5492e-07	-3.2418e-07	-1.54114e-08	-1.1775e-09	1.3678e-09	3.395e-07	-3.2428e-07	-5.6449e-09	-2.1068e-09	1.2514e-09	3.307e-07	-3.2418e-07	1.387e-09	-4.2506e-09	1.1298e-09	3.2678e-07	-3.2508e-07	7.4724e-09	-7.5765e-09	1.03383e-09	3.2418e-07	-3.251e-07
0.105	-9.44528e-08	-9.5677e-10	1.8837e-09	4.1896e-07	-3.2528e-07	-5.614759999999999e-08	-9.4072e-10	1.6248e-09	3.8064e-07	-3.2512e-07	-3.11868e-08	-9.7359e-10	1.4859e-09	3.5488e-07	-3.243e-07	-1.54186e-08	-1.2024e-09	1.3518e-09	3.3954e-07	-3.2424e-07	-5.5822e-09	-2.171e-09	1.2591e-09	3.3076e-07	-3.242e-07	1.472e-09	-4.3415e-09	1.1354e-09	3.2682e-07	-3.2506e-07	7.6206e-09	-7.7291e-09	1.0402e-09	3.242e-07	-3.2508e-07
0.1	-9.456619999999999e-08	-9.7015e-10	1.8841e-09	4.19e-07	-3.2528e-07	-5.615639999999999e-08	-9.5052e-10	1.6357e-09	3.8052e-07	-3.2518e-07	-3.1167199999999995e-08	-9.841e-10	1.4813e-09	3.5492e-07	-3.2418e-07	-1.53964e-08	-1.223e-09	1.355e-09	3.3948e-07	-3.2424e-07	-5.5152e-09	-2.2312e-09	1.2596e-09	3.3004e-07	-3.2354e-07	1.5508e-09	-4.4333e-09	1.1448e-09	3.2678e-07	-3.2504e-07	7.7558e-09	-7.8763e-09	1.04525e-09	3.2424e-07	-3.251e-07
0.095	-9.45642e-08	-9.7733e-10	1.8859e-09	4.1902e-07	-3.253e-07	-5.61878e-08	-9.6058e-10	1.6438e-09	3.8064e-07	-3.2524e-07	-3.11626e-08	-9.9086e-10	1.4899e-09	3.5428e-07	-3.2344e-07	-1.53674e-08	-1.2466e-09	1.3708e-09	3.3946e-07	-3.242e-07	-5.4465e-09	-2.2877e-09	1.2812e-09	3.307e-07	-3.2428e-07	1.6397e-09	-4.5301e-09	1.1478e-09	3.2682e-07	-3.2506e-07	7.9025e-09	-8.0382e-09	1.05209e-09	3.2422e-07	-3.2518e-07
0.09	-9.4604e-08	-9.8698e-10	1.8848e-09	4.1894e-07	-3.253e-07	-5.61354e-08	-9.704e-10	1.6449e-09	3.807e-07	-3.2518e-07	-3.11866e-08	-1.00552e-09	1.4997e-09	3.5492e-07	-3.2416e-07	-1.53466e-08	-1.2671e-09	1.3742e-09	3.3954e-07	-3.2436e-07	-5.406e-09	-2.3551e-09	1.2681e-09	3.306e-07	-3.2422e-07	1.7395e-09	-4.6293e-09	1.1506e-09	3.2706e-07	-3.254e-07	8.0443e-09	-8.1705e-09	1.05845e-09	3.2418e-07	-3.2512e-07
0.085	-9.458359999999999e-08	-9.9291e-10	1.896e-09	4.1894e-07	-3.2536e-07	-5.62128e-08	-9.7534e-10	1.6496e-09	3.807e-07	-3.2522e-07	-3.1176999999999995e-08	-1.02094e-09	1.4984e-09	3.5492e-07	-3.2418e-07	-1.5348e-08	-1.2944e-09	1.3792e-09	3.395e-07	-3.2422e-07	-5.3398e-09	-2.4176e-09	1.2767e-09	3.3066e-07	-3.2422e-07	1.8271e-09	-4.7245e-09	1.1526e-09	3.2672e-07	-3.25e-07	8.2065e-09	-8.3464e-09	1.0726200000000002e-09	3.2416e-07	-3.2512e-07
0.08	-9.46728e-08	-1.0050500000000002e-09	1.8948e-09	4.1908e-07	-3.2526e-07	-5.624719999999999e-08	-9.8151e-10	1.6573e-09	3.808e-07	-3.2514e-07	-3.11834e-08	-1.0343e-09	1.5206e-09	3.5496e-07	-3.2418e-07	-1.5336e-08	-1.3205e-09	1.3865e-09	3.3958e-07	-3.2426e-07	-5.2707e-09	-2.486e-09	1.2892e-09	3.3066e-07	-3.2416e-07	1.9157e-09	-4.8202e-09	1.1608e-09	3.2682e-07	-3.2508e-07	8.3529e-09	-8.5123e-09	1.07056e-09	3.242e-07	-3.2504e-07
0.075	-9.46758e-08	-1.00495e-09	1.8971e-09	4.1912e-07	-3.2528e-07	-5.624719999999999e-08	-9.8956e-10	1.6708e-09	3.8072e-07	-3.2524e-07	-3.118e-08	-1.04519e-09	1.516e-09	3.5488e-07	-3.2422e-07	-1.5318599999999998e-08	-1.3512e-09	1.3938e-09	3.3952e-07	-3.2424e-07	-5.2171e-09	-2.5578e-09	1.2983e-09	3.3062e-07	-3.2416e-07	2.0091e-09	-4.9269e-09	1.1743e-09	3.2682e-07	-3.2506e-07	8.5314e-09	-8.6826e-09	1.07234e-09	3.2418e-07	-3.251e-07
0.07	-9.47376e-08	-1.01413e-09	1.9086e-09	4.1902e-07	-3.2524e-07	-5.62998e-08	-1.00016e-09	1.67e-09	3.8078e-07	-3.252e-07	-3.11456e-08	-1.05681e-09	1.5272e-09	3.5496e-07	-3.2418e-07	-1.52914e-08	-1.3788e-09	1.3941e-09	3.3962e-07	-3.2424e-07	-5.1577e-09	-2.6279e-09	1.3039e-09	3.3072e-07	-3.2418e-07	2.109e-09	-5.0282e-09	1.1734e-09	3.2682e-07	-3.2512e-07	8.6836e-09	-8.8468e-09	1.09678e-09	3.2424e-07	-3.2514e-07
0.065	-9.46956e-08	-1.02584e-09	1.9072e-09	4.1906e-07	-3.2528e-07	-5.6348e-08	-1.01147e-09	1.6908e-09	3.8098e-07	-3.2522e-07	-3.11494e-08	-1.06685e-09	1.5268e-09	3.548e-07	-3.2418e-07	-1.52778e-08	-1.4063e-09	1.4135e-09	3.3962e-07	-3.243e-07	-5.0965e-09	-2.7057e-09	1.2973e-09	3.307e-07	-3.242e-07	2.2222e-09	-5.1244e-09	1.1817e-09	3.2682e-07	-3.2506e-07	8.8489e-09	-9.0167e-09	1.0891e-09	3.241e-07	-3.2506e-07
0.06	-9.47962e-08	-1.0376900000000002e-09	1.9197e-09	4.1918e-07	-3.2524e-07	-5.640739999999999e-08	-1.02209e-09	1.6924e-09	3.8094e-07	-3.252e-07	-3.11408e-08	-1.07964e-09	1.5353e-09	3.5482e-07	-3.2414e-07	-1.5234999999999997e-08	-1.4357e-09	1.4122e-09	3.396e-07	-3.2428e-07	-5.0281e-09	-2.7715e-09	1.3088e-09	3.3058e-07	-3.241e-07	2.2953e-09	-5.2308e-09	1.1879e-09	3.2684e-07	-3.2508e-07	9.0166e-09	-9.1944e-09	1.09174e-09	3.241e-07	-3.254e-07
0.055	-9.48152e-08	-1.0429700000000002e-09	1.9262e-09	4.193e-07	-3.2526e-07	-5.639859999999999e-08	-1.02876e-09	1.698e-09	3.81e-07	-3.2518e-07	-3.1129999999999995e-08	-1.09371e-09	1.553e-09	3.5524e-07	-3.2452e-07	-1.52108e-08	-1.4618e-09	1.4236e-09	3.3878e-07	-3.2398e-07	-4.9577e-09	-2.8437e-09	1.309e-09	3.3062e-07	-3.2408e-07	2.3896e-09	-5.3374e-09	1.1964e-09	3.2682e-07	-3.2504e-07	9.1971e-09	-9.3755e-09	1.10178e-09	3.2444e-07	-3.252e-07
0.05	-9.48262e-08	-1.0480800000000002e-09	1.9239e-09	4.193e-07	-3.2532e-07	-5.6469e-08	-1.03537e-09	1.7325e-09	3.8086e-07	-3.2512e-07	-3.11226e-08	-1.1004e-09	1.5417e-09	3.5524e-07	-3.2452e-07	-1.5188199999999998e-08	-1.4974e-09	1.4214e-09	3.3888e-07	-3.236e-07	-4.9013e-09	-2.9186e-09	1.3305e-09	3.307e-07	-3.2414e-07	2.4977e-09	-5.4487e-09	1.1978e-09	3.2676e-07	-3.2502e-07	9.3631e-09	-9.5525e-09	1.09943e-09	3.2426e-07	-3.2518e-07
0.045	-9.48842e-08	-1.0549500000000002e-09	1.9368e-09	4.1936e-07	-3.2524e-07	-5.64918e-08	-1.04287e-09	1.71e-09	3.8096e-07	-3.252e-07	-3.111e-08	-1.1165e-09	1.5581e-09	3.5526e-07	-3.246e-07	-1.51788e-08	-1.528e-09	1.4366e-09	3.395e-07	-3.2416e-07	-4.8141e-09	-2.9981e-09	1.3312e-09	3.3058e-07	-3.2416e-07	2.6125e-09	-5.5566e-09	1.2116e-09	3.2676e-07	-3.2506e-07	9.5311e-09	-9.7402e-09	1.10929e-09	3.2416e-07	-3.2514e-07
0.04	-9.48566e-08	-1.06085e-09	1.9441e-09	4.193e-07	-3.2532e-07	-5.65054e-08	-1.0513800000000001e-09	1.7178e-09	3.8094e-07	-3.2514e-07	-3.10866e-08	-1.1342e-09	1.5668e-09	3.5524e-07	-3.245e-07	-1.51326e-08	-1.5675e-09	1.4388e-09	3.3942e-07	-3.2422e-07	-4.7279e-09	-3.0754e-09	1.3362e-09	3.307e-07	-3.241e-07	2.7055e-09	-5.6687e-09	1.2312e-09	3.2688e-07	-3.251e-07	9.7193e-09	-9.9215e-09	1.1102e-09	3.2422e-07	-3.2504e-07
0.035	-9.49286e-08	-1.07064e-09	1.9554e-09	4.1924e-07	-3.2526e-07	-5.65078e-08	-1.06184e-09	1.7211e-09	3.8098e-07	-3.2518e-07	-3.10572e-08	-1.1484e-09	1.5688e-09	3.5522e-07	-3.2448e-07	-1.5111399999999997e-08	-1.6006e-09	1.454e-09	3.394e-07	-3.2416e-07	-4.6805e-09	-3.1549e-09	1.3377e-09	3.3074e-07	-3.2418e-07	2.8144e-09	-5.7901e-09	1.2197e-09	3.2676e-07	-3.2502e-07	9.9147e-09	-1.01185e-08	1.1181e-09	3.242e-07	-3.2514e-07
0.03	-9.48164e-08	-1.08141e-09	1.9536e-09	4.1908e-07	-3.2538e-07	-5.655059999999999e-08	-1.0718000000000002e-09	1.7224e-09	3.8106e-07	-3.2524e-07	-3.10696e-08	-1.1645e-09	1.578e-09	3.5478e-07	-3.2416e-07	-1.5080799999999997e-08	-1.6399e-09	1.4596e-09	3.3948e-07	-3.2424e-07	-4.6045e-09	-3.2339999999999998e-09	1.3517e-09	3.306e-07	-3.2418e-07	2.9398e-09	-5.9098e-09	1.2277e-09	3.2682e-07	-3.2502e-07	1.00836e-08	-1.03002e-08	1.126e-09	3.242e-07	-3.2502e-07
0.025	-9.49312e-08	-1.09206e-09	1.9656e-09	4.193e-07	-3.2532e-07	-5.6563e-08	-1.08379e-09	1.7291e-09	3.8114e-07	-3.2516e-07	-3.1058e-08	-1.1773e-09	1.5968e-09	3.5464e-07	-3.2416e-07	-1.5065e-08	-1.6721e-09	1.459e-09	3.3956e-07	-3.2426e-07	-4.5326e-09	-3.3159e-09	1.3567e-09	3.3062e-07	-3.2412e-07	3.0344e-09	-6.0157e-09	1.2311e-09	3.2676e-07	-3.2496e-07	1.02918e-08	-1.05075e-08	1.135e-09	3.2414e-07	-3.2504e-07
0.02	-9.477719999999999e-08	-1.0993800000000002e-09	1.9716e-09	4.1924e-07	-3.2528e-07	-5.66068e-08	-1.09129e-09	1.7417e-09	3.8116e-07	-3.2512e-07	-3.1034799999999995e-08	-1.1938e-09	1.5816e-09	3.5408e-07	-3.2402e-07	-1.5027399999999998e-08	-1.7134e-09	1.4648e-09	3.395e-07	-3.2416e-07	-4.4376e-09	-3.3937e-09	1.3534e-09	3.3064e-07	-3.2414e-07	3.1449e-09	-6.1313e-09	1.2423e-09	3.268e-07	-3.2502e-07	1.04861e-08	-1.07072e-08	1.1399e-09	3.242e-07	-3.2518e-07
0.015	-9.48748e-08	-1.1005e-09	1.9777e-09	4.1936e-07	-3.2526e-07	-5.658e-08	-1.09766e-09	1.7459e-09	3.8108e-07	-3.2514e-07	-3.10434e-08	-1.2069e-09	1.5995e-09	3.5484e-07	-3.2408e-07	-1.4998e-08	-1.7518e-09	1.4677e-09	3.3948e-07	-3.2418e-07	-4.3797e-09	-3.4728e-09	1.3688e-09	3.3052e-07	-3.242e-07	3.256e-09	-6.2604e-09	1.2582e-09	3.2672e-07	-3.2514e-07	1.0685e-08	-1.1205e-08	1.1483e-09	3.2416e-07	-3.2508e-07
0.01	-9.50174e-08	-1.1096e-09	1.968e-09	4.1938e-07	-3.2532e-07	-5.66454e-08	-1.1028e-09	1.7501e-09	3.8106e-07	-3.2506e-07	-3.10538e-08	-1.2241e-09	1.6153e-09	3.5468e-07	-3.2406e-07	-1.4964799999999998e-08	-1.7937e-09	1.4842e-09	3.3946e-07	-3.243e-07	-4.2973e-09	-3.5593e-09	1.3876e-09	3.3066e-07	-3.2424e-07	3.383e-09	-6.3818e-09	1.2603e-09	3.2678e-07	-3.25e-07	1.11715e-08	-1.14188e-08	1.1479e-09	3.2418e-07	-3.2496e-07
0.005	-9.50556e-08	-1.1169e-09	1.9672e-09	4.1934e-07	-3.2524e-07	-5.65886e-08	-1.1133e-09	1.7488e-09	3.8122e-07	-3.2512e-07	-3.1044199999999994e-08	-1.2433e-09	1.6084e-09	3.5486e-07	-3.2418e-07	-1.49486e-08	-1.8385e-09	1.4878e-09	3.395e-07	-3.2418e-07	-4.2239e-09	-3.6428e-09	1.3832e-09	3.3068e-07	-3.2408e-07	3.4939e-09	-6.5047e-09	1.262e-09	3.2684e-07	-3.2504e-07	1.13749e-08	-1.16242e-08	1.153e-09	3.2414e-07	-3.2508e-07
0.0	-9.501119999999999e-08	-1.124e-09	1.9911e-09	4.1934e-07	-3.2556e-07	-5.66308e-08	-1.1215e-09	1.7588e-09	3.8106e-07	-3.2514e-07	-3.10444e-08	-1.2607e-09	1.6272e-09	3.5414e-07	-3.2414e-07	-1.49054e-08	-1.884e-09	1.4977e-09	3.3958e-07	-3.242e-07	-4.1601e-09	-3.727e-09	1.3873e-09	3.3064e-07	-3.242e-07	3.6137e-09	-6.6331e-09	1.2736e-09	3.2676e-07	-3.2508e-07	1.13086e-08	-1.15608e-08	1.1645e-09	3.2416e-07	-3.2512e-07
