vg	id_vd = 0.0V	ig_vd = 0.0V	is_vd = 0.0V	iavdd_vd = 0.0V	ignd_vd = 0.0V	id_vd = 0.15V	ig_vd = 0.15V	is_vd = 0.15V	iavdd_vd = 0.15V	ignd_vd = 0.15V	id_vd = 0.3V	ig_vd = 0.3V	is_vd = 0.3V	iavdd_vd = 0.3V	ignd_vd = 0.3V	id_vd = 0.45V	ig_vd = 0.45V	is_vd = 0.45V	iavdd_vd = 0.45V	ignd_vd = 0.45V	id_vd = 0.6V	ig_vd = 0.6V	is_vd = 0.6V	iavdd_vd = 0.6V	ignd_vd = 0.6V	id_vd = 0.75V	ig_vd = 0.75V	is_vd = 0.75V	iavdd_vd = 0.75V	ignd_vd = 0.75V	id_vd = 0.9V	ig_vd = 0.9V	is_vd = 0.9V	iavdd_vd = 0.9V	ignd_vd = 0.9V
-0.3	4.035e-11	-1.0766e-10	4.531e-11	3.1244e-07	-3.124e-07	4.7824e-10	-1.9365e-10	-2.8384e-10	3.1232e-07	-3.1204e-07	1.3088e-09	-3.7267e-10	-9.319e-10	3.1214e-07	-3.1214e-07	3.0603e-09	-6.9755e-10	-2.3519e-09	3.1264e-07	-3.1236e-07	6.8885e-09	-1.2125e-09	-5.6967e-09	3.1318e-07	-3.1298e-07	1.60622e-08	-1.969e-09	-1.3992199999999998e-08	3.1386e-07	-3.1384e-07	3.83782e-08	-3.0092e-09	-3.49396e-08	3.1404e-07	-3.1402e-07
-0.295	4.841e-11	-9.584e-11	4.209e-11	3.1262e-07	-3.1248e-07	4.982200000000001e-10	-1.8806e-10	-3.1894000000000004e-10	3.1234e-07	-3.1214e-07	1.3742e-09	-3.662e-10	-1.01771e-09	3.1216e-07	-3.1214e-07	3.3183e-09	-6.7854e-10	-2.5843e-09	3.1238e-07	-3.1242e-07	7.3677e-09	-1.1799e-09	-6.2004e-09	3.1292e-07	-3.131e-07	1.69858e-08	-1.9235e-09	-1.50322e-08	3.1358e-07	-3.1372e-07	4.06214e-08	-2.9564e-09	-3.7798e-08	3.141e-07	-3.1386e-07
-0.29	4.4090000000000006e-11	-9.398e-11	4.05e-11	3.1246e-07	-3.1242e-07	5.405e-10	-1.7467e-10	-3.6658e-10	3.1214e-07	-3.1204e-07	1.472e-09	-3.4583000000000004e-10	-1.13232e-09	3.1236e-07	-3.1216e-07	3.4751e-09	-6.5876e-10	-2.8273e-09	3.1248e-07	-3.1244e-07	7.9764e-09	-1.1525e-09	-6.7614e-09	3.1308e-07	-3.1306e-07	1.8475e-08	-1.8883e-09	-1.64442e-08	3.1348e-07	-3.134e-07	4.34698e-08	-2.9e-09	-4.06758e-08	3.1382e-07	-3.1386e-07
-0.285	4.3800000000000006e-11	-8.057000000000001e-11	3.445e-11	3.1264e-07	-3.1266e-07	5.8056e-10	-1.7064000000000002e-10	-4.1696e-10	3.1208e-07	-3.1226e-07	1.5972e-09	-3.4098000000000005e-10	-1.2512e-09	3.123e-07	-3.1214e-07	3.7333e-09	-6.477500000000001e-10	-3.0954e-09	3.1252e-07	-3.1254e-07	8.5137e-09	-1.1296e-09	-7.3828e-09	3.1298e-07	-3.1272e-07	1.95986e-08	-1.8458e-09	-1.7718999999999998e-08	3.136e-07	-3.1352e-07	4.672259999999999e-08	-2.8577e-09	-4.36412e-08	3.1376e-07	-3.1376e-07
-0.28	4.4520000000000005e-11	-8.314000000000001e-11	3.3370000000000003e-11	3.1256e-07	-3.1264e-07	6.3193e-10	-1.5949e-10	-4.7017e-10	3.1224e-07	-3.1228e-07	1.7225e-09	-3.2911e-10	-1.4054e-09	3.1214e-07	-3.1214e-07	4.0532e-09	-6.228600000000001e-10	-3.4353e-09	3.1256e-07	-3.123e-07	9.2105e-09	-1.098e-09	-8.081e-09	3.1288e-07	-3.128e-07	2.11194e-08	-1.8186e-09	-1.94526e-08	3.1354e-07	-3.1348e-07	5.08816e-08	-2.8121e-09	-4.77466e-08	3.1364e-07	-3.1372e-07
-0.275	3.919e-11	-7.426000000000001e-11	3.278e-11	3.126e-07	-3.1238e-07	6.8669e-10	-1.5768000000000002e-10	-5.3281e-10	3.1202e-07	-3.122e-07	1.8693e-09	-3.2277e-10	-1.5598e-09	3.121e-07	-3.1224e-07	4.4373e-09	-6.1202e-10	-3.7644e-09	3.1236e-07	-3.1226e-07	9.9628e-09	-1.0763e-09	-8.961e-09	3.1288e-07	-3.1272e-07	2.30596e-08	-1.784e-09	-2.12152e-08	3.132e-07	-3.1318e-07	5.38894e-08	-2.761e-09	-5.1172e-08	3.1358e-07	-3.1352e-07
-0.27	3.9940000000000006e-11	-7.234e-11	2.976e-11	3.1244e-07	-3.1252e-07	7.5088e-10	-1.4217e-10	-6.0686e-10	3.1212e-07	-3.1208e-07	2.0309e-09	-3.0618e-10	-1.7303e-09	3.1212e-07	-3.1212e-07	4.7511e-09	-5.9183e-10	-4.1567e-09	3.1234e-07	-3.1226e-07	1.08304e-08	-1.0481e-09	-9.7579e-09	3.1262e-07	-3.1268e-07	2.52308e-08	-1.7466e-09	-2.30158e-08	3.133e-07	-3.1334e-07	5.80426e-08	-2.7147e-09	-5.559859999999999e-08	3.1356e-07	-3.1352e-07
-0.265	3.667e-11	-6.758e-11	2.566e-11	3.125e-07	-3.1228e-07	8.252000000000001e-10	-1.4245e-10	-6.8041e-10	3.122e-07	-3.1226e-07	2.2276e-09	-2.9348e-10	-1.9309e-09	3.1224e-07	-3.1226e-07	5.1611e-09	-5.7831e-10	-4.59e-09	3.124e-07	-3.1236e-07	1.18076e-08	-1.0265e-09	-1.07347e-08	3.1264e-07	-3.1262e-07	2.68736e-08	-1.7168e-09	-2.526e-08	3.1324e-07	-3.1308e-07	6.26934e-08	-2.6752e-09	-5.974439999999999e-08	3.1354e-07	-3.1364e-07
-0.26	3.7640000000000005e-11	-6.484e-11	2.692e-11	3.1232e-07	-3.1238e-07	9.0591e-10	-1.3700000000000002e-10	-7.7002e-10	3.1228e-07	-3.122e-07	2.4265e-09	-2.8880000000000003e-10	-2.1455e-09	3.1224e-07	-3.1218e-07	5.6695e-09	-5.562e-10	-5.1006e-09	3.124e-07	-3.1232e-07	1.28734e-08	-1.009e-09	-1.18546e-08	3.1282e-07	-3.127e-07	2.94272e-08	-1.6848e-09	-2.75408e-08	3.1326e-07	-3.1314e-07	6.78102e-08	-2.6255e-09	-6.52276e-08	3.1346e-07	-3.134e-07
-0.255	3.3520000000000004e-11	-6.466e-11	2.6e-11	3.1254e-07	-3.125e-07	1.0017000000000002e-09	-1.2759000000000002e-10	-8.727e-10	3.1224e-07	-3.1206e-07	2.7355e-09	-2.7726000000000003e-10	-2.414e-09	3.1238e-07	-3.123e-07	6.2142e-09	-5.4409e-10	-5.6549e-09	3.1254e-07	-3.123e-07	1.4068199999999998e-08	-9.7927e-10	-1.3077999999999998e-08	3.1254e-07	-3.125e-07	3.18466e-08	-1.6485e-09	-3.01354e-08	3.1298e-07	-3.1298e-07	7.361619999999999e-08	-2.5872e-09	-7.102299999999999e-08	3.1358e-07	-3.135e-07
-0.25	3.288e-11	-5.4460000000000005e-11	1.999e-11	3.1232e-07	-3.1224e-07	1.1117e-09	-1.2623e-10	-9.8538e-10	3.1212e-07	-3.1224e-07	2.9567e-09	-2.6987e-10	-2.7193e-09	3.1218e-07	-3.1226e-07	6.8629e-09	-5.2976e-10	-6.3283e-09	3.1248e-07	-3.1234e-07	1.5925e-08	-9.631e-10	-1.4720599999999998e-08	3.1274e-07	-3.1262e-07	3.4808e-08	-1.6215e-09	-3.32492e-08	3.1318e-07	-3.129e-07	7.988159999999999e-08	-2.5428e-09	-7.74302e-08	3.1324e-07	-3.1326e-07
-0.245	3.692e-11	-5.855000000000001e-11	2.054e-11	3.1258e-07	-3.1236e-07	1.2281e-09	-1.1593e-10	-1.1094e-09	3.1202e-07	-3.1202e-07	3.2458e-09	-2.5554000000000003e-10	-2.992e-09	3.1224e-07	-3.1214e-07	7.5166e-09	-5.1455e-10	-7.0345e-09	3.1228e-07	-3.1246e-07	1.6881599999999997e-08	-9.3816e-10	-1.59034e-08	3.127e-07	-3.1272e-07	3.80672e-08	-1.5908e-09	-3.67384e-08	3.13e-07	-3.1292e-07	8.649739999999998e-08	-2.5004999999999998e-09	-8.488239999999999e-08	3.1322e-07	-3.1326e-07
-0.24	3.0500000000000005e-11	-5.1920000000000007e-11	1.906e-11	3.1238e-07	-3.1228e-07	1.3715999999999999e-09	-1.1826e-10	-1.2663e-09	3.1222e-07	-3.1214e-07	3.5942e-09	-2.5626e-10	-3.3421e-09	3.1216e-07	-3.121e-07	8.2574e-09	-5.0072e-10	-7.7506e-09	3.1222e-07	-3.1244e-07	1.84082e-08	-9.157e-10	-1.76628e-08	3.1256e-07	-3.1272e-07	4.2073e-08	-1.557e-09	-4.00896e-08	3.1306e-07	-3.1282e-07	9.43022e-08	-2.454e-09	-9.21456e-08	3.1334e-07	-3.1318e-07
-0.235	3.202e-11	-5.011e-11	1.5030000000000002e-11	3.125e-07	-3.125e-07	1.5416e-09	-1.1073000000000001e-10	-1.4265e-09	3.121e-07	-3.1208e-07	4.0098e-09	-2.4239000000000003e-10	-3.7803e-09	3.1206e-07	-3.1224e-07	9.1266e-09	-4.896500000000001e-10	-8.6149e-09	3.1228e-07	-3.1224e-07	2.04966e-08	-8.9537e-10	-1.9531e-08	3.1246e-07	-3.1252e-07	4.5865e-08	-1.5309e-09	-4.43916e-08	3.1286e-07	-3.1298e-07	1.028394e-07	-2.4195e-09	-1.007418e-07	3.1318e-07	-3.1316e-07
-0.23	3.0570000000000004e-11	-4.451e-11	1.037e-11	3.1256e-07	-3.1248e-07	1.7214e-09	-1.0896e-10	-1.6183e-09	3.1206e-07	-3.1208e-07	4.461e-09	-2.3485e-10	-4.2358e-09	3.12e-07	-3.1202e-07	1.01929e-08	-4.8093e-10	-9.6261e-09	3.1224e-07	-3.1224e-07	2.27936e-08	-8.7898e-10	-2.18494e-08	3.1252e-07	-3.1272e-07	5.022299999999999e-08	-1.4982e-09	-4.8269e-08	3.1284e-07	-3.1284e-07	1.124782e-07	-2.3762e-09	-1.1008499999999998e-07	3.1316e-07	-3.133e-07
-0.225	3.3380000000000005e-11	-4.53e-11	8.470000000000002e-12	3.1234e-07	-3.123e-07	1.9281e-09	-9.598e-11	-1.8277e-09	3.1206e-07	-3.1204e-07	4.9449e-09	-2.2361e-10	-4.7243e-09	3.1222e-07	-3.1222e-07	1.14119e-08	-4.6332000000000006e-10	-1.08376e-08	3.1226e-07	-3.1226e-07	2.51554e-08	-8.556e-10	-2.4336e-08	3.1268e-07	-3.1242e-07	5.51844e-08	-1.4707e-09	-5.38296e-08	3.1306e-07	-3.1278e-07	1.2244e-07	-2.3393e-09	-1.2018e-07	3.1328e-07	-3.1326e-07
-0.22	3.071e-11	-4.5400000000000006e-11	6.220000000000001e-12	3.123e-07	-3.123e-07	2.1673e-09	-9.722e-11	-2.0781e-09	3.1228e-07	-3.1214e-07	5.5673e-09	-2.2034e-10	-5.3426e-09	3.121e-07	-3.1212e-07	1.25256e-08	-4.4802e-10	-1.2133e-08	3.122e-07	-3.1224e-07	2.77064e-08	-8.4079e-10	-2.6771e-08	3.1252e-07	-3.126e-07	6.144199999999999e-08	-1.4417e-09	-5.97768e-08	3.128e-07	-3.129e-07	1.3422e-07	-2.2978e-09	-1.3198e-07	3.1304e-07	-3.1322e-07
-0.215	3.423e-11	-3.652e-11	-8.400000000000001e-13	3.1232e-07	-3.123e-07	2.433e-09	-9.068e-11	-2.3394e-09	3.1204e-07	-3.1212e-07	6.2154e-09	-2.1258e-10	-5.9465e-09	3.1224e-07	-3.1214e-07	1.3949799999999998e-08	-4.3392e-10	-1.35694e-08	3.1216e-07	-3.1208e-07	3.07202e-08	-8.2061e-10	-2.99206e-08	3.1256e-07	-3.124e-07	6.712159999999999e-08	-1.4194e-09	-6.59844e-08	3.1296e-07	-3.1268e-07	1.4852e-07	-2.2623e-09	-1.4512e-07	3.1322e-07	-3.1324e-07
-0.21	3.9280000000000005e-11	-4.131e-11	-4.74e-12	3.1238e-07	-3.123e-07	2.7408e-09	-8.757e-11	-2.6514e-09	3.1204e-07	-3.1206e-07	6.9679e-09	-2.0263000000000003e-10	-6.7218e-09	3.1222e-07	-3.1206e-07	1.5526e-08	-4.2179000000000005e-10	-1.5138999999999997e-08	3.1234e-07	-3.1238e-07	3.3904799999999994e-08	-8.0193e-10	-3.3337199999999994e-08	3.1246e-07	-3.1258e-07	7.438359999999999e-08	-1.3844e-09	-7.3189e-08	3.1292e-07	-3.128e-07	1.61e-07	-2.2167e-09	-1.5844e-07	3.132e-07	-3.1296e-07
-0.205	3.9460000000000005e-11	-3.789e-11	-6.220000000000001e-12	3.1224e-07	-3.122e-07	3.0851e-09	-7.949e-11	-3.0068e-09	3.121e-07	-3.1208e-07	7.7981e-09	-1.9928e-10	-7.5956e-09	3.1226e-07	-3.1222e-07	1.7461999999999998e-08	-4.1062e-10	-1.6987e-08	3.122e-07	-3.122e-07	3.7961e-08	-7.8231e-10	-3.72072e-08	3.1242e-07	-3.1262e-07	8.20714e-08	-1.3633e-09	-8.08286e-08	3.1288e-07	-3.1286e-07	1.7764e-07	-2.1788e-09	-1.7448e-07	3.1306e-07	-3.1302e-07
-0.2	4.301e-11	-3.642e-11	-1.152e-11	3.124e-07	-3.1224e-07	3.4804e-09	-8.076e-11	-3.3977e-09	3.121e-07	-3.1208e-07	8.7688e-09	-1.9256e-10	-8.5519e-09	3.1228e-07	-3.1226e-07	1.93368e-08	-4.0076e-10	-1.89316e-08	3.122e-07	-3.1224e-07	4.2067e-08	-7.6713e-10	-4.13676e-08	3.126e-07	-3.1244e-07	9.02588e-08	-1.3322e-09	-8.9015e-08	3.1272e-07	-3.1268e-07	1.9532e-07	-2.1448e-09	-1.9234e-07	3.1316e-07	-3.13e-07
-0.195	4.717e-11	-3.1850000000000005e-11	-2.194e-11	3.1252e-07	-3.1236e-07	3.9282e-09	-8.028e-11	-3.8562e-09	3.1206e-07	-3.1202e-07	9.8173e-09	-1.871e-10	-9.6543e-09	3.1232e-07	-3.1232e-07	2.17134e-08	-3.8949e-10	-2.1696e-08	3.122e-07	-3.1218e-07	4.6787599999999993e-08	-7.4866e-10	-4.58144e-08	3.1238e-07	-3.1256e-07	9.9818e-08	-1.3082e-09	-9.78192e-08	3.127e-07	-3.1268e-07	2.1458e-07	-2.1081e-09	-2.127e-07	3.1318e-07	-3.1296e-07
-0.19	5.602e-11	-3.256e-11	-2.4850000000000003e-11	3.125e-07	-3.1224e-07	4.4492e-09	-7.423000000000001e-11	-4.3762e-09	3.1214e-07	-3.1202e-07	1.10978e-08	-1.7377e-10	-1.08976e-08	3.1224e-07	-3.1202e-07	2.42918e-08	-3.818e-10	-2.40308e-08	3.122e-07	-3.123e-07	5.24146e-08	-7.3246e-10	-5.110719999999999e-08	3.1258e-07	-3.1248e-07	1.11353e-07	-1.2804e-09	-1.102786e-07	3.1286e-07	-3.127e-07	2.3788e-07	-2.0785e-09	-2.3322e-07	3.1304e-07	-3.1312e-07
-0.185	5.4130000000000005e-11	-3.1890000000000006e-11	-3.322e-11	3.1232e-07	-3.1224e-07	5.0278e-09	-7.139000000000001e-11	-4.9603e-09	3.1208e-07	-3.1198e-07	1.24106e-08	-1.7399e-10	-1.22848e-08	3.1216e-07	-3.122e-07	2.71684e-08	-3.6975e-10	-2.69276e-08	3.1224e-07	-3.1236e-07	5.773239999999999e-08	-7.169000000000001e-10	-5.70228e-08	3.1238e-07	-3.1226e-07	1.2288e-07	-1.2588e-09	-1.2146e-07	3.1264e-07	-3.1266e-07	2.57e-07	-2.0398e-09	-2.555e-07	3.13e-07	-3.1302e-07
-0.18	6.054e-11	-2.302e-11	-4.6710000000000006e-11	3.1234e-07	-3.1226e-07	5.719e-09	-6.791e-11	-5.6338e-09	3.121e-07	-3.1202e-07	1.39886e-08	-1.6141e-10	-1.38076e-08	3.1208e-07	-3.1208e-07	3.0374e-08	-3.6275e-10	-3.0022599999999995e-08	3.1214e-07	-3.1214e-07	6.461039999999999e-08	-6.991800000000001e-10	-6.372099999999999e-08	3.1262e-07	-3.1238e-07	1.3598e-07	-1.2368e-09	-1.3508e-07	3.1268e-07	-3.1268e-07	2.8666e-07	-2.0018e-09	-2.8754e-07	3.1314e-07	-3.129e-07
-0.175	7.455e-11	-2.834e-11	-5.037e-11	3.1248e-07	-3.1242e-07	6.4554e-09	-6.812e-11	-6.3887e-09	3.1206e-07	-3.1198e-07	1.58172e-08	-1.5685e-10	-1.55728e-08	3.1224e-07	-3.1198e-07	3.42448e-08	-3.5257e-10	-3.3717199999999994e-08	3.1228e-07	-3.123e-07	7.19746e-08	-6.8124e-10	-7.146879999999999e-08	3.1262e-07	-3.1256e-07	1.5098e-07	-1.2106e-09	-1.4966e-07	3.128e-07	-3.1272e-07	3.172e-07	-1.9674e-09	-3.1474e-07	3.1306e-07	-3.1296e-07
-0.17	7.968e-11	-2.346e-11	-6.056000000000001e-11	3.1248e-07	-3.1246e-07	7.3559e-09	-5.869e-11	-7.2964e-09	3.1226e-07	-3.1224e-07	1.7781e-08	-1.5191000000000002e-10	-1.76292e-08	3.1206e-07	-3.122e-07	3.86236e-08	-3.4600000000000005e-10	-3.81382e-08	3.1234e-07	-3.1226e-07	8.05222e-08	-6.675e-10	-7.962019999999999e-08	3.1252e-07	-3.1242e-07	1.6791999999999998e-07	-1.1853e-09	-1.6749999999999998e-07	3.1262e-07	-3.1274e-07	3.5496e-07	-1.9304e-09	-3.5452e-07	3.1296e-07	-3.1284e-07
-0.165	9.253e-11	-2.3410000000000003e-11	-7.082000000000001e-11	3.1232e-07	-3.1236e-07	8.3319e-09	-5.776e-11	-8.2625e-09	3.121e-07	-3.1206e-07	2.00352e-08	-1.4715e-10	-1.98736e-08	3.121e-07	-3.1208e-07	4.30122e-08	-3.3297000000000004e-10	-4.26882e-08	3.1216e-07	-3.1214e-07	9.005779999999999e-08	-6.531400000000001e-10	-8.972919999999998e-08	3.1248e-07	-3.1244e-07	1.8884e-07	-1.1614e-09	-1.8774e-07	3.1276e-07	-3.128e-07	3.8836e-07	-1.9045e-09	-3.857e-07	3.1288e-07	-3.1284e-07
-0.16	1.0512e-10	-1.956e-11	-8.265e-11	3.1234e-07	-3.124e-07	9.4406e-09	-5.477e-11	-9.364e-09	3.1204e-07	-3.1202e-07	2.27208e-08	-1.4096000000000002e-10	-2.25452e-08	3.1218e-07	-3.1206e-07	4.84552e-08	-3.2449000000000003e-10	-4.81776e-08	3.1216e-07	-3.1216e-07	1.015322e-07	-6.371e-10	-1.001612e-07	3.1248e-07	-3.1248e-07	2.0848e-07	-1.1344e-09	-2.0746e-07	3.1272e-07	-3.1256e-07	4.3298e-07	-1.8712e-09	-4.2958e-07	3.1288e-07	-3.1292e-07
-0.155	1.2212e-10	-2.213e-11	-9.231e-11	3.1224e-07	-3.1218e-07	1.07048e-08	-5.3110000000000005e-11	-1.06771e-08	3.1228e-07	-3.1226e-07	2.55022e-08	-1.3993e-10	-2.551e-08	3.1228e-07	-3.1222e-07	5.503099999999999e-08	-3.1444e-10	-5.4077e-08	3.1234e-07	-3.1212e-07	1.12974e-07	-6.2388e-10	-1.12776e-07	3.1238e-07	-3.1234e-07	2.3316e-07	-1.116e-09	-2.3184e-07	3.1256e-07	-3.1262e-07	4.7268e-07	-1.8337e-09	-4.7006e-07	3.1276e-07	-3.1278e-07
-0.15	1.261e-10	-2.014e-11	-1.0506e-10	3.1228e-07	-3.1244e-07	1.2196e-08	-5.037e-11	-1.2144799999999998e-08	3.1212e-07	-3.1226e-07	2.9073e-08	-1.3294e-10	-2.8947e-08	3.1206e-07	-3.1226e-07	6.2218e-08	-3.0551e-10	-6.190679999999999e-08	3.1218e-07	-3.1214e-07	1.2752e-07	-6.083600000000001e-10	-1.2568e-07	3.123e-07	-3.124e-07	2.5852e-07	-1.0923e-09	-2.5772e-07	3.126e-07	-3.1254e-07	5.2108e-07	-1.8056e-09	-5.2192e-07	3.1302e-07	-3.1276e-07
-0.145	1.5e-10	-1.3090000000000002e-11	-1.2178000000000002e-10	3.125e-07	-3.125e-07	1.3851e-08	-4.92e-11	-1.37958e-08	3.121e-07	-3.122e-07	3.28502e-08	-1.3055e-10	-3.28e-08	3.1212e-07	-3.1224e-07	6.929e-08	-2.9531000000000004e-10	-6.930239999999999e-08	3.1238e-07	-3.1232e-07	1.4238e-07	-5.9451e-10	-1.4212e-07	3.1224e-07	-3.1214e-07	2.91e-07	-1.0745e-09	-2.912e-07	3.125e-07	-3.1272e-07	5.8586e-07	-1.7718e-09	-5.8004e-07	3.1282e-07	-3.1276e-07
-0.14	1.6052e-10	-1.719e-11	-1.4445e-10	3.125e-07	-3.1248e-07	1.5749799999999998e-08	-4.7400000000000006e-11	-1.5696799999999997e-08	3.121e-07	-3.1222e-07	3.72168e-08	-1.233e-10	-3.71568e-08	3.1214e-07	-3.1204e-07	7.8121e-08	-2.8936e-10	-7.77486e-08	3.122e-07	-3.124e-07	1.5934e-07	-5.761700000000001e-10	-1.5952e-07	3.124e-07	-3.123e-07	3.2168e-07	-1.0543e-09	-3.2088e-07	3.1248e-07	-3.1252e-07	6.455e-07	-1.7399e-09	-6.4184e-07	3.1296e-07	-3.1274e-07
-0.135	1.7342e-10	-1.312e-11	-1.5972000000000002e-10	3.1228e-07	-3.1228e-07	1.7889599999999998e-08	-4.392e-11	-1.7859599999999997e-08	3.122e-07	-3.1212e-07	4.21266e-08	-1.2192e-10	-4.20556e-08	3.1224e-07	-3.12e-07	8.80354e-08	-2.7740000000000005e-10	-8.804619999999999e-08	3.1212e-07	-3.1232e-07	1.7816e-07	-5.6675e-10	-1.775e-07	3.1236e-07	-3.1244e-07	3.5992e-07	-1.029e-09	-3.5822e-07	3.1252e-07	-3.1272e-07	7.1736e-07	-1.7143e-09	-7.1522e-07	3.1298e-07	-3.1294e-07
-0.13	1.9814000000000003e-10	-1.1360000000000002e-11	-1.8573e-10	3.122e-07	-3.1218e-07	2.03774e-08	-4.257e-11	-2.02728e-08	3.1228e-07	-3.1202e-07	4.775939999999999e-08	-1.1384e-10	-4.7604e-08	3.1198e-07	-3.1202e-07	9.913579999999998e-08	-2.6972000000000003e-10	-9.89734e-08	3.123e-07	-3.1212e-07	2.0118e-07	-5.4678e-10	-1.9928e-07	3.122e-07	-3.1222e-07	4.0182e-07	-1.0114e-09	-4.0244e-07	3.1256e-07	-3.1252e-07	8.0354e-07	-1.68e-09	-7.9194e-07	3.1288e-07	-3.1286e-07
-0.125	2.1642e-10	-9.76e-12	-2.1215e-10	3.1228e-07	-3.1224e-07	2.31218e-08	-4.022e-11	-2.31084e-08	3.1198e-07	-3.122e-07	5.403679999999999e-08	-1.1247e-10	-5.38746e-08	3.1228e-07	-3.1226e-07	1.116242e-07	-2.636e-10	-1.116042e-07	3.1214e-07	-3.123e-07	2.2552e-07	-5.3376e-10	-2.2276e-07	3.1226e-07	-3.1224e-07	4.4934e-07	-9.915e-10	-4.5312e-07	3.1246e-07	-3.1242e-07	8.9252e-07	-1.6568e-09	-8.8746e-07	3.1292e-07	-3.1296e-07
-0.12	2.5895e-10	-1.3190000000000002e-11	-2.4301e-10	3.1232e-07	-3.1224e-07	2.6316e-08	-3.681e-11	-2.63062e-08	3.121e-07	-3.1206e-07	6.09546e-08	-1.0821e-10	-6.08484e-08	3.121e-07	-3.1222e-07	1.2656e-07	-2.5321e-10	-1.2624e-07	3.1216e-07	-3.1214e-07	2.5534e-07	-5.2503e-10	-2.5256e-07	3.1222e-07	-3.1224e-07	5.0242e-07	-9.6639e-10	-5.012e-07	3.1268e-07	-3.1272e-07	9.9616e-07	-1.6243e-09	-9.8252e-07	3.13e-07	-3.1276e-07
-0.115	2.8637e-10	-1.025e-11	-2.7961000000000003e-10	3.122e-07	-3.1224e-07	2.9948e-08	-3.3590000000000004e-11	-2.99098e-08	3.1226e-07	-3.1228e-07	6.905859999999999e-08	-1.0384e-10	-6.9302e-08	3.1202e-07	-3.122e-07	1.4264e-07	-2.5328000000000003e-10	-1.435e-07	3.1234e-07	-3.1214e-07	2.8432e-07	-5.0935e-10	-2.838e-07	3.1228e-07	-3.1218e-07	5.6224e-07	-9.522e-10	-5.6052e-07	3.1248e-07	-3.1242e-07	1.09298e-06	-1.5858e-09	-1.08848e-06	3.1292e-07	-3.1266e-07
-0.11	3.4813e-10	-7.1400000000000015e-12	-3.0808000000000004e-10	3.1244e-07	-3.1234e-07	3.41056e-08	-3.448e-11	-3.40428e-08	3.1208e-07	-3.1206e-07	7.85766e-08	-9.776e-11	-7.84142e-08	3.1214e-07	-3.12e-07	1.622e-07	-2.3942000000000004e-10	-1.6212e-07	3.121e-07	-3.1208e-07	3.2282e-07	-5.0019e-10	-3.2242e-07	3.1218e-07	-3.1236e-07	6.3906e-07	-9.2514e-10	-6.2752e-07	3.1268e-07	-3.1266e-07	1.2216e-06	-1.5624e-09	-1.2185e-06	3.1286e-07	-3.1284e-07
-0.105	3.8281000000000005e-10	-1.111e-11	-3.5490000000000004e-10	3.1244e-07	-3.1224e-07	3.87326e-08	-2.8780000000000003e-11	-3.8713e-08	3.1224e-07	-3.1204e-07	8.944979999999999e-08	-9.852e-11	-8.88356e-08	3.123e-07	-3.1212e-07	1.8318e-07	-2.3440000000000004e-10	-1.8218e-07	3.122e-07	-3.1208e-07	3.6054e-07	-4.882900000000001e-10	-3.617e-07	3.1234e-07	-3.1218e-07	7.0588e-07	-9.0521e-10	-7.0774e-07	3.1244e-07	-3.126e-07	1.3585000000000002e-06	-1.5307e-09	-1.368e-06	3.1268e-07	-3.1274e-07
-0.1	4.1437e-10	-8.66e-12	-4.5464000000000005e-10	3.123e-07	-3.1218e-07	4.42432e-08	-2.837e-11	-4.41406e-08	3.1214e-07	-3.1202e-07	1.011978e-07	-8.997e-11	-1.016394e-07	3.1206e-07	-3.12e-07	2.0792e-07	-2.2802000000000003e-10	-2.0768e-07	3.1228e-07	-3.1208e-07	4.0696e-07	-4.731500000000001e-10	-4.084e-07	3.124e-07	-3.1216e-07	7.9228e-07	-8.9274e-10	-7.8926e-07	3.1244e-07	-3.1244e-07	1.5253000000000002e-06	-1.5083e-09	-1.5222000000000002e-06	3.1276e-07	-3.1274e-07
-0.095	4.8796e-10	-5.4000000000000004e-12	-4.7886e-10	3.1242e-07	-3.1236e-07	5.0296199999999993e-08	-2.784e-11	-5.01526e-08	3.1206e-07	-3.1208e-07	1.1512e-07	-9.224000000000001e-11	-1.1522e-07	3.1204e-07	-3.12e-07	2.3366e-07	-2.1399000000000003e-10	-2.3356e-07	3.1234e-07	-3.1212e-07	4.5842e-07	-4.6051000000000005e-10	-4.5612e-07	3.1214e-07	-3.1238e-07	8.900799999999999e-07	-8.6814e-10	-8.8522e-07	3.1268e-07	-3.1268e-07	1.6877000000000002e-06	-1.481e-09	-1.6832000000000005e-06	3.1266e-07	-3.1258e-07
-0.09	5.5073e-10	-4.94e-12	-5.352600000000001e-10	3.122e-07	-3.1242e-07	5.72994e-08	-2.58e-11	-5.722319999999999e-08	3.1206e-07	-3.1212e-07	1.3058e-07	-8.614000000000001e-11	-1.3058e-07	3.122e-07	-3.119e-07	2.6466e-07	-2.1227e-10	-2.6416e-07	3.1212e-07	-3.1208e-07	5.1466e-07	-4.4803000000000005e-10	-5.1278e-07	3.1216e-07	-3.1218e-07	1.00102e-06	-8.5499e-10	-9.907e-07	3.1268e-07	-3.1236e-07	1.8884e-06	-1.4485e-09	-1.8749000000000005e-06	3.1268e-07	-3.1264e-07
-0.085	6.2601e-10	-8.31e-12	-6.013000000000001e-10	3.1238e-07	-3.1224e-07	6.53238e-08	-2.192e-11	-6.52114e-08	3.1202e-07	-3.1202e-07	1.4804e-07	-8.31e-11	-1.4762e-07	3.1216e-07	-3.1208e-07	2.9796e-07	-2.0721000000000003e-10	-2.9776e-07	3.1216e-07	-3.1206e-07	5.8072e-07	-4.3661000000000006e-10	-5.7974e-07	3.1222e-07	-3.1218e-07	1.11056e-06	-8.3884e-10	-1.11156e-06	3.126e-07	-3.1242e-07	2.109e-06	-1.431e-09	-2.0918e-06	3.1286e-07	-3.128e-07
-0.08	7.2619e-10	-3.7e-12	-6.755e-10	3.1244e-07	-3.1238e-07	7.446119999999999e-08	-2.5030000000000003e-11	-7.43034e-08	3.123e-07	-3.1206e-07	1.6917999999999998e-07	-7.72e-11	-1.687e-07	3.1198e-07	-3.1214e-07	3.3868e-07	-1.9951e-10	-3.3972e-07	3.1228e-07	-3.1226e-07	6.516e-07	-4.2706e-10	-6.5416e-07	3.1224e-07	-3.1218e-07	1.2544000000000002e-06	-8.146400000000001e-10	-1.2501e-06	3.1268e-07	-3.1262e-07	2.3435e-06	-1.3963e-09	-2.3466e-06	3.1278e-07	-3.128e-07
-0.075	8.0382e-10	-4.98e-12	-8.1785e-10	3.1228e-07	-3.1218e-07	8.512419999999999e-08	-1.7580000000000002e-11	-8.516319999999999e-08	3.1206e-07	-3.1212e-07	1.9274e-07	-6.864000000000001e-11	-1.9168e-07	3.1216e-07	-3.1202e-07	3.8142e-07	-1.9581e-10	-3.8234e-07	3.121e-07	-3.1216e-07	7.3698e-07	-4.2213e-10	-7.4014e-07	3.1226e-07	-3.1246e-07	1.4075e-06	-7.969700000000001e-10	-1.4027e-06	3.1246e-07	-3.126e-07	2.6163000000000003e-06	-1.3708e-09	-2.6167000000000003e-06	3.128e-07	-3.1264e-07
-0.07	9.2603e-10	-6.65e-12	-9.7017e-10	3.1228e-07	-3.122e-07	9.67096e-08	-1.887e-11	-9.65678e-08	3.1214e-07	-3.1202e-07	2.1894e-07	-7.304e-11	-2.1826e-07	3.1222e-07	-3.1224e-07	4.355e-07	-1.8664e-10	-4.3554e-07	3.121e-07	-3.1224e-07	8.3282e-07	-4.083e-10	-8.2858e-07	3.1218e-07	-3.1224e-07	1.5779000000000002e-06	-7.884000000000001e-10	-1.5761000000000005e-06	3.1238e-07	-3.1256e-07	2.9237000000000005e-06	-1.3543e-09	-2.9165000000000004e-06	3.1282e-07	-3.126e-07
-0.065	1.07135e-09	-8.46e-12	-1.0944600000000002e-09	3.124e-07	-3.1218e-07	1.1007160000000001e-07	-1.9660000000000003e-11	-1.1015499999999998e-07	3.1228e-07	-3.1226e-07	2.4614e-07	-6.905000000000001e-11	-2.4572e-07	3.1204e-07	-3.1194e-07	4.8976e-07	-1.7903e-10	-4.9204e-07	3.1214e-07	-3.121e-07	9.3564e-07	-3.9568e-10	-9.3636e-07	3.124e-07	-3.1214e-07	1.7796e-06	-7.6536e-10	-1.7649000000000005e-06	3.1252e-07	-3.123e-07	3.2504000000000003e-06	-1.3209e-09	-3.2541000000000003e-06	3.126e-07	-3.1276e-07
-0.06	1.3203e-09	-7.11e-12	-1.2183e-09	3.1222e-07	-3.123e-07	1.2564e-07	-1.7360000000000002e-11	-1.257e-07	3.1206e-07	-3.1226e-07	2.8198e-07	-6.647e-11	-2.819e-07	3.1208e-07	-3.1192e-07	5.5924e-07	-1.7554000000000002e-10	-5.6004e-07	3.1208e-07	-3.1226e-07	1.07248e-06	-3.8679e-10	-1.05572e-06	3.1232e-07	-3.1222e-07	1.9968e-06	-7.5131e-10	-1.9851000000000003e-06	3.1246e-07	-3.1242e-07	3.6532e-06	-1.2997e-09	-3.635e-06	3.1268e-07	-3.1262e-07
-0.055	1.4864e-09	-6.19e-12	-1.3819e-09	3.1226e-07	-3.1226e-07	1.427e-07	-2.207e-11	-1.4292e-07	3.1214e-07	-3.1222e-07	3.2126e-07	-6.948e-11	-3.2124e-07	3.1204e-07	-3.1202e-07	6.3082e-07	-1.7035e-10	-6.2964e-07	3.1228e-07	-3.1204e-07	1.2000000000000002e-06	-3.7322e-10	-1.2157e-06	3.124e-07	-3.122e-07	2.2247e-06	-7.355600000000001e-10	-2.2267e-06	3.1238e-07	-3.1236e-07	4.0898e-06	-1.2789e-09	-4.086e-06	3.127e-07	-3.1256e-07
-0.05	1.5897e-09	-3.2000000000000005e-13	-1.6779e-09	3.124e-07	-3.122e-07	1.6314e-07	-1.397e-11	-1.6324e-07	3.1222e-07	-3.1222e-07	3.6344e-07	-5.678e-11	-3.619e-07	3.1196e-07	-3.1196e-07	7.1718e-07	-1.6308000000000002e-10	-7.1368e-07	3.121e-07	-3.1212e-07	1.3497000000000002e-06	-3.7078e-10	-1.3514e-06	3.122e-07	-3.1246e-07	2.5128000000000003e-06	-7.1533e-10	-2.5080000000000004e-06	3.1256e-07	-3.1254e-07	4.5581000000000005e-06	-1.2479e-09	-4.587200000000001e-06	3.128e-07	-3.1254e-07
-0.045	1.8442e-09	-1.3e-13	-1.8513e-09	3.1244e-07	-3.1234e-07	1.8682e-07	-1.0740000000000001e-11	-1.8588e-07	3.123e-07	-3.1232e-07	4.1408e-07	-5.492e-11	-4.1406e-07	3.123e-07	-3.1224e-07	8.084799999999999e-07	-1.5928000000000002e-10	-8.0798e-07	3.121e-07	-3.1218e-07	1.5187000000000002e-06	-3.5666000000000004e-10	-1.521e-06	3.1242e-07	-3.1238e-07	2.8317000000000003e-06	-7.032200000000001e-10	-2.8184000000000004e-06	3.1258e-07	-3.1262e-07	5.1425e-06	-1.2288e-09	-5.093200000000001e-06	3.1274e-07	-3.1262e-07
-0.04	2.1238e-09	-9.4e-13	-2.1198e-09	3.122e-07	-3.1224e-07	2.1148e-07	-1.8620000000000003e-11	-2.1188e-07	3.1232e-07	-3.1232e-07	4.7248e-07	-5.641e-11	-4.6844e-07	3.1216e-07	-3.1222e-07	9.1848e-07	-1.562e-10	-9.164e-07	3.1228e-07	-3.1224e-07	1.732e-06	-3.4416000000000003e-10	-1.7234e-06	3.1244e-07	-3.1238e-07	3.2055000000000005e-06	-6.828500000000001e-10	-3.1635000000000003e-06	3.1238e-07	-3.1256e-07	5.714900000000001e-06	-1.2031e-09	-5.7012000000000006e-06	3.126e-07	-3.1276e-07
-0.035	2.5296e-09	-2.9400000000000004e-12	-2.4355e-09	3.1214e-07	-3.1238e-07	2.4144e-07	-8.890000000000003e-12	-2.4186e-07	3.12e-07	-3.121e-07	5.338e-07	-4.797e-11	-5.3426e-07	3.1218e-07	-3.1218e-07	1.04754e-06	-1.4537e-10	-1.04502e-06	3.1214e-07	-3.1218e-07	1.9424e-06	-3.4222000000000003e-10	-1.9374000000000003e-06	3.1238e-07	-3.1218e-07	3.5682000000000004e-06	-6.683500000000001e-10	-3.566e-06	3.1256e-07	-3.1254e-07	6.386900000000001e-06	-1.1829e-09	-6.4227e-06	3.1276e-07	-3.1254e-07
-0.03	2.7661e-09	-2.77e-12	-2.7726e-09	3.122e-07	-3.1212e-07	2.772e-07	-1.331e-11	-2.7622e-07	3.1216e-07	-3.1206e-07	6.0418e-07	-5.5040000000000005e-11	-6.0528e-07	3.1224e-07	-3.1214e-07	1.184e-06	-1.4731e-10	-1.1845e-06	3.1224e-07	-3.1218e-07	2.2029e-06	-3.2447e-10	-2.1905e-06	3.1228e-07	-3.121e-07	4.0173000000000005e-06	-6.5394e-10	-4.0091e-06	3.1246e-07	-3.124e-07	7.153400000000001e-06	-1.1584e-09	-7.219500000000002e-06	3.1268e-07	-3.1266e-07
-0.025	3.2073e-09	3.7000000000000004e-13	-3.0957e-09	3.1218e-07	-3.1214e-07	3.1392e-07	-1.655e-11	-3.1416e-07	3.121e-07	-3.123e-07	6.9936e-07	-5.382e-11	-6.964e-07	3.122e-07	-3.1214e-07	1.3440000000000002e-06	-1.3852e-10	-1.3377e-06	3.1224e-07	-3.1226e-07	2.4914000000000004e-06	-3.1811e-10	-2.4903e-06	3.1224e-07	-3.1214e-07	4.5438e-06	-6.387700000000001e-10	-4.5500000000000005e-06	3.1234e-07	-3.1254e-07	8.0252e-06	-1.1367e-09	-8.0075e-06	3.1282e-07	-3.126e-07
-0.02	3.7057e-09	-6.740000000000001e-12	-3.6549e-09	3.122e-07	-3.1218e-07	3.6014e-07	-7.680000000000001e-12	-3.5928e-07	3.122e-07	-3.1212e-07	7.8496e-07	-4.287e-11	-7.8864e-07	3.12e-07	-3.1222e-07	1.5185000000000002e-06	-1.35e-10	-1.5304000000000002e-06	3.1234e-07	-3.1208e-07	2.798e-06	-3.14e-10	-2.8032e-06	3.122e-07	-3.124e-07	5.0893000000000006e-06	-6.280200000000001e-10	-5.0706e-06	3.124e-07	-3.1246e-07	8.9909e-06	-1.1151e-09	-8.9791e-06	3.1252e-07	-3.1274e-07
-0.015	4.2228e-09	-2.13e-12	-4.221e-09	3.1238e-07	-3.1214e-07	4.0894e-07	-1.342e-11	-4.0868e-07	3.1206e-07	-3.1208e-07	8.9574e-07	-4.7690000000000005e-11	-8.9324e-07	3.121e-07	-3.1202e-07	1.7304000000000002e-06	-1.3476e-10	-1.7221000000000002e-06	3.1228e-07	-3.1208e-07	3.1652e-06	-2.9777000000000005e-10	-3.1569e-06	3.1246e-07	-3.123e-07	5.744100000000001e-06	-6.1021e-10	-5.738400000000001e-06	3.1248e-07	-3.1256e-07	1.0083000000000002e-05	-1.088e-09	-1.00168e-05	3.1256e-07	-3.1262e-07
-0.01	4.7325e-09	-3.780000000000001e-12	-4.7417e-09	3.1224e-07	-3.122e-07	4.6728e-07	-8.070000000000001e-12	-4.692e-07	3.121e-07	-3.1222e-07	1.02506e-06	-3.9720000000000006e-11	-1.0259e-06	3.1226e-07	-3.1226e-07	1.9643000000000004e-06	-1.1996000000000002e-10	-1.9615e-06	3.1234e-07	-3.123e-07	3.5971000000000003e-06	-2.9719000000000004e-10	-3.594e-06	3.1224e-07	-3.122e-07	6.433800000000001e-06	-5.9992e-10	-6.459e-06	3.1254e-07	-3.1256e-07	1.1229e-05	-1.0707e-09	-1.1236500000000002e-05	3.1274e-07	-3.1254e-07
-0.005	5.4115e-09	3.7e-12	-5.5248e-09	3.1238e-07	-3.1244e-07	5.3246e-07	-2.9400000000000004e-12	-5.3412e-07	3.1202e-07	-3.122e-07	1.1615e-06	-3.6110000000000005e-11	-1.159e-06	3.1222e-07	-3.1214e-07	2.2228e-06	-1.2104e-10	-2.2174e-06	3.1218e-07	-3.1226e-07	4.0395e-06	-2.8943e-10	-4.031300000000001e-06	3.1212e-07	-3.1232e-07	7.229e-06	-5.868100000000001e-10	-7.215e-06	3.125e-07	-3.1228e-07	1.2582e-05	-1.0456e-09	-1.2524e-05	3.128e-07	-3.1274e-07
0.0	6.1031e-09	-3.5700000000000007e-12	-6.1998e-09	3.1216e-07	-3.1236e-07	6.0754e-07	-9.45e-12	-6.0702e-07	3.1204e-07	-3.1224e-07	1.3201e-06	-3.976e-11	-1.3184000000000002e-06	3.1206e-07	-3.12e-07	2.5258000000000004e-06	-1.1720000000000002e-10	-2.5218e-06	3.1228e-07	-3.121e-07	4.5708e-06	-2.7593e-10	-4.591800000000001e-06	3.1234e-07	-3.1214e-07	8.136900000000002e-06	-5.668e-10	-8.129800000000001e-06	3.1238e-07	-3.1246e-07	1.4112e-05	-1.0301e-09	-1.4082e-05	3.1264e-07	-3.1256e-07
0.005	6.9822e-09	2.6300000000000007e-12	-7.0245e-09	3.1216e-07	-3.1224e-07	6.9444e-07	-6.380000000000001e-12	-6.9492e-07	3.1226e-07	-3.1216e-07	1.5103000000000002e-06	-3.6180000000000005e-11	-1.5114e-06	3.1222e-07	-3.1228e-07	2.8433000000000004e-06	-1.0637e-10	-2.8427000000000003e-06	3.1232e-07	-3.1236e-07	5.224900000000001e-06	-2.7499e-10	-5.215700000000001e-06	3.1238e-07	-3.1236e-07	9.1391e-06	-5.619700000000001e-10	-9.1468e-06	3.1256e-07	-3.1246e-07	1.5764e-05	-1.0095e-09	-1.5792e-05	3.126e-07	-3.1256e-07
0.01	8.0273e-09	3.23e-12	-7.9466e-09	3.1234e-07	-3.1218e-07	7.929799999999999e-07	-6.940000000000001e-12	-7.9114e-07	3.1204e-07	-3.123e-07	1.7245000000000002e-06	-3.342e-11	-1.7139000000000002e-06	3.1194e-07	-3.1198e-07	3.2304000000000004e-06	-1.1224e-10	-3.2339000000000005e-06	3.1228e-07	-3.123e-07	5.8406000000000005e-06	-2.6371e-10	-5.833800000000001e-06	3.1234e-07	-3.1234e-07	1.03229e-05	-5.458e-10	-1.04201e-05	3.1234e-07	-3.1254e-07	1.7754e-05	-9.8908e-10	-1.779e-05	3.1256e-07	-3.1256e-07
0.015	8.9343e-09	4.23e-12	-9.1835e-09	3.1246e-07	-3.1242e-07	9.0372e-07	-1.133e-11	-9.0518e-07	3.1212e-07	-3.1204e-07	1.9476e-06	-3.2470000000000005e-11	-1.9419e-06	3.1206e-07	-3.1208e-07	3.6757e-06	-1.0345e-10	-3.6593e-06	3.1214e-07	-3.1212e-07	6.598300000000001e-06	-2.5551000000000003e-10	-6.611100000000001e-06	3.1216e-07	-3.1212e-07	1.1678e-05	-5.2902e-10	-1.1653000000000002e-05	3.125e-07	-3.1242e-07	1.984e-05	-9.6494e-10	-1.9854e-05	3.1252e-07	-3.1276e-07
0.02	1.02192e-08	4.600000000000002e-13	-1.01878e-08	3.1228e-07	-3.1222e-07	1.0342e-06	-4.490000000000001e-12	-1.03486e-06	3.1236e-07	-3.123e-07	2.2329000000000003e-06	-2.797e-11	-2.2325e-06	3.12e-07	-3.1202e-07	4.1834000000000005e-06	-9.852e-11	-4.1892000000000005e-06	3.1216e-07	-3.1224e-07	7.5028e-06	-2.4958000000000003e-10	-7.515800000000001e-06	3.1224e-07	-3.1212e-07	1.3116e-05	-5.1821e-10	-1.3054e-05	3.1252e-07	-3.125e-07	2.2262e-05	-9.474e-10	-2.2276e-05	3.127e-07	-3.126e-07
0.025	1.1378e-08	-1.45e-12	-1.1486e-08	3.1242e-07	-3.1234e-07	1.1794e-06	-2.8e-12	-1.1773000000000001e-06	3.1206e-07	-3.1198e-07	2.5226e-06	-3.0420000000000003e-11	-2.5217000000000004e-06	3.1222e-07	-3.1202e-07	4.727500000000001e-06	-1.0073e-10	-4.7377e-06	3.1232e-07	-3.1214e-07	8.4182e-06	-2.4074000000000004e-10	-8.5149e-06	3.1214e-07	-3.1208e-07	1.476e-05	-5.0529e-10	-1.4678e-05	3.1258e-07	-3.125e-07	2.489e-05	-9.299899999999999e-10	-2.4878e-05	3.1252e-07	-3.125e-07
0.03	1.13775e-08	-1.1000000000000002e-12	-1.54008e-08	3.1238e-07	-3.122e-07	1.3433e-06	-7.960000000000001e-12	-1.3465000000000002e-06	3.1206e-07	-3.122e-07	2.8838e-06	-2.5670000000000004e-11	-2.8771000000000004e-06	3.1202e-07	-3.1214e-07	5.359400000000001e-06	-9.045e-11	-5.364800000000001e-06	3.1204e-07	-3.1206e-07	9.5649e-06	-2.3457e-10	-9.5862e-06	3.1236e-07	-3.1232e-07	1.658e-05	-4.953500000000001e-10	-1.6592e-05	3.1232e-07	-3.1226e-07	2.7912e-05	-9.092e-10	-2.7992e-05	3.1276e-07	-3.1246e-07
0.035	1.6659799999999997e-08	-3.95e-12	-1.69224e-08	3.1244e-07	-3.1246e-07	1.5358000000000002e-06	-3.28e-12	-1.534e-06	3.1204e-07	-3.12e-07	3.2581e-06	-2.715e-11	-3.2521e-06	3.1204e-07	-3.1222e-07	6.107600000000001e-06	-9.008e-11	-6.1207000000000005e-06	3.1226e-07	-3.1228e-07	1.07654e-05	-2.2621e-10	-1.0795300000000001e-05	3.1224e-07	-3.1218e-07	1.8608e-05	-4.7581e-10	-1.8572e-05	3.1242e-07	-3.1232e-07	3.1268e-05	-8.976e-10	-3.1256e-05	3.1278e-07	-3.1276e-07
0.04	1.91182e-08	4.53e-12	-1.8706e-08	3.1214e-07	-3.121e-07	1.7539000000000005e-06	-2.09e-12	-1.7527000000000002e-06	3.1224e-07	-3.1224e-07	3.7257e-06	-2.797e-11	-3.7596e-06	3.12e-07	-3.1198e-07	6.898400000000001e-06	-8.888e-11	-6.944800000000001e-06	3.121e-07	-3.1206e-07	1.2226e-05	-2.1766000000000003e-10	-1.2346e-05	3.1216e-07	-3.1208e-07	2.1008e-05	-4.739700000000001e-10	-2.1134e-05	3.1234e-07	-3.123e-07	3.5286e-05	-8.7459e-10	-3.5254e-05	3.125e-07	-3.1254e-07
0.045	2.05128e-08	3.1400000000000004e-12	-2.18714e-08	3.1216e-07	-3.1224e-07	1.9983e-06	-5.570000000000001e-12	-1.9946000000000004e-06	3.121e-07	-3.1226e-07	4.2463e-06	-2.141e-11	-4.2468000000000006e-06	3.1196e-07	-3.1214e-07	7.8089e-06	-8.364e-11	-7.7981e-06	3.1204e-07	-3.1202e-07	1.3766e-05	-2.1615e-10	-1.3732e-05	3.122e-07	-3.1236e-07	2.3528e-05	-4.6216e-10	-2.3554e-05	3.1256e-07	-3.1228e-07	3.9452e-05	-8.5412e-10	-3.9562e-05	3.1268e-07	-3.125e-07
0.05	2.4527e-08	2.2000000000000002e-13	-2.41122e-08	3.1224e-07	-3.123e-07	2.2795000000000004e-06	-1.17e-12	-2.2888000000000004e-06	3.1208e-07	-3.1208e-07	4.837500000000001e-06	-2.553e-11	-4.8343000000000005e-06	3.1206e-07	-3.1212e-07	8.900900000000001e-06	-8.256000000000001e-11	-8.901500000000001e-06	3.121e-07	-3.1212e-07	1.5572e-05	-2.0892e-10	-1.5534e-05	3.1234e-07	-3.1208e-07	2.6512e-05	-4.4697000000000006e-10	-2.6486e-05	3.1232e-07	-3.1232e-07	4.393e-05	-8.388800000000001e-10	-4.3962e-05	3.1278e-07	-3.1276e-07
0.055	2.7504e-08	4.83e-12	-2.75598e-08	3.1218e-07	-3.122e-07	2.6065000000000004e-06	-1.41e-12	-2.6072e-06	3.1214e-07	-3.1228e-07	5.4967e-06	-2.034e-11	-5.4891000000000005e-06	3.1194e-07	-3.1194e-07	1.00628e-05	-7.89e-11	-1.00635e-05	3.1206e-07	-3.1208e-07	1.7676e-05	-2.0217e-10	-1.7616000000000002e-05	3.1232e-07	-3.122e-07	2.9764e-05	-4.405e-10	-2.9794e-05	3.1234e-07	-3.1252e-07	4.963e-05	-8.1721e-10	-4.982e-05	3.1268e-07	-3.126e-07
0.06	3.2307999999999994e-08	3.0600000000000007e-12	-3.11294e-08	3.124e-07	-3.122e-07	2.9694000000000003e-06	-2.0000000000000003e-14	-2.9595e-06	3.1206e-07	-3.1206e-07	6.234000000000001e-06	-1.7270000000000002e-11	-6.220900000000001e-06	3.1198e-07	-3.12e-07	1.1422e-05	-7.642e-11	-1.1451e-05	3.1222e-07	-3.1212e-07	1.9882e-05	-1.9489e-10	-1.9864e-05	3.124e-07	-3.1222e-07	3.3976e-05	-4.2269e-10	-3.3506e-05	3.1234e-07	-3.1238e-07	5.504e-05	-8.0089e-10	-5.5154e-05	3.1274e-07	-3.125e-07
0.065	3.62076e-08	1.7700000000000001e-12	-3.60942e-08	3.124e-07	-3.122e-07	3.3840000000000005e-06	7.900000000000001e-13	-3.3813e-06	3.1216e-07	-3.1208e-07	7.1216000000000006e-06	-2.252e-11	-7.105600000000001e-06	3.1206e-07	-3.121e-07	1.2994e-05	-6.915e-11	-1.289e-05	3.1232e-07	-3.121e-07	2.2438e-05	-1.8557e-10	-2.2498e-05	3.1234e-07	-3.123e-07	3.8e-05	-4.1499e-10	-3.799e-05	3.123e-07	-3.1242e-07	6.2178e-05	-7.8848e-10	-6.177400000000001e-05	3.1272e-07	-3.1256e-07
0.07	4.00436e-08	7.33e-12	-4.09656e-08	3.1222e-07	-3.122e-07	3.8502e-06	9.000000000000001e-13	-3.8434e-06	3.1212e-07	-3.1208e-07	8.0777e-06	-1.394e-11	-8.0838e-06	3.1192e-07	-3.1194e-07	1.4666e-05	-6.689e-11	-1.4678e-05	3.1206e-07	-3.1228e-07	2.531e-05	-1.8503e-10	-2.5258e-05	3.1238e-07	-3.1222e-07	4.2432e-05	-4.0691000000000005e-10	-4.2406e-05	3.1222e-07	-3.1244e-07	6.9006e-05	-7.6812e-10	-6.8928e-05	3.1254e-07	-3.1262e-07
0.075	4.67874e-08	4.550000000000001e-12	-4.72274e-08	3.1216e-07	-3.1214e-07	4.3849e-06	1.8000000000000002e-12	-4.3977e-06	3.1222e-07	-3.1194e-07	9.1928e-06	-1.427e-11	-9.1412e-06	3.1204e-07	-3.1194e-07	1.6632e-05	-6.349e-11	-1.6568e-05	3.1202e-07	-3.122e-07	2.8572e-05	-1.7768000000000003e-10	-2.8574e-05	3.1212e-07	-3.121e-07	4.7322e-05	-3.9215e-10	-4.737e-05	3.125e-07	-3.1236e-07	7.8254e-05	-7.5374e-10	-7.833e-05	3.1276e-07	-3.1272e-07
0.08	5.41e-08	4.100000000000001e-12	-5.07166e-08	3.1224e-07	-3.1238e-07	5.015600000000001e-06	-1.5800000000000001e-12	-4.999700000000001e-06	3.122e-07	-3.1222e-07	1.04019e-05	-1.666e-11	-1.041e-05	3.12e-07	-3.1216e-07	1.8754e-05	-6.014e-11	-1.8754e-05	3.1222e-07	-3.1214e-07	3.2214e-05	-1.7068000000000002e-10	-3.2278e-05	3.124e-07	-3.1216e-07	5.4036e-05	-3.8596e-10	-5.3452e-05	3.125e-07	-3.1232e-07	8.6474e-05	-7.3055e-10	-8.6446e-05	3.1264e-07	-3.1254e-07
0.085	6.187159999999999e-08	9.39e-12	-6.183899999999999e-08	3.122e-07	-3.1238e-07	5.709800000000001e-06	1.9400000000000002e-12	-5.718300000000001e-06	3.1234e-07	-3.1212e-07	1.185e-05	-1.231e-11	-1.1906e-05	3.1214e-07	-3.122e-07	2.1294e-05	-6.286e-11	-2.132e-05	3.1212e-07	-3.1204e-07	3.6332e-05	-1.6873000000000002e-10	-3.6322e-05	3.1216e-07	-3.1212e-07	5.9778e-05	-3.7369e-10	-5.9982e-05	3.1252e-07	-3.123e-07	9.6872e-05	-7.110900000000001e-10	-9.6854e-05	3.1274e-07	-3.127e-07
0.09	6.76482e-08	6.800000000000001e-12	-6.70162e-08	3.1224e-07	-3.1218e-07	6.4976e-06	-7e-14	-6.5e-06	3.1228e-07	-3.1226e-07	1.345e-05	-1.63e-11	-1.3478e-05	3.1202e-07	-3.12e-07	2.4086e-05	-5.806e-11	-2.4062e-05	3.121e-07	-3.12e-07	4.1294e-05	-1.5869000000000002e-10	-4.134e-05	3.1228e-07	-3.1224e-07	6.7388e-05	-3.6293e-10	-6.735e-05	3.1254e-07	-3.1256e-07	0.000109226	-7.0272e-10	-0.000109232	3.1254e-07	-3.1274e-07
0.095	7.66854e-08	6.370000000000001e-12	-7.555819999999999e-08	3.1212e-07	-3.1214e-07	7.430100000000002e-06	-6.8e-13	-7.423500000000001e-06	3.1202e-07	-3.1204e-07	1.5302e-05	-8.580000000000001e-12	-1.5294e-05	3.1224e-07	-3.1212e-07	2.74e-05	-5.605e-11	-2.7368e-05	3.1206e-07	-3.1218e-07	4.641000000000001e-05	-1.5609e-10	-4.6418e-05	3.1214e-07	-3.1214e-07	7.606e-05	-3.5601000000000005e-10	-7.609e-05	3.1232e-07	-3.123e-07	0.00012122	-6.9222e-10	-0.00012164	3.1274e-07	-3.1268e-07
0.1	8.635019999999999e-08	1.175e-11	-8.62056e-08	3.1242e-07	-3.1238e-07	8.4367e-06	4.79e-12	-8.447200000000001e-06	3.1224e-07	-3.1198e-07	1.7288e-05	-1.2970000000000001e-11	-1.7290000000000002e-05	3.1212e-07	-3.1212e-07	3.095e-05	-5.2750000000000005e-11	-3.0928e-05	3.1224e-07	-3.1208e-07	5.2052e-05	-1.5121e-10	-5.2092e-05	3.1218e-07	-3.1238e-07	8.529200000000001e-05	-3.4372000000000003e-10	-8.5332e-05	3.1232e-07	-3.1232e-07	0.00013534	-6.781000000000001e-10	-0.00013578	3.1278e-07	-3.1278e-07
0.105	9.699519999999999e-08	1.019e-11	-1.0189520000000001e-07	3.124e-07	-3.1234e-07	9.6299e-06	-4e-13	-9.639e-06	3.12e-07	-3.1222e-07	1.9714e-05	-8.63e-12	-1.9748e-05	3.1216e-07	-3.1214e-07	3.4868e-05	-4.604e-11	-3.4866e-05	3.1228e-07	-3.1206e-07	5.8942e-05	-1.4203e-10	-5.903e-05	3.124e-07	-3.1224e-07	9.567e-05	-3.3675e-10	-9.5584e-05	3.1232e-07	-3.1252e-07	0.0001515	-6.596000000000001e-10	-0.00015152	3.1272e-07	-3.1268e-07
0.11	1.1093039999999998e-07	9.73e-12	-1.0712720000000001e-07	3.1224e-07	-3.122e-07	1.0963100000000002e-05	2.11e-12	-1.09612e-05	3.1218e-07	-3.1196e-07	2.2386e-05	-4.02e-12	-2.234e-05	3.1222e-07	-3.1226e-07	3.9646e-05	-4.476e-11	-3.9786e-05	3.1206e-07	-3.1206e-07	6.6294e-05	-1.3963e-10	-6.6342e-05	3.1226e-07	-3.1226e-07	0.000107042	-3.2575000000000004e-10	-0.000106974	3.1238e-07	-3.1238e-07	0.00017012	-6.3374e-10	-0.00016906	3.1252e-07	-3.1252e-07
0.115	1.150082e-07	1.0130000000000001e-11	-1.1498e-07	3.1238e-07	-3.1238e-07	1.2528e-05	2.300000000000001e-13	-1.2504e-05	3.1222e-07	-3.1206e-07	2.5402e-05	-8.94e-12	-2.5376e-05	3.1198e-07	-3.1218e-07	4.4666e-05	-4.298e-11	-4.454e-05	3.1224e-07	-3.1218e-07	7.4454e-05	-1.3269e-10	-7.4782e-05	3.1232e-07	-3.1232e-07	0.00012116	-3.1577000000000004e-10	-0.0001203	3.1244e-07	-3.1226e-07	0.00018924	-6.2081e-10	-0.00018916	3.125e-07	-3.1254e-07
0.12	1.3172e-07	1.122e-11	-1.2904e-07	3.124e-07	-3.1238e-07	1.4204e-05	4.52e-12	-1.4228e-05	3.12e-07	-3.1196e-07	2.861e-05	-2.3000000000000003e-12	-2.8642e-05	3.12e-07	-3.1222e-07	5.0794e-05	-4.184e-11	-5.0748e-05	3.1206e-07	-3.1218e-07	8.391e-05	-1.2916000000000002e-10	-8.379600000000002e-05	3.1224e-07	-3.1218e-07	0.0001345	-3.0757e-10	-0.00013458	3.125e-07	-3.1248e-07	0.00021122	-6.0938e-10	-0.00021084	3.1246e-07	-3.124e-07
0.125	1.4672e-07	8.790000000000003e-12	-1.4724e-07	3.122e-07	-3.122e-07	1.6202000000000002e-05	5.85e-12	-1.618e-05	3.1206e-07	-3.1206e-07	3.2876e-05	-4.500000000000001e-12	-3.2892e-05	3.1202e-07	-3.1216e-07	5.7004000000000005e-05	-4.198e-11	-5.7074e-05	3.1202e-07	-3.12e-07	9.4416e-05	-1.2814e-10	-9.4866e-05	3.1244e-07	-3.1232e-07	0.00015182	-2.9627e-10	-0.0001517	3.1246e-07	-3.1226e-07	0.0002355	-5.9688e-10	-0.00023624	3.1262e-07	-3.1256e-07
0.13	1.6744e-07	1.452e-11	-1.7096e-07	3.1246e-07	-3.1234e-07	1.8362e-05	1.59e-12	-1.8358e-05	3.1196e-07	-3.12e-07	3.6948e-05	-5.760000000000001e-12	-3.6892e-05	3.1212e-07	-3.12e-07	6.4276e-05	-3.726e-11	-6.4454e-05	3.1224e-07	-3.122e-07	0.000106174	-1.2059000000000002e-10	-0.000106138	3.1234e-07	-3.1212e-07	0.00016952	-2.9032000000000004e-10	-0.00016906	3.1256e-07	-3.123e-07	0.00026334	-5.9124e-10	-0.0002637	3.1276e-07	-3.1268e-07
0.135	1.855e-07	1.027e-11	-1.782e-07	3.1222e-07	-3.1222e-07	2.0948e-05	6.36e-12	-2.0988e-05	3.1204e-07	-3.1216e-07	4.1814e-05	-9.600000000000002e-13	-4.1824000000000005e-05	3.1198e-07	-3.119e-07	7.2928e-05	-3.4330000000000006e-11	-7.3108e-05	3.1234e-07	-3.1232e-07	0.00011992	-1.1472e-10	-0.00011972	3.1228e-07	-3.1228e-07	0.00019024	-2.8132e-10	-0.00019018	3.1232e-07	-3.1226e-07	0.00029484	-5.7164e-10	-0.00029532	3.1278e-07	-3.1278e-07
0.14	1.9874e-07	1.088e-11	-2.0262e-07	3.1238e-07	-3.122e-07	2.3764e-05	3.840000000000001e-12	-2.3772e-05	3.1206e-07	-3.1204e-07	4.7452e-05	-3.91e-12	-4.7418e-05	3.1214e-07	-3.1216e-07	8.2308e-05	-3.118e-11	-8.2334e-05	3.1228e-07	-3.1228e-07	0.0001345	-1.158e-10	-0.00013426	3.1228e-07	-3.123e-07	0.0002126	-2.7384e-10	-0.00021348	3.1256e-07	-3.1224e-07	0.0003267	-5.5308e-10	-0.00032628	3.1262e-07	-3.1258e-07
0.145	2.1388e-07	1.4490000000000001e-11	-2.1682e-07	3.124e-07	-3.1236e-07	2.7068e-05	6.14e-12	-2.7106e-05	3.1204e-07	-3.1202e-07	5.3628e-05	1.6200000000000004e-12	-5.3714e-05	3.121e-07	-3.1202e-07	9.287e-05	-2.855e-11	-9.247400000000001e-05	3.121e-07	-3.121e-07	0.00015122	-1.0371e-10	-0.00015112	3.122e-07	-3.1224e-07	0.00023792	-2.6838e-10	-0.0002381	3.1254e-07	-3.1226e-07	0.00036332	-5.3965e-10	-0.0003631	3.1268e-07	-3.1244e-07
0.15	2.327e-07	1.014e-11	-2.3562e-07	3.1216e-07	-3.1214e-07	3.0652000000000004e-05	9.64e-12	-3.0664e-05	3.1204e-07	-3.1228e-07	6.0692e-05	2.0700000000000007e-12	-6.0594e-05	3.1222e-07	-3.1196e-07	0.000104596	-2.7710000000000004e-11	-0.000104234	3.1204e-07	-3.1222e-07	0.00017026	-1.049e-10	-0.00017012	3.1206e-07	-3.1208e-07	0.00026512	-2.5602e-10	-0.00026494	3.125e-07	-3.1252e-07	0.00040416	-5.2408e-10	-0.0004049	3.1268e-07	-3.1274e-07
0.155	2.564e-07	1.744e-11	-2.562e-07	3.1216e-07	-3.1238e-07	3.4826e-05	7.95e-12	-3.4882e-05	3.1196e-07	-3.1208e-07	6.8386e-05	-3.900000000000001e-13	-6.8414e-05	3.12e-07	-3.1198e-07	0.0001183	-2.9550000000000004e-11	-0.00011824	3.1204e-07	-3.1206e-07	0.0001906	-9.673e-11	-0.00019028	3.121e-07	-3.1234e-07	0.00029588	-2.5192e-10	-0.0002959	3.1232e-07	-3.1232e-07	0.00045058	-5.1468e-10	-0.000451	3.1252e-07	-3.1272e-07
0.16	2.7262e-07	1.857e-11	-2.7678e-07	3.124e-07	-3.1226e-07	3.9572e-05	1.15e-11	-3.9544e-05	3.1204e-07	-3.1224e-07	7.7762e-05	4.6400000000000004e-12	-7.7666e-05	3.1222e-07	-3.1212e-07	0.0001332	-2.5810000000000003e-11	-0.0001331	3.122e-07	-3.1228e-07	0.00021376	-9.028e-11	-0.00021336	3.1238e-07	-3.1236e-07	0.0003298	-2.3968e-10	-0.00032886	3.1244e-07	-3.1238e-07	0.00049964	-5.067e-10	-0.00050224	3.1254e-07	-3.1254e-07
0.165	2.942e-07	1.825e-11	-2.963e-07	3.122e-07	-3.123e-07	4.4866e-05	1.025e-11	-4.4872e-05	3.1226e-07	-3.1202e-07	8.7258e-05	9.200000000000001e-13	-8.733e-05	3.1224e-07	-3.1206e-07	0.00014964	-2.167e-11	-0.00014976	3.1204e-07	-3.1202e-07	0.00023952	-9.453000000000001e-11	-0.00023918	3.121e-07	-3.1214e-07	0.0003681	-2.2958e-10	-0.00036782	3.1244e-07	-3.1244e-07	0.00055168	-4.955800000000001e-10	-0.00055182	3.1262e-07	-3.1262e-07
0.17	3.0348e-07	2.08e-11	-3.026e-07	3.1222e-07	-3.1218e-07	5.0948e-05	7.760000000000002e-12	-5.0934e-05	3.1198e-07	-3.1198e-07	9.8588e-05	1.9700000000000003e-12	-9.8716e-05	3.1224e-07	-3.1202e-07	0.00016806	-1.251e-11	-0.000168	3.123e-07	-3.1208e-07	0.0002693	-8.646e-11	-0.00026932	3.124e-07	-3.122e-07	0.00041192	-2.2938e-10	-0.00041156	3.1262e-07	-3.1232e-07	0.00061316	-4.7951e-10	-0.00061228	3.1256e-07	-3.1248e-07
0.175	3.1206e-07	1.826e-11	-3.09e-07	3.1236e-07	-3.1212e-07	5.7654e-05	1.291e-11	-5.7730000000000005e-05	3.1214e-07	-3.122e-07	0.000111778	6.830000000000001e-12	-0.000111648	3.1206e-07	-3.1204e-07	0.00018878	-2.098e-11	-0.00018874	3.1204e-07	-3.1228e-07	0.00030006	-8.121000000000001e-11	-0.00030202	3.1226e-07	-3.1218e-07	0.00045518	-2.1564e-10	-0.0004548	3.1238e-07	-3.1254e-07	0.00067664	-4.6265000000000005e-10	-0.00067628	3.128e-07	-3.126e-07
0.18	3.1528e-07	1.897e-11	-3.1802e-07	3.1216e-07	-3.1212e-07	6.566e-05	9.84e-12	-6.5678e-05	3.1202e-07	-3.1202e-07	0.0001267	5.220000000000001e-12	-0.00012664	3.1204e-07	-3.12e-07	0.00021274	-1.637e-11	-0.00021242	3.1228e-07	-3.12e-07	0.0003361	-7.489e-11	-0.00033656	3.1216e-07	-3.1232e-07	0.0005067	-2.1008e-10	-0.000508	3.1252e-07	-3.1242e-07	0.00075582	-4.4514e-10	-0.00075264	3.1252e-07	-3.1268e-07
0.185	3.0838e-07	2.393e-11	-3.1282e-07	3.1222e-07	-3.1216e-07	7.3934e-05	1.404e-11	-7.3986e-05	3.121e-07	-3.12e-07	0.0001432	7.100000000000001e-12	-0.000143	3.12e-07	-3.1194e-07	0.00023962	-1.2470000000000002e-11	-0.00023914	3.1232e-07	-3.1212e-07	0.00037646	-6.837e-11	-0.00037714	3.1238e-07	-3.1208e-07	0.00056516	-2.0799e-10	-0.00056572	3.1234e-07	-3.1236e-07	0.00082632	-4.3159000000000006e-10	-0.00082586	3.1252e-07	-3.1268e-07
0.19	3.1048e-07	2.3990000000000003e-11	-3.0794e-07	3.122e-07	-3.1222e-07	8.3888e-05	1.619e-11	-8.3892e-05	3.122e-07	-3.1224e-07	0.00016152	5.33e-12	-0.00016154	3.1198e-07	-3.1192e-07	0.00026786	-1.693e-11	-0.00026788	3.1204e-07	-3.12e-07	0.0004189	-6.755e-11	-0.00041844	3.1234e-07	-3.1236e-07	0.00062578	-1.9045000000000002e-10	-0.00062748	3.1238e-07	-3.1244e-07	0.00091224	-4.3013e-10	-0.00091246	3.1262e-07	-3.1258e-07
0.195	2.81e-07	3.016e-11	-2.8204e-07	3.1236e-07	-3.1234e-07	9.4824e-05	1.352e-11	-9.4686e-05	3.1224e-07	-3.1224e-07	0.00018174	9.17e-12	-0.00018186	3.12e-07	-3.1196e-07	0.00030016	-6.420000000000001e-12	-0.0003011	3.1208e-07	-3.1224e-07	0.00046776	-6.883000000000001e-11	-0.00046746	3.121e-07	-3.123e-07	0.00069578	-1.8929000000000003e-10	-0.00069522	3.1254e-07	-3.1244e-07	0.00100524	-4.1963e-10	-0.00100596	3.1276e-07	-3.1278e-07
0.2	2.4916e-07	2.9850000000000005e-11	-2.4284e-07	3.1224e-07	-3.1238e-07	0.000107166	1.7180000000000002e-11	-0.000107296	3.1206e-07	-3.1208e-07	0.00020494	1.032e-11	-0.00020482	3.1202e-07	-3.1224e-07	0.0003366	-5.38e-12	-0.0003382	3.1228e-07	-3.1208e-07	0.00052232	-6.261e-11	-0.00052184	3.1224e-07	-3.122e-07	0.00077012	-1.8224e-10	-0.00077032	3.1234e-07	-3.1234e-07	0.0011069	-4.0482000000000006e-10	-0.00110542	3.1258e-07	-3.126e-07
0.205	2.1744e-07	2.9550000000000004e-11	-2.1866e-07	3.1218e-07	-3.1212e-07	0.00012142	1.8420000000000003e-11	-0.00012134	3.1224e-07	-3.122e-07	0.0002294	1.245e-11	-0.0002291	3.1222e-07	-3.12e-07	0.00037804	-6.51e-12	-0.00037802	3.1224e-07	-3.1204e-07	0.00058204	-5.493e-11	-0.00057834	3.123e-07	-3.121e-07	0.00084738	-1.6838000000000002e-10	-0.00085148	3.1236e-07	-3.1234e-07	0.0012138	-3.9543000000000005e-10	-0.0012214	3.1276e-07	-3.1272e-07
0.21	1.5862e-07	3.3e-11	-1.4978e-07	3.124e-07	-3.1236e-07	0.00013736	1.958e-11	-0.0001372	3.1224e-07	-3.1226e-07	0.00025888	1.8440000000000003e-11	-0.00025916	3.122e-07	-3.1222e-07	0.0004218	1.98e-12	-0.00042162	3.1226e-07	-3.1224e-07	0.00064288	-5.105e-11	-0.00064212	3.1232e-07	-3.121e-07	0.00094528	-1.7112000000000003e-10	-0.00094584	3.1246e-07	-3.1236e-07	0.0013356	-3.813e-10	-0.0013318	3.1256e-07	-3.1266e-07
0.215	7.94844e-08	3.506e-11	-6.9244e-08	3.122e-07	-3.1218e-07	0.00015498	1.999e-11	-0.00015488	3.1202e-07	-3.1216e-07	0.00029122	1.161e-11	-0.0002912	3.1214e-07	-3.1208e-07	0.00047002	-1.6700000000000004e-12	-0.00046968	3.1226e-07	-3.1204e-07	0.0007148	-4.636e-11	-0.0007145	3.122e-07	-3.1238e-07	0.00103372	-1.5829e-10	-0.00103674	3.1256e-07	-3.1252e-07	0.0014596	-3.7326e-10	-0.0014586	3.1266e-07	-3.128e-07
0.22	-1.72858e-08	3.803e-11	2.7252e-08	3.121e-07	-3.1212e-07	0.00017492	2.065e-11	-0.00017494	3.1222e-07	-3.122e-07	0.00032534	1.8420000000000003e-11	-0.00032528	3.1202e-07	-3.1218e-07	0.00052452	-9.200000000000001e-13	-0.00052544	3.1212e-07	-3.1226e-07	0.0007904	-4.2270000000000006e-11	-0.00079092	3.1212e-07	-3.1228e-07	0.0011403	-1.4832e-10	-0.00113992	3.1258e-07	-3.1236e-07	0.001597	-3.6146e-10	-0.0015996	3.129e-07	-3.1262e-07
0.225	-1.109768e-07	3.912e-11	1.1500740000000001e-07	3.1232e-07	-3.1242e-07	0.00019698	2.535e-11	-0.00019688	3.1212e-07	-3.1214e-07	0.00036474	2.1480000000000003e-11	-0.00036434	3.1232e-07	-3.1202e-07	0.00058332	5.560000000000001e-12	-0.00058766	3.1206e-07	-3.1202e-07	0.00087622	-4.654e-11	-0.00087542	3.1238e-07	-3.1214e-07	0.00125	-1.4455e-10	-0.0012498	3.1236e-07	-3.1234e-07	0.0017474	-3.4287000000000003e-10	-0.0017426	3.1282e-07	-3.1276e-07
0.23	4.666e-07	3.8880000000000006e-11	-3.2618e-07	3.122e-07	-3.1212e-07	0.00022168	2.029e-11	-0.00022152	3.121e-07	-3.1204e-07	0.0004077	1.386e-11	-0.00040688	3.1224e-07	-3.1224e-07	0.00065046	5.120000000000001e-12	-0.00064802	3.123e-07	-3.1228e-07	0.00096402	-4.0340000000000006e-11	-0.00096678	3.122e-07	-3.1216e-07	0.0013694	-1.3899e-10	-0.001371	3.1238e-07	-3.1238e-07	0.0018978	-3.3078e-10	-0.0018984	3.1264e-07	-3.1284e-07
0.235	-1.9946e-07	4.36e-11	2.4384e-07	3.1234e-07	-3.1232e-07	0.00024982	2.303e-11	-0.0002497	3.1196e-07	-3.1222e-07	0.00045808	2.155e-11	-0.000457	3.1204e-07	-3.1226e-07	0.0007224	9.590000000000003e-12	-0.00072136	3.1232e-07	-3.123e-07	0.00106678	-3.175e-11	-0.00106508	3.121e-07	-3.1208e-07	0.0015046	-1.2737000000000002e-10	-0.0015022	3.1256e-07	-3.1244e-07	0.0020696	-3.221e-10	-0.0020806	3.127e-07	-3.1292e-07
0.24	-4.8446e-07	4.6560000000000005e-11	5.1524e-07	3.1234e-07	-3.122e-07	0.00028006	2.6980000000000003e-11	-0.0002797	3.1228e-07	-3.1218e-07	0.00050928	2.411e-11	-0.0005093	3.1204e-07	-3.122e-07	0.00080134	1.458e-11	-0.0008044	3.1206e-07	-3.1208e-07	0.001174	-3.6330000000000005e-11	-0.0011782	3.1216e-07	-3.1222e-07	0.0016504	-1.2776e-10	-0.0016488	3.1266e-07	-3.1262e-07	0.002249	-3.0820000000000003e-10	-0.0022522	3.1268e-07	-3.1266e-07
0.245	-7.1536e-07	4.943e-11	7.3324e-07	3.1232e-07	-3.122e-07	0.0003155	2.478e-11	-0.00031532	3.1224e-07	-3.1208e-07	0.00056962	2.314e-11	-0.00056982	3.1222e-07	-3.1208e-07	0.00088618	1.53e-11	-0.00088498	3.1228e-07	-3.1224e-07	0.0012924	-2.484e-11	-0.0012924	3.1244e-07	-3.1214e-07	0.0017978	-1.1316e-10	-0.001797	3.126e-07	-3.1242e-07	0.0024466	-3.0593000000000005e-10	-0.0024422	3.1288e-07	-3.1266e-07
0.25	-9.4064e-07	5.4750000000000005e-11	9.6482e-07	3.1232e-07	-3.1224e-07	0.00035288	3.546e-11	-0.0003528	3.1204e-07	-3.1208e-07	0.0006339	3.4290000000000005e-11	-0.00063502	3.1198e-07	-3.1222e-07	0.00098198	1.5380000000000003e-11	-0.00098234	3.1226e-07	-3.1204e-07	0.0014174	-2.85e-11	-0.0014182	3.1222e-07	-3.1228e-07	0.0019582	-1.1251e-10	-0.0019574	3.1244e-07	-3.124e-07	0.002646	-2.9328000000000005e-10	-0.0026568	3.1274e-07	-3.1282e-07
0.255	-1.1502e-06	5.518e-11	1.15006e-06	3.1222e-07	-3.1234e-07	0.0003958	3.659e-11	-0.00039554	3.1206e-07	-3.1202e-07	0.00070562	2.668e-11	-0.00070812	3.1226e-07	-3.1218e-07	0.00108426	2.0240000000000003e-11	-0.00108526	3.1214e-07	-3.1232e-07	0.0015562	-1.857e-11	-0.001554	3.122e-07	-3.1216e-07	0.0021334	-1.1144e-10	-0.002132	3.1264e-07	-3.1238e-07	0.0028672	-2.7575e-10	-0.0028668	3.1294e-07	-3.129e-07
0.26	-1.9619e-06	5.753000000000001e-11	1.7845000000000002e-06	3.122e-07	-3.1224e-07	0.00044186	3.325e-11	-0.0004416	3.12e-07	-3.1208e-07	0.0007843	2.7030000000000003e-11	-0.00078332	3.1206e-07	-3.1204e-07	0.0011956	2.7140000000000003e-11	-0.001203	3.1204e-07	-3.1206e-07	0.0017006	-1.154e-11	-0.0016988	3.1232e-07	-3.1208e-07	0.002312	-9.523e-11	-0.0023096	3.125e-07	-3.1244e-07	0.0030928	-2.6988e-10	-0.0031026	3.1296e-07	-3.1274e-07
0.265	-2.2362000000000003e-06	6.435e-11	2.2801000000000004e-06	3.1242e-07	-3.124e-07	0.00049418	4.2590000000000005e-11	-0.00049408	3.1204e-07	-3.1218e-07	0.00086898	3.561e-11	-0.00086938	3.1216e-07	-3.1214e-07	0.0013162	2.56e-11	-0.0013118	3.1218e-07	-3.1214e-07	0.001858	-6.05e-12	-0.0018584	3.1232e-07	-3.1234e-07	0.002512	-9.467e-11	-0.0025126	3.1248e-07	-3.1254e-07	0.0033356	-2.5396e-10	-0.003333	3.128e-07	-3.1296e-07
0.27	-2.5695e-06	6.211e-11	2.7755000000000004e-06	3.1218e-07	-3.1236e-07	0.00055078	3.6880000000000006e-11	-0.00055068	3.1228e-07	-3.1222e-07	0.00095972	3.1e-11	-0.00095786	3.1222e-07	-3.122e-07	0.0014432	2.599e-11	-0.001439	3.1234e-07	-3.1236e-07	0.0020238	-1.5300000000000001e-12	-0.0020248	3.1232e-07	-3.1212e-07	0.0027224	-8.631000000000001e-11	-0.0027232	3.127e-07	-3.1268e-07	0.0036066	-2.4531e-10	-0.0036064	3.1284e-07	-3.1286e-07
0.275	-3.1279e-06	7.059000000000001e-11	3.131e-06	3.1234e-07	-3.1238e-07	0.00061344	3.8880000000000006e-11	-0.00061334	3.122e-07	-3.1208e-07	0.00105928	3.879e-11	-0.00106172	3.1214e-07	-3.1206e-07	0.0015844	2.826e-11	-0.0015832	3.122e-07	-3.1224e-07	0.0022044	-1.41e-12	-0.002205	3.122e-07	-3.1224e-07	0.0029414	-7.143e-11	-0.0029454	3.1258e-07	-3.1244e-07	0.0038644	-2.4263e-10	-0.0038606	3.1274e-07	-3.128e-07
0.28	-3.696100000000001e-06	7.72e-11	3.5587000000000003e-06	3.124e-07	-3.1236e-07	0.00068118	5.3150000000000005e-11	-0.00068094	3.1216e-07	-3.1202e-07	0.0011702	4.151e-11	-0.0011696	3.123e-07	-3.1198e-07	0.0017364	3.75e-11	-0.0017354	3.1238e-07	-3.122e-07	0.0023938	-2.51e-12	-0.0023946	3.125e-07	-3.1244e-07	0.0031922	-7.569000000000001e-11	-0.0031962	3.1272e-07	-3.1248e-07	0.0041424	-2.2393e-10	-0.0041352	3.1308e-07	-3.1284e-07
0.285	-4.2251e-06	7.338000000000001e-11	4.1956e-06	3.1242e-07	-3.1216e-07	0.0007567	4.8050000000000005e-11	-0.00075602	3.1206e-07	-3.1208e-07	0.0012898	4.1860000000000005e-11	-0.001289	3.1226e-07	-3.1222e-07	0.001892	3.7310000000000005e-11	-0.001892	3.1208e-07	-3.1232e-07	0.0025984	4.440000000000001e-12	-0.0025996	3.1244e-07	-3.1226e-07	0.0034316	-6.586e-11	-0.0034326	3.1256e-07	-3.1276e-07	0.0044416	-2.1482e-10	-0.0044504	3.1292e-07	-3.1302e-07
0.29	-4.8474e-06	8.684e-11	4.847200000000001e-06	3.1216e-07	-3.1212e-07	0.00083824	5.696e-11	-0.0008379	3.1206e-07	-3.1212e-07	0.0014174	4.606e-11	-0.0014162	3.1204e-07	-3.1224e-07	0.0020624	3.845e-11	-0.0020624	3.1232e-07	-3.123e-07	0.0028154	1.434e-11	-0.0028154	3.1256e-07	-3.1232e-07	0.0036904	-5.721e-11	-0.003687	3.128e-07	-3.125e-07	0.0047516	-2.0803e-10	-0.0047544	3.1282e-07	-3.131e-07
0.295	-5.4233e-06	8.777000000000001e-11	5.4752000000000005e-06	3.1222e-07	-3.1218e-07	0.0009275	6.129e-11	-0.00092782	3.1204e-07	-3.12e-07	0.001551	5.121e-11	-0.0015498	3.1222e-07	-3.1226e-07	0.0022538	4.444e-11	-0.0022536	3.1234e-07	-3.124e-07	0.003052	1.8330000000000003e-11	-0.0030514	3.1228e-07	-3.1232e-07	0.003973	-5.616e-11	-0.0039714	3.127e-07	-3.1274e-07	0.0050866	-1.9007e-10	-0.005076	3.1298e-07	-3.129e-07
0.3	-6.1512000000000005e-06	9.309e-11	6.1886e-06	3.1222e-07	-3.1226e-07	0.0010246	5.3630000000000006e-11	-0.00102422	3.1214e-07	-3.123e-07	0.001701	5.6540000000000006e-11	-0.0017018	3.1226e-07	-3.1202e-07	0.0024576	4.418e-11	-0.0024452	3.1214e-07	-3.1234e-07	0.0032926	2.344e-11	-0.0032854	3.1224e-07	-3.1228e-07	0.0042574	-4.654e-11	-0.0042584	3.128e-07	-3.1256e-07	0.0054136	-1.8972e-10	-0.0054116	3.1322e-07	-3.1296e-07
0.305	-6.834300000000001e-06	1.0934e-10	6.984900000000001e-06	3.1228e-07	-3.1216e-07	0.00113002	6.246000000000001e-11	-0.00112894	3.1228e-07	-3.1196e-07	0.001859	4.949e-11	-0.001855	3.1222e-07	-3.1224e-07	0.0026538	4.862e-11	-0.002651	3.1232e-07	-3.1218e-07	0.003542	2.5320000000000003e-11	-0.003551	3.1242e-07	-3.1256e-07	0.0045712	-4.104e-11	-0.0045782	3.1286e-07	-3.1278e-07	0.0057774	-1.776e-10	-0.0057736	3.1312e-07	-3.1322e-07
0.31	-7.756700000000001e-06	1.0916e-10	7.806000000000001e-06	3.1238e-07	-3.122e-07	0.0012408	6.99e-11	-0.0012404	3.1206e-07	-3.1204e-07	0.0020274	5.884e-11	-0.0020336	3.121e-07	-3.1202e-07	0.0028684	5.493e-11	-0.002867	3.1232e-07	-3.1218e-07	0.0038138	2.051e-11	-0.003814	3.1256e-07	-3.1254e-07	0.0048694	-3.307e-11	-0.0048746	3.1286e-07	-3.1282e-07	0.006139	-1.6380000000000002e-10	-0.0061286	3.131e-07	-3.1304e-07
0.315	-8.738600000000001e-06	1.1691e-10	8.568500000000001e-06	3.1214e-07	-3.1218e-07	0.0013614	6.895e-11	-0.0013606	3.1202e-07	-3.1204e-07	0.0022062	6.538000000000001e-11	-0.0022058	3.1216e-07	-3.1206e-07	0.0031004	5.626e-11	-0.0030944	3.122e-07	-3.1212e-07	0.0040954	3.364e-11	-0.0040776	3.1252e-07	-3.125e-07	0.0052016	-2.792e-11	-0.0051914	3.1298e-07	-3.1288e-07	0.006505	-1.5800000000000002e-10	-0.0065018	3.131e-07	-3.13e-07
0.32	-9.4728e-06	1.2596e-10	9.6438e-06	3.122e-07	-3.1222e-07	0.0014918	7.75e-11	-0.0014918	3.1232e-07	-3.1206e-07	0.0023992	6.453000000000001e-11	-0.0023992	3.122e-07	-3.1208e-07	0.0033426	5.970000000000001e-11	-0.0033404	3.1222e-07	-3.1232e-07	0.0043872	3.938e-11	-0.0043878	3.1268e-07	-3.1244e-07	0.0055366	-2.1350000000000003e-11	-0.0055392	3.1294e-07	-3.1268e-07	0.0068946	-1.42e-10	-0.0069104	3.1314e-07	-3.1306e-07
0.325	-1.04193e-05	1.2553e-10	1.04421e-05	3.1224e-07	-3.1244e-07	0.0016316	8.273e-11	-0.00163	3.1232e-07	-3.1226e-07	0.0025966	7.680000000000001e-11	-0.0026008	3.1216e-07	-3.1222e-07	0.0036038	6.809000000000001e-11	-0.0035986	3.1236e-07	-3.1232e-07	0.004693	4.3470000000000006e-11	-0.004685	3.124e-07	-3.126e-07	0.0058926	-1.6030000000000002e-11	-0.0058964	3.1276e-07	-3.1272e-07	0.0073022	-1.3483e-10	-0.0073058	3.1316e-07	-3.1316e-07
0.33	-1.14998e-05	1.3893e-10	1.15003e-05	3.123e-07	-3.1214e-07	0.00178	8.229e-11	-0.0017794	3.1208e-07	-3.1206e-07	0.0028144	7.594000000000001e-11	-0.0028132	3.1208e-07	-3.1214e-07	0.0038634	6.853000000000001e-11	-0.0038634	3.122e-07	-3.124e-07	0.0050148	5.405e-11	-0.0050172	3.1244e-07	-3.1254e-07	0.0062668	-8.280000000000003e-12	-0.0062602	3.1266e-07	-3.129e-07	0.0077398	-1.2938000000000002e-10	-0.0077386	3.1338e-07	-3.1334e-07
0.335	-1.17243e-05	1.4247e-10	1.1728e-05	3.1234e-07	-3.1206e-07	0.0019406	9.703e-11	-0.0019398	3.1226e-07	-3.1212e-07	0.0030452	7.518e-11	-0.0030404	3.123e-07	-3.1218e-07	0.004156	7.163e-11	-0.0041556	3.1236e-07	-3.1242e-07	0.0053706	4.954e-11	-0.0053528	3.125e-07	-3.1252e-07	0.0066588	7.100000000000001e-13	-0.0066478	3.1282e-07	-3.1292e-07	0.0081652	-1.1479e-10	-0.0081542	3.1342e-07	-3.1334e-07
0.34	-1.1724200000000002e-05	1.6208000000000002e-10	1.15003e-05	3.1228e-07	-3.1214e-07	0.0021084	9.655e-11	-0.002107	3.1206e-07	-3.1228e-07	0.0032848	8.681e-11	-0.0032844	3.1222e-07	-3.122e-07	0.0044422	7.777e-11	-0.004442	3.122e-07	-3.1222e-07	0.0056982	5.278e-11	-0.0056972	3.1242e-07	-3.1254e-07	0.0070366	2.14e-12	-0.0070486	3.1304e-07	-3.1286e-07	0.0086262	-1.1003e-10	-0.0086138	3.1328e-07	-3.1356e-07
0.345	-1.1146e-05	1.6783e-10	1.504e-05	3.1218e-07	-3.1228e-07	0.0022868	1.0185e-10	-0.0022864	3.1206e-07	-3.1222e-07	0.003539	8.873000000000001e-11	-0.0035388	3.1226e-07	-3.1224e-07	0.0047638	8.071000000000001e-11	-0.0047642	3.1224e-07	-3.1244e-07	0.0060604	6.053000000000001e-11	-0.0060486	3.1252e-07	-3.1244e-07	0.0074546	1.133e-11	-0.007452	3.1286e-07	-3.1292e-07	0.0090696	-9.648e-11	-0.0090664	3.133e-07	-3.1346e-07
0.35	-1.619e-05	1.7686000000000002e-10	1.6372000000000002e-05	3.122e-07	-3.1214e-07	0.0024744	1.1146e-10	-0.0024758	3.1232e-07	-3.1226e-07	0.0038038	9.533e-11	-0.0038016	3.1234e-07	-3.1234e-07	0.005073	8.211e-11	-0.0050852	3.1232e-07	-3.1232e-07	0.0064276	6.647e-11	-0.0064242	3.1252e-07	-3.125e-07	0.0078812	2.265e-11	-0.0078714	3.1306e-07	-3.129e-07	0.0095282	-8.018e-11	-0.0095286	3.1336e-07	-3.1336e-07
0.355	-1.7632e-05	1.852e-10	1.7696e-05	3.1234e-07	-3.1214e-07	0.0026754	1.0797e-10	-0.0026754	3.1206e-07	-3.1224e-07	0.0040738	1.0051e-10	-0.0040746	3.1214e-07	-3.1212e-07	0.0054206	9.113e-11	-0.0054174	3.1244e-07	-3.1236e-07	0.0068198	7.987e-11	-0.0068136	3.1254e-07	-3.1252e-07	0.0083202	2.431e-11	-0.0083234	3.1298e-07	-3.1304e-07	0.0100416	-7.756e-11	-0.0100338	3.1368e-07	-3.1342e-07
0.36	-1.9076e-05	1.9592e-10	1.9036e-05	3.1224e-07	-3.124e-07	0.0028852	1.2256e-10	-0.002884	3.1216e-07	-3.121e-07	0.0043664	1.0278e-10	-0.0043664	3.1212e-07	-3.1226e-07	0.0057676	9.144000000000001e-11	-0.0057696	3.1234e-07	-3.1234e-07	0.0072262	8.474000000000001e-11	-0.007224	3.1258e-07	-3.128e-07	0.008748	3.806e-11	-0.0087468	3.131e-07	-3.1296e-07	0.0105092	-6.494000000000001e-11	-0.010507	3.1348e-07	-3.1348e-07
0.365	-2.0534e-05	2.1392e-10	2.0354e-05	3.1218e-07	-3.1218e-07	0.0031042	1.3002e-10	-0.003105	3.122e-07	-3.1212e-07	0.0046628	1.1433e-10	-0.0046628	3.1224e-07	-3.121e-07	0.006128	1.054e-10	-0.0061254	3.1254e-07	-3.1238e-07	0.0076322	8.460000000000001e-11	-0.0076282	3.1262e-07	-3.1258e-07	0.0092182	4.269e-11	-0.0092366	3.1294e-07	-3.1318e-07	0.0110462	-6.197000000000001e-11	-0.0110216	3.136e-07	-3.1366e-07
0.37	-2.1782e-05	2.2272e-10	2.1686e-05	3.1212e-07	-3.1216e-07	0.003331	1.3179000000000002e-10	-0.003332	3.1216e-07	-3.123e-07	0.0049836	1.1635e-10	-0.0049832	3.1216e-07	-3.1214e-07	0.0064966	1.1045e-10	-0.0065054	3.1236e-07	-3.1236e-07	0.0080564	9.362000000000001e-11	-0.008044	3.128e-07	-3.1256e-07	0.0097086	4.1250000000000006e-11	-0.0096962	3.1302e-07	-3.1308e-07	0.011548	-4.865e-11	-0.0115276	3.1378e-07	-3.1352e-07
0.375	-2.3192e-05	2.3243e-10	2.3234e-05	3.1216e-07	-3.1218e-07	0.0035762	1.4614e-10	-0.0035756	3.1238e-07	-3.123e-07	0.0053092	1.2362e-10	-0.0053032	3.1216e-07	-3.1236e-07	0.0068916	1.1125e-10	-0.0068912	3.1248e-07	-3.125e-07	0.0084866	8.669000000000001e-11	-0.0085012	3.1258e-07	-3.1272e-07	0.010178	5.3950000000000005e-11	-0.010169	3.1306e-07	-3.1332e-07	0.012078	-4.09e-11	-0.012092	3.1372e-07	-3.1364e-07
0.38	-2.4788e-05	2.4414e-10	2.4632e-05	3.1234e-07	-3.1208e-07	0.003829	1.556e-10	-0.0038286	3.1206e-07	-3.1224e-07	0.0056462	1.3564e-10	-0.0056498	3.124e-07	-3.1214e-07	0.0073	1.1719e-10	-0.0072796	3.124e-07	-3.1238e-07	0.0089332	9.784e-11	-0.0089394	3.1286e-07	-3.128e-07	0.0106668	5.7270000000000006e-11	-0.0106604	3.1328e-07	-3.1338e-07	0.012616	-2.905e-11	-0.012614	3.136e-07	-3.1364e-07
0.385	-2.629e-05	2.5567e-10	2.6204e-05	3.121e-07	-3.1208e-07	0.0040898	1.5781000000000002e-10	-0.0040878	3.1226e-07	-3.1206e-07	0.0060118	1.3736e-10	-0.0059956	3.1222e-07	-3.1214e-07	0.00769	1.2455e-10	-0.0077018	3.1266e-07	-3.126e-07	0.00941	1.0789000000000001e-10	-0.009419	3.127e-07	-3.128e-07	0.011168	6.474e-11	-0.0111956	3.1334e-07	-3.1334e-07	0.013188	-1.77e-11	-0.013192	3.138e-07	-3.1382e-07
0.39	-2.7474e-05	2.7914000000000003e-10	2.7732e-05	3.1218e-07	-3.1208e-07	0.0043554	1.6836e-10	-0.0043552	3.1232e-07	-3.1226e-07	0.0063672	1.4532000000000002e-10	-0.0063658	3.1246e-07	-3.123e-07	0.0081144	1.2826e-10	-0.008115	3.1262e-07	-3.1262e-07	0.0098896	1.1563e-10	-0.0098762	3.129e-07	-3.128e-07	0.011718	8.012e-11	-0.011701	3.1342e-07	-3.132e-07	0.013738	-1.167e-11	-0.013724	3.1384e-07	-3.1398e-07
0.395	-2.9196e-05	3.0272e-10	2.9072e-05	3.1234e-07	-3.1214e-07	0.0046392	1.7111000000000002e-10	-0.0046372	3.1234e-07	-3.1214e-07	0.0067326	1.4562e-10	-0.0067368	3.1222e-07	-3.1232e-07	0.0085528	1.3867000000000002e-10	-0.0085522	3.1242e-07	-3.1244e-07	0.0103574	1.2449e-10	-0.0103584	3.1288e-07	-3.1302e-07	0.012256	8.684e-11	-0.01222	3.1324e-07	-3.1322e-07	0.014328	-5.2600000000000014e-12	-0.014298	3.1398e-07	-3.1396e-07
0.4	-3.0498e-05	3.0773000000000003e-10	3.0694e-05	3.1238e-07	-3.1232e-07	0.0049218	1.8726e-10	-0.0049224	3.1212e-07	-3.1212e-07	0.0071212	1.5052e-10	-0.0071234	3.1222e-07	-3.1238e-07	0.0089998	1.4063e-10	-0.008991	3.125e-07	-3.125e-07	0.0108486	1.3064e-10	-0.010844	3.1284e-07	-3.128e-07	0.012772	9.157e-11	-0.012758	3.1334e-07	-3.1328e-07	0.014894	9.590000000000003e-12	-0.01489	3.1392e-07	-3.1392e-07
0.405	-3.2286e-05	3.3285000000000004e-10	3.2160000000000004e-05	3.123e-07	-3.1218e-07	0.005224	2.03e-10	-0.005224	3.122e-07	-3.1236e-07	0.007525	1.5895e-10	-0.0075276	3.1238e-07	-3.1224e-07	0.0094518	1.503e-10	-0.009448	3.127e-07	-3.1272e-07	0.0113728	1.2842e-10	-0.0113984	3.1298e-07	-3.13e-07	0.013336	9.573e-11	-0.013328	3.1358e-07	-3.1334e-07	0.015478	1.7600000000000003e-11	-0.015464	3.1402e-07	-3.1396e-07
0.41	-3.3884e-05	3.5165e-10	3.3744e-05	3.1234e-07	-3.1234e-07	0.0055286	2.0322e-10	-0.005528	3.1214e-07	-3.1208e-07	0.007922	1.7265000000000002e-10	-0.0079152	3.1246e-07	-3.1224e-07	0.0099278	1.6346000000000002e-10	-0.009917	3.1254e-07	-3.1242e-07	0.01189	1.4386e-10	-0.011874	3.1304e-07	-3.1304e-07	0.013884	9.642e-11	-0.013872	3.1346e-07	-3.1356e-07	0.016082	3.209e-11	-0.016066	3.1408e-07	-3.1408e-07
0.415	-3.5332e-05	3.7193e-10	3.5124000000000005e-05	3.1234e-07	-3.1212e-07	0.0058454	2.1391e-10	-0.0058436	3.1214e-07	-3.1212e-07	0.0083506	1.7948e-10	-0.0083474	3.1224e-07	-3.1224e-07	0.0103996	1.5822000000000002e-10	-0.0104132	3.1268e-07	-3.1256e-07	0.012422	1.471e-10	-0.012408	3.1312e-07	-3.1314e-07	0.014466	1.1042e-10	-0.01445	3.134e-07	-3.1362e-07	0.016728	3.9720000000000006e-11	-0.016716	3.1408e-07	-3.1416e-07
0.42	-3.6762e-05	3.8989e-10	3.696e-05	3.121e-07	-3.1208e-07	0.006166	2.2271000000000003e-10	-0.0061658	3.1228e-07	-3.1226e-07	0.0087716	1.7764000000000002e-10	-0.0087654	3.1224e-07	-3.1222e-07	0.0108848	1.6749e-10	-0.010893	3.1258e-07	-3.1278e-07	0.012958	1.5887000000000002e-10	-0.012952	3.1304e-07	-3.1308e-07	0.015048	1.2104e-10	-0.015026	3.1346e-07	-3.137e-07	0.01731	5.353e-11	-0.017288	3.1418e-07	-3.1428e-07
0.425	-3.8398e-05	4.0723000000000005e-10	3.8188e-05	3.1228e-07	-3.1214e-07	0.0064954	2.3609e-10	-0.0064962	3.1208e-07	-3.123e-07	0.00922	2.0196e-10	-0.0092164	3.123e-07	-3.1224e-07	0.0113936	1.6796e-10	-0.0113874	3.1258e-07	-3.1254e-07	0.013524	1.6585e-10	-0.013516	3.1296e-07	-3.131e-07	0.015638	1.3221e-10	-0.01563	3.1352e-07	-3.1372e-07	0.01795	5.6940000000000006e-11	-0.017928	3.1454e-07	-3.1452e-07
0.43	-3.9616e-05	4.3234e-10	4.0016e-05	3.1218e-07	-3.1236e-07	0.0068322	2.5738e-10	-0.0068292	3.1212e-07	-3.1214e-07	0.0096674	2.0447e-10	-0.009665	3.1228e-07	-3.1246e-07	0.011916	1.8789e-10	-0.011902	3.128e-07	-3.126e-07	0.01408	1.6045000000000002e-10	-0.014054	3.13e-07	-3.1294e-07	0.016212	1.4668e-10	-0.01621	3.1382e-07	-3.1366e-07	0.018588	6.444e-11	-0.018586	3.1434e-07	-3.1422e-07
0.435	-4.11e-05	4.514e-10	4.1468e-05	3.1216e-07	-3.1232e-07	0.0071748	2.5917e-10	-0.0071774	3.121e-07	-3.1218e-07	0.0101364	2.203e-10	-0.0101362	3.124e-07	-3.1228e-07	0.012438	1.928e-10	-0.012426	3.126e-07	-3.1256e-07	0.014624	1.7272000000000002e-10	-0.014618	3.1328e-07	-3.1306e-07	0.01682	1.3947e-10	-0.016814	3.1366e-07	-3.1368e-07	0.019212	8.238e-11	-0.019196	3.1442e-07	-3.1438e-07
0.44	-4.2808e-05	4.841300000000001e-10	4.259e-05	3.1212e-07	-3.1204e-07	0.0075236	2.6892000000000004e-10	-0.007525	3.1214e-07	-3.1234e-07	0.0105986	2.2867e-10	-0.010594	3.1248e-07	-3.1242e-07	0.012974	1.9677e-10	-0.012964	3.127e-07	-3.1286e-07	0.015202	1.8463e-10	-0.015196	3.1316e-07	-3.1314e-07	0.017452	1.5686000000000001e-10	-0.017444	3.1376e-07	-3.1364e-07	0.019848	8.647000000000001e-11	-0.01984	3.1458e-07	-3.1438e-07
0.445	-4.4524e-05	5.174800000000001e-10	4.4752e-05	3.1222e-07	-3.1214e-07	0.00788	2.9004e-10	-0.00788	3.1238e-07	-3.1236e-07	0.0110814	2.3438e-10	-0.0110724	3.1244e-07	-3.1244e-07	0.013544	2.1218e-10	-0.013536	3.1288e-07	-3.1268e-07	0.01579	1.8985e-10	-0.015792	3.1316e-07	-3.1314e-07	0.018066	1.582e-10	-0.018052	3.1376e-07	-3.138e-07	0.020546	1.0242e-10	-0.020524	3.146e-07	-3.1452e-07
0.45	-4.5644e-05	5.430000000000001e-10	4.581e-05	3.1216e-07	-3.1224e-07	0.008237	3.0855000000000004e-10	-0.0082358	3.1216e-07	-3.123e-07	0.011574	2.4065000000000004e-10	-0.0115588	3.1254e-07	-3.123e-07	0.014064	2.2096e-10	-0.014042	3.1294e-07	-3.128e-07	0.016402	2.0352e-10	-0.016378	3.1342e-07	-3.1314e-07	0.018702	1.7223e-10	-0.018688	3.1396e-07	-3.1394e-07	0.021192	1.0979e-10	-0.02116	3.1476e-07	-3.1462e-07
0.455	-4.6828e-05	5.6435e-10	4.6974e-05	3.1212e-07	-3.1208e-07	0.008605	3.1094e-10	-0.0086008	3.1232e-07	-3.1222e-07	0.01206	2.5917e-10	-0.012062	3.1258e-07	-3.1254e-07	0.014624	2.3128000000000003e-10	-0.014616	3.1276e-07	-3.1276e-07	0.017014	2.096e-10	-0.017004	3.1346e-07	-3.1318e-07	0.019316	1.8819e-10	-0.019312	3.139e-07	-3.1392e-07	0.021884	1.15e-10	-0.021864	3.1464e-07	-3.148e-07
0.46	-4.8364e-05	5.9841e-10	4.8318e-05	3.1206e-07	-3.123e-07	0.0089676	3.3611000000000004e-10	-0.0089682	3.1232e-07	-3.123e-07	0.012554	2.6313e-10	-0.012552	3.1266e-07	-3.1266e-07	0.015182	2.3790000000000003e-10	-0.015186	3.1276e-07	-3.129e-07	0.017592	2.1211e-10	-0.017582	3.1328e-07	-3.134e-07	0.019976	1.9375e-10	-0.01997	3.1422e-07	-3.139e-07	0.022518	1.2514000000000002e-10	-0.02254	3.148e-07	-3.1474e-07
0.465	-4.9622e-05	6.1384e-10	4.9594e-05	3.1222e-07	-3.1218e-07	0.009343	3.5169e-10	-0.0093426	3.1236e-07	-3.1214e-07	0.013084	2.7412000000000003e-10	-0.013076	3.1262e-07	-3.1248e-07	0.015754	2.4207e-10	-0.015758	3.1302e-07	-3.13e-07	0.018224	2.3186e-10	-0.018218	3.1352e-07	-3.1326e-07	0.020634	1.9573e-10	-0.02061	3.1424e-07	-3.1396e-07	0.023208	1.4154e-10	-0.023208	3.149e-07	-3.15e-07
0.47	-5.097e-05	6.601400000000001e-10	5.0826e-05	3.124e-07	-3.1236e-07	0.0097098	3.6126000000000005e-10	-0.0097114	3.1224e-07	-3.1218e-07	0.013592	2.8665000000000004e-10	-0.013588	3.126e-07	-3.124e-07	0.016342	2.5549e-10	-0.016334	3.1304e-07	-3.1278e-07	0.018832	2.3522000000000004e-10	-0.018822	3.1342e-07	-3.1352e-07	0.021274	2.0509e-10	-0.021272	3.1408e-07	-3.1398e-07	0.023918	1.5116000000000002e-10	-0.0239	3.1504e-07	-3.1484e-07
0.475	-5.2176e-05	6.833e-10	5.229e-05	3.122e-07	-3.1214e-07	0.0100882	3.7641000000000005e-10	-0.0100878	3.1216e-07	-3.1222e-07	0.014128	3.0402e-10	-0.014118	3.1244e-07	-3.125e-07	0.016942	2.7077000000000004e-10	-0.016922	3.1304e-07	-3.1308e-07	0.019482	2.4111e-10	-0.019452	3.136e-07	-3.1344e-07	0.02195	2.1058e-10	-0.021936	3.1434e-07	-3.1402e-07	0.02464	1.7300000000000002e-10	-0.024594	3.1502e-07	-3.1504e-07
0.48	-5.3966000000000005e-05	7.267000000000001e-10	5.3934e-05	3.1218e-07	-3.1214e-07	0.0104622	4.0201e-10	-0.0104616	3.1222e-07	-3.122e-07	0.014674	3.0959e-10	-0.014666	3.1264e-07	-3.1262e-07	0.017528	2.7842e-10	-0.017524	3.1312e-07	-3.1312e-07	0.020116	2.5891000000000004e-10	-0.020088	3.1354e-07	-3.1356e-07	0.022612	2.2533e-10	-0.022606	3.144e-07	-3.144e-07	0.025326	1.6845000000000002e-10	-0.025294	3.1502e-07	-3.1522e-07
0.485	-5.4822000000000005e-05	7.5997e-10	5.5226e-05	3.124e-07	-3.1216e-07	0.0108446	4.1211e-10	-0.0108432	3.1234e-07	-3.1214e-07	0.01522	3.1838000000000004e-10	-0.01521	3.1256e-07	-3.124e-07	0.018142	2.9076000000000004e-10	-0.018124	3.1316e-07	-3.1316e-07	0.020778	2.6067000000000004e-10	-0.020764	3.1346e-07	-3.135e-07	0.023284	2.365e-10	-0.023294	3.1434e-07	-3.1416e-07	0.02603	1.8164e-10	-0.026018	3.1512e-07	-3.151e-07
0.49	-5.6276e-05	7.9113e-10	5.622e-05	3.1224e-07	-3.1212e-07	0.0112176	4.4821000000000005e-10	-0.011216	3.1216e-07	-3.1218e-07	0.015742	3.2965000000000005e-10	-0.015732	3.1272e-07	-3.1266e-07	0.018746	3.0115000000000004e-10	-0.01872	3.1306e-07	-3.1298e-07	0.02141	2.7532000000000004e-10	-0.021402	3.1354e-07	-3.135e-07	0.023984	2.5235e-10	-0.023976	3.1446e-07	-3.144e-07	0.026742	1.949e-10	-0.02671	3.1532e-07	-3.1524e-07
0.495	-5.7262e-05	8.3251e-10	5.7326e-05	3.1234e-07	-3.1234e-07	0.011612	4.6557e-10	-0.011604	3.1224e-07	-3.122e-07	0.01631	3.4419000000000003e-10	-0.016296	3.1252e-07	-3.1244e-07	0.019342	3.0647000000000003e-10	-0.01934	3.13e-07	-3.1292e-07	0.022058	2.7574e-10	-0.02205	3.1374e-07	-3.1362e-07	0.02469	2.5006e-10	-0.024674	3.1456e-07	-3.1426e-07	0.02745	2.0715e-10	-0.027438	3.1544e-07	-3.1532e-07
0.5	-5.8196e-05	8.7515e-10	5.8232e-05	3.1232e-07	-3.123e-07	0.011988	4.898700000000001e-10	-0.011982	3.1248e-07	-3.1224e-07	0.016842	3.6266e-10	-0.016838	3.1252e-07	-3.1252e-07	0.01998	3.2199000000000004e-10	-0.019972	3.1318e-07	-3.1324e-07	0.022726	3.0092000000000003e-10	-0.022718	3.1358e-07	-3.1374e-07	0.025376	2.6926e-10	-0.02537	3.1458e-07	-3.1458e-07	0.028166	2.1551e-10	-0.028178	3.1536e-07	-3.1536e-07
0.505	-5.9542e-05	9.1061e-10	5.9444e-05	3.1214e-07	-3.1226e-07	0.012368	4.9796e-10	-0.012358	3.1222e-07	-3.124e-07	0.01743	3.7878e-10	-0.01742	3.1276e-07	-3.1276e-07	0.020618	3.2555000000000003e-10	-0.020608	3.13e-07	-3.1302e-07	0.023386	3.1081000000000004e-10	-0.0234	3.1388e-07	-3.138e-07	0.026076	2.7737000000000005e-10	-0.026082	3.145e-07	-3.1462e-07	0.028904	2.3161e-10	-0.028886	3.1544e-07	-3.1574e-07
0.51	-6.0736e-05	9.5453e-10	6.0976e-05	3.1228e-07	-3.123e-07	0.012738	5.241600000000001e-10	-0.01273	3.1228e-07	-3.1244e-07	0.01799	3.8900000000000005e-10	-0.01799	3.126e-07	-3.127e-07	0.021232	3.4172000000000004e-10	-0.021212	3.131e-07	-3.1326e-07	0.024058	3.2136e-10	-0.02407	3.137e-07	-3.1376e-07	0.02679	2.8013000000000004e-10	-0.026794	3.1456e-07	-3.1474e-07	0.029626	2.4766e-10	-0.029624	3.1574e-07	-3.1554e-07
0.515	-6.191600000000001e-05	1.00658e-09	6.179200000000001e-05	3.1222e-07	-3.121e-07	0.013112	5.337300000000001e-10	-0.013102	3.1252e-07	-3.123e-07	0.018562	4.0565e-10	-0.018562	3.1276e-07	-3.1274e-07	0.02189	3.6079000000000005e-10	-0.021888	3.1328e-07	-3.1312e-07	0.024754	3.2746e-10	-0.024738	3.1386e-07	-3.1378e-07	0.02749	3.1438e-10	-0.027486	3.1458e-07	-3.1482e-07	0.03037	2.5374e-10	-0.030382	3.1588e-07	-3.158e-07
0.52	-6.2414e-05	1.04838e-09	6.2758e-05	3.121e-07	-3.1232e-07	0.013484	5.6445e-10	-0.013472	3.1244e-07	-3.1238e-07	0.019172	4.2155e-10	-0.01916	3.1264e-07	-3.126e-07	0.022514	3.7504e-10	-0.022488	3.1332e-07	-3.133e-07	0.02545	3.3937000000000004e-10	-0.025422	3.1408e-07	-3.1406e-07	0.0282	3.1129e-10	-0.028234	3.1464e-07	-3.1462e-07	0.031106	2.6273000000000003e-10	-0.031116	3.1596e-07	-3.1588e-07
0.525	-6.4058e-05	1.08646e-09	6.3892e-05	3.1214e-07	-3.1232e-07	0.013852	6.0046e-10	-0.013842	3.1246e-07	-3.1238e-07	0.019714	4.3308e-10	-0.019704	3.1276e-07	-3.1274e-07	0.023188	3.8105e-10	-0.023192	3.1332e-07	-3.1338e-07	0.026102	3.6204e-10	-0.026088	3.1394e-07	-3.1398e-07	0.028922	3.3162000000000004e-10	-0.028892	3.15e-07	-3.15e-07	0.031854	2.8069000000000004e-10	-0.031848	3.1606e-07	-3.1606e-07
0.53	-6.427e-05	1.1286e-09	6.4218e-05	3.124e-07	-3.1214e-07	0.014208	6.273800000000001e-10	-0.0142	3.123e-07	-3.1244e-07	0.020284	4.541e-10	-0.02028	3.1284e-07	-3.1262e-07	0.023834	4.0035e-10	-0.023826	3.132e-07	-3.1332e-07	0.02681	3.7130000000000005e-10	-0.026794	3.1418e-07	-3.1412e-07	0.029652	3.3963000000000005e-10	-0.02964	3.151e-07	-3.1508e-07	0.032616	2.9202000000000004e-10	-0.032602	3.16e-07	-3.1596e-07
0.535	-6.5332e-05	1.1968e-09	6.5424e-05	3.1214e-07	-3.1216e-07	0.014576	6.3986e-10	-0.014566	3.1224e-07	-3.124e-07	0.020892	4.6635e-10	-0.020882	3.1268e-07	-3.1262e-07	0.024492	4.073e-10	-0.024478	3.1332e-07	-3.1316e-07	0.027524	3.856e-10	-0.027512	3.1424e-07	-3.1398e-07	0.030396	3.4335e-10	-0.03038	3.1488e-07	-3.1486e-07	0.033386	3.1739000000000003e-10	-0.03337	3.1612e-07	-3.1616e-07
0.54	-6.64e-05	1.2507e-09	6.6126e-05	3.1234e-07	-3.1208e-07	0.014928	6.6769e-10	-0.01492	3.1218e-07	-3.1224e-07	0.021476	4.968100000000001e-10	-0.02146	3.128e-07	-3.1278e-07	0.025168	4.2846e-10	-0.025188	3.1338e-07	-3.1346e-07	0.028242	4.0006e-10	-0.028228	3.1424e-07	-3.1404e-07	0.031112	3.6158e-10	-0.031118	3.1504e-07	-3.1498e-07	0.034128	3.1811e-10	-0.034126	3.1608e-07	-3.1606e-07
0.545	-6.7328e-05	1.3054e-09	6.7346e-05	3.1214e-07	-3.121e-07	0.015282	7.062100000000001e-10	-0.015278	3.1226e-07	-3.122e-07	0.022064	5.1138e-10	-0.02205	3.1276e-07	-3.1278e-07	0.025818	4.3763e-10	-0.02582	3.133e-07	-3.1348e-07	0.028932	4.0813e-10	-0.028924	3.1402e-07	-3.1422e-07	0.031856	3.8225000000000005e-10	-0.03187	3.1512e-07	-3.1512e-07	0.034896	3.3418000000000003e-10	-0.034874	3.1616e-07	-3.1616e-07
0.55	-6.8354e-05	1.3625e-09	6.836800000000001e-05	3.121e-07	-3.1212e-07	0.01562	7.3419e-10	-0.015614	3.1248e-07	-3.1242e-07	0.022648	5.3272e-10	-0.02264	3.1282e-07	-3.1262e-07	0.026474	4.6031e-10	-0.026472	3.1342e-07	-3.134e-07	0.029654	4.2601e-10	-0.029652	3.1412e-07	-3.1414e-07	0.032582	3.9099e-10	-0.032596	3.1518e-07	-3.1512e-07	0.035654	3.5377e-10	-0.035634	3.1634e-07	-3.1636e-07
0.555	-6.9572e-05	1.4159e-09	6.9706e-05	3.121e-07	-3.1228e-07	0.01597	7.64e-10	-0.015964	3.1224e-07	-3.1248e-07	0.023246	5.467700000000001e-10	-0.023248	3.1272e-07	-3.1292e-07	0.02715	4.712600000000001e-10	-0.027184	3.1346e-07	-3.1342e-07	0.03037	4.3687e-10	-0.030378	3.1436e-07	-3.1414e-07	0.033342	4.0883e-10	-0.03335	3.1538e-07	-3.1522e-07	0.036414	3.6206e-10	-0.036406	3.1636e-07	-3.1646e-07
0.56	-7.0356e-05	1.4953e-09	7.0582e-05	3.1212e-07	-3.1224e-07	0.016308	7.9858e-10	-0.016298	3.1252e-07	-3.125e-07	0.023842	5.6323e-10	-0.023826	3.1276e-07	-3.128e-07	0.027848	4.877100000000001e-10	-0.027842	3.136e-07	-3.1356e-07	0.031104	4.5247e-10	-0.031072	3.1424e-07	-3.142e-07	0.034114	4.1954e-10	-0.034096	3.1548e-07	-3.152e-07	0.037198	3.7569e-10	-0.037176	3.1648e-07	-3.164e-07
0.565	-7.1004e-05	1.5512e-09	7.1028e-05	3.1218e-07	-3.1218e-07	0.01664	8.395200000000001e-10	-0.01663	3.1234e-07	-3.1234e-07	0.024442	5.9418e-10	-0.024426	3.1284e-07	-3.1286e-07	0.028538	5.1015e-10	-0.028546	3.1366e-07	-3.1362e-07	0.031832	4.720400000000001e-10	-0.031812	3.143e-07	-3.1434e-07	0.034902	4.2436e-10	-0.03491	3.1558e-07	-3.1554e-07	0.037964	4.0784e-10	-0.037946	3.1654e-07	-3.1654e-07
0.57	-7.1826e-05	1.6298e-09	7.1814e-05	3.1214e-07	-3.1212e-07	0.016962	8.7036e-10	-0.016956	3.1226e-07	-3.123e-07	0.025022	6.1391e-10	-0.025018	3.1298e-07	-3.1282e-07	0.029238	5.222900000000001e-10	-0.029216	3.1372e-07	-3.1346e-07	0.03255	4.8376e-10	-0.032536	3.1454e-07	-3.144e-07	0.0356	4.5163e-10	-0.035588	3.1564e-07	-3.1548e-07	0.038746	4.1359e-10	-0.038722	3.168e-07	-3.1664e-07
0.575	-7.2648e-05	1.69e-09	7.250400000000002e-05	3.1208e-07	-3.1212e-07	0.017286	9.0157e-10	-0.017282	3.125e-07	-3.123e-07	0.025654	6.2494e-10	-0.025624	3.128e-07	-3.1296e-07	0.02991	5.432400000000001e-10	-0.029902	3.136e-07	-3.1356e-07	0.033308	4.9421e-10	-0.033308	3.1462e-07	-3.1462e-07	0.036382	4.6537e-10	-0.036372	3.1572e-07	-3.1554e-07	0.039516	4.2663000000000006e-10	-0.039514	3.1696e-07	-3.169e-07
0.58	-7.3448e-05	1.7643e-09	7.3272e-05	3.1212e-07	-3.1236e-07	0.0176	9.4985e-10	-0.017594	3.1244e-07	-3.1246e-07	0.026214	6.636500000000001e-10	-0.026208	3.1292e-07	-3.1282e-07	0.030616	5.533400000000001e-10	-0.03061	3.136e-07	-3.138e-07	0.034036	5.2412e-10	-0.034022	3.1438e-07	-3.1454e-07	0.037142	4.866600000000001e-10	-0.037114	3.1574e-07	-3.156e-07	0.040286	4.4261e-10	-0.040296	3.1696e-07	-3.1698e-07
0.585	-7.442600000000002e-05	1.8543e-09	7.4364e-05	3.1222e-07	-3.1206e-07	0.017908	9.8748e-10	-0.0179	3.1258e-07	-3.1236e-07	0.02682	6.870700000000001e-10	-0.026812	3.1288e-07	-3.1298e-07	0.03129	5.8207e-10	-0.031278	3.1378e-07	-3.138e-07	0.034732	5.2109e-10	-0.034764	3.1452e-07	-3.1464e-07	0.0379	4.9955e-10	-0.037898	3.1584e-07	-3.1576e-07	0.041072	4.5828e-10	-0.041054	3.1716e-07	-3.171e-07
0.59	-7.4848e-05	1.9193e-09	7.488e-05	3.121e-07	-3.1212e-07	0.018212	1.02174e-09	-0.018202	3.1232e-07	-3.1248e-07	0.027408	7.0086e-10	-0.027402	3.1292e-07	-3.1312e-07	0.031992	6.096e-10	-0.03198	3.1366e-07	-3.1386e-07	0.035496	5.408300000000001e-10	-0.03547	3.1454e-07	-3.1474e-07	0.038678	5.1187e-10	-0.038636	3.1572e-07	-3.159e-07	0.04186	4.74e-10	-0.041862	3.1722e-07	-3.172e-07
0.595	-7.5428e-05	2.0047e-09	7.553e-05	3.1212e-07	-3.123e-07	0.018512	1.06853e-09	-0.018506	3.1244e-07	-3.1252e-07	0.028004	7.3356e-10	-0.027996	3.131e-07	-3.129e-07	0.032696	6.142800000000001e-10	-0.032682	3.1384e-07	-3.137e-07	0.036222	5.7152e-10	-0.036232	3.1462e-07	-3.146e-07	0.039418	5.2262e-10	-0.039434	3.1578e-07	-3.1598e-07	0.042658	4.950500000000001e-10	-0.042652	3.1722e-07	-3.1724e-07
0.6	-7.6464e-05	2.0959e-09	7.611e-05	3.1206e-07	-3.1204e-07	0.018802	1.12332e-09	-0.018792	3.1244e-07	-3.1228e-07	0.02859	7.4937e-10	-0.02858	3.1292e-07	-3.129e-07	0.03344	6.4277e-10	-0.03339	3.137e-07	-3.1364e-07	0.036984	5.785300000000001e-10	-0.036974	3.1466e-07	-3.1484e-07	0.040214	5.4857e-10	-0.040184	3.1586e-07	-3.1604e-07	0.043444	5.191700000000001e-10	-0.043452	3.1718e-07	-3.172e-07
0.605	-7.7034e-05	2.1888e-09	7.7042e-05	3.1222e-07	-3.1214e-07	0.019086	1.1674e-09	-0.019078	3.125e-07	-3.125e-07	0.029168	7.8015e-10	-0.029164	3.1314e-07	-3.1296e-07	0.03409	6.596100000000001e-10	-0.034096	3.1376e-07	-3.137e-07	0.037728	5.975600000000001e-10	-0.03772	3.148e-07	-3.1468e-07	0.040996	5.724300000000001e-10	-0.040986	3.1612e-07	-3.1594e-07	0.044244	5.253300000000001e-10	-0.044222	3.1742e-07	-3.1746e-07
0.61	-7.7386e-05	2.2764e-09	7.7304e-05	3.1236e-07	-3.1232e-07	0.019364	1.2075e-09	-0.019356	3.1238e-07	-3.1236e-07	0.029758	8.1196e-10	-0.029748	3.1292e-07	-3.13e-07	0.034812	6.737400000000001e-10	-0.034794	3.1372e-07	-3.1384e-07	0.038484	6.215000000000001e-10	-0.038474	3.1472e-07	-3.1476e-07	0.041748	5.769900000000001e-10	-0.041762	3.1616e-07	-3.1614e-07	0.044982	5.5068e-10	-0.045026	3.1726e-07	-3.1726e-07
0.615	-7.7976e-05	2.3769e-09	7.8086e-05	3.1232e-07	-3.1204e-07	0.019646	1.2579e-09	-0.01963	3.1244e-07	-3.125e-07	0.030332	8.4676e-10	-0.030324	3.1298e-07	-3.1308e-07	0.035512	7.023400000000001e-10	-0.035516	3.138e-07	-3.1386e-07	0.039228	6.4013e-10	-0.039216	3.1482e-07	-3.1504e-07	0.04255	6.031e-10	-0.042538	3.1606e-07	-3.1606e-07	0.045828	5.6024e-10	-0.045848	3.175e-07	-3.1742e-07
0.62	-7.833e-05	2.4696e-09	7.875e-05	3.1234e-07	-3.1214e-07	0.019902	1.3101e-09	-0.019896	3.1232e-07	-3.1234e-07	0.030912	8.688e-10	-0.030908	3.1322e-07	-3.1314e-07	0.036198	7.2444e-10	-0.036194	3.1382e-07	-3.1384e-07	0.03997	6.628300000000001e-10	-0.03999	3.1484e-07	-3.149e-07	0.043306	6.213e-10	-0.043298	3.1612e-07	-3.1632e-07	0.046638	5.843400000000001e-10	-0.046634	3.1776e-07	-3.1774e-07
0.625	-7.9558e-05	2.588e-09	7.9788e-05	3.1218e-07	-3.121e-07	0.02017	1.3711e-09	-0.02016	3.1254e-07	-3.1244e-07	0.031492	9.0309e-10	-0.031474	3.1322e-07	-3.1324e-07	0.036918	7.5405e-10	-0.036902	3.1408e-07	-3.1386e-07	0.04075	6.8405e-10	-0.040738	3.1504e-07	-3.148e-07	0.044116	6.3719e-10	-0.044104	3.163e-07	-3.164e-07	0.04749	6.158100000000001e-10	-0.047458	3.179e-07	-3.1786e-07
0.63	-8.039e-05	2.6915e-09	8.0414e-05	3.1228e-07	-3.1208e-07	0.02042	1.4315e-09	-0.020414	3.1254e-07	-3.1238e-07	0.032048	9.3799e-10	-0.03204	3.1306e-07	-3.1306e-07	0.03764	7.8001e-10	-0.037614	3.1402e-07	-3.1392e-07	0.041504	7.0407e-10	-0.041468	3.152e-07	-3.1512e-07	0.044894	6.689500000000001e-10	-0.044882	3.166e-07	-3.1648e-07	0.048226	6.2289e-10	-0.048228	3.178e-07	-3.177e-07
0.635	-8.077e-05	2.7915e-09	8.0772e-05	3.1222e-07	-3.1228e-07	0.020676	1.4894e-09	-0.020662	3.1246e-07	-3.1248e-07	0.032622	9.7471e-10	-0.03262	3.131e-07	-3.131e-07	0.038356	8.0323e-10	-0.03834	3.14e-07	-3.141e-07	0.042272	7.2644e-10	-0.04226	3.1506e-07	-3.1516e-07	0.045684	6.8077e-10	-0.045666	3.1656e-07	-3.1638e-07	0.049046	6.4549e-10	-0.049056	3.1786e-07	-3.178e-07
0.64	-8.1378e-05	2.912e-09	8.1432e-05	3.1216e-07	-3.1212e-07	0.020912	1.5443e-09	-0.020908	3.1266e-07	-3.1264e-07	0.033172	1.00471e-09	-0.033168	3.1308e-07	-3.1324e-07	0.039062	8.1742e-10	-0.039054	3.1422e-07	-3.1416e-07	0.043018	7.5736e-10	-0.043008	3.151e-07	-3.1522e-07	0.046472	7.0514e-10	-0.04644	3.1664e-07	-3.1646e-07	0.049848	6.6809e-10	-0.049824	3.18e-07	-3.1794e-07
0.645	-8.1238e-05	3.0406e-09	8.1274e-05	3.1234e-07	-3.122e-07	0.02115	1.6109e-09	-0.021142	3.1234e-07	-3.1232e-07	0.033734	1.04681e-09	-0.03373	3.1328e-07	-3.1332e-07	0.039738	8.5027e-10	-0.03973	3.1422e-07	-3.1404e-07	0.043768	7.673800000000001e-10	-0.043772	3.1512e-07	-3.1508e-07	0.047276	7.3543e-10	-0.047246	3.166e-07	-3.166e-07	0.05066	6.843100000000001e-10	-0.050638	3.1808e-07	-3.1804e-07
0.65	-8.1752e-05	3.1665e-09	8.174e-05	3.1232e-07	-3.1212e-07	0.021384	1.6829e-09	-0.021372	3.1246e-07	-3.1262e-07	0.034278	1.07552e-09	-0.034264	3.1322e-07	-3.1328e-07	0.040448	8.8206e-10	-0.040432	3.1404e-07	-3.1412e-07	0.044528	7.9425e-10	-0.044532	3.153e-07	-3.1542e-07	0.048052	7.4739e-10	-0.04804	3.168e-07	-3.1654e-07	0.051446	7.0924e-10	-0.051444	3.182e-07	-3.1814e-07
0.655	-8.289400000000001e-05	3.3115e-09	8.3124e-05	3.122e-07	-3.1206e-07	0.021608	1.7544e-09	-0.0216	3.1252e-07	-3.1266e-07	0.034824	1.1188e-09	-0.034806	3.1324e-07	-3.1328e-07	0.041172	9.112099999999999e-10	-0.041172	3.1408e-07	-3.1406e-07	0.045312	8.1484e-10	-0.045306	3.1524e-07	-3.1546e-07	0.04885	7.7017e-10	-0.048824	3.1692e-07	-3.169e-07	0.052254	7.3131e-10	-0.052238	3.1844e-07	-3.1826e-07
0.66	-8.3494e-05	3.4343e-09	8.3616e-05	3.1228e-07	-3.123e-07	0.021826	1.8214e-09	-0.02182	3.1258e-07	-3.124e-07	0.035346	1.156e-09	-0.03535	3.1316e-07	-3.1316e-07	0.041896	9.3783e-10	-0.041874	3.1436e-07	-3.1416e-07	0.046066	8.375e-10	-0.04606	3.1536e-07	-3.1536e-07	0.04964	7.9106e-10	-0.049636	3.1696e-07	-3.1692e-07	0.053076	7.5972e-10	-0.053024	3.1852e-07	-3.1826e-07
0.665	-8.4014e-05	3.59e-09	8.3632e-05	3.122e-07	-3.1212e-07	0.022044	1.9004e-09	-0.022036	3.1258e-07	-3.1236e-07	0.035872	1.1997e-09	-0.035872	3.1334e-07	-3.1316e-07	0.04259	9.7033e-10	-0.042596	3.1424e-07	-3.1416e-07	0.046832	8.713400000000001e-10	-0.046812	3.1548e-07	-3.1556e-07	0.050424	8.1738e-10	-0.05042	3.1684e-07	-3.1678e-07	0.053888	7.8504e-10	-0.053882	3.1846e-07	-3.184e-07
0.67	-8.45e-05	3.7437e-09	8.467e-05	3.1216e-07	-3.1214e-07	0.022254	1.963e-09	-0.022252	3.1242e-07	-3.1236e-07	0.03641	1.2531e-09	-0.036406	3.1316e-07	-3.1318e-07	0.043302	9.9587e-10	-0.043286	3.1446e-07	-3.1422e-07	0.047604	9.076e-10	-0.047588	3.1566e-07	-3.1552e-07	0.051252	8.5241e-10	-0.051202	3.172e-07	-3.1694e-07	0.054712	8.064800000000001e-10	-0.054706	3.186e-07	-3.187e-07
0.675	-8.4762e-05	3.8962e-09	8.464e-05	3.1228e-07	-3.1234e-07	0.022456	2.0559e-09	-0.022452	3.1234e-07	-3.1236e-07	0.03693	1.2939e-09	-0.03692	3.1322e-07	-3.132e-07	0.043998	1.03047e-09	-0.043996	3.1446e-07	-3.1444e-07	0.048384	9.2339e-10	-0.04838	3.1554e-07	-3.1564e-07	0.052026	8.728200000000001e-10	-0.051992	3.1696e-07	-3.1702e-07	0.05553	8.3709e-10	-0.05548	3.187e-07	-3.1882e-07
0.68	-8.4886e-05	4.0723e-09	8.4812e-05	3.1216e-07	-3.1216e-07	0.022662	2.146e-09	-0.022656	3.1248e-07	-3.125e-07	0.037436	1.3435e-09	-0.03742	3.1338e-07	-3.1308e-07	0.044698	1.04913e-09	-0.04471	3.143e-07	-3.1444e-07	0.049144	9.5863e-10	-0.049148	3.155e-07	-3.155e-07	0.052806	9.0472e-10	-0.052788	3.1712e-07	-3.1714e-07	0.056342	8.5588e-10	-0.056294	3.1894e-07	-3.1884e-07
0.685	-8.5118e-05	4.234e-09	8.5184e-05	3.122e-07	-3.1214e-07	0.022856	2.2237e-09	-0.022846	3.1232e-07	-3.126e-07	0.037936	1.3957e-09	-0.037926	3.1336e-07	-3.1326e-07	0.045416	1.08541e-09	-0.045394	3.1448e-07	-3.145e-07	0.049916	9.6898e-10	-0.049902	3.156e-07	-3.155e-07	0.053618	9.234699999999999e-10	-0.053582	3.172e-07	-3.1724e-07	0.057098	8.9137e-10	-0.057116	3.188e-07	-3.1878e-07
0.69	-8.5522e-05	4.402e-09	8.5988e-05	3.1234e-07	-3.1218e-07	0.023046	2.32e-09	-0.02304	3.1252e-07	-3.1252e-07	0.038434	1.4412e-09	-0.03842	3.1346e-07	-3.134e-07	0.04613	1.129e-09	-0.046108	3.1438e-07	-3.1428e-07	0.05067	1.00579e-09	-0.050714	3.1584e-07	-3.1558e-07	0.054422	9.4852e-10	-0.05441	3.1728e-07	-3.1746e-07	0.057944	9.153699999999999e-10	-0.057948	3.19e-07	-3.189e-07
0.695	-8.615e-05	4.603e-09	8.6502e-05	3.122e-07	-3.1232e-07	0.02323	2.4081e-09	-0.023222	3.1264e-07	-3.1258e-07	0.038916	1.4856e-09	-0.038906	3.1328e-07	-3.1324e-07	0.046814	1.1648e-09	-0.046806	3.1462e-07	-3.1458e-07	0.051464	1.04381e-09	-0.051424	3.1574e-07	-3.1574e-07	0.055204	9.7357e-10	-0.055214	3.1732e-07	-3.1754e-07	0.05876	9.4559e-10	-0.05875	3.192e-07	-3.1906e-07
0.7	-8.6582e-05	4.7875e-09	8.6956e-05	3.121e-07	-3.1216e-07	0.023412	2.5095e-09	-0.0234	3.1228e-07	-3.1232e-07	0.039394	1.5453e-09	-0.039386	3.133e-07	-3.1322e-07	0.047516	1.2056e-09	-0.04749	3.146e-07	-3.1458e-07	0.052236	1.0782e-09	-0.052232	3.1576e-07	-3.157e-07	0.056024	1.0100900000000002e-09	-0.056018	3.1746e-07	-3.175e-07	0.059572	9.7906e-10	-0.059568	3.193e-07	-3.1912e-07
0.705	-8.6554e-05	4.9804e-09	8.6492e-05	3.1214e-07	-3.1206e-07	0.023584	2.6166e-09	-0.023578	3.1264e-07	-3.1256e-07	0.039864	1.5945e-09	-0.039858	3.133e-07	-3.135e-07	0.048184	1.2421e-09	-0.048182	3.145e-07	-3.1458e-07	0.05299	1.11463e-09	-0.052982	3.16e-07	-3.16e-07	0.05682	1.04524e-09	-0.05682	3.1766e-07	-3.1766e-07	0.06039	9.9979e-10	-0.060376	3.1922e-07	-3.193e-07
0.71	-8.7244e-05	5.1884e-09	8.7298e-05	3.1226e-07	-3.1206e-07	0.023758	2.709e-09	-0.023748	3.1238e-07	-3.1256e-07	0.040332	1.6686e-09	-0.040328	3.1354e-07	-3.1328e-07	0.048904	1.272e-09	-0.04888	3.147e-07	-3.1466e-07	0.053764	1.1472e-09	-0.053766	3.1604e-07	-3.1588e-07	0.057618	1.07458e-09	-0.05762	3.1758e-07	-3.1778e-07	0.061228	1.03284e-09	-0.061206	3.1934e-07	-3.1944e-07
0.715	-8.8004e-05	5.4098e-09	8.8114e-05	3.121e-07	-3.1228e-07	0.023926	2.8301e-09	-0.023918	3.1262e-07	-3.1236e-07	0.040786	1.7311e-09	-0.040776	3.133e-07	-3.1346e-07	0.049582	1.3182e-09	-0.049578	3.1472e-07	-3.1456e-07	0.05454	1.1737e-09	-0.054516	3.1614e-07	-3.1592e-07	0.058426	1.10231e-09	-0.058404	3.178e-07	-3.1776e-07	0.062038	1.06771e-09	-0.06203	3.1948e-07	-3.1962e-07
0.72	-8.823400000000001e-05	5.6402e-09	8.7994e-05	3.1214e-07	-3.1208e-07	0.024084	2.9367e-09	-0.02408	3.1258e-07	-3.126e-07	0.041234	1.7866e-09	-0.041226	3.1334e-07	-3.1346e-07	0.05027	1.3667e-09	-0.050256	3.1458e-07	-3.1456e-07	0.055314	1.2142e-09	-0.055286	3.162e-07	-3.1614e-07	0.059224	1.1477e-09	-0.059228	3.1794e-07	-3.1792e-07	0.062842	1.08806e-09	-0.062842	3.197e-07	-3.1956e-07
0.725	-8.850600000000001e-05	5.8851e-09	8.8482e-05	3.1232e-07	-3.1204e-07	0.024246	3.06e-09	-0.024242	3.1246e-07	-3.1238e-07	0.041666	1.8553e-09	-0.041666	3.1334e-07	-3.1336e-07	0.05095	1.4033e-09	-0.05094	3.1466e-07	-3.1462e-07	0.05608	1.2444e-09	-0.05605	3.1604e-07	-3.1596e-07	0.060034	1.1686e-09	-0.060028	3.1774e-07	-3.1774e-07	0.063646	1.1343e-09	-0.063648	3.199e-07	-3.1992e-07
0.73	-8.918e-05	6.1258e-09	8.912400000000001e-05	3.1214e-07	-3.1216e-07	0.024402	3.1919e-09	-0.024396	3.127e-07	-3.126e-07	0.04211	1.9145e-09	-0.0421	3.1346e-07	-3.1352e-07	0.05164	1.4585e-09	-0.05161	3.1478e-07	-3.147e-07	0.05683	1.2838e-09	-0.05683	3.1628e-07	-3.1612e-07	0.060842	1.2063e-09	-0.060832	3.18e-07	-3.1778e-07	0.064494	1.1671e-09	-0.064488	3.1994e-07	-3.2e-07
0.735	-8.9352e-05	6.3929e-09	8.9256e-05	3.1236e-07	-3.1216e-07	0.024552	3.3186e-09	-0.024542	3.127e-07	-3.1268e-07	0.04252	2.0008e-09	-0.042518	3.1358e-07	-3.1356e-07	0.0523	1.5013e-09	-0.052278	3.1488e-07	-3.1484e-07	0.057602	1.3237e-09	-0.057616	3.1618e-07	-3.1626e-07	0.06163	1.2412e-09	-0.061628	3.1794e-07	-3.179e-07	0.065288	1.1993e-09	-0.065282	3.2006e-07	-3.1992e-07
0.74	-8.9116e-05	6.6592e-09	8.925400000000001e-05	3.1208e-07	-3.1206e-07	0.024702	3.4423e-09	-0.024688	3.1244e-07	-3.1262e-07	0.042944	2.085e-09	-0.042936	3.1358e-07	-3.1358e-07	0.052974	1.5371e-09	-0.052942	3.1488e-07	-3.1464e-07	0.058392	1.3544e-09	-0.058368	3.164e-07	-3.164e-07	0.062432	1.2753e-09	-0.062432	3.1824e-07	-3.182e-07	0.066106	1.2399e-09	-0.06611	3.1994e-07	-3.199e-07
0.745	-8.949e-05	6.9407e-09	8.9614e-05	3.121e-07	-3.1232e-07	0.02484	3.5865e-09	-0.02483	3.1244e-07	-3.126e-07	0.043348	2.1542e-09	-0.043342	3.1346e-07	-3.1334e-07	0.053626	1.5969e-09	-0.05361	3.15e-07	-3.147e-07	0.059132	1.4014e-09	-0.05913	3.1644e-07	-3.1636e-07	0.063228	1.3188e-09	-0.063236	3.1804e-07	-3.1826e-07	0.066952	1.2699e-09	-0.066924	3.2036e-07	-3.2008e-07
0.75	-9.028600000000001e-05	7.2397e-09	9.056400000000002e-05	3.1224e-07	-3.1206e-07	0.02498	3.735e-09	-0.024976	3.1262e-07	-3.126e-07	0.043752	2.2387e-09	-0.04374	3.134e-07	-3.1332e-07	0.054284	1.644e-09	-0.054288	3.1482e-07	-3.1482e-07	0.05992	1.4499e-09	-0.059956	3.1636e-07	-3.1628e-07	0.064026	1.3562e-09	-0.064022	3.182e-07	-3.1814e-07	0.067768	1.313e-09	-0.067746	3.2018e-07	-3.2014e-07
0.755	-9.0998e-05	7.5268e-09	9.1034e-05	3.1224e-07	-3.1224e-07	0.025118	3.8906e-09	-0.02511	3.1256e-07	-3.1242e-07	0.044134	2.3112e-09	-0.044126	3.1362e-07	-3.1338e-07	0.054942	1.7025e-09	-0.054924	3.1502e-07	-3.1494e-07	0.060678	1.4829e-09	-0.060674	3.164e-07	-3.163e-07	0.06483	1.4011e-09	-0.064832	3.182e-07	-3.1822e-07	0.068574	1.3427e-09	-0.068564	3.2026e-07	-3.2024e-07
0.76	-9.0804e-05	7.863e-09	9.1158e-05	3.1236e-07	-3.1212e-07	0.025252	4.0504e-09	-0.025246	3.1268e-07	-3.1248e-07	0.044524	2.4114e-09	-0.044516	3.1348e-07	-3.1344e-07	0.055604	1.7575e-09	-0.055588	3.149e-07	-3.1504e-07	0.061426	1.5343e-09	-0.061408	3.165e-07	-3.1646e-07	0.065652	1.4388e-09	-0.065654	3.1852e-07	-3.1828e-07	0.06939	1.3831e-09	-0.069386	3.2036e-07	-3.2058e-07
0.765	-9.17e-05	8.1976e-09	9.1622e-05	3.121e-07	-3.1208e-07	0.025384	4.2135e-09	-0.025376	3.1264e-07	-3.1244e-07	0.044896	2.5028e-09	-0.04489	3.1346e-07	-3.1358e-07	0.056236	1.8152e-09	-0.056226	3.1508e-07	-3.1506e-07	0.062178	1.5727e-09	-0.062168	3.166e-07	-3.1666e-07	0.066436	1.4736e-09	-0.06644	3.1856e-07	-3.1856e-07	0.070184	1.4312e-09	-0.070218	3.2048e-07	-3.2052e-07
0.77	-9.1292e-05	8.5385e-09	9.141e-05	3.1228e-07	-3.1208e-07	0.025506	4.3822e-09	-0.025502	3.1262e-07	-3.1242e-07	0.045264	2.5839e-09	-0.04525	3.1364e-07	-3.1348e-07	0.05686	1.8762e-09	-0.056864	3.1502e-07	-3.1492e-07	0.062956	1.6211e-09	-0.062932	3.1668e-07	-3.1646e-07	0.067248	1.517e-09	-0.067232	3.187e-07	-3.1848e-07	0.071036	1.4665e-09	-0.071018	3.2076e-07	-3.208e-07
0.775	-9.2014e-05	8.9167e-09	9.1962e-05	3.1226e-07	-3.123e-07	0.025632	4.5492999999999996e-09	-0.025622	3.1258e-07	-3.1246e-07	0.045622	2.6944e-09	-0.045614	3.137e-07	-3.1356e-07	0.05751	1.9307e-09	-0.057502	3.152e-07	-3.15e-07	0.063688	1.667e-09	-0.063708	3.1662e-07	-3.1682e-07	0.068036	1.5697e-09	-0.068032	3.1882e-07	-3.1856e-07	0.071846	1.5146e-09	-0.07185	3.2074e-07	-3.207e-07
0.78	-9.214000000000002e-05	9.2974e-09	9.2256e-05	3.1212e-07	-3.1206e-07	0.025752	4.7489e-09	-0.025746	3.1264e-07	-3.1242e-07	0.045972	2.7911e-09	-0.045958	3.1372e-07	-3.1364e-07	0.058124	1.9879e-09	-0.058116	3.1502e-07	-3.1516e-07	0.064468	1.7228e-09	-0.064462	3.1676e-07	-3.1668e-07	0.068836	1.6088e-09	-0.068824	3.1882e-07	-3.188e-07	0.072648	1.5636e-09	-0.07267	3.2098e-07	-3.2094e-07
0.785	-9.1938e-05	9.6883e-09	9.1844e-05	3.1214e-07	-3.1212e-07	0.025872	4.9455e-09	-0.025862	3.1252e-07	-3.1258e-07	0.046324	2.8905e-09	-0.046314	3.1352e-07	-3.1346e-07	0.058738	2.0547e-09	-0.058724	3.1524e-07	-3.1516e-07	0.065242	1.7678e-09	-0.065204	3.1698e-07	-3.169e-07	0.069644	1.6611e-09	-0.069632	3.1874e-07	-3.1878e-07	0.0735	1.5987e-09	-0.073488	3.2114e-07	-3.2102e-07
0.79	-9.2586e-05	1.01086e-08	9.2782e-05	3.122e-07	-3.1208e-07	0.025984	5.1399e-09	-0.025978	3.1264e-07	-3.125e-07	0.046652	2.9978e-09	-0.046644	3.135e-07	-3.135e-07	0.059338	2.1229e-09	-0.059334	3.1514e-07	-3.152e-07	0.065978	1.8231e-09	-0.065972	3.1674e-07	-3.1668e-07	0.070438	1.7059e-09	-0.07044	3.1886e-07	-3.1878e-07	0.074318	1.6494e-09	-0.074304	3.2118e-07	-3.2094e-07
0.795	-9.319e-05	1.05383e-08	9.318e-05	3.1206e-07	-3.1224e-07	0.026096	5.351e-09	-0.02609	3.1254e-07	-3.1244e-07	0.046982	3.1168e-09	-0.04698	3.1364e-07	-3.1368e-07	0.059934	2.1986e-09	-0.059924	3.153e-07	-3.153e-07	0.066728	1.8808e-09	-0.066702	3.1698e-07	-3.1694e-07	0.071258	1.7471e-09	-0.071256	3.1882e-07	-3.1878e-07	0.075132	1.6988e-09	-0.075116	3.2126e-07	-3.2106e-07
0.8	-9.2968e-05	1.09882e-08	9.2914e-05	3.1214e-07	-3.1206e-07	0.026202	5.5629e-09	-0.026194	3.125e-07	-3.1254e-07	0.047306	3.2308e-09	-0.047302	3.1366e-07	-3.1358e-07	0.060536	2.2685e-09	-0.060538	3.1508e-07	-3.1528e-07	0.067476	1.9279e-09	-0.067466	3.1696e-07	-3.1688e-07	0.072034	1.802e-09	-0.07205	3.19e-07	-3.191e-07	0.075938	1.7421e-09	-0.075942	3.2118e-07	-3.214e-07
0.805	-9.350000000000001e-05	1.14753e-08	9.3632e-05	3.1206e-07	-3.1208e-07	0.026316	5.7958e-09	-0.0263	3.124e-07	-3.1234e-07	0.047622	3.3557e-09	-0.04762	3.136e-07	-3.137e-07	0.061144	2.3406e-09	-0.061148	3.1522e-07	-3.1508e-07	0.06822	1.9849e-09	-0.068214	3.1688e-07	-3.1712e-07	0.072834	1.8462e-09	-0.07283	3.1916e-07	-3.1898e-07	0.07675	1.8032e-09	-0.076734	3.2124e-07	-3.2134e-07
0.81	-9.3516e-05	1.19688e-08	9.427e-05	3.121e-07	-3.1208e-07	0.026414	6.0277e-09	-0.026404	3.1246e-07	-3.1256e-07	0.047934	3.485e-09	-0.047924	3.1368e-07	-3.1366e-07	0.061726	2.4203e-09	-0.061712	3.153e-07	-3.1512e-07	0.068946	2.0509e-09	-0.068944	3.1714e-07	-3.171e-07	0.073648	1.9099e-09	-0.073608	3.1912e-07	-3.1926e-07	0.07757	1.8493e-09	-0.077548	3.2158e-07	-3.2158e-07
0.815	-9.4206e-05	1.25004e-08	9.4216e-05	3.1204e-07	-3.1208e-07	0.02652	6.2756e-09	-0.026508	3.127e-07	-3.1264e-07	0.04824	3.6246e-09	-0.048232	3.1356e-07	-3.1358e-07	0.062298	2.5002e-09	-0.062266	3.1518e-07	-3.1512e-07	0.069714	2.1089e-09	-0.06968	3.17e-07	-3.172e-07	0.074428	1.968e-09	-0.074424	3.192e-07	-3.1912e-07	0.078392	1.9046e-09	-0.078364	3.2142e-07	-3.2146e-07
0.82	-9.438e-05	1.30402e-08	9.440200000000002e-05	3.121e-07	-3.1206e-07	0.026618	6.5332e-09	-0.026604	3.124e-07	-3.1248e-07	0.048526	3.759e-09	-0.048526	3.1358e-07	-3.137e-07	0.062858	2.5782e-09	-0.062874	3.1538e-07	-3.1518e-07	0.07044	2.1803e-09	-0.070438	3.1702e-07	-3.1724e-07	0.07523	2.0149e-09	-0.075226	3.1932e-07	-3.1926e-07	0.079178	1.9651e-09	-0.07918	3.2162e-07	-3.2152e-07
0.825	-9.455e-05	1.3617e-08	9.4956e-05	3.1206e-07	-3.1206e-07	0.026714	6.8167e-09	-0.026702	3.1246e-07	-3.1244e-07	0.048826	3.9064e-09	-0.048814	3.1382e-07	-3.1368e-07	0.063466	2.6721e-09	-0.063456	3.1524e-07	-3.1518e-07	0.071176	2.2384e-09	-0.071154	3.1728e-07	-3.1732e-07	0.076024	2.0823e-09	-0.075998	3.1956e-07	-3.193e-07	0.080016	2.0046e-09	-0.080004	3.2192e-07	-3.2166e-07
0.83	-9.5028e-05	1.41924e-08	9.4926e-05	3.1228e-07	-3.1222e-07	0.026804	7.0938e-09	-0.0268	3.127e-07	-3.1254e-07	0.0491	4.0457e-09	-0.049094	3.1368e-07	-3.1382e-07	0.063986	2.7704e-09	-0.063978	3.152e-07	-3.1538e-07	0.0719	2.2988e-09	-0.071888	3.172e-07	-3.1738e-07	0.076824	2.134e-09	-0.076824	3.196e-07	-3.1938e-07	0.080818	2.0751e-09	-0.080804	3.2196e-07	-3.219e-07
0.835	-9.4896e-05	1.4825599999999998e-08	9.4952e-05	3.1232e-07	-3.1234e-07	0.026904	7.3874e-09	-0.02689	3.125e-07	-3.1242e-07	0.049376	4.2057e-09	-0.04937	3.1384e-07	-3.1376e-07	0.064524	2.8532e-09	-0.064542	3.1554e-07	-3.1524e-07	0.072626	2.3764e-09	-0.07261	3.172e-07	-3.1722e-07	0.077604	2.1921e-09	-0.077596	3.1972e-07	-3.1968e-07	0.081646	2.1433e-09	-0.081632	3.2186e-07	-3.2186e-07
0.84	-9.475e-05	1.54744e-08	9.5096e-05	3.1234e-07	-3.1232e-07	0.026986	7.6917e-09	-0.02698	3.1272e-07	-3.1262e-07	0.04965	4.367e-09	-0.049638	3.1366e-07	-3.138e-07	0.065084	2.9498e-09	-0.06508	3.1548e-07	-3.1548e-07	0.073346	2.4408e-09	-0.073328	3.1734e-07	-3.1734e-07	0.078394	2.2653e-09	-0.078394	3.196e-07	-3.1974e-07	0.082456	2.1944e-09	-0.082424	3.2208e-07	-3.222e-07
0.845	-9.4896e-05	1.61506e-08	9.5454e-05	3.1226e-07	-3.1202e-07	0.027078	8.0066e-09	-0.02707	3.1262e-07	-3.1248e-07	0.049912	4.5396e-09	-0.049908	3.1388e-07	-3.1366e-07	0.06558	3.0557e-09	-0.06558	3.153e-07	-3.1546e-07	0.074036	2.5203e-09	-0.074056	3.1734e-07	-3.1754e-07	0.079186	2.3217e-09	-0.079184	3.1972e-07	-3.1974e-07	0.083268	2.2672e-09	-0.083256	3.2224e-07	-3.2226e-07
0.85	-9.588e-05	1.68702e-08	9.5652e-05	3.1228e-07	-3.1216e-07	0.027164	8.3359e-09	-0.027158	3.1246e-07	-3.1238e-07	0.050172	4.7208e-09	-0.050164	3.1384e-07	-3.1362e-07	0.066114	3.152e-09	-0.066096	3.1556e-07	-3.1558e-07	0.074772	2.5984e-09	-0.074782	3.1738e-07	-3.1738e-07	0.07995	2.3902e-09	-0.07995	3.1984e-07	-3.1962e-07	0.08406	2.3236e-09	-0.08405	3.2236e-07	-3.222e-07
0.855	-9.5368e-05	1.7604199999999998e-08	9.5238e-05	3.121e-07	-3.12e-07	0.027254	8.6793e-09	-0.027242	3.1246e-07	-3.1252e-07	0.050424	4.9063e-09	-0.050414	3.1388e-07	-3.1376e-07	0.066624	3.269e-09	-0.066598	3.1536e-07	-3.1558e-07	0.075468	2.6655e-09	-0.075484	3.1754e-07	-3.1754e-07	0.080738	2.4645e-09	-0.080732	3.1972e-07	-3.1968e-07	0.084882	2.3787e-09	-0.084864	3.2248e-07	-3.2234e-07
0.86	-9.539e-05	1.83744e-08	9.547e-05	3.1218e-07	-3.1204e-07	0.027328	9.0566e-09	-0.027324	3.1246e-07	-3.1264e-07	0.05067	5.0937e-09	-0.05066	3.1376e-07	-3.1386e-07	0.067122	3.3831e-09	-0.067116	3.1546e-07	-3.154e-07	0.076202	2.7476e-09	-0.076198	3.1774e-07	-3.1766e-07	0.081524	2.5317e-09	-0.081528	3.1978e-07	-3.198e-07	0.085684	2.4569e-09	-0.08567	3.223e-07	-3.2228e-07
0.865	-9.5888e-05	1.92008e-08	9.5722e-05	3.122e-07	-3.1204e-07	0.027412	9.4402e-09	-0.027402	3.1268e-07	-3.125e-07	0.050912	5.2977e-09	-0.050904	3.139e-07	-3.139e-07	0.067624	3.4949e-09	-0.067614	3.1544e-07	-3.1552e-07	0.076918	2.8285e-09	-0.0769	3.1758e-07	-3.1756e-07	0.08233	2.6017e-09	-0.082302	3.2e-07	-3.2008e-07	0.086512	2.5329e-09	-0.086498	3.2256e-07	-3.2244e-07
0.87	-9.5664e-05	2.00468e-08	9.5856e-05	3.121e-07	-3.1212e-07	0.027492	9.825e-09	-0.02748	3.1258e-07	-3.126e-07	0.05114	5.4954e-09	-0.051134	3.1396e-07	-3.1384e-07	0.068104	3.6175e-09	-0.06808	3.1546e-07	-3.1552e-07	0.077598	2.9134e-09	-0.077556	3.1782e-07	-3.1756e-07	0.083086	2.6765e-09	-0.08311	3.2e-07	-3.2012e-07	0.087308	2.6047e-09	-0.087294	3.2254e-07	-3.2262e-07
0.875	-9.6188e-05	2.09304e-08	9.6064e-05	3.1204e-07	-3.1224e-07	0.027562	1.02478e-08	-0.027558	3.1246e-07	-3.1242e-07	0.051376	5.7166e-09	-0.051366	3.1388e-07	-3.1386e-07	0.068578	3.7452e-09	-0.068572	3.1554e-07	-3.1548e-07	0.078286	3.0099e-09	-0.078286	3.1788e-07	-3.178e-07	0.083874	2.7567e-09	-0.083862	3.1996e-07	-3.1996e-07	0.088092	2.6759e-09	-0.088088	3.227e-07	-3.2286e-07
0.88	-9.6118e-05	2.18796e-08	9.6262e-05	3.1224e-07	-3.1224e-07	0.02764	1.06721e-08	-0.027632	3.1252e-07	-3.124e-07	0.051596	5.9419e-09	-0.05159	3.137e-07	-3.1374e-07	0.069052	3.8717e-09	-0.069034	3.155e-07	-3.1554e-07	0.078972	3.0951e-09	-0.078982	3.176e-07	-3.1782e-07	0.08465	2.8306e-09	-0.084634	3.2014e-07	-3.201e-07	0.08889	2.7486e-09	-0.08892	3.2286e-07	-3.2304e-07
0.885	-9.687e-05	2.28594e-08	9.726e-05	3.1232e-07	-3.1228e-07	0.027718	1.11226e-08	-0.027706	3.1276e-07	-3.1256e-07	0.051818	6.1641e-09	-0.051812	3.1388e-07	-3.1386e-07	0.069508	4.0151e-09	-0.069506	3.157e-07	-3.1556e-07	0.07963	3.1902e-09	-0.079628	3.1768e-07	-3.1786e-07	0.085408	2.9193e-09	-0.085406	3.203e-07	-3.2016e-07	0.08969	2.822e-09	-0.08971	3.229e-07	-3.229e-07
0.89	-9.7368e-05	2.38722e-08	9.694e-05	3.1206e-07	-3.12e-07	0.027782	1.16356e-08	-0.02778	3.1242e-07	-3.1238e-07	0.052038	6.4296e-09	-0.052024	3.137e-07	-3.1362e-07	0.069962	4.1522e-09	-0.069956	3.1558e-07	-3.1562e-07	0.080348	3.2932e-09	-0.08034	3.1804e-07	-3.1772e-07	0.0862	2.9999e-09	-0.086196	3.2046e-07	-3.2022e-07	0.090518	2.9054e-09	-0.09052	3.2308e-07	-3.2304e-07
0.895	-9.6854e-05	2.49362e-08	9.6836e-05	3.122e-07	-3.122e-07	0.027856	1.2113599999999998e-08	-0.027848	3.1274e-07	-3.1244e-07	0.052244	6.6643e-09	-0.052232	3.1396e-07	-3.1392e-07	0.070416	4.2964e-09	-0.070406	3.156e-07	-3.156e-07	0.081008	3.3908e-09	-0.081004	3.1776e-07	-3.1774e-07	0.086962	3.0843e-09	-0.08696	3.2054e-07	-3.203e-07	0.091308	2.9879e-09	-0.091314	3.231e-07	-3.2306e-07
0.9	-9.7868e-05	2.6109e-08	9.767200000000001e-05	3.1214e-07	-3.1226e-07	0.027924	1.2637e-08	-0.027916	3.1256e-07	-3.1254e-07	0.052452	6.9285e-09	-0.052446	3.1384e-07	-3.1386e-07	0.070856	4.4588e-09	-0.07085	3.1558e-07	-3.1582e-07	0.08168	3.4916e-09	-0.08166	3.18e-07	-3.181e-07	0.087746	3.1772e-09	-0.087726	3.2036e-07	-3.2058e-07	0.092168	3.0726e-09	-0.092116	3.2318e-07	-3.2336e-07
