vg	id_vd = 0.0V	ig_vd = 0.0V	is_vd = 0.0V	iavdd_vd = 0.0V	ignd_vd = 0.0V	id_vd = 0.01V	ig_vd = 0.01V	is_vd = 0.01V	iavdd_vd = 0.01V	ignd_vd = 0.01V	id_vd = 0.02V	ig_vd = 0.02V	is_vd = 0.02V	iavdd_vd = 0.02V	ignd_vd = 0.02V	id_vd = 0.03V	ig_vd = 0.03V	is_vd = 0.03V	iavdd_vd = 0.03V	ignd_vd = 0.03V	id_vd = 0.04V	ig_vd = 0.04V	is_vd = 0.04V	iavdd_vd = 0.04V	ignd_vd = 0.04V	id_vd = 0.05V	ig_vd = 0.05V	is_vd = 0.05V	iavdd_vd = 0.05V	ignd_vd = 0.05V	id_vd = 0.06V	ig_vd = 0.06V	is_vd = 0.06V	iavdd_vd = 0.06V	ignd_vd = 0.06V	id_vd = 0.07V	ig_vd = 0.07V	is_vd = 0.07V	iavdd_vd = 0.07V	ignd_vd = 0.07V	id_vd = 0.08V	ig_vd = 0.08V	is_vd = 0.08V	iavdd_vd = 0.08V	ignd_vd = 0.08V	id_vd = 0.09V	ig_vd = 0.09V	is_vd = 0.09V	iavdd_vd = 0.09V	ignd_vd = 0.09V	id_vd = 0.1V	ig_vd = 0.1V	is_vd = 0.1V	iavdd_vd = 0.1V	ignd_vd = 0.1V
-0.3	1.6847e-10	-3.7213e-10	1.8534e-10	3.1322e-07	-3.1318e-07	1.9288e-10	-3.7759e-10	1.8084e-10	3.1312e-07	-3.1314e-07	2.0848e-10	-4.0254e-10	1.7647e-10	3.1298e-07	-3.1292e-07	2.3668e-10	-4.2559e-10	1.7471e-10	3.1286e-07	-3.1284e-07	2.6008e-10	-4.3731e-10	1.704e-10	3.1272e-07	-3.1262e-07	2.7905000000000003e-10	-4.5685e-10	1.6734e-10	3.1268e-07	-3.1282e-07	3.0615e-10	-4.7848e-10	1.646e-10	3.1274e-07	-3.1268e-07	3.4004000000000005e-10	-5.0036e-10	1.5905e-10	3.1286e-07	-3.128e-07	3.6329000000000005e-10	-5.3366e-10	1.5383e-10	3.1266e-07	-3.1258e-07	4.0895e-10	-5.5438e-10	1.3285e-10	3.1262e-07	-3.1266e-07	4.2775000000000005e-10	-5.851600000000001e-10	1.4343000000000002e-10	3.127e-07	-3.1254e-07
-0.295	1.5769e-10	-3.516e-10	1.7708000000000002e-10	3.1334e-07	-3.133e-07	1.8079e-10	-3.7063e-10	1.7211e-10	3.1292e-07	-3.1312e-07	2.0456e-10	-3.8449e-10	1.6846e-10	3.1286e-07	-3.128e-07	2.2683e-10	-4.0400000000000005e-10	1.6468000000000002e-10	3.1274e-07	-3.1268e-07	2.5148e-10	-4.1951e-10	1.5539000000000002e-10	3.1294e-07	-3.1286e-07	2.7411e-10	-4.4369000000000005e-10	1.5835e-10	3.1284e-07	-3.1262e-07	3.0420000000000005e-10	-4.6287e-10	1.5360000000000002e-10	3.1262e-07	-3.1282e-07	3.1909000000000003e-10	-4.7941e-10	1.4869e-10	3.128e-07	-3.1278e-07	3.5144000000000003e-10	-5.089100000000001e-10	1.4319e-10	3.1262e-07	-3.128e-07	3.7796e-10	-5.273900000000001e-10	1.3838000000000002e-10	3.128e-07	-3.128e-07	4.0749e-10	-5.5542e-10	1.3385e-10	3.1262e-07	-3.1256e-07
-0.29	1.5532e-10	-3.3531e-10	1.6999000000000003e-10	3.133e-07	-3.1326e-07	1.8292000000000003e-10	-3.5022e-10	1.6399000000000002e-10	3.13e-07	-3.1304e-07	1.9335e-10	-3.7075e-10	1.6375e-10	3.1284e-07	-3.1298e-07	2.1858e-10	-3.8806000000000005e-10	1.5423000000000002e-10	3.1292e-07	-3.1268e-07	2.4202e-10	-4.0267e-10	1.5254000000000002e-10	3.1276e-07	-3.1274e-07	2.6413e-10	-4.2246e-10	1.4881e-10	3.127e-07	-3.1266e-07	2.9048e-10	-4.4697000000000006e-10	1.4341e-10	3.128e-07	-3.1274e-07	3.0868e-10	-4.5733e-10	1.3892000000000002e-10	3.1262e-07	-3.1266e-07	3.4398000000000004e-10	-4.884200000000001e-10	1.3303e-10	3.1262e-07	-3.1274e-07	3.7016e-10	-5.0369e-10	1.288e-10	3.1258e-07	-3.1278e-07	4.0024e-10	-5.329100000000001e-10	1.2336e-10	3.1262e-07	-3.1276e-07
-0.285	1.4302e-10	-3.196e-10	1.6344e-10	3.1334e-07	-3.1312e-07	1.7428000000000002e-10	-3.402e-10	1.5685e-10	3.1292e-07	-3.1286e-07	1.8811e-10	-3.5026000000000004e-10	1.5082e-10	3.1292e-07	-3.1284e-07	2.0788e-10	-3.6805e-10	1.4664000000000002e-10	3.1268e-07	-3.1286e-07	2.3029e-10	-3.8555e-10	1.4508e-10	3.1278e-07	-3.1266e-07	2.6312e-10	-4.0168000000000005e-10	1.3039e-10	3.128e-07	-3.1262e-07	2.8083e-10	-4.2531000000000005e-10	1.3532e-10	3.1274e-07	-3.1262e-07	3.0303000000000004e-10	-4.3962e-10	1.2988000000000002e-10	3.1264e-07	-3.1264e-07	3.3488000000000004e-10	-4.6641e-10	1.24e-10	3.1264e-07	-3.1274e-07	3.6245e-10	-4.8429e-10	1.1704000000000002e-10	3.1264e-07	-3.1282e-07	3.9224e-10	-5.1176e-10	1.1192e-10	3.1276e-07	-3.1254e-07
-0.28	1.3963e-10	-3.0294000000000004e-10	1.5449e-10	3.131e-07	-3.1332e-07	1.6538e-10	-3.2555000000000003e-10	1.4915000000000002e-10	3.1292e-07	-3.1306e-07	1.9267e-10	-3.3629000000000004e-10	1.4114000000000002e-10	3.1292e-07	-3.1284e-07	2.0438e-10	-3.5140000000000005e-10	1.3789e-10	3.1294e-07	-3.129e-07	2.2770000000000003e-10	-3.6717e-10	1.3314000000000002e-10	3.1282e-07	-3.1292e-07	2.5359e-10	-3.8808e-10	1.3017e-10	3.1274e-07	-3.1272e-07	2.7337e-10	-4.0507e-10	1.2458e-10	3.1272e-07	-3.126e-07	2.9306e-10	-4.2043e-10	1.192e-10	3.1282e-07	-3.1272e-07	3.2728000000000003e-10	-4.4534e-10	1.1253e-10	3.126e-07	-3.1258e-07	3.5451e-10	-4.67e-10	1.0723e-10	3.1264e-07	-3.1282e-07	3.8239e-10	-4.886e-10	1.0206e-10	3.1278e-07	-3.1284e-07
-0.275	1.3309e-10	-2.874e-10	1.4643e-10	3.133e-07	-3.1314e-07	1.5816e-10	-3.1072000000000004e-10	1.4073e-10	3.1306e-07	-3.129e-07	1.7198e-10	-2.938e-10	1.3741000000000002e-10	3.1288e-07	-3.1288e-07	1.9491000000000003e-10	-3.3737000000000005e-10	1.2933e-10	3.1272e-07	-3.1268e-07	2.2173e-10	-3.5162e-10	1.2655000000000002e-10	3.1296e-07	-3.1268e-07	2.4300000000000004e-10	-3.7354e-10	1.2153000000000002e-10	3.1272e-07	-3.1286e-07	2.7150000000000004e-10	-3.8616e-10	1.1524e-10	3.1292e-07	-3.1272e-07	2.9059000000000003e-10	-4.0001000000000005e-10	1.0993000000000001e-10	3.1276e-07	-3.1276e-07	3.2226000000000003e-10	-4.2935e-10	1.0324e-10	3.1256e-07	-3.1276e-07	3.4773e-10	-4.4708e-10	9.003000000000001e-11	3.1276e-07	-3.1274e-07	3.7923e-10	-4.711500000000001e-10	9.087e-11	3.1258e-07	-3.1256e-07
-0.27	1.3000000000000002e-10	-2.7450000000000003e-10	1.4009e-10	3.1312e-07	-3.1306e-07	1.5142e-10	-2.9358000000000003e-10	1.3151000000000002e-10	3.1306e-07	-3.1304e-07	1.857e-10	-3.0201e-10	1.1792000000000002e-10	3.1282e-07	-3.1284e-07	1.9003e-10	-3.1844000000000004e-10	1.2074e-10	3.1288e-07	-3.1288e-07	2.1761e-10	-3.3825000000000005e-10	1.1596e-10	3.1286e-07	-3.1292e-07	2.4200000000000004e-10	-3.5544e-10	1.1044e-10	3.129e-07	-3.1294e-07	2.6003000000000003e-10	-3.6888e-10	1.048e-10	3.128e-07	-3.1266e-07	2.8627000000000004e-10	-3.8674000000000005e-10	1.0056e-10	3.1262e-07	-3.1264e-07	3.1087000000000003e-10	-4.1248e-10	9.023e-11	3.1278e-07	-3.1278e-07	3.3655000000000004e-10	-4.275e-10	8.53e-11	3.1262e-07	-3.1274e-07	3.6997e-10	-4.5421e-10	7.88e-11	3.1256e-07	-3.1266e-07
-0.265	1.267e-10	-2.6440000000000004e-10	1.3434e-10	3.1312e-07	-3.1308e-07	1.4853e-10	-2.8127e-10	1.2649000000000002e-10	3.1314e-07	-3.128e-07	1.744e-10	-3.1882000000000004e-10	1.1708e-10	3.1296e-07	-3.128e-07	1.873e-10	-3.0248e-10	1.1197000000000002e-10	3.1288e-07	-3.129e-07	2.0925000000000003e-10	-3.2403e-10	1.0594e-10	3.1298e-07	-3.127e-07	2.3271e-10	-3.3974e-10	9.792000000000001e-11	3.1292e-07	-3.1284e-07	2.4891e-10	-3.4901e-10	9.477e-11	3.127e-07	-3.1266e-07	2.8090000000000003e-10	-3.7209e-10	8.852e-11	3.1258e-07	-3.1274e-07	3.0958000000000003e-10	-3.9189e-10	8.103e-11	3.1282e-07	-3.1282e-07	3.341e-10	-4.113e-10	7.345e-11	3.1268e-07	-3.128e-07	3.6978e-10	-4.3752000000000006e-10	6.604e-11	3.1276e-07	-3.1268e-07
-0.26	1.1535e-10	-2.5059e-10	1.2822e-10	3.1334e-07	-3.132e-07	1.3597000000000002e-10	-2.646e-10	1.1886000000000002e-10	3.131e-07	-3.1288e-07	1.6056e-10	-2.9910000000000003e-10	1.1813e-10	3.1288e-07	-3.129e-07	1.856e-10	-2.9106000000000003e-10	1.0327e-10	3.1276e-07	-3.128e-07	2.0243e-10	-3.0753e-10	9.725e-11	3.1296e-07	-3.1272e-07	2.2974000000000003e-10	-3.2551000000000005e-10	9.055e-11	3.1268e-07	-3.1262e-07	2.5291e-10	-3.3277000000000003e-10	8.309e-11	3.1288e-07	-3.128e-07	2.7366e-10	-3.5541e-10	7.583000000000001e-11	3.128e-07	-3.1266e-07	3.0107000000000003e-10	-3.7711e-10	6.866000000000001e-11	3.1268e-07	-3.1262e-07	3.2227e-10	-3.9194e-10	5.941e-11	3.128e-07	-3.1288e-07	3.5733000000000005e-10	-4.1758e-10	4.982e-11	3.1276e-07	-3.1254e-07
-0.255	1.1628e-10	-2.3895000000000004e-10	1.2094e-10	3.1328e-07	-3.1304e-07	1.3461e-10	-2.4904e-10	1.1085e-10	3.1296e-07	-3.1304e-07	1.7569000000000002e-10	-2.8059e-10	1.0062e-10	3.128e-07	-3.128e-07	1.8168e-10	-2.7938e-10	9.349e-11	3.1292e-07	-3.1292e-07	2.0244000000000003e-10	-2.9389e-10	8.565000000000001e-11	3.1274e-07	-3.127e-07	2.2217e-10	-3.0995e-10	7.839e-11	3.1286e-07	-3.1282e-07	2.4620000000000004e-10	-3.2142e-10	7.085e-11	3.1284e-07	-3.1284e-07	2.6852e-10	-3.3877e-10	6.249000000000001e-11	3.1286e-07	-3.1266e-07	2.9676e-10	-3.5981e-10	5.565e-11	3.1268e-07	-3.1278e-07	3.2017000000000004e-10	-3.7122e-10	4.797e-11	3.126e-07	-3.1258e-07	3.5456e-10	-3.9915e-10	4.1170000000000005e-11	3.1276e-07	-3.1248e-07
-0.25	1.0568e-10	-2.2916e-10	1.1621e-10	3.1328e-07	-3.1322e-07	1.3039e-10	-2.3813000000000003e-10	1.0295e-10	3.1298e-07	-3.1286e-07	1.6564e-10	-2.8088e-10	9.568e-11	3.1276e-07	-3.1274e-07	1.7572000000000001e-10	-2.6421e-10	8.379e-11	3.128e-07	-3.1298e-07	1.9494000000000003e-10	-2.7888e-10	7.686e-11	3.1284e-07	-3.1294e-07	2.1895000000000003e-10	-2.9132000000000003e-10	7.051000000000001e-11	3.1264e-07	-3.1278e-07	2.4677e-10	-3.0613e-10	5.967e-11	3.1264e-07	-3.1278e-07	2.6893e-10	-3.2418e-10	5.2170000000000006e-11	3.1266e-07	-3.1262e-07	2.9371e-10	-3.4115e-10	4.269e-11	3.1282e-07	-3.1254e-07	3.1909000000000003e-10	-3.5552000000000003e-10	3.547e-11	3.1264e-07	-3.1252e-07	3.4971000000000003e-10	-3.8399e-10	2.6180000000000004e-11	3.1266e-07	-3.1254e-07
-0.245	1.008e-10	-2.1622e-10	1.0973e-10	3.1312e-07	-3.1306e-07	1.2613e-10	-2.264e-10	9.764e-11	3.1306e-07	-3.1302e-07	1.5589000000000002e-10	-2.6338e-10	9.01e-11	3.1284e-07	-3.1278e-07	1.7722e-10	-2.5318e-10	7.459000000000001e-11	3.1278e-07	-3.1276e-07	2.0154e-10	-2.6120000000000004e-10	5.875e-11	3.1268e-07	-3.1272e-07	2.2109e-10	-2.7965e-10	5.6470000000000006e-11	3.1292e-07	-3.1284e-07	2.4704e-10	-2.9415e-10	4.7550000000000006e-11	3.1262e-07	-3.1262e-07	2.6624e-10	-3.0778000000000005e-10	3.93e-11	3.128e-07	-3.1268e-07	2.9262e-10	-3.2422000000000004e-10	2.965e-11	3.1262e-07	-3.1276e-07	3.1767e-10	-3.4103e-10	2.051e-11	3.1264e-07	-3.1254e-07	3.4552e-10	-3.6288e-10	1.235e-11	3.1276e-07	-3.1276e-07
-0.24	9.369e-11	-2.0331e-10	1.0514e-10	3.131e-07	-3.1326e-07	1.2873e-10	-2.1574e-10	8.75e-11	3.1308e-07	-3.1286e-07	1.5931000000000002e-10	-2.4069e-10	7.521e-11	3.1292e-07	-3.1288e-07	1.7233e-10	-2.4218000000000004e-10	6.331e-11	3.1298e-07	-3.13e-07	1.9522000000000002e-10	-2.5038e-10	5.354e-11	3.129e-07	-3.1286e-07	2.1562000000000003e-10	-2.6542e-10	4.4050000000000006e-11	3.1272e-07	-3.1262e-07	2.4598e-10	-2.8242000000000004e-10	3.515e-11	3.1288e-07	-3.1278e-07	2.6361000000000003e-10	-2.8912000000000003e-10	2.519e-11	3.1266e-07	-3.126e-07	2.9649000000000003e-10	-3.1192000000000005e-10	1.4920000000000002e-11	3.1268e-07	-3.1266e-07	3.1987e-10	-3.2444e-10	-2.8300000000000007e-12	3.1278e-07	-3.1262e-07	3.5085000000000003e-10	-3.4654e-10	-5.28e-12	3.127e-07	-3.127e-07
-0.235	9.037e-11	-1.9309e-10	1.0024e-10	3.131e-07	-3.1302e-07	1.2367e-10	-2.0779e-10	7.979e-11	3.1308e-07	-3.1308e-07	1.5071000000000002e-10	-2.3104e-10	6.579e-11	3.131e-07	-3.1286e-07	1.7014000000000002e-10	-2.2845e-10	5.197e-11	3.1298e-07	-3.1296e-07	1.9528e-10	-2.4106000000000004e-10	4.122e-11	3.1286e-07	-3.1282e-07	2.1962e-10	-2.5189e-10	3.202e-11	3.1268e-07	-3.1266e-07	2.505e-10	-2.7238000000000005e-10	1.903e-11	3.1268e-07	-3.1256e-07	2.7130000000000004e-10	-2.7626000000000004e-10	9.14e-12	3.128e-07	-3.1256e-07	3.0566e-10	-2.9780000000000005e-10	-1.03e-12	3.1288e-07	-3.1282e-07	3.2524e-10	-3.1065e-10	-1.2e-11	3.1262e-07	-3.1256e-07	3.5174e-10	-3.3172e-10	-2.304e-11	3.1252e-07	-3.1256e-07
-0.23	8.817e-11	-1.8269e-10	9.372e-11	3.133e-07	-3.1304e-07	1.2575e-10	-2.0146e-10	7.342e-11	3.131e-07	-3.1288e-07	1.5698e-10	-2.1650000000000003e-10	6.335e-11	3.128e-07	-3.1284e-07	1.704e-10	-2.1430000000000003e-10	4.057e-11	3.1276e-07	-3.129e-07	1.9930000000000003e-10	-2.3001e-10	2.726e-11	3.1274e-07	-3.129e-07	2.2355e-10	-2.4159000000000004e-10	1.6850000000000002e-11	3.127e-07	-3.126e-07	2.4608000000000004e-10	-2.5631e-10	4.190000000000001e-12	3.1262e-07	-3.1274e-07	2.7249e-10	-2.6377e-10	-8.680000000000001e-12	3.128e-07	-3.1262e-07	3.0325e-10	-2.8363000000000003e-10	-1.938e-11	3.127e-07	-3.1266e-07	3.3172e-10	-3.0107000000000003e-10	-3.149e-11	3.1278e-07	-3.1262e-07	3.6046e-10	-3.1786000000000003e-10	-4.3210000000000005e-11	3.127e-07	-3.1268e-07
-0.225	7.949e-11	-1.7139000000000002e-10	8.994e-11	3.133e-07	-3.1316e-07	1.1888e-10	-1.909e-10	6.356000000000001e-11	3.1312e-07	-3.1314e-07	1.6066000000000002e-10	-2.048e-10	4.6560000000000005e-11	3.1298e-07	-3.1286e-07	1.7392e-10	-2.0422e-10	2.5720000000000003e-11	3.1296e-07	-3.1296e-07	2.0358e-10	-2.1971e-10	1.357e-11	3.1272e-07	-3.1272e-07	2.3228e-10	-2.3236e-10	1.7600000000000002e-12	3.127e-07	-3.1266e-07	2.5652e-10	-2.4268000000000003e-10	-1.75e-11	3.1268e-07	-3.1266e-07	2.8132e-10	-2.5056e-10	-2.519e-11	3.1282e-07	-3.1274e-07	3.1164e-10	-2.743e-10	-3.952e-11	3.1282e-07	-3.1262e-07	3.3650000000000003e-10	-2.8895e-10	-5.114e-11	3.126e-07	-3.1278e-07	3.6651e-10	-3.0392e-10	-6.461000000000001e-11	3.1252e-07	-3.126e-07
-0.22	8.358000000000001e-11	-1.6280000000000002e-10	8.482000000000001e-11	3.1304e-07	-3.1316e-07	1.2194000000000002e-10	-1.8084e-10	5.699e-11	3.1308e-07	-3.1288e-07	1.5537e-10	-1.9493e-10	2.6450000000000003e-11	3.128e-07	-3.1276e-07	1.7777000000000002e-10	-1.9338e-10	1.211e-11	3.1274e-07	-3.1268e-07	2.1281e-10	-2.113e-10	-2.97e-12	3.1276e-07	-3.1272e-07	2.3946e-10	-2.2311e-10	-1.732e-11	3.1288e-07	-3.1264e-07	2.6582e-10	-2.303e-10	-3.0720000000000005e-11	3.1274e-07	-3.1276e-07	2.894e-10	-2.4030000000000004e-10	-4.7290000000000005e-11	3.1272e-07	-3.1264e-07	3.2262e-10	-2.6361000000000003e-10	-6.099e-11	3.1286e-07	-3.1274e-07	3.4801e-10	-2.7263e-10	-7.65e-11	3.1256e-07	-3.1268e-07	3.8145e-10	-2.9191000000000003e-10	-8.877e-11	3.125e-07	-3.1248e-07
-0.215	7.553000000000001e-11	-1.5744e-10	7.968e-11	3.1318e-07	-3.1322e-07	1.2047e-10	-1.7149000000000002e-10	4.57e-11	3.1286e-07	-3.1292e-07	1.565e-10	-1.8371e-10	2.354e-11	3.1298e-07	-3.1296e-07	1.8381e-10	-1.8114e-10	-9.200000000000001e-13	3.127e-07	-3.1268e-07	2.166e-10	-2.0138e-10	-1.872e-11	3.1286e-07	-3.1284e-07	2.4539e-10	-2.1261000000000003e-10	-3.5850000000000004e-11	3.127e-07	-3.1278e-07	2.6827000000000005e-10	-2.1626e-10	-5.353e-11	3.1274e-07	-3.1262e-07	3.026e-10	-2.3127e-10	-7.004000000000001e-11	3.1266e-07	-3.128e-07	3.3151000000000003e-10	-2.5067e-10	-8.611e-11	3.1268e-07	-3.126e-07	3.6252e-10	-2.6241000000000003e-10	-1.0078e-10	3.1256e-07	-3.126e-07	3.9853e-10	-2.8232e-10	-1.1694e-10	3.1274e-07	-3.1254e-07
-0.21	7.398e-11	-1.4897e-10	7.507e-11	3.1328e-07	-3.1308e-07	1.1856e-10	-1.6038000000000002e-10	3.638e-11	3.1292e-07	-3.129e-07	1.6251000000000002e-10	-1.7570000000000002e-10	8.53e-12	3.1286e-07	-3.1284e-07	1.9423e-10	-1.7375000000000002e-10	-1.9040000000000003e-11	3.1294e-07	-3.1292e-07	2.2622e-10	-1.9041e-10	-3.94e-11	3.1292e-07	-3.1284e-07	2.5924000000000003e-10	-2.0444e-10	-5.766e-11	3.127e-07	-3.1262e-07	2.8332e-10	-2.0423000000000003e-10	-7.723e-11	3.1258e-07	-3.1252e-07	3.1246e-10	-2.1973000000000003e-10	-9.592e-11	3.1282e-07	-3.1278e-07	3.4655e-10	-2.3687000000000003e-10	-1.1066e-10	3.1282e-07	-3.128e-07	3.7619e-10	-2.5105000000000003e-10	-1.2867e-10	3.1264e-07	-3.126e-07	4.1630000000000005e-10	-2.6760000000000004e-10	-1.5488e-10	3.125e-07	-3.1248e-07
-0.205	6.761e-11	-1.4025e-10	7.033e-11	3.1326e-07	-3.1298e-07	1.2140000000000002e-10	-1.4975e-10	2.6180000000000004e-11	3.13e-07	-3.1314e-07	1.6843e-10	-1.6277000000000002e-10	-1.063e-11	3.1298e-07	-3.1302e-07	2.0452e-10	-1.6872e-10	-3.9320000000000006e-11	3.1298e-07	-3.127e-07	2.3743000000000003e-10	-1.8162e-10	-5.983e-11	3.1288e-07	-3.1262e-07	2.6915e-10	-1.9454e-10	-8.105e-11	3.1268e-07	-3.1282e-07	2.994e-10	-1.9461e-10	-1.0353e-10	3.126e-07	-3.1264e-07	3.2743000000000003e-10	-2.0586000000000003e-10	-1.2457000000000002e-10	3.1276e-07	-3.127e-07	3.6795e-10	-2.2669e-10	-1.4492e-10	3.1262e-07	-3.1278e-07	3.9658e-10	-2.3533e-10	-1.6413e-10	3.1274e-07	-3.1256e-07	4.3781e-10	-2.5491e-10	-1.8372e-10	3.1252e-07	-3.1254e-07
-0.2	6.783e-11	-1.3439e-10	6.636e-11	3.1324e-07	-3.1304e-07	1.2299e-10	-1.4246000000000002e-10	1.551e-11	3.1308e-07	-3.1308e-07	1.7697e-10	-1.4834e-10	-2.8070000000000003e-11	3.1276e-07	-3.1288e-07	2.1338e-10	-1.5951e-10	-5.941e-11	3.1276e-07	-3.1302e-07	2.513e-10	-1.7248e-10	-8.456e-11	3.1268e-07	-3.1264e-07	2.8748e-10	-1.8114e-10	-1.0961e-10	3.1282e-07	-3.1286e-07	3.2546000000000003e-10	-1.8757e-10	-1.3256e-10	3.1282e-07	-3.1262e-07	3.5321e-10	-1.9731e-10	-1.555e-10	3.1262e-07	-3.126e-07	3.8936e-10	-2.1439e-10	-1.8019000000000003e-10	3.1266e-07	-3.1278e-07	4.2328e-10	-2.2134e-10	-2.0171e-10	3.1276e-07	-3.1268e-07	4.5894e-10	-2.4393e-10	-2.2342e-10	3.1256e-07	-3.125e-07
-0.195	6.386e-11	-1.2949e-10	5.993000000000001e-11	3.1306e-07	-3.1322e-07	1.3391e-10	-1.3594e-10	-1.3e-13	3.1286e-07	-3.1286e-07	1.858e-10	-1.4203e-10	-4.497e-11	3.128e-07	-3.1304e-07	2.3015000000000003e-10	-1.5272000000000002e-10	-8.04e-11	3.1272e-07	-3.1272e-07	2.7152e-10	-1.6151000000000002e-10	-1.1215e-10	3.1286e-07	-3.1274e-07	3.0834000000000004e-10	-1.7024000000000002e-10	-1.3834e-10	3.1264e-07	-3.127e-07	3.4434e-10	-1.7752000000000002e-10	-1.6826000000000002e-10	3.1266e-07	-3.1284e-07	3.7688000000000005e-10	-1.8631000000000003e-10	-1.9277e-10	3.1258e-07	-3.1266e-07	4.1975e-10	-2.0104e-10	-2.1596e-10	3.1278e-07	-3.1278e-07	4.5698000000000006e-10	-2.1272e-10	-2.4668e-10	3.1258e-07	-3.1272e-07	4.945100000000001e-10	-2.3026e-10	-2.6957000000000003e-10	3.1276e-07	-3.1276e-07
-0.19	5.680000000000001e-11	-1.2012000000000002e-10	5.6970000000000005e-11	3.1328e-07	-3.1318e-07	1.3592e-10	-1.2727000000000002e-10	-1.08e-11	3.1292e-07	-3.1286e-07	1.9755e-10	-1.3615000000000002e-10	-6.396e-11	3.1282e-07	-3.1284e-07	2.4644000000000003e-10	-1.453e-10	-1.0582e-10	3.1276e-07	-3.1292e-07	2.928e-10	-1.508e-10	-1.4446e-10	3.1294e-07	-3.1274e-07	3.3526000000000004e-10	-1.6181e-10	-1.7389e-10	3.1272e-07	-3.1286e-07	3.8202e-10	-1.7225000000000003e-10	-2.064e-10	3.1262e-07	-3.1276e-07	4.1484e-10	-1.7567000000000003e-10	-2.3682e-10	3.127e-07	-3.1278e-07	4.59e-10	-1.9343e-10	-2.6592e-10	3.1282e-07	-3.128e-07	4.975e-10	-2.0142e-10	-2.9436e-10	3.1252e-07	-3.126e-07	5.3354e-10	-2.1638e-10	-3.2020000000000004e-10	3.1272e-07	-3.126e-07
-0.185	5.764000000000001e-11	-1.116e-10	5.1700000000000006e-11	3.132e-07	-3.1314e-07	1.5051e-10	-1.2033e-10	-2.61e-11	3.131e-07	-3.131e-07	2.1513e-10	-1.2786e-10	-8.91e-11	3.128e-07	-3.1278e-07	2.7036000000000004e-10	-1.3693e-10	-1.3516e-10	3.127e-07	-3.1296e-07	3.2444e-10	-1.4503000000000002e-10	-1.7770000000000002e-10	3.1272e-07	-3.1288e-07	3.6370000000000005e-10	-1.5224e-10	-2.1477000000000002e-10	3.127e-07	-3.1266e-07	4.1114e-10	-1.6605e-10	-2.4893000000000004e-10	3.1268e-07	-3.126e-07	4.5265e-10	-1.6842000000000002e-10	-2.8375000000000003e-10	3.1262e-07	-3.1254e-07	4.980300000000001e-10	-1.8465e-10	-3.1526e-10	3.128e-07	-3.1256e-07	5.438200000000001e-10	-1.8997e-10	-3.4844000000000004e-10	3.1256e-07	-3.1254e-07	5.853300000000001e-10	-2.0614e-10	-3.7855000000000005e-10	3.1284e-07	-3.1286e-07
-0.18	5.369e-11	-1.062e-10	4.793e-11	3.1324e-07	-3.1316e-07	1.6125e-10	-1.1789000000000002e-10	-4.393e-11	3.13e-07	-3.129e-07	2.3754000000000004e-10	-1.1659e-10	-1.1886000000000002e-10	3.128e-07	-3.13e-07	2.9404e-10	-1.2735e-10	-1.7208000000000001e-10	3.1276e-07	-3.1292e-07	3.5414000000000003e-10	-1.385e-10	-2.1897e-10	3.1284e-07	-3.127e-07	4.0171000000000005e-10	-1.4177000000000002e-10	-2.6002e-10	3.1288e-07	-3.1284e-07	4.5534000000000005e-10	-1.5553e-10	-3.0179e-10	3.1272e-07	-3.1272e-07	5.0411e-10	-1.6109e-10	-3.3762e-10	3.1282e-07	-3.126e-07	5.5491e-10	-1.7528e-10	-3.7727e-10	3.1256e-07	-3.1284e-07	6.048800000000001e-10	-1.8394e-10	-4.1209e-10	3.1264e-07	-3.1276e-07	6.436900000000001e-10	-1.9647e-10	-4.499e-10	3.1262e-07	-3.1256e-07
-0.175	5.533e-11	-1.0012e-10	4.375e-11	3.1306e-07	-3.1312e-07	1.6966e-10	-1.1217e-10	-6.387000000000001e-11	3.1308e-07	-3.1286e-07	2.6495e-10	-1.1390000000000002e-10	-1.4593e-10	3.1302e-07	-3.1278e-07	3.295e-10	-1.2056000000000002e-10	-2.0803e-10	3.1274e-07	-3.1292e-07	3.951e-10	-1.2916000000000002e-10	-2.6423000000000003e-10	3.1268e-07	-3.1272e-07	4.5290000000000006e-10	-1.3809e-10	-3.1148000000000005e-10	3.1268e-07	-3.1286e-07	5.041500000000001e-10	-1.4569000000000002e-10	-3.5851000000000004e-10	3.1266e-07	-3.1288e-07	5.572200000000001e-10	-1.5436000000000002e-10	-4.0285e-10	3.1258e-07	-3.1264e-07	6.128800000000001e-10	-1.6729000000000002e-10	-4.4513e-10	3.1282e-07	-3.128e-07	6.6562e-10	-1.7836000000000002e-10	-4.9102e-10	3.127e-07	-3.1254e-07	7.136100000000001e-10	-1.8645e-10	-5.2542e-10	3.127e-07	-3.1258e-07
-0.17	5.2200000000000005e-11	-9.214e-11	3.858e-11	3.1328e-07	-3.1328e-07	1.8705e-10	-1.0446e-10	-8.633e-11	3.1294e-07	-3.1292e-07	2.8734e-10	-1.1048e-10	-1.8097e-10	3.1294e-07	-3.1296e-07	3.6815e-10	-1.1671e-10	-2.5401000000000004e-10	3.1302e-07	-3.1278e-07	4.4245000000000006e-10	-1.2470000000000002e-10	-3.1808e-10	3.127e-07	-3.126e-07	5.0516e-10	-1.3309e-10	-3.7568e-10	3.1292e-07	-3.1262e-07	5.6164e-10	-1.3695e-10	-4.2441e-10	3.1282e-07	-3.1272e-07	6.2394e-10	-1.4595000000000002e-10	-4.7593e-10	3.1264e-07	-3.1256e-07	6.874900000000001e-10	-1.6202e-10	-5.2665e-10	3.126e-07	-3.1252e-07	7.4551e-10	-1.6717e-10	-5.714e-10	3.1252e-07	-3.1274e-07	8.0138e-10	-1.8005e-10	-6.1759e-10	3.1262e-07	-3.126e-07
-0.165	5.3410000000000006e-11	-8.66e-11	3.5240000000000006e-11	3.133e-07	-3.1318e-07	2.0167e-10	-9.883000000000001e-11	-1.1033e-10	3.1282e-07	-3.13e-07	3.2014000000000004e-10	-1.0336e-10	-2.1920000000000003e-10	3.1304e-07	-3.1302e-07	4.1127e-10	-1.0793e-10	-3.0667000000000004e-10	3.1296e-07	-3.129e-07	4.9292e-10	-1.1858000000000002e-10	-3.7901e-10	3.128e-07	-3.1272e-07	5.6858e-10	-1.256e-10	-4.4181000000000005e-10	3.1286e-07	-3.1264e-07	6.3251e-10	-1.2934000000000002e-10	-5.0287e-10	3.1258e-07	-3.1264e-07	7.055100000000001e-10	-1.415e-10	-5.622000000000001e-10	3.128e-07	-3.1276e-07	7.632e-10	-1.5334e-10	-6.162e-10	3.1258e-07	-3.1266e-07	8.327e-10	-1.5846e-10	-6.7567e-10	3.1266e-07	-3.1256e-07	8.9417e-10	-1.7599e-10	-7.248200000000001e-10	3.1262e-07	-3.1254e-07
-0.16	5.543e-11	-8.413000000000001e-11	3.0100000000000005e-11	3.131e-07	-3.1328e-07	2.2571e-10	-9.282000000000001e-11	-1.3679e-10	3.1308e-07	-3.1304e-07	3.6469e-10	-9.75e-11	-2.6961e-10	3.1286e-07	-3.128e-07	4.7105e-10	-1.0327e-10	-3.6459e-10	3.129e-07	-3.129e-07	5.562200000000001e-10	-1.1029e-10	-4.4864e-10	3.1288e-07	-3.1264e-07	6.4098e-10	-1.2172000000000002e-10	-5.231700000000001e-10	3.1262e-07	-3.1272e-07	7.113e-10	-1.1896000000000002e-10	-5.933800000000001e-10	3.1268e-07	-3.126e-07	7.8788e-10	-1.3285e-10	-6.5886e-10	3.1256e-07	-3.128e-07	8.6408e-10	-1.4221000000000002e-10	-7.1677e-10	3.1264e-07	-3.1274e-07	9.3796e-10	-1.4969e-10	-7.9e-10	3.1282e-07	-3.1254e-07	1.01292e-09	-1.6806e-10	-8.429300000000001e-10	3.127e-07	-3.1278e-07
-0.155	5.091e-11	-7.826000000000001e-11	2.4140000000000003e-11	3.1304e-07	-3.1304e-07	2.4873000000000003e-10	-8.522e-11	-1.689e-10	3.131e-07	-3.1298e-07	4.0985e-10	-9.184e-11	-3.1864000000000005e-10	3.128e-07	-3.13e-07	5.314500000000001e-10	-9.97e-11	-4.3492e-10	3.1272e-07	-3.1272e-07	6.290700000000001e-10	-1.0318e-10	-5.281500000000001e-10	3.1276e-07	-3.1284e-07	7.2668e-10	-1.1746e-10	-6.1237e-10	3.1266e-07	-3.126e-07	8.1362e-10	-1.1355e-10	-6.973000000000001e-10	3.128e-07	-3.1284e-07	8.9516e-10	-1.2139e-10	-7.7235e-10	3.126e-07	-3.126e-07	9.6124e-10	-1.356e-10	-8.2654e-10	3.1272e-07	-3.1266e-07	1.06069e-09	-1.4083000000000002e-10	-9.2174e-10	3.1262e-07	-3.1248e-07	1.1365500000000002e-09	-1.5933e-10	-9.8025e-10	3.1274e-07	-3.1262e-07
-0.15	5.594e-11	-7.204e-11	1.943e-11	3.1328e-07	-3.132e-07	2.8460000000000003e-10	-7.809000000000001e-11	-2.0606e-10	3.1286e-07	-3.129e-07	4.6355e-10	-8.623000000000001e-11	-3.7924e-10	3.1274e-07	-3.1274e-07	6.0333e-10	-9.511e-11	-5.1469e-10	3.1272e-07	-3.1276e-07	7.195500000000001e-10	-9.639e-11	-6.252700000000001e-10	3.129e-07	-3.1288e-07	8.2627e-10	-1.0952e-10	-7.2343e-10	3.128e-07	-3.1266e-07	9.2743e-10	-1.0926e-10	-8.1662e-10	3.1264e-07	-3.1262e-07	1.01864e-09	-1.1441e-10	-9.0324e-10	3.1286e-07	-3.1262e-07	1.1133600000000002e-09	-1.2772e-10	-9.9137e-10	3.1264e-07	-3.1278e-07	1.2128e-09	-1.383e-10	-1.06826e-09	3.1274e-07	-3.1258e-07	1.2956e-09	-1.4172e-10	-1.14885e-09	3.128e-07	-3.1284e-07
-0.145	5.404e-11	-6.848e-11	1.262e-11	3.1304e-07	-3.1308e-07	3.2185000000000003e-10	-7.599e-11	-2.4876000000000003e-10	3.1298e-07	-3.1288e-07	5.214600000000001e-10	-8.018e-11	-4.4688e-10	3.128e-07	-3.13e-07	6.8228e-10	-8.634000000000001e-11	-6.069400000000001e-10	3.129e-07	-3.1294e-07	8.255500000000001e-10	-9.116e-11	-7.3182e-10	3.127e-07	-3.1272e-07	9.4159e-10	-1.0014e-10	-8.4765e-10	3.1268e-07	-3.1268e-07	1.0604700000000002e-09	-1.0367e-10	-9.5584e-10	3.1288e-07	-3.128e-07	1.1708e-09	-1.122e-10	-1.05716e-09	3.1276e-07	-3.1278e-07	1.2839e-09	-1.1694e-10	-1.1621e-09	3.1256e-07	-3.1256e-07	1.387e-09	-1.3096e-10	-1.2557e-09	3.126e-07	-3.126e-07	1.4843e-09	-1.398e-10	-1.3413e-09	3.1258e-07	-3.1256e-07
-0.14	5.528e-11	-6.275e-11	8.290000000000001e-12	3.1304e-07	-3.1302e-07	3.6461000000000005e-10	-7.098000000000001e-11	-2.9679e-10	3.1302e-07	-3.1302e-07	6.0139e-10	-7.439e-11	-5.333800000000001e-10	3.1276e-07	-3.1278e-07	7.9074e-10	-7.943e-11	-7.1182e-10	3.1294e-07	-3.1268e-07	9.4385e-10	-8.328000000000001e-11	-8.6206e-10	3.1288e-07	-3.1284e-07	1.0835400000000002e-09	-9.27e-11	-9.9174e-10	3.1264e-07	-3.1256e-07	1.2154e-09	-9.938e-11	-1.1168300000000002e-09	3.1264e-07	-3.1258e-07	1.3373e-09	-1.0745e-10	-1.2295e-09	3.1262e-07	-3.1262e-07	1.4681e-09	-1.1418e-10	-1.3574e-09	3.1266e-07	-3.1264e-07	1.5796e-09	-1.1944e-10	-1.4599e-09	3.1276e-07	-3.1272e-07	1.6823e-09	-1.3042e-10	-1.5568e-09	3.1282e-07	-3.1256e-07
-0.135	5.375e-11	-5.626e-11	4.4000000000000004e-13	3.1308e-07	-3.1302e-07	4.2041000000000005e-10	-6.689e-11	-3.5172e-10	3.13e-07	-3.1284e-07	6.8734e-10	-7.120000000000001e-11	-6.2446e-10	3.1308e-07	-3.1278e-07	9.063999999999999e-10	-7.605000000000001e-11	-8.3352e-10	3.13e-07	-3.1296e-07	1.08761e-09	-8.245000000000001e-11	-1.0043e-09	3.1272e-07	-3.1292e-07	1.2396e-09	-8.674e-11	-1.1552e-09	3.1266e-07	-3.1284e-07	1.3966e-09	-9.211e-11	-1.3036e-09	3.1268e-07	-3.1278e-07	1.5362e-09	-1.0131e-10	-1.4347e-09	3.126e-07	-3.1254e-07	1.6643e-09	-1.065e-10	-1.5684e-09	3.1272e-07	-3.1256e-07	1.8072e-09	-1.1492000000000002e-10	-1.6977e-09	3.1258e-07	-3.125e-07	1.9371e-09	-1.2184000000000002e-10	-1.816e-09	3.1282e-07	-3.1266e-07
-0.13	5.959000000000001e-11	-5.171e-11	-3.71e-12	3.1298e-07	-3.1322e-07	4.7918e-10	-6.491e-11	-4.1345000000000006e-10	3.1294e-07	-3.1302e-07	7.9802e-10	-6.398000000000001e-11	-7.2863e-10	3.13e-07	-3.1274e-07	1.03937e-09	-6.643000000000001e-11	-9.7391e-10	3.1278e-07	-3.1268e-07	1.238e-09	-7.315e-11	-1.1787e-09	3.1268e-07	-3.1268e-07	1.4291e-09	-7.782000000000001e-11	-1.3505e-09	3.1268e-07	-3.126e-07	1.6067e-09	-8.862000000000001e-11	-1.5164e-09	3.1258e-07	-3.1262e-07	1.7666e-09	-9.576e-11	-1.6385e-09	3.128e-07	-3.1274e-07	1.9531e-09	-1.0119e-10	-1.8398e-09	3.1278e-07	-3.1264e-07	2.0845e-09	-1.1184e-10	-1.9801e-09	3.1256e-07	-3.1274e-07	2.2258e-09	-1.1351e-10	-2.1116e-09	3.1262e-07	-3.1278e-07
-0.125	6.165e-11	-4.983e-11	-1.584e-11	3.1324e-07	-3.1322e-07	5.491e-10	-6.419e-11	-4.858e-10	3.1288e-07	-3.1282e-07	9.206700000000001e-10	-6.293000000000001e-11	-8.5485e-10	3.1298e-07	-3.1276e-07	1.205e-09	-6.544000000000001e-11	-1.1355e-09	3.129e-07	-3.1286e-07	1.4427e-09	-7.582e-11	-1.3697e-09	3.127e-07	-3.1284e-07	1.6504e-09	-7.048000000000001e-11	-1.5748e-09	3.1288e-07	-3.126e-07	1.8528e-09	-8.208e-11	-1.7672e-09	3.1264e-07	-3.1284e-07	2.0327e-09	-8.768e-11	-1.9466e-09	3.128e-07	-3.1272e-07	2.2236e-09	-9.775e-11	-2.1441e-09	3.126e-07	-3.126e-07	2.4073e-09	-1.056e-10	-2.301e-09	3.126e-07	-3.1254e-07	2.547e-09	-1.0636e-10	-2.4424e-09	3.1254e-07	-3.1256e-07
-0.12	6.654000000000001e-11	-4.444e-11	-1.759e-11	3.131e-07	-3.1298e-07	6.2909e-10	-5.821e-11	-5.754800000000001e-10	3.1306e-07	-3.1304e-07	1.06068e-09	-6.198e-11	-1.01264e-09	3.1282e-07	-3.1298e-07	1.3964e-09	-6.377e-11	-1.3346e-09	3.1292e-07	-3.1264e-07	1.6686e-09	-7.119e-11	-1.6033e-09	3.1288e-07	-3.1286e-07	1.9076e-09	-6.386e-11	-1.8383e-09	3.1284e-07	-3.128e-07	2.138e-09	-7.828e-11	-2.0675e-09	3.1258e-07	-3.1278e-07	2.3531e-09	-8.585e-11	-2.264e-09	3.127e-07	-3.1274e-07	2.5855e-09	-9.048e-11	-2.4887e-09	3.1276e-07	-3.1282e-07	2.7456e-09	-9.969e-11	-2.5813e-09	3.1256e-07	-3.1256e-07	2.9518e-09	-1.0455e-10	-2.8463e-09	3.1262e-07	-3.1278e-07
-0.115	7.536000000000001e-11	-4.209e-11	-3.095e-11	3.1304e-07	-3.1318e-07	7.2936e-10	-5.251e-11	-6.7114e-10	3.1306e-07	-3.1302e-07	1.2237e-09	-4.901e-11	-1.174e-09	3.1294e-07	-3.1278e-07	1.6102e-09	-5.927e-11	-1.5574e-09	3.13e-07	-3.1274e-07	1.9234e-09	-6.288000000000001e-11	-1.869e-09	3.1266e-07	-3.1262e-07	2.2038e-09	-6.125000000000001e-11	-2.1419e-09	3.129e-07	-3.1284e-07	2.4694e-09	-6.889000000000001e-11	-2.4043e-09	3.1262e-07	-3.1266e-07	2.7206e-09	-8.295e-11	-2.6334e-09	3.1262e-07	-3.1272e-07	2.9885999999999998e-09	-8.499e-11	-2.8891e-09	3.1282e-07	-3.1262e-07	3.2072e-09	-9.544000000000001e-11	-3.1109e-09	3.1258e-07	-3.1262e-07	3.4098e-09	-9.873e-11	-3.3035e-09	3.1252e-07	-3.1254e-07
-0.11	8.156e-11	-4.337e-11	-4.073e-11	3.1312e-07	-3.132e-07	8.3837e-10	-4.9400000000000005e-11	-7.8838e-10	3.1292e-07	-3.131e-07	1.4214e-09	-5.772e-11	-1.3687e-09	3.13e-07	-3.1296e-07	1.8697e-09	-5.615e-11	-1.7996e-09	3.128e-07	-3.1276e-07	2.2305e-09	-5.837e-11	-2.174e-09	3.1282e-07	-3.1288e-07	2.5654e-09	-5.943000000000001e-11	-2.4975e-09	3.1264e-07	-3.1262e-07	2.8637e-09	-6.441e-11	-2.7983e-09	3.1264e-07	-3.1276e-07	3.151e-09	-7.811e-11	-3.077e-09	3.1282e-07	-3.1256e-07	3.4535e-09	-7.953000000000001e-11	-3.3758e-09	3.1254e-07	-3.1282e-07	3.7149e-09	-9.28e-11	-3.6348e-09	3.1268e-07	-3.1256e-07	3.9433e-09	-9.399e-11	-3.843e-09	3.1264e-07	-3.128e-07
-0.105	9.191000000000001e-11	-4.0190000000000005e-11	-4.989e-11	3.1326e-07	-3.1314e-07	9.678e-10	-4.367e-11	-9.1917e-10	3.131e-07	-3.131e-07	1.6416e-09	-5.052e-11	-1.5951e-09	3.1282e-07	-3.1278e-07	2.1542e-09	-4.826e-11	-2.1095e-09	3.1276e-07	-3.1268e-07	2.584e-09	-5.4970000000000005e-11	-2.532e-09	3.1288e-07	-3.1284e-07	2.964e-09	-5.533e-11	-2.9112e-09	3.1294e-07	-3.1258e-07	3.3227e-09	-6.259e-11	-3.2585e-09	3.1264e-07	-3.126e-07	3.6321e-09	-7.189000000000001e-11	-3.5832e-09	3.1278e-07	-3.1274e-07	3.9886e-09	-7.756e-11	-3.9135e-09	3.128e-07	-3.1278e-07	4.2901e-09	-8.661000000000001e-11	-4.2091e-09	3.1258e-07	-3.126e-07	4.5295e-09	-9.126e-11	-4.4698e-09	3.128e-07	-3.1266e-07
-0.1	9.565e-11	-3.588e-11	-6.504e-11	3.1324e-07	-3.13e-07	1.11972e-09	-3.58e-11	-1.0832500000000002e-09	3.13e-07	-3.1302e-07	1.9024e-09	-4.513e-11	-1.8594e-09	3.1286e-07	-3.13e-07	2.5025e-09	-4.437e-11	-2.4627e-09	3.1276e-07	-3.1272e-07	3.0082e-09	-4.967e-11	-2.9567e-09	3.1268e-07	-3.1292e-07	3.4461e-09	-5.054e-11	-3.3885e-09	3.13e-07	-3.1272e-07	3.8403e-09	-5.825e-11	-3.788e-09	3.1286e-07	-3.1278e-07	4.1865e-09	-6.843e-11	-4.1655e-09	3.1264e-07	-3.1256e-07	4.6284e-09	-7.031e-11	-4.568e-09	3.128e-07	-3.1254e-07	4.9692e-09	-8.008000000000001e-11	-4.8989e-09	3.1256e-07	-3.1276e-07	5.277e-09	-8.925e-11	-5.1942e-09	3.128e-07	-3.1276e-07
-0.095	1.073e-10	-3.3090000000000005e-11	-7.947000000000001e-11	3.1322e-07	-3.1322e-07	1.3026e-09	-3.612e-11	-1.2603e-09	3.1286e-07	-3.1286e-07	2.2034e-09	-4.022e-11	-2.1706e-09	3.13e-07	-3.1304e-07	2.8997e-09	-4.0850000000000006e-11	-2.8604e-09	3.1298e-07	-3.1282e-07	3.4825e-09	-4.3910000000000007e-11	-3.4375999999999998e-09	3.1286e-07	-3.127e-07	3.9974e-09	-5.117e-11	-3.946e-09	3.128e-07	-3.126e-07	4.4743e-09	-5.416e-11	-4.3874999999999996e-09	3.1278e-07	-3.1278e-07	4.8956e-09	-6.422e-11	-4.8217e-09	3.1262e-07	-3.1276e-07	5.3682e-09	-6.358e-11	-5.3141e-09	3.1268e-07	-3.126e-07	5.7743e-09	-7.541e-11	-5.71e-09	3.128e-07	-3.1272e-07	6.1207e-09	-8.479000000000001e-11	-5.9997e-09	3.128e-07	-3.126e-07
-0.09	1.2572e-10	-3.051e-11	-1.0142e-10	3.1302e-07	-3.1294e-07	1.5158e-09	-3.369e-11	-1.4731e-09	3.1288e-07	-3.128e-07	2.5715e-09	-3.762e-11	-2.5338e-09	3.13e-07	-3.1296e-07	3.3782e-09	-3.8510000000000005e-11	-3.3321e-09	3.1272e-07	-3.1268e-07	4.0557e-09	-4.3290000000000006e-11	-4.006e-09	3.13e-07	-3.1266e-07	4.6447e-09	-4.823e-11	-4.5852e-09	3.1288e-07	-3.126e-07	5.2007e-09	-5.356000000000001e-11	-5.1365e-09	3.1258e-07	-3.1262e-07	5.6999e-09	-5.583e-11	-5.6502e-09	3.1276e-07	-3.1262e-07	6.2158e-09	-6.112e-11	-6.166e-09	3.1262e-07	-3.1276e-07	6.6684e-09	-7.169e-11	-6.6309e-09	3.1256e-07	-3.1254e-07	7.1205999999999996e-09	-7.817e-11	-7.0522e-09	3.1274e-07	-3.128e-07
-0.085	1.4028e-10	-2.5160000000000003e-11	-1.1236e-10	3.1304e-07	-3.1296e-07	1.7606e-09	-3.4720000000000004e-11	-1.7206e-09	3.1292e-07	-3.129e-07	2.9843e-09	-3.0680000000000004e-11	-2.9554e-09	3.131e-07	-3.1298e-07	3.9118e-09	-3.328e-11	-3.8786e-09	3.127e-07	-3.1284e-07	4.6857e-09	-4.3290000000000006e-11	-4.6748e-09	3.1274e-07	-3.127e-07	5.3841e-09	-4.4490000000000006e-11	-5.3363e-09	3.1272e-07	-3.1266e-07	6.0212e-09	-5.234e-11	-5.9837e-09	3.1264e-07	-3.1278e-07	6.5639e-09	-5.004e-11	-6.5355e-09	3.1264e-07	-3.1256e-07	7.2255e-09	-5.746000000000001e-11	-7.1548e-09	3.1268e-07	-3.1254e-07	7.7631e-09	-6.335e-11	-7.6967e-09	3.1274e-07	-3.1256e-07	8.277e-09	-7.442e-11	-8.1843e-09	3.1268e-07	-3.126e-07
-0.08	1.6099e-10	-2.038e-11	-1.4892e-10	3.13e-07	-3.1296e-07	2.0438e-09	-3.253e-11	-2.013e-09	3.1306e-07	-3.131e-07	3.48e-09	-2.7650000000000003e-11	-3.4408e-09	3.1304e-07	-3.1304e-07	4.5749e-09	-3.1550000000000003e-11	-4.5331e-09	3.128e-07	-3.1272e-07	5.4827e-09	-3.816e-11	-5.4321e-09	3.127e-07	-3.1286e-07	6.269e-09	-3.925e-11	-6.2235e-09	3.1274e-07	-3.1264e-07	7.0214e-09	-4.8450000000000005e-11	-6.953e-09	3.1268e-07	-3.1272e-07	7.6947e-09	-4.676e-11	-7.6283e-09	3.128e-07	-3.1278e-07	8.3684e-09	-5.0570000000000006e-11	-8.3418e-09	3.1264e-07	-3.1256e-07	9.0238e-09	-5.696e-11	-8.9631e-09	3.1258e-07	-3.1274e-07	9.5951e-09	-6.976e-11	-9.557e-09	3.1258e-07	-3.1252e-07
-0.075	1.8339000000000003e-10	-1.9750000000000003e-11	-1.81e-10	3.1304e-07	-3.1294e-07	2.3796e-09	-2.9770000000000004e-11	-2.333e-09	3.1292e-07	-3.1308e-07	4.0363e-09	-2.6470000000000003e-11	-3.976e-09	3.1304e-07	-3.1304e-07	5.3053e-09	-3.251e-11	-5.2784e-09	3.1284e-07	-3.1262e-07	6.3515e-09	-3.752e-11	-6.3125e-09	3.1274e-07	-3.128e-07	7.2667e-09	-3.726e-11	-7.2413e-09	3.1274e-07	-3.1284e-07	8.0394e-09	-4.3800000000000006e-11	-7.9061e-09	3.1276e-07	-3.127e-07	8.9212e-09	-4.29e-11	-8.884e-09	3.1276e-07	-3.1274e-07	9.7137e-09	-4.541e-11	-9.6538e-09	3.127e-07	-3.1284e-07	1.04867e-08	-5.4350000000000005e-11	-1.04258e-08	3.1282e-07	-3.1252e-07	1.11287e-08	-6.384000000000001e-11	-1.11158e-08	3.1276e-07	-3.1276e-07
-0.07	2.1427000000000003e-10	-1.6470000000000002e-11	-2.1352000000000003e-10	3.1302e-07	-3.1296e-07	2.7614e-09	-2.744e-11	-2.7385e-09	3.1292e-07	-3.1304e-07	4.7061e-09	-2.55e-11	-4.6607e-09	3.1288e-07	-3.1298e-07	6.171e-09	-3.107e-11	-6.1668e-09	3.1292e-07	-3.1276e-07	7.3e-09	-3.579e-11	-7.2439e-09	3.1272e-07	-3.1272e-07	8.4692e-09	-3.304e-11	-8.4253e-09	3.1264e-07	-3.1266e-07	9.3899e-09	-4.231e-11	-9.418e-09	3.1264e-07	-3.126e-07	1.03979e-08	-3.628e-11	-1.03338e-08	3.1282e-07	-3.1282e-07	1.13093e-08	-4.3100000000000005e-11	-1.12527e-08	3.1286e-07	-3.1268e-07	1.22228e-08	-4.73e-11	-1.1694999999999998e-08	3.1268e-07	-3.1272e-07	1.30682e-08	-5.582000000000001e-11	-1.29974e-08	3.1254e-07	-3.1254e-07
-0.065	2.503e-10	-1.511e-11	-2.3016e-10	3.1324e-07	-3.1322e-07	3.207e-09	-2.73e-11	-3.194e-09	3.1292e-07	-3.1312e-07	5.4611e-09	-2.344e-11	-5.4144e-09	3.1306e-07	-3.1302e-07	7.1712e-09	-2.9840000000000004e-11	-7.1745e-09	3.1276e-07	-3.1272e-07	8.5307e-09	-3.395e-11	-8.4601e-09	3.1274e-07	-3.1264e-07	9.8418e-09	-2.8730000000000004e-11	-9.7967e-09	3.1262e-07	-3.1262e-07	1.10028e-08	-3.883e-11	-1.09778e-08	3.1274e-07	-3.125e-07	1.21058e-08	-3.736e-11	-1.20352e-08	3.1264e-07	-3.1258e-07	1.31014e-08	-4.373e-11	-1.30934e-08	3.1288e-07	-3.128e-07	1.4177e-08	-5.394e-11	-1.41496e-08	3.1254e-07	-3.1268e-07	1.5170199999999997e-08	-5.2640000000000005e-11	-1.5099e-08	3.1258e-07	-3.1256e-07
-0.06	2.9394e-10	-1.432e-11	-2.7094e-10	3.1328e-07	-3.1326e-07	3.7205e-09	-2.388e-11	-3.7308e-09	3.1288e-07	-3.1304e-07	6.3558e-09	-2.185e-11	-6.2939e-09	3.1302e-07	-3.13e-07	8.3015e-09	-2.9810000000000005e-11	-8.2829e-09	3.1274e-07	-3.1278e-07	1.00056e-08	-2.6450000000000003e-11	-9.971e-09	3.1276e-07	-3.1284e-07	1.14601e-08	-2.467e-11	-1.14312e-08	3.1268e-07	-3.1284e-07	1.28776e-08	-2.8650000000000003e-11	-1.2825599999999998e-08	3.1278e-07	-3.128e-07	1.4130799999999998e-08	-3.623e-11	-1.4073399999999998e-08	3.1288e-07	-3.1256e-07	1.53084e-08	-4.2780000000000006e-11	-1.5259799999999998e-08	3.1262e-07	-3.1262e-07	1.6550399999999998e-08	-4.377e-11	-1.6417199999999998e-08	3.127e-07	-3.1272e-07	1.7621e-08	-4.636e-11	-1.7590799999999998e-08	3.128e-07	-3.1256e-07
-0.055	3.807e-10	-1.628e-11	-3.2566000000000004e-10	3.1328e-07	-3.1322e-07	4.3652e-09	-1.788e-11	-4.2799e-09	3.1308e-07	-3.1302e-07	7.3826e-09	-2.329e-11	-7.3162e-09	3.1278e-07	-3.128e-07	9.7011e-09	-3.012e-11	-9.6658e-09	3.1276e-07	-3.1272e-07	1.1696e-08	-2.422e-11	-1.167e-08	3.1286e-07	-3.1284e-07	1.3382199999999998e-08	-2.7490000000000003e-11	-1.33426e-08	3.1292e-07	-3.1268e-07	1.4892599999999998e-08	-3.259e-11	-1.4895999999999998e-08	3.126e-07	-3.1258e-07	1.6408799999999997e-08	-3.233e-11	-1.6334399999999998e-08	3.1262e-07	-3.1276e-07	1.77638e-08	-3.4800000000000005e-11	-1.7743599999999998e-08	3.1278e-07	-3.1262e-07	1.92138e-08	-3.5810000000000004e-11	-1.91672e-08	3.1256e-07	-3.1256e-07	2.03756e-08	-4.3320000000000005e-11	-2.03818e-08	3.1288e-07	-3.1274e-07
-0.05	4.0350000000000005e-10	-1.351e-11	-3.7028e-10	3.1296e-07	-3.1302e-07	5.0572e-09	-1.6690000000000003e-11	-5.0605e-09	3.1288e-07	-3.1284e-07	8.5846e-09	-2.1e-11	-8.5358e-09	3.128e-07	-3.1296e-07	1.1281e-08	-2.553e-11	-1.12785e-08	3.127e-07	-3.129e-07	1.36112e-08	-2.183e-11	-1.35734e-08	3.1292e-07	-3.1268e-07	1.55876e-08	-2.1680000000000003e-11	-1.5510799999999998e-08	3.1266e-07	-3.126e-07	1.7402999999999997e-08	-2.844e-11	-1.73744e-08	3.1264e-07	-3.1256e-07	1.91104e-08	-2.7800000000000004e-11	-1.90512e-08	3.1282e-07	-3.1254e-07	2.06778e-08	-3.109e-11	-2.06302e-08	3.1258e-07	-3.126e-07	2.23258e-08	-3.554e-11	-2.23258e-08	3.1274e-07	-3.1272e-07	2.37904e-08	-4.3980000000000006e-11	-2.38896e-08	3.1262e-07	-3.128e-07
-0.045	4.5504e-10	-7.790000000000001e-12	-4.4823e-10	3.1302e-07	-3.1292e-07	5.9033e-09	-1.418e-11	-5.8585e-09	3.1286e-07	-3.1304e-07	9.9449e-09	-1.8440000000000003e-11	-9.9246e-09	3.1282e-07	-3.1284e-07	1.3197e-08	-1.311e-11	-1.31818e-08	3.128e-07	-3.1272e-07	1.5795999999999998e-08	-1.6270000000000002e-11	-1.5821199999999997e-08	3.1272e-07	-3.1276e-07	1.80162e-08	-1.79e-11	-1.80606e-08	3.1264e-07	-3.1284e-07	2.02224e-08	-2.629e-11	-2.0122e-08	3.1282e-07	-3.1278e-07	2.22478e-08	-2.3300000000000003e-11	-2.21342e-08	3.1282e-07	-3.1256e-07	2.39284e-08	-3.1e-11	-2.38982e-08	3.127e-07	-3.1274e-07	2.59878e-08	-3.856e-11	-2.58968e-08	3.1262e-07	-3.1276e-07	2.76818e-08	-3.817e-11	-2.76706e-08	3.1276e-07	-3.1256e-07
-0.04	5.366800000000001e-10	-8.46e-12	-5.0811e-10	3.1324e-07	-3.1302e-07	6.8735e-09	-1.157e-11	-6.822e-09	3.1294e-07	-3.1284e-07	1.17132e-08	-1.684e-11	-1.1678e-08	3.1276e-07	-3.1274e-07	1.53734e-08	-1.633e-11	-1.53562e-08	3.129e-07	-3.1268e-07	1.84316e-08	-1.5030000000000002e-11	-1.84188e-08	3.13e-07	-3.1284e-07	2.10606e-08	-1.8020000000000003e-11	-2.10532e-08	3.1268e-07	-3.1262e-07	2.3588e-08	-2.3120000000000003e-11	-2.34966e-08	3.1258e-07	-3.126e-07	2.58894e-08	-2.5670000000000004e-11	-2.578e-08	3.126e-07	-3.1256e-07	2.69262e-08	-3.362e-11	-2.72732e-08	3.128e-07	-3.128e-07	3.02076e-08	-3.607e-11	-3.01378e-08	3.1264e-07	-3.1244e-07	3.1455399999999995e-08	-3.3e-11	-3.1958999999999995e-08	3.1282e-07	-3.1268e-07
-0.035	5.731e-10	-5.710000000000001e-12	-6.5219e-10	3.1304e-07	-3.1302e-07	7.9855e-09	-7.63e-12	-7.9258e-09	3.131e-07	-3.1292e-07	1.3678999999999998e-08	-1.0130000000000001e-11	-1.36014e-08	3.1302e-07	-3.1278e-07	1.78994e-08	-1.398e-11	-1.78622e-08	3.1298e-07	-3.1286e-07	2.14488e-08	-1.535e-11	-2.14256e-08	3.1292e-07	-3.1294e-07	2.44914e-08	-1.82e-11	-2.44848e-08	3.1264e-07	-3.1266e-07	2.6689e-08	-2.061e-11	-2.71928e-08	3.1256e-07	-3.1274e-07	3.0111199999999995e-08	-2.6830000000000003e-11	-3.00414e-08	3.1262e-07	-3.1274e-07	3.20642e-08	-3.169e-11	-3.1315e-08	3.1268e-07	-3.1274e-07	3.50068e-08	-3.2610000000000004e-11	-3.503e-08	3.1282e-07	-3.1278e-07	3.72258e-08	-3.2320000000000004e-11	-3.73232e-08	3.128e-07	-3.1284e-07
-0.03	7.2783e-10	-2.57e-12	-6.7356e-10	3.1324e-07	-3.1322e-07	9.2502e-09	-8.63e-12	-9.3386e-09	3.1286e-07	-3.1282e-07	1.5850999999999997e-08	-1.193e-11	-1.59446e-08	3.1302e-07	-3.1296e-07	2.08418e-08	-1.385e-11	-2.07928e-08	3.1294e-07	-3.128e-07	2.50128e-08	-1.504e-11	-2.49574e-08	3.1294e-07	-3.128e-07	2.85764e-08	-2.1680000000000003e-11	-2.8514e-08	3.1264e-07	-3.1264e-07	3.1937799999999994e-08	-1.723e-11	-3.1794399999999995e-08	3.1258e-07	-3.1258e-07	3.4805399999999995e-08	-2.167e-11	-3.49524e-08	3.1282e-07	-3.128e-07	3.72554e-08	-2.6650000000000003e-11	-3.697379999999999e-08	3.1258e-07	-3.1256e-07	4.0829e-08	-2.699e-11	-4.08856e-08	3.1262e-07	-3.1274e-07	4.3564e-08	-3.164e-11	-4.3511399999999993e-08	3.1254e-07	-3.125e-07
-0.025	8.6714e-10	-1.3400000000000003e-12	-8.315500000000001e-10	3.1304e-07	-3.1298e-07	1.07996e-08	-7.280000000000001e-12	-1.08074e-08	3.1302e-07	-3.1286e-07	1.85832e-08	-9.000000000000001e-12	-1.86272e-08	3.1284e-07	-3.13e-07	2.4214e-08	-1.373e-11	-2.42166e-08	3.1292e-07	-3.1268e-07	2.90624e-08	-1.163e-11	-2.90386e-08	3.1268e-07	-3.1286e-07	3.31538e-08	-1.526e-11	-3.32028e-08	3.1268e-07	-3.127e-07	3.71016e-08	-1.4400000000000002e-11	-3.70528e-08	3.1274e-07	-3.1276e-07	4.07246e-08	-1.425e-11	-4.0587e-08	3.1264e-07	-3.1266e-07	4.40092e-08	-1.753e-11	-4.38932e-08	3.1264e-07	-3.1256e-07	4.74426e-08	-2.38e-11	-4.721199999999999e-08	3.1282e-07	-3.126e-07	5.055599999999999e-08	-2.8220000000000004e-11	-5.0773e-08	3.1262e-07	-3.126e-07
-0.02	9.5721e-10	-2.79e-12	-9.9671e-10	3.131e-07	-3.1298e-07	1.2737999999999998e-08	-3.1600000000000007e-12	-1.2739199999999998e-08	3.131e-07	-3.1302e-07	2.1742e-08	-4.450000000000001e-12	-2.16574e-08	3.1306e-07	-3.13e-07	2.82288e-08	-1.007e-11	-2.8221e-08	3.1278e-07	-3.128e-07	3.38902e-08	-1.0640000000000002e-11	-3.39126e-08	3.1282e-07	-3.1282e-07	3.86774e-08	-8.690000000000003e-12	-3.86736e-08	3.129e-07	-3.1262e-07	4.30388e-08	-1.6400000000000003e-11	-4.31916e-08	3.1264e-07	-3.1268e-07	4.74342e-08	-1.077e-11	-4.73322e-08	3.1276e-07	-3.1266e-07	5.122479999999999e-08	-1.803e-11	-5.11476e-08	3.1262e-07	-3.126e-07	5.53182e-08	-2.4410000000000003e-11	-5.52018e-08	3.127e-07	-3.127e-07	5.906019999999999e-08	-2.3720000000000003e-11	-5.8993e-08	3.1262e-07	-3.1278e-07
-0.015	1.13526e-09	-1.36e-12	-1.10864e-09	3.132e-07	-3.1304e-07	1.4850599999999998e-08	-1.117e-11	-1.47782e-08	3.131e-07	-3.1288e-07	2.51034e-08	-1.8000000000000002e-12	-2.50952e-08	3.1288e-07	-3.1302e-07	3.2781999999999995e-08	-2.9400000000000004e-12	-3.2780999999999994e-08	3.1296e-07	-3.127e-07	3.9364e-08	-7.3e-12	-3.93494e-08	3.1274e-07	-3.129e-07	4.4962199999999993e-08	-7.45e-12	-4.49558e-08	3.1268e-07	-3.126e-07	5.03576e-08	-1.835e-11	-5.021859999999999e-08	3.1276e-07	-3.1256e-07	5.50662e-08	-1.259e-11	-5.3504e-08	3.1264e-07	-3.1262e-07	5.93912e-08	-2e-11	-5.9475e-08	3.128e-07	-3.1278e-07	6.42302e-08	-2.366e-11	-6.420659999999999e-08	3.1282e-07	-3.1262e-07	6.823159999999999e-08	-1.881e-11	-6.83144e-08	3.1258e-07	-3.1254e-07
-0.01	1.3133e-09	-3.61e-12	-1.3053e-09	3.1314e-07	-3.1314e-07	1.73142e-08	-6.180000000000001e-12	-1.7210199999999997e-08	3.1304e-07	-3.1308e-07	2.93118e-08	-5.79e-12	-2.92536e-08	3.1304e-07	-3.1276e-07	3.82186e-08	-2.31e-12	-3.8275e-08	3.1294e-07	-3.1284e-07	4.54274e-08	-5.9700000000000014e-12	-4.5194e-08	3.13e-07	-3.1266e-07	5.24338e-08	-1.025e-11	-5.23764e-08	3.1262e-07	-3.1278e-07	5.86608e-08	-1.355e-11	-5.85354e-08	3.1272e-07	-3.1276e-07	6.424299999999999e-08	-1.343e-11	-6.41374e-08	3.1264e-07	-3.1262e-07	6.942239999999999e-08	-1.9930000000000003e-11	-6.926719999999999e-08	3.1264e-07	-3.1266e-07	7.475659999999999e-08	-1.7850000000000002e-11	-7.48118e-08	3.1264e-07	-3.126e-07	7.9378e-08	-1.804e-11	-7.963259999999999e-08	3.1256e-07	-3.1266e-07
-0.005	1.497e-09	-2.9400000000000004e-12	-1.5822e-09	3.1304e-07	-3.1304e-07	2.00832e-08	3.58e-12	-2.0007e-08	3.1294e-07	-3.1304e-07	3.38892e-08	-8.36e-12	-3.38444e-08	3.1298e-07	-3.1294e-07	4.44388e-08	-5.04e-12	-4.399159999999999e-08	3.1294e-07	-3.1268e-07	5.31096e-08	-4.900000000000001e-12	-5.33314e-08	3.1276e-07	-3.1296e-07	6.110739999999999e-08	-1.04e-11	-6.10454e-08	3.1264e-07	-3.1262e-07	6.81842e-08	-6.520000000000001e-12	-6.804999999999999e-08	3.1258e-07	-3.1256e-07	7.46364e-08	-1.362e-11	-7.46452e-08	3.128e-07	-3.1262e-07	8.07234e-08	-1.7760000000000002e-11	-8.068759999999998e-08	3.1256e-07	-3.1258e-07	8.70646e-08	-1.6650000000000002e-11	-8.703779999999999e-08	3.1274e-07	-3.1268e-07	9.275e-08	-1.9330000000000003e-11	-9.27204e-08	3.1256e-07	-3.1274e-07
0.0	1.7387e-09	-6.000000000000002e-13	-1.8588e-09	3.132e-07	-3.1318e-07	2.34304e-08	1.9200000000000003e-12	-2.3453e-08	3.1292e-07	-3.1286e-07	3.95444e-08	-2.77e-12	-3.95002e-08	3.1304e-07	-3.1296e-07	5.1838e-08	-7.960000000000001e-12	-5.177939999999999e-08	3.1298e-07	-3.127e-07	6.22134e-08	-3.7e-12	-6.134339999999999e-08	3.1282e-07	-3.1274e-07	7.114759999999999e-08	-1.139e-11	-7.12606e-08	3.1266e-07	-3.1284e-07	7.937199999999999e-08	-3.7e-12	-7.94006e-08	3.1286e-07	-3.1274e-07	8.685279999999998e-08	-1.194e-11	-8.68612e-08	3.1288e-07	-3.128e-07	9.414619999999999e-08	-1.34e-11	-9.3797e-08	3.1272e-07	-3.1254e-07	1.016484e-07	-1.615e-11	-1.016066e-07	3.1256e-07	-3.126e-07	1.081594e-07	-2.093e-11	-1.0825e-07	3.1272e-07	-3.1256e-07
0.005	2.0514999999999998e-09	-1.4400000000000001e-12	-2.0475e-09	3.1318e-07	-3.1316e-07	2.71892e-08	-4.6900000000000004e-12	-2.71204e-08	3.1288e-07	-3.1294e-07	4.61048e-08	5.3000000000000004e-12	-4.61328e-08	3.1284e-07	-3.1278e-07	6.03094e-08	-3.5200000000000003e-12	-6.0284e-08	3.1268e-07	-3.1266e-07	7.23676e-08	-9.200000000000001e-13	-7.23064e-08	3.1292e-07	-3.1292e-07	8.27682e-08	-4.5400000000000004e-12	-8.28196e-08	3.1262e-07	-3.1262e-07	9.21758e-08	-5.150000000000001e-12	-9.2273e-08	3.1276e-07	-3.1276e-07	1.010478e-07	-7.35e-12	-1.011768e-07	3.1262e-07	-3.1278e-07	1.094982e-07	-8.590000000000001e-12	-1.092256e-07	3.1278e-07	-3.1274e-07	1.1838e-07	-1.6340000000000002e-11	-1.182e-07	3.1266e-07	-3.1268e-07	1.2548e-07	-1.354e-11	-1.2562e-07	3.1278e-07	-3.125e-07
0.01	2.3691e-09	2.6e-13	-2.7133e-09	3.1312e-07	-3.1302e-07	3.15222e-08	-6.930000000000001e-12	-3.1854599999999995e-08	3.1306e-07	-3.1276e-07	5.34424e-08	6.5800000000000014e-12	-5.38434e-08	3.1298e-07	-3.1292e-07	7.0333e-08	3.7e-12	-7.049559999999999e-08	3.1292e-07	-3.1298e-07	8.43368e-08	-1.74e-12	-8.371659999999999e-08	3.1288e-07	-3.1266e-07	9.6558e-08	-2.01e-12	-9.664319999999998e-08	3.1282e-07	-3.1278e-07	1.0770580000000001e-07	-1.0740000000000001e-11	-1.0779760000000001e-07	3.1282e-07	-3.1262e-07	1.18e-07	-1.2400000000000002e-12	-1.1824e-07	3.1288e-07	-3.126e-07	1.2774e-07	-9.15e-12	-1.277e-07	3.128e-07	-3.1262e-07	1.3774e-07	-1.018e-11	-1.3747999999999998e-07	3.1254e-07	-3.125e-07	1.4582e-07	-1.7890000000000002e-11	-1.4446e-07	3.1252e-07	-3.125e-07
0.015	2.7409e-09	3.740000000000001e-12	-2.7379e-09	3.1304e-07	-3.1298e-07	3.6876999999999993e-08	-5e-14	-3.72882e-08	3.13e-07	-3.13e-07	6.249199999999999e-08	4.13e-12	-6.230819999999999e-08	3.1278e-07	-3.1274e-07	8.186339999999999e-08	5.830000000000001e-12	-8.192719999999999e-08	3.1294e-07	-3.1286e-07	9.81464e-08	-1.98e-12	-9.788559999999999e-08	3.127e-07	-3.129e-07	1.124246e-07	-1.2000000000000001e-12	-1.1243160000000002e-07	3.1282e-07	-3.1264e-07	1.2548e-07	-8.21e-12	-1.2454e-07	3.127e-07	-3.1264e-07	1.3746e-07	-3.77e-12	-1.365e-07	3.128e-07	-3.1276e-07	1.4824e-07	-1.18e-12	-1.4796e-07	3.1266e-07	-3.1274e-07	1.5926e-07	-8.63e-12	-1.5998e-07	3.1274e-07	-3.1256e-07	1.7016e-07	-1.493e-11	-1.699e-07	3.1258e-07	-3.1256e-07
0.02	3.2671e-09	6.6300000000000014e-12	-3.0640999999999998e-09	3.131e-07	-3.1314e-07	4.33796e-08	6.31e-12	-4.30974e-08	3.1288e-07	-3.1302e-07	7.269919999999998e-08	-1.86e-12	-7.22988e-08	3.127e-07	-3.1294e-07	9.54164e-08	3.3600000000000002e-12	-9.53888e-08	3.1274e-07	-3.1268e-07	1.1428540000000002e-07	-5.6e-13	-1.141748e-07	3.1268e-07	-3.1268e-07	1.3084e-07	-3.3700000000000004e-12	-1.296e-07	3.127e-07	-3.129e-07	1.4582e-07	-8.580000000000001e-12	-1.4578e-07	3.1274e-07	-3.1268e-07	1.5982e-07	-2.67e-12	-1.5902e-07	3.128e-07	-3.1258e-07	1.725e-07	-2.8600000000000003e-12	-1.717e-07	3.128e-07	-3.1256e-07	1.864e-07	-9.000000000000001e-12	-1.866e-07	3.1282e-07	-3.1254e-07	1.9846e-07	-1.0740000000000001e-11	-1.9816e-07	3.1252e-07	-3.1244e-07
0.025	3.8479e-09	5.64e-12	-3.8079e-09	3.1302e-07	-3.1308e-07	5.04174e-08	9.500000000000001e-12	-5.01952e-08	3.1304e-07	-3.1288e-07	8.43852e-08	-2.900000000000001e-13	-8.43014e-08	3.1298e-07	-3.128e-07	1.111866e-07	1.3400000000000003e-12	-1.110422e-07	3.1286e-07	-3.1282e-07	1.3316e-07	4.26e-12	-1.3296e-07	3.1296e-07	-3.1278e-07	1.5255999999999998e-07	8.9e-13	-1.5248e-07	3.1292e-07	-3.1268e-07	1.6954e-07	-4.32e-12	-1.6982e-07	3.1252e-07	-3.1274e-07	1.8532e-07	-3.9300000000000004e-12	-1.8606e-07	3.128e-07	-3.1266e-07	2.0068e-07	-4.48e-12	-2.0042e-07	3.1258e-07	-3.1276e-07	2.1624e-07	-9.86e-12	-2.1658e-07	3.1278e-07	-3.1248e-07	2.293e-07	-9.87e-12	-2.294e-07	3.1256e-07	-3.1256e-07
0.03	4.3768e-09	7.63e-12	-4.4169e-09	3.1326e-07	-3.1298e-07	5.81118e-08	2.8300000000000007e-12	-5.80986e-08	3.13e-07	-3.1306e-07	9.80326e-08	7.55e-12	-9.82494e-08	3.1298e-07	-3.1298e-07	1.2979999999999998e-07	2.09e-12	-1.2956e-07	3.1268e-07	-3.1268e-07	1.545e-07	1.9700000000000003e-12	-1.5492e-07	3.1288e-07	-3.1272e-07	1.7741999999999998e-07	5.520000000000001e-12	-1.7736e-07	3.1264e-07	-3.1266e-07	1.9718e-07	2.6100000000000004e-12	-1.9804e-07	3.128e-07	-3.1256e-07	2.1682e-07	-5.800000000000002e-13	-2.1638e-07	3.1276e-07	-3.128e-07	2.3466e-07	-3.730000000000001e-12	-2.3442e-07	3.128e-07	-3.1274e-07	2.5222e-07	-9.33e-12	-2.5352e-07	3.1258e-07	-3.1276e-07	2.6784e-07	-8.500000000000001e-12	-2.585e-07	3.1274e-07	-3.1274e-07
0.035	5.0419e-09	9.64e-12	-5.0627e-09	3.1318e-07	-3.1292e-07	6.7918e-08	2.1200000000000007e-12	-6.767699999999999e-08	3.1288e-07	-3.128e-07	1.1402760000000001e-07	1.292e-11	-1.1389080000000001e-07	3.1304e-07	-3.1304e-07	1.5092e-07	1.5e-12	-1.5068e-07	3.1294e-07	-3.129e-07	1.8028e-07	6.130000000000001e-12	-1.798e-07	3.1302e-07	-3.1278e-07	2.0676e-07	4.47e-12	-2.075e-07	3.127e-07	-3.1282e-07	2.303e-07	5.800000000000002e-13	-2.3038e-07	3.127e-07	-3.1272e-07	2.5266e-07	2.2700000000000002e-12	-2.5078e-07	3.126e-07	-3.1278e-07	2.7152e-07	-3.71e-12	-2.7206e-07	3.1264e-07	-3.1256e-07	2.9384e-07	-1.6e-12	-2.94e-07	3.1272e-07	-3.1276e-07	3.1082e-07	-9.180000000000002e-12	-3.1178e-07	3.1252e-07	-3.125e-07
0.04	6.0225e-09	1.152e-11	-5.9065e-09	3.1298e-07	-3.132e-07	7.9369e-08	6.3e-12	-7.924839999999999e-08	3.1306e-07	-3.1286e-07	1.3302e-07	1.004e-11	-1.333e-07	3.1286e-07	-3.1304e-07	1.7596e-07	5.810000000000001e-12	-1.7606e-07	3.128e-07	-3.1276e-07	2.096e-07	3.840000000000001e-12	-2.0948e-07	3.1274e-07	-3.1282e-07	2.4134e-07	6.270000000000001e-12	-2.4122e-07	3.128e-07	-3.1274e-07	2.6566e-07	2.5800000000000003e-12	-2.6676e-07	3.1256e-07	-3.1268e-07	2.943e-07	-5e-13	-2.933e-07	3.128e-07	-3.1278e-07	3.1388e-07	3.2000000000000005e-13	-3.1692e-07	3.1258e-07	-3.1278e-07	3.4332e-07	1.2000000000000002e-13	-3.416e-07	3.1252e-07	-3.1276e-07	3.6414e-07	-5.420000000000001e-12	-3.6238e-07	3.1254e-07	-3.1252e-07
0.045	6.7991e-09	9.42e-12	-6.925e-09	3.1308e-07	-3.131e-07	9.17304e-08	9.500000000000001e-12	-9.22774e-08	3.1306e-07	-3.1276e-07	1.554e-07	1.261e-11	-1.5434e-07	3.13e-07	-3.127e-07	2.0484e-07	1.096e-11	-2.045e-07	3.1298e-07	-3.128e-07	2.4466e-07	4.6400000000000004e-12	-2.439e-07	3.1272e-07	-3.129e-07	2.8078e-07	5.170000000000001e-12	-2.8094e-07	3.1276e-07	-3.1288e-07	3.1218e-07	2.0700000000000007e-12	-3.116e-07	3.1252e-07	-3.1256e-07	3.415e-07	-4.9e-13	-3.4134e-07	3.1288e-07	-3.128e-07	3.706e-07	-2.900000000000001e-13	-3.7036e-07	3.1256e-07	-3.1254e-07	3.8466e-07	-1.6700000000000004e-12	-3.9404e-07	3.1276e-07	-3.125e-07	4.2132e-07	1.1000000000000002e-12	-4.224e-07	3.1268e-07	-3.1248e-07
0.05	7.6546e-09	9.47e-12	-7.9979e-09	3.1306e-07	-3.1302e-07	1.078006e-07	9.76e-12	-1.075044e-07	3.1282e-07	-3.1298e-07	1.8198e-07	1.491e-11	-1.807e-07	3.1294e-07	-3.1276e-07	2.3836e-07	7.63e-12	-2.3834e-07	3.1268e-07	-3.1288e-07	2.8436e-07	5.3500000000000004e-12	-2.8574e-07	3.1274e-07	-3.1272e-07	3.2662e-07	7.51e-12	-3.268e-07	3.129e-07	-3.1284e-07	3.6378e-07	5.5e-12	-3.6272e-07	3.1256e-07	-3.1272e-07	3.9256e-07	1.8700000000000003e-12	-3.9624e-07	3.1278e-07	-3.1262e-07	4.3146e-07	-4.650000000000001e-12	-4.3176e-07	3.1264e-07	-3.125e-07	4.6386e-07	-6.200000000000001e-13	-4.6524e-07	3.1258e-07	-3.125e-07	4.9404e-07	8.000000000000001e-14	-4.9184e-07	3.1262e-07	-3.1272e-07
0.055	9.2551e-09	1.239e-11	-9.2558e-09	3.1312e-07	-3.13e-07	1.2424e-07	1.185e-11	-1.246e-07	3.1306e-07	-3.13e-07	2.0994e-07	1.127e-11	-2.1008e-07	3.1284e-07	-3.1278e-07	2.776e-07	1.141e-11	-2.7754e-07	3.1276e-07	-3.1286e-07	3.3058e-07	5.14e-12	-3.3064e-07	3.1278e-07	-3.1294e-07	3.8028e-07	7.84e-12	-3.7948e-07	3.1288e-07	-3.1264e-07	4.2234e-07	1.185e-11	-4.2342e-07	3.1278e-07	-3.1248e-07	4.6222e-07	5.910000000000001e-12	-4.6268e-07	3.1258e-07	-3.1258e-07	5.032e-07	4.800000000000001e-13	-5.0192e-07	3.1282e-07	-3.1256e-07	5.4018e-07	-6.8e-13	-5.416e-07	3.1258e-07	-3.1254e-07	5.721e-07	7.600000000000002e-13	-5.709e-07	3.128e-07	-3.1268e-07
0.06	1.05374e-08	1.143e-11	-1.06602e-08	3.1318e-07	-3.132e-07	1.4534e-07	1.859e-11	-1.4568e-07	3.1288e-07	-3.129e-07	2.4664e-07	7.980000000000001e-12	-2.4618e-07	3.1286e-07	-3.1308e-07	3.2328e-07	1.3480000000000002e-11	-3.2328e-07	3.1272e-07	-3.127e-07	3.8582e-07	9.47e-12	-3.8658e-07	3.1276e-07	-3.1278e-07	4.4348e-07	4.27e-12	-4.4394e-07	3.1266e-07	-3.1266e-07	4.9316e-07	7.31e-12	-4.9326e-07	3.1256e-07	-3.1256e-07	5.3982e-07	8.43e-12	-5.3844e-07	3.1284e-07	-3.1276e-07	5.8822e-07	3.680000000000001e-12	-5.8662e-07	3.128e-07	-3.128e-07	6.2858e-07	7.73e-12	-6.291e-07	3.1276e-07	-3.1272e-07	6.675e-07	1.6000000000000005e-13	-6.6656e-07	3.1266e-07	-3.1274e-07
0.065	1.08944e-08	1.952e-11	-1.33658e-08	3.1316e-07	-3.1298e-07	1.6814e-07	1.6910000000000003e-11	-1.6958e-07	3.129e-07	-3.1302e-07	2.8376e-07	1.606e-11	-2.853e-07	3.1306e-07	-3.13e-07	3.7564e-07	1.6400000000000003e-11	-3.766e-07	3.1294e-07	-3.1296e-07	4.49e-07	3.4400000000000007e-12	-4.4992e-07	3.1274e-07	-3.1296e-07	5.1516e-07	7.1400000000000015e-12	-5.1602e-07	3.129e-07	-3.1274e-07	5.7368e-07	6.980000000000001e-12	-5.7292e-07	3.1258e-07	-3.1282e-07	6.2748e-07	6.81e-12	-6.245e-07	3.1282e-07	-3.1266e-07	6.8368e-07	8.21e-12	-6.8358e-07	3.1286e-07	-3.128e-07	7.2956e-07	9.9e-12	-7.3196e-07	3.1256e-07	-3.1274e-07	7.7982e-07	1.74e-12	-7.7774e-07	3.1254e-07	-3.1268e-07
0.07	1.56472e-08	1.887e-11	-1.62276e-08	3.1318e-07	-3.1298e-07	1.9708e-07	1.4810000000000002e-11	-1.974e-07	3.1312e-07	-3.1308e-07	3.2992e-07	1.55e-11	-3.3224e-07	3.1306e-07	-3.1278e-07	4.381e-07	1.819e-11	-4.381e-07	3.1274e-07	-3.1288e-07	5.241e-07	2.6800000000000007e-12	-5.2438e-07	3.1298e-07	-3.1294e-07	5.9996e-07	8.390000000000001e-12	-6.0042e-07	3.1264e-07	-3.126e-07	6.662e-07	9.23e-12	-6.6512e-07	3.1276e-07	-3.1278e-07	7.3e-07	9.66e-12	-7.2898e-07	3.1282e-07	-3.1272e-07	7.9376e-07	7.980000000000001e-12	-7.9482e-07	3.1284e-07	-3.128e-07	8.506799999999999e-07	8.21e-12	-8.519799999999999e-07	3.1254e-07	-3.1258e-07	9.0374e-07	9.78e-12	-9.0328e-07	3.1252e-07	-3.1274e-07
0.075	1.7110399999999997e-08	1.9550000000000003e-11	-1.87714e-08	3.13e-07	-3.1318e-07	2.2778e-07	1.087e-11	-2.283e-07	3.1284e-07	-3.1284e-07	3.862e-07	1.4610000000000002e-11	-3.8792e-07	3.1286e-07	-3.1292e-07	5.112e-07	1.671e-11	-5.1052e-07	3.127e-07	-3.1292e-07	6.117e-07	1.394e-11	-6.12e-07	3.1276e-07	-3.1286e-07	6.9946e-07	1.24e-11	-6.9792e-07	3.1286e-07	-3.1278e-07	7.7534e-07	1.172e-11	-7.781e-07	3.1276e-07	-3.1278e-07	8.521799999999999e-07	1.2070000000000002e-11	-8.493e-07	3.1284e-07	-3.1268e-07	9.2042e-07	5.85e-12	-9.259e-07	3.1282e-07	-3.1278e-07	9.9468e-07	7.34e-12	-9.9278e-07	3.1272e-07	-3.1274e-07	1.05124e-06	9.62e-12	-1.04962e-06	3.1256e-07	-3.1248e-07
0.08	2.07288e-08	2.192e-11	-2.20544e-08	3.1322e-07	-3.1302e-07	2.6808e-07	1.251e-11	-2.657e-07	3.128e-07	-3.1288e-07	4.5008e-07	1.3480000000000002e-11	-4.5072e-07	3.1298e-07	-3.1294e-07	5.9592e-07	1.912e-11	-5.932e-07	3.1288e-07	-3.127e-07	7.1172e-07	2.347e-11	-7.112e-07	3.13e-07	-3.1294e-07	8.1486e-07	1.549e-11	-8.144e-07	3.1286e-07	-3.126e-07	9.0522e-07	1.823e-11	-9.0376e-07	3.1262e-07	-3.1262e-07	9.9044e-07	1.5740000000000002e-11	-9.8952e-07	3.1258e-07	-3.125e-07	1.0741e-06	1.048e-11	-1.07232e-06	3.1276e-07	-3.1274e-07	1.1558e-06	1.423e-11	-1.1486e-06	3.1254e-07	-3.1252e-07	1.221e-06	5.09e-12	-1.2176000000000002e-06	3.126e-07	-3.1274e-07
0.085	2.46868e-08	2.36e-11	-2.57558e-08	3.1302e-07	-3.1294e-07	3.1202e-07	2.155e-11	-3.0988e-07	3.129e-07	-3.128e-07	5.2294e-07	1.335e-11	-5.2564e-07	3.1286e-07	-3.1296e-07	6.9092e-07	2.233e-11	-6.9252e-07	3.127e-07	-3.129e-07	8.3248e-07	2.508e-11	-8.3408e-07	3.1276e-07	-3.129e-07	9.4762e-07	1.132e-11	-9.493e-07	3.1264e-07	-3.1284e-07	1.05426e-06	1.3180000000000002e-11	-1.04822e-06	3.1282e-07	-3.1256e-07	1.1493000000000002e-06	1.316e-11	-1.1503e-06	3.1292e-07	-3.1266e-07	1.2483000000000002e-06	1.134e-11	-1.2460000000000002e-06	3.1262e-07	-3.128e-07	1.3468000000000002e-06	1.541e-11	-1.3411000000000002e-06	3.1256e-07	-3.1272e-07	1.4285000000000002e-06	9.16e-12	-1.4218e-06	3.1258e-07	-3.1254e-07
0.09	2.85562e-08	2.3720000000000003e-11	-2.93366e-08	3.13e-07	-3.1306e-07	3.6268e-07	2.125e-11	-3.6e-07	3.1288e-07	-3.1302e-07	6.076e-07	2.171e-11	-6.0842e-07	3.1286e-07	-3.13e-07	8.0354e-07	2.5610000000000003e-11	-8.049e-07	3.1292e-07	-3.1286e-07	9.666e-07	2.376e-11	-9.6622e-07	3.1276e-07	-3.127e-07	1.10632e-06	1.59e-11	-1.10468e-06	3.1286e-07	-3.1266e-07	1.2245e-06	1.7510000000000003e-11	-1.2242e-06	3.128e-07	-3.126e-07	1.3436000000000001e-06	1.728e-11	-1.3415000000000002e-06	3.128e-07	-3.128e-07	1.4502e-06	1.703e-11	-1.4480000000000002e-06	3.1256e-07	-3.1276e-07	1.5634e-06	1.5780000000000003e-11	-1.5573e-06	3.1268e-07	-3.1272e-07	1.6604000000000002e-06	1.4310000000000002e-11	-1.6597000000000002e-06	3.128e-07	-3.1272e-07
0.095	3.45212e-08	2.681e-11	-3.2427e-08	3.1314e-07	-3.132e-07	4.1932e-07	2.276e-11	-4.2104e-07	3.1284e-07	-3.1284e-07	7.1186e-07	2.606e-11	-7.097e-07	3.1292e-07	-3.1278e-07	9.3876e-07	2.7740000000000003e-11	-9.4076e-07	3.127e-07	-3.1268e-07	1.12866e-06	2.302e-11	-1.1277e-06	3.1294e-07	-3.129e-07	1.2904000000000002e-06	1.808e-11	-1.2883000000000002e-06	3.1264e-07	-3.1262e-07	1.4259000000000002e-06	1.385e-11	-1.4259000000000002e-06	3.128e-07	-3.1276e-07	1.5582000000000002e-06	1.0840000000000001e-11	-1.56e-06	3.1262e-07	-3.1282e-07	1.6851000000000002e-06	1.4670000000000003e-11	-1.6820000000000002e-06	3.1268e-07	-3.1278e-07	1.8176e-06	1.9930000000000003e-11	-1.8232e-06	3.1278e-07	-3.1266e-07	1.9323e-06	1.806e-11	-1.9359000000000004e-06	3.1256e-07	-3.1268e-07
0.1	3.77934e-08	3.049e-11	-3.82588e-08	3.1318e-07	-3.1302e-07	4.8498e-07	2.356e-11	-4.8692e-07	3.13e-07	-3.1304e-07	8.2208e-07	2.4300000000000003e-11	-8.2662e-07	3.1288e-07	-3.1294e-07	1.09098e-06	2.5250000000000003e-11	-1.09092e-06	3.1288e-07	-3.1286e-07	1.3217000000000002e-06	1.827e-11	-1.3162000000000002e-06	3.1276e-07	-3.1272e-07	1.4997000000000002e-06	2.274e-11	-1.5004e-06	3.1274e-07	-3.1272e-07	1.6607000000000005e-06	1.95e-11	-1.6582e-06	3.1262e-07	-3.1276e-07	1.8161000000000005e-06	1.2870000000000002e-11	-1.8128e-06	3.1286e-07	-3.128e-07	1.9594e-06	1.601e-11	-1.9482000000000003e-06	3.1274e-07	-3.1262e-07	2.1126000000000003e-06	1.692e-11	-2.1079e-06	3.1278e-07	-3.1244e-07	2.2474000000000003e-06	1.947e-11	-2.2433e-06	3.1258e-07	-3.1266e-07
0.105	4.37306e-08	3.3340000000000005e-11	-4.55006e-08	3.1298e-07	-3.1316e-07	5.6728e-07	2.5940000000000003e-11	-5.6734e-07	3.13e-07	-3.1288e-07	9.6314e-07	2.407e-11	-9.6316e-07	3.128e-07	-3.1278e-07	1.2732000000000002e-06	2.426e-11	-1.2722e-06	3.1298e-07	-3.1294e-07	1.5359000000000002e-06	3.037e-11	-1.5336000000000002e-06	3.1276e-07	-3.1276e-07	1.7438e-06	2.124e-11	-1.7502000000000002e-06	3.1274e-07	-3.1268e-07	1.9289000000000003e-06	2.218e-11	-1.9337e-06	3.1264e-07	-3.1264e-07	2.1191e-06	1.7090000000000003e-11	-2.1107000000000004e-06	3.126e-07	-3.1256e-07	2.2819e-06	1.754e-11	-2.2773e-06	3.1254e-07	-3.1278e-07	2.4642e-06	1.4510000000000002e-11	-2.4568000000000003e-06	3.1256e-07	-3.125e-07	2.5908e-06	2.005e-11	-2.6103e-06	3.1252e-07	-3.1268e-07
0.11	5.39408e-08	3.4720000000000004e-11	-5.169999999999999e-08	3.133e-07	-3.1302e-07	6.574e-07	3.526e-11	-6.5884e-07	3.129e-07	-3.1284e-07	1.11682e-06	2.7030000000000003e-11	-1.12414e-06	3.1302e-07	-3.1298e-07	1.4790000000000002e-06	2.644e-11	-1.4754e-06	3.1272e-07	-3.1268e-07	1.7808000000000002e-06	3.1260000000000004e-11	-1.7775e-06	3.1274e-07	-3.129e-07	2.0298e-06	2.318e-11	-2.0337e-06	3.127e-07	-3.1268e-07	2.2477e-06	2.213e-11	-2.2251e-06	3.1256e-07	-3.1278e-07	2.4506000000000003e-06	2.163e-11	-2.459e-06	3.128e-07	-3.1274e-07	2.6575000000000004e-06	2.005e-11	-2.6574e-06	3.127e-07	-3.126e-07	2.8606e-06	1.861e-11	-2.8522000000000004e-06	3.1276e-07	-3.1276e-07	3.0510000000000005e-06	1.7690000000000002e-11	-3.0356e-06	3.1272e-07	-3.1268e-07
0.115	5.94196e-08	3.452e-11	-6.19324e-08	3.1304e-07	-3.1296e-07	7.6526e-07	3.627e-11	-7.6494e-07	3.1308e-07	-3.1278e-07	1.3015000000000002e-06	2.655e-11	-1.3021000000000002e-06	3.128e-07	-3.1296e-07	1.7237e-06	2.888e-11	-1.7239e-06	3.1272e-07	-3.1276e-07	2.0749e-06	3.005e-11	-2.0739e-06	3.1276e-07	-3.127e-07	2.3708e-06	2.5940000000000003e-11	-2.3633000000000003e-06	3.1264e-07	-3.128e-07	2.6116e-06	2.278e-11	-2.6207e-06	3.1278e-07	-3.126e-07	2.8671000000000005e-06	2.242e-11	-2.8681e-06	3.1258e-07	-3.126e-07	3.0806e-06	2.724e-11	-3.0831e-06	3.1274e-07	-3.129e-07	3.3197e-06	1.978e-11	-3.3217000000000003e-06	3.127e-07	-3.126e-07	3.5404000000000004e-06	1.58e-11	-3.5233e-06	3.1262e-07	-3.1248e-07
0.12	6.824379999999999e-08	3.386e-11	-7.0936e-08	3.1306e-07	-3.1302e-07	8.9306e-07	3.664e-11	-8.917599999999999e-07	3.1288e-07	-3.128e-07	1.5118e-06	3.518e-11	-1.5063e-06	3.1298e-07	-3.1278e-07	1.9972e-06	2.857e-11	-1.9975000000000004e-06	3.1298e-07	-3.1268e-07	2.403e-06	3.5920000000000004e-11	-2.41e-06	3.1288e-07	-3.129e-07	2.7631000000000003e-06	2.768e-11	-2.7482e-06	3.1284e-07	-3.1266e-07	3.0352e-06	1.887e-11	-3.03e-06	3.1256e-07	-3.1256e-07	3.3311e-06	2.207e-11	-3.3426000000000004e-06	3.1264e-07	-3.1274e-07	3.5844000000000004e-06	2.717e-11	-3.5817000000000004e-06	3.1264e-07	-3.1252e-07	3.8588e-06	2.5010000000000003e-11	-3.861700000000001e-06	3.1256e-07	-3.1256e-07	4.0756e-06	2.023e-11	-4.0825e-06	3.1262e-07	-3.1264e-07
0.125	8.40182e-08	4.167e-11	-7.84572e-08	3.1304e-07	-3.131e-07	1.03828e-06	4.138e-11	-1.03922e-06	3.1288e-07	-3.1302e-07	1.7658e-06	3.8510000000000005e-11	-1.755e-06	3.1282e-07	-3.1284e-07	2.3232e-06	2.5940000000000003e-11	-2.331e-06	3.1274e-07	-3.1272e-07	2.8027000000000003e-06	3.659e-11	-2.7960000000000004e-06	3.127e-07	-3.1272e-07	3.2053000000000005e-06	3.441e-11	-3.2074000000000004e-06	3.1264e-07	-3.1284e-07	3.5394000000000004e-06	2.0170000000000003e-11	-3.5382000000000003e-06	3.1276e-07	-3.1276e-07	3.860200000000001e-06	2.477e-11	-3.8707e-06	3.1264e-07	-3.1256e-07	4.1633e-06	2.679e-11	-4.1749000000000005e-06	3.1276e-07	-3.1268e-07	4.496400000000001e-06	2.737e-11	-4.482900000000001e-06	3.1274e-07	-3.1256e-07	4.748e-06	2.4210000000000003e-11	-4.7455000000000006e-06	3.1274e-07	-3.1268e-07
0.13	8.740019999999999e-08	4.771e-11	-9.01832e-08	3.1322e-07	-3.1322e-07	1.2068e-06	4.3940000000000005e-11	-1.1983e-06	3.1292e-07	-3.1312e-07	2.0432e-06	3.478e-11	-2.0331e-06	3.1278e-07	-3.1298e-07	2.7012e-06	3.1050000000000005e-11	-2.7077000000000004e-06	3.1288e-07	-3.1268e-07	3.2470000000000004e-06	3.914e-11	-3.2607000000000004e-06	3.1292e-07	-3.1292e-07	3.733200000000001e-06	3.711e-11	-3.7271e-06	3.127e-07	-3.1262e-07	4.1083e-06	2.817e-11	-4.107000000000001e-06	3.1268e-07	-3.1272e-07	4.4958e-06	2.7450000000000003e-11	-4.4835e-06	3.128e-07	-3.1268e-07	4.8355000000000005e-06	3.0020000000000003e-11	-4.8432000000000005e-06	3.128e-07	-3.1276e-07	5.211100000000001e-06	2.5810000000000003e-11	-5.1989e-06	3.1262e-07	-3.1258e-07	5.4991e-06	2.608e-11	-5.4882e-06	3.125e-07	-3.1274e-07
0.135	1.020326e-07	5.196000000000001e-11	-9.93102e-08	3.1302e-07	-3.1316e-07	1.3998e-06	5.1520000000000007e-11	-1.3948000000000002e-06	3.1284e-07	-3.1298e-07	2.3783e-06	3.9350000000000005e-11	-2.3754e-06	3.1276e-07	-3.1272e-07	3.1461000000000003e-06	3.2970000000000004e-11	-3.1413000000000003e-06	3.1292e-07	-3.1268e-07	3.7912e-06	4.287e-11	-3.775700000000001e-06	3.1268e-07	-3.1286e-07	4.3301e-06	3.5640000000000006e-11	-4.3425e-06	3.1262e-07	-3.126e-07	4.7852e-06	3.346e-11	-4.792400000000001e-06	3.1258e-07	-3.1274e-07	5.2398e-06	3.212e-11	-5.2082e-06	3.1264e-07	-3.1268e-07	5.6332000000000005e-06	2.895e-11	-5.650600000000001e-06	3.1262e-07	-3.1278e-07	6.0773e-06	2.438e-11	-6.0236e-06	3.127e-07	-3.125e-07	6.1276e-06	3.004e-11	-6.208200000000001e-06	3.1268e-07	-3.1276e-07
0.14	1.15008e-07	5.554e-11	-1.1504e-07	3.1324e-07	-3.1314e-07	1.6143000000000002e-06	5.3770000000000005e-11	-1.6183000000000002e-06	3.1286e-07	-3.1288e-07	2.7610000000000003e-06	4.599e-11	-2.7491e-06	3.1274e-07	-3.128e-07	3.6481e-06	3.7350000000000005e-11	-3.646e-06	3.1278e-07	-3.1272e-07	4.3907e-06	4.182e-11	-4.402600000000001e-06	3.129e-07	-3.1282e-07	5.030700000000001e-06	3.827e-11	-5.030600000000001e-06	3.1262e-07	-3.128e-07	5.554900000000001e-06	3.6770000000000006e-11	-5.5527e-06	3.1276e-07	-3.1278e-07	6.0654e-06	3.749e-11	-6.080200000000001e-06	3.1282e-07	-3.1274e-07	6.5486e-06	3.347e-11	-6.538800000000001e-06	3.1262e-07	-3.1258e-07	7.045e-06	2.604e-11	-7.006700000000001e-06	3.1258e-07	-3.1268e-07	7.4226e-06	2.679e-11	-7.4035e-06	3.1252e-07	-3.125e-07
0.145	1.322e-07	5.467e-11	-1.3738e-07	3.1324e-07	-3.1296e-07	1.8863000000000005e-06	5.801e-11	-1.8906e-06	3.1282e-07	-3.1284e-07	3.1949000000000005e-06	5.018e-11	-3.2051000000000005e-06	3.1282e-07	-3.1278e-07	4.252300000000001e-06	4.4050000000000006e-11	-4.237600000000001e-06	3.1292e-07	-3.1272e-07	5.0978000000000006e-06	4.231e-11	-5.097900000000001e-06	3.1298e-07	-3.1268e-07	5.8583e-06	4.166e-11	-5.8498e-06	3.1262e-07	-3.1282e-07	6.476200000000001e-06	3.971e-11	-6.454e-06	3.1264e-07	-3.1256e-07	7.043200000000001e-06	3.8590000000000006e-11	-7.071200000000001e-06	3.128e-07	-3.1262e-07	7.5975e-06	3.828e-11	-7.621700000000002e-06	3.1274e-07	-3.126e-07	8.175e-06	2.939e-11	-8.1323e-06	3.1262e-07	-3.1272e-07	8.567200000000002e-06	2.519e-11	-8.6037e-06	3.1256e-07	-3.1254e-07
0.15	1.5104e-07	6.349e-11	-1.467e-07	3.13e-07	-3.1316e-07	2.1942e-06	5.5950000000000005e-11	-2.1982000000000004e-06	3.1298e-07	-3.129e-07	3.7134e-06	5.6470000000000006e-11	-3.7064e-06	3.1294e-07	-3.1272e-07	4.915600000000001e-06	4.4160000000000006e-11	-4.9293e-06	3.1266e-07	-3.129e-07	5.9201e-06	4.5800000000000006e-11	-5.924600000000001e-06	3.1292e-07	-3.1268e-07	6.7959e-06	4.527e-11	-6.788800000000001e-06	3.1262e-07	-3.1278e-07	7.4959e-06	3.708e-11	-7.496500000000001e-06	3.1284e-07	-3.128e-07	8.1919e-06	3.9350000000000005e-11	-8.207700000000001e-06	3.1288e-07	-3.128e-07	8.8231e-06	3.933e-11	-8.811400000000002e-06	3.1256e-07	-3.1252e-07	9.5229e-06	3.357e-11	-9.403e-06	3.1258e-07	-3.1254e-07	9.9486e-06	3.095e-11	-9.9674e-06	3.125e-07	-3.1254e-07
0.155	1.6846e-07	6.95e-11	-1.651e-07	3.1306e-07	-3.1294e-07	2.5067e-06	5.995000000000001e-11	-2.5059000000000004e-06	3.1288e-07	-3.1286e-07	4.3196e-06	5.837e-11	-4.3012e-06	3.1282e-07	-3.127e-07	5.693500000000001e-06	4.8170000000000007e-11	-5.7045e-06	3.127e-07	-3.1286e-07	6.859500000000001e-06	4.79e-11	-6.8619e-06	3.129e-07	-3.127e-07	7.883200000000001e-06	5.266e-11	-7.874000000000001e-06	3.1264e-07	-3.1262e-07	8.698500000000002e-06	3.944e-11	-8.6803e-06	3.1262e-07	-3.1256e-07	9.5193e-06	4.316e-11	-9.496e-06	3.1282e-07	-3.1264e-07	1.02309e-05	4.021e-11	-1.02257e-05	3.128e-07	-3.1262e-07	1.0945e-05	4.038e-11	-1.0997100000000002e-05	3.1278e-07	-3.1272e-07	1.1542e-05	3.71e-11	-1.1557e-05	3.1254e-07	-3.1258e-07
0.16	1.873e-07	7.127e-11	-1.8126e-07	3.1292e-07	-3.1304e-07	2.9237000000000005e-06	6.925e-11	-2.917e-06	3.129e-07	-3.1292e-07	4.996700000000001e-06	5.765e-11	-5.0158e-06	3.13e-07	-3.1306e-07	6.647000000000001e-06	5.615e-11	-6.6514e-06	3.1286e-07	-3.1266e-07	7.965300000000001e-06	5.2460000000000005e-11	-7.945800000000001e-06	3.1286e-07	-3.1292e-07	9.1219e-06	5.491000000000001e-11	-9.1334e-06	3.1264e-07	-3.128e-07	1.01072e-05	4.7260000000000007e-11	-1.00957e-05	3.1288e-07	-3.1284e-07	1.10664e-05	4.698e-11	-1.10193e-05	3.1286e-07	-3.128e-07	1.1778e-05	4.2960000000000006e-11	-1.188e-05	3.1278e-07	-3.1278e-07	1.2768e-05	3.8840000000000005e-11	-1.27e-05	3.1252e-07	-3.1252e-07	1.3428e-05	4.4930000000000007e-11	-1.3404e-05	3.1254e-07	-3.1246e-07
0.165	2.1916e-07	7.552e-11	-2.0882e-07	3.1318e-07	-3.1292e-07	3.3814000000000004e-06	7.484000000000001e-11	-3.3832000000000005e-06	3.1304e-07	-3.1286e-07	5.8132000000000005e-06	6.435e-11	-5.7984e-06	3.13e-07	-3.1304e-07	7.7116e-06	6.092000000000001e-11	-7.6851e-06	3.1292e-07	-3.129e-07	9.2219e-06	5.801e-11	-9.2266e-06	3.127e-07	-3.1274e-07	1.05913e-05	5.368e-11	-1.05608e-05	3.1262e-07	-3.1268e-07	1.1738e-05	5.059e-11	-1.17e-05	3.1262e-07	-3.1256e-07	1.2816e-05	5.3370000000000005e-11	-1.2758e-05	3.128e-07	-3.1262e-07	1.376e-05	4.6780000000000005e-11	-1.3708e-05	3.1264e-07	-3.126e-07	1.4778e-05	4.455e-11	-1.4798e-05	3.1272e-07	-3.1272e-07	1.5442000000000002e-05	4.425e-11	-1.5534e-05	3.1268e-07	-3.1256e-07
0.17	2.2752e-07	7.866e-11	-2.2662e-07	3.1292e-07	-3.1298e-07	3.9076000000000005e-06	7.941e-11	-3.9157000000000005e-06	3.1308e-07	-3.1306e-07	6.7098000000000005e-06	7.034e-11	-6.699800000000001e-06	3.1282e-07	-3.1274e-07	8.923900000000001e-06	6.955000000000001e-11	-8.930300000000002e-06	3.1292e-07	-3.1268e-07	1.06954e-05	5.711e-11	-1.06699e-05	3.1274e-07	-3.1266e-07	1.234e-05	5.839e-11	-1.2266e-05	3.1282e-07	-3.1278e-07	1.36e-05	5.968000000000001e-11	-1.3604e-05	3.1254e-07	-3.1276e-07	1.4942e-05	4.768e-11	-1.4912e-05	3.1278e-07	-3.1272e-07	1.5976e-05	5.252e-11	-1.5944000000000002e-05	3.126e-07	-3.1278e-07	1.7182e-05	4.65e-11	-1.7116e-05	3.1258e-07	-3.1254e-07	1.798e-05	4.534e-11	-1.8010000000000002e-05	3.128e-07	-3.1254e-07
0.175	2.4922e-07	8.522e-11	-2.4862e-07	3.133e-07	-3.1316e-07	4.5132e-06	8.433e-11	-4.539700000000001e-06	3.1312e-07	-3.1306e-07	7.7649e-06	7.581e-11	-7.763600000000001e-06	3.1284e-07	-3.1272e-07	1.03366e-05	7.491e-11	-1.03123e-05	3.129e-07	-3.1286e-07	1.238e-05	6.001000000000001e-11	-1.2362e-05	3.1268e-07	-3.1274e-07	1.4196e-05	5.994e-11	-1.424e-05	3.1262e-07	-3.1268e-07	1.5736e-05	5.6030000000000006e-11	-1.5768000000000002e-05	3.1282e-07	-3.1284e-07	1.7192e-05	5.161e-11	-1.721e-05	3.126e-07	-3.1262e-07	1.8458e-05	5.561e-11	-1.844e-05	3.128e-07	-3.1264e-07	1.9768e-05	5.5e-11	-1.9806e-05	3.1254e-07	-3.1272e-07	2.0756e-05	4.7330000000000006e-11	-2.0336e-05	3.1258e-07	-3.127e-07
0.18	2.5658e-07	9.286e-11	-2.6718e-07	3.1302e-07	-3.1304e-07	5.262100000000001e-06	8.501000000000001e-11	-5.2325e-06	3.1304e-07	-3.1298e-07	8.9731e-06	8.312e-11	-8.9933e-06	3.1288e-07	-3.1296e-07	1.1982e-05	7.581e-11	-1.195e-05	3.1282e-07	-3.1268e-07	1.4352e-05	7.148000000000001e-11	-1.4338e-05	3.1286e-07	-3.1282e-07	1.649e-05	7.015000000000001e-11	-1.6518e-05	3.1264e-07	-3.1274e-07	1.826e-05	5.735000000000001e-11	-1.8224e-05	3.1262e-07	-3.126e-07	1.9964e-05	5.451000000000001e-11	-1.9952e-05	3.126e-07	-3.1274e-07	2.1448e-05	6.045000000000001e-11	-2.14e-05	3.1278e-07	-3.1274e-07	2.3088e-05	5.975e-11	-2.2928e-05	3.1268e-07	-3.127e-07	2.3504e-05	5.218e-11	-2.3872e-05	3.1254e-07	-3.1258e-07
0.185	2.7784e-07	9.557e-11	-2.8774e-07	3.132e-07	-3.1298e-07	6.062400000000001e-06	9.019e-11	-6.0051e-06	3.1284e-07	-3.1298e-07	1.03631e-05	8.661000000000001e-11	-1.03863e-05	3.1282e-07	-3.1278e-07	1.3808e-05	7.772e-11	-1.3822e-05	3.127e-07	-3.129e-07	1.6572e-05	8.027000000000001e-11	-1.6594e-05	3.1274e-07	-3.1284e-07	1.9114e-05	7.478000000000001e-11	-1.9068e-05	3.1264e-07	-3.1266e-07	2.1062e-05	6.207e-11	-2.1082e-05	3.128e-07	-3.126e-07	2.3088e-05	6.086000000000001e-11	-2.313e-05	3.1278e-07	-3.1282e-07	2.4772e-05	6.131e-11	-2.4726e-05	3.1264e-07	-3.1256e-07	2.6552000000000003e-05	6.105e-11	-2.66e-05	3.1272e-07	-3.1268e-07	2.7936e-05	6.333e-11	-2.7766e-05	3.1274e-07	-3.1266e-07
0.19	2.9238e-07	1.0286e-10	-2.9852e-07	3.1294e-07	-3.1292e-07	6.9639e-06	1.0026e-10	-6.9635e-06	3.1284e-07	-3.1288e-07	1.1998e-05	9.037e-11	-1.1996e-05	3.1298e-07	-3.1298e-07	1.6004e-05	8.252e-11	-1.6072e-05	3.127e-07	-3.1286e-07	1.9214e-05	8.747000000000001e-11	-1.919e-05	3.1298e-07	-3.1294e-07	2.2168e-05	7.929e-11	-2.2124e-05	3.1264e-07	-3.1262e-07	2.4508e-05	7.044e-11	-2.4416e-05	3.128e-07	-3.1276e-07	2.6738e-05	7.141e-11	-2.6754e-05	3.1262e-07	-3.1262e-07	2.8688e-05	6.748000000000001e-11	-2.8746e-05	3.1274e-07	-3.1274e-07	3.0794000000000004e-05	6.114000000000001e-11	-3.0782000000000004e-05	3.127e-07	-3.1248e-07	3.238e-05	6.502e-11	-3.2352e-05	3.1252e-07	-3.1248e-07
0.195	2.987e-07	1.1294e-10	-3.0432e-07	3.1316e-07	-3.1298e-07	8.014700000000001e-06	1.0675999999999999e-10	-7.9857e-06	3.1288e-07	-3.1302e-07	1.387e-05	9.952000000000001e-11	-1.3872e-05	3.128e-07	-3.128e-07	1.8496e-05	9.339e-11	-1.85e-05	3.1274e-07	-3.1276e-07	2.2204e-05	8.771000000000001e-11	-2.2202e-05	3.128e-07	-3.1266e-07	2.5568e-05	8.21e-11	-2.56e-05	3.1284e-07	-3.1278e-07	2.8262e-05	8.024000000000001e-11	-2.833e-05	3.1284e-07	-3.1284e-07	3.1006e-05	7.282e-11	-3.097e-05	3.1258e-07	-3.1286e-07	3.3126e-05	7.679e-11	-3.325e-05	3.1278e-07	-3.1256e-07	3.5568e-05	6.213000000000001e-11	-3.5604e-05	3.1248e-07	-3.125e-07	3.7454e-05	6.425000000000001e-11	-3.7392e-05	3.126e-07	-3.1256e-07
0.2	2.9684e-07	1.2404000000000002e-10	-3.0484e-07	3.1294e-07	-3.1298e-07	9.184200000000001e-06	1.1471e-10	-9.2433e-06	3.128e-07	-3.1286e-07	1.6022e-05	1.1045e-10	-1.6038e-05	3.128e-07	-3.128e-07	2.1406e-05	9.791e-11	-2.1414e-05	3.1292e-07	-3.129e-07	2.5674e-05	9.351e-11	-2.567e-05	3.1286e-07	-3.126e-07	2.966e-05	9.027e-11	-2.9652e-05	3.127e-07	-3.1268e-07	3.2808e-05	8.094e-11	-3.283e-05	3.1282e-07	-3.126e-07	3.5852e-05	7.760000000000001e-11	-3.5844000000000004e-05	3.127e-07	-3.1256e-07	3.8364e-05	7.905e-11	-3.8354e-05	3.1272e-07	-3.1276e-07	4.1012e-05	7.234e-11	-4.1122e-05	3.1254e-07	-3.1252e-07	4.325e-05	7.192000000000001e-11	-4.3186e-05	3.1258e-07	-3.1256e-07
0.205	3.0152e-07	1.3793e-10	-2.9016e-07	3.1306e-07	-3.1302e-07	1.05461e-05	1.2302e-10	-1.0577600000000002e-05	3.1304e-07	-3.1308e-07	1.8476e-05	1.2154e-10	-1.847e-05	3.13e-07	-3.128e-07	2.4678e-05	1.0129e-10	-2.4692e-05	3.1286e-07	-3.1294e-07	2.965e-05	1.0026e-10	-2.9678e-05	3.1278e-07	-3.1268e-07	3.4226e-05	1.0111e-10	-3.4204e-05	3.128e-07	-3.1284e-07	3.7886e-05	8.578000000000001e-11	-3.7948e-05	3.1256e-07	-3.125e-07	4.1346e-05	8.156e-11	-4.1342e-05	3.1258e-07	-3.128e-07	4.3148e-05	8.288e-11	-4.3172e-05	3.1268e-07	-3.1276e-07	4.7498000000000005e-05	8.006e-11	-4.7506e-05	3.1262e-07	-3.1268e-07	5.0084e-05	7.788e-11	-4.9848e-05	3.1274e-07	-3.1254e-07
0.21	2.7076e-07	1.4557000000000002e-10	-2.6914e-07	3.13e-07	-3.1312e-07	1.2172e-05	1.2897000000000002e-10	-1.2176e-05	3.1282e-07	-3.1284e-07	2.1324e-05	1.262e-10	-2.133e-05	3.1304e-07	-3.1298e-07	2.852e-05	1.1252e-10	-2.8564e-05	3.1288e-07	-3.1266e-07	3.4304e-05	1.1151e-10	-3.4286000000000003e-05	3.1276e-07	-3.129e-07	3.9646e-05	1.0547e-10	-3.9604e-05	3.1276e-07	-3.1284e-07	4.3866e-05	9.334e-11	-4.3882e-05	3.1258e-07	-3.1276e-07	4.7864e-05	9.042000000000001e-11	-4.7846e-05	3.126e-07	-3.1264e-07	5.127e-05	8.748e-11	-5.1246e-05	3.1276e-07	-3.1272e-07	5.4958000000000005e-05	8.354e-11	-5.5082e-05	3.1276e-07	-3.1274e-07	5.758e-05	7.206e-11	-5.78e-05	3.1258e-07	-3.1256e-07
0.215	2.4512e-07	1.5558000000000002e-10	-2.4324e-07	3.1306e-07	-3.1298e-07	1.3936e-05	1.4293000000000002e-10	-1.3958e-05	3.1306e-07	-3.1286e-07	2.459e-05	1.3377000000000002e-10	-2.4528e-05	3.13e-07	-3.1296e-07	3.2918e-05	1.2109000000000002e-10	-3.2856e-05	3.1274e-07	-3.1272e-07	3.9586e-05	1.2111e-10	-3.9644e-05	3.127e-07	-3.127e-07	4.5688e-05	1.106e-10	-4.57e-05	3.1288e-07	-3.1264e-07	5.066e-05	1.0236e-10	-5.0666e-05	3.1268e-07	-3.126e-07	5.5216e-05	1.0198e-10	-5.5292000000000005e-05	3.1262e-07	-3.1266e-07	5.9306e-05	9.157e-11	-5.9222e-05	3.127e-07	-3.126e-07	6.330000000000001e-05	8.908e-11	-6.3302e-05	3.1276e-07	-3.1256e-07	6.689800000000001e-05	7.954e-11	-6.678600000000001e-05	3.1274e-07	-3.1254e-07
0.22	1.9002e-07	1.704e-10	-1.876e-07	3.1304e-07	-3.1302e-07	1.604e-05	1.572e-10	-1.6094000000000002e-05	3.1306e-07	-3.1294e-07	2.8344e-05	1.4617000000000002e-10	-2.8268e-05	3.1306e-07	-3.13e-07	3.7978e-05	1.3629e-10	-3.79e-05	3.1268e-07	-3.1276e-07	4.584e-05	1.2337e-10	-4.5812e-05	3.1288e-07	-3.1272e-07	5.2796e-05	1.1724e-10	-5.2812e-05	3.1268e-07	-3.126e-07	5.8618e-05	1.1666e-10	-5.857e-05	3.1258e-07	-3.128e-07	6.3846e-05	1.0525e-10	-6.390600000000001e-05	3.1262e-07	-3.126e-07	6.8446e-05	1.035e-10	-6.855e-05	3.1256e-07	-3.1256e-07	7.328e-05	9.427e-11	-7.319000000000002e-05	3.128e-07	-3.125e-07	7.7182e-05	1.0546e-10	-7.734e-05	3.1254e-07	-3.1254e-07
0.225	1.2408e-07	1.8462e-10	-1.143e-07	3.1316e-07	-3.132e-07	1.8356e-05	1.7508e-10	-1.8352e-05	3.1288e-07	-3.1308e-07	3.257e-05	1.5806000000000002e-10	-3.2544e-05	3.1282e-07	-3.1276e-07	4.3712e-05	1.4786000000000002e-10	-4.3754e-05	3.1288e-07	-3.1268e-07	5.2892e-05	1.3270000000000002e-10	-5.285e-05	3.127e-07	-3.1264e-07	6.094e-05	1.2634e-10	-6.086e-05	3.1286e-07	-3.128e-07	6.7436e-05	1.1907e-10	-6.7568e-05	3.1262e-07	-3.1256e-07	7.3714e-05	1.1213e-10	-7.3722e-05	3.1258e-07	-3.1256e-07	7.902e-05	1.0758e-10	-7.9034e-05	3.1282e-07	-3.1278e-07	8.4466e-05	1.0644e-10	-8.4492e-05	3.1258e-07	-3.1266e-07	8.9174e-05	1.1026e-10	-8.9166e-05	3.1274e-07	-3.1252e-07
0.23	1.6801399999999998e-08	1.9459e-10	1.2395e-09	3.1302e-07	-3.1298e-07	2.1014e-05	1.8412e-10	-2.1054e-05	3.1286e-07	-3.1302e-07	3.7478e-05	1.7406000000000002e-10	-3.7386e-05	3.128e-07	-3.1298e-07	5.0392e-05	1.5343e-10	-5.0374e-05	3.1272e-07	-3.1292e-07	6.0910000000000005e-05	1.4199000000000002e-10	-6.0976e-05	3.127e-07	-3.1268e-07	7.0172e-05	1.4101e-10	-7.0208e-05	3.1262e-07	-3.1266e-07	7.79e-05	1.256e-10	-7.798000000000002e-05	3.1254e-07	-3.1256e-07	8.4842e-05	1.2069e-10	-8.493e-05	3.1268e-07	-3.1262e-07	9.1056e-05	1.1315e-10	-9.1136e-05	3.1262e-07	-3.1266e-07	9.5942e-05	1.1852000000000002e-10	-9.4502e-05	3.1276e-07	-3.127e-07	0.000102824	1.0459e-10	-0.00010279	3.1282e-07	-3.1276e-07
0.235	-5.2427e-09	2.1546e-10	5.7151e-09	3.1314e-07	-3.1312e-07	2.4112e-05	1.9476e-10	-2.415e-05	3.1304e-07	-3.1304e-07	4.3018e-05	1.8089e-10	-4.3036e-05	3.1278e-07	-3.1278e-07	5.8154e-05	1.6925e-10	-5.8088e-05	3.1268e-07	-3.1274e-07	7.0326e-05	1.5633000000000002e-10	-7.0314e-05	3.1278e-07	-3.1272e-07	8.0952e-05	1.4686000000000002e-10	-8.0796e-05	3.1266e-07	-3.1286e-07	8.999e-05	1.3804000000000002e-10	-8.9974e-05	3.1258e-07	-3.1272e-07	9.808600000000001e-05	1.3022000000000002e-10	-9.8118e-05	3.1276e-07	-3.1256e-07	0.000105308	1.2123e-10	-0.000105284	3.1264e-07	-3.1274e-07	0.000112388	1.2145e-10	-0.000112382	3.1258e-07	-3.1278e-07	0.00011882	9.811e-11	-0.00011842	3.1272e-07	-3.1272e-07
0.24	-1.02597e-08	2.3267e-10	1.09419e-08	3.1322e-07	-3.132e-07	2.7634e-05	2.1089e-10	-2.7624e-05	3.1308e-07	-3.1278e-07	4.9438e-05	1.9235e-10	-4.9434e-05	3.1302e-07	-3.1294e-07	6.677400000000001e-05	1.8335e-10	-6.678000000000001e-05	3.1276e-07	-3.1284e-07	8.0896e-05	1.6965e-10	-8.0968e-05	3.1294e-07	-3.1274e-07	9.322800000000001e-05	1.5468e-10	-9.3222e-05	3.1272e-07	-3.1262e-07	0.000103616	1.5047000000000002e-10	-0.000103586	3.127e-07	-3.125e-07	0.000112966	1.421e-10	-0.000112902	3.126e-07	-3.1258e-07	0.0001211	1.3732000000000002e-10	-0.0001212	3.127e-07	-3.1262e-07	0.0001293	1.3535e-10	-0.00012894	3.1276e-07	-3.1256e-07	0.00013666	1.2333e-10	-0.00013664	3.1268e-07	-3.1256e-07
0.245	6.3724e-07	2.4659e-10	2.2226e-07	3.1318e-07	-3.1314e-07	3.1654e-05	2.268e-10	-3.1648e-05	3.1306e-07	-3.1314e-07	5.6812e-05	2.1023e-10	-5.6836e-05	3.13e-07	-3.1272e-07	7.6838e-05	1.997e-10	-7.6956e-05	3.1274e-07	-3.1272e-07	9.3382e-05	1.7862000000000003e-10	-9.3286e-05	3.1286e-07	-3.1272e-07	0.000107306	1.7022e-10	-0.000107506	3.1282e-07	-3.1292e-07	0.00011962	1.5401000000000002e-10	-0.00011964	3.1258e-07	-3.1274e-07	0.00013056	1.4859e-10	-0.00013018	3.1274e-07	-3.127e-07	0.00014	1.4271000000000002e-10	-0.00013974	3.126e-07	-3.1262e-07	0.00014936	1.3812e-10	-0.00014894	3.1274e-07	-3.125e-07	0.0001577	1.3036e-10	-0.0001566	3.1258e-07	-3.1254e-07
0.25	-5.1374e-07	2.6524e-10	5.4452e-07	3.1318e-07	-3.13e-07	3.6162e-05	2.5059e-10	-3.6174e-05	3.129e-07	-3.1284e-07	6.52e-05	2.271e-10	-6.5128e-05	3.1274e-07	-3.1276e-07	8.8232e-05	2.1574e-10	-8.8304e-05	3.127e-07	-3.1286e-07	0.000107326	1.9358e-10	-0.000107318	3.1268e-07	-3.1268e-07	0.00012374	1.8743e-10	-0.00012358	3.1292e-07	-3.1266e-07	0.00013752	1.7601000000000002e-10	-0.00013746	3.128e-07	-3.1274e-07	0.0001498	1.6361000000000002e-10	-0.00014966	3.1258e-07	-3.1262e-07	0.00016066	1.5466e-10	-0.00016018	3.126e-07	-3.1256e-07	0.0001717	1.4818e-10	-0.00017164	3.1278e-07	-3.1256e-07	0.00018098	1.3956e-10	-0.00018108	3.1256e-07	-3.1246e-07
0.255	-7.7956e-07	2.9294e-10	8.0794e-07	3.1292e-07	-3.132e-07	4.138200000000001e-05	2.6564e-10	-4.1354e-05	3.1294e-07	-3.1286e-07	7.4812e-05	2.4468000000000003e-10	-7.4812e-05	3.1294e-07	-3.128e-07	0.000101402	2.2641e-10	-0.00010146	3.1286e-07	-3.1272e-07	0.00012376	2.1419e-10	-0.00012356	3.1282e-07	-3.129e-07	0.00014228	1.9926e-10	-0.00014218	3.1288e-07	-3.1268e-07	0.00015858	1.8581e-10	-0.0001584	3.128e-07	-3.1254e-07	0.00017202	1.7232e-10	-0.00017212	3.1264e-07	-3.1258e-07	0.00018522	1.657e-10	-0.0001847	3.1258e-07	-3.1258e-07	0.00019244	1.6448e-10	-0.0001914	3.128e-07	-3.1252e-07	0.0002089	1.5061e-10	-0.00020862	3.1256e-07	-3.1266e-07
0.26	-1.05572e-06	3.1856000000000004e-10	1.08318e-06	3.1314e-07	-3.1314e-07	4.7236e-05	2.8184000000000003e-10	-4.7162e-05	3.1286e-07	-3.1284e-07	8.5578e-05	2.6132000000000003e-10	-8.5536e-05	3.1302e-07	-3.1274e-07	0.00011652	2.481e-10	-0.00011572	3.1276e-07	-3.1268e-07	0.0001419	2.2511e-10	-0.00014174	3.1292e-07	-3.1286e-07	0.0001633	2.1558e-10	-0.00016318	3.1264e-07	-3.126e-07	0.0001818	1.9675e-10	-0.00018126	3.128e-07	-3.1254e-07	0.00019782	1.8255e-10	-0.00019796	3.1258e-07	-3.1262e-07	0.00021276	1.7934000000000002e-10	-0.00021218	3.1278e-07	-3.126e-07	0.00022676	1.7716e-10	-0.00022652	3.1274e-07	-3.1268e-07	0.00023954	1.7011000000000002e-10	-0.0002393	3.1252e-07	-3.1246e-07
0.265	-1.7115000000000005e-06	3.4011000000000003e-10	1.8791e-06	3.1304e-07	-3.1316e-07	5.398e-05	3.0528e-10	-5.391e-05	3.13e-07	-3.1302e-07	9.808600000000001e-05	2.8196000000000003e-10	-9.8012e-05	3.1274e-07	-3.1288e-07	0.00013352	2.6333e-10	-0.00013344	3.1272e-07	-3.1286e-07	0.00016296	2.4901e-10	-0.00016274	3.1298e-07	-3.1286e-07	0.00018776	2.3215e-10	-0.0001876	3.1274e-07	-3.128e-07	0.00020844	2.0678e-10	-0.00020818	3.128e-07	-3.125e-07	0.00022752	2.0149e-10	-0.00022668	3.1282e-07	-3.1262e-07	0.00023788	1.9157e-10	-0.00024196	3.1256e-07	-3.1256e-07	0.000258	1.8946e-10	-0.00025924	3.1252e-07	-3.126e-07	0.00027502	1.8201000000000003e-10	-0.00027452	3.1276e-07	-3.1272e-07
0.27	-2.2906e-06	3.6594e-10	2.1733e-06	3.1318e-07	-3.1316e-07	6.1348e-05	3.3136000000000003e-10	-6.135e-05	3.1284e-07	-3.128e-07	0.000111912	3.1004000000000005e-10	-0.000111914	3.1284e-07	-3.1278e-07	0.00015266	2.8546e-10	-0.00015264	3.1292e-07	-3.1286e-07	0.00018638	2.6544e-10	-0.00018634	3.127e-07	-3.1266e-07	0.00021474	2.5073e-10	-0.00021456	3.128e-07	-3.1264e-07	0.00023904	2.2967e-10	-0.00023906	3.126e-07	-3.128e-07	0.0002604	2.1562000000000003e-10	-0.0002604	3.1286e-07	-3.1266e-07	0.00027994	2.1188e-10	-0.00027964	3.1258e-07	-3.1268e-07	0.0002972	2.0132e-10	-0.00029762	3.1256e-07	-3.1256e-07	0.00031362	1.8893e-10	-0.0003139	3.1278e-07	-3.128e-07
0.275	-2.7902000000000004e-06	3.902e-10	2.6976e-06	3.13e-07	-3.1292e-07	6.9992e-05	3.6113e-10	-6.992600000000001e-05	3.131e-07	-3.1306e-07	0.00012806	3.3158e-10	-0.00012788	3.128e-07	-3.1296e-07	0.00017482	3.1554000000000003e-10	-0.0001747	3.1268e-07	-3.1272e-07	0.00021332	2.8480000000000004e-10	-0.00021334	3.127e-07	-3.127e-07	0.00024592	2.7022e-10	-0.00024586	3.1264e-07	-3.1268e-07	0.000274	2.4818e-10	-0.00027388	3.1258e-07	-3.1258e-07	0.00029814	2.2876e-10	-0.00029818	3.1264e-07	-3.128e-07	0.00032094	2.2928e-10	-0.0003206	3.1258e-07	-3.125e-07	0.00033174	2.1374000000000003e-10	-0.00033422	3.1258e-07	-3.125e-07	0.00036116	2.0862000000000003e-10	-0.00035912	3.1262e-07	-3.1254e-07
0.28	-3.3929e-06	4.1913e-10	3.3949000000000003e-06	3.1304e-07	-3.1312e-07	7.947600000000001e-05	3.8834e-10	-7.940800000000001e-05	3.1286e-07	-3.1292e-07	0.00014588	3.5764e-10	-0.00014562	3.129e-07	-3.1278e-07	0.00019912	3.356e-10	-0.00019896	3.1298e-07	-3.1286e-07	0.00024344	3.0943000000000004e-10	-0.00024356	3.1276e-07	-3.127e-07	0.00028056	2.9491e-10	-0.00028058	3.1266e-07	-3.126e-07	0.00031202	2.6114000000000004e-10	-0.0003125	3.1282e-07	-3.1258e-07	0.0003406	2.4713e-10	-0.00034066	3.126e-07	-3.1262e-07	0.00036576	2.4214e-10	-0.00036618	3.1276e-07	-3.1256e-07	0.00038884	2.3806e-10	-0.00038962	3.1268e-07	-3.1252e-07	0.00041208	2.2723000000000003e-10	-0.00041124	3.1246e-07	-3.1254e-07
0.285	-4.2228000000000005e-06	4.5628000000000005e-10	4.1577e-06	3.1316e-07	-3.1314e-07	9.0204e-05	4.1391e-10	-9.016e-05	3.1288e-07	-3.1282e-07	0.00016598	3.8797e-10	-0.0001658	3.1284e-07	-3.1274e-07	0.00022726	3.5846e-10	-0.00022698	3.1272e-07	-3.127e-07	0.00027782	3.3442e-10	-0.00027792	3.1266e-07	-3.127e-07	0.00032066	3.1989e-10	-0.00032038	3.1276e-07	-3.1282e-07	0.00035684	2.8192000000000005e-10	-0.00035708	3.1264e-07	-3.1258e-07	0.00038942	2.6413e-10	-0.00038932	3.128e-07	-3.1262e-07	0.00041166	2.6133e-10	-0.00041632	3.1258e-07	-3.1268e-07	0.00044534	2.5483000000000004e-10	-0.00044438	3.127e-07	-3.1268e-07	0.00047028	2.4505e-10	-0.00047058	3.1276e-07	-3.1272e-07
0.29	-4.890500000000001e-06	4.8664e-10	4.859500000000001e-06	3.1298e-07	-3.129e-07	0.000102044	4.5074e-10	-0.000102064	3.1304e-07	-3.1298e-07	0.0001882	4.1253e-10	-0.00018816	3.1308e-07	-3.1278e-07	0.00025794	3.8682e-10	-0.00025766	3.1284e-07	-3.1288e-07	0.00031628	3.6508000000000005e-10	-0.00031614	3.1274e-07	-3.1266e-07	0.00036452	3.4166000000000004e-10	-0.00036442	3.1262e-07	-3.1262e-07	0.00040626	3.0153000000000004e-10	-0.00040642	3.1262e-07	-3.1276e-07	0.00044284	2.9102000000000005e-10	-0.00044282	3.128e-07	-3.1274e-07	0.00047604	2.7943000000000004e-10	-0.00047608	3.1268e-07	-3.1268e-07	0.00050676	2.7098000000000003e-10	-0.00050694	3.1276e-07	-3.1248e-07	0.00053516	2.6623e-10	-0.00053532	3.1268e-07	-3.1248e-07
0.295	-5.804900000000001e-06	5.2585e-10	5.655000000000001e-06	3.1308e-07	-3.1298e-07	0.0001157	4.792600000000001e-10	-0.00011568	3.1292e-07	-3.1302e-07	0.0002133	4.4686000000000005e-10	-0.00021352	3.1284e-07	-3.129e-07	0.00029288	4.1412e-10	-0.00029296	3.127e-07	-3.1272e-07	0.00035934	3.9152e-10	-0.00035918	3.1274e-07	-3.1264e-07	0.00041466	3.6791e-10	-0.00041458	3.129e-07	-3.129e-07	0.00046304	3.3053000000000005e-10	-0.00046266	3.126e-07	-3.1278e-07	0.00050418	3.1367e-10	-0.00050428	3.1262e-07	-3.1264e-07	0.00054134	3.0643000000000005e-10	-0.00054182	3.1264e-07	-3.1262e-07	0.00057694	2.8751e-10	-0.00057644	3.1276e-07	-3.1276e-07	0.000609	2.8253e-10	-0.0006096	3.126e-07	-3.1276e-07
0.3	-6.5942e-06	5.632100000000001e-10	6.5947000000000006e-06	3.131e-07	-3.13e-07	0.00013054	5.170700000000001e-10	-0.00013018	3.1282e-07	-3.1286e-07	0.00024124	4.8194e-10	-0.00024122	3.1298e-07	-3.1292e-07	0.00033136	4.4651e-10	-0.00033132	3.127e-07	-3.1272e-07	0.000407	4.1732e-10	-0.00040686	3.1272e-07	-3.1274e-07	0.00046986	3.9571e-10	-0.00046952	3.127e-07	-3.1274e-07	0.00052358	3.5993e-10	-0.00052378	3.1268e-07	-3.1256e-07	0.00057176	3.3343e-10	-0.00057152	3.1258e-07	-3.126e-07	0.0006144	3.2906e-10	-0.00061372	3.1264e-07	-3.126e-07	0.0006528	3.0593000000000005e-10	-0.00065378	3.1276e-07	-3.1268e-07	0.00068938	3.019e-10	-0.00068986	3.1252e-07	-3.1268e-07
0.305	-7.5682e-06	5.947e-10	7.826800000000001e-06	3.1296e-07	-3.131e-07	0.00014704	5.469e-10	-0.0001466	3.1288e-07	-3.1286e-07	0.00027244	5.1855e-10	-0.0002722	3.1276e-07	-3.128e-07	0.00037452	4.8015e-10	-0.00037478	3.1288e-07	-3.1288e-07	0.00045988	4.501e-10	-0.00046044	3.127e-07	-3.1286e-07	0.00053236	4.3061e-10	-0.00053156	3.1268e-07	-3.1284e-07	0.00059444	3.8032e-10	-0.00059432	3.1258e-07	-3.128e-07	0.00064776	3.6167e-10	-0.00064748	3.126e-07	-3.1262e-07	0.0006951	3.4882000000000004e-10	-0.00069558	3.1262e-07	-3.128e-07	0.00074106	3.3626000000000004e-10	-0.00074084	3.1274e-07	-3.1272e-07	0.00078188	3.2677e-10	-0.0007815	3.1272e-07	-3.1254e-07
0.31	-8.9677e-06	6.385300000000001e-10	8.7952e-06	3.13e-07	-3.1316e-07	0.00016524	5.902000000000001e-10	-0.00016478	3.1304e-07	-3.1286e-07	0.00030596	5.563300000000001e-10	-0.00030614	3.1292e-07	-3.1296e-07	0.00042192	5.1335e-10	-0.00042218	3.1272e-07	-3.1288e-07	0.00051792	4.8322e-10	-0.00051866	3.127e-07	-3.1264e-07	0.00060036	4.6396e-10	-0.0006003	3.128e-07	-3.1286e-07	0.0006703	4.0981000000000006e-10	-0.00067014	3.1274e-07	-3.1284e-07	0.0007313	3.901e-10	-0.00073148	3.128e-07	-3.128e-07	0.00078612	3.7393e-10	-0.0007863	3.125e-07	-3.1276e-07	0.00083638	3.6358000000000005e-10	-0.00083684	3.1256e-07	-3.1278e-07	0.00088172	3.5429e-10	-0.0008815	3.1264e-07	-3.1266e-07
0.315	-1.00821e-05	6.814900000000001e-10	9.8955e-06	3.1294e-07	-3.1292e-07	0.00018444	6.3297e-10	-0.0001842	3.13e-07	-3.1296e-07	0.00034284	5.884000000000001e-10	-0.00034288	3.1302e-07	-3.128e-07	0.00047388	5.5132e-10	-0.0004735	3.1292e-07	-3.129e-07	0.0005832	5.2092e-10	-0.00058318	3.1294e-07	-3.1292e-07	0.00067512	4.9032e-10	-0.00067484	3.1268e-07	-3.1262e-07	0.0007546	4.3698e-10	-0.00075416	3.1288e-07	-3.128e-07	0.00082364	4.186e-10	-0.00082338	3.1288e-07	-3.1266e-07	0.0008852	4.0019e-10	-0.00088498	3.1276e-07	-3.1256e-07	0.00093974	3.8475e-10	-0.0009401	3.1256e-07	-3.1252e-07	0.00099142	3.7967e-10	-0.00099208	3.1278e-07	-3.1256e-07
0.32	-1.1500100000000002e-05	7.2457e-10	1.13389e-05	3.1322e-07	-3.1314e-07	0.0002061	6.7636e-10	-0.00020586	3.1286e-07	-3.1284e-07	0.00038454	6.3339e-10	-0.00038436	3.1302e-07	-3.129e-07	0.00053136	5.9078e-10	-0.00053186	3.1292e-07	-3.1288e-07	0.00065584	5.561000000000001e-10	-0.00065536	3.1274e-07	-3.1268e-07	0.00075726	5.256e-10	-0.0007582	3.1282e-07	-3.1262e-07	0.0008489	4.7184e-10	-0.0008478	3.1268e-07	-3.1256e-07	0.00092582	4.4955e-10	-0.00092522	3.1256e-07	-3.1266e-07	0.00099178	4.2983000000000006e-10	-0.00099318	3.126e-07	-3.126e-07	0.00105924	4.1115e-10	-0.00105904	3.1256e-07	-3.125e-07	0.00111692	4.0017e-10	-0.0011158	3.126e-07	-3.1248e-07
0.325	-1.1724000000000002e-05	7.623e-10	1.2926e-05	3.1296e-07	-3.1292e-07	0.00022906	7.1945e-10	-0.00022884	3.131e-07	-3.13e-07	0.00042818	6.778000000000001e-10	-0.00042838	3.1304e-07	-3.1282e-07	0.00059292	6.337200000000001e-10	-0.00059314	3.1292e-07	-3.1268e-07	0.00073318	5.8755e-10	-0.00073302	3.1278e-07	-3.1276e-07	0.0008493	5.6517e-10	-0.00084948	3.128e-07	-3.128e-07	0.0009501	5.1315e-10	-0.00094752	3.128e-07	-3.1276e-07	0.00103644	4.7712e-10	-0.0010355	3.1276e-07	-3.125e-07	0.00111286	4.6001000000000005e-10	-0.00111426	3.1256e-07	-3.1264e-07	0.0011856	4.4455e-10	-0.001185	3.126e-07	-3.1254e-07	0.0012512	4.3137e-10	-0.0012512	3.1274e-07	-3.127e-07
0.33	-1.4538e-05	8.138e-10	1.4338e-05	3.1312e-07	-3.1318e-07	0.00025442	7.6154e-10	-0.00025424	3.1286e-07	-3.128e-07	0.00047704	7.2292e-10	-0.00047698	3.13e-07	-3.1278e-07	0.00066238	6.742300000000001e-10	-0.00066188	3.1272e-07	-3.1266e-07	0.00081716	6.296100000000001e-10	-0.00081868	3.128e-07	-3.1282e-07	0.0009497	6.053500000000001e-10	-0.0009494	3.1266e-07	-3.126e-07	0.00106298	5.438900000000001e-10	-0.00106252	3.1262e-07	-3.1256e-07	0.0011606	5.1409e-10	-0.0011598	3.129e-07	-3.1254e-07	0.0012446	4.9512e-10	-0.0012466	3.1282e-07	-3.1262e-07	0.0013286	4.743300000000001e-10	-0.0013288	3.1254e-07	-3.1248e-07	0.0013898	4.6254e-10	-0.0013962	3.1272e-07	-3.1252e-07
0.335	-1.6088e-05	8.6072e-10	1.6100000000000002e-05	3.1298e-07	-3.1304e-07	0.00028184	8.1379e-10	-0.0002818	3.1302e-07	-3.1302e-07	0.0005289	7.6858e-10	-0.00052884	3.1296e-07	-3.129e-07	0.00073566	7.1511e-10	-0.00073556	3.1294e-07	-3.1292e-07	0.000911	6.729800000000001e-10	-0.00091138	3.1272e-07	-3.1268e-07	0.0010582	6.4865e-10	-0.00105834	3.1274e-07	-3.1288e-07	0.0011846	5.730100000000001e-10	-0.0011838	3.1278e-07	-3.1276e-07	0.001295	5.462e-10	-0.0012952	3.1258e-07	-3.1262e-07	0.0013918	5.277500000000001e-10	-0.0013896	3.128e-07	-3.128e-07	0.001483	5.0976e-10	-0.0014828	3.1274e-07	-3.1274e-07	0.0015628	4.910000000000001e-10	-0.0015616	3.1262e-07	-3.1274e-07
0.34	-1.7868e-05	9.0906e-10	1.7748e-05	3.13e-07	-3.1314e-07	0.00031104	8.638400000000001e-10	-0.00031054	3.129e-07	-3.1286e-07	0.00058552	8.0785e-10	-0.0005848	3.1294e-07	-3.1274e-07	0.00081458	7.6845e-10	-0.00081458	3.1294e-07	-3.1292e-07	0.00100998	7.2104e-10	-0.00100934	3.1274e-07	-3.1284e-07	0.0011738	6.894300000000001e-10	-0.0011736	3.1264e-07	-3.1266e-07	0.0013164	6.1872e-10	-0.0013152	3.1264e-07	-3.1266e-07	0.0014384	5.8072e-10	-0.0014354	3.127e-07	-3.125e-07	0.0015438	5.650300000000001e-10	-0.0015462	3.1282e-07	-3.1278e-07	0.0016416	5.4663e-10	-0.0016434	3.1276e-07	-3.127e-07	0.0017378	5.2465e-10	-0.0017276	3.1276e-07	-3.1256e-07
0.345	-1.9724e-05	9.6576e-10	1.9652e-05	3.1316e-07	-3.1312e-07	0.00034128	9.1442e-10	-0.0003415	3.1288e-07	-3.1308e-07	0.0006444	8.576600000000001e-10	-0.00064498	3.1278e-07	-3.1284e-07	0.00089946	8.182800000000001e-10	-0.00089998	3.1276e-07	-3.1276e-07	0.00111802	7.699e-10	-0.00111768	3.1274e-07	-3.1264e-07	0.0013002	7.348600000000001e-10	-0.0012998	3.1268e-07	-3.1268e-07	0.0014586	6.5189e-10	-0.001458	3.1262e-07	-3.126e-07	0.001596	6.229100000000001e-10	-0.0015956	3.1276e-07	-3.1256e-07	0.0017178	5.9768e-10	-0.0017164	3.1258e-07	-3.1276e-07	0.001828	5.810600000000001e-10	-0.001825	3.1258e-07	-3.1276e-07	0.0019268	5.6558e-10	-0.001927	3.1264e-07	-3.127e-07
0.35	-2.1878e-05	1.01704e-09	2.1844e-05	3.1316e-07	-3.1298e-07	0.00037416	9.6575e-10	-0.00037434	3.1294e-07	-3.131e-07	0.00070758	9.1224e-10	-0.0007071	3.1298e-07	-3.1298e-07	0.00098974	8.673500000000001e-10	-0.00098948	3.1276e-07	-3.129e-07	0.0012306	8.2142e-10	-0.0012304	3.1284e-07	-3.1268e-07	0.0014328	7.8178e-10	-0.0014332	3.1266e-07	-3.1264e-07	0.0016104	6.883000000000001e-10	-0.0016086	3.1282e-07	-3.1256e-07	0.001762	6.6657e-10	-0.0017586	3.128e-07	-3.1256e-07	0.001891	6.3925e-10	-0.001894	3.1264e-07	-3.1262e-07	0.002019	6.184000000000001e-10	-0.0020194	3.1252e-07	-3.126e-07	0.0021266	5.989700000000001e-10	-0.0021292	3.1268e-07	-3.125e-07
0.355	-2.3896e-05	1.0743800000000002e-09	2.3738e-05	3.1306e-07	-3.1322e-07	0.00040942	1.01654e-09	-0.00040858	3.1286e-07	-3.1296e-07	0.00077512	9.3154e-10	-0.00077554	3.13e-07	-3.1276e-07	0.00108518	9.159699999999999e-10	-0.00108598	3.1288e-07	-3.1288e-07	0.0013536	8.7392e-10	-0.0013526	3.1274e-07	-3.1286e-07	0.0015792	8.2869e-10	-0.0015784	3.1262e-07	-3.1268e-07	0.0017738	7.3774e-10	-0.0017726	3.1258e-07	-3.126e-07	0.0019408	7.022e-10	-0.0019426	3.126e-07	-3.126e-07	0.0020884	6.831e-10	-0.0020876	3.128e-07	-3.1258e-07	0.0022262	6.494500000000001e-10	-0.0022272	3.126e-07	-3.1272e-07	0.0023452	6.342e-10	-0.0023482	3.127e-07	-3.1256e-07
0.36	-2.6178e-05	1.1432e-09	2.597e-05	3.13e-07	-3.1294e-07	0.00044426	1.07718e-09	-0.00044378	3.1292e-07	-3.1284e-07	0.0008456	1.0226700000000002e-09	-0.00084492	3.1274e-07	-3.1274e-07	0.001186	9.6125e-10	-0.0011862	3.1278e-07	-3.1292e-07	0.0014804	9.2446e-10	-0.0014804	3.1298e-07	-3.1268e-07	0.0017286	8.8167e-10	-0.0017276	3.1276e-07	-3.1262e-07	0.0019444	7.8308e-10	-0.0019452	3.1262e-07	-3.1284e-07	0.0021324	7.4662e-10	-0.0021318	3.127e-07	-3.1274e-07	0.0022956	7.218e-10	-0.0022966	3.126e-07	-3.1256e-07	0.0024458	6.8982e-10	-0.0024462	3.128e-07	-3.126e-07	0.0025758	6.711700000000001e-10	-0.0025738	3.1276e-07	-3.1256e-07
0.365	-2.8212e-05	1.2043e-09	2.8134e-05	3.1298e-07	-3.1298e-07	0.00048194	1.1325e-09	-0.00048228	3.1288e-07	-3.131e-07	0.00092006	1.07277e-09	-0.0009199	3.1294e-07	-3.1292e-07	0.001294	1.01916e-09	-0.0012938	3.1292e-07	-3.129e-07	0.0016172	9.7259e-10	-0.0016162	3.1272e-07	-3.1286e-07	0.0018882	9.3888e-10	-0.0018912	3.1286e-07	-3.1278e-07	0.0021306	8.302600000000001e-10	-0.00213	3.1262e-07	-3.1278e-07	0.002335	7.894000000000001e-10	-0.002335	3.1264e-07	-3.128e-07	0.002517	7.6249e-10	-0.0025176	3.1274e-07	-3.1262e-07	0.0026828	7.3595e-10	-0.0026786	3.1256e-07	-3.1256e-07	0.0028274	7.1436e-10	-0.002828	3.127e-07	-3.1252e-07
0.37	-3.0454e-05	1.2663e-09	3.048e-05	3.1314e-07	-3.1308e-07	0.00052108	1.195e-09	-0.00052006	3.1288e-07	-3.1286e-07	0.00099574	1.1392e-09	-0.0009954	3.1276e-07	-3.1278e-07	0.0014054	1.07734e-09	-0.0014032	3.1268e-07	-3.1274e-07	0.0017558	1.02823e-09	-0.001757	3.1284e-07	-3.128e-07	0.0020584	9.9034e-10	-0.0020566	3.1288e-07	-3.128e-07	0.002303	8.7419e-10	-0.0023002	3.1264e-07	-3.1262e-07	0.0025472	8.361900000000001e-10	-0.0025472	3.128e-07	-3.128e-07	0.002744	8.0492e-10	-0.0027464	3.1282e-07	-3.1266e-07	0.002928	7.7587e-10	-0.0029284	3.1258e-07	-3.1274e-07	0.003088	7.6138e-10	-0.0030902	3.1252e-07	-3.1256e-07
0.375	-3.29e-05	1.3401e-09	3.2856e-05	3.1298e-07	-3.1316e-07	0.00056076	1.2647e-09	-0.00056118	3.131e-07	-3.129e-07	0.00107758	1.2019e-09	-0.00107658	3.1286e-07	-3.1274e-07	0.001521	1.1448e-09	-0.0015206	3.1272e-07	-3.1272e-07	0.0019078	1.02276e-09	-0.001907	3.1268e-07	-3.127e-07	0.0022376	1.04189e-09	-0.0022368	3.1268e-07	-3.127e-07	0.0025246	9.2009e-10	-0.0025248	3.1264e-07	-3.1272e-07	0.0027756	8.8767e-10	-0.0027742	3.1284e-07	-3.126e-07	0.0029932	8.5213e-10	-0.0029936	3.1274e-07	-3.126e-07	0.0031926	8.215600000000001e-10	-0.0031934	3.1264e-07	-3.1254e-07	0.0033638	8.009500000000001e-10	-0.0033688	3.1252e-07	-3.1258e-07
0.38	-3.5300000000000004e-05	1.4101e-09	3.528e-05	3.1314e-07	-3.1306e-07	0.0006013	1.333e-09	-0.00060156	3.1304e-07	-3.1302e-07	0.001158	1.2631e-09	-0.0011568	3.1298e-07	-3.1294e-07	0.0016396	1.1649e-09	-0.0016388	3.1276e-07	-3.1284e-07	0.0020608	1.1495e-09	-0.0020604	3.1268e-07	-3.1268e-07	0.0024218	1.09829e-09	-0.0024188	3.1282e-07	-3.1274e-07	0.002736	9.7612e-10	-0.002735	3.1282e-07	-3.1262e-07	0.0030092	9.3195e-10	-0.0030064	3.1288e-07	-3.1288e-07	0.0032478	8.9945e-10	-0.0032516	3.1278e-07	-3.1256e-07	0.0034662	8.6352e-10	-0.0034626	3.1282e-07	-3.1278e-07	0.0036508	8.374e-10	-0.003646	3.1252e-07	-3.126e-07
0.385	-3.7988e-05	1.4829e-09	3.803e-05	3.13e-07	-3.1308e-07	0.00064518	1.3997e-09	-0.0006458	3.1294e-07	-3.1284e-07	0.0012422	1.2617e-09	-0.0012428	3.1294e-07	-3.128e-07	0.0017576	1.2724e-09	-0.001758	3.1296e-07	-3.1292e-07	0.0022202	1.2157e-09	-0.0022206	3.1298e-07	-3.128e-07	0.0026126	1.1534e-09	-0.0026116	3.1286e-07	-3.128e-07	0.0029544	1.03144e-09	-0.0029564	3.1276e-07	-3.1264e-07	0.0032562	9.8432e-10	-0.0032526	3.1286e-07	-3.1284e-07	0.0034798	9.4426e-10	-0.003509	3.1282e-07	-3.1278e-07	0.0037588	9.0676e-10	-0.0037578	3.1268e-07	-3.1258e-07	0.0039594	8.8274e-10	-0.0039566	3.1256e-07	-3.1252e-07
0.39	-4.0542e-05	1.5578e-09	4.038e-05	3.1302e-07	-3.1316e-07	0.0006873	1.471e-09	-0.00068694	3.1298e-07	-3.128e-07	0.001329	1.4025e-09	-0.0013286	3.1282e-07	-3.1268e-07	0.0018898	1.343e-09	-0.0018892	3.1292e-07	-3.129e-07	0.0023838	1.2809e-09	-0.0023838	3.127e-07	-3.1268e-07	0.002807	1.2157e-09	-0.0028096	3.1264e-07	-3.128e-07	0.0031826	1.08256e-09	-0.0031812	3.127e-07	-3.1266e-07	0.0035094	1.04074e-09	-0.0035094	3.1262e-07	-3.1266e-07	0.0037998	9.9444e-10	-0.003797	3.1274e-07	-3.1278e-07	0.0040542	9.6225e-10	-0.0040538	3.1268e-07	-3.1268e-07	0.0042844	9.285e-10	-0.004285	3.1274e-07	-3.127e-07
0.395	-4.3004e-05	1.6376e-09	4.2994e-05	3.1294e-07	-3.1294e-07	0.0007318	1.5544e-09	-0.0007326	3.1304e-07	-3.1302e-07	0.0014174	1.4784e-09	-0.0014158	3.1286e-07	-3.1278e-07	0.0020188	1.413e-09	-0.002019	3.1292e-07	-3.1298e-07	0.002553	1.3433e-09	-0.0025526	3.1274e-07	-3.1274e-07	0.0030144	1.2868e-09	-0.0030146	3.1264e-07	-3.1284e-07	0.003422	1.1437e-09	-0.0034208	3.1268e-07	-3.129e-07	0.0037738	1.09587e-09	-0.0037756	3.1264e-07	-3.1268e-07	0.004079	1.04554e-09	-0.0040858	3.127e-07	-3.1286e-07	0.0043688	1.0131500000000002e-09	-0.0043698	3.126e-07	-3.1258e-07	0.0046204	9.8368e-10	-0.0046148	3.1272e-07	-3.126e-07
0.4	-4.5856e-05	1.7228e-09	4.5948e-05	3.1316e-07	-3.1296e-07	0.0007762	1.6334e-09	-0.00077584	3.1288e-07	-3.1306e-07	0.0015052	1.554e-09	-0.0015046	3.1304e-07	-3.1278e-07	0.002151	1.4862e-09	-0.0021502	3.1292e-07	-3.1272e-07	0.0027232	1.413e-09	-0.0027242	3.1288e-07	-3.1284e-07	0.003221	1.3543e-09	-0.0032194	3.1274e-07	-3.1258e-07	0.0036626	1.1993e-09	-0.0036604	3.126e-07	-3.1254e-07	0.0040486	1.1485e-09	-0.0040468	3.1278e-07	-3.126e-07	0.0043496	1.09725e-09	-0.0043448	3.129e-07	-3.1284e-07	0.0046898	1.0648100000000002e-09	-0.0046906	3.1274e-07	-3.1266e-07	0.0049608	1.0291800000000002e-09	-0.0049542	3.127e-07	-3.1254e-07
0.405	-4.8150000000000005e-05	1.8111e-09	4.8468e-05	3.132e-07	-3.1314e-07	0.00082134	1.7263e-09	-0.0008196	3.13e-07	-3.1296e-07	0.0015968	1.5268e-09	-0.0015964	3.1298e-07	-3.1272e-07	0.0022848	1.5601e-09	-0.0022834	3.1274e-07	-3.1298e-07	0.002899	1.4892e-09	-0.0028986	3.1276e-07	-3.1276e-07	0.003434	1.425e-09	-0.0034336	3.1266e-07	-3.126e-07	0.0039112	1.2553e-09	-0.0039116	3.1276e-07	-3.126e-07	0.0043284	1.2102e-09	-0.0043242	3.127e-07	-3.128e-07	0.0046782	1.159e-09	-0.0046996	3.1272e-07	-3.1272e-07	0.0050274	1.11827e-09	-0.0050262	3.1282e-07	-3.1274e-07	0.005321	1.07806e-09	-0.005322	3.125e-07	-3.1272e-07
0.41	-5.073e-05	1.9022e-09	5.0804e-05	3.1304e-07	-3.1298e-07	0.00086516	1.8102e-09	-0.00086338	3.1296e-07	-3.1284e-07	0.0016858	1.7179e-09	-0.0016846	3.1278e-07	-3.1296e-07	0.0024204	1.641e-09	-0.0024186	3.1276e-07	-3.1284e-07	0.0030742	1.5672e-09	-0.0030742	3.1276e-07	-3.1266e-07	0.0036494	1.4956e-09	-0.0036498	3.1282e-07	-3.126e-07	0.0041616	1.3207e-09	-0.0041614	3.128e-07	-3.1278e-07	0.0046122	1.2663e-09	-0.0046108	3.1264e-07	-3.128e-07	0.005001	1.2196e-09	-0.0050112	3.1286e-07	-3.1286e-07	0.0053694	1.1779e-09	-0.0053678	3.1258e-07	-3.128e-07	0.0056878	1.1382e-09	-0.0056856	3.1272e-07	-3.1274e-07
0.415	-5.3396e-05	1.9982e-09	5.3286e-05	3.1322e-07	-3.1298e-07	0.00090964	1.8988e-09	-0.00090892	3.1282e-07	-3.1278e-07	0.0017752	1.68e-09	-0.0017766	3.1294e-07	-3.1294e-07	0.0025548	1.7281e-09	-0.0025544	3.1288e-07	-3.1282e-07	0.0032548	1.652e-09	-0.0032528	3.127e-07	-3.1294e-07	0.0038704	1.5712e-09	-0.0038694	3.1264e-07	-3.128e-07	0.0044188	1.3872e-09	-0.0044196	3.1262e-07	-3.1258e-07	0.004905	1.3297e-09	-0.0049056	3.127e-07	-3.126e-07	0.0053372	1.2801e-09	-0.0053386	3.1278e-07	-3.126e-07	0.005723	1.2301e-09	-0.0057192	3.1272e-07	-3.1278e-07	0.006067	1.1913e-09	-0.0060134	3.1258e-07	-3.1266e-07
0.42	-5.5728e-05	1.9609e-09	5.5522e-05	3.1298e-07	-3.1294e-07	0.00095218	1.9957e-09	-0.00095284	3.128e-07	-3.1278e-07	0.0018656	1.8943e-09	-0.0018664	3.1302e-07	-3.1278e-07	0.0026894	1.8096e-09	-0.002689	3.1298e-07	-3.1284e-07	0.0034322	1.7306e-09	-0.0034314	3.1278e-07	-3.1272e-07	0.0040906	1.6548e-09	-0.00409	3.1286e-07	-3.1284e-07	0.0046526	1.4554e-09	-0.0046574	3.1266e-07	-3.1262e-07	0.0051982	1.3948e-09	-0.005196	3.128e-07	-3.1266e-07	0.0056592	1.3432e-09	-0.0056604	3.1262e-07	-3.1262e-07	0.0060786	1.2935e-09	-0.0060776	3.1274e-07	-3.1262e-07	0.006449	1.2431e-09	-0.006446	3.1264e-07	-3.128e-07
0.425	-5.7892e-05	2.1878e-09	5.7852e-05	3.1314e-07	-3.1306e-07	0.00099754	1.992e-09	-0.00099686	3.1304e-07	-3.1302e-07	0.0019548	1.9937e-09	-0.0019552	3.1278e-07	-3.1298e-07	0.0028274	1.8989e-09	-0.002827	3.1294e-07	-3.1274e-07	0.0036136	1.6779e-09	-0.003612	3.1288e-07	-3.1282e-07	0.0043126	1.7374e-09	-0.0043128	3.1266e-07	-3.1274e-07	0.0049412	1.53e-09	-0.0049432	3.1288e-07	-3.1262e-07	0.0054996	1.4631e-09	-0.0054994	3.1278e-07	-3.1264e-07	0.0059984	1.4082e-09	-0.0059978	3.1282e-07	-3.128e-07	0.0064426	1.3547e-09	-0.0064426	3.1282e-07	-3.1266e-07	0.0068432	1.308e-09	-0.0068416	3.1262e-07	-3.126e-07
0.43	-6.0434e-05	2.3162e-09	6.039e-05	3.1302e-07	-3.1288e-07	0.0010381	2.2056e-09	-0.00103882	3.1302e-07	-3.13e-07	0.0020456	2.0921e-09	-0.0020456	3.1298e-07	-3.1282e-07	0.0029602	1.9894e-09	-0.0029596	3.127e-07	-3.1268e-07	0.0037914	1.9046e-09	-0.0037918	3.127e-07	-3.1266e-07	0.0045338	1.8193e-09	-0.0045326	3.1274e-07	-3.1286e-07	0.0052028	1.5999e-09	-0.005204	3.1262e-07	-3.126e-07	0.0057992	1.5387e-09	-0.0057994	3.1264e-07	-3.1262e-07	0.0063356	1.4758e-09	-0.0063352	3.128e-07	-3.1276e-07	0.0068142	1.4215e-09	-0.0068116	3.1284e-07	-3.1256e-07	0.0072412	1.3713e-09	-0.0072268	3.1268e-07	-3.1274e-07
0.435	-6.302200000000001e-05	2.2687e-09	6.2858e-05	3.1298e-07	-3.131e-07	0.00108258	2.1577e-09	-0.00108374	3.1286e-07	-3.1302e-07	0.0021354	2.1936e-09	-0.002134	3.1294e-07	-3.1296e-07	0.0030954	2.0898e-09	-0.0030938	3.1276e-07	-3.1288e-07	0.00397	1.8573e-09	-0.0039708	3.1288e-07	-3.1288e-07	0.0047568	1.9098e-09	-0.0047566	3.1286e-07	-3.1278e-07	0.0054688	1.6779e-09	-0.0054696	3.1264e-07	-3.1278e-07	0.0061066	1.6129e-09	-0.0061056	3.1288e-07	-3.1266e-07	0.0066746	1.5478e-09	-0.006673	3.1262e-07	-3.1264e-07	0.0071892	1.487e-09	-0.0071852	3.126e-07	-3.1254e-07	0.0076476	1.4347e-09	-0.0076458	3.1258e-07	-3.1266e-07
0.44	-6.518e-05	2.4236e-09	6.5036e-05	3.1298e-07	-3.1296e-07	0.00112528	2.4176e-09	-0.00112408	3.1282e-07	-3.1302e-07	0.0022188	2.1365e-09	-0.0022212	3.1306e-07	-3.127e-07	0.003225	2.1944e-09	-0.003225	3.1288e-07	-3.1268e-07	0.0041474	2.1015e-09	-0.0041458	3.1288e-07	-3.129e-07	0.0049774	1.8503e-09	-0.0049736	3.1286e-07	-3.1258e-07	0.0057322	1.7613e-09	-0.0057298	3.1278e-07	-3.1282e-07	0.006405	1.6877e-09	-0.006404	3.1264e-07	-3.128e-07	0.007012	1.6167e-09	-0.0070126	3.1288e-07	-3.126e-07	0.007565	1.5502e-09	-0.007558	3.1268e-07	-3.1274e-07	0.0080544	1.4996e-09	-0.0080506	3.1278e-07	-3.1262e-07
0.445	-6.7316e-05	2.6715e-09	6.717600000000001e-05	3.13e-07	-3.1322e-07	0.001165	2.5352e-09	-0.0011638	3.1298e-07	-3.128e-07	0.0023062	2.2714e-09	-0.0023054	3.1296e-07	-3.1296e-07	0.0033592	2.2456e-09	-0.0033566	3.1274e-07	-3.1266e-07	0.0043216	2.1986e-09	-0.0043216	3.1294e-07	-3.129e-07	0.0051976	2.0999e-09	-0.0051994	3.1282e-07	-3.1266e-07	0.0059966	1.8483e-09	-0.0059956	3.1284e-07	-3.1278e-07	0.0067128	1.7692e-09	-0.0067128	3.1268e-07	-3.1262e-07	0.0073634	1.6932e-09	-0.0073622	3.1284e-07	-3.1262e-07	0.0079418	1.6245e-09	-0.0079406	3.128e-07	-3.1256e-07	0.0084704	1.5652e-09	-0.0084702	3.1268e-07	-3.1266e-07
0.45	-6.9672e-05	2.6224e-09	6.9756e-05	3.1312e-07	-3.132e-07	0.0012068	2.6318e-09	-0.0012046	3.13e-07	-3.1304e-07	0.0023876	2.5322e-09	-0.002388	3.128e-07	-3.128e-07	0.0034858	2.4079e-09	-0.0034872	3.1276e-07	-3.1272e-07	0.0044944	2.1316e-09	-0.0044956	3.127e-07	-3.1284e-07	0.0054156	2.2011e-09	-0.0054136	3.1266e-07	-3.1268e-07	0.0062554	1.9372e-09	-0.0062554	3.1266e-07	-3.1258e-07	0.0070088	1.8531e-09	-0.0070112	3.128e-07	-3.1282e-07	0.0077028	1.7709e-09	-0.0077042	3.1268e-07	-3.1272e-07	0.0083226	1.7039e-09	-0.0083236	3.1266e-07	-3.126e-07	0.0088818	1.6417e-09	-0.0088832	3.1264e-07	-3.1262e-07
0.455	-7.143e-05	2.7461e-09	7.137e-05	3.1316e-07	-3.1296e-07	0.001245	2.782e-09	-0.0012454	3.1286e-07	-3.128e-07	0.002475	2.6411e-09	-0.0024738	3.1286e-07	-3.13e-07	0.003612	2.5266e-09	-0.0036138	3.1282e-07	-3.1292e-07	0.0046596	2.414e-09	-0.0046574	3.127e-07	-3.1272e-07	0.005632	2.2007e-09	-0.005633	3.1268e-07	-3.1276e-07	0.0065154	2.0268e-09	-0.0065122	3.1262e-07	-3.126e-07	0.0073174	1.9407e-09	-0.0073174	3.1288e-07	-3.1278e-07	0.008047	1.8543e-09	-0.008047	3.1268e-07	-3.1286e-07	0.008705	1.7843e-09	-0.0087014	3.128e-07	-3.1284e-07	0.0093018	1.7179e-09	-0.009299	3.1268e-07	-3.1264e-07
0.46	-7.3582e-05	2.8717e-09	7.3658e-05	3.1312e-07	-3.131e-07	0.0012826	2.7188e-09	-0.0012836	3.1304e-07	-3.13e-07	0.002553	2.5886e-09	-0.0025532	3.1294e-07	-3.1276e-07	0.0037362	2.4601e-09	-0.0037362	3.1274e-07	-3.1278e-07	0.0048346	2.5262e-09	-0.0048366	3.1274e-07	-3.127e-07	0.0058408	2.4085e-09	-0.0058414	3.1294e-07	-3.129e-07	0.0067702	2.1225e-09	-0.006769	3.126e-07	-3.1262e-07	0.0076118	2.0299e-09	-0.0075938	3.128e-07	-3.1282e-07	0.0083728	1.9413e-09	-0.0083836	3.127e-07	-3.1262e-07	0.0090824	1.8666e-09	-0.0090814	3.1268e-07	-3.128e-07	0.0097148	1.7888e-09	-0.0097152	3.1268e-07	-3.1266e-07
0.465	-7.561e-05	3.2037e-09	7.59e-05	3.1318e-07	-3.1302e-07	0.0013198	2.854e-09	-0.0013216	3.1286e-07	-3.1282e-07	0.0026326	2.9072e-09	-0.0026338	3.1276e-07	-3.127e-07	0.0038556	2.7732e-09	-0.003855	3.1278e-07	-3.1286e-07	0.0050022	2.4999e-09	-0.0050006	3.128e-07	-3.1274e-07	0.0060532	2.5167e-09	-0.0060508	3.1286e-07	-3.1292e-07	0.0070202	2.2243e-09	-0.0070224	3.1258e-07	-3.126e-07	0.0078978	2.1225e-09	-0.0079068	3.127e-07	-3.1268e-07	0.0087234	2.0293e-09	-0.0087258	3.1292e-07	-3.1272e-07	0.0094602	1.9467e-09	-0.0094614	3.1288e-07	-3.128e-07	0.010131	1.8685e-09	-0.0101326	3.1286e-07	-3.1266e-07
0.47	-7.772e-05	3.3583e-09	7.776e-05	3.1294e-07	-3.1292e-07	0.001356	3.2016e-09	-0.0013592	3.1282e-07	-3.13e-07	0.002707	3.0411e-09	-0.0027084	3.1278e-07	-3.1298e-07	0.003977	2.8996e-09	-0.003976	3.1298e-07	-3.1288e-07	0.0051622	2.5684e-09	-0.0051588	3.1276e-07	-3.129e-07	0.006253	2.6361e-09	-0.0062536	3.1274e-07	-3.1284e-07	0.007268	2.328e-09	-0.0072696	3.1282e-07	-3.1262e-07	0.008201	2.223e-09	-0.0081976	3.1268e-07	-3.1284e-07	0.0090536	2.123e-09	-0.0090526	3.1292e-07	-3.129e-07	0.0098344	2.0347e-09	-0.009833	3.128e-07	-3.1278e-07	0.0105422	1.9507e-09	-0.0105398	3.1282e-07	-3.1262e-07
0.475	-7.9628e-05	3.2952e-09	7.9874e-05	3.13e-07	-3.1294e-07	0.0013934	3.1299e-09	-0.0013932	3.1298e-07	-3.128e-07	0.0027844	3.1886e-09	-0.0027854	3.1294e-07	-3.1292e-07	0.0040954	3.0389e-09	-0.0040924	3.1276e-07	-3.129e-07	0.005319	2.8891e-09	-0.0053214	3.127e-07	-3.1268e-07	0.006459	2.6303e-09	-0.0064574	3.1292e-07	-3.1264e-07	0.0075114	2.438e-09	-0.0075154	3.1272e-07	-3.1284e-07	0.0084896	2.329e-09	-0.0084886	3.1282e-07	-3.1278e-07	0.0093826	2.2257e-09	-0.0093844	3.1266e-07	-3.1278e-07	0.0102066	2.1323e-09	-0.010201	3.127e-07	-3.1262e-07	0.0109496	2.0461e-09	-0.0109444	3.1268e-07	-3.126e-07
0.48	-8.1488e-05	3.4501e-09	8.1574e-05	3.1314e-07	-3.129e-07	0.0014278	3.2730999999999998e-09	-0.0014278	3.1284e-07	-3.1286e-07	0.0028574	3.3393e-09	-0.002856	3.1298e-07	-3.1272e-07	0.0042034	3.1446e-09	-0.0042026	3.1292e-07	-3.1274e-07	0.005468	3.0239e-09	-0.0054662	3.1296e-07	-3.1292e-07	0.006653	2.8699e-09	-0.0066514	3.1282e-07	-3.1286e-07	0.0077504	2.5458e-09	-0.0077526	3.127e-07	-3.1276e-07	0.0087648	2.4337e-09	-0.0087682	3.1266e-07	-3.1262e-07	0.0097076	2.3239e-09	-0.009681	3.1292e-07	-3.129e-07	0.0105676	2.2323e-09	-0.0105446	3.1284e-07	-3.1286e-07	0.0113586	2.1392e-09	-0.0113512	3.1278e-07	-3.127e-07
0.485	-8.3242e-05	3.6012e-09	8.3428e-05	3.1302e-07	-3.131e-07	0.0014612	3.4267e-09	-0.001461	3.1302e-07	-3.1308e-07	0.0029254	3.4824e-09	-0.0029294	3.1282e-07	-3.129e-07	0.0043134	3.1007e-09	-0.004313	3.127e-07	-3.129e-07	0.005619	2.9485e-09	-0.0056218	3.1286e-07	-3.1286e-07	0.0068456	2.8014e-09	-0.0068472	3.1288e-07	-3.1284e-07	0.0079896	2.6642e-09	-0.0079868	3.1258e-07	-3.1276e-07	0.00905	2.5421e-09	-0.0090492	3.1284e-07	-3.1264e-07	0.0100278	2.4333e-09	-0.0100276	3.1286e-07	-3.1268e-07	0.0109302	2.3357e-09	-0.0109336	3.1286e-07	-3.1266e-07	0.011778	2.2337e-09	-0.011766	3.1282e-07	-3.1266e-07
0.49	-8.5178e-05	3.7708e-09	8.5184e-05	3.1316e-07	-3.129e-07	0.0014946	3.5871e-09	-0.001493	3.1296e-07	-3.1282e-07	0.002996	3.6447e-09	-0.0029932	3.1292e-07	-3.1296e-07	0.0044204	3.2448e-09	-0.0044204	3.1294e-07	-3.1262e-07	0.0057668	3.3092e-09	-0.0057716	3.1272e-07	-3.129e-07	0.0070322	2.9299e-09	-0.00703	3.1286e-07	-3.1264e-07	0.0082176	2.7881e-09	-0.008216	3.1268e-07	-3.128e-07	0.0093172	2.6553e-09	-0.0093206	3.129e-07	-3.1278e-07	0.0103432	2.5417e-09	-0.0103404	3.1272e-07	-3.129e-07	0.0112842	2.435e-09	-0.011283	3.1268e-07	-3.128e-07	0.012172	2.3306e-09	-0.012146	3.1286e-07	-3.1288e-07
0.495	-8.6854e-05	4.2093e-09	8.6478e-05	3.132e-07	-3.1316e-07	0.0015274	4.0121e-09	-0.0015258	3.129e-07	-3.129e-07	0.0030636	3.56e-09	-0.003061	3.1304e-07	-3.1296e-07	0.0045228	3.6355e-09	-0.0045246	3.128e-07	-3.1292e-07	0.0059122	3.4593e-09	-0.0059104	3.127e-07	-3.1274e-07	0.0072144	3.0776e-09	-0.0072154	3.1286e-07	-3.1266e-07	0.0084406	2.9203e-09	-0.008439	3.1288e-07	-3.1278e-07	0.0095846	2.7771e-09	-0.009585	3.1284e-07	-3.129e-07	0.0106514	2.6549e-09	-0.0106484	3.1286e-07	-3.1266e-07	0.01165	2.5475e-09	-0.01164	3.1268e-07	-3.1284e-07	0.01257	2.435e-09	-0.012558	3.1294e-07	-3.1274e-07
0.5	-8.865e-05	4.1298e-09	8.849e-05	3.1298e-07	-3.129e-07	0.0015534	3.9248e-09	-0.0015548	3.1292e-07	-3.1284e-07	0.0031268	3.7185e-09	-0.0031234	3.1284e-07	-3.1278e-07	0.0046264	3.5441e-09	-0.004622	3.1288e-07	-3.1284e-07	0.0060488	3.6167e-09	-0.0060458	3.1294e-07	-3.1294e-07	0.0073896	3.226e-09	-0.0073906	3.1266e-07	-3.1266e-07	0.0086584	3.0483e-09	-0.008648	3.1286e-07	-3.1278e-07	0.009843	2.9059e-09	-0.0098402	3.1268e-07	-3.1284e-07	0.0109496	2.7797e-09	-0.0109476	3.1268e-07	-3.1266e-07	0.01196	2.6522e-09	-0.01195	3.1266e-07	-3.1272e-07	0.012946	2.5384e-09	-0.012938	3.1288e-07	-3.1286e-07
0.505	-9.0712e-05	4.309e-09	9.074e-05	3.1312e-07	-3.1308e-07	0.0015858	4.106e-09	-0.001583	3.129e-07	-3.1284e-07	0.0031878	3.8973e-09	-0.0031886	3.128e-07	-3.1292e-07	0.0047202	3.9626e-09	-0.0047228	3.13e-07	-3.1294e-07	0.0061836	3.5164e-09	-0.0061826	3.128e-07	-3.1268e-07	0.007562	3.5652e-09	-0.007562	3.1264e-07	-3.1268e-07	0.0088704	3.1865e-09	-0.0088694	3.1264e-07	-3.1278e-07	0.0100968	3.0379e-09	-0.0100962	3.1288e-07	-3.129e-07	0.0112446	2.9058e-09	-0.0112438	3.128e-07	-3.1288e-07	0.012316	2.7764e-09	-0.012316	3.1272e-07	-3.1266e-07	0.013326	2.658e-09	-0.013318	3.1276e-07	-3.1264e-07
0.51	-9.1744e-05	4.6289e-09	9.1738e-05	3.1312e-07	-3.1292e-07	0.001614	4.2904e-09	-0.0016106	3.1304e-07	-3.128e-07	0.003247	4.0665e-09	-0.0032478	3.1282e-07	-3.128e-07	0.004814	4.0203e-09	-0.0048164	3.1276e-07	-3.1272e-07	0.0063106	3.7222e-09	-0.0063078	3.1268e-07	-3.1268e-07	0.0077278	3.5493e-09	-0.0077278	3.1262e-07	-3.1284e-07	0.0090744	3.3275e-09	-0.0090766	3.1266e-07	-3.1284e-07	0.0103422	3.176e-09	-0.0103392	3.1286e-07	-3.1262e-07	0.011546	3.0326e-09	-0.01154	3.1268e-07	-3.1288e-07	0.01266	2.9006e-09	-0.012646	3.1274e-07	-3.1288e-07	0.013696	2.7767e-09	-0.013682	3.127e-07	-3.128e-07
0.515	-9.325e-05	4.7128e-09	9.3232e-05	3.1294e-07	-3.1304e-07	0.0016382	4.4813e-09	-0.0016354	3.1306e-07	-3.13e-07	0.0033054	4.2466e-09	-0.0033084	3.1298e-07	-3.1294e-07	0.0049062	4.0574e-09	-0.0049052	3.1268e-07	-3.1268e-07	0.0064354	3.8494e-09	-0.0064398	3.1282e-07	-3.1274e-07	0.007891	3.769e-09	-0.007893	3.1288e-07	-3.129e-07	0.009276	3.4817e-09	-0.0092764	3.1286e-07	-3.1262e-07	0.0105822	3.3181e-09	-0.0105818	3.1288e-07	-3.1262e-07	0.011828	3.1692e-09	-0.011816	3.129e-07	-3.1286e-07	0.01298	3.0356e-09	-0.012966	3.1286e-07	-3.1264e-07	0.014056	2.8938e-09	-0.014042	3.1292e-07	-3.1272e-07
0.52	-9.4722e-05	4.9459e-09	9.4716e-05	3.131e-07	-3.1298e-07	0.0016674	4.6965e-09	-0.0016654	3.1286e-07	-3.1298e-07	0.0033624	4.6719e-09	-0.003362	3.127e-07	-3.1268e-07	0.0049928	4.2584e-09	-0.0049922	3.1292e-07	-3.1294e-07	0.0065596	4.0275e-09	-0.0065552	3.127e-07	-3.1266e-07	0.0080466	3.9002e-09	-0.0080476	3.1282e-07	-3.128e-07	0.0094688	3.633e-09	-0.0094692	3.129e-07	-3.128e-07	0.0108144	3.4632e-09	-0.0108118	3.1288e-07	-3.1284e-07	0.012094	3.3115e-09	-0.012088	3.1294e-07	-3.1266e-07	0.013292	3.166e-09	-0.01328	3.127e-07	-3.1266e-07	0.014406	3.0221e-09	-0.0144	3.127e-07	-3.1272e-07
0.525	-9.568800000000001e-05	5.153e-09	9.5882e-05	3.1294e-07	-3.131e-07	0.0016896	5.1863e-09	-0.0016916	3.1312e-07	-3.1288e-07	0.00342	4.6465e-09	-0.0034174	3.1294e-07	-3.1284e-07	0.0050782	4.4252e-09	-0.0050778	3.1274e-07	-3.1268e-07	0.0066772	4.2064e-09	-0.006671	3.1286e-07	-3.1268e-07	0.0081976	4.0211e-09	-0.0082016	3.1284e-07	-3.1282e-07	0.0096588	3.8014e-09	-0.0096584	3.1266e-07	-3.1258e-07	0.0110402	3.6248e-09	-0.0110408	3.128e-07	-3.1268e-07	0.012362	3.4532e-09	-0.012354	3.1288e-07	-3.129e-07	0.013598	3.302e-09	-0.013584	3.1276e-07	-3.1272e-07	0.014752	3.1524e-09	-0.014748	3.1264e-07	-3.1272e-07
0.53	-9.669e-05	5.379e-09	9.7052e-05	3.13e-07	-3.1314e-07	0.0017182	5.1101e-09	-0.0017204	3.1298e-07	-3.1308e-07	0.0034698	4.8511e-09	-0.0034714	3.1282e-07	-3.1298e-07	0.00516	4.62e-09	-0.0051576	3.1286e-07	-3.1298e-07	0.006791	4.6938e-09	-0.006788	3.1272e-07	-3.1266e-07	0.0083476	4.1992e-09	-0.0083456	3.1282e-07	-3.1282e-07	0.009838	3.9684e-09	-0.0098378	3.127e-07	-3.1266e-07	0.0112584	3.7791e-09	-0.0112588	3.1274e-07	-3.127e-07	0.012624	3.6095e-09	-0.012608	3.1288e-07	-3.1268e-07	0.01389	3.4454e-09	-0.01388	3.1268e-07	-3.1262e-07	0.015084	3.2932e-09	-0.015084	3.1278e-07	-3.1288e-07
0.535	-9.8526e-05	5.6084e-09	9.8746e-05	3.1298e-07	-3.131e-07	0.0017424	5.3545e-09	-0.0017404	3.129e-07	-3.1302e-07	0.003519	5.0621e-09	-0.0035176	3.1274e-07	-3.128e-07	0.00524	4.8774e-09	-0.0052384	3.1278e-07	-3.1298e-07	0.006897	4.5962e-09	-0.0068982	3.127e-07	-3.127e-07	0.0084858	4.6868e-09	-0.0084906	3.1282e-07	-3.1286e-07	0.0100168	4.1444e-09	-0.0100154	3.126e-07	-3.1278e-07	0.0114714	3.9504e-09	-0.0114728	3.1278e-07	-3.129e-07	0.01287	3.7724e-09	-0.012864	3.1276e-07	-3.1272e-07	0.014184	3.6027e-09	-0.014174	3.127e-07	-3.1274e-07	0.015402	3.4422e-09	-0.015384	3.1274e-07	-3.1268e-07
0.54	-9.9828e-05	5.8586e-09	9.9988e-05	3.1318e-07	-3.131e-07	0.001762	5.7675e-09	-0.0017626	3.1306e-07	-3.1306e-07	0.0035676	5.6249e-09	-0.0035678	3.1272e-07	-3.127e-07	0.0053122	5.1604e-09	-0.0053168	3.1288e-07	-3.1268e-07	0.0070026	5.1197e-09	-0.007006	3.127e-07	-3.1288e-07	0.0086254	4.5772e-09	-0.0086248	3.127e-07	-3.1282e-07	0.010187	4.33e-09	-0.010187	3.1272e-07	-3.1262e-07	0.01169	4.1247e-09	-0.011684	3.1286e-07	-3.1264e-07	0.01311	3.9393e-09	-0.013104	3.128e-07	-3.1268e-07	0.014458	3.7509e-09	-0.014454	3.129e-07	-3.1264e-07	0.015736	3.5852e-09	-0.015726	3.1288e-07	-3.1266e-07
0.545	-0.000101146	6.4775e-09	0.000101544	3.1298e-07	-3.129e-07	0.0017858	5.8199e-09	-0.0017834	3.1286e-07	-3.128e-07	0.0036172	5.8678e-09	-0.0036158	3.1276e-07	-3.129e-07	0.005392	5.2646e-09	-0.0053918	3.127e-07	-3.1292e-07	0.0071064	5.333e-09	-0.007109	3.1274e-07	-3.1278e-07	0.0087622	4.7758e-09	-0.0087614	3.1272e-07	-3.1262e-07	0.0103548	4.5155e-09	-0.010354	3.1294e-07	-3.1272e-07	0.011888	4.3053e-09	-0.011882	3.1286e-07	-3.1282e-07	0.013346	4.1128e-09	-0.01334	3.128e-07	-3.1272e-07	0.014734	3.9164e-09	-0.014724	3.1286e-07	-3.1274e-07	0.016042	3.7389e-09	-0.01604	3.1292e-07	-3.1272e-07
0.55	-0.000102636	6.3912e-09	0.00010277	3.1298e-07	-3.1296e-07	0.0018072	6.0716e-09	-0.001804	3.1306e-07	-3.1302e-07	0.0036596	5.7703e-09	-0.0036624	3.1298e-07	-3.129e-07	0.0054594	5.824e-09	-0.0054586	3.1274e-07	-3.1272e-07	0.0072044	5.2229e-09	-0.0072064	3.1292e-07	-3.1268e-07	0.0088894	5.2084e-09	-0.0088852	3.1262e-07	-3.1262e-07	0.0105134	4.7042e-09	-0.0105116	3.1262e-07	-3.126e-07	0.012086	4.4945e-09	-0.012078	3.127e-07	-3.129e-07	0.013574	4.2864e-09	-0.013568	3.1274e-07	-3.1268e-07	0.014998	4.0925e-09	-0.014986	3.1264e-07	-3.1266e-07	0.016344	3.9039e-09	-0.016336	3.1298e-07	-3.1272e-07
0.555	-0.000103832	6.6629e-09	0.000103818	3.1294e-07	-3.1316e-07	0.0018268	6.6959e-09	-0.0018284	3.131e-07	-3.1304e-07	0.0037054	6.3906e-09	-0.0037044	3.1282e-07	-3.1292e-07	0.0055322	5.8009e-09	-0.0055294	3.1274e-07	-3.1262e-07	0.0073032	5.4371e-09	-0.0073016	3.1292e-07	-3.1272e-07	0.0090102	5.5075e-09	-0.0090104	3.1286e-07	-3.1288e-07	0.0106664	4.9253e-09	-0.010667	3.1288e-07	-3.1284e-07	0.012272	4.6958e-09	-0.012264	3.1282e-07	-3.129e-07	0.013796	4.4661e-09	-0.01379	3.1274e-07	-3.129e-07	0.015248	4.2682e-09	-0.01524	3.1288e-07	-3.129e-07	0.016638	4.0741e-09	-0.016632	3.127e-07	-3.1266e-07
0.56	-0.000105186	7.0857e-09	0.000105274	3.1304e-07	-3.1294e-07	0.0018458	6.6135e-09	-0.0018452	3.1286e-07	-3.128e-07	0.0037476	6.2884e-09	-0.0037456	3.128e-07	-3.128e-07	0.0055972	5.9825e-09	-0.0055978	3.1274e-07	-3.1268e-07	0.0073932	5.7052e-09	-0.0073932	3.1298e-07	-3.1284e-07	0.0091326	5.4335e-09	-0.0091342	3.1282e-07	-3.129e-07	0.0108154	5.136e-09	-0.0108174	3.1266e-07	-3.1268e-07	0.012454	4.8974e-09	-0.01244	3.1274e-07	-3.1278e-07	0.014008	4.6631e-09	-0.013998	3.1286e-07	-3.1286e-07	0.0155	4.4461e-09	-0.015488	3.1264e-07	-3.1262e-07	0.016918	4.2455e-09	-0.016912	3.1298e-07	-3.1296e-07
0.565	-0.000105924	7.2574e-09	0.000105988	3.1312e-07	-3.132e-07	0.0018652	7.0004e-09	-0.001868	3.1304e-07	-3.1302e-07	0.0037878	6.5449e-09	-0.0037878	3.1284e-07	-3.1286e-07	0.005659	6.2466e-09	-0.0056612	3.1276e-07	-3.127e-07	0.0074834	5.9425e-09	-0.0074828	3.1284e-07	-3.1292e-07	0.009251	5.6674e-09	-0.0092502	3.1264e-07	-3.1286e-07	0.010962	5.3581e-09	-0.0109566	3.1284e-07	-3.1282e-07	0.012624	5.1086e-09	-0.012614	3.1274e-07	-3.127e-07	0.014218	4.8612e-09	-0.014206	3.1288e-07	-3.1272e-07	0.015738	4.654e-09	-0.015732	3.1272e-07	-3.1264e-07	0.017198	4.4272e-09	-0.017172	3.128e-07	-3.128e-07
0.57	-0.000106862	7.5652e-09	0.000106958	3.1294e-07	-3.1316e-07	0.001884	7.1884e-09	-0.0018836	3.1288e-07	-3.129e-07	0.0038266	6.8279e-09	-0.0038264	3.1292e-07	-3.1296e-07	0.0057218	6.5147e-09	-0.0057222	3.1296e-07	-3.1274e-07	0.00757	6.3222e-09	-0.007569	3.1276e-07	-3.1292e-07	0.0093594	5.9114e-09	-0.009359	3.1292e-07	-3.1288e-07	0.0110982	5.6027e-09	-0.0110958	3.1276e-07	-3.128e-07	0.012796	5.3321e-09	-0.012786	3.128e-07	-3.1274e-07	0.014412	5.0755e-09	-0.014404	3.1278e-07	-3.1276e-07	0.015972	4.8466e-09	-0.015962	3.127e-07	-3.1266e-07	0.017462	4.6193e-09	-0.017452	3.1292e-07	-3.1274e-07
0.575	-0.000107818	7.8846e-09	0.00010812	3.131e-07	-3.1306e-07	0.001901	7.5911e-09	-0.001901	3.1282e-07	-3.129e-07	0.0038628	7.1351e-09	-0.0038658	3.1294e-07	-3.1274e-07	0.0057786	6.8997e-09	-0.0057808	3.1294e-07	-3.1276e-07	0.0076536	6.46e-09	-0.0076502	3.1274e-07	-3.129e-07	0.0094732	6.1723e-09	-0.0094634	3.1282e-07	-3.1268e-07	0.0112352	5.8369e-09	-0.011233	3.1286e-07	-3.1292e-07	0.012962	5.5652e-09	-0.012952	3.1268e-07	-3.1268e-07	0.014606	5.2993e-09	-0.014598	3.1286e-07	-3.1286e-07	0.016194	5.0543e-09	-0.016192	3.1272e-07	-3.1284e-07	0.017718	4.8221e-09	-0.017714	3.1276e-07	-3.127e-07
0.58	-0.000108856	8.2533e-09	0.000108996	3.1288e-07	-3.129e-07	0.0019186	8.063e-09	-0.0019196	3.1298e-07	-3.1304e-07	0.0039002	7.4538e-09	-0.003901	3.1282e-07	-3.128e-07	0.0058372	7.0745e-09	-0.0058376	3.1272e-07	-3.1288e-07	0.0077328	6.7676e-09	-0.0077294	3.1294e-07	-3.129e-07	0.0095714	6.4408e-09	-0.0095708	3.1286e-07	-3.1278e-07	0.0113646	6.0827e-09	-0.0113666	3.1268e-07	-3.1268e-07	0.013114	5.8085e-09	-0.013108	3.1274e-07	-3.1292e-07	0.014794	5.5276e-09	-0.014786	3.13e-07	-3.1268e-07	0.016412	5.2759e-09	-0.016406	3.1266e-07	-3.1264e-07	0.017972	5.0246e-09	-0.017964	3.1288e-07	-3.127e-07
0.585	-0.00010903	8.987e-09	0.000108998	3.1316e-07	-3.131e-07	0.0019332	8.3726e-09	-0.0019344	3.13e-07	-3.1278e-07	0.0039358	7.7602e-09	-0.0039378	3.128e-07	-3.1286e-07	0.0058952	7.4032e-09	-0.0058952	3.1276e-07	-3.1272e-07	0.0078098	7.0327e-09	-0.0078096	3.1286e-07	-3.1268e-07	0.0096752	6.7014e-09	-0.0096726	3.1282e-07	-3.1272e-07	0.0114912	6.3372e-09	-0.0114886	3.1282e-07	-3.1266e-07	0.013266	6.0497e-09	-0.01326	3.1268e-07	-3.1284e-07	0.014976	5.7677e-09	-0.014964	3.1288e-07	-3.1262e-07	0.016624	5.5022e-09	-0.016614	3.129e-07	-3.1268e-07	0.01821	5.248e-09	-0.018202	3.1282e-07	-3.1274e-07
0.59	-0.000109876	9.002e-09	0.000109948	3.1302e-07	-3.1284e-07	0.0019498	8.524e-09	-0.001951	3.1286e-07	-3.1306e-07	0.0039732	8.085e-09	-0.003969	3.1304e-07	-3.1296e-07	0.0059492	7.6936e-09	-0.005946	3.1282e-07	-3.127e-07	0.007886	7.4526e-09	-0.007886	3.1294e-07	-3.129e-07	0.00977	7.0076e-09	-0.0097668	3.1272e-07	-3.1268e-07	0.011626	6.6042e-09	-0.011614	3.1286e-07	-3.1282e-07	0.013414	6.3082e-09	-0.013406	3.1274e-07	-3.1266e-07	0.015148	6.0081e-09	-0.015142	3.1272e-07	-3.128e-07	0.016824	5.736e-09	-0.016816	3.1266e-07	-3.1284e-07	0.018442	5.4662e-09	-0.018438	3.1282e-07	-3.1296e-07
0.595	-0.000110258	9.4825e-09	0.00011031	3.1308e-07	-3.1308e-07	0.0019654	8.894e-09	-0.0019634	3.1288e-07	-3.128e-07	0.0040028	8.4512e-09	-0.0040046	3.128e-07	-3.128e-07	0.0060004	8.0285e-09	-0.0059984	3.1274e-07	-3.1272e-07	0.0079572	7.6454e-09	-0.0079538	3.1274e-07	-3.1266e-07	0.0098636	7.3049e-09	-0.0098618	3.127e-07	-3.1266e-07	0.011742	6.9073e-09	-0.011736	3.1288e-07	-3.1284e-07	0.01356	6.5823e-09	-0.01355	3.1268e-07	-3.1286e-07	0.01532	6.2603e-09	-0.015306	3.1294e-07	-3.1286e-07	0.017018	5.9687e-09	-0.017016	3.127e-07	-3.1272e-07	0.018668	5.7017e-09	-0.018662	3.128e-07	-3.1274e-07
0.6	-0.000111094	9.7433e-09	0.00011105	3.1308e-07	-3.1286e-07	0.0019826	9.2477e-09	-0.00198	3.1288e-07	-3.1292e-07	0.0040328	8.8004e-09	-0.0040364	3.1286e-07	-3.1278e-07	0.0060538	8.3791e-09	-0.0060496	3.1294e-07	-3.129e-07	0.0080256	7.9797e-09	-0.0080204	3.1288e-07	-3.1288e-07	0.0099518	7.616e-09	-0.0099512	3.127e-07	-3.1264e-07	0.01186	7.1864e-09	-0.01185	3.1264e-07	-3.1268e-07	0.013688	6.8705e-09	-0.013684	3.129e-07	-3.1268e-07	0.015468	6.5319e-09	-0.01546	3.1288e-07	-3.127e-07	0.017208	6.2321e-09	-0.017202	3.1274e-07	-3.1292e-07	0.01889	5.9398e-09	-0.018882	3.1298e-07	-3.1274e-07
0.605	-0.00011193	1.02178e-08	0.000112114	3.1312e-07	-3.1294e-07	0.001995	9.7428e-09	-0.0019968	3.1294e-07	-3.1296e-07	0.0040664	9.2644e-09	-0.004065	3.127e-07	-3.1272e-07	0.0060952	8.7263e-09	-0.0060984	3.1274e-07	-3.1272e-07	0.00809	8.3162e-09	-0.0080944	3.127e-07	-3.1282e-07	0.0100394	7.9484e-09	-0.010041	3.1288e-07	-3.1286e-07	0.011966	7.5056e-09	-0.011962	3.129e-07	-3.1284e-07	0.013826	7.1677e-09	-0.013822	3.1282e-07	-3.1272e-07	0.015636	6.8072e-09	-0.015626	3.127e-07	-3.1264e-07	0.017396	6.4901e-09	-0.01739	3.127e-07	-3.1266e-07	0.019096	6.2024e-09	-0.019094	3.1302e-07	-3.128e-07
0.61	-0.000113248	1.05866e-08	0.000113424	3.1292e-07	-3.1304e-07	0.002008	1.0055e-08	-0.0020098	3.1308e-07	-3.131e-07	0.0040956	9.5712e-09	-0.0040946	3.1302e-07	-3.1296e-07	0.0061406	9.1924e-09	-0.0061462	3.1298e-07	-3.1268e-07	0.0081594	8.647e-09	-0.0081546	3.127e-07	-3.1268e-07	0.0101224	8.2589e-09	-0.0101236	3.1274e-07	-3.1268e-07	0.01207	7.8095e-09	-0.012058	3.1268e-07	-3.127e-07	0.013952	7.4708e-09	-0.013946	3.1272e-07	-3.1268e-07	0.015784	7.1101e-09	-0.015776	3.129e-07	-3.1268e-07	0.017562	6.7563e-09	-0.017556	3.1274e-07	-3.1284e-07	0.019302	6.4603e-09	-0.019292	3.1298e-07	-3.1296e-07
0.615	-0.000113882	1.12091e-08	0.00011368	3.1302e-07	-3.1296e-07	0.0020236	1.04864e-08	-0.002023	3.1304e-07	-3.1288e-07	0.004127	9.9616e-09	-0.0041222	3.1296e-07	-3.1278e-07	0.0061866	9.4927e-09	-0.0061886	3.1276e-07	-3.1296e-07	0.0082184	9.0338e-09	-0.008216	3.1282e-07	-3.1284e-07	0.0102038	8.9312e-09	-0.0102028	3.1282e-07	-3.1284e-07	0.012174	8.143e-09	-0.012168	3.1278e-07	-3.1288e-07	0.014078	7.7899e-09	-0.014068	3.127e-07	-3.1278e-07	0.015934	7.4011e-09	-0.015924	3.129e-07	-3.1286e-07	0.017744	7.0546e-09	-0.017736	3.127e-07	-3.1268e-07	0.019502	6.7161e-09	-0.019494	3.1304e-07	-3.128e-07
0.62	-0.000113752	1.16204e-08	0.000114384	3.1318e-07	-3.1312e-07	0.0020344	1.09552e-08	-0.002035	3.131e-07	-3.1286e-07	0.0041472	1.04058e-08	-0.0041496	3.1298e-07	-3.1298e-07	0.0062324	9.9208e-09	-0.00623	3.1282e-07	-3.128e-07	0.0082772	9.4501e-09	-0.0082764	3.1274e-07	-3.1292e-07	0.0102824	8.9995e-09	-0.0102824	3.1262e-07	-3.1262e-07	0.01227	8.4796e-09	-0.012264	3.126e-07	-3.1286e-07	0.014192	8.1101e-09	-0.014186	3.1282e-07	-3.1266e-07	0.016076	7.7051e-09	-0.016064	3.127e-07	-3.129e-07	0.017906	7.345e-09	-0.017894	3.1272e-07	-3.1268e-07	0.019686	7.0129e-09	-0.019682	3.1276e-07	-3.1274e-07
0.625	-0.000114452	1.19986e-08	0.000114438	3.1314e-07	-3.1294e-07	0.0020484	1.1473e-08	-0.0020454	3.1312e-07	-3.129e-07	0.0041764	1.08797e-08	-0.004178	3.128e-07	-3.1276e-07	0.006274	1.0328e-08	-0.0062722	3.1274e-07	-3.1262e-07	0.0083346	9.8044e-09	-0.0083364	3.1294e-07	-3.127e-07	0.0103588	9.3648e-09	-0.01036	3.1282e-07	-3.1288e-07	0.012366	8.8665e-09	-0.01236	3.127e-07	-3.1264e-07	0.01431	8.4503e-09	-0.014306	3.1272e-07	-3.129e-07	0.01621	8.0265e-09	-0.016204	3.1298e-07	-3.1272e-07	0.01807	7.6644e-09	-0.01806	3.1294e-07	-3.1288e-07	0.019874	7.295e-09	-0.019864	3.1278e-07	-3.1278e-07
0.63	-0.000114462	1.25058e-08	0.000114454	3.1288e-07	-3.1292e-07	0.0020586	1.1915799999999998e-08	-0.0020608	3.1302e-07	-3.1284e-07	0.0042028	1.13198e-08	-0.0041984	3.1288e-07	-3.1286e-07	0.0063168	1.07388e-08	-0.0063118	3.1288e-07	-3.1278e-07	0.0083934	1.02086e-08	-0.0083932	3.1294e-07	-3.1286e-07	0.0104322	9.7523e-09	-0.010434	3.1294e-07	-3.1272e-07	0.012458	9.2116e-09	-0.012452	3.1262e-07	-3.1262e-07	0.014422	8.8032e-09	-0.014414	3.128e-07	-3.1268e-07	0.016344	8.3626e-09	-0.016334	3.13e-07	-3.1294e-07	0.018224	7.9926e-09	-0.018216	3.127e-07	-3.1282e-07	0.020054	7.6017e-09	-0.020046	3.1296e-07	-3.128e-07
0.635	-0.000114722	1.30644e-08	0.000115004	3.1312e-07	-3.1308e-07	0.0020734	1.2488e-08	-0.0020696	3.1292e-07	-3.1294e-07	0.0042278	1.1812e-08	-0.0042256	3.1286e-07	-3.1284e-07	0.0063532	1.12074e-08	-0.0063496	3.128e-07	-3.127e-07	0.0084476	1.06479e-08	-0.0084462	3.1272e-07	-3.1272e-07	0.010501	1.01889e-08	-0.010503	3.1276e-07	-3.1266e-07	0.012544	9.6076e-09	-0.012538	3.1288e-07	-3.127e-07	0.014532	9.2008e-09	-0.01452	3.1286e-07	-3.128e-07	0.01647	8.7194e-09	-0.016464	3.1288e-07	-3.1292e-07	0.018368	8.329e-09	-0.018364	3.1274e-07	-3.1262e-07	0.020224	7.9451e-09	-0.020218	3.1294e-07	-3.129e-07
0.64	-0.000115016	1.3600799999999998e-08	0.000115006	3.1306e-07	-3.1302e-07	0.0020814	1.29606e-08	-0.0020786	3.1308e-07	-3.131e-07	0.0042526	1.2296799999999998e-08	-0.0042504	3.128e-07	-3.1272e-07	0.0063914	1.1716999999999998e-08	-0.0063892	3.127e-07	-3.1284e-07	0.0085012	1.11494e-08	-0.0085054	3.1286e-07	-3.1268e-07	0.0105744	1.06396e-08	-0.010567	3.129e-07	-3.1288e-07	0.012634	1.00358e-08	-0.012624	3.127e-07	-3.1282e-07	0.014636	9.5804e-09	-0.014626	3.1268e-07	-3.1266e-07	0.016592	9.0828e-09	-0.016586	3.1282e-07	-3.1272e-07	0.018518	8.6507e-09	-0.01851	3.1264e-07	-3.1286e-07	0.02039	8.2604e-09	-0.020382	3.1292e-07	-3.13e-07
0.645	-0.000115018	1.42028e-08	0.000115006	3.1298e-07	-3.1308e-07	0.0020932	1.34734e-08	-0.0020908	3.1286e-07	-3.1298e-07	0.0042776	1.2866e-08	-0.0042768	3.1298e-07	-3.129e-07	0.0064272	1.2237199999999998e-08	-0.0064276	3.1292e-07	-3.1286e-07	0.0085496	1.15976e-08	-0.0085502	3.1272e-07	-3.1264e-07	0.0106364	1.10399e-08	-0.0106394	3.1278e-07	-3.127e-07	0.012714	1.04561e-08	-0.012704	3.1292e-07	-3.1268e-07	0.014738	9.9712e-09	-0.01472	3.1276e-07	-3.1286e-07	0.016716	9.482e-09	-0.016706	3.1292e-07	-3.1292e-07	0.018656	9.0264e-09	-0.01865	3.128e-07	-3.1272e-07	0.020552	8.5958e-09	-0.020546	3.1276e-07	-3.1272e-07
0.65	-0.000115018	1.4909599999999997e-08	0.000115008	3.1312e-07	-3.1314e-07	0.0021042	1.4065e-08	-0.0021032	3.1284e-07	-3.13e-07	0.004296	1.3355e-08	-0.0042972	3.128e-07	-3.1278e-07	0.0064646	1.29378e-08	-0.0064614	3.1274e-07	-3.129e-07	0.0086002	1.22084e-08	-0.0086016	3.127e-07	-3.1264e-07	0.0107032	1.17106e-08	-0.0107016	3.1262e-07	-3.1284e-07	0.012796	1.08911e-08	-0.012788	3.1266e-07	-3.1262e-07	0.014832	1.03868e-08	-0.014826	3.1284e-07	-3.1266e-07	0.01683	9.884699999999999e-09	-0.01682	3.1276e-07	-3.1268e-07	0.018792	9.3963e-09	-0.01878	3.127e-07	-3.1274e-07	0.020708	8.9754e-09	-0.020702	3.1302e-07	-3.1296e-07
0.655	-0.00012218	1.54546e-08	0.0001192	3.1312e-07	-3.1292e-07	0.0021154	1.46668e-08	-0.0021136	3.1282e-07	-3.128e-07	0.0043184	1.39838e-08	-0.0043186	3.1274e-07	-3.1294e-07	0.0064968	1.3277199999999998e-08	-0.0064962	3.1276e-07	-3.1298e-07	0.0086454	1.2597999999999998e-08	-0.0086478	3.127e-07	-3.1266e-07	0.0107608	1.22228e-08	-0.0107612	3.1276e-07	-3.1266e-07	0.01287	1.13555e-08	-0.012866	3.1274e-07	-3.1264e-07	0.014928	1.08454e-08	-0.014918	3.129e-07	-3.128e-07	0.016936	1.02709e-08	-0.016932	3.1274e-07	-3.1278e-07	0.018922	9.8102e-09	-0.01891	3.1272e-07	-3.1268e-07	0.020854	9.3281e-09	-0.02085	3.1298e-07	-3.1286e-07
0.66	-0.00012092	1.6055799999999997e-08	0.00011878	3.1296e-07	-3.1296e-07	0.002122	1.5333399999999998e-08	-0.0021246	3.1276e-07	-3.1274e-07	0.00434	1.45152e-08	-0.0043382	3.1294e-07	-3.1294e-07	0.0065294	1.38026e-08	-0.0065276	3.1276e-07	-3.1272e-07	0.0086914	1.31286e-08	-0.0086918	3.1294e-07	-3.1292e-07	0.0108236	1.25338e-08	-0.010824	3.1294e-07	-3.1286e-07	0.012946	1.18526e-08	-0.012934	3.128e-07	-3.1278e-07	0.015018	1.1302e-08	-0.015012	3.1268e-07	-3.1268e-07	0.017052	1.07301e-08	-0.017042	3.1292e-07	-3.1298e-07	0.019054	1.01986e-08	-0.019042	3.127e-07	-3.1284e-07	0.021004	9.7224e-09	-0.020996	3.1304e-07	-3.1302e-07
0.665	-0.00012028	1.67266e-08	0.00012118	3.1316e-07	-3.1318e-07	0.002133	1.5924799999999998e-08	-0.0021316	3.1282e-07	-3.1304e-07	0.00436	1.5132199999999997e-08	-0.0043618	3.128e-07	-3.1272e-07	0.006564	1.44706e-08	-0.0065594	3.1292e-07	-3.129e-07	0.008738	1.36692e-08	-0.0087346	3.1276e-07	-3.1268e-07	0.0108804	1.3078799999999998e-08	-0.0108826	3.1266e-07	-3.1268e-07	0.01302	1.2325799999999998e-08	-0.013006	3.128e-07	-3.1286e-07	0.015098	1.1763e-08	-0.015098	3.1294e-07	-3.1272e-07	0.01715	1.11454e-08	-0.017144	3.1292e-07	-3.1284e-07	0.019168	1.06242e-08	-0.01916	3.1288e-07	-3.1292e-07	0.02114	1.01415e-08	-0.021136	3.1292e-07	-3.1298e-07
0.67	-0.0001209	1.7513e-08	0.00012106	3.1302e-07	-3.1298e-07	0.0021424	1.6606e-08	-0.0021416	3.128e-07	-3.1278e-07	0.0043804	1.58722e-08	-0.0043796	3.1274e-07	-3.1292e-07	0.0065956	1.50292e-08	-0.0065912	3.1276e-07	-3.1286e-07	0.0087814	1.4250999999999998e-08	-0.0087796	3.1276e-07	-3.1286e-07	0.0109368	1.37574e-08	-0.0109374	3.1272e-07	-3.127e-07	0.013086	1.2849799999999998e-08	-0.013078	3.1272e-07	-3.1264e-07	0.01519	1.2264399999999998e-08	-0.01518	3.1294e-07	-3.1288e-07	0.017252	1.16476e-08	-0.017248	3.1288e-07	-3.1276e-07	0.019282	1.10665e-08	-0.019272	3.128e-07	-3.128e-07	0.021282	1.05433e-08	-0.021276	3.13e-07	-3.1298e-07
0.675	-0.00012006	1.81762e-08	0.0001218	3.1298e-07	-3.1298e-07	0.0021504	1.73714e-08	-0.0021506	3.13e-07	-3.1304e-07	0.0043944	1.6547399999999998e-08	-0.004398	3.1278e-07	-3.1294e-07	0.0066222	1.57464e-08	-0.0066226	3.1276e-07	-3.1292e-07	0.0088224	1.48564e-08	-0.0088226	3.129e-07	-3.1284e-07	0.0109894	1.41562e-08	-0.0109914	3.127e-07	-3.1266e-07	0.013162	1.33872e-08	-0.013148	3.127e-07	-3.127e-07	0.01527	1.2775999999999998e-08	-0.015262	3.1296e-07	-3.1288e-07	0.01735	1.21364e-08	-0.01734	3.1292e-07	-3.1278e-07	0.019396	1.15568e-08	-0.019394	3.1276e-07	-3.129e-07	0.021416	1.09954e-08	-0.021402	3.1274e-07	-3.1272e-07
0.68	-0.00012198	1.90042e-08	0.00012596	3.1294e-07	-3.131e-07	0.002162	1.81042e-08	-0.0021584	3.1282e-07	-3.128e-07	0.0044164	1.7149799999999997e-08	-0.0044154	3.1278e-07	-3.1292e-07	0.0066528	1.62768e-08	-0.0066536	3.127e-07	-3.1272e-07	0.0088636	1.5485199999999997e-08	-0.0088636	3.1294e-07	-3.1286e-07	0.0110458	1.48298e-08	-0.0110458	3.1282e-07	-3.1266e-07	0.01322	1.39614e-08	-0.013216	3.1298e-07	-3.129e-07	0.015352	1.33198e-08	-0.015338	3.13e-07	-3.1284e-07	0.017444	1.2638e-08	-0.017434	3.1272e-07	-3.1288e-07	0.019514	1.2042399999999998e-08	-0.019508	3.1298e-07	-3.1274e-07	0.021542	1.1459e-08	-0.021536	3.1282e-07	-3.1294e-07
0.685	-0.00012224	1.98894e-08	0.00012368	3.1288e-07	-3.1298e-07	0.0021682	1.88098e-08	-0.0021696	3.1282e-07	-3.1298e-07	0.004437	1.78414e-08	-0.0044316	3.1298e-07	-3.1276e-07	0.0066808	1.7031e-08	-0.0066816	3.1276e-07	-3.1276e-07	0.0089018	1.62356e-08	-0.0088992	3.1282e-07	-3.1292e-07	0.0110976	1.54024e-08	-0.0110928	3.127e-07	-3.1268e-07	0.013292	1.4525799999999998e-08	-0.01328	3.1282e-07	-3.1286e-07	0.01543	1.3862199999999998e-08	-0.015418	3.1294e-07	-3.1298e-07	0.017536	1.3180399999999998e-08	-0.01753	3.1288e-07	-3.1292e-07	0.019614	1.25346e-08	-0.019612	3.1278e-07	-3.1276e-07	0.021662	1.19578e-08	-0.021656	3.128e-07	-3.1292e-07
0.69	-0.00012318	2.0611e-08	0.0001236	3.1308e-07	-3.131e-07	0.0021776	1.95924e-08	-0.002175	3.1284e-07	-3.1288e-07	0.0044524	1.86264e-08	-0.0044538	3.1276e-07	-3.128e-07	0.006712	1.7759999999999998e-08	-0.0067102	3.1276e-07	-3.129e-07	0.0089426	1.68866e-08	-0.0089374	3.1294e-07	-3.1274e-07	0.0111424	1.60382e-08	-0.011142	3.1288e-07	-3.128e-07	0.013352	1.51512e-08	-0.013342	3.1288e-07	-3.1264e-07	0.015504	1.4446e-08	-0.015492	3.13e-07	-3.1292e-07	0.017626	1.37348e-08	-0.01762	3.1268e-07	-3.129e-07	0.019724	1.3068399999999998e-08	-0.019714	3.1274e-07	-3.127e-07	0.021784	1.24526e-08	-0.021782	3.129e-07	-3.1282e-07
0.695	-0.00012308	2.15134e-08	0.0001233	3.131e-07	-3.1314e-07	0.002187	2.04236e-08	-0.0021846	3.1282e-07	-3.1302e-07	0.0044728	1.94158e-08	-0.0044686	3.1294e-07	-3.1276e-07	0.0067346	1.85466e-08	-0.0067312	3.1274e-07	-3.1276e-07	0.0089772	1.7511199999999998e-08	-0.0089736	3.1298e-07	-3.128e-07	0.0111894	1.6684999999999997e-08	-0.0111922	3.1286e-07	-3.1264e-07	0.013408	1.5773599999999998e-08	-0.013396	3.1286e-07	-3.1268e-07	0.015572	1.5061e-08	-0.015572	3.1274e-07	-3.1292e-07	0.017712	1.43146e-08	-0.017706	3.1274e-07	-3.1272e-07	0.019818	1.36148e-08	-0.019814	3.1294e-07	-3.1278e-07	0.0219	1.2977e-08	-0.02189	3.1276e-07	-3.1272e-07
0.7	-0.00012326	2.2454e-08	0.00012456	3.1294e-07	-3.131e-07	0.0021918	2.13164e-08	-0.0021932	3.1304e-07	-3.1282e-07	0.0044832	2.0274e-08	-0.0044876	3.1294e-07	-3.1284e-07	0.0067596	1.92234e-08	-0.0067586	3.127e-07	-3.1292e-07	0.0090116	1.82736e-08	-0.0090118	3.1298e-07	-3.1286e-07	0.0112406	1.7436599999999997e-08	-0.011239	3.128e-07	-3.127e-07	0.013458	1.6451999999999997e-08	-0.013454	3.1292e-07	-3.128e-07	0.015646	1.57024e-08	-0.015638	3.128e-07	-3.1268e-07	0.0178	1.49138e-08	-0.017788	3.127e-07	-3.1288e-07	0.01992	1.4177599999999998e-08	-0.019912	3.129e-07	-3.1266e-07	0.02201	1.3499599999999998e-08	-0.022012	3.1274e-07	-3.128e-07
0.705	-0.00012782	2.34538e-08	0.00012576	3.1312e-07	-3.1288e-07	0.0022034	2.22946e-08	-0.0021978	3.128e-07	-3.1292e-07	0.004496	2.11318e-08	-0.0045006	3.1276e-07	-3.1294e-07	0.0067858	2.00878e-08	-0.006783	3.1272e-07	-3.1294e-07	0.0090464	1.90158e-08	-0.0090442	3.1268e-07	-3.1274e-07	0.0112844	1.82522e-08	-0.0112836	3.129e-07	-3.1274e-07	0.01352	1.7131399999999998e-08	-0.013512	3.1274e-07	-3.1268e-07	0.015712	1.6340399999999998e-08	-0.015704	3.1274e-07	-3.1266e-07	0.017874	1.5526199999999997e-08	-0.017862	3.1276e-07	-3.1274e-07	0.020008	1.47696e-08	-0.020006	3.1274e-07	-3.1274e-07	0.02212	1.4065599999999998e-08	-0.02211	3.1274e-07	-3.1274e-07
0.71	-0.00012528	2.44542e-08	0.00012642	3.129e-07	-3.1306e-07	0.0022072	2.31468e-08	-0.0022078	3.1286e-07	-3.128e-07	0.0045172	2.20992e-08	-0.0045184	3.1274e-07	-3.128e-07	0.0068102	2.1041e-08	-0.006807	3.1292e-07	-3.1292e-07	0.00908	1.99678e-08	-0.0090774	3.128e-07	-3.127e-07	0.0113264	1.89164e-08	-0.0113258	3.1292e-07	-3.128e-07	0.01358	1.7867799999999997e-08	-0.01357	3.127e-07	-3.1292e-07	0.01578	1.7037599999999998e-08	-0.015772	3.1292e-07	-3.127e-07	0.017956	1.61918e-08	-0.01795	3.1274e-07	-3.1272e-07	0.020102	1.53964e-08	-0.020098	3.129e-07	-3.1296e-07	0.022224	1.4685999999999998e-08	-0.022214	3.1294e-07	-3.128e-07
0.715	-0.00012772	2.55278e-08	0.00012608	3.1318e-07	-3.1314e-07	0.0022158	2.42096e-08	-0.0022136	3.13e-07	-3.1306e-07	0.004535	2.30076e-08	-0.0045306	3.1272e-07	-3.1278e-07	0.0068296	2.17992e-08	-0.0068308	3.1298e-07	-3.1298e-07	0.0091096	2.07024e-08	-0.0091118	3.1268e-07	-3.1276e-07	0.0113694	1.97936e-08	-0.0113674	3.128e-07	-3.1278e-07	0.01363	1.86368e-08	-0.01362	3.1268e-07	-3.1268e-07	0.015838	1.7756999999999998e-08	-0.015834	3.1288e-07	-3.1288e-07	0.018028	1.6852599999999997e-08	-0.018018	3.1274e-07	-3.1292e-07	0.020188	1.60534e-08	-0.020186	3.1274e-07	-3.128e-07	0.022324	1.52736e-08	-0.022314	3.128e-07	-3.1278e-07
0.72	-0.00012504	2.66608e-08	0.00012798	3.1294e-07	-3.1296e-07	0.0022214	2.5318e-08	-0.0022196	3.1286e-07	-3.1304e-07	0.0045488	2.3949e-08	-0.0045464	3.1292e-07	-3.129e-07	0.006858	2.2782e-08	-0.0068538	3.13e-07	-3.1296e-07	0.0091462	2.15936e-08	-0.0091424	3.1268e-07	-3.1288e-07	0.0114126	2.05992e-08	-0.0114098	3.1286e-07	-3.129e-07	0.013676	1.94104e-08	-0.013674	3.1282e-07	-3.128e-07	0.015902	1.84954e-08	-0.015896	3.1294e-07	-3.1288e-07	0.0181	1.7561599999999997e-08	-0.018096	3.1292e-07	-3.1292e-07	0.020276	1.6725399999999998e-08	-0.020274	3.128e-07	-3.127e-07	0.02242	1.59324e-08	-0.022412	3.1286e-07	-3.1292e-07
0.725	-0.00012644	2.76748e-08	0.00012658	3.1294e-07	-3.1292e-07	0.0022294	2.6286e-08	-0.002225	3.1286e-07	-3.128e-07	0.00456	2.5024e-08	-0.0045582	3.1276e-07	-3.1294e-07	0.0068784	2.3685e-08	-0.0068776	3.1292e-07	-3.129e-07	0.0091762	2.25172e-08	-0.0091752	3.1268e-07	-3.1286e-07	0.0114496	2.14574e-08	-0.0114462	3.1264e-07	-3.1284e-07	0.013728	2.02238e-08	-0.013722	3.1264e-07	-3.1284e-07	0.01596	1.92836e-08	-0.015956	3.1294e-07	-3.129e-07	0.018172	1.8291e-08	-0.01816	3.1292e-07	-3.1292e-07	0.02036	1.7417399999999998e-08	-0.02035	3.1282e-07	-3.1296e-07	0.022514	1.65678e-08	-0.02251	3.1298e-07	-3.1272e-07
0.73	-0.00012512	2.8924e-08	0.00012732	3.13e-07	-3.1292e-07	0.0022332	2.75006e-08	-0.002236	3.1284e-07	-3.1298e-07	0.0045738	2.60768e-08	-0.0045726	3.1294e-07	-3.129e-07	0.0068984	2.48084e-08	-0.0068976	3.128e-07	-3.1278e-07	0.0092042	2.34828e-08	-0.0092036	3.1296e-07	-3.1292e-07	0.011487	2.23472e-08	-0.0114876	3.1284e-07	-3.1258e-07	0.013782	2.113e-08	-0.013768	3.1274e-07	-3.1262e-07	0.016016	2.01162e-08	-0.016016	3.1288e-07	-3.1272e-07	0.01824	1.90754e-08	-0.018236	3.129e-07	-3.1286e-07	0.02044	1.8152e-08	-0.020434	3.1292e-07	-3.1274e-07	0.022616	1.7263999999999998e-08	-0.022604	3.1274e-07	-3.1274e-07
0.735	-0.00013026	3.0238599999999995e-08	0.00012508	3.13e-07	-3.131e-07	0.0022458	2.872e-08	-0.0022404	3.1288e-07	-3.1284e-07	0.0045898	2.71338e-08	-0.0045884	3.1298e-07	-3.1276e-07	0.0069182	2.57842e-08	-0.0069182	3.1288e-07	-3.127e-07	0.0092366	2.44898e-08	-0.009234	3.128e-07	-3.1274e-07	0.0115004	2.35746e-08	-0.011536	3.1268e-07	-3.127e-07	0.013824	2.1986e-08	-0.013816	3.1268e-07	-3.1264e-07	0.016076	2.09426e-08	-0.016068	3.1288e-07	-3.1286e-07	0.01831	1.99028e-08	-0.018304	3.1292e-07	-3.1278e-07	0.02052	1.8911e-08	-0.020512	3.1274e-07	-3.127e-07	0.022704	1.79926e-08	-0.022694	3.1274e-07	-3.1272e-07
0.74	-0.0001299	3.15116e-08	0.00012764	3.1306e-07	-3.1296e-07	0.0022458	2.99158e-08	-0.0022472	3.131e-07	-3.1296e-07	0.0046024	2.83762e-08	-0.0046038	3.127e-07	-3.1274e-07	0.0069388	2.6962e-08	-0.00694	3.1286e-07	-3.1274e-07	0.0092604	2.57224e-08	-0.0092624	3.1286e-07	-3.1276e-07	0.01158	2.43538e-08	-0.011574	3.1266e-07	-3.1268e-07	0.013872	2.29506e-08	-0.013862	3.1274e-07	-3.1266e-07	0.01613	2.18412e-08	-0.016124	3.1268e-07	-3.1262e-07	0.018374	2.07296e-08	-0.018368	3.127e-07	-3.1292e-07	0.020596	1.97202e-08	-0.02059	3.128e-07	-3.1286e-07	0.022788	1.8769e-08	-0.02278	3.1298e-07	-3.1278e-07
0.745	-0.00012974	3.28528e-08	0.00012806	3.129e-07	-3.1312e-07	0.0022498	3.1264599999999994e-08	-0.0022552	3.1302e-07	-3.128e-07	0.0046146	2.9703e-08	-0.0046146	3.1292e-07	-3.1274e-07	0.0069602	2.80686e-08	-0.0069588	3.127e-07	-3.1296e-07	0.0092908	2.67108e-08	-0.009287	3.1274e-07	-3.1274e-07	0.011618	2.54276e-08	-0.01161	3.1272e-07	-3.1268e-07	0.013912	2.39074e-08	-0.013902	3.1268e-07	-3.127e-07	0.016184	2.27602e-08	-0.016176	3.1296e-07	-3.1268e-07	0.018434	2.15988e-08	-0.018428	3.1288e-07	-3.1286e-07	0.020668	2.05472e-08	-0.020656	3.127e-07	-3.128e-07	0.02287	1.95622e-08	-0.022866	3.1306e-07	-3.13e-07
0.75	-0.00012968	3.43016e-08	0.00012696	3.1314e-07	-3.1308e-07	0.0022574	3.25816e-08	-0.002258	3.1302e-07	-3.1308e-07	0.0046258	3.0971999999999994e-08	-0.004629	3.1276e-07	-3.127e-07	0.0069756	2.92832e-08	-0.0069778	3.1276e-07	-3.1268e-07	0.0093168	2.78184e-08	-0.0093184	3.127e-07	-3.129e-07	0.011648	2.65242e-08	-0.011644	3.128e-07	-3.1272e-07	0.013956	2.49306e-08	-0.013952	3.1268e-07	-3.128e-07	0.016236	2.3747e-08	-0.016226	3.1292e-07	-3.129e-07	0.018502	2.25152e-08	-0.018492	3.1298e-07	-3.129e-07	0.02074	2.14168e-08	-0.020728	3.1276e-07	-3.1282e-07	0.022956	2.03796e-08	-0.022948	3.1282e-07	-3.1276e-07
0.755	-0.00012878	3.58982e-08	0.00013008	3.1306e-07	-3.1298e-07	0.0022612	3.4134999999999994e-08	-0.0022646	3.1282e-07	-3.1276e-07	0.0046358	3.2292599999999995e-08	-0.0046358	3.1294e-07	-3.129e-07	0.0069992	3.0601799999999994e-08	-0.0069976	3.1294e-07	-3.1294e-07	0.0093422	2.9041e-08	-0.0093398	3.1276e-07	-3.1288e-07	0.011684	2.7611e-08	-0.011676	3.1286e-07	-3.129e-07	0.013992	2.60112e-08	-0.013984	3.1292e-07	-3.128e-07	0.016282	2.47724e-08	-0.016278	3.1276e-07	-3.1292e-07	0.018558	2.34796e-08	-0.01855	3.1286e-07	-3.1288e-07	0.02081	2.23254e-08	-0.020806	3.128e-07	-3.129e-07	0.023034	2.1259e-08	-0.023026	3.128e-07	-3.1286e-07
0.76	-0.0001263	3.7493e-08	0.00012842	3.1314e-07	-3.1316e-07	0.00227	3.5484599999999995e-08	-0.0022672	3.1286e-07	-3.1306e-07	0.0046496	3.37962e-08	-0.0046488	3.1296e-07	-3.1278e-07	0.0070142	3.19238e-08	-0.0070146	3.1292e-07	-3.129e-07	0.0093676	3.0234799999999995e-08	-0.0093668	3.1272e-07	-3.127e-07	0.01172	2.88734e-08	-0.0117	3.1284e-07	-3.1272e-07	0.014042	2.71306e-08	-0.014032	3.1286e-07	-3.1266e-07	0.016334	2.58162e-08	-0.016326	3.13e-07	-3.128e-07	0.018612	2.44906e-08	-0.018602	3.1278e-07	-3.1268e-07	0.020874	2.32798e-08	-0.02087	3.1294e-07	-3.1272e-07	0.023112	2.21354e-08	-0.02311	3.1296e-07	-3.1284e-07
0.765	-0.00012824	3.91884e-08	0.00013172	3.1292e-07	-3.1296e-07	0.002276	3.70266e-08	-0.0022752	3.1282e-07	-3.129e-07	0.0046568	3.5091399999999995e-08	-0.004662	3.1294e-07	-3.1272e-07	0.0070314	3.32254e-08	-0.0070292	3.1276e-07	-3.1278e-07	0.009389	3.1660399999999995e-08	-0.0093932	3.127e-07	-3.1268e-07	0.011748	3.00118e-08	-0.011736	3.1292e-07	-3.1266e-07	0.014076	2.83322e-08	-0.014066	3.1286e-07	-3.1284e-07	0.016382	2.69276e-08	-0.016376	3.1276e-07	-3.1268e-07	0.018676	2.5538e-08	-0.018658	3.1292e-07	-3.1274e-07	0.020942	2.42712e-08	-0.020936	3.1276e-07	-3.1272e-07	0.023188	2.31148e-08	-0.023184	3.13e-07	-3.1302e-07
0.77	-0.00012942	4.07822e-08	0.00012854	3.1302e-07	-3.131e-07	0.0022802	3.86706e-08	-0.00228	3.1302e-07	-3.128e-07	0.0046694	3.67196e-08	-0.0046734	3.1276e-07	-3.129e-07	0.0070498	3.4727199999999995e-08	-0.0070506	3.1296e-07	-3.1278e-07	0.0094172	3.28946e-08	-0.009414	3.127e-07	-3.1288e-07	0.01178	3.1296199999999995e-08	-0.011768	3.129e-07	-3.1282e-07	0.014116	2.95074e-08	-0.014102	3.1262e-07	-3.1264e-07	0.016426	2.80722e-08	-0.016422	3.1292e-07	-3.1278e-07	0.018724	2.66308e-08	-0.01872	3.1276e-07	-3.1272e-07	0.021	2.52936e-08	-0.020998	3.1276e-07	-3.1292e-07	0.023258	2.41088e-08	-0.023252	3.1278e-07	-3.1274e-07
0.775	-0.00012914	4.266219999999999e-08	0.00013252	3.1312e-07	-3.1314e-07	0.0022864	4.04552e-08	-0.0022862	3.1294e-07	-3.1278e-07	0.0046832	3.82834e-08	-0.0046834	3.1294e-07	-3.1272e-07	0.0070662	3.62094e-08	-0.0070668	3.13e-07	-3.128e-07	0.0094382	3.4498599999999995e-08	-0.0094364	3.1268e-07	-3.1286e-07	0.011808	3.2677599999999995e-08	-0.011796	3.1268e-07	-3.1284e-07	0.014154	3.0795399999999994e-08	-0.014142	3.1282e-07	-3.129e-07	0.016468	2.92938e-08	-0.016466	3.127e-07	-3.1268e-07	0.018784	2.77756e-08	-0.018772	3.1288e-07	-3.129e-07	0.021064	2.64048e-08	-0.02106	3.1286e-07	-3.129e-07	0.023328	2.51184e-08	-0.02333	3.1278e-07	-3.1292e-07
0.78	-0.0001344	4.446299999999999e-08	0.0001299	3.1312e-07	-3.1288e-07	0.0022894	4.22122e-08	-0.0022902	3.1292e-07	-3.1282e-07	0.0046946	3.9928e-08	-0.0046922	3.1274e-07	-3.129e-07	0.0070808	3.78082e-08	-0.007081	3.1296e-07	-3.1278e-07	0.0094608	3.58812e-08	-0.0094586	3.1292e-07	-3.1268e-07	0.011838	3.4071599999999994e-08	-0.01183	3.1272e-07	-3.1268e-07	0.01419	3.21344e-08	-0.014176	3.1284e-07	-3.128e-07	0.01652	3.0555799999999995e-08	-0.016508	3.1292e-07	-3.1274e-07	0.01883	2.89646e-08	-0.018822	3.1274e-07	-3.1292e-07	0.021122	2.7501e-08	-0.021122	3.128e-07	-3.1292e-07	0.0234	2.61988e-08	-0.023384	3.1274e-07	-3.1296e-07
0.785	-0.00013024	4.642179999999999e-08	0.00012932	3.1292e-07	-3.1304e-07	0.0022968	4.407799999999999e-08	-0.002295	3.128e-07	-3.1298e-07	0.004703	4.17442e-08	-0.0047042	3.1292e-07	-3.1286e-07	0.0070974	3.95946e-08	-0.0070992	3.1276e-07	-3.1276e-07	0.0094804	3.74848e-08	-0.0094804	3.1292e-07	-3.1286e-07	0.011868	3.5603799999999995e-08	-0.01186	3.1262e-07	-3.1282e-07	0.014226	3.35402e-08	-0.014218	3.1282e-07	-3.1286e-07	0.016558	3.1895599999999995e-08	-0.016546	3.1276e-07	-3.1272e-07	0.018876	3.0256e-08	-0.018868	3.1276e-07	-3.129e-07	0.021182	2.8711e-08	-0.02118	3.1266e-07	-3.1292e-07	0.023466	2.7348e-08	-0.02346	3.1276e-07	-3.1266e-07
0.79	-0.00012926	4.85996e-08	0.00012806	3.1316e-07	-3.129e-07	0.002298	4.60826e-08	-0.0022974	3.1306e-07	-3.1298e-07	0.004716	4.36068e-08	-0.0047078	3.1272e-07	-3.1272e-07	0.0071142	4.12564e-08	-0.007116	3.1286e-07	-3.1276e-07	0.009505	3.91374e-08	-0.0095046	3.1284e-07	-3.127e-07	0.011898	3.71474e-08	-0.011878	3.1272e-07	-3.1292e-07	0.01426	3.4986e-08	-0.014246	3.1264e-07	-3.126e-07	0.016596	3.32768e-08	-0.016592	3.1274e-07	-3.1266e-07	0.018924	3.15306e-08	-0.01892	3.1274e-07	-3.1268e-07	0.021244	2.99288e-08	-0.021228	3.1292e-07	-3.128e-07	0.023534	2.84814e-08	-0.02352	3.1286e-07	-3.1294e-07
0.795	-0.00013308	5.0698e-08	0.0001325	3.1294e-07	-3.1284e-07	0.0023064	4.81238e-08	-0.0023026	3.128e-07	-3.1292e-07	0.0047206	4.553319999999999e-08	-0.0047228	3.1272e-07	-3.1276e-07	0.0071286	4.31016e-08	-0.0071284	3.128e-07	-3.128e-07	0.0095194	4.08524e-08	-0.0095214	3.13e-07	-3.129e-07	0.01192	3.88464e-08	-0.011912	3.1288e-07	-3.1268e-07	0.01429	3.6529199999999993e-08	-0.014278	3.127e-07	-3.126e-07	0.016638	3.4735399999999995e-08	-0.016634	3.1264e-07	-3.1264e-07	0.018976	3.2925e-08	-0.018968	3.1272e-07	-3.1292e-07	0.021298	3.1244e-08	-0.021286	3.1276e-07	-3.128e-07	0.02359	2.97294e-08	-0.023588	3.1282e-07	-3.1274e-07
0.8	-0.00013172	5.31318e-08	0.00013382	3.1312e-07	-3.1296e-07	0.0023076	5.01614e-08	-0.0023074	3.13e-07	-3.1292e-07	0.0047322	4.7517e-08	-0.0047324	3.1286e-07	-3.1296e-07	0.0071464	4.508039999999999e-08	-0.0071412	3.1302e-07	-3.1296e-07	0.0095424	4.2699e-08	-0.0095438	3.13e-07	-3.1276e-07	0.01194	4.04708e-08	-0.011936	3.1286e-07	-3.1286e-07	0.014324	3.8138e-08	-0.014312	3.1264e-07	-3.1266e-07	0.01668	3.6264e-08	-0.01667	3.1286e-07	-3.1268e-07	0.01902	3.43424e-08	-0.019018	3.1288e-07	-3.128e-07	0.021344	3.25844e-08	-0.021346	3.129e-07	-3.1278e-07	0.023654	3.09968e-08	-0.023654	3.1286e-07	-3.1274e-07
0.805	-0.00013134	5.543839999999999e-08	0.0001341	3.1292e-07	-3.1296e-07	0.002312	5.2513e-08	-0.0023118	3.1304e-07	-3.128e-07	0.004738	4.97074e-08	-0.0047404	3.1292e-07	-3.127e-07	0.0071602	4.71142e-08	-0.0071564	3.1304e-07	-3.1298e-07	0.009563	4.458599999999999e-08	-0.009563	3.1298e-07	-3.1298e-07	0.01197	4.23044e-08	-0.011958	3.1268e-07	-3.1266e-07	0.014356	3.98122e-08	-0.014348	3.1264e-07	-3.1264e-07	0.01672	3.7842e-08	-0.016714	3.1298e-07	-3.1272e-07	0.01907	3.58556e-08	-0.019056	3.127e-07	-3.1272e-07	0.0214	3.405e-08	-0.021396	3.13e-07	-3.129e-07	0.02372	3.23788e-08	-0.023708	3.13e-07	-3.1298e-07
0.81	-0.000134	5.7936e-08	0.00013126	3.1312e-07	-3.1302e-07	0.0023156	5.499039999999999e-08	-0.0023164	3.1298e-07	-3.1296e-07	0.0047512	5.19564e-08	-0.0047468	3.128e-07	-3.1278e-07	0.0071722	4.91302e-08	-0.0071712	3.1288e-07	-3.1292e-07	0.0095832	4.65542e-08	-0.009581	3.1296e-07	-3.1292e-07	0.011998	4.4178e-08	-0.011984	3.1264e-07	-3.1274e-07	0.014382	4.15874e-08	-0.014374	3.1264e-07	-3.1268e-07	0.016752	3.9508e-08	-0.016748	3.1278e-07	-3.1268e-07	0.019106	3.74302e-08	-0.019102	3.1288e-07	-3.1268e-07	0.021452	3.5491199999999994e-08	-0.021444	3.1288e-07	-3.1266e-07	0.023778	3.37928e-08	-0.023768	3.13e-07	-3.1272e-07
0.815	-0.00013038	6.05698e-08	0.00013232	3.1316e-07	-3.1318e-07	0.0023202	5.745179999999999e-08	-0.002318	3.1288e-07	-3.1298e-07	0.004755	5.42996e-08	-0.0047602	3.1272e-07	-3.1284e-07	0.007188	5.13518e-08	-0.0071854	3.1274e-07	-3.1268e-07	0.0096022	4.863979999999999e-08	-0.0095954	3.1276e-07	-3.1284e-07	0.012016	4.61296e-08	-0.01201	3.1268e-07	-3.1262e-07	0.014412	4.34536e-08	-0.014404	3.127e-07	-3.1268e-07	0.016786	4.124e-08	-0.01678	3.1282e-07	-3.127e-07	0.019158	3.90824e-08	-0.019148	3.1272e-07	-3.1288e-07	0.021502	3.70936e-08	-0.021492	3.1298e-07	-3.1294e-07	0.023834	3.5260999999999994e-08	-0.023824	3.1276e-07	-3.1288e-07
0.82	-0.00013052	6.332719999999999e-08	0.00013216	3.1302e-07	-3.1292e-07	0.002323	5.995019999999999e-08	-0.002325	3.1302e-07	-3.1296e-07	0.0047698	5.6717e-08	-0.0047676	3.1278e-07	-3.1274e-07	0.0071984	5.36974e-08	-0.0071976	3.1292e-07	-3.1292e-07	0.0096182	5.077099999999999e-08	-0.009621	3.1294e-07	-3.1286e-07	0.01204	4.82366e-08	-0.012034	3.1274e-07	-3.1266e-07	0.014444	4.537e-08	-0.014434	3.1274e-07	-3.1264e-07	0.016826	4.30582e-08	-0.016818	3.1296e-07	-3.1272e-07	0.019194	4.07758e-08	-0.019186	3.1274e-07	-3.128e-07	0.021548	3.868819999999999e-08	-0.021544	3.127e-07	-3.129e-07	0.023886	3.67634e-08	-0.02388	3.128e-07	-3.128e-07
0.825	-0.0001318	6.62648e-08	0.00013262	3.13e-07	-3.1292e-07	0.0023272	6.282859999999999e-08	-0.0023282	3.13e-07	-3.1278e-07	0.0047742	5.936259999999999e-08	-0.0047772	3.128e-07	-3.1292e-07	0.0072122	5.60624e-08	-0.007209	3.127e-07	-3.1292e-07	0.0096374	5.30812e-08	-0.0096344	3.1304e-07	-3.1296e-07	0.012066	5.036019999999999e-08	-0.012052	3.1288e-07	-3.1284e-07	0.014474	4.74006e-08	-0.014462	3.1268e-07	-3.1268e-07	0.016858	4.49802e-08	-0.016846	3.1274e-07	-3.1274e-07	0.01923	4.26044e-08	-0.019228	3.129e-07	-3.1268e-07	0.021596	4.0407e-08	-0.021586	3.1292e-07	-3.1278e-07	0.023942	3.83884e-08	-0.023932	3.1276e-07	-3.1282e-07
0.83	-0.00013492	6.936019999999999e-08	0.00013194	3.13e-07	-3.129e-07	0.0023308	6.56552e-08	-0.002332	3.1286e-07	-3.1292e-07	0.0047826	6.20198e-08	-0.0047824	3.1272e-07	-3.1286e-07	0.0072266	5.86778e-08	-0.0072232	3.1292e-07	-3.129e-07	0.0096566	5.5431e-08	-0.0096518	3.1288e-07	-3.1286e-07	0.012088	5.26026e-08	-0.012078	3.1288e-07	-3.1286e-07	0.014494	4.95008e-08	-0.014492	3.129e-07	-3.1268e-07	0.016894	4.69824e-08	-0.016884	3.1286e-07	-3.129e-07	0.01927	4.44752e-08	-0.019266	3.1292e-07	-3.1292e-07	0.021644	4.21688e-08	-0.02163	3.1274e-07	-3.1266e-07	0.023998	4.00888e-08	-0.023986	3.13e-07	-3.128e-07
0.835	-0.00012934	7.25402e-08	0.00013432	3.1304e-07	-3.1298e-07	0.0023348	6.86814e-08	-0.0023334	3.128e-07	-3.1304e-07	0.004791	6.493639999999999e-08	-0.0047906	3.1276e-07	-3.1268e-07	0.0072372	6.130179999999999e-08	-0.0072322	3.1272e-07	-3.1272e-07	0.00967	5.80734e-08	-0.0096692	3.1266e-07	-3.1278e-07	0.012108	5.498719999999999e-08	-0.012102	3.1262e-07	-3.1266e-07	0.01453	5.172739999999999e-08	-0.014516	3.1266e-07	-3.1258e-07	0.016928	4.9102e-08	-0.016922	3.1274e-07	-3.1268e-07	0.019316	4.64796e-08	-0.0193	3.127e-07	-3.1268e-07	0.02169	4.4071e-08	-0.021676	3.129e-07	-3.128e-07	0.024044	4.18374e-08	-0.024042	3.1288e-07	-3.1298e-07
0.84	-0.00013288	7.586379999999999e-08	0.0001278	3.1312e-07	-3.131e-07	0.0023418	7.18818e-08	-0.0023376	3.1286e-07	-3.1304e-07	0.0047956	6.784219999999999e-08	-0.0047954	3.1276e-07	-3.1286e-07	0.007247	6.40696e-08	-0.007246	3.1284e-07	-3.1284e-07	0.0096844	6.064219999999999e-08	-0.0096858	3.1272e-07	-3.1274e-07	0.012134	5.75012e-08	-0.012122	3.1286e-07	-3.1284e-07	0.01455	5.40588e-08	-0.014546	3.1288e-07	-3.129e-07	0.016956	5.13122e-08	-0.016948	3.1288e-07	-3.1284e-07	0.019348	4.8542999999999993e-08	-0.01935	3.1274e-07	-3.129e-07	0.021732	4.5982e-08	-0.021722	3.1272e-07	-3.1268e-07	0.02409	4.37234e-08	-0.024088	3.1306e-07	-3.1298e-07
0.845	-0.00013308	7.943359999999999e-08	0.0001334	3.1314e-07	-3.131e-07	0.0023418	7.516439999999998e-08	-0.0023428	3.1282e-07	-3.1292e-07	0.0048036	7.098579999999999e-08	-0.004806	3.1272e-07	-3.1274e-07	0.0072578	6.71646e-08	-0.007259	3.127e-07	-3.1284e-07	0.009703	6.340419999999999e-08	-0.0097016	3.1294e-07	-3.1272e-07	0.01215	6.006379999999999e-08	-0.012142	3.1268e-07	-3.1286e-07	0.014582	5.65886e-08	-0.014578	3.1298e-07	-3.1286e-07	0.016984	5.360199999999999e-08	-0.016982	3.1288e-07	-3.128e-07	0.019384	5.0757e-08	-0.019382	3.1288e-07	-3.1276e-07	0.021774	4.80862e-08	-0.02176	3.128e-07	-3.1274e-07	0.02414	4.56822e-08	-0.024132	3.129e-07	-3.1302e-07
0.85	-0.00013102	8.3199e-08	0.00013142	3.1316e-07	-3.1316e-07	0.002345	7.8667e-08	-0.0023458	3.1302e-07	-3.1286e-07	0.0048122	7.4312e-08	-0.0048132	3.1292e-07	-3.1272e-07	0.007269	7.006579999999999e-08	-0.0072714	3.1286e-07	-3.127e-07	0.009719	6.62754e-08	-0.0097194	3.1298e-07	-3.129e-07	0.012172	6.27994e-08	-0.01216	3.1272e-07	-3.1262e-07	0.014596	5.916079999999999e-08	-0.014596	3.1276e-07	-3.127e-07	0.017016	5.60156e-08	-0.017012	3.1284e-07	-3.1286e-07	0.019422	5.2997e-08	-0.019412	3.1304e-07	-3.1296e-07	0.02181	5.01816e-08	-0.021812	3.1294e-07	-3.1288e-07	0.024192	4.769599999999999e-08	-0.024182	3.1284e-07	-3.1274e-07
0.855	-0.00013284	8.7079e-08	0.00012832	3.1312e-07	-3.1292e-07	0.002349	8.22216e-08	-0.0023462	3.131e-07	-3.1302e-07	0.0048196	7.77278e-08	-0.004824	3.128e-07	-3.1296e-07	0.0072848	7.33746e-08	-0.0072838	3.127e-07	-3.1284e-07	0.0097328	6.93542e-08	-0.009734	3.1282e-07	-3.127e-07	0.01219	6.568419999999999e-08	-0.012184	3.1266e-07	-3.1266e-07	0.014628	6.18918e-08	-0.014616	3.127e-07	-3.127e-07	0.01705	5.85818e-08	-0.01704	3.128e-07	-3.1276e-07	0.01945	5.542459999999999e-08	-0.019446	3.1298e-07	-3.1276e-07	0.021856	5.24606e-08	-0.021846	3.1276e-07	-3.1286e-07	0.024236	4.98526e-08	-0.02423	3.1304e-07	-3.128e-07
0.86	-0.00012996	9.12296e-08	0.00013018	3.1304e-07	-3.1288e-07	0.0023514	8.60652e-08	-0.0023514	3.1282e-07	-3.1278e-07	0.0048228	8.13448e-08	-0.0048266	3.1274e-07	-3.1274e-07	0.0072878	7.68786e-08	-0.00729	3.1288e-07	-3.1268e-07	0.0097472	7.24724e-08	-0.0097492	3.129e-07	-3.1268e-07	0.012212	6.87464e-08	-0.012204	3.127e-07	-3.1264e-07	0.01465	6.464979999999999e-08	-0.014638	3.1274e-07	-3.1284e-07	0.017072	6.12334e-08	-0.017068	3.1274e-07	-3.127e-07	0.019494	5.78918e-08	-0.019482	3.1276e-07	-3.128e-07	0.021894	5.48736e-08	-0.021886	3.127e-07	-3.1272e-07	0.02428	5.205499999999999e-08	-0.024272	3.128e-07	-3.128e-07
0.865	-0.00013276	9.55138e-08	0.00013584	3.1312e-07	-3.131e-07	0.002352	9.00478e-08	-0.0023548	3.1308e-07	-3.1296e-07	0.0048304	8.521939999999999e-08	-0.0048312	3.1296e-07	-3.127e-07	0.0073028	8.041799999999999e-08	-0.0073012	3.127e-07	-3.1274e-07	0.0097634	7.60028e-08	-0.0097618	3.1274e-07	-3.1266e-07	0.012232	7.18852e-08	-0.01222	3.127e-07	-3.1262e-07	0.014674	6.76052e-08	-0.014666	3.1264e-07	-3.128e-07	0.017102	6.402839999999999e-08	-0.017094	3.1298e-07	-3.1286e-07	0.01952	6.05642e-08	-0.019516	3.1296e-07	-3.129e-07	0.02193	5.73908e-08	-0.02193	3.1292e-07	-3.1282e-07	0.024324	5.44248e-08	-0.024322	3.1298e-07	-3.1302e-07
0.87	-0.00013386	9.99836e-08	0.00013304	3.13e-07	-3.1292e-07	0.0023566	9.4313e-08	-0.0023556	3.1282e-07	-3.1298e-07	0.0048356	8.901339999999999e-08	-0.0048392	3.1286e-07	-3.128e-07	0.0073114	8.419519999999999e-08	-0.0073142	3.1286e-07	-3.1266e-07	0.0097774	7.938179999999999e-08	-0.0097732	3.127e-07	-3.1284e-07	0.012248	7.51948e-08	-0.012242	3.1294e-07	-3.1276e-07	0.014694	7.07348e-08	-0.014688	3.1274e-07	-3.128e-07	0.017126	6.69484e-08	-0.017124	3.1286e-07	-3.1292e-07	0.01955	6.330339999999999e-08	-0.019544	3.1282e-07	-3.1274e-07	0.02197	5.99814e-08	-0.02196	3.127e-07	-3.1274e-07	0.02437	5.68688e-08	-0.02436	3.128e-07	-3.1284e-07
0.875	-0.0001298	1.0466999999999998e-07	0.00013218	3.13e-07	-3.1314e-07	0.0023618	9.87558e-08	-0.0023626	3.1304e-07	-3.128e-07	0.0048466	9.31846e-08	-0.0048486	3.128e-07	-3.129e-07	0.007319	8.801699999999999e-08	-0.0073214	3.1292e-07	-3.129e-07	0.0097878	8.306639999999998e-08	-0.0097892	3.1264e-07	-3.1276e-07	0.012264	7.861659999999999e-08	-0.012258	3.1278e-07	-3.1278e-07	0.014722	7.399959999999998e-08	-0.01471	3.1288e-07	-3.1284e-07	0.017156	6.998039999999999e-08	-0.017152	3.128e-07	-3.1278e-07	0.019588	6.6154e-08	-0.01958	3.129e-07	-3.129e-07	0.022004	6.26616e-08	-0.022002	3.127e-07	-3.1268e-07	0.024402	5.94012e-08	-0.024402	3.13e-07	-3.1282e-07
0.88	-0.0001329	1.097122e-07	0.00013298	3.1306e-07	-3.1316e-07	0.0023644	1.035414e-07	-0.0023654	3.13e-07	-3.1304e-07	0.0048512	9.764499999999999e-08	-0.0048516	3.1276e-07	-3.1284e-07	0.0073334	9.211519999999999e-08	-0.0073314	3.127e-07	-3.129e-07	0.0098004	8.69858e-08	-0.0098028	3.1264e-07	-3.1266e-07	0.012286	8.240739999999999e-08	-0.012274	3.128e-07	-3.129e-07	0.014744	7.747479999999999e-08	-0.014732	3.1264e-07	-3.127e-07	0.01718	7.32414e-08	-0.01718	3.1288e-07	-3.129e-07	0.019614	6.923439999999999e-08	-0.019604	3.1298e-07	-3.1286e-07	0.022038	6.552879999999999e-08	-0.022034	3.1288e-07	-3.1266e-07	0.024448	6.21346e-08	-0.024444	3.1276e-07	-3.1296e-07
0.885	-0.00013214	1.1485340000000001e-07	0.00013446	3.13e-07	-3.1302e-07	0.0023676	1.08434e-07	-0.0023666	3.1304e-07	-3.1296e-07	0.0048596	1.02134e-07	-0.0048598	3.1278e-07	-3.127e-07	0.0073462	9.65296e-08	-0.0073446	3.127e-07	-3.127e-07	0.0098202	9.106e-08	-0.0098166	3.1272e-07	-3.1268e-07	0.012302	8.61888e-08	-0.012294	3.127e-07	-3.1266e-07	0.014758	8.10776e-08	-0.014748	3.1288e-07	-3.1262e-07	0.017208	7.66374e-08	-0.017206	3.1292e-07	-3.1288e-07	0.019646	7.2386e-08	-0.019634	3.1276e-07	-3.1268e-07	0.022074	6.850619999999999e-08	-0.022068	3.1274e-07	-3.1268e-07	0.024482	6.49836e-08	-0.024482	3.1276e-07	-3.128e-07
0.89	-0.00013378	1.2032e-07	0.00013048	3.1302e-07	-3.132e-07	0.0023716	1.1355959999999998e-07	-0.0023696	3.1304e-07	-3.13e-07	0.0048626	1.07119e-07	-0.0048654	3.1274e-07	-3.1286e-07	0.007351	1.011232e-07	-0.0073486	3.1288e-07	-3.1278e-07	0.0098318	9.537879999999999e-08	-0.0098286	3.1274e-07	-3.1284e-07	0.012314	9.02498e-08	-0.012306	3.1268e-07	-3.1266e-07	0.014784	8.47612e-08	-0.014772	3.1288e-07	-3.1282e-07	0.01723	8.020579999999999e-08	-0.017224	3.1276e-07	-3.128e-07	0.01967	7.578899999999999e-08	-0.01966	3.1292e-07	-3.1268e-07	0.022106	7.163979999999999e-08	-0.022098	3.1276e-07	-3.1266e-07	0.024524	6.794719999999999e-08	-0.024518	3.128e-07	-3.1278e-07
0.895	-0.00013692	1.2614e-07	0.00013332	3.13e-07	-3.131e-07	0.0023716	1.1894e-07	-0.0023718	3.13e-07	-3.1302e-07	0.0048696	1.1230600000000001e-07	-0.0048704	3.1276e-07	-3.1298e-07	0.007362	1.0591860000000002e-07	-0.0073576	3.1288e-07	-3.1286e-07	0.0098442	9.984539999999999e-08	-0.0098432	3.1298e-07	-3.1286e-07	0.012336	9.4394e-08	-0.01232	3.1268e-07	-3.1272e-07	0.014798	8.869959999999999e-08	-0.014796	3.1282e-07	-3.128e-07	0.017254	8.388459999999999e-08	-0.017248	3.127e-07	-3.1284e-07	0.019698	7.922579999999999e-08	-0.019698	3.128e-07	-3.1294e-07	0.02214	7.49198e-08	-0.022132	3.1288e-07	-3.1286e-07	0.024568	7.103259999999999e-08	-0.024554	3.1294e-07	-3.129e-07
0.9	-0.00013302	1.322e-07	0.00013842	3.1292e-07	-3.1308e-07	0.0023744	1.2458e-07	-0.0023772	3.1284e-07	-3.1292e-07	0.0048764	1.1762e-07	-0.0048786	3.1284e-07	-3.1278e-07	0.00737	1.1093460000000001e-07	-0.0073694	3.127e-07	-3.127e-07	0.0098542	1.0460200000000001e-07	-0.0098564	3.128e-07	-3.1276e-07	0.012346	9.891259999999999e-08	-0.012336	3.1292e-07	-3.1284e-07	0.014818	9.294519999999999e-08	-0.01481	3.1268e-07	-3.1286e-07	0.017282	8.783179999999999e-08	-0.01727	3.1274e-07	-3.1272e-07	0.01973	8.29416e-08	-0.019722	3.1274e-07	-3.128e-07	0.022172	7.8402e-08	-0.022168	3.127e-07	-3.128e-07	0.024604	7.43302e-08	-0.024598	3.1282e-07	-3.129e-07
