I/V Sweep,id_vgs_P_2
RecordTime,03/11/2025 12:37:39
Device ID,
Count,1
Flag,
Remarks,
vg,vd,id,ig,is,iavdd,ignd
1.2,0.8,-1.2357E-09,4.6260000000000004E-10,-2.755E-11,3.2332E-07,-3.2257999999999997E-07
1.195,0.8,-1.2156E-09,4.2182000000000005E-10,-2.4990000000000002E-11,3.2336E-07,-3.2252E-07
1.19,0.8,-1.2281E-09,3.9012000000000004E-10,-2.338E-11,3.2336E-07,-3.2248E-07
1.185,0.8,-1.2409E-09,3.5238000000000003E-10,-2.354E-11,3.234E-07,-3.2243999999999997E-07
1.1800000000000002,0.8,-1.2143E-09,3.2478000000000004E-10,-2.3390000000000003E-11,3.235E-07,-3.2254E-07
1.175,0.8,-1.2071E-09,2.9875000000000003E-10,-2.0220000000000002E-11,3.2341999999999997E-07,-3.2248E-07
1.1700000000000002,0.8,-1.2299E-09,2.7384E-10,-1.9730000000000003E-11,3.2354E-07,-3.2252E-07
1.165,0.8,-1.2245E-09,2.5119000000000004E-10,-1.983E-11,3.2346E-07,-3.2246E-07
1.1600000000000001,0.8,-1.2018E-09,2.3177000000000002E-10,-1.861E-11,3.2348E-07,-3.2248E-07
1.155,0.8,-1.215E-09,2.1536000000000002E-10,-1.69E-11,3.2354E-07,-3.2246E-07
1.1500000000000001,0.8,-1.2269E-09,1.9493000000000002E-10,-1.633E-11,3.2344E-07,-3.2243999999999997E-07
1.145,0.8,-1.2047E-09,1.8356E-10,-1.653E-11,3.236E-07,-3.2257999999999997E-07
1.1400000000000001,0.8,-1.1986E-09,1.6781000000000001E-10,-1.453E-11,3.235E-07,-3.2246E-07
1.135,0.8,-1.2196E-09,1.5885E-10,-1.2580000000000002E-11,3.2354E-07,-3.2254E-07
1.1300000000000001,0.8,-1.2202E-09,1.4052000000000002E-10,-1.291E-11,3.236E-07,-3.2252E-07
1.125,0.8,-1.1882E-09,1.3864E-10,-1.2750000000000001E-11,3.235E-07,-3.2242E-07
1.12,0.8,-1.2019E-09,1.2094E-10,-1.0310000000000001E-11,3.2362E-07,-3.2246E-07
1.115,0.8,-1.2157E-09,1.1886000000000002E-10,-1.006E-11,3.236E-07,-3.2246E-07
1.11,0.8,-1.2043E-09,1.021E-10,-9.4100000000000013E-12,3.2354E-07,-3.2242E-07
1.105,0.8,-1.1821E-09,1.0462000000000001E-10,-8.24E-12,3.2354E-07,-3.224E-07
1.1,0.8,-1.2039E-09,8.966E-11,-6.0200000000000006E-12,3.2354E-07,-3.224E-07
1.095,0.8,-1.2083E-09,9.192E-11,-6.46E-12,3.2355999999999997E-07,-3.2234E-07
1.09,0.8,-1.1877E-09,7.6390000000000007E-11,-6.1E-12,3.235E-07,-3.2234E-07
1.085,0.8,-1.1852E-09,8.144E-11,-4.88E-12,3.2355999999999997E-07,-3.2236E-07
1.08,0.8,-1.2057E-09,6.526E-11,-3.86E-12,3.2354E-07,-3.224E-07
1.075,0.8,-1.1923E-09,7.1730000000000007E-11,-4.2400000000000005E-12,3.2344E-07,-3.224E-07
1.07,0.8,-1.1761E-09,5.9900000000000008E-11,-2.4000000000000003E-12,3.2355999999999997E-07,-3.2232E-07
1.065,0.8,-1.1867E-09,6.664E-11,-2.14E-12,3.2355999999999997E-07,-3.2238E-07
1.06,0.8,-1.2057E-09,5.1980000000000004E-11,-1.4700000000000002E-12,3.2362E-07,-3.2238E-07
1.0550000000000002,0.8,-1.1839E-09,5.8170000000000004E-11,-1.08E-12,3.2352E-07,-3.2238E-07
1.05,0.8,-1.1805E-09,4.6310000000000006E-11,2.3000000000000003E-13,3.2355999999999997E-07,-3.2236E-07
1.0450000000000002,0.8,-1.2018E-09,4.9810000000000007E-11,2.1000000000000003E-12,3.2355999999999997E-07,-3.2243999999999997E-07
1.04,0.8,-1.1987E-09,3.8300000000000006E-11,1.2800000000000002E-12,3.2355999999999997E-07,-3.224E-07
1.0350000000000001,0.8,-1.1766E-09,4.49E-11,1.8100000000000002E-12,3.236E-07,-3.2242E-07
1.03,0.8,-1.1881E-09,3.6870000000000004E-11,4.6100000000000008E-12,3.2354E-07,-3.2242E-07
1.0250000000000001,0.8,-1.2015E-09,4.0550000000000005E-11,4.6000000000000006E-12,3.2354E-07,-3.224E-07
1.02,0.8,-1.1852E-09,3.315E-11,6.7E-12,3.235E-07,-3.2243999999999997E-07
1.0150000000000001,0.8,-1.1725E-09,3.696E-11,8.1900000000000013E-12,3.2355999999999997E-07,-3.2229999999999997E-07
1.01,0.8,-1.1945E-09,3.0830000000000005E-11,1.137E-11,3.2366E-07,-3.2243999999999997E-07
1.0050000000000001,0.8,-1.1991E-09,3.15E-11,1.0910000000000001E-11,3.2355999999999997E-07,-3.2243999999999997E-07
1,0.8,-1.1784E-09,2.6990000000000002E-11,1.291E-11,3.2348E-07,-3.2236E-07
0.995,0.8,-1.1802E-09,2.782E-11,1.642E-11,3.2344E-07,-3.2232E-07
0.9900000000000001,0.8,-1.2038E-09,2.5100000000000003E-11,1.941E-11,3.2352E-07,-3.2226E-07
0.9850000000000001,0.8,-1.1933E-09,2.3930000000000002E-11,2.169E-11,3.2346E-07,-3.2234E-07
0.98000000000000009,0.8,-1.1841E-09,2.493E-11,2.5520000000000003E-11,3.2355999999999997E-07,-3.2229999999999997E-07
0.97500000000000009,0.8,-1.2035E-09,2.3860000000000002E-11,3.031E-11,3.2355999999999997E-07,-3.2232E-07
0.97000000000000008,0.8,-1.2146E-09,2.3880000000000002E-11,3.362E-11,3.2354E-07,-3.2228E-07
0.96500000000000008,0.8,-1.2022E-09,1.9130000000000003E-11,3.918E-11,3.2348E-07,-3.2224E-07
0.96000000000000008,0.8,-1.2078E-09,2.338E-11,4.6260000000000004E-11,3.2355999999999997E-07,-3.2229999999999997E-07
0.95500000000000007,0.8,-1.2385E-09,1.491E-11,5.434E-11,3.2348E-07,-3.2228E-07
0.95000000000000007,0.8,-1.2374E-09,1.85E-11,6.167E-11,3.2344E-07,-3.2224E-07
0.94500000000000006,0.8,-1.2328E-09,1.31E-11,7.244000000000001E-11,3.2344E-07,-3.2228E-07
0.94000000000000006,0.8,-1.2526E-09,1.987E-11,8.5840000000000011E-11,3.2348E-07,-3.2234E-07
0.935,0.8,-1.2811E-09,1.1030000000000001E-11,1.0019E-10,3.2346E-07,-3.2234E-07
0.93,0.8,-1.2739E-09,1.8270000000000002E-11,1.1538E-10,3.2352E-07,-3.2234E-07
0.925,0.8,-1.2872E-09,1.1520000000000001E-11,1.3747000000000002E-10,3.235E-07,-3.2232E-07
0.92,0.8,-1.3287E-09,1.61E-11,1.5921E-10,3.2348E-07,-3.2229999999999997E-07
0.915,0.8,-1.3579E-09,8.2900000000000012E-12,1.856E-10,3.2352E-07,-3.2229999999999997E-07
0.91,0.8,-1.365E-09,1.5780000000000003E-11,2.1758E-10,3.2344E-07,-3.2236E-07
0.905,0.8,-1.4109E-09,9.3200000000000015E-12,2.5625E-10,3.235E-07,-3.2236E-07
0.9,0.8,-1.4733E-09,1.3670000000000001E-11,3.0033000000000004E-10,3.235E-07,-3.2229999999999997E-07
0.895,0.8,-1.5121E-09,7.2500000000000008E-12,3.4935000000000004E-10,3.2344E-07,-3.2228E-07
0.89,0.8,-1.5535E-09,1.2480000000000002E-11,4.1207000000000006E-10,3.2348E-07,-3.2228E-07
0.885,0.8,-1.6489E-09,8.03E-12,4.8307000000000007E-10,3.2348E-07,-3.2224E-07
0.88,0.8,-1.7396E-09,8.32E-12,5.6580000000000005E-10,3.2348E-07,-3.2229999999999997E-07
0.875,0.8,-1.8149E-09,7.6600000000000009E-12,6.6385E-10,3.2355999999999997E-07,-3.2234E-07
0.87,0.8,-1.9354E-09,7.9800000000000011E-12,7.8116E-10,3.2348E-07,-3.2224E-07
0.865,0.8,-2.088E-09,8.03E-12,9.1416000000000008E-10,3.2352E-07,-3.2224E-07
0.86,0.8,-2.2396E-09,4.01E-12,1.07391E-09,3.2354E-07,-3.2232E-07
0.85500000000000009,0.8,-2.4087E-09,8.63E-12,1.2607E-09,3.2348E-07,-3.2234E-07
0.85000000000000009,0.8,-2.6262E-09,4.5000000000000006E-12,1.4827E-09,3.2348E-07,-3.2229999999999997E-07
0.84500000000000008,0.8,-2.8946E-09,3.3600000000000002E-12,1.7442E-09,3.235E-07,-3.2224E-07
0.84000000000000008,0.8,-3.2166E-09,3.1600000000000003E-12,2.0467E-09,3.2341999999999997E-07,-3.2228E-07
0.83500000000000008,0.8,-3.5581E-09,3.0000000000000003E-13,2.402E-09,3.2341999999999997E-07,-3.2228E-07
0.83000000000000007,0.8,-3.9634E-09,5.7100000000000005E-12,2.8272E-09,3.235E-07,-3.2229999999999997E-07
0.82500000000000007,0.8,-4.4733E-09,7.6000000000000009E-13,3.317E-09,3.2355999999999997E-07,-3.2236E-07
0.82000000000000006,0.8,-5.0699E-09,3.63E-12,3.901E-09,3.235E-07,-3.2234E-07
0.81500000000000006,0.8,-5.7343E-09,-3.15E-12,4.578E-09,3.235E-07,-3.2228E-07
0.81,0.8,-6.5338E-09,4.03E-12,5.394E-09,3.2352E-07,-3.2229999999999997E-07
0.805,0.8,-7.488E-09,-6.56E-12,6.3324E-09,3.2344E-07,-3.2234E-07
0.8,0.8,-8.5885E-09,-1.5000000000000002E-13,7.4304E-09,3.2352E-07,-3.2234E-07
0.795,0.8,-9.8848E-09,-8.2700000000000009E-12,8.7397E-09,3.235E-07,-3.2228E-07
0.79,0.8,-1.14006E-08,-3.3E-13,1.02666E-08,3.2348E-07,-3.2236E-07
0.785,0.8,-1.3272799999999998E-08,-8E-12,1.2117999999999998E-08,3.2355999999999997E-07,-3.224E-07
0.78,0.8,-1.5359399999999997E-08,-9.65E-12,1.4227599999999998E-08,3.236E-07,-3.2236E-07
0.775,0.8,-1.7877399999999997E-08,-4.26E-12,1.6758799999999997E-08,3.2346E-07,-3.2228E-07
0.77,0.8,-2.0805999999999998E-08,-1.311E-11,1.9678399999999998E-08,3.2354E-07,-3.2234E-07
0.765,0.8,-2.42902E-08,-1.1740000000000001E-11,2.3163599999999996E-08,3.2355999999999997E-07,-3.2238E-07
0.76,0.8,-2.8334599999999997E-08,-9.8200000000000014E-12,2.72522E-08,3.2348E-07,-3.2228E-07
0.755,0.8,-3.31946E-08,-1.8840000000000003E-11,3.2058599999999994E-08,3.2344E-07,-3.2222E-07
0.75,0.8,-3.8842E-08,-1.2730000000000001E-11,3.7662199999999994E-08,3.2344E-07,-3.2229999999999997E-07
0.745,0.8,-4.54534E-08,-2.141E-11,4.4369199999999996E-08,3.2344E-07,-3.2224E-07
0.74,0.8,-5.32768E-08,-2.1840000000000002E-11,5.2149599999999992E-08,3.2354E-07,-3.2229999999999997E-07
0.735,0.8,-6.2514E-08,-2.192E-11,6.135219999999999E-08,3.2354E-07,-3.2229999999999997E-07
0.73,0.8,-7.32206E-08,-3.248E-11,7.2190999999999988E-08,3.2352E-07,-3.2232E-07
0.72500000000000009,0.8,-8.614759999999999E-08,-2.4830000000000003E-11,8.4965399999999989E-08,3.2354E-07,-3.2236E-07
0.72000000000000008,0.8,-1.0100219999999999E-07,-3.6650000000000004E-11,9.9769599999999991E-08,3.236E-07,-3.2238E-07
0.71500000000000008,0.8,-1.1882E-07,-3.333E-11,1.1772E-07,3.235E-07,-3.2228E-07
0.71000000000000008,0.8,-1.3906E-07,-4.0950000000000005E-11,1.3826E-07,3.235E-07,-3.2229999999999997E-07
0.70500000000000007,0.8,-1.6402E-07,-3.8590000000000006E-11,1.6292E-07,3.2341999999999997E-07,-3.2234E-07
0.70000000000000007,0.8,-1.9263999999999998E-07,-4.968E-11,1.9144E-07,3.2338E-07,-3.2229999999999997E-07
0.69500000000000006,0.8,-2.263E-07,-4.7370000000000007E-11,2.2526E-07,3.2344E-07,-3.2222E-07
0.69000000000000006,0.8,-2.6648E-07,-5.851E-11,2.652E-07,3.235E-07,-3.2229999999999997E-07
0.685,0.8,-3.1263999999999997E-07,-5.6720000000000006E-11,3.1186E-07,3.2346E-07,-3.2224E-07
0.68,0.8,-3.6854E-07,-6.598E-11,3.6724E-07,3.2354E-07,-3.2226E-07
0.675,0.8,-4.3289999999999997E-07,-6.799E-11,4.3158E-07,3.2346E-07,-3.2234E-07
0.67,0.8,-5.0932E-07,-7.6380000000000012E-11,5.0882E-07,3.2348E-07,-3.2229999999999997E-07
0.665,0.8,-5.991E-07,-7.775E-11,5.9998E-07,3.2338E-07,-3.2224E-07
0.66,0.8,-7.0603999999999994E-07,-8.806E-11,7.0468E-07,3.235E-07,-3.2228E-07
0.655,0.8,-8.272E-07,-8.9900000000000008E-11,8.281E-07,3.234E-07,-3.2222E-07
0.65,0.8,-9.7698E-07,-1.0049000000000001E-10,9.7622E-07,3.2341999999999997E-07,-3.2222E-07
0.645,0.8,-1.14852E-06,-1.0291000000000001E-10,1.14652E-06,3.2348E-07,-3.2228E-07
0.64,0.8,-1.3462000000000001E-06,-1.1283000000000001E-10,1.3477E-06,3.235E-07,-3.2234E-07
0.635,0.8,-1.5878E-06,-1.1635E-10,1.5845000000000003E-06,3.2348E-07,-3.2228E-07
0.63,0.8,-1.8647000000000001E-06,-1.2423000000000002E-10,1.8674000000000001E-06,3.2348E-07,-3.2229999999999997E-07
0.625,0.8,-2.1889000000000003E-06,-1.3268E-10,2.1912000000000003E-06,3.2344E-07,-3.2224E-07
0.62,0.8,-2.5789000000000004E-06,-1.3946E-10,2.5787000000000004E-06,3.2346E-07,-3.2226E-07
0.615,0.8,-3.0368000000000003E-06,-1.4976E-10,3.0370000000000003E-06,3.2344E-07,-3.2228E-07
0.61,0.8,-3.5776000000000003E-06,-1.5592000000000002E-10,3.5763000000000004E-06,3.2348E-07,-3.2229999999999997E-07
0.605,0.8,-4.2024000000000006E-06,-1.645E-10,4.2027000000000004E-06,3.2352E-07,-3.2236E-07
0.6,0.8,-4.9453000000000007E-06,-1.7282E-10,4.9483000000000005E-06,3.2354E-07,-3.224E-07
0.595,0.8,-5.8055000000000006E-06,-1.8341000000000002E-10,5.8058E-06,3.235E-07,-3.2232E-07
0.59000000000000008,0.8,-6.8345E-06,-1.9035000000000002E-10,6.8199000000000006E-06,3.235E-07,-3.2234E-07
0.58500000000000008,0.8,-8.0187E-06,-2.0356000000000002E-10,8.0179000000000016E-06,3.235E-07,-3.2229999999999997E-07
0.58000000000000007,0.8,-9.4270000000000014E-06,-2.0878000000000003E-10,9.4309000000000015E-06,3.2348E-07,-3.2224E-07
0.57500000000000007,0.8,-1.10484E-05,-2.2157000000000002E-10,1.1048900000000002E-05,3.2354E-07,-3.2226E-07
0.57000000000000006,0.8,-1.2990000000000001E-05,-2.3269000000000003E-10,1.2988E-05,3.235E-07,-3.2236E-07
0.56500000000000006,0.8,-1.522E-05,-2.4227000000000003E-10,1.5196E-05,3.2354E-07,-3.2228E-07
0.56,0.8,-1.7834E-05,-2.5099000000000003E-10,1.7828E-05,3.2354E-07,-3.2242E-07
0.555,0.8,-2.0862E-05,-2.6332000000000003E-10,2.0874E-05,3.2348E-07,-3.2229999999999997E-07
0.55,0.8,-2.443E-05,-2.7441000000000004E-10,2.443E-05,3.2344E-07,-3.2236E-07
0.545,0.8,-2.8476E-05,-2.8514E-10,2.8528000000000002E-05,3.2354E-07,-3.2228E-07
0.54,0.8,-3.3366E-05,-2.9574E-10,3.3346E-05,3.2344E-07,-3.2222E-07
0.535,0.8,-3.8828E-05,-3.0636E-10,3.8826000000000004E-05,3.2338E-07,-3.2224E-07
0.53,0.8,-4.5266E-05,-3.211E-10,4.5218E-05,3.2346E-07,-3.2224E-07
0.525,0.8,-5.258E-05,-3.3064E-10,5.2644E-05,3.235E-07,-3.2224E-07
0.52,0.8,-6.1064E-05,-3.4793E-10,6.1072E-05,3.2338E-07,-3.2228E-07
0.515,0.8,-7.071E-05,-3.5386E-10,7.0648E-05,3.2334E-07,-3.2222E-07
0.51,0.8,-8.1786E-05,-3.7414E-10,8.1762000000000008E-05,3.2344E-07,-3.2226E-07
0.505,0.8,-9.4304E-05,-3.729E-10,9.4262E-05,3.235E-07,-3.2228E-07
0.5,0.8,-0.00010864,-3.9424000000000003E-10,0.000108598,3.2346E-07,-3.2228E-07
0.49500000000000005,0.8,-0.00012436,-4.0727000000000003E-10,0.0001247,3.2338E-07,-3.2222E-07
0.49000000000000005,0.8,-0.00014266000000000002,-4.1262E-10,0.00014308000000000002,3.2338E-07,-3.2224E-07
0.48500000000000004,0.8,-0.00016288,-4.3615000000000004E-10,0.00016308000000000002,3.2348E-07,-3.2222E-07
0.48000000000000004,0.8,-0.00018590000000000002,-4.4116000000000006E-10,0.00018608,3.2336E-07,-3.2218E-07
0.47500000000000003,0.8,-0.00021092000000000002,-4.6470000000000006E-10,0.0002112,3.2338E-07,-3.2224E-07
0.47000000000000003,0.8,-0.00023934000000000002,-4.716E-10,0.00023952,3.2341999999999997E-07,-3.2224E-07
0.465,0.8,-0.00027014000000000004,-5.0094E-10,0.00027028,3.2338E-07,-3.2222E-07
0.46,0.8,-0.00030436,-5.1012E-10,0.00030460000000000003,3.2338E-07,-3.2222E-07
0.455,0.8,-0.00034154000000000004,-5.2670000000000005E-10,0.00034154000000000004,3.2348E-07,-3.2226E-07
0.45,0.8,-0.00038244,-5.3569E-10,0.00038268000000000004,3.2338E-07,-3.2224E-07
0.445,0.8,-0.00042624000000000004,-5.5999E-10,0.00042642,3.2348E-07,-3.2228E-07
0.44,0.8,-0.00047466,-5.7083000000000009E-10,0.00047462000000000003,3.234E-07,-3.2224E-07
0.435,0.8,-0.00052544000000000006,-5.9386000000000006E-10,0.00052572,3.234E-07,-3.2224E-07
0.43,0.8,-0.00058106,-6.1149E-10,0.0005814,3.2338E-07,-3.2224E-07
0.42500000000000004,0.8,-0.00063978000000000006,-6.3005E-10,0.00063984,3.2344E-07,-3.2228E-07
0.42000000000000004,0.8,-0.00070342000000000007,-6.491400000000001E-10,0.00070366,3.2344E-07,-3.2229999999999997E-07
0.41500000000000004,0.8,-0.00076934000000000008,-6.6903E-10,0.0007697,3.2338E-07,-3.2226E-07
0.41000000000000003,0.8,-0.0008409200000000001,-6.8961000000000006E-10,0.00084068,3.2341999999999997E-07,-3.2229999999999997E-07
0.405,0.8,-0.00091472,-7.1069000000000006E-10,0.00091456,3.2338E-07,-3.2224E-07
0.4,0.8,-0.00099356,-7.3353E-10,0.00099372,3.234E-07,-3.2224E-07
0.395,0.8,-0.00107418,-7.5111000000000011E-10,0.00107466,3.2344E-07,-3.2229999999999997E-07
0.39,0.8,-0.0011602000000000001,-7.727200000000001E-10,0.0011612,3.234E-07,-3.2224E-07
0.385,0.8,-0.0012486,-8.0027000000000007E-10,0.0012492,3.2346E-07,-3.2224E-07
0.38,0.8,-0.0013418,-8.191000000000001E-10,0.0013418,3.235E-07,-3.2226E-07
0.375,0.8,-0.0014366000000000001,-8.4887000000000009E-10,0.0014368,3.2344E-07,-3.2229999999999997E-07
0.37,0.8,-0.0015358,-8.6892E-10,0.0015356,3.2348E-07,-3.2234E-07
0.365,0.8,-0.0016358,-9.0109E-10,0.0016368,3.2355999999999997E-07,-3.2232E-07
0.36000000000000004,0.8,-0.0017406000000000001,-9.2304E-10,0.0017412,3.2348E-07,-3.2226E-07
0.35500000000000004,0.8,-0.0018466,-9.5379E-10,0.0018462,3.2346E-07,-3.2228E-07
0.35000000000000003,0.8,-0.001955,-9.758E-10,0.001956,3.2341999999999997E-07,-3.2229999999999997E-07
0.34500000000000003,0.8,-0.0020646,-1.01101E-09,0.0020656,3.2341999999999997E-07,-3.222E-07
0.34,0.8,-0.0021778,-1.03522E-09,0.0021786,3.2334E-07,-3.2229999999999997E-07
0.335,0.8,-0.0022908,-1.06984E-09,0.0022912,3.234E-07,-3.2226E-07
0.33,0.8,-0.0024076,-1.0930600000000002E-09,0.0024074,3.2346E-07,-3.2229999999999997E-07
0.325,0.8,-0.0025234,-1.1318E-09,0.0025234,3.2336E-07,-3.2224E-07
0.32,0.8,-0.0026420000000000003,-1.1624E-09,0.0026418,3.234E-07,-3.2222E-07
0.315,0.8,-0.002759,-1.1986E-09,0.0027592,3.234E-07,-3.2224E-07
0.31,0.8,-0.0028788,-1.2295E-09,0.0028798,3.2336E-07,-3.2226E-07
0.305,0.8,-0.0029978,-1.2707E-09,0.0029982,3.2338E-07,-3.2224E-07
0.3,0.8,-0.0031190000000000002,-1.3044E-09,0.0031196,3.2344E-07,-3.2226E-07
0.29500000000000004,0.8,-0.003238,-1.3464E-09,0.0032382,3.2344E-07,-3.2228E-07
0.29000000000000004,0.8,-0.0033582,-1.3805E-09,0.00336,3.2348E-07,-3.2236E-07
0.28500000000000003,0.8,-0.0034776,-1.4289E-09,0.0034782,3.2336E-07,-3.2234E-07
0.28,0.8,-0.0035982,-1.4585E-09,0.0035994,3.234E-07,-3.2232E-07
0.275,0.8,-0.0037176,-1.5137E-09,0.0037178000000000003,3.234E-07,-3.2226E-07
0.27,0.8,-0.0038366,-1.5469E-09,0.0038380000000000003,3.233E-07,-3.2226E-07
0.265,0.8,-0.0039542,-1.6001E-09,0.003954,3.2332E-07,-3.2228E-07
0.26,0.8,-0.004073,-1.6387E-09,0.0040736,3.2336E-07,-3.2229999999999997E-07
0.255,0.8,-0.0041886,-1.6912E-09,0.0041886,3.2336E-07,-3.222E-07
0.25,0.8,-0.004305,-1.7356E-09,0.0043052,3.2346E-07,-3.2229999999999997E-07
0.24500000000000002,0.8,-0.0044184,-1.7901E-09,0.004419,3.2341999999999997E-07,-3.2229999999999997E-07
0.24000000000000002,0.8,-0.0045318,-1.8375E-09,0.0045322,3.2336E-07,-3.2228E-07
0.23500000000000001,0.8,-0.0046458,-1.8908E-09,0.0046456,3.2338E-07,-3.2222E-07
0.23,0.8,-0.0047564,-1.9439E-09,0.0047564,3.2336E-07,-3.2228E-07
0.225,0.8,-0.0048684,-2.0077E-09,0.0048666000000000004,3.2346E-07,-3.2229999999999997E-07
0.22,0.8,-0.0049754000000000005,-2.0572E-09,0.0049754000000000005,3.2341999999999997E-07,-3.2228E-07
0.215,0.8,-0.0050838,-2.1067E-09,0.0050862,3.2346E-07,-3.224E-07
0.21000000000000002,0.8,-0.0051894,-2.1791E-09,0.005191,3.2348E-07,-3.2236E-07
0.20500000000000002,0.8,-0.0052956,-2.2322E-09,0.0052952,3.2338E-07,-3.2236E-07
0.2,0.8,-0.0053984,-2.296E-09,0.005399,3.2344E-07,-3.2234E-07
0.195,0.8,-0.005502,-2.3509E-09,0.0055018,3.2341999999999997E-07,-3.2229999999999997E-07
0.19,0.8,-0.0056008,-2.4228E-09,0.0056018000000000005,3.2341999999999997E-07,-3.2229999999999997E-07
0.185,0.8,-0.0057020000000000005,-2.4848E-09,0.0057018,3.2341999999999997E-07,-3.2229999999999997E-07
0.18000000000000002,0.8,-0.0057986,-2.562E-09,0.0057994,3.2338E-07,-3.2229999999999997E-07
0.17500000000000002,0.8,-0.0058978,-2.622E-09,0.005897,3.2338E-07,-3.2228E-07
0.17,0.8,-0.005992,-2.7001E-09,0.005991,3.2341999999999997E-07,-3.2229999999999997E-07
0.165,0.8,-0.0060852,-2.7688E-09,0.0060862,3.2344E-07,-3.2236E-07
0.16,0.8,-0.0061778,-2.847E-09,0.0061776,3.2338E-07,-3.224E-07
0.155,0.8,-0.0062682,-2.9174E-09,0.0062688,3.2341999999999997E-07,-3.2229999999999997E-07
0.15,0.8,-0.0063568,-3.0036E-09,0.0063576,3.2348E-07,-3.2242E-07
0.14500000000000002,0.8,-0.006445,-3.074E-09,0.0064454000000000004,3.2336E-07,-3.2234E-07
0.14,0.8,-0.0065316,-3.1627E-09,0.0065336000000000005,3.2341999999999997E-07,-3.2246E-07
0.135,0.8,-0.006618,-3.2428E-09,0.0066172,3.234E-07,-3.2246E-07
0.13,0.8,-0.0067024,-3.3283E-09,0.0067022,3.2341999999999997E-07,-3.2238E-07
0.125,0.8,-0.0067846,-3.412E-09,0.0067868,3.2346E-07,-3.2234E-07
0.12000000000000001,0.8,-0.0068656,-3.4964E-09,0.0068686,3.235E-07,-3.224E-07
0.115,0.8,-0.0069444,-3.5915E-09,0.0069456000000000006,3.2344E-07,-3.2236E-07
0.11,0.8,-0.0070246,-3.6909E-09,0.007026,3.2341999999999997E-07,-3.2236E-07
0.10500000000000001,0.8,-0.0071006,-3.781E-09,0.0071016000000000004,3.2354E-07,-3.224E-07
0.1,0.8,-0.0071772,-3.8802E-09,0.0071786,3.2341999999999997E-07,-3.2236E-07
0.095,0.8,-0.0072518,-3.9753E-09,0.0072516,3.2338E-07,-3.2246E-07
0.090000000000000011,0.8,-0.0073268000000000005,-4.0715E-09,0.0073274,3.2341999999999997E-07,-3.224E-07
0.085,0.8,-0.0073984,-4.1851E-09,0.0073984,3.2348E-07,-3.2236E-07
0.08,0.8,-0.0074670000000000005,-4.2846E-09,0.0074694,3.2338E-07,-3.2242E-07
0.075,0.8,-0.0075396000000000005,-4.3935E-09,0.0075392,3.2344E-07,-3.2246E-07
0.07,0.8,-0.007607,-4.5301E-09,0.0076074,3.2341999999999997E-07,-3.2236E-07
0.065,0.8,-0.0076748,-4.6212E-09,0.0076752,3.234E-07,-3.2246E-07
0.060000000000000005,0.8,-0.0077402,-4.7438E-09,0.0077428,3.2346E-07,-3.2242E-07
0.055,0.8,-0.007805,-4.8525E-09,0.0078048,3.2341999999999997E-07,-3.2242E-07
0.05,0.8,-0.0078686,-5.0054E-09,0.0078688,3.2344E-07,-3.2243999999999997E-07
0.045000000000000005,0.8,-0.0079326,-5.1283E-09,0.0079328,3.234E-07,-3.2234E-07
0.04,0.8,-0.0079942,-5.2559E-09,0.007995,3.2344E-07,-3.2246E-07
0.035,0.8,-0.0080544,-5.3862E-09,0.0080556,3.2344E-07,-3.2238E-07
0.030000000000000002,0.8,-0.0081156,-5.5049E-09,0.0081152,3.2344E-07,-3.2246E-07
0.025,0.8,-0.0081744,-5.647E-09,0.008175,3.2348E-07,-3.224E-07
0.02,0.8,-0.0082296,-5.7876E-09,0.0082308,3.2344E-07,-3.2236E-07
0.015000000000000001,0.8,-0.0082868,-5.9283E-09,0.0082886,3.2346E-07,-3.2236E-07
0.01,0.8,-0.0083434,-6.0761E-09,0.0083434,3.2341999999999997E-07,-3.2242E-07
0.005,0.8,-0.0083988,-6.225E-09,0.008399,3.2344E-07,-3.2238E-07
0,0.8,-0.008451,-6.3764E-09,0.008451,3.2344E-07,-3.2246E-07
1.2,0.81,-1.0895E-09,4.6429000000000006E-10,-2.8110000000000004E-11,3.2298E-07,-3.2226E-07
1.195,0.81,-1.1052E-09,4.1291E-10,-2.686E-11,3.2298E-07,-3.2224E-07
1.19,0.81,-1.0874E-09,3.8625000000000004E-10,-2.604E-11,3.2302E-07,-3.2228E-07
1.185,0.81,-1.1053E-09,3.4674000000000004E-10,-2.3130000000000002E-11,3.2308E-07,-3.2232E-07
1.1800000000000002,0.81,-1.1096E-09,3.2351E-10,-2.336E-11,3.2308E-07,-3.2224E-07
1.175,0.81,-1.084E-09,2.9351E-10,-2.2500000000000003E-11,3.2312E-07,-3.222E-07
1.1700000000000002,0.81,-1.0776E-09,2.7453000000000003E-10,-1.97E-11,3.2313999999999997E-07,-3.2228E-07
1.165,0.81,-1.1008E-09,2.4565E-10,-1.868E-11,3.2316E-07,-3.2218E-07
1.1600000000000001,0.81,-1.0899E-09,2.2970000000000002E-10,-1.9420000000000002E-11,3.2312E-07,-3.2224E-07
1.155,0.81,-1.0692E-09,2.0969000000000003E-10,-1.803E-11,3.2318E-07,-3.2224E-07
1.1500000000000001,0.81,-1.0839E-09,1.9585000000000003E-10,-1.5830000000000002E-11,3.232E-07,-3.2224E-07
1.145,0.81,-1.1015E-09,1.7577E-10,-1.584E-11,3.2326E-07,-3.2228E-07
1.1400000000000001,0.81,-1.0777E-09,1.662E-10,-1.529E-11,3.2316E-07,-3.222E-07
1.135,0.81,-1.0716E-09,1.5095E-10,-1.3890000000000002E-11,3.2324E-07,-3.2224E-07
1.1300000000000001,0.81,-1.0922E-09,1.4376E-10,-1.221E-11,3.2322E-07,-3.2218E-07
1.125,0.81,-1.089E-09,1.2846000000000001E-10,-1.3050000000000001E-11,3.2316E-07,-3.2218E-07
1.12,0.81,-1.0631E-09,1.2488E-10,-1.201E-11,3.2318E-07,-3.2218E-07
1.115,0.81,-1.0731E-09,1.1174000000000001E-10,-9.900000000000001E-12,3.232E-07,-3.222E-07
1.11,0.81,-1.0902E-09,1.0725E-10,-1.006E-11,3.2326E-07,-3.2224E-07
1.105,0.81,-1.0715E-09,9.5710000000000011E-11,-9.37E-12,3.2332E-07,-3.2222E-07
1.1,0.81,-1.0546E-09,9.462E-11,-7.7600000000000009E-12,3.233E-07,-3.2229999999999997E-07
1.095,0.81,-1.0805E-09,8.2310000000000011E-11,-6.0300000000000008E-12,3.2326E-07,-3.222E-07
1.09,0.81,-1.0786E-09,8.07E-11,-7.91E-12,3.2326E-07,-3.2224E-07
1.085,0.81,-1.055E-09,7.189000000000001E-11,-5.84E-12,3.2326E-07,-3.222E-07
1.08,0.81,-1.0561E-09,7.2610000000000008E-11,-4.1400000000000005E-12,3.233E-07,-3.2229999999999997E-07
1.075,0.81,-1.081E-09,6.188000000000001E-11,-3.63E-12,3.233E-07,-3.2222E-07
1.07,0.81,-1.063E-09,6.3400000000000009E-11,-3.2E-12,3.2332E-07,-3.2218E-07
1.065,0.81,-1.0531E-09,5.5780000000000007E-11,-2.5500000000000002E-12,3.2326E-07,-3.2222E-07
1.06,0.81,-1.0643E-09,5.6910000000000007E-11,-1.14E-12,3.2327999999999997E-07,-3.2228E-07
1.0550000000000002,0.81,-1.0771E-09,4.7760000000000005E-11,-9.7000000000000011E-13,3.2332E-07,-3.2224E-07
1.05,0.81,-1.0514E-09,5.022E-11,-5.3000000000000006E-13,3.2326E-07,-3.2224E-07
1.0450000000000002,0.81,-1.0538E-09,4.4300000000000005E-11,2.0500000000000004E-12,3.232E-07,-3.2224E-07
1.04,0.81,-1.075E-09,4.563E-11,2.9300000000000002E-12,3.2332E-07,-3.2224E-07
1.0350000000000001,0.81,-1.069E-09,3.722E-11,2.4800000000000003E-12,3.233E-07,-3.2218E-07
1.03,0.81,-1.0478E-09,4.1020000000000004E-11,2.7800000000000003E-12,3.2326E-07,-3.2218E-07
1.0250000000000001,0.81,-1.0639E-09,3.3160000000000005E-11,5.7700000000000007E-12,3.233E-07,-3.2218E-07
1.02,0.81,-1.0803E-09,3.612E-11,5.3200000000000008E-12,3.2332E-07,-3.2222E-07
1.0150000000000001,0.81,-1.0598E-09,2.9020000000000004E-11,7.64E-12,3.2326E-07,-3.2224E-07
1.01,0.81,-1.0523E-09,3.4720000000000004E-11,9.36E-12,3.2327999999999997E-07,-3.2222E-07
1.0050000000000001,0.81,-1.0779E-09,2.697E-11,1.199E-11,3.233E-07,-3.2222E-07
1,0.81,-1.0733E-09,2.9370000000000004E-11,1.23E-11,3.2326E-07,-3.222E-07
0.995,0.81,-1.0526E-09,2.2610000000000003E-11,1.506E-11,3.233E-07,-3.2224E-07
0.9900000000000001,0.81,-1.0607E-09,2.6630000000000003E-11,1.872E-11,3.233E-07,-3.2228E-07
0.9850000000000001,0.81,-1.0853E-09,2.0000000000000002E-11,2.1790000000000003E-11,3.2334E-07,-3.2218E-07
0.98000000000000009,0.81,-1.0659E-09,2.3630000000000003E-11,2.3530000000000002E-11,3.2327999999999997E-07,-3.2222E-07
0.97500000000000009,0.81,-1.0622E-09,2.099E-11,2.928E-11,3.2332E-07,-3.2224E-07
0.97000000000000008,0.81,-1.086E-09,2.0800000000000002E-11,3.4610000000000004E-11,3.2332E-07,-3.2226E-07
0.96500000000000008,0.81,-1.0921E-09,1.814E-11,3.9E-11,3.233E-07,-3.2224E-07
0.96000000000000008,0.81,-1.0753E-09,1.877E-11,4.5280000000000004E-11,3.2326E-07,-3.2224E-07
0.95500000000000007,0.81,-1.0898E-09,1.783E-11,5.4000000000000007E-11,3.233E-07,-3.2218E-07
0.95000000000000007,0.81,-1.1241E-09,1.4150000000000001E-11,6.242E-11,3.2327999999999997E-07,-3.2226E-07
0.94500000000000006,0.81,-1.1206E-09,1.657E-11,7.077E-11,3.2332E-07,-3.222E-07
0.94000000000000006,0.81,-1.1116E-09,1.4150000000000001E-11,8.4570000000000011E-11,3.2332E-07,-3.2224E-07
0.935,0.81,-1.1453E-09,1.7710000000000003E-11,9.829E-11,3.2326E-07,-3.2224E-07
0.93,0.81,-1.1713E-09,1.1970000000000002E-11,1.1518000000000001E-10,3.2324E-07,-3.222E-07
0.925,0.81,-1.1679E-09,1.659E-11,1.3363E-10,3.2336E-07,-3.2229999999999997E-07
0.92,0.81,-1.1908E-09,1.0840000000000002E-11,1.5729E-10,3.2327999999999997E-07,-3.2228E-07
0.915,0.81,-1.2341E-09,1.3090000000000002E-11,1.8365E-10,3.2334E-07,-3.2222E-07
0.91,0.81,-1.2622E-09,6.7500000000000009E-12,2.1461000000000002E-10,3.2326E-07,-3.222E-07
0.905,0.81,-1.2754E-09,1.27E-11,2.5085E-10,3.233E-07,-3.2218E-07
0.9,0.81,-1.3332E-09,6.9900000000000007E-12,2.9602000000000003E-10,3.2327999999999997E-07,-3.2224E-07
0.895,0.81,-1.3935E-09,1.106E-11,3.4573E-10,3.233E-07,-3.222E-07
0.89,0.81,-1.4416E-09,6.2300000000000007E-12,4.0472E-10,3.2324E-07,-3.2224E-07
0.885,0.81,-1.5002E-09,1.0410000000000001E-11,4.7566E-10,3.233E-07,-3.2224E-07
0.88,0.81,-1.5987E-09,6.0200000000000006E-12,5.5959E-10,3.233E-07,-3.2224E-07
0.875,0.81,-1.6969E-09,7.6800000000000012E-12,6.5429E-10,3.2332E-07,-3.2222E-07
0.87,0.81,-1.7916E-09,6.2800000000000007E-12,7.6977E-10,3.233E-07,-3.2232E-07
0.865,0.81,-1.9232E-09,8.76E-12,9.0204E-10,3.2326E-07,-3.2218E-07
0.86,0.81,-2.1051E-09,6.7E-12,1.05986E-09,3.2327999999999997E-07,-3.2218E-07
0.85500000000000009,0.81,-2.2818E-09,5.5600000000000005E-12,1.2438E-09,3.2326E-07,-3.2224E-07
0.85000000000000009,0.81,-2.4969E-09,5.4000000000000004E-12,1.4633E-09,3.2326E-07,-3.2222E-07
0.84500000000000008,0.81,-2.7357E-09,4.23E-12,1.7153E-09,3.2336E-07,-3.2228E-07
0.84000000000000008,0.81,-3.0485E-09,4.8600000000000007E-12,2.0188E-09,3.233E-07,-3.2224E-07
0.83500000000000008,0.81,-3.4128E-09,4.33E-12,2.3688E-09,3.2332E-07,-3.2222E-07
0.83000000000000007,0.81,-3.8126E-09,4.4000000000000004E-13,2.787E-09,3.2332E-07,-3.2229999999999997E-07
0.82500000000000007,0.81,-4.2811E-09,3.66E-12,3.2738E-09,3.2332E-07,-3.2224E-07
0.82000000000000006,0.81,-4.878E-09,-1.04E-12,3.8483E-09,3.2338E-07,-3.2226E-07
0.81500000000000006,0.81,-5.553E-09,1.7700000000000001E-12,4.5136E-09,3.233E-07,-3.2228E-07
0.81,0.81,-6.3308E-09,-3.38E-12,5.3128E-09,3.2326E-07,-3.2226E-07
0.805,0.81,-7.2541E-09,2.9400000000000004E-12,6.2474E-09,3.2332E-07,-3.2226E-07
0.8,0.81,-8.3665E-09,-4.89E-12,7.3351E-09,3.2332E-07,-3.2229999999999997E-07
0.795,0.81,-9.6587E-09,-1.6600000000000002E-12,8.6272E-09,3.2334E-07,-3.2224E-07
0.79,0.81,-1.11431E-08,-8.3000000000000014E-12,1.01311E-08,3.2336E-07,-3.2229999999999997E-07
0.785,0.81,-1.2939599999999999E-08,-5.6800000000000008E-12,1.1939799999999999E-08,3.2338E-07,-3.2224E-07
0.78,0.81,-1.50128E-08,-3.4500000000000004E-12,1.40316E-08,3.2336E-07,-3.2228E-07
0.775,0.81,-1.74988E-08,-1.2150000000000001E-11,1.65248E-08,3.233E-07,-3.2222E-07
0.77,0.81,-2.0387199999999997E-08,-7.34E-12,1.9388599999999997E-08,3.2336E-07,-3.2224E-07
0.765,0.81,-2.3808799999999997E-08,-1.137E-11,2.2842799999999997E-08,3.2336E-07,-3.2229999999999997E-07
0.76,0.81,-2.7800799999999998E-08,-1.608E-11,2.6820799999999998E-08,3.2336E-07,-3.2224E-07
0.755,0.81,-3.25712E-08,-1.1640000000000001E-11,3.1589799999999996E-08,3.233E-07,-3.2228E-07
0.75,0.81,-3.8086399999999996E-08,-2.385E-11,3.7085199999999995E-08,3.2334E-07,-3.2228E-07
0.745,0.81,-4.4674599999999993E-08,-1.4610000000000002E-11,4.3674799999999995E-08,3.2326E-07,-3.2224E-07
0.74,0.81,-5.2318399999999994E-08,-2.564E-11,5.1492999999999997E-08,3.2338E-07,-3.2228E-07
0.735,0.81,-6.1448599999999988E-08,-2.32E-11,6.0493E-08,3.2332E-07,-3.2228E-07
0.73,0.81,-7.2052199999999987E-08,-2.5590000000000002E-11,7.10638E-08,3.2332E-07,-3.2236E-07
0.72500000000000009,0.81,-8.4730199999999989E-08,-3.493E-11,8.3705E-08,3.2336E-07,-3.2228E-07
0.72000000000000008,0.81,-9.9405199999999993E-08,-2.808E-11,9.84546E-08,3.2338E-07,-3.2229999999999997E-07
0.71500000000000008,0.81,-1.1686E-07,-4.0290000000000004E-11,1.1593999999999999E-07,3.2324E-07,-3.2228E-07
0.71000000000000008,0.81,-1.3716E-07,-3.6830000000000004E-11,1.3635999999999999E-07,3.2332E-07,-3.2226E-07
0.70500000000000007,0.81,-1.6144E-07,-4.76E-11,1.6044E-07,3.2326E-07,-3.2218E-07
0.70000000000000007,0.81,-1.8968E-07,-4.298E-11,1.8862E-07,3.232E-07,-3.222E-07
0.69500000000000006,0.81,-2.232E-07,-5.5180000000000004E-11,2.2228E-07,3.2324E-07,-3.2224E-07
0.69000000000000006,0.81,-2.623E-07,-5.1150000000000006E-11,2.613E-07,3.2327999999999997E-07,-3.2222E-07
0.685,0.81,-3.079E-07,-6.46E-11,3.0702E-07,3.232E-07,-3.2215999999999997E-07
0.68,0.81,-3.623E-07,-6.1910000000000009E-11,3.6162E-07,3.2327999999999997E-07,-3.2215999999999997E-07
0.675,0.81,-4.2636E-07,-7.337E-11,4.2538E-07,3.2324E-07,-3.2224E-07
0.67,0.81,-5.0216E-07,-7.453E-11,5.0098E-07,3.2318E-07,-3.2214E-07
0.665,0.81,-5.8997999999999994E-07,-8.2620000000000008E-11,5.8738E-07,3.2318E-07,-3.221E-07
0.66,0.81,-6.957E-07,-8.723E-11,6.9448E-07,3.232E-07,-3.2218E-07
0.655,0.81,-8.16E-07,-9.4580000000000011E-11,8.1654E-07,3.232E-07,-3.222E-07
0.65,0.81,-9.6173999999999988E-07,-9.7030000000000013E-11,9.6056E-07,3.2318E-07,-3.2218E-07
0.645,0.81,-1.13128E-06,-1.0812000000000001E-10,1.13008E-06,3.2334E-07,-3.2228E-07
0.64,0.81,-1.3278000000000002E-06,-1.1410000000000001E-10,1.3277000000000002E-06,3.2326E-07,-3.2218E-07
0.635,0.81,-1.56E-06,-1.2159000000000002E-10,1.5614000000000002E-06,3.2324E-07,-3.2222E-07
0.63,0.81,-1.8387000000000003E-06,-1.2346E-10,1.8380000000000002E-06,3.233E-07,-3.2218E-07
0.625,0.81,-2.1559000000000004E-06,-1.3615000000000002E-10,2.1587E-06,3.2324E-07,-3.2224E-07
0.62,0.81,-2.5425000000000002E-06,-1.406E-10,2.5461E-06,3.2318E-07,-3.2218E-07
0.615,0.81,-2.9869E-06,-1.5193E-10,2.9901000000000004E-06,3.2326E-07,-3.2215999999999997E-07
0.61,0.81,-3.5265000000000005E-06,-1.5635E-10,3.5196E-06,3.2318E-07,-3.2215999999999997E-07
0.605,0.81,-4.1378000000000004E-06,-1.6909E-10,4.1383000000000007E-06,3.2326E-07,-3.2218E-07
0.6,0.81,-4.8748E-06,-1.7043000000000003E-10,4.8723000000000008E-06,3.233E-07,-3.2228E-07
0.595,0.81,-5.7163000000000006E-06,-1.8747000000000003E-10,5.7225000000000007E-06,3.2326E-07,-3.2218E-07
0.59000000000000008,0.81,-6.716200000000001E-06,-1.8858E-10,6.7265000000000007E-06,3.2327999999999997E-07,-3.2222E-07
0.58500000000000008,0.81,-7.8843E-06,-2.0545000000000003E-10,7.8808E-06,3.2327999999999997E-07,-3.2218E-07
0.58000000000000007,0.81,-9.2787000000000015E-06,-2.0738E-10,9.2765000000000017E-06,3.2332E-07,-3.2222E-07
0.57500000000000007,0.81,-1.08805E-05,-2.2591000000000002E-10,1.0887000000000001E-05,3.2332E-07,-3.2228E-07
0.57000000000000006,0.81,-1.2774E-05,-2.3675000000000004E-10,1.2772E-05,3.2327999999999997E-07,-3.2228E-07
0.56500000000000006,0.81,-1.4962E-05,-2.4196E-10,1.4976E-05,3.2332E-07,-3.2224E-07
0.56,0.81,-1.7562000000000002E-05,-2.5335E-10,1.7568000000000002E-05,3.2327999999999997E-07,-3.2218E-07
0.555,0.81,-2.0514E-05,-2.6290000000000004E-10,2.048E-05,3.2332E-07,-3.2218E-07
0.55,0.81,-2.4048E-05,-2.7519E-10,2.4044000000000002E-05,3.2338E-07,-3.2226E-07
0.545,0.81,-2.8068E-05,-2.8325000000000003E-10,2.8058E-05,3.2326E-07,-3.2218E-07
0.54,0.81,-3.2776E-05,-2.9673E-10,3.2806000000000004E-05,3.2322E-07,-3.2218E-07
0.535,0.81,-3.819E-05,-3.0602000000000005E-10,3.8202000000000005E-05,3.2318E-07,-3.2224E-07
0.53,0.81,-4.4460000000000005E-05,-3.1978E-10,4.4478000000000003E-05,3.233E-07,-3.222E-07
0.525,0.81,-5.1666E-05,-3.2905E-10,5.1676000000000005E-05,3.233E-07,-3.2224E-07
0.52,0.81,-6.0054000000000005E-05,-3.4621000000000004E-10,6.0020000000000005E-05,3.2326E-07,-3.2228E-07
0.515,0.81,-6.9372E-05,-3.5502000000000003E-10,6.939E-05,3.233E-07,-3.2229999999999997E-07
0.51,0.81,-8.0368E-05,-3.7005000000000003E-10,8.0376E-05,3.2334E-07,-3.2224E-07
0.505,0.81,-9.2658E-05,-3.8111000000000004E-10,9.2668E-05,3.233E-07,-3.2224E-07
0.5,0.81,-0.000106712,-3.9587000000000005E-10,0.000106648,3.2334E-07,-3.2224E-07
0.49500000000000005,0.81,-0.00012220000000000002,-4.1114000000000004E-10,0.00012222,3.2327999999999997E-07,-3.2228E-07
0.49000000000000005,0.81,-0.00014002,-4.2126000000000005E-10,0.00014026000000000002,3.2334E-07,-3.2226E-07
0.48500000000000004,0.81,-0.00015974,-4.3736000000000003E-10,0.00015996,3.2332E-07,-3.2224E-07
0.48000000000000004,0.81,-0.00018214000000000002,-4.5053000000000005E-10,0.00018234000000000002,3.2338E-07,-3.2226E-07
0.47500000000000003,0.81,-0.00020672,-4.673E-10,0.00020696,3.2326E-07,-3.2215999999999997E-07
0.47000000000000003,0.81,-0.00023422000000000002,-4.7864E-10,0.00023448000000000002,3.2332E-07,-3.2228E-07
0.465,0.81,-0.00026428000000000004,-4.9911E-10,0.00026458,3.233E-07,-3.2229999999999997E-07
0.46,0.81,-0.00029764,-5.0696000000000008E-10,0.00029802,3.2326E-07,-3.2226E-07
0.455,0.81,-0.00033368000000000004,-5.3382E-10,0.00033368000000000004,3.233E-07,-3.2222E-07
0.45,0.81,-0.00037356000000000005,-5.4296000000000006E-10,0.00037354,3.232E-07,-3.2218E-07
0.445,0.81,-0.00041574,-5.6758E-10,0.00041608000000000004,3.2327999999999997E-07,-3.222E-07
0.44,0.81,-0.00046238000000000003,-5.7883000000000006E-10,0.00046288000000000004,3.232E-07,-3.2222E-07
0.435,0.81,-0.00051180000000000008,-6.0020000000000006E-10,0.00051218,3.232E-07,-3.2218E-07
0.43,0.81,-0.00056544000000000006,-6.173800000000001E-10,0.00056606000000000007,3.2326E-07,-3.222E-07
0.42500000000000004,0.81,-0.00062182,-6.3691E-10,0.00062232,3.2324E-07,-3.2222E-07
0.42000000000000004,0.81,-0.00068314,-6.5584000000000008E-10,0.00068314,3.232E-07,-3.2218E-07
0.41500000000000004,0.81,-0.00074604,-6.7778E-10,0.00074658,3.232E-07,-3.2212E-07
0.41000000000000003,0.81,-0.00081466,-6.982E-10,0.00081448,3.233E-07,-3.2224E-07
0.405,0.81,-0.00088492000000000009,-7.1857E-10,0.00088514000000000008,3.2327999999999997E-07,-3.2214E-07
0.4,0.81,-0.00095982,-7.431300000000001E-10,0.00095990000000000008,3.2324E-07,-3.2224E-07
0.395,0.81,-0.0010373000000000001,-7.6498000000000008E-10,0.00103728,3.233E-07,-3.2224E-07
0.39,0.81,-0.0011183,-7.8977000000000006E-10,0.0011186800000000002,3.2316E-07,-3.2222E-07
0.385,0.81,-0.0012014,-8.1372000000000006E-10,0.0012026,3.2326E-07,-3.2215999999999997E-07
0.38,0.81,-0.001289,-8.3154000000000011E-10,0.0012902,3.2322E-07,-3.222E-07
0.375,0.81,-0.0013782,-8.6590000000000008E-10,0.0013786,3.2326E-07,-3.2218E-07
0.37,0.81,-0.0014706,-8.8164000000000007E-10,0.0014712,3.2324E-07,-3.2232E-07
0.365,0.81,-0.0015646,-9.1345000000000009E-10,0.0015654,3.2324E-07,-3.2215999999999997E-07
0.36000000000000004,0.81,-0.0016626,-9.3714000000000014E-10,0.0016632,3.232E-07,-3.2218E-07
0.35500000000000004,0.81,-0.001761,-9.7114E-10,0.0017614,3.232E-07,-3.2218E-07
0.35000000000000003,0.81,-0.0018622,-9.9776E-10,0.0018624,3.2324E-07,-3.2228E-07
0.34500000000000003,0.81,-0.001963,-1.02562E-09,0.0019644,3.232E-07,-3.2224E-07
0.34,0.81,-0.0020682,-1.0567100000000002E-09,0.0020688,3.2324E-07,-3.2222E-07
0.335,0.81,-0.0021722,-1.0874700000000002E-09,0.002173,3.2318E-07,-3.2222E-07
0.33,0.81,-0.002279,-1.12E-09,0.00228,3.232E-07,-3.222E-07
0.325,0.81,-0.0023858,-1.1561E-09,0.0023858,3.2324E-07,-3.2222E-07
0.32,0.81,-0.0024934000000000002,-1.1841E-09,0.0024944,3.2334E-07,-3.2229999999999997E-07
0.315,0.81,-0.002601,-1.2255E-09,0.002602,3.2324E-07,-3.2222E-07
0.31,0.81,-0.00271,-1.2533E-09,0.0027104,3.2324E-07,-3.2222E-07
0.305,0.81,-0.0028186,-1.3044E-09,0.0028184,3.2336E-07,-3.2226E-07
0.3,0.81,-0.0029284000000000003,-1.3292E-09,0.0029286,3.2324E-07,-3.222E-07
0.29500000000000004,0.81,-0.003036,-1.3807E-09,0.0030374,3.2318E-07,-3.2215999999999997E-07
0.29000000000000004,0.81,-0.0031466000000000003,-1.409E-09,0.0031466000000000003,3.2313999999999997E-07,-3.2229999999999997E-07
0.28500000000000003,0.81,-0.003254,-1.4618E-09,0.003255,3.2318E-07,-3.2226E-07
0.28,0.81,-0.0033626,-1.4948E-09,0.003363,3.2318E-07,-3.2226E-07
0.275,0.81,-0.003469,-1.547E-09,0.00347,3.2322E-07,-3.2224E-07
0.27,0.81,-0.0035778,-1.5825E-09,0.0035778,3.232E-07,-3.2236E-07
0.265,0.81,-0.0036822,-1.639E-09,0.0036826000000000003,3.2324E-07,-3.2224E-07
0.26,0.81,-0.0037886,-1.6784E-09,0.0037896,3.232E-07,-3.2226E-07
0.255,0.81,-0.0038942,-1.7278E-09,0.0038928,3.2322E-07,-3.2224E-07
0.25,0.81,-0.0039976000000000005,-1.7754E-09,0.003998,3.2324E-07,-3.2212E-07
0.24500000000000002,0.81,-0.0040996,-1.8292E-09,0.0041008,3.2326E-07,-3.222E-07
0.24000000000000002,0.81,-0.0041996,-1.8847E-09,0.0041998,3.2326E-07,-3.2222E-07
0.23500000000000001,0.81,-0.0043024000000000005,-1.9349E-09,0.0043032,3.2318E-07,-3.2214E-07
0.23,0.81,-0.0044006,-1.9916E-09,0.0044016,3.2322E-07,-3.2224E-07
0.225,0.81,-0.0044998,-2.0449E-09,0.0045004,3.2322E-07,-3.2229999999999997E-07
0.22,0.81,-0.004596,-2.105E-09,0.0045972,3.2326E-07,-3.2228E-07
0.215,0.81,-0.0046924,-2.1591E-09,0.0046936,3.2326E-07,-3.2224E-07
0.21000000000000002,0.81,-0.0047884,-2.2246E-09,0.004788,3.2313999999999997E-07,-3.2215999999999997E-07
0.20500000000000002,0.81,-0.004881,-2.2822E-09,0.0048814,3.2324E-07,-3.2228E-07
0.2,0.81,-0.0049726,-2.3493E-09,0.004972,3.2322E-07,-3.2224E-07
0.195,0.81,-0.0050652,-2.4141E-09,0.0050654,3.232E-07,-3.2229999999999997E-07
0.19,0.81,-0.0051524,-2.4865E-09,0.0051538,3.2327999999999997E-07,-3.2226E-07
0.185,0.81,-0.0052428,-2.5516E-09,0.0052436,3.2324E-07,-3.2224E-07
0.18000000000000002,0.81,-0.005329,-2.6223E-09,0.0053300000000000005,3.2326E-07,-3.2226E-07
0.17500000000000002,0.81,-0.0054152,-2.6924E-09,0.0054172000000000005,3.2324E-07,-3.2222E-07
0.17,0.81,-0.0054992,-2.7624E-09,0.0055002,3.2316E-07,-3.2234E-07
0.165,0.81,-0.005583,-2.8364E-09,0.0055848,3.232E-07,-3.2232E-07
0.16,0.81,-0.0056646000000000005,-2.9124E-09,0.0056672,3.232E-07,-3.2224E-07
0.155,0.81,-0.0057464000000000005,-2.988E-09,0.0057466,3.2324E-07,-3.2229999999999997E-07
0.15,0.81,-0.005825,-3.0779E-09,0.0058256,3.2324E-07,-3.2226E-07
0.14500000000000002,0.81,-0.0059026,-3.1424E-09,0.0059028,3.2326E-07,-3.2229999999999997E-07
0.14,0.81,-0.005979,-3.2386E-09,0.00598,3.2326E-07,-3.2226E-07
0.135,0.81,-0.0060544,-3.3195E-09,0.0060546,3.2326E-07,-3.2224E-07
0.13,0.81,-0.00613,-3.4106E-09,0.006131,3.2326E-07,-3.2229999999999997E-07
0.125,0.81,-0.0062016,-3.4897E-09,0.0062008,3.232E-07,-3.2228E-07
0.12000000000000001,0.81,-0.0062736,-3.59E-09,0.0062752,3.2324E-07,-3.2224E-07
0.115,0.81,-0.0063434,-3.6782E-09,0.006345,3.2318E-07,-3.2226E-07
0.11,0.81,-0.0064144,-3.78E-09,0.0064148,3.233E-07,-3.2229999999999997E-07
0.10500000000000001,0.81,-0.0064834,-3.8751E-09,0.0064838000000000005,3.2326E-07,-3.2232E-07
0.1,0.81,-0.0065520000000000005,-3.9772E-09,0.006551,3.233E-07,-3.2236E-07
0.095,0.81,-0.0066162,-4.07E-09,0.0066174,3.232E-07,-3.2229999999999997E-07
0.090000000000000011,0.81,-0.0066830000000000006,-4.1859E-09,0.0066820000000000004,3.2322E-07,-3.2224E-07
0.085,0.81,-0.0067444,-4.3005E-09,0.006745,3.2324E-07,-3.2229999999999997E-07
0.08,0.81,-0.0068084,-4.4042E-09,0.0068086,3.233E-07,-3.2224E-07
0.075,0.81,-0.0068696,-4.5209E-09,0.0068694,3.2326E-07,-3.2234E-07
0.07,0.81,-0.0069302,-4.6274999999999996E-09,0.0069312,3.2322E-07,-3.2229999999999997E-07
0.065,0.81,-0.0069874,-4.7492E-09,0.0069894,3.2322E-07,-3.2222E-07
0.060000000000000005,0.81,-0.0070480000000000004,-4.8779E-09,0.0070482,3.2318E-07,-3.2222E-07
0.055,0.81,-0.0071068,-4.994E-09,0.0071064000000000006,3.2318E-07,-3.2222E-07
0.05,0.81,-0.0071624,-5.107E-09,0.0071626,3.2324E-07,-3.2228E-07
0.045000000000000005,0.81,-0.0072162,-5.2463E-09,0.0072178,3.2318E-07,-3.2222E-07
0.04,0.81,-0.0072718,-5.3673E-09,0.0072716000000000005,3.2324E-07,-3.2228E-07
0.035,0.81,-0.0073252000000000005,-5.5023E-09,0.0073256,3.232E-07,-3.2229999999999997E-07
0.030000000000000002,0.81,-0.0073772,-5.6288E-09,0.0073778,3.233E-07,-3.2236E-07
0.025,0.81,-0.0074296,-5.7717E-09,0.0074296,3.2326E-07,-3.2232E-07
0.02,0.81,-0.0074804,-5.919E-09,0.0074808,3.2326E-07,-3.2228E-07
0.015000000000000001,0.81,-0.00753,-6.0649E-09,0.0075318,3.232E-07,-3.2228E-07
0.01,0.81,-0.0075808,-6.1941E-09,0.0075808,3.2324E-07,-3.2226E-07
0.005,0.81,-0.0076282,-6.362E-09,0.0076278000000000006,3.2316E-07,-3.2236E-07
0,0.81,-0.0076756,-6.5003E-09,0.0076748,3.2324E-07,-3.2234E-07
1.2,0.82000000000000006,-9.8319E-10,4.5339E-10,-2.6880000000000002E-11,3.2284E-07,-3.2229999999999997E-07
1.195,0.82000000000000006,-9.9426E-10,4.1318E-10,-2.646E-11,3.2288E-07,-3.2226E-07
1.19,0.82000000000000006,-9.6538E-10,3.8112E-10,-2.602E-11,3.2294E-07,-3.2215999999999997E-07
1.185,0.82000000000000006,-9.6868E-10,3.4497000000000005E-10,-2.3170000000000002E-11,3.2292E-07,-3.2224E-07
1.1800000000000002,0.82000000000000006,-9.8698E-10,3.1705E-10,-2.2500000000000003E-11,3.2285999999999997E-07,-3.2215999999999997E-07
1.175,0.82000000000000006,-9.7497E-10,2.8832000000000004E-10,-2.236E-11,3.2294E-07,-3.2214E-07
1.1700000000000002,0.82000000000000006,-9.5677E-10,2.6825000000000003E-10,-2.114E-11,3.2294E-07,-3.2215999999999997E-07
1.165,0.82000000000000006,-9.8003E-10,2.4449E-10,-1.9310000000000002E-11,3.2294E-07,-3.2218E-07
1.1600000000000001,0.82000000000000006,-9.7998000000000017E-10,2.2645000000000003E-10,-1.926E-11,3.2296E-07,-3.2215999999999997E-07
1.155,0.82000000000000006,-9.6023000000000011E-10,2.0653E-10,-1.828E-11,3.2298E-07,-3.2218E-07
1.1500000000000001,0.82000000000000006,-9.6157E-10,1.9226000000000002E-10,-1.5960000000000002E-11,3.2306E-07,-3.2226E-07
1.145,0.82000000000000006,-9.7854E-10,1.7304E-10,-1.5580000000000003E-11,3.2313999999999997E-07,-3.2224E-07
1.1400000000000001,0.82000000000000006,-9.5725E-10,1.6261000000000002E-10,-1.5850000000000002E-11,3.2306E-07,-3.2224E-07
1.135,0.82000000000000006,-9.5088000000000013E-10,1.4882E-10,-1.3780000000000002E-11,3.2308E-07,-3.2222E-07
1.1300000000000001,0.82000000000000006,-9.723E-10,1.3943E-10,-1.2780000000000002E-11,3.2312E-07,-3.222E-07
1.125,0.82000000000000006,-9.6771000000000017E-10,1.2699000000000002E-10,-1.2740000000000001E-11,3.2316E-07,-3.2222E-07
1.12,0.82000000000000006,-9.4285000000000011E-10,1.2121000000000001E-10,-1.239E-11,3.2308E-07,-3.2226E-07
1.115,0.82000000000000006,-9.5369E-10,1.0936000000000001E-10,-9.55E-12,3.2312E-07,-3.2224E-07
1.11,0.82000000000000006,-9.6574E-10,1.0403000000000002E-10,-1.0230000000000001E-11,3.2312E-07,-3.2218E-07
1.105,0.82000000000000006,-9.5086000000000017E-10,9.3450000000000011E-11,-9.390000000000001E-12,3.2313999999999997E-07,-3.2222E-07
1.1,0.82000000000000006,-9.4215E-10,9.223E-11,-7.5E-12,3.2318E-07,-3.2228E-07
1.095,0.82000000000000006,-9.6449E-10,8.004E-11,-7.33E-12,3.2308E-07,-3.2215999999999997E-07
1.09,0.82000000000000006,-9.5278E-10,7.994000000000001E-11,-7.27E-12,3.2306E-07,-3.2206E-07
1.085,0.82000000000000006,-9.391E-10,7.008E-11,-5.74E-12,3.2308E-07,-3.2212E-07
1.08,0.82000000000000006,-9.4756E-10,7.136E-11,-4.79E-12,3.2313999999999997E-07,-3.2215999999999997E-07
1.075,0.82000000000000006,-9.6096000000000016E-10,5.941E-11,-3.5500000000000004E-12,3.2302E-07,-3.2218E-07
1.07,0.82000000000000006,-9.3408000000000015E-10,6.258E-11,-3.67E-12,3.2306E-07,-3.2215999999999997E-07
1.065,0.82000000000000006,-9.3525E-10,5.3190000000000006E-11,-1.6200000000000002E-12,3.2304E-07,-3.221E-07
1.06,0.82000000000000006,-9.515E-10,5.5870000000000003E-11,-1.4200000000000002E-12,3.2312E-07,-3.2218E-07
1.0550000000000002,0.82000000000000006,-9.4364E-10,4.5970000000000004E-11,-3.7000000000000004E-13,3.2312E-07,-3.2224E-07
1.05,0.82000000000000006,-9.1868000000000008E-10,5.1080000000000006E-11,3.9000000000000005E-13,3.2312E-07,-3.2222E-07
1.0450000000000002,0.82000000000000006,-9.4841E-10,4.0690000000000004E-11,2.3000000000000003E-12,3.2313999999999997E-07,-3.2228E-07
1.04,0.82000000000000006,-9.4492E-10,4.3790000000000005E-11,1.0600000000000001E-12,3.2308E-07,-3.2215999999999997E-07
1.0350000000000001,0.82000000000000006,-9.2572000000000009E-10,3.6400000000000005E-11,2.74E-12,3.2312E-07,-3.2215999999999997E-07
1.03,0.82000000000000006,-9.295E-10,3.93E-11,5.1000000000000005E-12,3.2318E-07,-3.2218E-07
1.0250000000000001,0.82000000000000006,-9.5537E-10,3.173E-11,6.0700000000000006E-12,3.2308E-07,-3.2214E-07
1.02,0.82000000000000006,-9.3858E-10,3.3770000000000003E-11,5.5200000000000007E-12,3.2312E-07,-3.2218E-07
1.0150000000000001,0.82000000000000006,-9.2752000000000012E-10,2.9330000000000004E-11,7.85E-12,3.2312E-07,-3.2212E-07
1.01,0.82000000000000006,-9.4674E-10,3E-11,1.028E-11,3.231E-07,-3.2215999999999997E-07
1.0050000000000001,0.82000000000000006,-9.4959E-10,2.651E-11,1.0640000000000002E-11,3.2313999999999997E-07,-3.2212E-07
1,0.82000000000000006,-9.3095000000000008E-10,2.773E-11,1.27E-11,3.2312E-07,-3.2215999999999997E-07
0.995,0.82000000000000006,-9.4643E-10,2.613E-11,1.69E-11,3.2308E-07,-3.2218E-07
0.9900000000000001,0.82000000000000006,-9.6221000000000013E-10,2.3860000000000002E-11,1.732E-11,3.2299999999999997E-07,-3.2208E-07
0.9850000000000001,0.82000000000000006,-9.4547E-10,2.145E-11,2.0110000000000002E-11,3.2298E-07,-3.2215999999999997E-07
0.98000000000000009,0.82000000000000006,-9.3956E-10,2.1020000000000002E-11,2.4460000000000002E-11,3.2306E-07,-3.2218E-07
0.97500000000000009,0.82000000000000006,-9.701E-10,1.992E-11,2.8940000000000002E-11,3.231E-07,-3.2215999999999997E-07
0.97000000000000008,0.82000000000000006,-9.6446E-10,1.825E-11,3.161E-11,3.2312E-07,-3.2215999999999997E-07
0.96500000000000008,0.82000000000000006,-9.4927000000000018E-10,1.9470000000000002E-11,3.788E-11,3.2306E-07,-3.2215999999999997E-07
0.96000000000000008,0.82000000000000006,-9.7465000000000014E-10,1.71E-11,4.497E-11,3.2316E-07,-3.2218E-07
0.95500000000000007,0.82000000000000006,-9.9038E-10,1.506E-11,5.168E-11,3.2308E-07,-3.2212E-07
0.95000000000000007,0.82000000000000006,-9.7066E-10,1.509E-11,6.066E-11,3.2306E-07,-3.2218E-07
0.94500000000000006,0.82000000000000006,-9.8632000000000017E-10,1.5380000000000003E-11,7.187E-11,3.231E-07,-3.2215999999999997E-07
0.94000000000000006,0.82000000000000006,-1.02032E-09,1.3550000000000001E-11,8.2840000000000008E-11,3.2312E-07,-3.2214E-07
0.935,0.82000000000000006,-1.02089E-09,1.4000000000000002E-11,9.4780000000000008E-11,3.2306E-07,-3.2218E-07
0.93,0.82000000000000006,-1.02012E-09,1.4060000000000001E-11,1.1303000000000001E-10,3.2306E-07,-3.2218E-07
0.925,0.82000000000000006,-1.05814E-09,1.3180000000000002E-11,1.3229000000000002E-10,3.231E-07,-3.2222E-07
0.92,0.82000000000000006,-1.08485E-09,1.108E-11,1.5428E-10,3.2302E-07,-3.221E-07
0.915,0.82000000000000006,-1.0914000000000002E-09,1.1760000000000002E-11,1.8036E-10,3.2312E-07,-3.2218E-07
0.91,0.82000000000000006,-1.12275E-09,9.5900000000000009E-12,2.1288000000000002E-10,3.2312E-07,-3.2218E-07
0.905,0.82000000000000006,-1.1558E-09,1.323E-11,2.4727E-10,3.2312E-07,-3.2224E-07
0.9,0.82000000000000006,-1.2203E-09,1.004E-11,2.9109E-10,3.2313999999999997E-07,-3.2215999999999997E-07
0.895,0.82000000000000006,-1.2602E-09,8.7100000000000015E-12,3.3942E-10,3.2313999999999997E-07,-3.2214E-07
0.89,0.82000000000000006,-1.3001E-09,9.2200000000000015E-12,3.9853E-10,3.2308E-07,-3.2215999999999997E-07
0.885,0.82000000000000006,-1.3876E-09,7.12E-12,4.6861E-10,3.2313999999999997E-07,-3.2218E-07
0.88,0.82000000000000006,-1.4788E-09,8.44E-12,5.4787E-10,3.2308E-07,-3.2214E-07
0.875,0.82000000000000006,-1.5592E-09,2.9900000000000004E-12,6.4239000000000009E-10,3.2313999999999997E-07,-3.2212E-07
0.87,0.82000000000000006,-1.6586E-09,9.7200000000000014E-12,7.5424000000000008E-10,3.2313999999999997E-07,-3.2222E-07
0.865,0.82000000000000006,-1.8124E-09,2E-12,8.8729E-10,3.2318E-07,-3.221E-07
0.86,0.82000000000000006,-1.964E-09,9.65E-12,1.04083E-09,3.2318E-07,-3.2229999999999997E-07
0.85500000000000009,0.82000000000000006,-2.1279E-09,5.3000000000000006E-13,1.2234E-09,3.2313999999999997E-07,-3.2224E-07
0.85000000000000009,0.82000000000000006,-2.3431E-09,1.69E-12,1.4359E-09,3.232E-07,-3.2226E-07
0.84500000000000008,0.82000000000000006,-2.5909E-09,6.1700000000000006E-12,1.6878E-09,3.2312E-07,-3.2218E-07
0.84000000000000008,0.82000000000000006,-2.9086E-09,5.3000000000000006E-13,1.9853E-09,3.231E-07,-3.2224E-07
0.83500000000000008,0.82000000000000006,-3.2504E-09,4.17E-12,2.3305E-09,3.231E-07,-3.221E-07
0.83000000000000007,0.82000000000000006,-3.6374E-09,-1.18E-12,2.7377E-09,3.2308E-07,-3.2215999999999997E-07
0.82500000000000007,0.82000000000000006,-4.1209E-09,5.24E-12,3.2086E-09,3.231E-07,-3.2212E-07
0.82000000000000006,0.82000000000000006,-4.7029E-09,-2.4300000000000003E-12,3.7827E-09,3.2308E-07,-3.2214E-07
0.81500000000000006,0.82000000000000006,-5.3474E-09,1.88E-12,4.4366E-09,3.2312E-07,-3.2222E-07
0.81,0.82000000000000006,-6.1278E-09,-2.9900000000000004E-12,5.226E-09,3.2308E-07,-3.2212E-07
0.805,0.82000000000000006,-7.0402E-09,9.6000000000000015E-13,6.1368E-09,3.2308E-07,-3.2212E-07
0.8,0.82000000000000006,-8.1186E-09,-5.3500000000000004E-12,7.2034E-09,3.2312E-07,-3.2215999999999997E-07
0.795,0.82000000000000006,-9.3608E-09,-1.3300000000000002E-12,8.4759E-09,3.231E-07,-3.2212E-07
0.79,0.82000000000000006,-1.08279E-08,-7.6800000000000012E-12,9.9567E-09,3.231E-07,-3.2218E-07
0.785,0.82000000000000006,-1.2634599999999999E-08,-2.26E-12,1.1729999999999998E-08,3.2308E-07,-3.2222E-07
0.78,0.82000000000000006,-1.4655599999999999E-08,-6.6400000000000008E-12,1.37836E-08,3.2313999999999997E-07,-3.2212E-07
0.775,0.82000000000000006,-1.71116E-08,-1.3170000000000001E-11,1.6222599999999997E-08,3.2302E-07,-3.2208E-07
0.77,0.82000000000000006,-1.99244E-08,-6.0600000000000004E-12,1.9047E-08,3.2312E-07,-3.2215999999999997E-07
0.765,0.82000000000000006,-2.3307599999999998E-08,-1.854E-11,2.2436199999999997E-08,3.2306E-07,-3.2215999999999997E-07
0.76,0.82000000000000006,-2.7232E-08,-1.0730000000000001E-11,2.6349999999999998E-08,3.2302E-07,-3.2218E-07
0.755,0.82000000000000006,-3.1933E-08,-1.7510000000000003E-11,3.0983999999999995E-08,3.2318E-07,-3.2215999999999997E-07
0.75,0.82000000000000006,-3.7309999999999995E-08,-2.0260000000000003E-11,3.64604E-08,3.2316E-07,-3.2222E-07
0.745,0.82000000000000006,-4.379E-08,-1.824E-11,4.2915199999999995E-08,3.2316E-07,-3.2224E-07
0.74,0.82000000000000006,-5.1311799999999992E-08,-2.6590000000000002E-11,5.0423199999999992E-08,3.2316E-07,-3.2224E-07
0.735,0.82000000000000006,-6.0259E-08,-2.227E-11,5.9417999999999996E-08,3.2318E-07,-3.2222E-07
0.73,0.82000000000000006,-7.0671799999999988E-08,-2.9920000000000005E-11,6.97742E-08,3.2313999999999997E-07,-3.2222E-07
0.72500000000000009,0.82000000000000006,-8.3106999999999991E-08,-3.158E-11,8.222879999999999E-08,3.2312E-07,-3.222E-07
0.72000000000000008,0.82000000000000006,-9.74156E-08,-3.213E-11,9.6609199999999986E-08,3.232E-07,-3.2224E-07
0.71500000000000008,0.82000000000000006,-1.146722E-07,-4.0220000000000004E-11,1.1374259999999999E-07,3.2322E-07,-3.2218E-07
0.71000000000000008,0.82000000000000006,-1.3436E-07,-3.9280000000000005E-11,1.334E-07,3.2322E-07,-3.2222E-07
0.70500000000000007,0.82000000000000006,-1.5838E-07,-4.8410000000000004E-11,1.5757999999999999E-07,3.232E-07,-3.2215999999999997E-07
0.70000000000000007,0.82000000000000006,-1.8605999999999999E-07,-4.7140000000000005E-11,1.8509999999999998E-07,3.2324E-07,-3.2222E-07
0.69500000000000006,0.82000000000000006,-2.1908E-07,-5.5840000000000004E-11,2.1788E-07,3.232E-07,-3.2224E-07
0.69000000000000006,0.82000000000000006,-2.5716E-07,-5.4310000000000004E-11,2.564E-07,3.2308E-07,-3.2218E-07
0.685,0.82000000000000006,-3.0216E-07,-6.3040000000000009E-11,3.0166E-07,3.2306E-07,-3.221E-07
0.68,0.82000000000000006,-3.5596E-07,-6.563000000000001E-11,3.5536E-07,3.2312E-07,-3.2218E-07
0.675,0.82000000000000006,-4.1823999999999997E-07,-7.2190000000000011E-11,4.1762E-07,3.2308E-07,-3.2212E-07
0.67,0.82000000000000006,-4.917E-07,-7.6300000000000011E-11,4.9148E-07,3.231E-07,-3.2214E-07
0.665,0.82000000000000006,-5.7876E-07,-8.425E-11,5.7802E-07,3.2306E-07,-3.2214E-07
0.66,0.82000000000000006,-6.8148E-07,-8.7530000000000007E-11,6.8101999999999994E-07,3.2306E-07,-3.2208E-07
0.655,0.82000000000000006,-7.9972E-07,-9.768E-11,7.9898E-07,3.2306E-07,-3.221E-07
0.65,0.82000000000000006,-9.4497999999999993E-07,-9.7700000000000009E-11,9.4339999999999994E-07,3.2313999999999997E-07,-3.2212E-07
0.645,0.82000000000000006,-1.1096E-06,-1.1018000000000001E-10,1.10828E-06,3.2312E-07,-3.2212E-07
0.64,0.82000000000000006,-1.3026E-06,-1.1513000000000001E-10,1.3036E-06,3.2308E-07,-3.2212E-07
0.635,0.82000000000000006,-1.5285E-06,-1.2517000000000002E-10,1.5314E-06,3.2306E-07,-3.2218E-07
0.63,0.82000000000000006,-1.8034000000000002E-06,-1.2614000000000002E-10,1.8042000000000002E-06,3.2312E-07,-3.222E-07
0.625,0.82000000000000006,-2.1182000000000003E-06,-1.3853E-10,2.1166E-06,3.2313999999999997E-07,-3.2214E-07
0.62,0.82000000000000006,-2.4964000000000004E-06,-1.4289E-10,2.4916000000000004E-06,3.2312E-07,-3.2218E-07
0.615,0.82000000000000006,-2.9333000000000004E-06,-1.5514000000000002E-10,2.9339000000000004E-06,3.2312E-07,-3.222E-07
0.61,0.82000000000000006,-3.4533000000000005E-06,-1.5952E-10,3.4558000000000004E-06,3.2312E-07,-3.2215999999999997E-07
0.605,0.82000000000000006,-4.0586E-06,-1.7308E-10,4.0531E-06,3.231E-07,-3.2215999999999997E-07
0.6,0.82000000000000006,-4.7760000000000005E-06,-1.7603E-10,4.7756000000000005E-06,3.231E-07,-3.2215999999999997E-07
0.595,0.82000000000000006,-5.6071000000000009E-06,-1.8998000000000003E-10,5.6076E-06,3.2318E-07,-3.222E-07
0.59000000000000008,0.82000000000000006,-6.5876E-06,-1.9563000000000003E-10,6.5958000000000004E-06,3.232E-07,-3.2218E-07
0.58500000000000008,0.82000000000000006,-7.7406E-06,-2.0725E-10,7.7455E-06,3.2316E-07,-3.2218E-07
0.58000000000000007,0.82000000000000006,-9.096E-06,-2.1624000000000002E-10,9.0964000000000015E-06,3.2312E-07,-3.2222E-07
0.57500000000000007,0.82000000000000006,-1.06713E-05,-2.2632000000000003E-10,1.0671000000000002E-05,3.2318E-07,-3.2215999999999997E-07
0.57000000000000006,0.82000000000000006,-1.2536E-05,-2.3796E-10,1.252E-05,3.2318E-07,-3.2224E-07
0.56500000000000006,0.82000000000000006,-1.4652000000000001E-05,-2.4526000000000004E-10,1.4668000000000001E-05,3.2313999999999997E-07,-3.2222E-07
0.56,0.82000000000000006,-1.7168E-05,-2.5356E-10,1.7202E-05,3.232E-07,-3.2228E-07
0.555,0.82000000000000006,-2.0112E-05,-2.6574E-10,2.012E-05,3.2312E-07,-3.2222E-07
0.55,0.82000000000000006,-2.3554000000000002E-05,-2.7420000000000005E-10,2.3552E-05,3.2308E-07,-3.2212E-07
0.545,0.82000000000000006,-2.7486E-05,-2.8874000000000003E-10,2.7466E-05,3.2308E-07,-3.2212E-07
0.54,0.82000000000000006,-3.211E-05,-2.9828000000000003E-10,3.2114E-05,3.2318E-07,-3.2218E-07
0.535,0.82000000000000006,-3.7368E-05,-3.1159E-10,3.7394E-05,3.2318E-07,-3.2218E-07
0.53,0.82000000000000006,-4.3532E-05,-3.2127E-10,4.3558E-05,3.2313999999999997E-07,-3.2215999999999997E-07
0.525,0.82000000000000006,-5.0584E-05,-3.3380000000000003E-10,5.0626E-05,3.2316E-07,-3.222E-07
0.52,0.82000000000000006,-5.8750000000000005E-05,-3.4777000000000003E-10,5.8724E-05,3.2313999999999997E-07,-3.2215999999999997E-07
0.515,0.82000000000000006,-6.7962E-05,-3.5723E-10,6.7914E-05,3.2312E-07,-3.2214E-07
0.51,0.82000000000000006,-7.8536000000000008E-05,-3.7236000000000005E-10,7.8566E-05,3.2306E-07,-3.2212E-07
0.505,0.82000000000000006,-9.0438E-05,-3.8309E-10,9.0444E-05,3.2306E-07,-3.2212E-07
0.5,0.82000000000000006,-0.000104228,-3.9975000000000004E-10,0.000104238,3.2306E-07,-3.2214E-07
0.49500000000000005,0.82000000000000006,-0.00011932,-4.138E-10,0.00011944000000000001,3.2308E-07,-3.2215999999999997E-07
0.49000000000000005,0.82000000000000006,-0.00013662,-4.2417000000000005E-10,0.00013682,3.2308E-07,-3.2215999999999997E-07
0.48500000000000004,0.82000000000000006,-0.00015554000000000002,-4.4068E-10,0.000156,3.231E-07,-3.2215999999999997E-07
0.48000000000000004,0.82000000000000006,-0.00017746,-4.5570000000000004E-10,0.00017774000000000002,3.2308E-07,-3.2214E-07
0.47500000000000003,0.82000000000000006,-0.00020132,-4.692E-10,0.00020150000000000002,3.2306E-07,-3.2215999999999997E-07
0.47000000000000003,0.82000000000000006,-0.00022810000000000002,-4.9281000000000008E-10,0.00022816,3.2316E-07,-3.2214E-07
0.465,0.82000000000000006,-0.000257,-5.1364E-10,0.00025726000000000004,3.2312E-07,-3.2212E-07
0.46,0.82000000000000006,-0.00028914,-5.2379E-10,0.00028922,3.2304E-07,-3.221E-07
0.455,0.82000000000000006,-0.00032376000000000003,-5.4744E-10,0.00032424,3.2308E-07,-3.2212E-07
0.45,0.82000000000000006,-0.00036212,-5.5494E-10,0.00036238000000000004,3.2308E-07,-3.2212E-07
0.445,0.82000000000000006,-0.00040288000000000005,-5.8236E-10,0.00040316,3.2306E-07,-3.2218E-07
0.44,0.82000000000000006,-0.00044738000000000004,-5.9359E-10,0.00044788,3.231E-07,-3.2215999999999997E-07
0.435,0.82000000000000006,-0.00049448,-6.2146E-10,0.00049502,3.2308E-07,-3.2215999999999997E-07
0.43,0.82000000000000006,-0.0005458,-6.328200000000001E-10,0.00054624,3.2316E-07,-3.2215999999999997E-07
0.42500000000000004,0.82000000000000006,-0.00059936000000000006,-6.5120000000000009E-10,0.00059992,3.231E-07,-3.2212E-07
0.42000000000000004,0.82000000000000006,-0.00065730000000000009,-6.610000000000001E-10,0.00065764,3.2316E-07,-3.2215999999999997E-07
0.41500000000000004,0.82000000000000006,-0.00071740000000000009,-6.9186E-10,0.00071762000000000009,3.2306E-07,-3.2214E-07
0.41000000000000003,0.82000000000000006,-0.0007816600000000001,-7.0192000000000009E-10,0.00078194000000000007,3.2308E-07,-3.2208E-07
0.405,0.82000000000000006,-0.00084808000000000008,-7.3580000000000009E-10,0.00084822,3.2312E-07,-3.2218E-07
0.4,0.82000000000000006,-0.00091890000000000006,-7.4729E-10,0.00091842000000000009,3.2308E-07,-3.2215999999999997E-07
0.395,0.82000000000000006,-0.00099060000000000012,-7.801E-10,0.00099086,3.2308E-07,-3.2218E-07
0.39,0.82000000000000006,-0.00106684,-7.962600000000001E-10,0.00106646,3.2312E-07,-3.2215999999999997E-07
0.385,0.82000000000000006,-0.0011438400000000001,-8.266700000000001E-10,0.0011447,3.2304E-07,-3.2218E-07
0.38,0.82000000000000006,-0.0012252,-8.4421E-10,0.001226,3.2306E-07,-3.2222E-07
0.375,0.82000000000000006,-0.0013072000000000001,-8.7674000000000012E-10,0.0013082,3.2316E-07,-3.2229999999999997E-07
0.37,0.82000000000000006,-0.0013932,-8.9846000000000012E-10,0.0013942,3.2318E-07,-3.2222E-07
0.365,0.82000000000000006,-0.0014796,-9.3121E-10,0.0014808,3.2313999999999997E-07,-3.222E-07
0.36000000000000004,0.82000000000000006,-0.001569,-9.5203E-10,0.0015702000000000001,3.2312E-07,-3.2222E-07
0.35500000000000004,0.82000000000000006,-0.0016588,-9.93E-10,0.0016596,3.2312E-07,-3.2215999999999997E-07
0.35000000000000003,0.82000000000000006,-0.0017514,-1.01507E-09,0.001752,3.2308E-07,-3.2228E-07
0.34500000000000003,0.82000000000000006,-0.0018436000000000001,-1.05241E-09,0.0018446,3.2312E-07,-3.2222E-07
0.34,0.82000000000000006,-0.0019398,-1.06812E-09,0.0019398,3.2308E-07,-3.2228E-07
0.335,0.82000000000000006,-0.0020340000000000002,-1.11392E-09,0.0020342,3.2302E-07,-3.2215999999999997E-07
0.33,0.82000000000000006,-0.0021304,-1.1393E-09,0.0021314,3.2304E-07,-3.221E-07
0.325,0.82000000000000006,-0.002226,-1.1789E-09,0.0022270000000000002,3.2308E-07,-3.2214E-07
0.32,0.82000000000000006,-0.0023242000000000002,-1.208E-09,0.0023254,3.231E-07,-3.2212E-07
0.315,0.82000000000000006,-0.0024208,-1.2585E-09,0.002421,3.2299999999999997E-07,-3.221E-07
0.31,0.82000000000000006,-0.0025194,-1.2795E-09,0.002519,3.2302E-07,-3.222E-07
0.305,0.82000000000000006,-0.0026156,-1.3387E-09,0.0026168,3.2302E-07,-3.221E-07
0.3,0.82000000000000006,-0.0027138,-1.3568E-09,0.0027148,3.2302E-07,-3.2212E-07
0.29500000000000004,0.82000000000000006,-0.0028108,-1.4147E-09,0.0028114,3.2312E-07,-3.2215999999999997E-07
0.29000000000000004,0.82000000000000006,-0.002909,-1.4452E-09,0.0029088,3.2306E-07,-3.2212E-07
0.28500000000000003,0.82000000000000006,-0.003004,-1.4981E-09,0.003005,3.2306E-07,-3.2215999999999997E-07
0.28,0.82000000000000006,-0.003101,-1.533E-09,0.0031014000000000003,3.2306E-07,-3.2218E-07
0.275,0.82000000000000006,-0.0031956000000000003,-1.5847E-09,0.0031962,3.2312E-07,-3.2222E-07
0.27,0.82000000000000006,-0.0032920000000000002,-1.6273E-09,0.0032924,3.231E-07,-3.2224E-07
0.265,0.82000000000000006,-0.003385,-1.6784E-09,0.0033862000000000002,3.2312E-07,-3.2224E-07
0.26,0.82000000000000006,-0.0034794,-1.7225E-09,0.0034802,3.2318E-07,-3.2228E-07
0.255,0.82000000000000006,-0.0035718,-1.7776E-09,0.0035724,3.2318E-07,-3.2224E-07
0.25,0.82000000000000006,-0.0036634000000000002,-1.8246E-09,0.0036646,3.2306E-07,-3.2226E-07
0.24500000000000002,0.82000000000000006,-0.0037530000000000003,-1.8771E-09,0.0037558,3.2312E-07,-3.2228E-07
0.24000000000000002,0.82000000000000006,-0.003843,-1.9319E-09,0.0038428,3.231E-07,-3.2229999999999997E-07
0.23500000000000001,0.82000000000000006,-0.0039328,-1.9827E-09,0.0039332,3.2302E-07,-3.222E-07
0.23,0.82000000000000006,-0.004019,-2.0366E-09,0.0040194,3.2306E-07,-3.2212E-07
0.225,0.82000000000000006,-0.0041076,-2.1021E-09,0.0041072,3.2302E-07,-3.2218E-07
0.22,0.82000000000000006,-0.0041918,-2.1563E-09,0.0041932,3.2302E-07,-3.2215999999999997E-07
0.215,0.82000000000000006,-0.0042772,-2.2217E-09,0.0042774,3.2304E-07,-3.2224E-07
0.21000000000000002,0.82000000000000006,-0.004359,-2.2821E-09,0.0043602,3.2306E-07,-3.2218E-07
0.20500000000000002,0.82000000000000006,-0.0044422,-2.3499E-09,0.0044426,3.2306E-07,-3.2222E-07
0.2,0.82000000000000006,-0.0045222000000000005,-2.4086E-09,0.0045224,3.2306E-07,-3.2218E-07
0.195,0.82000000000000006,-0.0046028,-2.4805E-09,0.0046028,3.231E-07,-3.222E-07
0.19,0.82000000000000006,-0.004682,-2.5487E-09,0.0046818,3.2306E-07,-3.2222E-07
0.185,0.82000000000000006,-0.0047586,-2.6247E-09,0.0047604,3.2302E-07,-3.2222E-07
0.18000000000000002,0.82000000000000006,-0.0048352000000000004,-2.6882E-09,0.0048342,3.2308E-07,-3.2226E-07
0.17500000000000002,0.82000000000000006,-0.0049102,-2.767E-09,0.0049110000000000004,3.2308E-07,-3.2224E-07
0.17,0.82000000000000006,-0.0049852,-2.8324E-09,0.004984,3.2306E-07,-3.2218E-07
0.165,0.82000000000000006,-0.0050576,-2.9246E-09,0.005058,3.2306E-07,-3.222E-07
0.16,0.82000000000000006,-0.0051286000000000005,-2.9879E-09,0.0051294,3.2302E-07,-3.2214E-07
0.155,0.82000000000000006,-0.0051992,-3.0816E-09,0.0052004,3.2306E-07,-3.2224E-07
0.15,0.82000000000000006,-0.0052684,-3.1549E-09,0.0052678000000000004,3.2306E-07,-3.2218E-07
0.14500000000000002,0.82000000000000006,-0.0053358,-3.2422E-09,0.0053368,3.2306E-07,-3.2218E-07
0.14,0.82000000000000006,-0.0054034,-3.3267E-09,0.0054044,3.2308E-07,-3.2228E-07
0.135,0.82000000000000006,-0.0054686000000000005,-3.4133E-09,0.00547,3.2312E-07,-3.2218E-07
0.13,0.82000000000000006,-0.0055348,-3.4983E-09,0.005536,3.2299999999999997E-07,-3.2214E-07
0.125,0.82000000000000006,-0.0055978,-3.5944E-09,0.0055980000000000005,3.2308E-07,-3.2218E-07
0.12000000000000001,0.82000000000000006,-0.005662,-3.6852E-09,0.0056616,3.2302E-07,-3.2218E-07
0.115,0.82000000000000006,-0.0057226,-3.779E-09,0.0057226,3.2302E-07,-3.2226E-07
0.11,0.82000000000000006,-0.0057852,-3.881E-09,0.0057844,3.2318E-07,-3.2228E-07
0.10500000000000001,0.82000000000000006,-0.0058436,-3.974E-09,0.0058446,3.2313999999999997E-07,-3.2228E-07
0.1,0.82000000000000006,-0.0059018000000000004,-4.081E-09,0.0059022,3.2313999999999997E-07,-3.2228E-07
0.095,0.82000000000000006,-0.005961,-4.1746E-09,0.0059604,3.231E-07,-3.2224E-07
0.090000000000000011,0.82000000000000006,-0.0060162,-4.2926E-09,0.0060174,3.2313999999999997E-07,-3.2226E-07
0.085,0.82000000000000006,-0.0060732,-4.3882E-09,0.0060724,3.231E-07,-3.2229999999999997E-07
0.08,0.82000000000000006,-0.0061270000000000005,-4.5064E-09,0.0061270000000000005,3.232E-07,-3.2229999999999997E-07
0.075,0.82000000000000006,-0.0061794,-4.608E-09,0.0061804,3.2312E-07,-3.2229999999999997E-07
0.07,0.82000000000000006,-0.0062338,-4.7362E-09,0.0062342000000000005,3.2313999999999997E-07,-3.2229999999999997E-07
0.065,0.82000000000000006,-0.006285,-4.8571E-09,0.0062854,3.2308E-07,-3.2228E-07
0.060000000000000005,0.82000000000000006,-0.0063376000000000005,-4.9801E-09,0.0063374,3.2306E-07,-3.2232E-07
0.055,0.82000000000000006,-0.0063880000000000004,-5.0916E-09,0.0063856,3.2304E-07,-3.2226E-07
0.05,0.82000000000000006,-0.0064364,-5.2238E-09,0.0064356000000000005,3.2312E-07,-3.2222E-07
0.045000000000000005,0.82000000000000006,-0.0064852,-5.3486E-09,0.0064852,3.2298E-07,-3.2226E-07
0.04,0.82000000000000006,-0.0065308,-5.4858E-09,0.0065322,3.2306E-07,-3.2215999999999997E-07
0.035,0.82000000000000006,-0.0065804,-5.6389E-09,0.0065788,3.2302E-07,-3.2224E-07
0.030000000000000002,0.82000000000000006,-0.006625,-5.7874E-09,0.0066248,3.231E-07,-3.2228E-07
0.025,0.82000000000000006,-0.0066706000000000005,-5.9217E-09,0.0066694,3.2312E-07,-3.2232E-07
0.02,0.82000000000000006,-0.0067124,-6.0785E-09,0.0067150000000000005,3.2312E-07,-3.2228E-07
0.015000000000000001,0.82000000000000006,-0.0067576,-6.2299E-09,0.0067562,3.2312E-07,-3.2232E-07
0.01,0.82000000000000006,-0.0068002,-6.3724E-09,0.0068016000000000005,3.2306E-07,-3.2226E-07
0.005,0.82000000000000006,-0.006843,-6.5298E-09,0.0068428000000000004,3.2308E-07,-3.2224E-07
0,0.82000000000000006,-0.0068834000000000005,-6.6787E-09,0.0068838,3.2312E-07,-3.2224E-07
1.2,0.83000000000000007,-8.684700000000001E-10,4.5332000000000004E-10,-2.6980000000000003E-11,3.2262E-07,-3.2218E-07
1.195,0.83000000000000007,-8.7140000000000011E-10,4.0615000000000004E-10,-2.6140000000000003E-11,3.2264E-07,-3.2212E-07
1.19,0.83000000000000007,-8.4996E-10,3.7723000000000005E-10,-2.522E-11,3.2268E-07,-3.221E-07
1.185,0.83000000000000007,-8.4929000000000007E-10,3.4007000000000005E-10,-2.3010000000000003E-11,3.2271999999999997E-07,-3.2215999999999997E-07
1.1800000000000002,0.83000000000000007,-8.6960000000000008E-10,3.1544000000000005E-10,-2.2500000000000003E-11,3.2278E-07,-3.2218E-07
1.175,0.83000000000000007,-8.5848E-10,2.8461E-10,-2.2770000000000003E-11,3.2274E-07,-3.2218E-07
1.1700000000000002,0.83000000000000007,-8.3685000000000006E-10,2.6626E-10,-2.0510000000000002E-11,3.2282E-07,-3.221E-07
1.165,0.83000000000000007,-8.536800000000001E-10,2.407E-10,-1.823E-11,3.2276E-07,-3.2212E-07
1.1600000000000001,0.83000000000000007,-8.5526000000000011E-10,2.2238E-10,-1.874E-11,3.2282E-07,-3.2214E-07
1.155,0.83000000000000007,-8.3762E-10,2.0241000000000003E-10,-1.823E-11,3.2282E-07,-3.2208E-07
1.1500000000000001,0.83000000000000007,-8.4011000000000011E-10,1.8895E-10,-1.6230000000000002E-11,3.2282E-07,-3.2214E-07
1.145,0.83000000000000007,-8.5665E-10,1.7237000000000002E-10,-1.5740000000000002E-11,3.2284E-07,-3.2214E-07
1.1400000000000001,0.83000000000000007,-8.3821E-10,1.5927E-10,-1.5650000000000002E-11,3.2282E-07,-3.2215999999999997E-07
1.135,0.83000000000000007,-8.309600000000001E-10,1.4635000000000002E-10,-1.4250000000000001E-11,3.2288E-07,-3.2212E-07
1.1300000000000001,0.83000000000000007,-8.491000000000001E-10,1.3497E-10,-1.2470000000000002E-11,3.229E-07,-3.222E-07
1.125,0.83000000000000007,-8.4914E-10,1.2399E-10,-1.271E-11,3.2288E-07,-3.2212E-07
1.12,0.83000000000000007,-8.2526000000000011E-10,1.1692000000000002E-10,-1.097E-11,3.2294E-07,-3.2212E-07
1.115,0.83000000000000007,-8.3700000000000011E-10,1.0995E-10,-1.014E-11,3.229E-07,-3.2212E-07
1.11,0.83000000000000007,-8.5249E-10,9.8660000000000011E-11,-9.37E-12,3.229E-07,-3.2212E-07
1.105,0.83000000000000007,-8.2835E-10,9.231E-11,-1.005E-11,3.2288E-07,-3.2214E-07
1.1,0.83000000000000007,-8.2388000000000005E-10,8.5460000000000008E-11,-7.2000000000000008E-12,3.2296E-07,-3.222E-07
1.095,0.83000000000000007,-8.4755E-10,8.117E-11,-7.4800000000000012E-12,3.2294E-07,-3.2212E-07
1.09,0.83000000000000007,-8.3299E-10,7.26E-11,-7.55E-12,3.2296E-07,-3.2215999999999997E-07
1.085,0.83000000000000007,-8.1143000000000006E-10,7.34E-11,-6.15E-12,3.2296E-07,-3.2212E-07
1.08,0.83000000000000007,-8.3529E-10,6.454E-11,-4.07E-12,3.2296E-07,-3.2218E-07
1.075,0.83000000000000007,-8.3661000000000007E-10,6.305E-11,-4.74E-12,3.2292E-07,-3.222E-07
1.07,0.83000000000000007,-8.149E-10,5.3730000000000005E-11,-3.87E-12,3.2296E-07,-3.221E-07
1.065,0.83000000000000007,-8.1465000000000008E-10,5.7880000000000005E-11,-2.3500000000000003E-12,3.2292E-07,-3.2218E-07
1.06,0.83000000000000007,-8.3921E-10,4.5610000000000005E-11,-8.4000000000000006E-13,3.2296E-07,-3.2215999999999997E-07
1.0550000000000002,0.83000000000000007,-8.1941000000000007E-10,5.1070000000000004E-11,-1.5600000000000002E-12,3.2288E-07,-3.2208E-07
1.05,0.83000000000000007,-8.0971000000000009E-10,4.1390000000000005E-11,9.4E-13,3.2294E-07,-3.2212E-07
1.0450000000000002,0.83000000000000007,-8.2815000000000008E-10,4.552E-11,7.2000000000000006E-13,3.2288E-07,-3.2214E-07
1.04,0.83000000000000007,-8.3089000000000012E-10,3.3310000000000006E-11,1.2800000000000002E-12,3.2292E-07,-3.2208E-07
1.0350000000000001,0.83000000000000007,-8.017800000000001E-10,4.2780000000000006E-11,1.8400000000000002E-12,3.2294E-07,-3.2215999999999997E-07
1.03,0.83000000000000007,-8.2235000000000006E-10,2.971E-11,4.83E-12,3.2296E-07,-3.2215999999999997E-07
1.0250000000000001,0.83000000000000007,-8.3241E-10,3.7350000000000005E-11,4.12E-12,3.2294E-07,-3.2214E-07
1.02,0.83000000000000007,-8.1699000000000009E-10,2.502E-11,6.3700000000000005E-12,3.2298E-07,-3.2218E-07
1.0150000000000001,0.83000000000000007,-8.0684000000000008E-10,3.6870000000000004E-11,8.2900000000000012E-12,3.2296E-07,-3.2218E-07
1.01,0.83000000000000007,-8.3816E-10,2.1880000000000003E-11,1.1E-11,3.2294E-07,-3.2201999999999997E-07
1.0050000000000001,0.83000000000000007,-8.258500000000001E-10,3.242E-11,9.900000000000001E-12,3.2302E-07,-3.2218E-07
1,0.83000000000000007,-8.149E-10,2.0170000000000003E-11,1.292E-11,3.2299999999999997E-07,-3.222E-07
0.995,0.83000000000000007,-8.2566E-10,2.947E-11,1.5E-11,3.2294E-07,-3.2215999999999997E-07
0.9900000000000001,0.83000000000000007,-8.416400000000001E-10,1.606E-11,1.719E-11,3.2298E-07,-3.2212E-07
0.9850000000000001,0.83000000000000007,-8.175E-10,2.711E-11,1.9600000000000002E-11,3.2294E-07,-3.2212E-07
0.98000000000000009,0.83000000000000007,-8.2777E-10,1.542E-11,2.4950000000000002E-11,3.2294E-07,-3.2215999999999997E-07
0.97500000000000009,0.83000000000000007,-8.4825E-10,2.571E-11,2.773E-11,3.2296E-07,-3.222E-07
0.97000000000000008,0.83000000000000007,-8.429900000000001E-10,1.3E-11,3.1370000000000004E-11,3.229E-07,-3.2212E-07
0.96500000000000008,0.83000000000000007,-8.2819000000000011E-10,2.513E-11,3.74E-11,3.2294E-07,-3.2206E-07
0.96000000000000008,0.83000000000000007,-8.5781000000000006E-10,1.109E-11,4.4150000000000004E-11,3.2294E-07,-3.2212E-07
0.95500000000000007,0.83000000000000007,-8.6739E-10,1.99E-11,4.9790000000000003E-11,3.2296E-07,-3.2214E-07
0.95000000000000007,0.83000000000000007,-8.6022000000000005E-10,8.7100000000000015E-12,5.8960000000000009E-11,3.2294E-07,-3.221E-07
0.94500000000000006,0.83000000000000007,-8.6804E-10,1.9420000000000002E-11,7.019E-11,3.2294E-07,-3.2215999999999997E-07
0.94000000000000006,0.83000000000000007,-9.0368E-10,6.9500000000000009E-12,8.0830000000000007E-11,3.229E-07,-3.221E-07
0.935,0.83000000000000007,-8.9377000000000011E-10,1.788E-11,9.357E-11,3.2294E-07,-3.221E-07
0.93,0.83000000000000007,-9.0516000000000011E-10,8.1900000000000013E-12,1.0974000000000001E-10,3.2292E-07,-3.2208E-07
0.925,0.83000000000000007,-9.3969E-10,1.679E-11,1.2989E-10,3.2299999999999997E-07,-3.2212E-07
0.92,0.83000000000000007,-9.6353E-10,6.4E-12,1.5083E-10,3.2296E-07,-3.2214E-07
0.915,0.83000000000000007,-9.6338E-10,1.6140000000000002E-11,1.7564000000000003E-10,3.2298E-07,-3.2214E-07
0.91,0.83000000000000007,-1.0051400000000001E-09,6.26E-12,2.0795000000000002E-10,3.2304E-07,-3.2222E-07
0.905,0.83000000000000007,-1.05308E-09,1.2570000000000002E-11,2.4157E-10,3.2306E-07,-3.2215999999999997E-07
0.9,0.83000000000000007,-1.07757E-09,5.1700000000000008E-12,2.8336000000000004E-10,3.2296E-07,-3.2222E-07
0.895,0.83000000000000007,-1.1147500000000001E-09,1.1140000000000001E-11,3.3278E-10,3.2299999999999997E-07,-3.222E-07
0.89,0.83000000000000007,-1.1704E-09,9.9300000000000015E-12,3.9004000000000003E-10,3.2299999999999997E-07,-3.222E-07
0.885,0.83000000000000007,-1.2625E-09,6.6700000000000005E-12,4.5857000000000005E-10,3.2302E-07,-3.222E-07
0.88,0.83000000000000007,-1.3425E-09,7.71E-12,5.3601E-10,3.2306E-07,-3.2224E-07
0.875,0.83000000000000007,-1.413E-09,6.2300000000000007E-12,6.27E-10,3.2299999999999997E-07,-3.222E-07
0.87,0.83000000000000007,-1.5302E-09,8.51E-12,7.385500000000001E-10,3.2299999999999997E-07,-3.2215999999999997E-07
0.865,0.83000000000000007,-1.6731E-09,5.23E-12,8.6621000000000005E-10,3.2294E-07,-3.2214E-07
0.86,0.83000000000000007,-1.8105E-09,4.1400000000000005E-12,1.01771E-09,3.2299999999999997E-07,-3.2212E-07
0.85500000000000009,0.83000000000000007,-1.979E-09,4.7100000000000007E-12,1.1938E-09,3.2308E-07,-3.222E-07
0.85000000000000009,0.83000000000000007,-2.1781E-09,5.4200000000000007E-12,1.4033E-09,3.2296E-07,-3.2215999999999997E-07
0.84500000000000008,0.83000000000000007,-2.4388E-09,2.26E-12,1.6466E-09,3.2299999999999997E-07,-3.2218E-07
0.84000000000000008,0.83000000000000007,-2.7404999999999998E-09,3.96E-12,1.9367E-09,3.2302E-07,-3.2222E-07
0.83500000000000008,0.83000000000000007,-3.0588E-09,-2.2000000000000002E-13,2.2714E-09,3.2306E-07,-3.2222E-07
0.83000000000000007,0.83000000000000007,-3.4458E-09,5.6800000000000008E-12,2.6749E-09,3.2302E-07,-3.222E-07
0.82500000000000007,0.83000000000000007,-3.9378E-09,-2.39E-12,3.1392E-09,3.2299999999999997E-07,-3.2222E-07
0.82000000000000006,0.83000000000000007,-4.4902E-09,2.57E-12,3.6926E-09,3.2298E-07,-3.2218E-07
0.81500000000000006,0.83000000000000007,-5.1126E-09,-3.6400000000000006E-12,4.3319E-09,3.2306E-07,-3.2222E-07
0.81,0.83000000000000007,-5.8718E-09,3.02E-12,5.1043E-09,3.229E-07,-3.2212E-07
0.805,0.83000000000000007,-6.7858E-09,-6.6200000000000005E-12,5.9914E-09,3.2306E-07,-3.2226E-07
0.8,0.83000000000000007,-7.8208E-09,4.3000000000000004E-13,7.035E-09,3.2294E-07,-3.221E-07
0.795,0.83000000000000007,-9.0536E-09,-8.5900000000000012E-12,8.2812E-09,3.2294E-07,-3.221E-07
0.79,0.83000000000000007,-1.05035E-08,-2.28E-12,9.7115E-09,3.2296E-07,-3.2212E-07
0.785,0.83000000000000007,-1.2180999999999998E-08,-6.8300000000000006E-12,1.14413E-08,3.2304E-07,-3.2212E-07
0.78,0.83000000000000007,-1.42066E-08,-9.94E-12,1.3446399999999999E-08,3.2296E-07,-3.2218E-07
0.775,0.83000000000000007,-1.6576999999999997E-08,-3.3100000000000002E-12,1.58334E-08,3.2296E-07,-3.2222E-07
0.77,0.83000000000000007,-1.9334199999999997E-08,-1.7050000000000002E-11,1.8602799999999997E-08,3.2296E-07,-3.2215999999999997E-07
0.765,0.83000000000000007,-2.2629799999999997E-08,-8.44E-12,2.18772E-08,3.2302E-07,-3.2224E-07
0.76,0.83000000000000007,-2.6453399999999997E-08,-1.6340000000000002E-11,2.57224E-08,3.2296E-07,-3.2218E-07
0.755,0.83000000000000007,-3.1005199999999996E-08,-1.957E-11,3.0291199999999994E-08,3.2306E-07,-3.2218E-07
0.75,0.83000000000000007,-3.63302E-08,-1.404E-11,3.5586399999999994E-08,3.2304E-07,-3.2222E-07
0.745,0.83000000000000007,-4.26542E-08,-2.9020000000000004E-11,4.1911599999999997E-08,3.2299999999999997E-07,-3.2218E-07
0.74,0.83000000000000007,-4.99464E-08,-1.8290000000000002E-11,4.92388E-08,3.2302E-07,-3.2215999999999997E-07
0.735,0.83000000000000007,-5.8693399999999997E-08,-3.052E-11,5.79114E-08,3.2306E-07,-3.2222E-07
0.73,0.83000000000000007,-6.88326E-08,-2.7000000000000004E-11,6.815179999999999E-08,3.2302E-07,-3.2218E-07
0.72500000000000009,0.83000000000000007,-8.0942599999999991E-08,-2.991E-11,8.0262599999999987E-08,3.2304E-07,-3.2218E-07
0.72000000000000008,0.83000000000000007,-9.5097599999999987E-08,-3.8980000000000004E-11,9.4300199999999988E-08,3.2292E-07,-3.2218E-07
0.71500000000000008,0.83000000000000007,-1.1181439999999999E-07,-3.353E-11,1.110924E-07,3.2299999999999997E-07,-3.2222E-07
0.71000000000000008,0.83000000000000007,-1.3142E-07,-4.6550000000000003E-11,1.3038E-07,3.2302E-07,-3.2215999999999997E-07
0.70500000000000007,0.83000000000000007,-1.544E-07,-4.1600000000000004E-11,1.5366E-07,3.2299999999999997E-07,-3.2218E-07
0.70000000000000007,0.83000000000000007,-1.8108E-07,-5.4140000000000006E-11,1.8084E-07,3.2296E-07,-3.221E-07
0.69500000000000006,0.83000000000000007,-2.135E-07,-5.048E-11,2.1304E-07,3.2296E-07,-3.2222E-07
0.69000000000000006,0.83000000000000007,-2.5098E-07,-6.328E-11,2.4984E-07,3.2285999999999997E-07,-3.221E-07
0.685,0.83000000000000007,-2.9486E-07,-5.9760000000000009E-11,2.9396E-07,3.2296E-07,-3.2215999999999997E-07
0.68,0.83000000000000007,-3.474E-07,-7.249E-11,3.467E-07,3.2288E-07,-3.2212E-07
0.675,0.83000000000000007,-4.0801999999999997E-07,-7.0820000000000007E-11,4.073E-07,3.2296E-07,-3.2214E-07
0.67,0.83000000000000007,-4.8035999999999994E-07,-8.086E-11,4.7922E-07,3.2288E-07,-3.2208E-07
0.665,0.83000000000000007,-5.6466E-07,-8.445E-11,5.6448E-07,3.2296E-07,-3.221E-07
0.66,0.83000000000000007,-6.6686E-07,-9.008E-11,6.6396E-07,3.2312E-07,-3.2215999999999997E-07
0.655,0.83000000000000007,-7.8138E-07,-9.887E-11,7.8083999999999994E-07,3.2312E-07,-3.2218E-07
0.65,0.83000000000000007,-9.1992E-07,-1.0364E-10,9.2084E-07,3.2299999999999997E-07,-3.2212E-07
0.645,0.83000000000000007,-1.07962E-06,-1.1140000000000001E-10,1.08114E-06,3.2299999999999997E-07,-3.2212E-07
0.64,0.83000000000000007,-1.2676000000000002E-06,-1.1612000000000001E-10,1.272E-06,3.2302E-07,-3.2222E-07
0.635,0.83000000000000007,-1.4871000000000001E-06,-1.2448000000000002E-10,1.4938000000000002E-06,3.2302E-07,-3.2215999999999997E-07
0.63,0.83000000000000007,-1.7518000000000001E-06,-1.3403E-10,1.7575000000000001E-06,3.2306E-07,-3.2224E-07
0.625,0.83000000000000007,-2.0639000000000003E-06,-1.3895000000000002E-10,2.0673E-06,3.2304E-07,-3.2218E-07
0.62,0.83000000000000007,-2.4332000000000003E-06,-1.4993000000000002E-10,2.4355000000000002E-06,3.2308E-07,-3.2215999999999997E-07
0.615,0.83000000000000007,-2.8594E-06,-1.5452E-10,2.8610000000000002E-06,3.2302E-07,-3.2218E-07
0.61,0.83000000000000007,-3.3662000000000005E-06,-1.6666000000000002E-10,3.3619000000000004E-06,3.2302E-07,-3.2218E-07
0.605,0.83000000000000007,-3.9487E-06,-1.7300000000000002E-10,3.9574000000000004E-06,3.2302E-07,-3.2214E-07
0.6,0.83000000000000007,-4.6501000000000006E-06,-1.8336000000000003E-10,4.6415E-06,3.2299999999999997E-07,-3.2224E-07
0.595,0.83000000000000007,-5.4597000000000004E-06,-1.9170000000000002E-10,5.4630000000000009E-06,3.2302E-07,-3.222E-07
0.59000000000000008,0.83000000000000007,-6.4297000000000005E-06,-2.0212000000000002E-10,6.423000000000001E-06,3.2302E-07,-3.2215999999999997E-07
0.58500000000000008,0.83000000000000007,-7.5451000000000008E-06,-2.0995E-10,7.5366000000000008E-06,3.2299999999999997E-07,-3.2222E-07
0.58000000000000007,0.83000000000000007,-8.8664E-06,-2.2049E-10,8.8485E-06,3.2302E-07,-3.2218E-07
0.57500000000000007,0.83000000000000007,-1.0376600000000002E-05,-2.3257000000000003E-10,1.03784E-05,3.2302E-07,-3.2215999999999997E-07
0.57000000000000006,0.83000000000000007,-1.2162E-05,-2.3678000000000003E-10,1.2202000000000001E-05,3.2296E-07,-3.222E-07
0.56500000000000006,0.83000000000000007,-1.4296E-05,-2.5234000000000003E-10,1.4312000000000001E-05,3.2302E-07,-3.2222E-07
0.56,0.83000000000000007,-1.6766000000000002E-05,-2.5599E-10,1.6758E-05,3.2299999999999997E-07,-3.2218E-07
0.555,0.83000000000000007,-1.9620000000000002E-05,-2.7336000000000003E-10,1.9552000000000002E-05,3.2302E-07,-3.221E-07
0.55,0.83000000000000007,-2.2938E-05,-2.7964000000000003E-10,2.2908E-05,3.2298E-07,-3.2212E-07
0.545,0.83000000000000007,-2.6738E-05,-2.9508000000000003E-10,2.6746E-05,3.2302E-07,-3.2214E-07
0.54,0.83000000000000007,-3.1182E-05,-3.0448E-10,3.1258E-05,3.2302E-07,-3.2212E-07
0.535,0.83000000000000007,-3.631E-05,-3.1832000000000004E-10,3.6336E-05,3.229E-07,-3.2214E-07
0.53,0.83000000000000007,-4.2304E-05,-3.2597E-10,4.226E-05,3.229E-07,-3.2204E-07
0.525,0.83000000000000007,-4.9116E-05,-3.3952000000000003E-10,4.9156E-05,3.2294E-07,-3.221E-07
0.52,0.83000000000000007,-5.7068E-05,-3.503E-10,5.6966E-05,3.2299999999999997E-07,-3.2212E-07
0.515,0.83000000000000007,-6.5970000000000007E-05,-3.6573000000000004E-10,6.5912E-05,3.2298E-07,-3.2215999999999997E-07
0.51,0.83000000000000007,-7.6188E-05,-3.7551000000000003E-10,7.6104E-05,3.2294E-07,-3.2214E-07
0.505,0.83000000000000007,-8.7742E-05,-3.9178E-10,8.7696000000000009E-05,3.2296E-07,-3.2212E-07
0.5,0.83000000000000007,-0.000100888,-4.0374000000000005E-10,0.000101026,3.2296E-07,-3.222E-07
0.49500000000000005,0.83000000000000007,-0.00011540000000000001,-4.172E-10,0.00011556000000000001,3.2296E-07,-3.2214E-07
0.49000000000000005,0.83000000000000007,-0.00013206,-4.4132000000000003E-10,0.00013242,3.2306E-07,-3.2218E-07
0.48500000000000004,0.83000000000000007,-0.00015056000000000002,-4.5375E-10,0.0001509,3.2306E-07,-3.2214E-07
0.48000000000000004,0.83000000000000007,-0.00017130000000000002,-4.6247000000000006E-10,0.00017168,3.2302E-07,-3.222E-07
0.47500000000000003,0.83000000000000007,-0.00019414,-4.7659E-10,0.00019446,3.229E-07,-3.2215999999999997E-07
0.47000000000000003,0.83000000000000007,-0.00021954,-4.9282000000000006E-10,0.00021992000000000002,3.2298E-07,-3.2215999999999997E-07
0.465,0.83000000000000007,-0.00024736,-5.1053E-10,0.0002477,3.229E-07,-3.2204E-07
0.46,0.83000000000000007,-0.00027812000000000003,-5.2496E-10,0.00027830000000000004,3.2304E-07,-3.222E-07
0.455,0.83000000000000007,-0.00031104,-5.4364E-10,0.00031132,3.2294E-07,-3.2215999999999997E-07
0.45,0.83000000000000007,-0.00034712,-5.5941E-10,0.00034756,3.2296E-07,-3.221E-07
0.445,0.83000000000000007,-0.00038572000000000004,-5.7734E-10,0.00038608,3.229E-07,-3.2212E-07
0.44,0.83000000000000007,-0.00042812000000000004,-5.9993E-10,0.0004284,3.2294E-07,-3.221E-07
0.435,0.83000000000000007,-0.00047232000000000003,-6.150300000000001E-10,0.00047264000000000003,3.2292E-07,-3.2214E-07
0.43,0.83000000000000007,-0.0005205,-6.3838E-10,0.00052054,3.2296E-07,-3.2212E-07
0.42500000000000004,0.83000000000000007,-0.00057064000000000008,-6.5488E-10,0.00057082,3.2296E-07,-3.2208E-07
0.42000000000000004,0.83000000000000007,-0.00062454,-6.8202000000000009E-10,0.00062470000000000006,3.2292E-07,-3.221E-07
0.41500000000000004,0.83000000000000007,-0.00068042,-6.9582000000000008E-10,0.00068078000000000008,3.2299999999999997E-07,-3.2215999999999997E-07
0.41000000000000003,0.83000000000000007,-0.0007403,-7.268700000000001E-10,0.00074014,3.2294E-07,-3.2218E-07
0.405,0.83000000000000007,-0.00080136000000000009,-7.4050000000000008E-10,0.0008015600000000001,3.2299999999999997E-07,-3.2208E-07
0.4,0.83000000000000007,-0.00086612000000000006,-7.726600000000001E-10,0.00086672000000000008,3.2292E-07,-3.222E-07
0.395,0.83000000000000007,-0.00093310000000000008,-7.8579E-10,0.00093292000000000006,3.229E-07,-3.2208E-07
0.39,0.83000000000000007,-0.00100264,-8.2029000000000007E-10,0.0010029000000000002,3.2285999999999997E-07,-3.2208E-07
0.385,0.83000000000000007,-0.0010735,-8.381E-10,0.00107386,3.2296E-07,-3.221E-07
0.38,0.83000000000000007,-0.00114722,-8.7042000000000008E-10,0.0011478200000000001,3.2304E-07,-3.2214E-07
0.375,0.83000000000000007,-0.0012224,-8.8633000000000008E-10,0.0012226000000000001,3.2294E-07,-3.2212E-07
0.37,0.83000000000000007,-0.0012996,-9.2562000000000006E-10,0.0013006,3.2294E-07,-3.2212E-07
0.365,0.83000000000000007,-0.0013782,-9.4283000000000014E-10,0.001379,3.2302E-07,-3.2215999999999997E-07
0.36000000000000004,0.83000000000000007,-0.0014584,-9.8285000000000018E-10,0.0014594,3.2304E-07,-3.2215999999999997E-07
0.35500000000000004,0.83000000000000007,-0.0015400000000000001,-1.00181E-09,0.0015404,3.229E-07,-3.2206E-07
0.35000000000000003,0.83000000000000007,-0.0016232,-1.0419E-09,0.0016232,3.2288E-07,-3.221E-07
0.34500000000000003,0.83000000000000007,-0.001706,-1.06465E-09,0.0017062,3.2299999999999997E-07,-3.2212E-07
0.34,0.83000000000000007,-0.0017908,-1.11045E-09,0.0017918,3.2302E-07,-3.2212E-07
0.335,0.83000000000000007,-0.0018746000000000001,-1.1411E-09,0.0018746000000000001,3.2294E-07,-3.221E-07
0.33,0.83000000000000007,-0.0019608,-1.1726E-09,0.001962,3.2299999999999997E-07,-3.2214E-07
0.325,0.83000000000000007,-0.002045,-1.2119E-09,0.002046,3.2296E-07,-3.2218E-07
0.32,0.83000000000000007,-0.0021328000000000002,-1.2416E-09,0.002132,3.2288E-07,-3.2215999999999997E-07
0.315,0.83000000000000007,-0.002218,-1.2872E-09,0.0022184,3.2294E-07,-3.221E-07
0.31,0.83000000000000007,-0.0023042,-1.32E-09,0.0023048,3.2294E-07,-3.2212E-07
0.305,0.83000000000000007,-0.0023894,-1.3646E-09,0.0023906,3.2294E-07,-3.2215999999999997E-07
0.3,0.83000000000000007,-0.0024756,-1.4022E-09,0.0024766000000000002,3.229E-07,-3.2212E-07
0.29500000000000004,0.83000000000000007,-0.0025602,-1.4452E-09,0.0025622,3.229E-07,-3.2214E-07
0.29000000000000004,0.83000000000000007,-0.002647,-1.4919E-09,0.0026472,3.2292E-07,-3.2215999999999997E-07
0.28500000000000003,0.83000000000000007,-0.0027314,-1.5238E-09,0.002731,3.2296E-07,-3.2214E-07
0.28,0.83000000000000007,-0.0028158000000000002,-1.5796E-09,0.0028164,3.2296E-07,-3.2215999999999997E-07
0.275,0.83000000000000007,-0.0028986,-1.6183E-09,0.0028988,3.229E-07,-3.2212E-07
0.27,0.83000000000000007,-0.0029816,-1.6766E-09,0.002983,3.2294E-07,-3.222E-07
0.265,0.83000000000000007,-0.0030632,-1.7152E-09,0.003063,3.2294E-07,-3.2218E-07
0.26,0.83000000000000007,-0.003146,-1.7768E-09,0.0031462,3.2292E-07,-3.2214E-07
0.255,0.83000000000000007,-0.003226,-1.8142E-09,0.0032258,3.2296E-07,-3.222E-07
0.25,0.83000000000000007,-0.0033046,-1.8824E-09,0.0033064,3.2294E-07,-3.2218E-07
0.24500000000000002,0.83000000000000007,-0.0033838,-1.9191E-09,0.0033844,3.2292E-07,-3.222E-07
0.24000000000000002,0.83000000000000007,-0.0034606,-1.992E-09,0.0034612,3.2292E-07,-3.2215999999999997E-07
0.23500000000000001,0.83000000000000007,-0.0035388,-2.0339E-09,0.0035386000000000003,3.2292E-07,-3.2215999999999997E-07
0.23,0.83000000000000007,-0.0036142,-2.1019E-09,0.0036152000000000003,3.229E-07,-3.2212E-07
0.225,0.83000000000000007,-0.0036898,-2.1541E-09,0.0036908,3.2292E-07,-3.2214E-07
0.22,0.83000000000000007,-0.0037636,-2.2206E-09,0.0037652000000000002,3.2296E-07,-3.2218E-07
0.215,0.83000000000000007,-0.0038374,-2.2817E-09,0.0038386,3.2292E-07,-3.2212E-07
0.21000000000000002,0.83000000000000007,-0.0039094,-2.3401E-09,0.003909,3.2292E-07,-3.2218E-07
0.20500000000000002,0.83000000000000007,-0.0039796,-2.4112E-09,0.0039794,3.2288E-07,-3.2212E-07
0.2,0.83000000000000007,-0.0040498,-2.4692E-09,0.0040506,3.2285999999999997E-07,-3.2222E-07
0.195,0.83000000000000007,-0.0041186,-2.5535E-09,0.00412,3.229E-07,-3.221E-07
0.19,0.83000000000000007,-0.0041874,-2.6081E-09,0.0041884,3.2288E-07,-3.2215999999999997E-07
0.185,0.83000000000000007,-0.004254,-2.6919E-09,0.0042542000000000005,3.2296E-07,-3.2218E-07
0.18000000000000002,0.83000000000000007,-0.0043186,-2.7515E-09,0.0043198,3.2294E-07,-3.2212E-07
0.17500000000000002,0.83000000000000007,-0.004385,-2.8416E-09,0.004385,3.2294E-07,-3.2218E-07
0.17,0.83000000000000007,-0.0044488,-2.9089E-09,0.00445,3.2294E-07,-3.2214E-07
0.165,0.83000000000000007,-0.0045114000000000005,-2.9971E-09,0.004512,3.2294E-07,-3.2222E-07
0.16,0.83000000000000007,-0.0045726000000000004,-3.0702E-09,0.0045732,3.2294E-07,-3.2215999999999997E-07
0.155,0.83000000000000007,-0.0046346,-3.1634E-09,0.0046342,3.2284E-07,-3.222E-07
0.15,0.83000000000000007,-0.0046934,-3.2386E-09,0.004694,3.2294E-07,-3.2218E-07
0.14500000000000002,0.83000000000000007,-0.0047518000000000005,-3.3325E-09,0.0047518000000000005,3.2299999999999997E-07,-3.2215999999999997E-07
0.14,0.83000000000000007,-0.0048102,-3.4122E-09,0.0048098,3.2299999999999997E-07,-3.2218E-07
0.135,0.83000000000000007,-0.004865,-3.5047E-09,0.0048642,3.229E-07,-3.221E-07
0.13,0.83000000000000007,-0.004922,-3.5939E-09,0.0049238,3.229E-07,-3.2212E-07
0.125,0.83000000000000007,-0.0049768,-3.6882E-09,0.004978,3.2302E-07,-3.2224E-07
0.12000000000000001,0.83000000000000007,-0.0050308,-3.7883E-09,0.0050316,3.229E-07,-3.2218E-07
0.115,0.83000000000000007,-0.005085,-3.8762E-09,0.0050852,3.2288E-07,-3.2218E-07
0.11,0.83000000000000007,-0.0051362000000000005,-3.9777E-09,0.0051366,3.229E-07,-3.222E-07
0.10500000000000001,0.83000000000000007,-0.0051884,-4.0718E-09,0.0051886,3.229E-07,-3.222E-07
0.1,0.83000000000000007,-0.0052396000000000005,-4.1782E-09,0.0052402,3.2284E-07,-3.2215999999999997E-07
0.095,0.83000000000000007,-0.0052876,-4.2728E-09,0.0052882,3.229E-07,-3.2215999999999997E-07
0.090000000000000011,0.83000000000000007,-0.0053366,-4.4037E-09,0.0053384,3.229E-07,-3.2218E-07
0.085,0.83000000000000007,-0.005384,-4.5061E-09,0.0053856,3.2292E-07,-3.2222E-07
0.08,0.83000000000000007,-0.005431,-4.6262E-09,0.0054336,3.229E-07,-3.2218E-07
0.075,0.83000000000000007,-0.0054768,-4.7365E-09,0.005479,3.2288E-07,-3.2215999999999997E-07
0.07,0.83000000000000007,-0.0055248,-4.8601E-09,0.005524,3.229E-07,-3.222E-07
0.065,0.83000000000000007,-0.0055686,-4.9734E-09,0.0055694,3.2296E-07,-3.2222E-07
0.060000000000000005,0.83000000000000007,-0.0056110000000000005,-5.1036E-09,0.0056118,3.2302E-07,-3.2234E-07
0.055,0.83000000000000007,-0.0056534,-5.219E-09,0.0056552,3.2296E-07,-3.2222E-07
0.05,0.83000000000000007,-0.005697,-5.3572E-09,0.0056976,3.229E-07,-3.2222E-07
0.045000000000000005,0.83000000000000007,-0.0057396,-5.4883E-09,0.0057404000000000005,3.2294E-07,-3.2215999999999997E-07
0.04,0.83000000000000007,-0.0057796,-5.6307E-09,0.0057802,3.2302E-07,-3.2215999999999997E-07
0.035,0.83000000000000007,-0.0058194,-5.7607E-09,0.0058198,3.2282E-07,-3.2215999999999997E-07
0.030000000000000002,0.83000000000000007,-0.0058592,-5.9111E-09,0.00586,3.229E-07,-3.2218E-07
0.025,0.83000000000000007,-0.0058986,-6.0646E-09,0.0058994,3.2298E-07,-3.2215999999999997E-07
0.02,0.83000000000000007,-0.0059348000000000005,-6.2096E-09,0.0059370000000000004,3.2288E-07,-3.2218E-07
0.015000000000000001,0.83000000000000007,-0.0059748,-6.3633E-09,0.0059738000000000005,3.229E-07,-3.2212E-07
0.01,0.83000000000000007,-0.00601,-6.5496E-09,0.006011,3.2296E-07,-3.2218E-07
0.005,0.83000000000000007,-0.0060472,-6.6954E-09,0.0060476,3.2294E-07,-3.2222E-07
0,0.83000000000000007,-0.0060826000000000005,-6.8579E-09,0.006082,3.229E-07,-3.2228E-07
1.2,0.84000000000000008,-7.441E-10,4.4750000000000006E-10,-2.664E-11,3.226E-07,-3.2224E-07
1.195,0.84000000000000008,-7.5161000000000005E-10,4.0622E-10,-2.6960000000000003E-11,3.2254E-07,-3.2212E-07
1.19,0.84000000000000008,-7.228E-10,3.7207000000000004E-10,-2.626E-11,3.2254E-07,-3.2218E-07
1.185,0.84000000000000008,-7.2613000000000006E-10,3.4011000000000003E-10,-2.365E-11,3.2262E-07,-3.2218E-07
1.1800000000000002,0.84000000000000008,-7.4657E-10,3.1044E-10,-2.2460000000000002E-11,3.2262E-07,-3.221E-07
1.175,0.84000000000000008,-7.3219E-10,2.8439000000000004E-10,-2.2330000000000002E-11,3.2268E-07,-3.2215999999999997E-07
1.1700000000000002,0.84000000000000008,-7.1508000000000008E-10,2.6112E-10,-2.0490000000000002E-11,3.2276E-07,-3.2218E-07
1.165,0.84000000000000008,-7.3078E-10,2.3914E-10,-1.9860000000000003E-11,3.2271999999999997E-07,-3.2222E-07
1.1600000000000001,0.84000000000000008,-7.3498000000000008E-10,2.1907000000000003E-10,-2.0640000000000003E-11,3.2271999999999997E-07,-3.2218E-07
1.155,0.84000000000000008,-7.1504E-10,2.0114000000000002E-10,-1.872E-11,3.2276E-07,-3.222E-07
1.1500000000000001,0.84000000000000008,-7.1882E-10,1.8561000000000002E-10,-1.5630000000000002E-11,3.2274E-07,-3.2215999999999997E-07
1.145,0.84000000000000008,-7.4346E-10,1.6842000000000002E-10,-1.549E-11,3.2278E-07,-3.2222E-07
1.1400000000000001,0.84000000000000008,-7.2579E-10,1.5569E-10,-1.6180000000000003E-11,3.2278E-07,-3.2224E-07
1.135,0.84000000000000008,-7.1206E-10,1.4413000000000002E-10,-1.322E-11,3.2282E-07,-3.2218E-07
1.1300000000000001,0.84000000000000008,-7.2703E-10,1.3261000000000002E-10,-1.2440000000000001E-11,3.2271999999999997E-07,-3.2208E-07
1.125,0.84000000000000008,-7.2993000000000008E-10,1.2369000000000001E-10,-1.3550000000000001E-11,3.228E-07,-3.2218E-07
1.12,0.84000000000000008,-7.0064000000000007E-10,1.1442E-10,-1.138E-11,3.2278E-07,-3.2214E-07
1.115,0.84000000000000008,-7.099000000000001E-10,1.0915E-10,-9.76E-12,3.2285999999999997E-07,-3.222E-07
1.11,0.84000000000000008,-7.268E-10,9.677E-11,-9.3200000000000015E-12,3.2284E-07,-3.2218E-07
1.105,0.84000000000000008,-7.0736E-10,9.2850000000000008E-11,-9.37E-12,3.2284E-07,-3.2215999999999997E-07
1.1,0.84000000000000008,-6.9999000000000008E-10,8.37E-11,-7.55E-12,3.2284E-07,-3.2218E-07
1.095,0.84000000000000008,-7.1801000000000009E-10,8.0580000000000008E-11,-5.4000000000000004E-12,3.2276E-07,-3.2214E-07
1.09,0.84000000000000008,-7.1972000000000007E-10,6.9550000000000008E-11,-7.31E-12,3.2282E-07,-3.2206E-07
1.085,0.84000000000000008,-6.9261E-10,7.1170000000000011E-11,-5.94E-12,3.2278E-07,-3.2214E-07
1.08,0.84000000000000008,-7.097E-10,6.046E-11,-3.76E-12,3.2276E-07,-3.221E-07
1.075,0.84000000000000008,-7.1830000000000009E-10,6.1740000000000011E-11,-4.26E-12,3.2282E-07,-3.221E-07
1.07,0.84000000000000008,-6.9776000000000008E-10,5.335E-11,-3.28E-12,3.2282E-07,-3.221E-07
1.065,0.84000000000000008,-6.9106000000000009E-10,5.678E-11,-1.46E-12,3.228E-07,-3.2214E-07
1.06,0.84000000000000008,-7.1604E-10,4.6660000000000004E-11,-1.1900000000000002E-12,3.2276E-07,-3.221E-07
1.0550000000000002,0.84000000000000008,-7.0475000000000007E-10,4.774E-11,-1.4900000000000001E-12,3.2282E-07,-3.221E-07
1.05,0.84000000000000008,-6.8769E-10,4.2040000000000004E-11,-3.8000000000000005E-13,3.2284E-07,-3.2208E-07
1.0450000000000002,0.84000000000000008,-7.0736E-10,4.177E-11,1.3300000000000002E-12,3.2284E-07,-3.2218E-07
1.04,0.84000000000000008,-7.1688E-10,3.639E-11,1.2000000000000002E-13,3.228E-07,-3.221E-07
1.0350000000000001,0.84000000000000008,-6.9327E-10,3.597E-11,2.47E-12,3.2278E-07,-3.2214E-07
1.03,0.84000000000000008,-6.9831E-10,3.467E-11,4.5000000000000006E-12,3.2276E-07,-3.2214E-07
1.0250000000000001,0.84000000000000008,-7.2007000000000008E-10,3.012E-11,4.89E-12,3.2284E-07,-3.2218E-07
1.02,0.84000000000000008,-7.0068E-10,3.15E-11,4.74E-12,3.2282E-07,-3.2212E-07
1.0150000000000001,0.84000000000000008,-6.9125000000000007E-10,2.7430000000000002E-11,7.35E-12,3.2294E-07,-3.222E-07
1.01,0.84000000000000008,-7.1342000000000011E-10,2.9010000000000002E-11,9.390000000000001E-12,3.2288E-07,-3.222E-07
1.0050000000000001,0.84000000000000008,-7.1513000000000009E-10,2.2480000000000003E-11,9.95E-12,3.229E-07,-3.2218E-07
1,0.84000000000000008,-6.9272000000000006E-10,2.7830000000000002E-11,1.0900000000000001E-11,3.2288E-07,-3.2212E-07
0.995,0.84000000000000008,-7.0819E-10,2.0660000000000003E-11,1.541E-11,3.2292E-07,-3.222E-07
0.9900000000000001,0.84000000000000008,-7.2738E-10,2.4150000000000002E-11,1.67E-11,3.2288E-07,-3.2222E-07
0.9850000000000001,0.84000000000000008,-7.1153E-10,1.7000000000000003E-11,1.972E-11,3.2294E-07,-3.2214E-07
0.98000000000000009,0.84000000000000008,-7.0170000000000007E-10,2.3900000000000003E-11,2.256E-11,3.2284E-07,-3.2214E-07
0.97500000000000009,0.84000000000000008,-7.3226E-10,1.424E-11,2.7870000000000003E-11,3.2284E-07,-3.2215999999999997E-07
0.97000000000000008,0.84000000000000008,-7.2719E-10,2.008E-11,3.031E-11,3.2282E-07,-3.2212E-07
0.96500000000000008,0.84000000000000008,-7.0969000000000006E-10,1.391E-11,3.5420000000000005E-11,3.229E-07,-3.222E-07
0.96000000000000008,0.84000000000000008,-7.2878E-10,1.91E-11,4.3130000000000004E-11,3.2288E-07,-3.2218E-07
0.95500000000000007,0.84000000000000008,-7.5205000000000011E-10,1.1660000000000002E-11,4.986E-11,3.2294E-07,-3.2222E-07
0.95000000000000007,0.84000000000000008,-7.3434000000000007E-10,1.817E-11,5.6600000000000004E-11,3.229E-07,-3.2212E-07
0.94500000000000006,0.84000000000000008,-7.4467000000000008E-10,1.2160000000000002E-11,6.767000000000001E-11,3.2288E-07,-3.2218E-07
0.94000000000000006,0.84000000000000008,-7.754800000000001E-10,1.4300000000000002E-11,7.888E-11,3.2288E-07,-3.2228E-07
0.935,0.84000000000000008,-7.774E-10,8.8800000000000009E-12,9.0660000000000013E-11,3.2292E-07,-3.2224E-07
0.93,0.84000000000000008,-7.7351E-10,1.5580000000000003E-11,1.0679000000000001E-10,3.2285999999999997E-07,-3.2218E-07
0.925,0.84000000000000008,-8.1148000000000008E-10,8.86E-12,1.2502E-10,3.2296E-07,-3.222E-07
0.92,0.84000000000000008,-8.3831000000000008E-10,1.2630000000000001E-11,1.4593E-10,3.229E-07,-3.222E-07
0.915,0.84000000000000008,-8.4252000000000011E-10,8.73E-12,1.7009E-10,3.2288E-07,-3.2212E-07
0.91,0.84000000000000008,-8.7157E-10,1.289E-11,2.0034E-10,3.2294E-07,-3.2214E-07
0.905,0.84000000000000008,-9.2787E-10,6.5700000000000005E-12,2.3476E-10,3.229E-07,-3.222E-07
0.9,0.84000000000000008,-9.5087E-10,9.53E-12,2.7281E-10,3.2284E-07,-3.222E-07
0.895,0.84000000000000008,-9.8909000000000015E-10,7.75E-12,3.2042E-10,3.2288E-07,-3.2215999999999997E-07
0.89,0.84000000000000008,-1.06157E-09,1.018E-11,3.7604000000000003E-10,3.2292E-07,-3.2215999999999997E-07
0.885,0.84000000000000008,-1.13335E-09,4.92E-12,4.4065E-10,3.229E-07,-3.222E-07
0.88,0.84000000000000008,-1.2097999999999999E-09,5.0600000000000007E-12,5.1681E-10,3.2284E-07,-3.222E-07
0.875,0.84000000000000008,-1.2742E-09,8.61E-12,6.046400000000001E-10,3.228E-07,-3.2212E-07
0.87,0.84000000000000008,-1.3858E-09,5.99E-12,7.1254000000000011E-10,3.2284E-07,-3.2215999999999997E-07
0.865,0.84000000000000008,-1.5311E-09,5.9700000000000006E-12,8.3590000000000008E-10,3.2288E-07,-3.2215999999999997E-07
0.86,0.84000000000000008,-1.6636E-09,2.1700000000000002E-12,9.8131E-10,3.2285999999999997E-07,-3.2208E-07
0.85500000000000009,0.84000000000000008,-1.8352E-09,4.08E-12,1.1526E-09,3.2284E-07,-3.221E-07
0.85000000000000009,0.84000000000000008,-2.0349E-09,3.91E-12,1.3531E-09,3.2274E-07,-3.2206E-07
0.84500000000000008,0.84000000000000008,-2.2501E-09,2E-12,1.5891E-09,3.2284E-07,-3.2212E-07
0.84000000000000008,0.84000000000000008,-2.5493E-09,5.28E-12,1.8718E-09,3.2284E-07,-3.2214E-07
0.83500000000000008,0.84000000000000008,-2.9726E-09,-5.2E-13,2.1962E-09,3.2296E-07,-3.2214E-07
0.83000000000000007,0.84000000000000008,-3.246E-09,2.4800000000000003E-12,2.5778E-09,3.2285999999999997E-07,-3.2215999999999997E-07
0.82500000000000007,0.84000000000000008,-3.6908E-09,-2.7600000000000004E-12,3.0236E-09,3.229E-07,-3.2215999999999997E-07
0.82000000000000006,0.84000000000000008,-4.2471E-09,1.7500000000000002E-12,3.5605E-09,3.228E-07,-3.2212E-07
0.81500000000000006,0.84000000000000008,-4.8591E-09,-6.1300000000000007E-12,4.1785E-09,3.2282E-07,-3.2212E-07
0.81,0.84000000000000008,-5.5755E-09,2.0700000000000003E-12,4.9169E-09,3.2288E-07,-3.2215999999999997E-07
0.805,0.84000000000000008,-6.4543E-09,-5.28E-12,5.7665E-09,3.2284E-07,-3.2215999999999997E-07
0.8,0.84000000000000008,-7.456E-09,-3.0000000000000005E-14,6.7756E-09,3.2285999999999997E-07,-3.2218E-07
0.795,0.84000000000000008,-8.632E-09,-9.36E-12,7.9738E-09,3.2288E-07,-3.2212E-07
0.79,0.84000000000000008,-1.00141E-08,-2.0000000000000003E-14,9.3628E-09,3.2282E-07,-3.2212E-07
0.785,0.84000000000000008,-1.1644799999999999E-08,-1.201E-11,1.10085E-08,3.2282E-07,-3.2214E-07
0.78,0.84000000000000008,-1.3581199999999999E-08,-6.8700000000000004E-12,1.2941399999999998E-08,3.2282E-07,-3.2215999999999997E-07
0.775,0.84000000000000008,-1.5893599999999998E-08,-9.7300000000000016E-12,1.5236599999999998E-08,3.229E-07,-3.2212E-07
0.77,0.84000000000000008,-1.85496E-08,-1.739E-11,1.79024E-08,3.228E-07,-3.2206E-07
0.765,0.84000000000000008,-2.1712399999999998E-08,-1.1340000000000001E-11,2.1083799999999998E-08,3.2284E-07,-3.2218E-07
0.76,0.84000000000000008,-2.5416599999999997E-08,-1.903E-11,2.47378E-08,3.2278E-07,-3.2215999999999997E-07
0.755,0.84000000000000008,-2.9790399999999996E-08,-1.7850000000000002E-11,2.91542E-08,3.2284E-07,-3.221E-07
0.75,0.84000000000000008,-3.48736E-08,-1.9350000000000003E-11,3.4266E-08,3.2284E-07,-3.2212E-07
0.745,0.84000000000000008,-4.0983199999999995E-08,-2.7410000000000002E-11,4.0335799999999994E-08,3.2284E-07,-3.2215999999999997E-07
0.74,0.84000000000000008,-4.8033E-08,-2.0370000000000003E-11,4.7390799999999993E-08,3.227E-07,-3.2214E-07
0.735,0.84000000000000008,-5.6447599999999995E-08,-3.314E-11,5.5870799999999994E-08,3.2282E-07,-3.2201999999999997E-07
0.73,0.84000000000000008,-6.6214599999999993E-08,-2.8300000000000002E-11,6.5555199999999991E-08,3.2288E-07,-3.2212E-07
0.72500000000000009,0.84000000000000008,-7.7839599999999992E-08,-3.365E-11,7.721419999999999E-08,3.2288E-07,-3.2224E-07
0.72000000000000008,0.84000000000000008,-9.12822E-08,-4.0040000000000005E-11,9.07298E-08,3.2284E-07,-3.2222E-07
0.71500000000000008,0.84000000000000008,-1.074996E-07,-3.5490000000000005E-11,1.068138E-07,3.2292E-07,-3.2214E-07
0.71000000000000008,0.84000000000000008,-1.262E-07,-4.9770000000000006E-11,1.2566E-07,3.229E-07,-3.2222E-07
0.70500000000000007,0.84000000000000008,-1.4866E-07,-4.1540000000000006E-11,1.4766E-07,3.2294E-07,-3.2215999999999997E-07
0.70000000000000007,0.84000000000000008,-1.7446E-07,-5.9070000000000009E-11,1.7391999999999999E-07,3.229E-07,-3.2222E-07
0.69500000000000006,0.84000000000000008,-2.0528E-07,-4.9400000000000005E-11,2.0472E-07,3.2284E-07,-3.2206E-07
0.69000000000000006,0.84000000000000008,-2.4115999999999997E-07,-6.708E-11,2.4003999999999997E-07,3.2288E-07,-3.221E-07
0.685,0.84000000000000008,-2.8364E-07,-6.17E-11,2.8303999999999997E-07,3.2278E-07,-3.221E-07
0.68,0.84000000000000008,-3.3364E-07,-7.2770000000000011E-11,3.3322E-07,3.2288E-07,-3.2212E-07
0.675,0.84000000000000008,-3.9228E-07,-7.334E-11,3.918E-07,3.228E-07,-3.2212E-07
0.67,0.84000000000000008,-4.6221999999999997E-07,-8.2280000000000012E-11,4.6186E-07,3.2278E-07,-3.2212E-07
0.665,0.84000000000000008,-5.4374E-07,-8.7310000000000007E-11,5.4322E-07,3.2282E-07,-3.2212E-07
0.66,0.84000000000000008,-6.3993999999999995E-07,-9.3750000000000012E-11,6.3876E-07,3.2282E-07,-3.2214E-07
0.655,0.84000000000000008,-7.524E-07,-1.0173000000000001E-10,7.5174E-07,3.2278E-07,-3.2218E-07
0.65,0.84000000000000008,-8.86E-07,-1.0538E-10,8.8438E-07,3.228E-07,-3.2208E-07
0.645,0.84000000000000008,-1.03992E-06,-1.1625000000000001E-10,1.04026E-06,3.2278E-07,-3.2215999999999997E-07
0.64,0.84000000000000008,-1.2215E-06,-1.1981E-10,1.2221000000000001E-06,3.2278E-07,-3.2214E-07
0.635,0.84000000000000008,-1.4356E-06,-1.2959000000000002E-10,1.4378000000000002E-06,3.2285999999999997E-07,-3.2206E-07
0.63,0.84000000000000008,-1.6910000000000002E-06,-1.3641000000000002E-10,1.6915000000000002E-06,3.2282E-07,-3.2214E-07
0.625,0.84000000000000008,-1.986E-06,-1.4550000000000002E-10,1.9873E-06,3.2285999999999997E-07,-3.2212E-07
0.62,0.84000000000000008,-2.3415000000000004E-06,-1.495E-10,2.3421000000000004E-06,3.2285999999999997E-07,-3.2206E-07
0.615,0.84000000000000008,-2.7540000000000002E-06,-1.5897000000000002E-10,2.7534E-06,3.2285999999999997E-07,-3.2215999999999997E-07
0.61,0.84000000000000008,-3.2419000000000003E-06,-1.6654E-10,3.2428000000000005E-06,3.2284E-07,-3.2201999999999997E-07
0.605,0.84000000000000008,-3.8098000000000004E-06,-1.7416000000000002E-10,3.8138000000000002E-06,3.2276E-07,-3.22E-07
0.6,0.84000000000000008,-4.4838E-06,-1.8598000000000001E-10,4.4879000000000007E-06,3.2278E-07,-3.2212E-07
0.595,0.84000000000000008,-5.2609000000000007E-06,-1.9406000000000003E-10,5.253E-06,3.2282E-07,-3.2215999999999997E-07
0.59000000000000008,0.84000000000000008,-6.1877000000000009E-06,-2.0634E-10,6.1790000000000005E-06,3.2284E-07,-3.221E-07
0.58500000000000008,0.84000000000000008,-7.2573000000000008E-06,-2.1584000000000003E-10,7.2578000000000011E-06,3.2276E-07,-3.2212E-07
0.58000000000000007,0.84000000000000008,-8.5226E-06,-2.2464E-10,8.5279E-06,3.2285999999999997E-07,-3.2214E-07
0.57500000000000007,0.84000000000000008,-9.9932000000000012E-06,-2.3106000000000003E-10,9.9986000000000011E-06,3.2282E-07,-3.2214E-07
0.57000000000000006,0.84000000000000008,-1.1730000000000001E-05,-2.4177000000000003E-10,1.171E-05,3.228E-07,-3.221E-07
0.56500000000000006,0.84000000000000008,-1.372E-05,-2.5265E-10,1.3704000000000001E-05,3.2278E-07,-3.2208E-07
0.56,0.84000000000000008,-1.6074E-05,-2.6532E-10,1.6076E-05,3.229E-07,-3.2218E-07
0.555,0.84000000000000008,-1.8792000000000002E-05,-2.7437E-10,1.8792000000000002E-05,3.2288E-07,-3.2212E-07
0.55,0.84000000000000008,-2.2032000000000002E-05,-2.8633000000000003E-10,2.197E-05,3.2278E-07,-3.2206E-07
0.545,0.84000000000000008,-2.5618E-05,-2.9873E-10,2.5632E-05,3.228E-07,-3.2206E-07
0.54,0.84000000000000008,-2.9914000000000002E-05,-3.0820000000000003E-10,2.9928000000000002E-05,3.2282E-07,-3.2212E-07
0.535,0.84000000000000008,-3.4814E-05,-3.2199000000000004E-10,3.4826E-05,3.2284E-07,-3.2215999999999997E-07
0.53,0.84000000000000008,-4.0548E-05,-3.2917E-10,4.0522E-05,3.2285999999999997E-07,-3.2218E-07
0.525,0.84000000000000008,-4.7064E-05,-3.4592000000000003E-10,4.7042E-05,3.2282E-07,-3.2212E-07
0.52,0.84000000000000008,-5.4606E-05,-3.5459E-10,5.4612000000000005E-05,3.2284E-07,-3.2212E-07
0.515,0.84000000000000008,-6.3072000000000009E-05,-3.729E-10,6.3012E-05,3.2282E-07,-3.2212E-07
0.51,0.84000000000000008,-7.287E-05,-3.8043000000000005E-10,7.2930000000000008E-05,3.228E-07,-3.221E-07
0.505,0.84000000000000008,-8.3864000000000009E-05,-3.9843000000000004E-10,8.385200000000001E-05,3.2284E-07,-3.2212E-07
0.5,0.84000000000000008,-9.6442000000000009E-05,-4.0628E-10,9.6446E-05,3.2282E-07,-3.2212E-07
0.49500000000000005,0.84000000000000008,-0.00011039800000000001,-4.3012E-10,0.000110408,3.229E-07,-3.222E-07
0.49000000000000005,0.84000000000000008,-0.00012604,-4.4339000000000006E-10,0.00012616,3.2284E-07,-3.221E-07
0.48500000000000004,0.84000000000000008,-0.00014336,-4.524E-10,0.00014364,3.2276E-07,-3.2208E-07
0.48000000000000004,0.84000000000000008,-0.00016318000000000002,-4.7157000000000006E-10,0.00016336,3.2282E-07,-3.2201999999999997E-07
0.47500000000000003,0.84000000000000008,-0.0001845,-4.7973000000000006E-10,0.00018464000000000002,3.2285999999999997E-07,-3.2215999999999997E-07
0.47000000000000003,0.84000000000000008,-0.00020846000000000002,-5.034E-10,0.00020876,3.2294E-07,-3.2224E-07
0.465,0.84000000000000008,-0.00023446,-5.1418000000000008E-10,0.00023478000000000003,3.2278E-07,-3.221E-07
0.46,0.84000000000000008,-0.00026326,-5.3814000000000007E-10,0.00026332,3.2282E-07,-3.2212E-07
0.455,0.84000000000000008,-0.00029362,-5.4815E-10,0.00029412000000000004,3.2284E-07,-3.2214E-07
0.45,0.84000000000000008,-0.00032762000000000004,-5.696500000000001E-10,0.0003278,3.2282E-07,-3.2218E-07
0.445,0.84000000000000008,-0.00036346,-5.8425E-10,0.00036346,3.2288E-07,-3.221E-07
0.44,0.84000000000000008,-0.00040218000000000003,-6.0824000000000006E-10,0.00040264,3.2278E-07,-3.2215999999999997E-07
0.435,0.84000000000000008,-0.00044308000000000005,-6.2208000000000009E-10,0.00044348,3.2282E-07,-3.2212E-07
0.43,0.84000000000000008,-0.00048750000000000003,-6.5999E-10,0.00048754,3.229E-07,-3.2214E-07
0.42500000000000004,0.84000000000000008,-0.00053332,-6.694500000000001E-10,0.00053380000000000007,3.228E-07,-3.2215999999999997E-07
0.42000000000000004,0.84000000000000008,-0.0005825,-7.0093000000000008E-10,0.00058288,3.2285999999999997E-07,-3.2215999999999997E-07
0.41500000000000004,0.84000000000000008,-0.00063342,-7.1463E-10,0.00063368000000000007,3.2288E-07,-3.2222E-07
0.41000000000000003,0.84000000000000008,-0.00068756,-7.4574000000000005E-10,0.00068784,3.2284E-07,-3.2218E-07
0.405,0.84000000000000008,-0.00074308,-7.6328000000000008E-10,0.00074360000000000008,3.2284E-07,-3.222E-07
0.4,0.84000000000000008,-0.00080166,-7.9465E-10,0.00080146,3.2284E-07,-3.2218E-07
0.395,0.84000000000000008,-0.00086138,-8.0045000000000006E-10,0.0008616600000000001,3.2292E-07,-3.2215999999999997E-07
0.39,0.84000000000000008,-0.00092396,-8.3157000000000006E-10,0.00092390000000000007,3.229E-07,-3.2212E-07
0.385,0.84000000000000008,-0.00098692,-8.536200000000001E-10,0.0009867,3.228E-07,-3.2214E-07
0.38,0.84000000000000008,-0.00105224,-8.8649000000000011E-10,0.00105342,3.2284E-07,-3.2215999999999997E-07
0.375,0.84000000000000008,-0.0011188600000000002,-9.1073000000000012E-10,0.00111902,3.2282E-07,-3.2212E-07
0.37,0.84000000000000008,-0.0011884,-9.4524000000000014E-10,0.0011886,3.2282E-07,-3.222E-07
0.365,0.84000000000000008,-0.0012568,-9.6962E-10,0.0012574,3.229E-07,-3.2222E-07
0.36000000000000004,0.84000000000000008,-0.001328,-9.9982000000000017E-10,0.0013278,3.2285999999999997E-07,-3.2215999999999997E-07
0.35500000000000004,0.84000000000000008,-0.0013988,-1.03022E-09,0.0013996,3.2284E-07,-3.2218E-07
0.35000000000000003,0.84000000000000008,-0.0014714,-1.06448E-09,0.0014718,3.229E-07,-3.2215999999999997E-07
0.34500000000000003,0.84000000000000008,-0.0015436,-1.09314E-09,0.001544,3.2282E-07,-3.2218E-07
0.34,0.84000000000000008,-0.0016166,-1.1321E-09,0.0016184,3.2282E-07,-3.221E-07
0.335,0.84000000000000008,-0.0016914,-1.166E-09,0.0016914,3.2284E-07,-3.221E-07
0.33,0.84000000000000008,-0.001765,-1.2007E-09,0.0017654,3.228E-07,-3.2218E-07
0.325,0.84000000000000008,-0.0018392,-1.238E-09,0.00184,3.228E-07,-3.2212E-07
0.32,0.84000000000000008,-0.0019144000000000001,-1.2731E-09,0.001915,3.2284E-07,-3.2215999999999997E-07
0.315,0.84000000000000008,-0.0019874,-1.3155E-09,0.001989,3.2282E-07,-3.2212E-07
0.31,0.84000000000000008,-0.002062,-1.3539E-09,0.0020628,3.2274E-07,-3.2212E-07
0.305,0.84000000000000008,-0.0021352,-1.4005E-09,0.0021366000000000002,3.228E-07,-3.2212E-07
0.3,0.84000000000000008,-0.0022106,-1.4361E-09,0.0022108,3.2284E-07,-3.2218E-07
0.29500000000000004,0.84000000000000008,-0.0022832,-1.4863E-09,0.0022836,3.2282E-07,-3.2218E-07
0.29000000000000004,0.84000000000000008,-0.0023562,-1.5188E-09,0.0023576,3.2288E-07,-3.222E-07
0.28500000000000003,0.84000000000000008,-0.0024284000000000003,-1.5732E-09,0.0024284000000000003,3.2284E-07,-3.221E-07
0.28,0.84000000000000008,-0.0024998,-1.6166E-09,0.002501,3.2284E-07,-3.2218E-07
0.275,0.84000000000000008,-0.0025712,-1.6685E-09,0.0025718,3.229E-07,-3.2222E-07
0.27,0.84000000000000008,-0.0026426,-1.7114E-09,0.0026436,3.2285999999999997E-07,-3.222E-07
0.265,0.84000000000000008,-0.002712,-1.7703E-09,0.0027124000000000002,3.2284E-07,-3.222E-07
0.26,0.84000000000000008,-0.0027824,-1.8122E-09,0.0027824,3.2284E-07,-3.2222E-07
0.255,0.84000000000000008,-0.0028496,-1.876E-09,0.0028508,3.2285999999999997E-07,-3.2215999999999997E-07
0.25,0.84000000000000008,-0.0029182,-1.9211E-09,0.0029188,3.2284E-07,-3.2218E-07
0.24500000000000002,0.84000000000000008,-0.0029844,-1.9811E-09,0.0029850000000000002,3.2282E-07,-3.2222E-07
0.24000000000000002,0.84000000000000008,-0.0030502,-2.0469E-09,0.0030508,3.2282E-07,-3.2215999999999997E-07
0.23500000000000001,0.84000000000000008,-0.0031166,-2.1102E-09,0.0031168,3.2282E-07,-3.221E-07
0.23,0.84000000000000008,-0.0031802,-2.1695E-09,0.0031812,3.2278E-07,-3.221E-07
0.225,0.84000000000000008,-0.0032438000000000002,-2.2326E-09,0.0032442,3.2274E-07,-3.221E-07
0.22,0.84000000000000008,-0.0033072,-2.2972E-09,0.0033076,3.2271999999999997E-07,-3.221E-07
0.215,0.84000000000000008,-0.003369,-2.3568E-09,0.0033704,3.2278E-07,-3.221E-07
0.21000000000000002,0.84000000000000008,-0.00343,-2.4228E-09,0.0034302,3.2282E-07,-3.221E-07
0.20500000000000002,0.84000000000000008,-0.0034908,-2.4873E-09,0.003492,3.228E-07,-3.2212E-07
0.2,0.84000000000000008,-0.0035498,-2.5646E-09,0.0035494,3.228E-07,-3.221E-07
0.195,0.84000000000000008,-0.003608,-2.6263E-09,0.0036072,3.2276E-07,-3.2215999999999997E-07
0.19,0.84000000000000008,-0.0036636,-2.7021E-09,0.0036646,3.2276E-07,-3.2218E-07
0.185,0.84000000000000008,-0.0037208000000000002,-2.7701E-09,0.0037214,3.2284E-07,-3.2215999999999997E-07
0.18000000000000002,0.84000000000000008,-0.003777,-2.851E-09,0.0037778,3.2288E-07,-3.2222E-07
0.17500000000000002,0.84000000000000008,-0.0038312,-2.9235E-09,0.0038326000000000002,3.2284E-07,-3.2218E-07
0.17,0.84000000000000008,-0.0038846,-3.0072E-09,0.0038856,3.2268E-07,-3.221E-07
0.165,0.84000000000000008,-0.003939,-3.0831E-09,0.0039378,3.227E-07,-3.2214E-07
0.16,0.84000000000000008,-0.0039916,-3.1668E-09,0.0039922000000000004,3.2271999999999997E-07,-3.2215999999999997E-07
0.155,0.84000000000000008,-0.0040418,-3.2842E-09,0.0040418,3.2285999999999997E-07,-3.2224E-07
0.15,0.84000000000000008,-0.0040926,-3.3663E-09,0.004092,3.2282E-07,-3.2222E-07
0.14500000000000002,0.84000000000000008,-0.004141,-3.4498E-09,0.0041422,3.2288E-07,-3.2224E-07
0.14,0.84000000000000008,-0.00419,-3.5421E-09,0.0041894,3.2292E-07,-3.2224E-07
0.135,0.84000000000000008,-0.0042378,-3.6359E-09,0.0042392,3.2282E-07,-3.2214E-07
0.13,0.84000000000000008,-0.0042852,-3.7229E-09,0.0042868,3.2278E-07,-3.2214E-07
0.125,0.84000000000000008,-0.0043324,-3.8296E-09,0.0043326,3.2278E-07,-3.2212E-07
0.12000000000000001,0.84000000000000008,-0.0043782000000000005,-3.9177E-09,0.0043782000000000005,3.228E-07,-3.2212E-07
0.115,0.84000000000000008,-0.0044224,-4.0273E-09,0.0044228,3.2276E-07,-3.2214E-07
0.11,0.84000000000000008,-0.0044676,-4.1177E-09,0.0044664,3.228E-07,-3.2212E-07
0.10500000000000001,0.84000000000000008,-0.0045082,-4.2328E-09,0.0045098000000000004,3.2274E-07,-3.2201999999999997E-07
0.1,0.84000000000000008,-0.0045526,-4.3357E-09,0.0045526,3.227E-07,-3.2212E-07
0.095,0.84000000000000008,-0.004594,-4.4513E-09,0.004594,3.227E-07,-3.2212E-07
0.090000000000000011,0.84000000000000008,-0.0046346,-4.5526E-09,0.0046354000000000005,3.228E-07,-3.2224E-07
0.085,0.84000000000000008,-0.0046744,-4.6724E-09,0.0046744,3.2278E-07,-3.2218E-07
0.08,0.84000000000000008,-0.0047144,-4.7752E-09,0.004714,3.228E-07,-3.2215999999999997E-07
0.075,0.84000000000000008,-0.004753,-4.8655E-09,0.0047536,3.2274E-07,-3.2215999999999997E-07
0.07,0.84000000000000008,-0.0047922,-4.9866E-09,0.0047924000000000005,3.2288E-07,-3.2226E-07
0.065,0.84000000000000008,-0.0048294,-5.1203E-09,0.0048302,3.2284E-07,-3.2212E-07
0.060000000000000005,0.84000000000000008,-0.0048664,-5.2494E-09,0.0048658,3.2278E-07,-3.2215999999999997E-07
0.055,0.84000000000000008,-0.0049026,-5.3681E-09,0.004902,3.2278E-07,-3.2218E-07
0.05,0.84000000000000008,-0.0049372,-5.4979E-09,0.0049366,3.229E-07,-3.2215999999999997E-07
0.045000000000000005,0.84000000000000008,-0.0049738000000000004,-5.6358E-09,0.004974,3.2282E-07,-3.2218E-07
0.04,0.84000000000000008,-0.005008,-5.7706E-09,0.0050082,3.2276E-07,-3.2218E-07
0.035,0.84000000000000008,-0.0050408,-5.9167E-09,0.0050406,3.2278E-07,-3.2224E-07
0.030000000000000002,0.84000000000000008,-0.0050750000000000005,-6.0586E-09,0.0050732,3.2276E-07,-3.2212E-07
0.025,0.84000000000000008,-0.005106,-6.2143E-09,0.005107,3.228E-07,-3.222E-07
0.02,0.84000000000000008,-0.0051386,-6.3636E-09,0.0051384,3.2282E-07,-3.2212E-07
0.015000000000000001,0.84000000000000008,-0.0051704,-6.5235E-09,0.00517,3.2278E-07,-3.2222E-07
0.01,0.84000000000000008,-0.0052006000000000005,-6.6752E-09,0.0052006000000000005,3.2276E-07,-3.222E-07
0.005,0.84000000000000008,-0.005231,-6.8355E-09,0.0052318,3.2276E-07,-3.2212E-07
0,0.84000000000000008,-0.0052616,-7.0363E-09,0.0052626,3.2276E-07,-3.221E-07
1.2,0.85000000000000009,-6.0508E-10,4.3525E-10,-2.753E-11,3.2232E-07,-3.2212E-07
1.195,0.85000000000000009,-6.2035E-10,4.0645000000000003E-10,-2.7540000000000003E-11,3.224E-07,-3.2204E-07
1.19,0.85000000000000009,-6.0623000000000009E-10,3.6230000000000003E-10,-2.5210000000000003E-11,3.2246E-07,-3.2218E-07
1.185,0.85000000000000009,-6.187300000000001E-10,3.4062E-10,-2.3930000000000002E-11,3.2252E-07,-3.221E-07
1.1800000000000002,0.85000000000000009,-6.2645E-10,2.9980000000000004E-10,-2.274E-11,3.2248E-07,-3.2208E-07
1.175,0.85000000000000009,-5.946000000000001E-10,2.8552E-10,-2.2220000000000002E-11,3.225E-07,-3.221E-07
1.1700000000000002,0.85000000000000009,-6.0811000000000008E-10,2.5363000000000003E-10,-2.039E-11,3.2248E-07,-3.2208E-07
1.165,0.85000000000000009,-6.2033000000000007E-10,2.3962E-10,-1.9400000000000002E-11,3.2254E-07,-3.2212E-07
1.1600000000000001,0.85000000000000009,-6.0838E-10,2.0888E-10,-1.917E-11,3.2257999999999997E-07,-3.221E-07
1.155,0.85000000000000009,-5.9080000000000007E-10,2.0243000000000002E-10,-1.7470000000000002E-11,3.2257999999999997E-07,-3.2215999999999997E-07
1.1500000000000001,0.85000000000000009,-6.1484E-10,1.7689000000000002E-10,-1.4450000000000001E-11,3.226E-07,-3.2214E-07
1.145,0.85000000000000009,-6.0993000000000008E-10,1.7118000000000002E-10,-1.644E-11,3.2252E-07,-3.2204E-07
1.1400000000000001,0.85000000000000009,-5.9087E-10,1.5002000000000002E-10,-1.466E-11,3.2264E-07,-3.2206E-07
1.135,0.85000000000000009,-5.9732000000000006E-10,1.4806E-10,-1.3390000000000002E-11,3.2262E-07,-3.2212E-07
1.1300000000000001,0.85000000000000009,-6.1304000000000009E-10,1.2507000000000001E-10,-1.2030000000000001E-11,3.2266E-07,-3.2212E-07
1.125,0.85000000000000009,-5.8963000000000006E-10,1.2649000000000002E-10,-1.2630000000000001E-11,3.227E-07,-3.2215999999999997E-07
1.12,0.85000000000000009,-5.8739000000000008E-10,1.0853000000000001E-10,-1.0820000000000001E-11,3.2264E-07,-3.2206E-07
1.115,0.85000000000000009,-6.0826E-10,1.0831000000000001E-10,-9.94E-12,3.226E-07,-3.2208E-07
1.11,0.85000000000000009,-6.0702E-10,9.0530000000000009E-11,-9.54E-12,3.226E-07,-3.22E-07
1.105,0.85000000000000009,-5.7959000000000006E-10,9.4060000000000009E-11,-8.93E-12,3.2266E-07,-3.2215999999999997E-07
1.1,0.85000000000000009,-5.9757E-10,7.858E-11,-6.41E-12,3.2268E-07,-3.2212E-07
1.095,0.85000000000000009,-6.0382000000000009E-10,8.1730000000000011E-11,-7.8800000000000012E-12,3.2271999999999997E-07,-3.2206E-07
1.09,0.85000000000000009,-5.8568000000000009E-10,6.888E-11,-7.31E-12,3.226E-07,-3.2214E-07
1.085,0.85000000000000009,-5.8294000000000006E-10,7.212E-11,-6.4200000000000005E-12,3.227E-07,-3.2206E-07
1.08,0.85000000000000009,-6.1125E-10,5.7040000000000004E-11,-4.6600000000000007E-12,3.2264E-07,-3.2204E-07
1.075,0.85000000000000009,-5.9213E-10,6.053000000000001E-11,-5.7100000000000005E-12,3.227E-07,-3.221E-07
1.07,0.85000000000000009,-5.7808E-10,4.9620000000000005E-11,-2.7600000000000004E-12,3.2268E-07,-3.2204E-07
1.065,0.85000000000000009,-5.9818E-10,5.4270000000000004E-11,-2.7100000000000004E-12,3.2262E-07,-3.2206E-07
1.06,0.85000000000000009,-6.0397E-10,4.3250000000000006E-11,-2.6300000000000003E-12,3.227E-07,-3.2215999999999997E-07
1.0550000000000002,0.85000000000000009,-5.7762E-10,4.7140000000000005E-11,-1.6E-12,3.227E-07,-3.2212E-07
1.05,0.85000000000000009,-5.8297E-10,3.9170000000000005E-11,-1.9000000000000002E-13,3.2271999999999997E-07,-3.2214E-07
1.0450000000000002,0.85000000000000009,-5.9827E-10,4.054E-11,4.2000000000000003E-13,3.2264E-07,-3.2208E-07
1.04,0.85000000000000009,-5.8406E-10,3.395E-11,8.300000000000001E-13,3.227E-07,-3.2212E-07
1.0350000000000001,0.85000000000000009,-5.7192E-10,3.743E-11,3.4000000000000005E-12,3.227E-07,-3.2212E-07
1.03,0.85000000000000009,-5.9506E-10,3.2680000000000004E-11,3.82E-12,3.227E-07,-3.2206E-07
1.0250000000000001,0.85000000000000009,-5.9094E-10,3.2460000000000003E-11,3.71E-12,3.2268E-07,-3.2215999999999997E-07
1.02,0.85000000000000009,-5.7133E-10,2.8290000000000003E-11,5.43E-12,3.2268E-07,-3.221E-07
1.0150000000000001,0.85000000000000009,-5.8511000000000006E-10,2.7740000000000003E-11,7.27E-12,3.2276E-07,-3.2218E-07
1.01,0.85000000000000009,-6.0387E-10,2.154E-11,8.41E-12,3.2276E-07,-3.2218E-07
1.0050000000000001,0.85000000000000009,-5.8304000000000009E-10,2.4150000000000002E-11,9.6200000000000014E-12,3.2276E-07,-3.2212E-07
1,0.85000000000000009,-5.7839E-10,2.2900000000000003E-11,1.1750000000000001E-11,3.2276E-07,-3.2212E-07
0.995,0.85000000000000009,-5.9826000000000006E-10,2.1570000000000003E-11,1.4670000000000003E-11,3.2271999999999997E-07,-3.2218E-07
0.9900000000000001,0.85000000000000009,-5.9724E-10,1.8470000000000002E-11,1.544E-11,3.227E-07,-3.2212E-07
0.9850000000000001,0.85000000000000009,-5.7534E-10,2.1370000000000003E-11,1.892E-11,3.2271999999999997E-07,-3.221E-07
0.98000000000000009,0.85000000000000009,-5.9207E-10,1.8600000000000002E-11,2.369E-11,3.2257999999999997E-07,-3.2215999999999997E-07
0.97500000000000009,0.85000000000000009,-6.1163000000000009E-10,1.761E-11,2.6390000000000002E-11,3.2266E-07,-3.2206E-07
0.97000000000000008,0.85000000000000009,-5.9286000000000006E-10,1.774E-11,2.9590000000000005E-11,3.2264E-07,-3.221E-07
0.96500000000000008,0.85000000000000009,-5.9502000000000008E-10,1.852E-11,3.482E-11,3.2264E-07,-3.2208E-07
0.96000000000000008,0.85000000000000009,-6.2913000000000008E-10,1.3240000000000001E-11,4.078E-11,3.2266E-07,-3.221E-07
0.95500000000000007,0.85000000000000009,-6.2431000000000009E-10,1.282E-11,4.5620000000000006E-11,3.227E-07,-3.221E-07
0.95000000000000007,0.85000000000000009,-6.1615000000000009E-10,1.2980000000000002E-11,5.561E-11,3.2276E-07,-3.2215999999999997E-07
0.94500000000000006,0.85000000000000009,-6.4143E-10,1.3380000000000002E-11,6.449E-11,3.2264E-07,-3.2208E-07
0.94000000000000006,0.85000000000000009,-6.6268E-10,1.089E-11,7.452E-11,3.2276E-07,-3.221E-07
0.935,0.85000000000000009,-6.4782E-10,1.3490000000000002E-11,8.688E-11,3.2276E-07,-3.2215999999999997E-07
0.93,0.85000000000000009,-6.6671000000000007E-10,1.1720000000000001E-11,1.0174E-10,3.2266E-07,-3.2214E-07
0.925,0.85000000000000009,-7.0266E-10,1.097E-11,1.1773000000000002E-10,3.2276E-07,-3.221E-07
0.92,0.85000000000000009,-7.0587000000000007E-10,9.64E-12,1.3809E-10,3.2257999999999997E-07,-3.2201999999999997E-07
0.915,0.85000000000000009,-7.1573000000000007E-10,1.1240000000000001E-11,1.6132000000000002E-10,3.2266E-07,-3.2204E-07
0.91,0.85000000000000009,-7.6944000000000008E-10,7.39E-12,1.8941000000000002E-10,3.2264E-07,-3.2204E-07
0.905,0.85000000000000009,-8.0318E-10,9.03E-12,2.1988000000000002E-10,3.2268E-07,-3.22E-07
0.9,0.85000000000000009,-8.166900000000001E-10,7.94E-12,2.5920000000000005E-10,3.2268E-07,-3.221E-07
0.895,0.85000000000000009,-8.6961000000000006E-10,8.8800000000000009E-12,3.0432000000000004E-10,3.2276E-07,-3.2212E-07
0.89,0.85000000000000009,-9.3996000000000013E-10,5.02E-12,3.5732E-10,3.227E-07,-3.2215999999999997E-07
0.885,0.85000000000000009,-9.7889000000000012E-10,7.34E-12,4.1737000000000003E-10,3.2264E-07,-3.2206E-07
0.88,0.85000000000000009,-1.0448700000000001E-09,5.1000000000000005E-12,4.9162E-10,3.2271999999999997E-07,-3.2201999999999997E-07
0.875,0.85000000000000009,-1.1506700000000001E-09,7.64E-12,5.7668E-10,3.227E-07,-3.2215999999999997E-07
0.87,0.85000000000000009,-1.2477E-09,9.67E-12,6.7724E-10,3.227E-07,-3.2214E-07
0.865,0.85000000000000009,-1.4378E-09,-1.2500000000000001E-12,7.927400000000001E-10,3.2276E-07,-3.221E-07
0.86,0.85000000000000009,-1.5487E-09,1.016E-11,9.3066000000000007E-10,3.2276E-07,-3.2212E-07
0.85500000000000009,0.85000000000000009,-1.6572E-09,-1.0500000000000002E-12,1.09442E-09,3.227E-07,-3.2212E-07
0.85000000000000009,0.85000000000000009,-1.8613E-09,8.1800000000000011E-12,1.2861E-09,3.2268E-07,-3.2212E-07
0.84500000000000008,0.85000000000000009,-2.0805E-09,6.51E-12,1.5092E-09,3.227E-07,-3.221E-07
0.84000000000000008,0.85000000000000009,-2.338E-09,-3.66E-12,1.7732E-09,3.227E-07,-3.2212E-07
0.83500000000000008,0.85000000000000009,-2.6227E-09,5.5600000000000005E-12,2.0796E-09,3.2271999999999997E-07,-3.2208E-07
0.83000000000000007,0.85000000000000009,-3.0077E-09,-4.3000000000000007E-12,2.449E-09,3.2276E-07,-3.2215999999999997E-07
0.82500000000000007,0.85000000000000009,-3.4319E-09,3.0600000000000003E-12,2.8714E-09,3.227E-07,-3.2208E-07
0.82000000000000006,0.85000000000000009,-3.9252E-09,-4.8600000000000007E-12,3.3822E-09,3.2271999999999997E-07,-3.2215999999999997E-07
0.81500000000000006,0.85000000000000009,-4.5043E-09,2.41E-12,3.9661E-09,3.227E-07,-3.2204E-07
0.81,0.85000000000000009,-5.231E-09,-7.16E-12,4.6672E-09,3.2278E-07,-3.2214E-07
0.805,0.85000000000000009,-6.0337E-09,7E-13,5.4794E-09,3.2274E-07,-3.2214E-07
0.8,0.85000000000000009,-6.9737E-09,-8.780000000000001E-12,6.4279E-09,3.227E-07,-3.221E-07
0.795,0.85000000000000009,-8.1151E-09,-7.3E-13,7.5649E-09,3.227E-07,-3.221E-07
0.79,0.85000000000000009,-9.4368E-09,-1.1050000000000002E-11,8.8616E-09,3.2274E-07,-3.2204E-07
0.785,0.85000000000000009,-1.10182E-08,-3.4000000000000005E-12,1.04451E-08,3.2271999999999997E-07,-3.221E-07
0.78,0.85000000000000009,-1.2814599999999999E-08,-7.8900000000000013E-12,1.2299799999999998E-08,3.227E-07,-3.221E-07
0.775,0.85000000000000009,-1.50016E-08,-1.653E-11,1.4448599999999999E-08,3.227E-07,-3.2218E-07
0.77,0.85000000000000009,-1.75062E-08,-9.4200000000000015E-12,1.7001599999999997E-08,3.2276E-07,-3.2212E-07
0.765,0.85000000000000009,-2.05054E-08,-1.7850000000000002E-11,2.0017399999999998E-08,3.2271999999999997E-07,-3.221E-07
0.76,0.85000000000000009,-2.4034199999999996E-08,-1.5520000000000002E-11,2.3471199999999996E-08,3.2282E-07,-3.2214E-07
0.755,0.85000000000000009,-2.81644E-08,-1.7580000000000002E-11,2.7640399999999996E-08,3.2278E-07,-3.2218E-07
0.75,0.85000000000000009,-3.2977799999999995E-08,-2.5980000000000004E-11,3.2465399999999995E-08,3.227E-07,-3.2212E-07
0.745,0.85000000000000009,-3.8797999999999994E-08,-1.779E-11,3.8236E-08,3.227E-07,-3.2215999999999997E-07
0.74,0.85000000000000009,-4.5437399999999994E-08,-3.2470000000000005E-11,4.4959799999999996E-08,3.227E-07,-3.221E-07
0.735,0.85000000000000009,-5.33462E-08,-2.5060000000000002E-11,5.29208E-08,3.2276E-07,-3.2218E-07
0.73,0.85000000000000009,-6.27942E-08,-3.409E-11,6.224E-08,3.2271999999999997E-07,-3.221E-07
0.72500000000000009,0.85000000000000009,-7.3751399999999992E-08,-3.5820000000000005E-11,7.334359999999999E-08,3.227E-07,-3.2218E-07
0.72000000000000008,0.85000000000000009,-8.649319999999999E-08,-3.4290000000000005E-11,8.6282399999999987E-08,3.2276E-07,-3.221E-07
0.71500000000000008,0.85000000000000009,-1.018592E-07,-4.7400000000000006E-11,1.0124959999999999E-07,3.2274E-07,-3.2212E-07
0.71000000000000008,0.85000000000000009,-1.1938E-07,-3.9860000000000005E-11,1.1914E-07,3.227E-07,-3.2212E-07
0.70500000000000007,0.85000000000000009,-1.4072E-07,-5.4980000000000007E-11,1.4036E-07,3.2276E-07,-3.2215999999999997E-07
0.70000000000000007,0.85000000000000009,-1.6534E-07,-4.876E-11,1.6496E-07,3.2278E-07,-3.2212E-07
0.69500000000000006,0.85000000000000009,-1.9526E-07,-6.247E-11,1.9386E-07,3.227E-07,-3.2212E-07
0.69000000000000006,0.85000000000000009,-2.2906E-07,-6.094E-11,2.2738E-07,3.227E-07,-3.2214E-07
0.685,0.85000000000000009,-2.693E-07,-7.042E-11,2.6776E-07,3.2278E-07,-3.2218E-07
0.68,0.85000000000000009,-3.1686E-07,-6.981E-11,3.159E-07,3.2271999999999997E-07,-3.2218E-07
0.675,0.85000000000000009,-3.7202E-07,-8.145E-11,3.7155999999999997E-07,3.2274E-07,-3.2218E-07
0.67,0.85000000000000009,-4.3814E-07,-8.0830000000000007E-11,4.3728E-07,3.227E-07,-3.2215999999999997E-07
0.665,0.85000000000000009,-5.1478E-07,-9.4640000000000009E-11,5.1414E-07,3.2278E-07,-3.2218E-07
0.66,0.85000000000000009,-6.0519999999999994E-07,-9.528E-11,6.0582E-07,3.2271999999999997E-07,-3.2218E-07
0.655,0.85000000000000009,-7.1274E-07,-1.0457000000000001E-10,7.1212E-07,3.2278E-07,-3.2212E-07
0.65,0.85000000000000009,-8.4012E-07,-1.0941000000000001E-10,8.3524E-07,3.2284E-07,-3.2215999999999997E-07
0.645,0.85000000000000009,-9.859E-07,-1.1773000000000002E-10,9.8478E-07,3.227E-07,-3.222E-07
0.64,0.85000000000000009,-1.1586E-06,-1.2337E-10,1.1579000000000002E-06,3.227E-07,-3.2215999999999997E-07
0.635,0.85000000000000009,-1.3596E-06,-1.3009000000000001E-10,1.3610000000000002E-06,3.2276E-07,-3.2222E-07
0.63,0.85000000000000009,-1.6010000000000002E-06,-1.3993E-10,1.6024000000000001E-06,3.2278E-07,-3.2222E-07
0.625,0.85000000000000009,-1.8821000000000002E-06,-1.4542E-10,1.8830000000000002E-06,3.2276E-07,-3.2212E-07
0.62,0.85000000000000009,-2.2070000000000002E-06,-1.5692E-10,2.2099000000000002E-06,3.2266E-07,-3.2206E-07
0.615,0.85000000000000009,-2.6050000000000005E-06,-1.6364000000000002E-10,2.5989000000000002E-06,3.227E-07,-3.2204E-07
0.61,0.85000000000000009,-3.0686E-06,-1.7325000000000002E-10,3.0693000000000004E-06,3.2257999999999997E-07,-3.2212E-07
0.605,0.85000000000000009,-3.6057000000000005E-06,-1.7954E-10,3.6049000000000004E-06,3.228E-07,-3.2215999999999997E-07
0.6,0.85000000000000009,-4.2381E-06,-1.9122E-10,4.2411000000000008E-06,3.227E-07,-3.2212E-07
0.595,0.85000000000000009,-4.9737E-06,-1.9738000000000002E-10,4.9802E-06,3.2274E-07,-3.2206E-07
0.59000000000000008,0.85000000000000009,-5.8502E-06,-2.0876E-10,5.8415000000000007E-06,3.2278E-07,-3.2224E-07
0.58500000000000008,0.85000000000000009,-6.854100000000001E-06,-2.2019000000000002E-10,6.836E-06,3.2278E-07,-3.2222E-07
0.58000000000000007,0.85000000000000009,-8.0543E-06,-2.2699E-10,8.0599E-06,3.2278E-07,-3.2215999999999997E-07
0.57500000000000007,0.85000000000000009,-9.4638E-06,-2.3866000000000003E-10,9.4661E-06,3.2284E-07,-3.2218E-07
0.57000000000000006,0.85000000000000009,-1.1091200000000002E-05,-2.4706E-10,1.10946E-05,3.2282E-07,-3.222E-07
0.56500000000000006,0.85000000000000009,-1.3016E-05,-2.5758E-10,1.2946000000000001E-05,3.2271999999999997E-07,-3.2222E-07
0.56,0.85000000000000009,-1.5184E-05,-2.7238000000000005E-10,1.5202000000000001E-05,3.228E-07,-3.2214E-07
0.555,0.85000000000000009,-1.7758000000000002E-05,-2.8727000000000003E-10,1.7762E-05,3.2288E-07,-3.222E-07
0.55,0.85000000000000009,-2.0744E-05,-2.9845000000000004E-10,2.0766E-05,3.2282E-07,-3.222E-07
0.545,0.85000000000000009,-2.4118000000000002E-05,-3.1214E-10,2.4168E-05,3.2278E-07,-3.2218E-07
0.54,0.85000000000000009,-2.8222000000000002E-05,-3.2028E-10,2.822E-05,3.2276E-07,-3.222E-07
0.535,0.85000000000000009,-3.2842E-05,-3.3537E-10,3.2848E-05,3.2278E-07,-3.2218E-07
0.53,0.85000000000000009,-3.8188E-05,-3.4421000000000004E-10,3.8174000000000004E-05,3.2276E-07,-3.2215999999999997E-07
0.525,0.85000000000000009,-4.424E-05,-3.6103000000000004E-10,4.421E-05,3.2276E-07,-3.2218E-07
0.52,0.85000000000000009,-5.1302000000000004E-05,-3.6813000000000005E-10,5.1318E-05,3.2278E-07,-3.2218E-07
0.515,0.85000000000000009,-5.9236E-05,-3.7829000000000005E-10,5.9256E-05,3.2288E-07,-3.2218E-07
0.51,0.85000000000000009,-6.8346E-05,-3.9119E-10,6.8372E-05,3.2278E-07,-3.2222E-07
0.505,0.85000000000000009,-7.8632E-05,-4.052E-10,7.8542000000000008E-05,3.2276E-07,-3.2212E-07
0.5,0.85000000000000009,-9.029E-05,-4.1758E-10,9.0252E-05,3.227E-07,-3.2212E-07
0.49500000000000005,0.85000000000000009,-0.00010318400000000001,-4.3214E-10,0.00010325,3.2271999999999997E-07,-3.221E-07
0.49000000000000005,0.85000000000000009,-0.00011752000000000001,-4.4519000000000004E-10,0.00011768000000000001,3.227E-07,-3.2212E-07
0.48500000000000004,0.85000000000000009,-0.00013368,-4.5991E-10,0.00013378,3.2274E-07,-3.2212E-07
0.48000000000000004,0.85000000000000009,-0.00015174,-4.7881E-10,0.00015194,3.2268E-07,-3.221E-07
0.47500000000000003,0.85000000000000009,-0.00017142,-4.9784E-10,0.00017176000000000002,3.227E-07,-3.221E-07
0.47000000000000003,0.85000000000000009,-0.00019354000000000002,-5.1076E-10,0.00019378,3.2276E-07,-3.221E-07
0.465,0.85000000000000009,-0.00021710000000000002,-5.2765E-10,0.00021726000000000002,3.2266E-07,-3.2215999999999997E-07
0.46,0.85000000000000009,-0.00024326000000000003,-5.4375E-10,0.00024338000000000002,3.226E-07,-3.2201999999999997E-07
0.455,0.85000000000000009,-0.00027112,-5.6506E-10,0.00027136,3.2266E-07,-3.221E-07
0.45,0.85000000000000009,-0.00030162,-5.8264000000000007E-10,0.00030174,3.2266E-07,-3.221E-07
0.445,0.85000000000000009,-0.00033378000000000005,-6.041E-10,0.00033400000000000004,3.2264E-07,-3.221E-07
0.44,0.85000000000000009,-0.00036866000000000004,-6.2116000000000006E-10,0.00036914,3.2278E-07,-3.2215999999999997E-07
0.435,0.85000000000000009,-0.00040508000000000005,-6.4073E-10,0.00040560000000000005,3.2271999999999997E-07,-3.221E-07
0.43,0.85000000000000009,-0.00044468000000000003,-6.6196000000000006E-10,0.00044510000000000003,3.2268E-07,-3.2206E-07
0.42500000000000004,0.85000000000000009,-0.00048550000000000004,-6.826600000000001E-10,0.00048590000000000005,3.227E-07,-3.2212E-07
0.42000000000000004,0.85000000000000009,-0.00052948,-7.0587000000000007E-10,0.00052962000000000007,3.2276E-07,-3.2212E-07
0.41500000000000004,0.85000000000000009,-0.00057422000000000007,-7.2762E-10,0.0005743,3.227E-07,-3.2214E-07
0.41000000000000003,0.85000000000000009,-0.0006219,-7.524E-10,0.00062172000000000009,3.2276E-07,-3.2218E-07
0.405,0.85000000000000009,-0.00067028000000000009,-7.7716E-10,0.0006704,3.2276E-07,-3.221E-07
0.4,0.85000000000000009,-0.00072142000000000007,-8.0036E-10,0.00072174,3.2268E-07,-3.2212E-07
0.395,0.85000000000000009,-0.0007728,-8.2599000000000006E-10,0.00077322,3.2271999999999997E-07,-3.2214E-07
0.39,0.85000000000000009,-0.00082746,-8.544400000000001E-10,0.00082776000000000008,3.2266E-07,-3.2208E-07
0.385,0.85000000000000009,-0.00088240000000000009,-8.8063000000000009E-10,0.00088244000000000007,3.2276E-07,-3.2215999999999997E-07
0.38,0.85000000000000009,-0.0009389200000000001,-9.0664000000000009E-10,0.00093906,3.2268E-07,-3.2214E-07
0.375,0.85000000000000009,-0.00099578000000000015,-9.3304000000000012E-10,0.00099618000000000016,3.227E-07,-3.2218E-07
0.37,0.85000000000000009,-0.00105488,-9.6327000000000013E-10,0.00105534,3.227E-07,-3.2212E-07
0.365,0.85000000000000009,-0.0011138200000000002,-9.9666000000000015E-10,0.0011138,3.227E-07,-3.221E-07
0.36000000000000004,0.85000000000000009,-0.0011744,-1.02613E-09,0.0011746,3.227E-07,-3.2206E-07
0.35500000000000004,0.85000000000000009,-0.0012352,-1.0607E-09,0.001235,3.2266E-07,-3.221E-07
0.35000000000000003,0.85000000000000009,-0.0012964,-1.09336E-09,0.0012964,3.227E-07,-3.2215999999999997E-07
0.34500000000000003,0.85000000000000009,-0.0013570000000000001,-1.1262E-09,0.0013576,3.2278E-07,-3.2218E-07
0.34,0.85000000000000009,-0.0014198,-1.1624E-09,0.0014206,3.2271999999999997E-07,-3.2215999999999997E-07
0.335,0.85000000000000009,-0.0014814000000000001,-1.1967E-09,0.001482,3.2266E-07,-3.2212E-07
0.33,0.85000000000000009,-0.0015444,-1.2322E-09,0.0015442000000000001,3.227E-07,-3.221E-07
0.325,0.85000000000000009,-0.001606,-1.2683E-09,0.0016068,3.2266E-07,-3.2208E-07
0.32,0.85000000000000009,-0.0016690000000000001,-1.3139E-09,0.0016692,3.2264E-07,-3.2212E-07
0.315,0.85000000000000009,-0.0017308,-1.3501E-09,0.0017310000000000001,3.2266E-07,-3.2215999999999997E-07
0.31,0.85000000000000009,-0.0017934000000000001,-1.4003E-09,0.0017932,3.2264E-07,-3.2206E-07
0.305,0.85000000000000009,-0.0018554,-1.4342999999999999E-09,0.0018552,3.227E-07,-3.221E-07
0.3,0.85000000000000009,-0.0019162,-1.483E-09,0.0019172,3.2268E-07,-3.2212E-07
0.29500000000000004,0.85000000000000009,-0.001977,-1.5208E-09,0.001978,3.2271999999999997E-07,-3.2218E-07
0.29000000000000004,0.85000000000000009,-0.0020378,-1.575E-09,0.0020386000000000002,3.2276E-07,-3.2218E-07
0.28500000000000003,0.85000000000000009,-0.0020972,-1.6178E-09,0.002098,3.2282E-07,-3.2226E-07
0.28,0.85000000000000009,-0.002158,-1.6707E-09,0.0021578,3.227E-07,-3.2214E-07
0.275,0.85000000000000009,-0.002216,-1.7174E-09,0.0022166,3.227E-07,-3.2212E-07
0.27,0.85000000000000009,-0.0022754,-1.7691E-09,0.0022760000000000002,3.2274E-07,-3.2212E-07
0.265,0.85000000000000009,-0.0023336,-1.8185E-09,0.0023334000000000002,3.228E-07,-3.2218E-07
0.26,0.85000000000000009,-0.0023904,-1.8728E-09,0.0023916000000000002,3.227E-07,-3.2212E-07
0.255,0.85000000000000009,-0.002447,-1.9249E-09,0.002447,3.227E-07,-3.2208E-07
0.25,0.85000000000000009,-0.0025026000000000002,-1.9839E-09,0.0025038,3.2276E-07,-3.2212E-07
0.24500000000000002,0.85000000000000009,-0.0025588,-2.0353E-09,0.0025586,3.227E-07,-3.2214E-07
0.24000000000000002,0.85000000000000009,-0.0026122,-2.0959999999999998E-09,0.0026134,3.2268E-07,-3.2208E-07
0.23500000000000001,0.85000000000000009,-0.0026674,-2.159E-09,0.0026680000000000002,3.2274E-07,-3.2212E-07
0.23,0.85000000000000009,-0.00272,-2.219E-09,0.002721,3.2268E-07,-3.2208E-07
0.225,0.85000000000000009,-0.002772,-2.2783E-09,0.0027722000000000003,3.2266E-07,-3.221E-07
0.22,0.85000000000000009,-0.0028228,-2.3426E-09,0.002824,3.2262E-07,-3.2214E-07
0.215,0.85000000000000009,-0.0028752,-2.4108E-09,0.002876,3.2262E-07,-3.221E-07
0.21000000000000002,0.85000000000000009,-0.0029254,-2.4742E-09,0.002926,3.2262E-07,-3.2212E-07
0.20500000000000002,0.85000000000000009,-0.0029736,-2.5428E-09,0.0029756,3.2262E-07,-3.2218E-07
0.2,0.85000000000000009,-0.0030232,-2.6184E-09,0.003024,3.227E-07,-3.2215999999999997E-07
0.195,0.85000000000000009,-0.0030714,-2.6829E-09,0.0030728,3.227E-07,-3.2214E-07
0.19,0.85000000000000009,-0.0031172,-2.7605E-09,0.0031178,3.227E-07,-3.221E-07
0.185,0.85000000000000009,-0.0031648,-2.836E-09,0.0031652,3.2268E-07,-3.2218E-07
0.18000000000000002,0.85000000000000009,-0.0032108,-2.9168E-09,0.0032104,3.2264E-07,-3.2214E-07
0.17500000000000002,0.85000000000000009,-0.0032554,-2.9947E-09,0.0032564,3.2266E-07,-3.2218E-07
0.17,0.85000000000000009,-0.0033,-3.0746E-09,0.0032994,3.2268E-07,-3.2214E-07
0.165,0.85000000000000009,-0.003343,-3.161E-09,0.0033434000000000003,3.2266E-07,-3.2215999999999997E-07
0.16,0.85000000000000009,-0.0033858,-3.2363E-09,0.0033856,3.2271999999999997E-07,-3.2218E-07
0.155,0.85000000000000009,-0.0034282,-3.3256E-09,0.0034288,3.2262E-07,-3.2206E-07
0.15,0.85000000000000009,-0.0034688,-3.4085E-09,0.00347,3.2262E-07,-3.2204E-07
0.14500000000000002,0.85000000000000009,-0.0035086,-3.5052E-09,0.0035092,3.2264E-07,-3.2206E-07
0.14,0.85000000000000009,-0.003549,-3.5886E-09,0.0035498,3.2266E-07,-3.2214E-07
0.135,0.85000000000000009,-0.0035886,-3.6942E-09,0.0035876000000000003,3.2266E-07,-3.221E-07
0.13,0.85000000000000009,-0.0036266000000000002,-3.7799E-09,0.003628,3.2271999999999997E-07,-3.2214E-07
0.125,0.85000000000000009,-0.0036656,-3.8858E-09,0.0036648,3.2266E-07,-3.2212E-07
0.12000000000000001,0.85000000000000009,-0.0037034,-3.9754E-09,0.0037022,3.2257999999999997E-07,-3.221E-07
0.115,0.85000000000000009,-0.0037404,-4.0981E-09,0.0037400000000000003,3.2266E-07,-3.221E-07
0.11,0.85000000000000009,-0.0037756,-4.1846E-09,0.0037754,3.2264E-07,-3.2214E-07
0.10500000000000001,0.85000000000000009,-0.0038102,-4.3018E-09,0.0038122,3.2266E-07,-3.2222E-07
0.1,0.85000000000000009,-0.0038464000000000003,-4.3982E-09,0.003846,3.2266E-07,-3.2214E-07
0.095,0.85000000000000009,-0.0038804,-4.5133E-09,0.003879,3.2257999999999997E-07,-3.2212E-07
0.090000000000000011,0.85000000000000009,-0.0039124,-4.6269E-09,0.0039134,3.2268E-07,-3.2212E-07
0.085,0.85000000000000009,-0.003946,-4.7532E-09,0.003946,3.2268E-07,-3.2218E-07
0.08,0.85000000000000009,-0.0039786,-4.8682E-09,0.00398,3.227E-07,-3.2212E-07
0.075,0.85000000000000009,-0.0040084000000000005,-4.9925E-09,0.004011,3.2268E-07,-3.2212E-07
0.07,0.85000000000000009,-0.0040428,-5.1172E-09,0.0040434,3.2264E-07,-3.2208E-07
0.065,0.85000000000000009,-0.004071,-5.2387E-09,0.004073,3.2264E-07,-3.2218E-07
0.060000000000000005,0.85000000000000009,-0.004102,-5.3743E-09,0.0041026000000000005,3.2264E-07,-3.2215999999999997E-07
0.055,0.85000000000000009,-0.0041322,-5.5044E-09,0.0041336,3.226E-07,-3.2212E-07
0.05,0.85000000000000009,-0.0041614,-5.6433E-09,0.0041616,3.226E-07,-3.221E-07
0.045000000000000005,0.85000000000000009,-0.0041898000000000005,-5.7776E-09,0.0041918,3.2262E-07,-3.2215999999999997E-07
0.04,0.85000000000000009,-0.0042174000000000005,-5.9152E-09,0.004218,3.226E-07,-3.221E-07
0.035,0.85000000000000009,-0.0042464,-6.0569E-09,0.0042474,3.2266E-07,-3.2218E-07
0.030000000000000002,0.85000000000000009,-0.0042732000000000004,-6.217E-09,0.0042726,3.2264E-07,-3.221E-07
0.025,0.85000000000000009,-0.0042982,-6.3647E-09,0.0042994,3.2266E-07,-3.2215999999999997E-07
0.02,0.85000000000000009,-0.0043256,-6.5235E-09,0.0043258,3.2266E-07,-3.2218E-07
0.015000000000000001,0.85000000000000009,-0.0043508,-6.6709E-09,0.0043514,3.2266E-07,-3.2215999999999997E-07
0.01,0.85000000000000009,-0.004376,-6.8305E-09,0.004376,3.2274E-07,-3.2218E-07
0.005,0.85000000000000009,-0.0044006,-6.996E-09,0.0044018,3.2276E-07,-3.2218E-07
0,0.85000000000000009,-0.0044242,-7.1618E-09,0.0044262,3.2271999999999997E-07,-3.2218E-07
1.2,0.86,-4.8946000000000009E-10,4.4414000000000003E-10,-2.737E-11,3.2224E-07,-3.2218E-07
1.195,0.86,-5.1154000000000008E-10,3.9723000000000003E-10,-2.7210000000000002E-11,3.2226E-07,-3.2214E-07
1.19,0.86,-4.9034000000000009E-10,3.6316E-10,-2.613E-11,3.2226E-07,-3.2212E-07
1.185,0.86,-4.9361E-10,3.3187E-10,-2.3750000000000002E-11,3.2229999999999997E-07,-3.221E-07
1.1800000000000002,0.86,-5.0706E-10,3.0213E-10,-2.3080000000000003E-11,3.2238E-07,-3.2218E-07
1.175,0.86,-4.9038E-10,2.7532000000000004E-10,-2.38E-11,3.224E-07,-3.2218E-07
1.1700000000000002,0.86,-4.7575E-10,2.5455E-10,-2.0550000000000003E-11,3.2248E-07,-3.2212E-07
1.165,0.86,-5.0059E-10,2.3032E-10,-1.9240000000000003E-11,3.2246E-07,-3.2215999999999997E-07
1.1600000000000001,0.86,-4.9200000000000006E-10,2.128E-10,-1.9580000000000002E-11,3.225E-07,-3.2215999999999997E-07
1.155,0.86,-4.6942E-10,1.9665000000000001E-10,-1.8130000000000003E-11,3.2248E-07,-3.2212E-07
1.1500000000000001,0.86,-4.8506000000000008E-10,1.7957E-10,-1.559E-11,3.2254E-07,-3.2214E-07
1.145,0.86,-4.9613E-10,1.6307E-10,-1.6290000000000003E-11,3.2252E-07,-3.2215999999999997E-07
1.1400000000000001,0.86,-4.747E-10,1.5265E-10,-1.491E-11,3.2254E-07,-3.221E-07
1.135,0.86,-4.7334E-10,1.4045000000000002E-10,-1.29E-11,3.2257999999999997E-07,-3.2212E-07
1.1300000000000001,0.86,-4.9038E-10,1.2728E-10,-1.221E-11,3.2256E-07,-3.2218E-07
1.125,0.86,-4.8239E-10,1.1999000000000002E-10,-1.2740000000000001E-11,3.2256E-07,-3.2212E-07
1.12,0.86,-4.6337E-10,1.0855E-10,-1.0090000000000001E-11,3.2256E-07,-3.2222E-07
1.115,0.86,-4.8059E-10,1.0289E-10,-9.5900000000000009E-12,3.226E-07,-3.221E-07
1.11,0.86,-4.8811000000000009E-10,9.1570000000000013E-11,-9.68E-12,3.2257999999999997E-07,-3.222E-07
1.105,0.86,-4.6008000000000003E-10,8.948000000000001E-11,-9.26E-12,3.2256E-07,-3.2214E-07
1.1,0.86,-4.6833000000000008E-10,7.961000000000001E-11,-7.53E-12,3.2256E-07,-3.222E-07
1.095,0.86,-4.8729000000000008E-10,7.648E-11,-7.44E-12,3.2257999999999997E-07,-3.2206E-07
1.09,0.86,-4.7682E-10,6.647E-11,-7.52E-12,3.2254E-07,-3.221E-07
1.085,0.86,-4.5656E-10,6.8550000000000011E-11,-5.9200000000000006E-12,3.2257999999999997E-07,-3.222E-07
1.08,0.86,-4.8260000000000007E-10,5.7380000000000006E-11,-3.85E-12,3.2264E-07,-3.2224E-07
1.075,0.86,-4.8124000000000009E-10,5.824000000000001E-11,-5.2000000000000005E-12,3.2271999999999997E-07,-3.222E-07
1.07,0.86,-4.5941E-10,4.945E-11,-4.1500000000000007E-12,3.2266E-07,-3.2224E-07
1.065,0.86,-4.6704000000000007E-10,5.252E-11,-2.51E-12,3.2266E-07,-3.2214E-07
1.06,0.86,-4.9004E-10,4.1870000000000006E-11,-2.69E-12,3.2262E-07,-3.2224E-07
1.0550000000000002,0.86,-4.6465000000000004E-10,4.6310000000000006E-11,-2.19E-12,3.226E-07,-3.2212E-07
1.05,0.86,-4.5860000000000005E-10,3.8290000000000004E-11,-1.8000000000000002E-13,3.2268E-07,-3.2218E-07
1.0450000000000002,0.86,-4.767E-10,3.973E-11,1.08E-12,3.2264E-07,-3.2218E-07
1.04,0.86,-4.7666E-10,3.0870000000000006E-11,3.0000000000000005E-14,3.2262E-07,-3.2222E-07
1.0350000000000001,0.86,-4.5464000000000005E-10,3.6320000000000004E-11,1E-12,3.2264E-07,-3.222E-07
1.03,0.86,-4.7232000000000008E-10,2.7600000000000004E-11,3.5900000000000003E-12,3.2257999999999997E-07,-3.2212E-07
1.0250000000000001,0.86,-4.7803000000000005E-10,3.2680000000000004E-11,3.23E-12,3.2264E-07,-3.2206E-07
1.02,0.86,-4.6348000000000004E-10,2.3320000000000003E-11,4.89E-12,3.226E-07,-3.2214E-07
1.0150000000000001,0.86,-4.5474E-10,3.073E-11,6.9900000000000007E-12,3.2254E-07,-3.2212E-07
1.01,0.86,-4.7993E-10,2.0150000000000003E-11,8.8100000000000014E-12,3.2257999999999997E-07,-3.2212E-07
1.0050000000000001,0.86,-4.6827000000000008E-10,2.777E-11,8.63E-12,3.2252E-07,-3.2208E-07
1,0.86,-4.5577E-10,1.821E-11,1.097E-11,3.2257999999999997E-07,-3.2214E-07
0.995,0.86,-4.6871E-10,2.5360000000000003E-11,1.3250000000000001E-11,3.2256E-07,-3.2212E-07
0.9900000000000001,0.86,-4.842E-10,1.3900000000000002E-11,1.5120000000000002E-11,3.2257999999999997E-07,-3.221E-07
0.9850000000000001,0.86,-4.6234000000000003E-10,2.3280000000000003E-11,1.6940000000000002E-11,3.2254E-07,-3.221E-07
0.98000000000000009,0.86,-4.6955E-10,1.3770000000000001E-11,2.143E-11,3.2256E-07,-3.2212E-07
0.97500000000000009,0.86,-4.8836000000000006E-10,2.2310000000000002E-11,2.4640000000000002E-11,3.226E-07,-3.221E-07
0.97000000000000008,0.86,-4.8418000000000008E-10,1.149E-11,2.6980000000000003E-11,3.226E-07,-3.2206E-07
0.96500000000000008,0.86,-4.6695E-10,2.1220000000000002E-11,3.3090000000000005E-11,3.226E-07,-3.2212E-07
0.96000000000000008,0.86,-4.9959E-10,1.0230000000000001E-11,3.872E-11,3.2257999999999997E-07,-3.2215999999999997E-07
0.95500000000000007,0.86,-5.041E-10,1.872E-11,4.264E-11,3.226E-07,-3.2215999999999997E-07
0.95000000000000007,0.86,-4.9261E-10,8.46E-12,5.0720000000000007E-11,3.2256E-07,-3.2212E-07
0.94500000000000006,0.86,-5.6119E-10,1.8440000000000003E-11,5.945E-11,3.2264E-07,-3.221E-07
0.94000000000000006,0.86,-5.9844000000000006E-10,6.6800000000000006E-12,6.954E-11,3.2266E-07,-3.221E-07
0.935,0.86,-5.8423000000000006E-10,1.6160000000000002E-11,7.946E-11,3.2264E-07,-3.2208E-07
0.93,0.86,-5.9254E-10,6.7500000000000009E-12,9.4470000000000011E-11,3.2262E-07,-3.2214E-07
0.925,0.86,-6.2803000000000005E-10,1.553E-11,1.0981000000000001E-10,3.2262E-07,-3.221E-07
0.92,0.86,-6.4363000000000008E-10,4.78E-12,1.283E-10,3.2262E-07,-3.221E-07
0.915,0.86,-6.4294000000000006E-10,1.3480000000000002E-11,1.4849000000000002E-10,3.2264E-07,-3.2212E-07
0.91,0.86,-6.860100000000001E-10,4.5900000000000004E-12,1.7568E-10,3.2262E-07,-3.221E-07
0.905,0.86,-7.2696E-10,1.1120000000000001E-11,2.0359000000000002E-10,3.2264E-07,-3.2208E-07
0.9,0.86,-6.8482E-10,3.92E-12,2.3883000000000004E-10,3.2254E-07,-3.221E-07
0.895,0.86,-7.1669E-10,1.158E-11,2.8011000000000003E-10,3.2264E-07,-3.2215999999999997E-07
0.89,0.86,-7.8705000000000009E-10,5.2200000000000008E-12,3.3025E-10,3.2257999999999997E-07,-3.2212E-07
0.885,0.86,-8.3760000000000009E-10,8.42E-12,3.8406E-10,3.226E-07,-3.2214E-07
0.88,0.86,-8.9286000000000006E-10,4.3900000000000005E-12,4.5144000000000005E-10,3.2254E-07,-3.2206E-07
0.875,0.86,-9.7879E-10,6.4E-12,5.2946E-10,3.2257999999999997E-07,-3.221E-07
0.87,0.86,-1.08241E-09,8E-13,6.2225E-10,3.226E-07,-3.2215999999999997E-07
0.865,0.86,-1.1871E-09,9.1000000000000016E-13,7.2906000000000007E-10,3.2262E-07,-3.2214E-07
0.86,0.86,-1.2972E-09,6.9000000000000009E-12,8.557300000000001E-10,3.2252E-07,-3.2215999999999997E-07
0.85500000000000009,0.86,-1.4298E-09,2.21E-12,1.0046100000000001E-09,3.2264E-07,-3.221E-07
0.85000000000000009,0.86,-1.6293E-09,5.9200000000000006E-12,1.1808E-09,3.226E-07,-3.2218E-07
0.84500000000000008,0.86,-1.8394E-09,6.3800000000000007E-12,1.3854E-09,3.2264E-07,-3.221E-07
0.84000000000000008,0.86,-2.0844E-09,-2.37E-12,1.6276E-09,3.226E-07,-3.2215999999999997E-07
0.83500000000000008,0.86,-2.3772E-09,5.0100000000000007E-12,1.9102E-09,3.2268E-07,-3.221E-07
0.83000000000000007,0.86,-2.7478E-09,-1.9E-12,2.2445E-09,3.2266E-07,-3.221E-07
0.82500000000000007,0.86,-3.0916E-09,2.01E-12,2.6365E-09,3.226E-07,-3.2212E-07
0.82000000000000006,0.86,-3.5414E-09,-3.2400000000000003E-12,3.0997E-09,3.226E-07,-3.221E-07
0.81500000000000006,0.86,-4.0699E-09,-1.3E-13,3.6494E-09,3.2264E-07,-3.2218E-07
0.81,0.86,-4.7306E-09,-3.6000000000000004E-12,4.2974E-09,3.2252E-07,-3.2212E-07
0.805,0.86,-5.4947E-09,-5.2700000000000008E-12,5.0402E-09,3.2254E-07,-3.2206E-07
0.8,0.86,-6.3439E-09,-5.1700000000000008E-12,5.9154E-09,3.2257999999999997E-07,-3.2218E-07
0.795,0.86,-7.3757E-09,-6.61E-12,6.9673E-09,3.226E-07,-3.222E-07
0.79,0.86,-8.6169E-09,-8.1800000000000011E-12,8.1729E-09,3.2266E-07,-3.2215999999999997E-07
0.785,0.86,-1.0046E-08,-1.157E-11,9.6221E-09,3.2268E-07,-3.2222E-07
0.78,0.86,-1.17176E-08,-7.3700000000000011E-12,1.12823E-08,3.2264E-07,-3.2215999999999997E-07
0.775,0.86,-1.3717599999999999E-08,-1.737E-11,1.3296799999999999E-08,3.226E-07,-3.221E-07
0.77,0.86,-1.6054999999999997E-08,-1.393E-11,1.5614999999999998E-08,3.2256E-07,-3.2206E-07
0.765,0.86,-1.88118E-08,-1.757E-11,1.8377E-08,3.2256E-07,-3.2208E-07
0.76,0.86,-2.20248E-08,-1.992E-11,2.16388E-08,3.2264E-07,-3.221E-07
0.755,0.86,-2.5853999999999998E-08,-1.81E-11,2.54126E-08,3.2266E-07,-3.2208E-07
0.75,0.86,-3.02526E-08,-2.706E-11,2.98638E-08,3.226E-07,-3.2214E-07
0.745,0.86,-3.55324E-08,-2.218E-11,3.5186999999999996E-08,3.2254E-07,-3.2206E-07
0.74,0.86,-4.1725199999999996E-08,-3.051E-11,4.1288399999999994E-08,3.2257999999999997E-07,-3.221E-07
0.735,0.86,-4.90178E-08,-3.3050000000000005E-11,4.8685799999999992E-08,3.2252E-07,-3.2208E-07
0.73,0.86,-5.7464199999999995E-08,-3.4720000000000004E-11,5.7139999999999994E-08,3.226E-07,-3.2218E-07
0.72500000000000009,0.86,-6.76504E-08,-4.0120000000000006E-11,6.7175999999999992E-08,3.2254E-07,-3.2215999999999997E-07
0.72000000000000008,0.86,-7.93508E-08,-4.049E-11,7.90118E-08,3.2266E-07,-3.2212E-07
0.71500000000000008,0.86,-9.33274E-08,-4.5390000000000004E-11,9.30592E-08,3.2262E-07,-3.2215999999999997E-07
0.71000000000000008,0.86,-1.0976279999999999E-07,-4.9980000000000005E-11,1.0929479999999999E-07,3.2264E-07,-3.2212E-07
0.70500000000000007,0.86,-1.2922E-07,-5.2350000000000005E-11,1.2878E-07,3.2257999999999997E-07,-3.2215999999999997E-07
0.70000000000000007,0.86,-1.5114E-07,-5.816E-11,1.508E-07,3.226E-07,-3.2214E-07
0.69500000000000006,0.86,-1.7862E-07,-5.956E-11,1.7826E-07,3.2264E-07,-3.2222E-07
0.69000000000000006,0.86,-2.0992E-07,-6.5110000000000008E-11,2.0978E-07,3.2268E-07,-3.221E-07
0.685,0.86,-2.4652E-07,-6.869000000000001E-11,2.455E-07,3.2257999999999997E-07,-3.2212E-07
0.68,0.86,-2.9031999999999997E-07,-7.9690000000000011E-11,2.9026E-07,3.2256E-07,-3.2204E-07
0.675,0.86,-3.4152E-07,-8.0250000000000007E-11,3.411E-07,3.2254E-07,-3.221E-07
0.67,0.86,-4.0428E-07,-9.1220000000000009E-11,4.0166E-07,3.2254E-07,-3.221E-07
0.665,0.86,-4.721E-07,-8.9010000000000011E-11,4.719E-07,3.2264E-07,-3.2215999999999997E-07
0.66,0.86,-5.5634E-07,-1.0253000000000001E-10,5.5654E-07,3.2264E-07,-3.2218E-07
0.655,0.86,-6.5322E-07,-1.0399000000000001E-10,6.5328E-07,3.226E-07,-3.221E-07
0.65,0.86,-7.6831999999999993E-07,-1.1586000000000001E-10,7.6841999999999994E-07,3.226E-07,-3.2206E-07
0.645,0.86,-9.0262E-07,-1.1639000000000001E-10,9.0224E-07,3.226E-07,-3.2212E-07
0.64,0.86,-1.06698E-06,-1.3168E-10,1.0650199999999999E-06,3.2264E-07,-3.2218E-07
0.635,0.86,-1.2475000000000001E-06,-1.3764E-10,1.2458000000000002E-06,3.2256E-07,-3.2212E-07
0.63,0.86,-1.4684000000000002E-06,-1.4923E-10,1.4684000000000002E-06,3.2242E-07,-3.2206E-07
0.625,0.86,-1.7277000000000002E-06,-1.4838E-10,1.7273000000000002E-06,3.226E-07,-3.2206E-07
0.62,0.86,-2.0331E-06,-1.6592E-10,2.0347E-06,3.2262E-07,-3.2212E-07
0.615,0.86,-2.3882000000000003E-06,-1.6177E-10,2.3883E-06,3.2256E-07,-3.2215999999999997E-07
0.61,0.86,-2.814E-06,-1.8428E-10,2.8148E-06,3.225E-07,-3.221E-07
0.605,0.86,-3.3001000000000004E-06,-1.8373000000000002E-10,3.2941000000000004E-06,3.2252E-07,-3.2206E-07
0.6,0.86,-3.8859E-06,-1.9990000000000003E-10,3.8784E-06,3.2254E-07,-3.2208E-07
0.595,0.86,-4.5597000000000006E-06,-2.0165000000000002E-10,4.5540000000000008E-06,3.2266E-07,-3.2212E-07
0.59000000000000008,0.86,-5.3556000000000009E-06,-2.1886E-10,5.3585000000000004E-06,3.226E-07,-3.221E-07
0.58500000000000008,0.86,-6.2867E-06,-2.2123000000000002E-10,6.2767E-06,3.2257999999999997E-07,-3.221E-07
0.58000000000000007,0.86,-7.3874000000000006E-06,-2.3912E-10,7.3795000000000011E-06,3.2254E-07,-3.2212E-07
0.57500000000000007,0.86,-8.655000000000001E-06,-2.4367E-10,8.6569E-06,3.2257999999999997E-07,-3.2206E-07
0.57000000000000006,0.86,-1.0161900000000002E-05,-2.5873E-10,1.01597E-05,3.2264E-07,-3.2208E-07
0.56500000000000006,0.86,-1.1892E-05,-2.7617000000000004E-10,1.1878E-05,3.2254E-07,-3.2212E-07
0.56,0.86,-1.392E-05,-2.8297E-10,1.3918000000000001E-05,3.2257999999999997E-07,-3.221E-07
0.555,0.86,-1.6234E-05,-2.9615E-10,1.626E-05,3.2262E-07,-3.2208E-07
0.55,0.86,-1.8992E-05,-3.0579000000000004E-10,1.8964E-05,3.2254E-07,-3.2212E-07
0.545,0.86,-2.2138E-05,-3.1791000000000004E-10,2.2152E-05,3.2256E-07,-3.2215999999999997E-07
0.54,0.86,-2.5808E-05,-3.2799E-10,2.5804000000000002E-05,3.2257999999999997E-07,-3.221E-07
0.535,0.86,-2.9984E-05,-3.3527E-10,2.9978E-05,3.2256E-07,-3.2206E-07
0.53,0.86,-3.4802E-05,-3.4629000000000005E-10,3.4892000000000004E-05,3.2256E-07,-3.2214E-07
0.525,0.86,-4.0406E-05,-3.6123E-10,4.0428E-05,3.2248E-07,-3.2198E-07
0.52,0.86,-4.6622E-05,-3.6842E-10,4.6802000000000004E-05,3.226E-07,-3.221E-07
0.515,0.86,-5.4026E-05,-3.8748000000000004E-10,5.3802000000000004E-05,3.2252E-07,-3.2201999999999997E-07
0.51,0.86,-6.219E-05,-3.978E-10,6.224E-05,3.2246E-07,-3.2201999999999997E-07
0.505,0.86,-7.1392E-05,-4.1712000000000005E-10,7.138E-05,3.2254E-07,-3.2214E-07
0.5,0.86,-8.1976E-05,-4.2631000000000005E-10,8.193E-05,3.2254E-07,-3.2201999999999997E-07
0.49500000000000005,0.86,-9.3452E-05,-4.4255000000000004E-10,9.3518000000000008E-05,3.2256E-07,-3.221E-07
0.49000000000000005,0.86,-0.00010654800000000001,-4.5588000000000003E-10,0.000106644,3.2257999999999997E-07,-3.222E-07
0.48500000000000004,0.86,-0.00012068,-4.7167E-10,0.00012086,3.2254E-07,-3.2212E-07
0.48000000000000004,0.86,-0.00013662,-4.9240000000000008E-10,0.00013708,3.2256E-07,-3.2208E-07
0.47500000000000003,0.86,-0.0001542,-5.0518E-10,0.0001544,3.2262E-07,-3.221E-07
0.47000000000000003,0.86,-0.00017326,-5.2451000000000008E-10,0.00017384,3.2257999999999997E-07,-3.2206E-07
0.465,0.86,-0.0001943,-5.3895000000000009E-10,0.00019442,3.226E-07,-3.221E-07
0.46,0.86,-0.00021706,-5.5916000000000006E-10,0.00021736000000000002,3.2254E-07,-3.2212E-07
0.455,0.86,-0.00024134000000000002,-5.7735000000000008E-10,0.00024168,3.2262E-07,-3.2215999999999997E-07
0.45,0.86,-0.000268,-5.9602000000000008E-10,0.00026824,3.2264E-07,-3.2218E-07
0.445,0.86,-0.00029600000000000004,-6.1529000000000005E-10,0.00029592,3.2254E-07,-3.2206E-07
0.44,0.86,-0.0003261,-6.3658000000000009E-10,0.0003262,3.2262E-07,-3.2215999999999997E-07
0.435,0.86,-0.00035706000000000003,-6.5894E-10,0.00035748,3.2264E-07,-3.2212E-07
0.43,0.86,-0.00039084000000000005,-6.7825E-10,0.00039124,3.2266E-07,-3.2218E-07
0.42500000000000004,0.86,-0.00042594000000000003,-7.0219E-10,0.00042592000000000004,3.226E-07,-3.221E-07
0.42000000000000004,0.86,-0.00046276000000000005,-7.204700000000001E-10,0.00046292,3.2257999999999997E-07,-3.2215999999999997E-07
0.41500000000000004,0.86,-0.0005006,-7.4732000000000006E-10,0.00050072000000000007,3.2248E-07,-3.2206E-07
0.41000000000000003,0.86,-0.00054026,-7.6859E-10,0.00054064,3.2252E-07,-3.2201999999999997E-07
0.405,0.86,-0.00058092000000000007,-7.96E-10,0.00058144,3.2254E-07,-3.2214E-07
0.4,0.86,-0.00062444000000000009,-8.1861E-10,0.00062432,3.226E-07,-3.2214E-07
0.395,0.86,-0.00066702,-8.4907E-10,0.00066744,3.2257999999999997E-07,-3.221E-07
0.39,0.86,-0.00071188,-8.7547000000000008E-10,0.00071260000000000008,3.2266E-07,-3.2215999999999997E-07
0.385,0.86,-0.00075742000000000008,-9.0416000000000011E-10,0.00075732,3.2268E-07,-3.2214E-07
0.38,0.86,-0.00080414000000000006,-9.3036000000000008E-10,0.0008044800000000001,3.227E-07,-3.2222E-07
0.375,0.86,-0.00085122000000000008,-9.6429E-10,0.0008514000000000001,3.226E-07,-3.222E-07
0.37,0.86,-0.00089980000000000008,-9.9208000000000016E-10,0.00089932,3.2264E-07,-3.2224E-07
0.365,0.86,-0.0009478,-1.0220400000000001E-09,0.00094766,3.226E-07,-3.222E-07
0.36000000000000004,0.86,-0.00099722,-1.0540600000000002E-09,0.00099746000000000014,3.2264E-07,-3.2215999999999997E-07
0.35500000000000004,0.86,-0.0010459800000000002,-1.08709E-09,0.0010466800000000001,3.227E-07,-3.2218E-07
0.35000000000000003,0.86,-0.00109552,-1.1225E-09,0.00109566,3.2254E-07,-3.2212E-07
0.34500000000000003,0.86,-0.0011453400000000001,-1.1605E-09,0.00114582,3.2254E-07,-3.221E-07
0.34,0.86,-0.0011956,-1.1982E-09,0.0011964,3.2256E-07,-3.2215999999999997E-07
0.335,0.86,-0.0012458,-1.2269E-09,0.0012468,3.2246E-07,-3.221E-07
0.33,0.86,-0.001296,-1.273E-09,0.0012968,3.2257999999999997E-07,-3.2212E-07
0.325,0.86,-0.0013464,-1.3068E-09,0.0013468,3.2256E-07,-3.2212E-07
0.32,0.86,-0.0013966,-1.3517E-09,0.0013972000000000001,3.226E-07,-3.2212E-07
0.315,0.86,-0.001446,-1.3893E-09,0.0014466,3.2257999999999997E-07,-3.2214E-07
0.31,0.86,-0.0014962,-1.4381E-09,0.0014964,3.2248E-07,-3.2206E-07
0.305,0.86,-0.001545,-1.4756E-09,0.001546,3.226E-07,-3.2215999999999997E-07
0.3,0.86,-0.001595,-1.5288E-09,0.0015958,3.2257999999999997E-07,-3.221E-07
0.29500000000000004,0.86,-0.0016442,-1.5653E-09,0.0016446,3.2252E-07,-3.22E-07
0.29000000000000004,0.86,-0.0016928,-1.6246E-09,0.0016924,3.226E-07,-3.2218E-07
0.28500000000000003,0.86,-0.0017398000000000001,-1.6627E-09,0.0017398000000000001,3.2257999999999997E-07,-3.2212E-07
0.28,0.86,-0.0017874,-1.7169E-09,0.001788,3.2252E-07,-3.2212E-07
0.275,0.86,-0.0018338,-1.7802E-09,0.0018352,3.226E-07,-3.2212E-07
0.27,0.86,-0.0018812,-1.8367E-09,0.0018812,3.2254E-07,-3.2212E-07
0.265,0.86,-0.0019272,-1.8885E-09,0.0019272,3.226E-07,-3.2208E-07
0.26,0.86,-0.0019720000000000002,-1.9247E-09,0.0019734,3.2262E-07,-3.2218E-07
0.255,0.86,-0.0020172000000000002,-1.9829E-09,0.0020176,3.2262E-07,-3.222E-07
0.25,0.86,-0.0020626,-2.039E-09,0.0020622,3.2268E-07,-3.222E-07
0.24500000000000002,0.86,-0.0021060000000000002,-2.1026E-09,0.0021056,3.2266E-07,-3.2215999999999997E-07
0.24000000000000002,0.86,-0.0021488,-2.1538E-09,0.0021494,3.226E-07,-3.222E-07
0.23500000000000001,0.86,-0.0021918000000000003,-2.227E-09,0.0021924,3.226E-07,-3.2215999999999997E-07
0.23,0.86,-0.002233,-2.2784E-09,0.002234,3.2266E-07,-3.2214E-07
0.225,0.86,-0.002275,-2.3532E-09,0.0022754,3.2256E-07,-3.2214E-07
0.22,0.86,-0.0023156,-2.4109E-09,0.0023162,3.2262E-07,-3.2215999999999997E-07
0.215,0.86,-0.0023564000000000002,-2.4839E-09,0.0023572,3.2266E-07,-3.2224E-07
0.21000000000000002,0.86,-0.0023956,-2.5477E-09,0.0023966,3.2264E-07,-3.2214E-07
0.20500000000000002,0.86,-0.0024362,-2.6244E-09,0.0024354,3.2264E-07,-3.2224E-07
0.2,0.86,-0.0024728000000000003,-2.6973E-09,0.0024734,3.2268E-07,-3.2218E-07
0.195,0.86,-0.0025114,-2.7708E-09,0.0025114,3.2268E-07,-3.2222E-07
0.19,0.86,-0.0025484,-2.8415E-09,0.0025484,3.2256E-07,-3.2212E-07
0.185,0.86,-0.0025848,-2.922E-09,0.002586,3.2254E-07,-3.2215999999999997E-07
0.18000000000000002,0.86,-0.0026202,-2.9996E-09,0.0026204,3.2257999999999997E-07,-3.2218E-07
0.17500000000000002,0.86,-0.0026562,-3.083E-09,0.002656,3.2266E-07,-3.2228E-07
0.17,0.86,-0.0026912,-3.1602E-09,0.0026918000000000003,3.2266E-07,-3.2222E-07
0.165,0.86,-0.0027244,-3.2475E-09,0.0027256,3.2268E-07,-3.2224E-07
0.16,0.86,-0.0027584000000000003,-3.3292E-09,0.002759,3.227E-07,-3.2226E-07
0.155,0.86,-0.0027938,-3.4242E-09,0.0027924,3.2271999999999997E-07,-3.222E-07
0.15,0.86,-0.0028244,-3.5001E-09,0.0028252,3.2257999999999997E-07,-3.2215999999999997E-07
0.14500000000000002,0.86,-0.0028566,-3.6006E-09,0.0028554,3.2256E-07,-3.2222E-07
0.14,0.86,-0.0028886,-3.6812E-09,0.0028876,3.2257999999999997E-07,-3.2222E-07
0.135,0.86,-0.0029188,-3.7854E-09,0.0029192000000000003,3.2266E-07,-3.2218E-07
0.13,0.86,-0.0029490000000000002,-3.883E-09,0.0029502,3.226E-07,-3.2218E-07
0.125,0.86,-0.0029794,-3.9908E-09,0.00298,3.2257999999999997E-07,-3.2215999999999997E-07
0.12000000000000001,0.86,-0.0030080000000000003,-4.0868E-09,0.0030088000000000003,3.2256E-07,-3.2218E-07
0.115,0.86,-0.0030366,-4.2067E-09,0.0030384,3.2256E-07,-3.221E-07
0.11,0.86,-0.003066,-4.2951E-09,0.003066,3.2257999999999997E-07,-3.2212E-07
0.10500000000000001,0.86,-0.0030928,-4.4173E-09,0.0030932,3.226E-07,-3.2215999999999997E-07
0.1,0.86,-0.0031204,-4.515E-09,0.003121,3.2256E-07,-3.221E-07
0.095,0.86,-0.0031468,-4.6407E-09,0.003148,3.226E-07,-3.2218E-07
0.090000000000000011,0.86,-0.0031734000000000003,-4.7469E-09,0.0031744,3.2257999999999997E-07,-3.2222E-07
0.085,0.86,-0.0031994000000000002,-4.8789E-09,0.003201,3.227E-07,-3.2218E-07
0.08,0.86,-0.0032264,-4.9916E-09,0.0032258,3.2254E-07,-3.2218E-07
0.075,0.86,-0.0032512,-5.1209E-09,0.0032514,3.2254E-07,-3.2218E-07
0.07,0.86,-0.003275,-5.2416E-09,0.0032754,3.226E-07,-3.2218E-07
0.065,0.86,-0.0032998,-5.3845E-09,0.0033,3.2257999999999997E-07,-3.2222E-07
0.060000000000000005,0.86,-0.0033222,-5.5203E-09,0.0033244,3.2257999999999997E-07,-3.2222E-07
0.055,0.86,-0.0033468,-5.6513E-09,0.0033472000000000003,3.2254E-07,-3.2215999999999997E-07
0.05,0.86,-0.003369,-5.7838E-09,0.00337,3.2248E-07,-3.2206E-07
0.045000000000000005,0.86,-0.0033916000000000003,-5.928E-09,0.0033916000000000003,3.2248E-07,-3.2206E-07
0.04,0.86,-0.0034138000000000003,-6.0731E-09,0.0034146000000000003,3.2254E-07,-3.222E-07
0.035,0.86,-0.0034358,-6.2205E-09,0.0034366,3.2254E-07,-3.2218E-07
0.030000000000000002,0.86,-0.0034564,-6.3693E-09,0.003457,3.2266E-07,-3.2212E-07
0.025,0.86,-0.0034782,-6.5183E-09,0.0034782,3.2257999999999997E-07,-3.2218E-07
0.02,0.86,-0.0034962,-6.6797E-09,0.0034978,3.2256E-07,-3.221E-07
0.015000000000000001,0.86,-0.0035186,-6.8384E-09,0.0035178,3.2264E-07,-3.2212E-07
0.01,0.86,-0.0035376,-7.021E-09,0.0035398,3.2254E-07,-3.2218E-07
0.005,0.86,-0.0035594,-7.1984E-09,0.0035592,3.2266E-07,-3.2229999999999997E-07
0,0.86,-0.0035754000000000003,-7.3661E-09,0.003578,3.2262E-07,-3.2222E-07
1.2,0.87,-3.6957000000000005E-10,4.3703000000000004E-10,-2.802E-11,3.2224E-07,-3.2226E-07
1.195,0.87,-3.8068E-10,3.9383E-10,-2.7580000000000003E-11,3.2222E-07,-3.2226E-07
1.19,0.87,-3.5778000000000003E-10,3.6444000000000004E-10,-2.5700000000000002E-11,3.2224E-07,-3.2224E-07
1.185,0.87,-3.7747000000000004E-10,3.2937E-10,-2.3100000000000003E-11,3.2229999999999997E-07,-3.2228E-07
1.1800000000000002,0.87,-3.8534000000000004E-10,3.0312000000000003E-10,-2.3210000000000003E-11,3.2234E-07,-3.2222E-07
1.175,0.87,-3.6208E-10,2.722E-10,-2.298E-11,3.2228E-07,-3.2218E-07
1.1700000000000002,0.87,-3.6021000000000004E-10,2.5329E-10,-2.107E-11,3.2236E-07,-3.2218E-07
1.165,0.87,-3.8321E-10,2.2804000000000002E-10,-1.957E-11,3.224E-07,-3.2218E-07
1.1600000000000001,0.87,-4.0958000000000005E-10,2.1251000000000002E-10,-1.9840000000000003E-11,3.2242E-07,-3.2222E-07
1.155,0.87,-3.5299000000000004E-10,1.9121E-10,-1.825E-11,3.2248E-07,-3.2224E-07
1.1500000000000001,0.87,-3.6924E-10,1.7979E-10,-1.6560000000000002E-11,3.2242E-07,-3.2218E-07
1.145,0.87,-3.7519E-10,1.6039E-10,-1.653E-11,3.2242E-07,-3.2218E-07
1.1400000000000001,0.87,-3.4746E-10,1.5238000000000002E-10,-1.6E-11,3.2242E-07,-3.2212E-07
1.135,0.87,-3.562E-10,1.3593000000000002E-10,-1.2970000000000002E-11,3.224E-07,-3.221E-07
1.1300000000000001,0.87,-3.7453000000000005E-10,1.302E-10,-1.343E-11,3.2232E-07,-3.2212E-07
1.125,0.87,-3.5531000000000004E-10,1.1272000000000001E-10,-1.3250000000000001E-11,3.2234E-07,-3.2208E-07
1.12,0.87,-3.4084000000000003E-10,1.1235E-10,-1.139E-11,3.224E-07,-3.2212E-07
1.115,0.87,-3.722E-10,9.439000000000001E-11,-9.67E-12,3.224E-07,-3.221E-07
1.11,0.87,-3.579E-10,9.4770000000000012E-11,-1.029E-11,3.2243999999999997E-07,-3.2214E-07
1.105,0.87,-3.4076E-10,7.9970000000000009E-11,-9.54E-12,3.2236E-07,-3.2208E-07
1.1,0.87,-3.5328000000000005E-10,8.2760000000000007E-11,-7.32E-12,3.2242E-07,-3.2212E-07
1.095,0.87,-3.6779000000000003E-10,6.7810000000000009E-11,-7.73E-12,3.2246E-07,-3.221E-07
1.09,0.87,-3.3692E-10,7.232E-11,-7.63E-12,3.2248E-07,-3.2215999999999997E-07
1.085,0.87,-3.4067E-10,5.974E-11,-5.3600000000000006E-12,3.2246E-07,-3.2228E-07
1.08,0.87,-3.57E-10,6.3320000000000007E-11,-4.31E-12,3.2248E-07,-3.2218E-07
1.075,0.87,-3.5046000000000005E-10,4.989E-11,-4.46E-12,3.2256E-07,-3.2218E-07
1.07,0.87,-3.2901000000000004E-10,5.536E-11,-3.1200000000000004E-12,3.2252E-07,-3.2218E-07
1.065,0.87,-3.5322000000000005E-10,4.338E-11,-2.3800000000000004E-12,3.2257999999999997E-07,-3.2222E-07
1.06,0.87,-3.5293000000000004E-10,4.654E-11,-1.59E-12,3.2257999999999997E-07,-3.2214E-07
1.0550000000000002,0.87,-3.3734000000000005E-10,3.842E-11,-2.1000000000000003E-12,3.2256E-07,-3.2218E-07
1.05,0.87,-3.3837000000000004E-10,4.203E-11,-5E-13,3.2252E-07,-3.2212E-07
1.0450000000000002,0.87,-3.6164E-10,3.404E-11,4.2000000000000003E-13,3.2256E-07,-3.2214E-07
1.04,0.87,-3.4279E-10,3.5270000000000005E-11,8.0000000000000013E-14,3.2257999999999997E-07,-3.2222E-07
1.0350000000000001,0.87,-3.3118000000000004E-10,3.168E-11,2.4800000000000003E-12,3.2256E-07,-3.2218E-07
1.03,0.87,-3.5241000000000003E-10,3.1560000000000005E-11,3.46E-12,3.2254E-07,-3.221E-07
1.0250000000000001,0.87,-3.5393000000000004E-10,2.8050000000000003E-11,2.7800000000000003E-12,3.2257999999999997E-07,-3.222E-07
1.02,0.87,-3.3066E-10,2.7740000000000003E-11,3.75E-12,3.2252E-07,-3.2215999999999997E-07
1.0150000000000001,0.87,-3.4428E-10,2.6630000000000003E-11,5.58E-12,3.2254E-07,-3.2214E-07
1.01,0.87,-3.6092000000000003E-10,2.2900000000000003E-11,6.61E-12,3.2243999999999997E-07,-3.2214E-07
1.0050000000000001,0.87,-3.4037000000000004E-10,2.212E-11,7.770000000000001E-12,3.2248E-07,-3.221E-07
1,0.87,-3.3739E-10,1.9600000000000002E-11,1.045E-11,3.2242E-07,-3.2206E-07
0.995,0.87,-3.6303000000000004E-10,2.1390000000000003E-11,1.1250000000000002E-11,3.225E-07,-3.221E-07
0.9900000000000001,0.87,-3.5631000000000003E-10,1.6450000000000002E-11,1.2850000000000001E-11,3.2242E-07,-3.2218E-07
0.9850000000000001,0.87,-3.3415000000000003E-10,2.0400000000000002E-11,1.52E-11,3.2243999999999997E-07,-3.2208E-07
0.98000000000000009,0.87,-3.5384000000000004E-10,1.4850000000000002E-11,1.917E-11,3.2256E-07,-3.2215999999999997E-07
0.97500000000000009,0.87,-3.6506000000000003E-10,1.874E-11,2.105E-11,3.2252E-07,-3.2212E-07
0.97000000000000008,0.87,-3.5105000000000004E-10,1.2880000000000002E-11,2.453E-11,3.2246E-07,-3.2212E-07
0.96500000000000008,0.87,-3.5087000000000005E-10,1.688E-11,2.9340000000000005E-11,3.225E-07,-3.2204E-07
0.96000000000000008,0.87,-3.8405000000000003E-10,1.199E-11,3.284E-11,3.224E-07,-3.2204E-07
0.95500000000000007,0.87,-3.6733E-10,1.403E-11,3.74E-11,3.2242E-07,-3.2204E-07
0.95000000000000007,0.87,-3.6119E-10,9.88E-12,4.4730000000000003E-11,3.224E-07,-3.2201999999999997E-07
0.94500000000000006,0.87,-3.8529E-10,1.343E-11,5.2710000000000005E-11,3.2246E-07,-3.2215999999999997E-07
0.94000000000000006,0.87,-4.0211E-10,9.26E-12,5.963E-11,3.2248E-07,-3.2215999999999997E-07
0.935,0.87,-3.8777000000000005E-10,1.2150000000000001E-11,6.981E-11,3.2254E-07,-3.2215999999999997E-07
0.93,0.87,-4.0182E-10,9.53E-12,8.2590000000000009E-11,3.2236E-07,-3.2204E-07
0.925,0.87,-4.3438000000000006E-10,1.058E-11,9.774E-11,3.224E-07,-3.2206E-07
0.92,0.87,-4.3783000000000003E-10,8.61E-12,1.1138000000000001E-10,3.224E-07,-3.2206E-07
0.915,0.87,-4.4229000000000003E-10,8.380000000000001E-12,1.3194E-10,3.2248E-07,-3.2214E-07
0.91,0.87,-4.8625000000000005E-10,8.41E-12,1.5425E-10,3.2248E-07,-3.2212E-07
0.905,0.87,-5.1301000000000007E-10,5.2100000000000006E-12,1.7947E-10,3.2243999999999997E-07,-3.221E-07
0.9,0.87,-5.2058000000000008E-10,8.56E-12,2.1069000000000002E-10,3.2246E-07,-3.2206E-07
0.895,0.87,-5.6508000000000008E-10,4.9600000000000007E-12,2.4631E-10,3.224E-07,-3.2214E-07
0.89,0.87,-6.2637000000000008E-10,8.77E-12,2.8953000000000003E-10,3.2248E-07,-3.221E-07
0.885,0.87,-6.6032000000000005E-10,2.92E-12,3.3891E-10,3.224E-07,-3.2212E-07
0.88,0.87,-7.052E-10,8.76E-12,3.9761000000000004E-10,3.2243999999999997E-07,-3.2212E-07
0.875,0.87,-8.0105E-10,2E-12,4.6541000000000005E-10,3.2246E-07,-3.2214E-07
0.87,0.87,-8.7078000000000007E-10,6.9300000000000006E-12,5.4571000000000007E-10,3.2242E-07,-3.2208E-07
0.865,0.87,-9.4958000000000015E-10,1.6600000000000002E-12,6.3885E-10,3.2242E-07,-3.2208E-07
0.86,0.87,-1.0712E-09,9.12E-12,7.5222E-10,3.2246E-07,-3.2206E-07
0.85500000000000009,0.87,-1.2016E-09,6.6800000000000006E-12,8.8124E-10,3.2243999999999997E-07,-3.221E-07
0.85000000000000009,0.87,-1.3736E-09,-4.11E-12,1.0343400000000002E-09,3.224E-07,-3.221E-07
0.84500000000000008,0.87,-1.528E-09,6.46E-12,1.2152E-09,3.2246E-07,-3.2215999999999997E-07
0.84000000000000008,0.87,-1.7387E-09,6.9900000000000007E-12,1.4249E-09,3.2248E-07,-3.2212E-07
0.83500000000000008,0.87,-1.9816E-09,-4E-12,1.6752E-09,3.2246E-07,-3.2212E-07
0.83000000000000007,0.87,-2.2872E-09,5.8200000000000006E-12,1.9639E-09,3.2248E-07,-3.2215999999999997E-07
0.82500000000000007,0.87,-2.6428E-09,-7.8E-12,2.3066E-09,3.2252E-07,-3.2214E-07
0.82000000000000006,0.87,-3.0192E-09,2.39E-12,2.7125E-09,3.2256E-07,-3.2215999999999997E-07
0.81500000000000006,0.87,-3.4879E-09,-7.75E-12,3.1919E-09,3.2242E-07,-3.2206E-07
0.81,0.87,-4.0758E-09,2E-13,3.7511E-09,3.2243999999999997E-07,-3.2204E-07
0.805,0.87,-4.7307E-09,-1.1620000000000001E-11,4.3984E-09,3.2246E-07,-3.2206E-07
0.8,0.87,-5.5047E-09,-2.24E-12,5.1621E-09,3.2248E-07,-3.221E-07
0.795,0.87,-6.4175E-09,-1.1110000000000001E-11,6.0837E-09,3.2248E-07,-3.221E-07
0.79,0.87,-7.425E-09,-5.69E-12,7.1259E-09,3.2242E-07,-3.221E-07
0.785,0.87,-8.6837E-09,-1.413E-11,8.3865E-09,3.2243999999999997E-07,-3.221E-07
0.78,0.87,-1.01373E-08,-9.25E-12,9.8352E-09,3.2248E-07,-3.2204E-07
0.775,0.87,-1.1887199999999998E-08,-1.1120000000000001E-11,1.16108E-08,3.2246E-07,-3.2214E-07
0.77,0.87,-1.3920199999999999E-08,-1.617E-11,1.36212E-08,3.2252E-07,-3.2212E-07
0.765,0.87,-1.63236E-08,-2.074E-11,1.6028199999999997E-08,3.2248E-07,-3.2212E-07
0.76,0.87,-1.9131599999999997E-08,-1.824E-11,1.8844799999999997E-08,3.2248E-07,-3.221E-07
0.755,0.87,-2.2459999999999997E-08,-2.3860000000000002E-11,2.21758E-08,3.2254E-07,-3.2214E-07
0.75,0.87,-2.6294799999999997E-08,-2.542E-11,2.6074799999999996E-08,3.2246E-07,-3.2206E-07
0.745,0.87,-3.09324E-08,-2.489E-11,3.06896E-08,3.2236E-07,-3.2212E-07
0.74,0.87,-3.63526E-08,-3.438E-11,3.6052799999999994E-08,3.225E-07,-3.2212E-07
0.735,0.87,-4.2712999999999993E-08,-2.8920000000000002E-11,4.24796E-08,3.2248E-07,-3.221E-07
0.73,0.87,-5.0131399999999996E-08,-3.8690000000000004E-11,4.9852999999999996E-08,3.2242E-07,-3.2215999999999997E-07
0.72500000000000009,0.87,-5.9032799999999992E-08,-3.885E-11,5.8714599999999992E-08,3.2243999999999997E-07,-3.2212E-07
0.72000000000000008,0.87,-6.9193999999999991E-08,-3.9170000000000005E-11,6.9001399999999992E-08,3.2246E-07,-3.2208E-07
0.71500000000000008,0.87,-8.13634E-08,-5.1960000000000007E-11,8.1246999999999986E-08,3.2246E-07,-3.221E-07
0.71000000000000008,0.87,-9.5693E-08,-4.607E-11,9.5401799999999985E-08,3.225E-07,-3.2214E-07
0.70500000000000007,0.87,-1.1259139999999999E-07,-6.046E-11,1.1230479999999999E-07,3.2246E-07,-3.2201999999999997E-07
0.70000000000000007,0.87,-1.3244E-07,-5.5580000000000003E-11,1.321E-07,3.2242E-07,-3.221E-07
0.69500000000000006,0.87,-1.5588E-07,-6.914E-11,1.5547999999999999E-07,3.2242E-07,-3.2212E-07
0.69000000000000006,0.87,-1.827E-07,-6.443E-11,1.8284E-07,3.224E-07,-3.2201999999999997E-07
0.685,0.87,-2.151E-07,-7.905E-11,2.1486E-07,3.2248E-07,-3.2206E-07
0.68,0.87,-2.537E-07,-7.4810000000000011E-11,2.5276E-07,3.224E-07,-3.2204E-07
0.675,0.87,-2.9748E-07,-9.093E-11,2.9694E-07,3.224E-07,-3.221E-07
0.67,0.87,-3.5068E-07,-8.5430000000000009E-11,3.5058E-07,3.2246E-07,-3.2212E-07
0.665,0.87,-4.1182E-07,-1.0423000000000001E-10,4.1238E-07,3.2242E-07,-3.2214E-07
0.66,0.87,-4.8544E-07,-9.804E-11,4.849E-07,3.2248E-07,-3.2212E-07
0.655,0.87,-5.7086E-07,-1.1835E-10,5.7048E-07,3.2242E-07,-3.2204E-07
0.65,0.87,-6.7251999999999994E-07,-1.1253000000000001E-10,6.7212E-07,3.2248E-07,-3.221E-07
0.645,0.87,-7.9022E-07,-1.3198000000000002E-10,7.8982E-07,3.2242E-07,-3.2215999999999997E-07
0.64,0.87,-9.319E-07,-1.2913E-10,9.3162E-07,3.2248E-07,-3.2206E-07
0.635,0.87,-1.08966E-06,-1.4492E-10,1.09292E-06,3.225E-07,-3.2214E-07
0.63,0.87,-1.2820000000000002E-06,-1.5355E-10,1.2871000000000001E-06,3.2243999999999997E-07,-3.22E-07
0.625,0.87,-1.5009E-06,-1.6254000000000002E-10,1.5136000000000002E-06,3.2246E-07,-3.2206E-07
0.62,0.87,-1.7677000000000002E-06,-1.6495E-10,1.7814000000000002E-06,3.2242E-07,-3.221E-07
0.615,0.87,-2.0846000000000003E-06,-1.7955000000000002E-10,2.0917000000000002E-06,3.2238E-07,-3.2206E-07
0.61,0.87,-2.4645000000000003E-06,-1.8232000000000002E-10,2.4648E-06,3.225E-07,-3.221E-07
0.605,0.87,-2.8908000000000003E-06,-1.9635000000000003E-10,2.8892000000000002E-06,3.2242E-07,-3.2206E-07
0.6,0.87,-3.3968000000000002E-06,-1.9843E-10,3.3957000000000004E-06,3.2246E-07,-3.2206E-07
0.595,0.87,-3.9793E-06,-2.1483000000000002E-10,3.9730000000000008E-06,3.2248E-07,-3.2212E-07
0.59000000000000008,0.87,-4.6566000000000004E-06,-2.1988000000000002E-10,4.6757000000000008E-06,3.2248E-07,-3.2208E-07
0.58500000000000008,0.87,-5.4955E-06,-2.3384000000000004E-10,5.4618000000000008E-06,3.2246E-07,-3.2206E-07
0.58000000000000007,0.87,-6.450400000000001E-06,-2.4055E-10,6.4525000000000005E-06,3.2246E-07,-3.221E-07
0.57500000000000007,0.87,-7.5559000000000008E-06,-2.5606000000000004E-10,7.5536000000000008E-06,3.2252E-07,-3.2215999999999997E-07
0.57000000000000006,0.87,-8.8326E-06,-2.6073000000000004E-10,8.8394E-06,3.2256E-07,-3.2218E-07
0.56500000000000006,0.87,-1.0345600000000001E-05,-2.7644000000000003E-10,1.0339600000000002E-05,3.2254E-07,-3.2215999999999997E-07
0.56,0.87,-1.2108E-05,-2.8683000000000003E-10,1.2072E-05,3.2252E-07,-3.2218E-07
0.555,0.87,-1.4134E-05,-2.9293000000000004E-10,1.4108000000000001E-05,3.2252E-07,-3.2218E-07
0.55,0.87,-1.6454000000000002E-05,-3.105E-10,1.6478E-05,3.225E-07,-3.222E-07
0.545,0.87,-1.9174E-05,-3.1536000000000004E-10,1.9204E-05,3.2252E-07,-3.2224E-07
0.54,0.87,-2.243E-05,-3.3761000000000004E-10,2.2424E-05,3.2246E-07,-3.2208E-07
0.535,0.87,-2.6092E-05,-3.3853E-10,2.5962E-05,3.2248E-07,-3.221E-07
0.53,0.87,-3.0272E-05,-3.6148000000000003E-10,3.0256E-05,3.2252E-07,-3.221E-07
0.525,0.87,-3.4824000000000004E-05,-3.6236000000000003E-10,3.4944E-05,3.224E-07,-3.2208E-07
0.52,0.87,-4.0412E-05,-3.8537000000000004E-10,4.0424000000000005E-05,3.2248E-07,-3.221E-07
0.515,0.87,-4.6502E-05,-3.9056000000000005E-10,4.6578E-05,3.224E-07,-3.221E-07
0.51,0.87,-5.342E-05,-4.1195E-10,5.3346E-05,3.2248E-07,-3.2214E-07
0.505,0.87,-6.1346E-05,-4.1838E-10,6.1366000000000008E-05,3.224E-07,-3.221E-07
0.5,0.87,-7.0198000000000008E-05,-4.4104E-10,7.0226E-05,3.2248E-07,-3.221E-07
0.49500000000000005,0.87,-7.9932E-05,-4.4941000000000005E-10,7.9818E-05,3.225E-07,-3.2215999999999997E-07
0.49000000000000005,0.87,-9.095E-05,-4.7107E-10,9.0936E-05,3.2246E-07,-3.2214E-07
0.48500000000000004,0.87,-0.000103032,-4.8227E-10,0.00010302,3.225E-07,-3.221E-07
0.48000000000000004,0.87,-0.00011594,-5.0076E-10,0.00011632000000000001,3.2246E-07,-3.2212E-07
0.47500000000000003,0.87,-0.00013066,-5.206E-10,0.00013106,3.2246E-07,-3.2206E-07
0.47000000000000003,0.87,-0.00014668,-5.3019E-10,0.00014700000000000002,3.2242E-07,-3.2201999999999997E-07
0.465,0.87,-0.00016368,-5.5599000000000006E-10,0.00016402000000000002,3.2238E-07,-3.2208E-07
0.46,0.87,-0.00018250000000000002,-5.6709000000000005E-10,0.00018278,3.2246E-07,-3.2206E-07
0.455,0.87,-0.0002023,-5.9183E-10,0.00020244000000000002,3.225E-07,-3.2212E-07
0.45,0.87,-0.00022368000000000003,-6.071E-10,0.00022408,3.2243999999999997E-07,-3.2206E-07
0.445,0.87,-0.00024628000000000003,-6.3371000000000008E-10,0.00024634,3.2246E-07,-3.2206E-07
0.44,0.87,-0.00027042,-6.4983E-10,0.00027072,3.2243999999999997E-07,-3.2208E-07
0.435,0.87,-0.00029562,-6.7610000000000007E-10,0.00029604,3.2242E-07,-3.2214E-07
0.43,0.87,-0.00032264,-6.9037000000000007E-10,0.00032270000000000004,3.2248E-07,-3.2218E-07
0.42500000000000004,0.87,-0.00035036,-7.2227E-10,0.00035056000000000003,3.2243999999999997E-07,-3.2215999999999997E-07
0.42000000000000004,0.87,-0.00037962,-7.373E-10,0.00037954000000000004,3.2242E-07,-3.221E-07
0.41500000000000004,0.87,-0.00040954,-7.6708000000000011E-10,0.00040978000000000005,3.2248E-07,-3.221E-07
0.41000000000000003,0.87,-0.00044110000000000004,-7.8927000000000011E-10,0.00044148,3.225E-07,-3.2212E-07
0.405,0.87,-0.0004733,-8.1736000000000006E-10,0.00047302000000000005,3.2248E-07,-3.2212E-07
0.4,0.87,-0.00050608,-8.3969E-10,0.00050686,3.2242E-07,-3.2215999999999997E-07
0.395,0.87,-0.00054002,-8.6907000000000008E-10,0.00054036,3.224E-07,-3.2206E-07
0.39,0.87,-0.000575,-8.9623000000000012E-10,0.00057494,3.225E-07,-3.221E-07
0.385,0.87,-0.00060968,-9.2663E-10,0.00061034,3.2248E-07,-3.2206E-07
0.38,0.87,-0.00064568,-9.5782000000000011E-10,0.00064618,3.2242E-07,-3.2212E-07
0.375,0.87,-0.00068246000000000008,-9.8635E-10,0.00068236,3.2242E-07,-3.2212E-07
0.37,0.87,-0.00071938,-1.02212E-09,0.00071946,3.2243999999999997E-07,-3.2206E-07
0.365,0.87,-0.0007567,-1.0640600000000002E-09,0.00075652,3.2248E-07,-3.2206E-07
0.36000000000000004,0.87,-0.000794,-1.10225E-09,0.00079394,3.2248E-07,-3.221E-07
0.35500000000000004,0.87,-0.00083102,-1.1268E-09,0.0008314,3.2246E-07,-3.221E-07
0.35000000000000003,0.87,-0.00086874,-1.1519E-09,0.00086952,3.2242E-07,-3.2204E-07
0.34500000000000003,0.87,-0.00090672000000000007,-1.2008E-09,0.00090682,3.2234E-07,-3.221E-07
0.34,0.87,-0.00094464000000000006,-1.2263E-09,0.00094536,3.2238E-07,-3.2214E-07
0.335,0.87,-0.00098296,-1.2763E-09,0.00098368,3.2243999999999997E-07,-3.2206E-07
0.33,0.87,-0.00102082,-1.3054E-09,0.00102128,3.224E-07,-3.221E-07
0.325,0.87,-0.0010587,-1.3518E-09,0.00105934,3.2242E-07,-3.2215999999999997E-07
0.32,0.87,-0.00109702,-1.39E-09,0.00109676,3.2243999999999997E-07,-3.2212E-07
0.315,0.87,-0.0011336,-1.4361E-09,0.0011345600000000002,3.2236E-07,-3.2212E-07
0.31,0.87,-0.001171,-1.4759E-09,0.0011718,3.2242E-07,-3.2212E-07
0.305,0.87,-0.001209,-1.5242E-09,0.001209,3.2234E-07,-3.221E-07
0.3,0.87,-0.0012452000000000001,-1.584E-09,0.0012466,3.224E-07,-3.221E-07
0.29500000000000004,0.87,-0.0012808000000000001,-1.6191E-09,0.0012828,3.2246E-07,-3.2212E-07
0.29000000000000004,0.87,-0.0013184,-1.667E-09,0.0013186,3.224E-07,-3.221E-07
0.28500000000000003,0.87,-0.001354,-1.7164E-09,0.0013548,3.2246E-07,-3.221E-07
0.28,0.87,-0.0013898,-1.7659E-09,0.0013902,3.224E-07,-3.221E-07
0.275,0.87,-0.001425,-1.8211E-09,0.0014254,3.2242E-07,-3.2206E-07
0.27,0.87,-0.0014594,-1.8729E-09,0.0014596000000000001,3.2242E-07,-3.2208E-07
0.265,0.87,-0.0014942,-1.9284E-09,0.0014942,3.224E-07,-3.221E-07
0.26,0.87,-0.0015282,-1.9858E-09,0.0015284,3.2242E-07,-3.221E-07
0.255,0.87,-0.0015614000000000001,-2.04E-09,0.0015614000000000001,3.2236E-07,-3.2204E-07
0.25,0.87,-0.0015942,-2.0993E-09,0.001595,3.224E-07,-3.2201999999999997E-07
0.24500000000000002,0.87,-0.0016266,-2.1607E-09,0.0016278,3.2232E-07,-3.2201999999999997E-07
0.24000000000000002,0.87,-0.0016586,-2.2212E-09,0.0016584,3.2242E-07,-3.22E-07
0.23500000000000001,0.87,-0.0016898,-2.2902E-09,0.001691,3.2246E-07,-3.221E-07
0.23,0.87,-0.0017212,-2.3437E-09,0.0017218000000000001,3.224E-07,-3.2215999999999997E-07
0.225,0.87,-0.0017524,-2.4195E-09,0.0017536000000000001,3.2246E-07,-3.221E-07
0.22,0.87,-0.001782,-2.4791E-09,0.0017824,3.2242E-07,-3.221E-07
0.215,0.87,-0.001812,-2.5566E-09,0.0018128,3.225E-07,-3.2212E-07
0.21000000000000002,0.87,-0.0018406,-2.6195E-09,0.0018428000000000001,3.2242E-07,-3.2212E-07
0.20500000000000002,0.87,-0.001871,-2.7035E-09,0.0018712,3.2242E-07,-3.2212E-07
0.2,0.87,-0.001899,-2.7657E-09,0.0018996,3.2254E-07,-3.221E-07
0.195,0.87,-0.0019262,-2.8545E-09,0.001928,3.2252E-07,-3.2218E-07
0.19,0.87,-0.001956,-2.9151E-09,0.001955,3.2252E-07,-3.2212E-07
0.185,0.87,-0.0019818,-3.0089E-09,0.0019818,3.2252E-07,-3.2212E-07
0.18000000000000002,0.87,-0.0020088000000000003,-3.0769E-09,0.0020092,3.2257999999999997E-07,-3.2218E-07
0.17500000000000002,0.87,-0.0020338,-3.1651E-09,0.0020356000000000003,3.2246E-07,-3.2214E-07
0.17,0.87,-0.0020608000000000002,-3.2413E-09,0.0020608000000000002,3.2248E-07,-3.2212E-07
0.165,0.87,-0.0020862,-3.3353E-09,0.002087,3.2243999999999997E-07,-3.2215999999999997E-07
0.16,0.87,-0.0021102,-3.4269E-09,0.0021112,3.225E-07,-3.221E-07
0.155,0.87,-0.0021356,-3.5282E-09,0.0021358,3.225E-07,-3.2212E-07
0.15,0.87,-0.0021588,-3.6167E-09,0.0021598,3.2246E-07,-3.2208E-07
0.14500000000000002,0.87,-0.0021822,-3.7193E-09,0.002184,3.2243999999999997E-07,-3.2222E-07
0.14,0.87,-0.0022064,-3.8059E-09,0.0022064,3.2248E-07,-3.2214E-07
0.135,0.87,-0.0022294,-3.9126E-09,0.0022288,3.2248E-07,-3.2212E-07
0.13,0.87,-0.0022526,-4.0035E-09,0.0022522,3.2243999999999997E-07,-3.2218E-07
0.125,0.87,-0.002272,-4.1055E-09,0.0022732,3.2242E-07,-3.221E-07
0.12000000000000001,0.87,-0.0022954,-4.2076E-09,0.002297,3.2254E-07,-3.2222E-07
0.115,0.87,-0.0023176,-4.3198E-09,0.0023174,3.2248E-07,-3.221E-07
0.11,0.87,-0.0023382,-4.428E-09,0.0023398,3.2234E-07,-3.2206E-07
0.10500000000000001,0.87,-0.0023576,-4.5348E-09,0.0023588,3.2246E-07,-3.221E-07
0.1,0.87,-0.0023778000000000002,-4.6516E-09,0.0023794000000000003,3.224E-07,-3.2206E-07
0.095,0.87,-0.0023984,-4.7613E-09,0.0023992,3.2238E-07,-3.221E-07
0.090000000000000011,0.87,-0.0024174,-4.886E-09,0.002418,3.2236E-07,-3.2206E-07
0.085,0.87,-0.002438,-5.0024E-09,0.0024368000000000003,3.2242E-07,-3.2208E-07
0.08,0.87,-0.0024562,-5.1632E-09,0.0024558,3.2238E-07,-3.221E-07
0.075,0.87,-0.0024744,-5.2811E-09,0.0024756,3.2242E-07,-3.2215999999999997E-07
0.07,0.87,-0.0024914,-5.4178E-09,0.0024936,3.2242E-07,-3.221E-07
0.065,0.87,-0.0025086,-5.5457E-09,0.0025116,3.224E-07,-3.2201999999999997E-07
0.060000000000000005,0.87,-0.002528,-5.7014E-09,0.002528,3.224E-07,-3.2206E-07
0.055,0.87,-0.0025458,-5.8273E-09,0.0025454,3.224E-07,-3.22E-07
0.05,0.87,-0.002561,-5.979E-09,0.0025628,3.2242E-07,-3.2208E-07
0.045000000000000005,0.87,-0.002579,-6.1127E-09,0.0025802,3.2242E-07,-3.2218E-07
0.04,0.87,-0.0025948,-6.2695E-09,0.0025958,3.224E-07,-3.2212E-07
0.035,0.87,-0.0026116,-6.4098E-09,0.0026126,3.2242E-07,-3.2208E-07
0.030000000000000002,0.87,-0.0026266,-6.5737E-09,0.0026276,3.2243999999999997E-07,-3.2212E-07
0.025,0.87,-0.0026416,-6.7275E-09,0.0026428000000000003,3.2242E-07,-3.2212E-07
0.02,0.87,-0.002657,-6.8492E-09,0.002658,3.2243999999999997E-07,-3.2212E-07
0.015000000000000001,0.87,-0.0026722,-7.0065E-09,0.002672,3.2246E-07,-3.2212E-07
0.01,0.87,-0.0026878,-7.1705E-09,0.0026872000000000003,3.224E-07,-3.2201999999999997E-07
0.005,0.87,-0.0027012,-7.3632E-09,0.0027032000000000002,3.224E-07,-3.2215999999999997E-07
0,0.87,-0.0027158,-7.5495E-09,0.0027162,3.2236E-07,-3.2212E-07
1.2,0.88,-2.4956E-10,4.3136000000000005E-10,-2.8780000000000003E-11,3.2204E-07,-3.2212E-07
1.195,0.88,-2.4292E-10,3.9263E-10,-2.7120000000000002E-11,3.2208E-07,-3.2218E-07
1.19,0.88,-2.5467E-10,3.5772000000000003E-10,-2.622E-11,3.2208E-07,-3.2218E-07
1.185,0.88,-2.2943000000000003E-10,3.2751000000000004E-10,-2.469E-11,3.2208E-07,-3.2212E-07
1.1800000000000002,0.88,-2.2696E-10,2.9925000000000003E-10,-2.2530000000000002E-11,3.2215999999999997E-07,-3.2222E-07
1.175,0.88,-2.4503000000000003E-10,2.719E-10,-2.2170000000000003E-11,3.2226E-07,-3.2215999999999997E-07
1.1700000000000002,0.88,-2.3618E-10,2.4794E-10,-2.0460000000000003E-11,3.2224E-07,-3.2215999999999997E-07
1.165,0.88,-2.1771000000000002E-10,2.2721E-10,-1.968E-11,3.2224E-07,-3.2212E-07
1.1600000000000001,0.88,-2.3518E-10,2.0727000000000003E-10,-1.77E-11,3.2224E-07,-3.2215999999999997E-07
1.155,0.88,-2.4148000000000003E-10,1.8950000000000002E-10,-1.797E-11,3.2228E-07,-3.222E-07
1.1500000000000001,0.88,-2.1988000000000002E-10,1.7363000000000003E-10,-1.6670000000000002E-11,3.2224E-07,-3.2212E-07
1.145,0.88,-2.1571000000000002E-10,1.6164000000000002E-10,-1.5E-11,3.2224E-07,-3.221E-07
1.1400000000000001,0.88,-2.3841E-10,1.4798000000000002E-10,-1.4390000000000002E-11,3.2234E-07,-3.2215999999999997E-07
1.135,0.88,-2.2375000000000003E-10,1.3741000000000002E-10,-1.458E-11,3.2236E-07,-3.2224E-07
1.1300000000000001,0.88,-2.0902000000000002E-10,1.2553E-10,-1.2470000000000002E-11,3.2226E-07,-3.221E-07
1.125,0.88,-2.2548E-10,1.1716E-10,-1.0620000000000001E-11,3.2228E-07,-3.2201999999999997E-07
1.12,0.88,-2.3306E-10,1.0328E-10,-1.1440000000000001E-11,3.222E-07,-3.2212E-07
1.115,0.88,-2.1022000000000003E-10,9.937E-11,-1.088E-11,3.2226E-07,-3.221E-07
1.11,0.88,-2.1815000000000002E-10,8.963E-11,-8.53E-12,3.2224E-07,-3.221E-07
1.105,0.88,-2.3637000000000003E-10,8.5480000000000011E-11,-9.0000000000000012E-12,3.2224E-07,-3.2206E-07
1.1,0.88,-2.1916000000000002E-10,7.528000000000001E-11,-8.14E-12,3.2229999999999997E-07,-3.2208E-07
1.095,0.88,-2.0568E-10,7.42E-11,-6.3900000000000008E-12,3.2224E-07,-3.221E-07
1.09,0.88,-2.3512E-10,6.3120000000000011E-11,-5.2100000000000006E-12,3.2224E-07,-3.221E-07
1.085,0.88,-2.2399000000000002E-10,6.339E-11,-6.66E-12,3.2229999999999997E-07,-3.221E-07
1.08,0.88,-2.0422000000000002E-10,5.4930000000000004E-11,-4.93E-12,3.222E-07,-3.2208E-07
1.075,0.88,-2.1850000000000002E-10,5.736E-11,-3.72E-12,3.2229999999999997E-07,-3.2206E-07
1.07,0.88,-2.3166000000000003E-10,4.6560000000000005E-11,-3.56E-12,3.2232E-07,-3.221E-07
1.065,0.88,-2.0460000000000002E-10,5.037E-11,-4.4500000000000006E-12,3.2234E-07,-3.222E-07
1.06,0.88,-2.0547000000000002E-10,4.1820000000000004E-11,-2.37E-12,3.2238E-07,-3.2214E-07
1.0550000000000002,0.88,-2.2535000000000003E-10,4.417E-11,-1.93E-12,3.2229999999999997E-07,-3.2206E-07
1.05,0.88,-2.1786E-10,3.536E-11,-2.0200000000000003E-12,3.224E-07,-3.2215999999999997E-07
1.0450000000000002,0.88,-2.0077000000000002E-10,3.9460000000000005E-11,-8.8000000000000009E-13,3.2229999999999997E-07,-3.2214E-07
1.04,0.88,-2.1972000000000002E-10,3.0570000000000004E-11,8.1000000000000008E-13,3.2229999999999997E-07,-3.221E-07
1.0350000000000001,0.88,-2.2545E-10,3.307E-11,-4.0000000000000006E-14,3.2228E-07,-3.221E-07
1.03,0.88,-2.0602000000000003E-10,2.6010000000000002E-11,1.03E-12,3.2232E-07,-3.2214E-07
1.0250000000000001,0.88,-2.0568E-10,3.129E-11,3.2700000000000004E-12,3.2234E-07,-3.2212E-07
1.02,0.88,-2.2731000000000001E-10,2.252E-11,4.17E-12,3.2236E-07,-3.221E-07
1.0150000000000001,0.88,-2.4512000000000003E-10,2.5250000000000003E-11,3.1900000000000003E-12,3.2234E-07,-3.2215999999999997E-07
1.01,0.88,-2.2757000000000002E-10,2.0820000000000002E-11,6.2E-12,3.224E-07,-3.2214E-07
1.0050000000000001,0.88,-2.4248E-10,2.3720000000000003E-11,8.680000000000001E-12,3.2238E-07,-3.2214E-07
1,0.88,-2.2659000000000002E-10,1.79E-11,7.9900000000000013E-12,3.2226E-07,-3.2204E-07
0.995,0.88,-2.0075E-10,2.2300000000000003E-11,9.47E-12,3.2236E-07,-3.2215999999999997E-07
0.9900000000000001,0.88,-2.086E-10,1.7310000000000003E-11,1.005E-11,3.2229999999999997E-07,-3.2206E-07
0.9850000000000001,0.88,-2.2885000000000002E-10,1.7980000000000002E-11,1.391E-11,3.2234E-07,-3.2208E-07
0.98000000000000009,0.88,-2.1432000000000002E-10,1.484E-11,1.464E-11,3.2232E-07,-3.2222E-07
0.97500000000000009,0.88,-2.0597000000000001E-10,1.722E-11,1.721E-11,3.2234E-07,-3.2206E-07
0.97000000000000008,0.88,-2.3184000000000002E-10,1.321E-11,2.056E-11,3.2238E-07,-3.2215999999999997E-07
0.96500000000000008,0.88,-2.3200000000000003E-10,1.394E-11,2.3460000000000002E-11,3.2234E-07,-3.2215999999999997E-07
0.96000000000000008,0.88,-2.1533000000000002E-10,1.2750000000000001E-11,2.6670000000000003E-11,3.2236E-07,-3.2222E-07
0.95500000000000007,0.88,-2.2860000000000002E-10,1.452E-11,3.2070000000000005E-11,3.2238E-07,-3.2215999999999997E-07
0.95000000000000007,0.88,-2.4816E-10,1.0850000000000002E-11,3.6980000000000004E-11,3.2238E-07,-3.2215999999999997E-07
0.94500000000000006,0.88,-2.3695E-10,1.2320000000000001E-11,4.213E-11,3.2229999999999997E-07,-3.2212E-07
0.94000000000000006,0.88,-2.4109000000000004E-10,1.0010000000000001E-11,4.8960000000000005E-11,3.2232E-07,-3.2212E-07
0.935,0.88,-2.6554E-10,1.1620000000000001E-11,5.7090000000000007E-11,3.2236E-07,-3.2214E-07
0.93,0.88,-2.7236000000000003E-10,8.070000000000001E-12,6.623E-11,3.2234E-07,-3.2206E-07
0.925,0.88,-2.5976000000000004E-10,1.138E-11,7.6140000000000008E-11,3.2242E-07,-3.2208E-07
0.92,0.88,-2.8947000000000004E-10,6.66E-12,9.132E-11,3.2229999999999997E-07,-3.2208E-07
0.915,0.88,-3.1465000000000005E-10,1.0110000000000001E-11,1.0398000000000001E-10,3.2232E-07,-3.2208E-07
0.91,0.88,-3.1404000000000003E-10,4.6000000000000006E-12,1.2244000000000002E-10,3.2229999999999997E-07,-3.2208E-07
0.905,0.88,-3.2902E-10,1.055E-11,1.4243000000000002E-10,3.2222E-07,-3.2206E-07
0.9,0.88,-3.7982000000000004E-10,3.4900000000000003E-12,1.6771E-10,3.2224E-07,-3.2206E-07
0.895,0.88,-3.9542E-10,8.72E-12,1.9385E-10,3.2232E-07,-3.221E-07
0.89,0.88,-4.1442000000000005E-10,2.3500000000000003E-12,2.2969E-10,3.2229999999999997E-07,-3.221E-07
0.885,0.88,-4.7065E-10,1.049E-11,2.6672000000000004E-10,3.2234E-07,-3.221E-07
0.88,0.88,-5.2408E-10,4.4000000000000004E-13,3.1325000000000003E-10,3.2232E-07,-3.2214E-07
0.875,0.88,-5.4866E-10,8.14E-12,3.6642E-10,3.2236E-07,-3.2212E-07
0.87,0.88,-6.2761000000000007E-10,-1.02E-12,4.3250000000000006E-10,3.2229999999999997E-07,-3.2212E-07
0.865,0.88,-7.113E-10,7.39E-12,5.0487E-10,3.2224E-07,-3.2206E-07
0.86,0.88,-7.8547000000000008E-10,-1.85E-12,5.9374000000000006E-10,3.2224E-07,-3.2206E-07
0.85500000000000009,0.88,-8.728E-10,8.8900000000000011E-12,6.948E-10,3.2226E-07,-3.2204E-07
0.85000000000000009,0.88,-1.02232E-09,-2.97E-12,8.1670000000000009E-10,3.2226E-07,-3.2208E-07
0.84500000000000008,0.88,-1.1479E-09,4.0000000000000006E-14,9.5989E-10,3.2229999999999997E-07,-3.2206E-07
0.84000000000000008,0.88,-1.3335E-09,2.59E-12,1.12703E-09,3.2228E-07,-3.2212E-07
0.83500000000000008,0.88,-1.5187E-09,-3.8E-12,1.321E-09,3.2234E-07,-3.2204E-07
0.83000000000000007,0.88,-1.7441E-09,5E-13,1.5521E-09,3.2234E-07,-3.221E-07
0.82500000000000007,0.88,-1.9945E-09,-2.57E-12,1.8235E-09,3.2229999999999997E-07,-3.2208E-07
0.82000000000000006,0.88,-2.3206E-09,-2.77E-12,2.14E-09,3.2228E-07,-3.2206E-07
0.81500000000000006,0.88,-2.7089E-09,-4.56E-12,2.514E-09,3.2226E-07,-3.2206E-07
0.81,0.88,-3.1406E-09,-6.15E-12,2.9501E-09,3.2228E-07,-3.2212E-07
0.805,0.88,-3.6346E-09,-4.9500000000000005E-12,3.4632E-09,3.2226E-07,-3.2212E-07
0.8,0.88,-4.252E-09,-8.1800000000000011E-12,4.0835E-09,3.2242E-07,-3.2206E-07
0.795,0.88,-4.9879E-09,-8.580000000000001E-12,4.7905E-09,3.2232E-07,-3.2218E-07
0.79,0.88,-5.7985E-09,-1.2270000000000002E-11,5.6204E-09,3.2238E-07,-3.2212E-07
0.785,0.88,-6.7675E-09,-9.06E-12,6.6129E-09,3.2242E-07,-3.2222E-07
0.78,0.88,-7.9564E-09,-1.5180000000000003E-11,7.8132E-09,3.2234E-07,-3.2218E-07
0.775,0.88,-9.3279E-09,-1.3890000000000002E-11,9.161E-09,3.224E-07,-3.222E-07
0.77,0.88,-1.08959E-08,-2.1310000000000002E-11,1.07179E-08,3.2229999999999997E-07,-3.2206E-07
0.765,0.88,-1.2812599999999999E-08,-1.661E-11,1.2643E-08,3.2232E-07,-3.2218E-07
0.76,0.88,-1.49904E-08,-1.764E-11,1.4857599999999998E-08,3.2229999999999997E-07,-3.221E-07
0.755,0.88,-1.7638E-08,-2.7900000000000002E-11,1.7484E-08,3.2236E-07,-3.221E-07
0.75,0.88,-2.06894E-08,-2.154E-11,2.0541E-08,3.2226E-07,-3.221E-07
0.745,0.88,-2.4355599999999998E-08,-3.1950000000000003E-11,2.4200399999999997E-08,3.2236E-07,-3.2212E-07
0.74,0.88,-2.8565599999999997E-08,-3.062E-11,2.8425999999999996E-08,3.2229999999999997E-07,-3.2206E-07
0.735,0.88,-3.3573199999999997E-08,-3.43E-11,3.3456399999999994E-08,3.2229999999999997E-07,-3.2212E-07
0.73,0.88,-3.9453199999999994E-08,-4.141E-11,3.9319599999999996E-08,3.2242E-07,-3.2218E-07
0.72500000000000009,0.88,-4.6464399999999994E-08,-3.5380000000000005E-11,4.6361599999999993E-08,3.2229999999999997E-07,-3.2212E-07
0.72000000000000008,0.88,-5.4565399999999994E-08,-4.9220000000000006E-11,5.4412199999999995E-08,3.224E-07,-3.2215999999999997E-07
0.71500000000000008,0.88,-6.421439999999999E-08,-4.486E-11,6.41102E-08,3.2236E-07,-3.2212E-07
0.71000000000000008,0.88,-7.54604E-08,-5.503E-11,7.5336199999999991E-08,3.2228E-07,-3.2206E-07
0.70500000000000007,0.88,-8.88224E-08,-5.923E-11,8.87546E-08,3.2234E-07,-3.2212E-07
0.70000000000000007,0.88,-1.0434879999999999E-07,-5.9570000000000007E-11,1.0421799999999999E-07,3.2234E-07,-3.2214E-07
0.69500000000000006,0.88,-1.23E-07,-7.2740000000000012E-11,1.2274E-07,3.2236E-07,-3.221E-07
0.69000000000000006,0.88,-1.4403999999999999E-07,-6.9580000000000007E-11,1.44E-07,3.2236E-07,-3.2208E-07
0.685,0.88,-1.6972E-07,-8.243E-11,1.6972E-07,3.2234E-07,-3.2208E-07
0.68,0.88,-2.002E-07,-8.0380000000000011E-11,1.9986E-07,3.2232E-07,-3.2215999999999997E-07
0.675,0.88,-2.3493999999999999E-07,-9.6130000000000008E-11,2.3476E-07,3.2224E-07,-3.2208E-07
0.67,0.88,-2.769E-07,-9.413E-11,2.7652E-07,3.2228E-07,-3.221E-07
0.665,0.88,-3.2512E-07,-1.0726000000000001E-10,3.249E-07,3.2228E-07,-3.2204E-07
0.66,0.88,-3.8317999999999997E-07,-1.0920000000000001E-10,3.8288E-07,3.2226E-07,-3.2206E-07
0.655,0.88,-4.4916E-07,-1.1898E-10,4.5002E-07,3.2229999999999997E-07,-3.2212E-07
0.65,0.88,-5.284E-07,-1.2783E-10,5.2937999999999994E-07,3.2228E-07,-3.2206E-07
0.645,0.88,-6.2222E-07,-1.3303E-10,6.2262E-07,3.2228E-07,-3.2206E-07
0.64,0.88,-7.3377999999999994E-07,-1.4406000000000002E-10,7.3252E-07,3.2226E-07,-3.2215999999999997E-07
0.635,0.88,-8.6008E-07,-1.4952000000000002E-10,8.601E-07,3.2234E-07,-3.2215999999999997E-07
0.63,0.88,-1.01352E-06,-1.6155E-10,1.01262E-06,3.2229999999999997E-07,-3.221E-07
0.625,0.88,-1.1872E-06,-1.6527000000000002E-10,1.1876E-06,3.2229999999999997E-07,-3.2206E-07
0.62,0.88,-1.3940000000000001E-06,-1.7532000000000002E-10,1.393E-06,3.2229999999999997E-07,-3.2206E-07
0.615,0.88,-1.6384000000000003E-06,-1.8272000000000002E-10,1.6381000000000003E-06,3.2229999999999997E-07,-3.2214E-07
0.61,0.88,-1.9298E-06,-1.9271000000000003E-10,1.9318000000000003E-06,3.2232E-07,-3.2208E-07
0.605,0.88,-2.2704000000000003E-06,-2.0030000000000002E-10,2.2665000000000002E-06,3.2229999999999997E-07,-3.2212E-07
0.6,0.88,-2.6602000000000004E-06,-2.1323000000000002E-10,2.6640000000000002E-06,3.2234E-07,-3.221E-07
0.595,0.88,-3.1197000000000004E-06,-2.1713E-10,3.125E-06,3.2229999999999997E-07,-3.2204E-07
0.59000000000000008,0.88,-3.672E-06,-2.3477E-10,3.6667000000000004E-06,3.2228E-07,-3.221E-07
0.58500000000000008,0.88,-4.3012000000000004E-06,-2.3698000000000004E-10,4.2952000000000008E-06,3.2226E-07,-3.2206E-07
0.58000000000000007,0.88,-5.0362E-06,-2.5364E-10,5.0380000000000007E-06,3.2234E-07,-3.2212E-07
0.57500000000000007,0.88,-5.903800000000001E-06,-2.5858E-10,5.8991000000000008E-06,3.2229999999999997E-07,-3.221E-07
0.57000000000000006,0.88,-6.9065000000000007E-06,-2.7689E-10,6.9079E-06,3.2229999999999997E-07,-3.2212E-07
0.56500000000000006,0.88,-8.0789000000000015E-06,-2.7687E-10,8.0858000000000014E-06,3.2228E-07,-3.2215999999999997E-07
0.56,0.88,-9.463900000000001E-06,-3.0127000000000004E-10,9.4483E-06,3.2229999999999997E-07,-3.2204E-07
0.555,0.88,-1.1024700000000001E-05,-3.0098000000000003E-10,1.1032400000000001E-05,3.2226E-07,-3.2206E-07
0.55,0.88,-1.2892000000000001E-05,-3.1101000000000005E-10,1.286E-05,3.2236E-07,-3.221E-07
0.545,0.88,-1.4978000000000001E-05,-3.2671E-10,1.499E-05,3.2229999999999997E-07,-3.221E-07
0.54,0.88,-1.7432000000000002E-05,-3.3851E-10,1.7434E-05,3.2229999999999997E-07,-3.2206E-07
0.535,0.88,-2.0212000000000002E-05,-3.5422000000000004E-10,2.0194E-05,3.2222E-07,-3.221E-07
0.53,0.88,-2.34E-05,-3.6212000000000004E-10,2.3414E-05,3.2228E-07,-3.221E-07
0.525,0.88,-2.703E-05,-3.8158000000000004E-10,2.7078E-05,3.2234E-07,-3.2214E-07
0.52,0.88,-3.1258E-05,-3.8784000000000003E-10,3.1216E-05,3.2236E-07,-3.2214E-07
0.515,0.88,-3.5946000000000004E-05,-4.0849000000000005E-10,3.5934E-05,3.2246E-07,-3.2214E-07
0.51,0.88,-4.1296E-05,-4.1697E-10,4.1306E-05,3.2234E-07,-3.2215999999999997E-07
0.505,0.88,-4.7234E-05,-4.3622E-10,4.7248E-05,3.224E-07,-3.2218E-07
0.5,0.88,-5.3868E-05,-4.4414000000000003E-10,5.3856E-05,3.2238E-07,-3.2212E-07
0.49500000000000005,0.88,-6.1252E-05,-4.6974000000000008E-10,6.124E-05,3.2236E-07,-3.221E-07
0.49000000000000005,0.88,-6.9514E-05,-4.7621000000000005E-10,6.9552E-05,3.2224E-07,-3.2212E-07
0.48500000000000004,0.88,-7.8532E-05,-5.0116000000000006E-10,7.8492E-05,3.2229999999999997E-07,-3.221E-07
0.48000000000000004,0.88,-8.8454E-05,-5.0747E-10,8.843200000000001E-05,3.2229999999999997E-07,-3.221E-07
0.47500000000000003,0.88,-9.922E-05,-5.3527000000000006E-10,9.9194E-05,3.2228E-07,-3.221E-07
0.47000000000000003,0.88,-0.000110938,-5.4513000000000006E-10,0.000110944,3.2224E-07,-3.2212E-07
0.465,0.88,-0.00012328,-5.6337000000000009E-10,0.00012338,3.2222E-07,-3.221E-07
0.46,0.88,-0.00013688,-5.9127000000000007E-10,0.00013702,3.2234E-07,-3.2218E-07
0.455,0.88,-0.00015110000000000001,-5.9984000000000007E-10,0.00015172000000000002,3.2229999999999997E-07,-3.2206E-07
0.45,0.88,-0.00016682,-6.2911E-10,0.00016712,3.2232E-07,-3.2212E-07
0.445,0.88,-0.0001832,-6.4102E-10,0.00018342,3.2228E-07,-3.2206E-07
0.44,0.88,-0.00020058,-6.735600000000001E-10,0.00020074,3.2229999999999997E-07,-3.2201999999999997E-07
0.435,0.88,-0.00021852000000000002,-6.8563E-10,0.00021874,3.2236E-07,-3.2212E-07
0.43,0.88,-0.00023766000000000003,-7.1935000000000011E-10,0.00023824000000000002,3.2234E-07,-3.221E-07
0.42500000000000004,0.88,-0.00025716000000000004,-7.2897E-10,0.00025752,3.2229999999999997E-07,-3.2212E-07
0.42000000000000004,0.88,-0.00027802,-7.6647E-10,0.00027822000000000003,3.2234E-07,-3.2214E-07
0.41500000000000004,0.88,-0.00029908,-7.8113000000000007E-10,0.00029936000000000003,3.2236E-07,-3.2215999999999997E-07
0.41000000000000003,0.88,-0.000321,-8.1558000000000009E-10,0.0003217,3.2234E-07,-3.2212E-07
0.405,0.88,-0.00034348,-8.3756000000000005E-10,0.0003438,3.2234E-07,-3.221E-07
0.4,0.88,-0.00036654,-8.6842000000000009E-10,0.00036692,3.2229999999999997E-07,-3.2212E-07
0.395,0.88,-0.00039006,-8.935400000000001E-10,0.00039018,3.2232E-07,-3.2215999999999997E-07
0.39,0.88,-0.00041380000000000003,-9.2596000000000008E-10,0.00041394,3.2242E-07,-3.2212E-07
0.385,0.88,-0.00043828000000000004,-9.538900000000001E-10,0.00043824,3.2232E-07,-3.221E-07
0.38,0.88,-0.00046288000000000004,-9.8487000000000014E-10,0.00046318000000000005,3.2242E-07,-3.2215999999999997E-07
0.375,0.88,-0.00048764,-1.0156800000000002E-09,0.00048740000000000003,3.2232E-07,-3.2212E-07
0.37,0.88,-0.00051256,-1.0504200000000002E-09,0.00051336,3.2232E-07,-3.2215999999999997E-07
0.365,0.88,-0.00053822000000000006,-1.0862100000000001E-09,0.00053784,3.2242E-07,-3.2222E-07
0.36000000000000004,0.88,-0.0005636,-1.1204E-09,0.00056422,3.224E-07,-3.2218E-07
0.35500000000000004,0.88,-0.00058890000000000006,-1.1537E-09,0.000589,3.224E-07,-3.2218E-07
0.35000000000000003,0.88,-0.00061482000000000008,-1.1918E-09,0.0006155,3.2236E-07,-3.221E-07
0.34500000000000003,0.88,-0.00064072,-1.227E-09,0.0006413,3.2228E-07,-3.2218E-07
0.34,0.88,-0.00066610000000000009,-1.2739E-09,0.00066644,3.2238E-07,-3.2214E-07
0.335,0.88,-0.00069126000000000007,-1.3098E-09,0.00069212000000000006,3.2234E-07,-3.2206E-07
0.33,0.88,-0.00071816,-1.3501E-09,0.00071778,3.2229999999999997E-07,-3.2212E-07
0.325,0.88,-0.00074268,-1.3901E-09,0.00074324,3.2232E-07,-3.221E-07
0.32,0.88,-0.00076824,-1.4346E-09,0.00076878,3.2226E-07,-3.221E-07
0.315,0.88,-0.00079358,-1.4776E-09,0.00079328,3.2232E-07,-3.2214E-07
0.31,0.88,-0.00081862,-1.5277E-09,0.00081818000000000006,3.2232E-07,-3.2206E-07
0.305,0.88,-0.00084258,-1.5654E-09,0.0008434400000000001,3.2229999999999997E-07,-3.221E-07
0.3,0.88,-0.00086800000000000006,-1.6224E-09,0.00086820000000000007,3.2232E-07,-3.2212E-07
0.29500000000000004,0.88,-0.00089218,-1.6613E-09,0.00089266000000000009,3.2229999999999997E-07,-3.221E-07
0.29000000000000004,0.88,-0.00091558,-1.722E-09,0.00091702,3.2228E-07,-3.2208E-07
0.28500000000000003,0.88,-0.00093928,-1.7645E-09,0.00094104000000000008,3.2224E-07,-3.2206E-07
0.28,0.88,-0.00096456,-1.8226E-09,0.00096454000000000006,3.2232E-07,-3.2208E-07
0.275,0.88,-0.00098774,-1.8718E-09,0.00098704,3.2224E-07,-3.2206E-07
0.27,0.88,-0.0010101,-1.9364E-09,0.00101176,3.2226E-07,-3.221E-07
0.265,0.88,-0.00103308,-1.9865E-09,0.00103398,3.2229999999999997E-07,-3.2208E-07
0.26,0.88,-0.00105602,-2.054E-09,0.0010564600000000002,3.2236E-07,-3.2214E-07
0.255,0.88,-0.00107754,-2.1052E-09,0.0010782,3.2232E-07,-3.2212E-07
0.25,0.88,-0.0011004,-2.1687E-09,0.00109986,3.2232E-07,-3.2214E-07
0.24500000000000002,0.88,-0.0011214200000000001,-2.2293E-09,0.00112192,3.2229999999999997E-07,-3.2206E-07
0.24000000000000002,0.88,-0.00114266,-2.294E-09,0.0011429600000000002,3.2238E-07,-3.222E-07
0.23500000000000001,0.88,-0.0011636,-2.3579E-09,0.0011644000000000001,3.2234E-07,-3.221E-07
0.23,0.88,-0.001184,-2.4205E-09,0.0011846,3.2226E-07,-3.2212E-07
0.225,0.88,-0.0012046000000000001,-2.4907E-09,0.0012052,3.2229999999999997E-07,-3.2214E-07
0.22,0.88,-0.0012254,-2.5518E-09,0.0012256,3.2226E-07,-3.2208E-07
0.215,0.88,-0.0012448000000000001,-2.6316E-09,0.0012464,3.2224E-07,-3.2215999999999997E-07
0.21000000000000002,0.88,-0.0012648,-2.6989E-09,0.0012652,3.2228E-07,-3.2206E-07
0.20500000000000002,0.88,-0.0012838,-2.776E-09,0.0012854000000000001,3.2226E-07,-3.2204E-07
0.2,0.88,-0.0013024,-2.8537E-09,0.0013028,3.2229999999999997E-07,-3.2212E-07
0.195,0.88,-0.0013212,-2.9491E-09,0.001322,3.2234E-07,-3.2214E-07
0.19,0.88,-0.0013392,-3.0104E-09,0.0013394,3.2236E-07,-3.2218E-07
0.185,0.88,-0.001356,-3.0819E-09,0.001358,3.2222E-07,-3.2206E-07
0.18000000000000002,0.88,-0.0013738,-3.1741E-09,0.0013738,3.2229999999999997E-07,-3.2208E-07
0.17500000000000002,0.88,-0.001392,-3.2542E-09,0.0013924,3.2228E-07,-3.221E-07
0.17,0.88,-0.0014088,-3.3481E-09,0.0014104,3.2226E-07,-3.2204E-07
0.165,0.88,-0.001425,-3.4236E-09,0.0014252,3.2224E-07,-3.2201999999999997E-07
0.16,0.88,-0.0014424,-3.5265E-09,0.001443,3.2224E-07,-3.2212E-07
0.155,0.88,-0.0014582,-3.6108E-09,0.0014594,3.2234E-07,-3.2212E-07
0.15,0.88,-0.0014736,-3.7149E-09,0.001475,3.2234E-07,-3.2218E-07
0.14500000000000002,0.88,-0.0014892,-3.7981E-09,0.0014908,3.2236E-07,-3.2212E-07
0.14,0.88,-0.0015044000000000001,-3.9073E-09,0.001506,3.2234E-07,-3.2214E-07
0.135,0.88,-0.0015204,-4.0035E-09,0.0015218,3.2229999999999997E-07,-3.2212E-07
0.13,0.88,-0.0015346000000000001,-4.1013E-09,0.0015352,3.2236E-07,-3.221E-07
0.125,0.88,-0.0015504,-4.1961E-09,0.0015496,3.2234E-07,-3.221E-07
0.12000000000000001,0.88,-0.001563,-4.3222E-09,0.0015654,3.2222E-07,-3.2206E-07
0.115,0.88,-0.0015778,-4.424E-09,0.0015776,3.222E-07,-3.2204E-07
0.11,0.88,-0.0015922,-4.5451E-09,0.0015934,3.2236E-07,-3.2204E-07
0.10500000000000001,0.88,-0.0016056,-4.6442E-09,0.0016062000000000001,3.2228E-07,-3.2212E-07
0.1,0.88,-0.0016194,-4.7648E-09,0.001619,3.2236E-07,-3.2212E-07
0.095,0.88,-0.0016322,-4.8821E-09,0.0016314,3.2229999999999997E-07,-3.2215999999999997E-07
0.090000000000000011,0.88,-0.0016452,-5.0116E-09,0.0016464000000000001,3.2234E-07,-3.221E-07
0.085,0.88,-0.0016588,-5.1343E-09,0.0016578,3.2234E-07,-3.2215999999999997E-07
0.08,0.88,-0.0016696,-5.2619E-09,0.0016704,3.2229999999999997E-07,-3.2214E-07
0.075,0.88,-0.0016836,-5.3904E-09,0.0016824000000000001,3.2232E-07,-3.2212E-07
0.07,0.88,-0.001694,-5.5219E-09,0.001696,3.2236E-07,-3.2218E-07
0.065,0.88,-0.0017056,-5.6572E-09,0.0017078,3.2232E-07,-3.2215999999999997E-07
0.060000000000000005,0.88,-0.0017182,-5.8009E-09,0.001717,3.2234E-07,-3.2212E-07
0.055,0.88,-0.0017284,-5.9461E-09,0.0017286,3.2229999999999997E-07,-3.221E-07
0.05,0.88,-0.0017394,-6.0771E-09,0.0017398000000000001,3.2234E-07,-3.221E-07
0.045000000000000005,0.88,-0.0017512,-6.236E-09,0.0017512,3.2229999999999997E-07,-3.221E-07
0.04,0.88,-0.0017624000000000001,-6.4097E-09,0.0017638,3.2232E-07,-3.2212E-07
0.035,0.88,-0.0017724,-6.5523E-09,0.0017742,3.2228E-07,-3.2214E-07
0.030000000000000002,0.88,-0.0017836,-6.7107E-09,0.001784,3.222E-07,-3.2206E-07
0.025,0.88,-0.0017916,-6.8746E-09,0.0017944,3.2236E-07,-3.221E-07
0.02,0.88,-0.0018026000000000001,-7.0398E-09,0.0018028,3.2234E-07,-3.2201999999999997E-07
0.015000000000000001,0.88,-0.0018138,-7.2096E-09,0.0018142,3.2228E-07,-3.2208E-07
0.01,0.88,-0.0018234,-7.3786E-09,0.0018228,3.2229999999999997E-07,-3.2206E-07
0.005,0.88,-0.0018314,-7.5517E-09,0.001833,3.2229999999999997E-07,-3.221E-07
0,0.88,-0.0018406,-7.7612E-09,0.0018424000000000001,3.2229999999999997E-07,-3.221E-07
1.2,0.89,-1.0608000000000001E-10,4.2735000000000003E-10,-2.768E-11,3.2184E-07,-3.2215999999999997E-07
1.195,0.89,-1.0904E-10,3.9556000000000003E-10,-2.6680000000000002E-11,3.219E-07,-3.2206E-07
1.19,0.89,-1.0405E-10,3.4987E-10,-2.68E-11,3.2186E-07,-3.2208E-07
1.185,0.89,-7.8290000000000008E-11,3.3003000000000005E-10,-2.467E-11,3.2194E-07,-3.221E-07
1.1800000000000002,0.89,-1.0040000000000001E-10,2.9094000000000003E-10,-2.247E-11,3.2194E-07,-3.2201999999999997E-07
1.175,0.89,-1.0504E-10,2.7427E-10,-2.229E-11,3.2194E-07,-3.2206E-07
1.1700000000000002,0.89,-8.1350000000000009E-11,2.4025E-10,-2.1110000000000002E-11,3.22E-07,-3.2215999999999997E-07
1.165,0.89,-8.5320000000000009E-11,2.2907000000000002E-10,-1.9440000000000003E-11,3.2198E-07,-3.2201999999999997E-07
1.1600000000000001,0.89,-1.0892000000000001E-10,1.994E-10,-1.755E-11,3.2206E-07,-3.2218E-07
1.155,0.89,-8.4570000000000011E-11,1.9144000000000001E-10,-1.85E-11,3.2206E-07,-3.221E-07
1.1500000000000001,0.89,-7.635E-11,1.6935000000000002E-10,-1.6740000000000002E-11,3.2212E-07,-3.2206E-07
1.145,0.89,-9.4010000000000007E-11,1.6384000000000003E-10,-1.539E-11,3.22E-07,-3.2206E-07
1.1400000000000001,0.89,-9.4470000000000011E-11,1.4096000000000002E-10,-1.54E-11,3.2201999999999997E-07,-3.2214E-07
1.135,0.89,-6.8330000000000011E-11,1.3806E-10,-1.4400000000000002E-11,3.2206E-07,-3.221E-07
1.1300000000000001,0.89,-8.252E-11,1.1954E-10,-1.139E-11,3.2212E-07,-3.2212E-07
1.125,0.89,-9.33E-11,1.1506000000000001E-10,-1.219E-11,3.2214E-07,-3.221E-07
1.12,0.89,-7.4900000000000008E-11,1.0035000000000001E-10,-1.2540000000000001E-11,3.2212E-07,-3.221E-07
1.115,0.89,-6.7950000000000008E-11,9.9880000000000008E-11,-1.066E-11,3.2212E-07,-3.2208E-07
1.11,0.89,-8.919E-11,8.8210000000000011E-11,-8.8900000000000011E-12,3.2212E-07,-3.2212E-07
1.105,0.89,-8.117E-11,8.4330000000000008E-11,-8.83E-12,3.2212E-07,-3.2212E-07
1.1,0.89,-6.273E-11,7.629E-11,-8.1000000000000014E-12,3.2206E-07,-3.2204E-07
1.095,0.89,-7.99E-11,7.064E-11,-6.0700000000000006E-12,3.2212E-07,-3.221E-07
1.09,0.89,-9.3610000000000013E-11,6.444E-11,-6.9500000000000009E-12,3.2215999999999997E-07,-3.2204E-07
1.085,0.89,-7.189000000000001E-11,5.8330000000000007E-11,-6.35E-12,3.2212E-07,-3.2201999999999997E-07
1.08,0.89,-6.495E-11,5.915000000000001E-11,-5.6E-12,3.221E-07,-3.2206E-07
1.075,0.89,-8.8190000000000008E-11,5.1070000000000004E-11,-4.02E-12,3.2218E-07,-3.2215999999999997E-07
1.07,0.89,-8.034E-11,5.149E-11,-4.9600000000000007E-12,3.2214E-07,-3.2201999999999997E-07
1.065,0.89,-6.502E-11,4.0950000000000005E-11,-3.35E-12,3.2201999999999997E-07,-3.2206E-07
1.06,0.89,-7.6710000000000012E-11,4.673E-11,-2.03E-12,3.2204E-07,-3.22E-07
1.0550000000000002,0.89,-8.79E-11,3.354E-11,-2.46E-12,3.2208E-07,-3.2206E-07
1.05,0.89,-6.4140000000000011E-11,4.152E-11,-3.0300000000000002E-12,3.2215999999999997E-07,-3.2206E-07
1.0450000000000002,0.89,-6.721E-11,2.9850000000000005E-11,-4.7E-13,3.2215999999999997E-07,-3.2206E-07
1.04,0.89,-8.496000000000001E-11,3.871E-11,-9.3E-13,3.221E-07,-3.2206E-07
1.0350000000000001,0.89,-8.0250000000000007E-11,2.28E-11,-1.12E-12,3.2214E-07,-3.2212E-07
1.03,0.89,-5.5120000000000006E-11,3.58E-11,-5E-14,3.222E-07,-3.2206E-07
1.0250000000000001,0.89,-7.5950000000000007E-11,2.03E-11,2.6500000000000002E-12,3.2214E-07,-3.2208E-07
1.02,0.89,-8.0720000000000007E-11,3.2650000000000005E-11,1.5400000000000001E-12,3.2212E-07,-3.22E-07
1.0150000000000001,0.89,-6.587E-11,1.6070000000000002E-11,2.87E-12,3.2212E-07,-3.2206E-07
1.01,0.89,-6.1000000000000009E-11,3.176E-11,4.13E-12,3.2215999999999997E-07,-3.2212E-07
1.0050000000000001,0.89,-8.973000000000001E-11,1.241E-11,5.07E-12,3.2212E-07,-3.2208E-07
1,0.89,-7.108E-11,2.766E-11,4.27E-12,3.2215999999999997E-07,-3.2208E-07
0.995,0.89,-6.2770000000000007E-11,1.0100000000000001E-11,7.17E-12,3.222E-07,-3.221E-07
0.9900000000000001,0.89,-7.393000000000001E-11,2.5630000000000003E-11,8.03E-12,3.2212E-07,-3.2208E-07
0.9850000000000001,0.89,-9.1930000000000012E-11,5.9E-12,8.63E-12,3.222E-07,-3.2212E-07
0.98000000000000009,0.89,-6.0780000000000009E-11,2.349E-11,9.2200000000000015E-12,3.2214E-07,-3.221E-07
0.97500000000000009,0.89,-7.0700000000000012E-11,6.2800000000000007E-12,1.2750000000000001E-11,3.2218E-07,-3.221E-07
0.97000000000000008,0.89,-8.2810000000000009E-11,2.223E-11,1.3500000000000002E-11,3.2212E-07,-3.221E-07
0.96500000000000008,0.89,-7.5720000000000011E-11,5.2700000000000008E-12,1.581E-11,3.2215999999999997E-07,-3.2208E-07
0.96000000000000008,0.89,-6.083E-11,2.176E-11,1.824E-11,3.2218E-07,-3.2212E-07
0.95500000000000007,0.89,-9.12E-11,6.05E-12,2.2060000000000003E-11,3.2224E-07,-3.2218E-07
0.95000000000000007,0.89,-8.853E-11,1.7600000000000003E-11,2.3010000000000003E-11,3.222E-07,-3.2212E-07
0.94500000000000006,0.89,-7.7730000000000012E-11,5.54E-12,2.8400000000000003E-11,3.2224E-07,-3.2212E-07
0.94000000000000006,0.89,-8.5020000000000007E-11,1.5830000000000002E-11,3.1950000000000003E-11,3.2226E-07,-3.222E-07
0.935,0.89,-1.1229000000000001E-10,5.0100000000000007E-12,3.715E-11,3.2222E-07,-3.221E-07
0.93,0.89,-9.713E-11,1.242E-11,4.0950000000000005E-11,3.222E-07,-3.2214E-07
0.925,0.89,-9.505000000000001E-11,6.5400000000000008E-12,4.9730000000000006E-11,3.2224E-07,-3.221E-07
0.92,0.89,-1.2312E-10,1.079E-11,5.808E-11,3.2212E-07,-3.2206E-07
0.915,0.89,-1.3364000000000002E-10,6.05E-12,6.62E-11,3.2215999999999997E-07,-3.2206E-07
0.91,0.89,-1.2081000000000002E-10,7.91E-12,7.69E-11,3.2215999999999997E-07,-3.2206E-07
0.905,0.89,-1.4140000000000002E-10,7.8900000000000013E-12,8.974E-11,3.2218E-07,-3.221E-07
0.9,0.89,-1.8033E-10,4.84E-12,1.0450000000000001E-10,3.2215999999999997E-07,-3.2208E-07
0.895,0.89,-1.7449E-10,8.380000000000001E-12,1.2106000000000002E-10,3.2206E-07,-3.2198E-07
0.89,0.89,-1.8828000000000002E-10,3.3200000000000004E-12,1.4319E-10,3.221E-07,-3.22E-07
0.885,0.89,-2.338E-10,8.41E-12,1.6562000000000002E-10,3.221E-07,-3.2204E-07
0.88,0.89,-2.6246000000000004E-10,-8.6000000000000007E-13,1.9398E-10,3.2215999999999997E-07,-3.2204E-07
0.875,0.89,-2.6983000000000004E-10,9.67E-12,2.2751000000000002E-10,3.2212E-07,-3.2204E-07
0.87,0.89,-3.2527E-10,-1.1100000000000001E-12,2.6759E-10,3.2212E-07,-3.2206E-07
0.865,0.89,-3.7934E-10,7.8E-12,3.1085E-10,3.2222E-07,-3.221E-07
0.86,0.89,-4.1783000000000005E-10,-4.5900000000000004E-12,3.6504E-10,3.2215999999999997E-07,-3.2201999999999997E-07
0.85500000000000009,0.89,-4.6767E-10,1.0090000000000001E-11,4.2807000000000005E-10,3.2218E-07,-3.2208E-07
0.85000000000000009,0.89,-5.6724E-10,-5.5600000000000005E-12,5.0334E-10,3.222E-07,-3.2204E-07
0.84500000000000008,0.89,-6.3792E-10,8.14E-12,5.8639000000000008E-10,3.221E-07,-3.2214E-07
0.84000000000000008,0.89,-7.313E-10,-5.5700000000000007E-12,6.9131000000000007E-10,3.2218E-07,-3.2198E-07
0.83500000000000008,0.89,-8.600200000000001E-10,6.3800000000000007E-12,8.1158000000000011E-10,3.2218E-07,-3.2206E-07
0.83000000000000007,0.89,-1.01455E-09,-1.0000000000000001E-11,9.5384E-10,3.2215999999999997E-07,-3.2215999999999997E-07
0.82500000000000007,0.89,-1.1754E-09,-9.16E-12,1.1162000000000001E-09,3.2215999999999997E-07,-3.2214E-07
0.82000000000000006,0.89,-1.3774E-09,8.6000000000000007E-13,1.3124E-09,3.2224E-07,-3.2218E-07
0.81500000000000006,0.89,-1.5949E-09,-4.8000000000000008E-13,1.5378E-09,3.2226E-07,-3.2212E-07
0.81,0.89,-1.8494E-09,-1.1840000000000001E-11,1.8083E-09,3.222E-07,-3.221E-07
0.805,0.89,-2.1488E-09,-7.8000000000000011E-13,2.1237E-09,3.222E-07,-3.2218E-07
0.8,0.89,-2.5492E-09,-1.3140000000000001E-11,2.4935E-09,3.2222E-07,-3.2214E-07
0.795,0.89,-2.979E-09,-4.4500000000000006E-12,2.93E-09,3.2226E-07,-3.2204E-07
0.79,0.89,-3.4653E-09,-1.4170000000000001E-11,3.4341E-09,3.2218E-07,-3.221E-07
0.785,0.89,-4.0764E-09,-7.2000000000000008E-12,4.0428E-09,3.2218E-07,-3.2208E-07
0.78,0.89,-4.8064E-09,-2.038E-11,4.7433E-09,3.2215999999999997E-07,-3.2206E-07
0.775,0.89,-5.6173E-09,-1.444E-11,5.5818E-09,3.2224E-07,-3.2206E-07
0.77,0.89,-6.5719E-09,-2.165E-11,6.5501E-09,3.2214E-07,-3.2214E-07
0.765,0.89,-7.7628E-09,-2.067E-11,7.7178E-09,3.222E-07,-3.2206E-07
0.76,0.89,-9.0924E-09,-2.5370000000000002E-11,9.0521E-09,3.2212E-07,-3.2208E-07
0.755,0.89,-1.06707E-08,-2.642E-11,1.06532E-08,3.2218E-07,-3.2214E-07
0.75,0.89,-1.2564E-08,-2.351E-11,1.2565799999999999E-08,3.2214E-07,-3.2201999999999997E-07
0.745,0.89,-1.4791399999999998E-08,-3.1300000000000004E-11,1.4810199999999999E-08,3.2215999999999997E-07,-3.221E-07
0.74,0.89,-1.7396399999999998E-08,-3.8950000000000005E-11,1.7369599999999998E-08,3.2215999999999997E-07,-3.2206E-07
0.735,0.89,-2.0449999999999998E-08,-3.271E-11,2.04598E-08,3.221E-07,-3.221E-07
0.73,0.89,-2.40378E-08,-4.763E-11,2.4046199999999997E-08,3.2218E-07,-3.2208E-07
0.72500000000000009,0.89,-2.8305799999999998E-08,-4.009E-11,2.8343399999999996E-08,3.2218E-07,-3.221E-07
0.72000000000000008,0.89,-3.3257799999999995E-08,-5.0420000000000005E-11,3.3258199999999997E-08,3.2204E-07,-3.2201999999999997E-07
0.71500000000000008,0.89,-3.9141999999999994E-08,-5.4790000000000005E-11,3.9216399999999994E-08,3.2218E-07,-3.2212E-07
0.71000000000000008,0.89,-4.6032799999999995E-08,-5.386E-11,4.6016999999999994E-08,3.2212E-07,-3.2212E-07
0.70500000000000007,0.89,-5.4328199999999993E-08,-6.929E-11,5.42906E-08,3.2212E-07,-3.2204E-07
0.70000000000000007,0.89,-6.3719999999999991E-08,-6.164E-11,6.3795E-08,3.2208E-07,-3.2201999999999997E-07
0.69500000000000006,0.89,-7.49626E-08,-7.7080000000000007E-11,7.5332199999999987E-08,3.2212E-07,-3.22E-07
0.69000000000000006,0.89,-8.8231199999999989E-08,-7.598E-11,8.82756E-08,3.2215999999999997E-07,-3.221E-07
0.685,0.89,-1.035448E-07,-8.3440000000000011E-11,1.0373739999999999E-07,3.222E-07,-3.221E-07
0.68,0.89,-1.2224E-07,-9.1110000000000009E-11,1.2225999999999998E-07,3.2218E-07,-3.2208E-07
0.675,0.89,-1.4318E-07,-9.3420000000000012E-11,1.434E-07,3.222E-07,-3.2204E-07
0.67,0.89,-1.6874E-07,-1.0296000000000001E-10,1.6888E-07,3.221E-07,-3.2206E-07
0.665,0.89,-1.9868E-07,-1.0753E-10,1.9858E-07,3.2218E-07,-3.221E-07
0.66,0.89,-2.3367999999999999E-07,-1.1731E-10,2.3367999999999999E-07,3.222E-07,-3.2212E-07
0.655,0.89,-2.7424E-07,-1.2509E-10,2.7425999999999997E-07,3.2229999999999997E-07,-3.2215999999999997E-07
0.65,0.89,-3.226E-07,-1.3015E-10,3.2327999999999997E-07,3.2218E-07,-3.2206E-07
0.645,0.89,-3.8051999999999997E-07,-1.4190000000000002E-10,3.8028E-07,3.222E-07,-3.2214E-07
0.64,0.89,-4.4736E-07,-1.4321000000000002E-10,4.4688E-07,3.2224E-07,-3.2215999999999997E-07
0.635,0.89,-5.2464E-07,-1.5850000000000002E-10,5.2552E-07,3.2215999999999997E-07,-3.2204E-07
0.63,0.89,-6.1838E-07,-1.6121E-10,6.1814E-07,3.2212E-07,-3.2204E-07
0.625,0.89,-7.273E-07,-1.7443E-10,7.2878E-07,3.2218E-07,-3.2208E-07
0.62,0.89,-8.5312E-07,-1.8142E-10,8.5408E-07,3.2218E-07,-3.221E-07
0.615,0.89,-1.0005E-06,-1.9160000000000002E-10,1.00374E-06,3.221E-07,-3.2201999999999997E-07
0.61,0.89,-1.1775000000000002E-06,-2.0105000000000002E-10,1.1743000000000001E-06,3.2215999999999997E-07,-3.2206E-07
0.605,0.89,-1.3779000000000002E-06,-2.0890000000000002E-10,1.3801000000000001E-06,3.2214E-07,-3.2204E-07
0.6,0.89,-1.6219E-06,-2.1959000000000001E-10,1.6239000000000002E-06,3.2218E-07,-3.2212E-07
0.595,0.89,-1.9002000000000003E-06,-2.2863000000000002E-10,1.9047000000000002E-06,3.222E-07,-3.221E-07
0.59000000000000008,0.89,-2.2312000000000003E-06,-2.4116E-10,2.2335000000000003E-06,3.2218E-07,-3.2201999999999997E-07
0.58500000000000008,0.89,-2.6058E-06,-2.4992E-10,2.6196000000000003E-06,3.2215999999999997E-07,-3.2206E-07
0.58000000000000007,0.89,-3.0601E-06,-2.6183E-10,3.0673000000000003E-06,3.2212E-07,-3.221E-07
0.57500000000000007,0.89,-3.5861000000000003E-06,-2.6906E-10,3.5835000000000005E-06,3.222E-07,-3.22E-07
0.57000000000000006,0.89,-4.2041E-06,-2.8303E-10,4.2076E-06,3.2218E-07,-3.2208E-07
0.56500000000000006,0.89,-4.9105000000000007E-06,-2.9004E-10,4.9083E-06,3.2215999999999997E-07,-3.2208E-07
0.56,0.89,-5.7228000000000005E-06,-3.034E-10,5.7186000000000006E-06,3.2218E-07,-3.221E-07
0.555,0.89,-6.6878000000000006E-06,-3.1354000000000004E-10,6.6745000000000011E-06,3.2212E-07,-3.2201999999999997E-07
0.55,0.89,-7.7603000000000009E-06,-3.255E-10,7.7859000000000011E-06,3.2218E-07,-3.2212E-07
0.545,0.89,-9.0396E-06,-3.3532000000000004E-10,9.0277000000000017E-06,3.2214E-07,-3.2206E-07
0.54,0.89,-1.0533100000000001E-05,-3.5165E-10,1.0520900000000001E-05,3.2214E-07,-3.22E-07
0.535,0.89,-1.2206E-05,-3.6345E-10,1.2158000000000001E-05,3.222E-07,-3.2214E-07
0.53,0.89,-1.4068E-05,-3.7497000000000005E-10,1.407E-05,3.222E-07,-3.2212E-07
0.525,0.89,-1.6254E-05,-3.8909000000000005E-10,1.6262E-05,3.2215999999999997E-07,-3.2212E-07
0.52,0.89,-1.8722E-05,-4.0233000000000005E-10,1.8748E-05,3.222E-07,-3.2212E-07
0.515,0.89,-2.1462000000000002E-05,-4.1912000000000005E-10,2.1422E-05,3.222E-07,-3.2214E-07
0.51,0.89,-2.4568E-05,-4.278E-10,2.4538E-05,3.222E-07,-3.2206E-07
0.505,0.89,-2.7994E-05,-4.4796E-10,2.8012000000000002E-05,3.2224E-07,-3.2215999999999997E-07
0.5,0.89,-3.1896E-05,-4.5840000000000004E-10,3.1922000000000004E-05,3.2224E-07,-3.2212E-07
0.49500000000000005,0.89,-3.6098E-05,-4.8116E-10,3.6126E-05,3.222E-07,-3.2212E-07
0.49000000000000005,0.89,-4.0886E-05,-4.9122000000000009E-10,4.0856E-05,3.2224E-07,-3.2218E-07
0.48500000000000004,0.89,-4.6024E-05,-5.1444E-10,4.6014000000000004E-05,3.2218E-07,-3.2212E-07
0.48000000000000004,0.89,-5.1710000000000005E-05,-5.2618E-10,5.1638E-05,3.2224E-07,-3.2218E-07
0.47500000000000003,0.89,-5.7766E-05,-5.4623000000000009E-10,5.7692E-05,3.222E-07,-3.2215999999999997E-07
0.47000000000000003,0.89,-6.4468000000000007E-05,-5.6273000000000008E-10,6.4342E-05,3.2215999999999997E-07,-3.2206E-07
0.465,0.89,-7.1362E-05,-5.8777E-10,7.1372000000000007E-05,3.2214E-07,-3.2206E-07
0.46,0.89,-7.9000000000000009E-05,-6.0254000000000007E-10,7.9014E-05,3.2218E-07,-3.2204E-07
0.455,0.89,-8.6964E-05,-6.268E-10,8.6982E-05,3.2215999999999997E-07,-3.2206E-07
0.45,0.89,-9.5628E-05,-6.5352E-10,9.561400000000001E-05,3.2212E-07,-3.22E-07
0.445,0.89,-0.000104602,-6.7745000000000007E-10,0.00010465600000000001,3.2218E-07,-3.2204E-07
0.44,0.89,-0.000114142,-6.8979000000000006E-10,0.000114006,3.2212E-07,-3.22E-07
0.435,0.89,-0.00012338,-7.1426000000000008E-10,0.00012368,3.2215999999999997E-07,-3.2201999999999997E-07
0.43,0.89,-0.0001339,-7.3650000000000009E-10,0.00013428,3.2206E-07,-3.221E-07
0.42500000000000004,0.89,-0.00014468,-7.5934000000000009E-10,0.00014470000000000002,3.2214E-07,-3.2206E-07
0.42000000000000004,0.89,-0.00015546,-7.8526E-10,0.00015584,3.221E-07,-3.2198E-07
0.41500000000000004,0.89,-0.00016682,-8.131100000000001E-10,0.00016746,3.2206E-07,-3.2201999999999997E-07
0.41000000000000003,0.89,-0.00017846000000000002,-8.3674E-10,0.0001787,3.2212E-07,-3.221E-07
0.405,0.89,-0.00019034000000000002,-8.6661000000000007E-10,0.00019050000000000002,3.2208E-07,-3.2204E-07
0.4,0.89,-0.00020232,-8.921900000000001E-10,0.00020296000000000002,3.2215999999999997E-07,-3.221E-07
0.395,0.89,-0.00021446,-9.2143000000000009E-10,0.00021502,3.2212E-07,-3.2206E-07
0.39,0.89,-0.00022768000000000002,-9.5230000000000011E-10,0.00022738,3.2208E-07,-3.2206E-07
0.385,0.89,-0.0002401,-9.8629000000000012E-10,0.00024024000000000002,3.2212E-07,-3.22E-07
0.38,0.89,-0.0002529,-1.01441E-09,0.00025336,3.2215999999999997E-07,-3.2206E-07
0.375,0.89,-0.00026592,-1.05209E-09,0.00026632,3.221E-07,-3.2201999999999997E-07
0.37,0.89,-0.00027928,-1.0800200000000002E-09,0.00028008000000000004,3.2208E-07,-3.22E-07
0.365,0.89,-0.00029198,-1.1183E-09,0.00029304,3.221E-07,-3.2208E-07
0.36000000000000004,0.89,-0.00030498,-1.159E-09,0.00030552000000000004,3.2208E-07,-3.2201999999999997E-07
0.35500000000000004,0.89,-0.00031826,-1.1879E-09,0.00031916000000000003,3.2214E-07,-3.2198E-07
0.35000000000000003,0.89,-0.00033216,-1.2329E-09,0.00033256000000000003,3.2215999999999997E-07,-3.2204E-07
0.34500000000000003,0.89,-0.00034526,-1.2672E-09,0.00034540000000000005,3.2208E-07,-3.2198E-07
0.34,0.89,-0.00035868,-1.3132E-09,0.00035880000000000005,3.221E-07,-3.2201999999999997E-07
0.335,0.89,-0.00037140000000000003,-1.3487E-09,0.00037206,3.2206E-07,-3.22E-07
0.33,0.89,-0.00038522000000000003,-1.3957E-09,0.00038554,3.2215999999999997E-07,-3.2201999999999997E-07
0.325,0.89,-0.00039764000000000005,-1.4338E-09,0.00039868,3.2232E-07,-3.2224E-07
0.32,0.89,-0.00041106000000000004,-1.4827E-09,0.00041150000000000003,3.2229999999999997E-07,-3.2218E-07
0.315,0.89,-0.00042372000000000004,-1.5268E-09,0.00042348,3.2228E-07,-3.2274E-07
0.31,0.89,-0.00043632,-1.5737E-09,0.00043626,3.2234E-07,-3.222E-07
0.305,0.89,-0.00044820000000000005,-1.6237E-09,0.00045038,3.2234E-07,-3.2226E-07
0.3,0.89,-0.00046152000000000004,-1.6695E-09,0.00046264,3.2234E-07,-3.2228E-07
0.29500000000000004,0.89,-0.00047442000000000003,-1.723E-09,0.00047446,3.2236E-07,-3.2234E-07
0.29000000000000004,0.89,-0.00048684000000000005,-1.7693E-09,0.00048724,3.2288E-07,-3.2266E-07
0.28500000000000003,0.89,-0.00049818,-1.8282E-09,0.00049844000000000006,3.2243999999999997E-07,-3.2224E-07
0.28,0.89,-0.00051088,-1.8748E-09,0.00051136,3.2215999999999997E-07,-3.221E-07
0.275,0.89,-0.00052310000000000008,-1.9394E-09,0.00052352000000000008,3.222E-07,-3.2212E-07
0.27,0.89,-0.00053506000000000007,-1.987E-09,0.00053530000000000006,3.222E-07,-3.2212E-07
0.265,0.89,-0.00054664,-2.05E-09,0.00054656000000000008,3.222E-07,-3.2212E-07
0.26,0.89,-0.00055686000000000006,-2.1016E-09,0.000558,3.2214E-07,-3.2206E-07
0.255,0.89,-0.00056936,-2.1736E-09,0.00056936,3.2215999999999997E-07,-3.2208E-07
0.25,0.89,-0.00058058,-2.2271E-09,0.00058046,3.2215999999999997E-07,-3.2212E-07
0.24500000000000002,0.89,-0.00059054000000000008,-2.293E-09,0.000591,3.2215999999999997E-07,-3.221E-07
0.24000000000000002,0.89,-0.00060262,-2.3544E-09,0.00060166000000000006,3.222E-07,-3.22E-07
0.23500000000000001,0.89,-0.0006133,-2.4235E-09,0.00061254000000000007,3.2215999999999997E-07,-3.2206E-07
0.23,0.89,-0.00062280000000000007,-2.4887E-09,0.0006229,3.2215999999999997E-07,-3.2206E-07
0.225,0.89,-0.00063208,-2.5617E-09,0.00063256,3.222E-07,-3.2218E-07
0.22,0.89,-0.00064348000000000009,-2.6312E-09,0.00064402,3.2222E-07,-3.221E-07
0.215,0.89,-0.00065338000000000006,-2.706E-09,0.00065324,3.2222E-07,-3.2218E-07
0.21000000000000002,0.89,-0.00066304,-2.7776E-09,0.00066354,3.222E-07,-3.2212E-07
0.20500000000000002,0.89,-0.00067260000000000009,-2.8478E-09,0.0006738,3.2218E-07,-3.2212E-07
0.2,0.89,-0.00068156,-2.9375E-09,0.00068266000000000008,3.2224E-07,-3.2212E-07
0.195,0.89,-0.00069218,-3.012E-09,0.00069190000000000007,3.2218E-07,-3.2212E-07
0.19,0.89,-0.00070048000000000007,-3.1034E-09,0.0007012,3.2218E-07,-3.2208E-07
0.185,0.89,-0.00070996,-3.1747E-09,0.00071030000000000008,3.2215999999999997E-07,-3.2215999999999997E-07
0.18000000000000002,0.89,-0.00071886000000000009,-3.2656E-09,0.00072018000000000006,3.2226E-07,-3.221E-07
0.17500000000000002,0.89,-0.0007289000000000001,-3.3485999999999998E-09,0.00072716,3.2218E-07,-3.2214E-07
0.17,0.89,-0.00073528,-3.4365E-09,0.00073504000000000006,3.2224E-07,-3.2212E-07
0.165,0.89,-0.00074414,-3.5333E-09,0.00074432,3.2226E-07,-3.2212E-07
0.16,0.89,-0.00075252,-3.6242E-09,0.00075362000000000009,3.222E-07,-3.2206E-07
0.155,0.89,-0.0007613,-3.7193E-09,0.00076128,3.2212E-07,-3.2206E-07
0.15,0.89,-0.00076844,-3.8134E-09,0.0007682600000000001,3.2222E-07,-3.221E-07
0.14500000000000002,0.89,-0.0007774800000000001,-3.9106E-09,0.00077682,3.222E-07,-3.2212E-07
0.14,0.89,-0.00078438,-4.0106E-09,0.00078650000000000009,3.222E-07,-3.2212E-07
0.135,0.89,-0.00079248,-4.1174E-09,0.00079238000000000008,3.2212E-07,-3.2214E-07
0.13,0.89,-0.00079902,-4.2141E-09,0.00079966,3.221E-07,-3.2206E-07
0.125,0.89,-0.00080692,-4.3266E-09,0.00080802,3.2212E-07,-3.2208E-07
0.12000000000000001,0.89,-0.0008145400000000001,-4.4307E-09,0.00081488,3.2212E-07,-3.22E-07
0.115,0.89,-0.00082210000000000009,-4.5552E-09,0.0008218600000000001,3.221E-07,-3.2204E-07
0.11,0.89,-0.00082844000000000006,-4.6609E-09,0.00082706,3.2208E-07,-3.2204E-07
0.10500000000000001,0.89,-0.00083562,-4.7838E-09,0.00083476,3.2212E-07,-3.2204E-07
0.1,0.89,-0.0008426000000000001,-4.894E-09,0.00084268000000000006,3.2208E-07,-3.2201999999999997E-07
0.095,0.89,-0.0008488,-5.0234E-09,0.00085032,3.2208E-07,-3.2201999999999997E-07
0.090000000000000011,0.89,-0.00085552,-5.1391E-09,0.00085514,3.221E-07,-3.2201999999999997E-07
0.085,0.89,-0.00086032,-5.2755E-09,0.0008612400000000001,3.222E-07,-3.2204E-07
0.08,0.89,-0.00086704,-5.4E-09,0.00086824,3.2215999999999997E-07,-3.221E-07
0.075,0.89,-0.00087468000000000008,-5.5468E-09,0.00087516,3.222E-07,-3.2212E-07
0.07,0.89,-0.0008796,-5.6752E-09,0.00088164,3.2218E-07,-3.2206E-07
0.065,0.89,-0.00088562,-5.8161E-09,0.00088660000000000008,3.2218E-07,-3.2218E-07
0.060000000000000005,0.89,-0.00089250000000000006,-5.9505E-09,0.00089122000000000008,3.2215999999999997E-07,-3.2212E-07
0.055,0.89,-0.00089708000000000008,-6.1032E-09,0.00089818,3.2218E-07,-3.2215999999999997E-07
0.05,0.89,-0.00090316000000000007,-6.2442E-09,0.00090312000000000009,3.2218E-07,-3.2215999999999997E-07
0.045000000000000005,0.89,-0.00090958000000000011,-6.4017E-09,0.00090886,3.2215999999999997E-07,-3.2215999999999997E-07
0.04,0.89,-0.00091492000000000006,-6.5798E-09,0.00091418,3.2224E-07,-3.2215999999999997E-07
0.035,0.89,-0.0009186000000000001,-6.7352E-09,0.0009204800000000001,3.2215999999999997E-07,-3.2215999999999997E-07
0.030000000000000002,0.89,-0.00092320000000000011,-6.8913E-09,0.00092292,3.2224E-07,-3.2212E-07
0.025,0.89,-0.0009307400000000001,-7.0675E-09,0.00092982,3.2224E-07,-3.2208E-07
0.02,0.89,-0.00093428,-7.236E-09,0.00093428,3.2222E-07,-3.2214E-07
0.015000000000000001,0.89,-0.00094048,-7.4272E-09,0.0009411,3.222E-07,-3.2212E-07
0.01,0.89,-0.00094408,-7.5956E-09,0.0009443600000000001,3.2222E-07,-3.221E-07
0.005,0.89,-0.00095072000000000006,-7.7828E-09,0.00095028000000000007,3.222E-07,-3.2215999999999997E-07
0,0.89,-0.00095448000000000006,-7.9658E-09,0.00095508000000000008,3.2222E-07,-3.2214E-07
1.2,0.9,6.874E-11,4.2363E-10,-2.928E-11,3.2166E-07,-3.2204E-07
1.195,0.9,6.59E-11,3.87E-10,-2.602E-11,3.2166E-07,-3.2208E-07
1.19,0.9,4.44E-11,3.525E-10,-2.4770000000000002E-11,3.2176E-07,-3.221E-07
1.185,0.9,5.066E-11,3.1959000000000003E-10,-2.5320000000000003E-11,3.2178E-07,-3.221E-07
1.1800000000000002,0.9,7.3550000000000007E-11,2.9162E-10,-2.3440000000000002E-11,3.2184E-07,-3.221E-07
1.175,0.9,6.25E-11,2.6843E-10,-2.129E-11,3.2184E-07,-3.2214E-07
1.1700000000000002,0.9,4.6270000000000005E-11,2.4355E-10,-2.1240000000000002E-11,3.2178E-07,-3.2212E-07
1.165,0.9,7.0100000000000009E-11,2.2344E-10,-2.0090000000000002E-11,3.2176E-07,-3.2206E-07
1.1600000000000001,0.9,7.623E-11,2.0275000000000002E-10,-1.865E-11,3.2187999999999997E-07,-3.221E-07
1.155,0.9,5.5800000000000004E-11,1.8706000000000002E-10,-1.73E-11,3.2192E-07,-3.2204E-07
1.1500000000000001,0.9,6.007E-11,1.6804000000000002E-10,-1.671E-11,3.2186E-07,-3.2206E-07
1.145,0.9,7.9580000000000011E-11,1.5823E-10,-1.5720000000000002E-11,3.2182E-07,-3.22E-07
1.1400000000000001,0.9,6.622E-11,1.4269E-10,-1.423E-11,3.2194E-07,-3.2212E-07
1.135,0.9,5.6690000000000007E-11,1.315E-10,-1.462E-11,3.2194E-07,-3.2215999999999997E-07
1.1300000000000001,0.9,8.0330000000000008E-11,1.2049000000000002E-10,-1.3670000000000001E-11,3.2194E-07,-3.221E-07
1.125,0.9,8.0130000000000012E-11,1.1238E-10,-1.158E-11,3.2201999999999997E-07,-3.2214E-07
1.12,0.9,5.6330000000000007E-11,1.013E-10,-1.1250000000000002E-11,3.2201999999999997E-07,-3.2218E-07
1.115,0.9,6.519000000000001E-11,9.3040000000000009E-11,-1.127E-11,3.22E-07,-3.2215999999999997E-07
1.11,0.9,8.6860000000000011E-11,8.814E-11,-1.006E-11,3.2201999999999997E-07,-3.2214E-07
1.105,0.9,7.029000000000001E-11,7.99E-11,-8.25E-12,3.2201999999999997E-07,-3.2212E-07
1.1,0.9,6.041E-11,7.4650000000000008E-11,-8.43E-12,3.2206E-07,-3.2212E-07
1.095,0.9,8.186E-11,6.9910000000000007E-11,-8.65E-12,3.2192E-07,-3.2206E-07
1.09,0.9,8.026E-11,6.5610000000000007E-11,-7.3E-12,3.2194E-07,-3.2201999999999997E-07
1.085,0.9,5.4470000000000007E-11,5.5990000000000005E-11,-6.7300000000000006E-12,3.2196E-07,-3.2214E-07
1.08,0.9,7.533E-11,5.4720000000000006E-11,-7.2500000000000008E-12,3.2206E-07,-3.2212E-07
1.075,0.9,8.8740000000000008E-11,5.0240000000000006E-11,-4.48E-12,3.2196E-07,-3.2206E-07
1.07,0.9,6.812E-11,4.902E-11,-4.4500000000000006E-12,3.2201999999999997E-07,-3.2215999999999997E-07
1.065,0.9,6.326000000000001E-11,4.359E-11,-4.98E-12,3.2204E-07,-3.2206E-07
1.06,0.9,9.021E-11,4.2290000000000003E-11,-5.03E-12,3.22E-07,-3.2212E-07
1.0550000000000002,0.9,8.2750000000000012E-11,3.861E-11,-1.5300000000000001E-12,3.2201999999999997E-07,-3.2208E-07
1.05,0.9,6.397E-11,3.4760000000000005E-11,-2.69E-12,3.219E-07,-3.2201999999999997E-07
1.0450000000000002,0.9,8.4470000000000007E-11,3.19E-11,-2.47E-12,3.22E-07,-3.2206E-07
1.04,0.9,9.2600000000000009E-11,3.0860000000000004E-11,-1.7100000000000002E-12,3.22E-07,-3.2206E-07
1.0350000000000001,0.9,6.7070000000000007E-11,2.8910000000000003E-11,3.1000000000000004E-13,3.2208E-07,-3.2212E-07
1.03,0.9,7.4240000000000007E-11,2.726E-11,-1.2000000000000001E-12,3.2212E-07,-3.2215999999999997E-07
1.0250000000000001,0.9,1.0025E-10,2.5850000000000003E-11,-7.4000000000000008E-13,3.2212E-07,-3.2214E-07
1.02,0.9,8.194E-11,2.263E-11,1.5E-12,3.2208E-07,-3.2218E-07
1.0150000000000001,0.9,6.836000000000001E-11,2.2720000000000003E-11,4.9E-13,3.2206E-07,-3.2218E-07
1.01,0.9,9.0440000000000013E-11,1.8640000000000003E-11,6.9000000000000009E-13,3.2215999999999997E-07,-3.2215999999999997E-07
1.0050000000000001,0.9,9.325E-11,2.09E-11,1.4200000000000002E-12,3.2212E-07,-3.2212E-07
1,0.9,7.2580000000000009E-11,1.7600000000000003E-11,2.42E-12,3.2208E-07,-3.2208E-07
0.995,0.9,8.533E-11,1.937E-11,1.4900000000000001E-12,3.2206E-07,-3.221E-07
0.9900000000000001,0.9,1.0155000000000001E-10,1.7140000000000002E-11,2.9100000000000003E-12,3.2198E-07,-3.2214E-07
0.9850000000000001,0.9,8.846000000000001E-11,1.97E-11,3.2400000000000003E-12,3.2212E-07,-3.2218E-07
0.98000000000000009,0.9,7.2390000000000008E-11,1.281E-11,3.28E-12,3.2208E-07,-3.2218E-07
0.97500000000000009,0.9,9.074E-11,1.5270000000000003E-11,3.5000000000000004E-12,3.2212E-07,-3.2212E-07
0.97000000000000008,0.9,9.6100000000000009E-11,1.2020000000000001E-11,4.51E-12,3.2206E-07,-3.2215999999999997E-07
0.96500000000000008,0.9,7.695E-11,1.3780000000000002E-11,4.8100000000000007E-12,3.2208E-07,-3.221E-07
0.96000000000000008,0.9,7.839E-11,9.16E-12,4.5000000000000006E-12,3.2212E-07,-3.2215999999999997E-07
0.95500000000000007,0.9,1.0016E-10,1.457E-11,4.46E-12,3.22E-07,-3.2222E-07
0.95000000000000007,0.9,8.282E-11,1.037E-11,6.5900000000000008E-12,3.2206E-07,-3.2212E-07
0.94500000000000006,0.9,7.256E-11,1.242E-11,5.3700000000000007E-12,3.2212E-07,-3.2212E-07
0.94000000000000006,0.9,9.694E-11,8.580000000000001E-12,6.0800000000000008E-12,3.2201999999999997E-07,-3.2215999999999997E-07
0.935,0.9,9.711E-11,1.362E-11,6.7200000000000004E-12,3.2206E-07,-3.2215999999999997E-07
0.93,0.9,6.7870000000000007E-11,5.5200000000000007E-12,8.01E-12,3.2201999999999997E-07,-3.2212E-07
0.925,0.9,7.6170000000000007E-11,1.1320000000000001E-11,7.42E-12,3.2196E-07,-3.2204E-07
0.92,0.9,9.231E-11,5.3500000000000004E-12,8.0800000000000011E-12,3.22E-07,-3.2204E-07
0.915,0.9,8.2700000000000009E-11,1.1130000000000001E-11,1.0610000000000001E-11,3.2194E-07,-3.2204E-07
0.91,0.9,6.506E-11,2.9600000000000003E-12,1.0640000000000002E-11,3.22E-07,-3.2201999999999997E-07
0.905,0.9,8.7360000000000009E-11,9.5000000000000011E-12,1.018E-11,3.22E-07,-3.2201999999999997E-07
0.9,0.9,8.859E-11,2.04E-12,1.433E-11,3.22E-07,-3.2201999999999997E-07
0.895,0.9,6.6900000000000009E-11,8.070000000000001E-12,1.51E-11,3.22E-07,-3.2214E-07
0.89,0.9,7.328E-11,5.1E-13,1.675E-11,3.2198E-07,-3.2208E-07
0.885,0.9,9.4960000000000014E-11,9.45E-12,1.8160000000000002E-11,3.2204E-07,-3.2215999999999997E-07
0.88,0.9,7.144E-11,-2.4000000000000004E-13,2.263E-11,3.2201999999999997E-07,-3.2212E-07
0.875,0.9,6.8090000000000007E-11,6.9500000000000009E-12,2.3440000000000002E-11,3.22E-07,-3.221E-07
0.87,0.9,7.692E-11,-2.1200000000000003E-12,2.6610000000000002E-11,3.2201999999999997E-07,-3.2206E-07
0.865,0.9,7.871E-11,6.56E-12,3.186E-11,3.2196E-07,-3.2201999999999997E-07
0.86,0.9,5.2790000000000006E-11,-3.92E-12,3.5410000000000004E-11,3.2201999999999997E-07,-3.2208E-07
0.85500000000000009,0.9,5.862E-11,4.11E-12,3.9020000000000005E-11,3.2201999999999997E-07,-3.2214E-07
0.85000000000000009,0.9,6.598E-11,-3.0300000000000002E-12,4.6020000000000006E-11,3.22E-07,-3.2204E-07
0.84500000000000008,0.9,4.7110000000000006E-11,3.72E-12,5.2720000000000006E-11,3.2196E-07,-3.2206E-07
0.84000000000000008,0.9,2.824E-11,-4.94E-12,6.19E-11,3.2196E-07,-3.22E-07
0.83500000000000008,0.9,4.217E-11,1.93E-12,6.917E-11,3.22E-07,-3.2204E-07
0.83000000000000007,0.9,2.6210000000000002E-11,-6.1100000000000004E-12,8.3560000000000007E-11,3.2206E-07,-3.2208E-07
0.82500000000000007,0.9,-1.4E-12,-1.3500000000000001E-12,9.363E-11,3.22E-07,-3.221E-07
0.82000000000000006,0.9,-1.403E-11,-8.75E-12,1.1173000000000001E-10,3.2196E-07,-3.2208E-07
0.81500000000000006,0.9,-6.45E-12,-2.3500000000000003E-12,1.3024E-10,3.22E-07,-3.22E-07
0.81,0.9,-4.9660000000000006E-11,-9.56E-12,1.4824000000000002E-10,3.22E-07,-3.2206E-07
0.805,0.9,-7.4870000000000009E-11,-6.0300000000000008E-12,1.7411E-10,3.2201999999999997E-07,-3.2201999999999997E-07
0.8,0.9,-8.164E-11,-1.1110000000000001E-11,2.001E-10,3.2201999999999997E-07,-3.2212E-07
0.795,0.9,-1.2112000000000002E-10,-8.2800000000000011E-12,2.3774E-10,3.2196E-07,-3.2206E-07
0.79,0.9,-1.9179000000000002E-10,-1.677E-11,2.7528E-10,3.2198E-07,-3.221E-07
0.785,0.9,-2.0978000000000002E-10,-1.513E-11,3.2105000000000004E-10,3.2201999999999997E-07,-3.2215999999999997E-07
0.78,0.9,-2.5191E-10,-1.8560000000000002E-11,3.7772E-10,3.2204E-07,-3.221E-07
0.775,0.9,-3.285E-10,-1.795E-11,4.3300000000000006E-10,3.2198E-07,-3.2206E-07
0.77,0.9,-4.0596E-10,-2.2590000000000003E-11,5.1623000000000009E-10,3.2206E-07,-3.2212E-07
0.765,0.9,-4.8663E-10,-2.094E-11,6.0460000000000006E-10,3.2201999999999997E-07,-3.221E-07
0.76,0.9,-5.9481E-10,-2.755E-11,7.1258E-10,3.22E-07,-3.2204E-07
0.755,0.9,-7.3793000000000006E-10,-2.8510000000000004E-11,8.453400000000001E-10,3.2196E-07,-3.2201999999999997E-07
0.75,0.9,-8.5882E-10,-3.3480000000000004E-11,9.765E-10,3.2198E-07,-3.221E-07
0.745,0.9,-1.0015500000000001E-09,-3.3200000000000006E-11,1.15004E-09,3.2201999999999997E-07,-3.2208E-07
0.74,0.9,-1.2991E-09,-3.639E-11,1.3543E-09,3.2212E-07,-3.221E-07
0.735,0.9,-1.4426E-09,-4.25E-11,1.5539E-09,3.22E-07,-3.2201999999999997E-07
0.73,0.9,-1.7116E-09,-4.9690000000000005E-11,1.8286E-09,3.2201999999999997E-07,-3.221E-07
0.72500000000000009,0.9,-2.052E-09,-4.854E-11,2.1617E-09,3.219E-07,-3.2201999999999997E-07
0.72000000000000008,0.9,-2.379E-09,-5.4270000000000004E-11,2.52E-09,3.22E-07,-3.221E-07
0.71500000000000008,0.9,-2.8591E-09,-5.6020000000000004E-11,2.9727E-09,3.2198E-07,-3.2208E-07
0.71000000000000008,0.9,-3.3698E-09,-6.294E-11,3.4898E-09,3.2201999999999997E-07,-3.2208E-07
0.70500000000000007,0.9,-3.975E-09,-6.584E-11,4.1287E-09,3.22E-07,-3.2201999999999997E-07
0.70000000000000007,0.9,-4.7448E-09,-7.298E-11,4.8867E-09,3.2198E-07,-3.221E-07
0.69500000000000006,0.9,-5.6178E-09,-7.885E-11,5.7368E-09,3.22E-07,-3.2206E-07
0.69000000000000006,0.9,-6.393E-09,-8.642000000000001E-11,6.5836E-09,3.2194E-07,-3.2206E-07
0.685,0.9,-7.5391E-09,-9.104E-11,7.8037E-09,3.22E-07,-3.2206E-07
0.68,0.9,-8.8261E-09,-9.672E-11,9.1127E-09,3.2192E-07,-3.22E-07
0.675,0.9,-1.04369E-08,-1.0456000000000001E-10,1.07466E-08,3.2194E-07,-3.2198E-07
0.67,0.9,-1.3455999999999998E-08,-1.1039E-10,1.3770799999999999E-08,3.2206E-07,-3.2212E-07
0.665,0.9,-1.5555399999999998E-08,-1.1440000000000001E-10,1.59148E-08,3.2198E-07,-3.2201999999999997E-07
0.66,0.9,-1.8374999999999997E-08,-1.2667000000000001E-10,1.89802E-08,3.2196E-07,-3.221E-07
0.655,0.9,-2.1634999999999998E-08,-1.2845E-10,2.1774599999999996E-08,3.2198E-07,-3.2204E-07
0.65,0.9,-2.5190999999999997E-08,-1.4065E-10,2.55324E-08,3.2192E-07,-3.2196E-07
0.645,0.9,-2.99896E-08,-1.4687E-10,3.0368199999999995E-08,3.22E-07,-3.2201999999999997E-07
0.64,0.9,-3.5046999999999996E-08,-1.5254000000000002E-10,3.5586399999999994E-08,3.2196E-07,-3.2215999999999997E-07
0.635,0.9,-4.1282E-08,-1.6587000000000002E-10,4.1967399999999996E-08,3.22E-07,-3.2206E-07
0.63,0.9,-4.8599199999999995E-08,-1.6913000000000002E-10,4.9317E-08,3.2204E-07,-3.2204E-07
0.625,0.9,-5.78928E-08,-1.8311E-10,5.6740199999999995E-08,3.22E-07,-3.2201999999999997E-07
0.62,0.9,-6.647839999999999E-08,-1.8738E-10,6.7303199999999988E-08,3.22E-07,-3.221E-07
0.615,0.9,-7.7688799999999991E-08,-2.0140000000000002E-10,8.0263799999999986E-08,3.22E-07,-3.2206E-07
0.61,0.9,-9.2977999999999987E-08,-2.0921000000000002E-10,9.3184799999999986E-08,3.2196E-07,-3.2201999999999997E-07
0.605,0.9,-1.1027559999999999E-07,-2.1843000000000002E-10,1.1017299999999999E-07,3.2194E-07,-3.2204E-07
0.6,0.9,-1.172434E-07,-2.3139000000000002E-10,1.1762E-07,3.2194E-07,-3.2201999999999997E-07
0.595,0.9,-1.5192E-07,-2.38E-10,1.4877999999999999E-07,3.2206E-07,-3.2212E-07
0.59000000000000008,0.9,-1.7657999999999998E-07,-2.5045E-10,1.7788E-07,3.2206E-07,-3.2212E-07
0.58500000000000008,0.9,-2.0586E-07,-2.5888000000000004E-10,2.0616E-07,3.221E-07,-3.2218E-07
0.58000000000000007,0.9,-2.3798E-07,-2.7103000000000005E-10,2.3888E-07,3.2201999999999997E-07,-3.2206E-07
0.57500000000000007,0.9,-2.813E-07,-2.7994E-10,2.8132E-07,3.22E-07,-3.2214E-07
0.57000000000000006,0.9,-3.264E-07,-2.9195E-10,3.2994E-07,3.22E-07,-3.2201999999999997E-07
0.56500000000000006,0.9,-3.8247999999999997E-07,-3.0276000000000005E-10,3.8112E-07,3.2204E-07,-3.221E-07
0.56,0.9,-4.417E-07,-3.1445000000000004E-10,4.4554E-07,3.2208E-07,-3.2212E-07
0.555,0.9,-5.1438E-07,-3.2491E-10,5.168E-07,3.2206E-07,-3.2212E-07
0.55,0.9,-6.008E-07,-3.3715E-10,5.989E-07,3.2198E-07,-3.221E-07
0.545,0.9,-6.8986E-07,-3.5057E-10,6.9035999999999994E-07,3.2206E-07,-3.2206E-07
0.54,0.9,-7.9174E-07,-3.6236000000000003E-10,7.8941999999999993E-07,3.2194E-07,-3.2198E-07
0.535,0.9,-9.0997999999999995E-07,-3.7396E-10,9.0938E-07,3.2201999999999997E-07,-3.2201999999999997E-07
0.53,0.9,-1.03542E-06,-3.8913000000000003E-10,1.03976E-06,3.2198E-07,-3.2201999999999997E-07
0.525,0.9,-1.14968E-06,-4.0161E-10,1.15006E-06,3.22E-07,-3.22E-07
0.52,0.9,-1.3416000000000002E-06,-4.2026000000000006E-10,1.3311E-06,3.22E-07,-3.22E-07
0.515,0.9,-1.5382000000000002E-06,-4.3060000000000004E-10,1.5272000000000002E-06,3.2196E-07,-3.2201999999999997E-07
0.51,0.9,-1.7707000000000003E-06,-4.4617E-10,1.7499000000000002E-06,3.2196E-07,-3.2206E-07
0.505,0.9,-2.019E-06,-4.6056E-10,1.9903000000000002E-06,3.2204E-07,-3.221E-07
0.5,0.9,-2.2145E-06,-4.7795E-10,2.2616E-06,3.2196E-07,-3.2204E-07
0.49500000000000005,0.9,-2.5019E-06,-4.9208E-10,2.5336E-06,3.219E-07,-3.2198E-07
0.49000000000000005,0.9,-2.9302000000000003E-06,-5.1588000000000008E-10,2.8618000000000003E-06,3.2196E-07,-3.2201999999999997E-07
0.48500000000000004,0.9,-3.2670000000000002E-06,-5.255E-10,3.2436E-06,3.2196E-07,-3.2198E-07
0.48000000000000004,0.9,-3.5823000000000004E-06,-5.4866E-10,3.6436000000000006E-06,3.2204E-07,-3.2204E-07
0.47500000000000003,0.9,-3.9121E-06,-5.6031E-10,4.0231000000000005E-06,3.22E-07,-3.22E-07
0.47000000000000003,0.9,-4.4152000000000005E-06,-5.8777E-10,4.4382E-06,3.2196E-07,-3.2201999999999997E-07
0.465,0.9,-4.8485E-06,-5.9888E-10,4.9192E-06,3.2194E-07,-3.221E-07
0.46,0.9,-5.4221E-06,-6.2992E-10,5.3468E-06,3.2194E-07,-3.2206E-07
0.455,0.9,-5.8329000000000005E-06,-6.3772E-10,5.9086000000000005E-06,3.2196E-07,-3.2198E-07
0.45,0.9,-6.487900000000001E-06,-6.8585000000000007E-10,6.3912000000000007E-06,3.2201999999999997E-07,-3.2206E-07
0.445,0.9,-6.9922000000000006E-06,-6.9231000000000006E-10,7.0821E-06,3.221E-07,-3.221E-07
0.44,0.9,-7.5217E-06,-7.3129000000000007E-10,7.6285000000000007E-06,3.2206E-07,-3.2208E-07
0.435,0.9,-8.1243000000000011E-06,-7.4119000000000011E-10,8.2078000000000013E-06,3.2208E-07,-3.22E-07
0.43,0.9,-8.9129E-06,-7.7762E-10,8.9119E-06,3.2208E-07,-3.221E-07
0.42500000000000004,0.9,-9.5278E-06,-7.891600000000001E-10,9.5417E-06,3.2206E-07,-3.221E-07
0.42000000000000004,0.9,-1.0195800000000002E-05,-8.2094000000000006E-10,1.0092900000000001E-05,3.2206E-07,-3.2215999999999997E-07
0.41500000000000004,0.9,-1.1034900000000002E-05,-8.3091000000000008E-10,1.0914000000000001E-05,3.2206E-07,-3.2212E-07
0.41000000000000003,0.9,-1.14979E-05,-8.7255000000000005E-10,1.1500800000000002E-05,3.2206E-07,-3.2208E-07
0.405,0.9,-1.17173E-05,-8.9976000000000011E-10,1.1724E-05,3.22E-07,-3.2218E-07
0.4,0.9,-1.1717200000000002E-05,-9.2491000000000007E-10,1.1726000000000001E-05,3.2206E-07,-3.221E-07
0.395,0.9,-1.1146E-05,-9.5397000000000017E-10,1.3536E-05,3.2212E-07,-3.221E-07
0.39,0.9,-1.462E-05,-9.8565E-10,1.4408E-05,3.2201999999999997E-07,-3.2208E-07
0.385,0.9,-1.5198000000000001E-05,-1.02225E-09,1.5168000000000001E-05,3.22E-07,-3.2206E-07
0.38,0.9,-1.6134000000000002E-05,-1.04802E-09,1.6036E-05,3.22E-07,-3.2206E-07
0.375,0.9,-1.672E-05,-1.09131E-09,1.6806E-05,3.2196E-07,-3.2204E-07
0.37,0.9,-1.7514000000000002E-05,-1.1248E-09,1.758E-05,3.22E-07,-3.2198E-07
0.365,0.9,-1.8160000000000002E-05,-1.153E-09,1.8144E-05,3.2208E-07,-3.2214E-07
0.36000000000000004,0.9,-1.877E-05,-1.1987E-09,1.8904E-05,3.2206E-07,-3.2218E-07
0.35500000000000004,0.9,-1.9922E-05,-1.2333E-09,1.9916E-05,3.2204E-07,-3.2212E-07
0.35000000000000003,0.9,-2.075E-05,-1.2757E-09,2.0768000000000002E-05,3.22E-07,-3.2214E-07
0.34500000000000003,0.9,-2.1432E-05,-1.3124E-09,2.1642E-05,3.22E-07,-3.2208E-07
0.34,0.9,-2.2176000000000002E-05,-1.3582E-09,2.2268E-05,3.22E-07,-3.221E-07
0.335,0.9,-2.3092000000000002E-05,-1.3957E-09,2.298E-05,3.2206E-07,-3.2215999999999997E-07
0.33,0.9,-2.3652E-05,-1.4427E-09,2.3858E-05,3.2208E-07,-3.2214E-07
0.325,0.9,-2.4536E-05,-1.4856E-09,2.4504E-05,3.2201999999999997E-07,-3.2206E-07
0.32,0.9,-2.5258E-05,-1.5321E-09,2.5278E-05,3.2201999999999997E-07,-3.2212E-07
0.315,0.9,-2.6028000000000002E-05,-1.5791E-09,2.604E-05,3.22E-07,-3.2212E-07
0.31,0.9,-2.6848E-05,-1.6269E-09,2.6838E-05,3.2208E-07,-3.2212E-07
0.305,0.9,-2.7624000000000002E-05,-1.6736E-09,2.746E-05,3.22E-07,-3.2206E-07
0.3,0.9,-2.8156E-05,-1.7274E-09,2.8138E-05,3.2206E-07,-3.2214E-07
0.29500000000000004,0.9,-2.9254E-05,-1.7764E-09,2.9E-05,3.2206E-07,-3.221E-07
0.29000000000000004,0.9,-2.9792000000000002E-05,-1.834E-09,2.9706E-05,3.2201999999999997E-07,-3.2215999999999997E-07
0.28500000000000003,0.9,-3.051E-05,-1.8801E-09,3.04E-05,3.22E-07,-3.221E-07
0.28,0.9,-3.0922E-05,-1.9423E-09,3.1402E-05,3.2198E-07,-3.2215999999999997E-07
0.275,0.9,-3.1678000000000004E-05,-1.995E-09,3.1948E-05,3.2201999999999997E-07,-3.2208E-07
0.27,0.9,-3.2500000000000004E-05,-2.0551E-09,3.276E-05,3.22E-07,-3.2208E-07
0.265,0.9,-3.3246E-05,-2.1147E-09,3.332E-05,3.2212E-07,-3.2212E-07
0.26,0.9,-3.3792000000000004E-05,-2.1753E-09,3.3984E-05,3.2208E-07,-3.2215999999999997E-07
0.255,0.9,-3.4652E-05,-2.235E-09,3.4514E-05,3.2206E-07,-3.2212E-07
0.25,0.9,-3.524E-05,-2.3096E-09,3.5196E-05,3.2206E-07,-3.2201999999999997E-07
0.24500000000000002,0.9,-3.5512E-05,-2.3637E-09,3.5776000000000004E-05,3.2201999999999997E-07,-3.2201999999999997E-07
0.24000000000000002,0.9,-3.6336E-05,-2.4349E-09,3.6388000000000005E-05,3.2204E-07,-3.2212E-07
0.23500000000000001,0.9,-3.7164E-05,-2.4957E-09,3.7080000000000004E-05,3.22E-07,-3.2212E-07
0.23,0.9,-3.745E-05,-2.5684E-09,3.7824E-05,3.2206E-07,-3.221E-07
0.225,0.9,-3.8456E-05,-2.6357E-09,3.854E-05,3.2208E-07,-3.221E-07
0.22,0.9,-3.915E-05,-2.712E-09,3.9286E-05,3.2201999999999997E-07,-3.2212E-07
0.215,0.9,-3.923E-05,-2.7841E-09,3.9496E-05,3.2204E-07,-3.2212E-07
0.21000000000000002,0.9,-3.9754E-05,-2.8634E-09,3.9832E-05,3.2201999999999997E-07,-3.221E-07
0.20500000000000002,0.9,-4.052E-05,-2.9391E-09,4.0506E-05,3.2204E-07,-3.2212E-07
0.2,0.9,-4.0822E-05,-3.0177E-09,4.0904E-05,3.22E-07,-3.2212E-07
0.195,0.9,-4.1614E-05,-3.0962E-09,4.1778E-05,3.2206E-07,-3.2206E-07
0.19,0.9,-4.2042E-05,-3.1786E-09,4.2048E-05,3.2196E-07,-3.2204E-07
0.185,0.9,-4.2536E-05,-3.2667E-09,4.2584000000000004E-05,3.2187999999999997E-07,-3.2201999999999997E-07
0.18000000000000002,0.9,-4.311E-05,-3.3449E-09,4.2806E-05,3.2196E-07,-3.22E-07
0.17500000000000002,0.9,-4.3628E-05,-3.4321E-09,4.3694E-05,3.2196E-07,-3.2201999999999997E-07
0.17,0.9,-4.4208E-05,-3.5273E-09,4.4500000000000004E-05,3.2196E-07,-3.22E-07
0.165,0.9,-4.457E-05,-3.6249E-09,4.4428E-05,3.2198E-07,-3.2206E-07
0.16,0.9,-4.5104E-05,-3.7212E-09,4.4894E-05,3.2201999999999997E-07,-3.2208E-07
0.155,0.9,-4.5496E-05,-3.8114E-09,4.5544E-05,3.2194E-07,-3.2204E-07
0.15,0.9,-4.5736000000000004E-05,-3.9145E-09,4.5754E-05,3.2196E-07,-3.22E-07
0.14500000000000002,0.9,-4.6284E-05,-4.0101E-09,4.6462000000000003E-05,3.22E-07,-3.2204E-07
0.14,0.9,-4.6902E-05,-4.1333E-09,4.6926000000000004E-05,3.2194E-07,-3.2206E-07
0.135,0.9,-4.724E-05,-4.2325E-09,4.7336E-05,3.2208E-07,-3.221E-07
0.13,0.9,-4.7846E-05,-4.3454E-09,4.7862000000000004E-05,3.22E-07,-3.22E-07
0.125,0.9,-4.8048000000000005E-05,-4.4545E-09,4.8184000000000005E-05,3.2196E-07,-3.221E-07
0.12000000000000001,0.9,-4.8522E-05,-4.5566E-09,4.8414E-05,3.2192E-07,-3.2196E-07
0.115,0.9,-4.9120000000000004E-05,-4.6762E-09,4.8998E-05,3.219E-07,-3.2201999999999997E-07
0.11,0.9,-4.9720000000000005E-05,-4.7897E-09,4.9662E-05,3.2196E-07,-3.22E-07
0.10500000000000001,0.9,-4.9638E-05,-4.9117E-09,5.007E-05,3.2187999999999997E-07,-3.2196E-07
0.1,0.9,-5.0274E-05,-5.0356E-09,5.0374E-05,3.2196E-07,-3.221E-07
0.095,0.9,-5.055E-05,-5.1637E-09,5.0478E-05,3.2204E-07,-3.221E-07
0.090000000000000011,0.9,-5.0862E-05,-5.2961E-09,5.1512000000000004E-05,3.2204E-07,-3.2206E-07
0.085,0.9,-5.1572E-05,-5.4215E-09,5.1552000000000004E-05,3.2198E-07,-3.2201999999999997E-07
0.08,0.9,-5.1742E-05,-5.5541E-09,5.2176E-05,3.22E-07,-3.2208E-07
0.075,0.9,-5.2560000000000005E-05,-5.7279E-09,5.2552E-05,3.2196E-07,-3.2208E-07
0.07,0.9,-5.291E-05,-5.8615E-09,5.2794E-05,3.2208E-07,-3.2201999999999997E-07
0.065,0.9,-5.3056E-05,-6.0097E-09,5.2862E-05,3.2187999999999997E-07,-3.2198E-07
0.060000000000000005,0.9,-5.3456000000000005E-05,-6.1493E-09,5.335E-05,3.219E-07,-3.2206E-07
0.055,0.9,-5.3926000000000005E-05,-6.2991E-09,5.3862E-05,3.219E-07,-3.2198E-07
0.05,0.9,-5.3836000000000004E-05,-6.4568E-09,5.3838E-05,3.2196E-07,-3.2204E-07
0.045000000000000005,0.9,-5.4612000000000005E-05,-6.6084E-09,5.4554E-05,3.2194E-07,-3.2198E-07
0.04,0.9,-5.4846E-05,-6.7723E-09,5.4774E-05,3.22E-07,-3.22E-07
0.035,0.9,-5.4708E-05,-6.9239E-09,5.4688E-05,3.219E-07,-3.2201999999999997E-07
0.030000000000000002,0.9,-5.5114E-05,-7.1008E-09,5.5096E-05,3.22E-07,-3.2201999999999997E-07
0.025,0.9,-5.5232E-05,-7.2591E-09,5.5386E-05,3.2206E-07,-3.2212E-07
0.02,0.9,-5.5730000000000003E-05,-7.4387E-09,5.5742E-05,3.22E-07,-3.2206E-07
0.015000000000000001,0.9,-5.5932E-05,-7.6034E-09,5.575E-05,3.22E-07,-3.22E-07
0.01,0.9,-5.6472000000000004E-05,-7.8027E-09,5.6424E-05,3.22E-07,-3.2206E-07
0.005,0.9,-5.6794000000000005E-05,-7.9707E-09,5.6842E-05,3.2192E-07,-3.2206E-07
0,0.9,-5.6624000000000005E-05,-8.1752E-09,5.6716000000000004E-05,3.2196E-07,-3.22E-07
