vg	id_vd = 0.0V	ig_vd = 0.0V	is_vd = 0.0V	iavdd_vd = 0.0V	ignd_vd = 0.0V	id_vd = 0.010000000000000009V	ig_vd = 0.010000000000000009V	is_vd = 0.010000000000000009V	iavdd_vd = 0.010000000000000009V	ignd_vd = 0.010000000000000009V	id_vd = 0.020000000000000018V	ig_vd = 0.020000000000000018V	is_vd = 0.020000000000000018V	iavdd_vd = 0.020000000000000018V	ignd_vd = 0.020000000000000018V	id_vd = 0.030000000000000027V	ig_vd = 0.030000000000000027V	is_vd = 0.030000000000000027V	iavdd_vd = 0.030000000000000027V	ignd_vd = 0.030000000000000027V	id_vd = 0.040000000000000036V	ig_vd = 0.040000000000000036V	is_vd = 0.040000000000000036V	iavdd_vd = 0.040000000000000036V	ignd_vd = 0.040000000000000036V	id_vd = 0.050000000000000044V	ig_vd = 0.050000000000000044V	is_vd = 0.050000000000000044V	iavdd_vd = 0.050000000000000044V	ignd_vd = 0.050000000000000044V	id_vd = 0.06000000000000005V	ig_vd = 0.06000000000000005V	is_vd = 0.06000000000000005V	iavdd_vd = 0.06000000000000005V	ignd_vd = 0.06000000000000005V	id_vd = 0.07000000000000006V	ig_vd = 0.07000000000000006V	is_vd = 0.07000000000000006V	iavdd_vd = 0.07000000000000006V	ignd_vd = 0.07000000000000006V	id_vd = 0.08000000000000007V	ig_vd = 0.08000000000000007V	is_vd = 0.08000000000000007V	iavdd_vd = 0.08000000000000007V	ignd_vd = 0.08000000000000007V	id_vd = 0.08999999999999997V	ig_vd = 0.08999999999999997V	is_vd = 0.08999999999999997V	iavdd_vd = 0.08999999999999997V	ignd_vd = 0.08999999999999997V	id_vd = 0.09999999999999998V	ig_vd = 0.09999999999999998V	is_vd = 0.09999999999999998V	iavdd_vd = 0.09999999999999998V	ignd_vd = 0.09999999999999998V
1.2	-1.2505e-09	4.6926e-10	-1.931e-11	3.2482e-07	-3.2386e-07	-1.1171e-09	4.6629e-10	-1.336e-11	3.238e-07	-3.231e-07	-9.7497e-10	4.5878e-10	-1.815e-11	3.2302e-07	-3.2302e-07	-8.481500000000001e-10	4.5466e-10	-2.906e-11	3.2346e-07	-3.2292e-07	-7.385000000000001e-10	4.5238e-10	-1.6740000000000002e-11	3.2336e-07	-3.2296e-07	-6.0197e-10	4.4504000000000005e-10	-2.642e-11	3.2318e-07	-3.2292e-07	-4.803000000000001e-10	4.4658e-10	-2.65e-11	3.2298e-07	-3.229e-07	-3.6606e-10	4.4049000000000005e-10	-1.6890000000000003e-11	3.2282e-07	-3.2294e-07	-2.2930000000000003e-10	4.3565e-10	-2.275e-11	3.2282e-07	-3.2302e-07	-7.909e-11	4.3243e-10	-2.8560000000000003e-11	3.2264e-07	-3.2294e-07	5.216e-11	4.3118000000000006e-10	-1.573e-11	3.2246e-07	-3.2284e-07
1.195	-1.2527e-09	4.2784e-10	-1.531e-11	3.2474e-07	-3.2386e-07	-1.1172e-09	4.2164000000000006e-10	-1.994e-11	3.2332e-07	-3.2258e-07	-9.8573e-10	4.1739e-10	-2.5940000000000003e-11	3.2368e-07	-3.2306e-07	-8.4983e-10	4.1333e-10	-2.393e-11	3.2348e-07	-3.2294e-07	-7.343e-10	4.092e-10	-2.513e-11	3.2336e-07	-3.2304e-07	-6.0338e-10	4.0908000000000005e-10	-2.216e-11	3.2322e-07	-3.2292e-07	-4.7776e-10	4.0092000000000005e-10	-1.967e-11	3.2302e-07	-3.229e-07	-3.6275e-10	3.9893e-10	-1.812e-11	3.2258e-07	-3.2292e-07	-2.2799e-10	3.9867e-10	-1.504e-11	3.2288e-07	-3.2296e-07	-8.511e-11	3.9499000000000005e-10	-1.95e-11	3.22e-07	-3.2228e-07	5.622000000000001e-11	3.9136e-10	-2.6830000000000003e-11	3.2254e-07	-3.2294e-07
1.19	-1.2588e-09	3.9047000000000005e-10	-1.9130000000000003e-11	3.2476e-07	-3.2382e-07	-1.1068e-09	3.8723e-10	-2.1280000000000003e-11	3.2388e-07	-3.2256e-07	-9.7758e-10	3.8003e-10	-1.865e-11	3.2312e-07	-3.2246e-07	-8.4749e-10	3.7716e-10	-1.652e-11	3.2348e-07	-3.2302e-07	-7.267000000000001e-10	3.7632000000000005e-10	-2.1570000000000003e-11	3.2348e-07	-3.2236e-07	-5.993700000000001e-10	3.7095000000000005e-10	-1.684e-11	3.2324e-07	-3.2296e-07	-4.8611e-10	3.7043e-10	-1.571e-11	3.2312e-07	-3.2228e-07	-3.5896e-10	3.6629e-10	-2.195e-11	3.229e-07	-3.2294e-07	-2.3452000000000003e-10	3.6082000000000005e-10	-1.564e-11	3.2288e-07	-3.2302e-07	-8.831e-11	3.6011e-10	-1.243e-11	3.2268e-07	-3.229e-07	6.640000000000001e-11	3.5747e-10	-1.9020000000000003e-11	3.2248e-07	-3.2228e-07
1.185	-1.2521e-09	3.5529e-10	-2.212e-11	3.2484e-07	-3.239e-07	-1.097e-09	3.5179000000000003e-10	-1.333e-11	3.2334e-07	-3.2258e-07	-9.7274e-10	3.4786000000000003e-10	-1.282e-11	3.2406e-07	-3.2342e-07	-8.5624e-10	3.4266000000000003e-10	-2.09e-11	3.2354e-07	-3.23e-07	-7.2265e-10	3.4261e-10	-1.229e-11	3.2338e-07	-3.2294e-07	-6.1007e-10	3.3956e-10	-1.823e-11	3.2324e-07	-3.2298e-07	-4.8745e-10	3.3100000000000005e-10	-2.577e-11	3.2312e-07	-3.2292e-07	-3.4972e-10	3.2961e-10	-1.7850000000000002e-11	3.23e-07	-3.2294e-07	-2.3268e-10	3.2628000000000004e-10	-1.991e-11	3.2292e-07	-3.23e-07	-9.392e-11	3.2483e-10	-2.316e-11	3.2216e-07	-3.2296e-07	6.318000000000001e-11	3.2316000000000005e-10	-1.098e-11	3.226e-07	-3.229e-07
1.1800000000000002	-1.2406e-09	3.2747e-10	-1.641e-11	3.2482e-07	-3.2388e-07	-1.1077e-09	3.2368e-10	-1.15e-11	3.2394e-07	-3.2312e-07	-9.8185e-10	3.1714e-10	-1.6870000000000002e-11	3.2372e-07	-3.2304e-07	-8.5236e-10	3.1169000000000004e-10	-2.499e-11	3.2358e-07	-3.229e-07	-7.3114e-10	3.1286000000000004e-10	-1.484e-11	3.2342e-07	-3.2284e-07	-6.0132e-10	3.0835000000000003e-10	-2.244e-11	3.233e-07	-3.2294e-07	-4.7545e-10	3.0682000000000003e-10	-1.732e-11	3.2308e-07	-3.2282e-07	-3.5648000000000004e-10	3.0491000000000004e-10	-1.2270000000000002e-11	3.23e-07	-3.2294e-07	-2.2061000000000003e-10	2.9880000000000004e-10	-1.586e-11	3.2236e-07	-3.2274e-07	-8.609000000000001e-11	2.9522000000000004e-10	-2.444e-11	3.2274e-07	-3.229e-07	5.4350000000000005e-11	2.9458000000000003e-10	-2.0260000000000003e-11	3.225e-07	-3.2288e-07
1.175	-1.246e-09	2.9844e-10	-1.09e-11	3.2492e-07	-3.2384e-07	-1.1055e-09	2.9208000000000004e-10	-1.891e-11	3.2398e-07	-3.2314e-07	-9.7621e-10	2.8982000000000004e-10	-1.8330000000000003e-11	3.2378e-07	-3.2298e-07	-8.4219e-10	2.8711e-10	-1.5520000000000002e-11	3.2356e-07	-3.2296e-07	-7.2808e-10	2.8295000000000004e-10	-2.121e-11	3.2348e-07	-3.2252e-07	-5.9786e-10	2.8396e-10	-1.1870000000000002e-11	3.2326e-07	-3.2294e-07	-4.7505e-10	2.7503000000000003e-10	-1.408e-11	3.2314e-07	-3.2294e-07	-3.5968000000000004e-10	2.7175e-10	-1.989e-11	3.2298e-07	-3.2294e-07	-2.2377e-10	2.7309000000000004e-10	-1.142e-11	3.2294e-07	-3.229e-07	-7.602e-11	2.7026e-10	-1.114e-11	3.2284e-07	-3.23e-07	6.741e-11	2.6747e-10	-2.2700000000000003e-11	3.2192e-07	-3.223e-07
1.1700000000000002	-1.2505e-09	2.7232e-10	-1.7380000000000002e-11	3.2498e-07	-3.238e-07	-1.0947e-09	2.6951000000000003e-10	-1.566e-11	3.24e-07	-3.2316e-07	-9.6991e-10	2.668e-10	-9.17e-12	3.2378e-07	-3.2308e-07	-8.4655e-10	2.6144000000000003e-10	-1.7380000000000002e-11	3.236e-07	-3.2306e-07	-7.1759e-10	2.6146e-10	-9.06e-12	3.2348e-07	-3.2302e-07	-6.0244e-10	2.5892e-10	-1.256e-11	3.2336e-07	-3.23e-07	-4.8386e-10	2.5518000000000004e-10	-1.651e-11	3.2314e-07	-3.23e-07	-3.4865000000000003e-10	2.5314e-10	-1.754e-11	3.2312e-07	-3.229e-07	-2.3061e-10	2.4797e-10	-1.85e-11	3.2292e-07	-3.229e-07	-8.739e-11	2.4618e-10	-1.612e-11	3.229e-07	-3.229e-07	7.099e-11	2.4471000000000003e-10	-8.42e-12	3.226e-07	-3.2288e-07
1.165	-1.2474e-09	2.5087000000000003e-10	-1.6090000000000003e-11	3.2494e-07	-3.2384e-07	-1.0931e-09	2.4738000000000003e-10	-7.81e-12	3.24e-07	-3.2312e-07	-9.7672e-10	2.4387e-10	-1.3780000000000001e-11	3.2376e-07	-3.2296e-07	-8.4804e-10	2.4059e-10	-2.087e-11	3.2308e-07	-3.2242e-07	-7.2519e-10	2.3574e-10	-7.980000000000001e-12	3.2352e-07	-3.2292e-07	-6.047000000000001e-10	2.3466e-10	-1.889e-11	3.2342e-07	-3.2294e-07	-4.7572e-10	2.2936e-10	-2.039e-11	3.225e-07	-3.2224e-07	-3.4533000000000004e-10	2.2826e-10	-1.179e-11	3.2308e-07	-3.229e-07	-2.1966e-10	2.2585000000000003e-10	-1.653e-11	3.229e-07	-3.2294e-07	-8.851000000000001e-11	2.241e-10	-2.262e-11	3.2286e-07	-3.2232e-07	5.972e-11	2.2364e-10	-1.13e-11	3.2266e-07	-3.2288e-07
1.16	-1.24e-09	2.3136e-10	-8.61e-12	3.2488e-07	-3.2388e-07	-1.1001e-09	2.2715e-10	-1.046e-11	3.2406e-07	-3.2318e-07	-9.7624e-10	2.2158000000000002e-10	-1.671e-11	3.2322e-07	-3.2302e-07	-8.3632e-10	2.2051e-10	-1.459e-11	3.2366e-07	-3.2302e-07	-7.2837e-10	2.1760000000000003e-10	-1.6670000000000002e-11	3.2348e-07	-3.2302e-07	-5.9236e-10	2.1539e-10	-1.5690000000000003e-11	3.2334e-07	-3.2288e-07	-4.6824e-10	2.1378e-10	-7.960000000000001e-12	3.2326e-07	-3.2288e-07	-3.5470000000000003e-10	2.1111e-10	-1.347e-11	3.2318e-07	-3.2294e-07	-2.1365e-10	2.0849e-10	-8.070000000000001e-12	3.2294e-07	-3.2296e-07	-7.467000000000001e-11	2.0622e-10	-1.241e-11	3.2282e-07	-3.229e-07	6.635000000000001e-11	2.0328e-10	-2.081e-11	3.2258e-07	-3.2284e-07
1.155	-1.2488e-09	2.1229e-10	-9.48e-12	3.2496e-07	-3.239e-07	-1.0985e-09	2.0672e-10	-1.818e-11	3.235e-07	-3.2246e-07	-9.5872e-10	2.0373e-10	-9.56e-12	3.2316e-07	-3.2298e-07	-8.4136e-10	2.0356e-10	-7.780000000000001e-12	3.2306e-07	-3.2306e-07	-7.1729e-10	1.9930000000000003e-10	-1.529e-11	3.2344e-07	-3.2288e-07	-5.9307e-10	1.9594e-10	-5.660000000000001e-12	3.2328e-07	-3.2294e-07	-4.757e-10	1.9258e-10	-1.241e-11	3.231e-07	-3.228e-07	-3.4782000000000005e-10	1.8926000000000003e-10	-1.9150000000000003e-11	3.2314e-07	-3.23e-07	-2.2365e-10	1.8665e-10	-1.261e-11	3.2244e-07	-3.2286e-07	-8.446000000000001e-11	1.8785e-10	-7.470000000000003e-12	3.2288e-07	-3.2296e-07	7.507e-11	1.858e-10	-1.159e-11	3.2266e-07	-3.2286e-07
1.15	-1.2369e-09	1.9457e-10	-1.367e-11	3.2492e-07	-3.2388e-07	-1.0923e-09	1.9122e-10	-1.1360000000000002e-11	3.2402e-07	-3.2308e-07	-9.707e-10	1.8832e-10	-6.670000000000001e-12	3.238e-07	-3.2262e-07	-8.4677e-10	1.8397e-10	-1.6400000000000003e-11	3.2372e-07	-3.23e-07	-7.139100000000001e-10	1.8502e-10	-3.0400000000000004e-12	3.23e-07	-3.223e-07	-6.008900000000001e-10	1.8036e-10	-1.4210000000000002e-11	3.2336e-07	-3.2288e-07	-4.756100000000001e-10	1.7758000000000002e-10	-1.679e-11	3.232e-07	-3.2292e-07	-3.4227000000000005e-10	1.7835e-10	-9.46e-12	3.2314e-07	-3.23e-07	-2.2022e-10	1.7276e-10	-1.5940000000000002e-11	3.2304e-07	-3.2296e-07	-8.362e-11	1.6915e-10	-2.1770000000000003e-11	3.2284e-07	-3.229e-07	6.698000000000001e-11	1.6972e-10	-5.3000000000000004e-12	3.2264e-07	-3.2288e-07
1.145	-1.2379e-09	1.8134e-10	-6.91e-12	3.2436e-07	-3.2326e-07	-1.0933e-09	1.7754000000000001e-10	-6.290000000000001e-12	3.2404e-07	-3.23e-07	-9.6556e-10	1.7089000000000002e-10	-1.6800000000000003e-11	3.238e-07	-3.2262e-07	-8.381e-10	1.7029e-10	-1.393e-11	3.238e-07	-3.2306e-07	-7.2229e-10	1.6703000000000002e-10	-9.22e-12	3.2354e-07	-3.23e-07	-5.9864e-10	1.6327000000000002e-10	-1.495e-11	3.2336e-07	-3.2296e-07	-4.6224000000000005e-10	1.6173000000000002e-10	-1.19e-11	3.2328e-07	-3.229e-07	-3.4646e-10	1.5834000000000002e-10	-1.121e-11	3.2248e-07	-3.2294e-07	-2.1318e-10	1.5498000000000002e-10	-1.017e-11	3.2304e-07	-3.2234e-07	-7.674000000000001e-11	1.5698e-10	-1.642e-11	3.2284e-07	-3.229e-07	6.302e-11	1.5467000000000002e-10	-1.661e-11	3.2208e-07	-3.2234e-07
1.14	-1.2382e-09	1.6700000000000002e-10	-4.6900000000000004e-12	3.2438e-07	-3.233e-07	-1.0977e-09	1.6152e-10	-1.4110000000000002e-11	3.2402e-07	-3.2308e-07	-9.6322e-10	1.5817e-10	-1.131e-11	3.238e-07	-3.2296e-07	-8.3481e-10	1.5745e-10	-4.93e-12	3.2378e-07	-3.2302e-07	-7.214e-10	1.5389000000000002e-10	-1.5140000000000002e-11	3.2294e-07	-3.2236e-07	-5.8819e-10	1.5311e-10	-4.490000000000001e-12	3.2342e-07	-3.2286e-07	-4.7053e-10	1.4981000000000002e-10	-5.160000000000001e-12	3.2318e-07	-3.2282e-07	-3.4948e-10	1.4807e-10	-1.3280000000000002e-11	3.2324e-07	-3.2224e-07	-2.1958e-10	1.4574e-10	-8.12e-12	3.2302e-07	-3.2284e-07	-7.263000000000001e-11	1.4358e-10	-4.5900000000000004e-12	3.2286e-07	-3.2292e-07	7.057000000000001e-11	1.3839e-10	-1.706e-11	3.2274e-07	-3.2282e-07
1.135	-1.2413e-09	1.5332000000000002e-10	-9.75e-12	3.2444e-07	-3.233e-07	-1.0849e-09	1.5028000000000002e-10	-1.459e-11	3.2348e-07	-3.231e-07	-9.5666e-10	1.4593e-10	-5.38e-12	3.2326e-07	-3.224e-07	-8.447600000000001e-10	1.4392e-10	-7.73e-12	3.2378e-07	-3.2302e-07	-7.082800000000001e-10	1.4109e-10	-7.990000000000001e-12	3.2352e-07	-3.229e-07	-5.984900000000001e-10	1.4080000000000002e-10	-3.95e-12	3.2344e-07	-3.2294e-07	-4.756100000000001e-10	1.3632e-10	-1.584e-11	3.2276e-07	-3.229e-07	-3.3806e-10	1.3471000000000002e-10	-1.262e-11	3.2318e-07	-3.2296e-07	-2.2213e-10	1.2926e-10	-1.7450000000000002e-11	3.2304e-07	-3.2288e-07	-8.423e-11	1.3330000000000002e-10	-7.990000000000001e-12	3.2288e-07	-3.2206e-07	7.732000000000001e-11	1.3077e-10	-6.51e-12	3.2272e-07	-3.223e-07
1.13	-1.233e-09	1.4178e-10	-7.85e-12	3.2442e-07	-3.2328e-07	-1.082e-09	1.3825e-10	-4.94e-12	3.24e-07	-3.2308e-07	-9.6504e-10	1.3614e-10	-1.12e-11	3.2386e-07	-3.2304e-07	-8.3985e-10	1.2921e-10	-1.613e-11	3.2376e-07	-3.2296e-07	-7.163800000000001e-10	1.3051000000000002e-10	-1.7500000000000002e-12	3.236e-07	-3.23e-07	-5.9624e-10	1.2925000000000002e-10	-1.425e-11	3.2348e-07	-3.2294e-07	-4.6553000000000005e-10	1.2545000000000002e-10	-1.275e-11	3.2324e-07	-3.23e-07	-3.3941e-10	1.2680000000000002e-10	-3.4200000000000004e-12	3.232e-07	-3.2296e-07	-2.1224e-10	1.2343e-10	-1.097e-11	3.2308e-07	-3.2292e-07	-8.072e-11	1.1869e-10	-1.81e-11	3.2228e-07	-3.224e-07	6.685000000000001e-11	1.1479e-10	-1.099e-11	3.2282e-07	-3.229e-07
1.125	-1.2269e-09	1.3112e-10	-4.3000000000000004e-13	3.2384e-07	-3.2268e-07	-1.0883e-09	1.2936e-10	-7.5e-12	3.2408e-07	-3.2302e-07	-9.5762e-10	1.2301e-10	-1.511e-11	3.2386e-07	-3.23e-07	-8.2939e-10	1.2241000000000002e-10	-6.780000000000001e-12	3.2314e-07	-3.2242e-07	-7.157300000000001e-10	1.1917e-10	-1.2980000000000002e-11	3.236e-07	-3.2296e-07	-5.8479e-10	1.1863e-10	-4.810000000000001e-12	3.2346e-07	-3.2296e-07	-4.5749e-10	1.1871e-10	-2.3800000000000004e-12	3.2332e-07	-3.2294e-07	-3.498e-10	1.1278e-10	-8.96e-12	3.232e-07	-3.2296e-07	-2.1163e-10	1.1085e-10	-4.860000000000001e-12	3.2306e-07	-3.2282e-07	-6.956e-11	1.1293e-10	-6e-12	3.2292e-07	-3.2288e-07	7.45e-11	1.0955e-10	-1.6540000000000002e-11	3.2276e-07	-3.2284e-07
1.12	-1.2389e-09	1.2066e-10	-6.4e-12	3.2452e-07	-3.2328e-07	-1.0918e-09	1.1673000000000002e-10	-1.314e-11	3.2348e-07	-3.2308e-07	-9.5207e-10	1.1711e-10	-3.75e-12	3.2384e-07	-3.229e-07	-8.3319e-10	1.1229e-10	-4.47e-12	3.2368e-07	-3.2296e-07	-7.0584e-10	1.1065e-10	-9.800000000000001e-12	3.2354e-07	-3.2296e-07	-5.856800000000001e-10	1.0894e-10	1.64e-12	3.2336e-07	-3.2288e-07	-4.7205e-10	1.0685e-10	-4.79e-12	3.2332e-07	-3.229e-07	-3.4545000000000003e-10	1.0527e-10	-1.032e-11	3.232e-07	-3.2284e-07	-2.1862e-10	1.0359e-10	-1.177e-11	3.2312e-07	-3.2294e-07	-7.463e-11	1.0028e-10	-2.0700000000000007e-12	3.2304e-07	-3.23e-07	8.118000000000001e-11	9.874e-11	-7.980000000000001e-12	3.2272e-07	-3.2282e-07
1.115	-1.2355e-09	1.1063e-10	-1.147e-11	3.244e-07	-3.232e-07	-1.0802e-09	1.1164000000000001e-10	-6.5300000000000015e-12	3.2414e-07	-3.2306e-07	-9.5634e-10	1.0503e-10	-3.8300000000000004e-12	3.2386e-07	-3.2296e-07	-8.402e-10	1.0347e-10	-1.072e-11	3.2372e-07	-3.2298e-07	-7.072800000000001e-10	1.0246e-10	-1.41e-12	3.2354e-07	-3.2286e-07	-5.968900000000001e-10	1.0003e-10	-9.94e-12	3.2336e-07	-3.229e-07	-4.6647e-10	9.997e-11	-1.276e-11	3.2332e-07	-3.229e-07	-3.3475e-10	9.594e-11	-4.18e-12	3.232e-07	-3.2298e-07	-2.109e-10	9.206e-11	-1.383e-11	3.2308e-07	-3.2286e-07	-8.037e-11	9.455e-11	-1.3580000000000002e-11	3.2244e-07	-3.2244e-07	7.431e-11	9.444e-11	-2.6800000000000007e-12	3.227e-07	-3.2282e-07
1.11	-1.2211e-09	1.0462e-10	-3.2900000000000007e-12	3.2392e-07	-3.2268e-07	-1.0779e-09	1.0034e-10	-2.900000000000001e-13	3.2404e-07	-3.2296e-07	-9.6044e-10	9.942e-11	-1.2990000000000002e-11	3.239e-07	-3.2304e-07	-8.269100000000001e-10	9.417000000000001e-11	-1.0440000000000002e-11	3.2376e-07	-3.2302e-07	-7.1311e-10	9.418e-11	-5.69e-12	3.2354e-07	-3.229e-07	-5.85e-10	9.274e-11	-1.035e-11	3.2348e-07	-3.2292e-07	-4.5878e-10	9.149e-11	-4.4000000000000004e-13	3.2326e-07	-3.229e-07	-3.4545000000000003e-10	9.028e-11	-3.5000000000000004e-12	3.2322e-07	-3.229e-07	-2.0236e-10	8.918000000000001e-11	-4.08e-12	3.2308e-07	-3.229e-07	-6.825000000000001e-11	8.343e-11	-9.400000000000001e-12	3.2262e-07	-3.2242e-07	6.97e-11	8.246e-11	-1.289e-11	3.2272e-07	-3.2286e-07
1.105	-1.2323e-09	9.678e-11	5.300000000000002e-13	3.2428e-07	-3.2328e-07	-1.0885e-09	9.695e-11	-5.370000000000001e-12	3.235e-07	-3.2254e-07	-9.5143e-10	8.947e-11	-7.75e-12	3.239e-07	-3.23e-07	-8.2231e-10	9.109e-11	-5.2e-13	3.2374e-07	-3.229e-07	-7.072200000000001e-10	8.680000000000001e-11	-1.362e-11	3.2358e-07	-3.2292e-07	-5.801200000000001e-10	8.863e-11	3.780000000000001e-12	3.2342e-07	-3.2224e-07	-4.6414e-10	8.624e-11	-1.6000000000000005e-13	3.2326e-07	-3.229e-07	-3.4291e-10	8.135000000000001e-11	-9.29e-12	3.2298e-07	-3.2298e-07	-2.1224e-10	8.141e-11	-4.57e-12	3.2308e-07	-3.2284e-07	-7.147e-11	8.208e-11	3.0400000000000004e-12	3.2246e-07	-3.2238e-07	8.061e-11	7.950000000000001e-11	-7.470000000000003e-12	3.2272e-07	-3.2244e-07
1.1	-1.2355e-09	8.984000000000001e-11	-8.670000000000001e-12	3.2442e-07	-3.2332e-07	-1.0826e-09	8.656000000000001e-11	-8.75e-12	3.235e-07	-3.231e-07	-9.4987e-10	8.799000000000001e-11	1.13e-12	3.2392e-07	-3.23e-07	-8.2945e-10	8.284e-11	-6.470000000000001e-12	3.232e-07	-3.2242e-07	-6.997700000000001e-10	8.244e-11	-3.640000000000001e-12	3.2306e-07	-3.2286e-07	-5.947e-10	7.945e-11	-1.36e-12	3.2342e-07	-3.2288e-07	-4.6988e-10	7.697e-11	-7.55e-12	3.2286e-07	-3.223e-07	-3.322e-10	7.848000000000001e-11	-2.3500000000000007e-12	3.233e-07	-3.2288e-07	-2.1267000000000003e-10	7.584e-11	-1.063e-11	3.2306e-07	-3.2292e-07	-7.962e-11	7.098000000000001e-11	-5.3500000000000004e-12	3.2238e-07	-3.224e-07	7.981e-11	7.158e-11	1.12e-12	3.2222e-07	-3.229e-07
1.095	-1.2294e-09	8.185e-11	-9.19e-12	3.2448e-07	-3.2326e-07	-1.0699e-09	8.546e-11	2.1500000000000003e-12	3.2408e-07	-3.2308e-07	-9.57e-10	7.8e-11	-7.1900000000000015e-12	3.2388e-07	-3.2298e-07	-8.279700000000001e-10	7.829e-11	-6.92e-12	3.2296e-07	-3.2226e-07	-7.076800000000001e-10	7.429000000000001e-11	-7.3e-13	3.2362e-07	-3.229e-07	-5.8743e-10	7.387000000000001e-11	-9.600000000000001e-12	3.2342e-07	-3.229e-07	-4.5638e-10	7.310000000000001e-11	-5.24e-12	3.2332e-07	-3.229e-07	-3.3888e-10	7.173000000000001e-11	6.400000000000001e-13	3.2328e-07	-3.23e-07	-2.0397e-10	6.996000000000001e-11	-4.43e-12	3.2306e-07	-3.2288e-07	-7.079000000000001e-11	6.902000000000001e-11	-9.700000000000001e-12	3.2294e-07	-3.2292e-07	6.871e-11	6.673000000000001e-11	-4.5400000000000004e-12	3.228e-07	-3.2286e-07
1.09	-1.2236e-09	7.900000000000001e-11	-1.1000000000000001e-13	3.2448e-07	-3.233e-07	-1.0823e-09	7.582e-11	1.3800000000000002e-12	3.2408e-07	-3.2312e-07	-9.5393e-10	7.347e-11	-9.77e-12	3.239e-07	-3.224e-07	-8.1937e-10	7.253e-11	1.3400000000000003e-12	3.2376e-07	-3.2296e-07	-7.0884e-10	6.857e-11	-1.014e-11	3.236e-07	-3.2288e-07	-5.7669e-10	6.723000000000001e-11	-1.0100000000000001e-12	3.2348e-07	-3.2294e-07	-4.5377e-10	6.73e-11	6.36e-12	3.2332e-07	-3.2294e-07	-3.4482e-10	6.628e-11	-4.53e-12	3.2332e-07	-3.2296e-07	-2.0684e-10	6.602000000000001e-11	2.2000000000000002e-13	3.2308e-07	-3.2288e-07	-6.373000000000001e-11	6.292e-11	1.2400000000000002e-12	3.2298e-07	-3.2294e-07	7.62e-11	5.933e-11	-1.092e-11	3.2276e-07	-3.2286e-07
1.085	-1.2302e-09	7.238e-11	-2.29e-12	3.2448e-07	-3.2336e-07	-1.0833e-09	7.276e-11	-5.58e-12	3.2412e-07	-3.2312e-07	-9.4874e-10	6.786e-11	-9.700000000000001e-13	3.2334e-07	-3.2242e-07	-8.270200000000001e-10	6.841e-11	1.6200000000000004e-12	3.2324e-07	-3.2252e-07	-6.9287e-10	6.508000000000001e-11	-8.97e-12	3.235e-07	-3.2292e-07	-5.842900000000001e-10	6.464000000000001e-11	2.7300000000000007e-12	3.2348e-07	-3.2294e-07	-4.671700000000001e-10	6.209e-11	-2.04e-12	3.2324e-07	-3.229e-07	-3.3303000000000004e-10	6.075000000000001e-11	-3.4100000000000002e-12	3.2268e-07	-3.2236e-07	-2.1225e-10	5.93e-11	-8.11e-12	3.2244e-07	-3.2242e-07	-7.197000000000001e-11	6.046e-11	3.9900000000000006e-12	3.2304e-07	-3.2292e-07	7.973e-11	5.768e-11	1.07e-12	3.2276e-07	-3.2284e-07
1.08	-1.2295e-09	6.784000000000001e-11	-9.24e-12	3.2444e-07	-3.232e-07	-1.0725e-09	6.438e-11	-3.2100000000000007e-12	3.2374e-07	-3.2308e-07	-9.5294e-10	6.253e-11	-3.72e-12	3.239e-07	-3.2298e-07	-8.288400000000001e-10	6.083e-11	-6.6800000000000014e-12	3.237e-07	-3.2292e-07	-6.978800000000001e-10	6.229e-11	2.5300000000000003e-12	3.2362e-07	-3.229e-07	-5.867000000000001e-10	5.735000000000001e-11	-4.78e-12	3.2338e-07	-3.2292e-07	-4.6489e-10	5.674e-11	-6.440000000000001e-12	3.2342e-07	-3.224e-07	-3.327e-10	5.674e-11	4.94e-12	3.233e-07	-3.2302e-07	-2.061e-10	5.4360000000000007e-11	-9.16e-12	3.2312e-07	-3.2294e-07	-7.609e-11	5.1730000000000005e-11	-8.26e-12	3.2284e-07	-3.2294e-07	7.465e-11	5.189e-11	-6.400000000000001e-13	3.2218e-07	-3.2222e-07
1.075	-1.219e-09	6.358e-11	-1.23e-12	3.2436e-07	-3.232e-07	-1.0717e-09	6.187e-11	4.52e-12	3.2418e-07	-3.2302e-07	-9.5405e-10	5.773e-11	-1.1550000000000001e-11	3.2392e-07	-3.23e-07	-8.1952e-10	5.7270000000000006e-11	-1.7000000000000002e-12	3.2378e-07	-3.2306e-07	-7.078500000000001e-10	5.6580000000000006e-11	-3.4400000000000007e-12	3.2366e-07	-3.2288e-07	-5.814100000000001e-10	5.480000000000001e-11	-4.23e-12	3.235e-07	-3.2288e-07	-4.5628000000000005e-10	5.358e-11	3e-12	3.234e-07	-3.2294e-07	-3.4015e-10	5.2390000000000006e-11	-1.3800000000000002e-12	3.2326e-07	-3.23e-07	-1.9923e-10	5.2240000000000005e-11	2.4300000000000003e-12	3.2248e-07	-3.2234e-07	-6.582000000000001e-11	5.117e-11	-2.1000000000000003e-12	3.224e-07	-3.224e-07	7.387000000000001e-11	4.807e-11	-6.8200000000000004e-12	3.228e-07	-3.2284e-07
1.07	-1.2219e-09	6.180000000000001e-11	4.58e-12	3.2448e-07	-3.2324e-07	-1.0774e-09	5.5560000000000006e-11	-4.350000000000001e-12	3.241e-07	-3.2302e-07	-9.4633e-10	5.47e-11	-4.78e-12	3.2392e-07	-3.2302e-07	-8.203e-10	5.4280000000000005e-11	5.150000000000001e-12	3.2378e-07	-3.2302e-07	-7.0107e-10	5.389000000000001e-11	-7.72e-12	3.235e-07	-3.2286e-07	-5.7598e-10	5.207e-11	5.49e-12	3.2284e-07	-3.223e-07	-4.6128e-10	4.9590000000000007e-11	3.56e-12	3.2336e-07	-3.2294e-07	-3.4042e-10	4.626e-11	-4.33e-12	3.232e-07	-3.2282e-07	-2.1138e-10	4.7360000000000005e-11	4.9e-13	3.2306e-07	-3.2286e-07	-6.6e-11	4.5220000000000006e-11	6.14e-12	3.223e-07	-3.223e-07	8.576000000000001e-11	4.414e-11	-4.340000000000001e-12	3.2212e-07	-3.2224e-07
1.065	-1.2142e-09	5.5670000000000007e-11	-5.2500000000000004e-12	3.2438e-07	-3.2318e-07	-1.077e-09	5.42e-11	-3.0900000000000004e-12	3.2418e-07	-3.2302e-07	-9.4317e-10	5.507e-11	5.9700000000000014e-12	3.2392e-07	-3.2296e-07	-8.293100000000001e-10	4.9840000000000006e-11	-4.2000000000000003e-13	3.2372e-07	-3.2304e-07	-6.9373e-10	4.859e-11	-5.300000000000002e-13	3.2356e-07	-3.2286e-07	-5.8808e-10	4.847e-11	9.700000000000001e-13	3.2294e-07	-3.2234e-07	-4.6161e-10	4.44e-11	-6.320000000000001e-12	3.2336e-07	-3.229e-07	-3.2954000000000003e-10	4.523e-11	3.1e-12	3.2328e-07	-3.2294e-07	-2.0862000000000003e-10	4.5540000000000005e-11	-8.41e-12	3.2242e-07	-3.223e-07	-7.779000000000001e-11	4.0660000000000005e-11	-3e-12	3.2288e-07	-3.2282e-07	8.308000000000001e-11	4.483e-11	5.34e-12	3.2272e-07	-3.2294e-07
1.06	-1.2067e-09	5.3850000000000007e-11	-3.1e-12	3.239e-07	-3.2322e-07	-1.0654e-09	4.927e-11	5.370000000000001e-12	3.2408e-07	-3.2302e-07	-9.5185e-10	4.829e-11	-4.18e-12	3.239e-07	-3.2294e-07	-8.2087e-10	4.7290000000000005e-11	-5.59e-12	3.2378e-07	-3.2294e-07	-7.0185e-10	4.683e-11	2.3800000000000004e-12	3.2362e-07	-3.2298e-07	-5.829300000000001e-10	4.392e-11	-5.120000000000001e-12	3.2294e-07	-3.2296e-07	-4.5271e-10	4.265e-11	-2e-12	3.23e-07	-3.2288e-07	-3.3579000000000004e-10	4.2920000000000005e-11	4.490000000000001e-12	3.232e-07	-3.2288e-07	-1.9675e-10	4.147e-11	2.14e-12	3.2304e-07	-3.2296e-07	-6.848e-11	3.685e-11	-8.900000000000001e-12	3.2294e-07	-3.2292e-07	7.383e-11	3.737e-11	-4.46e-12	3.2276e-07	-3.2288e-07
1.0550000000000002	-1.1981e-09	5.2310000000000005e-11	8.670000000000001e-12	3.2444e-07	-3.2324e-07	-1.0782e-09	4.877e-11	7.83e-12	3.2348e-07	-3.2248e-07	-9.4713e-10	4.785e-11	-5.79e-12	3.2384e-07	-3.2282e-07	-8.146400000000001e-10	4.6450000000000005e-11	4.17e-12	3.2374e-07	-3.2298e-07	-6.9995e-10	4.255e-11	-3.18e-12	3.2356e-07	-3.2288e-07	-5.7011e-10	4.266e-11	2.72e-12	3.2354e-07	-3.2296e-07	-4.5374e-10	4.0410000000000006e-11	8.46e-12	3.2344e-07	-3.2222e-07	-3.403e-10	4.0880000000000005e-11	-1.91e-12	3.232e-07	-3.2288e-07	-2.0341e-10	4.118e-11	8.14e-12	3.2308e-07	-3.2286e-07	-6.161000000000001e-11	3.836e-11	3.3600000000000002e-12	3.2298e-07	-3.2288e-07	8.435000000000001e-11	3.832e-11	-1.4900000000000001e-12	3.227e-07	-3.2278e-07
1.05	-1.2093e-09	4.834e-11	6.0100000000000004e-12	3.2434e-07	-3.2322e-07	-1.0799e-09	4.371e-11	-5.04e-12	3.2392e-07	-3.2304e-07	-9.3967e-10	4.3140000000000006e-11	6.940000000000001e-12	3.2386e-07	-3.2302e-07	-8.2096e-10	4.345e-11	4.08e-12	3.238e-07	-3.23e-07	-6.9399e-10	4.294e-11	1.6000000000000005e-13	3.2318e-07	-3.229e-07	-5.8354e-10	3.934e-11	5.570000000000001e-12	3.2356e-07	-3.2294e-07	-4.6197000000000006e-10	3.827e-11	-2e-13	3.2338e-07	-3.2296e-07	-3.3018000000000004e-10	3.5130000000000006e-11	-1.4e-13	3.2322e-07	-3.2286e-07	-2.1027e-10	3.4760000000000005e-11	-3.91e-12	3.226e-07	-3.2232e-07	-6.992e-11	3.4070000000000005e-11	3.4400000000000007e-12	3.2242e-07	-3.2234e-07	8.620000000000001e-11	3.3190000000000004e-11	4.46e-12	3.2234e-07	-3.2284e-07
1.0450000000000002	-1.21e-09	4.4310000000000006e-11	-2.1000000000000003e-12	3.2444e-07	-3.2264e-07	-1.0671e-09	4.214e-11	-1.3000000000000001e-12	3.2366e-07	-3.2298e-07	-9.531e-10	4.3650000000000006e-11	6.5800000000000014e-12	3.2394e-07	-3.2296e-07	-8.2343e-10	3.818e-11	-5.7e-13	3.2368e-07	-3.2294e-07	-6.9479e-10	4.042e-11	7.33e-12	3.2296e-07	-3.2294e-07	-5.8218e-10	3.3810000000000004e-11	-4.12e-12	3.2354e-07	-3.2302e-07	-4.5612e-10	3.4510000000000005e-11	-4.28e-12	3.2336e-07	-3.2288e-07	-3.3169e-10	3.636e-11	7.100000000000001e-12	3.2326e-07	-3.229e-07	-2.0478e-10	3.43e-11	-1.6200000000000004e-12	3.2308e-07	-3.223e-07	-7.087000000000001e-11	3.26e-11	-5.3000000000000004e-12	3.2294e-07	-3.2212e-07	7.506000000000001e-11	3.4610000000000004e-11	3.2600000000000002e-12	3.228e-07	-3.229e-07
1.04	-1.1983e-09	4.2370000000000005e-11	8.180000000000003e-12	3.2414e-07	-3.2304e-07	-1.0684e-09	4.076e-11	8.06e-12	3.2342e-07	-3.2248e-07	-9.5264e-10	3.5920000000000004e-11	-3.790000000000001e-12	3.2392e-07	-3.2296e-07	-8.1431e-10	3.7420000000000005e-11	2.09e-12	3.2374e-07	-3.229e-07	-7.049800000000001e-10	3.5810000000000004e-11	1.93e-12	3.236e-07	-3.2288e-07	-5.7181e-10	3.488e-11	6.000000000000002e-13	3.2354e-07	-3.2304e-07	-4.4926000000000006e-10	3.482e-11	6.1100000000000004e-12	3.234e-07	-3.2288e-07	-3.3798e-10	3.0020000000000003e-11	6.6e-13	3.2318e-07	-3.2294e-07	-2.0076e-10	3.007e-11	9.500000000000001e-12	3.2308e-07	-3.2224e-07	-5.989e-11	3.0680000000000004e-11	-5.6e-13	3.2294e-07	-3.2292e-07	7.757000000000001e-11	2.64e-11	-3.92e-12	3.2276e-07	-3.2284e-07
1.035	-1.202e-09	4.016e-11	1.012e-11	3.2436e-07	-3.2322e-07	-1.0734e-09	3.876e-11	4.910000000000001e-12	3.2408e-07	-3.23e-07	-9.4173e-10	3.829e-11	6.440000000000001e-12	3.2394e-07	-3.2296e-07	-8.1951e-10	3.362e-11	6.570000000000001e-12	3.2374e-07	-3.2294e-07	-6.966600000000001e-10	3.3600000000000005e-11	-5.1e-13	3.2356e-07	-3.229e-07	-5.756600000000001e-10	3.1300000000000004e-11	7.790000000000001e-12	3.2354e-07	-3.23e-07	-4.6005e-10	3.125e-11	7.8e-12	3.2334e-07	-3.2294e-07	-3.3576000000000004e-10	2.9850000000000005e-11	-1.1100000000000001e-12	3.2248e-07	-3.2224e-07	-2.104e-10	3e-11	4.810000000000001e-12	3.2248e-07	-3.2224e-07	-6.387000000000001e-11	2.914e-11	8.090000000000001e-12	3.2294e-07	-3.2292e-07	8.464e-11	3.0540000000000005e-11	5.55e-12	3.222e-07	-3.223e-07
1.03	-1.2103e-09	3.75e-11	4.500000000000001e-12	3.2438e-07	-3.2322e-07	-1.0806e-09	3.4980000000000005e-11	-3.0900000000000004e-12	3.2404e-07	-3.2306e-07	-9.4296e-10	3.3890000000000005e-11	1.51e-11	3.2392e-07	-3.2234e-07	-8.236700000000001e-10	3.1950000000000003e-11	6.1e-13	3.2374e-07	-3.2302e-07	-6.911200000000001e-10	3.379e-11	8.280000000000003e-12	3.2354e-07	-3.2286e-07	-5.821700000000001e-10	3.078e-11	3.56e-12	3.2348e-07	-3.2292e-07	-4.6079e-10	2.748e-11	-1.8700000000000003e-12	3.233e-07	-3.229e-07	-3.2222e-10	2.7800000000000004e-11	7.64e-12	3.232e-07	-3.2286e-07	-2.0831000000000003e-10	2.468e-11	-2.54e-12	3.2314e-07	-3.2234e-07	-7.33e-11	2.5520000000000003e-11	4.800000000000001e-13	3.2294e-07	-3.229e-07	8.23e-11	2.489e-11	5.370000000000001e-12	3.2282e-07	-3.229e-07
1.025	-1.2044e-09	3.241e-11	2.28e-12	3.2382e-07	-3.2264e-07	-1.0676e-09	3.544e-11	7.980000000000001e-12	3.2422e-07	-3.2304e-07	-9.5324e-10	3.3960000000000005e-11	4.27e-12	3.2326e-07	-3.23e-07	-8.2052e-10	3.0210000000000005e-11	1.5800000000000001e-12	3.2382e-07	-3.224e-07	-7.0778e-10	2.853e-11	8.34e-12	3.2356e-07	-3.2292e-07	-5.7687e-10	2.8400000000000003e-11	2.300000000000001e-13	3.2354e-07	-3.2294e-07	-4.5278e-10	2.75e-11	4.18e-12	3.2338e-07	-3.2292e-07	-3.3685000000000003e-10	2.8910000000000003e-11	8.01e-12	3.2332e-07	-3.2294e-07	-1.9773e-10	2.7490000000000003e-11	9.83e-12	3.2252e-07	-3.2228e-07	-6.283e-11	2.5050000000000003e-11	-3.2900000000000007e-12	3.2288e-07	-3.2292e-07	7.248e-11	2.3520000000000003e-11	-1.6e-12	3.2274e-07	-3.229e-07
1.02	-1.1996e-09	3.406e-11	1.28e-11	3.2434e-07	-3.232e-07	-1.0718e-09	3.1590000000000004e-11	1.34e-11	3.2414e-07	-3.2302e-07	-9.4831e-10	2.7200000000000004e-11	2.08e-12	3.238e-07	-3.2288e-07	-8.1301e-10	3.0680000000000004e-11	1.202e-11	3.232e-07	-3.2238e-07	-6.992e-10	2.9260000000000004e-11	3.9300000000000004e-12	3.236e-07	-3.2288e-07	-5.6888e-10	2.895e-11	9.95e-12	3.2294e-07	-3.2294e-07	-4.5753e-10	2.604e-11	1.222e-11	3.2338e-07	-3.2246e-07	-3.3899000000000004e-10	2.229e-11	-2.42e-12	3.2326e-07	-3.2288e-07	-2.0458e-10	2.5630000000000003e-11	1.1660000000000002e-11	3.2312e-07	-3.2288e-07	-5.82e-11	2.435e-11	7.29e-12	3.2302e-07	-3.229e-07	8.665e-11	1.832e-11	-3.2200000000000004e-12	3.228e-07	-3.2286e-07
1.015	-1.2079e-09	2.969e-11	1.15e-11	3.2442e-07	-3.2312e-07	-1.0797e-09	3.0650000000000005e-11	7.35e-12	3.2404e-07	-3.23e-07	-9.3957e-10	3.0610000000000005e-11	1.7200000000000003e-11	3.2392e-07	-3.2296e-07	-8.3033e-10	2.648e-11	8.14e-12	3.232e-07	-3.224e-07	-6.960600000000001e-10	2.5630000000000003e-11	1.158e-11	3.2362e-07	-3.2294e-07	-5.817600000000001e-10	2.5160000000000003e-11	9.96e-12	3.2354e-07	-3.23e-07	-4.6683e-10	2.3480000000000003e-11	5.64e-12	3.234e-07	-3.2296e-07	-3.2859e-10	2.4190000000000003e-11	6.19e-12	3.2262e-07	-3.2236e-07	-2.1017e-10	2.433e-11	2.08e-12	3.2308e-07	-3.2294e-07	-7.223e-11	2.061e-11	8.06e-12	3.23e-07	-3.2294e-07	9.061e-11	2.324e-11	6.840000000000001e-12	3.2198e-07	-3.2228e-07
1.01	-1.2136e-09	2.9550000000000004e-11	4.84e-12	3.2438e-07	-3.2308e-07	-1.0693e-09	2.55e-11	4.16e-12	3.2404e-07	-3.23e-07	-9.5018e-10	2.519e-11	1.478e-11	3.239e-07	-3.2296e-07	-8.265500000000001e-10	2.448e-11	3.9400000000000006e-12	3.2374e-07	-3.23e-07	-7.029800000000001e-10	2.819e-11	1.5890000000000003e-11	3.23e-07	-3.2284e-07	-5.8195e-10	2.53e-11	5.200000000000001e-12	3.2354e-07	-3.2296e-07	-4.5538e-10	2.2700000000000003e-11	3.23e-12	3.2338e-07	-3.229e-07	-3.3402e-10	2.078e-11	1.143e-11	3.232e-07	-3.2288e-07	-2.003e-10	2.196e-11	6.240000000000001e-12	3.2302e-07	-3.229e-07	-6.820000000000001e-11	2.013e-11	-3.95e-12	3.2296e-07	-3.2268e-07	8.068000000000001e-11	1.858e-11	-1.4e-13	3.2342e-07	-3.2356e-07
1.005	-1.2013e-09	2.779e-11	1.103e-11	3.238e-07	-3.2318e-07	-1.0704e-09	2.864e-11	2.023e-11	3.2408e-07	-3.2308e-07	-9.5204e-10	2.493e-11	6.71e-12	3.2388e-07	-3.2296e-07	-8.1659e-10	2.293e-11	1.078e-11	3.238e-07	-3.2302e-07	-7.0678e-10	2.174e-11	1.106e-11	3.236e-07	-3.229e-07	-5.741800000000001e-10	2.365e-11	1.2060000000000002e-11	3.2352e-07	-3.2296e-07	-4.5511e-10	2.235e-11	1.4300000000000002e-11	3.2338e-07	-3.2294e-07	-3.4047e-10	2.12e-11	5.6e-12	3.2328e-07	-3.2296e-07	-2.0102e-10	2.282e-11	1.877e-11	3.231e-07	-3.23e-07	-5.995000000000001e-11	1.9150000000000003e-11	2.49e-12	3.2288e-07	-3.2294e-07	8.24e-11	1.911e-11	-2.85e-12	3.2342e-07	-3.2352e-07
1.0	-1.2012e-09	2.843e-11	2.127e-11	3.244e-07	-3.2322e-07	-1.0765e-09	2.566e-11	2.027e-11	3.2406e-07	-3.2306e-07	-9.4045e-10	2.393e-11	1.887e-11	3.239e-07	-3.2296e-07	-8.2161e-10	2.2900000000000003e-11	1.9e-11	3.238e-07	-3.23e-07	-7.0249e-10	2.334e-11	1.3900000000000002e-11	3.2356e-07	-3.2288e-07	-5.831700000000001e-10	2.442e-11	1.9750000000000003e-11	3.2354e-07	-3.2298e-07	-4.6549e-10	2.028e-11	1.2360000000000001e-11	3.2348e-07	-3.2296e-07	-3.3462000000000003e-10	1.726e-11	4.43e-12	3.232e-07	-3.229e-07	-2.1316e-10	1.821e-11	9.86e-12	3.2312e-07	-3.2288e-07	-6.517e-11	1.911e-11	1.143e-11	3.2294e-07	-3.2286e-07	9.51e-11	1.761e-11	3.1e-12	3.2346e-07	-3.2348e-07
0.995	-1.2161e-09	2.502e-11	1.4720000000000002e-11	3.2436e-07	-3.2316e-07	-1.0851e-09	2.469e-11	1.3790000000000002e-11	3.241e-07	-3.2304e-07	-9.5137e-10	2.526e-11	2.6340000000000003e-11	3.2314e-07	-3.222e-07	-8.3322e-10	2.11e-11	1.2260000000000001e-11	3.2376e-07	-3.2302e-07	-7.023400000000001e-10	2.08e-11	2.1280000000000003e-11	3.2356e-07	-3.2288e-07	-5.914e-10	2.118e-11	1.4960000000000002e-11	3.2354e-07	-3.2296e-07	-4.6525e-10	1.901e-11	7.41e-12	3.228e-07	-3.2236e-07	-3.2919000000000003e-10	2.134e-11	1.861e-11	3.232e-07	-3.229e-07	-2.102e-10	1.777e-11	5.810000000000001e-12	3.2306e-07	-3.2288e-07	-7.284e-11	1.588e-11	4.74e-12	3.2296e-07	-3.2282e-07	8.512000000000001e-11	1.861e-11	5.760000000000001e-12	3.2336e-07	-3.2352e-07
0.99	-1.2099e-09	2.428e-11	1.432e-11	3.2364e-07	-3.2242e-07	-1.0791e-09	2.349e-11	2.1770000000000003e-11	3.2414e-07	-3.2302e-07	-9.5764e-10	2.093e-11	2.0060000000000003e-11	3.2386e-07	-3.2292e-07	-8.2877e-10	2.129e-11	1.5580000000000003e-11	3.2386e-07	-3.23e-07	-7.174900000000001e-10	2.067e-11	2.207e-11	3.2356e-07	-3.2286e-07	-5.8453e-10	2.02e-11	1.612e-11	3.2354e-07	-3.2296e-07	-4.5746e-10	1.7870000000000002e-11	1.573e-11	3.2342e-07	-3.229e-07	-3.3947e-10	1.7870000000000002e-11	1.682e-11	3.232e-07	-3.2278e-07	-2.0224e-10	1.7490000000000002e-11	1.724e-11	3.2312e-07	-3.2284e-07	-6.481000000000001e-11	1.6650000000000002e-11	1.79e-12	3.229e-07	-3.2288e-07	8.159000000000001e-11	1.4960000000000002e-11	-3.81e-12	3.2348e-07	-3.235e-07
0.985	-1.2095e-09	2.3190000000000003e-11	2.6960000000000003e-11	3.244e-07	-3.232e-07	-1.0799e-09	2.176e-11	3.264e-11	3.2414e-07	-3.2302e-07	-9.5588e-10	2.06e-11	1.7310000000000003e-11	3.2396e-07	-3.2296e-07	-8.2301e-10	2.1990000000000003e-11	2.673e-11	3.238e-07	-3.229e-07	-7.135600000000001e-10	1.757e-11	1.961e-11	3.2302e-07	-3.2296e-07	-5.8025e-10	2.059e-11	2.874e-11	3.2356e-07	-3.2296e-07	-4.6546e-10	1.905e-11	2.476e-11	3.2342e-07	-3.23e-07	-3.4676e-10	1.821e-11	1.113e-11	3.2326e-07	-3.229e-07	-2.1532e-10	1.7910000000000003e-11	2.025e-11	3.2248e-07	-3.2276e-07	-6.339e-11	1.579e-11	1.276e-11	3.2234e-07	-3.2222e-07	9.312e-11	1.693e-11	4.06e-12	3.235e-07	-3.2356e-07
0.98	-1.2182e-09	2.263e-11	3.3370000000000003e-11	3.2386e-07	-3.2254e-07	-1.0867e-09	2.06e-11	2.704e-11	3.241e-07	-3.2306e-07	-9.5105e-10	2.113e-11	3.022e-11	3.239e-07	-3.2294e-07	-8.3834e-10	1.847e-11	2.823e-11	3.2386e-07	-3.23e-07	-7.066400000000001e-10	2.008e-11	3.089e-11	3.2366e-07	-3.2294e-07	-5.9645e-10	1.755e-11	2.9000000000000003e-11	3.2304e-07	-3.2242e-07	-4.716e-10	1.5380000000000003e-11	1.942e-11	3.2336e-07	-3.229e-07	-3.3594000000000003e-10	1.535e-11	2.042e-11	3.2322e-07	-3.2288e-07	-2.1826e-10	1.367e-11	8.590000000000001e-12	3.2318e-07	-3.2282e-07	-7.067e-11	1.447e-11	1.245e-11	3.2292e-07	-3.2292e-07	9.186e-11	1.4630000000000002e-11	9.57e-12	3.2348e-07	-3.2356e-07
0.975	-1.2255e-09	2.123e-11	2.808e-11	3.2424e-07	-3.226e-07	-1.0852e-09	1.6580000000000002e-11	2.741e-11	3.235e-07	-3.2252e-07	-9.6042e-10	1.774e-11	3.499e-11	3.2394e-07	-3.2296e-07	-8.4278e-10	1.728e-11	2.529e-11	3.2384e-07	-3.23e-07	-7.187e-10	1.7340000000000002e-11	3.508e-11	3.2298e-07	-3.2264e-07	-6.0098e-10	1.688e-11	2.546e-11	3.2356e-07	-3.2296e-07	-4.6661e-10	1.797e-11	2.6760000000000003e-11	3.2332e-07	-3.2288e-07	-3.4251000000000004e-10	1.799e-11	3.251e-11	3.2326e-07	-3.2286e-07	-2.094e-10	1.4400000000000002e-11	1.715e-11	3.2306e-07	-3.229e-07	-7.310000000000001e-11	1.265e-11	6.45e-12	3.2298e-07	-3.2278e-07	7.711e-11	1.4410000000000002e-11	1.6200000000000004e-12	3.2346e-07	-3.235e-07
0.97	-1.2247e-09	1.917e-11	3.747e-11	3.2432e-07	-3.2318e-07	-1.0868e-09	1.936e-11	4.093e-11	3.2408e-07	-3.2298e-07	-9.733e-10	1.7510000000000003e-11	3.169e-11	3.2394e-07	-3.2302e-07	-8.3492e-10	1.675e-11	4.06e-11	3.238e-07	-3.2302e-07	-7.2433e-10	1.761e-11	3.375e-11	3.2306e-07	-3.2292e-07	-5.937400000000001e-10	1.5830000000000002e-11	3.704e-11	3.235e-07	-3.2294e-07	-4.719700000000001e-10	1.653e-11	3.7710000000000005e-11	3.2332e-07	-3.2296e-07	-3.541e-10	1.2880000000000002e-11	2.2210000000000003e-11	3.2318e-07	-3.2292e-07	-2.1052e-10	1.332e-11	2.8930000000000004e-11	3.231e-07	-3.229e-07	-6.272e-11	1.509e-11	1.529e-11	3.2298e-07	-3.2284e-07	8.516e-11	1.1650000000000001e-11	-2.69e-12	3.234e-07	-3.2354e-07
0.965	-1.2238e-09	2.078e-11	5.0490000000000005e-11	3.2448e-07	-3.2324e-07	-1.0948e-09	1.6960000000000002e-11	4.7760000000000005e-11	3.241e-07	-3.2298e-07	-9.6541e-10	1.7450000000000002e-11	4.104e-11	3.239e-07	-3.2296e-07	-8.4943e-10	1.702e-11	4.7070000000000005e-11	3.2378e-07	-3.23e-07	-7.2066e-10	1.5830000000000002e-11	4.159e-11	3.236e-07	-3.2286e-07	-6.0399e-10	1.6250000000000002e-11	4.437e-11	3.228e-07	-3.2284e-07	-4.899400000000001e-10	1.5430000000000002e-11	3.722e-11	3.2288e-07	-3.2296e-07	-3.5201e-10	1.553e-11	2.8490000000000003e-11	3.2272e-07	-3.2288e-07	-2.2427e-10	1.337e-11	2.6030000000000003e-11	3.2232e-07	-3.2218e-07	-7.435e-11	1.2990000000000002e-11	2.375e-11	3.2296e-07	-3.223e-07	9.236e-11	1.212e-11	6.990000000000001e-12	3.2342e-07	-3.2352e-07
0.96	-1.2402e-09	1.976e-11	5.71e-11	3.2436e-07	-3.2314e-07	-1.1123e-09	1.542e-11	4.464e-11	3.2412e-07	-3.2302e-07	-9.7535e-10	1.887e-11	5.674e-11	3.2392e-07	-3.2304e-07	-8.5899e-10	1.4760000000000003e-11	4.579e-11	3.2386e-07	-3.23e-07	-7.2997e-10	1.6030000000000002e-11	5.440000000000001e-11	3.2366e-07	-3.2296e-07	-6.148000000000001e-10	1.392e-11	4.366e-11	3.2354e-07	-3.2296e-07	-4.8939e-10	1.098e-11	3.772e-11	3.2336e-07	-3.2296e-07	-3.5140000000000005e-10	1.063e-11	4.2590000000000005e-11	3.2324e-07	-3.2294e-07	-2.2373e-10	1.108e-11	2.234e-11	3.2308e-07	-3.2284e-07	-8.307e-11	9.55e-12	1.5580000000000003e-11	3.2294e-07	-3.2288e-07	8.563e-11	1.111e-11	7.080000000000001e-12	3.2368e-07	-3.237e-07
0.955	-1.2524e-09	1.661e-11	5.838000000000001e-11	3.2442e-07	-3.232e-07	-1.1077e-09	1.6160000000000002e-11	5.633000000000001e-11	3.2408e-07	-3.2306e-07	-9.9232e-10	1.4000000000000002e-11	5.733e-11	3.239e-07	-3.2294e-07	-8.5659e-10	1.571e-11	5.6360000000000006e-11	3.2384e-07	-3.23e-07	-7.4151e-10	1.364e-11	5.489e-11	3.2356e-07	-3.2288e-07	-6.108700000000001e-10	1.2870000000000002e-11	5.1190000000000006e-11	3.23e-07	-3.2294e-07	-4.9072e-10	1.5340000000000002e-11	5.289e-11	3.2338e-07	-3.2294e-07	-3.6921e-10	1.454e-11	4.657e-11	3.2312e-07	-3.2288e-07	-2.1722000000000003e-10	1.238e-11	3.909e-11	3.225e-07	-3.229e-07	-7.597000000000001e-11	1.167e-11	1.848e-11	3.2296e-07	-3.229e-07	8.463000000000001e-11	1.029e-11	-1.12e-12	3.2344e-07	-3.2354e-07
0.95	-1.2548e-09	1.7110000000000003e-11	7.123000000000001e-11	3.244e-07	-3.2322e-07	-1.1127e-09	1.67e-11	7.365000000000001e-11	3.2406e-07	-3.231e-07	-9.9316e-10	1.6670000000000002e-11	6.450000000000001e-11	3.239e-07	-3.224e-07	-8.657e-10	1.5960000000000002e-11	7.602e-11	3.2322e-07	-3.23e-07	-7.4891e-10	1.271e-11	6.286e-11	3.236e-07	-3.2294e-07	-6.192800000000001e-10	1.315e-11	6.79e-11	3.2348e-07	-3.229e-07	-5.0636e-10	9.74e-12	5.877000000000001e-11	3.2336e-07	-3.2224e-07	-3.7230000000000005e-10	9.21e-12	4.2160000000000006e-11	3.2326e-07	-3.2284e-07	-2.3693000000000003e-10	1.181e-11	4.509e-11	3.2284e-07	-3.223e-07	-7.717e-11	1.004e-11	2.904e-11	3.2296e-07	-3.229e-07	9.258e-11	9.53e-12	6e-12	3.2342e-07	-3.2348e-07
0.945	-1.2649e-09	1.6800000000000003e-11	8.814e-11	3.2444e-07	-3.2318e-07	-1.1338e-09	1.5830000000000002e-11	7.93e-11	3.241e-07	-3.23e-07	-1.00021e-09	1.447e-11	8.252e-11	3.2398e-07	-3.2294e-07	-8.852000000000001e-10	1.391e-11	7.912e-11	3.2384e-07	-3.2304e-07	-7.5051e-10	1.265e-11	8.036e-11	3.2352e-07	-3.2294e-07	-6.415e-10	1.093e-11	7.286e-11	3.2344e-07	-3.229e-07	-5.1238e-10	1.177e-11	6.365000000000001e-11	3.2344e-07	-3.2288e-07	-3.7198e-10	1.3090000000000002e-11	6.017000000000001e-11	3.2324e-07	-3.23e-07	-2.4415000000000003e-10	9.85e-12	3.9680000000000005e-11	3.2312e-07	-3.2288e-07	-8.905e-11	1.17e-11	3.173e-11	3.2296e-07	-3.229e-07	8.762e-11	1.051e-11	1.199e-11	3.2346e-07	-3.2348e-07
0.94	-1.2873e-09	1.365e-11	9.353e-11	3.244e-07	-3.2318e-07	-1.1463e-09	1.168e-11	8.761e-11	3.2408e-07	-3.2302e-07	-1.02493e-09	1.4920000000000002e-11	9.534e-11	3.239e-07	-3.2238e-07	-8.9968e-10	1.159e-11	8.686000000000001e-11	3.2384e-07	-3.2304e-07	-7.7332e-10	1.326e-11	9.05e-11	3.2366e-07	-3.2294e-07	-6.4647e-10	1.112e-11	7.952e-11	3.2352e-07	-3.2292e-07	-5.1303e-10	1.026e-11	7.932e-11	3.2332e-07	-3.2292e-07	-3.8373e-10	9.62e-12	7.438e-11	3.2324e-07	-3.2286e-07	-2.3977000000000004e-10	9.56e-12	5.1440000000000005e-11	3.2254e-07	-3.2228e-07	-8.921e-11	7.9e-12	3.194e-11	3.2298e-07	-3.2286e-07	7.769e-11	8.44e-12	2.46e-12	3.2344e-07	-3.2356e-07
0.935	-1.2973e-09	1.4100000000000002e-11	1.0694e-10	3.2418e-07	-3.2266e-07	-1.1552e-09	1.639e-11	1.1048e-10	3.2408e-07	-3.2296e-07	-1.03882e-09	1.086e-11	1.0375e-10	3.2394e-07	-3.2246e-07	-9.0015e-10	1.279e-11	1.0831e-10	3.2384e-07	-3.2296e-07	-7.8957e-10	8.370000000000003e-12	9.582e-11	3.236e-07	-3.2286e-07	-6.4984e-10	1.123e-11	1.0306e-10	3.2342e-07	-3.2288e-07	-5.283800000000001e-10	1.366e-11	9.763e-11	3.2336e-07	-3.2294e-07	-4.0485000000000005e-10	1.1e-11	7.541e-11	3.2324e-07	-3.23e-07	-2.5361e-10	9.82e-12	6.966000000000001e-11	3.2256e-07	-3.2238e-07	-9.093e-11	1.412e-11	4.2560000000000006e-11	3.23e-07	-3.2288e-07	8.545000000000001e-11	8.080000000000003e-12	1.3800000000000002e-12	3.2336e-07	-3.2354e-07
0.93	-1.3072e-09	1.4200000000000002e-11	1.3411000000000002e-10	3.2442e-07	-3.232e-07	-1.1779e-09	1.173e-11	1.34e-10	3.2402e-07	-3.2308e-07	-1.04686e-09	1.326e-11	1.2639000000000002e-10	3.2396e-07	-3.2302e-07	-9.276e-10	1.245e-11	1.3012e-10	3.2376e-07	-3.2296e-07	-7.9413e-10	1.177e-11	1.1871e-10	3.2362e-07	-3.229e-07	-6.725700000000001e-10	1.3380000000000002e-11	1.2041e-10	3.2352e-07	-3.2286e-07	-5.5089e-10	1.0030000000000001e-11	1.0453e-10	3.2338e-07	-3.2292e-07	-4.0711000000000006e-10	7.73e-12	8.83e-11	3.2324e-07	-3.2288e-07	-2.6964e-10	8.710000000000001e-12	7.222000000000001e-11	3.2306e-07	-3.2234e-07	-1.0193e-10	9.19e-12	5.0610000000000007e-11	3.2292e-07	-3.228e-07	9.19e-11	1.02e-11	1.425e-11	3.234e-07	-3.235e-07
0.925	-1.3384e-09	1.427e-11	1.5617000000000001e-10	3.2444e-07	-3.2318e-07	-1.2077e-09	1.428e-11	1.4794e-10	3.241e-07	-3.2302e-07	-1.07099e-09	1.066e-11	1.5323000000000002e-10	3.2338e-07	-3.2238e-07	-9.4878e-10	1.037e-11	1.4344000000000002e-10	3.2316e-07	-3.2234e-07	-8.1724e-10	1.14e-11	1.4277000000000001e-10	3.236e-07	-3.2292e-07	-7.019200000000001e-10	8.780000000000001e-12	1.3186e-10	3.2344e-07	-3.2292e-07	-5.6334e-10	1.051e-11	1.2371e-10	3.2336e-07	-3.229e-07	-4.2016e-10	1.096e-11	1.1849000000000002e-10	3.2326e-07	-3.229e-07	-2.7571e-10	8.200000000000001e-12	7.865e-11	3.2254e-07	-3.2292e-07	-1.1265e-10	1.09e-11	5.706e-11	3.2294e-07	-3.2288e-07	8.032e-11	8.75e-12	1.079e-11	3.2338e-07	-3.235e-07
0.92	-1.3657e-09	1.101e-11	1.7438000000000002e-10	3.2442e-07	-3.2276e-07	-1.2238e-09	9.1e-12	1.7451000000000003e-10	3.2404e-07	-3.23e-07	-1.1055000000000002e-09	1.05e-11	1.7134000000000003e-10	3.2396e-07	-3.2306e-07	-9.6781e-10	1.19e-11	1.6984e-10	3.238e-07	-3.2276e-07	-8.47e-10	1.027e-11	1.6071e-10	3.2356e-07	-3.2288e-07	-7.0984e-10	1.103e-11	1.5526000000000001e-10	3.235e-07	-3.2296e-07	-5.7639e-10	9.76e-12	1.5064e-10	3.2332e-07	-3.229e-07	-4.5000000000000005e-10	9.01e-12	1.2864e-10	3.2322e-07	-3.2288e-07	-2.8206e-10	9.06e-12	1.0593e-10	3.232e-07	-3.229e-07	-1.1282e-10	8.03e-12	6.689e-11	3.2296e-07	-3.2282e-07	8.197e-11	7.080000000000001e-12	4.140000000000001e-12	3.2366e-07	-3.237e-07
0.915	-1.3888e-09	1.29e-11	2.0532e-10	3.2438e-07	-3.2314e-07	-1.249e-09	1.394e-11	2.125e-10	3.2408e-07	-3.2308e-07	-1.12286e-09	9.49e-12	1.9955e-10	3.2396e-07	-3.2308e-07	-9.946e-10	1.113e-11	2.0448000000000003e-10	3.2378e-07	-3.229e-07	-8.697000000000001e-10	8.64e-12	1.8782e-10	3.2358e-07	-3.229e-07	-7.3867e-10	1.04e-11	1.9026e-10	3.2344e-07	-3.2288e-07	-6.1538e-10	9.500000000000001e-12	1.7094e-10	3.2272e-07	-3.223e-07	-4.67e-10	8.45e-12	1.4245e-10	3.2322e-07	-3.2282e-07	-3.0974e-10	9.27e-12	1.223e-10	3.2308e-07	-3.2294e-07	-1.2567000000000002e-10	9.76e-12	7.817e-11	3.229e-07	-3.2296e-07	8.766000000000001e-11	7.0900000000000015e-12	1.2270000000000002e-11	3.2344e-07	-3.2352e-07
0.91	-1.4207e-09	1.222e-11	2.4953e-10	3.2438e-07	-3.2318e-07	-1.2928e-09	9.37e-12	2.4658000000000004e-10	3.2408e-07	-3.2304e-07	-1.1657e-09	9.1e-12	2.4508e-10	3.239e-07	-3.2306e-07	-1.03818e-09	1.055e-11	2.3466e-10	3.2384e-07	-3.2294e-07	-8.9581e-10	9.700000000000001e-12	2.2781e-10	3.2362e-07	-3.2294e-07	-7.8045e-10	9.83e-12	2.1449000000000003e-10	3.2356e-07	-3.2218e-07	-6.398800000000001e-10	6.0100000000000004e-12	1.9313e-10	3.233e-07	-3.2294e-07	-4.818400000000001e-10	8.590000000000001e-12	1.7836000000000002e-10	3.2324e-07	-3.2236e-07	-3.3398e-10	7.83e-12	1.3035000000000002e-10	3.2312e-07	-3.229e-07	-1.4637e-10	4.36e-12	8.395e-11	3.229e-07	-3.2284e-07	8.384e-11	7.880000000000001e-12	1.812e-11	3.2348e-07	-3.2344e-07
0.905	-1.473e-09	1.4300000000000002e-11	2.8966e-10	3.2442e-07	-3.2324e-07	-1.3393e-09	1e-11	2.8185e-10	3.2404e-07	-3.23e-07	-1.205e-09	1.075e-11	2.7681e-10	3.2396e-07	-3.23e-07	-1.0725000000000002e-09	7.280000000000001e-12	2.6909e-10	3.2376e-07	-3.2244e-07	-9.4361e-10	7.880000000000001e-12	2.6193000000000005e-10	3.2358e-07	-3.2284e-07	-8.0721e-10	7.65e-12	2.4541000000000003e-10	3.2346e-07	-3.2292e-07	-6.6766e-10	8.66e-12	2.3586e-10	3.2326e-07	-3.2222e-07	-5.1869e-10	8.180000000000003e-12	2.0891e-10	3.2332e-07	-3.2304e-07	-3.4236000000000005e-10	7.4e-12	1.6103e-10	3.2318e-07	-3.2296e-07	-1.5226e-10	6.4800000000000015e-12	9.873e-11	3.2226e-07	-3.2214e-07	7.492000000000001e-11	4.53e-12	8.54e-12	3.2348e-07	-3.2362e-07
0.9	-1.5234e-09	8.14e-12	3.3198000000000003e-10	3.244e-07	-3.232e-07	-1.3791e-09	9.800000000000001e-12	3.3631e-10	3.2408e-07	-3.2306e-07	-1.2479e-09	8.33e-12	3.2674e-10	3.2396e-07	-3.23e-07	-1.11262e-09	1.073e-11	3.2491e-10	3.2378e-07	-3.2294e-07	-9.9083e-10	7.53e-12	3.0316e-10	3.2356e-07	-3.2288e-07	-8.4499e-10	7.4e-12	2.9685e-10	3.234e-07	-3.2294e-07	-7.1084e-10	7.41e-12	2.7569e-10	3.2336e-07	-3.2286e-07	-5.579100000000001e-10	5.58e-12	2.3009000000000003e-10	3.2332e-07	-3.2294e-07	-3.7292e-10	8.86e-12	1.9637e-10	3.2312e-07	-3.2238e-07	-1.6482e-10	5.520000000000001e-12	1.2178000000000002e-10	3.23e-07	-3.2292e-07	8.274e-11	5.13e-12	1.133e-11	3.2342e-07	-3.2372e-07
0.895	-1.5725e-09	1.305e-11	3.9752e-10	3.2442e-07	-3.2318e-07	-1.4388e-09	9.66e-12	3.9631000000000005e-10	3.2414e-07	-3.23e-07	-1.3017e-09	1.077e-11	3.8897000000000005e-10	3.239e-07	-3.2302e-07	-1.1695e-09	9.83e-12	3.7694e-10	3.2378e-07	-3.229e-07	-1.03348e-09	8.780000000000001e-12	3.6272e-10	3.2362e-07	-3.2294e-07	-9.0014e-10	7.2300000000000005e-12	3.4750000000000004e-10	3.2342e-07	-3.2286e-07	-7.6212e-10	6.5300000000000015e-12	3.1229e-10	3.2332e-07	-3.229e-07	-5.871000000000001e-10	6.420000000000001e-12	2.7478e-10	3.2332e-07	-3.2292e-07	-4.1571000000000006e-10	4.960000000000001e-12	2.1964000000000003e-10	3.2312e-07	-3.2294e-07	-1.9348e-10	6.97e-12	1.3902e-10	3.2296e-07	-3.2284e-07	8.704e-11	6.470000000000001e-12	2.169e-11	3.2342e-07	-3.2356e-07
0.89	-1.6449e-09	9.25e-12	4.6917e-10	3.2444e-07	-3.2316e-07	-1.5132e-09	8.12e-12	4.5907000000000005e-10	3.2404e-07	-3.2294e-07	-1.374e-09	6.980000000000001e-12	4.541e-10	3.2386e-07	-3.2302e-07	-1.2369e-09	6.900000000000001e-12	4.4236e-10	3.2372e-07	-3.2296e-07	-1.10441e-09	8.52e-12	4.2884e-10	3.2366e-07	-3.2294e-07	-9.6331e-10	5.170000000000001e-12	3.9573e-10	3.2348e-07	-3.2288e-07	-8.0467e-10	5.29e-12	3.7009e-10	3.2336e-07	-3.2288e-07	-6.365900000000001e-10	7.780000000000001e-12	3.3568e-10	3.2322e-07	-3.2296e-07	-4.4480000000000006e-10	6.790000000000001e-12	2.532e-10	3.2306e-07	-3.2292e-07	-2.1597e-10	1.7500000000000002e-12	1.577e-10	3.2294e-07	-3.2286e-07	7.246e-11	5.69e-12	1.937e-11	3.2348e-07	-3.2354e-07
0.885	-1.7317e-09	8.74e-12	5.427e-10	3.2444e-07	-3.2318e-07	-1.58e-09	6.71e-12	5.3554e-10	3.241e-07	-3.23e-07	-1.453e-09	7.680000000000001e-12	5.2401e-10	3.2386e-07	-3.2296e-07	-1.3198e-09	8e-12	5.139600000000001e-10	3.2374e-07	-3.23e-07	-1.1729e-09	6.590000000000001e-12	5.081e-10	3.236e-07	-3.2296e-07	-1.02264e-09	7.050000000000001e-12	4.7002e-10	3.2348e-07	-3.2296e-07	-8.7027e-10	6.370000000000001e-12	4.4025000000000006e-10	3.2332e-07	-3.2284e-07	-7.0267e-10	4.950000000000001e-12	3.7994e-10	3.2326e-07	-3.2242e-07	-4.875400000000001e-10	6.620000000000001e-12	3.0979e-10	3.2322e-07	-3.2294e-07	-2.3118e-10	7.34e-12	1.8982e-10	3.2288e-07	-3.2288e-07	7.32e-11	2.51e-12	1.3580000000000002e-11	3.2338e-07	-3.2356e-07
0.88	-1.8139e-09	6.91e-12	6.3615e-10	3.2444e-07	-3.2324e-07	-1.6731e-09	1.04e-11	6.348900000000001e-10	3.2406e-07	-3.23e-07	-1.5331e-09	7.55e-12	6.217900000000001e-10	3.2326e-07	-3.2292e-07	-1.4008e-09	6.0600000000000004e-12	6.0373e-10	3.2378e-07	-3.2294e-07	-1.2689e-09	8.22e-12	5.8344e-10	3.2362e-07	-3.2286e-07	-1.10399e-09	6.5800000000000014e-12	5.6252e-10	3.2348e-07	-3.2282e-07	-9.5486e-10	4.02e-12	5.0927e-10	3.234e-07	-3.2284e-07	-7.5913e-10	5.880000000000001e-12	4.4043000000000005e-10	3.2328e-07	-3.2294e-07	-5.4774e-10	5.3000000000000004e-12	3.5955e-10	3.2254e-07	-3.2228e-07	-2.6511000000000003e-10	3.82e-12	2.2431000000000002e-10	3.2274e-07	-3.229e-07	7.916e-11	4.500000000000001e-12	2.635e-11	3.2346e-07	-3.235e-07
0.875	-1.9221e-09	8.87e-12	7.5695e-10	3.2444e-07	-3.2322e-07	-1.7834e-09	5.7e-12	7.4401e-10	3.2352e-07	-3.2242e-07	-1.6507e-09	9.380000000000001e-12	7.3506e-10	3.2394e-07	-3.2298e-07	-1.5038e-09	8.780000000000001e-12	7.1665e-10	3.2372e-07	-3.2296e-07	-1.3605e-09	4.72e-12	6.8266e-10	3.2362e-07	-3.229e-07	-1.2017e-09	5.270000000000001e-12	6.564900000000001e-10	3.2354e-07	-3.2294e-07	-1.03679e-09	4.12e-12	5.9307e-10	3.234e-07	-3.229e-07	-8.3163e-10	4.46e-12	5.2864e-10	3.2322e-07	-3.2288e-07	-6.054700000000001e-10	6.09e-12	4.1123e-10	3.2318e-07	-3.23e-07	-3.1584e-10	5.33e-12	2.5505e-10	3.2288e-07	-3.2296e-07	6.99e-11	5.3100000000000014e-12	3.31e-11	3.2338e-07	-3.2354e-07
0.87	-2.0606e-09	6.3e-12	8.8576e-10	3.2432e-07	-3.2318e-07	-1.9202e-09	8.25e-12	8.6749e-10	3.24e-07	-3.2306e-07	-1.7794e-09	5.14e-12	8.553700000000001e-10	3.2326e-07	-3.2238e-07	-1.6359e-09	3.5000000000000004e-12	8.3591e-10	3.238e-07	-3.2294e-07	-1.4736e-09	7.16e-12	8.101200000000001e-10	3.2356e-07	-3.2294e-07	-1.3246e-09	5.4000000000000004e-12	7.678500000000001e-10	3.235e-07	-3.2296e-07	-1.12995e-09	4.650000000000001e-12	7.0855e-10	3.2278e-07	-3.223e-07	-9.296399999999999e-10	6.130000000000001e-12	6.2055e-10	3.2318e-07	-3.2286e-07	-6.6945e-10	4.23e-12	4.888900000000001e-10	3.2312e-07	-3.229e-07	-3.4987e-10	1.0600000000000001e-12	2.9966000000000003e-10	3.2292e-07	-3.229e-07	6.291e-11	7.600000000000002e-13	2.5120000000000003e-11	3.2344e-07	-3.2348e-07
0.865	-2.2226e-09	7.4e-12	1.03195e-09	3.2436e-07	-3.232e-07	-2.0601e-09	3.680000000000001e-12	1.01748e-09	3.241e-07	-3.2306e-07	-1.9214e-09	6.390000000000001e-12	1.00082e-09	3.2386e-07	-3.2296e-07	-1.7805e-09	5.3000000000000004e-12	9.7617e-10	3.2372e-07	-3.2276e-07	-1.6228e-09	5.59e-12	9.4994e-10	3.2354e-07	-3.2292e-07	-1.4546e-09	2.9300000000000002e-12	8.9299e-10	3.2348e-07	-3.229e-07	-1.2544e-09	6.330000000000001e-12	8.279700000000001e-10	3.2336e-07	-3.2294e-07	-1.03855e-09	1.9200000000000003e-12	7.1363e-10	3.2326e-07	-3.23e-07	-7.602e-10	4.22e-12	5.785900000000001e-10	3.2308e-07	-3.23e-07	-3.9966e-10	6.26e-12	3.5599000000000003e-10	3.2296e-07	-3.229e-07	6.812e-11	3.35e-12	2.9550000000000004e-11	3.2346e-07	-3.2356e-07
0.86	-2.3941e-09	6.270000000000001e-12	1.2123e-09	3.2434e-07	-3.2314e-07	-2.2409e-09	8.43e-12	1.1981e-09	3.2378e-07	-3.2246e-07	-2.0965e-09	6.05e-12	1.178e-09	3.233e-07	-3.2282e-07	-1.9432e-09	2.6100000000000004e-12	1.1456e-09	3.2318e-07	-3.2234e-07	-1.7903e-09	3.65e-12	1.10402e-09	3.2358e-07	-3.2294e-07	-1.6056e-09	5.060000000000001e-12	1.0552e-09	3.2352e-07	-3.2298e-07	-1.4092e-09	3.2900000000000007e-12	9.7473e-10	3.2338e-07	-3.2296e-07	-1.1615e-09	3.1900000000000003e-12	8.564300000000001e-10	3.2328e-07	-3.2296e-07	-8.637e-10	1.3300000000000002e-12	6.6972e-10	3.2316e-07	-3.2294e-07	-4.662700000000001e-10	1.6600000000000002e-12	4.1244e-10	3.2302e-07	-3.2284e-07	6.804e-11	2.52e-12	4.621e-11	3.2352e-07	-3.235e-07
0.855	-2.5968e-09	5.04e-12	1.4228e-09	3.2438e-07	-3.2308e-07	-2.4445e-09	7.54e-12	1.4155e-09	3.2402e-07	-3.2246e-07	-2.2998e-09	8.190000000000001e-12	1.3905e-09	3.234e-07	-3.23e-07	-2.1423e-09	4.82e-12	1.3482e-09	3.2374e-07	-3.2294e-07	-1.9738e-09	5.03e-12	1.2975e-09	3.2366e-07	-3.2286e-07	-1.7944e-09	5.19e-12	1.2403e-09	3.2346e-07	-3.2284e-07	-1.5807e-09	3.48e-12	1.13613e-09	3.2336e-07	-3.2292e-07	-1.3163e-09	4.800000000000001e-12	9.9173e-10	3.232e-07	-3.2294e-07	-9.7172e-10	3.43e-12	7.8545e-10	3.2318e-07	-3.229e-07	-5.347900000000001e-10	3.640000000000001e-12	4.8352e-10	3.2294e-07	-3.2288e-07	5.021000000000001e-11	2.9300000000000002e-12	4.41e-11	3.2348e-07	-3.2354e-07
0.85	-2.8521e-09	5.410000000000001e-12	1.6817e-09	3.2434e-07	-3.2312e-07	-2.703e-09	5.730000000000001e-12	1.6591e-09	3.2392e-07	-3.2308e-07	-2.5502e-09	3.4700000000000004e-12	1.6278e-09	3.2396e-07	-3.2296e-07	-2.3796e-09	6.7700000000000004e-12	1.5921e-09	3.2368e-07	-3.2294e-07	-2.2003e-09	7.52e-12	1.5287e-09	3.229e-07	-3.229e-07	-2.0057e-09	4.52e-12	1.4576e-09	3.235e-07	-3.229e-07	-1.7746e-09	1.13e-12	1.3366e-09	3.2336e-07	-3.2292e-07	-1.477e-09	1.9900000000000002e-12	1.1688e-09	3.2332e-07	-3.2236e-07	-1.10659e-09	2e-12	9.3206e-10	3.2318e-07	-3.2292e-07	-6.0948e-10	1.8700000000000003e-12	5.7238e-10	3.2288e-07	-3.2282e-07	4.5620000000000006e-11	-8.300000000000001e-13	4.4050000000000006e-11	3.234e-07	-3.2348e-07
0.845	-3.1512e-09	3.5200000000000003e-12	1.9716e-09	3.2428e-07	-3.2252e-07	-2.9914e-09	4.950000000000001e-12	1.9435e-09	3.2398e-07	-3.2294e-07	-2.8354e-09	3.87e-12	1.909e-09	3.233e-07	-3.2292e-07	-2.6637e-09	3.35e-12	1.8641e-09	3.2378e-07	-3.2296e-07	-2.4687e-09	2.7300000000000007e-12	1.8035e-09	3.2356e-07	-3.2288e-07	-2.2658e-09	5.500000000000001e-13	1.7016e-09	3.2356e-07	-3.2296e-07	-1.9988e-09	-2.1000000000000001e-13	1.5668e-09	3.2336e-07	-3.228e-07	-1.683e-09	1.17e-12	1.3687e-09	3.2328e-07	-3.2296e-07	-1.2642e-09	1.2900000000000002e-12	1.08708e-09	3.2312e-07	-3.229e-07	-7.1476e-10	3.5700000000000007e-12	6.6916e-10	3.2296e-07	-3.2286e-07	5.1080000000000006e-11	1.0600000000000001e-12	6.059000000000001e-11	3.235e-07	-3.2354e-07
0.84	-3.4966e-09	3.2600000000000002e-12	2.3121e-09	3.2432e-07	-3.2312e-07	-3.328e-09	4.150000000000001e-12	2.2896e-09	3.2408e-07	-3.2306e-07	-3.1579e-09	1.73e-12	2.2463e-09	3.2392e-07	-3.229e-07	-2.9939e-09	3.28e-12	2.1888e-09	3.2376e-07	-3.2302e-07	-2.7954e-09	5.780000000000001e-12	2.1216e-09	3.2362e-07	-3.2292e-07	-2.5562e-09	3.3400000000000007e-12	1.9988e-09	3.2354e-07	-3.2296e-07	-2.2698e-09	5.14e-12	1.8508e-09	3.2276e-07	-3.2296e-07	-1.923e-09	3e-12	1.6194e-09	3.2284e-07	-3.2258e-07	-1.4719e-09	1.86e-12	1.2823e-09	3.2316e-07	-3.2288e-07	-8.3865e-10	-6.1e-13	7.7858e-10	3.2292e-07	-3.229e-07	3.1040000000000003e-11	-1.2500000000000001e-12	6.918e-11	3.2342e-07	-3.2346e-07
0.835	-3.8867e-09	2.9900000000000004e-12	2.7213e-09	3.243e-07	-3.2312e-07	-3.7205e-09	5.460000000000001e-12	2.6907e-09	3.2416e-07	-3.23e-07	-3.5492e-09	5.34e-12	2.6424e-09	3.239e-07	-3.2296e-07	-3.3622e-09	2.23e-12	2.5754e-09	3.2372e-07	-3.2294e-07	-3.1602e-09	7.3e-13	2.4774e-09	3.2368e-07	-3.229e-07	-2.9053e-09	1.55e-12	2.3581e-09	3.236e-07	-3.2296e-07	-2.5996e-09	1.21e-12	2.1703e-09	3.2334e-07	-3.229e-07	-2.2098e-09	2.5e-13	1.8975e-09	3.2332e-07	-3.2304e-07	-1.6807e-09	2.1700000000000002e-12	1.5e-09	3.231e-07	-3.2294e-07	-9.5819e-10	1.9000000000000002e-13	9.175000000000001e-10	3.23e-07	-3.2284e-07	2.058e-11	-2.8400000000000004e-12	6.788e-11	3.234e-07	-3.2348e-07
0.83	-4.3808e-09	5.14e-12	3.2083e-09	3.2432e-07	-3.2312e-07	-4.2014e-09	1.6e-12	3.1573e-09	3.2414e-07	-3.23e-07	-4.0222e-09	1.7600000000000002e-12	3.1054e-09	3.2394e-07	-3.2298e-07	-3.8184999999999996e-09	3.840000000000001e-12	3.0344e-09	3.2368e-07	-3.229e-07	-3.5888e-09	3.680000000000001e-12	2.9221e-09	3.2362e-07	-3.229e-07	-3.327e-09	3.0300000000000002e-12	2.7719e-09	3.2354e-07	-3.229e-07	-2.9854e-09	2.57e-12	2.5432e-09	3.2276e-07	-3.2288e-07	-2.5412e-09	-9.600000000000002e-13	2.2257e-09	3.2332e-07	-3.2298e-07	-1.9464e-09	-2.13e-12	1.7561e-09	3.232e-07	-3.23e-07	-1.11938e-09	1.0000000000000002e-14	1.08165e-09	3.229e-07	-3.2296e-07	1.999e-11	-2.6300000000000007e-12	8.389e-11	3.2344e-07	-3.2348e-07
0.825	-4.9397e-09	6.8e-13	3.7601e-09	3.2438e-07	-3.2316e-07	-4.7519e-09	2.06e-12	3.7073e-09	3.2398e-07	-3.2288e-07	-4.5616e-09	1.26e-12	3.6407e-09	3.2392e-07	-3.2294e-07	-4.3506e-09	4.800000000000001e-13	3.552e-09	3.2368e-07	-3.229e-07	-4.098e-09	7.200000000000002e-13	3.4365e-09	3.2356e-07	-3.2296e-07	-3.8079e-09	-2.75e-12	3.2448e-09	3.2356e-07	-3.2288e-07	-3.4202e-09	4.600000000000002e-13	2.9894e-09	3.2306e-07	-3.2282e-07	-2.9183e-09	1.5700000000000002e-12	2.6122e-09	3.2332e-07	-3.229e-07	-2.2391e-09	-4.600000000000002e-13	2.0659e-09	3.2306e-07	-3.2288e-07	-1.3276e-09	-2.4800000000000003e-12	1.2746e-09	3.23e-07	-3.2282e-07	6.390000000000001e-12	-4.0000000000000006e-14	1.0706e-10	3.2346e-07	-3.2356e-07
0.82	-5.5973e-09	2.41e-12	4.4238e-09	3.2448e-07	-3.2312e-07	-5.3961e-09	2.29e-12	4.3722e-09	3.2404e-07	-3.2302e-07	-5.1978e-09	6.8e-13	4.2895e-09	3.2392e-07	-3.2292e-07	-4.9775e-09	1.5300000000000001e-12	4.179e-09	3.2376e-07	-3.2286e-07	-4.7162e-09	4.7e-13	4.0364e-09	3.236e-07	-3.2294e-07	-4.3744e-09	9.9e-13	3.8263e-09	3.2294e-07	-3.223e-07	-3.9484e-09	2.26e-12	3.5292e-09	3.233e-07	-3.229e-07	-3.3811e-09	-1.6600000000000002e-12	3.0803e-09	3.2334e-07	-3.2298e-07	-2.605e-09	-1.8700000000000003e-12	2.4334e-09	3.2314e-07	-3.2294e-07	-1.5373e-09	-2.1000000000000001e-13	1.4906e-09	3.2288e-07	-3.2284e-07	-2.04e-11	-2.64e-12	1.1941e-10	3.235e-07	-3.236e-07
0.815	-6.3528e-09	2e-13	5.1932e-09	3.244e-07	-3.2314e-07	-6.1636e-09	1.8900000000000002e-12	5.1311e-09	3.2408e-07	-3.2306e-07	-5.9453e-09	1.9e-12	5.0345e-09	3.2384e-07	-3.2298e-07	-5.694e-09	9.5e-13	4.914e-09	3.2374e-07	-3.2298e-07	-5.4113e-09	-2.62e-12	4.7274e-09	3.229e-07	-3.223e-07	-5.0353e-09	-1.07e-12	4.4936e-09	3.2348e-07	-3.2288e-07	-4.5701e-09	-1.5600000000000002e-12	4.1329e-09	3.2336e-07	-3.2294e-07	-3.9252e-09	-2.8900000000000004e-12	3.6155e-09	3.2326e-07	-3.2288e-07	-3.0391e-09	-1.22e-12	2.8483e-09	3.2312e-07	-3.2296e-07	-1.7952e-09	-4.52e-12	1.743e-09	3.2302e-07	-3.229e-07	-3.3880000000000003e-11	-4.21e-12	1.3075e-10	3.2348e-07	-3.2354e-07
0.81	-7.2865e-09	1.5e-12	6.1135e-09	3.2442e-07	-3.2314e-07	-7.0841e-09	-1.8400000000000002e-12	6.0282e-09	3.2408e-07	-3.2308e-07	-6.8416e-09	-1.37e-12	5.9212e-09	3.2392e-07	-3.23e-07	-6.5725e-09	1.5200000000000002e-12	5.7824e-09	3.238e-07	-3.223e-07	-6.2413e-09	-1.3500000000000001e-12	5.5701e-09	3.2366e-07	-3.229e-07	-5.8274e-09	1.04e-12	5.2809e-09	3.2348e-07	-3.229e-07	-5.3033e-09	-3.05e-12	4.8581e-09	3.2264e-07	-3.222e-07	-4.5608e-09	-4.040000000000001e-12	4.2456e-09	3.2328e-07	-3.2288e-07	-3.5304e-09	-5.02e-12	3.3495e-09	3.2314e-07	-3.2296e-07	-2.0904e-09	-3.4900000000000007e-12	2.0618e-09	3.2292e-07	-3.229e-07	-4.9550000000000006e-11	-3.82e-12	1.6502000000000002e-10	3.234e-07	-3.2354e-07
0.805	-8.3513e-09	-3.28e-12	7.1771e-09	3.244e-07	-3.2314e-07	-8.1309e-09	1e-13	7.0783e-09	3.2392e-07	-3.229e-07	-7.8665e-09	-1.3e-13	6.9539e-09	3.239e-07	-3.229e-07	-7.581e-09	-2.2000000000000003e-12	6.7841e-09	3.2376e-07	-3.2288e-07	-7.2118e-09	-2.3200000000000002e-12	6.5488e-09	3.236e-07	-3.2294e-07	-6.7611e-09	-4.18e-12	6.1972e-09	3.2346e-07	-3.2302e-07	-6.1366e-09	-3.65e-12	5.7123e-09	3.226e-07	-3.2218e-07	-5.2892e-09	-2.09e-12	4.9869e-09	3.233e-07	-3.2296e-07	-4.1046e-09	-2.7300000000000007e-12	3.9401e-09	3.225e-07	-3.2232e-07	-2.4565e-09	-5.29e-12	2.4217e-09	3.2298e-07	-3.2292e-07	-7.949e-11	-5.860000000000001e-12	1.9001e-10	3.2348e-07	-3.2362e-07
0.8	-9.5984e-09	2.5e-13	8.4288e-09	3.2382e-07	-3.2322e-07	-9.3538e-09	-2.03e-12	8.3222e-09	3.2404e-07	-3.2306e-07	-9.0713e-09	3.0000000000000005e-14	8.171e-09	3.2392e-07	-3.2294e-07	-8.752e-09	-2.0200000000000007e-12	7.9669e-09	3.2318e-07	-3.2302e-07	-8.3539e-09	-2.9900000000000004e-12	7.6826e-09	3.2368e-07	-3.2294e-07	-7.8303e-09	-1.5400000000000001e-12	7.2867e-09	3.235e-07	-3.229e-07	-7.1208e-09	-4.12e-12	6.7059e-09	3.2336e-07	-3.2282e-07	-6.1583e-09	-3.4500000000000004e-12	5.8609e-09	3.2332e-07	-3.2302e-07	-4.797e-09	-5.860000000000001e-12	4.6269e-09	3.2318e-07	-3.2286e-07	-2.8761e-09	-5.110000000000001e-12	2.8357e-09	3.229e-07	-3.2286e-07	-1.1721e-10	-7.43e-12	2.1179000000000003e-10	3.2338e-07	-3.2346e-07
0.795	-1.10766e-08	-1.9e-12	9.927e-09	3.2432e-07	-3.2312e-07	-1.08366e-08	8.100000000000001e-13	9.8047e-09	3.2406e-07	-3.2304e-07	-1.05312e-08	-1.6200000000000004e-12	9.622e-09	3.2388e-07	-3.226e-07	-1.01627e-08	-4.13e-12	9.3809e-09	3.2366e-07	-3.2294e-07	-9.7087e-09	-4.74e-12	9.0396e-09	3.2362e-07	-3.2294e-07	-9.1191e-09	-4.67e-12	8.5837e-09	3.2352e-07	-3.2284e-07	-8.3269e-09	-4.07e-12	7.8894e-09	3.2344e-07	-3.2264e-07	-7.2006e-09	-6.490000000000001e-12	6.8917e-09	3.233e-07	-3.2294e-07	-5.6332e-09	-4.6000000000000006e-12	5.4399e-09	3.2314e-07	-3.2288e-07	-3.3762e-09	-9.42e-12	3.3266e-09	3.2296e-07	-3.229e-07	-1.4767000000000002e-10	-8.51e-12	2.5564e-10	3.2332e-07	-3.235e-07
0.79	-1.28268e-08	-1.9900000000000002e-12	1.1668599999999998e-08	3.2436e-07	-3.232e-07	-1.25152e-08	-4.610000000000001e-12	1.15009e-08	3.2414e-07	-3.2294e-07	-1.2180599999999998e-08	-1.8900000000000002e-12	1.13016e-08	3.239e-07	-3.2284e-07	-1.1776599999999998e-08	-3.67e-12	1.1007e-08	3.238e-07	-3.23e-07	-1.12723e-08	-2.44e-12	1.06187e-08	3.2366e-07	-3.2298e-07	-1.0626e-08	-4.23e-12	1.00741e-08	3.2344e-07	-3.23e-07	-9.6973e-09	-7.22e-12	9.2625e-09	3.2338e-07	-3.224e-07	-8.3908e-09	-8.21e-12	8.086e-09	3.2328e-07	-3.2292e-07	-6.5584e-09	-8.34e-12	6.3735e-09	3.2308e-07	-3.229e-07	-3.9391e-09	-8.090000000000001e-12	3.9113e-09	3.2294e-07	-3.2276e-07	-1.8533e-10	-8.790000000000003e-12	3.1725e-10	3.234e-07	-3.2354e-07
0.785	-1.4892e-08	-1.9400000000000002e-12	1.37426e-08	3.2432e-07	-3.232e-07	-1.45972e-08	-4.700000000000001e-12	1.35546e-08	3.241e-07	-3.2306e-07	-1.4224599999999998e-08	-3.82e-12	1.33202e-08	3.239e-07	-3.2296e-07	-1.37482e-08	-4.72e-12	1.2977e-08	3.238e-07	-3.2296e-07	-1.3184e-08	-3.4400000000000007e-12	1.2519799999999998e-08	3.236e-07	-3.229e-07	-1.2396599999999998e-08	-6.6300000000000014e-12	1.1881599999999998e-08	3.2288e-07	-3.229e-07	-1.13179e-08	-5.59e-12	1.0899e-08	3.2344e-07	-3.229e-07	-9.8225e-09	-6.5800000000000014e-12	9.5272e-09	3.2268e-07	-3.2296e-07	-7.6899e-09	-7.29e-12	7.5229e-09	3.2306e-07	-3.2288e-07	-4.6286e-09	-9.06e-12	4.6018e-09	3.2308e-07	-3.2224e-07	-2.5075000000000004e-10	-1.2070000000000002e-11	3.4679e-10	3.2336e-07	-3.2348e-07
0.78	-1.73022e-08	-3.8300000000000004e-12	1.61598e-08	3.2378e-07	-3.2296e-07	-1.69522e-08	-3.43e-12	1.59402e-08	3.2348e-07	-3.23e-07	-1.6536999999999998e-08	-5.050000000000001e-12	1.56496e-08	3.2388e-07	-3.23e-07	-1.6024e-08	-8.300000000000001e-12	1.5246199999999997e-08	3.2378e-07	-3.2294e-07	-1.53584e-08	-9.400000000000001e-12	1.4697799999999998e-08	3.2368e-07	-3.2294e-07	-1.44766e-08	-7.91e-12	1.395e-08	3.235e-07	-3.2284e-07	-1.32366e-08	-6.980000000000001e-12	1.2830799999999998e-08	3.2336e-07	-3.229e-07	-1.14964e-08	-9.48e-12	1.11956e-08	3.225e-07	-3.2236e-07	-8.9948e-09	-9.810000000000001e-12	8.8396e-09	3.2312e-07	-3.228e-07	-5.4413e-09	-1.2370000000000002e-11	5.3972e-09	3.2242e-07	-3.224e-07	-3.0137e-10	-1.4390000000000001e-11	4.1174e-10	3.2372e-07	-3.238e-07
0.775	-2.01816e-08	-5.99e-12	1.90356e-08	3.2444e-07	-3.2318e-07	-1.97884e-08	-6.86e-12	1.87656e-08	3.2348e-07	-3.2302e-07	-1.9316e-08	-7.17e-12	1.84378e-08	3.2392e-07	-3.2292e-07	-1.87302e-08	-9.32e-12	1.7955599999999997e-08	3.2376e-07	-3.2292e-07	-1.7957999999999998e-08	-6.92e-12	1.7317599999999998e-08	3.2334e-07	-3.2294e-07	-1.6957599999999997e-08	-8.84e-12	1.6425e-08	3.2346e-07	-3.2294e-07	-1.55148e-08	-9.68e-12	1.5106199999999997e-08	3.2338e-07	-3.223e-07	-1.3487999999999998e-08	-1.13e-11	1.3196e-08	3.232e-07	-3.2298e-07	-1.05785e-08	-1.2260000000000001e-11	1.04091e-08	3.2308e-07	-3.2288e-07	-6.3874e-09	-1.502e-11	6.3516e-09	3.2296e-07	-3.2232e-07	-3.6033e-10	-1.452e-11	4.835500000000001e-10	3.234e-07	-3.2356e-07
0.77	-2.34778e-08	-6.780000000000001e-12	2.23268e-08	3.2432e-07	-3.2318e-07	-2.30594e-08	-5.38e-12	2.2058e-08	3.2406e-07	-3.2304e-07	-2.2527e-08	-7.16e-12	2.16474e-08	3.2386e-07	-3.2294e-07	-2.18622e-08	-1.152e-11	2.10878e-08	3.2376e-07	-3.2296e-07	-2.10002e-08	-9.72e-12	2.03384e-08	3.2356e-07	-3.2294e-07	-1.9827e-08	-1.251e-11	1.92776e-08	3.2342e-07	-3.229e-07	-1.81366e-08	-7.84e-12	1.77372e-08	3.2264e-07	-3.2288e-07	-1.5777999999999997e-08	-1.163e-11	1.5506e-08	3.2324e-07	-3.2296e-07	-1.2396e-08	-1.47e-11	1.22418e-08	3.225e-07	-3.2232e-07	-7.4714e-09	-1.435e-11	7.4565e-09	3.2302e-07	-3.2234e-07	-4.5341e-10	-1.5430000000000002e-11	5.7027e-10	3.2344e-07	-3.2354e-07
0.765	-2.74406e-08	-7.990000000000001e-12	2.62966e-08	3.2442e-07	-3.2318e-07	-2.69552e-08	-8.92e-12	2.5961e-08	3.2408e-07	-3.2294e-07	-2.63778e-08	-7.180000000000001e-12	2.54952e-08	3.2394e-07	-3.2294e-07	-2.56122e-08	-9.71e-12	2.48316e-08	3.2376e-07	-3.2296e-07	-2.4598e-08	-1.039e-11	2.39464e-08	3.2366e-07	-3.229e-07	-2.32224e-08	-1.251e-11	2.27206e-08	3.2348e-07	-3.2288e-07	-2.1295e-08	-1.255e-11	2.08762e-08	3.2332e-07	-3.229e-07	-1.85316e-08	-1.127e-11	1.82662e-08	3.233e-07	-3.2294e-07	-1.45524e-08	-1.448e-11	1.4417399999999998e-08	3.2306e-07	-3.2284e-07	-8.7993e-09	-1.581e-11	8.7774e-09	3.2238e-07	-3.2236e-07	-5.4493e-10	-1.901e-11	6.579700000000001e-10	3.2348e-07	-3.2354e-07
0.76	-3.2048e-08	-9.83e-12	3.0912e-08	3.2426e-07	-3.2312e-07	-3.1524e-08	-7.71e-12	3.05056e-08	3.24e-07	-3.2296e-07	-3.08266e-08	-1.1360000000000002e-11	2.9944e-08	3.2394e-07	-3.2298e-07	-2.9948199999999995e-08	-1.1250000000000002e-11	2.91844e-08	3.2368e-07	-3.229e-07	-2.87896e-08	-1.213e-11	2.81404e-08	3.2298e-07	-3.223e-07	-2.7221e-08	-1.405e-11	2.669e-08	3.2342e-07	-3.2288e-07	-2.49312e-08	-1.177e-11	2.4523e-08	3.2344e-07	-3.2288e-07	-2.17252e-08	-1.5360000000000002e-11	2.14404e-08	3.2318e-07	-3.229e-07	-1.7101e-08	-1.905e-11	1.6946e-08	3.2318e-07	-3.2294e-07	-1.03383e-08	-1.921e-11	1.03135e-08	3.2294e-07	-3.2294e-07	-6.5218e-10	-1.774e-11	7.7798e-10	3.2342e-07	-3.2358e-07
0.755	-3.75654e-08	-1.0640000000000002e-11	3.64228e-08	3.2438e-07	-3.2318e-07	-3.69324e-08	-1.079e-11	3.59444e-08	3.2352e-07	-3.2234e-07	-3.6143e-08	-1.043e-11	3.5281199999999994e-08	3.2388e-07	-3.2294e-07	-3.51452e-08	-1.281e-11	3.4374999999999995e-08	3.2374e-07	-3.2282e-07	-3.37758e-08	-1.412e-11	3.3150599999999995e-08	3.235e-07	-3.2288e-07	-3.19698e-08	-1.6870000000000002e-11	3.14124e-08	3.234e-07	-3.2288e-07	-2.92594e-08	-1.427e-11	2.89164e-08	3.2344e-07	-3.229e-07	-2.55296e-08	-1.655e-11	2.52522e-08	3.2246e-07	-3.2218e-07	-2.01066e-08	-1.905e-11	1.99206e-08	3.2306e-07	-3.2292e-07	-1.2207799999999998e-08	-2.132e-11	1.2205199999999998e-08	3.224e-07	-3.223e-07	-7.9023e-10	-2.096e-11	9.2591e-10	3.2344e-07	-3.2356e-07
0.75	-4.39252e-08	-1.081e-11	4.27818e-08	3.2438e-07	-3.2322e-07	-4.32516e-08	-1.142e-11	4.2227399999999993e-08	3.2408e-07	-3.2304e-07	-4.23422e-08	-1.491e-11	4.14478e-08	3.2386e-07	-3.2298e-07	-4.1138e-08	-1.526e-11	4.03918e-08	3.2368e-07	-3.2296e-07	-3.95822e-08	-1.432e-11	3.8944e-08	3.2366e-07	-3.2288e-07	-3.7438e-08	-1.6200000000000003e-11	3.69362e-08	3.2344e-07	-3.2286e-07	-3.43354e-08	-1.642e-11	3.39286e-08	3.2334e-07	-3.2296e-07	-2.99246e-08	-1.976e-11	2.96586e-08	3.2326e-07	-3.2288e-07	-2.35656e-08	-2.232e-11	2.34176e-08	3.2306e-07	-3.2294e-07	-1.43282e-08	-2.198e-11	1.4332199999999998e-08	3.2294e-07	-3.2296e-07	-9.6447e-10	-2.5210000000000003e-11	1.07918e-09	3.234e-07	-3.236e-07
0.745	-5.15106e-08	-1.31e-11	5.03866e-08	3.2444e-07	-3.2318e-07	-5.07188e-08	-1.46e-11	4.97058e-08	3.2346e-07	-3.2302e-07	-4.97e-08	-1.4830000000000002e-11	4.8845399999999993e-08	3.2396e-07	-3.2294e-07	-4.833199999999999e-08	-1.628e-11	4.75722e-08	3.2374e-07	-3.2288e-07	-4.65194e-08	-1.619e-11	4.58616e-08	3.2364e-07	-3.2234e-07	-4.39624e-08	-1.998e-11	4.3464e-08	3.2336e-07	-3.229e-07	-4.03812e-08	-1.85e-11	3.996e-08	3.2342e-07	-3.2238e-07	-3.52278e-08	-2.056e-11	3.4919199999999994e-08	3.2326e-07	-3.229e-07	-2.77422e-08	-2.1660000000000003e-11	2.75962e-08	3.2308e-07	-3.229e-07	-1.6928799999999998e-08	-2.537e-11	1.6860799999999997e-08	3.2302e-07	-3.229e-07	-1.2367e-09	-2.783e-11	1.2705e-09	3.2342e-07	-3.2344e-07
0.74	-6.03564e-08	-1.424e-11	5.920619999999999e-08	3.241e-07	-3.232e-07	-5.94842e-08	-1.672e-11	5.8495e-08	3.2354e-07	-3.224e-07	-5.824759999999999e-08	-1.792e-11	5.738779999999999e-08	3.2392e-07	-3.226e-07	-5.66668e-08	-1.897e-11	5.58954e-08	3.2312e-07	-3.2236e-07	-5.45406e-08	-1.671e-11	5.39004e-08	3.2302e-07	-3.2288e-07	-5.160219999999999e-08	-1.9460000000000003e-11	5.1065e-08	3.2344e-07	-3.229e-07	-4.73676e-08	-2.083e-11	4.6992e-08	3.2336e-07	-3.2298e-07	-4.13096e-08	-2.495e-11	4.10474e-08	3.2326e-07	-3.2292e-07	-3.2599e-08	-2.635e-11	3.23702e-08	3.232e-07	-3.2288e-07	-1.98298e-08	-2.6250000000000003e-11	1.98328e-08	3.229e-07	-3.229e-07	-1.3599e-09	-2.9510000000000003e-11	1.4914e-09	3.2344e-07	-3.2346e-07
0.735	-7.085339999999999e-08	-1.923e-11	6.97078e-08	3.2438e-07	-3.2318e-07	-6.987679999999999e-08	-1.901e-11	6.884399999999999e-08	3.24e-07	-3.23e-07	-6.845679999999999e-08	-1.86e-11	6.759279999999999e-08	3.2326e-07	-3.2222e-07	-6.66034e-08	-2.185e-11	6.58196e-08	3.2368e-07	-3.2228e-07	-6.41372e-08	-2.073e-11	6.345859999999999e-08	3.2298e-07	-3.2236e-07	-6.06398e-08	-2.365e-11	6.010839999999999e-08	3.229e-07	-3.2272e-07	-5.572659999999999e-08	-2.235e-11	5.529999999999999e-08	3.228e-07	-3.229e-07	-4.8623e-08	-2.635e-11	4.83406e-08	3.2332e-07	-3.2292e-07	-3.829719999999999e-08	-2.792e-11	3.81826e-08	3.2258e-07	-3.2232e-07	-2.336e-08	-3.242e-11	2.34276e-08	3.2296e-07	-3.2288e-07	-1.6051e-09	-3.3010000000000004e-11	1.7406e-09	3.2338e-07	-3.2348e-07
0.73	-8.30908e-08	-1.959e-11	8.194359999999999e-08	3.2384e-07	-3.2262e-07	-8.19308e-08	-2.0660000000000003e-11	8.089699999999999e-08	3.2338e-07	-3.224e-07	-8.028299999999999e-08	-2.2e-11	7.939699999999998e-08	3.2384e-07	-3.229e-07	-7.811519999999998e-08	-2.133e-11	7.73762e-08	3.2372e-07	-3.229e-07	-7.5238e-08	-2.185e-11	7.45916e-08	3.2366e-07	-3.229e-07	-7.11818e-08	-2.314e-11	7.070639999999999e-08	3.2354e-07	-3.229e-07	-6.53766e-08	-2.6540000000000003e-11	6.496779999999999e-08	3.2304e-07	-3.2236e-07	-5.70916e-08	-2.969e-11	5.678739999999999e-08	3.232e-07	-3.2294e-07	-4.49782e-08	-2.824e-11	4.4879e-08	3.2256e-07	-3.2292e-07	-2.75212e-08	-3.263e-11	2.74572e-08	3.2296e-07	-3.2294e-07	-1.9262e-09	-3.5380000000000005e-11	2.0747e-09	3.2344e-07	-3.2344e-07
0.725	-9.77144e-08	-2.426e-11	9.659619999999998e-08	3.2438e-07	-3.232e-07	-9.62684e-08	-2.2720000000000003e-11	9.52482e-08	3.241e-07	-3.2304e-07	-9.447099999999999e-08	-2.338e-11	9.35618e-08	3.239e-07	-3.229e-07	-9.188219999999999e-08	-2.6580000000000003e-11	9.1123e-08	3.2378e-07	-3.2296e-07	-8.8522e-08	-2.518e-11	8.78462e-08	3.2306e-07	-3.2284e-07	-8.37864e-08	-2.949e-11	8.32454e-08	3.2346e-07	-3.2284e-07	-7.694219999999999e-08	-2.744e-11	7.659619999999999e-08	3.2346e-07	-3.2294e-07	-6.71768e-08	-3.04e-11	6.69152e-08	3.233e-07	-3.2292e-07	-5.296979999999999e-08	-3.3700000000000004e-11	5.27898e-08	3.2312e-07	-3.2284e-07	-3.23384e-08	-3.8370000000000006e-11	3.2348e-08	3.2294e-07	-3.2284e-07	-2.2814e-09	-4.025e-11	2.4138e-09	3.2352e-07	-3.2356e-07
0.72	-1.1468719999999998e-07	-2.389e-11	1.13571e-07	3.2384e-07	-3.2264e-07	-1.130786e-07	-2.559e-11	1.12054e-07	3.2368e-07	-3.2302e-07	-1.1086259999999998e-07	-2.814e-11	1.0995140000000001e-07	3.2392e-07	-3.23e-07	-1.078638e-07	-2.593e-11	1.071102e-07	3.2374e-07	-3.2286e-07	-1.038886e-07	-2.905e-11	1.0328520000000001e-07	3.2358e-07	-3.2256e-07	-9.83524e-08	-2.841e-11	9.785379999999999e-08	3.2348e-07	-3.2296e-07	-9.039919999999999e-08	-3.19e-11	8.99752e-08	3.2332e-07	-3.2284e-07	-7.88396e-08	-3.314e-11	7.851459999999999e-08	3.2332e-07	-3.2296e-07	-6.220079999999999e-08	-3.438e-11	6.2103e-08	3.2308e-07	-3.2294e-07	-3.80354e-08	-4.003e-11	3.81158e-08	3.229e-07	-3.2282e-07	-2.7013e-09	-4.275e-11	2.8834e-09	3.2342e-07	-3.2356e-07
0.715	-1.3482e-07	-2.764e-11	1.3386e-07	3.2442e-07	-3.2316e-07	-1.33e-07	-2.673e-11	1.3198e-07	3.2406e-07	-3.2294e-07	-1.3034e-07	-2.6580000000000003e-11	1.2948e-07	3.2386e-07	-3.2294e-07	-1.269e-07	-3.121e-11	1.2628e-07	3.2316e-07	-3.2288e-07	-1.2224e-07	-2.863e-11	1.2166e-07	3.2362e-07	-3.2296e-07	-1.1566e-07	-3.423e-11	1.1524e-07	3.2344e-07	-3.229e-07	-1.064442e-07	-3.361e-11	1.060508e-07	3.2344e-07	-3.2288e-07	-9.27598e-08	-3.715e-11	9.25452e-08	3.233e-07	-3.2294e-07	-7.32754e-08	-4.031e-11	7.30522e-08	3.2316e-07	-3.2286e-07	-4.48904e-08	-4.3800000000000006e-11	4.47918e-08	3.2294e-07	-3.2282e-07	-3.1982e-09	-4.523e-11	3.3837e-09	3.2346e-07	-3.2356e-07
0.71	-1.5826e-07	-2.905e-11	1.5714e-07	3.245e-07	-3.232e-07	-1.5602e-07	-3.158e-11	1.552e-07	3.24e-07	-3.2296e-07	-1.531e-07	-3.423e-11	1.5222e-07	3.2336e-07	-3.227e-07	-1.491e-07	-3.133e-11	1.4836e-07	3.231e-07	-3.2232e-07	-1.436e-07	-3.3890000000000005e-11	1.4298e-07	3.2358e-07	-3.2282e-07	-1.3598e-07	-3.5020000000000005e-11	1.3536e-07	3.2338e-07	-3.2294e-07	-1.2492e-07	-3.846e-11	1.2454e-07	3.2336e-07	-3.2282e-07	-1.090706e-07	-4.035e-11	1.089062e-07	3.2324e-07	-3.2294e-07	-8.605779999999999e-08	-4.16e-11	8.58888e-08	3.2306e-07	-3.228e-07	-5.253779999999999e-08	-4.59e-11	5.2654e-08	3.2294e-07	-3.2286e-07	-3.7667e-09	-4.873e-11	3.9403e-09	3.235e-07	-3.235e-07
0.705	-1.8624e-07	-3.475e-11	1.8532e-07	3.2438e-07	-3.2314e-07	-1.8394e-07	-3.471e-11	1.8272e-07	3.241e-07	-3.2298e-07	-1.8028e-07	-3.288e-11	1.7936e-07	3.2398e-07	-3.23e-07	-1.7548e-07	-3.984e-11	1.7488e-07	3.2376e-07	-3.229e-07	-1.6924e-07	-3.63e-11	1.6842e-07	3.236e-07	-3.226e-07	-1.6032e-07	-4.009e-11	1.5966e-07	3.234e-07	-3.2284e-07	-1.4698e-07	-3.9210000000000006e-11	1.4696e-07	3.2338e-07	-3.2282e-07	-1.2846e-07	-4.3870000000000006e-11	1.2822e-07	3.2324e-07	-3.229e-07	-1.0127619999999998e-07	-4.5910000000000006e-11	1.0123000000000001e-07	3.2306e-07	-3.2292e-07	-6.203659999999999e-08	-4.902e-11	6.2022e-08	3.229e-07	-3.2228e-07	-4.4677e-09	-5.5260000000000005e-11	4.612e-09	3.235e-07	-3.235e-07
0.7	-2.1906e-07	-3.4470000000000005e-11	2.1774e-07	3.2436e-07	-3.2324e-07	-2.1606e-07	-3.671e-11	2.1502e-07	3.236e-07	-3.2236e-07	-2.1196e-07	-3.9e-11	2.1086e-07	3.2382e-07	-3.2296e-07	-2.0612e-07	-3.738e-11	2.0554e-07	3.2382e-07	-3.2298e-07	-1.9874e-07	-4.0990000000000005e-11	1.9772e-07	3.2358e-07	-3.229e-07	-1.8814e-07	-4.224e-11	1.8756e-07	3.2296e-07	-3.223e-07	-1.7306e-07	-4.3910000000000007e-11	1.7256e-07	3.2332e-07	-3.2294e-07	-1.5128e-07	-4.5800000000000006e-11	1.5078e-07	3.2326e-07	-3.2292e-07	-1.19e-07	-5.099e-11	1.1896e-07	3.231e-07	-3.2284e-07	-7.2939e-08	-5.6030000000000006e-11	7.28858e-08	3.2296e-07	-3.2282e-07	-5.2383e-09	-5.821e-11	5.4086e-09	3.2338e-07	-3.2354e-07
0.695	-2.5762e-07	-4.0950000000000005e-11	2.5656e-07	3.239e-07	-3.2258e-07	-2.5434e-07	-4.1650000000000006e-11	2.5344e-07	3.2398e-07	-3.2294e-07	-2.493e-07	-4.2270000000000006e-11	2.484e-07	3.239e-07	-3.2296e-07	-2.426e-07	-4.393e-11	2.4194e-07	3.2308e-07	-3.2266e-07	-2.3404e-07	-4.582e-11	2.3364e-07	3.2362e-07	-3.2292e-07	-2.2148e-07	-4.615e-11	2.2074e-07	3.2342e-07	-3.2284e-07	-2.0352e-07	-4.745e-11	2.0286e-07	3.2338e-07	-3.2294e-07	-1.7788e-07	-5.0270000000000005e-11	1.7722e-07	3.226e-07	-3.2294e-07	-1.4028e-07	-5.265000000000001e-11	1.4008e-07	3.2306e-07	-3.2284e-07	-8.57948e-08	-5.7370000000000005e-11	8.5899e-08	3.2302e-07	-3.2288e-07	-6.1908e-09	-6.317e-11	6.3638e-09	3.2342e-07	-3.2346e-07
0.69	-3.0274e-07	-3.871e-11	3.0158e-07	3.238e-07	-3.2254e-07	-2.9864e-07	-3.977e-11	2.9766e-07	3.2346e-07	-3.23e-07	-2.9308e-07	-4.465e-11	2.9206e-07	3.239e-07	-3.2296e-07	-2.8518e-07	-4.4890000000000006e-11	2.8436e-07	3.238e-07	-3.2296e-07	-2.7508e-07	-4.821e-11	2.7478e-07	3.2306e-07	-3.2236e-07	-2.599e-07	-4.909e-11	2.5956e-07	3.2348e-07	-3.229e-07	-2.3912e-07	-5.2420000000000005e-11	2.387e-07	3.2338e-07	-3.2286e-07	-2.0906e-07	-5.6250000000000006e-11	2.0886e-07	3.233e-07	-3.2294e-07	-1.6484e-07	-5.886e-11	1.6486e-07	3.2316e-07	-3.2288e-07	-1.0084180000000001e-07	-6.436000000000001e-11	1.007972e-07	3.2294e-07	-3.229e-07	-7.2324e-09	-6.496e-11	7.4679e-09	3.2338e-07	-3.235e-07
0.685	-3.5592e-07	-4.9330000000000006e-11	3.5442e-07	3.2446e-07	-3.232e-07	-3.507e-07	-4.7580000000000005e-11	3.497e-07	3.2408e-07	-3.2298e-07	-3.445e-07	-5.085e-11	3.432e-07	3.2384e-07	-3.2234e-07	-3.3544e-07	-5.0200000000000005e-11	3.3474e-07	3.2376e-07	-3.2218e-07	-3.2334e-07	-5.423e-11	3.2284e-07	3.2362e-07	-3.2292e-07	-3.0572e-07	-5.43e-11	3.0522e-07	3.2346e-07	-3.2294e-07	-2.81e-07	-5.4540000000000006e-11	2.8098e-07	3.2328e-07	-3.2294e-07	-2.4528e-07	-5.872e-11	2.4514e-07	3.2322e-07	-3.229e-07	-1.9304e-07	-6.159e-11	1.9366e-07	3.2308e-07	-3.2288e-07	-1.182e-07	-6.691e-11	1.1824e-07	3.2234e-07	-3.2284e-07	-8.5637e-09	-7.137000000000001e-11	8.6866e-09	3.2348e-07	-3.2348e-07
0.68	-4.1924e-07	-4.9590000000000007e-11	4.1842e-07	3.2436e-07	-3.2314e-07	-4.1314e-07	-5.048e-11	4.1232e-07	3.2402e-07	-3.2302e-07	-4.0558e-07	-4.95e-11	4.0466e-07	3.2392e-07	-3.229e-07	-3.9502e-07	-5.469000000000001e-11	3.942e-07	3.238e-07	-3.2288e-07	-3.8006e-07	-5.4860000000000005e-11	3.8006e-07	3.231e-07	-3.2236e-07	-3.5988e-07	-5.6720000000000005e-11	3.5986e-07	3.234e-07	-3.2288e-07	-3.3126e-07	-6.304000000000001e-11	3.3098e-07	3.233e-07	-3.2282e-07	-2.887e-07	-6.552000000000001e-11	2.886e-07	3.232e-07	-3.2294e-07	-2.2802e-07	-6.649000000000001e-11	2.281e-07	3.2242e-07	-3.2214e-07	-1.3956e-07	-7.13e-11	1.3916e-07	3.23e-07	-3.2268e-07	-9.9625e-09	-7.622000000000001e-11	1.02505e-08	3.2336e-07	-3.2342e-07
0.675	-4.9226e-07	-5.6210000000000005e-11	4.9152e-07	3.2438e-07	-3.2318e-07	-4.852e-07	-5.4350000000000005e-11	4.8464e-07	3.2404e-07	-3.2302e-07	-4.7638e-07	-5.841000000000001e-11	4.757e-07	3.2386e-07	-3.2298e-07	-4.6382e-07	-5.547e-11	4.634e-07	3.2378e-07	-3.229e-07	-4.4712e-07	-6.087e-11	4.4704e-07	3.237e-07	-3.2294e-07	-4.2294e-07	-6.292e-11	4.2232e-07	3.227e-07	-3.2216e-07	-3.8922e-07	-6.488e-11	3.8834e-07	3.2336e-07	-3.2276e-07	-3.4004e-07	-6.703e-11	3.3972e-07	3.2324e-07	-3.2286e-07	-2.6788e-07	-7.355e-11	2.6772e-07	3.2318e-07	-3.2284e-07	-1.6432e-07	-7.464e-11	1.6376e-07	3.2296e-07	-3.2294e-07	-1.13113e-08	-8.051e-11	1.34224e-08	3.2344e-07	-3.2356e-07
0.67	-5.7964e-07	-5.896000000000001e-11	5.7906e-07	3.2438e-07	-3.2318e-07	-5.7214e-07	-6.019e-11	5.7066e-07	3.2404e-07	-3.2242e-07	-5.6128e-07	-6.045000000000001e-11	5.6058e-07	3.2396e-07	-3.23e-07	-5.4668e-07	-6.449e-11	5.4636e-07	3.238e-07	-3.2282e-07	-5.267e-07	-6.573e-11	5.2576e-07	3.2366e-07	-3.229e-07	-4.987e-07	-6.579e-11	4.9762e-07	3.2342e-07	-3.2286e-07	-4.5862e-07	-7.308e-11	4.58e-07	3.233e-07	-3.2284e-07	-4.0108e-07	-7.271e-11	4.0032e-07	3.2318e-07	-3.2286e-07	-3.153e-07	-7.425e-11	3.1554e-07	3.231e-07	-3.2284e-07	-1.9332e-07	-8.237000000000001e-11	1.9292e-07	3.23e-07	-3.2296e-07	-1.51998e-08	-8.554000000000001e-11	1.50574e-08	3.2338e-07	-3.235e-07
0.665	-6.8184e-07	-6.244e-11	6.8032e-07	3.2438e-07	-3.2278e-07	-6.723e-07	-6.301000000000001e-11	6.7102e-07	3.2396e-07	-3.2296e-07	-6.5988e-07	-6.728e-11	6.5926e-07	3.2386e-07	-3.23e-07	-6.4234e-07	-6.6e-11	6.4248e-07	3.2312e-07	-3.2234e-07	-6.1906e-07	-6.92e-11	6.184e-07	3.2366e-07	-3.2224e-07	-5.8536e-07	-7.196e-11	5.8536e-07	3.2342e-07	-3.229e-07	-5.3866e-07	-7.559e-11	5.3846e-07	3.2332e-07	-3.2282e-07	-4.7096e-07	-7.870000000000001e-11	4.6958e-07	3.2326e-07	-3.2228e-07	-3.7106e-07	-8.394000000000001e-11	3.7094e-07	3.2306e-07	-3.2282e-07	-2.2712e-07	-8.661000000000001e-11	2.2698e-07	3.2302e-07	-3.2294e-07	-1.7418799999999998e-08	-9.451e-11	1.73892e-08	3.2342e-07	-3.2358e-07
0.66	-8.0284e-07	-6.929e-11	8.0162e-07	3.2414e-07	-3.2266e-07	-7.9198e-07	-7.071000000000001e-11	7.9114e-07	3.2408e-07	-3.2294e-07	-7.770999999999999e-07	-7.161000000000001e-11	7.760799999999999e-07	3.2392e-07	-3.2292e-07	-7.5716e-07	-7.233000000000001e-11	7.5682e-07	3.2374e-07	-3.2298e-07	-7.295e-07	-7.563e-11	7.2814e-07	3.2368e-07	-3.2298e-07	-6.8964e-07	-7.958000000000001e-11	6.8986e-07	3.2348e-07	-3.2286e-07	-6.3462e-07	-7.957e-11	6.3424e-07	3.233e-07	-3.229e-07	-5.5452e-07	-8.358000000000001e-11	5.5438e-07	3.2328e-07	-3.2294e-07	-4.3722e-07	-8.564e-11	4.365e-07	3.2308e-07	-3.229e-07	-2.6758e-07	-9.563e-11	2.6782e-07	3.2288e-07	-3.229e-07	-2.0574e-08	-9.908e-11	2.0735e-08	3.2372e-07	-3.2374e-07
0.655	-9.4434e-07	-7.329e-11	9.4274e-07	3.2436e-07	-3.232e-07	-9.3194e-07	-7.493e-11	9.2938e-07	3.2402e-07	-3.2294e-07	-9.1344e-07	-7.692e-11	9.1224e-07	3.2356e-07	-3.223e-07	-8.893e-07	-7.784000000000001e-11	8.8916e-07	3.2374e-07	-3.2288e-07	-8.5646e-07	-8.038000000000001e-11	8.5652e-07	3.2358e-07	-3.229e-07	-8.1228e-07	-8.151000000000001e-11	8.1106e-07	3.2286e-07	-3.2234e-07	-7.4636e-07	-8.641e-11	7.4514e-07	3.233e-07	-3.2294e-07	-6.5238e-07	-9.119e-11	6.5178e-07	3.2326e-07	-3.229e-07	-5.1368e-07	-9.711e-11	5.1296e-07	3.2312e-07	-3.2288e-07	-3.14e-07	-9.822e-11	3.135e-07	3.228e-07	-3.2214e-07	-2.40984e-08	-1.0513e-10	2.43478e-08	3.234e-07	-3.2344e-07
0.65	-1.11188e-06	-8.017e-11	1.11166e-06	3.2438e-07	-3.2314e-07	-1.09714e-06	-8.107000000000001e-11	1.09552e-06	3.2386e-07	-3.23e-07	-1.07688e-06	-7.879e-11	1.07688e-06	3.2384e-07	-3.2294e-07	-1.04784e-06	-8.198000000000001e-11	1.04756e-06	3.2374e-07	-3.2294e-07	-1.01068e-06	-8.587000000000001e-11	1.00888e-06	3.2358e-07	-3.2292e-07	-9.551e-07	-9.213000000000001e-11	9.5432e-07	3.2346e-07	-3.2288e-07	-8.768199999999999e-07	-8.961e-11	8.7838e-07	3.233e-07	-3.2294e-07	-7.6798e-07	-9.667e-11	7.6762e-07	3.2264e-07	-3.223e-07	-6.0446e-07	-9.849e-11	6.0436e-07	3.2308e-07	-3.229e-07	-3.6886e-07	-1.071e-10	3.6998e-07	3.2294e-07	-3.229e-07	-2.83762e-08	-1.1358e-10	2.86176e-08	3.2348e-07	-3.2352e-07
0.645	-1.3036e-06	-8.289000000000001e-11	1.3039e-06	3.244e-07	-3.2318e-07	-1.2852000000000002e-06	-8.53e-11	1.2853000000000002e-06	3.2404e-07	-3.23e-07	-1.2619000000000001e-06	-8.622e-11	1.2609e-06	3.2382e-07	-3.2296e-07	-1.2289000000000002e-06	-8.79e-11	1.23e-06	3.2364e-07	-3.2292e-07	-1.1830000000000002e-06	-9.086e-11	1.1834000000000002e-06	3.2366e-07	-3.229e-07	-1.12444e-06	-9.286e-11	1.12452e-06	3.2344e-07	-3.2286e-07	-1.03194e-06	-1.0124e-10	1.03126e-06	3.227e-07	-3.2232e-07	-9.0188e-07	-1.008e-10	9.0222e-07	3.2326e-07	-3.229e-07	-7.1104e-07	-1.0927e-10	7.1044e-07	3.2306e-07	-3.229e-07	-4.3554e-07	-1.1361e-10	4.35e-07	3.2296e-07	-3.2284e-07	-3.38318e-08	-1.1821e-10	3.42266e-08	3.2342e-07	-3.2354e-07
0.64	-1.5352e-06	-9.116e-11	1.5360000000000002e-06	3.2442e-07	-3.232e-07	-1.5155e-06	-9.217e-11	1.5163000000000002e-06	3.241e-07	-3.2294e-07	-1.4862e-06	-9.297e-11	1.4871e-06	3.2382e-07	-3.2294e-07	-1.4477e-06	-9.674e-11	1.4479000000000001e-06	3.2378e-07	-3.229e-07	-1.3939e-06	-9.849e-11	1.3942e-06	3.236e-07	-3.2294e-07	-1.3174e-06	-1.0082e-10	1.3211000000000001e-06	3.2342e-07	-3.2288e-07	-1.2126e-06	-1.0571e-10	1.2134e-06	3.2272e-07	-3.2228e-07	-1.06092e-06	-1.1091e-10	1.06138e-06	3.2324e-07	-3.2292e-07	-8.3644e-07	-1.1477e-10	8.3636e-07	3.2234e-07	-3.2216e-07	-5.114e-07	-1.2243e-10	5.1128e-07	3.2294e-07	-3.2284e-07	-3.94016e-08	-1.298e-10	4.0073e-08	3.234e-07	-3.2352e-07
0.635	-1.8055e-06	-9.649e-11	1.8057e-06	3.2384e-07	-3.2276e-07	-1.7803e-06	-1.0024e-10	1.7809000000000002e-06	3.2398e-07	-3.2306e-07	-1.7462e-06	-1.0365e-10	1.7480000000000005e-06	3.2392e-07	-3.23e-07	-1.7001000000000005e-06	-1.0493999999999999e-10	1.7008e-06	3.2374e-07	-3.2284e-07	-1.6372000000000002e-06	-1.066e-10	1.6382000000000005e-06	3.23e-07	-3.223e-07	-1.5506000000000002e-06	-1.0844e-10	1.5519e-06	3.2342e-07	-3.2288e-07	-1.4216e-06	-1.1526e-10	1.4256000000000002e-06	3.2338e-07	-3.2294e-07	-1.2419e-06	-1.1596999999999999e-10	1.2461e-06	3.2324e-07	-3.229e-07	-9.8418e-07	-1.2304000000000002e-10	9.8298e-07	3.2312e-07	-3.229e-07	-6.0096e-07	-1.2899e-10	6.0088e-07	3.2236e-07	-3.223e-07	-4.65728e-08	-1.3619000000000002e-10	4.60928e-08	3.2348e-07	-3.2352e-07
0.63	-2.1273000000000004e-06	-1.0558e-10	2.1288000000000003e-06	3.2432e-07	-3.2324e-07	-2.0984e-06	-1.0564e-10	2.0984e-06	3.2402e-07	-3.2294e-07	-2.0593000000000003e-06	-1.0646e-10	2.0582e-06	3.239e-07	-3.2296e-07	-2.003e-06	-1.0829e-10	2.0045e-06	3.2376e-07	-3.2296e-07	-1.9293000000000003e-06	-1.1391e-10	1.9296e-06	3.236e-07	-3.2286e-07	-1.8276e-06	-1.1566e-10	1.8277e-06	3.2284e-07	-3.2224e-07	-1.6771000000000002e-06	-1.1880000000000002e-10	1.6795000000000002e-06	3.2338e-07	-3.2298e-07	-1.4606e-06	-1.2382000000000002e-10	1.4671e-06	3.2262e-07	-3.2246e-07	-1.1525000000000002e-06	-1.3382e-10	1.1542e-06	3.2306e-07	-3.2296e-07	-7.0798e-07	-1.3668e-10	7.0794e-07	3.2296e-07	-3.2288e-07	-5.447699999999999e-08	-1.474e-10	5.47748e-08	3.2348e-07	-3.236e-07
0.625	-2.5016000000000003e-06	-1.102e-10	2.5007e-06	3.2432e-07	-3.2312e-07	-2.4657000000000004e-06	-1.1384e-10	2.4649000000000003e-06	3.241e-07	-3.2304e-07	-2.4198e-06	-1.1660000000000002e-10	2.4206e-06	3.2336e-07	-3.2242e-07	-2.3542000000000003e-06	-1.1867000000000002e-10	2.3553e-06	3.2374e-07	-3.2288e-07	-2.2667000000000003e-06	-1.208e-10	2.2700000000000003e-06	3.2362e-07	-3.224e-07	-2.1481e-06	-1.2461000000000002e-10	2.1491000000000003e-06	3.234e-07	-3.2288e-07	-1.9712000000000003e-06	-1.2811e-10	1.9720000000000003e-06	3.2336e-07	-3.2294e-07	-1.7197000000000002e-06	-1.3203e-10	1.7228000000000005e-06	3.2316e-07	-3.2276e-07	-1.3547e-06	-1.388e-10	1.3561000000000002e-06	3.231e-07	-3.2288e-07	-8.309799999999999e-07	-1.4512e-10	8.312599999999999e-07	3.2296e-07	-3.2288e-07	-6.49718e-08	-1.5463e-10	6.45366e-08	3.235e-07	-3.2352e-07
0.62	-2.9475e-06	-1.2055e-10	2.9473e-06	3.2428e-07	-3.2312e-07	-2.9028000000000004e-06	-1.2048e-10	2.9046e-06	3.2408e-07	-3.2296e-07	-2.8514000000000003e-06	-1.2106000000000002e-10	2.8524000000000004e-06	3.239e-07	-3.2294e-07	-2.7729e-06	-1.265e-10	2.775e-06	3.2384e-07	-3.2296e-07	-2.6739000000000004e-06	-1.2743000000000002e-10	2.673e-06	3.2302e-07	-3.2292e-07	-2.5268e-06	-1.3072000000000001e-10	2.5285000000000004e-06	3.2352e-07	-3.2288e-07	-2.3205e-06	-1.3589e-10	2.3225e-06	3.2342e-07	-3.2286e-07	-2.0196e-06	-1.4396e-10	2.0278000000000003e-06	3.2318e-07	-3.2288e-07	-1.5941e-06	-1.452e-10	1.5952000000000002e-06	3.2306e-07	-3.2282e-07	-9.7932e-07	-1.5585e-10	9.765e-07	3.2304e-07	-3.2286e-07	-7.685539999999999e-08	-1.6478000000000002e-10	7.68036e-08	3.2352e-07	-3.2378e-07
0.615	-3.4672000000000004e-06	-1.2506e-10	3.4638e-06	3.2432e-07	-3.2318e-07	-3.4143000000000005e-06	-1.2849e-10	3.4136e-06	3.2346e-07	-3.228e-07	-3.3488000000000004e-06	-1.3022000000000002e-10	3.3490000000000005e-06	3.2396e-07	-3.2298e-07	-3.2606e-06	-1.326e-10	3.2605000000000004e-06	3.238e-07	-3.2296e-07	-3.1407000000000003e-06	-1.3729e-10	3.1422e-06	3.2362e-07	-3.229e-07	-2.9706000000000004e-06	-1.4419000000000002e-10	2.9717000000000003e-06	3.2342e-07	-3.2282e-07	-2.7265e-06	-1.4552e-10	2.7270000000000003e-06	3.233e-07	-3.2288e-07	-2.3770000000000003e-06	-1.4990000000000002e-10	2.3816e-06	3.233e-07	-3.2286e-07	-1.8731e-06	-1.5598e-10	1.8735e-06	3.2308e-07	-3.2292e-07	-1.14774e-06	-1.6145000000000002e-10	1.14872e-06	3.2292e-07	-3.2282e-07	-8.92948e-08	-1.7253000000000002e-10	9.02924e-08	3.2342e-07	-3.2354e-07
0.61	-4.081100000000001e-06	-1.3989000000000002e-10	4.080400000000001e-06	3.2438e-07	-3.2312e-07	-4.019000000000001e-06	-1.4019e-10	4.0221e-06	3.2402e-07	-3.2288e-07	-3.9435e-06	-1.3987e-10	3.9466000000000005e-06	3.239e-07	-3.224e-07	-3.840100000000001e-06	-1.4348e-10	3.8408000000000006e-06	3.2366e-07	-3.223e-07	-3.696300000000001e-06	-1.4763e-10	3.6939e-06	3.2364e-07	-3.2216e-07	-3.4937000000000005e-06	-1.4889000000000002e-10	3.4972e-06	3.2346e-07	-3.2262e-07	-3.204e-06	-1.5448000000000002e-10	3.2087000000000003e-06	3.2338e-07	-3.2288e-07	-2.8018000000000004e-06	-1.6032000000000002e-10	2.8023000000000003e-06	3.227e-07	-3.2276e-07	-2.2061000000000004e-06	-1.6705e-10	2.201e-06	3.2308e-07	-3.2288e-07	-1.3474000000000002e-06	-1.7182e-10	1.3437000000000002e-06	3.23e-07	-3.2292e-07	-1.0677319999999998e-07	-1.8270000000000003e-10	1.080444e-07	3.2344e-07	-3.2354e-07
0.605	-4.7891e-06	-1.4399e-10	4.791200000000001e-06	3.2436e-07	-3.2318e-07	-4.7223000000000005e-06	-1.4535000000000002e-10	4.7245e-06	3.2406e-07	-3.2294e-07	-4.6319000000000005e-06	-1.4771e-10	4.634000000000001e-06	3.233e-07	-3.2296e-07	-4.5117e-06	-1.5181000000000002e-10	4.509600000000001e-06	3.2368e-07	-3.2292e-07	-4.3412e-06	-1.5442000000000002e-10	4.3449000000000005e-06	3.2314e-07	-3.2292e-07	-4.097400000000001e-06	-1.6066000000000002e-10	4.105900000000001e-06	3.2344e-07	-3.2274e-07	-3.7644e-06	-1.6726000000000003e-10	3.762200000000001e-06	3.2332e-07	-3.229e-07	-3.2897000000000005e-06	-1.6970000000000002e-10	3.2913e-06	3.2324e-07	-3.223e-07	-2.5873e-06	-1.7387000000000002e-10	2.5879e-06	3.2306e-07	-3.2292e-07	-1.5771e-06	-1.828e-10	1.5769e-06	3.2296e-07	-3.2284e-07	-1.172448e-07	-1.9463e-10	1.1758e-07	3.2348e-07	-3.2352e-07
0.6	-5.6423e-06	-1.5562e-10	5.647300000000001e-06	3.2434e-07	-3.2316e-07	-5.563400000000001e-06	-1.5656e-10	5.5616e-06	3.2344e-07	-3.2232e-07	-5.4542e-06	-1.5888000000000002e-10	5.4555000000000005e-06	3.2392e-07	-3.2292e-07	-5.3094e-06	-1.6088000000000002e-10	5.308100000000001e-06	3.2378e-07	-3.23e-07	-5.116000000000001e-06	-1.6559000000000002e-10	5.1115e-06	3.2332e-07	-3.2294e-07	-4.826000000000001e-06	-1.6883000000000003e-10	4.8320000000000005e-06	3.2336e-07	-3.2288e-07	-4.429600000000001e-06	-1.7419000000000002e-10	4.4316e-06	3.2336e-07	-3.2298e-07	-3.8693e-06	-1.8075e-10	3.8689e-06	3.2326e-07	-3.2294e-07	-3.0413000000000004e-06	-1.8941e-10	3.0429e-06	3.2252e-07	-3.2234e-07	-1.8502e-06	-1.9919e-10	1.8501e-06	3.2298e-07	-3.2294e-07	-1.4458e-07	-2.0481e-10	1.4708e-07	3.2344e-07	-3.236e-07
0.595	-6.629e-06	-1.6545e-10	6.624500000000001e-06	3.2438e-07	-3.2254e-07	-6.530000000000001e-06	-1.6574e-10	6.5378e-06	3.2404e-07	-3.2298e-07	-6.401600000000001e-06	-1.7102000000000002e-10	6.401600000000001e-06	3.2396e-07	-3.2304e-07	-6.229000000000001e-06	-1.7240000000000002e-10	6.230100000000001e-06	3.2368e-07	-3.2294e-07	-5.991800000000001e-06	-1.7563000000000002e-10	5.997500000000001e-06	3.2306e-07	-3.2294e-07	-5.668900000000001e-06	-1.797e-10	5.671200000000001e-06	3.2348e-07	-3.2288e-07	-5.2016e-06	-1.8458e-10	5.204900000000001e-06	3.2328e-07	-3.2294e-07	-4.5414e-06	-1.8812e-10	4.5287e-06	3.2328e-07	-3.2294e-07	-3.5682000000000004e-06	-1.9821e-10	3.5700000000000005e-06	3.2316e-07	-3.229e-07	-2.168e-06	-2.0523e-10	2.1755e-06	3.2296e-07	-3.2292e-07	-1.7354e-07	-2.1713e-10	1.7224e-07	3.235e-07	-3.2354e-07
0.59	-7.797500000000001e-06	-1.7231000000000002e-10	7.800700000000001e-06	3.2428e-07	-3.2314e-07	-7.6875e-06	-1.7728e-10	7.682300000000001e-06	3.24e-07	-3.2296e-07	-7.5327e-06	-1.7976e-10	7.5393e-06	3.2392e-07	-3.2296e-07	-7.333100000000001e-06	-1.8692e-10	7.3286e-06	3.2372e-07	-3.2288e-07	-7.049400000000001e-06	-1.8704e-10	7.056400000000001e-06	3.2356e-07	-3.2288e-07	-6.669400000000001e-06	-1.8926000000000003e-10	6.6661e-06	3.2344e-07	-3.2286e-07	-6.108400000000001e-06	-1.9672e-10	6.111200000000001e-06	3.2332e-07	-3.2294e-07	-5.322800000000001e-06	-2.0374e-10	5.3236e-06	3.226e-07	-3.2236e-07	-4.189300000000001e-06	-2.0932e-10	4.1922e-06	3.2312e-07	-3.2292e-07	-2.5462000000000003e-06	-2.2063e-10	2.5482000000000004e-06	3.2306e-07	-3.2288e-07	-1.9126e-07	-2.3073e-10	1.9294e-07	3.2342e-07	-3.2348e-07
0.585	-9.1476e-06	-1.8799e-10	9.1589e-06	3.2428e-07	-3.2318e-07	-9.011100000000001e-06	-1.8612000000000003e-10	9.0126e-06	3.2406e-07	-3.2296e-07	-8.839600000000001e-06	-1.896e-10	8.839100000000001e-06	3.2398e-07	-3.23e-07	-8.594100000000001e-06	-1.9569e-10	8.597800000000001e-06	3.238e-07	-3.224e-07	-8.267400000000002e-06	-1.9831e-10	8.2677e-06	3.2368e-07	-3.2294e-07	-7.8166e-06	-2.0521e-10	7.8157e-06	3.2346e-07	-3.2286e-07	-7.161400000000001e-06	-2.061e-10	7.1621e-06	3.2332e-07	-3.2292e-07	-6.240500000000001e-06	-2.1365e-10	6.2384e-06	3.232e-07	-3.2286e-07	-4.9123e-06	-2.216e-10	4.9131e-06	3.2312e-07	-3.2298e-07	-2.9872000000000004e-06	-2.3157e-10	2.9948e-06	3.2294e-07	-3.229e-07	-2.2546e-07	-2.4189000000000003e-10	2.3056e-07	3.2354e-07	-3.2352e-07
0.58	-1.07526e-05	-1.9751e-10	1.07592e-05	3.2432e-07	-3.2318e-07	-1.0589900000000002e-05	-2.0279e-10	1.05944e-05	3.2404e-07	-3.2304e-07	-1.0383e-05	-2.0436e-10	1.04001e-05	3.2396e-07	-3.23e-07	-1.01158e-05	-2.0761e-10	1.00991e-05	3.2378e-07	-3.2286e-07	-9.7129e-06	-2.1337e-10	9.7223e-06	3.2368e-07	-3.2286e-07	-9.1789e-06	-2.14e-10	9.1761e-06	3.235e-07	-3.229e-07	-8.410800000000001e-06	-2.2121e-10	8.4166e-06	3.2282e-07	-3.2228e-07	-7.339300000000001e-06	-2.2663e-10	7.338500000000001e-06	3.232e-07	-3.2288e-07	-5.763200000000001e-06	-2.3611e-10	5.764e-06	3.2246e-07	-3.2284e-07	-3.4955e-06	-2.4491000000000004e-10	3.4905000000000003e-06	3.2242e-07	-3.2234e-07	-2.727e-07	-2.5922e-10	2.715e-07	3.2342e-07	-3.2354e-07
0.575	-1.2612e-05	-2.0781e-10	1.2606e-05	3.2432e-07	-3.2308e-07	-1.242e-05	-2.1266e-10	1.2416e-05	3.2406e-07	-3.2294e-07	-1.2206e-05	-2.1636e-10	1.219e-05	3.239e-07	-3.2302e-07	-1.1854e-05	-2.1672000000000003e-10	1.186e-05	3.2378e-07	-3.2274e-07	-1.1388000000000002e-05	-2.2201e-10	1.13821e-05	3.2358e-07	-3.229e-07	-1.07519e-05	-2.2951e-10	1.07524e-05	3.2348e-07	-3.229e-07	-9.8566e-06	-2.3309e-10	9.8531e-06	3.2276e-07	-3.2288e-07	-8.583900000000001e-06	-2.3997e-10	8.5908e-06	3.2328e-07	-3.2294e-07	-6.738100000000001e-06	-2.4859e-10	6.737400000000001e-06	3.2312e-07	-3.2288e-07	-4.0979e-06	-2.5692000000000003e-10	4.0971e-06	3.2296e-07	-3.2288e-07	-3.0856e-07	-2.7023e-10	3.0814e-07	3.2342e-07	-3.2356e-07
0.57	-1.4796e-05	-2.2357e-10	1.4798e-05	3.2386e-07	-3.2312e-07	-1.457e-05	-2.2613000000000002e-10	1.4594e-05	3.2354e-07	-3.2292e-07	-1.4304e-05	-2.3006000000000003e-10	1.4318e-05	3.2398e-07	-3.2292e-07	-1.3924e-05	-2.3184e-10	1.3934e-05	3.232e-07	-3.2296e-07	-1.337e-05	-2.3631000000000003e-10	1.3378e-05	3.236e-07	-3.2296e-07	-1.261e-05	-2.4203000000000004e-10	1.2628e-05	3.2342e-07	-3.2292e-07	-1.1568e-05	-2.4709e-10	1.1562e-05	3.2334e-07	-3.2286e-07	-1.00713e-05	-2.5399e-10	1.00693e-05	3.227e-07	-3.223e-07	-7.901800000000001e-06	-2.6579e-10	7.898600000000001e-06	3.231e-07	-3.2282e-07	-4.773800000000001e-06	-2.7470000000000004e-10	4.7968e-06	3.2296e-07	-3.229e-07	-3.5522e-07	-2.8816e-10	3.5812e-07	3.2342e-07	-3.2354e-07
0.565	-1.7328e-05	-2.3576e-10	1.7338e-05	3.2434e-07	-3.232e-07	-1.7064e-05	-2.3702e-10	1.7068e-05	3.2412e-07	-3.2302e-07	-1.6764e-05	-2.4297000000000004e-10	1.6764e-05	3.2392e-07	-3.2296e-07	-1.6272e-05	-2.4814000000000003e-10	1.629e-05	3.2374e-07	-3.2296e-07	-1.5622e-05	-2.4902000000000004e-10	1.5638000000000002e-05	3.2366e-07	-3.2292e-07	-1.4768e-05	-2.5612000000000004e-10	1.478e-05	3.2344e-07	-3.2284e-07	-1.352e-05	-2.6292e-10	1.3524e-05	3.2338e-07	-3.2284e-07	-1.1756e-05	-2.6891e-10	1.1756e-05	3.2322e-07	-3.2232e-07	-9.2288e-06	-2.8119000000000004e-10	9.2312e-06	3.2306e-07	-3.2284e-07	-5.580800000000001e-06	-2.886e-10	5.5914e-06	3.229e-07	-3.2286e-07	-4.2764e-07	-3.0165000000000004e-10	4.2746e-07	3.2344e-07	-3.2356e-07
0.56	-2.0326e-05	-2.5273e-10	2.035e-05	3.244e-07	-3.2318e-07	-1.9994e-05	-2.5337e-10	2.0002e-05	3.2406e-07	-3.2306e-07	-1.9598e-05	-2.5692000000000003e-10	1.9636e-05	3.2386e-07	-3.2294e-07	-1.9092e-05	-2.606e-10	1.9104e-05	3.2308e-07	-3.2222e-07	-1.832e-05	-2.6470000000000003e-10	1.8328e-05	3.2356e-07	-3.229e-07	-1.7288e-05	-2.7055e-10	1.7312e-05	3.2344e-07	-3.2288e-07	-1.5836000000000002e-05	-2.7585000000000003e-10	1.5844e-05	3.2336e-07	-3.2286e-07	-1.3758e-05	-2.8477000000000004e-10	1.3768e-05	3.227e-07	-3.2232e-07	-1.0786900000000002e-05	-2.9440000000000004e-10	1.07843e-05	3.2308e-07	-3.2292e-07	-6.5216e-06	-3.0602000000000005e-10	6.524400000000001e-06	3.23e-07	-3.2294e-07	-4.9166e-07	-3.1944000000000004e-10	4.8974e-07	3.2342e-07	-3.235e-07
0.555	-2.3768e-05	-2.6334000000000004e-10	2.3754e-05	3.241e-07	-3.2318e-07	-2.3354e-05	-2.6874000000000005e-10	2.3372e-05	3.2402e-07	-3.2302e-07	-2.2924e-05	-2.7207e-10	2.2936e-05	3.2386e-07	-3.2232e-07	-2.2266e-05	-2.7531e-10	2.2296e-05	3.2378e-07	-3.2292e-07	-2.1398e-05	-2.7992e-10	2.1388e-05	3.2356e-07	-3.2292e-07	-2.0202e-05	-2.8598000000000003e-10	2.02e-05	3.2344e-07	-3.2282e-07	-1.8476e-05	-2.9471e-10	1.848e-05	3.2334e-07	-3.229e-07	-1.6078e-05	-3.0047000000000005e-10	1.6062e-05	3.232e-07	-3.223e-07	-1.2582e-05	-3.1182e-10	1.2576e-05	3.231e-07	-3.2288e-07	-7.576e-06	-3.2166e-10	7.6075e-06	3.2246e-07	-3.2228e-07	-5.724e-07	-3.3681000000000005e-10	5.6846e-07	3.2346e-07	-3.2356e-07
0.55	-2.781e-05	-2.8256e-10	2.7824e-05	3.2438e-07	-3.2314e-07	-2.7348e-05	-2.8588e-10	2.739e-05	3.2418e-07	-3.2308e-07	-2.6826e-05	-2.8473e-10	2.6808e-05	3.239e-07	-3.229e-07	-2.6042e-05	-2.9151e-10	2.6082e-05	3.238e-07	-3.2294e-07	-2.5030000000000003e-05	-2.9534000000000004e-10	2.5064e-05	3.2358e-07	-3.2292e-07	-2.3626e-05	-3.0337e-10	2.3598e-05	3.2322e-07	-3.2246e-07	-2.16e-05	-3.1034000000000004e-10	2.1582e-05	3.2342e-07	-3.2294e-07	-1.8742e-05	-3.1977e-10	1.8714e-05	3.232e-07	-3.2292e-07	-1.461e-05	-3.2901000000000004e-10	1.4652e-05	3.2306e-07	-3.2284e-07	-8.827400000000001e-06	-3.4158e-10	8.854e-06	3.23e-07	-3.2288e-07	-6.5108e-07	-3.5824000000000005e-10	6.5516e-07	3.2362e-07	-3.2352e-07
0.545	-3.2434e-05	-2.9589e-10	3.2460000000000004e-05	3.2438e-07	-3.2314e-07	-3.1964e-05	-3.0321000000000003e-10	3.1922000000000004e-05	3.241e-07	-3.2298e-07	-3.1254e-05	-3.0482000000000004e-10	3.1242000000000003e-05	3.2392e-07	-3.2296e-07	-3.0376e-05	-3.0834000000000004e-10	3.0414e-05	3.2378e-07	-3.2294e-07	-2.9174e-05	-3.1616e-10	2.917e-05	3.2302e-07	-3.2232e-07	-2.7534e-05	-3.2068e-10	2.7526e-05	3.2344e-07	-3.2294e-07	-2.5136e-05	-3.2707000000000004e-10	2.5142e-05	3.2332e-07	-3.2292e-07	-2.1804e-05	-3.3565e-10	2.1798e-05	3.2324e-07	-3.2286e-07	-1.702e-05	-3.5104e-10	1.7042e-05	3.2306e-07	-3.2284e-07	-1.0248400000000002e-05	-3.5974000000000004e-10	1.02694e-05	3.2294e-07	-3.2284e-07	-7.5838e-07	-3.7408e-10	7.6118e-07	3.2344e-07	-3.235e-07
0.54	-3.7902e-05	-3.1533000000000004e-10	3.7928e-05	3.2432e-07	-3.2266e-07	-3.7332e-05	-3.1779000000000005e-10	3.7262e-05	3.2402e-07	-3.2302e-07	-3.6524000000000005e-05	-3.2020000000000004e-10	3.652e-05	3.2336e-07	-3.2294e-07	-3.5446e-05	-3.3023e-10	3.5472e-05	3.238e-07	-3.2296e-07	-3.402e-05	-3.3059000000000004e-10	3.4066e-05	3.2362e-07	-3.2294e-07	-3.2046000000000005e-05	-3.3707e-10	3.2088e-05	3.2348e-07	-3.2294e-07	-2.9274e-05	-3.4667e-10	2.931e-05	3.2336e-07	-3.2288e-07	-2.5378e-05	-3.5582e-10	2.5348e-05	3.2318e-07	-3.2286e-07	-1.9792e-05	-3.6673e-10	1.98e-05	3.2302e-07	-3.2284e-07	-1.1908e-05	-3.7874e-10	1.1912e-05	3.2296e-07	-3.229e-07	-8.6548e-07	-3.9959e-10	8.7498e-07	3.2336e-07	-3.235e-07
0.535	-4.4106e-05	-3.3177000000000003e-10	4.4106e-05	3.2432e-07	-3.232e-07	-4.343e-05	-3.3715e-10	4.3398e-05	3.2408e-07	-3.2296e-07	-4.2506e-05	-3.4177e-10	4.2514e-05	3.2394e-07	-3.23e-07	-4.1234e-05	-3.4422000000000003e-10	4.1216e-05	3.2312e-07	-3.2252e-07	-3.9596e-05	-3.5373000000000003e-10	3.958e-05	3.2368e-07	-3.2292e-07	-3.7238e-05	-3.5880000000000004e-10	3.7234e-05	3.2342e-07	-3.2294e-07	-3.4004e-05	-3.6485e-10	3.4006e-05	3.2336e-07	-3.2292e-07	-2.9428e-05	-3.7507e-10	2.942e-05	3.232e-07	-3.2292e-07	-2.2926e-05	-3.8546e-10	2.294e-05	3.2316e-07	-3.2298e-07	-1.375e-05	-4.0269e-10	1.374e-05	3.23e-07	-3.229e-07	-9.9142e-07	-4.1703000000000006e-10	1.00056e-06	3.235e-07	-3.2342e-07
0.53	-5.1332e-05	-3.5462e-10	5.1326e-05	3.2424e-07	-3.2302e-07	-5.054800000000001e-05	-3.5727e-10	5.051400000000001e-05	3.241e-07	-3.2248e-07	-4.9484e-05	-3.6121e-10	4.9448000000000005e-05	3.2436e-07	-3.234e-07	-4.8004e-05	-3.6724e-10	4.7992e-05	3.238e-07	-3.2296e-07	-4.602e-05	-3.7215000000000005e-10	4.6032e-05	3.2362e-07	-3.228e-07	-4.3284e-05	-3.7634e-10	4.3302e-05	3.2346e-07	-3.2288e-07	-3.9454e-05	-3.8515e-10	3.9458e-05	3.2266e-07	-3.2232e-07	-3.412e-05	-3.9648e-10	3.4132000000000005e-05	3.2264e-07	-3.2222e-07	-2.6532e-05	-4.0861000000000005e-10	2.6564e-05	3.231e-07	-3.2298e-07	-1.5914e-05	-4.2220000000000005e-10	1.5888e-05	3.2292e-07	-3.2284e-07	-1.13522e-06	-4.42e-10	1.14568e-06	3.2346e-07	-3.2348e-07
0.525	-5.9576e-05	-3.7205e-10	5.9598e-05	3.2438e-07	-3.2312e-07	-5.8568e-05	-3.7696e-10	5.867e-05	3.2404e-07	-3.2298e-07	-5.7364e-05	-3.8121e-10	5.7344000000000005e-05	3.2334e-07	-3.229e-07	-5.567e-05	-3.8583000000000005e-10	5.5642e-05	3.2384e-07	-3.2296e-07	-5.3298e-05	-3.9112e-10	5.3314000000000005e-05	3.2356e-07	-3.228e-07	-5.0134000000000005e-05	-4.0089000000000005e-10	5.014e-05	3.2344e-07	-3.229e-07	-4.5612e-05	-4.0827e-10	4.5624e-05	3.233e-07	-3.2288e-07	-3.9342e-05	-4.2013e-10	3.9412e-05	3.232e-07	-3.2282e-07	-3.0618000000000004e-05	-4.3011e-10	3.0642e-05	3.2308e-07	-3.2286e-07	-1.8276e-05	-4.4729e-10	1.8274e-05	3.2302e-07	-3.2296e-07	-1.3373e-06	-4.6393e-10	1.3025000000000002e-06	3.2342e-07	-3.2338e-07
0.52	-6.9158e-05	-3.9505000000000005e-10	6.9156e-05	3.2428e-07	-3.231e-07	-6.795e-05	-3.9791e-10	6.801000000000001e-05	3.2344e-07	-3.2246e-07	-6.652000000000001e-05	-4.0347000000000006e-10	6.656e-05	3.2342e-07	-3.2236e-07	-6.451800000000001e-05	-4.0713e-10	6.449e-05	3.2378e-07	-3.2244e-07	-6.1794e-05	-4.1480000000000006e-10	6.1818e-05	3.23e-07	-3.2232e-07	-5.8034e-05	-4.2057e-10	5.796e-05	3.2344e-07	-3.2288e-07	-5.2848e-05	-4.2905e-10	5.2788e-05	3.2332e-07	-3.2282e-07	-4.5502e-05	-4.3895e-10	4.5506e-05	3.2316e-07	-3.229e-07	-3.5302e-05	-4.5485e-10	3.5266000000000004e-05	3.225e-07	-3.2286e-07	-2.1e-05	-4.6861e-10	2.1002e-05	3.2296e-07	-3.2288e-07	-1.5172e-06	-4.896e-10	1.5115e-06	3.2332e-07	-3.2342e-07
0.515	-7.9844e-05	-4.1723e-10	7.9904e-05	3.2432e-07	-3.231e-07	-7.8504e-05	-4.2035000000000005e-10	7.8466e-05	3.241e-07	-3.23e-07	-7.6824e-05	-4.2459e-10	7.68e-05	3.2386e-07	-3.2294e-07	-7.451e-05	-4.3013e-10	7.4454e-05	3.2336e-07	-3.23e-07	-7.1216e-05	-4.3399e-10	7.1242e-05	3.236e-07	-3.2294e-07	-6.6838e-05	-4.4449e-10	6.6862e-05	3.2272e-07	-3.2228e-07	-6.0818e-05	-4.5542e-10	6.076e-05	3.2266e-07	-3.2214e-07	-5.231e-05	-4.6423000000000006e-10	5.2312e-05	3.2318e-07	-3.2282e-07	-4.0466e-05	-4.796600000000001e-10	4.0484e-05	3.2314e-07	-3.2284e-07	-2.4028e-05	-4.9383e-10	2.4048e-05	3.2296e-07	-3.2292e-07	-1.7303000000000002e-06	-5.142400000000001e-10	1.7192000000000002e-06	3.2338e-07	-3.2344e-07
0.51	-9.2388e-05	-4.3755000000000006e-10	9.2328e-05	3.2436e-07	-3.2312e-07	-9.0718e-05	-4.4011e-10	9.0752e-05	3.2402e-07	-3.2296e-07	-8.864e-05	-4.4886e-10	8.8736e-05	3.2392e-07	-3.2238e-07	-8.6012e-05	-4.5169e-10	8.6018e-05	3.2378e-07	-3.23e-07	-8.2202e-05	-4.6154e-10	8.2304e-05	3.236e-07	-3.2292e-07	-7.7038e-05	-4.686200000000001e-10	7.7012e-05	3.2344e-07	-3.2294e-07	-7.0004e-05	-4.7694e-10	6.9958e-05	3.234e-07	-3.2282e-07	-6.0034e-05	-4.8922e-10	6.005e-05	3.232e-07	-3.2284e-07	-4.6368e-05	-5.041e-10	4.6362e-05	3.2312e-07	-3.2292e-07	-2.7526e-05	-5.1915e-10	2.7468e-05	3.2302e-07	-3.2294e-07	-1.9819e-06	-5.3906e-10	1.9478e-06	3.2364e-07	-3.2366e-07
0.505	-0.000106302	-4.6364e-10	0.000106218	3.2426e-07	-3.2308e-07	-0.000104376	-4.679800000000001e-10	0.000104314	3.24e-07	-3.23e-07	-0.000101964	-4.7129e-10	0.00010206	3.2392e-07	-3.23e-07	-9.8752e-05	-4.807800000000001e-10	9.886e-05	3.2316e-07	-3.229e-07	-9.4432e-05	-4.8433e-10	9.442e-05	3.236e-07	-3.2292e-07	-8.8406e-05	-4.9178e-10	8.841e-05	3.2342e-07	-3.2294e-07	-8.0116e-05	-5.015000000000001e-10	8.0122e-05	3.2332e-07	-3.2292e-07	-6.8664e-05	-5.144300000000001e-10	6.867800000000001e-05	3.2318e-07	-3.2284e-07	-5.289e-05	-5.3152e-10	5.2958e-05	3.231e-07	-3.229e-07	-3.1258e-05	-5.4778e-10	3.1228e-05	3.224e-07	-3.223e-07	-2.1733e-06	-5.652000000000001e-10	2.1744000000000003e-06	3.2346e-07	-3.2348e-07
0.5	-0.00012202	-4.9013e-10	0.00012214	3.2434e-07	-3.2312e-07	-0.00011982	-4.9283e-10	0.00012	3.2404e-07	-3.23e-07	-0.00011704	-4.9929e-10	0.00011716	3.2398e-07	-3.2296e-07	-0.000113402	-5.0289e-10	0.000113466	3.2368e-07	-3.2294e-07	-0.000108374	-5.1262e-10	0.000108318	3.2376e-07	-3.2296e-07	-0.000101246	-5.211200000000001e-10	0.000101302	3.2336e-07	-3.2298e-07	-9.1706e-05	-5.2902e-10	9.169e-05	3.2336e-07	-3.229e-07	-7.841e-05	-5.4356e-10	7.839400000000002e-05	3.2324e-07	-3.2288e-07	-6.0276e-05	-5.5408e-10	6.0292000000000005e-05	3.2308e-07	-3.2286e-07	-3.5508e-05	-5.724100000000001e-10	3.5502e-05	3.2302e-07	-3.229e-07	-2.4915e-06	-5.9366e-10	2.5412000000000003e-06	3.2348e-07	-3.2354e-07
0.495	-0.00013968	-5.1398e-10	0.0001399	3.2432e-07	-3.2314e-07	-0.0001371	-5.1738e-10	0.00013736	3.2404e-07	-3.2296e-07	-0.00013388	-5.2213e-10	0.00013418	3.2392e-07	-3.23e-07	-0.0001295	-5.2911e-10	0.00012964	3.2378e-07	-3.2296e-07	-0.00012356	-5.351900000000001e-10	0.0001238	3.2374e-07	-3.2306e-07	-0.00011532	-5.4792e-10	0.0001155	3.2342e-07	-3.2284e-07	-0.000104492	-5.5713e-10	0.000104446	3.2326e-07	-3.223e-07	-8.9162e-05	-5.680100000000001e-10	8.9082e-05	3.2326e-07	-3.2286e-07	-6.836e-05	-5.8512e-10	6.8324e-05	3.2306e-07	-3.2286e-07	-4.0074e-05	-6.019500000000001e-10	4.0146e-05	3.2296e-07	-3.2292e-07	-2.7801000000000003e-06	-6.214900000000001e-10	2.8049000000000005e-06	3.2352e-07	-3.2362e-07
0.49	-0.00015996	-5.429500000000001e-10	0.00016022	3.2426e-07	-3.2312e-07	-0.00015686	-5.463600000000001e-10	0.00015724	3.24e-07	-3.23e-07	-0.00015308	-5.5042e-10	0.0001533	3.2394e-07	-3.227e-07	-0.0001479	-5.569900000000001e-10	0.00014826	3.2378e-07	-3.2288e-07	-0.00014088	-5.6383e-10	0.00014124	3.2296e-07	-3.2224e-07	-0.00013152	-5.741e-10	0.0001317	3.2348e-07	-3.2282e-07	-0.0001186	-5.846300000000001e-10	0.00011874	3.2336e-07	-3.2294e-07	-0.000101216	-6.0011e-10	0.000101244	3.2332e-07	-3.2294e-07	-7.7308e-05	-6.138800000000001e-10	7.7316e-05	3.2306e-07	-3.2288e-07	-4.5234e-05	-6.311e-10	4.5308e-05	3.2298e-07	-3.229e-07	-3.1002000000000004e-06	-6.534400000000001e-10	3.0727e-06	3.235e-07	-3.2362e-07
0.485	-0.00018228	-5.6745e-10	0.00018248	3.238e-07	-3.2258e-07	-0.0001788	-5.724900000000001e-10	0.00017888	3.2402e-07	-3.2296e-07	-0.0001742	-5.768800000000001e-10	0.00017436	3.2312e-07	-3.2222e-07	-0.00016814	-5.832300000000001e-10	0.00016844	3.2384e-07	-3.2292e-07	-0.00016016	-5.9129e-10	0.00016028	3.2366e-07	-3.2296e-07	-0.00014918	-6.0487e-10	0.00014934	3.2292e-07	-3.2242e-07	-0.00013414	-6.1506e-10	0.00013432	3.2332e-07	-3.2294e-07	-0.000114186	-6.259100000000001e-10	0.000114212	3.2324e-07	-3.2296e-07	-8.7102e-05	-6.439200000000001e-10	8.7064e-05	3.2302e-07	-3.229e-07	-5.0772e-05	-6.623600000000001e-10	5.0748e-05	3.2294e-07	-3.2296e-07	-3.4390000000000004e-06	-6.864800000000001e-10	3.4536000000000003e-06	3.234e-07	-3.236e-07
0.48	-0.00020734	-6.006700000000001e-10	0.00020762	3.2432e-07	-3.2316e-07	-0.0002033	-6.053600000000001e-10	0.00020358	3.2406e-07	-3.2296e-07	-0.00019802	-6.102900000000001e-10	0.00019828	3.2386e-07	-3.2296e-07	-0.00019098	-6.1214e-10	0.00019124	3.2378e-07	-3.229e-07	-0.00018168	-6.2231e-10	0.00018184	3.236e-07	-3.2296e-07	-0.00016882	-6.3322e-10	0.00016904	3.2362e-07	-3.2298e-07	-0.00015166	-6.4497e-10	0.0001518	3.2334e-07	-3.2292e-07	-0.00012848	-6.603000000000001e-10	0.0001286	3.2268e-07	-3.225e-07	-9.7762e-05	-6.772700000000001e-10	9.7868e-05	3.2308e-07	-3.2286e-07	-5.688e-05	-6.947600000000001e-10	5.6866e-05	3.2248e-07	-3.2236e-07	-3.8156e-06	-7.150800000000001e-10	3.8581e-06	3.2346e-07	-3.2354e-07
0.475	-0.00023496	-6.2271e-10	0.00023518	3.2432e-07	-3.2316e-07	-0.00023018	-6.2917e-10	0.00023034	3.2402e-07	-3.2298e-07	-0.00022424	-6.368e-10	0.00022422	3.2386e-07	-3.2296e-07	-0.00021586	-6.4255e-10	0.00021624	3.2364e-07	-3.229e-07	-0.00020488	-6.508500000000001e-10	0.00020514	3.236e-07	-3.229e-07	-0.00019036	-6.6368e-10	0.00019038	3.2352e-07	-3.23e-07	-0.00017066	-6.7641e-10	0.00017068	3.233e-07	-3.2282e-07	-0.0001441	-6.909500000000001e-10	0.00014426	3.2326e-07	-3.229e-07	-0.000109288	-7.035100000000001e-10	0.00010937	3.2308e-07	-3.2288e-07	-6.3304e-05	-7.2797e-10	6.3332e-05	3.2302e-07	-3.23e-07	-4.255700000000001e-06	-7.5043e-10	4.220200000000001e-06	3.235e-07	-3.2354e-07
0.47	-0.00026588	-6.589500000000001e-10	0.00026594	3.2428e-07	-3.2304e-07	-0.00025996	-6.629000000000001e-10	0.00026032	3.2414e-07	-3.2306e-07	-0.00025316	-6.668800000000001e-10	0.00025342	3.2394e-07	-3.23e-07	-0.00024364	-6.7145e-10	0.00024378	3.237e-07	-3.2294e-07	-0.00023106	-6.833900000000001e-10	0.0002313	3.2308e-07	-3.2298e-07	-0.00021406	-6.9467e-10	0.00021422	3.235e-07	-3.23e-07	-0.00019142	-7.0565e-10	0.00019158	3.2342e-07	-3.2288e-07	-0.0001613	-7.1997e-10	0.00016156	3.232e-07	-3.2284e-07	-0.00012162	-7.3846e-10	0.00012184	3.2312e-07	-3.229e-07	-7.0386e-05	-7.616900000000001e-10	7.032e-05	3.2296e-07	-3.2282e-07	-4.623100000000001e-06	-7.8264e-10	4.701100000000001e-06	3.2342e-07	-3.2348e-07
0.465	-0.00029902	-6.901200000000001e-10	0.00029934	3.2434e-07	-3.2316e-07	-0.00029258	-6.928300000000001e-10	0.00029294	3.2402e-07	-3.2228e-07	-0.00028466	-7.0013e-10	0.00028476	3.2392e-07	-3.23e-07	-0.00027342	-7.0794e-10	0.00027372	3.2376e-07	-3.2302e-07	-0.00025914	-7.1715e-10	0.00025916	3.2364e-07	-3.2294e-07	-0.00023948	-7.2782e-10	0.00023962	3.2346e-07	-3.2302e-07	-0.00021362	-7.3963e-10	0.00021396	3.2332e-07	-3.2294e-07	-0.00017978	-7.5478e-10	0.0001798	3.2324e-07	-3.2288e-07	-0.00013506	-7.7445e-10	0.00013496	3.2306e-07	-3.229e-07	-7.770200000000001e-05	-7.950800000000001e-10	7.7768e-05	3.2296e-07	-3.2292e-07	-5.155000000000001e-06	-8.1668e-10	5.2274e-06	3.2346e-07	-3.2356e-07
0.46	-0.00033616	-7.1892e-10	0.00033644	3.2436e-07	-3.2312e-07	-0.00032868	-7.2236e-10	0.00032882	3.2402e-07	-3.229e-07	-0.00031938	-7.2908e-10	0.00031942	3.2392e-07	-3.2298e-07	-0.0003064	-7.3718e-10	0.00030692	3.2302e-07	-3.2222e-07	-0.00028988	-7.491e-10	0.0002902	3.2368e-07	-3.229e-07	-0.00026766	-7.5989e-10	0.00026774	3.2342e-07	-3.229e-07	-0.00023802	-7.7522e-10	0.00023836	3.2336e-07	-3.23e-07	-0.00019948	-7.9228e-10	0.00019958	3.232e-07	-3.2288e-07	-0.00014936	-8.0611e-10	0.0001496	3.23e-07	-3.2228e-07	-8.5704e-05	-8.2827e-10	8.5698e-05	3.2296e-07	-3.2284e-07	-5.6844e-06	-8.5815e-10	5.670000000000001e-06	3.2344e-07	-3.235e-07
0.455	-0.00037616	-7.5737e-10	0.00037656	3.2432e-07	-3.2262e-07	-0.00036756	-7.536e-10	0.00036778	3.2354e-07	-3.23e-07	-0.00035638	-7.6906e-10	0.00035662	3.2392e-07	-3.2306e-07	-0.00034212	-7.7367e-10	0.00034218	3.2384e-07	-3.2294e-07	-0.00032294	-7.885e-10	0.00032304	3.2366e-07	-3.2296e-07	-0.00029744	-7.9937e-10	0.0002977	3.2344e-07	-3.2234e-07	-0.0002637	-8.074800000000001e-10	0.00026402	3.2274e-07	-3.2272e-07	-0.00022064	-8.2589e-10	0.00022072	3.2322e-07	-3.2226e-07	-0.00016454	-8.479300000000001e-10	0.00016476	3.2314e-07	-3.229e-07	-9.4116e-05	-8.681700000000001e-10	9.412400000000002e-05	3.2238e-07	-3.2232e-07	-6.178000000000001e-06	-8.9156e-10	6.220800000000001e-06	3.235e-07	-3.2354e-07
0.45	-0.0004204	-7.8583e-10	0.00042036	3.2428e-07	-3.2306e-07	-0.00041028	-7.9177e-10	0.0004104	3.2408e-07	-3.2296e-07	-0.00039776	-8.001900000000001e-10	0.00039778	3.239e-07	-3.23e-07	-0.0003809	-8.071e-10	0.00038092	3.2378e-07	-3.2294e-07	-0.0003587	-8.1902e-10	0.00035888	3.2368e-07	-3.2294e-07	-0.00032982	-8.301400000000001e-10	0.0003301	3.2344e-07	-3.229e-07	-0.00029208	-8.4627e-10	0.00029228	3.2342e-07	-3.2294e-07	-0.0002434	-8.6473e-10	0.00024352	3.2324e-07	-3.2288e-07	-0.00018102	-8.823e-10	0.00018134	3.2306e-07	-3.2284e-07	-0.000103238	-9.057499999999999e-10	0.000103196	3.2294e-07	-3.2286e-07	-6.7287000000000005e-06	-9.3188e-10	6.637200000000001e-06	3.2346e-07	-3.2352e-07
0.445	-0.00046736	-8.2551e-10	0.0004674	3.243e-07	-3.2314e-07	-0.0004556	-8.3103e-10	0.00045598	3.2398e-07	-3.2294e-07	-0.00044076	-8.3934e-10	0.00044134	3.232e-07	-3.2226e-07	-0.00042188	-8.444e-10	0.00042198	3.2382e-07	-3.224e-07	-0.00039646	-8.573700000000001e-10	0.00039704	3.2366e-07	-3.2292e-07	-0.00036356	-8.7226e-10	0.00036414	3.2306e-07	-3.223e-07	-0.0003214	-8.8195e-10	0.00032152	3.2342e-07	-3.2292e-07	-0.00026684	-9.0089e-10	0.00026732	3.232e-07	-3.2288e-07	-0.00019806	-9.2434e-10	0.00019808	3.2314e-07	-3.229e-07	-0.000112266	-9.4674e-10	0.00011234	3.2296e-07	-3.2288e-07	-7.2874e-06	-9.7259e-10	7.316e-06	3.236e-07	-3.2346e-07
0.44	-0.00051866	-8.5713e-10	0.0005188	3.2428e-07	-3.2314e-07	-0.00050522	-8.6775e-10	0.00050524	3.2398e-07	-3.23e-07	-0.00048838	-8.733400000000001e-10	0.00048848	3.24e-07	-3.2296e-07	-0.00046656	-8.8067e-10	0.00046666	3.238e-07	-3.23e-07	-0.0004379	-8.958e-10	0.00043814	3.2362e-07	-3.2294e-07	-0.00040076	-9.0725e-10	0.00040092	3.235e-07	-3.229e-07	-0.0003531	-9.2403e-10	0.00035312	3.2336e-07	-3.2294e-07	-0.0002922	-9.4424e-10	0.00029216	3.2322e-07	-3.2288e-07	-0.00021614	-9.6445e-10	0.00021628	3.2314e-07	-3.229e-07	-0.00012214	-9.8768e-10	0.0001221	3.2296e-07	-3.229e-07	-7.7955e-06	-1.01582e-09	7.8862e-06	3.2348e-07	-3.235e-07
0.435	-0.0005727	-8.985e-10	0.00057308	3.2424e-07	-3.2314e-07	-0.00055726	-9.0496e-10	0.00055776	3.2342e-07	-3.2242e-07	-0.00053834	-9.121000000000001e-10	0.0005386	3.239e-07	-3.2302e-07	-0.0005133	-9.2113e-10	0.00051324	3.2378e-07	-3.2242e-07	-0.00048086	-9.3213e-10	0.000481	3.2352e-07	-3.2286e-07	-0.00043906	-9.4907e-10	0.00043914	3.2336e-07	-3.2288e-07	-0.0003856	-9.6469e-10	0.00038576	3.2332e-07	-3.229e-07	-0.00031832	-9.8446e-10	0.00031848	3.2262e-07	-3.224e-07	-0.00023466	-1.00585e-09	0.000235	3.2306e-07	-3.229e-07	-0.00013198	-1.03049e-09	0.00013218	3.2294e-07	-3.2286e-07	-8.563100000000001e-06	-1.0570000000000002e-09	8.550700000000001e-06	3.2346e-07	-3.2354e-07
0.43	-0.000632	-9.3441e-10	0.0006323	3.2416e-07	-3.231e-07	-0.00061446	-9.4358e-10	0.00061452	3.2402e-07	-3.2294e-07	-0.00059214	-9.5088e-10	0.00059264	3.2332e-07	-3.2242e-07	-0.00056364	-9.6066e-10	0.00056394	3.2378e-07	-3.2294e-07	-0.00052706	-9.767e-10	0.0005275	3.2366e-07	-3.2296e-07	-0.00048026	-9.9047e-10	0.0004801	3.2348e-07	-3.2288e-07	-0.000421	-1.00704e-09	0.00042064	3.2336e-07	-3.2288e-07	-0.00034624	-1.02818e-09	0.00034654	3.232e-07	-3.2294e-07	-0.0002544	-1.0538e-09	0.00025466	3.2306e-07	-3.229e-07	-0.00014274	-1.07858e-09	0.00014268	3.2302e-07	-3.229e-07	-9.1173e-06	-1.1066800000000002e-09	9.2055e-06	3.2342e-07	-3.2348e-07
0.425	-0.00069366	-9.771e-10	0.00069362	3.2372e-07	-3.2258e-07	-0.0006736	-9.8211e-10	0.0006738	3.2346e-07	-3.224e-07	-0.00064866	-9.9298e-10	0.0006489	3.2386e-07	-3.2306e-07	-0.00061642	-1.0042800000000002e-09	0.00061648	3.237e-07	-3.2298e-07	-0.00057532	-1.02117e-09	0.00057502	3.236e-07	-3.2296e-07	-0.00052276	-1.02857e-09	0.00052264	3.2354e-07	-3.2286e-07	-0.0004566	-1.05101e-09	0.00045694	3.2328e-07	-3.2288e-07	-0.00037474	-1.07023e-09	0.00037492	3.2324e-07	-3.224e-07	-0.00027434	-1.09471e-09	0.00027442	3.2242e-07	-3.2226e-07	-0.00015296	-1.1227600000000002e-09	0.00015356	3.23e-07	-3.2296e-07	-9.7395e-06	-1.1525e-09	9.7753e-06	3.2368e-07	-3.2374e-07
0.42	-0.00075974	-1.01702e-09	0.00076082	3.2426e-07	-3.2316e-07	-0.00073742	-1.02441e-09	0.00073764	3.2408e-07	-3.2294e-07	-0.00070908	-1.03334e-09	0.00070918	3.239e-07	-3.2296e-07	-0.00067238	-1.0449200000000002e-09	0.00067272	3.2374e-07	-3.2294e-07	-0.00062632	-1.0642300000000002e-09	0.00062666	3.2364e-07	-3.2294e-07	-0.00056766	-1.07681e-09	0.00056784	3.2352e-07	-3.2286e-07	-0.00049474	-1.09854e-09	0.00049496	3.233e-07	-3.2294e-07	-0.00040444	-1.11913e-09	0.00040496	3.232e-07	-3.2284e-07	-0.0002953	-1.1411e-09	0.00029556	3.2302e-07	-3.2264e-07	-0.0001647	-1.1684e-09	0.00016472	3.2298e-07	-3.2288e-07	-1.04213e-05	-1.2016e-09	1.04401e-05	3.2344e-07	-3.2352e-07
0.415	-0.0008298	-1.05738e-09	0.00082986	3.2426e-07	-3.2312e-07	-0.0008033	-1.0667600000000002e-09	0.00080378	3.2408e-07	-3.2286e-07	-0.0007714	-1.07771e-09	0.00077148	3.2386e-07	-3.2308e-07	-0.0007306	-1.0902900000000002e-09	0.000731	3.2318e-07	-3.229e-07	-0.00067898	-1.1024400000000002e-09	0.0006792	3.2306e-07	-3.2234e-07	-0.00061422	-1.12316e-09	0.00061436	3.2288e-07	-3.2226e-07	-0.0005334	-1.1423e-09	0.00053384	3.2332e-07	-3.2286e-07	-0.00043512	-1.1656e-09	0.00043542	3.232e-07	-3.2288e-07	-0.00031688	-1.1933e-09	0.000317	3.2308e-07	-3.2296e-07	-0.00017604	-1.2198e-09	0.00017616	3.2296e-07	-3.228e-07	-1.1108200000000001e-05	-1.2555e-09	1.11981e-05	3.2344e-07	-3.2354e-07
0.41	-0.000904	-1.0988700000000002e-09	0.00090444	3.2422e-07	-3.2314e-07	-0.00087478	-1.10846e-09	0.00087502	3.24e-07	-3.2298e-07	-0.00083812	-1.11892e-09	0.00083834	3.2332e-07	-3.2236e-07	-0.0007921	-1.1351e-09	0.00079222	3.2382e-07	-3.2296e-07	-0.00073448	-1.1494e-09	0.00073494	3.2356e-07	-3.229e-07	-0.0006626	-1.1742e-09	0.00066266	3.2348e-07	-3.2284e-07	-0.00057468	-1.1895e-09	0.0005748	3.2332e-07	-3.2292e-07	-0.00046728	-1.2121e-09	0.00046734	3.2322e-07	-3.229e-07	-0.00033914	-1.2392e-09	0.00033926	3.2306e-07	-3.2254e-07	-0.00018752	-1.2724e-09	0.00018782	3.2296e-07	-3.2288e-07	-1.1498e-05	-1.3054e-09	1.1500700000000002e-05	3.235e-07	-3.235e-07
0.405	-0.0009806	-1.1484e-09	0.00098066	3.2432e-07	-3.2308e-07	-0.00094758	-1.1564e-09	0.0009476	3.2408e-07	-3.2302e-07	-0.00090634	-1.1661e-09	0.00090688	3.2388e-07	-3.2294e-07	-0.00085554	-1.1816e-09	0.00085574	3.2378e-07	-3.2294e-07	-0.000791	-1.1968e-09	0.00079138	3.2372e-07	-3.2296e-07	-0.00071264	-1.2164e-09	0.0007124	3.229e-07	-3.2232e-07	-0.00061576	-1.2382e-09	0.00061574	3.2338e-07	-3.2288e-07	-0.00049956	-1.2643e-09	0.0004997	3.2258e-07	-3.2286e-07	-0.00036122	-1.2906e-09	0.00036182	3.2252e-07	-3.2226e-07	-0.00019932	-1.321e-09	0.00019952	3.2294e-07	-3.229e-07	-1.17175e-05	-1.3572e-09	1.1726e-05	3.2348e-07	-3.2372e-07
0.4	-0.00106208	-1.1915e-09	0.00106206	3.243e-07	-3.2306e-07	-0.0010252	-1.2024e-09	0.00102526	3.2398e-07	-3.2226e-07	-0.0009796	-1.2145e-09	0.00097898	3.2392e-07	-3.2268e-07	-0.00092198	-1.2339e-09	0.00092236	3.231e-07	-3.2284e-07	-0.00085094	-1.2477e-09	0.00085102	3.2308e-07	-3.2248e-07	-0.00076414	-1.2677e-09	0.00076424	3.2344e-07	-3.229e-07	-0.00065886	-1.2892e-09	0.000659	3.2338e-07	-3.2288e-07	-0.00053298	-1.3134e-09	0.00053322	3.232e-07	-3.2296e-07	-0.00038476	-1.3456e-09	0.00038462	3.2308e-07	-3.2236e-07	-0.0002111	-1.3777e-09	0.00021224	3.2306e-07	-3.2278e-07	-1.17175e-05	-1.4139e-09	1.1500800000000002e-05	3.235e-07	-3.2356e-07
0.395	-0.00114576	-1.2375e-09	0.00114624	3.2376e-07	-3.2252e-07	-0.0011042	-1.2463e-09	0.00110388	3.2388e-07	-3.2306e-07	-0.00105274	-1.2612e-09	0.00105358	3.2394e-07	-3.2296e-07	-0.00098946	-1.2793e-09	0.00098968	3.2318e-07	-3.2232e-07	-0.00091218	-1.2914e-09	0.0009118	3.2364e-07	-3.2296e-07	-0.00081694	-1.3139e-09	0.00081696	3.2342e-07	-3.2288e-07	-0.00070244	-1.3433e-09	0.00070276	3.2338e-07	-3.2284e-07	-0.00056662	-1.3688e-09	0.00056728	3.232e-07	-3.2294e-07	-0.00040774	-1.3975e-09	0.00040796	3.2278e-07	-3.2292e-07	-0.0002239	-1.4303e-09	0.00022428	3.2306e-07	-3.229e-07	-1.132e-05	-1.4682e-09	1.395e-05	3.2342e-07	-3.2354e-07
0.39	-0.0012342	-1.2825e-09	0.0012346	3.2436e-07	-3.2314e-07	-0.0011872	-1.2953e-09	0.0011876	3.2406e-07	-3.23e-07	-0.00113042	-1.3083e-09	0.00113078	3.2392e-07	-3.2288e-07	-0.0010606	-1.3258e-09	0.00106076	3.233e-07	-3.2242e-07	-0.00097508	-1.3474e-09	0.00097512	3.237e-07	-3.23e-07	-0.0008713	-1.3676e-09	0.0008716	3.2342e-07	-3.2294e-07	-0.0007476	-1.3938e-09	0.00074768	3.2336e-07	-3.2288e-07	-0.00060182	-1.423e-09	0.00060154	3.2324e-07	-3.2288e-07	-0.00043214	-1.4556e-09	0.00043184	3.2312e-07	-3.2294e-07	-0.00023648	-1.49e-09	0.0002369	3.2294e-07	-3.2288e-07	-1.4716e-05	-1.5268e-09	1.4744e-05	3.2348e-07	-3.2352e-07
0.385	-0.0013242	-1.3302e-09	0.0013246	3.2434e-07	-3.232e-07	-0.0012728	-1.3474e-09	0.0012728	3.2402e-07	-3.2312e-07	-0.0012088	-1.36e-09	0.0012094	3.2392e-07	-3.23e-07	-0.0011329	-1.3711e-09	0.001133	3.236e-07	-3.2298e-07	-0.00103898	-1.4028e-09	0.0010391	3.2362e-07	-3.2296e-07	-0.00092588	-1.4207e-09	0.00092642	3.229e-07	-3.2232e-07	-0.0007926	-1.4468e-09	0.0007927	3.2338e-07	-3.2296e-07	-0.00063626	-1.4778e-09	0.00063682	3.2318e-07	-3.2282e-07	-0.00045556	-1.5103e-09	0.00045596	3.2312e-07	-3.2296e-07	-0.00024882	-1.5447e-09	0.0002489	3.229e-07	-3.229e-07	-1.5538e-05	-1.5861e-09	1.5372e-05	3.2356e-07	-3.235e-07
0.38	-0.0014192	-1.3789e-09	0.0014196	3.2386e-07	-3.232e-07	-0.0013614	-1.3943e-09	0.001362	3.2402e-07	-3.23e-07	-0.0012918	-1.4132e-09	0.0012922	3.2382e-07	-3.2294e-07	-0.001207	-1.4205e-09	0.0012078	3.2374e-07	-3.2234e-07	-0.00110494	-1.4502e-09	0.00110494	3.2362e-07	-3.2292e-07	-0.000983	-1.4737e-09	0.00098324	3.2272e-07	-3.2292e-07	-0.00083942	-1.506e-09	0.00083968	3.2332e-07	-3.2292e-07	-0.00067252	-1.5344e-09	0.00067288	3.2318e-07	-3.229e-07	-0.00047992	-1.57e-09	0.00048038	3.2312e-07	-3.2294e-07	-0.000262	-1.603e-09	0.00026194	3.2292e-07	-3.2288e-07	-1.6224e-05	-1.6472e-09	1.6326e-05	3.2344e-07	-3.2352e-07
0.375	-0.001515	-1.4312e-09	0.0015158	3.243e-07	-3.2314e-07	-0.0014514	-1.444e-09	0.0014524	3.2402e-07	-3.2288e-07	-0.0013746	-1.462e-09	0.0013752	3.2392e-07	-3.2296e-07	-0.0012826	-1.48e-09	0.001283	3.2372e-07	-3.2288e-07	-0.0011718	-1.5045e-09	0.0011716	3.2368e-07	-3.2288e-07	-0.00103974	-1.5317e-09	0.00104012	3.2348e-07	-3.2288e-07	-0.00088574	-1.5602e-09	0.00088622	3.2338e-07	-3.229e-07	-0.00070816	-1.5916e-09	0.00070824	3.232e-07	-3.2292e-07	-0.00050452	-1.6258e-09	0.0005044	3.2314e-07	-3.2292e-07	-0.00027442	-1.6651e-09	0.0002741	3.229e-07	-3.229e-07	-1.7144e-05	-1.7038e-09	1.6866e-05	3.2354e-07	-3.235e-07
0.37	-0.0016158	-1.481e-09	0.001616	3.2432e-07	-3.2316e-07	-0.0015454	-1.4976e-09	0.0015454	3.2408e-07	-3.2256e-07	-0.0014608	-1.5151999999999999e-09	0.0014612	3.2392e-07	-3.2292e-07	-0.0013598	-1.5324e-09	0.0013612	3.2378e-07	-3.23e-07	-0.0012396	-1.5604e-09	0.0012406	3.2362e-07	-3.2238e-07	-0.00109814	-1.5843e-09	0.00109812	3.2342e-07	-3.2284e-07	-0.00093332	-1.6192e-09	0.00093394	3.2278e-07	-3.223e-07	-0.00074454	-1.6513e-09	0.00074488	3.2326e-07	-3.223e-07	-0.00052978	-1.6897e-09	0.00052976	3.2252e-07	-3.2232e-07	-0.00028698	-1.7278e-09	0.00028728	3.2294e-07	-3.2288e-07	-1.7682e-05	-1.7697e-09	1.7608e-05	3.2348e-07	-3.2344e-07
0.365	-0.0017164	-1.5342e-09	0.0017174	3.2436e-07	-3.2314e-07	-0.0016396	-1.5465e-09	0.00164	3.2414e-07	-3.231e-07	-0.0015476	-1.5701e-09	0.0015482	3.2382e-07	-3.2288e-07	-0.0014386	-1.5899e-09	0.0014388	3.238e-07	-3.2294e-07	-0.0013078	-1.6127e-09	0.0013088	3.2302e-07	-3.224e-07	-0.0011562	-1.6419e-09	0.0011566	3.2342e-07	-3.229e-07	-0.00098102	-1.6754e-09	0.00098178	3.2278e-07	-3.223e-07	-0.00078096	-1.7142e-09	0.00078118	3.2318e-07	-3.2282e-07	-0.00055414	-1.7453e-09	0.00055416	3.2316e-07	-3.2294e-07	-0.00029986	-1.7865e-09	0.00029978	3.222e-07	-3.2216e-07	-1.8238e-05	-1.8295e-09	1.8348e-05	3.2348e-07	-3.2356e-07
0.36	-0.0018216	-1.5841e-09	0.001822	3.2428e-07	-3.2316e-07	-0.0017372	-1.6046e-09	0.001738	3.2416e-07	-3.2276e-07	-0.0016372	-1.6213e-09	0.0016382	3.2384e-07	-3.2294e-07	-0.0015182	-1.6467e-09	0.0015192	3.2374e-07	-3.23e-07	-0.0013782	-1.671e-09	0.0013794	3.2362e-07	-3.23e-07	-0.001216	-1.7013e-09	0.0012168	3.234e-07	-3.2288e-07	-0.00102956	-1.7361e-09	0.00103022	3.2272e-07	-3.229e-07	-0.00081752	-1.763e-09	0.00081764	3.2314e-07	-3.2284e-07	-0.00057902	-1.8107e-09	0.00057916	3.2254e-07	-3.2296e-07	-0.00031306	-1.8522e-09	0.0003129	3.2292e-07	-3.2288e-07	-1.929e-05	-1.8962e-09	1.9322e-05	3.2354e-07	-3.2348e-07
0.355	-0.0019274	-1.6403e-09	0.001928	3.2426e-07	-3.2314e-07	-0.0018348	-1.6525e-09	0.0018348	3.2408e-07	-3.2308e-07	-0.0017256	-1.6803e-09	0.001727	3.239e-07	-3.2296e-07	-0.0015982	-1.7039e-09	0.0015996	3.232e-07	-3.2234e-07	-0.0014478	-1.7272e-09	0.0014492	3.2364e-07	-3.2294e-07	-0.001276	-1.759e-09	0.0012762	3.235e-07	-3.228e-07	-0.00107804	-1.7951e-09	0.00107786	3.2334e-07	-3.2282e-07	-0.00085404	-1.8334e-09	0.00085422	3.2318e-07	-3.229e-07	-0.00060378	-1.8709e-09	0.0006039	3.2314e-07	-3.2292e-07	-0.0003258	-1.9115e-09	0.00032554	3.23e-07	-3.2294e-07	-1.994e-05	-1.9627e-09	1.9786e-05	3.2346e-07	-3.2356e-07
0.35	-0.0020366	-1.6922e-09	0.0020374	3.2428e-07	-3.232e-07	-0.0019356	-1.7112e-09	0.0019364	3.2406e-07	-3.2246e-07	-0.0018176	-1.7326e-09	0.0018188	3.238e-07	-3.2294e-07	-0.00168	-1.7626e-09	0.0016808	3.2372e-07	-3.2294e-07	-0.0015194	-1.7881e-09	0.0015198	3.23e-07	-3.2242e-07	-0.0013358	-1.8187e-09	0.001336	3.2342e-07	-3.2292e-07	-0.0011267	-1.8575e-09	0.0011267	3.2336e-07	-3.2294e-07	-0.00089112	-1.8959e-09	0.00089136	3.232e-07	-3.2284e-07	-0.00062864	-1.9354e-09	0.00062896	3.232e-07	-3.2294e-07	-0.00033874	-1.979e-09	0.00033886	3.229e-07	-3.2288e-07	-2.0636e-05	-2.0283e-09	2.0696e-05	3.2366e-07	-3.2356e-07
0.345	-0.0021462	-1.7472e-09	0.0021462	3.2434e-07	-3.2318e-07	-0.0020356	-1.764e-09	0.002037	3.2408e-07	-3.2304e-07	-0.0019092	-1.789e-09	0.0019094	3.2388e-07	-3.2294e-07	-0.0017616	-1.815e-09	0.0017626	3.2378e-07	-3.2294e-07	-0.001591	-1.8434e-09	0.0015914	3.2362e-07	-3.23e-07	-0.0013956	-1.8812e-09	0.001396	3.2342e-07	-3.2282e-07	-0.001175	-1.9152e-09	0.0011752	3.233e-07	-3.2282e-07	-0.0009276	-1.9559e-09	0.0009273	3.2324e-07	-3.229e-07	-0.00065326	-1.9997e-09	0.00065348	3.225e-07	-3.228e-07	-0.00035044	-2.0461e-09	0.00035102	3.2294e-07	-3.2294e-07	-2.1238e-05	-2.0959999999999998e-09	2.1508e-05	3.235e-07	-3.235e-07
0.34	-0.002259	-1.8016e-09	0.0022592	3.2432e-07	-3.2312e-07	-0.0021392	-1.8258e-09	0.00214	3.241e-07	-3.2308e-07	-0.0020028	-1.8477e-09	0.0020032	3.2392e-07	-3.2298e-07	-0.0018448	-1.8815e-09	0.0018448	3.2368e-07	-3.23e-07	-0.001663	-1.909e-09	0.0016634	3.2366e-07	-3.23e-07	-0.0014566	-1.9407e-09	0.001457	3.2298e-07	-3.2296e-07	-0.001224	-1.9779e-09	0.0012242	3.2334e-07	-3.2288e-07	-0.00096468	-2.0266e-09	0.00096514	3.232e-07	-3.2288e-07	-0.00067836	-2.0666e-09	0.00067808	3.2314e-07	-3.2282e-07	-0.00036386	-2.1084e-09	0.00036384	3.23e-07	-3.2284e-07	-2.2138e-05	-2.1631e-09	2.2036e-05	3.2342e-07	-3.2356e-07
0.335	-0.0023702	-1.8583e-09	0.0023702	3.2428e-07	-3.232e-07	-0.0022422	-1.8783e-09	0.0022426	3.2402e-07	-3.2312e-07	-0.002095	-1.9077e-09	0.0020958	3.2382e-07	-3.2296e-07	-0.0019274	-1.9323e-09	0.0019274	3.237e-07	-3.2292e-07	-0.0017344	-1.9671e-09	0.0017356	3.2362e-07	-3.2294e-07	-0.001516	-2.0046e-09	0.0015166	3.2348e-07	-3.2292e-07	-0.0012718	-2.0429e-09	0.0012724	3.2328e-07	-3.2294e-07	-0.00100116	-2.0872e-09	0.00100156	3.232e-07	-3.2286e-07	-0.00070328	-2.1335e-09	0.0007026	3.2242e-07	-3.2224e-07	-0.0003765	-2.1786e-09	0.00037638	3.2294e-07	-3.2294e-07	-2.2894e-05	-2.2308e-09	2.2902e-05	3.2344e-07	-3.2348e-07
0.33	-0.0024838	-1.9142e-09	0.0024848	3.2378e-07	-3.2258e-07	-0.002347	-1.9383e-09	0.0023472	3.2412e-07	-3.2308e-07	-0.0021896	-1.9676e-09	0.0021906	3.2386e-07	-3.2296e-07	-0.0020106	-1.9981e-09	0.0020116	3.2318e-07	-3.2246e-07	-0.0018068	-2.0376e-09	0.001807	3.2364e-07	-3.23e-07	-0.0015772	-2.0696e-09	0.0015774	3.2346e-07	-3.2294e-07	-0.0013212	-2.1072e-09	0.0013212	3.233e-07	-3.2288e-07	-0.00103818	-2.154e-09	0.0010385	3.2318e-07	-3.2286e-07	-0.00072682	-2.1998e-09	0.00072718	3.2304e-07	-3.2286e-07	-0.00038908	-2.247e-09	0.0003891	3.23e-07	-3.23e-07	-2.346e-05	-2.2999e-09	2.3292e-05	3.234e-07	-3.2348e-07
0.325	-0.0025982	-1.9691e-09	0.002598	3.2438e-07	-3.226e-07	-0.002451	-1.9924e-09	0.0024514	3.2348e-07	-3.2258e-07	-0.0022834	-2.0261e-09	0.0022838	3.2384e-07	-3.2296e-07	-0.0020938	-2.0549e-09	0.002094	3.238e-07	-3.2302e-07	-0.0018774	-2.093e-09	0.0018778	3.2362e-07	-3.2302e-07	-0.0016362	-2.1299e-09	0.0016374	3.235e-07	-3.2298e-07	-0.0013682	-2.1741e-09	0.0013686	3.233e-07	-3.2284e-07	-0.00107344	-2.2195e-09	0.00107414	3.2264e-07	-3.2286e-07	-0.0007517	-2.2685e-09	0.00075128	3.2308e-07	-3.2284e-07	-0.0004016	-2.3155e-09	0.00040128	3.2224e-07	-3.2208e-07	-2.4116e-05	-2.3722e-09	2.4126e-05	3.2348e-07	-3.2344e-07
0.32	-0.0027136	-2.0322e-09	0.002714	3.243e-07	-3.2314e-07	-0.0025568	-2.0549e-09	0.002557	3.2408e-07	-3.2312e-07	-0.0023784	-2.0838e-09	0.0023788	3.2392e-07	-3.2302e-07	-0.0021772	-2.1199e-09	0.0021786	3.2372e-07	-3.2222e-07	-0.00195	-2.1568e-09	0.0019502	3.2368e-07	-3.2296e-07	-0.0016966	-2.1969e-09	0.0016968	3.2344e-07	-3.229e-07	-0.0014174	-2.2391e-09	0.0014178	3.233e-07	-3.2294e-07	-0.00111022	-2.2862e-09	0.00110988	3.2314e-07	-3.2284e-07	-0.00077594	-2.3405e-09	0.00077512	3.2302e-07	-3.2288e-07	-0.00041316	-2.3866e-09	0.0004136	3.2302e-07	-3.2288e-07	-2.487e-05	-2.4411e-09	2.48e-05	3.2344e-07	-3.235e-07
0.315	-0.002829	-2.0849e-09	0.0028286	3.2426e-07	-3.2316e-07	-0.002661	-2.1159e-09	0.0026616	3.2386e-07	-3.2248e-07	-0.0024718	-2.1448e-09	0.0024728	3.2322e-07	-3.2242e-07	-0.00226	-2.1815e-09	0.0022602	3.2374e-07	-3.2298e-07	-0.0020212	-2.222e-09	0.002022	3.2368e-07	-3.2306e-07	-0.0017558	-2.2637e-09	0.0017562	3.2344e-07	-3.2298e-07	-0.0014646	-2.3084e-09	0.0014648	3.2338e-07	-3.23e-07	-0.00114552	-2.3565e-09	0.00114584	3.226e-07	-3.2234e-07	-0.0007991	-2.4067e-09	0.0007994	3.23e-07	-3.2284e-07	-0.0004263	-2.4545e-09	0.00042612	3.223e-07	-3.2278e-07	-2.5762e-05	-2.5129e-09	2.567e-05	3.2344e-07	-3.2346e-07
0.31	-0.0029458	-2.1494e-09	0.002946	3.2374e-07	-3.2318e-07	-0.0027676	-2.1759e-09	0.0027682	3.2406e-07	-3.2302e-07	-0.002567	-2.2104e-09	0.0025672	3.2388e-07	-3.2296e-07	-0.0023436	-2.2556e-09	0.0023446	3.238e-07	-3.2302e-07	-0.0020926	-2.2852e-09	0.0020936	3.2358e-07	-3.2296e-07	-0.0018158	-2.3223e-09	0.0018162	3.2352e-07	-3.2296e-07	-0.0015122	-2.3752e-09	0.0015124	3.2276e-07	-3.2286e-07	-0.0011814	-2.4226e-09	0.0011818	3.232e-07	-3.229e-07	-0.00082368	-2.4764e-09	0.00082368	3.2314e-07	-3.2296e-07	-0.0004379	-2.5295e-09	0.0004382	3.2296e-07	-3.2284e-07	-2.6132e-05	-2.5872e-09	2.6294e-05	3.2348e-07	-3.236e-07
0.305	-0.0030614	-2.2044e-09	0.003061	3.2434e-07	-3.2318e-07	-0.0028718	-2.2405e-09	0.0028734	3.2354e-07	-3.2254e-07	-0.0026604	-2.2698e-09	0.0026608	3.239e-07	-3.23e-07	-0.0024262	-2.3084e-09	0.0024258	3.238e-07	-3.2298e-07	-0.0021626	-2.3517e-09	0.0021636	3.2366e-07	-3.2258e-07	-0.0018748	-2.3981e-09	0.0018744	3.2346e-07	-3.2288e-07	-0.001559	-2.4383e-09	0.0015596	3.2328e-07	-3.2292e-07	-0.0012154	-2.4937e-09	0.0012174	3.2262e-07	-3.2224e-07	-0.00084652	-2.5481e-09	0.0008466	3.2302e-07	-3.23e-07	-0.00044962	-2.5969e-09	0.0004501	3.2236e-07	-3.2222e-07	-2.6826e-05	-2.6583e-09	2.6986e-05	3.2356e-07	-3.2352e-07
0.3	-0.0031784	-2.2686e-09	0.0031784	3.2424e-07	-3.2314e-07	-0.0029782	-2.2988e-09	0.0029788	3.2408e-07	-3.2308e-07	-0.0027548	-2.4266e-09	0.002756	3.239e-07	-3.2306e-07	-0.0025082	-2.3737e-09	0.0025082	3.2368e-07	-3.2298e-07	-0.0022336	-2.4163e-09	0.0022344	3.2364e-07	-3.2302e-07	-0.0019328	-2.4603e-09	0.0019332	3.228e-07	-3.2288e-07	-0.0016052	-2.5111e-09	0.001606	3.2336e-07	-3.2288e-07	-0.001251	-2.563e-09	0.0012518	3.2302e-07	-3.2232e-07	-0.00087078	-2.6182e-09	0.00087014	3.2302e-07	-3.2288e-07	-0.00046192	-2.6775e-09	0.0004618	3.23e-07	-3.2284e-07	-2.767e-05	-2.737e-09	2.7728e-05	3.2342e-07	-3.235e-07
0.295	-0.0032924	-2.3301e-09	0.003293	3.2428e-07	-3.2318e-07	-0.0030824	-2.3618e-09	0.0030826	3.2354e-07	-3.231e-07	-0.0028472	-2.3987e-09	0.0028482	3.232e-07	-3.2166e-07	-0.0025888	-2.4389e-09	0.0025906	3.237e-07	-3.2302e-07	-0.0023032	-2.4977999999999998e-09	0.0023038	3.2364e-07	-3.23e-07	-0.00199	-2.5334e-09	0.0019904	3.2284e-07	-3.2288e-07	-0.001652	-2.5781e-09	0.0016524	3.233e-07	-3.2288e-07	-0.0012856	-2.6341e-09	0.0012854	3.2316e-07	-3.2294e-07	-0.0008935	-2.6906e-09	0.00089286	3.2306e-07	-3.229e-07	-0.00047348	-2.75e-09	0.00047292	3.229e-07	-3.2284e-07	-2.8146e-05	-2.8081e-09	2.8104e-05	3.234e-07	-3.235e-07
0.29	-0.0034096	-2.3944e-09	0.0034098	3.2432e-07	-3.2324e-07	-0.0031864	-2.4242e-09	0.0031878	3.2368e-07	-3.2264e-07	-0.0029408	-2.4681e-09	0.002941	3.2364e-07	-3.2226e-07	-0.002671	-2.5077e-09	0.002672	3.2376e-07	-3.2296e-07	-0.0023736	-2.5539e-09	0.0023734	3.2366e-07	-3.229e-07	-0.002048	-2.6026e-09	0.0020494	3.2348e-07	-3.2284e-07	-0.0016978	-2.6519e-09	0.0016986	3.233e-07	-3.229e-07	-0.0013194	-2.7066e-09	0.0013204	3.2322e-07	-3.2286e-07	-0.0009165	-2.7669e-09	0.00091612	3.2306e-07	-3.229e-07	-0.00048442	-2.8249e-09	0.00048528	3.2216e-07	-3.2214e-07	-2.881e-05	-2.8863e-09	2.8888e-05	3.2338e-07	-3.2368e-07
0.285	-0.0035236	-2.4557e-09	0.0035246	3.237e-07	-3.2268e-07	-0.0032902	-2.4911e-09	0.0032908	3.242e-07	-3.2308e-07	-0.003032	-2.5458e-09	0.003032	3.238e-07	-3.2302e-07	-0.0027508	-2.5752e-09	0.0027518	3.2382e-07	-3.2296e-07	-0.0024408	-2.6226e-09	0.002442	3.2324e-07	-3.2242e-07	-0.0021042	-2.6729e-09	0.0021048	3.2348e-07	-3.23e-07	-0.0017428	-2.7248e-09	0.0017444	3.2332e-07	-3.229e-07	-0.0013534	-2.7802e-09	0.0013528	3.2322e-07	-3.2294e-07	-0.00093788	-2.8371e-09	0.00093832	3.2296e-07	-3.229e-07	-0.00049588	-2.9016e-09	0.00049724	3.2296e-07	-3.2288e-07	-2.979e-05	-2.9647e-09	2.953e-05	3.2348e-07	-3.236e-07
0.28	-0.0036396	-2.5219e-09	0.0036394	3.2358e-07	-3.2234e-07	-0.0033938	-2.5575e-09	0.0033952	3.2412e-07	-3.2314e-07	-0.0031244	-2.5996e-09	0.0031244	3.2386e-07	-3.2302e-07	-0.0028312	-2.6427e-09	0.002832	3.2378e-07	-3.2302e-07	-0.0025094	-2.6946e-09	0.0025094	3.2362e-07	-3.2288e-07	-0.0021612	-2.7447e-09	0.0021614	3.236e-07	-3.2296e-07	-0.0017874	-2.795e-09	0.0017878	3.233e-07	-3.2288e-07	-0.0013864	-2.8561e-09	0.0013872	3.2306e-07	-3.2288e-07	-0.00096042	-2.9197e-09	0.00096006	3.2306e-07	-3.2278e-07	-0.00050718	-2.9934e-09	0.0005081	3.2296e-07	-3.2228e-07	-3.0162e-05	-3.0437e-09	3.0246e-05	3.2348e-07	-3.235e-07
0.275	-0.003752	-2.6002e-09	0.003753	3.243e-07	-3.2318e-07	-0.0034956	-2.6295e-09	0.0034966	3.2408e-07	-3.2314e-07	-0.0032146	-2.6691e-09	0.0032146	3.239e-07	-3.2242e-07	-0.0029098	-2.7151e-09	0.0029102	3.2384e-07	-3.2296e-07	-0.0025766	-2.7567e-09	0.0025764	3.2358e-07	-3.2296e-07	-0.002217	-2.8157e-09	0.0022172	3.2348e-07	-3.229e-07	-0.001831	-2.8699e-09	0.0018324	3.2328e-07	-3.229e-07	-0.0014196	-2.9308e-09	0.0014188	3.232e-07	-3.2294e-07	-0.00098176	-2.9903e-09	0.00098212	3.2306e-07	-3.2284e-07	-0.00051914	-3.0559e-09	0.00051942	3.2294e-07	-3.2284e-07	-3.1038e-05	-3.1249e-09	3.0946e-05	3.2372e-07	-3.2374e-07
0.27	-0.0038668	-2.6524e-09	0.0038672	3.2428e-07	-3.2326e-07	-0.0035978	-2.6902e-09	0.0035992	3.2408e-07	-3.2316e-07	-0.0033044	-2.736e-09	0.0033052	3.2338e-07	-3.2244e-07	-0.0029884	-2.7828e-09	0.002989	3.2374e-07	-3.2296e-07	-0.0026432	-2.836e-09	0.0026444	3.2314e-07	-3.23e-07	-0.0022726	-2.8885e-09	0.0022724	3.2344e-07	-3.2292e-07	-0.0018748	-2.9465e-09	0.0018756	3.2278e-07	-3.2224e-07	-0.0014524	-3.0086e-09	0.0014526	3.2322e-07	-3.2294e-07	-0.0010033	-3.0741e-09	0.00100392	3.2274e-07	-3.229e-07	-0.00052878	-3.1387e-09	0.0005306	3.2294e-07	-3.229e-07	-3.1826e-05	-3.2059e-09	3.1608e-05	3.2344e-07	-3.235e-07
0.265	-0.003978	-2.719e-09	0.0039784	3.2424e-07	-3.2322e-07	-0.0036978	-2.7638e-09	0.0036984	3.2408e-07	-3.2306e-07	-0.0033936	-2.8052e-09	0.0033936	3.2324e-07	-3.2234e-07	-0.0030654	-2.8541e-09	0.003065	3.2374e-07	-3.2288e-07	-0.0027072	-2.912e-09	0.0027102	3.236e-07	-3.2302e-07	-0.0023266	-2.9644e-09	0.0023276	3.2346e-07	-3.229e-07	-0.001917	-3.0219e-09	0.0019184	3.2334e-07	-3.2286e-07	-0.0014842	-3.0835e-09	0.0014842	3.2322e-07	-3.2296e-07	-0.00102472	-3.1489e-09	0.00102396	3.2306e-07	-3.229e-07	-0.00053916	-3.209e-09	0.00054104	3.2294e-07	-3.2294e-07	-3.2268000000000003e-05	-3.2893e-09	3.2074e-05	3.235e-07	-3.2354e-07
0.26	-0.0040908	-2.7859e-09	0.0040912	3.2422e-07	-3.2322e-07	-0.0037986	-2.8289e-09	0.0037994	3.2342e-07	-3.225e-07	-0.0034826	-2.8794e-09	0.0034824	3.2378e-07	-3.2302e-07	-0.0031426	-2.9279e-09	0.0031434	3.2372e-07	-3.2298e-07	-0.0027736	-2.982e-09	0.0027746	3.2364e-07	-3.2246e-07	-0.0023808	-3.0418e-09	0.0023808	3.2348e-07	-3.23e-07	-0.0019608	-3.0974e-09	0.0019624	3.2334e-07	-3.2288e-07	-0.0015148	-3.1625e-09	0.0015156	3.2324e-07	-3.2288e-07	-0.00104556	-3.2294e-09	0.00104558	3.231e-07	-3.229e-07	-0.00055114	-3.2984e-09	0.0005512	3.229e-07	-3.228e-07	-3.2768e-05	-3.3703e-09	3.2858e-05	3.2334e-07	-3.2344e-07
0.255	-0.0041998	-2.8584e-09	0.004201	3.2426e-07	-3.2314e-07	-0.0038974	-2.9019e-09	0.0038972	3.2408e-07	-3.2306e-07	-0.003569	-2.9512e-09	0.0035694	3.2386e-07	-3.2296e-07	-0.0032172	-2.9981e-09	0.0032178	3.2312e-07	-3.2292e-07	-0.002839	-3.062e-09	0.0028382	3.2362e-07	-3.2304e-07	-0.0024324	-3.117e-09	0.0024326	3.235e-07	-3.229e-07	-0.0020016	-3.1905e-09	0.002003	3.2332e-07	-3.2286e-07	-0.0015466	-3.2415e-09	0.001546	3.2254e-07	-3.2226e-07	-0.00106628	-3.3104e-09	0.0010673	3.2308e-07	-3.2286e-07	-0.00056048	-3.3862e-09	0.0005622	3.2302e-07	-3.2292e-07	-3.3388e-05	-3.4551e-09	3.35e-05	3.234e-07	-3.235e-07
0.25	-0.0043102	-2.9287e-09	0.0043104	3.2378e-07	-3.2314e-07	-0.0039952	-2.9889e-09	0.0039952	3.241e-07	-3.231e-07	-0.003655	-3.0259e-09	0.0036556	3.2384e-07	-3.2296e-07	-0.003292	-3.0759e-09	0.003293	3.2378e-07	-3.224e-07	-0.0029006	-3.1365e-09	0.0029016	3.2364e-07	-3.23e-07	-0.0024848	-3.197e-09	0.0024856	3.2342e-07	-3.23e-07	-0.0020432	-3.2561e-09	0.0020454	3.2326e-07	-3.2292e-07	-0.0015772	-3.3245e-09	0.0015776	3.2308e-07	-3.2288e-07	-0.0010867	-3.3947e-09	0.0010864	3.2304e-07	-3.2286e-07	-0.0005718	-3.4632e-09	0.00057136	3.229e-07	-3.2288e-07	-3.414e-05	-3.5391e-09	3.4004e-05	3.2342e-07	-3.2352e-07
0.245	-0.004417	-3.0008e-09	0.0044174	3.2436e-07	-3.231e-07	-0.0040908	-3.0491e-09	0.0040914	3.2414e-07	-3.23e-07	-0.003739	-3.0976e-09	0.0037402	3.2392e-07	-3.2302e-07	-0.003366	-3.1536e-09	0.003367	3.2372e-07	-3.2306e-07	-0.0029632	-3.2134e-09	0.0029632	3.2362e-07	-3.2292e-07	-0.0025368	-3.2738e-09	0.0025372	3.235e-07	-3.2292e-07	-0.0020848	-3.3354e-09	0.002085	3.2328e-07	-3.229e-07	-0.0016072	-3.4174e-09	0.0016078	3.229e-07	-3.2208e-07	-0.0011066	-3.4777e-09	0.00110686	3.2306e-07	-3.2282e-07	-0.00058118	-3.5548e-09	0.00058226	3.2294e-07	-3.2218e-07	-3.4598e-05	-3.6258e-09	3.4702e-05	3.2348e-07	-3.2352e-07
0.24	-0.0045238	-3.0706e-09	0.0045238	3.2426e-07	-3.2318e-07	-0.004186	-3.1198e-09	0.0041854	3.241e-07	-3.2308e-07	-0.0038226	-3.1741e-09	0.0038228	3.2386e-07	-3.2294e-07	-0.0034378	-3.2261e-09	0.0034382	3.2374e-07	-3.23e-07	-0.0030254	-3.2874e-09	0.0030258	3.2358e-07	-3.2302e-07	-0.002586	-3.3552e-09	0.0025866	3.2286e-07	-3.2232e-07	-0.002124	-3.4195e-09	0.0021248	3.2332e-07	-3.2284e-07	-0.0016364	-3.4895e-09	0.0016366	3.2248e-07	-3.2228e-07	-0.00112608	-3.5622e-09	0.00112626	3.2302e-07	-3.2284e-07	-0.00059172	-3.6363e-09	0.00059142	3.2294e-07	-3.2282e-07	-3.5028000000000004e-05	-3.7132e-09	3.5044e-05	3.2348e-07	-3.2354e-07
0.235	-0.00463	-3.1406e-09	0.0046306	3.2396e-07	-3.232e-07	-0.0042814	-3.1963e-09	0.0042818	3.2396e-07	-3.231e-07	-0.003907	-3.2497e-09	0.0039086	3.2388e-07	-3.2246e-07	-0.0035094	-3.3085e-09	0.0035112	3.2372e-07	-3.2294e-07	-0.0030852	-3.3667e-09	0.0030864	3.23e-07	-3.2242e-07	-0.0026376	-3.437e-09	0.0026378	3.2348e-07	-3.2288e-07	-0.0021644	-3.4987e-09	0.0021642	3.2328e-07	-3.2294e-07	-0.0016672	-3.5767e-09	0.0016662	3.2326e-07	-3.2234e-07	-0.00114608	-3.651e-09	0.00114582	3.2308e-07	-3.229e-07	-0.00060124	-3.7267e-09	0.00060144	3.229e-07	-3.2288e-07	-3.5824e-05	-3.8038e-09	3.5926e-05	3.2336e-07	-3.2344e-07
0.23	-0.004733	-3.219e-09	0.004734	3.2366e-07	-3.2274e-07	-0.0043726	-3.2707e-09	0.0043734	3.2408e-07	-3.2306e-07	-0.0039876	-3.3284e-09	0.003988	3.2386e-07	-3.2302e-07	-0.0035802	-3.3819e-09	0.0035804	3.2378e-07	-3.23e-07	-0.0031454	-3.4612e-09	0.0031454	3.236e-07	-3.23e-07	-0.0026862	-3.5183e-09	0.0026866	3.2294e-07	-3.2244e-07	-0.0022028	-3.584e-09	0.0022026	3.2336e-07	-3.2294e-07	-0.0016946	-3.6698e-09	0.0016952	3.2322e-07	-3.2296e-07	-0.0011644	-3.7366e-09	0.001164	3.2306e-07	-3.2284e-07	-0.00060994	-3.8134e-09	0.00061124	3.23e-07	-3.2288e-07	-3.6196e-05	-3.9082e-09	3.6448e-05	3.234e-07	-3.2356e-07
0.225	-0.0048374	-3.2905e-09	0.0048368	3.2428e-07	-3.2314e-07	-0.0044652	-3.3507e-09	0.0044656	3.2408e-07	-3.2312e-07	-0.0040684	-3.4048e-09	0.0040688	3.238e-07	-3.2304e-07	-0.003651	-3.4659e-09	0.0036506	3.2374e-07	-3.2248e-07	-0.0032042	-3.5332e-09	0.003205	3.2362e-07	-3.229e-07	-0.002735	-3.6019e-09	0.0027358	3.2284e-07	-3.2242e-07	-0.0022408	-3.6773e-09	0.0022406	3.233e-07	-3.2232e-07	-0.0017224	-3.7452e-09	0.0017244	3.2318e-07	-3.2294e-07	-0.001182	-3.8262e-09	0.0011836	3.2296e-07	-3.2286e-07	-0.0006211	-3.906e-09	0.00062018	3.2296e-07	-3.2224e-07	-3.6894e-05	-3.9865e-09	3.6952e-05	3.2344e-07	-3.235e-07
0.22	-0.0049388	-3.3655e-09	0.0049386	3.237e-07	-3.2284e-07	-0.004555	-3.4229e-09	0.0045568	3.2404e-07	-3.2312e-07	-0.004148	-3.4893e-09	0.0041476	3.2386e-07	-3.2296e-07	-0.0037176	-3.5453e-09	0.003719	3.2378e-07	-3.2302e-07	-0.0032622	-3.615e-09	0.0032628	3.2366e-07	-3.23e-07	-0.0027824	-3.6867e-09	0.0027824	3.2342e-07	-3.2296e-07	-0.0022778	-3.7763e-09	0.002278	3.2328e-07	-3.2234e-07	-0.0017514	-3.8358e-09	0.0017518	3.2326e-07	-3.2294e-07	-0.0012008	-3.9153e-09	0.0012016	3.2308e-07	-3.2286e-07	-0.00062918	-3.9971e-09	0.0006304	3.2294e-07	-3.2286e-07	-3.7212e-05	-4.0795e-09	3.7246e-05	3.2348e-07	-3.2354e-07
0.215	-0.0050384	-3.4464e-09	0.0050404	3.2434e-07	-3.2316e-07	-0.0046462	-3.5059e-09	0.0046456	3.2402e-07	-3.2308e-07	-0.0042264	-3.5669e-09	0.0042262	3.2388e-07	-3.2256e-07	-0.0037862	-3.6322e-09	0.0037868	3.2376e-07	-3.2302e-07	-0.003321	-3.7016e-09	0.0033212	3.2284e-07	-3.223e-07	-0.002829	-3.7766e-09	0.0028294	3.2344e-07	-3.2288e-07	-0.0023156	-3.8479e-09	0.0023162	3.2272e-07	-3.2236e-07	-0.0017782	-3.9266e-09	0.0017782	3.2308e-07	-3.2234e-07	-0.0012194	-4.0253e-09	0.0012198	3.2244e-07	-3.2226e-07	-0.00063836	-4.089e-09	0.00063804	3.2238e-07	-3.229e-07	-3.807e-05	-4.1765e-09	3.818e-05	3.2336e-07	-3.2348e-07
0.21	-0.005137	-3.5269e-09	0.0051372	3.2422e-07	-3.232e-07	-0.004732	-3.5885e-09	0.0047332	3.2352e-07	-3.231e-07	-0.0043038	-3.6533e-09	0.0043026	3.2386e-07	-3.23e-07	-0.0038524	-3.7177e-09	0.0038526	3.2372e-07	-3.23e-07	-0.0033748	-3.7865e-09	0.0033762	3.2356e-07	-3.2296e-07	-0.0028746	-3.8631e-09	0.0028762	3.2344e-07	-3.2306e-07	-0.0023512	-3.9386e-09	0.0023518	3.2334e-07	-3.2296e-07	-0.0018054	-4.0197e-09	0.001806	3.2312e-07	-3.2294e-07	-0.0012366	-4.1016e-09	0.0012376	3.231e-07	-3.229e-07	-0.00064648	-4.1865999999999996e-09	0.00064768	3.229e-07	-3.2286e-07	-3.8216e-05	-4.2719e-09	3.8082e-05	3.2342e-07	-3.2356e-07
0.205	-0.0052352	-3.6064e-09	0.0052362	3.2368e-07	-3.2256e-07	-0.0048202	-3.6785e-09	0.004819	3.239e-07	-3.2312e-07	-0.0043782	-3.7347e-09	0.0043798	3.233e-07	-3.2298e-07	-0.003919	-3.8048e-09	0.0039194	3.2372e-07	-3.23e-07	-0.0034312	-3.8726e-09	0.0034328	3.2366e-07	-3.2292e-07	-0.0029208	-3.9507e-09	0.0029214	3.2338e-07	-3.2294e-07	-0.0023888	-4.0315e-09	0.0023882	3.234e-07	-3.2302e-07	-0.001831	-4.1123e-09	0.0018334	3.2322e-07	-3.229e-07	-0.0012546	-4.1979e-09	0.0012554	3.2306e-07	-3.229e-07	-0.00065626	-4.2849e-09	0.00065654	3.2294e-07	-3.224e-07	-3.8842e-05	-4.3677e-09	3.87e-05	3.2342e-07	-3.2358e-07
0.2	-0.0053312	-3.6894e-09	0.005331	3.2372e-07	-3.232e-07	-0.0049036	-3.7531e-09	0.0049054	3.2406e-07	-3.2314e-07	-0.0044538	-3.8196e-09	0.0044548	3.2386e-07	-3.2304e-07	-0.0039836	-3.8911e-09	0.0039844	3.2374e-07	-3.23e-07	-0.0034844	-3.9625e-09	0.0034852	3.236e-07	-3.2298e-07	-0.0029644	-4.043e-09	0.0029644	3.2348e-07	-3.2294e-07	-0.0024216	-4.1247e-09	0.0024218	3.2338e-07	-3.2298e-07	-0.001858	-4.2072e-09	0.001857	3.2318e-07	-3.229e-07	-0.0012718	-4.293e-09	0.0012714	3.23e-07	-3.2288e-07	-0.00066468	-4.3827e-09	0.0006647	3.2288e-07	-3.2288e-07	-3.924e-05	-4.644e-09	3.9168e-05	3.2354e-07	-3.2352e-07
0.195	-0.0054258	-3.7698e-09	0.0054286	3.2436e-07	-3.2264e-07	-0.00499	-3.8391e-09	0.0049896	3.2404e-07	-3.2252e-07	-0.0045284	-3.9108e-09	0.0045282	3.2318e-07	-3.2242e-07	-0.004047	-3.9816e-09	0.004047	3.2376e-07	-3.2302e-07	-0.0035396	-4.053e-09	0.0035402	3.2358e-07	-3.23e-07	-0.0030094	-4.1366e-09	0.003009	3.2342e-07	-3.2296e-07	-0.002457	-4.2171e-09	0.0024578	3.2278e-07	-3.2236e-07	-0.0018832	-4.3057e-09	0.0018838	3.232e-07	-3.2234e-07	-0.0012888	-4.3943e-09	0.00129	3.2306e-07	-3.2294e-07	-0.00067354	-4.4803e-09	0.00067322	3.2298e-07	-3.2288e-07	-3.947e-05	-4.5767e-09	3.9666e-05	3.2348e-07	-3.2354e-07
0.19	-0.005519	-3.8541e-09	0.0055194	3.243e-07	-3.2292e-07	-0.005071	-3.9244e-09	0.0050712	3.2404e-07	-3.2246e-07	-0.0046	-3.9945e-09	0.0046014	3.2382e-07	-3.2294e-07	-0.004109	-4.0661e-09	0.0041088	3.2378e-07	-3.2306e-07	-0.0035916	-4.1454e-09	0.0035918	3.2362e-07	-3.2296e-07	-0.0030516	-4.2164e-09	0.0030512	3.2302e-07	-3.2294e-07	-0.0024906	-4.316e-09	0.002492	3.233e-07	-3.2294e-07	-0.0019088	-4.4021e-09	0.0019084	3.232e-07	-3.223e-07	-0.0013052	-4.4906e-09	0.0013066	3.2306e-07	-3.2288e-07	-0.00068144	-4.5828e-09	0.00068286	3.2298e-07	-3.2274e-07	-3.9766e-05	-4.6765e-09	3.9824e-05	3.2346e-07	-3.2354e-07
0.185	-0.0056122	-3.9286e-09	0.0056126	3.2424e-07	-3.2318e-07	-0.005153	-4.0174e-09	0.0051528	3.24e-07	-3.2306e-07	-0.0046714	-4.0885e-09	0.0046718	3.2388e-07	-3.2302e-07	-0.0041694	-4.1619e-09	0.0041702	3.2374e-07	-3.2298e-07	-0.0036434	-4.2404e-09	0.0036434	3.2358e-07	-3.2298e-07	-0.003095	-4.3262e-09	0.0030946	3.2288e-07	-3.2236e-07	-0.002524	-4.4099e-09	0.0025242	3.2328e-07	-3.2288e-07	-0.0019328	-4.4971e-09	0.0019342	3.2322e-07	-3.2294e-07	-0.0013222	-4.5946e-09	0.0013228	3.223e-07	-3.2228e-07	-0.00069022	-4.6867e-09	0.00069036	3.229e-07	-3.229e-07	-4.0376e-05	-4.7869e-09	4.0466e-05	3.2344e-07	-3.2348e-07
0.18	-0.0056998	-4.0282e-09	0.0057018	3.2432e-07	-3.2326e-07	-0.0052322	-4.1033e-09	0.0052326	3.2336e-07	-3.2238e-07	-0.0047408	-4.1807e-09	0.004742	3.2378e-07	-3.2306e-07	-0.0042306	-4.2543e-09	0.0042306	3.2318e-07	-3.23e-07	-0.0036946	-4.3331e-09	0.0036944	3.2358e-07	-3.23e-07	-0.003136	-4.4198e-09	0.0031368	3.2322e-07	-3.2294e-07	-0.0025574	-4.5107e-09	0.0025576	3.2336e-07	-3.2294e-07	-0.0019574	-4.5991999999999996e-09	0.0019584	3.232e-07	-3.2294e-07	-0.0013372	-4.6933e-09	0.001339	3.231e-07	-3.2292e-07	-0.00069804	-4.7908e-09	0.00069816	3.229e-07	-3.2288e-07	-4.0986e-05	-4.8905e-09	4.1074e-05	3.2342e-07	-3.235e-07
0.175	-0.005791	-4.1201e-09	0.005791	3.2424e-07	-3.227e-07	-0.0053114	-4.1982e-09	0.0053114	3.2406e-07	-3.2314e-07	-0.0048098	-4.273e-09	0.0048104	3.239e-07	-3.2308e-07	-0.0042894	-4.3518e-09	0.0042896	3.2368e-07	-3.2296e-07	-0.0037446	-4.4292e-09	0.0037442	3.2356e-07	-3.2296e-07	-0.0031776	-4.524e-09	0.0031776	3.23e-07	-3.2298e-07	-0.0025894	-4.6105e-09	0.0025902	3.2332e-07	-3.2292e-07	-0.001981	-4.7014e-09	0.0019818	3.2322e-07	-3.229e-07	-0.0013536	-4.8013e-09	0.0013532	3.2306e-07	-3.2292e-07	-0.00070578	-4.8998e-09	0.00070612	3.229e-07	-3.2292e-07	-4.1366e-05	-4.9992e-09	4.1432e-05	3.2342e-07	-3.2348e-07
0.17	-0.0058772	-4.2081e-09	0.0058788	3.2424e-07	-3.232e-07	-0.0053878	-4.2868e-09	0.0053876	3.2402e-07	-3.2314e-07	-0.0048768	-4.3681e-09	0.0048786	3.2396e-07	-3.231e-07	-0.0043462	-4.4476e-09	0.004348	3.2372e-07	-3.2292e-07	-0.0037938	-4.5284e-09	0.0037944	3.236e-07	-3.2294e-07	-0.0032174	-4.6205e-09	0.0032178	3.235e-07	-3.229e-07	-0.0026208	-4.7134e-09	0.0026212	3.233e-07	-3.2296e-07	-0.0020048	-4.8077e-09	0.0020056	3.2316e-07	-3.2292e-07	-0.0013688	-4.9063e-09	0.00137	3.2244e-07	-3.2288e-07	-0.00071302	-5.0119e-09	0.00071334	3.2296e-07	-3.2288e-07	-4.1904e-05	-5.1141e-09	4.217000000000001e-05	3.2348e-07	-3.2342e-07
0.165	-0.0059638	-4.3106e-09	0.0059646	3.2432e-07	-3.2272e-07	-0.0054658	-4.3832e-09	0.005466	3.2394e-07	-3.2304e-07	-0.0049448	-4.4623e-09	0.0049448	3.2388e-07	-3.2318e-07	-0.0044056	-4.5464e-09	0.0044056	3.2368e-07	-3.23e-07	-0.003843	-4.6323e-09	0.003844	3.235e-07	-3.2292e-07	-0.003257	-4.7238e-09	0.003257	3.2342e-07	-3.2284e-07	-0.002653	-4.8231e-09	0.002653	3.2326e-07	-3.2286e-07	-0.0020292	-4.9187e-09	0.0020274	3.2318e-07	-3.2284e-07	-0.0013838	-5.0208e-09	0.001385	3.231e-07	-3.229e-07	-0.00072176	-5.12e-09	0.00072222	3.2288e-07	-3.2294e-07	-4.2314e-05	-5.2246e-09	4.24e-05	3.2352e-07	-3.234e-07
0.16	-0.006049	-4.4012e-09	0.0060482	3.2432e-07	-3.2324e-07	-0.0055398	-4.4789e-09	0.0055412	3.2402e-07	-3.2314e-07	-0.0050086	-4.5583e-09	0.00501	3.2378e-07	-3.2262e-07	-0.004461	-4.6445e-09	0.004461	3.2374e-07	-3.2298e-07	-0.0038892	-4.7336e-09	0.0038894	3.2354e-07	-3.2294e-07	-0.0032958	-4.8331e-09	0.0032956	3.2346e-07	-3.2296e-07	-0.0026824	-4.9261e-09	0.0026838	3.2322e-07	-3.2282e-07	-0.0020502	-5.0237e-09	0.0020514	3.2324e-07	-3.229e-07	-0.0013988	-5.1299e-09	0.0013988	3.2304e-07	-3.2282e-07	-0.00072932	-5.2321e-09	0.00073002	3.2298e-07	-3.2288e-07	-4.3024e-05	-5.3444e-09	4.2742e-05	3.2342e-07	-3.2354e-07
0.155	-0.006132	-4.4942e-09	0.0061322	3.2428e-07	-3.2324e-07	-0.0056134	-4.5761e-09	0.005614	3.241e-07	-3.231e-07	-0.0050746	-4.6643e-09	0.0050746	3.2342e-07	-3.232e-07	-0.0045164	-4.7464e-09	0.0045168	3.2374e-07	-3.2296e-07	-0.003937	-4.8395e-09	0.0039368	3.2352e-07	-3.2236e-07	-0.003333	-4.9395e-09	0.0033348	3.2342e-07	-3.229e-07	-0.002713	-5.0403e-09	0.0027134	3.2326e-07	-3.2288e-07	-0.0020716	-5.1394e-09	0.0020744	3.2316e-07	-3.2288e-07	-0.0014138	-5.2449e-09	0.0014138	3.226e-07	-3.2246e-07	-0.00073646	-5.348e-09	0.00073776	3.2302e-07	-3.229e-07	-4.3094e-05	-5.4605e-09	4.3138e-05	3.2348e-07	-3.235e-07
0.15	-0.0062136	-4.5899e-09	0.006214	3.2372e-07	-3.2276e-07	-0.005686	-4.6754e-09	0.005685	3.2398e-07	-3.2308e-07	-0.0051382	-4.7606e-09	0.0051382	3.2394e-07	-3.2308e-07	-0.004571	-4.8471e-09	0.004571	3.2374e-07	-3.2312e-07	-0.003982	-4.9444e-09	0.003982	3.2352e-07	-3.2242e-07	-0.0033708	-5.0474e-09	0.0033724	3.2342e-07	-3.2304e-07	-0.002742	-5.1464e-09	0.0027412	3.2326e-07	-3.2288e-07	-0.002095	-5.2473e-09	0.0020948	3.232e-07	-3.2288e-07	-0.0014266	-5.3542e-09	0.0014276	3.2306e-07	-3.2282e-07	-0.00074372	-5.4583e-09	0.00074428	3.2296e-07	-3.2294e-07	-4.409e-05	-5.5783e-09	4.3808000000000005e-05	3.2338e-07	-3.2348e-07
0.145	-0.0062934	-4.6914e-09	0.0062936	3.2362e-07	-3.2324e-07	-0.005757	-4.7766e-09	0.0057566	3.2404e-07	-3.2312e-07	-0.005198	-4.8678e-09	0.0051992	3.2338e-07	-3.2246e-07	-0.0046244	-4.9504e-09	0.0046238	3.2374e-07	-3.23e-07	-0.004026	-5.0553e-09	0.0040262	3.2354e-07	-3.2294e-07	-0.0034072	-5.1582e-09	0.0034086	3.2354e-07	-3.2294e-07	-0.0027696	-5.2575e-09	0.002773	3.2326e-07	-3.2286e-07	-0.002116	-5.3613e-09	0.0021152	3.232e-07	-3.2294e-07	-0.0014418	-5.4702e-09	0.0014426	3.225e-07	-3.2234e-07	-0.00075126	-5.584e-09	0.00075126	3.2296e-07	-3.229e-07	-4.4386000000000005e-05	-5.7111e-09	4.4288e-05	3.2344e-07	-3.2354e-07
0.14	-0.0063728	-4.7888e-09	0.0063734	3.243e-07	-3.2316e-07	-0.0058278	-4.8834e-09	0.005827	3.24e-07	-3.2308e-07	-0.0052602	-4.9714e-09	0.0052598	3.233e-07	-3.226e-07	-0.0046756	-5.0515e-09	0.0046776	3.2366e-07	-3.2306e-07	-0.0040714	-5.1608e-09	0.004071	3.236e-07	-3.224e-07	-0.0034444	-5.2668e-09	0.0034444	3.2342e-07	-3.229e-07	-0.0028	-5.3729e-09	0.002799	3.2334e-07	-3.2286e-07	-0.002135	-5.4811e-09	0.0021366	3.2324e-07	-3.2294e-07	-0.0014568	-5.5889e-09	0.001455	3.231e-07	-3.229e-07	-0.00075888	-5.7023e-09	0.00075962	3.229e-07	-3.229e-07	-4.4876e-05	-5.8247e-09	4.4722e-05	3.237e-07	-3.2376e-07
0.135	-0.0064516	-4.8952e-09	0.00645	3.2422e-07	-3.232e-07	-0.0058944	-4.9887e-09	0.0058954	3.2404e-07	-3.2314e-07	-0.00532	-5.0967e-09	0.0053206	3.2392e-07	-3.2304e-07	-0.0047286	-5.1751e-09	0.004728	3.2378e-07	-3.2302e-07	-0.0041136	-5.2761e-09	0.004114	3.229e-07	-3.2302e-07	-0.0034782	-5.3805e-09	0.0034798	3.2344e-07	-3.2302e-07	-0.002829	-5.4869e-09	0.0028278	3.2254e-07	-3.221e-07	-0.0021578	-5.5978e-09	0.0021574	3.2324e-07	-3.2294e-07	-0.001469	-5.7051e-09	0.0014702	3.2302e-07	-3.2288e-07	-0.00076556	-5.8291e-09	0.00076508	3.2232e-07	-3.224e-07	-4.5378000000000005e-05	-5.9505e-09	4.5482e-05	3.2344e-07	-3.2354e-07
0.13	-0.0065278	-4.9991e-09	0.0065254	3.2426e-07	-3.232e-07	-0.0059624	-5.0963e-09	0.0059636	3.2406e-07	-3.2306e-07	-0.0053796	-5.191e-09	0.00538	3.2394e-07	-3.2312e-07	-0.0047786	-5.2891e-09	0.0047794	3.2372e-07	-3.229e-07	-0.004155	-5.3894e-09	0.0041558	3.2298e-07	-3.2302e-07	-0.0035128	-5.4999e-09	0.003513	3.2342e-07	-3.2296e-07	-0.0028542	-5.6065e-09	0.0028542	3.233e-07	-3.2288e-07	-0.0021766	-5.7186e-09	0.0021772	3.2316e-07	-3.2288e-07	-0.001483	-5.8387e-09	0.0014846	3.2302e-07	-3.2288e-07	-0.0007721	-5.952e-09	0.0007714	3.2294e-07	-3.229e-07	-4.5716e-05	-6.0791e-09	4.5592e-05	3.2352e-07	-3.2356e-07
0.125	-0.0066028	-5.1234e-09	0.006604	3.2426e-07	-3.2332e-07	-0.0060284	-5.2033e-09	0.0060294	3.2402e-07	-3.2306e-07	-0.0054362	-5.3005e-09	0.0054358	3.2348e-07	-3.2252e-07	-0.004829	-5.4199e-09	0.0048296	3.2372e-07	-3.2292e-07	-0.0041974	-5.525e-09	0.0041984	3.2348e-07	-3.2238e-07	-0.0035472	-5.8332e-09	0.003548	3.2344e-07	-3.2294e-07	-0.0028814	-5.7283e-09	0.0028814	3.2254e-07	-3.2218e-07	-0.0021972	-5.8467e-09	0.0021964	3.2318e-07	-3.2288e-07	-0.001497	-5.9611e-09	0.0014956	3.2302e-07	-3.2286e-07	-0.00077808	-6.0902e-09	0.00077822	3.2298e-07	-3.2234e-07	-4.6116e-05	-6.2093e-09	4.604e-05	3.2346e-07	-3.235e-07
0.12	-0.0066754	-5.2338e-09	0.0066752	3.2426e-07	-3.232e-07	-0.0060936	-5.3167e-09	0.0060936	3.2402e-07	-3.2304e-07	-0.0054924	-5.4116e-09	0.0054944	3.2398e-07	-3.2314e-07	-0.0048764	-5.5151e-09	0.0048772	3.2364e-07	-3.23e-07	-0.0042384	-5.6264e-09	0.0042402	3.2352e-07	-3.229e-07	-0.003581	-5.7415e-09	0.0035824	3.235e-07	-3.2288e-07	-0.0029078	-5.8478e-09	0.0029074	3.2328e-07	-3.2296e-07	-0.002215	-5.969e-09	0.0022166	3.2314e-07	-3.2292e-07	-0.0015076	-6.0946e-09	0.0015092	3.2312e-07	-3.2288e-07	-0.00078478	-6.2131e-09	0.00078514	3.229e-07	-3.2284e-07	-4.609e-05	-6.354e-09	4.627e-05	3.2344e-07	-3.235e-07
0.115	-0.006746	-5.3297e-09	0.0067484	3.2418e-07	-3.2322e-07	-0.0061574	-5.4261e-09	0.0061582	3.2408e-07	-3.23e-07	-0.0055486	-5.5324e-09	0.0055486	3.2396e-07	-3.2318e-07	-0.0049246	-5.6302e-09	0.0049256	3.2374e-07	-3.2302e-07	-0.0042794	-5.7648e-09	0.00428	3.2354e-07	-3.2294e-07	-0.0036148	-5.8571e-09	0.0036146	3.234e-07	-3.229e-07	-0.0029348	-5.9971e-09	0.0029342	3.2326e-07	-3.2288e-07	-0.0022346	-6.0974e-09	0.0022362	3.2328e-07	-3.2292e-07	-0.0015198	-6.2163e-09	0.0015212	3.2308e-07	-3.2294e-07	-0.00079088	-6.3468e-09	0.00079226	3.23e-07	-3.2292e-07	-4.664e-05	-6.4798e-09	4.6634e-05	3.2344e-07	-3.2354e-07
0.11	-0.0068194	-5.4475e-09	0.00682	3.2426e-07	-3.2314e-07	-0.0062218	-5.544e-09	0.0062218	3.2352e-07	-3.2312e-07	-0.005603	-5.6498e-09	0.005604	3.2394e-07	-3.2314e-07	-0.0049716	-5.7548e-09	0.0049728	3.2372e-07	-3.2298e-07	-0.004321	-5.8708e-09	0.0043212	3.2356e-07	-3.2296e-07	-0.0036476	-5.9874e-09	0.0036476	3.229e-07	-3.2292e-07	-0.0029596	-6.1043e-09	0.0029584	3.2326e-07	-3.2214e-07	-0.0022536	-6.2373e-09	0.0022558	3.2326e-07	-3.2292e-07	-0.001535	-6.3521e-09	0.0015342	3.2308e-07	-3.2238e-07	-0.00079738	-6.4825e-09	0.00079816	3.2294e-07	-3.2284e-07	-4.6568e-05	-6.625e-09	4.679e-05	3.2342e-07	-3.235e-07
0.105	-0.0068872	-5.5557e-09	0.0068902	3.242e-07	-3.2314e-07	-0.0062826	-5.6606e-09	0.0062836	3.2398e-07	-3.2308e-07	-0.0056582	-5.7669e-09	0.0056582	3.239e-07	-3.2312e-07	-0.0050196	-5.8821e-09	0.0050196	3.2366e-07	-3.2304e-07	-0.0043586	-5.9914e-09	0.0043584	3.2356e-07	-3.2288e-07	-0.0036786	-6.1141e-09	0.0036796	3.2342e-07	-3.2296e-07	-0.0029834	-6.2337e-09	0.0029858	3.2332e-07	-3.2288e-07	-0.002274	-6.365e-09	0.0022734	3.227e-07	-3.2296e-07	-0.0015456	-6.4904e-09	0.001546	3.2308e-07	-3.2294e-07	-0.00080374	-6.6199e-09	0.00080446	3.2296e-07	-3.223e-07	-4.7162e-05	-6.7641e-09	4.722e-05	3.2338e-07	-3.2352e-07
0.1	-0.006957	-5.6746e-09	0.0069588	3.2422e-07	-3.226e-07	-0.006344	-5.782e-09	0.0063448	3.2404e-07	-3.2308e-07	-0.0057098	-5.8924e-09	0.0057116	3.2394e-07	-3.2314e-07	-0.0050648	-6.0014e-09	0.0050664	3.2378e-07	-3.2304e-07	-0.0043964	-6.12e-09	0.0043964	3.2354e-07	-3.2296e-07	-0.0037098	-6.2437e-09	0.0037112	3.2294e-07	-3.229e-07	-0.0030076	-6.3692e-09	0.0030094	3.2334e-07	-3.229e-07	-0.0022912	-6.4996e-09	0.0022908	3.232e-07	-3.2294e-07	-0.0015578	-6.6293e-09	0.0015582	3.23e-07	-3.228e-07	-0.00081038	-6.765e-09	0.00080828	3.2306e-07	-3.2294e-07	-4.7426e-05	-6.9024e-09	4.7472e-05	3.235e-07	-3.236e-07
0.095	-0.0070244	-5.7962e-09	0.0070256	3.2418e-07	-3.2312e-07	-0.0064026	-5.9033e-09	0.006403	3.2398e-07	-3.2308e-07	-0.005763	-6.0152e-09	0.0057626	3.2398e-07	-3.2306e-07	-0.0051094	-6.1264e-09	0.0051096	3.2374e-07	-3.2296e-07	-0.0044334	-6.2487e-09	0.004433	3.2354e-07	-3.2298e-07	-0.0037414	-6.3764e-09	0.0037414	3.235e-07	-3.2298e-07	-0.003032	-6.5029e-09	0.0030344	3.2328e-07	-3.2236e-07	-0.0023082	-6.63e-09	0.002309	3.2246e-07	-3.2222e-07	-0.001569	-6.768e-09	0.0015702	3.2308e-07	-3.2294e-07	-0.00081526	-6.9105e-09	0.0008143	3.2296e-07	-3.2294e-07	-4.7488e-05	-7.0529e-09	4.7578e-05	3.2344e-07	-3.2354e-07
0.09	-0.007092	-5.917e-09	0.0070924	3.2422e-07	-3.2268e-07	-0.0064606	-6.0313e-09	0.006461	3.2402e-07	-3.231e-07	-0.0058146	-6.1455e-09	0.0058134	3.2392e-07	-3.2306e-07	-0.0051538	-6.2593e-09	0.0051532	3.2378e-07	-3.2296e-07	-0.0044696	-6.3794e-09	0.0044704	3.236e-07	-3.2298e-07	-0.0037706	-6.5357e-09	0.0037712	3.2354e-07	-3.2294e-07	-0.0030562	-6.6451e-09	0.003057	3.2332e-07	-3.2294e-07	-0.0023268	-6.8006e-09	0.0023262	3.2322e-07	-3.2292e-07	-0.0015818	-7.0649e-09	0.0015806	3.2264e-07	-3.2294e-07	-0.00082116	-7.0582e-09	0.0008208	3.23e-07	-3.2298e-07	-4.8286000000000005e-05	-7.2014e-09	4.817e-05	3.235e-07	-3.2352e-07
0.085	-0.0071558	-6.0476e-09	0.007157	3.2362e-07	-3.2318e-07	-0.0065186	-6.1539e-09	0.0065188	3.2402e-07	-3.2256e-07	-0.0058632	-6.2737e-09	0.0058632	3.2386e-07	-3.231e-07	-0.0051952	-6.3883e-09	0.0051952	3.2318e-07	-3.2258e-07	-0.0045066	-6.518e-09	0.0045068	3.236e-07	-3.2294e-07	-0.0038012	-6.6514e-09	0.0038002	3.2332e-07	-3.2234e-07	-0.0030808	-6.7817e-09	0.00308	3.233e-07	-3.2288e-07	-0.002343	-6.9252e-09	0.0023424	3.2326e-07	-3.229e-07	-0.001592	-7.0518e-09	0.0015934	3.2306e-07	-3.2292e-07	-0.00082702	-7.201e-09	0.00082868	3.2268e-07	-3.229e-07	-4.8472e-05	-7.3538e-09	4.8604e-05	3.2348e-07	-3.235e-07
0.08	-0.0072204	-6.1741e-09	0.0072206	3.2426e-07	-3.2322e-07	-0.0065744	-6.2882e-09	0.0065746	3.24e-07	-3.2316e-07	-0.005913	-6.4079e-09	0.005914	3.2386e-07	-3.23e-07	-0.0052386	-6.5192e-09	0.0052386	3.237e-07	-3.2306e-07	-0.0045428	-6.6571e-09	0.0045438	3.2358e-07	-3.2296e-07	-0.0038292	-6.7915999999999996e-09	0.0038298	3.235e-07	-3.229e-07	-0.0031024	-6.928e-09	0.003104	3.2338e-07	-3.2294e-07	-0.0023594	-7.0754e-09	0.0023598	3.233e-07	-3.2292e-07	-0.0016036	-7.2148e-09	0.001605	3.2306e-07	-3.2288e-07	-0.00083168	-7.3594e-09	0.00083308	3.229e-07	-3.2288e-07	-4.9046e-05	-7.5108e-09	4.9126e-05	3.2346e-07	-3.235e-07
0.075	-0.0072838	-6.3199e-09	0.007283	3.242e-07	-3.2318e-07	-0.0066298	-6.416e-09	0.0066308	3.2402e-07	-3.2308e-07	-0.0059618	-6.5406e-09	0.0059614	3.2392e-07	-3.2314e-07	-0.0052792	-6.6584e-09	0.0052792	3.2374e-07	-3.2242e-07	-0.0045768	-6.7975e-09	0.0045776	3.2348e-07	-3.2296e-07	-0.0038586	-6.9386e-09	0.0038584	3.2342e-07	-3.2296e-07	-0.0031242	-7.0711e-09	0.0031244	3.2334e-07	-3.2296e-07	-0.0023772	-7.2197e-09	0.0023772	3.2326e-07	-3.2294e-07	-0.001614	-7.3636e-09	0.0016148	3.2306e-07	-3.2282e-07	-0.00083838	-7.512e-09	0.0008377	3.2292e-07	-3.2284e-07	-4.9174e-05	-7.6681e-09	4.9122e-05	3.2348e-07	-3.2344e-07
0.07	-0.0073444	-6.4288e-09	0.0073458	3.2424e-07	-3.232e-07	-0.0066844	-6.5578e-09	0.0066838	3.2404e-07	-3.2312e-07	-0.0060088	-6.6793e-09	0.0060084	3.2386e-07	-3.231e-07	-0.0053204	-6.7986e-09	0.0053212	3.2374e-07	-3.2302e-07	-0.0046106	-6.9406e-09	0.0046108	3.2358e-07	-3.2292e-07	-0.0038846	-7.0803e-09	0.003888	3.235e-07	-3.2294e-07	-0.0031476	-7.2286e-09	0.0031476	3.233e-07	-3.2294e-07	-0.0023936	-7.376e-09	0.0023936	3.2322e-07	-3.23e-07	-0.0016246	-7.515e-09	0.0016252	3.23e-07	-3.228e-07	-0.0008423	-7.6728e-09	0.00084382	3.2226e-07	-3.2218e-07	-4.9538e-05	-7.8324e-09	4.9574e-05	3.2344e-07	-3.2358e-07
0.065	-0.0074038	-6.7823e-09	0.0074056	3.2364e-07	-3.2322e-07	-0.006737	-6.6869e-09	0.0067374	3.2404e-07	-3.2314e-07	-0.0060542	-6.8165e-09	0.006055	3.2386e-07	-3.2252e-07	-0.0053594	-6.9473e-09	0.0053612	3.2312e-07	-3.2304e-07	-0.004645	-7.0867e-09	0.0046436	3.2356e-07	-3.23e-07	-0.0039146	-7.2302e-09	0.0039138	3.2276e-07	-3.2288e-07	-0.0031672	-7.3655e-09	0.003169	3.2336e-07	-3.2294e-07	-0.0024094	-7.5272e-09	0.0024094	3.2266e-07	-3.2236e-07	-0.0016358	-7.676e-09	0.0016354	3.2304e-07	-3.228e-07	-0.00084836	-7.8524e-09	0.00084844	3.2288e-07	-3.2288e-07	-4.9508e-05	-7.9841e-09	4.9936e-05	3.2362e-07	-3.2374e-07
0.06	-0.0074642	-6.7031e-09	0.0074642	3.2416e-07	-3.2324e-07	-0.006791	-6.8326e-09	0.0067904	3.2404e-07	-3.2308e-07	-0.0060998	-6.9644e-09	0.0061018	3.2386e-07	-3.2312e-07	-0.0053986	-7.087e-09	0.0054008	3.2362e-07	-3.2302e-07	-0.0046772	-7.236e-09	0.0046796	3.2356e-07	-3.2296e-07	-0.0039412	-7.3798e-09	0.003942	3.2276e-07	-3.2238e-07	-0.0031902	-7.5285e-09	0.0031904	3.2292e-07	-3.2236e-07	-0.0024244	-7.6866e-09	0.0024254	3.2328e-07	-3.2208e-07	-0.0016468	-7.8387e-09	0.0016468	3.2262e-07	-3.229e-07	-0.00085312	-7.9932e-09	0.00085448	3.2288e-07	-3.2286e-07	-4.9868e-05	-8.1598e-09	5.0022e-05	3.2346e-07	-3.2356e-07
0.055	-0.0075228	-6.8428e-09	0.007523	3.2362e-07	-3.2264e-07	-0.0068418	-6.9737e-09	0.0068422	3.2408e-07	-3.2314e-07	-0.0061462	-7.1086e-09	0.0061456	3.234e-07	-3.2308e-07	-0.0054384	-7.2352e-09	0.0054384	3.2378e-07	-3.2304e-07	-0.004709	-7.3848e-09	0.0047094	3.2354e-07	-3.23e-07	-0.0039658	-7.5352e-09	0.0039676	3.233e-07	-3.2238e-07	-0.0032108	-7.6849e-09	0.0032112	3.233e-07	-3.2294e-07	-0.0024402	-7.8434e-09	0.0024412	3.2324e-07	-3.2294e-07	-0.0016576	-8.0028e-09	0.001655	3.2302e-07	-3.2292e-07	-0.00085876	-8.1882e-09	0.0008597	3.2236e-07	-3.228e-07	-5.0574e-05	-8.33e-09	5.0444e-05	3.235e-07	-3.2356e-07
0.05	-0.0075792	-6.9842e-09	0.0075808	3.2422e-07	-3.2326e-07	-0.0068922	-7.1095e-09	0.0068928	3.2354e-07	-3.2312e-07	-0.006189	-7.2588e-09	0.00619	3.2392e-07	-3.2308e-07	-0.0054754	-7.3848e-09	0.0054756	3.2376e-07	-3.2244e-07	-0.0047416	-7.5328e-09	0.004742	3.2356e-07	-3.2294e-07	-0.0039942	-7.6923e-09	0.003993	3.2344e-07	-3.2302e-07	-0.0032306	-7.8425e-09	0.0032304	3.2328e-07	-3.229e-07	-0.0024558	-8.0124e-09	0.0024552	3.2324e-07	-3.2298e-07	-0.001666	-8.1701e-09	0.0016664	3.2302e-07	-3.2284e-07	-0.00086266	-8.3554e-09	0.00086396	3.2292e-07	-3.2292e-07	-5.0762e-05	-8.5072e-09	5.0682e-05	3.235e-07	-3.235e-07
0.045	-0.0076364	-7.1315e-09	0.0076366	3.236e-07	-3.2318e-07	-0.0069418	-7.2659e-09	0.0069426	3.2396e-07	-3.2308e-07	-0.006232	-7.4061e-09	0.0062338	3.2392e-07	-3.2308e-07	-0.0055128	-7.5384e-09	0.005513	3.238e-07	-3.2312e-07	-0.0047722	-7.7139e-09	0.0047722	3.2362e-07	-3.2298e-07	-0.0040182	-7.8512e-09	0.0040194	3.2346e-07	-3.23e-07	-0.0032518	-8.0119e-09	0.0032516	3.2334e-07	-3.229e-07	-0.0024694	-8.1812e-09	0.0024706	3.2326e-07	-3.2294e-07	-0.0016748	-8.3398e-09	0.0016768	3.2302e-07	-3.2282e-07	-0.00086788	-8.5053e-09	0.0008678	3.2292e-07	-3.2288e-07	-5.1108e-05	-8.6779e-09	5.1114e-05	3.2348e-07	-3.2348e-07
0.04	-0.0076906	-7.2843e-09	0.007692	3.2368e-07	-3.2262e-07	-0.006991	-7.4184e-09	0.0069908	3.2404e-07	-3.2314e-07	-0.0062752	-7.5611e-09	0.0062752	3.2386e-07	-3.2252e-07	-0.0055498	-7.7001e-09	0.0055492	3.2374e-07	-3.2308e-07	-0.0048056	-7.8524e-09	0.0048026	3.2356e-07	-3.2296e-07	-0.0040434	-8.015e-09	0.0040434	3.2288e-07	-3.2246e-07	-0.0032704	-8.1706e-09	0.0032716	3.232e-07	-3.229e-07	-0.0024834	-8.3739e-09	0.0024848	3.2254e-07	-3.223e-07	-0.0016854	-8.521e-09	0.001685	3.2304e-07	-3.2284e-07	-0.00087426	-8.6816e-09	0.00087472	3.2294e-07	-3.2292e-07	-5.1448e-05	-8.8606e-09	5.1474e-05	3.235e-07	-3.2354e-07
0.035	-0.0077454	-7.4288e-09	0.0077456	3.2422e-07	-3.2318e-07	-0.007038	-7.5711e-09	0.00704	3.2398e-07	-3.2308e-07	-0.0063164	-7.7162e-09	0.0063194	3.2386e-07	-3.2302e-07	-0.005585	-7.8592e-09	0.0055848	3.2366e-07	-3.2302e-07	-0.0048336	-8.0193e-09	0.0048342	3.235e-07	-3.2306e-07	-0.0040676	-8.1857e-09	0.0040688	3.2284e-07	-3.223e-07	-0.0032902	-8.3446e-09	0.0032912	3.2324e-07	-3.229e-07	-0.0024984	-8.5199e-09	0.0024978	3.2324e-07	-3.229e-07	-0.001695	-8.6989e-09	0.0016946	3.2308e-07	-3.2296e-07	-0.00087766	-8.8611e-09	0.0008775	3.2294e-07	-3.2292e-07	-5.1632e-05	-9.0508e-09	5.1686e-05	3.2356e-07	-3.2358e-07
0.03	-0.0077982	-7.5905e-09	0.0077988	3.2418e-07	-3.2322e-07	-0.0070854	-7.7226e-09	0.007086	3.2402e-07	-3.2316e-07	-0.0063572	-8.1571e-09	0.006359	3.238e-07	-3.2306e-07	-0.005619	-8.0146e-09	0.0056218	3.2318e-07	-3.2246e-07	-0.0048616	-8.1884e-09	0.0048634	3.2354e-07	-3.229e-07	-0.0040922	-8.3613e-09	0.0040928	3.2336e-07	-3.2292e-07	-0.0033086	-8.5146e-09	0.0033096	3.2332e-07	-3.229e-07	-0.002514	-8.7005e-09	0.002513	3.2318e-07	-3.2302e-07	-0.0017032	-8.8725e-09	0.0017032	3.2248e-07	-3.2226e-07	-0.0008824	-9.05e-09	0.00088354	3.2234e-07	-3.228e-07	-5.2194e-05	-9.2441e-09	5.2052e-05	3.2348e-07	-3.2352e-07
0.025	-0.0078508	-7.7411e-09	0.0078518	3.2432e-07	-3.2328e-07	-0.007131	-7.8834e-09	0.007133	3.2404e-07	-3.231e-07	-0.0063984	-8.0251e-09	0.006398	3.2332e-07	-3.2246e-07	-0.0056534	-8.1889e-09	0.0056556	3.2372e-07	-3.2308e-07	-0.0048918	-8.3564e-09	0.004892	3.2348e-07	-3.2294e-07	-0.004116	-8.5231e-09	0.0041162	3.2354e-07	-3.2298e-07	-0.0033276	-8.9794e-09	0.0033286	3.2326e-07	-3.2292e-07	-0.0025262	-8.8838e-09	0.0025262	3.2266e-07	-3.222e-07	-0.0017122	-9.0633e-09	0.001714	3.2302e-07	-3.2294e-07	-0.0008882	-9.2331e-09	0.00088868	3.2294e-07	-3.2292e-07	-5.2076e-05	-9.4261e-09	5.22e-05	3.2348e-07	-3.2352e-07
0.02	-0.0079036	-7.9075e-09	0.0079018	3.2418e-07	-3.2328e-07	-0.007176	-8.0473e-09	0.0071764	3.241e-07	-3.2314e-07	-0.006438	-8.2065e-09	0.0064378	3.238e-07	-3.2302e-07	-0.005689	-8.3847e-09	0.0056896	3.2368e-07	-3.2298e-07	-0.00492	-8.5291e-09	0.0049202	3.2356e-07	-3.23e-07	-0.0041388	-8.7119e-09	0.0041398	3.2344e-07	-3.2292e-07	-0.0033464	-8.8908e-09	0.0033462	3.2336e-07	-3.2294e-07	-0.0025386	-9.0666e-09	0.0025386	3.2326e-07	-3.229e-07	-0.001722	-9.2448e-09	0.001722	3.2252e-07	-3.229e-07	-0.00089186	-9.4317e-09	0.00089214	3.2288e-07	-3.2284e-07	-5.23e-05	-9.6214e-09	5.2186000000000005e-05	3.2348e-07	-3.2352e-07
0.015	-0.0079534	-8.0685e-09	0.0079534	3.243e-07	-3.2326e-07	-0.0072218	-8.2171e-09	0.0072214	3.2402e-07	-3.2312e-07	-0.0064754	-8.3785e-09	0.0064766	3.2388e-07	-3.2306e-07	-0.0057208	-8.5366e-09	0.0057214	3.2306e-07	-3.2242e-07	-0.0049486	-8.707599999999998e-09	0.0049472	3.2354e-07	-3.2284e-07	-0.0041622	-8.8883e-09	0.0041634	3.2338e-07	-3.2296e-07	-0.0033638	-9.0697e-09	0.0033646	3.233e-07	-3.229e-07	-0.0025526	-9.2271e-09	0.002553	3.2252e-07	-3.223e-07	-0.0017312	-9.4322e-09	0.0017326	3.2314e-07	-3.2284e-07	-0.00089734	-9.6201e-09	0.0008981	3.229e-07	-3.2276e-07	-5.260000000000001e-05	-1.01164e-08	5.2356000000000005e-05	3.2352e-07	-3.2362e-07
0.01	-0.0080018	-8.2243e-09	0.0080016	3.242e-07	-3.2326e-07	-0.0072642	-8.3793e-09	0.0072644	3.2408e-07	-3.232e-07	-0.0065146	-8.5543e-09	0.0065146	3.2336e-07	-3.2252e-07	-0.0057538	-8.712e-09	0.0057542	3.2374e-07	-3.2304e-07	-0.0049762	-8.8871e-09	0.0049776	3.236e-07	-3.23e-07	-0.0041838	-9.0678e-09	0.0041846	3.2284e-07	-3.2234e-07	-0.0033816	-9.247e-09	0.0033812	3.2332e-07	-3.2294e-07	-0.0025656	-9.4449e-09	0.0025656	3.2326e-07	-3.2288e-07	-0.00174	-9.6202e-09	0.0017404	3.2306e-07	-3.2288e-07	-0.00090054	-1.01044e-08	0.00090052	3.2296e-07	-3.2286e-07	-5.231e-05	-1.00241e-08	5.265e-05	3.2354e-07	-3.2356e-07
0.005	-0.0080514	-8.3937e-09	0.0080522	3.2428e-07	-3.2326e-07	-0.0073076	-8.5546e-09	0.0073094	3.2348e-07	-3.2276e-07	-0.0065508	-8.7226e-09	0.0065518	3.2384e-07	-3.2304e-07	-0.0057866	-8.8895e-09	0.0057866	3.2366e-07	-3.2296e-07	-0.0050042	-9.0752e-09	0.005003	3.2356e-07	-3.23e-07	-0.004207	-9.284e-09	0.0042068	3.2342e-07	-3.229e-07	-0.0033992	-9.4397e-09	0.003399	3.2328e-07	-3.229e-07	-0.0025786	-9.6368e-09	0.0025792	3.2318e-07	-3.2288e-07	-0.0017468	-9.8168e-09	0.001748	3.2306e-07	-3.229e-07	-0.00090356	-1.00252e-08	0.00090526	3.2296e-07	-3.2288e-07	-5.2568e-05	-1.05217e-08	5.2734e-05	3.2348e-07	-3.236e-07
0.0	-0.0080984	-8.5708e-09	0.0080984	3.2422e-07	-3.2318e-07	-0.0073492	-8.737e-09	0.0073508	3.2398e-07	-3.2318e-07	-0.0065886	-8.9017e-09	0.006588	3.2396e-07	-3.2308e-07	-0.0058166	-9.0812e-09	0.0058178	3.2368e-07	-3.2246e-07	-0.005029	-9.2604e-09	0.0050302	3.2364e-07	-3.2298e-07	-0.0042278	-9.4499e-09	0.0042266	3.2342e-07	-3.2296e-07	-0.003416	-9.6327e-09	0.003415	3.2328e-07	-3.2284e-07	-0.0025922	-9.8285e-09	0.0025918	3.2318e-07	-3.2292e-07	-0.001755	-1.00234e-08	0.0017556	3.2312e-07	-3.2288e-07	-0.0009095	-1.05136e-08	0.00090862	3.2288e-07	-3.2284e-07	-5.2724e-05	-1.04487e-08	5.2852e-05	3.2352e-07	-3.2356e-07
