vg	id_vd = 0V	ig_vd = 0V	is_vd = 0V	iavdd_vd = 0V	ignd_vd = 0V	id_vd = 0.01V	ig_vd = 0.01V	is_vd = 0.01V	iavdd_vd = 0.01V	ignd_vd = 0.01V	id_vd = 0.02V	ig_vd = 0.02V	is_vd = 0.02V	iavdd_vd = 0.02V	ignd_vd = 0.02V	id_vd = 0.03V	ig_vd = 0.03V	is_vd = 0.03V	iavdd_vd = 0.03V	ignd_vd = 0.03V	id_vd = 0.04V	ig_vd = 0.04V	is_vd = 0.04V	iavdd_vd = 0.04V	ignd_vd = 0.04V	id_vd = 0.05V	ig_vd = 0.05V	is_vd = 0.05V	iavdd_vd = 0.05V	ignd_vd = 0.05V	id_vd = 0.06V	ig_vd = 0.06V	is_vd = 0.06V	iavdd_vd = 0.06V	ignd_vd = 0.06V	id_vd = 0.07V	ig_vd = 0.07V	is_vd = 0.07V	iavdd_vd = 0.07V	ignd_vd = 0.07V	id_vd = 0.08V	ig_vd = 0.08V	is_vd = 0.08V	iavdd_vd = 0.08V	ignd_vd = 0.08V	id_vd = 0.09V	ig_vd = 0.09V	is_vd = 0.09V	iavdd_vd = 0.09V	ignd_vd = 0.09V	id_vd = 0.1V	ig_vd = 0.1V	is_vd = 0.1V	iavdd_vd = 0.1V	ignd_vd = 0.1V
1.2	-2.916e-09	6.6726e-10	1.4915e-09	3.2348e-07	-3.2264e-07	-2.6232e-09	6.5672e-10	1.3756e-09	3.2324e-07	-3.2252e-07	-2.3833e-09	6.3737e-10	1.2498e-09	3.2306e-07	-3.2254e-07	-2.1268e-09	6.2952e-10	1.1153e-09	3.2294e-07	-3.2252e-07	-1.9017e-09	6.1735e-10	9.93e-10	3.2286e-07	-3.2252e-07	-1.6426e-09	6.1226e-10	8.5426e-10	3.2258e-07	-3.223e-07	-1.3814e-09	5.9702e-10	7.1028e-10	3.2242e-07	-3.2234e-07	-1.1155e-09	5.818e-10	5.6774e-10	3.2236e-07	-3.2244e-07	-7.9677e-10	5.8129e-10	3.8868e-10	3.2218e-07	-3.2234e-07	-4.5331e-10	5.7424e-10	1.7544e-10	3.2206e-07	-3.2236e-07	-4.611e-11	5.6529e-10	-8.666e-11	3.2192e-07	-3.2234e-07
1.195	-3.0616e-09	6.2669e-10	1.6339e-09	3.2344e-07	-3.2262e-07	-2.752e-09	6.1061e-10	1.5045e-09	3.2324e-07	-3.2258e-07	-2.5164e-09	5.9722e-10	1.3702e-09	3.2308e-07	-3.2258e-07	-2.2649e-09	5.9005e-10	1.2275e-09	3.229e-07	-3.2248e-07	-1.9997e-09	5.7619e-10	1.1086e-09	3.2292e-07	-3.2252e-07	-1.717e-09	5.597e-10	9.4748e-10	3.2264e-07	-3.223e-07	-1.4537e-09	5.5554e-10	8.0205e-10	3.2248e-07	-3.2236e-07	-1.1784e-09	5.414e-10	6.3118e-10	3.2242e-07	-3.2238e-07	-8.4448e-10	5.3215e-10	4.4398e-10	3.222e-07	-3.2234e-07	-4.7321e-10	5.1801e-10	2.1156e-10	3.2202e-07	-3.2224e-07	-4.167e-11	5.1184e-10	-8.138e-11	3.2192e-07	-3.2234e-07
1.19	-3.2091e-09	5.7686e-10	1.8126e-09	3.2352e-07	-3.2264e-07	-2.8953e-09	5.6653e-10	1.6854e-09	3.2322e-07	-3.2246e-07	-2.6743e-09	5.5222e-10	1.5274e-09	3.2308e-07	-3.225e-07	-2.3772e-09	5.3928e-10	1.3542e-09	3.2306e-07	-3.2252e-07	-2.1031e-09	5.3096e-10	1.2342e-09	3.2292e-07	-3.2254e-07	-1.8559e-09	5.2799e-10	1.0577e-09	3.227e-07	-3.2242e-07	-1.5292e-09	5.1278e-10	8.947e-10	3.226e-07	-3.2236e-07	-1.2178e-09	5.008e-10	7.1842e-10	3.2248e-07	-3.224e-07	-8.9185e-10	4.9724e-10	5.0571e-10	3.2222e-07	-3.2232e-07	-5.0054e-10	4.9085e-10	2.4548e-10	3.221e-07	-3.2232e-07	-3.416e-11	4.8203e-10	-7.533e-11	3.22e-07	-3.223e-07
1.185	-3.3623e-09	5.4738e-10	1.9999e-09	3.235e-07	-3.2266e-07	-3.0834e-09	5.2722e-10	1.8156e-09	3.233e-07	-3.2256e-07	-2.7752e-09	5.1941e-10	1.6688e-09	3.2312e-07	-3.2254e-07	-2.4964e-09	5.112e-10	1.4767e-09	3.2294e-07	-3.2246e-07	-2.2144e-09	4.9869e-10	1.3408e-09	3.2294e-07	-3.225e-07	-1.943e-09	4.8187e-10	1.1847e-09	3.2272e-07	-3.2246e-07	-1.6372e-09	4.7834e-10	1.0081e-09	3.2248e-07	-3.2234e-07	-1.294e-09	4.6773e-10	7.8686e-10	3.2242e-07	-3.2242e-07	-9.5215e-10	4.5742e-10	5.6854e-10	3.2236e-07	-3.2236e-07	-5.3633e-10	4.4201e-10	2.8017e-10	3.221e-07	-3.223e-07	-2.051e-11	4.3903e-10	-6.931e-11	3.2202e-07	-3.2236e-07
1.18	-3.5768e-09	5.0303e-10	2.2431e-09	3.2354e-07	-3.227e-07	-3.2187e-09	4.957e-10	2.0173e-09	3.2326e-07	-3.2252e-07	-2.9737e-09	4.8009e-10	1.803e-09	3.2312e-07	-3.2252e-07	-2.6555e-09	4.6805e-10	1.6774e-09	3.2302e-07	-3.2246e-07	-2.3732e-09	4.621e-10	1.5063e-09	3.2294e-07	-3.225e-07	-2.0651e-09	4.4563e-10	1.3333e-09	3.2276e-07	-3.2242e-07	-1.7496e-09	4.409e-10	1.12225e-09	3.2256e-07	-3.224e-07	-1.3901e-09	4.3021e-10	9.063e-10	3.2246e-07	-3.2236e-07	-1.01505e-09	4.27e-10	6.2611e-10	3.2228e-07	-3.2232e-07	-5.46e-10	4.233e-10	3.2824e-10	3.2218e-07	-3.223e-07	-2.808e-11	4.1209e-10	-5.994e-11	3.2206e-07	-3.223e-07
1.175	-3.8149e-09	4.7804e-10	2.4373e-09	3.2358e-07	-3.226e-07	-3.4626e-09	4.6081e-10	2.2323e-09	3.2328e-07	-3.2252e-07	-3.1275e-09	4.5313e-10	2.0213e-09	3.231e-07	-3.2248e-07	-2.8092e-09	4.4479e-10	1.8291e-09	3.2298e-07	-3.2244e-07	-2.5324e-09	4.3117e-10	1.6603e-09	3.2296e-07	-3.2256e-07	-2.185e-09	4.2504e-10	1.4521e-09	3.2282e-07	-3.2246e-07	-1.8565e-09	4.1294e-10	1.2524e-09	3.2254e-07	-3.2234e-07	-1.5037e-09	4.0502e-10	9.9062e-10	3.2248e-07	-3.2236e-07	-1.08104e-09	3.9341e-10	7.1365e-10	3.2234e-07	-3.2234e-07	-6.0785e-10	3.8002e-10	3.7557e-10	3.2216e-07	-3.2228e-07	-4.06e-11	3.7485e-10	-5.336e-11	3.22e-07	-3.2228e-07
1.17	-4.0156e-09	4.3807e-10	2.6799e-09	3.2362e-07	-3.2264e-07	-3.6932e-09	4.3361e-10	2.4651e-09	3.233e-07	-3.2246e-07	-3.3529e-09	4.1658e-10	2.2453e-09	3.2314e-07	-3.2242e-07	-3.0149e-09	4.059e-10	2.0213e-09	3.2302e-07	-3.2248e-07	-2.68e-09	4.0093e-10	1.8363e-09	3.2296e-07	-3.2246e-07	-2.3493e-09	3.8678e-10	1.6136e-09	3.2286e-07	-3.2238e-07	-1.9755e-09	3.8479e-10	1.3814e-09	3.2262e-07	-3.2232e-07	-1.5905e-09	3.7228e-10	1.10672e-09	3.2248e-07	-3.223e-07	-1.1655e-09	3.6196e-10	7.9466e-10	3.223e-07	-3.2224e-07	-6.4744e-10	3.6355e-10	4.1879e-10	3.2218e-07	-3.223e-07	-2.103e-11	3.5205e-10	-4.708e-11	3.221e-07	-3.2226e-07
1.165	-4.3052e-09	4.1913e-10	2.9379e-09	3.2372e-07	-3.2274e-07	-3.9507e-09	4.0141e-10	2.7513e-09	3.2336e-07	-3.2252e-07	-3.5563e-09	4.0069e-10	2.4786e-09	3.2318e-07	-3.2248e-07	-3.1844e-09	3.8716e-10	2.2544e-09	3.2304e-07	-3.2246e-07	-2.8599e-09	3.7525e-10	2.0411e-09	3.2302e-07	-3.2248e-07	-2.5368e-09	3.7083e-10	1.7743e-09	3.228e-07	-3.2236e-07	-2.1077e-09	3.5671e-10	1.5233e-09	3.2264e-07	-3.2234e-07	-1.7225e-09	3.5202e-10	1.2414e-09	3.2246e-07	-3.223e-07	-1.2366e-09	3.4512e-10	8.9836e-10	3.2246e-07	-3.2242e-07	-6.947e-10	3.2788e-10	4.7582e-10	3.2224e-07	-3.2224e-07	-2.085e-11	3.2399e-10	-4.071e-11	3.2208e-07	-3.2236e-07
1.16	-4.6094e-09	3.8578e-10	3.2555e-09	3.2378e-07	-3.2264e-07	-4.1776e-09	3.8272e-10	2.9833e-09	3.233e-07	-3.2246e-07	-3.8155e-09	3.6408e-10	2.7683e-09	3.2318e-07	-3.2238e-07	-3.4169e-09	3.5935e-10	2.4721e-09	3.2308e-07	-3.2244e-07	-3.0896e-09	3.5184e-10	2.226e-09	3.231e-07	-3.2252e-07	-2.6966e-09	3.3507e-10	1.9886e-09	3.2276e-07	-3.2242e-07	-2.2866e-09	3.3509e-10	1.6885e-09	3.2264e-07	-3.2234e-07	-1.8359e-09	3.2657e-10	1.3766e-09	3.2254e-07	-3.2224e-07	-1.3276e-09	3.1423e-10	9.9816e-10	3.224e-07	-3.2236e-07	-7.3994e-10	3.1658e-10	5.3083e-10	3.2222e-07	-3.2232e-07	-3.448e-11	3.0436e-10	-3.312e-11	3.2212e-07	-3.2234e-07
1.155	-4.9308e-09	3.6992e-10	3.6049e-09	3.2366e-07	-3.227e-07	-4.4891e-09	3.5324e-10	3.3051e-09	3.234e-07	-3.2254e-07	-4.0977e-09	3.4986e-10	3.0253e-09	3.232e-07	-3.2244e-07	-3.6987e-09	3.3882e-10	2.7469e-09	3.2314e-07	-3.2252e-07	-3.3005e-09	3.2822e-10	2.4959e-09	3.2308e-07	-3.2248e-07	-2.8986e-09	3.2491e-10	2.2077e-09	3.228e-07	-3.2242e-07	-2.4858e-09	3.088e-10	1.8839e-09	3.2264e-07	-3.2238e-07	-2.002e-09	3.0269e-10	1.5287e-09	3.2258e-07	-3.224e-07	-1.4322e-09	3.0103e-10	1.101e-09	3.2238e-07	-3.2226e-07	-8.1245e-10	2.835e-10	6.0322e-10	3.223e-07	-3.2232e-07	-3.101e-11	2.7974e-10	-2.474e-11	3.2218e-07	-3.2234e-07
1.15	-5.2576e-09	3.3983e-10	3.9683e-09	3.2368e-07	-3.2264e-07	-4.8515e-09	3.3765e-10	3.6664e-09	3.2336e-07	-3.2252e-07	-4.3907e-09	3.2009e-10	3.3595e-09	3.2314e-07	-3.225e-07	-3.9855e-09	3.1594e-10	3.0405e-09	3.2308e-07	-3.2242e-07	-3.5821e-09	3.08e-10	2.7595e-09	3.23e-07	-3.2246e-07	-3.1314e-09	2.9435e-10	2.449e-09	3.2286e-07	-3.2234e-07	-2.6742e-09	2.9434e-10	2.094e-09	3.2276e-07	-3.224e-07	-2.1357e-09	2.851e-10	1.7085e-09	3.2254e-07	-3.2232e-07	-1.5937e-09	2.7159e-10	1.2305e-09	3.2246e-07	-3.2232e-07	-8.6785e-10	2.7489e-10	6.7057e-10	3.2222e-07	-3.2232e-07	-2.083e-11	2.6607e-10	-1.789e-11	3.2212e-07	-3.223e-07
1.145	-5.6515e-09	3.3015e-10	4.3867e-09	3.2364e-07	-3.226e-07	-5.1707e-09	3.1121e-10	4.0169e-09	3.2326e-07	-3.2244e-07	-4.7265e-09	3.1236e-10	3.7036e-09	3.232e-07	-3.2242e-07	-4.2767e-09	2.9918e-10	3.3654e-09	3.2316e-07	-3.2246e-07	-3.85e-09	2.8802e-10	3.0465e-09	3.23e-07	-3.2248e-07	-3.4172e-09	2.8519e-10	2.7002e-09	3.2282e-07	-3.2238e-07	-2.9072e-09	2.7194e-10	2.3074e-09	3.2276e-07	-3.2238e-07	-2.3293e-09	2.6441e-10	1.8802e-09	3.2262e-07	-3.223e-07	-1.7118e-09	2.5391e-10	1.3651e-09	3.2246e-07	-3.2226e-07	-9.3826e-10	2.473e-10	7.5373e-10	3.223e-07	-3.2228e-07	-3.474e-11	2.4354e-10	-9.65e-12	3.222e-07	-3.2236e-07
1.14	-6.1491e-09	3.0178e-10	4.8362e-09	3.2362e-07	-3.226e-07	-5.5936e-09	2.9954e-10	4.4625e-09	3.2336e-07	-3.2248e-07	-5.1268e-09	2.8023e-10	4.0892e-09	3.233e-07	-3.2252e-07	-4.6144e-09	2.7881e-10	3.6878e-09	3.2316e-07	-3.2252e-07	-4.1751e-09	2.7124e-10	3.3714e-09	3.2306e-07	-3.2252e-07	-3.6648e-09	2.5652e-10	2.9596e-09	3.2276e-07	-3.2234e-07	-3.1533e-09	2.5808e-10	2.5627e-09	3.2276e-07	-3.2238e-07	-2.5403e-09	2.5035e-10	2.092e-09	3.2258e-07	-3.2232e-07	-1.8291e-09	2.4484e-10	1.5148e-09	3.226e-07	-3.2254e-07	-1.01907e-09	2.3966e-10	8.4214e-10	3.2226e-07	-3.2236e-07	-4.059e-11	2.2787e-10	-4.9e-13	3.2216e-07	-3.2228e-07
1.135	-6.6146e-09	2.9261e-10	5.3097e-09	3.2368e-07	-3.2266e-07	-6.0709e-09	2.7699e-10	4.9587e-09	3.2336e-07	-3.2252e-07	-5.5177e-09	2.7477e-10	4.5133e-09	3.2332e-07	-3.2252e-07	-5.0393e-09	2.6017e-10	4.1065e-09	3.2314e-07	-3.2248e-07	-4.5114e-09	2.5245e-10	3.7238e-09	3.2306e-07	-3.2252e-07	-3.9588e-09	2.5273e-10	3.3135e-09	3.229e-07	-3.2238e-07	-3.4166e-09	2.3603e-10	2.8388e-09	3.2278e-07	-3.224e-07	-2.7466e-09	2.2839e-10	2.3205e-09	3.2266e-07	-3.224e-07	-1.9929e-09	2.2198e-10	1.6944e-09	3.2254e-07	-3.2242e-07	-1.11926e-09	2.1304e-10	9.3468e-10	3.2226e-07	-3.2228e-07	-3.422e-11	2.0975e-10	7.9e-12	3.2214e-07	-3.2226e-07
1.13	-7.1378e-09	2.686e-10	5.8801e-09	3.2362e-07	-3.2256e-07	-6.5953e-09	2.6559e-10	5.4385e-09	3.2338e-07	-3.2248e-07	-6.0142e-09	2.4895e-10	4.9997e-09	3.233e-07	-3.2242e-07	-5.4566e-09	2.4667e-10	4.5227e-09	3.2308e-07	-3.2246e-07	-4.9191e-09	2.3898e-10	4.125e-09	3.2312e-07	-3.2252e-07	-4.3268e-09	2.2639e-10	3.643e-09	3.2284e-07	-3.2242e-07	-3.6989e-09	2.256e-10	3.1519e-09	3.2268e-07	-3.2228e-07	-2.9957e-09	2.1898e-10	2.5376e-09	3.227e-07	-3.224e-07	-2.165e-09	2.1535e-10	1.8791e-09	3.2268e-07	-3.2262e-07	-1.219e-09	2.0027e-10	1.04093e-09	3.2224e-07	-3.2226e-07	-3.869e-11	1.9895e-10	1.81e-11	3.2222e-07	-3.2234e-07
1.125	-7.7613e-09	2.6244e-10	6.4901e-09	3.2362e-07	-3.2254e-07	-7.148e-09	2.4587e-10	6.0285e-09	3.2338e-07	-3.2244e-07	-6.5436e-09	2.4493e-10	5.5367e-09	3.2326e-07	-3.2254e-07	-5.8944e-09	2.3025e-10	5.0568e-09	3.2312e-07	-3.2242e-07	-5.345e-09	2.2392e-10	4.5863e-09	3.2304e-07	-3.2242e-07	-4.692e-09	2.2154e-10	4.0456e-09	3.2282e-07	-3.2242e-07	-4.031e-09	2.0798e-10	3.5262e-09	3.2264e-07	-3.2224e-07	-3.2524e-09	2.0234e-10	2.831e-09	3.2262e-07	-3.2246e-07	-2.3606e-09	1.9168e-10	2.0771e-09	3.2266e-07	-3.2258e-07	-1.3368e-09	1.9396e-10	1.1617e-09	3.2234e-07	-3.2234e-07	-5.79e-11	1.8217e-10	3.11e-11	3.222e-07	-3.2238e-07
1.12	-8.4416e-09	2.4045e-10	7.1714e-09	3.236e-07	-3.2256e-07	-7.7331e-09	2.3611e-10	6.6432e-09	3.2338e-07	-3.2252e-07	-7.147e-09	2.1968e-10	6.1079e-09	3.233e-07	-3.2252e-07	-6.5087e-09	2.2003e-10	5.5905e-09	3.2318e-07	-3.2252e-07	-5.8439e-09	2.1124e-10	5.0613e-09	3.2306e-07	-3.225e-07	-5.1298e-09	1.9841e-10	4.5004e-09	3.2288e-07	-3.223e-07	-4.4263e-09	1.9736e-10	3.8582e-09	3.2264e-07	-3.2226e-07	-3.5735e-09	1.9373e-10	3.1432e-09	3.2262e-07	-3.2232e-07	-2.5914e-09	1.8914e-10	2.3001e-09	3.232e-07	-3.2304e-07	-1.4551e-09	1.8067e-10	1.2939e-09	3.2234e-07	-3.2228e-07	-5.34e-11	1.7328e-10	3.851e-11	3.2218e-07	-3.2236e-07
1.115	-9.195e-09	2.3407e-10	7.9359e-09	3.2362e-07	-3.2258e-07	-8.4137e-09	2.1941e-10	7.3007e-09	3.2338e-07	-3.2242e-07	-7.784e-09	2.1795e-10	6.7979e-09	3.2326e-07	-3.224e-07	-7.0725e-09	2.0181e-10	6.2033e-09	3.2312e-07	-3.2236e-07	-6.3606e-09	1.9691e-10	5.5924e-09	3.2304e-07	-3.2246e-07	-5.5929e-09	1.9598e-10	4.9682e-09	3.228e-07	-3.2226e-07	-4.8522e-09	1.8328e-10	4.3042e-09	3.2268e-07	-3.2236e-07	-3.9026e-09	1.7486e-10	3.504e-09	3.226e-07	-3.224e-07	-2.8352e-09	1.679e-10	2.5567e-09	3.2268e-07	-3.226e-07	-1.5792e-09	1.6352e-10	1.4321e-09	3.2236e-07	-3.223e-07	-4.965e-11	1.6106e-10	5.221e-11	3.2212e-07	-3.2232e-07
1.11	-9.9712e-09	2.1522e-10	8.7757e-09	3.2366e-07	-3.226e-07	-9.243e-09	2.0869e-10	8.0801e-09	3.2334e-07	-3.2244e-07	-8.4771e-09	1.9607e-10	7.4757e-09	3.2324e-07	-3.2238e-07	-7.7001e-09	1.9571e-10	6.8497e-09	3.2308e-07	-3.2236e-07	-6.9461e-09	1.8606e-10	6.2013e-09	3.2306e-07	-3.224e-07	-6.1843e-09	1.761e-10	5.5197e-09	3.2278e-07	-3.2236e-07	-5.2901e-09	1.7424e-10	4.7597e-09	3.2276e-07	-3.2232e-07	-4.2676e-09	1.6934e-10	3.8401e-09	3.2258e-07	-3.2238e-07	-3.1181e-09	1.6654e-10	2.8304e-09	3.2266e-07	-3.2264e-07	-1.7321e-09	1.6101e-10	1.5913e-09	3.2234e-07	-3.223e-07	-7.155e-11	1.524e-10	6.651e-11	3.2218e-07	-3.223e-07
1.105	-1.09318e-08	2.0852e-10	9.6712e-09	3.2366e-07	-3.2258e-07	-1.00796e-08	1.971e-10	8.9765e-09	3.234e-07	-3.2252e-07	-9.2833e-09	1.9384e-10	8.2689e-09	3.2326e-07	-3.2246e-07	-8.4319e-09	1.7962e-10	7.5801e-09	3.2308e-07	-3.224e-07	-7.606e-09	1.7647e-10	6.855e-09	3.2306e-07	-3.2246e-07	-6.7246e-09	1.7223e-10	6.0863e-09	3.2282e-07	-3.2236e-07	-5.791e-09	1.6422e-10	5.2939e-09	3.2278e-07	-3.2234e-07	-4.6797e-09	1.5469e-10	4.2857e-09	3.2264e-07	-3.224e-07	-3.4243e-09	1.4574e-10	3.1512e-09	3.2266e-07	-3.2252e-07	-1.9111e-09	1.4102e-10	1.772e-09	3.223e-07	-3.223e-07	-8.535e-11	1.3916e-10	7.92e-11	3.2216e-07	-3.2232e-07
1.1	-1.19222e-08	1.975e-10	1.06867e-08	3.2362e-07	-3.2254e-07	-1.10509e-08	1.8891e-10	9.9393e-09	3.2336e-07	-3.2248e-07	-1.0149e-08	1.7434e-10	9.139e-09	3.2324e-07	-3.2246e-07	-9.2658e-09	1.7456e-10	8.4654e-09	3.2312e-07	-3.2244e-07	-8.3771e-09	1.6325e-10	7.6017e-09	3.2304e-07	-3.2246e-07	-7.3963e-09	1.5521e-10	6.7681e-09	3.2288e-07	-3.2228e-07	-6.4132e-09	1.5081e-10	5.8518e-09	3.227e-07	-3.2236e-07	-5.1428e-09	1.4809e-10	4.7473e-09	3.227e-07	-3.2234e-07	-3.7337e-09	1.4593e-10	3.4858e-09	3.2262e-07	-3.2252e-07	-2.0861e-09	1.4144e-10	1.9566e-09	3.223e-07	-3.2226e-07	-7.979e-11	1.3344e-10	9.391e-11	3.2216e-07	-3.223e-07
1.095	-1.30134e-08	1.8436e-10	1.18286e-08	3.2362e-07	-3.2262e-07	-1.20304e-08	1.7853e-10	1.10191e-08	3.2338e-07	-3.2248e-07	-1.10909e-08	1.7359e-10	1.01613e-08	3.2326e-07	-3.2236e-07	-1.0181e-08	1.5924e-10	9.3005e-09	3.2314e-07	-3.2242e-07	-9.1341e-09	1.5634e-10	8.3938e-09	3.2302e-07	-3.224e-07	-8.1013e-09	1.5287e-10	7.4957e-09	3.2284e-07	-3.224e-07	-6.9797e-09	1.4482e-10	6.4891e-09	3.227e-07	-3.223e-07	-5.6546e-09	1.3698e-10	5.2426e-09	3.2264e-07	-3.224e-07	-4.1063e-09	1.2834e-10	3.8465e-09	3.2244e-07	-3.2232e-07	-2.2838e-09	1.2457e-10	2.155e-09	3.2236e-07	-3.2234e-07	-9.718e-11	1.2287e-10	1.0842e-10	3.2218e-07	-3.2232e-07
1.09	-1.42564e-08	1.7682e-10	1.3104e-08	3.2366e-07	-3.2256e-07	-1.3231e-08	1.6633e-10	1.21772e-08	3.2346e-07	-3.225e-07	-1.21714e-08	1.5932e-10	1.12103e-08	3.2326e-07	-3.2242e-07	-1.12513e-08	1.5547e-10	1.02872e-08	3.232e-07	-3.224e-07	-1.00249e-08	1.4653e-10	9.3184e-09	3.23e-07	-3.2244e-07	-8.8804e-09	1.4005e-10	8.2748e-09	3.2294e-07	-3.2246e-07	-7.6678e-09	1.34e-10	7.1665e-09	3.2276e-07	-3.2226e-07	-6.1778e-09	1.3251e-10	5.8174e-09	3.227e-07	-3.224e-07	-4.5205e-09	1.2869e-10	4.2651e-09	3.2252e-07	-3.2232e-07	-2.5235e-09	1.26e-10	2.3939e-09	3.2234e-07	-3.2234e-07	-1.2016e-10	1.1771e-10	1.2884e-10	3.2216e-07	-3.2234e-07
1.085	-1.56332e-08	1.6396e-10	1.45056e-08	3.2368e-07	-3.2262e-07	-1.45298e-08	1.59e-10	1.34318e-08	3.2342e-07	-3.2254e-07	-1.33428e-08	1.5011e-10	1.23994e-08	3.2332e-07	-3.2244e-07	-1.22196e-08	1.4125e-10	1.13815e-08	3.2314e-07	-3.2242e-07	-1.10214e-08	1.4126e-10	1.03343e-08	3.23e-07	-3.224e-07	-9.8093e-09	1.3337e-10	9.2056e-09	3.2296e-07	-3.2248e-07	-8.4646e-09	1.3025e-10	7.9619e-09	3.2276e-07	-3.2238e-07	-6.8337e-09	1.2247e-10	6.4173e-09	3.2264e-07	-3.224e-07	-4.9647e-09	1.1266e-10	4.6965e-09	3.2248e-07	-3.223e-07	-2.788e-09	1.0729e-10	2.6479e-09	3.2242e-07	-3.223e-07	-1.2841e-10	1.0573e-10	1.4769e-10	3.2224e-07	-3.2236e-07
1.08	-1.71536e-08	1.5659e-10	1.59858e-08	3.2368e-07	-3.2254e-07	-1.59572e-08	1.4845e-10	1.48608e-08	3.2342e-07	-3.2246e-07	-1.47052e-08	1.4584e-10	1.37554e-08	3.2318e-07	-3.2244e-07	-1.34046e-08	1.3712e-10	1.26168e-08	3.232e-07	-3.225e-07	-1.21236e-08	1.2797e-10	1.14105e-08	3.2302e-07	-3.224e-07	-1.07535e-08	1.2496e-10	1.01894e-08	3.2292e-07	-3.2248e-07	-9.3714e-09	1.1581e-10	8.8064e-09	3.2278e-07	-3.2236e-07	-7.4781e-09	1.1533e-10	7.1212e-09	3.2272e-07	-3.2244e-07	-5.4517e-09	1.1364e-10	5.2236e-09	3.2254e-07	-3.223e-07	-3.0517e-09	1.1038e-10	2.9318e-09	3.224e-07	-3.2228e-07	-1.3437e-10	1.0544e-10	1.6985e-10	3.2222e-07	-3.223e-07
1.075	-1.88202e-08	1.4965e-10	1.76636e-08	3.2364e-07	-3.226e-07	-1.74708e-08	1.4148e-10	1.64528e-08	3.234e-07	-3.2242e-07	-1.61344e-08	1.3157e-10	1.52718e-08	3.2324e-07	-3.2236e-07	-1.47682e-08	1.2885e-10	1.3962e-08	3.2322e-07	-3.224e-07	-1.3345e-08	1.2779e-10	1.26406e-08	3.2308e-07	-3.2242e-07	-1.18044e-08	1.1307e-10	1.11766e-08	3.229e-07	-3.224e-07	-1.02324e-08	1.1613e-10	9.7444e-09	3.2276e-07	-3.2236e-07	-8.2313e-09	1.0809e-10	7.8602e-09	3.2276e-07	-3.2244e-07	-6.0477e-09	1.0244e-10	5.7565e-09	3.2252e-07	-3.2234e-07	-3.3451e-09	9.451e-11	3.2323e-09	3.2234e-07	-3.223e-07	-1.7104e-10	9.152e-11	1.8787e-10	3.2224e-07	-3.223e-07
1.07	-2.0708e-08	1.3824e-10	1.95166e-08	3.2374e-07	-3.2264e-07	-1.92064e-08	1.3322e-10	1.8184e-08	3.2338e-07	-3.224e-07	-1.77488e-08	1.2778e-10	1.68558e-08	3.2326e-07	-3.224e-07	-1.62508e-08	1.2021e-10	1.54342e-08	3.2316e-07	-3.2242e-07	-1.46764e-08	1.1456e-10	1.39984e-08	3.2302e-07	-3.2242e-07	-1.30888e-08	1.1595e-10	1.2443e-08	3.2292e-07	-3.2242e-07	-1.13068e-08	1.0361e-10	1.07812e-08	3.2276e-07	-3.2232e-07	-9.0386e-09	1.0164e-10	8.6808e-09	3.227e-07	-3.2236e-07	-6.5962e-09	9.942e-11	6.3596e-09	3.2254e-07	-3.2236e-07	-3.6801e-09	9.776e-11	3.5749e-09	3.2236e-07	-3.2228e-07	-1.8805e-10	9.201e-11	2.1436e-10	3.2224e-07	-3.2236e-07
1.065	-2.26872e-08	1.3643e-10	2.1528e-08	3.2372e-07	-3.2254e-07	-2.11212e-08	1.2625e-10	2.00742e-08	3.235e-07	-3.2248e-07	-1.95274e-08	1.208e-10	1.85864e-08	3.2324e-07	-3.2238e-07	-1.78648e-08	1.1498e-10	1.71022e-08	3.2312e-07	-3.224e-07	-1.61838e-08	1.1099e-10	1.55062e-08	3.2308e-07	-3.2246e-07	-1.43492e-08	9.959e-11	1.37608e-08	3.2296e-07	-3.224e-07	-1.23762e-08	9.771e-11	1.19308e-08	3.2276e-07	-3.2236e-07	-9.9922e-09	9.656e-11	9.6184e-09	3.2272e-07	-3.2246e-07	-7.2885e-09	9.05e-11	7.0292e-09	3.2262e-07	-3.2238e-07	-4.0488e-09	8.286e-11	3.9385e-09	3.2238e-07	-3.2224e-07	-1.999e-10	7.919e-11	2.419e-10	3.2224e-07	-3.223e-07
1.06	-2.49834e-08	1.2489e-10	2.37994e-08	3.2368e-07	-3.2256e-07	-2.32188e-08	1.2001e-10	2.21854e-08	3.235e-07	-3.225e-07	-2.15764e-08	1.1149e-10	2.05404e-08	3.2336e-07	-3.2232e-07	-1.9727e-08	1.0788e-10	1.88994e-08	3.2312e-07	-3.2234e-07	-1.78248e-08	1.079e-10	1.71618e-08	3.2306e-07	-3.2244e-07	-1.5809e-08	9.865e-11	1.52808e-08	3.23e-07	-3.224e-07	-1.36468e-08	9.973e-11	1.3195e-08	3.2274e-07	-3.2234e-07	-1.10191e-08	8.729e-11	1.05801e-08	3.227e-07	-3.2236e-07	-7.9739e-09	8.706e-11	7.7665e-09	3.2256e-07	-3.2242e-07	-4.4664e-09	8.593e-11	4.3698e-09	3.2234e-07	-3.223e-07	-2.3457e-10	8.303e-11	2.7189e-10	3.2226e-07	-3.2234e-07
1.055	-2.74056e-08	1.2007e-10	2.62368e-08	3.2374e-07	-3.2256e-07	-2.5529e-08	1.143e-10	2.45596e-08	3.2342e-07	-3.225e-07	-2.37474e-08	1.1138e-10	2.2705e-08	3.2342e-07	-3.2244e-07	-2.17026e-08	1.0262e-10	2.09134e-08	3.2312e-07	-3.2238e-07	-1.96096e-08	9.526e-11	1.89728e-08	3.2308e-07	-3.224e-07	-1.74432e-08	9.533e-11	1.68394e-08	3.228e-07	-3.2236e-07	-1.511e-08	8.427e-11	1.45978e-08	3.2278e-07	-3.224e-07	-1.21094e-08	8.342e-11	1.17396e-08	3.2272e-07	-3.2238e-07	-8.7734e-09	8.056e-11	8.5924e-09	3.2258e-07	-3.2238e-07	-4.9186e-09	7.328e-11	4.832e-09	3.224e-07	-3.2234e-07	-2.7071e-10	6.883e-11	3.0691e-10	3.2218e-07	-3.2228e-07
1.05	-3.01346e-08	1.169e-10	2.90392e-08	3.2368e-07	-3.2262e-07	-2.80988e-08	1.0861e-10	2.70894e-08	3.2352e-07	-3.2246e-07	-2.6021e-08	1.0076e-10	2.5126e-08	3.233e-07	-3.2242e-07	-2.3907e-08	9.521e-11	2.31018e-08	3.2314e-07	-3.224e-07	-2.16728e-08	9.934e-11	2.09414e-08	3.2302e-07	-3.2234e-07	-1.92228e-08	8.144e-11	1.8568e-08	3.2288e-07	-3.2234e-07	-1.6566e-08	8.567e-11	1.6126e-08	3.2276e-07	-3.2232e-07	-1.33274e-08	8.101e-11	1.29936e-08	3.2272e-07	-3.2248e-07	-9.7047e-09	7.394e-11	9.4771e-09	3.2254e-07	-3.2236e-07	-5.4353e-09	7.554e-11	5.3058e-09	3.2242e-07	-3.223e-07	-2.8522e-10	7.423e-11	3.38e-10	3.2224e-07	-3.2236e-07
1.045	-3.31158e-08	1.0549e-10	3.20506e-08	3.2372e-07	-3.2256e-07	-3.08824e-08	1.0275e-10	2.99018e-08	3.2346e-07	-3.2246e-07	-2.86266e-08	9.609e-11	2.77242e-08	3.2324e-07	-3.2236e-07	-2.62902e-08	9.29e-11	2.55378e-08	3.2318e-07	-3.2242e-07	-2.38084e-08	8.339e-11	2.31918e-08	3.2306e-07	-3.2236e-07	-2.11182e-08	8.738e-11	2.05928e-08	3.229e-07	-3.2236e-07	-1.829e-08	7.968e-11	1.78434e-08	3.2278e-07	-3.2236e-07	-1.46758e-08	7.152e-11	1.4354e-08	3.2272e-07	-3.2244e-07	-1.06686e-08	7.231e-11	1.0464e-08	3.2266e-07	-3.224e-07	-5.9772e-09	6.391e-11	5.8675e-09	3.2234e-07	-3.223e-07	-3.1969e-10	6.145e-11	3.736e-10	3.2228e-07	-3.2234e-07
1.04	-3.64924e-08	1.0644e-10	3.54736e-08	3.2378e-07	-3.226e-07	-3.39822e-08	9.798e-11	3.30082e-08	3.2344e-07	-3.2252e-07	-3.1483e-08	9.367e-11	3.05934e-08	3.233e-07	-3.224e-07	-2.90016e-08	8.411e-11	2.82432e-08	3.2318e-07	-3.224e-07	-2.62832e-08	8.766e-11	2.5576e-08	3.23e-07	-3.2238e-07	-2.32776e-08	7.42e-11	2.2711e-08	3.2294e-07	-3.2234e-07	-2.01488e-08	7.107e-11	1.96122e-08	3.2278e-07	-3.2236e-07	-1.618e-08	7.017e-11	1.5804e-08	3.2272e-07	-3.2238e-07	-1.1782e-08	6.234e-11	1.15862e-08	3.226e-07	-3.2242e-07	-6.5389e-09	6.832e-11	6.4769e-09	3.2234e-07	-3.223e-07	-3.7242e-10	6.584e-11	4.2167e-10	3.2222e-07	-3.2234e-07
1.035	-4.00678e-08	9.542e-11	3.89662e-08	3.2372e-07	-3.2258e-07	-3.73774e-08	9.225e-11	3.6404e-08	3.2342e-07	-3.2254e-07	-3.46706e-08	8.31e-11	3.37294e-08	3.2326e-07	-3.224e-07	-3.18932e-08	8.342e-11	3.1094e-08	3.2314e-07	-3.2236e-07	-2.88816e-08	7.872e-11	2.82418e-08	3.2306e-07	-3.224e-07	-2.56208e-08	7.317e-11	2.51708e-08	3.229e-07	-3.2244e-07	-2.21842e-08	7.431e-11	2.17476e-08	3.2276e-07	-3.2228e-07	-1.78378e-08	6.745e-11	1.75116e-08	3.2276e-07	-3.2246e-07	-1.2915e-08	6.418e-11	1.2708e-08	3.2262e-07	-3.2242e-07	-7.24e-09	5.887e-11	7.1186e-09	3.2232e-07	-3.2228e-07	-4.172e-10	5.084e-11	4.6018e-10	3.2224e-07	-3.223e-07
1.03	-4.4146e-08	9.231e-11	4.31186e-08	3.2372e-07	-3.2266e-07	-4.11358e-08	8.918e-11	4.0137e-08	3.2342e-07	-3.224e-07	-3.82172e-08	8.514e-11	3.74414e-08	3.2326e-07	-3.2236e-07	-3.51992e-08	7.522e-11	3.43464e-08	3.232e-07	-3.2234e-07	-3.18292e-08	7.393e-11	3.11734e-08	3.2314e-07	-3.2252e-07	-2.8291e-08	7.112e-11	2.7803e-08	3.2294e-07	-3.2234e-07	-2.44408e-08	6.053e-11	2.3996e-08	3.2282e-07	-3.2244e-07	-1.96178e-08	5.828e-11	1.93288e-08	3.2272e-07	-3.223e-07	-1.42846e-08	6.057e-11	1.40844e-08	3.2266e-07	-3.224e-07	-7.9632e-09	5.954e-11	7.876e-09	3.2242e-07	-3.224e-07	-4.4726e-10	6.04e-11	5.0978e-10	3.2218e-07	-3.223e-07
1.025	-4.84412e-08	9.086e-11	4.73202e-08	3.2368e-07	-3.2254e-07	-4.53472e-08	8.365e-11	4.42752e-08	3.2348e-07	-3.2242e-07	-4.20542e-08	7.526e-11	4.11712e-08	3.2324e-07	-3.224e-07	-3.86536e-08	7.069e-11	3.79326e-08	3.232e-07	-3.2242e-07	-3.51268e-08	7.246e-11	3.43768e-08	3.2314e-07	-3.2246e-07	-3.11054e-08	5.949e-11	3.05624e-08	3.2286e-07	-3.223e-07	-2.69436e-08	6.539e-11	2.6556e-08	3.2272e-07	-3.2234e-07	-2.16276e-08	6.27e-11	2.13136e-08	3.227e-07	-3.2234e-07	-1.56776e-08	5.08e-11	1.54992e-08	3.225e-07	-3.2232e-07	-8.7478e-09	5.133e-11	8.6879e-09	3.224e-07	-3.2226e-07	-5.2664e-10	4.408e-11	5.8553e-10	3.2226e-07	-3.2234e-07
1.02	-5.3397e-08	7.874e-11	5.20978e-08	3.2378e-07	-3.2254e-07	-4.9816e-08	7.766e-11	4.86682e-08	3.2344e-07	-3.2242e-07	-4.6261e-08	7.214e-11	4.53424e-08	3.2334e-07	-3.2242e-07	-4.2653e-08	7.242e-11	4.18396e-08	3.2318e-07	-3.2236e-07	-3.874e-08	6.028e-11	3.8035e-08	3.2312e-07	-3.2248e-07	-3.42858e-08	6.64e-11	3.37224e-08	3.2284e-07	-3.2232e-07	-2.96666e-08	5.574e-11	2.9143e-08	3.2278e-07	-3.224e-07	-2.37826e-08	5.022e-11	2.34898e-08	3.2268e-07	-3.224e-07	-1.72952e-08	5.709e-11	1.7151e-08	3.2244e-07	-3.223e-07	-9.6326e-09	5.308e-11	9.5676e-09	3.2232e-07	-3.2232e-07	-5.8076e-10	5.199e-11	6.3731e-10	3.2224e-07	-3.224e-07
1.015	-5.8546e-08	8.53e-11	5.7375e-08	3.2374e-07	-3.2264e-07	-5.46204e-08	7.53e-11	5.37104e-08	3.2348e-07	-3.2248e-07	-5.07644e-08	7.203e-11	5.00476e-08	3.233e-07	-3.2242e-07	-4.68736e-08	6.013e-11	4.61716e-08	3.2318e-07	-3.2242e-07	-4.25492e-08	6.656e-11	4.1857e-08	3.2316e-07	-3.2248e-07	-3.77488e-08	5.36e-11	3.71654e-08	3.229e-07	-3.2232e-07	-3.26322e-08	5.384e-11	3.21702e-08	3.2284e-07	-3.2242e-07	-2.62634e-08	5.421e-11	2.58878e-08	3.227e-07	-3.2238e-07	-1.9039e-08	4.399e-11	1.88434e-08	3.2248e-07	-3.223e-07	-1.05994e-08	4.467e-11	1.05792e-08	3.224e-07	-3.2234e-07	-6.3778e-10	3.797e-11	6.9847e-10	3.2222e-07	-3.2242e-07
1.01	-6.44472e-08	6.911e-11	6.32184e-08	3.2366e-07	-3.2256e-07	-6.0284e-08	6.864e-11	5.92022e-08	3.2348e-07	-3.2244e-07	-5.60088e-08	6.107e-11	5.51048e-08	3.232e-07	-3.224e-07	-5.16228e-08	6.57e-11	5.0939e-08	3.2312e-07	-3.2242e-07	-4.70256e-08	5.336e-11	4.61394e-08	3.231e-07	-3.2242e-07	-4.15328e-08	5.499e-11	4.10402e-08	3.229e-07	-3.2246e-07	-3.6055e-08	5.359e-11	3.55632e-08	3.2284e-07	-3.2246e-07	-2.8938e-08	4.779e-11	2.86074e-08	3.2272e-07	-3.2234e-07	-2.10278e-08	4.947e-11	2.08736e-08	3.2256e-07	-3.2234e-07	-1.17522e-08	3.781e-11	1.16836e-08	3.224e-07	-3.223e-07	-7.0907e-10	4.797e-11	7.7689e-10	3.2226e-07	-3.2238e-07
1.005	-7.06604e-08	7.375e-11	6.95686e-08	3.2366e-07	-3.2258e-07	-6.63664e-08	6.955e-11	6.52544e-08	3.2342e-07	-3.224e-07	-6.14524e-08	6.638e-11	6.0717e-08	3.2324e-07	-3.2236e-07	-5.68592e-08	5.402e-11	5.6056e-08	3.2316e-07	-3.224e-07	-5.15404e-08	5.711e-11	5.0962e-08	3.232e-07	-3.2252e-07	-4.57438e-08	5.209e-11	4.5319e-08	3.2288e-07	-3.2234e-07	-3.96412e-08	4.338e-11	3.9227e-08	3.2284e-07	-3.2242e-07	-3.18892e-08	4.196e-11	3.15024e-08	3.227e-07	-3.2234e-07	-2.31292e-08	4.233e-11	2.2973e-08	3.2248e-07	-3.2236e-07	-1.29946e-08	4.273e-11	1.29424e-08	3.2236e-07	-3.223e-07	-8.0669e-10	3.262e-11	8.5531e-10	3.2224e-07	-3.223e-07
1	-7.78916e-08	6.545e-11	7.66374e-08	3.2364e-07	-3.226e-07	-7.29816e-08	6.082e-11	7.19068e-08	3.234e-07	-3.2248e-07	-6.77292e-08	5.508e-11	6.68146e-08	3.2328e-07	-3.2242e-07	-6.25772e-08	5.632e-11	6.18004e-08	3.2308e-07	-3.2238e-07	-5.68894e-08	5.179e-11	5.60224e-08	3.2308e-07	-3.2246e-07	-5.04112e-08	4.536e-11	5.00568e-08	3.2296e-07	-3.2236e-07	-4.3612e-08	4.963e-11	4.32494e-08	3.228e-07	-3.2238e-07	-3.50906e-08	4.697e-11	3.48618e-08	3.2266e-07	-3.223e-07	-2.55378e-08	3.868e-11	2.54342e-08	3.2248e-07	-3.223e-07	-1.4336e-08	3.566e-11	1.42592e-08	3.2244e-07	-3.2232e-07	-8.6609e-10	4.257e-11	9.4153e-10	3.2224e-07	-3.2234e-07
0.995	-8.53754e-08	6.145e-11	8.43314e-08	3.2366e-07	-3.226e-07	-8.00886e-08	6.029e-11	7.90606e-08	3.234e-07	-3.2242e-07	-7.45662e-08	5.362e-11	7.35334e-08	3.2326e-07	-3.2244e-07	-6.88846e-08	5.176e-11	6.8026e-08	3.2314e-07	-3.2236e-07	-6.23994e-08	4.569e-11	6.18684e-08	3.2312e-07	-3.2248e-07	-5.5555e-08	5.076e-11	5.4908e-08	3.229e-07	-3.223e-07	-4.80122e-08	3.889e-11	4.76318e-08	3.2292e-07	-3.2246e-07	-3.8637e-08	3.407e-11	3.83076e-08	3.2266e-07	-3.2234e-07	-2.81578e-08	4.304e-11	2.78976e-08	3.2248e-07	-3.2234e-07	-1.5817e-08	3.486e-11	1.5658e-08	3.2234e-07	-3.2224e-07	-9.7394e-10	2.837e-11	1.04319e-09	3.2224e-07	-3.223e-07
0.99	-9.38526e-08	6.264e-11	9.27174e-08	3.237e-07	-3.226e-07	-8.83428e-08	5.581e-11	8.70814e-08	3.2342e-07	-3.225e-07	-8.20516e-08	5.295e-11	8.11718e-08	3.2332e-07	-3.2242e-07	-7.57378e-08	4.538e-11	7.48946e-08	3.2314e-07	-3.2234e-07	-6.8806e-08	4.837e-11	6.81014e-08	3.2314e-07	-3.2254e-07	-6.11098e-08	3.843e-11	6.06978e-08	3.2298e-07	-3.2242e-07	-5.30104e-08	4.112e-11	5.23072e-08	3.2288e-07	-3.2244e-07	-4.25736e-08	4.376e-11	4.22736e-08	3.2264e-07	-3.2234e-07	-3.1039e-08	3.005e-11	3.0833e-08	3.2252e-07	-3.2224e-07	-1.73998e-08	3.491e-11	1.73806e-08	3.224e-07	-3.2234e-07	-1.07549e-09	3.771e-11	1.15003e-09	3.2228e-07	-3.2236e-07
0.985	-1.029856e-07	5.157e-11	1.017106e-07	3.2372e-07	-3.226e-07	-9.67048e-08	5.109e-11	9.57092e-08	3.2338e-07	-3.2244e-07	-9.02132e-08	4.481e-11	8.93062e-08	3.2324e-07	-3.2234e-07	-8.3322e-08	5.115e-11	8.25414e-08	3.2316e-07	-3.224e-07	-7.56656e-08	3.773e-11	7.50036e-08	3.2314e-07	-3.2252e-07	-6.73298e-08	4.337e-11	6.66346e-08	3.2296e-07	-3.2238e-07	-5.82948e-08	3.807e-11	5.78414e-08	3.228e-07	-3.2242e-07	-4.68804e-08	3.042e-11	4.6619e-08	3.2264e-07	-3.2236e-07	-3.42226e-08	3.864e-11	3.4021e-08	3.2246e-07	-3.223e-07	-1.91784e-08	2.817e-11	1.91652e-08	3.2242e-07	-3.2238e-07	-1.2669e-09	3.15e-11	1.2849e-09	3.2228e-07	-3.224e-07
0.98	-1.13092e-07	5.658e-11	1.11968e-07	3.2362e-07	-3.2258e-07	-1.06431e-07	5.181e-11	1.05436e-07	3.2342e-07	-3.2244e-07	-9.92462e-08	4.951e-11	9.8373e-08	3.2328e-07	-3.2236e-07	-9.17534e-08	3.867e-11	9.10894e-08	3.232e-07	-3.2242e-07	-8.34394e-08	4.18e-11	8.28264e-08	3.2312e-07	-3.2248e-07	-7.40524e-08	3.634e-11	7.3521e-08	3.2294e-07	-3.2246e-07	-6.40788e-08	3.143e-11	6.37866e-08	3.2278e-07	-3.2248e-07	-5.16766e-08	3.562e-11	5.12954e-08	3.2272e-07	-3.2242e-07	-3.77658e-08	2.742e-11	3.74878e-08	3.2248e-07	-3.223e-07	-2.12148e-08	3.185e-11	2.1164e-08	3.224e-07	-3.2238e-07	-1.3648e-09	3.194e-11	1.4206e-09	3.2228e-07	-3.224e-07
0.975	-1.2398e-07	4.53e-11	1.2312e-07	3.2372e-07	-3.226e-07	-1.1682e-07	4.349e-11	1.1572e-07	3.2338e-07	-3.2244e-07	-1.09052e-07	4.086e-11	1.081536e-07	3.2326e-07	-3.2242e-07	-1.007914e-07	4.468e-11	9.9982e-08	3.2308e-07	-3.2236e-07	-9.16248e-08	3.635e-11	9.09176e-08	3.2312e-07	-3.225e-07	-8.15998e-08	3.312e-11	8.11342e-08	3.2296e-07	-3.2244e-07	-7.05432e-08	3.695e-11	7.02114e-08	3.2286e-07	-3.2236e-07	-5.70576e-08	3.063e-11	5.66628e-08	3.2266e-07	-3.2234e-07	-4.15908e-08	3.02e-11	4.14712e-08	3.2254e-07	-3.223e-07	-2.34052e-08	2.435e-11	2.33122e-08	3.2242e-07	-3.2234e-07	-1.5112e-09	2.046e-11	1.5687e-09	3.2228e-07	-3.2236e-07
0.97	-1.367e-07	5.138e-11	1.3576e-07	3.2374e-07	-3.2262e-07	-1.2878e-07	4.562e-11	1.2752e-07	3.234e-07	-3.2246e-07	-1.204e-07	4.041e-11	1.1912e-07	3.2332e-07	-3.2242e-07	-1.110342e-07	3.736e-11	1.102828e-07	3.2316e-07	-3.224e-07	-1.00963e-07	3.382e-11	1.002396e-07	3.2312e-07	-3.2246e-07	-8.99726e-08	3.69e-11	8.93358e-08	3.2298e-07	-3.2244e-07	-7.78604e-08	2.601e-11	7.73494e-08	3.2278e-07	-3.2232e-07	-6.27664e-08	2.632e-11	6.26316e-08	3.226e-07	-3.2228e-07	-4.60358e-08	2.778e-11	4.57688e-08	3.225e-07	-3.2226e-07	-2.5886e-08	2.6e-11	2.58508e-08	3.2246e-07	-3.224e-07	-1.6795e-09	2.733e-11	1.74e-09	3.2234e-07	-3.2242e-07
0.965	-1.5004e-07	4.041e-11	1.4964e-07	3.2374e-07	-3.2266e-07	-1.4144e-07	3.822e-11	1.4034e-07	3.2342e-07	-3.225e-07	-1.3254e-07	3.83e-11	1.3116e-07	3.2322e-07	-3.2236e-07	-1.221e-07	3.457e-11	1.2134e-07	3.2318e-07	-3.2246e-07	-1.114708e-07	3.41e-11	1.1047e-07	3.2314e-07	-3.2248e-07	-9.89916e-08	2.57e-11	9.8537e-08	3.2292e-07	-3.2234e-07	-8.56156e-08	3.169e-11	8.52928e-08	3.228e-07	-3.2234e-07	-6.92644e-08	3.108e-11	6.90106e-08	3.2266e-07	-3.224e-07	-5.07874e-08	2.141e-11	5.06094e-08	3.2246e-07	-3.223e-07	-2.85626e-08	2.353e-11	2.84346e-08	3.224e-07	-3.2234e-07	-1.8575e-09	1.805e-11	1.9437e-09	3.223e-07	-3.2234e-07
0.96	-1.656e-07	4.53e-11	1.6424e-07	3.237e-07	-3.226e-07	-1.5584e-07	4.141e-11	1.5458e-07	3.2342e-07	-3.2248e-07	-1.452e-07	3.486e-11	1.446e-07	3.2316e-07	-3.2238e-07	-1.344e-07	3.472e-11	1.3378e-07	3.232e-07	-3.2238e-07	-1.2222e-07	2.886e-11	1.2234e-07	3.23e-07	-3.2234e-07	-1.09083e-07	3.34e-11	1.085564e-07	3.2296e-07	-3.224e-07	-9.44544e-08	2.432e-11	9.40634e-08	3.228e-07	-3.2236e-07	-7.64602e-08	2.06e-11	7.61858e-08	3.2264e-07	-3.2234e-07	-5.61344e-08	2.841e-11	5.58826e-08	3.2252e-07	-3.2232e-07	-3.1623e-08	1.877e-11	3.15858e-08	3.2238e-07	-3.2232e-07	-2.0537e-09	2.231e-11	2.1246e-09	3.223e-07	-3.2236e-07
0.955	-1.8204e-07	3.543e-11	1.8086e-07	3.2364e-07	-3.2254e-07	-1.7138e-07	3.189e-11	1.7002e-07	3.2344e-07	-3.2248e-07	-1.603e-07	3.417e-11	1.5924e-07	3.2324e-07	-3.2242e-07	-1.4736e-07	3.025e-11	1.4718e-07	3.2316e-07	-3.2242e-07	-1.3498e-07	2.995e-11	1.337e-07	3.2312e-07	-3.2238e-07	-1.2026e-07	2.373e-11	1.1996e-07	3.229e-07	-3.2238e-07	-1.040706e-07	2.325e-11	1.037442e-07	3.2284e-07	-3.2236e-07	-8.44172e-08	2.878e-11	8.39856e-08	3.2264e-07	-3.224e-07	-6.19848e-08	1.692e-11	6.17892e-08	3.2248e-07	-3.2236e-07	-3.5022e-08	2.364e-11	3.48732e-08	3.2234e-07	-3.223e-07	-2.2963e-09	1.49e-11	2.3686e-09	3.2228e-07	-3.2232e-07
0.95	-1.9978e-07	3.945e-11	1.9928e-07	3.2362e-07	-3.2252e-07	-1.8858e-07	3.853e-11	1.873e-07	3.2338e-07	-3.2234e-07	-1.7584e-07	3.044e-11	1.7504e-07	3.2332e-07	-3.2236e-07	-1.6346e-07	2.872e-11	1.6258e-07	3.2308e-07	-3.224e-07	-1.4862e-07	2.615e-11	1.483e-07	3.2306e-07	-3.2236e-07	-1.3242e-07	2.708e-11	1.3198e-07	3.2306e-07	-3.2242e-07	-1.149236e-07	2.532e-11	1.145412e-07	3.2282e-07	-3.2242e-07	-9.31808e-08	1.868e-11	9.29538e-08	3.2262e-07	-3.2234e-07	-6.83314e-08	2.425e-11	6.82254e-08	3.2244e-07	-3.2222e-07	-3.8742e-08	1.454e-11	3.8726e-08	3.2242e-07	-3.223e-07	-2.5132e-09	1.923e-11	2.6079e-09	3.222e-07	-3.2234e-07
0.945	-2.2118e-07	3.016e-11	2.1906e-07	3.2358e-07	-3.2254e-07	-2.0784e-07	2.686e-11	2.064e-07	3.234e-07	-3.2232e-07	-1.9416e-07	3.013e-11	1.9344e-07	3.2324e-07	-3.2234e-07	-1.8006e-07	2.67e-11	1.7922e-07	3.2316e-07	-3.2234e-07	-1.64e-07	2.462e-11	1.6342e-07	3.2308e-07	-3.2242e-07	-1.4646e-07	1.878e-11	1.461e-07	3.2288e-07	-3.2234e-07	-1.272e-07	1.709e-11	1.2616e-07	3.2276e-07	-3.2234e-07	-1.03222e-07	2.195e-11	1.028028e-07	3.227e-07	-3.2236e-07	-7.58278e-08	1.752e-11	7.557e-08	3.2246e-07	-3.2224e-07	-4.29388e-08	1.84e-11	4.28476e-08	3.2236e-07	-3.223e-07	-2.8202e-09	1.455e-11	2.8976e-09	3.2222e-07	-3.223e-07
0.94	-2.4258e-07	3.576e-11	2.4168e-07	3.2366e-07	-3.2248e-07	-2.2872e-07	3.387e-11	2.2778e-07	3.2338e-07	-3.2246e-07	-2.1418e-07	2.767e-11	2.1368e-07	3.2326e-07	-3.2238e-07	-1.9834e-07	2.408e-11	1.9722e-07	3.232e-07	-3.224e-07	-1.8128e-07	2.215e-11	1.8052e-07	3.2308e-07	-3.2238e-07	-1.6148e-07	2.726e-11	1.6106e-07	3.2296e-07	-3.2238e-07	-1.401e-07	2.471e-11	1.394e-07	3.2282e-07	-3.2236e-07	-1.140738e-07	2.138e-11	1.1357e-07	3.2266e-07	-3.2236e-07	-8.38814e-08	1.69e-11	8.36456e-08	3.2248e-07	-3.2232e-07	-4.75518e-08	1.585e-11	4.75214e-08	3.2236e-07	-3.223e-07	-3.1336e-09	1.562e-11	3.2134e-09	3.2218e-07	-3.2222e-07
0.935	-2.68e-07	2.657e-11	2.6626e-07	3.2364e-07	-3.2258e-07	-2.5252e-07	2.489e-11	2.5182e-07	3.2336e-07	-3.2246e-07	-2.3598e-07	2.545e-11	2.358e-07	3.2326e-07	-3.2242e-07	-2.1918e-07	2.639e-11	2.1778e-07	3.2314e-07	-3.2236e-07	-1.999e-07	2.341e-11	1.9916e-07	3.23e-07	-3.224e-07	-1.7848e-07	1.526e-11	1.7842e-07	3.2288e-07	-3.2238e-07	-1.5528e-07	1.529e-11	1.5452e-07	3.2284e-07	-3.2234e-07	-1.2628e-07	1.387e-11	1.2582e-07	3.2276e-07	-3.2244e-07	-9.28688e-08	1.823e-11	9.2623e-08	3.225e-07	-3.2234e-07	-5.27584e-08	1.331e-11	5.2702e-08	3.2238e-07	-3.2226e-07	-3.4606e-09	1.35e-11	3.5641e-09	3.2222e-07	-3.223e-07
0.93	-2.9502e-07	3.189e-11	2.9416e-07	3.236e-07	-3.2254e-07	-2.7824e-07	2.931e-11	2.7758e-07	3.2332e-07	-3.2238e-07	-2.6072e-07	2.298e-11	2.5986e-07	3.2324e-07	-3.2242e-07	-2.413e-07	1.809e-11	2.4102e-07	3.231e-07	-3.2236e-07	-2.206e-07	1.851e-11	2.202e-07	3.2306e-07	-3.224e-07	-1.9702e-07	2.391e-11	1.9688e-07	3.2286e-07	-3.2228e-07	-1.7116e-07	1.812e-11	1.7062e-07	3.2292e-07	-3.2244e-07	-1.399e-07	1.921e-11	1.3924e-07	3.2276e-07	-3.2236e-07	-1.027508e-07	1.187e-11	1.02553e-07	3.2252e-07	-3.224e-07	-5.85996e-08	1.768e-11	5.84916e-08	3.224e-07	-3.2228e-07	-3.8851e-09	1.34e-11	3.9836e-09	3.2226e-07	-3.2228e-07
0.925	-3.266e-07	2.534e-11	3.2548e-07	3.236e-07	-3.2256e-07	-3.0782e-07	2.103e-11	3.0644e-07	3.2334e-07	-3.2238e-07	-2.8782e-07	2.097e-11	2.8742e-07	3.2326e-07	-3.2242e-07	-2.6732e-07	2.453e-11	2.6688e-07	3.2312e-07	-3.2232e-07	-2.442e-07	2.169e-11	2.4368e-07	3.2304e-07	-3.224e-07	-2.1784e-07	1.241e-11	2.1812e-07	3.2294e-07	-3.2238e-07	-1.901e-07	1.386e-11	1.8926e-07	3.229e-07	-3.224e-07	-1.5462e-07	1.174e-11	1.544e-07	3.227e-07	-3.224e-07	-1.14132e-07	1.659e-11	1.14103e-07	3.2258e-07	-3.2234e-07	-6.50668e-08	8.1e-12	6.50738e-08	3.2236e-07	-3.2228e-07	-4.3424e-09	1.158e-11	4.4422e-09	3.222e-07	-3.2232e-07
0.92	-3.6068e-07	2.534e-11	3.597e-07	3.2356e-07	-3.2256e-07	-3.4e-07	2.567e-11	3.389e-07	3.2338e-07	-3.2238e-07	-3.1926e-07	1.934e-11	3.176e-07	3.2328e-07	-3.2246e-07	-2.9528e-07	1.406e-11	2.9484e-07	3.2314e-07	-3.2232e-07	-2.7026e-07	1.438e-11	2.696e-07	3.23e-07	-3.2236e-07	-2.4134e-07	2.119e-11	2.4114e-07	3.229e-07	-3.2236e-07	-2.1046e-07	1.514e-11	2.097e-07	3.2286e-07	-3.2236e-07	-1.7148e-07	1.632e-11	1.7128e-07	3.2272e-07	-3.224e-07	-1.269e-07	1.133e-11	1.2676e-07	3.2254e-07	-3.2234e-07	-7.22728e-08	1.423e-11	7.22774e-08	3.2242e-07	-3.2236e-07	-4.8181e-09	8.63e-12	4.943e-09	3.2224e-07	-3.2234e-07
0.915	-3.9946e-07	2.071e-11	3.9696e-07	3.2368e-07	-3.2246e-07	-3.7584e-07	1.819e-11	3.752e-07	3.2344e-07	-3.2252e-07	-3.5234e-07	1.933e-11	3.5014e-07	3.2326e-07	-3.224e-07	-3.2694e-07	2.309e-11	3.2628e-07	3.231e-07	-3.2238e-07	-2.985e-07	1.947e-11	2.9808e-07	3.2304e-07	-3.2242e-07	-2.6782e-07	9.92e-12	2.6674e-07	3.2286e-07	-3.223e-07	-2.3294e-07	1.335e-11	2.3234e-07	3.2284e-07	-3.2238e-07	-1.9008e-07	9.52e-12	1.8974e-07	3.2272e-07	-3.2234e-07	-1.4088e-07	1.411e-11	1.4068e-07	3.2248e-07	-3.2236e-07	-8.03912e-08	8.46e-12	8.04196e-08	3.2234e-07	-3.2234e-07	-5.3597e-09	1.018e-11	5.4634e-09	3.223e-07	-3.2228e-07
0.91	-4.4168e-07	2.151e-11	4.4092e-07	3.2356e-07	-3.2254e-07	-4.17e-07	2.147e-11	4.1544e-07	3.234e-07	-3.2242e-07	-3.9028e-07	1.578e-11	3.9014e-07	3.2326e-07	-3.2236e-07	-3.622e-07	1.162e-11	3.618e-07	3.2314e-07	-3.2236e-07	-3.3158e-07	1.032e-11	3.3096e-07	3.2306e-07	-3.2244e-07	-2.98e-07	1.856e-11	2.9704e-07	3.229e-07	-3.2236e-07	-2.5866e-07	1.251e-11	2.5792e-07	3.2282e-07	-3.2244e-07	-2.1174e-07	1.235e-11	2.114e-07	3.2282e-07	-3.2242e-07	-1.5686e-07	8.85e-12	1.5662e-07	3.2248e-07	-3.2226e-07	-8.964e-08	8.73e-12	8.96466e-08	3.2236e-07	-3.2232e-07	-5.9955e-09	7.27e-12	6.0982e-09	3.2226e-07	-3.2236e-07
0.905	-4.8932e-07	1.95e-11	4.8892e-07	3.2358e-07	-3.2244e-07	-4.619e-07	1.67e-11	4.6104e-07	3.2342e-07	-3.2244e-07	-4.3324e-07	1.717e-11	4.3194e-07	3.2324e-07	-3.2228e-07	-4.0206e-07	1.787e-11	4.0102e-07	3.2314e-07	-3.2238e-07	-3.6808e-07	1.791e-11	3.6752e-07	3.2306e-07	-3.2242e-07	-3.298e-07	6.74e-12	3.2906e-07	3.2286e-07	-3.2236e-07	-2.8692e-07	1.062e-11	2.8674e-07	3.2288e-07	-3.2242e-07	-2.3546e-07	9.68e-12	2.3538e-07	3.2276e-07	-3.2242e-07	-1.7404e-07	9.48e-12	1.7436e-07	3.2248e-07	-3.2236e-07	-1.000246e-07	1.045e-11	9.9959e-08	3.2236e-07	-3.223e-07	-6.6571e-09	8.82e-12	6.7472e-09	3.2228e-07	-3.2234e-07
0.9	-5.4346e-07	1.948e-11	5.4246e-07	3.2362e-07	-3.2252e-07	-5.1328e-07	1.571e-11	5.122e-07	3.2342e-07	-3.224e-07	-4.8008e-07	1.306e-11	4.7988e-07	3.2324e-07	-3.2238e-07	-4.471e-07	8.59e-12	4.4598e-07	3.2318e-07	-3.2236e-07	-4.101e-07	7.25e-12	4.0846e-07	3.2312e-07	-3.224e-07	-3.6734e-07	1.479e-11	3.6656e-07	3.2288e-07	-3.223e-07	-3.196e-07	9.38e-12	3.193e-07	3.2276e-07	-3.2244e-07	-2.6228e-07	8.13e-12	2.6248e-07	3.2266e-07	-3.224e-07	-1.9474e-07	5.39e-12	1.9446e-07	3.2248e-07	-3.2232e-07	-1.116508e-07	3.63e-12	1.116252e-07	3.224e-07	-3.2236e-07	-7.456e-09	4.02e-12	7.5662e-09	3.223e-07	-3.2236e-07
0.895	-6.0324e-07	1.592e-11	6.024e-07	3.2358e-07	-3.2246e-07	-5.6962e-07	1.64e-11	5.686e-07	3.2332e-07	-3.224e-07	-5.3412e-07	1.396e-11	5.3344e-07	3.2322e-07	-3.2236e-07	-4.9636e-07	1.553e-11	4.953e-07	3.2312e-07	-3.224e-07	-4.5526e-07	1.552e-11	4.5444e-07	3.2308e-07	-3.2242e-07	-4.0846e-07	4.94e-12	4.0764e-07	3.2288e-07	-3.2232e-07	-3.5522e-07	9.88e-12	3.5544e-07	3.2278e-07	-3.224e-07	-2.9192e-07	9.13e-12	2.9186e-07	3.2278e-07	-3.224e-07	-2.1698e-07	1.019e-11	2.1694e-07	3.225e-07	-3.223e-07	-1.2466e-07	9.82e-12	1.2456e-07	3.223e-07	-3.2224e-07	-8.2807e-09	8.07e-12	8.4108e-09	3.2224e-07	-3.223e-07
0.89	-6.7212e-07	1.468e-11	6.7112e-07	3.236e-07	-3.2254e-07	-6.3398e-07	9.88e-12	6.3334e-07	3.2334e-07	-3.2236e-07	-5.9482e-07	1.024e-11	5.9406e-07	3.2318e-07	-3.2238e-07	-5.53e-07	6.67e-12	5.5248e-07	3.2312e-07	-3.2242e-07	-5.07e-07	5.22e-12	5.0552e-07	3.2308e-07	-3.2236e-07	-4.5518e-07	1.275e-11	4.548e-07	3.2292e-07	-3.2236e-07	-3.9586e-07	7.23e-12	3.9594e-07	3.2278e-07	-3.2236e-07	-3.2594e-07	3.59e-12	3.2596e-07	3.2268e-07	-3.224e-07	-2.4278e-07	2.42e-12	2.424e-07	3.2256e-07	-3.2232e-07	-1.395e-07	2.24e-12	1.3956e-07	3.2234e-07	-3.2226e-07	-9.3133e-09	2.15e-12	9.4459e-09	3.2222e-07	-3.2228e-07
0.885	-7.478e-07	1.415e-11	7.469e-07	3.2364e-07	-3.2264e-07	-7.067e-07	1.574e-11	7.0386e-07	3.2338e-07	-3.224e-07	-6.6222e-07	1.329e-11	6.602e-07	3.233e-07	-3.2236e-07	-6.147e-07	1.503e-11	6.1486e-07	3.2314e-07	-3.2234e-07	-5.6458e-07	1.48e-11	5.6394e-07	3.23e-07	-3.2236e-07	-5.0722e-07	4.86e-12	5.0656e-07	3.2308e-07	-3.2248e-07	-4.4202e-07	1.092e-11	4.4194e-07	3.2282e-07	-3.2228e-07	-3.6384e-07	7.89e-12	3.6384e-07	3.2272e-07	-3.2234e-07	-2.7072e-07	9.9e-12	2.706e-07	3.2258e-07	-3.2232e-07	-1.5602e-07	5.12e-12	1.5634e-07	3.224e-07	-3.2236e-07	-1.04156e-08	4.6e-12	1.05988e-08	3.2224e-07	-3.2228e-07
0.88	-8.3558e-07	1.189e-11	8.334e-07	3.236e-07	-3.2254e-07	-7.8732e-07	7.41e-12	7.8634e-07	3.2338e-07	-3.224e-07	-7.392e-07	8.28e-12	7.3804e-07	3.2326e-07	-3.2236e-07	-6.8768e-07	4.84e-12	6.8634e-07	3.2308e-07	-3.2238e-07	-6.303e-07	2.02e-12	6.2966e-07	3.2304e-07	-3.2246e-07	-5.6652e-07	7.81e-12	5.6544e-07	3.2296e-07	-3.224e-07	-4.9444e-07	2.54e-12	4.9374e-07	3.2276e-07	-3.2234e-07	-4.0714e-07	1.13e-12	4.074e-07	3.2276e-07	-3.2242e-07	-3.0376e-07	4.5e-13	3.0336e-07	3.2254e-07	-3.224e-07	-1.749e-07	1.71e-12	1.75e-07	3.2236e-07	-3.223e-07	-1.14011e-08	0	1.1501e-08	3.222e-07	-3.2226e-07
0.875	-9.3054e-07	1.208e-11	9.2976e-07	3.2366e-07	-3.2258e-07	-8.7822e-07	1.527e-11	8.7756e-07	3.2338e-07	-3.2246e-07	-8.2474e-07	1.13e-11	8.2332e-07	3.2324e-07	-3.2238e-07	-7.671e-07	1.001e-11	7.6652e-07	3.2324e-07	-3.2234e-07	-7.0302e-07	1.29e-11	7.0294e-07	3.2306e-07	-3.2242e-07	-6.3218e-07	5.15e-12	6.3194e-07	3.229e-07	-3.224e-07	-5.5234e-07	8.45e-12	5.5162e-07	3.2276e-07	-3.224e-07	-4.5542e-07	6.65e-12	4.55e-07	3.2268e-07	-3.2238e-07	-3.3982e-07	6.55e-12	3.3912e-07	3.2248e-07	-3.223e-07	-1.9632e-07	4.62e-12	1.9634e-07	3.224e-07	-3.2226e-07	-1.37918e-08	3.7e-13	1.39456e-08	3.2222e-07	-3.2226e-07
0.87	-1.04058e-06	7.44e-12	1.03928e-06	3.2362e-07	-3.2252e-07	-9.8252e-07	4.72e-12	9.8084e-07	3.2336e-07	-3.224e-07	-9.2148e-07	5.24e-12	9.209e-07	3.2322e-07	-3.2232e-07	-8.5832e-07	3.67e-12	8.5596e-07	3.2326e-07	-3.2236e-07	-7.8666e-07	-1.85e-12	7.8662e-07	3.2312e-07	-3.2246e-07	-7.0802e-07	3.06e-12	7.0814e-07	3.2284e-07	-3.2226e-07	-6.1914e-07	1.8e-13	6.1748e-07	3.228e-07	-3.2234e-07	-5.1064e-07	-5.6e-13	5.103e-07	3.2276e-07	-3.2246e-07	-3.8162e-07	-1.5e-12	3.8106e-07	3.2252e-07	-3.2234e-07	-2.2018e-07	1.3e-13	2.1994e-07	3.2236e-07	-3.224e-07	-1.58008e-08	1.82e-12	1.5823e-08	3.222e-07	-3.223e-07
0.865	-1.1587e-06	1.007e-11	1.1603e-06	3.2368e-07	-3.2258e-07	-1.09768e-06	1.265e-11	1.09692e-06	3.2338e-07	-3.2246e-07	-1.03034e-06	8.67e-12	1.02966e-06	3.2318e-07	-3.2232e-07	-9.5886e-07	6.49e-12	9.5812e-07	3.2326e-07	-3.2234e-07	-8.8008e-07	9.62e-12	8.802e-07	3.2308e-07	-3.2236e-07	-7.9288e-07	4.89e-12	7.9168e-07	3.2284e-07	-3.2234e-07	-6.924e-07	5.9e-12	6.9208e-07	3.2274e-07	-3.2242e-07	-5.714e-07	5.97e-12	5.7206e-07	3.2264e-07	-3.2234e-07	-4.2766e-07	4.2e-12	4.2754e-07	3.2248e-07	-3.2228e-07	-2.4752e-07	2.16e-12	2.474e-07	3.2236e-07	-3.2232e-07	-1.74562e-08	1.01e-12	1.75808e-08	3.222e-07	-3.223e-07
0.86	-1.2975e-06	9.31e-12	1.2995e-06	3.237e-07	-3.2258e-07	-1.2263e-06	6.69e-12	1.2299e-06	3.234e-07	-3.2238e-07	-1.1511e-06	9.47e-12	1.1519e-06	3.2324e-07	-3.2238e-07	-1.07582e-06	3.26e-12	1.0742e-06	3.2316e-07	-3.224e-07	-9.888e-07	-9.4e-13	9.8722e-07	3.2308e-07	-3.2234e-07	-8.8878e-07	-4.7e-13	8.8832e-07	3.2294e-07	-3.2236e-07	-7.7738e-07	-1.55e-12	7.7636e-07	3.2276e-07	-3.2234e-07	-6.4374e-07	-3.41e-12	6.4296e-07	3.2276e-07	-3.2244e-07	-4.8094e-07	-1.98e-12	4.8066e-07	3.2256e-07	-3.2222e-07	-2.7848e-07	-2.17e-12	2.7856e-07	3.2234e-07	-3.2228e-07	-1.97156e-08	-1.65e-12	1.99694e-08	3.2218e-07	-3.2228e-07
0.855	-1.4544e-06	7.12e-12	1.4558e-06	3.2376e-07	-3.2266e-07	-1.3733e-06	9.99e-12	1.3744e-06	3.2338e-07	-3.2242e-07	-1.2897e-06	1.026e-11	1.2904e-06	3.2324e-07	-3.2236e-07	-1.2008e-06	4.16e-12	1.2022e-06	3.2314e-07	-3.2242e-07	-1.10652e-06	6.12e-12	1.10618e-06	3.2308e-07	-3.2244e-07	-9.9592e-07	1.84e-12	9.9646e-07	3.229e-07	-3.224e-07	-8.7182e-07	4.34e-12	8.7098e-07	3.228e-07	-3.2232e-07	-7.2172e-07	4.46e-12	7.2158e-07	3.227e-07	-3.2236e-07	-5.4012e-07	2.48e-12	5.4006e-07	3.2258e-07	-3.224e-07	-3.1252e-07	-2.6e-13	3.1304e-07	3.223e-07	-3.2228e-07	-2.22372e-08	-1.58e-12	2.26034e-08	3.2224e-07	-3.2224e-07
0.85	-1.6323e-06	5.81e-12	1.6337e-06	3.237e-07	-3.226e-07	-1.5425e-06	-9.5e-13	1.5428e-06	3.2332e-07	-3.2238e-07	-1.448e-06	-1.07e-12	1.4506e-06	3.233e-07	-3.224e-07	-1.3484e-06	4.4e-13	1.3494e-06	3.2318e-07	-3.2236e-07	-1.2395e-06	6.44e-12	1.2398e-06	3.2318e-07	-3.2248e-07	-1.1197e-06	-5.2e-13	1.11964e-06	3.2296e-07	-3.2238e-07	-9.802e-07	-2.78e-12	9.7898e-07	3.2276e-07	-3.2234e-07	-8.1294e-07	-6.52e-12	8.1156e-07	3.2264e-07	-3.224e-07	-6.0876e-07	-6.11e-12	6.0856e-07	3.2252e-07	-3.2234e-07	-3.5292e-07	-2.37e-12	3.527e-07	3.224e-07	-3.2232e-07	-2.51208e-08	-2.92e-12	2.5471e-08	3.2222e-07	-3.2228e-07
0.845	-1.8319e-06	2.15e-12	1.8338e-06	3.2368e-07	-3.2258e-07	-1.7293e-06	6.16e-12	1.7315e-06	3.2338e-07	-3.2236e-07	-1.624e-06	5.9e-12	1.6268e-06	3.2324e-07	-3.2236e-07	-1.5136e-06	9e-13	1.5156e-06	3.232e-07	-3.2238e-07	-1.3906e-06	3.68e-12	1.3938e-06	3.2306e-07	-3.224e-07	-1.2549e-06	4.89e-12	1.2556e-06	3.2298e-07	-3.2234e-07	-1.10166e-06	5.6e-13	1.10144e-06	3.2272e-07	-3.223e-07	-9.1286e-07	3.35e-12	9.1276e-07	3.2268e-07	-3.2238e-07	-6.847e-07	8e-13	6.8408e-07	3.2252e-07	-3.2236e-07	-3.9736e-07	-3.69e-12	3.9756e-07	3.2236e-07	-3.2228e-07	-2.82734e-08	-5.35e-12	2.90786e-08	3.2218e-07	-3.2228e-07
0.84	-2.0601e-06	4.66e-12	2.0628e-06	3.2368e-07	-3.225e-07	-1.9477e-06	-1.72e-12	1.9484e-06	3.2338e-07	-3.224e-07	-1.8269e-06	-3.26e-12	1.8301e-06	3.232e-07	-3.224e-07	-1.7024e-06	-5.2e-13	1.7051e-06	3.2312e-07	-3.2234e-07	-1.5654e-06	-3.27e-12	1.5663e-06	3.2308e-07	-3.2236e-07	-1.4119e-06	-2.26e-12	1.414e-06	3.229e-07	-3.2236e-07	-1.2363e-06	-1.4e-12	1.2377e-06	3.2278e-07	-3.2234e-07	-1.0291e-06	-7.76e-12	1.0287e-06	3.2266e-07	-3.2236e-07	-7.7146e-07	-8.24e-12	7.7112e-07	3.2258e-07	-3.224e-07	-4.4816e-07	-4.12e-12	4.4792e-07	3.2236e-07	-3.2228e-07	-3.22388e-08	-4.91e-12	3.24618e-08	3.2228e-07	-3.2228e-07
0.835	-2.3158e-06	-1.82e-12	2.3166e-06	3.2368e-07	-3.2258e-07	-2.1876e-06	6.74e-12	2.1897e-06	3.2332e-07	-3.2244e-07	-2.0558e-06	3.4e-12	2.0585e-06	3.2328e-07	-3.2238e-07	-1.9146e-06	-4e-13	1.9153e-06	3.2316e-07	-3.224e-07	-1.7597e-06	-4.7e-13	1.7631e-06	3.23e-07	-3.224e-07	-1.5882e-06	-3.75e-12	1.5899e-06	3.2292e-07	-3.224e-07	-1.391e-06	-2.72e-12	1.3936e-06	3.2278e-07	-3.2236e-07	-1.1552e-06	-5.15e-12	1.1563e-06	3.2264e-07	-3.2236e-07	-8.6984e-07	-1e-14	8.691e-07	3.226e-07	-3.2238e-07	-5.0482e-07	-5.59e-12	5.0546e-07	3.224e-07	-3.2234e-07	-3.65322e-08	-6.89e-12	3.61212e-08	3.2226e-07	-3.223e-07
0.83	-2.608e-06	2.25e-12	2.611e-06	3.2372e-07	-3.2258e-07	-2.4639e-06	-5.56e-12	2.4667e-06	3.2342e-07	-3.2242e-07	-2.3153e-06	-3.18e-12	2.3169e-06	3.2326e-07	-3.2238e-07	-2.159e-06	-3.11e-12	2.161e-06	3.2314e-07	-3.2236e-07	-1.9848e-06	-4.7e-12	1.9857e-06	3.23e-07	-3.224e-07	-1.7898e-06	-2.98e-12	1.7949e-06	3.2288e-07	-3.2234e-07	-1.5695e-06	-5.82e-12	1.5718e-06	3.2278e-07	-3.2234e-07	-1.3036e-06	-1.132e-11	1.3056e-06	3.227e-07	-3.2232e-07	-9.8202e-07	-9e-12	9.8132e-07	3.226e-07	-3.2236e-07	-5.7034e-07	-6.39e-12	5.706e-07	3.224e-07	-3.223e-07	-4.0703e-08	-8.73e-12	4.1162e-08	3.2222e-07	-3.2232e-07
0.825	-2.9375e-06	-2.1e-12	2.9367e-06	3.2372e-07	-3.2256e-07	-2.7746e-06	3.67e-12	2.7753e-06	3.2332e-07	-3.224e-07	-2.6078e-06	4.6e-13	2.6093e-06	3.2334e-07	-3.224e-07	-2.4299e-06	-4.5e-13	2.4296e-06	3.2312e-07	-3.223e-07	-2.234e-06	-9.9e-13	2.2371e-06	3.2308e-07	-3.224e-07	-2.0174e-06	-4.96e-12	2.0198e-06	3.2294e-07	-3.2234e-07	-1.7692e-06	-3.68e-12	1.7707e-06	3.2282e-07	-3.2232e-07	-1.4684e-06	-5.2e-13	1.4705e-06	3.226e-07	-3.224e-07	-1.1071e-06	-4.58e-12	1.10696e-06	3.2254e-07	-3.2242e-07	-6.4402e-07	-7.43e-12	6.434e-07	3.2244e-07	-3.2234e-07	-4.59792e-08	-8.07e-12	4.60178e-08	3.222e-07	-3.2222e-07
0.82	-3.3125e-06	-8.7e-13	3.3136e-06	3.2372e-07	-3.226e-07	-3.1288e-06	-6.32e-12	3.1304e-06	3.2338e-07	-3.224e-07	-2.9413e-06	-7.02e-12	2.9435e-06	3.2326e-07	-3.223e-07	-2.7427e-06	-4.22e-12	2.7433e-06	3.2306e-07	-3.2236e-07	-2.5245e-06	-6.43e-12	2.525e-06	3.2298e-07	-3.2234e-07	-2.2786e-06	-5.37e-12	2.2797e-06	3.2282e-07	-3.2236e-07	-1.9978e-06	-1.014e-11	1.9991e-06	3.228e-07	-3.2234e-07	-1.6604e-06	-1.158e-11	1.6621e-06	3.227e-07	-3.2238e-07	-1.2481e-06	-6.12e-12	1.2486e-06	3.2258e-07	-3.224e-07	-7.2796e-07	-1.108e-11	7.2778e-07	3.2238e-07	-3.2236e-07	-5.23076e-08	-1.314e-11	5.21842e-08	3.2216e-07	-3.2222e-07
0.815	-3.7325e-06	-5.4e-12	3.7337e-06	3.2368e-07	-3.2258e-07	-3.5273e-06	-1.28e-12	3.5286e-06	3.2344e-07	-3.2246e-07	-3.3155e-06	-1.93e-12	3.3187e-06	3.2326e-07	-3.2236e-07	-3.0894e-06	-4.91e-12	3.0928e-06	3.2314e-07	-3.2236e-07	-2.8465e-06	-4.1e-12	2.8457e-06	3.2302e-07	-3.2236e-07	-2.5691e-06	-5.68e-12	2.5706e-06	3.2286e-07	-3.2236e-07	-2.2529e-06	-6.41e-12	2.2549e-06	3.2278e-07	-3.2234e-07	-1.874e-06	-5.66e-12	1.8755e-06	3.2264e-07	-3.2238e-07	-1.4066e-06	-4.44e-12	1.4099e-06	3.2242e-07	-3.2228e-07	-8.2192e-07	-8.15e-12	8.2196e-07	3.2248e-07	-3.2236e-07	-5.92686e-08	-1.161e-11	5.93224e-08	3.222e-07	-3.223e-07
0.81	-4.215e-06	-9.6e-13	4.2174e-06	3.2368e-07	-3.2262e-07	-3.9834e-06	-8.72e-12	3.9831e-06	3.2342e-07	-3.2248e-07	-3.7437e-06	-8.05e-12	3.7465e-06	3.233e-07	-3.2244e-07	-3.4918e-06	-6.08e-12	3.4944e-06	3.2308e-07	-3.2236e-07	-3.2159e-06	-8.39e-12	3.217e-06	3.2306e-07	-3.224e-07	-2.9048e-06	-8.81e-12	2.9058e-06	3.229e-07	-3.2236e-07	-2.5469e-06	-1.118e-11	2.5494e-06	3.2276e-07	-3.2236e-07	-2.1185e-06	-1.376e-11	2.1209e-06	3.2264e-07	-3.2238e-07	-1.5919e-06	-1.394e-11	1.5962e-06	3.2254e-07	-3.223e-07	-9.3026e-07	-1.409e-11	9.2944e-07	3.2246e-07	-3.224e-07	-6.60202e-08	-1.47e-11	6.68212e-08	3.2222e-07	-3.223e-07
0.805	-4.7529e-06	-9.35e-12	4.7538e-06	3.236e-07	-3.2256e-07	-4.4931e-06	-1.87e-12	4.494e-06	3.2328e-07	-3.2242e-07	-4.2252e-06	-4.95e-12	4.2257e-06	3.2324e-07	-3.2238e-07	-3.9408e-06	-7.64e-12	3.9416e-06	3.231e-07	-3.2236e-07	-3.6292e-06	-8e-12	3.6297e-06	3.23e-07	-3.224e-07	-3.2795e-06	-6.85e-12	3.2785e-06	3.229e-07	-3.2238e-07	-2.8754e-06	-1.017e-11	2.8796e-06	3.2274e-07	-3.2234e-07	-2.3942e-06	-4.59e-12	2.3974e-06	3.2272e-07	-3.2234e-07	-1.8008e-06	-9.07e-12	1.8034e-06	3.2252e-07	-3.223e-07	-1.05114e-06	-1.026e-11	1.05122e-06	3.2244e-07	-3.2236e-07	-7.58532e-08	-1.572e-11	7.52952e-08	3.2222e-07	-3.223e-07
0.8	-5.3648e-06	-4.33e-12	5.3701e-06	3.2362e-07	-3.226e-07	-5.0723e-06	-1.2e-11	5.0699e-06	3.2338e-07	-3.224e-07	-4.7688e-06	-9.76e-12	4.7704e-06	3.2326e-07	-3.224e-07	-4.4462e-06	-1.152e-11	4.4482e-06	3.2312e-07	-3.2236e-07	-4.096e-06	-1.135e-11	4.0986e-06	3.2308e-07	-3.2242e-07	-3.7041e-06	-1.033e-11	3.7023e-06	3.228e-07	-3.223e-07	-3.2486e-06	-1.283e-11	3.2514e-06	3.2284e-07	-3.2236e-07	-2.7037e-06	-1.845e-11	2.708e-06	3.227e-07	-3.2236e-07	-2.0345e-06	-1.638e-11	2.0369e-06	3.2252e-07	-3.223e-07	-1.1849e-06	-1.412e-11	1.1852e-06	3.224e-07	-3.2234e-07	-8.50424e-08	-1.69e-11	8.54178e-08	3.2228e-07	-3.2236e-07
0.795	-6.0661e-06	-9.9e-12	6.0677e-06	3.2362e-07	-3.2254e-07	-5.7391e-06	-5.71e-12	5.7383e-06	3.2338e-07	-3.2246e-07	-5.3919e-06	-7.63e-12	5.3958e-06	3.2324e-07	-3.224e-07	-5.0325e-06	-9.63e-12	5.0335e-06	3.2314e-07	-3.2236e-07	-4.634e-06	-1.068e-11	4.6362e-06	3.2306e-07	-3.2242e-07	-4.1907e-06	-1.092e-11	4.1914e-06	3.2288e-07	-3.223e-07	-3.6752e-06	-1.193e-11	3.6805e-06	3.2278e-07	-3.2234e-07	-3.0635e-06	-8.49e-12	3.0641e-06	3.2266e-07	-3.223e-07	-2.3052e-06	-1.305e-11	2.3072e-06	3.2248e-07	-3.2224e-07	-1.3412e-06	-1.5e-11	1.3429e-06	3.223e-07	-3.223e-07	-9.6957e-08	-1.892e-11	9.70976e-08	3.2226e-07	-3.2232e-07
0.79	-6.851e-06	-8.49e-12	6.8536e-06	3.2366e-07	-3.2254e-07	-6.4776e-06	-1.38e-11	6.4786e-06	3.2338e-07	-3.2236e-07	-6.0885e-06	-1.382e-11	6.087e-06	3.232e-07	-3.2234e-07	-5.6806e-06	-1.312e-11	5.6831e-06	3.2316e-07	-3.2236e-07	-5.2387e-06	-1.453e-11	5.238e-06	3.2302e-07	-3.2244e-07	-4.7356e-06	-1.553e-11	4.7393e-06	3.2286e-07	-3.2234e-07	-4.1583e-06	-1.61e-11	4.1582e-06	3.2276e-07	-3.223e-07	-3.4627e-06	-2.021e-11	3.4649e-06	3.2266e-07	-3.2234e-07	-2.6036e-06	-1.929e-11	2.6076e-06	3.2254e-07	-3.2234e-07	-1.5151e-06	-2.008e-11	1.5182e-06	3.2244e-07	-3.2234e-07	-1.098044e-07	-1.84e-11	1.090644e-07	3.2218e-07	-3.2224e-07
0.785	-7.7522e-06	-1.368e-11	7.7543e-06	3.2366e-07	-3.2252e-07	-7.3278e-06	-8.85e-12	7.3351e-06	3.2338e-07	-3.2248e-07	-6.8981e-06	-1.012e-11	6.8939e-06	3.2326e-07	-3.2236e-07	-6.4287e-06	-1.146e-11	6.4341e-06	3.2318e-07	-3.2236e-07	-5.9287e-06	-1.23e-11	5.9304e-06	3.2306e-07	-3.2236e-07	-5.3613e-06	-1.147e-11	5.3647e-06	3.2288e-07	-3.2238e-07	-4.7091e-06	-1.4e-11	4.7128e-06	3.2274e-07	-3.2238e-07	-3.9216e-06	-1.269e-11	3.9231e-06	3.2262e-07	-3.2228e-07	-2.9536e-06	-1.648e-11	2.9538e-06	3.2248e-07	-3.2228e-07	-1.7158e-06	-1.906e-11	1.722e-06	3.2236e-07	-3.2232e-07	-1.172438e-07	-2.15e-11	1.174e-07	3.2232e-07	-3.2232e-07
0.78	-8.7603e-06	-1.1e-11	8.7629e-06	3.2362e-07	-3.2258e-07	-8.2868e-06	-1.614e-11	8.2869e-06	3.2338e-07	-3.2242e-07	-7.7916e-06	-1.475e-11	7.7944e-06	3.233e-07	-3.224e-07	-7.2744e-06	-1.491e-11	7.2739e-06	3.2312e-07	-3.2234e-07	-6.7048e-06	-1.861e-11	6.7064e-06	3.2308e-07	-3.2238e-07	-6.0655e-06	-1.98e-11	6.0643e-06	3.2288e-07	-3.2232e-07	-5.3252e-06	-1.946e-11	5.3263e-06	3.2276e-07	-3.2234e-07	-4.4345e-06	-2.326e-11	4.4395e-06	3.2268e-07	-3.2236e-07	-3.3386e-06	-2.339e-11	3.3426e-06	3.2252e-07	-3.223e-07	-1.9443e-06	-2.097e-11	1.9457e-06	3.223e-07	-3.2226e-07	-1.3422e-07	-2.208e-11	1.3754e-07	3.2224e-07	-3.2234e-07
0.775	-9.9257e-06	-1.596e-11	9.9268e-06	3.2362e-07	-3.225e-07	-9.3828e-06	-1.164e-11	9.3828e-06	3.233e-07	-3.2242e-07	-8.8226e-06	-1.388e-11	8.8269e-06	3.2328e-07	-3.224e-07	-8.2392e-06	-1.579e-11	8.2428e-06	3.2318e-07	-3.2242e-07	-7.5944e-06	-1.593e-11	7.5972e-06	3.2302e-07	-3.2234e-07	-6.8682e-06	-1.291e-11	6.8741e-06	3.2286e-07	-3.2234e-07	-6.0353e-06	-1.727e-11	6.0354e-06	3.2272e-07	-3.223e-07	-5.0274e-06	-1.438e-11	5.0276e-06	3.2266e-07	-3.224e-07	-3.7862e-06	-2.13e-11	3.7862e-06	3.2258e-07	-3.2238e-07	-2.2039e-06	-2.273e-11	2.2017e-06	3.2242e-07	-3.223e-07	-1.5858e-07	-2.56e-11	1.6038e-07	3.2224e-07	-3.2234e-07
0.77	-1.12169e-05	-1.452e-11	1.12159e-05	3.2356e-07	-3.2254e-07	-1.06068e-05	-1.983e-11	1.06114e-05	3.2326e-07	-3.2232e-07	-9.981e-06	-1.666e-11	9.9758e-06	3.2328e-07	-3.224e-07	-9.3132e-06	-1.778e-11	9.3168e-06	3.2312e-07	-3.2242e-07	-8.5874e-06	-1.983e-11	8.5858e-06	3.231e-07	-3.2254e-07	-7.7636e-06	-2.378e-11	7.7708e-06	3.229e-07	-3.2234e-07	-6.8217e-06	-2.165e-11	6.8244e-06	3.2276e-07	-3.2228e-07	-5.6817e-06	-2.853e-11	5.6887e-06	3.2266e-07	-3.2238e-07	-4.286e-06	-2.443e-11	4.2814e-06	3.2252e-07	-3.2236e-07	-2.4931e-06	-2.606e-11	2.4936e-06	3.2242e-07	-3.2234e-07	-1.806e-07	-2.694e-11	1.794e-07	3.2234e-07	-3.2234e-07
0.765	-1.2702e-05	-1.715e-11	1.2714e-05	3.2368e-07	-3.226e-07	-1.2022e-05	-2.162e-11	1.2028e-05	3.2338e-07	-3.2242e-07	-1.1305e-05	-1.976e-11	1.13076e-05	3.2324e-07	-3.2238e-07	-1.0555e-05	-1.921e-11	1.05584e-05	3.2326e-07	-3.2246e-07	-9.7378e-06	-1.77e-11	9.7346e-06	3.2318e-07	-3.2244e-07	-8.8061e-06	-1.863e-11	8.8126e-06	3.2288e-07	-3.223e-07	-7.7318e-06	-2.138e-11	7.7339e-06	3.2274e-07	-3.223e-07	-6.4462e-06	-2.068e-11	6.445e-06	3.2258e-07	-3.223e-07	-4.8525e-06	-2.424e-11	4.859e-06	3.2258e-07	-3.2236e-07	-2.8284e-06	-2.683e-11	2.8285e-06	3.2238e-07	-3.2228e-07	-2.0478e-07	-2.98e-11	2.0358e-07	3.2226e-07	-3.224e-07
0.76	-1.437e-05	-1.996e-11	1.4374e-05	3.2366e-07	-3.225e-07	-1.358e-05	-2e-11	1.3594e-05	3.2334e-07	-3.2238e-07	-1.2786e-05	-2.013e-11	1.2788e-05	3.2324e-07	-3.2242e-07	-1.1942e-05	-2.268e-11	1.1936e-05	3.2314e-07	-3.2246e-07	-1.10129e-05	-2.529e-11	1.10168e-05	3.23e-07	-3.224e-07	-9.9671e-06	-2.812e-11	9.9672e-06	3.2286e-07	-3.2234e-07	-8.7516e-06	-2.778e-11	8.7525e-06	3.2272e-07	-3.2234e-07	-7.2897e-06	-3.024e-11	7.3032e-06	3.2262e-07	-3.2232e-07	-5.4888e-06	-2.893e-11	5.494e-06	3.2254e-07	-3.223e-07	-3.1964e-06	-3.006e-11	3.1961e-06	3.224e-07	-3.2232e-07	-2.3006e-07	-2.996e-11	2.2998e-07	3.223e-07	-3.2236e-07
0.755	-1.6284e-05	-2.045e-11	1.6284e-05	3.2362e-07	-3.2252e-07	-1.5386e-05	-2.204e-11	1.541e-05	3.2336e-07	-3.2236e-07	-1.449e-05	-2.927e-11	1.4498e-05	3.2324e-07	-3.2234e-07	-1.3534e-05	-2.117e-11	1.3544e-05	3.232e-07	-3.2244e-07	-1.2478e-05	-2.817e-11	1.2488e-05	3.2302e-07	-3.224e-07	-1.12868e-05	-2.128e-11	1.12948e-05	3.2284e-07	-3.223e-07	-9.9236e-06	-2.235e-11	9.9221e-06	3.2276e-07	-3.2234e-07	-8.2754e-06	-2.438e-11	8.2748e-06	3.2278e-07	-3.2248e-07	-6.2228e-06	-2.804e-11	6.2311e-06	3.225e-07	-3.223e-07	-3.6221e-06	-3.199e-11	3.6242e-06	3.2242e-07	-3.223e-07	-2.6156e-07	-3.529e-11	2.6224e-07	3.2224e-07	-3.2234e-07
0.75	-1.842e-05	-2.407e-11	1.8434e-05	3.2364e-07	-3.2254e-07	-1.7406e-05	-2.414e-11	1.7432e-05	3.2336e-07	-3.2242e-07	-1.6402e-05	-1.957e-11	1.6418e-05	3.232e-07	-3.2234e-07	-1.5326e-05	-2.849e-11	1.5322e-05	3.2324e-07	-3.2248e-07	-1.4118e-05	-2.377e-11	1.4124e-05	3.2302e-07	-3.2236e-07	-1.2784e-05	-2.492e-11	1.2778e-05	3.2282e-07	-3.2236e-07	-1.12218e-05	-3.504e-11	1.12295e-05	3.2282e-07	-3.2236e-07	-9.3567e-06	-3.287e-11	9.3603e-06	3.2268e-07	-3.2244e-07	-7.0491e-06	-3.424e-11	7.0482e-06	3.2248e-07	-3.2228e-07	-4.1014e-06	-3.317e-11	4.1073e-06	3.2232e-07	-3.2226e-07	-2.9498e-07	-3.579e-11	2.9692e-07	3.2232e-07	-3.224e-07
0.745	-2.0894e-05	-2.501e-11	2.0906e-05	3.2364e-07	-3.2252e-07	-1.9752e-05	-2.396e-11	1.9762e-05	3.2336e-07	-3.2236e-07	-1.8588e-05	-2.964e-11	1.86e-05	3.232e-07	-3.2232e-07	-1.7356e-05	-2.449e-11	1.7366e-05	3.2318e-07	-3.2238e-07	-1.6008e-05	-3.143e-11	1.6024e-05	3.2298e-07	-3.2238e-07	-1.4496e-05	-2.688e-11	1.4498e-05	3.2286e-07	-3.2232e-07	-1.273e-05	-3.488e-11	1.272e-05	3.227e-07	-3.223e-07	-1.06117e-05	-3.114e-11	1.06108e-05	3.2272e-07	-3.2248e-07	-7.995e-06	-3.397e-11	7.9927e-06	3.225e-07	-3.223e-07	-4.6496e-06	-3.894e-11	4.6598e-06	3.2248e-07	-3.2238e-07	-3.3576e-07	-3.899e-11	3.3514e-07	3.2222e-07	-3.2224e-07
0.74	-2.3624e-05	-2.808e-11	2.3634e-05	3.2368e-07	-3.2258e-07	-2.2344e-05	-2.733e-11	2.2336e-05	3.2328e-07	-3.223e-07	-2.1034e-05	-2.627e-11	2.1036e-05	3.2318e-07	-3.2236e-07	-1.9644e-05	-3.498e-11	1.965e-05	3.2324e-07	-3.2248e-07	-1.8122e-05	-2.925e-11	1.8136e-05	3.2296e-07	-3.224e-07	-1.6408e-05	-3.758e-11	1.64e-05	3.229e-07	-3.2234e-07	-1.4404e-05	-3.822e-11	1.4408e-05	3.2276e-07	-3.2226e-07	-1.2014e-05	-3.376e-11	1.2018e-05	3.2268e-07	-3.2236e-07	-9.0363e-06	-3.814e-11	9.0414e-06	3.225e-07	-3.2232e-07	-5.265e-06	-3.969e-11	5.2758e-06	3.224e-07	-3.223e-07	-3.7644e-07	-4.265e-11	3.7562e-07	3.2224e-07	-3.2232e-07
0.735	-2.678e-05	-2.812e-11	2.68e-05	3.2368e-07	-3.2258e-07	-2.5328e-05	-3.054e-11	2.5334e-05	3.2336e-07	-3.2234e-07	-2.3842e-05	-3.481e-11	2.3838e-05	3.2314e-07	-3.2236e-07	-2.2272e-05	-2.851e-11	2.2274e-05	3.2316e-07	-3.2238e-07	-2.053e-05	-3.644e-11	2.0556e-05	3.2306e-07	-3.224e-07	-1.8598e-05	-3.138e-11	1.8604e-05	3.2288e-07	-3.2238e-07	-1.6328e-05	-3.552e-11	1.634e-05	3.228e-07	-3.224e-07	-1.3624e-05	-4.413e-11	1.3616e-05	3.2272e-07	-3.2246e-07	-1.02498e-05	-4.02e-11	1.02522e-05	3.2242e-07	-3.223e-07	-5.9696e-06	-4.26e-11	5.9704e-06	3.224e-07	-3.223e-07	-4.2408e-07	-4.492e-11	4.239e-07	3.2218e-07	-3.2234e-07
0.73	-3.0306e-05	-3.129e-11	3.0296e-05	3.2362e-07	-3.2252e-07	-2.8666e-05	-3.352e-11	2.8682e-05	3.2342e-07	-3.2236e-07	-2.696e-05	-3.062e-11	2.6984e-05	3.2322e-07	-3.224e-07	-2.5202e-05	-3.906e-11	2.5216e-05	3.2312e-07	-3.2242e-07	-2.3238e-05	-3.263e-11	2.3238e-05	3.2314e-07	-3.224e-07	-2.1044e-05	-4.267e-11	2.1058e-05	3.2294e-07	-3.223e-07	-1.8472e-05	-4.009e-11	1.8484e-05	3.2276e-07	-3.2234e-07	-1.5378e-05	-3.666e-11	1.5402e-05	3.2264e-07	-3.2234e-07	-1.1602e-05	-4.235e-11	1.161e-05	3.2246e-07	-3.223e-07	-6.7468e-06	-4.465e-11	6.7514e-06	3.2232e-07	-3.2232e-07	-4.7986e-07	-4.909e-11	4.7994e-07	3.222e-07	-3.2222e-07
0.725	-3.4346e-05	-3.571e-11	3.436e-05	3.236e-07	-3.2252e-07	-3.25e-05	-3.681e-11	3.249e-05	3.2348e-07	-3.2242e-07	-3.058e-05	-3.999e-11	3.0594e-05	3.2322e-07	-3.2234e-07	-2.859e-05	-3.517e-11	2.8584e-05	3.2314e-07	-3.2242e-07	-2.635e-05	-4.44e-11	2.6358e-05	3.23e-07	-3.224e-07	-2.386e-05	-3.685e-11	2.385e-05	3.2286e-07	-3.2232e-07	-2.0944e-05	-4.173e-11	2.0956e-05	3.2276e-07	-3.2234e-07	-1.745e-05	-4.854e-11	1.7468e-05	3.2264e-07	-3.2234e-07	-1.3136e-05	-4.413e-11	1.3176e-05	3.2252e-07	-3.223e-07	-7.6492e-06	-5.131e-11	7.6441e-06	3.2238e-07	-3.2236e-07	-5.3788e-07	-5.246e-11	5.3852e-07	3.223e-07	-3.2236e-07
0.72	-3.8876e-05	-3.644e-11	3.8872e-05	3.2372e-07	-3.226e-07	-3.6766e-05	-4.02e-11	3.677e-05	3.2344e-07	-3.2254e-07	-3.46e-05	-3.692e-11	3.4608e-05	3.2326e-07	-3.224e-07	-3.2332e-05	-4.489e-11	3.2332e-05	3.2312e-07	-3.2246e-07	-2.9824e-05	-3.753e-11	2.9824e-05	3.2302e-07	-3.224e-07	-2.7012e-05	-4.609e-11	2.6988e-05	3.2286e-07	-3.223e-07	-2.37e-05	-4.474e-11	2.37e-05	3.2272e-07	-3.2234e-07	-1.9756e-05	-4.348e-11	1.976e-05	3.2268e-07	-3.2234e-07	-1.488e-05	-5.247e-11	1.4874e-05	3.225e-07	-3.2222e-07	-8.6486e-06	-5.035e-11	8.6534e-06	3.2238e-07	-3.2228e-07	-6.0908e-07	-5.574e-11	6.129e-07	3.2226e-07	-3.2238e-07
0.715	-4.4044e-05	-4.103e-11	4.4048e-05	3.2356e-07	-3.2252e-07	-4.1662e-05	-4.027e-11	4.167e-05	3.2344e-07	-3.2248e-07	-3.9236e-05	-4.574e-11	3.923e-05	3.2322e-07	-3.2236e-07	-3.6644e-05	-3.944e-11	3.6648e-05	3.2312e-07	-3.224e-07	-3.3786e-05	-5.151e-11	3.3804e-05	3.2312e-07	-3.2236e-07	-3.0582e-05	-4.65e-11	3.0576e-05	3.229e-07	-3.224e-07	-2.6846e-05	-5.143e-11	2.687e-05	3.2282e-07	-3.224e-07	-2.24e-05	-5.471e-11	2.2382e-05	3.226e-07	-3.223e-07	-1.6848e-05	-5.094e-11	1.6852e-05	3.2248e-07	-3.2228e-07	-9.7914e-06	-5.848e-11	9.8077e-06	3.2236e-07	-3.2228e-07	-6.8346e-07	-5.956e-11	6.873e-07	3.222e-07	-3.2236e-07
0.71	-4.9826e-05	-4.16e-11	4.9798e-05	3.2364e-07	-3.226e-07	-4.7144e-05	-4.561e-11	4.7118e-05	3.2342e-07	-3.2246e-07	-4.437e-05	-4.448e-11	4.4384e-05	3.2332e-07	-3.2234e-07	-4.1434e-05	-5.104e-11	4.1432e-05	3.2312e-07	-3.2236e-07	-3.8214e-05	-4.196e-11	3.8228e-05	3.231e-07	-3.2246e-07	-3.461e-05	-5.22e-11	3.4602e-05	3.2292e-07	-3.2236e-07	-3.0378e-05	-5.168e-11	3.0382e-05	3.2282e-07	-3.224e-07	-2.5322e-05	-5.208e-11	2.5324e-05	3.2262e-07	-3.2228e-07	-1.9056e-05	-6.028e-11	1.9044e-05	3.2254e-07	-3.2232e-07	-1.10885e-05	-5.764e-11	1.1092e-05	3.2234e-07	-3.2224e-07	-7.7456e-07	-6.384e-11	7.7798e-07	3.2224e-07	-3.2236e-07
0.705	-5.6396e-05	-4.767e-11	5.645e-05	3.2362e-07	-3.2246e-07	-5.3414e-05	-4.715e-11	5.3408e-05	3.2342e-07	-3.225e-07	-5.0302e-05	-5.073e-11	5.0296e-05	3.2326e-07	-3.2242e-07	-4.6944e-05	-4.694e-11	4.6956e-05	3.2316e-07	-3.224e-07	-4.3284e-05	-5.841e-11	4.3324e-05	3.23e-07	-3.224e-07	-3.9196e-05	-5.431e-11	3.9214e-05	3.2288e-07	-3.223e-07	-3.4404e-05	-5.787e-11	3.4426e-05	3.2284e-07	-3.2242e-07	-2.8664e-05	-6.228e-11	2.8682e-05	3.2266e-07	-3.223e-07	-2.1586e-05	-5.831e-11	2.159e-05	3.2248e-07	-3.223e-07	-1.2572e-05	-6.149e-11	1.2556e-05	3.2242e-07	-3.2236e-07	-8.654e-07	-6.697e-11	8.6936e-07	3.223e-07	-3.2236e-07
0.7	-6.3784e-05	-4.998e-11	6.3768e-05	3.236e-07	-3.2254e-07	-6.0388e-05	-5.295e-11	6.038e-05	3.2342e-07	-3.2244e-07	-5.6872e-05	-5.269e-11	5.6862e-05	3.2324e-07	-3.2238e-07	-5.3094e-05	-5.799e-11	5.309e-05	3.2322e-07	-3.2238e-07	-4.8958e-05	-5.011e-11	4.896e-05	3.23e-07	-3.2238e-07	-4.4308e-05	-5.756e-11	4.4316e-05	3.2284e-07	-3.2228e-07	-3.8906e-05	-5.948e-11	3.8914e-05	3.2274e-07	-3.224e-07	-3.2404e-05	-5.811e-11	3.2408e-05	3.227e-07	-3.2228e-07	-2.4386e-05	-6.66e-11	2.4392e-05	3.2252e-07	-3.2232e-07	-1.4198e-05	-6.972e-11	1.4176e-05	3.2236e-07	-3.223e-07	-9.8108e-07	-7.312e-11	9.8562e-07	3.223e-07	-3.2238e-07
0.695	-7.2274e-05	-5.309e-11	7.2302e-05	3.2362e-07	-3.2254e-07	-6.838e-05	-5.414e-11	6.838e-05	3.2336e-07	-3.2238e-07	-6.4402e-05	-5.513e-11	6.4386e-05	3.2324e-07	-3.224e-07	-6.0112e-05	-5.435e-11	6.0112e-05	3.232e-07	-3.2242e-07	-5.5432e-05	-6.388e-11	5.5432e-05	3.2314e-07	-3.2242e-07	-5.0126e-05	-6.038e-11	5.0164e-05	3.2286e-07	-3.2232e-07	-4.4026e-05	-6.367e-11	4.4046e-05	3.2284e-07	-3.2236e-07	-3.6678e-05	-6.876e-11	3.6696e-05	3.2252e-07	-3.223e-07	-2.76e-05	-6.913e-11	2.7592e-05	3.2254e-07	-3.2238e-07	-1.602e-05	-7.1e-11	1.6032e-05	3.224e-07	-3.223e-07	-1.104e-06	-7.498e-11	1.1097e-06	3.2224e-07	-3.223e-07
0.69	-8.1676e-05	-5.618e-11	8.1636e-05	3.2358e-07	-3.2254e-07	-7.724e-05	-6.051e-11	7.7248e-05	3.233e-07	-3.2236e-07	-7.275e-05	-6.141e-11	7.2742e-05	3.2324e-07	-3.224e-07	-6.7988e-05	-6.407e-11	6.7954e-05	3.2312e-07	-3.2242e-07	-6.2704e-05	-5.797e-11	6.2666e-05	3.2312e-07	-3.2242e-07	-5.6746e-05	-6.619e-11	5.672e-05	3.2288e-07	-3.2236e-07	-4.9746e-05	-6.785e-11	4.9746e-05	3.2282e-07	-3.2242e-07	-4.1426e-05	-6.768e-11	4.1462e-05	3.2276e-07	-3.2236e-07	-3.1132e-05	-7.596e-11	3.1162e-05	3.2252e-07	-3.2224e-07	-1.811e-05	-8.123e-11	1.8094e-05	3.2242e-07	-3.2236e-07	-1.2654e-06	-8.445e-11	1.2563e-06	3.222e-07	-3.2224e-07
0.685	-9.227e-05	-6.097e-11	9.2324e-05	3.2362e-07	-3.2252e-07	-8.7306e-05	-6.115e-11	8.734e-05	3.2338e-07	-3.2236e-07	-8.2172e-05	-6.346e-11	8.2206e-05	3.2326e-07	-3.224e-07	-7.6748e-05	-6.289e-11	7.6824e-05	3.2316e-07	-3.2242e-07	-7.0774e-05	-7.276e-11	7.0738e-05	3.2302e-07	-3.224e-07	-6.4058e-05	-7.026e-11	6.4068e-05	3.2294e-07	-3.223e-07	-5.6216e-05	-7.105e-11	5.6242e-05	3.2282e-07	-3.224e-07	-4.6818e-05	-7.713e-11	4.6808e-05	3.227e-07	-3.2234e-07	-3.5196e-05	-7.813e-11	3.5218e-05	3.225e-07	-3.2228e-07	-2.0398e-05	-7.731e-11	2.0426e-05	3.2236e-07	-3.223e-07	-1.4165e-06	-8.882e-11	1.4306e-06	3.2216e-07	-3.223e-07
0.68	-0.000104456	-6.328e-11	0.00010442	3.2362e-07	-3.2252e-07	-9.8754e-05	-6.681e-11	9.882e-05	3.2338e-07	-3.2236e-07	-9.3036e-05	-6.907e-11	9.3004e-05	3.2326e-07	-3.224e-07	-8.6854e-05	-7.231e-11	8.6874e-05	3.2318e-07	-3.2244e-07	-8.0128e-05	-6.544e-11	8.0074e-05	3.2312e-07	-3.2246e-07	-7.2494e-05	-7.344e-11	7.2486e-05	3.2284e-07	-3.223e-07	-6.358e-05	-7.694e-11	6.3596e-05	3.2282e-07	-3.2234e-07	-5.2918e-05	-7.91e-11	5.2954e-05	3.226e-07	-3.2238e-07	-3.9806e-05	-8.303e-11	3.9794e-05	3.2248e-07	-3.2228e-07	-2.3104e-05	-9.161e-11	2.309e-05	3.2236e-07	-3.223e-07	-1.6e-06	-8.835e-11	1.5938e-06	3.222e-07	-3.223e-07
0.675	-0.00011768	-6.839e-11	0.00011788	3.2362e-07	-3.2254e-07	-0.000111484	-6.961e-11	0.000111528	3.2336e-07	-3.224e-07	-0.000104972	-7.107e-11	0.000105036	3.2318e-07	-3.2228e-07	-9.8074e-05	-7.28e-11	9.809e-05	3.2316e-07	-3.2244e-07	-9.0426e-05	-8.163e-11	9.0474e-05	3.2306e-07	-3.2248e-07	-8.178e-05	-8.179e-11	8.1796e-05	3.2286e-07	-3.2234e-07	-7.1754e-05	-8.137e-11	7.1772e-05	3.2274e-07	-3.223e-07	-5.9706e-05	-8.794e-11	5.971e-05	3.2262e-07	-3.224e-07	-4.4888e-05	-8.762e-11	4.486e-05	3.2246e-07	-3.2224e-07	-2.6028e-05	-8.682e-11	2.601e-05	3.2238e-07	-3.223e-07	-1.8051e-06	-1.0001e-10	1.7782e-06	3.2226e-07	-3.2226e-07
0.67	-0.00013304	-7.272e-11	0.0001333	3.236e-07	-3.2254e-07	-0.00012586	-7.619e-11	0.00012606	3.2342e-07	-3.2242e-07	-0.00011844	-7.489e-11	0.00011874	3.2318e-07	-3.2236e-07	-0.000110856	-8.003e-11	0.00011095	3.232e-07	-3.2246e-07	-0.000102258	-7.76e-11	0.000102294	3.2308e-07	-3.2254e-07	-9.2476e-05	-8.021e-11	9.2522e-05	3.2288e-07	-3.2236e-07	-8.1114e-05	-8.555e-11	8.109e-05	3.2272e-07	-3.224e-07	-6.749e-05	-8.675e-11	6.749e-05	3.2262e-07	-3.2234e-07	-5.0726e-05	-9.49e-11	5.0706e-05	3.225e-07	-3.223e-07	-2.9384e-05	-1.0091e-10	2.9376e-05	3.2236e-07	-3.2234e-07	-2.0012e-06	-9.857e-11	2.0651e-06	3.2216e-07	-3.223e-07
0.665	-0.00015024	-7.608e-11	0.00015032	3.2356e-07	-3.225e-07	-0.0001421	-8.197e-11	0.00014224	3.2332e-07	-3.224e-07	-0.00013372	-8.087e-11	0.0001339	3.2328e-07	-3.2242e-07	-0.00012486	-8.184e-11	0.00012512	3.232e-07	-3.2246e-07	-0.00011508	-8.39e-11	0.00011532	3.231e-07	-3.2248e-07	-0.000104314	-9.281e-11	0.000104302	3.229e-07	-3.2236e-07	-9.1452e-05	-9.286e-11	9.1424e-05	3.2286e-07	-3.2234e-07	-7.6116e-05	-9.67e-11	7.605e-05	3.2266e-07	-3.2232e-07	-5.712e-05	-9.886e-11	5.7098e-05	3.2258e-07	-3.223e-07	-3.3122e-05	-9.978e-11	3.3134e-05	3.224e-07	-3.2228e-07	-2.275e-06	-1.1046e-10	2.2951e-06	3.2226e-07	-3.2236e-07
0.66	-0.00016972	-8.343e-11	0.0001699	3.2352e-07	-3.2246e-07	-0.0001604	-8.333e-11	0.00016072	3.2336e-07	-3.2238e-07	-0.00015118	-8.774e-11	0.00015122	3.2324e-07	-3.2238e-07	-0.00014108	-8.671e-11	0.00014126	3.2314e-07	-3.224e-07	-0.00012998	-9.946e-11	0.00013028	3.2306e-07	-3.2244e-07	-0.00011756	-9.903e-11	0.00011774	3.2282e-07	-3.2238e-07	-0.000103332	-9.611e-11	0.0001033	3.2288e-07	-3.224e-07	-8.5936e-05	-9.611e-11	8.5874e-05	3.226e-07	-3.224e-07	-6.4476e-05	-1.0563e-10	6.4448e-05	3.2254e-07	-3.2236e-07	-3.731e-05	-1.136e-10	3.7388e-05	3.2234e-07	-3.2228e-07	-2.5778e-06	-1.1177e-10	2.5445e-06	3.223e-07	-3.2236e-07
0.655	-0.00019116	-8.693e-11	0.00019144	3.2354e-07	-3.2242e-07	-0.00018084	-8.964e-11	0.00018116	3.2338e-07	-3.2242e-07	-0.00017028	-9.164e-11	0.00017056	3.2326e-07	-3.2234e-07	-0.00015898	-9.597e-11	0.00015924	3.2318e-07	-3.2246e-07	-0.00014658	-9.084e-11	0.00014676	3.2314e-07	-3.224e-07	-0.00013246	-9.648e-11	0.00013268	3.2284e-07	-3.2228e-07	-0.00011612	-1.0083e-10	0.0001163	3.2272e-07	-3.2234e-07	-9.6748e-05	-1.1199e-10	9.6664e-05	3.2266e-07	-3.224e-07	-7.2536e-05	-1.1129e-10	7.2552e-05	3.2252e-07	-3.2224e-07	-4.2002e-05	-1.1071e-10	4.203e-05	3.2232e-07	-3.2224e-07	-2.8957e-06	-1.2139e-10	2.8923e-06	3.223e-07	-3.223e-07
0.65	-0.00021566	-9.595e-11	0.0002159	3.2362e-07	-3.2252e-07	-0.00020402	-9.329e-11	0.0002044	3.2334e-07	-3.2236e-07	-0.00019222	-9.846e-11	0.00019238	3.2324e-07	-3.224e-07	-0.00017952	-9.869e-11	0.00017968	3.2318e-07	-3.2242e-07	-0.00016538	-1.0846e-10	0.00016552	3.2306e-07	-3.2234e-07	-0.00014944	-1.0714e-10	0.00014964	3.2288e-07	-3.2228e-07	-0.00013094	-1.0829e-10	0.00013108	3.2278e-07	-3.2238e-07	-0.000109004	-1.1004e-10	0.0001091	3.2272e-07	-3.2236e-07	-8.1724e-05	-1.143e-10	8.1686e-05	3.225e-07	-3.223e-07	-4.7318e-05	-1.2643e-10	4.7274e-05	3.2238e-07	-3.2228e-07	-3.3088e-06	-1.2391e-10	3.2477e-06	3.223e-07	-3.223e-07
0.645	-0.00024292	-9.621e-11	0.00024332	3.236e-07	-3.2242e-07	-0.00022986	-1.0169e-10	0.00023014	3.2338e-07	-3.2232e-07	-0.00021642	-1.0335e-10	0.00021658	3.2326e-07	-3.2236e-07	-0.00020224	-1.0516e-10	0.00020224	3.2316e-07	-3.2242e-07	-0.00018622	-1.0334e-10	0.00018646	3.231e-07	-3.2244e-07	-0.00016816	-1.0566e-10	0.0001685	3.2288e-07	-3.2232e-07	-0.00014742	-1.163e-10	0.00014764	3.2284e-07	-3.2246e-07	-0.00012244	-1.1441e-10	0.00012258	3.2266e-07	-3.2234e-07	-9.1994e-05	-1.2548e-10	9.1894e-05	3.225e-07	-3.2226e-07	-5.3164e-05	-1.2211e-10	5.3232e-05	3.224e-07	-3.223e-07	-3.6518e-06	-1.3597e-10	3.7063e-06	3.2224e-07	-3.2228e-07
0.64	-0.0002737	-1.0491e-10	0.00027426	3.2356e-07	-3.2254e-07	-0.00025914	-1.0447e-10	0.00025928	3.233e-07	-3.223e-07	-0.00024382	-1.0975e-10	0.00024398	3.2324e-07	-3.2236e-07	-0.00022774	-1.0921e-10	0.00022788	3.2316e-07	-3.224e-07	-0.00020986	-1.1698e-10	0.00020998	3.2308e-07	-3.2246e-07	-0.00018966	-1.1977e-10	0.00018974	3.2284e-07	-3.2234e-07	-0.00016598	-1.1962e-10	0.0001662	3.2282e-07	-3.2234e-07	-0.0001378	-1.2726e-10	0.00013802	3.227e-07	-3.2232e-07	-0.000103408	-1.2739e-10	0.000103386	3.2248e-07	-3.2224e-07	-5.9728e-05	-1.3835e-10	5.9752e-05	3.2238e-07	-3.2232e-07	-4.1497e-06	-1.36e-10	4.0781e-06	3.2226e-07	-3.2228e-07
0.635	-0.00030786	-1.0565e-10	0.00030786	3.2358e-07	-3.2254e-07	-0.00029122	-1.1165e-10	0.00029154	3.2336e-07	-3.224e-07	-0.00027412	-1.1585e-10	0.00027436	3.233e-07	-3.224e-07	-0.00025584	-1.1686e-10	0.00025618	3.2318e-07	-3.2244e-07	-0.00023578	-1.1763e-10	0.0002361	3.2298e-07	-3.224e-07	-0.00021308	-1.1983e-10	0.00021334	3.2302e-07	-3.224e-07	-0.00018662	-1.2667e-10	0.0001867	3.228e-07	-3.2234e-07	-0.00015468	-1.2578e-10	0.00015514	3.2262e-07	-3.223e-07	-0.0001159	-1.3308e-10	0.00011602	3.2248e-07	-3.2224e-07	-6.7028e-05	-1.3598e-10	6.697e-05	3.224e-07	-3.223e-07	-4.6199e-06	-1.4816e-10	4.5817e-06	3.2224e-07	-3.223e-07
0.63	-0.0003464	-1.1604e-10	0.00034644	3.2354e-07	-3.2246e-07	-0.0003277	-1.1759e-10	0.00032786	3.234e-07	-3.224e-07	-0.00030846	-1.1884e-10	0.00030876	3.2332e-07	-3.2242e-07	-0.000288	-1.2194e-10	0.00028832	3.2314e-07	-3.224e-07	-0.0002653	-1.2651e-10	0.0002655	3.2302e-07	-3.2234e-07	-0.0002397	-1.3269e-10	0.00024004	3.2292e-07	-3.2242e-07	-0.00020972	-1.3311e-10	0.0002099	3.2282e-07	-3.2242e-07	-0.0001739	-1.402e-10	0.00017422	3.2264e-07	-3.2236e-07	-0.00013002	-1.424e-10	0.00013032	3.2248e-07	-3.2226e-07	-7.522e-05	-1.5223e-10	7.5258e-05	3.224e-07	-3.2226e-07	-5.2299e-06	-1.5039e-10	5.1543e-06	3.2224e-07	-3.223e-07
0.625	-0.0003887	-1.2038e-10	0.00038918	3.2352e-07	-3.2248e-07	-0.0003677	-1.2345e-10	0.00036824	3.234e-07	-3.224e-07	-0.00034638	-1.2658e-10	0.00034664	3.2334e-07	-3.2242e-07	-0.0003235	-1.2986e-10	0.0003234	3.2318e-07	-3.225e-07	-0.00029784	-1.3204e-10	0.00029802	3.2302e-07	-3.225e-07	-0.00026888	-1.3216e-10	0.00026938	3.2294e-07	-3.2236e-07	-0.0002352	-1.3895e-10	0.0002355	3.2286e-07	-3.2236e-07	-0.00019512	-1.4097e-10	0.0001953	3.2266e-07	-3.2228e-07	-0.00014576	-1.4672e-10	0.00014592	3.2252e-07	-3.2228e-07	-8.4166e-05	-1.5169e-10	8.4072e-05	3.2232e-07	-3.2232e-07	-5.7741e-06	-1.6154e-10	5.7721e-06	3.2218e-07	-3.2226e-07
0.62	-0.0004366	-1.2683e-10	0.00043696	3.2352e-07	-3.224e-07	-0.00041338	-1.3263e-10	0.00041346	3.2342e-07	-3.2248e-07	-0.00038902	-1.3099e-10	0.00038918	3.2332e-07	-3.2248e-07	-0.00036308	-1.3517e-10	0.0003633	3.2316e-07	-3.2246e-07	-0.00033452	-1.3853e-10	0.00033464	3.2312e-07	-3.2242e-07	-0.00030212	-1.4544e-10	0.00030224	3.2288e-07	-3.2234e-07	-0.00026406	-1.4927e-10	0.00026432	3.2274e-07	-3.2236e-07	-0.0002189	-1.5422e-10	0.00021904	3.2272e-07	-3.2234e-07	-0.00016346	-1.5737e-10	0.00016384	3.2254e-07	-3.2226e-07	-9.4266e-05	-1.6387e-10	9.4248e-05	3.2244e-07	-3.2226e-07	-6.4707e-06	-1.6193e-10	6.4697e-06	3.222e-07	-3.2224e-07
0.615	-0.00048964	-1.2996e-10	0.00048964	3.2362e-07	-3.2248e-07	-0.00046336	-1.3307e-10	0.00046334	3.2344e-07	-3.2242e-07	-0.00043582	-1.3853e-10	0.00043614	3.2332e-07	-3.2242e-07	-0.00040678	-1.3976e-10	0.00040718	3.2318e-07	-3.2244e-07	-0.000375	-1.4718e-10	0.00037506	3.2304e-07	-3.2238e-07	-0.00033848	-1.4508e-10	0.00033858	3.2292e-07	-3.224e-07	-0.00029586	-1.4992e-10	0.0002958	3.228e-07	-3.223e-07	-0.0002449	-1.5503e-10	0.00024512	3.2264e-07	-3.2236e-07	-0.00018276	-1.6142e-10	0.00018306	3.2248e-07	-3.2224e-07	-0.000105148	-1.6617e-10	0.000105162	3.224e-07	-3.223e-07	-7.1643e-06	-1.7772e-10	7.2043e-06	3.2218e-07	-3.2228e-07
0.61	-0.00054834	-1.3901e-10	0.00054874	3.2364e-07	-3.2252e-07	-0.00051924	-1.4575e-10	0.00051918	3.233e-07	-3.224e-07	-0.00048874	-1.4361e-10	0.00048916	3.233e-07	-3.2244e-07	-0.00045626	-1.497e-10	0.00045622	3.2318e-07	-3.2244e-07	-0.00041988	-1.4892e-10	0.00042028	3.2302e-07	-3.2242e-07	-0.00037902	-1.5906e-10	0.00037932	3.23e-07	-3.2238e-07	-0.00033124	-1.6374e-10	0.00033134	3.228e-07	-3.224e-07	-0.00027408	-1.6575e-10	0.00027458	3.2266e-07	-3.2232e-07	-0.00020428	-1.7038e-10	0.0002046	3.2254e-07	-3.2228e-07	-0.00011742	-1.7503e-10	0.00011754	3.2246e-07	-3.2236e-07	-7.9781e-06	-1.7704e-10	8.1104e-06	3.2226e-07	-3.223e-07
0.605	-0.00061334	-1.4333e-10	0.00061382	3.236e-07	-3.2256e-07	-0.00058076	-1.451e-10	0.00058046	3.2332e-07	-3.2242e-07	-0.00054662	-1.4888e-10	0.00054698	3.233e-07	-3.2242e-07	-0.00051046	-1.5409e-10	0.0005105	3.231e-07	-3.224e-07	-0.00046932	-1.6035e-10	0.0004698	3.2306e-07	-3.2242e-07	-0.00042358	-1.5743e-10	0.0004237	3.2296e-07	-3.2244e-07	-0.00037	-1.6187e-10	0.00037024	3.2276e-07	-3.224e-07	-0.00030598	-1.7053e-10	0.00030608	3.2272e-07	-3.2242e-07	-0.00022804	-1.7734e-10	0.00022808	3.2246e-07	-3.2226e-07	-0.00013078	-1.8744e-10	0.00013108	3.224e-07	-3.2228e-07	-8.9316e-06	-1.9316e-10	8.831e-06	3.2218e-07	-3.2234e-07
0.6	-0.00068578	-1.5343e-10	0.00068642	3.2366e-07	-3.2252e-07	-0.0006497	-1.5736e-10	0.00064982	3.2334e-07	-3.2242e-07	-0.00061132	-1.5945e-10	0.00061168	3.233e-07	-3.2242e-07	-0.000571	-1.6358e-10	0.00057098	3.2318e-07	-3.2242e-07	-0.000525	-1.6206e-10	0.00052528	3.23e-07	-3.224e-07	-0.00047366	-1.735e-10	0.00047402	3.2298e-07	-3.2244e-07	-0.00041366	-1.7733e-10	0.0004138	3.2276e-07	-3.2248e-07	-0.00034184	-1.8154e-10	0.0003422	3.2268e-07	-3.224e-07	-0.00025446	-1.8238e-10	0.00025456	3.2254e-07	-3.223e-07	-0.00014582	-1.8489e-10	0.00014608	3.2234e-07	-3.2228e-07	-9.8583e-06	-1.9286e-10	1.00325e-05	3.2222e-07	-3.223e-07
0.595	-0.00076572	-1.5592e-10	0.00076554	3.2372e-07	-3.2262e-07	-0.00072484	-1.6127e-10	0.00072518	3.2338e-07	-3.2238e-07	-0.00068226	-1.6467e-10	0.00068232	3.2318e-07	-3.2236e-07	-0.0006364	-1.6783e-10	0.0006366	3.2318e-07	-3.2242e-07	-0.00058562	-1.7659e-10	0.00058584	3.2302e-07	-3.2244e-07	-0.00052806	-1.7252e-10	0.00052832	3.2296e-07	-3.224e-07	-0.00046044	-1.7756e-10	0.00046076	3.2276e-07	-3.2232e-07	-0.00038046	-1.8428e-10	0.00038076	3.2268e-07	-3.2238e-07	-0.00028312	-1.928e-10	0.0002829	3.2252e-07	-3.2228e-07	-0.00016182	-2.0232e-10	0.00016228	3.2236e-07	-3.223e-07	-1.10221e-05	-2.072e-10	1.10251e-05	3.2226e-07	-3.223e-07
0.59	-0.00085424	-1.6351e-10	0.00085384	3.2362e-07	-3.2254e-07	-0.00080854	-1.717e-10	0.00080866	3.2332e-07	-3.2244e-07	-0.0007613	-1.7236e-10	0.00076158	3.2334e-07	-3.225e-07	-0.00071048	-1.7358e-10	0.00071008	3.2314e-07	-3.2236e-07	-0.00065296	-1.749e-10	0.0006533	3.2294e-07	-3.2232e-07	-0.00058904	-1.8881e-10	0.00058918	3.2296e-07	-3.2242e-07	-0.00051326	-1.8948e-10	0.0005135	3.2282e-07	-3.2234e-07	-0.00042408	-1.9573e-10	0.0004241	3.2264e-07	-3.223e-07	-0.00031492	-1.9853e-10	0.0003149	3.2248e-07	-3.223e-07	-0.0001795	-2.0077e-10	0.0001796	3.2244e-07	-3.2232e-07	-1.17175e-05	-2.1209e-10	1.172e-05	3.2222e-07	-3.223e-07
0.585	-0.00094994	-1.6989e-10	0.00094986	3.236e-07	-3.2254e-07	-0.0008998	-1.7252e-10	0.00089986	3.2336e-07	-3.2246e-07	-0.00084686	-1.7999e-10	0.00084748	3.2328e-07	-3.2238e-07	-0.00079064	-1.8311e-10	0.00079036	3.2322e-07	-3.224e-07	-0.00072636	-1.9027e-10	0.00072638	3.23e-07	-3.2234e-07	-0.00065456	-1.889e-10	0.00065452	3.2294e-07	-3.2238e-07	-0.00057084	-1.9257e-10	0.0005708	3.2278e-07	-3.2234e-07	-0.00047038	-1.9813e-10	0.00047088	3.227e-07	-3.2236e-07	-0.0003487	-2.078e-10	0.00034938	3.225e-07	-3.2228e-07	-0.00019928	-2.1835e-10	0.00019926	3.2242e-07	-3.2228e-07	-1.1332e-05	-2.2099e-10	1.3536e-05	3.222e-07	-3.2228e-07
0.58	-0.00105624	-1.7878e-10	0.00105674	3.2354e-07	-3.2252e-07	-0.00100144	-1.8257e-10	0.00100164	3.2344e-07	-3.2246e-07	-0.00094204	-1.8501e-10	0.00094304	3.2318e-07	-3.2242e-07	-0.00087934	-1.89e-10	0.00087918	3.232e-07	-3.224e-07	-0.0008084	-1.8911e-10	0.00080866	3.2302e-07	-3.2234e-07	-0.0007269	-1.9949e-10	0.00072784	3.2292e-07	-3.2248e-07	-0.00063368	-2.0636e-10	0.00063438	3.2276e-07	-3.2234e-07	-0.00052212	-2.116e-10	0.00052274	3.2268e-07	-3.2234e-07	-0.0003873	-2.1331e-10	0.00038718	3.2248e-07	-3.2232e-07	-0.00022052	-2.158e-10	0.00022102	3.2242e-07	-3.2228e-07	-1.5036e-05	-2.2341e-10	1.4994e-05	3.222e-07	-3.2226e-07
0.575	-0.0011726	-1.8326e-10	0.0011736	3.2358e-07	-3.2246e-07	-0.00111054	-1.8688e-10	0.00111064	3.2342e-07	-3.2248e-07	-0.00104624	-1.9259e-10	0.00104588	3.2322e-07	-3.2242e-07	-0.0009761	-1.9692e-10	0.00097576	3.2314e-07	-3.224e-07	-0.00089636	-2.0373e-10	0.0008965	3.2306e-07	-3.2242e-07	-0.0008065	-2.0205e-10	0.00080664	3.2296e-07	-3.2242e-07	-0.00070244	-2.0639e-10	0.00070258	3.2272e-07	-3.223e-07	-0.000578	-2.1249e-10	0.00057814	3.2268e-07	-3.2234e-07	-0.0004277	-2.2299e-10	0.00042762	3.2246e-07	-3.2224e-07	-0.00024298	-2.3316e-10	0.00024346	3.2236e-07	-3.2228e-07	-1.6374e-05	-2.3893e-10	1.6342e-05	3.2222e-07	-3.2228e-07
0.57	-0.0013012	-1.9077e-10	0.0013018	3.2352e-07	-3.2248e-07	-0.0012316	-1.988e-10	0.0012326	3.2338e-07	-3.2242e-07	-0.00116	-2.0168e-10	0.001161	3.2314e-07	-3.2238e-07	-0.00108188	-2.0185e-10	0.00108298	3.2318e-07	-3.224e-07	-0.00099372	-2.0308e-10	0.00099386	3.2308e-07	-3.2242e-07	-0.0008944	-2.1357e-10	0.00089456	3.2284e-07	-3.2236e-07	-0.00077772	-2.1979e-10	0.0007779	3.2276e-07	-3.2236e-07	-0.00063918	-2.2515e-10	0.00063932	3.226e-07	-3.2234e-07	-0.00047266	-2.2889e-10	0.0004731	3.2254e-07	-3.2234e-07	-0.0002678	-2.3461e-10	0.00026854	3.2236e-07	-3.223e-07	-1.8058e-05	-2.3965e-10	1.8056e-05	3.222e-07	-3.2228e-07
0.565	-0.0014382	-1.9955e-10	0.0014392	3.236e-07	-3.2248e-07	-0.0013626	-1.9959e-10	0.0013634	3.234e-07	-3.2252e-07	-0.0012826	-2.0501e-10	0.0012832	3.2318e-07	-3.224e-07	-0.0011958	-2.1148e-10	0.001196	3.2318e-07	-3.2242e-07	-0.00109852	-2.2078e-10	0.00109934	3.2314e-07	-3.2248e-07	-0.00098744	-2.1658e-10	0.00098774	3.2288e-07	-3.224e-07	-0.00085832	-2.205e-10	0.00085872	3.229e-07	-3.224e-07	-0.00070412	-2.2819e-10	0.00070484	3.2262e-07	-3.223e-07	-0.00052052	-2.3912e-10	0.00052048	3.2246e-07	-3.2228e-07	-0.00029488	-2.4608e-10	0.00029536	3.224e-07	-3.2232e-07	-1.9746e-05	-2.5516e-10	1.9716e-05	3.2228e-07	-3.2224e-07
0.56	-0.0015908	-2.0751e-10	0.001591	3.2354e-07	-3.2248e-07	-0.001507	-2.1272e-10	0.0015072	3.2338e-07	-3.2258e-07	-0.0014178	-2.1661e-10	0.0014184	3.232e-07	-3.2242e-07	-0.0013224	-2.1825e-10	0.0013218	3.2316e-07	-3.2246e-07	-0.0012138	-2.2409e-10	0.0012152	3.2314e-07	-3.225e-07	-0.00109082	-2.2998e-10	0.00109086	3.2294e-07	-3.224e-07	-0.00094732	-2.3768e-10	0.00094704	3.228e-07	-3.224e-07	-0.00077642	-2.4039e-10	0.00077724	3.2264e-07	-3.2238e-07	-0.0005729	-2.443e-10	0.00057278	3.2252e-07	-3.2224e-07	-0.00032366	-2.5275e-10	0.0003248	3.2242e-07	-3.2236e-07	-2.1826e-05	-2.5639e-10	2.174e-05	3.2224e-07	-3.2228e-07
0.555	-0.0017534	-2.1234e-10	0.001753	3.2352e-07	-3.225e-07	-0.0016618	-2.1446e-10	0.0016616	3.235e-07	-3.2246e-07	-0.0015628	-2.1915e-10	0.0015628	3.2318e-07	-3.224e-07	-0.0014574	-2.2565e-10	0.0014574	3.232e-07	-3.2242e-07	-0.0013368	-2.2583e-10	0.0013382	3.2306e-07	-3.2248e-07	-0.0012004	-2.3392e-10	0.0012006	3.2282e-07	-3.2232e-07	-0.00104158	-2.3674e-10	0.0010415	3.2278e-07	-3.2228e-07	-0.00085326	-2.4538e-10	0.0008538	3.2268e-07	-3.2234e-07	-0.00062772	-2.5586e-10	0.00062774	3.2246e-07	-3.2228e-07	-0.00035456	-2.6131e-10	0.00035526	3.2234e-07	-3.2236e-07	-2.3588e-05	-2.7412e-10	2.362e-05	3.222e-07	-3.2232e-07
0.55	-0.0019316	-2.1895e-10	0.0019322	3.2354e-07	-3.2248e-07	-0.0018306	-2.2697e-10	0.0018308	3.2344e-07	-3.2248e-07	-0.0017224	-2.317e-10	0.0017236	3.2326e-07	-3.2238e-07	-0.001605	-2.335e-10	0.0016056	3.2326e-07	-3.2242e-07	-0.001472	-2.4114e-10	0.0014728	3.23e-07	-3.2244e-07	-0.001321	-2.429e-10	0.0013216	3.2288e-07	-3.2232e-07	-0.00114438	-2.5397e-10	0.00114544	3.2282e-07	-3.223e-07	-0.00093604	-2.5909e-10	0.00093724	3.226e-07	-3.224e-07	-0.00068832	-2.6211e-10	0.00068912	3.2244e-07	-3.2228e-07	-0.00038758	-2.7143e-10	0.00038812	3.2242e-07	-3.2232e-07	-2.566e-05	-2.7257e-10	2.574e-05	3.2218e-07	-3.2228e-07
0.545	-0.0021202	-2.2332e-10	0.0021224	3.236e-07	-3.2252e-07	-0.0020104	-2.2898e-10	0.0020106	3.2338e-07	-3.2248e-07	-0.0018928	-2.3291e-10	0.001891	3.232e-07	-3.2248e-07	-0.0017616	-2.4021e-10	0.001762	3.2314e-07	-3.2244e-07	-0.001615	-2.4155e-10	0.001616	3.2308e-07	-3.2246e-07	-0.0014484	-2.504e-10	0.0014492	3.2288e-07	-3.2232e-07	-0.0012544	-2.5623e-10	0.0012548	3.227e-07	-3.223e-07	-0.00102512	-2.6205e-10	0.00102536	3.226e-07	-3.2232e-07	-0.00075176	-2.7024e-10	0.00075178	3.225e-07	-3.2234e-07	-0.000423	-2.7785e-10	0.00042318	3.2242e-07	-3.2234e-07	-2.8172e-05	-2.9114e-10	2.8002e-05	3.2228e-07	-3.2236e-07
0.54	-0.0023292	-2.3635e-10	0.002329	3.2358e-07	-3.2258e-07	-0.0022066	-2.4083e-10	0.0022068	3.2342e-07	-3.2252e-07	-0.0020752	-2.4785e-10	0.0020766	3.2318e-07	-3.224e-07	-0.0019326	-2.5046e-10	0.001934	3.2314e-07	-3.2236e-07	-0.0017712	-2.5641e-10	0.0017716	3.2304e-07	-3.2242e-07	-0.001587	-2.6005e-10	0.0015876	3.2286e-07	-3.2236e-07	-0.0013722	-2.6472e-10	0.001373	3.227e-07	-3.223e-07	-0.00112038	-2.7536e-10	0.00112028	3.2254e-07	-3.2224e-07	-0.00081944	-2.8097e-10	0.0008194	3.2246e-07	-3.2228e-07	-0.00046034	-2.9021e-10	0.00046004	3.2242e-07	-3.224e-07	-3.036e-05	-2.8918e-10	3.0306e-05	3.2226e-07	-3.2234e-07
0.535	-0.0025476	-2.3804e-10	0.0025486	3.2356e-07	-3.225e-07	-0.0024138	-2.4373e-10	0.002416	3.2344e-07	-3.2252e-07	-0.002271	-2.4618e-10	0.0022706	3.232e-07	-3.2242e-07	-0.0021128	-2.559e-10	0.002114	3.2312e-07	-3.2236e-07	-0.001936	-2.6087e-10	0.0019366	3.2302e-07	-3.2244e-07	-0.001733	-2.6887e-10	0.0017336	3.229e-07	-3.2232e-07	-0.001497	-2.7437e-10	0.0014972	3.2264e-07	-3.2224e-07	-0.0012186	-2.7623e-10	0.00122	3.2262e-07	-3.2236e-07	-0.00089108	-2.8652e-10	0.00089102	3.224e-07	-3.2228e-07	-0.0004988	-2.957e-10	0.00049894	3.2234e-07	-3.2226e-07	-3.2804e-05	-3.0874e-10	3.2842e-05	3.2218e-07	-3.2236e-07
0.53	-0.0027864	-2.546e-10	0.0027862	3.2354e-07	-3.2246e-07	-0.0026386	-2.5804e-10	0.0026402	3.2342e-07	-3.2246e-07	-0.0024826	-2.6568e-10	0.002482	3.2322e-07	-3.2236e-07	-0.0023096	-2.6648e-10	0.0023106	3.2304e-07	-3.2236e-07	-0.0021128	-2.7063e-10	0.002115	3.231e-07	-3.2252e-07	-0.00189	-2.7747e-10	0.001891	3.2286e-07	-3.2236e-07	-0.001631	-2.8263e-10	0.0016318	3.2274e-07	-3.223e-07	-0.0013262	-2.9175e-10	0.0013278	3.226e-07	-3.2228e-07	-0.00096728	-2.9998e-10	0.00096682	3.2248e-07	-3.2228e-07	-0.00054068	-3.0893e-10	0.00054104	3.2234e-07	-3.2222e-07	-3.5464e-05	-3.1034e-10	3.5398e-05	3.223e-07	-3.2236e-07
0.525	-0.0030354	-2.5369e-10	0.0030362	3.2356e-07	-3.225e-07	-0.0028776	-2.595e-10	0.0028768	3.2344e-07	-3.2252e-07	-0.0027038	-2.6218e-10	0.0027034	3.232e-07	-3.2234e-07	-0.002514	-2.7292e-10	0.002514	3.2308e-07	-3.2242e-07	-0.0022992	-2.8048e-10	0.0023	3.2316e-07	-3.2248e-07	-0.0020538	-2.8465e-10	0.0020566	3.2292e-07	-3.2234e-07	-0.0017702	-2.9066e-10	0.0017712	3.228e-07	-3.2234e-07	-0.0014378	-2.9811e-10	0.0014388	3.226e-07	-3.223e-07	-0.0010449	-3.0559e-10	0.0010476	3.2248e-07	-3.2236e-07	-0.0005833	-3.1279e-10	0.0005832	3.2234e-07	-3.223e-07	-3.7986e-05	-3.2873e-10	3.8088e-05	3.222e-07	-3.223e-07
0.52	-0.0033052	-2.6904e-10	0.003307	3.235e-07	-3.2246e-07	-0.0031316	-2.7368e-10	0.003131	3.235e-07	-3.2256e-07	-0.002942	-2.8147e-10	0.0029426	3.232e-07	-3.2238e-07	-0.0027352	-2.8124e-10	0.0027348	3.2308e-07	-3.2236e-07	-0.0025006	-2.8533e-10	0.0025004	3.2316e-07	-3.2246e-07	-0.0022318	-2.936e-10	0.0022318	3.2286e-07	-3.2236e-07	-0.0019188	-3.0153e-10	0.001919	3.2276e-07	-3.2236e-07	-0.0015564	-3.1137e-10	0.0015568	3.2266e-07	-3.2228e-07	-0.00113062	-3.1824e-10	0.0011308	3.2246e-07	-3.2228e-07	-0.000629	-3.302e-10	0.00062882	3.2238e-07	-3.2228e-07	-4.0766e-05	-3.2983e-10	4.0856e-05	3.2224e-07	-3.2226e-07
0.515	-0.0035864	-2.6926e-10	0.0035878	3.236e-07	-3.2254e-07	-0.003397	-2.7738e-10	0.0033972	3.2344e-07	-3.2246e-07	-0.003192	-2.7863e-10	0.0031942	3.2322e-07	-3.2242e-07	-0.0029646	-2.9127e-10	0.0029666	3.2314e-07	-3.2236e-07	-0.0027072	-3.0066e-10	0.0027082	3.2306e-07	-3.2244e-07	-0.0024146	-3.0107e-10	0.002415	3.2288e-07	-3.2232e-07	-0.0020752	-3.0689e-10	0.0020756	3.2282e-07	-3.2236e-07	-0.0016786	-3.1664e-10	0.001678	3.2268e-07	-3.2236e-07	-0.0012158	-3.2622e-10	0.0012164	3.2248e-07	-3.2234e-07	-0.0006755	-3.3236e-10	0.00067494	3.223e-07	-3.2228e-07	-4.3786e-05	-3.4849e-10	4.3808e-05	3.2216e-07	-3.223e-07
0.51	-0.0038894	-2.8489e-10	0.0038894	3.2354e-07	-3.2254e-07	-0.0036828	-2.8827e-10	0.0036836	3.2342e-07	-3.2248e-07	-0.0034578	-2.9727e-10	0.0034594	3.2324e-07	-3.2248e-07	-0.0032116	-2.9621e-10	0.0032114	3.2312e-07	-3.2242e-07	-0.0029294	-3.0106e-10	0.0029302	3.23e-07	-3.2242e-07	-0.0026066	-3.1111e-10	0.0026108	3.2286e-07	-3.2236e-07	-0.0022386	-3.2066e-10	0.0022396	3.2272e-07	-3.2236e-07	-0.0018092	-3.302e-10	0.0018084	3.2266e-07	-3.2246e-07	-0.0013068	-3.3628e-10	0.0013086	3.2242e-07	-3.223e-07	-0.00072358	-3.5014e-10	0.00072358	3.2238e-07	-3.2228e-07	-4.7024e-05	-3.512e-10	4.6914e-05	3.2224e-07	-3.2228e-07
0.505	-0.0042024	-2.8508e-10	0.0042042	3.236e-07	-3.2252e-07	-0.0039792	-2.9522e-10	0.0039794	3.2346e-07	-3.2252e-07	-0.003734	-2.9878e-10	0.0037356	3.2326e-07	-3.224e-07	-0.0034652	-3.1114e-10	0.003466	3.2308e-07	-3.2242e-07	-0.0031576	-3.1851e-10	0.0031606	3.23e-07	-3.2232e-07	-0.0028096	-3.2107e-10	0.0028096	3.2288e-07	-3.223e-07	-0.0024074	-3.2548e-10	0.0024078	3.2284e-07	-3.224e-07	-0.0019406	-3.354e-10	0.0019422	3.2264e-07	-3.2236e-07	-0.0013994	-3.4578e-10	0.001401	3.2254e-07	-3.2226e-07	-0.00077282	-3.5257e-10	0.00077498	3.224e-07	-3.223e-07	-4.9598e-05	-3.7025e-10	4.9742e-05	3.2226e-07	-3.223e-07
0.5	-0.0045372	-3.0124e-10	0.0045372	3.2354e-07	-3.225e-07	-0.0042942	-3.0604e-10	0.004294	3.2344e-07	-3.2246e-07	-0.0040282	-3.1454e-10	0.0040288	3.2324e-07	-3.2242e-07	-0.0037348	-3.1382e-10	0.0037354	3.231e-07	-3.2246e-07	-0.0034004	-3.1813e-10	0.003402	3.2306e-07	-3.2244e-07	-0.0030218	-3.3112e-10	0.0030212	3.2286e-07	-3.2238e-07	-0.0025832	-3.4362e-10	0.002586	3.2272e-07	-3.2234e-07	-0.0020792	-3.5259e-10	0.0020798	3.2268e-07	-3.224e-07	-0.001497	-3.5955e-10	0.0014972	3.2246e-07	-3.2222e-07	-0.00082434	-3.6968e-10	0.00082416	3.2236e-07	-3.2234e-07	-5.2738e-05	-3.7367e-10	5.2964e-05	3.2224e-07	-3.223e-07
0.495	-0.0048812	-3.0387e-10	0.0048822	3.2356e-07	-3.2254e-07	-0.004621	-3.1291e-10	0.0046202	3.2344e-07	-3.2248e-07	-0.0043312	-3.1628e-10	0.0043324	3.2324e-07	-3.2246e-07	-0.0040114	-3.298e-10	0.004011	3.231e-07	-3.2242e-07	-0.00365	-3.3932e-10	0.0036518	3.2302e-07	-3.224e-07	-0.0032366	-3.4217e-10	0.003239	3.2284e-07	-3.2236e-07	-0.002764	-3.4464e-10	0.002765	3.228e-07	-3.2244e-07	-0.0022196	-3.5587e-10	0.0022208	3.2266e-07	-3.224e-07	-0.0015944	-3.6525e-10	0.001595	3.2244e-07	-3.2228e-07	-0.00087668	-3.7601e-10	0.0008755	3.2234e-07	-3.2228e-07	-5.5922e-05	-3.9197e-10	5.593e-05	3.222e-07	-3.2222e-07
0.49	-0.0052472	-3.2005e-10	0.0052494	3.2354e-07	-3.2256e-07	-0.0049614	-3.2371e-10	0.004963	3.2342e-07	-3.2246e-07	-0.0046506	-3.3445e-10	0.0046508	3.2326e-07	-3.2246e-07	-0.004304	-3.3257e-10	0.0043052	3.2306e-07	-3.2242e-07	-0.003911	-3.3738e-10	0.0039122	3.2302e-07	-3.2242e-07	-0.0034638	-3.5022e-10	0.0034644	3.2282e-07	-3.2238e-07	-0.0029534	-3.6571e-10	0.0029538	3.2276e-07	-3.2232e-07	-0.0023662	-3.7268e-10	0.0023676	3.2272e-07	-3.2242e-07	-0.0016962	-3.8318e-10	0.0016966	3.2248e-07	-3.2226e-07	-0.00092876	-3.9543e-10	0.0009301	3.2232e-07	-3.223e-07	-5.9044e-05	-3.983e-10	5.8782e-05	3.2222e-07	-3.2232e-07
0.485	-0.005624	-3.223e-10	0.0056232	3.235e-07	-3.2252e-07	-0.005315	-3.3243e-10	0.0053172	3.2336e-07	-3.2258e-07	-0.0049756	-3.327e-10	0.0049774	3.2318e-07	-3.224e-07	-0.0046022	-3.5027e-10	0.0046034	3.2306e-07	-3.224e-07	-0.0041774	-3.6123e-10	0.0041776	3.2298e-07	-3.2242e-07	-0.0036962	-3.6111e-10	0.0036942	3.2284e-07	-3.2228e-07	-0.003143	-3.6467e-10	0.0031432	3.2278e-07	-3.2234e-07	-0.0025156	-3.794e-10	0.0025156	3.2272e-07	-3.2242e-07	-0.001798	-3.8826e-10	0.001798	3.2246e-07	-3.2232e-07	-0.00098142	-3.9959e-10	0.00098178	3.2236e-07	-3.2232e-07	-6.2274e-05	-4.1493e-10	6.2372e-05	3.222e-07	-3.223e-07
0.48	-0.006017	-3.3608e-10	0.006016	3.235e-07	-3.2252e-07	-0.0056854	-3.4108e-10	0.0056852	3.2342e-07	-3.2258e-07	-0.005321	-3.538e-10	0.0053208	3.2322e-07	-3.2248e-07	-0.0049152	-3.5306e-10	0.0049162	3.2314e-07	-3.2242e-07	-0.0044558	-3.5874e-10	0.0044546	3.2302e-07	-3.224e-07	-0.0039328	-3.7398e-10	0.0039342	3.2276e-07	-3.2228e-07	-0.00334	-3.8863e-10	0.0033414	3.2272e-07	-3.2242e-07	-0.0026658	-3.952e-10	0.0026668	3.2272e-07	-3.224e-07	-0.0019	-4.0714e-10	0.0019008	3.2248e-07	-3.2236e-07	-0.00103688	-4.1802e-10	0.00103668	3.2238e-07	-3.2228e-07	-6.543e-05	-4.2515e-10	6.536e-05	3.2226e-07	-3.2232e-07
0.475	-0.0064206	-3.4267e-10	0.0064206	3.235e-07	-3.225e-07	-0.0060604	-3.5287e-10	0.0060628	3.2338e-07	-3.2256e-07	-0.005668	-3.5436e-10	0.0056686	3.232e-07	-3.2246e-07	-0.0052292	-3.722e-10	0.0052316	3.2312e-07	-3.2246e-07	-0.004734	-3.8199e-10	0.0047348	3.23e-07	-3.2242e-07	-0.0041736	-3.8117e-10	0.0041722	3.2282e-07	-3.2234e-07	-0.003537	-3.8683e-10	0.0035388	3.227e-07	-3.223e-07	-0.0028184	-4.0249e-10	0.0028186	3.2268e-07	-3.2236e-07	-0.0020044	-4.1174e-10	0.0020044	3.2252e-07	-3.2228e-07	-0.00108936	-4.2362e-10	0.00108932	3.223e-07	-3.2232e-07	-6.8232e-05	-4.403e-10	6.8694e-05	3.223e-07	-3.223e-07
0.47	-0.006844	-3.5261e-10	0.0068428	3.2354e-07	-3.2262e-07	-0.0064542	-3.5861e-10	0.0064538	3.2346e-07	-3.2252e-07	-0.0060306	-3.7359e-10	0.006031	3.232e-07	-3.224e-07	-0.0055564	-3.7259e-10	0.0055598	3.2316e-07	-3.225e-07	-0.0050268	-3.8156e-10	0.0050238	3.2296e-07	-3.2242e-07	-0.004424	-3.9764e-10	0.0044228	3.2278e-07	-3.2228e-07	-0.0037414	-4.0861e-10	0.0037434	3.2276e-07	-3.2234e-07	-0.0029762	-4.2106e-10	0.0029772	3.2264e-07	-3.2252e-07	-0.0021124	-4.3181e-10	0.0021132	3.2242e-07	-3.2228e-07	-0.00114402	-4.4359e-10	0.0011453	3.224e-07	-3.2234e-07	-7.19e-05	-4.5198e-10	7.206e-05	3.2234e-07	-3.2232e-07
0.465	-0.007269	-3.6384e-10	0.0072682	3.2354e-07	-3.2254e-07	-0.006852	-3.7408e-10	0.0068528	3.2334e-07	-3.2248e-07	-0.0063942	-3.7785e-10	0.0063958	3.2324e-07	-3.2246e-07	-0.0058864	-3.9554e-10	0.005891	3.2306e-07	-3.2244e-07	-0.0053154	-4.0044e-10	0.005317	3.23e-07	-3.2238e-07	-0.0046732	-4.0378e-10	0.0046732	3.2282e-07	-3.2236e-07	-0.0039452	-4.1452e-10	0.0039442	3.227e-07	-3.2234e-07	-0.0031292	-4.2598e-10	0.0031288	3.2268e-07	-3.2246e-07	-0.0022164	-4.2999e-10	0.002219	3.2242e-07	-3.2234e-07	-0.001199	-4.5102e-10	0.001199	3.2238e-07	-3.223e-07	-7.5064e-05	-4.6504e-10	7.5078e-05	3.2232e-07	-3.224e-07
0.46	-0.0077104	-3.7403e-10	0.0077108	3.2364e-07	-3.226e-07	-0.0072646	-3.8154e-10	0.007266	3.2342e-07	-3.2242e-07	-0.0067754	-3.9447e-10	0.0067738	3.2326e-07	-3.2246e-07	-0.0062272	-3.9615e-10	0.006231	3.2308e-07	-3.2246e-07	-0.0056144	-4.0863e-10	0.0056146	3.2296e-07	-3.2232e-07	-0.004925	-4.2324e-10	0.0049262	3.2284e-07	-3.2236e-07	-0.0041516	-4.3124e-10	0.004153	3.227e-07	-3.2234e-07	-0.0032862	-4.4607e-10	0.0032862	3.2266e-07	-3.2236e-07	-0.0023242	-4.5836e-10	0.002324	3.225e-07	-3.2234e-07	-0.0012542	-4.6655e-10	0.0012532	3.2232e-07	-3.2232e-07	-7.7814e-05	-4.7827e-10	7.789e-05	3.2224e-07	-3.223e-07
0.455	-0.0081574	-3.8767e-10	0.0081574	3.2358e-07	-3.226e-07	-0.0076794	-3.9523e-10	0.0076806	3.2338e-07	-3.2254e-07	-0.0071512	-4.0081e-10	0.0071506	3.2328e-07	-3.2252e-07	-0.0065686	-4.1742e-10	0.0065694	3.2314e-07	-3.225e-07	-0.0059106	-4.2137e-10	0.0059136	3.2302e-07	-3.2242e-07	-0.0051778	-4.2881e-10	0.0051796	3.2284e-07	-3.2236e-07	-0.004354	-4.4026e-10	0.0043562	3.2278e-07	-3.2236e-07	-0.0034398	-4.5239e-10	0.0034416	3.227e-07	-3.2242e-07	-0.0024266	-4.635e-10	0.002428	3.2246e-07	-3.2234e-07	-0.0013068	-4.8047e-10	0.0013076	3.224e-07	-3.223e-07	-8.1056e-05	-4.9311e-10	8.1354e-05	3.2224e-07	-3.223e-07
0.45	-0.0086204	-3.9551e-10	0.008622	3.2354e-07	-3.2264e-07	-0.0081084	-4.0479e-10	0.0081058	3.2338e-07	-3.2246e-07	-0.0075388	-4.1564e-10	0.0075424	3.233e-07	-3.2254e-07	-0.0069178	-4.1828e-10	0.0069176	3.2308e-07	-3.2242e-07	-0.0062156	-4.3398e-10	0.0062172	3.23e-07	-3.224e-07	-0.0054332	-4.4828e-10	0.0054348	3.2288e-07	-3.2234e-07	-0.0045634	-4.5766e-10	0.0045624	3.2272e-07	-3.224e-07	-0.0035958	-4.719e-10	0.0035968	3.2266e-07	-3.2236e-07	-0.0025322	-4.8233e-10	0.0025312	3.224e-07	-3.2224e-07	-0.0013618	-4.9562e-10	0.0013602	3.2236e-07	-3.2234e-07	-8.4302e-05	-5.1136e-10	8.4348e-05	3.2224e-07	-3.2224e-07
0.445	-0.0090786	-4.084e-10	0.0090826	3.2352e-07	-3.226e-07	-0.008532	-4.1783e-10	0.0085334	3.2342e-07	-3.2248e-07	-0.0079294	-4.254e-10	0.007929	3.2326e-07	-3.2258e-07	-0.0072644	-4.3926e-10	0.0072626	3.2312e-07	-3.2246e-07	-0.0065182	-4.4358e-10	0.0065166	3.2302e-07	-3.2246e-07	-0.005688	-4.5293e-10	0.0056866	3.2284e-07	-3.2236e-07	-0.0047648	-4.6814e-10	0.0047664	3.2282e-07	-3.2236e-07	-0.0037494	-4.8095e-10	0.0037508	3.2262e-07	-3.2242e-07	-0.0026338	-4.9316e-10	0.0026352	3.224e-07	-3.222e-07	-0.0014102	-5.1096e-10	0.0014148	3.2238e-07	-3.223e-07	-8.7394e-05	-5.2265e-10	8.7522e-05	3.2218e-07	-3.2236e-07
0.44	-0.009557	-4.1909e-10	0.0095568	3.2348e-07	-3.2254e-07	-0.0089708	-4.28e-10	0.0089706	3.2334e-07	-3.225e-07	-0.008325	-4.3849e-10	0.0083242	3.2326e-07	-3.2256e-07	-0.0076152	-4.4592e-10	0.0076148	3.2308e-07	-3.2244e-07	-0.0068216	-4.6171e-10	0.0068224	3.23e-07	-3.224e-07	-0.0059438	-4.7424e-10	0.0059442	3.2278e-07	-3.2232e-07	-0.0049714	-4.8548e-10	0.0049702	3.2272e-07	-3.2236e-07	-0.0039032	-4.9863e-10	0.0039032	3.2272e-07	-3.2242e-07	-0.0027362	-5.1332e-10	0.002738	3.2246e-07	-3.2228e-07	-0.0014626	-5.27e-10	0.0014654	3.2232e-07	-3.223e-07	-9.0316e-05	-5.463e-10	9.0476e-05	3.2216e-07	-3.223e-07
0.435	-0.010026	-4.3116e-10	0.010028	3.235e-07	-3.2266e-07	-0.009403	-4.4278e-10	0.009404	3.2336e-07	-3.2248e-07	-0.0087146	-4.5278e-10	0.008717	3.232e-07	-3.2248e-07	-0.0079616	-4.6473e-10	0.0079646	3.2302e-07	-3.2242e-07	-0.0071206	-4.7195e-10	0.0071222	3.23e-07	-3.2242e-07	-0.0061922	-4.8115e-10	0.0061944	3.2272e-07	-3.2234e-07	-0.0051696	-4.9705e-10	0.0051724	3.227e-07	-3.2236e-07	-0.0040504	-5.0955e-10	0.0040532	3.2266e-07	-3.2232e-07	-0.0028346	-5.2735e-10	0.0028356	3.2246e-07	-3.2236e-07	-0.0015118	-5.4015e-10	0.001514	3.224e-07	-3.2236e-07	-9.3046e-05	-5.5696e-10	9.3296e-05	3.2224e-07	-3.2228e-07
0.43	-0.0105088	-4.4323e-10	0.0105106	3.2346e-07	-3.2258e-07	-0.0098444	-4.5406e-10	0.0098438	3.2338e-07	-3.2252e-07	-0.0091136	-4.6491e-10	0.0091138	3.2332e-07	-3.226e-07	-0.0083138	-4.7448e-10	0.0083162	3.231e-07	-3.2248e-07	-0.0074222	-4.8876e-10	0.0074232	3.2294e-07	-3.224e-07	-0.0064428	-5.0408e-10	0.0064458	3.2288e-07	-3.224e-07	-0.0053702	-5.1015e-10	0.0053734	3.2268e-07	-3.2242e-07	-0.004201	-5.3066e-10	0.0042038	3.226e-07	-3.2238e-07	-0.002933	-5.4302e-10	0.0029334	3.2242e-07	-3.223e-07	-0.001564	-5.596e-10	0.0015634	3.224e-07	-3.2234e-07	-9.637e-05	-5.7496e-10	9.6346e-05	3.2222e-07	-3.2228e-07
0.425	-0.0109842	-4.576e-10	0.0109872	3.2346e-07	-3.2252e-07	-0.0102806	-4.6834e-10	0.0102786	3.2336e-07	-3.2258e-07	-0.0095024	-4.8176e-10	0.0095032	3.2324e-07	-3.2248e-07	-0.008655	-4.9213e-10	0.0086566	3.2306e-07	-3.2252e-07	-0.0077174	-5.0008e-10	0.007718	3.23e-07	-3.2244e-07	-0.0066906	-5.129e-10	0.0066908	3.2282e-07	-3.224e-07	-0.0055634	-5.2706e-10	0.0055656	3.2268e-07	-3.223e-07	-0.004344	-5.4041e-10	0.004345	3.227e-07	-3.224e-07	-0.0030292	-5.5782e-10	0.0030286	3.2246e-07	-3.223e-07	-0.0016106	-5.733e-10	0.0016098	3.2244e-07	-3.2238e-07	-9.8462e-05	-5.8981e-10	9.8568e-05	3.222e-07	-3.2236e-07
0.42	-0.0114676	-4.6906e-10	0.0114696	3.2344e-07	-3.2258e-07	-0.01072	-4.793e-10	0.0107174	3.2338e-07	-3.225e-07	-0.009897	-4.9e-10	0.0098978	3.233e-07	-3.2252e-07	-0.0090034	-5.0481e-10	0.0090016	3.2308e-07	-3.2242e-07	-0.008014	-5.1756e-10	0.008014	3.2296e-07	-3.2244e-07	-0.006935	-5.3234e-10	0.0069362	3.2288e-07	-3.2248e-07	-0.0057566	-5.4398e-10	0.0057602	3.2272e-07	-3.2236e-07	-0.0044908	-5.6359e-10	0.0044876	3.2258e-07	-3.2236e-07	-0.0031246	-5.7395e-10	0.003125	3.2248e-07	-3.2232e-07	-0.0016574	-5.9232e-10	0.0016598	3.2236e-07	-3.223e-07	-0.000101302	-6.0838e-10	0.000101654	3.2222e-07	-3.2234e-07
0.415	-0.011918	-4.8114e-10	0.011944	3.235e-07	-3.2254e-07	-0.0111544	-4.9656e-10	0.011149	3.2336e-07	-3.2254e-07	-0.0102814	-5.1115e-10	0.0102842	3.2326e-07	-3.2264e-07	-0.0093384	-5.1814e-10	0.0093402	3.2306e-07	-3.2246e-07	-0.0082984	-5.3e-10	0.0083004	3.2296e-07	-3.2242e-07	-0.0071666	-5.4516e-10	0.0071694	3.2288e-07	-3.224e-07	-0.0059426	-5.579e-10	0.0059448	3.2272e-07	-3.2228e-07	-0.004628	-5.722e-10	0.0046276	3.2258e-07	-3.2238e-07	-0.0032146	-5.9417e-10	0.0032142	3.2246e-07	-3.2234e-07	-0.0017042	-6.0827e-10	0.0017014	3.223e-07	-3.2224e-07	-0.000103794	-6.2793e-10	0.000103956	3.2218e-07	-3.2234e-07
0.41	-0.012402	-4.9935e-10	0.012424	3.2344e-07	-3.2264e-07	-0.01156	-5.1026e-10	0.011584	3.2342e-07	-3.2258e-07	-0.01067	-5.1823e-10	0.0106686	3.2332e-07	-3.2258e-07	-0.0096732	-5.3629e-10	0.0096754	3.2306e-07	-3.2242e-07	-0.0085838	-5.5172e-10	0.0085846	3.2296e-07	-3.2242e-07	-0.0074042	-5.6285e-10	0.0074078	3.2276e-07	-3.2234e-07	-0.0061294	-5.7559e-10	0.0061294	3.2268e-07	-3.223e-07	-0.0047586	-5.9688e-10	0.0047628	3.2254e-07	-3.2228e-07	-0.0033014	-6.0931e-10	0.0033018	3.2246e-07	-3.2226e-07	-0.001748	-6.2892e-10	0.001747	3.2238e-07	-3.2234e-07	-0.00010604	-6.4376e-10	0.000106246	3.223e-07	-3.224e-07
0.405	-0.012872	-5.1098e-10	0.012894	3.2354e-07	-3.2262e-07	-0.011986	-5.2454e-10	0.012008	3.2332e-07	-3.2254e-07	-0.011043	-5.4219e-10	0.0110446	3.2324e-07	-3.2256e-07	-0.0100002	-5.4518e-10	0.0100022	3.2308e-07	-3.2244e-07	-0.008861	-5.6007e-10	0.0088622	3.2298e-07	-3.2246e-07	-0.007631	-5.7773e-10	0.0076318	3.2286e-07	-3.2242e-07	-0.0063078	-5.9199e-10	0.0063096	3.2266e-07	-3.2236e-07	-0.0048926	-6.0912e-10	0.004893	3.2262e-07	-3.2244e-07	-0.0033882	-6.3171e-10	0.0033874	3.2238e-07	-3.222e-07	-0.0017902	-6.4661e-10	0.0017912	3.223e-07	-3.2228e-07	-0.00010892	-6.6415e-10	0.000108956	3.223e-07	-3.2232e-07
0.4	-0.013342	-5.2752e-10	0.013364	3.2356e-07	-3.2272e-07	-0.01241	-5.4013e-10	0.012434	3.2338e-07	-3.2256e-07	-0.0114196	-5.4806e-10	0.0114178	3.2328e-07	-3.226e-07	-0.010325	-5.7064e-10	0.0103262	3.2304e-07	-3.2242e-07	-0.009136	-5.8414e-10	0.0091372	3.23e-07	-3.225e-07	-0.0078544	-5.9711e-10	0.0078554	3.2286e-07	-3.2246e-07	-0.0064812	-6.1364e-10	0.0064826	3.2266e-07	-3.223e-07	-0.0050198	-6.3233e-10	0.0050216	3.226e-07	-3.2232e-07	-0.003471	-6.4279e-10	0.0034712	3.2248e-07	-3.223e-07	-0.0018314	-6.6857e-10	0.0018332	3.224e-07	-3.2236e-07	-0.00011163	-6.8214e-10	0.000111774	3.223e-07	-3.224e-07
0.395	-0.013804	-5.4112e-10	0.01382	3.2352e-07	-3.2268e-07	-0.012822	-5.5436e-10	0.012842	3.2328e-07	-3.2254e-07	-0.011758	-5.7281e-10	0.011774	3.2326e-07	-3.2256e-07	-0.0106388	-5.7667e-10	0.0106382	3.2314e-07	-3.2248e-07	-0.0094	-5.9671e-10	0.0093982	3.2298e-07	-3.2246e-07	-0.0080692	-6.1197e-10	0.0080716	3.228e-07	-3.2242e-07	-0.0066512	-6.2785e-10	0.0066518	3.227e-07	-3.2242e-07	-0.0051436	-6.475e-10	0.0051432	3.2256e-07	-3.2236e-07	-0.0035524	-6.7075e-10	0.0035516	3.225e-07	-3.223e-07	-0.0018702	-6.8534e-10	0.0018724	3.2242e-07	-3.2238e-07	-0.00011381	-7.0556e-10	0.00011384	3.2226e-07	-3.2236e-07
0.39	-0.014254	-5.5627e-10	0.014284	3.2344e-07	-3.2266e-07	-0.01323	-5.718e-10	0.01325	3.2334e-07	-3.2254e-07	-0.012114	-5.8235e-10	0.01213	3.2326e-07	-3.2254e-07	-0.0109488	-6.0626e-10	0.0109506	3.232e-07	-3.2248e-07	-0.0096608	-6.189e-10	0.0096584	3.23e-07	-3.2248e-07	-0.0082806	-6.3286e-10	0.0082818	3.2292e-07	-3.2246e-07	-0.006816	-6.5065e-10	0.0068156	3.2262e-07	-3.2242e-07	-0.0052632	-6.702e-10	0.0052636	3.2252e-07	-3.2236e-07	-0.0036292	-6.821e-10	0.0036306	3.2242e-07	-3.223e-07	-0.0019116	-7.0751e-10	0.0019138	3.224e-07	-3.2236e-07	-0.000115	-7.2514e-10	0.000115004	3.223e-07	-3.223e-07
0.385	-0.014706	-5.7535e-10	0.014728	3.2346e-07	-3.227e-07	-0.013626	-5.8963e-10	0.013648	3.2332e-07	-3.2256e-07	-0.01246	-6.082e-10	0.01248	3.232e-07	-3.2258e-07	-0.011245	-6.1202e-10	0.0112478	3.2318e-07	-3.2254e-07	-0.0099064	-6.333e-10	0.0099088	3.2296e-07	-3.2248e-07	-0.008484	-6.4985e-10	0.0084844	3.229e-07	-3.2242e-07	-0.0069712	-6.6525e-10	0.0069716	3.227e-07	-3.2238e-07	-0.005377	-6.8852e-10	0.005381	3.2264e-07	-3.2236e-07	-0.003703	-7.1064e-10	0.0037034	3.224e-07	-3.2232e-07	-0.001949	-7.2677e-10	0.0019486	3.2236e-07	-3.2234e-07	-0.0001181	-7.4762e-10	0.00012076	3.2226e-07	-3.2236e-07
0.38	-0.01515	-5.8906e-10	0.01517	3.2348e-07	-3.2266e-07	-0.014022	-6.037e-10	0.014042	3.2326e-07	-3.226e-07	-0.012806	-6.1565e-10	0.012828	3.2326e-07	-3.2264e-07	-0.011516	-6.411e-10	0.011538	3.232e-07	-3.2252e-07	-0.0101562	-6.5925e-10	0.010156	3.2294e-07	-3.224e-07	-0.0086828	-6.7067e-10	0.0086848	3.229e-07	-3.2252e-07	-0.00713	-6.8795e-10	0.0071294	3.2276e-07	-3.224e-07	-0.0054908	-7.1163e-10	0.0054918	3.226e-07	-3.224e-07	-0.0037766	-7.2426e-10	0.0037784	3.2248e-07	-3.2234e-07	-0.0019842	-7.5211e-10	0.0019838	3.2246e-07	-3.2246e-07	-0.00012192	-7.6642e-10	0.00012	3.223e-07	-3.2236e-07
0.375	-0.015576	-6.108e-10	0.015596	3.2342e-07	-3.2264e-07	-0.01439	-6.2638e-10	0.014414	3.2336e-07	-3.2254e-07	-0.013132	-6.4347e-10	0.01315	3.2326e-07	-3.226e-07	-0.0118	-6.4851e-10	0.01182	3.2312e-07	-3.2252e-07	-0.0103872	-6.754e-10	0.0103894	3.2294e-07	-3.2246e-07	-0.0088754	-6.8953e-10	0.0088736	3.2294e-07	-3.2246e-07	-0.0072724	-7.0647e-10	0.0072754	3.2268e-07	-3.2234e-07	-0.0056016	-7.2829e-10	0.0055994	3.2264e-07	-3.2236e-07	-0.0038458	-7.5246e-10	0.0038486	3.2246e-07	-3.2234e-07	-0.002019	-7.7209e-10	0.0020206	3.224e-07	-3.2236e-07	-0.0001234	-7.9785e-10	0.00012464	3.223e-07	-3.2234e-07
0.37	-0.015994	-6.2148e-10	0.016016	3.2348e-07	-3.2262e-07	-0.014766	-6.3987e-10	0.014786	3.2338e-07	-3.226e-07	-0.013456	-6.5295e-10	0.013478	3.2326e-07	-3.226e-07	-0.012078	-6.7803e-10	0.0121	3.2308e-07	-3.2248e-07	-0.0106222	-6.9993e-10	0.0106206	3.229e-07	-3.2248e-07	-0.0090584	-7.091e-10	0.0090584	3.2296e-07	-3.2248e-07	-0.0074188	-7.3192e-10	0.007418	3.2266e-07	-3.2236e-07	-0.0057024	-7.5299e-10	0.0057056	3.2252e-07	-3.2234e-07	-0.003915	-7.7151e-10	0.0039166	3.2238e-07	-3.2226e-07	-0.0020504	-7.9722e-10	0.002052	3.2248e-07	-3.223e-07	-0.00012318	-8.1378e-10	0.00012518	3.2222e-07	-3.223e-07
0.365	-0.016402	-6.4541e-10	0.016422	3.235e-07	-3.227e-07	-0.015124	-6.6265e-10	0.015148	3.2332e-07	-3.2256e-07	-0.013768	-6.8286e-10	0.013788	3.2326e-07	-3.2266e-07	-0.012336	-6.8913e-10	0.012362	3.2306e-07	-3.2254e-07	-0.0108396	-7.1057e-10	0.0108414	3.229e-07	-3.2244e-07	-0.0092368	-7.3209e-10	0.009238	3.229e-07	-3.224e-07	-0.0075562	-7.5043e-10	0.007555	3.226e-07	-3.2236e-07	-0.0058014	-7.7259e-10	0.005802	3.2254e-07	-3.2234e-07	-0.003978	-7.9855e-10	0.0039792	3.224e-07	-3.2226e-07	-0.0020854	-8.1736e-10	0.0020826	3.2244e-07	-3.2244e-07	-0.000128	-8.4452e-10	0.00013156	3.222e-07	-3.2224e-07
0.36	-0.016802	-6.5941e-10	0.016824	3.2354e-07	-3.2264e-07	-0.015474	-6.7981e-10	0.015496	3.2332e-07	-3.2258e-07	-0.014064	-6.9431e-10	0.01409	3.232e-07	-3.226e-07	-0.012592	-7.1938e-10	0.01262	3.2312e-07	-3.2252e-07	-0.0110502	-7.3778e-10	0.0110554	3.2294e-07	-3.2244e-07	-0.0094102	-7.5135e-10	0.0094106	3.2276e-07	-3.2246e-07	-0.0076896	-7.7527e-10	0.0076904	3.2266e-07	-3.2234e-07	-0.0059	-7.9935e-10	0.0059012	3.2256e-07	-3.223e-07	-0.004042	-8.1665e-10	0.004044	3.224e-07	-3.2224e-07	-0.0021136	-8.45e-10	0.0021156	3.2246e-07	-3.2236e-07	-0.0001316	-8.6321e-10	0.00012728	3.222e-07	-3.2228e-07
0.355	-0.017184	-6.8318e-10	0.017204	3.2344e-07	-3.226e-07	-0.015814	-7.0076e-10	0.015834	3.233e-07	-3.2258e-07	-0.014364	-7.2091e-10	0.014382	3.2326e-07	-3.226e-07	-0.012846	-7.3143e-10	0.012868	3.2318e-07	-3.2264e-07	-0.0112564	-7.5061e-10	0.0112612	3.2284e-07	-3.2244e-07	-0.0095724	-7.7749e-10	0.0095736	3.2284e-07	-3.2236e-07	-0.0078182	-7.9365e-10	0.0078194	3.2264e-07	-3.2228e-07	-0.0059916	-8.2012e-10	0.0059936	3.226e-07	-3.2234e-07	-0.0041016	-8.4704e-10	0.0041054	3.2248e-07	-3.223e-07	-0.002142	-8.6768e-10	0.0021466	3.2246e-07	-3.2238e-07	-0.00013232	-8.9333e-10	0.00013048	3.2216e-07	-3.223e-07
0.35	-0.01756	-6.9977e-10	0.017582	3.235e-07	-3.2272e-07	-0.01614	-7.1872e-10	0.01616	3.2334e-07	-3.226e-07	-0.014644	-7.3546e-10	0.014664	3.2332e-07	-3.2258e-07	-0.013086	-7.6079e-10	0.013106	3.2314e-07	-3.2254e-07	-0.0114578	-7.8162e-10	0.0114588	3.2294e-07	-3.2246e-07	-0.0097352	-7.9792e-10	0.0097378	3.2282e-07	-3.2246e-07	-0.0079438	-8.2252e-10	0.0079438	3.2272e-07	-3.224e-07	-0.0060824	-8.457e-10	0.0060854	3.226e-07	-3.2236e-07	-0.0041594	-8.6431e-10	0.0041608	3.2236e-07	-3.223e-07	-0.0021744	-8.9473e-10	0.0021726	3.224e-07	-3.223e-07	-0.00013568	-9.2134e-10	0.00013326	3.2222e-07	-3.2222e-07
0.345	-0.01792	-7.2367e-10	0.01794	3.2344e-07	-3.227e-07	-0.016462	-7.433e-10	0.016478	3.2326e-07	-3.2258e-07	-0.014914	-7.6473e-10	0.014932	3.232e-07	-3.226e-07	-0.013314	-7.7922e-10	0.013336	3.2308e-07	-3.2252e-07	-0.011626	-7.9747e-10	0.011648	3.2296e-07	-3.2248e-07	-0.0098876	-8.2294e-10	0.00989	3.2282e-07	-3.224e-07	-0.0080604	-8.4291e-10	0.0080582	3.2268e-07	-3.2236e-07	-0.0061688	-8.7215e-10	0.0061672	3.2258e-07	-3.223e-07	-0.0042146	-8.9719e-10	0.0042174	3.2242e-07	-3.2234e-07	-0.0021966	-9.1783e-10	0.0021994	3.224e-07	-3.2232e-07	-0.00013512	-9.5302e-10	0.00013734	3.222e-07	-3.2224e-07
0.34	-0.01827	-7.3982e-10	0.018294	3.2354e-07	-3.2266e-07	-0.016762	-7.6088e-10	0.016786	3.2336e-07	-3.2258e-07	-0.01518	-7.7949e-10	0.015204	3.2324e-07	-3.2262e-07	-0.01354	-8.0525e-10	0.01356	3.2308e-07	-3.2254e-07	-0.011812	-8.2978e-10	0.011828	3.2292e-07	-3.2246e-07	-0.0100348	-8.4674e-10	0.010035	3.2282e-07	-3.224e-07	-0.0081758	-8.7162e-10	0.0081778	3.2264e-07	-3.2236e-07	-0.0062508	-8.9596e-10	0.0062516	3.2258e-07	-3.2234e-07	-0.0042672	-9.1863e-10	0.0042692	3.2248e-07	-3.224e-07	-0.0022266	-9.4868e-10	0.0022306	3.2242e-07	-3.224e-07	-0.00013554	-9.8e-10	0.00013508	3.2212e-07	-3.2228e-07
0.335	-0.018614	-7.6746e-10	0.018634	3.2344e-07	-3.2268e-07	-0.017058	-7.8848e-10	0.01708	3.233e-07	-3.2254e-07	-0.015432	-8.0916e-10	0.015452	3.232e-07	-3.2254e-07	-0.013746	-8.2652e-10	0.013774	3.2302e-07	-3.2256e-07	-0.011984	-8.4477e-10	0.012008	3.2294e-07	-3.2248e-07	-0.0101774	-8.7235e-10	0.0101764	3.228e-07	-3.2246e-07	-0.008282	-8.9474e-10	0.0082838	3.2272e-07	-3.2236e-07	-0.0063314	-9.2514e-10	0.0063288	3.226e-07	-3.2244e-07	-0.0043164	-9.5689e-10	0.004321	3.225e-07	-3.2234e-07	-0.0022542	-9.751e-10	0.0022506	3.2236e-07	-3.223e-07	-0.00013578	-1.00814e-09	0.00013682	3.222e-07	-3.2228e-07
0.33	-0.018934	-7.8269e-10	0.018964	3.2346e-07	-3.227e-07	-0.017348	-8.0767e-10	0.017364	3.2336e-07	-3.2264e-07	-0.015676	-8.2957e-10	0.015696	3.232e-07	-3.226e-07	-0.013958	-8.5036e-10	0.01398	3.2308e-07	-3.2256e-07	-0.01216	-8.7893e-10	0.012176	3.2294e-07	-3.2246e-07	-0.0103138	-8.961e-10	0.0103154	3.228e-07	-3.224e-07	-0.0083892	-9.2298e-10	0.0083886	3.2266e-07	-3.2238e-07	-0.006404	-9.4997e-10	0.0064044	3.226e-07	-3.2238e-07	-0.0043668	-9.8109e-10	0.0043712	3.2252e-07	-3.2242e-07	-0.0022768	-1.00428e-09	0.0022764	3.2238e-07	-3.2236e-07	-0.00013792	-1.03971e-09	0.00013988	3.222e-07	-3.2224e-07
0.325	-0.019252	-8.1101e-10	0.019272	3.2348e-07	-3.227e-07	-0.017612	-8.3306e-10	0.017636	3.2332e-07	-3.2262e-07	-0.01591	-8.5519e-10	0.01593	3.233e-07	-3.2262e-07	-0.014154	-8.7726e-10	0.014174	3.231e-07	-3.2264e-07	-0.012318	-8.947e-10	0.012342	3.2296e-07	-3.2246e-07	-0.0104432	-9.2447e-10	0.0104436	3.2288e-07	-3.2248e-07	-0.0084872	-9.4541e-10	0.0084906	3.2272e-07	-3.224e-07	-0.0064758	-9.8165e-10	0.0064772	3.2266e-07	-3.2242e-07	-0.0044148	-1.00423e-09	0.0044142	3.2252e-07	-3.2236e-07	-0.0023	-1.03528e-09	0.0023024	3.223e-07	-3.223e-07	-0.00014134	-1.06854e-09	0.00013794	3.2214e-07	-3.2224e-07
0.32	-0.019552	-8.3109e-10	0.019576	3.2348e-07	-3.227e-07	-0.017882	-8.5719e-10	0.017906	3.233e-07	-3.2266e-07	-0.016136	-8.8124e-10	0.01616	3.2326e-07	-3.227e-07	-0.014346	-9.0246e-10	0.014368	3.2314e-07	-3.2258e-07	-0.01248	-9.3121e-10	0.012496	3.2296e-07	-3.2254e-07	-0.0105708	-9.4883e-10	0.0105698	3.2284e-07	-3.2248e-07	-0.0085868	-9.8061e-10	0.0085862	3.2258e-07	-3.2228e-07	-0.0065474	-1.01157e-09	0.0065454	3.2264e-07	-3.2238e-07	-0.0044578	-1.0346e-09	0.0044568	3.2248e-07	-3.2236e-07	-0.002319	-1.06352e-09	0.0023238	3.223e-07	-3.223e-07	-0.0001413	-1.10229e-09	0.00014258	3.2218e-07	-3.223e-07
0.315	-0.019842	-8.5849e-10	0.019866	3.2348e-07	-3.2272e-07	-0.01813	-8.8276e-10	0.018156	3.2328e-07	-3.2258e-07	-0.016352	-9.0447e-10	0.016372	3.2328e-07	-3.2264e-07	-0.014522	-9.301e-10	0.01455	3.2302e-07	-3.2256e-07	-0.012626	-9.5177e-10	0.012644	3.23e-07	-3.2252e-07	-0.0106884	-9.8316e-10	0.0106904	3.2288e-07	-3.2246e-07	-0.0086742	-1.00352e-09	0.0086794	3.2268e-07	-3.2234e-07	-0.0066114	-1.04792e-09	0.0066154	3.2264e-07	-3.2238e-07	-0.0045024	-1.0665e-09	0.0045046	3.2246e-07	-3.2238e-07	-0.0023412	-1.10445e-09	0.002341	3.2234e-07	-3.2236e-07	-0.00014374	-1.1392e-09	0.00014288	3.2224e-07	-3.2222e-07
0.31	-0.020124	-8.8276e-10	0.020146	3.2338e-07	-3.2276e-07	-0.018378	-9.0729e-10	0.018398	3.233e-07	-3.2258e-07	-0.01657	-9.3325e-10	0.016586	3.232e-07	-3.2262e-07	-0.014706	-9.561e-10	0.014724	3.231e-07	-3.2252e-07	-0.01277	-9.8466e-10	0.01279	3.2296e-07	-3.2248e-07	-0.0108098	-1.00598e-09	0.0108094	3.229e-07	-3.2246e-07	-0.008769	-1.04162e-09	0.0087646	3.2266e-07	-3.224e-07	-0.0066804	-1.07155e-09	0.0066798	3.2264e-07	-3.2234e-07	-0.0045464	-1.09753e-09	0.004539	3.2246e-07	-3.224e-07	-0.0023622	-1.1375e-09	0.0023616	3.2236e-07	-3.223e-07	-0.00014294	-1.1609e-09	0.00014296	3.2214e-07	-3.2224e-07
0.305	-0.020396	-9.0897e-10	0.020416	3.2356e-07	-3.227e-07	-0.018604	-9.3293e-10	0.01863	3.2326e-07	-3.2256e-07	-0.016762	-9.5847e-10	0.01679	3.2324e-07	-3.227e-07	-0.014868	-9.8385e-10	0.014894	3.2308e-07	-3.2256e-07	-0.01291	-1.00975e-09	0.012932	3.2294e-07	-3.2252e-07	-0.0109162	-1.04138e-09	0.0109186	3.2288e-07	-3.2252e-07	-0.0088518	-1.06509e-09	0.008851	3.2266e-07	-3.224e-07	-0.0067426	-1.11076e-09	0.0067394	3.2256e-07	-3.223e-07	-0.004584	-1.13e-09	0.0045834	3.225e-07	-3.2236e-07	-0.0023808	-1.1696e-09	0.002384	3.223e-07	-3.2228e-07	-0.0001447	-1.2058e-09	0.00014378	3.2216e-07	-3.2224e-07
0.3	-0.020658	-9.3484e-10	0.020678	3.2356e-07	-3.2282e-07	-0.018834	-9.6353e-10	0.01886	3.233e-07	-3.2254e-07	-0.016956	-9.885e-10	0.016978	3.233e-07	-3.2262e-07	-0.015038	-1.0138e-09	0.015052	3.2314e-07	-3.2254e-07	-0.013044	-1.04471e-09	0.013062	3.2296e-07	-3.2248e-07	-0.0110252	-1.06676e-09	0.0110272	3.2288e-07	-3.224e-07	-0.0089334	-1.10376e-09	0.0089366	3.2268e-07	-3.224e-07	-0.0067986	-1.1412e-09	0.0068044	3.2254e-07	-3.224e-07	-0.0046218	-1.1647e-09	0.0046232	3.2248e-07	-3.2236e-07	-0.0024016	-1.2057e-09	0.0024012	3.2234e-07	-3.223e-07	-0.00014592	-1.2325e-09	0.000146	3.2216e-07	-3.222e-07
0.295	-0.020904	-9.6166e-10	0.020928	3.2354e-07	-3.2278e-07	-0.019048	-9.8907e-10	0.019072	3.2336e-07	-3.2264e-07	-0.017138	-1.01843e-09	0.017162	3.232e-07	-3.2266e-07	-0.015192	-1.04715e-09	0.015208	3.231e-07	-3.2254e-07	-0.013168	-1.07136e-09	0.01319	3.2304e-07	-3.2252e-07	-0.0111278	-1.10348e-09	0.0111272	3.2284e-07	-3.2246e-07	-0.0090114	-1.1308e-09	0.0090116	3.2272e-07	-3.2246e-07	-0.0068558	-1.172e-09	0.006856	3.2254e-07	-3.2232e-07	-0.004659	-1.194e-09	0.0046568	3.2248e-07	-3.2242e-07	-0.0024162	-1.2393e-09	0.0024182	3.2232e-07	-3.2228e-07	-0.00014366	-1.2788e-09	0.00014714	3.2216e-07	-3.2222e-07
0.29	-0.021146	-9.9327e-10	0.021168	3.2356e-07	-3.2276e-07	-0.01926	-1.02218e-09	0.019286	3.2326e-07	-3.2256e-07	-0.017318	-1.04809e-09	0.017336	3.2322e-07	-3.2266e-07	-0.015338	-1.08004e-09	0.015362	3.2314e-07	-3.2262e-07	-0.0133	-1.10657e-09	0.013312	3.2296e-07	-3.2252e-07	-0.0112248	-1.1385e-09	0.0112268	3.2288e-07	-3.2246e-07	-0.0090892	-1.1685e-09	0.0090848	3.227e-07	-3.224e-07	-0.0069138	-1.2101e-09	0.0069144	3.2252e-07	-3.223e-07	-0.0046954	-1.2385e-09	0.0046934	3.2246e-07	-3.2236e-07	-0.002432	-1.2751e-09	0.002437	3.2226e-07	-3.2228e-07	-0.0001487	-1.3052e-09	0.00014684	3.2224e-07	-3.223e-07
0.285	-0.02138	-1.01971e-09	0.021396	3.2356e-07	-3.2282e-07	-0.019454	-1.05049e-09	0.019478	3.233e-07	-3.2264e-07	-0.017488	-1.07924e-09	0.017506	3.2326e-07	-3.2266e-07	-0.01548	-1.11297e-09	0.015502	3.2308e-07	-3.2258e-07	-0.013414	-1.1353e-09	0.01343	3.23e-07	-3.2248e-07	-0.0113192	-1.1653e-09	0.0113214	3.2284e-07	-3.2246e-07	-0.0091614	-1.1968e-09	0.0091612	3.2268e-07	-3.2236e-07	-0.0069636	-1.2439e-09	0.0069646	3.2254e-07	-3.2234e-07	-0.0047282	-1.2676e-09	0.0047316	3.2244e-07	-3.2236e-07	-0.0024544	-1.3131e-09	0.0024528	3.2236e-07	-3.223e-07	-0.00014838	-1.3547e-09	0.00015032	3.2222e-07	-3.2226e-07
0.28	-0.021594	-1.0531e-09	0.021622	3.2354e-07	-3.2278e-07	-0.01965	-1.08199e-09	0.019668	3.234e-07	-3.226e-07	-0.017646	-1.11089e-09	0.017672	3.2316e-07	-3.226e-07	-0.015622	-1.1494e-09	0.015644	3.2306e-07	-3.2252e-07	-0.013522	-1.1729e-09	0.013548	3.2294e-07	-3.2248e-07	-0.0114064	-1.2037e-09	0.011411	3.2282e-07	-3.2252e-07	-0.009232	-1.2389e-09	0.0092298	3.227e-07	-3.2242e-07	-0.0070118	-1.279e-09	0.0070164	3.2252e-07	-3.223e-07	-0.0047604	-1.3119e-09	0.0047614	3.2242e-07	-3.2228e-07	-0.0024682	-1.3505e-09	0.0024728	3.2236e-07	-3.2234e-07	-0.000151	-1.3816e-09	0.0001531	3.222e-07	-3.2234e-07
0.275	-0.021816	-1.07882e-09	0.021828	3.235e-07	-3.227e-07	-0.019834	-1.11218e-09	0.019856	3.2332e-07	-3.2266e-07	-0.01781	-1.1402e-09	0.01783	3.2314e-07	-3.2258e-07	-0.01575	-1.1767e-09	0.015768	3.2306e-07	-3.2258e-07	-0.013636	-1.2056e-09	0.013652	3.229e-07	-3.2246e-07	-0.0114926	-1.2349e-09	0.0114982	3.2286e-07	-3.225e-07	-0.0092988	-1.2685e-09	0.0092964	3.2268e-07	-3.2236e-07	-0.0070624	-1.3207e-09	0.0070618	3.2252e-07	-3.2234e-07	-0.00479	-1.345e-09	0.0047928	3.2244e-07	-3.223e-07	-0.002486	-1.3902e-09	0.0024838	3.2234e-07	-3.2236e-07	-0.00014914	-1.4365e-09	0.0001502	3.2218e-07	-3.2224e-07
0.27	-0.022012	-1.11509e-09	0.022042	3.235e-07	-3.2276e-07	-0.020006	-1.1455e-09	0.020032	3.234e-07	-3.227e-07	-0.017958	-1.1772e-09	0.017982	3.2318e-07	-3.2254e-07	-0.015882	-1.2189e-09	0.015902	3.2306e-07	-3.2252e-07	-0.013744	-1.2412e-09	0.013758	3.2296e-07	-3.2246e-07	-0.011558	-1.2847e-09	0.011576	3.2278e-07	-3.2242e-07	-0.0093618	-1.3159e-09	0.0093636	3.2268e-07	-3.224e-07	-0.0071106	-1.3549e-09	0.0071096	3.2252e-07	-3.2236e-07	-0.0048164	-1.3871e-09	0.004819	3.2242e-07	-3.2232e-07	-0.0024998	-1.4306e-09	0.0025028	3.2232e-07	-3.2226e-07	-0.00015572	-1.4657e-09	0.00015182	3.2224e-07	-3.223e-07
0.265	-0.022212	-1.1476e-09	0.022232	3.2354e-07	-3.2266e-07	-0.020182	-1.1881e-09	0.020196	3.2344e-07	-3.2276e-07	-0.018104	-1.2105e-09	0.01812	3.2318e-07	-3.226e-07	-0.016002	-1.2462e-09	0.01602	3.2306e-07	-3.2256e-07	-0.01384	-1.2758e-09	0.013858	3.2294e-07	-3.224e-07	-0.011634	-1.3143e-09	0.011652	3.2272e-07	-3.2236e-07	-0.009423	-1.3431e-09	0.0094224	3.2264e-07	-3.2236e-07	-0.0071518	-1.3979e-09	0.0071546	3.2248e-07	-3.2238e-07	-0.0048488	-1.4233e-09	0.0048508	3.2232e-07	-3.2226e-07	-0.0025134	-1.4726e-09	0.0025134	3.2234e-07	-3.2224e-07	-0.00015432	-1.5194e-09	0.00015234	3.222e-07	-3.223e-07
0.26	-0.022404	-1.1783e-09	0.02242	3.2346e-07	-3.2266e-07	-0.02034	-1.2208e-09	0.020362	3.2336e-07	-3.2266e-07	-0.01824	-1.2473e-09	0.018262	3.2314e-07	-3.2252e-07	-0.016118	-1.2928e-09	0.01614	3.2308e-07	-3.2258e-07	-0.013934	-1.3177e-09	0.013954	3.23e-07	-3.2252e-07	-0.01172	-1.3592e-09	0.01173	3.2276e-07	-3.224e-07	-0.0094826	-1.3913e-09	0.0094834	3.2272e-07	-3.2238e-07	-0.0071976	-1.4332e-09	0.0071984	3.2258e-07	-3.2234e-07	-0.00488	-1.4702e-09	0.0048776	3.2238e-07	-3.2228e-07	-0.0025242	-1.516e-09	0.0025314	3.2232e-07	-3.2228e-07	-0.00015298	-1.5537e-09	0.0001533	3.2218e-07	-3.223e-07
0.255	-0.022578	-1.2165e-09	0.022602	3.2344e-07	-3.2268e-07	-0.020502	-1.2582e-09	0.020518	3.2338e-07	-3.2272e-07	-0.018374	-1.2836e-09	0.018398	3.232e-07	-3.226e-07	-0.016226	-1.3223e-09	0.016252	3.232e-07	-3.2254e-07	-0.014028	-1.3515e-09	0.014046	3.23e-07	-3.226e-07	-0.01179	-1.394e-09	0.011808	3.2274e-07	-3.224e-07	-0.009538	-1.4244e-09	0.0095428	3.2264e-07	-3.2234e-07	-0.0072396	-1.4792e-09	0.00724	3.2254e-07	-3.2238e-07	-0.0049048	-1.5082e-09	0.004907	3.2242e-07	-3.2228e-07	-0.0025404	-1.5617e-09	0.0025408	3.223e-07	-3.2226e-07	-0.00015348	-1.5989e-09	0.00015088	3.2216e-07	-3.222e-07
0.25	-0.022756	-1.2505e-09	0.022778	3.2342e-07	-3.2274e-07	-0.020652	-1.2844e-09	0.020674	3.2338e-07	-3.227e-07	-0.018504	-1.3195e-09	0.018524	3.2312e-07	-3.2258e-07	-0.016336	-1.367e-09	0.016358	3.2304e-07	-3.2258e-07	-0.014118	-1.3948e-09	0.01414	3.2302e-07	-3.2248e-07	-0.011866	-1.4402e-09	0.011878	3.2278e-07	-3.2244e-07	-0.0095956	-1.4732e-09	0.0095956	3.227e-07	-3.224e-07	-0.0072764	-1.5156e-09	0.007276	3.2254e-07	-3.2238e-07	-0.004933	-1.5592e-09	0.0049324	3.2238e-07	-3.2228e-07	-0.0025532	-1.602e-09	0.0025532	3.223e-07	-3.2236e-07	-0.0001529	-1.6331e-09	0.00015568	3.2218e-07	-3.2224e-07
0.245	-0.022914	-1.2882e-09	0.02294	3.2354e-07	-3.2282e-07	-0.020794	-1.3263e-09	0.02081	3.2326e-07	-3.2264e-07	-0.018624	-1.3614e-09	0.018646	3.2314e-07	-3.2256e-07	-0.016446	-1.3998e-09	0.016468	3.2302e-07	-3.2248e-07	-0.014198	-1.4309e-09	0.014222	3.2296e-07	-3.226e-07	-0.011932	-1.4769e-09	0.011948	3.228e-07	-3.224e-07	-0.0096452	-1.5098e-09	0.0096484	3.2264e-07	-3.2242e-07	-0.0073152	-1.5655e-09	0.0073132	3.2256e-07	-3.2232e-07	-0.0049564	-1.5969e-09	0.0049556	3.2244e-07	-3.2226e-07	-0.0025684	-1.651e-09	0.0025678	3.223e-07	-3.2226e-07	-0.00015212	-1.6901e-09	0.00015642	3.222e-07	-3.2228e-07
0.24	-0.023084	-1.3265e-09	0.023102	3.2358e-07	-3.2284e-07	-0.020924	-1.3584e-09	0.02095	3.2334e-07	-3.2266e-07	-0.018744	-1.3981e-09	0.018768	3.2312e-07	-3.2254e-07	-0.01654	-1.4453e-09	0.016558	3.2306e-07	-3.226e-07	-0.014282	-1.4836e-09	0.014308	3.2294e-07	-3.2254e-07	-0.011992	-1.5222e-09	0.012014	3.2284e-07	-3.2246e-07	-0.0096982	-1.5595e-09	0.0097002	3.2264e-07	-3.2234e-07	-0.0073518	-1.6049e-09	0.0073524	3.2254e-07	-3.2232e-07	-0.004978	-1.645e-09	0.0049784	3.2244e-07	-3.2236e-07	-0.0025782	-1.6955e-09	0.00258	3.2234e-07	-3.223e-07	-0.00015614	-1.7294e-09	0.00015574	3.2214e-07	-3.2226e-07
0.235	-0.023236	-1.3637e-09	0.02326	3.236e-07	-3.227e-07	-0.021064	-1.4043e-09	0.021088	3.2336e-07	-3.2276e-07	-0.01886	-1.4388e-09	0.018878	3.2324e-07	-3.2258e-07	-0.016636	-1.4821e-09	0.016658	3.2308e-07	-3.2258e-07	-0.014362	-1.5226e-09	0.014382	3.2294e-07	-3.2256e-07	-0.01206	-1.5646e-09	0.01208	3.2284e-07	-3.2248e-07	-0.0097494	-1.5967e-09	0.0097468	3.2264e-07	-3.224e-07	-0.0073914	-1.6577e-09	0.0073874	3.2256e-07	-3.224e-07	-0.0049992	-1.6917e-09	0.0049988	3.2242e-07	-3.223e-07	-0.00259	-1.7445e-09	0.0025882	3.2234e-07	-3.2236e-07	-0.00015536	-1.7846e-09	0.00015792	3.2218e-07	-3.222e-07
0.23	-0.023382	-1.4061e-09	0.023406	3.2346e-07	-3.2284e-07	-0.021192	-1.4403e-09	0.02121	3.2338e-07	-3.2268e-07	-0.01897	-1.4828e-09	0.018984	3.2316e-07	-3.2262e-07	-0.016728	-1.5315e-09	0.016746	3.2306e-07	-3.2264e-07	-0.01444	-1.5709e-09	0.014454	3.23e-07	-3.2254e-07	-0.012114	-1.608e-09	0.012134	3.2286e-07	-3.224e-07	-0.0097926	-1.6472e-09	0.0097966	3.2266e-07	-3.2234e-07	-0.00742	-1.6957e-09	0.0074214	3.2256e-07	-3.2232e-07	-0.0050218	-1.7382e-09	0.005025	3.2242e-07	-3.2224e-07	-0.0025982	-1.7938e-09	0.0025992	3.2236e-07	-3.2238e-07	-0.00015244	-1.8358e-09	0.00016062	3.2218e-07	-3.2228e-07
0.225	-0.023526	-1.4408e-09	0.02355	3.2352e-07	-3.2278e-07	-0.021316	-1.4922e-09	0.021334	3.233e-07	-3.2268e-07	-0.01907	-1.5233e-09	0.019094	3.2318e-07	-3.227e-07	-0.016818	-1.5697e-09	0.01684	3.2312e-07	-3.2258e-07	-0.01451	-1.6102e-09	0.014538	3.2302e-07	-3.226e-07	-0.012176	-1.6583e-09	0.012194	3.2276e-07	-3.2242e-07	-0.0098372	-1.6904e-09	0.0098358	3.2264e-07	-3.224e-07	-0.0074552	-1.7505e-09	0.0074578	3.2254e-07	-3.2236e-07	-0.0050456	-1.7968e-09	0.005041	3.2246e-07	-3.2224e-07	-0.002611	-1.8425e-09	0.0026112	3.224e-07	-3.224e-07	-0.00015882	-1.8927e-09	0.00015724	3.2222e-07	-3.223e-07
0.22	-0.02366	-1.487e-09	0.023682	3.2354e-07	-3.2278e-07	-0.02143	-1.5347e-09	0.02146	3.2334e-07	-3.2262e-07	-0.019174	-1.5699e-09	0.019194	3.232e-07	-3.2258e-07	-0.0169	-1.6195e-09	0.01692	3.2304e-07	-3.2264e-07	-0.014586	-1.6532e-09	0.0146	3.2292e-07	-3.2252e-07	-0.012234	-1.7003e-09	0.01225	3.2278e-07	-3.2238e-07	-0.0098838	-1.7417e-09	0.009886	3.2266e-07	-3.2246e-07	-0.0074852	-1.7952e-09	0.007488	3.2254e-07	-3.2234e-07	-0.005068	-1.8476e-09	0.0050688	3.2244e-07	-3.2224e-07	-0.0026174	-1.8948e-09	0.0026198	3.2236e-07	-3.2236e-07	-0.00015916	-1.9425e-09	0.00015604	3.222e-07	-3.223e-07
0.215	-0.023798	-1.5257e-09	0.02382	3.2346e-07	-3.2272e-07	-0.021542	-1.572e-09	0.021574	3.233e-07	-3.226e-07	-0.019274	-1.6098e-09	0.019296	3.2324e-07	-3.2266e-07	-0.016986	-1.6608e-09	0.017008	3.231e-07	-3.2262e-07	-0.014646	-1.7065e-09	0.01467	3.2296e-07	-3.2248e-07	-0.01229	-1.7558e-09	0.012316	3.2282e-07	-3.2246e-07	-0.0099242	-1.7921e-09	0.009921	3.2266e-07	-3.2238e-07	-0.007516	-1.8504e-09	0.0075164	3.225e-07	-3.2238e-07	-0.0050844	-1.8974e-09	0.0050848	3.2242e-07	-3.2236e-07	-0.0026268	-1.9475e-09	0.0026316	3.224e-07	-3.2242e-07	-0.00015872	-1.9971e-09	0.0001628	3.2224e-07	-3.2228e-07
0.21	-0.02392	-1.5743e-09	0.023942	3.2358e-07	-3.2284e-07	-0.02166	-1.6165e-09	0.021682	3.2324e-07	-3.2254e-07	-0.019368	-1.6596e-09	0.019384	3.2326e-07	-3.2254e-07	-0.01707	-1.7098e-09	0.017088	3.2312e-07	-3.2254e-07	-0.014714	-1.7573e-09	0.014734	3.2296e-07	-3.2252e-07	-0.012342	-1.8004e-09	0.012362	3.2276e-07	-3.2244e-07	-0.0099644	-1.8405e-09	0.0099606	3.228e-07	-3.2246e-07	-0.0075432	-1.8958e-09	0.007547	3.2252e-07	-3.224e-07	-0.0051032	-1.9517e-09	0.0051064	3.2236e-07	-3.2232e-07	-0.0026384	-2.0014e-09	0.0026402	3.2244e-07	-3.224e-07	-0.00015986	-2.0503e-09	0.00016334	3.222e-07	-3.2228e-07
0.205	-0.024044	-1.6171e-09	0.024062	3.2352e-07	-3.2278e-07	-0.021764	-1.6615e-09	0.021788	3.2324e-07	-3.2262e-07	-0.019454	-1.7046e-09	0.01948	3.232e-07	-3.2266e-07	-0.017134	-1.7565e-09	0.017156	3.2304e-07	-3.2258e-07	-0.014772	-1.8028e-09	0.014794	3.2296e-07	-3.2248e-07	-0.01239	-1.8537e-09	0.012414	3.228e-07	-3.2244e-07	-0.010003	-1.8931e-09	0.010005	3.227e-07	-3.224e-07	-0.0075762	-1.9536e-09	0.0075772	3.2258e-07	-3.2228e-07	-0.0051226	-2.0014e-09	0.005124	3.224e-07	-3.2228e-07	-0.0026462	-2.0441e-09	0.00265	3.2234e-07	-3.2242e-07	-0.0001589	-2.1057e-09	0.00016188	3.2222e-07	-3.2222e-07
0.2	-0.024162	-1.6643e-09	0.024174	3.2354e-07	-3.2276e-07	-0.02186	-1.7185e-09	0.021886	3.2336e-07	-3.226e-07	-0.019546	-1.7536e-09	0.019564	3.2326e-07	-3.2264e-07	-0.017214	-1.8066e-09	0.017232	3.2312e-07	-3.2258e-07	-0.014836	-1.8565e-09	0.01486	3.2302e-07	-3.2258e-07	-0.012438	-1.8978e-09	0.012462	3.2274e-07	-3.2242e-07	-0.0100424	-1.9438e-09	0.010043	3.2268e-07	-3.2242e-07	-0.0076	-2.0056e-09	0.007601	3.225e-07	-3.2228e-07	-0.0051392	-2.0577e-09	0.0051402	3.224e-07	-3.2226e-07	-0.0026594	-2.1052e-09	0.0026602	3.2246e-07	-3.2232e-07	-0.00015854	-2.1632e-09	0.0001648	3.222e-07	-3.2224e-07
0.195	-0.024272	-1.7076e-09	0.0243	3.2352e-07	-3.2278e-07	-0.021966	-1.7649e-09	0.021986	3.2334e-07	-3.2268e-07	-0.019626	-1.8023e-09	0.01965	3.232e-07	-3.2262e-07	-0.017286	-1.8569e-09	0.017308	3.2302e-07	-3.2254e-07	-0.014896	-1.9027e-09	0.014916	3.2296e-07	-3.2258e-07	-0.012486	-1.9541e-09	0.012504	3.2276e-07	-3.2248e-07	-0.0100802	-2.0054e-09	0.0100804	3.2276e-07	-3.2242e-07	-0.0076304	-2.0594e-09	0.0076306	3.2254e-07	-3.223e-07	-0.0051568	-2.1131e-09	0.0051592	3.224e-07	-3.2234e-07	-0.0026654	-2.1614e-09	0.002666	3.2242e-07	-3.2238e-07	-0.00016298	-2.2188e-09	0.00016022	3.222e-07	-3.223e-07
0.19	-0.024384	-1.7629e-09	0.024406	3.2354e-07	-3.2276e-07	-0.022056	-1.8139e-09	0.022082	3.2326e-07	-3.227e-07	-0.019712	-1.855e-09	0.01973	3.2322e-07	-3.226e-07	-0.017352	-1.9103e-09	0.017374	3.2308e-07	-3.2258e-07	-0.014956	-1.9593e-09	0.014974	3.2302e-07	-3.2254e-07	-0.012536	-1.9998e-09	0.012558	3.2278e-07	-3.2246e-07	-0.0101134	-2.061e-09	0.0101168	3.227e-07	-3.2246e-07	-0.0076524	-2.1169e-09	0.0076568	3.225e-07	-3.2236e-07	-0.0051732	-2.1695e-09	0.0051736	3.224e-07	-3.223e-07	-0.0026734	-2.2258e-09	0.0026744	3.224e-07	-3.2236e-07	-0.00016338	-2.2829e-09	0.00016184	3.2224e-07	-3.2236e-07
0.185	-0.024494	-1.8039e-09	0.024506	3.2348e-07	-3.2284e-07	-0.02215	-1.8603e-09	0.022168	3.2324e-07	-3.2264e-07	-0.019792	-1.9028e-09	0.019812	3.2318e-07	-3.226e-07	-0.017418	-1.9605e-09	0.017438	3.2312e-07	-3.2258e-07	-0.015012	-2.0121e-09	0.015026	3.2294e-07	-3.2258e-07	-0.012578	-2.0641e-09	0.012596	3.2284e-07	-3.2246e-07	-0.0101456	-2.1145e-09	0.0101492	3.2274e-07	-3.2248e-07	-0.0076786	-2.1734e-09	0.007678	3.2254e-07	-3.2238e-07	-0.0051918	-2.2198e-09	0.005191	3.2242e-07	-3.2228e-07	-0.0026836	-2.2844e-09	0.0026818	3.2238e-07	-3.2234e-07	-0.000162	-2.3375e-09	0.00016382	3.2226e-07	-3.223e-07
0.18	-0.024594	-1.8616e-09	0.024618	3.2354e-07	-3.2284e-07	-0.02224	-1.9238e-09	0.022258	3.2332e-07	-3.2262e-07	-0.019858	-1.9595e-09	0.019884	3.2324e-07	-3.226e-07	-0.01748	-2.0169e-09	0.01751	3.2306e-07	-3.2258e-07	-0.015062	-2.0663e-09	0.015078	3.23e-07	-3.2256e-07	-0.012618	-2.1168e-09	0.012642	3.2284e-07	-3.2248e-07	-0.0101792	-2.172e-09	0.0101822	3.2274e-07	-3.2248e-07	-0.0077024	-2.2323e-09	0.0077006	3.2252e-07	-3.2232e-07	-0.0052034	-2.2848e-09	0.0052058	3.2244e-07	-3.2228e-07	-0.0026882	-2.3456e-09	0.0026888	3.2238e-07	-3.2234e-07	-0.000163	-2.405e-09	0.00016416	3.2228e-07	-3.2236e-07
0.175	-0.024686	-1.9133e-09	0.024708	3.2342e-07	-3.227e-07	-0.02233	-1.9669e-09	0.022342	3.2332e-07	-3.2262e-07	-0.019936	-2.0174e-09	0.01996	3.2324e-07	-3.2268e-07	-0.017544	-2.0673e-09	0.017562	3.2304e-07	-3.226e-07	-0.01511	-2.1213e-09	0.015132	3.23e-07	-3.2256e-07	-0.012656	-2.1774e-09	0.01268	3.229e-07	-3.2246e-07	-0.010213	-2.2302e-09	0.0102134	3.2272e-07	-3.2246e-07	-0.0077278	-2.2874e-09	0.007725	3.2254e-07	-3.224e-07	-0.0052204	-2.3517e-09	0.0052216	3.2242e-07	-3.223e-07	-0.002698	-2.4073e-09	0.0027006	3.2236e-07	-3.2238e-07	-0.0001641	-2.4617e-09	0.00016196	3.2222e-07	-3.223e-07
0.17	-0.02478	-1.9752e-09	0.024802	3.2344e-07	-3.2282e-07	-0.022404	-2.0207e-09	0.022424	3.2332e-07	-3.2264e-07	-0.020006	-2.0774e-09	0.020028	3.232e-07	-3.227e-07	-0.017608	-2.1251e-09	0.017628	3.23e-07	-3.2254e-07	-0.015158	-2.1802e-09	0.01518	3.2294e-07	-3.2254e-07	-0.012698	-2.2307e-09	0.01272	3.2284e-07	-3.2252e-07	-0.0102408	-2.2889e-09	0.0102412	3.2272e-07	-3.2248e-07	-0.00775	-2.3537e-09	0.0077484	3.2258e-07	-3.2242e-07	-0.0052354	-2.408e-09	0.005234	3.2242e-07	-3.2228e-07	-0.0027032	-2.4722e-09	0.0027058	3.2236e-07	-3.2232e-07	-0.00016438	-2.5331e-09	0.00016516	3.222e-07	-3.2226e-07
0.165	-0.024874	-2.0225e-09	0.024892	3.235e-07	-3.2276e-07	-0.022488	-2.0657e-09	0.022506	3.2326e-07	-3.2262e-07	-0.020074	-2.128e-09	0.020098	3.2322e-07	-3.227e-07	-0.017662	-2.1838e-09	0.017682	3.2306e-07	-3.2254e-07	-0.015214	-2.2369e-09	0.015228	3.2294e-07	-3.2256e-07	-0.01274	-2.2952e-09	0.01276	3.228e-07	-3.2232e-07	-0.0102736	-2.3512e-09	0.010273	3.2268e-07	-3.2246e-07	-0.0077696	-2.3997e-09	0.0077722	3.2252e-07	-3.2236e-07	-0.0052526	-2.4768e-09	0.0052516	3.224e-07	-3.2222e-07	-0.0027098	-2.5365e-09	0.0027122	3.2242e-07	-3.2238e-07	-0.00016524	-2.594e-09	0.00016426	3.2234e-07	-3.2238e-07
0.16	-0.024958	-2.0813e-09	0.024984	3.2348e-07	-3.2284e-07	-0.022562	-2.1321e-09	0.022578	3.2322e-07	-3.226e-07	-0.020142	-2.1896e-09	0.020158	3.2324e-07	-3.2264e-07	-0.01771	-2.24e-09	0.017744	3.2306e-07	-3.2252e-07	-0.015254	-2.298e-09	0.015276	3.2294e-07	-3.2254e-07	-0.012774	-2.3498e-09	0.012788	3.2276e-07	-3.225e-07	-0.0103014	-2.4136e-09	0.0103018	3.2274e-07	-3.2248e-07	-0.007791	-2.484e-09	0.0077922	3.226e-07	-3.2238e-07	-0.0052644	-2.5372e-09	0.0052632	3.224e-07	-3.2224e-07	-0.002716	-2.6005e-09	0.0027198	3.223e-07	-3.2228e-07	-0.0001624	-2.6641e-09	0.00016388	3.2224e-07	-3.223e-07
0.155	-0.025044	-2.1336e-09	0.025064	3.2344e-07	-3.2278e-07	-0.022636	-2.1788e-09	0.022656	3.2326e-07	-3.2266e-07	-0.0202	-2.2419e-09	0.02022	3.2318e-07	-3.2264e-07	-0.017768	-2.3013e-09	0.017796	3.2306e-07	-3.2254e-07	-0.0153	-2.3563e-09	0.015318	3.2292e-07	-3.2248e-07	-0.012814	-2.4203e-09	0.012828	3.2282e-07	-3.225e-07	-0.0103276	-2.4754e-09	0.0103278	3.2272e-07	-3.2248e-07	-0.0078152	-2.5366e-09	0.0078088	3.2256e-07	-3.223e-07	-0.005274	-2.6079e-09	0.005277	3.224e-07	-3.2226e-07	-0.0027236	-2.6683e-09	0.002725	3.2232e-07	-3.2234e-07	-0.00016522	-2.7289e-09	0.00016472	3.223e-07	-3.2232e-07
0.15	-0.025124	-2.1951e-09	0.02515	3.235e-07	-3.2276e-07	-0.022702	-2.2413e-09	0.022722	3.2334e-07	-3.2266e-07	-0.02026	-2.307e-09	0.020286	3.2324e-07	-3.2262e-07	-0.017822	-2.3609e-09	0.017844	3.2306e-07	-3.2252e-07	-0.015344	-2.4186e-09	0.01536	3.2288e-07	-3.2246e-07	-0.012848	-2.4776e-09	0.012866	3.2282e-07	-3.2254e-07	-0.0103588	-2.5399e-09	0.0103576	3.2272e-07	-3.2248e-07	-0.0078308	-2.6142e-09	0.007835	3.2264e-07	-3.2234e-07	-0.005289	-2.6699e-09	0.0052872	3.224e-07	-3.2234e-07	-0.0027346	-2.7391e-09	0.0027332	3.2236e-07	-3.2236e-07	-0.0001679	-2.8064e-09	0.0001636	3.2222e-07	-3.2226e-07
0.145	-0.025208	-2.2487e-09	0.025226	3.2344e-07	-3.2276e-07	-0.022774	-2.2915e-09	0.022792	3.2328e-07	-3.2266e-07	-0.020318	-2.3638e-09	0.020346	3.233e-07	-3.227e-07	-0.017872	-2.425e-09	0.017892	3.2304e-07	-3.2254e-07	-0.01538	-2.4825e-09	0.0154	3.2296e-07	-3.225e-07	-0.012878	-2.5475e-09	0.012894	3.2276e-07	-3.2242e-07	-0.0103838	-2.6066e-09	0.0103826	3.2276e-07	-3.2252e-07	-0.007851	-2.6711e-09	0.0078498	3.2258e-07	-3.2244e-07	-0.0052982	-2.7458e-09	0.0052998	3.2242e-07	-3.224e-07	-0.0027368	-2.8041e-09	0.0027398	3.2246e-07	-3.2242e-07	-0.00016552	-2.8727e-09	0.00016228	3.2228e-07	-3.2228e-07
0.14	-0.025282	-2.3135e-09	0.025306	3.2348e-07	-3.2288e-07	-0.022842	-2.3723e-09	0.02286	3.2336e-07	-3.2266e-07	-0.020376	-2.4301e-09	0.0204	3.232e-07	-3.2266e-07	-0.017918	-2.4875e-09	0.017938	3.2296e-07	-3.2252e-07	-0.015428	-2.547e-09	0.015446	3.23e-07	-3.2254e-07	-0.01291	-2.6089e-09	0.012928	3.2278e-07	-3.2246e-07	-0.0104084	-2.6724e-09	0.0104118	3.2272e-07	-3.225e-07	-0.0078686	-2.7488e-09	0.0078694	3.2254e-07	-3.2242e-07	-0.0053122	-2.8058e-09	0.0053162	3.224e-07	-3.2226e-07	-0.0027442	-2.8845e-09	0.0027468	3.2242e-07	-3.224e-07	-0.00016532	-2.952e-09	0.0001628	3.2226e-07	-3.2232e-07
0.135	-0.025352	-2.3736e-09	0.02538	3.2344e-07	-3.2278e-07	-0.022906	-2.4298e-09	0.022924	3.2324e-07	-3.2266e-07	-0.020434	-2.4889e-09	0.020458	3.2316e-07	-3.2256e-07	-0.017966	-2.5519e-09	0.017986	3.2306e-07	-3.2262e-07	-0.015462	-2.6174e-09	0.015482	3.2302e-07	-3.2256e-07	-0.01294	-2.6826e-09	0.01296	3.2272e-07	-3.2246e-07	-0.0104286	-2.7458e-09	0.0104304	3.2268e-07	-3.2246e-07	-0.0078836	-2.8095e-09	0.0078878	3.226e-07	-3.2236e-07	-0.0053242	-2.8879e-09	0.0053268	3.2242e-07	-3.2228e-07	-0.0027488	-2.949e-09	0.0027508	3.2246e-07	-3.2242e-07	-0.00016354	-3.02e-09	0.00016478	3.2228e-07	-3.2234e-07
0.13	-0.025424	-2.433e-09	0.025448	3.2348e-07	-3.2272e-07	-0.022968	-2.5037e-09	0.022988	3.233e-07	-3.2264e-07	-0.020486	-2.5611e-09	0.02051	3.2314e-07	-3.2264e-07	-0.018008	-2.6159e-09	0.018036	3.2304e-07	-3.2256e-07	-0.0155	-2.6788e-09	0.01552	3.2292e-07	-3.226e-07	-0.012972	-2.7464e-09	0.012992	3.2276e-07	-3.2242e-07	-0.0104552	-2.8133e-09	0.0104578	3.2274e-07	-3.2254e-07	-0.0079032	-2.8927e-09	0.0079066	3.2256e-07	-3.2238e-07	-0.0053354	-2.9533e-09	0.0053354	3.224e-07	-3.2232e-07	-0.002753	-3.0299e-09	0.0027576	3.224e-07	-3.2242e-07	-0.0001686	-3.104e-09	0.00017174	3.223e-07	-3.2232e-07
0.125	-0.025496	-2.5017e-09	0.025518	3.2356e-07	-3.2282e-07	-0.02303	-2.5582e-09	0.023052	3.233e-07	-3.2266e-07	-0.020536	-2.625e-09	0.020562	3.232e-07	-3.2256e-07	-0.018056	-2.6882e-09	0.018076	3.2304e-07	-3.2254e-07	-0.015538	-2.7529e-09	0.015556	3.2302e-07	-3.2258e-07	-0.01301	-2.821e-09	0.013016	3.2272e-07	-3.224e-07	-0.0104774	-2.8915e-09	0.0104798	3.2266e-07	-3.2248e-07	-0.0079212	-2.9532e-09	0.0079184	3.226e-07	-3.2242e-07	-0.005344	-3.0357e-09	0.005344	3.2236e-07	-3.2234e-07	-0.0027598	-3.1018e-09	0.0027586	3.2242e-07	-3.2238e-07	-0.0001683	-3.1772e-09	0.00016698	3.2218e-07	-3.2234e-07
0.12	-0.025562	-2.5594e-09	0.025586	3.2354e-07	-3.2284e-07	-0.023088	-2.6261e-09	0.023104	3.2334e-07	-3.227e-07	-0.02059	-2.6928e-09	0.020608	3.2314e-07	-3.2264e-07	-0.018096	-2.7474e-09	0.01812	3.23e-07	-3.226e-07	-0.015572	-2.8186e-09	0.015592	3.2298e-07	-3.2256e-07	-0.013032	-2.8854e-09	0.013052	3.2276e-07	-3.2244e-07	-0.0104986	-2.96e-09	0.0105024	3.2272e-07	-3.225e-07	-0.0079354	-3.04e-09	0.007936	3.2254e-07	-3.224e-07	-0.005357	-3.1048e-09	0.0053576	3.2236e-07	-3.223e-07	-0.002765	-3.1855e-09	0.0027658	3.2236e-07	-3.224e-07	-0.00016526	-3.2586e-09	0.00017084	3.2216e-07	-3.223e-07
0.115	-0.02563	-2.637e-09	0.025654	3.2348e-07	-3.2278e-07	-0.023138	-2.6896e-09	0.023156	3.2336e-07	-3.227e-07	-0.020636	-2.759e-09	0.020658	3.2324e-07	-3.226e-07	-0.018142	-2.825e-09	0.01816	3.2306e-07	-3.2256e-07	-0.015606	-2.8957e-09	0.015628	3.2292e-07	-3.2254e-07	-0.013056	-2.9665e-09	0.01308	3.2272e-07	-3.224e-07	-0.0105246	-3.0396e-09	0.0105234	3.2278e-07	-3.225e-07	-0.0079506	-3.108e-09	0.007952	3.2264e-07	-3.2236e-07	-0.00537	-3.1908e-09	0.0053688	3.224e-07	-3.2228e-07	-0.0027716	-3.2591e-09	0.0027676	3.224e-07	-3.2236e-07	-0.0001635	-3.3324e-09	0.00016572	3.2218e-07	-3.2234e-07
0.11	-0.025696	-2.6948e-09	0.025712	3.235e-07	-3.2278e-07	-0.0232	-2.7625e-09	0.023218	3.2338e-07	-3.2272e-07	-0.020686	-2.8297e-09	0.02071	3.2308e-07	-3.2258e-07	-0.018182	-2.8901e-09	0.018198	3.2304e-07	-3.2258e-07	-0.015642	-2.9668e-09	0.015654	3.2306e-07	-3.2258e-07	-0.013086	-3.0375e-09	0.013104	3.2272e-07	-3.2236e-07	-0.0105424	-3.1132e-09	0.0105446	3.2272e-07	-3.2246e-07	-0.0079676	-3.1955e-09	0.0079662	3.2254e-07	-3.2242e-07	-0.005376	-3.2635e-09	0.0053794	3.2234e-07	-3.2234e-07	-0.0027756	-3.3495e-09	0.0027758	3.2246e-07	-3.2246e-07	-0.0001654	-3.415e-09	0.00016716	3.2228e-07	-3.223e-07
0.105	-0.025748	-2.7746e-09	0.025776	3.2344e-07	-3.2274e-07	-0.023242	-2.8295e-09	0.02327	3.2336e-07	-3.2272e-07	-0.020734	-2.9057e-09	0.02075	3.2322e-07	-3.2258e-07	-0.018216	-2.9708e-09	0.01824	3.2302e-07	-3.2252e-07	-0.015676	-3.0449e-09	0.015696	3.23e-07	-3.2254e-07	-0.013114	-3.1157e-09	0.013134	3.2272e-07	-3.2236e-07	-0.0105636	-3.1944e-09	0.0105628	3.2264e-07	-3.2242e-07	-0.0079844	-3.2677e-09	0.0079802	3.226e-07	-3.2242e-07	-0.0053906	-3.3523e-09	0.0053882	3.2242e-07	-3.223e-07	-0.0027818	-3.4282e-09	0.0027822	3.2242e-07	-3.2242e-07	-0.00016564	-3.497e-09	0.00016478	3.2212e-07	-3.223e-07
0.1	-0.02581	-2.835e-09	0.02583	3.235e-07	-3.2282e-07	-0.023296	-2.9122e-09	0.023324	3.2336e-07	-3.2272e-07	-0.020784	-2.9761e-09	0.020804	3.2312e-07	-3.2256e-07	-0.018258	-3.0361e-09	0.018278	3.2302e-07	-3.226e-07	-0.015702	-3.119e-09	0.015724	3.2306e-07	-3.226e-07	-0.013134	-3.1948e-09	0.013156	3.2282e-07	-3.2242e-07	-0.010585	-3.2712e-09	0.0105808	3.2266e-07	-3.2236e-07	-0.0079954	-3.3563e-09	0.008	3.2254e-07	-3.224e-07	-0.0053964	-3.4303e-09	0.0054008	3.2234e-07	-3.2224e-07	-0.0027856	-3.5177e-09	0.0027878	3.2238e-07	-3.2236e-07	-0.0001656	-3.5908e-09	0.00016906	3.2218e-07	-3.2224e-07
0.095	-0.025868	-2.9145e-09	0.025888	3.2344e-07	-3.2282e-07	-0.023348	-2.9827e-09	0.023376	3.2336e-07	-3.2272e-07	-0.02082	-3.0469e-09	0.020844	3.231e-07	-3.2254e-07	-0.018292	-3.1258e-09	0.018318	3.2302e-07	-3.226e-07	-0.015732	-3.203e-09	0.015752	3.2294e-07	-3.2258e-07	-0.01316	-3.2751e-09	0.013184	3.228e-07	-3.224e-07	-0.0106054	-3.3573e-09	0.0106014	3.2262e-07	-3.2236e-07	-0.0080114	-3.4354e-09	0.0080134	3.2254e-07	-3.2242e-07	-0.0054076	-3.5218e-09	0.00541	3.2236e-07	-3.223e-07	-0.0027914	-3.5992e-09	0.0027912	3.2238e-07	-3.224e-07	-0.0001687	-3.6751e-09	0.00016864	3.2218e-07	-3.223e-07
0.09	-0.025928	-2.9819e-09	0.025946	3.2344e-07	-3.2274e-07	-0.023404	-3.0608e-09	0.023416	3.2334e-07	-3.2272e-07	-0.020862	-3.1255e-09	0.020882	3.2314e-07	-3.2264e-07	-0.018328	-3.2036e-09	0.018352	3.2306e-07	-3.2258e-07	-0.015762	-3.2776e-09	0.01579	3.2294e-07	-3.2258e-07	-0.013188	-3.3637e-09	0.013208	3.2276e-07	-3.2242e-07	-0.0106254	-3.4356e-09	0.0106206	3.2266e-07	-3.224e-07	-0.0080262	-3.5267e-09	0.0080246	3.2266e-07	-3.224e-07	-0.00541	-3.6033e-09	0.0054138	3.2242e-07	-3.223e-07	-0.002798	-3.6959e-09	0.002793	3.2248e-07	-3.2244e-07	-0.00016886	-3.7722e-09	0.00016474	3.2222e-07	-3.2232e-07
0.085	-0.025978	-3.0639e-09	0.026	3.2346e-07	-3.2272e-07	-0.023446	-3.1357e-09	0.023466	3.2332e-07	-3.2272e-07	-0.0209	-3.2154e-09	0.020922	3.2318e-07	-3.2264e-07	-0.018368	-3.2903e-09	0.018392	3.2296e-07	-3.225e-07	-0.015788	-3.3692e-09	0.015814	3.2304e-07	-3.226e-07	-0.013202	-3.4401e-09	0.013228	3.2272e-07	-3.224e-07	-0.0106362	-3.5306e-09	0.0106382	3.2264e-07	-3.2234e-07	-0.0080404	-3.6099e-09	0.0080382	3.2256e-07	-3.224e-07	-0.0054208	-3.7011e-09	0.0054264	3.2236e-07	-3.2224e-07	-0.0028026	-3.7849e-09	0.0028036	3.2246e-07	-3.224e-07	-0.0001653	-3.8607e-09	0.00016748	3.2226e-07	-3.2228e-07
0.08	-0.026028	-3.1376e-09	0.026056	3.2342e-07	-3.228e-07	-0.023492	-3.2158e-09	0.023514	3.2336e-07	-3.2272e-07	-0.020944	-3.2909e-09	0.020966	3.2316e-07	-3.2258e-07	-0.018394	-3.3644e-09	0.018422	3.23e-07	-3.2258e-07	-0.015822	-3.4438e-09	0.015842	3.2302e-07	-3.226e-07	-0.01323	-3.5353e-09	0.013254	3.2276e-07	-3.2242e-07	-0.0106532	-3.6116e-09	0.0106556	3.2262e-07	-3.224e-07	-0.0080504	-3.7024e-09	0.0080508	3.226e-07	-3.2246e-07	-0.0054348	-3.785e-09	0.0054334	3.2234e-07	-3.2226e-07	-0.0028038	-3.881e-09	0.0028058	3.2234e-07	-3.224e-07	-0.00017192	-3.9686e-09	0.0001681	3.2226e-07	-3.223e-07
0.075	-0.026078	-3.2227e-09	0.026108	3.2344e-07	-3.2276e-07	-0.02354	-3.2978e-09	0.02356	3.2334e-07	-3.2272e-07	-0.020976	-3.3787e-09	0.021002	3.231e-07	-3.2256e-07	-0.018428	-3.461e-09	0.01845	3.231e-07	-3.2254e-07	-0.015846	-3.5376e-09	0.015868	3.2296e-07	-3.2258e-07	-0.013254	-3.6121e-09	0.013276	3.2274e-07	-3.2242e-07	-0.0106746	-3.7045e-09	0.010676	3.2266e-07	-3.2242e-07	-0.00806	-3.7954e-09	0.0080636	3.2256e-07	-3.2236e-07	-0.0054428	-3.8872e-09	0.0054454	3.2236e-07	-3.2228e-07	-0.0028094	-3.9759e-09	0.0028114	3.2236e-07	-3.2242e-07	-0.00017068	-4.065e-09	0.00017224	3.2226e-07	-3.2234e-07
0.07	-0.026128	-3.2982e-09	0.02615	3.2348e-07	-3.2278e-07	-0.023584	-3.3797e-09	0.023596	3.2338e-07	-3.2272e-07	-0.021016	-3.4551e-09	0.021036	3.2312e-07	-3.2258e-07	-0.01846	-3.5383e-09	0.018482	3.2312e-07	-3.2264e-07	-0.015874	-3.6197e-09	0.015896	3.2288e-07	-3.2252e-07	-0.013274	-3.7163e-09	0.01329	3.227e-07	-3.2236e-07	-0.0106892	-3.7935e-09	0.010692	3.226e-07	-3.2236e-07	-0.0080728	-3.8867e-09	0.0080748	3.2258e-07	-3.2244e-07	-0.0054496	-3.9773e-09	0.0054486	3.2236e-07	-3.2228e-07	-0.0028146	-4.0759e-09	0.0028148	3.2236e-07	-3.2242e-07	-0.00017032	-4.1716e-09	0.00017102	3.2224e-07	-3.2234e-07
0.065	-0.026178	-3.3826e-09	0.0262	3.2346e-07	-3.2272e-07	-0.023622	-3.4693e-09	0.023644	3.2338e-07	-3.2278e-07	-0.021058	-3.5524e-09	0.021078	3.2312e-07	-3.2264e-07	-0.018492	-3.6303e-09	0.018512	3.2312e-07	-3.2268e-07	-0.015904	-3.7127e-09	0.015914	3.2288e-07	-3.2246e-07	-0.01329	-3.7938e-09	0.013314	3.2276e-07	-3.2246e-07	-0.0107056	-3.8919e-09	0.0107074	3.2264e-07	-3.224e-07	-0.0080866	-3.9854e-09	0.0080844	3.2264e-07	-3.2242e-07	-0.0054548	-4.0798e-09	0.0054568	3.2234e-07	-3.2226e-07	-0.0028162	-4.1757e-09	0.0028172	3.2242e-07	-3.2246e-07	-0.00017034	-4.2654e-09	0.0001743	3.2226e-07	-3.2236e-07
0.06	-0.026224	-3.4676e-09	0.026248	3.235e-07	-3.2274e-07	-0.023664	-3.5486e-09	0.023684	3.2338e-07	-3.2282e-07	-0.021096	-3.6336e-09	0.021108	3.2314e-07	-3.2252e-07	-0.01852	-3.7169e-09	0.018536	3.2316e-07	-3.227e-07	-0.01593	-3.8008e-09	0.015944	3.2296e-07	-3.2258e-07	-0.013318	-3.8981e-09	0.013338	3.2276e-07	-3.2242e-07	-0.0107206	-3.9886e-09	0.0107264	3.2272e-07	-3.2236e-07	-0.0080942	-4.0821e-09	0.008097	3.2256e-07	-3.2234e-07	-0.0054642	-4.1793e-09	0.0054606	3.224e-07	-3.223e-07	-0.0028176	-4.2754e-09	0.0028212	3.224e-07	-3.2236e-07	-0.00016764	-4.3788e-09	0.0001739	3.2224e-07	-3.2232e-07
0.055	-0.026264	-3.5536e-09	0.026292	3.235e-07	-3.2282e-07	-0.023702	-3.6467e-09	0.02372	3.2336e-07	-3.2278e-07	-0.021122	-3.7279e-09	0.02114	3.2314e-07	-3.2258e-07	-0.018554	-3.8141e-09	0.018572	3.231e-07	-3.226e-07	-0.015944	-3.8958e-09	0.015966	3.2294e-07	-3.2246e-07	-0.013332	-3.9835e-09	0.013356	3.227e-07	-3.224e-07	-0.0107338	-4.0895e-09	0.0107364	3.2264e-07	-3.2242e-07	-0.0081096	-4.1905e-09	0.0081086	3.2262e-07	-3.2238e-07	-0.005472	-4.2795e-09	0.00547	3.2242e-07	-3.223e-07	-0.0028252	-4.3822e-09	0.002824	3.224e-07	-3.2234e-07	-0.00016952	-4.476e-09	0.0001698	3.2224e-07	-3.2228e-07
0.05	-0.026312	-3.6433e-09	0.026334	3.2348e-07	-3.2278e-07	-0.023742	-3.7225e-09	0.023752	3.2336e-07	-3.227e-07	-0.02116	-3.8145e-09	0.021176	3.232e-07	-3.2258e-07	-0.018578	-3.9059e-09	0.018594	3.231e-07	-3.2256e-07	-0.01597	-3.9946e-09	0.015996	3.2296e-07	-3.2252e-07	-0.013356	-4.0938e-09	0.013372	3.2274e-07	-3.2236e-07	-0.0107536	-4.1871e-09	0.0107522	3.227e-07	-3.2234e-07	-0.0081234	-4.2819e-09	0.0081236	3.2258e-07	-3.224e-07	-0.0054818	-4.3819e-09	0.0054766	3.2244e-07	-3.2232e-07	-0.0028244	-4.486e-09	0.002829	3.2236e-07	-3.2228e-07	-0.00016664	-4.5965e-09	0.00016864	3.223e-07	-3.2232e-07
0.045	-0.026358	-3.7332e-09	0.026382	3.235e-07	-3.2276e-07	-0.023776	-3.8302e-09	0.023802	3.2332e-07	-3.2276e-07	-0.021186	-3.9124e-09	0.021212	3.232e-07	-3.2262e-07	-0.018608	-3.9994e-09	0.018632	3.2304e-07	-3.227e-07	-0.015996	-4.0922e-09	0.016016	3.2288e-07	-3.2248e-07	-0.013378	-4.1844e-09	0.013396	3.2272e-07	-3.2246e-07	-0.0107634	-4.2917e-09	0.0107696	3.2264e-07	-3.2236e-07	-0.008134	-4.3943e-09	0.0081306	3.226e-07	-3.2238e-07	-0.0054844	-4.4956e-09	0.0054884	3.224e-07	-3.223e-07	-0.0028324	-4.5961e-09	0.0028318	3.224e-07	-3.2238e-07	-0.0001724	-4.6997e-09	0.00016934	3.2226e-07	-3.2232e-07
0.04	-0.026396	-3.8295e-09	0.02642	3.2344e-07	-3.2276e-07	-0.023808	-3.9157e-09	0.023834	3.2326e-07	-3.2268e-07	-0.021214	-4.0076e-09	0.02124	3.2308e-07	-3.2254e-07	-0.01863	-4.1029e-09	0.01865	3.2312e-07	-3.2266e-07	-0.016018	-4.1936e-09	0.016036	3.229e-07	-3.2252e-07	-0.01339	-4.2958e-09	0.013414	3.2274e-07	-3.224e-07	-0.0107804	-4.3921e-09	0.010779	3.2264e-07	-3.224e-07	-0.0081412	-4.4923e-09	0.008141	3.226e-07	-3.2246e-07	-0.0054916	-4.6056e-09	0.0054906	3.2242e-07	-3.2234e-07	-0.0028324	-4.7082e-09	0.0028368	3.224e-07	-3.2234e-07	-0.0001674	-4.823e-09	0.00016868	3.223e-07	-3.2234e-07
0.035	-0.026438	-3.9202e-09	0.026462	3.2342e-07	-3.2272e-07	-0.023846	-4.0205e-09	0.023868	3.2328e-07	-3.2268e-07	-0.021252	-4.1125e-09	0.02127	3.2318e-07	-3.2266e-07	-0.018658	-4.1963e-09	0.018684	3.2308e-07	-3.226e-07	-0.016032	-4.294e-09	0.016058	3.229e-07	-3.2248e-07	-0.013412	-4.3949e-09	0.013422	3.2274e-07	-3.2248e-07	-0.0107956	-4.5024e-09	0.0107948	3.2272e-07	-3.224e-07	-0.00815	-4.6134e-09	0.0081534	3.226e-07	-3.224e-07	-0.0054958	-4.7179e-09	0.0055018	3.2236e-07	-3.2226e-07	-0.00284	-4.8302e-09	0.0028336	3.2232e-07	-3.2228e-07	-0.00017	-4.9358e-09	0.00016852	3.2228e-07	-3.2236e-07
0.03	-0.026476	-4.0237e-09	0.0265	3.2344e-07	-3.2282e-07	-0.023884	-4.1122e-09	0.0239	3.233e-07	-3.227e-07	-0.021274	-4.2111e-09	0.021292	3.2322e-07	-3.226e-07	-0.018678	-4.3103e-09	0.018706	3.2306e-07	-3.227e-07	-0.016058	-4.396e-09	0.016082	3.2294e-07	-3.2246e-07	-0.013428	-4.4933e-09	0.01344	3.2274e-07	-3.2244e-07	-0.0108086	-4.6136e-09	0.0108116	3.2268e-07	-3.2248e-07	-0.0081608	-4.7148e-09	0.0081602	3.2254e-07	-3.224e-07	-0.0055016	-4.8298e-09	0.0055062	3.224e-07	-3.223e-07	-0.0028404	-4.9397e-09	0.0028398	3.224e-07	-3.2236e-07	-0.00016916	-5.0576e-09	0.00017092	3.223e-07	-3.2236e-07
0.025	-0.026514	-4.1209e-09	0.02654	3.2342e-07	-3.2276e-07	-0.023914	-4.2213e-09	0.023936	3.233e-07	-3.2266e-07	-0.021306	-4.3169e-09	0.021332	3.232e-07	-3.2264e-07	-0.018708	-4.3961e-09	0.018732	3.2312e-07	-3.2264e-07	-0.016082	-4.4928e-09	0.016102	3.2284e-07	-3.2252e-07	-0.013446	-4.6028e-09	0.013464	3.2266e-07	-3.2252e-07	-0.0108216	-4.7255e-09	0.0108248	3.2272e-07	-3.2246e-07	-0.00817	-4.8436e-09	0.0081714	3.2266e-07	-3.2238e-07	-0.0055108	-4.9465e-09	0.0055128	3.2236e-07	-3.2228e-07	-0.0028424	-5.0705e-09	0.0028466	3.2238e-07	-3.2234e-07	-0.00017116	-5.1617e-09	0.00016648	3.2224e-07	-3.2234e-07
0.02	-0.026552	-4.2225e-09	0.02658	3.2352e-07	-3.229e-07	-0.023952	-4.3161e-09	0.02397	3.2336e-07	-3.227e-07	-0.021336	-4.4153e-09	0.021352	3.2322e-07	-3.2268e-07	-0.018736	-4.5092e-09	0.01875	3.2314e-07	-3.2266e-07	-0.016098	-4.6304e-09	0.016124	3.2284e-07	-3.2248e-07	-0.013458	-4.7226e-09	0.01348	3.2278e-07	-3.2244e-07	-0.010833	-4.8472e-09	0.010835	3.2266e-07	-3.224e-07	-0.0081826	-4.9473e-09	0.0081804	3.2258e-07	-3.2236e-07	-0.00552	-5.0718e-09	0.005517	3.2238e-07	-3.2226e-07	-0.0028452	-5.1812e-09	0.0028458	3.224e-07	-3.2242e-07	-0.0001738	-5.293e-09	0.00017178	3.223e-07	-3.2232e-07
0.015	-0.026588	-4.3279e-09	0.026612	3.2348e-07	-3.2288e-07	-0.023986	-4.4321e-09	0.024002	3.233e-07	-3.2266e-07	-0.021364	-4.5332e-09	0.021384	3.232e-07	-3.2258e-07	-0.018752	-4.6278e-09	0.018776	3.2312e-07	-3.2264e-07	-0.016122	-4.7313e-09	0.016142	3.2286e-07	-3.2246e-07	-0.013476	-4.829e-09	0.013494	3.227e-07	-3.2234e-07	-0.0108472	-4.9554e-09	0.0108454	3.2264e-07	-3.2234e-07	-0.0081928	-5.0805e-09	0.0081938	3.2256e-07	-3.2242e-07	-0.0055232	-5.1964e-09	0.0055238	3.2236e-07	-3.2224e-07	-0.0028498	-5.3214e-09	0.0028498	3.2234e-07	-3.2234e-07	-0.0001712	-5.4161e-09	0.0001744	3.2226e-07	-3.2236e-07
0.01	-0.02662	-4.4372e-09	0.026648	3.235e-07	-3.2286e-07	-0.024008	-4.5297e-09	0.024034	3.2324e-07	-3.2266e-07	-0.021388	-4.635e-09	0.021416	3.232e-07	-3.2268e-07	-0.018778	-4.7479e-09	0.0188	3.2314e-07	-3.227e-07	-0.016136	-4.8608e-09	0.01616	3.2294e-07	-3.2248e-07	-0.013492	-4.9552e-09	0.01351	3.2272e-07	-3.224e-07	-0.010861	-5.0884e-09	0.0108592	3.2266e-07	-3.223e-07	-0.0081962	-5.1938e-09	0.0081956	3.2264e-07	-3.224e-07	-0.0055312	-5.3182e-09	0.0055312	3.2244e-07	-3.223e-07	-0.0028546	-5.4324e-09	0.0028548	3.2234e-07	-3.223e-07	-0.00017264	-5.5559e-09	0.0001749	3.2232e-07	-3.2228e-07
0.005	-0.026658	-4.5483e-09	0.026682	3.2356e-07	-3.2284e-07	-0.02404	-4.6494e-09	0.024068	3.2328e-07	-3.2268e-07	-0.021416	-4.7558e-09	0.021436	3.2318e-07	-3.2262e-07	-0.018802	-4.8574e-09	0.01883	3.2322e-07	-3.227e-07	-0.016156	-4.9512e-09	0.016178	3.2288e-07	-3.225e-07	-0.013512	-5.0715e-09	0.01353	3.2272e-07	-3.2238e-07	-0.010871	-5.2021e-09	0.0108716	3.2262e-07	-3.2236e-07	-0.0082072	-5.3304e-09	0.0082076	3.2264e-07	-3.2244e-07	-0.0055384	-5.449e-09	0.005532	3.224e-07	-3.2226e-07	-0.0028576	-5.5783e-09	0.0028566	3.2234e-07	-3.2236e-07	-0.00016912	-5.6845e-09	0.00017382	3.2222e-07	-3.223e-07
0	-0.026694	-4.6543e-09	0.026716	3.236e-07	-3.2292e-07	-0.024076	-4.7597e-09	0.02409	3.2328e-07	-3.227e-07	-0.021442	-4.868e-09	0.021468	3.2316e-07	-3.2266e-07	-0.01882	-4.9811e-09	0.018846	3.231e-07	-3.2264e-07	-0.016174	-5.084e-09	0.016194	3.229e-07	-3.2248e-07	-0.01352	-5.1983e-09	0.01354	3.2266e-07	-3.2238e-07	-0.0108788	-5.3428e-09	0.0108872	3.2262e-07	-3.2232e-07	-0.0082198	-5.4564e-09	0.0082184	3.2262e-07	-3.2242e-07	-0.0055424	-5.5805e-09	0.0055414	3.224e-07	-3.2224e-07	-0.0028588	-5.7044e-09	0.0028588	3.2236e-07	-3.223e-07	-0.00016996	-5.834e-09	0.00017466	3.2224e-07	-3.223e-07
