I/V Sweep,id_vds_P
RecordTime,03/11/2025 12:28:26
Device ID,
Count,1
Flag,
Remarks,
vd,vg,id,ig,is,iavdd,ignd
0,0,-0.099978000000000011,-7.8919E-10,0.10000600000000001,3.7414E-07,-3.3152E-07
0.005,0,-0.099978000000000011,-7.9066E-10,0.10000200000000001,3.7402E-07,-3.3176E-07
0.01,0,-0.099978000000000011,-7.921500000000001E-10,0.10000600000000001,3.7323999999999997E-07,-3.3182E-07
0.015000000000000001,0,-0.099978000000000011,-7.9709000000000009E-10,0.10000600000000001,3.7258E-07,-3.3191999999999997E-07
0.02,0,-0.099980000000000013,-8.0897E-10,0.10000400000000001,3.7192E-07,-3.321E-07
0.025,0,-0.099978000000000011,-8.1228E-10,0.10000600000000001,3.7124E-07,-3.3212E-07
0.030000000000000002,0,-0.099978000000000011,-8.1334000000000011E-10,0.10000600000000001,3.7044E-07,-3.3222E-07
0.035,0,-0.099978000000000011,-8.1339E-10,0.10000400000000001,3.6974E-07,-3.3222E-07
0.04,0,-0.099982000000000015,-8.1922000000000009E-10,0.10000400000000001,3.6902E-07,-3.3228E-07
0.045000000000000005,0,-0.099978000000000011,-8.2910000000000006E-10,0.10000600000000001,3.6826E-07,-3.3228E-07
0.05,0,-0.099978000000000011,-8.4136000000000008E-10,0.10000400000000001,3.6762E-07,-3.3236E-07
0.055,0,-0.099978000000000011,-8.4163E-10,0.10000400000000001,3.6692E-07,-3.325E-07
0.060000000000000005,0,-0.099980000000000013,-8.4192E-10,0.10000600000000001,3.6627999999999997E-07,-3.3242E-07
0.065,0,-0.099978000000000011,-8.4569000000000011E-10,0.10000400000000001,3.6552E-07,-3.325E-07
0.07,0,-0.099978000000000011,-8.522700000000001E-10,0.10000400000000001,3.649E-07,-3.3246E-07
0.075,0,-0.099978000000000011,-8.6032000000000009E-10,0.10000400000000001,3.6422E-07,-3.3246E-07
0.08,0,-0.099978000000000011,-8.6169E-10,0.10000400000000001,3.6358E-07,-3.325E-07
0.085,0,-0.099982000000000015,-8.6066000000000011E-10,0.10000400000000001,3.6284E-07,-3.3246E-07
0.090000000000000011,0,-0.099982000000000015,-8.6521000000000006E-10,0.10000400000000001,3.6226E-07,-3.3252E-07
0.095,0,-0.099978000000000011,-8.7577000000000007E-10,0.10000400000000001,3.6165999999999997E-07,-3.3256E-07
0.1,0,-0.099978000000000011,-8.8690000000000011E-10,0.10000400000000001,3.6106E-07,-3.3254E-07
0.10500000000000001,0,-0.099980000000000013,-8.8776E-10,0.10000400000000001,3.6048E-07,-3.3258E-07
0.11,0,-0.099980000000000013,-8.9038000000000008E-10,0.10000400000000001,3.5986E-07,-3.3258E-07
0.115,0,-0.099978000000000011,-8.9693E-10,0.10000200000000001,3.593E-07,-3.3256E-07
0.12000000000000001,0,-0.099980000000000013,-9.0451000000000012E-10,0.10000400000000001,3.5864E-07,-3.325E-07
0.125,0,-0.099982000000000015,-9.1742E-10,0.10000400000000001,3.5913999999999997E-07,-3.3244E-07
0.13,0,-0.099980000000000013,-9.247E-10,0.10000600000000001,3.585E-07,-3.3246E-07
0.135,0,-0.099978000000000011,-9.1817E-10,0.10000400000000001,3.5796E-07,-3.3238E-07
0.14,0,-0.099978000000000011,-9.171400000000001E-10,0.10000600000000001,3.5742E-07,-3.3246E-07
0.14500000000000002,0,-0.099978000000000011,-8.9940000000000012E-10,0.10000400000000001,3.568E-07,-3.3244E-07
0.15,0,-0.099978000000000011,-9.1232000000000011E-10,0.10000600000000001,3.5622E-07,-3.3233999999999997E-07
0.155,0,-0.099980000000000013,-9.1934000000000005E-10,0.10000600000000001,3.5574E-07,-3.323E-07
0.16,0,-0.099978000000000011,-9.2082E-10,0.10000400000000001,3.552E-07,-3.323E-07
0.165,0,-0.099978000000000011,-9.198400000000001E-10,0.10000400000000001,3.5469999999999997E-07,-3.323E-07
0.17,0,-0.099976000000000009,-9.2728E-10,0.10000400000000001,3.5413999999999997E-07,-3.3226E-07
0.17500000000000002,0,-0.099978000000000011,-9.4284E-10,0.10000600000000001,3.5366E-07,-3.3216E-07
0.18000000000000002,0,-0.099978000000000011,-9.8321000000000016E-10,0.10000200000000001,3.5312E-07,-3.3212E-07
0.185,0,-0.099980000000000013,-9.8689E-10,0.10000800000000001,3.5266E-07,-3.3205999999999997E-07
0.19,0,-0.099980000000000013,-9.8795E-10,0.10000600000000001,3.521E-07,-3.3202E-07
0.195,0,-0.099978000000000011,-9.9279E-10,0.10000400000000001,3.5172E-07,-3.3204E-07
0.2,0,-0.099978000000000011,-1.0056300000000002E-09,0.10000400000000001,3.5028E-07,-3.3191999999999997E-07
0.20500000000000002,0,-0.099980000000000013,-1.01868E-09,0.10000600000000001,3.4972E-07,-3.3186E-07
0.21000000000000002,0,-0.099978000000000011,-1.02605E-09,0.10000400000000001,3.4937999999999997E-07,-3.3194E-07
0.215,0,-0.099982000000000015,-1.02857E-09,0.10000400000000001,3.4895999999999997E-07,-3.3186E-07
0.22,0,-0.099980000000000013,-1.03216E-09,0.10000600000000001,3.4846E-07,-3.3176E-07
0.225,0,-0.099978000000000011,-1.0447500000000001E-09,0.10000600000000001,3.4806E-07,-3.3176E-07
0.23,0,-0.099978000000000011,-1.0604000000000002E-09,0.10000600000000001,3.4764E-07,-3.317E-07
0.23500000000000001,0,-0.099982000000000015,-1.0709E-09,0.10000400000000001,3.4724E-07,-3.3168E-07
0.24000000000000002,0,-0.099980000000000013,-1.07618E-09,0.10000400000000001,3.4682E-07,-3.3162E-07
0.24500000000000002,0,-0.099978000000000011,-1.08034E-09,0.10000400000000001,3.464E-07,-3.3158E-07
0.25,0,-0.099982000000000015,-1.0910600000000002E-09,0.10000400000000001,3.46E-07,-3.3152E-07
0.255,0,-0.099980000000000013,-1.1078400000000002E-09,0.10000400000000001,3.4562E-07,-3.3146E-07
0.26,0,-0.099978000000000011,-1.11939E-09,0.10000600000000001,3.4524E-07,-3.3134E-07
0.265,0,-0.099980000000000013,-1.1285000000000002E-09,0.10000400000000001,3.4486E-07,-3.3134E-07
0.27,0,-0.099980000000000013,-1.13538E-09,0.10000400000000001,3.445E-07,-3.313E-07
0.275,0,-0.099978000000000011,-1.1495E-09,0.10000200000000001,3.4398E-07,-3.3114E-07
0.28,0,-0.099978000000000011,-1.1582E-09,0.10000400000000001,3.4363999999999997E-07,-3.3114E-07
0.28500000000000003,0,-0.099982000000000015,-1.1721E-09,0.10000400000000001,3.4334E-07,-3.311E-07
0.29000000000000004,0,-0.099980000000000013,-1.1902E-09,0.10000400000000001,3.4293999999999997E-07,-3.3104E-07
0.29500000000000004,0,-0.099980000000000013,-1.2033E-09,0.10000200000000001,3.4265999999999997E-07,-3.3096E-07
0.3,0,-0.099978000000000011,-1.2155E-09,0.10000400000000001,3.4232E-07,-3.3092E-07
0.305,0,-0.099980000000000013,-1.2261E-09,0.10000400000000001,3.4195999999999997E-07,-3.3084E-07
0.31,0,-0.099982000000000015,-1.2491E-09,0.10000400000000001,3.4166E-07,-3.3086E-07
0.315,0,-0.099978000000000011,-1.2685E-09,0.10000400000000001,3.4136E-07,-3.3084E-07
0.32,0,-0.099976000000000009,-1.2846E-09,0.10000400000000001,3.4108E-07,-3.3068E-07
0.325,0,-0.099980000000000013,-1.2982E-09,0.10000400000000001,3.407E-07,-3.3065999999999997E-07
0.33,0,-0.099980000000000013,-1.3158E-09,0.10000200000000001,3.4038E-07,-3.3062E-07
0.335,0,-0.099980000000000013,-1.3257E-09,0.10000400000000001,3.4012E-07,-3.3051999999999997E-07
0.34,0,-0.099978000000000011,-1.3466E-09,0.10000600000000001,3.3976E-07,-3.3048E-07
0.34500000000000003,0,-0.099980000000000013,-1.3676E-09,0.10000400000000001,3.3952E-07,-3.3044E-07
0.35000000000000003,0,-0.099980000000000013,-1.3842E-09,0.10000400000000001,3.3919999999999997E-07,-3.3036E-07
0.35500000000000004,0,-0.099982000000000015,-1.4101E-09,0.10000400000000001,3.3891999999999997E-07,-3.3034E-07
0.36000000000000004,0,-0.099978000000000011,-1.4357E-09,0.10000400000000001,3.3872E-07,-3.3032E-07
0.365,0,-0.099980000000000013,-1.4593E-09,0.10000200000000001,3.3846E-07,-3.3032E-07
0.37,0,-0.099982000000000015,-1.4757E-09,0.10000400000000001,3.3826E-07,-3.3023999999999997E-07
0.375,0,-0.099980000000000013,-1.5055E-09,0.10000600000000001,3.3793999999999997E-07,-3.3022E-07
0.38,0,-0.099980000000000013,-1.5261E-09,0.10000600000000001,3.377E-07,-3.3004E-07
0.385,0,-0.099980000000000013,-1.553E-09,0.10000400000000001,3.3748E-07,-3.3012E-07
0.39,0,-0.099982000000000015,-1.5849E-09,0.1,3.3722E-07,-3.3008E-07
0.395,0,-0.099980000000000013,-1.6106E-09,0.10000800000000001,3.3702E-07,-3.3002E-07
0.4,0,-0.099978000000000011,-1.6353E-09,0.10000600000000001,3.3672E-07,-3.3004E-07
0.405,0,-0.099980000000000013,-1.6641E-09,0.10000400000000001,3.3656E-07,-3.2995999999999997E-07
0.41000000000000003,0,-0.099980000000000013,-1.6951E-09,0.10000400000000001,3.3625999999999997E-07,-3.2986E-07
0.41500000000000004,0,-0.099978000000000011,-1.7307E-09,0.10000400000000001,3.36E-07,-3.298E-07
0.42000000000000004,0,-0.099978000000000011,-1.7645E-09,0.10000400000000001,3.358E-07,-3.2972E-07
0.42500000000000004,0,-0.099978000000000011,-1.7936E-09,0.10000600000000001,3.3558E-07,-3.2978E-07
0.43,0,-0.099978000000000011,-1.8241E-09,0.10000600000000001,3.3548E-07,-3.2972E-07
0.435,0,-0.099978000000000011,-1.8655E-09,0.10000400000000001,3.3526E-07,-3.2974E-07
0.44,0,-0.099982000000000015,-1.9047E-09,0.10000400000000001,3.3508E-07,-3.2964E-07
0.445,0,-0.099980000000000013,-1.9436E-09,0.10000400000000001,3.349E-07,-3.2964E-07
0.45,0,-0.099980000000000013,-1.9785E-09,0.10000400000000001,3.3466E-07,-3.2953999999999997E-07
0.455,0,-0.099978000000000011,-2.0138E-09,0.10000600000000001,3.3452E-07,-3.2962E-07
0.46,0,-0.099978000000000011,-2.0578E-09,0.10000600000000001,3.3432E-07,-3.2948E-07
0.465,0,-0.099982000000000015,-2.1056E-09,0.10000200000000001,3.341E-07,-3.2944E-07
0.47000000000000003,0,-0.099978000000000011,-2.1495E-09,0.10000600000000001,3.3392E-07,-3.2944E-07
0.47500000000000003,0,-0.099978000000000011,-2.1891E-09,0.10000400000000001,3.3368E-07,-3.2932E-07
0.48000000000000004,0,-0.099978000000000011,-2.2341E-09,0.10000600000000001,3.3358E-07,-3.2934E-07
0.48500000000000004,0,-0.099978000000000011,-2.2833E-09,0.10000600000000001,3.334E-07,-3.293E-07
0.49000000000000005,0,-0.099982000000000015,-2.3386E-09,0.1,3.3326E-07,-3.293E-07
0.49500000000000005,0,-0.099374,-2.3731E-09,0.099406000000000008,3.3317999999999997E-07,-3.293E-07
0.5,0,-0.098364000000000007,-2.3944E-09,0.098394000000000009,3.3296E-07,-3.2916E-07
0.505,0,-0.09732,-2.4194E-09,0.097348,3.328E-07,-3.2916E-07
0.51,0,-0.096292,-2.4467E-09,0.096322,3.3268E-07,-3.2908E-07
0.515,0,-0.095234000000000013,-2.4782E-09,0.095268,3.3258E-07,-3.2902E-07
0.52,0,-0.09419000000000001,-2.5073E-09,0.09421800000000001,3.324E-07,-3.2892E-07
0.525,0,-0.093120000000000008,-2.5312E-09,0.093148000000000009,3.3218E-07,-3.2878E-07
0.53,0,-0.092056000000000013,-2.5528E-09,0.092084000000000013,3.3196E-07,-3.2869999999999997E-07
0.535,0,-0.090984000000000009,-2.5811E-09,0.091000000000000011,3.3184E-07,-3.2862E-07
0.54,0,-0.089906000000000014,-2.6135E-09,0.089932000000000012,3.3168E-07,-3.2852E-07
0.545,0,-0.0888,-2.6446E-09,0.088822000000000012,3.3154E-07,-3.2854E-07
0.55,0,-0.08772,-2.6721E-09,0.087740000000000012,3.3142E-07,-3.2841999999999997E-07
0.555,0,-0.086618000000000014,-2.6954E-09,0.086654000000000009,3.312E-07,-3.2827999999999997E-07
0.56,0,-0.085502000000000009,-2.7264E-09,0.085530000000000009,3.3106E-07,-3.2813999999999997E-07
0.56500000000000006,0,-0.084394000000000011,-2.7639E-09,0.084422000000000011,3.309E-07,-3.2808E-07
0.57000000000000006,0,-0.083262,-2.7944E-09,0.083294,3.3074E-07,-3.2802E-07
0.57500000000000007,0,-0.082146000000000011,-2.8182E-09,0.082164,3.3065999999999997E-07,-3.2788E-07
0.58000000000000007,0,-0.081002,-2.8402E-09,0.081028,3.305E-07,-3.2788E-07
0.58500000000000008,0,-0.079874,-2.8786E-09,0.079898000000000011,3.3036E-07,-3.2776E-07
0.59000000000000008,0,-0.07871800000000001,-2.9166E-09,0.078742,3.302E-07,-3.2771999999999997E-07
0.595,0,-0.077568000000000012,-2.9512E-09,0.077602,3.3006E-07,-3.276E-07
0.6,0,-0.076408,-2.9815E-09,0.076436,3.2984E-07,-3.2748E-07
0.605,0,-0.075258,-3.0086E-09,0.075282,3.2972E-07,-3.2742E-07
0.61,0,-0.074082000000000009,-3.0431E-09,0.074106,3.2956E-07,-3.2732E-07
0.615,0,-0.072918000000000011,-3.0801E-09,0.072936,3.2944E-07,-3.2728E-07
0.62,0,-0.07172400000000001,-3.1162E-09,0.071754000000000012,3.2932E-07,-3.2718E-07
0.625,0,-0.070552,-3.1511E-09,0.070576,3.2918E-07,-3.2704E-07
0.63,0,-0.069350000000000009,-3.1801E-09,0.069378000000000009,3.2902E-07,-3.2696E-07
0.635,0,-0.068164,-3.2163E-09,0.068192,3.2894E-07,-3.2687999999999997E-07
0.64,0,-0.06696,-3.2561E-09,0.066988,3.2878E-07,-3.2682E-07
0.645,0,-0.065770000000000009,-3.2959E-09,0.065796000000000007,3.2862E-07,-3.267E-07
0.65,0,-0.06455000000000001,-3.3323E-09,0.064580000000000012,3.2846E-07,-3.2662E-07
0.655,0,-0.063352,-3.3661E-09,0.06338,3.2834E-07,-3.2658E-07
0.66,0,-0.062130000000000005,-3.3984999999999998E-09,0.062150000000000004,3.2827999999999997E-07,-3.2645999999999997E-07
0.665,0,-0.06092,-3.4403E-09,0.060942,3.2808E-07,-3.264E-07
0.67,0,-0.059684000000000008,-3.4854E-09,0.059712000000000008,3.2799999999999997E-07,-3.2631999999999997E-07
0.675,0,-0.058464,-3.5222E-09,0.058490000000000007,3.2784E-07,-3.2626E-07
0.68,0,-0.057224000000000004,-3.5571E-09,0.057246000000000005,3.2774E-07,-3.2616E-07
0.685,0,-0.055998000000000006,-3.5945E-09,0.056024000000000004,3.2762E-07,-3.261E-07
0.69000000000000006,0,-0.054764000000000007,-3.6348E-09,0.054792000000000007,3.2752E-07,-3.26E-07
0.69500000000000006,0,-0.053508000000000007,-3.6828E-09,0.053542000000000006,3.2738E-07,-3.2589999999999997E-07
0.70000000000000007,0,-0.052272000000000006,-3.7232E-09,0.052300000000000006,3.2724E-07,-3.2586E-07
0.70500000000000007,0,-0.051014000000000004,-3.7616E-09,0.051044000000000006,3.2718E-07,-3.2582E-07
0.71000000000000008,0,-0.049768000000000007,-3.8017E-09,0.049796000000000007,3.2706E-07,-3.2574E-07
0.71500000000000008,0,-0.048504000000000005,-3.8466E-09,0.048532000000000006,3.2696E-07,-3.257E-07
0.72000000000000008,0,-0.047252,-3.8926E-09,0.04728,3.2682E-07,-3.2562E-07
0.72500000000000009,0,-0.045976,-3.9396E-09,0.045996,3.2676E-07,-3.2548E-07
0.73,0,-0.044722000000000005,-3.9811E-09,0.044748,3.2668E-07,-3.2546E-07
0.735,0,-0.043436,-4.02E-09,0.043466000000000005,3.2654E-07,-3.2538E-07
0.74,0,-0.042176000000000005,-4.0667E-09,0.042198000000000006,3.2644E-07,-3.2538E-07
0.745,0,-0.040882,-4.1206E-09,0.040912000000000004,3.2634E-07,-3.252E-07
0.75,0,-0.03962,-4.167E-09,0.03964,3.2622E-07,-3.2526E-07
0.755,0,-0.038346000000000005,-4.207E-09,0.03837,3.262E-07,-3.2516E-07
0.76,0,-0.037052,-4.2543E-09,0.037074,3.2608E-07,-3.2508E-07
0.765,0,-0.035772000000000005,-4.3004E-09,0.03579,3.2594E-07,-3.2496E-07
0.77,0,-0.034474000000000005,-4.3554E-09,0.03449,3.2588E-07,-3.2498E-07
0.775,0,-0.033188,-4.4028E-09,0.03321,3.258E-07,-3.249E-07
0.78,0,-0.031882,-4.4531E-09,0.031904,3.257E-07,-3.2486E-07
0.785,0,-0.030600000000000002,-4.4979E-09,0.030616000000000004,3.2564E-07,-3.2488E-07
0.79,0,-0.029282000000000002,-4.5468E-09,0.029310000000000003,3.256E-07,-3.2488E-07
0.795,0,-0.02799,-4.6042E-09,0.028012000000000002,3.2552E-07,-3.2478E-07
0.8,0,-0.026678000000000004,-4.6632E-09,0.026698000000000003,3.2544E-07,-3.2466E-07
0.805,0,-0.025378,-4.7088E-09,0.025396000000000002,3.2526E-07,-3.2462E-07
0.81,0,-0.024058000000000003,-4.7586E-09,0.024076000000000004,3.252E-07,-3.246E-07
0.81500000000000006,0,-0.022756000000000002,-4.8123E-09,0.022774000000000003,3.2508E-07,-3.2458E-07
0.82000000000000006,0,-0.021424000000000002,-4.8707E-09,0.02145,3.2498E-07,-3.2448E-07
0.82500000000000007,0,-0.020120000000000002,-4.9316E-09,0.020138000000000003,3.2504E-07,-3.2446E-07
0.83000000000000007,0,-0.018806000000000003,-4.9846E-09,0.018836000000000002,3.2488E-07,-3.2448E-07
0.83500000000000008,0,-0.017476000000000002,-5.0334E-09,0.017504000000000002,3.2488E-07,-3.2438E-07
0.84000000000000008,0,-0.016166,-5.0988E-09,0.016188,3.2482E-07,-3.2444E-07
0.84500000000000008,0,-0.014832000000000001,-5.155E-09,0.014846000000000002,3.2474E-07,-3.2432E-07
0.85000000000000009,0,-0.013514000000000002,-5.2124E-09,0.013532,3.2462E-07,-3.2428E-07
0.85500000000000009,0,-0.012172,-5.275E-09,0.012196,3.2444E-07,-3.2416E-07
0.86,0,-0.010854,-5.3287E-09,0.010876,3.2448E-07,-3.2418E-07
0.865,0,-0.0095374,-5.3934E-09,0.0095378,3.2434E-07,-3.2418E-07
0.87,0,-0.0082116,-5.457E-09,0.0082132,3.2426E-07,-3.2412E-07
0.875,0,-0.0068668,-5.518E-09,0.0068686,3.2418E-07,-3.2402E-07
0.88,0,-0.005542,-5.5835E-09,0.0055408,3.2418E-07,-3.2404E-07
0.885,0,-0.0041876,-5.6381E-09,0.0041884,3.2408E-07,-3.2402E-07
0.89,0,-0.0028596,-5.7076E-09,0.002859,3.2404E-07,-3.24E-07
0.895,0,-0.001507,-5.7803E-09,0.0015086000000000001,3.2392E-07,-3.2394E-07
0.9,0,-0.00017828,-5.8405E-09,0.00017206,3.2382E-07,-3.2386E-07
0,0.15,-0.099982000000000015,-6.5746E-10,0.10000400000000001,3.7914E-07,-3.3471999999999997E-07
0.005,0.15,-0.099980000000000013,-6.577700000000001E-10,0.10000400000000001,3.7896E-07,-3.3494E-07
0.01,0.15,-0.099982000000000015,-6.608800000000001E-10,0.10000400000000001,3.782E-07,-3.3504E-07
0.015000000000000001,0.15,-0.099980000000000013,-6.6127E-10,0.10000200000000001,3.7762E-07,-3.352E-07
0.02,0.15,-0.099982000000000015,-6.6388000000000009E-10,0.10000600000000001,3.7678E-07,-3.353E-07
0.025,0.15,-0.099980000000000013,-6.722700000000001E-10,0.10000400000000001,3.7614E-07,-3.3541999999999997E-07
0.030000000000000002,0.15,-0.099978000000000011,-6.7483E-10,0.10000600000000001,3.7538E-07,-3.3552E-07
0.035,0.15,-0.099982000000000015,-6.7202E-10,0.10000400000000001,3.7463999999999997E-07,-3.3562E-07
0.04,0.15,-0.099980000000000013,-6.750900000000001E-10,0.10000400000000001,3.7384E-07,-3.3568E-07
0.045000000000000005,0.15,-0.099978000000000011,-6.8107E-10,0.10000600000000001,3.7318E-07,-3.3574E-07
0.05,0.15,-0.099982000000000015,-6.8768E-10,0.10000200000000001,3.7242E-07,-3.3574E-07
0.055,0.15,-0.099982000000000015,-6.9116E-10,0.10000400000000001,3.7176E-07,-3.3578E-07
0.060000000000000005,0.15,-0.099978000000000011,-6.8896000000000007E-10,0.10000400000000001,3.71E-07,-3.3582E-07
0.065,0.15,-0.099980000000000013,-6.898E-10,0.10000400000000001,3.7026E-07,-3.358E-07
0.07,0.15,-0.099980000000000013,-7.04E-10,0.10000400000000001,3.696E-07,-3.3588E-07
0.075,0.15,-0.099982000000000015,-7.0617000000000005E-10,0.10000600000000001,3.6886E-07,-3.3594E-07
0.08,0.15,-0.099982000000000015,-7.0581000000000007E-10,0.10000600000000001,3.6816E-07,-3.3588E-07
0.085,0.15,-0.099980000000000013,-7.0394000000000005E-10,0.10000200000000001,3.675E-07,-3.359E-07
0.090000000000000011,0.15,-0.099980000000000013,-7.0931E-10,0.10000400000000001,3.6683999999999997E-07,-3.359E-07
0.095,0.15,-0.099982000000000015,-7.1505E-10,0.10000400000000001,3.6622E-07,-3.3592E-07
0.1,0.15,-0.099984,-7.2222E-10,0.10000600000000001,3.6552E-07,-3.358E-07
0.10500000000000001,0.15,-0.099982000000000015,-7.2216E-10,0.10000600000000001,3.6486E-07,-3.3586E-07
0.11,0.15,-0.099978000000000011,-7.2107000000000008E-10,0.10000600000000001,3.642E-07,-3.3586E-07
0.115,0.15,-0.099978000000000011,-7.2573E-10,0.10000600000000001,3.635E-07,-3.3582E-07
0.12000000000000001,0.15,-0.099980000000000013,-7.3839000000000007E-10,0.10000400000000001,3.6291999999999997E-07,-3.358E-07
0.125,0.15,-0.099978000000000011,-7.396100000000001E-10,0.10000600000000001,3.623E-07,-3.3578E-07
0.13,0.15,-0.099980000000000013,-7.3945000000000007E-10,0.10000600000000001,3.6168E-07,-3.3583999999999997E-07
0.135,0.15,-0.099982000000000015,-7.3931000000000011E-10,0.10000600000000001,3.6106E-07,-3.3574E-07
0.14,0.15,-0.099978000000000011,-7.4339000000000006E-10,0.10000600000000001,3.6042E-07,-3.3572E-07
0.14500000000000002,0.15,-0.099980000000000013,-7.5048000000000008E-10,0.10000400000000001,3.5992E-07,-3.3566E-07
0.15,0.15,-0.099982000000000015,-7.5959000000000006E-10,0.10000400000000001,3.594E-07,-3.3566E-07
0.155,0.15,-0.099980000000000013,-7.6053000000000006E-10,0.10000600000000001,3.588E-07,-3.3562E-07
0.16,0.15,-0.099982000000000015,-7.5735000000000008E-10,0.10000600000000001,3.5828E-07,-3.3566E-07
0.165,0.15,-0.099980000000000013,-7.6265E-10,0.10000400000000001,3.5772E-07,-3.3554E-07
0.17,0.15,-0.099982000000000015,-7.7095E-10,0.10000400000000001,3.571E-07,-3.355E-07
0.17500000000000002,0.15,-0.099984,-7.7716E-10,0.10000600000000001,3.5656E-07,-3.3544E-07
0.18000000000000002,0.15,-0.099980000000000013,-7.8037000000000007E-10,0.10000400000000001,3.5604E-07,-3.3532E-07
0.185,0.15,-0.099982000000000015,-7.798200000000001E-10,0.10000600000000001,3.5554E-07,-3.353E-07
0.19,0.15,-0.099978000000000011,-7.7956E-10,0.10000200000000001,3.5496E-07,-3.3526E-07
0.195,0.15,-0.099982000000000015,-7.9083E-10,0.10000400000000001,3.5448E-07,-3.3516E-07
0.2,0.15,-0.099980000000000013,-8.0127000000000007E-10,0.10000600000000001,3.5408E-07,-3.3512E-07
0.20500000000000002,0.15,-0.099978000000000011,-8.0091000000000008E-10,0.10000800000000001,3.5354E-07,-3.3516E-07
0.21000000000000002,0.15,-0.099978000000000011,-7.9952E-10,0.10000400000000001,3.5306E-07,-3.351E-07
0.215,0.15,-0.099978000000000011,-8.041E-10,0.10000400000000001,3.5258E-07,-3.3496E-07
0.22,0.15,-0.099982000000000015,-8.1160000000000007E-10,0.10000600000000001,3.5214E-07,-3.3496E-07
0.225,0.15,-0.099978000000000011,-8.2166E-10,0.10000400000000001,3.516E-07,-3.3488E-07
0.23,0.15,-0.099980000000000013,-8.230900000000001E-10,0.10000600000000001,3.5116E-07,-3.3484E-07
0.23500000000000001,0.15,-0.099980000000000013,-8.2101E-10,0.10000400000000001,3.5076E-07,-3.3478E-07
0.24000000000000002,0.15,-0.099980000000000013,-8.2759E-10,0.10000400000000001,3.5038E-07,-3.3478E-07
0.24500000000000002,0.15,-0.099982000000000015,-8.3816E-10,0.10000400000000001,3.4998E-07,-3.3476E-07
0.25,0.15,-0.099760000000000015,-8.4435000000000009E-10,0.099780000000000008,3.4956E-07,-3.346E-07
0.255,0.15,-0.099504000000000009,-8.4417000000000009E-10,0.099530000000000007,3.4918E-07,-3.347E-07
0.26,0.15,-0.099228000000000011,-8.4167E-10,0.099260000000000015,3.4874E-07,-3.3448E-07
0.265,0.15,-0.098968000000000014,-8.4456E-10,0.098992000000000011,3.4832E-07,-3.3443999999999997E-07
0.27,0.15,-0.098702000000000012,-8.5486000000000009E-10,0.09872,3.4802E-07,-3.3436E-07
0.275,0.15,-0.098440000000000014,-8.6246E-10,0.098452000000000012,3.4752E-07,-3.3429999999999997E-07
0.28,0.15,-0.098166,-8.607800000000001E-10,0.09818,3.4712E-07,-3.3418E-07
0.28500000000000003,0.15,-0.097888,-8.5661000000000011E-10,0.097914000000000015,3.4682E-07,-3.3406E-07
0.29000000000000004,0.15,-0.097622000000000014,-8.654800000000001E-10,0.09764,3.4636E-07,-3.3396E-07
0.29500000000000004,0.15,-0.097334,-8.7588000000000008E-10,0.097364,3.4604E-07,-3.3386E-07
0.3,0.15,-0.097052000000000013,-8.7843E-10,0.097072,3.457E-07,-3.3384E-07
0.305,0.15,-0.096762000000000015,-8.7477000000000007E-10,0.096786000000000011,3.4534E-07,-3.3376E-07
0.31,0.15,-0.096482000000000012,-8.7900000000000007E-10,0.096504,3.4503999999999997E-07,-3.3368E-07
0.315,0.15,-0.096182,-8.8728000000000006E-10,0.096214000000000008,3.4458E-07,-3.3359999999999997E-07
0.32,0.15,-0.095894000000000007,-8.9647000000000011E-10,0.09592,3.4433999999999997E-07,-3.3358E-07
0.325,0.15,-0.0956,-9.012900000000001E-10,0.095620000000000011,3.4404E-07,-3.3354E-07
0.33,0.15,-0.095298000000000008,-9.0237000000000006E-10,0.09532,3.4363999999999997E-07,-3.334E-07
0.335,0.15,-0.094994000000000009,-9.0348000000000007E-10,0.095020000000000007,3.433E-07,-3.332E-07
0.34,0.15,-0.094686,-9.1429000000000006E-10,0.094714,3.4302E-07,-3.3308E-07
0.34500000000000003,0.15,-0.094378,-9.1926000000000009E-10,0.094400000000000012,3.4265999999999997E-07,-3.3298E-07
0.35000000000000003,0.15,-0.094064000000000009,-9.2234E-10,0.094096000000000013,3.4236E-07,-3.3294E-07
0.35500000000000004,0.15,-0.09374600000000001,-9.2402000000000008E-10,0.093764000000000014,3.4208E-07,-3.3289999999999997E-07
0.36000000000000004,0.15,-0.093424000000000007,-9.2750000000000005E-10,0.093442000000000011,3.4167999999999997E-07,-3.3282E-07
0.365,0.15,-0.093088,-9.3696E-10,0.093120000000000008,3.4148E-07,-3.3264E-07
0.37,0.15,-0.092764000000000013,-9.4487E-10,0.09278,3.4094E-07,-3.3254E-07
0.375,0.15,-0.092418000000000014,-9.3847000000000017E-10,0.092444000000000012,3.4076E-07,-3.3244E-07
0.38,0.15,-0.092082000000000011,-9.3922E-10,0.092106000000000007,3.4046E-07,-3.3233999999999997E-07
0.385,0.15,-0.091728,-9.5076000000000014E-10,0.091754,3.4024E-07,-3.3238E-07
0.39,0.15,-0.091374000000000011,-9.6014000000000016E-10,0.091398000000000007,3.3996E-07,-3.3219999999999997E-07
0.395,0.15,-0.091018,-9.6361000000000015E-10,0.091036,3.3974E-07,-3.3216E-07
0.4,0.15,-0.090654000000000012,-9.6984E-10,0.090672,3.3938E-07,-3.3196E-07
0.405,0.15,-0.090276000000000009,-9.7540000000000017E-10,0.090290000000000009,3.3916E-07,-3.3186E-07
0.41000000000000003,0.15,-0.08988800000000001,-9.8297000000000017E-10,0.08991600000000001,3.3877999999999997E-07,-3.3182E-07
0.41500000000000004,0.15,-0.089502000000000012,-9.9241E-10,0.08952800000000001,3.3852E-07,-3.3172E-07
0.42000000000000004,0.15,-0.089110000000000009,-9.9742E-10,0.089136,3.3818E-07,-3.3154E-07
0.42500000000000004,0.15,-0.0887,-9.9916E-10,0.088726000000000013,3.3793999999999997E-07,-3.3144E-07
0.43,0.15,-0.088288,-1.00274E-09,0.088314,3.377E-07,-3.3138E-07
0.435,0.15,-0.08786200000000001,-1.01531E-09,0.087892000000000012,3.3742E-07,-3.3121999999999997E-07
0.44,0.15,-0.087430000000000008,-1.0297100000000002E-09,0.08746000000000001,3.3714E-07,-3.3116E-07
0.445,0.15,-0.086982,-1.03244E-09,0.087022,3.3695999999999997E-07,-3.3102E-07
0.45,0.15,-0.086548000000000014,-1.0316100000000001E-09,0.08657200000000001,3.3662E-07,-3.3088E-07
0.455,0.15,-0.086082,-1.03924E-09,0.08611,3.3639999999999997E-07,-3.3079999999999997E-07
0.46,0.15,-0.085616000000000012,-1.05308E-09,0.085644000000000012,3.3618E-07,-3.3074E-07
0.465,0.15,-0.085130000000000011,-1.0659E-09,0.085146000000000013,3.3597999999999997E-07,-3.3065999999999997E-07
0.47000000000000003,0.15,-0.084644000000000011,-1.0697700000000001E-09,0.084660000000000013,3.3572E-07,-3.3064E-07
0.47500000000000003,0.15,-0.084132000000000012,-1.07241E-09,0.084156000000000009,3.3552E-07,-3.3044E-07
0.48000000000000004,0.15,-0.083614000000000008,-1.07759E-09,0.08364400000000001,3.353E-07,-3.3034E-07
0.48500000000000004,0.15,-0.083086000000000007,-1.0887900000000001E-09,0.083114000000000007,3.3508E-07,-3.3022E-07
0.49000000000000005,0.15,-0.08254800000000001,-1.1016200000000002E-09,0.082578000000000012,3.349E-07,-3.3016E-07
0.49500000000000005,0.15,-0.081996000000000013,-1.1047500000000001E-09,0.082014,3.3457999999999997E-07,-3.2998E-07
0.5,0.15,-0.081426000000000012,-1.1116500000000002E-09,0.081450000000000009,3.344E-07,-3.2994E-07
0.505,0.15,-0.080844000000000013,-1.1170400000000001E-09,0.080870000000000011,3.3418E-07,-3.298E-07
0.51,0.15,-0.080260000000000012,-1.1332000000000002E-09,0.08028,3.3408E-07,-3.2972E-07
0.515,0.15,-0.079646000000000008,-1.1386E-09,0.07967,3.3352E-07,-3.2942E-07
0.52,0.15,-0.079032,-1.1563E-09,0.079058,3.334E-07,-3.2938E-07
0.525,0.15,-0.078396000000000007,-1.1715E-09,0.078422,3.3326E-07,-3.2932E-07
0.53,0.15,-0.077750000000000014,-1.1737E-09,0.07777,3.33E-07,-3.2924E-07
0.535,0.15,-0.077088,-1.181E-09,0.077106000000000008,3.328E-07,-3.2916E-07
0.54,0.15,-0.07641400000000001,-1.2029E-09,0.07644200000000001,3.327E-07,-3.2897999999999997E-07
0.545,0.15,-0.07572000000000001,-1.2189E-09,0.075746000000000008,3.325E-07,-3.2897999999999997E-07
0.55,0.15,-0.075016000000000013,-1.234E-09,0.075044,3.3232E-07,-3.289E-07
0.555,0.15,-0.074304000000000009,-1.2399E-09,0.074336000000000013,3.321E-07,-3.2869999999999997E-07
0.56,0.15,-0.073578,-1.2485E-09,0.073594,3.3196E-07,-3.2864E-07
0.56500000000000006,0.15,-0.072826,-1.256E-09,0.072858,3.3174E-07,-3.286E-07
0.57000000000000006,0.15,-0.072070000000000009,-1.2783E-09,0.072092,3.3149999999999997E-07,-3.2841999999999997E-07
0.57500000000000007,0.15,-0.071292000000000008,-1.2899E-09,0.071320000000000008,3.3135999999999997E-07,-3.283E-07
0.58000000000000007,0.15,-0.070506,-1.2978E-09,0.070532000000000011,3.3116E-07,-3.2818E-07
0.58500000000000008,0.15,-0.069710000000000008,-1.3101E-09,0.069728000000000012,3.3107999999999997E-07,-3.282E-07
0.59000000000000008,0.15,-0.06889,-1.3324E-09,0.068906000000000009,3.3098E-07,-3.2813999999999997E-07
0.595,0.15,-0.068064,-1.3518E-09,0.068094,3.3074E-07,-3.2806E-07
0.6,0.15,-0.067218,-1.3682E-09,0.067238,3.3056E-07,-3.2796E-07
0.605,0.15,-0.06636800000000001,-1.3747E-09,0.066398000000000013,3.3037999999999997E-07,-3.2788E-07
0.61,0.15,-0.065496000000000013,-1.3887E-09,0.065518,3.3026E-07,-3.2778E-07
0.615,0.15,-0.064622,-1.4095E-09,0.064644000000000007,3.3012E-07,-3.2764E-07
0.62,0.15,-0.06372,-1.4289E-09,0.063752,3.2995999999999997E-07,-3.276E-07
0.625,0.15,-0.062822,-1.4453E-09,0.062854000000000007,3.2984E-07,-3.2752E-07
0.63,0.15,-0.061900000000000004,-1.4562E-09,0.061922000000000005,3.296E-07,-3.2729999999999997E-07
0.635,0.15,-0.060980000000000006,-1.4711E-09,0.060996000000000009,3.2956E-07,-3.2732E-07
0.64,0.15,-0.060030000000000007,-1.4939E-09,0.060054,3.2936E-07,-3.2728E-07
0.645,0.15,-0.059082,-1.5156E-09,0.059112000000000005,3.2922E-07,-3.271E-07
0.65,0.15,-0.058114000000000006,-1.5309E-09,0.058142000000000006,3.2897999999999997E-07,-3.2706E-07
0.655,0.15,-0.057150000000000006,-1.5416E-09,0.057168000000000004,3.2894E-07,-3.2694E-07
0.66,0.15,-0.056154,-1.5591E-09,0.056176000000000004,3.2869999999999997E-07,-3.2687999999999997E-07
0.665,0.15,-0.055170000000000004,-1.5878E-09,0.055196,3.286E-07,-3.2678E-07
0.67,0.15,-0.054162,-1.6068E-09,0.054182000000000008,3.2848E-07,-3.2668E-07
0.675,0.15,-0.053152000000000005,-1.6221E-09,0.053166000000000005,3.2838E-07,-3.267E-07
0.68,0.15,-0.052114000000000008,-1.6378999999999999E-09,0.052142000000000008,3.2824E-07,-3.2664E-07
0.685,0.15,-0.051088,-1.6566E-09,0.05111,3.2816E-07,-3.265E-07
0.69000000000000006,0.15,-0.050048,-1.6836E-09,0.050072000000000005,3.2794E-07,-3.2642E-07
0.69500000000000006,0.15,-0.048988000000000004,-1.7055E-09,0.049010000000000005,3.2792E-07,-3.2638E-07
0.70000000000000007,0.15,-0.047936000000000006,-1.7206E-09,0.04796,3.2776E-07,-3.2628E-07
0.70500000000000007,0.15,-0.046854000000000007,-1.7379E-09,0.046876,3.277E-07,-3.2624E-07
0.71000000000000008,0.15,-0.04578,-1.7617E-09,0.045810000000000003,3.276E-07,-3.2614E-07
0.71500000000000008,0.15,-0.044688000000000005,-1.7905E-09,0.044708000000000005,3.2746E-07,-3.261E-07
0.72000000000000008,0.15,-0.043600000000000007,-1.8107E-09,0.043620000000000006,3.2736E-07,-3.2606E-07
0.72500000000000009,0.15,-0.042488000000000005,-1.8275E-09,0.042512,3.2728E-07,-3.2598E-07
0.73,0.15,-0.041386000000000006,-1.8481E-09,0.041404,3.271E-07,-3.2586E-07
0.735,0.15,-0.040248000000000006,-1.8741E-09,0.040272,3.2704E-07,-3.2576E-07
0.74,0.15,-0.039138000000000006,-1.9024E-09,0.039156,3.2687999999999997E-07,-3.257E-07
0.745,0.15,-0.037994,-1.9251E-09,0.038020000000000005,3.268E-07,-3.2568E-07
0.75,0.15,-0.036862000000000006,-1.9423E-09,0.036876000000000006,3.2673999999999997E-07,-3.2564E-07
0.755,0.15,-0.03572,-1.9645E-09,0.035738000000000006,3.2662E-07,-3.2554E-07
0.76,0.15,-0.034558000000000005,-1.995E-09,0.034582,3.2652E-07,-3.2552E-07
0.765,0.15,-0.033412000000000004,-2.0233E-09,0.03343,3.2644E-07,-3.2544E-07
0.77,0.15,-0.032228,-2.0471E-09,0.03225,3.2628E-07,-3.254E-07
0.775,0.15,-0.031064,-2.0655E-09,0.031082000000000002,3.2622E-07,-3.2526E-07
0.78,0.15,-0.029886000000000003,-2.0925E-09,0.029900000000000003,3.2614E-07,-3.2522E-07
0.785,0.15,-0.028696000000000003,-2.1199E-09,0.028724000000000003,3.2603999999999997E-07,-3.2526E-07
0.79,0.15,-0.027502000000000002,-2.151E-09,0.027526000000000002,3.26E-07,-3.252E-07
0.795,0.15,-0.026314,-2.1743E-09,0.026338000000000004,3.2588E-07,-3.2516E-07
0.8,0.15,-0.025106000000000003,-2.1947E-09,0.025124,3.2576E-07,-3.2506E-07
0.805,0.15,-0.023908000000000002,-2.222E-09,0.023926000000000003,3.2568E-07,-3.2502E-07
0.81,0.15,-0.022686,-2.2559E-09,0.022706,3.2556E-07,-3.2498E-07
0.81500000000000006,0.15,-0.021476000000000002,-2.2866E-09,0.021502,3.2556E-07,-3.2496E-07
0.82000000000000006,0.15,-0.020244,-2.3099E-09,0.020268,3.2548E-07,-3.2492E-07
0.82500000000000007,0.15,-0.019022,-2.3345E-09,0.019044000000000002,3.2538E-07,-3.2482E-07
0.83000000000000007,0.15,-0.017806000000000002,-2.3639E-09,0.017828,3.2528E-07,-3.2474E-07
0.83500000000000008,0.15,-0.016558,-2.3989E-09,0.016584,3.252E-07,-3.2478E-07
0.84000000000000008,0.15,-0.015332000000000002,-2.4269E-09,0.015352000000000001,3.251E-07,-3.247E-07
0.84500000000000008,0.15,-0.014074000000000001,-2.4544E-09,0.014102000000000002,3.2504E-07,-3.2468E-07
0.85000000000000009,0.15,-0.012838,-2.4802E-09,0.012854,3.25E-07,-3.2464E-07
0.85500000000000009,0.15,-0.011572,-2.5141E-09,0.011592000000000002,3.2488E-07,-3.2464E-07
0.86,0.15,-0.010324000000000002,-2.5491E-09,0.010344,3.248E-07,-3.2458E-07
0.865,0.15,-0.009084,-2.5773E-09,0.0090786000000000009,3.2474E-07,-3.2448E-07
0.87,0.15,-0.0078212,-2.6069E-09,0.007826,3.2466E-07,-3.2454E-07
0.875,0.15,-0.0065472,-2.6409E-09,0.0065462,3.246E-07,-3.2444E-07
0.88,0.15,-0.0052896,-2.6746E-09,0.0052872,3.2456E-07,-3.2448E-07
0.885,0.15,-0.0040026,-2.704E-09,0.0040018,3.2448E-07,-3.2442E-07
0.89,0.15,-0.0027304,-2.7321E-09,0.002734,3.244E-07,-3.2434E-07
0.895,0.15,-0.0014408000000000001,-2.7706E-09,0.0014428,3.2436E-07,-3.2436E-07
0.9,0.15,-0.00016594,-2.8043E-09,0.00016404,3.2422E-07,-3.2426E-07
0,0.3,-0.06840800000000001,-3.9250000000000004E-10,0.068490000000000009,3.8662E-07,-3.3233999999999997E-07
0.005,0.3,-0.06829,-4.0122000000000004E-10,0.068308000000000008,3.8628E-07,-3.3247999999999997E-07
0.01,0.3,-0.068106,-4.0069000000000004E-10,0.068126,3.8534E-07,-3.3258E-07
0.015000000000000001,0.3,-0.067928,-3.9840000000000004E-10,0.067954,3.8442E-07,-3.3268E-07
0.02,0.3,-0.067748,-4.0336000000000004E-10,0.067766,3.834E-07,-3.3268E-07
0.025,0.3,-0.067574000000000009,-4.1092E-10,0.067590000000000011,3.8261999999999997E-07,-3.328E-07
0.030000000000000002,0.3,-0.067392000000000007,-4.1220000000000003E-10,0.067410000000000012,3.816E-07,-3.3278E-07
0.035,0.3,-0.067202000000000012,-4.0929000000000004E-10,0.067232,3.8068E-07,-3.3288E-07
0.04,0.3,-0.067022000000000012,-4.0747000000000004E-10,0.067054,3.7972E-07,-3.328E-07
0.045000000000000005,0.3,-0.066844,-4.1022E-10,0.066866000000000009,3.7876E-07,-3.3286E-07
0.05,0.3,-0.066662,-4.1915000000000005E-10,0.066682,3.7796E-07,-3.3288E-07
0.055,0.3,-0.066482,-4.2086000000000003E-10,0.066502,3.7704E-07,-3.3282E-07
0.060000000000000005,0.3,-0.066296000000000008,-4.16E-10,0.066318,3.7616E-07,-3.3286E-07
0.065,0.3,-0.06611800000000001,-4.147E-10,0.066136,3.7532E-07,-3.328E-07
0.07,0.3,-0.06593,-4.2131E-10,0.065964000000000009,3.7444E-07,-3.3282E-07
0.075,0.3,-0.065752,-4.2770000000000003E-10,0.065774,3.7358E-07,-3.328E-07
0.08,0.3,-0.065560000000000007,-4.2860000000000005E-10,0.065588000000000007,3.7278E-07,-3.328E-07
0.085,0.3,-0.06538200000000001,-4.2454E-10,0.065406,3.7186E-07,-3.3274E-07
0.090000000000000011,0.3,-0.065198,-4.2314000000000005E-10,0.06522,3.7106E-07,-3.3275999999999997E-07
0.095,0.3,-0.065012,-4.2960000000000005E-10,0.065042,3.703E-07,-3.3275999999999997E-07
0.1,0.3,-0.064832,-4.3528E-10,0.064856000000000011,3.6949999999999997E-07,-3.3268E-07
0.10500000000000001,0.3,-0.064644000000000007,-4.3703000000000004E-10,0.064676000000000011,3.6874E-07,-3.3266E-07
0.11,0.3,-0.064466000000000009,-4.3149000000000003E-10,0.064488,3.6794E-07,-3.3258E-07
0.115,0.3,-0.064276,-4.3117E-10,0.064308,3.673E-07,-3.3261999999999997E-07
0.12000000000000001,0.3,-0.064098,-4.3580000000000004E-10,0.064116,3.665E-07,-3.3261999999999997E-07
0.125,0.3,-0.063914000000000012,-4.42E-10,0.063934,3.6574E-07,-3.3254E-07
0.13,0.3,-0.063732000000000011,-4.4269000000000005E-10,0.06375,3.6506E-07,-3.3254E-07
0.135,0.3,-0.063542,-4.3887000000000006E-10,0.063562000000000007,3.6434E-07,-3.325E-07
0.14,0.3,-0.063358000000000012,-4.3664000000000006E-10,0.063386000000000012,3.636E-07,-3.3242E-07
0.14500000000000002,0.3,-0.06317,-4.4353E-10,0.063202000000000008,3.6298E-07,-3.3244E-07
0.15,0.3,-0.062984000000000012,-4.5051000000000003E-10,0.063008000000000008,3.6232E-07,-3.3233999999999997E-07
0.155,0.3,-0.062802000000000011,-4.4773E-10,0.062832,3.617E-07,-3.3233999999999997E-07
0.16,0.3,-0.062614,-4.4618000000000006E-10,0.062636000000000011,3.6094E-07,-3.3219999999999997E-07
0.165,0.3,-0.062436000000000005,-4.4573E-10,0.062458000000000007,3.6036E-07,-3.3222E-07
0.17,0.3,-0.062240000000000004,-4.5005E-10,0.062266000000000009,3.5972E-07,-3.3218E-07
0.17500000000000002,0.3,-0.062060000000000004,-4.5567000000000004E-10,0.062076000000000006,3.5899999999999997E-07,-3.3205999999999997E-07
0.18000000000000002,0.3,-0.061874000000000005,-4.5688000000000003E-10,0.061888000000000006,3.584E-07,-3.3204E-07
0.185,0.3,-0.06167,-4.5173000000000005E-10,0.061698,3.5782E-07,-3.3196E-07
0.19,0.3,-0.061496,-4.5155000000000006E-10,0.061516000000000008,3.5722E-07,-3.32E-07
0.195,0.3,-0.061300000000000007,-4.5793000000000004E-10,0.061322000000000008,3.5666E-07,-3.3188E-07
0.2,0.3,-0.061126000000000007,-4.6149000000000003E-10,0.061136,3.561E-07,-3.3188E-07
0.20500000000000002,0.3,-0.06092,-4.6131000000000003E-10,0.060942,3.555E-07,-3.3176E-07
0.21000000000000002,0.3,-0.060736000000000005,-4.5916000000000005E-10,0.060760000000000008,3.5494E-07,-3.3174E-07
0.215,0.3,-0.060550000000000007,-4.5851000000000005E-10,0.060566000000000009,3.5434E-07,-3.3163999999999997E-07
0.22,0.3,-0.060358,-4.6378000000000003E-10,0.06038,3.5388E-07,-3.316E-07
0.225,0.3,-0.060174000000000005,-4.6839000000000008E-10,0.060192,3.5336E-07,-3.3156E-07
0.23,0.3,-0.059978000000000004,-4.6601E-10,0.059998,3.5276E-07,-3.3146E-07
0.23500000000000001,0.3,-0.059788000000000008,-4.6466000000000003E-10,0.059808000000000007,3.5222E-07,-3.3146E-07
0.24000000000000002,0.3,-0.059598000000000005,-4.6524000000000004E-10,0.059624,3.5178E-07,-3.3138E-07
0.24500000000000002,0.3,-0.059406000000000007,-4.7155E-10,0.059428000000000009,3.5122E-07,-3.313E-07
0.25,0.3,-0.059216000000000005,-4.7335E-10,0.059240000000000008,3.5076E-07,-3.3121999999999997E-07
0.255,0.3,-0.059026,-4.7293E-10,0.059044000000000006,3.5035999999999997E-07,-3.3126E-07
0.26,0.3,-0.058832,-4.7248E-10,0.058852000000000008,3.4979999999999997E-07,-3.312E-07
0.265,0.3,-0.058640000000000005,-4.7323E-10,0.058666,3.4934E-07,-3.3106E-07
0.27,0.3,-0.058448000000000007,-4.7905E-10,0.058472,3.4886E-07,-3.3104E-07
0.275,0.3,-0.058254000000000007,-4.8096000000000006E-10,0.058278,3.4852E-07,-3.3106E-07
0.28,0.3,-0.058056,-4.7955000000000007E-10,0.058084000000000004,3.4802E-07,-3.3096E-07
0.28500000000000003,0.3,-0.057868,-4.7920000000000006E-10,0.057888,3.4754E-07,-3.3086E-07
0.29000000000000004,0.3,-0.057672000000000008,-4.8272000000000007E-10,0.057692000000000007,3.4712E-07,-3.3082E-07
0.29500000000000004,0.3,-0.057470000000000007,-4.8490000000000005E-10,0.057498000000000007,3.4666E-07,-3.3068E-07
0.3,0.3,-0.057280000000000005,-4.8585E-10,0.057304000000000008,3.4628E-07,-3.3065999999999997E-07
0.305,0.3,-0.057084,-4.8744E-10,0.057106000000000004,3.4586E-07,-3.3065999999999997E-07
0.31,0.3,-0.056882,-4.8497E-10,0.05691,3.4554E-07,-3.3054E-07
0.315,0.3,-0.056692000000000006,-4.9229000000000006E-10,0.056714000000000007,3.451E-07,-3.305E-07
0.32,0.3,-0.056488000000000003,-4.9379E-10,0.056518000000000006,3.4474E-07,-3.3042E-07
0.325,0.3,-0.056292,-4.9261E-10,0.056322000000000004,3.4436E-07,-3.3036E-07
0.33,0.3,-0.056102000000000006,-4.9315E-10,0.056118000000000008,3.4398E-07,-3.3026E-07
0.335,0.3,-0.055902000000000007,-4.9608E-10,0.055916000000000007,3.4358E-07,-3.303E-07
0.34,0.3,-0.055700000000000006,-5.006E-10,0.055720000000000006,3.4318E-07,-3.3018E-07
0.34500000000000003,0.3,-0.055494,-5.0233000000000006E-10,0.055520000000000007,3.4286E-07,-3.3012E-07
0.35000000000000003,0.3,-0.055298000000000007,-5.0288E-10,0.055320000000000008,3.4246E-07,-3.3002E-07
0.35500000000000004,0.3,-0.055094000000000004,-5.0005E-10,0.055114,3.4212E-07,-3.3002E-07
0.36000000000000004,0.3,-0.054892,-5.0311E-10,0.054912,3.417E-07,-3.2984E-07
0.365,0.3,-0.054688000000000007,-5.0942000000000009E-10,0.05471,3.4136E-07,-3.2981999999999997E-07
0.37,0.3,-0.054480000000000008,-5.1266000000000007E-10,0.054508000000000008,3.411E-07,-3.2976E-07
0.375,0.3,-0.054284000000000006,-5.1061000000000006E-10,0.054304000000000005,3.4066E-07,-3.2966E-07
0.38,0.3,-0.054074000000000004,-5.0906E-10,0.054104000000000006,3.404E-07,-3.2962E-07
0.385,0.3,-0.053874000000000005,-5.1283000000000008E-10,0.053896000000000006,3.4008E-07,-3.296E-07
0.39,0.3,-0.053658000000000004,-5.1830000000000006E-10,0.053692000000000004,3.3978E-07,-3.2948E-07
0.395,0.3,-0.053460000000000008,-5.2084E-10,0.053480000000000007,3.3946E-07,-3.2946E-07
0.4,0.3,-0.053252000000000008,-5.1965000000000006E-10,0.053266000000000008,3.3919999999999997E-07,-3.2942E-07
0.405,0.3,-0.053038,-5.1741000000000008E-10,0.053058000000000008,3.3888E-07,-3.293E-07
0.41000000000000003,0.3,-0.052828000000000007,-5.2245E-10,0.052852,3.3862E-07,-3.293E-07
0.41500000000000004,0.3,-0.052624000000000004,-5.2908E-10,0.052640000000000006,3.3826E-07,-3.2922E-07
0.42000000000000004,0.3,-0.052408,-5.3295E-10,0.052436,3.3796E-07,-3.2906E-07
0.42500000000000004,0.3,-0.0522,-5.2975000000000006E-10,0.052216000000000005,3.3768E-07,-3.2897999999999997E-07
0.43,0.3,-0.051982000000000007,-5.2984E-10,0.052012,3.3744E-07,-3.2897999999999997E-07
0.435,0.3,-0.051766000000000006,-5.3217E-10,0.051788000000000008,3.3714E-07,-3.289E-07
0.44,0.3,-0.051552000000000008,-5.3938000000000005E-10,0.051570000000000005,3.3684E-07,-3.289E-07
0.445,0.3,-0.051330000000000008,-5.4428E-10,0.051350000000000007,3.3662E-07,-3.2876E-07
0.45,0.3,-0.051108000000000008,-5.4204E-10,0.051144,3.3632E-07,-3.2876E-07
0.455,0.3,-0.050888,-5.3894E-10,0.050918000000000005,3.3611999999999997E-07,-3.2862E-07
0.46,0.3,-0.050672,-5.4241E-10,0.050698000000000007,3.359E-07,-3.2866E-07
0.465,0.3,-0.050452000000000004,-5.5035000000000007E-10,0.050474000000000005,3.3555999999999997E-07,-3.2846E-07
0.47000000000000003,0.3,-0.050224000000000005,-5.5453E-10,0.050252000000000005,3.3541999999999997E-07,-3.2844E-07
0.47500000000000003,0.3,-0.050002000000000005,-5.5288000000000006E-10,0.050028,3.3513999999999997E-07,-3.2841999999999997E-07
0.48000000000000004,0.3,-0.049774000000000006,-5.5274E-10,0.049802000000000006,3.3488E-07,-3.284E-07
0.48500000000000004,0.3,-0.049544000000000005,-5.535E-10,0.049568,3.347E-07,-3.2832E-07
0.49000000000000005,0.3,-0.049314000000000004,-5.6217E-10,0.049336000000000005,3.3456E-07,-3.2826E-07
0.49500000000000005,0.3,-0.049082000000000008,-5.6781E-10,0.049108000000000006,3.3426E-07,-3.2822E-07
0.5,0.3,-0.048846000000000007,-5.6701000000000009E-10,0.048866000000000007,3.3404E-07,-3.2818E-07
0.505,0.3,-0.048610000000000007,-5.6445E-10,0.048630000000000007,3.3386E-07,-3.2813999999999997E-07
0.51,0.3,-0.048372000000000005,-5.6829E-10,0.048400000000000006,3.3364E-07,-3.281E-07
0.515,0.3,-0.048128000000000004,-5.7360000000000007E-10,0.048146,3.3345999999999997E-07,-3.2796E-07
0.52,0.3,-0.04789,-5.8246000000000008E-10,0.047914000000000005,3.3326E-07,-3.2799999999999997E-07
0.525,0.3,-0.047642000000000004,-5.8200000000000006E-10,0.047658000000000006,3.3303999999999997E-07,-3.279E-07
0.53,0.3,-0.047394000000000006,-5.7742000000000006E-10,0.047416000000000007,3.3282E-07,-3.2776E-07
0.535,0.3,-0.047144000000000005,-5.8306000000000005E-10,0.047162,3.3264E-07,-3.2776E-07
0.54,0.3,-0.046884,-5.9104000000000006E-10,0.046902000000000006,3.324E-07,-3.2768E-07
0.545,0.3,-0.046626,-5.9406E-10,0.046644000000000005,3.3214E-07,-3.276E-07
0.55,0.3,-0.046364,-5.9585000000000007E-10,0.046386000000000004,3.3196E-07,-3.2748E-07
0.555,0.3,-0.046096000000000005,-5.9635E-10,0.04612,3.3177999999999997E-07,-3.274E-07
0.56,0.3,-0.045832000000000005,-5.9699E-10,0.045846000000000005,3.3156E-07,-3.2736E-07
0.56500000000000006,0.3,-0.04556,-6.071E-10,0.045582000000000004,3.3138E-07,-3.2729999999999997E-07
0.57000000000000006,0.3,-0.045276000000000004,-6.1323000000000006E-10,0.045294,3.3121999999999997E-07,-3.2724E-07
0.57500000000000007,0.3,-0.044994000000000006,-6.1237E-10,0.045018,3.3104E-07,-3.272E-07
0.58000000000000007,0.3,-0.044704,-6.1329000000000006E-10,0.044726,3.309E-07,-3.2715999999999997E-07
0.58500000000000008,0.3,-0.044412000000000007,-6.1882E-10,0.044434,3.3082E-07,-3.271E-07
0.59000000000000008,0.3,-0.044112000000000005,-6.2562000000000006E-10,0.044128,3.3056E-07,-3.2698E-07
0.595,0.3,-0.04381,-6.3346E-10,0.043824,3.3044E-07,-3.2694E-07
0.6,0.3,-0.043486000000000004,-6.3369E-10,0.043512,3.3022E-07,-3.2692E-07
0.605,0.3,-0.04318,-6.3403E-10,0.043202000000000004,3.3008E-07,-3.2682E-07
0.61,0.3,-0.042844000000000007,-6.3803E-10,0.042872,3.299E-07,-3.268E-07
0.615,0.3,-0.042516000000000005,-6.4745000000000008E-10,0.042542,3.2978E-07,-3.2673999999999997E-07
0.62,0.3,-0.042170000000000006,-6.550100000000001E-10,0.042188,3.2962E-07,-3.2662E-07
0.625,0.3,-0.04182,-6.5593E-10,0.041844000000000006,3.2944E-07,-3.2659999999999997E-07
0.63,0.3,-0.041452,-6.591200000000001E-10,0.041486,3.2932E-07,-3.2652E-07
0.635,0.3,-0.041086000000000004,-6.6325000000000006E-10,0.041114000000000005,3.2922E-07,-3.2648E-07
0.64,0.3,-0.040704000000000004,-6.708600000000001E-10,0.040736,3.2902E-07,-3.2644E-07
0.645,0.3,-0.04032,-6.809600000000001E-10,0.040348,3.289E-07,-3.2648E-07
0.65,0.3,-0.039916,-6.8243000000000009E-10,0.039938,3.2874E-07,-3.2636E-07
0.655,0.3,-0.039504000000000004,-6.8420000000000008E-10,0.039520000000000007,3.2876E-07,-3.264E-07
0.66,0.3,-0.039074000000000005,-6.9222E-10,0.039094000000000004,3.2855999999999997E-07,-3.2628E-07
0.665,0.3,-0.038636000000000004,-7.0270000000000007E-10,0.03866,3.2841999999999997E-07,-3.2631999999999997E-07
0.67,0.3,-0.038176,-7.0828000000000006E-10,0.038198,3.2836E-07,-3.2616E-07
0.675,0.3,-0.037714000000000004,-7.1326000000000008E-10,0.037734000000000004,3.2818E-07,-3.2617999999999997E-07
0.68,0.3,-0.037230000000000006,-7.1727E-10,0.037254,3.281E-07,-3.2614E-07
0.685,0.3,-0.03674,-7.228200000000001E-10,0.036762,3.2796E-07,-3.26E-07
0.69000000000000006,0.3,-0.036226,-7.3326E-10,0.036248,3.2792E-07,-3.2603999999999997E-07
0.69500000000000006,0.3,-0.0357,-7.4393E-10,0.035722000000000004,3.2776E-07,-3.2586E-07
0.70000000000000007,0.3,-0.035156,-7.4698E-10,0.035176000000000006,3.2766E-07,-3.2588E-07
0.70500000000000007,0.3,-0.034588,-7.5204E-10,0.03461,3.2752E-07,-3.2578E-07
0.71000000000000008,0.3,-0.034018,-7.6044E-10,0.034038000000000006,3.2742E-07,-3.2574E-07
0.71500000000000008,0.3,-0.033416,-7.7177E-10,0.033438,3.2729999999999997E-07,-3.2576E-07
0.72000000000000008,0.3,-0.032814,-7.8274E-10,0.032832,3.2722E-07,-3.2568E-07
0.72500000000000009,0.3,-0.03218,-7.885E-10,0.032204,3.271E-07,-3.2556E-07
0.73,0.3,-0.031538000000000004,-7.9554E-10,0.031558,3.2696E-07,-3.2556E-07
0.735,0.3,-0.030862000000000004,-8.0315000000000006E-10,0.030886000000000004,3.2686E-07,-3.2552E-07
0.74,0.3,-0.030188000000000003,-8.1772E-10,0.030208000000000002,3.2673999999999997E-07,-3.2544E-07
0.745,0.3,-0.029480000000000003,-8.2751000000000007E-10,0.029506,3.267E-07,-3.2538E-07
0.75,0.3,-0.028770000000000004,-8.3273000000000008E-10,0.028792,3.2654E-07,-3.2528E-07
0.755,0.3,-0.028042,-8.4307000000000007E-10,0.028064000000000002,3.2648E-07,-3.2522E-07
0.76,0.3,-0.027280000000000002,-8.513E-10,0.027302000000000003,3.2631999999999997E-07,-3.2526E-07
0.765,0.3,-0.026514000000000003,-8.6309000000000007E-10,0.026532000000000003,3.2628E-07,-3.2526E-07
0.77,0.3,-0.025718,-8.7905000000000008E-10,0.025742,3.2622E-07,-3.252E-07
0.775,0.3,-0.024924,-8.8448E-10,0.024942000000000002,3.2612E-07,-3.2516E-07
0.78,0.3,-0.024098,-8.9232000000000008E-10,0.024120000000000003,3.2602E-07,-3.2502E-07
0.785,0.3,-0.023264000000000003,-9.0558000000000009E-10,0.023286,3.2586E-07,-3.2498E-07
0.79,0.3,-0.022400000000000003,-9.2224000000000012E-10,0.022426,3.2574E-07,-3.249E-07
0.795,0.3,-0.021538,-9.3198000000000013E-10,0.021560000000000003,3.2568E-07,-3.248E-07
0.8,0.3,-0.020644000000000003,-9.4313E-10,0.02067,3.2562E-07,-3.248E-07
0.805,0.3,-0.019752000000000002,-9.5287E-10,0.019772,3.2554E-07,-3.248E-07
0.81,0.3,-0.018826000000000002,-9.667E-10,0.018848,3.2548E-07,-3.2478E-07
0.81500000000000006,0.3,-0.017898,-9.8015000000000018E-10,0.017920000000000002,3.254E-07,-3.2478E-07
0.82000000000000006,0.3,-0.016948,-9.9554E-10,0.016966000000000002,3.2534E-07,-3.2472E-07
0.82500000000000007,0.3,-0.015992000000000003,-1.0054E-09,0.016016000000000002,3.2526E-07,-3.2472E-07
0.83000000000000007,0.3,-0.015028000000000001,-1.01709E-09,0.015050000000000001,3.2518E-07,-3.2462E-07
0.83500000000000008,0.3,-0.01403,-1.03367E-09,0.014054,3.251E-07,-3.246E-07
0.84000000000000008,0.3,-0.013034,-1.0478E-09,0.013058000000000002,3.2502E-07,-3.246E-07
0.84500000000000008,0.3,-0.012016,-1.06248E-09,0.01203,3.2496E-07,-3.245E-07
0.85000000000000009,0.3,-0.010996,-1.07492E-09,0.011016000000000002,3.249E-07,-3.246E-07
0.85500000000000009,0.3,-0.0099724000000000011,-1.09004E-09,0.0099704,3.2486E-07,-3.245E-07
0.86,0.3,-0.0089344,-1.10741E-09,0.0089282,3.2468E-07,-3.2438E-07
0.865,0.3,-0.0078620000000000009,-1.1281E-09,0.0078622,3.2468E-07,-3.2448E-07
0.87,0.3,-0.0067942,-1.14147E-09,0.0067996,3.245E-07,-3.243E-07
0.875,0.3,-0.005705,-1.1585E-09,0.0057074000000000005,3.244E-07,-3.2424E-07
0.88,0.3,-0.0046198,-1.1735E-09,0.004623,3.2444E-07,-3.2432E-07
0.885,0.3,-0.0035082,-1.1881E-09,0.0035096,3.2434E-07,-3.2428E-07
0.89,0.3,-0.0024012,-1.2068E-09,0.002404,3.2426E-07,-3.242E-07
0.895,0.3,-0.0012728,-1.2187E-09,0.0012708,3.242E-07,-3.2424E-07
0.9,0.3,-0.00014462,-1.2335E-09,0.00014668,3.241E-07,-3.2412E-07
0,0.45,-0.029890000000000003,-8.7750000000000007E-11,0.029880000000000004,3.9704E-07,-3.2846E-07
0.005,0.45,-0.029720000000000003,-9.4970000000000009E-11,0.029742,3.9573999999999997E-07,-3.284E-07
0.01,0.45,-0.029588000000000003,-9.672E-11,0.02961,3.9433999999999997E-07,-3.2841999999999997E-07
0.015000000000000001,0.45,-0.029454,-1.0016E-10,0.029474000000000004,3.9312E-07,-3.284E-07
0.02,0.45,-0.029324000000000003,-1.0613000000000001E-10,0.029344000000000002,3.9178E-07,-3.2826E-07
0.025,0.45,-0.029194,-1.11E-10,0.029214000000000004,3.9038E-07,-3.2818E-07
0.030000000000000002,0.45,-0.029056000000000002,-1.1502000000000001E-10,0.029082000000000004,3.8908E-07,-3.2824E-07
0.035,0.45,-0.028934,-1.1973E-10,0.028956000000000003,3.8789999999999997E-07,-3.2822E-07
0.04,0.45,-0.028802,-1.2099000000000001E-10,0.028822000000000004,3.8666E-07,-3.2818E-07
0.045000000000000005,0.45,-0.028668000000000003,-1.2503E-10,0.028696000000000003,3.855E-07,-3.2822E-07
0.05,0.45,-0.028538,-1.3333000000000002E-10,0.028562000000000004,3.8424E-07,-3.2813999999999997E-07
0.055,0.45,-0.028406000000000004,-1.3654E-10,0.028426000000000003,3.831E-07,-3.2808E-07
0.060000000000000005,0.45,-0.028282,-1.3886E-10,0.028300000000000002,3.8196E-07,-3.2813999999999997E-07
0.065,0.45,-0.028148000000000003,-1.4163E-10,0.028172000000000003,3.8079999999999997E-07,-3.281E-07
0.07,0.45,-0.028018,-1.4440000000000001E-10,0.028036000000000002,3.7966E-07,-3.2806E-07
0.075,0.45,-0.027886,-1.5077E-10,0.027904,3.7869999999999997E-07,-3.2799999999999997E-07
0.08,0.45,-0.027756000000000003,-1.5647E-10,0.027778000000000004,3.777E-07,-3.2794E-07
0.085,0.45,-0.027630000000000002,-1.5699000000000002E-10,0.027648000000000002,3.7662E-07,-3.2792E-07
0.090000000000000011,0.45,-0.027502000000000002,-1.5805E-10,0.027526000000000002,3.757E-07,-3.2799999999999997E-07
0.095,0.45,-0.027366,-1.6338E-10,0.02739,3.747E-07,-3.2796E-07
0.1,0.45,-0.027244,-1.6953E-10,0.027262,3.7368E-07,-3.2796E-07
0.10500000000000001,0.45,-0.027110000000000002,-1.7082E-10,0.027138000000000002,3.728E-07,-3.279E-07
0.11,0.45,-0.026976000000000003,-1.7296000000000002E-10,0.027006000000000002,3.7188E-07,-3.2792E-07
0.115,0.45,-0.026852,-1.7453000000000002E-10,0.026872000000000004,3.7092E-07,-3.2776E-07
0.12000000000000001,0.45,-0.026724,-1.7831E-10,0.026746000000000002,3.7002E-07,-3.2784E-07
0.125,0.45,-0.026590000000000003,-1.8307000000000002E-10,0.026614000000000002,3.6916E-07,-3.2778E-07
0.13,0.45,-0.026464,-1.8737000000000002E-10,0.026484,3.6823999999999997E-07,-3.2778E-07
0.135,0.45,-0.026332,-1.8494E-10,0.026356,3.6746E-07,-3.2776E-07
0.14,0.45,-0.026206000000000004,-1.8833E-10,0.026230000000000003,3.6652E-07,-3.277E-07
0.14500000000000002,0.45,-0.026084000000000003,-1.9289000000000002E-10,0.026096,3.6576E-07,-3.2771999999999997E-07
0.15,0.45,-0.025952000000000003,-1.9663000000000002E-10,0.025972000000000002,3.649E-07,-3.2768E-07
0.155,0.45,-0.025822,-1.9759E-10,0.025844000000000002,3.6403999999999997E-07,-3.2764E-07
0.16,0.45,-0.025692000000000003,-1.9933000000000002E-10,0.025716000000000003,3.6338E-07,-3.2762E-07
0.165,0.45,-0.025568000000000004,-2.0125E-10,0.025588000000000003,3.626E-07,-3.2757999999999997E-07
0.17,0.45,-0.025442000000000003,-2.0607000000000002E-10,0.025460000000000003,3.619E-07,-3.2766E-07
0.17500000000000002,0.45,-0.025318000000000004,-2.0968000000000002E-10,0.025332000000000004,3.6112E-07,-3.2752E-07
0.18000000000000002,0.45,-0.025186000000000004,-2.1127E-10,0.025204,3.6036E-07,-3.2757999999999997E-07
0.185,0.45,-0.025058000000000004,-2.1118000000000001E-10,0.025078000000000003,3.5972E-07,-3.2748E-07
0.19,0.45,-0.024934,-2.1194000000000002E-10,0.024954,3.5899999999999997E-07,-3.2746E-07
0.195,0.45,-0.024804000000000003,-2.1829000000000003E-10,0.024822000000000004,3.5832E-07,-3.2742E-07
0.2,0.45,-0.024672000000000003,-2.1958E-10,0.024698,3.5762E-07,-3.2734E-07
0.20500000000000002,0.45,-0.024548000000000004,-2.1965E-10,0.024572000000000004,3.5702E-07,-3.2728E-07
0.21000000000000002,0.45,-0.024422000000000003,-2.2117000000000002E-10,0.024442000000000002,3.5632E-07,-3.2729999999999997E-07
0.215,0.45,-0.024290000000000003,-2.2214000000000002E-10,0.024312000000000004,3.5572E-07,-3.2722E-07
0.22,0.45,-0.02417,-2.2566000000000003E-10,0.024188,3.5502E-07,-3.2732E-07
0.225,0.45,-0.024038000000000004,-2.3156000000000003E-10,0.02406,3.5452E-07,-3.2729999999999997E-07
0.23,0.45,-0.023912000000000003,-2.2984000000000003E-10,0.023940000000000003,3.5385999999999997E-07,-3.2715999999999997E-07
0.23500000000000001,0.45,-0.023794000000000003,-2.2836000000000003E-10,0.023808000000000003,3.5322E-07,-3.2715999999999997E-07
0.24000000000000002,0.45,-0.023666000000000003,-2.3237000000000002E-10,0.023682,3.5258E-07,-3.271E-07
0.24500000000000002,0.45,-0.023536,-2.3692E-10,0.02356,3.5202E-07,-3.271E-07
0.25,0.45,-0.023412000000000002,-2.3892000000000004E-10,0.023428,3.5152E-07,-3.2708E-07
0.255,0.45,-0.023282,-2.3947E-10,0.023304000000000002,3.5096E-07,-3.2704E-07
0.26,0.45,-0.023156000000000003,-2.3815E-10,0.023178,3.504E-07,-3.27E-07
0.265,0.45,-0.023030000000000002,-2.39E-10,0.023048000000000003,3.499E-07,-3.2696E-07
0.27,0.45,-0.022900000000000004,-2.4456000000000003E-10,0.022926000000000002,3.493E-07,-3.2692E-07
0.275,0.45,-0.02278,-2.4776000000000003E-10,0.022798000000000002,3.4878E-07,-3.2692E-07
0.28,0.45,-0.022658,-2.4766E-10,0.022674000000000003,3.4824E-07,-3.2692E-07
0.28500000000000003,0.45,-0.022526,-2.4469E-10,0.022554,3.479E-07,-3.2687999999999997E-07
0.29000000000000004,0.45,-0.022406000000000002,-2.4557E-10,0.022428000000000003,3.4734E-07,-3.2687999999999997E-07
0.29500000000000004,0.45,-0.022278000000000003,-2.4977E-10,0.022308,3.469E-07,-3.2682E-07
0.3,0.45,-0.022160000000000003,-2.5392000000000004E-10,0.022180000000000002,3.4638E-07,-3.2678E-07
0.305,0.45,-0.022028000000000002,-2.5431E-10,0.022052000000000002,3.4598E-07,-3.2676E-07
0.31,0.45,-0.021906000000000002,-2.5324E-10,0.021926,3.4552E-07,-3.2668E-07
0.315,0.45,-0.02178,-2.5145E-10,0.021802000000000002,3.4498E-07,-3.2673999999999997E-07
0.32,0.45,-0.021658,-2.5703000000000004E-10,0.021676,3.4454E-07,-3.267E-07
0.325,0.45,-0.021532000000000003,-2.6177E-10,0.021558,3.4414E-07,-3.2659999999999997E-07
0.33,0.45,-0.021408000000000003,-2.5977E-10,0.021434,3.4376E-07,-3.2662E-07
0.335,0.45,-0.021286000000000003,-2.5952E-10,0.021308,3.4335999999999997E-07,-3.267E-07
0.34,0.45,-0.021156,-2.5781E-10,0.021184,3.429E-07,-3.2656E-07
0.34500000000000003,0.45,-0.021032000000000002,-2.5905E-10,0.021052,3.425E-07,-3.2656E-07
0.35000000000000003,0.45,-0.02091,-2.6698000000000004E-10,0.020932000000000003,3.4208E-07,-3.2645999999999997E-07
0.35500000000000004,0.45,-0.020782000000000002,-2.6736E-10,0.020806,3.4172E-07,-3.2645999999999997E-07
0.36000000000000004,0.45,-0.020662000000000003,-2.6263E-10,0.02068,3.4128E-07,-3.2634E-07
0.365,0.45,-0.020534,-2.6177E-10,0.020556,3.4096E-07,-3.2636E-07
0.37,0.45,-0.020416,-2.6397E-10,0.020432000000000002,3.4054E-07,-3.2628E-07
0.375,0.45,-0.020294000000000003,-2.7063000000000003E-10,0.020312,3.4022E-07,-3.2626E-07
0.38,0.45,-0.020172000000000002,-2.7356000000000004E-10,0.020186000000000003,3.3984E-07,-3.2626E-07
0.385,0.45,-0.020042,-2.6963000000000003E-10,0.020064000000000002,3.394E-07,-3.2624E-07
0.39,0.45,-0.019918,-2.6542E-10,0.019944000000000003,3.3918E-07,-3.2616E-07
0.395,0.45,-0.0198,-2.682E-10,0.019816,3.3882E-07,-3.2622E-07
0.4,0.45,-0.019676000000000003,-2.7656E-10,0.019700000000000002,3.3844E-07,-3.2616E-07
0.405,0.45,-0.019546,-2.781E-10,0.019568000000000002,3.3826E-07,-3.2622E-07
0.41000000000000003,0.45,-0.019426000000000002,-2.7261E-10,0.019448,3.3793999999999997E-07,-3.2612E-07
0.41500000000000004,0.45,-0.019302000000000003,-2.7100000000000005E-10,0.019324,3.3762E-07,-3.261E-07
0.42000000000000004,0.45,-0.019180000000000003,-2.7308E-10,0.019204000000000002,3.3732E-07,-3.2606E-07
0.42500000000000004,0.45,-0.019054,-2.8006E-10,0.019078,3.3698E-07,-3.2606E-07
0.43,0.45,-0.018936,-2.8298000000000004E-10,0.018952,3.3674E-07,-3.26E-07
0.435,0.45,-0.0188,-2.7742E-10,0.018830000000000003,3.3644E-07,-3.2596E-07
0.44,0.45,-0.018684000000000003,-2.7275E-10,0.018706,3.3622E-07,-3.2598E-07
0.445,0.45,-0.01856,-2.7866E-10,0.018582,3.3583999999999997E-07,-3.2588E-07
0.45,0.45,-0.018436,-2.8486000000000004E-10,0.018462000000000003,3.356E-07,-3.2586E-07
0.455,0.45,-0.018316000000000002,-2.8665000000000004E-10,0.018334000000000003,3.3534E-07,-3.2589999999999997E-07
0.46,0.45,-0.018194000000000002,-2.8324000000000005E-10,0.018214,3.3504E-07,-3.258E-07
0.465,0.45,-0.018070000000000003,-2.7856E-10,0.018090000000000002,3.3476E-07,-3.258E-07
0.47000000000000003,0.45,-0.017948000000000002,-2.8218E-10,0.017966000000000003,3.3454E-07,-3.2576E-07
0.47500000000000003,0.45,-0.017822,-2.9094000000000003E-10,0.017842,3.3432E-07,-3.2568E-07
0.48000000000000004,0.45,-0.017698000000000002,-2.9388E-10,0.017722,3.3404E-07,-3.2558E-07
0.48500000000000004,0.45,-0.017578,-2.8658E-10,0.017596,3.338E-07,-3.2562E-07
0.49000000000000005,0.45,-0.017454,-2.8307000000000004E-10,0.017474,3.3359999999999997E-07,-3.2562E-07
0.49500000000000005,0.45,-0.017334000000000002,-2.8805E-10,0.017356,3.3336E-07,-3.2562E-07
0.5,0.45,-0.017212,-2.931E-10,0.017230000000000002,3.331E-07,-3.2554E-07
0.505,0.45,-0.017086,-2.9621E-10,0.017108,3.3288E-07,-3.255E-07
0.51,0.45,-0.016960000000000003,-2.9445E-10,0.016982,3.327E-07,-3.2556E-07
0.515,0.45,-0.016834000000000002,-2.8753000000000004E-10,0.016858,3.324E-07,-3.2544E-07
0.52,0.45,-0.016714000000000003,-2.9119E-10,0.016738000000000003,3.3224E-07,-3.2548E-07
0.525,0.45,-0.01659,-3.0075E-10,0.016612000000000002,3.3204E-07,-3.2544E-07
0.53,0.45,-0.016470000000000002,-3.0023E-10,0.01649,3.318E-07,-3.254E-07
0.535,0.45,-0.016344,-2.9696000000000003E-10,0.016370000000000003,3.316E-07,-3.2528E-07
0.54,0.45,-0.016218,-2.9606E-10,0.01624,3.314E-07,-3.253E-07
0.545,0.45,-0.0161,-2.965E-10,0.016116000000000002,3.312E-07,-3.2522E-07
0.55,0.45,-0.015974000000000002,-3.0406000000000003E-10,0.016002000000000002,3.3107999999999997E-07,-3.2518E-07
0.555,0.45,-0.015852,-3.0706E-10,0.015870000000000002,3.3084E-07,-3.2526E-07
0.56,0.45,-0.015724000000000002,-3.0298E-10,0.015746000000000003,3.3062E-07,-3.2518E-07
0.56500000000000006,0.45,-0.015604000000000002,-2.9948000000000003E-10,0.015620000000000002,3.305E-07,-3.2518E-07
0.57000000000000006,0.45,-0.015476000000000002,-3.0493E-10,0.015496000000000001,3.3036E-07,-3.2512E-07
0.57500000000000007,0.45,-0.01535,-3.0933E-10,0.015378000000000001,3.3014E-07,-3.2514E-07
0.58000000000000007,0.45,-0.015228000000000002,-3.0892E-10,0.015246000000000001,3.2995999999999997E-07,-3.2506E-07
0.58500000000000008,0.45,-0.015102,-3.0960000000000005E-10,0.015124000000000002,3.2976E-07,-3.2506E-07
0.59000000000000008,0.45,-0.014982,-3.0635000000000003E-10,0.014998000000000001,3.2967999999999997E-07,-3.2504E-07
0.595,0.45,-0.014858000000000001,-3.0829000000000003E-10,0.014878,3.2956E-07,-3.2504E-07
0.6,0.45,-0.014730000000000002,-3.1559000000000004E-10,0.014748,3.2942E-07,-3.25E-07
0.605,0.45,-0.014606000000000001,-3.1627000000000004E-10,0.014618,3.2922E-07,-3.2496E-07
0.61,0.45,-0.014472,-3.1409000000000005E-10,0.014494000000000002,3.2904E-07,-3.2492E-07
0.615,0.45,-0.014350000000000002,-3.1343E-10,0.01437,3.2888E-07,-3.2494E-07
0.62,0.45,-0.014224,-3.1820000000000005E-10,0.014240000000000001,3.2882E-07,-3.2492E-07
0.625,0.45,-0.014098000000000001,-3.2222E-10,0.014116000000000002,3.2866E-07,-3.2488E-07
0.63,0.45,-0.013966000000000001,-3.2392E-10,0.01399,3.285E-07,-3.2492E-07
0.635,0.45,-0.013840000000000002,-3.2294E-10,0.01386,3.283E-07,-3.2486E-07
0.64,0.45,-0.013710000000000002,-3.2175E-10,0.013730000000000001,3.2818E-07,-3.2484E-07
0.645,0.45,-0.013580000000000002,-3.248E-10,0.013602000000000001,3.2808E-07,-3.2474E-07
0.65,0.45,-0.013450000000000002,-3.304E-10,0.013474000000000002,3.2792E-07,-3.2474E-07
0.655,0.45,-0.013318000000000002,-3.3134E-10,0.013340000000000001,3.2818E-07,-3.2478E-07
0.66,0.45,-0.013192,-3.2879E-10,0.013212000000000002,3.2806E-07,-3.2474E-07
0.665,0.45,-0.013062,-3.2928E-10,0.013084000000000002,3.2785999999999997E-07,-3.2466E-07
0.67,0.45,-0.012926000000000002,-3.3315000000000003E-10,0.012952000000000002,3.2776E-07,-3.2468E-07
0.675,0.45,-0.012794000000000002,-3.3739E-10,0.012818000000000001,3.2771999999999997E-07,-3.247E-07
0.68,0.45,-0.012662000000000001,-3.41E-10,0.01268,3.2757999999999997E-07,-3.246E-07
0.685,0.45,-0.012526,-3.3879000000000003E-10,0.012548000000000002,3.2746E-07,-3.2462E-07
0.69000000000000006,0.45,-0.012390000000000002,-3.3909E-10,0.012408,3.271E-07,-3.2462E-07
0.69500000000000006,0.45,-0.012256000000000001,-3.4236000000000005E-10,0.012270000000000001,3.2696E-07,-3.2466E-07
0.70000000000000007,0.45,-0.012116000000000002,-3.471E-10,0.012130000000000002,3.2682E-07,-3.246E-07
0.70500000000000007,0.45,-0.011972000000000002,-3.5012000000000003E-10,0.011994000000000001,3.267E-07,-3.246E-07
0.71000000000000008,0.45,-0.011832,-3.503E-10,0.011854000000000002,3.2668E-07,-3.2454E-07
0.71500000000000008,0.45,-0.011686,-3.4780000000000003E-10,0.011702,3.265E-07,-3.2448E-07
0.72000000000000008,0.45,-0.011536000000000001,-3.5095E-10,0.011558,3.2652E-07,-3.2452E-07
0.72500000000000009,0.45,-0.01139,-3.5931E-10,0.011412,3.2634E-07,-3.2446E-07
0.73,0.45,-0.011234000000000001,-3.6003000000000005E-10,0.011258,3.2624E-07,-3.2444E-07
0.735,0.45,-0.011082000000000002,-3.5831000000000003E-10,0.011104000000000001,3.2608E-07,-3.2438E-07
0.74,0.45,-0.010926000000000002,-3.594E-10,0.010946000000000001,3.2614E-07,-3.2454E-07
0.745,0.45,-0.010764000000000001,-3.6535000000000004E-10,0.010786,3.2603999999999997E-07,-3.2448E-07
0.75,0.45,-0.010600000000000002,-3.688E-10,0.010624000000000002,3.2598E-07,-3.2436E-07
0.755,0.45,-0.010432,-3.7351000000000004E-10,0.010456000000000002,3.2586E-07,-3.2444E-07
0.76,0.45,-0.010258000000000002,-3.7433000000000004E-10,0.010276,3.2578E-07,-3.2438E-07
0.765,0.45,-0.010074000000000001,-3.7309000000000005E-10,0.010094,3.2574E-07,-3.2438E-07
0.77,0.45,-0.0099138,-3.8246000000000004E-10,0.0099124,3.2558E-07,-3.2436E-07
0.775,0.45,-0.0097192,-3.8485E-10,0.009721,3.2552E-07,-3.2434E-07
0.78,0.45,-0.00952,-3.85E-10,0.009521,3.2546E-07,-3.2426E-07
0.785,0.45,-0.0093132,-3.8688E-10,0.0093116,3.2542E-07,-3.243E-07
0.79,0.45,-0.009095,-3.9229000000000005E-10,0.0090952,3.2538E-07,-3.243E-07
0.795,0.45,-0.0088678,-4.0116000000000004E-10,0.008867,3.2528E-07,-3.2432E-07
0.8,0.45,-0.0086306,-4.0442000000000004E-10,0.00863,3.2526E-07,-3.2434E-07
0.805,0.45,-0.0083818,-4.0138E-10,0.0083806,3.252E-07,-3.2432E-07
0.81,0.45,-0.0081162,-4.0607E-10,0.0081158,3.2504E-07,-3.2426E-07
0.81500000000000006,0.45,-0.007842,-4.1410000000000005E-10,0.0078426,3.2492E-07,-3.2418E-07
0.82000000000000006,0.45,-0.0075498,-4.2003000000000005E-10,0.0075502,3.2502E-07,-3.2424E-07
0.82500000000000007,0.45,-0.007246,-4.2565E-10,0.0072448,3.2492E-07,-3.242E-07
0.83000000000000007,0.45,-0.0069252,-4.2690000000000005E-10,0.0069264,3.2482E-07,-3.2426E-07
0.83500000000000008,0.45,-0.0065822,-4.2659E-10,0.0065818000000000005,3.2472E-07,-3.242E-07
0.84000000000000008,0.45,-0.0062216,-4.3636000000000003E-10,0.006222,3.2466E-07,-3.2414E-07
0.84500000000000008,0.45,-0.0058376,-4.4638E-10,0.0058384000000000005,3.246E-07,-3.2408E-07
0.85000000000000009,0.45,-0.0054394000000000005,-4.4947000000000005E-10,0.005439,3.2454E-07,-3.2412E-07
0.85500000000000009,0.45,-0.0050122000000000005,-4.526E-10,0.0050118,3.2444E-07,-3.24E-07
0.86,0.45,-0.0045668,-4.5451E-10,0.0045668,3.2438E-07,-3.24E-07
0.865,0.45,-0.0040948,-4.6185E-10,0.0040928,3.2434E-07,-3.24E-07
0.87,0.45,-0.0035994,-4.7524E-10,0.0036012,3.2424E-07,-3.2396E-07
0.875,0.45,-0.0030758,-4.8098E-10,0.0030768,3.2418E-07,-3.2394E-07
0.88,0.45,-0.0025344,-4.7994E-10,0.0025364,3.2412E-07,-3.24E-07
0.885,0.45,-0.0019588,-4.8556E-10,0.0019562,3.2408E-07,-3.2392E-07
0.89,0.45,-0.0013618,-4.9372E-10,0.0013638,3.239E-07,-3.239E-07
0.895,0.45,-0.00073272000000000007,-5.0807000000000009E-10,0.00073348,3.239E-07,-3.2398E-07
0.9,0.45,-2.5122E-05,-5.0837000000000008E-10,4.5952E-05,3.2386E-07,-3.24E-07
0,0.6,-0.0056956,3.3647000000000003E-10,0.0056834,4.0334E-07,-3.2486E-07
0.005,0.6,-0.005631,3.1519E-10,0.0056314,4.0185999999999997E-07,-3.2486E-07
0.01,0.6,-0.0055794,3.0619E-10,0.0055786,4.003E-07,-3.2478E-07
0.015000000000000001,0.6,-0.0055268,3.0289000000000003E-10,0.0055312,3.9878E-07,-3.2482E-07
0.02,0.6,-0.0054766,3.002E-10,0.0054786,3.968E-07,-3.2474E-07
0.025,0.6,-0.005429,2.8597000000000005E-10,0.0054282,3.9568E-07,-3.2478E-07
0.030000000000000002,0.6,-0.005378,2.6975E-10,0.0053788,3.9424E-07,-3.247E-07
0.035,0.6,-0.0053306000000000004,2.6077E-10,0.0053298,3.9276E-07,-3.2474E-07
0.04,0.6,-0.0052776,2.5623E-10,0.0052808,3.9139999999999997E-07,-3.2462E-07
0.045000000000000005,0.6,-0.0052306,2.5552E-10,0.0052278,3.9004E-07,-3.2466E-07
0.05,0.6,-0.0051822000000000005,2.4433E-10,0.0051802,3.8856E-07,-3.247E-07
0.055,0.6,-0.0051316,2.2954000000000002E-10,0.0051324000000000005,3.8732E-07,-3.2468E-07
0.060000000000000005,0.6,-0.0050852,2.1602000000000002E-10,0.0050862,3.8602E-07,-3.2464E-07
0.065,0.6,-0.005038,2.1563E-10,0.00504,3.8468E-07,-3.2462E-07
0.07,0.6,-0.004991,2.1392000000000002E-10,0.0049908,3.8352E-07,-3.2464E-07
0.075,0.6,-0.004942,2.0442E-10,0.004943,3.8232E-07,-3.2468E-07
0.08,0.6,-0.0048962,1.9238E-10,0.0048978,3.8107999999999997E-07,-3.2466E-07
0.085,0.6,-0.0048494,1.7945E-10,0.004851,3.7995999999999997E-07,-3.246E-07
0.090000000000000011,0.6,-0.0048046,1.7415000000000001E-10,0.0048058,3.7872E-07,-3.246E-07
0.095,0.6,-0.0047576,1.7563000000000002E-10,0.0047562,3.7757999999999997E-07,-3.245E-07
0.1,0.6,-0.0047134,1.6819000000000002E-10,0.0047134,3.7652E-07,-3.245E-07
0.10500000000000001,0.6,-0.0046664,1.5583000000000002E-10,0.004666,3.7544E-07,-3.2448E-07
0.11,0.6,-0.0046228,1.4558E-10,0.0046234,3.744E-07,-3.2446E-07
0.115,0.6,-0.0045778,1.3994E-10,0.0045768,3.734E-07,-3.2452E-07
0.12000000000000001,0.6,-0.0045332,1.4056E-10,0.004534,3.7236E-07,-3.2452E-07
0.125,0.6,-0.004487,1.3721E-10,0.0044888,3.7136E-07,-3.245E-07
0.13,0.6,-0.004444,1.2371E-10,0.004444,3.7044E-07,-3.2442E-07
0.135,0.6,-0.0043994,1.1337E-10,0.0044018,3.6948E-07,-3.2454E-07
0.14,0.6,-0.0043564,1.083E-10,0.0043564,3.6842E-07,-3.2444E-07
0.14500000000000002,0.6,-0.0043138000000000004,1.0656E-10,0.004315,3.6764E-07,-3.2444E-07
0.15,0.6,-0.0042708,1.0429000000000001E-10,0.0042706,3.6672E-07,-3.2452E-07
0.155,0.6,-0.0042294,9.4230000000000007E-11,0.0042298,3.6588E-07,-3.2442E-07
0.16,0.6,-0.0041866,8.3330000000000011E-11,0.0041854,3.649E-07,-3.2442E-07
0.165,0.6,-0.0041448,8.095E-11,0.0041444,3.6414E-07,-3.2442E-07
0.17,0.6,-0.0041024,7.9580000000000011E-11,0.0041034,3.6319999999999997E-07,-3.2442E-07
0.17500000000000002,0.6,-0.0040606,7.535E-11,0.0040608,3.6218E-07,-3.2438E-07
0.18000000000000002,0.6,-0.0040192,6.667E-11,0.00402,3.6156E-07,-3.2438E-07
0.185,0.6,-0.0039798,5.769E-11,0.0039786,3.6076E-07,-3.2436E-07
0.19,0.6,-0.0039374,5.2450000000000004E-11,0.0039394,3.6E-07,-3.2442E-07
0.195,0.6,-0.0038986,5.3550000000000005E-11,0.0038976,3.5926E-07,-3.244E-07
0.2,0.6,-0.0038564000000000003,5.095E-11,0.0038572,3.5852E-07,-3.244E-07
0.20500000000000002,0.6,-0.0038166000000000003,4.0770000000000005E-11,0.0038176,3.578E-07,-3.2438E-07
0.21000000000000002,0.6,-0.0037772,3.5600000000000005E-11,0.0037772,3.5702E-07,-3.2432E-07
0.215,0.6,-0.0037376,2.8030000000000002E-11,0.0037376,3.5636E-07,-3.2426E-07
0.22,0.6,-0.0036974,2.5360000000000003E-11,0.0036994000000000003,3.5558E-07,-3.2432E-07
0.225,0.6,-0.0036596000000000003,2.8290000000000003E-11,0.0036602,3.5497999999999997E-07,-3.2434E-07
0.23,0.6,-0.0036202,2.041E-11,0.0036208,3.5434E-07,-3.2432E-07
0.23500000000000001,0.6,-0.0035828,1.0700000000000001E-11,0.0035812,3.5364E-07,-3.2432E-07
0.24000000000000002,0.6,-0.0035434,7.95E-12,0.0035444,3.53E-07,-3.2426E-07
0.24500000000000002,0.6,-0.0035052,4.6100000000000008E-12,0.0035054,3.5244E-07,-3.243E-07
0.25,0.6,-0.0034684,4.63E-12,0.0034696,3.5186E-07,-3.2424E-07
0.255,0.6,-0.0034308,7E-13,0.0034314000000000002,3.5116E-07,-3.2424E-07
0.26,0.6,-0.0033938,-8.41E-12,0.003394,3.5049999999999997E-07,-3.2414E-07
0.265,0.6,-0.0033568,-1.067E-11,0.0033566,3.4988E-07,-3.2418E-07
0.27,0.6,-0.0033194,-1.353E-11,0.0033202,3.4932E-07,-3.2416E-07
0.275,0.6,-0.0032846,-1.681E-11,0.0032854,3.4878E-07,-3.2418E-07
0.28,0.6,-0.0032482,-1.979E-11,0.0032486,3.4825999999999997E-07,-3.2412E-07
0.28500000000000003,0.6,-0.0032122,-2.491E-11,0.0032118,3.476E-07,-3.2404E-07
0.29000000000000004,0.6,-0.0031764000000000002,-2.9950000000000004E-11,0.0031776,3.4716E-07,-3.2408E-07
0.29500000000000004,0.6,-0.0031416,-3.151E-11,0.003143,3.4664E-07,-3.2412E-07
0.3,0.6,-0.003107,-3.1150000000000004E-11,0.0031068000000000003,3.4618E-07,-3.2414E-07
0.305,0.6,-0.0030708000000000003,-3.81E-11,0.003072,3.4572E-07,-3.2412E-07
0.31,0.6,-0.0030358,-4.286E-11,0.0030364,3.4522E-07,-3.2412E-07
0.315,0.6,-0.003002,-4.388E-11,0.003003,3.447E-07,-3.2416E-07
0.32,0.6,-0.0029688,-4.599E-11,0.0029684,3.4419999999999997E-07,-3.2404E-07
0.325,0.6,-0.0029346,-4.8490000000000005E-11,0.0029342,3.438E-07,-3.2412E-07
0.33,0.6,-0.0029012,-5.255E-11,0.002902,3.4332E-07,-3.2404E-07
0.335,0.6,-0.0028668,-5.6680000000000005E-11,0.0028668,3.4279999999999997E-07,-3.24E-07
0.34,0.6,-0.0028346,-5.6640000000000004E-11,0.0028346,3.4246E-07,-3.2404E-07
0.34500000000000003,0.6,-0.0028004,-5.983E-11,0.0028004,3.4206E-07,-3.2404E-07
0.35000000000000003,0.6,-0.0027686,-6.267E-11,0.00277,3.4164E-07,-3.2418E-07
0.35500000000000004,0.6,-0.002736,-6.466E-11,0.0027368,3.4116E-07,-3.2408E-07
0.36000000000000004,0.6,-0.002703,-6.9740000000000009E-11,0.0027044,3.4082E-07,-3.2402E-07
0.365,0.6,-0.0026716,-6.8860000000000008E-11,0.0026726000000000002,3.4038E-07,-3.2402E-07
0.37,0.6,-0.0026402,-7.02E-11,0.0026408,3.4E-07,-3.2396E-07
0.375,0.6,-0.0026098000000000002,-7.398E-11,0.0026104,3.3964E-07,-3.2394E-07
0.38,0.6,-0.0025788,-7.6270000000000012E-11,0.0025792000000000002,3.3928E-07,-3.2408E-07
0.385,0.6,-0.0025470000000000002,-8.1630000000000007E-11,0.002549,3.3888E-07,-3.2396E-07
0.39,0.6,-0.002516,-8.266E-11,0.0025166,3.3856E-07,-3.2396E-07
0.395,0.6,-0.0024866000000000003,-7.803E-11,0.0024864,3.382E-07,-3.2402E-07
0.4,0.6,-0.0024558,-8.247E-11,0.0024576,3.3793999999999997E-07,-3.2394E-07
0.405,0.6,-0.0024264,-8.767E-11,0.0024266,3.3754E-07,-3.239E-07
0.41000000000000003,0.6,-0.0023968,-9.017000000000001E-11,0.002396,3.3716E-07,-3.2394E-07
0.41500000000000004,0.6,-0.002367,-9.2150000000000013E-11,0.0023682,3.3692E-07,-3.24E-07
0.42000000000000004,0.6,-0.0023384,-8.8180000000000012E-11,0.0023380000000000002,3.3662E-07,-3.2388E-07
0.42500000000000004,0.6,-0.002309,-8.787E-11,0.0023088,3.363E-07,-3.2394E-07
0.43,0.6,-0.0022798000000000002,-9.7420000000000011E-11,0.0022804,3.3596E-07,-3.2394E-07
0.435,0.6,-0.002251,-1.0020000000000001E-10,0.0022514,3.3564E-07,-3.2386E-07
0.44,0.6,-0.0022228,-9.9240000000000011E-11,0.0022244,3.3536E-07,-3.2392E-07
0.445,0.6,-0.0021942,-9.7510000000000008E-11,0.0021952,3.3508E-07,-3.2388E-07
0.45,0.6,-0.002167,-9.589E-11,0.0021672,3.348E-07,-3.2394E-07
0.455,0.6,-0.0021392,-1.0010000000000001E-10,0.002139,3.3454E-07,-3.239E-07
0.46,0.6,-0.002111,-1.0851000000000001E-10,0.0021124,3.3434E-07,-3.239E-07
0.465,0.6,-0.0020834,-1.091E-10,0.0020846000000000003,3.3401999999999997E-07,-3.2396E-07
0.47000000000000003,0.6,-0.0020566,-1.0374000000000001E-10,0.002058,3.3372E-07,-3.2392E-07
0.47500000000000003,0.6,-0.0020298,-1.0223E-10,0.0020304,3.3345999999999997E-07,-3.239E-07
0.48000000000000004,0.6,-0.0020042000000000003,-1.0448000000000001E-10,0.0020044,3.3324E-07,-3.2386E-07
0.48500000000000004,0.6,-0.0019778,-1.1236000000000001E-10,0.0019786,3.3308E-07,-3.239E-07
0.49000000000000005,0.6,-0.0019514,-1.1567000000000001E-10,0.001952,3.328E-07,-3.2388E-07
0.49500000000000005,0.6,-0.0019256,-1.1133E-10,0.001926,3.3258E-07,-3.239E-07
0.5,0.6,-0.0019002000000000001,-1.0821000000000001E-10,0.0019004,3.3236E-07,-3.2388E-07
0.505,0.6,-0.0018738000000000001,-1.0844E-10,0.0018738000000000001,3.3216E-07,-3.2392E-07
0.51,0.6,-0.0018484,-1.1457000000000001E-10,0.0018496,3.3184E-07,-3.2382E-07
0.515,0.6,-0.0018242,-1.1889000000000002E-10,0.0018242,3.3168E-07,-3.2394E-07
0.52,0.6,-0.0017994,-1.1694E-10,0.0017996,3.314E-07,-3.238E-07
0.525,0.6,-0.0017744,-1.1190000000000001E-10,0.0017748,3.3121999999999997E-07,-3.2386E-07
0.53,0.6,-0.0017498000000000001,-1.1330000000000001E-10,0.0017508,3.3102E-07,-3.2382E-07
0.535,0.6,-0.0017254,-1.1916E-10,0.0017264000000000001,3.3086E-07,-3.238E-07
0.54,0.6,-0.001702,-1.217E-10,0.001702,3.3062E-07,-3.238E-07
0.545,0.6,-0.001678,-1.2181000000000002E-10,0.0016782000000000001,3.3044E-07,-3.2378E-07
0.55,0.6,-0.0016536,-1.1663000000000002E-10,0.001655,3.303E-07,-3.2388E-07
0.555,0.6,-0.0016308,-1.1475E-10,0.0016318,3.3006E-07,-3.2378E-07
0.56,0.6,-0.0016082,-1.2068000000000002E-10,0.0016082,3.2995999999999997E-07,-3.238E-07
0.56500000000000006,0.6,-0.0015852,-1.2680000000000002E-10,0.001586,3.298E-07,-3.2378E-07
0.57000000000000006,0.6,-0.001562,-1.2351000000000002E-10,0.0015626,3.2953999999999997E-07,-3.2378E-07
0.57500000000000007,0.6,-0.0015398,-1.2066E-10,0.0015400000000000001,3.2942E-07,-3.2378E-07
0.58000000000000007,0.6,-0.0015170000000000001,-1.1807E-10,0.001518,3.2925999999999997E-07,-3.238E-07
0.58500000000000008,0.6,-0.0014944000000000001,-1.2369000000000001E-10,0.0014952000000000001,3.2918E-07,-3.2376E-07
0.59000000000000008,0.6,-0.0014724,-1.2851E-10,0.0014734,3.289E-07,-3.2372E-07
0.595,0.6,-0.0014508000000000001,-1.2522E-10,0.001451,3.2882E-07,-3.2378E-07
0.6,0.6,-0.001429,-1.2313000000000002E-10,0.0014302,3.2866E-07,-3.2376E-07
0.605,0.6,-0.0014086,-1.2225000000000002E-10,0.0014094,3.285E-07,-3.238E-07
0.61,0.6,-0.0013868,-1.2604E-10,0.001387,3.2827999999999997E-07,-3.2374E-07
0.615,0.6,-0.0013664,-1.3220000000000002E-10,0.0013666,3.2816E-07,-3.2374E-07
0.62,0.6,-0.001344,-1.2939E-10,0.0013454,3.2804E-07,-3.2368E-07
0.625,0.6,-0.001324,-1.2532E-10,0.001324,3.2788E-07,-3.2372E-07
0.63,0.6,-0.0013034000000000001,-1.2399E-10,0.0013038,3.2771999999999997E-07,-3.2374E-07
0.635,0.6,-0.0012834,-1.275E-10,0.0012834,3.2757999999999997E-07,-3.2372E-07
0.64,0.6,-0.0012626,-1.3205E-10,0.0012634,3.2756E-07,-3.2372E-07
0.645,0.6,-0.001243,-1.336E-10,0.0012436,3.2742E-07,-3.2368E-07
0.65,0.6,-0.0012226000000000001,-1.2858E-10,0.0012232,3.272E-07,-3.2368E-07
0.655,0.6,-0.001203,-1.2519E-10,0.0012042,3.271E-07,-3.2372E-07
0.66,0.6,-0.001183,-1.298E-10,0.001184,3.2708E-07,-3.2372E-07
0.665,0.6,-0.0011646,-1.3614E-10,0.0011652,3.2686E-07,-3.2368E-07
0.67,0.6,-0.0011452,-1.3509000000000002E-10,0.0011454,3.268E-07,-3.2366E-07
0.675,0.6,-0.0011264,-1.3218E-10,0.0011272,3.2664E-07,-3.2366E-07
0.68,0.6,-0.0011078,-1.2907E-10,0.0011082,3.2654E-07,-3.2364E-07
0.685,0.6,-0.0010886000000000001,-1.3034E-10,0.00109,3.265E-07,-3.2366E-07
0.69000000000000006,0.6,-0.0010706000000000001,-1.3857000000000002E-10,0.0010710000000000001,3.2634E-07,-3.2368E-07
0.69500000000000006,0.6,-0.0010524,-1.3844000000000002E-10,0.0010534000000000001,3.2628E-07,-3.2372E-07
0.70000000000000007,0.6,-0.0010338,-1.3387E-10,0.0010348,3.262E-07,-3.2362E-07
0.70500000000000007,0.6,-0.0010162,-1.3222E-10,0.0010170000000000001,3.2614E-07,-3.2368E-07
0.71000000000000008,0.6,-0.00099866,-1.3795E-10,0.00099884,3.2598E-07,-3.2366E-07
0.71500000000000008,0.6,-0.00098108,-1.4240000000000002E-10,0.00098116,3.2594E-07,-3.2366E-07
0.72000000000000008,0.6,-0.0009632000000000001,-1.3716000000000002E-10,0.00096378,3.2582E-07,-3.2369999999999997E-07
0.72500000000000009,0.6,-0.00094574,-1.3481E-10,0.00094592,3.2568E-07,-3.2366E-07
0.73,0.6,-0.00092818,-1.3650000000000002E-10,0.00092876,3.2566E-07,-3.2362E-07
0.735,0.6,-0.00091082,-1.4140000000000002E-10,0.0009112,3.256E-07,-3.2368E-07
0.74,0.6,-0.00089412000000000009,-1.4754000000000002E-10,0.00089414000000000008,3.2552E-07,-3.2368E-07
0.745,0.6,-0.0008775600000000001,-1.4467E-10,0.0008771,3.2544E-07,-3.2368E-07
0.75,0.6,-0.00085954,-1.3759E-10,0.00086006000000000006,3.2534E-07,-3.236E-07
0.755,0.6,-0.00084306000000000008,-1.4014000000000002E-10,0.00084346000000000009,3.2524E-07,-3.2368E-07
0.76,0.6,-0.00082572000000000006,-1.4584E-10,0.00082636,3.2528E-07,-3.2374E-07
0.765,0.6,-0.00080968,-1.4783000000000002E-10,0.0008092,3.252E-07,-3.2369999999999997E-07
0.77,0.6,-0.00079242000000000006,-1.4932E-10,0.00079282000000000007,3.2512E-07,-3.2374E-07
0.775,0.6,-0.00077586000000000007,-1.4282E-10,0.00077638,3.2502E-07,-3.2374E-07
0.78,0.6,-0.00075890000000000007,-1.4298E-10,0.00075928000000000009,3.2498E-07,-3.2372E-07
0.785,0.6,-0.00074170000000000008,-1.5084000000000002E-10,0.0007416800000000001,3.249E-07,-3.2369999999999997E-07
0.79,0.6,-0.0007245,-1.5609E-10,0.00072482,3.2488E-07,-3.2378E-07
0.795,0.6,-0.00070724,-1.5362E-10,0.0007073,3.248E-07,-3.236E-07
0.8,0.6,-0.00068938000000000007,-1.4961000000000001E-10,0.00068978000000000008,3.2466E-07,-3.2355999999999997E-07
0.805,0.6,-0.00067176000000000009,-1.5065000000000002E-10,0.00067172,3.246E-07,-3.2362E-07
0.81,0.6,-0.00065288,-1.5557E-10,0.0006533,3.2452E-07,-3.2358E-07
0.81500000000000006,0.6,-0.00063438,-1.6160000000000002E-10,0.00063476000000000006,3.2454E-07,-3.2364E-07
0.82000000000000006,0.6,-0.00061468,-1.6136000000000003E-10,0.00061472,3.2454E-07,-3.2364E-07
0.82500000000000007,0.6,-0.00059450000000000008,-1.5762000000000002E-10,0.00059504,3.245E-07,-3.2364E-07
0.83000000000000007,0.6,-0.00057378000000000008,-1.5800000000000002E-10,0.00057402000000000006,3.244E-07,-3.2366E-07
0.83500000000000008,0.6,-0.00055152,-1.6481000000000002E-10,0.00055192,3.243E-07,-3.2354E-07
0.84000000000000008,0.6,-0.00052828,-1.7029000000000001E-10,0.0005282,3.2426E-07,-3.2362E-07
0.84500000000000008,0.6,-0.00050274,-1.6986000000000002E-10,0.00050308,3.2418E-07,-3.2355999999999997E-07
0.85000000000000009,0.6,-0.00047606000000000005,-1.6633E-10,0.00047642,3.241E-07,-3.2355999999999997E-07
0.85500000000000009,0.6,-0.00044694000000000005,-1.6860000000000002E-10,0.00044696000000000004,3.2406E-07,-3.236E-07
0.86,0.6,-0.0004157,-1.7339E-10,0.00041576000000000004,3.2398E-07,-3.2358E-07
0.865,0.6,-0.00038104,-1.8054E-10,0.00038128,3.2396E-07,-3.2358E-07
0.87,0.6,-0.00034382,-1.8236E-10,0.00034382,3.2384E-07,-3.2355999999999997E-07
0.875,0.6,-0.00030182,-1.7886000000000002E-10,0.00030176000000000004,3.2378E-07,-3.2355999999999997E-07
0.88,0.6,-0.00025566,-1.8100000000000002E-10,0.00025574,3.2378E-07,-3.2362E-07
0.885,0.6,-0.00020376000000000001,-1.8749000000000002E-10,0.00020412000000000002,3.2372E-07,-3.2358E-07
0.89,0.6,-0.00014688,-1.9259E-10,0.00014688,3.2364E-07,-3.2362E-07
0.895,0.6,-7.9118E-05,-1.9599E-10,7.239E-05,3.2358E-07,-3.236E-07
0.9,0.6,-2.4906000000000002E-05,-1.9220000000000002E-10,1.0572E-05,3.2355999999999997E-07,-3.2364E-07
0,0.75,-0.00029362,8.5424E-10,0.00029346,4.0488E-07,-3.2366E-07
0.005,0.75,-0.00028928,8.422300000000001E-10,0.00028924,4.032E-07,-3.236E-07
0.01,0.75,-0.0002851,8.276100000000001E-10,0.00028512000000000003,4.0164E-07,-3.2355999999999997E-07
0.015000000000000001,0.75,-0.0002812,8.0917000000000011E-10,0.000281,4.0016E-07,-3.2358E-07
0.02,0.75,-0.0002767,7.9247000000000006E-10,0.00027692,3.9844E-07,-3.236E-07
0.025,0.75,-0.00027286000000000004,7.7926000000000006E-10,0.00027304,3.9699999999999997E-07,-3.2355999999999997E-07
0.030000000000000002,0.75,-0.00026880000000000003,7.671400000000001E-10,0.00026914,3.9516E-07,-3.2362E-07
0.035,0.75,-0.00026496,7.5637E-10,0.00026522000000000004,3.9405999999999997E-07,-3.2355999999999997E-07
0.04,0.75,-0.00026108,7.37E-10,0.0002614,3.9264E-07,-3.235E-07
0.045000000000000005,0.75,-0.00025742,7.1808000000000007E-10,0.00025742,3.9116E-07,-3.236E-07
0.05,0.75,-0.00025364,7.0937000000000011E-10,0.00025382000000000003,3.8984E-07,-3.2358E-07
0.055,0.75,-0.0002499,6.9953000000000006E-10,0.00025004000000000004,3.8845999999999997E-07,-3.2358E-07
0.060000000000000005,0.75,-0.00024632,6.8734E-10,0.00024626,3.8718E-07,-3.236E-07
0.065,0.75,-0.00024270000000000002,6.723300000000001E-10,0.00024292,3.8578E-07,-3.2362E-07
0.07,0.75,-0.00023912000000000003,6.5122000000000005E-10,0.00023948,3.8462E-07,-3.2358E-07
0.075,0.75,-0.00023568000000000002,6.4113E-10,0.00023582,3.8334E-07,-3.2355999999999997E-07
0.08,0.75,-0.00023212000000000002,6.3637E-10,0.00023238000000000002,3.8212E-07,-3.2355999999999997E-07
0.085,0.75,-0.00022866000000000002,6.2437000000000009E-10,0.00022906,3.8088E-07,-3.2355999999999997E-07
0.090000000000000011,0.75,-0.00022548000000000002,6.0861E-10,0.00022562000000000003,3.797E-07,-3.2344E-07
0.095,0.75,-0.00022208000000000002,5.9031E-10,0.00022242,3.7862E-07,-3.2354E-07
0.1,0.75,-0.0002188,5.7602E-10,0.00021912,3.7743999999999997E-07,-3.2354E-07
0.10500000000000001,0.75,-0.0002155,5.7204E-10,0.00021576,3.7626E-07,-3.235E-07
0.11,0.75,-0.00021248000000000003,5.6455000000000008E-10,0.00021262,3.7524E-07,-3.2354E-07
0.115,0.75,-0.00020928,5.4971000000000006E-10,0.00020952,3.7407999999999997E-07,-3.2348E-07
0.12000000000000001,0.75,-0.00020616000000000002,5.3068000000000007E-10,0.00020634,3.7294E-07,-3.235E-07
0.125,0.75,-0.0002031,5.1698E-10,0.00020336,3.72E-07,-3.2352E-07
0.13,0.75,-0.00020006,5.1028E-10,0.00020024000000000002,3.7106E-07,-3.2358E-07
0.135,0.75,-0.00019696,5.0821E-10,0.00019728,3.7002E-07,-3.2352E-07
0.14,0.75,-0.0001941,4.9469000000000008E-10,0.00019428000000000002,3.6902E-07,-3.235E-07
0.14500000000000002,0.75,-0.00019130000000000002,4.7319E-10,0.00019136,3.6808E-07,-3.235E-07
0.15,0.75,-0.00018842000000000002,4.6236000000000005E-10,0.00018852000000000002,3.6714E-07,-3.2355999999999997E-07
0.155,0.75,-0.00018542000000000002,4.5835E-10,0.00018570000000000001,3.6627999999999997E-07,-3.2354E-07
0.16,0.75,-0.00018268,4.5339E-10,0.00018298,3.6534E-07,-3.2354E-07
0.165,0.75,-0.00017996,4.4492000000000005E-10,0.00018020000000000002,3.6445999999999997E-07,-3.2348E-07
0.17,0.75,-0.00017726000000000002,4.2434000000000006E-10,0.00017738,3.6368E-07,-3.2355999999999997E-07
0.17500000000000002,0.75,-0.00017464000000000002,4.0892E-10,0.00017478,3.6274E-07,-3.2344E-07
0.18000000000000002,0.75,-0.0001719,4.059E-10,0.00017214000000000002,3.6196E-07,-3.235E-07
0.185,0.75,-0.00016928,4.0356000000000005E-10,0.0001695,3.61E-07,-3.235E-07
0.19,0.75,-0.00016676,3.9564000000000004E-10,0.00016700000000000002,3.6032E-07,-3.235E-07
0.195,0.75,-0.00016418000000000002,3.8000000000000003E-10,0.0001644,3.5954E-07,-3.2352E-07
0.2,0.75,-0.00016174,3.6258E-10,0.0001619,3.588E-07,-3.2348E-07
0.20500000000000002,0.75,-0.00015924,3.5553E-10,0.00015938,3.5798E-07,-3.235E-07
0.21000000000000002,0.75,-0.00015678,3.5578000000000004E-10,0.00015702,3.5734E-07,-3.235E-07
0.215,0.75,-0.00015436,3.5082000000000004E-10,0.00015454000000000002,3.566E-07,-3.2354E-07
0.22,0.75,-0.000152,3.3756E-10,0.00015222,3.558E-07,-3.235E-07
0.225,0.75,-0.00014966,3.2062000000000003E-10,0.00014992,3.5511999999999997E-07,-3.2352E-07
0.23,0.75,-0.0001473,3.1053E-10,0.00014756,3.5448E-07,-3.235E-07
0.23500000000000001,0.75,-0.00014512000000000002,3.1091E-10,0.00014522000000000002,3.5382E-07,-3.235E-07
0.24000000000000002,0.75,-0.0001428,3.0940000000000004E-10,0.00014296,3.5315999999999997E-07,-3.235E-07
0.24500000000000002,0.75,-0.0001406,2.9883000000000004E-10,0.00014088000000000002,3.5254E-07,-3.2352E-07
0.25,0.75,-0.0001384,2.8140000000000003E-10,0.00013858000000000002,3.5186E-07,-3.2344E-07
0.255,0.75,-0.00013634,2.7277000000000003E-10,0.00013648000000000002,3.5132E-07,-3.2354E-07
0.26,0.75,-0.00013408000000000002,2.6974000000000004E-10,0.00013440000000000001,3.5062E-07,-3.2354E-07
0.265,0.75,-0.00013198000000000002,2.7122E-10,0.00013218,3.5006E-07,-3.2354E-07
0.27,0.75,-0.0001299,2.6215E-10,0.00013018,3.4948E-07,-3.2362E-07
0.275,0.75,-0.00012796000000000002,2.4628E-10,0.00012822000000000002,3.4886E-07,-3.2348E-07
0.28,0.75,-0.00012596000000000002,2.3738E-10,0.00012618000000000002,3.4836E-07,-3.2354E-07
0.28500000000000003,0.75,-0.00012396,2.3372E-10,0.00012414000000000001,3.4782E-07,-3.2354E-07
0.29000000000000004,0.75,-0.00012196,2.3394E-10,0.00012234,3.4726E-07,-3.235E-07
0.29500000000000004,0.75,-0.0001201,2.3086000000000002E-10,0.00012034,3.4664E-07,-3.2346E-07
0.3,0.75,-0.00011818000000000001,2.1514000000000002E-10,0.00011846,3.4614E-07,-3.2346E-07
0.305,0.75,-0.00011628,2.0318000000000002E-10,0.00011648000000000001,3.4562E-07,-3.2352E-07
0.31,0.75,-0.00011446000000000001,2.0057E-10,0.00011476,3.4512E-07,-3.2346E-07
0.315,0.75,-0.00011256,2.0241000000000003E-10,0.00011284000000000001,3.447E-07,-3.2355999999999997E-07
0.32,0.75,-0.00011088000000000001,1.9779000000000002E-10,0.00011106000000000001,3.4412E-07,-3.2354E-07
0.325,0.75,-0.00010910000000000001,1.8636000000000002E-10,0.00010926000000000001,3.4366E-07,-3.2341999999999997E-07
0.33,0.75,-0.00010732000000000001,1.7390000000000002E-10,0.00010752,3.4326E-07,-3.235E-07
0.335,0.75,-0.0001056,1.7140000000000002E-10,0.00010590000000000001,3.4276E-07,-3.2348E-07
0.34,0.75,-0.0001039,1.7388000000000002E-10,0.00010416,3.4232E-07,-3.2346E-07
0.34500000000000003,0.75,-0.0001022,1.7135E-10,0.00010242000000000001,3.4186E-07,-3.235E-07
0.35000000000000003,0.75,-0.00010056000000000001,1.587E-10,0.00010086,3.4156E-07,-3.2354E-07
0.35500000000000004,0.75,-9.9266000000000008E-05,1.4588000000000002E-10,9.9162E-05,3.4098E-07,-3.2338E-07
0.36000000000000004,0.75,-9.7612E-05,1.4935E-10,9.7628000000000008E-05,3.4064E-07,-3.2341999999999997E-07
0.365,0.75,-9.6002000000000007E-05,1.5022E-10,9.6014E-05,3.4022E-07,-3.234E-07
0.37,0.75,-9.4478E-05,1.4168000000000002E-10,9.4478E-05,3.3992E-07,-3.2344E-07
0.375,0.75,-9.293E-05,1.2988000000000002E-10,9.2900000000000008E-05,3.3952E-07,-3.2346E-07
0.38,0.75,-9.1428E-05,1.2208E-10,9.139E-05,3.3905999999999997E-07,-3.2344E-07
0.385,0.75,-8.9902000000000008E-05,1.2275000000000002E-10,8.99E-05,3.3874E-07,-3.235E-07
0.39,0.75,-8.848E-05,1.2471E-10,8.8450000000000009E-05,3.384E-07,-3.2348E-07
0.395,0.75,-8.7036E-05,1.189E-10,8.6976E-05,3.3798E-07,-3.2346E-07
0.4,0.75,-8.559E-05,1.0861000000000001E-10,8.5588000000000008E-05,3.3779999999999997E-07,-3.2348E-07
0.405,0.75,-8.4112E-05,1.0064000000000001E-10,8.4104E-05,3.3742E-07,-3.2352E-07
0.41000000000000003,0.75,-8.2792E-05,9.9180000000000013E-11,8.2768E-05,3.3714E-07,-3.2352E-07
0.41500000000000004,0.75,-8.14E-05,1.0188000000000001E-10,8.1368E-05,3.368E-07,-3.2352E-07
0.42000000000000004,0.75,-8.0048E-05,1.0139000000000001E-10,8.0006E-05,3.3642E-07,-3.2352E-07
0.42500000000000004,0.75,-7.872200000000001E-05,8.9340000000000012E-11,7.8684000000000008E-05,3.3614E-07,-3.235E-07
0.43,0.75,-7.7432E-05,7.852E-11,7.7382E-05,3.3578E-07,-3.2352E-07
0.435,0.75,-7.6084E-05,7.885E-11,7.609E-05,3.355E-07,-3.2354E-07
0.44,0.75,-7.4816E-05,8.119E-11,7.4826E-05,3.352E-07,-3.2348E-07
0.445,0.75,-7.3598000000000009E-05,8.277E-11,7.3554000000000008E-05,3.3496E-07,-3.235E-07
0.45,0.75,-7.2296E-05,7.425E-11,7.2326E-05,3.347E-07,-3.235E-07
0.455,0.75,-7.1128E-05,6.164E-11,7.1078E-05,3.344E-07,-3.2354E-07
0.46,0.75,-6.9912E-05,5.9480000000000011E-11,6.9892E-05,3.3406E-07,-3.2355999999999997E-07
0.465,0.75,-6.8728E-05,6.2960000000000008E-11,6.8728E-05,3.3386E-07,-3.2354E-07
0.47000000000000003,0.75,-6.7586E-05,6.337000000000001E-11,6.753E-05,3.3354E-07,-3.235E-07
0.47500000000000003,0.75,-6.6432E-05,5.994E-11,6.6406E-05,3.3336E-07,-3.2352E-07
0.48000000000000004,0.75,-6.5292E-05,4.847E-11,6.531E-05,3.3312E-07,-3.2354E-07
0.48500000000000004,0.75,-6.4138E-05,4.3690000000000006E-11,6.412E-05,3.3282E-07,-3.2346E-07
0.49000000000000005,0.75,-6.3062E-05,4.6750000000000007E-11,6.3084000000000008E-05,3.3264E-07,-3.2348E-07
0.49500000000000005,0.75,-6.1974E-05,4.8420000000000006E-11,6.1974E-05,3.3233999999999997E-07,-3.2348E-07
0.5,0.75,-6.0902E-05,4.6150000000000003E-11,6.0868E-05,3.3208E-07,-3.2354E-07
0.505,0.75,-5.9818E-05,3.568E-11,5.9832E-05,3.3196E-07,-3.2352E-07
0.51,0.75,-5.8814E-05,2.8420000000000004E-11,5.8794E-05,3.317E-07,-3.235E-07
0.515,0.75,-5.7810000000000004E-05,3.271E-11,5.7784E-05,3.3156E-07,-3.2354E-07
0.52,0.75,-5.6788E-05,3.634E-11,5.6784000000000004E-05,3.3128E-07,-3.2354E-07
0.525,0.75,-5.5816E-05,3.2570000000000004E-11,5.5788E-05,3.311E-07,-3.235E-07
0.53,0.75,-5.4794000000000004E-05,2.6010000000000002E-11,5.4834000000000004E-05,3.3092E-07,-3.235E-07
0.535,0.75,-5.382E-05,1.7600000000000003E-11,5.3866E-05,3.3062E-07,-3.2348E-07
0.54,0.75,-5.2898E-05,1.9130000000000003E-11,5.2884000000000004E-05,3.3044E-07,-3.235E-07
0.545,0.75,-5.1960000000000004E-05,2.4960000000000004E-11,5.195E-05,3.3032E-07,-3.2348E-07
0.55,0.75,-5.1044E-05,2.291E-11,5.1054E-05,3.3006E-07,-3.235E-07
0.555,0.75,-5.0154E-05,1.546E-11,5.0156E-05,3.299E-07,-3.2354E-07
0.56,0.75,-4.9222000000000004E-05,8.94E-12,4.9236E-05,3.2972E-07,-3.2344E-07
0.56500000000000006,0.75,-4.8398E-05,8.1800000000000011E-12,4.8374E-05,3.2953999999999997E-07,-3.235E-07
0.57000000000000006,0.75,-4.7522000000000003E-05,1.32E-11,4.7488000000000003E-05,3.2939999999999997E-07,-3.2346E-07
0.57500000000000007,0.75,-4.6638E-05,1.48E-11,4.6658E-05,3.292E-07,-3.2352E-07
0.58000000000000007,0.75,-4.576E-05,8.16E-12,4.5796E-05,3.2911999999999997E-07,-3.2354E-07
0.58500000000000008,0.75,-4.496E-05,3.0100000000000003E-12,4.498E-05,3.2894E-07,-3.2354E-07
0.59000000000000008,0.75,-4.4158E-05,5.8000000000000005E-13,4.4132000000000004E-05,3.2872E-07,-3.2348E-07
0.595,0.75,-4.3342E-05,3.48E-12,4.3376E-05,3.2854E-07,-3.2348E-07
0.6,0.75,-4.257E-05,6.4300000000000007E-12,4.2544000000000005E-05,3.2846E-07,-3.235E-07
0.605,0.75,-4.177E-05,1.6800000000000001E-12,4.1786E-05,3.2824E-07,-3.2348E-07
0.61,0.75,-4.0998E-05,-5.1000000000000005E-12,4.0994E-05,3.2812E-07,-3.2354E-07
0.615,0.75,-4.0254000000000005E-05,-5.03E-12,4.025E-05,3.2806E-07,-3.235E-07
0.62,0.75,-3.9494E-05,-3.4400000000000003E-12,3.9496E-05,3.2796E-07,-3.2354E-07
0.625,0.75,-3.8748E-05,-6.5000000000000006E-13,3.8772E-05,3.2771999999999997E-07,-3.2346E-07
0.63,0.75,-3.8038000000000004E-05,-2.5800000000000003E-12,3.802E-05,3.2757999999999997E-07,-3.2354E-07
0.635,0.75,-3.7302E-05,-9.43E-12,3.7314E-05,3.2752E-07,-3.235E-07
0.64,0.75,-3.6602E-05,-1.0950000000000002E-11,3.6622E-05,3.2734E-07,-3.235E-07
0.645,0.75,-3.593E-05,-7.51E-12,3.5954E-05,3.2722E-07,-3.235E-07
0.65,0.75,-3.5234E-05,-5.95E-12,3.5236E-05,3.2712E-07,-3.2348E-07
0.655,0.75,-3.4578E-05,-8.1900000000000013E-12,3.4568E-05,3.2694E-07,-3.2354E-07
0.66,0.75,-3.3916E-05,-1.2050000000000001E-11,3.3922E-05,3.2682E-07,-3.2354E-07
0.665,0.75,-3.3278E-05,-1.56E-11,3.3272E-05,3.2666E-07,-3.2344E-07
0.67,0.75,-3.2628E-05,-1.0720000000000001E-11,3.2636000000000004E-05,3.2658E-07,-3.2344E-07
0.675,0.75,-3.197E-05,-8.06E-12,3.1984000000000004E-05,3.2645999999999997E-07,-3.2341999999999997E-07
0.68,0.75,-3.1358E-05,-1.391E-11,3.136E-05,3.2631999999999997E-07,-3.2341999999999997E-07
0.685,0.75,-3.0756E-05,-1.8270000000000002E-11,3.0756E-05,3.2631999999999997E-07,-3.2336E-07
0.69000000000000006,0.75,-3.0142E-05,-1.684E-11,3.0136E-05,3.2616E-07,-3.2341999999999997E-07
0.69500000000000006,0.75,-2.9552E-05,-1.4480000000000001E-11,2.9542E-05,3.2614E-07,-3.2346E-07
0.70000000000000007,0.75,-2.8972E-05,-1.0940000000000001E-11,2.8972E-05,3.26E-07,-3.2348E-07
0.70500000000000007,0.75,-2.8392000000000002E-05,-1.4250000000000001E-11,2.8400000000000003E-05,3.2598E-07,-3.2348E-07
0.71000000000000008,0.75,-2.7814000000000002E-05,-2.232E-11,2.7804E-05,3.2586E-07,-3.2352E-07
0.71500000000000008,0.75,-2.7232E-05,-2.0800000000000002E-11,2.7246E-05,3.2576E-07,-3.2348E-07
0.72000000000000008,0.75,-2.6696E-05,-1.6850000000000002E-11,2.6714000000000002E-05,3.2566E-07,-3.2352E-07
0.72500000000000009,0.75,-2.6144000000000002E-05,-1.3590000000000002E-11,2.6152E-05,3.2564E-07,-3.2348E-07
0.73,0.75,-2.5626E-05,-1.529E-11,2.5606000000000002E-05,3.2556E-07,-3.2354E-07
0.735,0.75,-2.5072E-05,-2.3570000000000002E-11,2.5070000000000002E-05,3.2538E-07,-3.2346E-07
0.74,0.75,-2.4562E-05,-2.4990000000000002E-11,2.4566E-05,3.2536E-07,-3.2344E-07
0.745,0.75,-2.4030000000000002E-05,-1.939E-11,2.4030000000000002E-05,3.2528E-07,-3.2348E-07
0.75,0.75,-2.3518E-05,-1.391E-11,2.3522E-05,3.2522E-07,-3.235E-07
0.755,0.75,-2.3014E-05,-1.9950000000000003E-11,2.3004000000000002E-05,3.252E-07,-3.2354E-07
0.76,0.75,-2.2504E-05,-2.4210000000000003E-11,2.2516E-05,3.2514E-07,-3.2352E-07
0.765,0.75,-2.2016E-05,-2.6740000000000003E-11,2.202E-05,3.2502E-07,-3.2358E-07
0.77,0.75,-2.1508E-05,-2.2260000000000002E-11,2.1514E-05,3.25E-07,-3.2352E-07
0.775,0.75,-2.1026E-05,-1.478E-11,2.1026E-05,3.2486E-07,-3.2352E-07
0.78,0.75,-2.053E-05,-1.7560000000000002E-11,2.053E-05,3.2484E-07,-3.2355999999999997E-07
0.785,0.75,-2.004E-05,-2.717E-11,2.0044E-05,3.248E-07,-3.2355999999999997E-07
0.79,0.75,-1.9552000000000002E-05,-3.0540000000000005E-11,1.9568E-05,3.2466E-07,-3.235E-07
0.795,0.75,-1.9072E-05,-2.52E-11,1.9084000000000002E-05,3.2466E-07,-3.235E-07
0.8,0.75,-1.858E-05,-1.591E-11,1.8588000000000002E-05,3.2456E-07,-3.235E-07
0.805,0.75,-1.8092000000000002E-05,-1.6470000000000002E-11,1.8098000000000002E-05,3.2454E-07,-3.2348E-07
0.81,0.75,-1.758E-05,-2.8160000000000003E-11,1.7574E-05,3.2446E-07,-3.2341999999999997E-07
0.81500000000000006,0.75,-1.7074E-05,-3.219E-11,1.708E-05,3.2436E-07,-3.2344E-07
0.82000000000000006,0.75,-1.6544E-05,-2.8610000000000002E-11,1.6554E-05,3.243E-07,-3.234E-07
0.82500000000000007,0.75,-1.6006000000000002E-05,-2.063E-11,1.6014E-05,3.2428E-07,-3.2344E-07
0.83000000000000007,0.75,-1.5448000000000002E-05,-1.754E-11,1.5458E-05,3.2426E-07,-3.2352E-07
0.83500000000000008,0.75,-1.4856E-05,-2.693E-11,1.4862000000000001E-05,3.2428E-07,-3.2355999999999997E-07
0.84000000000000008,0.75,-1.4238E-05,-3.358E-11,1.4242E-05,3.2414E-07,-3.2354E-07
0.84500000000000008,0.75,-1.3584E-05,-3.324E-11,1.36E-05,3.2402E-07,-3.2348E-07
0.85000000000000009,0.75,-1.2898000000000001E-05,-2.7470000000000003E-11,1.2906E-05,3.2402E-07,-3.235E-07
0.85500000000000009,0.75,-1.2146E-05,-2.156E-11,1.2142E-05,3.2392E-07,-3.2352E-07
0.86,0.75,-1.1326E-05,-2.5030000000000003E-11,1.1328E-05,3.2396E-07,-3.2352E-07
0.865,0.75,-1.0428E-05,-3.529E-11,1.0428E-05,3.239E-07,-3.235E-07
0.87,0.75,-9.4406E-06,-3.5410000000000004E-11,9.4421E-06,3.239E-07,-3.2348E-07
0.875,0.75,-8.3254000000000016E-06,-2.8010000000000002E-11,8.3321000000000011E-06,3.2368E-07,-3.2341999999999997E-07
0.88,0.75,-7.1150000000000005E-06,-2.682E-11,7.1086000000000009E-06,3.236E-07,-3.2338E-07
0.885,0.75,-5.7079000000000009E-06,-3.6250000000000004E-11,5.7092E-06,3.235E-07,-3.234E-07
0.89,0.75,-4.1444000000000005E-06,-4.115E-11,4.1511000000000008E-06,3.2348E-07,-3.234E-07
0.895,0.75,-2.3394000000000004E-06,-3.515E-11,2.3389E-06,3.2341999999999997E-07,-3.2344E-07
0.9,0.75,-2.5721999999999997E-07,-3.321E-11,2.5766E-07,3.2341999999999997E-07,-3.2344E-07
0,0.9,-9.8524E-06,1.5037E-09,9.7716000000000014E-06,4.0674E-07,-3.2332E-07
0.005,0.9,-9.6912000000000013E-06,1.4719E-09,9.6121E-06,4.0502E-07,-3.2341999999999997E-07
0.01,0.9,-9.5408E-06,1.455E-09,9.4626000000000015E-06,4.0339999999999997E-07,-3.2338E-07
0.015000000000000001,0.9,-9.3877000000000016E-06,1.4385E-09,9.3124E-06,4.0154E-07,-3.233E-07
0.02,0.9,-9.2379E-06,1.4153E-09,9.1597000000000014E-06,4.0014E-07,-3.2338E-07
0.025,0.9,-9.0876000000000009E-06,1.3919E-09,9.0154E-06,3.9862E-07,-3.2336E-07
0.030000000000000002,0.9,-8.9412000000000017E-06,1.3653E-09,8.8662000000000016E-06,3.9706E-07,-3.2336E-07
0.035,0.9,-8.8039E-06,1.3472E-09,8.7283E-06,3.9559999999999997E-07,-3.234E-07
0.04,0.9,-8.6599000000000016E-06,1.3321E-09,8.5877E-06,3.9405999999999997E-07,-3.2338E-07
0.045000000000000005,0.9,-8.5170000000000016E-06,1.3098E-09,8.4505000000000015E-06,3.9258E-07,-3.2336E-07
0.05,0.9,-8.3821E-06,1.284E-09,8.3146000000000017E-06,3.9122E-07,-3.2338E-07
0.055,0.9,-8.2491E-06,1.2616E-09,8.1818E-06,3.8982E-07,-3.2341999999999997E-07
0.060000000000000005,0.9,-8.1174000000000013E-06,1.2513E-09,8.0534000000000015E-06,3.8838E-07,-3.2336E-07
0.065,0.9,-7.984E-06,1.2346E-09,7.9236000000000015E-06,3.8712E-07,-3.2332E-07
0.07,0.9,-7.8562000000000011E-06,1.2097E-09,7.7957E-06,3.8576E-07,-3.2332E-07
0.075,0.9,-7.7319000000000013E-06,1.183E-09,7.6717000000000014E-06,3.8446E-07,-3.2336E-07
0.08,0.9,-7.6138000000000007E-06,1.1678E-09,7.550600000000001E-06,3.8316E-07,-3.2332E-07
0.085,0.9,-7.4877000000000012E-06,1.1555E-09,7.428500000000001E-06,3.8184E-07,-3.2334E-07
0.090000000000000011,0.9,-7.3668E-06,1.138E-09,7.3091000000000009E-06,3.8074E-07,-3.2338E-07
0.095,0.9,-7.2459E-06,1.1128E-09,7.1920000000000008E-06,3.7953999999999997E-07,-3.234E-07
0.1,0.9,-7.133000000000001E-06,1.0916E-09,7.076600000000001E-06,3.7834E-07,-3.234E-07
0.10500000000000001,0.9,-7.0186000000000009E-06,1.0811E-09,6.9621000000000006E-06,3.7715999999999997E-07,-3.2336E-07
0.11,0.9,-6.9010000000000005E-06,1.067E-09,6.8525000000000009E-06,3.761E-07,-3.2341999999999997E-07
0.115,0.9,-6.7933000000000007E-06,1.0447E-09,6.7393000000000008E-06,3.7502E-07,-3.2348E-07
0.12000000000000001,0.9,-6.6833000000000009E-06,1.0224E-09,6.628500000000001E-06,3.7393999999999997E-07,-3.2346E-07
0.125,0.9,-6.5754000000000006E-06,1.0053E-09,6.5244000000000006E-06,3.7281999999999997E-07,-3.2346E-07
0.13,0.9,-6.4664000000000005E-06,9.987E-10,6.4144000000000008E-06,3.7188E-07,-3.2344E-07
0.135,0.9,-6.3634000000000008E-06,9.7266E-10,6.3177000000000005E-06,3.707E-07,-3.2344E-07
0.14,0.9,-6.2585E-06,9.5735E-10,6.2137E-06,3.6977999999999997E-07,-3.2341999999999997E-07
0.14500000000000002,0.9,-6.1561E-06,9.439100000000001E-10,6.1154000000000008E-06,3.6876E-07,-3.2344E-07
0.15,0.9,-6.0572E-06,9.3220000000000015E-10,6.0157000000000007E-06,3.6788E-07,-3.2341999999999997E-07
0.155,0.9,-5.9584E-06,9.1436E-10,5.9155E-06,3.668E-07,-3.2338E-07
0.16,0.9,-5.8601000000000009E-06,8.893700000000001E-10,5.8201E-06,3.6596E-07,-3.234E-07
0.165,0.9,-5.7688000000000006E-06,8.7677000000000006E-10,5.7306000000000007E-06,3.6506E-07,-3.2344E-07
0.17,0.9,-5.6739000000000009E-06,8.6667000000000007E-10,5.6403000000000009E-06,3.6422E-07,-3.2344E-07
0.17500000000000002,0.9,-5.582400000000001E-06,8.540300000000001E-10,5.5466E-06,3.6338E-07,-3.234E-07
0.18000000000000002,0.9,-5.4930000000000006E-06,8.359500000000001E-10,5.4565E-06,3.6256E-07,-3.2336E-07
0.185,0.9,-5.4036E-06,8.1547000000000008E-10,5.368000000000001E-06,3.6168E-07,-3.2346E-07
0.19,0.9,-5.3166000000000009E-06,8.0113000000000011E-10,5.2805000000000005E-06,3.6084E-07,-3.2344E-07
0.195,0.9,-5.2299000000000005E-06,7.923E-10,5.1941000000000008E-06,3.5996E-07,-3.2341999999999997E-07
0.2,0.9,-5.1486E-06,7.8269E-10,5.1130000000000009E-06,3.5932E-07,-3.2341999999999997E-07
0.20500000000000002,0.9,-5.0597000000000009E-06,7.613E-10,5.0283000000000006E-06,3.5852E-07,-3.2341999999999997E-07
0.21000000000000002,0.9,-4.9813000000000009E-06,7.4293E-10,4.9446000000000009E-06,3.5772E-07,-3.2341999999999997E-07
0.215,0.9,-4.8965000000000005E-06,7.308600000000001E-10,4.8644E-06,3.5706E-07,-3.2341999999999997E-07
0.22,0.9,-4.8163000000000008E-06,7.2177000000000008E-10,4.7857000000000006E-06,3.5638E-07,-3.2348E-07
0.225,0.9,-4.7371000000000008E-06,7.103E-10,4.7122E-06,3.5556E-07,-3.2338E-07
0.23,0.9,-4.6613000000000006E-06,6.9344E-10,4.6313000000000009E-06,3.5488E-07,-3.2336E-07
0.23500000000000001,0.9,-4.5845000000000007E-06,6.7548E-10,4.5544000000000008E-06,3.5412E-07,-3.2332E-07
0.24000000000000002,0.9,-4.509E-06,6.635800000000001E-10,4.4808E-06,3.5348E-07,-3.2338E-07
0.24500000000000002,0.9,-4.4355E-06,6.590000000000001E-10,4.4076000000000008E-06,3.5287999999999997E-07,-3.2341999999999997E-07
0.25,0.9,-4.3611000000000005E-06,6.466E-10,4.3351E-06,3.5217999999999997E-07,-3.2341999999999997E-07
0.255,0.9,-4.2915E-06,6.2432000000000007E-10,4.2645E-06,3.5158E-07,-3.2338E-07
0.26,0.9,-4.2228000000000005E-06,6.1143E-10,4.1944E-06,3.5096E-07,-3.234E-07
0.265,0.9,-4.1497E-06,6.0293E-10,4.1261E-06,3.504E-07,-3.2336E-07
0.27,0.9,-4.0824E-06,5.9635E-10,4.0563000000000004E-06,3.4979999999999997E-07,-3.2336E-07
0.275,0.9,-4.0142000000000005E-06,5.8364000000000006E-10,3.9924E-06,3.4926E-07,-3.2344E-07
0.28,0.9,-3.9479000000000008E-06,5.6389E-10,3.9248E-06,3.4853999999999997E-07,-3.2336E-07
0.28500000000000003,0.9,-3.8837000000000006E-06,5.5234000000000008E-10,3.8596E-06,3.4806E-07,-3.2336E-07
0.29000000000000004,0.9,-3.8173000000000007E-06,5.4502E-10,3.7937E-06,3.4746E-07,-3.2341999999999997E-07
0.29500000000000004,0.9,-3.7565000000000004E-06,5.3764E-10,3.7334000000000005E-06,3.4685999999999997E-07,-3.2336E-07
0.3,0.9,-3.6934000000000005E-06,5.2708E-10,3.6730000000000002E-06,3.4642E-07,-3.2341999999999997E-07
0.305,0.9,-3.6324000000000006E-06,5.0544000000000007E-10,3.6099000000000004E-06,3.459E-07,-3.234E-07
0.31,0.9,-3.5714000000000002E-06,4.9493000000000007E-10,3.5502000000000003E-06,3.4534E-07,-3.2334E-07
0.315,0.9,-3.5133000000000003E-06,4.9237E-10,3.4939000000000005E-06,3.4484E-07,-3.234E-07
0.32,0.9,-3.458E-06,4.8398E-10,3.4351000000000004E-06,3.4438E-07,-3.2334E-07
0.325,0.9,-3.3944000000000005E-06,4.6940000000000005E-10,3.3796000000000002E-06,3.4384E-07,-3.2338E-07
0.33,0.9,-3.3404000000000002E-06,4.5405000000000005E-10,3.3219000000000003E-06,3.4342E-07,-3.2334E-07
0.335,0.9,-3.2849000000000005E-06,4.4436000000000006E-10,3.2679000000000005E-06,3.4293999999999997E-07,-3.2332E-07
0.34,0.9,-3.2288000000000003E-06,4.4132000000000003E-10,3.2114000000000003E-06,3.425E-07,-3.2336E-07
0.34500000000000003,0.9,-3.1727E-06,4.3655000000000006E-10,3.1566000000000004E-06,3.4206E-07,-3.2338E-07
0.35000000000000003,0.9,-3.1182000000000005E-06,4.1805E-10,3.1047E-06,3.4164E-07,-3.2336E-07
0.35500000000000004,0.9,-3.0678000000000005E-06,4.0364E-10,3.0509000000000003E-06,3.4114E-07,-3.2334E-07
0.36000000000000004,0.9,-3.0142000000000003E-06,3.9824E-10,3.0031E-06,3.4084E-07,-3.2334E-07
0.365,0.9,-2.9642000000000004E-06,3.9658000000000004E-10,2.9486000000000004E-06,3.4046E-07,-3.2341999999999997E-07
0.37,0.9,-2.9133E-06,3.8859000000000005E-10,2.9006000000000002E-06,3.3996E-07,-3.2338E-07
0.375,0.9,-2.8663000000000004E-06,3.7067E-10,2.8500000000000002E-06,3.3952E-07,-3.2338E-07
0.38,0.9,-2.815E-06,3.5844E-10,2.8032E-06,3.3918E-07,-3.2338E-07
0.385,0.9,-2.7708000000000002E-06,3.5612E-10,2.7562000000000004E-06,3.388E-07,-3.2336E-07
0.39,0.9,-2.7205000000000005E-06,3.5284000000000005E-10,2.7077000000000004E-06,3.3844E-07,-3.2336E-07
0.395,0.9,-2.6738E-06,3.4364E-10,2.6599E-06,3.3807999999999997E-07,-3.2332E-07
0.4,0.9,-2.6289000000000004E-06,3.2715E-10,2.6152000000000004E-06,3.3772E-07,-3.2334E-07
0.405,0.9,-2.5839000000000004E-06,3.1777000000000003E-10,2.5724E-06,3.3737999999999997E-07,-3.2341999999999997E-07
0.41000000000000003,0.9,-2.5395000000000004E-06,3.1632E-10,2.5285000000000004E-06,3.3702E-07,-3.2336E-07
0.41500000000000004,0.9,-2.4962000000000003E-06,3.1424000000000004E-10,2.4842000000000003E-06,3.3672E-07,-3.2336E-07
0.42000000000000004,0.9,-2.4514000000000004E-06,3.0241000000000004E-10,2.4403E-06,3.3636E-07,-3.2338E-07
0.42500000000000004,0.9,-2.4112000000000003E-06,2.8557000000000003E-10,2.4014000000000004E-06,3.3608E-07,-3.233E-07
0.43,0.9,-2.368E-06,2.8141E-10,2.3584E-06,3.3576E-07,-3.2338E-07
0.435,0.9,-2.3271E-06,2.7902000000000004E-10,2.3153E-06,3.355E-07,-3.2336E-07
0.44,0.9,-2.2853000000000004E-06,2.7671E-10,2.2752000000000003E-06,3.3518E-07,-3.2336E-07
0.445,0.9,-2.2474000000000003E-06,2.6568E-10,2.2380000000000004E-06,3.3484E-07,-3.2336E-07
0.45,0.9,-2.2072000000000002E-06,2.5246E-10,2.2002E-06,3.3454E-07,-3.2332E-07
0.455,0.9,-2.1692000000000003E-06,2.4746000000000004E-10,2.1596E-06,3.3432E-07,-3.2332E-07
0.46,0.9,-2.1313000000000002E-06,2.4599E-10,2.1197000000000002E-06,3.3404E-07,-3.2332E-07
0.465,0.9,-2.093E-06,2.439E-10,2.0842000000000003E-06,3.3372E-07,-3.234E-07
0.47000000000000003,0.9,-2.0545000000000004E-06,2.2973000000000002E-10,2.0465000000000002E-06,3.3356E-07,-3.2332E-07
0.47500000000000003,0.9,-2.0184E-06,2.2002E-10,2.0108000000000003E-06,3.3328E-07,-3.2334E-07
0.48000000000000004,0.9,-1.9836000000000004E-06,2.1671000000000002E-10,1.9757E-06,3.3372E-07,-3.2334E-07
0.48500000000000004,0.9,-1.9496000000000004E-06,2.1854000000000003E-10,1.9407000000000003E-06,3.3345999999999997E-07,-3.2334E-07
0.49000000000000005,0.9,-1.9151E-06,2.1108E-10,1.9078E-06,3.3322E-07,-3.2334E-07
0.49500000000000005,0.9,-1.8804000000000002E-06,1.9667E-10,1.8731000000000001E-06,3.3294E-07,-3.2332E-07
0.5,0.9,-1.8503E-06,1.9044000000000002E-10,1.8400000000000002E-06,3.3274E-07,-3.2341999999999997E-07
0.505,0.9,-1.8127000000000002E-06,1.8928000000000002E-10,1.8062000000000002E-06,3.325E-07,-3.234E-07
0.51,0.9,-1.7813000000000002E-06,1.8852E-10,1.7748000000000001E-06,3.3222E-07,-3.2332E-07
0.515,0.9,-1.7496000000000002E-06,1.8431E-10,1.7424000000000003E-06,3.3202E-07,-3.2336E-07
0.52,0.9,-1.7175E-06,1.6977000000000003E-10,1.712E-06,3.3184E-07,-3.2332E-07
0.525,0.9,-1.6859000000000002E-06,1.6454E-10,1.6804000000000003E-06,3.3162E-07,-3.234E-07
0.53,0.9,-1.6558E-06,1.6545E-10,1.65E-06,3.3084E-07,-3.2336E-07
0.535,0.9,-1.6247E-06,1.6437000000000002E-10,1.6191E-06,3.3058E-07,-3.2332E-07
0.54,0.9,-1.5959000000000003E-06,1.5677000000000002E-10,1.5902000000000003E-06,3.3032E-07,-3.2334E-07
0.545,0.9,-1.5675000000000002E-06,1.4344000000000002E-10,1.5615000000000002E-06,3.3012E-07,-3.2327999999999997E-07
0.55,0.9,-1.5373E-06,1.4025E-10,1.5330000000000002E-06,3.2998E-07,-3.2336E-07
0.555,0.9,-1.5093E-06,1.4273E-10,1.5063E-06,3.2984E-07,-3.2336E-07
0.56,0.9,-1.4825000000000002E-06,1.3959E-10,1.4776E-06,3.296E-07,-3.2336E-07
0.56500000000000006,0.9,-1.4538000000000002E-06,1.3023E-10,1.4502000000000001E-06,3.2942E-07,-3.2326E-07
0.57000000000000006,0.9,-1.4276E-06,1.2342E-10,1.4229000000000002E-06,3.292E-07,-3.2326E-07
0.57500000000000007,0.9,-1.4018E-06,1.1948E-10,1.3982000000000002E-06,3.2906E-07,-3.233E-07
0.58000000000000007,0.9,-1.3750000000000002E-06,1.1974000000000002E-10,1.3715000000000001E-06,3.2894E-07,-3.2332E-07
0.58500000000000008,0.9,-1.3501000000000002E-06,1.2063E-10,1.3474000000000002E-06,3.2874E-07,-3.233E-07
0.59000000000000008,0.9,-1.3252E-06,1.0932E-10,1.3213000000000002E-06,3.2864E-07,-3.2332E-07
0.595,0.9,-1.3005E-06,1.0254E-10,1.2973E-06,3.2848E-07,-3.2332E-07
0.6,0.9,-1.2740000000000002E-06,1.0273E-10,1.2716E-06,3.283E-07,-3.2336E-07
0.605,0.9,-1.2528E-06,1.0198E-10,1.2479000000000002E-06,3.2816E-07,-3.2338E-07
0.61,0.9,-1.2266E-06,9.8970000000000008E-11,1.2266E-06,3.2799999999999997E-07,-3.233E-07
0.615,0.9,-1.2037000000000002E-06,9.130000000000001E-11,1.2030000000000002E-06,3.278E-07,-3.2336E-07
0.62,0.9,-1.1809000000000002E-06,8.654E-11,1.1789E-06,3.2764E-07,-3.233E-07
0.625,0.9,-1.1585000000000002E-06,8.5480000000000011E-11,1.1562E-06,3.2756E-07,-3.2326E-07
0.63,0.9,-1.1358000000000002E-06,8.52E-11,1.1348000000000001E-06,3.2742E-07,-3.233E-07
0.635,0.9,-1.114E-06,8.3500000000000009E-11,1.1129000000000002E-06,3.2729999999999997E-07,-3.2334E-07
0.64,0.9,-1.0933000000000002E-06,7.5E-11,1.0905000000000002E-06,3.2722E-07,-3.2324E-07
0.645,0.9,-1.0721E-06,7.18E-11,1.0734000000000002E-06,3.2706E-07,-3.232E-07
0.65,0.9,-1.0515E-06,7.152E-11,1.0505000000000002E-06,3.2701999999999997E-07,-3.2332E-07
0.655,0.9,-1.0311000000000002E-06,7.025E-11,1.0295E-06,3.2682E-07,-3.233E-07
0.66,0.9,-1.0115000000000002E-06,6.598E-11,1.00958E-06,3.2668E-07,-3.233E-07
0.665,0.9,-9.9392E-07,6.2760000000000011E-11,9.9226E-07,3.2658E-07,-3.2326E-07
0.67,0.9,-9.747E-07,6.11E-11,9.713E-07,3.2642E-07,-3.233E-07
0.675,0.9,-9.5582E-07,5.7480000000000005E-11,9.5204E-07,3.2642E-07,-3.2332E-07
0.68,0.9,-9.356E-07,5.536E-11,9.3242E-07,3.2628E-07,-3.2326E-07
0.685,0.9,-9.172E-07,5.207E-11,9.1361999999999994E-07,3.2617999999999997E-07,-3.2332E-07
0.69000000000000006,0.9,-8.98E-07,4.935E-11,8.9556E-07,3.2614E-07,-3.233E-07
0.69500000000000006,0.9,-8.7986E-07,5.0410000000000004E-11,8.7688E-07,3.2594E-07,-3.2332E-07
0.70000000000000007,0.9,-8.6131999999999993E-07,4.727E-11,8.5882E-07,3.2588E-07,-3.233E-07
0.70500000000000007,0.9,-8.4416E-07,4.3390000000000005E-11,8.41E-07,3.258E-07,-3.2326E-07
0.71000000000000008,0.9,-8.2674E-07,4.22E-11,8.2368E-07,3.2574E-07,-3.2332E-07
0.71500000000000008,0.9,-8.0886E-07,3.9820000000000004E-11,8.0662E-07,3.2562E-07,-3.2336E-07
0.72000000000000008,0.9,-7.9312E-07,3.8250000000000004E-11,7.9014E-07,3.2548E-07,-3.2338E-07
0.72500000000000009,0.9,-7.7606E-07,3.697E-11,7.736E-07,3.2544E-07,-3.2332E-07
0.73,0.9,-7.5917999999999995E-07,3.4210000000000004E-11,7.5701999999999993E-07,3.2534E-07,-3.2327999999999997E-07
0.735,0.9,-7.4186E-07,3.405E-11,7.4104E-07,3.2528E-07,-3.2327999999999997E-07
0.74,0.9,-7.2601999999999993E-07,3.304E-11,7.2496E-07,3.2524E-07,-3.2332E-07
0.745,0.9,-7.1112E-07,2.957E-11,7.0892E-07,3.2514E-07,-3.2327999999999997E-07
0.75,0.9,-6.9567999999999994E-07,2.837E-11,6.9312E-07,3.2504E-07,-3.2332E-07
0.755,0.9,-6.807E-07,2.6610000000000002E-11,6.786E-07,3.2496E-07,-3.233E-07
0.76,0.9,-6.6548E-07,2.5700000000000002E-11,6.634E-07,3.2486E-07,-3.233E-07
0.765,0.9,-6.5048E-07,2.664E-11,6.4872E-07,3.248E-07,-3.233E-07
0.77,0.9,-6.357E-07,2.4610000000000003E-11,6.3392E-07,3.248E-07,-3.2326E-07
0.775,0.9,-6.2066E-07,1.979E-11,6.1898E-07,3.2474E-07,-3.2332E-07
0.78,0.9,-6.0566E-07,2.1790000000000003E-11,6.05E-07,3.246E-07,-3.2326E-07
0.785,0.9,-5.9092E-07,2.016E-11,5.8974E-07,3.2458E-07,-3.233E-07
0.79,0.9,-5.764E-07,2.123E-11,5.7492E-07,3.2448E-07,-3.2332E-07
0.795,0.9,-5.6159999999999995E-07,2.0880000000000003E-11,5.6084E-07,3.2446E-07,-3.2326E-07
0.8,0.9,-5.4655999999999994E-07,1.5320000000000002E-11,5.456E-07,3.2442E-07,-3.2324E-07
0.805,0.9,-5.3064E-07,1.423E-11,5.3087999999999995E-07,3.243E-07,-3.2326E-07
0.81,0.9,-5.1488E-07,1.75E-11,5.1452E-07,3.2432E-07,-3.2336E-07
0.81500000000000006,0.9,-4.9952E-07,1.7340000000000002E-11,4.9928E-07,3.242E-07,-3.233E-07
0.82000000000000006,0.9,-4.8304E-07,1.5340000000000002E-11,4.8252E-07,3.2414E-07,-3.234E-07
0.82500000000000007,0.9,-4.6684E-07,1.1920000000000001E-11,4.659E-07,3.2412E-07,-3.2334E-07
0.83000000000000007,0.9,-4.4905999999999997E-07,9.95E-12,4.4884E-07,3.241E-07,-3.2334E-07
0.83500000000000008,0.9,-4.3092E-07,1.259E-11,4.3006E-07,3.2398E-07,-3.2336E-07
0.84000000000000008,0.9,-4.1156E-07,1.5380000000000003E-11,4.1011999999999997E-07,3.24E-07,-3.233E-07
0.84500000000000008,0.9,-3.904E-07,1.219E-11,3.8946E-07,3.2386E-07,-3.2327999999999997E-07
0.85000000000000009,0.9,-3.6912E-07,7.2800000000000013E-12,3.6865999999999997E-07,3.2378E-07,-3.233E-07
0.85500000000000009,0.9,-3.4592E-07,7.71E-12,3.4502E-07,3.238E-07,-3.2332E-07
0.86,0.9,-3.2068E-07,1.0310000000000001E-11,3.1962E-07,3.2369999999999997E-07,-3.2334E-07
0.865,0.9,-2.934E-07,1.109E-11,2.9344E-07,3.2372E-07,-3.2336E-07
0.87,0.9,-2.6386E-07,9.5200000000000014E-12,2.6388E-07,3.2368E-07,-3.233E-07
0.875,0.9,-2.3142E-07,5.8100000000000005E-12,2.3157999999999999E-07,3.2358E-07,-3.233E-07
0.88,0.9,-1.9608E-07,4.21E-12,1.9602E-07,3.235E-07,-3.233E-07
0.885,0.9,-1.5628E-07,7.32E-12,1.5631999999999999E-07,3.2341999999999997E-07,-3.233E-07
0.89,0.9,-1.125E-07,9.44E-12,1.127E-07,3.2341999999999997E-07,-3.2334E-07
0.895,0.9,-6.29986E-08,4.6600000000000007E-12,6.3098599999999993E-08,3.233E-07,-3.233E-07
0.9,0.9,-6.9034E-09,9.26E-12,6.5903E-09,3.2326E-07,-3.2332E-07
