I/V Sweep,id_vgs_P_2
RecordTime,03/11/2025 14:41:12
Device ID,
Count,1
Flag,
Remarks,
vg,vd,id,ig,is,iavdd,ignd
1.2,0.8,-1.2713E-09,6.3864000000000008E-10,-7.613E-11,3.248E-07,-3.2412E-07
1.195,0.8,-1.275E-09,5.8777E-10,-7.386E-11,3.2492E-07,-3.2408E-07
1.19,0.8,-1.2671E-09,5.5198000000000009E-10,-6.928E-11,3.2508E-07,-3.2418E-07
1.185,0.8,-1.2556E-09,5.1144E-10,-6.5080000000000009E-11,3.2504E-07,-3.2422E-07
1.1800000000000002,0.8,-1.2572E-09,4.7696000000000008E-10,-6.159E-11,3.2502E-07,-3.2412E-07
1.175,0.8,-1.2533E-09,4.4266000000000005E-10,-6.055E-11,3.2502E-07,-3.242E-07
1.1700000000000002,0.8,-1.2429E-09,4.1888000000000006E-10,-5.8660000000000007E-11,3.25E-07,-3.2418E-07
1.165,0.8,-1.2355E-09,3.9037E-10,-5.4640000000000005E-11,3.2514E-07,-3.2424E-07
1.1600000000000001,0.8,-1.2401E-09,3.6675000000000005E-10,-5.0920000000000004E-11,3.2496E-07,-3.2408E-07
1.155,0.8,-1.2298E-09,3.4217E-10,-4.821E-11,3.2504E-07,-3.2412E-07
1.1500000000000001,0.8,-1.2226E-09,3.252E-10,-4.385E-11,3.2504E-07,-3.2402E-07
1.145,0.8,-1.2283E-09,3.0162000000000004E-10,-3.955E-11,3.2498E-07,-3.2406E-07
1.1400000000000001,0.8,-1.2277E-09,2.9049E-10,-3.4980000000000005E-11,3.2504E-07,-3.2406E-07
1.135,0.8,-1.2147E-09,2.7149E-10,-3.1780000000000006E-11,3.2508E-07,-3.2406E-07
1.1300000000000001,0.8,-1.2181E-09,2.5846E-10,-2.6570000000000002E-11,3.2506E-07,-3.2402E-07
1.125,0.8,-1.2131E-09,2.3826E-10,-2.3130000000000002E-11,3.2498E-07,-3.24E-07
1.12,0.8,-1.2116E-09,2.2848000000000002E-10,-1.8560000000000002E-11,3.2506E-07,-3.2394E-07
1.115,0.8,-1.205E-09,2.1435000000000002E-10,-1.57E-11,3.2502E-07,-3.2394E-07
1.11,0.8,-1.2141E-09,2.0547000000000002E-10,-9.84E-12,3.2506E-07,-3.2404E-07
1.105,0.8,-1.2057E-09,1.9209E-10,-4.94E-12,3.2496E-07,-3.2394E-07
1.1,0.8,-1.2081E-09,1.8208E-10,-6.8E-13,3.2502E-07,-3.2396E-07
1.095,0.8,-1.2029E-09,1.717E-10,6.1300000000000007E-12,3.2496E-07,-3.2402E-07
1.09,0.8,-1.2172E-09,1.6586E-10,1.642E-11,3.2504E-07,-3.2404E-07
1.085,0.8,-1.2087E-09,1.5698E-10,2.491E-11,3.25E-07,-3.239E-07
1.08,0.8,-1.2141E-09,1.5075000000000002E-10,3.4680000000000003E-11,3.2504E-07,-3.239E-07
1.075,0.8,-1.2239E-09,1.4093E-10,4.593E-11,3.2496E-07,-3.2394E-07
1.07,0.8,-1.2318E-09,1.3267000000000002E-10,5.783E-11,3.2508E-07,-3.2392E-07
1.065,0.8,-1.2345E-09,1.2671000000000002E-10,6.931E-11,3.2502E-07,-3.2394E-07
1.06,0.8,-1.2461E-09,1.2007E-10,8.3170000000000009E-11,3.2504E-07,-3.2398E-07
1.0550000000000002,0.8,-1.2615E-09,1.1382000000000001E-10,1.0026000000000001E-10,3.2514E-07,-3.24E-07
1.05,0.8,-1.2794E-09,1.0881000000000001E-10,1.2272000000000002E-10,3.251E-07,-3.2398E-07
1.0450000000000002,0.8,-1.283E-09,1.0583000000000001E-10,1.4427E-10,3.2508E-07,-3.2386E-07
1.04,0.8,-1.3135E-09,9.9680000000000011E-11,1.7459000000000001E-10,3.2504E-07,-3.2396E-07
1.0350000000000001,0.8,-1.345E-09,9.402E-11,2.0423000000000003E-10,3.25E-07,-3.2386E-07
1.03,0.8,-1.3826E-09,9.0420000000000009E-11,2.4188E-10,3.2502E-07,-3.2392E-07
1.0250000000000001,0.8,-1.4083E-09,8.7580000000000009E-11,2.7932E-10,3.2498E-07,-3.2386E-07
1.02,0.8,-1.4636E-09,7.9580000000000011E-11,3.3174000000000004E-10,3.2498E-07,-3.239E-07
1.0150000000000001,0.8,-1.5105E-09,7.528000000000001E-11,3.8324E-10,3.249E-07,-3.2396E-07
1.01,0.8,-1.5711E-09,7.163E-11,4.4917E-10,3.2498E-07,-3.2396E-07
1.0050000000000001,0.8,-1.6424E-09,7.2190000000000011E-11,5.2169000000000009E-10,3.251E-07,-3.24E-07
1,0.8,-1.73E-09,6.446E-11,6.1239000000000009E-10,3.2508E-07,-3.24E-07
0.995,0.8,-1.8233E-09,6.2E-11,7.116600000000001E-10,3.2504E-07,-3.2394E-07
0.9900000000000001,0.8,-1.9361E-09,5.7010000000000005E-11,8.2991000000000008E-10,3.2504E-07,-3.24E-07
0.9850000000000001,0.8,-2.0752E-09,5.6130000000000004E-11,9.6634E-10,3.2508E-07,-3.2396E-07
0.98000000000000009,0.8,-2.2316E-09,5.0240000000000006E-11,1.1265900000000001E-09,3.2504E-07,-3.2394E-07
0.97500000000000009,0.8,-2.4088E-09,5.186E-11,1.3122E-09,3.2498E-07,-3.239E-07
0.97000000000000008,0.8,-2.6214E-09,4.742E-11,1.5241E-09,3.2502E-07,-3.2386E-07
0.96500000000000008,0.8,-2.8696E-09,4.68E-11,1.7734E-09,3.2506E-07,-3.239E-07
0.96000000000000008,0.8,-3.1564E-09,4.265E-11,2.0637E-09,3.251E-07,-3.2394E-07
0.95500000000000007,0.8,-3.493E-09,4.065E-11,2.4008E-09,3.2502E-07,-3.2396E-07
0.95000000000000007,0.8,-3.8766E-09,3.6580000000000004E-11,2.7938E-09,3.2498E-07,-3.2394E-07
0.94500000000000006,0.8,-4.345E-09,3.463E-11,3.2586E-09,3.2496E-07,-3.239E-07
0.94000000000000006,0.8,-4.8726E-09,3.335E-11,3.784E-09,3.2498E-07,-3.2384E-07
0.935,0.8,-5.4979E-09,3.1370000000000004E-11,4.4068E-09,3.2504E-07,-3.2392E-07
0.93,0.8,-6.1969E-09,3.219E-11,5.1194E-09,3.2498E-07,-3.2396E-07
0.925,0.8,-7.0484E-09,2.8010000000000002E-11,5.9652E-09,3.2498E-07,-3.2418E-07
0.92,0.8,-8.0065E-09,2.391E-11,6.9366E-09,3.2496E-07,-3.2392E-07
0.915,0.8,-9.1363E-09,2.1790000000000003E-11,8.0694E-09,3.2498E-07,-3.239E-07
0.91,0.8,-1.04529E-08,2.5860000000000002E-11,9.3875E-09,3.2522E-07,-3.241E-07
0.905,0.8,-1.1960999999999999E-08,1.8180000000000002E-11,1.09142E-08,3.25E-07,-3.239E-07
0.9,0.8,-1.3779599999999998E-08,2.5170000000000002E-11,1.2727199999999998E-08,3.2498E-07,-3.239E-07
0.895,0.8,-1.5852399999999997E-08,1.453E-11,1.4789199999999999E-08,3.25E-07,-3.2396E-07
0.89,0.8,-1.8298199999999997E-08,1.564E-11,1.72366E-08,3.2498E-07,-3.2396E-07
0.885,0.8,-2.10832E-08,1.473E-11,2.0030599999999997E-08,3.2502E-07,-3.2396E-07
0.88,0.8,-2.4402199999999997E-08,1.2540000000000001E-11,2.3340799999999996E-08,3.2502E-07,-3.2392E-07
0.875,0.8,-2.8168399999999996E-08,1.608E-11,2.71226E-08,3.2504E-07,-3.2386E-07
0.87,0.8,-3.2655E-08,9.7900000000000009E-12,3.1611E-08,3.2502E-07,-3.2392E-07
0.865,0.8,-3.7793999999999994E-08,1.31E-11,3.6745199999999993E-08,3.2504E-07,-3.239E-07
0.86,0.8,-4.3807799999999993E-08,9.06E-12,4.2776999999999993E-08,3.2502E-07,-3.2398E-07
0.85500000000000009,0.8,-5.08362E-08,8.13E-12,4.9716399999999995E-08,3.2496E-07,-3.2386E-07
0.85000000000000009,0.8,-5.8961199999999992E-08,7.52E-12,5.79272E-08,3.2498E-07,-3.2386E-07
0.84500000000000008,0.8,-6.835299999999999E-08,4.78E-12,6.743319999999999E-08,3.2496E-07,-3.2392E-07
0.84000000000000008,0.8,-7.9492199999999992E-08,5.9200000000000006E-12,7.8455E-08,3.2498E-07,-3.2388E-07
0.83500000000000008,0.8,-9.2250399999999991E-08,4.9000000000000005E-12,9.12196E-08,3.2496E-07,-3.2392E-07
0.83000000000000007,0.8,-1.0731659999999999E-07,3.15E-12,1.0626559999999999E-07,3.25E-07,-3.2396E-07
0.82500000000000007,0.8,-1.2462E-07,5.8800000000000008E-12,1.234E-07,3.2502E-07,-3.2386E-07
0.82000000000000006,0.8,-1.4504E-07,1.37E-12,1.4392E-07,3.2498E-07,-3.2388E-07
0.81500000000000006,0.8,-1.6838E-07,-7.3E-13,1.6712E-07,3.2496E-07,-3.24E-07
0.81,0.8,-1.9588E-07,-5.1600000000000006E-12,1.9484E-07,3.2498E-07,-3.2386E-07
0.805,0.8,-2.275E-07,-4.46E-12,2.2646E-07,3.2506E-07,-3.2394E-07
0.8,0.8,-2.6444E-07,-6.7800000000000006E-12,2.6334E-07,3.2502E-07,-3.2394E-07
0.795,0.8,-3.0786E-07,-6.2700000000000005E-12,3.0658E-07,3.2502E-07,-3.2396E-07
0.79,0.8,-3.5726E-07,-1.0640000000000002E-11,3.5574E-07,3.2492E-07,-3.2392E-07
0.785,0.8,-4.155E-07,-5.9200000000000006E-12,4.1414E-07,3.251E-07,-3.2404E-07
0.78,0.8,-4.8302E-07,-1.18E-11,4.821E-07,3.2504E-07,-3.2386E-07
0.775,0.8,-5.6154E-07,-1.262E-11,5.6042E-07,3.2496E-07,-3.2388E-07
0.77,0.8,-6.5352E-07,-1.67E-11,6.5196E-07,3.2492E-07,-3.2386E-07
0.765,0.8,-7.611E-07,-1.8420000000000003E-11,7.5976E-07,3.2498E-07,-3.239E-07
0.76,0.8,-8.8428E-07,-1.8090000000000002E-11,8.816E-07,3.25E-07,-3.2386E-07
0.755,0.8,-1.02934E-06,-2.6430000000000003E-11,1.02804E-06,3.2494E-07,-3.2382E-07
0.75,0.8,-1.1908E-06,-2.4450000000000003E-11,1.1913000000000001E-06,3.25E-07,-3.239E-07
0.745,0.8,-1.3875E-06,-2.815E-11,1.388E-06,3.2494E-07,-3.2386E-07
0.74,0.8,-1.6134E-06,-2.9620000000000003E-11,1.6138000000000001E-06,3.2498E-07,-3.2382E-07
0.735,0.8,-1.8772000000000002E-06,-3.561E-11,1.8789000000000001E-06,3.2494E-07,-3.239E-07
0.73,0.8,-2.1794000000000003E-06,-3.8770000000000005E-11,2.1845000000000004E-06,3.2494E-07,-3.2392E-07
0.72500000000000009,0.8,-2.5362000000000004E-06,-3.8410000000000006E-11,2.5426000000000004E-06,3.2498E-07,-3.2388E-07
0.72000000000000008,0.8,-2.9471E-06,-4.4220000000000003E-11,2.9502E-06,3.25E-07,-3.2386E-07
0.71500000000000008,0.8,-3.4306000000000002E-06,-4.8460000000000006E-11,3.4416000000000002E-06,3.2502E-07,-3.2386E-07
0.71000000000000008,0.8,-3.9861000000000007E-06,-5.4670000000000004E-11,3.9905E-06,3.2496E-07,-3.238E-07
0.70500000000000007,0.8,-4.6414E-06,-5.459E-11,4.6481000000000004E-06,3.2498E-07,-3.239E-07
0.70000000000000007,0.8,-5.3889E-06,-6.346E-11,5.3944E-06,3.25E-07,-3.2388E-07
0.69500000000000006,0.8,-6.2730000000000008E-06,-6.167E-11,6.273900000000001E-06,3.2494E-07,-3.2384E-07
0.69000000000000006,0.8,-7.2814000000000011E-06,-7.51E-11,7.283E-06,3.2502E-07,-3.2394E-07
0.685,0.8,-8.4566000000000013E-06,-7.4590000000000011E-11,8.457200000000001E-06,3.2496E-07,-3.2394E-07
0.68,0.8,-9.8334000000000014E-06,-8.2860000000000012E-11,9.836E-06,3.2498E-07,-3.238E-07
0.675,0.8,-1.1423300000000001E-05,-8.902E-11,1.14322E-05,3.2496E-07,-3.238E-07
0.67,0.8,-1.329E-05,-9.242E-11,1.329E-05,3.2492E-07,-3.24E-07
0.665,0.8,-1.5424E-05,-1.0603000000000001E-10,1.5426E-05,3.2492E-07,-3.2386E-07
0.66,0.8,-1.7952E-05,-1.0101000000000001E-10,1.7968E-05,3.2498E-07,-3.2386E-07
0.655,0.8,-2.0850000000000002E-05,-1.1656E-10,2.0848E-05,3.2502E-07,-3.2388E-07
0.65,0.8,-2.421E-05,-1.2275000000000002E-10,2.4222E-05,3.2494E-07,-3.2388E-07
0.645,0.8,-2.8024E-05,-1.3124E-10,2.8038E-05,3.2498E-07,-3.2384E-07
0.64,0.8,-3.2554E-05,-1.3442E-10,3.2608000000000004E-05,3.2492E-07,-3.2386E-07
0.635,0.8,-3.7762E-05,-1.4070000000000002E-10,3.7786E-05,3.2496E-07,-3.239E-07
0.63,0.8,-4.3796E-05,-1.5267E-10,4.3882000000000004E-05,3.2492E-07,-3.239E-07
0.625,0.8,-5.0746000000000005E-05,-1.5823E-10,5.0818E-05,3.2494E-07,-3.2388E-07
0.62,0.8,-5.8844E-05,-1.6777E-10,5.8846000000000005E-05,3.2498E-07,-3.2392E-07
0.615,0.8,-6.8162E-05,-1.7356000000000002E-10,6.818E-05,3.2498E-07,-3.2386E-07
0.61,0.8,-7.9022E-05,-1.8578E-10,7.9052E-05,3.2502E-07,-3.239E-07
0.605,0.8,-9.1280000000000007E-05,-1.8969000000000002E-10,9.1254E-05,3.2502E-07,-3.239E-07
0.6,0.8,-0.00010580600000000001,-2.0187000000000002E-10,0.000105716,3.2492E-07,-3.2392E-07
0.595,0.8,-0.0001217,-2.0930000000000002E-10,0.00012192000000000001,3.2498E-07,-3.2384E-07
0.59000000000000008,0.8,-0.00014086,-2.1474000000000003E-10,0.00014098,3.2494E-07,-3.2386E-07
0.58500000000000008,0.8,-0.00016242,-2.2688000000000002E-10,0.00016246,3.2498E-07,-3.239E-07
0.58000000000000007,0.8,-0.00018736000000000002,-2.3427E-10,0.00018744,3.2502E-07,-3.2392E-07
0.57500000000000007,0.8,-0.00021572,-2.4853E-10,0.00021576,3.25E-07,-3.2394E-07
0.57000000000000006,0.8,-0.00024858000000000004,-2.5181000000000003E-10,0.00024868000000000004,3.25E-07,-3.2394E-07
0.56500000000000006,0.8,-0.00028522000000000004,-2.6037E-10,0.00028548,3.25E-07,-3.2384E-07
0.56,0.8,-0.00032756,-2.7366E-10,0.0003278,3.2498E-07,-3.2388E-07
0.555,0.8,-0.00037468,-2.827E-10,0.00037518,3.2502E-07,-3.2388E-07
0.55,0.8,-0.00042940000000000003,-2.9211000000000004E-10,0.00042974,3.2494E-07,-3.2388E-07
0.545,0.8,-0.00049016,-3.0255E-10,0.00049048000000000006,3.2498E-07,-3.2392E-07
0.54,0.8,-0.00055962,-3.1146000000000003E-10,0.00055938000000000006,3.2494E-07,-3.2394E-07
0.535,0.8,-0.0006367,-3.2655E-10,0.00063654,3.2486E-07,-3.2388E-07
0.53,0.8,-0.00072292,-3.3106000000000004E-10,0.00072354000000000006,3.2492E-07,-3.2394E-07
0.525,0.8,-0.00081902000000000006,-3.4374000000000005E-10,0.00081924,3.2488E-07,-3.2394E-07
0.52,0.8,-0.00092734,-3.5340000000000004E-10,0.0009269,3.249E-07,-3.2394E-07
0.515,0.8,-0.00104446,-3.6561000000000004E-10,0.0010442000000000001,3.2496E-07,-3.2394E-07
0.51,0.8,-0.0011756,-3.7575E-10,0.001177,3.2498E-07,-3.2384E-07
0.505,0.8,-0.001318,-3.9132000000000005E-10,0.0013192,3.2492E-07,-3.2384E-07
0.5,0.8,-0.0014766,-3.9677E-10,0.001477,3.2488E-07,-3.2408E-07
0.49500000000000005,0.8,-0.0016460000000000001,-4.1302000000000004E-10,0.0016468000000000001,3.2492E-07,-3.239E-07
0.49000000000000005,0.8,-0.0018334,-4.2379000000000004E-10,0.0018352,3.2496E-07,-3.2392E-07
0.48500000000000004,0.8,-0.0020316,-4.3941000000000004E-10,0.002033,3.249E-07,-3.239E-07
0.48000000000000004,0.8,-0.0022482,-4.4941000000000005E-10,0.0022484000000000002,3.2488E-07,-3.2384E-07
0.47500000000000003,0.8,-0.0024774000000000003,-4.6417E-10,0.0024778,3.2496E-07,-3.239E-07
0.47000000000000003,0.8,-0.0027248,-4.75E-10,0.002726,3.2494E-07,-3.2392E-07
0.465,0.8,-0.0029832,-4.9861E-10,0.0029848,3.2486E-07,-3.2386E-07
0.46,0.8,-0.0032602,-5.0996000000000007E-10,0.0032614000000000002,3.2488E-07,-3.239E-07
0.455,0.8,-0.0035492,-5.2024000000000006E-10,0.0035488,3.2496E-07,-3.2394E-07
0.45,0.8,-0.0038562,-5.3509000000000006E-10,0.0038546,3.252E-07,-3.2418E-07
0.445,0.8,-0.0041692000000000005,-5.5135000000000007E-10,0.0041696,3.249E-07,-3.2396E-07
0.44,0.8,-0.0044986,-5.6860000000000008E-10,0.0045000000000000005,3.2496E-07,-3.2392E-07
0.435,0.8,-0.0048368000000000005,-5.8421000000000009E-10,0.0048382,3.2498E-07,-3.2396E-07
0.43,0.8,-0.0051926,-6.0134E-10,0.0051922,3.2492E-07,-3.24E-07
0.42500000000000004,0.8,-0.005549,-6.1865E-10,0.0055478,3.2488E-07,-3.2396E-07
0.42000000000000004,0.8,-0.0059186,-6.3765000000000007E-10,0.0059206,3.2484E-07,-3.2398E-07
0.41500000000000004,0.8,-0.0062888,-6.5535E-10,0.0062902,3.2488E-07,-3.24E-07
0.41000000000000003,0.8,-0.006672,-6.7244E-10,0.0066732,3.249E-07,-3.2394E-07
0.405,0.8,-0.007052,-6.9460000000000006E-10,0.0070524,3.2492E-07,-3.2396E-07
0.4,0.8,-0.0074386,-7.1616E-10,0.0074384,3.2496E-07,-3.2402E-07
0.395,0.8,-0.007823,-7.3446000000000007E-10,0.0078244,3.2496E-07,-3.2408E-07
0.39,0.8,-0.0082122,-7.5735000000000008E-10,0.0082176,3.2492E-07,-3.2404E-07
0.385,0.8,-0.008595,-7.7758E-10,0.0085964,3.249E-07,-3.2394E-07
0.38,0.8,-0.0089828,-8.0615000000000005E-10,0.0089808,3.2496E-07,-3.2402E-07
0.375,0.8,-0.009355,-8.2784000000000011E-10,0.0093548,3.249E-07,-3.2394E-07
0.37,0.8,-0.0097322,-8.5473000000000011E-10,0.0097324,3.2482E-07,-3.2404E-07
0.365,0.8,-0.0100936,-8.7825E-10,0.0100942,3.2492E-07,-3.2408E-07
0.36000000000000004,0.8,-0.0104552,-9.0807E-10,0.0104562,3.2486E-07,-3.2406E-07
0.35500000000000004,0.8,-0.0108062,-9.2720000000000007E-10,0.010806,3.249E-07,-3.2398E-07
0.35000000000000003,0.8,-0.0111502,-9.6244E-10,0.0111498,3.2488E-07,-3.24E-07
0.34500000000000003,0.8,-0.0114802,-9.8352000000000014E-10,0.0114824,3.2486E-07,-3.2394E-07
0.34,0.8,-0.011784000000000001,-1.0288E-09,0.011800000000000002,3.249E-07,-3.2408E-07
0.335,0.8,-0.012098000000000001,-1.0465E-09,0.012116000000000002,3.249E-07,-3.2402E-07
0.33,0.8,-0.012404000000000002,-1.0698E-09,0.012426000000000001,3.2484E-07,-3.2402E-07
0.325,0.8,-0.012702000000000002,-1.1041E-09,0.012714000000000001,3.2486E-07,-3.2402E-07
0.32,0.8,-0.012986000000000001,-1.1341E-09,0.013004000000000002,3.2492E-07,-3.2406E-07
0.315,0.8,-0.013254000000000002,-1.1644E-09,0.013274000000000001,3.2488E-07,-3.2402E-07
0.31,0.8,-0.013524000000000001,-1.1961E-09,0.013540000000000002,3.2498E-07,-3.2408E-07
0.305,0.8,-0.013778000000000002,-1.2272E-09,0.013794,3.248E-07,-3.2412E-07
0.3,0.8,-0.014024000000000002,-1.2648E-09,0.014038000000000002,3.2484E-07,-3.2408E-07
0.29500000000000004,0.8,-0.014260000000000002,-1.2985E-09,0.014272000000000002,3.248E-07,-3.2406E-07
0.29000000000000004,0.8,-0.014484000000000002,-1.3341E-09,0.014504000000000001,3.248E-07,-3.2412E-07
0.28500000000000003,0.8,-0.014700000000000001,-1.3784E-09,0.01472,3.2484E-07,-3.24E-07
0.28,0.8,-0.014914000000000002,-1.4214E-09,0.01493,3.248E-07,-3.2394E-07
0.275,0.8,-0.015110000000000002,-1.4516E-09,0.015126,3.2484E-07,-3.2396E-07
0.27,0.8,-0.015304000000000002,-1.4959E-09,0.015320000000000002,3.2484E-07,-3.2412E-07
0.265,0.8,-0.015488000000000002,-1.5183E-09,0.015498000000000001,3.2482E-07,-3.2408E-07
0.26,0.8,-0.015668,-1.5684E-09,0.015686000000000002,3.249E-07,-3.2412E-07
0.255,0.8,-0.015832000000000002,-1.6051E-09,0.015848,3.2486E-07,-3.241E-07
0.25,0.8,-0.015998000000000002,-1.65E-09,0.016016000000000002,3.2484E-07,-3.2412E-07
0.24500000000000002,0.8,-0.016152,-1.6939E-09,0.016168000000000002,3.2478E-07,-3.2402E-07
0.24000000000000002,0.8,-0.016304000000000003,-1.7367E-09,0.01632,3.2478E-07,-3.2412E-07
0.23500000000000001,0.8,-0.016446000000000002,-1.784E-09,0.016462,3.2486E-07,-3.2412E-07
0.23,0.8,-0.016582000000000003,-1.8322E-09,0.0166,3.249E-07,-3.2408E-07
0.225,0.8,-0.016718,-1.8807E-09,0.016730000000000002,3.2488E-07,-3.2414E-07
0.22,0.8,-0.01684,-1.9284E-09,0.01686,3.2486E-07,-3.2408E-07
0.215,0.8,-0.016970000000000002,-1.9844E-09,0.016986,3.2488E-07,-3.2414E-07
0.21000000000000002,0.8,-0.017084000000000002,-2.0301E-09,0.017102000000000003,3.248E-07,-3.2412E-07
0.20500000000000002,0.8,-0.017194,-2.0976E-09,0.017210000000000003,3.249E-07,-3.2414E-07
0.2,0.8,-0.017298,-2.1398E-09,0.017324000000000003,3.2488E-07,-3.241E-07
0.195,0.8,-0.017408,-2.2071E-09,0.017428000000000003,3.2486E-07,-3.2418E-07
0.19,0.8,-0.017506,-2.2574E-09,0.017526,3.249E-07,-3.2412E-07
0.185,0.8,-0.017608000000000002,-2.3253E-09,0.017626000000000003,3.248E-07,-3.2412E-07
0.18000000000000002,0.8,-0.017694,-2.3851E-09,0.017718,3.2486E-07,-3.2416E-07
0.17500000000000002,0.8,-0.017784,-2.446E-09,0.017804,3.248E-07,-3.2408E-07
0.17,0.8,-0.017876000000000003,-2.5099E-09,0.017890000000000003,3.2486E-07,-3.2394E-07
0.165,0.8,-0.017962000000000002,-2.5815E-09,0.017974,3.2484E-07,-3.2406E-07
0.16,0.8,-0.018036,-2.6455E-09,0.018052000000000002,3.2476E-07,-3.2404E-07
0.155,0.8,-0.018112000000000003,-2.723E-09,0.018136000000000003,3.2478E-07,-3.2406E-07
0.15,0.8,-0.018188000000000003,-2.7909E-09,0.018206,3.2478E-07,-3.2402E-07
0.14500000000000002,0.8,-0.018258,-2.8652E-09,0.018278000000000003,3.2478E-07,-3.2414E-07
0.14,0.8,-0.018326000000000002,-2.9412E-09,0.018344000000000003,3.2492E-07,-3.2408E-07
0.135,0.8,-0.018396000000000003,-3.0164E-09,0.018412,3.2484E-07,-3.2414E-07
0.13,0.8,-0.018462000000000003,-3.1081E-09,0.018474,3.2478E-07,-3.2402E-07
0.125,0.8,-0.018528000000000003,-3.183E-09,0.018534000000000002,3.247E-07,-3.2404E-07
0.12000000000000001,0.8,-0.018586000000000002,-3.2777E-09,0.018600000000000002,3.2482E-07,-3.2408E-07
0.115,0.8,-0.018644,-3.3569E-09,0.018658,3.2474E-07,-3.2402E-07
0.11,0.8,-0.018702000000000003,-3.4554E-09,0.01872,3.2472E-07,-3.2406E-07
0.10500000000000001,0.8,-0.018754000000000003,-3.5358E-09,0.018774000000000002,3.2478E-07,-3.2408E-07
0.1,0.8,-0.018808000000000002,-3.6354E-09,0.018824,3.2478E-07,-3.2412E-07
0.095,0.8,-0.018858000000000003,-3.7295E-09,0.018876,3.2482E-07,-3.2408E-07
0.090000000000000011,0.8,-0.018908,-3.8327E-09,0.018928,3.2484E-07,-3.2412E-07
0.085,0.8,-0.01896,-3.9283E-09,0.018972000000000003,3.2476E-07,-3.2408E-07
0.08,0.8,-0.019002,-4.0397E-09,0.019022,3.248E-07,-3.2414E-07
0.075,0.8,-0.01905,-4.1462E-09,0.019066000000000003,3.2486E-07,-3.2408E-07
0.07,0.8,-0.019092,-4.2569E-09,0.019108,3.2482E-07,-3.2402E-07
0.065,0.8,-0.019136,-4.3707E-09,0.019152000000000002,3.248E-07,-3.2412E-07
0.060000000000000005,0.8,-0.019178,-4.4842E-09,0.019194000000000003,3.249E-07,-3.241E-07
0.055,0.8,-0.01922,-4.6053E-09,0.019234,3.2484E-07,-3.2404E-07
0.05,0.8,-0.019254,-4.7283E-09,0.019276,3.2484E-07,-3.2408E-07
0.045000000000000005,0.8,-0.01929,-4.8533E-09,0.01931,3.248E-07,-3.2416E-07
0.04,0.8,-0.019328,-4.9898E-09,0.019350000000000003,3.2476E-07,-3.2408E-07
0.035,0.8,-0.019368000000000003,-5.129E-09,0.019386,3.251E-07,-3.2432E-07
0.030000000000000002,0.8,-0.0194,-5.2544E-09,0.019420000000000003,3.2484E-07,-3.241E-07
0.025,0.8,-0.019430000000000003,-5.3931E-09,0.019448,3.2474E-07,-3.2408E-07
0.02,0.8,-0.019468000000000003,-5.5323E-09,0.019486000000000003,3.248E-07,-3.2406E-07
0.015000000000000001,0.8,-0.0195,-5.6923E-09,0.019518,3.2488E-07,-3.2414E-07
0.01,0.8,-0.019528,-5.8373E-09,0.019548000000000003,3.2484E-07,-3.2418E-07
0.005,0.8,-0.019564,-6.0052E-09,0.019578,3.2484E-07,-3.2414E-07
0,0.8,-0.019590000000000003,-6.1657E-09,0.019614000000000003,3.2478E-07,-3.2412E-07
1.2,0.81,-1.1513E-09,6.190800000000001E-10,-7.8790000000000007E-11,3.246E-07,-3.2396E-07
1.195,0.81,-1.1384E-09,5.8037E-10,-7.475E-11,3.2456E-07,-3.2396E-07
1.19,0.81,-1.1429E-09,5.3635E-10,-6.99E-11,3.246E-07,-3.2394E-07
1.185,0.81,-1.1343E-09,5.0092000000000007E-10,-6.575E-11,3.2464E-07,-3.2386E-07
1.1800000000000002,0.81,-1.1298E-09,4.6708E-10,-6.308E-11,3.247E-07,-3.2396E-07
1.175,0.81,-1.1236E-09,4.3814000000000005E-10,-5.931E-11,3.246E-07,-3.239E-07
1.1700000000000002,0.81,-1.1215E-09,4.0618000000000004E-10,-5.8000000000000007E-11,3.2468E-07,-3.239E-07
1.165,0.81,-1.1118E-09,3.7988000000000004E-10,-5.4030000000000006E-11,3.2472E-07,-3.2394E-07
1.1600000000000001,0.81,-1.1011E-09,3.5532E-10,-5.277E-11,3.2476E-07,-3.2392E-07
1.155,0.81,-1.1072E-09,3.3329000000000005E-10,-4.7320000000000004E-11,3.2474E-07,-3.2386E-07
1.1500000000000001,0.81,-1.1015E-09,3.1494E-10,-4.3530000000000004E-11,3.2472E-07,-3.238E-07
1.145,0.81,-1.1017E-09,2.9864E-10,-3.9820000000000004E-11,3.2474E-07,-3.2374E-07
1.1400000000000001,0.81,-1.0834E-09,2.7886E-10,-3.871E-11,3.2478E-07,-3.2392E-07
1.135,0.81,-1.0969E-09,2.5873E-10,-3.216E-11,3.248E-07,-3.2386E-07
1.1300000000000001,0.81,-1.0851E-09,2.4431E-10,-2.782E-11,3.2476E-07,-3.2394E-07
1.125,0.81,-1.082E-09,2.3507E-10,-2.6070000000000003E-11,3.248E-07,-3.239E-07
1.12,0.81,-1.0876E-09,2.2343000000000002E-10,-1.8780000000000002E-11,3.2478E-07,-3.2388E-07
1.115,0.81,-1.089E-09,2.0748000000000002E-10,-1.482E-11,3.2482E-07,-3.2382E-07
1.11,0.81,-1.0754E-09,1.9486E-10,-1.058E-11,3.2474E-07,-3.2384E-07
1.105,0.81,-1.075E-09,1.8498000000000002E-10,-6.46E-12,3.2472E-07,-3.2378E-07
1.1,0.81,-1.0868E-09,1.7705000000000002E-10,1.14E-12,3.2484E-07,-3.2386E-07
1.095,0.81,-1.079E-09,1.6462000000000002E-10,4.4400000000000005E-12,3.2482E-07,-3.238E-07
1.09,0.81,-1.0798E-09,1.5577000000000002E-10,1.0520000000000001E-11,3.2482E-07,-3.2386E-07
1.085,0.81,-1.0815E-09,1.4673000000000002E-10,2.0480000000000003E-11,3.2472E-07,-3.2386E-07
1.08,0.81,-1.0937E-09,1.4236000000000001E-10,3.1810000000000004E-11,3.2478E-07,-3.2378E-07
1.075,0.81,-1.0893E-09,1.3624E-10,4.2810000000000005E-11,3.248E-07,-3.2388E-07
1.07,0.81,-1.1001E-09,1.3059E-10,5.5910000000000004E-11,3.2476E-07,-3.2388E-07
1.065,0.81,-1.1069E-09,1.2056000000000002E-10,7.047E-11,3.2478E-07,-3.2369999999999997E-07
1.06,0.81,-1.1201E-09,1.1385000000000001E-10,8.3220000000000011E-11,3.2482E-07,-3.2386E-07
1.0550000000000002,0.81,-1.1327E-09,1.1023E-10,1.0056000000000001E-10,3.2482E-07,-3.2384E-07
1.05,0.81,-1.1489E-09,1.0774000000000001E-10,1.1873E-10,3.248E-07,-3.2376E-07
1.0450000000000002,0.81,-1.1669E-09,9.5660000000000009E-11,1.4108000000000002E-10,3.2482E-07,-3.2386E-07
1.04,0.81,-1.1897E-09,9.0010000000000008E-11,1.6763000000000002E-10,3.2484E-07,-3.2374E-07
1.0350000000000001,0.81,-1.2123E-09,8.746E-11,1.9611E-10,3.2478E-07,-3.2386E-07
1.03,0.81,-1.2463E-09,8.608E-11,2.3257000000000003E-10,3.2484E-07,-3.2384E-07
1.0250000000000001,0.81,-1.2849E-09,8.041000000000001E-11,2.7363E-10,3.2484E-07,-3.239E-07
1.02,0.81,-1.3316E-09,7.5340000000000008E-11,3.2381000000000004E-10,3.2486E-07,-3.2388E-07
1.0150000000000001,0.81,-1.366E-09,7.087000000000001E-11,3.7215000000000005E-10,3.2484E-07,-3.238E-07
1.01,0.81,-1.4404E-09,6.7150000000000009E-11,4.4161000000000004E-10,3.2486E-07,-3.2388E-07
1.0050000000000001,0.81,-1.5116E-09,6.5220000000000008E-11,5.1194E-10,3.2482E-07,-3.2384E-07
1,0.81,-1.5935E-09,6.5160000000000011E-11,5.9658E-10,3.2474E-07,-3.2386E-07
0.995,0.81,-1.6774E-09,5.9650000000000009E-11,6.935800000000001E-10,3.248E-07,-3.2392E-07
0.9900000000000001,0.81,-1.8045E-09,5.422E-11,8.1289000000000007E-10,3.2478E-07,-3.2378E-07
0.9850000000000001,0.81,-1.9193E-09,5.098E-11,9.4152E-10,3.248E-07,-3.2388E-07
0.98000000000000009,0.81,-2.0781E-09,5.1370000000000006E-11,1.0976E-09,3.2492E-07,-3.238E-07
0.97500000000000009,0.81,-2.2558E-09,4.672E-11,1.2776E-09,3.2476E-07,-3.2384E-07
0.97000000000000008,0.81,-2.4615E-09,4.2330000000000004E-11,1.4885E-09,3.2474E-07,-3.2378E-07
0.96500000000000008,0.81,-2.7068E-09,4.243E-11,1.7307E-09,3.2476E-07,-3.2384E-07
0.96000000000000008,0.81,-2.9823E-09,3.653E-11,2.0145E-09,3.2488E-07,-3.2382E-07
0.95500000000000007,0.81,-3.3083E-09,3.954E-11,2.3373E-09,3.2472E-07,-3.2384E-07
0.95000000000000007,0.81,-3.6926E-09,3.415E-11,2.7296E-09,3.2484E-07,-3.2384E-07
0.94500000000000006,0.81,-4.1424E-09,3.5600000000000005E-11,3.18E-09,3.248E-07,-3.2382E-07
0.94000000000000006,0.81,-4.6497E-09,2.996E-11,3.6928E-09,3.2484E-07,-3.2384E-07
0.935,0.81,-5.2618E-09,3.172E-11,4.3007E-09,3.2486E-07,-3.2384E-07
0.93,0.81,-5.958E-09,2.4450000000000003E-11,4.9961E-09,3.2488E-07,-3.2384E-07
0.925,0.81,-6.7745E-09,2.387E-11,5.8193E-09,3.2486E-07,-3.2384E-07
0.92,0.81,-7.7084E-09,2.334E-11,6.7597E-09,3.248E-07,-3.238E-07
0.915,0.81,-8.8068E-09,2.4650000000000003E-11,7.8688E-09,3.248E-07,-3.2386E-07
0.91,0.81,-1.01145E-08,2.1640000000000002E-11,9.1593E-09,3.2486E-07,-3.238E-07
0.905,0.81,-1.1565999999999999E-08,2.1620000000000002E-11,1.06423E-08,3.248E-07,-3.2378E-07
0.9,0.81,-1.3333799999999998E-08,1.9660000000000003E-11,1.2398E-08,3.2478E-07,-3.2378E-07
0.895,0.81,-1.5354E-08,2.01E-11,1.4415199999999998E-08,3.248E-07,-3.2386E-07
0.89,0.81,-1.7733599999999997E-08,1.7930000000000003E-11,1.6801199999999997E-08,3.248E-07,-3.2384E-07
0.885,0.81,-2.04584E-08,1.5230000000000002E-11,1.9512799999999997E-08,3.2482E-07,-3.2384E-07
0.88,0.81,-2.36824E-08,1.4940000000000002E-11,2.2756399999999997E-08,3.2504E-07,-3.2404E-07
0.875,0.81,-2.73758E-08,1.2E-11,2.6436399999999998E-08,3.2486E-07,-3.2378E-07
0.87,0.81,-3.17324E-08,1.1230000000000001E-11,3.07846E-08,3.248E-07,-3.2384E-07
0.865,0.81,-3.6701199999999996E-08,8.1000000000000014E-12,3.58194E-08,3.248E-07,-3.2382E-07
0.86,0.81,-4.2608599999999993E-08,7.8E-12,4.1684E-08,3.2482E-07,-3.2384E-07
0.85500000000000009,0.81,-4.9377799999999996E-08,6.45E-12,4.8440199999999993E-08,3.2478E-07,-3.2378E-07
0.85000000000000009,0.81,-5.73754E-08,5.48E-12,5.64256E-08,3.2474E-07,-3.2378E-07
0.84500000000000008,0.81,-6.6524399999999989E-08,5.8E-12,6.5598799999999993E-08,3.2472E-07,-3.2382E-07
0.84000000000000008,0.81,-7.7325999999999987E-08,1.2000000000000001E-12,7.6441199999999987E-08,3.248E-07,-3.2382E-07
0.83500000000000008,0.81,-8.9743799999999989E-08,2.67E-12,8.8829399999999989E-08,3.2478E-07,-3.238E-07
0.83000000000000007,0.81,-1.0437139999999998E-07,-4.7E-13,1.0340239999999998E-07,3.2478E-07,-3.2382E-07
0.82500000000000007,0.81,-1.2106E-07,-3.7000000000000004E-13,1.2026E-07,3.2492E-07,-3.238E-07
0.82000000000000006,0.81,-1.408E-07,-2.2200000000000002E-12,1.4E-07,3.2472E-07,-3.239E-07
0.81500000000000006,0.81,-1.6346E-07,1.09E-12,1.6258E-07,3.2468E-07,-3.2386E-07
0.81,0.81,-1.9062E-07,-3.4000000000000005E-12,1.896E-07,3.2474E-07,-3.239E-07
0.805,0.81,-2.2134E-07,-3.0900000000000004E-12,2.2016E-07,3.2482E-07,-3.2388E-07
0.8,0.81,-2.5679999999999997E-07,-1.1720000000000001E-11,2.5574E-07,3.2494E-07,-3.2398E-07
0.795,0.81,-2.9916E-07,-5.8100000000000005E-12,2.9848E-07,3.2478E-07,-3.2408E-07
0.79,0.81,-3.4774E-07,-8.31E-12,3.4674E-07,3.2472E-07,-3.2386E-07
0.785,0.81,-4.0416E-07,-7.65E-12,4.0372E-07,3.2474E-07,-3.2378E-07
0.78,0.81,-4.6938E-07,-1.5780000000000003E-11,4.6874E-07,3.2476E-07,-3.2386E-07
0.775,0.81,-5.4655999999999994E-07,-1.7420000000000003E-11,5.4594E-07,3.2478E-07,-3.238E-07
0.77,0.81,-6.355E-07,-2.0750000000000003E-11,6.345E-07,3.2476E-07,-3.2374E-07
0.765,0.81,-7.392E-07,-1.726E-11,7.3824E-07,3.2478E-07,-3.2374E-07
0.76,0.81,-8.5848E-07,-2.1440000000000002E-11,8.5816E-07,3.2478E-07,-3.2374E-07
0.755,0.81,-1.00006E-06,-2.0820000000000002E-11,1.0003E-06,3.2476E-07,-3.2388E-07
0.75,0.81,-1.1579000000000002E-06,-2.4390000000000002E-11,1.1586E-06,3.2474E-07,-3.2384E-07
0.745,0.81,-1.3478E-06,-2.99E-11,1.3475000000000002E-06,3.2478E-07,-3.2386E-07
0.74,0.81,-1.5666000000000002E-06,-3.463E-11,1.5688000000000001E-06,3.2478E-07,-3.2386E-07
0.735,0.81,-1.8236000000000002E-06,-3.5520000000000004E-11,1.8251000000000001E-06,3.2478E-07,-3.2388E-07
0.73,0.81,-2.1191E-06,-3.8370000000000006E-11,2.1199000000000002E-06,3.2482E-07,-3.238E-07
0.72500000000000009,0.81,-2.4683E-06,-4.6520000000000005E-11,2.4672000000000003E-06,3.2478E-07,-3.2376E-07
0.72000000000000008,0.81,-2.8666000000000002E-06,-4.4960000000000006E-11,2.8653000000000003E-06,3.2474E-07,-3.2384E-07
0.71500000000000008,0.81,-3.3408000000000003E-06,-4.6410000000000004E-11,3.3384000000000005E-06,3.2476E-07,-3.2386E-07
0.71000000000000008,0.81,-3.8734E-06,-5.411E-11,3.8774E-06,3.248E-07,-3.239E-07
0.70500000000000007,0.81,-4.5111000000000007E-06,-6.002E-11,4.5118000000000006E-06,3.2478E-07,-3.2386E-07
0.70000000000000007,0.81,-5.2374000000000009E-06,-6.6050000000000007E-11,5.2435000000000007E-06,3.2482E-07,-3.238E-07
0.69500000000000006,0.81,-6.0977000000000009E-06,-7.111E-11,6.0978E-06,3.2478E-07,-3.2384E-07
0.69000000000000006,0.81,-7.0800000000000008E-06,-7.405E-11,7.082800000000001E-06,3.248E-07,-3.2386E-07
0.685,0.81,-8.2202000000000014E-06,-7.9750000000000009E-11,8.2228E-06,3.2478E-07,-3.238E-07
0.68,0.81,-9.5658E-06,-8.806E-11,9.5607000000000015E-06,3.2478E-07,-3.238E-07
0.675,0.81,-1.11094E-05,-8.9750000000000013E-11,1.1105200000000002E-05,3.248E-07,-3.239E-07
0.67,0.81,-1.2948E-05,-9.721E-11,1.293E-05,3.2478E-07,-3.2386E-07
0.665,0.81,-1.4986E-05,-1.0397E-10,1.4986E-05,3.2478E-07,-3.238E-07
0.66,0.81,-1.7452E-05,-1.1275000000000001E-10,1.7452E-05,3.2502E-07,-3.2386E-07
0.655,0.81,-2.0236E-05,-1.1785E-10,2.0238000000000002E-05,3.2472E-07,-3.2368E-07
0.65,0.81,-2.3506E-05,-1.2190000000000001E-10,2.3514000000000002E-05,3.2464E-07,-3.2374E-07
0.645,0.81,-2.7258000000000002E-05,-1.2978000000000002E-10,2.7264000000000002E-05,3.2468E-07,-3.2384E-07
0.64,0.81,-3.1664E-05,-1.4022E-10,3.1652E-05,3.248E-07,-3.2386E-07
0.635,0.81,-3.6662E-05,-1.4803E-10,3.6686E-05,3.2472E-07,-3.2382E-07
0.63,0.81,-4.2606E-05,-1.5564000000000002E-10,4.2584000000000004E-05,3.2468E-07,-3.2372E-07
0.625,0.81,-4.931E-05,-1.5972000000000002E-10,4.9338E-05,3.246E-07,-3.2384E-07
0.62,0.81,-5.717E-05,-1.7606E-10,5.7226000000000004E-05,3.247E-07,-3.2376E-07
0.615,0.81,-6.6152E-05,-1.7930000000000002E-10,6.6122E-05,3.2472E-07,-3.2372E-07
0.61,0.81,-7.6748E-05,-1.8736E-10,7.669E-05,3.2476E-07,-3.2382E-07
0.605,0.81,-8.8594E-05,-1.9281E-10,8.8682E-05,3.2478E-07,-3.2384E-07
0.6,0.81,-0.000102658,-2.0448000000000003E-10,0.0001027,3.2478E-07,-3.238E-07
0.595,0.81,-0.00011828000000000001,-2.1044000000000003E-10,0.00011836000000000001,3.2474E-07,-3.238E-07
0.59000000000000008,0.81,-0.00013658,-2.1763000000000003E-10,0.00013678,3.2468E-07,-3.2378E-07
0.58500000000000008,0.81,-0.00015752000000000002,-2.3047E-10,0.00015764000000000002,3.2468E-07,-3.2382E-07
0.58000000000000007,0.81,-0.00018184,-2.4157E-10,0.00018192000000000002,3.2478E-07,-3.2378E-07
0.57500000000000007,0.81,-0.00020916,-2.4936E-10,0.00020924000000000002,3.2466E-07,-3.2378E-07
0.57000000000000006,0.81,-0.00024102000000000002,-2.5904E-10,0.0002412,3.2472E-07,-3.2384E-07
0.56500000000000006,0.81,-0.00027656,-2.6618E-10,0.00027698,3.2478E-07,-3.2374E-07
0.56,0.81,-0.00031778000000000004,-2.7986E-10,0.00031806,3.2498E-07,-3.238E-07
0.555,0.81,-0.0003637,-2.859E-10,0.00036382,3.2472E-07,-3.2382E-07
0.55,0.81,-0.00041656,-2.9665E-10,0.00041692000000000004,3.247E-07,-3.2378E-07
0.545,0.81,-0.0004752,-3.0496E-10,0.00047578000000000003,3.2474E-07,-3.2372E-07
0.54,0.81,-0.00054246,-3.2078E-10,0.00054300000000000008,3.2468E-07,-3.2378E-07
0.535,0.81,-0.00061676,-3.2372000000000005E-10,0.00061714000000000007,3.2474E-07,-3.2384E-07
0.53,0.81,-0.00070088000000000008,-3.3899000000000004E-10,0.00070128000000000009,3.2472E-07,-3.2374E-07
0.525,0.81,-0.00079372,-3.4692000000000003E-10,0.00079394,3.2476E-07,-3.2378E-07
0.52,0.81,-0.00089836000000000007,-3.6312000000000003E-10,0.00089802,3.2474E-07,-3.2384E-07
0.515,0.81,-0.00101208,-3.7130000000000005E-10,0.0010122800000000002,3.248E-07,-3.2394E-07
0.51,0.81,-0.0011393,-3.8093000000000005E-10,0.00113962,3.2472E-07,-3.238E-07
0.505,0.81,-0.0012764,-3.9133000000000003E-10,0.0012772,3.2466E-07,-3.2368E-07
0.5,0.81,-0.0014296,-4.0339000000000004E-10,0.00143,3.2474E-07,-3.238E-07
0.49500000000000005,0.81,-0.0015924000000000001,-4.1344E-10,0.0015932000000000001,3.2384E-07,-3.2288E-07
0.49000000000000005,0.81,-0.0017742,-4.3282E-10,0.0017738,3.2384E-07,-3.2284E-07
0.48500000000000004,0.81,-0.0019644,-4.4576E-10,0.001965,3.2386E-07,-3.229E-07
0.48000000000000004,0.81,-0.0021736,-4.5727E-10,0.0021728,3.2378E-07,-3.2292E-07
0.47500000000000003,0.81,-0.0023922,-4.6868000000000008E-10,0.0023928,3.2392E-07,-3.2288E-07
0.47000000000000003,0.81,-0.0026304,-4.8598E-10,0.0026304,3.2374E-07,-3.2282E-07
0.465,0.81,-0.0028782,-4.9674000000000009E-10,0.0028786000000000003,3.2374E-07,-3.2282E-07
0.46,0.81,-0.0031422,-5.1483000000000007E-10,0.0031424,3.238E-07,-3.2285999999999997E-07
0.455,0.81,-0.0034152,-5.2724E-10,0.0034162,3.2372E-07,-3.2292E-07
0.45,0.81,-0.0037064,-5.5028000000000009E-10,0.003708,3.2378E-07,-3.2284E-07
0.445,0.81,-0.0040034,-5.5879000000000009E-10,0.0040052,3.2378E-07,-3.2285999999999997E-07
0.44,0.81,-0.0043174,-5.7682000000000008E-10,0.0043188,3.2382E-07,-3.229E-07
0.435,0.81,-0.004636,-6.0566000000000006E-10,0.0046346,3.2374E-07,-3.2284E-07
0.43,0.81,-0.0049668,-6.2998E-10,0.004968,3.2294E-07,-3.2224E-07
0.42500000000000004,0.81,-0.0053008000000000005,-6.2822E-10,0.005302,3.2369999999999997E-07,-3.2294E-07
0.42000000000000004,0.81,-0.0056464,-6.6523000000000009E-10,0.005649,3.2392E-07,-3.2308E-07
0.41500000000000004,0.81,-0.0059902,-6.6856E-10,0.0059928,3.2374E-07,-3.2292E-07
0.41000000000000003,0.81,-0.0063446,-6.942E-10,0.0063448,3.2378E-07,-3.2288E-07
0.405,0.81,-0.006698,-7.1027000000000007E-10,0.0066958,3.2374E-07,-3.2296E-07
0.4,0.81,-0.0070506,-7.3137E-10,0.0070534000000000005,3.2372E-07,-3.2296E-07
0.395,0.81,-0.007403,-7.5483000000000007E-10,0.007403,3.2376E-07,-3.229E-07
0.39,0.81,-0.0077584,-7.7639E-10,0.0077576,3.2376E-07,-3.2292E-07
0.385,0.81,-0.008102,-7.9917E-10,0.0081026,3.2372E-07,-3.2294E-07
0.38,0.81,-0.0084502,-8.2618E-10,0.0084498,3.2372E-07,-3.2296E-07
0.375,0.81,-0.0087844,-8.525600000000001E-10,0.008785600000000001,3.2378E-07,-3.2284E-07
0.37,0.81,-0.0091214,-8.7684E-10,0.0091228,3.238E-07,-3.2296E-07
0.365,0.81,-0.0094446000000000009,-8.9943000000000007E-10,0.0094456,3.2374E-07,-3.2296E-07
0.36000000000000004,0.81,-0.0097666,-9.4641E-10,0.009767,3.2322E-07,-3.2254E-07
0.35500000000000004,0.81,-0.0100736,-9.5935E-10,0.010075800000000001,3.2374E-07,-3.2299999999999997E-07
0.35000000000000003,0.81,-0.0103784,-9.8116000000000016E-10,0.010379600000000001,3.2378E-07,-3.2294E-07
0.34500000000000003,0.81,-0.010672000000000001,-1.0112700000000002E-09,0.0106718,3.2376E-07,-3.2299999999999997E-07
0.34,0.81,-0.0109578,-1.0387000000000002E-09,0.0109572,3.2372E-07,-3.231E-07
0.335,0.81,-0.0112292,-1.09006E-09,0.011231,3.2369999999999997E-07,-3.2302E-07
0.33,0.81,-0.0114968,-1.1153E-09,0.0114982,3.238E-07,-3.2304E-07
0.325,0.81,-0.01173,-1.1298E-09,0.011746000000000001,3.2372E-07,-3.2306E-07
0.32,0.81,-0.011978,-1.163E-09,0.011996000000000002,3.2384E-07,-3.2316E-07
0.315,0.81,-0.012214000000000001,-1.1941E-09,0.012230000000000001,3.2384E-07,-3.2299999999999997E-07
0.31,0.81,-0.012446,-1.2428E-09,0.012466000000000001,3.2384E-07,-3.231E-07
0.305,0.81,-0.012664000000000002,-1.2751E-09,0.012682,3.2299999999999997E-07,-3.2242E-07
0.3,0.81,-0.012876,-1.3042E-09,0.012896000000000001,3.2376E-07,-3.2306E-07
0.29500000000000004,0.81,-0.013082000000000002,-1.3313E-09,0.013098000000000002,3.2372E-07,-3.2306E-07
0.29000000000000004,0.81,-0.013274000000000001,-1.3691E-09,0.013292000000000002,3.2378E-07,-3.2308E-07
0.28500000000000003,0.81,-0.013458000000000001,-1.4069E-09,0.013478,3.231E-07,-3.2299999999999997E-07
0.28,0.81,-0.013638,-1.4478E-09,0.013656000000000002,3.2376E-07,-3.2308E-07
0.275,0.81,-0.013812000000000001,-1.4926E-09,0.013828000000000002,3.2372E-07,-3.2313999999999997E-07
0.27,0.81,-0.013976,-1.5302E-09,0.013994000000000001,3.2302E-07,-3.2224E-07
0.265,0.81,-0.014136000000000001,-1.5696E-09,0.014150000000000001,3.2366E-07,-3.2299999999999997E-07
0.26,0.81,-0.014288000000000002,-1.6101E-09,0.014310000000000002,3.2362E-07,-3.2298E-07
0.255,0.81,-0.014434,-1.65E-09,0.014448,3.2369999999999997E-07,-3.2304E-07
0.25,0.81,-0.014574000000000002,-1.6903E-09,0.014592,3.2366E-07,-3.2299999999999997E-07
0.24500000000000002,0.81,-0.014708,-1.7381E-09,0.014724000000000001,3.2368E-07,-3.2304E-07
0.24000000000000002,0.81,-0.014834000000000002,-1.7852E-09,0.014854000000000001,3.2376E-07,-3.2302E-07
0.23500000000000001,0.81,-0.014958,-1.8368E-09,0.014974000000000001,3.2368E-07,-3.2246E-07
0.23,0.81,-0.015076,-1.8821E-09,0.015092000000000001,3.2374E-07,-3.2294E-07
0.225,0.81,-0.015188000000000002,-1.93E-09,0.015210000000000001,3.2308E-07,-3.2308E-07
0.22,0.81,-0.015298,-1.9846E-09,0.015314000000000001,3.2369999999999997E-07,-3.2306E-07
0.215,0.81,-0.015404000000000001,-2.035E-09,0.015420000000000001,3.2372E-07,-3.2312E-07
0.21000000000000002,0.81,-0.015512000000000002,-2.0926E-09,0.015524000000000001,3.2374E-07,-3.2308E-07
0.20500000000000002,0.81,-0.015602000000000001,-2.1443E-09,0.015622000000000002,3.2372E-07,-3.2302E-07
0.2,0.81,-0.015698,-2.2075E-09,0.015716,3.2368E-07,-3.2232E-07
0.195,0.81,-0.015788,-2.2645E-09,0.015808000000000003,3.2372E-07,-3.2318E-07
0.19,0.81,-0.015874000000000003,-2.3231E-09,0.015892,3.2362E-07,-3.2302E-07
0.185,0.81,-0.015956,-2.3848E-09,0.01597,3.2368E-07,-3.2299999999999997E-07
0.18000000000000002,0.81,-0.016034000000000003,-2.4473E-09,0.016052,3.2366E-07,-3.2306E-07
0.17500000000000002,0.81,-0.016114,-2.5126E-09,0.016130000000000002,3.2368E-07,-3.2302E-07
0.17,0.81,-0.016186000000000002,-2.5796E-09,0.016208,3.2308E-07,-3.2234E-07
0.165,0.81,-0.01626,-2.6525E-09,0.016274,3.2362E-07,-3.2294E-07
0.16,0.81,-0.01633,-2.7202E-09,0.016344,3.2374E-07,-3.2302E-07
0.155,0.81,-0.016394000000000002,-2.7988E-09,0.016414,3.2372E-07,-3.231E-07
0.15,0.81,-0.016456000000000002,-2.8668E-09,0.01648,3.2372E-07,-3.2236E-07
0.14500000000000002,0.81,-0.016518,-2.9472E-09,0.016540000000000003,3.2372E-07,-3.2302E-07
0.14,0.81,-0.016586,-3.0197E-09,0.016602000000000002,3.2374E-07,-3.2296E-07
0.135,0.81,-0.016640000000000002,-3.1062E-09,0.016658000000000003,3.2299999999999997E-07,-3.2236E-07
0.13,0.81,-0.016698,-3.1866E-09,0.016716,3.2376E-07,-3.2243999999999997E-07
0.125,0.81,-0.01675,-3.274E-09,0.016764,3.2368E-07,-3.2308E-07
0.12000000000000001,0.81,-0.016806,-3.3594E-09,0.016818000000000003,3.2368E-07,-3.2306E-07
0.115,0.81,-0.016854,-3.4478E-09,0.016870000000000003,3.2376E-07,-3.2306E-07
0.11,0.81,-0.016904000000000002,-3.5404E-09,0.016918000000000002,3.2374E-07,-3.2308E-07
0.10500000000000001,0.81,-0.01695,-3.6335E-09,0.016970000000000002,3.2312E-07,-3.2252E-07
0.1,0.81,-0.016998000000000003,-3.7333E-09,0.017012000000000003,3.2368E-07,-3.2302E-07
0.095,0.81,-0.017040000000000003,-3.8345E-09,0.017056,3.2372E-07,-3.2306E-07
0.090000000000000011,0.81,-0.017086,-3.938E-09,0.0171,3.2369999999999997E-07,-3.2306E-07
0.085,0.81,-0.017124,-4.035E-09,0.017140000000000002,3.2374E-07,-3.2308E-07
0.08,0.81,-0.017166,-4.1558E-09,0.017186,3.2364E-07,-3.2299999999999997E-07
0.075,0.81,-0.017204,-4.261E-09,0.017222,3.2364E-07,-3.2296E-07
0.07,0.81,-0.017238,-4.3831E-09,0.017258000000000003,3.2376E-07,-3.2308E-07
0.065,0.81,-0.017276000000000003,-4.4863E-09,0.017296000000000002,3.2369999999999997E-07,-3.2296E-07
0.060000000000000005,0.81,-0.017322,-4.6125E-09,0.017334000000000002,3.2358E-07,-3.2306E-07
0.055,0.81,-0.017352000000000003,-4.7397E-09,0.017372000000000002,3.2366E-07,-3.231E-07
0.05,0.81,-0.017388,-4.8664E-09,0.017408,3.2368E-07,-3.2306E-07
0.045000000000000005,0.81,-0.017422,-4.9936E-09,0.017436,3.2372E-07,-3.2299999999999997E-07
0.04,0.81,-0.017448,-5.1299E-09,0.017470000000000003,3.2376E-07,-3.2296E-07
0.035,0.81,-0.017482,-5.2794E-09,0.017496,3.2366E-07,-3.2313999999999997E-07
0.030000000000000002,0.81,-0.01751,-5.4024E-09,0.01753,3.2372E-07,-3.231E-07
0.025,0.81,-0.017544,-5.5496E-09,0.017556000000000002,3.238E-07,-3.2308E-07
0.02,0.81,-0.017566000000000002,-5.6906E-09,0.017592,3.2308E-07,-3.2266E-07
0.015000000000000001,0.81,-0.017598000000000003,-5.8488E-09,0.017616000000000003,3.2368E-07,-3.2312E-07
0.01,0.81,-0.017626000000000003,-6.0022E-09,0.017646000000000002,3.2366E-07,-3.2306E-07
0.005,0.81,-0.017648,-6.1542E-09,0.017672,3.2374E-07,-3.2306E-07
0,0.81,-0.017676,-6.3232E-09,0.017692000000000003,3.2384E-07,-3.2304E-07
1.2,0.82000000000000006,-1.028E-09,6.1309E-10,-7.7130000000000009E-11,3.2344E-07,-3.2294E-07
1.195,0.82000000000000006,-1.0157E-09,5.661E-10,-7.4590000000000011E-11,3.2336E-07,-3.2294E-07
1.19,0.82000000000000006,-1.0124E-09,5.2979000000000009E-10,-7.280000000000001E-11,3.235E-07,-3.2288E-07
1.185,0.82000000000000006,-1.0055E-09,4.9016E-10,-6.7700000000000009E-11,3.235E-07,-3.2294E-07
1.1800000000000002,0.82000000000000006,-1.0018E-09,4.5650000000000003E-10,-6.2490000000000009E-11,3.2354E-07,-3.2288E-07
1.175,0.82000000000000006,-9.966E-10,4.2498E-10,-5.898E-11,3.2354E-07,-3.2285999999999997E-07
1.1700000000000002,0.82000000000000006,-9.882E-10,3.9712E-10,-6.0610000000000011E-11,3.236E-07,-3.229E-07
1.165,0.82000000000000006,-9.8988E-10,3.7417E-10,-5.098E-11,3.2362E-07,-3.2284E-07
1.1600000000000001,0.82000000000000006,-9.8365E-10,3.4724000000000003E-10,-4.913E-11,3.236E-07,-3.2294E-07
1.155,0.82000000000000006,-9.7232E-10,3.2727000000000005E-10,-4.5540000000000005E-11,3.2344E-07,-3.2288E-07
1.1500000000000001,0.82000000000000006,-9.7674E-10,3.0693000000000005E-10,-4.418E-11,3.2372E-07,-3.2288E-07
1.145,0.82000000000000006,-9.7679E-10,2.8970000000000004E-10,-3.7270000000000004E-11,3.2368E-07,-3.2292E-07
1.1400000000000001,0.82000000000000006,-9.6214000000000015E-10,2.7138E-10,-3.75E-11,3.2366E-07,-3.2284E-07
1.135,0.82000000000000006,-9.6125000000000017E-10,2.5225000000000003E-10,-3.242E-11,3.2362E-07,-3.2284E-07
1.1300000000000001,0.82000000000000006,-9.6201E-10,2.3786E-10,-3.0140000000000005E-11,3.2292E-07,-3.2218E-07
1.125,0.82000000000000006,-9.6306E-10,2.2489E-10,-2.307E-11,3.2364E-07,-3.228E-07
1.12,0.82000000000000006,-9.5073E-10,2.1652000000000002E-10,-2.2060000000000003E-11,3.2358E-07,-3.2268E-07
1.115,0.82000000000000006,-9.6149000000000016E-10,2.0040000000000003E-10,-1.3770000000000001E-11,3.2362E-07,-3.2282E-07
1.11,0.82000000000000006,-9.4933E-10,1.8988000000000002E-10,-9.7900000000000009E-12,3.2362E-07,-3.2282E-07
1.105,0.82000000000000006,-9.5419E-10,1.7772E-10,-5.55E-12,3.2384E-07,-3.2284E-07
1.1,0.82000000000000006,-9.5370000000000013E-10,1.7423E-10,-8.300000000000001E-13,3.2368E-07,-3.2276E-07
1.095,0.82000000000000006,-9.6743E-10,1.5854E-10,9.65E-12,3.2366E-07,-3.229E-07
1.09,0.82000000000000006,-9.5409000000000017E-10,1.538E-10,1.4210000000000002E-11,3.2366E-07,-3.2282E-07
1.085,0.82000000000000006,-9.5651E-10,1.4067000000000002E-10,2.096E-11,3.2362E-07,-3.228E-07
1.08,0.82000000000000006,-9.6542000000000017E-10,1.3590000000000002E-10,2.9440000000000004E-11,3.2304E-07,-3.2276E-07
1.075,0.82000000000000006,-9.757300000000001E-10,1.2519E-10,3.965E-11,3.2366E-07,-3.2288E-07
1.07,0.82000000000000006,-9.7148E-10,1.2493E-10,4.902E-11,3.2366E-07,-3.2276E-07
1.065,0.82000000000000006,-9.8495E-10,1.1349000000000001E-10,6.3180000000000008E-11,3.2366E-07,-3.228E-07
1.06,0.82000000000000006,-9.9755000000000014E-10,1.0933000000000001E-10,7.897E-11,3.2368E-07,-3.2282E-07
1.0550000000000002,0.82000000000000006,-1.0058400000000001E-09,1.0048000000000001E-10,9.4110000000000012E-11,3.2364E-07,-3.228E-07
1.05,0.82000000000000006,-1.01866E-09,9.964E-11,1.1367000000000001E-10,3.2368E-07,-3.2284E-07
1.0450000000000002,0.82000000000000006,-1.04592E-09,9.166000000000001E-11,1.3713000000000002E-10,3.2369999999999997E-07,-3.2282E-07
1.04,0.82000000000000006,-1.06118E-09,8.9310000000000013E-11,1.6063000000000002E-10,3.2366E-07,-3.2274E-07
1.0350000000000001,0.82000000000000006,-1.0819000000000002E-09,8.343E-11,1.9153E-10,3.2368E-07,-3.2282E-07
1.03,0.82000000000000006,-1.1192100000000001E-09,8.0800000000000008E-11,2.273E-10,3.2378E-07,-3.229E-07
1.0250000000000001,0.82000000000000006,-1.1565E-09,7.419E-11,2.646E-10,3.236E-07,-3.229E-07
1.02,0.82000000000000006,-1.2002E-09,6.824E-11,3.1155E-10,3.2364E-07,-3.2271999999999997E-07
1.0150000000000001,0.82000000000000006,-1.2479E-09,6.6850000000000007E-11,3.6393E-10,3.2372E-07,-3.228E-07
1.01,0.82000000000000006,-1.2994E-09,6.229E-11,4.2225E-10,3.2369999999999997E-07,-3.228E-07
1.0050000000000001,0.82000000000000006,-1.3714E-09,6.192E-11,4.9456E-10,3.2306E-07,-3.228E-07
1,0.82000000000000006,-1.4494E-09,5.422E-11,5.7995E-10,3.2364E-07,-3.2278E-07
0.995,0.82000000000000006,-1.5456E-09,5.6640000000000004E-11,6.7392000000000009E-10,3.2368E-07,-3.228E-07
0.9900000000000001,0.82000000000000006,-1.6438E-09,5.3010000000000006E-11,7.8433E-10,3.2368E-07,-3.2288E-07
0.9850000000000001,0.82000000000000006,-1.7846E-09,4.8460000000000006E-11,9.1782E-10,3.2364E-07,-3.2282E-07
0.98000000000000009,0.82000000000000006,-1.9281E-09,4.144E-11,1.0659E-09,3.2366E-07,-3.2282E-07
0.97500000000000009,0.82000000000000006,-2.0976E-09,4.5220000000000006E-11,1.2377E-09,3.2368E-07,-3.2218E-07
0.97000000000000008,0.82000000000000006,-2.2941E-09,4.104E-11,1.4435E-09,3.2369999999999997E-07,-3.2292E-07
0.96500000000000008,0.82000000000000006,-2.5238E-09,3.4580000000000005E-11,1.6733E-09,3.2362E-07,-3.2288E-07
0.96000000000000008,0.82000000000000006,-2.8127E-09,3.81E-11,1.9545E-09,3.2369999999999997E-07,-3.2288E-07
0.95500000000000007,0.82000000000000006,-3.1226E-09,3.4390000000000004E-11,2.2733E-09,3.2372E-07,-3.2282E-07
0.95000000000000007,0.82000000000000006,-3.4945E-09,3.551E-11,2.646E-09,3.2374E-07,-3.228E-07
0.94500000000000006,0.82000000000000006,-3.9171E-09,2.914E-11,3.0796E-09,3.2366E-07,-3.2278E-07
0.94000000000000006,0.82000000000000006,-4.4273E-09,2.8180000000000003E-11,3.5795E-09,3.2366E-07,-3.2288E-07
0.935,0.82000000000000006,-5.0084E-09,2.4970000000000002E-11,4.1691E-09,3.2364E-07,-3.2284E-07
0.93,0.82000000000000006,-5.6839E-09,2.8030000000000002E-11,4.8449E-09,3.2374E-07,-3.2299999999999997E-07
0.925,0.82000000000000006,-6.4762E-09,2.2390000000000003E-11,5.6438E-09,3.2376E-07,-3.2284E-07
0.92,0.82000000000000006,-7.4047E-09,2.0370000000000003E-11,6.5588E-09,3.2368E-07,-3.2288E-07
0.915,0.82000000000000006,-8.4443E-09,1.7510000000000003E-11,7.6179E-09,3.2298E-07,-3.2284E-07
0.91,0.82000000000000006,-9.6959E-09,2.1260000000000003E-11,8.8727E-09,3.2368E-07,-3.2284E-07
0.905,0.82000000000000006,-1.11378E-08,1.87E-11,1.03101E-08,3.2374E-07,-3.2284E-07
0.9,0.82000000000000006,-1.2843799999999998E-08,1.3260000000000001E-11,1.2021199999999998E-08,3.2366E-07,-3.229E-07
0.895,0.82000000000000006,-1.4795199999999999E-08,1.48E-11,1.3967399999999999E-08,3.236E-07,-3.2276E-07
0.89,0.82000000000000006,-1.70854E-08,1.2870000000000002E-11,1.62684E-08,3.2368E-07,-3.2288E-07
0.885,0.82000000000000006,-1.9728799999999997E-08,1.106E-11,1.8925E-08,3.2372E-07,-3.229E-07
0.88,0.82000000000000006,-2.2860599999999997E-08,1.401E-11,2.2030799999999996E-08,3.2366E-07,-3.2282E-07
0.875,0.82000000000000006,-2.6420399999999996E-08,7.2400000000000007E-12,2.5613E-08,3.2368E-07,-3.228E-07
0.87,0.82000000000000006,-3.0660799999999995E-08,1.2930000000000001E-11,2.9835599999999995E-08,3.2372E-07,-3.228E-07
0.865,0.82000000000000006,-3.55172E-08,6.6300000000000006E-12,3.46902E-08,3.2366E-07,-3.2278E-07
0.86,0.82000000000000006,-4.12044E-08,7.0000000000000009E-12,4.0383399999999994E-08,3.236E-07,-3.228E-07
0.85500000000000009,0.82000000000000006,-4.7771399999999993E-08,7.9E-12,4.6982E-08,3.2366E-07,-3.2284E-07
0.85000000000000009,0.82000000000000006,-5.5522399999999994E-08,1.55E-12,5.4679199999999994E-08,3.2308E-07,-3.2218E-07
0.84500000000000008,0.82000000000000006,-6.43856E-08,7.27E-12,6.35608E-08,3.2364E-07,-3.228E-07
0.84000000000000008,0.82000000000000006,-7.4880399999999988E-08,1.4900000000000001E-12,7.40574E-08,3.2364E-07,-3.2215999999999997E-07
0.83500000000000008,0.82000000000000006,-8.6836799999999988E-08,2.21E-12,8.6045999999999988E-08,3.2374E-07,-3.2276E-07
0.83000000000000007,0.82000000000000006,-1.010412E-07,5.2E-13,1.0025419999999999E-07,3.2374E-07,-3.2282E-07
0.82500000000000007,0.82000000000000006,-1.172E-07,-2.6800000000000003E-12,1.1644E-07,3.2364E-07,-3.2271999999999997E-07
0.82000000000000006,0.82000000000000006,-1.364E-07,1.09E-12,1.3574E-07,3.2369999999999997E-07,-3.2294E-07
0.81500000000000006,0.82000000000000006,-1.583E-07,-4.3900000000000005E-12,1.5784E-07,3.2374E-07,-3.2282E-07
0.81,0.82000000000000006,-1.8448E-07,-4.6500000000000006E-12,1.8354E-07,3.232E-07,-3.2215999999999997E-07
0.805,0.82000000000000006,-2.1408E-07,-5.4600000000000006E-12,2.1338E-07,3.2358E-07,-3.2278E-07
0.8,0.82000000000000006,-2.4882E-07,-9.390000000000001E-12,2.4776E-07,3.2306E-07,-3.2284E-07
0.795,0.82000000000000006,-2.8936E-07,-8.3000000000000014E-12,2.887E-07,3.2404E-07,-3.2322E-07
0.79,0.82000000000000006,-3.3632E-07,-1.0840000000000002E-11,3.3594E-07,3.2404E-07,-3.2324E-07
0.785,0.82000000000000006,-3.9198E-07,-1.2340000000000001E-11,3.9096E-07,3.2406E-07,-3.233E-07
0.78,0.82000000000000006,-4.5458E-07,-1.3490000000000002E-11,4.5422E-07,3.2402E-07,-3.2312E-07
0.775,0.82000000000000006,-5.2937999999999994E-07,-1.9530000000000003E-11,5.2864E-07,3.2404E-07,-3.2324E-07
0.77,0.82000000000000006,-6.1512E-07,-1.892E-11,6.1387999999999994E-07,3.2406E-07,-3.2313999999999997E-07
0.765,0.82000000000000006,-7.1586E-07,-2.019E-11,7.1494E-07,3.2338E-07,-3.2248E-07
0.76,0.82000000000000006,-8.3164E-07,-2.0770000000000003E-11,8.3056E-07,3.2402E-07,-3.2318E-07
0.755,0.82000000000000006,-9.6772E-07,-2.5990000000000002E-11,9.6724E-07,3.241E-07,-3.2324E-07
0.75,0.82000000000000006,-1.12362E-06,-3.0130000000000003E-11,1.12336E-06,3.2408E-07,-3.2318E-07
0.745,0.82000000000000006,-1.3059E-06,-3.081E-11,1.3063E-06,3.2346E-07,-3.2254E-07
0.74,0.82000000000000006,-1.5187000000000002E-06,-3.435E-11,1.5171E-06,3.2408E-07,-3.2324E-07
0.735,0.82000000000000006,-1.7674000000000002E-06,-4.4050000000000006E-11,1.7681000000000003E-06,3.2398E-07,-3.231E-07
0.73,0.82000000000000006,-2.0515E-06,-3.8480000000000006E-11,2.0529000000000003E-06,3.2404E-07,-3.232E-07
0.72500000000000009,0.82000000000000006,-2.3895E-06,-4.72E-11,2.3881E-06,3.2408E-07,-3.2326E-07
0.72000000000000008,0.82000000000000006,-2.7738000000000004E-06,-4.7900000000000004E-11,2.7744000000000005E-06,3.2336E-07,-3.2256E-07
0.71500000000000008,0.82000000000000006,-3.2291E-06,-5.7220000000000004E-11,3.2296000000000004E-06,3.235E-07,-3.2262E-07
0.71000000000000008,0.82000000000000006,-3.7523000000000005E-06,-5.7930000000000007E-11,3.7530000000000003E-06,3.2404E-07,-3.2327999999999997E-07
0.70500000000000007,0.82000000000000006,-4.3654000000000006E-06,-6.251E-11,4.3694E-06,3.2404E-07,-3.2326E-07
0.70000000000000007,0.82000000000000006,-5.0658000000000007E-06,-6.9990000000000009E-11,5.0704000000000006E-06,3.2398E-07,-3.2313999999999997E-07
0.69500000000000006,0.82000000000000006,-5.9008E-06,-7.3770000000000007E-11,5.9006000000000007E-06,3.2402E-07,-3.2318E-07
0.69000000000000006,0.82000000000000006,-6.8494000000000009E-06,-7.896E-11,6.8573E-06,3.2354E-07,-3.232E-07
0.685,0.82000000000000006,-7.9606000000000013E-06,-8.3770000000000012E-11,7.9451000000000012E-06,3.2392E-07,-3.2324E-07
0.68,0.82000000000000006,-9.2680000000000017E-06,-9.039000000000001E-11,9.2598E-06,3.2396E-07,-3.232E-07
0.675,0.82000000000000006,-1.07484E-05,-9.2260000000000013E-11,1.07384E-05,3.2344E-07,-3.2264E-07
0.67,0.82000000000000006,-1.25E-05,-9.978E-11,1.2492E-05,3.2406E-07,-3.2326E-07
0.665,0.82000000000000006,-1.4514E-05,-1.0626E-10,1.4502000000000001E-05,3.2352E-07,-3.2322E-07
0.66,0.82000000000000006,-1.6836E-05,-1.1654000000000002E-10,1.6852E-05,3.2402E-07,-3.2266E-07
0.655,0.82000000000000006,-1.956E-05,-1.1738E-10,1.9558E-05,3.2408E-07,-3.2318E-07
0.65,0.82000000000000006,-2.2734E-05,-1.3297E-10,2.2740000000000003E-05,3.2406E-07,-3.232E-07
0.645,0.82000000000000006,-2.638E-05,-1.3821E-10,2.6374000000000002E-05,3.2408E-07,-3.2318E-07
0.64,0.82000000000000006,-3.0622E-05,-1.4641000000000001E-10,3.0608E-05,3.24E-07,-3.2318E-07
0.635,0.82000000000000006,-3.5418E-05,-1.517E-10,3.5424E-05,3.241E-07,-3.2324E-07
0.63,0.82000000000000006,-4.1108E-05,-1.5713E-10,4.1162E-05,3.2402E-07,-3.2313999999999997E-07
0.625,0.82000000000000006,-4.766E-05,-1.6924E-10,4.763E-05,3.2402E-07,-3.2306E-07
0.62,0.82000000000000006,-5.525E-05,-1.7661000000000002E-10,5.5242000000000004E-05,3.2338E-07,-3.2252E-07
0.615,0.82000000000000006,-6.3932E-05,-1.8538E-10,6.3898E-05,3.2456E-07,-3.2374E-07
0.61,0.82000000000000006,-7.415E-05,-1.9007000000000002E-10,7.4080000000000009E-05,3.2468E-07,-3.238E-07
0.605,0.82000000000000006,-8.5602E-05,-2.0244000000000003E-10,8.5594000000000008E-05,3.2468E-07,-3.2388E-07
0.6,0.82000000000000006,-9.922E-05,-2.0678E-10,9.9172E-05,3.2466E-07,-3.238E-07
0.595,0.82000000000000006,-0.000114296,-2.2120000000000002E-10,0.000114392,3.2462E-07,-3.2376E-07
0.59000000000000008,0.82000000000000006,-0.00013208,-2.3171000000000002E-10,0.00013218,3.246E-07,-3.238E-07
0.58500000000000008,0.82000000000000006,-0.00015218,-2.3604E-10,0.00015230000000000002,3.247E-07,-3.238E-07
0.58000000000000007,0.82000000000000006,-0.00017566,-2.4862E-10,0.00017582,3.2466E-07,-3.2384E-07
0.57500000000000007,0.82000000000000006,-0.0002019,-2.4811000000000004E-10,0.00020212000000000002,3.246E-07,-3.238E-07
0.57000000000000006,0.82000000000000006,-0.00023258000000000003,-2.663E-10,0.00023286000000000002,3.2456E-07,-3.2372E-07
0.56500000000000006,0.82000000000000006,-0.00026710000000000004,-2.7203000000000004E-10,0.00026728,3.2468E-07,-3.2378E-07
0.56,0.82000000000000006,-0.00030646000000000004,-2.8707E-10,0.00030654,3.2466E-07,-3.2384E-07
0.555,0.82000000000000006,-0.00035076000000000004,-2.9001E-10,0.00035102,3.2456E-07,-3.2374E-07
0.55,0.82000000000000006,-0.00040202,-3.0161E-10,0.00040222,3.2474E-07,-3.2378E-07
0.545,0.82000000000000006,-0.00045866,-3.1309E-10,0.00045888000000000005,3.2466E-07,-3.2378E-07
0.54,0.82000000000000006,-0.00052354000000000007,-3.2302000000000004E-10,0.00052296,3.2466E-07,-3.2372E-07
0.535,0.82000000000000006,-0.00059486,-3.3280000000000003E-10,0.0005953,3.2468E-07,-3.2384E-07
0.53,0.82000000000000006,-0.00067572,-3.4407000000000003E-10,0.00067626,3.2474E-07,-3.2378E-07
0.525,0.82000000000000006,-0.00076476000000000007,-3.5841E-10,0.0007649,3.2466E-07,-3.2382E-07
0.52,0.82000000000000006,-0.00086522000000000009,-3.6933E-10,0.00086526000000000007,3.2402E-07,-3.232E-07
0.515,0.82000000000000006,-0.00097406,-3.7857E-10,0.00097442,3.2398E-07,-3.2326E-07
0.51,0.82000000000000006,-0.00109672,-3.862E-10,0.0010966600000000002,3.2402E-07,-3.2324E-07
0.505,0.82000000000000006,-0.0012276000000000001,-3.9946000000000004E-10,0.0012276000000000001,3.2334E-07,-3.226E-07
0.5,0.82000000000000006,-0.0013744,-4.1315E-10,0.0013750000000000001,3.24E-07,-3.2313999999999997E-07
0.49500000000000005,0.82000000000000006,-0.0015312000000000001,-4.2565E-10,0.0015304000000000001,3.2396E-07,-3.2313999999999997E-07
0.49000000000000005,0.82000000000000006,-0.0017022,-4.4052000000000005E-10,0.0017022,3.2346E-07,-3.2322E-07
0.48500000000000004,0.82000000000000006,-0.0018848,-4.4856000000000005E-10,0.0018848,3.2398E-07,-3.232E-07
0.48000000000000004,0.82000000000000006,-0.0020834,-4.6792000000000008E-10,0.0020844,3.2346E-07,-3.2264E-07
0.47500000000000003,0.82000000000000006,-0.0022924,-4.8847000000000007E-10,0.0022936000000000002,3.2398E-07,-3.2324E-07
0.47000000000000003,0.82000000000000006,-0.0025156,-5.0216000000000005E-10,0.0025162,3.2344E-07,-3.2318E-07
0.465,0.82000000000000006,-0.0027502,-5.1668E-10,0.0027512,3.2354E-07,-3.232E-07
0.46,0.82000000000000006,-0.0030004,-5.2132E-10,0.0029996000000000003,3.2408E-07,-3.2318E-07
0.455,0.82000000000000006,-0.0032568000000000002,-5.4304E-10,0.0032586,3.2355999999999997E-07,-3.227E-07
0.45,0.82000000000000006,-0.0035298,-5.6046E-10,0.0035312,3.2404E-07,-3.2324E-07
0.445,0.82000000000000006,-0.0038088,-5.6877000000000009E-10,0.003809,3.2402E-07,-3.2274E-07
0.44,0.82000000000000006,-0.0040998,-5.8869000000000006E-10,0.0041012,3.2344E-07,-3.2266E-07
0.435,0.82000000000000006,-0.0043966000000000005,-6.0928000000000009E-10,0.0043974,3.24E-07,-3.2326E-07
0.43,0.82000000000000006,-0.0047020000000000004,-6.2693E-10,0.0047022,3.239E-07,-3.2327999999999997E-07
0.42500000000000004,0.82000000000000006,-0.0050088,-6.4482000000000005E-10,0.0050096,3.2402E-07,-3.2312E-07
0.42000000000000004,0.82000000000000006,-0.005326,-6.6219000000000007E-10,0.005326,3.24E-07,-3.233E-07
0.41500000000000004,0.82000000000000006,-0.0056396,-6.8815E-10,0.005639,3.235E-07,-3.227E-07
0.41000000000000003,0.82000000000000006,-0.0059618,-7.0799000000000005E-10,0.0059616,3.2398E-07,-3.233E-07
0.405,0.82000000000000006,-0.0062798,-7.2641000000000008E-10,0.0062804,3.2394E-07,-3.2326E-07
0.4,0.82000000000000006,-0.0066004,-7.484E-10,0.0065998,3.2398E-07,-3.2322E-07
0.395,0.82000000000000006,-0.0069134,-7.7706000000000011E-10,0.0069156,3.2404E-07,-3.2327999999999997E-07
0.39,0.82000000000000006,-0.0072294,-8.1884E-10,0.007228,3.24E-07,-3.2332E-07
0.385,0.82000000000000006,-0.0075352000000000006,-8.2470000000000006E-10,0.0075368,3.24E-07,-3.2326E-07
0.38,0.82000000000000006,-0.0078412,-8.4287000000000011E-10,0.0078422,3.2396E-07,-3.233E-07
0.375,0.82000000000000006,-0.0081378,-8.7492000000000012E-10,0.0081396,3.2404E-07,-3.2332E-07
0.37,0.82000000000000006,-0.0084338,-8.9852000000000012E-10,0.0084336,3.2398E-07,-3.2278E-07
0.365,0.82000000000000006,-0.0087182,-9.3078000000000007E-10,0.0087178,3.2398E-07,-3.233E-07
0.36000000000000004,0.82000000000000006,-0.008996,-9.5524000000000011E-10,0.0089974000000000009,3.2404E-07,-3.2327999999999997E-07
0.35500000000000004,0.82000000000000006,-0.009266,-9.9997E-10,0.0092658,3.239E-07,-3.2271999999999997E-07
0.35000000000000003,0.82000000000000006,-0.0095302,-1.00858E-09,0.0095298,3.2396E-07,-3.233E-07
0.34500000000000003,0.82000000000000006,-0.0097782,-1.03939E-09,0.0097814,3.2402E-07,-3.233E-07
0.34,0.82000000000000006,-0.0100252,-1.0697200000000001E-09,0.0100286,3.239E-07,-3.2336E-07
0.335,0.82000000000000006,-0.010261600000000001,-1.1020000000000001E-09,0.010262,3.2374E-07,-3.2278E-07
0.33,0.82000000000000006,-0.0104934,-1.1314E-09,0.0104936,3.2404E-07,-3.233E-07
0.325,0.82000000000000006,-0.0107104,-1.1657E-09,0.0107108,3.235E-07,-3.2327999999999997E-07
0.32,0.82000000000000006,-0.0109228,-1.1944E-09,0.0109222,3.2396E-07,-3.2334E-07
0.315,0.82000000000000006,-0.0111244,-1.2299E-09,0.0111228,3.2396E-07,-3.233E-07
0.31,0.82000000000000006,-0.0113204,-1.2624E-09,0.0113214,3.2392E-07,-3.2332E-07
0.305,0.82000000000000006,-0.011486000000000001,-1.299E-09,0.011502000000000002,3.2348E-07,-3.2298E-07
0.3,0.82000000000000006,-0.011668000000000001,-1.3461E-09,0.011682000000000001,3.2394E-07,-3.233E-07
0.29500000000000004,0.82000000000000006,-0.011840000000000002,-1.3705E-09,0.01186,3.2338E-07,-3.2327999999999997E-07
0.29000000000000004,0.82000000000000006,-0.012008000000000001,-1.4065E-09,0.012020000000000001,3.239E-07,-3.2326E-07
0.28500000000000003,0.82000000000000006,-0.012164000000000001,-1.4458E-09,0.012184,3.239E-07,-3.2332E-07
0.28,0.82000000000000006,-0.012318,-1.4854E-09,0.012334000000000001,3.2392E-07,-3.2334E-07
0.275,0.82000000000000006,-0.012466000000000001,-1.5325E-09,0.012476000000000001,3.2396E-07,-3.233E-07
0.27,0.82000000000000006,-0.012606000000000001,-1.5638E-09,0.012620000000000001,3.2392E-07,-3.2276E-07
0.265,0.82000000000000006,-0.012738000000000001,-1.6077E-09,0.012750000000000001,3.2392E-07,-3.2336E-07
0.26,0.82000000000000006,-0.012868000000000001,-1.6504E-09,0.01288,3.2394E-07,-3.2336E-07
0.255,0.82000000000000006,-0.012990000000000002,-1.6968E-09,0.013006000000000002,3.239E-07,-3.2332E-07
0.25,0.82000000000000006,-0.013108000000000002,-1.7431E-09,0.013124000000000002,3.2392E-07,-3.2332E-07
0.24500000000000002,0.82000000000000006,-0.013224000000000001,-1.7892E-09,0.013236000000000001,3.2392E-07,-3.2332E-07
0.24000000000000002,0.82000000000000006,-0.013330000000000002,-1.8348E-09,0.013344000000000002,3.239E-07,-3.2271999999999997E-07
0.23500000000000001,0.82000000000000006,-0.013436000000000002,-1.8868E-09,0.013452,3.24E-07,-3.2336E-07
0.23,0.82000000000000006,-0.013528000000000002,-1.9332E-09,0.013546,3.2404E-07,-3.2332E-07
0.225,0.82000000000000006,-0.013628000000000001,-1.9862E-09,0.013652000000000001,3.2344E-07,-3.2284E-07
0.22,0.82000000000000006,-0.013718000000000001,-2.0401E-09,0.01374,3.2338E-07,-3.228E-07
0.215,0.82000000000000006,-0.013814000000000002,-2.0961E-09,0.013826000000000002,3.239E-07,-3.233E-07
0.21000000000000002,0.82000000000000006,-0.013894000000000002,-2.1502E-09,0.013914000000000001,3.239E-07,-3.2338E-07
0.20500000000000002,0.82000000000000006,-0.013980000000000001,-2.2027E-09,0.013998000000000002,3.239E-07,-3.2334E-07
0.2,0.82000000000000006,-0.014058000000000001,-2.2618E-09,0.014074000000000001,3.2392E-07,-3.2336E-07
0.195,0.82000000000000006,-0.014136000000000001,-2.3208E-09,0.014146,3.2392E-07,-3.2336E-07
0.19,0.82000000000000006,-0.014206000000000002,-2.3872E-09,0.014224,3.2394E-07,-3.2266E-07
0.185,0.82000000000000006,-0.014280000000000001,-2.4486E-09,0.014296000000000001,3.239E-07,-3.2336E-07
0.18000000000000002,0.82000000000000006,-0.014350000000000002,-2.5202E-09,0.014362000000000002,3.2392E-07,-3.2332E-07
0.17500000000000002,0.82000000000000006,-0.014414000000000002,-2.5786E-09,0.014434,3.2398E-07,-3.233E-07
0.17,0.82000000000000006,-0.014472,-2.6556E-09,0.014494000000000002,3.2392E-07,-3.2334E-07
0.165,0.82000000000000006,-0.01454,-2.7242E-09,0.014552,3.2392E-07,-3.2338E-07
0.16,0.82000000000000006,-0.014598000000000002,-2.8021E-09,0.014614000000000002,3.2392E-07,-3.2338E-07
0.155,0.82000000000000006,-0.014658000000000001,-2.8712E-09,0.014666000000000002,3.239E-07,-3.2341999999999997E-07
0.15,0.82000000000000006,-0.014708,-2.9463E-09,0.014724000000000001,3.2396E-07,-3.2336E-07
0.14500000000000002,0.82000000000000006,-0.014758000000000002,-3.0303E-09,0.014782000000000002,3.239E-07,-3.2338E-07
0.14,0.82000000000000006,-0.014812,-3.1105E-09,0.014832000000000001,3.2392E-07,-3.2332E-07
0.135,0.82000000000000006,-0.014864,-3.1979E-09,0.014878,3.2392E-07,-3.2338E-07
0.13,0.82000000000000006,-0.014910000000000001,-3.2779E-09,0.014928000000000002,3.2392E-07,-3.2334E-07
0.125,0.82000000000000006,-0.014956,-3.3682E-09,0.01497,3.233E-07,-3.2336E-07
0.12000000000000001,0.82000000000000006,-0.015002000000000001,-3.4606E-09,0.015024000000000001,3.234E-07,-3.2278E-07
0.115,0.82000000000000006,-0.015048,-3.5518E-09,0.01506,3.239E-07,-3.2332E-07
0.11,0.82000000000000006,-0.015088,-3.6473E-09,0.015108000000000002,3.239E-07,-3.2334E-07
0.10500000000000001,0.82000000000000006,-0.015126,-3.7444E-09,0.01514,3.2392E-07,-3.2332E-07
0.1,0.82000000000000006,-0.015166,-3.8379E-09,0.015188000000000002,3.2396E-07,-3.2338E-07
0.095,0.82000000000000006,-0.015200000000000002,-3.9426E-09,0.015220000000000001,3.2398E-07,-3.2332E-07
0.090000000000000011,0.82000000000000006,-0.015240000000000002,-4.0478E-09,0.015256,3.2386E-07,-3.2338E-07
0.085,0.82000000000000006,-0.015280000000000002,-4.1581E-09,0.015290000000000002,3.2396E-07,-3.2336E-07
0.08,0.82000000000000006,-0.015314000000000001,-4.273E-09,0.015332000000000002,3.2338E-07,-3.2284E-07
0.075,0.82000000000000006,-0.015348,-4.3857E-09,0.015364000000000001,3.2392E-07,-3.2334E-07
0.07,0.82000000000000006,-0.015382000000000002,-4.5035E-09,0.015398000000000002,3.2386E-07,-3.233E-07
0.065,0.82000000000000006,-0.015410000000000002,-4.616E-09,0.015426000000000002,3.2388E-07,-3.2332E-07
0.060000000000000005,0.82000000000000006,-0.015442,-4.7406E-09,0.015456000000000001,3.2388E-07,-3.2334E-07
0.055,0.82000000000000006,-0.015472000000000001,-4.8759E-09,0.015488000000000002,3.239E-07,-3.2332E-07
0.05,0.82000000000000006,-0.015502000000000002,-5.0051E-09,0.015516000000000002,3.2392E-07,-3.2332E-07
0.045000000000000005,0.82000000000000006,-0.015526000000000002,-5.1391E-09,0.015548000000000001,3.2394E-07,-3.2336E-07
0.04,0.82000000000000006,-0.015562000000000001,-5.271E-09,0.015572,3.2402E-07,-3.2336E-07
0.035,0.82000000000000006,-0.015586000000000001,-5.4145E-09,0.015602000000000001,3.2386E-07,-3.2332E-07
0.030000000000000002,0.82000000000000006,-0.015612000000000001,-5.5547E-09,0.01563,3.2384E-07,-3.2327999999999997E-07
0.025,0.82000000000000006,-0.015636,-5.7125E-09,0.015656,3.239E-07,-3.234E-07
0.02,0.82000000000000006,-0.01566,-5.8513E-09,0.015682,3.2396E-07,-3.2302E-07
0.015000000000000001,0.82000000000000006,-0.015682,-6.023E-09,0.015700000000000002,3.2396E-07,-3.2338E-07
0.01,0.82000000000000006,-0.015704000000000003,-6.1725E-09,0.015718000000000003,3.2388E-07,-3.2332E-07
0.005,0.82000000000000006,-0.01573,-6.3419E-09,0.015746000000000003,3.2396E-07,-3.2332E-07
0,0.82000000000000006,-0.015748,-6.5163E-09,0.015770000000000003,3.2394E-07,-3.2332E-07
1.2,0.83000000000000007,-8.9713000000000009E-10,6.0011E-10,-7.858E-11,3.2355999999999997E-07,-3.2326E-07
1.195,0.83000000000000007,-8.9210000000000005E-10,5.5246000000000008E-10,-7.4400000000000009E-11,3.2318E-07,-3.2282E-07
1.19,0.83000000000000007,-8.87E-10,5.1814E-10,-7.3540000000000012E-11,3.2372E-07,-3.2338E-07
1.185,0.83000000000000007,-8.823E-10,4.8086E-10,-6.772E-11,3.238E-07,-3.233E-07
1.1800000000000002,0.83000000000000007,-8.8645000000000008E-10,4.5113E-10,-6.2600000000000009E-11,3.2378E-07,-3.2266E-07
1.175,0.83000000000000007,-8.7342000000000007E-10,4.1545000000000005E-10,-6.022E-11,3.233E-07,-3.2276E-07
1.1700000000000002,0.83000000000000007,-8.6872000000000008E-10,3.9239000000000003E-10,-5.8000000000000007E-11,3.2378E-07,-3.2324E-07
1.165,0.83000000000000007,-8.6836000000000009E-10,3.604E-10,-5.157E-11,3.2384E-07,-3.2324E-07
1.1600000000000001,0.83000000000000007,-8.6315000000000006E-10,3.4231000000000003E-10,-4.9980000000000005E-11,3.239E-07,-3.232E-07
1.155,0.83000000000000007,-8.5875000000000006E-10,3.1799E-10,-4.658E-11,3.2384E-07,-3.2316E-07
1.1500000000000001,0.83000000000000007,-8.5381000000000007E-10,3.0294000000000004E-10,-4.3870000000000006E-11,3.2386E-07,-3.232E-07
1.145,0.83000000000000007,-8.5519E-10,2.7622E-10,-3.846E-11,3.239E-07,-3.232E-07
1.1400000000000001,0.83000000000000007,-8.4279E-10,2.6299000000000004E-10,-3.868E-11,3.2386E-07,-3.2318E-07
1.135,0.83000000000000007,-8.3901000000000008E-10,2.4345E-10,-3.397E-11,3.2392E-07,-3.2324E-07
1.1300000000000001,0.83000000000000007,-8.4467E-10,2.3250000000000002E-10,-3.074E-11,3.2392E-07,-3.2326E-07
1.125,0.83000000000000007,-8.4274E-10,2.1555000000000002E-10,-2.613E-11,3.2338E-07,-3.2308E-07
1.12,0.83000000000000007,-8.3292000000000006E-10,2.1022000000000003E-10,-2.1150000000000003E-11,3.2334E-07,-3.228E-07
1.115,0.83000000000000007,-8.3761000000000007E-10,1.9348000000000001E-10,-1.3950000000000001E-11,3.2392E-07,-3.2322E-07
1.11,0.83000000000000007,-8.3993E-10,1.8593000000000002E-10,-1.076E-11,3.2394E-07,-3.2324E-07
1.105,0.83000000000000007,-8.3522E-10,1.7138E-10,-5.75E-12,3.2396E-07,-3.2324E-07
1.1,0.83000000000000007,-8.3571000000000011E-10,1.6552000000000001E-10,-6.6E-13,3.2388E-07,-3.232E-07
1.095,0.83000000000000007,-8.3948000000000008E-10,1.5177E-10,6.8700000000000004E-12,3.2392E-07,-3.2318E-07
1.09,0.83000000000000007,-8.3830000000000009E-10,1.4778E-10,1.331E-11,3.239E-07,-3.2322E-07
1.085,0.83000000000000007,-8.3960000000000008E-10,1.373E-10,1.988E-11,3.2396E-07,-3.2322E-07
1.08,0.83000000000000007,-8.4557000000000011E-10,1.3048E-10,2.626E-11,3.2394E-07,-3.2296E-07
1.075,0.83000000000000007,-8.5567000000000011E-10,1.1926E-10,3.6660000000000006E-11,3.235E-07,-3.2271999999999997E-07
1.07,0.83000000000000007,-8.5293000000000007E-10,1.1688000000000001E-10,4.7250000000000005E-11,3.2344E-07,-3.227E-07
1.065,0.83000000000000007,-8.6355000000000008E-10,1.1061E-10,5.9400000000000009E-11,3.239E-07,-3.2324E-07
1.06,0.83000000000000007,-8.7786000000000011E-10,1.0296000000000001E-10,7.4070000000000009E-11,3.2398E-07,-3.232E-07
1.0550000000000002,0.83000000000000007,-8.8824E-10,9.54E-11,9.01E-11,3.2392E-07,-3.2318E-07
1.05,0.83000000000000007,-9.0026000000000005E-10,9.4060000000000009E-11,1.0850000000000001E-10,3.234E-07,-3.2294E-07
1.0450000000000002,0.83000000000000007,-9.2346E-10,9.0090000000000009E-11,1.3178E-10,3.239E-07,-3.2313999999999997E-07
1.04,0.83000000000000007,-9.4163E-10,8.533E-11,1.5837000000000002E-10,3.2338E-07,-3.2268E-07
1.0350000000000001,0.83000000000000007,-9.6293000000000011E-10,7.993E-11,1.8427000000000003E-10,3.2388E-07,-3.2318E-07
1.03,0.83000000000000007,-9.9513E-10,7.485E-11,2.1686000000000001E-10,3.2392E-07,-3.2318E-07
1.0250000000000001,0.83000000000000007,-1.0302900000000002E-09,6.717E-11,2.5486000000000004E-10,3.2346E-07,-3.2324E-07
1.02,0.83000000000000007,-1.07065E-09,6.7870000000000007E-11,2.9784000000000003E-10,3.2392E-07,-3.2318E-07
1.0150000000000001,0.83000000000000007,-1.1162700000000001E-09,6.553E-11,3.4856000000000004E-10,3.2324E-07,-3.2254E-07
1.01,0.83000000000000007,-1.1688E-09,6.075000000000001E-11,4.1160000000000006E-10,3.2336E-07,-3.2318E-07
1.0050000000000001,0.83000000000000007,-1.2425E-09,5.699E-11,4.7831000000000008E-10,3.2386E-07,-3.2312E-07
1,0.83000000000000007,-1.3229E-09,5.3740000000000006E-11,5.5880000000000008E-10,3.239E-07,-3.2318E-07
0.995,0.83000000000000007,-1.403E-09,5.2640000000000005E-11,6.4796E-10,3.239E-07,-3.2313999999999997E-07
0.9900000000000001,0.83000000000000007,-1.5072E-09,4.7950000000000006E-11,7.5819E-10,3.2392E-07,-3.2318E-07
0.9850000000000001,0.83000000000000007,-1.6326E-09,4.5320000000000005E-11,8.7942E-10,3.2392E-07,-3.2318E-07
0.98000000000000009,0.83000000000000007,-1.7731E-09,4.0550000000000005E-11,1.02767E-09,3.2396E-07,-3.232E-07
0.97500000000000009,0.83000000000000007,-1.9393E-09,4.0580000000000004E-11,1.193E-09,3.2396E-07,-3.2326E-07
0.97000000000000008,0.83000000000000007,-2.1301E-09,3.97E-11,1.3908E-09,3.2341999999999997E-07,-3.227E-07
0.96500000000000008,0.83000000000000007,-2.3605E-09,3.9750000000000005E-11,1.6154E-09,3.2394E-07,-3.232E-07
0.96000000000000008,0.83000000000000007,-2.6236E-09,3.2580000000000005E-11,1.8879E-09,3.2392E-07,-3.232E-07
0.95500000000000007,0.83000000000000007,-2.9269E-09,2.94E-11,2.1887E-09,3.236E-07,-3.2316E-07
0.95000000000000007,0.83000000000000007,-3.2803E-09,2.8400000000000003E-11,2.5499E-09,3.2338E-07,-3.2264E-07
0.94500000000000006,0.83000000000000007,-3.7011E-09,2.8780000000000003E-11,2.9673E-09,3.2392E-07,-3.2312E-07
0.94000000000000006,0.83000000000000007,-4.1844E-09,2.6010000000000002E-11,3.4515E-09,3.2336E-07,-3.2312E-07
0.935,0.83000000000000007,-4.7474E-09,2.5450000000000003E-11,4.0144E-09,3.2326E-07,-3.2252E-07
0.93,0.83000000000000007,-5.3952E-09,2.0150000000000003E-11,4.6652E-09,3.2392E-07,-3.2324E-07
0.925,0.83000000000000007,-6.1627E-09,1.741E-11,5.4331E-09,3.2384E-07,-3.2313999999999997E-07
0.92,0.83000000000000007,-7.0465E-09,1.775E-11,6.3162E-09,3.239E-07,-3.232E-07
0.915,0.83000000000000007,-8.0609E-09,2.2260000000000002E-11,7.3409E-09,3.2388E-07,-3.232E-07
0.91,0.83000000000000007,-9.2618E-09,1.7650000000000002E-11,8.5488E-09,3.2384E-07,-3.232E-07
0.905,0.83000000000000007,-1.06515E-08,1.57E-11,9.9365E-09,3.2384E-07,-3.2324E-07
0.9,0.83000000000000007,-1.2293999999999999E-08,1.693E-11,1.1579399999999999E-08,3.2396E-07,-3.2322E-07
0.895,0.83000000000000007,-1.4173399999999999E-08,1.3870000000000001E-11,1.3465999999999998E-08,3.2396E-07,-3.2318E-07
0.89,0.83000000000000007,-1.63898E-08,1.4610000000000002E-11,1.5678399999999998E-08,3.239E-07,-3.2318E-07
0.885,0.83000000000000007,-1.89414E-08,9.8000000000000011E-12,1.8228399999999998E-08,3.2392E-07,-3.2322E-07
0.88,0.83000000000000007,-2.1931799999999997E-08,7.51E-12,2.1225199999999997E-08,3.2396E-07,-3.232E-07
0.875,0.83000000000000007,-2.5372999999999998E-08,6.14E-12,2.4663599999999997E-08,3.2388E-07,-3.2324E-07
0.87,0.83000000000000007,-2.9435999999999996E-08,3.3400000000000003E-12,2.8727399999999998E-08,3.2396E-07,-3.2318E-07
0.865,0.83000000000000007,-3.40964E-08,5.1200000000000008E-12,3.3399399999999995E-08,3.2394E-07,-3.232E-07
0.86,0.83000000000000007,-3.9584999999999993E-08,4.92E-12,3.88654E-08,3.2392E-07,-3.232E-07
0.85500000000000009,0.83000000000000007,-4.5896199999999994E-08,5.2500000000000004E-12,4.5220599999999997E-08,3.2386E-07,-3.2264E-07
0.85000000000000009,0.83000000000000007,-5.3357599999999992E-08,5.6200000000000007E-12,5.2649999999999992E-08,3.2394E-07,-3.2318E-07
0.84500000000000008,0.83000000000000007,-6.18928E-08,2.6100000000000004E-12,6.1169599999999989E-08,3.2386E-07,-3.232E-07
0.84000000000000008,0.83000000000000007,-7.19604E-08,3.0900000000000004E-12,7.1277399999999992E-08,3.2332E-07,-3.2318E-07
0.83500000000000008,0.83000000000000007,-8.3496E-08,-1.7600000000000002E-12,8.2810599999999991E-08,3.2392E-07,-3.2316E-07
0.83000000000000007,0.83000000000000007,-9.7159999999999991E-08,-4.46E-12,9.6379399999999988E-08,3.245E-07,-3.2372E-07
0.82500000000000007,0.83000000000000007,-1.1273719999999998E-07,-5.7700000000000007E-12,1.1205679999999999E-07,3.2448E-07,-3.2384E-07
0.82000000000000006,0.83000000000000007,-1.3128E-07,-8.7100000000000015E-12,1.305E-07,3.2448E-07,-3.2378E-07
0.81500000000000006,0.83000000000000007,-1.524E-07,-3.0900000000000004E-12,1.5146E-07,3.2444E-07,-3.2369999999999997E-07
0.81,0.83000000000000007,-1.7722E-07,-5.8700000000000006E-12,1.7674E-07,3.2454E-07,-3.2366E-07
0.805,0.83000000000000007,-2.0586E-07,-5.2700000000000008E-12,2.0554E-07,3.245E-07,-3.2382E-07
0.8,0.83000000000000007,-2.3916E-07,-9.900000000000001E-12,2.3832E-07,3.2454E-07,-3.2382E-07
0.795,0.83000000000000007,-2.7824E-07,-1.0920000000000001E-11,2.776E-07,3.245E-07,-3.2372E-07
0.79,0.83000000000000007,-3.2318E-07,-1.049E-11,3.2242E-07,3.2442E-07,-3.2369999999999997E-07
0.785,0.83000000000000007,-3.767E-07,-1.588E-11,3.7586E-07,3.2454E-07,-3.2378E-07
0.78,0.83000000000000007,-4.3704E-07,-1.5870000000000002E-11,4.3668E-07,3.2452E-07,-3.2374E-07
0.775,0.83000000000000007,-5.0911999999999994E-07,-1.775E-11,5.0844E-07,3.2448E-07,-3.238E-07
0.77,0.83000000000000007,-5.9214E-07,-1.7510000000000003E-11,5.9058E-07,3.2448E-07,-3.2374E-07
0.765,0.83000000000000007,-6.8948E-07,-2.573E-11,6.8838E-07,3.2458E-07,-3.2374E-07
0.76,0.83000000000000007,-7.9984E-07,-2.6850000000000003E-11,7.9857999999999994E-07,3.2446E-07,-3.2374E-07
0.755,0.83000000000000007,-9.3054E-07,-3.1660000000000004E-11,9.3034E-07,3.246E-07,-3.2394E-07
0.75,0.83000000000000007,-1.08144E-06,-2.589E-11,1.08168E-06,3.2452E-07,-3.2372E-07
0.745,0.83000000000000007,-1.2554E-06,-3.136E-11,1.2556E-06,3.245E-07,-3.2378E-07
0.74,0.83000000000000007,-1.4584E-06,-3.384E-11,1.4599000000000002E-06,3.2454E-07,-3.2384E-07
0.735,0.83000000000000007,-1.6976000000000003E-06,-4.1970000000000005E-11,1.6984000000000001E-06,3.2454E-07,-3.2376E-07
0.73,0.83000000000000007,-1.9721E-06,-4.338E-11,1.974E-06,3.2444E-07,-3.2368E-07
0.72500000000000009,0.83000000000000007,-2.2972000000000002E-06,-5.168E-11,2.2982000000000003E-06,3.2456E-07,-3.2372E-07
0.72000000000000008,0.83000000000000007,-2.6688E-06,-5.1960000000000007E-11,2.6702000000000003E-06,3.2468E-07,-3.2374E-07
0.71500000000000008,0.83000000000000007,-3.1051E-06,-5.292E-11,3.1059E-06,3.2448E-07,-3.2382E-07
0.71000000000000008,0.83000000000000007,-3.6038000000000005E-06,-6.25E-11,3.6066000000000003E-06,3.2442E-07,-3.2372E-07
0.70500000000000007,0.83000000000000007,-4.196E-06,-6.791E-11,4.1964E-06,3.245E-07,-3.2384E-07
0.70000000000000007,0.83000000000000007,-4.8778E-06,-7.238E-11,4.8742000000000007E-06,3.2448E-07,-3.2372E-07
0.69500000000000006,0.83000000000000007,-5.6687000000000005E-06,-7.772E-11,5.671E-06,3.2456E-07,-3.2374E-07
0.69000000000000006,0.83000000000000007,-6.5842E-06,-8.285E-11,6.5908000000000005E-06,3.2454E-07,-3.2378E-07
0.685,0.83000000000000007,-7.6443E-06,-8.8440000000000007E-11,7.6419E-06,3.245E-07,-3.2374E-07
0.68,0.83000000000000007,-8.8871000000000017E-06,-9.804E-11,8.8916000000000014E-06,3.2438E-07,-3.2364E-07
0.675,0.83000000000000007,-1.0318600000000002E-05,-9.7720000000000013E-11,1.03204E-05,3.2438E-07,-3.2369999999999997E-07
0.67,0.83000000000000007,-1.2006E-05,-1.0685000000000001E-10,1.2014E-05,3.245E-07,-3.2376E-07
0.665,0.83000000000000007,-1.3914000000000001E-05,-1.1272000000000001E-10,1.3924000000000001E-05,3.2454E-07,-3.2376E-07
0.66,0.83000000000000007,-1.6186E-05,-1.2189E-10,1.6194E-05,3.2456E-07,-3.2372E-07
0.655,0.83000000000000007,-1.8792000000000002E-05,-1.2483E-10,1.878E-05,3.2446E-07,-3.238E-07
0.65,0.83000000000000007,-2.182E-05,-1.3204000000000002E-10,2.1818E-05,3.2454E-07,-3.2372E-07
0.645,0.83000000000000007,-2.5302E-05,-1.4143000000000002E-10,2.5302E-05,3.246E-07,-3.2372E-07
0.64,0.83000000000000007,-2.9364000000000002E-05,-1.5255E-10,2.9372000000000003E-05,3.2448E-07,-3.2374E-07
0.635,0.83000000000000007,-3.4042000000000004E-05,-1.5493E-10,3.4036000000000004E-05,3.2454E-07,-3.2368E-07
0.63,0.83000000000000007,-3.951E-05,-1.6637000000000002E-10,3.9538E-05,3.2456E-07,-3.2374E-07
0.625,0.83000000000000007,-4.5722E-05,-1.6748000000000003E-10,4.5684E-05,3.2444E-07,-3.2355999999999997E-07
0.62,0.83000000000000007,-5.299E-05,-1.8429000000000002E-10,5.305E-05,3.245E-07,-3.2374E-07
0.615,0.83000000000000007,-6.133E-05,-1.8717E-10,6.1336E-05,3.2436E-07,-3.2366E-07
0.61,0.83000000000000007,-7.1096E-05,-1.9735000000000002E-10,7.1096E-05,3.2448E-07,-3.2372E-07
0.605,0.83000000000000007,-8.2148E-05,-2.0614000000000002E-10,8.2126E-05,3.244E-07,-3.2369999999999997E-07
0.6,0.83000000000000007,-9.5058E-05,-2.1447E-10,9.509E-05,3.2454E-07,-3.2368E-07
0.595,0.83000000000000007,-0.000109696,-2.2362000000000003E-10,0.00010966,3.2442E-07,-3.2372E-07
0.59000000000000008,0.83000000000000007,-0.00012656,-2.3543000000000003E-10,0.00012662,3.2448E-07,-3.2372E-07
0.58500000000000008,0.83000000000000007,-0.00014578,-2.4146E-10,0.00014582,3.2442E-07,-3.2374E-07
0.58000000000000007,0.83000000000000007,-0.00016820000000000002,-2.523E-10,0.0001683,3.244E-07,-3.2376E-07
0.57500000000000007,0.83000000000000007,-0.00019362,-2.5929000000000004E-10,0.00019382,3.2448E-07,-3.2374E-07
0.57000000000000006,0.83000000000000007,-0.00022278,-2.7117E-10,0.00022304,3.245E-07,-3.2378E-07
0.56500000000000006,0.83000000000000007,-0.00025552,-2.7889E-10,0.00025564,3.2444E-07,-3.2372E-07
0.56,0.83000000000000007,-0.00029346,-2.8978E-10,0.00029376,3.2448E-07,-3.2369999999999997E-07
0.555,0.83000000000000007,-0.00033600000000000004,-2.9804000000000004E-10,0.00033606,3.2448E-07,-3.2374E-07
0.55,0.83000000000000007,-0.00038438000000000003,-3.0947E-10,0.00038484,3.2446E-07,-3.2372E-07
0.545,0.83000000000000007,-0.00043846000000000005,-3.2018E-10,0.00043858000000000005,3.244E-07,-3.2366E-07
0.54,0.83000000000000007,-0.00050042,-3.3301E-10,0.00050042,3.2448E-07,-3.2376E-07
0.535,0.83000000000000007,-0.00056852,-3.3977E-10,0.00056884,3.2442E-07,-3.2372E-07
0.53,0.83000000000000007,-0.00064538000000000009,-3.5232000000000003E-10,0.0006461,3.2444E-07,-3.2376E-07
0.525,0.83000000000000007,-0.00073038000000000009,-3.6171000000000004E-10,0.0007299,3.2438E-07,-3.2368E-07
0.52,0.83000000000000007,-0.00082526000000000008,-3.7175000000000003E-10,0.0008250000000000001,3.2442E-07,-3.2372E-07
0.515,0.83000000000000007,-0.00092894000000000006,-3.8696000000000003E-10,0.00092972000000000009,3.2448E-07,-3.2372E-07
0.51,0.83000000000000007,-0.0010450000000000001,-3.9618E-10,0.0010451800000000002,3.2446E-07,-3.2368E-07
0.505,0.83000000000000007,-0.0011684,-4.1181000000000005E-10,0.00117,3.2446E-07,-3.2376E-07
0.5,0.83000000000000007,-0.0013082,-4.2714000000000004E-10,0.0013082,3.235E-07,-3.2282E-07
0.49500000000000005,0.83000000000000007,-0.0014556,-4.3517000000000006E-10,0.0014562,3.2344E-07,-3.228E-07
0.49000000000000005,0.83000000000000007,-0.0016176,-4.4787000000000003E-10,0.0016184,3.235E-07,-3.2271999999999997E-07
0.48500000000000004,0.83000000000000007,-0.0017896000000000001,-4.6499E-10,0.0017902,3.2346E-07,-3.2284E-07
0.48000000000000004,0.83000000000000007,-0.0019756,-4.7378E-10,0.001976,3.2338E-07,-3.2276E-07
0.47500000000000003,0.83000000000000007,-0.002171,-4.9272E-10,0.0021716,3.2352E-07,-3.2284E-07
0.47000000000000003,0.83000000000000007,-0.0023798,-5.0183E-10,0.0023814,3.2354E-07,-3.2282E-07
0.465,0.83000000000000007,-0.0025982,-5.2167E-10,0.0026,3.235E-07,-3.2282E-07
0.46,0.83000000000000007,-0.00283,-5.3613000000000009E-10,0.002831,3.2372E-07,-3.2215999999999997E-07
0.455,0.83000000000000007,-0.0030676,-5.5611000000000006E-10,0.0030688,3.2362E-07,-3.2271999999999997E-07
0.45,0.83000000000000007,-0.0033184,-5.7981000000000009E-10,0.0033196000000000002,3.235E-07,-3.2288E-07
0.445,0.83000000000000007,-0.0035736,-6.0388000000000009E-10,0.0035738000000000002,3.2346E-07,-3.2282E-07
0.44,0.83000000000000007,-0.0038408,-6.1802E-10,0.0038418000000000002,3.2346E-07,-3.2266E-07
0.435,0.83000000000000007,-0.0041088,-6.2678000000000008E-10,0.0041102000000000005,3.2346E-07,-3.228E-07
0.43,0.83000000000000007,-0.0043874000000000005,-6.5522E-10,0.0043878,3.235E-07,-3.2276E-07
0.42500000000000004,0.83000000000000007,-0.004664,-6.6426E-10,0.004665,3.2362E-07,-3.2282E-07
0.42000000000000004,0.83000000000000007,-0.0049478000000000005,-6.8563E-10,0.0049494000000000005,3.2271999999999997E-07,-3.2212E-07
0.41500000000000004,0.83000000000000007,-0.0052316,-7.0651000000000008E-10,0.0052302,3.2348E-07,-3.2282E-07
0.41000000000000003,0.83000000000000007,-0.0055164,-7.2639E-10,0.0055152000000000005,3.2344E-07,-3.2206E-07
0.405,0.83000000000000007,-0.0057962000000000005,-7.5044E-10,0.005797,3.2348E-07,-3.2282E-07
0.4,0.83000000000000007,-0.0060774,-7.7445E-10,0.0060802,3.2271999999999997E-07,-3.221E-07
0.395,0.83000000000000007,-0.0063532,-7.9598000000000008E-10,0.0063534,3.2336E-07,-3.2278E-07
0.39,0.83000000000000007,-0.0066298,-8.2147000000000006E-10,0.0066288,3.2344E-07,-3.2284E-07
0.385,0.83000000000000007,-0.0068972,-8.4721000000000012E-10,0.0068966,3.2346E-07,-3.228E-07
0.38,0.83000000000000007,-0.0071634,-8.7721000000000012E-10,0.0071638000000000005,3.2346E-07,-3.2278E-07
0.375,0.83000000000000007,-0.0074182,-8.9584000000000008E-10,0.0074214,3.2344E-07,-3.2288E-07
0.37,0.83000000000000007,-0.0076738000000000006,-9.2854000000000008E-10,0.0076738000000000006,3.2338E-07,-3.2288E-07
0.365,0.83000000000000007,-0.0079162,-9.5110000000000016E-10,0.0079158,3.234E-07,-3.2284E-07
0.36000000000000004,0.83000000000000007,-0.0081546,-9.8596E-10,0.0081558,3.2346E-07,-3.2282E-07
0.35500000000000004,0.83000000000000007,-0.0083842,-1.00718E-09,0.0083842,3.2348E-07,-3.2284E-07
0.35000000000000003,0.83000000000000007,-0.0086088,-1.03999E-09,0.0086084,3.2341999999999997E-07,-3.229E-07
0.34500000000000003,0.83000000000000007,-0.0088216,-1.06954E-09,0.0088214,3.2338E-07,-3.228E-07
0.34,0.83000000000000007,-0.0090282,-1.10252E-09,0.009031,3.2338E-07,-3.2288E-07
0.335,0.83000000000000007,-0.0092288,-1.1295E-09,0.0092304,3.2348E-07,-3.2288E-07
0.33,0.83000000000000007,-0.0094232,-1.165E-09,0.009425,3.2338E-07,-3.2284E-07
0.325,0.83000000000000007,-0.009606,-1.1941E-09,0.009605,3.2341999999999997E-07,-3.2292E-07
0.32,0.83000000000000007,-0.009784000000000001,-1.2277E-09,0.0097844,3.2336E-07,-3.2288E-07
0.315,0.83000000000000007,-0.0099548,-1.2659E-09,0.0099546000000000009,3.235E-07,-3.2294E-07
0.31,0.83000000000000007,-0.0101206,-1.3012E-09,0.010122,3.234E-07,-3.2284E-07
0.305,0.83000000000000007,-0.010275600000000001,-1.3329E-09,0.010275,3.2341999999999997E-07,-3.2285999999999997E-07
0.3,0.83000000000000007,-0.010427800000000001,-1.3805E-09,0.0104296,3.2348E-07,-3.2282E-07
0.29500000000000004,0.83000000000000007,-0.0105702,-1.4141E-09,0.010572,3.235E-07,-3.2296E-07
0.29000000000000004,0.83000000000000007,-0.010711,-1.4592E-09,0.0107086,3.2271999999999997E-07,-3.2268E-07
0.28500000000000003,0.83000000000000007,-0.010842000000000001,-1.4935E-09,0.0108432,3.2332E-07,-3.229E-07
0.28,0.83000000000000007,-0.0109732,-1.5232E-09,0.0109724,3.235E-07,-3.228E-07
0.275,0.83000000000000007,-0.011090000000000001,-1.5665E-09,0.0110924,3.2341999999999997E-07,-3.2284E-07
0.27,0.83000000000000007,-0.011207400000000001,-1.6068E-09,0.0112098,3.2348E-07,-3.229E-07
0.265,0.83000000000000007,-0.0113198,-1.6503E-09,0.0113204,3.2346E-07,-3.2284E-07
0.26,0.83000000000000007,-0.011432,-1.6945E-09,0.011428,3.2344E-07,-3.2288E-07
0.255,0.83000000000000007,-0.011512000000000001,-1.7495E-09,0.01153,3.2341999999999997E-07,-3.2284E-07
0.25,0.83000000000000007,-0.01161,-1.7937E-09,0.011630000000000001,3.2354E-07,-3.2288E-07
0.24500000000000002,0.83000000000000007,-0.011708000000000001,-1.845E-09,0.011720000000000001,3.234E-07,-3.2298E-07
0.24000000000000002,0.83000000000000007,-0.011796000000000001,-1.8828E-09,0.011812000000000001,3.2338E-07,-3.2285999999999997E-07
0.23500000000000001,0.83000000000000007,-0.011884,-1.9421E-09,0.0119,3.233E-07,-3.2264E-07
0.23,0.83000000000000007,-0.011968000000000001,-1.9903E-09,0.011988,3.2341999999999997E-07,-3.2298E-07
0.225,0.83000000000000007,-0.012050000000000002,-2.0531E-09,0.012062000000000002,3.2344E-07,-3.2296E-07
0.22,0.83000000000000007,-0.012128000000000002,-2.1034E-09,0.012142000000000002,3.2346E-07,-3.229E-07
0.215,0.83000000000000007,-0.012202000000000001,-2.1576E-09,0.012218000000000001,3.2344E-07,-3.2292E-07
0.21000000000000002,0.83000000000000007,-0.012274000000000002,-2.2159999999999998E-09,0.012288,3.2341999999999997E-07,-3.231E-07
0.20500000000000002,0.83000000000000007,-0.012342,-2.2701E-09,0.012356,3.2341999999999997E-07,-3.2288E-07
0.2,0.83000000000000007,-0.012406,-2.3315E-09,0.01242,3.234E-07,-3.2292E-07
0.195,0.83000000000000007,-0.012472,-2.399E-09,0.012490000000000001,3.234E-07,-3.2288E-07
0.19,0.83000000000000007,-0.012532000000000002,-2.4634E-09,0.012552,3.2338E-07,-3.2288E-07
0.185,0.83000000000000007,-0.012596000000000001,-2.5261E-09,0.012608000000000001,3.2352E-07,-3.2288E-07
0.18000000000000002,0.83000000000000007,-0.012650000000000002,-2.5965E-09,0.012666000000000002,3.2338E-07,-3.229E-07
0.17500000000000002,0.83000000000000007,-0.012706,-2.6601E-09,0.012722,3.233E-07,-3.2284E-07
0.17,0.83000000000000007,-0.01276,-2.7364E-09,0.012772,3.2266E-07,-3.2284E-07
0.165,0.83000000000000007,-0.012812,-2.804E-09,0.012822000000000002,3.2334E-07,-3.2294E-07
0.16,0.83000000000000007,-0.012858000000000001,-2.8792E-09,0.01288,3.2332E-07,-3.2278E-07
0.155,0.83000000000000007,-0.012910000000000001,-2.9523E-09,0.012922000000000001,3.2341999999999997E-07,-3.2284E-07
0.15,0.83000000000000007,-0.012954000000000002,-3.0319E-09,0.012968,3.2334E-07,-3.229E-07
0.14500000000000002,0.83000000000000007,-0.012996,-3.1153E-09,0.01301,3.2336E-07,-3.2294E-07
0.14,0.83000000000000007,-0.013044000000000002,-3.2018E-09,0.013058000000000002,3.2341999999999997E-07,-3.2294E-07
0.135,0.83000000000000007,-0.013088,-3.2888E-09,0.013090000000000001,3.2341999999999997E-07,-3.2292E-07
0.13,0.83000000000000007,-0.013120000000000002,-3.3683E-09,0.013136000000000002,3.2336E-07,-3.229E-07
0.125,0.83000000000000007,-0.013160000000000002,-3.46E-09,0.01318,3.227E-07,-3.2215999999999997E-07
0.12000000000000001,0.83000000000000007,-0.013200000000000002,-3.5609E-09,0.01322,3.2341999999999997E-07,-3.2288E-07
0.115,0.83000000000000007,-0.013238000000000002,-3.6602E-09,0.013252000000000002,3.2336E-07,-3.229E-07
0.11,0.83000000000000007,-0.013272,-3.7518E-09,0.013292000000000002,3.234E-07,-3.2288E-07
0.10500000000000001,0.83000000000000007,-0.013308,-3.8448E-09,0.013320000000000002,3.234E-07,-3.2228E-07
0.1,0.83000000000000007,-0.013340000000000001,-3.9489E-09,0.013358000000000002,3.2336E-07,-3.2292E-07
0.095,0.83000000000000007,-0.013370000000000002,-4.056E-09,0.01339,3.2336E-07,-3.2288E-07
0.090000000000000011,0.83000000000000007,-0.013404000000000001,-4.1674E-09,0.013422000000000002,3.2344E-07,-3.229E-07
0.085,0.83000000000000007,-0.013434000000000002,-4.28E-09,0.013454,3.2336E-07,-3.229E-07
0.08,0.83000000000000007,-0.013462000000000002,-4.4063E-09,0.013484000000000001,3.2332E-07,-3.2288E-07
0.075,0.83000000000000007,-0.013494,-4.5132E-09,0.013508000000000001,3.2257999999999997E-07,-3.2206E-07
0.07,0.83000000000000007,-0.01352,-4.6348E-09,0.013536000000000001,3.2344E-07,-3.2296E-07
0.065,0.83000000000000007,-0.013546,-4.7541E-09,0.013566000000000002,3.2336E-07,-3.2284E-07
0.060000000000000005,0.83000000000000007,-0.01357,-4.8719E-09,0.013588000000000001,3.233E-07,-3.2285999999999997E-07
0.055,0.83000000000000007,-0.013596,-5.008E-09,0.013612,3.2336E-07,-3.2226E-07
0.05,0.83000000000000007,-0.013624,-5.1422E-09,0.013636,3.2382E-07,-3.2336E-07
0.045000000000000005,0.83000000000000007,-0.013648,-5.2778E-09,0.013662,3.2378E-07,-3.2326E-07
0.04,0.83000000000000007,-0.013668000000000001,-5.4226E-09,0.013684000000000002,3.2374E-07,-3.2326E-07
0.035,0.83000000000000007,-0.013692000000000001,-5.5758E-09,0.013708000000000001,3.2372E-07,-3.233E-07
0.030000000000000002,0.83000000000000007,-0.013710000000000002,-5.7209E-09,0.013734000000000001,3.2378E-07,-3.2338E-07
0.025,0.83000000000000007,-0.013734000000000001,-5.872E-09,0.013756,3.2378E-07,-3.2327999999999997E-07
0.02,0.83000000000000007,-0.013760000000000001,-6.0309E-09,0.013770000000000001,3.2374E-07,-3.2313999999999997E-07
0.015000000000000001,0.83000000000000007,-0.013772000000000001,-6.2143E-09,0.013792,3.2376E-07,-3.2324E-07
0.01,0.83000000000000007,-0.013798000000000001,-6.3632E-09,0.013814000000000002,3.2378E-07,-3.2326E-07
0.005,0.83000000000000007,-0.013814000000000002,-6.5313E-09,0.013830000000000002,3.2378E-07,-3.2298E-07
0,0.83000000000000007,-0.013832,-6.6871E-09,0.013852000000000002,3.2376E-07,-3.2326E-07
1.2,0.84000000000000008,-7.830500000000001E-10,5.8913E-10,-7.7240000000000009E-11,3.235E-07,-3.2324E-07
1.195,0.84000000000000008,-7.6963000000000006E-10,5.4629000000000009E-10,-7.469E-11,3.2348E-07,-3.2318E-07
1.19,0.84000000000000008,-7.6865E-10,5.0567000000000007E-10,-6.9770000000000008E-11,3.2355999999999997E-07,-3.2312E-07
1.185,0.84000000000000008,-7.6696000000000011E-10,4.6943E-10,-6.7180000000000007E-11,3.2355999999999997E-07,-3.2322E-07
1.1800000000000002,0.84000000000000008,-7.5604E-10,4.3574000000000004E-10,-6.4640000000000009E-11,3.2358E-07,-3.2312E-07
1.175,0.84000000000000008,-7.5126E-10,4.0779000000000005E-10,-6.35E-11,3.2358E-07,-3.2294E-07
1.1700000000000002,0.84000000000000008,-7.5531000000000005E-10,3.7587E-10,-5.728E-11,3.2366E-07,-3.2312E-07
1.165,0.84000000000000008,-7.4550000000000006E-10,3.5174E-10,-5.6250000000000006E-11,3.2368E-07,-3.2312E-07
1.1600000000000001,0.84000000000000008,-7.4441E-10,3.3223000000000005E-10,-5.153E-11,3.2372E-07,-3.2318E-07
1.155,0.84000000000000008,-7.399600000000001E-10,3.1244E-10,-4.5650000000000005E-11,3.2372E-07,-3.2318E-07
1.1500000000000001,0.84000000000000008,-7.3884000000000011E-10,2.9169E-10,-4.078E-11,3.2364E-07,-3.2324E-07
1.145,0.84000000000000008,-7.2630000000000007E-10,2.6991E-10,-3.8730000000000005E-11,3.2369999999999997E-07,-3.2318E-07
1.1400000000000001,0.84000000000000008,-7.3452000000000006E-10,2.5474000000000004E-10,-3.579E-11,3.2372E-07,-3.2313999999999997E-07
1.135,0.84000000000000008,-7.2633E-10,2.3625000000000004E-10,-3.2070000000000005E-11,3.2374E-07,-3.232E-07
1.1300000000000001,0.84000000000000008,-7.2347000000000009E-10,2.2555E-10,-3.0940000000000005E-11,3.2366E-07,-3.2316E-07
1.125,0.84000000000000008,-7.1625000000000009E-10,2.0548000000000002E-10,-2.868E-11,3.2369999999999997E-07,-3.2312E-07
1.12,0.84000000000000008,-7.2529000000000009E-10,1.9673000000000003E-10,-2.487E-11,3.236E-07,-3.2308E-07
1.115,0.84000000000000008,-7.200000000000001E-10,1.8054E-10,-1.9530000000000003E-11,3.2368E-07,-3.2316E-07
1.11,0.84000000000000008,-7.2116E-10,1.8032E-10,-1.484E-11,3.2376E-07,-3.2308E-07
1.105,0.84000000000000008,-7.1863E-10,1.6326000000000001E-10,-8.11E-12,3.2368E-07,-3.2312E-07
1.1,0.84000000000000008,-7.2324000000000008E-10,1.5758000000000001E-10,-1.8000000000000002E-12,3.2312E-07,-3.2246E-07
1.095,0.84000000000000008,-7.1790000000000007E-10,1.4068E-10,5.23E-12,3.2376E-07,-3.2312E-07
1.09,0.84000000000000008,-7.2209E-10,1.4279E-10,9.94E-12,3.2313999999999997E-07,-3.2288E-07
1.085,0.84000000000000008,-7.2503E-10,1.2971E-10,1.972E-11,3.2374E-07,-3.2312E-07
1.08,0.84000000000000008,-7.3094000000000006E-10,1.2701E-10,2.629E-11,3.238E-07,-3.2313999999999997E-07
1.075,0.84000000000000008,-7.2835000000000008E-10,1.1192000000000001E-10,3.427E-11,3.2368E-07,-3.2318E-07
1.07,0.84000000000000008,-7.3813E-10,1.121E-10,4.275E-11,3.2374E-07,-3.2312E-07
1.065,0.84000000000000008,-7.4473000000000007E-10,1.0075000000000001E-10,5.6330000000000007E-11,3.2384E-07,-3.2308E-07
1.06,0.84000000000000008,-7.5671000000000007E-10,1.0020000000000001E-10,6.901E-11,3.2378E-07,-3.2252E-07
1.0550000000000002,0.84000000000000008,-7.6551000000000008E-10,9.119000000000001E-11,8.467E-11,3.238E-07,-3.2308E-07
1.05,0.84000000000000008,-7.8729000000000008E-10,8.894E-11,1.0475000000000001E-10,3.2369999999999997E-07,-3.2306E-07
1.0450000000000002,0.84000000000000008,-7.9842E-10,8.224E-11,1.2707E-10,3.2312E-07,-3.2312E-07
1.04,0.84000000000000008,-8.1676000000000008E-10,8.236E-11,1.4911000000000002E-10,3.2374E-07,-3.2313999999999997E-07
1.0350000000000001,0.84000000000000008,-8.4529000000000009E-10,7.5230000000000008E-11,1.76E-10,3.2378E-07,-3.2308E-07
1.03,0.84000000000000008,-8.7422000000000011E-10,7.0430000000000009E-11,2.0985E-10,3.2372E-07,-3.2313999999999997E-07
1.0250000000000001,0.84000000000000008,-9.0107000000000007E-10,6.474E-11,2.4250000000000004E-10,3.2372E-07,-3.2318E-07
1.02,0.84000000000000008,-9.4129000000000017E-10,6.253E-11,2.8435E-10,3.2313999999999997E-07,-3.226E-07
1.0150000000000001,0.84000000000000008,-9.9128000000000012E-10,5.886E-11,3.3352E-10,3.2369999999999997E-07,-3.231E-07
1.01,0.84000000000000008,-1.04307E-09,5.6720000000000006E-11,3.9098000000000003E-10,3.2369999999999997E-07,-3.2312E-07
1.0050000000000001,0.84000000000000008,-1.10247E-09,5.4970000000000005E-11,4.5385000000000004E-10,3.2318E-07,-3.2312E-07
1,0.84000000000000008,-1.1746E-09,5.105E-11,5.3141E-10,3.2366E-07,-3.2318E-07
0.995,0.84000000000000008,-1.2678E-09,4.913E-11,6.1946E-10,3.2376E-07,-3.2308E-07
0.9900000000000001,0.84000000000000008,-1.3662E-09,4.4120000000000005E-11,7.225800000000001E-10,3.2374E-07,-3.2312E-07
0.9850000000000001,0.84000000000000008,-1.479E-09,4.1500000000000005E-11,8.4066000000000007E-10,3.2369999999999997E-07,-3.2312E-07
0.98000000000000009,0.84000000000000008,-1.6072E-09,3.9430000000000006E-11,9.8012000000000013E-10,3.2368E-07,-3.2312E-07
0.97500000000000009,0.84000000000000008,-1.7772E-09,3.897E-11,1.1410100000000002E-09,3.2376E-07,-3.2318E-07
0.97000000000000008,0.84000000000000008,-1.9664E-09,3.8400000000000004E-11,1.3247E-09,3.2368E-07,-3.2316E-07
0.96500000000000008,0.84000000000000008,-2.1703E-09,2.724E-11,1.5408E-09,3.232E-07,-3.2254E-07
0.96000000000000008,0.84000000000000008,-2.4221E-09,3.448E-11,1.7947E-09,3.2374E-07,-3.2318E-07
0.95500000000000007,0.84000000000000008,-2.7126E-09,3.1550000000000003E-11,2.086E-09,3.2369999999999997E-07,-3.231E-07
0.95000000000000007,0.84000000000000008,-3.0579E-09,3.062E-11,2.4286E-09,3.2374E-07,-3.2308E-07
0.94500000000000006,0.84000000000000008,-3.4481E-09,1.9910000000000002E-11,2.8318E-09,3.2372E-07,-3.2308E-07
0.94000000000000006,0.84000000000000008,-3.9002E-09,2.427E-11,3.2899E-09,3.2374E-07,-3.2312E-07
0.935,0.84000000000000008,-4.4442E-09,2.1840000000000002E-11,3.8242E-09,3.2374E-07,-3.2299999999999997E-07
0.93,0.84000000000000008,-5.0723E-09,2.6120000000000003E-11,4.4471E-09,3.2368E-07,-3.2302E-07
0.925,0.84000000000000008,-5.7955E-09,2.067E-11,5.1779E-09,3.2374E-07,-3.2308E-07
0.92,0.84000000000000008,-6.6293E-09,2.15E-11,6.0169E-09,3.2369999999999997E-07,-3.2302E-07
0.915,0.84000000000000008,-7.5988E-09,1.312E-11,6.9919E-09,3.2374E-07,-3.2306E-07
0.91,0.84000000000000008,-8.7676E-09,1.843E-11,8.1521E-09,3.238E-07,-3.2313999999999997E-07
0.905,0.84000000000000008,-1.00783E-08,1.6140000000000002E-11,9.4624E-09,3.2312E-07,-3.226E-07
0.9,0.84000000000000008,-1.1613199999999999E-08,1.3570000000000001E-11,1.10239E-08,3.2374E-07,-3.231E-07
0.895,0.84000000000000008,-1.3417399999999999E-08,1.51E-11,1.28158E-08,3.2368E-07,-3.2299999999999997E-07
0.89,0.84000000000000008,-1.55304E-08,9.33E-12,1.4941599999999997E-08,3.2366E-07,-3.2306E-07
0.885,0.84000000000000008,-1.79508E-08,1.393E-11,1.7346E-08,3.2374E-07,-3.2302E-07
0.88,0.84000000000000008,-2.0805999999999998E-08,7.52E-12,2.02188E-08,3.232E-07,-3.2252E-07
0.875,0.84000000000000008,-2.4079999999999998E-08,5.8600000000000005E-12,2.3495799999999997E-08,3.2372E-07,-3.2308E-07
0.87,0.84000000000000008,-2.7956799999999996E-08,5.9100000000000005E-12,2.7347599999999996E-08,3.2369999999999997E-07,-3.2308E-07
0.865,0.84000000000000008,-3.2369199999999994E-08,2.0700000000000003E-12,3.17924E-08,3.2378E-07,-3.2313999999999997E-07
0.86,0.84000000000000008,-3.7605199999999996E-08,6.8800000000000006E-12,3.70358E-08,3.2374E-07,-3.231E-07
0.85500000000000009,0.84000000000000008,-4.36106E-08,5.5000000000000008E-13,4.30068E-08,3.2372E-07,-3.2316E-07
0.85000000000000009,0.84000000000000008,-5.0674599999999994E-08,4.82E-12,5.0106999999999993E-08,3.2366E-07,-3.2313999999999997E-07
0.84500000000000008,0.84000000000000008,-5.8792399999999996E-08,4.1E-13,5.8226999999999996E-08,3.2312E-07,-3.2254E-07
0.84000000000000008,0.84000000000000008,-6.84278E-08,-6.3E-13,6.7813999999999988E-08,3.2378E-07,-3.231E-07
0.83500000000000008,0.84000000000000008,-7.9403599999999992E-08,2.4500000000000003E-12,7.88366E-08,3.2376E-07,-3.231E-07
0.83000000000000007,0.84000000000000008,-9.22588E-08,-4.73E-12,9.1830599999999989E-08,3.2374E-07,-3.2316E-07
0.82500000000000007,0.84000000000000008,-1.072448E-07,2.4500000000000003E-12,1.0657039999999999E-07,3.232E-07,-3.2308E-07
0.82000000000000006,0.84000000000000008,-1.2484E-07,-6.09E-12,1.2418E-07,3.2369999999999997E-07,-3.231E-07
0.81500000000000006,0.84000000000000008,-1.4462E-07,-1.5800000000000001E-12,1.4406E-07,3.2369999999999997E-07,-3.2274E-07
0.81,0.84000000000000008,-1.6874E-07,-9.15E-12,1.6822E-07,3.2378E-07,-3.2306E-07
0.805,0.84000000000000008,-1.9588E-07,-4.0400000000000006E-12,1.9544E-07,3.2368E-07,-3.2304E-07
0.8,0.84000000000000008,-2.2764E-07,-1.0610000000000001E-11,2.2664E-07,3.2374E-07,-3.2308E-07
0.795,0.84000000000000008,-2.6474E-07,-1.1030000000000001E-11,2.642E-07,3.2368E-07,-3.2308E-07
0.79,0.84000000000000008,-3.0749999999999997E-07,-1.6430000000000002E-11,3.0696E-07,3.2372E-07,-3.2313999999999997E-07
0.785,0.84000000000000008,-3.578E-07,-1.7250000000000002E-11,3.5762E-07,3.2366E-07,-3.2308E-07
0.78,0.84000000000000008,-4.158E-07,-1.821E-11,4.1543999999999997E-07,3.2312E-07,-3.2313999999999997E-07
0.775,0.84000000000000008,-4.8362E-07,-1.9240000000000003E-11,4.8336E-07,3.2372E-07,-3.2312E-07
0.77,0.84000000000000008,-5.6174E-07,-2.3020000000000002E-11,5.6174E-07,3.2372E-07,-3.2306E-07
0.765,0.84000000000000008,-6.5418E-07,-2.6280000000000002E-11,6.5388E-07,3.2372E-07,-3.231E-07
0.76,0.84000000000000008,-7.5958E-07,-2.682E-11,7.5896E-07,3.2376E-07,-3.2312E-07
0.755,0.84000000000000008,-8.8513999999999994E-07,-3.038E-11,8.8409999999999993E-07,3.2378E-07,-3.2318E-07
0.75,0.84000000000000008,-1.02652E-06,-3.0570000000000004E-11,1.0254199999999999E-06,3.2369999999999997E-07,-3.2312E-07
0.745,0.84000000000000008,-1.1925E-06,-3.6880000000000006E-11,1.1938000000000001E-06,3.2386E-07,-3.2313999999999997E-07
0.74,0.84000000000000008,-1.3847E-06,-3.9090000000000004E-11,1.3867000000000002E-06,3.232E-07,-3.2264E-07
0.735,0.84000000000000008,-1.6150000000000002E-06,-4.665E-11,1.6150000000000002E-06,3.2326E-07,-3.229E-07
0.73,0.84000000000000008,-1.8738000000000002E-06,-4.7100000000000004E-11,1.8744000000000002E-06,3.2374E-07,-3.2312E-07
0.72500000000000009,0.84000000000000008,-2.1813E-06,-5.5070000000000003E-11,2.1815E-06,3.2313999999999997E-07,-3.2262E-07
0.72000000000000008,0.84000000000000008,-2.5336E-06,-5.116E-11,2.5316000000000005E-06,3.2382E-07,-3.2312E-07
0.71500000000000008,0.84000000000000008,-2.9466000000000003E-06,-5.908E-11,2.9463000000000005E-06,3.2374E-07,-3.231E-07
0.71000000000000008,0.84000000000000008,-3.4226000000000005E-06,-6.7310000000000011E-11,3.4255000000000005E-06,3.2372E-07,-3.2318E-07
0.70500000000000007,0.84000000000000008,-3.9865000000000007E-06,-6.9910000000000007E-11,3.9865000000000007E-06,3.238E-07,-3.2313999999999997E-07
0.70000000000000007,0.84000000000000008,-4.631E-06,-7.4790000000000007E-11,4.6276E-06,3.238E-07,-3.2294E-07
0.69500000000000006,0.84000000000000008,-5.3817000000000005E-06,-8.097E-11,5.3766E-06,3.2374E-07,-3.226E-07
0.69000000000000006,0.84000000000000008,-6.2485E-06,-8.8510000000000013E-11,6.2583000000000007E-06,3.2384E-07,-3.2316E-07
0.685,0.84000000000000008,-7.2564000000000005E-06,-9.086000000000001E-11,7.2562000000000009E-06,3.2374E-07,-3.2312E-07
0.68,0.84000000000000008,-8.4403000000000012E-06,-1.0045000000000001E-10,8.436E-06,3.2326E-07,-3.232E-07
0.675,0.84000000000000008,-9.7855000000000014E-06,-9.9130000000000011E-11,9.787600000000001E-06,3.2378E-07,-3.2312E-07
0.67,0.84000000000000008,-1.1384600000000001E-05,-1.1322000000000001E-10,1.1380700000000001E-05,3.2368E-07,-3.2312E-07
0.665,0.84000000000000008,-1.3212E-05,-1.1685000000000002E-10,1.321E-05,3.2372E-07,-3.2306E-07
0.66,0.84000000000000008,-1.5338E-05,-1.229E-10,1.5360000000000002E-05,3.2374E-07,-3.2257999999999997E-07
0.655,0.84000000000000008,-1.781E-05,-1.3144000000000001E-10,1.7784E-05,3.2372E-07,-3.2296E-07
0.65,0.84000000000000008,-2.0698E-05,-1.3662000000000002E-10,2.0662E-05,3.2318E-07,-3.2252E-07
0.645,0.84000000000000008,-2.3972E-05,-1.5082E-10,2.4026E-05,3.2374E-07,-3.231E-07
0.64,0.84000000000000008,-2.7846E-05,-1.4770000000000002E-10,2.7842000000000002E-05,3.2382E-07,-3.2318E-07
0.635,0.84000000000000008,-3.2248E-05,-1.6382E-10,3.226E-05,3.2372E-07,-3.2313999999999997E-07
0.63,0.84000000000000008,-3.7438E-05,-1.6706000000000002E-10,3.7420000000000004E-05,3.2382E-07,-3.2316E-07
0.625,0.84000000000000008,-4.3326E-05,-1.7941E-10,4.3336E-05,3.2376E-07,-3.2313999999999997E-07
0.62,0.84000000000000008,-5.025E-05,-1.8157000000000003E-10,5.0264E-05,3.2352E-07,-3.225E-07
0.615,0.84000000000000008,-5.813E-05,-1.9412000000000002E-10,5.8078E-05,3.2378E-07,-3.232E-07
0.61,0.84000000000000008,-6.7284E-05,-2.0273E-10,6.7378E-05,3.2378E-07,-3.2313999999999997E-07
0.605,0.84000000000000008,-7.773E-05,-2.1531E-10,7.7798E-05,3.232E-07,-3.226E-07
0.6,0.84000000000000008,-8.9978E-05,-2.1706000000000002E-10,9.0022E-05,3.238E-07,-3.232E-07
0.595,0.84000000000000008,-0.000103814,-2.2829000000000002E-10,0.000103782,3.2378E-07,-3.2318E-07
0.59000000000000008,0.84000000000000008,-0.00011976,-2.3645E-10,0.00011996000000000001,3.2322E-07,-3.2306E-07
0.58500000000000008,0.84000000000000008,-0.00013788,-2.4652000000000004E-10,0.00013808,3.2378E-07,-3.2313999999999997E-07
0.58000000000000007,0.84000000000000008,-0.00015886,-2.5508E-10,0.00015934,3.2369999999999997E-07,-3.2318E-07
0.57500000000000007,0.84000000000000008,-0.0001829,-2.6264000000000004E-10,0.00018318000000000002,3.2308E-07,-3.2246E-07
0.57000000000000006,0.84000000000000008,-0.00021062,-2.7566E-10,0.00021078,3.2318E-07,-3.2271999999999997E-07
0.56500000000000006,0.84000000000000008,-0.00024142,-2.8252E-10,0.00024186000000000002,3.2372E-07,-3.2312E-07
0.56,0.84000000000000008,-0.0002774,-2.945E-10,0.00027754,3.2344E-07,-3.2318E-07
0.555,0.84000000000000008,-0.00031722,-3.0532000000000004E-10,0.00031734,3.2348E-07,-3.226E-07
0.55,0.84000000000000008,-0.00036292000000000003,-3.1592000000000003E-10,0.00036342000000000004,3.2369999999999997E-07,-3.2318E-07
0.545,0.84000000000000008,-0.0004136,-3.2276000000000003E-10,0.00041422000000000003,3.2324E-07,-3.2278E-07
0.54,0.84000000000000008,-0.00047154000000000006,-3.3711000000000004E-10,0.00047184,3.2386E-07,-3.232E-07
0.535,0.84000000000000008,-0.00053596,-3.4486000000000004E-10,0.00053558,3.2384E-07,-3.2316E-07
0.53,0.84000000000000008,-0.00060776,-3.594E-10,0.00060836000000000006,3.2374E-07,-3.2313999999999997E-07
0.525,0.84000000000000008,-0.00068722,-3.6670000000000004E-10,0.00068732,3.238E-07,-3.2318E-07
0.52,0.84000000000000008,-0.00077632,-3.8165E-10,0.0007768,3.238E-07,-3.2313999999999997E-07
0.515,0.84000000000000008,-0.00087362000000000008,-3.9409000000000003E-10,0.00087382000000000009,3.2376E-07,-3.2312E-07
0.51,0.84000000000000008,-0.00098132000000000015,-4.0424000000000004E-10,0.00098146,3.2352E-07,-3.2316E-07
0.505,0.84000000000000008,-0.00109778,-4.1823E-10,0.0010972,3.2324E-07,-3.2252E-07
0.5,0.84000000000000008,-0.0012254,-4.2895000000000005E-10,0.0012264,3.2372E-07,-3.2318E-07
0.49500000000000005,0.84000000000000008,-0.0013628,-4.4387000000000004E-10,0.001364,3.2332E-07,-3.2257999999999997E-07
0.49000000000000005,0.84000000000000008,-0.0015122,-4.5651000000000006E-10,0.0015134,3.238E-07,-3.2318E-07
0.48500000000000004,0.84000000000000008,-0.0016714,-4.6941E-10,0.001671,3.2372E-07,-3.2312E-07
0.48000000000000004,0.84000000000000008,-0.0018428000000000001,-4.8500000000000008E-10,0.0018422,3.2374E-07,-3.2318E-07
0.47500000000000003,0.84000000000000008,-0.0020206,-4.9940000000000005E-10,0.0020214,3.232E-07,-3.232E-07
0.47000000000000003,0.84000000000000008,-0.0022126,-5.1587E-10,0.0022124000000000002,3.2378E-07,-3.232E-07
0.465,0.84000000000000008,-0.0024114,-5.3334E-10,0.0024116,3.2322E-07,-3.2264E-07
0.46,0.84000000000000008,-0.0026204,-5.4816E-10,0.00262,3.2364E-07,-3.2316E-07
0.455,0.84000000000000008,-0.0028346,-5.646600000000001E-10,0.0028364,3.2326E-07,-3.2254E-07
0.45,0.84000000000000008,-0.0030604,-5.8012000000000006E-10,0.0030616000000000003,3.2316E-07,-3.2313999999999997E-07
0.445,0.84000000000000008,-0.0032906,-6.0308E-10,0.0032912,3.2326E-07,-3.2264E-07
0.44,0.84000000000000008,-0.003526,-6.1997000000000008E-10,0.0035268,3.2368E-07,-3.2313999999999997E-07
0.435,0.84000000000000008,-0.0037648,-6.4170000000000007E-10,0.0037654,3.2368E-07,-3.2318E-07
0.43,0.84000000000000008,-0.0040108,-6.5990000000000007E-10,0.0040106000000000004,3.2298E-07,-3.2243999999999997E-07
0.42500000000000004,0.84000000000000008,-0.0042544,-6.7725E-10,0.004254,3.2368E-07,-3.2312E-07
0.42000000000000004,0.84000000000000008,-0.0045022000000000005,-7.0370000000000006E-10,0.0045016,3.2312E-07,-3.2308E-07
0.41500000000000004,0.84000000000000008,-0.004747,-7.2221E-10,0.0047466,3.2364E-07,-3.2313999999999997E-07
0.41000000000000003,0.84000000000000008,-0.0049936,-7.4842000000000009E-10,0.0049954000000000005,3.236E-07,-3.2313999999999997E-07
0.405,0.84000000000000008,-0.0052356,-7.6406E-10,0.0052356,3.2362E-07,-3.2318E-07
0.4,0.84000000000000008,-0.0054776,-8.1565000000000007E-10,0.005478,3.2366E-07,-3.231E-07
0.395,0.84000000000000008,-0.005713,-8.1980000000000011E-10,0.005714,3.236E-07,-3.2313999999999997E-07
0.39,0.84000000000000008,-0.0059472,-8.4613000000000005E-10,0.0059486,3.2368E-07,-3.2308E-07
0.385,0.84000000000000008,-0.0061746,-8.6660000000000009E-10,0.0061712,3.2368E-07,-3.2313999999999997E-07
0.38,0.84000000000000008,-0.0063984,-8.9888000000000011E-10,0.0063982,3.2369999999999997E-07,-3.2318E-07
0.375,0.84000000000000008,-0.0066126,-9.2352E-10,0.0066168,3.2372E-07,-3.2312E-07
0.37,0.84000000000000008,-0.0068254000000000006,-9.7163E-10,0.006824,3.2368E-07,-3.2313999999999997E-07
0.365,0.84000000000000008,-0.0070290000000000005,-9.7779E-10,0.0070292,3.2362E-07,-3.2312E-07
0.36000000000000004,0.84000000000000008,-0.007229,-1.0097500000000002E-09,0.007229,3.2368E-07,-3.2318E-07
0.35500000000000004,0.84000000000000008,-0.007417,-1.0418E-09,0.0074182,3.2368E-07,-3.2316E-07
0.35000000000000003,0.84000000000000008,-0.0076038,-1.06701E-09,0.0076052,3.2362E-07,-3.2312E-07
0.34500000000000003,0.84000000000000008,-0.0077800000000000005,-1.10382E-09,0.0077788,3.233E-07,-3.2276E-07
0.34,0.84000000000000008,-0.0079488,-1.132E-09,0.007954000000000001,3.2354E-07,-3.2324E-07
0.335,0.84000000000000008,-0.0081148,-1.1599E-09,0.0081152,3.2362E-07,-3.232E-07
0.33,0.84000000000000008,-0.0082728,-1.1973E-09,0.0082754,3.2362E-07,-3.2318E-07
0.325,0.84000000000000008,-0.0084242,-1.2295E-09,0.008426,3.236E-07,-3.2313999999999997E-07
0.32,0.84000000000000008,-0.0085726,-1.263E-09,0.0085738,3.2362E-07,-3.2308E-07
0.315,0.84000000000000008,-0.0087108,-1.3011E-09,0.0087136,3.2296E-07,-3.225E-07
0.31,0.84000000000000008,-0.0088464,-1.3438E-09,0.0088484,3.2362E-07,-3.2313999999999997E-07
0.305,0.84000000000000008,-0.0089766,-1.3737E-09,0.0089762,3.231E-07,-3.2296E-07
0.3,0.84000000000000008,-0.009099,-1.4105E-09,0.0090998,3.2362E-07,-3.2322E-07
0.29500000000000004,0.84000000000000008,-0.009219,-1.4493E-09,0.0092154,3.2358E-07,-3.2308E-07
0.29000000000000004,0.84000000000000008,-0.0093298000000000009,-1.4858E-09,0.0093302,3.2354E-07,-3.2312E-07
0.28500000000000003,0.84000000000000008,-0.0094382,-1.5261E-09,0.0094384,3.2362E-07,-3.2324E-07
0.28,0.84000000000000008,-0.0095454,-1.5651E-09,0.0095444,3.2366E-07,-3.2322E-07
0.275,0.84000000000000008,-0.0096424,-1.6142999999999999E-09,0.0096434,3.236E-07,-3.2302E-07
0.27,0.84000000000000008,-0.0097384,-1.6515E-09,0.0097362,3.2362E-07,-3.2316E-07
0.265,0.84000000000000008,-0.0098318,-1.6949E-09,0.0098296,3.2352E-07,-3.2313999999999997E-07
0.26,0.84000000000000008,-0.0099178000000000009,-1.7452E-09,0.0099188,3.2362E-07,-3.2312E-07
0.255,0.84000000000000008,-0.0100018,-1.7915E-09,0.010002200000000001,3.2358E-07,-3.232E-07
0.25,0.84000000000000008,-0.0100842,-1.8409E-09,0.010085,3.236E-07,-3.232E-07
0.24500000000000002,0.84000000000000008,-0.0101616,-1.8844E-09,0.0101612,3.2362E-07,-3.2312E-07
0.24000000000000002,0.84000000000000008,-0.0102336,-1.9382E-09,0.0102348,3.2362E-07,-3.232E-07
0.23500000000000001,0.84000000000000008,-0.0103052,-1.9901E-09,0.01031,3.2302E-07,-3.2312E-07
0.23,0.84000000000000008,-0.0103744,-2.0441E-09,0.0103778,3.236E-07,-3.2318E-07
0.225,0.84000000000000008,-0.0104396,-2.1012E-09,0.010445,3.2352E-07,-3.2313999999999997E-07
0.22,0.84000000000000008,-0.010504,-2.1582E-09,0.0105068,3.2292E-07,-3.2242E-07
0.215,0.84000000000000008,-0.0105676,-2.2108E-09,0.0105668,3.2362E-07,-3.2313999999999997E-07
0.21000000000000002,0.84000000000000008,-0.010629,-2.2753E-09,0.0106252,3.236E-07,-3.2312E-07
0.20500000000000002,0.84000000000000008,-0.0106832,-2.3316E-09,0.010682800000000001,3.236E-07,-3.232E-07
0.2,0.84000000000000008,-0.0107376,-2.3958E-09,0.0107374,3.236E-07,-3.2324E-07
0.195,0.84000000000000008,-0.0107882,-2.4596E-09,0.010789400000000001,3.2368E-07,-3.2264E-07
0.19,0.84000000000000008,-0.0108398,-2.5228E-09,0.010841,3.2358E-07,-3.231E-07
0.185,0.84000000000000008,-0.0108874,-2.5937E-09,0.0108918,3.236E-07,-3.2266E-07
0.18000000000000002,0.84000000000000008,-0.0109362,-2.6553E-09,0.0109366,3.236E-07,-3.2299999999999997E-07
0.17500000000000002,0.84000000000000008,-0.010981,-2.7343E-09,0.0109832,3.2344E-07,-3.2313999999999997E-07
0.17,0.84000000000000008,-0.011026600000000001,-2.8063E-09,0.0110246,3.236E-07,-3.2257999999999997E-07
0.165,0.84000000000000008,-0.0110654,-2.8849E-09,0.0110674,3.236E-07,-3.2316E-07
0.16,0.84000000000000008,-0.0111082,-2.9581E-09,0.0111076,3.2355999999999997E-07,-3.232E-07
0.155,0.84000000000000008,-0.0111492,-3.04E-09,0.0111492,3.2304E-07,-3.2316E-07
0.15,0.84000000000000008,-0.0111856,-3.1164E-09,0.011186,3.2362E-07,-3.232E-07
0.14500000000000002,0.84000000000000008,-0.0112216,-3.2056E-09,0.0112222,3.2355999999999997E-07,-3.2316E-07
0.14,0.84000000000000008,-0.0112566,-3.295E-09,0.011258,3.2304E-07,-3.233E-07
0.135,0.84000000000000008,-0.011292,-3.3736E-09,0.0112952,3.2355999999999997E-07,-3.2299999999999997E-07
0.13,0.84000000000000008,-0.0113264,-3.4637E-09,0.0113262,3.2358E-07,-3.2318E-07
0.125,0.84000000000000008,-0.0113556,-3.5548999999999998E-09,0.0113598,3.2355999999999997E-07,-3.2318E-07
0.12000000000000001,0.84000000000000008,-0.011388,-3.6477E-09,0.0113908,3.2362E-07,-3.231E-07
0.115,0.84000000000000008,-0.0114206,-3.7465E-09,0.0114212,3.236E-07,-3.2318E-07
0.11,0.84000000000000008,-0.0114526,-3.8543E-09,0.0114508,3.2354E-07,-3.2316E-07
0.10500000000000001,0.84000000000000008,-0.0114758,-3.9558E-09,0.0114806,3.2362E-07,-3.2312E-07
0.1,0.84000000000000008,-0.011484000000000001,-4.0586E-09,0.011500000000000002,3.2299999999999997E-07,-3.2254E-07
0.095,0.84000000000000008,-0.011514000000000002,-4.1686E-09,0.011526000000000002,3.2332E-07,-3.2312E-07
0.090000000000000011,0.84000000000000008,-0.011538000000000001,-4.2853E-09,0.011550000000000001,3.236E-07,-3.2318E-07
0.085,0.84000000000000008,-0.011564000000000001,-4.4054E-09,0.011578000000000002,3.236E-07,-3.2324E-07
0.08,0.84000000000000008,-0.011590000000000001,-4.518E-09,0.011602000000000001,3.2355999999999997E-07,-3.232E-07
0.075,0.84000000000000008,-0.011612,-4.6433E-09,0.011628000000000001,3.2306E-07,-3.226E-07
0.07,0.84000000000000008,-0.011634,-4.7632E-09,0.01165,3.236E-07,-3.2318E-07
0.065,0.84000000000000008,-0.011662,-4.8876E-09,0.011670000000000002,3.236E-07,-3.232E-07
0.060000000000000005,0.84000000000000008,-0.011682000000000001,-5.0176E-09,0.011696000000000002,3.236E-07,-3.2318E-07
0.055,0.84000000000000008,-0.011702,-5.1553E-09,0.011720000000000001,3.2355999999999997E-07,-3.2318E-07
0.05,0.84000000000000008,-0.011720000000000001,-5.3029E-09,0.011734000000000001,3.2358E-07,-3.2313999999999997E-07
0.045000000000000005,0.84000000000000008,-0.011736000000000002,-5.4459E-09,0.011754,3.2355999999999997E-07,-3.2318E-07
0.04,0.84000000000000008,-0.011756,-5.5934E-09,0.011774000000000002,3.2355999999999997E-07,-3.2318E-07
0.035,0.84000000000000008,-0.01178,-5.7455E-09,0.011792,3.2355999999999997E-07,-3.2316E-07
0.030000000000000002,0.84000000000000008,-0.011796000000000001,-5.8758E-09,0.011814000000000002,3.2354E-07,-3.2313999999999997E-07
0.025,0.84000000000000008,-0.011816000000000002,-6.047E-09,0.01183,3.2358E-07,-3.2316E-07
0.02,0.84000000000000008,-0.011834,-6.1906E-09,0.011852000000000001,3.236E-07,-3.2318E-07
0.015000000000000001,0.84000000000000008,-0.011848000000000001,-6.3648E-09,0.011862000000000001,3.2312E-07,-3.2306E-07
0.01,0.84000000000000008,-0.011868000000000002,-6.5335E-09,0.011878000000000001,3.2358E-07,-3.232E-07
0.005,0.84000000000000008,-0.011884,-6.7197E-09,0.011898,3.2355999999999997E-07,-3.232E-07
0,0.84000000000000008,-0.011892000000000002,-6.8961E-09,0.011914000000000001,3.2362E-07,-3.2318E-07
1.2,0.85000000000000009,-6.6216E-10,5.7964000000000008E-10,-7.75E-11,3.2336E-07,-3.2313999999999997E-07
1.195,0.85000000000000009,-6.5523E-10,5.3663E-10,-7.576E-11,3.233E-07,-3.2312E-07
1.19,0.85000000000000009,-6.477E-10,4.9709000000000009E-10,-7.271E-11,3.2334E-07,-3.2306E-07
1.185,0.85000000000000009,-6.4968000000000008E-10,4.5760000000000005E-10,-6.8000000000000011E-11,3.2332E-07,-3.231E-07
1.1800000000000002,0.85000000000000009,-6.4113E-10,4.2709E-10,-6.636E-11,3.2341999999999997E-07,-3.2313999999999997E-07
1.175,0.85000000000000009,-6.2988E-10,4.0012E-10,-6.155000000000001E-11,3.2346E-07,-3.2312E-07
1.1700000000000002,0.85000000000000009,-6.3391E-10,3.7350000000000005E-10,-5.747E-11,3.233E-07,-3.2312E-07
1.165,0.85000000000000009,-6.3352E-10,3.4264E-10,-5.2930000000000005E-11,3.2294E-07,-3.227E-07
1.1600000000000001,0.85000000000000009,-6.2437000000000009E-10,3.2283E-10,-5.0940000000000007E-11,3.2348E-07,-3.2313999999999997E-07
1.155,0.85000000000000009,-6.1796E-10,2.9882E-10,-4.818E-11,3.2348E-07,-3.2318E-07
1.1500000000000001,0.85000000000000009,-6.1983E-10,2.8311E-10,-4.4890000000000006E-11,3.2348E-07,-3.2313999999999997E-07
1.145,0.85000000000000009,-6.1626E-10,2.6103000000000003E-10,-4.021E-11,3.236E-07,-3.2302E-07
1.1400000000000001,0.85000000000000009,-6.115E-10,2.5036E-10,-3.8940000000000003E-11,3.235E-07,-3.231E-07
1.135,0.85000000000000009,-6.0598E-10,2.2732000000000002E-10,-3.405E-11,3.236E-07,-3.231E-07
1.1300000000000001,0.85000000000000009,-6.1581000000000007E-10,2.1943E-10,-3.015E-11,3.2358E-07,-3.2306E-07
1.125,0.85000000000000009,-6.032E-10,2.0209000000000002E-10,-2.64E-11,3.2355999999999997E-07,-3.226E-07
1.12,0.85000000000000009,-6.0008000000000006E-10,1.9514E-10,-2.387E-11,3.236E-07,-3.2306E-07
1.115,0.85000000000000009,-6.018E-10,1.7385000000000003E-10,-1.766E-11,3.2355999999999997E-07,-3.2256E-07
1.11,0.85000000000000009,-6.0639E-10,1.7263E-10,-1.3030000000000001E-11,3.2304E-07,-3.2266E-07
1.105,0.85000000000000009,-5.9551E-10,1.5789E-10,-9.6000000000000011E-12,3.2355999999999997E-07,-3.2316E-07
1.1,0.85000000000000009,-6.0398E-10,1.554E-10,-4.1500000000000007E-12,3.2362E-07,-3.2308E-07
1.095,0.85000000000000009,-6.0591E-10,1.3637000000000002E-10,1.9200000000000003E-12,3.236E-07,-3.2308E-07
1.09,0.85000000000000009,-6.0243000000000006E-10,1.3575000000000002E-10,7.06E-12,3.2355999999999997E-07,-3.2282E-07
1.085,0.85000000000000009,-6.0485E-10,1.2185E-10,1.4460000000000001E-11,3.2292E-07,-3.2252E-07
1.08,0.85000000000000009,-6.169E-10,1.2159000000000002E-10,2.5080000000000002E-11,3.2364E-07,-3.231E-07
1.075,0.85000000000000009,-6.1497E-10,1.0876000000000001E-10,3.2610000000000004E-11,3.2366E-07,-3.2318E-07
1.07,0.85000000000000009,-6.1596E-10,1.0888E-10,4.09E-11,3.2368E-07,-3.2264E-07
1.065,0.85000000000000009,-6.2660000000000009E-10,9.6620000000000011E-11,5.372E-11,3.2366E-07,-3.2322E-07
1.06,0.85000000000000009,-6.4577E-10,9.5580000000000008E-11,6.642E-11,3.2358E-07,-3.2313999999999997E-07
1.0550000000000002,0.85000000000000009,-6.4477E-10,8.756E-11,7.9560000000000008E-11,3.2364E-07,-3.2312E-07
1.05,0.85000000000000009,-6.6321E-10,8.6120000000000009E-11,9.5710000000000011E-11,3.2366E-07,-3.2316E-07
1.0450000000000002,0.85000000000000009,-6.7815000000000008E-10,7.5590000000000007E-11,1.1762E-10,3.236E-07,-3.2313999999999997E-07
1.04,0.85000000000000009,-6.972800000000001E-10,7.5590000000000007E-11,1.3882000000000002E-10,3.236E-07,-3.2308E-07
1.0350000000000001,0.85000000000000009,-7.117800000000001E-10,7.113E-11,1.6383000000000002E-10,3.2362E-07,-3.232E-07
1.03,0.85000000000000009,-7.5070000000000011E-10,6.91E-11,1.9467E-10,3.2368E-07,-3.231E-07
1.0250000000000001,0.85000000000000009,-7.7708000000000007E-10,6.108000000000001E-11,2.2770000000000003E-10,3.231E-07,-3.2248E-07
1.02,0.85000000000000009,-8.0561000000000007E-10,5.886E-11,2.6415E-10,3.236E-07,-3.2308E-07
1.0150000000000001,0.85000000000000009,-8.5697000000000009E-10,5.4360000000000007E-11,3.1075000000000004E-10,3.2282E-07,-3.2238E-07
1.01,0.85000000000000009,-9.0872E-10,5.35E-11,3.6623000000000004E-10,3.2332E-07,-3.2288E-07
1.0050000000000001,0.85000000000000009,-9.6208E-10,4.9940000000000004E-11,4.2346000000000006E-10,3.236E-07,-3.2308E-07
1,0.85000000000000009,-1.0193E-09,4.6120000000000005E-11,4.9614E-10,3.2366E-07,-3.2313999999999997E-07
0.995,0.85000000000000009,-1.11426E-09,4.2260000000000005E-11,5.8067E-10,3.2308E-07,-3.225E-07
0.9900000000000001,0.85000000000000009,-1.2073E-09,4.487E-11,6.7705000000000006E-10,3.2352E-07,-3.2308E-07
0.9850000000000001,0.85000000000000009,-1.3158E-09,3.7520000000000003E-11,7.9000000000000006E-10,3.2358E-07,-3.2302E-07
0.98000000000000009,0.85000000000000009,-1.4402E-09,4.057E-11,9.1669000000000007E-10,3.2358E-07,-3.2306E-07
0.97500000000000009,0.85000000000000009,-1.5852E-09,3.3080000000000004E-11,1.06533E-09,3.2354E-07,-3.2299999999999997E-07
0.97000000000000008,0.85000000000000009,-1.77E-09,3.4900000000000004E-11,1.2388E-09,3.2354E-07,-3.2304E-07
0.96500000000000008,0.85000000000000009,-1.9632E-09,3.358E-11,1.4392E-09,3.2292E-07,-3.2298E-07
0.96000000000000008,0.85000000000000009,-2.2018E-09,2.8600000000000003E-11,1.6842E-09,3.2308E-07,-3.2296E-07
0.95500000000000007,0.85000000000000009,-2.4658E-09,3.222E-11,1.9525E-09,3.2354E-07,-3.2304E-07
0.95000000000000007,0.85000000000000009,-2.7872E-09,2.2820000000000002E-11,2.276E-09,3.236E-07,-3.2304E-07
0.94500000000000006,0.85000000000000009,-3.1613E-09,2.2840000000000002E-11,2.6501E-09,3.236E-07,-3.2299999999999997E-07
0.94000000000000006,0.85000000000000009,-3.5888E-09,2.008E-11,3.0751E-09,3.2288E-07,-3.2228E-07
0.935,0.85000000000000009,-4.0855E-09,2.533E-11,3.5747E-09,3.236E-07,-3.2299999999999997E-07
0.93,0.85000000000000009,-4.6665999999999996E-09,1.7820000000000003E-11,4.1548E-09,3.2354E-07,-3.2252E-07
0.925,0.85000000000000009,-5.3509E-09,1.8710000000000002E-11,4.8455E-09,3.2354E-07,-3.2299999999999997E-07
0.92,0.85000000000000009,-6.1245E-09,1.6180000000000003E-11,5.6225E-09,3.2362E-07,-3.2304E-07
0.915,0.85000000000000009,-7.0393E-09,1.9620000000000002E-11,6.5363E-09,3.2296E-07,-3.2254E-07
0.91,0.85000000000000009,-8.1165E-09,1.3360000000000001E-11,7.6077E-09,3.2364E-07,-3.2313999999999997E-07
0.905,0.85000000000000009,-9.3561E-09,1.3640000000000001E-11,8.8399E-09,3.2358E-07,-3.231E-07
0.9,0.85000000000000009,-1.07866E-08,8.9100000000000014E-12,1.02908E-08,3.2364E-07,-3.2312E-07
0.895,0.85000000000000009,-1.2469599999999998E-08,1.4200000000000002E-11,1.19746E-08,3.236E-07,-3.2306E-07
0.89,0.85000000000000009,-1.4438999999999998E-08,1.1960000000000002E-11,1.3951799999999999E-08,3.2355999999999997E-07,-3.2306E-07
0.885,0.85000000000000009,-1.6693399999999998E-08,1.0090000000000001E-11,1.6209399999999998E-08,3.2344E-07,-3.225E-07
0.88,0.85000000000000009,-1.9360399999999998E-08,1.0910000000000001E-11,1.8879999999999998E-08,3.2362E-07,-3.2306E-07
0.875,0.85000000000000009,-2.24298E-08,1.026E-11,2.1960799999999996E-08,3.2348E-07,-3.2312E-07
0.87,0.85000000000000009,-2.6044399999999997E-08,7.7600000000000009E-12,2.5570599999999996E-08,3.2355999999999997E-07,-3.2298E-07
0.865,0.85000000000000009,-3.0171999999999994E-08,5.3700000000000007E-12,2.9702799999999997E-08,3.2302E-07,-3.2299999999999997E-07
0.86,0.85000000000000009,-3.5096199999999996E-08,4.36E-12,3.45914E-08,3.235E-07,-3.2306E-07
0.85500000000000009,0.85000000000000009,-4.0656E-08,3.5000000000000004E-12,4.0189199999999994E-08,3.2354E-07,-3.2308E-07
0.85000000000000009,0.85000000000000009,-4.7238599999999995E-08,3.4200000000000004E-12,4.6826999999999993E-08,3.2355999999999997E-07,-3.2306E-07
0.84500000000000008,0.85000000000000009,-5.4921799999999996E-08,3.0000000000000003E-13,5.4446199999999994E-08,3.236E-07,-3.2306E-07
0.84000000000000008,0.85000000000000009,-6.388739999999999E-08,6.6E-13,6.33916E-08,3.2355999999999997E-07,-3.2302E-07
0.83500000000000008,0.85000000000000009,-7.40726E-08,-2.49E-12,7.3622599999999989E-08,3.2362E-07,-3.2306E-07
0.83000000000000007,0.85000000000000009,-8.6193799999999987E-08,-3.0900000000000004E-12,8.57216E-08,3.2354E-07,-3.2306E-07
0.82500000000000007,0.85000000000000009,-1.000646E-07,-3.2200000000000004E-12,9.9666799999999991E-08,3.236E-07,-3.2242E-07
0.82000000000000006,0.85000000000000009,-1.1638E-07,-8.1000000000000014E-12,1.1626E-07,3.236E-07,-3.2294E-07
0.81500000000000006,0.85000000000000009,-1.3514E-07,-7.1800000000000005E-12,1.3488E-07,3.2362E-07,-3.2313999999999997E-07
0.81,0.85000000000000009,-1.575E-07,-6.2900000000000009E-12,1.5692E-07,3.2288E-07,-3.2252E-07
0.805,0.85000000000000009,-1.8294E-07,-1.0850000000000002E-11,1.8243999999999999E-07,3.2354E-07,-3.2246E-07
0.8,0.85000000000000009,-2.1234E-07,-1.097E-11,2.1196E-07,3.2355999999999997E-07,-3.231E-07
0.795,0.85000000000000009,-2.4726E-07,-1.6890000000000003E-11,2.4686E-07,3.2362E-07,-3.2299999999999997E-07
0.79,0.85000000000000009,-2.8734E-07,-1.6070000000000002E-11,2.8676E-07,3.2352E-07,-3.2302E-07
0.785,0.85000000000000009,-3.3415999999999997E-07,-1.9690000000000002E-11,3.3331999999999997E-07,3.2366E-07,-3.2302E-07
0.78,0.85000000000000009,-3.8824E-07,-1.886E-11,3.8736E-07,3.2306E-07,-3.2256E-07
0.775,0.85000000000000009,-4.5182E-07,-2.4860000000000002E-11,4.5115999999999997E-07,3.2355999999999997E-07,-3.2312E-07
0.77,0.85000000000000009,-5.2428E-07,-2.1840000000000002E-11,5.2428E-07,3.236E-07,-3.2306E-07
0.765,0.85000000000000009,-6.1048E-07,-2.9850000000000005E-11,6.0962E-07,3.2362E-07,-3.2306E-07
0.76,0.85000000000000009,-7.0977999999999994E-07,-2.9230000000000005E-11,7.0977999999999994E-07,3.2355999999999997E-07,-3.2306E-07
0.755,0.85000000000000009,-8.2498E-07,-3.792E-11,8.2436E-07,3.2354E-07,-3.2299999999999997E-07
0.75,0.85000000000000009,-9.5718E-07,-3.434E-11,9.5722E-07,3.2355999999999997E-07,-3.2304E-07
0.745,0.85000000000000009,-1.11554E-06,-4.0360000000000003E-11,1.11494E-06,3.2355999999999997E-07,-3.2302E-07
0.74,0.85000000000000009,-1.2951E-06,-4.396E-11,1.2951E-06,3.2288E-07,-3.2308E-07
0.735,0.85000000000000009,-1.5049000000000002E-06,-4.6150000000000003E-11,1.5056000000000003E-06,3.2355999999999997E-07,-3.2312E-07
0.73,0.85000000000000009,-1.7466000000000001E-06,-4.9840000000000006E-11,1.7494000000000001E-06,3.2354E-07,-3.2306E-07
0.72500000000000009,0.85000000000000009,-2.0348000000000004E-06,-5.5420000000000007E-11,2.0353000000000002E-06,3.2362E-07,-3.2312E-07
0.72000000000000008,0.85000000000000009,-2.3616000000000004E-06,-5.9900000000000008E-11,2.3661E-06,3.2358E-07,-3.2308E-07
0.71500000000000008,0.85000000000000009,-2.7487000000000005E-06,-6.589E-11,2.7509E-06,3.235E-07,-3.2308E-07
0.71000000000000008,0.85000000000000009,-3.1915000000000003E-06,-6.8280000000000009E-11,3.1940000000000003E-06,3.235E-07,-3.2306E-07
0.70500000000000007,0.85000000000000009,-3.7164000000000005E-06,-7.8230000000000011E-11,3.7222000000000005E-06,3.2355999999999997E-07,-3.2304E-07
0.70000000000000007,0.85000000000000009,-4.3168000000000008E-06,-7.897E-11,4.3125000000000006E-06,3.2355999999999997E-07,-3.2294E-07
0.69500000000000006,0.85000000000000009,-5.0211E-06,-8.632E-11,5.0194000000000006E-06,3.2358E-07,-3.2318E-07
0.69000000000000006,0.85000000000000009,-5.8240000000000005E-06,-9.0910000000000012E-11,5.825400000000001E-06,3.2354E-07,-3.2308E-07
0.685,0.85000000000000009,-6.7603E-06,-1.0133000000000001E-10,6.7652000000000009E-06,3.2354E-07,-3.2302E-07
0.68,0.85000000000000009,-7.8603000000000016E-06,-1.0239000000000001E-10,7.8644E-06,3.2299999999999997E-07,-3.2256E-07
0.675,0.85000000000000009,-9.1140000000000012E-06,-1.1219E-10,9.1278000000000009E-06,3.2362E-07,-3.2308E-07
0.67,0.85000000000000009,-1.06078E-05,-1.1155E-10,1.0602900000000001E-05,3.2362E-07,-3.2312E-07
0.665,0.85000000000000009,-1.2326E-05,-1.2355E-10,1.2294000000000001E-05,3.235E-07,-3.2302E-07
0.66,0.85000000000000009,-1.4298000000000001E-05,-1.3269E-10,1.4316E-05,3.2354E-07,-3.2304E-07
0.655,0.85000000000000009,-1.6584E-05,-1.3750000000000002E-10,1.6592E-05,3.2299999999999997E-07,-3.2302E-07
0.65,0.85000000000000009,-1.9272E-05,-1.4459000000000002E-10,1.9260000000000002E-05,3.2358E-07,-3.2306E-07
0.645,0.85000000000000009,-2.2332000000000002E-05,-1.4947E-10,2.2336E-05,3.2355999999999997E-07,-3.2298E-07
0.64,0.85000000000000009,-2.5904E-05,-1.6485E-10,2.5922E-05,3.2294E-07,-3.2306E-07
0.635,0.85000000000000009,-2.9992E-05,-1.652E-10,3.0006E-05,3.2298E-07,-3.2242E-07
0.63,0.85000000000000009,-3.4848E-05,-1.7506000000000001E-10,3.4826E-05,3.2354E-07,-3.2302E-07
0.625,0.85000000000000009,-4.031E-05,-1.8097000000000002E-10,4.0342E-05,3.2366E-07,-3.231E-07
0.62,0.85000000000000009,-4.673E-05,-1.9319E-10,4.6728000000000004E-05,3.2352E-07,-3.2306E-07
0.615,0.85000000000000009,-5.405E-05,-1.9996000000000003E-10,5.4024E-05,3.2364E-07,-3.2306E-07
0.61,0.85000000000000009,-6.2622E-05,-2.0676000000000002E-10,6.2558E-05,3.236E-07,-3.231E-07
0.605,0.85000000000000009,-7.2314E-05,-2.1458000000000002E-10,7.2348E-05,3.2304E-07,-3.2246E-07
0.6,0.85000000000000009,-8.3656E-05,-2.2803E-10,8.3646E-05,3.236E-07,-3.2302E-07
0.595,0.85000000000000009,-9.645E-05,-2.3575000000000004E-10,9.6522000000000009E-05,3.236E-07,-3.2308E-07
0.59000000000000008,0.85000000000000009,-0.000111372,-2.4434E-10,0.000111426,3.2362E-07,-3.2304E-07
0.58500000000000008,0.85000000000000009,-0.00012802,-2.5485E-10,0.00012826,3.2358E-07,-3.2304E-07
0.58000000000000007,0.85000000000000009,-0.00014766,-2.6381000000000004E-10,0.00014788,3.2354E-07,-3.2312E-07
0.57500000000000007,0.85000000000000009,-0.00016974,-2.7223E-10,0.00017010000000000002,3.2344E-07,-3.2257999999999997E-07
0.57000000000000006,0.85000000000000009,-0.00019532000000000002,-2.776E-10,0.0001957,3.236E-07,-3.2306E-07
0.56500000000000006,0.85000000000000009,-0.00022396000000000002,-2.935E-10,0.00022416000000000002,3.2308E-07,-3.2276E-07
0.56,0.85000000000000009,-0.0002569,-3.0157E-10,0.00025706000000000004,3.2358E-07,-3.2306E-07
0.555,0.85000000000000009,-0.00029382000000000003,-3.1272000000000003E-10,0.00029408,3.2358E-07,-3.2302E-07
0.55,0.85000000000000009,-0.00033604,-3.2174E-10,0.00033598000000000005,3.2355999999999997E-07,-3.2302E-07
0.545,0.85000000000000009,-0.00038278000000000005,-3.3621E-10,0.00038276,3.2358E-07,-3.2306E-07
0.54,0.85000000000000009,-0.00043614,-3.4424000000000004E-10,0.00043612,3.2355999999999997E-07,-3.2302E-07
0.535,0.85000000000000009,-0.00049506000000000007,-3.5614E-10,0.00049492,3.236E-07,-3.231E-07
0.53,0.85000000000000009,-0.00056148,-3.6489E-10,0.00056152,3.2355999999999997E-07,-3.2304E-07
0.525,0.85000000000000009,-0.00063406000000000009,-3.8162E-10,0.00063410000000000007,3.2364E-07,-3.2308E-07
0.52,0.85000000000000009,-0.00071534000000000007,-3.9033000000000004E-10,0.00071578000000000006,3.2366E-07,-3.231E-07
0.515,0.85000000000000009,-0.00080406,-4.0498000000000003E-10,0.00080382,3.236E-07,-3.2318E-07
0.51,0.85000000000000009,-0.00090168000000000008,-4.1905E-10,0.00090226000000000011,3.2354E-07,-3.231E-07
0.505,0.85000000000000009,-0.0010079400000000001,-4.2823000000000003E-10,0.0010077600000000001,3.235E-07,-3.2302E-07
0.5,0.85000000000000009,-0.00112334,-4.4210000000000006E-10,0.00112374,3.236E-07,-3.2304E-07
0.49500000000000005,0.85000000000000009,-0.0012468,-4.5663000000000006E-10,0.0012488,3.2364E-07,-3.2302E-07
0.49000000000000005,0.85000000000000009,-0.001382,-4.6941E-10,0.0013826,3.2358E-07,-3.231E-07
0.48500000000000004,0.85000000000000009,-0.0015232,-4.8925E-10,0.0015236,3.235E-07,-3.2302E-07
0.48000000000000004,0.85000000000000009,-0.0016762,-4.9974000000000008E-10,0.0016776,3.235E-07,-3.2308E-07
0.47500000000000003,0.85000000000000009,-0.0018358,-5.2336E-10,0.0018366,3.235E-07,-3.2312E-07
0.47000000000000003,0.85000000000000009,-0.0020058,-5.3485000000000007E-10,0.0020078,3.2306E-07,-3.2246E-07
0.465,0.85000000000000009,-0.002181,-5.4496E-10,0.0021818000000000002,3.2348E-07,-3.2246E-07
0.46,0.85000000000000009,-0.0023642,-5.6633E-10,0.0023652,3.2354E-07,-3.2302E-07
0.455,0.85000000000000009,-0.0025536,-5.8165000000000005E-10,0.0025536,3.2354E-07,-3.2318E-07
0.45,0.85000000000000009,-0.0027484000000000002,-6.0415E-10,0.0027506,3.2354E-07,-3.2306E-07
0.445,0.85000000000000009,-0.0029488,-6.1982E-10,0.0029486,3.236E-07,-3.2262E-07
0.44,0.85000000000000009,-0.003152,-6.4162E-10,0.0031528,3.2355999999999997E-07,-3.2308E-07
0.435,0.85000000000000009,-0.003355,-6.7686000000000008E-10,0.0033574,3.2355999999999997E-07,-3.2308E-07
0.43,0.85000000000000009,-0.003565,-6.7995E-10,0.0035648,3.2358E-07,-3.2312E-07
0.42500000000000004,0.85000000000000009,-0.0037712,-7.0131E-10,0.0037714000000000003,3.2354E-07,-3.2313999999999997E-07
0.42000000000000004,0.85000000000000009,-0.003981,-7.2408E-10,0.0039808000000000005,3.2355999999999997E-07,-3.2313999999999997E-07
0.41500000000000004,0.85000000000000009,-0.0041852,-7.5273E-10,0.0041864,3.235E-07,-3.2313999999999997E-07
0.41000000000000003,0.85000000000000009,-0.004393,-7.6823E-10,0.004392,3.2354E-07,-3.2306E-07
0.405,0.85000000000000009,-0.0045934,-8.0065E-10,0.004593,3.2352E-07,-3.2318E-07
0.4,0.85000000000000009,-0.0047954,-8.1796E-10,0.0047938,3.2352E-07,-3.231E-07
0.395,0.85000000000000009,-0.0049900000000000005,-8.5019E-10,0.0049882,3.235E-07,-3.2308E-07
0.39,0.85000000000000009,-0.0051808,-8.7127E-10,0.0051804,3.2355999999999997E-07,-3.2288E-07
0.385,0.85000000000000009,-0.0053674000000000005,-9.0161000000000005E-10,0.0053654,3.2348E-07,-3.2312E-07
0.38,0.85000000000000009,-0.0055502,-9.2634E-10,0.005548,3.2354E-07,-3.2312E-07
0.375,0.85000000000000009,-0.0057228,-9.7553E-10,0.0057252,3.229E-07,-3.2254E-07
0.37,0.85000000000000009,-0.0058962,-9.9809E-10,0.0058952,3.235E-07,-3.231E-07
0.365,0.85000000000000009,-0.0060586,-1.0172200000000001E-09,0.0060596,3.235E-07,-3.2313999999999997E-07
0.36000000000000004,0.85000000000000009,-0.0062216,-1.04271E-09,0.006219,3.2336E-07,-3.231E-07
0.35500000000000004,0.85000000000000009,-0.0063748,-1.07378E-09,0.0063718,3.235E-07,-3.231E-07
0.35000000000000003,0.85000000000000009,-0.0065224,-1.1066100000000002E-09,0.006523,3.2344E-07,-3.2304E-07
0.34500000000000003,0.85000000000000009,-0.0066622,-1.1533E-09,0.006662,3.229E-07,-3.2257999999999997E-07
0.34,0.85000000000000009,-0.0068008,-1.1819E-09,0.0068018,3.2355999999999997E-07,-3.2313999999999997E-07
0.335,0.85000000000000009,-0.0069322,-1.217E-09,0.0069310000000000005,3.2294E-07,-3.2312E-07
0.33,0.85000000000000009,-0.007059,-1.2469E-09,0.007058,3.235E-07,-3.226E-07
0.325,0.85000000000000009,-0.0071812,-1.272E-09,0.0071796,3.2348E-07,-3.2308E-07
0.32,0.85000000000000009,-0.0072974,-1.3066E-09,0.0072978,3.2294E-07,-3.2252E-07
0.315,0.85000000000000009,-0.0074094,-1.3402E-09,0.0074082,3.235E-07,-3.231E-07
0.31,0.85000000000000009,-0.0075166,-1.3758E-09,0.0075164,3.2354E-07,-3.2312E-07
0.305,0.85000000000000009,-0.007618,-1.4144E-09,0.0076196,3.2352E-07,-3.2236E-07
0.3,0.85000000000000009,-0.007716,-1.4561E-09,0.0077168,3.2355999999999997E-07,-3.2308E-07
0.29500000000000004,0.85000000000000009,-0.0078106,-1.4955E-09,0.0078114000000000005,3.2348E-07,-3.2316E-07
0.29000000000000004,0.85000000000000009,-0.0078998,-1.5355E-09,0.0079,3.2322E-07,-3.2308E-07
0.28500000000000003,0.85000000000000009,-0.0079848,-1.5827E-09,0.0079858,3.2352E-07,-3.2308E-07
0.28,0.85000000000000009,-0.0080692,-1.6256E-09,0.0080702,3.2346E-07,-3.2312E-07
0.275,0.85000000000000009,-0.0081468000000000009,-1.6642E-09,0.0081474,3.2346E-07,-3.2308E-07
0.27,0.85000000000000009,-0.0082264,-1.7144E-09,0.008226,3.2348E-07,-3.2248E-07
0.265,0.85000000000000009,-0.0082976,-1.7572E-09,0.0082968,3.2348E-07,-3.231E-07
0.26,0.85000000000000009,-0.0083686,-1.8063E-09,0.0083698,3.234E-07,-3.2313999999999997E-07
0.255,0.85000000000000009,-0.0084358,-1.8448E-09,0.008435,3.2348E-07,-3.2262E-07
0.25,0.85000000000000009,-0.0084994,-1.8965E-09,0.0085,3.235E-07,-3.2312E-07
0.24500000000000002,0.85000000000000009,-0.0085622,-1.949E-09,0.0085606,3.2352E-07,-3.2318E-07
0.24000000000000002,0.85000000000000009,-0.008621,-2.0009E-09,0.0086186,3.235E-07,-3.2312E-07
0.23500000000000001,0.85000000000000009,-0.008679000000000001,-2.0486E-09,0.0086772,3.2348E-07,-3.2313999999999997E-07
0.23,0.85000000000000009,-0.0087302,-2.1118E-09,0.0087318,3.2327999999999997E-07,-3.2254E-07
0.225,0.85000000000000009,-0.0087828,-2.1724E-09,0.0087838,3.235E-07,-3.2306E-07
0.22,0.85000000000000009,-0.0088348,-2.2263E-09,0.008834,3.235E-07,-3.2316E-07
0.215,0.85000000000000009,-0.0088838,-2.2846E-09,0.0088838,3.236E-07,-3.231E-07
0.21000000000000002,0.85000000000000009,-0.008930200000000001,-2.3428E-09,0.008929,3.235E-07,-3.2318E-07
0.20500000000000002,0.85000000000000009,-0.0089788,-2.4104E-09,0.0089744,3.2341999999999997E-07,-3.2313999999999997E-07
0.2,0.85000000000000009,-0.0090178,-2.4704E-09,0.0090214,3.235E-07,-3.2313999999999997E-07
0.195,0.85000000000000009,-0.0090614,-2.5395999999999998E-09,0.009063,3.2344E-07,-3.2313999999999997E-07
0.19,0.85000000000000009,-0.0091032,-2.6006E-09,0.0091026,3.2355999999999997E-07,-3.2313999999999997E-07
0.185,0.85000000000000009,-0.009141,-2.6754E-09,0.0091386,3.2348E-07,-3.232E-07
0.18000000000000002,0.85000000000000009,-0.0091804,-2.7409E-09,0.0091792,3.2346E-07,-3.2306E-07
0.17500000000000002,0.85000000000000009,-0.0092146,-2.8148E-09,0.0092158,3.2344E-07,-3.2312E-07
0.17,0.85000000000000009,-0.0092514,-2.8906E-09,0.0092512,3.235E-07,-3.2313999999999997E-07
0.165,0.85000000000000009,-0.009285,-2.9692E-09,0.0092846,3.2344E-07,-3.2256E-07
0.16,0.85000000000000009,-0.0093152000000000009,-3.0442E-09,0.0093192,3.2344E-07,-3.2313999999999997E-07
0.155,0.85000000000000009,-0.0093468,-3.1275E-09,0.0093478,3.2348E-07,-3.2304E-07
0.15,0.85000000000000009,-0.009379,-3.217E-09,0.009382,3.2284E-07,-3.2254E-07
0.14500000000000002,0.85000000000000009,-0.0094066,-3.3018E-09,0.0094102,3.2341999999999997E-07,-3.2313999999999997E-07
0.14,0.85000000000000009,-0.0094376,-3.3919E-09,0.009435,3.2344E-07,-3.231E-07
0.135,0.85000000000000009,-0.0094628,-3.4781E-09,0.0094642,3.235E-07,-3.2312E-07
0.13,0.85000000000000009,-0.0094896,-3.5722E-09,0.0094874,3.2346E-07,-3.2306E-07
0.125,0.85000000000000009,-0.0095132,-3.6731E-09,0.0095172,3.2346E-07,-3.2306E-07
0.12000000000000001,0.85000000000000009,-0.0095402,-3.7629E-09,0.0095412,3.2344E-07,-3.2306E-07
0.115,0.85000000000000009,-0.0095642,-3.8599E-09,0.0095664000000000009,3.2344E-07,-3.2304E-07
0.11,0.85000000000000009,-0.009589,-3.9636E-09,0.0095904,3.2348E-07,-3.2308E-07
0.10500000000000001,0.85000000000000009,-0.0096148,-4.0699E-09,0.0096152,3.235E-07,-3.2308E-07
0.1,0.85000000000000009,-0.009636200000000001,-4.1913E-09,0.0096330000000000009,3.2348E-07,-3.2318E-07
0.095,0.85000000000000009,-0.009655,-4.2917E-09,0.0096532,3.2348E-07,-3.231E-07
0.090000000000000011,0.85000000000000009,-0.009676800000000001,-4.4092E-09,0.0096784,3.2348E-07,-3.2308E-07
0.085,0.85000000000000009,-0.0096978,-4.5355E-09,0.0096982,3.2294E-07,-3.2246E-07
0.08,0.85000000000000009,-0.0097148,-4.644E-09,0.009717400000000001,3.2344E-07,-3.2313999999999997E-07
0.075,0.85000000000000009,-0.0097368,-4.7763E-09,0.0097366,3.2288E-07,-3.2256E-07
0.07,0.85000000000000009,-0.0097566,-4.9049E-09,0.0097544,3.2288E-07,-3.2257999999999997E-07
0.065,0.85000000000000009,-0.0097704,-5.0345E-09,0.0097716,3.2348E-07,-3.2318E-07
0.060000000000000005,0.85000000000000009,-0.009793,-5.1613E-09,0.009791600000000001,3.2298E-07,-3.2266E-07
0.055,0.85000000000000009,-0.009806,-5.3032E-09,0.0098106000000000009,3.235E-07,-3.2318E-07
0.05,0.85000000000000009,-0.0098228,-5.4397E-09,0.0098234,3.236E-07,-3.232E-07
0.045000000000000005,0.85000000000000009,-0.0098404000000000009,-5.5742E-09,0.00984,3.2352E-07,-3.2318E-07
0.04,0.85000000000000009,-0.009857,-5.7282E-09,0.00986,3.235E-07,-3.2313999999999997E-07
0.035,0.85000000000000009,-0.00987,-5.8804E-09,0.009872800000000001,3.235E-07,-3.2313999999999997E-07
0.030000000000000002,0.85000000000000009,-0.0098862,-6.0372E-09,0.009885,3.2352E-07,-3.232E-07
0.025,0.85000000000000009,-0.0099014,-6.2158E-09,0.009898800000000001,3.2284E-07,-3.2313999999999997E-07
0.02,0.85000000000000009,-0.0099116,-6.3908E-09,0.009912,3.2348E-07,-3.2316E-07
0.015000000000000001,0.85000000000000009,-0.0099302,-6.5415E-09,0.0099268,3.235E-07,-3.2313999999999997E-07
0.01,0.85000000000000009,-0.0099412,-6.7165E-09,0.0099408,3.2296E-07,-3.2252E-07
0.005,0.85000000000000009,-0.0099526,-6.892E-09,0.0099552,3.2346E-07,-3.2313999999999997E-07
0,0.85000000000000009,-0.009968,-7.0896E-09,0.0099672,3.2358E-07,-3.2313999999999997E-07
1.2,0.86,-5.4294000000000009E-10,5.6911E-10,-7.721000000000001E-11,3.2313999999999997E-07,-3.231E-07
1.195,0.86,-5.4288E-10,5.2927000000000008E-10,-7.3520000000000008E-11,3.2318E-07,-3.231E-07
1.19,0.86,-5.289E-10,4.8569E-10,-6.923E-11,3.232E-07,-3.2306E-07
1.185,0.86,-5.2418E-10,4.5751000000000006E-10,-6.807E-11,3.2324E-07,-3.2313999999999997E-07
1.1800000000000002,0.86,-5.2154E-10,4.1848000000000004E-10,-6.3040000000000009E-11,3.2324E-07,-3.2306E-07
1.175,0.86,-5.1965000000000006E-10,3.9161E-10,-6.0120000000000008E-11,3.233E-07,-3.2302E-07
1.1700000000000002,0.86,-5.1219000000000007E-10,3.6085000000000005E-10,-5.783E-11,3.2332E-07,-3.2296E-07
1.165,0.86,-5.1057E-10,3.3781000000000005E-10,-5.6980000000000006E-11,3.2336E-07,-3.2308E-07
1.1600000000000001,0.86,-5.0956E-10,3.1155E-10,-5.241E-11,3.2332E-07,-3.2308E-07
1.155,0.86,-5.0180000000000007E-10,2.9576E-10,-4.9590000000000007E-11,3.233E-07,-3.2306E-07
1.1500000000000001,0.86,-4.992E-10,2.7446E-10,-4.5800000000000006E-11,3.2336E-07,-3.2302E-07
1.145,0.86,-5.0052E-10,2.5795E-10,-4.206E-11,3.2338E-07,-3.2304E-07
1.1400000000000001,0.86,-4.9785E-10,2.3922000000000003E-10,-3.601E-11,3.2338E-07,-3.2308E-07
1.135,0.86,-4.891E-10,2.2963E-10,-3.368E-11,3.2341999999999997E-07,-3.2304E-07
1.1300000000000001,0.86,-4.9217000000000007E-10,2.1242000000000003E-10,-2.9880000000000004E-11,3.2344E-07,-3.2299999999999997E-07
1.125,0.86,-4.9112000000000006E-10,1.9646E-10,-2.578E-11,3.228E-07,-3.231E-07
1.12,0.86,-4.8641000000000008E-10,1.8178000000000002E-10,-2.4500000000000003E-11,3.2341999999999997E-07,-3.2308E-07
1.115,0.86,-4.8062E-10,1.732E-10,-2.2700000000000003E-11,3.234E-07,-3.2299999999999997E-07
1.11,0.86,-4.8911000000000008E-10,1.6485E-10,-1.672E-11,3.2341999999999997E-07,-3.2308E-07
1.105,0.86,-4.8772E-10,1.545E-10,-1.0930000000000001E-11,3.234E-07,-3.2304E-07
1.1,0.86,-4.8271000000000008E-10,1.4556E-10,-7.7900000000000013E-12,3.2344E-07,-3.2268E-07
1.095,0.86,-4.8403E-10,1.3257000000000001E-10,-9.000000000000001E-13,3.2341999999999997E-07,-3.2308E-07
1.09,0.86,-4.9318E-10,1.292E-10,7.9900000000000013E-12,3.2316E-07,-3.2248E-07
1.085,0.86,-4.8759000000000007E-10,1.2206000000000002E-10,1.26E-11,3.2282E-07,-3.2246E-07
1.08,0.86,-4.9095E-10,1.1932E-10,1.9690000000000002E-11,3.2354E-07,-3.2308E-07
1.075,0.86,-4.9833000000000008E-10,1.0401000000000001E-10,2.956E-11,3.2341999999999997E-07,-3.2312E-07
1.07,0.86,-5.0055E-10,1.0060000000000001E-10,3.653E-11,3.2348E-07,-3.2304E-07
1.065,0.86,-5.0262000000000007E-10,9.1630000000000011E-11,4.3760000000000006E-11,3.234E-07,-3.2306E-07
1.06,0.86,-5.2259000000000005E-10,9.246000000000001E-11,5.876E-11,3.2344E-07,-3.2304E-07
1.0550000000000002,0.86,-5.2866E-10,8.041000000000001E-11,7.204E-11,3.2326E-07,-3.2302E-07
1.05,0.86,-5.3348E-10,7.899E-11,8.3830000000000009E-11,3.235E-07,-3.2313999999999997E-07
1.0450000000000002,0.86,-5.4722E-10,7.176E-11,1.0482E-10,3.2354E-07,-3.2304E-07
1.04,0.86,-5.751100000000001E-10,7.4290000000000009E-11,1.2611000000000002E-10,3.2352E-07,-3.232E-07
1.0350000000000001,0.86,-5.8528000000000007E-10,6.543E-11,1.4898E-10,3.2352E-07,-3.2313999999999997E-07
1.03,0.86,-6.1110000000000009E-10,6.6380000000000008E-11,1.7511E-10,3.2354E-07,-3.2304E-07
1.0250000000000001,0.86,-6.4095E-10,5.5150000000000005E-11,2.0804E-10,3.2355999999999997E-07,-3.2312E-07
1.02,0.86,-6.712E-10,5.6350000000000004E-11,2.4297000000000004E-10,3.2355999999999997E-07,-3.2264E-07
1.0150000000000001,0.86,-7.0781000000000006E-10,5.018E-11,2.8453E-10,3.2355999999999997E-07,-3.232E-07
1.01,0.86,-7.6078E-10,5.4170000000000005E-11,3.3141000000000005E-10,3.2355999999999997E-07,-3.2318E-07
1.0050000000000001,0.86,-8.1313000000000007E-10,4.5530000000000003E-11,3.8849E-10,3.2306E-07,-3.2268E-07
1,0.86,-8.7122E-10,4.5100000000000005E-11,4.5122E-10,3.2354E-07,-3.2312E-07
0.995,0.86,-9.3761E-10,4.0690000000000004E-11,5.2782E-10,3.2292E-07,-3.2308E-07
0.9900000000000001,0.86,-1.03283E-09,4.032E-11,6.1349E-10,3.2302E-07,-3.2252E-07
0.9850000000000001,0.86,-1.1317500000000002E-09,3.302E-11,7.1513000000000009E-10,3.2354E-07,-3.2302E-07
0.98000000000000009,0.86,-1.2455E-09,3.3740000000000004E-11,8.3478000000000009E-10,3.235E-07,-3.2312E-07
0.97500000000000009,0.86,-1.3759E-09,3.4680000000000003E-11,9.6784E-10,3.235E-07,-3.2308E-07
0.97000000000000008,0.86,-1.5359E-09,3.0940000000000005E-11,1.1293900000000002E-09,3.2348E-07,-3.2312E-07
0.96500000000000008,0.86,-1.7284E-09,2.9510000000000003E-11,1.3094E-09,3.235E-07,-3.2312E-07
0.96000000000000008,0.86,-1.9364E-09,2.3640000000000002E-11,1.5308E-09,3.2344E-07,-3.2302E-07
0.95500000000000007,0.86,-2.1789E-09,2.447E-11,1.7748E-09,3.2348E-07,-3.2313999999999997E-07
0.95000000000000007,0.86,-2.4685E-09,2.4150000000000002E-11,2.0659E-09,3.2341999999999997E-07,-3.2306E-07
0.94500000000000006,0.86,-2.8041E-09,2.36E-11,2.4054E-09,3.2344E-07,-3.2308E-07
0.94000000000000006,0.86,-3.1964E-09,1.859E-11,2.7955E-09,3.2341999999999997E-07,-3.2313999999999997E-07
0.935,0.86,-3.6504E-09,1.943E-11,3.2553E-09,3.2346E-07,-3.231E-07
0.93,0.86,-4.1736E-09,1.777E-11,3.7786E-09,3.2348E-07,-3.2306E-07
0.925,0.86,-4.8000999999999996E-09,1.9460000000000003E-11,4.4028E-09,3.2348E-07,-3.2308E-07
0.92,0.86,-5.5157E-09,1.566E-11,5.1132E-09,3.2344E-07,-3.231E-07
0.915,0.86,-6.3254E-09,1.56E-11,5.9414E-09,3.2346E-07,-3.2306E-07
0.91,0.86,-7.315E-09,1.016E-11,6.9195E-09,3.2348E-07,-3.2302E-07
0.905,0.86,-8.4318E-09,1.078E-11,8.0321E-09,3.2274E-07,-3.2236E-07
0.9,0.86,-9.7379E-09,9.67E-12,9.3495E-09,3.2346E-07,-3.2299999999999997E-07
0.895,0.86,-1.12609E-08,1.33E-11,1.08679E-08,3.2341999999999997E-07,-3.2302E-07
0.89,0.86,-1.3052399999999999E-08,6.9800000000000006E-12,1.26772E-08,3.2346E-07,-3.2308E-07
0.885,0.86,-1.5111599999999998E-08,5.7100000000000005E-12,1.4709799999999998E-08,3.2346E-07,-3.2296E-07
0.88,0.86,-1.75166E-08,7.870000000000001E-12,1.71444E-08,3.2348E-07,-3.2306E-07
0.875,0.86,-2.02848E-08,4.7100000000000007E-12,1.9918999999999998E-08,3.2341999999999997E-07,-3.2302E-07
0.87,0.86,-2.3567399999999997E-08,7.63E-12,2.3193799999999998E-08,3.2341999999999997E-07,-3.2308E-07
0.865,0.86,-2.7338199999999997E-08,3.7400000000000006E-12,2.6978599999999998E-08,3.2354E-07,-3.2304E-07
0.86,0.86,-3.1760399999999996E-08,6.9900000000000007E-12,3.14086E-08,3.2346E-07,-3.2302E-07
0.85500000000000009,0.86,-3.68296E-08,2.9800000000000002E-12,3.6478199999999995E-08,3.2344E-07,-3.2312E-07
0.85000000000000009,0.86,-4.2837199999999993E-08,2.9900000000000004E-12,4.2454199999999995E-08,3.2336E-07,-3.2306E-07
0.84500000000000008,0.86,-4.9665999999999996E-08,1.6300000000000001E-12,4.9330199999999997E-08,3.234E-07,-3.2308E-07
0.84000000000000008,0.86,-5.7809199999999996E-08,-1.6700000000000002E-12,5.7431599999999993E-08,3.2344E-07,-3.2302E-07
0.83500000000000008,0.86,-6.7096E-08,-2.9800000000000002E-12,6.666759999999999E-08,3.2341999999999997E-07,-3.2304E-07
0.83000000000000007,0.86,-7.8079199999999992E-08,-5.85E-12,7.7753599999999988E-08,3.234E-07,-3.2304E-07
0.82500000000000007,0.86,-9.0681999999999991E-08,-7.42E-12,9.0329999999999989E-08,3.2346E-07,-3.2306E-07
0.82000000000000006,0.86,-1.0554779999999999E-07,-7.07E-12,1.0519999999999999E-07,3.2338E-07,-3.2299999999999997E-07
0.81500000000000006,0.86,-1.2258E-07,-1.0330000000000001E-11,1.2238E-07,3.2296E-07,-3.225E-07
0.81,0.86,-1.4276E-07,-1.181E-11,1.4249999999999999E-07,3.2341999999999997E-07,-3.232E-07
0.805,0.86,-1.656E-07,-1.097E-11,1.6536E-07,3.2341999999999997E-07,-3.2308E-07
0.8,0.86,-1.9244E-07,-1.5740000000000002E-11,1.9218E-07,3.2348E-07,-3.2306E-07
0.795,0.86,-2.2396E-07,-1.524E-11,2.237E-07,3.235E-07,-3.2306E-07
0.79,0.86,-2.6001999999999997E-07,-1.808E-11,2.5964E-07,3.2338E-07,-3.2306E-07
0.785,0.86,-3.0292E-07,-2.2440000000000002E-11,3.0254E-07,3.2336E-07,-3.2312E-07
0.78,0.86,-3.5188E-07,-2.3440000000000002E-11,3.5138E-07,3.2352E-07,-3.2278E-07
0.775,0.86,-4.0969999999999997E-07,-2.7830000000000002E-11,4.0898E-07,3.2296E-07,-3.225E-07
0.77,0.86,-4.7554E-07,-2.413E-11,4.7526E-07,3.2348E-07,-3.2304E-07
0.765,0.86,-5.5376E-07,-2.961E-11,5.5318E-07,3.2346E-07,-3.2306E-07
0.76,0.86,-6.4216E-07,-3.2060000000000004E-11,6.4262E-07,3.2288E-07,-3.2299999999999997E-07
0.755,0.86,-7.4693999999999994E-07,-3.981E-11,7.4786E-07,3.2352E-07,-3.2306E-07
0.75,0.86,-8.6907999999999994E-07,-3.849E-11,8.6925999999999994E-07,3.2341999999999997E-07,-3.2298E-07
0.745,0.86,-1.01146E-06,-4.5400000000000006E-11,1.0107E-06,3.2346E-07,-3.2306E-07
0.74,0.86,-1.1715000000000001E-06,-5.1830000000000004E-11,1.1715000000000001E-06,3.2344E-07,-3.2302E-07
0.735,0.86,-1.3613000000000002E-06,-4.9900000000000003E-11,1.3638000000000002E-06,3.235E-07,-3.2306E-07
0.73,0.86,-1.5808000000000002E-06,-5.219E-11,1.5832000000000002E-06,3.234E-07,-3.2302E-07
0.72500000000000009,0.86,-1.8432000000000002E-06,-6.413E-11,1.8429000000000002E-06,3.2294E-07,-3.2306E-07
0.72000000000000008,0.86,-2.1384E-06,-6.446E-11,2.1392E-06,3.2266E-07,-3.2228E-07
0.71500000000000008,0.86,-2.4857E-06,-6.865E-11,2.4912000000000004E-06,3.2341999999999997E-07,-3.2306E-07
0.71000000000000008,0.86,-2.8884E-06,-7.43E-11,2.8932E-06,3.2294E-07,-3.2248E-07
0.70500000000000007,0.86,-3.3612000000000005E-06,-7.759E-11,3.3653E-06,3.2341999999999997E-07,-3.2302E-07
0.70000000000000007,0.86,-3.8976000000000006E-06,-8.563E-11,3.9031000000000008E-06,3.2348E-07,-3.2242E-07
0.69500000000000006,0.86,-4.5368E-06,-8.8180000000000012E-11,4.5425E-06,3.2348E-07,-3.2299999999999997E-07
0.69000000000000006,0.86,-5.2762E-06,-9.609E-11,5.2711E-06,3.2348E-07,-3.2306E-07
0.685,0.86,-6.1094E-06,-1.0231000000000001E-10,6.1232000000000009E-06,3.2341999999999997E-07,-3.2298E-07
0.68,0.86,-7.1030000000000004E-06,-1.1071000000000001E-10,7.1060000000000011E-06,3.2341999999999997E-07,-3.2296E-07
0.675,0.86,-8.2443E-06,-1.1138000000000001E-10,8.2427000000000016E-06,3.2338E-07,-3.2302E-07
0.67,0.86,-9.5956000000000018E-06,-1.2454000000000002E-10,9.588300000000001E-06,3.235E-07,-3.2302E-07
0.665,0.86,-1.1116600000000001E-05,-1.2707E-10,1.1119700000000001E-05,3.2344E-07,-3.2302E-07
0.66,0.86,-1.294E-05,-1.3050000000000002E-10,1.293E-05,3.2298E-07,-3.2257999999999997E-07
0.655,0.86,-1.5004E-05,-1.4372000000000002E-10,1.4996E-05,3.2299999999999997E-07,-3.2264E-07
0.65,0.86,-1.741E-05,-1.4620000000000002E-10,1.74E-05,3.2292E-07,-3.226E-07
0.645,0.86,-2.0186E-05,-1.5748E-10,2.018E-05,3.2308E-07,-3.2262E-07
0.64,0.86,-2.3424E-05,-1.615E-10,2.3428E-05,3.2302E-07,-3.2266E-07
0.635,0.86,-2.7112E-05,-1.7541000000000002E-10,2.7126E-05,3.2296E-07,-3.2274E-07
0.63,0.86,-3.1468000000000004E-05,-1.8049000000000002E-10,3.1438E-05,3.2299999999999997E-07,-3.226E-07
0.625,0.86,-3.6458E-05,-1.9059E-10,3.6412E-05,3.2285999999999997E-07,-3.226E-07
0.62,0.86,-4.2248E-05,-1.9889000000000002E-10,4.218E-05,3.2304E-07,-3.2262E-07
0.615,0.86,-4.8794E-05,-2.0752000000000002E-10,4.8782E-05,3.2302E-07,-3.2262E-07
0.61,0.86,-5.6528000000000005E-05,-2.1613E-10,5.6552E-05,3.2296E-07,-3.2268E-07
0.605,0.86,-6.5336E-05,-2.2175E-10,6.535E-05,3.2308E-07,-3.2271999999999997E-07
0.6,0.86,-7.5514000000000009E-05,-2.3162000000000002E-10,7.545E-05,3.2312E-07,-3.2264E-07
0.595,0.86,-8.7052E-05,-2.4077000000000004E-10,8.7014E-05,3.2299999999999997E-07,-3.227E-07
0.59000000000000008,0.86,-0.000100468,-2.5321E-10,0.000100456,3.2296E-07,-3.226E-07
0.58500000000000008,0.86,-0.00011536000000000001,-2.604E-10,0.00011544,3.2302E-07,-3.2266E-07
0.58000000000000007,0.86,-0.00013294,-2.6902E-10,0.00013318,3.2306E-07,-3.2266E-07
0.57500000000000007,0.86,-0.00015266000000000002,-2.7881000000000004E-10,0.00015284,3.2306E-07,-3.2266E-07
0.57000000000000006,0.86,-0.0001755,-2.8828E-10,0.00017588,3.2306E-07,-3.226E-07
0.56500000000000006,0.86,-0.00020124000000000002,-3.0066E-10,0.00020146,3.2299999999999997E-07,-3.2264E-07
0.56,0.86,-0.00023076000000000002,-3.088E-10,0.00023094,3.2234E-07,-3.2208E-07
0.555,0.86,-0.00026378,-3.1833000000000003E-10,0.0002638,3.2302E-07,-3.2257999999999997E-07
0.55,0.86,-0.00030128,-3.3146E-10,0.00030164,3.224E-07,-3.226E-07
0.545,0.86,-0.00034260000000000003,-3.407E-10,0.00034334000000000003,3.2299999999999997E-07,-3.2262E-07
0.54,0.86,-0.00039014000000000003,-3.5537000000000004E-10,0.0003905,3.2294E-07,-3.2264E-07
0.535,0.86,-0.00044236000000000004,-3.6746000000000004E-10,0.00044284,3.2302E-07,-3.2257999999999997E-07
0.53,0.86,-0.00050106,-3.7608E-10,0.00050126,3.2306E-07,-3.226E-07
0.525,0.86,-0.00056518000000000009,-3.8844E-10,0.00056568,3.2306E-07,-3.2257999999999997E-07
0.52,0.86,-0.0006369,-3.9757000000000006E-10,0.00063728,3.2232E-07,-3.2198E-07
0.515,0.86,-0.00071484,-4.1677000000000005E-10,0.00071478,3.2304E-07,-3.2266E-07
0.51,0.86,-0.00080102,-4.2347000000000004E-10,0.00080100000000000006,3.2306E-07,-3.2274E-07
0.505,0.86,-0.00089302,-4.3961000000000005E-10,0.00089258,3.224E-07,-3.2192E-07
0.5,0.86,-0.00099424,-4.5249000000000006E-10,0.0009938,3.2308E-07,-3.2266E-07
0.49500000000000005,0.86,-0.00110088,-4.7045000000000007E-10,0.00110144,3.2299999999999997E-07,-3.2264E-07
0.49000000000000005,0.86,-0.0012174,-4.8385E-10,0.0012174,3.2302E-07,-3.2262E-07
0.48500000000000004,0.86,-0.0013406,-4.9469000000000008E-10,0.0013404,3.2299999999999997E-07,-3.2262E-07
0.48000000000000004,0.86,-0.0014712,-5.1579E-10,0.0014714,3.2296E-07,-3.226E-07
0.47500000000000003,0.86,-0.0016066000000000001,-5.2571E-10,0.0016066000000000001,3.2299999999999997E-07,-3.226E-07
0.47000000000000003,0.86,-0.0017502,-5.5758000000000005E-10,0.0017512,3.2302E-07,-3.226E-07
0.465,0.86,-0.0018976,-5.7414E-10,0.001898,3.2302E-07,-3.2264E-07
0.46,0.86,-0.002054,-5.9524E-10,0.002054,3.2276E-07,-3.2266E-07
0.455,0.86,-0.0022098,-5.9945E-10,0.0022112,3.2302E-07,-3.226E-07
0.45,0.86,-0.0023738,-6.1399000000000007E-10,0.0023736,3.2304E-07,-3.2266E-07
0.445,0.86,-0.0025374,-6.426800000000001E-10,0.0025378,3.2304E-07,-3.2262E-07
0.44,0.86,-0.0027052,-6.549500000000001E-10,0.0027044,3.2294E-07,-3.2252E-07
0.435,0.86,-0.0028714,-6.8428E-10,0.0028718,3.2299999999999997E-07,-3.2194E-07
0.43,0.86,-0.00304,-7.0176000000000007E-10,0.0030426,3.2226E-07,-3.226E-07
0.42500000000000004,0.86,-0.0032088,-7.2908E-10,0.0032104,3.2299999999999997E-07,-3.2257999999999997E-07
0.42000000000000004,0.86,-0.0033786000000000003,-7.4482E-10,0.003378,3.2238E-07,-3.2271999999999997E-07
0.41500000000000004,0.86,-0.003542,-7.6988E-10,0.0035442,3.2308E-07,-3.2271999999999997E-07
0.41000000000000003,0.86,-0.0037074,-7.9401E-10,0.0037068,3.2306E-07,-3.2274E-07
0.405,0.86,-0.0038656000000000003,-8.2621000000000009E-10,0.0038662,3.2299999999999997E-07,-3.2262E-07
0.4,0.86,-0.0040228,-8.4715E-10,0.0040254,3.2304E-07,-3.226E-07
0.395,0.86,-0.0041774,-8.7442000000000007E-10,0.0041784000000000005,3.2296E-07,-3.227E-07
0.39,0.86,-0.004327,-9.0072000000000007E-10,0.0043292,3.2234E-07,-3.2206E-07
0.385,0.86,-0.0044742,-9.2623000000000012E-10,0.0044738,3.2298E-07,-3.2266E-07
0.38,0.86,-0.0046154,-9.5642E-10,0.004615,3.2306E-07,-3.22E-07
0.375,0.86,-0.0047534000000000005,-9.8141E-10,0.004754,3.2298E-07,-3.2278E-07
0.37,0.86,-0.0048850000000000005,-1.0175300000000001E-09,0.0048850000000000005,3.2296E-07,-3.227E-07
0.365,0.86,-0.005011,-1.0441200000000001E-09,0.0050144000000000005,3.2298E-07,-3.2271999999999997E-07
0.36000000000000004,0.86,-0.0051376,-1.0773700000000002E-09,0.0051378000000000005,3.2298E-07,-3.2264E-07
0.35500000000000004,0.86,-0.0052542000000000005,-1.1073100000000002E-09,0.0052554,3.2306E-07,-3.2266E-07
0.35000000000000003,0.86,-0.0053688,-1.1379E-09,0.0053698,3.2299999999999997E-07,-3.2198E-07
0.34500000000000003,0.86,-0.005477,-1.1668E-09,0.005479,3.2299999999999997E-07,-3.2266E-07
0.34,0.86,-0.0055862,-1.2078E-09,0.005583,3.2234E-07,-3.22E-07
0.335,0.86,-0.0056832,-1.2324E-09,0.0056854,3.2312E-07,-3.2271999999999997E-07
0.33,0.86,-0.0057782,-1.2822E-09,0.0057818,3.2299999999999997E-07,-3.2268E-07
0.325,0.86,-0.0058726,-1.3035E-09,0.0058728,3.2296E-07,-3.2271999999999997E-07
0.32,0.86,-0.0059616,-1.3458E-09,0.005962,3.229E-07,-3.227E-07
0.315,0.86,-0.0060474000000000005,-1.3804E-09,0.0060498,3.2302E-07,-3.2262E-07
0.31,0.86,-0.0061304,-1.4159E-09,0.0061296,3.2292E-07,-3.2257999999999997E-07
0.305,0.86,-0.0062088,-1.4534E-09,0.0062098000000000006,3.2298E-07,-3.2274E-07
0.3,0.86,-0.0062834,-1.5026E-09,0.0062828,3.2229999999999997E-07,-3.2198E-07
0.29500000000000004,0.86,-0.0063524,-1.5431E-09,0.0063552,3.2299999999999997E-07,-3.2268E-07
0.29000000000000004,0.86,-0.0064248000000000005,-1.5811E-09,0.006424,3.2294E-07,-3.2266E-07
0.28500000000000003,0.86,-0.0064882,-1.6295E-09,0.0064912,3.2306E-07,-3.2264E-07
0.28,0.86,-0.0065522,-1.6604E-09,0.0065518,3.2296E-07,-3.227E-07
0.275,0.86,-0.006613,-1.7134E-09,0.006614,3.2294E-07,-3.22E-07
0.27,0.86,-0.0066686,-1.7522E-09,0.00667,3.2298E-07,-3.2264E-07
0.265,0.86,-0.0067286,-1.8042E-09,0.0067268,3.2294E-07,-3.2264E-07
0.26,0.86,-0.0067800000000000004,-1.8453E-09,0.0067834,3.229E-07,-3.226E-07
0.255,0.86,-0.0068318,-1.8989E-09,0.0068328,3.2294E-07,-3.226E-07
0.25,0.86,-0.006882,-1.949E-09,0.0068814,3.2294E-07,-3.2264E-07
0.24500000000000002,0.86,-0.0069296,-2.0026E-09,0.0069276,3.229E-07,-3.2266E-07
0.24000000000000002,0.86,-0.0069752,-2.0507E-09,0.0069722000000000004,3.2294E-07,-3.2266E-07
0.23500000000000001,0.86,-0.0070158,-2.1102E-09,0.0070204,3.2298E-07,-3.2271999999999997E-07
0.23,0.86,-0.0070632,-2.1633E-09,0.0070596,3.2294E-07,-3.2264E-07
0.225,0.86,-0.0071010000000000005,-2.2228E-09,0.0070982,3.2299999999999997E-07,-3.2271999999999997E-07
0.22,0.86,-0.007139,-2.2845E-09,0.007142,3.2302E-07,-3.2268E-07
0.215,0.86,-0.0071776,-2.3402E-09,0.007176,3.229E-07,-3.2271999999999997E-07
0.21000000000000002,0.86,-0.0072112,-2.4145E-09,0.0072154,3.2296E-07,-3.2266E-07
0.20500000000000002,0.86,-0.0072478,-2.4797E-09,0.0072466,3.2302E-07,-3.2268E-07
0.2,0.86,-0.007282,-2.5361E-09,0.0072786000000000005,3.2294E-07,-3.2194E-07
0.195,0.86,-0.0073118,-2.6039E-09,0.0073138000000000005,3.229E-07,-3.2264E-07
0.19,0.86,-0.0073422,-2.6747E-09,0.0073426,3.2294E-07,-3.227E-07
0.185,0.86,-0.0073706,-2.7471E-09,0.0073746,3.2292E-07,-3.227E-07
0.18000000000000002,0.86,-0.0074028,-2.8216E-09,0.0074022,3.2294E-07,-3.2266E-07
0.17500000000000002,0.86,-0.007431,-2.8892E-09,0.0074318000000000006,3.222E-07,-3.2268E-07
0.17,0.86,-0.0074588,-2.9743E-09,0.0074566,3.2288E-07,-3.2264E-07
0.165,0.86,-0.0074836,-3.0504E-09,0.0074848,3.2285999999999997E-07,-3.2264E-07
0.16,0.86,-0.0075106,-3.1384E-09,0.0075094,3.2228E-07,-3.2266E-07
0.155,0.86,-0.007535,-3.2208E-09,0.0075314,3.2296E-07,-3.2266E-07
0.15,0.86,-0.0075562,-3.3029E-09,0.0075578,3.2292E-07,-3.2266E-07
0.14500000000000002,0.86,-0.0075786000000000004,-3.3928E-09,0.0075812,3.2299999999999997E-07,-3.2264E-07
0.14,0.86,-0.0076046,-3.4824E-09,0.0076018000000000006,3.2298E-07,-3.2264E-07
0.135,0.86,-0.0076224000000000005,-3.5698E-09,0.007622,3.2292E-07,-3.227E-07
0.13,0.86,-0.0076454,-3.678E-09,0.0076458,3.2296E-07,-3.226E-07
0.125,0.86,-0.0076628,-3.7719E-09,0.007665,3.229E-07,-3.2266E-07
0.12000000000000001,0.86,-0.0076862,-3.871E-09,0.0076838,3.2296E-07,-3.2266E-07
0.115,0.86,-0.0077006,-3.968E-09,0.0077018,3.2294E-07,-3.228E-07
0.11,0.86,-0.0077202,-4.0841E-09,0.0077196,3.2294E-07,-3.2268E-07
0.10500000000000001,0.86,-0.0077392,-4.1912E-09,0.0077382,3.2299999999999997E-07,-3.227E-07
0.1,0.86,-0.0077538,-4.3102E-09,0.0077568,3.2302E-07,-3.2271999999999997E-07
0.095,0.86,-0.0077732,-4.4153E-09,0.007772,3.2308E-07,-3.2278E-07
0.090000000000000011,0.86,-0.007786,-4.5454E-09,0.0077902000000000006,3.2284E-07,-3.2212E-07
0.085,0.86,-0.0078026,-4.6633E-09,0.0078026,3.2296E-07,-3.2264E-07
0.08,0.86,-0.0078178,-4.7875E-09,0.0078198,3.2302E-07,-3.2274E-07
0.075,0.86,-0.0078324,-4.9126E-09,0.0078306,3.2302E-07,-3.2274E-07
0.07,0.86,-0.007847,-5.0424E-09,0.0078472,3.2294E-07,-3.227E-07
0.065,0.86,-0.0078616,-5.1888E-09,0.0078602,3.2294E-07,-3.2268E-07
0.060000000000000005,0.86,-0.0078738,-5.3272E-09,0.0078734000000000009,3.2226E-07,-3.2276E-07
0.055,0.86,-0.0078896,-5.4543E-09,0.0078864,3.229E-07,-3.227E-07
0.05,0.86,-0.0079028,-5.5991E-09,0.0079018,3.2294E-07,-3.227E-07
0.045000000000000005,0.86,-0.0079132,-5.7538E-09,0.0079140000000000009,3.2296E-07,-3.2271999999999997E-07
0.04,0.86,-0.0079226,-5.906E-09,0.0079254,3.2306E-07,-3.2276E-07
0.035,0.86,-0.0079362000000000009,-6.052E-09,0.0079404,3.2215999999999997E-07,-3.22E-07
0.030000000000000002,0.86,-0.007946400000000001,-6.2228E-09,0.007949,3.2296E-07,-3.2264E-07
0.025,0.86,-0.007961,-6.3963E-09,0.0079592,3.2302E-07,-3.2278E-07
0.02,0.86,-0.00797,-6.562E-09,0.0079714,3.2285999999999997E-07,-3.226E-07
0.015000000000000001,0.86,-0.0079826,-6.7197E-09,0.0079802,3.2304E-07,-3.2282E-07
0.01,0.86,-0.0079914000000000009,-6.9085E-09,0.0079914000000000009,3.2284E-07,-3.2222E-07
0.005,0.86,-0.0080016,-7.0968E-09,0.0079988,3.2296E-07,-3.2271999999999997E-07
0,0.86,-0.0080128,-7.2961E-09,0.0080126,3.2299999999999997E-07,-3.228E-07
1.2,0.87,-4.1799E-10,5.6257000000000005E-10,-7.839E-11,3.226E-07,-3.2264E-07
1.195,0.87,-4.1932000000000006E-10,5.1929000000000008E-10,-7.461E-11,3.2264E-07,-3.2266E-07
1.19,0.87,-4.0442000000000004E-10,4.8193E-10,-7.2310000000000007E-11,3.227E-07,-3.2264E-07
1.185,0.87,-4.1008000000000005E-10,4.4580000000000005E-10,-6.603E-11,3.2284E-07,-3.2234E-07
1.1800000000000002,0.87,-3.9920000000000003E-10,4.1137000000000005E-10,-6.1690000000000009E-11,3.227E-07,-3.2226E-07
1.175,0.87,-3.9687000000000005E-10,3.8577000000000005E-10,-6.022E-11,3.227E-07,-3.2274E-07
1.1700000000000002,0.87,-3.8973E-10,3.5645000000000005E-10,-5.714E-11,3.2278E-07,-3.227E-07
1.165,0.87,-4.0103E-10,3.3027000000000004E-10,-5.3150000000000005E-11,3.2278E-07,-3.2196E-07
1.1600000000000001,0.87,-3.8369000000000005E-10,3.0579000000000004E-10,-5.1700000000000006E-11,3.2218E-07,-3.2206E-07
1.155,0.87,-3.8078000000000005E-10,2.8861E-10,-4.953E-11,3.2288E-07,-3.226E-07
1.1500000000000001,0.87,-3.8237000000000005E-10,2.6695000000000004E-10,-4.4370000000000004E-11,3.224E-07,-3.226E-07
1.145,0.87,-3.8403E-10,2.5178000000000003E-10,-4.115E-11,3.2271999999999997E-07,-3.2266E-07
1.1400000000000001,0.87,-3.7362000000000005E-10,2.3329000000000003E-10,-3.955E-11,3.2288E-07,-3.2198E-07
1.135,0.87,-3.7222000000000003E-10,2.1718000000000002E-10,-3.6100000000000003E-11,3.2288E-07,-3.2252E-07
1.1300000000000001,0.87,-3.7241E-10,2.0057E-10,-3.081E-11,3.229E-07,-3.2264E-07
1.125,0.87,-3.6899000000000004E-10,1.9097000000000001E-10,-3.274E-11,3.2288E-07,-3.2196E-07
1.12,0.87,-3.6594000000000003E-10,1.8058E-10,-2.6650000000000003E-11,3.2285999999999997E-07,-3.2262E-07
1.115,0.87,-3.6893000000000004E-10,1.6749E-10,-2.152E-11,3.2292E-07,-3.227E-07
1.11,0.87,-3.6827E-10,1.5796000000000002E-10,-1.666E-11,3.2288E-07,-3.2266E-07
1.105,0.87,-3.5565E-10,1.4936000000000002E-10,-1.5540000000000002E-11,3.2288E-07,-3.2264E-07
1.1,0.87,-3.6909E-10,1.3845000000000002E-10,-8.2700000000000009E-12,3.2288E-07,-3.2264E-07
1.095,0.87,-3.7008000000000003E-10,1.2827000000000001E-10,-5.65E-12,3.2292E-07,-3.2266E-07
1.09,0.87,-3.6638000000000003E-10,1.2473000000000002E-10,9.6000000000000015E-13,3.229E-07,-3.2254E-07
1.085,0.87,-3.6281E-10,1.1717000000000002E-10,6.7500000000000009E-12,3.2308E-07,-3.2276E-07
1.08,0.87,-3.7789E-10,1.1064E-10,1.601E-11,3.2294E-07,-3.2268E-07
1.075,0.87,-3.7032E-10,1.0208000000000001E-10,2.081E-11,3.2302E-07,-3.2268E-07
1.07,0.87,-3.7477000000000004E-10,9.818E-11,2.953E-11,3.2299999999999997E-07,-3.2266E-07
1.065,0.87,-3.8162E-10,8.837E-11,3.852E-11,3.2298E-07,-3.2266E-07
1.06,0.87,-3.9749000000000004E-10,8.723E-11,4.858E-11,3.2306E-07,-3.227E-07
1.0550000000000002,0.87,-3.9270000000000005E-10,8.097E-11,6.0090000000000009E-11,3.2308E-07,-3.2282E-07
1.05,0.87,-4.1141000000000003E-10,7.7620000000000012E-11,7.212E-11,3.2304E-07,-3.2268E-07
1.0450000000000002,0.87,-4.2074000000000004E-10,6.636E-11,8.9890000000000012E-11,3.2302E-07,-3.2282E-07
1.04,0.87,-4.3791000000000004E-10,6.9130000000000011E-11,1.0558000000000001E-10,3.2302E-07,-3.2276E-07
1.0350000000000001,0.87,-4.4681000000000003E-10,6.255E-11,1.2629E-10,3.2304E-07,-3.2276E-07
1.03,0.87,-4.7963E-10,6.145E-11,1.4806E-10,3.2302E-07,-3.2271999999999997E-07
1.0250000000000001,0.87,-4.955E-10,5.0640000000000006E-11,1.7623000000000002E-10,3.2292E-07,-3.2271999999999997E-07
1.02,0.87,-5.1944E-10,5.4210000000000006E-11,2.0738E-10,3.2292E-07,-3.226E-07
1.0150000000000001,0.87,-5.5471E-10,4.764E-11,2.4337E-10,3.2296E-07,-3.2276E-07
1.01,0.87,-6.059300000000001E-10,5.0020000000000005E-11,2.857E-10,3.2302E-07,-3.227E-07
1.0050000000000001,0.87,-6.4109E-10,3.926E-11,3.3376000000000004E-10,3.2302E-07,-3.2278E-07
1,0.87,-6.9528000000000011E-10,4.3420000000000004E-11,3.8888E-10,3.2299999999999997E-07,-3.2268E-07
0.995,0.87,-7.6235000000000006E-10,3.6660000000000006E-11,4.5448E-10,3.2298E-07,-3.2266E-07
0.9900000000000001,0.87,-8.3552E-10,4.173E-11,5.3293E-10,3.2296E-07,-3.227E-07
0.9850000000000001,0.87,-9.1396000000000012E-10,3.522E-11,6.1647E-10,3.2298E-07,-3.2194E-07
0.98000000000000009,0.87,-1.01701E-09,3.302E-11,7.187E-10,3.2302E-07,-3.2276E-07
0.97500000000000009,0.87,-1.1363300000000002E-09,2.5650000000000003E-11,8.3574000000000005E-10,3.2299999999999997E-07,-3.2274E-07
0.97000000000000008,0.87,-1.2736E-09,2.7960000000000003E-11,9.7274E-10,3.2299999999999997E-07,-3.2266E-07
0.96500000000000008,0.87,-1.4266E-09,2.6430000000000003E-11,1.13084E-09,3.2302E-07,-3.227E-07
0.96000000000000008,0.87,-1.6077E-09,2.1970000000000003E-11,1.3168E-09,3.2299999999999997E-07,-3.2268E-07
0.95500000000000007,0.87,-1.8168E-09,2.6300000000000002E-11,1.5283E-09,3.2298E-07,-3.226E-07
0.95000000000000007,0.87,-2.0743E-09,2.245E-11,1.7824E-09,3.2294E-07,-3.2264E-07
0.94500000000000006,0.87,-2.3566E-09,1.9310000000000002E-11,2.0763E-09,3.2298E-07,-3.226E-07
0.94000000000000006,0.87,-2.6961E-09,2.152E-11,2.4083E-09,3.2296E-07,-3.2264E-07
0.935,0.87,-3.0842E-09,1.8530000000000003E-11,2.8011E-09,3.2296E-07,-3.2264E-07
0.93,0.87,-3.5472E-09,1.677E-11,3.2536E-09,3.2232E-07,-3.2276E-07
0.925,0.87,-4.0731E-09,1.1210000000000001E-11,3.8008E-09,3.2302E-07,-3.2276E-07
0.92,0.87,-4.6863E-09,1.282E-11,4.4046E-09,3.2296E-07,-3.2264E-07
0.915,0.87,-5.402E-09,1.1820000000000001E-11,5.1154E-09,3.2299999999999997E-07,-3.227E-07
0.91,0.87,-6.2487E-09,1.2730000000000001E-11,5.9594E-09,3.2294E-07,-3.2268E-07
0.905,0.87,-7.2106E-09,9.68E-12,6.9273E-09,3.2296E-07,-3.2268E-07
0.9,0.87,-8.3435E-09,1.026E-11,8.0731E-09,3.229E-07,-3.2264E-07
0.895,0.87,-9.649E-09,6.35E-12,9.3722E-09,3.2299999999999997E-07,-3.2264E-07
0.89,0.87,-1.11987E-08,6.4800000000000007E-12,1.09219E-08,3.2292E-07,-3.226E-07
0.885,0.87,-1.29524E-08,7.01E-12,1.27018E-08,3.2292E-07,-3.2271999999999997E-07
0.88,0.87,-1.5061E-08,5.6600000000000005E-12,1.47894E-08,3.2229999999999997E-07,-3.22E-07
0.875,0.87,-1.7428599999999998E-08,4.0500000000000007E-12,1.7157E-08,3.2296E-07,-3.2264E-07
0.87,0.87,-2.02528E-08,1.9200000000000003E-12,1.99826E-08,3.2304E-07,-3.2264E-07
0.865,0.87,-2.3479599999999997E-08,6.7000000000000007E-13,2.3224799999999997E-08,3.231E-07,-3.2276E-07
0.86,0.87,-2.7316399999999996E-08,9.4E-13,2.70578E-08,3.2302E-07,-3.2266E-07
0.85500000000000009,0.87,-3.1697599999999995E-08,2.36E-12,3.1429199999999994E-08,3.2299999999999997E-07,-3.226E-07
0.85000000000000009,0.87,-3.6837999999999995E-08,-1.8000000000000002E-13,3.65768E-08,3.2299999999999997E-07,-3.2264E-07
0.84500000000000008,0.87,-4.27596E-08,-6.0000000000000009E-14,4.25098E-08,3.2296E-07,-3.2264E-07
0.84000000000000008,0.87,-4.97436E-08,-2.01E-12,4.9456799999999993E-08,3.2262E-07,-3.2271999999999997E-07
0.83500000000000008,0.87,-5.7802799999999994E-08,-5.2000000000000005E-12,5.7475599999999996E-08,3.2298E-07,-3.2266E-07
0.83000000000000007,0.87,-6.723519999999999E-08,-5.08E-12,6.7004E-08,3.2302E-07,-3.2264E-07
0.82500000000000007,0.87,-7.80766E-08,-1.025E-11,7.7840999999999989E-08,3.2296E-07,-3.2196E-07
0.82000000000000006,0.87,-9.08368E-08,-8.84E-12,9.05996E-08,3.2299999999999997E-07,-3.227E-07
0.81500000000000006,0.87,-1.0556439999999999E-07,-1.2440000000000001E-11,1.0531919999999999E-07,3.2296E-07,-3.2266E-07
0.81,0.87,-1.2284E-07,-1.4000000000000002E-11,1.2282E-07,3.2299999999999997E-07,-3.2276E-07
0.805,0.87,-1.4314E-07,-1.1660000000000002E-11,1.4268E-07,3.2299999999999997E-07,-3.2266E-07
0.8,0.87,-1.6572E-07,-1.491E-11,1.6558E-07,3.2292E-07,-3.2257999999999997E-07
0.795,0.87,-1.93E-07,-1.7870000000000002E-11,1.9238E-07,3.2294E-07,-3.2266E-07
0.79,0.87,-2.2386E-07,-2.143E-11,2.2375999999999999E-07,3.2296E-07,-3.2271999999999997E-07
0.785,0.87,-2.608E-07,-2.3190000000000003E-11,2.6112E-07,3.2226E-07,-3.227E-07
0.78,0.87,-3.0315999999999997E-07,-2.3010000000000003E-11,3.0264E-07,3.2298E-07,-3.228E-07
0.775,0.87,-3.5194E-07,-3.121E-11,3.5238E-07,3.2304E-07,-3.2266E-07
0.77,0.87,-4.0968E-07,-3.03E-11,4.0882E-07,3.2298E-07,-3.227E-07
0.765,0.87,-4.7622E-07,-3.503E-11,4.7586E-07,3.2296E-07,-3.2268E-07
0.76,0.87,-5.5306E-07,-3.5380000000000005E-11,5.5264E-07,3.2299999999999997E-07,-3.2276E-07
0.755,0.87,-6.4372E-07,-4.042E-11,6.4301999999999994E-07,3.2296E-07,-3.227E-07
0.75,0.87,-7.471E-07,-4.2670000000000006E-11,7.48E-07,3.229E-07,-3.2257999999999997E-07
0.745,0.87,-8.6981999999999994E-07,-5.048E-11,8.7058E-07,3.2299999999999997E-07,-3.2266E-07
0.74,0.87,-1.01136E-06,-5.0720000000000007E-11,1.00906E-06,3.229E-07,-3.2271999999999997E-07
0.735,0.87,-1.1711E-06,-5.5600000000000007E-11,1.1741000000000001E-06,3.229E-07,-3.2271999999999997E-07
0.73,0.87,-1.3601000000000001E-06,-5.7370000000000005E-11,1.3629000000000001E-06,3.2294E-07,-3.2266E-07
0.72500000000000009,0.87,-1.5827000000000001E-06,-6.721E-11,1.5864000000000002E-06,3.2302E-07,-3.2264E-07
0.72000000000000008,0.87,-1.8366000000000001E-06,-6.6E-11,1.8407000000000002E-06,3.2298E-07,-3.2254E-07
0.71500000000000008,0.87,-2.1389000000000004E-06,-7.838E-11,2.1385000000000004E-06,3.2299999999999997E-07,-3.227E-07
0.71000000000000008,0.87,-2.4819000000000003E-06,-7.9310000000000008E-11,2.4839E-06,3.2299999999999997E-07,-3.2276E-07
0.70500000000000007,0.87,-2.8857E-06,-8.6510000000000007E-11,2.8874E-06,3.2296E-07,-3.2264E-07
0.70000000000000007,0.87,-3.3530000000000003E-06,-9.0550000000000013E-11,3.3575000000000005E-06,3.2296E-07,-3.2256E-07
0.69500000000000006,0.87,-3.8966E-06,-9.653E-11,3.8959E-06,3.2296E-07,-3.227E-07
0.69000000000000006,0.87,-4.5234000000000006E-06,-9.801E-11,4.5284000000000006E-06,3.2298E-07,-3.2266E-07
0.685,0.87,-5.2515000000000005E-06,-1.1073000000000002E-10,5.2522E-06,3.2296E-07,-3.2266E-07
0.68,0.87,-6.1100000000000008E-06,-1.1355000000000001E-10,6.110100000000001E-06,3.2288E-07,-3.2262E-07
0.675,0.87,-7.0980000000000005E-06,-1.1778E-10,7.0934000000000006E-06,3.229E-07,-3.2254E-07
0.67,0.87,-8.2252E-06,-1.2509E-10,8.2344E-06,3.2302E-07,-3.2254E-07
0.665,0.87,-9.5571E-06,-1.3416E-10,9.5661000000000015E-06,3.229E-07,-3.2248E-07
0.66,0.87,-1.1098100000000001E-05,-1.4012E-10,1.1097400000000002E-05,3.229E-07,-3.2256E-07
0.655,0.87,-1.2874E-05,-1.4524E-10,1.2872E-05,3.2294E-07,-3.228E-07
0.65,0.87,-1.4942E-05,-1.5271E-10,1.4968000000000001E-05,3.2294E-07,-3.2257999999999997E-07
0.645,0.87,-1.7304E-05,-1.6346000000000002E-10,1.7322E-05,3.2282E-07,-3.2256E-07
0.64,0.87,-2.0076000000000002E-05,-1.6927E-10,2.009E-05,3.2294E-07,-3.2194E-07
0.635,0.87,-2.3226E-05,-1.8075000000000002E-10,2.3256000000000002E-05,3.229E-07,-3.226E-07
0.63,0.87,-2.6998E-05,-1.8755000000000001E-10,2.6996E-05,3.2288E-07,-3.2262E-07
0.625,0.87,-3.1234E-05,-1.9374000000000002E-10,3.1222E-05,3.2284E-07,-3.226E-07
0.62,0.87,-3.6132E-05,-2.0723000000000002E-10,3.6144E-05,3.229E-07,-3.2266E-07
0.615,0.87,-4.1792E-05,-2.0918000000000002E-10,4.176E-05,3.2284E-07,-3.2268E-07
0.61,0.87,-4.8334E-05,-2.2157000000000002E-10,4.8346E-05,3.2284E-07,-3.226E-07
0.605,0.87,-5.5814000000000005E-05,-2.2756000000000001E-10,5.5798000000000003E-05,3.2294E-07,-3.2256E-07
0.6,0.87,-6.4494E-05,-2.4292E-10,6.4466E-05,3.2284E-07,-3.2254E-07
0.595,0.87,-7.444E-05,-2.5028000000000004E-10,7.4326E-05,3.222E-07,-3.226E-07
0.59000000000000008,0.87,-8.5878000000000007E-05,-2.6053000000000003E-10,8.5734E-05,3.2282E-07,-3.2257999999999997E-07
0.58500000000000008,0.87,-9.873E-05,-2.6262E-10,9.865E-05,3.2294E-07,-3.2271999999999997E-07
0.58000000000000007,0.87,-0.000113598,-2.7744000000000003E-10,0.000113654,3.229E-07,-3.2257999999999997E-07
0.57500000000000007,0.87,-0.0001303,-2.8909000000000003E-10,0.00013048,3.229E-07,-3.2262E-07
0.57000000000000006,0.87,-0.00014978000000000002,-2.9639000000000005E-10,0.00014994000000000002,3.2224E-07,-3.226E-07
0.56500000000000006,0.87,-0.00017140000000000002,-3.0835000000000003E-10,0.00017152,3.2226E-07,-3.226E-07
0.56,0.87,-0.00019612,-3.1726000000000005E-10,0.0001963,3.2296E-07,-3.2254E-07
0.555,0.87,-0.00022410000000000003,-3.3030000000000004E-10,0.0002242,3.2288E-07,-3.226E-07
0.55,0.87,-0.00025576,-3.3857000000000005E-10,0.00025578,3.2285999999999997E-07,-3.2268E-07
0.545,0.87,-0.00029086000000000004,-3.5234000000000005E-10,0.00029082,3.2294E-07,-3.2257999999999997E-07
0.54,0.87,-0.00033054000000000004,-3.6188000000000005E-10,0.00033072,3.2288E-07,-3.2264E-07
0.535,0.87,-0.00037400000000000004,-3.7212E-10,0.00037392,3.2294E-07,-3.2257999999999997E-07
0.53,0.87,-0.00042330000000000004,-3.8741E-10,0.00042334,3.2292E-07,-3.226E-07
0.525,0.87,-0.00047634,-3.9977E-10,0.00047656,3.229E-07,-3.226E-07
0.52,0.87,-0.00053594,-4.0906000000000003E-10,0.00053626,3.222E-07,-3.2257999999999997E-07
0.515,0.87,-0.00060016000000000008,-4.2204E-10,0.00060056000000000009,3.2294E-07,-3.2257999999999997E-07
0.51,0.87,-0.000671,-4.3523000000000006E-10,0.0006712,3.2302E-07,-3.2257999999999997E-07
0.505,0.87,-0.00074634000000000007,-4.5374000000000003E-10,0.00074718000000000007,3.2296E-07,-3.2262E-07
0.5,0.87,-0.00082868,-4.7274000000000007E-10,0.00082966000000000008,3.2288E-07,-3.2264E-07
0.49500000000000005,0.87,-0.00091574000000000007,-4.8783000000000006E-10,0.00091654000000000008,3.229E-07,-3.226E-07
0.49000000000000005,0.87,-0.00101128,-5.0509000000000006E-10,0.0010108600000000001,3.2218E-07,-3.2252E-07
0.48500000000000004,0.87,-0.00110796,-5.1008000000000006E-10,0.00110898,3.2288E-07,-3.2266E-07
0.48000000000000004,0.87,-0.0012126,-5.2858E-10,0.0012154,3.2292E-07,-3.2254E-07
0.47500000000000003,0.87,-0.0013216,-5.4588000000000008E-10,0.001323,3.2288E-07,-3.2262E-07
0.47000000000000003,0.87,-0.0014368,-5.6325E-10,0.0014368,3.2296E-07,-3.2198E-07
0.465,0.87,-0.0015524,-5.8051E-10,0.0015528,3.2294E-07,-3.2266E-07
0.46,0.87,-0.0016738,-5.9666000000000009E-10,0.0016758,3.2296E-07,-3.227E-07
0.455,0.87,-0.001796,-6.1677E-10,0.0017972,3.2284E-07,-3.2266E-07
0.45,0.87,-0.0019224,-6.3808E-10,0.0019228000000000001,3.2285999999999997E-07,-3.227E-07
0.445,0.87,-0.002049,-6.5945E-10,0.0020494,3.2288E-07,-3.2266E-07
0.44,0.87,-0.0021776,-6.7671E-10,0.0021782,3.2282E-07,-3.2264E-07
0.435,0.87,-0.0023036,-7.0342E-10,0.0023044,3.2282E-07,-3.2264E-07
0.43,0.87,-0.0024342,-7.2177000000000008E-10,0.0024344,3.2278E-07,-3.2254E-07
0.42500000000000004,0.87,-0.0025608000000000002,-7.5077000000000009E-10,0.0025594,3.228E-07,-3.226E-07
0.42000000000000004,0.87,-0.0026852,-7.7176E-10,0.0026864000000000002,3.2282E-07,-3.2262E-07
0.41500000000000004,0.87,-0.0028094,-7.9725E-10,0.0028108,3.2274E-07,-3.226E-07
0.41000000000000003,0.87,-0.0029322000000000003,-8.2146000000000008E-10,0.0029322000000000003,3.2282E-07,-3.2257999999999997E-07
0.405,0.87,-0.0030492,-8.4592000000000011E-10,0.0030504,3.2282E-07,-3.2257999999999997E-07
0.4,0.87,-0.0031680000000000002,-8.7143000000000006E-10,0.0031684,3.2288E-07,-3.226E-07
0.395,0.87,-0.0032792,-9.031700000000001E-10,0.0032786,3.2278E-07,-3.2254E-07
0.39,0.87,-0.003389,-9.2650000000000006E-10,0.0033898,3.2282E-07,-3.2257999999999997E-07
0.385,0.87,-0.003496,-9.5834E-10,0.0034956,3.2282E-07,-3.226E-07
0.38,0.87,-0.0036018,-9.8433E-10,0.0036008,3.2276E-07,-3.2266E-07
0.375,0.87,-0.0036994000000000003,-1.0174E-09,0.0036994000000000003,3.2282E-07,-3.2262E-07
0.37,0.87,-0.0037952,-1.0459800000000002E-09,0.0037984,3.2282E-07,-3.2257999999999997E-07
0.365,0.87,-0.0038866,-1.07359E-09,0.0038876,3.2284E-07,-3.2252E-07
0.36000000000000004,0.87,-0.0039758,-1.1073E-09,0.0039796,3.2288E-07,-3.227E-07
0.35500000000000004,0.87,-0.0040624,-1.1397E-09,0.0040620000000000005,3.2282E-07,-3.2268E-07
0.35000000000000003,0.87,-0.0041468,-1.1671E-09,0.0041478,3.2288E-07,-3.2266E-07
0.34500000000000003,0.87,-0.0042218,-1.2063E-09,0.004223,3.2278E-07,-3.2266E-07
0.34,0.87,-0.0042998,-1.2379E-09,0.0042996,3.2276E-07,-3.2254E-07
0.335,0.87,-0.0043722,-1.2853E-09,0.0043702,3.2296E-07,-3.2257999999999997E-07
0.33,0.87,-0.0044412,-1.3153E-09,0.0044424,3.2278E-07,-3.2254E-07
0.325,0.87,-0.0045086,-1.3574E-09,0.0045088,3.2288E-07,-3.2257999999999997E-07
0.32,0.87,-0.0045714,-1.3875E-09,0.0045732,3.228E-07,-3.2257999999999997E-07
0.315,0.87,-0.0046334,-1.4307E-09,0.004634,3.2285999999999997E-07,-3.226E-07
0.31,0.87,-0.0046924,-1.4465E-09,0.0046918,3.2288E-07,-3.2268E-07
0.305,0.87,-0.0047468,-1.491E-09,0.0047494,3.2218E-07,-3.2201999999999997E-07
0.3,0.87,-0.0048008,-1.5321E-09,0.0048012,3.2284E-07,-3.226E-07
0.29500000000000004,0.87,-0.0048534,-1.5722E-09,0.0048526,3.2284E-07,-3.2257999999999997E-07
0.29000000000000004,0.87,-0.0049022,-1.6204E-09,0.0049048,3.2282E-07,-3.226E-07
0.28500000000000003,0.87,-0.004949,-1.6558E-09,0.004949,3.2285999999999997E-07,-3.2268E-07
0.28,0.87,-0.0049936,-1.7064E-09,0.0049962,3.2282E-07,-3.2264E-07
0.275,0.87,-0.0050396,-1.7486E-09,0.005038,3.2282E-07,-3.226E-07
0.27,0.87,-0.005079,-1.7987E-09,0.0050796,3.2282E-07,-3.226E-07
0.265,0.87,-0.0051178000000000005,-1.8461E-09,0.005122,3.2284E-07,-3.2262E-07
0.26,0.87,-0.0051596,-1.9006E-09,0.0051618,3.2274E-07,-3.226E-07
0.255,0.87,-0.005194,-1.9437E-09,0.0051966,3.2276E-07,-3.2257999999999997E-07
0.25,0.87,-0.0052306,-2.0039E-09,0.0052304000000000005,3.2282E-07,-3.226E-07
0.24500000000000002,0.87,-0.0052646,-2.048E-09,0.005265,3.2278E-07,-3.2262E-07
0.24000000000000002,0.87,-0.0052996,-2.1061E-09,0.0052998,3.2276E-07,-3.2266E-07
0.23500000000000001,0.87,-0.0053298,-2.1619E-09,0.0053314,3.227E-07,-3.2254E-07
0.23,0.87,-0.0053586,-2.2224E-09,0.0053616,3.2284E-07,-3.2257999999999997E-07
0.225,0.87,-0.0053868,-2.2781E-09,0.00539,3.2282E-07,-3.226E-07
0.22,0.87,-0.005417,-2.3395E-09,0.0054156000000000004,3.2284E-07,-3.2252E-07
0.215,0.87,-0.0054426,-2.4056E-09,0.005444,3.2284E-07,-3.2264E-07
0.21000000000000002,0.87,-0.0054684,-2.4743E-09,0.0054702,3.2282E-07,-3.2268E-07
0.20500000000000002,0.87,-0.0054948,-2.5337E-09,0.005495,3.228E-07,-3.225E-07
0.2,0.87,-0.0055190000000000005,-2.6011E-09,0.0055202,3.2276E-07,-3.2262E-07
0.195,0.87,-0.0055444000000000005,-2.6728E-09,0.0055416,3.229E-07,-3.226E-07
0.19,0.87,-0.0055644,-2.7414E-09,0.005563,3.2276E-07,-3.2257999999999997E-07
0.185,0.87,-0.005585,-2.8177E-09,0.0055884,3.2282E-07,-3.2266E-07
0.18000000000000002,0.87,-0.0056106,-2.8929E-09,0.0056092,3.2284E-07,-3.227E-07
0.17500000000000002,0.87,-0.0056258,-2.973E-09,0.0056272,3.228E-07,-3.2266E-07
0.17,0.87,-0.0056474,-3.0548E-09,0.0056484000000000005,3.2288E-07,-3.226E-07
0.165,0.87,-0.0056658,-3.1334E-09,0.005668,3.2284E-07,-3.2222E-07
0.16,0.87,-0.0056866,-3.2194E-09,0.005685,3.2294E-07,-3.2276E-07
0.155,0.87,-0.0057016,-3.3066E-09,0.0056982000000000005,3.2288E-07,-3.2271999999999997E-07
0.15,0.87,-0.005717,-3.3882E-09,0.0057176,3.229E-07,-3.2266E-07
0.14500000000000002,0.87,-0.0057352,-3.4823E-09,0.005736,3.2288E-07,-3.227E-07
0.14,0.87,-0.005753,-3.5719E-09,0.0057498,3.2294E-07,-3.227E-07
0.135,0.87,-0.0057644,-3.6767E-09,0.0057662,3.2285999999999997E-07,-3.2268E-07
0.13,0.87,-0.0057816000000000005,-3.7754E-09,0.005785,3.2296E-07,-3.227E-07
0.125,0.87,-0.0057956,-3.8695E-09,0.0057962000000000005,3.2294E-07,-3.2266E-07
0.12000000000000001,0.87,-0.0058104,-3.9769E-09,0.0058098,3.2294E-07,-3.227E-07
0.115,0.87,-0.0058226,-4.0835E-09,0.0058252,3.229E-07,-3.2276E-07
0.11,0.87,-0.0058378,-4.1842E-09,0.0058372,3.2285999999999997E-07,-3.2271999999999997E-07
0.10500000000000001,0.87,-0.0058516,-4.3087E-09,0.005849,3.2288E-07,-3.2268E-07
0.1,0.87,-0.005861,-4.4188E-09,0.0058658,3.229E-07,-3.227E-07
0.095,0.87,-0.0058722,-4.5424E-09,0.0058756,3.2294E-07,-3.2266E-07
0.090000000000000011,0.87,-0.005884,-4.6589E-09,0.005888,3.2285999999999997E-07,-3.2262E-07
0.085,0.87,-0.0058952,-4.7801E-09,0.0058958000000000005,3.2294E-07,-3.2271999999999997E-07
0.08,0.87,-0.0059076,-4.9133E-09,0.0059102,3.2299999999999997E-07,-3.2271999999999997E-07
0.075,0.87,-0.0059204,-5.0435E-09,0.0059174,3.229E-07,-3.2271999999999997E-07
0.07,0.87,-0.0059288,-5.1789E-09,0.0059284,3.229E-07,-3.2282E-07
0.065,0.87,-0.0059406,-5.3166E-09,0.00594,3.2285999999999997E-07,-3.2264E-07
0.060000000000000005,0.87,-0.0059498,-5.4624E-09,0.0059516000000000005,3.2288E-07,-3.2278E-07
0.055,0.87,-0.005958,-5.6166E-09,0.0059586000000000005,3.229E-07,-3.2264E-07
0.05,0.87,-0.0059694,-5.76E-09,0.0059698,3.2284E-07,-3.2266E-07
0.045000000000000005,0.87,-0.0059778,-5.907E-09,0.0059796,3.2285999999999997E-07,-3.2266E-07
0.04,0.87,-0.005986,-6.052E-09,0.005989,3.2288E-07,-3.2271999999999997E-07
0.035,0.87,-0.0059948,-6.2219E-09,0.0059956,3.2278E-07,-3.2268E-07
0.030000000000000002,0.87,-0.0060030000000000005,-6.3954E-09,0.0060014000000000005,3.229E-07,-3.2271999999999997E-07
0.025,0.87,-0.0060126,-6.5711E-09,0.0060142,3.2285999999999997E-07,-3.2266E-07
0.02,0.87,-0.0060218,-6.7416999999999996E-09,0.0060202,3.229E-07,-3.2271999999999997E-07
0.015000000000000001,0.87,-0.006028,-6.9263E-09,0.0060286,3.2288E-07,-3.2271999999999997E-07
0.01,0.87,-0.0060336,-7.1004E-09,0.0060352,3.2284E-07,-3.2266E-07
0.005,0.87,-0.0060396,-7.3085E-09,0.0060428,3.2298E-07,-3.227E-07
0,0.87,-0.006047,-7.511E-09,0.00605,3.2284E-07,-3.227E-07
1.2,0.88,-2.9976E-10,5.5371E-10,-8.030000000000001E-11,3.2254E-07,-3.226E-07
1.195,0.88,-2.9211000000000004E-10,5.1305E-10,-7.615E-11,3.2257999999999997E-07,-3.2271999999999997E-07
1.19,0.88,-2.842E-10,4.6856000000000009E-10,-6.975E-11,3.2264E-07,-3.2268E-07
1.185,0.88,-2.8177E-10,4.4115E-10,-6.6570000000000009E-11,3.2268E-07,-3.2266E-07
1.1800000000000002,0.88,-2.6619000000000004E-10,4.0206000000000006E-10,-6.428000000000001E-11,3.2264E-07,-3.227E-07
1.175,0.88,-2.8022000000000004E-10,3.7732000000000005E-10,-5.962000000000001E-11,3.226E-07,-3.2266E-07
1.1700000000000002,0.88,-2.6876E-10,3.4495000000000003E-10,-5.667E-11,3.227E-07,-3.226E-07
1.165,0.88,-2.6320000000000003E-10,3.2676E-10,-5.5660000000000005E-11,3.22E-07,-3.2268E-07
1.1600000000000001,0.88,-2.619E-10,2.9649000000000003E-10,-5.099E-11,3.227E-07,-3.226E-07
1.155,0.88,-2.626E-10,2.8022000000000004E-10,-4.968E-11,3.22E-07,-3.2198E-07
1.1500000000000001,0.88,-2.4951E-10,2.5856000000000004E-10,-4.952E-11,3.2274E-07,-3.2266E-07
1.145,0.88,-2.5177E-10,2.4431E-10,-4.4620000000000003E-11,3.2274E-07,-3.2254E-07
1.1400000000000001,0.88,-2.5639000000000003E-10,2.2188000000000001E-10,-4.013E-11,3.2276E-07,-3.2206E-07
1.135,0.88,-2.471E-10,2.1325000000000001E-10,-3.8620000000000005E-11,3.2278E-07,-3.2264E-07
1.1300000000000001,0.88,-2.3702E-10,1.9693E-10,-3.4830000000000004E-11,3.2284E-07,-3.2271999999999997E-07
1.125,0.88,-2.4748E-10,1.8744000000000003E-10,-2.7590000000000002E-11,3.2276E-07,-3.226E-07
1.12,0.88,-2.459E-10,1.7324000000000001E-10,-2.4720000000000003E-11,3.2268E-07,-3.2266E-07
1.115,0.88,-2.3734000000000003E-10,1.6500000000000003E-10,-2.305E-11,3.2282E-07,-3.2268E-07
1.11,0.88,-2.3558000000000003E-10,1.5233E-10,-1.9380000000000002E-11,3.2276E-07,-3.2268E-07
1.105,0.88,-2.4126E-10,1.4235E-10,-1.4450000000000001E-11,3.2284E-07,-3.2264E-07
1.1,0.88,-2.3532E-10,1.3646E-10,-1.382E-11,3.2274E-07,-3.2268E-07
1.095,0.88,-2.3434000000000004E-10,1.2728E-10,-7.74E-12,3.2284E-07,-3.2257999999999997E-07
1.09,0.88,-2.4226E-10,1.1818E-10,-2.4000000000000003E-12,3.2282E-07,-3.2262E-07
1.085,0.88,-2.3485E-10,1.0610000000000001E-10,9.0000000000000008E-14,3.2284E-07,-3.226E-07
1.08,0.88,-2.3299000000000004E-10,1.0600000000000001E-10,5.48E-12,3.2278E-07,-3.22E-07
1.075,0.88,-2.4743000000000004E-10,9.7420000000000011E-11,1.5450000000000002E-11,3.2288E-07,-3.2268E-07
1.07,0.88,-2.4858000000000003E-10,9.573E-11,1.8730000000000003E-11,3.2212E-07,-3.22E-07
1.065,0.88,-2.4647000000000003E-10,8.5570000000000008E-11,2.793E-11,3.229E-07,-3.226E-07
1.06,0.88,-2.4970000000000003E-10,8.334E-11,3.437E-11,3.228E-07,-3.227E-07
1.0550000000000002,0.88,-2.6194000000000003E-10,7.2470000000000009E-11,4.5720000000000005E-11,3.229E-07,-3.2264E-07
1.05,0.88,-2.6772000000000003E-10,7.42E-11,5.2710000000000005E-11,3.2278E-07,-3.2262E-07
1.0450000000000002,0.88,-2.7425E-10,6.4310000000000008E-11,6.633E-11,3.2284E-07,-3.226E-07
1.04,0.88,-2.8748E-10,6.633E-11,7.8530000000000012E-11,3.2282E-07,-3.2266E-07
1.0350000000000001,0.88,-3.063E-10,5.666E-11,9.719E-11,3.2284E-07,-3.226E-07
1.03,0.88,-3.1549E-10,6.185E-11,1.1574E-10,3.228E-07,-3.2268E-07
1.0250000000000001,0.88,-3.3472E-10,5.1980000000000004E-11,1.3693E-10,3.2288E-07,-3.2264E-07
1.02,0.88,-3.6071000000000004E-10,5.0830000000000007E-11,1.6284E-10,3.2212E-07,-3.22E-07
1.0150000000000001,0.88,-3.838E-10,4.432E-11,1.9228E-10,3.228E-07,-3.226E-07
1.01,0.88,-4.0953000000000003E-10,4.916E-11,2.2258000000000002E-10,3.2288E-07,-3.226E-07
1.0050000000000001,0.88,-4.5155000000000006E-10,4.0260000000000005E-11,2.6006000000000003E-10,3.2278E-07,-3.2256E-07
1,0.88,-4.9395E-10,3.8910000000000004E-11,3.049E-10,3.228E-07,-3.2264E-07
0.995,0.88,-5.3719000000000009E-10,3.4900000000000004E-11,3.5255000000000004E-10,3.2282E-07,-3.2264E-07
0.9900000000000001,0.88,-5.9557E-10,3.536E-11,4.1383E-10,3.2284E-07,-3.2257999999999997E-07
0.9850000000000001,0.88,-6.6956E-10,3.281E-11,4.8166000000000007E-10,3.2284E-07,-3.2266E-07
0.98000000000000009,0.88,-7.4403000000000007E-10,3.1670000000000005E-11,5.6341E-10,3.2285999999999997E-07,-3.227E-07
0.97500000000000009,0.88,-8.2366E-10,2.8430000000000002E-11,6.516E-10,3.2214E-07,-3.221E-07
0.97000000000000008,0.88,-9.4124000000000015E-10,2.5670000000000004E-11,7.6179E-10,3.2278E-07,-3.2264E-07
0.96500000000000008,0.88,-1.05913E-09,2.3570000000000002E-11,8.8325E-10,3.2288E-07,-3.227E-07
0.96000000000000008,0.88,-1.2004E-09,2.1680000000000003E-11,1.0282100000000001E-09,3.2284E-07,-3.2262E-07
0.95500000000000007,0.88,-1.3714E-09,2.0880000000000003E-11,1.1964E-09,3.2282E-07,-3.2266E-07
0.95000000000000007,0.88,-1.5599E-09,2.147E-11,1.3881E-09,3.2284E-07,-3.226E-07
0.94500000000000006,0.88,-1.7841E-09,1.9980000000000002E-11,1.6177E-09,3.2288E-07,-3.2264E-07
0.94000000000000006,0.88,-2.0529E-09,1.657E-11,1.8808E-09,3.2274E-07,-3.2257999999999997E-07
0.935,0.88,-2.3558E-09,1.454E-11,2.1909E-09,3.2284E-07,-3.2266E-07
0.93,0.88,-2.7033E-09,1.541E-11,2.539E-09,3.2284E-07,-3.2268E-07
0.925,0.88,-3.1223E-09,1.3090000000000002E-11,2.9589E-09,3.2282E-07,-3.2264E-07
0.92,0.88,-3.6108E-09,1.403E-11,3.4377E-09,3.228E-07,-3.2254E-07
0.915,0.88,-4.148E-09,1.106E-11,3.9934E-09,3.2212E-07,-3.226E-07
0.91,0.88,-4.8065E-09,1.096E-11,4.6517E-09,3.2278E-07,-3.2264E-07
0.905,0.88,-5.5685E-09,8.33E-12,5.406E-09,3.2278E-07,-3.226E-07
0.9,0.88,-6.456E-09,9.9200000000000014E-12,6.2865E-09,3.2282E-07,-3.2271999999999997E-07
0.895,0.88,-7.4625E-09,6.7200000000000004E-12,7.306E-09,3.2288E-07,-3.2257999999999997E-07
0.89,0.88,-8.6617E-09,9.1800000000000009E-12,8.5086E-09,3.228E-07,-3.2266E-07
0.885,0.88,-1.00399E-08,5.34E-12,9.8755E-09,3.2276E-07,-3.2206E-07
0.88,0.88,-1.1664599999999999E-08,2.03E-12,1.15188E-08,3.2282E-07,-3.2252E-07
0.875,0.88,-1.3540199999999998E-08,2.6600000000000004E-12,1.3401399999999999E-08,3.2278E-07,-3.2264E-07
0.87,0.88,-1.57338E-08,-8.2E-13,1.56048E-08,3.2271999999999997E-07,-3.2264E-07
0.865,0.88,-1.8240799999999997E-08,-4.9E-13,1.8103799999999997E-08,3.2284E-07,-3.2264E-07
0.86,0.88,-2.1242199999999997E-08,1.1000000000000001E-13,2.11018E-08,3.2284E-07,-3.2254E-07
0.85500000000000009,0.88,-2.46618E-08,-4.5000000000000006E-12,2.4504199999999997E-08,3.2278E-07,-3.2271999999999997E-07
0.85000000000000009,0.88,-2.8679999999999996E-08,3.7000000000000004E-13,2.8525999999999997E-08,3.2215999999999997E-07,-3.2262E-07
0.84500000000000008,0.88,-3.3281399999999994E-08,-6.0700000000000006E-12,3.31334E-08,3.229E-07,-3.2266E-07
0.84000000000000008,0.88,-3.86992E-08,-3.86E-12,3.8560199999999993E-08,3.2285999999999997E-07,-3.2271999999999997E-07
0.83500000000000008,0.88,-4.4941199999999996E-08,-7.95E-12,4.4801399999999994E-08,3.229E-07,-3.2276E-07
0.83000000000000007,0.88,-5.23192E-08,-9.77E-12,5.2176799999999994E-08,3.2298E-07,-3.2271999999999997E-07
0.82500000000000007,0.88,-6.0720199999999988E-08,-1.046E-11,6.0576599999999992E-08,3.2292E-07,-3.2271999999999997E-07
0.82000000000000006,0.88,-7.0639999999999989E-08,-1.2780000000000002E-11,7.0543E-08,3.229E-07,-3.2276E-07
0.81500000000000006,0.88,-8.2108599999999989E-08,-1.2050000000000001E-11,8.1958E-08,3.2284E-07,-3.2264E-07
0.81,0.88,-9.5633E-08,-1.549E-11,9.53944E-08,3.2285999999999997E-07,-3.2256E-07
0.805,0.88,-1.1101299999999999E-07,-1.537E-11,1.1079779999999999E-07,3.2284E-07,-3.2266E-07
0.8,0.88,-1.2876E-07,-1.721E-11,1.287E-07,3.2294E-07,-3.227E-07
0.795,0.88,-1.5014E-07,-2.1400000000000002E-11,1.4986E-07,3.2294E-07,-3.2266E-07
0.79,0.88,-1.7432E-07,-2.8580000000000003E-11,1.7412E-07,3.2299999999999997E-07,-3.2271999999999997E-07
0.785,0.88,-2.0294E-07,-2.2330000000000002E-11,2.0266E-07,3.2285999999999997E-07,-3.2262E-07
0.78,0.88,-2.3576E-07,-2.7030000000000003E-11,2.3562E-07,3.229E-07,-3.227E-07
0.775,0.88,-2.7416E-07,-3.02E-11,2.7414E-07,3.2285999999999997E-07,-3.2266E-07
0.77,0.88,-3.1874E-07,-3.6110000000000005E-11,3.1864E-07,3.2288E-07,-3.2268E-07
0.765,0.88,-3.7068E-07,-3.6870000000000004E-11,3.7124E-07,3.229E-07,-3.2266E-07
0.76,0.88,-4.2964E-07,-3.696E-11,4.3014E-07,3.2296E-07,-3.2274E-07
0.755,0.88,-5.0084E-07,-4.4550000000000004E-11,5.0064E-07,3.2288E-07,-3.2271999999999997E-07
0.75,0.88,-5.8162E-07,-4.902E-11,5.807E-07,3.2284E-07,-3.2271999999999997E-07
0.745,0.88,-6.7664E-07,-4.9000000000000005E-11,6.7648E-07,3.2288E-07,-3.228E-07
0.74,0.88,-7.8512E-07,-5.3140000000000003E-11,7.8452E-07,3.229E-07,-3.2276E-07
0.735,0.88,-9.144E-07,-6.166000000000001E-11,9.1514E-07,3.2292E-07,-3.2268E-07
0.73,0.88,-1.06254E-06,-6.491E-11,1.06178E-06,3.2285999999999997E-07,-3.2266E-07
0.72500000000000009,0.88,-1.2313000000000002E-06,-6.8750000000000008E-11,1.2319000000000002E-06,3.2296E-07,-3.2274E-07
0.72000000000000008,0.88,-1.4286000000000002E-06,-7.358E-11,1.4341000000000002E-06,3.2296E-07,-3.2268E-07
0.71500000000000008,0.88,-1.6616000000000001E-06,-7.959E-11,1.6634000000000002E-06,3.2222E-07,-3.2194E-07
0.71000000000000008,0.88,-1.9309E-06,-8.1740000000000007E-11,1.9312000000000002E-06,3.2196E-07,-3.2187999999999997E-07
0.70500000000000007,0.88,-2.2452E-06,-8.745E-11,2.2441000000000002E-06,3.2282E-07,-3.2201999999999997E-07
0.70000000000000007,0.88,-2.6056E-06,-9.528E-11,2.6053000000000003E-06,3.2278E-07,-3.2266E-07
0.69500000000000006,0.88,-3.0293000000000004E-06,-9.978E-11,3.0307000000000005E-06,3.222E-07,-3.22E-07
0.69000000000000006,0.88,-3.5177000000000002E-06,-1.0747E-10,3.5203000000000004E-06,3.228E-07,-3.2266E-07
0.685,0.88,-4.0772000000000005E-06,-1.0769E-10,4.0827000000000007E-06,3.2254E-07,-3.2266E-07
0.68,0.88,-4.7387000000000009E-06,-1.189E-10,4.7491000000000008E-06,3.2284E-07,-3.2264E-07
0.675,0.88,-5.5055000000000009E-06,-1.2738E-10,5.5022000000000004E-06,3.2276E-07,-3.2262E-07
0.67,0.88,-6.3987E-06,-1.3221E-10,6.3897000000000008E-06,3.2285999999999997E-07,-3.2266E-07
0.665,0.88,-7.412700000000001E-06,-1.3525E-10,7.4175000000000006E-06,3.2276E-07,-3.226E-07
0.66,0.88,-8.6348E-06,-1.4706E-10,8.6369E-06,3.2276E-07,-3.2268E-07
0.655,0.88,-9.9959E-06,-1.5441E-10,9.9946E-06,3.228E-07,-3.2266E-07
0.65,0.88,-1.1624000000000001E-05,-1.5978000000000002E-10,1.1596E-05,3.2282E-07,-3.227E-07
0.645,0.88,-1.344E-05,-1.7279E-10,1.343E-05,3.2282E-07,-3.227E-07
0.64,0.88,-1.5606E-05,-1.7079E-10,1.5598000000000002E-05,3.228E-07,-3.2264E-07
0.635,0.88,-1.8022E-05,-1.8808E-10,1.8048E-05,3.2214E-07,-3.2264E-07
0.63,0.88,-2.0916E-05,-1.9133000000000003E-10,2.092E-05,3.2282E-07,-3.2266E-07
0.625,0.88,-2.4176E-05,-2.0409000000000002E-10,2.4192E-05,3.2282E-07,-3.2268E-07
0.62,0.88,-2.8032000000000002E-05,-2.0862000000000003E-10,2.8026000000000002E-05,3.2212E-07,-3.2257999999999997E-07
0.615,0.88,-3.2392000000000004E-05,-2.1768000000000002E-10,3.235E-05,3.2284E-07,-3.2266E-07
0.61,0.88,-3.7418E-05,-2.2965000000000003E-10,3.7434E-05,3.228E-07,-3.2266E-07
0.605,0.88,-4.3256E-05,-2.3334E-10,4.3270000000000004E-05,3.228E-07,-3.226E-07
0.6,0.88,-4.9866E-05,-2.4472E-10,4.9886E-05,3.2282E-07,-3.2257999999999997E-07
0.595,0.88,-5.7452000000000005E-05,-2.5276E-10,5.7448E-05,3.222E-07,-3.227E-07
0.59000000000000008,0.88,-6.626E-05,-2.6391E-10,6.626E-05,3.2288E-07,-3.2266E-07
0.58500000000000008,0.88,-7.6136E-05,-2.7444000000000004E-10,7.613E-05,3.2288E-07,-3.2194E-07
0.58000000000000007,0.88,-8.7576E-05,-2.8895E-10,8.7608E-05,3.2282E-07,-3.2257999999999997E-07
0.57500000000000007,0.88,-0.00010047200000000001,-2.9516000000000004E-10,0.000100442,3.2284E-07,-3.226E-07
0.57000000000000006,0.88,-0.00011512000000000001,-3.0513E-10,0.00011526,3.2288E-07,-3.226E-07
0.56500000000000006,0.88,-0.00013168,-3.127E-10,0.00013176,3.2284E-07,-3.2274E-07
0.56,0.88,-0.00015056000000000002,-3.2726E-10,0.00015084,3.2276E-07,-3.227E-07
0.555,0.88,-0.00017154,-3.3547000000000003E-10,0.0001717,3.2284E-07,-3.2266E-07
0.55,0.88,-0.00019556,-3.4935000000000004E-10,0.00019592,3.2282E-07,-3.226E-07
0.545,0.88,-0.00022182000000000001,-3.5954000000000003E-10,0.0002222,3.2274E-07,-3.2266E-07
0.54,0.88,-0.000252,-3.7035E-10,0.00025228,3.2278E-07,-3.2268E-07
0.535,0.88,-0.00028472,-3.8276000000000003E-10,0.00028458000000000004,3.2271999999999997E-07,-3.2266E-07
0.53,0.88,-0.0003214,-3.9263E-10,0.00032096,3.2276E-07,-3.226E-07
0.525,0.88,-0.00036094,-4.1144000000000003E-10,0.00036110000000000005,3.2282E-07,-3.2268E-07
0.52,0.88,-0.00040530000000000004,-4.1819000000000003E-10,0.00040514,3.2282E-07,-3.2266E-07
0.515,0.88,-0.00045288,-4.3775E-10,0.00045266,3.2276E-07,-3.2257999999999997E-07
0.51,0.88,-0.00050422,-4.4919000000000003E-10,0.00050524,3.2284E-07,-3.2266E-07
0.505,0.88,-0.0005603,-4.6465000000000004E-10,0.00055946,3.2282E-07,-3.226E-07
0.5,0.88,-0.00062030000000000006,-4.756E-10,0.00062042,3.2212E-07,-3.2194E-07
0.49500000000000005,0.88,-0.00068314,-4.9295E-10,0.0006832,3.2276E-07,-3.2266E-07
0.49000000000000005,0.88,-0.00075088,-5.0165E-10,0.00075090000000000009,3.2285999999999997E-07,-3.2271999999999997E-07
0.48500000000000004,0.88,-0.00082092,-5.2710000000000007E-10,0.00082122,3.2276E-07,-3.2264E-07
0.48000000000000004,0.88,-0.00089584000000000007,-5.3862E-10,0.00089540000000000008,3.227E-07,-3.2257999999999997E-07
0.47500000000000003,0.88,-0.0009732600000000001,-5.5767E-10,0.00097310000000000007,3.2276E-07,-3.2257999999999997E-07
0.47000000000000003,0.88,-0.0010528,-5.7571000000000007E-10,0.0010529600000000001,3.2288E-07,-3.2264E-07
0.465,0.88,-0.00113346,-6.0953000000000007E-10,0.0011348200000000001,3.228E-07,-3.2268E-07
0.46,0.88,-0.0012178,-6.1156E-10,0.0012188,3.2215999999999997E-07,-3.2268E-07
0.455,0.88,-0.0013022,-6.388E-10,0.0013044,3.2214E-07,-3.2201999999999997E-07
0.45,0.88,-0.0013904,-6.5144000000000008E-10,0.0013902,3.2278E-07,-3.2262E-07
0.445,0.88,-0.0014774,-6.9922000000000009E-10,0.0014764,3.2271999999999997E-07,-3.227E-07
0.44,0.88,-0.0015644,-7.1553E-10,0.0015646,3.2284E-07,-3.2266E-07
0.435,0.88,-0.0016504,-7.2524000000000007E-10,0.0016502,3.228E-07,-3.2257999999999997E-07
0.43,0.88,-0.0017342,-7.4869E-10,0.0017364000000000001,3.2278E-07,-3.2268E-07
0.42500000000000004,0.88,-0.0018206000000000001,-7.6879000000000009E-10,0.0018204,3.2278E-07,-3.2266E-07
0.42000000000000004,0.88,-0.0019034,-7.9205000000000007E-10,0.0019056000000000001,3.2278E-07,-3.226E-07
0.41500000000000004,0.88,-0.0019844,-8.1785E-10,0.0019852,3.229E-07,-3.2276E-07
0.41000000000000003,0.88,-0.002066,-8.4653000000000007E-10,0.0020666,3.2284E-07,-3.2271999999999997E-07
0.405,0.88,-0.0021454,-8.903100000000001E-10,0.002144,3.2294E-07,-3.228E-07
0.4,0.88,-0.0022238,-9.1835E-10,0.0022212,3.229E-07,-3.2274E-07
0.395,0.88,-0.0022942,-9.2346E-10,0.0022958,3.2284E-07,-3.2268E-07
0.39,0.88,-0.0023658,-9.5905000000000012E-10,0.0023668,3.228E-07,-3.2274E-07
0.385,0.88,-0.0024366,-9.7915E-10,0.0024358,3.2282E-07,-3.2268E-07
0.38,0.88,-0.0025016,-1.0139700000000002E-09,0.0025036,3.2282E-07,-3.2264E-07
0.375,0.88,-0.002568,-1.04259E-09,0.002568,3.228E-07,-3.2256E-07
0.37,0.88,-0.002628,-1.0760400000000001E-09,0.0026292,3.228E-07,-3.2264E-07
0.365,0.88,-0.0026894,-1.1065100000000001E-09,0.0026908,3.228E-07,-3.227E-07
0.36000000000000004,0.88,-0.0027462,-1.134E-09,0.0027448,3.229E-07,-3.2271999999999997E-07
0.35500000000000004,0.88,-0.0028,-1.1665E-09,0.0028018,3.2274E-07,-3.2271999999999997E-07
0.35000000000000003,0.88,-0.002853,-1.2037E-09,0.0028554,3.2282E-07,-3.2257999999999997E-07
0.34500000000000003,0.88,-0.0029038000000000002,-1.2365E-09,0.002903,3.227E-07,-3.2264E-07
0.34,0.88,-0.0029532,-1.2682E-09,0.0029532,3.2278E-07,-3.2208E-07
0.335,0.88,-0.0029974,-1.3066E-09,0.0029996000000000003,3.2288E-07,-3.2266E-07
0.33,0.88,-0.0030436,-1.339E-09,0.0030442,3.2278E-07,-3.2262E-07
0.325,0.88,-0.0030866,-1.3817E-09,0.0030874,3.2278E-07,-3.2257999999999997E-07
0.32,0.88,-0.0031288,-1.4129E-09,0.0031302,3.2271999999999997E-07,-3.2266E-07
0.315,0.88,-0.0031656,-1.4551E-09,0.0031666,3.2271999999999997E-07,-3.2252E-07
0.31,0.88,-0.0032034,-1.4925E-09,0.0032056,3.228E-07,-3.226E-07
0.305,0.88,-0.0032416,-1.5369E-09,0.0032396,3.2271999999999997E-07,-3.226E-07
0.3,0.88,-0.0032754,-1.5751999999999999E-09,0.003275,3.2274E-07,-3.2262E-07
0.29500000000000004,0.88,-0.0033092,-1.6279E-09,0.0033084,3.2268E-07,-3.2264E-07
0.29000000000000004,0.88,-0.0033406,-1.6686E-09,0.0033406,3.2271999999999997E-07,-3.2268E-07
0.28500000000000003,0.88,-0.0033664,-1.705E-09,0.003369,3.2274E-07,-3.226E-07
0.28,0.88,-0.0033992000000000002,-1.7569E-09,0.0034008000000000003,3.2276E-07,-3.2266E-07
0.275,0.88,-0.0034262,-1.7991E-09,0.0034256,3.2208E-07,-3.2198E-07
0.27,0.88,-0.0034552000000000003,-1.8516E-09,0.0034534,3.2271999999999997E-07,-3.2264E-07
0.265,0.88,-0.0034786,-1.8932E-09,0.003481,3.2276E-07,-3.2264E-07
0.26,0.88,-0.0035044,-1.9512E-09,0.003504,3.2266E-07,-3.2257999999999997E-07
0.255,0.88,-0.0035256000000000003,-2.0022E-09,0.0035298,3.2271999999999997E-07,-3.226E-07
0.25,0.88,-0.0035526,-2.0581E-09,0.0035488,3.2282E-07,-3.2264E-07
0.24500000000000002,0.88,-0.003572,-2.1067E-09,0.003572,3.2236E-07,-3.22E-07
0.24000000000000002,0.88,-0.0035908,-2.1667E-09,0.0035938,3.2271999999999997E-07,-3.2264E-07
0.23500000000000001,0.88,-0.0036102,-2.2216E-09,0.0036126,3.2274E-07,-3.2254E-07
0.23,0.88,-0.0036332,-2.2909E-09,0.0036336000000000003,3.226E-07,-3.2264E-07
0.225,0.88,-0.0036508,-2.3486E-09,0.0036522,3.2271999999999997E-07,-3.2271999999999997E-07
0.22,0.88,-0.003667,-2.4166E-09,0.0036702,3.2278E-07,-3.227E-07
0.215,0.88,-0.003686,-2.4773E-09,0.003687,3.2278E-07,-3.2268E-07
0.21000000000000002,0.88,-0.0037056,-2.5409E-09,0.0037028,3.2278E-07,-3.227E-07
0.20500000000000002,0.88,-0.0037212,-2.6078E-09,0.003719,3.2282E-07,-3.2268E-07
0.2,0.88,-0.0037344,-2.6751E-09,0.003735,3.2284E-07,-3.2266E-07
0.195,0.88,-0.003749,-2.749E-09,0.003751,3.2282E-07,-3.227E-07
0.19,0.88,-0.0037668000000000003,-2.8254E-09,0.0037642,3.2276E-07,-3.2257999999999997E-07
0.185,0.88,-0.0037808,-2.8988E-09,0.0037808,3.2271999999999997E-07,-3.2278E-07
0.18000000000000002,0.88,-0.0037922,-2.9838E-09,0.0037924,3.2284E-07,-3.2271999999999997E-07
0.17500000000000002,0.88,-0.0038054,-3.058E-09,0.0038064,3.2282E-07,-3.2264E-07
0.17,0.88,-0.0038202,-3.1379E-09,0.0038186,3.2276E-07,-3.2268E-07
0.165,0.88,-0.0038304,-3.2256E-09,0.0038288000000000003,3.2274E-07,-3.2266E-07
0.16,0.88,-0.0038432,-3.3072E-09,0.0038436,3.2276E-07,-3.2264E-07
0.155,0.88,-0.0038518000000000003,-3.4027E-09,0.0038538,3.228E-07,-3.226E-07
0.15,0.88,-0.0038636,-3.4976E-09,0.0038648000000000003,3.2208E-07,-3.227E-07
0.14500000000000002,0.88,-0.0038744,-3.5846E-09,0.003875,3.2282E-07,-3.2271999999999997E-07
0.14,0.88,-0.0038844,-3.6777E-09,0.0038832000000000003,3.2278E-07,-3.2264E-07
0.135,0.88,-0.003895,-3.7852E-09,0.003893,3.2282E-07,-3.2264E-07
0.13,0.88,-0.0039048,-3.8827E-09,0.0039048,3.2282E-07,-3.2266E-07
0.125,0.88,-0.0039152,-3.9899E-09,0.0039126000000000005,3.2282E-07,-3.2276E-07
0.12000000000000001,0.88,-0.0039202,-4.0897E-09,0.0039242,3.2278E-07,-3.2204E-07
0.115,0.88,-0.0039318,-4.2132E-09,0.0039324,3.2278E-07,-3.2266E-07
0.11,0.88,-0.0039398,-4.316E-09,0.0039404,3.2278E-07,-3.2262E-07
0.10500000000000001,0.88,-0.0039482,-4.4332E-09,0.0039504,3.2282E-07,-3.2184E-07
0.1,0.88,-0.0039574,-4.554E-09,0.003956,3.227E-07,-3.2266E-07
0.095,0.88,-0.003966,-4.6741E-09,0.0039652,3.2276E-07,-3.2262E-07
0.090000000000000011,0.88,-0.003973,-4.7963E-09,0.0039724,3.2276E-07,-3.227E-07
0.085,0.88,-0.0039784,-4.934E-09,0.0039812,3.2264E-07,-3.2264E-07
0.08,0.88,-0.0039882,-5.062E-09,0.0039874,3.2266E-07,-3.2266E-07
0.075,0.88,-0.0039944,-5.2013E-09,0.0039952,3.2276E-07,-3.2257999999999997E-07
0.07,0.88,-0.0040016,-5.3357E-09,0.0039996,3.2278E-07,-3.2266E-07
0.065,0.88,-0.0040096,-5.4731E-09,0.0040064,3.2274E-07,-3.2262E-07
0.060000000000000005,0.88,-0.0040146,-5.633E-09,0.004015,3.2271999999999997E-07,-3.2266E-07
0.055,0.88,-0.0040182,-5.7889E-09,0.0040194,3.2208E-07,-3.227E-07
0.05,0.88,-0.0040266,-5.9268E-09,0.0040292,3.2278E-07,-3.227E-07
0.045000000000000005,0.88,-0.0040338,-6.0904E-09,0.0040332,3.2274E-07,-3.2192E-07
0.04,0.88,-0.0040366,-6.2517E-09,0.0040412,3.2278E-07,-3.2257999999999997E-07
0.035,0.88,-0.004045,-6.4291E-09,0.0040422,3.2276E-07,-3.2274E-07
0.030000000000000002,0.88,-0.0040514,-6.6007E-09,0.0040502,3.2276E-07,-3.2262E-07
0.025,0.88,-0.0040564,-6.7741E-09,0.0040524,3.2278E-07,-3.2262E-07
0.02,0.88,-0.0040626,-6.9393E-09,0.0040618,3.2278E-07,-3.2266E-07
0.015000000000000001,0.88,-0.0040666,-7.1359E-09,0.0040664,3.2278E-07,-3.2278E-07
0.01,0.88,-0.0040738,-7.3136E-09,0.0040684,3.2276E-07,-3.2268E-07
0.005,0.88,-0.004077,-7.5202E-09,0.0040736,3.2262E-07,-3.2264E-07
0,0.88,-0.0040808,-7.7148E-09,0.0040812,3.228E-07,-3.2264E-07
1.2,0.89,-1.5912000000000002E-10,5.4628E-10,-8.0190000000000009E-11,3.2226E-07,-3.2257999999999997E-07
1.195,0.89,-1.5429000000000002E-10,5.0091000000000008E-10,-7.926E-11,3.2238E-07,-3.2262E-07
1.19,0.89,-1.4696E-10,4.6554000000000003E-10,-7.4510000000000009E-11,3.2243999999999997E-07,-3.2257999999999997E-07
1.185,0.89,-1.5121000000000001E-10,4.3111E-10,-6.917E-11,3.225E-07,-3.225E-07
1.1800000000000002,0.89,-1.4464E-10,3.9783E-10,-6.507E-11,3.225E-07,-3.2271999999999997E-07
1.175,0.89,-1.3554E-10,3.6920000000000003E-10,-6.1630000000000011E-11,3.2254E-07,-3.226E-07
1.1700000000000002,0.89,-1.3271E-10,3.4228000000000003E-10,-5.805E-11,3.226E-07,-3.2266E-07
1.165,0.89,-1.3819000000000002E-10,3.1517E-10,-5.437E-11,3.2243999999999997E-07,-3.227E-07
1.1600000000000001,0.89,-1.2953000000000002E-10,2.9554000000000005E-10,-5.4350000000000005E-11,3.2254E-07,-3.2264E-07
1.155,0.89,-1.2218E-10,2.7476000000000004E-10,-5.1520000000000007E-11,3.2257999999999997E-07,-3.2266E-07
1.1500000000000001,0.89,-1.2554000000000001E-10,2.5413000000000003E-10,-4.898E-11,3.2252E-07,-3.226E-07
1.145,0.89,-1.2421E-10,2.3428000000000004E-10,-4.5350000000000004E-11,3.227E-07,-3.2266E-07
1.1400000000000001,0.89,-1.1501000000000001E-10,2.2265000000000003E-10,-4.5570000000000004E-11,3.2256E-07,-3.2264E-07
1.135,0.89,-1.1622000000000001E-10,2.054E-10,-4.005E-11,3.2257999999999997E-07,-3.226E-07
1.1300000000000001,0.89,-1.1799E-10,1.9347E-10,-3.725E-11,3.2266E-07,-3.2266E-07
1.125,0.89,-1.0602000000000001E-10,1.791E-10,-3.3590000000000004E-11,3.2264E-07,-3.2262E-07
1.12,0.89,-1.0581000000000001E-10,1.6842000000000002E-10,-3.404E-11,3.2196E-07,-3.2266E-07
1.115,0.89,-1.1273000000000001E-10,1.5466E-10,-2.8850000000000002E-11,3.2262E-07,-3.2274E-07
1.11,0.89,-1.0556000000000001E-10,1.4851E-10,-2.7850000000000003E-11,3.2268E-07,-3.2264E-07
1.105,0.89,-1.0177000000000001E-10,1.3908E-10,-2.316E-11,3.2268E-07,-3.226E-07
1.1,0.89,-1.0498000000000001E-10,1.3133E-10,-1.95E-11,3.2271999999999997E-07,-3.2266E-07
1.095,0.89,-1.0596000000000002E-10,1.2071000000000002E-10,-1.4280000000000001E-11,3.2264E-07,-3.2276E-07
1.09,0.89,-9.68E-11,1.1575000000000001E-10,-1.1110000000000001E-11,3.227E-07,-3.2206E-07
1.085,0.89,-9.892E-11,1.0696000000000001E-10,-7.92E-12,3.2271999999999997E-07,-3.2264E-07
1.08,0.89,-1.0495000000000001E-10,1.0064000000000001E-10,-3.51E-12,3.2284E-07,-3.227E-07
1.075,0.89,-1.0152E-10,9.0780000000000009E-11,-2.4000000000000003E-12,3.2271999999999997E-07,-3.2266E-07
1.07,0.89,-1.0232E-10,8.806E-11,1.0100000000000001E-12,3.2278E-07,-3.2264E-07
1.065,0.89,-1.0551E-10,8.023E-11,4.51E-12,3.2271999999999997E-07,-3.2271999999999997E-07
1.06,0.89,-1.0908000000000001E-10,7.742E-11,1.4380000000000001E-11,3.227E-07,-3.227E-07
1.0550000000000002,0.89,-1.0636000000000001E-10,7.154E-11,1.845E-11,3.2268E-07,-3.2264E-07
1.05,0.89,-1.1186000000000002E-10,6.7070000000000007E-11,2.6050000000000003E-11,3.2268E-07,-3.226E-07
1.0450000000000002,0.89,-1.1986000000000001E-10,6.2990000000000007E-11,3.467E-11,3.228E-07,-3.227E-07
1.04,0.89,-1.2653E-10,6.16E-11,4.669E-11,3.2271999999999997E-07,-3.227E-07
1.0350000000000001,0.89,-1.2843000000000002E-10,6.052E-11,5.3590000000000006E-11,3.2274E-07,-3.2268E-07
1.03,0.89,-1.441E-10,5.3650000000000003E-11,6.778000000000001E-11,3.2276E-07,-3.2268E-07
1.0250000000000001,0.89,-1.5374E-10,4.8710000000000006E-11,7.973E-11,3.2278E-07,-3.2271999999999997E-07
1.02,0.89,-1.6265E-10,4.617E-11,9.3420000000000012E-11,3.2271999999999997E-07,-3.2264E-07
1.0150000000000001,0.89,-1.7802000000000002E-10,4.5900000000000004E-11,1.0991000000000001E-10,3.2274E-07,-3.227E-07
1.01,0.89,-2.0349E-10,4.068E-11,1.3221E-10,3.2268E-07,-3.2266E-07
1.0050000000000001,0.89,-2.1622E-10,3.8700000000000006E-11,1.5198E-10,3.2278E-07,-3.2266E-07
1,0.89,-2.4176E-10,3.315E-11,1.7892000000000001E-10,3.2276E-07,-3.2257999999999997E-07
0.995,0.89,-2.7468000000000003E-10,3.244E-11,2.1057000000000003E-10,3.227E-07,-3.2266E-07
0.9900000000000001,0.89,-3.1067E-10,3.171E-11,2.4738000000000003E-10,3.227E-07,-3.2266E-07
0.9850000000000001,0.89,-3.4147E-10,3.478E-11,2.8970000000000004E-10,3.2276E-07,-3.2264E-07
0.98000000000000009,0.89,-3.9391000000000004E-10,2.8850000000000002E-11,3.3846000000000004E-10,3.2262E-07,-3.2264E-07
0.97500000000000009,0.89,-4.5193E-10,2.6890000000000004E-11,3.9717000000000004E-10,3.2266E-07,-3.2264E-07
0.97000000000000008,0.89,-5.1108000000000006E-10,2.3860000000000002E-11,4.6078000000000004E-10,3.2274E-07,-3.2264E-07
0.96500000000000008,0.89,-5.8394000000000005E-10,2.5670000000000004E-11,5.3331E-10,3.2204E-07,-3.2257999999999997E-07
0.96000000000000008,0.89,-6.763800000000001E-10,2.054E-11,6.2283E-10,3.227E-07,-3.2264E-07
0.95500000000000007,0.89,-7.754800000000001E-10,2.0490000000000002E-11,7.2233E-10,3.2276E-07,-3.22E-07
0.95000000000000007,0.89,-8.8610000000000007E-10,1.7930000000000003E-11,8.411E-10,3.2264E-07,-3.227E-07
0.94500000000000006,0.89,-1.02603E-09,1.8780000000000002E-11,9.7878E-10,3.2268E-07,-3.227E-07
0.94000000000000006,0.89,-1.1846E-09,1.7070000000000002E-11,1.1385500000000002E-09,3.2274E-07,-3.2278E-07
0.935,0.89,-1.3833E-09,1.4960000000000002E-11,1.3256E-09,3.2276E-07,-3.2266E-07
0.93,0.89,-1.5932E-09,1.4810000000000002E-11,1.5436E-09,3.2264E-07,-3.2271999999999997E-07
0.925,0.89,-1.8383E-09,1.087E-11,1.7889E-09,3.2274E-07,-3.2264E-07
0.92,0.89,-2.1165E-09,1.361E-11,2.0794E-09,3.2264E-07,-3.227E-07
0.915,0.89,-2.4492E-09,1.008E-11,2.4167E-09,3.2187999999999997E-07,-3.2194E-07
0.91,0.89,-2.8503E-09,8.9100000000000014E-12,2.8137E-09,3.2268E-07,-3.2276E-07
0.905,0.89,-3.2966E-09,8.35E-12,3.2678E-09,3.2268E-07,-3.226E-07
0.9,0.89,-3.8346E-09,7.0000000000000009E-12,3.8067E-09,3.2276E-07,-3.2262E-07
0.895,0.89,-4.4545E-09,5.9700000000000006E-12,4.4161E-09,3.2268E-07,-3.2266E-07
0.89,0.89,-5.1777E-09,3.75E-12,5.1414E-09,3.2268E-07,-3.226E-07
0.885,0.89,-6.0015E-09,6.25E-12,5.9682E-09,3.2266E-07,-3.2262E-07
0.88,0.89,-6.9816999999999996E-09,5.09E-12,6.9473E-09,3.2276E-07,-3.2268E-07
0.875,0.89,-8.1145E-09,7.4700000000000011E-12,8.0907E-09,3.227E-07,-3.2274E-07
0.87,0.89,-9.4314E-09,-4.3000000000000004E-13,9.4055E-09,3.2266E-07,-3.2257999999999997E-07
0.865,0.89,-1.09648E-08,3.7400000000000006E-12,1.0939E-08,3.227E-07,-3.2257999999999997E-07
0.86,0.89,-1.2765399999999999E-08,-3.05E-12,1.2770799999999998E-08,3.2264E-07,-3.2254E-07
0.85500000000000009,0.89,-1.4840199999999998E-08,-4.58E-12,1.4790199999999998E-08,3.227E-07,-3.2266E-07
0.85000000000000009,0.89,-1.7242999999999998E-08,-2.24E-12,1.72404E-08,3.2278E-07,-3.2262E-07
0.84500000000000008,0.89,-2.0014199999999997E-08,-9.35E-12,2.00318E-08,3.2264E-07,-3.2198E-07
0.84000000000000008,0.89,-2.3295399999999996E-08,-5.0000000000000005E-12,2.3317999999999997E-08,3.2254E-07,-3.217E-07
0.83500000000000008,0.89,-2.7070599999999996E-08,-1.096E-11,2.7084199999999997E-08,3.2266E-07,-3.2264E-07
0.83000000000000007,0.89,-3.1582199999999995E-08,-6.4400000000000008E-12,3.1567399999999996E-08,3.227E-07,-3.2266E-07
0.82500000000000007,0.89,-3.6661399999999995E-08,-7.45E-12,3.6681599999999995E-08,3.227E-07,-3.2264E-07
0.82000000000000006,0.89,-4.2710799999999994E-08,-1.2780000000000002E-11,4.2666999999999994E-08,3.2266E-07,-3.2264E-07
0.81500000000000006,0.89,-4.96872E-08,-1.025E-11,4.9659999999999996E-08,3.226E-07,-3.2264E-07
0.81,0.89,-5.77566E-08,-1.824E-11,5.7775599999999992E-08,3.2201999999999997E-07,-3.2266E-07
0.805,0.89,-6.71844E-08,-1.511E-11,6.7201199999999992E-08,3.2271999999999997E-07,-3.226E-07
0.8,0.89,-7.79432E-08,-2.1550000000000002E-11,7.80734E-08,3.2268E-07,-3.226E-07
0.795,0.89,-9.09266E-08,-2.3100000000000003E-11,9.07702E-08,3.2201999999999997E-07,-3.2256E-07
0.79,0.89,-1.05426E-07,-2.6320000000000003E-11,1.0539659999999999E-07,3.2264E-07,-3.2212E-07
0.785,0.89,-1.2248E-07,-3.047E-11,1.2308E-07,3.2194E-07,-3.2254E-07
0.78,0.89,-1.4221999999999999E-07,-3.197E-11,1.4216E-07,3.2257999999999997E-07,-3.227E-07
0.775,0.89,-1.6564E-07,-3.4390000000000004E-11,1.6546E-07,3.2271999999999997E-07,-3.2266E-07
0.77,0.89,-1.919E-07,-3.9790000000000006E-11,1.9174E-07,3.2266E-07,-3.226E-07
0.765,0.89,-2.2312E-07,-4.1970000000000005E-11,2.2304E-07,3.2282E-07,-3.2198E-07
0.76,0.89,-2.5912E-07,-4.6130000000000006E-11,2.5934E-07,3.2266E-07,-3.2266E-07
0.755,0.89,-3.0214E-07,-4.8570000000000006E-11,3.0214E-07,3.227E-07,-3.22E-07
0.75,0.89,-3.5096E-07,-5.462E-11,3.5038E-07,3.2271999999999997E-07,-3.226E-07
0.745,0.89,-4.078E-07,-5.2050000000000004E-11,4.086E-07,3.2282E-07,-3.227E-07
0.74,0.89,-4.7472E-07,-6.372E-11,4.7454E-07,3.2201999999999997E-07,-3.2201999999999997E-07
0.735,0.89,-5.5236E-07,-6.251E-11,5.5332E-07,3.2274E-07,-3.2266E-07
0.73,0.89,-6.3982E-07,-7.403E-11,6.4064E-07,3.2278E-07,-3.2271999999999997E-07
0.72500000000000009,0.89,-7.4354E-07,-7.1480000000000008E-11,7.4507999999999995E-07,3.2276E-07,-3.2264E-07
0.72000000000000008,0.89,-8.652E-07,-8.114E-11,8.6578E-07,3.2278E-07,-3.2236E-07
0.71500000000000008,0.89,-1.00906E-06,-8.376E-11,1.00722E-06,3.2276E-07,-3.2271999999999997E-07
0.71000000000000008,0.89,-1.1657000000000001E-06,-8.6340000000000009E-11,1.1639000000000002E-06,3.2268E-07,-3.227E-07
0.70500000000000007,0.89,-1.3563E-06,-9.611E-11,1.3575000000000001E-06,3.227E-07,-3.2264E-07
0.70000000000000007,0.89,-1.5719000000000002E-06,-1.0057000000000001E-10,1.5761000000000003E-06,3.2271999999999997E-07,-3.2268E-07
0.69500000000000006,0.89,-1.8288000000000002E-06,-1.0663000000000001E-10,1.8252000000000001E-06,3.2278E-07,-3.2254E-07
0.69000000000000006,0.89,-2.1181E-06,-1.1121000000000001E-10,2.1158E-06,3.2271999999999997E-07,-3.2266E-07
0.685,0.89,-2.4630000000000004E-06,-1.1826000000000001E-10,2.4544E-06,3.2282E-07,-3.227E-07
0.68,0.89,-2.8537000000000003E-06,-1.222E-10,2.8551000000000004E-06,3.2266E-07,-3.227E-07
0.675,0.89,-3.3053000000000004E-06,-1.3547E-10,3.3049000000000003E-06,3.2284E-07,-3.2268E-07
0.67,0.89,-3.8350000000000006E-06,-1.3325E-10,3.8415E-06,3.2276E-07,-3.2266E-07
0.665,0.89,-4.4542000000000005E-06,-1.4881E-10,4.4604000000000005E-06,3.2266E-07,-3.227E-07
0.66,0.89,-5.1760000000000009E-06,-1.5050000000000002E-10,5.1883000000000008E-06,3.2278E-07,-3.2285999999999997E-07
0.655,0.89,-5.9862E-06,-1.6475000000000003E-10,5.9990000000000005E-06,3.2274E-07,-3.2198E-07
0.65,0.89,-6.9597000000000005E-06,-1.6823000000000002E-10,6.950300000000001E-06,3.227E-07,-3.2268E-07
0.645,0.89,-8.053E-06,-1.7937000000000002E-10,8.0567E-06,3.2271999999999997E-07,-3.2276E-07
0.64,0.89,-9.3364000000000009E-06,-1.8043000000000002E-10,9.3599000000000016E-06,3.2215999999999997E-07,-3.2208E-07
0.635,0.89,-1.0794E-05,-1.9356000000000003E-10,1.08095E-05,3.2264E-07,-3.227E-07
0.63,0.89,-1.257E-05,-2.0300000000000002E-10,1.257E-05,3.2201999999999997E-07,-3.2194E-07
0.625,0.89,-1.4474E-05,-2.075E-10,1.4512000000000001E-05,3.2266E-07,-3.2271999999999997E-07
0.62,0.89,-1.6748E-05,-2.2109E-10,1.6756E-05,3.2266E-07,-3.2274E-07
0.615,0.89,-1.9374E-05,-2.2377000000000002E-10,1.9344E-05,3.2264E-07,-3.226E-07
0.61,0.89,-2.232E-05,-2.3701000000000004E-10,2.2416E-05,3.2278E-07,-3.227E-07
0.605,0.89,-2.5766E-05,-2.4155E-10,2.5786E-05,3.2268E-07,-3.2262E-07
0.6,0.89,-2.975E-05,-2.5654000000000003E-10,2.9768E-05,3.226E-07,-3.2266E-07
0.595,0.89,-3.4294E-05,-2.6425000000000004E-10,3.4278E-05,3.2268E-07,-3.227E-07
0.59000000000000008,0.89,-3.9424E-05,-2.7208E-10,3.9396E-05,3.2262E-07,-3.2262E-07
0.58500000000000008,0.89,-4.5298E-05,-2.8395000000000004E-10,4.5254000000000004E-05,3.227E-07,-3.2254E-07
0.58000000000000007,0.89,-5.2082E-05,-2.938E-10,5.207E-05,3.2264E-07,-3.2257999999999997E-07
0.57500000000000007,0.89,-5.9676E-05,-3.0597000000000003E-10,5.9742000000000005E-05,3.2264E-07,-3.226E-07
0.57000000000000006,0.89,-6.8350000000000008E-05,-3.1643E-10,6.8338000000000009E-05,3.2257999999999997E-07,-3.2257999999999997E-07
0.56500000000000006,0.89,-7.8036E-05,-3.2511000000000003E-10,7.8096E-05,3.2271999999999997E-07,-3.2264E-07
0.56,0.89,-8.9102E-05,-3.3865E-10,8.9046E-05,3.2254E-07,-3.2268E-07
0.555,0.89,-0.000101292,-3.4230000000000005E-10,0.00010136,3.2268E-07,-3.2264E-07
0.55,0.89,-0.000115,-3.5995000000000003E-10,0.000115006,3.227E-07,-3.226E-07
0.545,0.89,-0.00013062000000000002,-3.7208E-10,0.00013082,3.227E-07,-3.227E-07
0.54,0.89,-0.00014768000000000002,-3.8259E-10,0.00014784000000000002,3.2262E-07,-3.227E-07
0.535,0.89,-0.00016634,-3.9736E-10,0.00016672,3.227E-07,-3.2266E-07
0.53,0.89,-0.00018714,-4.0584E-10,0.00018744,3.2271999999999997E-07,-3.2262E-07
0.525,0.89,-0.00021026,-4.2398E-10,0.00021022,3.2268E-07,-3.2264E-07
0.52,0.89,-0.00023486,-4.4031000000000005E-10,0.00023528,3.2278E-07,-3.2262E-07
0.515,0.89,-0.0002617,-4.4724000000000005E-10,0.00026168000000000003,3.2268E-07,-3.2257999999999997E-07
0.51,0.89,-0.00029110000000000003,-4.6287000000000003E-10,0.00029052,3.2266E-07,-3.2266E-07
0.505,0.89,-0.00032154000000000004,-4.7976E-10,0.00032176000000000004,3.2268E-07,-3.2264E-07
0.5,0.89,-0.00035474000000000004,-4.9552000000000006E-10,0.000355,3.227E-07,-3.2271999999999997E-07
0.49500000000000005,0.89,-0.00038942,-5.0820000000000006E-10,0.00038986,3.2266E-07,-3.2266E-07
0.49000000000000005,0.89,-0.00042696000000000005,-5.2665E-10,0.00042672,3.2264E-07,-3.226E-07
0.48500000000000004,0.89,-0.00046424000000000004,-5.4163E-10,0.00046580000000000005,3.2264E-07,-3.226E-07
0.48000000000000004,0.89,-0.00050552000000000008,-5.7787000000000009E-10,0.0005059,3.226E-07,-3.2264E-07
0.47500000000000003,0.89,-0.00054632,-5.7600000000000008E-10,0.0005463,3.2242E-07,-3.2201999999999997E-07
0.47000000000000003,0.89,-0.00058884000000000009,-6.0082E-10,0.00058996,3.2266E-07,-3.2268E-07
0.465,0.89,-0.00063278,-6.1631E-10,0.00063318,3.2268E-07,-3.2268E-07
0.46,0.89,-0.00067594000000000009,-6.4195E-10,0.00067682000000000007,3.228E-07,-3.2268E-07
0.455,0.89,-0.00072068,-6.6084000000000007E-10,0.0007209,3.227E-07,-3.2264E-07
0.45,0.89,-0.00076578000000000008,-6.8114000000000009E-10,0.00076654,3.226E-07,-3.2254E-07
0.445,0.89,-0.00080992,-7.0455E-10,0.0008120200000000001,3.2266E-07,-3.226E-07
0.44,0.89,-0.00085522000000000007,-7.2785E-10,0.00085496000000000009,3.227E-07,-3.2257999999999997E-07
0.435,0.89,-0.00089954000000000011,-7.4796000000000007E-10,0.00089906,3.226E-07,-3.2268E-07
0.43,0.89,-0.00094416000000000009,-7.7459E-10,0.00094306,3.2262E-07,-3.2264E-07
0.42500000000000004,0.89,-0.00098642,-7.959700000000001E-10,0.00098718,3.2268E-07,-3.2254E-07
0.42000000000000004,0.89,-0.0010282400000000001,-8.2895E-10,0.0010302,3.2266E-07,-3.2264E-07
0.41500000000000004,0.89,-0.0010707000000000002,-8.5176000000000007E-10,0.00107214,3.226E-07,-3.226E-07
0.41000000000000003,0.89,-0.00111026,-8.7768000000000012E-10,0.00111034,3.2262E-07,-3.2254E-07
0.405,0.89,-0.00114912,-9.0274E-10,0.0011486600000000001,3.219E-07,-3.2254E-07
0.4,0.89,-0.0011864,-9.2945E-10,0.0011884,3.2276E-07,-3.2257999999999997E-07
0.395,0.89,-0.0012238,-9.5877E-10,0.0012222000000000001,3.2268E-07,-3.2266E-07
0.39,0.89,-0.001261,-9.8923000000000011E-10,0.0012602,3.226E-07,-3.2256E-07
0.385,0.89,-0.0012948,-1.02075E-09,0.0012958,3.2196E-07,-3.2194E-07
0.38,0.89,-0.0013268,-1.0607800000000001E-09,0.001326,3.2266E-07,-3.2266E-07
0.375,0.89,-0.001359,-1.0924100000000002E-09,0.001359,3.227E-07,-3.2222E-07
0.37,0.89,-0.0013878,-1.1082E-09,0.0013904,3.2266E-07,-3.2262E-07
0.365,0.89,-0.0014204,-1.1453E-09,0.001421,3.2266E-07,-3.2268E-07
0.36000000000000004,0.89,-0.0014484,-1.179E-09,0.0014484,3.2198E-07,-3.2264E-07
0.35500000000000004,0.89,-0.0014746,-1.2249E-09,0.0014756,3.2266E-07,-3.22E-07
0.35000000000000003,0.89,-0.0014988,-1.2528E-09,0.0015,3.2276E-07,-3.2224E-07
0.34500000000000003,0.89,-0.0015238,-1.2781E-09,0.0015256,3.2271999999999997E-07,-3.2282E-07
0.34,0.89,-0.0015474,-1.3104E-09,0.001549,3.2276E-07,-3.2264E-07
0.335,0.89,-0.0015718,-1.3612E-09,0.0015728,3.2284E-07,-3.228E-07
0.33,0.89,-0.0015952,-1.393E-09,0.0015946,3.228E-07,-3.2278E-07
0.325,0.89,-0.0016132,-1.4228E-09,0.0016136,3.2278E-07,-3.2271999999999997E-07
0.32,0.89,-0.0016352,-1.4662E-09,0.0016376000000000001,3.22E-07,-3.2278E-07
0.315,0.89,-0.001654,-1.512E-09,0.0016518,3.2276E-07,-3.2271999999999997E-07
0.31,0.89,-0.0016714,-1.5408E-09,0.0016744,3.2271999999999997E-07,-3.2266E-07
0.305,0.89,-0.0016904,-1.5825E-09,0.0016908000000000001,3.2276E-07,-3.2276E-07
0.3,0.89,-0.0017092000000000001,-1.6355E-09,0.0017084000000000001,3.2271999999999997E-07,-3.2276E-07
0.29500000000000004,0.89,-0.001721,-1.6781E-09,0.0017224,3.2271999999999997E-07,-3.2276E-07
0.29000000000000004,0.89,-0.0017398000000000001,-1.7186E-09,0.001737,3.2271999999999997E-07,-3.2274E-07
0.28500000000000003,0.89,-0.001753,-1.7603E-09,0.0017544000000000001,3.2274E-07,-3.2264E-07
0.28,0.89,-0.0017670000000000001,-1.8165E-09,0.0017682,3.228E-07,-3.227E-07
0.275,0.89,-0.0017818,-1.8582E-09,0.0017766000000000001,3.2278E-07,-3.227E-07
0.27,0.89,-0.0017942000000000001,-1.9141E-09,0.001794,3.2274E-07,-3.2271999999999997E-07
0.265,0.89,-0.0018076000000000001,-1.9574E-09,0.0018086,3.2276E-07,-3.2271999999999997E-07
0.26,0.89,-0.0018176,-2.013E-09,0.0018182,3.2266E-07,-3.2271999999999997E-07
0.255,0.89,-0.0018290000000000001,-2.0653E-09,0.0018312,3.2271999999999997E-07,-3.2271999999999997E-07
0.25,0.89,-0.0018416,-2.1262E-09,0.0018416,3.2212E-07,-3.227E-07
0.24500000000000002,0.89,-0.001853,-2.1783E-09,0.0018544,3.2276E-07,-3.229E-07
0.24000000000000002,0.89,-0.0018632,-2.2407E-09,0.0018634,3.227E-07,-3.227E-07
0.23500000000000001,0.89,-0.0018688,-2.299E-09,0.0018732,3.228E-07,-3.2274E-07
0.23,0.89,-0.0018848,-2.3642E-09,0.0018804,3.2274E-07,-3.227E-07
0.225,0.89,-0.0018914000000000001,-2.4295E-09,0.0018914000000000001,3.22E-07,-3.2266E-07
0.22,0.89,-0.001899,-2.4879E-09,0.0018994,3.2274E-07,-3.2271999999999997E-07
0.215,0.89,-0.0019068,-2.5554E-09,0.0019082,3.227E-07,-3.221E-07
0.21000000000000002,0.89,-0.001917,-2.6211E-09,0.001917,3.2229999999999997E-07,-3.22E-07
0.20500000000000002,0.89,-0.001926,-2.6987E-09,0.0019234,3.2206E-07,-3.2198E-07
0.2,0.89,-0.0019312,-2.768E-09,0.0019316000000000001,3.2276E-07,-3.227E-07
0.195,0.89,-0.0019392,-2.8397E-09,0.0019406,3.2271999999999997E-07,-3.2266E-07
0.19,0.89,-0.0019472,-2.916E-09,0.0019484,3.2276E-07,-3.2278E-07
0.185,0.89,-0.001952,-2.997E-09,0.0019546,3.2271999999999997E-07,-3.2266E-07
0.18000000000000002,0.89,-0.001958,-3.0715E-09,0.0019618,3.2186E-07,-3.2194E-07
0.17500000000000002,0.89,-0.0019662,-3.1584E-09,0.0019674000000000002,3.227E-07,-3.2278E-07
0.17,0.89,-0.0019756,-3.2452E-09,0.0019736,3.2257999999999997E-07,-3.2276E-07
0.165,0.89,-0.0019794,-3.3238E-09,0.001978,3.2268E-07,-3.227E-07
0.16,0.89,-0.0019874,-3.4178E-09,0.0019842,3.2201999999999997E-07,-3.2274E-07
0.155,0.89,-0.0019912,-3.508E-09,0.0019934,3.2266E-07,-3.2271999999999997E-07
0.15,0.89,-0.0019948,-3.6074E-09,0.0019950000000000002,3.2276E-07,-3.224E-07
0.14500000000000002,0.89,-0.0020006,-3.6906E-09,0.0020004,3.221E-07,-3.2192E-07
0.14,0.89,-0.0020052,-3.7955E-09,0.0020076,3.2274E-07,-3.2276E-07
0.135,0.89,-0.0020114,-3.8939E-09,0.0020124,3.2266E-07,-3.2278E-07
0.13,0.89,-0.0020178,-3.9972E-09,0.0020174,3.22E-07,-3.2224E-07
0.125,0.89,-0.002022,-4.1078E-09,0.0020204,3.227E-07,-3.2276E-07
0.12000000000000001,0.89,-0.0020212,-4.2243E-09,0.0020264000000000002,3.2266E-07,-3.2201999999999997E-07
0.115,0.89,-0.002028,-4.3342E-09,0.0020292,3.227E-07,-3.2266E-07
0.11,0.89,-0.002037,-4.4394E-09,0.002036,3.227E-07,-3.2264E-07
0.10500000000000001,0.89,-0.00204,-4.5605E-09,0.0020364,3.2268E-07,-3.2274E-07
0.1,0.89,-0.0020412,-4.6807E-09,0.0020446,3.2276E-07,-3.2278E-07
0.095,0.89,-0.0020476,-4.8061E-09,0.0020458,3.227E-07,-3.2271999999999997E-07
0.090000000000000011,0.89,-0.0020496,-4.9417E-09,0.0020488,3.227E-07,-3.2262E-07
0.085,0.89,-0.0020534,-5.0836E-09,0.0020504,3.2271999999999997E-07,-3.2271999999999997E-07
0.08,0.89,-0.0020562,-5.209E-09,0.002058,3.2268E-07,-3.2264E-07
0.075,0.89,-0.0020614,-5.3495E-09,0.0020612,3.2201999999999997E-07,-3.2268E-07
0.07,0.89,-0.0020636,-5.4854E-09,0.0020626,3.2201999999999997E-07,-3.2198E-07
0.065,0.89,-0.0020686,-5.6467E-09,0.0020674,3.2268E-07,-3.2274E-07
0.060000000000000005,0.89,-0.0020692,-5.7861E-09,0.0020748,3.2266E-07,-3.227E-07
0.055,0.89,-0.0020732,-5.9462E-09,0.002074,3.2196E-07,-3.2276E-07
0.05,0.89,-0.0020774,-6.0962E-09,0.0020768,3.2271999999999997E-07,-3.2274E-07
0.045000000000000005,0.89,-0.0020808,-6.2684E-09,0.0020792000000000002,3.2278E-07,-3.2266E-07
0.04,0.89,-0.0020814,-6.4226E-09,0.002079,3.2282E-07,-3.2271999999999997E-07
0.035,0.89,-0.0020838000000000002,-6.6E-09,0.0020848,3.2268E-07,-3.2232E-07
0.030000000000000002,0.89,-0.002088,-6.7751E-09,0.0020882,3.2276E-07,-3.2266E-07
0.025,0.89,-0.002095,-6.949E-09,0.0020916,3.2284E-07,-3.2271999999999997E-07
0.02,0.89,-0.0020952,-7.14E-09,0.0020916,3.2271999999999997E-07,-3.2266E-07
0.015000000000000001,0.89,-0.0020978,-7.3121E-09,0.0020984,3.2271999999999997E-07,-3.2268E-07
0.01,0.89,-0.0020986,-7.5321E-09,0.0020998,3.2271999999999997E-07,-3.2268E-07
0.005,0.89,-0.0021012,-7.7188E-09,0.0021024,3.2266E-07,-3.2266E-07
0,0.89,-0.0021038,-7.917E-09,0.0021044,3.2271999999999997E-07,-3.2266E-07
1.2,0.9,-1.2850000000000001E-11,5.3668000000000005E-10,-7.626E-11,3.2226E-07,-3.2266E-07
1.195,0.9,-6.3800000000000007E-12,4.9492000000000009E-10,-7.7980000000000011E-11,3.2226E-07,-3.2266E-07
1.19,0.9,-9.8200000000000014E-12,4.524E-10,-7.163E-11,3.2236E-07,-3.2271999999999997E-07
1.185,0.9,-6.2400000000000009E-12,4.2268000000000003E-10,-7.105E-11,3.2236E-07,-3.227E-07
1.1800000000000002,0.9,-1.4E-13,3.8711E-10,-6.604E-11,3.2256E-07,-3.2201999999999997E-07
1.175,0.9,7.27E-12,3.6486E-10,-6.347E-11,3.2236E-07,-3.227E-07
1.1700000000000002,0.9,-3.0000000000000003E-13,3.3252E-10,-5.779E-11,3.2252E-07,-3.2282E-07
1.165,0.9,1.076E-11,3.1051000000000005E-10,-5.7400000000000003E-11,3.2252E-07,-3.2276E-07
1.1600000000000001,0.9,1.573E-11,2.8344E-10,-5.6320000000000006E-11,3.2242E-07,-3.221E-07
1.155,0.9,1.6560000000000002E-11,2.6704000000000004E-10,-5.321E-11,3.218E-07,-3.2198E-07
1.1500000000000001,0.9,1.604E-11,2.4539E-10,-5.0300000000000003E-11,3.2248E-07,-3.2271999999999997E-07
1.145,0.9,2.4520000000000003E-11,2.3218000000000002E-10,-4.9540000000000004E-11,3.2257999999999997E-07,-3.2268E-07
1.1400000000000001,0.9,2.4E-11,2.1398000000000002E-10,-4.803E-11,3.22E-07,-3.2262E-07
1.135,0.9,2.7090000000000004E-11,2.0026000000000002E-10,-4.396E-11,3.2254E-07,-3.227E-07
1.1300000000000001,0.9,3.107E-11,1.8447E-10,-4.024E-11,3.226E-07,-3.2262E-07
1.125,0.9,3.4280000000000003E-11,1.7641000000000001E-10,-3.897E-11,3.2194E-07,-3.2264E-07
1.12,0.9,3.051E-11,1.6296000000000003E-10,-3.6510000000000005E-11,3.2252E-07,-3.2266E-07
1.115,0.9,3.7640000000000005E-11,1.4986000000000001E-10,-3.3810000000000004E-11,3.2252E-07,-3.227E-07
1.11,0.9,4.1780000000000003E-11,1.4222E-10,-3.2180000000000005E-11,3.226E-07,-3.2262E-07
1.105,0.9,4.363E-11,1.3389000000000002E-10,-3.031E-11,3.2252E-07,-3.2266E-07
1.1,0.9,4.054E-11,1.2684E-10,-2.735E-11,3.2257999999999997E-07,-3.22E-07
1.095,0.9,4.5290000000000006E-11,1.1519E-10,-2.5960000000000003E-11,3.2257999999999997E-07,-3.227E-07
1.09,0.9,5.025E-11,1.1002000000000001E-10,-2.48E-11,3.2252E-07,-3.2268E-07
1.085,0.9,5.2430000000000007E-11,9.9400000000000013E-11,-2.1770000000000003E-11,3.2264E-07,-3.2262E-07
1.08,0.9,5.054E-11,9.6570000000000009E-11,-1.9350000000000003E-11,3.2262E-07,-3.227E-07
1.075,0.9,5.4530000000000005E-11,8.806E-11,-2.05E-11,3.2254E-07,-3.2266E-07
1.07,0.9,5.7330000000000004E-11,8.621E-11,-2.027E-11,3.2257999999999997E-07,-3.2264E-07
1.065,0.9,5.6610000000000005E-11,7.563E-11,-1.557E-11,3.226E-07,-3.2266E-07
1.06,0.9,5.951000000000001E-11,7.473000000000001E-11,-1.46E-11,3.226E-07,-3.2271999999999997E-07
1.0550000000000002,0.9,6.3510000000000009E-11,6.8440000000000011E-11,-1.3050000000000001E-11,3.2262E-07,-3.2264E-07
1.05,0.9,6.201E-11,6.695E-11,-1.1010000000000001E-11,3.2257999999999997E-07,-3.226E-07
1.0450000000000002,0.9,5.82E-11,5.7620000000000004E-11,-7.93E-12,3.2254E-07,-3.226E-07
1.04,0.9,6.6870000000000011E-11,5.808E-11,-9.25E-12,3.226E-07,-3.226E-07
1.0350000000000001,0.9,6.6240000000000009E-11,5.313E-11,-6.04E-12,3.2256E-07,-3.2266E-07
1.03,0.9,6.346E-11,5.0790000000000006E-11,-2.44E-12,3.2252E-07,-3.2268E-07
1.0250000000000001,0.9,6.349E-11,4.611E-11,-2.39E-12,3.2184E-07,-3.2198E-07
1.02,0.9,6.838E-11,4.661E-11,-1.51E-12,3.2254E-07,-3.2262E-07
1.0150000000000001,0.9,6.528E-11,4.071E-11,3.3900000000000003E-12,3.2254E-07,-3.2254E-07
1.01,0.9,6.496E-11,3.842E-11,4.2900000000000005E-12,3.225E-07,-3.2266E-07
1.0050000000000001,0.9,6.725E-11,3.488E-11,5.8800000000000008E-12,3.226E-07,-3.2271999999999997E-07
1,0.9,6.234E-11,3.605E-11,1.046E-11,3.225E-07,-3.2271999999999997E-07
0.995,0.9,5.4960000000000003E-11,3.2800000000000006E-11,1.2780000000000002E-11,3.2254E-07,-3.2271999999999997E-07
0.9900000000000001,0.9,6.328E-11,3.077E-11,1.58E-11,3.2257999999999997E-07,-3.2264E-07
0.9850000000000001,0.9,6.032E-11,2.938E-11,2.1150000000000003E-11,3.2257999999999997E-07,-3.2257999999999997E-07
0.98000000000000009,0.9,5.4130000000000005E-11,2.5360000000000003E-11,2.578E-11,3.225E-07,-3.2264E-07
0.97500000000000009,0.9,4.6190000000000004E-11,2.438E-11,2.8670000000000003E-11,3.226E-07,-3.2257999999999997E-07
0.97000000000000008,0.9,4.9800000000000005E-11,2.3280000000000003E-11,3.401E-11,3.2252E-07,-3.2256E-07
0.96500000000000008,0.9,4.097E-11,2.5160000000000003E-11,4.1860000000000005E-11,3.2184E-07,-3.2187999999999997E-07
0.96000000000000008,0.9,3.649E-11,1.8930000000000003E-11,4.7690000000000005E-11,3.226E-07,-3.2268E-07
0.95500000000000007,0.9,2.91E-11,1.9800000000000002E-11,5.982E-11,3.2257999999999997E-07,-3.227E-07
0.95000000000000007,0.9,2.212E-11,1.8050000000000002E-11,6.692E-11,3.226E-07,-3.227E-07
0.94500000000000006,0.9,8.61E-12,1.857E-11,8.097E-11,3.2257999999999997E-07,-3.2268E-07
0.94000000000000006,0.9,-1.31E-12,1.3760000000000001E-11,9.545E-11,3.2257999999999997E-07,-3.2268E-07
0.935,0.9,-1.53E-11,1.6910000000000003E-11,1.107E-10,3.2194E-07,-3.2268E-07
0.93,0.9,-2.6940000000000003E-11,1.038E-11,1.2594E-10,3.2257999999999997E-07,-3.2282E-07
0.925,0.9,-5.437E-11,1.1460000000000002E-11,1.4381000000000002E-10,3.2178E-07,-3.2184E-07
0.92,0.9,-7.662E-11,7.2500000000000008E-12,1.6691000000000002E-10,3.2271999999999997E-07,-3.2268E-07
0.915,0.9,-9.7800000000000014E-11,1.4000000000000002E-11,1.9144000000000001E-10,3.226E-07,-3.2276E-07
0.91,0.9,-1.2815000000000002E-10,5.1600000000000006E-12,2.2158000000000003E-10,3.2257999999999997E-07,-3.227E-07
0.905,0.9,-1.6311000000000002E-10,7.43E-12,2.6549000000000003E-10,3.2264E-07,-3.227E-07
0.9,0.9,-1.9524000000000002E-10,3.4700000000000004E-12,2.9926E-10,3.2184E-07,-3.2266E-07
0.895,0.9,-2.4183000000000003E-10,7.72E-12,3.4986E-10,3.2257999999999997E-07,-3.2271999999999997E-07
0.89,0.9,-2.9144000000000003E-10,1.14E-12,4.0504000000000003E-10,3.2187999999999997E-07,-3.2266E-07
0.885,0.9,-3.6933E-10,6.61E-12,4.7625000000000009E-10,3.2256E-07,-3.2264E-07
0.88,0.9,-4.3354000000000004E-10,6.2000000000000008E-13,5.374E-10,3.2184E-07,-3.2201999999999997E-07
0.875,0.9,-4.9540000000000007E-10,1.4200000000000002E-12,6.0069E-10,3.226E-07,-3.226E-07
0.87,0.9,-6.0689000000000006E-10,-2.29E-12,6.9944E-10,3.226E-07,-3.2271999999999997E-07
0.865,0.9,-7.0516000000000008E-10,1.86E-12,8.1398E-10,3.2257999999999997E-07,-3.226E-07
0.86,0.9,-8.3355000000000008E-10,-4.07E-12,9.4172000000000014E-10,3.2254E-07,-3.2264E-07
0.85500000000000009,0.9,-9.9035E-10,-5.54E-12,1.09064E-09,3.2256E-07,-3.2257999999999997E-07
0.85000000000000009,0.9,-1.244E-09,-7.0900000000000007E-12,1.2879E-09,3.225E-07,-3.2264E-07
0.84500000000000008,0.9,-1.4282E-09,-7.82E-12,1.5176E-09,3.2252E-07,-3.2262E-07
0.84000000000000008,0.9,-1.6152E-09,-7.5700000000000011E-12,1.7167E-09,3.2248E-07,-3.2268E-07
0.83500000000000008,0.9,-1.928E-09,-8.01E-12,2.0391E-09,3.2248E-07,-3.2262E-07
0.83000000000000007,0.9,-2.267E-09,-9.34E-12,2.3524E-09,3.225E-07,-3.226E-07
0.82500000000000007,0.9,-2.6286E-09,-1.4390000000000002E-11,2.7099E-09,3.2256E-07,-3.2262E-07
0.82000000000000006,0.9,-3.0176E-09,-1.662E-11,3.1207E-09,3.2252E-07,-3.2271999999999997E-07
0.81500000000000006,0.9,-3.5795E-09,-2.1510000000000002E-11,3.7216E-09,3.2254E-07,-3.2264E-07
0.81,0.9,-4.224E-09,-1.7450000000000002E-11,4.362E-09,3.2256E-07,-3.226E-07
0.805,0.9,-4.7956E-09,-2.1480000000000003E-11,4.9705E-09,3.2257999999999997E-07,-3.2266E-07
0.8,0.9,-5.6307E-09,-2.196E-11,5.7816E-09,3.2262E-07,-3.227E-07
0.795,0.9,-6.4559E-09,-3.121E-11,6.611E-09,3.2252E-07,-3.227E-07
0.79,0.9,-7.4984E-09,-2.932E-11,7.6977E-09,3.2257999999999997E-07,-3.2264E-07
0.785,0.9,-8.7613E-09,-3.3310000000000006E-11,8.9555E-09,3.2252E-07,-3.2256E-07
0.78,0.9,-1.01746E-08,-2.8490000000000003E-11,1.04704E-08,3.2254E-07,-3.2264E-07
0.775,0.9,-1.13584E-08,-4.326E-11,1.3183999999999999E-08,3.2242E-07,-3.2262E-07
0.77,0.9,-1.4610599999999999E-08,-4.402E-11,1.4826199999999999E-08,3.2257999999999997E-07,-3.2268E-07
0.765,0.9,-1.69136E-08,-4.6860000000000007E-11,1.69484E-08,3.2246E-07,-3.2264E-07
0.76,0.9,-2.0430399999999997E-08,-5.2050000000000004E-11,2.0432799999999998E-08,3.2252E-07,-3.2264E-07
0.755,0.9,-2.3271799999999997E-08,-5.036E-11,2.3032199999999998E-08,3.2248E-07,-3.2268E-07
0.75,0.9,-2.73616E-08,-6.0610000000000011E-11,2.6319999999999997E-08,3.2248E-07,-3.2256E-07
0.745,0.9,-3.1145799999999996E-08,-5.898E-11,3.16404E-08,3.2254E-07,-3.2264E-07
0.74,0.9,-3.69646E-08,-6.785E-11,3.69314E-08,3.2264E-07,-3.226E-07
0.735,0.9,-4.2366799999999994E-08,-6.906E-11,4.2135399999999995E-08,3.2257999999999997E-07,-3.2254E-07
0.73,0.9,-4.8944999999999993E-08,-7.571E-11,5.0212399999999995E-08,3.2264E-07,-3.227E-07
0.72500000000000009,0.9,-5.7643999999999997E-08,-8.1590000000000012E-11,5.6141799999999997E-08,3.2256E-07,-3.2254E-07
0.72000000000000008,0.9,-6.4097199999999992E-08,-8.459E-11,6.5368399999999989E-08,3.225E-07,-3.226E-07
0.71500000000000008,0.9,-7.49838E-08,-9.130000000000001E-11,7.5026999999999988E-08,3.2256E-07,-3.226E-07
0.71000000000000008,0.9,-8.86004E-08,-9.4120000000000007E-11,9.00078E-08,3.2254E-07,-3.2257999999999997E-07
0.70500000000000007,0.9,-1.0288659999999999E-07,-1.0176E-10,1.0184779999999999E-07,3.225E-07,-3.2256E-07
0.70000000000000007,0.9,-1.1480099999999998E-07,-1.0638000000000001E-10,1.1676E-07,3.2254E-07,-3.2257999999999997E-07
0.69500000000000006,0.9,-1.3982E-07,-1.1029000000000001E-10,1.3962E-07,3.2248E-07,-3.2257999999999997E-07
0.69000000000000006,0.9,-1.636E-07,-1.1598000000000001E-10,1.6336E-07,3.227E-07,-3.2262E-07
0.685,0.9,-1.8656E-07,-1.2449E-10,1.8944E-07,3.2248E-07,-3.226E-07
0.68,0.9,-2.1704E-07,-1.2945E-10,2.1984E-07,3.2257999999999997E-07,-3.2262E-07
0.675,0.9,-2.5314E-07,-1.4338E-10,2.5436E-07,3.2248E-07,-3.2278E-07
0.67,0.9,-2.9268E-07,-1.4153E-10,2.979E-07,3.2248E-07,-3.2266E-07
0.665,0.9,-3.368E-07,-1.5422E-10,3.3812E-07,3.2257999999999997E-07,-3.2257999999999997E-07
0.66,0.9,-3.8534E-07,-1.5701E-10,3.8256E-07,3.226E-07,-3.226E-07
0.655,0.9,-4.545E-07,-1.7084E-10,4.4872E-07,3.226E-07,-3.2264E-07
0.65,0.9,-5.28E-07,-1.7289E-10,5.2644E-07,3.226E-07,-3.2256E-07
0.645,0.9,-5.9636E-07,-1.8471000000000003E-10,5.9669999999999994E-07,3.2256E-07,-3.226E-07
0.64,0.9,-6.9676E-07,-1.8735E-10,7.0046E-07,3.2256E-07,-3.2264E-07
0.635,0.9,-7.8811999999999994E-07,-2.0196000000000002E-10,8.0136E-07,3.2248E-07,-3.2257999999999997E-07
0.63,0.9,-9.1753999999999994E-07,-2.0688000000000001E-10,9.2222E-07,3.2257999999999997E-07,-3.226E-07
0.625,0.9,-1.05178E-06,-2.1360000000000002E-10,1.0591E-06,3.226E-07,-3.2262E-07
0.62,0.9,-1.2207E-06,-2.3148E-10,1.2701000000000001E-06,3.2192E-07,-3.2266E-07
0.615,0.9,-1.4261000000000002E-06,-2.3905E-10,1.4456000000000002E-06,3.226E-07,-3.2268E-07
0.61,0.9,-1.6221E-06,-2.4101000000000003E-10,1.6178000000000002E-06,3.2257999999999997E-07,-3.227E-07
0.605,0.9,-1.8332E-06,-2.5275000000000003E-10,1.9155E-06,3.2256E-07,-3.2256E-07
0.6,0.9,-2.2043000000000002E-06,-2.6192E-10,2.2086000000000003E-06,3.2266E-07,-3.2266E-07
0.595,0.9,-2.4854000000000004E-06,-2.7311E-10,2.4892000000000002E-06,3.2266E-07,-3.2264E-07
0.59000000000000008,0.9,-2.8172000000000003E-06,-2.8360000000000003E-10,2.8462000000000004E-06,3.2252E-07,-3.226E-07
0.58500000000000008,0.9,-3.2566000000000003E-06,-2.9221E-10,3.2413E-06,3.2257999999999997E-07,-3.2264E-07
0.58000000000000007,0.9,-3.7736E-06,-3.0094000000000005E-10,3.7873000000000006E-06,3.2252E-07,-3.226E-07
0.57500000000000007,0.9,-4.2406000000000005E-06,-3.1236000000000005E-10,4.2903E-06,3.2246E-07,-3.2264E-07
0.57000000000000006,0.9,-4.8735000000000009E-06,-3.2469000000000004E-10,4.8097000000000007E-06,3.2226E-07,-3.2266E-07
0.56500000000000006,0.9,-5.5282000000000007E-06,-3.3321000000000003E-10,5.4868000000000006E-06,3.2257999999999997E-07,-3.2262E-07
0.56,0.9,-6.3421000000000007E-06,-3.4979000000000004E-10,6.1613000000000006E-06,3.2262E-07,-3.219E-07
0.555,0.9,-7.0618000000000007E-06,-3.5802E-10,7.0362000000000005E-06,3.2248E-07,-3.226E-07
0.55,0.9,-8.0528E-06,-3.7174000000000005E-10,7.9321000000000015E-06,3.2257999999999997E-07,-3.2198E-07
0.545,0.9,-9.0011000000000009E-06,-3.8046000000000005E-10,8.9627000000000014E-06,3.2254E-07,-3.2264E-07
0.54,0.9,-1.0245100000000001E-05,-3.9399000000000005E-10,1.0144800000000002E-05,3.2254E-07,-3.227E-07
0.535,0.9,-1.1392E-05,-4.0438000000000006E-10,1.14878E-05,3.2252E-07,-3.226E-07
0.53,0.9,-1.17173E-05,-4.1708E-10,1.2752000000000001E-05,3.225E-07,-3.2257999999999997E-07
0.525,0.9,-1.4228E-05,-4.3778E-10,1.4232E-05,3.2248E-07,-3.2257999999999997E-07
0.52,0.9,-1.5854E-05,-4.4329000000000003E-10,1.579E-05,3.2254E-07,-3.2264E-07
0.515,0.9,-1.7480000000000002E-05,-4.6224000000000005E-10,1.7512E-05,3.2256E-07,-3.2264E-07
0.51,0.9,-1.934E-05,-4.7446E-10,1.9278E-05,3.2254E-07,-3.2254E-07
0.505,0.9,-2.1146E-05,-4.9376000000000006E-10,2.1186E-05,3.2248E-07,-3.2257999999999997E-07
0.5,0.9,-2.3328E-05,-5.0885000000000006E-10,2.3262000000000002E-05,3.2173999999999997E-07,-3.2176E-07
0.49500000000000005,0.9,-2.5470000000000002E-05,-5.2794E-10,2.554E-05,3.2248E-07,-3.2264E-07
0.49000000000000005,0.9,-2.7562E-05,-5.4303E-10,2.761E-05,3.2248E-07,-3.226E-07
0.48500000000000004,0.9,-3.0010000000000002E-05,-5.63E-10,3.0048E-05,3.2256E-07,-3.2257999999999997E-07
0.48000000000000004,0.9,-3.2534000000000004E-05,-5.7567E-10,3.2624E-05,3.2257999999999997E-07,-3.2254E-07
0.47500000000000003,0.9,-3.4806E-05,-5.9876E-10,3.485E-05,3.225E-07,-3.226E-07
0.47000000000000003,0.9,-3.7544E-05,-6.1940000000000005E-10,3.741E-05,3.2262E-07,-3.2264E-07
0.465,0.9,-4.0162E-05,-6.3964000000000008E-10,4.037E-05,3.2254E-07,-3.2257999999999997E-07
0.46,0.9,-4.2742E-05,-6.6120000000000005E-10,4.2424E-05,3.2257999999999997E-07,-3.2257999999999997E-07
0.455,0.9,-4.5448E-05,-6.8007E-10,4.5358E-05,3.2248E-07,-3.226E-07
0.45,0.9,-4.7850000000000004E-05,-7.0617000000000005E-10,4.7796E-05,3.2257999999999997E-07,-3.226E-07
0.445,0.9,-5.0514000000000005E-05,-7.289E-10,5.0678000000000005E-05,3.2254E-07,-3.2266E-07
0.44,0.9,-5.2916E-05,-7.5133E-10,5.2986000000000004E-05,3.2172E-07,-3.218E-07
0.435,0.9,-5.5602E-05,-7.763600000000001E-10,5.5598000000000005E-05,3.2246E-07,-3.2257999999999997E-07
0.43,0.9,-5.774E-05,-8.0215000000000007E-10,5.7782000000000003E-05,3.2248E-07,-3.227E-07
0.42500000000000004,0.9,-6.0434000000000004E-05,-8.2716000000000007E-10,6.0386E-05,3.2254E-07,-3.2257999999999997E-07
0.42000000000000004,0.9,-6.2786E-05,-8.5025E-10,6.2642E-05,3.2246E-07,-3.2266E-07
0.41500000000000004,0.9,-6.4758E-05,-8.7473E-10,6.4768E-05,3.224E-07,-3.2257999999999997E-07
0.41000000000000003,0.9,-6.7142E-05,-9.0464000000000009E-10,6.714E-05,3.2254E-07,-3.2266E-07
0.405,0.9,-6.9132E-05,-9.3708E-10,6.923E-05,3.2254E-07,-3.2254E-07
0.4,0.9,-7.1150000000000008E-05,-9.6279000000000015E-10,7.138E-05,3.2252E-07,-3.226E-07
0.395,0.9,-7.3618E-05,-1.006E-09,7.3698E-05,3.2254E-07,-3.2266E-07
0.39,0.9,-7.6004E-05,-1.01709E-09,7.597E-05,3.2256E-07,-3.2254E-07
0.385,0.9,-7.7194E-05,-1.05404E-09,7.7046000000000007E-05,3.2248E-07,-3.2254E-07
0.38,0.9,-7.8622000000000007E-05,-1.08015E-09,7.886E-05,3.2246E-07,-3.2264E-07
0.375,0.9,-7.999E-05,-1.1156E-09,8.0546E-05,3.2254E-07,-3.2246E-07
0.37,0.9,-8.2016000000000009E-05,-1.1452E-09,8.227E-05,3.2254E-07,-3.2266E-07
0.365,0.9,-8.459E-05,-1.1742E-09,8.4576E-05,3.2254E-07,-3.2264E-07
0.36000000000000004,0.9,-8.5678E-05,-1.2043E-09,8.5738E-05,3.226E-07,-3.226E-07
0.35500000000000004,0.9,-8.6808E-05,-1.2463E-09,8.6676000000000008E-05,3.2246E-07,-3.2256E-07
0.35000000000000003,0.9,-8.8356E-05,-1.2778E-09,8.864200000000001E-05,3.2254E-07,-3.221E-07
0.34500000000000003,0.9,-8.9966E-05,-1.3123E-09,8.9978E-05,3.226E-07,-3.2266E-07
0.34,0.9,-9.1112E-05,-1.3498E-09,9.1296E-05,3.226E-07,-3.2271999999999997E-07
0.335,0.9,-9.2690000000000009E-05,-1.3868E-09,9.2254E-05,3.226E-07,-3.2196E-07
0.33,0.9,-9.4152E-05,-1.4253E-09,9.398E-05,3.2256E-07,-3.2264E-07
0.325,0.9,-9.514E-05,-1.4603E-09,9.5068E-05,3.2257999999999997E-07,-3.226E-07
0.32,0.9,-9.579E-05,-1.5083E-09,9.5814E-05,3.226E-07,-3.2257999999999997E-07
0.315,0.9,-9.6670000000000008E-05,-1.5486E-09,9.6802E-05,3.2252E-07,-3.2266E-07
0.31,0.9,-9.8112E-05,-1.5865E-09,9.8336E-05,3.2262E-07,-3.227E-07
0.305,0.9,-9.9266000000000008E-05,-1.6327E-09,9.8788E-05,3.2262E-07,-3.2264E-07
0.3,0.9,-9.957E-05,-1.6833E-09,0.000100154,3.2254E-07,-3.224E-07
0.29500000000000004,0.9,-0.000100512,-1.7193E-09,0.000100542,3.226E-07,-3.2276E-07
0.29000000000000004,0.9,-0.000101446,-1.7717E-09,0.00010164600000000001,3.2266E-07,-3.226E-07
0.28500000000000003,0.9,-0.00010253600000000001,-1.8133E-09,0.000102512,3.226E-07,-3.2266E-07
0.28,0.9,-0.00010319800000000001,-1.8675E-09,0.000103132,3.2252E-07,-3.2264E-07
0.275,0.9,-0.000103874,-1.9156E-09,0.000103936,3.2252E-07,-3.2276E-07
0.27,0.9,-0.000105166,-1.9614E-09,0.00010524,3.2257999999999997E-07,-3.2271999999999997E-07
0.265,0.9,-0.000105814,-2.016E-09,0.000105918,3.2256E-07,-3.2264E-07
0.26,0.9,-0.00010632,-2.0738E-09,0.00010661,3.2264E-07,-3.2264E-07
0.255,0.9,-0.00010743,-2.1256E-09,0.00010728800000000001,3.2254E-07,-3.2271999999999997E-07
0.25,0.9,-0.000107644,-2.1816E-09,0.000107538,3.2256E-07,-3.2268E-07
0.24500000000000002,0.9,-0.000107818,-2.2399E-09,0.00010806,3.2254E-07,-3.226E-07
0.24000000000000002,0.9,-0.000108454,-2.2983E-09,0.000108652,3.2252E-07,-3.2266E-07
0.23500000000000001,0.9,-0.000108808,-2.3639E-09,0.000108886,3.2248E-07,-3.2264E-07
0.23,0.9,-0.00010944000000000001,-2.4214E-09,0.000109324,3.225E-07,-3.2262E-07
0.225,0.9,-0.00010969,-2.4903E-09,0.00010984200000000001,3.2254E-07,-3.2262E-07
0.22,0.9,-0.000109722,-2.556E-09,0.000110092,3.2254E-07,-3.226E-07
0.215,0.9,-0.000110832,-2.631E-09,0.00011123,3.2248E-07,-3.226E-07
0.21000000000000002,0.9,-0.00011136200000000001,-2.6974E-09,0.000111302,3.2246E-07,-3.226E-07
0.20500000000000002,0.9,-0.00011137400000000001,-2.7715E-09,0.000111478,3.225E-07,-3.2257999999999997E-07
0.2,0.9,-0.000111774,-2.8408E-09,0.00011182600000000001,3.2252E-07,-3.226E-07
0.195,0.9,-0.000112386,-2.9244E-09,0.00011277800000000001,3.2254E-07,-3.2262E-07
0.19,0.9,-0.000113138,-2.9869E-09,0.00011285,3.2257999999999997E-07,-3.226E-07
0.185,0.9,-0.000113256,-3.0778E-09,0.000113486,3.2252E-07,-3.224E-07
0.18000000000000002,0.9,-0.00011363000000000001,-3.1524E-09,0.00011363600000000001,3.2257999999999997E-07,-3.2264E-07
0.17500000000000002,0.9,-0.00011438400000000001,-3.2419E-09,0.00011454600000000001,3.2248E-07,-3.2264E-07
0.17,0.9,-0.000114096,-3.3294E-09,0.000113768,3.2254E-07,-3.2257999999999997E-07
0.165,0.9,-0.000113854,-3.4102E-09,0.00011389000000000001,3.2187999999999997E-07,-3.226E-07
0.16,0.9,-0.000114608,-3.5079E-09,0.000114534,3.225E-07,-3.2266E-07
0.155,0.9,-0.00011499600000000001,-3.6018E-09,0.00011500200000000001,3.226E-07,-3.2266E-07
0.15,0.9,-0.00011499600000000001,-3.6975E-09,0.000115004,3.226E-07,-3.2271999999999997E-07
0.14500000000000002,0.9,-0.000114994,-3.7942E-09,0.000115004,3.2257999999999997E-07,-3.226E-07
0.14,0.9,-0.00011499600000000001,-3.8991E-09,0.00011500200000000001,3.2266E-07,-3.2262E-07
0.135,0.9,-0.00011499600000000001,-3.999E-09,0.00011500200000000001,3.2257999999999997E-07,-3.2264E-07
0.13,0.9,-0.000114998,-4.1109E-09,0.00011718000000000001,3.2187999999999997E-07,-3.2266E-07
0.125,0.9,-0.00011916,-4.2211E-09,0.00011962000000000001,3.2264E-07,-3.2266E-07
0.12000000000000001,0.9,-0.00012128,-4.3396E-09,0.00012212,3.2257999999999997E-07,-3.2262E-07
0.115,0.9,-0.00011878000000000001,-4.4582E-09,0.00012052,3.2246E-07,-3.2254E-07
0.11,0.9,-0.00012082000000000001,-4.5679E-09,0.00011978000000000001,3.2254E-07,-3.2254E-07
0.10500000000000001,0.9,-0.00011986000000000001,-4.6963E-09,0.00012182000000000001,3.2254E-07,-3.226E-07
0.1,0.9,-0.0001205,-4.8087E-09,0.00012214000000000002,3.2254E-07,-3.2248E-07
0.095,0.9,-0.00012182000000000001,-4.9486E-09,0.00012218,3.2248E-07,-3.2264E-07
0.090000000000000011,0.9,-0.0001239,-5.0841E-09,0.00012052,3.2262E-07,-3.2254E-07
0.085,0.9,-0.00011930000000000001,-5.2231E-09,0.00011958,3.224E-07,-3.2252E-07
0.08,0.9,-0.00012034,-5.3477E-09,0.00011908,3.2248E-07,-3.2257999999999997E-07
0.075,0.9,-0.00011948,-5.4923E-09,0.0001228,3.2254E-07,-3.2254E-07
0.07,0.9,-0.00011860000000000001,-5.6395E-09,0.00012,3.225E-07,-3.226E-07
0.065,0.9,-0.00011920000000000001,-5.8026E-09,0.0001229,3.2246E-07,-3.2262E-07
0.060000000000000005,0.9,-0.00011878000000000001,-5.9593E-09,0.00012334,3.2252E-07,-3.2254E-07
0.055,0.9,-0.0001189,-6.1057E-09,0.0001241,3.2256E-07,-3.2256E-07
0.05,0.9,-0.00012258,-6.2706E-09,0.00011992,3.2248E-07,-3.2248E-07
0.045000000000000005,0.9,-0.00012338,-6.4282E-09,0.00012318,3.225E-07,-3.2256E-07
0.04,0.9,-0.00012098000000000001,-6.59E-09,0.00012422,3.2252E-07,-3.2257999999999997E-07
0.035,0.9,-0.00012326,-6.7755E-09,0.00012494,3.225E-07,-3.2256E-07
0.030000000000000002,0.9,-0.00012108000000000001,-6.9551E-09,0.00012146,3.2194E-07,-3.2194E-07
0.025,0.9,-0.00012436,-7.1342E-09,0.00012248,3.2252E-07,-3.2257999999999997E-07
0.02,0.9,-0.00012278000000000001,-7.3442E-09,0.00012262000000000002,3.225E-07,-3.2257999999999997E-07
0.015000000000000001,0.9,-0.00012340000000000002,-7.5266E-09,0.00012042,3.2254E-07,-3.2198E-07
0.01,0.9,-0.00012372000000000002,-7.72E-09,0.00012282000000000002,3.2254E-07,-3.226E-07
0.005,0.9,-0.00012046000000000001,-7.9288E-09,0.00012588,3.2178E-07,-3.2257999999999997E-07
0,0.9,-0.00012468,-8.1303E-09,0.0001238,3.2248E-07,-3.2257999999999997E-07
