I/V Sweep,id_vgs_P
RecordTime,04/14/2025 15:52:22
Device ID,
Count,1
Flag,
Remarks,
vg,vd,id,ig,is,iavdd,ignd
1.2,0,-3.1416E-05,2.6600000000000004E-12,3.1328E-05,4.1682E-07,-3.2542E-07
1.195,0,-3.1394E-05,3.4E-13,3.1196000000000004E-05,4.1668E-07,-3.2546E-07
1.19,0,-3.121E-05,1.1500000000000002E-12,3.1314E-05,4.1682E-07,-3.2536E-07
1.185,0,-3.1258E-05,1.59E-12,3.0856000000000004E-05,4.1664E-07,-3.254E-07
1.1800000000000002,0,-3.1238E-05,8.300000000000001E-13,3.1136E-05,4.1669999999999997E-07,-3.2538E-07
1.175,0,-3.1076E-05,2.2000000000000002E-13,3.1086E-05,4.1662E-07,-3.255E-07
1.1700000000000002,0,-3.12E-05,1.9E-12,3.1022E-05,4.1669999999999997E-07,-3.2542E-07
1.165,0,-3.1264000000000004E-05,4.3000000000000004E-13,3.1048E-05,4.1682E-07,-3.2542E-07
1.1600000000000001,0,-3.1368E-05,1.85E-12,3.1182E-05,4.1682E-07,-3.2544E-07
1.155,0,-3.121E-05,1.3800000000000002E-12,3.1086E-05,4.1679999999999997E-07,-3.2542E-07
1.1500000000000001,0,-3.1106E-05,-3.1000000000000004E-13,3.1314E-05,4.1679999999999997E-07,-3.2538E-07
1.145,0,-3.1298000000000004E-05,2.1700000000000002E-12,3.1464E-05,4.169E-07,-3.2542E-07
1.1400000000000001,0,-3.1534E-05,9.0000000000000008E-14,3.1408E-05,4.1682E-07,-3.2542E-07
1.135,0,-3.1498E-05,6.7000000000000007E-13,3.132E-05,4.1682E-07,-3.2542E-07
1.1300000000000001,0,-3.1454E-05,7.2000000000000006E-13,3.1084E-05,4.1696E-07,-3.2536E-07
1.125,0,-3.1438E-05,2.3000000000000003E-13,3.1438E-05,4.1688E-07,-3.2538E-07
1.12,0,-3.1582000000000004E-05,1.5000000000000002E-13,3.135E-05,4.1688E-07,-3.2542E-07
1.115,0,-3.1652E-05,6.7000000000000007E-13,3.1426E-05,4.1697999999999997E-07,-3.2548E-07
1.11,0,-3.145E-05,8.8000000000000009E-13,3.1458E-05,4.1682E-07,-3.2546E-07
1.105,0,-3.1254E-05,-1.9000000000000002E-13,3.1114E-05,4.1682E-07,-3.254E-07
1.1,0,-3.115E-05,1.7700000000000001E-12,3.1232E-05,4.1688E-07,-3.254E-07
1.095,0,-3.1106E-05,-1.32E-12,3.1136E-05,4.1693999999999997E-07,-3.2544E-07
1.09,0,-3.124E-05,1.6000000000000003E-13,3.1298000000000004E-05,4.1693999999999997E-07,-3.2544E-07
1.085,0,-3.1326E-05,1.8700000000000003E-12,3.1236000000000004E-05,4.1697999999999997E-07,-3.2542E-07
1.08,0,-3.1262E-05,-7.4000000000000008E-13,3.1002E-05,4.1692E-07,-3.2544E-07
1.075,0,-3.1664E-05,4.2000000000000003E-13,3.1146E-05,4.1693999999999997E-07,-3.2538E-07
1.07,0,-3.1598E-05,1.37E-12,3.1368E-05,4.1686E-07,-3.2546E-07
1.065,0,-3.1536000000000004E-05,-9.6000000000000015E-13,3.1458E-05,4.1682E-07,-3.2534E-07
1.06,0,-3.1542000000000004E-05,6.0000000000000009E-14,3.1466E-05,4.1692E-07,-3.2536E-07
1.0550000000000002,0,-3.1542000000000004E-05,1.4300000000000002E-12,3.1400000000000004E-05,4.1683999999999997E-07,-3.2536E-07
1.05,0,-3.15E-05,-2.21E-12,3.1338000000000004E-05,4.1686E-07,-3.2538E-07
1.0450000000000002,0,-3.1432E-05,1.78E-12,3.1226E-05,4.1686E-07,-3.2542E-07
1.04,0,-3.1028E-05,4E-13,3.1108E-05,4.1669999999999997E-07,-3.2532E-07
1.0350000000000001,0,-3.1358E-05,-5.9E-13,3.1372000000000004E-05,4.1679999999999997E-07,-3.2532E-07
1.03,0,-3.1296E-05,1.2400000000000002E-12,3.122E-05,4.1682E-07,-3.2532E-07
1.0250000000000001,0,-3.129E-05,-4.4000000000000004E-13,3.113E-05,4.1679999999999997E-07,-3.2528E-07
1.02,0,-3.1178E-05,-8.300000000000001E-13,3.1056E-05,4.1686E-07,-3.2534E-07
1.0150000000000001,0,-3.1346E-05,1.6E-12,3.1134000000000004E-05,4.1679999999999997E-07,-3.253E-07
1.01,0,-3.1224E-05,6.9000000000000009E-13,3.1052E-05,4.1679999999999997E-07,-3.2538E-07
1.0050000000000001,0,-3.1174000000000003E-05,-1.7500000000000002E-12,3.0962E-05,4.1679999999999997E-07,-3.2534E-07
1,0,-3.111E-05,1.8400000000000002E-12,3.1362E-05,4.1682E-07,-3.2542E-07
0.995,0,-3.151E-05,-5.3000000000000006E-13,3.0968E-05,4.1682E-07,-3.2526E-07
0.9900000000000001,0,-3.1278E-05,-2.0500000000000004E-12,3.1178E-05,4.1693999999999997E-07,-3.2536E-07
0.9850000000000001,0,-3.1238E-05,1.5400000000000001E-12,3.1232E-05,4.1688E-07,-3.2542E-07
0.98000000000000009,0,-3.141E-05,1.9000000000000002E-13,3.1108E-05,4.1676E-07,-3.2534E-07
0.97500000000000009,0,-3.135E-05,-2.7E-13,3.1206E-05,4.1692E-07,-3.2534E-07
0.97000000000000008,0,-3.1416E-05,2.31E-12,3.1182E-05,4.1674E-07,-3.2542E-07
0.96500000000000008,0,-3.1346E-05,-6.8E-13,3.1202000000000004E-05,4.1679999999999997E-07,-3.2536E-07
0.96000000000000008,0,-3.126E-05,-3.8000000000000005E-13,3.1052E-05,4.1674E-07,-3.2532E-07
0.95500000000000007,0,-3.1386E-05,1.27E-12,3.1448E-05,4.1674E-07,-3.2532E-07
0.95000000000000007,0,-3.1414E-05,-1.14E-12,3.118E-05,4.1669999999999997E-07,-3.2528E-07
0.94500000000000006,0,-3.1234E-05,-7E-13,3.1314E-05,4.1678E-07,-3.252E-07
0.94000000000000006,0,-3.1368E-05,2.6300000000000003E-12,3.1462E-05,4.1686E-07,-3.2536E-07
0.935,0,-3.145E-05,-2.49E-12,3.1270000000000004E-05,4.1692E-07,-3.2536E-07
0.93,0,-3.1366000000000004E-05,1.2000000000000001E-12,3.1346E-05,4.1692E-07,-3.2528E-07
0.925,0,-3.1538E-05,2.7E-13,3.1374E-05,4.1688E-07,-3.2532E-07
0.92,0,-3.1172E-05,-2.1500000000000003E-12,3.1134000000000004E-05,4.1697999999999997E-07,-3.2536E-07
0.915,0,-3.1428E-05,9.8E-13,3.1326E-05,4.169E-07,-3.2536E-07
0.91,0,-3.1444E-05,7.9000000000000007E-13,3.1188E-05,4.1686E-07,-3.2534E-07
0.905,0,-3.1416E-05,-8.1000000000000008E-13,3.1314E-05,4.1697999999999997E-07,-3.2538E-07
0.9,0,-3.1204E-05,7E-13,3.1122E-05,4.169E-07,-3.254E-07
0.895,0,-3.1388E-05,1.4300000000000002E-12,3.135E-05,4.1693999999999997E-07,-3.2534E-07
0.89,0,-3.1274E-05,-2.3800000000000004E-12,3.1078E-05,4.1686E-07,-3.2532E-07
0.885,0,-3.12E-05,1.8000000000000002E-12,3.1038E-05,4.1693999999999997E-07,-3.2528E-07
0.88,0,-3.1154E-05,-2.2000000000000002E-13,3.1158E-05,4.1676E-07,-3.2526E-07
0.875,0,-3.1262E-05,3.6000000000000003E-13,3.1174000000000003E-05,4.1679999999999997E-07,-3.252E-07
0.87,0,-3.1086E-05,5E-13,3.116E-05,4.1676E-07,-3.2524E-07
0.865,0,-3.1212E-05,6.2000000000000008E-13,3.1102E-05,4.1674E-07,-3.252E-07
0.86,0,-3.1182E-05,-8.5000000000000011E-13,3.107E-05,4.1676E-07,-3.2522E-07
0.85500000000000009,0,-3.138E-05,7.2000000000000006E-13,3.1104E-05,4.1679999999999997E-07,-3.2528E-07
0.85000000000000009,0,-3.1384E-05,-7.2000000000000006E-13,3.1236000000000004E-05,4.1676E-07,-3.2518E-07
0.84500000000000008,0,-3.1252E-05,-8.2E-13,3.1338000000000004E-05,4.1666E-07,-3.2524E-07
0.84000000000000008,0,-3.13E-05,1.83E-12,3.1244E-05,4.1676E-07,-3.2522E-07
0.83500000000000008,0,-3.1198E-05,-8E-13,3.1144E-05,4.1679999999999997E-07,-3.2522E-07
0.83000000000000007,0,-3.1146E-05,1.0100000000000001E-12,3.1238E-05,4.1682E-07,-3.2514E-07
0.82500000000000007,0,-3.0984E-05,5E-14,3.1142E-05,4.1674E-07,-3.253E-07
0.82000000000000006,0,-3.1258E-05,-8E-13,3.115E-05,4.1688E-07,-3.252E-07
0.81500000000000006,0,-3.0930000000000004E-05,1.6000000000000003E-13,3.1208000000000003E-05,4.1674E-07,-3.2522E-07
0.81,0,-3.1078E-05,-5.3000000000000006E-13,3.099E-05,4.1679999999999997E-07,-3.2526E-07
0.805,0,-3.1292E-05,1.4E-13,3.1086E-05,4.1688E-07,-3.2526E-07
0.8,0,-3.1308E-05,1.12E-12,3.1052E-05,4.1668E-07,-3.2526E-07
0.795,0,-3.1362E-05,-1.3800000000000002E-12,3.094E-05,4.1652E-07,-3.2522E-07
0.79,0,-3.1148E-05,3.1000000000000004E-13,3.1198E-05,4.1672E-07,-3.2526E-07
0.785,0,-3.108E-05,-1.5000000000000002E-13,3.1062E-05,4.1668E-07,-3.2514E-07
0.78,0,-3.1152E-05,-8.1000000000000008E-13,3.1116E-05,4.1669999999999997E-07,-3.252E-07
0.775,0,-3.1324E-05,3.2000000000000005E-13,3.1132E-05,4.1662E-07,-3.2522E-07
0.77,0,-3.1244E-05,3.7000000000000004E-13,3.1242000000000003E-05,4.1678E-07,-3.2528E-07
0.765,0,-3.1306E-05,-1.0500000000000002E-12,3.109E-05,4.1679999999999997E-07,-3.252E-07
0.76,0,-3.1376E-05,1.1500000000000002E-12,3.1014E-05,4.1686E-07,-3.2518E-07
0.755,0,-3.1144E-05,-3.6000000000000003E-13,3.1042E-05,4.1676E-07,-3.2516E-07
0.75,0,-3.1656E-05,-7.8000000000000011E-13,3.141E-05,4.1669999999999997E-07,-3.2522E-07
0.745,0,-3.1496E-05,1.21E-12,3.1402E-05,4.1682E-07,-3.2518E-07
0.74,0,-3.1234E-05,-2.8E-13,3.1312E-05,4.1679999999999997E-07,-3.252E-07
0.735,0,-3.1440000000000004E-05,1.4E-13,3.1268E-05,4.1679999999999997E-07,-3.252E-07
0.73,0,-3.1364E-05,8.300000000000001E-13,3.1212E-05,4.1672E-07,-3.252E-07
0.72500000000000009,0,-3.1738E-05,2.5E-13,3.1386E-05,4.1682E-07,-3.252E-07
0.72000000000000008,0,-3.13E-05,-2.1700000000000002E-12,3.129E-05,4.1674E-07,-3.2518E-07
0.71500000000000008,0,-3.1356E-05,1.93E-12,3.1356E-05,4.1688E-07,-3.2518E-07
0.71000000000000008,0,-3.1582000000000004E-05,-1.91E-12,3.1426E-05,4.1683999999999997E-07,-3.2522E-07
0.70500000000000007,0,-3.1632E-05,-7E-14,3.1448E-05,4.1683999999999997E-07,-3.252E-07
0.70000000000000007,0,-3.1558E-05,1.1900000000000002E-12,3.1388E-05,4.1688E-07,-3.2518E-07
0.69500000000000006,0,-3.1322E-05,-1.4700000000000002E-12,3.139E-05,4.1688E-07,-3.2524E-07
0.69000000000000006,0,-3.1434000000000004E-05,-1.98E-12,3.1526E-05,4.169E-07,-3.2522E-07
0.685,0,-3.1492E-05,2.5600000000000004E-12,3.1386E-05,4.1688E-07,-3.2524E-07
0.68,0,-3.158E-05,-2.6600000000000004E-12,3.1296E-05,4.1676E-07,-3.2518E-07
0.675,0,-3.1494E-05,6.6E-13,3.1354E-05,4.1683999999999997E-07,-3.2522E-07
0.67,0,-3.1522E-05,1.95E-12,3.1356E-05,4.1668E-07,-3.2518E-07
0.665,0,-3.1556E-05,-2.87E-12,3.1402E-05,4.1678E-07,-3.2518E-07
0.66,0,-3.1194E-05,1.6200000000000002E-12,3.1554E-05,4.1676E-07,-3.252E-07
0.655,0,-3.1442E-05,-9.7000000000000011E-13,3.142E-05,4.1679999999999997E-07,-3.2518E-07
0.65,0,-3.1492E-05,-5.9E-13,3.134E-05,4.1688E-07,-3.252E-07
0.645,0,-3.146E-05,2.1000000000000001E-13,3.132E-05,4.169E-07,-3.2518E-07
0.64,0,-3.163E-05,2.06E-12,3.1232E-05,4.17E-07,-3.252E-07
0.635,0,-3.134E-05,-1.86E-12,3.132E-05,4.1676E-07,-3.252E-07
0.63,0,-3.1392E-05,2.0700000000000003E-12,3.1198E-05,4.1686E-07,-3.252E-07
0.625,0,-3.1242000000000003E-05,1.7E-13,3.1092E-05,4.1692E-07,-3.252E-07
0.62,0,-3.1382E-05,-1.7700000000000001E-12,3.1166E-05,4.1696E-07,-3.252E-07
0.615,0,-3.1604000000000004E-05,6.400000000000001E-13,3.1372000000000004E-05,4.1696E-07,-3.2512E-07
0.61,0,-3.1586E-05,5E-13,3.117E-05,4.1696E-07,-3.2518E-07
0.605,0,-3.125E-05,-1.59E-12,3.1344000000000003E-05,4.1686E-07,-3.252E-07
0.6,0,-3.1334E-05,1.41E-12,3.137E-05,4.1679999999999997E-07,-3.2522E-07
0.595,0,-3.1292E-05,1.4E-13,3.1378000000000003E-05,4.1678E-07,-3.252E-07
0.59000000000000008,0,-3.1394E-05,-2.4300000000000003E-12,3.1462E-05,4.1679999999999997E-07,-3.2514E-07
0.58500000000000008,0,-3.1568E-05,1.32E-12,3.1446000000000004E-05,4.1682E-07,-3.2514E-07
0.58000000000000007,0,-3.1534E-05,-5.1E-13,3.1106E-05,4.1683999999999997E-07,-3.2518E-07
0.57500000000000007,0,-3.135E-05,-1.0600000000000001E-12,3.1306E-05,4.1696E-07,-3.2524E-07
0.57000000000000006,0,-3.1276000000000003E-05,1.6E-12,3.1136E-05,4.1686E-07,-3.2518E-07
0.56500000000000006,0,-3.124E-05,-3.0000000000000003E-13,3.1106E-05,4.1686E-07,-3.2518E-07
0.56,0,-3.133E-05,-1.46E-12,3.126E-05,4.1686E-07,-3.252E-07
0.555,0,-3.13E-05,1.93E-12,3.1302E-05,4.169E-07,-3.2528E-07
0.55,0,-3.141E-05,-2.9100000000000003E-12,3.1406000000000004E-05,4.1682E-07,-3.2524E-07
0.545,0,-3.1406000000000004E-05,1.1600000000000001E-12,3.1274E-05,4.1683999999999997E-07,-3.252E-07
0.54,0,-3.1140000000000003E-05,1.4E-13,3.1054E-05,4.1688E-07,-3.2518E-07
0.535,0,-3.1116E-05,-6.6E-13,3.1144E-05,4.1678E-07,-3.2516E-07
0.53,0,-3.1308E-05,7.3E-13,3.1094000000000004E-05,4.1674E-07,-3.2514E-07
0.525,0,-3.1206E-05,4.2000000000000003E-13,3.0932E-05,4.1682E-07,-3.2524E-07
0.52,0,-3.1576000000000004E-05,-1.4400000000000001E-12,3.1514000000000004E-05,4.169E-07,-3.2524E-07
0.515,0,-3.1574E-05,4.3000000000000004E-13,3.1284E-05,4.1686E-07,-3.2518E-07
0.51,0,-3.1596E-05,2.2000000000000002E-13,3.1506E-05,4.169E-07,-3.2518E-07
0.505,0,-3.1452E-05,-1.17E-12,3.1332000000000004E-05,4.169E-07,-3.2518E-07
0.5,0,-3.1466E-05,1E-12,3.1312E-05,4.1682E-07,-3.2514E-07
0.49500000000000005,0,-3.1552E-05,-2.5E-13,3.1474000000000004E-05,4.1686E-07,-3.252E-07
0.49000000000000005,0,-3.1446000000000004E-05,-7.5E-13,3.1212E-05,4.169E-07,-3.2526E-07
0.48500000000000004,0,-3.124E-05,-6.0000000000000007E-13,3.1366000000000004E-05,4.1683999999999997E-07,-3.2512E-07
0.48000000000000004,0,-3.1480000000000004E-05,-4.6000000000000006E-13,3.1502000000000004E-05,4.1682E-07,-3.2516E-07
0.47500000000000003,0,-3.1466E-05,-1.8200000000000003E-12,3.1308E-05,4.1679999999999997E-07,-3.2516E-07
0.47000000000000003,0,-3.1650000000000004E-05,2.09E-12,3.1198E-05,4.1679999999999997E-07,-3.2524E-07
0.465,0,-3.1282E-05,-2.08E-12,3.1456E-05,4.1678E-07,-3.2526E-07
0.46,0,-3.1346E-05,8.6000000000000007E-13,3.1162000000000004E-05,4.1683999999999997E-07,-3.2518E-07
0.455,0,-3.1136E-05,-1.36E-12,3.0924000000000004E-05,4.1686E-07,-3.2524E-07
0.45,0,-3.1178E-05,-1.22E-12,3.104E-05,4.1668E-07,-3.2512E-07
0.445,0,-3.1082E-05,1.2400000000000002E-12,3.0942E-05,4.1669999999999997E-07,-3.2512E-07
0.44,0,-3.1338000000000004E-05,-1.36E-12,3.1128000000000004E-05,4.1674E-07,-3.2514E-07
0.435,0,-3.1284E-05,-1.13E-12,3.1138E-05,4.1679999999999997E-07,-3.252E-07
0.43,0,-3.1222E-05,3.7000000000000004E-13,3.121E-05,4.1692E-07,-3.2528E-07
0.42500000000000004,0,-3.1092E-05,-1.64E-12,3.1172E-05,4.1676E-07,-3.2522E-07
0.42000000000000004,0,-3.124E-05,-1.1000000000000002E-12,3.1016E-05,4.1682E-07,-3.2514E-07
0.41500000000000004,0,-3.1332000000000004E-05,1.3900000000000001E-12,3.1122E-05,4.1676E-07,-3.2518E-07
0.41000000000000003,0,-3.1278E-05,-1.85E-12,3.119E-05,4.1686E-07,-3.2524E-07
0.405,0,-3.1126E-05,-4.1E-13,3.1114E-05,4.1682E-07,-3.252E-07
0.4,0,-3.1034E-05,1.5700000000000002E-12,3.1218E-05,4.1674E-07,-3.2518E-07
0.395,0,-3.128E-05,-2.1000000000000003E-12,3.1044E-05,4.1682E-07,-3.2524E-07
0.39,0,-3.1216E-05,9.6000000000000015E-13,3.1202000000000004E-05,4.1678E-07,-3.2514E-07
0.385,0,-3.1E-05,3.5E-13,3.1162000000000004E-05,4.1688E-07,-3.252E-07
0.38,0,-3.1238E-05,-1.8900000000000002E-12,3.1302E-05,4.1679999999999997E-07,-3.2526E-07
0.375,0,-3.1466E-05,6.6E-13,3.1114E-05,4.1686E-07,-3.2526E-07
0.37,0,-3.1128000000000004E-05,9.0000000000000008E-14,3.1046E-05,4.1682E-07,-3.2526E-07
0.365,0,-3.1474000000000004E-05,-1.59E-12,3.1148E-05,4.1683999999999997E-07,-3.2508E-07
0.36000000000000004,0,-3.1158E-05,9.3E-13,3.1114E-05,4.1679999999999997E-07,-3.2522E-07
0.35500000000000004,0,-3.122E-05,3.9000000000000005E-13,3.1148E-05,4.1676E-07,-3.2526E-07
0.35000000000000003,0,-3.1382E-05,-2.59E-12,3.1214E-05,4.1693999999999997E-07,-3.252E-07
0.34500000000000003,0,-3.1394E-05,1.31E-12,3.1128000000000004E-05,4.1682E-07,-3.2522E-07
0.34,0,-3.1286E-05,-2.8E-13,3.1082E-05,4.1692E-07,-3.2518E-07
0.335,0,-3.1324E-05,-1.7000000000000002E-12,3.1026000000000004E-05,4.1678E-07,-3.2526E-07
0.33,0,-3.1154E-05,1.85E-12,3.0998000000000004E-05,4.1686E-07,-3.2526E-07
0.325,0,-3.121E-05,-9.8E-13,3.1122E-05,4.1678E-07,-3.2526E-07
0.32,0,-3.1198E-05,-1.51E-12,3.1106E-05,4.1683999999999997E-07,-3.2514E-07
0.315,0,-3.1322E-05,8.5000000000000011E-13,3.1076E-05,4.1674E-07,-3.2514E-07
0.31,0,-3.125E-05,-3.7000000000000004E-13,3.1214E-05,4.1668E-07,-3.2518E-07
0.305,0,-3.116E-05,-1.9900000000000002E-12,3.1302E-05,4.1672E-07,-3.2508E-07
0.3,0,-3.1316E-05,2.41E-12,3.1044E-05,4.1676E-07,-3.251E-07
0.29500000000000004,0,-3.1316E-05,-1.93E-12,3.1118E-05,4.1668E-07,-3.2512E-07
0.29000000000000004,0,-3.1406000000000004E-05,-1.14E-12,3.1270000000000004E-05,4.1676E-07,-3.2516E-07
0.28500000000000003,0,-3.0934E-05,2.2000000000000003E-12,3.1148E-05,4.1668E-07,-3.2514E-07
0.28,0,-3.124E-05,-2.4300000000000003E-12,3.1266E-05,4.1679999999999997E-07,-3.2508E-07
0.275,0,-3.116E-05,1.4E-13,3.1206E-05,4.1679999999999997E-07,-3.2514E-07
0.27,0,-3.1104E-05,4E-13,3.1166E-05,4.1668E-07,-3.2512E-07
0.265,0,-3.1086E-05,-1.3000000000000001E-12,3.121E-05,4.1668E-07,-3.2504E-07
0.26,0,-3.1294E-05,-3.4E-13,3.0974E-05,4.1682E-07,-3.2518E-07
0.255,0,-3.1076E-05,1E-12,3.0974E-05,4.1676E-07,-3.2518E-07
0.25,0,-3.1434000000000004E-05,-1.85E-12,3.1166E-05,4.1682E-07,-3.2514E-07
0.24500000000000002,0,-3.1284E-05,2.5E-13,3.1112E-05,4.1686E-07,-3.2516E-07
0.24000000000000002,0,-3.1140000000000003E-05,3.1000000000000004E-13,3.1318E-05,4.1686E-07,-3.2518E-07
0.23500000000000001,0,-3.1324E-05,-1.23E-12,3.1236000000000004E-05,4.1674E-07,-3.2512E-07
0.23,0,-3.122E-05,7.6000000000000009E-13,3.1E-05,4.1683999999999997E-07,-3.2514E-07
0.225,0,-3.1188E-05,9.8E-13,3.0934E-05,4.1669999999999997E-07,-3.2524E-07
0.22,0,-3.129E-05,-1.83E-12,3.1318E-05,4.1682E-07,-3.2512E-07
0.215,0,-3.1206E-05,-5E-14,3.1196000000000004E-05,4.1682E-07,-3.2514E-07
0.21000000000000002,0,-3.1374E-05,2.3000000000000003E-13,3.1E-05,4.1704E-07,-3.253E-07
0.20500000000000002,0,-3.1166E-05,-2.85E-12,3.1042E-05,4.1692E-07,-3.2524E-07
0.2,0,-3.1270000000000004E-05,1.09E-12,3.1142E-05,4.1692E-07,-3.2524E-07
0.195,0,-3.1204E-05,-1.41E-12,3.0872E-05,4.1697999999999997E-07,-3.252E-07
0.19,0,-3.118E-05,8.9E-13,3.1278E-05,4.1679999999999997E-07,-3.2518E-07
0.185,0,-3.097E-05,-4.8000000000000008E-13,3.1054E-05,4.1674E-07,-3.2514E-07
0.18000000000000002,0,-3.1178E-05,-1.18E-12,3.1018E-05,4.1686E-07,-3.2518E-07
0.17500000000000002,0,-3.1264000000000004E-05,-4.2000000000000003E-13,3.0952E-05,4.1688E-07,-3.2518E-07
0.17,0,-3.1014E-05,4.6000000000000006E-13,3.1016E-05,4.1676E-07,-3.2522E-07
0.165,0,-3.135E-05,-1.2900000000000002E-12,3.1078E-05,4.1682E-07,-3.2514E-07
0.16,0,-3.1244E-05,2.8E-13,3.1008E-05,4.1688E-07,-3.252E-07
0.155,0,-3.1206E-05,3.2000000000000005E-13,3.1014E-05,4.1674E-07,-3.2516E-07
0.15,0,-3.1158E-05,-1.41E-12,3.0994E-05,4.1682E-07,-3.2514E-07
0.14500000000000002,0,-3.1376E-05,5E-13,3.1122E-05,4.1686E-07,-3.2518E-07
0.14,0,-3.1268E-05,-1E-12,3.1422E-05,4.1674E-07,-3.2524E-07
0.135,0,-3.13E-05,-2.7E-13,3.1182E-05,4.1669999999999997E-07,-3.252E-07
0.13,0,-3.1426E-05,3.8000000000000005E-13,3.1118E-05,4.1679999999999997E-07,-3.252E-07
0.125,0,-3.1196000000000004E-05,-1.0500000000000002E-12,3.1194E-05,4.1678E-07,-3.2522E-07
0.12000000000000001,0,-3.1198E-05,-1.1100000000000001E-12,3.09E-05,4.1682E-07,-3.2518E-07
0.115,0,-3.1092E-05,-5.3000000000000006E-13,3.1004E-05,4.1697999999999997E-07,-3.252E-07
0.11,0,-3.1124E-05,-1.4200000000000002E-12,3.0872E-05,4.1688E-07,-3.2512E-07
0.10500000000000001,0,-3.113E-05,3.8000000000000005E-13,3.1118E-05,4.1683999999999997E-07,-3.2512E-07
0.1,0,-3.1044E-05,-5.6E-13,3.1068E-05,4.1692E-07,-3.2512E-07
0.095,0,-3.1012E-05,-6.7000000000000007E-13,3.0922E-05,4.1697999999999997E-07,-3.2514E-07
0.090000000000000011,0,-3.1148E-05,1E-13,3.1014E-05,4.1693999999999997E-07,-3.2518E-07
0.085,0,-3.0994E-05,6.9000000000000009E-13,3.0986E-05,4.1686E-07,-3.252E-07
0.08,0,-3.1058E-05,-2.69E-12,3.1E-05,4.1693999999999997E-07,-3.2522E-07
0.075,0,-3.1034E-05,1.1000000000000001E-13,3.0832E-05,4.1688E-07,-3.2514E-07
0.07,0,-3.1098E-05,-1.7E-13,3.1066000000000004E-05,4.1693999999999997E-07,-3.2514E-07
0.065,0,-3.1288E-05,-2.23E-12,3.1168000000000004E-05,4.1692E-07,-3.2524E-07
0.060000000000000005,0,-3.1422E-05,1.2500000000000001E-12,3.1258E-05,4.1686E-07,-3.2518E-07
0.055,0,-3.1452E-05,-2.5E-13,3.125E-05,4.1682E-07,-3.2516E-07
0.05,0,-3.1394E-05,-2.7000000000000002E-12,3.1266E-05,4.1688E-07,-3.2524E-07
0.045000000000000005,0,-3.1474000000000004E-05,1.07E-12,3.1624E-05,4.1686E-07,-3.2518E-07
0.04,0,-3.1404E-05,-9.4E-13,3.1316E-05,4.1693999999999997E-07,-3.2518E-07
0.035,0,-3.1292E-05,-2.0700000000000003E-12,3.1458E-05,4.1704E-07,-3.252E-07
0.030000000000000002,0,-3.121E-05,2.4300000000000003E-12,3.1272E-05,4.1706E-07,-3.253E-07
0.025,0,-3.1388E-05,-1.4300000000000002E-12,3.1238E-05,4.1682E-07,-3.2514E-07
0.02,0,-3.1144E-05,-3.9000000000000005E-13,3.1314E-05,4.1697999999999997E-07,-3.2514E-07
0.015000000000000001,0,-3.1298000000000004E-05,-1.0000000000000002E-14,3.1234E-05,4.1679999999999997E-07,-3.252E-07
0.01,0,-3.1270000000000004E-05,-9.000000000000001E-13,3.1176E-05,4.1686E-07,-3.2516E-07
0.005,0,-3.118E-05,-2.6600000000000004E-12,3.1062E-05,4.1686E-07,-3.252E-07
0,0,-3.1248E-05,1.7100000000000002E-12,3.1254E-05,4.1704E-07,-3.2522E-07
1.2,0.15,-6.4418000000000007E-06,2.8E-13,6.3607000000000008E-06,3.7897999999999997E-07,-3.252E-07
1.195,0.15,-6.3758000000000009E-06,1.13E-12,6.3703000000000007E-06,3.7894E-07,-3.2522E-07
1.19,0.15,-6.445400000000001E-06,3.2000000000000005E-13,6.3494000000000006E-06,3.7896E-07,-3.2518E-07
1.185,0.15,-6.4772000000000004E-06,2.0700000000000003E-12,6.3849000000000005E-06,3.7868E-07,-3.2518E-07
1.1800000000000002,0.15,-6.4275000000000007E-06,3.8000000000000005E-13,6.3334000000000011E-06,3.7883999999999997E-07,-3.252E-07
1.175,0.15,-6.428400000000001E-06,8E-13,6.3709E-06,3.7888E-07,-3.2522E-07
1.1700000000000002,0.15,-6.4308E-06,2.1500000000000003E-12,6.4151000000000006E-06,3.788E-07,-3.252E-07
1.165,0.15,-6.4328000000000005E-06,-1E-13,6.4009000000000008E-06,3.7883999999999997E-07,-3.2524E-07
1.1600000000000001,0.15,-6.4646000000000008E-06,2.23E-12,6.3951000000000008E-06,3.7886E-07,-3.2524E-07
1.155,0.15,-6.4611000000000007E-06,5.3000000000000006E-13,6.3685000000000009E-06,3.789E-07,-3.2516E-07
1.1500000000000001,0.15,-6.4418000000000007E-06,2.4000000000000004E-13,6.4092E-06,3.7886E-07,-3.2518E-07
1.145,0.15,-6.445800000000001E-06,1.9E-12,6.3909000000000009E-06,3.7869999999999997E-07,-3.2514E-07
1.1400000000000001,0.15,-6.4700000000000007E-06,4.2000000000000003E-13,6.4042000000000004E-06,3.7876E-07,-3.2526E-07
1.135,0.15,-6.4642000000000007E-06,3.4E-13,6.4105000000000007E-06,3.7878E-07,-3.2526E-07
1.1300000000000001,0.15,-6.4329000000000007E-06,2.08E-12,6.411800000000001E-06,3.7883999999999997E-07,-3.253E-07
1.125,0.15,-6.4042000000000004E-06,-1.4900000000000001E-12,6.3560000000000006E-06,3.7883999999999997E-07,-3.2516E-07
1.12,0.15,-6.3816000000000009E-06,2.4800000000000003E-12,6.3601E-06,3.7883999999999997E-07,-3.2522E-07
1.115,0.15,-6.4053E-06,-1.1100000000000001E-12,6.3471000000000006E-06,3.7878E-07,-3.2518E-07
1.11,0.15,-6.389400000000001E-06,7.4000000000000008E-13,6.3649000000000007E-06,3.788E-07,-3.2522E-07
1.105,0.15,-6.3865000000000006E-06,4.2000000000000003E-13,6.334900000000001E-06,3.7874E-07,-3.2516E-07
1.1,0.15,-6.3957000000000004E-06,7E-14,6.3302000000000008E-06,3.7886E-07,-3.2516E-07
1.095,0.15,-6.3758000000000009E-06,5.6E-13,6.3293000000000005E-06,3.7886E-07,-3.252E-07
1.09,0.15,-6.3663E-06,1.37E-12,6.3521000000000006E-06,3.788E-07,-3.2526E-07
1.085,0.15,-6.3946000000000006E-06,-1.8000000000000002E-13,6.3274000000000006E-06,3.7878E-07,-3.252E-07
1.08,0.15,-6.3842000000000006E-06,1.6100000000000002E-12,6.3377E-06,3.7878E-07,-3.2518E-07
1.075,0.15,-6.3962000000000007E-06,-1.13E-12,6.3032000000000009E-06,3.7886E-07,-3.252E-07
1.07,0.15,-6.3848E-06,1.65E-12,6.3346E-06,3.7874E-07,-3.2524E-07
1.065,0.15,-6.377400000000001E-06,-6.1E-13,6.3085000000000007E-06,3.7872E-07,-3.252E-07
1.06,0.15,-6.3776000000000006E-06,4.0000000000000006E-14,6.3486000000000005E-06,3.7874E-07,-3.2514E-07
1.0550000000000002,0.15,-6.3760000000000004E-06,2.5E-13,6.3281000000000004E-06,3.788E-07,-3.2514E-07
1.05,0.15,-6.3663E-06,-4.5000000000000005E-13,6.2987E-06,3.7878E-07,-3.251E-07
1.0450000000000002,0.15,-6.391E-06,4.5000000000000005E-13,6.361200000000001E-06,3.7886E-07,-3.252E-07
1.04,0.15,-6.4066000000000006E-06,-1.6000000000000003E-13,6.3611000000000008E-06,3.7882E-07,-3.2524E-07
1.0350000000000001,0.15,-6.4095000000000011E-06,2.8E-13,6.3497E-06,3.7886E-07,-3.252E-07
1.03,0.15,-6.4038E-06,1.13E-12,6.329500000000001E-06,3.7883999999999997E-07,-3.2526E-07
1.0250000000000001,0.15,-6.3876000000000005E-06,-1.22E-12,6.3509000000000005E-06,3.789E-07,-3.2518E-07
1.02,0.15,-6.3967000000000009E-06,1.37E-12,6.3176E-06,3.7878E-07,-3.2524E-07
1.0150000000000001,0.15,-6.3904000000000007E-06,5.2E-13,6.3293000000000005E-06,3.788E-07,-3.2518E-07
1.01,0.15,-6.3773000000000008E-06,-2.0200000000000003E-12,6.3582E-06,3.788E-07,-3.2518E-07
1.0050000000000001,0.15,-6.4126E-06,1.74E-12,6.3282000000000007E-06,3.788E-07,-3.2514E-07
1,0.15,-6.3959000000000009E-06,-1.9400000000000002E-12,6.3634000000000008E-06,3.788E-07,-3.252E-07
0.995,0.15,-6.3750000000000008E-06,-4.5000000000000005E-13,6.3542000000000009E-06,3.7878E-07,-3.252E-07
0.9900000000000001,0.15,-6.3882000000000009E-06,8.7E-13,6.3135000000000006E-06,3.788E-07,-3.2514E-07
0.9850000000000001,0.15,-6.3858000000000008E-06,-7.8000000000000011E-13,6.3247000000000006E-06,3.7878E-07,-3.2524E-07
0.98000000000000009,0.15,-6.386E-06,6.0000000000000007E-13,6.3108000000000006E-06,3.7883999999999997E-07,-3.2518E-07
0.97500000000000009,0.15,-6.3780000000000006E-06,1.6300000000000001E-12,6.3563000000000005E-06,3.7882E-07,-3.2514E-07
0.97000000000000008,0.15,-6.4243000000000005E-06,-1.3800000000000002E-12,6.3659E-06,3.7883999999999997E-07,-3.2516E-07
0.96500000000000008,0.15,-6.3893000000000008E-06,2.3500000000000003E-12,6.3627000000000009E-06,3.7886E-07,-3.252E-07
0.96000000000000008,0.15,-6.3812000000000008E-06,-5.4E-13,6.326800000000001E-06,3.7886E-07,-3.2518E-07
0.95500000000000007,0.15,-6.3954000000000006E-06,2.2000000000000002E-13,6.3399000000000009E-06,3.7888E-07,-3.2522E-07
0.95000000000000007,0.15,-6.4003E-06,1.14E-12,6.3542000000000009E-06,3.788E-07,-3.2512E-07
0.94500000000000006,0.15,-6.4023000000000005E-06,-2.1200000000000003E-12,6.3414000000000008E-06,3.7897999999999997E-07,-3.2522E-07
0.94000000000000006,0.15,-6.3906E-06,-9.5E-13,6.3638000000000008E-06,3.7897999999999997E-07,-3.2524E-07
0.935,0.15,-6.4270000000000005E-06,7.8000000000000011E-13,6.3256000000000009E-06,3.7897999999999997E-07,-3.2518E-07
0.93,0.15,-6.3956E-06,-2.3500000000000003E-12,6.3221000000000008E-06,3.7896E-07,-3.2522E-07
0.925,0.15,-6.4015000000000005E-06,2.2500000000000003E-12,6.3592000000000009E-06,3.7883999999999997E-07,-3.2526E-07
0.92,0.15,-6.3718000000000006E-06,-1.8400000000000002E-12,6.329900000000001E-06,3.7883999999999997E-07,-3.252E-07
0.915,0.15,-6.3785000000000008E-06,-9.5E-13,6.3626000000000007E-06,3.7883999999999997E-07,-3.252E-07
0.91,0.15,-6.3673000000000009E-06,1.6200000000000002E-12,6.318300000000001E-06,3.789E-07,-3.253E-07
0.905,0.15,-6.3900000000000007E-06,-1.7500000000000002E-12,6.312500000000001E-06,3.788E-07,-3.2518E-07
0.9,0.15,-6.3920000000000008E-06,1.5E-12,6.3566E-06,3.7882E-07,-3.2514E-07
0.895,0.15,-6.4020000000000007E-06,-1.22E-12,6.3481E-06,3.7886E-07,-3.2524E-07
0.89,0.15,-6.441900000000001E-06,-1.26E-12,6.3630000000000007E-06,3.7896E-07,-3.2526E-07
0.885,0.15,-6.3903000000000005E-06,1.73E-12,6.3403000000000009E-06,3.789E-07,-3.2522E-07
0.88,0.15,-6.4210000000000009E-06,-2.0500000000000004E-12,6.346100000000001E-06,3.789E-07,-3.2522E-07
0.875,0.15,-6.4267000000000007E-06,-8.9E-13,6.3528E-06,3.7878E-07,-3.2524E-07
0.87,0.15,-6.4031000000000006E-06,7.7000000000000005E-13,6.355800000000001E-06,3.7897999999999997E-07,-3.252E-07
0.865,0.15,-6.3824000000000009E-06,-1.51E-12,6.3302000000000008E-06,3.788E-07,-3.2528E-07
0.86,0.15,-6.3876000000000005E-06,1.8900000000000002E-12,6.3348000000000007E-06,3.7876E-07,-3.2526E-07
0.85500000000000009,0.15,-6.4159000000000007E-06,-1.41E-12,6.3309000000000007E-06,3.7872E-07,-3.2524E-07
0.85000000000000009,0.15,-6.4225000000000008E-06,-3.1000000000000004E-13,6.3448000000000006E-06,3.7872E-07,-3.2524E-07
0.84500000000000008,0.15,-6.3870000000000009E-06,9.6000000000000015E-13,6.3694E-06,3.7872E-07,-3.2516E-07
0.84000000000000008,0.15,-6.4175000000000008E-06,-9.6000000000000015E-13,6.3414000000000008E-06,3.7886E-07,-3.2524E-07
0.83500000000000008,0.15,-6.4687000000000004E-06,1.5E-12,6.3915000000000006E-06,3.7872E-07,-3.2512E-07
0.83000000000000007,0.15,-6.4399000000000008E-06,5.3000000000000006E-13,6.3829E-06,3.7872E-07,-3.252E-07
0.82500000000000007,0.15,-6.451600000000001E-06,-1.7700000000000001E-12,6.3893000000000008E-06,3.7872E-07,-3.2512E-07
0.82000000000000006,0.15,-6.4352000000000007E-06,1.5600000000000002E-12,6.3949E-06,3.7868E-07,-3.2514E-07
0.81500000000000006,0.15,-6.4514000000000006E-06,-1.2900000000000002E-12,6.3987E-06,3.7869999999999997E-07,-3.2518E-07
0.81,0.15,-6.4383000000000007E-06,-2.5E-13,6.364E-06,3.7874E-07,-3.2512E-07
0.805,0.15,-6.4569000000000008E-06,-5E-14,6.405600000000001E-06,3.7866E-07,-3.2516E-07
0.8,0.15,-6.4352000000000007E-06,-6.400000000000001E-13,6.389400000000001E-06,3.7872E-07,-3.2518E-07
0.795,0.15,-6.4243000000000005E-06,-9.3E-13,6.4038E-06,3.7866E-07,-3.2512E-07
0.79,0.15,-6.4351000000000004E-06,2E-13,6.3849000000000005E-06,3.7862E-07,-3.2506E-07
0.785,0.15,-6.4436000000000004E-06,-1.27E-12,6.3769000000000007E-06,3.7868E-07,-3.2514E-07
0.78,0.15,-6.4571E-06,1.1900000000000002E-12,6.374700000000001E-06,3.7868E-07,-3.2518E-07
0.775,0.15,-6.4632000000000011E-06,-9.000000000000001E-13,6.4120000000000006E-06,3.7866E-07,-3.2508E-07
0.77,0.15,-6.471E-06,9.4E-13,6.4352000000000007E-06,3.7868E-07,-3.2512E-07
0.765,0.15,-6.4531000000000009E-06,-8.2E-13,6.4131000000000005E-06,3.7868E-07,-3.2516E-07
0.76,0.15,-6.4835000000000007E-06,1.1000000000000001E-13,6.4072E-06,3.7872E-07,-3.2518E-07
0.755,0.15,-6.4531000000000009E-06,-3.6000000000000003E-13,6.4052000000000009E-06,3.7874E-07,-3.2512E-07
0.75,0.15,-6.4296E-06,-6.0000000000000009E-14,6.3897000000000008E-06,3.7868E-07,-3.2512E-07
0.745,0.15,-6.4478E-06,-3.4E-13,6.3981000000000006E-06,3.7864E-07,-3.2516E-07
0.74,0.15,-6.447E-06,-9.0000000000000008E-14,6.3770000000000009E-06,3.7866E-07,-3.2514E-07
0.735,0.15,-6.4329000000000007E-06,-1.3800000000000002E-12,6.385500000000001E-06,3.7876E-07,-3.2518E-07
0.73,0.15,-6.4157E-06,7.3E-13,6.4086000000000008E-06,3.7874E-07,-3.2516E-07
0.72500000000000009,0.15,-6.4231E-06,-1.3500000000000001E-12,6.3742000000000007E-06,3.788E-07,-3.2514E-07
0.72000000000000008,0.15,-6.448100000000001E-06,1.4900000000000001E-12,6.3902E-06,3.7874E-07,-3.2518E-07
0.71500000000000008,0.15,-6.4202000000000008E-06,1.2000000000000002E-13,6.3732E-06,3.7868E-07,-3.2524E-07
0.71000000000000008,0.15,-6.4190000000000007E-06,-1.2400000000000002E-12,6.4051000000000007E-06,3.788E-07,-3.2518E-07
0.70500000000000007,0.15,-6.4289E-06,2.36E-12,6.3382000000000006E-06,3.7888E-07,-3.252E-07
0.70000000000000007,0.15,-6.369700000000001E-06,-1.4E-13,6.3593E-06,3.7874E-07,-3.2514E-07
0.69500000000000006,0.15,-6.3891E-06,-4.3000000000000004E-13,6.334900000000001E-06,3.7869999999999997E-07,-3.2516E-07
0.69000000000000006,0.15,-6.398E-06,1.12E-12,6.3548000000000006E-06,3.7878E-07,-3.2518E-07
0.685,0.15,-6.4281E-06,-2.6100000000000004E-12,6.375500000000001E-06,3.7874E-07,-3.2514E-07
0.68,0.15,-6.3845000000000005E-06,8.9E-13,6.3178000000000007E-06,3.7888E-07,-3.251E-07
0.675,0.15,-6.409100000000001E-06,1.6000000000000003E-13,6.3355000000000006E-06,3.788E-07,-3.2518E-07
0.67,0.15,-6.3914E-06,-2.19E-12,6.3426000000000009E-06,3.7868E-07,-3.2512E-07
0.665,0.15,-6.3992000000000005E-06,1.2900000000000002E-12,6.311E-06,3.7883999999999997E-07,-3.2518E-07
0.66,0.15,-6.374700000000001E-06,-2.1000000000000003E-12,6.3275000000000008E-06,3.7883999999999997E-07,-3.2516E-07
0.655,0.15,-6.3725E-06,4E-13,6.3566E-06,3.7883999999999997E-07,-3.2514E-07
0.65,0.15,-6.3898000000000011E-06,4.8000000000000008E-13,6.3275000000000008E-06,3.8E-07,-3.2506E-07
0.645,0.15,-6.3993000000000007E-06,-1.83E-12,6.3422000000000009E-06,3.8004E-07,-3.2514E-07
0.64,0.15,-6.360800000000001E-06,9.4E-13,6.3619000000000009E-06,3.7883999999999997E-07,-3.2512E-07
0.635,0.15,-6.4097000000000007E-06,6.5000000000000006E-13,6.3285000000000005E-06,3.7876E-07,-3.2514E-07
0.63,0.15,-6.405600000000001E-06,-1.9400000000000002E-12,6.323E-06,3.7888E-07,-3.2516E-07
0.625,0.15,-6.3906E-06,1.69E-12,6.343800000000001E-06,3.7874E-07,-3.2516E-07
0.62,0.15,-6.4028000000000008E-06,-2.5800000000000003E-12,6.3480000000000009E-06,3.788E-07,-3.2508E-07
0.615,0.15,-6.3925000000000011E-06,5.6E-13,6.3287000000000009E-06,3.7883999999999997E-07,-3.2506E-07
0.61,0.15,-6.3858000000000008E-06,-1.1000000000000001E-13,6.3629000000000005E-06,3.7872E-07,-3.2506E-07
0.605,0.15,-6.4355000000000005E-06,-4.5000000000000005E-13,6.3054000000000006E-06,3.7878E-07,-3.2512E-07
0.6,0.15,-6.3665000000000008E-06,2.6E-13,6.3228000000000007E-06,3.7876E-07,-3.2516E-07
0.595,0.15,-6.4024000000000007E-06,-1.0000000000000002E-14,6.3691000000000006E-06,3.7878E-07,-3.2512E-07
0.59000000000000008,0.15,-6.3794E-06,-8.7E-13,6.316000000000001E-06,3.7876E-07,-3.2514E-07
0.58500000000000008,0.15,-6.4015000000000005E-06,1.8900000000000002E-12,6.3314000000000009E-06,3.7882E-07,-3.252E-07
0.58000000000000007,0.15,-6.394400000000001E-06,-1.7500000000000002E-12,6.3607000000000008E-06,3.7882E-07,-3.252E-07
0.57500000000000007,0.15,-6.3882000000000009E-06,9.2000000000000012E-13,6.3327E-06,3.7888E-07,-3.2526E-07
0.57000000000000006,0.15,-6.386E-06,-7.7000000000000005E-13,6.3100000000000006E-06,3.789E-07,-3.2524E-07
0.56500000000000006,0.15,-6.4135000000000005E-06,-1.0100000000000001E-12,6.3667E-06,3.7896E-07,-3.2518E-07
0.56,0.15,-6.4123E-06,1.0500000000000002E-12,6.3263000000000007E-06,3.7883999999999997E-07,-3.252E-07
0.555,0.15,-6.3723000000000008E-06,-1.13E-12,6.3365E-06,3.789E-07,-3.2516E-07
0.55,0.15,-6.3659E-06,-1.0600000000000001E-12,6.3311E-06,3.7894E-07,-3.2522E-07
0.545,0.15,-6.4247000000000005E-06,8.7E-13,6.3429000000000007E-06,3.7892E-07,-3.2524E-07
0.54,0.15,-6.398E-06,-2.36E-12,6.3462E-06,3.7896E-07,-3.2518E-07
0.535,0.15,-6.3985000000000007E-06,1.4200000000000002E-12,6.3672000000000006E-06,3.7888E-07,-3.2516E-07
0.53,0.15,-6.3839000000000008E-06,4.7E-13,6.3231000000000005E-06,3.788E-07,-3.252E-07
0.525,0.15,-6.3957000000000004E-06,-2.3800000000000004E-12,6.34E-06,3.7874E-07,-3.2518E-07
0.52,0.15,-6.3903000000000005E-06,2.11E-12,6.3371000000000007E-06,3.788E-07,-3.2516E-07
0.515,0.15,-6.4068000000000011E-06,-1.31E-12,6.340700000000001E-06,3.7864E-07,-3.2518E-07
0.51,0.15,-6.4303000000000009E-06,1.5000000000000002E-13,6.3392E-06,3.7872E-07,-3.2514E-07
0.505,0.15,-6.3932000000000009E-06,8.2E-13,6.3660000000000005E-06,3.7872E-07,-3.2514E-07
0.5,0.15,-6.4076E-06,-1.27E-12,6.3501E-06,3.7869999999999997E-07,-3.2512E-07
0.49500000000000005,0.15,-6.3750000000000008E-06,1.5000000000000002E-13,6.338800000000001E-06,3.7878E-07,-3.2512E-07
0.49000000000000005,0.15,-6.4011000000000004E-06,2.8E-13,6.3331E-06,3.788E-07,-3.2526E-07
0.48500000000000004,0.15,-6.4100000000000005E-06,-2.11E-12,6.3341000000000009E-06,3.7883999999999997E-07,-3.252E-07
0.48000000000000004,0.15,-6.3965000000000005E-06,1.4E-12,6.3580000000000008E-06,3.7878E-07,-3.2512E-07
0.47500000000000003,0.15,-6.4008000000000006E-06,-2.01E-12,6.3429000000000007E-06,3.7872E-07,-3.2518E-07
0.47000000000000003,0.15,-6.3708000000000009E-06,9.5E-13,6.3239000000000006E-06,3.7872E-07,-3.2508E-07
0.465,0.15,-6.4018E-06,-3.0000000000000003E-13,6.3536000000000005E-06,3.786E-07,-3.251E-07
0.46,0.15,-6.452E-06,-2.3000000000000003E-13,6.3935000000000007E-06,3.7872E-07,-3.2512E-07
0.455,0.15,-6.4542000000000008E-06,-1.9000000000000002E-13,6.3795000000000005E-06,3.788E-07,-3.252E-07
0.45,0.15,-6.4480000000000008E-06,1.3E-13,6.3997000000000007E-06,3.7868E-07,-3.2512E-07
0.445,0.15,-6.4425000000000006E-06,-1.21E-12,6.3490000000000005E-06,3.7874E-07,-3.252E-07
0.44,0.15,-6.3949E-06,-3.0000000000000003E-13,6.3435E-06,3.7878E-07,-3.2514E-07
0.435,0.15,-6.4019000000000005E-06,-1.7000000000000002E-12,6.3386000000000006E-06,3.7868E-07,-3.251E-07
0.43,0.15,-6.3883E-06,9.7000000000000011E-13,6.3337000000000009E-06,3.788E-07,-3.2518E-07
0.42500000000000004,0.15,-6.386700000000001E-06,-1E-12,6.3436000000000006E-06,3.7866E-07,-3.2516E-07
0.42000000000000004,0.15,-6.3715000000000007E-06,2.2000000000000002E-13,6.2998E-06,3.7874E-07,-3.2512E-07
0.41500000000000004,0.15,-6.394000000000001E-06,-1.1100000000000001E-12,6.3582E-06,3.7868E-07,-3.2514E-07
0.41000000000000003,0.15,-6.4177E-06,-9.3E-13,6.3462E-06,3.7869999999999997E-07,-3.2514E-07
0.405,0.15,-6.4242E-06,1.12E-12,6.3653000000000007E-06,3.7878E-07,-3.252E-07
0.4,0.15,-6.4733E-06,-3.4E-13,6.4221000000000007E-06,3.7872E-07,-3.251E-07
0.395,0.15,-6.4173E-06,-7.3E-13,6.3775E-06,3.7866E-07,-3.251E-07
0.39,0.15,-6.4876E-06,3.2000000000000005E-13,6.3898000000000011E-06,3.7882E-07,-3.2512E-07
0.385,0.15,-6.4531000000000009E-06,-1.1900000000000002E-12,6.4057E-06,3.7866E-07,-3.2514E-07
0.38,0.15,-6.476700000000001E-06,4.6000000000000006E-13,6.3920000000000008E-06,3.7869999999999997E-07,-3.2508E-07
0.375,0.15,-6.4851000000000008E-06,-1.17E-12,6.4062000000000006E-06,3.786E-07,-3.2514E-07
0.37,0.15,-6.4809000000000009E-06,-1.7700000000000001E-12,6.4194000000000007E-06,3.7878E-07,-3.2514E-07
0.365,0.15,-6.4117000000000008E-06,-3.7000000000000004E-13,6.3776000000000006E-06,3.7872E-07,-3.251E-07
0.36000000000000004,0.15,-6.4378000000000004E-06,-1.5200000000000002E-12,6.380100000000001E-06,3.7872E-07,-3.2514E-07
0.35500000000000004,0.15,-6.4412E-06,-7.4000000000000008E-13,6.3904000000000007E-06,3.7872E-07,-3.2512E-07
0.35000000000000003,0.15,-6.4411000000000009E-06,4.4000000000000004E-13,6.372000000000001E-06,3.7878E-07,-3.2516E-07
0.34500000000000003,0.15,-6.441900000000001E-06,-2.21E-12,6.4098000000000009E-06,3.7878E-07,-3.2514E-07
0.34,0.15,-6.4183000000000009E-06,1.2900000000000002E-12,6.4128000000000007E-06,3.7878E-07,-3.2514E-07
0.335,0.15,-6.4289E-06,-1.5000000000000002E-13,6.3933E-06,3.7874E-07,-3.2514E-07
0.33,0.15,-6.4216000000000005E-06,-6.7000000000000007E-13,6.3574E-06,3.7868E-07,-3.252E-07
0.325,0.15,-6.431900000000001E-06,1.22E-12,6.4296E-06,3.7878E-07,-3.2514E-07
0.32,0.15,-6.4691000000000005E-06,-1.6100000000000002E-12,6.3534000000000009E-06,3.7866E-07,-3.2506E-07
0.315,0.15,-6.4411000000000009E-06,6.0000000000000009E-14,6.4352000000000007E-06,3.7862E-07,-3.2508E-07
0.31,0.15,-6.4254E-06,-3.2000000000000005E-13,6.3947000000000008E-06,3.7872E-07,-3.2514E-07
0.305,0.15,-6.441900000000001E-06,-2E-12,6.3766000000000009E-06,3.7868E-07,-3.2508E-07
0.3,0.15,-6.4524E-06,7.2000000000000006E-13,6.3936000000000009E-06,3.7868E-07,-3.251E-07
0.29500000000000004,0.15,-6.4237000000000009E-06,-1.03E-12,6.3725E-06,3.7864E-07,-3.2502E-07
0.29000000000000004,0.15,-6.4295000000000009E-06,-9.000000000000001E-13,6.4143000000000006E-06,3.7869999999999997E-07,-3.2518E-07
0.28500000000000003,0.15,-6.4469000000000009E-06,1.5400000000000001E-12,6.3899000000000004E-06,3.7864E-07,-3.2514E-07
0.28,0.15,-6.4483000000000006E-06,-2.2000000000000003E-12,6.3448000000000006E-06,3.7876E-07,-3.2512E-07
0.275,0.15,-6.4443E-06,1.64E-12,6.374700000000001E-06,3.7872E-07,-3.2516E-07
0.27,0.15,-6.486E-06,-8.4000000000000006E-13,6.411400000000001E-06,3.7872E-07,-3.2508E-07
0.265,0.15,-6.4688000000000006E-06,-6.5000000000000006E-13,6.3893000000000008E-06,3.788E-07,-3.2514E-07
0.26,0.15,-6.4649000000000006E-06,4.2000000000000003E-13,6.3881000000000007E-06,3.7869999999999997E-07,-3.2512E-07
0.255,0.15,-6.4596000000000008E-06,-1.27E-12,6.4004000000000006E-06,3.7874E-07,-3.2512E-07
0.25,0.15,-6.450800000000001E-06,-9.9E-13,6.4152000000000009E-06,3.7876E-07,-3.2512E-07
0.24500000000000002,0.15,-6.4700000000000007E-06,4.8000000000000008E-13,6.4109000000000007E-06,3.7866E-07,-3.2512E-07
0.24000000000000002,0.15,-6.4805000000000009E-06,-3.2600000000000002E-12,6.3911000000000005E-06,3.7868E-07,-3.251E-07
0.23500000000000001,0.15,-6.4723000000000007E-06,1.4200000000000002E-12,6.3943000000000008E-06,3.7868E-07,-3.2512E-07
0.23,0.15,-6.4975000000000009E-06,-1.74E-12,6.4449000000000008E-06,3.7862E-07,-3.2506E-07
0.225,0.15,-6.4635000000000009E-06,-1.6200000000000002E-12,6.4281E-06,3.7876E-07,-3.2514E-07
0.22,0.15,-6.4808000000000007E-06,1.3800000000000002E-12,6.4161E-06,3.7876E-07,-3.2518E-07
0.215,0.15,-6.468200000000001E-06,-1.5E-12,6.3893000000000008E-06,3.7869999999999997E-07,-3.2518E-07
0.21000000000000002,0.15,-6.4191000000000009E-06,4.8000000000000008E-13,6.4063000000000008E-06,3.7876E-07,-3.2514E-07
0.20500000000000002,0.15,-6.4329000000000007E-06,1.36E-12,6.441900000000001E-06,3.7872E-07,-3.2518E-07
0.2,0.15,-6.467800000000001E-06,-1.4400000000000001E-12,6.3686E-06,3.788E-07,-3.251E-07
0.195,0.15,-6.4048000000000009E-06,5.1E-13,6.3533000000000006E-06,3.7868E-07,-3.2518E-07
0.19,0.15,-6.4126E-06,-8.9E-13,6.3451000000000005E-06,3.7872E-07,-3.251E-07
0.185,0.15,-6.413E-06,-1.5200000000000002E-12,6.3829E-06,3.7878E-07,-3.2524E-07
0.18000000000000002,0.15,-6.3565000000000009E-06,1.2000000000000001E-12,6.3171000000000009E-06,3.7872E-07,-3.2512E-07
0.17500000000000002,0.15,-6.4076E-06,-1.8100000000000002E-12,6.3644000000000004E-06,3.7866E-07,-3.2508E-07
0.17,0.15,-6.3926000000000004E-06,-3.5E-13,6.352300000000001E-06,3.7876E-07,-3.2518E-07
0.165,0.15,-6.416800000000001E-06,-2.5E-13,6.3414000000000008E-06,3.7874E-07,-3.2508E-07
0.16,0.15,-6.4276000000000009E-06,-1.2400000000000002E-12,6.354600000000001E-06,3.7866E-07,-3.2512E-07
0.155,0.15,-6.4153000000000011E-06,-5E-14,6.3676000000000007E-06,3.7874E-07,-3.2512E-07
0.15,0.15,-6.4296E-06,1.1000000000000001E-13,6.3260000000000009E-06,3.7878E-07,-3.2524E-07
0.14500000000000002,0.15,-6.4385E-06,-8.1000000000000008E-13,6.3229000000000009E-06,3.7866E-07,-3.2512E-07
0.14,0.15,-6.4108000000000005E-06,7E-13,6.3653000000000007E-06,3.7872E-07,-3.2512E-07
0.135,0.15,-6.4194000000000007E-06,-7E-14,6.3576000000000008E-06,3.786E-07,-3.2506E-07
0.13,0.15,-6.4391000000000007E-06,3.2000000000000005E-13,6.3961000000000005E-06,3.7874E-07,-3.2514E-07
0.125,0.15,-6.4331E-06,-1.04E-12,6.3822000000000005E-06,3.7868E-07,-3.2508E-07
0.12000000000000001,0.15,-6.386300000000001E-06,-6.0000000000000009E-14,6.3705E-06,3.7862E-07,-3.2516E-07
0.115,0.15,-6.4418000000000007E-06,-1.88E-12,6.3920000000000008E-06,3.7878E-07,-3.251E-07
0.11,0.15,-6.4341000000000008E-06,-7.9000000000000007E-13,6.3524E-06,3.7858E-07,-3.2508E-07
0.10500000000000001,0.15,-6.4208000000000004E-06,-3.3E-13,6.3746000000000008E-06,3.7864E-07,-3.251E-07
0.1,0.15,-6.4154000000000004E-06,-7.100000000000001E-13,6.389000000000001E-06,3.7872E-07,-3.25E-07
0.095,0.15,-6.3777000000000008E-06,-1.0100000000000001E-12,6.3789000000000009E-06,3.7852E-07,-3.2506E-07
0.090000000000000011,0.15,-6.3989000000000007E-06,1.09E-12,6.330300000000001E-06,3.7876E-07,-3.2514E-07
0.085,0.15,-6.4024000000000007E-06,-2E-12,6.3700000000000008E-06,3.7878E-07,-3.2508E-07
0.08,0.15,-6.4125000000000009E-06,1.73E-12,6.3734000000000007E-06,3.7868E-07,-3.2516E-07
0.075,0.15,-6.4159000000000007E-06,-1.4400000000000001E-12,6.335E-06,3.7866E-07,-3.2512E-07
0.07,0.15,-6.4430000000000008E-06,3.8000000000000005E-13,6.3705E-06,3.7874E-07,-3.2514E-07
0.065,0.15,-6.4008000000000006E-06,3.4E-13,6.3288E-06,3.7872E-07,-3.2512E-07
0.060000000000000005,0.15,-6.451200000000001E-06,-1.93E-12,6.3429000000000007E-06,3.7872E-07,-3.2506E-07
0.055,0.15,-6.4269E-06,-1.04E-12,6.3895E-06,3.7866E-07,-3.2512E-07
0.05,0.15,-6.4119E-06,-2.5E-13,6.3803000000000006E-06,3.7854E-07,-3.251E-07
0.045000000000000005,0.15,-6.4139000000000005E-06,-2.52E-12,6.3792000000000007E-06,3.7866E-07,-3.2508E-07
0.04,0.15,-6.4085000000000006E-06,6.8E-13,6.3749000000000006E-06,3.7874E-07,-3.2512E-07
0.035,0.15,-6.4275000000000007E-06,-1.8400000000000002E-12,6.334900000000001E-06,3.7882E-07,-3.2506E-07
0.030000000000000002,0.15,-6.4361000000000009E-06,-5.9E-13,6.3358E-06,3.7872E-07,-3.2508E-07
0.025,0.15,-6.4351000000000004E-06,5.5000000000000008E-13,6.3493E-06,3.7869999999999997E-07,-3.2508E-07
0.02,0.15,-6.4156000000000009E-06,-1.8400000000000002E-12,6.3408E-06,3.7869999999999997E-07,-3.251E-07
0.015000000000000001,0.15,-6.4273E-06,4.2000000000000003E-13,6.3487000000000007E-06,3.7862E-07,-3.2506E-07
0.01,0.15,-6.3996000000000005E-06,4.9E-13,6.3653000000000007E-06,3.7866E-07,-3.251E-07
0.005,0.15,-6.4042000000000004E-06,-1.22E-12,6.3609E-06,3.7872E-07,-3.2508E-07
0,0.15,-6.4128000000000007E-06,9.5E-13,6.3499000000000008E-06,3.7878E-07,-3.251E-07
1.2,0.3,-1.4002000000000002E-06,8.8000000000000009E-13,1.3637000000000002E-06,3.5466E-07,-3.2518E-07
1.195,0.3,-1.3989E-06,3.02E-12,1.3692000000000002E-06,3.5464E-07,-3.2528E-07
1.19,0.3,-1.4027000000000001E-06,1.3E-13,1.3623E-06,3.5462E-07,-3.2524E-07
1.185,0.3,-1.3955000000000002E-06,8.7E-13,1.3696000000000002E-06,3.546E-07,-3.252E-07
1.1800000000000002,0.3,-1.3953000000000002E-06,2.54E-12,1.371E-06,3.5466E-07,-3.2524E-07
1.175,0.3,-1.3927000000000002E-06,-7.5E-13,1.3638000000000002E-06,3.5462E-07,-3.2524E-07
1.1700000000000002,0.3,-1.3965E-06,2.21E-12,1.3660000000000001E-06,3.5464E-07,-3.2524E-07
1.165,0.3,-1.3925000000000002E-06,-3.0000000000000005E-14,1.3584000000000002E-06,3.546E-07,-3.2514E-07
1.1600000000000001,0.3,-1.4019E-06,-1.2000000000000002E-13,1.3681E-06,3.5462E-07,-3.252E-07
1.155,0.3,-1.3983000000000002E-06,2.09E-12,1.3596E-06,3.5455999999999997E-07,-3.252E-07
1.1500000000000001,0.3,-1.4007000000000002E-06,1.2000000000000002E-13,1.3678E-06,3.546E-07,-3.2518E-07
1.145,0.3,-1.3882000000000001E-06,1.1100000000000001E-12,1.3665000000000002E-06,3.545E-07,-3.2514E-07
1.1400000000000001,0.3,-1.3902E-06,1.9E-12,1.3669000000000002E-06,3.5458E-07,-3.2522E-07
1.135,0.3,-1.3899000000000002E-06,-8.7E-13,1.3647E-06,3.546E-07,-3.2518E-07
1.1300000000000001,0.3,-1.3887000000000002E-06,2.08E-12,1.3656E-06,3.5448E-07,-3.2518E-07
1.125,0.3,-1.3927000000000002E-06,1.4E-13,1.3596E-06,3.545E-07,-3.2508E-07
1.12,0.3,-1.3922000000000002E-06,-2.1000000000000001E-13,1.3644000000000002E-06,3.5441999999999997E-07,-3.2518E-07
1.115,0.3,-1.3929E-06,5.7E-13,1.3619E-06,3.545E-07,-3.2512E-07
1.11,0.3,-1.3963E-06,-1.36E-12,1.3723000000000002E-06,3.5441999999999997E-07,-3.2514E-07
1.105,0.3,-1.3989E-06,8.8000000000000009E-13,1.365E-06,3.5438E-07,-3.2512E-07
1.1,0.3,-1.3815000000000002E-06,-4.3000000000000004E-13,1.3683E-06,3.5441999999999997E-07,-3.2516E-07
1.095,0.3,-1.4135E-06,2E-13,1.3752000000000002E-06,3.545E-07,-3.2512E-07
1.09,0.3,-1.4140000000000001E-06,1.6200000000000002E-12,1.3780000000000002E-06,3.5452E-07,-3.2512E-07
1.085,0.3,-1.3998000000000001E-06,-1.5000000000000002E-13,1.3786000000000002E-06,3.5448E-07,-3.251E-07
1.08,0.3,-1.4057000000000002E-06,1.31E-12,1.3794E-06,3.5441999999999997E-07,-3.2514E-07
1.075,0.3,-1.4114000000000002E-06,1.41E-12,1.3807000000000002E-06,3.5441999999999997E-07,-3.2506E-07
1.07,0.3,-1.4056000000000002E-06,-1.5800000000000001E-12,1.3660000000000001E-06,3.5452E-07,-3.2506E-07
1.065,0.3,-1.4134E-06,2.1200000000000003E-12,1.3795E-06,3.5446E-07,-3.251E-07
1.06,0.3,-1.3911000000000001E-06,-1.2000000000000001E-12,1.3721000000000002E-06,3.545E-07,-3.2504E-07
1.0550000000000002,0.3,-1.3981000000000002E-06,5.7E-13,1.3766E-06,3.5448E-07,-3.2508E-07
1.05,0.3,-1.3988E-06,3.3E-13,1.3689000000000001E-06,3.5436E-07,-3.2512E-07
1.0450000000000002,0.3,-1.4026000000000001E-06,-9.9E-13,1.3731E-06,3.5438E-07,-3.2508E-07
1.04,0.3,-1.4046E-06,1.02E-12,1.3632000000000001E-06,3.5441999999999997E-07,-3.2502E-07
1.0350000000000001,0.3,-1.3942000000000001E-06,3.5E-13,1.3703E-06,3.5448E-07,-3.251E-07
1.03,0.3,-1.3992E-06,5.03E-12,1.3738E-06,3.5454E-07,-3.2514E-07
1.0250000000000001,0.3,-1.3908E-06,-1.3370000000000001E-11,1.3702000000000002E-06,3.5432E-07,-3.2518E-07
1.02,0.3,-1.3986E-06,-4.6000000000000006E-12,1.3649E-06,3.5444E-07,-3.251E-07
1.0150000000000001,0.3,-1.3941000000000001E-06,-1.8200000000000002E-11,1.3731E-06,3.5441999999999997E-07,-3.2512E-07
1.01,0.3,-1.3980000000000002E-06,-8.26E-12,1.3699000000000002E-06,3.5438E-07,-3.2508E-07
1.0050000000000001,0.3,-1.393E-06,-6.5800000000000006E-12,1.3682E-06,3.5448E-07,-3.2506E-07
1,0.3,-1.3877E-06,-3.7000000000000004E-13,1.3674000000000002E-06,3.5448E-07,-3.2512E-07
0.995,0.3,-1.3898000000000002E-06,1.78E-12,1.3645000000000002E-06,3.5452E-07,-3.2508E-07
0.9900000000000001,0.3,-1.3995000000000001E-06,3.5E-13,1.3741000000000001E-06,3.5438E-07,-3.2506E-07
0.9850000000000001,0.3,-1.3935E-06,4.63E-12,1.368E-06,3.545E-07,-3.2512E-07
0.98000000000000009,0.3,-1.4057000000000002E-06,-2.1000000000000001E-13,1.3665000000000002E-06,3.5436E-07,-3.2512E-07
0.97500000000000009,0.3,-1.3866000000000002E-06,4.1900000000000005E-12,1.3642000000000002E-06,3.5452E-07,-3.2516E-07
0.97000000000000008,0.3,-1.3970000000000001E-06,-2.21E-12,1.3727000000000002E-06,3.5441999999999997E-07,-3.2502E-07
0.96500000000000008,0.3,-1.4045E-06,4.94E-12,1.3623E-06,3.545E-07,-3.2506E-07
0.96000000000000008,0.3,-1.3979000000000002E-06,-4E-12,1.3728000000000002E-06,3.544E-07,-3.2508E-07
0.95500000000000007,0.3,-1.4064000000000002E-06,1.12E-12,1.3600000000000001E-06,3.5441999999999997E-07,-3.251E-07
0.95000000000000007,0.3,-1.3941000000000001E-06,-1.3900000000000001E-12,1.3697000000000002E-06,3.5438E-07,-3.2508E-07
0.94500000000000006,0.3,-1.3991E-06,2.01E-12,1.3748000000000002E-06,3.5438E-07,-3.251E-07
0.94000000000000006,0.3,-1.3952000000000002E-06,-4.01E-12,1.3669000000000002E-06,3.5444E-07,-3.2518E-07
0.935,0.3,-1.4084000000000001E-06,2.7E-13,1.3645000000000002E-06,3.544E-07,-3.2508E-07
0.93,0.3,-1.3868000000000002E-06,-3.1700000000000004E-12,1.3668000000000002E-06,3.5446E-07,-3.2506E-07
0.925,0.3,-1.3967000000000001E-06,1.93E-12,1.3691000000000002E-06,3.5448E-07,-3.2508E-07
0.92,0.3,-1.4037000000000002E-06,-4.1E-13,1.3714000000000001E-06,3.5452E-07,-3.2512E-07
0.915,0.3,-1.3951000000000002E-06,-3.5400000000000003E-12,1.3644000000000002E-06,3.5446E-07,-3.2506E-07
0.91,0.3,-1.393E-06,7.4000000000000008E-13,1.3689000000000001E-06,3.5432E-07,-3.2504E-07
0.905,0.3,-1.3951000000000002E-06,6.0000000000000007E-13,1.3622E-06,3.5441999999999997E-07,-3.251E-07
0.9,0.3,-1.3922000000000002E-06,1.5200000000000002E-12,1.3653E-06,3.5454E-07,-3.25E-07
0.895,0.3,-1.3826000000000001E-06,-2.82E-12,1.3622E-06,3.5444E-07,-3.2516E-07
0.89,0.3,-1.3921000000000002E-06,1.41E-12,1.3592E-06,3.545E-07,-3.2506E-07
0.885,0.3,-1.3892000000000002E-06,-1.7600000000000002E-12,1.3651E-06,3.5448E-07,-3.2516E-07
0.88,0.3,-1.3976000000000002E-06,2.92E-12,1.362E-06,3.5448E-07,-3.251E-07
0.875,0.3,-1.3992E-06,-4.4000000000000006E-12,1.3658000000000001E-06,3.5441999999999997E-07,-3.2514E-07
0.87,0.3,-1.3879E-06,1.2500000000000001E-12,1.3571E-06,3.5448E-07,-3.2506E-07
0.865,0.3,-1.3923000000000002E-06,-1.4900000000000001E-12,1.3589000000000002E-06,3.5441999999999997E-07,-3.2508E-07
0.86,0.3,-1.3971000000000001E-06,2.39E-12,1.3642000000000002E-06,3.5448E-07,-3.2504E-07
0.85500000000000009,0.3,-1.3914000000000001E-06,-1.17E-12,1.3693000000000002E-06,3.544E-07,-3.2506E-07
0.85000000000000009,0.3,-1.3944000000000002E-06,8.0000000000000013E-14,1.3613000000000002E-06,3.5441999999999997E-07,-3.2506E-07
0.84500000000000008,0.3,-1.3913000000000001E-06,-1.2900000000000002E-12,1.3708E-06,3.5436E-07,-3.2512E-07
0.84000000000000008,0.3,-1.4067000000000002E-06,3.4900000000000003E-12,1.3677E-06,3.5444E-07,-3.2504E-07
0.83500000000000008,0.3,-1.3995000000000001E-06,-1.74E-12,1.3693000000000002E-06,3.5448E-07,-3.2506E-07
0.83000000000000007,0.3,-1.4010000000000002E-06,1.31E-12,1.3712E-06,3.5446E-07,-3.251E-07
0.82500000000000007,0.3,-1.3970000000000001E-06,-1.36E-12,1.3774000000000001E-06,3.5441999999999997E-07,-3.2508E-07
0.82000000000000006,0.3,-1.4094000000000002E-06,1.6800000000000001E-12,1.3773000000000001E-06,3.5444E-07,-3.2508E-07
0.81500000000000006,0.3,-1.4040000000000002E-06,7.7000000000000005E-13,1.3714000000000001E-06,3.5448E-07,-3.2512E-07
0.81,0.3,-1.4094000000000002E-06,-6.3E-13,1.3807000000000002E-06,3.5454E-07,-3.2506E-07
0.805,0.3,-1.4055000000000001E-06,-1.5200000000000002E-12,1.3785000000000002E-06,3.545E-07,-3.2514E-07
0.8,0.3,-1.3991E-06,7.5E-13,1.3638000000000002E-06,3.545E-07,-3.2512E-07
0.795,0.3,-1.3870000000000002E-06,-3.7000000000000004E-13,1.3658000000000001E-06,3.5455999999999997E-07,-3.2508E-07
0.79,0.3,-1.4016E-06,-6.1E-13,1.3686000000000001E-06,3.5444E-07,-3.2508E-07
0.785,0.3,-1.4068000000000002E-06,-8E-13,1.3730000000000002E-06,3.5448E-07,-3.2508E-07
0.78,0.3,-1.4012000000000002E-06,-1.1000000000000002E-12,1.3779000000000002E-06,3.5452E-07,-3.2512E-07
0.775,0.3,-1.4057000000000002E-06,2.24E-12,1.3774000000000001E-06,3.545E-07,-3.2508E-07
0.77,0.3,-1.4000000000000002E-06,-1.73E-12,1.3713000000000001E-06,3.5444E-07,-3.2506E-07
0.765,0.3,-1.3976000000000002E-06,1.3400000000000002E-12,1.3788E-06,3.5452E-07,-3.251E-07
0.76,0.3,-1.4041000000000002E-06,-1.51E-12,1.3653E-06,3.5455999999999997E-07,-3.2502E-07
0.755,0.3,-1.3964E-06,1.03E-12,1.3681E-06,3.5444E-07,-3.25E-07
0.75,0.3,-1.4077E-06,-2.3000000000000003E-13,1.3828000000000001E-06,3.544E-07,-3.2508E-07
0.745,0.3,-1.399E-06,1.41E-12,1.3693000000000002E-06,3.5444E-07,-3.251E-07
0.74,0.3,-1.3943000000000001E-06,-3.77E-12,1.3743000000000001E-06,3.5441999999999997E-07,-3.2502E-07
0.735,0.3,-1.407E-06,-4.7000000000000006E-12,1.3723000000000002E-06,3.5444E-07,-3.2506E-07
0.73,0.3,-1.4021E-06,-3.6900000000000006E-12,1.3689000000000001E-06,3.545E-07,-3.2508E-07
0.72500000000000009,0.3,-1.3941000000000001E-06,1.03E-12,1.3757000000000002E-06,3.5458E-07,-3.2508E-07
0.72000000000000008,0.3,-1.4136000000000001E-06,-8.1000000000000008E-13,1.3692000000000002E-06,3.5454E-07,-3.2514E-07
0.71500000000000008,0.3,-1.3988E-06,-1.6800000000000001E-12,1.3685000000000001E-06,3.5444E-07,-3.2508E-07
0.71000000000000008,0.3,-1.4034000000000002E-06,-3.3E-12,1.3723000000000002E-06,3.5455999999999997E-07,-3.2516E-07
0.70500000000000007,0.3,-1.4106E-06,1.23E-12,1.3755000000000002E-06,3.5455999999999997E-07,-3.2512E-07
0.70000000000000007,0.3,-1.405E-06,1.02E-12,1.3743000000000001E-06,3.5455999999999997E-07,-3.2512E-07
0.69500000000000006,0.3,-1.3986E-06,-5.1E-13,1.3738E-06,3.5455999999999997E-07,-3.2518E-07
0.69000000000000006,0.3,-1.4019E-06,-2.6100000000000004E-12,1.3764E-06,3.5458E-07,-3.251E-07
0.685,0.3,-1.3949000000000002E-06,1.1100000000000001E-12,1.3727000000000002E-06,3.5455999999999997E-07,-3.251E-07
0.68,0.3,-1.4028000000000002E-06,5E-13,1.3759000000000002E-06,3.5455999999999997E-07,-3.251E-07
0.675,0.3,-1.3913000000000001E-06,-1.2500000000000001E-12,1.3671000000000002E-06,3.5448E-07,-3.2508E-07
0.67,0.3,-1.3976000000000002E-06,-3.51E-12,1.3682E-06,3.5455999999999997E-07,-3.2502E-07
0.665,0.3,-1.3954000000000002E-06,6.0000000000000007E-13,1.3730000000000002E-06,3.5446E-07,-3.251E-07
0.66,0.3,-1.3944000000000002E-06,9.4E-13,1.3667000000000002E-06,3.5454E-07,-3.251E-07
0.655,0.3,-1.4016E-06,-8.5000000000000011E-13,1.3645000000000002E-06,3.5452E-07,-3.2508E-07
0.65,0.3,-1.3841000000000002E-06,-1.3500000000000001E-12,1.3637000000000002E-06,3.5446E-07,-3.252E-07
0.645,0.3,-1.4038000000000002E-06,1.27E-12,1.371E-06,3.5444E-07,-3.2504E-07
0.64,0.3,-1.4014E-06,1.5800000000000001E-12,1.3767E-06,3.545E-07,-3.2516E-07
0.635,0.3,-1.4092000000000002E-06,3.6000000000000003E-13,1.3779000000000002E-06,3.5441999999999997E-07,-3.2506E-07
0.63,0.3,-1.4043E-06,-1.6600000000000002E-12,1.376E-06,3.545E-07,-3.2512E-07
0.625,0.3,-1.4025000000000001E-06,-1.73E-12,1.3767E-06,3.5452E-07,-3.251E-07
0.62,0.3,-1.3976000000000002E-06,3.7900000000000006E-12,1.3724000000000002E-06,3.5454E-07,-3.252E-07
0.615,0.3,-1.4038000000000002E-06,-2.9300000000000002E-12,1.3666000000000002E-06,3.5454E-07,-3.2508E-07
0.61,0.3,-1.3966E-06,-3.0000000000000003E-13,1.3689000000000001E-06,3.5454E-07,-3.2516E-07
0.605,0.3,-1.4028000000000002E-06,-1.96E-12,1.3706E-06,3.5455999999999997E-07,-3.2514E-07
0.6,0.3,-1.4052000000000001E-06,-3.5E-13,1.3704E-06,3.5455999999999997E-07,-3.2514E-07
0.595,0.3,-1.4062000000000002E-06,2.1000000000000003E-12,1.3744000000000001E-06,3.5452E-07,-3.251E-07
0.59000000000000008,0.3,-1.4073E-06,-3.76E-12,1.3744000000000001E-06,3.5455999999999997E-07,-3.2514E-07
0.58500000000000008,0.3,-1.4015E-06,-1.51E-12,1.3705E-06,3.5455999999999997E-07,-3.251E-07
0.58000000000000007,0.3,-1.3971000000000001E-06,1.85E-12,1.3752000000000002E-06,3.5454E-07,-3.2514E-07
0.57500000000000007,0.3,-1.3891000000000002E-06,-1.85E-12,1.3763E-06,3.5448E-07,-3.251E-07
0.57000000000000006,0.3,-1.4082000000000001E-06,1.9E-12,1.3831000000000002E-06,3.5444E-07,-3.251E-07
0.56500000000000006,0.3,-1.4046E-06,-1.85E-12,1.3777000000000002E-06,3.545E-07,-3.2514E-07
0.56,0.3,-1.4026000000000001E-06,-2.08E-12,1.3806000000000002E-06,3.545E-07,-3.251E-07
0.555,0.3,-1.3989E-06,1.95E-12,1.3674000000000002E-06,3.5444E-07,-3.2508E-07
0.55,0.3,-1.407E-06,-2.82E-12,1.3771000000000001E-06,3.5448E-07,-3.2508E-07
0.545,0.3,-1.4029000000000002E-06,-7.2000000000000006E-13,1.3725000000000002E-06,3.5444E-07,-3.2504E-07
0.54,0.3,-1.4096000000000002E-06,-2.1000000000000001E-13,1.3686000000000001E-06,3.544E-07,-3.251E-07
0.535,0.3,-1.3914000000000001E-06,-2.01E-12,1.3675E-06,3.5432E-07,-3.2506E-07
0.53,0.3,-1.4000000000000002E-06,1.86E-12,1.3712E-06,3.5444E-07,-3.2506E-07
0.525,0.3,-1.3963E-06,-1.8200000000000003E-12,1.3711E-06,3.5444E-07,-3.2508E-07
0.52,0.3,-1.3961E-06,-2.3000000000000003E-13,1.3717000000000001E-06,3.5448E-07,-3.2504E-07
0.515,0.3,-1.4007000000000002E-06,9.4E-13,1.3782000000000002E-06,3.5444E-07,-3.2508E-07
0.51,0.3,-1.4063000000000002E-06,-3.2000000000000005E-13,1.3861000000000002E-06,3.5446E-07,-3.2506E-07
0.505,0.3,-1.4133E-06,6.6E-13,1.3789E-06,3.5452E-07,-3.2506E-07
0.5,0.3,-1.4064000000000002E-06,-4.4000000000000004E-13,1.3651E-06,3.545E-07,-3.2506E-07
0.49500000000000005,0.3,-1.4082000000000001E-06,-1.86E-12,1.3696000000000002E-06,3.5454E-07,-3.251E-07
0.49000000000000005,0.3,-1.4004000000000002E-06,3.9000000000000005E-13,1.3686000000000001E-06,3.545E-07,-3.2506E-07
0.48500000000000004,0.3,-1.4085000000000002E-06,-1.8700000000000003E-12,1.3748000000000002E-06,3.5444E-07,-3.2504E-07
0.48000000000000004,0.3,-1.4053000000000001E-06,-1.5800000000000001E-12,1.3715000000000001E-06,3.5444E-07,-3.2512E-07
0.47500000000000003,0.3,-1.4066000000000002E-06,1.0500000000000002E-12,1.3765E-06,3.5448E-07,-3.2502E-07
0.47000000000000003,0.3,-1.405E-06,-1.5400000000000001E-12,1.3805000000000002E-06,3.545E-07,-3.2512E-07
0.465,0.3,-1.4097000000000002E-06,6.400000000000001E-13,1.3794E-06,3.5444E-07,-3.2512E-07
0.46,0.3,-1.4082000000000001E-06,-1.02E-12,1.3763E-06,3.5441999999999997E-07,-3.2512E-07
0.455,0.3,-1.4028000000000002E-06,-1.91E-12,1.3666000000000002E-06,3.5448E-07,-3.2506E-07
0.45,0.3,-1.3967000000000001E-06,1.6700000000000002E-12,1.3739E-06,3.545E-07,-3.2512E-07
0.445,0.3,-1.4029000000000002E-06,-9.5E-13,1.3770000000000001E-06,3.5448E-07,-3.2508E-07
0.44,0.3,-1.4072E-06,5.2E-13,1.3742000000000001E-06,3.545E-07,-3.2506E-07
0.435,0.3,-1.4025000000000001E-06,5E-14,1.368E-06,3.5441999999999997E-07,-3.251E-07
0.43,0.3,-1.4004000000000002E-06,-9.4E-13,1.3757000000000002E-06,3.5444E-07,-3.2506E-07
0.42500000000000004,0.3,-1.4030000000000002E-06,8.1000000000000008E-13,1.3662000000000002E-06,3.5448E-07,-3.2508E-07
0.42000000000000004,0.3,-1.3898000000000002E-06,-4.5000000000000005E-13,1.3626E-06,3.5448E-07,-3.2514E-07
0.41500000000000004,0.3,-1.4059000000000002E-06,-1.9200000000000003E-12,1.359E-06,3.5446E-07,-3.2508E-07
0.41000000000000003,0.3,-1.4029000000000002E-06,6.9000000000000009E-13,1.3835000000000002E-06,3.5438E-07,-3.2514E-07
0.405,0.3,-1.3991E-06,-1.2800000000000002E-12,1.3732E-06,3.5448E-07,-3.2512E-07
0.4,0.3,-1.4057000000000002E-06,9.5E-13,1.3715000000000001E-06,3.5438E-07,-3.2508E-07
0.395,0.3,-1.4037000000000002E-06,-5.1E-13,1.3745000000000001E-06,3.5434E-07,-3.2506E-07
0.39,0.3,-1.3986E-06,-6.2000000000000008E-13,1.3623E-06,3.5444E-07,-3.2508E-07
0.385,0.3,-1.3936E-06,4E-13,1.3571E-06,3.5441999999999997E-07,-3.251E-07
0.38,0.3,-1.4051000000000001E-06,-9.9E-13,1.3691000000000002E-06,3.5432E-07,-3.2502E-07
0.375,0.3,-1.4032000000000002E-06,7.2000000000000006E-13,1.3672000000000002E-06,3.5441999999999997E-07,-3.2502E-07
0.37,0.3,-1.4025000000000001E-06,-1.37E-12,1.3663000000000002E-06,3.5448E-07,-3.251E-07
0.365,0.3,-1.3971000000000001E-06,-5.3000000000000006E-13,1.3684E-06,3.5448E-07,-3.251E-07
0.36000000000000004,0.3,-1.4052000000000001E-06,-6.1E-13,1.3709E-06,3.5434E-07,-3.2502E-07
0.35500000000000004,0.3,-1.3957E-06,-7.8000000000000011E-13,1.3806000000000002E-06,3.5448E-07,-3.2512E-07
0.35000000000000003,0.3,-1.4051000000000001E-06,-6.8E-13,1.3741000000000001E-06,3.5448E-07,-3.2508E-07
0.34500000000000003,0.3,-1.4003000000000002E-06,-1.0100000000000001E-12,1.3831000000000002E-06,3.5448E-07,-3.2512E-07
0.34,0.3,-1.3926000000000002E-06,-7.2000000000000006E-13,1.3628000000000001E-06,3.5448E-07,-3.2512E-07
0.335,0.3,-1.3966E-06,9.7000000000000011E-13,1.3634000000000002E-06,3.5441999999999997E-07,-3.251E-07
0.33,0.3,-1.4000000000000002E-06,-2.4000000000000003E-12,1.3677E-06,3.5458E-07,-3.251E-07
0.325,0.3,-1.4019E-06,1.5000000000000002E-13,1.3691000000000002E-06,3.545E-07,-3.2516E-07
0.32,0.3,-1.3907E-06,4E-13,1.3674000000000002E-06,3.545E-07,-3.2514E-07
0.315,0.3,-1.3941000000000001E-06,-1.65E-12,1.3689000000000001E-06,3.5454E-07,-3.251E-07
0.31,0.3,-1.3933E-06,9.9E-13,1.3699000000000002E-06,3.545E-07,-3.2502E-07
0.305,0.3,-1.3982000000000002E-06,-1.3500000000000001E-12,1.3725000000000002E-06,3.5438E-07,-3.2506E-07
0.3,0.3,-1.4013000000000003E-06,-1.17E-12,1.3749000000000002E-06,3.5441999999999997E-07,-3.2506E-07
0.29500000000000004,0.3,-1.3916000000000002E-06,1.85E-12,1.3694000000000002E-06,3.5432E-07,-3.2508E-07
0.29000000000000004,0.3,-1.3914000000000001E-06,-1.9E-12,1.3758000000000002E-06,3.5438E-07,-3.2506E-07
0.28500000000000003,0.3,-1.3974000000000002E-06,8E-13,1.3706E-06,3.545E-07,-3.2508E-07
0.28,0.3,-1.4117000000000002E-06,-9.0000000000000008E-14,1.3702000000000002E-06,3.5441999999999997E-07,-3.2502E-07
0.275,0.3,-1.4075E-06,-1.8900000000000002E-12,1.3775000000000002E-06,3.5444E-07,-3.251E-07
0.27,0.3,-1.4081000000000001E-06,1.3900000000000001E-12,1.3743000000000001E-06,3.545E-07,-3.2512E-07
0.265,0.3,-1.4059000000000002E-06,-1.4300000000000002E-12,1.3801000000000001E-06,3.5441999999999997E-07,-3.2502E-07
0.26,0.3,-1.4075E-06,-2.04E-12,1.3777000000000002E-06,3.5448E-07,-3.2502E-07
0.255,0.3,-1.4003000000000002E-06,1.4900000000000001E-12,1.3718000000000002E-06,3.5438E-07,-3.251E-07
0.25,0.3,-1.4025000000000001E-06,-2.6500000000000002E-12,1.3694000000000002E-06,3.5444E-07,-3.2508E-07
0.24500000000000002,0.3,-1.4004000000000002E-06,7.9000000000000007E-13,1.3792E-06,3.5441999999999997E-07,-3.2508E-07
0.24000000000000002,0.3,-1.4068000000000002E-06,-2.3000000000000003E-13,1.3841000000000002E-06,3.5444E-07,-3.2506E-07
0.23500000000000001,0.3,-1.4053000000000001E-06,-2.6600000000000004E-12,1.3856000000000001E-06,3.5444E-07,-3.2508E-07
0.23,0.3,-1.3967000000000001E-06,5.7E-13,1.3749000000000002E-06,3.545E-07,-3.251E-07
0.225,0.3,-1.3921000000000002E-06,-1.2000000000000001E-12,1.3681E-06,3.5444E-07,-3.2506E-07
0.22,0.3,-1.3971000000000001E-06,-2.7E-13,1.3756000000000002E-06,3.5462E-07,-3.251E-07
0.215,0.3,-1.4115000000000002E-06,-1.0000000000000002E-14,1.3774000000000001E-06,3.5448E-07,-3.2504E-07
0.21000000000000002,0.3,-1.3969000000000001E-06,-1.6100000000000002E-12,1.3724000000000002E-06,3.5444E-07,-3.2504E-07
0.20500000000000002,0.3,-1.3988E-06,6.5000000000000006E-13,1.3761E-06,3.5441999999999997E-07,-3.2502E-07
0.2,0.3,-1.4044E-06,6.0000000000000009E-14,1.3668000000000002E-06,3.5434E-07,-3.2508E-07
0.195,0.3,-1.3985E-06,-1.23E-12,1.3691000000000002E-06,3.5448E-07,-3.2512E-07
0.19,0.3,-1.3929E-06,1.2900000000000002E-12,1.3617000000000002E-06,3.5446E-07,-3.251E-07
0.185,0.3,-1.4009000000000002E-06,-1.9900000000000002E-12,1.3785000000000002E-06,3.5441999999999997E-07,-3.2506E-07
0.18000000000000002,0.3,-1.4067000000000002E-06,-5E-14,1.3694000000000002E-06,3.5452E-07,-3.2504E-07
0.17500000000000002,0.3,-1.3998000000000001E-06,5.1E-13,1.3789E-06,3.5446E-07,-3.2508E-07
0.17,0.3,-1.3939000000000001E-06,-2.1000000000000003E-12,1.3828000000000001E-06,3.5448E-07,-3.25E-07
0.165,0.3,-1.4028000000000002E-06,-2.4000000000000004E-13,1.3768E-06,3.5454E-07,-3.2504E-07
0.16,0.3,-1.4154000000000003E-06,-9.3E-13,1.3767E-06,3.5444E-07,-3.2506E-07
0.155,0.3,-1.3988E-06,-1.1100000000000001E-12,1.3753000000000002E-06,3.5441999999999997E-07,-3.2508E-07
0.15,0.3,-1.4122000000000002E-06,9.5E-13,1.3844E-06,3.5438E-07,-3.2506E-07
0.14500000000000002,0.3,-1.4095000000000002E-06,-1.88E-12,1.3721000000000002E-06,3.5455999999999997E-07,-3.2512E-07
0.14,0.3,-1.4155E-06,-8.0000000000000013E-14,1.3797E-06,3.545E-07,-3.2508E-07
0.135,0.3,-1.4079000000000001E-06,6.5000000000000006E-13,1.382E-06,3.5441999999999997E-07,-3.25E-07
0.13,0.3,-1.3973000000000002E-06,-1.88E-12,1.3696000000000002E-06,3.5444E-07,-3.2506E-07
0.125,0.3,-1.4074E-06,1.12E-12,1.3735E-06,3.5444E-07,-3.2506E-07
0.12000000000000001,0.3,-1.4089000000000002E-06,-8.7E-13,1.3787000000000002E-06,3.5436E-07,-3.2508E-07
0.115,0.3,-1.4060000000000002E-06,-1.8100000000000002E-12,1.3792E-06,3.5438E-07,-3.2504E-07
0.11,0.3,-1.3989E-06,1.1500000000000002E-12,1.3854000000000001E-06,3.5444E-07,-3.2506E-07
0.10500000000000001,0.3,-1.4084000000000001E-06,-2.42E-12,1.3697000000000002E-06,3.5441999999999997E-07,-3.2508E-07
0.1,0.3,-1.4066000000000002E-06,-8.0000000000000013E-14,1.3741000000000001E-06,3.5438E-07,-3.2506E-07
0.095,0.3,-1.4007000000000002E-06,-7.9000000000000007E-13,1.3795E-06,3.5441999999999997E-07,-3.2508E-07
0.090000000000000011,0.3,-1.4069000000000002E-06,-1.2400000000000002E-12,1.3757000000000002E-06,3.5448E-07,-3.2508E-07
0.085,0.3,-1.4107E-06,2E-13,1.3800000000000001E-06,3.5438E-07,-3.2506E-07
0.08,0.3,-1.4019E-06,-1.02E-12,1.3713000000000001E-06,3.5448E-07,-3.2506E-07
0.075,0.3,-1.4036000000000002E-06,4.3000000000000004E-13,1.3781000000000002E-06,3.5438E-07,-3.2502E-07
0.07,0.3,-1.4142000000000002E-06,-4.7E-13,1.3724000000000002E-06,3.5454E-07,-3.2512E-07
0.065,0.3,-1.4123000000000002E-06,1.8000000000000002E-13,1.3699000000000002E-06,3.5448E-07,-3.252E-07
0.060000000000000005,0.3,-1.4102E-06,-4.4000000000000004E-13,1.3764E-06,3.5448E-07,-3.2504E-07
0.055,0.3,-1.4042E-06,-6.8E-13,1.3772000000000001E-06,3.5455999999999997E-07,-3.2516E-07
0.05,0.3,-1.4019E-06,-4.7E-13,1.3651E-06,3.5448E-07,-3.2512E-07
0.045000000000000005,0.3,-1.4054000000000001E-06,-4.8000000000000008E-13,1.3758000000000002E-06,3.5444E-07,-3.2512E-07
0.04,0.3,-1.4044E-06,-1.13E-12,1.3762E-06,3.5455999999999997E-07,-3.2518E-07
0.035,0.3,-1.4084000000000001E-06,3.0000000000000003E-13,1.3742000000000001E-06,3.5454E-07,-3.2514E-07
0.030000000000000002,0.3,-1.402E-06,-2.6100000000000004E-12,1.3756000000000002E-06,3.5446E-07,-3.2512E-07
0.025,0.3,-1.4090000000000002E-06,5.1E-13,1.3818E-06,3.5446E-07,-3.2514E-07
0.02,0.3,-1.4057000000000002E-06,-5.1E-13,1.3715000000000001E-06,3.5448E-07,-3.2516E-07
0.015000000000000001,0.3,-1.4119000000000002E-06,-9.5E-13,1.3764E-06,3.5454E-07,-3.251E-07
0.01,0.3,-1.4072E-06,1.0600000000000001E-12,1.3797E-06,3.545E-07,-3.2508E-07
0.005,0.3,-1.4108000000000001E-06,-1.46E-12,1.3753000000000002E-06,3.5444E-07,-3.251E-07
0,0.3,-1.3949000000000002E-06,-1.1100000000000001E-12,1.3711E-06,3.5454E-07,-3.2508E-07
1.2,0.45,-3.1392E-07,-4.0000000000000006E-14,2.9908E-07,3.3988E-07,-3.252E-07
1.195,0.45,-3.112E-07,1.1100000000000001E-12,2.9772E-07,3.3978E-07,-3.2524E-07
1.19,0.45,-3.128E-07,9.4E-13,2.953E-07,3.3984E-07,-3.2522E-07
1.185,0.45,-3.1137999999999997E-07,3.07E-12,2.9822E-07,3.3984E-07,-3.2518E-07
1.1800000000000002,0.45,-3.1232E-07,8.8000000000000009E-13,2.9629999999999997E-07,3.3982E-07,-3.2522E-07
1.175,0.45,-3.1095999999999997E-07,-1.21E-12,2.9722E-07,3.398E-07,-3.252E-07
1.1700000000000002,0.45,-3.1272E-07,2.49E-12,2.9615999999999997E-07,3.3984E-07,-3.2518E-07
1.165,0.45,-3.1312E-07,-2.7E-13,2.996E-07,3.3988E-07,-3.2524E-07
1.1600000000000001,0.45,-3.131E-07,-1.0000000000000002E-14,2.9573999999999997E-07,3.398E-07,-3.252E-07
1.155,0.45,-3.1162E-07,2.52E-12,2.968E-07,3.397E-07,-3.2512E-07
1.1500000000000001,0.45,-3.109E-07,-5E-14,2.9434E-07,3.3974E-07,-3.2514E-07
1.145,0.45,-3.0946E-07,-9.2000000000000012E-13,2.9592E-07,3.3974E-07,-3.2514E-07
1.1400000000000001,0.45,-3.0944E-07,2.46E-12,2.947E-07,3.3976E-07,-3.2512E-07
1.135,0.45,-3.1062E-07,-1.8400000000000002E-12,2.9587999999999997E-07,3.3972E-07,-3.2512E-07
1.1300000000000001,0.45,-3.0896E-07,1.0600000000000001E-12,2.949E-07,3.3968E-07,-3.2512E-07
1.125,0.45,-3.1109999999999997E-07,1.4400000000000001E-12,2.9436E-07,3.397E-07,-3.2514E-07
1.12,0.45,-3.1078E-07,-1.2000000000000002E-13,2.9638E-07,3.397E-07,-3.2516E-07
1.115,0.45,-3.0904E-07,-4.2000000000000003E-13,2.966E-07,3.397E-07,-3.2508E-07
1.11,0.45,-3.1092E-07,2.5300000000000003E-12,2.9778E-07,3.3968E-07,-3.2514E-07
1.105,0.45,-3.1212E-07,-2.1700000000000002E-12,2.9769999999999997E-07,3.3972E-07,-3.2516E-07
1.1,0.45,-3.1238E-07,2.4000000000000004E-13,2.9604E-07,3.3978E-07,-3.2506E-07
1.095,0.45,-3.1086E-07,3.0400000000000004E-12,2.9448E-07,3.3972E-07,-3.2512E-07
1.09,0.45,-3.1158E-07,-2.2500000000000003E-12,2.9699999999999997E-07,3.3988E-07,-3.2516E-07
1.085,0.45,-3.1128E-07,1.73E-12,2.9668E-07,3.3976E-07,-3.2518E-07
1.08,0.45,-3.108E-07,5.5000000000000008E-13,2.936E-07,3.3978E-07,-3.2508E-07
1.075,0.45,-3.1058E-07,-1.3000000000000001E-12,2.967E-07,3.3972E-07,-3.2506E-07
1.07,0.45,-3.1384E-07,4.5000000000000005E-13,2.9772E-07,3.3972E-07,-3.252E-07
1.065,0.45,-3.1333999999999997E-07,5.8000000000000005E-13,2.9774E-07,3.3978E-07,-3.2518E-07
1.06,0.45,-3.1324E-07,-8.1000000000000008E-13,2.9842E-07,3.3974E-07,-3.2508E-07
1.0550000000000002,0.45,-3.0944E-07,1.3000000000000001E-12,2.9552E-07,3.3982E-07,-3.2516E-07
1.05,0.45,-3.1134E-07,9.000000000000001E-13,2.9626E-07,3.3968E-07,-3.2518E-07
1.0450000000000002,0.45,-3.1249999999999997E-07,-5.9E-13,2.9786E-07,3.3976E-07,-3.251E-07
1.04,0.45,-3.1002E-07,9.2000000000000012E-13,2.9596E-07,3.3976E-07,-3.2518E-07
1.0350000000000001,0.45,-3.1204E-07,6.9000000000000009E-13,2.9825999999999997E-07,3.3972E-07,-3.2514E-07
1.03,0.45,-3.1246E-07,-1.23E-12,2.9712E-07,3.3968E-07,-3.2512E-07
1.0250000000000001,0.45,-3.1388E-07,1.93E-12,2.9638E-07,3.3962E-07,-3.2512E-07
1.02,0.45,-3.1176E-07,-4.4000000000000004E-13,2.978E-07,3.3968E-07,-3.2512E-07
1.0150000000000001,0.45,-3.1234E-07,6.0000000000000009E-14,2.9622E-07,3.397E-07,-3.2512E-07
1.01,0.45,-3.1224E-07,8.4000000000000006E-13,2.9678E-07,3.3972E-07,-3.2512E-07
1.0050000000000001,0.45,-3.119E-07,-1E-13,2.98E-07,3.3966E-07,-3.2514E-07
1,0.45,-3.0786E-07,-4.9E-13,2.9734E-07,3.3972E-07,-3.2512E-07
0.995,0.45,-3.1126E-07,9.8E-13,2.9755999999999997E-07,3.397E-07,-3.2508E-07
0.9900000000000001,0.45,-3.1046E-07,6.8E-13,2.9544E-07,3.3974E-07,-3.251E-07
0.9850000000000001,0.45,-3.0934E-07,6.9000000000000009E-13,2.9508E-07,3.3972E-07,-3.2516E-07
0.98000000000000009,0.45,-3.1358E-07,4.3000000000000004E-13,3.0058E-07,3.3976E-07,-3.2518E-07
0.97500000000000009,0.45,-3.1408E-07,-1.2800000000000002E-12,2.9974E-07,3.3978E-07,-3.2518E-07
0.97000000000000008,0.45,-3.1346E-07,8.4000000000000006E-13,2.9741999999999997E-07,3.3978E-07,-3.2516E-07
0.96500000000000008,0.45,-3.123E-07,-2.5E-13,2.976E-07,3.3982E-07,-3.2514E-07
0.96000000000000008,0.45,-3.1296E-07,-1.4E-13,2.9856E-07,3.3978E-07,-3.2518E-07
0.95500000000000007,0.45,-3.1268E-07,7.2000000000000006E-13,2.9614E-07,3.3982E-07,-3.2514E-07
0.95000000000000007,0.45,-3.1106E-07,-5.5000000000000008E-13,2.9568E-07,3.3972E-07,-3.2516E-07
0.94500000000000006,0.45,-3.0946E-07,-1.6100000000000002E-12,2.9618E-07,3.3982E-07,-3.2518E-07
0.94000000000000006,0.45,-3.1174E-07,7.6000000000000009E-13,2.9544E-07,3.3984E-07,-3.2514E-07
0.935,0.45,-3.1126E-07,-2.39E-12,2.9706E-07,3.3982E-07,-3.2528E-07
0.93,0.45,-3.0888E-07,1.59E-12,2.9584E-07,3.3982E-07,-3.2526E-07
0.925,0.45,-3.1193999999999997E-07,1.8000000000000002E-13,2.9508E-07,3.397E-07,-3.2512E-07
0.92,0.45,-3.1156E-07,-1.1900000000000002E-12,2.9848E-07,3.3972E-07,-3.2512E-07
0.915,0.45,-3.1184E-07,8.7E-13,2.9836E-07,3.3966E-07,-3.2512E-07
0.91,0.45,-3.0986E-07,-2.5E-13,2.9458E-07,3.3972E-07,-3.2514E-07
0.905,0.45,-3.11E-07,-1.1500000000000002E-12,2.9712E-07,3.3972E-07,-3.2512E-07
0.9,0.45,-3.1104E-07,5.8000000000000005E-13,2.962E-07,3.3976E-07,-3.2512E-07
0.895,0.45,-3.1054E-07,-2.1000000000000001E-13,2.944E-07,3.397E-07,-3.2514E-07
0.89,0.45,-3.0864E-07,-6.7000000000000007E-13,2.9706E-07,3.3968E-07,-3.251E-07
0.885,0.45,-3.1472E-07,1.04E-12,2.9838E-07,3.397E-07,-3.2512E-07
0.88,0.45,-3.1193999999999997E-07,-6.0000000000000007E-13,2.967E-07,3.3976E-07,-3.2508E-07
0.875,0.45,-3.1136E-07,-1.4200000000000002E-12,2.9592E-07,3.396E-07,-3.2506E-07
0.87,0.45,-3.1206E-07,9.6000000000000015E-13,2.9881999999999997E-07,3.397E-07,-3.2506E-07
0.865,0.45,-3.1336E-07,5E-13,2.9916E-07,3.3964E-07,-3.251E-07
0.86,0.45,-3.1252E-07,-1.6300000000000001E-12,2.9902E-07,3.3968E-07,-3.2506E-07
0.85500000000000009,0.45,-3.1235999999999997E-07,2.1000000000000003E-12,2.979E-07,3.3982E-07,-3.252E-07
0.85000000000000009,0.45,-3.1221999999999997E-07,-1.6E-12,2.9626E-07,3.397E-07,-3.2506E-07
0.84500000000000008,0.45,-3.1058E-07,-8.2E-13,2.9608E-07,3.3978E-07,-3.2518E-07
0.84000000000000008,0.45,-3.1123999999999997E-07,6.1E-13,2.971E-07,3.3974E-07,-3.251E-07
0.83500000000000008,0.45,-3.1212E-07,-9.7000000000000011E-13,2.9494E-07,3.3978E-07,-3.2514E-07
0.83000000000000007,0.45,-3.1193999999999997E-07,-9.4E-13,2.9622E-07,3.3966E-07,-3.2508E-07
0.82500000000000007,0.45,-3.1174E-07,2.4500000000000003E-12,2.9685999999999997E-07,3.3966E-07,-3.2508E-07
0.82000000000000006,0.45,-3.131E-07,-1.95E-12,2.9608E-07,3.3978E-07,-3.2514E-07
0.81500000000000006,0.45,-3.0962E-07,-9.0000000000000008E-14,2.972E-07,3.3976E-07,-3.2504E-07
0.81,0.45,-3.1076E-07,1.0500000000000002E-12,2.976E-07,3.3974E-07,-3.2504E-07
0.805,0.45,-3.107E-07,-1.7600000000000002E-12,2.9558E-07,3.3978E-07,-3.251E-07
0.8,0.45,-3.1018E-07,3.1000000000000004E-13,2.9668E-07,3.3972E-07,-3.2512E-07
0.795,0.45,-3.1382E-07,1.23E-12,2.9746E-07,3.3976E-07,-3.2506E-07
0.79,0.45,-3.134E-07,-1.37E-12,2.9832E-07,3.3972E-07,-3.2506E-07
0.785,0.45,-3.1074E-07,-3.0000000000000003E-13,2.9474E-07,3.3974E-07,-3.2512E-07
0.78,0.45,-3.1137999999999997E-07,1.6600000000000002E-12,2.9494E-07,3.3972E-07,-3.2516E-07
0.775,0.45,-3.1375999999999997E-07,-3.0800000000000002E-12,2.9886E-07,3.3984E-07,-3.2514E-07
0.77,0.45,-3.1221999999999997E-07,1.23E-12,2.9678E-07,3.3972E-07,-3.2516E-07
0.765,0.45,-3.1164E-07,-1.5000000000000002E-13,2.968E-07,3.398E-07,-3.2508E-07
0.76,0.45,-3.1242E-07,-8.4000000000000006E-13,2.9783999999999997E-07,3.3974E-07,-3.251E-07
0.755,0.45,-3.1156E-07,1.1000000000000001E-13,2.9772E-07,3.397E-07,-3.251E-07
0.75,0.45,-3.1074E-07,2.8E-13,2.9727999999999997E-07,3.3964E-07,-3.2512E-07
0.745,0.45,-3.1207999999999997E-07,-2.8400000000000004E-12,2.967E-07,3.3966E-07,-3.2506E-07
0.74,0.45,-3.1284E-07,1.36E-12,2.9838E-07,3.3968E-07,-3.2512E-07
0.735,0.45,-3.1302E-07,4.0000000000000006E-14,2.9754E-07,3.3968E-07,-3.2506E-07
0.73,0.45,-3.1244E-07,-3.0400000000000004E-12,2.9702E-07,3.3968E-07,-3.251E-07
0.72500000000000009,0.45,-3.1137999999999997E-07,2.24E-12,2.9796E-07,3.3964E-07,-3.2512E-07
0.72000000000000008,0.45,-3.1328E-07,-1.09E-12,3.0052E-07,3.3976E-07,-3.2512E-07
0.71500000000000008,0.45,-3.1277999999999997E-07,-1.5300000000000001E-12,2.9685999999999997E-07,3.3976E-07,-3.2518E-07
0.71000000000000008,0.45,-3.1272E-07,8.8000000000000009E-13,2.9698E-07,3.3972E-07,-3.2512E-07
0.70500000000000007,0.45,-3.1305999999999997E-07,-1.31E-12,2.9684E-07,3.3972E-07,-3.251E-07
0.70000000000000007,0.45,-3.1094E-07,-1.36E-12,2.98E-07,3.3972E-07,-3.2508E-07
0.69500000000000006,0.45,-3.12E-07,1.55E-12,2.9727999999999997E-07,3.3966E-07,-3.2512E-07
0.69000000000000006,0.45,-3.114E-07,-1.4800000000000002E-12,2.9866E-07,3.3964E-07,-3.2506E-07
0.685,0.45,-3.0994E-07,-7E-13,2.9508E-07,3.3972E-07,-3.2512E-07
0.68,0.45,-3.1282E-07,1.7E-13,2.9796E-07,3.3966E-07,-3.251E-07
0.675,0.45,-3.1042E-07,-1.04E-12,2.9612E-07,3.397E-07,-3.2516E-07
0.67,0.45,-3.1262E-07,-9.6000000000000015E-13,2.9772E-07,3.3972E-07,-3.2504E-07
0.665,0.45,-3.1146E-07,1.3E-13,2.9712E-07,3.397E-07,-3.2508E-07
0.66,0.45,-3.1358E-07,-9.3E-13,2.9836E-07,3.3972E-07,-3.2504E-07
0.655,0.45,-3.1172E-07,-1.9000000000000002E-13,2.9716E-07,3.3972E-07,-3.2514E-07
0.65,0.45,-3.1076E-07,7.8000000000000011E-13,2.9746E-07,3.398E-07,-3.2516E-07
0.645,0.45,-3.1144E-07,-1.8900000000000002E-12,2.9699999999999997E-07,3.397E-07,-3.251E-07
0.64,0.45,-3.1336E-07,6.3E-13,2.9806E-07,3.3978E-07,-3.2518E-07
0.635,0.45,-3.1274E-07,-4.5000000000000005E-13,2.9844E-07,3.3984E-07,-3.2514E-07
0.63,0.45,-3.133E-07,-9.6000000000000015E-13,2.9946E-07,3.3978E-07,-3.2512E-07
0.625,0.45,-3.1193999999999997E-07,1.2500000000000001E-12,2.9844E-07,3.3974E-07,-3.252E-07
0.62,0.45,-3.1346E-07,-4.4000000000000004E-13,2.9724E-07,3.3972E-07,-3.2512E-07
0.615,0.45,-3.1316E-07,-2.4000000000000004E-13,2.9727999999999997E-07,3.3978E-07,-3.2518E-07
0.61,0.45,-3.1234E-07,-9.0000000000000008E-14,2.9864E-07,3.3974E-07,-3.2524E-07
0.605,0.45,-3.1386E-07,-1.83E-12,2.9844E-07,3.3972E-07,-3.2516E-07
0.6,0.45,-3.138E-07,-3.6000000000000003E-13,2.9895999999999997E-07,3.3982E-07,-3.2516E-07
0.595,0.45,-3.1242E-07,1.13E-12,3.0082E-07,3.3978E-07,-3.2518E-07
0.59000000000000008,0.45,-3.1564E-07,-1.91E-12,2.971E-07,3.3974E-07,-3.252E-07
0.58500000000000008,0.45,-3.1204E-07,7E-13,2.9914E-07,3.3968E-07,-3.251E-07
0.58000000000000007,0.45,-3.1277999999999997E-07,-9.6000000000000015E-13,2.979E-07,3.3976E-07,-3.2518E-07
0.57500000000000007,0.45,-3.1165999999999997E-07,-1.3500000000000001E-12,2.993E-07,3.3972E-07,-3.251E-07
0.57000000000000006,0.45,-3.1262E-07,1.3300000000000002E-12,2.9814E-07,3.3976E-07,-3.2512E-07
0.56500000000000006,0.45,-3.1316E-07,-1.2400000000000002E-12,3.0016E-07,3.3972E-07,-3.2516E-07
0.56,0.45,-3.1358E-07,-6.9000000000000009E-13,2.9648E-07,3.3972E-07,-3.2508E-07
0.555,0.45,-3.1459999999999997E-07,-6.0000000000000009E-14,2.9937999999999997E-07,3.4048E-07,-3.2512E-07
0.55,0.45,-3.1132E-07,-9.8E-13,2.9504E-07,3.406E-07,-3.2514E-07
0.545,0.45,-3.1328E-07,-8.6000000000000007E-13,2.9748E-07,3.405E-07,-3.2518E-07
0.54,0.45,-3.1286E-07,9.000000000000001E-13,2.994E-07,3.398E-07,-3.2514E-07
0.535,0.45,-3.1221999999999997E-07,-1.5700000000000002E-12,2.974E-07,3.3974E-07,-3.2508E-07
0.53,0.45,-3.1118E-07,-2.5E-13,2.9744E-07,3.397E-07,-3.2512E-07
0.525,0.45,-3.1268E-07,5.6E-13,2.983E-07,3.3978E-07,-3.2514E-07
0.52,0.45,-3.109E-07,-1.1500000000000002E-12,2.9676E-07,3.3968E-07,-3.251E-07
0.515,0.45,-3.1468E-07,-1.7100000000000002E-12,2.9824E-07,3.398E-07,-3.2512E-07
0.51,0.45,-3.1062E-07,6.6E-13,2.9906E-07,3.3976E-07,-3.2512E-07
0.505,0.45,-3.1204E-07,-1.7600000000000002E-12,2.9772E-07,3.3972E-07,-3.2512E-07
0.5,0.45,-3.1234E-07,2.9000000000000003E-13,2.9811999999999997E-07,3.3978E-07,-3.2522E-07
0.49500000000000005,0.45,-3.1262E-07,1.8200000000000003E-12,2.9668E-07,3.397E-07,-3.2506E-07
0.49000000000000005,0.45,-3.1454E-07,-2.44E-12,2.9962E-07,3.397E-07,-3.2516E-07
0.48500000000000004,0.45,-3.1504E-07,8E-13,2.9866E-07,3.3974E-07,-3.2508E-07
0.48000000000000004,0.45,-3.149E-07,3.7000000000000004E-13,2.9722E-07,3.3966E-07,-3.2502E-07
0.47500000000000003,0.45,-3.1226E-07,-2.8400000000000004E-12,2.9824E-07,3.398E-07,-3.2512E-07
0.47000000000000003,0.45,-3.1095999999999997E-07,4E-13,2.978E-07,3.3964E-07,-3.2506E-07
0.465,0.45,-3.14E-07,8.6000000000000007E-13,2.9942E-07,3.3958E-07,-3.2512E-07
0.46,0.45,-3.1291999999999997E-07,-1.6200000000000002E-12,2.9788E-07,3.3958E-07,-3.2518E-07
0.455,0.45,-3.1268E-07,1.6200000000000002E-12,2.9802E-07,3.3968E-07,-3.2512E-07
0.45,0.45,-3.1136E-07,-3.2000000000000005E-13,2.967E-07,3.3964E-07,-3.2502E-07
0.445,0.45,-3.1384E-07,-1.3900000000000001E-12,2.9998E-07,3.3972E-07,-3.2502E-07
0.44,0.45,-3.1058E-07,4E-13,2.9626E-07,3.397E-07,-3.2506E-07
0.435,0.45,-3.1104E-07,1.7E-13,2.9704E-07,3.3972E-07,-3.2506E-07
0.43,0.45,-3.1368E-07,-1.8100000000000002E-12,2.9872E-07,3.3964E-07,-3.2508E-07
0.42500000000000004,0.45,-3.1344E-07,1.1000000000000002E-12,2.9614E-07,3.3964E-07,-3.2508E-07
0.42000000000000004,0.45,-3.1112E-07,-1.03E-12,2.995E-07,3.3968E-07,-3.2508E-07
0.41500000000000004,0.45,-3.1235999999999997E-07,-2.8600000000000003E-12,3.0108E-07,3.3978E-07,-3.2512E-07
0.41000000000000003,0.45,-3.1224E-07,6.0000000000000009E-14,2.9934E-07,3.3976E-07,-3.2512E-07
0.405,0.45,-3.143E-07,-1.0000000000000002E-14,2.992E-07,3.3972E-07,-3.2514E-07
0.4,0.45,-3.1162E-07,-1.6700000000000002E-12,2.9754E-07,3.3976E-07,-3.2512E-07
0.395,0.45,-3.1312E-07,1.1500000000000002E-12,2.9662E-07,3.3976E-07,-3.2514E-07
0.39,0.45,-3.1428E-07,-8.300000000000001E-13,2.9862E-07,3.3966E-07,-3.2508E-07
0.385,0.45,-3.1174E-07,-2.16E-12,2.9652E-07,3.3974E-07,-3.2512E-07
0.38,0.45,-3.1386E-07,2.4300000000000003E-12,2.9552E-07,3.3982E-07,-3.2514E-07
0.375,0.45,-3.1319999999999997E-07,-2.8E-12,3.0014E-07,3.3978E-07,-3.2514E-07
0.37,0.45,-3.1494E-07,-2.0000000000000003E-14,2.9916E-07,3.3976E-07,-3.2518E-07
0.365,0.45,-3.1352E-07,1.1000000000000002E-12,2.9818E-07,3.3976E-07,-3.252E-07
0.36000000000000004,0.45,-3.1274E-07,-1.27E-12,2.9881999999999997E-07,3.3964E-07,-3.2506E-07
0.35500000000000004,0.45,-3.122E-07,-2E-13,2.9776E-07,3.3964E-07,-3.2506E-07
0.35000000000000003,0.45,-3.1312E-07,3.6000000000000003E-13,2.982E-07,3.3962E-07,-3.2506E-07
0.34500000000000003,0.45,-3.117E-07,-2.5800000000000003E-12,2.9734E-07,3.3968E-07,-3.2506E-07
0.34,0.45,-3.1276E-07,1.6000000000000003E-13,2.9895999999999997E-07,3.3966E-07,-3.2512E-07
0.335,0.45,-3.1375999999999997E-07,-3.5E-13,2.9716E-07,3.3962E-07,-3.25E-07
0.33,0.45,-3.1006E-07,-1.13E-12,2.9652E-07,3.3964E-07,-3.2508E-07
0.325,0.45,-3.1212E-07,1.3E-13,2.9797999999999997E-07,3.3974E-07,-3.2518E-07
0.32,0.45,-3.1122E-07,2.3000000000000003E-13,2.982E-07,3.3966E-07,-3.2506E-07
0.315,0.45,-3.1046E-07,-1.9200000000000003E-12,2.9652E-07,3.3966E-07,-3.2508E-07
0.31,0.45,-3.1072E-07,3.8000000000000005E-13,2.9478E-07,3.3966E-07,-3.2506E-07
0.305,0.45,-3.0964E-07,-1.2000000000000002E-13,2.9552E-07,3.397E-07,-3.251E-07
0.3,0.45,-3.0998E-07,-1.14E-12,2.9626E-07,3.3966E-07,-3.2504E-07
0.29500000000000004,0.45,-3.0864E-07,1.22E-12,2.9372E-07,3.3978E-07,-3.2508E-07
0.29000000000000004,0.45,-3.0906E-07,-1.65E-12,2.9484E-07,3.397E-07,-3.25E-07
0.28500000000000003,0.45,-3.0758E-07,-2.1000000000000001E-13,2.949E-07,3.397E-07,-3.2506E-07
0.28,0.45,-3.0918E-07,-7.3E-13,2.9544E-07,3.397E-07,-3.2506E-07
0.275,0.45,-3.0994E-07,-1.1500000000000002E-12,2.9538E-07,3.3972E-07,-3.2506E-07
0.27,0.45,-3.1104E-07,-7E-13,2.9706E-07,3.3972E-07,-3.2506E-07
0.265,0.45,-3.1024E-07,1.1600000000000001E-12,2.9614E-07,3.397E-07,-3.2514E-07
0.26,0.45,-3.112E-07,-1.3900000000000001E-12,2.9772E-07,3.3974E-07,-3.2512E-07
0.255,0.45,-3.0978E-07,4.4000000000000004E-13,2.9646E-07,3.397E-07,-3.25E-07
0.25,0.45,-3.1094E-07,-1.08E-12,2.9864E-07,3.397E-07,-3.2506E-07
0.24500000000000002,0.45,-3.1274E-07,-4.5000000000000005E-13,2.9858E-07,3.397E-07,-3.2506E-07
0.24000000000000002,0.45,-3.1193999999999997E-07,4.0000000000000006E-14,2.9601999999999997E-07,3.3982E-07,-3.2508E-07
0.23500000000000001,0.45,-3.1221999999999997E-07,-5.6E-13,2.9824E-07,3.3966E-07,-3.2516E-07
0.23,0.45,-3.123E-07,-7.8000000000000011E-13,2.9923999999999997E-07,3.397E-07,-3.2512E-07
0.225,0.45,-3.1403999999999997E-07,5.1E-13,2.9788E-07,3.3976E-07,-3.251E-07
0.22,0.45,-3.1086E-07,-1.6800000000000001E-12,2.9596E-07,3.3976E-07,-3.251E-07
0.215,0.45,-3.1062E-07,4.0000000000000006E-14,2.9622E-07,3.3972E-07,-3.2502E-07
0.21000000000000002,0.45,-3.126E-07,5.3000000000000006E-13,2.9706E-07,3.3974E-07,-3.2506E-07
0.20500000000000002,0.45,-3.1212E-07,-2E-12,2.9638E-07,3.3974E-07,-3.2508E-07
0.2,0.45,-3.1176E-07,8.8000000000000009E-13,2.9808E-07,3.3964E-07,-3.2512E-07
0.195,0.45,-3.1032E-07,1.9000000000000002E-13,2.973E-07,3.3968E-07,-3.2514E-07
0.19,0.45,-3.106E-07,-1.22E-12,2.971E-07,3.3978E-07,-3.2514E-07
0.185,0.45,-3.1116E-07,-3.4E-13,2.9738E-07,3.3966E-07,-3.2512E-07
0.18000000000000002,0.45,-3.129E-07,6.3E-13,2.9764E-07,3.3974E-07,-3.2506E-07
0.17500000000000002,0.45,-3.1338E-07,-2.01E-12,2.9818E-07,3.3968E-07,-3.2506E-07
0.17,0.45,-3.1361999999999997E-07,4.5000000000000005E-13,2.9652E-07,3.3968E-07,-3.2514E-07
0.165,0.45,-3.1116E-07,4.1E-13,2.986E-07,3.3972E-07,-3.2504E-07
0.16,0.45,-3.1198E-07,-2.14E-12,2.9888E-07,3.397E-07,-3.2502E-07
0.155,0.45,-3.1206E-07,8.0000000000000013E-14,2.9825999999999997E-07,3.3968E-07,-3.2504E-07
0.15,0.45,-3.1286E-07,5E-13,2.9965999999999997E-07,3.397E-07,-3.2512E-07
0.14500000000000002,0.45,-3.105E-07,-2.29E-12,2.9615999999999997E-07,3.3972E-07,-3.2514E-07
0.14,0.45,-3.0984E-07,1.6700000000000002E-12,2.9542E-07,3.3972E-07,-3.251E-07
0.135,0.45,-3.0888E-07,2E-13,2.9643999999999997E-07,3.3968E-07,-3.2512E-07
0.13,0.45,-3.0928E-07,-2.4000000000000003E-12,2.9592E-07,3.3972E-07,-3.2512E-07
0.125,0.45,-3.1168E-07,1.83E-12,2.966E-07,3.3964E-07,-3.2506E-07
0.12000000000000001,0.45,-3.144E-07,-1.65E-12,2.9856E-07,3.3964E-07,-3.2506E-07
0.115,0.45,-3.1342E-07,-1.8100000000000002E-12,2.9974E-07,3.397E-07,-3.2508E-07
0.11,0.45,-3.0964E-07,5.6E-13,2.9612E-07,3.3972E-07,-3.2508E-07
0.10500000000000001,0.45,-3.1081999999999997E-07,-9.6000000000000015E-13,2.9652E-07,3.3972E-07,-3.2514E-07
0.1,0.45,-3.1132E-07,-1.55E-12,2.9738E-07,3.3966E-07,-3.2518E-07
0.095,0.45,-3.1086E-07,1.3300000000000002E-12,2.9452E-07,3.3984E-07,-3.2512E-07
0.090000000000000011,0.45,-3.097E-07,-1.78E-12,2.9646E-07,3.3978E-07,-3.252E-07
0.085,0.45,-3.077E-07,-1.3900000000000001E-12,2.946E-07,3.398E-07,-3.2518E-07
0.08,0.45,-3.1074E-07,4.0000000000000006E-14,2.9622E-07,3.3976E-07,-3.2508E-07
0.075,0.45,-3.113E-07,-1.32E-12,2.9674E-07,3.3978E-07,-3.2514E-07
0.07,0.45,-3.1234E-07,-6.6E-13,2.9608E-07,3.3978E-07,-3.2512E-07
0.065,0.45,-3.1294E-07,9.5E-13,2.9704E-07,3.3974E-07,-3.2514E-07
0.060000000000000005,0.45,-3.1184E-07,-1.6700000000000002E-12,2.9584E-07,3.397E-07,-3.2514E-07
0.055,0.45,-3.1018E-07,-5.8000000000000005E-13,2.9598E-07,3.398E-07,-3.2516E-07
0.05,0.45,-3.1022E-07,1.6700000000000002E-12,2.9738E-07,3.3966E-07,-3.251E-07
0.045000000000000005,0.45,-3.1142E-07,-2.14E-12,2.9776E-07,3.3976E-07,-3.2514E-07
0.04,0.45,-3.129E-07,-3.9000000000000005E-13,2.975E-07,3.3974E-07,-3.251E-07
0.035,0.45,-3.0986E-07,5E-13,2.9582E-07,3.3976E-07,-3.2512E-07
0.030000000000000002,0.45,-3.0998E-07,-1.8000000000000002E-12,2.9502E-07,3.397E-07,-3.2512E-07
0.025,0.45,-3.1268E-07,2E-13,2.9576E-07,3.3976E-07,-3.2506E-07
0.02,0.45,-3.1206E-07,5E-13,2.9704E-07,3.397E-07,-3.2516E-07
0.015000000000000001,0.45,-3.1204E-07,-2E-12,2.9608E-07,3.3976E-07,-3.2506E-07
0.01,0.45,-3.1396E-07,1.3000000000000001E-12,2.955E-07,3.3978E-07,-3.2512E-07
0.005,0.45,-3.1554E-07,-9.5E-13,2.9783999999999997E-07,3.397E-07,-3.251E-07
0,0.45,-3.1221999999999997E-07,-5.4E-13,2.9708E-07,3.398E-07,-3.2514E-07
1.2,0.6,-7.44234E-08,1.27E-12,6.8068399999999993E-08,3.3144E-07,-3.2524E-07
1.195,0.6,-7.467679999999999E-08,3.0000000000000003E-13,6.808179999999999E-08,3.3135999999999997E-07,-3.2512E-07
1.19,0.6,-7.4741399999999989E-08,9.9E-13,6.81382E-08,3.3142E-07,-3.2516E-07
1.185,0.6,-7.44914E-08,1.2800000000000002E-12,6.83548E-08,3.3135999999999997E-07,-3.2518E-07
1.1800000000000002,0.6,-7.44246E-08,2.0000000000000003E-14,6.8322E-08,3.3148E-07,-3.2518E-07
1.175,0.6,-7.4385999999999989E-08,1.7600000000000002E-12,6.8338999999999987E-08,3.3142E-07,-3.252E-07
1.1700000000000002,0.6,-7.4365399999999986E-08,7.5E-13,6.79918E-08,3.3138E-07,-3.2518E-07
1.165,0.6,-7.4309599999999987E-08,-7E-14,6.789039999999999E-08,3.3144E-07,-3.2522E-07
1.1600000000000001,0.6,-7.42824E-08,7.2000000000000006E-13,6.7947199999999991E-08,3.3142E-07,-3.2526E-07
1.155,0.6,-7.40614E-08,9.5E-13,6.8085999999999992E-08,3.3149999999999997E-07,-3.2516E-07
1.1500000000000001,0.6,-7.43622E-08,-3.0000000000000003E-13,6.7999799999999989E-08,3.3148E-07,-3.2526E-07
1.145,0.6,-7.4208599999999991E-08,5.4E-13,6.78548E-08,3.3148E-07,-3.2522E-07
1.1400000000000001,0.6,-7.39818E-08,1.2800000000000002E-12,6.79224E-08,3.3142E-07,-3.2514E-07
1.135,0.6,-7.3996799999999987E-08,-7.8000000000000011E-13,6.77902E-08,3.3142E-07,-3.2512E-07
1.1300000000000001,0.6,-7.39798E-08,1.4300000000000002E-12,6.7695E-08,3.3144E-07,-3.2524E-07
1.125,0.6,-7.4056399999999993E-08,5.2E-13,6.779739999999999E-08,3.314E-07,-3.2518E-07
1.12,0.6,-7.3799599999999991E-08,-1.5200000000000002E-12,6.76932E-08,3.3142E-07,-3.251E-07
1.115,0.6,-7.41098E-08,1.7000000000000002E-12,6.7872999999999988E-08,3.3135999999999997E-07,-3.2514E-07
1.11,0.6,-7.39796E-08,-5.4E-13,6.7883599999999993E-08,3.3138E-07,-3.2514E-07
1.105,0.6,-7.4218799999999987E-08,-1.13E-12,6.77422E-08,3.3138E-07,-3.2518E-07
1.1,0.6,-7.401179999999999E-08,9.7000000000000011E-13,6.78768E-08,3.3142E-07,-3.2516E-07
1.095,0.6,-7.408619999999999E-08,-7.3E-13,6.7712999999999992E-08,3.3142E-07,-3.2518E-07
1.09,0.6,-7.4352799999999993E-08,-8.7E-13,6.8089E-08,3.3138E-07,-3.2516E-07
1.085,0.6,-7.4210799999999991E-08,1.7200000000000001E-12,6.79972E-08,3.3144E-07,-3.2518E-07
1.08,0.6,-7.4243599999999991E-08,-1.1100000000000001E-12,6.79644E-08,3.3146E-07,-3.2516E-07
1.075,0.6,-7.4027399999999987E-08,-3.5E-13,6.75718E-08,3.3142E-07,-3.251E-07
1.07,0.6,-7.3937599999999988E-08,2.69E-12,6.77026E-08,3.3138E-07,-3.252E-07
1.065,0.6,-7.41646E-08,-2.08E-12,6.8196E-08,3.3132E-07,-3.2508E-07
1.06,0.6,-7.408399999999999E-08,1.7E-13,6.7879E-08,3.3135999999999997E-07,-3.2508E-07
1.0550000000000002,0.6,-7.4459999999999993E-08,2.11E-12,6.8222999999999988E-08,3.3138E-07,-3.2522E-07
1.05,0.6,-7.4735599999999993E-08,-2.0700000000000003E-12,6.83074E-08,3.3135999999999997E-07,-3.2512E-07
1.0450000000000002,0.6,-7.4760199999999987E-08,1.6700000000000002E-12,6.8205599999999987E-08,3.3138E-07,-3.2508E-07
1.04,0.6,-7.4312399999999992E-08,2.7E-13,6.84248E-08,3.3138E-07,-3.2518E-07
1.0350000000000001,0.6,-7.44304E-08,-4.1E-13,6.8071999999999989E-08,3.3144E-07,-3.2518E-07
1.03,0.6,-7.4507199999999991E-08,1.8400000000000002E-12,6.8056799999999988E-08,3.3138E-07,-3.2514E-07
1.0250000000000001,0.6,-7.4346799999999986E-08,-4.0000000000000006E-14,6.823E-08,3.3148E-07,-3.2514E-07
1.02,0.6,-7.4414399999999989E-08,-9.5E-13,6.82138E-08,3.3138E-07,-3.252E-07
1.0150000000000001,0.6,-7.4365199999999989E-08,1.7200000000000001E-12,6.837599999999999E-08,3.3138E-07,-3.2514E-07
1.01,0.6,-7.4578199999999992E-08,1.1100000000000001E-12,6.81524E-08,3.314E-07,-3.2516E-07
1.0050000000000001,0.6,-7.45712E-08,-1.08E-12,6.81808E-08,3.3148E-07,-3.2522E-07
1,0.6,-7.42376E-08,3.72E-12,6.8489599999999991E-08,3.3144E-07,-3.2518E-07
0.995,0.6,-7.4620199999999987E-08,-1.37E-12,6.82028E-08,3.3138E-07,-3.2514E-07
0.9900000000000001,0.6,-7.4330399999999986E-08,2E-13,6.8002799999999993E-08,3.3142E-07,-3.252E-07
0.9850000000000001,0.6,-7.4634999999999993E-08,1.2900000000000002E-12,6.82178E-08,3.3142E-07,-3.2514E-07
0.98000000000000009,0.6,-7.4485599999999988E-08,-1.36E-12,6.8080799999999988E-08,3.3138E-07,-3.2516E-07
0.97500000000000009,0.6,-7.4488599999999991E-08,2.4000000000000004E-13,6.7952599999999991E-08,3.3144E-07,-3.2516E-07
0.97000000000000008,0.6,-7.4258199999999987E-08,2.4000000000000004E-13,6.8280599999999993E-08,3.3135999999999997E-07,-3.252E-07
0.96500000000000008,0.6,-7.44184E-08,-3.4E-13,6.81204E-08,3.3148E-07,-3.2518E-07
0.96000000000000008,0.6,-7.4515799999999993E-08,-5.3000000000000006E-13,6.81566E-08,3.3142E-07,-3.2522E-07
0.95500000000000007,0.6,-7.4596799999999992E-08,1.8000000000000002E-13,6.8025799999999992E-08,3.3142E-07,-3.252E-07
0.95000000000000007,0.6,-7.4719599999999988E-08,-2.4000000000000004E-13,6.78952E-08,3.3144E-07,-3.2518E-07
0.94500000000000006,0.6,-7.4463599999999989E-08,-8.5000000000000011E-13,6.80224E-08,3.3138E-07,-3.2518E-07
0.94000000000000006,0.6,-7.43196E-08,1.6300000000000001E-12,6.84074E-08,3.3142E-07,-3.2512E-07
0.935,0.6,-7.4214999999999993E-08,-1.37E-12,6.7893799999999988E-08,3.3148E-07,-3.252E-07
0.93,0.6,-7.41438E-08,2.6E-13,6.78372E-08,3.3148E-07,-3.2526E-07
0.925,0.6,-7.44422E-08,-6.2000000000000008E-13,6.8134199999999991E-08,3.314E-07,-3.2522E-07
0.92,0.6,-7.435959999999999E-08,-8.8000000000000009E-13,6.79796E-08,3.3138E-07,-3.2512E-07
0.915,0.6,-7.4610999999999992E-08,-1.5800000000000001E-12,6.8178999999999991E-08,3.3138E-07,-3.2518E-07
0.91,0.6,-7.42882E-08,4.3000000000000004E-13,6.8353999999999991E-08,3.3142E-07,-3.2518E-07
0.905,0.6,-7.45274E-08,-1.4E-13,6.83382E-08,3.3144E-07,-3.2512E-07
0.9,0.6,-7.43744E-08,-9.5E-13,6.80406E-08,3.3142E-07,-3.2512E-07
0.895,0.6,-7.4177999999999991E-08,5.9E-13,6.82258E-08,3.314E-07,-3.2506E-07
0.89,0.6,-7.4301799999999988E-08,-9.2000000000000012E-13,6.7942599999999993E-08,3.3132E-07,-3.2512E-07
0.885,0.6,-7.4313E-08,-1.78E-12,6.76918E-08,3.3144E-07,-3.252E-07
0.88,0.6,-7.4037199999999987E-08,1.1900000000000002E-12,6.78088E-08,3.3142E-07,-3.2512E-07
0.875,0.6,-7.4156399999999988E-08,-1.9400000000000002E-12,6.77106E-08,3.3138E-07,-3.2518E-07
0.87,0.6,-7.40734E-08,4.2000000000000003E-13,6.75692E-08,3.3148E-07,-3.252E-07
0.865,0.6,-7.4185599999999992E-08,3.7000000000000004E-13,6.78636E-08,3.3142E-07,-3.2518E-07
0.86,0.6,-7.3987599999999992E-08,-1.45E-12,6.77988E-08,3.3149999999999997E-07,-3.2518E-07
0.85500000000000009,0.6,-7.44664E-08,6.1E-13,6.8233599999999992E-08,3.3142E-07,-3.252E-07
0.85000000000000009,0.6,-7.44464E-08,1.13E-12,6.81204E-08,3.3142E-07,-3.2518E-07
0.84500000000000008,0.6,-7.4304999999999989E-08,-1.4900000000000001E-12,6.83392E-08,3.3142E-07,-3.252E-07
0.84000000000000008,0.6,-7.4221999999999988E-08,1.5600000000000002E-12,6.792539999999999E-08,3.3142E-07,-3.2524E-07
0.83500000000000008,0.6,-7.40844E-08,-9.2000000000000012E-13,6.8046599999999992E-08,3.314E-07,-3.2522E-07
0.83000000000000007,0.6,-7.45504E-08,-1E-13,6.79404E-08,3.3146E-07,-3.2514E-07
0.82500000000000007,0.6,-7.417479999999999E-08,1.8100000000000002E-12,6.815719999999999E-08,3.3148E-07,-3.2524E-07
0.82000000000000006,0.6,-7.44402E-08,-1.7E-13,6.8304799999999991E-08,3.3149999999999997E-07,-3.2522E-07
0.81500000000000006,0.6,-7.4519599999999987E-08,-9.3E-13,6.83208E-08,3.3144E-07,-3.2514E-07
0.81,0.6,-7.46228E-08,2.21E-12,6.78822E-08,3.3144E-07,-3.2518E-07
0.805,0.6,-7.4406599999999991E-08,-1.2800000000000002E-12,6.8243399999999993E-08,3.3144E-07,-3.2516E-07
0.8,0.6,-7.46356E-08,-6.9000000000000009E-13,6.79686E-08,3.3142E-07,-3.2512E-07
0.795,0.6,-7.4495199999999991E-08,1.12E-12,6.8404199999999993E-08,3.3135999999999997E-07,-3.2508E-07
0.79,0.6,-7.4468199999999987E-08,-2.0700000000000003E-12,6.8186E-08,3.3135999999999997E-07,-3.2508E-07
0.785,0.6,-7.4453E-08,3.4E-13,6.813539999999999E-08,3.3132E-07,-3.2518E-07
0.78,0.6,-7.44234E-08,7.5E-13,6.8240199999999992E-08,3.3132E-07,-3.2508E-07
0.775,0.6,-7.44114E-08,-2.24E-12,6.8022799999999989E-08,3.3132E-07,-3.2508E-07
0.77,0.6,-7.4428E-08,1.91E-12,6.8045399999999993E-08,3.3135999999999997E-07,-3.2506E-07
0.765,0.6,-7.4457199999999987E-08,-8.7E-13,6.825459999999999E-08,3.3135999999999997E-07,-3.2506E-07
0.76,0.6,-7.45494E-08,-1.1900000000000002E-12,6.82866E-08,3.3138E-07,-3.2514E-07
0.755,0.6,-7.44224E-08,8.5000000000000011E-13,6.8235799999999992E-08,3.3132E-07,-3.251E-07
0.75,0.6,-7.4345199999999993E-08,5.1E-13,6.790899999999999E-08,3.3135999999999997E-07,-3.2506E-07
0.745,0.6,-7.4669999999999993E-08,-2.51E-12,6.83338E-08,3.3135999999999997E-07,-3.2514E-07
0.74,0.6,-7.45176E-08,2.08E-12,6.8319999999999992E-08,3.3135999999999997E-07,-3.2514E-07
0.735,0.6,-7.4820199999999989E-08,-1.7000000000000002E-12,6.826659999999999E-08,3.3138E-07,-3.2508E-07
0.73,0.6,-7.4660199999999992E-08,-2.6000000000000002E-12,6.8397999999999988E-08,3.3138E-07,-3.2512E-07
0.72500000000000009,0.6,-7.45612E-08,1.6700000000000002E-12,6.808939999999999E-08,3.3138E-07,-3.2506E-07
0.72000000000000008,0.6,-7.4675599999999991E-08,-1.03E-12,6.846019999999999E-08,3.3135999999999997E-07,-3.2506E-07
0.71500000000000008,0.6,-7.4404599999999989E-08,-5.4E-13,6.808719999999999E-08,3.3144E-07,-3.251E-07
0.71000000000000008,0.6,-7.4545799999999987E-08,2.0000000000000003E-14,6.79666E-08,3.314E-07,-3.2512E-07
0.70500000000000007,0.6,-7.47202E-08,-1.1600000000000001E-12,6.808E-08,3.3132E-07,-3.2512E-07
0.70000000000000007,0.6,-7.42442E-08,-6.7000000000000007E-13,6.7914199999999993E-08,3.3138E-07,-3.2516E-07
0.69500000000000006,0.6,-7.42266E-08,1.03E-12,6.79042E-08,3.3138E-07,-3.251E-07
0.69000000000000006,0.6,-7.44238E-08,-8E-13,6.8276399999999991E-08,3.3134E-07,-3.251E-07
0.685,0.6,-7.4016399999999988E-08,-6.0000000000000007E-13,6.7836E-08,3.314E-07,-3.2514E-07
0.68,0.6,-7.40662E-08,7.7000000000000005E-13,6.7810399999999992E-08,3.3138E-07,-3.2512E-07
0.675,0.6,-7.4469999999999991E-08,-9.9E-13,6.8068599999999991E-08,3.3132E-07,-3.2512E-07
0.67,0.6,-7.4375799999999993E-08,-9.8E-13,6.805659999999999E-08,3.3138E-07,-3.2514E-07
0.665,0.6,-7.3990799999999993E-08,7.4000000000000008E-13,6.7767799999999991E-08,3.3138E-07,-3.2508E-07
0.66,0.6,-7.40268E-08,-2.0000000000000003E-14,6.7992999999999992E-08,3.314E-07,-3.2512E-07
0.655,0.6,-7.43022E-08,-8.2E-13,6.784879999999999E-08,3.3142E-07,-3.2512E-07
0.65,0.6,-7.4397799999999991E-08,1.4400000000000001E-12,6.82408E-08,3.3132E-07,-3.2512E-07
0.645,0.6,-7.4272399999999987E-08,-5.6E-13,6.7887199999999989E-08,3.3138E-07,-3.2508E-07
0.64,0.6,-7.4188199999999987E-08,-9.3E-13,6.80132E-08,3.3142E-07,-3.2508E-07
0.635,0.6,-7.43156E-08,5.4E-13,6.824799999999999E-08,3.3138E-07,-3.2518E-07
0.63,0.6,-7.42058E-08,-7E-14,6.80844E-08,3.3135999999999997E-07,-3.2512E-07
0.625,0.6,-7.4347E-08,-8.2E-13,6.798879999999999E-08,3.3135999999999997E-07,-3.2512E-07
0.62,0.6,-7.4357199999999993E-08,1.2800000000000002E-12,6.8021399999999993E-08,3.3135999999999997E-07,-3.2512E-07
0.615,0.6,-7.42386E-08,-9.6000000000000015E-13,6.8178999999999991E-08,3.3148E-07,-3.2518E-07
0.61,0.6,-7.45472E-08,-1.1100000000000001E-12,6.814079999999999E-08,3.3148E-07,-3.252E-07
0.605,0.6,-7.4069999999999988E-08,1.13E-12,6.78244E-08,3.3135999999999997E-07,-3.252E-07
0.6,0.6,-7.4076599999999987E-08,-1.9400000000000002E-12,6.8139E-08,3.3144E-07,-3.2514E-07
0.595,0.6,-7.4643199999999986E-08,8.6000000000000007E-13,6.84686E-08,3.3135999999999997E-07,-3.2514E-07
0.59000000000000008,0.6,-7.4554199999999991E-08,1.23E-12,6.83788E-08,3.3135999999999997E-07,-3.2512E-07
0.58500000000000008,0.6,-7.4648199999999992E-08,-2.8400000000000004E-12,6.82616E-08,3.3134E-07,-3.2508E-07
0.58000000000000007,0.6,-7.4835199999999992E-08,8.8000000000000009E-13,6.8264199999999993E-08,3.3135999999999997E-07,-3.2514E-07
0.57500000000000007,0.6,-7.45122E-08,-3.0000000000000005E-14,6.80176E-08,3.3134E-07,-3.2512E-07
0.57000000000000006,0.6,-7.43648E-08,-2.1000000000000003E-12,6.85066E-08,3.3144E-07,-3.2512E-07
0.56500000000000006,0.6,-7.46402E-08,5.8000000000000005E-13,6.82036E-08,3.3135999999999997E-07,-3.2512E-07
0.56,0.6,-7.44738E-08,-1.6800000000000001E-12,6.83916E-08,3.3138E-07,-3.252E-07
0.555,0.6,-7.4532E-08,-8.6000000000000007E-13,6.8146E-08,3.3144E-07,-3.2512E-07
0.55,0.6,-7.4531199999999992E-08,6.7000000000000007E-13,6.8272999999999992E-08,3.3138E-07,-3.2516E-07
0.545,0.6,-7.45474E-08,-1.12E-12,6.80038E-08,3.3149999999999997E-07,-3.252E-07
0.54,0.6,-7.439459999999999E-08,-1.9200000000000003E-12,6.83024E-08,3.3144E-07,-3.2518E-07
0.535,0.6,-7.4807999999999991E-08,1.69E-12,6.8173399999999993E-08,3.3144E-07,-3.252E-07
0.53,0.6,-7.4316799999999992E-08,-2.6600000000000004E-12,6.8290599999999991E-08,3.3144E-07,-3.252E-07
0.525,0.6,-7.4308399999999988E-08,-1.6700000000000002E-12,6.8081999999999987E-08,3.3142E-07,-3.2512E-07
0.52,0.6,-7.4511E-08,1.18E-12,6.81586E-08,3.3144E-07,-3.2518E-07
0.515,0.6,-7.4536599999999993E-08,-2.31E-12,6.8233E-08,3.3149999999999997E-07,-3.2522E-07
0.51,0.6,-7.45964E-08,1.46E-12,6.84564E-08,3.3148E-07,-3.2526E-07
0.505,0.6,-7.45318E-08,-3.7000000000000004E-13,6.7846799999999988E-08,3.3149999999999997E-07,-3.2522E-07
0.5,0.6,-7.441099999999999E-08,-2.7100000000000004E-12,6.85996E-08,3.3146E-07,-3.252E-07
0.49500000000000005,0.6,-7.4657999999999993E-08,8.1000000000000008E-13,6.83494E-08,3.3135999999999997E-07,-3.2512E-07
0.49000000000000005,0.6,-7.4552199999999989E-08,-1.14E-12,6.8277E-08,3.3142E-07,-3.2516E-07
0.48500000000000004,0.6,-7.4633199999999988E-08,-1.2000000000000002E-13,6.80308E-08,3.3144E-07,-3.25E-07
0.48000000000000004,0.6,-7.46456E-08,-5.6E-13,6.818459999999999E-08,3.3146E-07,-3.2518E-07
0.47500000000000003,0.6,-7.46436E-08,2.2000000000000002E-13,6.8327599999999993E-08,3.3138E-07,-3.2514E-07
0.47000000000000003,0.6,-7.4364199999999988E-08,-1.88E-12,6.83886E-08,3.3132E-07,-3.2502E-07
0.465,0.6,-7.4590199999999992E-08,1.9900000000000002E-12,6.8021799999999988E-08,3.3132E-07,-3.251E-07
0.46,0.6,-7.45364E-08,-8.7E-13,6.81414E-08,3.313E-07,-3.2504E-07
0.455,0.6,-7.45408E-08,-7.5E-13,6.8318999999999991E-08,3.3134E-07,-3.2512E-07
0.45,0.6,-7.4835E-08,1.4E-13,6.8497E-08,3.3134E-07,-3.2512E-07
0.445,0.6,-7.4460199999999991E-08,-1.1000000000000001E-13,6.7988999999999988E-08,3.3144E-07,-3.2508E-07
0.44,0.6,-7.44432E-08,-4.9E-13,6.8347599999999989E-08,3.3142E-07,-3.2516E-07
0.435,0.6,-7.5E-08,0,6.8033399999999993E-08,3.318E-07,-3.2518E-07
0.43,0.6,-7.4912799999999993E-08,4.4000000000000004E-13,6.81478E-08,3.3176E-07,-3.2508E-07
0.42500000000000004,0.6,-7.496339999999999E-08,-6.2000000000000008E-13,6.83404E-08,3.3132E-07,-3.2506E-07
0.42000000000000004,0.6,-7.4441399999999993E-08,-6.0000000000000007E-13,6.8076399999999989E-08,3.313E-07,-3.2506E-07
0.41500000000000004,0.6,-7.4435999999999992E-08,2.0000000000000003E-14,6.8278799999999988E-08,3.3135999999999997E-07,-3.2514E-07
0.41000000000000003,0.6,-7.45548E-08,-9.2000000000000012E-13,6.80944E-08,3.3154E-07,-3.2514E-07
0.405,0.6,-7.46316E-08,6.0000000000000007E-13,6.7905799999999989E-08,3.3144E-07,-3.2522E-07
0.4,0.6,-7.4614599999999988E-08,-4.2000000000000003E-13,6.81306E-08,3.3144E-07,-3.2512E-07
0.395,0.6,-7.442199999999999E-08,-5.7E-13,6.832239999999999E-08,3.3154E-07,-3.252E-07
0.39,0.6,-7.46774E-08,-7E-13,6.8288599999999989E-08,3.3142E-07,-3.251E-07
0.385,0.6,-7.4680999999999992E-08,-3.6000000000000003E-13,6.8337599999999991E-08,3.3138E-07,-3.252E-07
0.38,0.6,-7.4559999999999987E-08,-1.8100000000000002E-12,6.8205199999999992E-08,3.3148E-07,-3.2518E-07
0.375,0.6,-7.4638E-08,1.1100000000000001E-12,6.8207399999999992E-08,3.3144E-07,-3.2516E-07
0.37,0.6,-7.42868E-08,-8.7E-13,6.804459999999999E-08,3.3138E-07,-3.2518E-07
0.365,0.6,-7.44378E-08,-1.5300000000000001E-12,6.83538E-08,3.314E-07,-3.2508E-07
0.36000000000000004,0.6,-7.4634199999999989E-08,-3.0000000000000005E-14,6.8206199999999993E-08,3.3138E-07,-3.2518E-07
0.35500000000000004,0.6,-7.4838599999999991E-08,-5E-14,6.838799999999999E-08,3.3144E-07,-3.2514E-07
0.35000000000000003,0.6,-7.4358399999999992E-08,-2.04E-12,6.8443E-08,3.3144E-07,-3.2512E-07
0.34500000000000003,0.6,-7.4686599999999991E-08,1.41E-12,6.8334E-08,3.3135999999999997E-07,-3.2512E-07
0.34,0.6,-7.4639799999999988E-08,-2.3300000000000004E-12,6.8332399999999988E-08,3.3138E-07,-3.251E-07
0.335,0.6,-7.44456E-08,-1.08E-12,6.7981999999999993E-08,3.3152E-07,-3.2516E-07
0.33,0.6,-7.40756E-08,2E-13,6.8009E-08,3.3148E-07,-3.252E-07
0.325,0.6,-7.435199999999999E-08,-2.06E-12,6.8071999999999989E-08,3.3142E-07,-3.2518E-07
0.32,0.6,-7.41634E-08,-1.5000000000000002E-13,6.78724E-08,3.3142E-07,-3.2512E-07
0.315,0.6,-7.4405399999999992E-08,6.3E-13,6.77468E-08,3.3146E-07,-3.2518E-07
0.31,0.6,-7.44326E-08,-1.4900000000000001E-12,6.80558E-08,3.3149999999999997E-07,-3.2524E-07
0.305,0.6,-7.41664E-08,5E-13,6.78852E-08,3.3144E-07,-3.2518E-07
0.3,0.6,-7.43764E-08,1.18E-12,6.81608E-08,3.3138E-07,-3.2518E-07
0.29500000000000004,0.6,-7.41744E-08,-2E-12,6.823E-08,3.3144E-07,-3.2518E-07
0.29000000000000004,0.6,-7.41522E-08,9.7000000000000011E-13,6.7968999999999991E-08,3.3154E-07,-3.2526E-07
0.28500000000000003,0.6,-7.4312399999999992E-08,6.0000000000000007E-13,6.8055599999999989E-08,3.3148E-07,-3.2518E-07
0.28,0.6,-7.4184799999999988E-08,-2.44E-12,6.80956E-08,3.3142E-07,-3.252E-07
0.275,0.6,-7.4103999999999986E-08,1.6200000000000002E-12,6.7739599999999988E-08,3.3142E-07,-3.2518E-07
0.27,0.6,-7.43998E-08,-4.1E-13,6.78372E-08,3.3142E-07,-3.2506E-07
0.265,0.6,-7.4215199999999991E-08,-5.1E-13,6.8035999999999988E-08,3.3135999999999997E-07,-3.2508E-07
0.26,0.6,-7.4178999999999992E-08,1.1900000000000002E-12,6.7980199999999988E-08,3.3138E-07,-3.2504E-07
0.255,0.6,-7.41084E-08,-1.17E-12,6.79486E-08,3.3138E-07,-3.2506E-07
0.25,0.6,-7.3994399999999989E-08,-1.3000000000000001E-12,6.79642E-08,3.3132E-07,-3.2514E-07
0.24500000000000002,0.6,-7.4217199999999993E-08,1.32E-12,6.78452E-08,3.3135999999999997E-07,-3.2512E-07
0.24000000000000002,0.6,-7.4081999999999988E-08,-1.95E-12,6.8013799999999992E-08,3.3134E-07,-3.251E-07
0.23500000000000001,0.6,-7.4010799999999989E-08,2.4000000000000004E-13,6.7843399999999989E-08,3.3146E-07,-3.252E-07
0.23,0.6,-7.4273399999999988E-08,8.8000000000000009E-13,6.7804999999999991E-08,3.3144E-07,-3.252E-07
0.225,0.6,-7.44652E-08,-1.96E-12,6.7836E-08,3.3138E-07,-3.2514E-07
0.22,0.6,-7.4078E-08,8.1000000000000008E-13,6.81654E-08,3.3138E-07,-3.2506E-07
0.215,0.6,-7.4149399999999993E-08,-6.0000000000000007E-13,6.7923399999999987E-08,3.314E-07,-3.2516E-07
0.21000000000000002,0.6,-7.4320199999999991E-08,-2.1500000000000003E-12,6.8020399999999991E-08,3.3138E-07,-3.2512E-07
0.20500000000000002,0.6,-7.45888E-08,1.02E-12,6.83372E-08,3.3146E-07,-3.2518E-07
0.2,0.6,-7.4596799999999992E-08,-1.8000000000000002E-13,6.8225999999999992E-08,3.3132E-07,-3.2508E-07
0.195,0.6,-7.45988E-08,-2.8100000000000003E-12,6.8179999999999992E-08,3.3142E-07,-3.2506E-07
0.19,0.6,-7.45286E-08,-1.91E-12,6.817039999999999E-08,3.3142E-07,-3.2506E-07
0.185,0.6,-7.4259999999999991E-08,1E-13,6.8062999999999992E-08,3.3138E-07,-3.2502E-07
0.18000000000000002,0.6,-7.4182599999999988E-08,-2.5600000000000004E-12,6.8049799999999993E-08,3.3144E-07,-3.2508E-07
0.17500000000000002,0.6,-7.4512799999999989E-08,-7.6000000000000009E-13,6.85176E-08,3.3135999999999997E-07,-3.251E-07
0.17,0.6,-7.4500599999999991E-08,2.0000000000000003E-14,6.814E-08,3.3132E-07,-3.2508E-07
0.165,0.6,-7.4446999999999992E-08,-1E-13,6.8016399999999987E-08,3.3138E-07,-3.2512E-07
0.16,0.6,-7.41668E-08,-1.1000000000000002E-12,6.7876999999999993E-08,3.3135999999999997E-07,-3.2506E-07
0.155,0.6,-7.4193E-08,-1.3800000000000002E-12,6.78396E-08,3.3138E-07,-3.2512E-07
0.15,0.6,-7.42564E-08,-3.0000000000000005E-14,6.78822E-08,3.3132E-07,-3.2506E-07
0.14500000000000002,0.6,-7.41314E-08,-2.5E-13,6.8116999999999987E-08,3.3132E-07,-3.2506E-07
0.14,0.6,-7.4389399999999987E-08,-1.12E-12,6.8077599999999988E-08,3.3135999999999997E-07,-3.2506E-07
0.135,0.6,-7.43668E-08,-1.88E-12,6.7974E-08,3.3135999999999997E-07,-3.2508E-07
0.13,0.6,-7.4378399999999988E-08,7.5E-13,6.79662E-08,3.314E-07,-3.2506E-07
0.125,0.6,-7.4200999999999991E-08,-1.5200000000000002E-12,6.78526E-08,3.3132E-07,-3.2504E-07
0.12000000000000001,0.6,-7.4039999999999993E-08,-9.8E-13,6.787939999999999E-08,3.3135999999999997E-07,-3.2512E-07
0.115,0.6,-7.39304E-08,-9.5E-13,6.7692E-08,3.3148E-07,-3.2518E-07
0.11,0.6,-7.41842E-08,9.2000000000000012E-13,6.77114E-08,3.3134E-07,-3.2512E-07
0.10500000000000001,0.6,-7.38308E-08,-1.03E-12,6.7787E-08,3.3138E-07,-3.2512E-07
0.1,0.6,-7.394179999999999E-08,-1.13E-12,6.78502E-08,3.314E-07,-3.251E-07
0.095,0.6,-7.4278E-08,1.5200000000000002E-12,6.8225999999999992E-08,3.3138E-07,-3.251E-07
0.090000000000000011,0.6,-7.4311E-08,-2.11E-12,6.8193199999999992E-08,3.3132E-07,-3.2502E-07
0.085,0.6,-7.43426E-08,2.1500000000000003E-12,6.8102599999999989E-08,3.3135999999999997E-07,-3.2512E-07
0.08,0.6,-7.46764E-08,-1.74E-12,6.8162E-08,3.3138E-07,-3.2514E-07
0.075,0.6,-7.417039999999999E-08,1.8000000000000002E-13,6.81336E-08,3.3138E-07,-3.2514E-07
0.07,0.6,-7.4383E-08,8.9E-13,6.80092E-08,3.3135999999999997E-07,-3.2508E-07
0.065,0.6,-7.42234E-08,-3.4400000000000003E-12,6.8038199999999988E-08,3.3142E-07,-3.2516E-07
0.060000000000000005,0.6,-7.42684E-08,2.28E-12,6.825239999999999E-08,3.3135999999999997E-07,-3.2506E-07
0.055,0.6,-7.42454E-08,-1.3900000000000001E-12,6.8160599999999989E-08,3.3135999999999997E-07,-3.2508E-07
0.05,0.6,-7.44662E-08,-2.57E-12,6.8101E-08,3.3144E-07,-3.2524E-07
0.045000000000000005,0.6,-7.4171799999999987E-08,-1.3300000000000002E-12,6.8418799999999988E-08,3.3135999999999997E-07,-3.2512E-07
0.04,0.6,-7.4409799999999992E-08,2.52E-12,6.8499799999999987E-08,3.3142E-07,-3.2514E-07
0.035,0.6,-7.4610999999999992E-08,-1.3900000000000001E-12,6.82892E-08,3.3138E-07,-3.2518E-07
0.030000000000000002,0.6,-7.445039999999999E-08,-1.4300000000000002E-12,6.83282E-08,3.3135999999999997E-07,-3.2514E-07
0.025,0.6,-7.448539999999999E-08,1.7000000000000002E-12,6.87016E-08,3.3132E-07,-3.2508E-07
0.02,0.6,-7.4879199999999989E-08,-2.8E-12,6.8385599999999993E-08,3.314E-07,-3.2522E-07
0.015000000000000001,0.6,-7.45418E-08,3.2000000000000005E-13,6.8460399999999987E-08,3.3148E-07,-3.2518E-07
0.01,0.6,-7.48806E-08,-2.5000000000000003E-12,6.85528E-08,3.3149999999999997E-07,-3.2514E-07
0.005,0.6,-7.4815999999999986E-08,-8.4000000000000006E-13,6.8553199999999989E-08,3.3148E-07,-3.2514E-07
0,0.6,-7.4814399999999993E-08,7.4000000000000008E-13,6.8606599999999992E-08,3.3135999999999997E-07,-3.2518E-07
1.2,0.75,-2.1006199999999997E-08,8.9E-13,1.9175599999999997E-08,3.2712E-07,-3.2522E-07
1.195,0.75,-2.1059799999999997E-08,1.6800000000000001E-12,1.9190399999999997E-08,3.2712E-07,-3.252E-07
1.19,0.75,-2.1046399999999997E-08,3.5E-13,1.91276E-08,3.271E-07,-3.2522E-07
1.185,0.75,-2.1061E-08,5.5000000000000008E-13,1.91262E-08,3.2708E-07,-3.252E-07
1.1800000000000002,0.75,-2.1034599999999998E-08,2.03E-12,1.91314E-08,3.271E-07,-3.2514E-07
1.175,0.75,-2.09948E-08,-1.9000000000000002E-13,1.91446E-08,3.2708E-07,-3.252E-07
1.1700000000000002,0.75,-2.1068999999999998E-08,1.91E-12,1.9071E-08,3.2712E-07,-3.2524E-07
1.165,0.75,-2.10668E-08,7.9000000000000007E-13,1.9196E-08,3.2712E-07,-3.2522E-07
1.1600000000000001,0.75,-2.1049599999999998E-08,-5.2E-13,1.90932E-08,3.2715999999999997E-07,-3.2516E-07
1.155,0.75,-2.1122599999999998E-08,1.93E-12,1.9060999999999998E-08,3.2708E-07,-3.2522E-07
1.1500000000000001,0.75,-2.0960999999999998E-08,-6.0000000000000009E-14,1.9145999999999998E-08,3.2712E-07,-3.2526E-07
1.145,0.75,-2.1043399999999997E-08,2.8E-13,1.91186E-08,3.2715999999999997E-07,-3.2528E-07
1.1400000000000001,0.75,-2.10326E-08,-6.2000000000000008E-13,1.9162799999999997E-08,3.2715999999999997E-07,-3.2522E-07
1.135,0.75,-2.1032E-08,1.5400000000000001E-12,1.9213399999999997E-08,3.2712E-07,-3.2532E-07
1.1300000000000001,0.75,-2.1112799999999998E-08,3.0000000000000005E-14,1.9174799999999997E-08,3.271E-07,-3.2524E-07
1.125,0.75,-2.11146E-08,8.8000000000000009E-13,1.9202599999999998E-08,3.2714E-07,-3.252E-07
1.12,0.75,-2.0959E-08,1.6600000000000002E-12,1.9188199999999997E-08,3.2714E-07,-3.2522E-07
1.115,0.75,-2.1035999999999997E-08,3.0000000000000005E-14,1.90738E-08,3.2708E-07,-3.2524E-07
1.11,0.75,-2.1057399999999996E-08,5.6E-13,1.91216E-08,3.2715999999999997E-07,-3.2526E-07
1.105,0.75,-2.1005599999999998E-08,1.9000000000000002E-13,1.9181599999999998E-08,3.2712E-07,-3.252E-07
1.1,0.75,-2.1037599999999998E-08,-7E-14,1.91066E-08,3.2712E-07,-3.2524E-07
1.095,0.75,-2.1010799999999998E-08,9.8E-13,1.9085399999999997E-08,3.2712E-07,-3.2524E-07
1.09,0.75,-2.0994199999999997E-08,3.0000000000000005E-14,1.9100599999999998E-08,3.2788E-07,-3.2602E-07
1.085,0.75,-2.104E-08,-3.1000000000000004E-13,1.90478E-08,3.2724E-07,-3.2596E-07
1.08,0.75,-2.0960999999999998E-08,1.8000000000000002E-13,1.9127799999999997E-08,3.2732E-07,-3.2548E-07
1.075,0.75,-2.09768E-08,3.7000000000000004E-13,1.9148999999999998E-08,3.2729999999999997E-07,-3.2538E-07
1.07,0.75,-2.1082399999999998E-08,-1.7100000000000002E-12,1.9092799999999997E-08,3.2726E-07,-3.2536E-07
1.065,0.75,-2.0999399999999997E-08,1.3500000000000001E-12,1.91662E-08,3.2724E-07,-3.2538E-07
1.06,0.75,-2.0975799999999998E-08,1.5000000000000002E-13,1.9094399999999997E-08,3.2732E-07,-3.255E-07
1.0550000000000002,0.75,-2.1079999999999998E-08,-1.23E-12,1.9088599999999998E-08,3.2738E-07,-3.2542E-07
1.05,0.75,-2.0969599999999997E-08,1.0600000000000001E-12,1.9185399999999998E-08,3.2768E-07,-3.254E-07
1.0450000000000002,0.75,-2.1006999999999997E-08,-5.4E-13,1.9065999999999997E-08,3.2729999999999997E-07,-3.254E-07
1.04,0.75,-2.09844E-08,-3.3E-13,1.8974399999999997E-08,3.2732E-07,-3.2538E-07
1.0350000000000001,0.75,-2.0945799999999997E-08,1.5400000000000001E-12,1.9034799999999997E-08,3.2784E-07,-3.2594E-07
1.03,0.75,-2.09464E-08,-1.8200000000000003E-12,1.9044399999999997E-08,3.2729999999999997E-07,-3.2542E-07
1.0250000000000001,0.75,-2.0961399999999997E-08,6.2000000000000008E-13,1.9055599999999997E-08,3.2734E-07,-3.2564E-07
1.02,0.75,-2.1001199999999998E-08,3.3E-13,1.9094E-08,3.2729999999999997E-07,-3.255E-07
1.0150000000000001,0.75,-2.0899799999999998E-08,-1.91E-12,1.89966E-08,3.2736E-07,-3.255E-07
1.01,0.75,-2.09752E-08,2.6E-13,1.9000599999999997E-08,3.2736E-07,-3.255E-07
1.0050000000000001,0.75,-2.0904399999999998E-08,6.9000000000000009E-13,1.9019999999999998E-08,3.2743999999999997E-07,-3.2546E-07
1,0.75,-2.0971999999999997E-08,-2.4500000000000003E-12,1.90582E-08,3.2736E-07,-3.2542E-07
0.995,0.75,-2.09916E-08,1.32E-12,1.9055799999999998E-08,3.2743999999999997E-07,-3.255E-07
0.9900000000000001,0.75,-2.0974999999999998E-08,1.32E-12,1.90568E-08,3.2734E-07,-3.2552E-07
0.9850000000000001,0.75,-2.1017999999999997E-08,-1.8200000000000003E-12,1.91128E-08,3.274E-07,-3.2596E-07
0.98000000000000009,0.75,-2.0966599999999997E-08,2.64E-12,1.8975999999999997E-08,3.272E-07,-3.2526E-07
0.97500000000000009,0.75,-2.0892199999999997E-08,-4.6000000000000006E-13,1.9086399999999998E-08,3.2715999999999997E-07,-3.2526E-07
0.97000000000000008,0.75,-2.09432E-08,-1.12E-12,1.9033199999999997E-08,3.2712E-07,-3.2524E-07
0.96500000000000008,0.75,-2.0985199999999997E-08,1.95E-12,1.9034999999999998E-08,3.2722E-07,-3.2528E-07
0.96000000000000008,0.75,-2.09582E-08,-1.2900000000000002E-12,1.9072799999999997E-08,3.2714E-07,-3.2522E-07
0.95500000000000007,0.75,-2.09448E-08,-1.2000000000000002E-13,1.90092E-08,3.2718E-07,-3.2518E-07
0.95000000000000007,0.75,-2.1061E-08,1.23E-12,1.9016999999999998E-08,3.2718E-07,-3.2526E-07
0.94500000000000006,0.75,-2.0946599999999997E-08,-1.2000000000000001E-12,1.91008E-08,3.2715999999999997E-07,-3.2524E-07
0.94000000000000006,0.75,-2.10536E-08,1.26E-12,1.9141399999999998E-08,3.2726E-07,-3.2522E-07
0.935,0.75,-2.0989999999999998E-08,1.8400000000000002E-12,1.90546E-08,3.271E-07,-3.2518E-07
0.93,0.75,-2.11154E-08,-1.7200000000000001E-12,1.9138999999999997E-08,3.2712E-07,-3.2524E-07
0.925,0.75,-2.10588E-08,6.1E-13,1.90986E-08,3.2714E-07,-3.252E-07
0.92,0.75,-2.1E-08,1.5400000000000001E-12,1.91642E-08,3.2706E-07,-3.2518E-07
0.915,0.75,-2.10468E-08,-1.27E-12,1.91074E-08,3.2712E-07,-3.252E-07
0.91,0.75,-2.1041799999999997E-08,8.1000000000000008E-13,1.91312E-08,3.2715999999999997E-07,-3.252E-07
0.905,0.75,-2.10714E-08,4.3000000000000004E-13,1.9059999999999997E-08,3.2714E-07,-3.2518E-07
0.9,0.75,-2.1049E-08,-1.23E-12,1.91268E-08,3.271E-07,-3.2524E-07
0.895,0.75,-2.1050199999999997E-08,1E-13,1.9075799999999997E-08,3.2714E-07,-3.2518E-07
0.89,0.75,-2.1055399999999997E-08,5.4E-13,1.9074399999999998E-08,3.2714E-07,-3.2524E-07
0.885,0.75,-2.1042599999999997E-08,-5.2E-13,1.9090799999999998E-08,3.2712E-07,-3.2512E-07
0.88,0.75,-2.10564E-08,-5.6E-13,1.9074E-08,3.2712E-07,-3.2522E-07
0.875,0.75,-2.1058E-08,7.5E-13,1.90248E-08,3.2712E-07,-3.2514E-07
0.87,0.75,-2.1033599999999997E-08,-1.26E-12,1.9112399999999998E-08,3.2708E-07,-3.2526E-07
0.865,0.75,-2.09888E-08,7.3E-13,1.90778E-08,3.2714E-07,-3.252E-07
0.86,0.75,-2.0983999999999998E-08,-1.6000000000000003E-13,1.9044399999999997E-08,3.2708E-07,-3.252E-07
0.85500000000000009,0.75,-2.0958399999999997E-08,-1.26E-12,1.91678E-08,3.2714E-07,-3.2518E-07
0.85000000000000009,0.75,-2.0976599999999998E-08,2.0000000000000003E-14,1.9106399999999998E-08,3.2712E-07,-3.2524E-07
0.84500000000000008,0.75,-2.0962999999999997E-08,4.5000000000000005E-13,1.9115399999999998E-08,3.2718E-07,-3.2526E-07
0.84000000000000008,0.75,-2.10252E-08,-2.1000000000000003E-12,1.91106E-08,3.2714E-07,-3.252E-07
0.83500000000000008,0.75,-2.1043599999999998E-08,-1.8000000000000002E-13,1.9068199999999997E-08,3.2712E-07,-3.2518E-07
0.83000000000000007,0.75,-2.1067199999999997E-08,1.3400000000000002E-12,1.9106E-08,3.2718E-07,-3.2524E-07
0.82500000000000007,0.75,-2.10446E-08,-2.1700000000000002E-12,1.9065399999999997E-08,3.2718E-07,-3.2522E-07
0.82000000000000006,0.75,-2.1071599999999997E-08,1.04E-12,1.91186E-08,3.2708E-07,-3.252E-07
0.81500000000000006,0.75,-2.0993599999999997E-08,-3.0000000000000005E-14,1.9142799999999997E-08,3.2714E-07,-3.252E-07
0.81,0.75,-2.1077199999999998E-08,-1.4700000000000002E-12,1.91662E-08,3.2712E-07,-3.252E-07
0.805,0.75,-2.1086799999999998E-08,7.9000000000000007E-13,1.90128E-08,3.2706E-07,-3.252E-07
0.8,0.75,-2.09268E-08,-1.13E-12,1.9113999999999998E-08,3.271E-07,-3.2522E-07
0.795,0.75,-2.0924399999999998E-08,-6.8E-13,1.9091E-08,3.2706E-07,-3.2518E-07
0.79,0.75,-2.1004199999999998E-08,1.23E-12,1.9088E-08,3.2712E-07,-3.2528E-07
0.785,0.75,-2.1014199999999996E-08,-1.08E-12,1.9118999999999997E-08,3.2714E-07,-3.252E-07
0.78,0.75,-2.0951199999999998E-08,-4.2000000000000003E-13,1.9022199999999997E-08,3.2722E-07,-3.252E-07
0.775,0.75,-2.0972799999999998E-08,1.4900000000000001E-12,1.9019399999999998E-08,3.2712E-07,-3.253E-07
0.77,0.75,-2.1006399999999998E-08,-9.000000000000001E-13,1.91404E-08,3.2706E-07,-3.2514E-07
0.765,0.75,-2.1E-08,-4.9E-13,1.9101199999999998E-08,3.2718E-07,-3.2524E-07
0.76,0.75,-2.1031399999999997E-08,1.6E-12,1.9104999999999998E-08,3.271E-07,-3.252E-07
0.755,0.75,-2.0960799999999997E-08,-2.2000000000000003E-12,1.90828E-08,3.2714E-07,-3.252E-07
0.75,0.75,-2.1040399999999997E-08,-6.1E-13,1.9116799999999998E-08,3.2726E-07,-3.2536E-07
0.745,0.75,-2.1037399999999997E-08,1.6700000000000002E-12,1.90352E-08,3.272E-07,-3.2528E-07
0.74,0.75,-2.09284E-08,-1.64E-12,1.9121999999999997E-08,3.2714E-07,-3.2524E-07
0.735,0.75,-2.0997E-08,2.3500000000000003E-12,1.8996199999999998E-08,3.272E-07,-3.2528E-07
0.73,0.75,-2.0977999999999998E-08,-2.9000000000000003E-13,1.90346E-08,3.2715999999999997E-07,-3.2524E-07
0.72500000000000009,0.75,-2.1007599999999997E-08,-1.2900000000000002E-12,1.90248E-08,3.2722E-07,-3.253E-07
0.72000000000000008,0.75,-2.0977199999999997E-08,1.79E-12,1.9053E-08,3.2714E-07,-3.2524E-07
0.71500000000000008,0.75,-2.10022E-08,-2.0700000000000003E-12,1.9053399999999997E-08,3.2724E-07,-3.2526E-07
0.71000000000000008,0.75,-2.0942399999999998E-08,-3.2000000000000005E-13,1.90598E-08,3.2712E-07,-3.2524E-07
0.70500000000000007,0.75,-2.1035E-08,9.5E-13,1.9033E-08,3.272E-07,-3.253E-07
0.70000000000000007,0.75,-2.0944599999999998E-08,-1.4E-13,1.9001199999999997E-08,3.272E-07,-3.2522E-07
0.69500000000000006,0.75,-2.09276E-08,-2.04E-12,1.9019999999999998E-08,3.2722E-07,-3.2532E-07
0.69000000000000006,0.75,-2.09484E-08,1.31E-12,1.90508E-08,3.2706E-07,-3.2516E-07
0.685,0.75,-2.09142E-08,-1.7600000000000002E-12,1.8965599999999997E-08,3.2714E-07,-3.2526E-07
0.68,0.75,-2.09494E-08,-1.5200000000000002E-12,1.90242E-08,3.2708E-07,-3.252E-07
0.675,0.75,-2.0928799999999997E-08,9.2000000000000012E-13,1.9078199999999998E-08,3.271E-07,-3.252E-07
0.67,0.75,-2.0938E-08,-2.3500000000000003E-12,1.90108E-08,3.2706E-07,-3.2524E-07
0.665,0.75,-2.0991999999999997E-08,-1.4E-13,1.9034799999999997E-08,3.2712E-07,-3.2518E-07
0.66,0.75,-2.09568E-08,-4.8000000000000008E-13,1.9039E-08,3.271E-07,-3.2514E-07
0.655,0.75,-2.0977799999999997E-08,-1.5E-12,1.90092E-08,3.2708E-07,-3.2524E-07
0.65,0.75,-2.0862E-08,1.1000000000000002E-12,1.9068399999999998E-08,3.2706E-07,-3.2524E-07
0.645,0.75,-2.0963199999999998E-08,-1.08E-12,1.89822E-08,3.271E-07,-3.2518E-07
0.64,0.75,-2.10118E-08,-9.7000000000000011E-13,1.9005199999999998E-08,3.2714E-07,-3.2526E-07
0.635,0.75,-2.0933199999999997E-08,-9.000000000000001E-13,1.9048199999999997E-08,3.2714E-07,-3.2518E-07
0.63,0.75,-2.0978799999999998E-08,8.0000000000000013E-14,1.9014199999999998E-08,3.2704E-07,-3.2512E-07
0.625,0.75,-2.0912599999999998E-08,-1.69E-12,1.89914E-08,3.2714E-07,-3.2522E-07
0.62,0.75,-2.09098E-08,-4.4000000000000004E-13,1.8962799999999998E-08,3.2712E-07,-3.2514E-07
0.615,0.75,-2.0988199999999997E-08,2.0000000000000003E-14,1.9067599999999997E-08,3.2712E-07,-3.2528E-07
0.61,0.75,-2.0939999999999998E-08,-1.79E-12,1.90458E-08,3.2708E-07,-3.2522E-07
0.605,0.75,-2.0976E-08,4E-13,1.8982599999999997E-08,3.2712E-07,-3.2526E-07
0.6,0.75,-2.0989199999999998E-08,2E-13,1.90368E-08,3.2712E-07,-3.252E-07
0.595,0.75,-2.0874999999999997E-08,-8.5000000000000011E-13,1.9072799999999997E-08,3.2708E-07,-3.2524E-07
0.59000000000000008,0.75,-2.0956999999999997E-08,6.2000000000000008E-13,1.8995199999999997E-08,3.2708E-07,-3.252E-07
0.58500000000000008,0.75,-2.0987399999999996E-08,-3.6000000000000003E-13,1.9016E-08,3.2712E-07,-3.2518E-07
0.58000000000000007,0.75,-2.0914399999999996E-08,1.2000000000000002E-13,1.9088E-08,3.2712E-07,-3.252E-07
0.57500000000000007,0.75,-2.0934799999999998E-08,-1.31E-12,1.91E-08,3.2714E-07,-3.2524E-07
0.57000000000000006,0.75,-2.0860399999999998E-08,1.21E-12,1.9041599999999998E-08,3.2714E-07,-3.2532E-07
0.56500000000000006,0.75,-2.0888399999999997E-08,-1.65E-12,1.90374E-08,3.2718E-07,-3.253E-07
0.56,0.75,-2.0892999999999997E-08,1.5000000000000002E-13,1.9040799999999997E-08,3.2718E-07,-3.2526E-07
0.555,0.75,-2.0869799999999997E-08,4E-13,1.9043199999999998E-08,3.271E-07,-3.2514E-07
0.55,0.75,-2.09612E-08,-1.91E-12,1.9098199999999998E-08,3.2712E-07,-3.252E-07
0.545,0.75,-2.0985999999999997E-08,1.96E-12,1.9051E-08,3.2714E-07,-3.253E-07
0.54,0.75,-2.0903399999999997E-08,-7E-14,1.8999999999999998E-08,3.2706E-07,-3.2516E-07
0.535,0.75,-2.0889999999999997E-08,-1.36E-12,1.9040999999999998E-08,3.2714E-07,-3.2518E-07
0.53,0.75,-2.0866199999999997E-08,1.7600000000000002E-12,1.90412E-08,3.2708E-07,-3.252E-07
0.525,0.75,-2.0997199999999997E-08,-1.6200000000000002E-12,1.9055599999999997E-08,3.2704E-07,-3.2518E-07
0.52,0.75,-2.0970599999999998E-08,1.5000000000000002E-13,1.9002199999999998E-08,3.271E-07,-3.2516E-07
0.515,0.75,-2.0985199999999997E-08,7.5E-13,1.9004399999999998E-08,3.2706E-07,-3.2522E-07
0.51,0.75,-2.1024199999999998E-08,-1.6E-12,1.89824E-08,3.2708E-07,-3.252E-07
0.505,0.75,-2.0888399999999997E-08,-8.2E-13,1.90294E-08,3.271E-07,-3.252E-07
0.5,0.75,-2.09278E-08,2.7E-13,1.8975E-08,3.2706E-07,-3.2518E-07
0.49500000000000005,0.75,-2.09038E-08,-2.3000000000000003E-12,1.9019399999999998E-08,3.271E-07,-3.2524E-07
0.49000000000000005,0.75,-2.09574E-08,-8.0000000000000013E-14,1.8984E-08,3.2704E-07,-3.2518E-07
0.48500000000000004,0.75,-2.0944199999999996E-08,-1.1600000000000001E-12,1.89986E-08,3.2706E-07,-3.252E-07
0.48000000000000004,0.75,-2.0973999999999996E-08,-2.5500000000000002E-12,1.8961999999999998E-08,3.2708E-07,-3.2526E-07
0.47500000000000003,0.75,-2.1035799999999996E-08,1.36E-12,1.89704E-08,3.2701999999999997E-07,-3.2516E-07
0.47000000000000003,0.75,-2.0944999999999997E-08,-1.8400000000000002E-12,1.8995E-08,3.2706E-07,-3.2514E-07
0.465,0.75,-2.0980199999999998E-08,-1.74E-12,1.9090799999999998E-08,3.2708E-07,-3.2522E-07
0.46,0.75,-2.1005599999999998E-08,1.09E-12,1.9063799999999997E-08,3.2712E-07,-3.2518E-07
0.455,0.75,-2.10216E-08,-2.1700000000000002E-12,1.9076599999999998E-08,3.2708E-07,-3.2522E-07
0.45,0.75,-2.0942799999999997E-08,2.9000000000000003E-13,1.9040199999999998E-08,3.2706E-07,-3.2518E-07
0.445,0.75,-2.09046E-08,3.9000000000000005E-13,1.9033199999999997E-08,3.2718E-07,-3.2524E-07
0.44,0.75,-2.09284E-08,-1.85E-12,1.9022999999999998E-08,3.2708E-07,-3.2524E-07
0.435,0.75,-2.08868E-08,1.0000000000000002E-14,1.9021E-08,3.2708E-07,-3.2524E-07
0.43,0.75,-2.0973999999999996E-08,6.3E-13,1.9124799999999997E-08,3.2714E-07,-3.2552E-07
0.42500000000000004,0.75,-2.10058E-08,-7.4000000000000008E-13,1.9049599999999997E-08,3.271E-07,-3.2524E-07
0.42000000000000004,0.75,-2.0944999999999997E-08,-3.4E-13,1.9068399999999998E-08,3.2712E-07,-3.2518E-07
0.41500000000000004,0.75,-2.09598E-08,1.3300000000000002E-12,1.9042E-08,3.2706E-07,-3.2518E-07
0.41000000000000003,0.75,-2.08808E-08,-1.93E-12,1.9062999999999997E-08,3.271E-07,-3.252E-07
0.405,0.75,-2.1001799999999998E-08,1.18E-12,1.9064799999999998E-08,3.2706E-07,-3.2518E-07
0.4,0.75,-2.0901199999999997E-08,1.8000000000000002E-13,1.9059E-08,3.2704E-07,-3.252E-07
0.395,0.75,-2.0994E-08,-1.64E-12,1.9068399999999998E-08,3.2714E-07,-3.2524E-07
0.39,0.75,-2.1047199999999997E-08,6.1E-13,1.90434E-08,3.2712E-07,-3.252E-07
0.385,0.75,-2.0986799999999997E-08,-2.3000000000000003E-13,1.9127799999999997E-08,3.2714E-07,-3.2514E-07
0.38,0.75,-2.0974799999999997E-08,-9.0000000000000008E-14,1.90406E-08,3.2712E-07,-3.2524E-07
0.375,0.75,-2.10252E-08,2.9000000000000003E-13,1.9039999999999997E-08,3.2712E-07,-3.252E-07
0.37,0.75,-2.0942799999999997E-08,-3.5E-13,1.9041399999999997E-08,3.2712E-07,-3.2518E-07
0.365,0.75,-2.0981799999999998E-08,-4.4000000000000004E-13,1.8998199999999997E-08,3.2708E-07,-3.2514E-07
0.36000000000000004,0.75,-2.10112E-08,3.5E-13,1.9014199999999998E-08,3.2704E-07,-3.2512E-07
0.35500000000000004,0.75,-2.0948199999999998E-08,2.4000000000000004E-13,1.9044399999999997E-08,3.2708E-07,-3.2518E-07
0.35000000000000003,0.75,-2.0991999999999997E-08,-2.0200000000000003E-12,1.90366E-08,3.271E-07,-3.2514E-07
0.34500000000000003,0.75,-2.1028399999999997E-08,3.4E-13,1.89986E-08,3.2701999999999997E-07,-3.252E-07
0.34,0.75,-2.0938999999999996E-08,-1.5000000000000002E-13,1.90754E-08,3.2708E-07,-3.2514E-07
0.335,0.75,-2.0978799999999998E-08,-1.5600000000000002E-12,1.9051199999999997E-08,3.2712E-07,-3.252E-07
0.33,0.75,-2.10104E-08,-5E-13,1.9056E-08,3.2708E-07,-3.2522E-07
0.325,0.75,-2.0997199999999997E-08,-1.14E-12,1.8998E-08,3.2718E-07,-3.2526E-07
0.32,0.75,-2.0988E-08,-2.19E-12,1.89614E-08,3.272E-07,-3.2526E-07
0.315,0.75,-2.0954799999999997E-08,5.6E-13,1.8992399999999997E-08,3.2712E-07,-3.2524E-07
0.31,0.75,-2.09514E-08,-5.8000000000000005E-13,1.8949199999999997E-08,3.2715999999999997E-07,-3.252E-07
0.305,0.75,-2.0973399999999997E-08,-8.8000000000000009E-13,1.9045399999999998E-08,3.2722E-07,-3.252E-07
0.3,0.75,-2.0950999999999997E-08,-1.0100000000000001E-12,1.90212E-08,3.271E-07,-3.2518E-07
0.29500000000000004,0.75,-2.0939799999999997E-08,1.0000000000000002E-14,1.9071399999999998E-08,3.2706E-07,-3.2514E-07
0.29000000000000004,0.75,-2.10214E-08,-2.9600000000000003E-12,1.8995999999999997E-08,3.2715999999999997E-07,-3.252E-07
0.28500000000000003,0.75,-2.10274E-08,1.17E-12,1.9122599999999997E-08,3.2706E-07,-3.2514E-07
0.28,0.75,-2.09454E-08,-1.8100000000000002E-12,1.9050399999999997E-08,3.2712E-07,-3.252E-07
0.275,0.75,-2.1039799999999998E-08,-1.4E-12,1.9006599999999998E-08,3.2704E-07,-3.2504E-07
0.27,0.75,-2.09672E-08,1.7500000000000002E-12,1.8989399999999997E-08,3.2704E-07,-3.2508E-07
0.265,0.75,-2.0916199999999998E-08,-2.14E-12,1.9087799999999998E-08,3.2706E-07,-3.2514E-07
0.26,0.75,-2.10178E-08,-8E-13,1.8979199999999998E-08,3.271E-07,-3.2506E-07
0.255,0.75,-2.1054599999999997E-08,1.2000000000000001E-12,1.89972E-08,3.2701999999999997E-07,-3.2508E-07
0.25,0.75,-2.0909E-08,-1.85E-12,1.9121E-08,3.2714E-07,-3.2516E-07
0.24500000000000002,0.75,-2.1063799999999998E-08,5.5000000000000008E-13,1.91498E-08,3.2708E-07,-3.2516E-07
0.24000000000000002,0.75,-2.0982599999999998E-08,-3.8000000000000005E-13,1.90188E-08,3.2706E-07,-3.2522E-07
0.23500000000000001,0.75,-2.09702E-08,-1.09E-12,1.9033199999999997E-08,3.2724E-07,-3.253E-07
0.23,0.75,-2.1029399999999998E-08,9.2000000000000012E-13,1.9112399999999998E-08,3.2712E-07,-3.2522E-07
0.225,0.75,-2.08934E-08,4.0000000000000006E-14,1.9071199999999997E-08,3.2726E-07,-3.2526E-07
0.22,0.75,-2.0939199999999997E-08,-2.19E-12,1.9092799999999997E-08,3.2718E-07,-3.2526E-07
0.215,0.75,-2.09306E-08,1.45E-12,1.90158E-08,3.272E-07,-3.2526E-07
0.21000000000000002,0.75,-2.0962E-08,-1.0000000000000002E-14,1.9053599999999998E-08,3.2724E-07,-3.2526E-07
0.20500000000000002,0.75,-2.0962399999999998E-08,-1.1000000000000002E-12,1.9020599999999997E-08,3.272E-07,-3.253E-07
0.2,0.75,-2.0959399999999998E-08,1.5300000000000001E-12,1.9005999999999998E-08,3.2714E-07,-3.2518E-07
0.195,0.75,-2.0909999999999997E-08,-1.59E-12,1.9060199999999998E-08,3.2718E-07,-3.2522E-07
0.19,0.75,-2.0906399999999997E-08,-9.3E-13,1.8977E-08,3.2714E-07,-3.252E-07
0.185,0.75,-2.0923399999999997E-08,1.4800000000000002E-12,1.89652E-08,3.2712E-07,-3.2518E-07
0.18000000000000002,0.75,-2.0949799999999998E-08,-2.1000000000000003E-12,1.89706E-08,3.2706E-07,-3.2518E-07
0.17500000000000002,0.75,-2.0920599999999997E-08,-7E-14,1.9022799999999997E-08,3.2706E-07,-3.2512E-07
0.17,0.75,-2.0982399999999997E-08,-6.9000000000000009E-13,1.90202E-08,3.2712E-07,-3.2512E-07
0.165,0.75,-2.0983199999999998E-08,-9.7000000000000011E-13,1.90284E-08,3.2718E-07,-3.2526E-07
0.16,0.75,-2.09732E-08,-1.6000000000000003E-13,1.90084E-08,3.2714E-07,-3.2518E-07
0.155,0.75,-2.0974999999999998E-08,4.0000000000000006E-14,1.9047E-08,3.2714E-07,-3.2514E-07
0.15,0.75,-2.0933E-08,-1.6700000000000002E-12,1.90254E-08,3.2708E-07,-3.2518E-07
0.14500000000000002,0.75,-2.09538E-08,-3.4E-13,1.8949399999999998E-08,3.271E-07,-3.251E-07
0.14,0.75,-2.0985399999999997E-08,6.1E-13,1.90114E-08,3.2708E-07,-3.2514E-07
0.135,0.75,-2.0869399999999998E-08,-2.85E-12,1.9001399999999998E-08,3.271E-07,-3.2512E-07
0.13,0.75,-2.0923399999999997E-08,1.14E-12,1.8984999999999998E-08,3.2708E-07,-3.2514E-07
0.125,0.75,-2.0947E-08,-8.8000000000000009E-13,1.8938799999999998E-08,3.271E-07,-3.2518E-07
0.12000000000000001,0.75,-2.0997399999999998E-08,-2.4300000000000003E-12,1.90048E-08,3.2708E-07,-3.252E-07
0.115,0.75,-2.08926E-08,-4.6000000000000006E-13,1.89996E-08,3.2708E-07,-3.2518E-07
0.11,0.75,-2.0901399999999998E-08,-1.31E-12,1.8968599999999998E-08,3.2706E-07,-3.2512E-07
0.10500000000000001,0.75,-2.0965E-08,-8.4000000000000006E-13,1.903E-08,3.2704E-07,-3.2516E-07
0.1,0.75,-2.09678E-08,-7.3E-13,1.8990799999999997E-08,3.2708E-07,-3.2514E-07
0.095,0.75,-2.1023199999999997E-08,3.6000000000000003E-13,1.8947599999999997E-08,3.2708E-07,-3.2512E-07
0.090000000000000011,0.75,-2.0895199999999997E-08,-1.93E-12,1.9135199999999997E-08,3.2701999999999997E-07,-3.2508E-07
0.085,0.75,-2.1043999999999996E-08,-1.2000000000000001E-12,1.90294E-08,3.27E-07,-3.251E-07
0.08,0.75,-2.0895999999999997E-08,6.1E-13,1.90048E-08,3.2706E-07,-3.2512E-07
0.075,0.75,-2.0962199999999997E-08,-2.3800000000000004E-12,1.9083199999999997E-08,3.2718E-07,-3.252E-07
0.07,0.75,-2.0916799999999997E-08,4.2000000000000003E-13,1.8891799999999997E-08,3.2712E-07,-3.2526E-07
0.065,0.75,-2.0987399999999996E-08,-5.5000000000000008E-13,1.8981E-08,3.2712E-07,-3.2524E-07
0.060000000000000005,0.75,-2.0918E-08,-1.2000000000000001E-12,1.9043199999999998E-08,3.2715999999999997E-07,-3.252E-07
0.055,0.75,-2.1010799999999998E-08,8.2E-13,1.9046599999999997E-08,3.2708E-07,-3.2526E-07
0.05,0.75,-2.09484E-08,-1.0100000000000001E-12,1.9042399999999998E-08,3.2718E-07,-3.2526E-07
0.045000000000000005,0.75,-2.10326E-08,-6.1E-13,1.90344E-08,3.2714E-07,-3.252E-07
0.04,0.75,-2.0910999999999998E-08,2.6E-13,1.8966E-08,3.2712E-07,-3.2522E-07
0.035,0.75,-2.0941E-08,-5.9E-13,1.89138E-08,3.2706E-07,-3.2516E-07
0.030000000000000002,0.75,-2.1014E-08,-8E-13,1.91044E-08,3.2712E-07,-3.2526E-07
0.025,0.75,-2.0925799999999997E-08,4.9E-13,1.90748E-08,3.271E-07,-3.2524E-07
0.02,0.75,-2.0852199999999998E-08,2.8E-13,1.9054E-08,3.272E-07,-3.252E-07
0.015000000000000001,0.75,-2.09618E-08,-1.3800000000000002E-12,1.89578E-08,3.2714E-07,-3.253E-07
0.01,0.75,-2.1025399999999996E-08,2.5300000000000003E-12,1.9033999999999997E-08,3.2712E-07,-3.2518E-07
0.005,0.75,-2.0927E-08,-2.52E-12,1.9028999999999998E-08,3.2715999999999997E-07,-3.2524E-07
0,0.75,-2.0969599999999997E-08,1.5000000000000002E-13,1.9045999999999997E-08,3.2718E-07,-3.2528E-07
1.2,0.9,4.6914E-10,2.5E-13,1.6608E-10,3.247E-07,-3.2538E-07
1.195,0.9,4.8518000000000008E-10,-1.02E-12,2.0706E-10,3.2468E-07,-3.2538E-07
1.19,0.9,4.9071000000000006E-10,1.95E-12,2.2902000000000003E-10,3.2468E-07,-3.2542E-07
1.185,0.9,5.0617E-10,-4.9E-13,1.4872E-10,3.247E-07,-3.2538E-07
1.1800000000000002,0.9,5.0526000000000007E-10,-1E-12,1.5762000000000002E-10,3.2468E-07,-3.254E-07
1.175,0.9,4.8852000000000009E-10,1.8400000000000002E-12,1.6111E-10,3.2472E-07,-3.2538E-07
1.1700000000000002,0.9,5.0941E-10,-1.5400000000000001E-12,1.6456000000000002E-10,3.247E-07,-3.2538E-07
1.165,0.9,4.8417E-10,2.4000000000000003E-12,2.1079000000000003E-10,3.2468E-07,-3.253E-07
1.1600000000000001,0.9,4.8586E-10,-1.4400000000000001E-12,1.8616E-10,3.2468E-07,-3.2534E-07
1.155,0.9,4.7266E-10,1.3400000000000002E-12,2.0145E-10,3.247E-07,-3.2536E-07
1.1500000000000001,0.9,4.6333000000000004E-10,-3.8000000000000005E-13,1.8119000000000002E-10,3.2462E-07,-3.2532E-07
1.145,0.9,4.5346000000000006E-10,-1.9000000000000002E-13,1.9005E-10,3.2472E-07,-3.2536E-07
1.1400000000000001,0.9,4.1826E-10,1.2800000000000002E-12,2.4492E-10,3.2474E-07,-3.2536E-07
1.135,0.9,4.6313000000000003E-10,-6.5000000000000006E-13,2.0164000000000001E-10,3.247E-07,-3.2538E-07
1.1300000000000001,0.9,4.1185000000000003E-10,1.22E-12,2.3498E-10,3.2476E-07,-3.2536E-07
1.125,0.9,3.9021000000000004E-10,-1.7E-13,2.5414E-10,3.247E-07,-3.2536E-07
1.12,0.9,4.43E-10,4.9E-13,2.2096E-10,3.2468E-07,-3.2534E-07
1.115,0.9,4.189E-10,2.7E-13,2.0278000000000002E-10,3.247E-07,-3.2538E-07
1.11,0.9,4.8846000000000009E-10,-3.7000000000000004E-13,1.7366000000000002E-10,3.2468E-07,-3.254E-07
1.105,0.9,4.5274000000000003E-10,2.1200000000000003E-12,1.9338E-10,3.2464E-07,-3.2532E-07
1.1,0.9,4.9125E-10,-8E-13,1.646E-10,3.2468E-07,-3.2536E-07
1.095,0.9,4.8327E-10,1.9E-12,1.4794E-10,3.2468E-07,-3.2532E-07
1.09,0.9,4.9383E-10,2.6E-13,1.6718E-10,3.2478E-07,-3.2542E-07
1.085,0.9,4.6653E-10,2.24E-12,1.7596E-10,3.2486E-07,-3.2542E-07
1.08,0.9,4.7805E-10,-1.2500000000000001E-12,1.5633000000000002E-10,3.2474E-07,-3.2538E-07
1.075,0.9,4.4951000000000003E-10,1.1600000000000001E-12,1.9241E-10,3.248E-07,-3.2536E-07
1.07,0.9,4.3798E-10,-5.9E-13,1.7455E-10,3.248E-07,-3.254E-07
1.065,0.9,4.6374000000000004E-10,0,1.8947000000000002E-10,3.2474E-07,-3.2542E-07
1.06,0.9,4.4436000000000006E-10,1.3400000000000002E-12,1.9184E-10,3.2478E-07,-3.2538E-07
1.0550000000000002,0.9,4.3917000000000005E-10,-2.8E-13,1.8968E-10,3.2474E-07,-3.2536E-07
1.05,0.9,4.2529000000000004E-10,8.9E-13,1.9560000000000003E-10,3.2474E-07,-3.2538E-07
1.0450000000000002,0.9,4.5024000000000004E-10,-2.4000000000000004E-13,1.7424E-10,3.2476E-07,-3.2538E-07
1.04,0.9,4.3273E-10,7.9000000000000007E-13,1.7795000000000002E-10,3.2472E-07,-3.2538E-07
1.0350000000000001,0.9,4.6448000000000003E-10,-3.4E-13,1.6081E-10,3.2472E-07,-3.2534E-07
1.03,0.9,4.5022E-10,-1.3500000000000001E-12,1.9681000000000002E-10,3.247E-07,-3.2534E-07
1.0250000000000001,0.9,4.5253000000000004E-10,4.3000000000000004E-13,1.7922E-10,3.2478E-07,-3.2536E-07
1.02,0.9,4.2350000000000004E-10,-1.1900000000000002E-12,1.9999000000000003E-10,3.2468E-07,-3.2536E-07
1.0150000000000001,0.9,4.7342E-10,1.0600000000000001E-12,1.5395000000000002E-10,3.247E-07,-3.2536E-07
1.01,0.9,4.4956000000000005E-10,-2.0200000000000003E-12,1.7479000000000002E-10,3.2478E-07,-3.2536E-07
1.0050000000000001,0.9,4.7159E-10,1.2900000000000002E-12,1.674E-10,3.247E-07,-3.2538E-07
1,0.9,4.5663000000000006E-10,-1.6300000000000001E-12,1.6005E-10,3.2472E-07,-3.2546E-07
0.995,0.9,4.6002000000000003E-10,5E-14,1.813E-10,3.247E-07,-3.2534E-07
0.9900000000000001,0.9,4.7464E-10,3.3E-13,1.7133000000000002E-10,3.2462E-07,-3.2524E-07
0.9850000000000001,0.9,4.8241E-10,-9.6000000000000015E-13,1.4702E-10,3.2462E-07,-3.2532E-07
0.98000000000000009,0.9,4.4536000000000005E-10,-4.1E-13,1.6305000000000002E-10,3.2462E-07,-3.2526E-07
0.97500000000000009,0.9,4.6654E-10,-1.3500000000000001E-12,1.3995000000000002E-10,3.2474E-07,-3.2534E-07
0.97000000000000008,0.9,4.5109000000000004E-10,1.7600000000000002E-12,1.7791E-10,3.247E-07,-3.2542E-07
0.96500000000000008,0.9,4.4692000000000004E-10,-8.7E-13,1.6355000000000002E-10,3.247E-07,-3.2536E-07
0.96000000000000008,0.9,4.5833000000000006E-10,-5E-14,1.5566E-10,3.247E-07,-3.2536E-07
0.95500000000000007,0.9,4.6287000000000003E-10,9.2000000000000012E-13,1.7152000000000002E-10,3.247E-07,-3.2538E-07
0.95000000000000007,0.9,4.342E-10,-1.3900000000000001E-12,1.7455E-10,3.2474E-07,-3.253E-07
0.94500000000000006,0.9,4.1592000000000005E-10,1.2400000000000002E-12,1.7231000000000002E-10,3.2466E-07,-3.2532E-07
0.94000000000000006,0.9,4.2679000000000003E-10,-1.6800000000000001E-12,1.8413000000000002E-10,3.2468E-07,-3.2524E-07
0.935,0.9,4.3987000000000005E-10,1.7200000000000001E-12,1.7059E-10,3.247E-07,-3.253E-07
0.93,0.9,4.6580000000000009E-10,-1.98E-12,1.5840000000000002E-10,3.2462E-07,-3.2524E-07
0.925,0.9,4.6666E-10,-2.0000000000000003E-14,1.6012E-10,3.247E-07,-3.2526E-07
0.92,0.9,4.5232000000000005E-10,-1.2000000000000002E-13,1.8185000000000002E-10,3.2464E-07,-3.2528E-07
0.915,0.9,4.7442E-10,-7.6000000000000009E-13,1.5903000000000002E-10,3.2472E-07,-3.2532E-07
0.91,0.9,4.5613000000000006E-10,6.2000000000000008E-13,1.5605000000000002E-10,3.2474E-07,-3.2532E-07
0.905,0.9,4.7743000000000008E-10,-1.23E-12,1.5164E-10,3.2466E-07,-3.2528E-07
0.9,0.9,4.4298000000000006E-10,4.4000000000000004E-13,1.6952000000000003E-10,3.247E-07,-3.2536E-07
0.895,0.9,4.4214000000000004E-10,-1.22E-12,1.963E-10,3.2474E-07,-3.2538E-07
0.89,0.9,4.5912E-10,-9.000000000000001E-13,1.774E-10,3.2472E-07,-3.2536E-07
0.885,0.9,4.6644E-10,2.29E-12,1.6061E-10,3.247E-07,-3.253E-07
0.88,0.9,4.7462000000000006E-10,-1.8100000000000002E-12,1.7604000000000002E-10,3.2472E-07,-3.253E-07
0.875,0.9,4.0334E-10,1.78E-12,1.8451000000000002E-10,3.2468E-07,-3.2528E-07
0.87,0.9,4.1557000000000004E-10,-1.45E-12,1.5093000000000002E-10,3.2464E-07,-3.2526E-07
0.865,0.9,4.4851000000000004E-10,6.6E-13,1.662E-10,3.2468E-07,-3.2522E-07
0.86,0.9,4.6512000000000004E-10,-1.46E-12,1.5524000000000002E-10,3.2464E-07,-3.2534E-07
0.85500000000000009,0.9,4.9225E-10,-2.8E-13,1.9021E-10,3.2468E-07,-3.2536E-07
0.85000000000000009,0.9,4.7235E-10,1.7200000000000001E-12,1.6224E-10,3.246E-07,-3.2526E-07
0.84500000000000008,0.9,4.8379E-10,-1.4800000000000002E-12,1.5965E-10,3.247E-07,-3.2532E-07
0.84000000000000008,0.9,4.7225E-10,1.4400000000000001E-12,1.8309E-10,3.2468E-07,-3.253E-07
0.83500000000000008,0.9,4.6977E-10,-5.5000000000000008E-13,1.7296000000000002E-10,3.2472E-07,-3.2528E-07
0.83000000000000007,0.9,4.6530000000000004E-10,5.3000000000000006E-13,1.8420000000000002E-10,3.2466E-07,-3.253E-07
0.82500000000000007,0.9,4.5980000000000006E-10,-1.26E-12,1.6800000000000001E-10,3.2472E-07,-3.2532E-07
0.82000000000000006,0.9,4.6162000000000006E-10,-5.9E-13,1.7339E-10,3.2476E-07,-3.253E-07
0.81500000000000006,0.9,4.5326000000000005E-10,6.400000000000001E-13,1.6947E-10,3.2458E-07,-3.2532E-07
0.81,0.9,4.7044000000000008E-10,-2.3300000000000004E-12,1.6862E-10,3.2462E-07,-3.2528E-07
0.805,0.9,4.5502000000000005E-10,1.0500000000000002E-12,1.8708000000000002E-10,3.2472E-07,-3.253E-07
0.8,0.9,4.3447000000000005E-10,-1.1600000000000001E-12,1.9092000000000002E-10,3.2466E-07,-3.253E-07
0.795,0.9,4.5455000000000005E-10,5.3000000000000006E-13,1.9713000000000002E-10,3.2466E-07,-3.2528E-07
0.79,0.9,4.5271000000000003E-10,-1.5600000000000002E-12,1.9513E-10,3.2468E-07,-3.2524E-07
0.785,0.9,4.3958000000000005E-10,-4.3000000000000004E-13,1.9976000000000002E-10,3.247E-07,-3.2532E-07
0.78,0.9,4.2141000000000005E-10,-7.100000000000001E-13,1.9787E-10,3.2474E-07,-3.253E-07
0.775,0.9,4.2638000000000003E-10,-1.3900000000000001E-12,2.0083000000000002E-10,3.2468E-07,-3.2526E-07
0.77,0.9,4.2863000000000005E-10,2.5E-13,1.9535E-10,3.2474E-07,-3.2528E-07
0.765,0.9,4.4893E-10,2.9000000000000003E-13,1.8035E-10,3.2464E-07,-3.253E-07
0.76,0.9,4.4857000000000003E-10,-6.6E-13,1.7294000000000003E-10,3.2466E-07,-3.2526E-07
0.755,0.9,4.3651000000000003E-10,-4.1E-13,2.1237E-10,3.247E-07,-3.2528E-07
0.75,0.9,4.2993000000000003E-10,-6.8E-13,1.6748000000000003E-10,3.247E-07,-3.253E-07
0.745,0.9,4.408E-10,-3.9000000000000005E-13,1.6380000000000002E-10,3.2462E-07,-3.2526E-07
0.74,0.9,4.4188000000000003E-10,-9.6000000000000015E-13,1.99E-10,3.247E-07,-3.2526E-07
0.735,0.9,4.4513000000000004E-10,1.2000000000000002E-13,1.6267000000000002E-10,3.2466E-07,-3.253E-07
0.73,0.9,4.5763000000000005E-10,-1.21E-12,1.5041E-10,3.2468E-07,-3.2532E-07
0.72500000000000009,0.9,4.1535E-10,1.9000000000000002E-13,1.7742000000000002E-10,3.2466E-07,-3.2532E-07
0.72000000000000008,0.9,4.5474E-10,-1.4700000000000002E-12,1.4959000000000002E-10,3.2466E-07,-3.2532E-07
0.71500000000000008,0.9,4.1722000000000003E-10,6.6E-13,1.7517E-10,3.247E-07,-3.2526E-07
0.71000000000000008,0.9,4.0914000000000005E-10,-1.5300000000000001E-12,1.7054E-10,3.2464E-07,-3.253E-07
0.70500000000000007,0.9,4.4615000000000006E-10,-7.9000000000000007E-13,1.4785E-10,3.247E-07,-3.2536E-07
0.70000000000000007,0.9,4.1273000000000003E-10,8.8000000000000009E-13,1.7161000000000002E-10,3.2468E-07,-3.253E-07
0.69500000000000006,0.9,4.6807E-10,-1.1000000000000002E-12,1.8759000000000002E-10,3.2472E-07,-3.2532E-07
0.69000000000000006,0.9,3.8104E-10,4.5000000000000005E-13,1.9599E-10,3.2466E-07,-3.2526E-07
0.685,0.9,4.3891000000000004E-10,-8.300000000000001E-13,1.7851E-10,3.2466E-07,-3.2526E-07
0.68,0.9,4.0203E-10,1.4200000000000002E-12,1.9699E-10,3.2464E-07,-3.2532E-07
0.675,0.9,4.3315000000000005E-10,-1.03E-12,1.7613000000000002E-10,3.2466E-07,-3.2524E-07
0.67,0.9,4.1211000000000004E-10,-1.6000000000000003E-13,1.7715E-10,3.2466E-07,-3.2526E-07
0.665,0.9,4.1807000000000004E-10,9.1000000000000016E-13,1.6141000000000001E-10,3.2464E-07,-3.2524E-07
0.66,0.9,4.8022E-10,-1.64E-12,1.3953E-10,3.2468E-07,-3.253E-07
0.655,0.9,4.5718E-10,9.2000000000000012E-13,1.731E-10,3.247E-07,-3.2542E-07
0.65,0.9,4.6421000000000004E-10,-1.0500000000000002E-12,1.4379E-10,3.2468E-07,-3.253E-07
0.645,0.9,4.7663E-10,1.1600000000000001E-12,1.6826000000000002E-10,3.2476E-07,-3.2532E-07
0.64,0.9,4.4644E-10,-1.5800000000000001E-12,1.4297E-10,3.2472E-07,-3.2538E-07
0.635,0.9,4.3676000000000005E-10,-7.3E-13,1.7783000000000002E-10,3.2472E-07,-3.2534E-07
0.63,0.9,4.2376000000000004E-10,1.65E-12,1.5978000000000002E-10,3.2462E-07,-3.2532E-07
0.625,0.9,4.4046000000000005E-10,-2.11E-12,1.7209000000000002E-10,3.247E-07,-3.253E-07
0.62,0.9,4.4932000000000006E-10,2.1000000000000003E-12,1.8905E-10,3.2468E-07,-3.2528E-07
0.615,0.9,4.155E-10,-1.14E-12,1.6808E-10,3.2474E-07,-3.253E-07
0.61,0.9,4.3455E-10,5.8000000000000005E-13,1.5878000000000002E-10,3.247E-07,-3.2528E-07
0.605,0.9,4.31E-10,-7.6000000000000009E-13,1.6293E-10,3.247E-07,-3.2532E-07
0.6,0.9,4.6425E-10,-4.9E-13,1.5206000000000002E-10,3.2468E-07,-3.2518E-07
0.595,0.9,4.3601000000000003E-10,1.4400000000000001E-12,1.6296000000000003E-10,3.2464E-07,-3.2526E-07
0.59000000000000008,0.9,4.6250000000000006E-10,-1.4900000000000001E-12,1.4246000000000002E-10,3.2466E-07,-3.253E-07
0.58500000000000008,0.9,4.5141000000000005E-10,5.1E-13,1.5172000000000002E-10,3.2468E-07,-3.2526E-07
0.58000000000000007,0.9,4.4900000000000005E-10,-3.0000000000000005E-14,1.4782E-10,3.2466E-07,-3.2528E-07
0.57500000000000007,0.9,4.7762000000000005E-10,-1.83E-12,1.3739E-10,3.2466E-07,-3.2526E-07
0.57000000000000006,0.9,4.5981000000000004E-10,4.4000000000000004E-13,1.3709000000000002E-10,3.2468E-07,-3.2526E-07
0.56500000000000006,0.9,4.6337E-10,-1.79E-12,1.3991E-10,3.247E-07,-3.2524E-07
0.56,0.9,4.6005000000000003E-10,1.64E-12,1.4112E-10,3.2466E-07,-3.252E-07
0.555,0.9,4.6043000000000003E-10,-2.62E-12,1.3111E-10,3.2474E-07,-3.2534E-07
0.55,0.9,4.5694000000000003E-10,1.5E-12,1.5823E-10,3.2466E-07,-3.253E-07
0.545,0.9,4.3897000000000004E-10,-9.000000000000001E-13,1.699E-10,3.2462E-07,-3.2528E-07
0.54,0.9,4.6444000000000005E-10,-1.18E-12,1.7230000000000002E-10,3.2458E-07,-3.2518E-07
0.535,0.9,4.2099E-10,-4.6000000000000006E-13,1.6151000000000002E-10,3.2464E-07,-3.2522E-07
0.53,0.9,4.1226000000000003E-10,-1.1000000000000002E-12,1.6103E-10,3.247E-07,-3.2524E-07
0.525,0.9,4.514E-10,1.02E-12,1.8901E-10,3.2462E-07,-3.2524E-07
0.52,0.9,4.4633000000000005E-10,-5.5000000000000008E-13,1.4203E-10,3.2474E-07,-3.253E-07
0.515,0.9,4.4049000000000005E-10,-7.100000000000001E-13,1.8194000000000002E-10,3.2466E-07,-3.2524E-07
0.51,0.9,4.4901000000000003E-10,3.3E-13,1.5237E-10,3.2464E-07,-3.2526E-07
0.505,0.9,4.5479000000000004E-10,-2.57E-12,1.6942000000000002E-10,3.2462E-07,-3.2526E-07
0.5,0.9,4.3394000000000005E-10,1.2400000000000002E-12,1.7397000000000002E-10,3.2458E-07,-3.253E-07
0.49500000000000005,0.9,4.46E-10,-2.79E-12,1.7487E-10,3.2468E-07,-3.2528E-07
0.49000000000000005,0.9,4.5574E-10,1.14E-12,1.6112E-10,3.2468E-07,-3.2528E-07
0.48500000000000004,0.9,4.4020000000000004E-10,-2.79E-12,1.5406E-10,3.2468E-07,-3.2518E-07
0.48000000000000004,0.9,4.5265000000000003E-10,1.23E-12,1.5715000000000002E-10,3.2464E-07,-3.2526E-07
0.47500000000000003,0.9,4.5004000000000003E-10,-1.78E-12,1.4343000000000002E-10,3.2468E-07,-3.252E-07
0.47000000000000003,0.9,4.3462000000000005E-10,-4.0000000000000006E-14,1.6047000000000002E-10,3.2464E-07,-3.2522E-07
0.465,0.9,4.3954E-10,-1.4700000000000002E-12,1.3526E-10,3.2462E-07,-3.2524E-07
0.46,0.9,4.4519000000000004E-10,6.0000000000000009E-14,1.7998E-10,3.2462E-07,-3.2524E-07
0.455,0.9,4.2493000000000005E-10,-7.6000000000000009E-13,1.6550000000000002E-10,3.2462E-07,-3.253E-07
0.45,0.9,4.3273E-10,1.0000000000000002E-14,1.6924E-10,3.2462E-07,-3.253E-07
0.445,0.9,4.2281E-10,-3.5E-13,1.7363000000000003E-10,3.2464E-07,-3.253E-07
0.44,0.9,4.3999000000000005E-10,-9.5E-13,1.6632E-10,3.2464E-07,-3.2526E-07
0.435,0.9,4.4268E-10,-1.4200000000000002E-12,1.894E-10,3.2466E-07,-3.2528E-07
0.43,0.9,4.2776000000000003E-10,9.0000000000000008E-14,1.6872000000000001E-10,3.247E-07,-3.2524E-07
0.42500000000000004,0.9,4.0756000000000004E-10,-1.8100000000000002E-12,1.8107E-10,3.2464E-07,-3.2526E-07
0.42000000000000004,0.9,3.9473000000000004E-10,6.6E-13,1.7256000000000002E-10,3.2462E-07,-3.2524E-07
0.41500000000000004,0.9,3.9317000000000005E-10,-1.36E-12,1.7363000000000003E-10,3.2468E-07,-3.2526E-07
0.41000000000000003,0.9,3.9280000000000003E-10,1.1500000000000002E-12,1.8270000000000003E-10,3.247E-07,-3.2518E-07
0.405,0.9,3.8843E-10,-2.1200000000000003E-12,2.1009000000000002E-10,3.2474E-07,-3.253E-07
0.4,0.9,3.8398000000000005E-10,3.3E-13,2.2282E-10,3.2462E-07,-3.253E-07
0.395,0.9,4.0130000000000005E-10,-9.4E-13,2.0720000000000002E-10,3.246E-07,-3.2526E-07
0.39,0.9,4.0457000000000003E-10,4.6000000000000006E-13,2.1576E-10,3.2468E-07,-3.2522E-07
0.385,0.9,3.9695E-10,-8.5000000000000011E-13,2.0386E-10,3.2462E-07,-3.2528E-07
0.38,0.9,4.0546E-10,-1.6000000000000003E-13,1.9371000000000002E-10,3.246E-07,-3.253E-07
0.375,0.9,3.8877000000000004E-10,2.0000000000000003E-14,1.9912E-10,3.247E-07,-3.2536E-07
0.37,0.9,4.0285E-10,-1.4200000000000002E-12,1.8129E-10,3.2466E-07,-3.252E-07
0.365,0.9,3.9925000000000004E-10,6.6E-13,1.7547000000000002E-10,3.2466E-07,-3.253E-07
0.36000000000000004,0.9,4.0316000000000003E-10,-1.1500000000000002E-12,1.6078E-10,3.247E-07,-3.2532E-07
0.35500000000000004,0.9,4.1351000000000005E-10,-1.3900000000000001E-12,1.806E-10,3.2464E-07,-3.253E-07
0.35000000000000003,0.9,4.0927E-10,1.1900000000000002E-12,1.8254000000000002E-10,3.2462E-07,-3.2532E-07
0.34500000000000003,0.9,4.2099E-10,-1.96E-12,1.533E-10,3.2474E-07,-3.2528E-07
0.34,0.9,4.3819E-10,1.88E-12,1.7636000000000003E-10,3.2468E-07,-3.253E-07
0.335,0.9,4.2385000000000004E-10,-2.41E-12,1.7297000000000002E-10,3.2464E-07,-3.2526E-07
0.33,0.9,4.2016E-10,1.21E-12,1.9727E-10,3.2474E-07,-3.253E-07
0.325,0.9,4.0116000000000004E-10,-1.1000000000000002E-12,2.2464E-10,3.2466E-07,-3.2532E-07
0.32,0.9,4.2570000000000004E-10,-1.5600000000000002E-12,1.8389000000000002E-10,3.247E-07,-3.2538E-07
0.315,0.9,3.9388000000000004E-10,9.9E-13,2.0402E-10,3.2472E-07,-3.2536E-07
0.31,0.9,4.1922000000000003E-10,-1.2800000000000002E-12,1.8575E-10,3.248E-07,-3.2538E-07
0.305,0.9,4.0716E-10,-5.6E-13,2.0673000000000002E-10,3.2472E-07,-3.2532E-07
0.3,0.9,4.017E-10,-1.08E-12,1.9615000000000002E-10,3.2484E-07,-3.2534E-07
0.29500000000000004,0.9,4.1287000000000004E-10,-7.3E-13,2.0449E-10,3.247E-07,-3.253E-07
0.29000000000000004,0.9,3.9779000000000003E-10,6.1E-13,2.1088000000000003E-10,3.247E-07,-3.2538E-07
0.28500000000000003,0.9,4.1822000000000003E-10,-2.9100000000000003E-12,2.0689000000000002E-10,3.2472E-07,-3.253E-07
0.28,0.9,3.7130000000000005E-10,1.46E-12,2.2098000000000002E-10,3.2468E-07,-3.2532E-07
0.275,0.9,3.8086E-10,-3.5400000000000003E-12,2.4908000000000003E-10,3.247E-07,-3.2528E-07
0.27,0.9,3.4825E-10,1.5E-12,2.1941000000000002E-10,3.2468E-07,-3.2524E-07
0.265,0.9,3.1345000000000004E-10,-2.46E-12,2.4049E-10,3.248E-07,-3.2534E-07
0.26,0.9,3.3938E-10,5.5000000000000008E-13,2.481E-10,3.2474E-07,-3.2528E-07
0.255,0.9,3.1832000000000004E-10,-1.3800000000000002E-12,2.461E-10,3.2476E-07,-3.2524E-07
0.25,0.9,3.6616E-10,-2.06E-12,2.3598E-10,3.2476E-07,-3.253E-07
0.24500000000000002,0.9,3.1284000000000003E-10,3.1000000000000004E-13,2.3406E-10,3.2474E-07,-3.253E-07
0.24000000000000002,0.9,3.5684000000000003E-10,-1.7700000000000001E-12,1.8463E-10,3.248E-07,-3.2526E-07
0.23500000000000001,0.9,3.076E-10,2.8E-13,2.0299000000000002E-10,3.2466E-07,-3.2524E-07
0.23,0.9,4.0164E-10,-1.45E-12,1.4574E-10,3.2476E-07,-3.2534E-07
0.225,0.9,3.1263000000000004E-10,2.0000000000000003E-14,2.1865000000000002E-10,3.2476E-07,-3.2526E-07
0.22,0.9,3.1624000000000004E-10,-3.0000000000000005E-14,2.0275000000000002E-10,3.2466E-07,-3.2526E-07
0.215,0.9,3.3060000000000003E-10,-3.1900000000000003E-12,1.7327E-10,3.2472E-07,-3.2532E-07
0.21000000000000002,0.9,4.2929E-10,1.6E-12,1.657E-10,3.2466E-07,-3.252E-07
0.20500000000000002,0.9,4.4524000000000006E-10,-2.39E-12,1.4082E-10,3.2472E-07,-3.2536E-07
0.2,0.9,4.406E-10,3.1000000000000004E-13,1.4666000000000001E-10,3.2472E-07,-3.2534E-07
0.195,0.9,4.4328000000000005E-10,-1.8700000000000003E-12,1.4251E-10,3.2474E-07,-3.253E-07
0.19,0.9,4.3833000000000003E-10,7.100000000000001E-13,1.5201E-10,3.2476E-07,-3.2532E-07
0.185,0.9,4.1218E-10,7E-14,1.7463000000000002E-10,3.2468E-07,-3.2528E-07
0.18000000000000002,0.9,4.2111000000000006E-10,-8E-13,1.7056E-10,3.2472E-07,-3.253E-07
0.17500000000000002,0.9,4.0144E-10,5.1E-13,1.9252000000000002E-10,3.247E-07,-3.2528E-07
0.17,0.9,4.4298000000000006E-10,-1.4200000000000002E-12,1.4880000000000002E-10,3.2474E-07,-3.253E-07
0.165,0.9,4.3806000000000004E-10,-4.1E-13,2.0376000000000003E-10,3.2474E-07,-3.253E-07
0.16,0.9,4.3720000000000005E-10,-8.1000000000000008E-13,1.5943E-10,3.246E-07,-3.2522E-07
0.155,0.9,4.3613E-10,2.4000000000000004E-13,1.5812000000000002E-10,3.2464E-07,-3.2528E-07
0.15,0.9,4.3882000000000004E-10,-7E-14,1.5446E-10,3.246E-07,-3.252E-07
0.14500000000000002,0.9,4.3140000000000003E-10,-1.14E-12,1.5389000000000002E-10,3.2452E-07,-3.2522E-07
0.14,0.9,3.7338E-10,1.21E-12,1.6060000000000002E-10,3.2468E-07,-3.2518E-07
0.135,0.9,4.1034000000000005E-10,-1.4300000000000002E-12,1.4406000000000002E-10,3.246E-07,-3.252E-07
0.13,0.9,3.6771E-10,6.3E-13,1.5253000000000002E-10,3.247E-07,-3.2524E-07
0.125,0.9,4.2788E-10,-1.0600000000000001E-12,1.8944000000000002E-10,3.2462E-07,-3.253E-07
0.12000000000000001,0.9,4.2520000000000004E-10,8.2E-13,1.9104000000000002E-10,3.2464E-07,-3.252E-07
0.115,0.9,4.3532000000000005E-10,-2.0500000000000004E-12,1.6047000000000002E-10,3.2468E-07,-3.2518E-07
0.11,0.9,4.2113E-10,2.0000000000000003E-14,2.1331E-10,3.2468E-07,-3.2522E-07
0.10500000000000001,0.9,4.1083E-10,-6.3E-13,1.5108E-10,3.2462E-07,-3.252E-07
0.1,0.9,4.2137E-10,-6.0000000000000007E-13,1.4730000000000002E-10,3.2462E-07,-3.252E-07
0.095,0.9,4.2942000000000005E-10,8.0000000000000013E-14,1.6692E-10,3.2464E-07,-3.2514E-07
0.090000000000000011,0.9,4.273E-10,-4.7E-13,1.5129E-10,3.247E-07,-3.2524E-07
0.085,0.9,4.2826000000000003E-10,1.7E-13,1.4697E-10,3.2458E-07,-3.2526E-07
0.08,0.9,4.3344000000000006E-10,-1.4700000000000002E-12,1.6026000000000002E-10,3.247E-07,-3.2532E-07
0.075,0.9,4.2865E-10,-9.0000000000000008E-14,1.5967E-10,3.2468E-07,-3.253E-07
0.07,0.9,4.2922000000000004E-10,-8.300000000000001E-13,1.5609E-10,3.2468E-07,-3.2532E-07
0.065,0.9,4.4234000000000005E-10,-1.74E-12,1.9991E-10,3.2476E-07,-3.2532E-07
0.060000000000000005,0.9,4.4150000000000003E-10,1.13E-12,1.7501000000000002E-10,3.2468E-07,-3.253E-07
0.055,0.9,4.4960000000000003E-10,-1.6800000000000001E-12,1.3535E-10,3.247E-07,-3.2536E-07
0.05,0.9,4.2858000000000003E-10,1.0100000000000001E-12,1.5738E-10,3.247E-07,-3.2528E-07
0.045000000000000005,0.9,4.2481000000000006E-10,-2.3800000000000004E-12,1.5015000000000002E-10,3.2464E-07,-3.2526E-07
0.04,0.9,4.3192000000000004E-10,3.7000000000000004E-13,1.4734E-10,3.2474E-07,-3.253E-07
0.035,0.9,4.1225000000000005E-10,-1.45E-12,1.4458E-10,3.2468E-07,-3.2526E-07
0.030000000000000002,0.9,4.4261000000000004E-10,-1.9700000000000003E-12,1.3737E-10,3.2462E-07,-3.2528E-07
0.025,0.9,4.1560000000000004E-10,-5.9E-13,1.3807000000000002E-10,3.2476E-07,-3.2526E-07
0.02,0.9,4.2475000000000006E-10,-1.4800000000000002E-12,1.6013000000000002E-10,3.2468E-07,-3.252E-07
0.015000000000000001,0.9,4.2041000000000005E-10,2.7E-13,1.6452000000000002E-10,3.2464E-07,-3.2528E-07
0.01,0.9,4.0787E-10,-1.3900000000000001E-12,1.4738E-10,3.247E-07,-3.2524E-07
0.005,0.9,4.2741000000000003E-10,-7.7000000000000005E-13,1.5694E-10,3.247E-07,-3.2524E-07
0,0.9,3.9643000000000005E-10,-1.5000000000000002E-13,1.529E-10,3.2464E-07,-3.252E-07
