I/V Sweep,id_vds
RecordTime,03/11/2025 11:36:21
Device ID,
Count,1
Flag,
Remarks,
vd,vg,id,ig,is,iavdd,ignd
0,0,-6.0090000000000009E-11,-3.3600000000000002E-12,1.27E-12,3.1926E-07,-3.1912E-07
0.005,0,-3.0760000000000005E-11,-4.1000000000000007E-12,-2.3300000000000004E-12,3.1914E-07,-3.1912E-07
0.01,0,-2.0290000000000002E-11,-4.3000000000000007E-12,-7.4000000000000008E-13,3.1914E-07,-3.1906E-07
0.015000000000000001,0,-8.93E-12,-2.7800000000000003E-12,-3.2700000000000004E-12,3.1912E-07,-3.1902E-07
0.02,0,4.2000000000000003E-13,-4.5500000000000006E-12,-4.79E-12,3.1914E-07,-3.1916E-07
0.025,0,9.36E-12,-3.95E-12,-3.76E-12,3.191E-07,-3.1916E-07
0.030000000000000002,0,2.1700000000000003E-11,-5.7100000000000005E-12,-1.78E-12,3.192E-07,-3.1914E-07
0.035,0,3.384E-11,-6.1800000000000007E-12,-4.3000000000000004E-13,3.1906E-07,-3.1914E-07
0.04,0,4.6480000000000004E-11,-9.78E-12,9.7000000000000011E-13,3.1912E-07,-3.191E-07
0.045000000000000005,0,6.189E-11,-1.078E-11,9.9E-13,3.1912E-07,-3.1916E-07
0.05,0,7.642E-11,-9.9300000000000015E-12,5.1E-13,3.191E-07,-3.1916E-07
0.055,0,8.853E-11,-1.1840000000000001E-11,-4.4000000000000004E-13,3.1912E-07,-3.1907999999999997E-07
0.060000000000000005,0,1.013E-10,-1.433E-11,1.7E-13,3.1912E-07,-3.191E-07
0.065,0,1.113E-10,-1.6340000000000002E-11,2.8800000000000002E-12,3.1916E-07,-3.1924E-07
0.07,0,1.2114E-10,-1.641E-11,2.95E-12,3.191E-07,-3.1926E-07
0.075,0,1.2725E-10,-2.1660000000000003E-11,3.35E-12,3.1914E-07,-3.1916E-07
0.08,0,1.3837E-10,-1.883E-11,4.6100000000000008E-12,3.1912E-07,-3.1921999999999997E-07
0.085,0,1.5089E-10,-2.041E-11,1.4900000000000001E-12,3.1914E-07,-3.1926E-07
0.090000000000000011,0,1.6013000000000002E-10,-2.398E-11,2.01E-12,3.1914E-07,-3.1921999999999997E-07
0.095,0,1.7229E-10,-2.4880000000000002E-11,-6.3E-13,3.1918E-07,-3.1926E-07
0.1,0,1.8454000000000002E-10,-2.5540000000000003E-11,-5.3000000000000006E-13,3.1904E-07,-3.192E-07
0.10500000000000001,0,1.9808E-10,-2.6720000000000002E-11,-1.1000000000000002E-12,3.191E-07,-3.1928E-07
0.11,0,2.1144000000000002E-10,-2.942E-11,-3.23E-12,3.1907999999999997E-07,-3.1916E-07
0.115,0,2.2333000000000002E-10,-3.219E-11,-2.0500000000000004E-12,3.1907999999999997E-07,-3.1918E-07
0.12000000000000001,0,2.3726E-10,-3.3380000000000005E-11,-4E-12,3.1904E-07,-3.1921999999999997E-07
0.125,0,2.4882000000000003E-10,-3.314E-11,-3.2600000000000002E-12,3.1907999999999997E-07,-3.1926E-07
0.13,0,2.6236E-10,-3.893E-11,-4.1400000000000005E-12,3.1902E-07,-3.1914E-07
0.135,0,2.7415000000000003E-10,-3.729E-11,-1.08E-12,3.1907999999999997E-07,-3.1932E-07
0.14,0,2.9104E-10,-4.3020000000000004E-11,-1.4200000000000002E-12,3.1904E-07,-3.1921999999999997E-07
0.14500000000000002,0,3.0594000000000003E-10,-4.6120000000000005E-11,1.9E-12,3.1904E-07,-3.1934E-07
0.15,0,3.2416000000000005E-10,-4.8020000000000006E-11,1.03E-12,3.1902E-07,-3.1926E-07
0.155,0,3.3612E-10,-5.0460000000000006E-11,7E-14,3.19E-07,-3.1932E-07
0.16,0,3.5511000000000003E-10,-5.5050000000000006E-11,3.9000000000000005E-13,3.1906E-07,-3.1928E-07
0.165,0,3.7432E-10,-5.655E-11,-2.03E-12,3.191E-07,-3.1938E-07
0.17,0,3.9064E-10,-5.757E-11,-8E-13,3.1912E-07,-3.194E-07
0.17500000000000002,0,4.0922E-10,-6.5220000000000008E-11,-4.0500000000000007E-12,3.1904E-07,-3.1932E-07
0.18000000000000002,0,4.2185000000000005E-10,-6.44E-11,-2.85E-12,3.1902E-07,-3.1938E-07
0.185,0,4.3914000000000005E-10,-7.215E-11,-3.35E-12,3.191E-07,-3.1938E-07
0.19,0,4.5759E-10,-7.2720000000000008E-11,-1.03E-12,3.191E-07,-3.1946E-07
0.195,0,4.7809000000000005E-10,-7.7630000000000007E-11,6.0000000000000007E-13,3.1907999999999997E-07,-3.1946E-07
0.2,0,4.9676E-10,-8.3560000000000007E-11,-1.95E-12,3.191E-07,-3.1948E-07
0.20500000000000002,0,5.1885E-10,-8.7970000000000007E-11,1.73E-12,3.1902E-07,-3.1949999999999997E-07
0.21000000000000002,0,5.3909E-10,-9.2190000000000007E-11,-3.9000000000000005E-13,3.191E-07,-3.1949999999999997E-07
0.215,0,5.646600000000001E-10,-1.0161000000000001E-10,1.8400000000000002E-12,3.1904E-07,-3.1956E-07
0.22,0,5.8791000000000009E-10,-1.019E-10,-1.41E-12,3.1907999999999997E-07,-3.1952E-07
0.225,0,6.1695E-10,-1.072E-10,-1.07E-12,3.1914E-07,-3.1949999999999997E-07
0.23,0,6.4142E-10,-1.181E-10,-2.1000000000000001E-13,3.1914E-07,-3.1962E-07
0.23500000000000001,0,6.6286E-10,-1.1394000000000001E-10,-2.7600000000000004E-12,3.191E-07,-3.1963999999999997E-07
0.24000000000000002,0,6.8568000000000006E-10,-1.2796000000000002E-10,-3.2200000000000004E-12,3.19E-07,-3.1958E-07
0.24500000000000002,0,7.0141000000000006E-10,-1.2845E-10,-1E-12,3.191E-07,-3.1962E-07
0.25,0,7.3017000000000007E-10,-1.3746E-10,3.3E-12,3.1907999999999997E-07,-3.1966E-07
0.255,0,7.5876000000000008E-10,-1.4636E-10,2.6100000000000004E-12,3.191E-07,-3.1963999999999997E-07
0.26,0,7.8773E-10,-1.4685000000000002E-10,-9.5E-13,3.1902E-07,-3.196E-07
0.265,0,8.1285E-10,-1.5773E-10,-1.7100000000000002E-12,3.1898E-07,-3.196E-07
0.27,0,8.4474E-10,-1.6169E-10,-5.9200000000000006E-12,3.1896E-07,-3.1962E-07
0.275,0,8.6915E-10,-1.6296000000000003E-10,-3.48E-12,3.189E-07,-3.1968E-07
0.28,0,9.0079E-10,-1.7761000000000002E-10,-2.52E-12,3.191E-07,-3.1974E-07
0.28500000000000003,0,9.2854000000000008E-10,-1.7689000000000002E-10,-1.2800000000000002E-12,3.1904E-07,-3.1968E-07
0.29000000000000004,0,9.5398E-10,-1.8664000000000001E-10,-3.5E-13,3.1902E-07,-3.1976E-07
0.29500000000000004,0,9.8231E-10,-1.9591000000000002E-10,4.7000000000000006E-12,3.1896E-07,-3.1976E-07
0.3,0,1.0189E-09,-2.0527E-10,2.6100000000000004E-12,3.1902E-07,-3.1974E-07
0.305,0,1.0533E-09,-2.0886000000000002E-10,2.6000000000000002E-12,3.1902E-07,-3.1982E-07
0.31,0,1.0452999999999999E-09,-2.1567000000000002E-10,3.85E-12,3.1896E-07,-3.1977999999999997E-07
0.315,0,1.0778E-09,-2.2363E-10,1.02E-12,3.1904E-07,-3.1984E-07
0.32,0,1.109E-09,-2.2818E-10,-2.4300000000000003E-12,3.1906E-07,-3.1986E-07
0.325,0,1.1388E-09,-2.37E-10,-3.71E-12,3.19E-07,-3.1984E-07
0.33,0,1.1662E-09,-2.4018000000000004E-10,-5.02E-12,3.1898E-07,-3.1982E-07
0.335,0,1.2006E-09,-2.496E-10,-6.5400000000000008E-12,3.1896E-07,-3.1994E-07
0.34,0,1.2313E-09,-2.5858E-10,-2.6600000000000004E-12,3.1893999999999997E-07,-3.1998E-07
0.34500000000000003,0,1.2616E-09,-2.6383E-10,-2.74E-12,3.1904E-07,-3.201E-07
0.35000000000000003,0,1.2979E-09,-2.7577E-10,7.9000000000000007E-13,3.1893999999999997E-07,-3.2002E-07
0.35500000000000004,0,1.3371E-09,-2.8650000000000004E-10,1.3300000000000002E-12,3.1904E-07,-3.2008E-07
0.36000000000000004,0,1.3754E-09,-2.8968000000000003E-10,4.7100000000000007E-12,3.19E-07,-3.2012E-07
0.365,0,1.4271E-09,-2.9862E-10,2.3500000000000003E-12,3.1907999999999997E-07,-3.201E-07
0.37,0,1.4617E-09,-3.0925000000000004E-10,1.22E-12,3.1896E-07,-3.2012E-07
0.375,0,1.4966E-09,-3.1477000000000004E-10,-1.7E-13,3.1896E-07,-3.2012E-07
0.38,0,1.5377E-09,-3.2632E-10,-2.19E-12,3.1902E-07,-3.2016E-07
0.385,0,1.5862E-09,-3.3723000000000003E-10,-3.9800000000000004E-12,3.1893999999999997E-07,-3.2019999999999997E-07
0.39,0,1.6223E-09,-3.4748E-10,-2.6600000000000004E-12,3.1892E-07,-3.2019999999999997E-07
0.395,0,1.6627E-09,-3.5696000000000003E-10,-2.16E-12,3.1902E-07,-3.2026E-07
0.4,0,1.7056E-09,-3.6586E-10,-1.3500000000000001E-12,3.1898E-07,-3.2038E-07
0.405,0,1.7492E-09,-3.7979000000000004E-10,6.9000000000000009E-13,3.1906E-07,-3.2042E-07
0.41000000000000003,0,1.7939E-09,-3.9011E-10,2.3800000000000004E-12,3.1902E-07,-3.2046E-07
0.41500000000000004,0,1.8558E-09,-3.9944E-10,1.13E-12,3.1904E-07,-3.204E-07
0.42000000000000004,0,1.9024E-09,-4.1146000000000005E-10,2.3300000000000004E-12,3.1904E-07,-3.2042E-07
0.42500000000000004,0,1.9623E-09,-4.2226000000000005E-10,2E-13,3.1904E-07,-3.2056E-07
0.43,0,1.9876E-09,-4.3475E-10,-2.1000000000000001E-13,3.1893999999999997E-07,-3.2054E-07
0.435,0,2.0445E-09,-4.4463000000000005E-10,1.1000000000000001E-13,3.1898E-07,-3.2061999999999997E-07
0.44,0,2.1E-09,-4.5971000000000006E-10,3.0000000000000005E-14,3.1902E-07,-3.2068E-07
0.445,0,2.145E-09,-4.7E-10,3.4E-13,3.1898E-07,-3.207E-07
0.45,0,2.2042E-09,-4.8492E-10,-9.4E-13,3.189E-07,-3.2068E-07
0.455,0,2.2528E-09,-4.9732E-10,-9.2000000000000012E-13,3.1898E-07,-3.2075999999999997E-07
0.46,0,2.3057E-09,-5.1146E-10,-1.78E-12,3.1902E-07,-3.2075999999999997E-07
0.465,0,2.3547E-09,-5.1883000000000006E-10,-2.85E-12,3.1893999999999997E-07,-3.208E-07
0.47000000000000003,0,2.462E-09,-5.3825000000000008E-10,-2.19E-12,3.1898E-07,-3.2084E-07
0.47500000000000003,0,2.4953E-09,-5.5603E-10,1.5400000000000001E-12,3.1898E-07,-3.2092E-07
0.48000000000000004,0,2.5488E-09,-5.7079000000000005E-10,-6.2000000000000008E-13,3.19E-07,-3.21E-07
0.48500000000000004,0,2.6123E-09,-5.8558000000000006E-10,2.8100000000000003E-12,3.1902E-07,-3.2096E-07
0.49000000000000005,0,2.6957E-09,-6.0149000000000006E-10,1.6E-12,3.191E-07,-3.2108E-07
0.49500000000000005,0,2.742E-09,-6.1918E-10,1.04E-12,3.1896E-07,-3.2106E-07
0.5,0,2.821E-09,-6.3361E-10,9.5E-13,3.1892E-07,-3.2116E-07
0.505,0,2.8913E-09,-6.5105E-10,2.6600000000000004E-12,3.1896E-07,-3.2122E-07
0.51,0,2.933E-09,-6.6721E-10,-2.1000000000000001E-13,3.189E-07,-3.2116E-07
0.515,0,3.0325E-09,-6.843E-10,-1.03E-12,3.1902E-07,-3.2128E-07
0.52,0,3.0878E-09,-7.0000000000000006E-10,-1.7700000000000001E-12,3.1896E-07,-3.213E-07
0.525,0,3.1455E-09,-7.1841000000000011E-10,-2.49E-12,3.1896E-07,-3.2142E-07
0.53,0,3.2437E-09,-7.3745000000000007E-10,-4.2400000000000005E-12,3.1892E-07,-3.2145999999999997E-07
0.535,0,3.2989E-09,-7.5526E-10,-2.49E-12,3.1898E-07,-3.2148E-07
0.54,0,3.4139E-09,-7.724E-10,-2.3300000000000004E-12,3.1898E-07,-3.2159999999999997E-07
0.545,0,3.4701E-09,-7.9629E-10,-6.0000000000000007E-13,3.19E-07,-3.2164E-07
0.55,0,3.5534E-09,-8.121E-10,-5.7E-13,3.1896E-07,-3.2172E-07
0.555,0,3.6229E-09,-8.3341E-10,3.38E-12,3.1896E-07,-3.2172E-07
0.56,0,3.7414E-09,-8.5451000000000008E-10,3.2000000000000005E-13,3.1892E-07,-3.2184E-07
0.56500000000000006,0,3.8015E-09,-8.7617000000000009E-10,3.5E-13,3.1896E-07,-3.2186E-07
0.57000000000000006,0,3.9763E-09,-8.9755000000000007E-10,-1.9E-12,3.19E-07,-3.2204E-07
0.57500000000000007,0,4.0534E-09,-9.1997000000000008E-10,-3.0600000000000003E-12,3.19E-07,-3.2196E-07
0.58000000000000007,0,4.095E-09,-9.4111E-10,-2.77E-12,3.19E-07,-3.2212E-07
0.58500000000000008,0,4.1562E-09,-9.6435E-10,-2.2500000000000003E-12,3.1892E-07,-3.2218E-07
0.59000000000000008,0,4.2378E-09,-9.883E-10,-3.2000000000000005E-13,3.1896E-07,-3.2215999999999997E-07
0.595,0,4.3898E-09,-1.01261E-09,-6.9000000000000009E-13,3.1898E-07,-3.2229999999999997E-07
0.6,0,4.4327E-09,-1.0292700000000001E-09,5E-14,3.1902E-07,-3.2234E-07
0.605,0,4.5705E-09,-1.0500100000000002E-09,4.9E-13,3.1892E-07,-3.2246E-07
0.61,0,4.6996E-09,-1.0778200000000001E-09,-3.9000000000000005E-13,3.1896E-07,-3.2254E-07
0.615,0,4.7932E-09,-1.09861E-09,-3.2000000000000005E-13,3.19E-07,-3.2256E-07
0.62,0,4.83E-09,-1.12472E-09,-2.9000000000000003E-13,3.19E-07,-3.2264E-07
0.625,0,5.0024E-09,-1.1624E-09,2.4500000000000003E-12,3.1892E-07,-3.2271999999999997E-07
0.63,0,5.0529E-09,-1.1876E-09,2.41E-12,3.1896E-07,-3.2288E-07
0.635,0,5.1708E-09,-1.2128E-09,3.6200000000000003E-12,3.1904E-07,-3.2296E-07
0.64,0,5.3754E-09,-1.2421E-09,-1.31E-12,3.1902E-07,-3.231E-07
0.645,0,5.3815E-09,-1.2709E-09,-6.3E-13,3.1902E-07,-3.2312E-07
0.65,0,5.6614E-09,-1.295E-09,-4.5900000000000004E-12,3.1902E-07,-3.2313999999999997E-07
0.655,0,5.6414E-09,-1.3243E-09,-2.8400000000000004E-12,3.1896E-07,-3.2338E-07
0.66,0,5.7206E-09,-1.355E-09,-5.0000000000000005E-12,3.1906E-07,-3.235E-07
0.665,0,5.8513E-09,-1.3851E-09,-1.4900000000000001E-12,3.19E-07,-3.2346E-07
0.67,0,6.0961E-09,-1.4133999999999999E-09,3.8000000000000005E-13,3.1902E-07,-3.2358E-07
0.675,0,6.236E-09,-1.4476E-09,1.55E-12,3.1898E-07,-3.2364E-07
0.68,0,6.3044E-09,-1.4768E-09,2.72E-12,3.1902E-07,-3.239E-07
0.685,0,6.5255E-09,-1.5082E-09,1.0100000000000001E-12,3.19E-07,-3.2396E-07
0.69000000000000006,0,6.6026E-09,-1.5384E-09,-1.2500000000000001E-12,3.1906E-07,-3.2402E-07
0.69500000000000006,0,6.756E-09,-1.5728E-09,-1.6000000000000003E-13,3.1906E-07,-3.2404E-07
0.70000000000000007,0,6.8074E-09,-1.6034E-09,-3.6000000000000003E-13,3.1898E-07,-3.241E-07
0.70500000000000007,0,7.0679E-09,-1.6391E-09,5E-14,3.1906E-07,-3.244E-07
0.71000000000000008,0,7.1527E-09,-1.6608E-09,-1.26E-12,3.1898E-07,-3.2454E-07
0.71500000000000008,0,7.1716E-09,-1.7105E-09,1E-13,3.1904E-07,-3.2456E-07
0.72000000000000008,0,7.3732E-09,-1.7415E-09,-1.18E-12,3.1896E-07,-3.248E-07
0.72500000000000009,0,7.5483E-09,-1.7775E-09,-2.7E-13,3.1904E-07,-3.2466E-07
0.73,0,7.7467E-09,-1.8145E-09,-2.2000000000000003E-12,3.19E-07,-3.2484E-07
0.735,0,7.99E-09,-1.8552E-09,6.5000000000000006E-13,3.1902E-07,-3.2518E-07
0.74,0,7.9085E-09,-1.89E-09,1.85E-12,3.1906E-07,-3.2502E-07
0.745,0,8.184E-09,-1.9278E-09,2.16E-12,3.1904E-07,-3.254E-07
0.75,0,8.4939E-09,-1.9642E-09,2.2200000000000002E-12,3.19E-07,-3.2532E-07
0.755,0,8.4192E-09,-2.0049E-09,4.8000000000000008E-13,3.1896E-07,-3.2568E-07
0.76,0,8.5823E-09,-2.0418E-09,1.0500000000000002E-12,3.1898E-07,-3.2562E-07
0.765,0,8.7857E-09,-2.0821E-09,3.3E-13,3.1896E-07,-3.2562E-07
0.77,0,8.947E-09,-2.1248E-09,3.1000000000000004E-13,3.1892E-07,-3.26E-07
0.775,0,9.177E-09,-2.1654E-09,-9.0000000000000008E-14,3.1892E-07,-3.26E-07
0.78,0,9.2646E-09,-2.209E-09,1.8000000000000002E-12,3.1898E-07,-3.2626E-07
0.785,0,9.6987E-09,-2.2515E-09,5.2E-13,3.1896E-07,-3.2603999999999997E-07
0.79,0,9.6262E-09,-2.2959E-09,2.4500000000000003E-12,3.1886E-07,-3.2658E-07
0.795,0,9.878E-09,-2.335E-09,1.8000000000000002E-13,3.1898E-07,-3.2645999999999997E-07
0.8,0,1.00258E-08,-2.3827E-09,-7.5E-13,3.1886E-07,-3.265E-07
0.805,0,1.0556E-08,-2.4262E-09,-8.9E-13,3.1896E-07,-3.267E-07
0.81,0,1.05382E-08,-2.4734E-09,-1.9700000000000003E-12,3.189E-07,-3.268E-07
0.81500000000000006,0,1.08952E-08,-2.5177E-09,-1.3E-13,3.189E-07,-3.2734E-07
0.82000000000000006,0,1.10632E-08,-2.5631E-09,-1.9000000000000002E-13,3.189E-07,-3.2706E-07
0.82500000000000007,0,1.0972E-08,-2.6112E-09,3.8000000000000005E-13,3.1896E-07,-3.2724E-07
0.83000000000000007,0,1.1332799999999999E-08,-2.6614E-09,1.6700000000000002E-12,3.1902E-07,-3.2748E-07
0.83500000000000008,0,1.1592799999999999E-08,-2.706E-09,-3.9E-12,3.1892E-07,-3.2808E-07
0.84000000000000008,0,1.1963199999999999E-08,-2.7581E-09,1.3400000000000002E-12,3.1896E-07,-3.279E-07
0.84500000000000008,0,1.2119E-08,-2.8081E-09,-5.4E-13,3.189E-07,-3.2838E-07
0.85000000000000009,0,1.2410799999999999E-08,-2.8568E-09,-1.2800000000000002E-12,3.1892E-07,-3.2832E-07
0.85500000000000009,0,1.2606799999999999E-08,-2.907E-09,1.1000000000000002E-12,3.1896E-07,-3.285E-07
0.86,0,1.2633399999999998E-08,-2.9604E-09,-3.4E-13,3.1892E-07,-3.286E-07
0.865,0,1.3014799999999999E-08,-3.0141E-09,1.4E-13,3.1896E-07,-3.2866E-07
0.87,0,1.3205599999999999E-08,-3.064E-09,-2.18E-12,3.189E-07,-3.2888E-07
0.875,0,1.3181599999999998E-08,-3.1192E-09,1.22E-12,3.189E-07,-3.2944E-07
0.88,0,1.3520799999999998E-08,-3.1742E-09,1.4E-13,3.1892E-07,-3.2948E-07
0.885,0,1.3934999999999999E-08,-3.2317E-09,-1.93E-12,3.1896E-07,-3.2956E-07
0.89,0,1.4305599999999999E-08,-3.2864E-09,1.0600000000000001E-12,3.1896E-07,-3.2978E-07
0.895,0,1.4499199999999999E-08,-3.3406E-09,-4.8000000000000008E-13,3.1896E-07,-3.299E-07
0.9,0,1.4609799999999999E-08,-3.3984E-09,5.4E-13,3.19E-07,-3.2995999999999997E-07
0,0.15,-1.1204000000000001E-10,5.923E-11,-2.8900000000000004E-12,3.19E-07,-3.1879999999999997E-07
0.005,0.15,-9.3860000000000012E-11,5.2960000000000004E-11,-3.72E-12,3.1896E-07,-3.1892E-07
0.01,0.15,-7.495000000000001E-11,4.8370000000000003E-11,-4.6500000000000006E-12,3.1902E-07,-3.1896E-07
0.015000000000000001,0.15,-5.8960000000000009E-11,4.7000000000000006E-11,-1.85E-12,3.1898E-07,-3.189E-07
0.02,0.15,-4.185E-11,4.213E-11,-1.4700000000000002E-12,3.189E-07,-3.1896E-07
0.025,0.15,-2.9410000000000005E-11,3.7850000000000004E-11,-1.5000000000000002E-13,3.1892E-07,-3.1896E-07
0.030000000000000002,0.15,-1.651E-11,3.507E-11,1.9200000000000003E-12,3.1898E-07,-3.1892E-07
0.035,0.15,-3.91E-12,3.18E-11,1.7700000000000001E-12,3.1884E-07,-3.1893999999999997E-07
0.04,0.15,9.47E-12,2.655E-11,2.5600000000000004E-12,3.1898E-07,-3.1898E-07
0.045000000000000005,0.15,2.2210000000000003E-11,2.6880000000000002E-11,1.18E-12,3.1893999999999997E-07,-3.1896E-07
0.05,0.15,3.806E-11,2.44E-11,-9.2000000000000012E-13,3.1892E-07,-3.1902E-07
0.055,0.15,5.266E-11,2.034E-11,-2.6100000000000004E-12,3.1902E-07,-3.1902E-07
0.060000000000000005,0.15,6.211E-11,1.632E-11,9.47E-12,3.1896E-07,-3.1904E-07
0.065,0.15,8.2530000000000011E-11,1.9510000000000002E-11,1.1560000000000002E-11,3.1902E-07,-3.1904E-07
0.07,0.15,9.0110000000000012E-11,1.1870000000000002E-11,2.29E-12,3.1898E-07,-3.1907999999999997E-07
0.075,0.15,9.5330000000000008E-11,1.2440000000000001E-11,-8.72E-12,3.1902E-07,-3.1912E-07
0.08,0.15,1.0263000000000001E-10,1.797E-11,-3.43E-12,3.1898E-07,-3.1914E-07
0.085,0.15,1.1821E-10,1.26E-11,-9.290000000000001E-12,3.1907999999999997E-07,-3.1912E-07
0.090000000000000011,0.15,1.2419E-10,1.7580000000000002E-11,-1.025E-11,3.1907999999999997E-07,-3.1914E-07
0.095,0.15,1.374E-10,6.5900000000000008E-12,-4.56E-12,3.1896E-07,-3.191E-07
0.1,0.15,1.4796E-10,1.2040000000000001E-11,-2.23E-12,3.1898E-07,-3.1914E-07
0.10500000000000001,0.15,1.6009E-10,6.0100000000000004E-12,-9.1000000000000016E-13,3.1898E-07,-3.1912E-07
0.11,0.15,1.7366000000000002E-10,4.0500000000000007E-12,1.7200000000000001E-12,3.1893999999999997E-07,-3.1912E-07
0.115,0.15,1.9135000000000002E-10,7.7900000000000013E-12,-1.7500000000000002E-12,3.1902E-07,-3.192E-07
0.12000000000000001,0.15,2.0191E-10,5.4200000000000007E-12,1E-13,3.1898E-07,-3.192E-07
0.125,0.15,2.1107000000000003E-10,3.25E-12,-1.9200000000000003E-12,3.1902E-07,-3.1924E-07
0.13,0.15,2.1873000000000003E-10,2.5500000000000002E-12,-4.58E-12,3.1902E-07,-3.1928E-07
0.135,0.15,2.2867000000000002E-10,3.5900000000000003E-12,-1.2900000000000002E-12,3.1906E-07,-3.1926E-07
0.14,0.15,2.4549E-10,7.7000000000000005E-13,-2.03E-12,3.19E-07,-3.1921999999999997E-07
0.14500000000000002,0.15,2.5616E-10,1.73E-12,1.04E-12,3.1904E-07,-3.1921999999999997E-07
0.15,0.15,2.7136000000000003E-10,1.23E-12,6.0000000000000007E-13,3.19E-07,-3.1924E-07
0.155,0.15,2.8181000000000003E-10,-2.49E-12,2.3000000000000003E-12,3.1888E-07,-3.192E-07
0.16,0.15,2.9489E-10,-1.96E-12,1.4300000000000002E-12,3.1892E-07,-3.1918E-07
0.165,0.15,3.0921E-10,-4.98E-12,2.67E-12,3.1898E-07,-3.192E-07
0.17,0.15,3.2860000000000003E-10,-1.6800000000000001E-12,2.85E-12,3.1892E-07,-3.1921999999999997E-07
0.17500000000000002,0.15,3.4992E-10,-5.43E-12,1.4800000000000002E-12,3.1896E-07,-3.1924E-07
0.18000000000000002,0.15,3.6018000000000004E-10,-6.4E-12,9.3E-13,3.1896E-07,-3.1932E-07
0.185,0.15,3.7177000000000005E-10,-5.3600000000000006E-12,-2E-12,3.1896E-07,-3.1932E-07
0.19,0.15,3.8801000000000004E-10,-9.45E-12,1.2900000000000002E-12,3.1888E-07,-3.1928E-07
0.195,0.15,4.0483000000000004E-10,-6.8000000000000009E-12,5E-14,3.1893999999999997E-07,-3.1942E-07
0.2,0.15,4.2046E-10,-7.9900000000000013E-12,-1.23E-12,3.1904E-07,-3.193E-07
0.20500000000000002,0.15,4.4308000000000004E-10,-7.29E-12,-2.34E-12,3.1896E-07,-3.1938E-07
0.21000000000000002,0.15,4.5511000000000004E-10,-9.8900000000000009E-12,-3.2000000000000005E-13,3.1892E-07,-3.194E-07
0.215,0.15,4.7015000000000008E-10,-1.168E-11,-2.8E-13,3.1902E-07,-3.1938E-07
0.22,0.15,4.8813E-10,-1.3340000000000001E-11,2.28E-12,3.1898E-07,-3.1948E-07
0.225,0.15,5.1062E-10,-1.4480000000000001E-11,2.39E-12,3.1902E-07,-3.1949999999999997E-07
0.23,0.15,5.2972E-10,-1.459E-11,3.2700000000000004E-12,3.1896E-07,-3.1946E-07
0.23500000000000001,0.15,5.5363000000000008E-10,-1.57E-11,2.5E-13,3.1902E-07,-3.1948E-07
0.24000000000000002,0.15,5.7037000000000007E-10,-1.704E-11,1.4700000000000002E-12,3.1898E-07,-3.1956E-07
0.24500000000000002,0.15,5.8936E-10,-2.1620000000000002E-11,2.5E-13,3.1898E-07,-3.1948E-07
0.25,0.15,6.1151000000000009E-10,-2.3010000000000003E-11,9.5E-13,3.1892E-07,-3.1958E-07
0.255,0.15,6.3521E-10,-2.2310000000000002E-11,1.0600000000000001E-12,3.1892E-07,-3.1948E-07
0.26,0.15,6.6238E-10,-2.6050000000000003E-11,4.6000000000000006E-13,3.1896E-07,-3.1948E-07
0.265,0.15,6.8287E-10,-2.5160000000000003E-11,-2.8800000000000002E-12,3.1898E-07,-3.1949999999999997E-07
0.27,0.15,7.0156E-10,-2.8140000000000002E-11,-3.53E-12,3.1902E-07,-3.1958E-07
0.275,0.15,7.2569000000000011E-10,-3.067E-11,-1.31E-12,3.1898E-07,-3.1972E-07
0.28,0.15,7.5353000000000009E-10,-3.335E-11,-2.3000000000000003E-13,3.1896E-07,-3.1972E-07
0.28500000000000003,0.15,7.7790000000000007E-10,-3.6470000000000004E-11,1.9000000000000002E-13,3.1896E-07,-3.1968E-07
0.29000000000000004,0.15,8.0691000000000006E-10,-3.773E-11,3.3E-13,3.1896E-07,-3.1972E-07
0.29500000000000004,0.15,8.3207000000000011E-10,-4.443E-11,-2.4000000000000004E-13,3.1896E-07,-3.1976E-07
0.3,0.15,8.6700000000000011E-10,-4.381E-11,-6.0000000000000007E-13,3.19E-07,-3.1977999999999997E-07
0.305,0.15,8.9719000000000008E-10,-4.832E-11,1.4700000000000002E-12,3.1893999999999997E-07,-3.1976E-07
0.31,0.15,9.2535000000000012E-10,-4.9030000000000004E-11,1.69E-12,3.1902E-07,-3.1976E-07
0.315,0.15,9.5841E-10,-5.576E-11,4.0000000000000006E-14,3.1896E-07,-3.1986E-07
0.32,0.15,9.871E-10,-5.655E-11,1.36E-12,3.1902E-07,-3.1984E-07
0.325,0.15,1.0108E-09,-6.109E-11,1.2900000000000002E-12,3.1892E-07,-3.1984E-07
0.33,0.15,1.0445E-09,-6.153E-11,1.07E-12,3.1902E-07,-3.2002E-07
0.335,0.15,1.0852E-09,-6.608E-11,3.4E-13,3.1902E-07,-3.1991999999999997E-07
0.34,0.15,1.1146E-09,-7.003E-11,2.0200000000000003E-12,3.19E-07,-3.1998E-07
0.34500000000000003,0.15,1.1472E-09,-7.291000000000001E-11,-8.0000000000000013E-14,3.1892E-07,-3.2008E-07
0.35000000000000003,0.15,1.1768E-09,-7.9920000000000007E-11,8.8000000000000009E-13,3.1898E-07,-3.201E-07
0.35500000000000004,0.15,1.2164E-09,-8.31E-11,-1.9000000000000002E-13,3.1896E-07,-3.2008E-07
0.36000000000000004,0.15,1.2612E-09,-8.735E-11,3.0000000000000005E-14,3.1893999999999997E-07,-3.201E-07
0.365,0.15,1.2969E-09,-9.166000000000001E-11,-8.4000000000000006E-13,3.1896E-07,-3.201E-07
0.37,0.15,1.3365E-09,-1.0033E-10,4.6000000000000006E-13,3.1892E-07,-3.2016E-07
0.375,0.15,1.3752E-09,-1.0152E-10,1.41E-12,3.1904E-07,-3.2022E-07
0.38,0.15,1.4151E-09,-1.0619000000000001E-10,1.41E-12,3.1898E-07,-3.2019999999999997E-07
0.385,0.15,1.4531E-09,-1.1140000000000001E-10,1.74E-12,3.191E-07,-3.204E-07
0.39,0.15,1.4985E-09,-1.1729000000000002E-10,2.49E-12,3.1902E-07,-3.2033999999999997E-07
0.395,0.15,1.532E-09,-1.2263000000000002E-10,8.7E-13,3.1893999999999997E-07,-3.2033999999999997E-07
0.4,0.15,1.5619E-09,-1.264E-10,7.9000000000000007E-13,3.1898E-07,-3.2044E-07
0.405,0.15,1.6135E-09,-1.33E-10,1.45E-12,3.1898E-07,-3.205E-07
0.41000000000000003,0.15,1.6614E-09,-1.3817E-10,-1.6000000000000003E-13,3.1896E-07,-3.2052E-07
0.41500000000000004,0.15,1.704E-09,-1.4404E-10,1.0000000000000002E-14,3.1898E-07,-3.2047999999999997E-07
0.42000000000000004,0.15,1.6825E-09,-1.4913E-10,8.9E-13,3.189E-07,-3.2033999999999997E-07
0.42500000000000004,0.15,1.7291E-09,-1.5607E-10,5.1E-13,3.1898E-07,-3.2047999999999997E-07
0.43,0.15,1.7773E-09,-1.6001000000000002E-10,-1.7500000000000002E-12,3.19E-07,-3.206E-07
0.435,0.15,1.8098E-09,-1.6625000000000002E-10,-1.6300000000000001E-12,3.1896E-07,-3.2052E-07
0.44,0.15,1.8714E-09,-1.7269000000000003E-10,-2.13E-12,3.1896E-07,-3.206E-07
0.445,0.15,1.9208E-09,-1.7653E-10,-3.6000000000000003E-13,3.1896E-07,-3.2061999999999997E-07
0.45,0.15,1.9641E-09,-1.8005000000000001E-10,-3.1600000000000003E-12,3.1893999999999997E-07,-3.2068E-07
0.455,0.15,2.0057E-09,-1.8825000000000002E-10,-3.0000000000000003E-13,3.1892E-07,-3.2072E-07
0.46,0.15,2.0643E-09,-1.9665000000000001E-10,-1.2000000000000001E-12,3.1907999999999997E-07,-3.2082E-07
0.465,0.15,2.0966E-09,-2.0219000000000003E-10,1.78E-12,3.1902E-07,-3.2088E-07
0.47000000000000003,0.15,2.1607E-09,-2.0881000000000003E-10,2.2000000000000003E-12,3.1893999999999997E-07,-3.2092E-07
0.47500000000000003,0.15,2.2059E-09,-2.1755000000000001E-10,2.08E-12,3.1902E-07,-3.2098E-07
0.48000000000000004,0.15,2.2566E-09,-2.2602E-10,1E-12,3.189E-07,-3.2102E-07
0.48500000000000004,0.15,2.33E-09,-2.3003E-10,3.2000000000000005E-13,3.1886E-07,-3.2103999999999997E-07
0.49000000000000005,0.15,2.3714E-09,-2.4012E-10,1.1600000000000001E-12,3.1896E-07,-3.2098E-07
0.49500000000000005,0.15,2.4451E-09,-2.4653000000000003E-10,-2.4000000000000004E-13,3.189E-07,-3.2116E-07
0.5,0.15,2.5102E-09,-2.5427000000000004E-10,-1.12E-12,3.1893999999999997E-07,-3.2106E-07
0.505,0.15,2.573E-09,-2.6038000000000004E-10,-1.9000000000000002E-13,3.189E-07,-3.2112E-07
0.51,0.15,2.6296E-09,-2.7017E-10,-1.46E-12,3.189E-07,-3.2122E-07
0.515,0.15,2.6998E-09,-2.7646000000000005E-10,-7E-13,3.1892E-07,-3.213E-07
0.52,0.15,2.7361E-09,-2.8730000000000003E-10,-1.0100000000000001E-12,3.1896E-07,-3.2142E-07
0.525,0.15,2.8185E-09,-2.9581000000000004E-10,-6.6E-13,3.1888E-07,-3.2144E-07
0.53,0.15,2.8641E-09,-3.0777E-10,-9.1000000000000016E-13,3.1896E-07,-3.2145999999999997E-07
0.535,0.15,2.9163E-09,-3.1523E-10,5.8000000000000005E-13,3.1902E-07,-3.2158E-07
0.54,0.15,2.9749E-09,-3.2389E-10,1.1000000000000002E-12,3.1898E-07,-3.2158E-07
0.545,0.15,3.0761E-09,-3.3542E-10,2.5600000000000004E-12,3.1892E-07,-3.217E-07
0.55,0.15,3.1243E-09,-3.4293E-10,2.77E-12,3.1893999999999997E-07,-3.2164E-07
0.555,0.15,3.1781E-09,-3.5134000000000005E-10,4.2000000000000003E-13,3.1893999999999997E-07,-3.2184E-07
0.56,0.15,3.2706E-09,-3.6371000000000003E-10,3.7000000000000004E-13,3.1896E-07,-3.2182E-07
0.56500000000000006,0.15,3.3739E-09,-3.7260000000000004E-10,-2.52E-12,3.1893999999999997E-07,-3.2198E-07
0.57000000000000006,0.15,3.3809E-09,-3.8310000000000005E-10,-1.32E-12,3.1888E-07,-3.2194E-07
0.57500000000000007,0.15,3.494E-09,-3.9427E-10,-3.85E-12,3.1892E-07,-3.22E-07
0.58000000000000007,0.15,3.5516E-09,-4.0593E-10,-4.31E-12,3.189E-07,-3.221E-07
0.58500000000000008,0.15,3.6223E-09,-4.1577000000000005E-10,-2.51E-12,3.1892E-07,-3.2204E-07
0.59000000000000008,0.15,3.7722E-09,-4.2854000000000005E-10,-3.1400000000000004E-12,3.1886E-07,-3.221E-07
0.595,0.15,3.873E-09,-4.4124E-10,-3.1600000000000003E-12,3.1893999999999997E-07,-3.2236E-07
0.6,0.15,3.9056E-09,-4.5609E-10,-4.5000000000000005E-13,3.1892E-07,-3.2232E-07
0.605,0.15,4.0403E-09,-4.6858E-10,1.2900000000000002E-12,3.1892E-07,-3.2248E-07
0.61,0.15,4.0504E-09,-4.8277000000000008E-10,3.3900000000000003E-12,3.1892E-07,-3.2248E-07
0.615,0.15,4.1721E-09,-4.9991000000000009E-10,4.1400000000000005E-12,3.1892E-07,-3.226E-07
0.62,0.15,4.251E-09,-5.0617E-10,2.8600000000000003E-12,3.1892E-07,-3.2257999999999997E-07
0.625,0.15,4.3665E-09,-5.1934000000000009E-10,4.0000000000000006E-14,3.1892E-07,-3.2282E-07
0.63,0.15,4.4597E-09,-5.3465E-10,1.1900000000000002E-12,3.1892E-07,-3.228E-07
0.635,0.15,4.5437E-09,-5.5293000000000007E-10,-1.7000000000000002E-12,3.1896E-07,-3.2285999999999997E-07
0.64,0.15,4.6806E-09,-5.6775E-10,-2.8300000000000003E-12,3.1893999999999997E-07,-3.2308E-07
0.645,0.15,4.7927E-09,-5.8538E-10,-2.8900000000000004E-12,3.1892E-07,-3.229E-07
0.65,0.15,4.8415E-09,-5.997E-10,-4.7E-13,3.1886E-07,-3.2312E-07
0.655,0.15,4.9416E-09,-6.2045000000000006E-10,-1.2000000000000002E-13,3.1886E-07,-3.2313999999999997E-07
0.66,0.15,5.0136E-09,-6.3221E-10,1.2000000000000001E-12,3.189E-07,-3.2336E-07
0.665,0.15,5.2064E-09,-6.5341E-10,1.7700000000000001E-12,3.1892E-07,-3.2332E-07
0.67,0.15,5.3046E-09,-6.7094000000000006E-10,2.26E-12,3.1896E-07,-3.2338E-07
0.675,0.15,5.3357E-09,-6.8523E-10,1.3000000000000001E-12,3.1886E-07,-3.2362E-07
0.68,0.15,5.5273E-09,-7.0361E-10,5.6E-13,3.189E-07,-3.2372E-07
0.685,0.15,5.6795E-09,-7.2269E-10,-2.75E-12,3.1892E-07,-3.2386E-07
0.69000000000000006,0.15,5.7126E-09,-7.4024E-10,-4.26E-12,3.1892E-07,-3.2382E-07
0.69500000000000006,0.15,5.7525E-09,-7.5013000000000008E-10,-2.6800000000000003E-12,3.1884E-07,-3.2384E-07
0.70000000000000007,0.15,5.8445E-09,-7.7112E-10,-1.12E-12,3.1892E-07,-3.2406E-07
0.70500000000000007,0.15,6.1777E-09,-7.9772E-10,1.95E-12,3.1896E-07,-3.2422E-07
0.71000000000000008,0.15,6.1425E-09,-8.1930000000000006E-10,1.74E-12,3.1886E-07,-3.2426E-07
0.71500000000000008,0.15,6.2717E-09,-8.4058000000000011E-10,5.3600000000000006E-12,3.1892E-07,-3.245E-07
0.72000000000000008,0.15,6.3704E-09,-8.6102000000000009E-10,2.3800000000000004E-12,3.1898E-07,-3.246E-07
0.72500000000000009,0.15,6.6161E-09,-8.8458000000000006E-10,2.6800000000000003E-12,3.1892E-07,-3.2476E-07
0.73,0.15,6.7006E-09,-9.0216000000000012E-10,-4.3000000000000004E-13,3.189E-07,-3.247E-07
0.735,0.15,6.7615E-09,-9.2698E-10,-1.1900000000000002E-12,3.19E-07,-3.2488E-07
0.74,0.15,6.8716E-09,-9.4942E-10,-3.1200000000000004E-12,3.189E-07,-3.2474E-07
0.745,0.15,7.1797E-09,-9.6988000000000017E-10,-1.27E-12,3.1896E-07,-3.2494E-07
0.75,0.15,7.3519E-09,-9.9601000000000016E-10,5.1E-13,3.1888E-07,-3.2534E-07
0.755,0.15,7.4774E-09,-1.02164E-09,2.2000000000000002E-13,3.1888E-07,-3.2542E-07
0.76,0.15,7.506E-09,-1.04337E-09,5.8000000000000005E-13,3.1892E-07,-3.2534E-07
0.765,0.15,7.89E-09,-1.0670700000000001E-09,-8.0000000000000013E-14,3.1892E-07,-3.2556E-07
0.77,0.15,7.9542E-09,-1.0942900000000002E-09,-1.8900000000000002E-12,3.189E-07,-3.2556E-07
0.775,0.15,8.0451E-09,-1.11807E-09,4.4000000000000004E-13,3.1892E-07,-3.2568E-07
0.78,0.15,8.1391E-09,-1.14661E-09,1.18E-12,3.1884E-07,-3.2592E-07
0.785,0.15,8.2575E-09,-1.1699E-09,2.62E-12,3.1892E-07,-3.2592E-07
0.79,0.15,8.5124E-09,-1.1975E-09,2.8400000000000004E-12,3.1893999999999997E-07,-3.2634E-07
0.795,0.15,8.8053E-09,-1.225E-09,3.15E-12,3.189E-07,-3.2645999999999997E-07
0.8,0.15,8.9383E-09,-1.2535E-09,-1.6300000000000001E-12,3.1888E-07,-3.263E-07
0.805,0.15,9.0551E-09,-1.2784E-09,-2.31E-12,3.1898E-07,-3.2676E-07
0.81,0.15,9.056E-09,-1.3066E-09,-4.23E-12,3.189E-07,-3.2694E-07
0.81500000000000006,0.15,9.5461E-09,-1.3364E-09,-4.53E-12,3.189E-07,-3.2672E-07
0.82000000000000006,0.15,9.5971E-09,-1.368E-09,-3.6400000000000006E-12,3.1882E-07,-3.2682E-07
0.82500000000000007,0.15,9.5299E-09,-1.3967E-09,3.3E-13,3.189E-07,-3.2736E-07
0.83000000000000007,0.15,9.8335E-09,-1.4296E-09,3.07E-12,3.189E-07,-3.2748E-07
0.83500000000000008,0.15,9.9421E-09,-1.4629E-09,2.9600000000000003E-12,3.1896E-07,-3.2734E-07
0.84000000000000008,0.15,1.04667E-08,-1.4923E-09,3.95E-12,3.1884E-07,-3.2756E-07
0.84500000000000008,0.15,1.03459E-08,-1.5247E-09,3.46E-12,3.1884E-07,-3.2802E-07
0.85000000000000009,0.15,1.06261E-08,-1.557E-09,1.3000000000000001E-12,3.189E-07,-3.2776E-07
0.85500000000000009,0.15,1.0816E-08,-1.5863E-09,9.7000000000000011E-13,3.1893999999999997E-07,-3.2796E-07
0.86,0.15,1.11917E-08,-1.6206E-09,-2.0500000000000004E-12,3.1892E-07,-3.2813999999999997E-07
0.865,0.15,1.09816E-08,-1.644E-09,-2.8E-13,3.1892E-07,-3.286E-07
0.87,0.15,1.13322E-08,-1.68E-09,-8.1000000000000008E-13,3.1882E-07,-3.2844E-07
0.875,0.15,1.1724799999999998E-08,-1.7106E-09,-1.6000000000000003E-13,3.189E-07,-3.286E-07
0.88,0.15,1.1915999999999999E-08,-1.7527E-09,1.32E-12,3.1886E-07,-3.2876E-07
0.885,0.15,1.1964599999999998E-08,-1.7981E-09,-2.97E-12,3.1888E-07,-3.2894E-07
0.89,0.15,1.2415399999999999E-08,-1.8353E-09,3.63E-12,3.1898E-07,-3.2966E-07
0.895,0.15,1.2668799999999998E-08,-1.8726E-09,-3.92E-12,3.1893999999999997E-07,-3.2944E-07
0.9,0.15,1.2993199999999999E-08,-1.909E-09,1.04E-12,3.1892E-07,-3.298E-07
0,0.3,-4.0604000000000003E-10,3.4668000000000004E-10,2.1000000000000001E-13,3.1898E-07,-3.1882E-07
0.005,0.3,-3.7001000000000005E-10,3.2813000000000003E-10,4.2000000000000003E-13,3.1898E-07,-3.1896E-07
0.01,0.3,-3.4222000000000003E-10,3.1406E-10,3.9000000000000005E-13,3.1902E-07,-3.1892E-07
0.015000000000000001,0.3,-3.184E-10,2.9689000000000005E-10,-4.1E-13,3.1906E-07,-3.1896E-07
0.02,0.3,-2.8878E-10,2.8642000000000003E-10,-1.69E-12,3.1907999999999997E-07,-3.1896E-07
0.025,0.3,-2.6471E-10,2.7282000000000005E-10,-2.6300000000000003E-12,3.1898E-07,-3.1898E-07
0.030000000000000002,0.3,-2.4083000000000004E-10,2.5895E-10,-3.4900000000000003E-12,3.1904E-07,-3.1912E-07
0.035,0.3,-2.1905E-10,2.4794E-10,-3.25E-12,3.1896E-07,-3.1898E-07
0.04,0.3,-1.9771E-10,2.3652000000000003E-10,-4.4000000000000004E-13,3.1904E-07,-3.1898E-07
0.045000000000000005,0.3,-1.7769E-10,2.2335E-10,1.0000000000000002E-14,3.1902E-07,-3.1904E-07
0.05,0.3,-1.6048000000000002E-10,2.1051E-10,2.3000000000000003E-12,3.1906E-07,-3.1902E-07
0.055,0.3,-1.4097E-10,2.0141E-10,3.58E-12,3.1898E-07,-3.1902E-07
0.060000000000000005,0.3,-1.1839000000000002E-10,1.9057000000000002E-10,4.7600000000000007E-12,3.1904E-07,-3.1906E-07
0.065,0.3,-9.721E-11,1.8008000000000001E-10,1.5E-12,3.1902E-07,-3.1907999999999997E-07
0.07,0.3,-7.9120000000000007E-11,1.7306000000000002E-10,4.8000000000000008E-13,3.1898E-07,-3.1907999999999997E-07
0.075,0.3,-5.865E-11,1.6223000000000002E-10,-8.5000000000000011E-13,3.19E-07,-3.1907999999999997E-07
0.08,0.3,-4.1710000000000004E-11,1.5315E-10,-1.4E-12,3.1906E-07,-3.1907999999999997E-07
0.085,0.3,-2.4990000000000002E-11,1.4566000000000002E-10,-3.25E-12,3.1902E-07,-3.191E-07
0.090000000000000011,0.3,-7.9E-12,1.3675000000000002E-10,-7.4000000000000008E-13,3.1888E-07,-3.1902E-07
0.095,0.3,7.73E-12,1.2890000000000002E-10,-8.5000000000000011E-13,3.1888E-07,-3.1904E-07
0.1,0.3,2.8300000000000002E-11,1.192E-10,-2.9100000000000003E-12,3.1892E-07,-3.1907999999999997E-07
0.10500000000000001,0.3,4.389E-11,1.1136E-10,-6.1E-13,3.189E-07,-3.191E-07
0.11,0.3,6.477E-11,1.0507E-10,-1.6100000000000002E-12,3.1896E-07,-3.1907999999999997E-07
0.115,0.3,8.1620000000000011E-11,9.5880000000000009E-11,-1.3500000000000001E-12,3.1898E-07,-3.1907999999999997E-07
0.12000000000000001,0.3,9.9910000000000007E-11,9.166000000000001E-11,-6.3E-13,3.1892E-07,-3.1902E-07
0.125,0.3,1.1600000000000001E-10,8.514E-11,3.1000000000000004E-13,3.1898E-07,-3.1907999999999997E-07
0.13,0.3,1.3276000000000002E-10,7.778E-11,-2.6E-13,3.1886E-07,-3.1904E-07
0.135,0.3,1.4751000000000002E-10,7.0380000000000007E-11,-1.3800000000000002E-12,3.1893999999999997E-07,-3.1914E-07
0.14,0.3,1.6614E-10,6.648E-11,2.0000000000000003E-14,3.1893999999999997E-07,-3.1914E-07
0.14500000000000002,0.3,1.8306E-10,5.996E-11,1E-13,3.1893999999999997E-07,-3.1918E-07
0.15,0.3,2.0070000000000002E-10,5.269E-11,3.6000000000000003E-13,3.1896E-07,-3.1916E-07
0.155,0.3,2.1839E-10,5.0720000000000007E-11,6.6E-13,3.189E-07,-3.1918E-07
0.16,0.3,2.3545E-10,4.668E-11,1.4900000000000001E-12,3.1892E-07,-3.1918E-07
0.165,0.3,2.5427000000000004E-10,4.356E-11,2.5600000000000004E-12,3.1892E-07,-3.192E-07
0.17,0.3,2.7029E-10,3.9570000000000005E-11,-6.0000000000000007E-13,3.1898E-07,-3.1926E-07
0.17500000000000002,0.3,2.85E-10,3.7930000000000005E-11,-2.8E-13,3.1896E-07,-3.1926E-07
0.18000000000000002,0.3,2.9854000000000004E-10,3.275E-11,-2.9800000000000002E-12,3.1893999999999997E-07,-3.1921999999999997E-07
0.185,0.3,3.1116000000000004E-10,3.1E-11,-1.1100000000000001E-12,3.1886E-07,-3.192E-07
0.19,0.3,3.3177000000000003E-10,2.857E-11,7.4000000000000008E-13,3.1892E-07,-3.1926E-07
0.195,0.3,3.4681E-10,2.538E-11,-6.5000000000000006E-13,3.1886E-07,-3.1916E-07
0.2,0.3,3.6271000000000003E-10,2.2860000000000002E-11,3.0100000000000003E-12,3.1896E-07,-3.1926E-07
0.20500000000000002,0.3,3.8641E-10,2.1550000000000002E-11,6.8E-13,3.189E-07,-3.1932E-07
0.21000000000000002,0.3,3.9975000000000004E-10,2.245E-11,6.5000000000000006E-13,3.1886E-07,-3.1932E-07
0.215,0.3,4.1866000000000003E-10,1.652E-11,-5.5000000000000008E-13,3.1898E-07,-3.1934E-07
0.22,0.3,4.4170000000000004E-10,1.848E-11,-1.23E-12,3.189E-07,-3.1935999999999997E-07
0.225,0.3,4.5734000000000005E-10,1.5940000000000002E-11,-2.01E-12,3.1892E-07,-3.1935999999999997E-07
0.23,0.3,4.7449000000000009E-10,1.4400000000000002E-11,-2.7800000000000003E-12,3.1892E-07,-3.1938E-07
0.23500000000000001,0.3,4.9281000000000008E-10,1.2980000000000002E-11,-2.2000000000000003E-12,3.1888E-07,-3.194E-07
0.24000000000000002,0.3,5.0918E-10,1.179E-11,-1.0100000000000001E-12,3.1893999999999997E-07,-3.1938E-07
0.24500000000000002,0.3,5.3184E-10,1.1540000000000001E-11,-1.65E-12,3.1884E-07,-3.194E-07
0.25,0.3,5.5089E-10,7.7800000000000012E-12,2.0700000000000003E-12,3.189E-07,-3.1935999999999997E-07
0.255,0.3,5.7402E-10,6.35E-12,2.18E-12,3.1892E-07,-3.1942E-07
0.26,0.3,5.9193E-10,6.3E-12,2.37E-12,3.189E-07,-3.1949999999999997E-07
0.265,0.3,6.1329000000000006E-10,4.1400000000000005E-12,1.5300000000000001E-12,3.1892E-07,-3.1948E-07
0.27,0.3,6.3725E-10,4.5400000000000004E-12,2.6600000000000004E-12,3.1888E-07,-3.1952E-07
0.275,0.3,6.6209E-10,4.9000000000000005E-12,-9.6000000000000015E-13,3.1879999999999997E-07,-3.1952E-07
0.28,0.3,6.8215000000000007E-10,6.3E-12,-1.83E-12,3.189E-07,-3.1952E-07
0.28500000000000003,0.3,7.0140000000000008E-10,3.2900000000000003E-12,-3.0100000000000003E-12,3.1892E-07,-3.1958E-07
0.29000000000000004,0.3,7.2003E-10,4.41E-12,-1.95E-12,3.1886E-07,-3.1962E-07
0.29500000000000004,0.3,7.4729E-10,2.6600000000000004E-12,-3.2700000000000004E-12,3.1892E-07,-3.1966E-07
0.3,0.3,7.7135E-10,8.2E-13,-6.8E-13,3.189E-07,-3.1966E-07
0.305,0.3,7.9683E-10,-2.2000000000000002E-13,2.2000000000000002E-13,3.189E-07,-3.1962E-07
0.31,0.3,8.2713E-10,-5.3000000000000006E-13,1.85E-12,3.1888E-07,-3.1968E-07
0.315,0.3,8.5723E-10,-1.4E-12,2.2000000000000002E-13,3.1884E-07,-3.1968E-07
0.32,0.3,8.853200000000001E-10,-4.58E-12,1.69E-12,3.189E-07,-3.1976E-07
0.325,0.3,9.1689E-10,-2.6800000000000003E-12,-2.41E-12,3.1898E-07,-3.1972E-07
0.33,0.3,9.4261000000000012E-10,-2.44E-12,-9.2000000000000012E-13,3.1884E-07,-3.1976E-07
0.335,0.3,9.7014000000000013E-10,-3.77E-12,-5.4E-13,3.189E-07,-3.1974E-07
0.34,0.3,9.895E-10,-5.54E-12,1.3400000000000002E-12,3.1886E-07,-3.1986E-07
0.34500000000000003,0.3,1.0261E-09,-6.3700000000000005E-12,2.67E-12,3.1888E-07,-3.199E-07
0.35000000000000003,0.3,1.0589E-09,-8.1000000000000014E-12,2.7000000000000002E-12,3.1898E-07,-3.1988E-07
0.35500000000000004,0.3,1.0909E-09,-9.3000000000000012E-12,1.3500000000000001E-12,3.1892E-07,-3.1994E-07
0.36000000000000004,0.3,1.1325E-09,-7.8600000000000008E-12,-3.25E-12,3.1892E-07,-3.1994E-07
0.365,0.3,1.1579E-09,-9.68E-12,-3.5400000000000003E-12,3.189E-07,-3.2004E-07
0.37,0.3,1.1835E-09,-8.680000000000001E-12,-4.2000000000000007E-12,3.1892E-07,-3.2004E-07
0.375,0.3,1.2168E-09,-1.221E-11,-2.8E-12,3.1884E-07,-3.2005999999999997E-07
0.38,0.3,1.2477E-09,-1.32E-11,-2.5000000000000003E-12,3.1884E-07,-3.201E-07
0.385,0.3,1.2806E-09,-1.3500000000000002E-11,3.0000000000000003E-13,3.1879999999999997E-07,-3.2008E-07
0.39,0.3,1.3154E-09,-1.8020000000000003E-11,6.6E-13,3.189E-07,-3.2026E-07
0.395,0.3,1.3478E-09,-1.855E-11,-6.400000000000001E-13,3.1884E-07,-3.2026E-07
0.4,0.3,1.403E-09,-2.123E-11,4.1E-13,3.189E-07,-3.2026E-07
0.405,0.3,1.447E-09,-2.305E-11,1.4900000000000001E-12,3.189E-07,-3.203E-07
0.41000000000000003,0.3,1.4925E-09,-2.409E-11,-8.0000000000000013E-14,3.1886E-07,-3.2028E-07
0.41500000000000004,0.3,1.5212E-09,-2.593E-11,4.9E-13,3.1888E-07,-3.2028E-07
0.42000000000000004,0.3,1.5693E-09,-2.6280000000000002E-11,9.0000000000000008E-14,3.189E-07,-3.2042E-07
0.42500000000000004,0.3,1.6652E-09,-2.9230000000000005E-11,-2.1700000000000002E-12,3.189E-07,-3.205E-07
0.43,0.3,1.7126E-09,-3.1960000000000005E-11,-1.12E-12,3.1886E-07,-3.205E-07
0.435,0.3,1.7598E-09,-3.317E-11,-7E-14,3.1886E-07,-3.2056E-07
0.44,0.3,1.7973E-09,-3.5890000000000005E-11,-7.100000000000001E-13,3.1886E-07,-3.2061999999999997E-07
0.445,0.3,1.8498E-09,-3.93E-11,-4.9E-13,3.1888E-07,-3.2064E-07
0.45,0.3,1.891E-09,-4.0870000000000003E-11,-1.0000000000000002E-14,3.189E-07,-3.2066E-07
0.455,0.3,1.9508E-09,-4.0520000000000006E-11,-8.1000000000000008E-13,3.1893999999999997E-07,-3.2075999999999997E-07
0.46,0.3,2.0088E-09,-4.603E-11,-6.3E-13,3.1892E-07,-3.208E-07
0.465,0.3,2.0557E-09,-4.6190000000000004E-11,-8.2E-13,3.189E-07,-3.2088E-07
0.47000000000000003,0.3,2.1164E-09,-5.088E-11,-1.3500000000000001E-12,3.1892E-07,-3.2094E-07
0.47500000000000003,0.3,2.0755E-09,-5.6170000000000005E-11,-1.18E-12,3.1884E-07,-3.2088E-07
0.48000000000000004,0.3,2.1268E-09,-6.0670000000000009E-11,-5E-13,3.1886E-07,-3.2094E-07
0.48500000000000004,0.3,2.1938E-09,-6.1110000000000009E-11,-4.1E-13,3.1882E-07,-3.2098E-07
0.49000000000000005,0.3,2.2433E-09,-6.835E-11,-1.5200000000000002E-12,3.1886E-07,-3.2106E-07
0.49500000000000005,0.3,2.2955E-09,-7.107E-11,1.21E-12,3.1892E-07,-3.2112E-07
0.5,0.3,2.3769E-09,-7.678E-11,7.5E-13,3.1888E-07,-3.2117999999999997E-07
0.505,0.3,2.4245E-09,-8.063000000000001E-11,1.7600000000000002E-12,3.189E-07,-3.2122E-07
0.51,0.3,2.4748E-09,-8.392E-11,1.8200000000000003E-12,3.1898E-07,-3.2128E-07
0.515,0.3,2.5593E-09,-8.7170000000000008E-11,8.9E-13,3.1896E-07,-3.2138E-07
0.52,0.3,2.6044E-09,-9.063E-11,-7.7000000000000005E-13,3.1898E-07,-3.2145999999999997E-07
0.525,0.3,2.6527E-09,-9.562E-11,-1.04E-12,3.1898E-07,-3.2152E-07
0.53,0.3,2.7171E-09,-1.0111000000000001E-10,-1.8000000000000002E-13,3.1898E-07,-3.2154E-07
0.535,0.3,2.7636E-09,-1.0518E-10,1E-13,3.19E-07,-3.2159999999999997E-07
0.54,0.3,2.8612E-09,-1.0728E-10,1.5000000000000002E-13,3.19E-07,-3.2164E-07
0.545,0.3,2.8816E-09,-1.1220000000000001E-10,1.12E-12,3.189E-07,-3.2178E-07
0.55,0.3,3.0055E-09,-1.1735000000000001E-10,1.37E-12,3.1904E-07,-3.2182E-07
0.555,0.3,3.0498E-09,-1.2177E-10,5.9E-13,3.1896E-07,-3.2192E-07
0.56,0.3,3.085E-09,-1.2404000000000002E-10,7.3E-13,3.1893999999999997E-07,-3.2192E-07
0.56500000000000006,0.3,3.1971E-09,-1.3121E-10,5.4E-13,3.1886E-07,-3.2196E-07
0.57000000000000006,0.3,3.2402E-09,-1.3623E-10,-4.1400000000000005E-12,3.189E-07,-3.2192E-07
0.57500000000000007,0.3,3.3442E-09,-1.3727E-10,-4.7000000000000006E-12,3.1893999999999997E-07,-3.22E-07
0.58000000000000007,0.3,3.4363E-09,-1.4684E-10,-3.8800000000000004E-12,3.1892E-07,-3.2218E-07
0.58500000000000008,0.3,3.4582E-09,-1.5041E-10,-2.9300000000000002E-12,3.1896E-07,-3.2218E-07
0.59000000000000008,0.3,3.5391E-09,-1.5597E-10,7E-14,3.1896E-07,-3.2229999999999997E-07
0.595,0.3,3.5618E-09,-1.6179000000000002E-10,2.14E-12,3.1892E-07,-3.2224E-07
0.6,0.3,3.6506E-09,-1.7048000000000002E-10,4.7000000000000006E-12,3.1893999999999997E-07,-3.2228E-07
0.605,0.3,3.7312E-09,-1.7549E-10,2.87E-12,3.1893999999999997E-07,-3.2243999999999997E-07
0.61,0.3,3.8627E-09,-1.8193E-10,2.36E-12,3.1888E-07,-3.2248E-07
0.615,0.3,3.8736E-09,-1.8738E-10,2.0200000000000003E-12,3.189E-07,-3.227E-07
0.62,0.3,4.0038E-09,-1.9283000000000002E-10,-3.7000000000000004E-13,3.1892E-07,-3.2262E-07
0.625,0.3,4.0703E-09,-2.0114000000000002E-10,-2.62E-12,3.1888E-07,-3.227E-07
0.63,0.3,4.1856E-09,-2.0843000000000002E-10,-1.86E-12,3.1892E-07,-3.2278E-07
0.635,0.3,4.2042E-09,-2.1481E-10,-3.76E-12,3.1884E-07,-3.2284E-07
0.64,0.3,4.3841E-09,-2.2003000000000002E-10,-4.23E-12,3.1886E-07,-3.2288E-07
0.645,0.3,4.3776E-09,-2.2752E-10,-4.33E-12,3.1892E-07,-3.2308E-07
0.65,0.3,4.4745E-09,-2.3439E-10,-3.3900000000000003E-12,3.1892E-07,-3.2318E-07
0.655,0.3,4.6063E-09,-2.4543E-10,-2.4800000000000003E-12,3.1888E-07,-3.2312E-07
0.66,0.3,4.7379E-09,-2.4793000000000004E-10,9.6000000000000015E-13,3.1886E-07,-3.2322E-07
0.665,0.3,4.77E-09,-2.5795E-10,2.6100000000000004E-12,3.1888E-07,-3.2341999999999997E-07
0.67,0.3,4.8941E-09,-2.6761E-10,3.72E-12,3.1888E-07,-3.2344E-07
0.675,0.3,5.0519E-09,-2.7861000000000003E-10,4.21E-12,3.1884E-07,-3.2358E-07
0.68,0.3,5.0816E-09,-2.8605E-10,4.48E-12,3.1879999999999997E-07,-3.2368E-07
0.685,0.3,5.1627E-09,-2.9534000000000004E-10,1.04E-12,3.1886E-07,-3.239E-07
0.69000000000000006,0.3,5.249E-09,-3.0458000000000005E-10,1.55E-12,3.189E-07,-3.238E-07
0.69500000000000006,0.3,5.3735E-09,-3.1268E-10,-8.9E-13,3.189E-07,-3.2406E-07
0.70000000000000007,0.3,5.487E-09,-3.2197000000000003E-10,3.9000000000000005E-13,3.189E-07,-3.2388E-07
0.70500000000000007,0.3,5.6899E-09,-3.319E-10,-4.7E-13,3.1888E-07,-3.243E-07
0.71000000000000008,0.3,5.7459E-09,-3.4171E-10,1.7100000000000002E-12,3.1888E-07,-3.2432E-07
0.71500000000000008,0.3,5.754E-09,-3.5053000000000003E-10,-1.1000000000000002E-12,3.1884E-07,-3.2422E-07
0.72000000000000008,0.3,5.9454E-09,-3.6087E-10,-2.36E-12,3.1884E-07,-3.2448E-07
0.72500000000000009,0.3,6.0017E-09,-3.7348000000000004E-10,-3.25E-12,3.189E-07,-3.2468E-07
0.73,0.3,6.21E-09,-3.8402000000000003E-10,-2.47E-12,3.189E-07,-3.2456E-07
0.735,0.3,6.4711E-09,-3.9591000000000003E-10,-2.24E-12,3.1884E-07,-3.249E-07
0.74,0.3,6.5153E-09,-4.0839E-10,-8.300000000000001E-13,3.1892E-07,-3.2488E-07
0.745,0.3,6.5321E-09,-4.2055E-10,-1.1000000000000001E-13,3.189E-07,-3.2492E-07
0.75,0.3,6.5964E-09,-4.3274000000000005E-10,1.8200000000000003E-12,3.1892E-07,-3.2504E-07
0.755,0.3,6.8575E-09,-4.4802E-10,2.1000000000000003E-12,3.1884E-07,-3.2528E-07
0.76,0.3,6.9974E-09,-4.5978000000000004E-10,1.6300000000000001E-12,3.1896E-07,-3.255E-07
0.765,0.3,7.0002E-09,-4.7611E-10,1.2800000000000002E-12,3.1896E-07,-3.2548E-07
0.77,0.3,7.3041E-09,-4.884E-10,-5.7E-13,3.189E-07,-3.2568E-07
0.775,0.3,7.3768E-09,-5.0222E-10,-9.3E-13,3.1886E-07,-3.2562E-07
0.78,0.3,7.6294E-09,-5.1565000000000008E-10,-1.4400000000000001E-12,3.1892E-07,-3.2576E-07
0.785,0.3,7.5318E-09,-5.2663000000000007E-10,-1.26E-12,3.1892E-07,-3.2584E-07
0.79,0.3,7.7068E-09,-5.4461E-10,2.1700000000000002E-12,3.1878E-07,-3.2614E-07
0.795,0.3,7.8041999999999992E-09,-5.6010000000000006E-10,2.6800000000000003E-12,3.189E-07,-3.2608E-07
0.8,0.3,7.9629E-09,-5.7683000000000006E-10,2.37E-12,3.1886E-07,-3.2634E-07
0.805,0.3,8.1315E-09,-5.8998000000000007E-10,4.5400000000000004E-12,3.1886E-07,-3.2664E-07
0.81,0.3,8.5672E-09,-6.0837E-10,1.21E-12,3.1888E-07,-3.2658E-07
0.81500000000000006,0.3,8.4822E-09,-6.2537000000000009E-10,1.7600000000000002E-12,3.189E-07,-3.269E-07
0.82000000000000006,0.3,8.8516E-09,-6.413900000000001E-10,-1.83E-12,3.189E-07,-3.2704E-07
0.82500000000000007,0.3,8.9282E-09,-6.5807000000000009E-10,1.9200000000000003E-12,3.1886E-07,-3.2687999999999997E-07
0.83000000000000007,0.3,9.1271E-09,-6.771400000000001E-10,-3.3200000000000004E-12,3.189E-07,-3.2712E-07
0.83500000000000008,0.3,9.1685E-09,-6.911E-10,-2.7300000000000003E-12,3.189E-07,-3.2722E-07
0.84000000000000008,0.3,9.3802E-09,-7.0879000000000009E-10,-3.92E-12,3.189E-07,-3.277E-07
0.84500000000000008,0.3,9.3704E-09,-7.3025E-10,-3.3100000000000002E-12,3.1886E-07,-3.2748E-07
0.85000000000000009,0.3,9.6147E-09,-7.5091E-10,-1.79E-12,3.1888E-07,-3.2778E-07
0.85500000000000009,0.3,9.8571E-09,-7.6873000000000009E-10,2.08E-12,3.1892E-07,-3.2796E-07
0.86,0.3,1.01831E-08,-7.9057000000000009E-10,3.5400000000000003E-12,3.1886E-07,-3.2812E-07
0.865,0.3,1.04604E-08,-8.1173E-10,2.57E-12,3.1886E-07,-3.2818E-07
0.87,0.3,1.0583E-08,-8.3386000000000005E-10,3.5500000000000004E-12,3.1898E-07,-3.2834E-07
0.875,0.3,1.04734E-08,-8.5375000000000008E-10,1.64E-12,3.1888E-07,-3.2872E-07
0.88,0.3,1.07326E-08,-8.7574E-10,-2.01E-12,3.189E-07,-3.2862E-07
0.885,0.3,1.11911E-08,-8.9646E-10,-1.59E-12,3.1884E-07,-3.2918E-07
0.89,0.3,1.13706E-08,-9.153800000000001E-10,-2.57E-12,3.1892E-07,-3.2906E-07
0.895,0.3,1.1398599999999998E-08,-9.3936000000000016E-10,-5.5000000000000008E-13,3.19E-07,-3.2964E-07
0.9,0.3,1.15832E-08,-9.6049E-10,-1.02E-12,3.1896E-07,-3.2944E-07
0,0.45,-1.5298E-09,1.471E-09,-1.88E-12,3.191E-07,-3.1902E-07
0.005,0.45,-1.4516E-09,1.4044E-09,1E-13,3.1907999999999997E-07,-3.1902E-07
0.01,0.45,-1.372E-09,1.3375E-09,-1.5700000000000002E-12,3.1907999999999997E-07,-3.19E-07
0.015000000000000001,0.45,-1.2991E-09,1.2772E-09,1.17E-12,3.1907999999999997E-07,-3.1907999999999997E-07
0.02,0.45,-1.22E-09,1.215E-09,1.21E-12,3.191E-07,-3.1902E-07
0.025,0.45,-1.1482E-09,1.1581E-09,7.3E-13,3.191E-07,-3.1906E-07
0.030000000000000002,0.45,-1.0786E-09,1.1009E-09,-6.5000000000000006E-13,3.1914E-07,-3.191E-07
0.035,0.45,-1.0147E-09,1.0523E-09,4.3000000000000004E-13,3.1916E-07,-3.1912E-07
0.04,0.45,-9.6624000000000017E-10,1.0019E-09,1.21E-12,3.191E-07,-3.1914E-07
0.045000000000000005,0.45,-9.0686000000000011E-10,9.5432E-10,-1.8000000000000002E-12,3.1907999999999997E-07,-3.1907999999999997E-07
0.05,0.45,-8.504500000000001E-10,9.090400000000001E-10,1.4E-13,3.1904E-07,-3.191E-07
0.055,0.45,-7.9648E-10,8.6534E-10,-6.9000000000000009E-13,3.1912E-07,-3.1914E-07
0.060000000000000005,0.45,-7.4611E-10,8.259700000000001E-10,2.47E-12,3.1907999999999997E-07,-3.1916E-07
0.065,0.45,-6.9459000000000008E-10,7.8328000000000011E-10,1.7200000000000001E-12,3.1914E-07,-3.1916E-07
0.07,0.45,-6.4557000000000008E-10,7.4293E-10,1.73E-12,3.1904E-07,-3.1916E-07
0.075,0.45,-6.0067000000000006E-10,7.0906E-10,3.0100000000000003E-12,3.191E-07,-3.1916E-07
0.08,0.45,-5.5199000000000008E-10,6.7346000000000007E-10,2.75E-12,3.1907999999999997E-07,-3.1916E-07
0.085,0.45,-5.0345000000000006E-10,6.4073E-10,1.64E-12,3.1904E-07,-3.192E-07
0.090000000000000011,0.45,-4.6334E-10,6.0764000000000009E-10,1.3300000000000002E-12,3.191E-07,-3.1916E-07
0.095,0.45,-4.2372E-10,5.8415E-10,3.3E-13,3.1906E-07,-3.1918E-07
0.1,0.45,-3.9062000000000004E-10,5.4948E-10,9.5E-13,3.1904E-07,-3.192E-07
0.10500000000000001,0.45,-3.5668E-10,5.2774000000000008E-10,-3.8000000000000005E-13,3.1907999999999997E-07,-3.1918E-07
0.11,0.45,-3.2811E-10,5.014E-10,2.1700000000000002E-12,3.1912E-07,-3.1926E-07
0.115,0.45,-2.9021E-10,4.7692E-10,2.2500000000000003E-12,3.1907999999999997E-07,-3.1921999999999997E-07
0.12000000000000001,0.45,-2.5484E-10,4.5394000000000004E-10,5.5000000000000008E-13,3.1914E-07,-3.1932E-07
0.125,0.45,-2.2128E-10,4.3529000000000006E-10,-5.3000000000000006E-13,3.1916E-07,-3.193E-07
0.13,0.45,-1.8889E-10,4.1610000000000004E-10,-1.74E-12,3.1916E-07,-3.1924E-07
0.135,0.45,-1.6216E-10,3.9262000000000004E-10,-3.7400000000000006E-12,3.1907999999999997E-07,-3.1935999999999997E-07
0.14,0.45,-1.2628E-10,3.7283000000000005E-10,-3.02E-12,3.191E-07,-3.193E-07
0.14500000000000002,0.45,-9.578E-11,3.5660000000000004E-10,-3.81E-12,3.191E-07,-3.1934E-07
0.15,0.45,-6.8110000000000011E-11,3.4063000000000004E-10,-1.8700000000000003E-12,3.1907999999999997E-07,-3.1932E-07
0.155,0.45,-3.951E-11,3.2376000000000003E-10,-2.41E-12,3.1904E-07,-3.1928E-07
0.16,0.45,-1.302E-11,3.1281000000000003E-10,2.09E-12,3.1902E-07,-3.1921999999999997E-07
0.165,0.45,1.509E-11,2.9366E-10,3.2700000000000004E-12,3.1898E-07,-3.1935999999999997E-07
0.17,0.45,3.7960000000000004E-11,2.7909E-10,3.5700000000000003E-12,3.1898E-07,-3.1934E-07
0.17500000000000002,0.45,6.691E-11,2.6407E-10,4.9500000000000005E-12,3.1898E-07,-3.1932E-07
0.18000000000000002,0.45,9.6730000000000011E-11,2.5739000000000003E-10,1.6300000000000001E-12,3.191E-07,-3.1946E-07
0.185,0.45,1.212E-10,2.4467E-10,-5.9E-13,3.1907999999999997E-07,-3.1944E-07
0.19,0.45,1.4869E-10,2.3302000000000004E-10,-2.85E-12,3.191E-07,-3.1938E-07
0.195,0.45,1.715E-10,2.2171000000000003E-10,-1.73E-12,3.19E-07,-3.1946E-07
0.2,0.45,2.0292E-10,2.0980000000000002E-10,-3.1400000000000004E-12,3.1904E-07,-3.1938E-07
0.20500000000000002,0.45,2.2474000000000002E-10,1.9725000000000002E-10,-1.7000000000000002E-12,3.1904E-07,-3.1938E-07
0.21000000000000002,0.45,2.4970000000000003E-10,1.8995000000000003E-10,1.2000000000000002E-13,3.19E-07,-3.1942E-07
0.215,0.45,2.7674E-10,1.8030000000000001E-10,-8.300000000000001E-13,3.1896E-07,-3.1944E-07
0.22,0.45,3.0344000000000004E-10,1.7096000000000002E-10,-1.2900000000000002E-12,3.19E-07,-3.1949999999999997E-07
0.225,0.45,3.3315000000000003E-10,1.5988000000000002E-10,-1.95E-12,3.1892E-07,-3.194E-07
0.23,0.45,3.5791E-10,1.5338000000000002E-10,9.2000000000000012E-13,3.1898E-07,-3.1944E-07
0.23500000000000001,0.45,3.8506E-10,1.4202000000000002E-10,1.2400000000000002E-12,3.1902E-07,-3.1952E-07
0.24000000000000002,0.45,4.1156E-10,1.3217000000000002E-10,1.95E-12,3.1904E-07,-3.1956E-07
0.24500000000000002,0.45,4.4148E-10,1.245E-10,3.23E-12,3.19E-07,-3.1968E-07
0.25,0.45,4.6931E-10,1.1812E-10,-2E-13,3.1898E-07,-3.1962E-07
0.255,0.45,4.9810000000000007E-10,1.0938000000000001E-10,-5.5000000000000008E-13,3.1902E-07,-3.1949999999999997E-07
0.26,0.45,5.236E-10,1.0294000000000001E-10,-4.6100000000000008E-12,3.1902E-07,-3.1956E-07
0.265,0.45,5.478E-10,9.596000000000001E-11,-3.1E-12,3.1902E-07,-3.1963999999999997E-07
0.27,0.45,5.7685E-10,8.8900000000000011E-11,-1.7100000000000002E-12,3.1907999999999997E-07,-3.197E-07
0.275,0.45,6.0207000000000007E-10,8.0910000000000008E-11,2.18E-12,3.1907999999999997E-07,-3.1966E-07
0.28,0.45,6.3689000000000006E-10,7.6390000000000007E-11,2.44E-12,3.1898E-07,-3.1974E-07
0.28500000000000003,0.45,6.6142000000000008E-10,6.865E-11,7.5E-13,3.1902E-07,-3.1968E-07
0.29000000000000004,0.45,6.922900000000001E-10,6.4250000000000011E-11,-1.36E-12,3.1898E-07,-3.1976E-07
0.29500000000000004,0.45,7.2442000000000007E-10,5.7730000000000004E-11,-1.4300000000000002E-12,3.1898E-07,-3.1968E-07
0.3,0.45,7.582E-10,5.6540000000000006E-11,-3.87E-12,3.1902E-07,-3.1976E-07
0.305,0.45,7.8652000000000009E-10,5.059E-11,-2.9800000000000002E-12,3.1896E-07,-3.1976E-07
0.31,0.45,8.1548000000000006E-10,4.712E-11,-3.28E-12,3.1898E-07,-3.198E-07
0.315,0.45,8.3949000000000007E-10,4.3820000000000004E-11,-1.6E-12,3.1902E-07,-3.199E-07
0.32,0.45,8.6571000000000011E-10,4.0010000000000006E-11,-8.300000000000001E-13,3.1898E-07,-3.1991999999999997E-07
0.325,0.45,8.9584000000000008E-10,3.375E-11,1.4300000000000002E-12,3.19E-07,-3.1991999999999997E-07
0.33,0.45,9.2918000000000009E-10,3.459E-11,1.4300000000000002E-12,3.1896E-07,-3.1991999999999997E-07
0.335,0.45,9.5846E-10,2.8420000000000004E-11,2.18E-12,3.1898E-07,-3.1996E-07
0.34,0.45,9.9195E-10,2.5360000000000003E-11,1.4700000000000002E-12,3.1907999999999997E-07,-3.2005999999999997E-07
0.34500000000000003,0.45,1.0356E-09,2.258E-11,-1.1000000000000001E-13,3.1896E-07,-3.2004E-07
0.35000000000000003,0.45,1.0603E-09,2.218E-11,-1.1000000000000001E-13,3.1902E-07,-3.2014E-07
0.35500000000000004,0.45,1.0466E-09,2.0370000000000003E-11,9.0000000000000008E-14,3.1898E-07,-3.2002E-07
0.36000000000000004,0.45,1.0827E-09,2.058E-11,1.27E-12,3.1896E-07,-3.2002E-07
0.365,0.45,1.1171E-09,2.0570000000000003E-11,-2.3000000000000003E-13,3.1893999999999997E-07,-3.2002E-07
0.37,0.45,1.1351E-09,1.8360000000000002E-11,-1.4800000000000002E-12,3.1896E-07,-3.201E-07
0.375,0.45,1.1695E-09,1.817E-11,-1.73E-12,3.1898E-07,-3.2019999999999997E-07
0.38,0.45,1.204E-09,1.6870000000000002E-11,-8.4000000000000006E-13,3.19E-07,-3.2016E-07
0.385,0.45,1.2452E-09,1.4510000000000002E-11,-3.8800000000000004E-12,3.1902E-07,-3.2026E-07
0.39,0.45,1.2777E-09,1.3690000000000002E-11,-1E-13,3.1898E-07,-3.2026E-07
0.395,0.45,1.3241E-09,1.1440000000000001E-11,6.9000000000000009E-13,3.1898E-07,-3.2033999999999997E-07
0.4,0.45,1.368E-09,9.490000000000001E-12,9.000000000000001E-13,3.1898E-07,-3.2026E-07
0.405,0.45,1.4006E-09,8.26E-12,-1.8000000000000002E-13,3.1898E-07,-3.2038E-07
0.41000000000000003,0.45,1.4359E-09,9.84E-12,8.5000000000000011E-13,3.1896E-07,-3.2044E-07
0.41500000000000004,0.45,1.4829E-09,7.2400000000000007E-12,-2.4300000000000003E-12,3.1904E-07,-3.205E-07
0.42000000000000004,0.45,1.5124E-09,7.6900000000000014E-12,-3.1700000000000004E-12,3.1902E-07,-3.2047999999999997E-07
0.42500000000000004,0.45,1.5583E-09,6.5300000000000007E-12,5.4E-13,3.19E-07,-3.2058E-07
0.43,0.45,1.5966E-09,6.1800000000000007E-12,2.41E-12,3.1904E-07,-3.2056E-07
0.435,0.45,1.6436E-09,1.5E-12,2.77E-12,3.1902E-07,-3.207E-07
0.44,0.45,1.6756E-09,3.3400000000000003E-12,2.51E-12,3.19E-07,-3.207E-07
0.445,0.45,1.7224E-09,1.98E-12,6.6E-13,3.19E-07,-3.2075999999999997E-07
0.45,0.45,1.7665E-09,2.7E-13,-2.21E-12,3.191E-07,-3.208E-07
0.455,0.45,1.836E-09,1.32E-12,-2.4500000000000003E-12,3.1907999999999997E-07,-3.2082E-07
0.46,0.45,1.8683E-09,2.23E-12,-2.7600000000000004E-12,3.1907999999999997E-07,-3.2088E-07
0.465,0.45,1.9201E-09,1.21E-12,-2.59E-12,3.1907999999999997E-07,-3.2086E-07
0.47000000000000003,0.45,1.9762E-09,-2.1000000000000001E-13,-8.0000000000000013E-14,3.19E-07,-3.2092E-07
0.47500000000000003,0.45,2.01E-09,-2.36E-12,1.6E-12,3.1898E-07,-3.2098E-07
0.48000000000000004,0.45,2.0671E-09,-1.07E-12,2.3000000000000003E-12,3.19E-07,-3.2098E-07
0.48500000000000004,0.45,2.1133E-09,-4.9100000000000007E-12,1.6E-12,3.1898E-07,-3.2106E-07
0.49000000000000005,0.45,2.1625E-09,-3.65E-12,8.1000000000000008E-13,3.19E-07,-3.2117999999999997E-07
0.49500000000000005,0.45,2.2228E-09,-1.7600000000000002E-12,4.1E-13,3.19E-07,-3.2112E-07
0.5,0.45,2.2794E-09,-5.07E-12,1.6000000000000003E-13,3.1904E-07,-3.2124E-07
0.505,0.45,2.3306E-09,-6.9300000000000006E-12,5.2E-13,3.1904E-07,-3.2128E-07
0.51,0.45,2.3964E-09,-6.0700000000000006E-12,2.8E-13,3.1902E-07,-3.2131999999999997E-07
0.515,0.45,2.4482E-09,-8.63E-12,1.7E-13,3.1904E-07,-3.2134E-07
0.52,0.45,2.5132E-09,-8.2000000000000014E-12,5E-14,3.1896E-07,-3.2142E-07
0.525,0.45,2.5578E-09,-1.037E-11,-2.8E-13,3.1898E-07,-3.2148E-07
0.53,0.45,2.6289E-09,-1.075E-11,-2.34E-12,3.19E-07,-3.2154E-07
0.535,0.45,2.7286E-09,-1.271E-11,-1.64E-12,3.1904E-07,-3.2168E-07
0.54,0.45,2.7419E-09,-1.568E-11,6.3E-13,3.1898E-07,-3.217E-07
0.545,0.45,2.7936E-09,-1.6050000000000002E-11,-1.73E-12,3.1902E-07,-3.2178E-07
0.55,0.45,2.873E-09,-1.896E-11,1.1000000000000002E-12,3.1893999999999997E-07,-3.2182E-07
0.555,0.45,2.9671E-09,-2.232E-11,1.3000000000000001E-12,3.1896E-07,-3.2187999999999997E-07
0.56,0.45,3.0089E-09,-2.349E-11,1.4700000000000002E-12,3.1904E-07,-3.2194E-07
0.56500000000000006,0.45,3.0999E-09,-2.34E-11,5.9E-13,3.1898E-07,-3.22E-07
0.57000000000000006,0.45,3.1961E-09,-2.4950000000000002E-11,-1.8200000000000003E-12,3.1902E-07,-3.2214E-07
0.57500000000000007,0.45,3.2217E-09,-2.5700000000000002E-11,-3.2900000000000003E-12,3.1914E-07,-3.2224E-07
0.58000000000000007,0.45,3.2893E-09,-2.764E-11,-3.9800000000000004E-12,3.191E-07,-3.2224E-07
0.58500000000000008,0.45,3.3771E-09,-2.7690000000000003E-11,-1.93E-12,3.1907999999999997E-07,-3.2229999999999997E-07
0.59000000000000008,0.45,3.4703E-09,-3.4400000000000005E-11,-4.2000000000000003E-13,3.1902E-07,-3.2238E-07
0.595,0.45,3.5165E-09,-3.758E-11,-1.3E-13,3.1906E-07,-3.2252E-07
0.6,0.45,3.5695E-09,-4.115E-11,3.2700000000000004E-12,3.1907999999999997E-07,-3.2268E-07
0.605,0.45,3.7125E-09,-4.0590000000000005E-11,1.6700000000000002E-12,3.1902E-07,-3.227E-07
0.61,0.45,3.7797E-09,-4.6770000000000004E-11,3.7000000000000004E-13,3.19E-07,-3.227E-07
0.615,0.45,3.851E-09,-4.559E-11,-3.7000000000000004E-13,3.1907999999999997E-07,-3.2278E-07
0.62,0.45,3.9137E-09,-5.029E-11,-2.7E-13,3.1902E-07,-3.228E-07
0.625,0.45,4.0317E-09,-5.361E-11,-7.4000000000000008E-13,3.1902E-07,-3.2294E-07
0.63,0.45,4.0875E-09,-5.7110000000000004E-11,-2.0000000000000003E-14,3.1898E-07,-3.2302E-07
0.635,0.45,4.2193E-09,-5.739E-11,-8.300000000000001E-13,3.1896E-07,-3.2313999999999997E-07
0.64,0.45,4.2941E-09,-6.162E-11,-7.100000000000001E-13,3.1896E-07,-3.232E-07
0.645,0.45,4.339E-09,-6.6380000000000008E-11,-2.49E-12,3.19E-07,-3.2338E-07
0.65,0.45,4.4394E-09,-7.204E-11,-1.03E-12,3.1892E-07,-3.233E-07
0.655,0.45,4.4843E-09,-7.5390000000000011E-11,6.6E-13,3.1902E-07,-3.2341999999999997E-07
0.66,0.45,4.6061E-09,-7.835E-11,1.6100000000000002E-12,3.1902E-07,-3.2346E-07
0.665,0.45,4.7429E-09,-8.384E-11,2.79E-12,3.19E-07,-3.2368E-07
0.67,0.45,4.8551E-09,-8.266E-11,2.67E-12,3.1902E-07,-3.2374E-07
0.675,0.45,4.8692E-09,-8.908E-11,4.1E-13,3.1896E-07,-3.238E-07
0.68,0.45,5.0004E-09,-9.1280000000000007E-11,-2.0500000000000004E-12,3.19E-07,-3.2386E-07
0.685,0.45,5.0904E-09,-9.621000000000001E-11,-2.21E-12,3.19E-07,-3.2392E-07
0.69000000000000006,0.45,5.1634E-09,-9.8170000000000008E-11,-1.5300000000000001E-12,3.1914E-07,-3.241E-07
0.69500000000000006,0.45,5.4002E-09,-1.0344000000000001E-10,-5E-14,3.1907999999999997E-07,-3.2438E-07
0.70000000000000007,0.45,5.389E-09,-1.0964000000000001E-10,5.6E-13,3.1907999999999997E-07,-3.243E-07
0.70500000000000007,0.45,5.4113E-09,-1.1186000000000002E-10,5.1E-13,3.1902E-07,-3.2428E-07
0.71000000000000008,0.45,5.6162E-09,-1.1543000000000001E-10,9.0000000000000008E-14,3.1902E-07,-3.2446E-07
0.71500000000000008,0.45,5.7699E-09,-1.2195E-10,-3.9000000000000005E-13,3.1906E-07,-3.2466E-07
0.72000000000000008,0.45,5.9177E-09,-1.2788E-10,9.7000000000000011E-13,3.1904E-07,-3.2486E-07
0.72500000000000009,0.45,6.0275E-09,-1.3058E-10,8.6000000000000007E-13,3.1898E-07,-3.2476E-07
0.73,0.45,6.0052E-09,-1.3687000000000001E-10,9.7000000000000011E-13,3.1907999999999997E-07,-3.2486E-07
0.735,0.45,6.1413E-09,-1.4067000000000002E-10,3.4E-13,3.1896E-07,-3.2508E-07
0.74,0.45,6.3004E-09,-1.4282E-10,-2.21E-12,3.1904E-07,-3.2522E-07
0.745,0.45,6.3161E-09,-1.4916E-10,-1.36E-12,3.1888E-07,-3.251E-07
0.75,0.45,6.5329E-09,-1.5514000000000002E-10,-9.7000000000000011E-13,3.1904E-07,-3.252E-07
0.755,0.45,6.5944E-09,-1.6141000000000001E-10,-4.7E-13,3.19E-07,-3.2538E-07
0.76,0.45,6.7375E-09,-1.6724E-10,-8.300000000000001E-13,3.1898E-07,-3.255E-07
0.765,0.45,6.8466E-09,-1.7462000000000001E-10,1.4300000000000002E-12,3.1896E-07,-3.2556E-07
0.77,0.45,6.9351E-09,-1.8161E-10,1.0500000000000002E-12,3.1898E-07,-3.2596E-07
0.775,0.45,7.1385E-09,-1.8615000000000002E-10,-9.6000000000000015E-13,3.1893999999999997E-07,-3.2582E-07
0.78,0.45,7.2138E-09,-1.9374000000000002E-10,-8.300000000000001E-13,3.1893999999999997E-07,-3.26E-07
0.785,0.45,7.3571E-09,-1.9959E-10,-1.5200000000000002E-12,3.19E-07,-3.2626E-07
0.79,0.45,7.621E-09,-2.0821000000000002E-10,-2.46E-12,3.1896E-07,-3.263E-07
0.795,0.45,7.6813E-09,-2.1308000000000003E-10,-1.7700000000000001E-12,3.189E-07,-3.2652E-07
0.8,0.45,7.6525E-09,-2.2013000000000002E-10,-1.2800000000000002E-12,3.1898E-07,-3.265E-07
0.805,0.45,7.9026E-09,-2.2686E-10,-1.03E-12,3.1898E-07,-3.2664E-07
0.81,0.45,7.9684E-09,-2.3415E-10,-7.6000000000000009E-13,3.1898E-07,-3.2694E-07
0.81500000000000006,0.45,8.1541E-09,-2.4265000000000004E-10,2.14E-12,3.1907999999999997E-07,-3.2678E-07
0.82000000000000006,0.45,8.2953E-09,-2.5183E-10,2.0000000000000003E-14,3.1896E-07,-3.2694E-07
0.82500000000000007,0.45,8.5536E-09,-2.5988000000000004E-10,1.3500000000000001E-12,3.19E-07,-3.274E-07
0.83000000000000007,0.45,8.7983E-09,-2.6629E-10,-1.26E-12,3.1896E-07,-3.2722E-07
0.83500000000000008,0.45,8.8712E-09,-2.7458E-10,3.3E-13,3.1896E-07,-3.2738E-07
0.84000000000000008,0.45,8.877E-09,-2.8536000000000004E-10,-6.7000000000000007E-13,3.1898E-07,-3.2782E-07
0.84500000000000008,0.45,9.22E-09,-2.9475000000000004E-10,1.1100000000000001E-12,3.1898E-07,-3.2776E-07
0.85000000000000009,0.45,9.2803E-09,-3.0404E-10,1.7500000000000002E-12,3.1892E-07,-3.2818E-07
0.85500000000000009,0.45,9.4051E-09,-3.1645000000000003E-10,1.0100000000000001E-12,3.1896E-07,-3.2824E-07
0.86,0.45,9.4809E-09,-3.2706E-10,1.41E-12,3.1898E-07,-3.281E-07
0.865,0.45,9.6287E-09,-3.3565E-10,1.4400000000000001E-12,3.1904E-07,-3.2844E-07
0.87,0.45,1.01423E-08,-3.4789000000000003E-10,1.37E-12,3.1898E-07,-3.2841999999999997E-07
0.875,0.45,1.00489E-08,-3.5695000000000004E-10,1E-13,3.1904E-07,-3.2872E-07
0.88,0.45,1.01958E-08,-3.6588000000000003E-10,3.0000000000000003E-13,3.1896E-07,-3.2874E-07
0.885,0.45,1.06198E-08,-3.7943000000000005E-10,-1.08E-12,3.19E-07,-3.2914E-07
0.89,0.45,1.05629E-08,-3.8995000000000003E-10,7E-14,3.1902E-07,-3.29E-07
0.895,0.45,1.0915E-08,-4.0210000000000004E-10,8.4000000000000006E-13,3.1896E-07,-3.2932E-07
0.9,0.45,1.09972E-08,-4.1378000000000004E-10,-5.8000000000000005E-13,3.1892E-07,-3.298E-07
0,0.6,-5.3795E-09,5.3213E-09,-6.7000000000000007E-13,3.1896E-07,-3.1882E-07
0.005,0.6,-5.151E-09,5.108E-09,-1.1100000000000001E-12,3.1902E-07,-3.1898E-07
0.01,0.6,-4.928E-09,4.9024E-09,1.3800000000000002E-12,3.1904E-07,-3.1892E-07
0.015000000000000001,0.6,-4.7174E-09,4.703E-09,1.2900000000000002E-12,3.1898E-07,-3.1896E-07
0.02,0.6,-4.5117E-09,4.5106E-09,1.1600000000000001E-12,3.1892E-07,-3.1902E-07
0.025,0.6,-4.3176E-09,4.3268E-09,-2.8300000000000003E-12,3.1902E-07,-3.1898E-07
0.030000000000000002,0.6,-4.1297E-09,4.1488E-09,-1.74E-12,3.19E-07,-3.1898E-07
0.035,0.6,-3.9446E-09,3.9794E-09,-3.23E-12,3.191E-07,-3.1906E-07
0.04,0.6,-3.7672E-09,3.8155E-09,-8.5000000000000011E-13,3.191E-07,-3.191E-07
0.045000000000000005,0.6,-3.5958E-09,3.6549E-09,8.7E-13,3.1902E-07,-3.1904E-07
0.05,0.6,-3.4381E-09,3.5038E-09,3.8000000000000005E-13,3.1898E-07,-3.1904E-07
0.055,0.6,-3.2789E-09,3.3564E-09,2.3800000000000004E-12,3.1902E-07,-3.1904E-07
0.060000000000000005,0.6,-3.1314E-09,3.2189E-09,2.3000000000000003E-12,3.1896E-07,-3.191E-07
0.065,0.6,-2.986E-09,3.0788E-09,-4E-13,3.191E-07,-3.1916E-07
0.07,0.6,-2.8515E-09,2.9505E-09,-1.79E-12,3.1904E-07,-3.1912E-07
0.075,0.6,-2.7164E-09,2.8251E-09,-1.7100000000000002E-12,3.1898E-07,-3.1916E-07
0.08,0.6,-2.5898E-09,2.706E-09,3.0000000000000005E-14,3.1906E-07,-3.1912E-07
0.085,0.6,-2.4609E-09,2.5861E-09,-2.52E-12,3.1902E-07,-3.1907999999999997E-07
0.090000000000000011,0.6,-2.3419E-09,2.4802E-09,-9.6000000000000015E-13,3.1902E-07,-3.1912E-07
0.095,0.6,-2.2181E-09,2.371E-09,6.2000000000000008E-13,3.1898E-07,-3.192E-07
0.1,0.6,-2.1038E-09,2.2675E-09,-1.78E-12,3.1904E-07,-3.191E-07
0.10500000000000001,0.6,-1.9979E-09,2.1686E-09,9.5E-13,3.1902E-07,-3.1904E-07
0.11,0.6,-1.8883E-09,2.0725E-09,1.2800000000000002E-12,3.1898E-07,-3.1916E-07
0.115,0.6,-1.7906E-09,1.9842E-09,5.6E-13,3.1898E-07,-3.191E-07
0.12000000000000001,0.6,-1.6935E-09,1.8943E-09,7.9000000000000007E-13,3.1898E-07,-3.191E-07
0.125,0.6,-1.5975E-09,1.8111E-09,2.0000000000000003E-14,3.19E-07,-3.1918E-07
0.13,0.6,-1.5081E-09,1.7281E-09,-2.7000000000000002E-12,3.189E-07,-3.191E-07
0.135,0.6,-1.4154E-09,1.6516E-09,7.7000000000000005E-13,3.1893999999999997E-07,-3.192E-07
0.14,0.6,-1.3281E-09,1.5749E-09,-3.1000000000000004E-13,3.1898E-07,-3.1916E-07
0.14500000000000002,0.6,-1.247E-09,1.5042E-09,-1.6700000000000002E-12,3.1898E-07,-3.1928E-07
0.15,0.6,-1.1683E-09,1.436E-09,-3.6000000000000004E-12,3.1902E-07,-3.192E-07
0.155,0.6,-1.0909E-09,1.3712E-09,-2.21E-12,3.1898E-07,-3.1921999999999997E-07
0.16,0.6,-1.0122E-09,1.3079E-09,-4.2900000000000005E-12,3.1898E-07,-3.1921999999999997E-07
0.165,0.6,-9.3643E-10,1.2436E-09,2.5600000000000004E-12,3.1904E-07,-3.1926E-07
0.17,0.6,-8.6312000000000012E-10,1.1853E-09,-4.4000000000000004E-13,3.1902E-07,-3.1926E-07
0.17500000000000002,0.6,-7.9643000000000011E-10,1.1303E-09,-1.4700000000000002E-12,3.1898E-07,-3.1921999999999997E-07
0.18000000000000002,0.6,-7.2817000000000008E-10,1.0793E-09,-3.25E-12,3.1898E-07,-3.1932E-07
0.185,0.6,-6.6403E-10,1.029E-09,-4.0900000000000005E-12,3.1902E-07,-3.1935999999999997E-07
0.19,0.6,-6.0493E-10,9.7468E-10,2.3200000000000002E-12,3.1904E-07,-3.1938E-07
0.195,0.6,-5.3433000000000006E-10,9.3187E-10,-3.3E-13,3.191E-07,-3.1934E-07
0.2,0.6,-4.8770000000000008E-10,8.8656000000000009E-10,-1.4E-12,3.1904E-07,-3.1935999999999997E-07
0.20500000000000002,0.6,-4.3037000000000003E-10,8.4291E-10,-3E-12,3.1902E-07,-3.1942E-07
0.21000000000000002,0.6,-3.8046000000000005E-10,8.0165E-10,-9.4E-13,3.1902E-07,-3.1948E-07
0.215,0.6,-3.2459E-10,7.6393000000000007E-10,9.0000000000000008E-14,3.1902E-07,-3.1952E-07
0.22,0.6,-2.6836000000000004E-10,7.2513000000000006E-10,2.5E-13,3.1904E-07,-3.1944E-07
0.225,0.6,-2.1851000000000003E-10,6.8946E-10,2.0000000000000003E-14,3.1904E-07,-3.1938E-07
0.23,0.6,-1.8682E-10,6.584E-10,-7.6000000000000009E-13,3.1907999999999997E-07,-3.1948E-07
0.23500000000000001,0.6,-1.3742E-10,6.288E-10,-3.2600000000000002E-12,3.1912E-07,-3.1954E-07
0.24000000000000002,0.6,-9.257000000000001E-11,5.978E-10,-3.4000000000000005E-12,3.1904E-07,-3.1948E-07
0.24500000000000002,0.6,-4.3790000000000005E-11,5.694E-10,-1.5300000000000001E-12,3.1898E-07,-3.1948E-07
0.25,0.6,-3.7E-12,5.4273E-10,1.7000000000000002E-12,3.1898E-07,-3.1949999999999997E-07
0.255,0.6,3.8030000000000003E-11,5.1476E-10,-5E-14,3.1902E-07,-3.1962E-07
0.26,0.6,7.83E-11,4.9200000000000006E-10,1.9700000000000003E-12,3.1896E-07,-3.1949999999999997E-07
0.265,0.6,1.2734000000000002E-10,4.6698000000000008E-10,9.2000000000000012E-13,3.1902E-07,-3.1962E-07
0.27,0.6,1.731E-10,4.4652E-10,9.8E-13,3.1907999999999997E-07,-3.196E-07
0.275,0.6,2.1675000000000003E-10,4.2520000000000004E-10,-4.2000000000000003E-13,3.1898E-07,-3.196E-07
0.28,0.6,2.5572E-10,4.0571000000000004E-10,-2.1000000000000001E-13,3.1904E-07,-3.196E-07
0.28500000000000003,0.6,2.9392E-10,3.867E-10,-1.09E-12,3.1896E-07,-3.196E-07
0.29000000000000004,0.6,3.3068000000000004E-10,3.6801E-10,-5.1E-13,3.1898E-07,-3.1968E-07
0.29500000000000004,0.6,3.6882E-10,3.5398E-10,-3.2E-12,3.1896E-07,-3.1966E-07
0.3,0.6,4.1306E-10,3.3981000000000004E-10,-2.7000000000000002E-12,3.1898E-07,-3.1974E-07
0.305,0.6,4.5299000000000006E-10,3.2090000000000005E-10,-4.97E-12,3.19E-07,-3.1972E-07
0.31,0.6,4.8782000000000008E-10,3.0554E-10,-1.5800000000000001E-12,3.19E-07,-3.1974E-07
0.315,0.6,5.2618E-10,2.9290000000000004E-10,-8.6000000000000007E-13,3.1898E-07,-3.1986E-07
0.32,0.6,5.6911E-10,2.7709E-10,1.6300000000000001E-12,3.1902E-07,-3.1986E-07
0.325,0.6,6.1595E-10,2.6319E-10,1.27E-12,3.1893999999999997E-07,-3.198E-07
0.33,0.6,6.5414000000000008E-10,2.5133E-10,3.2400000000000003E-12,3.1906E-07,-3.1984E-07
0.335,0.6,6.9315E-10,2.4179E-10,1.03E-12,3.1896E-07,-3.1986E-07
0.34,0.6,7.3266E-10,2.3033000000000002E-10,8.1000000000000008E-13,3.1896E-07,-3.1991999999999997E-07
0.34500000000000003,0.6,7.7061000000000009E-10,2.2096E-10,-2.2000000000000002E-13,3.1904E-07,-3.1994E-07
0.35000000000000003,0.6,8.1329000000000009E-10,2.0862000000000003E-10,-1.6200000000000002E-12,3.1896E-07,-3.2E-07
0.35500000000000004,0.6,8.425800000000001E-10,1.9851000000000002E-10,-2.8300000000000003E-12,3.1893999999999997E-07,-3.2004E-07
0.36000000000000004,0.6,8.8104000000000009E-10,1.8905E-10,-3.05E-12,3.19E-07,-3.2004E-07
0.365,0.6,9.2071000000000012E-10,1.7702000000000003E-10,-3.1400000000000004E-12,3.1898E-07,-3.201E-07
0.37,0.6,9.5743E-10,1.7043000000000003E-10,-1.8200000000000003E-12,3.189E-07,-3.2004E-07
0.375,0.6,1.0148E-09,1.5923E-10,-1.04E-12,3.1902E-07,-3.2008E-07
0.38,0.6,1.0561E-09,1.4698000000000002E-10,-2.09E-12,3.1896E-07,-3.2002E-07
0.385,0.6,1.0974E-09,1.3811E-10,-2.0500000000000004E-12,3.1898E-07,-3.2014E-07
0.39,0.6,1.1288E-09,1.3069000000000002E-10,-2.37E-12,3.1892E-07,-3.2012E-07
0.395,0.6,1.1772E-09,1.2115000000000002E-10,-6.9000000000000009E-13,3.1892E-07,-3.2026E-07
0.4,0.6,1.2292E-09,1.1190000000000001E-10,5.5000000000000008E-13,3.1896E-07,-3.2033999999999997E-07
0.405,0.6,1.2654E-09,1.0341000000000001E-10,1.23E-12,3.1893999999999997E-07,-3.2026E-07
0.41000000000000003,0.6,1.318E-09,9.868E-11,6.9000000000000009E-13,3.1896E-07,-3.2033999999999997E-07
0.41500000000000004,0.6,1.3553E-09,9.029E-11,1.9400000000000002E-12,3.1904E-07,-3.2042E-07
0.42000000000000004,0.6,1.3999E-09,8.53E-11,-5.8000000000000005E-13,3.1896E-07,-3.204E-07
0.42500000000000004,0.6,1.4572E-09,7.869E-11,-7.7000000000000005E-13,3.1898E-07,-3.2044E-07
0.43,0.6,1.4928E-09,7.35E-11,1.6100000000000002E-12,3.1902E-07,-3.205E-07
0.435,0.6,1.5496E-09,6.534E-11,-1.59E-12,3.1902E-07,-3.2061999999999997E-07
0.44,0.6,1.588E-09,6.1800000000000009E-11,-1.6000000000000003E-13,3.1896E-07,-3.207E-07
0.445,0.6,1.6271E-09,5.7990000000000005E-11,1.5000000000000002E-13,3.19E-07,-3.2064E-07
0.45,0.6,1.6775E-09,5.3560000000000007E-11,-6.400000000000001E-13,3.1898E-07,-3.2074E-07
0.455,0.6,1.7296E-09,4.8410000000000004E-11,-1.95E-12,3.19E-07,-3.2075999999999997E-07
0.46,0.6,1.7912E-09,4.7900000000000004E-11,-2.03E-12,3.1896E-07,-3.2074E-07
0.465,0.6,1.8371E-09,4.236E-11,-1.3500000000000001E-12,3.1898E-07,-3.2088E-07
0.47000000000000003,0.6,1.8792E-09,3.8590000000000006E-11,-1.14E-12,3.1892E-07,-3.2082E-07
0.47500000000000003,0.6,1.9371E-09,3.4500000000000004E-11,4.9E-13,3.1898E-07,-3.2088E-07
0.48000000000000004,0.6,1.9989E-09,3.249E-11,2.13E-12,3.1892E-07,-3.21E-07
0.48500000000000004,0.6,2.0411E-09,3.044E-11,2.1000000000000001E-13,3.19E-07,-3.2106E-07
0.49000000000000005,0.6,2.091E-09,2.684E-11,1.7100000000000002E-12,3.1907999999999997E-07,-3.2108E-07
0.49500000000000005,0.6,2.1353E-09,2.702E-11,-1.04E-12,3.1893999999999997E-07,-3.2112E-07
0.5,0.6,2.2021E-09,2.3970000000000002E-11,-1.6700000000000002E-12,3.1896E-07,-3.2116E-07
0.505,0.6,2.2566E-09,2.0480000000000003E-11,-3.5400000000000003E-12,3.191E-07,-3.2122E-07
0.51,0.6,2.3088E-09,1.908E-11,-5.3000000000000006E-13,3.19E-07,-3.2124E-07
0.515,0.6,2.3669E-09,1.95E-11,-7.7000000000000005E-13,3.1898E-07,-3.2136E-07
0.52,0.6,2.431E-09,1.434E-11,2.1000000000000001E-13,3.1892E-07,-3.2134E-07
0.525,0.6,2.4797E-09,1.548E-11,1.3E-13,3.1893999999999997E-07,-3.215E-07
0.53,0.6,2.5261E-09,1.613E-11,-6.2000000000000008E-13,3.1892E-07,-3.2152E-07
0.535,0.6,2.6028E-09,1.471E-11,-2.5300000000000003E-12,3.1898E-07,-3.2156E-07
0.54,0.6,2.6583E-09,1.351E-11,-7.9000000000000007E-13,3.1902E-07,-3.2154E-07
0.545,0.6,2.7133E-09,1.1440000000000001E-11,-1.2000000000000001E-12,3.1904E-07,-3.2166E-07
0.55,0.6,2.7801E-09,1.148E-11,-1E-12,3.1902E-07,-3.2178E-07
0.555,0.6,2.8414E-09,1.1430000000000001E-11,4.3000000000000004E-13,3.19E-07,-3.2184E-07
0.56,0.6,2.8946E-09,9.290000000000001E-12,5.3000000000000006E-13,3.1898E-07,-3.219E-07
0.56500000000000006,0.6,3.0073E-09,1.1850000000000001E-11,-2.2000000000000003E-12,3.1896E-07,-3.2194E-07
0.57000000000000006,0.6,3.0657E-09,9.57E-12,-2.16E-12,3.1898E-07,-3.2204E-07
0.57500000000000007,0.6,3.1255E-09,9.7000000000000011E-12,-3.71E-12,3.1898E-07,-3.2201999999999997E-07
0.58000000000000007,0.6,3.1727E-09,9.9900000000000009E-12,-5.59E-12,3.1904E-07,-3.2224E-07
0.58500000000000008,0.6,3.2499E-09,9.67E-12,-5.8100000000000005E-12,3.1902E-07,-3.2222E-07
0.59000000000000008,0.6,3.3328E-09,6.8900000000000007E-12,-3.63E-12,3.19E-07,-3.2224E-07
0.595,0.6,3.4191E-09,4.06E-12,3.8000000000000005E-13,3.1892E-07,-3.2238E-07
0.6,0.6,3.4652E-09,4.43E-12,-1.31E-12,3.1893999999999997E-07,-3.2248E-07
0.605,0.6,3.5499E-09,2.5000000000000003E-12,2.9800000000000002E-12,3.19E-07,-3.2252E-07
0.61,0.6,3.6281E-09,1.8400000000000002E-12,-3.8000000000000005E-13,3.1898E-07,-3.226E-07
0.615,0.6,3.6834E-09,1.59E-12,6.0000000000000009E-14,3.1896E-07,-3.226E-07
0.62,0.6,3.8315E-09,1.03E-12,-7.4000000000000008E-13,3.1898E-07,-3.2276E-07
0.625,0.6,3.9223E-09,-6.0000000000000009E-14,5.7E-13,3.1898E-07,-3.2288E-07
0.63,0.6,3.9424E-09,-2.0500000000000004E-12,-2.9000000000000003E-13,3.1902E-07,-3.2302E-07
0.635,0.6,4.0268E-09,-2E-13,-2.01E-12,3.1898E-07,-3.2304E-07
0.64,0.6,4.1477E-09,-2.52E-12,-8.6000000000000007E-13,3.1896E-07,-3.2308E-07
0.645,0.6,4.2237E-09,-3.3E-12,-4.1400000000000005E-12,3.1896E-07,-3.2322E-07
0.65,0.6,4.2784E-09,-4E-12,-3.4900000000000003E-12,3.1902E-07,-3.2326E-07
0.655,0.6,4.3849E-09,-2.09E-12,-3.58E-12,3.191E-07,-3.2348E-07
0.66,0.6,4.4972E-09,-5.94E-12,-1.86E-12,3.1907999999999997E-07,-3.235E-07
0.665,0.6,4.5598E-09,-7.6E-12,6.6E-13,3.1904E-07,-3.2355999999999997E-07
0.67,0.6,4.6621E-09,-8.8000000000000013E-12,2.5000000000000003E-12,3.1902E-07,-3.2369999999999997E-07
0.675,0.6,4.7916E-09,-1.0540000000000002E-11,4.1400000000000005E-12,3.1902E-07,-3.2388E-07
0.68,0.6,4.8948E-09,-1.1950000000000001E-11,4.06E-12,3.1904E-07,-3.2398E-07
0.685,0.6,4.9965E-09,-1.2980000000000002E-11,1.07E-12,3.1898E-07,-3.2386E-07
0.69000000000000006,0.6,5.1201E-09,-1.2730000000000001E-11,7.100000000000001E-13,3.1896E-07,-3.2404E-07
0.69500000000000006,0.6,5.1704E-09,-1.3380000000000002E-11,-4.21E-12,3.1902E-07,-3.241E-07
0.70000000000000007,0.6,5.2896E-09,-1.4190000000000002E-11,-2.9900000000000004E-12,3.1898E-07,-3.2432E-07
0.70500000000000007,0.6,5.3634E-09,-1.4000000000000002E-11,-5.2100000000000006E-12,3.19E-07,-3.2426E-07
0.71000000000000008,0.6,5.5474E-09,-1.672E-11,-2.85E-12,3.1898E-07,-3.2444E-07
0.71500000000000008,0.6,5.5747E-09,-2.1600000000000002E-11,-1.7000000000000002E-12,3.1898E-07,-3.2448E-07
0.72000000000000008,0.6,5.8065E-09,-2.149E-11,1.9400000000000002E-12,3.1892E-07,-3.2474E-07
0.72500000000000009,0.6,5.8875E-09,-2.489E-11,1.9000000000000002E-13,3.1902E-07,-3.2478E-07
0.73,0.6,6.0271E-09,-2.8160000000000003E-11,-3.2000000000000005E-13,3.1898E-07,-3.2478E-07
0.735,0.6,6.018E-09,-3.022E-11,-1.9E-12,3.1902E-07,-3.2496E-07
0.74,0.6,6.1701E-09,-3.2910000000000006E-11,-1.6600000000000002E-12,3.19E-07,-3.2522E-07
0.745,0.6,6.2528E-09,-3.336E-11,-1.8200000000000003E-12,3.1896E-07,-3.2534E-07
0.75,0.6,6.4617E-09,-3.7270000000000004E-11,-2.21E-12,3.19E-07,-3.2532E-07
0.755,0.6,6.5023E-09,-3.831E-11,-1.36E-12,3.1902E-07,-3.2546E-07
0.76,0.6,6.6111E-09,-4.0800000000000004E-11,-2.69E-12,3.1898E-07,-3.2558E-07
0.765,0.6,6.8939E-09,-4.417E-11,-2.1500000000000003E-12,3.1904E-07,-3.2586E-07
0.77,0.6,7.0553E-09,-4.8350000000000006E-11,1.12E-12,3.1907999999999997E-07,-3.2588E-07
0.775,0.6,6.9639E-09,-5.051E-11,-3.6000000000000003E-13,3.1898E-07,-3.2594E-07
0.78,0.6,7.2359E-09,-5.357E-11,4.62E-12,3.1904E-07,-3.2628E-07
0.785,0.6,7.3871E-09,-5.8440000000000007E-11,4.23E-12,3.1902E-07,-3.2616E-07
0.79,0.6,7.5277E-09,-5.8740000000000009E-11,2.19E-12,3.1907999999999997E-07,-3.2656E-07
0.795,0.6,7.4815E-09,-6.142E-11,1.5600000000000002E-12,3.1904E-07,-3.2659999999999997E-07
0.8,0.6,7.7841E-09,-6.286E-11,-1.85E-12,3.19E-07,-3.268E-07
0.805,0.6,7.8079E-09,-6.7090000000000011E-11,-2.6600000000000004E-12,3.19E-07,-3.2673999999999997E-07
0.81,0.6,7.984E-09,-7.0040000000000011E-11,-2.46E-12,3.1902E-07,-3.2701999999999997E-07
0.81500000000000006,0.6,8.2385E-09,-7.2420000000000007E-11,-3.9E-12,3.1904E-07,-3.2698E-07
0.82000000000000006,0.6,8.2209E-09,-7.739E-11,-8.300000000000001E-13,3.1902E-07,-3.2718E-07
0.82500000000000007,0.6,8.4663E-09,-8.0350000000000012E-11,-2.4800000000000003E-12,3.1904E-07,-3.2742E-07
0.83000000000000007,0.6,8.5703E-09,-8.3000000000000011E-11,2.08E-12,3.1904E-07,-3.2754E-07
0.83500000000000008,0.6,8.7192E-09,-8.632E-11,-8E-13,3.1907999999999997E-07,-3.277E-07
0.84000000000000008,0.6,8.9367E-09,-9.3760000000000008E-11,1.22E-12,3.191E-07,-3.2774E-07
0.84500000000000008,0.6,8.8914E-09,-9.4530000000000009E-11,2.4000000000000003E-12,3.1907999999999997E-07,-3.2784E-07
0.85000000000000009,0.6,9.1967E-09,-1.0084000000000001E-10,4.0900000000000005E-12,3.1898E-07,-3.2813999999999997E-07
0.85500000000000009,0.6,9.2966E-09,-1.0475000000000001E-10,3.0900000000000004E-12,3.1902E-07,-3.2826E-07
0.86,0.6,9.6216E-09,-1.0829000000000001E-10,2.7600000000000004E-12,3.1898E-07,-3.2846E-07
0.865,0.6,9.7898E-09,-1.1084000000000002E-10,5.3000000000000006E-13,3.1898E-07,-3.2864E-07
0.87,0.6,9.6807E-09,-1.1664E-10,-6.9000000000000009E-13,3.1896E-07,-3.2855999999999997E-07
0.875,0.6,1.00259E-08,-1.2173E-10,-2.3200000000000002E-12,3.1896E-07,-3.286E-07
0.88,0.6,1.00544E-08,-1.2609E-10,-3.7E-12,3.1898E-07,-3.2911999999999997E-07
0.885,0.6,1.0506E-08,-1.2967E-10,-2.2700000000000002E-12,3.1902E-07,-3.2908E-07
0.89,0.6,1.04944E-08,-1.3639E-10,-2.95E-12,3.1896E-07,-3.2925999999999997E-07
0.895,0.6,1.06246E-08,-1.3943E-10,-2.46E-12,3.1902E-07,-3.293E-07
0.9,0.6,1.08815E-08,-1.4526000000000002E-10,-3.8000000000000005E-13,3.1902E-07,-3.2944E-07
0,0.75,-1.8097199999999997E-08,1.8094E-08,-1.1500000000000002E-12,3.1892E-07,-3.19E-07
0.005,0.75,-1.7330799999999997E-08,1.73276E-08,0,3.1914E-07,-3.1902E-07
0.01,0.75,-1.6585999999999997E-08,1.6616799999999998E-08,-1.3000000000000001E-12,3.1906E-07,-3.1898E-07
0.015000000000000001,0.75,-1.5897799999999997E-08,1.5938799999999997E-08,-9.0000000000000008E-14,3.1906E-07,-3.1902E-07
0.02,0.75,-1.5221799999999998E-08,1.5284E-08,-1.6000000000000003E-13,3.1907999999999997E-07,-3.191E-07
0.025,0.75,-1.463E-08,1.4702399999999998E-08,-9.6000000000000015E-13,3.1898E-07,-3.1898E-07
0.030000000000000002,0.75,-1.4019799999999998E-08,1.4101399999999999E-08,1.51E-12,3.1902E-07,-3.1902E-07
0.035,0.75,-1.3433399999999999E-08,1.3526799999999998E-08,-1.51E-12,3.1902E-07,-3.1904E-07
0.04,0.75,-1.2889599999999998E-08,1.29852E-08,-1.4900000000000001E-12,3.1904E-07,-3.1902E-07
0.045000000000000005,0.75,-1.2336799999999999E-08,1.2457999999999998E-08,-6.6E-13,3.1904E-07,-3.1904E-07
0.05,0.75,-1.18368E-08,1.1956199999999999E-08,6.0000000000000007E-13,3.1906E-07,-3.1907999999999997E-07
0.055,0.75,-1.13452E-08,1.14838E-08,-1.3400000000000002E-12,3.1902E-07,-3.1907999999999997E-07
0.060000000000000005,0.75,-1.0886999999999999E-08,1.10254E-08,7.3E-13,3.1907999999999997E-07,-3.1902E-07
0.065,0.75,-1.0426399999999999E-08,1.05674E-08,9.0000000000000008E-14,3.1898E-07,-3.1902E-07
0.07,0.75,-9.9937999999999991E-09,1.0155999999999998E-08,-2.3300000000000004E-12,3.1896E-07,-3.1902E-07
0.075,0.75,-9.6018E-09,9.7474E-09,3.15E-12,3.1906E-07,-3.1906E-07
0.08,0.75,-9.2202E-09,9.3359E-09,-1.88E-12,3.1898E-07,-3.1904E-07
0.085,0.75,-8.8256E-09,8.9675E-09,-1.3000000000000001E-12,3.19E-07,-3.1914E-07
0.090000000000000011,0.75,-8.4697E-09,8.6067E-09,-1.3000000000000001E-12,3.19E-07,-3.191E-07
0.095,0.75,-8.1067E-09,8.2589E-09,1.69E-12,3.1898E-07,-3.191E-07
0.1,0.75,-7.771E-09,7.9293E-09,1.3E-13,3.1906E-07,-3.1916E-07
0.10500000000000001,0.75,-7.4414E-09,7.6106E-09,4.3500000000000006E-12,3.1893999999999997E-07,-3.1924E-07
0.11,0.75,-7.1052E-09,7.289E-09,3.97E-12,3.1904E-07,-3.1916E-07
0.115,0.75,-6.8257E-09,7.0102E-09,3.9400000000000006E-12,3.1906E-07,-3.1918E-07
0.12000000000000001,0.75,-6.5224E-09,6.7395E-09,-5.2E-13,3.1896E-07,-3.1924E-07
0.125,0.75,-6.249E-09,6.4652E-09,-1.1500000000000002E-12,3.1902E-07,-3.1921999999999997E-07
0.13,0.75,-5.9764E-09,6.2073E-09,-2.29E-12,3.1902E-07,-3.192E-07
0.135,0.75,-5.7162E-09,5.9568E-09,-4.1500000000000007E-12,3.1904E-07,-3.192E-07
0.14,0.75,-5.4616E-09,5.7123E-09,-3.18E-12,3.1902E-07,-3.1926E-07
0.14500000000000002,0.75,-5.2219E-09,5.482E-09,-2.46E-12,3.1896E-07,-3.1921999999999997E-07
0.15,0.75,-4.9926E-09,5.2549E-09,-2E-13,3.19E-07,-3.1928E-07
0.155,0.75,-4.7656E-09,5.0394E-09,1.5600000000000002E-12,3.1896E-07,-3.1928E-07
0.16,0.75,-4.5456E-09,4.8345E-09,4.06E-12,3.1896E-07,-3.1928E-07
0.165,0.75,-4.3312E-09,4.6373E-09,2.21E-12,3.1892E-07,-3.1921999999999997E-07
0.17,0.75,-4.1308E-09,4.4451E-09,3.1900000000000003E-12,3.1898E-07,-3.1926E-07
0.17500000000000002,0.75,-3.926E-09,4.2678E-09,1.5000000000000002E-13,3.1893999999999997E-07,-3.1921999999999997E-07
0.18000000000000002,0.75,-3.7357E-09,4.0921E-09,-8.1000000000000008E-13,3.1898E-07,-3.1916E-07
0.185,0.75,-3.5527E-09,3.9255E-09,2.6E-13,3.1904E-07,-3.1932E-07
0.19,0.75,-3.3809E-09,3.7606E-09,1.5600000000000002E-12,3.1898E-07,-3.1932E-07
0.195,0.75,-3.204E-09,3.6E-09,1.8400000000000002E-12,3.1906E-07,-3.1934E-07
0.2,0.75,-3.0457E-09,3.4536E-09,1.79E-12,3.1896E-07,-3.1938E-07
0.20500000000000002,0.75,-2.884E-09,3.3067E-09,1.69E-12,3.1898E-07,-3.194E-07
0.21000000000000002,0.75,-2.7292E-09,3.1673E-09,-5.4E-13,3.1898E-07,-3.1944E-07
0.215,0.75,-2.5785E-09,3.0395E-09,-1.69E-12,3.1898E-07,-3.1944E-07
0.22,0.75,-2.4349E-09,2.9043E-09,-1.3E-13,3.1902E-07,-3.1949999999999997E-07
0.225,0.75,-2.2875E-09,2.7774E-09,-3.0000000000000005E-14,3.19E-07,-3.1948E-07
0.23,0.75,-2.1452E-09,2.6607E-09,1.4300000000000002E-12,3.1896E-07,-3.1948E-07
0.23500000000000001,0.75,-2.0136E-09,2.5475E-09,3.9000000000000005E-13,3.1898E-07,-3.1942E-07
0.24000000000000002,0.75,-1.8789E-09,2.4367E-09,7.9000000000000007E-13,3.19E-07,-3.1954E-07
0.24500000000000002,0.75,-1.764E-09,2.3332999999999998E-09,-7.100000000000001E-13,3.1906E-07,-3.1956E-07
0.25,0.75,-1.6422E-09,2.2306E-09,-2.4000000000000003E-12,3.1893999999999997E-07,-3.1956E-07
0.255,0.75,-1.5291E-09,2.1328E-09,-3.0300000000000002E-12,3.1904E-07,-3.1963999999999997E-07
0.26,0.75,-1.418E-09,2.0373E-09,-3.63E-12,3.1898E-07,-3.1958E-07
0.265,0.75,-1.3064E-09,1.9456E-09,-2.7100000000000004E-12,3.1893999999999997E-07,-3.1958E-07
0.27,0.75,-1.2016E-09,1.86E-09,-1.13E-12,3.1902E-07,-3.1963999999999997E-07
0.275,0.75,-1.0922E-09,1.7785E-09,-2.29E-12,3.1896E-07,-3.1968E-07
0.28,0.75,-9.8275000000000015E-10,1.6953E-09,-3.5000000000000004E-12,3.1902E-07,-3.197E-07
0.28500000000000003,0.75,-8.8478E-10,1.6177E-09,-2.41E-12,3.1892E-07,-3.1963999999999997E-07
0.29000000000000004,0.75,-7.859300000000001E-10,1.5475E-09,-3.3700000000000004E-12,3.1898E-07,-3.1972E-07
0.29500000000000004,0.75,-6.9971000000000006E-10,1.4777E-09,-1.1600000000000001E-12,3.1902E-07,-3.1977999999999997E-07
0.3,0.75,-6.0454000000000007E-10,1.4077E-09,-2.2000000000000003E-12,3.1907999999999997E-07,-3.198E-07
0.305,0.75,-5.1471000000000008E-10,1.3428E-09,1.09E-12,3.1912E-07,-3.1977999999999997E-07
0.31,0.75,-4.2739E-10,1.2801E-09,-2.6100000000000004E-12,3.1904E-07,-3.199E-07
0.315,0.75,-3.4308E-10,1.2187E-09,1.5600000000000002E-12,3.1907999999999997E-07,-3.1998E-07
0.32,0.75,-2.5384E-10,1.1632E-09,0,3.1906E-07,-3.1998E-07
0.325,0.75,-1.7475000000000002E-10,1.1036E-09,2.0700000000000003E-12,3.1912E-07,-3.2002E-07
0.33,0.75,-8.7390000000000008E-11,1.0551E-09,1.1600000000000001E-12,3.1904E-07,-3.1998E-07
0.335,0.75,-1.4250000000000001E-11,1.0004E-09,4.38E-12,3.191E-07,-3.2004E-07
0.34,0.75,6.681E-11,9.5735E-10,-1.7000000000000002E-12,3.1906E-07,-3.2002E-07
0.34500000000000003,0.75,1.3971E-10,9.1249E-10,-3.4500000000000004E-12,3.1904E-07,-3.2008E-07
0.35000000000000003,0.75,2.0992E-10,8.6803000000000005E-10,-9.1000000000000016E-13,3.1904E-07,-3.2005999999999997E-07
0.35500000000000004,0.75,2.8074E-10,8.262000000000001E-10,-9.4E-13,3.1902E-07,-3.2014E-07
0.36000000000000004,0.75,3.4191E-10,7.894500000000001E-10,-2.1000000000000001E-13,3.1898E-07,-3.2016E-07
0.365,0.75,4.1652E-10,7.4878000000000008E-10,-1.46E-12,3.1907999999999997E-07,-3.2016E-07
0.37,0.75,4.8148000000000008E-10,7.1431000000000009E-10,2.9800000000000002E-12,3.1904E-07,-3.2026E-07
0.375,0.75,5.5258000000000007E-10,6.7765E-10,1.6700000000000002E-12,3.1904E-07,-3.2019999999999997E-07
0.38,0.75,6.2208000000000009E-10,6.4471E-10,3.43E-12,3.1906E-07,-3.203E-07
0.385,0.75,6.7897000000000009E-10,6.129E-10,3.1700000000000004E-12,3.1904E-07,-3.2032E-07
0.39,0.75,7.5596E-10,5.8504000000000008E-10,3.3200000000000004E-12,3.1904E-07,-3.2033999999999997E-07
0.395,0.75,8.1567E-10,5.5759E-10,-3.0800000000000002E-12,3.191E-07,-3.2033999999999997E-07
0.4,0.75,8.7926E-10,5.3308000000000009E-10,-2.6E-13,3.1902E-07,-3.2047999999999997E-07
0.405,0.75,9.3636E-10,5.0434E-10,-4.9600000000000007E-12,3.1906E-07,-3.2047999999999997E-07
0.41000000000000003,0.75,1.0035E-09,4.8374E-10,-2.36E-12,3.1907999999999997E-07,-3.205E-07
0.41500000000000004,0.75,1.0582E-09,4.5866000000000005E-10,2.9400000000000004E-12,3.191E-07,-3.2056E-07
0.42000000000000004,0.75,1.1214E-09,4.3878E-10,9.2000000000000012E-13,3.1902E-07,-3.2058E-07
0.42500000000000004,0.75,1.187E-09,4.1689000000000005E-10,1.51E-12,3.1907999999999997E-07,-3.2066E-07
0.43,0.75,1.2503E-09,4.0442000000000004E-10,-2.62E-12,3.1896E-07,-3.2058E-07
0.435,0.75,1.2956E-09,3.8074E-10,-2.14E-12,3.1896E-07,-3.2064E-07
0.44,0.75,1.3638E-09,3.6526000000000004E-10,-2.42E-12,3.1892E-07,-3.2068E-07
0.445,0.75,1.4267E-09,3.4451000000000003E-10,7.2000000000000006E-13,3.1904E-07,-3.2075999999999997E-07
0.45,0.75,1.4844E-09,3.3363E-10,-9.8E-13,3.1892E-07,-3.2061999999999997E-07
0.455,0.75,1.5471E-09,3.1764E-10,4.26E-12,3.1898E-07,-3.2078E-07
0.46,0.75,1.6038E-09,3.0285000000000005E-10,-1.0600000000000001E-12,3.1892E-07,-3.2082E-07
0.465,0.75,1.6596E-09,2.8866E-10,1.14E-12,3.1902E-07,-3.2088E-07
0.47000000000000003,0.75,1.7372E-09,2.7702000000000004E-10,6.8E-13,3.1902E-07,-3.21E-07
0.47500000000000003,0.75,1.7805E-09,2.6383E-10,1.64E-12,3.1898E-07,-3.21E-07
0.48000000000000004,0.75,1.8445E-09,2.4887000000000004E-10,7.2000000000000006E-13,3.1898E-07,-3.2112E-07
0.48500000000000004,0.75,1.9139E-09,2.3822000000000003E-10,2.6800000000000003E-12,3.1898E-07,-3.2112E-07
0.49000000000000005,0.75,1.9863E-09,2.2608E-10,1.02E-12,3.1904E-07,-3.2116E-07
0.49500000000000005,0.75,2.0531E-09,2.1435000000000002E-10,1.37E-12,3.1906E-07,-3.2124E-07
0.5,0.75,2.1112E-09,2.0183000000000002E-10,-1.23E-12,3.1906E-07,-3.213E-07
0.505,0.75,2.1737E-09,1.9442E-10,1.9200000000000003E-12,3.189E-07,-3.2128E-07
0.51,0.75,2.2408E-09,1.8323000000000002E-10,-1.3E-13,3.189E-07,-3.2136E-07
0.515,0.75,2.3061E-09,1.7271000000000002E-10,1.6800000000000001E-12,3.1898E-07,-3.2142E-07
0.52,0.75,2.369E-09,1.6397E-10,1.2000000000000001E-12,3.1896E-07,-3.2148E-07
0.525,0.75,2.4197E-09,1.5417000000000002E-10,1.8900000000000002E-12,3.1902E-07,-3.2158E-07
0.53,0.75,2.5245E-09,1.4361E-10,9.1000000000000016E-13,3.1892E-07,-3.2156E-07
0.535,0.75,2.577E-09,1.3574000000000001E-10,1.8100000000000002E-12,3.1898E-07,-3.2173999999999997E-07
0.54,0.75,2.6474E-09,1.2688E-10,-8.8000000000000009E-13,3.1898E-07,-3.218E-07
0.545,0.75,2.6954E-09,1.2064E-10,-1.85E-12,3.19E-07,-3.2172E-07
0.55,0.75,2.7983E-09,1.1309000000000001E-10,-1.37E-12,3.1896E-07,-3.2182E-07
0.555,0.75,2.8766E-09,1.0767000000000001E-10,-3.3600000000000002E-12,3.189E-07,-3.2194E-07
0.56,0.75,2.9466E-09,9.858000000000001E-11,-9.8E-13,3.1898E-07,-3.2201999999999997E-07
0.56500000000000006,0.75,3.0153E-09,8.985E-11,-2.77E-12,3.1898E-07,-3.2204E-07
0.57000000000000006,0.75,3.0691E-09,8.3090000000000007E-11,1.1000000000000002E-12,3.1898E-07,-3.2212E-07
0.57500000000000007,0.75,3.1791E-09,8.02E-11,1.7100000000000002E-12,3.1896E-07,-3.2224E-07
0.58000000000000007,0.75,3.2334E-09,7.155E-11,6.3E-13,3.1892E-07,-3.2224E-07
0.58500000000000008,0.75,3.3376E-09,6.5220000000000008E-11,7.7000000000000005E-13,3.1893999999999997E-07,-3.2236E-07
0.59000000000000008,0.75,3.3787E-09,6.069E-11,-2.1000000000000001E-13,3.1904E-07,-3.225E-07
0.595,0.75,3.5116E-09,5.63E-11,9.000000000000001E-13,3.1898E-07,-3.2252E-07
0.6,0.75,3.5421E-09,4.8450000000000005E-11,1.2900000000000002E-12,3.1898E-07,-3.2252E-07
0.605,0.75,3.6397E-09,4.662E-11,1.51E-12,3.1893999999999997E-07,-3.2264E-07
0.61,0.75,3.7065E-09,4.1430000000000006E-11,-6.8E-13,3.1892E-07,-3.2271999999999997E-07
0.615,0.75,3.793E-09,3.929E-11,-1.0500000000000002E-12,3.1896E-07,-3.2284E-07
0.62,0.75,3.8742E-09,3.7060000000000006E-11,-2.13E-12,3.1892E-07,-3.2288E-07
0.625,0.75,3.9819E-09,3.464E-11,-2.09E-12,3.19E-07,-3.2299999999999997E-07
0.63,0.75,4.0801E-09,3.3370000000000003E-11,-1.5700000000000002E-12,3.1904E-07,-3.2308E-07
0.635,0.75,4.1346E-09,3.1270000000000005E-11,4.6000000000000006E-13,3.1898E-07,-3.232E-07
0.64,0.75,4.2017E-09,2.6790000000000002E-11,-2.2000000000000002E-13,3.19E-07,-3.2324E-07
0.645,0.75,4.3887E-09,2.813E-11,4.7E-13,3.1898E-07,-3.2326E-07
0.65,0.75,4.3854E-09,2.4540000000000003E-11,9.2000000000000012E-13,3.1896E-07,-3.234E-07
0.655,0.75,4.5006E-09,1.914E-11,4.5000000000000005E-13,3.1907999999999997E-07,-3.2354E-07
0.66,0.75,4.5917E-09,2.1260000000000003E-11,-3.1000000000000004E-13,3.1904E-07,-3.2355999999999997E-07
0.665,0.75,4.6868E-09,2.0370000000000003E-11,-3.2100000000000003E-12,3.1906E-07,-3.2374E-07
0.67,0.75,4.8065E-09,1.8890000000000002E-11,-4.31E-12,3.1907999999999997E-07,-3.238E-07
0.675,0.75,4.8933E-09,1.994E-11,-7.74E-12,3.1904E-07,-3.2384E-07
0.68,0.75,4.9879E-09,1.9510000000000002E-11,-4.2400000000000005E-12,3.19E-07,-3.2386E-07
0.685,0.75,5.1039E-09,1.588E-11,-2.92E-12,3.1902E-07,-3.2408E-07
0.69000000000000006,0.75,5.1412E-09,1.5720000000000002E-11,-4.0000000000000006E-14,3.1902E-07,-3.2418E-07
0.69500000000000006,0.75,5.2599E-09,1.2020000000000001E-11,2.11E-12,3.1898E-07,-3.2426E-07
0.70000000000000007,0.75,5.4042E-09,1.442E-11,2.8400000000000004E-12,3.1893999999999997E-07,-3.2442E-07
0.70500000000000007,0.75,5.5931E-09,1.1310000000000001E-11,-2.51E-12,3.1898E-07,-3.245E-07
0.71000000000000008,0.75,5.6441E-09,1.068E-11,-1.8200000000000003E-12,3.1902E-07,-3.246E-07
0.71500000000000008,0.75,5.749E-09,1.076E-11,-2.3200000000000002E-12,3.1892E-07,-3.2468E-07
0.72000000000000008,0.75,5.8099E-09,9.84E-12,3.3E-13,3.1896E-07,-3.2472E-07
0.72500000000000009,0.75,6.0537E-09,4.36E-12,-2.1000000000000003E-12,3.1898E-07,-3.2496E-07
0.73,0.75,6.0939E-09,8.96E-12,1.85E-12,3.1896E-07,-3.2512E-07
0.735,0.75,6.2099E-09,7.11E-12,-2.9800000000000002E-12,3.1892E-07,-3.2526E-07
0.74,0.75,6.4189E-09,5.34E-12,-1.3900000000000001E-12,3.1892E-07,-3.2522E-07
0.745,0.75,6.4734E-09,6.8900000000000007E-12,-2.19E-12,3.1898E-07,-3.2532E-07
0.75,0.75,6.6645E-09,5.0000000000000005E-12,-1.5E-12,3.1896E-07,-3.2542E-07
0.755,0.75,6.6426E-09,4.48E-12,-1.74E-12,3.1892E-07,-3.2568E-07
0.76,0.75,6.8424E-09,3.3700000000000004E-12,-3.1600000000000003E-12,3.1892E-07,-3.257E-07
0.765,0.75,6.8951E-09,3.65E-12,-3.2000000000000005E-13,3.1893999999999997E-07,-3.2598E-07
0.77,0.75,7.1137E-09,2.75E-12,-2.1000000000000003E-12,3.1893999999999997E-07,-3.2592E-07
0.775,0.75,7.1657E-09,2.74E-12,1.2900000000000002E-12,3.1898E-07,-3.2608E-07
0.78,0.75,7.4745E-09,-1.9000000000000002E-13,3.1000000000000004E-13,3.1893999999999997E-07,-3.2616E-07
0.785,0.75,7.4775E-09,1.0500000000000002E-12,3.3E-13,3.1892E-07,-3.2638E-07
0.79,0.75,7.6073E-09,-1.1500000000000002E-12,-6.0000000000000009E-14,3.1892E-07,-3.2668E-07
0.795,0.75,7.833E-09,-2.5600000000000004E-12,7E-14,3.189E-07,-3.2658E-07
0.8,0.75,7.9379E-09,-2.1200000000000003E-12,-2.92E-12,3.1892E-07,-3.2694E-07
0.805,0.75,7.9957E-09,-2.34E-12,-2.2000000000000003E-12,3.1892E-07,-3.271E-07
0.81,0.75,8.0904E-09,-2.7000000000000002E-12,-1.85E-12,3.1893999999999997E-07,-3.2729999999999997E-07
0.81500000000000006,0.75,8.2859E-09,-5.2700000000000008E-12,1.1000000000000001E-13,3.189E-07,-3.2728E-07
0.82000000000000006,0.75,8.6357E-09,-7.360000000000001E-12,-2.8E-12,3.1892E-07,-3.274E-07
0.82500000000000007,0.75,8.7772E-09,-7.0400000000000007E-12,1.4300000000000002E-12,3.1896E-07,-3.2748E-07
0.83000000000000007,0.75,8.7558E-09,-1.0000000000000001E-11,-4.9E-13,3.1896E-07,-3.2776E-07
0.83500000000000008,0.75,9.0497E-09,-1.139E-11,-8.7E-13,3.1892E-07,-3.2782E-07
0.84000000000000008,0.75,9.1192E-09,-1.1430000000000001E-11,-1.1600000000000001E-12,3.1898E-07,-3.2804E-07
0.84500000000000008,0.75,9.3155E-09,-1.488E-11,1.9900000000000002E-12,3.1896E-07,-3.2804E-07
0.85000000000000009,0.75,9.4776E-09,-1.7960000000000002E-11,9.2000000000000012E-13,3.1892E-07,-3.2846E-07
0.85500000000000009,0.75,9.5669E-09,-1.7560000000000002E-11,7.3E-13,3.189E-07,-3.2854E-07
0.86,0.75,9.7373E-09,-1.7340000000000002E-11,1.2000000000000002E-13,3.1893999999999997E-07,-3.288E-07
0.865,0.75,9.9322E-09,-2.174E-11,-3.6400000000000006E-12,3.1898E-07,-3.288E-07
0.87,0.75,9.7609E-09,-1.965E-11,-2.41E-12,3.1904E-07,-3.2869999999999997E-07
0.875,0.75,1.00686E-08,-2.2860000000000002E-11,-2.7800000000000003E-12,3.1902E-07,-3.2888E-07
0.88,0.75,1.03273E-08,-2.3240000000000002E-11,-1.7500000000000002E-12,3.1902E-07,-3.2902E-07
0.885,0.75,1.04631E-08,-2.9260000000000004E-11,-9.9E-13,3.19E-07,-3.2938E-07
0.89,0.75,1.04108E-08,-2.8690000000000003E-11,8.7E-13,3.1904E-07,-3.2932E-07
0.895,0.75,1.07098E-08,-3.135E-11,5.4E-13,3.1902E-07,-3.2967999999999997E-07
0.9,0.75,1.08277E-08,-3.486E-11,1.1600000000000001E-12,3.1896E-07,-3.2966E-07
0,0.9,-6.7193799999999989E-08,6.715979999999999E-08,-6.2800000000000007E-12,3.1902E-07,-3.1892E-07
0.005,0.9,-6.41458E-08,6.41582E-08,4.3900000000000005E-12,3.1904E-07,-3.189E-07
0.01,0.9,-6.1238399999999991E-08,6.12726E-08,-5.6E-13,3.19E-07,-3.1893999999999997E-07
0.015000000000000001,0.9,-5.8497E-08,5.8549799999999994E-08,-3.2700000000000004E-12,3.1902E-07,-3.1896E-07
0.02,0.9,-5.5879999999999995E-08,5.5939199999999993E-08,2.3500000000000003E-12,3.1907999999999997E-07,-3.1893999999999997E-07
0.025,0.9,-5.33796E-08,5.3487399999999996E-08,-1.9000000000000002E-13,3.1893999999999997E-07,-3.1896E-07
0.030000000000000002,0.9,-5.1015E-08,5.1077599999999994E-08,-4.57E-12,3.1906E-07,-3.19E-07
0.035,0.9,-4.8737599999999994E-08,4.8830999999999996E-08,4.78E-12,3.1893999999999997E-07,-3.1893999999999997E-07
0.04,0.9,-4.65926E-08,4.6693999999999994E-08,1.85E-12,3.1898E-07,-3.1898E-07
0.045000000000000005,0.9,-4.4513599999999996E-08,4.4626E-08,-4.6400000000000004E-12,3.1898E-07,-3.1904E-07
0.05,0.9,-4.2536799999999995E-08,4.2711E-08,3.87E-12,3.1902E-07,-3.1902E-07
0.055,0.9,-4.06772E-08,4.0797E-08,-3.05E-12,3.1902E-07,-3.1907999999999997E-07
0.060000000000000005,0.9,-3.8901E-08,3.90406E-08,-2.8E-13,3.1904E-07,-3.1904E-07
0.065,0.9,-3.7186E-08,3.7332999999999994E-08,4.46E-12,3.1896E-07,-3.1902E-07
0.07,0.9,-3.54936E-08,3.5670999999999996E-08,-2.8300000000000003E-12,3.1898E-07,-3.1902E-07
0.075,0.9,-3.3958E-08,3.4125599999999996E-08,-2.5300000000000003E-12,3.1904E-07,-3.1904E-07
0.08,0.9,-3.24924E-08,3.2685799999999995E-08,5.3500000000000004E-12,3.1896E-07,-3.1907999999999997E-07
0.085,0.9,-3.1064399999999995E-08,3.1250399999999994E-08,-5.24E-12,3.1898E-07,-3.1912E-07
0.090000000000000011,0.9,-2.9753999999999996E-08,2.9923599999999995E-08,-1.3E-13,3.1892E-07,-3.1907999999999997E-07
0.095,0.9,-2.8442599999999997E-08,2.8648799999999996E-08,2.79E-12,3.1898E-07,-3.191E-07
0.1,0.9,-2.72246E-08,2.7478199999999997E-08,-4.57E-12,3.1896E-07,-3.191E-07
0.10500000000000001,0.9,-2.6066799999999997E-08,2.6305399999999998E-08,2.7000000000000002E-12,3.1896E-07,-3.1907999999999997E-07
0.11,0.9,-2.4926799999999998E-08,2.5164799999999996E-08,2.2000000000000002E-13,3.1896E-07,-3.1916E-07
0.115,0.9,-2.38576E-08,2.4115599999999997E-08,-2.28E-12,3.1907999999999997E-07,-3.1926E-07
0.12000000000000001,0.9,-2.28416E-08,2.3093799999999997E-08,2.18E-12,3.1907999999999997E-07,-3.192E-07
0.125,0.9,-2.1871399999999996E-08,2.21632E-08,-1.6300000000000001E-12,3.1898E-07,-3.1921999999999997E-07
0.13,0.9,-2.0929399999999997E-08,2.1213399999999998E-08,-3.23E-12,3.1907999999999997E-07,-3.1921999999999997E-07
0.135,0.9,-2.0051E-08,2.0340199999999996E-08,3.86E-12,3.1896E-07,-3.1924E-07
0.14,0.9,-1.91872E-08,1.95058E-08,-4.38E-12,3.1904E-07,-3.1924E-07
0.14500000000000002,0.9,-1.83716E-08,1.8690599999999997E-08,-2.1000000000000001E-13,3.1902E-07,-3.1928E-07
0.15,0.9,-1.7573799999999998E-08,1.79144E-08,3.72E-12,3.1906E-07,-3.1926E-07
0.155,0.9,-1.685E-08,1.7187199999999998E-08,-3.02E-12,3.1898E-07,-3.1928E-07
0.16,0.9,-1.61358E-08,1.6493799999999998E-08,1.5000000000000002E-13,3.1906E-07,-3.1926E-07
0.165,0.9,-1.5456999999999997E-08,1.58328E-08,2.01E-12,3.19E-07,-3.1928E-07
0.17,0.9,-1.4803599999999998E-08,1.5192799999999998E-08,-5.5700000000000007E-12,3.19E-07,-3.1928E-07
0.17500000000000002,0.9,-1.4143999999999999E-08,1.4535199999999998E-08,4.3400000000000005E-12,3.1902E-07,-3.1934E-07
0.18000000000000002,0.9,-1.3580399999999998E-08,1.3982599999999998E-08,-5.6E-13,3.1904E-07,-3.1932E-07
0.185,0.9,-1.2991999999999998E-08,1.3415399999999998E-08,-2.31E-12,3.19E-07,-3.1935999999999997E-07
0.19,0.9,-1.2438399999999999E-08,1.2872999999999999E-08,3.8E-12,3.1902E-07,-3.1938E-07
0.195,0.9,-1.19046E-08,1.2350399999999998E-08,-3.5400000000000003E-12,3.1907999999999997E-07,-3.1938E-07
0.2,0.9,-1.1387999999999999E-08,1.18532E-08,-2.0000000000000003E-14,3.1902E-07,-3.1938E-07
0.20500000000000002,0.9,-1.09028E-08,1.1384E-08,1.74E-12,3.1902E-07,-3.1944E-07
0.21000000000000002,0.9,-1.04314E-08,1.0931799999999999E-08,-1.78E-12,3.1904E-07,-3.1944E-07
0.215,0.9,-9.9775999999999983E-09,1.0497599999999999E-08,-3.0600000000000003E-12,3.1902E-07,-3.1946E-07
0.22,0.9,-9.5811E-09,1.0079999999999998E-08,-3.97E-12,3.1902E-07,-3.194E-07
0.225,0.9,-9.1431E-09,9.6399E-09,8.6000000000000007E-13,3.1902E-07,-3.194E-07
0.23,0.9,-8.7511E-09,9.2479E-09,-1.8900000000000002E-12,3.1906E-07,-3.1949999999999997E-07
0.23500000000000001,0.9,-8.3579E-09,8.883E-09,-9.1000000000000016E-13,3.1902E-07,-3.1952E-07
0.24000000000000002,0.9,-7.9812E-09,8.5249E-09,4.1E-13,3.19E-07,-3.1952E-07
0.24500000000000002,0.9,-7.6165E-09,8.1878E-09,-3.25E-12,3.1888E-07,-3.1944E-07
0.25,0.9,-7.2651E-09,7.8511E-09,9.3E-13,3.1898E-07,-3.1948E-07
0.255,0.9,-6.9322E-09,7.5402E-09,2.0500000000000004E-12,3.1902E-07,-3.1949999999999997E-07
0.26,0.9,-6.5999E-09,7.2202E-09,3.0600000000000003E-12,3.1893999999999997E-07,-3.1956E-07
0.265,0.9,-6.3168E-09,6.9481E-09,3.23E-12,3.1892E-07,-3.1956E-07
0.27,0.9,-6.0068E-09,6.6507E-09,5.2100000000000006E-12,3.1893999999999997E-07,-3.1963999999999997E-07
0.275,0.9,-5.7233E-09,6.4012E-09,3.6000000000000003E-13,3.1886E-07,-3.1958E-07
0.28,0.9,-5.4362E-09,6.1324E-09,2.21E-12,3.1902E-07,-3.196E-07
0.28500000000000003,0.9,-5.1955E-09,5.8903E-09,-2.6600000000000004E-12,3.1898E-07,-3.1956E-07
0.29000000000000004,0.9,-4.9331E-09,5.6425E-09,-1.5600000000000002E-12,3.1892E-07,-3.1963999999999997E-07
0.29500000000000004,0.9,-4.6691E-09,5.4085E-09,-1.2900000000000002E-12,3.1892E-07,-3.1966E-07
0.3,0.9,-4.4203E-09,5.1884E-09,1.41E-12,3.1896E-07,-3.1968E-07
0.305,0.9,-4.1877E-09,4.9735E-09,-2.7600000000000004E-12,3.1896E-07,-3.1974E-07
0.31,0.9,-3.9599E-09,4.7785E-09,6.7000000000000007E-13,3.1898E-07,-3.1976E-07
0.315,0.9,-3.7445E-09,4.5796E-09,-5.2E-13,3.189E-07,-3.198E-07
0.32,0.9,-3.5398E-09,4.3969E-09,1.12E-12,3.1902E-07,-3.1977999999999997E-07
0.325,0.9,-3.3289E-09,4.2169E-09,-1.1600000000000001E-12,3.1902E-07,-3.198E-07
0.33,0.9,-3.1357E-09,4.0406E-09,3.3900000000000003E-12,3.1896E-07,-3.198E-07
0.335,0.9,-2.9359E-09,3.8698E-09,2.1200000000000003E-12,3.1896E-07,-3.1984E-07
0.34,0.9,-2.745E-09,3.7135E-09,2.3500000000000003E-12,3.1896E-07,-3.1988E-07
0.34500000000000003,0.9,-2.5589E-09,3.5575999999999998E-09,1.4200000000000002E-12,3.1892E-07,-3.2002E-07
0.35000000000000003,0.9,-2.3865E-09,3.4106E-09,1.37E-12,3.1892E-07,-3.199E-07
0.35500000000000004,0.9,-2.1632E-09,3.2611E-09,-8.5000000000000011E-13,3.1896E-07,-3.2004E-07
0.36000000000000004,0.9,-1.9933E-09,3.126E-09,-2.54E-12,3.19E-07,-3.2E-07
0.365,0.9,-1.8234E-09,2.9914E-09,-3.58E-12,3.1898E-07,-3.2008E-07
0.37,0.9,-1.6676E-09,2.8669E-09,-5.1700000000000008E-12,3.1904E-07,-3.2014E-07
0.375,0.9,-1.5121E-09,2.7389E-09,-4.42E-12,3.19E-07,-3.2019999999999997E-07
0.38,0.9,-1.3619E-09,2.627E-09,-1.8400000000000002E-12,3.1898E-07,-3.2019999999999997E-07
0.385,0.9,-1.2136E-09,2.509E-09,-6.6E-13,3.1896E-07,-3.2022E-07
0.39,0.9,-1.0747E-09,2.4038E-09,8.4000000000000006E-13,3.1896E-07,-3.2026E-07
0.395,0.9,-9.2709000000000005E-10,2.2959E-09,-2.92E-12,3.19E-07,-3.2033999999999997E-07
0.4,0.9,-7.9520000000000011E-10,2.1991E-09,-8E-13,3.19E-07,-3.204E-07
0.405,0.9,-6.5487E-10,2.1001E-09,-2.69E-12,3.1896E-07,-3.2038E-07
0.41000000000000003,0.9,-5.1913E-10,2.0064E-09,-1.5300000000000001E-12,3.1898E-07,-3.204E-07
0.41500000000000004,0.9,-4.0213000000000004E-10,1.9174E-09,-1.14E-12,3.1902E-07,-3.204E-07
0.42000000000000004,0.9,-2.8168E-10,1.8329E-09,-2.6E-13,3.1892E-07,-3.2052E-07
0.42500000000000004,0.9,-1.5309E-10,1.7475E-09,6.6E-13,3.1896E-07,-3.2056E-07
0.43,0.9,-3.744E-11,1.6693E-09,1.55E-12,3.1902E-07,-3.2061999999999997E-07
0.435,0.9,7.726E-11,1.5931E-09,1.26E-12,3.1898E-07,-3.2058E-07
0.44,0.9,1.9330000000000002E-10,1.5219E-09,6.0000000000000009E-14,3.1907999999999997E-07,-3.2072E-07
0.445,0.9,3.0578E-10,1.4474E-09,5.1E-13,3.19E-07,-3.2074E-07
0.45,0.9,3.4641000000000005E-10,1.3856E-09,2.14E-12,3.19E-07,-3.2074E-07
0.455,0.9,4.7006E-10,1.316E-09,6.400000000000001E-13,3.19E-07,-3.2075999999999997E-07
0.46,0.9,5.7624000000000007E-10,1.2562E-09,2.92E-12,3.1898E-07,-3.208E-07
0.465,0.9,6.8104000000000006E-10,1.1962E-09,1.08E-12,3.19E-07,-3.2086E-07
0.47000000000000003,0.9,7.7958E-10,1.1438E-09,-1.21E-12,3.1898E-07,-3.2082E-07
0.47500000000000003,0.9,8.827400000000001E-10,1.0908E-09,-3.3100000000000002E-12,3.1904E-07,-3.21E-07
0.48000000000000004,0.9,9.7619000000000012E-10,1.0398E-09,-1.79E-12,3.1907999999999997E-07,-3.2106E-07
0.48500000000000004,0.9,1.082E-09,9.9006E-10,-7.2000000000000006E-13,3.1902E-07,-3.2098E-07
0.49000000000000005,0.9,1.1664E-09,9.4326000000000011E-10,-1.3900000000000001E-12,3.1904E-07,-3.2106E-07
0.49500000000000005,0.9,1.2469E-09,8.9821E-10,-5.8000000000000005E-13,3.19E-07,-3.2106E-07
0.5,0.9,1.3526E-09,8.5711000000000005E-10,7E-14,3.1896E-07,-3.2116E-07
0.505,0.9,1.4399E-09,8.145800000000001E-10,6.9000000000000009E-13,3.189E-07,-3.212E-07
0.51,0.9,1.5429E-09,7.768900000000001E-10,-1.7E-13,3.1893999999999997E-07,-3.2128E-07
0.515,0.9,1.6499E-09,7.4154000000000011E-10,5.7E-13,3.1902E-07,-3.2136E-07
0.52,0.9,1.7306E-09,7.0256000000000011E-10,1.6100000000000002E-12,3.1902E-07,-3.2136E-07
0.525,0.9,1.805E-09,6.7070000000000007E-10,-2.8100000000000003E-12,3.1898E-07,-3.2136E-07
0.53,0.9,1.902E-09,6.3658000000000009E-10,-6.0000000000000007E-13,3.1898E-07,-3.2154E-07
0.535,0.9,1.9823E-09,6.0576000000000009E-10,-2.9800000000000002E-12,3.1898E-07,-3.2145999999999997E-07
0.54,0.9,2.0624E-09,5.7924000000000006E-10,-2.3000000000000003E-12,3.1892E-07,-3.2159999999999997E-07
0.545,0.9,2.1615E-09,5.5335000000000006E-10,-2.51E-12,3.1896E-07,-3.2159999999999997E-07
0.55,0.9,2.2421E-09,5.2643E-10,1.03E-12,3.189E-07,-3.2164E-07
0.555,0.9,2.3305E-09,5.0022000000000006E-10,5E-14,3.1896E-07,-3.2173999999999997E-07
0.56,0.9,2.4029E-09,4.771E-10,-4.7E-13,3.1892E-07,-3.2182E-07
0.56500000000000006,0.9,2.5293E-09,4.5461000000000005E-10,-1.4200000000000002E-12,3.1893999999999997E-07,-3.2187999999999997E-07
0.57000000000000006,0.9,2.5994E-09,4.3478E-10,6.9000000000000009E-13,3.189E-07,-3.2194E-07
0.57500000000000007,0.9,2.6896E-09,4.1677000000000005E-10,-2.6300000000000003E-12,3.1893999999999997E-07,-3.22E-07
0.58000000000000007,0.9,2.8543E-09,3.9779000000000003E-10,-1.4700000000000002E-12,3.1896E-07,-3.2204E-07
0.58500000000000008,0.9,2.8685E-09,3.8024E-10,-2.52E-12,3.1896E-07,-3.2218E-07
0.59000000000000008,0.9,2.9372E-09,3.6022E-10,-2E-13,3.1892E-07,-3.2222E-07
0.595,0.9,3.0384E-09,3.4729000000000005E-10,-2.13E-12,3.1892E-07,-3.2228E-07
0.6,0.9,3.1689E-09,3.2965000000000005E-10,1.1000000000000002E-12,3.1896E-07,-3.2229999999999997E-07
0.605,0.9,3.193E-09,3.1797000000000004E-10,-4.3000000000000004E-13,3.189E-07,-3.2246E-07
0.61,0.9,3.2811E-09,3.0357E-10,-1.1600000000000001E-12,3.1886E-07,-3.2248E-07
0.615,0.9,3.38E-09,2.8870000000000005E-10,-1.2000000000000002E-13,3.189E-07,-3.2257999999999997E-07
0.62,0.9,3.5117E-09,2.7633E-10,9.3E-13,3.1892E-07,-3.227E-07
0.625,0.9,3.5729E-09,2.6290000000000004E-10,1.1000000000000001E-13,3.1893999999999997E-07,-3.2278E-07
0.63,0.9,3.6564E-09,2.4776000000000003E-10,8.7E-13,3.1898E-07,-3.2284E-07
0.635,0.9,3.7704E-09,2.3913000000000003E-10,1.6600000000000002E-12,3.19E-07,-3.229E-07
0.64,0.9,3.8782E-09,2.2458000000000001E-10,-1.59E-12,3.1896E-07,-3.2302E-07
0.645,0.9,3.9854E-09,2.1551000000000001E-10,-1.8900000000000002E-12,3.1902E-07,-3.2313999999999997E-07
0.65,0.9,4.064E-09,2.0638000000000002E-10,-7.3E-13,3.1906E-07,-3.232E-07
0.655,0.9,4.1347E-09,1.9447000000000003E-10,-1.03E-12,3.1902E-07,-3.2336E-07
0.66,0.9,4.2503E-09,1.8181000000000002E-10,2.0000000000000003E-14,3.1898E-07,-3.2336E-07
0.665,0.9,4.3463E-09,1.7195E-10,-7.7000000000000005E-13,3.1896E-07,-3.2354E-07
0.67,0.9,4.4272E-09,1.6264000000000002E-10,1.69E-12,3.1892E-07,-3.2368E-07
0.675,0.9,4.5842E-09,1.5187000000000001E-10,2.9000000000000003E-13,3.1898E-07,-3.2368E-07
0.68,0.9,4.6326E-09,1.4325000000000002E-10,-1.07E-12,3.1902E-07,-3.2386E-07
0.685,0.9,4.7804E-09,1.329E-10,-2.95E-12,3.1904E-07,-3.2394E-07
0.69000000000000006,0.9,4.8778E-09,1.2631E-10,-3.7300000000000005E-12,3.1904E-07,-3.2404E-07
0.69500000000000006,0.9,5.019E-09,1.1486E-10,-4.4400000000000005E-12,3.19E-07,-3.2414E-07
0.70000000000000007,0.9,5.0289E-09,1.1936000000000002E-10,-1.568E-11,3.19E-07,-3.2418E-07
0.70500000000000007,0.9,5.1927E-09,1.0045000000000001E-10,1.3570000000000001E-11,3.1896E-07,-3.243E-07
0.71000000000000008,0.9,5.3383E-09,9.4920000000000007E-11,3.82E-12,3.1892E-07,-3.2434E-07
0.71500000000000008,0.9,5.4417E-09,8.7740000000000012E-11,6.3E-13,3.1898E-07,-3.2458E-07
0.72000000000000008,0.9,5.5597E-09,8.39E-11,-8.1000000000000008E-13,3.1902E-07,-3.2458E-07
0.72500000000000009,0.9,5.704E-09,7.7020000000000009E-11,-5.95E-12,3.189E-07,-3.2462E-07
0.73,0.9,5.7998E-09,6.921E-11,1.4E-13,3.1892E-07,-3.2466E-07
0.735,0.9,5.9056E-09,6.3730000000000009E-11,-2.5E-13,3.189E-07,-3.248E-07
0.74,0.9,5.9348E-09,6.105E-11,2.0200000000000003E-12,3.1896E-07,-3.2492E-07
0.745,0.9,6.2024E-09,5.5070000000000003E-11,-7.100000000000001E-13,3.189E-07,-3.2504E-07
0.75,0.9,6.2891E-09,5.3340000000000007E-11,1.91E-12,3.189E-07,-3.2516E-07
0.755,0.9,6.3959E-09,4.8020000000000006E-11,-4.33E-12,3.189E-07,-3.2542E-07
0.76,0.9,6.5587E-09,4.869E-11,-3.51E-12,3.1888E-07,-3.2536E-07
0.765,0.9,6.6524E-09,4.0980000000000004E-11,-3.86E-12,3.189E-07,-3.256E-07
0.77,0.9,6.7089E-09,3.926E-11,-1.6E-12,3.1898E-07,-3.2568E-07
0.775,0.9,6.832E-09,3.6690000000000005E-11,-5.6E-13,3.1892E-07,-3.2578E-07
0.78,0.9,7.1063E-09,3.2500000000000004E-11,-1.1000000000000001E-13,3.189E-07,-3.2608E-07
0.785,0.9,7.106E-09,2.95E-11,2.5E-13,3.189E-07,-3.2603999999999997E-07
0.79,0.9,7.2667E-09,2.731E-11,2.4000000000000004E-13,3.1893999999999997E-07,-3.2616E-07
0.795,0.9,7.4663E-09,2.7540000000000003E-11,1.04E-12,3.1893999999999997E-07,-3.2648E-07
0.8,0.9,7.6379E-09,2.2350000000000002E-11,-2.77E-12,3.1898E-07,-3.2662E-07
0.805,0.9,7.6812E-09,2.245E-11,-9.7000000000000011E-13,3.1904E-07,-3.2664E-07
0.81,0.9,7.9452E-09,2.081E-11,-2.2500000000000003E-12,3.19E-07,-3.268E-07
0.81500000000000006,0.9,7.9567E-09,1.786E-11,3.81E-12,3.1898E-07,-3.2686E-07
0.82000000000000006,0.9,8.1588E-09,1.617E-11,1.7E-13,3.1896E-07,-3.2714E-07
0.82500000000000007,0.9,8.2007E-09,1.6E-11,3.5400000000000003E-12,3.189E-07,-3.2729999999999997E-07
0.83000000000000007,0.9,8.487E-09,1.7070000000000002E-11,1.0600000000000001E-12,3.1886E-07,-3.2732E-07
0.83500000000000008,0.9,8.6837E-09,1.332E-11,4.26E-12,3.1896E-07,-3.2754E-07
0.84000000000000008,0.9,8.7157E-09,1.3340000000000001E-11,1.45E-12,3.1886E-07,-3.276E-07
0.84500000000000008,0.9,8.9016E-09,1.3450000000000001E-11,6.26E-12,3.1892E-07,-3.2766E-07
0.85000000000000009,0.9,9.2883E-09,1.1250000000000002E-11,2.39E-12,3.1886E-07,-3.2784E-07
0.85500000000000009,0.9,9.199E-09,1.0090000000000001E-11,2.19E-12,3.1892E-07,-3.2799999999999997E-07
0.86,0.9,9.3553E-09,1.282E-11,2.1700000000000002E-12,3.1892E-07,-3.282E-07
0.865,0.9,9.5396E-09,1.3540000000000001E-11,-1.23E-12,3.1896E-07,-3.283E-07
0.87,0.9,9.6721E-09,9.55E-12,-5.6E-13,3.1896E-07,-3.2854E-07
0.875,0.9,9.7908E-09,1.1220000000000001E-11,5.2E-13,3.1892E-07,-3.2896E-07
0.88,0.9,1.00737E-08,8.33E-12,1.4400000000000001E-12,3.1886E-07,-3.2906E-07
0.885,0.9,1.01373E-08,5.19E-12,2.8E-13,3.1884E-07,-3.2904E-07
0.89,0.9,1.02669E-08,6.46E-12,2.4800000000000003E-12,3.189E-07,-3.2922E-07
0.895,0.9,1.04785E-08,4.88E-12,2.26E-12,3.1892E-07,-3.2948E-07
0.9,0.9,1.08119E-08,6.0200000000000006E-12,-3.7000000000000004E-13,3.1896E-07,-3.295E-07
