vg	id_vd = 0.0V	ig_vd = 0.0V	is_vd = 0.0V	iavdd_vd = 0.0V	ignd_vd = 0.0V	id_vd = 0.01V	ig_vd = 0.01V	is_vd = 0.01V	iavdd_vd = 0.01V	ignd_vd = 0.01V	id_vd = 0.02V	ig_vd = 0.02V	is_vd = 0.02V	iavdd_vd = 0.02V	ignd_vd = 0.02V	id_vd = 0.03V	ig_vd = 0.03V	is_vd = 0.03V	iavdd_vd = 0.03V	ignd_vd = 0.03V	id_vd = 0.04V	ig_vd = 0.04V	is_vd = 0.04V	iavdd_vd = 0.04V	ignd_vd = 0.04V	id_vd = 0.05V	ig_vd = 0.05V	is_vd = 0.05V	iavdd_vd = 0.05V	ignd_vd = 0.05V	id_vd = 0.06V	ig_vd = 0.06V	is_vd = 0.06V	iavdd_vd = 0.06V	ignd_vd = 0.06V	id_vd = 0.07V	ig_vd = 0.07V	is_vd = 0.07V	iavdd_vd = 0.07V	ignd_vd = 0.07V	id_vd = 0.08V	ig_vd = 0.08V	is_vd = 0.08V	iavdd_vd = 0.08V	ignd_vd = 0.08V	id_vd = 0.09V	ig_vd = 0.09V	is_vd = 0.09V	iavdd_vd = 0.09V	ignd_vd = 0.09V	id_vd = 0.1V	ig_vd = 0.1V	is_vd = 0.1V	iavdd_vd = 0.1V	ignd_vd = 0.1V
-0.3	9.3509e-10	-3.7188e-09	9.0712e-10	3.205e-07	-3.1856e-07	1.0373e-09	-3.7882e-09	9.0279e-10	3.201e-07	-3.1824e-07	1.1513e-09	-3.8521e-09	9.0562e-10	3.2024e-07	-3.1834e-07	1.2562e-09	-3.9332e-09	9.0509e-10	3.201e-07	-3.1832e-07	1.3584e-09	-4.018e-09	9.015e-10	3.2004e-07	-3.1832e-07	1.4661e-09	-4.1007e-09	9.0058e-10	3.2014e-07	-3.1828e-07	1.5729e-09	-4.1951e-09	8.9916e-10	3.2004e-07	-3.183e-07	1.6924e-09	-4.2894e-09	9.0035e-10	3.2012e-07	-3.1844e-07	1.8017e-09	-4.3916e-09	9.01e-10	3.2016e-07	-3.1844e-07	1.9304e-09	-4.496e-09	9.0061e-10	3.2022e-07	-3.185e-07	2.0759e-09	-4.6076e-09	8.9833e-10	3.2014e-07	-3.1854e-07
-0.295	9.0156e-10	-3.4631e-09	8.7192e-10	3.2048e-07	-3.1876e-07	1.0097e-09	-3.5198e-09	8.687e-10	3.2014e-07	-3.1848e-07	1.0959e-09	-3.5994e-09	8.7046e-10	3.202e-07	-3.186e-07	1.1969e-09	-3.6726e-09	8.6858e-10	3.2022e-07	-3.1858e-07	1.3016e-09	-3.7523e-09	8.6655e-10	3.2012e-07	-3.1842e-07	1.4121e-09	-3.8389e-09	8.6799e-10	3.2016e-07	-3.1856e-07	1.5237e-09	-3.9254e-09	8.655e-10	3.1998e-07	-3.1848e-07	1.6417e-09	-4.0226e-09	8.6801e-10	3.2016e-07	-3.186e-07	1.7448e-09	-4.121e-09	8.6747e-10	3.2018e-07	-3.1866e-07	1.8769e-09	-4.2281e-09	8.6486e-10	3.2028e-07	-3.1874e-07	2.0105e-09	-4.3345e-09	8.6636e-10	3.202e-07	-3.1868e-07
-0.29	8.7221e-10	-3.2253e-09	8.3871e-10	3.204e-07	-3.1892e-07	9.5713e-10	-3.2835e-09	8.3632e-10	3.2012e-07	-3.1856e-07	1.0667e-09	-3.36e-09	8.3496e-10	3.2022e-07	-3.1868e-07	1.1656e-09	-3.4353e-09	8.3519e-10	3.2014e-07	-3.1868e-07	1.2752e-09	-3.5163e-09	8.3454e-10	3.2004e-07	-3.1866e-07	1.3574e-09	-3.5987e-09	8.3353e-10	3.2018e-07	-3.1866e-07	1.477e-09	-3.6869e-09	8.3289e-10	3.201e-07	-3.1866e-07	1.5866e-09	-3.7765e-09	8.3225e-10	3.2016e-07	-3.1874e-07	1.6972e-09	-3.8754e-09	8.317e-10	3.2022e-07	-3.1878e-07	1.8297e-09	-3.9749e-09	8.3198e-10	3.202e-07	-3.189e-07	1.9488e-09	-4.0833e-09	8.3169e-10	3.2018e-07	-3.189e-07
-0.285	8.2614e-10	-3.0032e-09	8.0632e-10	3.2054e-07	-3.1902e-07	9.3434e-10	-3.0648e-09	8.0017e-10	3.2018e-07	-3.1878e-07	1.0352e-09	-3.133e-09	8.0345e-10	3.201e-07	-3.1882e-07	1.1331e-09	-3.2078e-09	8.0055e-10	3.2014e-07	-3.1884e-07	1.2316e-09	-3.2876e-09	8.0188e-10	3.201e-07	-3.188e-07	1.3232e-09	-3.3714e-09	7.9969e-10	3.201e-07	-3.1882e-07	1.4397e-09	-3.4562e-09	7.9643e-10	3.201e-07	-3.1878e-07	1.5486e-09	-3.5471e-09	7.9859e-10	3.2012e-07	-3.1894e-07	1.6589e-09	-3.6408e-09	7.9753e-10	3.2018e-07	-3.1902e-07	1.7722e-09	-3.7464e-09	7.9948e-10	3.2012e-07	-3.1894e-07	1.9001e-09	-3.8468e-09	7.9822e-10	3.2018e-07	-3.1902e-07
-0.28	7.8378e-10	-2.8058e-09	7.7573e-10	3.204e-07	-3.1914e-07	8.9361e-10	-2.8642e-09	7.7249e-10	3.2018e-07	-3.1884e-07	9.817e-10	-2.935e-09	7.7081e-10	3.2016e-07	-3.1896e-07	1.0762e-09	-3.0064e-09	7.7008e-10	3.201e-07	-3.1894e-07	1.1742e-09	-3.0849e-09	7.706e-10	3.2002e-07	-3.1898e-07	1.2854e-09	-3.1604e-09	7.6915e-10	3.2006e-07	-3.1898e-07	1.4013e-09	-3.25e-09	7.648e-10	3.2008e-07	-3.1896e-07	1.5015e-09	-3.3315e-09	7.6619e-10	3.2012e-07	-3.1902e-07	1.6051e-09	-3.4302e-09	7.6611e-10	3.2016e-07	-3.1908e-07	1.7092e-09	-3.5276e-09	7.6675e-10	3.2016e-07	-3.1908e-07	1.8547e-09	-3.6288e-09	7.6659e-10	3.2012e-07	-3.1908e-07
-0.275	7.6652e-10	-2.6162e-09	7.4269e-10	3.2046e-07	-3.1928e-07	8.5044e-10	-2.6759e-09	7.3879e-10	3.2012e-07	-3.1904e-07	9.534e-10	-2.7418e-09	7.3946e-10	3.2018e-07	-3.1908e-07	1.0356e-09	-2.8145e-09	7.3731e-10	3.2012e-07	-3.1906e-07	1.1387e-09	-2.8888e-09	7.3753e-10	3.2008e-07	-3.1902e-07	1.2307e-09	-2.9682e-09	7.3861e-10	3.2008e-07	-3.1896e-07	1.3483e-09	-3.0484e-09	7.3387e-10	3.2e-07	-3.1906e-07	1.4429e-09	-3.1424e-09	7.3636e-10	3.201e-07	-3.1914e-07	1.5479e-09	-3.2305e-09	7.3364e-10	3.2016e-07	-3.191e-07	1.6684e-09	-3.3283e-09	7.3487e-10	3.2016e-07	-3.1916e-07	1.7905e-09	-3.4252e-09	7.3688e-10	3.2014e-07	-3.1926e-07
-0.27	7.3481e-10	-2.4434e-09	7.133e-10	3.204e-07	-3.194e-07	8.2382e-10	-2.5098e-09	7.0866e-10	3.2022e-07	-3.1922e-07	9.1565e-10	-2.5714e-09	7.1022e-10	3.2022e-07	-3.192e-07	1.0144e-09	-2.6382e-09	7.0639e-10	3.2008e-07	-3.1916e-07	1.111e-09	-2.7122e-09	7.0841e-10	3.201e-07	-3.1912e-07	1.1861e-09	-2.7894e-09	7.0732e-10	3.2002e-07	-3.1908e-07	1.2934e-09	-2.8738e-09	7.0467e-10	3.2012e-07	-3.1918e-07	1.4025e-09	-2.9506e-09	7.0237e-10	3.2022e-07	-3.1928e-07	1.5118e-09	-3.0469e-09	7.015e-10	3.2018e-07	-3.1932e-07	1.6308e-09	-3.1384e-09	7.0538e-10	3.2018e-07	-3.1934e-07	1.7364e-09	-3.2381e-09	7.0605e-10	3.201e-07	-3.1932e-07
-0.265	6.8837e-10	-2.2871e-09	6.8591e-10	3.2046e-07	-3.1954e-07	7.9827e-10	-2.3425e-09	6.785e-10	3.2012e-07	-3.1926e-07	8.682e-10	-2.4052e-09	6.8006e-10	3.2018e-07	-3.1928e-07	9.6789e-10	-2.4708e-09	6.7642e-10	3.1998e-07	-3.1916e-07	1.0649e-09	-2.5466e-09	6.7882e-10	3.2006e-07	-3.1924e-07	1.1614e-09	-2.622e-09	6.7563e-10	3.1998e-07	-3.192e-07	1.2566e-09	-2.6973e-09	6.7184e-10	3.2e-07	-3.1924e-07	1.3707e-09	-2.7838e-09	6.7423e-10	3.2012e-07	-3.194e-07	1.4654e-09	-2.8719e-09	6.74e-10	3.2018e-07	-3.1936e-07	1.5728e-09	-2.9634e-09	6.7564e-10	3.2018e-07	-3.1944e-07	1.6965e-09	-3.0599e-09	6.7443e-10	3.2016e-07	-3.195e-07
-0.26	6.6186e-10	-2.1359e-09	6.5383e-10	3.2048e-07	-3.1968e-07	7.4894e-10	-2.1979e-09	6.5043e-10	3.2012e-07	-3.1928e-07	8.504e-10	-2.2583e-09	6.4944e-10	3.2018e-07	-3.194e-07	9.2462e-10	-2.3265e-09	6.4776e-10	3.2004e-07	-3.1926e-07	1.0159e-09	-2.3939e-09	6.4999e-10	3.2004e-07	-3.1932e-07	1.1183e-09	-2.4638e-09	6.4794e-10	3.2006e-07	-3.1934e-07	1.2233e-09	-2.5472e-09	6.4713e-10	3.2004e-07	-3.193e-07	1.3222e-09	-2.6258e-09	6.4453e-10	3.2016e-07	-3.194e-07	1.4071e-09	-2.7149e-09	6.4678e-10	3.2014e-07	-3.194e-07	1.5274e-09	-2.8016e-09	6.4661e-10	3.2016e-07	-3.195e-07	1.6478e-09	-2.8953e-09	6.4634e-10	3.2014e-07	-3.1952e-07
-0.255	6.4682e-10	-1.999e-09	6.2635e-10	3.2048e-07	-3.1972e-07	7.1643e-10	-2.0565e-09	6.2221e-10	3.2016e-07	-3.194e-07	8.1753e-10	-2.1141e-09	6.2146e-10	3.2022e-07	-3.1944e-07	9.0536e-10	-2.1806e-09	6.1638e-10	3.2008e-07	-3.1938e-07	9.8773e-10	-2.248e-09	6.1504e-10	3.2006e-07	-3.1934e-07	1.0689e-09	-2.3247e-09	6.2097e-10	3.2e-07	-3.194e-07	1.1741e-09	-2.3991e-09	6.1994e-10	3.201e-07	-3.1938e-07	1.2684e-09	-2.4767e-09	6.1666e-10	3.2016e-07	-3.1954e-07	1.3606e-09	-2.5636e-09	6.1644e-10	3.2012e-07	-3.1956e-07	1.4942e-09	-2.6506e-09	6.1699e-10	3.202e-07	-3.1962e-07	1.5864e-09	-2.7423e-09	6.1813e-10	3.2016e-07	-3.1958e-07
-0.25	6.0648e-10	-1.8714e-09	5.9879e-10	3.2046e-07	-3.1972e-07	7.0055e-10	-1.9327e-09	5.9514e-10	3.201e-07	-3.1948e-07	7.7101e-10	-1.9908e-09	5.9656e-10	3.2024e-07	-3.1956e-07	8.7553e-10	-2.0489e-09	5.9256e-10	3.2006e-07	-3.1948e-07	9.6106e-10	-2.1148e-09	5.8808e-10	3.2012e-07	-3.194e-07	1.0339e-09	-2.1866e-09	5.9093e-10	3.2006e-07	-3.1942e-07	1.131e-09	-2.2647e-09	5.9227e-10	3.2006e-07	-3.1948e-07	1.2348e-09	-2.3381e-09	5.8837e-10	3.2012e-07	-3.196e-07	1.3373e-09	-2.4228e-09	5.8879e-10	3.2016e-07	-3.1956e-07	1.436e-09	-2.5067e-09	5.9094e-10	3.2028e-07	-3.1976e-07	1.5499e-09	-2.5966e-09	5.8758e-10	3.2014e-07	-3.1966e-07
-0.245	5.6971e-10	-1.7524e-09	5.7215e-10	3.2046e-07	-3.1976e-07	6.67e-10	-1.8045e-09	5.6989e-10	3.201e-07	-3.1946e-07	7.4149e-10	-1.8638e-09	5.6714e-10	3.2016e-07	-3.1964e-07	8.2925e-10	-1.9245e-09	5.6603e-10	3.1998e-07	-3.1948e-07	9.2094e-10	-1.9895e-09	5.6244e-10	3.2002e-07	-3.195e-07	1.0105e-09	-2.0615e-09	5.6431e-10	3.2006e-07	-3.1948e-07	1.1061e-09	-2.1337e-09	5.653e-10	3.2004e-07	-3.1952e-07	1.2011e-09	-2.2101e-09	5.6227e-10	3.2016e-07	-3.197e-07	1.2901e-09	-2.29e-09	5.6532e-10	3.201e-07	-3.1966e-07	1.3789e-09	-2.3749e-09	5.6241e-10	3.2014e-07	-3.1972e-07	1.5109e-09	-2.4587e-09	5.6199e-10	3.2014e-07	-3.1972e-07
-0.24	5.5745e-10	-1.6438e-09	5.4661e-10	3.2046e-07	-3.1992e-07	6.2841e-10	-1.6958e-09	5.4593e-10	3.201e-07	-3.1956e-07	7.2322e-10	-1.7542e-09	5.4309e-10	3.2016e-07	-3.1968e-07	7.9651e-10	-1.8118e-09	5.3946e-10	3.2e-07	-3.1958e-07	8.7852e-10	-1.8783e-09	5.3626e-10	3.2008e-07	-3.1958e-07	9.5981e-10	-1.9427e-09	5.4131e-10	3.2e-07	-3.1954e-07	1.0709e-09	-2.0155e-09	5.4075e-10	3.2006e-07	-3.1962e-07	1.1508e-09	-2.0897e-09	5.3855e-10	3.2016e-07	-3.1962e-07	1.2402e-09	-2.171e-09	5.387e-10	3.2018e-07	-3.198e-07	1.3394e-09	-2.2492e-09	5.365e-10	3.2012e-07	-3.1976e-07	1.4584e-09	-2.3336e-09	5.3765e-10	3.2014e-07	-3.1976e-07
-0.235	5.3149e-10	-1.539e-09	5.2326e-10	3.2044e-07	-3.1994e-07	6.0796e-10	-1.5923e-09	5.1872e-10	3.2012e-07	-3.1962e-07	6.8735e-10	-1.6433e-09	5.1777e-10	3.2016e-07	-3.1972e-07	7.7604e-10	-1.7012e-09	5.1331e-10	3.2e-07	-3.1956e-07	8.5573e-10	-1.7639e-09	5.1121e-10	3.2002e-07	-3.1962e-07	9.2769e-10	-1.8364e-09	5.1618e-10	3.2006e-07	-3.1966e-07	1.0201e-09	-1.9026e-09	5.1634e-10	3.2004e-07	-3.1956e-07	1.1126e-09	-1.973e-09	5.1292e-10	3.2012e-07	-3.198e-07	1.2027e-09	-2.0497e-09	5.1204e-10	3.202e-07	-3.1976e-07	1.3056e-09	-2.1309e-09	5.1112e-10	3.201e-07	-3.1986e-07	1.4069e-09	-2.2155e-09	5.1365e-10	3.2012e-07	-3.1986e-07
-0.23	4.9141e-10	-1.4429e-09	5.0136e-10	3.2044e-07	-3.199e-07	5.8593e-10	-1.4947e-09	4.9695e-10	3.2024e-07	-3.1978e-07	6.4996e-10	-1.5488e-09	4.9328e-10	3.2018e-07	-3.198e-07	7.3815e-10	-1.6029e-09	4.92e-10	3.2006e-07	-3.1964e-07	8.2793e-10	-1.6639e-09	4.8822e-10	3.2006e-07	-3.197e-07	9.0748e-10	-1.7275e-09	4.8992e-10	3.2006e-07	-3.1964e-07	9.8973e-10	-1.7989e-09	4.8839e-10	3.2004e-07	-3.1966e-07	1.0877e-09	-1.8698e-09	4.8904e-10	3.201e-07	-3.1978e-07	1.1737e-09	-1.9424e-09	4.8711e-10	3.2018e-07	-3.1984e-07	1.2589e-09	-2.0186e-09	4.8847e-10	3.2006e-07	-3.198e-07	1.372e-09	-2.104e-09	4.8771e-10	3.2012e-07	-3.1988e-07
-0.225	4.6188e-10	-1.3525e-09	4.7623e-10	3.2036e-07	-3.1998e-07	5.4467e-10	-1.404e-09	4.7303e-10	3.2016e-07	-3.1978e-07	6.3795e-10	-1.4533e-09	4.6728e-10	3.202e-07	-3.1986e-07	7.0009e-10	-1.5094e-09	4.6648e-10	3.2e-07	-3.1964e-07	7.8137e-10	-1.5688e-09	4.6551e-10	3.2002e-07	-3.1976e-07	8.6724e-10	-1.6317e-09	4.6826e-10	3.2008e-07	-3.1976e-07	9.6637e-10	-1.6939e-09	4.638e-10	3.1998e-07	-3.1974e-07	1.0469e-09	-1.7648e-09	4.6623e-10	3.2006e-07	-3.1978e-07	1.1236e-09	-1.8381e-09	4.6621e-10	3.2016e-07	-3.1994e-07	1.2127e-09	-1.9167e-09	4.6405e-10	3.2022e-07	-3.1992e-07	1.3308e-09	-1.9956e-09	4.6462e-10	3.2018e-07	-3.1996e-07
-0.22	4.5219e-10	-1.2705e-09	4.5344e-10	3.204e-07	-3.1998e-07	5.197e-10	-1.3176e-09	4.4969e-10	3.2022e-07	-3.198e-07	6.1106e-10	-1.3633e-09	4.4581e-10	3.2024e-07	-3.1988e-07	6.8373e-10	-1.4192e-09	4.4423e-10	3.2006e-07	-3.1972e-07	7.5037e-10	-1.4775e-09	4.42e-10	3.2e-07	-3.198e-07	8.2835e-10	-1.5381e-09	4.4636e-10	3.2002e-07	-3.1976e-07	9.1928e-10	-1.6036e-09	4.4132e-10	3.1998e-07	-3.1972e-07	1.0013e-09	-1.6691e-09	4.4416e-10	3.2e-07	-3.1976e-07	1.0788e-09	-1.7446e-09	4.4202e-10	3.2024e-07	-3.1992e-07	1.1864e-09	-1.8161e-09	4.3897e-10	3.2012e-07	-3.1986e-07	1.278e-09	-1.8954e-09	4.4388e-10	3.2018e-07	-3.1998e-07
-0.215	4.1955e-10	-1.1868e-09	4.3077e-10	3.204e-07	-3.1998e-07	5.1176e-10	-1.234e-09	4.287e-10	3.2012e-07	-3.1974e-07	5.7273e-10	-1.2856e-09	4.2249e-10	3.2024e-07	-3.1994e-07	6.6098e-10	-1.3339e-09	4.2195e-10	3.2004e-07	-3.1974e-07	7.3302e-10	-1.3948e-09	4.1866e-10	3.2004e-07	-3.198e-07	8.0988e-10	-1.4526e-09	4.2098e-10	3.2004e-07	-3.198e-07	8.8116e-10	-1.5158e-09	4.1884e-10	3.2e-07	-3.1984e-07	9.7009e-10	-1.5777e-09	4.1892e-10	3.2002e-07	-3.1986e-07	1.0535e-09	-1.6479e-09	4.1751e-10	3.2014e-07	-3.199e-07	1.1518e-09	-1.7238e-09	4.1776e-10	3.201e-07	-3.1998e-07	1.2436e-09	-1.8e-09	4.1943e-10	3.2014e-07	-3.1998e-07
-0.21	4.0074e-10	-1.1154e-09	4.0845e-10	3.2044e-07	-3.2008e-07	4.8107e-10	-1.1591e-09	4.083e-10	3.2018e-07	-3.1988e-07	5.4479e-10	-1.2068e-09	4.0157e-10	3.2022e-07	-3.1992e-07	6.189e-10	-1.2594e-09	4.0178e-10	3.2014e-07	-3.1978e-07	6.9779e-10	-1.314e-09	4.0059e-10	3.2006e-07	-3.1984e-07	7.8267e-10	-1.37e-09	3.9987e-10	3.1994e-07	-3.1976e-07	8.6031e-10	-1.4303e-09	3.9774e-10	3.2004e-07	-3.198e-07	9.4814e-10	-1.4981e-09	3.9779e-10	3.201e-07	-3.1988e-07	1.0251e-09	-1.5645e-09	3.9672e-10	3.2016e-07	-3.2e-07	1.1039e-09	-1.6365e-09	3.9691e-10	3.2022e-07	-3.1994e-07	1.219e-09	-1.7103e-09	3.9743e-10	3.2014e-07	-3.2008e-07
-0.205	3.9122e-10	-1.0449e-09	3.868e-10	3.204e-07	-3.2008e-07	4.4514e-10	-1.0911e-09	3.8863e-10	3.202e-07	-3.1986e-07	5.3609e-10	-1.1365e-09	3.8027e-10	3.2014e-07	-3.199e-07	5.9091e-10	-1.1848e-09	3.7996e-10	3.2008e-07	-3.1982e-07	6.6393e-10	-1.2409e-09	3.7827e-10	3.2e-07	-3.198e-07	7.4248e-10	-1.2963e-09	3.7965e-10	3.2004e-07	-3.1986e-07	8.309e-10	-1.3556e-09	3.7875e-10	3.1996e-07	-3.198e-07	9.0142e-10	-1.4151e-09	3.7835e-10	3.2006e-07	-3.1992e-07	9.6876e-10	-1.4812e-09	3.7915e-10	3.202e-07	-3.2008e-07	1.0658e-09	-1.5524e-09	3.7587e-10	3.202e-07	-3.2002e-07	1.1757e-09	-1.6229e-09	3.7741e-10	3.2014e-07	-3.2004e-07
-0.2	3.7271e-10	-9.7805e-10	3.6772e-10	3.204e-07	-3.201e-07	4.2945e-10	-1.023e-09	3.6487e-10	3.2016e-07	-3.1992e-07	4.9952e-10	-1.0666e-09	3.6194e-10	3.201e-07	-3.1984e-07	5.7983e-10	-1.1166e-09	3.5937e-10	3.1998e-07	-3.1992e-07	6.4889e-10	-1.1674e-09	3.5686e-10	3.2002e-07	-3.1986e-07	7.1115e-10	-1.2232e-09	3.5786e-10	3.2012e-07	-3.1992e-07	7.8457e-10	-1.2819e-09	3.59e-10	3.2012e-07	-3.1998e-07	8.6662e-10	-1.3426e-09	3.5614e-10	3.2008e-07	-3.199e-07	9.4561e-10	-1.4081e-09	3.5693e-10	3.202e-07	-3.2004e-07	1.0421e-09	-1.4741e-09	3.5526e-10	3.2022e-07	-3.2008e-07	1.1254e-09	-1.5442e-09	3.5751e-10	3.2022e-07	-3.2008e-07
-0.195	3.3238e-10	-9.2564e-10	3.4895e-10	3.2038e-07	-3.2012e-07	4.1777e-10	-9.5799e-10	3.4386e-10	3.203e-07	-3.1996e-07	4.6821e-10	-1.0091e-09	3.4313e-10	3.2018e-07	-3.1994e-07	5.4583e-10	-1.0491e-09	3.4305e-10	3.2004e-07	-3.1986e-07	6.2979e-10	-1.1032e-09	3.3782e-10	3.2002e-07	-3.1988e-07	7.0174e-10	-1.1519e-09	3.354e-10	3.2006e-07	-3.1994e-07	7.6332e-10	-1.2135e-09	3.3693e-10	3.2016e-07	-3.2006e-07	8.4862e-10	-1.2677e-09	3.3545e-10	3.2004e-07	-3.1992e-07	9.2307e-10	-1.3305e-09	3.3691e-10	3.202e-07	-3.2004e-07	1.0057e-09	-1.3967e-09	3.3636e-10	3.2016e-07	-3.2008e-07	1.0974e-09	-1.4679e-09	3.3557e-10	3.2014e-07	-3.201e-07
-0.19	3.2971e-10	-8.5733e-10	3.2736e-10	3.2046e-07	-3.2016e-07	3.807e-10	-9.0648e-10	3.2594e-10	3.2024e-07	-3.1996e-07	4.5825e-10	-9.4265e-10	3.2159e-10	3.2016e-07	-3.2e-07	5.1575e-10	-9.9095e-10	3.1996e-10	3.2004e-07	-3.1988e-07	5.8715e-10	-1.0373e-09	3.1956e-10	3.2006e-07	-3.1996e-07	6.6886e-10	-1.0869e-09	3.1834e-10	3.2004e-07	-3.1996e-07	7.4558e-10	-1.142e-09	3.1697e-10	3.2012e-07	-3.2002e-07	8.2385e-10	-1.2015e-09	3.169e-10	3.2006e-07	-3.1996e-07	8.8536e-10	-1.2629e-09	3.1901e-10	3.2016e-07	-3.201e-07	9.5993e-10	-1.3294e-09	3.1655e-10	3.202e-07	-3.201e-07	1.0689e-09	-1.3939e-09	3.1603e-10	3.2024e-07	-3.202e-07
-0.185	3.0961e-10	-8.0751e-10	3.1303e-10	3.2038e-07	-3.2012e-07	3.6841e-10	-8.4059e-10	3.0447e-10	3.202e-07	-3.1996e-07	4.4053e-10	-8.8363e-10	3.0296e-10	3.201e-07	-3.1996e-07	5.0826e-10	-9.311e-10	3.0225e-10	3.2006e-07	-3.1984e-07	5.6703e-10	-9.7742e-10	3.0002e-10	3.2004e-07	-3.199e-07	6.3283e-10	-1.0271e-09	2.9776e-10	3.2004e-07	-3.1984e-07	7.1206e-10	-1.0816e-09	2.9888e-10	3.2012e-07	-3.1998e-07	7.8094e-10	-1.1349e-09	2.983e-10	3.201e-07	-3.1992e-07	8.4737e-10	-1.1958e-09	2.9789e-10	3.2012e-07	-3.2002e-07	9.3495e-10	-1.2622e-09	2.9572e-10	3.2022e-07	-3.2014e-07	1.027e-09	-1.3232e-09	2.9859e-10	3.2016e-07	-3.2016e-07
-0.18	2.7509e-10	-7.5497e-10	2.9499e-10	3.2044e-07	-3.2022e-07	3.5885e-10	-7.9471e-10	2.9111e-10	3.2022e-07	-3.2004e-07	4.0624e-10	-8.3258e-10	2.8566e-10	3.2008e-07	-3.2002e-07	4.8329e-10	-8.7569e-10	2.8593e-10	3.2004e-07	-3.199e-07	5.5711e-10	-9.212e-10	2.8217e-10	3.2012e-07	-3.1998e-07	6.1603e-10	-9.7274e-10	2.851e-10	3.2e-07	-3.1998e-07	6.8082e-10	-1.019e-09	2.7863e-10	3.201e-07	-3.2002e-07	7.5607e-10	-1.0761e-09	2.7806e-10	3.201e-07	-3.2002e-07	8.3052e-10	-1.1343e-09	2.789e-10	3.2008e-07	-3.2e-07	9.1149e-10	-1.1947e-09	2.7904e-10	3.2014e-07	-3.2012e-07	1.0022e-09	-1.2569e-09	2.7715e-10	3.2016e-07	-3.2008e-07
-0.175	2.5385e-10	-7.106e-10	2.787e-10	3.2044e-07	-3.2024e-07	3.2727e-10	-7.451e-10	2.7334e-10	3.2024e-07	-3.1998e-07	3.9802e-10	-7.8291e-10	2.6789e-10	3.2016e-07	-3.1994e-07	4.4975e-10	-8.2451e-10	2.6706e-10	3.201e-07	-3.199e-07	5.2084e-10	-8.6636e-10	2.6528e-10	3.2004e-07	-3.1994e-07	5.9443e-10	-9.1155e-10	2.6711e-10	3.2e-07	-3.1992e-07	6.7294e-10	-9.6542e-10	2.642e-10	3.2016e-07	-3.2008e-07	7.411e-10	-1.0163e-09	2.6148e-10	3.2006e-07	-3.1998e-07	8.0196e-10	-1.071e-09	2.62e-10	3.2012e-07	-3.2014e-07	8.751e-10	-1.1321e-09	2.6126e-10	3.201e-07	-3.201e-07	9.5743e-10	-1.1974e-09	2.6125e-10	3.202e-07	-3.2016e-07
-0.17	2.516e-10	-6.6318e-10	2.6283e-10	3.2038e-07	-3.2028e-07	3.0462e-10	-7.0228e-10	2.5921e-10	3.2016e-07	-3.1996e-07	3.8299e-10	-7.3442e-10	2.5297e-10	3.2022e-07	-3.2004e-07	4.441e-10	-7.7391e-10	2.4874e-10	3.2004e-07	-3.1998e-07	5.0077e-10	-8.1852e-10	2.464e-10	3.2008e-07	-3.2002e-07	5.5818e-10	-8.6546e-10	2.4955e-10	3.2004e-07	-3.1992e-07	6.3465e-10	-9.1155e-10	2.4854e-10	3.2016e-07	-3.2002e-07	7.0571e-10	-9.643e-10	2.4459e-10	3.2006e-07	-3.2008e-07	7.6466e-10	-1.0176e-09	2.4248e-10	3.2012e-07	-3.2004e-07	8.4229e-10	-1.074e-09	2.4262e-10	3.2012e-07	-3.2008e-07	9.3449e-10	-1.1368e-09	2.4264e-10	3.202e-07	-3.2024e-07
-0.165	2.2749e-10	-6.1893e-10	2.4973e-10	3.2038e-07	-3.2022e-07	2.9616e-10	-6.5204e-10	2.421e-10	3.2018e-07	-3.1998e-07	3.5067e-10	-6.9022e-10	2.3773e-10	3.2022e-07	-3.2004e-07	4.3155e-10	-7.2542e-10	2.3156e-10	3.2004e-07	-3.1996e-07	4.9193e-10	-7.6529e-10	2.2808e-10	3.2016e-07	-3.2014e-07	5.4797e-10	-8.1118e-10	2.2864e-10	3.2006e-07	-3.1998e-07	6.0008e-10	-8.6281e-10	2.3093e-10	3.201e-07	-3.2008e-07	6.7736e-10	-9.0688e-10	2.2615e-10	3.2006e-07	-3.2004e-07	7.4663e-10	-9.6093e-10	2.2578e-10	3.2012e-07	-3.2016e-07	8.3423e-10	-1.0173e-09	2.2389e-10	3.2018e-07	-3.202e-07	9.1341e-10	-1.076e-09	2.2459e-10	3.2018e-07	-3.2016e-07
-0.16	2.0746e-10	-5.7493e-10	2.3325e-10	3.204e-07	-3.2022e-07	2.7521e-10	-6.1397e-10	2.2902e-10	3.2022e-07	-3.1996e-07	3.3466e-10	-6.4766e-10	2.1983e-10	3.202e-07	-3.2006e-07	3.9905e-10	-6.8246e-10	2.1703e-10	3.2006e-07	-3.2002e-07	4.6341e-10	-7.2519e-10	2.1419e-10	3.2016e-07	-3.201e-07	5.3843e-10	-7.6443e-10	2.1174e-10	3.2004e-07	-3.2002e-07	5.8934e-10	-8.1092e-10	2.1244e-10	3.2006e-07	-3.2004e-07	6.6582e-10	-8.6143e-10	2.0965e-10	3.2006e-07	-3.2002e-07	7.2522e-10	-9.1183e-10	2.0937e-10	3.2014e-07	-3.201e-07	8.0875e-10	-9.6267e-10	2.0727e-10	3.2018e-07	-3.202e-07	8.7366e-10	-1.0237e-09	2.1031e-10	3.2016e-07	-3.2016e-07
-0.155	2.0215e-10	-5.4371e-10	2.186e-10	3.203e-07	-3.2026e-07	2.5111e-10	-5.702e-10	2.1168e-10	3.2016e-07	-3.2004e-07	3.3086e-10	-6.0566e-10	2.043e-10	3.2016e-07	-3.2014e-07	3.7884e-10	-6.4396e-10	2.0093e-10	3.2002e-07	-3.1994e-07	4.3683e-10	-6.7878e-10	1.9529e-10	3.2018e-07	-3.2008e-07	5.0655e-10	-7.1816e-10	1.9619e-10	3.2e-07	-3.2002e-07	5.6935e-10	-7.6587e-10	1.9832e-10	3.201e-07	-3.2008e-07	6.3604e-10	-8.123e-10	1.942e-10	3.2012e-07	-3.2e-07	6.891e-10	-8.6204e-10	1.9278e-10	3.2018e-07	-3.2012e-07	7.7422e-10	-9.1563e-10	1.8838e-10	3.2026e-07	-3.201e-07	8.4782e-10	-9.6988e-10	1.8583e-10	3.2018e-07	-3.202e-07
-0.15	1.8362e-10	-5.0002e-10	2.0394e-10	3.2032e-07	-3.2022e-07	2.516e-10	-5.3693e-10	1.9619e-10	3.2018e-07	-3.1998e-07	3.0969e-10	-5.6559e-10	1.903e-10	3.2012e-07	-3.2006e-07	3.7499e-10	-6.0066e-10	1.8434e-10	3.201e-07	-3.2002e-07	4.3249e-10	-6.3894e-10	1.7934e-10	3.2016e-07	-3.2008e-07	4.8617e-10	-6.8023e-10	1.7673e-10	3.2004e-07	-3.2004e-07	5.3674e-10	-7.23e-10	1.7991e-10	3.2006e-07	-3.201e-07	6.0887e-10	-7.6633e-10	1.7655e-10	3.2006e-07	-3.2004e-07	6.7484e-10	-8.1694e-10	1.7475e-10	3.2016e-07	-3.2016e-07	7.5975e-10	-8.6589e-10	1.7128e-10	3.2024e-07	-3.2026e-07	8.35e-10	-9.2139e-10	1.7128e-10	3.2022e-07	-3.2026e-07
-0.145	1.5883e-10	-4.7001e-10	1.9177e-10	3.2034e-07	-3.2024e-07	2.4129e-10	-4.9813e-10	1.8283e-10	3.2014e-07	-3.1998e-07	2.8674e-10	-5.3203e-10	1.7525e-10	3.2016e-07	-3.2004e-07	3.5408e-10	-5.6591e-10	1.7065e-10	3.2002e-07	-3.1996e-07	4.2191e-10	-5.9751e-10	1.6224e-10	3.2016e-07	-3.2014e-07	4.7502e-10	-6.3603e-10	1.5907e-10	3.2012e-07	-3.201e-07	5.2381e-10	-6.8287e-10	1.6241e-10	3.201e-07	-3.2008e-07	6.0174e-10	-7.2383e-10	1.5743e-10	3.201e-07	-3.201e-07	6.6165e-10	-7.6901e-10	1.5737e-10	3.2016e-07	-3.2022e-07	7.3941e-10	-8.2059e-10	1.5618e-10	3.2014e-07	-3.2016e-07	8.058e-10	-8.7191e-10	1.5294e-10	3.2018e-07	-3.2026e-07
-0.14	1.5685e-10	-4.3586e-10	1.7714e-10	3.2042e-07	-3.2026e-07	2.1378e-10	-4.6546e-10	1.695e-10	3.2018e-07	-3.201e-07	2.8833e-10	-4.9453e-10	1.5719e-10	3.2008e-07	-3.2004e-07	3.2923e-10	-5.2788e-10	1.541e-10	3.2012e-07	-3.2002e-07	3.9118e-10	-5.6194e-10	1.4787e-10	3.2012e-07	-3.2018e-07	4.5626e-10	-5.9922e-10	1.4278e-10	3.201e-07	-3.2002e-07	5.2428e-10	-6.3991e-10	1.4409e-10	3.2014e-07	-3.201e-07	5.8512e-10	-6.8171e-10	1.434e-10	3.2006e-07	-3.2008e-07	6.3093e-10	-7.2809e-10	1.4239e-10	3.201e-07	-3.2018e-07	7.058e-10	-7.7669e-10	1.3814e-10	3.2018e-07	-3.2018e-07	7.7941e-10	-8.2983e-10	1.3502e-10	3.2016e-07	-3.2018e-07
-0.135	1.5756e-10	-4.0395e-10	1.6669e-10	3.2036e-07	-3.2026e-07	2.0234e-10	-4.3501e-10	1.5428e-10	3.201e-07	-3.2004e-07	2.7525e-10	-4.6125e-10	1.4535e-10	3.2006e-07	-3.2002e-07	3.3388e-10	-4.9551e-10	1.3647e-10	3.201e-07	-3.2002e-07	3.8389e-10	-5.2833e-10	1.2909e-10	3.2024e-07	-3.2008e-07	4.289e-10	-5.6316e-10	1.2623e-10	3.201e-07	-3.2002e-07	4.9282e-10	-6.0063e-10	1.282e-10	3.2012e-07	-3.2006e-07	5.5811e-10	-6.4266e-10	1.2313e-10	3.2016e-07	-3.2004e-07	6.1144e-10	-6.8777e-10	1.2091e-10	3.2016e-07	-3.2014e-07	6.9086e-10	-7.3534e-10	1.2003e-10	3.202e-07	-3.2022e-07	7.7062e-10	-7.8178e-10	1.1636e-10	3.2016e-07	-3.2022e-07
-0.13	1.2977e-10	-3.7591e-10	1.562e-10	3.204e-07	-3.2024e-07	2.0371e-10	-4.0336e-10	1.4142e-10	3.2018e-07	-3.2004e-07	2.5197e-10	-4.3239e-10	1.2886e-10	3.2008e-07	-3.1998e-07	3.2553e-10	-4.5948e-10	1.2134e-10	3.2006e-07	-3.1998e-07	3.8166e-10	-4.9248e-10	1.1377e-10	3.201e-07	-3.201e-07	4.3193e-10	-5.2854e-10	1.0687e-10	3.1996e-07	-3.2002e-07	4.7585e-10	-5.6745e-10	1.0744e-10	3.201e-07	-3.2004e-07	5.4616e-10	-6.0772e-10	1.0369e-10	3.2008e-07	-3.2012e-07	6.074e-10	-6.4661e-10	1.0283e-10	3.2012e-07	-3.2014e-07	6.8535e-10	-6.9176e-10	9.928e-11	3.2024e-07	-3.2026e-07	7.4988e-10	-7.4333e-10	9.797e-11	3.2018e-07	-3.2026e-07
-0.125	1.0918e-10	-3.5232e-10	1.4605e-10	3.2034e-07	-3.2024e-07	1.8241e-10	-3.7484e-10	1.2998e-10	3.2012e-07	-3.2008e-07	2.4486e-10	-4.0263e-10	1.1143e-10	3.2012e-07	-3.2004e-07	3.0293e-10	-4.328e-10	1.0542e-10	3.201e-07	-3.1998e-07	3.6164e-10	-4.6246e-10	9.715e-11	3.2012e-07	-3.2012e-07	4.2343e-10	-4.9557e-10	9.029e-11	3.201e-07	-3.2004e-07	4.7701e-10	-5.3011e-10	8.797e-11	3.2012e-07	-3.2008e-07	5.4749e-10	-5.7143e-10	8.404e-11	3.2004e-07	-3.201e-07	5.9453e-10	-6.1223e-10	8.339e-11	3.2012e-07	-3.202e-07	6.597e-10	-6.5541e-10	8.297e-11	3.2028e-07	-3.2028e-07	7.201e-10	-7.0067e-10	8.014e-11	3.2012e-07	-3.2024e-07
-0.12	1.0555e-10	-3.2461e-10	1.3605e-10	3.2038e-07	-3.2022e-07	1.6489e-10	-3.5189e-10	1.1434e-10	3.202e-07	-3.2006e-07	2.4999e-10	-3.7216e-10	9.715e-11	3.2006e-07	-3.1998e-07	2.9134e-10	-4.0184e-10	8.716e-11	3.201e-07	-3.1996e-07	3.4581e-10	-4.3126e-10	7.851e-11	3.2012e-07	-3.2e-07	3.9936e-10	-4.6481e-10	7.275e-11	3.2e-07	-3.2004e-07	4.6871e-10	-4.9812e-10	7.087e-11	3.201e-07	-3.2018e-07	5.2656e-10	-5.3497e-10	6.681e-11	3.201e-07	-3.201e-07	5.716e-10	-5.7274e-10	6.491e-11	3.2012e-07	-3.202e-07	6.4662e-10	-6.208e-10	5.934e-11	3.2018e-07	-3.2026e-07	7.1605e-10	-6.6688e-10	5.746e-11	3.2016e-07	-3.2022e-07
-0.115	8.756e-11	-2.985e-10	1.2815e-10	3.2034e-07	-3.2022e-07	1.6516e-10	-3.2282e-10	9.951e-11	3.2012e-07	-3.2008e-07	2.2966e-10	-3.4875e-10	8.278e-11	3.2016e-07	-3.2e-07	3.0091e-10	-3.7454e-10	6.958e-11	3.2004e-07	-3.2e-07	3.5586e-10	-4.0388e-10	5.745e-11	3.2008e-07	-3.2008e-07	3.9523e-10	-4.3516e-10	4.997e-11	3.2004e-07	-3.2006e-07	4.4496e-10	-4.6437e-10	4.961e-11	3.2012e-07	-3.201e-07	5.1421e-10	-5.0286e-10	4.393e-11	3.2004e-07	-3.201e-07	5.7521e-10	-5.4076e-10	4.265e-11	3.2018e-07	-3.2016e-07	6.4288e-10	-5.8137e-10	3.957e-11	3.201e-07	-3.2022e-07	7.0999e-10	-6.268e-10	3.598e-11	3.2018e-07	-3.2026e-07
-0.11	7.096e-11	-2.8128e-10	1.1839e-10	3.204e-07	-3.203e-07	1.6576e-10	-2.9746e-10	8.664e-11	3.2018e-07	-3.2014e-07	2.1846e-10	-3.2357e-10	6.396e-11	3.2016e-07	-3.2006e-07	2.8594e-10	-3.4596e-10	5.103e-11	3.2008e-07	-3.2002e-07	3.5007e-10	-3.7294e-10	3.868e-11	3.2016e-07	-3.2018e-07	4.0597e-10	-4.049e-10	2.955e-11	3.2006e-07	-3.2002e-07	4.4997e-10	-4.404e-10	2.697e-11	3.201e-07	-3.201e-07	5.2128e-10	-4.7238e-10	2.019e-11	3.2004e-07	-3.2006e-07	5.7743e-10	-5.0882e-10	1.799e-11	3.2008e-07	-3.201e-07	6.3237e-10	-5.4849e-10	1.697e-11	3.2016e-07	-3.2016e-07	6.9299e-10	-5.9242e-10	1.402e-11	3.202e-07	-3.2026e-07
-0.105	7.795e-11	-2.5383e-10	1.0691e-10	3.2044e-07	-3.2032e-07	1.4855e-10	-2.7725e-10	7.227e-11	3.2016e-07	-3.2016e-07	2.3211e-10	-2.9688e-10	4.393e-11	3.2016e-07	-3.201e-07	2.7993e-10	-3.2505e-10	3.009e-11	3.2006e-07	-3.2008e-07	3.3797e-10	-3.4949e-10	1.686e-11	3.202e-07	-3.202e-07	4.0094e-10	-3.7805e-10	6.67e-12	3.1998e-07	-3.2004e-07	4.6051e-10	-4.0946e-10	2.22e-12	3.2002e-07	-3.2008e-07	5.1724e-10	-4.3926e-10	-2.72e-12	3.201e-07	-3.2008e-07	5.63e-10	-4.7856e-10	-5.59e-12	3.201e-07	-3.2016e-07	6.2012e-10	-5.1848e-10	-8.97e-12	3.201e-07	-3.202e-07	6.8475e-10	-5.6058e-10	-1.251e-11	3.2016e-07	-3.2028e-07
-0.1	7.542e-11	-2.3684e-10	1.0017e-10	3.205e-07	-3.204e-07	1.5293e-10	-2.5691e-10	5.612e-11	3.202e-07	-3.2004e-07	2.292e-10	-2.7702e-10	3.024e-11	3.2006e-07	-3.1998e-07	2.9694e-10	-2.9912e-10	5.27e-12	3.2012e-07	-3.2002e-07	3.5003e-10	-3.2561e-10	-9.6e-12	3.202e-07	-3.2014e-07	3.9228e-10	-3.5146e-10	-1.935e-11	3.1998e-07	-3.2006e-07	4.4787e-10	-3.8221e-10	-2.195e-11	3.2006e-07	-3.201e-07	5.0477e-10	-4.1622e-10	-3.091e-11	3.2008e-07	-3.2014e-07	5.6544e-10	-4.4557e-10	-3.642e-11	3.2002e-07	-3.2008e-07	6.3045e-10	-4.8781e-10	-3.823e-11	3.201e-07	-3.2018e-07	6.9626e-10	-5.2662e-10	-4.065e-11	3.2016e-07	-3.2022e-07
-0.095	4.824e-11	-2.1688e-10	9.201e-11	3.2046e-07	-3.2034e-07	1.5509e-10	-2.317e-10	4.07e-11	3.2018e-07	-3.2014e-07	2.1695e-10	-2.5774e-10	8.36e-12	3.2016e-07	-3.2016e-07	2.9789e-10	-2.7526e-10	-1.611e-11	3.2006e-07	-3.2004e-07	3.635e-10	-3.0064e-10	-3.426e-11	3.2018e-07	-3.2016e-07	4.1006e-10	-3.2729e-10	-4.748e-11	3.2002e-07	-3.2008e-07	4.5301e-10	-3.5878e-10	-5.52e-11	3.2008e-07	-3.2006e-07	5.1839e-10	-3.8691e-10	-6.158e-11	3.201e-07	-3.201e-07	5.813e-10	-4.2126e-10	-6.636e-11	3.2012e-07	-3.2014e-07	6.4066e-10	-4.5589e-10	-6.823e-11	3.2016e-07	-3.2018e-07	6.9244e-10	-4.9547e-10	-7.065e-11	3.2016e-07	-3.2026e-07
-0.09	3.83e-11	-1.9909e-10	8.384e-11	3.2038e-07	-3.2028e-07	1.4523e-10	-2.1671e-10	2.617e-11	3.202e-07	-3.2004e-07	2.2789e-10	-2.3842e-10	-1.442e-11	3.2004e-07	-3.2008e-07	2.9266e-10	-2.5533e-10	-4.424e-11	3.2e-07	-3.2e-07	3.5783e-10	-2.791e-10	-6.393e-11	3.2016e-07	-3.2014e-07	4.1812e-10	-3.0471e-10	-7.746e-11	3.2004e-07	-3.2004e-07	4.755e-10	-3.3094e-10	-8.956e-11	3.2006e-07	-3.201e-07	5.3907e-10	-3.627e-10	-9.557e-11	3.201e-07	-3.201e-07	5.8009e-10	-3.9375e-10	-1.005e-10	3.2008e-07	-3.202e-07	6.3404e-10	-4.308e-10	-1.0123e-10	3.2012e-07	-3.2028e-07	6.8941e-10	-4.6657e-10	-1.066e-10	3.2014e-07	-3.202e-07
-0.085	3.928e-11	-1.7948e-10	7.769e-11	3.2046e-07	-3.2036e-07	1.3563e-10	-1.9924e-10	9.34e-12	3.2012e-07	-3.2014e-07	2.4656e-10	-2.1575e-10	-4.111e-11	3.2012e-07	-3.2004e-07	3.0763e-10	-2.3555e-10	-7.393e-11	3.2006e-07	-3.2004e-07	3.7094e-10	-2.5906e-10	-9.848e-11	3.2016e-07	-3.2014e-07	4.1928e-10	-2.8436e-10	-1.1116e-10	3.2004e-07	-3.201e-07	4.8852e-10	-3.0888e-10	-1.247e-10	3.201e-07	-3.2002e-07	5.4041e-10	-3.3515e-10	-1.3163e-10	3.201e-07	-3.2008e-07	5.8289e-10	-3.7075e-10	-1.3638e-10	3.2006e-07	-3.2016e-07	6.5271e-10	-4.0252e-10	-1.4412e-10	3.2016e-07	-3.202e-07	7.1481e-10	-4.3917e-10	-1.47e-10	3.2012e-07	-3.2018e-07
-0.08	2.294e-11	-1.6326e-10	7.449e-11	3.2044e-07	-3.2034e-07	1.5724e-10	-1.8039e-10	-1.085e-11	3.2018e-07	-3.201e-07	2.4284e-10	-1.9732e-10	-6.676e-11	3.2012e-07	-3.2004e-07	3.375e-10	-2.1585e-10	-1.0855e-10	3.2006e-07	-3.2e-07	4.0628e-10	-2.3797e-10	-1.3607e-10	3.2004e-07	-3.2004e-07	4.4295e-10	-2.6236e-10	-1.5287e-10	3.2e-07	-3.2004e-07	4.9712e-10	-2.8377e-10	-1.6598e-10	3.2012e-07	-3.201e-07	5.6383e-10	-3.1678e-10	-1.7717e-10	3.2012e-07	-3.201e-07	6.159e-10	-3.4763e-10	-1.8201e-10	3.2018e-07	-3.2022e-07	6.777e-10	-3.7592e-10	-1.874e-10	3.2014e-07	-3.2022e-07	7.3725e-10	-4.0826e-10	-1.8992e-10	3.2018e-07	-3.2018e-07
-0.075	7.67e-12	-1.4716e-10	6.639e-11	3.204e-07	-3.2034e-07	1.62e-10	-1.6438e-10	-2.946e-11	3.2012e-07	-3.201e-07	2.5901e-10	-1.8074e-10	-1.008e-10	3.201e-07	-3.2004e-07	3.4371e-10	-1.986e-10	-1.4272e-10	3.2e-07	-3.2002e-07	4.2564e-10	-2.189e-10	-1.7562e-10	3.2004e-07	-3.2004e-07	4.8542e-10	-2.4339e-10	-1.9881e-10	3.2006e-07	-3.2002e-07	5.3777e-10	-2.688e-10	-2.139e-10	3.2004e-07	-3.2016e-07	6.0312e-10	-2.9102e-10	-2.2778e-10	3.2006e-07	-3.2016e-07	6.4283e-10	-3.2253e-10	-2.3122e-10	3.2012e-07	-3.2014e-07	6.9728e-10	-3.5312e-10	-2.3695e-10	3.2016e-07	-3.2026e-07	7.5281e-10	-3.8791e-10	-2.4022e-10	3.2008e-07	-3.2026e-07
-0.07	1.311e-11	-1.3621e-10	6.382e-11	3.2038e-07	-3.2032e-07	1.557e-10	-1.5171e-10	-5.099e-11	3.2014e-07	-3.2004e-07	2.9363e-10	-1.6312e-10	-1.3506e-10	3.2012e-07	-3.2008e-07	3.696e-10	-1.8438e-10	-1.8828e-10	3.2006e-07	-3.2e-07	4.4105e-10	-2.0283e-10	-2.2471e-10	3.2008e-07	-3.2008e-07	5.1088e-10	-2.2176e-10	-2.4938e-10	3.2004e-07	-3.201e-07	5.7983e-10	-2.4279e-10	-2.7018e-10	3.2006e-07	-3.2006e-07	6.3459e-10	-2.6815e-10	-2.8252e-10	3.2006e-07	-3.2008e-07	6.7054e-10	-2.9799e-10	-2.9021e-10	3.2014e-07	-3.201e-07	7.3634e-10	-3.3032e-10	-2.9902e-10	3.201e-07	-3.2022e-07	7.8956e-10	-3.6331e-10	-3.0197e-10	3.201e-07	-3.2026e-07
-0.065	8.44e-12	-1.2027e-10	6.135e-11	3.2042e-07	-3.2034e-07	1.7175e-10	-1.3412e-10	-7.718e-11	3.201e-07	-3.2008e-07	3.1149e-10	-1.4939e-10	-1.706e-10	3.2004e-07	-3.2002e-07	4.1698e-10	-1.6517e-10	-2.3794e-10	3.2004e-07	-3.2002e-07	4.9542e-10	-1.8474e-10	-2.8136e-10	3.201e-07	-3.2008e-07	5.4661e-10	-2.059e-10	-3.0894e-10	3.2006e-07	-3.2008e-07	6.038e-10	-2.2865e-10	-3.2902e-10	3.2012e-07	-3.201e-07	6.6913e-10	-2.5166e-10	-3.4893e-10	3.2006e-07	-3.2016e-07	7.2176e-10	-2.7913e-10	-3.5983e-10	3.2012e-07	-3.2014e-07	7.9391e-10	-3.0538e-10	-3.6528e-10	3.2018e-07	-3.2028e-07	8.4622e-10	-3.366e-10	-3.7056e-10	3.2016e-07	-3.2026e-07
-0.06	-1.956e-11	-1.1325e-10	5.875e-11	3.204e-07	-3.2028e-07	1.9891e-10	-1.2479e-10	-1.0481e-10	3.2016e-07	-3.2008e-07	3.3141e-10	-1.3486e-10	-2.1761e-10	3.2006e-07	-3.2006e-07	4.5857e-10	-1.5136e-10	-2.9201e-10	3.1998e-07	-3.1994e-07	5.4747e-10	-1.6883e-10	-3.4439e-10	3.2008e-07	-3.2004e-07	6.209e-10	-1.8834e-10	-3.8195e-10	3.2014e-07	-3.202e-07	6.7112e-10	-2.0955e-10	-4.0607e-10	3.2e-07	-3.2008e-07	7.3812e-10	-2.3368e-10	-4.2563e-10	3.2004e-07	-3.202e-07	7.9496e-10	-2.573e-10	-4.3642e-10	3.2012e-07	-3.2016e-07	8.4933e-10	-2.8644e-10	-4.4446e-10	3.2014e-07	-3.2026e-07	8.9732e-10	-3.1499e-10	-4.504e-10	3.2016e-07	-3.2022e-07
-0.055	-2.504e-11	-9.802e-11	5.304e-11	3.2038e-07	-3.2036e-07	2.0576e-10	-1.1134e-10	-1.3611e-10	3.201e-07	-3.2008e-07	3.781e-10	-1.2519e-10	-2.6882e-10	3.2014e-07	-3.2008e-07	4.9413e-10	-1.3706e-10	-3.5857e-10	3.2012e-07	-3.2006e-07	5.9646e-10	-1.5757e-10	-4.1882e-10	3.2012e-07	-3.201e-07	6.8406e-10	-1.725e-10	-4.5855e-10	3.2012e-07	-3.2012e-07	7.4585e-10	-1.9239e-10	-4.8792e-10	3.1998e-07	-3.2004e-07	8.1507e-10	-2.1572e-10	-5.1157e-10	3.2026e-07	-3.2026e-07	8.6368e-10	-2.38e-10	-5.2349e-10	3.2014e-07	-3.2022e-07	9.0932e-10	-2.6597e-10	-5.3563e-10	3.202e-07	-3.2028e-07	9.6208e-10	-2.9309e-10	-5.4408e-10	3.2024e-07	-3.2022e-07
-0.05	-2.267e-11	-8.579e-11	5.335e-11	3.2044e-07	-3.2036e-07	2.288e-10	-9.665e-11	-1.7455e-10	3.2016e-07	-3.202e-07	4.3292e-10	-1.0732e-10	-3.2987e-10	3.202e-07	-3.201e-07	5.674e-10	-1.2371e-10	-4.3633e-10	3.2018e-07	-3.2006e-07	6.7053e-10	-1.384e-10	-5.0747e-10	3.2002e-07	-3.2006e-07	7.4978e-10	-1.5677e-10	-5.5397e-10	3.2012e-07	-3.2012e-07	8.1658e-10	-1.7768e-10	-5.8864e-10	3.2006e-07	-3.2008e-07	8.8906e-10	-1.9993e-10	-6.1671e-10	3.2008e-07	-3.202e-07	9.4506e-10	-2.2158e-10	-6.3149e-10	3.2012e-07	-3.2026e-07	1.01074e-09	-2.4447e-10	-6.4698e-10	3.202e-07	-3.2034e-07	1.06851e-09	-2.7324e-10	-6.536e-10	3.2018e-07	-3.2028e-07
-0.045	-3.618e-11	-7.145e-11	5.193e-11	3.2046e-07	-3.2026e-07	2.7842e-10	-8.643e-11	-2.1639e-10	3.2016e-07	-3.2012e-07	4.7298e-10	-9.775e-11	-3.9738e-10	3.202e-07	-3.2008e-07	6.5277e-10	-1.0935e-10	-5.2184e-10	3.2008e-07	-3.2008e-07	7.7662e-10	-1.2479e-10	-6.1108e-10	3.2006e-07	-3.2014e-07	8.5316e-10	-1.4446e-10	-6.6473e-10	3.2012e-07	-3.2014e-07	9.2713e-10	-1.5953e-10	-7.0536e-10	3.2006e-07	-3.2008e-07	9.9708e-10	-1.8009e-10	-7.3816e-10	3.2016e-07	-3.2022e-07	1.06265e-09	-2.0412e-10	-7.5483e-10	3.2016e-07	-3.2016e-07	1.11709e-09	-2.2772e-10	-7.6835e-10	3.202e-07	-3.2032e-07	1.1706e-09	-2.5346e-10	-7.7875e-10	3.201e-07	-3.202e-07
-0.04	-5.128e-11	-6.525e-11	5.147e-11	3.2044e-07	-3.2034e-07	3.15e-10	-7.328e-11	-2.6371e-10	3.2016e-07	-3.201e-07	5.5028e-10	-8.71e-11	-4.8006e-10	3.2014e-07	-3.201e-07	7.2852e-10	-1.0034e-10	-6.2317e-10	3.2016e-07	-3.2012e-07	8.7379e-10	-1.1175e-10	-7.2805e-10	3.2006e-07	-3.2006e-07	9.8242e-10	-1.2847e-10	-7.9452e-10	3.2012e-07	-3.2016e-07	1.06442e-09	-1.462e-10	-8.4151e-10	3.2002e-07	-3.2008e-07	1.13582e-09	-1.6561e-10	-8.7971e-10	3.201e-07	-3.2024e-07	1.1923e-09	-1.9004e-10	-8.9997e-10	3.2018e-07	-3.2026e-07	1.2545e-09	-2.1029e-10	-9.1549e-10	3.2016e-07	-3.2026e-07	1.3059e-09	-2.338e-10	-9.2835e-10	3.2012e-07	-3.2022e-07
-0.035	-4.659e-11	-5.457e-11	5.158e-11	3.2048e-07	-3.2032e-07	3.4553e-10	-6.62e-11	-3.1897e-10	3.2016e-07	-3.2014e-07	6.4584e-10	-7.583e-11	-5.7218e-10	3.2016e-07	-3.201e-07	8.398e-10	-8.798e-11	-7.4646e-10	3.2006e-07	-3.2006e-07	9.9095e-10	-1.0293e-10	-8.6697e-10	3.2004e-07	-3.2002e-07	1.10464e-09	-1.1935e-10	-9.4066e-10	3.2012e-07	-3.2014e-07	1.2103e-09	-1.3128e-10	-1.00143e-09	3.2006e-07	-3.2008e-07	1.2841e-09	-1.5077e-10	-1.04268e-09	3.2022e-07	-3.2026e-07	1.3505e-09	-1.7057e-10	-1.06838e-09	3.2016e-07	-3.2026e-07	1.3981e-09	-1.9502e-10	-1.08759e-09	3.202e-07	-3.2032e-07	1.4503e-09	-2.1882e-10	-1.10103e-09	3.2016e-07	-3.202e-07
-0.03	-6.007e-11	-4.499e-11	5.746e-11	3.2038e-07	-3.204e-07	4.0831e-10	-5.778e-11	-3.8657e-10	3.2014e-07	-3.2014e-07	7.3937e-10	-6.568e-11	-6.8279e-10	3.2006e-07	-3.2002e-07	9.8565e-10	-7.668e-11	-8.9004e-10	3.2012e-07	-3.201e-07	1.1485e-09	-9.108e-11	-1.02939e-09	3.2004e-07	-3.2002e-07	1.274e-09	-1.03e-10	-1.12354e-09	3.2006e-07	-3.2008e-07	1.3711e-09	-1.2034e-10	-1.1911e-09	3.2004e-07	-3.2004e-07	1.4621e-09	-1.3919e-10	-1.2413e-09	3.2012e-07	-3.2022e-07	1.5216e-09	-1.5612e-10	-1.2714e-09	3.2018e-07	-3.2024e-07	1.5872e-09	-1.7856e-10	-1.2953e-09	3.202e-07	-3.2028e-07	1.6437e-09	-2.0227e-10	-1.3044e-09	3.2012e-07	-3.2024e-07
-0.025	-8.4e-11	-4.135e-11	5.746e-11	3.2042e-07	-3.2036e-07	4.8197e-10	-4.758e-11	-4.5789e-10	3.2012e-07	-3.201e-07	8.5287e-10	-5.78e-11	-8.1476e-10	3.2008e-07	-3.201e-07	1.13709e-09	-6.7e-11	-1.05451e-09	3.2014e-07	-3.2012e-07	1.338e-09	-7.886e-11	-1.2213e-09	3.2006e-07	-3.2008e-07	1.4665e-09	-9.198e-11	-1.3318e-09	3.2008e-07	-3.2012e-07	1.5785e-09	-1.0969e-10	-1.41e-09	3.2e-07	-3.2008e-07	1.6818e-09	-1.2258e-10	-1.4702e-09	3.2014e-07	-3.2022e-07	1.7433e-09	-1.416e-10	-1.5064e-09	3.2016e-07	-3.2026e-07	1.8109e-09	-1.632e-10	-1.5342e-09	3.2024e-07	-3.2028e-07	1.8694e-09	-1.878e-10	-1.549e-09	3.2012e-07	-3.2018e-07
-0.02	-9.018e-11	-3.269e-11	6.204e-11	3.2038e-07	-3.2026e-07	5.4919e-10	-3.793e-11	-5.4974e-10	3.2012e-07	-3.2004e-07	1.01121e-09	-4.934e-11	-9.6829e-10	3.2004e-07	-3.1998e-07	1.3172e-09	-5.57e-11	-1.2516e-09	3.2012e-07	-3.201e-07	1.5599e-09	-7.042e-11	-1.4483e-09	3.2006e-07	-3.2006e-07	1.7004e-09	-8.372e-11	-1.5819e-09	3.2004e-07	-3.2014e-07	1.8347e-09	-9.592e-11	-1.675e-09	3.2006e-07	-3.2008e-07	1.9305e-09	-1.1189e-10	-1.7426e-09	3.2012e-07	-3.2026e-07	2.0125e-09	-1.3228e-10	-1.7841e-09	3.2016e-07	-3.2022e-07	2.094e-09	-1.5032e-10	-1.8189e-09	3.2012e-07	-3.2022e-07	2.1538e-09	-1.6879e-10	-1.8388e-09	3.2004e-07	-3.2016e-07
-0.015	-9.357e-11	-2.298e-11	6.771e-11	3.2044e-07	-3.2032e-07	6.4344e-10	-3.312e-11	-6.5341e-10	3.2012e-07	-3.2008e-07	1.1889e-09	-3.879e-11	-1.1455e-09	3.2e-07	-3.1998e-07	1.5412e-09	-4.979e-11	-1.4803e-09	3.1998e-07	-3.2002e-07	1.8068e-09	-5.884e-11	-1.7108e-09	3.2012e-07	-3.201e-07	1.9945e-09	-7.341e-11	-1.8706e-09	3.2004e-07	-3.2004e-07	2.1421e-09	-8.843e-11	-1.9775e-09	3.2004e-07	-3.201e-07	2.2411e-09	-1.0169e-10	-2.0588e-09	3.2014e-07	-3.2022e-07	2.3374e-09	-1.1695e-10	-2.1072e-09	3.2014e-07	-3.2022e-07	2.4058e-09	-1.3437e-10	-2.149e-09	3.2016e-07	-3.2028e-07	2.4699e-09	-1.551e-10	-2.1731e-09	3.2016e-07	-3.2018e-07
-0.01	-1.1666e-10	-1.492e-11	7.814e-11	3.2034e-07	-3.2024e-07	7.8026e-10	-2.47e-11	-7.7834e-10	3.2004e-07	-3.2e-07	1.3929e-09	-3.106e-11	-1.3608e-09	3.2004e-07	-3.2002e-07	1.8002e-09	-4.348e-11	-1.7559e-09	3.1998e-07	-3.1996e-07	2.1045e-09	-5.451e-11	-2.0273e-09	3.2004e-07	-3.201e-07	2.3335e-09	-6.189e-11	-2.2136e-09	3.2004e-07	-3.2002e-07	2.4902e-09	-7.035e-11	-2.3429e-09	3.2004e-07	-3.2002e-07	2.6236e-09	-8.816e-11	-2.44e-09	3.2016e-07	-3.2018e-07	2.7089e-09	-1.0442e-10	-2.4973e-09	3.2018e-07	-3.2018e-07	2.7773e-09	-1.2273e-10	-2.545e-09	3.2018e-07	-3.2018e-07	2.8482e-09	-1.42e-10	-2.5706e-09	3.2004e-07	-3.2014e-07
-0.005	-1.4048e-10	-1.179e-11	8.659e-11	3.2036e-07	-3.2022e-07	9.062e-10	-1.21e-11	-9.1849e-10	3.2016e-07	-3.2004e-07	1.6257e-09	-2.192e-11	-1.6073e-09	3.2008e-07	-3.2e-07	2.1271e-09	-3.288e-11	-2.0787e-09	3.2008e-07	-3.2008e-07	2.4736e-09	-4.152e-11	-2.3962e-09	3.201e-07	-3.2008e-07	2.7151e-09	-5.39e-11	-2.6113e-09	3.2002e-07	-3.2008e-07	2.8955e-09	-7.004e-11	-2.77e-09	3.2002e-07	-3.2012e-07	3.0457e-09	-7.738e-11	-2.8759e-09	3.2014e-07	-3.2022e-07	3.1353e-09	-9.44e-11	-2.9483e-09	3.2012e-07	-3.2018e-07	3.2304e-09	-1.0733e-10	-3.0055e-09	3.2022e-07	-3.2026e-07	3.3045e-09	-1.296e-10	-3.0365e-09	3.2e-07	-3.2012e-07
0	-1.4361e-10	-1.58e-12	9.759e-11	3.2034e-07	-3.2024e-07	1.06377e-09	-9.54e-12	-1.0906e-09	3.201e-07	-3.2006e-07	1.8998e-09	-1.888e-11	-1.8997e-09	3.201e-07	-3.2008e-07	2.5001e-09	-2.388e-11	-2.4602e-09	3.2008e-07	-3.2008e-07	2.9161e-09	-3.544e-11	-2.8381e-09	3.2006e-07	-3.201e-07	3.1803e-09	-4.583e-11	-3.0977e-09	3.2e-07	-3.2002e-07	3.4067e-09	-5.333e-11	-3.281e-09	3.2002e-07	-3.2008e-07	3.558e-09	-6.499e-11	-3.4092e-09	3.2012e-07	-3.2028e-07	3.669e-09	-8.501e-11	-3.4882e-09	3.2016e-07	-3.202e-07	3.782e-09	-9.871e-11	-3.553e-09	3.2024e-07	-3.2032e-07	3.8627e-09	-1.129e-10	-3.5969e-09	3.2006e-07	-3.2012e-07
0.005	-1.6181e-10	5.84e-12	1.1411e-10	3.2038e-07	-3.2032e-07	1.2604e-09	-2.81e-12	-1.2908e-09	3.2016e-07	-3.201e-07	2.2502e-09	-1.049e-11	-2.2494e-09	3.2016e-07	-3.2008e-07	2.9222e-09	-1.787e-11	-2.9012e-09	3.2006e-07	-3.2002e-07	3.4096e-09	-2.61e-11	-3.3534e-09	3.201e-07	-3.201e-07	3.75e-09	-3.332e-11	-3.653e-09	3.2e-07	-3.2e-07	3.9984e-09	-4.421e-11	-3.8743e-09	3.2004e-07	-3.2008e-07	4.1706e-09	-6.169e-11	-4.0281e-09	3.201e-07	-3.2016e-07	4.3034e-09	-7.134e-11	-4.1177e-09	3.2018e-07	-3.202e-07	4.4081e-09	-8.661e-11	-4.1958e-09	3.2016e-07	-3.203e-07	4.494e-09	-1.0552e-10	-4.2474e-09	3.2012e-07	-3.2028e-07
0.01	-2.0061e-10	9.29e-12	1.3195e-10	3.2028e-07	-3.2024e-07	1.4861e-09	4.84e-12	-1.5271e-09	3.201e-07	-3.2008e-07	2.6642e-09	-3.35e-12	-2.6626e-09	3.2014e-07	-3.2006e-07	3.4553e-09	-1.264e-11	-3.4432e-09	3.2012e-07	-3.2008e-07	4.0142e-09	-2.165e-11	-3.9681e-09	3.2014e-07	-3.2016e-07	4.4139e-09	-2.348e-11	-4.3276e-09	3.2004e-07	-3.2002e-07	4.6924e-09	-3.739e-11	-4.5781e-09	3.2e-07	-3.2014e-07	4.9041e-09	-4.705e-11	-4.7611e-09	3.2018e-07	-3.2014e-07	5.0437e-09	-6.282e-11	-4.8755e-09	3.2016e-07	-3.2014e-07	5.1615e-09	-7.582e-11	-4.9656e-09	3.2018e-07	-3.2032e-07	5.2515e-09	-9.274e-11	-5.0259e-09	3.2014e-07	-3.2026e-07
0.015	-2.2538e-10	1.455e-11	1.504e-10	3.2044e-07	-3.2032e-07	1.7667e-09	1.138e-11	-1.8004e-09	3.2016e-07	-3.2008e-07	3.1339e-09	3.89e-12	-3.142e-09	3.2014e-07	-3.2014e-07	4.084e-09	-9.5e-13	-4.0569e-09	3.2004e-07	-3.2004e-07	4.7304e-09	-1.079e-11	-4.6848e-09	3.201e-07	-3.2012e-07	5.177e-09	-1.628e-11	-5.1103e-09	3.199e-07	-3.2006e-07	5.498e-09	-3.13e-11	-5.4119e-09	3.1998e-07	-3.2008e-07	5.7391e-09	-3.92e-11	-5.6146e-09	3.2018e-07	-3.2026e-07	5.9107e-09	-5.481e-11	-5.7576e-09	3.201e-07	-3.2012e-07	6.06e-09	-5.46e-11	-5.8638e-09	3.2022e-07	-3.2024e-07	6.1565e-09	-7.978e-11	-5.9344e-09	3.201e-07	-3.2022e-07
0.02	-2.427e-10	2.383e-11	1.7857e-10	3.2044e-07	-3.2032e-07	2.089e-09	1.94e-11	-2.1306e-09	3.2012e-07	-3.2008e-07	3.701e-09	8.06e-12	-3.7238e-09	3.2008e-07	-3.2004e-07	4.8083e-09	1.49e-12	-4.8068e-09	3.2006e-07	-3.2008e-07	5.5917e-09	-3.6e-12	-5.5381e-09	3.2018e-07	-3.2014e-07	6.1002e-09	-1.315e-11	-6.0447e-09	3.2006e-07	-3.201e-07	6.4944e-09	-2.1e-11	-6.4059e-09	3.2004e-07	-3.2006e-07	6.7616e-09	-2.898e-11	-6.6469e-09	3.2016e-07	-3.2026e-07	6.9716e-09	-4.325e-11	-6.8162e-09	3.201e-07	-3.202e-07	7.1279e-09	-4.979e-11	-6.9372e-09	3.202e-07	-3.2022e-07	7.2458e-09	-6.957e-11	-7.0205e-09	3.2004e-07	-3.2022e-07
0.025	-2.9557e-10	2.87e-11	2.135e-10	3.2042e-07	-3.2036e-07	2.4654e-09	1.791e-11	-2.5178e-09	3.201e-07	-3.201e-07	4.3804e-09	1.574e-11	-4.3877e-09	3.201e-07	-3.2002e-07	5.6654e-09	7.11e-12	-5.6726e-09	3.201e-07	-3.2004e-07	6.5655e-09	2.88e-12	-6.5466e-09	3.201e-07	-3.201e-07	7.2053e-09	-2.8e-12	-7.1344e-09	3.2e-07	-3.1998e-07	7.6528e-09	-1.448e-11	-7.5585e-09	3.2002e-07	-3.2006e-07	7.9654e-09	-2.721e-11	-7.8429e-09	3.2022e-07	-3.202e-07	8.1975e-09	-3.286e-11	-8.0461e-09	3.2016e-07	-3.2024e-07	8.3505e-09	-5.363e-11	-8.1842e-09	3.2012e-07	-3.2026e-07	8.4962e-09	-5.763e-11	-8.2943e-09	3.2016e-07	-3.2016e-07
0.03	-3.4939e-10	3.23e-11	2.5464e-10	3.2044e-07	-3.2036e-07	2.9212e-09	2.715e-11	-2.9745e-09	3.2012e-07	-3.2012e-07	5.1803e-09	2.06e-11	-5.1988e-09	3.2012e-07	-3.2008e-07	6.7146e-09	1.643e-11	-6.7153e-09	3.201e-07	-3.201e-07	7.7524e-09	7.76e-12	-7.7388e-09	3.201e-07	-3.2014e-07	8.4957e-09	-1.6e-13	-8.4432e-09	3.2002e-07	-3.2004e-07	9.0239e-09	-8.23e-12	-8.9478e-09	3.2004e-07	-3.2006e-07	9.3899e-09	-1.608e-11	-9.2856e-09	3.2012e-07	-3.2012e-07	9.6552e-09	-2.813e-11	-9.5172e-09	3.201e-07	-3.202e-07	9.8677e-09	-3.019e-11	-9.6948e-09	3.2022e-07	-3.2026e-07	1.00016e-08	-5.038e-11	-9.8195e-09	3.2018e-07	-3.2022e-07
0.035	-3.8839e-10	3.769e-11	3.004e-10	3.2044e-07	-3.2034e-07	3.4596e-09	3.072e-11	-3.5154e-09	3.2016e-07	-3.201e-07	6.1077e-09	2.58e-11	-6.1343e-09	3.201e-07	-3.2008e-07	7.9223e-09	2.118e-11	-7.9261e-09	3.2008e-07	-3.201e-07	9.164e-09	1.297e-11	-9.1427e-09	3.2012e-07	-3.2014e-07	9.9984e-09	7.39e-12	-9.969e-09	3.2e-07	-3.2004e-07	1.06241e-08	-2.37e-12	-1.0556e-08	3.2006e-07	-3.2014e-07	1.10607e-08	-8.5e-12	-1.09595e-08	3.2016e-07	-3.2026e-07	1.13511e-08	-1.711e-11	-1.12344e-08	3.2018e-07	-3.2028e-07	1.16366e-08	-3.003e-11	-1.14505e-08	3.2e-07	-3.201e-07	1.1824e-08	-4.006e-11	-1.16146e-08	3.2012e-07	-3.2032e-07
0.04	-4.5902e-10	4.383e-11	3.6079e-10	3.2034e-07	-3.2032e-07	4.0914e-09	4.019e-11	-4.1592e-09	3.2016e-07	-3.2004e-07	7.2266e-09	3.195e-11	-7.2595e-09	3.2012e-07	-3.2008e-07	9.3557e-09	2.93e-11	-9.3764e-09	3.2004e-07	-3.2004e-07	1.08346e-08	1.917e-11	-1.08193e-08	3.2018e-07	-3.2006e-07	1.1894e-08	1.364e-11	-1.18308e-08	3.201e-07	-3.201e-07	1.26288e-08	8.23e-12	-1.25254e-08	3.201e-07	-3.2018e-07	1.31264e-08	-3.14e-12	-1.3012e-08	3.2012e-07	-3.2026e-07	1.34942e-08	-1.185e-11	-1.3339e-08	3.2024e-07	-3.2026e-07	1.3746e-08	-1.963e-11	-1.35894e-08	3.2012e-07	-3.2022e-07	1.39336e-08	-3.359e-11	-1.37574e-08	3.2012e-07	-3.2022e-07
0.045	-5.3701e-10	4.738e-11	4.2421e-10	3.2028e-07	-3.2028e-07	4.8285e-09	4.044e-11	-4.9037e-09	3.201e-07	-3.2004e-07	8.5442e-09	3.75e-11	-8.5849e-09	3.2022e-07	-3.2014e-07	1.1037e-08	3.221e-11	-1.10709e-08	3.2014e-07	-3.2006e-07	1.28328e-08	2.435e-11	-1.28114e-08	3.2016e-07	-3.2008e-07	1.40156e-08	1.774e-11	-1.39604e-08	3.2004e-07	-3.2e-07	1.4875e-08	1.505e-11	-1.47884e-08	3.2006e-07	-3.2014e-07	1.54652e-08	3.84e-12	-1.53566e-08	3.2018e-07	-3.2026e-07	1.58756e-08	-5.3e-12	-1.57442e-08	3.2016e-07	-3.2022e-07	1.6203e-08	-1.4e-11	-1.60368e-08	3.2008e-07	-3.2016e-07	1.6424e-08	-2.309e-11	-1.62402e-08	3.2018e-07	-3.203e-07
0.05	-6.0429e-10	5.694e-11	4.9921e-10	3.2036e-07	-3.2028e-07	5.738e-09	5.041e-11	-5.8045e-09	3.2014e-07	-3.2002e-07	1.01173e-08	4.535e-11	-1.01643e-08	3.2016e-07	-3.201e-07	1.31408e-08	3.575e-11	-1.31418e-08	3.2014e-07	-3.2014e-07	1.51972e-08	3.321e-11	-1.51606e-08	3.2004e-07	-3.2e-07	1.65754e-08	2.535e-11	-1.65246e-08	3.2006e-07	-3.2006e-07	1.7582e-08	1.447e-11	-1.74986e-08	3.2008e-07	-3.2008e-07	1.82716e-08	1.234e-11	-1.81806e-08	3.202e-07	-3.2028e-07	1.87796e-08	4.09e-12	-1.86366e-08	3.2012e-07	-3.2028e-07	1.91338e-08	4.8e-13	-1.89974e-08	3.2016e-07	-3.2016e-07	1.94106e-08	-1.604e-11	-1.92104e-08	3.2014e-07	-3.2022e-07
0.055	-6.9723e-10	6.317e-11	5.9119e-10	3.203e-07	-3.2028e-07	6.787e-09	5.673e-11	-6.8538e-09	3.2012e-07	-3.2002e-07	1.19716e-08	5.069e-11	-1.20338e-08	3.201e-07	-3.201e-07	1.54902e-08	4.545e-11	-1.55104e-08	3.2012e-07	-3.2016e-07	1.79156e-08	3.679e-11	-1.79006e-08	3.2e-07	-3.2006e-07	1.9563e-08	2.915e-11	-1.95194e-08	3.2008e-07	-3.2012e-07	2.07326e-08	2.427e-11	-2.06498e-08	3.2008e-07	-3.2014e-07	2.15656e-08	1.689e-11	-2.14696e-08	3.202e-07	-3.2032e-07	2.21386e-08	6.77e-12	-2.20224e-08	3.202e-07	-3.2026e-07	2.2544e-08	2.88e-12	-2.24118e-08	3.2008e-07	-3.2022e-07	2.28632e-08	-5.42e-12	-2.2704e-08	3.202e-07	-3.2034e-07
0.06	-8.2822e-10	6.742e-11	7.0689e-10	3.2036e-07	-3.2026e-07	8.0129e-09	6.035e-11	-8.0906e-09	3.2012e-07	-3.2008e-07	1.41768e-08	5.397e-11	-1.42048e-08	3.2018e-07	-3.2014e-07	1.82888e-08	4.411e-11	-1.83078e-08	3.2e-07	-3.2002e-07	2.11584e-08	4.344e-11	-2.1133e-08	3.201e-07	-3.2012e-07	2.30752e-08	3.811e-11	-2.30334e-08	3.2e-07	-3.2004e-07	2.44764e-08	2.875e-11	-2.43948e-08	3.201e-07	-3.201e-07	2.54304e-08	2.777e-11	-2.53574e-08	3.2018e-07	-3.2024e-07	2.61002e-08	1.663e-11	-2.59928e-08	3.2014e-07	-3.2022e-07	2.66034e-08	1.092e-11	-2.64494e-08	3.2012e-07	-3.202e-07	2.69788e-08	-8.7e-13	-2.68066e-08	3.202e-07	-3.2032e-07
0.065	-9.662e-10	6.978e-11	8.3692e-10	3.2034e-07	-3.2028e-07	9.4664e-09	6.547e-11	-9.5697e-09	3.2012e-07	-3.2006e-07	1.67866e-08	6.229e-11	-1.68196e-08	3.2008e-07	-3.201e-07	2.16478e-08	5.427e-11	-2.1643e-08	3.2008e-07	-3.2004e-07	2.50366e-08	4.981e-11	-2.50236e-08	3.2008e-07	-3.2006e-07	2.73234e-08	4.033e-11	-2.72914e-08	3.2008e-07	-3.201e-07	2.89622e-08	3.755e-11	-2.88866e-08	3.2008e-07	-3.2008e-07	3.00596e-08	2.899e-11	-3.00166e-08	3.2022e-07	-3.202e-07	3.09106e-08	2.22e-11	-3.07872e-08	3.2016e-07	-3.203e-07	3.14652e-08	1.66e-11	-3.13318e-08	3.201e-07	-3.2018e-07	3.19194e-08	5.85e-12	-3.17372e-08	3.2014e-07	-3.202e-07
0.07	-1.12529e-09	7.834e-11	9.9777e-10	3.2034e-07	-3.2032e-07	1.12295e-08	7.287e-11	-1.13115e-08	3.2006e-07	-3.201e-07	1.9799e-08	6.563e-11	-1.98162e-08	3.2018e-07	-3.2014e-07	2.5574e-08	5.533e-11	-2.55798e-08	3.2014e-07	-3.2002e-07	2.95746e-08	5.422e-11	-2.9573e-08	3.2006e-07	-3.2004e-07	3.22454e-08	4.938e-11	-3.22268e-08	3.2006e-07	-3.2006e-07	3.41826e-08	3.916e-11	-3.41432e-08	3.1998e-07	-3.2002e-07	3.55064e-08	3.895e-11	-3.54234e-08	3.2014e-07	-3.202e-07	3.645e-08	3.233e-11	-3.63628e-08	3.2018e-07	-3.2022e-07	3.71332e-08	2.508e-11	-3.70234e-08	3.2006e-07	-3.202e-07	3.76362e-08	1.15e-11	-3.74922e-08	3.2016e-07	-3.2024e-07
0.075	-1.324e-09	8.309e-11	1.1915e-09	3.203e-07	-3.2022e-07	1.3385e-08	8.078e-11	-1.34556e-08	3.2024e-07	-3.2012e-07	2.3461e-08	7.259e-11	-2.35122e-08	3.201e-07	-3.2008e-07	3.03166e-08	6.745e-11	-3.0331e-08	3.2006e-07	-3.2004e-07	3.50186e-08	6.188e-11	-3.5007e-08	3.2012e-07	-3.2002e-07	3.82026e-08	5.347e-11	-3.81618e-08	3.2006e-07	-3.2008e-07	4.0484e-08	4.651e-11	-4.04348e-08	3.1998e-07	-3.2002e-07	4.2026e-08	3.912e-11	-4.19384e-08	3.2018e-07	-3.2024e-07	4.3171e-08	3.523e-11	-4.3055e-08	3.2018e-07	-3.2026e-07	4.39412e-08	2.835e-11	-4.38718e-08	3.2006e-07	-3.2026e-07	4.45832e-08	1.974e-11	-4.43924e-08	3.2006e-07	-3.2018e-07
0.08	-1.5276e-09	8.518e-11	1.3969e-09	3.2032e-07	-3.2026e-07	1.58064e-08	8.065e-11	-1.58784e-08	3.2016e-07	-3.2008e-07	2.76572e-08	7.536e-11	-2.77826e-08	3.2008e-07	-3.2012e-07	3.57288e-08	6.679e-11	-3.57934e-08	3.2004e-07	-3.2008e-07	4.13312e-08	6.48e-11	-4.13282e-08	3.2012e-07	-3.2004e-07	4.51088e-08	6.097e-11	-4.5091e-08	3.1998e-07	-3.2e-07	4.7825e-08	5.271e-11	-4.77342e-08	3.2008e-07	-3.201e-07	4.96126e-08	5.24e-11	-4.9568e-08	3.201e-07	-3.202e-07	5.0985e-08	4.028e-11	-5.08768e-08	3.201e-07	-3.2026e-07	5.1936e-08	3.564e-11	-5.18014e-08	3.2008e-07	-3.202e-07	5.26254e-08	2.674e-11	-5.24538e-08	3.201e-07	-3.202e-07
0.085	-1.8302e-09	9.779e-11	1.6947e-09	3.203e-07	-3.2028e-07	1.87146e-08	8.697e-11	-1.88246e-08	3.2018e-07	-3.201e-07	3.2818e-08	8.526e-11	-3.28502e-08	3.2008e-07	-3.2002e-07	4.2361e-08	7.8e-11	-4.23822e-08	3.201e-07	-3.2008e-07	4.89356e-08	7.433e-11	-4.89482e-08	3.201e-07	-3.201e-07	5.33982e-08	6.711e-11	-5.34334e-08	3.1994e-07	-3.2004e-07	5.66302e-08	6.069e-11	-5.65408e-08	3.2008e-07	-3.201e-07	5.88018e-08	5.224e-11	-5.87114e-08	3.2016e-07	-3.202e-07	6.0371e-08	4.633e-11	-6.02334e-08	3.2016e-07	-3.2016e-07	6.1461e-08	3.858e-11	-6.1388e-08	3.2014e-07	-3.2026e-07	6.22468e-08	3.545e-11	-6.21468e-08	3.2012e-07	-3.2024e-07
0.09	-2.1474e-09	9.937e-11	1.9933e-09	3.2028e-07	-3.202e-07	2.21456e-08	9.791e-11	-2.22434e-08	3.2016e-07	-3.2004e-07	3.87356e-08	8.867e-11	-3.8796e-08	3.2012e-07	-3.201e-07	4.99926e-08	8.21e-11	-5.0035e-08	3.2006e-07	-3.2002e-07	5.7824e-08	7.508e-11	-5.7826e-08	3.2014e-07	-3.201e-07	6.31372e-08	7.011e-11	-6.30814e-08	3.2008e-07	-3.2008e-07	6.68492e-08	6.452e-11	-6.68252e-08	3.2e-07	-3.2012e-07	6.94026e-08	5.771e-11	-6.93146e-08	3.2012e-07	-3.202e-07	7.12914e-08	5.219e-11	-7.12006e-08	3.2012e-07	-3.2022e-07	7.25728e-08	4.839e-11	-7.24972e-08	3.2006e-07	-3.2022e-07	7.3537e-08	3.864e-11	-7.33996e-08	3.2018e-07	-3.202e-07
0.095	-2.5078e-09	1.0974e-10	2.3214e-09	3.203e-07	-3.2026e-07	2.62278e-08	1.0233e-10	-2.63072e-08	3.2008e-07	-3.201e-07	4.59056e-08	9.38e-11	-4.60024e-08	3.2012e-07	-3.2008e-07	5.92208e-08	9.03e-11	-5.92444e-08	3.2e-07	-3.2004e-07	6.8442e-08	8.529e-11	-6.85092e-08	3.2004e-07	-3.2002e-07	7.47234e-08	7.826e-11	-7.47622e-08	3.1998e-07	-3.2004e-07	7.91518e-08	6.827e-11	-7.90602e-08	3.2008e-07	-3.2014e-07	8.22608e-08	6.274e-11	-8.22002e-08	3.2014e-07	-3.202e-07	8.44394e-08	6.06e-11	-8.43028e-08	3.2028e-07	-3.203e-07	8.60532e-08	5.152e-11	-8.59056e-08	3.2008e-07	-3.2022e-07	8.70914e-08	4.571e-11	-8.6947e-08	3.2012e-07	-3.2022e-07
0.1	-2.9568e-09	1.1443e-10	2.7917e-09	3.2038e-07	-3.2026e-07	3.09822e-08	1.1156e-10	-3.1083e-08	3.2012e-07	-3.2006e-07	5.4233e-08	1.029e-10	-5.4175e-08	3.201e-07	-3.2012e-07	6.99752e-08	9.566e-11	-7.00778e-08	3.2016e-07	-3.2014e-07	8.09382e-08	8.957e-11	-8.09424e-08	3.2004e-07	-3.2002e-07	8.83254e-08	8.146e-11	-8.8387e-08	3.1996e-07	-3.1998e-07	9.35134e-08	7.912e-11	-9.3449e-08	3.2006e-07	-3.2008e-07	9.71244e-08	7.25e-11	-9.7096e-08	3.2012e-07	-3.2014e-07	9.97214e-08	6.131e-11	-9.96512e-08	3.2022e-07	-3.2032e-07	1.015868e-07	5.878e-11	-1.015214e-07	3.2018e-07	-3.2032e-07	1.028684e-07	5.064e-11	-1.027122e-07	3.2012e-07	-3.2022e-07
0.105	-3.4463e-09	1.2578e-10	3.3029e-09	3.2044e-07	-3.2026e-07	3.6727e-08	1.1083e-10	-3.6756e-08	3.2016e-07	-3.2008e-07	6.41698e-08	1.0572e-10	-6.423e-08	3.2016e-07	-3.2004e-07	8.29354e-08	1.0158e-10	-8.28434e-08	3.2006e-07	-3.2e-07	9.58214e-08	9.693e-11	-9.58482e-08	3.2006e-07	-3.2006e-07	1.046706e-07	9.022e-11	-1.046604e-07	3.1998e-07	-3.2008e-07	1.107872e-07	8.027e-11	-1.107602e-07	3.2004e-07	-3.2016e-07	1.1506e-07	7.852e-11	-1.149992e-07	3.2026e-07	-3.203e-07	1.1814e-07	7.198e-11	-1.1812e-07	3.2022e-07	-3.2022e-07	1.2034e-07	6.508e-11	-1.2022e-07	3.2022e-07	-3.2026e-07	1.2182e-07	6.038e-11	-1.2166e-07	3.2012e-07	-3.2028e-07
0.11	-4.0666e-09	1.3245e-10	3.9004e-09	3.2044e-07	-3.2032e-07	4.32764e-08	1.2706e-10	-4.34856e-08	3.201e-07	-3.2004e-07	7.57772e-08	1.1869e-10	-7.59192e-08	3.2016e-07	-3.2008e-07	9.79354e-08	1.0932e-10	-9.79774e-08	3.201e-07	-3.201e-07	1.132022e-07	1.0266e-10	-1.132916e-07	3.2004e-07	-3.2008e-07	1.2352e-07	9.495e-11	-1.2352e-07	3.2e-07	-3.2008e-07	1.3092e-07	9.499e-11	-1.3082e-07	3.2008e-07	-3.2016e-07	1.359e-07	8.268e-11	-1.3576e-07	3.2012e-07	-3.2022e-07	1.3972e-07	7.774e-11	-1.395e-07	3.2022e-07	-3.2028e-07	1.4224e-07	7.258e-11	-1.4234e-07	3.2012e-07	-3.2028e-07	1.4404e-07	6.555e-11	-1.438e-07	3.2016e-07	-3.2026e-07
0.115	-4.8255e-09	1.4031e-10	4.6007e-09	3.2034e-07	-3.2032e-07	5.12964e-08	1.2917e-10	-5.14086e-08	3.2018e-07	-3.201e-07	8.98286e-08	1.2001e-10	-8.98324e-08	3.201e-07	-3.2012e-07	1.1606e-07	1.1594e-10	-1.1608e-07	3.2004e-07	-3.2006e-07	1.3412e-07	1.069e-10	-1.3416e-07	3.2004e-07	-3.2008e-07	1.4664e-07	1.0163e-10	-1.4656e-07	3.2002e-07	-3.2004e-07	1.5524e-07	9.483e-11	-1.5518e-07	3.2008e-07	-3.2008e-07	1.611e-07	9.159e-11	-1.6104e-07	3.2016e-07	-3.2028e-07	1.6534e-07	8.528e-11	-1.653e-07	3.202e-07	-3.2024e-07	1.6856e-07	8.038e-11	-1.684e-07	3.2016e-07	-3.2026e-07	1.7054e-07	7.207e-11	-1.7044e-07	3.2016e-07	-3.2022e-07
0.12	-5.6819e-09	1.5522e-10	5.4691e-09	3.204e-07	-3.2036e-07	6.0773e-08	1.4134e-10	-6.08458e-08	3.2014e-07	-3.2012e-07	1.06047e-07	1.3121e-10	-1.060876e-07	3.2012e-07	-3.2002e-07	1.3716e-07	1.2332e-10	-1.3722e-07	3.2002e-07	-3.2004e-07	1.5874e-07	1.1594e-10	-1.5868e-07	3.2006e-07	-3.2004e-07	1.7324e-07	1.0947e-10	-1.7288e-07	3.2e-07	-3.2004e-07	1.8332e-07	1.0582e-10	-1.8322e-07	3.2004e-07	-3.202e-07	1.904e-07	9.529e-11	-1.9036e-07	3.2024e-07	-3.2024e-07	1.954e-07	9.08e-11	-1.9544e-07	3.2016e-07	-3.2032e-07	1.9912e-07	8.977e-11	-1.9894e-07	3.2022e-07	-3.2032e-07	2.0138e-07	8.018e-11	-2.0126e-07	3.2018e-07	-3.2026e-07
0.125	-6.6702e-09	1.5331e-10	6.4413e-09	3.2044e-07	-3.2038e-07	7.18604e-08	1.4535e-10	-7.19284e-08	3.2012e-07	-3.2004e-07	1.255e-07	1.3705e-10	-1.2578e-07	3.2012e-07	-3.2008e-07	1.6248e-07	1.3295e-10	-1.6262e-07	3.2006e-07	-3.2004e-07	1.8788e-07	1.2479e-10	-1.8782e-07	3.2008e-07	-3.2006e-07	2.0526e-07	1.1791e-10	-2.0494e-07	3.2008e-07	-3.2006e-07	2.1706e-07	1.1094e-10	-2.1718e-07	3.201e-07	-3.201e-07	2.2554e-07	1.0461e-10	-2.253e-07	3.2018e-07	-3.2022e-07	2.3124e-07	9.957e-11	-2.3142e-07	3.2016e-07	-3.2026e-07	2.358e-07	9.301e-11	-2.3576e-07	3.2012e-07	-3.2026e-07	2.3904e-07	8.99e-11	-2.3866e-07	3.2012e-07	-3.2018e-07
0.13	-7.6232e-09	1.7077e-10	7.4247e-09	3.2032e-07	-3.2028e-07	8.48566e-08	1.6072e-10	-8.50872e-08	3.201e-07	-3.2014e-07	1.4834e-07	1.4661e-10	-1.485e-07	3.2014e-07	-3.2016e-07	1.9216e-07	1.4127e-10	-1.9204e-07	3.2004e-07	-3.1998e-07	2.2148e-07	1.3164e-10	-2.221e-07	3.2006e-07	-3.2004e-07	2.4262e-07	1.232e-10	-2.4226e-07	3.2006e-07	-3.2004e-07	2.569e-07	1.1599e-10	-2.5656e-07	3.2006e-07	-3.201e-07	2.6648e-07	1.1165e-10	-2.6646e-07	3.2016e-07	-3.202e-07	2.733e-07	1.0452e-10	-2.7354e-07	3.2024e-07	-3.2028e-07	2.7866e-07	9.953e-11	-2.7868e-07	3.2012e-07	-3.2024e-07	2.822e-07	9.212e-11	-2.8172e-07	3.201e-07	-3.202e-07
0.135	-9.222e-09	1.7523e-10	8.9923e-09	3.2038e-07	-3.2026e-07	1.006482e-07	1.6681e-10	-1.006754e-07	3.2022e-07	-3.2016e-07	1.7586e-07	1.5343e-10	-1.7572e-07	3.2004e-07	-3.201e-07	2.2716e-07	1.4582e-10	-2.2754e-07	3.2004e-07	-3.2004e-07	2.6306e-07	1.4193e-10	-2.6284e-07	3.2004e-07	-3.2004e-07	2.8762e-07	1.3309e-10	-2.8724e-07	3.2e-07	-3.2008e-07	3.0392e-07	1.2787e-10	-3.0382e-07	3.2014e-07	-3.2012e-07	3.157e-07	1.191e-10	-3.1576e-07	3.201e-07	-3.2014e-07	3.24e-07	1.1269e-10	-3.2404e-07	3.2024e-07	-3.2022e-07	3.3056e-07	1.0645e-10	-3.3058e-07	3.2018e-07	-3.2026e-07	3.3396e-07	1.0634e-10	-3.341e-07	3.201e-07	-3.2022e-07
0.14	-1.07072e-08	1.8989e-10	1.05346e-08	3.2038e-07	-3.2036e-07	1.187e-07	1.7517e-10	-1.1884e-07	3.2016e-07	-3.2016e-07	2.075e-07	1.6829e-10	-2.077e-07	3.201e-07	-3.2006e-07	2.6894e-07	1.5715e-10	-2.6836e-07	3.2006e-07	-3.2002e-07	3.1062e-07	1.4842e-10	-3.108e-07	3.2004e-07	-3.201e-07	3.3968e-07	1.3978e-10	-3.3928e-07	3.2e-07	-3.2004e-07	3.5898e-07	1.3191e-10	-3.5892e-07	3.2012e-07	-3.2014e-07	3.7316e-07	1.259e-10	-3.7314e-07	3.201e-07	-3.2016e-07	3.8326e-07	1.214e-10	-3.8268e-07	3.2022e-07	-3.2028e-07	3.9072e-07	1.1449e-10	-3.9046e-07	3.2016e-07	-3.2012e-07	3.952e-07	1.0666e-10	-3.9478e-07	3.2012e-07	-3.2026e-07
0.145	-1.28778e-08	1.9399e-10	1.25282e-08	3.2038e-07	-3.2024e-07	1.4048e-07	1.8529e-10	-1.4086e-07	3.2018e-07	-3.2018e-07	2.461e-07	1.7479e-10	-2.4622e-07	3.201e-07	-3.201e-07	3.1862e-07	1.6447e-10	-3.1796e-07	3.2014e-07	-3.2008e-07	3.6794e-07	1.552e-10	-3.6778e-07	3.2008e-07	-3.201e-07	4.0234e-07	1.481e-10	-4.0252e-07	3.1998e-07	-3.2002e-07	4.2518e-07	1.4225e-10	-4.2518e-07	3.2008e-07	-3.201e-07	4.4194e-07	1.346e-10	-4.4206e-07	3.2012e-07	-3.2018e-07	4.5364e-07	1.2517e-10	-4.5366e-07	3.2018e-07	-3.2032e-07	4.6276e-07	1.2075e-10	-4.6176e-07	3.201e-07	-3.2016e-07	4.682e-07	1.1894e-10	-4.6826e-07	3.2016e-07	-3.2026e-07
0.15	-1.50286e-08	2.0885e-10	1.4728e-08	3.2032e-07	-3.2024e-07	1.6616e-07	1.9824e-10	-1.662e-07	3.2024e-07	-3.2018e-07	2.9106e-07	1.8719e-10	-2.9096e-07	3.2012e-07	-3.2004e-07	3.7664e-07	1.7235e-10	-3.7618e-07	3.2006e-07	-3.2002e-07	4.354e-07	1.6534e-10	-4.3508e-07	3.2e-07	-3.2002e-07	4.7524e-07	1.5833e-10	-4.7562e-07	3.2004e-07	-3.201e-07	5.0254e-07	1.5185e-10	-5.029e-07	3.201e-07	-3.2018e-07	5.2212e-07	1.4477e-10	-5.219e-07	3.2016e-07	-3.202e-07	5.3692e-07	1.3811e-10	-5.365e-07	3.2014e-07	-3.2022e-07	5.4728e-07	1.3391e-10	-5.469e-07	3.2012e-07	-3.2018e-07	5.5366e-07	1.2385e-10	-5.5278e-07	3.2018e-07	-3.2026e-07
0.155	-1.78632e-08	2.2334e-10	1.7492e-08	3.2034e-07	-3.2028e-07	1.9596e-07	2.0577e-10	-1.9596e-07	3.2018e-07	-3.201e-07	3.439e-07	1.9201e-10	-3.4386e-07	3.202e-07	-3.201e-07	4.4468e-07	1.8774e-10	-4.4434e-07	3.2004e-07	-3.2e-07	5.1444e-07	1.7567e-10	-5.145e-07	3.2e-07	-3.2e-07	5.6118e-07	1.6655e-10	-5.6208e-07	3.2006e-07	-3.2008e-07	5.9406e-07	1.5979e-10	-5.9398e-07	3.2006e-07	-3.201e-07	6.1714e-07	1.5088e-10	-6.1694e-07	3.2016e-07	-3.2016e-07	6.3402e-07	1.4238e-10	-6.3392e-07	3.2016e-07	-3.2024e-07	6.464e-07	1.3837e-10	-6.462e-07	3.2008e-07	-3.2016e-07	6.5406e-07	1.3163e-10	-6.543e-07	3.2014e-07	-3.2024e-07
0.16	-2.10732e-08	2.3733e-10	2.07128e-08	3.2034e-07	-3.2022e-07	2.327e-07	2.1925e-10	-2.3266e-07	3.201e-07	-3.201e-07	4.0712e-07	2.1094e-10	-4.068e-07	3.2012e-07	-3.2002e-07	5.2674e-07	1.9646e-10	-5.2724e-07	3.2006e-07	-3.2004e-07	6.0942e-07	1.8769e-10	-6.0864e-07	3.2004e-07	-3.201e-07	6.6436e-07	1.787e-10	-6.6486e-07	3.2e-07	-3.2006e-07	7.0412e-07	1.6681e-10	-7.0374e-07	3.1998e-07	-3.1998e-07	7.306e-07	1.6444e-10	-7.3066e-07	3.201e-07	-3.202e-07	7.5094e-07	1.5758e-10	-7.5098e-07	3.2016e-07	-3.2032e-07	7.6482e-07	1.4997e-10	-7.6508e-07	3.2008e-07	-3.2018e-07	7.747e-07	1.4349e-10	-7.744e-07	3.201e-07	-3.2022e-07
0.165	-2.47914e-08	2.4708e-10	2.5129e-08	3.2034e-07	-3.203e-07	2.7466e-07	2.3219e-10	-2.749e-07	3.2016e-07	-3.201e-07	4.8054e-07	2.1791e-10	-4.8064e-07	3.2016e-07	-3.2008e-07	6.2182e-07	2.087e-10	-6.2262e-07	3.2e-07	-3.2002e-07	7.1954e-07	1.9796e-10	-7.201e-07	3.2016e-07	-3.2008e-07	7.851e-07	1.8786e-10	-7.8544e-07	3.2004e-07	-3.2008e-07	8.3106e-07	1.8304e-10	-8.3108e-07	3.2e-07	-3.2008e-07	8.634e-07	1.6733e-10	-8.6312e-07	3.201e-07	-3.202e-07	8.8726e-07	1.6585e-10	-8.8722e-07	3.2018e-07	-3.2022e-07	9.03e-07	1.5669e-10	-9.0444e-07	3.2016e-07	-3.2016e-07	9.1404e-07	1.5106e-10	-9.1524e-07	3.2006e-07	-3.2022e-07
0.17	-2.94478e-08	2.582e-10	2.93152e-08	3.2034e-07	-3.2028e-07	3.2502e-07	2.4583e-10	-3.2448e-07	3.2024e-07	-3.2008e-07	5.6934e-07	2.326e-10	-5.6914e-07	3.2016e-07	-3.2014e-07	7.359e-07	2.2116e-10	-7.3738e-07	3.2004e-07	-3.2006e-07	8.5154e-07	2.0773e-10	-8.5268e-07	3.2006e-07	-3.2006e-07	9.3076e-07	1.9964e-10	-9.3106e-07	3.1994e-07	-3.201e-07	9.8468e-07	1.876e-10	-9.8522e-07	3.2002e-07	-3.2002e-07	1.0231e-06	1.828e-10	-1.02354e-06	3.2016e-07	-3.2026e-07	1.05148e-06	1.7363e-10	-1.05132e-06	3.2012e-07	-3.202e-07	1.06996e-06	1.6512e-10	-1.07108e-06	3.201e-07	-3.202e-07	1.0844e-06	1.6275e-10	-1.08414e-06	3.2012e-07	-3.202e-07
0.175	-3.47066e-08	2.7585e-10	3.44656e-08	3.2034e-07	-3.2028e-07	3.8338e-07	2.5988e-10	-3.8416e-07	3.2012e-07	-3.2008e-07	6.7092e-07	2.4576e-10	-6.7208e-07	3.2016e-07	-3.2014e-07	8.707e-07	2.2828e-10	-8.7002e-07	3.2e-07	-3.1998e-07	1.00676e-06	2.2044e-10	-1.00652e-06	3.2004e-07	-3.2004e-07	1.09994e-06	2.0685e-10	-1.09772e-06	3.2e-07	-3.2004e-07	1.167e-06	1.9958e-10	-1.1631e-06	3.2004e-07	-3.2006e-07	1.2126e-06	1.9134e-10	-1.2074e-06	3.2012e-07	-3.2018e-07	1.2439e-06	1.8624e-10	-1.2412e-06	3.2014e-07	-3.2024e-07	1.2678e-06	1.7968e-10	-1.2645e-06	3.2008e-07	-3.2022e-07	1.2855e-06	1.7073e-10	-1.2797e-06	3.2016e-07	-3.2034e-07
0.18	-4.13438e-08	2.9409e-10	4.07132e-08	3.2034e-07	-3.203e-07	4.5356e-07	2.7554e-10	-4.5498e-07	3.2008e-07	-3.2004e-07	7.9528e-07	2.57e-10	-7.9548e-07	3.2018e-07	-3.2012e-07	1.03112e-06	2.4527e-10	-1.02914e-06	3.2008e-07	-3.2004e-07	1.1953e-06	2.3489e-10	-1.1929e-06	3.201e-07	-3.2008e-07	1.3053e-06	2.224e-10	-1.3002e-06	3.2e-07	-3.2002e-07	1.3804e-06	2.1189e-10	-1.3783e-06	3.2004e-07	-3.2008e-07	1.4332e-06	2.0525e-10	-1.4299e-06	3.2012e-07	-3.2018e-07	1.4737e-06	1.9455e-10	-1.47e-06	3.2012e-07	-3.2018e-07	1.4994e-06	1.8577e-10	-1.4972e-06	3.2004e-07	-3.2014e-07	1.5197e-06	1.8081e-10	-1.5173e-06	3.2022e-07	-3.2034e-07
0.185	-4.86516e-08	3.1296e-10	4.83582e-08	3.203e-07	-3.203e-07	5.364e-07	2.8424e-10	-5.371e-07	3.201e-07	-3.2002e-07	9.4002e-07	2.767e-10	-9.3972e-07	3.2014e-07	-3.2012e-07	1.2192e-06	2.5893e-10	-1.2165e-06	3.2e-07	-3.2002e-07	1.4102e-06	2.4805e-10	-1.4075e-06	3.2018e-07	-3.2008e-07	1.5382e-06	2.3279e-10	-1.5372e-06	3.1998e-07	-3.2002e-07	1.6292e-06	2.28e-10	-1.6287e-06	3.2e-07	-3.201e-07	1.6932e-06	2.1414e-10	-1.6906e-06	3.2012e-07	-3.202e-07	1.7392e-06	2.0877e-10	-1.7373e-06	3.2014e-07	-3.2016e-07	1.7696e-06	1.9992e-10	-1.768e-06	3.201e-07	-3.2018e-07	1.795e-06	1.9077e-10	-1.7915e-06	3.202e-07	-3.2032e-07
0.19	-5.75848e-08	3.2348e-10	5.7424e-08	3.204e-07	-3.2034e-07	6.339e-07	3.0395e-10	-6.336e-07	3.2008e-07	-3.201e-07	1.11264e-06	2.8718e-10	-1.11324e-06	3.2016e-07	-3.2014e-07	1.4424e-06	2.7556e-10	-1.4386e-06	3.1998e-07	-3.2006e-07	1.6689e-06	2.61e-10	-1.6659e-06	3.2e-07	-3.2004e-07	1.8213e-06	2.4897e-10	-1.8174e-06	3.2e-07	-3.2002e-07	1.9289e-06	2.359e-10	-1.9282e-06	3.201e-07	-3.2016e-07	2.0045e-06	2.298e-10	-2.002e-06	3.2016e-07	-3.2022e-07	2.0593e-06	2.1402e-10	-2.0563e-06	3.2012e-07	-3.2018e-07	2.0979e-06	2.0989e-10	-2.0939e-06	3.2012e-07	-3.2014e-07	2.125e-06	2.0399e-10	-2.1217e-06	3.202e-07	-3.2038e-07
0.195	-6.88306e-08	3.3776e-10	6.7873e-08	3.2034e-07	-3.202e-07	7.4842e-07	3.2367e-10	-7.4848e-07	3.2012e-07	-3.2012e-07	1.3163e-06	3.0399e-10	-1.3107e-06	3.2002e-07	-3.2006e-07	1.6999e-06	2.8748e-10	-1.6974e-06	3.2008e-07	-3.2004e-07	1.9694e-06	2.7647e-10	-1.9673e-06	3.2004e-07	-3.2008e-07	2.1524e-06	2.5925e-10	-2.1505e-06	3.2e-07	-3.2012e-07	2.2785e-06	2.4805e-10	-2.2761e-06	3.2008e-07	-3.2008e-07	2.3674e-06	2.4152e-10	-2.3648e-06	3.2016e-07	-3.202e-07	2.4324e-06	2.351e-10	-2.4282e-06	3.2012e-07	-3.2024e-07	2.4776e-06	2.2363e-10	-2.4724e-06	3.2014e-07	-3.2022e-07	2.5076e-06	2.1831e-10	-2.5059e-06	3.2024e-07	-3.2034e-07
0.2	-8.05264e-08	3.6196e-10	8.06984e-08	3.2026e-07	-3.2016e-07	8.8332e-07	3.3841e-10	-8.8368e-07	3.201e-07	-3.2e-07	1.5526e-06	3.2381e-10	-1.5521e-06	3.2e-07	-3.1998e-07	2.01e-06	3.0704e-10	-2.0066e-06	3.2004e-07	-3.2004e-07	2.3299e-06	2.9149e-10	-2.3278e-06	3.202e-07	-3.2012e-07	2.546e-06	2.7934e-10	-2.5394e-06	3.2004e-07	-3.2008e-07	2.6975e-06	2.6774e-10	-2.6945e-06	3.201e-07	-3.2014e-07	2.8011e-06	2.5633e-10	-2.7992e-06	3.2012e-07	-3.202e-07	2.8783e-06	2.4399e-10	-2.8762e-06	3.2016e-07	-3.2026e-07	2.9325e-06	2.3647e-10	-2.928e-06	3.2006e-07	-3.202e-07	2.9705e-06	2.306e-10	-2.9679e-06	3.2018e-07	-3.2028e-07
0.205	-9.41554e-08	3.8814e-10	9.49412e-08	3.2034e-07	-3.2022e-07	1.04344e-06	3.6233e-10	-1.04256e-06	3.2018e-07	-3.2014e-07	1.8298e-06	3.3753e-10	-1.8286e-06	3.2012e-07	-3.2002e-07	2.3714e-06	3.2281e-10	-2.3711e-06	3.2012e-07	-3.2014e-07	2.752e-06	3.032e-10	-2.7478e-06	3.2016e-07	-3.2014e-07	3.0059e-06	2.8972e-10	-2.9969e-06	3.2002e-07	-3.2008e-07	3.1827e-06	2.7795e-10	-3.18e-06	3.2012e-07	-3.202e-07	3.3074e-06	2.6826e-10	-3.3019e-06	3.2016e-07	-3.2026e-07	3.3951e-06	2.5996e-10	-3.3941e-06	3.2018e-07	-3.2026e-07	3.4617e-06	2.4907e-10	-3.4563e-06	3.2012e-07	-3.2024e-07	3.5076e-06	2.437e-10	-3.5051e-06	3.2018e-07	-3.2028e-07
0.21	-1.122132e-07	4.0607e-10	1.126546e-07	3.2026e-07	-3.2018e-07	1.2366e-06	3.7949e-10	-1.2297e-06	3.2022e-07	-3.2008e-07	2.1646e-06	3.6114e-10	-2.1646e-06	3.2e-07	-3.1992e-07	2.8002e-06	3.3716e-10	-2.7977e-06	3.201e-07	-3.201e-07	3.2469e-06	3.2536e-10	-3.2485e-06	3.2008e-07	-3.2012e-07	3.5553e-06	3.0914e-10	-3.5461e-06	3.2002e-07	-3.201e-07	3.7632e-06	2.991e-10	-3.7634e-06	3.2012e-07	-3.2014e-07	3.9103e-06	2.8891e-10	-3.9067e-06	3.201e-07	-3.202e-07	4.0154e-06	2.7491e-10	-4.0161e-06	3.2016e-07	-3.2022e-07	4.0929e-06	2.6721e-10	-4.0885e-06	3.2012e-07	-3.2022e-07	4.1478e-06	2.5437e-10	-4.1484e-06	3.2016e-07	-3.2028e-07
0.215	-1.3386e-07	4.3038e-10	1.2604e-07	3.203e-07	-3.2014e-07	1.4509e-06	4.0411e-10	-1.4522e-06	3.2022e-07	-3.2016e-07	2.5515e-06	3.7767e-10	-2.5465e-06	3.2012e-07	-3.2004e-07	3.3049e-06	3.6174e-10	-3.3025e-06	3.201e-07	-3.2008e-07	3.8305e-06	3.4156e-10	-3.8346e-06	3.2014e-07	-3.2004e-07	4.1893e-06	3.2716e-10	-4.1832e-06	3.2006e-07	-3.2006e-07	4.4393e-06	3.1408e-10	-4.4405e-06	3.201e-07	-3.2016e-07	4.6128e-06	3.0038e-10	-4.6082e-06	3.201e-07	-3.2024e-07	4.7422e-06	2.9014e-10	-4.7376e-06	3.2008e-07	-3.2016e-07	4.8246e-06	2.8159e-10	-4.8233e-06	3.2016e-07	-3.2022e-07	4.8937e-06	2.7211e-10	-4.8946e-06	3.2012e-07	-3.203e-07
0.22	-1.555e-07	4.5826e-10	1.547e-07	3.2028e-07	-3.2028e-07	1.7114e-06	4.222e-10	-1.7123e-06	3.202e-07	-3.2016e-07	3.0112e-06	4.0295e-10	-3.0074e-06	3.2014e-07	-3.2004e-07	3.902e-06	3.7746e-10	-3.9036e-06	3.2006e-07	-3.2008e-07	4.5329e-06	3.6281e-10	-4.5311e-06	3.2002e-07	-3.2002e-07	4.9482e-06	3.4716e-10	-4.9439e-06	3.2004e-07	-3.2006e-07	5.2454e-06	3.3284e-10	-5.2522e-06	3.2012e-07	-3.2014e-07	5.4558e-06	3.1965e-10	-5.4509e-06	3.2016e-07	-3.2018e-07	5.6017e-06	3.0788e-10	-5.6023e-06	3.2016e-07	-3.2024e-07	5.7087e-06	2.9577e-10	-5.7029e-06	3.2014e-07	-3.2016e-07	5.786e-06	2.8782e-10	-5.7902e-06	3.2018e-07	-3.203e-07
0.225	-1.8318e-07	4.7285e-10	1.8008e-07	3.2028e-07	-3.2024e-07	2.0142e-06	4.5265e-10	-2.015e-06	3.202e-07	-3.2014e-07	3.5484e-06	4.2113e-10	-3.5454e-06	3.201e-07	-3.201e-07	4.5946e-06	4.0489e-10	-4.5946e-06	3.201e-07	-3.2008e-07	5.3404e-06	3.8316e-10	-5.3378e-06	3.2e-07	-3.2006e-07	5.8377e-06	3.6869e-10	-5.8327e-06	3.2006e-07	-3.2004e-07	6.1894e-06	3.5421e-10	-6.1809e-06	3.2014e-07	-3.2014e-07	6.4291e-06	3.396e-10	-6.4233e-06	3.2016e-07	-3.2022e-07	6.6118e-06	3.2791e-10	-6.6086e-06	3.2006e-07	-3.2026e-07	6.7337e-06	3.1684e-10	-6.7363e-06	3.2022e-07	-3.2026e-07	6.8266e-06	3.0711e-10	-6.8269e-06	3.2022e-07	-3.2032e-07
0.23	-2.1626e-07	5.0958e-10	2.1418e-07	3.2028e-07	-3.2018e-07	2.3808e-06	4.7292e-10	-2.3778e-06	3.2018e-07	-3.2012e-07	4.1834e-06	4.5038e-10	-4.1829e-06	3.2014e-07	-3.2008e-07	5.4222e-06	4.2683e-10	-5.423e-06	3.2004e-07	-3.2008e-07	6.2934e-06	4.0885e-10	-6.3022e-06	3.2004e-07	-3.2008e-07	6.8972e-06	3.8826e-10	-6.8935e-06	3.1998e-07	-3.1996e-07	7.3101e-06	3.7129e-10	-7.3108e-06	3.2004e-07	-3.2008e-07	7.5926e-06	3.6181e-10	-7.5946e-06	3.202e-07	-3.2022e-07	7.8102e-06	3.4885e-10	-7.8048e-06	3.2018e-07	-3.2024e-07	7.9531e-06	3.3815e-10	-7.9559e-06	3.2018e-07	-3.2026e-07	8.0665e-06	3.2279e-10	-8.0582e-06	3.2016e-07	-3.2034e-07
0.235	-2.5132e-07	5.3574e-10	2.5052e-07	3.2034e-07	-3.2018e-07	2.7917e-06	5.0316e-10	-2.7962e-06	3.2018e-07	-3.2018e-07	4.9216e-06	4.7658e-10	-4.9186e-06	3.2018e-07	-3.2014e-07	6.3889e-06	4.5119e-10	-6.38e-06	3.2006e-07	-3.2012e-07	7.423e-06	4.2872e-10	-7.4136e-06	3.2006e-07	-3.2008e-07	8.1207e-06	4.1525e-10	-8.1198e-06	3.2e-07	-3.1998e-07	8.6142e-06	3.9326e-10	-8.6116e-06	3.201e-07	-3.2014e-07	8.9459e-06	3.8183e-10	-8.9514e-06	3.2012e-07	-3.2016e-07	9.1961e-06	3.6991e-10	-9.1946e-06	3.2012e-07	-3.2016e-07	9.3757e-06	3.5699e-10	-9.374e-06	3.2018e-07	-3.2022e-07	9.5067e-06	3.4653e-10	-9.5092e-06	3.2022e-07	-3.2026e-07
0.24	-2.9462e-07	5.6807e-10	2.9792e-07	3.203e-07	-3.2022e-07	3.2952e-06	5.3499e-10	-3.2826e-06	3.2022e-07	-3.2008e-07	5.7984e-06	5.049e-10	-5.7984e-06	3.2018e-07	-3.2014e-07	7.5312e-06	4.7494e-10	-7.5232e-06	3.2008e-07	-3.2008e-07	8.7351e-06	4.6173e-10	-8.7478e-06	3.201e-07	-3.2008e-07	9.5722e-06	4.3529e-10	-9.5757e-06	3.2002e-07	-3.2008e-07	1.01552e-05	4.197e-10	-1.01543e-05	3.201e-07	-3.2014e-07	1.05637e-05	4.0633e-10	-1.05517e-05	3.2014e-07	-3.2016e-07	1.08629e-05	3.9306e-10	-1.08615e-05	3.201e-07	-3.2024e-07	1.10711e-05	3.8087e-10	-1.10608e-05	3.2014e-07	-3.2024e-07	1.12131e-05	3.6426e-10	-1.12213e-05	3.2014e-07	-3.2026e-07
0.245	-3.4732e-07	6.047e-10	3.4488e-07	3.203e-07	-3.2026e-07	3.8667e-06	5.7002e-10	-3.8599e-06	3.2016e-07	-3.2006e-07	6.8192e-06	5.3824e-10	-6.8074e-06	3.2014e-07	-3.201e-07	8.8531e-06	5.0898e-10	-8.845e-06	3.2004e-07	-3.2006e-07	1.02735e-05	4.8208e-10	-1.0268e-05	3.201e-07	-3.2008e-07	1.12501e-05	4.6828e-10	-1.12676e-05	3.2004e-07	-3.2008e-07	1.1972e-05	4.4064e-10	-1.1948e-05	3.2004e-07	-3.2014e-07	1.2442e-05	4.2958e-10	-1.2428e-05	3.2012e-07	-3.2012e-07	1.2794e-05	4.1584e-10	-1.2764e-05	3.2004e-07	-3.2014e-07	1.3036e-05	4.0122e-10	-1.3024e-05	3.2016e-07	-3.202e-07	1.3216e-05	3.8626e-10	-1.32e-05	3.2016e-07	-3.2026e-07
0.25	-4.0152e-07	6.4187e-10	4.0188e-07	3.203e-07	-3.2018e-07	4.5314e-06	5.9769e-10	-4.5225e-06	3.2016e-07	-3.2012e-07	7.9966e-06	5.6955e-10	-7.9912e-06	3.2014e-07	-3.201e-07	1.03969e-05	5.3721e-10	-1.03867e-05	3.201e-07	-3.2002e-07	1.211e-05	5.1485e-10	-1.2094e-05	3.2e-07	-3.2002e-07	1.3252e-05	4.9451e-10	-1.3232e-05	3.2002e-07	-3.2004e-07	1.4054e-05	4.7258e-10	-1.4044e-05	3.2004e-07	-3.2006e-07	1.461e-05	4.572e-10	-1.46e-05	3.202e-07	-3.2028e-07	1.5042e-05	4.4228e-10	-1.5024e-05	3.2016e-07	-3.202e-07	1.5342e-05	4.2969e-10	-1.5332e-05	3.2014e-07	-3.2026e-07	1.5534e-05	4.1614e-10	-1.5546e-05	3.2016e-07	-3.2034e-07
0.255	-4.667e-07	6.7607e-10	4.6686e-07	3.2018e-07	-3.2014e-07	5.3166e-06	6.416e-10	-5.315e-06	3.2016e-07	-3.2018e-07	9.4013e-06	6.0421e-10	-9.3903e-06	3.2018e-07	-3.2016e-07	1.2246e-05	5.7272e-10	-1.2216e-05	3.201e-07	-3.201e-07	1.4208e-05	5.4723e-10	-1.419e-05	3.201e-07	-3.201e-07	1.5596e-05	5.192e-10	-1.5572e-05	3.2006e-07	-3.2004e-07	1.6556e-05	4.9891e-10	-1.6538e-05	3.201e-07	-3.202e-07	1.723e-05	4.8397e-10	-1.7214e-05	3.2016e-07	-3.2014e-07	1.7714e-05	4.699e-10	-1.7714e-05	3.2016e-07	-3.2022e-07	1.8056e-05	4.563e-10	-1.8038e-05	3.201e-07	-3.2016e-07	1.8312e-05	4.4197e-10	-1.8292e-05	3.2018e-07	-3.2036e-07
0.26	-5.4796e-07	7.2097e-10	5.4656e-07	3.2028e-07	-3.2016e-07	6.2255e-06	6.7479e-10	-6.2237e-06	3.2012e-07	-3.2006e-07	1.10164e-05	6.4469e-10	-1.10031e-05	3.2008e-07	-3.201e-07	1.4338e-05	6.0741e-10	-1.432e-05	3.2004e-07	-3.2004e-07	1.6708e-05	5.7947e-10	-1.6686e-05	3.2004e-07	-3.1998e-07	1.8268e-05	5.5683e-10	-1.829e-05	3.201e-07	-3.2002e-07	1.9416e-05	5.3608e-10	-1.9408e-05	3.2016e-07	-3.201e-07	2.021e-05	5.1576e-10	-2.0206e-05	3.201e-07	-3.203e-07	2.0786e-05	4.9603e-10	-2.0806e-05	3.2024e-07	-3.2032e-07	2.12e-05	4.831e-10	-2.1218e-05	3.2016e-07	-3.2018e-07	2.1508e-05	4.7104e-10	-2.1494e-05	3.2022e-07	-3.2032e-07
0.265	-6.3682e-07	7.6731e-10	6.3646e-07	3.203e-07	-3.2014e-07	7.2977e-06	7.1841e-10	-7.2916e-06	3.2018e-07	-3.201e-07	1.2926e-05	6.8305e-10	-1.2902e-05	3.2008e-07	-3.2012e-07	1.6828e-05	6.4597e-10	-1.6836e-05	3.2004e-07	-3.2004e-07	1.9608e-05	6.1722e-10	-1.9606e-05	3.2008e-07	-3.2002e-07	2.15e-05	5.8795e-10	-2.1494e-05	3.2006e-07	-3.2004e-07	2.2858e-05	5.6676e-10	-2.2844e-05	3.2008e-07	-3.202e-07	2.3792e-05	5.4691e-10	-2.3772e-05	3.2012e-07	-3.2024e-07	2.447e-05	5.3032e-10	-2.4466e-05	3.2022e-07	-3.2028e-07	2.4952e-05	5.1315e-10	-2.4942e-05	3.2004e-07	-3.2016e-07	2.5324e-05	4.9758e-10	-2.5292e-05	3.201e-07	-3.2028e-07
0.27	-7.3914e-07	8.0592e-10	7.3972e-07	3.2028e-07	-3.2016e-07	8.5107e-06	7.6685e-10	-8.5207e-06	3.2016e-07	-3.2006e-07	1.5106e-05	7.2181e-10	-1.51e-05	3.2012e-07	-3.2004e-07	1.9692e-05	6.8711e-10	-1.969e-05	3.2006e-07	-3.2004e-07	2.2956e-05	6.5115e-10	-2.289e-05	3.2006e-07	-3.2008e-07	2.5172e-05	6.2875e-10	-2.519e-05	3.2004e-07	-3.2006e-07	2.6768e-05	6.0689e-10	-2.6774e-05	3.2006e-07	-3.2016e-07	2.7868e-05	5.7945e-10	-2.7852e-05	3.2012e-07	-3.2022e-07	2.8682e-05	5.6293e-10	-2.8682e-05	3.2012e-07	-3.2022e-07	2.9268e-05	5.4642e-10	-2.9248e-05	3.2012e-07	-3.2016e-07	2.9696e-05	5.3162e-10	-2.9688e-05	3.2016e-07	-3.2026e-07
0.275	-8.5894e-07	8.6018e-10	8.6286e-07	3.2024e-07	-3.202e-07	9.9787e-06	8.1062e-10	-9.9715e-06	3.2022e-07	-3.2002e-07	1.7666e-05	7.6697e-10	-1.7668e-05	3.2006e-07	-3.1998e-07	2.306e-05	7.2695e-10	-2.3068e-05	3.2006e-07	-3.2008e-07	2.6892e-05	6.972e-10	-2.6922e-05	3.2014e-07	-3.201e-07	2.9538e-05	6.6523e-10	-2.95e-05	3.2e-07	-3.201e-07	3.1432e-05	6.4144e-10	-3.1444e-05	3.201e-07	-3.2014e-07	3.2704e-05	6.1856e-10	-3.2714e-05	3.2012e-07	-3.2014e-07	3.3696e-05	5.9996e-10	-3.3676e-05	3.202e-07	-3.203e-07	3.4392e-05	5.8397e-10	-3.438e-05	3.2012e-07	-3.2018e-07	3.486e-05	5.6557e-10	-3.4858e-05	3.2016e-07	-3.2026e-07
0.28	-9.9762e-07	9.1033e-10	1.00404e-06	3.2032e-07	-3.2016e-07	1.1618e-05	8.6202e-10	-1.1606e-05	3.2012e-07	-3.2008e-07	2.061e-05	8.1111e-10	-2.0618e-05	3.2006e-07	-3.2004e-07	2.6944e-05	7.7545e-10	-2.6952e-05	3.2008e-07	-3.2004e-07	3.1456e-05	7.3878e-10	-3.1424e-05	3.201e-07	-3.201e-07	3.4484e-05	7.1218e-10	-3.451e-05	3.2004e-07	-3.2002e-07	3.6746e-05	6.7964e-10	-3.6762e-05	3.2018e-07	-3.201e-07	3.8256e-05	6.5781e-10	-3.8244e-05	3.2016e-07	-3.2016e-07	3.9422e-05	6.3517e-10	-3.9416e-05	3.2016e-07	-3.2032e-07	4.019e-05	6.2033e-10	-4.0208e-05	3.2008e-07	-3.2016e-07	4.08e-05	6.0493e-10	-4.0806e-05	3.2018e-07	-3.2028e-07
0.285	-1.15104e-06	9.6513e-10	1.15008e-06	3.2032e-07	-3.2022e-07	1.3546e-05	9.153e-10	-1.3502e-05	3.2012e-07	-3.2008e-07	2.4056e-05	8.6769e-10	-2.4084e-05	3.2012e-07	-3.201e-07	3.1462e-05	8.2483e-10	-3.1478e-05	3.2008e-07	-3.2008e-07	3.6808e-05	7.8772e-10	-3.6764e-05	3.2018e-07	-3.2018e-07	4.0424e-05	7.5141e-10	-4.041e-05	3.2006e-07	-3.2006e-07	4.302e-05	7.2594e-10	-4.3018e-05	3.2008e-07	-3.2012e-07	4.4818e-05	6.9992e-10	-4.4832e-05	3.2014e-07	-3.2018e-07	4.6204e-05	6.8106e-10	-4.6178e-05	3.2022e-07	-3.2032e-07	4.7128e-05	6.602e-10	-4.7116e-05	3.2004e-07	-3.202e-07	4.783e-05	6.4323e-10	-4.7812e-05	3.2016e-07	-3.2024e-07
0.29	-1.3988e-06	1.02513e-09	1.3951e-06	3.2034e-07	-3.202e-07	1.5724e-05	9.688e-10	-1.5718e-05	3.2016e-07	-3.2008e-07	2.7978e-05	9.1868e-10	-2.7972e-05	3.2018e-07	-3.2004e-07	3.6646e-05	8.7552e-10	-3.6638e-05	3.201e-07	-3.201e-07	4.2886e-05	8.3452e-10	-4.2854e-05	3.2016e-07	-3.201e-07	4.7148e-05	8.0115e-10	-4.7136e-05	3.2008e-07	-3.2012e-07	5.0192e-05	7.6868e-10	-5.0188e-05	3.2012e-07	-3.2016e-07	5.231e-05	7.4388e-10	-5.2314e-05	3.2016e-07	-3.2022e-07	5.3934e-05	7.2015e-10	-5.392e-05	3.2018e-07	-3.2034e-07	5.5022e-05	7.0359e-10	-5.5032e-05	3.2008e-07	-3.203e-07	5.5844e-05	6.8287e-10	-5.5884e-05	3.2018e-07	-3.2034e-07
0.295	-1.5959e-06	1.08696e-09	1.6217e-06	3.2028e-07	-3.202e-07	1.8278e-05	1.02614e-09	-1.8272e-05	3.2018e-07	-3.2016e-07	3.2604e-05	9.744e-10	-3.2554e-05	3.2012e-07	-3.201e-07	4.2728e-05	9.2752e-10	-4.2696e-05	3.2012e-07	-3.2012e-07	5e-05	8.8585e-10	-4.9952e-05	3.2008e-07	-3.201e-07	5.5038e-05	8.4904e-10	-5.4946e-05	3.2018e-07	-3.2014e-07	5.8586e-05	8.1849e-10	-5.8632e-05	3.201e-07	-3.2012e-07	6.1136e-05	7.919e-10	-6.1098e-05	3.2016e-07	-3.2014e-07	6.3052e-05	7.6868e-10	-6.3012e-05	3.2022e-07	-3.2032e-07	6.4308e-05	7.4942e-10	-6.4332e-05	3.2012e-07	-3.202e-07	6.5308e-05	7.2481e-10	-6.5296e-05	3.2016e-07	-3.2028e-07
0.3	-1.825e-06	1.1513e-09	1.8393e-06	3.2032e-07	-3.2026e-07	2.1152e-05	1.08983e-09	-2.114e-05	3.2018e-07	-3.2014e-07	3.7754e-05	1.03206e-09	-3.771e-05	3.2012e-07	-3.2008e-07	4.96e-05	9.8179e-10	-4.9582e-05	3.201e-07	-3.2008e-07	5.8084e-05	9.4126e-10	-5.8098e-05	3.201e-07	-3.201e-07	6.3956e-05	9.0269e-10	-6.3966e-05	3.2006e-07	-3.2014e-07	6.8268e-05	8.6716e-10	-6.821e-05	3.2004e-07	-3.2012e-07	7.1128e-05	8.3687e-10	-7.1166e-05	3.2012e-07	-3.2018e-07	7.339e-05	8.1273e-10	-7.3386e-05	3.2016e-07	-3.203e-07	7.4976e-05	7.9378e-10	-7.4948e-05	3.2014e-07	-3.2022e-07	7.6108e-05	7.736e-10	-7.6022e-05	3.2014e-07	-3.2022e-07
0.305	-2.1862e-06	1.2252e-09	2.1301e-06	3.204e-07	-3.2026e-07	2.4532e-05	1.1535e-09	-2.4494e-05	3.2016e-07	-3.201e-07	4.3768e-05	1.09353e-09	-4.3818e-05	3.201e-07	-3.2004e-07	5.7532e-05	1.04157e-09	-5.7562e-05	3.2006e-07	-3.2006e-07	6.7466e-05	9.9874e-10	-6.7506e-05	3.2016e-07	-3.201e-07	7.4438e-05	9.61e-10	-7.4428e-05	3.2006e-07	-3.2006e-07	7.942e-05	9.2405e-10	-7.9418e-05	3.2004e-07	-3.2012e-07	8.2888e-05	8.9079e-10	-8.2922e-05	3.2018e-07	-3.2024e-07	8.559e-05	8.6525e-10	-8.5514e-05	3.2016e-07	-3.2028e-07	8.7388e-05	8.411e-10	-8.7432e-05	3.2006e-07	-3.2016e-07	8.8774e-05	8.1899e-10	-8.875e-05	3.2014e-07	-3.2028e-07
0.31	-2.4782e-06	1.2945e-09	2.487e-06	3.204e-07	-3.203e-07	2.8262e-05	1.2224e-09	-2.8248e-05	3.2026e-07	-3.2016e-07	5.0644e-05	1.1606e-09	-5.0592e-05	3.201e-07	-3.201e-07	6.6632e-05	1.10549e-09	-6.662e-05	3.2006e-07	-3.2004e-07	7.81e-05	1.06011e-09	-7.8082e-05	3.2012e-07	-3.201e-07	8.6302e-05	1.016e-09	-8.627e-05	3.2004e-07	-3.2008e-07	9.2138e-05	9.8028e-10	-9.2106e-05	3.2006e-07	-3.2014e-07	9.6256e-05	9.4579e-10	-9.6316e-05	3.2022e-07	-3.2022e-07	9.9354e-05	9.1888e-10	-9.927e-05	3.2022e-07	-3.2028e-07	0.000101522	8.9394e-10	-0.00010148	3.2004e-07	-3.202e-07	0.000103112	8.7274e-10	-0.000103102	3.2022e-07	-3.2026e-07
0.315	-2.8819e-06	1.3701e-09	2.8538e-06	3.2034e-07	-3.203e-07	3.2608e-05	1.2993e-09	-3.2592e-05	3.2014e-07	-3.2004e-07	5.8448e-05	1.2284e-09	-5.8456e-05	3.201e-07	-3.201e-07	7.7136e-05	1.1719e-09	-7.705e-05	3.201e-07	-3.2008e-07	9.053e-05	1.12542e-09	-9.0588e-05	3.201e-07	-3.2008e-07	0.000100024	1.07821e-09	-0.000100024	3.2004e-07	-3.2012e-07	0.000106958	1.0413e-09	-0.000106902	3.2012e-07	-3.202e-07	0.000111726	1.00606e-09	-0.000111776	3.2018e-07	-3.2024e-07	0.00011572	9.7642e-10	-0.000115352	3.2018e-07	-3.2032e-07	0.00011842	9.5012e-10	-0.00011798	3.2012e-07	-3.2026e-07	0.00012016	9.261e-10	-0.00011984	3.2018e-07	-3.2022e-07
0.32	-3.3191e-06	1.4549e-09	3.2892e-06	3.2042e-07	-3.203e-07	3.7424e-05	1.3743e-09	-3.7448e-05	3.202e-07	-3.2014e-07	6.725e-05	1.3021e-09	-6.73e-05	3.2014e-07	-3.2006e-07	8.8798e-05	1.2405e-09	-8.8868e-05	3.2012e-07	-3.2006e-07	0.000104456	1.1902e-09	-0.0001044	3.2008e-07	-3.2004e-07	0.00011592	1.1432e-09	-0.00011554	3.2014e-07	-3.2014e-07	0.00012394	1.10348e-09	-0.00012378	3.2004e-07	-3.201e-07	0.00012964	1.0633e-09	-0.00012936	3.2014e-07	-3.2026e-07	0.00013386	1.03276e-09	-0.00013338	3.2022e-07	-3.2028e-07	0.00013692	1.00667e-09	-0.00013654	3.201e-07	-3.2016e-07	0.0001389	9.8021e-10	-0.0001386	3.201e-07	-3.2022e-07
0.325	-3.7011e-06	1.5366e-09	3.7351e-06	3.204e-07	-3.2028e-07	4.2966e-05	1.4525e-09	-4.2996e-05	3.2012e-07	-3.201e-07	7.736e-05	1.3787e-09	-7.726e-05	3.2014e-07	-3.201e-07	0.000102402	1.3209e-09	-0.000102358	3.2014e-07	-3.2014e-07	0.0001208	1.2626e-09	-0.00012058	3.2006e-07	-3.2002e-07	0.00013372	1.2108e-09	-0.00013348	3.2012e-07	-3.2012e-07	0.00014328	1.1664e-09	-0.000143	3.2012e-07	-3.202e-07	0.00014996	1.1314e-09	-0.00014964	3.2012e-07	-3.2018e-07	0.0001548	1.09713e-09	-0.00015452	3.202e-07	-3.2028e-07	0.00015842	1.0699e-09	-0.00015812	3.202e-07	-3.2028e-07	0.00016106	1.0444e-09	-0.0001607	3.2008e-07	-3.202e-07
0.33	-4.317e-06	1.6289e-09	4.3507e-06	3.2036e-07	-3.2022e-07	4.9224e-05	1.5362e-09	-4.9092e-05	3.201e-07	-3.2008e-07	8.8574e-05	1.459e-09	-8.8564e-05	3.201e-07	-3.2002e-07	0.00011786	1.3935e-09	-0.00011744	3.2012e-07	-3.2002e-07	0.00013892	1.3343e-09	-0.00013856	3.2004e-07	-3.201e-07	0.00015388	1.2837e-09	-0.00015366	3.2004e-07	-3.2008e-07	0.00016484	1.2396e-09	-0.00016454	3.2008e-07	-3.2016e-07	0.00017278	1.1944e-09	-0.00017242	3.202e-07	-3.2022e-07	0.0001786	1.1634e-09	-0.00017828	3.202e-07	-3.2026e-07	0.00018272	1.1331e-09	-0.00018234	3.2016e-07	-3.2026e-07	0.00018566	1.1043e-09	-0.00018538	3.2006e-07	-3.2016e-07
0.335	-4.8853e-06	1.7225e-09	4.9534e-06	3.203e-07	-3.2026e-07	5.6114e-05	1.6295e-09	-5.617e-05	3.201e-07	-3.201e-07	0.000101446	1.5465e-09	-0.000101434	3.201e-07	-3.2004e-07	0.00013512	1.4718e-09	-0.00013478	3.2008e-07	-3.2014e-07	0.0001595	1.4131e-09	-0.00015924	3.2e-07	-3.2002e-07	0.0001771	1.3596e-09	-0.00017652	3.2006e-07	-3.201e-07	0.00018982	1.3116e-09	-0.00018936	3.201e-07	-3.2014e-07	0.00019882	1.2514e-09	-0.00019874	3.2016e-07	-3.202e-07	0.00020576	1.2311e-09	-0.00020548	3.2012e-07	-3.2022e-07	0.00021066	1.1986e-09	-0.00021028	3.2016e-07	-3.2026e-07	0.00021428	1.1704e-09	-0.00021384	3.2006e-07	-3.2018e-07
0.34	-5.6621e-06	1.8278e-09	5.7264e-06	3.2038e-07	-3.2032e-07	6.3792e-05	1.7196e-09	-6.3812e-05	3.201e-07	-3.2008e-07	0.00011602	1.6369e-09	-0.0001157	3.2012e-07	-3.2e-07	0.0001543	1.5619e-09	-0.00015394	3.2012e-07	-3.201e-07	0.00018238	1.4933e-09	-0.00018204	3.2004e-07	-3.201e-07	0.0002026	1.4384e-09	-0.00020236	3.2e-07	-3.2012e-07	0.00021744	1.3871e-09	-0.00021712	3.2008e-07	-3.2016e-07	0.0002283	1.3252e-09	-0.00022798	3.2012e-07	-3.2016e-07	0.00023634	1.3024e-09	-0.00023604	3.2018e-07	-3.2028e-07	0.000242	1.2706e-09	-0.00024148	3.2016e-07	-3.2026e-07	0.00024618	1.2437e-09	-0.00024572	3.2012e-07	-3.2022e-07
0.345	-6.3826e-06	1.9303e-09	6.3955e-06	3.2028e-07	-3.2016e-07	7.2558e-05	1.8252e-09	-7.2468e-05	3.2014e-07	-3.2014e-07	0.00013204	1.7303e-09	-0.00013184	3.2012e-07	-3.201e-07	0.00017604	1.6506e-09	-0.0001757	3.2e-07	-3.2008e-07	0.00020852	1.5842e-09	-0.0002082	3.2008e-07	-3.2006e-07	0.00023202	1.5244e-09	-0.00023166	3.1998e-07	-3.2002e-07	0.00024926	1.4672e-09	-0.00024914	3.2004e-07	-3.2004e-07	0.00026176	1.4032e-09	-0.00026156	3.2014e-07	-3.2016e-07	0.00027096	1.3803e-09	-0.00027084	3.2022e-07	-3.2022e-07	0.00027782	1.3441e-09	-0.00027756	3.201e-07	-3.2022e-07	0.0002829	1.3153e-09	-0.0002825	3.2012e-07	-3.2028e-07
0.35	-7.2141e-06	2.0457e-09	7.2786e-06	3.2034e-07	-3.2026e-07	8.1874e-05	1.9292e-09	-8.1976e-05	3.201e-07	-3.2012e-07	0.00014964	1.8277e-09	-0.00014948	3.2012e-07	-3.2006e-07	0.00019976	1.7471e-09	-0.00019948	3.2e-07	-3.2006e-07	0.00023712	1.6719e-09	-0.00023682	3.2004e-07	-3.201e-07	0.00026442	1.6106e-09	-0.00026414	3.2e-07	-3.2006e-07	0.00028444	1.551e-09	-0.00028424	3.2004e-07	-3.201e-07	0.00029884	1.4827e-09	-0.00029866	3.2018e-07	-3.2016e-07	0.00030988	1.4633e-09	-0.00030976	3.2018e-07	-3.202e-07	0.00031762	1.4192e-09	-0.00031742	3.2014e-07	-3.2026e-07	0.00032348	1.3906e-09	-0.00032328	3.2004e-07	-3.202e-07
0.355	-8.0949e-06	2.1587e-09	8.1057e-06	3.2032e-07	-3.2024e-07	9.2506e-05	2.0418e-09	-9.249e-05	3.2012e-07	-3.201e-07	0.0001694	1.9354e-09	-0.00016908	3.2004e-07	-3.2002e-07	0.0002269	1.8458e-09	-0.00022652	3.2006e-07	-3.2008e-07	0.00026956	1.7689e-09	-0.00026926	3.2004e-07	-3.2006e-07	0.00030108	1.703e-09	-0.00030068	3.2004e-07	-3.2002e-07	0.0003241	1.6383e-09	-0.0003241	3.1998e-07	-3.2006e-07	0.00034142	1.5728e-09	-0.00034114	3.2012e-07	-3.2018e-07	0.0003539	1.5433e-09	-0.0003538	3.2022e-07	-3.2026e-07	0.00036328	1.504e-09	-0.000363	3.2014e-07	-3.203e-07	0.00036968	1.4702e-09	-0.0003695	3.2012e-07	-3.2026e-07
0.36	-9.0419e-06	2.2847e-09	9.1819e-06	3.2034e-07	-3.203e-07	0.000103874	2.1583e-09	-0.000103796	3.2012e-07	-3.2008e-07	0.0001908	2.0488e-09	-0.00019038	3.2004e-07	-3.2002e-07	0.00025608	1.9519e-09	-0.0002558	3.2004e-07	-3.2008e-07	0.000305	1.8681e-09	-0.0003049	3.2004e-07	-3.2006e-07	0.00034142	1.7996e-09	-0.0003409	3.2002e-07	-3.2004e-07	0.0003682	1.7334e-09	-0.000368	3.2006e-07	-3.2014e-07	0.00038788	1.6516e-09	-0.0003874	3.201e-07	-3.2018e-07	0.00040272	1.6284e-09	-0.00040226	3.201e-07	-3.202e-07	0.00041312	1.5894e-09	-0.000413	3.202e-07	-3.2028e-07	0.00042144	1.5543e-09	-0.00042098	3.2006e-07	-3.202e-07
0.365	-1.0274e-05	2.4149e-09	1.02804e-05	3.2032e-07	-3.2022e-07	0.00011688	2.2917e-09	-0.00011674	3.2016e-07	-3.2014e-07	0.00021474	2.1653e-09	-0.00021436	3.2006e-07	-3.2006e-07	0.00028898	2.0626e-09	-0.00028854	3.2006e-07	-3.2002e-07	0.0003452	1.9737e-09	-0.00034484	3.2004e-07	-3.2004e-07	0.00038676	1.8982e-09	-0.00038632	3.2e-07	-3.2004e-07	0.0004175	1.8284e-09	-0.0004175	3.2002e-07	-3.2006e-07	0.00044036	1.7585e-09	-0.0004403	3.201e-07	-3.2014e-07	0.00045744	1.7238e-09	-0.00045712	3.2014e-07	-3.2016e-07	0.0004702	1.6823e-09	-0.00046968	3.2016e-07	-3.2028e-07	0.00047936	1.6422e-09	-0.00047898	3.2012e-07	-3.2026e-07
0.37	-1.13234e-05	2.5505e-09	1.14401e-05	3.2032e-07	-3.2028e-07	0.0001307	2.4109e-09	-0.00013032	3.2024e-07	-3.2016e-07	0.0002403	2.29e-09	-0.00023998	3.201e-07	-3.2004e-07	0.00032472	2.1786e-09	-0.00032408	3.2002e-07	-3.2e-07	0.00038812	2.0892e-09	-0.00038792	3.2008e-07	-3.2e-07	0.00043574	2.0024e-09	-0.0004354	3.2006e-07	-3.2004e-07	0.00047148	1.9328e-09	-0.00047134	3.2e-07	-3.2002e-07	0.00049816	1.852e-09	-0.0004976	3.2004e-07	-3.201e-07	0.0005178	1.8153e-09	-0.00051706	3.2012e-07	-3.202e-07	0.00053198	1.7744e-09	-0.000532	3.2016e-07	-3.2032e-07	0.00054294	1.7346e-09	-0.00054278	3.201e-07	-3.202e-07
0.375	-1.17175e-05	2.6974e-09	1.2626e-05	3.2038e-07	-3.2018e-07	0.0001454	2.5471e-09	-0.00014532	3.2022e-07	-3.2014e-07	0.0002689	2.4235e-09	-0.00026826	3.2002e-07	-3.1998e-07	0.00036368	2.3046e-09	-0.00036352	3.2004e-07	-3.1998e-07	0.00043652	2.2052e-09	-0.00043618	3.1998e-07	-3.2004e-07	0.00049068	2.1125e-09	-0.00049034	3.1998e-07	-3.2004e-07	0.00053188	2.0403e-09	-0.00053146	3.2004e-07	-3.201e-07	0.0005621	1.9558e-09	-0.00056176	3.2004e-07	-3.2008e-07	0.00058484	1.9201e-09	-0.00058468	3.2018e-07	-3.2024e-07	0.00060162	1.8712e-09	-0.00060194	3.201e-07	-3.2018e-07	0.00061454	1.828e-09	-0.00061386	3.201e-07	-3.2026e-07
0.38	-1.3794e-05	2.8523e-09	1.4022e-05	3.2034e-07	-3.2024e-07	0.00016156	2.691e-09	-0.00016082	3.2018e-07	-3.2014e-07	0.0002987	2.5579e-09	-0.00029852	3.201e-07	-3.2002e-07	0.00040588	2.4327e-09	-0.00040536	3.1994e-07	-3.1998e-07	0.0004879	2.3257e-09	-0.00048782	3.2e-07	-3.2008e-07	0.00054982	2.2321e-09	-0.0005494	3.2004e-07	-3.2008e-07	0.00059652	2.1513e-09	-0.00059618	3.2008e-07	-3.2014e-07	0.00063172	2.0671e-09	-0.0006316	3.2004e-07	-3.201e-07	0.00065804	2.0201e-09	-0.00065788	3.2006e-07	-3.2014e-07	0.00067774	1.9704e-09	-0.0006779	3.2012e-07	-3.202e-07	0.00069196	1.9285e-09	-0.00069228	3.2008e-07	-3.202e-07
0.385	-1.5522e-05	3.0062e-09	1.5528e-05	3.2038e-07	-3.203e-07	0.00017862	2.8384e-09	-0.00017828	3.2016e-07	-3.2008e-07	0.00033228	2.7023e-09	-0.00033198	3.2006e-07	-3.2002e-07	0.00045214	2.5721e-09	-0.0004516	3.2012e-07	-3.2006e-07	0.00054472	2.4574e-09	-0.00054392	3.2004e-07	-3.2006e-07	0.00061488	2.3551e-09	-0.00061468	3.201e-07	-3.2006e-07	0.0006691	2.2674e-09	-0.00066846	3.2004e-07	-3.201e-07	0.00070944	2.178e-09	-0.0007091	3.2e-07	-3.2004e-07	0.00074002	2.133e-09	-0.00073966	3.202e-07	-3.2034e-07	0.000762	2.0807e-09	-0.0007621	3.2008e-07	-3.2024e-07	0.00077954	2.0308e-09	-0.00077876	3.201e-07	-3.2022e-07
0.39	-1.7102e-05	3.1719e-09	1.7234e-05	3.2042e-07	-3.2016e-07	0.00019682	2.9974e-09	-0.00019684	3.2014e-07	-3.2008e-07	0.0003673	2.8515e-09	-0.00036674	3.2014e-07	-3.2006e-07	0.00050124	2.7086e-09	-0.00050082	3.2006e-07	-3.2008e-07	0.00060528	2.5908e-09	-0.0006048	3.2002e-07	-3.2002e-07	0.00068506	2.486e-09	-0.00068494	3.2006e-07	-3.2008e-07	0.00074608	2.3904e-09	-0.00074568	3.2004e-07	-3.2008e-07	0.00079244	2.2957e-09	-0.00079194	3.2008e-07	-3.2012e-07	0.00082752	2.2503e-09	-0.00082732	3.2014e-07	-3.2026e-07	0.00085368	2.1878e-09	-0.00085294	3.201e-07	-3.2016e-07	0.00087334	2.1383e-09	-0.00087298	3.2016e-07	-3.2014e-07
0.395	-1.856e-05	3.3488e-09	1.8664e-05	3.2034e-07	-3.2022e-07	0.00021636	3.1653e-09	-0.00021636	3.2018e-07	-3.2016e-07	0.0004049	2.979e-09	-0.00040466	3.2012e-07	-3.2004e-07	0.00055468	2.8364e-09	-0.00055476	3.2008e-07	-3.2004e-07	0.00067164	2.7358e-09	-0.00067126	3.1998e-07	-3.1998e-07	0.0007618	2.6226e-09	-0.00076118	3.2012e-07	-3.2014e-07	0.00083112	2.534e-09	-0.00083068	3.2004e-07	-3.2012e-07	0.00088354	2.4213e-09	-0.00088374	3.2002e-07	-3.2006e-07	0.00092482	2.3689e-09	-0.00092422	3.202e-07	-3.2018e-07	0.0009538	2.306e-09	-0.000954	3.2008e-07	-3.202e-07	0.00097758	2.2534e-09	-0.00097756	3.2014e-07	-3.2024e-07
0.4	-2.0218e-05	3.5275e-09	2.0438e-05	3.2034e-07	-3.2032e-07	0.00023654	3.3376e-09	-0.00023636	3.2018e-07	-3.201e-07	0.00044446	3.1442e-09	-0.00044458	3.2004e-07	-3.2006e-07	0.00061072	2.9881e-09	-0.0006103	3.201e-07	-3.2002e-07	0.00074162	2.8823e-09	-0.0007408	3.2006e-07	-3.1998e-07	0.00084292	2.7651e-09	-0.00084244	3.2014e-07	-3.2016e-07	0.00092166	2.6568e-09	-0.00092162	3.2004e-07	-3.201e-07	0.0009815	2.5463e-09	-0.00098164	3.2004e-07	-3.2016e-07	0.00102728	2.4871e-09	-0.00102712	3.2016e-07	-3.2016e-07	0.00106252	2.4245e-09	-0.00106262	3.2006e-07	-3.2016e-07	0.00108856	2.3678e-09	-0.00108828	3.2012e-07	-3.2028e-07
0.405	-2.2196e-05	3.7207e-09	2.2074e-05	3.203e-07	-3.2028e-07	0.00025848	3.5173e-09	-0.0002583	3.2016e-07	-3.201e-07	0.00048706	3.3122e-09	-0.0004868	3.2008e-07	-3.201e-07	0.00067036	3.1572e-09	-0.0006708	3.201e-07	-3.2004e-07	0.00081666	3.0348e-09	-0.00081634	3.2004e-07	-3.2008e-07	0.00093062	2.9111e-09	-0.00093046	3.201e-07	-3.2014e-07	0.00101954	2.8078e-09	-0.00101898	3.2006e-07	-3.201e-07	0.00108802	2.6874e-09	-0.00108836	3.2008e-07	-3.2012e-07	0.00114102	2.6217e-09	-0.00114092	3.2012e-07	-3.2022e-07	0.0011806	2.5537e-09	-0.0011804	3.2012e-07	-3.2022e-07	0.0012102	2.496e-09	-0.0012104	3.201e-07	-3.202e-07
0.41	-2.403e-05	3.9214e-09	2.4008e-05	3.2036e-07	-3.2038e-07	0.00028106	3.709e-09	-0.0002807	3.2018e-07	-3.2016e-07	0.00053128	3.4981e-09	-0.00053112	3.2008e-07	-3.2004e-07	0.00073374	3.3307e-09	-0.0007332	3.1998e-07	-3.2004e-07	0.0008957	3.2067e-09	-0.00089554	3.2e-07	-3.2008e-07	0.00102336	3.068e-09	-0.0010227	3.2014e-07	-3.2014e-07	0.00112344	2.9626e-09	-0.00112264	3.2e-07	-3.201e-07	0.0012008	2.8268e-09	-0.0011998	3.2012e-07	-3.202e-07	0.0012598	2.7547e-09	-0.0012602	3.202e-07	-3.2026e-07	0.0013062	2.6852e-09	-0.0013058	3.2012e-07	-3.2022e-07	0.0013418	2.6199e-09	-0.0013406	3.2016e-07	-3.2024e-07
0.415	-2.5824e-05	4.134e-09	2.5724e-05	3.2028e-07	-3.2032e-07	0.0003048	3.9116e-09	-0.00030472	3.201e-07	-3.2012e-07	0.00057778	3.683e-09	-0.00057802	3.2006e-07	-3.2018e-07	0.00080102	3.502e-09	-0.0008005	3.201e-07	-3.2008e-07	0.0009805	3.3686e-09	-0.00097986	3.2e-07	-3.2002e-07	0.00112282	3.2317e-09	-0.00112192	3.2014e-07	-3.2014e-07	0.001235	3.1059e-09	-0.0012344	3.2004e-07	-3.201e-07	0.0013238	2.9766e-09	-0.001322	3.2e-07	-3.201e-07	0.0013906	2.9054e-09	-0.0013904	3.2012e-07	-3.2022e-07	0.0014432	2.8221e-09	-0.0014424	3.2012e-07	-3.2018e-07	0.0014828	2.7535e-09	-0.0014828	3.2016e-07	-3.2028e-07
0.42	-2.7842e-05	4.3577e-09	2.762e-05	3.2032e-07	-3.2028e-07	0.00032892	4.1173e-09	-0.00032916	3.2016e-07	-3.2004e-07	0.00062592	3.8744e-09	-0.00062588	3.202e-07	-3.2016e-07	0.00087066	3.6869e-09	-0.00087044	3.2006e-07	-3.2014e-07	0.00106808	3.5522e-09	-0.00106798	3.2002e-07	-3.201e-07	0.0012254	3.4008e-09	-0.001226	3.2006e-07	-3.2014e-07	0.0013524	3.2647e-09	-0.001352	3.2e-07	-3.2e-07	0.00145	3.1287e-09	-0.0014508	3.2006e-07	-3.2012e-07	0.0015276	3.0489e-09	-0.0015272	3.2018e-07	-3.2022e-07	0.0015876	2.9669e-09	-0.0015866	3.201e-07	-3.202e-07	0.0016322	2.889e-09	-0.001632	3.201e-07	-3.202e-07
0.425	-3.0048e-05	4.5776e-09	3.0164e-05	3.2032e-07	-3.203e-07	0.0003552	4.3327e-09	-0.00035484	3.2016e-07	-3.2014e-07	0.00067702	4.0809e-09	-0.0006761	3.2016e-07	-3.201e-07	0.00094428	3.8863e-09	-0.00094338	3.2004e-07	-3.2006e-07	0.001162	3.741e-09	-0.001162	3.2006e-07	-3.2012e-07	0.001337	3.5917e-09	-0.0013362	3.2006e-07	-3.2014e-07	0.0014776	3.4422e-09	-0.001477	3.2004e-07	-3.2012e-07	0.0015882	3.2951e-09	-0.0015878	3.1998e-07	-3.201e-07	0.0016754	3.2091e-09	-0.0016748	3.2012e-07	-3.202e-07	0.0017434	3.1149e-09	-0.001742	3.2014e-07	-3.2026e-07	0.0017948	3.0358e-09	-0.001794	3.2018e-07	-3.2028e-07
0.43	-3.2176e-05	4.8273e-09	3.199e-05	3.2032e-07	-3.2026e-07	0.00038072	4.561e-09	-0.00038026	3.2016e-07	-3.201e-07	0.00072872	4.3013e-09	-0.0007291	3.2012e-07	-3.2008e-07	0.00101912	4.0906e-09	-0.00101846	3.2004e-07	-3.2002e-07	0.0012576	3.9355e-09	-0.0012564	3.2004e-07	-3.2004e-07	0.0014514	3.7644e-09	-0.0014504	3.2016e-07	-3.202e-07	0.0016064	3.6136e-09	-0.0016068	3.2006e-07	-3.201e-07	0.0017304	3.4586e-09	-0.0017298	3.2006e-07	-3.2012e-07	0.0018286	3.3717e-09	-0.0018278	3.201e-07	-3.2022e-07	0.0019046	3.2709e-09	-0.0019038	3.2018e-07	-3.2022e-07	0.001964	3.1827e-09	-0.0019638	3.201e-07	-3.202e-07
0.435	-3.443e-05	5.0713e-09	3.433e-05	3.2036e-07	-3.2022e-07	0.00040828	4.801e-09	-0.00040792	3.2028e-07	-3.2014e-07	0.00078328	4.5309e-09	-0.0007834	3.201e-07	-3.2014e-07	0.00109854	4.3026e-09	-0.0010983	3.201e-07	-3.2008e-07	0.0013596	4.1417e-09	-0.0013586	3.2008e-07	-3.1998e-07	0.0015722	3.9593e-09	-0.0015712	3.2006e-07	-3.201e-07	0.0017452	3.7998e-09	-0.0017446	3.2002e-07	-3.2004e-07	0.0018832	3.641e-09	-0.0018822	3.2004e-07	-3.2008e-07	0.0019928	3.5403e-09	-0.0019918	3.2016e-07	-3.2022e-07	0.0020788	3.4342e-09	-0.002078	3.202e-07	-3.202e-07	0.0021462	3.3452e-09	-0.0021464	3.201e-07	-3.2028e-07
0.44	-3.6444e-05	5.3396e-09	3.6596e-05	3.2024e-07	-3.2016e-07	0.0004347	5.0603e-09	-0.00043514	3.2022e-07	-3.2008e-07	0.00083784	4.7704e-09	-0.00083852	3.2016e-07	-3.2004e-07	0.0011794	4.5251e-09	-0.0011786	3.201e-07	-3.201e-07	0.0014638	4.3565e-09	-0.0014632	3.2006e-07	-3.2014e-07	0.0016966	4.1622e-09	-0.0016948	3.201e-07	-3.2008e-07	0.001887	3.9989e-09	-0.0018854	3.2006e-07	-3.2014e-07	0.0020402	3.8476e-09	-0.0020394	3.1994e-07	-3.2002e-07	0.0021622	3.7178e-09	-0.0021612	3.2016e-07	-3.202e-07	0.0022594	3.6049e-09	-0.0022582	3.2022e-07	-3.2022e-07	0.0023352	3.5033e-09	-0.0023354	3.2012e-07	-3.2022e-07
0.445	-3.8824e-05	5.6334e-09	3.88e-05	3.2018e-07	-3.2016e-07	0.00046336	5.3159e-09	-0.00046362	3.2012e-07	-3.2006e-07	0.00089524	5.0171e-09	-0.00089556	3.2012e-07	-3.201e-07	0.0012636	4.769e-09	-0.0012628	3.2006e-07	-3.2004e-07	0.0015702	4.5809e-09	-0.0015704	3.201e-07	-3.2012e-07	0.001826	4.3756e-09	-0.0018258	3.2016e-07	-3.2014e-07	0.0020364	4.1921e-09	-0.0020354	3.2004e-07	-3.2002e-07	0.0022058	4.0446e-09	-0.0022052	3.2008e-07	-3.2016e-07	0.0023418	3.9007e-09	-0.0023416	3.2016e-07	-3.2032e-07	0.0024514	3.775e-09	-0.0024502	3.2016e-07	-3.2026e-07	0.002537	3.6737e-09	-0.002537	3.2012e-07	-3.2032e-07
0.45	-4.0806e-05	5.9005e-09	4.0884e-05	3.203e-07	-3.202e-07	0.000492	5.5924e-09	-0.00049194	3.2012e-07	-3.2004e-07	0.00095286	5.2746e-09	-0.00095316	3.2016e-07	-3.2008e-07	0.001349	5.0081e-09	-0.0013468	3.2006e-07	-3.2008e-07	0.0016816	4.81e-09	-0.001681	3.2004e-07	-3.2012e-07	0.001959	4.5954e-09	-0.001957	3.2014e-07	-3.2022e-07	0.0021878	4.4072e-09	-0.0021874	3.2006e-07	-3.2018e-07	0.002375	4.2453e-09	-0.002375	3.2006e-07	-3.2014e-07	0.002527	4.0942e-09	-0.0025268	3.2018e-07	-3.2028e-07	0.0026498	3.9555e-09	-0.0026484	3.2022e-07	-3.2024e-07	0.0027454	3.8552e-09	-0.0027442	3.2016e-07	-3.2028e-07
0.455	-4.3046e-05	6.1995e-09	4.3042e-05	3.2028e-07	-3.2016e-07	0.00052084	5.8763e-09	-0.00052138	3.2018e-07	-3.201e-07	0.00101256	5.5468e-09	-0.00101202	3.2008e-07	-3.201e-07	0.0014354	5.2655e-09	-0.0014354	3.2014e-07	-3.2012e-07	0.0017942	5.0597e-09	-0.0017942	3.2006e-07	-3.2006e-07	0.0020964	4.8346e-09	-0.0020952	3.2012e-07	-3.2014e-07	0.0023484	4.6302e-09	-0.0023474	3.2016e-07	-3.2016e-07	0.0025542	4.4531e-09	-0.0025554	3.2008e-07	-3.2014e-07	0.0027232	4.2954e-09	-0.0027218	3.2026e-07	-3.2024e-07	0.0028592	4.1504e-09	-0.0028576	3.2018e-07	-3.2026e-07	0.0029664	4.036e-09	-0.0029662	3.2012e-07	-3.2028e-07
0.46	-4.5098e-05	6.5141e-09	4.5172e-05	3.203e-07	-3.202e-07	0.00055106	6.1721e-09	-0.00054982	3.2014e-07	-3.2012e-07	0.00107218	5.8209e-09	-0.00107152	3.2014e-07	-3.201e-07	0.0015238	5.5351e-09	-0.0015236	3.2008e-07	-3.2008e-07	0.0019108	5.3079e-09	-0.0019094	3.2006e-07	-3.2008e-07	0.0022352	5.0726e-09	-0.0022354	3.2006e-07	-3.201e-07	0.0025102	4.8541e-09	-0.0025092	3.2016e-07	-3.2014e-07	0.0027362	4.676e-09	-0.002736	3.201e-07	-3.202e-07	0.002921	4.5013e-09	-0.0029206	3.2016e-07	-3.2022e-07	0.0030714	4.3546e-09	-0.0030712	3.2016e-07	-3.2028e-07	0.0031918	4.2305e-09	-0.0031916	3.2014e-07	-3.2026e-07
0.465	-4.7906e-05	6.8605e-09	4.8104e-05	3.2028e-07	-3.2018e-07	0.00057946	6.4792e-09	-0.0005793	3.2012e-07	-3.2006e-07	0.00113266	6.1204e-09	-0.00113208	3.2012e-07	-3.2016e-07	0.0016146	5.8217e-09	-0.0016144	3.201e-07	-3.2012e-07	0.0020286	5.5757e-09	-0.0020286	3.2006e-07	-3.2004e-07	0.002381	5.3247e-09	-0.0023804	3.2012e-07	-3.2018e-07	0.0026776	5.1074e-09	-0.0026764	3.2006e-07	-3.2012e-07	0.002925	4.8989e-09	-0.0029242	3.2008e-07	-3.201e-07	0.0031292	4.7279e-09	-0.0031276	3.2024e-07	-3.202e-07	0.0032964	4.5659e-09	-0.0032948	3.2022e-07	-3.2028e-07	0.0034306	4.4294e-09	-0.0034306	3.202e-07	-3.2026e-07
0.47	-5.012e-05	7.1793e-09	5.0254e-05	3.2016e-07	-3.202e-07	0.00060908	6.8026e-09	-0.00060758	3.2012e-07	-3.2008e-07	0.0011936	6.4293e-09	-0.0011922	3.2014e-07	-3.2012e-07	0.0017054	6.1126e-09	-0.0017044	3.2012e-07	-3.2006e-07	0.0021474	5.8529e-09	-0.0021466	3.2008e-07	-3.2008e-07	0.0025266	5.5837e-09	-0.0025244	3.2008e-07	-3.2014e-07	0.0028464	5.3451e-09	-0.0028458	3.2006e-07	-3.2016e-07	0.0031164	5.1394e-09	-0.0031156	3.2006e-07	-3.2016e-07	0.00334	4.9365e-09	-0.0033382	3.202e-07	-3.2024e-07	0.0035234	4.7784e-09	-0.0035218	3.2026e-07	-3.2032e-07	0.0036732	4.6345e-09	-0.0036716	3.2018e-07	-3.2026e-07
0.475	-5.2184e-05	7.5327e-09	5.2222e-05	3.2018e-07	-3.201e-07	0.00063998	7.1526e-09	-0.00063864	3.2016e-07	-3.2004e-07	0.0012552	6.7449e-09	-0.0012538	3.2018e-07	-3.2006e-07	0.0017974	6.4172e-09	-0.0017976	3.2012e-07	-3.2014e-07	0.0022694	6.1449e-09	-0.002269	3.2002e-07	-3.201e-07	0.0026748	5.8674e-09	-0.002675	3.2008e-07	-3.2008e-07	0.003023	5.6141e-09	-0.0030208	3.2012e-07	-3.2014e-07	0.0033148	5.3923e-09	-0.0033144	3.2004e-07	-3.2014e-07	0.0035578	5.1904e-09	-0.0035582	3.2022e-07	-3.203e-07	0.0037616	5.0122e-09	-0.0037608	3.2022e-07	-3.2028e-07	0.003926	4.8573e-09	-0.0039254	3.2018e-07	-3.2028e-07
0.48	-5.48e-05	7.902e-09	5.466e-05	3.2024e-07	-3.2022e-07	0.00066914	7.5031e-09	-0.00066772	3.2014e-07	-3.2004e-07	0.001315	7.0695e-09	-0.0013156	3.2012e-07	-3.2014e-07	0.0018892	6.7312e-09	-0.0018894	3.2008e-07	-3.2012e-07	0.0023898	6.4416e-09	-0.0023894	3.2006e-07	-3.2006e-07	0.0028232	6.1537e-09	-0.0028224	3.2008e-07	-3.2012e-07	0.0031972	5.8935e-09	-0.0031966	3.201e-07	-3.2014e-07	0.0035142	5.6487e-09	-0.003513	3.2004e-07	-3.2012e-07	0.0037802	5.4255e-09	-0.0037794	3.2016e-07	-3.2024e-07	0.0040006	5.2456e-09	-0.0040002	3.2016e-07	-3.2028e-07	0.0041816	5.0742e-09	-0.004182	3.2016e-07	-3.2026e-07
0.485	-5.707e-05	8.2947e-09	5.682e-05	3.202e-07	-3.201e-07	0.00069842	7.8531e-09	-0.00069872	3.2022e-07	-3.2006e-07	0.0013772	7.441e-09	-0.0013782	3.202e-07	-3.2014e-07	0.0019842	7.0632e-09	-0.0019826	3.2016e-07	-3.2016e-07	0.0025144	6.7579e-09	-0.0025144	3.1998e-07	-3.1998e-07	0.002978	6.4487e-09	-0.0029766	3.2012e-07	-3.2018e-07	0.003378	6.1667e-09	-0.003377	3.2016e-07	-3.2016e-07	0.0037206	5.9248e-09	-0.0037202	3.2004e-07	-3.201e-07	0.0040082	5.691e-09	-0.004007	3.2018e-07	-3.2024e-07	0.004249	5.4893e-09	-0.0042478	3.2022e-07	-3.2028e-07	0.0044502	5.3111e-09	-0.0044476	3.2016e-07	-3.203e-07
0.49	-5.9536e-05	8.6916e-09	5.9752e-05	3.2022e-07	-3.2012e-07	0.0007293	8.233e-09	-0.00073008	3.2006e-07	-3.2004e-07	0.0014382	7.8076e-09	-0.0014384	3.202e-07	-3.201e-07	0.002076	7.4113e-09	-0.0020754	3.2014e-07	-3.2022e-07	0.0026378	7.0851e-09	-0.0026368	3.2008e-07	-3.2004e-07	0.0031282	6.7598e-09	-0.0031288	3.201e-07	-3.2022e-07	0.003555	6.4686e-09	-0.0035564	3.2012e-07	-3.2014e-07	0.0039248	6.2039e-09	-0.003924	3.1996e-07	-3.2006e-07	0.004236	5.9541e-09	-0.004235	3.2022e-07	-3.2022e-07	0.0045004	5.7463e-09	-0.004498	3.2022e-07	-3.2028e-07	0.0047192	5.5494e-09	-0.0047184	3.2022e-07	-3.2026e-07
0.495	-6.1634e-05	9.0778e-09	6.168e-05	3.201e-07	-3.2006e-07	0.00075718	8.6398e-09	-0.00075838	3.2022e-07	-3.2014e-07	0.0015012	8.17e-09	-0.0015	3.2024e-07	-3.202e-07	0.00217	7.7702e-09	-0.0021684	3.2012e-07	-3.201e-07	0.002762	7.4453e-09	-0.002762	3.2002e-07	-3.1996e-07	0.003284	7.0842e-09	-0.0032836	3.2004e-07	-3.2016e-07	0.0037396	6.778e-09	-0.0037392	3.201e-07	-3.2016e-07	0.0041362	6.4967e-09	-0.0041344	3.201e-07	-3.2016e-07	0.004471	6.2399e-09	-0.0044712	3.2016e-07	-3.202e-07	0.004756	6.0112e-09	-0.0047566	3.2016e-07	-3.2026e-07	0.004997	5.8089e-09	-0.0049956	3.2024e-07	-3.2022e-07
0.5	-6.416e-05	9.5015e-09	6.381e-05	3.2018e-07	-3.201e-07	0.00078824	9.0422e-09	-0.0007875	3.2018e-07	-3.2008e-07	0.0015622	8.5579e-09	-0.001562	3.2016e-07	-3.201e-07	0.0022614	8.1404e-09	-0.0022616	3.201e-07	-3.2014e-07	0.0028856	7.782e-09	-0.002885	3.2004e-07	-3.2002e-07	0.0034382	7.4232e-09	-0.0034368	3.201e-07	-3.2014e-07	0.0039218	7.0948e-09	-0.003922	3.2016e-07	-3.2014e-07	0.0043454	6.7988e-09	-0.0043436	3.2008e-07	-3.2012e-07	0.0047058	6.5376e-09	-0.004706	3.2016e-07	-3.2022e-07	0.0050148	6.2826e-09	-0.0050146	3.2022e-07	-3.2022e-07	0.0052772	6.0718e-09	-0.005276	3.2024e-07	-3.2034e-07
0.505	-6.6146e-05	9.9609e-09	6.6156e-05	3.2018e-07	-3.201e-07	0.00081666	9.4801e-09	-0.00081648	3.2016e-07	-3.2012e-07	0.0016232	8.966e-09	-0.0016226	3.2012e-07	-3.2008e-07	0.0023556	8.5454e-09	-0.002355	3.201e-07	-3.201e-07	0.00301	8.1532e-09	-0.0030088	3.2004e-07	-3.2004e-07	0.0035936	7.7778e-09	-0.003592	3.2018e-07	-3.2008e-07	0.0041062	7.4352e-09	-0.0041068	3.2012e-07	-3.2018e-07	0.0045576	7.1224e-09	-0.0045568	3.2002e-07	-3.201e-07	0.0049468	6.838e-09	-0.0049472	3.2018e-07	-3.202e-07	0.0052808	6.5849e-09	-0.0052786	3.2018e-07	-3.2028e-07	0.0055622	6.3509e-09	-0.005563	3.2024e-07	-3.2032e-07
0.51	-6.8476e-05	1.04465e-08	6.8472e-05	3.2012e-07	-3.2008e-07	0.00084526	9.9141e-09	-0.00084618	3.2012e-07	-3.2002e-07	0.0016828	9.4046e-09	-0.0016812	3.2016e-07	-3.201e-07	0.0024462	8.9289e-09	-0.0024454	3.2012e-07	-3.2014e-07	0.003132	8.5376e-09	-0.0031316	3.2006e-07	-3.2008e-07	0.0037456	8.1437e-09	-0.0037448	3.201e-07	-3.202e-07	0.0042902	7.7834e-09	-0.0042902	3.2014e-07	-3.2014e-07	0.0047698	7.4536e-09	-0.0047694	3.2006e-07	-3.201e-07	0.0051848	7.1704e-09	-0.0051852	3.2022e-07	-3.2028e-07	0.005543	6.8821e-09	-0.0055422	3.2016e-07	-3.2028e-07	0.00585	6.6417e-09	-0.0058494	3.2024e-07	-3.203e-07
0.515	-7.0198e-05	1.09146e-08	7.051e-05	3.2018e-07	-3.2014e-07	0.0008738	1.03908e-08	-0.00087456	3.2012e-07	-3.2002e-07	0.001743	9.847e-09	-0.0017416	3.2014e-07	-3.2004e-07	0.002538	9.3737e-09	-0.0025378	3.2016e-07	-3.2016e-07	0.0032564	8.9368e-09	-0.0032546	3.1996e-07	-3.2004e-07	0.003902	8.5264e-09	-0.0039016	3.2016e-07	-3.2016e-07	0.0044762	8.1496e-09	-0.004476	3.2012e-07	-3.2016e-07	0.0049844	7.8051e-09	-0.0049838	3.201e-07	-3.2018e-07	0.0054278	7.4884e-09	-0.0054284	3.2012e-07	-3.2026e-07	0.0058128	7.1989e-09	-0.0058108	3.2016e-07	-3.2036e-07	0.0061422	6.9421e-09	-0.0061428	3.2016e-07	-3.2028e-07
0.52	-7.2348e-05	1.1423e-08	7.2418e-05	3.2022e-07	-3.2008e-07	0.00090082	1.08774e-08	-0.000902	3.2014e-07	-3.201e-07	0.0018022	1.0296e-08	-0.001801	3.2006e-07	-3.2004e-07	0.0026278	9.7922e-09	-0.0026278	3.2012e-07	-3.2016e-07	0.0033774	9.3748e-09	-0.0033782	3.2006e-07	-3.2008e-07	0.0040534	8.9256e-09	-0.0040524	3.2016e-07	-3.2018e-07	0.0046586	8.5298e-09	-0.0046572	3.2016e-07	-3.202e-07	0.0051952	8.1608e-09	-0.005195	3.201e-07	-3.2016e-07	0.0056696	7.8299e-09	-0.0056658	3.2024e-07	-3.2028e-07	0.006076	7.5335e-09	-0.0060766	3.2012e-07	-3.2026e-07	0.0064352	7.2543e-09	-0.0064336	3.2026e-07	-3.2034e-07
0.525	-7.3662e-05	1.2003e-08	7.4858e-05	3.2012e-07	-3.2012e-07	0.00093034	1.13713e-08	-0.00093062	3.2012e-07	-3.2012e-07	0.0018602	1.07705e-08	-0.0018598	3.2004e-07	-3.2002e-07	0.002719	1.02512e-08	-0.0027178	3.2016e-07	-3.2014e-07	0.0035004	9.7947e-09	-0.0034994	3.201e-07	-3.2008e-07	0.0042068	9.3367e-09	-0.0042054	3.2008e-07	-3.2008e-07	0.004843	8.9194e-09	-0.004842	3.201e-07	-3.2022e-07	0.0054116	8.5381e-09	-0.0054106	3.2014e-07	-3.2018e-07	0.0059114	8.1868e-09	-0.0059114	3.202e-07	-3.2028e-07	0.00635	7.8624e-09	-0.0063482	3.2016e-07	-3.2032e-07	0.0067302	7.5764e-09	-0.006729	3.203e-07	-3.2034e-07
0.53	-7.5434e-05	1.25412e-08	7.6562e-05	3.2016e-07	-3.2012e-07	0.0009581	1.19244e-08	-0.00095752	3.2022e-07	-3.2016e-07	0.0019182	1.12635e-08	-0.0019174	3.2016e-07	-3.2002e-07	0.0028064	1.07157e-08	-0.0028052	3.202e-07	-3.2016e-07	0.0036182	1.0243e-08	-0.0036162	3.2006e-07	-3.2004e-07	0.0043552	9.7614e-09	-0.0043552	3.2018e-07	-3.2014e-07	0.0050228	9.3227e-09	-0.0050218	3.2016e-07	-3.2012e-07	0.0056192	8.9276e-09	-0.0056216	3.2012e-07	-3.201e-07	0.0061514	8.5533e-09	-0.0061516	3.2026e-07	-3.203e-07	0.0066162	8.2162e-09	-0.0066164	3.202e-07	-3.2034e-07	0.0070246	7.9181e-09	-0.0070228	3.2018e-07	-3.2044e-07
0.535	-7.7652e-05	1.31044e-08	7.8566e-05	3.2024e-07	-3.2014e-07	0.00098388	1.2461e-08	-0.00098318	3.2016e-07	-3.2016e-07	0.0019762	1.18112e-08	-0.0019756	3.201e-07	-3.2012e-07	0.002895	1.12119e-08	-0.0028932	3.2014e-07	-3.2014e-07	0.0037376	1.07147e-08	-0.0037378	3.2004e-07	-3.2006e-07	0.0045068	1.02179e-08	-0.0045062	3.2014e-07	-3.2008e-07	0.0052062	9.758e-09	-0.0052032	3.2016e-07	-3.2014e-07	0.005835	9.3301e-09	-0.0058326	3.2006e-07	-3.2014e-07	0.0063932	8.9367e-09	-0.0063942	3.2024e-07	-3.2026e-07	0.0068882	8.5887e-09	-0.0068878	3.2016e-07	-3.2028e-07	0.0073228	8.2697e-09	-0.007322	3.2028e-07	-3.204e-07
0.54	-7.9596e-05	1.37038e-08	8.0546e-05	3.2016e-07	-3.2008e-07	0.00101034	1.30276e-08	-0.00101008	3.2016e-07	-3.2016e-07	0.0020304	1.23466e-08	-0.0020292	3.2014e-07	-3.2012e-07	0.0029816	1.17494e-08	-0.002977	3.201e-07	-3.201e-07	0.003854	1.11999e-08	-0.0038532	3.2004e-07	-3.2008e-07	0.0046536	1.067e-08	-0.0046536	3.2004e-07	-3.201e-07	0.0053832	1.02004e-08	-0.0053816	3.2012e-07	-3.2014e-07	0.0060422	9.7494e-09	-0.0060404	3.2024e-07	-3.202e-07	0.0066334	9.3544e-09	-0.0066314	3.2022e-07	-3.2034e-07	0.007157	8.987e-09	-0.0071546	3.2016e-07	-3.2026e-07	0.0076174	8.638e-09	-0.0076172	3.2034e-07	-3.2038e-07
0.545	-8.1248e-05	1.4348e-08	8.2084e-05	3.202e-07	-3.201e-07	0.00103698	1.3633e-08	-0.00103682	3.2018e-07	-3.201e-07	0.0020848	1.29222e-08	-0.0020846	3.201e-07	-3.201e-07	0.0030662	1.22878e-08	-0.003065	3.2012e-07	-3.201e-07	0.0039714	1.1735e-08	-0.0039692	3.201e-07	-3.2004e-07	0.0048022	1.11759e-08	-0.0048016	3.2004e-07	-3.2006e-07	0.005561	1.06798e-08	-0.0055604	3.2012e-07	-3.2016e-07	0.0062532	1.01976e-08	-0.0062502	3.2012e-07	-3.2026e-07	0.0068722	9.7654e-09	-0.0068706	3.2024e-07	-3.2026e-07	0.007427	9.3736e-09	-0.0074246	3.203e-07	-3.203e-07	0.0079184	9.017e-09	-0.0079168	3.2022e-07	-3.2042e-07
0.55	-8.2728e-05	1.49716e-08	8.3868e-05	3.2016e-07	-3.2014e-07	0.00106276	1.42326e-08	-0.0010618	3.2016e-07	-3.2016e-07	0.0021408	1.3494e-08	-0.0021412	3.201e-07	-3.2014e-07	0.0031494	1.2853e-08	-0.0031484	3.2018e-07	-3.201e-07	0.0040842	1.22758e-08	-0.004083	3.2004e-07	-3.201e-07	0.0049468	1.17184e-08	-0.0049442	3.2e-07	-3.2008e-07	0.0057348	1.11703e-08	-0.0057332	3.201e-07	-3.201e-07	0.006457	1.06459e-08	-0.0064544	3.2018e-07	-3.203e-07	0.0071086	1.0203e-08	-0.0071066	3.2024e-07	-3.203e-07	0.0076902	9.7825e-09	-0.0076894	3.2026e-07	-3.204e-07	0.0082076	9.4114e-09	-0.0082078	3.2034e-07	-3.2048e-07
0.555	-8.4818e-05	1.56382e-08	8.5896e-05	3.2016e-07	-3.2008e-07	0.00108746	1.4867e-08	-0.00108668	3.2024e-07	-3.2016e-07	0.002193	1.41032e-08	-0.0021952	3.2006e-07	-3.2006e-07	0.003232	1.34204e-08	-0.003231	3.2008e-07	-3.2004e-07	0.0041984	1.28182e-08	-0.0041948	3.2004e-07	-3.2004e-07	0.00509	1.22364e-08	-0.005089	3.2008e-07	-3.2002e-07	0.0059106	1.16786e-08	-0.0059086	3.2004e-07	-3.2016e-07	0.0066628	1.11271e-08	-0.0066618	3.2022e-07	-3.2024e-07	0.0073444	1.06577e-08	-0.0073434	3.2022e-07	-3.203e-07	0.0079572	1.02147e-08	-0.007956	3.2028e-07	-3.2036e-07	0.0085066	9.8158e-09	-0.0085056	3.203e-07	-3.2046e-07
0.56	-8.694e-05	1.63398e-08	8.81e-05	3.2016e-07	-3.2004e-07	0.00111114	1.55552e-08	-0.00111196	3.2012e-07	-3.2016e-07	0.0022464	1.47462e-08	-0.0022454	3.2016e-07	-3.2e-07	0.0033134	1.4014e-08	-0.0033104	3.2006e-07	-3.2004e-07	0.0043054	1.33968e-08	-0.004307	3.2004e-07	-3.2012e-07	0.005228	1.27868e-08	-0.0052274	3.2006e-07	-3.2008e-07	0.0060776	1.22048e-08	-0.0060796	3.2012e-07	-3.2016e-07	0.0068642	1.165e-08	-0.0068618	3.2024e-07	-3.2034e-07	0.0075758	1.11194e-08	-0.0075746	3.2022e-07	-3.2026e-07	0.0082184	1.06627e-08	-0.0082164	3.2034e-07	-3.2044e-07	0.0087952	1.02474e-08	-0.008795	3.2022e-07	-3.2032e-07
0.565	-8.8998e-05	1.70718e-08	9.0058e-05	3.201e-07	-3.2008e-07	0.0011365	1.62258e-08	-0.00113628	3.2018e-07	-3.2016e-07	0.002298	1.53986e-08	-0.0022972	3.201e-07	-3.2012e-07	0.003392	1.4649e-08	-0.003392	3.201e-07	-3.2002e-07	0.0044138	1.39864e-08	-0.0044158	3.2002e-07	-3.2008e-07	0.0053678	1.33628e-08	-0.0053664	3.2004e-07	-3.2008e-07	0.0062504	1.27502e-08	-0.0062488	3.2006e-07	-3.2008e-07	0.0070646	1.21768e-08	-0.0070628	3.2022e-07	-3.2032e-07	0.007806	1.16448e-08	-0.0078074	3.2022e-07	-3.203e-07	0.0084792	1.11341e-08	-0.0084784	3.203e-07	-3.204e-07	0.0090862	1.06893e-08	-0.0090868	3.2022e-07	-3.2038e-07
0.57	-9.0708e-05	1.78418e-08	9.1836e-05	3.2016e-07	-3.2008e-07	0.00115008	1.69362e-08	-0.001158	3.2024e-07	-3.2014e-07	0.0023494	1.6081e-08	-0.0023464	3.2004e-07	-3.1998e-07	0.00347	1.53306e-08	-0.003471	3.2006e-07	-3.2008e-07	0.0045212	1.461e-08	-0.0045198	3.2008e-07	-3.2002e-07	0.0055012	1.39486e-08	-0.005502	3.2012e-07	-3.2008e-07	0.0064144	1.33068e-08	-0.006415	3.2012e-07	-3.2012e-07	0.0072586	1.27056e-08	-0.0072596	3.2024e-07	-3.2028e-07	0.0080312	1.2165e-08	-0.0080324	3.2028e-07	-3.2034e-07	0.0087346	1.16398e-08	-0.008735	3.203e-07	-3.2038e-07	0.0093726	1.11523e-08	-0.0093716	3.2034e-07	-3.2046e-07
0.575	-9.2534e-05	1.86066e-08	9.3386e-05	3.2022e-07	-3.2016e-07	0.0011836	1.76934e-08	-0.0011818	3.2018e-07	-3.201e-07	0.0023974	1.67908e-08	-0.002396	3.2006e-07	-3.201e-07	0.0035458	1.60024e-08	-0.0035458	3.2006e-07	-3.2002e-07	0.0046266	1.52544e-08	-0.0046264	3.2006e-07	-3.201e-07	0.0056362	1.45714e-08	-0.0056366	3.201e-07	-3.2016e-07	0.0065796	1.39128e-08	-0.0065786	3.2008e-07	-3.2014e-07	0.0074522	1.32618e-08	-0.0074544	3.2018e-07	-3.202e-07	0.0082568	1.2716e-08	-0.0082556	3.2034e-07	-3.2036e-07	0.008993	1.21544e-08	-0.0089912	3.2024e-07	-3.2036e-07	0.0096574	1.16638e-08	-0.0096582	3.203e-07	-3.2038e-07
0.58	-9.4136e-05	1.94342e-08	9.4984e-05	3.2022e-07	-3.201e-07	0.0012064	1.84602e-08	-0.0012044	3.2022e-07	-3.2014e-07	0.0024468	1.75334e-08	-0.002446	3.201e-07	-3.2004e-07	0.0036206	1.67098e-08	-0.003621	3.201e-07	-3.2006e-07	0.0047304	1.59174e-08	-0.0047272	3.2008e-07	-3.2008e-07	0.0057686	1.52072e-08	-0.0057682	3.2008e-07	-3.2004e-07	0.0067388	1.45084e-08	-0.0067402	3.2012e-07	-3.201e-07	0.007643	1.38422e-08	-0.0076414	3.2024e-07	-3.202e-07	0.0084766	1.3257e-08	-0.0084746	3.2026e-07	-3.2034e-07	0.009241	1.26818e-08	-0.009241	3.2028e-07	-3.2034e-07	0.0099398	1.21636e-08	-0.0099388	3.2034e-07	-3.2036e-07
0.585	-9.6158e-05	2.02934e-08	9.66e-05	3.2018e-07	-3.2008e-07	0.0012262	1.92808e-08	-0.0012278	3.2016e-07	-3.2014e-07	0.0024926	1.83076e-08	-0.0024914	3.2012e-07	-3.2e-07	0.0036958	1.74482e-08	-0.0036954	3.2006e-07	-3.2004e-07	0.0048308	1.66402e-08	-0.0048282	3.2012e-07	-3.2016e-07	0.005897	1.5879e-08	-0.005895	3.2012e-07	-3.2014e-07	0.006899	1.5151e-08	-0.006899	3.201e-07	-3.2016e-07	0.0078338	1.4453e-08	-0.0078316	3.2018e-07	-3.2026e-07	0.0086958	1.38438e-08	-0.0086958	3.2032e-07	-3.2034e-07	0.009491	1.32344e-08	-0.0094896	3.2024e-07	-3.2032e-07	0.0102192	1.26872e-08	-0.0102176	3.2038e-07	-3.2048e-07
0.59	-9.7712e-05	2.11532e-08	9.799e-05	3.2018e-07	-3.2002e-07	0.0012488	2.01276e-08	-0.0012472	3.202e-07	-3.2014e-07	0.0025394	1.91044e-08	-0.0025386	3.2012e-07	-3.2006e-07	0.0037656	1.81938e-08	-0.003768	3.2004e-07	-3.2004e-07	0.004928	1.73494e-08	-0.0049266	3.2004e-07	-3.2006e-07	0.0060212	1.65738e-08	-0.0060206	3.2004e-07	-3.2006e-07	0.0070518	1.57806e-08	-0.0070508	3.2016e-07	-3.2016e-07	0.0080152	1.50682e-08	-0.0080144	3.2022e-07	-3.2022e-07	0.0089068	1.44284e-08	-0.008907	3.2022e-07	-3.2026e-07	0.009733	1.38028e-08	-0.0097318	3.2024e-07	-3.2034e-07	0.010492	1.3226e-08	-0.0104936	3.2034e-07	-3.204e-07
0.595	-9.8914e-05	2.20698e-08	9.9896e-05	3.2014e-07	-3.2008e-07	0.0012698	2.0988e-08	-0.0012708	3.2016e-07	-3.2016e-07	0.0025864	1.99418e-08	-0.0025832	3.2004e-07	-3.2004e-07	0.00384	1.9012e-08	-0.0038366	3.2004e-07	-3.2004e-07	0.005027	1.81024e-08	-0.005024	3.2008e-07	-3.2012e-07	0.0061478	1.72584e-08	-0.006146	3.201e-07	-3.2012e-07	0.0072074	1.64706e-08	-0.0072034	3.201e-07	-3.2014e-07	0.008198	1.57426e-08	-0.0081978	3.2018e-07	-3.2026e-07	0.0091204	1.50664e-08	-0.0091222	3.202e-07	-3.2032e-07	0.0099758	1.43784e-08	-0.009976	3.2028e-07	-3.2038e-07	0.0107636	1.3796e-08	-0.0107624	3.203e-07	-3.2042e-07
0.6	-0.000100468	2.30128e-08	0.000101062	3.202e-07	-3.201e-07	0.0012912	2.19018e-08	-0.0012906	3.2018e-07	-3.201e-07	0.002628	2.0802e-08	-0.0026272	3.2006e-07	-3.201e-07	0.003906	1.98212e-08	-0.003906	3.2e-07	-3.2e-07	0.0051204	1.88908e-08	-0.0051168	3.2006e-07	-3.2008e-07	0.006269	1.80138e-08	-0.0062674	3.2008e-07	-3.2014e-07	0.0073536	1.71674e-08	-0.0073518	3.202e-07	-3.2016e-07	0.0083728	1.6403e-08	-0.0083718	3.2022e-07	-3.2026e-07	0.0093262	1.5668e-08	-0.0093244	3.2026e-07	-3.2034e-07	0.0102114	1.50086e-08	-0.0102088	3.2024e-07	-3.2036e-07	0.0110284	1.43766e-08	-0.0110282	3.2034e-07	-3.2046e-07
0.605	-0.000102082	2.4038e-08	0.000102916	3.2016e-07	-3.2004e-07	0.0013114	2.28582e-08	-0.0013104	3.2016e-07	-3.2008e-07	0.0026706	2.17182e-08	-0.0026688	3.201e-07	-3.2002e-07	0.003975	2.07016e-08	-0.0039722	3.2008e-07	-3.1998e-07	0.0052134	1.97278e-08	-0.0052146	3.201e-07	-3.2012e-07	0.0063882	1.88084e-08	-0.006387	3.2006e-07	-3.2014e-07	0.0075012	1.79236e-08	-0.0075008	3.201e-07	-3.2012e-07	0.0085478	1.71064e-08	-0.0085492	3.202e-07	-3.202e-07	0.0095294	1.63566e-08	-0.0095282	3.2028e-07	-3.2034e-07	0.0104452	1.56432e-08	-0.0104432	3.2022e-07	-3.2026e-07	0.0112916	1.49856e-08	-0.0112914	3.2034e-07	-3.2046e-07
0.61	-0.000103298	2.50376e-08	0.00010405	3.2016e-07	-3.2012e-07	0.0013312	2.3869e-08	-0.0013314	3.2018e-07	-3.201e-07	0.002713	2.26994e-08	-0.0027144	3.2014e-07	-3.2008e-07	0.0040382	2.15688e-08	-0.0040394	3.2002e-07	-3.2004e-07	0.0053014	2.05802e-08	-0.0053004	3.2014e-07	-3.2016e-07	0.0065034	1.95934e-08	-0.0065038	3.2006e-07	-3.201e-07	0.0076432	1.86758e-08	-0.0076422	3.2014e-07	-3.2018e-07	0.008722	1.7842e-08	-0.0087188	3.2022e-07	-3.202e-07	0.0097296	1.7082e-08	-0.0097292	3.203e-07	-3.2032e-07	0.0106722	1.63062e-08	-0.01067	3.2026e-07	-3.203e-07	0.011582	1.56278e-08	-0.011556	3.2032e-07	-3.2044e-07
0.615	-0.000105042	2.61554e-08	0.000105746	3.2022e-07	-3.2014e-07	0.0013496	2.48706e-08	-0.0013492	3.2014e-07	-3.2012e-07	0.0027546	2.36602e-08	-0.002755	3.2012e-07	-3.2002e-07	0.0041036	2.2522e-08	-0.0041026	3.201e-07	-3.2008e-07	0.0053922	2.1452e-08	-0.0053916	3.2014e-07	-3.202e-07	0.0066186	2.04434e-08	-0.0066184	3.201e-07	-3.201e-07	0.0077854	1.94934e-08	-0.007782	3.201e-07	-3.2014e-07	0.0088882	1.86246e-08	-0.0088862	3.2028e-07	-3.2022e-07	0.0099272	1.782e-08	-0.0099266	3.203e-07	-3.2038e-07	0.0108992	1.70116e-08	-0.0108964	3.2014e-07	-3.2028e-07	0.011836	1.6298e-08	-0.011808	3.203e-07	-3.2044e-07
0.62	-0.000106496	2.7261e-08	0.00010689	3.2018e-07	-3.2012e-07	0.0013692	2.59436e-08	-0.0013686	3.2014e-07	-3.2008e-07	0.0027936	2.46788e-08	-0.0027962	3.2008e-07	-3.201e-07	0.004168	2.35142e-08	-0.0041656	3.201e-07	-3.2004e-07	0.0054786	2.2374e-08	-0.005478	3.2018e-07	-3.202e-07	0.006729	2.13132e-08	-0.0067282	3.2004e-07	-3.2008e-07	0.0079222	2.03268e-08	-0.0079194	3.2012e-07	-3.2014e-07	0.0090526	1.9419e-08	-0.009053	3.202e-07	-3.2022e-07	0.0101174	1.85838e-08	-0.0101176	3.2028e-07	-3.2038e-07	0.0111162	1.77444e-08	-0.0111188	3.202e-07	-3.2032e-07	0.012086	1.69834e-08	-0.01206	3.2034e-07	-3.2042e-07
0.625	-0.000107806	2.84586e-08	0.000108494	3.202e-07	-3.2014e-07	0.0013856	2.7071e-08	-0.0013876	3.2016e-07	-3.2008e-07	0.0028344	2.57792e-08	-0.0028336	3.201e-07	-3.2008e-07	0.004229	2.45322e-08	-0.0042284	3.2006e-07	-3.2008e-07	0.0055648	2.33348e-08	-0.0055614	3.201e-07	-3.2012e-07	0.0068398	2.2267e-08	-0.0068376	3.2012e-07	-3.201e-07	0.0080544	2.12116e-08	-0.0080546	3.2016e-07	-3.202e-07	0.009213	2.02484e-08	-0.009213	3.202e-07	-3.2022e-07	0.0103066	1.93652e-08	-0.010306	3.2034e-07	-3.2044e-07	0.0113352	1.84768e-08	-0.011335	3.2022e-07	-3.2028e-07	0.012334	1.76968e-08	-0.012304	3.2028e-07	-3.2042e-07
0.63	-0.000109428	2.96854e-08	0.000110062	3.2022e-07	-3.2014e-07	0.0014034	2.82374e-08	-0.001406	3.201e-07	-3.2004e-07	0.0028726	2.68688e-08	-0.0028722	3.2012e-07	-3.2006e-07	0.0042882	2.5594e-08	-0.0042872	3.2014e-07	-3.2008e-07	0.0056448	2.43278e-08	-0.0056462	3.2024e-07	-3.2016e-07	0.0069468	2.31874e-08	-0.0069458	3.2006e-07	-3.2014e-07	0.0081864	2.21052e-08	-0.008187	3.201e-07	-3.2014e-07	0.0093692	2.1094e-08	-0.009369	3.2022e-07	-3.2032e-07	0.0104916	2.01966e-08	-0.0104928	3.2032e-07	-3.2038e-07	0.011578	1.92686e-08	-0.011554	3.2032e-07	-3.2036e-07	0.012568	1.84672e-08	-0.012546	3.2036e-07	-3.2042e-07
0.635	-0.000110776	3.09576e-08	0.00011164	3.2016e-07	-3.2008e-07	0.0014234	2.94554e-08	-0.0014234	3.201e-07	-3.2008e-07	0.0029128	2.803e-08	-0.0029086	3.2006e-07	-3.2004e-07	0.0043478	2.66866e-08	-0.004346	3.2012e-07	-3.201e-07	0.0057284	2.53846e-08	-0.005727	3.2018e-07	-3.2016e-07	0.0070514	2.418e-08	-0.0070478	3.2016e-07	-3.2008e-07	0.0083176	2.3054e-08	-0.0083168	3.201e-07	-3.202e-07	0.0095242	2.20304e-08	-0.0095258	3.2022e-07	-3.2032e-07	0.0106712	2.10466e-08	-0.0106702	3.2032e-07	-3.2044e-07	0.011786	2.00966e-08	-0.011762	3.203e-07	-3.2038e-07	0.012806	1.92524e-08	-0.01278	3.2034e-07	-3.2046e-07
0.64	-0.000111994	3.2319e-08	0.000112892	3.2014e-07	-3.2006e-07	0.0014396	3.0735e-08	-0.0014412	3.201e-07	-3.2006e-07	0.0029466	2.92364e-08	-0.0029464	3.2008e-07	-3.2012e-07	0.0044022	2.78276e-08	-0.004404	3.2016e-07	-3.201e-07	0.0058064	2.64664e-08	-0.0058038	3.2018e-07	-3.201e-07	0.0071514	2.5207e-08	-0.0071512	3.2012e-07	-3.201e-07	0.008443	2.40624e-08	-0.008441	3.2012e-07	-3.2016e-07	0.0096756	2.29296e-08	-0.0096752	3.2024e-07	-3.2026e-07	0.0108454	2.19308e-08	-0.0108466	3.2036e-07	-3.204e-07	0.011988	2.09294e-08	-0.011964	3.2028e-07	-3.2038e-07	0.013034	2.00182e-08	-0.01301	3.2038e-07	-3.2046e-07
0.645	-0.000113474	3.37174e-08	0.0001141	3.2012e-07	-3.2004e-07	0.0014552	3.20462e-08	-0.0014566	3.201e-07	-3.2008e-07	0.002984	3.05096e-08	-0.0029806	3.2018e-07	-3.2012e-07	0.004463	2.90234e-08	-0.0044606	3.201e-07	-3.201e-07	0.0058818	2.76002e-08	-0.0058842	3.2008e-07	-3.2016e-07	0.007253	2.63134e-08	-0.0072518	3.2012e-07	-3.2014e-07	0.0085652	2.50694e-08	-0.0085658	3.2014e-07	-3.2014e-07	0.0098254	2.3931e-08	-0.0098248	3.2026e-07	-3.203e-07	0.0110222	2.28658e-08	-0.0110224	3.203e-07	-3.2034e-07	0.012192	2.18362e-08	-0.01216	3.2028e-07	-3.204e-07	0.013264	2.08658e-08	-0.01324	3.2042e-07	-3.2042e-07
0.65	-0.000114478	3.51594e-08	0.000114942	3.2018e-07	-3.2006e-07	0.001473	3.34252e-08	-0.0014742	3.201e-07	-3.2008e-07	0.003018	3.17958e-08	-0.0030162	3.2016e-07	-3.2016e-07	0.0045154	3.02058e-08	-0.004516	3.2004e-07	-3.1998e-07	0.0059586	2.8799e-08	-0.0059584	3.2004e-07	-3.2008e-07	0.0073504	2.7429e-08	-0.0073484	3.2016e-07	-3.201e-07	0.0086854	2.61244e-08	-0.0086862	3.201e-07	-3.202e-07	0.0099688	2.49178e-08	-0.0099688	3.2028e-07	-3.2026e-07	0.0111918	2.37782e-08	-0.0111876	3.2044e-07	-3.2042e-07	0.012388	2.27484e-08	-0.012358	3.2026e-07	-3.2032e-07	0.013484	2.17304e-08	-0.013458	3.2034e-07	-3.2046e-07
0.655	-0.000115038	3.67034e-08	0.000115004	3.2012e-07	-3.2012e-07	0.001488	3.4877e-08	-0.0014872	3.201e-07	-3.2004e-07	0.0030536	3.32002e-08	-0.0030514	3.2012e-07	-3.2004e-07	0.0045712	3.1509e-08	-0.0045696	3.2014e-07	-3.2008e-07	0.006033	3.0022e-08	-0.006033	3.202e-07	-3.201e-07	0.0074452	2.86134e-08	-0.007444	3.201e-07	-3.201e-07	0.008801	2.72512e-08	-0.0088034	3.2012e-07	-3.202e-07	0.0101088	2.60046e-08	-0.0101116	3.2026e-07	-3.203e-07	0.0113572	2.48144e-08	-0.0113588	3.2028e-07	-3.2032e-07	0.012578	2.36986e-08	-0.012556	3.2032e-07	-3.2034e-07	0.013708	2.2671e-08	-0.01368	3.204e-07	-3.2044e-07
0.66	-0.000115038	3.82788e-08	0.000115002	3.2014e-07	-3.2008e-07	0.0015042	3.6398e-08	-0.0015018	3.2006e-07	-3.2008e-07	0.0030842	3.45972e-08	-0.0030848	3.2004e-07	-3.2008e-07	0.0046218	3.28532e-08	-0.004619	3.2006e-07	-3.2012e-07	0.0061032	3.12938e-08	-0.0061056	3.2012e-07	-3.2008e-07	0.0075382	2.98058e-08	-0.007536	3.201e-07	-3.201e-07	0.0089172	2.84224e-08	-0.0089184	3.2008e-07	-3.2016e-07	0.010249	2.70982e-08	-0.0102478	3.2028e-07	-3.2032e-07	0.0115006	2.58356e-08	-0.011522	3.2028e-07	-3.2038e-07	0.012762	2.46982e-08	-0.012732	3.2026e-07	-3.2036e-07	0.013916	2.36026e-08	-0.013894	3.204e-07	-3.2054e-07
0.665	-0.000115042	3.99308e-08	0.00011932	3.202e-07	-3.2012e-07	0.0015224	3.7947e-08	-0.0015182	3.2006e-07	-3.2006e-07	0.0031176	3.6136e-08	-0.0031182	3.2008e-07	-3.2008e-07	0.004673	3.42762e-08	-0.0046714	3.2018e-07	-3.201e-07	0.0061742	3.26314e-08	-0.006175	3.2016e-07	-3.2018e-07	0.0076276	3.1087e-08	-0.0076288	3.2004e-07	-3.2014e-07	0.0090314	2.96112e-08	-0.0090286	3.2016e-07	-3.2014e-07	0.0103832	2.82308e-08	-0.0103788	3.2022e-07	-3.2032e-07	0.01171	2.69464e-08	-0.011682	3.203e-07	-3.2038e-07	0.012944	2.57344e-08	-0.012922	3.2026e-07	-3.2038e-07	0.014126	2.45856e-08	-0.014102	3.2036e-07	-3.2052e-07
0.67	-0.0001223	4.16452e-08	0.00012254	3.2014e-07	-3.201e-07	0.0015362	3.95786e-08	-0.0015356	3.201e-07	-3.2004e-07	0.0031492	3.76768e-08	-0.0031478	3.2012e-07	-3.201e-07	0.004722	3.57546e-08	-0.0047208	3.2008e-07	-3.2004e-07	0.0062432	3.40346e-08	-0.006243	3.2016e-07	-3.201e-07	0.0077166	3.24084e-08	-0.0077162	3.201e-07	-3.201e-07	0.009138	3.0885e-08	-0.0091384	3.201e-07	-3.2014e-07	0.0105162	2.94128e-08	-0.010513	3.2022e-07	-3.2028e-07	0.011864	2.80894e-08	-0.011836	3.2034e-07	-3.2042e-07	0.013124	2.67964e-08	-0.013102	3.203e-07	-3.2032e-07	0.014324	2.56078e-08	-0.0143	3.2044e-07	-3.2046e-07
0.675	-0.00012402	4.34752e-08	0.00012184	3.2014e-07	-3.2004e-07	0.0015448	4.13084e-08	-0.0015484	3.2014e-07	-3.2004e-07	0.003179	3.92998e-08	-0.0031806	3.201e-07	-3.2012e-07	0.0047696	3.73096e-08	-0.00477	3.2004e-07	-3.201e-07	0.0063122	3.5505e-08	-0.0063094	3.2016e-07	-3.2008e-07	0.0078052	3.37992e-08	-0.0078026	3.201e-07	-3.2006e-07	0.0092466	3.22034e-08	-0.0092466	3.2012e-07	-3.2016e-07	0.0106442	3.06834e-08	-0.0106424	3.2018e-07	-3.2028e-07	0.012016	2.92572e-08	-0.01199	3.203e-07	-3.2034e-07	0.013302	2.7935e-08	-0.013274	3.2032e-07	-3.2036e-07	0.01453	2.66958e-08	-0.014506	3.2034e-07	-3.205e-07
0.68	-0.00012342	4.53694e-08	0.00012078	3.2018e-07	-3.201e-07	0.0015646	4.3104e-08	-0.0015628	3.201e-07	-3.2008e-07	0.0032084	4.0983e-08	-0.0032094	3.201e-07	-3.2e-07	0.0048196	3.88942e-08	-0.0048158	3.2006e-07	-3.201e-07	0.0063756	3.70152e-08	-0.0063744	3.201e-07	-3.2012e-07	0.0078884	3.52256e-08	-0.0078844	3.2012e-07	-3.2006e-07	0.0093508	3.3555e-08	-0.0093504	3.2014e-07	-3.2014e-07	0.0107656	3.19728e-08	-0.0107704	3.2026e-07	-3.203e-07	0.012164	3.04918e-08	-0.012134	3.2032e-07	-3.2036e-07	0.013472	2.9125e-08	-0.013444	3.2026e-07	-3.2036e-07	0.014726	2.78084e-08	-0.014698	3.204e-07	-3.2046e-07
0.685	-0.00012628	4.73396e-08	0.00012376	3.2016e-07	-3.201e-07	0.001578	4.4961e-08	-0.0015756	3.2006e-07	-3.2004e-07	0.0032394	4.27732e-08	-0.0032416	3.2016e-07	-3.2004e-07	0.0048636	4.05988e-08	-0.0048632	3.2006e-07	-3.2008e-07	0.00644	3.8602e-08	-0.006438	3.2012e-07	-3.2008e-07	0.007969	3.67316e-08	-0.007971	3.201e-07	-3.2014e-07	0.0094536	3.4988e-08	-0.0094534	3.2016e-07	-3.2012e-07	0.0108918	3.33394e-08	-0.0108906	3.2026e-07	-3.2032e-07	0.01231	3.18022e-08	-0.012286	3.2024e-07	-3.2038e-07	0.013638	3.03524e-08	-0.013614	3.2028e-07	-3.2032e-07	0.014916	2.8983e-08	-0.01489	3.2038e-07	-3.2048e-07
0.69	-0.00012956	4.9381e-08	0.00012422	3.202e-07	-3.2014e-07	0.001589	4.69122e-08	-0.00159	3.201e-07	-3.2008e-07	0.0032666	4.4594e-08	-0.0032666	3.2006e-07	-3.2012e-07	0.004907	4.23208e-08	-0.0049082	3.2012e-07	-3.2002e-07	0.0065026	4.02676e-08	-0.0065034	3.2004e-07	-3.2008e-07	0.0080508	3.83004e-08	-0.0080506	3.2008e-07	-3.2014e-07	0.0095524	3.64856e-08	-0.0095514	3.201e-07	-3.2018e-07	0.0110104	3.47416e-08	-0.0110104	3.2022e-07	-3.2036e-07	0.01245	3.31352e-08	-0.012418	3.2034e-07	-3.2036e-07	0.013802	3.16126e-08	-0.013776	3.2028e-07	-3.2034e-07	0.015102	3.01764e-08	-0.015078	3.204e-07	-3.2044e-07
0.695	-0.00012436	5.1527e-08	0.00012618	3.201e-07	-3.2006e-07	0.0016062	4.89282e-08	-0.001603	3.201e-07	-3.2006e-07	0.003297	4.6504e-08	-0.0032944	3.2004e-07	-3.2e-07	0.0049534	4.41518e-08	-0.0049542	3.2006e-07	-3.2004e-07	0.0065632	4.1978e-08	-0.006563	3.2006e-07	-3.2008e-07	0.0081268	3.99442e-08	-0.008128	3.201e-07	-3.2008e-07	0.0096484	3.8027e-08	-0.0096468	3.2012e-07	-3.2012e-07	0.0111276	3.62186e-08	-0.0111234	3.2026e-07	-3.2028e-07	0.012584	3.45096e-08	-0.012558	3.2032e-07	-3.2032e-07	0.013962	3.293e-08	-0.013934	3.2032e-07	-3.2038e-07	0.015284	3.14414e-08	-0.015262	3.2034e-07	-3.204e-07
0.7	-0.0001263	5.3807e-08	0.00012834	3.2018e-07	-3.2006e-07	0.0016176	5.10878e-08	-0.0016142	3.2014e-07	-3.2006e-07	0.0033254	4.8563e-08	-0.0033248	3.2006e-07	-3.2002e-07	0.004997	4.60342e-08	-0.0049952	3.2006e-07	-3.201e-07	0.0066222	4.38078e-08	-0.0066214	3.2004e-07	-3.2e-07	0.0082046	4.16554e-08	-0.008203	3.2012e-07	-3.2008e-07	0.0097454	3.9677e-08	-0.0097432	3.2012e-07	-3.2016e-07	0.0112426	3.77858e-08	-0.0112418	3.2028e-07	-3.2032e-07	0.012722	3.59818e-08	-0.012692	3.203e-07	-3.2036e-07	0.014118	3.4326e-08	-0.01409	3.2032e-07	-3.2042e-07	0.015462	3.27798e-08	-0.015438	3.2042e-07	-3.2056e-07
0.705	-0.0001295	5.6159e-08	0.00012578	3.2018e-07	-3.2014e-07	0.0016288	5.32584e-08	-0.0016248	3.201e-07	-3.2008e-07	0.0033484	5.0637e-08	-0.0033502	3.2006e-07	-3.2002e-07	0.0050368	4.80454e-08	-0.0050352	3.2012e-07	-3.201e-07	0.0066794	4.56712e-08	-0.0066782	3.201e-07	-3.2016e-07	0.008278	4.3454e-08	-0.0082782	3.201e-07	-3.2014e-07	0.0098364	4.13314e-08	-0.0098358	3.2012e-07	-3.2014e-07	0.011352	3.93726e-08	-0.0113536	3.2024e-07	-3.2032e-07	0.012852	3.75248e-08	-0.01283	3.2024e-07	-3.2044e-07	0.01427	3.57686e-08	-0.014242	3.203e-07	-3.204e-07	0.015636	3.4147e-08	-0.015608	3.2048e-07	-3.2056e-07
0.71	-0.00012856	5.86356e-08	0.00012824	3.2018e-07	-3.201e-07	0.0016398	5.56346e-08	-0.0016414	3.2014e-07	-3.201e-07	0.0033758	5.28528e-08	-0.0033768	3.2014e-07	-3.2008e-07	0.0050774	5.0141e-08	-0.0050806	3.2012e-07	-3.2008e-07	0.0067362	4.76432e-08	-0.006736	3.2016e-07	-3.2014e-07	0.0083538	4.53262e-08	-0.0083536	3.2008e-07	-3.2014e-07	0.0099278	4.31282e-08	-0.00993	3.2012e-07	-3.2012e-07	0.0114614	4.10776e-08	-0.0114604	3.2026e-07	-3.203e-07	0.012984	3.91246e-08	-0.01296	3.2026e-07	-3.2034e-07	0.014416	3.7305e-08	-0.014394	3.2034e-07	-3.2038e-07	0.015808	3.55712e-08	-0.015786	3.2046e-07	-3.2052e-07
0.715	-0.0001297	6.11884e-08	0.00013138	3.202e-07	-3.2012e-07	0.0016528	5.8045e-08	-0.0016524	3.2018e-07	-3.2014e-07	0.003403	5.51444e-08	-0.0034006	3.2008e-07	-3.2004e-07	0.0051184	5.2314e-08	-0.0051176	3.2008e-07	-3.2004e-07	0.0067928	4.96986e-08	-0.0067914	3.2012e-07	-3.2008e-07	0.008423	4.72578e-08	-0.008422	3.2016e-07	-3.2018e-07	0.0100174	4.49674e-08	-0.0100174	3.2016e-07	-3.202e-07	0.011604	4.2811e-08	-0.011574	3.2026e-07	-3.2036e-07	0.013104	4.07802e-08	-0.01308	3.2034e-07	-3.2044e-07	0.014562	3.88844e-08	-0.01454	3.203e-07	-3.2034e-07	0.015974	3.70814e-08	-0.015946	3.2046e-07	-3.2054e-07
0.72	-0.00013176	6.3916e-08	0.00012972	3.2022e-07	-3.2016e-07	0.0016666	6.06332e-08	-0.0016652	3.2012e-07	-3.2004e-07	0.0034264	5.7539e-08	-0.0034274	3.2004e-07	-3.2008e-07	0.0051558	5.46136e-08	-0.0051576	3.2012e-07	-3.2008e-07	0.0068474	5.18684e-08	-0.0068454	3.2012e-07	-3.2014e-07	0.0084938	4.93224e-08	-0.008494	3.2014e-07	-3.2014e-07	0.0101026	4.6917e-08	-0.010102	3.2012e-07	-3.2018e-07	0.011704	4.46216e-08	-0.011682	3.2024e-07	-3.203e-07	0.013232	4.25214e-08	-0.013204	3.203e-07	-3.2038e-07	0.014708	4.0525e-08	-0.014678	3.203e-07	-3.2038e-07	0.016136	3.86524e-08	-0.016112	3.2046e-07	-3.2044e-07
0.725	-0.00013298	6.67438e-08	0.0001328	3.2016e-07	-3.201e-07	0.0016764	6.3231e-08	-0.001674	3.2018e-07	-3.201e-07	0.0034546	6.00674e-08	-0.0034522	3.2012e-07	-3.2004e-07	0.0051948	5.69626e-08	-0.005194	3.201e-07	-3.2014e-07	0.0068986	5.41236e-08	-0.0068992	3.2002e-07	-3.201e-07	0.0085618	5.14392e-08	-0.008561	3.2014e-07	-3.2016e-07	0.010188	4.88804e-08	-0.0101854	3.2006e-07	-3.201e-07	0.011806	4.65468e-08	-0.011782	3.2022e-07	-3.2026e-07	0.013346	4.43014e-08	-0.013316	3.2036e-07	-3.2044e-07	0.014844	4.22242e-08	-0.014818	3.2034e-07	-3.2042e-07	0.016294	4.02844e-08	-0.016268	3.2044e-07	-3.205e-07
0.73	-0.000129	6.97344e-08	0.0001323	3.2026e-07	-3.2016e-07	0.0016874	6.60284e-08	-0.001686	3.2016e-07	-3.2008e-07	0.003474	6.2733e-08	-0.0034732	3.2008e-07	-3.2004e-07	0.0052322	5.95068e-08	-0.0052334	3.2006e-07	-3.2006e-07	0.006949	5.6484e-08	-0.0069486	3.201e-07	-3.201e-07	0.0086298	5.37036e-08	-0.008631	3.201e-07	-3.2012e-07	0.010271	5.10738e-08	-0.0102692	3.2016e-07	-3.202e-07	0.011908	4.85524e-08	-0.01188	3.2026e-07	-3.2032e-07	0.013466	4.62114e-08	-0.013442	3.203e-07	-3.2044e-07	0.01498	4.4047e-08	-0.014956	3.203e-07	-3.204e-07	0.016452	4.19914e-08	-0.01643	3.2042e-07	-3.205e-07
0.735	-0.00013288	7.28092e-08	0.0001365	3.2022e-07	-3.2008e-07	0.0016976	6.8999e-08	-0.0016978	3.2022e-07	-3.201e-07	0.0034984	6.5497e-08	-0.0034976	3.2012e-07	-3.2004e-07	0.0052692	6.20884e-08	-0.0052668	3.2008e-07	-3.2008e-07	0.0069994	5.89478e-08	-0.0070008	3.2008e-07	-3.201e-07	0.0086946	5.59916e-08	-0.0086952	3.2008e-07	-3.2016e-07	0.0103514	5.32506e-08	-0.0103482	3.2014e-07	-3.2014e-07	0.012004	5.06378e-08	-0.011978	3.2028e-07	-3.2028e-07	0.013578	4.81774e-08	-0.013554	3.204e-07	-3.2044e-07	0.015112	4.59032e-08	-0.015086	3.203e-07	-3.2038e-07	0.016602	4.37606e-08	-0.016574	3.2042e-07	-3.2054e-07
0.74	-0.00013416	7.60794e-08	0.00013642	3.2016e-07	-3.2012e-07	0.0017058	7.21266e-08	-0.0017096	3.2018e-07	-3.2016e-07	0.0035188	6.83836e-08	-0.003522	3.2008e-07	-3.2004e-07	0.005304	6.4853e-08	-0.0053016	3.201e-07	-3.201e-07	0.0070476	6.15526e-08	-0.0070484	3.201e-07	-3.2016e-07	0.008757	5.84354e-08	-0.0087566	3.2012e-07	-3.202e-07	0.0104302	5.55782e-08	-0.0104284	3.2016e-07	-3.2016e-07	0.0121	5.28466e-08	-0.012072	3.2024e-07	-3.2032e-07	0.013696	5.02532e-08	-0.013668	3.2038e-07	-3.2046e-07	0.015246	4.78996e-08	-0.01522	3.203e-07	-3.204e-07	0.016744	4.56354e-08	-0.016726	3.2044e-07	-3.205e-07
0.745	-0.0001382	7.94634e-08	0.00013446	3.2016e-07	-3.2004e-07	0.001718	7.53114e-08	-0.001718	3.2026e-07	-3.2014e-07	0.003543	7.1406e-08	-0.0035424	3.2014e-07	-3.2006e-07	0.0053372	6.76916e-08	-0.0053376	3.2008e-07	-3.201e-07	0.0070954	6.42214e-08	-0.0070988	3.2012e-07	-3.2012e-07	0.0088186	6.10114e-08	-0.008817	3.2012e-07	-3.201e-07	0.0105038	5.79738e-08	-0.0104998	3.2012e-07	-3.202e-07	0.012186	5.51186e-08	-0.012166	3.203e-07	-3.2038e-07	0.013806	5.24396e-08	-0.013776	3.2034e-07	-3.2038e-07	0.015368	4.99242e-08	-0.01534	3.2028e-07	-3.2038e-07	0.016896	4.7551e-08	-0.016868	3.2042e-07	-3.2052e-07
0.75	-0.00013726	8.30726e-08	0.0001339	3.2012e-07	-3.2006e-07	0.001727	7.8691e-08	-0.001731	3.2018e-07	-3.2008e-07	0.0035658	7.4606e-08	-0.0035668	3.2008e-07	-3.2002e-07	0.0053756	7.07192e-08	-0.0053706	3.2006e-07	-3.2e-07	0.0071426	6.70708e-08	-0.0071412	3.2012e-07	-3.2008e-07	0.0088802	6.36898e-08	-0.0088764	3.201e-07	-3.201e-07	0.0105798	6.05208e-08	-0.010582	3.2016e-07	-3.2018e-07	0.01228	5.75176e-08	-0.012256	3.2026e-07	-3.2028e-07	0.013904	5.47192e-08	-0.013878	3.204e-07	-3.2034e-07	0.015494	5.2073e-08	-0.015468	3.203e-07	-3.204e-07	0.017036	4.9609e-08	-0.01701	3.204e-07	-3.2056e-07
0.755	-0.00014004	8.68006e-08	0.00013634	3.2014e-07	-3.2006e-07	0.0017386	8.22034e-08	-0.0017378	3.202e-07	-3.201e-07	0.0035856	7.7913e-08	-0.003583	3.201e-07	-3.2008e-07	0.0054058	7.38366e-08	-0.0054056	3.2012e-07	-3.201e-07	0.0071894	7.00074e-08	-0.0071898	3.2004e-07	-3.2014e-07	0.0089362	6.64764e-08	-0.0089372	3.202e-07	-3.202e-07	0.010652	6.31416e-08	-0.0106518	3.2024e-07	-3.2024e-07	0.012364	6.00088e-08	-0.012344	3.203e-07	-3.2034e-07	0.014008	5.70476e-08	-0.013984	3.2034e-07	-3.204e-07	0.015612	5.4304e-08	-0.015588	3.203e-07	-3.2032e-07	0.017176	5.1705e-08	-0.017146	3.204e-07	-3.2058e-07
0.76	-0.0001364	9.07344e-08	0.00013752	3.2016e-07	-3.201e-07	0.0017498	8.5927e-08	-0.0017476	3.2016e-07	-3.2012e-07	0.0036078	8.14328e-08	-0.003605	3.201e-07	-3.2006e-07	0.0054386	7.71676e-08	-0.0054372	3.201e-07	-3.2008e-07	0.0072332	7.3137e-08	-0.007232	3.2016e-07	-3.2016e-07	0.008994	6.9422e-08	-0.0089956	3.2008e-07	-3.2008e-07	0.0107258	6.59164e-08	-0.0107254	3.2016e-07	-3.2024e-07	0.012452	6.26476e-08	-0.012432	3.203e-07	-3.2034e-07	0.014118	5.95568e-08	-0.014084	3.204e-07	-3.2038e-07	0.015732	5.66756e-08	-0.015708	3.2028e-07	-3.2036e-07	0.017308	5.3953e-08	-0.017284	3.2042e-07	-3.205e-07
0.765	-0.00013804	9.48346e-08	0.00014026	3.2014e-07	-3.2008e-07	0.0017552	8.98092e-08	-0.0017582	3.2024e-07	-3.202e-07	0.0036228	8.5076e-08	-0.0036244	3.2012e-07	-3.201e-07	0.0054698	8.058e-08	-0.0054698	3.2006e-07	-3.2012e-07	0.0072768	7.63756e-08	-0.0072776	3.2016e-07	-3.2014e-07	0.0090526	7.24826e-08	-0.0090502	3.2006e-07	-3.2004e-07	0.0107932	6.88228e-08	-0.0107936	3.2018e-07	-3.2016e-07	0.01254	6.53802e-08	-0.012516	3.203e-07	-3.2034e-07	0.014212	6.21458e-08	-0.014184	3.203e-07	-3.2042e-07	0.015846	5.91054e-08	-0.015818	3.2028e-07	-3.204e-07	0.01744	5.62732e-08	-0.017414	3.2046e-07	-3.2052e-07
0.77	-0.00013896	9.92064e-08	0.00013682	3.2014e-07	-3.2008e-07	0.001766	9.38976e-08	-0.0017644	3.202e-07	-3.2016e-07	0.0036452	8.8934e-08	-0.0036436	3.2006e-07	-3.2006e-07	0.0054988	8.42342e-08	-0.0055016	3.2006e-07	-3.2002e-07	0.0073174	7.9829e-08	-0.0073184	3.201e-07	-3.2014e-07	0.0091088	7.57248e-08	-0.009105	3.2012e-07	-3.2008e-07	0.0108648	7.1909e-08	-0.0108622	3.2024e-07	-3.2034e-07	0.012626	6.8274e-08	-0.012598	3.203e-07	-3.2034e-07	0.014308	6.48706e-08	-0.014284	3.2034e-07	-3.2034e-07	0.015958	6.16948e-08	-0.015936	3.203e-07	-3.2034e-07	0.01757	5.87268e-08	-0.017544	3.2046e-07	-3.2046e-07
0.775	-0.00013804	1.037146e-07	0.00013806	3.202e-07	-3.201e-07	0.0017754	9.80424e-08	-0.0017726	3.2022e-07	-3.2018e-07	0.003664	9.29034e-08	-0.0036634	3.2012e-07	-3.2008e-07	0.0055308	8.799e-08	-0.0055298	3.2004e-07	-3.2006e-07	0.007361	8.33184e-08	-0.0073612	3.2008e-07	-3.2014e-07	0.0091584	7.90576e-08	-0.0091582	3.201e-07	-3.2016e-07	0.0109294	7.50534e-08	-0.0109292	3.2018e-07	-3.2022e-07	0.012704	7.12084e-08	-0.012672	3.2028e-07	-3.2028e-07	0.014398	6.7699e-08	-0.014382	3.2038e-07	-3.2038e-07	0.016062	6.43494e-08	-0.01604	3.203e-07	-3.2042e-07	0.017696	6.1243e-08	-0.017666	3.2044e-07	-3.205e-07
0.78	-0.0001417	1.085032e-07	0.00014054	3.2018e-07	-3.2014e-07	0.0017826	1.025442e-07	-0.0017856	3.2016e-07	-3.2016e-07	0.0036852	9.71606e-08	-0.003681	3.2008e-07	-3.2008e-07	0.0055592	9.19704e-08	-0.0055608	3.2014e-07	-3.2002e-07	0.007401	8.70804e-08	-0.0074006	3.2022e-07	-3.2016e-07	0.0092142	8.26322e-08	-0.0092154	3.2014e-07	-3.2012e-07	0.0109928	7.8446e-08	-0.0109954	3.2022e-07	-3.2022e-07	0.01278	7.44226e-08	-0.01275	3.2018e-07	-3.2028e-07	0.0145	7.06912e-08	-0.014474	3.2032e-07	-3.204e-07	0.016172	6.72028e-08	-0.016146	3.2034e-07	-3.2042e-07	0.017818	6.3911e-08	-0.017792	3.2044e-07	-3.2052e-07
0.785	-0.00014338	1.134756e-07	0.00013902	3.2016e-07	-3.2014e-07	0.0017968	1.072162e-07	-0.0017944	3.2018e-07	-3.201e-07	0.0036988	1.015606e-07	-0.003701	3.2012e-07	-3.2008e-07	0.0055876	9.61308e-08	-0.0055842	3.2016e-07	-3.2016e-07	0.0074422	9.09744e-08	-0.00744	3.2018e-07	-3.202e-07	0.009264	8.63052e-08	-0.0092622	3.2014e-07	-3.2014e-07	0.0110558	8.18668e-08	-0.011057	3.2018e-07	-3.2024e-07	0.012858	7.77e-08	-0.012832	3.203e-07	-3.203e-07	0.014584	7.38468e-08	-0.01456	3.203e-07	-3.204e-07	0.016278	7.01278e-08	-0.016252	3.2034e-07	-3.2042e-07	0.017938	6.66844e-08	-0.017912	3.204e-07	-3.2052e-07
0.79	-0.00013952	1.187e-07	0.00014304	3.2014e-07	-3.2004e-07	0.0018012	1.122026e-07	-0.001798	3.2022e-07	-3.2014e-07	0.003719	1.061958e-07	-0.0037212	3.2012e-07	-3.2004e-07	0.0056178	1.005268e-07	-0.0056156	3.2012e-07	-3.2016e-07	0.0074774	9.51386e-08	-0.0074786	3.2024e-07	-3.2014e-07	0.009316	9.02466e-08	-0.0093136	3.2016e-07	-3.2016e-07	0.011118	8.55564e-08	-0.01112	3.2016e-07	-3.2022e-07	0.01293	8.11888e-08	-0.012904	3.203e-07	-3.2038e-07	0.01467	7.71146e-08	-0.01465	3.2032e-07	-3.2042e-07	0.016382	7.31966e-08	-0.016354	3.2034e-07	-3.204e-07	0.018056	6.96184e-08	-0.018028	3.2042e-07	-3.2052e-07
0.795	-0.00014392	1.2416e-07	0.00014408	3.2018e-07	-3.2006e-07	0.0018086	1.1734e-07	-0.0018096	3.2018e-07	-3.2012e-07	0.0037344	1.110722e-07	-0.0037338	3.2012e-07	-3.2004e-07	0.0056442	1.05095e-07	-0.0056398	3.2022e-07	-3.202e-07	0.0075162	9.94914e-08	-0.0075158	3.202e-07	-3.202e-07	0.0093624	9.42784e-08	-0.0093622	3.2012e-07	-3.202e-07	0.011182	8.93702e-08	-0.0111804	3.202e-07	-3.2028e-07	0.013002	8.4773e-08	-0.01298	3.2032e-07	-3.2034e-07	0.014756	8.05114e-08	-0.01473	3.2044e-07	-3.2046e-07	0.01648	7.63992e-08	-0.016452	3.2034e-07	-3.2046e-07	0.018166	7.26464e-08	-0.018146	3.2048e-07	-3.2058e-07
0.8	-0.00014324	1.3008e-07	0.00014242	3.2016e-07	-3.201e-07	0.0018164	1.2282e-07	-0.0018172	3.202e-07	-3.2014e-07	0.0037552	1.1624e-07	-0.0037536	3.2006e-07	-3.2008e-07	0.0056692	1.09917e-07	-0.0056706	3.2018e-07	-3.2018e-07	0.0075552	1.040712e-07	-0.0075544	3.202e-07	-3.202e-07	0.00941	9.85588e-08	-0.009412	3.201e-07	-3.201e-07	0.0112408	9.34494e-08	-0.0112356	3.202e-07	-3.2026e-07	0.013072	8.86112e-08	-0.013052	3.2028e-07	-3.204e-07	0.014844	8.41468e-08	-0.014818	3.2044e-07	-3.2038e-07	0.016582	7.9809e-08	-0.016554	3.2028e-07	-3.2038e-07	0.018278	7.58706e-08	-0.018254	3.2048e-07	-3.2052e-07
0.805	-0.00014384	1.361e-07	0.00014448	3.2018e-07	-3.2008e-07	0.001826	1.2848e-07	-0.0018248	3.2022e-07	-3.2016e-07	0.003773	1.2154e-07	-0.0037694	3.2008e-07	-3.2008e-07	0.0056948	1.149616e-07	-0.0056926	3.201e-07	-3.2012e-07	0.0075892	1.087928e-07	-0.0075914	3.2024e-07	-3.2016e-07	0.0094596	1.030388e-07	-0.0094588	3.2016e-07	-3.2014e-07	0.0113	9.76362e-08	-0.011297	3.2026e-07	-3.2022e-07	0.013144	9.2572e-08	-0.013116	3.203e-07	-3.2034e-07	0.014928	8.78642e-08	-0.014898	3.204e-07	-3.2052e-07	0.01667	8.3323e-08	-0.01665	3.2034e-07	-3.204e-07	0.018392	7.91868e-08	-0.018366	3.2044e-07	-3.2052e-07
0.81	-0.00014712	1.4244e-07	0.00014466	3.2016e-07	-3.2006e-07	0.0018328	1.3424e-07	-0.0018334	3.2016e-07	-3.201e-07	0.0037868	1.272e-07	-0.0037874	3.2018e-07	-3.2004e-07	0.005723	1.2026e-07	-0.0057218	3.2022e-07	-3.2022e-07	0.0076266	1.137628e-07	-0.0076242	3.2018e-07	-3.202e-07	0.0095022	1.077058e-07	-0.0094988	3.2012e-07	-3.2008e-07	0.0113546	1.020494e-07	-0.0113526	3.2022e-07	-3.2024e-07	0.013212	9.67032e-08	-0.013186	3.2024e-07	-3.2036e-07	0.015004	9.17774e-08	-0.014978	3.2048e-07	-3.2052e-07	0.016766	8.70116e-08	-0.01674	3.2034e-07	-3.2044e-07	0.018498	8.27004e-08	-0.018468	3.205e-07	-3.2056e-07
0.815	-0.00014378	1.4926e-07	0.00014658	3.2022e-07	-3.201e-07	0.0018412	1.409e-07	-0.0018408	3.2018e-07	-3.2016e-07	0.0038024	1.3324e-07	-0.0038056	3.2004e-07	-3.2008e-07	0.0057462	1.2588e-07	-0.0057466	3.2012e-07	-3.2016e-07	0.007662	1.1902e-07	-0.0076614	3.2024e-07	-3.202e-07	0.0095494	1.126842e-07	-0.0095486	3.201e-07	-3.2016e-07	0.0114096	1.067332e-07	-0.0114058	3.2012e-07	-3.2018e-07	0.01328	1.010864e-07	-0.013256	3.2036e-07	-3.2032e-07	0.015088	9.59386e-08	-0.015058	3.204e-07	-3.205e-07	0.01686	9.09398e-08	-0.016832	3.2036e-07	-3.2044e-07	0.018596	8.64132e-08	-0.018574	3.2046e-07	-3.2054e-07
0.82	-0.00014548	1.5624e-07	0.00014644	3.2012e-07	-3.201e-07	0.0018468	1.4748e-07	-0.0018494	3.202e-07	-3.202e-07	0.0038192	1.3932e-07	-0.003817	3.2002e-07	-3.2002e-07	0.0057694	1.3164e-07	-0.005769	3.2016e-07	-3.2016e-07	0.0076962	1.245e-07	-0.007692	3.202e-07	-3.2018e-07	0.009589	1.1788e-07	-0.0095892	3.2012e-07	-3.2018e-07	0.011461	1.115804e-07	-0.011461	3.2018e-07	-3.2034e-07	0.013342	1.056968e-07	-0.013322	3.2028e-07	-3.2036e-07	0.015158	1.00232e-07	-0.015138	3.2046e-07	-3.2056e-07	0.016948	9.49918e-08	-0.016918	3.2038e-07	-3.2054e-07	0.0187	9.02346e-08	-0.018674	3.2046e-07	-3.2052e-07
0.825	-0.00014662	1.6364e-07	0.0001457	3.201e-07	-3.2006e-07	0.0018562	1.544e-07	-0.0018546	3.2012e-07	-3.202e-07	0.003834	1.4588e-07	-0.0038302	3.2006e-07	-3.2004e-07	0.0057946	1.379e-07	-0.0057924	3.2008e-07	-3.2016e-07	0.0077296	1.3038e-07	-0.0077252	3.2022e-07	-3.202e-07	0.00963	1.233e-07	-0.0096342	3.2016e-07	-3.2014e-07	0.011544	1.168e-07	-0.011524	3.2022e-07	-3.2032e-07	0.013412	1.10599e-07	-0.013384	3.2024e-07	-3.2032e-07	0.015232	1.04832e-07	-0.015206	3.2042e-07	-3.2044e-07	0.01703	9.93158e-08	-0.017008	3.204e-07	-3.2056e-07	0.018802	9.43182e-08	-0.018778	3.205e-07	-3.206e-07
0.83	-0.00014666	1.7138e-07	0.0001456	3.2012e-07	-3.201e-07	0.0018628	1.6168e-07	-0.001863	3.2016e-07	-3.2014e-07	0.0038484	1.526e-07	-0.0038494	3.2012e-07	-3.2008e-07	0.0058174	1.444e-07	-0.0058154	3.2006e-07	-3.2016e-07	0.0077608	1.3644e-07	-0.0077562	3.2004e-07	-3.2006e-07	0.009676	1.2896e-07	-0.009676	3.2014e-07	-3.2008e-07	0.011604	1.2208e-07	-0.011572	3.2022e-07	-3.202e-07	0.01347	1.1556e-07	-0.013444	3.2036e-07	-3.2032e-07	0.015304	1.095626e-07	-0.015282	3.2038e-07	-3.2046e-07	0.01712	1.037696e-07	-0.017092	3.2038e-07	-3.205e-07	0.018898	9.85238e-08	-0.018876	3.2046e-07	-3.2056e-07
0.835	-0.00014688	1.7962e-07	0.00014774	3.2018e-07	-3.2004e-07	0.0018682	1.6942e-07	-0.001869	3.2016e-07	-3.2008e-07	0.0038638	1.5996e-07	-0.0038634	3.2006e-07	-3.2004e-07	0.0058364	1.5116e-07	-0.0058404	3.2018e-07	-3.2014e-07	0.007791	1.4282e-07	-0.00779	3.2012e-07	-3.2014e-07	0.009716	1.3502e-07	-0.0097136	3.2012e-07	-3.2016e-07	0.011654	1.278e-07	-0.011628	3.2024e-07	-3.202e-07	0.013526	1.209e-07	-0.013506	3.2032e-07	-3.2032e-07	0.015376	1.146226e-07	-0.015358	3.204e-07	-3.2054e-07	0.017206	1.085172e-07	-0.017178	3.2042e-07	-3.2052e-07	0.018998	1.029924e-07	-0.018966	3.2048e-07	-3.2052e-07
0.84	-0.00014498	1.882e-07	0.00014726	3.2022e-07	-3.2008e-07	0.0018754	1.7748e-07	-0.001873	3.2018e-07	-3.2012e-07	0.003876	1.6744e-07	-0.0038782	3.2016e-07	-3.201e-07	0.0058618	1.5832e-07	-0.0058632	3.2018e-07	-3.2016e-07	0.0078224	1.495e-07	-0.0078196	3.2018e-07	-3.2024e-07	0.0097542	1.4128e-07	-0.0097554	3.2012e-07	-3.2014e-07	0.011702	1.337e-07	-0.011672	3.202e-07	-3.2024e-07	0.01359	1.2644e-07	-0.013568	3.2024e-07	-3.2024e-07	0.015448	1.1986e-07	-0.01542	3.203e-07	-3.204e-07	0.017284	1.134618e-07	-0.01726	3.2044e-07	-3.206e-07	0.019084	1.076186e-07	-0.019062	3.2042e-07	-3.2052e-07
0.845	-0.00014538	1.9734e-07	0.00014588	3.2016e-07	-3.2012e-07	0.0018814	1.8612e-07	-0.0018832	3.2022e-07	-3.2014e-07	0.0038868	1.7544e-07	-0.0038886	3.2018e-07	-3.2014e-07	0.0058826	1.6596e-07	-0.0058864	3.2018e-07	-3.2014e-07	0.0078532	1.5658e-07	-0.0078528	3.2018e-07	-3.2022e-07	0.0097914	1.4788e-07	-0.009793	3.1998e-07	-3.2016e-07	0.011752	1.4e-07	-0.011728	3.2024e-07	-3.2022e-07	0.013648	1.3252e-07	-0.013622	3.2028e-07	-3.2028e-07	0.015516	1.2524e-07	-0.015494	3.2036e-07	-3.204e-07	0.017364	1.187e-07	-0.017336	3.2044e-07	-3.2052e-07	0.01918	1.125458e-07	-0.019152	3.2044e-07	-3.2056e-07
0.85	-0.00014834	2.0678e-07	0.00014692	3.2022e-07	-3.2018e-07	0.0018882	1.9496e-07	-0.0018894	3.2022e-07	-3.2016e-07	0.0039032	1.8386e-07	-0.0039016	3.2008e-07	-3.2012e-07	0.005906	1.738e-07	-0.0059078	3.2022e-07	-3.2018e-07	0.0078826	1.64e-07	-0.0078788	3.2016e-07	-3.2024e-07	0.0098308	1.5474e-07	-0.0098294	3.2012e-07	-3.2014e-07	0.011794	1.4654e-07	-0.01177	3.2012e-07	-3.2014e-07	0.013702	1.3856e-07	-0.013676	3.2034e-07	-3.2034e-07	0.015582	1.3106e-07	-0.015558	3.2038e-07	-3.2036e-07	0.017436	1.2412e-07	-0.017418	3.204e-07	-3.204e-07	0.019272	1.1772e-07	-0.019244	3.2044e-07	-3.2058e-07
0.855	-0.00014656	2.1688e-07	0.00014868	3.2016e-07	-3.201e-07	0.0018936	2.0448e-07	-0.0018916	3.2016e-07	-3.2014e-07	0.00392	1.9276e-07	-0.003917	3.201e-07	-3.2014e-07	0.0059264	1.821e-07	-0.0059264	3.2022e-07	-3.2022e-07	0.0079112	1.7182e-07	-0.0079066	3.2014e-07	-3.2014e-07	0.0098704	1.6224e-07	-0.0098688	3.2008e-07	-3.2014e-07	0.011844	1.5346e-07	-0.011816	3.2012e-07	-3.202e-07	0.013762	1.451e-07	-0.013738	3.2034e-07	-3.203e-07	0.015648	1.372e-07	-0.015628	3.204e-07	-3.204e-07	0.017518	1.2996e-07	-0.01749	3.204e-07	-3.2044e-07	0.019354	1.2312e-07	-0.01933	3.205e-07	-3.206e-07
0.86	-0.0001449	2.2724e-07	0.00014856	3.2016e-07	-3.201e-07	0.001902	2.143e-07	-0.0018962	3.2016e-07	-3.201e-07	0.0039334	2.02e-07	-0.0039312	3.2002e-07	-3.2004e-07	0.0059498	1.907e-07	-0.0059474	3.2022e-07	-3.202e-07	0.0079396	1.8006e-07	-0.00794	3.202e-07	-3.2016e-07	0.0099068	1.6988e-07	-0.0099058	3.2014e-07	-3.2012e-07	0.011884	1.6062e-07	-0.011858	3.201e-07	-3.202e-07	0.013814	1.5186e-07	-0.013788	3.2028e-07	-3.2036e-07	0.015714	1.4354e-07	-0.015692	3.2036e-07	-3.2038e-07	0.017588	1.3592e-07	-0.017566	3.2042e-07	-3.2052e-07	0.019438	1.2878e-07	-0.019414	3.2054e-07	-3.2062e-07
0.865	-0.00015	2.385e-07	0.00014894	3.2018e-07	-3.201e-07	0.0019086	2.2468e-07	-0.001908	3.2012e-07	-3.2014e-07	0.0039446	2.1182e-07	-0.003942	3.201e-07	-3.2006e-07	0.005967	1.999e-07	-0.005967	3.2014e-07	-3.2016e-07	0.0079634	1.8864e-07	-0.007966	3.2016e-07	-3.2016e-07	0.0099428	1.7794e-07	-0.0099414	3.2016e-07	-3.2016e-07	0.011932	1.683e-07	-0.011904	3.2014e-07	-3.2018e-07	0.013868	1.591e-07	-0.01384	3.203e-07	-3.2034e-07	0.015778	1.504e-07	-0.015754	3.2038e-07	-3.2044e-07	0.017664	1.4232e-07	-0.017638	3.2048e-07	-3.2054e-07	0.019526	1.3478e-07	-0.0195	3.2044e-07	-3.2052e-07
0.87	-0.00014696	2.5028e-07	0.00014918	3.2022e-07	-3.2014e-07	0.00191	2.357e-07	-0.0019098	3.202e-07	-3.2016e-07	0.0039558	2.2206e-07	-0.0039566	3.2008e-07	-3.201e-07	0.005988	2.0932e-07	-0.0059816	3.202e-07	-3.2016e-07	0.0079942	1.9774e-07	-0.0079908	3.2018e-07	-3.2022e-07	0.009976	1.865e-07	-0.0099768	3.2012e-07	-3.2016e-07	0.011964	1.7632e-07	-0.011944	3.2014e-07	-3.202e-07	0.013922	1.666e-07	-0.013892	3.2028e-07	-3.2028e-07	0.01584	1.574e-07	-0.015816	3.204e-07	-3.2042e-07	0.017734	1.4884e-07	-0.017708	3.204e-07	-3.2054e-07	0.0196	1.4106e-07	-0.019574	3.2046e-07	-3.2056e-07
0.875	-0.00015384	2.6268e-07	0.00014986	3.2018e-07	-3.2014e-07	0.001919	2.473e-07	-0.0019176	3.2018e-07	-3.2018e-07	0.003966	2.3296e-07	-0.0039688	3.201e-07	-3.201e-07	0.0060054	2.1964e-07	-0.0060038	3.2022e-07	-3.2016e-07	0.0080204	2.0726e-07	-0.0080196	3.201e-07	-3.2018e-07	0.0100116	1.9548e-07	-0.0100098	3.2016e-07	-3.2018e-07	0.012018	1.8476e-07	-0.01199	3.201e-07	-3.2016e-07	0.01397	1.7446e-07	-0.013948	3.203e-07	-3.2036e-07	0.015902	1.6478e-07	-0.015874	3.2038e-07	-3.2046e-07	0.017804	1.559e-07	-0.017778	3.2044e-07	-3.205e-07	0.019686	1.476e-07	-0.019658	3.2056e-07	-3.2064e-07
0.88	-0.0001519	2.7554e-07	0.00014996	3.202e-07	-3.2014e-07	0.0019238	2.5938e-07	-0.0019244	3.2024e-07	-3.2016e-07	0.0039796	2.4422e-07	-0.0039812	3.2012e-07	-3.2008e-07	0.0060244	2.3026e-07	-0.0060236	3.2014e-07	-3.201e-07	0.0080444	2.1726e-07	-0.0080436	3.2018e-07	-3.202e-07	0.0100462	2.0482e-07	-0.0100428	3.201e-07	-3.2012e-07	0.012056	1.9352e-07	-0.012028	3.2016e-07	-3.2022e-07	0.014024	1.8276e-07	-0.013992	3.2034e-07	-3.2034e-07	0.015954	1.7256e-07	-0.01593	3.2034e-07	-3.2042e-07	0.017874	1.6326e-07	-0.017846	3.2044e-07	-3.2048e-07	0.019762	1.5452e-07	-0.019734	3.2052e-07	-3.2064e-07
0.885	-0.00015112	2.892e-07	0.00014744	3.2018e-07	-3.201e-07	0.0019256	2.7234e-07	-0.001928	3.2018e-07	-3.2016e-07	0.0039904	2.5648e-07	-0.003994	3.2012e-07	-3.201e-07	0.0060442	2.4154e-07	-0.0060448	3.2018e-07	-3.201e-07	0.00807	2.2792e-07	-0.0080714	3.2018e-07	-3.2022e-07	0.010079	2.1474e-07	-0.01008	3.2006e-07	-3.2008e-07	0.012102	2.0296e-07	-0.012074	3.2012e-07	-3.2016e-07	0.014076	1.916e-07	-0.014042	3.2038e-07	-3.2038e-07	0.016016	1.8086e-07	-0.01599	3.2038e-07	-3.2046e-07	0.017936	1.7102e-07	-0.017912	3.2046e-07	-3.2052e-07	0.019834	1.6188e-07	-0.019808	3.2048e-07	-3.2062e-07
0.89	-0.00015168	3.035e-07	0.00015228	3.2016e-07	-3.201e-07	0.001936	2.8572e-07	-0.0019332	3.2022e-07	-3.2016e-07	0.004002	2.6906e-07	-0.004002	3.2016e-07	-3.201e-07	0.006062	2.5334e-07	-0.00606	3.2018e-07	-3.202e-07	0.008095	2.3894e-07	-0.008096	3.2008e-07	-3.2022e-07	0.0101088	2.2518e-07	-0.0101038	3.2006e-07	-3.2012e-07	0.012138	2.1246e-07	-0.012112	3.2012e-07	-3.2016e-07	0.014114	2.0064e-07	-0.01409	3.2026e-07	-3.2038e-07	0.016072	1.895e-07	-0.016044	3.2036e-07	-3.2048e-07	0.018	1.7902e-07	-0.01798	3.204e-07	-3.2052e-07	0.019908	1.6936e-07	-0.019882	3.2052e-07	-3.2066e-07
0.895	-0.00015284	3.1862e-07	0.00015066	3.201e-07	-3.201e-07	0.00194	2.9998e-07	-0.001936	3.2024e-07	-3.2018e-07	0.0040178	2.8238e-07	-0.0040144	3.2012e-07	-3.2004e-07	0.0060788	2.6584e-07	-0.0060784	3.2018e-07	-3.2014e-07	0.0081192	2.507e-07	-0.008121	3.2016e-07	-3.2014e-07	0.010141	2.3612e-07	-0.010141	3.2006e-07	-3.2008e-07	0.012174	2.2284e-07	-0.01215	3.2012e-07	-3.2018e-07	0.01416	2.1026e-07	-0.014136	3.2024e-07	-3.2032e-07	0.01613	1.9864e-07	-0.0161	3.2042e-07	-3.205e-07	0.018066	1.8768e-07	-0.01804	3.2044e-07	-3.2044e-07	0.019986	1.775e-07	-0.01996	3.2056e-07	-3.207e-07
0.9	-0.00014548	3.343e-07	0.0001517	3.2012e-07	-3.2004e-07	0.0019454	3.1482e-07	-0.0019446	3.2016e-07	-3.2012e-07	0.004025	2.9602e-07	-0.0040236	3.2012e-07	-3.2006e-07	0.0060916	2.7876e-07	-0.0060958	3.2012e-07	-3.2014e-07	0.0081434	2.6292e-07	-0.008142	3.2022e-07	-3.2022e-07	0.0101716	2.4768e-07	-0.0101714	3.2004e-07	-3.201e-07	0.01221	2.3374e-07	-0.012186	3.2006e-07	-3.202e-07	0.014206	2.204e-07	-0.01418	3.2038e-07	-3.2038e-07	0.01618	2.0802e-07	-0.016156	3.204e-07	-3.2044e-07	0.018128	1.9658e-07	-0.0181	3.2028e-07	-3.2044e-07	0.020052	1.858e-07	-0.02003	3.2056e-07	-3.2072e-07
