I/V Sweep,id_vgs_2
RecordTime,03/11/2025 11:44:27
Device ID,
Count,1
Flag,
Remarks,
vg,vd,id,ig,is,iavdd,ignd
-0.3,0,9.3509000000000013E-10,-3.7188E-09,9.0712000000000007E-10,3.205E-07,-3.1856E-07
-0.29500000000000004,0,9.0156E-10,-3.4631E-09,8.7192E-10,3.2047999999999997E-07,-3.1876E-07
-0.29000000000000004,0,8.7221E-10,-3.2253E-09,8.387100000000001E-10,3.204E-07,-3.1892E-07
-0.28500000000000003,0,8.2614000000000011E-10,-3.0032E-09,8.0632000000000007E-10,3.2054E-07,-3.1902E-07
-0.28,0,7.8378000000000006E-10,-2.8058E-09,7.7573000000000007E-10,3.204E-07,-3.1914E-07
-0.275,0,7.6652000000000006E-10,-2.6162E-09,7.4269E-10,3.2046E-07,-3.1928E-07
-0.27,0,7.3481000000000007E-10,-2.4434E-09,7.133E-10,3.204E-07,-3.194E-07
-0.265,0,6.8837000000000007E-10,-2.2871E-09,6.8591000000000006E-10,3.2046E-07,-3.1954E-07
-0.26,0,6.6186E-10,-2.1359E-09,6.5383E-10,3.2047999999999997E-07,-3.1968E-07
-0.255,0,6.4682E-10,-1.999E-09,6.2635E-10,3.2047999999999997E-07,-3.1972E-07
-0.25,0,6.0648000000000006E-10,-1.8714E-09,5.9879000000000006E-10,3.2046E-07,-3.1972E-07
-0.24500000000000002,0,5.6971000000000009E-10,-1.7524E-09,5.7215E-10,3.2046E-07,-3.1976E-07
-0.24000000000000002,0,5.5745000000000008E-10,-1.6438E-09,5.4661E-10,3.2046E-07,-3.1991999999999997E-07
-0.23500000000000001,0,5.3149E-10,-1.539E-09,5.2326E-10,3.2044E-07,-3.1994E-07
-0.23,0,4.9141000000000006E-10,-1.4429E-09,5.0136E-10,3.2044E-07,-3.199E-07
-0.225,0,4.6188E-10,-1.3525E-09,4.7623E-10,3.2036E-07,-3.1998E-07
-0.22,0,4.5219E-10,-1.2705E-09,4.5344000000000004E-10,3.204E-07,-3.1998E-07
-0.215,0,4.1955E-10,-1.1868E-09,4.3077000000000005E-10,3.204E-07,-3.1998E-07
-0.21000000000000002,0,4.0074000000000006E-10,-1.1154E-09,4.0845E-10,3.2044E-07,-3.2008E-07
-0.20500000000000002,0,3.9122E-10,-1.0449E-09,3.8680000000000005E-10,3.204E-07,-3.2008E-07
-0.2,0,3.7271000000000005E-10,-9.7805000000000015E-10,3.6772000000000005E-10,3.204E-07,-3.201E-07
-0.195,0,3.3238000000000005E-10,-9.2564E-10,3.4895E-10,3.2038E-07,-3.2012E-07
-0.19,0,3.2971000000000004E-10,-8.5733000000000008E-10,3.2736000000000005E-10,3.2046E-07,-3.2016E-07
-0.185,0,3.0961000000000003E-10,-8.0751E-10,3.1303E-10,3.2038E-07,-3.2012E-07
-0.18000000000000002,0,2.7509000000000003E-10,-7.5497E-10,2.9499000000000003E-10,3.2044E-07,-3.2022E-07
-0.17500000000000002,0,2.5385E-10,-7.106E-10,2.7870000000000003E-10,3.2044E-07,-3.2024E-07
-0.17,0,2.5160000000000004E-10,-6.6318000000000008E-10,2.6283E-10,3.2038E-07,-3.2028E-07
-0.165,0,2.2749E-10,-6.1893000000000005E-10,2.4973E-10,3.2038E-07,-3.2022E-07
-0.16,0,2.0746000000000003E-10,-5.7493E-10,2.3325E-10,3.204E-07,-3.2022E-07
-0.155,0,2.0215000000000002E-10,-5.4371000000000008E-10,2.1860000000000003E-10,3.203E-07,-3.2026E-07
-0.15,0,1.8362E-10,-5.0002E-10,2.0394000000000002E-10,3.2032E-07,-3.2022E-07
-0.14500000000000002,0,1.5883E-10,-4.7001E-10,1.9177000000000003E-10,3.2033999999999997E-07,-3.2024E-07
-0.14,0,1.5685E-10,-4.3586000000000003E-10,1.7714000000000002E-10,3.2042E-07,-3.2026E-07
-0.135,0,1.5756000000000002E-10,-4.0395000000000004E-10,1.6669000000000002E-10,3.2036E-07,-3.2026E-07
-0.13,0,1.2977E-10,-3.7591000000000005E-10,1.5620000000000001E-10,3.204E-07,-3.2024E-07
-0.125,0,1.0918E-10,-3.5232000000000003E-10,1.4605E-10,3.2033999999999997E-07,-3.2024E-07
-0.12000000000000001,0,1.0555000000000001E-10,-3.2461000000000003E-10,1.3605E-10,3.2038E-07,-3.2022E-07
-0.115,0,8.756E-11,-2.985E-10,1.2815000000000002E-10,3.2033999999999997E-07,-3.2022E-07
-0.11,0,7.096E-11,-2.8128000000000004E-10,1.1839000000000002E-10,3.204E-07,-3.203E-07
-0.10500000000000001,0,7.795E-11,-2.5383000000000004E-10,1.0691000000000001E-10,3.2044E-07,-3.2032E-07
-0.1,0,7.5420000000000009E-11,-2.3684000000000003E-10,1.0017E-10,3.205E-07,-3.204E-07
-0.095,0,4.8240000000000006E-11,-2.1688E-10,9.201E-11,3.2046E-07,-3.2033999999999997E-07
-0.090000000000000011,0,3.8300000000000006E-11,-1.9909E-10,8.384E-11,3.2038E-07,-3.2028E-07
-0.085,0,3.9280000000000005E-11,-1.7948E-10,7.769E-11,3.2046E-07,-3.2036E-07
-0.08,0,2.294E-11,-1.6326000000000001E-10,7.449E-11,3.2044E-07,-3.2033999999999997E-07
-0.075,0,7.670000000000001E-12,-1.4716E-10,6.639E-11,3.204E-07,-3.2033999999999997E-07
-0.07,0,1.311E-11,-1.3621000000000001E-10,6.382E-11,3.2038E-07,-3.2032E-07
-0.065,0,8.44E-12,-1.2027000000000002E-10,6.135E-11,3.2042E-07,-3.2033999999999997E-07
-0.060000000000000005,0,-1.956E-11,-1.1325000000000001E-10,5.875E-11,3.204E-07,-3.2028E-07
-0.055,0,-2.504E-11,-9.802E-11,5.3040000000000005E-11,3.2038E-07,-3.2036E-07
-0.05,0,-2.267E-11,-8.5790000000000008E-11,5.335E-11,3.2044E-07,-3.2036E-07
-0.045000000000000005,0,-3.6180000000000005E-11,-7.1450000000000009E-11,5.193E-11,3.2046E-07,-3.2026E-07
-0.04,0,-5.128E-11,-6.5250000000000007E-11,5.1470000000000004E-11,3.2044E-07,-3.2033999999999997E-07
-0.035,0,-4.6590000000000004E-11,-5.4570000000000005E-11,5.1580000000000004E-11,3.2047999999999997E-07,-3.2032E-07
-0.030000000000000002,0,-6.007E-11,-4.4990000000000004E-11,5.7460000000000008E-11,3.2038E-07,-3.204E-07
-0.025,0,-8.4000000000000007E-11,-4.1350000000000005E-11,5.7460000000000008E-11,3.2042E-07,-3.2036E-07
-0.02,0,-9.018E-11,-3.2690000000000006E-11,6.204E-11,3.2038E-07,-3.2026E-07
-0.015000000000000001,0,-9.357E-11,-2.298E-11,6.771E-11,3.2044E-07,-3.2032E-07
-0.01,0,-1.1666000000000001E-10,-1.4920000000000002E-11,7.814E-11,3.2033999999999997E-07,-3.2024E-07
-0.005,0,-1.4048000000000002E-10,-1.179E-11,8.6590000000000008E-11,3.2036E-07,-3.2022E-07
0,0,-1.4361E-10,-1.5800000000000001E-12,9.7590000000000009E-11,3.2033999999999997E-07,-3.2024E-07
0.005,0,-1.6181E-10,5.84E-12,1.1411000000000001E-10,3.2038E-07,-3.2032E-07
0.01,0,-2.0061000000000002E-10,9.290000000000001E-12,1.3195000000000002E-10,3.2028E-07,-3.2024E-07
0.015000000000000001,0,-2.2538000000000003E-10,1.455E-11,1.5040000000000002E-10,3.2044E-07,-3.2032E-07
0.02,0,-2.427E-10,2.3830000000000003E-11,1.7857E-10,3.2044E-07,-3.2032E-07
0.025,0,-2.9557000000000005E-10,2.8700000000000002E-11,2.135E-10,3.2042E-07,-3.2036E-07
0.030000000000000002,0,-3.4939E-10,3.23E-11,2.5464E-10,3.2044E-07,-3.2036E-07
0.035,0,-3.8839000000000004E-10,3.769E-11,3.004E-10,3.2044E-07,-3.2033999999999997E-07
0.04,0,-4.5902000000000003E-10,4.3830000000000005E-11,3.6079000000000005E-10,3.2033999999999997E-07,-3.2032E-07
0.045000000000000005,0,-5.3701000000000009E-10,4.738E-11,4.2421000000000003E-10,3.2028E-07,-3.2028E-07
0.05,0,-6.0429000000000009E-10,5.6940000000000006E-11,4.9921000000000008E-10,3.2036E-07,-3.2028E-07
0.055,0,-6.9723000000000008E-10,6.317E-11,5.9119E-10,3.203E-07,-3.2028E-07
0.060000000000000005,0,-8.2822000000000006E-10,6.7420000000000011E-11,7.0689E-10,3.2036E-07,-3.2026E-07
0.065,0,-9.662E-10,6.978E-11,8.3692E-10,3.2033999999999997E-07,-3.2028E-07
0.07,0,-1.1252900000000002E-09,7.8340000000000011E-11,9.9777000000000016E-10,3.2033999999999997E-07,-3.2032E-07
0.075,0,-1.324E-09,8.3090000000000007E-11,1.1915E-09,3.203E-07,-3.2022E-07
0.08,0,-1.5276E-09,8.518000000000001E-11,1.3969E-09,3.2032E-07,-3.2026E-07
0.085,0,-1.8302E-09,9.779E-11,1.6947E-09,3.203E-07,-3.2028E-07
0.090000000000000011,0,-2.1474E-09,9.937E-11,1.9933E-09,3.2028E-07,-3.2019999999999997E-07
0.095,0,-2.5078E-09,1.0974000000000001E-10,2.3214E-09,3.203E-07,-3.2026E-07
0.1,0,-2.9568E-09,1.1443000000000001E-10,2.7917E-09,3.2038E-07,-3.2026E-07
0.10500000000000001,0,-3.4463E-09,1.2578E-10,3.3029E-09,3.2044E-07,-3.2026E-07
0.11,0,-4.0666E-09,1.3245000000000002E-10,3.9004E-09,3.2044E-07,-3.2032E-07
0.115,0,-4.8255E-09,1.4031E-10,4.6007E-09,3.2033999999999997E-07,-3.2032E-07
0.12000000000000001,0,-5.6818999999999996E-09,1.5522E-10,5.4691E-09,3.204E-07,-3.2036E-07
0.125,0,-6.6702E-09,1.5331E-10,6.4413E-09,3.2044E-07,-3.2038E-07
0.13,0,-7.6232E-09,1.7077000000000002E-10,7.4247E-09,3.2032E-07,-3.2028E-07
0.135,0,-9.222E-09,1.7523000000000003E-10,8.9923E-09,3.2038E-07,-3.2026E-07
0.14,0,-1.07072E-08,1.8989E-10,1.05346E-08,3.2038E-07,-3.2036E-07
0.14500000000000002,0,-1.2877799999999999E-08,1.9399000000000002E-10,1.2528199999999999E-08,3.2038E-07,-3.2024E-07
0.15,0,-1.50286E-08,2.0885E-10,1.4727999999999998E-08,3.2032E-07,-3.2024E-07
0.155,0,-1.7863199999999997E-08,2.2334000000000003E-10,1.7492E-08,3.2033999999999997E-07,-3.2028E-07
0.16,0,-2.1073199999999997E-08,2.3733E-10,2.0712799999999997E-08,3.2033999999999997E-07,-3.2022E-07
0.165,0,-2.47914E-08,2.4708000000000004E-10,2.5128999999999996E-08,3.2033999999999997E-07,-3.203E-07
0.17,0,-2.9447799999999996E-08,2.582E-10,2.9315199999999996E-08,3.2033999999999997E-07,-3.2028E-07
0.17500000000000002,0,-3.47066E-08,2.7585000000000003E-10,3.44656E-08,3.2033999999999997E-07,-3.2028E-07
0.18000000000000002,0,-4.13438E-08,2.9409E-10,4.0713199999999993E-08,3.2033999999999997E-07,-3.203E-07
0.185,0,-4.8651599999999996E-08,3.1296E-10,4.8358199999999993E-08,3.203E-07,-3.203E-07
0.19,0,-5.7584799999999992E-08,3.2348E-10,5.7423999999999992E-08,3.204E-07,-3.2033999999999997E-07
0.195,0,-6.88306E-08,3.3776000000000003E-10,6.7872999999999988E-08,3.2033999999999997E-07,-3.2019999999999997E-07
0.2,0,-8.05264E-08,3.6196E-10,8.06984E-08,3.2026E-07,-3.2016E-07
0.20500000000000002,0,-9.41554E-08,3.8814E-10,9.4941199999999987E-08,3.2033999999999997E-07,-3.2022E-07
0.21000000000000002,0,-1.1221319999999999E-07,4.0607E-10,1.1265459999999999E-07,3.2026E-07,-3.2018E-07
0.215,0,-1.3386E-07,4.3038E-10,1.2604E-07,3.203E-07,-3.2014E-07
0.22,0,-1.555E-07,4.5826000000000003E-10,1.547E-07,3.2028E-07,-3.2028E-07
0.225,0,-1.8318E-07,4.7285000000000008E-10,1.8008E-07,3.2028E-07,-3.2024E-07
0.23,0,-2.1626E-07,5.0958E-10,2.1418E-07,3.2028E-07,-3.2018E-07
0.23500000000000001,0,-2.5132E-07,5.3574000000000005E-10,2.5052E-07,3.2033999999999997E-07,-3.2018E-07
0.24000000000000002,0,-2.9462E-07,5.6807000000000009E-10,2.9792E-07,3.203E-07,-3.2022E-07
0.24500000000000002,0,-3.4732E-07,6.0470000000000009E-10,3.4488E-07,3.203E-07,-3.2026E-07
0.25,0,-4.0152E-07,6.4187000000000008E-10,4.0188E-07,3.203E-07,-3.2018E-07
0.255,0,-4.667E-07,6.7607E-10,4.6686E-07,3.2018E-07,-3.2014E-07
0.26,0,-5.4795999999999994E-07,7.2097E-10,5.4655999999999994E-07,3.2028E-07,-3.2016E-07
0.265,0,-6.3682E-07,7.6731E-10,6.3646E-07,3.203E-07,-3.2014E-07
0.27,0,-7.3914E-07,8.0592E-10,7.3972E-07,3.2028E-07,-3.2016E-07
0.275,0,-8.5894E-07,8.6018E-10,8.6286E-07,3.2024E-07,-3.2019999999999997E-07
0.28,0,-9.9762E-07,9.103300000000001E-10,1.0040399999999999E-06,3.2032E-07,-3.2016E-07
0.28500000000000003,0,-1.15104E-06,9.6513000000000016E-10,1.1500799999999999E-06,3.2032E-07,-3.2022E-07
0.29000000000000004,0,-1.3988E-06,1.0251300000000002E-09,1.3951000000000002E-06,3.2033999999999997E-07,-3.2019999999999997E-07
0.29500000000000004,0,-1.5959000000000003E-06,1.0869600000000001E-09,1.6217E-06,3.2028E-07,-3.2019999999999997E-07
0.3,0,-1.825E-06,1.1513E-09,1.8393000000000001E-06,3.2032E-07,-3.2026E-07
0.305,0,-2.1862000000000003E-06,1.2252E-09,2.1301E-06,3.204E-07,-3.2026E-07
0.31,0,-2.4782000000000003E-06,1.2945E-09,2.487E-06,3.204E-07,-3.203E-07
0.315,0,-2.8819000000000003E-06,1.3701E-09,2.8538E-06,3.2033999999999997E-07,-3.203E-07
0.32,0,-3.3191000000000005E-06,1.4549E-09,3.2892E-06,3.2042E-07,-3.203E-07
0.325,0,-3.7011000000000004E-06,1.5366E-09,3.7351000000000005E-06,3.204E-07,-3.2028E-07
0.33,0,-4.317E-06,1.6289E-09,4.3507000000000005E-06,3.2036E-07,-3.2022E-07
0.335,0,-4.8853000000000005E-06,1.7225E-09,4.9534000000000007E-06,3.203E-07,-3.2026E-07
0.34,0,-5.6621E-06,1.8278E-09,5.7264000000000008E-06,3.2038E-07,-3.2032E-07
0.34500000000000003,0,-6.3826000000000005E-06,1.9303E-09,6.3955000000000009E-06,3.2028E-07,-3.2016E-07
0.35000000000000003,0,-7.2141000000000009E-06,2.0457E-09,7.2786000000000009E-06,3.2033999999999997E-07,-3.2026E-07
0.35500000000000004,0,-8.094900000000001E-06,2.1587E-09,8.105700000000001E-06,3.2032E-07,-3.2024E-07
0.36000000000000004,0,-9.0419E-06,2.2847E-09,9.181900000000001E-06,3.2033999999999997E-07,-3.203E-07
0.365,0,-1.0274E-05,2.4149E-09,1.02804E-05,3.2032E-07,-3.2022E-07
0.37,0,-1.13234E-05,2.5505E-09,1.14401E-05,3.2032E-07,-3.2028E-07
0.375,0,-1.1717500000000001E-05,2.6974E-09,1.2626E-05,3.2038E-07,-3.2018E-07
0.38,0,-1.3794E-05,2.8523E-09,1.4022E-05,3.2033999999999997E-07,-3.2024E-07
0.385,0,-1.5522E-05,3.0062E-09,1.5528E-05,3.2038E-07,-3.203E-07
0.39,0,-1.7102E-05,3.1719E-09,1.7234E-05,3.2042E-07,-3.2016E-07
0.395,0,-1.8560000000000002E-05,3.3488E-09,1.8664E-05,3.2033999999999997E-07,-3.2022E-07
0.4,0,-2.0218000000000002E-05,3.5275E-09,2.0438E-05,3.2033999999999997E-07,-3.2032E-07
0.405,0,-2.2196000000000002E-05,3.7207E-09,2.2074000000000002E-05,3.203E-07,-3.2028E-07
0.41000000000000003,0,-2.4030000000000002E-05,3.9214E-09,2.4008E-05,3.2036E-07,-3.2038E-07
0.41500000000000004,0,-2.5824000000000002E-05,4.134E-09,2.5724E-05,3.2028E-07,-3.2032E-07
0.42000000000000004,0,-2.7842000000000002E-05,4.3577E-09,2.762E-05,3.2032E-07,-3.2028E-07
0.42500000000000004,0,-3.0048E-05,4.5776E-09,3.0164E-05,3.2032E-07,-3.203E-07
0.43,0,-3.2176E-05,4.8273E-09,3.1990000000000004E-05,3.2032E-07,-3.2026E-07
0.435,0,-3.443E-05,5.0713E-09,3.433E-05,3.2036E-07,-3.2022E-07
0.44,0,-3.6444E-05,5.3396E-09,3.6596E-05,3.2024E-07,-3.2016E-07
0.445,0,-3.8824E-05,5.6334E-09,3.88E-05,3.2018E-07,-3.2016E-07
0.45,0,-4.0806E-05,5.9005E-09,4.0884000000000004E-05,3.203E-07,-3.2019999999999997E-07
0.455,0,-4.3046E-05,6.1995E-09,4.3042E-05,3.2028E-07,-3.2016E-07
0.46,0,-4.5098E-05,6.5141E-09,4.5172E-05,3.203E-07,-3.2019999999999997E-07
0.465,0,-4.7906E-05,6.8605E-09,4.8104E-05,3.2028E-07,-3.2018E-07
0.47000000000000003,0,-5.012E-05,7.1793E-09,5.0254000000000004E-05,3.2016E-07,-3.2019999999999997E-07
0.47500000000000003,0,-5.2184E-05,7.5327E-09,5.2222E-05,3.2018E-07,-3.201E-07
0.48000000000000004,0,-5.4800000000000004E-05,7.902E-09,5.466E-05,3.2024E-07,-3.2022E-07
0.48500000000000004,0,-5.707E-05,8.2947E-09,5.682E-05,3.2019999999999997E-07,-3.201E-07
0.49000000000000005,0,-5.9536E-05,8.6916E-09,5.9752E-05,3.2022E-07,-3.2012E-07
0.49500000000000005,0,-6.1634E-05,9.0778E-09,6.168E-05,3.201E-07,-3.2005999999999997E-07
0.5,0,-6.416E-05,9.5015E-09,6.381E-05,3.2018E-07,-3.201E-07
0.505,0,-6.6146E-05,9.9609E-09,6.6156000000000008E-05,3.2018E-07,-3.201E-07
0.51,0,-6.8476E-05,1.04465E-08,6.8472E-05,3.2012E-07,-3.2008E-07
0.515,0,-7.0198000000000008E-05,1.09146E-08,7.051E-05,3.2018E-07,-3.2014E-07
0.52,0,-7.2348E-05,1.1423E-08,7.2418E-05,3.2022E-07,-3.2008E-07
0.525,0,-7.3662E-05,1.2002999999999998E-08,7.4858000000000007E-05,3.2012E-07,-3.2012E-07
0.53,0,-7.5434E-05,1.2541199999999999E-08,7.6562E-05,3.2016E-07,-3.2012E-07
0.535,0,-7.7652000000000008E-05,1.31044E-08,7.8566E-05,3.2024E-07,-3.2014E-07
0.54,0,-7.9596E-05,1.3703799999999999E-08,8.0546E-05,3.2016E-07,-3.2008E-07
0.545,0,-8.1248E-05,1.4347999999999999E-08,8.2084000000000009E-05,3.2019999999999997E-07,-3.201E-07
0.55,0,-8.2728E-05,1.4971599999999998E-08,8.3868E-05,3.2016E-07,-3.2014E-07
0.555,0,-8.4818E-05,1.56382E-08,8.5896E-05,3.2016E-07,-3.2008E-07
0.56,0,-8.694E-05,1.63398E-08,8.81E-05,3.2016E-07,-3.2004E-07
0.56500000000000006,0,-8.8998E-05,1.7071799999999998E-08,9.0058E-05,3.201E-07,-3.2008E-07
0.57000000000000006,0,-9.0708E-05,1.7841799999999998E-08,9.1836E-05,3.2016E-07,-3.2008E-07
0.57500000000000007,0,-9.2534E-05,1.8606599999999997E-08,9.3386E-05,3.2022E-07,-3.2016E-07
0.58000000000000007,0,-9.4136000000000008E-05,1.9434199999999998E-08,9.4984E-05,3.2022E-07,-3.201E-07
0.58500000000000008,0,-9.615800000000001E-05,2.0293399999999997E-08,9.66E-05,3.2018E-07,-3.2008E-07
0.59000000000000008,0,-9.7712E-05,2.11532E-08,9.799E-05,3.2018E-07,-3.2002E-07
0.595,0,-9.8914000000000009E-05,2.2069799999999998E-08,9.9896000000000007E-05,3.2014E-07,-3.2008E-07
0.6,0,-0.000100468,2.3012799999999998E-08,0.000101062,3.2019999999999997E-07,-3.201E-07
0.605,0,-0.000102082,2.4037999999999997E-08,0.000102916,3.2016E-07,-3.2004E-07
0.61,0,-0.000103298,2.5037599999999997E-08,0.00010405000000000001,3.2016E-07,-3.2012E-07
0.615,0,-0.000105042,2.6155399999999997E-08,0.000105746,3.2022E-07,-3.2014E-07
0.62,0,-0.000106496,2.7261E-08,0.00010689,3.2018E-07,-3.2012E-07
0.625,0,-0.000107806,2.84586E-08,0.00010849400000000001,3.2019999999999997E-07,-3.2014E-07
0.63,0,-0.00010942800000000001,2.9685399999999996E-08,0.000110062,3.2022E-07,-3.2014E-07
0.635,0,-0.000110776,3.0957599999999997E-08,0.00011164000000000001,3.2016E-07,-3.2008E-07
0.64,0,-0.000111994,3.2319E-08,0.000112892,3.2014E-07,-3.2005999999999997E-07
0.645,0,-0.000113474,3.37174E-08,0.00011410000000000001,3.2012E-07,-3.2004E-07
0.65,0,-0.00011447800000000001,3.51594E-08,0.000114942,3.2018E-07,-3.2005999999999997E-07
0.655,0,-0.000115038,3.6703399999999996E-08,0.000115004,3.2012E-07,-3.2012E-07
0.66,0,-0.000115038,3.82788E-08,0.00011500200000000001,3.2014E-07,-3.2008E-07
0.665,0,-0.000115042,3.99308E-08,0.00011932,3.2019999999999997E-07,-3.2012E-07
0.67,0,-0.00012230000000000002,4.16452E-08,0.00012254,3.2014E-07,-3.201E-07
0.675,0,-0.00012402,4.3475199999999995E-08,0.00012184000000000001,3.2014E-07,-3.2004E-07
0.68,0,-0.00012342,4.5369399999999996E-08,0.00012078,3.2018E-07,-3.201E-07
0.685,0,-0.00012628000000000002,4.73396E-08,0.00012376000000000002,3.2016E-07,-3.201E-07
0.69000000000000006,0,-0.00012956,4.9381E-08,0.00012422,3.2019999999999997E-07,-3.2014E-07
0.69500000000000006,0,-0.00012436,5.1526999999999995E-08,0.00012618000000000002,3.201E-07,-3.2005999999999997E-07
0.70000000000000007,0,-0.0001263,5.3806999999999993E-08,0.00012834,3.2018E-07,-3.2005999999999997E-07
0.70500000000000007,0,-0.0001295,5.6158999999999994E-08,0.00012578,3.2018E-07,-3.2014E-07
0.71000000000000008,0,-0.00012856,5.8635599999999995E-08,0.00012824,3.2018E-07,-3.201E-07
0.71500000000000008,0,-0.0001297,6.11884E-08,0.00013138,3.2019999999999997E-07,-3.2012E-07
0.72000000000000008,0,-0.00013176,6.3915999999999988E-08,0.00012972,3.2022E-07,-3.2016E-07
0.72500000000000009,0,-0.00013298000000000002,6.67438E-08,0.0001328,3.2016E-07,-3.201E-07
0.73,0,-0.00012900000000000002,6.9734399999999989E-08,0.00013230000000000002,3.2026E-07,-3.2016E-07
0.735,0,-0.00013288000000000002,7.28092E-08,0.0001365,3.2022E-07,-3.2008E-07
0.74,0,-0.00013416,7.60794E-08,0.00013642,3.2016E-07,-3.2012E-07
0.745,0,-0.0001382,7.94634E-08,0.00013446,3.2016E-07,-3.2004E-07
0.75,0,-0.00013726,8.30726E-08,0.0001339,3.2012E-07,-3.2005999999999997E-07
0.755,0,-0.00014004000000000002,8.6800599999999989E-08,0.00013634,3.2014E-07,-3.2005999999999997E-07
0.76,0,-0.0001364,9.0734399999999992E-08,0.00013752,3.2016E-07,-3.201E-07
0.765,0,-0.00013804,9.48346E-08,0.00014026000000000002,3.2014E-07,-3.2008E-07
0.77,0,-0.00013896,9.920639999999999E-08,0.00013682,3.2014E-07,-3.2008E-07
0.775,0,-0.00013804,1.0371459999999999E-07,0.00013806000000000002,3.2019999999999997E-07,-3.201E-07
0.78,0,-0.0001417,1.0850319999999999E-07,0.00014054,3.2018E-07,-3.2014E-07
0.785,0,-0.00014338,1.134756E-07,0.00013902,3.2016E-07,-3.2014E-07
0.79,0,-0.00013952000000000002,1.187E-07,0.00014304,3.2014E-07,-3.2004E-07
0.795,0,-0.00014392000000000002,1.2416E-07,0.00014408000000000002,3.2018E-07,-3.2005999999999997E-07
0.8,0,-0.00014324000000000002,1.3007999999999998E-07,0.00014242,3.2016E-07,-3.201E-07
0.805,0,-0.00014384,1.361E-07,0.00014448,3.2018E-07,-3.2008E-07
0.81,0,-0.00014712000000000001,1.4244E-07,0.00014466000000000001,3.2016E-07,-3.2005999999999997E-07
0.81500000000000006,0,-0.00014378,1.4926E-07,0.00014658,3.2022E-07,-3.201E-07
0.82000000000000006,0,-0.00014548,1.5624E-07,0.00014644000000000001,3.2012E-07,-3.201E-07
0.82500000000000007,0,-0.00014662,1.6364E-07,0.00014570000000000002,3.201E-07,-3.2005999999999997E-07
0.83000000000000007,0,-0.00014666,1.7138E-07,0.00014560000000000002,3.2012E-07,-3.201E-07
0.83500000000000008,0,-0.00014688,1.7962E-07,0.00014774000000000002,3.2018E-07,-3.2004E-07
0.84000000000000008,0,-0.00014498,1.882E-07,0.00014726,3.2022E-07,-3.2008E-07
0.84500000000000008,0,-0.00014538000000000002,1.9734E-07,0.00014588,3.2016E-07,-3.2012E-07
0.85000000000000009,0,-0.00014834,2.0678E-07,0.00014692,3.2022E-07,-3.2018E-07
0.85500000000000009,0,-0.00014656,2.1688E-07,0.00014868000000000002,3.2016E-07,-3.201E-07
0.86,0,-0.0001449,2.2724E-07,0.00014856,3.2016E-07,-3.201E-07
0.865,0,-0.00015000000000000001,2.3849999999999997E-07,0.00014894000000000002,3.2018E-07,-3.201E-07
0.87,0,-0.00014696000000000002,2.5028E-07,0.00014918,3.2022E-07,-3.2014E-07
0.875,0,-0.00015384,2.6268E-07,0.00014986,3.2018E-07,-3.2014E-07
0.88,0,-0.0001519,2.7554E-07,0.00014996,3.2019999999999997E-07,-3.2014E-07
0.885,0,-0.00015112,2.8919999999999997E-07,0.00014744,3.2018E-07,-3.201E-07
0.89,0,-0.00015168,3.035E-07,0.00015228,3.2016E-07,-3.201E-07
0.895,0,-0.00015284,3.1862E-07,0.00015066,3.201E-07,-3.201E-07
0.9,0,-0.00014548,3.3429999999999997E-07,0.0001517,3.2012E-07,-3.2004E-07
-0.3,0.01,1.0373E-09,-3.7882E-09,9.0279E-10,3.201E-07,-3.1823999999999997E-07
-0.29500000000000004,0.01,1.0097E-09,-3.5198E-09,8.6870000000000011E-10,3.2014E-07,-3.1848E-07
-0.29000000000000004,0.01,9.5713E-10,-3.2835E-09,8.3632000000000006E-10,3.2012E-07,-3.1856E-07
-0.28500000000000003,0.01,9.343400000000001E-10,-3.0648E-09,8.0017E-10,3.2018E-07,-3.1878E-07
-0.28,0.01,8.9361000000000008E-10,-2.8642E-09,7.7249000000000009E-10,3.2018E-07,-3.1884E-07
-0.275,0.01,8.5044000000000012E-10,-2.6759E-09,7.3879000000000009E-10,3.2012E-07,-3.1904E-07
-0.27,0.01,8.2382000000000006E-10,-2.5098E-09,7.0866E-10,3.2022E-07,-3.1921999999999997E-07
-0.265,0.01,7.9827000000000008E-10,-2.3425E-09,6.7850000000000009E-10,3.2012E-07,-3.1926E-07
-0.26,0.01,7.489400000000001E-10,-2.1979E-09,6.504300000000001E-10,3.2012E-07,-3.1928E-07
-0.255,0.01,7.1643000000000008E-10,-2.0565E-09,6.2221000000000007E-10,3.2016E-07,-3.194E-07
-0.25,0.01,7.0055E-10,-1.9327E-09,5.9514000000000008E-10,3.201E-07,-3.1948E-07
-0.24500000000000002,0.01,6.6700000000000007E-10,-1.8045E-09,5.6989000000000009E-10,3.201E-07,-3.1946E-07
-0.24000000000000002,0.01,6.2841E-10,-1.6958E-09,5.4593E-10,3.201E-07,-3.1956E-07
-0.23500000000000001,0.01,6.0796E-10,-1.5923E-09,5.1872E-10,3.2012E-07,-3.1962E-07
-0.23,0.01,5.8593000000000006E-10,-1.4947E-09,4.9695E-10,3.2024E-07,-3.1977999999999997E-07
-0.225,0.01,5.4467E-10,-1.404E-09,4.7303000000000007E-10,3.2016E-07,-3.1977999999999997E-07
-0.22,0.01,5.1970000000000008E-10,-1.3176E-09,4.4969000000000003E-10,3.2022E-07,-3.198E-07
-0.215,0.01,5.1176E-10,-1.234E-09,4.2870000000000003E-10,3.2012E-07,-3.1974E-07
-0.21000000000000002,0.01,4.8107000000000008E-10,-1.1591E-09,4.0830000000000003E-10,3.2018E-07,-3.1988E-07
-0.20500000000000002,0.01,4.4514000000000003E-10,-1.0911E-09,3.8863000000000003E-10,3.2019999999999997E-07,-3.1986E-07
-0.2,0.01,4.2945000000000005E-10,-1.023E-09,3.6487E-10,3.2016E-07,-3.1991999999999997E-07
-0.195,0.01,4.1777000000000005E-10,-9.5799000000000012E-10,3.4386000000000004E-10,3.203E-07,-3.1996E-07
-0.19,0.01,3.8070000000000004E-10,-9.0648000000000006E-10,3.2594E-10,3.2024E-07,-3.1996E-07
-0.185,0.01,3.6841E-10,-8.4059000000000009E-10,3.0447000000000004E-10,3.2019999999999997E-07,-3.1996E-07
-0.18000000000000002,0.01,3.5885E-10,-7.9471E-10,2.9111000000000004E-10,3.2022E-07,-3.2004E-07
-0.17500000000000002,0.01,3.2727000000000005E-10,-7.451E-10,2.7334E-10,3.2024E-07,-3.1998E-07
-0.17,0.01,3.0462000000000003E-10,-7.0228000000000008E-10,2.5921000000000003E-10,3.2016E-07,-3.1996E-07
-0.165,0.01,2.9616000000000004E-10,-6.5204000000000006E-10,2.421E-10,3.2018E-07,-3.1998E-07
-0.16,0.01,2.7521E-10,-6.1397E-10,2.2902000000000003E-10,3.2022E-07,-3.1996E-07
-0.155,0.01,2.5111E-10,-5.7020000000000006E-10,2.1168E-10,3.2016E-07,-3.2004E-07
-0.15,0.01,2.5160000000000004E-10,-5.3693E-10,1.9619000000000002E-10,3.2018E-07,-3.1998E-07
-0.14500000000000002,0.01,2.4129E-10,-4.9813E-10,1.8283E-10,3.2014E-07,-3.1998E-07
-0.14,0.01,2.1378E-10,-4.6546E-10,1.695E-10,3.2018E-07,-3.201E-07
-0.135,0.01,2.0234000000000002E-10,-4.3501000000000003E-10,1.5428E-10,3.201E-07,-3.2004E-07
-0.13,0.01,2.0371000000000001E-10,-4.0336000000000004E-10,1.4142000000000001E-10,3.2018E-07,-3.2004E-07
-0.125,0.01,1.8241000000000002E-10,-3.7484E-10,1.2998E-10,3.2012E-07,-3.2008E-07
-0.12000000000000001,0.01,1.6489E-10,-3.5189E-10,1.1434E-10,3.2019999999999997E-07,-3.2005999999999997E-07
-0.115,0.01,1.6516E-10,-3.2282000000000003E-10,9.9510000000000014E-11,3.2012E-07,-3.2008E-07
-0.11,0.01,1.6576E-10,-2.9746E-10,8.664000000000001E-11,3.2018E-07,-3.2014E-07
-0.10500000000000001,0.01,1.4855000000000002E-10,-2.7725E-10,7.227E-11,3.2016E-07,-3.2016E-07
-0.1,0.01,1.5293E-10,-2.5691E-10,5.612E-11,3.2019999999999997E-07,-3.2004E-07
-0.095,0.01,1.5509E-10,-2.317E-10,4.0700000000000006E-11,3.2018E-07,-3.2014E-07
-0.090000000000000011,0.01,1.4523E-10,-2.1671000000000002E-10,2.6170000000000002E-11,3.2019999999999997E-07,-3.2004E-07
-0.085,0.01,1.3563E-10,-1.9924000000000003E-10,9.34E-12,3.2012E-07,-3.2014E-07
-0.08,0.01,1.5724000000000002E-10,-1.8039E-10,-1.0850000000000002E-11,3.2018E-07,-3.201E-07
-0.075,0.01,1.62E-10,-1.6438E-10,-2.946E-11,3.2012E-07,-3.201E-07
-0.07,0.01,1.5570000000000002E-10,-1.5171E-10,-5.099E-11,3.2014E-07,-3.2004E-07
-0.065,0.01,1.7175E-10,-1.3412E-10,-7.7180000000000012E-11,3.201E-07,-3.2008E-07
-0.060000000000000005,0.01,1.9891000000000001E-10,-1.2479000000000002E-10,-1.0481000000000001E-10,3.2016E-07,-3.2008E-07
-0.055,0.01,2.0576000000000002E-10,-1.1134000000000001E-10,-1.3611E-10,3.201E-07,-3.2008E-07
-0.05,0.01,2.2880000000000003E-10,-9.665000000000001E-11,-1.7455E-10,3.2016E-07,-3.2019999999999997E-07
-0.045000000000000005,0.01,2.7842E-10,-8.643E-11,-2.1639000000000002E-10,3.2016E-07,-3.2012E-07
-0.04,0.01,3.1500000000000005E-10,-7.328E-11,-2.6371E-10,3.2016E-07,-3.201E-07
-0.035,0.01,3.4553000000000005E-10,-6.62E-11,-3.1897000000000004E-10,3.2016E-07,-3.2014E-07
-0.030000000000000002,0.01,4.0831E-10,-5.7780000000000006E-11,-3.8657000000000004E-10,3.2014E-07,-3.2014E-07
-0.025,0.01,4.8197E-10,-4.7580000000000005E-11,-4.5789000000000006E-10,3.2012E-07,-3.201E-07
-0.02,0.01,5.4919E-10,-3.7930000000000005E-11,-5.4974E-10,3.2012E-07,-3.2004E-07
-0.015000000000000001,0.01,6.4344E-10,-3.3120000000000004E-11,-6.5341E-10,3.2012E-07,-3.2008E-07
-0.01,0.01,7.8026000000000005E-10,-2.4700000000000003E-11,-7.7834E-10,3.2004E-07,-3.2E-07
-0.005,0.01,9.062E-10,-1.21E-11,-9.184900000000001E-10,3.2016E-07,-3.2004E-07
0,0.01,1.0637700000000001E-09,-9.54E-12,-1.0906000000000001E-09,3.201E-07,-3.2005999999999997E-07
0.005,0.01,1.2604E-09,-2.8100000000000003E-12,-1.2908E-09,3.2016E-07,-3.201E-07
0.01,0.01,1.4861E-09,4.84E-12,-1.5271E-09,3.201E-07,-3.2008E-07
0.015000000000000001,0.01,1.7667E-09,1.138E-11,-1.8004E-09,3.2016E-07,-3.2008E-07
0.02,0.01,2.089E-09,1.9400000000000002E-11,-2.1306E-09,3.2012E-07,-3.2008E-07
0.025,0.01,2.4654E-09,1.7910000000000003E-11,-2.5178E-09,3.201E-07,-3.201E-07
0.030000000000000002,0.01,2.9212E-09,2.715E-11,-2.9745E-09,3.2012E-07,-3.2012E-07
0.035,0.01,3.4596E-09,3.0720000000000005E-11,-3.5154E-09,3.2016E-07,-3.201E-07
0.04,0.01,4.0914E-09,4.0190000000000005E-11,-4.1592E-09,3.2016E-07,-3.2004E-07
0.045000000000000005,0.01,4.8285E-09,4.0440000000000005E-11,-4.9037E-09,3.201E-07,-3.2004E-07
0.05,0.01,5.738E-09,5.0410000000000004E-11,-5.8045E-09,3.2014E-07,-3.2002E-07
0.055,0.01,6.787E-09,5.6730000000000007E-11,-6.8538E-09,3.2012E-07,-3.2002E-07
0.060000000000000005,0.01,8.0129E-09,6.035E-11,-8.0906E-09,3.2012E-07,-3.2008E-07
0.065,0.01,9.4664E-09,6.5470000000000008E-11,-9.5697E-09,3.2012E-07,-3.2005999999999997E-07
0.07,0.01,1.12295E-08,7.287E-11,-1.13115E-08,3.2005999999999997E-07,-3.201E-07
0.075,0.01,1.3384999999999999E-08,8.078E-11,-1.3455599999999998E-08,3.2024E-07,-3.2012E-07
0.08,0.01,1.5806399999999998E-08,8.065E-11,-1.58784E-08,3.2016E-07,-3.2008E-07
0.085,0.01,1.8714599999999997E-08,8.6970000000000011E-11,-1.88246E-08,3.2018E-07,-3.201E-07
0.090000000000000011,0.01,2.2145599999999997E-08,9.7910000000000014E-11,-2.2243399999999998E-08,3.2016E-07,-3.2004E-07
0.095,0.01,2.6227799999999997E-08,1.0233000000000001E-10,-2.6307199999999996E-08,3.2008E-07,-3.201E-07
0.1,0.01,3.0982199999999997E-08,1.1156000000000001E-10,-3.1082999999999995E-08,3.2012E-07,-3.2005999999999997E-07
0.10500000000000001,0.01,3.6726999999999995E-08,1.1083000000000001E-10,-3.6755999999999995E-08,3.2016E-07,-3.2008E-07
0.11,0.01,4.32764E-08,1.2706E-10,-4.3485599999999995E-08,3.201E-07,-3.2004E-07
0.115,0.01,5.1296399999999993E-08,1.2917E-10,-5.1408599999999992E-08,3.2018E-07,-3.201E-07
0.12000000000000001,0.01,6.0773E-08,1.4134E-10,-6.084579999999999E-08,3.2014E-07,-3.2012E-07
0.125,0.01,7.1860399999999991E-08,1.4535000000000002E-10,-7.1928399999999989E-08,3.2012E-07,-3.2004E-07
0.13,0.01,8.48566E-08,1.6072000000000002E-10,-8.50872E-08,3.201E-07,-3.2014E-07
0.135,0.01,1.0064819999999999E-07,1.6681000000000002E-10,-1.0067539999999999E-07,3.2022E-07,-3.2016E-07
0.14,0.01,1.187E-07,1.7517E-10,-1.1884E-07,3.2016E-07,-3.2016E-07
0.14500000000000002,0.01,1.4048E-07,1.8529000000000001E-10,-1.4086E-07,3.2018E-07,-3.2018E-07
0.15,0.01,1.6616E-07,1.9824E-10,-1.662E-07,3.2024E-07,-3.2018E-07
0.155,0.01,1.9596E-07,2.0577E-10,-1.9596E-07,3.2018E-07,-3.201E-07
0.16,0.01,2.3269999999999999E-07,2.1925000000000002E-10,-2.3266E-07,3.201E-07,-3.201E-07
0.165,0.01,2.7466E-07,2.3219000000000003E-10,-2.749E-07,3.2016E-07,-3.201E-07
0.17,0.01,3.2502E-07,2.4583E-10,-3.2448E-07,3.2024E-07,-3.2008E-07
0.17500000000000002,0.01,3.8338E-07,2.5988000000000004E-10,-3.8415999999999997E-07,3.2012E-07,-3.2008E-07
0.18000000000000002,0.01,4.5356E-07,2.7554E-10,-4.5498E-07,3.2008E-07,-3.2004E-07
0.185,0.01,5.364E-07,2.8424000000000004E-10,-5.371E-07,3.201E-07,-3.2002E-07
0.19,0.01,6.339E-07,3.0395E-10,-6.336E-07,3.2008E-07,-3.201E-07
0.195,0.01,7.4842E-07,3.2367000000000003E-10,-7.4848E-07,3.2012E-07,-3.2012E-07
0.2,0.01,8.8332E-07,3.3841E-10,-8.8368E-07,3.201E-07,-3.2E-07
0.20500000000000002,0.01,1.04344E-06,3.6233000000000003E-10,-1.04256E-06,3.2018E-07,-3.2014E-07
0.21000000000000002,0.01,1.2366000000000002E-06,3.7949000000000005E-10,-1.2297E-06,3.2022E-07,-3.2008E-07
0.215,0.01,1.4509000000000002E-06,4.0411E-10,-1.4522E-06,3.2022E-07,-3.2016E-07
0.22,0.01,1.7114000000000003E-06,4.2220000000000005E-10,-1.7123000000000001E-06,3.2019999999999997E-07,-3.2016E-07
0.225,0.01,2.0142E-06,4.5265000000000003E-10,-2.015E-06,3.2019999999999997E-07,-3.2014E-07
0.23,0.01,2.3808E-06,4.7292000000000006E-10,-2.3778000000000003E-06,3.2018E-07,-3.2012E-07
0.23500000000000001,0.01,2.7917000000000003E-06,5.0316E-10,-2.7962000000000004E-06,3.2018E-07,-3.2018E-07
0.24000000000000002,0.01,3.2952000000000002E-06,5.3499E-10,-3.2826E-06,3.2022E-07,-3.2008E-07
0.24500000000000002,0.01,3.8667000000000006E-06,5.7002000000000006E-10,-3.8599E-06,3.2016E-07,-3.2005999999999997E-07
0.25,0.01,4.5314E-06,5.9769E-10,-4.5225E-06,3.2016E-07,-3.2012E-07
0.255,0.01,5.3166000000000009E-06,6.416E-10,-5.3150000000000008E-06,3.2016E-07,-3.2018E-07
0.26,0.01,6.2255000000000008E-06,6.7479E-10,-6.2237E-06,3.2012E-07,-3.2005999999999997E-07
0.265,0.01,7.2977000000000004E-06,7.1841000000000011E-10,-7.2916000000000006E-06,3.2018E-07,-3.201E-07
0.27,0.01,8.5107000000000014E-06,7.668500000000001E-10,-8.5207000000000013E-06,3.2016E-07,-3.2005999999999997E-07
0.275,0.01,9.9787000000000015E-06,8.1062E-10,-9.971500000000001E-06,3.2022E-07,-3.2002E-07
0.28,0.01,1.1618000000000001E-05,8.6202000000000009E-10,-1.1606E-05,3.2012E-07,-3.2008E-07
0.28500000000000003,0.01,1.3546E-05,9.153E-10,-1.3502E-05,3.2012E-07,-3.2008E-07
0.29000000000000004,0.01,1.5724E-05,9.688E-10,-1.5718E-05,3.2016E-07,-3.2008E-07
0.29500000000000004,0.01,1.8278E-05,1.0261400000000001E-09,-1.8272E-05,3.2018E-07,-3.2016E-07
0.3,0.01,2.1152E-05,1.0898300000000002E-09,-2.114E-05,3.2018E-07,-3.2014E-07
0.305,0.01,2.4532E-05,1.1535E-09,-2.4494E-05,3.2016E-07,-3.201E-07
0.31,0.01,2.8262E-05,1.2224E-09,-2.8248E-05,3.2026E-07,-3.2016E-07
0.315,0.01,3.2608000000000004E-05,1.2993E-09,-3.2592E-05,3.2014E-07,-3.2004E-07
0.32,0.01,3.7424E-05,1.3743E-09,-3.7448000000000005E-05,3.2019999999999997E-07,-3.2014E-07
0.325,0.01,4.2966E-05,1.4524999999999999E-09,-4.2996E-05,3.2012E-07,-3.201E-07
0.33,0.01,4.9224E-05,1.5362E-09,-4.9092000000000004E-05,3.201E-07,-3.2008E-07
0.335,0.01,5.6114000000000005E-05,1.6295E-09,-5.617E-05,3.201E-07,-3.201E-07
0.34,0.01,6.3792E-05,1.7196E-09,-6.3812E-05,3.201E-07,-3.2008E-07
0.34500000000000003,0.01,7.2558E-05,1.8252E-09,-7.2468E-05,3.2014E-07,-3.2014E-07
0.35000000000000003,0.01,8.1874000000000009E-05,1.9292E-09,-8.1976E-05,3.201E-07,-3.2012E-07
0.35500000000000004,0.01,9.2506E-05,2.0418E-09,-9.249E-05,3.2012E-07,-3.201E-07
0.36000000000000004,0.01,0.000103874,2.1583E-09,-0.00010379600000000001,3.2012E-07,-3.2008E-07
0.365,0.01,0.00011688,2.2917E-09,-0.00011674000000000001,3.2016E-07,-3.2014E-07
0.37,0.01,0.0001307,2.4109E-09,-0.00013032,3.2024E-07,-3.2016E-07
0.375,0.01,0.0001454,2.5471E-09,-0.00014532,3.2022E-07,-3.2014E-07
0.38,0.01,0.00016156000000000002,2.691E-09,-0.00016082000000000002,3.2018E-07,-3.2014E-07
0.385,0.01,0.00017862000000000002,2.8384E-09,-0.00017828,3.2016E-07,-3.2008E-07
0.39,0.01,0.00019682,2.9974E-09,-0.00019684000000000002,3.2014E-07,-3.2008E-07
0.395,0.01,0.00021636000000000002,3.1653E-09,-0.00021636000000000002,3.2018E-07,-3.2016E-07
0.4,0.01,0.00023654,3.3376E-09,-0.00023636000000000002,3.2018E-07,-3.201E-07
0.405,0.01,0.00025848,3.5173E-09,-0.0002583,3.2016E-07,-3.201E-07
0.41000000000000003,0.01,0.00028106,3.709E-09,-0.0002807,3.2018E-07,-3.2016E-07
0.41500000000000004,0.01,0.00030480000000000004,3.9116E-09,-0.00030472,3.201E-07,-3.2012E-07
0.42000000000000004,0.01,0.00032892,4.1173E-09,-0.00032916,3.2016E-07,-3.2004E-07
0.42500000000000004,0.01,0.0003552,4.3327E-09,-0.00035484000000000004,3.2016E-07,-3.2014E-07
0.43,0.01,0.00038072000000000003,4.561E-09,-0.00038026000000000005,3.2016E-07,-3.201E-07
0.435,0.01,0.00040828,4.801E-09,-0.00040792000000000004,3.2028E-07,-3.2014E-07
0.44,0.01,0.00043470000000000005,5.0603E-09,-0.00043514000000000004,3.2022E-07,-3.2008E-07
0.445,0.01,0.00046336,5.3159E-09,-0.00046362000000000004,3.2012E-07,-3.2005999999999997E-07
0.45,0.01,0.000492,5.5924E-09,-0.00049194000000000006,3.2012E-07,-3.2004E-07
0.455,0.01,0.00052084000000000006,5.8763E-09,-0.00052138,3.2018E-07,-3.201E-07
0.46,0.01,0.00055106,6.1721E-09,-0.00054982,3.2014E-07,-3.2012E-07
0.465,0.01,0.00057946000000000007,6.4792E-09,-0.0005793,3.2012E-07,-3.2005999999999997E-07
0.47000000000000003,0.01,0.00060908,6.8026E-09,-0.00060758,3.2012E-07,-3.2008E-07
0.47500000000000003,0.01,0.00063998000000000006,7.1526E-09,-0.00063864,3.2016E-07,-3.2004E-07
0.48000000000000004,0.01,0.00066914,7.5031E-09,-0.00066772,3.2014E-07,-3.2004E-07
0.48500000000000004,0.01,0.00069842,7.8531E-09,-0.00069872,3.2022E-07,-3.2005999999999997E-07
0.49000000000000005,0.01,0.0007293,8.233E-09,-0.00073008,3.2005999999999997E-07,-3.2004E-07
0.49500000000000005,0.01,0.00075718000000000009,8.6398E-09,-0.00075838,3.2022E-07,-3.2014E-07
0.5,0.01,0.00078824000000000006,9.0422E-09,-0.0007875,3.2018E-07,-3.2008E-07
0.505,0.01,0.00081666000000000009,9.4801E-09,-0.00081648000000000007,3.2016E-07,-3.2012E-07
0.51,0.01,0.00084526,9.9141E-09,-0.00084618000000000009,3.2012E-07,-3.2002E-07
0.515,0.01,0.0008738000000000001,1.03908E-08,-0.00087456,3.2012E-07,-3.2002E-07
0.52,0.01,0.00090082000000000009,1.08774E-08,-0.000902,3.2014E-07,-3.201E-07
0.525,0.01,0.00093034000000000009,1.13713E-08,-0.00093062000000000006,3.2012E-07,-3.2012E-07
0.53,0.01,0.0009581,1.1924399999999998E-08,-0.00095752,3.2022E-07,-3.2016E-07
0.535,0.01,0.00098388000000000013,1.2460999999999998E-08,-0.00098318000000000016,3.2016E-07,-3.2016E-07
0.54,0.01,0.00101034,1.3027599999999999E-08,-0.00101008,3.2016E-07,-3.2016E-07
0.545,0.01,0.00103698,1.3632999999999999E-08,-0.0010368200000000002,3.2018E-07,-3.201E-07
0.55,0.01,0.00106276,1.4232599999999999E-08,-0.0010618000000000001,3.2016E-07,-3.2016E-07
0.555,0.01,0.0010874600000000002,1.4866999999999998E-08,-0.00108668,3.2024E-07,-3.2016E-07
0.56,0.01,0.00111114,1.5555199999999997E-08,-0.0011119600000000002,3.2012E-07,-3.2016E-07
0.56500000000000006,0.01,0.0011365000000000001,1.6225799999999998E-08,-0.0011362800000000002,3.2018E-07,-3.2016E-07
0.57000000000000006,0.01,0.0011500800000000002,1.6936199999999998E-08,-0.001158,3.2024E-07,-3.2014E-07
0.57500000000000007,0.01,0.0011836,1.7693399999999997E-08,-0.0011818,3.2018E-07,-3.201E-07
0.58000000000000007,0.01,0.0012064,1.84602E-08,-0.0012044,3.2022E-07,-3.2014E-07
0.58500000000000008,0.01,0.0012262,1.9280799999999998E-08,-0.0012278,3.2016E-07,-3.2014E-07
0.59000000000000008,0.01,0.0012488,2.0127599999999998E-08,-0.0012472,3.2019999999999997E-07,-3.2014E-07
0.595,0.01,0.0012698,2.0988E-08,-0.0012708,3.2016E-07,-3.2016E-07
0.6,0.01,0.0012912,2.19018E-08,-0.0012906,3.2018E-07,-3.201E-07
0.605,0.01,0.0013114000000000001,2.2858199999999996E-08,-0.0013104,3.2016E-07,-3.2008E-07
0.61,0.01,0.0013312,2.3868999999999997E-08,-0.0013314,3.2018E-07,-3.201E-07
0.615,0.01,0.0013496,2.4870599999999996E-08,-0.0013492,3.2014E-07,-3.2012E-07
0.62,0.01,0.0013692,2.59436E-08,-0.0013686,3.2014E-07,-3.2008E-07
0.625,0.01,0.0013856,2.7070999999999998E-08,-0.0013876000000000001,3.2016E-07,-3.2008E-07
0.63,0.01,0.0014034,2.82374E-08,-0.0014060000000000001,3.201E-07,-3.2004E-07
0.635,0.01,0.0014234,2.9455399999999997E-08,-0.0014234,3.201E-07,-3.2008E-07
0.64,0.01,0.0014396,3.0735E-08,-0.0014412000000000001,3.201E-07,-3.2005999999999997E-07
0.645,0.01,0.0014552,3.20462E-08,-0.0014566,3.201E-07,-3.2008E-07
0.65,0.01,0.0014730000000000001,3.3425199999999994E-08,-0.0014742,3.201E-07,-3.2008E-07
0.655,0.01,0.001488,3.4876999999999995E-08,-0.0014872,3.201E-07,-3.2004E-07
0.66,0.01,0.0015042,3.6398E-08,-0.0015018,3.2005999999999997E-07,-3.2008E-07
0.665,0.01,0.0015224,3.7946999999999996E-08,-0.0015182,3.2005999999999997E-07,-3.2005999999999997E-07
0.67,0.01,0.0015362,3.95786E-08,-0.0015356,3.201E-07,-3.2004E-07
0.675,0.01,0.0015448,4.13084E-08,-0.0015484000000000001,3.2014E-07,-3.2004E-07
0.68,0.01,0.0015646,4.3103999999999993E-08,-0.0015628,3.201E-07,-3.2008E-07
0.685,0.01,0.001578,4.4960999999999995E-08,-0.0015756000000000001,3.2005999999999997E-07,-3.2004E-07
0.69000000000000006,0.01,0.0015890000000000001,4.6912199999999994E-08,-0.00159,3.201E-07,-3.2008E-07
0.69500000000000006,0.01,0.0016062000000000001,4.89282E-08,-0.001603,3.201E-07,-3.2005999999999997E-07
0.70000000000000007,0.01,0.0016176,5.1087799999999996E-08,-0.0016142,3.2014E-07,-3.2005999999999997E-07
0.70500000000000007,0.01,0.0016288000000000001,5.3258399999999995E-08,-0.0016248,3.201E-07,-3.2008E-07
0.71000000000000008,0.01,0.0016398,5.5634599999999993E-08,-0.0016414,3.2014E-07,-3.201E-07
0.71500000000000008,0.01,0.0016528,5.8044999999999995E-08,-0.0016524,3.2018E-07,-3.2014E-07
0.72000000000000008,0.01,0.0016666,6.06332E-08,-0.0016652,3.2012E-07,-3.2004E-07
0.72500000000000009,0.01,0.0016764,6.3230999999999992E-08,-0.0016740000000000001,3.2018E-07,-3.201E-07
0.73,0.01,0.0016874000000000001,6.60284E-08,-0.001686,3.2016E-07,-3.2008E-07
0.735,0.01,0.0016976,6.8999E-08,-0.0016978,3.2022E-07,-3.201E-07
0.74,0.01,0.0017058,7.21266E-08,-0.0017096000000000001,3.2018E-07,-3.2016E-07
0.745,0.01,0.0017180000000000001,7.5311399999999987E-08,-0.0017180000000000001,3.2026E-07,-3.2014E-07
0.75,0.01,0.001727,7.8690999999999986E-08,-0.0017310000000000001,3.2018E-07,-3.2008E-07
0.755,0.01,0.0017386,8.22034E-08,-0.0017378,3.2019999999999997E-07,-3.201E-07
0.76,0.01,0.0017498000000000001,8.5926999999999986E-08,-0.0017476,3.2016E-07,-3.2012E-07
0.765,0.01,0.0017552,8.9809199999999991E-08,-0.0017582000000000001,3.2024E-07,-3.2019999999999997E-07
0.77,0.01,0.001766,9.389759999999999E-08,-0.0017644,3.2019999999999997E-07,-3.2016E-07
0.775,0.01,0.0017754000000000001,9.80424E-08,-0.0017726,3.2022E-07,-3.2018E-07
0.78,0.01,0.0017826,1.0254419999999999E-07,-0.0017856,3.2016E-07,-3.2016E-07
0.785,0.01,0.0017968,1.072162E-07,-0.0017944,3.2018E-07,-3.201E-07
0.79,0.01,0.0018012,1.122026E-07,-0.0017980000000000001,3.2022E-07,-3.2014E-07
0.795,0.01,0.0018086,1.1734E-07,-0.0018096,3.2018E-07,-3.2012E-07
0.8,0.01,0.0018164000000000001,1.2282E-07,-0.0018172,3.2019999999999997E-07,-3.2014E-07
0.805,0.01,0.001826,1.2848E-07,-0.0018248000000000001,3.2022E-07,-3.2016E-07
0.81,0.01,0.0018328,1.3424E-07,-0.0018334,3.2016E-07,-3.201E-07
0.81500000000000006,0.01,0.0018412,1.409E-07,-0.0018408,3.2018E-07,-3.2016E-07
0.82000000000000006,0.01,0.0018468,1.4748E-07,-0.0018494,3.2019999999999997E-07,-3.2019999999999997E-07
0.82500000000000007,0.01,0.0018562000000000001,1.544E-07,-0.0018546,3.2012E-07,-3.2019999999999997E-07
0.83000000000000007,0.01,0.0018628,1.6168E-07,-0.001863,3.2016E-07,-3.2014E-07
0.83500000000000008,0.01,0.0018682,1.6942E-07,-0.001869,3.2016E-07,-3.2008E-07
0.84000000000000008,0.01,0.0018754,1.7748E-07,-0.001873,3.2018E-07,-3.2012E-07
0.84500000000000008,0.01,0.0018814,1.8612E-07,-0.0018832,3.2022E-07,-3.2014E-07
0.85000000000000009,0.01,0.0018882,1.9496E-07,-0.0018894,3.2022E-07,-3.2016E-07
0.85500000000000009,0.01,0.0018936,2.0448E-07,-0.0018916,3.2016E-07,-3.2014E-07
0.86,0.01,0.001902,2.143E-07,-0.0018962,3.2016E-07,-3.201E-07
0.865,0.01,0.0019086,2.2468E-07,-0.001908,3.2012E-07,-3.2014E-07
0.87,0.01,0.00191,2.357E-07,-0.0019098000000000001,3.2019999999999997E-07,-3.2016E-07
0.875,0.01,0.0019190000000000001,2.473E-07,-0.0019176,3.2018E-07,-3.2018E-07
0.88,0.01,0.0019238,2.5938E-07,-0.0019244,3.2024E-07,-3.2016E-07
0.885,0.01,0.0019256,2.7234E-07,-0.001928,3.2018E-07,-3.2016E-07
0.89,0.01,0.001936,2.8572E-07,-0.0019332,3.2022E-07,-3.2016E-07
0.895,0.01,0.00194,2.9998E-07,-0.001936,3.2024E-07,-3.2018E-07
0.9,0.01,0.0019454000000000001,3.1482E-07,-0.0019446,3.2016E-07,-3.2012E-07
-0.3,0.02,1.1513E-09,-3.8521E-09,9.0562E-10,3.2024E-07,-3.1834E-07
-0.29500000000000004,0.02,1.0959E-09,-3.5993999999999998E-09,8.7046000000000011E-10,3.2019999999999997E-07,-3.186E-07
-0.29000000000000004,0.02,1.0667E-09,-3.36E-09,8.3496000000000008E-10,3.2022E-07,-3.1868E-07
-0.28500000000000003,0.02,1.0352E-09,-3.133E-09,8.0345000000000005E-10,3.201E-07,-3.1882E-07
-0.28,0.02,9.817E-10,-2.935E-09,7.7081E-10,3.2016E-07,-3.1896E-07
-0.275,0.02,9.534E-10,-2.7418E-09,7.3946E-10,3.2018E-07,-3.1907999999999997E-07
-0.27,0.02,9.1565E-10,-2.5714E-09,7.1022000000000006E-10,3.2022E-07,-3.192E-07
-0.265,0.02,8.6820000000000006E-10,-2.4052E-09,6.8006E-10,3.2018E-07,-3.1928E-07
-0.26,0.02,8.5040000000000008E-10,-2.2583E-09,6.4944000000000009E-10,3.2018E-07,-3.194E-07
-0.255,0.02,8.1753000000000007E-10,-2.1141E-09,6.2146E-10,3.2022E-07,-3.1944E-07
-0.25,0.02,7.7101E-10,-1.9908E-09,5.9656000000000006E-10,3.2024E-07,-3.1956E-07
-0.24500000000000002,0.02,7.4149000000000009E-10,-1.8638E-09,5.6714000000000007E-10,3.2016E-07,-3.1963999999999997E-07
-0.24000000000000002,0.02,7.2322E-10,-1.7542E-09,5.4309E-10,3.2016E-07,-3.1968E-07
-0.23500000000000001,0.02,6.8735E-10,-1.6433E-09,5.1777000000000006E-10,3.2016E-07,-3.1972E-07
-0.23,0.02,6.499600000000001E-10,-1.5488E-09,4.9328000000000008E-10,3.2018E-07,-3.198E-07
-0.225,0.02,6.3795000000000006E-10,-1.4533E-09,4.6728000000000007E-10,3.2019999999999997E-07,-3.1986E-07
-0.22,0.02,6.1106000000000006E-10,-1.3633E-09,4.4581000000000004E-10,3.2024E-07,-3.1988E-07
-0.215,0.02,5.7273E-10,-1.2856E-09,4.2249000000000006E-10,3.2024E-07,-3.1994E-07
-0.21000000000000002,0.02,5.4479E-10,-1.2068E-09,4.0157000000000004E-10,3.2022E-07,-3.1991999999999997E-07
-0.20500000000000002,0.02,5.3609000000000006E-10,-1.1365E-09,3.8027E-10,3.2014E-07,-3.199E-07
-0.2,0.02,4.9952E-10,-1.0666E-09,3.6194000000000004E-10,3.201E-07,-3.1984E-07
-0.195,0.02,4.6821000000000008E-10,-1.0091E-09,3.4313000000000003E-10,3.2018E-07,-3.1994E-07
-0.19,0.02,4.5825000000000005E-10,-9.4265E-10,3.2159E-10,3.2016E-07,-3.2E-07
-0.185,0.02,4.4053000000000003E-10,-8.8363000000000008E-10,3.0296E-10,3.201E-07,-3.1996E-07
-0.18000000000000002,0.02,4.0624000000000004E-10,-8.3258E-10,2.8566E-10,3.2008E-07,-3.2002E-07
-0.17500000000000002,0.02,3.9802000000000004E-10,-7.8291E-10,2.6789000000000004E-10,3.2016E-07,-3.1994E-07
-0.17,0.02,3.8299000000000004E-10,-7.3442E-10,2.5297E-10,3.2022E-07,-3.2004E-07
-0.165,0.02,3.5067000000000004E-10,-6.9022E-10,2.3773E-10,3.2022E-07,-3.2004E-07
-0.16,0.02,3.3466E-10,-6.4766E-10,2.1983E-10,3.2019999999999997E-07,-3.2005999999999997E-07
-0.155,0.02,3.3086000000000003E-10,-6.0566000000000006E-10,2.043E-10,3.2016E-07,-3.2014E-07
-0.15,0.02,3.0969000000000004E-10,-5.6559E-10,1.903E-10,3.2012E-07,-3.2005999999999997E-07
-0.14500000000000002,0.02,2.8674000000000004E-10,-5.3203000000000007E-10,1.7525000000000002E-10,3.2016E-07,-3.2004E-07
-0.14,0.02,2.8833000000000003E-10,-4.9453E-10,1.5719E-10,3.2008E-07,-3.2004E-07
-0.135,0.02,2.7525E-10,-4.6125000000000004E-10,1.4535000000000002E-10,3.2005999999999997E-07,-3.2002E-07
-0.13,0.02,2.5197E-10,-4.3239000000000004E-10,1.2886E-10,3.2008E-07,-3.1998E-07
-0.125,0.02,2.4486E-10,-4.0263000000000004E-10,1.1143000000000001E-10,3.2012E-07,-3.2004E-07
-0.12000000000000001,0.02,2.4999000000000003E-10,-3.7216000000000004E-10,9.7150000000000008E-11,3.2005999999999997E-07,-3.1998E-07
-0.115,0.02,2.2966E-10,-3.4875E-10,8.278000000000001E-11,3.2016E-07,-3.2E-07
-0.11,0.02,2.1846000000000001E-10,-3.2357E-10,6.396E-11,3.2016E-07,-3.2005999999999997E-07
-0.10500000000000001,0.02,2.3211000000000001E-10,-2.9688E-10,4.3930000000000004E-11,3.2016E-07,-3.201E-07
-0.1,0.02,2.2920000000000002E-10,-2.7702000000000004E-10,3.0240000000000004E-11,3.2005999999999997E-07,-3.1998E-07
-0.095,0.02,2.1695E-10,-2.5774000000000003E-10,8.36E-12,3.2016E-07,-3.2016E-07
-0.090000000000000011,0.02,2.2789000000000003E-10,-2.3842000000000004E-10,-1.442E-11,3.2004E-07,-3.2008E-07
-0.085,0.02,2.4656E-10,-2.1575E-10,-4.111E-11,3.2012E-07,-3.2004E-07
-0.08,0.02,2.4284E-10,-1.9732000000000002E-10,-6.676000000000001E-11,3.2012E-07,-3.2004E-07
-0.075,0.02,2.5901E-10,-1.8074000000000001E-10,-1.008E-10,3.201E-07,-3.2004E-07
-0.07,0.02,2.9363E-10,-1.6312E-10,-1.3506000000000002E-10,3.2012E-07,-3.2008E-07
-0.065,0.02,3.1149000000000003E-10,-1.4939000000000001E-10,-1.706E-10,3.2004E-07,-3.2002E-07
-0.060000000000000005,0.02,3.3141000000000005E-10,-1.3486000000000001E-10,-2.1761E-10,3.2005999999999997E-07,-3.2005999999999997E-07
-0.055,0.02,3.781E-10,-1.2519E-10,-2.6882E-10,3.2014E-07,-3.2008E-07
-0.05,0.02,4.3292000000000004E-10,-1.0732000000000001E-10,-3.2987E-10,3.2019999999999997E-07,-3.201E-07
-0.045000000000000005,0.02,4.7298000000000006E-10,-9.7750000000000011E-11,-3.9738000000000003E-10,3.2019999999999997E-07,-3.2008E-07
-0.04,0.02,5.5028000000000009E-10,-8.71E-11,-4.8006E-10,3.2014E-07,-3.201E-07
-0.035,0.02,6.4584E-10,-7.5830000000000011E-11,-5.7218000000000009E-10,3.2016E-07,-3.201E-07
-0.030000000000000002,0.02,7.3937000000000011E-10,-6.568E-11,-6.8279000000000008E-10,3.2005999999999997E-07,-3.2002E-07
-0.025,0.02,8.5287000000000008E-10,-5.7800000000000003E-11,-8.1476000000000009E-10,3.2008E-07,-3.201E-07
-0.02,0.02,1.01121E-09,-4.934E-11,-9.6829E-10,3.2004E-07,-3.1998E-07
-0.015000000000000001,0.02,1.1888999999999999E-09,-3.879E-11,-1.1455E-09,3.2E-07,-3.1998E-07
-0.01,0.02,1.3929E-09,-3.106E-11,-1.3608E-09,3.2004E-07,-3.2002E-07
-0.005,0.02,1.6257E-09,-2.192E-11,-1.6073E-09,3.2008E-07,-3.2E-07
0,0.02,1.8998E-09,-1.888E-11,-1.8997E-09,3.201E-07,-3.2008E-07
0.005,0.02,2.2502E-09,-1.049E-11,-2.2494E-09,3.2016E-07,-3.2008E-07
0.01,0.02,2.6642E-09,-3.35E-12,-2.6626E-09,3.2014E-07,-3.2005999999999997E-07
0.015000000000000001,0.02,3.1339E-09,3.8900000000000006E-12,-3.142E-09,3.2014E-07,-3.2014E-07
0.02,0.02,3.701E-09,8.06E-12,-3.7238E-09,3.2008E-07,-3.2004E-07
0.025,0.02,4.3804E-09,1.5740000000000002E-11,-4.3877E-09,3.201E-07,-3.2002E-07
0.030000000000000002,0.02,5.1803E-09,2.0600000000000002E-11,-5.1988E-09,3.2012E-07,-3.2008E-07
0.035,0.02,6.1077E-09,2.58E-11,-6.1343E-09,3.201E-07,-3.2008E-07
0.04,0.02,7.2266E-09,3.1950000000000003E-11,-7.2595E-09,3.2012E-07,-3.2008E-07
0.045000000000000005,0.02,8.5442E-09,3.75E-11,-8.5849E-09,3.2022E-07,-3.2014E-07
0.05,0.02,1.01173E-08,4.5350000000000004E-11,-1.01643E-08,3.2016E-07,-3.201E-07
0.055,0.02,1.19716E-08,5.069E-11,-1.20338E-08,3.201E-07,-3.201E-07
0.060000000000000005,0.02,1.41768E-08,5.397E-11,-1.4204799999999998E-08,3.2018E-07,-3.2014E-07
0.065,0.02,1.6786599999999998E-08,6.229E-11,-1.68196E-08,3.2008E-07,-3.201E-07
0.07,0.02,1.9798999999999997E-08,6.563000000000001E-11,-1.9816199999999998E-08,3.2018E-07,-3.2014E-07
0.075,0.02,2.3460999999999997E-08,7.259E-11,-2.3512199999999997E-08,3.201E-07,-3.2008E-07
0.08,0.02,2.7657199999999998E-08,7.5360000000000012E-11,-2.7782599999999996E-08,3.2008E-07,-3.2012E-07
0.085,0.02,3.2817999999999996E-08,8.5260000000000011E-11,-3.28502E-08,3.2008E-07,-3.2002E-07
0.090000000000000011,0.02,3.8735599999999995E-08,8.867E-11,-3.8796E-08,3.2012E-07,-3.201E-07
0.095,0.02,4.5905599999999993E-08,9.38E-11,-4.6002399999999992E-08,3.2012E-07,-3.2008E-07
0.1,0.02,5.4232999999999993E-08,1.0290000000000001E-10,-5.4174999999999994E-08,3.201E-07,-3.2012E-07
0.10500000000000001,0.02,6.4169799999999987E-08,1.0572000000000001E-10,-6.423E-08,3.2016E-07,-3.2004E-07
0.11,0.02,7.5777199999999988E-08,1.1869E-10,-7.5919199999999991E-08,3.2016E-07,-3.2008E-07
0.115,0.02,8.98286E-08,1.2001E-10,-8.9832399999999989E-08,3.201E-07,-3.2012E-07
0.12000000000000001,0.02,1.0604699999999998E-07,1.3121E-10,-1.060876E-07,3.2012E-07,-3.2002E-07
0.125,0.02,1.255E-07,1.3705E-10,-1.2578E-07,3.2012E-07,-3.2008E-07
0.13,0.02,1.4834E-07,1.4661000000000002E-10,-1.4849999999999999E-07,3.2014E-07,-3.2016E-07
0.135,0.02,1.7586E-07,1.5343E-10,-1.7572E-07,3.2004E-07,-3.201E-07
0.14,0.02,2.075E-07,1.6829000000000002E-10,-2.077E-07,3.201E-07,-3.2005999999999997E-07
0.14500000000000002,0.02,2.461E-07,1.7479000000000002E-10,-2.4622E-07,3.201E-07,-3.201E-07
0.15,0.02,2.9106E-07,1.8719E-10,-2.9096E-07,3.2012E-07,-3.2004E-07
0.155,0.02,3.439E-07,1.9201000000000002E-10,-3.4386E-07,3.2019999999999997E-07,-3.201E-07
0.16,0.02,4.0712E-07,2.1094000000000002E-10,-4.068E-07,3.2012E-07,-3.2002E-07
0.165,0.02,4.8054E-07,2.1791000000000003E-10,-4.8063999999999994E-07,3.2016E-07,-3.2008E-07
0.17,0.02,5.6934E-07,2.3260000000000003E-10,-5.6914E-07,3.2016E-07,-3.2014E-07
0.17500000000000002,0.02,6.7092E-07,2.4576000000000004E-10,-6.7208E-07,3.2016E-07,-3.2014E-07
0.18000000000000002,0.02,7.9528E-07,2.5700000000000004E-10,-7.9548E-07,3.2018E-07,-3.2012E-07
0.185,0.02,9.4002E-07,2.7670000000000004E-10,-9.3972E-07,3.2014E-07,-3.2012E-07
0.19,0.02,1.11264E-06,2.8718000000000004E-10,-1.11324E-06,3.2016E-07,-3.2014E-07
0.195,0.02,1.3163000000000002E-06,3.0399E-10,-1.3107000000000002E-06,3.2002E-07,-3.2005999999999997E-07
0.2,0.02,1.5526000000000002E-06,3.2381000000000004E-10,-1.5521000000000001E-06,3.2E-07,-3.1998E-07
0.20500000000000002,0.02,1.8298000000000003E-06,3.3753E-10,-1.8286000000000002E-06,3.2012E-07,-3.2002E-07
0.21000000000000002,0.02,2.1646000000000004E-06,3.6114E-10,-2.1646000000000004E-06,3.2E-07,-3.1991999999999997E-07
0.215,0.02,2.5515E-06,3.7767000000000005E-10,-2.5465E-06,3.2012E-07,-3.2004E-07
0.22,0.02,3.0112000000000005E-06,4.0295000000000004E-10,-3.0074E-06,3.2014E-07,-3.2004E-07
0.225,0.02,3.5484E-06,4.2113E-10,-3.5454000000000004E-06,3.201E-07,-3.201E-07
0.23,0.02,4.1834000000000005E-06,4.5038000000000005E-10,-4.1829E-06,3.2014E-07,-3.2008E-07
0.23500000000000001,0.02,4.9216000000000004E-06,4.7658E-10,-4.9186000000000006E-06,3.2018E-07,-3.2014E-07
0.24000000000000002,0.02,5.7984E-06,5.0490000000000009E-10,-5.7984E-06,3.2018E-07,-3.2014E-07
0.24500000000000002,0.02,6.8192000000000007E-06,5.3824E-10,-6.8074000000000011E-06,3.2014E-07,-3.201E-07
0.25,0.02,7.9966E-06,5.6955000000000006E-10,-7.9912E-06,3.2014E-07,-3.201E-07
0.255,0.02,9.4013000000000009E-06,6.0421E-10,-9.3903E-06,3.2018E-07,-3.2016E-07
0.26,0.02,1.1016400000000002E-05,6.4469000000000008E-10,-1.1003100000000001E-05,3.2008E-07,-3.201E-07
0.265,0.02,1.2926000000000001E-05,6.8305E-10,-1.2902000000000001E-05,3.2008E-07,-3.2012E-07
0.27,0.02,1.5106E-05,7.2181E-10,-1.5100000000000001E-05,3.2012E-07,-3.2004E-07
0.275,0.02,1.7666E-05,7.6697000000000009E-10,-1.7668E-05,3.2005999999999997E-07,-3.1998E-07
0.28,0.02,2.061E-05,8.1111000000000011E-10,-2.0618E-05,3.2005999999999997E-07,-3.2004E-07
0.28500000000000003,0.02,2.4056E-05,8.6769E-10,-2.4084000000000002E-05,3.2012E-07,-3.201E-07
0.29000000000000004,0.02,2.7978000000000002E-05,9.1868000000000008E-10,-2.7972000000000003E-05,3.2018E-07,-3.2004E-07
0.29500000000000004,0.02,3.2604E-05,9.744E-10,-3.2554E-05,3.2012E-07,-3.201E-07
0.3,0.02,3.7754E-05,1.03206E-09,-3.771E-05,3.2012E-07,-3.2008E-07
0.305,0.02,4.3768E-05,1.09353E-09,-4.3818E-05,3.201E-07,-3.2004E-07
0.31,0.02,5.0644000000000005E-05,1.1606E-09,-5.0592E-05,3.201E-07,-3.201E-07
0.315,0.02,5.8448E-05,1.2284E-09,-5.8456000000000004E-05,3.201E-07,-3.201E-07
0.32,0.02,6.7250000000000008E-05,1.3021E-09,-6.73E-05,3.2014E-07,-3.2005999999999997E-07
0.325,0.02,7.736E-05,1.3787E-09,-7.726E-05,3.2014E-07,-3.201E-07
0.33,0.02,8.8574000000000009E-05,1.459E-09,-8.8564E-05,3.201E-07,-3.2002E-07
0.335,0.02,0.000101446,1.5465E-09,-0.000101434,3.201E-07,-3.2004E-07
0.34,0.02,0.00011602,1.6369E-09,-0.00011570000000000001,3.2012E-07,-3.2E-07
0.34500000000000003,0.02,0.00013204000000000002,1.7303E-09,-0.00013184,3.2012E-07,-3.201E-07
0.35000000000000003,0.02,0.00014964,1.8277E-09,-0.00014948,3.2012E-07,-3.2005999999999997E-07
0.35500000000000004,0.02,0.0001694,1.9354E-09,-0.00016908,3.2004E-07,-3.2002E-07
0.36000000000000004,0.02,0.0001908,2.0488E-09,-0.00019038,3.2004E-07,-3.2002E-07
0.365,0.02,0.00021474000000000002,2.1653E-09,-0.00021436,3.2005999999999997E-07,-3.2005999999999997E-07
0.37,0.02,0.0002403,2.29E-09,-0.00023998000000000002,3.201E-07,-3.2004E-07
0.375,0.02,0.00026890000000000003,2.4235E-09,-0.00026826000000000004,3.2002E-07,-3.1998E-07
0.38,0.02,0.0002987,2.5579E-09,-0.00029852000000000004,3.201E-07,-3.2002E-07
0.385,0.02,0.00033228,2.7023E-09,-0.00033198,3.2005999999999997E-07,-3.2002E-07
0.39,0.02,0.00036730000000000004,2.8515E-09,-0.00036674,3.2014E-07,-3.2005999999999997E-07
0.395,0.02,0.00040490000000000003,2.979E-09,-0.00040466000000000005,3.2012E-07,-3.2004E-07
0.4,0.02,0.00044446000000000004,3.1442E-09,-0.00044458000000000003,3.2004E-07,-3.2005999999999997E-07
0.405,0.02,0.00048706000000000004,3.3121999999999998E-09,-0.0004868,3.2008E-07,-3.201E-07
0.41000000000000003,0.02,0.00053128000000000008,3.4981E-09,-0.00053112,3.2008E-07,-3.2004E-07
0.41500000000000004,0.02,0.00057778000000000007,3.6829999999999998E-09,-0.00057802,3.2005999999999997E-07,-3.2018E-07
0.42000000000000004,0.02,0.00062592000000000008,3.8744E-09,-0.00062588,3.2019999999999997E-07,-3.2016E-07
0.42500000000000004,0.02,0.00067702000000000007,4.0809E-09,-0.0006761,3.2016E-07,-3.201E-07
0.43,0.02,0.00072872000000000008,4.3013E-09,-0.0007291,3.2012E-07,-3.2008E-07
0.435,0.02,0.00078328,4.5309E-09,-0.00078340000000000007,3.201E-07,-3.2014E-07
0.44,0.02,0.00083784000000000007,4.7704E-09,-0.00083852,3.2016E-07,-3.2004E-07
0.445,0.02,0.00089524000000000005,5.0171E-09,-0.00089556000000000011,3.2012E-07,-3.201E-07
0.45,0.02,0.00095286,5.2746E-09,-0.0009531600000000001,3.2016E-07,-3.2008E-07
0.455,0.02,0.00101256,5.5468E-09,-0.00101202,3.2008E-07,-3.201E-07
0.46,0.02,0.00107218,5.8209E-09,-0.00107152,3.2014E-07,-3.201E-07
0.465,0.02,0.0011326600000000002,6.1204E-09,-0.0011320800000000002,3.2012E-07,-3.2016E-07
0.47000000000000003,0.02,0.0011936,6.4293E-09,-0.0011922,3.2014E-07,-3.2012E-07
0.47500000000000003,0.02,0.0012552,6.7449E-09,-0.0012538,3.2018E-07,-3.2005999999999997E-07
0.48000000000000004,0.02,0.001315,7.0695E-09,-0.0013156,3.2012E-07,-3.2014E-07
0.48500000000000004,0.02,0.0013772,7.441E-09,-0.0013782,3.2019999999999997E-07,-3.2014E-07
0.49000000000000005,0.02,0.0014382,7.8076E-09,-0.0014384,3.2019999999999997E-07,-3.201E-07
0.49500000000000005,0.02,0.0015012,8.17E-09,-0.0015,3.2024E-07,-3.2019999999999997E-07
0.5,0.02,0.0015622000000000001,8.5579E-09,-0.001562,3.2016E-07,-3.201E-07
0.505,0.02,0.0016232,8.966E-09,-0.0016226,3.2012E-07,-3.2008E-07
0.51,0.02,0.0016828000000000001,9.4046E-09,-0.0016812,3.2016E-07,-3.201E-07
0.515,0.02,0.001743,9.847E-09,-0.0017416,3.2014E-07,-3.2004E-07
0.52,0.02,0.0018022000000000001,1.0296E-08,-0.001801,3.2005999999999997E-07,-3.2004E-07
0.525,0.02,0.0018602,1.07705E-08,-0.0018598,3.2004E-07,-3.2002E-07
0.53,0.02,0.0019182000000000001,1.12635E-08,-0.0019174,3.2016E-07,-3.2002E-07
0.535,0.02,0.0019762,1.1811199999999998E-08,-0.0019756,3.201E-07,-3.2012E-07
0.54,0.02,0.0020304,1.23466E-08,-0.0020292,3.2014E-07,-3.2012E-07
0.545,0.02,0.0020848,1.2922199999999999E-08,-0.0020846000000000003,3.201E-07,-3.201E-07
0.55,0.02,0.0021408,1.3493999999999998E-08,-0.0021412000000000002,3.201E-07,-3.2014E-07
0.555,0.02,0.002193,1.4103199999999998E-08,-0.0021952,3.2005999999999997E-07,-3.2005999999999997E-07
0.56,0.02,0.0022464,1.47462E-08,-0.0022454000000000003,3.2016E-07,-3.2E-07
0.56500000000000006,0.02,0.002298,1.53986E-08,-0.0022972,3.201E-07,-3.2012E-07
0.57000000000000006,0.02,0.0023494,1.6080999999999997E-08,-0.0023464000000000002,3.2004E-07,-3.1998E-07
0.57500000000000007,0.02,0.0023974,1.6790799999999997E-08,-0.002396,3.2005999999999997E-07,-3.201E-07
0.58000000000000007,0.02,0.0024468,1.7533399999999997E-08,-0.0024460000000000003,3.201E-07,-3.2004E-07
0.58500000000000008,0.02,0.0024926,1.83076E-08,-0.0024914,3.2012E-07,-3.2E-07
0.59000000000000008,0.02,0.0025394000000000003,1.91044E-08,-0.0025386000000000002,3.2012E-07,-3.2005999999999997E-07
0.595,0.02,0.0025864,1.9941799999999997E-08,-0.0025832,3.2004E-07,-3.2004E-07
0.6,0.02,0.002628,2.0801999999999997E-08,-0.0026272,3.2005999999999997E-07,-3.201E-07
0.605,0.02,0.0026706,2.1718199999999997E-08,-0.0026688000000000003,3.201E-07,-3.2002E-07
0.61,0.02,0.002713,2.26994E-08,-0.0027144,3.2014E-07,-3.2008E-07
0.615,0.02,0.0027546,2.36602E-08,-0.002755,3.2012E-07,-3.2002E-07
0.62,0.02,0.0027936000000000002,2.4678799999999998E-08,-0.0027962,3.2008E-07,-3.201E-07
0.625,0.02,0.0028344,2.5779199999999996E-08,-0.0028336,3.201E-07,-3.2008E-07
0.63,0.02,0.0028726,2.6868799999999996E-08,-0.0028722,3.2012E-07,-3.2005999999999997E-07
0.635,0.02,0.0029128,2.8029999999999997E-08,-0.0029086,3.2005999999999997E-07,-3.2004E-07
0.64,0.02,0.0029466,2.9236399999999996E-08,-0.0029464,3.2008E-07,-3.2012E-07
0.645,0.02,0.002984,3.05096E-08,-0.0029806,3.2018E-07,-3.2012E-07
0.65,0.02,0.003018,3.17958E-08,-0.0030162,3.2016E-07,-3.2016E-07
0.655,0.02,0.0030536,3.32002E-08,-0.0030514,3.2012E-07,-3.2004E-07
0.66,0.02,0.0030842,3.45972E-08,-0.0030848,3.2004E-07,-3.2008E-07
0.665,0.02,0.0031176,3.6135999999999994E-08,-0.0031182000000000002,3.2008E-07,-3.2008E-07
0.67,0.02,0.0031492,3.7676799999999996E-08,-0.0031478,3.2012E-07,-3.201E-07
0.675,0.02,0.003179,3.92998E-08,-0.0031806,3.201E-07,-3.2012E-07
0.68,0.02,0.0032084,4.0983E-08,-0.0032094000000000003,3.201E-07,-3.2E-07
0.685,0.02,0.0032394,4.2773199999999993E-08,-0.0032416,3.2016E-07,-3.2004E-07
0.69000000000000006,0.02,0.0032666,4.4593999999999996E-08,-0.0032666,3.2005999999999997E-07,-3.2012E-07
0.69500000000000006,0.02,0.003297,4.6504E-08,-0.0032944000000000003,3.2004E-07,-3.2E-07
0.70000000000000007,0.02,0.0033254,4.8562999999999996E-08,-0.0033248,3.2005999999999997E-07,-3.2002E-07
0.70500000000000007,0.02,0.0033484,5.0636999999999992E-08,-0.0033502000000000002,3.2005999999999997E-07,-3.2002E-07
0.71000000000000008,0.02,0.0033758,5.2852799999999993E-08,-0.0033768,3.2014E-07,-3.2008E-07
0.71500000000000008,0.02,0.003403,5.5144399999999996E-08,-0.0034006,3.2008E-07,-3.2004E-07
0.72000000000000008,0.02,0.0034264,5.7538999999999997E-08,-0.0034274,3.2004E-07,-3.2008E-07
0.72500000000000009,0.02,0.0034546,6.00674E-08,-0.0034522,3.2012E-07,-3.2004E-07
0.73,0.02,0.003474,6.2733E-08,-0.0034732,3.2008E-07,-3.2004E-07
0.735,0.02,0.0034984,6.5497E-08,-0.0034976,3.2012E-07,-3.2004E-07
0.74,0.02,0.0035188,6.838359999999999E-08,-0.003522,3.2008E-07,-3.2004E-07
0.745,0.02,0.003543,7.1406E-08,-0.0035424000000000002,3.2014E-07,-3.2005999999999997E-07
0.75,0.02,0.0035658,7.4605999999999987E-08,-0.0035668,3.2008E-07,-3.2002E-07
0.755,0.02,0.0035856,7.7912999999999991E-08,-0.0035830000000000002,3.201E-07,-3.2008E-07
0.76,0.02,0.0036078,8.1432799999999988E-08,-0.003605,3.201E-07,-3.2005999999999997E-07
0.765,0.02,0.0036228000000000002,8.5075999999999987E-08,-0.0036244000000000003,3.2012E-07,-3.201E-07
0.77,0.02,0.0036452,8.8934E-08,-0.0036436,3.2005999999999997E-07,-3.2005999999999997E-07
0.775,0.02,0.003664,9.290339999999999E-08,-0.0036634000000000002,3.2012E-07,-3.2008E-07
0.78,0.02,0.0036852,9.71606E-08,-0.0036810000000000002,3.2008E-07,-3.2008E-07
0.785,0.02,0.0036988,1.0156059999999998E-07,-0.003701,3.2012E-07,-3.2008E-07
0.79,0.02,0.003719,1.061958E-07,-0.0037212,3.2012E-07,-3.2004E-07
0.795,0.02,0.0037344,1.1107219999999999E-07,-0.0037338000000000002,3.2012E-07,-3.2004E-07
0.8,0.02,0.0037552,1.1624E-07,-0.0037536,3.2005999999999997E-07,-3.2008E-07
0.805,0.02,0.003773,1.2154E-07,-0.0037694,3.2008E-07,-3.2008E-07
0.81,0.02,0.0037868,1.272E-07,-0.0037874000000000002,3.2018E-07,-3.2004E-07
0.81500000000000006,0.02,0.0038024,1.3324E-07,-0.0038056,3.2004E-07,-3.2008E-07
0.82000000000000006,0.02,0.0038192,1.3932E-07,-0.003817,3.2002E-07,-3.2002E-07
0.82500000000000007,0.02,0.003834,1.4588E-07,-0.0038302,3.2005999999999997E-07,-3.2004E-07
0.83000000000000007,0.02,0.0038484,1.526E-07,-0.0038494000000000002,3.2012E-07,-3.2008E-07
0.83500000000000008,0.02,0.0038638,1.5995999999999998E-07,-0.0038634,3.2005999999999997E-07,-3.2004E-07
0.84000000000000008,0.02,0.003876,1.6744E-07,-0.0038782,3.2016E-07,-3.201E-07
0.84500000000000008,0.02,0.0038868,1.7544E-07,-0.0038886,3.2018E-07,-3.2014E-07
0.85000000000000009,0.02,0.0039032,1.8386E-07,-0.0039016000000000003,3.2008E-07,-3.2012E-07
0.85500000000000009,0.02,0.00392,1.9276E-07,-0.003917,3.201E-07,-3.2014E-07
0.86,0.02,0.0039334,2.02E-07,-0.0039312,3.2002E-07,-3.2004E-07
0.865,0.02,0.0039446,2.1182E-07,-0.003942,3.201E-07,-3.2005999999999997E-07
0.87,0.02,0.0039558,2.2206E-07,-0.0039566,3.2008E-07,-3.201E-07
0.875,0.02,0.003966,2.3296E-07,-0.0039688,3.201E-07,-3.201E-07
0.88,0.02,0.0039796,2.4422E-07,-0.0039812,3.2012E-07,-3.2008E-07
0.885,0.02,0.0039904,2.5648E-07,-0.003994,3.2012E-07,-3.201E-07
0.89,0.02,0.004002,2.6906E-07,-0.004002,3.2016E-07,-3.201E-07
0.895,0.02,0.0040178,2.8238E-07,-0.0040144,3.2012E-07,-3.2004E-07
0.9,0.02,0.004025,2.9601999999999997E-07,-0.0040236000000000004,3.2012E-07,-3.2005999999999997E-07
-0.3,0.030000000000000002,1.2562E-09,-3.9332E-09,9.0509E-10,3.201E-07,-3.1832E-07
-0.29500000000000004,0.030000000000000002,1.1969E-09,-3.6726E-09,8.6858000000000012E-10,3.2022E-07,-3.1858E-07
-0.29000000000000004,0.030000000000000002,1.1656E-09,-3.4353E-09,8.3519000000000009E-10,3.2014E-07,-3.1868E-07
-0.28500000000000003,0.030000000000000002,1.1331E-09,-3.2078E-09,8.0055000000000009E-10,3.2014E-07,-3.1884E-07
-0.28,0.030000000000000002,1.0762E-09,-3.0064E-09,7.700800000000001E-10,3.201E-07,-3.1893999999999997E-07
-0.275,0.030000000000000002,1.0356E-09,-2.8145E-09,7.3731E-10,3.2012E-07,-3.1906E-07
-0.27,0.030000000000000002,1.0144E-09,-2.6382E-09,7.0639000000000008E-10,3.2008E-07,-3.1916E-07
-0.265,0.030000000000000002,9.6789E-10,-2.4708E-09,6.7642E-10,3.1998E-07,-3.1916E-07
-0.26,0.030000000000000002,9.2462000000000006E-10,-2.3265E-09,6.4776E-10,3.2004E-07,-3.1926E-07
-0.255,0.030000000000000002,9.0536000000000007E-10,-2.1806E-09,6.163800000000001E-10,3.2008E-07,-3.1938E-07
-0.25,0.030000000000000002,8.7553000000000008E-10,-2.0489E-09,5.9256000000000007E-10,3.2005999999999997E-07,-3.1948E-07
-0.24500000000000002,0.030000000000000002,8.2925000000000011E-10,-1.9245E-09,5.6603000000000006E-10,3.1998E-07,-3.1948E-07
-0.24000000000000002,0.030000000000000002,7.9651000000000008E-10,-1.8118E-09,5.3946E-10,3.2E-07,-3.1958E-07
-0.23500000000000001,0.030000000000000002,7.7604E-10,-1.7012E-09,5.1331000000000006E-10,3.2E-07,-3.1956E-07
-0.23,0.030000000000000002,7.3815000000000008E-10,-1.6029E-09,4.9200000000000006E-10,3.2005999999999997E-07,-3.1963999999999997E-07
-0.225,0.030000000000000002,7.0009E-10,-1.5094E-09,4.6648E-10,3.2E-07,-3.1963999999999997E-07
-0.22,0.030000000000000002,6.8373000000000008E-10,-1.4192E-09,4.4423000000000003E-10,3.2005999999999997E-07,-3.1972E-07
-0.215,0.030000000000000002,6.6098E-10,-1.3339E-09,4.2195000000000003E-10,3.2004E-07,-3.1974E-07
-0.21000000000000002,0.030000000000000002,6.189E-10,-1.2594E-09,4.0178000000000003E-10,3.2014E-07,-3.1977999999999997E-07
-0.20500000000000002,0.030000000000000002,5.9091000000000008E-10,-1.1848E-09,3.7996000000000005E-10,3.2008E-07,-3.1982E-07
-0.2,0.030000000000000002,5.7983000000000005E-10,-1.1166E-09,3.5937E-10,3.1998E-07,-3.1991999999999997E-07
-0.195,0.030000000000000002,5.4583000000000007E-10,-1.0491E-09,3.4305E-10,3.2004E-07,-3.1986E-07
-0.19,0.030000000000000002,5.1575E-10,-9.9095E-10,3.1996E-10,3.2004E-07,-3.1988E-07
-0.185,0.030000000000000002,5.0826000000000006E-10,-9.311E-10,3.0225E-10,3.2005999999999997E-07,-3.1984E-07
-0.18000000000000002,0.030000000000000002,4.8329E-10,-8.7569000000000011E-10,2.8593E-10,3.2004E-07,-3.199E-07
-0.17500000000000002,0.030000000000000002,4.4975E-10,-8.2451000000000008E-10,2.6706E-10,3.201E-07,-3.199E-07
-0.17,0.030000000000000002,4.4410000000000005E-10,-7.7391000000000007E-10,2.4874E-10,3.2004E-07,-3.1998E-07
-0.165,0.030000000000000002,4.3155E-10,-7.2542000000000007E-10,2.3156000000000003E-10,3.2004E-07,-3.1996E-07
-0.16,0.030000000000000002,3.9905000000000003E-10,-6.8246E-10,2.1703000000000003E-10,3.2005999999999997E-07,-3.2002E-07
-0.155,0.030000000000000002,3.7884E-10,-6.4396E-10,2.0093000000000002E-10,3.2002E-07,-3.1994E-07
-0.15,0.030000000000000002,3.7499E-10,-6.0066000000000007E-10,1.8434E-10,3.201E-07,-3.2002E-07
-0.14500000000000002,0.030000000000000002,3.5408000000000003E-10,-5.6591000000000007E-10,1.7065000000000003E-10,3.2002E-07,-3.1996E-07
-0.14,0.030000000000000002,3.2923E-10,-5.2788E-10,1.5410000000000002E-10,3.2012E-07,-3.2002E-07
-0.135,0.030000000000000002,3.3388000000000004E-10,-4.9551000000000008E-10,1.3647000000000002E-10,3.201E-07,-3.2002E-07
-0.13,0.030000000000000002,3.2553E-10,-4.5948000000000005E-10,1.2134000000000002E-10,3.2005999999999997E-07,-3.1998E-07
-0.125,0.030000000000000002,3.0293E-10,-4.3280000000000005E-10,1.0542000000000001E-10,3.201E-07,-3.1998E-07
-0.12000000000000001,0.030000000000000002,2.9134E-10,-4.0184000000000003E-10,8.7160000000000012E-11,3.201E-07,-3.1996E-07
-0.115,0.030000000000000002,3.0091E-10,-3.7454000000000003E-10,6.9580000000000007E-11,3.2004E-07,-3.2E-07
-0.11,0.030000000000000002,2.8594E-10,-3.4596E-10,5.1030000000000004E-11,3.2008E-07,-3.2002E-07
-0.10500000000000001,0.030000000000000002,2.7993000000000004E-10,-3.2505000000000003E-10,3.009E-11,3.2005999999999997E-07,-3.2008E-07
-0.1,0.030000000000000002,2.9694E-10,-2.9912000000000005E-10,5.2700000000000008E-12,3.2012E-07,-3.2002E-07
-0.095,0.030000000000000002,2.9789000000000004E-10,-2.7526000000000004E-10,-1.611E-11,3.2005999999999997E-07,-3.2004E-07
-0.090000000000000011,0.030000000000000002,2.9266E-10,-2.5533000000000004E-10,-4.424E-11,3.2E-07,-3.2E-07
-0.085,0.030000000000000002,3.0763E-10,-2.3555000000000003E-10,-7.393000000000001E-11,3.2005999999999997E-07,-3.2004E-07
-0.08,0.030000000000000002,3.375E-10,-2.1585E-10,-1.0855E-10,3.2005999999999997E-07,-3.2E-07
-0.075,0.030000000000000002,3.4371000000000005E-10,-1.9860000000000002E-10,-1.4272E-10,3.2E-07,-3.2002E-07
-0.07,0.030000000000000002,3.6960000000000005E-10,-1.8438000000000001E-10,-1.8828000000000002E-10,3.2005999999999997E-07,-3.2E-07
-0.065,0.030000000000000002,4.1698000000000004E-10,-1.6517E-10,-2.3794E-10,3.2004E-07,-3.2002E-07
-0.060000000000000005,0.030000000000000002,4.5857000000000005E-10,-1.5136E-10,-2.9201E-10,3.1998E-07,-3.1994E-07
-0.055,0.030000000000000002,4.9413E-10,-1.3706000000000002E-10,-3.5857000000000003E-10,3.2012E-07,-3.2005999999999997E-07
-0.05,0.030000000000000002,5.674E-10,-1.2371E-10,-4.3633000000000003E-10,3.2018E-07,-3.2005999999999997E-07
-0.045000000000000005,0.030000000000000002,6.5277E-10,-1.0935E-10,-5.2184E-10,3.2008E-07,-3.2008E-07
-0.04,0.030000000000000002,7.2852000000000009E-10,-1.0034000000000001E-10,-6.2317E-10,3.2016E-07,-3.2012E-07
-0.035,0.030000000000000002,8.398E-10,-8.798E-11,-7.4646E-10,3.2005999999999997E-07,-3.2005999999999997E-07
-0.030000000000000002,0.030000000000000002,9.8565E-10,-7.668E-11,-8.9004000000000006E-10,3.2012E-07,-3.201E-07
-0.025,0.030000000000000002,1.13709E-09,-6.7E-11,-1.0545100000000001E-09,3.2014E-07,-3.2012E-07
-0.02,0.030000000000000002,1.3172E-09,-5.5700000000000005E-11,-1.2515999999999999E-09,3.2012E-07,-3.201E-07
-0.015000000000000001,0.030000000000000002,1.5412E-09,-4.9790000000000003E-11,-1.4803E-09,3.1998E-07,-3.2002E-07
-0.01,0.030000000000000002,1.8002E-09,-4.348E-11,-1.7559E-09,3.1998E-07,-3.1996E-07
-0.005,0.030000000000000002,2.1271E-09,-3.288E-11,-2.0787E-09,3.2008E-07,-3.2008E-07
0,0.030000000000000002,2.5001E-09,-2.3880000000000002E-11,-2.4602E-09,3.2008E-07,-3.2008E-07
0.005,0.030000000000000002,2.9222E-09,-1.7870000000000002E-11,-2.9012E-09,3.2005999999999997E-07,-3.2002E-07
0.01,0.030000000000000002,3.4553E-09,-1.2640000000000001E-11,-3.4432E-09,3.2012E-07,-3.2008E-07
0.015000000000000001,0.030000000000000002,4.084E-09,-9.5E-13,-4.0569E-09,3.2004E-07,-3.2004E-07
0.02,0.030000000000000002,4.8083E-09,1.4900000000000001E-12,-4.8068E-09,3.2005999999999997E-07,-3.2008E-07
0.025,0.030000000000000002,5.6654E-09,7.11E-12,-5.6726E-09,3.201E-07,-3.2004E-07
0.030000000000000002,0.030000000000000002,6.7146E-09,1.6430000000000002E-11,-6.7153E-09,3.201E-07,-3.201E-07
0.035,0.030000000000000002,7.9223E-09,2.118E-11,-7.9261E-09,3.2008E-07,-3.201E-07
0.04,0.030000000000000002,9.3557E-09,2.9300000000000005E-11,-9.3764E-09,3.2004E-07,-3.2004E-07
0.045000000000000005,0.030000000000000002,1.1037E-08,3.2210000000000004E-11,-1.10709E-08,3.2014E-07,-3.2005999999999997E-07
0.05,0.030000000000000002,1.3140799999999999E-08,3.5750000000000006E-11,-1.3141799999999999E-08,3.2014E-07,-3.2014E-07
0.055,0.030000000000000002,1.54902E-08,4.545E-11,-1.55104E-08,3.2012E-07,-3.2016E-07
0.060000000000000005,0.030000000000000002,1.8288799999999998E-08,4.4110000000000003E-11,-1.8307799999999997E-08,3.2E-07,-3.2002E-07
0.065,0.030000000000000002,2.16478E-08,5.4270000000000004E-11,-2.1642999999999997E-08,3.2008E-07,-3.2004E-07
0.07,0.030000000000000002,2.5573999999999998E-08,5.5330000000000004E-11,-2.5579799999999997E-08,3.2014E-07,-3.2002E-07
0.075,0.030000000000000002,3.03166E-08,6.745000000000001E-11,-3.0330999999999995E-08,3.2005999999999997E-07,-3.2004E-07
0.08,0.030000000000000002,3.57288E-08,6.6790000000000009E-11,-3.57934E-08,3.2004E-07,-3.2008E-07
0.085,0.030000000000000002,4.2361E-08,7.8E-11,-4.2382199999999993E-08,3.201E-07,-3.2008E-07
0.090000000000000011,0.030000000000000002,4.9992599999999995E-08,8.21E-11,-5.0035E-08,3.2005999999999997E-07,-3.2002E-07
0.095,0.030000000000000002,5.9220799999999994E-08,9.03E-11,-5.9244399999999993E-08,3.2E-07,-3.2004E-07
0.1,0.030000000000000002,6.9975199999999987E-08,9.5660000000000009E-11,-7.007779999999999E-08,3.2016E-07,-3.2014E-07
0.10500000000000001,0.030000000000000002,8.293539999999999E-08,1.0158000000000001E-10,-8.2843399999999991E-08,3.2005999999999997E-07,-3.2E-07
0.11,0.030000000000000002,9.7935399999999992E-08,1.0932E-10,-9.7977399999999986E-08,3.201E-07,-3.201E-07
0.115,0.030000000000000002,1.1606E-07,1.1594000000000002E-10,-1.1607999999999999E-07,3.2004E-07,-3.2005999999999997E-07
0.12000000000000001,0.030000000000000002,1.3716E-07,1.2332000000000002E-10,-1.3722E-07,3.2002E-07,-3.2004E-07
0.125,0.030000000000000002,1.6248E-07,1.3295000000000002E-10,-1.6262E-07,3.2005999999999997E-07,-3.2004E-07
0.13,0.030000000000000002,1.9216E-07,1.4127000000000002E-10,-1.9204E-07,3.2004E-07,-3.1998E-07
0.135,0.030000000000000002,2.2716E-07,1.4582000000000002E-10,-2.2753999999999999E-07,3.2004E-07,-3.2004E-07
0.14,0.030000000000000002,2.6893999999999997E-07,1.5715000000000002E-10,-2.6836E-07,3.2005999999999997E-07,-3.2002E-07
0.14500000000000002,0.030000000000000002,3.1862E-07,1.6447E-10,-3.1795999999999997E-07,3.2014E-07,-3.2008E-07
0.15,0.030000000000000002,3.7664E-07,1.7235E-10,-3.7617999999999997E-07,3.2005999999999997E-07,-3.2002E-07
0.155,0.030000000000000002,4.4468E-07,1.8774000000000002E-10,-4.4433999999999997E-07,3.2004E-07,-3.2E-07
0.16,0.030000000000000002,5.2674E-07,1.9646E-10,-5.2724E-07,3.2005999999999997E-07,-3.2004E-07
0.165,0.030000000000000002,6.2181999999999994E-07,2.0870000000000001E-10,-6.2262E-07,3.2E-07,-3.2002E-07
0.17,0.030000000000000002,7.359E-07,2.2116000000000002E-10,-7.3738E-07,3.2004E-07,-3.2005999999999997E-07
0.17500000000000002,0.030000000000000002,8.707E-07,2.2828E-10,-8.7002E-07,3.2E-07,-3.1998E-07
0.18000000000000002,0.030000000000000002,1.0311199999999999E-06,2.4527E-10,-1.02914E-06,3.2008E-07,-3.2004E-07
0.185,0.030000000000000002,1.2192000000000001E-06,2.5893E-10,-1.2165000000000001E-06,3.2E-07,-3.2002E-07
0.19,0.030000000000000002,1.4424000000000002E-06,2.7556000000000003E-10,-1.4386E-06,3.1998E-07,-3.2005999999999997E-07
0.195,0.030000000000000002,1.6999000000000002E-06,2.8748E-10,-1.6974000000000003E-06,3.2008E-07,-3.2004E-07
0.2,0.030000000000000002,2.0100000000000002E-06,3.0704E-10,-2.0066000000000004E-06,3.2004E-07,-3.2004E-07
0.20500000000000002,0.030000000000000002,2.3714000000000003E-06,3.2281000000000005E-10,-2.3711E-06,3.2012E-07,-3.2014E-07
0.21000000000000002,0.030000000000000002,2.8002000000000003E-06,3.3716E-10,-2.7977000000000003E-06,3.201E-07,-3.201E-07
0.215,0.030000000000000002,3.3049000000000003E-06,3.6174000000000004E-10,-3.3025E-06,3.201E-07,-3.2008E-07
0.22,0.030000000000000002,3.902E-06,3.7746E-10,-3.9036E-06,3.2005999999999997E-07,-3.2008E-07
0.225,0.030000000000000002,4.5946000000000009E-06,4.0489000000000004E-10,-4.5946000000000009E-06,3.201E-07,-3.2008E-07
0.23,0.030000000000000002,5.4222E-06,4.2683E-10,-5.4230000000000004E-06,3.2004E-07,-3.2008E-07
0.23500000000000001,0.030000000000000002,6.3889000000000008E-06,4.5119E-10,-6.3800000000000007E-06,3.2005999999999997E-07,-3.2012E-07
0.24000000000000002,0.030000000000000002,7.5312000000000008E-06,4.7494E-10,-7.5232000000000011E-06,3.2008E-07,-3.2008E-07
0.24500000000000002,0.030000000000000002,8.8531000000000017E-06,5.0898E-10,-8.8450000000000009E-06,3.2004E-07,-3.2005999999999997E-07
0.25,0.030000000000000002,1.03969E-05,5.3721E-10,-1.0386700000000002E-05,3.201E-07,-3.2002E-07
0.255,0.030000000000000002,1.2246000000000001E-05,5.7272000000000007E-10,-1.2216000000000001E-05,3.201E-07,-3.201E-07
0.26,0.030000000000000002,1.4338E-05,6.0741000000000008E-10,-1.432E-05,3.2004E-07,-3.2004E-07
0.265,0.030000000000000002,1.6828000000000002E-05,6.459700000000001E-10,-1.6836E-05,3.2004E-07,-3.2004E-07
0.27,0.030000000000000002,1.9692E-05,6.8711E-10,-1.969E-05,3.2005999999999997E-07,-3.2004E-07
0.275,0.030000000000000002,2.306E-05,7.2695000000000006E-10,-2.3068E-05,3.2005999999999997E-07,-3.2008E-07
0.28,0.030000000000000002,2.6944E-05,7.7545E-10,-2.6952000000000002E-05,3.2008E-07,-3.2004E-07
0.28500000000000003,0.030000000000000002,3.1462E-05,8.2483E-10,-3.1478E-05,3.2008E-07,-3.2008E-07
0.29000000000000004,0.030000000000000002,3.6646E-05,8.755200000000001E-10,-3.6638000000000004E-05,3.201E-07,-3.201E-07
0.29500000000000004,0.030000000000000002,4.2728E-05,9.2752000000000012E-10,-4.2696E-05,3.2012E-07,-3.2012E-07
0.3,0.030000000000000002,4.96E-05,9.8179E-10,-4.9582E-05,3.201E-07,-3.2008E-07
0.305,0.030000000000000002,5.7532000000000004E-05,1.0415700000000002E-09,-5.7562E-05,3.2005999999999997E-07,-3.2005999999999997E-07
0.31,0.030000000000000002,6.6632000000000008E-05,1.10549E-09,-6.662E-05,3.2005999999999997E-07,-3.2004E-07
0.315,0.030000000000000002,7.7136E-05,1.1719E-09,-7.705E-05,3.201E-07,-3.2008E-07
0.32,0.030000000000000002,8.8798E-05,1.2405E-09,-8.8868E-05,3.2012E-07,-3.2005999999999997E-07
0.325,0.030000000000000002,0.000102402,1.3209E-09,-0.000102358,3.2014E-07,-3.2014E-07
0.33,0.030000000000000002,0.00011786000000000001,1.3935E-09,-0.00011744000000000001,3.2012E-07,-3.2002E-07
0.335,0.030000000000000002,0.00013512000000000002,1.4718E-09,-0.00013478,3.2008E-07,-3.2014E-07
0.34,0.030000000000000002,0.0001543,1.5619E-09,-0.00015394,3.2012E-07,-3.201E-07
0.34500000000000003,0.030000000000000002,0.00017604,1.6506E-09,-0.00017570000000000002,3.2E-07,-3.2008E-07
0.35000000000000003,0.030000000000000002,0.00019976000000000003,1.7471E-09,-0.00019948,3.2E-07,-3.2005999999999997E-07
0.35500000000000004,0.030000000000000002,0.0002269,1.8458E-09,-0.00022652000000000002,3.2005999999999997E-07,-3.2008E-07
0.36000000000000004,0.030000000000000002,0.00025608,1.9519E-09,-0.00025580000000000004,3.2004E-07,-3.2008E-07
0.365,0.030000000000000002,0.00028898000000000004,2.0626E-09,-0.00028854,3.2005999999999997E-07,-3.2002E-07
0.37,0.030000000000000002,0.00032472,2.1786E-09,-0.00032408000000000003,3.2002E-07,-3.2E-07
0.375,0.030000000000000002,0.00036368,2.3046E-09,-0.00036352000000000004,3.2004E-07,-3.1998E-07
0.38,0.030000000000000002,0.00040588,2.4327E-09,-0.00040536,3.1994E-07,-3.1998E-07
0.385,0.030000000000000002,0.00045214,2.5721E-09,-0.0004516,3.2012E-07,-3.2005999999999997E-07
0.39,0.030000000000000002,0.00050124,2.7086E-09,-0.00050082,3.2005999999999997E-07,-3.2008E-07
0.395,0.030000000000000002,0.00055468,2.8364E-09,-0.00055476000000000006,3.2008E-07,-3.2004E-07
0.4,0.030000000000000002,0.00061072,2.9881E-09,-0.0006103,3.201E-07,-3.2002E-07
0.405,0.030000000000000002,0.00067036,3.1572E-09,-0.0006708,3.201E-07,-3.2004E-07
0.41000000000000003,0.030000000000000002,0.00073374000000000009,3.3307E-09,-0.0007332,3.1998E-07,-3.2004E-07
0.41500000000000004,0.030000000000000002,0.00080102,3.502E-09,-0.0008005,3.201E-07,-3.2008E-07
0.42000000000000004,0.030000000000000002,0.0008706600000000001,3.6869E-09,-0.0008704400000000001,3.2005999999999997E-07,-3.2014E-07
0.42500000000000004,0.030000000000000002,0.00094428,3.8863E-09,-0.00094338000000000006,3.2004E-07,-3.2005999999999997E-07
0.43,0.030000000000000002,0.00101912,4.0906E-09,-0.0010184600000000001,3.2004E-07,-3.2002E-07
0.435,0.030000000000000002,0.00109854,4.3026E-09,-0.0010983,3.201E-07,-3.2008E-07
0.44,0.030000000000000002,0.0011794,4.5251E-09,-0.0011786,3.201E-07,-3.201E-07
0.445,0.030000000000000002,0.0012636,4.769E-09,-0.0012628000000000001,3.2005999999999997E-07,-3.2004E-07
0.45,0.030000000000000002,0.001349,5.0081E-09,-0.0013468,3.2005999999999997E-07,-3.2008E-07
0.455,0.030000000000000002,0.0014354,5.2655E-09,-0.0014354,3.2014E-07,-3.2012E-07
0.46,0.030000000000000002,0.0015238,5.5351E-09,-0.0015236,3.2008E-07,-3.2008E-07
0.465,0.030000000000000002,0.0016146,5.8217E-09,-0.0016144,3.201E-07,-3.2012E-07
0.47000000000000003,0.030000000000000002,0.0017054,6.1126E-09,-0.0017044,3.2012E-07,-3.2005999999999997E-07
0.47500000000000003,0.030000000000000002,0.0017974,6.4172E-09,-0.0017976000000000001,3.2012E-07,-3.2014E-07
0.48000000000000004,0.030000000000000002,0.0018892,6.7312E-09,-0.0018894,3.2008E-07,-3.2012E-07
0.48500000000000004,0.030000000000000002,0.0019842,7.0632E-09,-0.0019826,3.2016E-07,-3.2016E-07
0.49000000000000005,0.030000000000000002,0.002076,7.4113E-09,-0.0020754000000000002,3.2014E-07,-3.2022E-07
0.49500000000000005,0.030000000000000002,0.00217,7.7702E-09,-0.0021684,3.2012E-07,-3.201E-07
0.5,0.030000000000000002,0.0022614,8.1404E-09,-0.0022616,3.201E-07,-3.2014E-07
0.505,0.030000000000000002,0.0023556000000000002,8.5454E-09,-0.002355,3.201E-07,-3.201E-07
0.51,0.030000000000000002,0.0024462,8.9289E-09,-0.0024454,3.2012E-07,-3.2014E-07
0.515,0.030000000000000002,0.002538,9.3737E-09,-0.0025378,3.2016E-07,-3.2016E-07
0.52,0.030000000000000002,0.0026278,9.7922E-09,-0.0026278,3.2012E-07,-3.2016E-07
0.525,0.030000000000000002,0.002719,1.02512E-08,-0.0027178000000000003,3.2016E-07,-3.2014E-07
0.53,0.030000000000000002,0.0028064,1.07157E-08,-0.0028052,3.2019999999999997E-07,-3.2016E-07
0.535,0.030000000000000002,0.002895,1.12119E-08,-0.0028932,3.2014E-07,-3.2014E-07
0.54,0.030000000000000002,0.0029816,1.1749399999999998E-08,-0.002977,3.201E-07,-3.201E-07
0.545,0.030000000000000002,0.0030662000000000003,1.2287799999999998E-08,-0.003065,3.2012E-07,-3.201E-07
0.55,0.030000000000000002,0.0031494,1.2853E-08,-0.0031484,3.2018E-07,-3.201E-07
0.555,0.030000000000000002,0.003232,1.3420399999999999E-08,-0.003231,3.2008E-07,-3.2004E-07
0.56,0.030000000000000002,0.0033134,1.4013999999999999E-08,-0.0033104000000000002,3.2005999999999997E-07,-3.2004E-07
0.56500000000000006,0.030000000000000002,0.003392,1.4649E-08,-0.003392,3.201E-07,-3.2002E-07
0.57000000000000006,0.030000000000000002,0.00347,1.5330599999999998E-08,-0.003471,3.2005999999999997E-07,-3.2008E-07
0.57500000000000007,0.030000000000000002,0.0035458,1.60024E-08,-0.0035458,3.2005999999999997E-07,-3.2002E-07
0.58000000000000007,0.030000000000000002,0.0036206,1.6709799999999998E-08,-0.003621,3.201E-07,-3.2005999999999997E-07
0.58500000000000008,0.030000000000000002,0.0036958,1.74482E-08,-0.0036954,3.2005999999999997E-07,-3.2004E-07
0.59000000000000008,0.030000000000000002,0.0037656,1.81938E-08,-0.003768,3.2004E-07,-3.2004E-07
0.595,0.030000000000000002,0.00384,1.9012E-08,-0.0038366,3.2004E-07,-3.2004E-07
0.6,0.030000000000000002,0.003906,1.9821199999999997E-08,-0.003906,3.2E-07,-3.2E-07
0.605,0.030000000000000002,0.003975,2.0701599999999997E-08,-0.0039722,3.2008E-07,-3.1998E-07
0.61,0.030000000000000002,0.0040382000000000005,2.15688E-08,-0.0040394,3.2002E-07,-3.2004E-07
0.615,0.030000000000000002,0.0041036,2.2521999999999998E-08,-0.0041026000000000005,3.201E-07,-3.2008E-07
0.62,0.030000000000000002,0.004168,2.35142E-08,-0.0041656,3.201E-07,-3.2004E-07
0.625,0.030000000000000002,0.004229,2.45322E-08,-0.0042284,3.2005999999999997E-07,-3.2008E-07
0.63,0.030000000000000002,0.0042882,2.5593999999999997E-08,-0.0042872,3.2014E-07,-3.2008E-07
0.635,0.030000000000000002,0.0043478,2.6686599999999998E-08,-0.004346,3.2012E-07,-3.201E-07
0.64,0.030000000000000002,0.0044022,2.7827599999999998E-08,-0.004404,3.2016E-07,-3.201E-07
0.645,0.030000000000000002,0.004463,2.9023399999999996E-08,-0.0044606,3.201E-07,-3.201E-07
0.65,0.030000000000000002,0.0045154,3.0205799999999995E-08,-0.004516,3.2004E-07,-3.1998E-07
0.655,0.030000000000000002,0.0045712,3.1508999999999994E-08,-0.0045696,3.2014E-07,-3.2008E-07
0.66,0.030000000000000002,0.0046218,3.2853199999999994E-08,-0.004619,3.2005999999999997E-07,-3.2012E-07
0.665,0.030000000000000002,0.004673,3.42762E-08,-0.0046714,3.2018E-07,-3.201E-07
0.67,0.030000000000000002,0.0047220000000000005,3.5754599999999996E-08,-0.0047208,3.2008E-07,-3.2004E-07
0.675,0.030000000000000002,0.0047696,3.73096E-08,-0.00477,3.2004E-07,-3.201E-07
0.68,0.030000000000000002,0.0048196,3.8894199999999995E-08,-0.0048158,3.2005999999999997E-07,-3.201E-07
0.685,0.030000000000000002,0.0048636,4.0598799999999994E-08,-0.0048632,3.2005999999999997E-07,-3.2008E-07
0.69000000000000006,0.030000000000000002,0.004907,4.2320799999999995E-08,-0.0049082,3.2012E-07,-3.2002E-07
0.69500000000000006,0.030000000000000002,0.0049534,4.4151799999999993E-08,-0.0049542,3.2005999999999997E-07,-3.2004E-07
0.70000000000000007,0.030000000000000002,0.004997,4.60342E-08,-0.0049952,3.2005999999999997E-07,-3.201E-07
0.70500000000000007,0.030000000000000002,0.0050368,4.8045399999999993E-08,-0.0050352,3.2012E-07,-3.201E-07
0.71000000000000008,0.030000000000000002,0.0050774,5.0140999999999992E-08,-0.0050806,3.2012E-07,-3.2008E-07
0.71500000000000008,0.030000000000000002,0.0051184,5.2313999999999995E-08,-0.0051176,3.2008E-07,-3.2004E-07
0.72000000000000008,0.030000000000000002,0.0051558,5.4613599999999993E-08,-0.0051576,3.2012E-07,-3.2008E-07
0.72500000000000009,0.030000000000000002,0.0051948,5.69626E-08,-0.005194,3.201E-07,-3.2014E-07
0.73,0.030000000000000002,0.0052322,5.9506799999999994E-08,-0.0052334,3.2005999999999997E-07,-3.2005999999999997E-07
0.735,0.030000000000000002,0.0052692,6.2088399999999988E-08,-0.0052668,3.2008E-07,-3.2008E-07
0.74,0.030000000000000002,0.005304,6.4852999999999992E-08,-0.0053016,3.201E-07,-3.201E-07
0.745,0.030000000000000002,0.0053372,6.76916E-08,-0.0053376000000000005,3.2008E-07,-3.201E-07
0.75,0.030000000000000002,0.0053756,7.07192E-08,-0.0053706,3.2005999999999997E-07,-3.2E-07
0.755,0.030000000000000002,0.0054058000000000005,7.3836599999999993E-08,-0.0054056,3.2012E-07,-3.201E-07
0.76,0.030000000000000002,0.0054386,7.71676E-08,-0.0054372000000000005,3.201E-07,-3.2008E-07
0.765,0.030000000000000002,0.0054698,8.058E-08,-0.0054698,3.2005999999999997E-07,-3.2012E-07
0.77,0.030000000000000002,0.0054988,8.42342E-08,-0.0055016,3.2005999999999997E-07,-3.2002E-07
0.775,0.030000000000000002,0.0055308,8.799E-08,-0.0055298000000000005,3.2004E-07,-3.2005999999999997E-07
0.78,0.030000000000000002,0.0055592,9.1970399999999991E-08,-0.0055608,3.2014E-07,-3.2002E-07
0.785,0.030000000000000002,0.0055876,9.6130799999999992E-08,-0.0055842,3.2016E-07,-3.2016E-07
0.79,0.030000000000000002,0.0056178,1.0052679999999999E-07,-0.0056156,3.2012E-07,-3.2016E-07
0.795,0.030000000000000002,0.0056442,1.0509499999999999E-07,-0.0056398,3.2022E-07,-3.2019999999999997E-07
0.8,0.030000000000000002,0.0056692,1.0991699999999999E-07,-0.0056706000000000005,3.2018E-07,-3.2018E-07
0.805,0.030000000000000002,0.0056948,1.1496159999999999E-07,-0.0056926,3.201E-07,-3.2012E-07
0.81,0.030000000000000002,0.005723,1.2026E-07,-0.0057218,3.2022E-07,-3.2022E-07
0.81500000000000006,0.030000000000000002,0.0057462,1.2587999999999999E-07,-0.0057466,3.2012E-07,-3.2016E-07
0.82000000000000006,0.030000000000000002,0.0057694,1.3164E-07,-0.005769,3.2016E-07,-3.2016E-07
0.82500000000000007,0.030000000000000002,0.0057946000000000004,1.3789999999999998E-07,-0.0057924000000000005,3.2008E-07,-3.2016E-07
0.83000000000000007,0.030000000000000002,0.0058174,1.444E-07,-0.0058154,3.2005999999999997E-07,-3.2016E-07
0.83500000000000008,0.030000000000000002,0.0058364,1.5115999999999999E-07,-0.0058404,3.2018E-07,-3.2014E-07
0.84000000000000008,0.030000000000000002,0.0058618,1.5832E-07,-0.0058632,3.2018E-07,-3.2016E-07
0.84500000000000008,0.030000000000000002,0.0058826,1.6595999999999999E-07,-0.0058864,3.2018E-07,-3.2014E-07
0.85000000000000009,0.030000000000000002,0.005906,1.738E-07,-0.0059078,3.2022E-07,-3.2018E-07
0.85500000000000009,0.030000000000000002,0.0059264,1.821E-07,-0.0059264,3.2022E-07,-3.2022E-07
0.86,0.030000000000000002,0.0059498,1.907E-07,-0.0059474,3.2022E-07,-3.2019999999999997E-07
0.865,0.030000000000000002,0.005967,1.9989999999999998E-07,-0.005967,3.2014E-07,-3.2016E-07
0.87,0.030000000000000002,0.005988,2.0932E-07,-0.0059816,3.2019999999999997E-07,-3.2016E-07
0.875,0.030000000000000002,0.0060054,2.1964E-07,-0.0060038,3.2022E-07,-3.2016E-07
0.88,0.030000000000000002,0.0060244,2.3026E-07,-0.0060236000000000005,3.2014E-07,-3.201E-07
0.885,0.030000000000000002,0.0060442000000000004,2.4154E-07,-0.0060448,3.2018E-07,-3.201E-07
0.89,0.030000000000000002,0.0060620000000000005,2.5334E-07,-0.00606,3.2018E-07,-3.2019999999999997E-07
0.895,0.030000000000000002,0.0060788000000000005,2.6584E-07,-0.0060784,3.2018E-07,-3.2014E-07
0.9,0.030000000000000002,0.0060916,2.7876E-07,-0.0060958,3.2012E-07,-3.2014E-07
-0.3,0.04,1.3584E-09,-4.018E-09,9.015E-10,3.2004E-07,-3.1832E-07
-0.29500000000000004,0.04,1.3016E-09,-3.7523E-09,8.6655000000000007E-10,3.2012E-07,-3.1842E-07
-0.29000000000000004,0.04,1.2752E-09,-3.5163E-09,8.345400000000001E-10,3.2004E-07,-3.1865999999999997E-07
-0.28500000000000003,0.04,1.2316E-09,-3.2876E-09,8.0188E-10,3.201E-07,-3.1879999999999997E-07
-0.28,0.04,1.1742E-09,-3.0849E-09,7.7060000000000011E-10,3.2002E-07,-3.1898E-07
-0.275,0.04,1.1387E-09,-2.8888E-09,7.3753E-10,3.2008E-07,-3.1902E-07
-0.27,0.04,1.111E-09,-2.7122E-09,7.0841E-10,3.201E-07,-3.1912E-07
-0.265,0.04,1.0649E-09,-2.5466E-09,6.7882E-10,3.2005999999999997E-07,-3.1924E-07
-0.26,0.04,1.0159E-09,-2.3939E-09,6.4999E-10,3.2004E-07,-3.1932E-07
-0.255,0.04,9.8773E-10,-2.248E-09,6.1504000000000008E-10,3.2005999999999997E-07,-3.1934E-07
-0.25,0.04,9.6106E-10,-2.1148E-09,5.8808E-10,3.2012E-07,-3.194E-07
-0.24500000000000002,0.04,9.2094E-10,-1.9895E-09,5.6244000000000008E-10,3.2002E-07,-3.1949999999999997E-07
-0.24000000000000002,0.04,8.7852000000000008E-10,-1.8783E-09,5.3626000000000007E-10,3.2008E-07,-3.1958E-07
-0.23500000000000001,0.04,8.557300000000001E-10,-1.7639E-09,5.1121E-10,3.2002E-07,-3.1962E-07
-0.23,0.04,8.2793000000000006E-10,-1.6639E-09,4.8822E-10,3.2005999999999997E-07,-3.197E-07
-0.225,0.04,7.8137000000000006E-10,-1.5688E-09,4.6551000000000003E-10,3.2002E-07,-3.1976E-07
-0.22,0.04,7.5037000000000007E-10,-1.4775E-09,4.42E-10,3.2E-07,-3.198E-07
-0.215,0.04,7.3302E-10,-1.3948E-09,4.1866000000000003E-10,3.2004E-07,-3.198E-07
-0.21000000000000002,0.04,6.9779E-10,-1.314E-09,4.0059E-10,3.2005999999999997E-07,-3.1984E-07
-0.20500000000000002,0.04,6.6393E-10,-1.2409E-09,3.7827000000000003E-10,3.2E-07,-3.198E-07
-0.2,0.04,6.4889E-10,-1.1674E-09,3.5686000000000005E-10,3.2002E-07,-3.1986E-07
-0.195,0.04,6.2979000000000006E-10,-1.1032E-09,3.3782000000000003E-10,3.2002E-07,-3.1988E-07
-0.19,0.04,5.8715000000000009E-10,-1.0373E-09,3.1956000000000003E-10,3.2005999999999997E-07,-3.1996E-07
-0.185,0.04,5.6703000000000006E-10,-9.7742000000000013E-10,3.0002E-10,3.2004E-07,-3.199E-07
-0.18000000000000002,0.04,5.5711000000000005E-10,-9.2120000000000009E-10,2.8217E-10,3.2012E-07,-3.1998E-07
-0.17500000000000002,0.04,5.2084E-10,-8.663600000000001E-10,2.6528000000000004E-10,3.2004E-07,-3.1994E-07
-0.17,0.04,5.0077E-10,-8.1852000000000009E-10,2.464E-10,3.2008E-07,-3.2002E-07
-0.165,0.04,4.9193000000000008E-10,-7.6529000000000005E-10,2.2808000000000003E-10,3.2016E-07,-3.2014E-07
-0.16,0.04,4.6341000000000006E-10,-7.2519000000000006E-10,2.1419E-10,3.2016E-07,-3.201E-07
-0.155,0.04,4.3683000000000003E-10,-6.7878E-10,1.9529E-10,3.2018E-07,-3.2008E-07
-0.15,0.04,4.3249E-10,-6.3894000000000007E-10,1.7934000000000002E-10,3.2016E-07,-3.2008E-07
-0.14500000000000002,0.04,4.2191000000000005E-10,-5.9751E-10,1.6224E-10,3.2016E-07,-3.2014E-07
-0.14,0.04,3.9118000000000004E-10,-5.6194E-10,1.4787E-10,3.2012E-07,-3.2018E-07
-0.135,0.04,3.8389E-10,-5.2833000000000008E-10,1.2909000000000002E-10,3.2024E-07,-3.2008E-07
-0.13,0.04,3.8166000000000006E-10,-4.9248E-10,1.1377000000000001E-10,3.201E-07,-3.201E-07
-0.125,0.04,3.6164E-10,-4.6246E-10,9.7150000000000008E-11,3.2012E-07,-3.2012E-07
-0.12000000000000001,0.04,3.4581E-10,-4.3126E-10,7.8510000000000009E-11,3.2012E-07,-3.2E-07
-0.115,0.04,3.5586000000000005E-10,-4.0388000000000006E-10,5.7450000000000006E-11,3.2008E-07,-3.2008E-07
-0.11,0.04,3.5007E-10,-3.7294E-10,3.868E-11,3.2016E-07,-3.2018E-07
-0.10500000000000001,0.04,3.3797E-10,-3.4949000000000005E-10,1.686E-11,3.2019999999999997E-07,-3.2019999999999997E-07
-0.1,0.04,3.5003000000000003E-10,-3.2561000000000003E-10,-9.6000000000000011E-12,3.2019999999999997E-07,-3.2014E-07
-0.095,0.04,3.6350000000000004E-10,-3.0064E-10,-3.426E-11,3.2018E-07,-3.2016E-07
-0.090000000000000011,0.04,3.5783000000000005E-10,-2.791E-10,-6.393E-11,3.2016E-07,-3.2014E-07
-0.085,0.04,3.7094E-10,-2.5906000000000003E-10,-9.848E-11,3.2016E-07,-3.2014E-07
-0.08,0.04,4.0628E-10,-2.3797E-10,-1.3607E-10,3.2004E-07,-3.2004E-07
-0.075,0.04,4.2564000000000004E-10,-2.1890000000000001E-10,-1.7562E-10,3.2004E-07,-3.2004E-07
-0.07,0.04,4.4105000000000004E-10,-2.0283E-10,-2.2471000000000002E-10,3.2008E-07,-3.2008E-07
-0.065,0.04,4.9542E-10,-1.8474000000000003E-10,-2.8136E-10,3.201E-07,-3.2008E-07
-0.060000000000000005,0.04,5.4747000000000008E-10,-1.6883000000000003E-10,-3.4439000000000004E-10,3.2008E-07,-3.2004E-07
-0.055,0.04,5.9646E-10,-1.5757E-10,-4.1882E-10,3.2012E-07,-3.201E-07
-0.05,0.04,6.7053000000000006E-10,-1.384E-10,-5.0747E-10,3.2002E-07,-3.2005999999999997E-07
-0.045000000000000005,0.04,7.7662000000000005E-10,-1.2479000000000002E-10,-6.1108E-10,3.2005999999999997E-07,-3.2014E-07
-0.04,0.04,8.7379E-10,-1.1175000000000002E-10,-7.2805000000000009E-10,3.2005999999999997E-07,-3.2005999999999997E-07
-0.035,0.04,9.9095E-10,-1.0293000000000001E-10,-8.6697000000000006E-10,3.2004E-07,-3.2002E-07
-0.030000000000000002,0.04,1.1485E-09,-9.108000000000001E-11,-1.02939E-09,3.2004E-07,-3.2002E-07
-0.025,0.04,1.338E-09,-7.8860000000000013E-11,-1.2213E-09,3.2005999999999997E-07,-3.2008E-07
-0.02,0.04,1.5599E-09,-7.042E-11,-1.4483E-09,3.2005999999999997E-07,-3.2005999999999997E-07
-0.015000000000000001,0.04,1.8068E-09,-5.884E-11,-1.7108E-09,3.2012E-07,-3.201E-07
-0.01,0.04,2.1045E-09,-5.4510000000000007E-11,-2.0273E-09,3.2004E-07,-3.201E-07
-0.005,0.04,2.4736E-09,-4.152E-11,-2.3962E-09,3.201E-07,-3.2008E-07
0,0.04,2.9161E-09,-3.544E-11,-2.8381E-09,3.2005999999999997E-07,-3.201E-07
0.005,0.04,3.4096E-09,-2.6100000000000002E-11,-3.3534E-09,3.201E-07,-3.201E-07
0.01,0.04,4.0142E-09,-2.165E-11,-3.9681E-09,3.2014E-07,-3.2016E-07
0.015000000000000001,0.04,4.7304E-09,-1.079E-11,-4.6848E-09,3.201E-07,-3.2012E-07
0.02,0.04,5.5917E-09,-3.6000000000000004E-12,-5.5381E-09,3.2018E-07,-3.2014E-07
0.025,0.04,6.5655E-09,2.8800000000000002E-12,-6.5466E-09,3.201E-07,-3.201E-07
0.030000000000000002,0.04,7.7524E-09,7.7600000000000009E-12,-7.7388E-09,3.201E-07,-3.2014E-07
0.035,0.04,9.164E-09,1.2970000000000002E-11,-9.1427E-09,3.2012E-07,-3.2014E-07
0.04,0.04,1.08346E-08,1.917E-11,-1.08193E-08,3.2018E-07,-3.2005999999999997E-07
0.045000000000000005,0.04,1.2832799999999999E-08,2.4350000000000002E-11,-1.2811399999999998E-08,3.2016E-07,-3.2008E-07
0.05,0.04,1.5197199999999998E-08,3.321E-11,-1.5160599999999997E-08,3.2004E-07,-3.2E-07
0.055,0.04,1.7915599999999998E-08,3.679E-11,-1.7900599999999998E-08,3.2E-07,-3.2005999999999997E-07
0.060000000000000005,0.04,2.11584E-08,4.344E-11,-2.1132999999999998E-08,3.201E-07,-3.2012E-07
0.065,0.04,2.5036599999999996E-08,4.9810000000000007E-11,-2.5023599999999998E-08,3.2008E-07,-3.2005999999999997E-07
0.07,0.04,2.9574599999999997E-08,5.422E-11,-2.9572999999999996E-08,3.2005999999999997E-07,-3.2004E-07
0.075,0.04,3.5018599999999996E-08,6.188000000000001E-11,-3.5007E-08,3.2012E-07,-3.2002E-07
0.08,0.04,4.13312E-08,6.4800000000000011E-11,-4.1328199999999995E-08,3.2012E-07,-3.2004E-07
0.085,0.04,4.8935599999999994E-08,7.433E-11,-4.8948199999999994E-08,3.201E-07,-3.201E-07
0.090000000000000011,0.04,5.7823999999999996E-08,7.508E-11,-5.7825999999999991E-08,3.2014E-07,-3.201E-07
0.095,0.04,6.8442E-08,8.529000000000001E-11,-6.8509199999999993E-08,3.2004E-07,-3.2002E-07
0.1,0.04,8.0938199999999991E-08,8.9570000000000007E-11,-8.0942399999999993E-08,3.2004E-07,-3.2002E-07
0.10500000000000001,0.04,9.582139999999999E-08,9.6930000000000008E-11,-9.58482E-08,3.2005999999999997E-07,-3.2005999999999997E-07
0.11,0.04,1.132022E-07,1.0266000000000001E-10,-1.1329159999999999E-07,3.2004E-07,-3.2008E-07
0.115,0.04,1.3411999999999999E-07,1.0690000000000001E-10,-1.3416E-07,3.2004E-07,-3.2008E-07
0.12000000000000001,0.04,1.5874E-07,1.1594000000000002E-10,-1.5868E-07,3.2005999999999997E-07,-3.2004E-07
0.125,0.04,1.8787999999999999E-07,1.2479000000000002E-10,-1.8782E-07,3.2008E-07,-3.2005999999999997E-07
0.13,0.04,2.2148E-07,1.3164000000000002E-10,-2.2209999999999998E-07,3.2005999999999997E-07,-3.2004E-07
0.135,0.04,2.6306E-07,1.4193000000000002E-10,-2.6284E-07,3.2004E-07,-3.2004E-07
0.14,0.04,3.1062E-07,1.4842000000000002E-10,-3.108E-07,3.2004E-07,-3.201E-07
0.14500000000000002,0.04,3.6794E-07,1.5520000000000002E-10,-3.6778E-07,3.2008E-07,-3.201E-07
0.15,0.04,4.354E-07,1.6534000000000002E-10,-4.3508E-07,3.2E-07,-3.2002E-07
0.155,0.04,5.1443999999999994E-07,1.7567000000000003E-10,-5.145E-07,3.2E-07,-3.2E-07
0.16,0.04,6.0942E-07,1.8769000000000003E-10,-6.0864E-07,3.2004E-07,-3.201E-07
0.165,0.04,7.1954E-07,1.9796E-10,-7.201E-07,3.2016E-07,-3.2008E-07
0.17,0.04,8.5154E-07,2.0773000000000002E-10,-8.5268E-07,3.2005999999999997E-07,-3.2005999999999997E-07
0.17500000000000002,0.04,1.00676E-06,2.2044000000000002E-10,-1.00652E-06,3.2004E-07,-3.2004E-07
0.18000000000000002,0.04,1.1953E-06,2.3489E-10,-1.1929E-06,3.201E-07,-3.2008E-07
0.185,0.04,1.4102E-06,2.4805000000000004E-10,-1.4075E-06,3.2018E-07,-3.2008E-07
0.19,0.04,1.6689000000000002E-06,2.6100000000000003E-10,-1.6659000000000002E-06,3.2E-07,-3.2004E-07
0.195,0.04,1.9694E-06,2.7647000000000003E-10,-1.9673E-06,3.2004E-07,-3.2008E-07
0.2,0.04,2.3299000000000003E-06,2.9149000000000004E-10,-2.3278000000000004E-06,3.2019999999999997E-07,-3.2012E-07
0.20500000000000002,0.04,2.752E-06,3.0320000000000005E-10,-2.7478E-06,3.2016E-07,-3.2014E-07
0.21000000000000002,0.04,3.2469E-06,3.2536E-10,-3.2485000000000003E-06,3.2008E-07,-3.2012E-07
0.215,0.04,3.8305E-06,3.4156E-10,-3.8346000000000005E-06,3.2014E-07,-3.2004E-07
0.22,0.04,4.5329E-06,3.6281E-10,-4.5311000000000005E-06,3.2002E-07,-3.2002E-07
0.225,0.04,5.3404000000000006E-06,3.8316000000000005E-10,-5.3378000000000008E-06,3.2E-07,-3.2005999999999997E-07
0.23,0.04,6.2934000000000006E-06,4.0885000000000004E-10,-6.3022E-06,3.2004E-07,-3.2008E-07
0.23500000000000001,0.04,7.4230000000000008E-06,4.2872000000000005E-10,-7.4136000000000005E-06,3.2005999999999997E-07,-3.2008E-07
0.24000000000000002,0.04,8.7351E-06,4.6173E-10,-8.7478000000000012E-06,3.201E-07,-3.2008E-07
0.24500000000000002,0.04,1.02735E-05,4.8208000000000006E-10,-1.0268E-05,3.201E-07,-3.2008E-07
0.25,0.04,1.2110000000000001E-05,5.1485E-10,-1.2094E-05,3.2E-07,-3.2002E-07
0.255,0.04,1.4208E-05,5.4723000000000008E-10,-1.4190000000000001E-05,3.201E-07,-3.201E-07
0.26,0.04,1.6708E-05,5.7947000000000007E-10,-1.6686E-05,3.2004E-07,-3.1998E-07
0.265,0.04,1.9608E-05,6.1722000000000007E-10,-1.9606E-05,3.2008E-07,-3.2002E-07
0.27,0.04,2.2956000000000002E-05,6.5115000000000007E-10,-2.289E-05,3.2005999999999997E-07,-3.2008E-07
0.275,0.04,2.6892E-05,6.972E-10,-2.6922E-05,3.2014E-07,-3.201E-07
0.28,0.04,3.1456E-05,7.3878E-10,-3.1424E-05,3.201E-07,-3.201E-07
0.28500000000000003,0.04,3.6808000000000004E-05,7.8772E-10,-3.6764E-05,3.2018E-07,-3.2018E-07
0.29000000000000004,0.04,4.2886E-05,8.3452E-10,-4.2854E-05,3.2016E-07,-3.201E-07
0.29500000000000004,0.04,5E-05,8.858500000000001E-10,-4.9952E-05,3.2008E-07,-3.201E-07
0.3,0.04,5.8084E-05,9.4126000000000012E-10,-5.8098000000000005E-05,3.201E-07,-3.201E-07
0.305,0.04,6.7466000000000008E-05,9.9874E-10,-6.7506E-05,3.2016E-07,-3.201E-07
0.31,0.04,7.81E-05,1.0601100000000002E-09,-7.8082E-05,3.2012E-07,-3.201E-07
0.315,0.04,9.053E-05,1.12542E-09,-9.0588000000000007E-05,3.201E-07,-3.2008E-07
0.32,0.04,0.000104456,1.1902E-09,-0.0001044,3.2008E-07,-3.2004E-07
0.325,0.04,0.00012080000000000001,1.2626E-09,-0.00012058,3.2005999999999997E-07,-3.2002E-07
0.33,0.04,0.00013892,1.3343E-09,-0.00013856,3.2004E-07,-3.201E-07
0.335,0.04,0.0001595,1.4131E-09,-0.00015924,3.2E-07,-3.2002E-07
0.34,0.04,0.00018238,1.4933E-09,-0.00018204,3.2004E-07,-3.201E-07
0.34500000000000003,0.04,0.00020852000000000002,1.5842E-09,-0.00020820000000000002,3.2008E-07,-3.2005999999999997E-07
0.35000000000000003,0.04,0.00023712,1.6719E-09,-0.00023682000000000003,3.2004E-07,-3.201E-07
0.35500000000000004,0.04,0.00026956,1.7689E-09,-0.00026926,3.2004E-07,-3.2005999999999997E-07
0.36000000000000004,0.04,0.00030500000000000004,1.8681E-09,-0.00030490000000000004,3.2004E-07,-3.2005999999999997E-07
0.365,0.04,0.00034520000000000004,1.9737E-09,-0.00034484,3.2004E-07,-3.2004E-07
0.37,0.04,0.00038812000000000004,2.0892E-09,-0.00038792000000000004,3.2008E-07,-3.2E-07
0.375,0.04,0.00043652000000000003,2.2052E-09,-0.00043618000000000004,3.1998E-07,-3.2004E-07
0.38,0.04,0.00048790000000000004,2.3257E-09,-0.00048782000000000003,3.2E-07,-3.2008E-07
0.385,0.04,0.00054472000000000006,2.4574E-09,-0.00054392,3.2004E-07,-3.2005999999999997E-07
0.39,0.04,0.00060528,2.5908E-09,-0.00060480000000000006,3.2002E-07,-3.2002E-07
0.395,0.04,0.00067164,2.7358E-09,-0.00067126,3.1998E-07,-3.1998E-07
0.4,0.04,0.00074162,2.8823E-09,-0.0007408,3.2005999999999997E-07,-3.1998E-07
0.405,0.04,0.00081666000000000009,3.0348E-09,-0.00081634,3.2004E-07,-3.2008E-07
0.41000000000000003,0.04,0.0008957,3.2067E-09,-0.00089554,3.2E-07,-3.2008E-07
0.41500000000000004,0.04,0.0009805,3.3686E-09,-0.00097986000000000015,3.2E-07,-3.2002E-07
0.42000000000000004,0.04,0.0010680800000000001,3.5521999999999998E-09,-0.00106798,3.2002E-07,-3.201E-07
0.42500000000000004,0.04,0.001162,3.741E-09,-0.001162,3.2005999999999997E-07,-3.2012E-07
0.43,0.04,0.0012576,3.9355E-09,-0.0012564,3.2004E-07,-3.2004E-07
0.435,0.04,0.0013596,4.1417E-09,-0.0013586,3.2008E-07,-3.1998E-07
0.44,0.04,0.0014638000000000001,4.3565E-09,-0.0014632,3.2005999999999997E-07,-3.2014E-07
0.445,0.04,0.0015702000000000001,4.5809E-09,-0.0015704,3.201E-07,-3.2012E-07
0.45,0.04,0.0016816000000000001,4.81E-09,-0.001681,3.2004E-07,-3.2012E-07
0.455,0.04,0.0017942000000000001,5.0597E-09,-0.0017942000000000001,3.2005999999999997E-07,-3.2005999999999997E-07
0.46,0.04,0.0019108,5.3079E-09,-0.0019094000000000001,3.2005999999999997E-07,-3.2008E-07
0.465,0.04,0.0020286,5.5757E-09,-0.0020286,3.2005999999999997E-07,-3.2004E-07
0.47000000000000003,0.04,0.0021474,5.8529E-09,-0.0021466000000000002,3.2008E-07,-3.2008E-07
0.47500000000000003,0.04,0.0022694,6.1449E-09,-0.002269,3.2002E-07,-3.201E-07
0.48000000000000004,0.04,0.0023898,6.4416E-09,-0.0023894,3.2005999999999997E-07,-3.2005999999999997E-07
0.48500000000000004,0.04,0.0025144,6.7579E-09,-0.0025144,3.1998E-07,-3.1998E-07
0.49000000000000005,0.04,0.0026378,7.0851E-09,-0.0026368,3.2008E-07,-3.2004E-07
0.49500000000000005,0.04,0.002762,7.4453E-09,-0.002762,3.2002E-07,-3.1996E-07
0.5,0.04,0.0028856,7.782E-09,-0.002885,3.2004E-07,-3.2002E-07
0.505,0.04,0.00301,8.1532E-09,-0.0030088000000000003,3.2004E-07,-3.2004E-07
0.51,0.04,0.0031320000000000002,8.5376E-09,-0.0031316,3.2005999999999997E-07,-3.2008E-07
0.515,0.04,0.0032564,8.9368E-09,-0.0032546,3.1996E-07,-3.2004E-07
0.52,0.04,0.0033774,9.3748E-09,-0.0033782,3.2005999999999997E-07,-3.2008E-07
0.525,0.04,0.0035004,9.7947E-09,-0.0034994,3.201E-07,-3.2008E-07
0.53,0.04,0.0036182000000000002,1.0243E-08,-0.0036162,3.2005999999999997E-07,-3.2004E-07
0.535,0.04,0.0037376,1.07147E-08,-0.0037378,3.2004E-07,-3.2005999999999997E-07
0.54,0.04,0.0038540000000000002,1.11999E-08,-0.0038532,3.2004E-07,-3.2008E-07
0.545,0.04,0.0039714,1.1734999999999999E-08,-0.0039692,3.201E-07,-3.2004E-07
0.55,0.04,0.0040842000000000005,1.22758E-08,-0.004083,3.2004E-07,-3.201E-07
0.555,0.04,0.0041984,1.2818199999999999E-08,-0.0041948,3.2004E-07,-3.2004E-07
0.56,0.04,0.0043054,1.3396799999999998E-08,-0.004307,3.2004E-07,-3.2012E-07
0.56500000000000006,0.04,0.0044138,1.3986399999999999E-08,-0.0044158,3.2002E-07,-3.2008E-07
0.57000000000000006,0.04,0.0045212,1.4609999999999998E-08,-0.0045198,3.2008E-07,-3.2002E-07
0.57500000000000007,0.04,0.0046266,1.5254399999999997E-08,-0.0046264,3.2005999999999997E-07,-3.201E-07
0.58000000000000007,0.04,0.0047304,1.5917399999999998E-08,-0.0047272,3.2008E-07,-3.2008E-07
0.58500000000000008,0.04,0.0048308,1.66402E-08,-0.0048282,3.2012E-07,-3.2016E-07
0.59000000000000008,0.04,0.004928,1.7349399999999997E-08,-0.0049266,3.2004E-07,-3.2005999999999997E-07
0.595,0.04,0.005027,1.8102399999999997E-08,-0.005024,3.2008E-07,-3.2012E-07
0.6,0.04,0.0051204,1.88908E-08,-0.0051168,3.2005999999999997E-07,-3.2008E-07
0.605,0.04,0.0052134,1.97278E-08,-0.0052146,3.201E-07,-3.2012E-07
0.61,0.04,0.0053014,2.0580199999999997E-08,-0.0053004,3.2014E-07,-3.2016E-07
0.615,0.04,0.0053922,2.1452E-08,-0.0053916,3.2014E-07,-3.2019999999999997E-07
0.62,0.04,0.0054786,2.2374E-08,-0.005478,3.2018E-07,-3.2019999999999997E-07
0.625,0.04,0.0055648,2.33348E-08,-0.0055614,3.201E-07,-3.2012E-07
0.63,0.04,0.0056448,2.4327799999999997E-08,-0.0056462000000000005,3.2024E-07,-3.2016E-07
0.635,0.04,0.0057284,2.5384599999999997E-08,-0.005727,3.2018E-07,-3.2016E-07
0.64,0.04,0.0058064,2.64664E-08,-0.0058038000000000005,3.2018E-07,-3.201E-07
0.645,0.04,0.0058818,2.7600199999999997E-08,-0.0058842,3.2008E-07,-3.2016E-07
0.65,0.04,0.0059586000000000005,2.8799E-08,-0.0059584,3.2004E-07,-3.2008E-07
0.655,0.04,0.006033,3.0021999999999996E-08,-0.006033,3.2019999999999997E-07,-3.201E-07
0.66,0.04,0.0061032000000000005,3.12938E-08,-0.0061056,3.2012E-07,-3.2008E-07
0.665,0.04,0.0061742,3.26314E-08,-0.006175,3.2016E-07,-3.2018E-07
0.67,0.04,0.0062432,3.40346E-08,-0.006243,3.2016E-07,-3.201E-07
0.675,0.04,0.0063122000000000004,3.5505E-08,-0.0063094,3.2016E-07,-3.2008E-07
0.68,0.04,0.0063756,3.7015199999999995E-08,-0.0063744000000000006,3.201E-07,-3.2012E-07
0.685,0.04,0.00644,3.8602E-08,-0.006438,3.2012E-07,-3.2008E-07
0.69000000000000006,0.04,0.0065026,4.02676E-08,-0.0065034,3.2004E-07,-3.2008E-07
0.69500000000000006,0.04,0.0065632,4.1977999999999994E-08,-0.006563,3.2005999999999997E-07,-3.2008E-07
0.70000000000000007,0.04,0.0066222,4.3807799999999993E-08,-0.0066214,3.2004E-07,-3.2E-07
0.70500000000000007,0.04,0.0066794,4.56712E-08,-0.0066782000000000005,3.201E-07,-3.2016E-07
0.71000000000000008,0.04,0.0067362,4.7643199999999996E-08,-0.006736,3.2016E-07,-3.2014E-07
0.71500000000000008,0.04,0.0067928,4.9698599999999992E-08,-0.0067914,3.2012E-07,-3.2008E-07
0.72000000000000008,0.04,0.0068474,5.1868399999999993E-08,-0.0068454,3.2012E-07,-3.2014E-07
0.72500000000000009,0.04,0.0068986,5.4123599999999994E-08,-0.0068992,3.2002E-07,-3.201E-07
0.73,0.04,0.006949,5.6483999999999991E-08,-0.0069486,3.201E-07,-3.201E-07
0.735,0.04,0.0069994,5.8947799999999995E-08,-0.0070008,3.2008E-07,-3.201E-07
0.74,0.04,0.0070476,6.15526E-08,-0.0070484,3.201E-07,-3.2016E-07
0.745,0.04,0.0070954,6.42214E-08,-0.0070988,3.2012E-07,-3.2012E-07
0.75,0.04,0.0071426,6.70708E-08,-0.0071412,3.2012E-07,-3.2008E-07
0.755,0.04,0.0071894,7.00074E-08,-0.0071898000000000005,3.2004E-07,-3.2014E-07
0.76,0.04,0.0072332,7.3136999999999988E-08,-0.0072320000000000006,3.2016E-07,-3.2016E-07
0.765,0.04,0.0072768,7.6375599999999987E-08,-0.0072776,3.2016E-07,-3.2014E-07
0.77,0.04,0.0073174,7.9828999999999993E-08,-0.0073184,3.201E-07,-3.2014E-07
0.775,0.04,0.007361,8.3318399999999987E-08,-0.0073612,3.2008E-07,-3.2014E-07
0.78,0.04,0.0074010000000000005,8.7080399999999991E-08,-0.0074006,3.2022E-07,-3.2016E-07
0.785,0.04,0.0074422,9.0974399999999986E-08,-0.00744,3.2018E-07,-3.2019999999999997E-07
0.79,0.04,0.0074774,9.51386E-08,-0.0074786,3.2024E-07,-3.2014E-07
0.795,0.04,0.0075162,9.94914E-08,-0.0075158,3.2019999999999997E-07,-3.2019999999999997E-07
0.8,0.04,0.0075552,1.0407119999999999E-07,-0.0075544,3.2019999999999997E-07,-3.2019999999999997E-07
0.805,0.04,0.0075892,1.0879279999999999E-07,-0.0075914,3.2024E-07,-3.2016E-07
0.81,0.04,0.0076266,1.1376279999999999E-07,-0.0076242,3.2018E-07,-3.2019999999999997E-07
0.81500000000000006,0.04,0.007662,1.1902E-07,-0.0076614000000000005,3.2024E-07,-3.2019999999999997E-07
0.82000000000000006,0.04,0.0076962,1.245E-07,-0.007692,3.2019999999999997E-07,-3.2018E-07
0.82500000000000007,0.04,0.0077296000000000005,1.3038E-07,-0.0077252,3.2022E-07,-3.2019999999999997E-07
0.83000000000000007,0.04,0.0077608,1.3644E-07,-0.0077562,3.2004E-07,-3.2005999999999997E-07
0.83500000000000008,0.04,0.007791,1.4282E-07,-0.00779,3.2012E-07,-3.2014E-07
0.84000000000000008,0.04,0.0078224,1.495E-07,-0.0078196,3.2018E-07,-3.2024E-07
0.84500000000000008,0.04,0.0078532,1.5658E-07,-0.0078528,3.2018E-07,-3.2022E-07
0.85000000000000009,0.04,0.0078826,1.6399999999999999E-07,-0.0078788,3.2016E-07,-3.2024E-07
0.85500000000000009,0.04,0.0079112,1.7181999999999999E-07,-0.0079066,3.2014E-07,-3.2014E-07
0.86,0.04,0.0079396,1.8005999999999999E-07,-0.0079400000000000009,3.2019999999999997E-07,-3.2016E-07
0.865,0.04,0.0079634,1.8864E-07,-0.007966,3.2016E-07,-3.2016E-07
0.87,0.04,0.0079942,1.9774E-07,-0.007990800000000001,3.2018E-07,-3.2022E-07
0.875,0.04,0.0080204,2.0726E-07,-0.0080196,3.201E-07,-3.2018E-07
0.88,0.04,0.0080444,2.1726E-07,-0.0080436,3.2018E-07,-3.2019999999999997E-07
0.885,0.04,0.00807,2.2792E-07,-0.0080714,3.2018E-07,-3.2022E-07
0.89,0.04,0.008095,2.3894E-07,-0.008096,3.2008E-07,-3.2022E-07
0.895,0.04,0.0081192,2.507E-07,-0.008121,3.2016E-07,-3.2014E-07
0.9,0.04,0.0081434,2.6292E-07,-0.008142,3.2022E-07,-3.2022E-07
-0.3,0.05,1.4661E-09,-4.1007E-09,9.0058000000000011E-10,3.2014E-07,-3.1828E-07
-0.29500000000000004,0.05,1.4121E-09,-3.8389E-09,8.6799E-10,3.2016E-07,-3.1856E-07
-0.29000000000000004,0.05,1.3574E-09,-3.5987E-09,8.3353E-10,3.2018E-07,-3.1865999999999997E-07
-0.28500000000000003,0.05,1.3232E-09,-3.3714E-09,7.9969000000000006E-10,3.201E-07,-3.1882E-07
-0.28,0.05,1.2854E-09,-3.1604E-09,7.6915000000000008E-10,3.2005999999999997E-07,-3.1898E-07
-0.275,0.05,1.2306999999999999E-09,-2.9682E-09,7.386100000000001E-10,3.2008E-07,-3.1896E-07
-0.27,0.05,1.1861E-09,-2.7894E-09,7.073200000000001E-10,3.2002E-07,-3.1907999999999997E-07
-0.265,0.05,1.1614E-09,-2.622E-09,6.7563000000000008E-10,3.1998E-07,-3.192E-07
-0.26,0.05,1.1183E-09,-2.4638E-09,6.4794E-10,3.2005999999999997E-07,-3.1934E-07
-0.255,0.05,1.0689E-09,-2.3247E-09,6.2097000000000008E-10,3.2E-07,-3.194E-07
-0.25,0.05,1.0339E-09,-2.1866E-09,5.9093E-10,3.2005999999999997E-07,-3.1942E-07
-0.24500000000000002,0.05,1.0105E-09,-2.0615E-09,5.6431000000000009E-10,3.2005999999999997E-07,-3.1948E-07
-0.24000000000000002,0.05,9.5981E-10,-1.9427E-09,5.4131000000000007E-10,3.2E-07,-3.1954E-07
-0.23500000000000001,0.05,9.2769E-10,-1.8364E-09,5.1618000000000007E-10,3.2005999999999997E-07,-3.1966E-07
-0.23,0.05,9.0748000000000006E-10,-1.7275E-09,4.8992E-10,3.2005999999999997E-07,-3.1963999999999997E-07
-0.225,0.05,8.672400000000001E-10,-1.6317E-09,4.6826E-10,3.2008E-07,-3.1976E-07
-0.22,0.05,8.2835E-10,-1.5381E-09,4.4636000000000005E-10,3.2002E-07,-3.1976E-07
-0.215,0.05,8.098800000000001E-10,-1.4526E-09,4.2098000000000003E-10,3.2004E-07,-3.198E-07
-0.21000000000000002,0.05,7.8267E-10,-1.37E-09,3.9987000000000004E-10,3.1994E-07,-3.1976E-07
-0.20500000000000002,0.05,7.4248000000000011E-10,-1.2963E-09,3.7965000000000003E-10,3.2004E-07,-3.1986E-07
-0.2,0.05,7.1115000000000007E-10,-1.2232E-09,3.5786000000000004E-10,3.2012E-07,-3.1991999999999997E-07
-0.195,0.05,7.017400000000001E-10,-1.1519E-09,3.3540000000000005E-10,3.2005999999999997E-07,-3.1994E-07
-0.19,0.05,6.6886E-10,-1.0869E-09,3.1834E-10,3.2004E-07,-3.1996E-07
-0.185,0.05,6.3283000000000008E-10,-1.0270999999999999E-09,2.9776E-10,3.2004E-07,-3.1984E-07
-0.18000000000000002,0.05,6.1603000000000009E-10,-9.7274E-10,2.8510000000000003E-10,3.2E-07,-3.1998E-07
-0.17500000000000002,0.05,5.9443000000000009E-10,-9.1155E-10,2.6711E-10,3.2E-07,-3.1991999999999997E-07
-0.17,0.05,5.5818E-10,-8.6546E-10,2.4955000000000003E-10,3.2004E-07,-3.1991999999999997E-07
-0.165,0.05,5.4797E-10,-8.1118000000000009E-10,2.2864000000000002E-10,3.2005999999999997E-07,-3.1998E-07
-0.16,0.05,5.3843000000000007E-10,-7.6443E-10,2.1174E-10,3.2004E-07,-3.2002E-07
-0.155,0.05,5.0655000000000008E-10,-7.1816E-10,1.9619000000000002E-10,3.2E-07,-3.2002E-07
-0.15,0.05,4.8617E-10,-6.8023E-10,1.7673000000000002E-10,3.2004E-07,-3.2004E-07
-0.14500000000000002,0.05,4.7502000000000008E-10,-6.3603E-10,1.5907E-10,3.2012E-07,-3.201E-07
-0.14,0.05,4.5626000000000004E-10,-5.9922E-10,1.4278000000000002E-10,3.201E-07,-3.2002E-07
-0.135,0.05,4.2890000000000004E-10,-5.6316E-10,1.2623E-10,3.201E-07,-3.2002E-07
-0.13,0.05,4.3193000000000003E-10,-5.2854E-10,1.0687000000000002E-10,3.1996E-07,-3.2002E-07
-0.125,0.05,4.2343000000000006E-10,-4.9557000000000008E-10,9.029E-11,3.201E-07,-3.2004E-07
-0.12000000000000001,0.05,3.9936000000000006E-10,-4.6481E-10,7.2750000000000007E-11,3.2E-07,-3.2004E-07
-0.115,0.05,3.9523000000000004E-10,-4.3516E-10,4.997E-11,3.2004E-07,-3.2005999999999997E-07
-0.11,0.05,4.0597000000000005E-10,-4.049E-10,2.9550000000000004E-11,3.2005999999999997E-07,-3.2002E-07
-0.10500000000000001,0.05,4.0094E-10,-3.7805000000000005E-10,6.6700000000000005E-12,3.1998E-07,-3.2004E-07
-0.1,0.05,3.9228E-10,-3.5146000000000005E-10,-1.9350000000000003E-11,3.1998E-07,-3.2005999999999997E-07
-0.095,0.05,4.1006000000000003E-10,-3.2729E-10,-4.7480000000000007E-11,3.2002E-07,-3.2008E-07
-0.090000000000000011,0.05,4.1812000000000005E-10,-3.0471000000000003E-10,-7.746000000000001E-11,3.2004E-07,-3.2004E-07
-0.085,0.05,4.1928E-10,-2.8436000000000004E-10,-1.1116000000000001E-10,3.2004E-07,-3.201E-07
-0.08,0.05,4.4295000000000006E-10,-2.6236E-10,-1.5287E-10,3.2E-07,-3.2004E-07
-0.075,0.05,4.8542000000000007E-10,-2.4339E-10,-1.9881E-10,3.2005999999999997E-07,-3.2002E-07
-0.07,0.05,5.1088E-10,-2.2176000000000002E-10,-2.4938E-10,3.2004E-07,-3.201E-07
-0.065,0.05,5.4661E-10,-2.059E-10,-3.0894E-10,3.2005999999999997E-07,-3.2008E-07
-0.060000000000000005,0.05,6.209000000000001E-10,-1.8834000000000002E-10,-3.8195E-10,3.2014E-07,-3.2019999999999997E-07
-0.055,0.05,6.8406E-10,-1.7250000000000003E-10,-4.5855000000000003E-10,3.2012E-07,-3.2012E-07
-0.05,0.05,7.4978000000000007E-10,-1.5677000000000002E-10,-5.5397E-10,3.2012E-07,-3.2012E-07
-0.045000000000000005,0.05,8.5316000000000008E-10,-1.4446E-10,-6.6473E-10,3.2012E-07,-3.2014E-07
-0.04,0.05,9.8242E-10,-1.2847000000000002E-10,-7.9452000000000006E-10,3.2012E-07,-3.2016E-07
-0.035,0.05,1.10464E-09,-1.1935E-10,-9.4066000000000014E-10,3.2012E-07,-3.2014E-07
-0.030000000000000002,0.05,1.274E-09,-1.03E-10,-1.12354E-09,3.2005999999999997E-07,-3.2008E-07
-0.025,0.05,1.4665E-09,-9.198E-11,-1.3318E-09,3.2008E-07,-3.2012E-07
-0.02,0.05,1.7004E-09,-8.3720000000000009E-11,-1.5819E-09,3.2004E-07,-3.2014E-07
-0.015000000000000001,0.05,1.9945E-09,-7.3410000000000008E-11,-1.8706E-09,3.2004E-07,-3.2004E-07
-0.01,0.05,2.3335E-09,-6.189E-11,-2.2136E-09,3.2004E-07,-3.2002E-07
-0.005,0.05,2.7151E-09,-5.39E-11,-2.6113E-09,3.2002E-07,-3.2008E-07
0,0.05,3.1803E-09,-4.5830000000000005E-11,-3.0977E-09,3.2E-07,-3.2002E-07
0.005,0.05,3.75E-09,-3.332E-11,-3.653E-09,3.2E-07,-3.2E-07
0.01,0.05,4.4139E-09,-2.3480000000000003E-11,-4.3276E-09,3.2004E-07,-3.2002E-07
0.015000000000000001,0.05,5.177E-09,-1.628E-11,-5.1103E-09,3.199E-07,-3.2005999999999997E-07
0.02,0.05,6.1002E-09,-1.3150000000000001E-11,-6.0447E-09,3.2005999999999997E-07,-3.201E-07
0.025,0.05,7.2053E-09,-2.8E-12,-7.1344E-09,3.2E-07,-3.1998E-07
0.030000000000000002,0.05,8.4957E-09,-1.6000000000000003E-13,-8.4432E-09,3.2002E-07,-3.2004E-07
0.035,0.05,9.9984E-09,7.39E-12,-9.969E-09,3.2E-07,-3.2004E-07
0.04,0.05,1.1893999999999999E-08,1.3640000000000001E-11,-1.18308E-08,3.201E-07,-3.201E-07
0.045000000000000005,0.05,1.40156E-08,1.774E-11,-1.3960399999999999E-08,3.2004E-07,-3.2E-07
0.05,0.05,1.65754E-08,2.5350000000000002E-11,-1.65246E-08,3.2005999999999997E-07,-3.2005999999999997E-07
0.055,0.05,1.9562999999999998E-08,2.9150000000000004E-11,-1.95194E-08,3.2008E-07,-3.2012E-07
0.060000000000000005,0.05,2.3075199999999997E-08,3.8110000000000005E-11,-2.3033399999999997E-08,3.2E-07,-3.2004E-07
0.065,0.05,2.7323399999999998E-08,4.0330000000000004E-11,-2.7291399999999998E-08,3.2008E-07,-3.201E-07
0.07,0.05,3.22454E-08,4.938E-11,-3.22268E-08,3.2005999999999997E-07,-3.2005999999999997E-07
0.075,0.05,3.82026E-08,5.3470000000000004E-11,-3.81618E-08,3.2005999999999997E-07,-3.2008E-07
0.08,0.05,4.5108799999999993E-08,6.097000000000001E-11,-4.5090999999999997E-08,3.1998E-07,-3.2E-07
0.085,0.05,5.33982E-08,6.711E-11,-5.3433399999999995E-08,3.1994E-07,-3.2004E-07
0.090000000000000011,0.05,6.3137199999999989E-08,7.011E-11,-6.3081399999999989E-08,3.2008E-07,-3.2008E-07
0.095,0.05,7.47234E-08,7.8260000000000009E-11,-7.4762199999999989E-08,3.1998E-07,-3.2004E-07
0.1,0.05,8.8325399999999987E-08,8.1460000000000009E-11,-8.8387E-08,3.1996E-07,-3.1998E-07
0.10500000000000001,0.05,1.0467059999999999E-07,9.0220000000000013E-11,-1.046604E-07,3.1998E-07,-3.2008E-07
0.11,0.05,1.2352E-07,9.495E-11,-1.2352E-07,3.2E-07,-3.2008E-07
0.115,0.05,1.4664E-07,1.0163E-10,-1.4656E-07,3.2002E-07,-3.2004E-07
0.12000000000000001,0.05,1.7324E-07,1.0947000000000001E-10,-1.7288E-07,3.2E-07,-3.2004E-07
0.125,0.05,2.0526E-07,1.1791E-10,-2.0494E-07,3.2008E-07,-3.2005999999999997E-07
0.13,0.05,2.4262E-07,1.232E-10,-2.4226E-07,3.2005999999999997E-07,-3.2004E-07
0.135,0.05,2.8762E-07,1.3309E-10,-2.8723999999999997E-07,3.2E-07,-3.2008E-07
0.14,0.05,3.3968E-07,1.3978E-10,-3.3928E-07,3.2E-07,-3.2004E-07
0.14500000000000002,0.05,4.0234E-07,1.481E-10,-4.0252E-07,3.1998E-07,-3.2002E-07
0.15,0.05,4.7524E-07,1.5833E-10,-4.7561999999999997E-07,3.2004E-07,-3.201E-07
0.155,0.05,5.6118E-07,1.6655E-10,-5.6208E-07,3.2005999999999997E-07,-3.2008E-07
0.16,0.05,6.6436E-07,1.7870000000000001E-10,-6.6486E-07,3.2E-07,-3.2005999999999997E-07
0.165,0.05,7.851E-07,1.8786E-10,-7.8544E-07,3.2004E-07,-3.2008E-07
0.17,0.05,9.3076E-07,1.9964000000000002E-10,-9.3106E-07,3.1994E-07,-3.201E-07
0.17500000000000002,0.05,1.0999399999999999E-06,2.0685000000000002E-10,-1.09772E-06,3.2E-07,-3.2004E-07
0.18000000000000002,0.05,1.3053000000000002E-06,2.2240000000000003E-10,-1.3002E-06,3.2E-07,-3.2002E-07
0.185,0.05,1.5382000000000002E-06,2.3279000000000003E-10,-1.5372E-06,3.1998E-07,-3.2002E-07
0.19,0.05,1.8213000000000003E-06,2.4897E-10,-1.8174000000000002E-06,3.2E-07,-3.2002E-07
0.195,0.05,2.1524000000000003E-06,2.5925E-10,-2.1505000000000004E-06,3.2E-07,-3.2012E-07
0.2,0.05,2.5460000000000003E-06,2.7934000000000004E-10,-2.5394E-06,3.2004E-07,-3.2008E-07
0.20500000000000002,0.05,3.0059000000000003E-06,2.8972E-10,-2.9969000000000005E-06,3.2002E-07,-3.2008E-07
0.21000000000000002,0.05,3.5553000000000005E-06,3.0914000000000003E-10,-3.5461000000000002E-06,3.2002E-07,-3.201E-07
0.215,0.05,4.1893000000000007E-06,3.2716000000000004E-10,-4.1832E-06,3.2005999999999997E-07,-3.2005999999999997E-07
0.22,0.05,4.9482E-06,3.4716E-10,-4.9439E-06,3.2004E-07,-3.2005999999999997E-07
0.225,0.05,5.8377000000000009E-06,3.6869000000000005E-10,-5.8327000000000009E-06,3.2005999999999997E-07,-3.2004E-07
0.23,0.05,6.8972000000000006E-06,3.8826E-10,-6.893500000000001E-06,3.1998E-07,-3.1996E-07
0.23500000000000001,0.05,8.1207E-06,4.1525000000000004E-10,-8.1198000000000014E-06,3.2E-07,-3.1998E-07
0.24000000000000002,0.05,9.5722000000000013E-06,4.3529000000000006E-10,-9.5757E-06,3.2002E-07,-3.2008E-07
0.24500000000000002,0.05,1.1250100000000001E-05,4.6828000000000006E-10,-1.12676E-05,3.2004E-07,-3.2008E-07
0.25,0.05,1.3252000000000001E-05,4.9451000000000008E-10,-1.3232E-05,3.2002E-07,-3.2004E-07
0.255,0.05,1.5596E-05,5.192E-10,-1.5572E-05,3.2005999999999997E-07,-3.2004E-07
0.26,0.05,1.8268000000000002E-05,5.5683E-10,-1.829E-05,3.201E-07,-3.2002E-07
0.265,0.05,2.15E-05,5.8795E-10,-2.1494E-05,3.2005999999999997E-07,-3.2004E-07
0.27,0.05,2.5172000000000002E-05,6.2875E-10,-2.519E-05,3.2004E-07,-3.2005999999999997E-07
0.275,0.05,2.9538E-05,6.6523000000000009E-10,-2.9500000000000002E-05,3.2E-07,-3.201E-07
0.28,0.05,3.4484000000000004E-05,7.1218E-10,-3.451E-05,3.2004E-07,-3.2002E-07
0.28500000000000003,0.05,4.0424000000000005E-05,7.514100000000001E-10,-4.041E-05,3.2005999999999997E-07,-3.2005999999999997E-07
0.29000000000000004,0.05,4.7148E-05,8.0115000000000007E-10,-4.7136000000000004E-05,3.2008E-07,-3.2012E-07
0.29500000000000004,0.05,5.5038000000000004E-05,8.490400000000001E-10,-5.4946E-05,3.2018E-07,-3.2014E-07
0.3,0.05,6.3956000000000009E-05,9.0269000000000012E-10,-6.3966E-05,3.2005999999999997E-07,-3.2014E-07
0.305,0.05,7.4438000000000008E-05,9.61E-10,-7.4428E-05,3.2005999999999997E-07,-3.2005999999999997E-07
0.31,0.05,8.6302E-05,1.016E-09,-8.627E-05,3.2004E-07,-3.2008E-07
0.315,0.05,0.000100024,1.0782100000000002E-09,-0.000100024,3.2004E-07,-3.2012E-07
0.32,0.05,0.00011592,1.1432E-09,-0.00011554000000000001,3.2014E-07,-3.2014E-07
0.325,0.05,0.00013372000000000001,1.2108E-09,-0.00013348,3.2012E-07,-3.2012E-07
0.33,0.05,0.00015388,1.2837E-09,-0.00015366000000000002,3.2004E-07,-3.2008E-07
0.335,0.05,0.00017710000000000002,1.3596E-09,-0.00017652000000000002,3.2005999999999997E-07,-3.201E-07
0.34,0.05,0.00020260000000000002,1.4384E-09,-0.00020236,3.2E-07,-3.2012E-07
0.34500000000000003,0.05,0.00023202000000000002,1.5244E-09,-0.00023166000000000002,3.1998E-07,-3.2002E-07
0.35000000000000003,0.05,0.00026442,1.6106E-09,-0.00026414,3.2E-07,-3.2005999999999997E-07
0.35500000000000004,0.05,0.00030108,1.703E-09,-0.00030068,3.2004E-07,-3.2002E-07
0.36000000000000004,0.05,0.00034142000000000005,1.7996E-09,-0.00034090000000000005,3.2002E-07,-3.2004E-07
0.365,0.05,0.00038676000000000004,1.8982E-09,-0.00038632,3.2E-07,-3.2004E-07
0.37,0.05,0.00043574000000000005,2.0024E-09,-0.0004354,3.2005999999999997E-07,-3.2004E-07
0.375,0.05,0.00049068000000000007,2.1125E-09,-0.00049034,3.1998E-07,-3.2004E-07
0.38,0.05,0.00054982,2.2321E-09,-0.0005494,3.2004E-07,-3.2008E-07
0.385,0.05,0.00061488,2.3551E-09,-0.00061468,3.201E-07,-3.2005999999999997E-07
0.39,0.05,0.00068506,2.486E-09,-0.00068494000000000009,3.2005999999999997E-07,-3.2008E-07
0.395,0.05,0.00076180000000000009,2.6226E-09,-0.00076118000000000008,3.2012E-07,-3.2014E-07
0.4,0.05,0.00084292,2.7651E-09,-0.00084244000000000007,3.2014E-07,-3.2016E-07
0.405,0.05,0.00093062000000000006,2.9111E-09,-0.00093046,3.201E-07,-3.2014E-07
0.41000000000000003,0.05,0.00102336,3.068E-09,-0.0010227,3.2014E-07,-3.2014E-07
0.41500000000000004,0.05,0.00112282,3.2317E-09,-0.00112192,3.2014E-07,-3.2014E-07
0.42000000000000004,0.05,0.0012254,3.4008E-09,-0.001226,3.2005999999999997E-07,-3.2014E-07
0.42500000000000004,0.05,0.001337,3.5917E-09,-0.0013362,3.2005999999999997E-07,-3.2014E-07
0.43,0.05,0.0014514,3.7644E-09,-0.0014504000000000001,3.2016E-07,-3.2019999999999997E-07
0.435,0.05,0.0015722,3.9593E-09,-0.0015712,3.2005999999999997E-07,-3.201E-07
0.44,0.05,0.0016966,4.1622E-09,-0.0016948,3.201E-07,-3.2008E-07
0.445,0.05,0.001826,4.3756E-09,-0.0018258,3.2016E-07,-3.2014E-07
0.45,0.05,0.0019590000000000002,4.5954E-09,-0.001957,3.2014E-07,-3.2022E-07
0.455,0.05,0.0020964,4.8346E-09,-0.0020952,3.2012E-07,-3.2014E-07
0.46,0.05,0.0022352,5.0726E-09,-0.0022354000000000002,3.2005999999999997E-07,-3.201E-07
0.465,0.05,0.002381,5.3247E-09,-0.0023804,3.2012E-07,-3.2018E-07
0.47000000000000003,0.05,0.0025266,5.5837E-09,-0.0025244,3.2008E-07,-3.2014E-07
0.47500000000000003,0.05,0.0026748,5.8674E-09,-0.002675,3.2008E-07,-3.2008E-07
0.48000000000000004,0.05,0.0028232,6.1537E-09,-0.0028224,3.2008E-07,-3.2012E-07
0.48500000000000004,0.05,0.002978,6.4487E-09,-0.0029766000000000003,3.2012E-07,-3.2018E-07
0.49000000000000005,0.05,0.0031282000000000003,6.7598E-09,-0.0031288,3.201E-07,-3.2022E-07
0.49500000000000005,0.05,0.003284,7.0842E-09,-0.0032836000000000002,3.2004E-07,-3.2016E-07
0.5,0.05,0.0034382,7.4232E-09,-0.0034368000000000003,3.201E-07,-3.2014E-07
0.505,0.05,0.0035936,7.7778E-09,-0.003592,3.2018E-07,-3.2008E-07
0.51,0.05,0.0037456,8.1437E-09,-0.0037448,3.201E-07,-3.2019999999999997E-07
0.515,0.05,0.003902,8.5264E-09,-0.0039016000000000003,3.2016E-07,-3.2016E-07
0.52,0.05,0.0040534,8.9256E-09,-0.0040524,3.2016E-07,-3.2018E-07
0.525,0.05,0.0042068,9.3367E-09,-0.0042054,3.2008E-07,-3.2008E-07
0.53,0.05,0.0043552,9.7614E-09,-0.0043552,3.2018E-07,-3.2014E-07
0.535,0.05,0.0045068,1.02179E-08,-0.0045062,3.2014E-07,-3.2008E-07
0.54,0.05,0.0046536,1.067E-08,-0.0046536,3.2004E-07,-3.201E-07
0.545,0.05,0.0048022,1.11759E-08,-0.0048016000000000005,3.2004E-07,-3.2005999999999997E-07
0.55,0.05,0.0049468,1.17184E-08,-0.0049442,3.2E-07,-3.2008E-07
0.555,0.05,0.00509,1.22364E-08,-0.005089,3.2008E-07,-3.2002E-07
0.56,0.05,0.005228,1.2786799999999998E-08,-0.0052274,3.2005999999999997E-07,-3.2008E-07
0.56500000000000006,0.05,0.0053678,1.33628E-08,-0.0053664,3.2004E-07,-3.2008E-07
0.57000000000000006,0.05,0.0055012,1.3948599999999998E-08,-0.005502,3.2012E-07,-3.2008E-07
0.57500000000000007,0.05,0.0056362,1.4571399999999999E-08,-0.0056366,3.201E-07,-3.2016E-07
0.58000000000000007,0.05,0.0057686000000000005,1.52072E-08,-0.0057682,3.2008E-07,-3.2004E-07
0.58500000000000008,0.05,0.005897,1.5879E-08,-0.005895,3.2012E-07,-3.2014E-07
0.59000000000000008,0.05,0.0060212,1.65738E-08,-0.0060206,3.2004E-07,-3.2005999999999997E-07
0.595,0.05,0.0061478,1.72584E-08,-0.006146,3.201E-07,-3.2012E-07
0.6,0.05,0.006269,1.8013799999999997E-08,-0.0062674,3.2008E-07,-3.2014E-07
0.605,0.05,0.0063882,1.8808399999999997E-08,-0.006387,3.2005999999999997E-07,-3.2014E-07
0.61,0.05,0.0065034,1.9593399999999997E-08,-0.0065038000000000006,3.2005999999999997E-07,-3.201E-07
0.615,0.05,0.0066186000000000005,2.0443399999999998E-08,-0.0066184,3.201E-07,-3.201E-07
0.62,0.05,0.006729,2.1313199999999998E-08,-0.0067282,3.2004E-07,-3.2008E-07
0.625,0.05,0.0068398,2.2266999999999997E-08,-0.0068376,3.2012E-07,-3.201E-07
0.63,0.05,0.0069468,2.3187399999999996E-08,-0.0069458,3.2005999999999997E-07,-3.2014E-07
0.635,0.05,0.0070514,2.418E-08,-0.0070478,3.2016E-07,-3.2008E-07
0.64,0.05,0.0071514000000000005,2.5207E-08,-0.0071512,3.2012E-07,-3.201E-07
0.645,0.05,0.007253,2.6313399999999997E-08,-0.0072518,3.2012E-07,-3.2014E-07
0.65,0.05,0.0073504,2.7428999999999997E-08,-0.0073484,3.2016E-07,-3.201E-07
0.655,0.05,0.0074452,2.8613399999999998E-08,-0.007444,3.201E-07,-3.201E-07
0.66,0.05,0.0075382,2.98058E-08,-0.007536,3.201E-07,-3.201E-07
0.665,0.05,0.0076276,3.1087E-08,-0.0076288,3.2004E-07,-3.2014E-07
0.67,0.05,0.0077166000000000005,3.2408399999999997E-08,-0.0077162,3.201E-07,-3.201E-07
0.675,0.05,0.0078052,3.3799199999999995E-08,-0.0078026,3.201E-07,-3.2005999999999997E-07
0.68,0.05,0.0078884,3.52256E-08,-0.0078844,3.2012E-07,-3.2005999999999997E-07
0.685,0.05,0.007969,3.67316E-08,-0.007971,3.201E-07,-3.2014E-07
0.69000000000000006,0.05,0.0080508,3.8300399999999994E-08,-0.0080506,3.2008E-07,-3.2014E-07
0.69500000000000006,0.05,0.0081268,3.9944199999999994E-08,-0.008128,3.201E-07,-3.2008E-07
0.70000000000000007,0.05,0.0082046,4.1655399999999993E-08,-0.008203,3.2012E-07,-3.2008E-07
0.70500000000000007,0.05,0.008278,4.3453999999999993E-08,-0.0082782,3.201E-07,-3.2014E-07
0.71000000000000008,0.05,0.0083538,4.5326199999999996E-08,-0.008353600000000001,3.2008E-07,-3.2014E-07
0.71500000000000008,0.05,0.008423,4.7257799999999995E-08,-0.008422,3.2016E-07,-3.2018E-07
0.72000000000000008,0.05,0.008493800000000001,4.93224E-08,-0.008494,3.2014E-07,-3.2014E-07
0.72500000000000009,0.05,0.0085618,5.1439199999999993E-08,-0.0085610000000000009,3.2014E-07,-3.2016E-07
0.73,0.05,0.0086298,5.3703599999999994E-08,-0.008631,3.201E-07,-3.2012E-07
0.735,0.05,0.0086946,5.5991599999999994E-08,-0.0086952,3.2008E-07,-3.2016E-07
0.74,0.05,0.0087570000000000009,5.8435399999999995E-08,-0.0087566,3.2012E-07,-3.2019999999999997E-07
0.745,0.05,0.0088186,6.10114E-08,-0.008817,3.2012E-07,-3.201E-07
0.75,0.05,0.0088802,6.36898E-08,-0.0088764,3.201E-07,-3.201E-07
0.755,0.05,0.0089362,6.6476399999999988E-08,-0.008937200000000001,3.2019999999999997E-07,-3.2019999999999997E-07
0.76,0.05,0.008994,6.9422E-08,-0.0089956,3.2008E-07,-3.2008E-07
0.765,0.05,0.0090526000000000009,7.2482599999999993E-08,-0.0090502,3.2005999999999997E-07,-3.2004E-07
0.77,0.05,0.0091088,7.5724799999999987E-08,-0.009105,3.2012E-07,-3.2008E-07
0.775,0.05,0.0091584,7.90576E-08,-0.0091582,3.201E-07,-3.2016E-07
0.78,0.05,0.0092142,8.2632199999999993E-08,-0.0092154,3.2014E-07,-3.2012E-07
0.785,0.05,0.009264,8.6305199999999989E-08,-0.0092622,3.2014E-07,-3.2014E-07
0.79,0.05,0.009316,9.0246599999999992E-08,-0.0093136,3.2016E-07,-3.2016E-07
0.795,0.05,0.0093624,9.4278399999999987E-08,-0.0093622,3.2012E-07,-3.2019999999999997E-07
0.8,0.05,0.00941,9.8558799999999992E-08,-0.009412,3.201E-07,-3.201E-07
0.805,0.05,0.0094596,1.0303879999999999E-07,-0.0094588,3.2016E-07,-3.2014E-07
0.81,0.05,0.0095022,1.0770579999999999E-07,-0.0094988,3.2012E-07,-3.2008E-07
0.81500000000000006,0.05,0.0095494,1.1268419999999999E-07,-0.0095486,3.201E-07,-3.2016E-07
0.82000000000000006,0.05,0.009589,1.1788E-07,-0.0095892,3.2012E-07,-3.2018E-07
0.82500000000000007,0.05,0.00963,1.233E-07,-0.0096342,3.2016E-07,-3.2014E-07
0.83000000000000007,0.05,0.009676,1.2895999999999999E-07,-0.009676,3.2014E-07,-3.2008E-07
0.83500000000000008,0.05,0.009716,1.3502E-07,-0.0097136000000000011,3.2012E-07,-3.2016E-07
0.84000000000000008,0.05,0.0097542000000000011,1.4128E-07,-0.0097554000000000009,3.2012E-07,-3.2014E-07
0.84500000000000008,0.05,0.0097914,1.4788E-07,-0.009793,3.1998E-07,-3.2016E-07
0.85000000000000009,0.05,0.0098308,1.5474E-07,-0.0098294,3.2012E-07,-3.2014E-07
0.85500000000000009,0.05,0.0098704,1.6224E-07,-0.0098688,3.2008E-07,-3.2014E-07
0.86,0.05,0.0099068,1.6988E-07,-0.0099058000000000011,3.2014E-07,-3.2012E-07
0.865,0.05,0.0099428,1.7794E-07,-0.0099414,3.2016E-07,-3.2016E-07
0.87,0.05,0.009976,1.865E-07,-0.0099768000000000009,3.2012E-07,-3.2016E-07
0.875,0.05,0.0100116,1.9548E-07,-0.010009800000000001,3.2016E-07,-3.2018E-07
0.88,0.05,0.0100462,2.0482E-07,-0.010042800000000001,3.201E-07,-3.2012E-07
0.885,0.05,0.010079,2.1474E-07,-0.01008,3.2005999999999997E-07,-3.2008E-07
0.89,0.05,0.0101088,2.2518E-07,-0.0101038,3.2005999999999997E-07,-3.2012E-07
0.895,0.05,0.010141,2.3612E-07,-0.010141,3.2005999999999997E-07,-3.2008E-07
0.9,0.05,0.0101716,2.4768E-07,-0.0101714,3.2004E-07,-3.201E-07
-0.3,0.060000000000000005,1.5729E-09,-4.1951E-09,8.9916E-10,3.2004E-07,-3.183E-07
-0.29500000000000004,0.060000000000000005,1.5237E-09,-3.9254E-09,8.6550000000000006E-10,3.1998E-07,-3.1848E-07
-0.29000000000000004,0.060000000000000005,1.477E-09,-3.6869E-09,8.3289000000000011E-10,3.201E-07,-3.1865999999999997E-07
-0.28500000000000003,0.060000000000000005,1.4397E-09,-3.4562E-09,7.9643000000000011E-10,3.201E-07,-3.1878E-07
-0.28,0.060000000000000005,1.4013E-09,-3.25E-09,7.6480000000000009E-10,3.2008E-07,-3.1896E-07
-0.275,0.060000000000000005,1.3483E-09,-3.0484E-09,7.3387000000000007E-10,3.2E-07,-3.1906E-07
-0.27,0.060000000000000005,1.2934E-09,-2.8738E-09,7.0467E-10,3.2012E-07,-3.1918E-07
-0.265,0.060000000000000005,1.2566E-09,-2.6973E-09,6.7184E-10,3.2E-07,-3.1924E-07
-0.26,0.060000000000000005,1.2233E-09,-2.5472E-09,6.4713E-10,3.2004E-07,-3.193E-07
-0.255,0.060000000000000005,1.1741E-09,-2.3991E-09,6.1994E-10,3.201E-07,-3.1938E-07
-0.25,0.060000000000000005,1.131E-09,-2.2647E-09,5.9227000000000007E-10,3.2005999999999997E-07,-3.1948E-07
-0.24500000000000002,0.060000000000000005,1.1061E-09,-2.1337E-09,5.653E-10,3.2004E-07,-3.1952E-07
-0.24000000000000002,0.060000000000000005,1.0709E-09,-2.0155E-09,5.4075E-10,3.2005999999999997E-07,-3.1962E-07
-0.23500000000000001,0.060000000000000005,1.0201E-09,-1.9026E-09,5.1634E-10,3.2004E-07,-3.1956E-07
-0.23,0.060000000000000005,9.8973E-10,-1.7989E-09,4.8839E-10,3.2004E-07,-3.1966E-07
-0.225,0.060000000000000005,9.6637E-10,-1.6939E-09,4.6380000000000004E-10,3.1998E-07,-3.1974E-07
-0.22,0.060000000000000005,9.1928000000000006E-10,-1.6036E-09,4.4132000000000003E-10,3.1998E-07,-3.1972E-07
-0.215,0.060000000000000005,8.8116000000000009E-10,-1.5158E-09,4.1884E-10,3.2E-07,-3.1984E-07
-0.21000000000000002,0.060000000000000005,8.603100000000001E-10,-1.4303E-09,3.9774E-10,3.2004E-07,-3.198E-07
-0.20500000000000002,0.060000000000000005,8.309000000000001E-10,-1.3556E-09,3.7875E-10,3.1996E-07,-3.198E-07
-0.2,0.060000000000000005,7.8457E-10,-1.2819E-09,3.5900000000000005E-10,3.2012E-07,-3.1998E-07
-0.195,0.060000000000000005,7.6332000000000011E-10,-1.2135E-09,3.3693000000000005E-10,3.2016E-07,-3.2005999999999997E-07
-0.19,0.060000000000000005,7.4558E-10,-1.142E-09,3.1697000000000004E-10,3.2012E-07,-3.2002E-07
-0.185,0.060000000000000005,7.1206E-10,-1.0816E-09,2.9888E-10,3.2012E-07,-3.1998E-07
-0.18000000000000002,0.060000000000000005,6.8082E-10,-1.019E-09,2.7863E-10,3.201E-07,-3.2002E-07
-0.17500000000000002,0.060000000000000005,6.7294000000000006E-10,-9.6542000000000017E-10,2.6420000000000003E-10,3.2016E-07,-3.2008E-07
-0.17,0.060000000000000005,6.3465000000000008E-10,-9.1155E-10,2.4854E-10,3.2016E-07,-3.2002E-07
-0.165,0.060000000000000005,6.0008000000000006E-10,-8.6281E-10,2.3093000000000002E-10,3.201E-07,-3.2008E-07
-0.16,0.060000000000000005,5.8934000000000006E-10,-8.1092E-10,2.1244000000000002E-10,3.2005999999999997E-07,-3.2004E-07
-0.155,0.060000000000000005,5.6935E-10,-7.6587000000000007E-10,1.9832000000000002E-10,3.201E-07,-3.2008E-07
-0.15,0.060000000000000005,5.3674E-10,-7.2300000000000009E-10,1.7991E-10,3.2005999999999997E-07,-3.201E-07
-0.14500000000000002,0.060000000000000005,5.2381000000000008E-10,-6.8287E-10,1.6241E-10,3.201E-07,-3.2008E-07
-0.14,0.060000000000000005,5.2428000000000008E-10,-6.3991E-10,1.4409000000000002E-10,3.2014E-07,-3.201E-07
-0.135,0.060000000000000005,4.9282000000000006E-10,-6.0063E-10,1.282E-10,3.2012E-07,-3.2005999999999997E-07
-0.13,0.060000000000000005,4.7585000000000007E-10,-5.6745E-10,1.0744E-10,3.201E-07,-3.2004E-07
-0.125,0.060000000000000005,4.7701E-10,-5.3011E-10,8.7970000000000007E-11,3.2012E-07,-3.2008E-07
-0.12000000000000001,0.060000000000000005,4.6871E-10,-4.9812E-10,7.087000000000001E-11,3.201E-07,-3.2018E-07
-0.115,0.060000000000000005,4.4496000000000003E-10,-4.6437E-10,4.9610000000000004E-11,3.2012E-07,-3.201E-07
-0.11,0.060000000000000005,4.4997000000000005E-10,-4.4040000000000005E-10,2.697E-11,3.201E-07,-3.201E-07
-0.10500000000000001,0.060000000000000005,4.6051000000000005E-10,-4.0946000000000005E-10,2.2200000000000002E-12,3.2002E-07,-3.2008E-07
-0.1,0.060000000000000005,4.4787000000000003E-10,-3.8221E-10,-2.1950000000000002E-11,3.2005999999999997E-07,-3.201E-07
-0.095,0.060000000000000005,4.5301E-10,-3.5878000000000003E-10,-5.5200000000000007E-11,3.2008E-07,-3.2005999999999997E-07
-0.090000000000000011,0.060000000000000005,4.7550000000000006E-10,-3.3094000000000005E-10,-8.9560000000000012E-11,3.2005999999999997E-07,-3.201E-07
-0.085,0.060000000000000005,4.8852000000000009E-10,-3.0888E-10,-1.2470000000000002E-10,3.201E-07,-3.2002E-07
-0.08,0.060000000000000005,4.9712E-10,-2.8377000000000004E-10,-1.6598E-10,3.2012E-07,-3.201E-07
-0.075,0.060000000000000005,5.3777E-10,-2.6880000000000004E-10,-2.139E-10,3.2004E-07,-3.2016E-07
-0.07,0.060000000000000005,5.7983000000000005E-10,-2.4279E-10,-2.7018000000000004E-10,3.2005999999999997E-07,-3.2005999999999997E-07
-0.065,0.060000000000000005,6.038E-10,-2.2865E-10,-3.2902E-10,3.2012E-07,-3.201E-07
-0.060000000000000005,0.060000000000000005,6.7112000000000006E-10,-2.0955000000000002E-10,-4.0607E-10,3.2E-07,-3.2008E-07
-0.055,0.060000000000000005,7.4585000000000007E-10,-1.9239000000000002E-10,-4.8792E-10,3.1998E-07,-3.2004E-07
-0.05,0.060000000000000005,8.1658000000000009E-10,-1.7768000000000003E-10,-5.8864E-10,3.2005999999999997E-07,-3.2008E-07
-0.045000000000000005,0.060000000000000005,9.2713000000000009E-10,-1.5953000000000002E-10,-7.0536E-10,3.2005999999999997E-07,-3.2008E-07
-0.04,0.060000000000000005,1.0644200000000001E-09,-1.4620000000000002E-10,-8.4151E-10,3.2002E-07,-3.2008E-07
-0.035,0.060000000000000005,1.2103E-09,-1.3128E-10,-1.0014300000000001E-09,3.2005999999999997E-07,-3.2008E-07
-0.030000000000000002,0.060000000000000005,1.3711E-09,-1.2034000000000002E-10,-1.1911E-09,3.2004E-07,-3.2004E-07
-0.025,0.060000000000000005,1.5785E-09,-1.0969000000000001E-10,-1.41E-09,3.2E-07,-3.2008E-07
-0.02,0.060000000000000005,1.8347E-09,-9.592E-11,-1.675E-09,3.2005999999999997E-07,-3.2008E-07
-0.015000000000000001,0.060000000000000005,2.1421E-09,-8.8430000000000012E-11,-1.9775E-09,3.2004E-07,-3.201E-07
-0.01,0.060000000000000005,2.4902E-09,-7.0350000000000008E-11,-2.3429E-09,3.2004E-07,-3.2002E-07
-0.005,0.060000000000000005,2.8955E-09,-7.0040000000000011E-11,-2.77E-09,3.2002E-07,-3.2012E-07
0,0.060000000000000005,3.4067E-09,-5.3330000000000005E-11,-3.281E-09,3.2002E-07,-3.2008E-07
0.005,0.060000000000000005,3.9984E-09,-4.421E-11,-3.8743E-09,3.2004E-07,-3.2008E-07
0.01,0.060000000000000005,4.6924E-09,-3.7390000000000006E-11,-4.5781E-09,3.2E-07,-3.2014E-07
0.015000000000000001,0.060000000000000005,5.498E-09,-3.1300000000000004E-11,-5.4119E-09,3.1998E-07,-3.2008E-07
0.02,0.060000000000000005,6.4944E-09,-2.1000000000000002E-11,-6.4059E-09,3.2004E-07,-3.2005999999999997E-07
0.025,0.060000000000000005,7.6528E-09,-1.4480000000000001E-11,-7.5585E-09,3.2002E-07,-3.2005999999999997E-07
0.030000000000000002,0.060000000000000005,9.0239E-09,-8.23E-12,-8.9478E-09,3.2004E-07,-3.2005999999999997E-07
0.035,0.060000000000000005,1.06241E-08,-2.37E-12,-1.0556E-08,3.2005999999999997E-07,-3.2014E-07
0.04,0.060000000000000005,1.26288E-08,8.23E-12,-1.2525399999999998E-08,3.201E-07,-3.2018E-07
0.045000000000000005,0.060000000000000005,1.4875E-08,1.5050000000000002E-11,-1.4788399999999998E-08,3.2005999999999997E-07,-3.2014E-07
0.05,0.060000000000000005,1.7581999999999998E-08,1.4470000000000001E-11,-1.7498599999999998E-08,3.2008E-07,-3.2008E-07
0.055,0.060000000000000005,2.07326E-08,2.427E-11,-2.06498E-08,3.2008E-07,-3.2014E-07
0.060000000000000005,0.060000000000000005,2.44764E-08,2.875E-11,-2.4394799999999997E-08,3.201E-07,-3.201E-07
0.065,0.060000000000000005,2.8962199999999996E-08,3.755E-11,-2.8886599999999997E-08,3.2008E-07,-3.2008E-07
0.07,0.060000000000000005,3.4182599999999994E-08,3.9160000000000004E-11,-3.4143199999999994E-08,3.1998E-07,-3.2002E-07
0.075,0.060000000000000005,4.0483999999999994E-08,4.651E-11,-4.0434799999999994E-08,3.1998E-07,-3.2002E-07
0.08,0.060000000000000005,4.7824999999999993E-08,5.2710000000000005E-11,-4.7734199999999993E-08,3.2008E-07,-3.201E-07
0.085,0.060000000000000005,5.6630199999999996E-08,6.069E-11,-5.6540799999999992E-08,3.2008E-07,-3.201E-07
0.090000000000000011,0.060000000000000005,6.684919999999999E-08,6.452E-11,-6.6825199999999989E-08,3.2E-07,-3.2012E-07
0.095,0.060000000000000005,7.91518E-08,6.827E-11,-7.9060199999999992E-08,3.2008E-07,-3.2014E-07
0.1,0.060000000000000005,9.35134E-08,7.9120000000000007E-11,-9.3448999999999992E-08,3.2005999999999997E-07,-3.2008E-07
0.10500000000000001,0.060000000000000005,1.107872E-07,8.0270000000000011E-11,-1.1076019999999999E-07,3.2004E-07,-3.2016E-07
0.11,0.060000000000000005,1.3092E-07,9.4990000000000013E-11,-1.3082E-07,3.2008E-07,-3.2016E-07
0.115,0.060000000000000005,1.5524E-07,9.483000000000001E-11,-1.5518E-07,3.2008E-07,-3.2008E-07
0.12000000000000001,0.060000000000000005,1.8332E-07,1.0582E-10,-1.8322E-07,3.2004E-07,-3.2019999999999997E-07
0.125,0.060000000000000005,2.1705999999999999E-07,1.1094000000000001E-10,-2.1718E-07,3.201E-07,-3.201E-07
0.13,0.060000000000000005,2.569E-07,1.1599E-10,-2.5656E-07,3.2005999999999997E-07,-3.201E-07
0.135,0.060000000000000005,3.0392E-07,1.2787000000000002E-10,-3.0382E-07,3.2014E-07,-3.2012E-07
0.14,0.060000000000000005,3.5898E-07,1.3191E-10,-3.5892E-07,3.2012E-07,-3.2014E-07
0.14500000000000002,0.060000000000000005,4.2518E-07,1.4225E-10,-4.2518E-07,3.2008E-07,-3.201E-07
0.15,0.060000000000000005,5.0254E-07,1.5185000000000002E-10,-5.029E-07,3.201E-07,-3.2018E-07
0.155,0.060000000000000005,5.9406E-07,1.5979000000000002E-10,-5.9398E-07,3.2005999999999997E-07,-3.201E-07
0.16,0.060000000000000005,7.0412E-07,1.6681000000000002E-10,-7.0374E-07,3.1998E-07,-3.1998E-07
0.165,0.060000000000000005,8.3106E-07,1.8304000000000002E-10,-8.3108E-07,3.2E-07,-3.2008E-07
0.17,0.060000000000000005,9.8468E-07,1.876E-10,-9.8522E-07,3.2002E-07,-3.2002E-07
0.17500000000000002,0.060000000000000005,1.1670000000000002E-06,1.9958000000000002E-10,-1.1631000000000001E-06,3.2004E-07,-3.2005999999999997E-07
0.18000000000000002,0.060000000000000005,1.3804000000000002E-06,2.1189E-10,-1.3783000000000002E-06,3.2004E-07,-3.2008E-07
0.185,0.060000000000000005,1.6292000000000002E-06,2.2800000000000001E-10,-1.6287000000000002E-06,3.2E-07,-3.201E-07
0.19,0.060000000000000005,1.9289000000000003E-06,2.3590000000000003E-10,-1.9282E-06,3.201E-07,-3.2016E-07
0.195,0.060000000000000005,2.2785000000000003E-06,2.4805000000000004E-10,-2.2761E-06,3.2008E-07,-3.2008E-07
0.2,0.060000000000000005,2.6975000000000004E-06,2.6774E-10,-2.6945E-06,3.201E-07,-3.2014E-07
0.20500000000000002,0.060000000000000005,3.1827000000000005E-06,2.7795E-10,-3.1800000000000005E-06,3.2012E-07,-3.2019999999999997E-07
0.21000000000000002,0.060000000000000005,3.7632000000000002E-06,2.9910000000000003E-10,-3.7634000000000003E-06,3.2012E-07,-3.2014E-07
0.215,0.060000000000000005,4.4393000000000008E-06,3.1408E-10,-4.4405E-06,3.201E-07,-3.2016E-07
0.22,0.060000000000000005,5.2454000000000006E-06,3.3284E-10,-5.2522E-06,3.2012E-07,-3.2014E-07
0.225,0.060000000000000005,6.1894E-06,3.5421E-10,-6.1809E-06,3.2014E-07,-3.2014E-07
0.23,0.060000000000000005,7.3101000000000005E-06,3.7129E-10,-7.3108E-06,3.2004E-07,-3.2008E-07
0.23500000000000001,0.060000000000000005,8.6142000000000013E-06,3.9326000000000005E-10,-8.6116E-06,3.201E-07,-3.2014E-07
0.24000000000000002,0.060000000000000005,1.01552E-05,4.197E-10,-1.01543E-05,3.201E-07,-3.2014E-07
0.24500000000000002,0.060000000000000005,1.1972E-05,4.4064000000000004E-10,-1.1948E-05,3.2004E-07,-3.2014E-07
0.25,0.060000000000000005,1.4054000000000001E-05,4.7258E-10,-1.4044E-05,3.2004E-07,-3.2005999999999997E-07
0.255,0.060000000000000005,1.6556000000000002E-05,4.9891000000000009E-10,-1.6538E-05,3.201E-07,-3.2019999999999997E-07
0.26,0.060000000000000005,1.9416000000000002E-05,5.3608000000000008E-10,-1.9408E-05,3.2016E-07,-3.201E-07
0.265,0.060000000000000005,2.2858E-05,5.6676E-10,-2.2844E-05,3.2008E-07,-3.2019999999999997E-07
0.27,0.060000000000000005,2.6768000000000002E-05,6.0689000000000006E-10,-2.6774E-05,3.2005999999999997E-07,-3.2016E-07
0.275,0.060000000000000005,3.1432E-05,6.4144E-10,-3.1444E-05,3.201E-07,-3.2014E-07
0.28,0.060000000000000005,3.6746000000000004E-05,6.7964E-10,-3.6762E-05,3.2018E-07,-3.201E-07
0.28500000000000003,0.060000000000000005,4.3020000000000005E-05,7.2594000000000008E-10,-4.3018E-05,3.2008E-07,-3.2012E-07
0.29000000000000004,0.060000000000000005,5.0192E-05,7.6868000000000008E-10,-5.0188E-05,3.2012E-07,-3.2016E-07
0.29500000000000004,0.060000000000000005,5.8586000000000005E-05,8.1849E-10,-5.8632000000000004E-05,3.201E-07,-3.2012E-07
0.3,0.060000000000000005,6.8268E-05,8.6716E-10,-6.821E-05,3.2004E-07,-3.2012E-07
0.305,0.060000000000000005,7.9420000000000009E-05,9.2405E-10,-7.9418E-05,3.2004E-07,-3.2012E-07
0.31,0.060000000000000005,9.2138E-05,9.8028E-10,-9.2106E-05,3.2005999999999997E-07,-3.2014E-07
0.315,0.060000000000000005,0.000106958,1.0413000000000001E-09,-0.000106902,3.2012E-07,-3.2019999999999997E-07
0.32,0.060000000000000005,0.00012394,1.10348E-09,-0.00012378,3.2004E-07,-3.201E-07
0.325,0.060000000000000005,0.00014328,1.1664E-09,-0.000143,3.2012E-07,-3.2019999999999997E-07
0.33,0.060000000000000005,0.00016484,1.2396E-09,-0.00016454000000000002,3.2008E-07,-3.2016E-07
0.335,0.060000000000000005,0.00018982000000000002,1.3115999999999999E-09,-0.00018936000000000002,3.201E-07,-3.2014E-07
0.34,0.060000000000000005,0.00021744,1.3871E-09,-0.00021712,3.2008E-07,-3.2016E-07
0.34500000000000003,0.060000000000000005,0.00024926,1.4672E-09,-0.00024914,3.2004E-07,-3.2004E-07
0.35000000000000003,0.060000000000000005,0.00028444,1.551E-09,-0.00028424,3.2004E-07,-3.201E-07
0.35500000000000004,0.060000000000000005,0.0003241,1.6383E-09,-0.0003241,3.1998E-07,-3.2005999999999997E-07
0.36000000000000004,0.060000000000000005,0.0003682,1.7334E-09,-0.000368,3.2005999999999997E-07,-3.2014E-07
0.365,0.060000000000000005,0.0004175,1.8284E-09,-0.0004175,3.2002E-07,-3.2005999999999997E-07
0.37,0.060000000000000005,0.00047148000000000003,1.9328E-09,-0.00047134000000000005,3.2E-07,-3.2002E-07
0.375,0.060000000000000005,0.00053188,2.0403E-09,-0.00053146,3.2004E-07,-3.201E-07
0.38,0.060000000000000005,0.00059652,2.1513E-09,-0.00059618000000000008,3.2008E-07,-3.2014E-07
0.385,0.060000000000000005,0.00066910000000000005,2.2674E-09,-0.00066846000000000006,3.2004E-07,-3.201E-07
0.39,0.060000000000000005,0.00074608000000000009,2.3904E-09,-0.00074568000000000008,3.2004E-07,-3.2008E-07
0.395,0.060000000000000005,0.00083112000000000008,2.534E-09,-0.00083068000000000009,3.2004E-07,-3.2012E-07
0.4,0.060000000000000005,0.00092166,2.6568E-09,-0.00092162000000000006,3.2004E-07,-3.201E-07
0.405,0.060000000000000005,0.00101954,2.8078E-09,-0.00101898,3.2005999999999997E-07,-3.201E-07
0.41000000000000003,0.060000000000000005,0.00112344,2.9626E-09,-0.00112264,3.2E-07,-3.201E-07
0.41500000000000004,0.060000000000000005,0.001235,3.1058999999999998E-09,-0.0012344,3.2004E-07,-3.201E-07
0.42000000000000004,0.060000000000000005,0.0013524000000000001,3.2647E-09,-0.0013520000000000001,3.2E-07,-3.2E-07
0.42500000000000004,0.060000000000000005,0.0014776000000000001,3.4422E-09,-0.001477,3.2004E-07,-3.2012E-07
0.43,0.060000000000000005,0.0016064,3.6136E-09,-0.0016068,3.2005999999999997E-07,-3.201E-07
0.435,0.060000000000000005,0.0017452000000000001,3.7998E-09,-0.0017446,3.2002E-07,-3.2004E-07
0.44,0.060000000000000005,0.001887,3.9989E-09,-0.0018854,3.2005999999999997E-07,-3.2014E-07
0.445,0.060000000000000005,0.0020364,4.1921E-09,-0.0020354,3.2004E-07,-3.2002E-07
0.45,0.060000000000000005,0.0021878,4.4072E-09,-0.0021874,3.2005999999999997E-07,-3.2018E-07
0.455,0.060000000000000005,0.0023484,4.6302E-09,-0.0023474,3.2016E-07,-3.2016E-07
0.46,0.060000000000000005,0.0025102,4.8541E-09,-0.0025092,3.2016E-07,-3.2014E-07
0.465,0.060000000000000005,0.0026776,5.1074E-09,-0.0026764000000000002,3.2005999999999997E-07,-3.2012E-07
0.47000000000000003,0.060000000000000005,0.0028464000000000002,5.3451E-09,-0.0028458,3.2005999999999997E-07,-3.2016E-07
0.47500000000000003,0.060000000000000005,0.003023,5.6141E-09,-0.0030208,3.2012E-07,-3.2014E-07
0.48000000000000004,0.060000000000000005,0.0031972,5.8935E-09,-0.0031966,3.201E-07,-3.2014E-07
0.48500000000000004,0.060000000000000005,0.003378,6.1667E-09,-0.0033770000000000002,3.2016E-07,-3.2016E-07
0.49000000000000005,0.060000000000000005,0.003555,6.4686E-09,-0.0035564,3.2012E-07,-3.2014E-07
0.49500000000000005,0.060000000000000005,0.0037396,6.778E-09,-0.0037392000000000002,3.201E-07,-3.2016E-07
0.5,0.060000000000000005,0.0039218000000000005,7.0948E-09,-0.003922,3.2016E-07,-3.2014E-07
0.505,0.060000000000000005,0.0041062,7.4352E-09,-0.0041068,3.2012E-07,-3.2018E-07
0.51,0.060000000000000005,0.0042902,7.7834E-09,-0.0042902,3.2014E-07,-3.2014E-07
0.515,0.060000000000000005,0.0044762000000000005,8.1496E-09,-0.004476,3.2012E-07,-3.2016E-07
0.52,0.060000000000000005,0.0046586,8.5298E-09,-0.0046572,3.2016E-07,-3.2019999999999997E-07
0.525,0.060000000000000005,0.004843,8.9194E-09,-0.004842,3.201E-07,-3.2022E-07
0.53,0.060000000000000005,0.0050228,9.3227E-09,-0.0050218,3.2016E-07,-3.2012E-07
0.535,0.060000000000000005,0.0052062,9.758E-09,-0.0052032,3.2016E-07,-3.2014E-07
0.54,0.060000000000000005,0.0053832,1.02004E-08,-0.0053816,3.2012E-07,-3.2014E-07
0.545,0.060000000000000005,0.005561,1.06798E-08,-0.0055604,3.2012E-07,-3.2016E-07
0.55,0.060000000000000005,0.0057348,1.11703E-08,-0.0057332,3.201E-07,-3.201E-07
0.555,0.060000000000000005,0.0059106,1.1678599999999998E-08,-0.0059086,3.2004E-07,-3.2016E-07
0.56,0.060000000000000005,0.0060776,1.2204799999999998E-08,-0.0060796,3.2012E-07,-3.2016E-07
0.56500000000000006,0.060000000000000005,0.0062504,1.27502E-08,-0.0062488000000000005,3.2005999999999997E-07,-3.2008E-07
0.57000000000000006,0.060000000000000005,0.0064144,1.3306799999999999E-08,-0.0064150000000000006,3.2012E-07,-3.2012E-07
0.57500000000000007,0.060000000000000005,0.0065796000000000006,1.39128E-08,-0.0065786,3.2008E-07,-3.2014E-07
0.58000000000000007,0.060000000000000005,0.0067388000000000005,1.4508399999999998E-08,-0.0067402,3.2012E-07,-3.201E-07
0.58500000000000008,0.060000000000000005,0.006899,1.5150999999999998E-08,-0.006899,3.201E-07,-3.2016E-07
0.59000000000000008,0.060000000000000005,0.0070518,1.57806E-08,-0.0070508,3.2016E-07,-3.2016E-07
0.595,0.060000000000000005,0.0072074,1.6470599999999997E-08,-0.0072034,3.201E-07,-3.2014E-07
0.6,0.060000000000000005,0.0073536,1.71674E-08,-0.0073518,3.2019999999999997E-07,-3.2016E-07
0.605,0.060000000000000005,0.0075012,1.7923599999999997E-08,-0.0075008,3.201E-07,-3.2012E-07
0.61,0.060000000000000005,0.0076432,1.8675799999999997E-08,-0.0076422,3.2014E-07,-3.2018E-07
0.615,0.060000000000000005,0.0077854000000000005,1.94934E-08,-0.007782,3.201E-07,-3.2014E-07
0.62,0.060000000000000005,0.0079222,2.0326799999999996E-08,-0.0079194,3.2012E-07,-3.2014E-07
0.625,0.060000000000000005,0.0080544,2.1211599999999997E-08,-0.0080546,3.2016E-07,-3.2019999999999997E-07
0.63,0.060000000000000005,0.0081864,2.21052E-08,-0.008187,3.201E-07,-3.2014E-07
0.635,0.060000000000000005,0.0083176,2.3054E-08,-0.0083168000000000009,3.201E-07,-3.2019999999999997E-07
0.64,0.060000000000000005,0.008443,2.40624E-08,-0.008441,3.2012E-07,-3.2016E-07
0.645,0.060000000000000005,0.0085652,2.5069399999999996E-08,-0.0085658,3.2014E-07,-3.2014E-07
0.65,0.060000000000000005,0.0086854,2.6124399999999998E-08,-0.0086862,3.201E-07,-3.2019999999999997E-07
0.655,0.060000000000000005,0.008801,2.7251199999999998E-08,-0.0088034,3.2012E-07,-3.2019999999999997E-07
0.66,0.060000000000000005,0.0089172,2.8422399999999996E-08,-0.0089184,3.2008E-07,-3.2016E-07
0.665,0.060000000000000005,0.0090314,2.9611199999999997E-08,-0.0090286,3.2016E-07,-3.2014E-07
0.67,0.060000000000000005,0.009138,3.0884999999999995E-08,-0.0091384,3.201E-07,-3.2014E-07
0.675,0.060000000000000005,0.0092466,3.2203399999999996E-08,-0.0092466,3.2012E-07,-3.2016E-07
0.68,0.060000000000000005,0.0093508,3.3555E-08,-0.0093504,3.2014E-07,-3.2014E-07
0.685,0.060000000000000005,0.0094536,3.4987999999999995E-08,-0.0094534,3.2016E-07,-3.2012E-07
0.69000000000000006,0.060000000000000005,0.0095524,3.64856E-08,-0.0095514,3.201E-07,-3.2018E-07
0.69500000000000006,0.060000000000000005,0.0096484,3.8026999999999994E-08,-0.0096468,3.2012E-07,-3.2012E-07
0.70000000000000007,0.060000000000000005,0.0097454,3.9677E-08,-0.0097432,3.2012E-07,-3.2016E-07
0.70500000000000007,0.060000000000000005,0.0098364,4.1331399999999996E-08,-0.0098358,3.2012E-07,-3.2014E-07
0.71000000000000008,0.060000000000000005,0.0099278,4.31282E-08,-0.00993,3.2012E-07,-3.2012E-07
0.71500000000000008,0.060000000000000005,0.010017400000000001,4.49674E-08,-0.010017400000000001,3.2016E-07,-3.2019999999999997E-07
0.72000000000000008,0.060000000000000005,0.0101026,4.6916999999999996E-08,-0.010102,3.2012E-07,-3.2018E-07
0.72500000000000009,0.060000000000000005,0.010188000000000001,4.8880399999999993E-08,-0.0101854,3.2005999999999997E-07,-3.201E-07
0.73,0.060000000000000005,0.010271,5.1073799999999994E-08,-0.010269200000000001,3.2016E-07,-3.2019999999999997E-07
0.735,0.060000000000000005,0.0103514,5.3250599999999996E-08,-0.0103482,3.2014E-07,-3.2014E-07
0.74,0.060000000000000005,0.0104302,5.5578199999999994E-08,-0.0104284,3.2016E-07,-3.2016E-07
0.745,0.060000000000000005,0.0105038,5.7973799999999996E-08,-0.0104998,3.2012E-07,-3.2019999999999997E-07
0.75,0.060000000000000005,0.0105798,6.0520799999999992E-08,-0.010582,3.2016E-07,-3.2018E-07
0.755,0.060000000000000005,0.010652,6.3141599999999989E-08,-0.0106518,3.2024E-07,-3.2024E-07
0.76,0.060000000000000005,0.0107258,6.5916399999999988E-08,-0.0107254,3.2016E-07,-3.2024E-07
0.765,0.060000000000000005,0.010793200000000001,6.88228E-08,-0.0107936,3.2018E-07,-3.2016E-07
0.77,0.060000000000000005,0.0108648,7.1909E-08,-0.0108622,3.2024E-07,-3.2033999999999997E-07
0.775,0.060000000000000005,0.0109294,7.50534E-08,-0.0109292,3.2018E-07,-3.2022E-07
0.78,0.060000000000000005,0.0109928,7.8445999999999987E-08,-0.0109954,3.2022E-07,-3.2022E-07
0.785,0.060000000000000005,0.011055800000000001,8.186679999999999E-08,-0.011057,3.2018E-07,-3.2024E-07
0.79,0.060000000000000005,0.011118,8.55564E-08,-0.01112,3.2016E-07,-3.2022E-07
0.795,0.060000000000000005,0.011182000000000001,8.93702E-08,-0.0111804,3.2019999999999997E-07,-3.2028E-07
0.8,0.060000000000000005,0.0112408,9.3449399999999987E-08,-0.0112356,3.2019999999999997E-07,-3.2026E-07
0.805,0.060000000000000005,0.011300000000000001,9.7636199999999986E-08,-0.011297,3.2026E-07,-3.2022E-07
0.81,0.060000000000000005,0.0113546,1.0204939999999999E-07,-0.011352600000000001,3.2022E-07,-3.2024E-07
0.81500000000000006,0.060000000000000005,0.0114096,1.0673319999999999E-07,-0.0114058,3.2012E-07,-3.2018E-07
0.82000000000000006,0.060000000000000005,0.011461,1.1158039999999999E-07,-0.011461,3.2018E-07,-3.2033999999999997E-07
0.82500000000000007,0.060000000000000005,0.011544,1.168E-07,-0.011524000000000001,3.2022E-07,-3.2032E-07
0.83000000000000007,0.060000000000000005,0.011604000000000002,1.2208E-07,-0.011572,3.2022E-07,-3.2019999999999997E-07
0.83500000000000008,0.060000000000000005,0.011654000000000001,1.278E-07,-0.011628000000000001,3.2024E-07,-3.2019999999999997E-07
0.84000000000000008,0.060000000000000005,0.011702,1.3369999999999999E-07,-0.011672000000000002,3.2019999999999997E-07,-3.2024E-07
0.84500000000000008,0.060000000000000005,0.011752,1.4E-07,-0.011728,3.2024E-07,-3.2022E-07
0.85000000000000009,0.060000000000000005,0.011794,1.4654E-07,-0.011770000000000001,3.2012E-07,-3.2014E-07
0.85500000000000009,0.060000000000000005,0.011844,1.5346E-07,-0.011816000000000002,3.2012E-07,-3.2019999999999997E-07
0.86,0.060000000000000005,0.011884,1.6062E-07,-0.011858,3.201E-07,-3.2019999999999997E-07
0.865,0.060000000000000005,0.011932000000000002,1.683E-07,-0.011904000000000001,3.2014E-07,-3.2018E-07
0.87,0.060000000000000005,0.011964,1.7632E-07,-0.011944000000000002,3.2014E-07,-3.2019999999999997E-07
0.875,0.060000000000000005,0.012018000000000001,1.8476E-07,-0.01199,3.201E-07,-3.2016E-07
0.88,0.060000000000000005,0.012056,1.9352E-07,-0.012028,3.2016E-07,-3.2022E-07
0.885,0.060000000000000005,0.012102000000000002,2.0295999999999999E-07,-0.012074000000000001,3.2012E-07,-3.2016E-07
0.89,0.060000000000000005,0.012138000000000001,2.1245999999999999E-07,-0.012112000000000001,3.2012E-07,-3.2016E-07
0.895,0.060000000000000005,0.012174,2.2284E-07,-0.012150000000000001,3.2012E-07,-3.2018E-07
0.9,0.060000000000000005,0.01221,2.3374E-07,-0.012186,3.2005999999999997E-07,-3.2019999999999997E-07
-0.3,0.07,1.6924E-09,-4.2894E-09,9.003500000000001E-10,3.2012E-07,-3.1844E-07
-0.29500000000000004,0.07,1.6417E-09,-4.0226E-09,8.6801000000000009E-10,3.2016E-07,-3.186E-07
-0.29000000000000004,0.07,1.5866E-09,-3.7765E-09,8.322500000000001E-10,3.2016E-07,-3.1874E-07
-0.28500000000000003,0.07,1.5486E-09,-3.5471E-09,7.9859E-10,3.2012E-07,-3.1893999999999997E-07
-0.28,0.07,1.5015E-09,-3.3315E-09,7.6619E-10,3.2012E-07,-3.1902E-07
-0.275,0.07,1.4429E-09,-3.1424E-09,7.3636E-10,3.201E-07,-3.1914E-07
-0.27,0.07,1.4025E-09,-2.9506E-09,7.0237E-10,3.2022E-07,-3.1928E-07
-0.265,0.07,1.3707E-09,-2.7838E-09,6.7423000000000006E-10,3.2012E-07,-3.194E-07
-0.26,0.07,1.3222E-09,-2.6258E-09,6.4453E-10,3.2016E-07,-3.194E-07
-0.255,0.07,1.2684E-09,-2.4767E-09,6.1666E-10,3.2016E-07,-3.1954E-07
-0.25,0.07,1.2348E-09,-2.3381E-09,5.8837E-10,3.2012E-07,-3.196E-07
-0.24500000000000002,0.07,1.2011E-09,-2.2101E-09,5.6227000000000007E-10,3.2016E-07,-3.197E-07
-0.24000000000000002,0.07,1.1508E-09,-2.0897E-09,5.3855000000000007E-10,3.2016E-07,-3.1962E-07
-0.23500000000000001,0.07,1.1126E-09,-1.973E-09,5.1292E-10,3.2012E-07,-3.198E-07
-0.23,0.07,1.0877E-09,-1.8698E-09,4.8904E-10,3.201E-07,-3.1977999999999997E-07
-0.225,0.07,1.0469E-09,-1.7648E-09,4.6623000000000005E-10,3.2005999999999997E-07,-3.1977999999999997E-07
-0.22,0.07,1.0013E-09,-1.6691E-09,4.4416000000000005E-10,3.2E-07,-3.1976E-07
-0.215,0.07,9.7009000000000011E-10,-1.5777E-09,4.1892000000000004E-10,3.2002E-07,-3.1986E-07
-0.21000000000000002,0.07,9.4814E-10,-1.4981E-09,3.9779000000000003E-10,3.201E-07,-3.1988E-07
-0.20500000000000002,0.07,9.0142000000000008E-10,-1.4151E-09,3.7835000000000004E-10,3.2005999999999997E-07,-3.1991999999999997E-07
-0.2,0.07,8.6662000000000005E-10,-1.3426E-09,3.5614E-10,3.2008E-07,-3.199E-07
-0.195,0.07,8.4862000000000012E-10,-1.2677E-09,3.3545E-10,3.2004E-07,-3.1991999999999997E-07
-0.19,0.07,8.2385000000000011E-10,-1.2015E-09,3.169E-10,3.2005999999999997E-07,-3.1996E-07
-0.185,0.07,7.809400000000001E-10,-1.1349E-09,2.9830000000000005E-10,3.201E-07,-3.1991999999999997E-07
-0.18000000000000002,0.07,7.5607000000000006E-10,-1.0761E-09,2.7806E-10,3.201E-07,-3.2002E-07
-0.17500000000000002,0.07,7.4110000000000006E-10,-1.0163E-09,2.6148E-10,3.2005999999999997E-07,-3.1998E-07
-0.17,0.07,7.0571E-10,-9.643E-10,2.4459000000000003E-10,3.2005999999999997E-07,-3.2008E-07
-0.165,0.07,6.7736E-10,-9.0688000000000008E-10,2.2615000000000002E-10,3.2005999999999997E-07,-3.2004E-07
-0.16,0.07,6.6582000000000009E-10,-8.614300000000001E-10,2.0965000000000002E-10,3.2005999999999997E-07,-3.2002E-07
-0.155,0.07,6.3604E-10,-8.1230000000000008E-10,1.942E-10,3.2012E-07,-3.2E-07
-0.15,0.07,6.0887000000000009E-10,-7.6633000000000008E-10,1.7655000000000003E-10,3.2005999999999997E-07,-3.2004E-07
-0.14500000000000002,0.07,6.0174E-10,-7.2383000000000007E-10,1.5743000000000002E-10,3.201E-07,-3.201E-07
-0.14,0.07,5.8512E-10,-6.8171E-10,1.4340000000000002E-10,3.2005999999999997E-07,-3.2008E-07
-0.135,0.07,5.5811E-10,-6.4266E-10,1.2313000000000002E-10,3.2016E-07,-3.2004E-07
-0.13,0.07,5.4616E-10,-6.0772E-10,1.0369E-10,3.2008E-07,-3.2012E-07
-0.125,0.07,5.4749E-10,-5.7143000000000006E-10,8.404E-11,3.2004E-07,-3.201E-07
-0.12000000000000001,0.07,5.2656000000000009E-10,-5.3497000000000007E-10,6.681E-11,3.201E-07,-3.201E-07
-0.115,0.07,5.1421E-10,-5.0286000000000006E-10,4.3930000000000004E-11,3.2004E-07,-3.201E-07
-0.11,0.07,5.2128000000000009E-10,-4.7238000000000008E-10,2.019E-11,3.2004E-07,-3.2005999999999997E-07
-0.10500000000000001,0.07,5.1724000000000007E-10,-4.3926000000000004E-10,-2.72E-12,3.201E-07,-3.2008E-07
-0.1,0.07,5.0477E-10,-4.1622000000000004E-10,-3.091E-11,3.2008E-07,-3.2014E-07
-0.095,0.07,5.1839E-10,-3.8691E-10,-6.1580000000000009E-11,3.201E-07,-3.201E-07
-0.090000000000000011,0.07,5.3907000000000008E-10,-3.6270000000000005E-10,-9.5570000000000012E-11,3.201E-07,-3.201E-07
-0.085,0.07,5.4041E-10,-3.3515000000000003E-10,-1.3163000000000002E-10,3.201E-07,-3.2008E-07
-0.08,0.07,5.6383E-10,-3.1678E-10,-1.7717000000000002E-10,3.2012E-07,-3.201E-07
-0.075,0.07,6.0312000000000008E-10,-2.9102000000000005E-10,-2.2778000000000001E-10,3.2005999999999997E-07,-3.2016E-07
-0.07,0.07,6.3459000000000008E-10,-2.6815E-10,-2.8252E-10,3.2005999999999997E-07,-3.2008E-07
-0.065,0.07,6.6913E-10,-2.5166000000000004E-10,-3.4893E-10,3.2005999999999997E-07,-3.2016E-07
-0.060000000000000005,0.07,7.3812E-10,-2.3368E-10,-4.2563E-10,3.2004E-07,-3.2019999999999997E-07
-0.055,0.07,8.1507000000000006E-10,-2.1572E-10,-5.1157E-10,3.2026E-07,-3.2026E-07
-0.05,0.07,8.8906E-10,-1.9993000000000003E-10,-6.1671E-10,3.2008E-07,-3.2019999999999997E-07
-0.045000000000000005,0.07,9.9708E-10,-1.8009000000000002E-10,-7.3816000000000006E-10,3.2016E-07,-3.2022E-07
-0.04,0.07,1.1358200000000001E-09,-1.6561E-10,-8.7971000000000006E-10,3.201E-07,-3.2024E-07
-0.035,0.07,1.2841E-09,-1.5077E-10,-1.0426800000000002E-09,3.2022E-07,-3.2026E-07
-0.030000000000000002,0.07,1.4621E-09,-1.3919E-10,-1.2413E-09,3.2012E-07,-3.2022E-07
-0.025,0.07,1.6818E-09,-1.2258E-10,-1.4702E-09,3.2014E-07,-3.2022E-07
-0.02,0.07,1.9305E-09,-1.1189000000000001E-10,-1.7426E-09,3.2012E-07,-3.2026E-07
-0.015000000000000001,0.07,2.2411E-09,-1.0169000000000001E-10,-2.0588E-09,3.2014E-07,-3.2022E-07
-0.01,0.07,2.6236E-09,-8.8160000000000009E-11,-2.44E-09,3.2016E-07,-3.2018E-07
-0.005,0.07,3.0457E-09,-7.7380000000000008E-11,-2.8759E-09,3.2014E-07,-3.2022E-07
0,0.07,3.558E-09,-6.499E-11,-3.4092E-09,3.2012E-07,-3.2028E-07
0.005,0.07,4.1706E-09,-6.1690000000000009E-11,-4.0281E-09,3.201E-07,-3.2016E-07
0.01,0.07,4.9041E-09,-4.705E-11,-4.7611E-09,3.2018E-07,-3.2014E-07
0.015000000000000001,0.07,5.7391E-09,-3.9200000000000004E-11,-5.6146E-09,3.2018E-07,-3.2026E-07
0.02,0.07,6.7616E-09,-2.8980000000000003E-11,-6.6469E-09,3.2016E-07,-3.2026E-07
0.025,0.07,7.9654E-09,-2.7210000000000002E-11,-7.8429E-09,3.2022E-07,-3.2019999999999997E-07
0.030000000000000002,0.07,9.3899E-09,-1.608E-11,-9.2856E-09,3.2012E-07,-3.2012E-07
0.035,0.07,1.10607E-08,-8.5000000000000013E-12,-1.09595E-08,3.2016E-07,-3.2026E-07
0.04,0.07,1.3126399999999998E-08,-3.1400000000000004E-12,-1.3012E-08,3.2012E-07,-3.2026E-07
0.045000000000000005,0.07,1.5465199999999997E-08,3.8400000000000006E-12,-1.5356599999999998E-08,3.2018E-07,-3.2026E-07
0.05,0.07,1.8271599999999998E-08,1.2340000000000001E-11,-1.8180599999999997E-08,3.2019999999999997E-07,-3.2028E-07
0.055,0.07,2.1565599999999998E-08,1.6890000000000003E-11,-2.1469599999999998E-08,3.2019999999999997E-07,-3.2032E-07
0.060000000000000005,0.07,2.54304E-08,2.777E-11,-2.53574E-08,3.2018E-07,-3.2024E-07
0.065,0.07,3.00596E-08,2.899E-11,-3.0016599999999995E-08,3.2022E-07,-3.2019999999999997E-07
0.07,0.07,3.5506399999999996E-08,3.8950000000000005E-11,-3.5423399999999994E-08,3.2014E-07,-3.2019999999999997E-07
0.075,0.07,4.2025999999999995E-08,3.912E-11,-4.1938399999999997E-08,3.2018E-07,-3.2024E-07
0.08,0.07,4.9612599999999994E-08,5.24E-11,-4.9568E-08,3.201E-07,-3.2019999999999997E-07
0.085,0.07,5.8801799999999995E-08,5.2240000000000005E-11,-5.87114E-08,3.2016E-07,-3.2019999999999997E-07
0.090000000000000011,0.07,6.94026E-08,5.7710000000000007E-11,-6.9314599999999987E-08,3.2012E-07,-3.2019999999999997E-07
0.095,0.07,8.2260799999999987E-08,6.2740000000000008E-11,-8.2200199999999992E-08,3.2014E-07,-3.2019999999999997E-07
0.1,0.07,9.7124399999999985E-08,7.2500000000000008E-11,-9.7095999999999985E-08,3.2012E-07,-3.2014E-07
0.10500000000000001,0.07,1.1506E-07,7.852E-11,-1.149992E-07,3.2026E-07,-3.203E-07
0.11,0.07,1.359E-07,8.268E-11,-1.3576E-07,3.2012E-07,-3.2022E-07
0.115,0.07,1.611E-07,9.159E-11,-1.6104E-07,3.2016E-07,-3.2028E-07
0.12000000000000001,0.07,1.9039999999999998E-07,9.529E-11,-1.9036E-07,3.2024E-07,-3.2024E-07
0.125,0.07,2.2554E-07,1.0461000000000001E-10,-2.2529999999999999E-07,3.2018E-07,-3.2022E-07
0.13,0.07,2.6648E-07,1.1165000000000001E-10,-2.6646E-07,3.2016E-07,-3.2019999999999997E-07
0.135,0.07,3.157E-07,1.191E-10,-3.1576E-07,3.201E-07,-3.2014E-07
0.14,0.07,3.7316E-07,1.259E-10,-3.7314E-07,3.201E-07,-3.2016E-07
0.14500000000000002,0.07,4.4194E-07,1.346E-10,-4.4206E-07,3.2012E-07,-3.2018E-07
0.15,0.07,5.2212E-07,1.4477E-10,-5.219E-07,3.2016E-07,-3.2019999999999997E-07
0.155,0.07,6.1714E-07,1.5088E-10,-6.1694E-07,3.2016E-07,-3.2016E-07
0.16,0.07,7.3059999999999994E-07,1.6444E-10,-7.3066E-07,3.201E-07,-3.2019999999999997E-07
0.165,0.07,8.634E-07,1.6733E-10,-8.6312E-07,3.201E-07,-3.2019999999999997E-07
0.17,0.07,1.0231E-06,1.828E-10,-1.02354E-06,3.2016E-07,-3.2026E-07
0.17500000000000002,0.07,1.2126E-06,1.9134E-10,-1.2074E-06,3.2012E-07,-3.2018E-07
0.18000000000000002,0.07,1.4332E-06,2.0525000000000002E-10,-1.4299E-06,3.2012E-07,-3.2018E-07
0.185,0.07,1.6932000000000002E-06,2.1414000000000002E-10,-1.6906000000000002E-06,3.2012E-07,-3.2019999999999997E-07
0.19,0.07,2.0045E-06,2.2980000000000002E-10,-2.002E-06,3.2016E-07,-3.2022E-07
0.195,0.07,2.3674000000000004E-06,2.4152E-10,-2.3648E-06,3.2016E-07,-3.2019999999999997E-07
0.2,0.07,2.8011E-06,2.5633000000000003E-10,-2.7992000000000002E-06,3.2012E-07,-3.2019999999999997E-07
0.20500000000000002,0.07,3.3074000000000003E-06,2.6826E-10,-3.3019000000000005E-06,3.2016E-07,-3.2026E-07
0.21000000000000002,0.07,3.9103000000000005E-06,2.8891000000000004E-10,-3.9067E-06,3.201E-07,-3.2019999999999997E-07
0.215,0.07,4.6128E-06,3.0038E-10,-4.6082E-06,3.201E-07,-3.2024E-07
0.22,0.07,5.4558E-06,3.1965000000000003E-10,-5.4509000000000006E-06,3.2016E-07,-3.2018E-07
0.225,0.07,6.4291000000000008E-06,3.3960000000000005E-10,-6.4233000000000008E-06,3.2016E-07,-3.2022E-07
0.23,0.07,7.5926000000000008E-06,3.6181E-10,-7.5946000000000009E-06,3.2019999999999997E-07,-3.2022E-07
0.23500000000000001,0.07,8.9459E-06,3.8183E-10,-8.9514E-06,3.2012E-07,-3.2016E-07
0.24000000000000002,0.07,1.0563700000000002E-05,4.0633000000000003E-10,-1.0551700000000001E-05,3.2014E-07,-3.2016E-07
0.24500000000000002,0.07,1.2442E-05,4.2958000000000003E-10,-1.2428E-05,3.2012E-07,-3.2012E-07
0.25,0.07,1.461E-05,4.5720000000000003E-10,-1.46E-05,3.2019999999999997E-07,-3.2028E-07
0.255,0.07,1.723E-05,4.8397E-10,-1.7214E-05,3.2016E-07,-3.2014E-07
0.26,0.07,2.021E-05,5.1576000000000009E-10,-2.0206E-05,3.201E-07,-3.203E-07
0.265,0.07,2.3792000000000002E-05,5.4691E-10,-2.3772000000000002E-05,3.2012E-07,-3.2024E-07
0.27,0.07,2.7868E-05,5.7945E-10,-2.7852E-05,3.2012E-07,-3.2022E-07
0.275,0.07,3.2704000000000004E-05,6.1856000000000008E-10,-3.2714E-05,3.2012E-07,-3.2014E-07
0.28,0.07,3.8256E-05,6.5781E-10,-3.8244E-05,3.2016E-07,-3.2016E-07
0.28500000000000003,0.07,4.4818000000000004E-05,6.999200000000001E-10,-4.4832E-05,3.2014E-07,-3.2018E-07
0.29000000000000004,0.07,5.231E-05,7.4388E-10,-5.2314E-05,3.2016E-07,-3.2022E-07
0.29500000000000004,0.07,6.1136E-05,7.919E-10,-6.1098E-05,3.2016E-07,-3.2014E-07
0.3,0.07,7.1128E-05,8.3687E-10,-7.1166E-05,3.2012E-07,-3.2018E-07
0.305,0.07,8.2888E-05,8.9079000000000008E-10,-8.2922E-05,3.2018E-07,-3.2024E-07
0.31,0.07,9.6256000000000008E-05,9.4579E-10,-9.6316E-05,3.2022E-07,-3.2022E-07
0.315,0.07,0.00011172600000000001,1.0060600000000001E-09,-0.00011177600000000001,3.2018E-07,-3.2024E-07
0.32,0.07,0.00012964,1.0633E-09,-0.00012936,3.2014E-07,-3.2026E-07
0.325,0.07,0.00014996,1.1314E-09,-0.00014964,3.2012E-07,-3.2018E-07
0.33,0.07,0.00017278,1.1944E-09,-0.00017242,3.2019999999999997E-07,-3.2022E-07
0.335,0.07,0.00019882000000000002,1.2514E-09,-0.00019874,3.2016E-07,-3.2019999999999997E-07
0.34,0.07,0.00022830000000000002,1.3252E-09,-0.00022798000000000002,3.2012E-07,-3.2016E-07
0.34500000000000003,0.07,0.00026176000000000004,1.4032E-09,-0.00026156000000000004,3.2014E-07,-3.2016E-07
0.35000000000000003,0.07,0.00029884000000000003,1.4827E-09,-0.00029866,3.2018E-07,-3.2016E-07
0.35500000000000004,0.07,0.00034142000000000005,1.5728E-09,-0.00034114000000000003,3.2012E-07,-3.2018E-07
0.36000000000000004,0.07,0.00038788,1.6516E-09,-0.00038740000000000004,3.201E-07,-3.2018E-07
0.365,0.07,0.00044036000000000005,1.7585E-09,-0.0004403,3.201E-07,-3.2014E-07
0.37,0.07,0.00049816,1.852E-09,-0.00049760000000000006,3.2004E-07,-3.201E-07
0.375,0.07,0.00056210000000000006,1.9558E-09,-0.00056176,3.2004E-07,-3.2008E-07
0.38,0.07,0.00063172,2.0671E-09,-0.00063160000000000006,3.2004E-07,-3.201E-07
0.385,0.07,0.00070944000000000009,2.178E-09,-0.0007091,3.2E-07,-3.2004E-07
0.39,0.07,0.00079244,2.2957E-09,-0.00079194000000000009,3.2008E-07,-3.2012E-07
0.395,0.07,0.00088354,2.4213E-09,-0.00088374,3.2002E-07,-3.2005999999999997E-07
0.4,0.07,0.00098150000000000017,2.5463E-09,-0.00098164,3.2004E-07,-3.2016E-07
0.405,0.07,0.00108802,2.6874E-09,-0.00108836,3.2008E-07,-3.2012E-07
0.41000000000000003,0.07,0.0012008000000000001,2.8267999999999998E-09,-0.0011998,3.2012E-07,-3.2019999999999997E-07
0.41500000000000004,0.07,0.0013238,2.9766E-09,-0.001322,3.2E-07,-3.201E-07
0.42000000000000004,0.07,0.0014500000000000001,3.1287E-09,-0.0014508000000000001,3.2005999999999997E-07,-3.2012E-07
0.42500000000000004,0.07,0.0015882000000000001,3.2951E-09,-0.0015878,3.1998E-07,-3.201E-07
0.43,0.07,0.0017304,3.4586E-09,-0.0017298,3.2005999999999997E-07,-3.2012E-07
0.435,0.07,0.0018832,3.641E-09,-0.0018822,3.2004E-07,-3.2008E-07
0.44,0.07,0.0020402,3.8476E-09,-0.0020394000000000002,3.1994E-07,-3.2002E-07
0.445,0.07,0.0022058,4.0446E-09,-0.0022052,3.2008E-07,-3.2016E-07
0.45,0.07,0.002375,4.2453E-09,-0.002375,3.2005999999999997E-07,-3.2014E-07
0.455,0.07,0.0025542,4.4531E-09,-0.0025554,3.2008E-07,-3.2014E-07
0.46,0.07,0.0027362000000000003,4.676E-09,-0.002736,3.201E-07,-3.2019999999999997E-07
0.465,0.07,0.002925,4.8989E-09,-0.0029242,3.2008E-07,-3.201E-07
0.47000000000000003,0.07,0.0031164,5.1394E-09,-0.0031156,3.2005999999999997E-07,-3.2016E-07
0.47500000000000003,0.07,0.0033148,5.3923E-09,-0.0033144,3.2004E-07,-3.2014E-07
0.48000000000000004,0.07,0.0035142,5.6487E-09,-0.003513,3.2004E-07,-3.2012E-07
0.48500000000000004,0.07,0.0037206,5.9248E-09,-0.0037202,3.2004E-07,-3.201E-07
0.49000000000000005,0.07,0.0039248,6.2039E-09,-0.003924,3.1996E-07,-3.2005999999999997E-07
0.49500000000000005,0.07,0.0041362000000000005,6.4967E-09,-0.0041344,3.201E-07,-3.2016E-07
0.5,0.07,0.0043454,6.7988E-09,-0.0043436,3.2008E-07,-3.2012E-07
0.505,0.07,0.0045576,7.1224E-09,-0.0045568,3.2002E-07,-3.201E-07
0.51,0.07,0.0047698,7.4536E-09,-0.0047694,3.2005999999999997E-07,-3.201E-07
0.515,0.07,0.0049844,7.8051E-09,-0.0049838,3.201E-07,-3.2018E-07
0.52,0.07,0.0051952000000000005,8.1608E-09,-0.005195,3.201E-07,-3.2016E-07
0.525,0.07,0.0054116,8.5381E-09,-0.0054106,3.2014E-07,-3.2018E-07
0.53,0.07,0.0056192,8.9276E-09,-0.0056216,3.2012E-07,-3.201E-07
0.535,0.07,0.005835,9.3301E-09,-0.0058326,3.2005999999999997E-07,-3.2014E-07
0.54,0.07,0.0060422,9.7494E-09,-0.0060404000000000005,3.2024E-07,-3.2019999999999997E-07
0.545,0.07,0.0062532,1.01976E-08,-0.0062502,3.2012E-07,-3.2026E-07
0.55,0.07,0.006457,1.06459E-08,-0.0064544,3.2018E-07,-3.203E-07
0.555,0.07,0.0066628,1.11271E-08,-0.0066618,3.2022E-07,-3.2024E-07
0.56,0.07,0.0068642,1.1649999999999998E-08,-0.0068618,3.2024E-07,-3.2033999999999997E-07
0.56500000000000006,0.07,0.0070646,1.21768E-08,-0.0070628,3.2022E-07,-3.2032E-07
0.57000000000000006,0.07,0.0072586000000000005,1.2705599999999998E-08,-0.0072596,3.2024E-07,-3.2028E-07
0.57500000000000007,0.07,0.0074522,1.3261799999999999E-08,-0.0074544,3.2018E-07,-3.2019999999999997E-07
0.58000000000000007,0.07,0.0076430000000000005,1.3842199999999998E-08,-0.0076414000000000004,3.2024E-07,-3.2019999999999997E-07
0.58500000000000008,0.07,0.0078338,1.4452999999999999E-08,-0.0078316,3.2018E-07,-3.2026E-07
0.59000000000000008,0.07,0.0080152,1.5068199999999997E-08,-0.0080144,3.2022E-07,-3.2022E-07
0.595,0.07,0.008198,1.57426E-08,-0.0081978,3.2018E-07,-3.2026E-07
0.6,0.07,0.0083728,1.6402999999999998E-08,-0.0083718,3.2022E-07,-3.2026E-07
0.605,0.07,0.0085478,1.71064E-08,-0.0085492,3.2019999999999997E-07,-3.2019999999999997E-07
0.61,0.07,0.008722,1.7842E-08,-0.0087188,3.2022E-07,-3.2019999999999997E-07
0.615,0.07,0.0088882,1.8624599999999998E-08,-0.0088862,3.2028E-07,-3.2022E-07
0.62,0.07,0.0090526000000000009,1.9418999999999997E-08,-0.009053,3.2019999999999997E-07,-3.2022E-07
0.625,0.07,0.009213,2.02484E-08,-0.009213,3.2019999999999997E-07,-3.2022E-07
0.63,0.07,0.0093692,2.1093999999999997E-08,-0.009369,3.2022E-07,-3.2032E-07
0.635,0.07,0.0095242,2.2030399999999998E-08,-0.0095258000000000009,3.2022E-07,-3.2032E-07
0.64,0.07,0.0096756,2.29296E-08,-0.0096752,3.2024E-07,-3.2026E-07
0.645,0.07,0.0098254,2.3930999999999998E-08,-0.0098248,3.2026E-07,-3.203E-07
0.65,0.07,0.0099688,2.4917799999999998E-08,-0.0099688,3.2028E-07,-3.2026E-07
0.655,0.07,0.0101088,2.60046E-08,-0.0101116,3.2026E-07,-3.203E-07
0.66,0.07,0.010249,2.7098199999999996E-08,-0.0102478,3.2028E-07,-3.2032E-07
0.665,0.07,0.0103832,2.82308E-08,-0.0103788,3.2022E-07,-3.2032E-07
0.67,0.07,0.0105162,2.9412799999999996E-08,-0.010513,3.2022E-07,-3.2028E-07
0.675,0.07,0.0106442,3.06834E-08,-0.0106424,3.2018E-07,-3.2028E-07
0.68,0.07,0.0107656,3.1972799999999994E-08,-0.0107704,3.2026E-07,-3.203E-07
0.685,0.07,0.0108918,3.33394E-08,-0.0108906,3.2026E-07,-3.2032E-07
0.69000000000000006,0.07,0.0110104,3.47416E-08,-0.0110104,3.2022E-07,-3.2036E-07
0.69500000000000006,0.07,0.0111276,3.62186E-08,-0.0111234,3.2026E-07,-3.2028E-07
0.70000000000000007,0.07,0.0112426,3.7785799999999994E-08,-0.0112418,3.2028E-07,-3.2032E-07
0.70500000000000007,0.07,0.011352000000000001,3.9372599999999996E-08,-0.0113536,3.2024E-07,-3.2032E-07
0.71000000000000008,0.07,0.0114614,4.10776E-08,-0.0114604,3.2026E-07,-3.203E-07
0.71500000000000008,0.07,0.011604000000000002,4.2811E-08,-0.011574000000000001,3.2026E-07,-3.2036E-07
0.72000000000000008,0.07,0.011704,4.46216E-08,-0.011682000000000001,3.2024E-07,-3.203E-07
0.72500000000000009,0.07,0.011806,4.6546799999999996E-08,-0.011782,3.2022E-07,-3.2026E-07
0.73,0.07,0.011908,4.8552399999999992E-08,-0.011880000000000002,3.2026E-07,-3.2032E-07
0.735,0.07,0.012004,5.0637799999999996E-08,-0.011978,3.2028E-07,-3.2028E-07
0.74,0.07,0.012100000000000001,5.2846599999999995E-08,-0.012072000000000001,3.2024E-07,-3.2032E-07
0.745,0.07,0.012186,5.51186E-08,-0.012166000000000002,3.203E-07,-3.2038E-07
0.75,0.07,0.012280000000000001,5.75176E-08,-0.012256000000000001,3.2026E-07,-3.2028E-07
0.755,0.07,0.012364000000000002,6.00088E-08,-0.012344,3.203E-07,-3.2033999999999997E-07
0.76,0.07,0.012452000000000001,6.26476E-08,-0.012432,3.203E-07,-3.2033999999999997E-07
0.765,0.07,0.01254,6.5380199999999991E-08,-0.012516000000000001,3.203E-07,-3.2033999999999997E-07
0.77,0.07,0.012626000000000002,6.8273999999999993E-08,-0.012598000000000002,3.203E-07,-3.2033999999999997E-07
0.775,0.07,0.012704000000000002,7.1208399999999993E-08,-0.012672000000000001,3.2028E-07,-3.2028E-07
0.78,0.07,0.012780000000000001,7.44226E-08,-0.012750000000000001,3.2018E-07,-3.2028E-07
0.785,0.07,0.012858000000000001,7.7699999999999988E-08,-0.012832000000000001,3.203E-07,-3.203E-07
0.79,0.07,0.01293,8.1188799999999989E-08,-0.012904,3.203E-07,-3.2038E-07
0.795,0.07,0.013002000000000001,8.4772999999999988E-08,-0.012980000000000002,3.2032E-07,-3.2033999999999997E-07
0.8,0.07,0.013072,8.86112E-08,-0.013052000000000001,3.2028E-07,-3.204E-07
0.805,0.07,0.013144000000000001,9.257199999999999E-08,-0.013116000000000001,3.203E-07,-3.2033999999999997E-07
0.81,0.07,0.013212000000000002,9.6703199999999987E-08,-0.013186000000000002,3.2024E-07,-3.2036E-07
0.81500000000000006,0.07,0.013280000000000002,1.0108639999999999E-07,-0.013256,3.2036E-07,-3.2032E-07
0.82000000000000006,0.07,0.013342000000000001,1.0569679999999999E-07,-0.013322,3.2028E-07,-3.2036E-07
0.82500000000000007,0.07,0.013412,1.1059899999999998E-07,-0.013384000000000002,3.2024E-07,-3.2032E-07
0.83000000000000007,0.07,0.013470000000000001,1.1556E-07,-0.013444000000000001,3.2036E-07,-3.2032E-07
0.83500000000000008,0.07,0.013526000000000002,1.209E-07,-0.013506,3.2032E-07,-3.2032E-07
0.84000000000000008,0.07,0.013590000000000001,1.2643999999999999E-07,-0.013568000000000002,3.2024E-07,-3.2024E-07
0.84500000000000008,0.07,0.013648,1.3252E-07,-0.013622,3.2028E-07,-3.2028E-07
0.85000000000000009,0.07,0.013702,1.3856E-07,-0.013676,3.2033999999999997E-07,-3.2033999999999997E-07
0.85500000000000009,0.07,0.013762000000000002,1.451E-07,-0.013738000000000002,3.2033999999999997E-07,-3.203E-07
0.86,0.07,0.013814000000000002,1.5185999999999999E-07,-0.013788000000000002,3.2028E-07,-3.2036E-07
0.865,0.07,0.013868000000000002,1.591E-07,-0.013840000000000002,3.203E-07,-3.2033999999999997E-07
0.87,0.07,0.013922,1.666E-07,-0.013892000000000002,3.2028E-07,-3.2028E-07
0.875,0.07,0.013970000000000002,1.7446E-07,-0.013948000000000002,3.203E-07,-3.2036E-07
0.88,0.07,0.014024000000000002,1.8276E-07,-0.013992000000000001,3.2033999999999997E-07,-3.2033999999999997E-07
0.885,0.07,0.014076000000000002,1.916E-07,-0.014042,3.2038E-07,-3.2038E-07
0.89,0.07,0.014114000000000002,2.0064E-07,-0.014090000000000002,3.2026E-07,-3.2038E-07
0.895,0.07,0.01416,2.1026E-07,-0.014136000000000001,3.2024E-07,-3.2032E-07
0.9,0.07,0.014206000000000002,2.204E-07,-0.014180000000000002,3.2038E-07,-3.2038E-07
-0.3,0.08,1.8017E-09,-4.3916E-09,9.0100000000000009E-10,3.2016E-07,-3.1844E-07
-0.29500000000000004,0.08,1.7448E-09,-4.121E-09,8.6747000000000011E-10,3.2018E-07,-3.1865999999999997E-07
-0.29000000000000004,0.08,1.6972E-09,-3.8754E-09,8.317E-10,3.2022E-07,-3.1878E-07
-0.28500000000000003,0.08,1.6589E-09,-3.6408E-09,7.9753E-10,3.2018E-07,-3.1902E-07
-0.28,0.08,1.6051E-09,-3.4302E-09,7.6611000000000006E-10,3.2016E-07,-3.1907999999999997E-07
-0.275,0.08,1.5479E-09,-3.2305E-09,7.3364000000000006E-10,3.2016E-07,-3.191E-07
-0.27,0.08,1.5118E-09,-3.0469E-09,7.015E-10,3.2018E-07,-3.1932E-07
-0.265,0.08,1.4654E-09,-2.8719E-09,6.74E-10,3.2018E-07,-3.1935999999999997E-07
-0.26,0.08,1.4071E-09,-2.7149E-09,6.4678E-10,3.2014E-07,-3.194E-07
-0.255,0.08,1.3606E-09,-2.5636E-09,6.164400000000001E-10,3.2012E-07,-3.1956E-07
-0.25,0.08,1.3373E-09,-2.4228E-09,5.8879000000000009E-10,3.2016E-07,-3.1956E-07
-0.24500000000000002,0.08,1.2901E-09,-2.29E-09,5.6532000000000007E-10,3.201E-07,-3.1966E-07
-0.24000000000000002,0.08,1.2402E-09,-2.171E-09,5.387E-10,3.2018E-07,-3.198E-07
-0.23500000000000001,0.08,1.2027E-09,-2.0497E-09,5.1204E-10,3.2019999999999997E-07,-3.1976E-07
-0.23,0.08,1.1737E-09,-1.9424E-09,4.8711000000000009E-10,3.2018E-07,-3.1984E-07
-0.225,0.08,1.1236E-09,-1.8381E-09,4.6621E-10,3.2016E-07,-3.1994E-07
-0.22,0.08,1.0788E-09,-1.7446E-09,4.4202000000000004E-10,3.2024E-07,-3.1991999999999997E-07
-0.215,0.08,1.0535E-09,-1.6479E-09,4.1751000000000004E-10,3.2014E-07,-3.199E-07
-0.21000000000000002,0.08,1.0251E-09,-1.5645E-09,3.9672000000000005E-10,3.2016E-07,-3.2E-07
-0.20500000000000002,0.08,9.6876E-10,-1.4812E-09,3.7915000000000003E-10,3.2019999999999997E-07,-3.2008E-07
-0.2,0.08,9.4561E-10,-1.4081E-09,3.5693000000000003E-10,3.2019999999999997E-07,-3.2004E-07
-0.195,0.08,9.230700000000001E-10,-1.3305E-09,3.3691000000000003E-10,3.2019999999999997E-07,-3.2004E-07
-0.19,0.08,8.8536E-10,-1.2629E-09,3.1901E-10,3.2016E-07,-3.201E-07
-0.185,0.08,8.4737E-10,-1.1958E-09,2.9789000000000004E-10,3.2012E-07,-3.2002E-07
-0.18000000000000002,0.08,8.3052E-10,-1.1343E-09,2.7890000000000004E-10,3.2008E-07,-3.2E-07
-0.17500000000000002,0.08,8.0196000000000009E-10,-1.071E-09,2.62E-10,3.2012E-07,-3.2014E-07
-0.17,0.08,7.6466E-10,-1.0176E-09,2.4248E-10,3.2012E-07,-3.2004E-07
-0.165,0.08,7.4663E-10,-9.6093000000000011E-10,2.2578000000000002E-10,3.2012E-07,-3.2016E-07
-0.16,0.08,7.2522000000000011E-10,-9.1183E-10,2.0937000000000002E-10,3.2014E-07,-3.201E-07
-0.155,0.08,6.891E-10,-8.6204000000000005E-10,1.9278E-10,3.2018E-07,-3.2012E-07
-0.15,0.08,6.7484E-10,-8.1694000000000008E-10,1.7475000000000002E-10,3.2016E-07,-3.2016E-07
-0.14500000000000002,0.08,6.6165000000000009E-10,-7.6901E-10,1.5737000000000002E-10,3.2016E-07,-3.2022E-07
-0.14,0.08,6.3093E-10,-7.2809E-10,1.4239E-10,3.201E-07,-3.2018E-07
-0.135,0.08,6.1144E-10,-6.877700000000001E-10,1.2091E-10,3.2016E-07,-3.2014E-07
-0.13,0.08,6.0740000000000009E-10,-6.4661E-10,1.0283000000000001E-10,3.2012E-07,-3.2014E-07
-0.125,0.08,5.9453E-10,-6.1223000000000007E-10,8.3390000000000009E-11,3.2012E-07,-3.2019999999999997E-07
-0.12000000000000001,0.08,5.7160000000000007E-10,-5.7274E-10,6.491E-11,3.2012E-07,-3.2019999999999997E-07
-0.115,0.08,5.7521E-10,-5.4076E-10,4.265E-11,3.2018E-07,-3.2016E-07
-0.11,0.08,5.7743E-10,-5.0882E-10,1.799E-11,3.2008E-07,-3.201E-07
-0.10500000000000001,0.08,5.63E-10,-4.7856E-10,-5.59E-12,3.201E-07,-3.2016E-07
-0.1,0.08,5.6544000000000007E-10,-4.4557000000000004E-10,-3.642E-11,3.2002E-07,-3.2008E-07
-0.095,0.08,5.813E-10,-4.2126000000000005E-10,-6.636E-11,3.2012E-07,-3.2014E-07
-0.090000000000000011,0.08,5.8009E-10,-3.9375E-10,-1.005E-10,3.2008E-07,-3.2019999999999997E-07
-0.085,0.08,5.8289E-10,-3.7075000000000004E-10,-1.3638E-10,3.2005999999999997E-07,-3.2016E-07
-0.08,0.08,6.159E-10,-3.4763E-10,-1.8201000000000003E-10,3.2018E-07,-3.2022E-07
-0.075,0.08,6.4283E-10,-3.2253E-10,-2.3122000000000003E-10,3.2012E-07,-3.2014E-07
-0.07,0.08,6.7054E-10,-2.9799E-10,-2.9021E-10,3.2014E-07,-3.201E-07
-0.065,0.08,7.217600000000001E-10,-2.7913E-10,-3.5983000000000004E-10,3.2012E-07,-3.2014E-07
-0.060000000000000005,0.08,7.9496E-10,-2.5730000000000003E-10,-4.3642000000000003E-10,3.2012E-07,-3.2016E-07
-0.055,0.08,8.6368000000000006E-10,-2.38E-10,-5.2349E-10,3.2014E-07,-3.2022E-07
-0.05,0.08,9.4506E-10,-2.2158000000000003E-10,-6.3149000000000006E-10,3.2012E-07,-3.2026E-07
-0.045000000000000005,0.08,1.06265E-09,-2.0412000000000002E-10,-7.5483000000000007E-10,3.2016E-07,-3.2016E-07
-0.04,0.08,1.1923E-09,-1.9004000000000002E-10,-8.9997E-10,3.2018E-07,-3.2026E-07
-0.035,0.08,1.3505E-09,-1.7057E-10,-1.06838E-09,3.2016E-07,-3.2026E-07
-0.030000000000000002,0.08,1.5216E-09,-1.5612E-10,-1.2714E-09,3.2018E-07,-3.2024E-07
-0.025,0.08,1.7433E-09,-1.416E-10,-1.5064E-09,3.2016E-07,-3.2026E-07
-0.02,0.08,2.0125E-09,-1.3228E-10,-1.7841E-09,3.2016E-07,-3.2022E-07
-0.015000000000000001,0.08,2.3374E-09,-1.1695000000000002E-10,-2.1072E-09,3.2014E-07,-3.2022E-07
-0.01,0.08,2.7089E-09,-1.0442000000000001E-10,-2.4973E-09,3.2018E-07,-3.2018E-07
-0.005,0.08,3.1353E-09,-9.44E-11,-2.9483E-09,3.2012E-07,-3.2018E-07
0,0.08,3.669E-09,-8.5010000000000012E-11,-3.4882E-09,3.2016E-07,-3.2019999999999997E-07
0.005,0.08,4.3034E-09,-7.1340000000000009E-11,-4.1177E-09,3.2018E-07,-3.2019999999999997E-07
0.01,0.08,5.0437E-09,-6.2820000000000009E-11,-4.8755E-09,3.2016E-07,-3.2014E-07
0.015000000000000001,0.08,5.9107E-09,-5.481E-11,-5.7576E-09,3.201E-07,-3.2012E-07
0.02,0.08,6.9716E-09,-4.3250000000000006E-11,-6.8162E-09,3.201E-07,-3.2019999999999997E-07
0.025,0.08,8.1975E-09,-3.2860000000000003E-11,-8.0461E-09,3.2016E-07,-3.2024E-07
0.030000000000000002,0.08,9.6552E-09,-2.813E-11,-9.5172E-09,3.201E-07,-3.2019999999999997E-07
0.035,0.08,1.13511E-08,-1.7110000000000003E-11,-1.12344E-08,3.2018E-07,-3.2028E-07
0.04,0.08,1.3494199999999999E-08,-1.1850000000000001E-11,-1.3339E-08,3.2024E-07,-3.2026E-07
0.045000000000000005,0.08,1.5875599999999998E-08,-5.3000000000000004E-12,-1.57442E-08,3.2016E-07,-3.2022E-07
0.05,0.08,1.8779599999999998E-08,4.0900000000000005E-12,-1.8636599999999998E-08,3.2012E-07,-3.2028E-07
0.055,0.08,2.21386E-08,6.7700000000000004E-12,-2.20224E-08,3.2019999999999997E-07,-3.2026E-07
0.060000000000000005,0.08,2.6100199999999996E-08,1.6630000000000002E-11,-2.59928E-08,3.2014E-07,-3.2022E-07
0.065,0.08,3.0910599999999996E-08,2.22E-11,-3.0787199999999994E-08,3.2016E-07,-3.203E-07
0.07,0.08,3.645E-08,3.233E-11,-3.6362799999999995E-08,3.2018E-07,-3.2022E-07
0.075,0.08,4.3170999999999997E-08,3.5230000000000004E-11,-4.3055E-08,3.2018E-07,-3.2026E-07
0.08,0.08,5.0984999999999996E-08,4.028E-11,-5.0876799999999995E-08,3.201E-07,-3.2026E-07
0.085,0.08,6.0370999999999992E-08,4.633E-11,-6.0233399999999989E-08,3.2016E-07,-3.2016E-07
0.090000000000000011,0.08,7.12914E-08,5.219E-11,-7.12006E-08,3.2012E-07,-3.2022E-07
0.095,0.08,8.4439399999999988E-08,6.06E-11,-8.4302799999999986E-08,3.2028E-07,-3.203E-07
0.1,0.08,9.9721399999999992E-08,6.131E-11,-9.96512E-08,3.2022E-07,-3.2032E-07
0.10500000000000001,0.08,1.1814E-07,7.198E-11,-1.1812E-07,3.2022E-07,-3.2022E-07
0.11,0.08,1.3972E-07,7.7740000000000008E-11,-1.395E-07,3.2022E-07,-3.2028E-07
0.115,0.08,1.6534E-07,8.528E-11,-1.653E-07,3.2019999999999997E-07,-3.2024E-07
0.12000000000000001,0.08,1.954E-07,9.0800000000000012E-11,-1.9544E-07,3.2016E-07,-3.2032E-07
0.125,0.08,2.3124E-07,9.9570000000000011E-11,-2.3142E-07,3.2016E-07,-3.2026E-07
0.13,0.08,2.733E-07,1.0452E-10,-2.7354E-07,3.2024E-07,-3.2028E-07
0.135,0.08,3.24E-07,1.1269000000000001E-10,-3.2404E-07,3.2024E-07,-3.2022E-07
0.14,0.08,3.8326E-07,1.2140000000000002E-10,-3.8268E-07,3.2022E-07,-3.2028E-07
0.14500000000000002,0.08,4.5364E-07,1.2517000000000002E-10,-4.5366E-07,3.2018E-07,-3.2032E-07
0.15,0.08,5.3692E-07,1.3811E-10,-5.365E-07,3.2014E-07,-3.2022E-07
0.155,0.08,6.3402E-07,1.4238E-10,-6.3392E-07,3.2016E-07,-3.2024E-07
0.16,0.08,7.5094E-07,1.5758000000000001E-10,-7.5098E-07,3.2016E-07,-3.2032E-07
0.165,0.08,8.8726E-07,1.6585E-10,-8.8722E-07,3.2018E-07,-3.2022E-07
0.17,0.08,1.0514799999999999E-06,1.7363000000000003E-10,-1.05132E-06,3.2012E-07,-3.2019999999999997E-07
0.17500000000000002,0.08,1.2439E-06,1.8624000000000002E-10,-1.2412E-06,3.2014E-07,-3.2024E-07
0.18000000000000002,0.08,1.4737000000000002E-06,1.9455000000000002E-10,-1.4700000000000001E-06,3.2012E-07,-3.2018E-07
0.185,0.08,1.7392000000000002E-06,2.0877000000000002E-10,-1.7373E-06,3.2014E-07,-3.2016E-07
0.19,0.08,2.0593000000000003E-06,2.1402000000000003E-10,-2.0563E-06,3.2012E-07,-3.2018E-07
0.195,0.08,2.4324E-06,2.351E-10,-2.4282000000000003E-06,3.2012E-07,-3.2024E-07
0.2,0.08,2.8783000000000005E-06,2.4399E-10,-2.8762E-06,3.2016E-07,-3.2026E-07
0.20500000000000002,0.08,3.3951000000000003E-06,2.5996E-10,-3.3941000000000002E-06,3.2018E-07,-3.2026E-07
0.21000000000000002,0.08,4.0154000000000006E-06,2.7491000000000004E-10,-4.0161E-06,3.2016E-07,-3.2022E-07
0.215,0.08,4.7422E-06,2.9014000000000004E-10,-4.7376E-06,3.2008E-07,-3.2016E-07
0.22,0.08,5.6017000000000009E-06,3.0788000000000003E-10,-5.6023000000000006E-06,3.2016E-07,-3.2024E-07
0.225,0.08,6.6118000000000008E-06,3.2791E-10,-6.6086000000000006E-06,3.2005999999999997E-07,-3.2026E-07
0.23,0.08,7.8102E-06,3.4885000000000004E-10,-7.8048E-06,3.2018E-07,-3.2024E-07
0.23500000000000001,0.08,9.1961000000000016E-06,3.6991E-10,-9.1946000000000017E-06,3.2012E-07,-3.2016E-07
0.24000000000000002,0.08,1.08629E-05,3.9306000000000004E-10,-1.0861500000000001E-05,3.201E-07,-3.2024E-07
0.24500000000000002,0.08,1.2794E-05,4.1584000000000003E-10,-1.2764E-05,3.2004E-07,-3.2014E-07
0.25,0.08,1.5042000000000001E-05,4.4228000000000005E-10,-1.5024E-05,3.2016E-07,-3.2019999999999997E-07
0.255,0.08,1.7714E-05,4.699E-10,-1.7714E-05,3.2016E-07,-3.2022E-07
0.26,0.08,2.0786E-05,4.9603E-10,-2.0806E-05,3.2024E-07,-3.2032E-07
0.265,0.08,2.447E-05,5.3032000000000009E-10,-2.4466000000000003E-05,3.2022E-07,-3.2028E-07
0.27,0.08,2.8682E-05,5.6293E-10,-2.8682E-05,3.2012E-07,-3.2022E-07
0.275,0.08,3.3696000000000004E-05,5.9996000000000007E-10,-3.3676E-05,3.2019999999999997E-07,-3.203E-07
0.28,0.08,3.9422E-05,6.3517000000000009E-10,-3.9416000000000003E-05,3.2016E-07,-3.2032E-07
0.28500000000000003,0.08,4.6204E-05,6.8106E-10,-4.6178000000000004E-05,3.2022E-07,-3.2032E-07
0.29000000000000004,0.08,5.3934E-05,7.2015E-10,-5.392E-05,3.2018E-07,-3.2033999999999997E-07
0.29500000000000004,0.08,6.3052E-05,7.6868000000000008E-10,-6.3012E-05,3.2022E-07,-3.2032E-07
0.3,0.08,7.339E-05,8.1273E-10,-7.3386E-05,3.2016E-07,-3.203E-07
0.305,0.08,8.559E-05,8.6525000000000009E-10,-8.5514000000000008E-05,3.2016E-07,-3.2028E-07
0.31,0.08,9.9354E-05,9.1888E-10,-9.927E-05,3.2022E-07,-3.2028E-07
0.315,0.08,0.00011572000000000001,9.7642E-10,-0.000115352,3.2018E-07,-3.2032E-07
0.32,0.08,0.00013386,1.03276E-09,-0.00013338,3.2022E-07,-3.2028E-07
0.325,0.08,0.00015480000000000002,1.0971300000000001E-09,-0.00015452,3.2019999999999997E-07,-3.2028E-07
0.33,0.08,0.0001786,1.1634E-09,-0.00017828,3.2019999999999997E-07,-3.2026E-07
0.335,0.08,0.00020576,1.2311E-09,-0.00020548000000000002,3.2012E-07,-3.2022E-07
0.34,0.08,0.00023634,1.3024E-09,-0.00023604000000000002,3.2018E-07,-3.2028E-07
0.34500000000000003,0.08,0.00027096,1.3803E-09,-0.00027084,3.2022E-07,-3.2022E-07
0.35000000000000003,0.08,0.00030988,1.4633E-09,-0.00030976,3.2018E-07,-3.2019999999999997E-07
0.35500000000000004,0.08,0.00035390000000000004,1.5433E-09,-0.00035380000000000003,3.2022E-07,-3.2026E-07
0.36000000000000004,0.08,0.00040272,1.6284E-09,-0.00040226000000000004,3.201E-07,-3.2019999999999997E-07
0.365,0.08,0.00045744000000000004,1.7238E-09,-0.00045712000000000004,3.2014E-07,-3.2016E-07
0.37,0.08,0.0005178,1.8153E-09,-0.00051706000000000007,3.2012E-07,-3.2019999999999997E-07
0.375,0.08,0.00058484,1.9201E-09,-0.00058468000000000007,3.2018E-07,-3.2024E-07
0.38,0.08,0.00065804,2.0201E-09,-0.00065788,3.2005999999999997E-07,-3.2014E-07
0.385,0.08,0.00074002000000000009,2.133E-09,-0.00073966000000000006,3.2019999999999997E-07,-3.2033999999999997E-07
0.39,0.08,0.0008275200000000001,2.2503E-09,-0.0008273200000000001,3.2014E-07,-3.2026E-07
0.395,0.08,0.00092482,2.3689E-09,-0.00092422,3.2019999999999997E-07,-3.2018E-07
0.4,0.08,0.00102728,2.4871E-09,-0.00102712,3.2016E-07,-3.2016E-07
0.405,0.08,0.00114102,2.6217E-09,-0.0011409200000000001,3.2012E-07,-3.2022E-07
0.41000000000000003,0.08,0.0012598,2.7547E-09,-0.0012602,3.2019999999999997E-07,-3.2026E-07
0.41500000000000004,0.08,0.0013906,2.9054E-09,-0.0013904,3.2012E-07,-3.2022E-07
0.42000000000000004,0.08,0.0015276,3.0489E-09,-0.0015272,3.2018E-07,-3.2022E-07
0.42500000000000004,0.08,0.0016754,3.2091E-09,-0.0016748,3.2012E-07,-3.2019999999999997E-07
0.43,0.08,0.0018286,3.3717E-09,-0.0018278,3.201E-07,-3.2022E-07
0.435,0.08,0.0019928,3.5403E-09,-0.0019918,3.2016E-07,-3.2022E-07
0.44,0.08,0.0021622,3.7178E-09,-0.0021612,3.2016E-07,-3.2019999999999997E-07
0.445,0.08,0.0023418000000000002,3.9007E-09,-0.0023416,3.2016E-07,-3.2032E-07
0.45,0.08,0.002527,4.0942E-09,-0.0025268,3.2018E-07,-3.2028E-07
0.455,0.08,0.0027232000000000003,4.2954E-09,-0.0027218,3.2026E-07,-3.2024E-07
0.46,0.08,0.002921,4.5013E-09,-0.0029206,3.2016E-07,-3.2022E-07
0.465,0.08,0.0031292,4.7279E-09,-0.0031276,3.2024E-07,-3.2019999999999997E-07
0.47000000000000003,0.08,0.00334,4.9365E-09,-0.0033382,3.2019999999999997E-07,-3.2024E-07
0.47500000000000003,0.08,0.0035578000000000003,5.1904E-09,-0.0035582,3.2022E-07,-3.203E-07
0.48000000000000004,0.08,0.0037802,5.4255E-09,-0.0037794,3.2016E-07,-3.2024E-07
0.48500000000000004,0.08,0.0040082,5.691E-09,-0.004007,3.2018E-07,-3.2024E-07
0.49000000000000005,0.08,0.004236,5.9541E-09,-0.004235,3.2022E-07,-3.2022E-07
0.49500000000000005,0.08,0.004471,6.2399E-09,-0.0044712,3.2016E-07,-3.2019999999999997E-07
0.5,0.08,0.0047058000000000004,6.5376E-09,-0.004706,3.2016E-07,-3.2022E-07
0.505,0.08,0.0049468,6.838E-09,-0.0049472,3.2018E-07,-3.2019999999999997E-07
0.51,0.08,0.0051848,7.1704E-09,-0.0051852,3.2022E-07,-3.2028E-07
0.515,0.08,0.0054278,7.4884E-09,-0.0054284,3.2012E-07,-3.2026E-07
0.52,0.08,0.0056696,7.8299E-09,-0.0056658,3.2024E-07,-3.2028E-07
0.525,0.08,0.0059114,8.1868E-09,-0.0059114,3.2019999999999997E-07,-3.2028E-07
0.53,0.08,0.0061514000000000004,8.5533E-09,-0.0061516,3.2026E-07,-3.203E-07
0.535,0.08,0.0063932,8.9367E-09,-0.0063942,3.2024E-07,-3.2026E-07
0.54,0.08,0.0066334,9.3544E-09,-0.0066314,3.2022E-07,-3.2033999999999997E-07
0.545,0.08,0.0068722,9.7654E-09,-0.0068706,3.2024E-07,-3.2026E-07
0.55,0.08,0.0071086000000000005,1.0203E-08,-0.0071066,3.2024E-07,-3.203E-07
0.555,0.08,0.0073444,1.06577E-08,-0.0073434,3.2022E-07,-3.203E-07
0.56,0.08,0.0075758000000000006,1.11194E-08,-0.0075746,3.2022E-07,-3.2026E-07
0.56500000000000006,0.08,0.0078060000000000004,1.1644799999999999E-08,-0.0078074,3.2022E-07,-3.203E-07
0.57000000000000006,0.08,0.0080312,1.2164999999999998E-08,-0.0080324,3.2028E-07,-3.2033999999999997E-07
0.57500000000000007,0.08,0.0082568,1.2716E-08,-0.0082556,3.2033999999999997E-07,-3.2036E-07
0.58000000000000007,0.08,0.0084766,1.3257E-08,-0.0084746,3.2026E-07,-3.2033999999999997E-07
0.58500000000000008,0.08,0.0086958,1.3843799999999999E-08,-0.0086958,3.2032E-07,-3.2033999999999997E-07
0.59000000000000008,0.08,0.0089068,1.4428399999999999E-08,-0.008907,3.2022E-07,-3.2026E-07
0.595,0.08,0.0091204,1.50664E-08,-0.0091222,3.2019999999999997E-07,-3.2032E-07
0.6,0.08,0.0093262,1.5668E-08,-0.0093244,3.2026E-07,-3.2033999999999997E-07
0.605,0.08,0.0095294,1.6356599999999997E-08,-0.0095282,3.2028E-07,-3.2033999999999997E-07
0.61,0.08,0.0097296,1.7081999999999997E-08,-0.0097292,3.203E-07,-3.2032E-07
0.615,0.08,0.0099272,1.7819999999999997E-08,-0.0099266,3.203E-07,-3.2038E-07
0.62,0.08,0.0101174,1.85838E-08,-0.010117600000000001,3.2028E-07,-3.2038E-07
0.625,0.08,0.0103066,1.93652E-08,-0.010306000000000001,3.2033999999999997E-07,-3.2044E-07
0.63,0.08,0.0104916,2.0196599999999997E-08,-0.0104928,3.2032E-07,-3.2038E-07
0.635,0.08,0.0106712,2.1046599999999998E-08,-0.0106702,3.2032E-07,-3.2044E-07
0.64,0.08,0.0108454,2.19308E-08,-0.0108466,3.2036E-07,-3.204E-07
0.645,0.08,0.011022200000000001,2.2865799999999997E-08,-0.0110224,3.203E-07,-3.2033999999999997E-07
0.65,0.08,0.0111918,2.3778199999999997E-08,-0.0111876,3.2044E-07,-3.2042E-07
0.655,0.08,0.0113572,2.4814399999999998E-08,-0.0113588,3.2028E-07,-3.2032E-07
0.66,0.08,0.0115006,2.58356E-08,-0.011522000000000001,3.2028E-07,-3.2038E-07
0.665,0.08,0.011710000000000002,2.6946399999999997E-08,-0.011682000000000001,3.203E-07,-3.2038E-07
0.67,0.08,0.011864000000000001,2.8089399999999996E-08,-0.011836000000000001,3.2033999999999997E-07,-3.2042E-07
0.675,0.08,0.012016,2.9257199999999996E-08,-0.01199,3.203E-07,-3.2033999999999997E-07
0.68,0.08,0.012164000000000001,3.0491799999999995E-08,-0.012134,3.2032E-07,-3.2036E-07
0.685,0.08,0.012310000000000002,3.18022E-08,-0.012286000000000002,3.2024E-07,-3.2038E-07
0.69000000000000006,0.08,0.012450000000000001,3.3135199999999996E-08,-0.012418,3.2033999999999997E-07,-3.2036E-07
0.69500000000000006,0.08,0.012584000000000001,3.4509599999999994E-08,-0.012558000000000002,3.2032E-07,-3.2032E-07
0.70000000000000007,0.08,0.012722,3.5981799999999993E-08,-0.012692000000000002,3.203E-07,-3.2036E-07
0.70500000000000007,0.08,0.012852,3.7524799999999996E-08,-0.012830000000000001,3.2024E-07,-3.2044E-07
0.71000000000000008,0.08,0.012984,3.91246E-08,-0.012960000000000001,3.2026E-07,-3.2033999999999997E-07
0.71500000000000008,0.08,0.013104000000000001,4.0780199999999996E-08,-0.013080000000000001,3.2033999999999997E-07,-3.2044E-07
0.72000000000000008,0.08,0.013232,4.2521399999999996E-08,-0.013204,3.203E-07,-3.2038E-07
0.72500000000000009,0.08,0.013346000000000002,4.4301399999999996E-08,-0.013316000000000001,3.2036E-07,-3.2044E-07
0.73,0.08,0.013466,4.62114E-08,-0.013442,3.203E-07,-3.2044E-07
0.735,0.08,0.013578000000000002,4.81774E-08,-0.013554000000000002,3.204E-07,-3.2044E-07
0.74,0.08,0.013696000000000002,5.02532E-08,-0.013668000000000001,3.2038E-07,-3.2046E-07
0.745,0.08,0.013806,5.2439599999999997E-08,-0.013776000000000002,3.2033999999999997E-07,-3.2038E-07
0.75,0.08,0.013904000000000001,5.4719199999999993E-08,-0.013878000000000001,3.204E-07,-3.2033999999999997E-07
0.755,0.08,0.014008000000000001,5.7047599999999994E-08,-0.013984000000000002,3.2033999999999997E-07,-3.204E-07
0.76,0.08,0.014118000000000002,5.9556799999999991E-08,-0.014084000000000001,3.204E-07,-3.2038E-07
0.765,0.08,0.014212,6.21458E-08,-0.014184,3.203E-07,-3.2042E-07
0.77,0.08,0.014308000000000001,6.4870599999999991E-08,-0.014284000000000002,3.2033999999999997E-07,-3.2033999999999997E-07
0.775,0.08,0.014398000000000001,6.769899999999999E-08,-0.014382,3.2038E-07,-3.2038E-07
0.78,0.08,0.0145,7.0691199999999992E-08,-0.014474,3.2032E-07,-3.204E-07
0.785,0.08,0.014584000000000002,7.3846799999999989E-08,-0.014560000000000002,3.203E-07,-3.204E-07
0.79,0.08,0.01467,7.7114599999999991E-08,-0.014650000000000002,3.2032E-07,-3.2042E-07
0.795,0.08,0.014756000000000002,8.05114E-08,-0.014730000000000002,3.2044E-07,-3.2046E-07
0.8,0.08,0.014844000000000001,8.41468E-08,-0.014818000000000001,3.2044E-07,-3.2038E-07
0.805,0.08,0.014928000000000002,8.78642E-08,-0.014898000000000002,3.204E-07,-3.2052E-07
0.81,0.08,0.015004000000000002,9.17774E-08,-0.014978000000000002,3.2047999999999997E-07,-3.2052E-07
0.81500000000000006,0.08,0.015088,9.5938599999999988E-08,-0.015058000000000002,3.204E-07,-3.205E-07
0.82000000000000006,0.08,0.015158000000000001,1.00232E-07,-0.015138000000000002,3.2046E-07,-3.2056E-07
0.82500000000000007,0.08,0.015232,1.04832E-07,-0.015206,3.2042E-07,-3.2044E-07
0.83000000000000007,0.08,0.015304000000000002,1.0956259999999999E-07,-0.015282000000000002,3.2038E-07,-3.2046E-07
0.83500000000000008,0.08,0.015376,1.1462259999999999E-07,-0.015358000000000002,3.204E-07,-3.2054E-07
0.84000000000000008,0.08,0.015448000000000002,1.1986E-07,-0.015420000000000001,3.203E-07,-3.204E-07
0.84500000000000008,0.08,0.015516000000000002,1.2524E-07,-0.015494,3.2036E-07,-3.204E-07
0.85000000000000009,0.08,0.015582000000000002,1.3106E-07,-0.015558,3.2038E-07,-3.2036E-07
0.85500000000000009,0.08,0.015648000000000002,1.3719999999999998E-07,-0.015628000000000003,3.204E-07,-3.204E-07
0.86,0.08,0.015714000000000002,1.4354E-07,-0.015692,3.2036E-07,-3.2038E-07
0.865,0.08,0.015778,1.504E-07,-0.015754,3.2038E-07,-3.2044E-07
0.87,0.08,0.01584,1.574E-07,-0.015816,3.204E-07,-3.2042E-07
0.875,0.08,0.015902000000000003,1.6478E-07,-0.015874000000000003,3.2038E-07,-3.2046E-07
0.88,0.08,0.015954000000000003,1.7256E-07,-0.01593,3.2033999999999997E-07,-3.2042E-07
0.885,0.08,0.016016000000000002,1.8086E-07,-0.01599,3.2038E-07,-3.2046E-07
0.89,0.08,0.016072000000000003,1.895E-07,-0.016044000000000003,3.2036E-07,-3.2047999999999997E-07
0.895,0.08,0.016130000000000002,1.9863999999999998E-07,-0.0161,3.2042E-07,-3.205E-07
0.9,0.08,0.01618,2.0802E-07,-0.016156,3.204E-07,-3.2044E-07
-0.3,0.090000000000000011,1.9304E-09,-4.496E-09,9.0061000000000006E-10,3.2022E-07,-3.185E-07
-0.29500000000000004,0.090000000000000011,1.8769E-09,-4.2281E-09,8.6486E-10,3.2028E-07,-3.1874E-07
-0.29000000000000004,0.090000000000000011,1.8297E-09,-3.9749E-09,8.3198000000000006E-10,3.2019999999999997E-07,-3.189E-07
-0.28500000000000003,0.090000000000000011,1.7722E-09,-3.7464E-09,7.9948E-10,3.2012E-07,-3.1893999999999997E-07
-0.28,0.090000000000000011,1.7092E-09,-3.5276E-09,7.6675000000000007E-10,3.2016E-07,-3.1907999999999997E-07
-0.275,0.090000000000000011,1.6684E-09,-3.3283E-09,7.3487000000000007E-10,3.2016E-07,-3.1916E-07
-0.27,0.090000000000000011,1.6308E-09,-3.1384E-09,7.053800000000001E-10,3.2018E-07,-3.1934E-07
-0.265,0.090000000000000011,1.5728E-09,-2.9634E-09,6.7564000000000006E-10,3.2018E-07,-3.1944E-07
-0.26,0.090000000000000011,1.5274E-09,-2.8016E-09,6.4661E-10,3.2016E-07,-3.1949999999999997E-07
-0.255,0.090000000000000011,1.4942E-09,-2.6506E-09,6.1699000000000006E-10,3.2019999999999997E-07,-3.1962E-07
-0.25,0.090000000000000011,1.436E-09,-2.5067E-09,5.9094E-10,3.2028E-07,-3.1976E-07
-0.24500000000000002,0.090000000000000011,1.3789E-09,-2.3749E-09,5.6241E-10,3.2014E-07,-3.1972E-07
-0.24000000000000002,0.090000000000000011,1.3394E-09,-2.2492E-09,5.3650000000000006E-10,3.2012E-07,-3.1976E-07
-0.23500000000000001,0.090000000000000011,1.3056E-09,-2.1309E-09,5.1112E-10,3.201E-07,-3.1986E-07
-0.23,0.090000000000000011,1.2589E-09,-2.0186E-09,4.8847000000000007E-10,3.2005999999999997E-07,-3.198E-07
-0.225,0.090000000000000011,1.2127E-09,-1.9167E-09,4.6405E-10,3.2022E-07,-3.1991999999999997E-07
-0.22,0.090000000000000011,1.1864E-09,-1.8161E-09,4.3897000000000004E-10,3.2012E-07,-3.1986E-07
-0.215,0.090000000000000011,1.1518E-09,-1.7238E-09,4.1776E-10,3.201E-07,-3.1998E-07
-0.21000000000000002,0.090000000000000011,1.1039E-09,-1.6365E-09,3.9691000000000003E-10,3.2022E-07,-3.1994E-07
-0.20500000000000002,0.090000000000000011,1.0658E-09,-1.5524E-09,3.7587E-10,3.2019999999999997E-07,-3.2002E-07
-0.2,0.090000000000000011,1.0421E-09,-1.4741E-09,3.5526E-10,3.2022E-07,-3.2008E-07
-0.195,0.090000000000000011,1.0057E-09,-1.3967E-09,3.3636E-10,3.2016E-07,-3.2008E-07
-0.19,0.090000000000000011,9.5993E-10,-1.3294E-09,3.1655E-10,3.2019999999999997E-07,-3.201E-07
-0.185,0.090000000000000011,9.3495000000000017E-10,-1.2622E-09,2.9572000000000004E-10,3.2022E-07,-3.2014E-07
-0.18000000000000002,0.090000000000000011,9.1149E-10,-1.1947E-09,2.7904E-10,3.2014E-07,-3.2012E-07
-0.17500000000000002,0.090000000000000011,8.7510000000000011E-10,-1.1321E-09,2.6126000000000004E-10,3.201E-07,-3.201E-07
-0.17,0.090000000000000011,8.422900000000001E-10,-1.074E-09,2.4262000000000004E-10,3.2012E-07,-3.2008E-07
-0.165,0.090000000000000011,8.3423E-10,-1.0173E-09,2.2389000000000002E-10,3.2018E-07,-3.2019999999999997E-07
-0.16,0.090000000000000011,8.0875E-10,-9.6267000000000015E-10,2.0727000000000003E-10,3.2018E-07,-3.2019999999999997E-07
-0.155,0.090000000000000011,7.7422E-10,-9.1563000000000007E-10,1.8838000000000003E-10,3.2026E-07,-3.201E-07
-0.15,0.090000000000000011,7.5975000000000009E-10,-8.658900000000001E-10,1.7128E-10,3.2024E-07,-3.2026E-07
-0.14500000000000002,0.090000000000000011,7.3941E-10,-8.2059000000000006E-10,1.5618000000000002E-10,3.2014E-07,-3.2016E-07
-0.14,0.090000000000000011,7.0580000000000009E-10,-7.7669E-10,1.3814E-10,3.2018E-07,-3.2018E-07
-0.135,0.090000000000000011,6.9086E-10,-7.3534000000000007E-10,1.2003E-10,3.2019999999999997E-07,-3.2022E-07
-0.13,0.090000000000000011,6.8535E-10,-6.917600000000001E-10,9.928E-11,3.2024E-07,-3.2026E-07
-0.125,0.090000000000000011,6.597E-10,-6.5541E-10,8.2970000000000012E-11,3.2028E-07,-3.2028E-07
-0.12000000000000001,0.090000000000000011,6.4662000000000009E-10,-6.2080000000000007E-10,5.934E-11,3.2018E-07,-3.2026E-07
-0.115,0.090000000000000011,6.4288000000000006E-10,-5.8137E-10,3.9570000000000005E-11,3.201E-07,-3.2022E-07
-0.11,0.090000000000000011,6.3237000000000006E-10,-5.4849E-10,1.697E-11,3.2016E-07,-3.2016E-07
-0.10500000000000001,0.090000000000000011,6.2012E-10,-5.1848000000000005E-10,-8.97E-12,3.201E-07,-3.2019999999999997E-07
-0.1,0.090000000000000011,6.3045E-10,-4.8781E-10,-3.823E-11,3.201E-07,-3.2018E-07
-0.095,0.090000000000000011,6.4066E-10,-4.5589E-10,-6.823E-11,3.2016E-07,-3.2018E-07
-0.090000000000000011,0.090000000000000011,6.3404E-10,-4.3080000000000005E-10,-1.0123000000000001E-10,3.2012E-07,-3.2028E-07
-0.085,0.090000000000000011,6.5271E-10,-4.0252E-10,-1.4412000000000002E-10,3.2016E-07,-3.2019999999999997E-07
-0.08,0.090000000000000011,6.777E-10,-3.7592000000000003E-10,-1.8740000000000002E-10,3.2014E-07,-3.2022E-07
-0.075,0.090000000000000011,6.972800000000001E-10,-3.5312E-10,-2.3695E-10,3.2016E-07,-3.2026E-07
-0.07,0.090000000000000011,7.3634000000000006E-10,-3.3032E-10,-2.9902E-10,3.201E-07,-3.2022E-07
-0.065,0.090000000000000011,7.939100000000001E-10,-3.0538000000000004E-10,-3.6528E-10,3.2018E-07,-3.2028E-07
-0.060000000000000005,0.090000000000000011,8.4933000000000011E-10,-2.8644000000000005E-10,-4.4446000000000003E-10,3.2014E-07,-3.2026E-07
-0.055,0.090000000000000011,9.0932E-10,-2.6597E-10,-5.3563E-10,3.2019999999999997E-07,-3.2028E-07
-0.05,0.090000000000000011,1.0107400000000002E-09,-2.4447000000000004E-10,-6.4698000000000008E-10,3.2019999999999997E-07,-3.2033999999999997E-07
-0.045000000000000005,0.090000000000000011,1.1170900000000001E-09,-2.2772000000000002E-10,-7.6835E-10,3.2019999999999997E-07,-3.2032E-07
-0.04,0.090000000000000011,1.2545E-09,-2.1029E-10,-9.1549000000000011E-10,3.2016E-07,-3.2026E-07
-0.035,0.090000000000000011,1.3981E-09,-1.9502000000000002E-10,-1.0875900000000002E-09,3.2019999999999997E-07,-3.2032E-07
-0.030000000000000002,0.090000000000000011,1.5872E-09,-1.7856E-10,-1.2953E-09,3.2019999999999997E-07,-3.2028E-07
-0.025,0.090000000000000011,1.8109E-09,-1.6320000000000002E-10,-1.5342E-09,3.2024E-07,-3.2028E-07
-0.02,0.090000000000000011,2.094E-09,-1.5032E-10,-1.8189E-09,3.2012E-07,-3.2022E-07
-0.015000000000000001,0.090000000000000011,2.4058E-09,-1.3437000000000002E-10,-2.149E-09,3.2016E-07,-3.2028E-07
-0.01,0.090000000000000011,2.7773E-09,-1.2273E-10,-2.545E-09,3.2018E-07,-3.2018E-07
-0.005,0.090000000000000011,3.2304E-09,-1.0733E-10,-3.0055E-09,3.2022E-07,-3.2026E-07
0,0.090000000000000011,3.782E-09,-9.8710000000000014E-11,-3.553E-09,3.2024E-07,-3.2032E-07
0.005,0.090000000000000011,4.4081E-09,-8.6610000000000012E-11,-4.1958E-09,3.2016E-07,-3.203E-07
0.01,0.090000000000000011,5.1615E-09,-7.582E-11,-4.9656E-09,3.2018E-07,-3.2032E-07
0.015000000000000001,0.090000000000000011,6.06E-09,-5.4600000000000004E-11,-5.8638E-09,3.2022E-07,-3.2024E-07
0.02,0.090000000000000011,7.1279E-09,-4.9790000000000003E-11,-6.9372E-09,3.2019999999999997E-07,-3.2022E-07
0.025,0.090000000000000011,8.3505E-09,-5.3630000000000006E-11,-8.1842E-09,3.2012E-07,-3.2026E-07
0.030000000000000002,0.090000000000000011,9.8677E-09,-3.019E-11,-9.6948E-09,3.2022E-07,-3.2026E-07
0.035,0.090000000000000011,1.1636599999999999E-08,-3.0030000000000005E-11,-1.14505E-08,3.2E-07,-3.201E-07
0.04,0.090000000000000011,1.3746E-08,-1.963E-11,-1.3589399999999999E-08,3.2012E-07,-3.2022E-07
0.045000000000000005,0.090000000000000011,1.6203E-08,-1.4000000000000002E-11,-1.60368E-08,3.2008E-07,-3.2016E-07
0.05,0.090000000000000011,1.9133799999999997E-08,4.8000000000000008E-13,-1.89974E-08,3.2016E-07,-3.2016E-07
0.055,0.090000000000000011,2.2543999999999997E-08,2.8800000000000002E-12,-2.2411799999999998E-08,3.2008E-07,-3.2022E-07
0.060000000000000005,0.090000000000000011,2.66034E-08,1.0920000000000001E-11,-2.6449399999999996E-08,3.2012E-07,-3.2019999999999997E-07
0.065,0.090000000000000011,3.1465199999999995E-08,1.6600000000000003E-11,-3.1331799999999995E-08,3.201E-07,-3.2018E-07
0.07,0.090000000000000011,3.7133199999999997E-08,2.5080000000000002E-11,-3.7023399999999995E-08,3.2005999999999997E-07,-3.2019999999999997E-07
0.075,0.090000000000000011,4.3941199999999994E-08,2.835E-11,-4.3871799999999993E-08,3.2005999999999997E-07,-3.2026E-07
0.08,0.090000000000000011,5.1935999999999996E-08,3.5640000000000006E-11,-5.18014E-08,3.2008E-07,-3.2019999999999997E-07
0.085,0.090000000000000011,6.1461E-08,3.8580000000000004E-11,-6.1388E-08,3.2014E-07,-3.2026E-07
0.090000000000000011,0.090000000000000011,7.2572799999999987E-08,4.8390000000000007E-11,-7.2497199999999988E-08,3.2005999999999997E-07,-3.2022E-07
0.095,0.090000000000000011,8.60532E-08,5.1520000000000007E-11,-8.5905599999999993E-08,3.2008E-07,-3.2022E-07
0.1,0.090000000000000011,1.0158679999999998E-07,5.878E-11,-1.015214E-07,3.2018E-07,-3.2032E-07
0.10500000000000001,0.090000000000000011,1.2034E-07,6.5080000000000009E-11,-1.2022E-07,3.2022E-07,-3.2026E-07
0.11,0.090000000000000011,1.4224E-07,7.2580000000000009E-11,-1.4234E-07,3.2012E-07,-3.2028E-07
0.115,0.090000000000000011,1.6856E-07,8.0380000000000011E-11,-1.684E-07,3.2016E-07,-3.2026E-07
0.12000000000000001,0.090000000000000011,1.9912E-07,8.977E-11,-1.9894E-07,3.2022E-07,-3.2032E-07
0.125,0.090000000000000011,2.358E-07,9.301000000000001E-11,-2.3576E-07,3.2012E-07,-3.2026E-07
0.13,0.090000000000000011,2.7866E-07,9.953E-11,-2.7868E-07,3.2012E-07,-3.2024E-07
0.135,0.090000000000000011,3.3056E-07,1.0645E-10,-3.3058E-07,3.2018E-07,-3.2026E-07
0.14,0.090000000000000011,3.9072E-07,1.1449000000000001E-10,-3.9046E-07,3.2016E-07,-3.2012E-07
0.14500000000000002,0.090000000000000011,4.6276E-07,1.2075E-10,-4.6176E-07,3.201E-07,-3.2016E-07
0.15,0.090000000000000011,5.4728E-07,1.3391E-10,-5.469E-07,3.2012E-07,-3.2018E-07
0.155,0.090000000000000011,6.464E-07,1.3837E-10,-6.462E-07,3.2008E-07,-3.2016E-07
0.16,0.090000000000000011,7.6482E-07,1.4997E-10,-7.6508E-07,3.2008E-07,-3.2018E-07
0.165,0.090000000000000011,9.03E-07,1.5669E-10,-9.0444E-07,3.2016E-07,-3.2016E-07
0.17,0.090000000000000011,1.0699599999999999E-06,1.6512000000000002E-10,-1.0710799999999999E-06,3.201E-07,-3.2019999999999997E-07
0.17500000000000002,0.090000000000000011,1.2678000000000002E-06,1.7968000000000002E-10,-1.2645000000000001E-06,3.2008E-07,-3.2022E-07
0.18000000000000002,0.090000000000000011,1.4994000000000002E-06,1.8577000000000002E-10,-1.4972000000000003E-06,3.2004E-07,-3.2014E-07
0.185,0.090000000000000011,1.7696000000000002E-06,1.9992000000000002E-10,-1.7680000000000003E-06,3.201E-07,-3.2018E-07
0.19,0.090000000000000011,2.0979000000000003E-06,2.0989E-10,-2.0939000000000004E-06,3.2012E-07,-3.2014E-07
0.195,0.090000000000000011,2.4776000000000002E-06,2.2363E-10,-2.4724000000000002E-06,3.2014E-07,-3.2022E-07
0.2,0.090000000000000011,2.9325000000000003E-06,2.3647E-10,-2.928E-06,3.2005999999999997E-07,-3.2019999999999997E-07
0.20500000000000002,0.090000000000000011,3.4617000000000002E-06,2.4907E-10,-3.4563000000000003E-06,3.2012E-07,-3.2024E-07
0.21000000000000002,0.090000000000000011,4.0929E-06,2.6721E-10,-4.0885000000000008E-06,3.2012E-07,-3.2022E-07
0.215,0.090000000000000011,4.8246E-06,2.8159E-10,-4.8233000000000009E-06,3.2016E-07,-3.2022E-07
0.22,0.090000000000000011,5.7087000000000009E-06,2.9577E-10,-5.7029000000000009E-06,3.2014E-07,-3.2016E-07
0.225,0.090000000000000011,6.7337000000000004E-06,3.1684E-10,-6.736300000000001E-06,3.2022E-07,-3.2026E-07
0.23,0.090000000000000011,7.9531E-06,3.3815E-10,-7.9559000000000012E-06,3.2018E-07,-3.2026E-07
0.23500000000000001,0.090000000000000011,9.3757E-06,3.5699E-10,-9.374E-06,3.2018E-07,-3.2022E-07
0.24000000000000002,0.090000000000000011,1.1071100000000002E-05,3.8087000000000005E-10,-1.1060800000000001E-05,3.2014E-07,-3.2024E-07
0.24500000000000002,0.090000000000000011,1.3036E-05,4.0122000000000004E-10,-1.3024000000000001E-05,3.2016E-07,-3.2019999999999997E-07
0.25,0.090000000000000011,1.5342E-05,4.2969000000000004E-10,-1.5332E-05,3.2014E-07,-3.2026E-07
0.255,0.090000000000000011,1.8056E-05,4.563E-10,-1.8038E-05,3.201E-07,-3.2016E-07
0.26,0.090000000000000011,2.12E-05,4.831E-10,-2.1218E-05,3.2016E-07,-3.2018E-07
0.265,0.090000000000000011,2.4952E-05,5.1315E-10,-2.4942E-05,3.2004E-07,-3.2016E-07
0.27,0.090000000000000011,2.9268E-05,5.4642000000000006E-10,-2.9248000000000002E-05,3.2012E-07,-3.2016E-07
0.275,0.090000000000000011,3.4392E-05,5.8397E-10,-3.438E-05,3.2012E-07,-3.2018E-07
0.28,0.090000000000000011,4.019E-05,6.2033000000000007E-10,-4.0208E-05,3.2008E-07,-3.2016E-07
0.28500000000000003,0.090000000000000011,4.7128E-05,6.6020000000000006E-10,-4.7116E-05,3.2004E-07,-3.2019999999999997E-07
0.29000000000000004,0.090000000000000011,5.5022E-05,7.0359E-10,-5.5032000000000004E-05,3.2008E-07,-3.203E-07
0.29500000000000004,0.090000000000000011,6.4308000000000008E-05,7.4942000000000009E-10,-6.4332000000000007E-05,3.2012E-07,-3.2019999999999997E-07
0.3,0.090000000000000011,7.4976000000000009E-05,7.9378E-10,-7.4948E-05,3.2014E-07,-3.2022E-07
0.305,0.090000000000000011,8.7388E-05,8.411E-10,-8.7432E-05,3.2005999999999997E-07,-3.2016E-07
0.31,0.090000000000000011,0.00010152200000000001,8.9394000000000012E-10,-0.00010148,3.2004E-07,-3.2019999999999997E-07
0.315,0.090000000000000011,0.00011842000000000001,9.5012E-10,-0.00011798,3.2012E-07,-3.2026E-07
0.32,0.090000000000000011,0.00013692,1.00667E-09,-0.00013654000000000002,3.201E-07,-3.2016E-07
0.325,0.090000000000000011,0.00015842000000000002,1.0699E-09,-0.00015812,3.2019999999999997E-07,-3.2028E-07
0.33,0.090000000000000011,0.00018272,1.1331E-09,-0.00018234000000000002,3.2016E-07,-3.2026E-07
0.335,0.090000000000000011,0.00021066000000000002,1.1986E-09,-0.00021028000000000003,3.2016E-07,-3.2026E-07
0.34,0.090000000000000011,0.00024200000000000003,1.2706E-09,-0.00024148000000000003,3.2016E-07,-3.2026E-07
0.34500000000000003,0.090000000000000011,0.00027782,1.3441E-09,-0.00027756,3.201E-07,-3.2022E-07
0.35000000000000003,0.090000000000000011,0.00031762,1.4192E-09,-0.00031742,3.2014E-07,-3.2026E-07
0.35500000000000004,0.090000000000000011,0.00036328,1.504E-09,-0.00036300000000000004,3.2014E-07,-3.203E-07
0.36000000000000004,0.090000000000000011,0.00041312,1.5894E-09,-0.000413,3.2019999999999997E-07,-3.2028E-07
0.365,0.090000000000000011,0.00047020000000000004,1.6823E-09,-0.00046968000000000004,3.2016E-07,-3.2028E-07
0.37,0.090000000000000011,0.00053198,1.7744E-09,-0.000532,3.2016E-07,-3.2032E-07
0.375,0.090000000000000011,0.00060162000000000008,1.8712E-09,-0.00060194,3.201E-07,-3.2018E-07
0.38,0.090000000000000011,0.00067774,1.9704E-09,-0.0006779,3.2012E-07,-3.2019999999999997E-07
0.385,0.090000000000000011,0.00076200000000000009,2.0807E-09,-0.0007621,3.2008E-07,-3.2024E-07
0.39,0.090000000000000011,0.00085368000000000011,2.1878E-09,-0.00085294000000000006,3.201E-07,-3.2016E-07
0.395,0.090000000000000011,0.00095380000000000009,2.306E-09,-0.0009540000000000001,3.2008E-07,-3.2019999999999997E-07
0.4,0.090000000000000011,0.0010625200000000002,2.4245E-09,-0.00106262,3.2005999999999997E-07,-3.2016E-07
0.405,0.090000000000000011,0.0011806,2.5537E-09,-0.0011804,3.2012E-07,-3.2022E-07
0.41000000000000003,0.090000000000000011,0.0013062,2.6852E-09,-0.0013058,3.2012E-07,-3.2022E-07
0.41500000000000004,0.090000000000000011,0.0014432,2.8221E-09,-0.0014424,3.2012E-07,-3.2018E-07
0.42000000000000004,0.090000000000000011,0.0015876,2.9669E-09,-0.0015866,3.201E-07,-3.2019999999999997E-07
0.42500000000000004,0.090000000000000011,0.0017434,3.1149E-09,-0.001742,3.2014E-07,-3.2026E-07
0.43,0.090000000000000011,0.0019046,3.2709E-09,-0.0019038,3.2018E-07,-3.2022E-07
0.435,0.090000000000000011,0.0020788,3.4342E-09,-0.002078,3.2019999999999997E-07,-3.2019999999999997E-07
0.44,0.090000000000000011,0.0022594,3.6049E-09,-0.0022582,3.2022E-07,-3.2022E-07
0.445,0.090000000000000011,0.0024514,3.775E-09,-0.0024502,3.2016E-07,-3.2026E-07
0.45,0.090000000000000011,0.0026498,3.9555E-09,-0.0026484,3.2022E-07,-3.2024E-07
0.455,0.090000000000000011,0.0028592,4.1504E-09,-0.0028576,3.2018E-07,-3.2026E-07
0.46,0.090000000000000011,0.0030714,4.3546E-09,-0.0030712,3.2016E-07,-3.2028E-07
0.465,0.090000000000000011,0.0032964,4.5659E-09,-0.0032948,3.2022E-07,-3.2028E-07
0.47000000000000003,0.090000000000000011,0.0035234,4.7784E-09,-0.0035218000000000003,3.2026E-07,-3.2032E-07
0.47500000000000003,0.090000000000000011,0.0037616,5.0122E-09,-0.0037608,3.2022E-07,-3.2028E-07
0.48000000000000004,0.090000000000000011,0.0040006,5.2456E-09,-0.0040002,3.2016E-07,-3.2028E-07
0.48500000000000004,0.090000000000000011,0.004249,5.4893E-09,-0.0042478,3.2022E-07,-3.2028E-07
0.49000000000000005,0.090000000000000011,0.0045004,5.7463E-09,-0.004498,3.2022E-07,-3.2028E-07
0.49500000000000005,0.090000000000000011,0.004756,6.0112E-09,-0.0047566,3.2016E-07,-3.2026E-07
0.5,0.090000000000000011,0.0050148,6.2826E-09,-0.0050146,3.2022E-07,-3.2022E-07
0.505,0.090000000000000011,0.0052808,6.5849E-09,-0.0052786000000000005,3.2018E-07,-3.2028E-07
0.51,0.090000000000000011,0.005543,6.8821E-09,-0.0055422,3.2016E-07,-3.2028E-07
0.515,0.090000000000000011,0.0058128,7.1989E-09,-0.0058108000000000005,3.2016E-07,-3.2036E-07
0.52,0.090000000000000011,0.006076,7.5335E-09,-0.0060766,3.2012E-07,-3.2026E-07
0.525,0.090000000000000011,0.00635,7.8624E-09,-0.0063482,3.2016E-07,-3.2032E-07
0.53,0.090000000000000011,0.0066162,8.2162E-09,-0.0066164,3.2019999999999997E-07,-3.2033999999999997E-07
0.535,0.090000000000000011,0.0068882000000000006,8.5887E-09,-0.0068878,3.2016E-07,-3.2028E-07
0.54,0.090000000000000011,0.007157,8.987E-09,-0.0071546000000000005,3.2016E-07,-3.2026E-07
0.545,0.090000000000000011,0.0074270000000000004,9.3736E-09,-0.0074246,3.203E-07,-3.203E-07
0.55,0.090000000000000011,0.0076902,9.7825E-09,-0.0076894,3.2026E-07,-3.204E-07
0.555,0.090000000000000011,0.0079572,1.02147E-08,-0.007956,3.2028E-07,-3.2036E-07
0.56,0.090000000000000011,0.0082184,1.06627E-08,-0.0082164,3.2033999999999997E-07,-3.2044E-07
0.56500000000000006,0.090000000000000011,0.008479200000000001,1.11341E-08,-0.0084784,3.203E-07,-3.204E-07
0.57000000000000006,0.090000000000000011,0.0087346,1.16398E-08,-0.008735,3.203E-07,-3.2038E-07
0.57500000000000007,0.090000000000000011,0.008993000000000001,1.21544E-08,-0.0089912,3.2024E-07,-3.2036E-07
0.58000000000000007,0.090000000000000011,0.0092410000000000009,1.2681799999999998E-08,-0.0092410000000000009,3.2028E-07,-3.2033999999999997E-07
0.58500000000000008,0.090000000000000011,0.009491,1.3234399999999998E-08,-0.0094896,3.2024E-07,-3.2032E-07
0.59000000000000008,0.090000000000000011,0.009733,1.3802799999999999E-08,-0.0097318,3.2024E-07,-3.2033999999999997E-07
0.595,0.090000000000000011,0.0099758,1.4378399999999998E-08,-0.009976,3.2028E-07,-3.2038E-07
0.6,0.090000000000000011,0.0102114,1.5008599999999997E-08,-0.0102088,3.2024E-07,-3.2036E-07
0.605,0.090000000000000011,0.0104452,1.5643199999999997E-08,-0.0104432,3.2022E-07,-3.2026E-07
0.61,0.090000000000000011,0.0106722,1.6306199999999998E-08,-0.01067,3.2026E-07,-3.203E-07
0.615,0.090000000000000011,0.0108992,1.70116E-08,-0.0108964,3.2014E-07,-3.2028E-07
0.62,0.090000000000000011,0.0111162,1.77444E-08,-0.0111188,3.2019999999999997E-07,-3.2032E-07
0.625,0.090000000000000011,0.0113352,1.84768E-08,-0.011335,3.2022E-07,-3.2028E-07
0.63,0.090000000000000011,0.011578000000000002,1.9268599999999997E-08,-0.011554000000000002,3.2032E-07,-3.2036E-07
0.635,0.090000000000000011,0.011786000000000001,2.00966E-08,-0.011762000000000002,3.203E-07,-3.2038E-07
0.64,0.090000000000000011,0.011988,2.0929399999999997E-08,-0.011964,3.2028E-07,-3.2038E-07
0.645,0.090000000000000011,0.012192000000000001,2.18362E-08,-0.01216,3.2028E-07,-3.204E-07
0.65,0.090000000000000011,0.012388000000000001,2.2748399999999998E-08,-0.012358000000000001,3.2026E-07,-3.2032E-07
0.655,0.090000000000000011,0.012578,2.3698599999999998E-08,-0.012556000000000001,3.2032E-07,-3.2033999999999997E-07
0.66,0.090000000000000011,0.012762,2.4698199999999998E-08,-0.012732,3.2026E-07,-3.2036E-07
0.665,0.090000000000000011,0.012944,2.57344E-08,-0.012922000000000001,3.2026E-07,-3.2038E-07
0.67,0.090000000000000011,0.013124000000000002,2.67964E-08,-0.013102,3.203E-07,-3.2032E-07
0.675,0.090000000000000011,0.013302000000000001,2.7935E-08,-0.013274000000000001,3.2032E-07,-3.2036E-07
0.68,0.090000000000000011,0.013472000000000001,2.9124999999999998E-08,-0.013444000000000001,3.2026E-07,-3.2036E-07
0.685,0.090000000000000011,0.013638,3.0352399999999995E-08,-0.013614000000000001,3.2028E-07,-3.2032E-07
0.69000000000000006,0.090000000000000011,0.013802000000000002,3.16126E-08,-0.013776000000000002,3.2028E-07,-3.2033999999999997E-07
0.69500000000000006,0.090000000000000011,0.013962,3.293E-08,-0.013934000000000002,3.2032E-07,-3.2038E-07
0.70000000000000007,0.090000000000000011,0.014118000000000002,3.4326E-08,-0.014090000000000002,3.2032E-07,-3.2042E-07
0.70500000000000007,0.090000000000000011,0.014270000000000001,3.57686E-08,-0.014242000000000001,3.203E-07,-3.204E-07
0.71000000000000008,0.090000000000000011,0.014416000000000002,3.7304999999999996E-08,-0.014394,3.2033999999999997E-07,-3.2038E-07
0.71500000000000008,0.090000000000000011,0.014562000000000002,3.8884399999999994E-08,-0.01454,3.203E-07,-3.2033999999999997E-07
0.72000000000000008,0.090000000000000011,0.014708,4.0524999999999994E-08,-0.014678000000000002,3.203E-07,-3.2038E-07
0.72500000000000009,0.090000000000000011,0.014844000000000001,4.22242E-08,-0.014818000000000001,3.2033999999999997E-07,-3.2042E-07
0.73,0.090000000000000011,0.014980000000000002,4.4047E-08,-0.014956,3.203E-07,-3.204E-07
0.735,0.090000000000000011,0.015112000000000002,4.5903199999999995E-08,-0.015086,3.203E-07,-3.2038E-07
0.74,0.090000000000000011,0.015246000000000001,4.78996E-08,-0.015220000000000001,3.203E-07,-3.204E-07
0.745,0.090000000000000011,0.015368000000000002,4.9924199999999995E-08,-0.015340000000000001,3.2028E-07,-3.2038E-07
0.75,0.090000000000000011,0.015494,5.2072999999999993E-08,-0.015468,3.203E-07,-3.204E-07
0.755,0.090000000000000011,0.015612000000000001,5.4303999999999994E-08,-0.015588000000000001,3.203E-07,-3.2032E-07
0.76,0.090000000000000011,0.015732000000000003,5.6675599999999996E-08,-0.015708,3.2028E-07,-3.2036E-07
0.765,0.090000000000000011,0.015846000000000002,5.9105399999999994E-08,-0.015818000000000002,3.2028E-07,-3.204E-07
0.77,0.090000000000000011,0.015958,6.16948E-08,-0.015936000000000002,3.203E-07,-3.2033999999999997E-07
0.775,0.090000000000000011,0.016062,6.43494E-08,-0.016040000000000002,3.203E-07,-3.2042E-07
0.78,0.090000000000000011,0.016172000000000002,6.72028E-08,-0.016146,3.2033999999999997E-07,-3.2042E-07
0.785,0.090000000000000011,0.016278,7.01278E-08,-0.016252000000000003,3.2033999999999997E-07,-3.2042E-07
0.79,0.090000000000000011,0.016382,7.31966E-08,-0.016354,3.2033999999999997E-07,-3.204E-07
0.795,0.090000000000000011,0.01648,7.6399199999999992E-08,-0.016452,3.2033999999999997E-07,-3.2046E-07
0.8,0.090000000000000011,0.016582000000000003,7.9809E-08,-0.016554000000000003,3.2028E-07,-3.2038E-07
0.805,0.090000000000000011,0.01667,8.3323E-08,-0.01665,3.2033999999999997E-07,-3.204E-07
0.81,0.090000000000000011,0.016766000000000003,8.701159999999999E-08,-0.01674,3.2033999999999997E-07,-3.2044E-07
0.81500000000000006,0.090000000000000011,0.01686,9.09398E-08,-0.016832,3.2036E-07,-3.2044E-07
0.82000000000000006,0.090000000000000011,0.016948,9.49918E-08,-0.016918000000000002,3.2038E-07,-3.2054E-07
0.82500000000000007,0.090000000000000011,0.01703,9.931579999999999E-08,-0.017008000000000002,3.204E-07,-3.2056E-07
0.83000000000000007,0.090000000000000011,0.01712,1.0376959999999999E-07,-0.017092000000000003,3.2038E-07,-3.205E-07
0.83500000000000008,0.090000000000000011,0.017206000000000003,1.0851719999999999E-07,-0.017178000000000002,3.2042E-07,-3.2052E-07
0.84000000000000008,0.090000000000000011,0.017284,1.1346179999999999E-07,-0.01726,3.2044E-07,-3.206E-07
0.84500000000000008,0.090000000000000011,0.017364,1.187E-07,-0.017336,3.2044E-07,-3.2052E-07
0.85000000000000009,0.090000000000000011,0.017436,1.2412E-07,-0.017418000000000003,3.204E-07,-3.204E-07
0.85500000000000009,0.090000000000000011,0.017518000000000002,1.2996E-07,-0.017490000000000002,3.204E-07,-3.2044E-07
0.86,0.090000000000000011,0.017588000000000003,1.3592E-07,-0.017566000000000002,3.2042E-07,-3.2052E-07
0.865,0.090000000000000011,0.017664000000000003,1.4232E-07,-0.017638,3.2047999999999997E-07,-3.2054E-07
0.87,0.090000000000000011,0.017734000000000003,1.4884E-07,-0.017708,3.204E-07,-3.2054E-07
0.875,0.090000000000000011,0.017804,1.5589999999999999E-07,-0.017778000000000002,3.2044E-07,-3.205E-07
0.88,0.090000000000000011,0.017874,1.6326E-07,-0.017846,3.2044E-07,-3.2047999999999997E-07
0.885,0.090000000000000011,0.017936,1.7102E-07,-0.017912,3.2046E-07,-3.2052E-07
0.89,0.090000000000000011,0.018000000000000002,1.7902E-07,-0.017980000000000003,3.204E-07,-3.2052E-07
0.895,0.090000000000000011,0.018066000000000002,1.8768E-07,-0.01804,3.2044E-07,-3.2044E-07
0.9,0.090000000000000011,0.018128000000000002,1.9658E-07,-0.0181,3.2028E-07,-3.2044E-07
-0.3,0.1,2.0759E-09,-4.6076E-09,8.9833E-10,3.2014E-07,-3.1854E-07
-0.29500000000000004,0.1,2.0105E-09,-4.3345E-09,8.663600000000001E-10,3.2019999999999997E-07,-3.1868E-07
-0.29000000000000004,0.1,1.9488E-09,-4.0833E-09,8.3169E-10,3.2018E-07,-3.189E-07
-0.28500000000000003,0.1,1.9001E-09,-3.8468E-09,7.9822000000000006E-10,3.2018E-07,-3.1902E-07
-0.28,0.1,1.8547E-09,-3.6288E-09,7.6659E-10,3.2012E-07,-3.1907999999999997E-07
-0.275,0.1,1.7905E-09,-3.4252E-09,7.3688E-10,3.2014E-07,-3.1926E-07
-0.27,0.1,1.7364E-09,-3.2381E-09,7.0605000000000006E-10,3.201E-07,-3.1932E-07
-0.265,0.1,1.6965E-09,-3.0599E-09,6.7443E-10,3.2016E-07,-3.1949999999999997E-07
-0.26,0.1,1.6478E-09,-2.8953E-09,6.4634000000000007E-10,3.2014E-07,-3.1952E-07
-0.255,0.1,1.5864E-09,-2.7423E-09,6.1813E-10,3.2016E-07,-3.1958E-07
-0.25,0.1,1.5499E-09,-2.5966E-09,5.8758000000000005E-10,3.2014E-07,-3.1966E-07
-0.24500000000000002,0.1,1.5109E-09,-2.4586999999999998E-09,5.6199E-10,3.2014E-07,-3.1972E-07
-0.24000000000000002,0.1,1.4584E-09,-2.3336E-09,5.3765E-10,3.2014E-07,-3.1976E-07
-0.23500000000000001,0.1,1.4069E-09,-2.2155E-09,5.1365000000000008E-10,3.2012E-07,-3.1986E-07
-0.23,0.1,1.372E-09,-2.104E-09,4.8771000000000007E-10,3.2012E-07,-3.1988E-07
-0.225,0.1,1.3308E-09,-1.9956E-09,4.6462000000000005E-10,3.2018E-07,-3.1996E-07
-0.22,0.1,1.278E-09,-1.8954E-09,4.4388E-10,3.2018E-07,-3.1998E-07
-0.215,0.1,1.2436E-09,-1.8E-09,4.1943E-10,3.2014E-07,-3.1998E-07
-0.21000000000000002,0.1,1.219E-09,-1.7103E-09,3.9743000000000004E-10,3.2014E-07,-3.2008E-07
-0.20500000000000002,0.1,1.1757E-09,-1.6229E-09,3.7741000000000004E-10,3.2014E-07,-3.2004E-07
-0.2,0.1,1.1254E-09,-1.5442E-09,3.5751000000000004E-10,3.2022E-07,-3.2008E-07
-0.195,0.1,1.0974E-09,-1.4679E-09,3.3557E-10,3.2014E-07,-3.201E-07
-0.19,0.1,1.0689E-09,-1.3939E-09,3.1603000000000005E-10,3.2024E-07,-3.2019999999999997E-07
-0.185,0.1,1.027E-09,-1.3232E-09,2.9859E-10,3.2016E-07,-3.2016E-07
-0.18000000000000002,0.1,1.0022E-09,-1.2569E-09,2.7715E-10,3.2016E-07,-3.2008E-07
-0.17500000000000002,0.1,9.5743E-10,-1.1974E-09,2.6125E-10,3.2019999999999997E-07,-3.2016E-07
-0.17,0.1,9.3449000000000015E-10,-1.1368E-09,2.4264E-10,3.2019999999999997E-07,-3.2024E-07
-0.165,0.1,9.1341000000000005E-10,-1.076E-09,2.2459000000000002E-10,3.2018E-07,-3.2016E-07
-0.16,0.1,8.7366000000000006E-10,-1.0237E-09,2.1031000000000002E-10,3.2016E-07,-3.2016E-07
-0.155,0.1,8.4782000000000008E-10,-9.6988000000000017E-10,1.8583000000000002E-10,3.2018E-07,-3.2019999999999997E-07
-0.15,0.1,8.3500000000000012E-10,-9.2139000000000006E-10,1.7128E-10,3.2022E-07,-3.2026E-07
-0.14500000000000002,0.1,8.058E-10,-8.7191E-10,1.5294000000000002E-10,3.2018E-07,-3.2026E-07
-0.14,0.1,7.794100000000001E-10,-8.2983E-10,1.3502000000000002E-10,3.2016E-07,-3.2018E-07
-0.135,0.1,7.7062000000000007E-10,-7.8178000000000007E-10,1.1636000000000001E-10,3.2016E-07,-3.2022E-07
-0.13,0.1,7.498800000000001E-10,-7.4333000000000006E-10,9.7970000000000012E-11,3.2018E-07,-3.2026E-07
-0.125,0.1,7.201E-10,-7.0067E-10,8.0140000000000007E-11,3.2012E-07,-3.2024E-07
-0.12000000000000001,0.1,7.1605E-10,-6.6688000000000008E-10,5.7460000000000008E-11,3.2016E-07,-3.2022E-07
-0.115,0.1,7.0999E-10,-6.268E-10,3.598E-11,3.2018E-07,-3.2026E-07
-0.11,0.1,6.9299E-10,-5.9242E-10,1.402E-11,3.2019999999999997E-07,-3.2026E-07
-0.10500000000000001,0.1,6.8475E-10,-5.6058E-10,-1.251E-11,3.2016E-07,-3.2028E-07
-0.1,0.1,6.9626E-10,-5.2662000000000009E-10,-4.065E-11,3.2016E-07,-3.2022E-07
-0.095,0.1,6.9244E-10,-4.9547E-10,-7.0650000000000009E-11,3.2016E-07,-3.2026E-07
-0.090000000000000011,0.1,6.894100000000001E-10,-4.6657000000000008E-10,-1.0660000000000001E-10,3.2014E-07,-3.2019999999999997E-07
-0.085,0.1,7.1481E-10,-4.3917000000000005E-10,-1.47E-10,3.2012E-07,-3.2018E-07
-0.08,0.1,7.3725E-10,-4.0826000000000005E-10,-1.8992000000000003E-10,3.2018E-07,-3.2018E-07
-0.075,0.1,7.5281E-10,-3.8791E-10,-2.4022E-10,3.2008E-07,-3.2026E-07
-0.07,0.1,7.8956E-10,-3.6331E-10,-3.0197000000000004E-10,3.201E-07,-3.2026E-07
-0.065,0.1,8.462200000000001E-10,-3.366E-10,-3.7056E-10,3.2016E-07,-3.2026E-07
-0.060000000000000005,0.1,8.9732000000000006E-10,-3.1499E-10,-4.504E-10,3.2016E-07,-3.2022E-07
-0.055,0.1,9.6208E-10,-2.9309E-10,-5.4408E-10,3.2024E-07,-3.2022E-07
-0.05,0.1,1.06851E-09,-2.7324000000000003E-10,-6.536000000000001E-10,3.2018E-07,-3.2028E-07
-0.045000000000000005,0.1,1.1706E-09,-2.5346E-10,-7.7875E-10,3.201E-07,-3.2019999999999997E-07
-0.04,0.1,1.3059E-09,-2.338E-10,-9.2835000000000011E-10,3.2012E-07,-3.2022E-07
-0.035,0.1,1.4503E-09,-2.1882000000000003E-10,-1.10103E-09,3.2016E-07,-3.2019999999999997E-07
-0.030000000000000002,0.1,1.6437E-09,-2.0227000000000002E-10,-1.3044E-09,3.2012E-07,-3.2024E-07
-0.025,0.1,1.8694E-09,-1.8780000000000001E-10,-1.549E-09,3.2012E-07,-3.2018E-07
-0.02,0.1,2.1538E-09,-1.6879000000000002E-10,-1.8387999999999999E-09,3.2004E-07,-3.2016E-07
-0.015000000000000001,0.1,2.4699E-09,-1.551E-10,-2.1731E-09,3.2016E-07,-3.2018E-07
-0.01,0.1,2.8482E-09,-1.42E-10,-2.5706E-09,3.2004E-07,-3.2014E-07
-0.005,0.1,3.3045E-09,-1.2960000000000002E-10,-3.0365E-09,3.2E-07,-3.2012E-07
0,0.1,3.8627E-09,-1.129E-10,-3.5969E-09,3.2005999999999997E-07,-3.2012E-07
0.005,0.1,4.494E-09,-1.0552000000000001E-10,-4.2474E-09,3.2012E-07,-3.2028E-07
0.01,0.1,5.2515E-09,-9.2740000000000008E-11,-5.0259E-09,3.2014E-07,-3.2026E-07
0.015000000000000001,0.1,6.1565E-09,-7.9780000000000008E-11,-5.9344E-09,3.201E-07,-3.2022E-07
0.02,0.1,7.2458E-09,-6.9570000000000012E-11,-7.0205E-09,3.2004E-07,-3.2022E-07
0.025,0.1,8.4962E-09,-5.7630000000000005E-11,-8.2943E-09,3.2016E-07,-3.2016E-07
0.030000000000000002,0.1,1.00016E-08,-5.0380000000000005E-11,-9.8195E-09,3.2018E-07,-3.2022E-07
0.035,0.1,1.1823999999999999E-08,-4.006E-11,-1.1614599999999998E-08,3.2012E-07,-3.2032E-07
0.04,0.1,1.3933599999999999E-08,-3.3590000000000004E-11,-1.3757399999999999E-08,3.2012E-07,-3.2022E-07
0.045000000000000005,0.1,1.6424E-08,-2.309E-11,-1.62402E-08,3.2018E-07,-3.203E-07
0.05,0.1,1.94106E-08,-1.604E-11,-1.92104E-08,3.2014E-07,-3.2022E-07
0.055,0.1,2.28632E-08,-5.4200000000000007E-12,-2.2704E-08,3.2019999999999997E-07,-3.2033999999999997E-07
0.060000000000000005,0.1,2.69788E-08,-8.7E-13,-2.6806599999999998E-08,3.2019999999999997E-07,-3.2032E-07
0.065,0.1,3.19194E-08,5.85E-12,-3.17372E-08,3.2014E-07,-3.2019999999999997E-07
0.07,0.1,3.76362E-08,1.15E-11,-3.7492199999999993E-08,3.2016E-07,-3.2024E-07
0.075,0.1,4.4583199999999994E-08,1.974E-11,-4.4392399999999993E-08,3.2005999999999997E-07,-3.2018E-07
0.08,0.1,5.26254E-08,2.6740000000000003E-11,-5.24538E-08,3.201E-07,-3.2019999999999997E-07
0.085,0.1,6.2246799999999991E-08,3.5450000000000004E-11,-6.21468E-08,3.2012E-07,-3.2024E-07
0.090000000000000011,0.1,7.3536999999999992E-08,3.864E-11,-7.3399599999999987E-08,3.2018E-07,-3.2019999999999997E-07
0.095,0.1,8.7091399999999991E-08,4.571E-11,-8.6946999999999991E-08,3.2012E-07,-3.2022E-07
0.1,0.1,1.0286839999999999E-07,5.0640000000000006E-11,-1.0271219999999999E-07,3.2012E-07,-3.2022E-07
0.10500000000000001,0.1,1.2182E-07,6.038E-11,-1.2166E-07,3.2012E-07,-3.2028E-07
0.11,0.1,1.4403999999999999E-07,6.5550000000000009E-11,-1.438E-07,3.2016E-07,-3.2026E-07
0.115,0.1,1.7054E-07,7.207E-11,-1.7044E-07,3.2016E-07,-3.2022E-07
0.12000000000000001,0.1,2.0138E-07,8.018E-11,-2.0126E-07,3.2018E-07,-3.2026E-07
0.125,0.1,2.3904E-07,8.9900000000000008E-11,-2.3866E-07,3.2012E-07,-3.2018E-07
0.13,0.1,2.8219999999999997E-07,9.212E-11,-2.8172E-07,3.201E-07,-3.2019999999999997E-07
0.135,0.1,3.3396E-07,1.0634E-10,-3.341E-07,3.201E-07,-3.2022E-07
0.14,0.1,3.952E-07,1.0666000000000001E-10,-3.9478E-07,3.2012E-07,-3.2026E-07
0.14500000000000002,0.1,4.6819999999999997E-07,1.1894E-10,-4.6826E-07,3.2016E-07,-3.2026E-07
0.15,0.1,5.5365999999999994E-07,1.2385000000000002E-10,-5.5278E-07,3.2018E-07,-3.2026E-07
0.155,0.1,6.5406E-07,1.3163000000000002E-10,-6.543E-07,3.2014E-07,-3.2024E-07
0.16,0.1,7.747E-07,1.4349000000000001E-10,-7.7439999999999995E-07,3.201E-07,-3.2022E-07
0.165,0.1,9.1404E-07,1.5106000000000002E-10,-9.1524E-07,3.2005999999999997E-07,-3.2022E-07
0.17,0.1,1.0844E-06,1.6275E-10,-1.08414E-06,3.2012E-07,-3.2019999999999997E-07
0.17500000000000002,0.1,1.2855000000000002E-06,1.7073000000000001E-10,-1.2797000000000002E-06,3.2016E-07,-3.2033999999999997E-07
0.18000000000000002,0.1,1.5197000000000003E-06,1.8081000000000002E-10,-1.5173E-06,3.2022E-07,-3.2033999999999997E-07
0.185,0.1,1.7950000000000002E-06,1.9077E-10,-1.7915000000000001E-06,3.2019999999999997E-07,-3.2032E-07
0.19,0.1,2.1250000000000004E-06,2.0399E-10,-2.1217000000000004E-06,3.2019999999999997E-07,-3.2038E-07
0.195,0.1,2.5076000000000004E-06,2.1831000000000002E-10,-2.5059000000000004E-06,3.2024E-07,-3.2033999999999997E-07
0.2,0.1,2.9705E-06,2.306E-10,-2.9679000000000004E-06,3.2018E-07,-3.2028E-07
0.20500000000000002,0.1,3.5076000000000005E-06,2.437E-10,-3.5051000000000005E-06,3.2018E-07,-3.2028E-07
0.21000000000000002,0.1,4.1478E-06,2.5437E-10,-4.1484000000000008E-06,3.2016E-07,-3.2028E-07
0.215,0.1,4.8937E-06,2.7211E-10,-4.8946000000000005E-06,3.2012E-07,-3.203E-07
0.22,0.1,5.786E-06,2.8782000000000005E-10,-5.7902000000000009E-06,3.2018E-07,-3.203E-07
0.225,0.1,6.8266000000000008E-06,3.0711000000000004E-10,-6.8269000000000007E-06,3.2022E-07,-3.2032E-07
0.23,0.1,8.0665000000000015E-06,3.2279000000000003E-10,-8.0582E-06,3.2016E-07,-3.2033999999999997E-07
0.23500000000000001,0.1,9.5067000000000017E-06,3.4653000000000004E-10,-9.5092E-06,3.2022E-07,-3.2026E-07
0.24000000000000002,0.1,1.1213100000000001E-05,3.6426000000000004E-10,-1.12213E-05,3.2014E-07,-3.2026E-07
0.24500000000000002,0.1,1.3216E-05,3.8626E-10,-1.32E-05,3.2016E-07,-3.2026E-07
0.25,0.1,1.5534E-05,4.1614E-10,-1.5546E-05,3.2016E-07,-3.2033999999999997E-07
0.255,0.1,1.8312E-05,4.4197E-10,-1.8292E-05,3.2018E-07,-3.2036E-07
0.26,0.1,2.1508E-05,4.7104000000000006E-10,-2.1494E-05,3.2022E-07,-3.2032E-07
0.265,0.1,2.5324E-05,4.9758000000000005E-10,-2.5292E-05,3.201E-07,-3.2028E-07
0.27,0.1,2.9696E-05,5.3162000000000007E-10,-2.9688E-05,3.2016E-07,-3.2026E-07
0.275,0.1,3.486E-05,5.6557E-10,-3.4858000000000004E-05,3.2016E-07,-3.2026E-07
0.28,0.1,4.08E-05,6.0493E-10,-4.0806E-05,3.2018E-07,-3.2028E-07
0.28500000000000003,0.1,4.783E-05,6.4323000000000006E-10,-4.7812E-05,3.2016E-07,-3.2024E-07
0.29000000000000004,0.1,5.5844E-05,6.8287E-10,-5.5884E-05,3.2018E-07,-3.2033999999999997E-07
0.29500000000000004,0.1,6.5308E-05,7.2481000000000011E-10,-6.5296E-05,3.2016E-07,-3.2028E-07
0.3,0.1,7.6108E-05,7.736000000000001E-10,-7.6022E-05,3.2014E-07,-3.2022E-07
0.305,0.1,8.8774E-05,8.1899000000000008E-10,-8.875E-05,3.2014E-07,-3.2028E-07
0.31,0.1,0.000103112,8.7274E-10,-0.000103102,3.2022E-07,-3.2026E-07
0.315,0.1,0.00012016,9.261E-10,-0.00011984,3.2018E-07,-3.2022E-07
0.32,0.1,0.00013890000000000002,9.8021E-10,-0.0001386,3.201E-07,-3.2022E-07
0.325,0.1,0.00016106,1.0444E-09,-0.0001607,3.2008E-07,-3.2019999999999997E-07
0.33,0.1,0.00018566,1.1043E-09,-0.00018538000000000002,3.2005999999999997E-07,-3.2016E-07
0.335,0.1,0.00021428000000000002,1.1704E-09,-0.00021384000000000003,3.2005999999999997E-07,-3.2018E-07
0.34,0.1,0.00024618000000000003,1.2437E-09,-0.00024572,3.2012E-07,-3.2022E-07
0.34500000000000003,0.1,0.0002829,1.3153E-09,-0.00028250000000000004,3.2012E-07,-3.2028E-07
0.35000000000000003,0.1,0.00032348,1.3906E-09,-0.00032328,3.2004E-07,-3.2019999999999997E-07
0.35500000000000004,0.1,0.00036968,1.4702E-09,-0.00036950000000000004,3.2012E-07,-3.2026E-07
0.36000000000000004,0.1,0.00042144000000000003,1.5542999999999999E-09,-0.00042098000000000005,3.2005999999999997E-07,-3.2019999999999997E-07
0.365,0.1,0.00047936,1.6422E-09,-0.00047898000000000005,3.2012E-07,-3.2026E-07
0.37,0.1,0.00054294,1.7346E-09,-0.00054278000000000009,3.201E-07,-3.2019999999999997E-07
0.375,0.1,0.00061454,1.828E-09,-0.00061386,3.201E-07,-3.2026E-07
0.38,0.1,0.00069196,1.9285E-09,-0.00069228000000000009,3.2008E-07,-3.2019999999999997E-07
0.385,0.1,0.00077954,2.0308E-09,-0.00077876000000000009,3.201E-07,-3.2022E-07
0.39,0.1,0.00087334,2.1383E-09,-0.00087298000000000009,3.2016E-07,-3.2014E-07
0.395,0.1,0.00097758,2.2534E-09,-0.00097756000000000015,3.2014E-07,-3.2024E-07
0.4,0.1,0.0010885600000000001,2.3678E-09,-0.00108828,3.2012E-07,-3.2028E-07
0.405,0.1,0.0012102,2.496E-09,-0.0012104,3.201E-07,-3.2019999999999997E-07
0.41000000000000003,0.1,0.0013418,2.6199E-09,-0.0013406,3.2016E-07,-3.2024E-07
0.41500000000000004,0.1,0.0014828,2.7535E-09,-0.0014828,3.2016E-07,-3.2028E-07
0.42000000000000004,0.1,0.0016322,2.889E-09,-0.001632,3.201E-07,-3.2019999999999997E-07
0.42500000000000004,0.1,0.0017948,3.0358E-09,-0.001794,3.2018E-07,-3.2028E-07
0.43,0.1,0.001964,3.1827E-09,-0.0019638,3.201E-07,-3.2019999999999997E-07
0.435,0.1,0.0021462,3.3452E-09,-0.0021464,3.201E-07,-3.2028E-07
0.44,0.1,0.0023352,3.5033E-09,-0.0023354,3.2012E-07,-3.2022E-07
0.445,0.1,0.002537,3.6737E-09,-0.002537,3.2012E-07,-3.2032E-07
0.45,0.1,0.0027454000000000003,3.8552E-09,-0.0027442,3.2016E-07,-3.2028E-07
0.455,0.1,0.0029664,4.036E-09,-0.0029662,3.2012E-07,-3.2028E-07
0.46,0.1,0.0031918000000000003,4.2305E-09,-0.0031916,3.2014E-07,-3.2026E-07
0.465,0.1,0.0034306000000000002,4.4294E-09,-0.0034306000000000002,3.2019999999999997E-07,-3.2026E-07
0.47000000000000003,0.1,0.0036732,4.6345E-09,-0.0036716,3.2018E-07,-3.2026E-07
0.47500000000000003,0.1,0.003926,4.8573E-09,-0.0039254,3.2018E-07,-3.2028E-07
0.48000000000000004,0.1,0.0041816,5.0742E-09,-0.004182,3.2016E-07,-3.2026E-07
0.48500000000000004,0.1,0.0044502000000000005,5.3111E-09,-0.0044476,3.2016E-07,-3.203E-07
0.49000000000000005,0.1,0.0047192,5.5494E-09,-0.0047184,3.2022E-07,-3.2026E-07
0.49500000000000005,0.1,0.004997,5.8089E-09,-0.0049956,3.2024E-07,-3.2022E-07
0.5,0.1,0.0052772,6.0718E-09,-0.005276,3.2024E-07,-3.2033999999999997E-07
0.505,0.1,0.0055622,6.3509E-09,-0.005563,3.2024E-07,-3.2032E-07
0.51,0.1,0.00585,6.6417E-09,-0.0058494,3.2024E-07,-3.203E-07
0.515,0.1,0.0061422000000000004,6.9421E-09,-0.0061428,3.2016E-07,-3.2028E-07
0.52,0.1,0.0064352,7.2543E-09,-0.0064336,3.2026E-07,-3.2033999999999997E-07
0.525,0.1,0.0067302,7.5764E-09,-0.006729,3.203E-07,-3.2033999999999997E-07
0.53,0.1,0.0070246,7.9181E-09,-0.0070228,3.2018E-07,-3.2044E-07
0.535,0.1,0.0073228,8.2697E-09,-0.007322,3.2028E-07,-3.204E-07
0.54,0.1,0.0076174,8.638E-09,-0.0076172,3.2033999999999997E-07,-3.2038E-07
0.545,0.1,0.0079184,9.017E-09,-0.0079168,3.2022E-07,-3.2042E-07
0.55,0.1,0.0082076,9.4114E-09,-0.0082078,3.2033999999999997E-07,-3.2047999999999997E-07
0.555,0.1,0.0085066,9.8158E-09,-0.0085056,3.203E-07,-3.2046E-07
0.56,0.1,0.0087952,1.0247399999999999E-08,-0.008795,3.2022E-07,-3.2032E-07
0.56500000000000006,0.1,0.0090862000000000009,1.06893E-08,-0.0090868,3.2022E-07,-3.2038E-07
0.57000000000000006,0.1,0.0093726,1.11523E-08,-0.0093716,3.2033999999999997E-07,-3.2046E-07
0.57500000000000007,0.1,0.0096574,1.1663799999999999E-08,-0.0096582,3.203E-07,-3.2038E-07
0.58000000000000007,0.1,0.0099398,1.2163599999999999E-08,-0.0099388,3.2033999999999997E-07,-3.2036E-07
0.58500000000000008,0.1,0.0102192,1.2687199999999999E-08,-0.0102176,3.2038E-07,-3.2047999999999997E-07
0.59000000000000008,0.1,0.010492,1.3225999999999999E-08,-0.0104936,3.2033999999999997E-07,-3.204E-07
0.595,0.1,0.0107636,1.3795999999999998E-08,-0.0107624,3.203E-07,-3.2042E-07
0.6,0.1,0.0110284,1.4376599999999999E-08,-0.0110282,3.2033999999999997E-07,-3.2046E-07
0.605,0.1,0.0112916,1.4985599999999998E-08,-0.0112914,3.2033999999999997E-07,-3.2046E-07
0.61,0.1,0.011582,1.56278E-08,-0.011556,3.2032E-07,-3.2044E-07
0.615,0.1,0.011836000000000001,1.6297999999999998E-08,-0.011808,3.203E-07,-3.2044E-07
0.62,0.1,0.012086000000000001,1.69834E-08,-0.012060000000000001,3.2033999999999997E-07,-3.2042E-07
0.625,0.1,0.012334000000000001,1.76968E-08,-0.012304,3.2028E-07,-3.2042E-07
0.63,0.1,0.012568000000000001,1.8467199999999997E-08,-0.012546000000000002,3.2036E-07,-3.2042E-07
0.635,0.1,0.012806000000000001,1.9252399999999998E-08,-0.012780000000000001,3.2033999999999997E-07,-3.2046E-07
0.64,0.1,0.013034,2.00182E-08,-0.01301,3.2038E-07,-3.2046E-07
0.645,0.1,0.013264000000000002,2.08658E-08,-0.013240000000000002,3.2042E-07,-3.2042E-07
0.65,0.1,0.013484000000000001,2.17304E-08,-0.013458000000000001,3.2033999999999997E-07,-3.2046E-07
0.655,0.1,0.013708000000000001,2.2670999999999998E-08,-0.013680000000000001,3.204E-07,-3.2044E-07
0.66,0.1,0.013916000000000001,2.3602599999999998E-08,-0.013894000000000002,3.204E-07,-3.2054E-07
0.665,0.1,0.014126000000000001,2.4585599999999997E-08,-0.014102000000000002,3.2036E-07,-3.2052E-07
0.67,0.1,0.014324000000000002,2.56078E-08,-0.014300000000000002,3.2044E-07,-3.2046E-07
0.675,0.1,0.014530000000000001,2.66958E-08,-0.014506000000000002,3.2033999999999997E-07,-3.205E-07
0.68,0.1,0.014726000000000001,2.78084E-08,-0.014698000000000001,3.204E-07,-3.2046E-07
0.685,0.1,0.014916,2.8983E-08,-0.01489,3.2038E-07,-3.2047999999999997E-07
0.69000000000000006,0.1,0.015102,3.01764E-08,-0.015078000000000001,3.204E-07,-3.2044E-07
0.69500000000000006,0.1,0.015284,3.14414E-08,-0.015262000000000001,3.2033999999999997E-07,-3.204E-07
0.70000000000000007,0.1,0.015462000000000002,3.2779799999999996E-08,-0.015438000000000002,3.2042E-07,-3.2056E-07
0.70500000000000007,0.1,0.015636,3.4146999999999995E-08,-0.015608000000000002,3.2047999999999997E-07,-3.2056E-07
0.71000000000000008,0.1,0.015808000000000003,3.55712E-08,-0.015786,3.2046E-07,-3.2052E-07
0.71500000000000008,0.1,0.015974000000000002,3.7081399999999995E-08,-0.015946000000000002,3.2046E-07,-3.2054E-07
0.72000000000000008,0.1,0.016136,3.8652399999999996E-08,-0.016112,3.2046E-07,-3.2044E-07
0.72500000000000009,0.1,0.016294000000000003,4.0284399999999994E-08,-0.016268,3.2044E-07,-3.205E-07
0.73,0.1,0.016452,4.19914E-08,-0.01643,3.2042E-07,-3.205E-07
0.735,0.1,0.016602000000000002,4.3760599999999995E-08,-0.016574000000000002,3.2042E-07,-3.2054E-07
0.74,0.1,0.016744000000000002,4.5635399999999993E-08,-0.016726,3.2044E-07,-3.205E-07
0.745,0.1,0.016896,4.7550999999999993E-08,-0.016868,3.2042E-07,-3.2052E-07
0.75,0.1,0.017036000000000003,4.9609E-08,-0.01701,3.204E-07,-3.2056E-07
0.755,0.1,0.017176,5.1704999999999992E-08,-0.017146,3.204E-07,-3.2058E-07
0.76,0.1,0.017308,5.3952999999999993E-08,-0.017284,3.2042E-07,-3.205E-07
0.765,0.1,0.01744,5.6273199999999995E-08,-0.017414000000000002,3.2046E-07,-3.2052E-07
0.77,0.1,0.017570000000000002,5.8726799999999996E-08,-0.017544,3.2046E-07,-3.2046E-07
0.775,0.1,0.017696,6.1242999999999988E-08,-0.017666,3.2044E-07,-3.205E-07
0.78,0.1,0.017818,6.3911E-08,-0.017792000000000002,3.2044E-07,-3.2052E-07
0.785,0.1,0.017938000000000003,6.66844E-08,-0.017912,3.204E-07,-3.2052E-07
0.79,0.1,0.018056000000000003,6.961839999999999E-08,-0.018028000000000002,3.2042E-07,-3.2052E-07
0.795,0.1,0.018166,7.26464E-08,-0.018146000000000002,3.2047999999999997E-07,-3.2058E-07
0.8,0.1,0.018278000000000003,7.58706E-08,-0.018254000000000003,3.2047999999999997E-07,-3.2052E-07
0.805,0.1,0.018392000000000002,7.91868E-08,-0.018366,3.2044E-07,-3.2052E-07
0.81,0.1,0.018498,8.2700399999999988E-08,-0.018468000000000002,3.205E-07,-3.2056E-07
0.81500000000000006,0.1,0.018596,8.6413199999999992E-08,-0.018574,3.2046E-07,-3.2054E-07
0.82000000000000006,0.1,0.0187,9.0234599999999992E-08,-0.018674000000000003,3.2046E-07,-3.2052E-07
0.82500000000000007,0.1,0.018802000000000003,9.43182E-08,-0.018778000000000003,3.205E-07,-3.206E-07
0.83000000000000007,0.1,0.018898,9.8523799999999992E-08,-0.018876,3.2046E-07,-3.2056E-07
0.83500000000000008,0.1,0.018998,1.029924E-07,-0.018966,3.2047999999999997E-07,-3.2052E-07
0.84000000000000008,0.1,0.019084,1.0761859999999998E-07,-0.019062000000000003,3.2042E-07,-3.2052E-07
0.84500000000000008,0.1,0.019180000000000003,1.1254579999999998E-07,-0.019152000000000002,3.2044E-07,-3.2056E-07
0.85000000000000009,0.1,0.019272,1.1772E-07,-0.019244,3.2044E-07,-3.2058E-07
0.85500000000000009,0.1,0.019354000000000003,1.2312E-07,-0.01933,3.205E-07,-3.206E-07
0.86,0.1,0.019438,1.2878E-07,-0.019414,3.2054E-07,-3.2061999999999997E-07
0.865,0.1,0.019526,1.3478E-07,-0.0195,3.2044E-07,-3.2052E-07
0.87,0.1,0.019600000000000003,1.4106E-07,-0.019574,3.2046E-07,-3.2056E-07
0.875,0.1,0.019686000000000002,1.476E-07,-0.019658000000000002,3.2056E-07,-3.2064E-07
0.88,0.1,0.019762000000000002,1.5452E-07,-0.019734,3.2052E-07,-3.2064E-07
0.885,0.1,0.019834,1.6188E-07,-0.019808000000000003,3.2047999999999997E-07,-3.2061999999999997E-07
0.89,0.1,0.019908000000000002,1.6936E-07,-0.019882,3.2052E-07,-3.2066E-07
0.895,0.1,0.019986,1.775E-07,-0.019960000000000002,3.2056E-07,-3.207E-07
0.9,0.1,0.020052,1.858E-07,-0.020030000000000003,3.2056E-07,-3.2072E-07
